[    0.0875] Program Path: /home/spider/tyrax2-debugger-linux-v1/squashfs-root/usr/bin/pcsx2-qt
[    0.0876] AppRoot Directory: /home/spider/tyrax2-debugger-linux-v1/squashfs-root/usr/bin
[    0.0876] Resources Directory: /home/spider/tyrax2-debugger-linux-v1/squashfs-root/usr/bin/resources
[    0.0876] DataRoot Directory: /home/spider/night-ablation-emulator-main11-batch-order0-retry1-20261006/profile/PCSX2
[    0.0876] Loading config from /home/spider/night-ablation-emulator-main11-batch-order0-retry1-20261006/profile/PCSX2/inis/PCSX2.ini.
[    0.0878] Loading secrets from /home/spider/night-ablation-emulator-main11-batch-order0-retry1-20261006/profile/PCSX2/inis/secrets.ini.
[    0.0882] BIOS Directory: /mnt/c/Users/pawel/OneDrive/Documents/PCSX2/bios
[    0.0882] Snapshots Directory: /home/spider/night-ablation-emulator-main11-batch-order0-retry1-20261006/profile/PCSX2/snaps
[    0.0882] Savestates Directory: /home/spider/night-ablation-emulator-main11-batch-order0-retry1-20261006/profile/PCSX2/sstates
[    0.0882] MemoryCards Directory: /home/spider/night-ablation-emulator-main11-batch-order0-retry1-20261006/profile/PCSX2/memcards
[    0.0882] Logs Directory: /home/spider/night-ablation-emulator-main11-batch-order0-retry1-20261006/profile/PCSX2/logs
[    0.0882] Cheats Directory: /home/spider/night-ablation-emulator-main11-batch-order0-retry1-20261006/profile/PCSX2/cheats
[    0.0882] Patches Directory: /home/spider/night-ablation-emulator-main11-batch-order0-retry1-20261006/profile/PCSX2/patches
[    0.0883] Covers Directory: /home/spider/night-ablation-emulator-main11-batch-order0-retry1-20261006/profile/PCSX2/covers
[    0.0883] Game Settings Directory: /home/spider/night-ablation-emulator-main11-batch-order0-retry1-20261006/profile/PCSX2/gamesettings
[    0.0883] Resources Directory: /home/spider/tyrax2-debugger-linux-v1/squashfs-root/usr/bin/resources
[    0.0883] User Resources Directory: /home/spider/night-ablation-emulator-main11-batch-order0-retry1-20261006/profile/PCSX2/resources
[    0.0883] Cache Directory: /home/spider/night-ablation-emulator-main11-batch-order0-retry1-20261006/profile/PCSX2/cache
[    0.0883] Textures Directory: /home/spider/night-ablation-emulator-main11-batch-order0-retry1-20261006/profile/PCSX2/textures
[    0.0883] Input Profile Directory: /home/spider/night-ablation-emulator-main11-batch-order0-retry1-20261006/profile/PCSX2/inputprofiles
[    0.0883] Video Dumping Directory: /home/spider/night-ablation-emulator-main11-batch-order0-retry1-20261006/profile/PCSX2/videos
[    0.0883] Debugger Layouts Directory: /home/spider/night-ablation-emulator-main11-batch-order0-retry1-20261006/profile/PCSX2/inis/debuggerlayouts
[    0.0883] Debugger Settings Directory: /home/spider/night-ablation-emulator-main11-batch-order0-retry1-20261006/profile/PCSX2/inis/debuggersettings
[    0.1049] Loaded translation file for language en-US
[    0.1477] PCSX2 v2.9.93
[    0.1477] Savestate version: 0x9a590000
[    0.1477] 
[    0.1477] 
[    0.1477] Host Machine Init:
[    0.1482]   Operating System = Ubuntu 22.04
[    0.1482]   Available RAM    = 49155 MB (48.00 GB)
[    0.1482]   Physical RAM     = 50191 MB (49.02 GB)
[    0.1482] 
[    0.1482]   Processor        = AMD Ryzen Threadripper 1920X
[    0.1482]   Core Count       = 24 cores
[    0.1482]   Thread Count     = 24 threads
[    0.1482]   Cluster Count    = 1 clusters
[    0.1483] CPU Extensions Detected:
[    0.1483]   AVX AVX2
[    0.1483] 
[    0.1483] Allocating host memory for virtual systems...
[    0.1486]   EE Main Memory                   @ 0x00007FF85F200000 -> 0x00007FF868100000 [143mb]
[    0.1486]   IOP Main Memory                  @ 0x00007FF868100000 -> 0x00007FF870200000 [129mb]
[    0.1486]   VU0/1 On-Chip Memory             @ 0x00007FF870200000 -> 0x00007FF870300000 [1mb]
[    0.1487]   VTLB Virtual Map                 @ 0x00007FF870300000 -> 0x00007FF870B00000 [8mb]
[    0.1487]   VTLB Address Map                 @ 0x00007FF870B00000 -> 0x00007FF870F00000 [4mb]
[    0.1487]   R5900 Recompiler Cache           @ 0x00007FF870F00000 -> 0x00007FF874F00000 [64mb]
[    0.1487]   R3000A Recompiler Cache          @ 0x00007FF874F00000 -> 0x00007FF876F00000 [32mb]
[    0.1487]   Micro VU0 Recompiler Cache       @ 0x00007FF877F00000 -> 0x00007FF87BF00000 [64mb]
[    0.1487]   Micro VU1 Recompiler Cache       @ 0x00007FF87BF00000 -> 0x00007FF87FF00000 [64mb]
[    0.1487]   VIF0 Unpack Recompiler Cache     @ 0x00007FF876F00000 -> 0x00007FF877700000 [8mb]
[    0.1487]   VIF1 Unpack Recompiler Cache     @ 0x00007FF877700000 -> 0x00007FF877F00000 [8mb]
[    0.1487]   VIF Unpack Recompiler Cache      @ 0x00007FF87FF00000 -> 0x00007FF880000000 [1mb]
[    0.1487]   GS Software Renderer             @ 0x00007FF880000000 -> 0x00007FF884000000 [64mb]
[    0.1501] Fastmem area: 0x7ff75f200000 - 0x7ff85f1fffff
[    0.1506] Generating SSE-optimized unpacking functions for VIF interpreters...
[    0.1510] Unpack function generation complete.  Generated function statistics:
[    0.1510]   Reserved buffer    : 1048576 bytes @ 0x00007FF87FF00000
[    0.1510]   x86 code generated : 7422 bytes
[    0.1510] 
[    0.1514] SDLInputSource: Using Controller DB from resources.
[    0.1860] SDLInputSource: 765 gamepad mappings are loaded.
[    0.1861] Invalid binding: 'XInput-0/DPadUp'
[    0.1861] Invalid binding: 'XInput-0/DPadRight'
[    0.1861] Invalid binding: 'XInput-0/DPadDown'
[    0.1861] Invalid binding: 'XInput-0/DPadLeft'
[    0.1862] Invalid binding: 'XInput-0/Y'
[    0.1862] Invalid binding: 'XInput-0/B'
[    0.1862] Invalid binding: 'XInput-0/A'
[    0.1862] Invalid binding: 'XInput-0/X'
[    0.1862] Invalid binding: 'XInput-0/Back'
[    0.1862] Invalid binding: 'XInput-0/Start'
[    0.1862] Invalid binding: 'XInput-0/LeftShoulder'
[    0.1863] Invalid binding: 'XInput-0/+LeftTrigger'
[    0.1863] Invalid binding: 'XInput-0/RightShoulder'
[    0.1863] Invalid binding: 'XInput-0/+RightTrigger'
[    0.1863] Invalid binding: 'XInput-0/LeftStick'
[    0.1863] Invalid binding: 'XInput-0/RightStick'
[    0.1863] Invalid binding: 'XInput-0/Guide'
[    0.1863] Invalid binding: 'XInput-0/-LeftY'
[    0.1863] Invalid binding: 'XInput-0/+LeftX'
[    0.1863] Invalid binding: 'XInput-0/+LeftY'
[    0.1863] Invalid binding: 'XInput-0/-LeftX'
[    0.1863] Invalid binding: 'XInput-0/-RightY'
[    0.1863] Invalid binding: 'XInput-0/+RightX'
[    0.1863] Invalid binding: 'XInput-0/+RightY'
[    0.1863] Invalid binding: 'XInput-0/-RightX'
[    0.1869] Settings: Advanced Settings are enabled; only proceed if you know what you're doing! No support will be provided if you have the option enabled.
[    0.3124] Scanning F:\PS2\Games (recursively)
[    0.3152] Loading BIOS...
[    0.3248] BIOS Found: Europe  v02.00(14/06/2004)  Console 20040614-100914
[    0.3789] Mechacon version: 0x00020603
[    0.3801] Opening CDVD...
[    0.4090] Initializing Elf: 4508476 bytes
[    0.4097] Disc changed to .
[    0.4097]   Name: vehicle-playground [?]
[    0.4097]   Serial: vehicle-playground
[    0.4097]   Version: 
[    0.4097]   CRC: D3B7C6C5
[    0.4097] No game settings found (tried '/home/spider/night-ablation-emulator-main11-batch-order0-retry1-20261006/profile/PCSX2/gamesettings/D3B7C6C5.ini')
[    0.4097] Applying settings...
[    0.4100] Invalid binding: 'XInput-0/DPadUp'
[    0.4100] Invalid binding: 'XInput-0/DPadRight'
[    0.4100] Invalid binding: 'XInput-0/DPadDown'
[    0.4100] Invalid binding: 'XInput-0/DPadLeft'
[    0.4100] Invalid binding: 'XInput-0/Y'
[    0.4100] Invalid binding: 'XInput-0/B'
[    0.4100] Invalid binding: 'XInput-0/A'
[    0.4101] Invalid binding: 'XInput-0/X'
[    0.4101] Invalid binding: 'XInput-0/Back'
[    0.4101] Invalid binding: 'XInput-0/Start'
[    0.4101] Invalid binding: 'XInput-0/LeftShoulder'
[    0.4101] Invalid binding: 'XInput-0/+LeftTrigger'
[    0.4101] Invalid binding: 'XInput-0/RightShoulder'
[    0.4101] Invalid binding: 'XInput-0/+RightTrigger'
[    0.4101] Invalid binding: 'XInput-0/LeftStick'
[    0.4101] Invalid binding: 'XInput-0/RightStick'
[    0.4101] Invalid binding: 'XInput-0/Guide'
[    0.4101] Invalid binding: 'XInput-0/-LeftY'
[    0.4101] Invalid binding: 'XInput-0/+LeftX'
[    0.4101] Invalid binding: 'XInput-0/+LeftY'
[    0.4101] Invalid binding: 'XInput-0/-LeftX'
[    0.4101] Invalid binding: 'XInput-0/-RightY'
[    0.4101] Invalid binding: 'XInput-0/+RightX'
[    0.4101] Invalid binding: 'XInput-0/+RightY'
[    0.4101] Invalid binding: 'XInput-0/-RightX'
[    0.4103] GameDB: Has not been initialized yet, initializing...
[    0.4623] GameDB: 12841 games on record (loaded in 52.03ms)
[    0.4669] Reopening memory cards...
[    0.4670] (FileMcd) Creating new 8MB memory card: /home/spider/night-ablation-emulator-main11-batch-order0-retry1-20261006/profile/PCSX2/memcards/Mcd001.ps2
[    0.4760] McdSlot 0 [File]: Mcd001.ps2 [8 MB, UNFORMATTED]
[    0.4760] McdSlot 1 [File]: [disabled/empty filename]
[    0.4801] HLE Host: Set 'host:' root path to: /mnt/f/Projects/tyrax2-lab-20261001/night-main11-batch-physical-v1/game/bin
[    0.4801] EE/iR5900 Recompiler Reset
[    0.5245] iR3000A Recompiler reset.
[    0.5361] mVU Reset
[    0.5370] mVU Reset
[    0.5412] Resetting host memory for virtual systems...
[    0.7731] Time Zone Offset: GMT+01:00
[    0.7732] Time Zone Location: Berlin
[    0.7732] DST: Winter Time
[    0.7732] Time Format: 24-Hour
[    0.7732] Date Format: DD/MM/YYYY
[    0.7732] System Time Basis: Operating System Time
[    0.7732] Resulting System Time: 2026-10-06 07:47:24
[    0.7732] Close virtual disk tray
[    0.7732] Media already loaded (fast boot)
[    0.7732] Opening GS...
[    0.9166] VK: Enabling extension: VK_KHR_get_surface_capabilities2
[    0.9483] Using Vulkan GPU 'llvmpipe (LLVM 15.0.7, 256 bits)' for automatic renderer check.
[    0.9484] Not using Vulkan for software renderer.
[    0.9485] acquireRenderWindow() recreate=true fullscreen=false render_to_main=false surfaceless=false
[    0.9553] (GetRefreshRateFromXRandR) Modeline is invalid: 0/0/0
[    0.9553] Surface refresh rate: 60 Hz
[    0.9555] Loading EGL from libEGL.so...
[    0.9648] GLAD EGL Version: 1.0
[    0.9649] Using EGL platform EGL_EXT_platform_x11.
[    0.9865] eglInitialize() version: 1.5
[    0.9866] GLAD EGL Version: 1.5
[    0.9866] Trying GL version 4.6
[    0.9866] eglCreateContext() failed: 0x3009
[    0.9866] Trying GL version 4.5
[    1.0356] Got GL version 4.5
[    1.0356] EGL_MIN_SWAP_INTERVAL = 1
[    1.0356] EGL_MAX_SWAP_INTERVAL = 1
[    1.0356] Negative swap interval/tear-control is NOT supported
[    1.0384] GL_VENDOR: Mesa
[    1.0384] GL_VERSION: 4.5 (Core Profile) Mesa 23.2.1-1ubuntu3.1~22.04.4
[    1.0384] GL_RENDERER: llvmpipe (LLVM 15.0.7, 256 bits)
[    1.0384] GL_SHADING_LANGUAGE_VERSION: 4.50
[    1.0384] GL_MAX_VERTEX_SHADER_STORAGE_BLOCKS: 16
[    1.0385] GL: Viewport Array:            Supported       => Using: GL_ARB_viewport_array
[    1.0385] GL: Direct State Access:       Supported       => Using: OpenGL 4.5 Core
[    1.0385] GL: Copy Image:                Supported       => Using: OpenGL 4.3 Core
[    1.0385] GL: Clip Control:              Supported       => Using: OpenGL 4.5 Core
[    1.0385] GL: Conservative Depth:        Supported       => Using: OpenGL 4.2 Core
[    1.0385] GL: CAS Sharpening:            Supported       => Using: OpenGL 4.2 Core
[    1.0385] GL: Texture Barriers:          Auto            => Using: Framebuffer Fetch
[    1.0385] GL: RGBA16 HW Blending:        Supported       => Using: RGBA16 UNORM
[    1.0385] GL: Point Expansion:           Supported       => Using: Hardware
[    1.0385] GL: Line Expansion:            Fallback        => Using: Vertex Expansion
[    1.0385] GL: Sprite Expansion:          Supported       => Using: Vertex Expansion
[    1.0385] GL: DXTn Texture Compression:  Supported       => Using: GL_EXT_texture_compression_s3tc
[    1.0385] GL: BC6/7 Texture Compression: Supported       => Using: OpenGL 4.2 Core
[    1.0435] 1 program binary formats supported by driver
[    1.0989] Program binary retrieved, 4105 bytes, format 34655
[    1.1000] Program binary retrieved, 4121 bytes, format 34655
[    1.1011] Program binary retrieved, 4249 bytes, format 34655
[    1.1023] Program binary retrieved, 4013 bytes, format 34655
[    1.1036] Program binary retrieved, 4013 bytes, format 34655
[    1.1049] Program binary retrieved, 4017 bytes, format 34655
[    1.1057] Program binary retrieved, 4017 bytes, format 34655
[    1.1069] Program binary retrieved, 4185 bytes, format 34655
[    1.1080] Program binary retrieved, 4217 bytes, format 34655
[    1.1092] Program binary retrieved, 4137 bytes, format 34655
[    1.1098] Program binary retrieved, 4125 bytes, format 34655
[    1.1109] Program binary retrieved, 4121 bytes, format 34655
[    1.1119] Program binary retrieved, 4253 bytes, format 34655
[    1.1128] Program binary retrieved, 4237 bytes, format 34655
[    1.1134] Program binary retrieved, 4245 bytes, format 34655
[    1.1140] Program binary retrieved, 4261 bytes, format 34655
[    1.1147] Program binary retrieved, 4965 bytes, format 34655
[    1.1155] Program binary retrieved, 4981 bytes, format 34655
[    1.1163] Program binary retrieved, 4261 bytes, format 34655
[    1.1171] Program binary retrieved, 4277 bytes, format 34655
[    1.1184] Program binary retrieved, 5005 bytes, format 34655
[    1.1193] Program binary retrieved, 5021 bytes, format 34655
[    1.1201] Program binary retrieved, 4257 bytes, format 34655
[    1.1208] Program binary retrieved, 4273 bytes, format 34655
[    1.1218] Program binary retrieved, 5001 bytes, format 34655
[    1.1226] Program binary retrieved, 5017 bytes, format 34655
[    1.1233] Program binary retrieved, 4277 bytes, format 34655
[    1.1240] Program binary retrieved, 4293 bytes, format 34655
[    1.1248] Program binary retrieved, 5057 bytes, format 34655
[    1.1255] Program binary retrieved, 5073 bytes, format 34655
[    1.1262] Program binary retrieved, 4153 bytes, format 34655
[    1.1268] Program binary retrieved, 4169 bytes, format 34655
[    1.1275] Program binary retrieved, 4233 bytes, format 34655
[    1.1284] Program binary retrieved, 5781 bytes, format 34655
[    1.1291] Program binary retrieved, 5373 bytes, format 34655
[    1.1301] Program binary retrieved, 6389 bytes, format 34655
[    1.1308] Program binary retrieved, 4917 bytes, format 34655
[    1.1318] Program binary retrieved, 4845 bytes, format 34655
[    1.1327] Program binary retrieved, 4997 bytes, format 34655
[    1.1334] Program binary retrieved, 4101 bytes, format 34655
[    1.1390] Program binary retrieved, 4137 bytes, format 34655
[    1.1446] Program binary retrieved, 4109 bytes, format 34655
[    1.1454] Program binary retrieved, 5389 bytes, format 34655
[    1.1461] Program binary retrieved, 5829 bytes, format 34655
[    1.1467] Program binary retrieved, 5857 bytes, format 34655
[    1.1474] Program binary retrieved, 4289 bytes, format 34655
[    1.1509] Program binary retrieved, 21205 bytes, format 34655
[    1.1518] Program binary retrieved, 4765 bytes, format 34655
[    1.1526] Program binary retrieved, 5685 bytes, format 34655
[    1.1535] Program binary retrieved, 4141 bytes, format 34655
[    1.1541] Program binary retrieved, 4537 bytes, format 34655
[    1.1553] Program binary retrieved, 4889 bytes, format 34655
[    1.1558] Program binary retrieved, 4117 bytes, format 34655
[    1.1564] Program binary retrieved, 4741 bytes, format 34655
[    1.1570] Program binary retrieved, 4965 bytes, format 34655
[    1.1579] Program binary retrieved, 6613 bytes, format 34655
[    1.1588] Program binary retrieved, 4797 bytes, format 34655
[    1.1614] Program binary retrieved, 13085 bytes, format 34655
[    1.1717] Program binary retrieved, 7285 bytes, format 34655
[    1.1787] Program binary retrieved, 5497 bytes, format 34655
[    1.1793] Program binary retrieved, 4141 bytes, format 34655
[    1.1800] Program binary retrieved, 4141 bytes, format 34655
[    1.1807] Program binary retrieved, 4145 bytes, format 34655
[    1.1818] Program binary retrieved, 4145 bytes, format 34655
[    1.2248] Program binary retrieved, 5369 bytes, format 34655
[    1.2364] OpenGL Graphics Driver Info:
[    1.2364] OpenGL Context:
[    1.2364] 4.5 (Core Profile) Mesa 23.2.1-1ubuntu3.1~22.04.4
[    1.2364] Mesa llvmpipe (LLVM 15.0.7, 256 bits)
[    1.2364] GLSL: 4.50
[    1.2396] Processor count: 24 cores, 24 processors, 1 clusters
[    1.2397] Ordered processor list: 12, 23, 22, 21, 20, 19, 18, 17, 16, 15, 14, 13, 0, 11, 10, 9, 8, 7, 6, 5, 4, 3, 2, 1
[    1.2397] Not pinning SW threads, we need 4 processors, but only have 0
[    1.2409] Opening SPU2...
[    1.2411] Creating Null audio stream, sample rate = 48000, expansion = Disabled, buffer = 50, latency = 32, stretching enabled, driver = wasapi, device = 
[    1.2411] Allocated buffer of 2432 frames for buffer of 50 ms [expansion Disabled (block size 2048), stretch disabled, target size 2432].
[    1.2411] Initializing Pad...
[    1.2411] Initializing SIO2...
[    1.2411] Initializing SIO0...
[    1.2412] Opening DEV9...
[    1.2412] DEV9: DEV9init
[    1.2419] DEV9: DEV9init2
[    1.2419] DEV9: DEV9init3
[    1.2455] DEV9: DEV9init ok
[    1.2456] DEV9: DEV9open
[    1.2456] Opening USB...
[    1.2456] Opening FW...
[    1.2459] Frame rate: 59.94, target speed: 1, target frame rate: 59.94, ticks per frame: 16683350
[    1.2491] VM subsystems initialized in 934.24 ms
[    1.2500] MultiPause time: 156ns
[    1.2518] MultiPause time: 142ns
[    1.2518] MultiPause time: 197ns
[    1.2519] MultiPause time: 142ns
[    1.2595] Failed to inhibit screen saver.
[    1.2595] Processor order assignment: EE=12, VU=23, GS=22
[    1.2595]   EE thread is on processor 12 (0x1000)
[    1.2596]   VU thread is on processor 23 (0x800000)
[    1.2596]   GS thread is on processor 22 (0x400000)
[    1.2684] Failed to inhibit screen saver.
[    1.4226] # Initialize memory (rev:3.70, ctm:197Mhz, cpuclk:147Mhz detected)
[    1.4306] R3000 Debugger: Branch to 0x890 (SYSMEM). Clearing modules.
[    1.4321] RegisterLibraryEntries: excepman version 1.01
[    1.4330] RegisterLibraryEntries:  intrman version 1.02
[    1.4331] RegisterLibraryEntries:   ssbusc version 1.01
[    1.4335] RegisterLibraryEntries:  dmacman version 1.02
[    1.4339] RegisterLibraryEntries:  timrman version 1.01
[    1.4342] RegisterLibraryEntries:  sysclib version 1.01
[    1.4342] RegisterLibraryEntries:    stdio version 1.01
[    1.4344] RegisterLibraryEntries:  heaplib version 1.01
[    1.4348] FW: read mem 0x1f80847c: 0x10000001
[    1.4348] FW: write mem 0x1f808414: 0x417f0000
[    1.4348] FW: read mem 0x1f808400: 0xffc00001
[    1.4348] FW: write mem 0x1f80844c: 0xffffffff
[    1.4348] FW: write mem 0x1f808420: 0xffffffff
[    1.4348] FW: write mem 0x1f808428: 0xffffffff
[    1.4348] FW: write mem 0x1f808430: 0xffffffff
[    1.4358] RegisterLibraryEntries:   thbase version 1.01
[    1.4358] RegisterLibraryEntries:  thevent version 1.01
[    1.4359] RegisterLibraryEntries:  thsemap version 1.01
[    1.4359] RegisterLibraryEntries:  thmsgbx version 1.01
[    1.4359] RegisterLibraryEntries:  thfpool version 1.01
[    1.4360] RegisterLibraryEntries:  thvpool version 1.01
[    1.4367] RegisterLibraryEntries:   vblank version 1.01
[    1.4371] RegisterLibraryEntries:    ioman version 1.02
[    1.4378] RegisterLibraryEntries:  modload version 1.01
[    1.4381] RegisterLibraryEntries:   romdrv version 2.01
[    1.4383] RegisterLibraryEntries:    stdio version 1.02
[    1.4387] RegisterLibraryEntries:   sifman version 1.01
[    1.4389] 
[    1.4390] PlayStation 2 ======== Hard reset boot
[    1.4391]  ROMGEN=2004-0614, IOP info (CPUID=1f, CACH_CONFIG=0, 2MB, IOP mode)
[    1.4393]  <20040614-100914,ROMconf,PS20200EC20040614.bin:11696>
[    1.4479] # Total accessable memory size: 32 MB (B:2:8:0) (370:2:7c30)
[    1.4489] # TLB spad=0 kernel=1:12 default=13:30 extended=31:38
[    1.5075] # Initialize Start.
[    1.5080] # Initialize GS ...
[    1.5080] # Initialize INTC ...
[    1.5080] # Initialize TIMER ...
[    1.5081] # Initialize DMAC ...
[    1.5082] # Initialize VU1 ...
[    1.5085] # Initialize VIF1 ...
[    1.5085] # Initialize GIF ...
[    1.5086] # Initialize VU0 ...
[    1.5087] # Initialize VIF0 ...
[    1.5088] # Initialize IPU ...
[    1.5089] # Initialize FPU ...
[    1.5089] # Initialize User Memory ...
[    1.5675] # Initialize Scratch Pad ...
[    1.5676] # Initialize Done.
[    1.5687] 
[    1.5687] EE DECI2 Manager version 0.06 Feb  6 2003 08:38:48
[    1.5687]   CPUID=2e20, BoardID=0, ROMGEN=2004-0614, 32M
[    1.5687] 
[    1.5689] RegisterLibraryEntries:   sifcmd version 1.01
[    1.6003] Initializing Elf: 4508476 bytes
[    1.6026] ELF Loading: host:vehicle-playground.elf, Game CRC = D3B7C6C5, EntryPoint = 0x00100E78
[    1.6053] RegisterLibraryEntries:  cdvdman version 1.01
[    1.6114] RegisterLibraryEntries:  cdvdfsv version 1.01
[    1.6128] RegisterLibraryEntries:  secrman version 1.03
[    1.6130] RegisterLibraryEntries:   eesync version 1.01
[    1.6131] 
[    1.6131] IOP Realtime Kernel Ver.0.9.1
[    1.6131]     Copyright 1999 (C) Sony Computer Entertainment Inc. 
[    1.6137] Reboot service module.(99/11/10)
[    1.6159] cdvd driver module version 0.1.1 (C)SCEI
[    1.6164] Load File service.(99/11/05)
[    1.6164] Multi Threaded Fileio module.(99/11/15) 
[    1.6165] iop heap service (99/11/03)
[    1.6300] loadelf: fname host:vehicle-playground.elf secname all
[    1.6300] loadelf version 3.30
[    1.6323] Input ELF format filename = host:vehicle-playground.elf
[    1.6773] 1 00100000 004009bc .................................................................
[    1.6774] Loaded, host:vehicle-playground.elf
[    1.6774] start address 0x100e78
[    1.6774] gp address 00000000
[    1.6782] # Restart Without Memory Clear.
[    1.6837] # Initialize GS ...
[    1.6838] # Initialize INTC ...
[    1.6838] # Initialize TIMER ...
[    1.6838] # Initialize DMAC ...
[    1.6838] # Initialize VU1 ...
[    1.6848] # Initialize VIF1 ...
[    1.6848] # Initialize GIF ...
[    1.6848] # Initialize VU0 ...
[    1.6848] # Initialize VIF0 ...
[    1.6848] # Initialize IPU ...
[    1.6848] # Initialize FPU ...
[    1.6849] # Initialize Scratch Pad ...
[    1.6849] # Restart Without Memory Clear Done.
[    1.6850] ELF host:vehicle-playground.elf with entry point at 0x00100E78 is executing.
[    1.6850] ELF changed, active CRC D3B7C6C5 (host:vehicle-playground.elf)
[    1.6852] Applying core settings...
[    1.6856] Updating CPU configuration...
[    1.6857] iR3000A Recompiler reset.
[    1.6889] mVU Reset
[    1.6893] mVU Reset
[    1.7062] iR3000A Recompiler reset.
[    1.7093] mVU Reset
[    1.7094] mVU Reset
[    1.7126] EE/iR5900 Recompiler Reset
[    1.7270] BIOS: Successfully found the instruction pattern. Assuming the thread list is here: 8001a640
[    1.7292] Warning: GetOsdConfigParam2 Reading extended language/version configs, may be incorrect!
[    1.7389] read/write allocate memory 4000
[    1.7390] open name host:/ps2link.run flag 1 data 41378
[    1.7396] open fd = -5
[    1.7424] Get Reboot Request From EE
[    1.7437] R3000 Debugger: Branch to 0x890 (SYSMEM). Clearing modules.
[    1.7456] RegisterLibraryEntries: excepman version 1.01
[    1.7467] RegisterLibraryEntries:  intrman version 1.02
[    1.7468] RegisterLibraryEntries:   ssbusc version 1.01
[    1.7474] RegisterLibraryEntries:  dmacman version 1.02
[    1.7480] RegisterLibraryEntries:  timrman version 1.01
[    1.7485] RegisterLibraryEntries:  sysclib version 1.01
[    1.7485] RegisterLibraryEntries:    stdio version 1.01
[    1.7487] RegisterLibraryEntries:  heaplib version 1.01
[    1.7510] RegisterLibraryEntries:   thbase version 1.01
[    1.7511] RegisterLibraryEntries:  thevent version 1.01
[    1.7511] RegisterLibraryEntries:  thsemap version 1.01
[    1.7511] RegisterLibraryEntries:  thmsgbx version 1.01
[    1.7512] RegisterLibraryEntries:  thfpool version 1.01
[    1.7512] RegisterLibraryEntries:  thvpool version 1.01
[    1.7521] RegisterLibraryEntries:   vblank version 1.01
[    1.7526] RegisterLibraryEntries:    ioman version 1.02
[    1.7536] RegisterLibraryEntries:  modload version 1.01
[    1.7592] RegisterLibraryEntries:   romdrv version 2.01
[    1.7596] RegisterLibraryEntries:    stdio version 1.02
[    1.7600] RegisterLibraryEntries:   sifman version 1.01
[    1.7605] 
[    1.7605] PlayStation 2 ======== Soft reboot
[    1.7613] RegisterLibraryEntries:   sifcmd version 1.01
[    1.7653] RegisterLibraryEntries:  cdvdman version 1.01
[    1.7671] RegisterLibraryEntries:  cdvdfsv version 1.01
[    1.7736] RegisterLibraryEntries:  secrman version 1.03
[    1.7739] RegisterLibraryEntries:   eesync version 1.01
[    1.7740] 
[    1.7740] IOP Realtime Kernel Ver.0.9.1
[    1.7741]     Copyright 1999 (C) Sony Computer Entertainment Inc. 
[    1.7745] Reboot service module.(99/11/10)
[    1.7764] [EE] Skipping timeout loop at 0x002DD190 -> 0x002DD1B0
[    1.7764] cdvd driver module version 0.1.1 (C)SCEI
[    1.7768] Load File service.(99/11/05)
[    1.7769] Multi Threaded Fileio module.(99/11/15) 
[    1.7769] iop heap service (99/11/03)
[    1.7978] RegisterLibraryEntries:   iomanx version 1.01
[    1.7992] fileXio: fileXio: fileXio RPC Server v1.00
[    1.7992] Copyright (c) 2003 adresd
[    1.7995] RegisterLibraryEntries:  sio2man version 2.07
[    1.7996] RegisterLibraryEntries:  sio2man version 1.02
[    1.8003] RegisterLibraryEntries:   padman version 1.02
[    1.8004] Pad Driver for OSD
[    1.8008] FREESD v1.01
[    1.8009] RegisterLibraryEntries:    libsd version 1.04
[    1.8014] debug_level = 1 (ps2snd 0.1
[    1.8132] greetings from version 0.93 !
[    1.8133] RegisterLibraryEntries:   audsrv version 1.04
[    1.8133] audsrv_adpcm_init()
[    1.8148] UpdateVSyncRate: Mode Changed to SDTV 480p.
[    1.8148] Frame rate: 59.94, target speed: 1, target frame rate: 59.94, ticks per frame: 16683350
[    1.8148] Set GS CRTC configuration. SDTV   720x480 @ 59.94 Progressive (FRAME)
[    3.8858] read/write allocate memory 4000
[    3.8860] 
[    3.8863] -----------------------------------------
[    3.8863]         _____        ____   ___
[    3.8864]           |     /   ____| |___|
[    3.8864]           |     |   |     |   |
[    3.8865] -----------------------------------------
[    3.8865] Copyright 2022
[    3.8866] Repository: https://github.com/h4570/tyra
[    3.8866] Licensed under Apache License 2.0
[    3.8871] Version: 2.2.0
[    3.8871] -----------------------------------------
[    3.8872] 
[    4.0517] audsrv_adpcm_init()
[    4.0527] [EE] Skipping timeout loop at 0x00102CB0 -> 0x00102CD0
[    4.0859] Curent pad(0,0) status: EXECCMD
[    4.2842] Pad: DS2 Config Finished - P1/S1 - AL: Off - AB: Usable - VS: Disabled - VL: Disabled - RB: D (0x00000000)
[    4.3189] Curent pad(0,0) status: EXECCMD
[    4.3844] Pad: DS2 Config Finished - P1/S1 - AL: On - AB: Locked - VS: Disabled - VL: Disabled - RB: D (0x00000000)
[    4.5841] Pad: DS2 Config Finished - P1/S1 - AL: On - AB: Locked - VS: Disabled - VL: Disabled - RB: D (0x00000000)
[    4.6181] Curent pad(0,0) status: EXECCMD
[    4.8852] Pad: DS2 Config Finished - P1/S1 - AL: On - AB: Locked - VS: Disabled - VL: Disabled - RB: D+A+P (0x0003FFFF)
[    5.0847] Pad: DS2 Config Finished - P1/S1 - AL: On - AB: Locked - VS: Disabled - VL: Disabled - RB: D+A+P (0x0003FFFF)
[    5.1206] open name host:/night-ablation.cfg flag 1 data 41378
[    5.1223] open fd = 256
[    5.1255] open name host:/night-ablation.log flag 602 data 41378
[    5.1268] open fd = 256
[    5.1333] loadmodule: fname rom0:XMCMAN args 0 arg 
[    5.1429] RegisterLibraryEntries:    mcman version 2.03
[    5.1439] loadmodule: id 32, ret 0
[    5.1441] loadmodule: fname rom0:XMCSERV args 0 arg 
[    5.1444] RegisterLibraryEntries:   mcserv version 1.01
[    5.1445] loadmodule: id 33, ret 0
[    5.1446] [EE] Skipping timeout loop at 0x00104820 -> 0x00104840
[    5.5198] (FileMcd) Warning: checksum sector overwritten. (0)
[    5.5198] OSD [MemoryCardSave0]: Memory Card 'Mcd001.ps2' was saved to storage.
[    5.9879] (FileMcd) Warning: checksum sector overwritten. (0)
[    6.1028] open name host:/save/icon.sys flag 1 data 41378
[    6.1048] open fd = 257
[    6.1754] open name host:/save/list.icn flag 1 data 41378
[    6.1774] open fd = 257
[    6.3434] open name host:/menus/save.png flag 1 data 41378
[    6.3450] open fd = 257
[    6.3893] open name host:/hud/save-cursor.png flag 1 data 41378
[    6.3910] open fd = 257
[    6.3935] open name host:/hud/save-used.png flag 1 data 41378
[    6.3951] open fd = 257
[    6.3979] open name host:/hud/save-saved.png flag 1 data 41378
[    6.3994] open fd = 257
[    6.4089] open name host:/hud/save-loaded.png flag 1 data 41378
[    6.4108] open fd = 257
[    6.4140] open name host:/hud/save-error.png flag 1 data 41378
[    6.4156] open fd = 257
[    6.4180] open name host:/hud/save-busy.png flag 1 data 41378
[    6.4198] open fd = 257
[    6.4553] open name host:/hud/save-spinner.png flag 1 data 41378
[    6.4572] open fd = 257
[    6.4706] open name host:/menus/save.png flag 1 data 41378
[    6.4721] open fd = 257
[    6.5059] open name host:/menus/district-pause.png flag 1 data 41378
[    6.5077] open fd = 257
[    6.5383] open name host:/menus/district-pause-values.png flag 1 data 41378
[    6.5403] open fd = 257
[    6.5454] open name host:/hud/save-cursor.png flag 1 data 41378
[    6.5469] open fd = 257
[    6.5556] open name host:/hud/save-cursor.png flag 1 data 41378
[    6.5571] open fd = 257
[    6.5594] open name host:/hud/save-cursor.png flag 1 data 41378
[    6.5611] open fd = 257
[    6.5631] open name host:/hud/menu-dim.png flag 1 data 41378
[    6.5646] open fd = 257
[    6.5673] open name host:/hud/flare-corona.png flag 1 data 41378
[    6.5689] open fd = 257
[    6.5822] open name host:/hud/flashlight-gobo.png flag 1 data 41378
[    6.5838] open fd = 257
[    6.5958] open name host:/hud/flare-glow.png flag 1 data 41378
[    6.5974] open fd = 257
[    6.6077] open name host:/hud/sun-disc.png flag 1 data 41378
[    6.6093] open fd = 257
[    6.6131] open name host:/hud/moon-disc.png flag 1 data 41378
[    6.6149] open fd = 257
[    6.6434] open name host:/quiet-night.cfg flag 1 data 41378
[    6.6446] open fd = 257
[    6.6466] LOG: NIGHTPLAN schema=1 kind=29 order=0 joint=0 restored=0 phases=3
[    6.6468] LOG: NIGHTCONFIG order=0 valid=1 profile=0 hardwareTrace=0 ringBytes=0 ordinaryClocks=1 fixedDt=0 sampleBytes=6144 chunkBytes=420 phases=3 phaseFrames=1800 taxFirst=800 taxLoops=320 chunkFrames=64 sampleFirst=900 sampleCount=128 video=1 display=1 depth=2 width=448 height=448 refreshMilliHz=60000 requested=1 night=1
[    6.6469] LOG: NIGHTQUALITY rasterWidth=448 rasterHeight=448 scaleX=1 scaleY=1
[    6.6471] open name host:/hud/use-text.png flag 1 data 41378
[    6.6486] open fd = 257
[    6.6514] open name host:/hud/pick-text.png flag 1 data 41378
[    6.6529] open fd = 257
[    6.6555] open name host:/sfx/engine_idle.adpcm flag 1 data 41378
[    6.6569] open fd = 257
[    6.6729] open name host:/sfx/engine_high.adpcm flag 1 data 41378
[    6.6749] open fd = 257
[    6.6919] open name host:/sfx/tires_screech.adpcm flag 1 data 41378
[    6.6935] open fd = 257
[    6.6978] open name host:/sfx/gear-shift.adpcm flag 1 data 41378
[    6.6993] open fd = 257
[    6.7022] LOG: NIGHTPRODPHASE phase=0 enabled=0
[    6.7023] LOG: NIGHTCORONAPHASE phase=0 first=0 selected=0 enabled=0
[    6.7027] LOG: NIGHTPHASE phase=0 first=0 mask=0 appliedMask=0 sampler=1 countReads=262 samplePtr=00532558
[    6.7027] LOG: NIGHTEXTRAPHASE phase=0 first=0 extraMask=0 appliedExtraMask=0
[    6.7028] LOG: NIGHTWILDPHASE phase=0 first=0 variant=0 enabled=0 appliedVariant=0 appliedEnabled=0
[    6.7029] LOG: NIGHTTABLEPHASE phase=0 first=0 selected=1 enabled=1 appliedSelected=1 appliedEnabled=1
[    6.7038] open name host:/launch.scene flag 1 data 41378
[    6.7044] open fd = -5
[    6.7048] open name host:/hud/loading.png flag 1 data 41378
[    6.7065] open fd = 257
[    6.7190] FRAMEARENA allocated=1 bytes=1048576
[    6.7784] open name host:/vehicles/veh-ravager000001-shadow.png flag 1 data 41378
[    6.7800] open fd = 257
[    6.7809] open name host:/vehicles/veh-ravager000001-shadow.png flag 1 data 41378
[    6.7829] open fd = 257
[    6.8121] open name host:/vehicles/veh-pica00000001-shadow.png flag 1 data 41378
[    6.8141] open fd = 257
[    6.8150] open name host:/vehicles/veh-pica00000001-shadow.png flag 1 data 41378
[    6.8165] open fd = 257
[    6.8219] open name host:/vehicles/veh-strix0000001-shadow.png flag 1 data 41378
[    6.8237] open fd = 257
[    6.8244] open name host:/vehicles/veh-strix0000001-shadow.png flag 1 data 41378
[    6.8334] open fd = 257
[    6.8391] open name host:/shadowatlas/scene0-0.png flag 1 data 41378
[    6.8405] open fd = 257
[    6.8411] open name host:/shadowatlas/scene0-0.png flag 1 data 41378
[    6.8426] open fd = 257
[    6.8571] open name host:/shadowatlas/scene0-1.png flag 1 data 41378
[    6.8587] open fd = 257
[    6.8594] open name host:/shadowatlas/scene0-1.png flag 1 data 41378
[    6.8610] open fd = 257
[    6.8745] open name host:/textures/district-ground.png flag 1 data 41378
[    6.8762] open fd = 257
[    6.8769] open name host:/textures/district-ground.png flag 1 data 41378
[    6.8789] open fd = 257
[    6.9003] open name host:/materials/district-asphalt.mtl flag 1 data 41378
[    6.9024] open fd = 257
[    6.9100] open name host:/textures/district-asphalt.png flag 1 data 41378
[    6.9119] open fd = 257
[    6.9127] open name host:/textures/district-asphalt.png flag 1 data 41378
[    6.9143] open fd = 257
[    6.9307] open name host:/materials/district-sign.mtl flag 1 data 41378
[    6.9325] open fd = 257
[    6.9347] open name host:/textures/district-sign.png flag 1 data 41378
[    6.9364] open fd = 257
[    6.9370] open name host:/textures/district-sign.png flag 1 data 41378
[    6.9388] open fd = 257
[    6.9429] open name host:/materials/night-warm.mtl flag 1 data 41378
[    6.9446] open fd = 257
[    6.9475] open name host:/materials/night-cyan.mtl flag 1 data 41378
[    6.9493] open fd = 257
[    6.9513] open name host:/materials/night-pink.mtl flag 1 data 41378
[    6.9531] open fd = 257
[    6.9554] open name host:/models/urban/district-workshop.tmdl flag 1 data 41378
[    6.9581] open fd = 257
[    6.9630] open name host:/models/urban/Textures/district-facades.png flag 1 data 41378
[    6.9657] open fd = 257
[    6.9668] open name host:/models/urban/Textures/district-facades.png flag 1 data 41378
[    6.9693] open fd = 257
[    6.9962] open name host:/models/urban/district-tower.tmdl flag 1 data 41378
[    6.9984] open fd = 257
[    7.0017] open name host:/models/urban/district-loft.tmdl flag 1 data 41378
[    7.0040] open fd = 257
[    7.0065] open name host:/models/urban/detail-light-double.tmdl flag 1 data 41378
[    7.0085] open fd = 257
[    7.0183] open name host:/models/urban/Textures/metal.png flag 1 data 41378
[    7.0210] open fd = 257
[    7.0219] open name host:/models/urban/Textures/metal.png flag 1 data 41378
[    7.0242] open fd = 257
[    7.0354] open name host:/models/urban/detail-light-traffic.tmdl flag 1 data 41378
[    7.0379] open fd = 257
[    7.0502] open name host:/models/urban/Textures/roof.png flag 1 data 41378
[    7.0531] open fd = 257
[    7.0543] open name host:/models/urban/Textures/roof.png flag 1 data 41378
[    7.0572] open fd = 257
[    7.0605] open name host:/models/urban/tree-park-large.tmdl flag 1 data 41378
[    7.0627] open fd = 257
[    7.0716] open name host:/models/urban/Textures/treeA.png flag 1 data 41378
[    7.0743] open fd = 257
[    7.0754] open name host:/models/urban/Textures/treeA.png flag 1 data 41378
[    7.0779] open fd = 257
[    7.0892] open name host:/models/urban/Textures/tiles.png flag 1 data 41378
[    7.0918] open fd = 257
[    7.0927] open name host:/models/urban/Textures/tiles.png flag 1 data 41378
[    7.0953] open fd = 257
[    7.0987] open name host:/models/urban/Textures/dirt.png flag 1 data 41378
[    7.1015] open fd = 257
[    7.1025] open name host:/models/urban/Textures/dirt.png flag 1 data 41378
[    7.1051] open fd = 257
[    7.1087] open name host:/models/urban/tree-park-pine-large.tmdl flag 1 data 41378
[    7.1110] open fd = 257
[    7.1196] open name host:/models/urban/Textures/treeB.png flag 1 data 41378
[    7.1226] open fd = 257
[    7.1237] open name host:/models/urban/Textures/treeB.png flag 1 data 41378
[    7.1264] open fd = 257
[    7.1293] open name host:/models/urban/detail-barrier-type-a.tmdl flag 1 data 41378
[    7.1316] open fd = 257
[    7.1447] open name host:/models/urban/Textures/signs.png flag 1 data 41378
[    7.1479] open fd = 257
[    7.1492] open name host:/models/urban/Textures/signs.png flag 1 data 41378
[    7.1520] open fd = 257
[    7.1553] open name host:/models/urban/detail-dumpster-closed.tmdl flag 1 data 41378
[    7.1576] open fd = 257
[    7.1618] open name host:/models/urban/Textures/metal_wall.png flag 1 data 41378
[    7.1644] open fd = 257
[    7.1655] open name host:/models/urban/Textures/metal_wall.png flag 1 data 41378
[    7.1681] open fd = 257
[    7.1713] open name host:/models/urban/Textures/wall.png flag 1 data 41378
[    7.1738] open fd = 257
[    7.1747] open name host:/models/urban/Textures/wall.png flag 1 data 41378
[    7.1772] open fd = 257
[    7.1801] open name host:/models/urban/detail-bench.tmdl flag 1 data 41378
[    7.1821] open fd = 257
[    7.1981] open name host:/models/urban/Textures/planks.png flag 1 data 41378
[    7.2017] open fd = 257
[    7.2029] open name host:/models/urban/Textures/planks.png flag 1 data 41378
[    7.2057] open fd = 257
[    7.2092] open name host:/models/urban/pallet.tmdl flag 1 data 41378
[    7.2116] open fd = 257
[    7.2213] open name host:/vehicles/veh-ravager000001-body.tmdl flag 1 data 41378
[    7.2231] open fd = 257
[    7.3615] open name host:/vehicles/veh-ravager000001-palette.png flag 1 data 41378
[    7.3633] open fd = 257
[    7.3641] open name host:/vehicles/veh-ravager000001-palette.png flag 1 data 41378
[    7.3663] open fd = 257
[    7.3789] open name host:/vehicles/veh-ravager000001-palette-image-0.png flag 1 data 41378
[    7.3808] open fd = 257
[    7.3819] open name host:/vehicles/veh-ravager000001-palette-image-0.png flag 1 data 41378
[    7.3836] open fd = 257
[    7.4045] open name host:/vehicles/veh-pica00000001-body.tmdl flag 1 data 41378
[    7.4064] open fd = 257
[    7.5255] open name host:/vehicles/veh-pica00000001-palette.png flag 1 data 41378
[    7.5272] open fd = 257
[    7.5278] open name host:/vehicles/veh-pica00000001-palette.png flag 1 data 41378
[    7.5294] open fd = 257
[    7.5314] open name host:/vehicles/veh-pica00000001-palette-image-0.png flag 1 data 41378
[    7.5334] open fd = 257
[    7.5343] open name host:/vehicles/veh-pica00000001-palette-image-0.png flag 1 data 41378
[    7.5359] open fd = 257
[    7.5617] open name host:/vehicles/veh-strix0000001-body.tmdl flag 1 data 41378
[    7.5635] open fd = 257
[    7.6872] open name host:/vehicles/veh-strix0000001-palette.png flag 1 data 41378
[    7.6890] open fd = 257
[    7.6897] open name host:/vehicles/veh-strix0000001-palette.png flag 1 data 41378
[    7.6913] open fd = 257
[    7.6936] open name host:/vehicles/veh-strix0000001-palette-image-0.png flag 1 data 41378
[    7.6952] open fd = 257
[    7.6960] open name host:/vehicles/veh-strix0000001-palette-image-0.png flag 1 data 41378
[    7.6974] open fd = 257
[    7.7252] open name host:/sky/scene0.png flag 1 data 41378
[    7.7271] open fd = 257
[    7.7278] open name host:/sky/scene0.png flag 1 data 41378
[    7.7298] open fd = 257
[    8.0079] open name host:/vehicles/fx-skid.png flag 1 data 41378
[    8.0100] open fd = 257
[    8.0108] open name host:/vehicles/fx-skid.png flag 1 data 41378
[    8.0126] open fd = 257
[    8.0280] open name host:/vehicles/fx-smoke.png flag 1 data 41378
[    8.0298] open fd = 257
[    8.0306] open name host:/vehicles/fx-smoke.png flag 1 data 41378
[    8.0327] open fd = 257
[    8.0374] open name host:/vehicles/veh-ravager000001-wheel.tmdl flag 1 data 41378
[    8.0389] open fd = 257
[    8.0461] open name host:/vehicles/veh-ravager000001-wheelfast.tmdl flag 1 data 41378
[    8.0476] open fd = 257
[    8.0545] open name host:/fonts/atlas-default.png flag 1 data 41378
[    8.0559] open fd = 257
[    8.0693] open name host:/hud/icons.png flag 1 data 41378
[    8.0711] open fd = 257
[    8.0854] open name host:/hud/loading-white.png flag 1 data 41378
[    8.0870] open fd = 257
[    8.0892] open name host:/vehicles/veh-pica00000001-wheel.tmdl flag 1 data 41378
[    8.0908] open fd = 257
[    8.0978] open name host:/vehicles/veh-pica00000001-wheelfast.tmdl flag 1 data 41378
[    8.0993] open fd = 257
[    8.1052] open name host:/vehicles/veh-strix0000001-wheel.tmdl flag 1 data 41378
[    8.1068] open fd = 257
[    8.1211] open name host:/vehicles/veh-strix0000001-wheelfast.tmdl flag 1 data 41378
[    8.1227] open fd = 257
[    8.1345] open name host:/textures/district-road.png flag 1 data 41378
[    8.1362] open fd = 257
[    8.1370] open name host:/textures/district-road.png flag 1 data 41378
[    8.1385] open fd = 257
[    8.2425] open name host:/textures/district-asphalt.png flag 1 data 41378
[    8.2445] open fd = 257
[    8.2452] open name host:/textures/district-asphalt.png flag 1 data 41378
[    8.2468] open fd = 257
[    8.2591] open name host:/textures/district-plaza.png flag 1 data 41378
[    8.2608] open fd = 257
[    8.2615] open name host:/textures/district-plaza.png flag 1 data 41378
[    8.2630] open fd = 257
[    8.2961] open name host:/gshadow/s0_2_1.png flag 1 data 41378
[    8.2980] open fd = 257
[    8.2986] open name host:/gshadow/s0_2_1.png flag 1 data 41378
[    8.2999] open fd = 257
[    8.3131] open name host:/gshadow/s0_1_1.png flag 1 data 41378
[    8.3149] open fd = 257
[    8.3156] open name host:/gshadow/s0_1_1.png flag 1 data 41378
[    8.3172] open fd = 257
[    8.3207] open name host:/gshadow/s0_3_1.png flag 1 data 41378
[    8.3224] open fd = 257
[    8.3232] open name host:/gshadow/s0_3_1.png flag 1 data 41378
[    8.3248] open fd = 257
[    8.3367] open name host:/gshadow/s0_2_2.png flag 1 data 41378
[    8.3386] open fd = 257
[    8.3394] open name host:/gshadow/s0_2_2.png flag 1 data 41378
[    8.3411] open fd = 257
[    8.3449] open name host:/gshadow/s0_1_2.png flag 1 data 41378
[    8.3466] open fd = 257
[    8.3473] open name host:/gshadow/s0_1_2.png flag 1 data 41378
[    8.3490] open fd = 257
[    8.3524] open name host:/gshadow/s0_3_2.png flag 1 data 41378
[    8.3539] open fd = 257
[    8.3545] open name host:/gshadow/s0_3_2.png flag 1 data 41378
[    8.3559] open fd = 257
[    8.3778] open name host:/gshadow/s0_0_1.png flag 1 data 41378
[    8.3797] open fd = 257
[    8.3804] open name host:/gshadow/s0_0_1.png flag 1 data 41378
[    8.3823] open fd = 257
[    8.3859] open name host:/gshadow/s0_4_1.png flag 1 data 41378
[    8.3878] open fd = 257
[    8.3886] open name host:/gshadow/s0_4_1.png flag 1 data 41378
[    8.3902] open fd = 257
[    8.3936] open name host:/gshadow/s0_4_0.png flag 1 data 41378
[    8.3951] open fd = 257
[    8.3958] open name host:/gshadow/s0_4_0.png flag 1 data 41378
[    8.3974] open fd = 257
[    8.4089] open name host:/gshadow/s0_2_3.png flag 1 data 41378
[    8.4109] open fd = 257
[    8.4118] open name host:/gshadow/s0_2_3.png flag 1 data 41378
[    8.4135] open fd = 257
[    8.4171] open name host:/gshadow/s0_0_2.png flag 1 data 41378
[    8.4187] open fd = 257
[    8.4195] open name host:/gshadow/s0_0_2.png flag 1 data 41378
[    8.4214] open fd = 257
[    8.4308] open name host:/gshadow/s0_4_2.png flag 1 data 41378
[    8.4334] open fd = 257
[    8.4343] open name host:/gshadow/s0_4_2.png flag 1 data 41378
[    8.4359] open fd = 257
[    8.4391] open name host:/gshadow/s0_1_3.png flag 1 data 41378
[    8.4407] open fd = 257
[    8.4415] open name host:/gshadow/s0_1_3.png flag 1 data 41378
[    8.4430] open fd = 257
[    8.4543] open name host:/gshadow/s0_3_3.png flag 1 data 41378
[    8.4562] open fd = 257
[    8.4569] open name host:/gshadow/s0_3_3.png flag 1 data 41378
[    8.4585] open fd = 257
[    8.4616] open name host:/gshadow/s0_0_3.png flag 1 data 41378
[    8.4639] open fd = 257
[    8.4649] open name host:/gshadow/s0_0_3.png flag 1 data 41378
[    8.4665] open fd = 257
[    8.4696] open name host:/gshadow/s0_4_3.png flag 1 data 41378
[    8.4710] open fd = 257
[    8.4716] open name host:/gshadow/s0_4_3.png flag 1 data 41378
[    8.4730] open fd = 257
[    9.2401] microVU1: Cached Prog = [000] [PC=2590] [List=01] (Cache=0.000%) [0.0mb]
[    9.2405] microVU1: 3 cycle stall on branch instruction [3368]
[    9.2405] microVU1: 3 cycle stall on branch instruction [3368]
[    9.2405] microVU1: 3 cycle stall on branch instruction [3380]
[    9.2405] microVU1: 3 cycle stall on branch instruction [3380]
[    9.2405] microVU1: 3 cycle stall on branch instruction [33b8]
[    9.2405] microVU1: 3 cycle stall on branch instruction [33b8]
[    9.2406] microVU1: 3 cycle stall on branch instruction [33d8]
[    9.2406] microVU1: 3 cycle stall on branch instruction [33d8]
[    9.2407] microVU1: 3 cycle stall on branch instruction [3368]
[    9.2407] microVU1: 3 cycle stall on branch instruction [3368]
[    9.2407] microVU1: 3 cycle stall on branch instruction [3380]
[    9.2407] microVU1: 3 cycle stall on branch instruction [3380]
[    9.2407] microVU1: 3 cycle stall on branch instruction [33b8]
[    9.2407] microVU1: 3 cycle stall on branch instruction [33b8]
[    9.2408] microVU1: 3 cycle stall on branch instruction [33d8]
[    9.2408] microVU1: 3 cycle stall on branch instruction [33d8]
[    9.2409] microVU1: 3 cycle stall on branch instruction [3368]
[    9.2409] microVU1: 3 cycle stall on branch instruction [3368]
[    9.2409] microVU1: 3 cycle stall on branch instruction [3380]
[    9.2409] microVU1: 3 cycle stall on branch instruction [3380]
[    9.2409] microVU1: 3 cycle stall on branch instruction [33b8]
[    9.2409] microVU1: 3 cycle stall on branch instruction [33b8]
[    9.2410] microVU1: 3 cycle stall on branch instruction [33d8]
[    9.2410] microVU1: 3 cycle stall on branch instruction [33d8]
[    9.2411] microVU1: 3 cycle stall on branch instruction [3368]
[    9.2411] microVU1: 3 cycle stall on branch instruction [3368]
[    9.2412] microVU1: 3 cycle stall on branch instruction [3380]
[    9.2412] microVU1: 3 cycle stall on branch instruction [3380]
[    9.2412] microVU1: 3 cycle stall on branch instruction [33b8]
[    9.2412] microVU1: 3 cycle stall on branch instruction [33b8]
[    9.2412] microVU1: 3 cycle stall on branch instruction [33d8]
[    9.2412] microVU1: 3 cycle stall on branch instruction [33d8]
[    9.2417] microVU1: 3 cycle stall on branch instruction [3368]
[    9.2417] microVU1: 3 cycle stall on branch instruction [3368]
[    9.2417] microVU1: 3 cycle stall on branch instruction [3380]
[    9.2417] microVU1: 3 cycle stall on branch instruction [3380]
[    9.2418] microVU1: 3 cycle stall on branch instruction [33b8]
[    9.2418] microVU1: 3 cycle stall on branch instruction [33b8]
[    9.2418] microVU1: 3 cycle stall on branch instruction [33d8]
[    9.2418] microVU1: 3 cycle stall on branch instruction [33d8]
[    9.2419] microVU1: 3 cycle stall on branch instruction [3368]
[    9.2420] microVU1: 3 cycle stall on branch instruction [3368]
[    9.2420] microVU1: 3 cycle stall on branch instruction [3380]
[    9.2420] microVU1: 3 cycle stall on branch instruction [3380]
[    9.2420] microVU1: 3 cycle stall on branch instruction [33b8]
[    9.2420] microVU1: 3 cycle stall on branch instruction [33b8]
[    9.2420] microVU1: 3 cycle stall on branch instruction [33d8]
[    9.2420] microVU1: 3 cycle stall on branch instruction [33d8]
[    9.2421] microVU1: 3 cycle stall on branch instruction [3368]
[    9.2422] microVU1: 3 cycle stall on branch instruction [3368]
[    9.2422] microVU1: 3 cycle stall on branch instruction [3380]
[    9.2422] microVU1: 3 cycle stall on branch instruction [3380]
[    9.2422] microVU1: 3 cycle stall on branch instruction [33b8]
[    9.2422] microVU1: 3 cycle stall on branch instruction [33b8]
[    9.2422] microVU1: 3 cycle stall on branch instruction [33d8]
[    9.2422] microVU1: 3 cycle stall on branch instruction [33d8]
[    9.2423] microVU1: 3 cycle stall on branch instruction [3368]
[    9.2423] microVU1: 3 cycle stall on branch instruction [3368]
[    9.2423] microVU1: 3 cycle stall on branch instruction [3380]
[    9.2423] microVU1: 3 cycle stall on branch instruction [3380]
[    9.2424] microVU1: 3 cycle stall on branch instruction [33b8]
[    9.2424] microVU1: 3 cycle stall on branch instruction [33b8]
[    9.2424] microVU1: 3 cycle stall on branch instruction [33d8]
[    9.2424] microVU1: 3 cycle stall on branch instruction [33d8]
[    9.2429] microVU1: 3 cycle stall on branch instruction [3368]
[    9.2429] microVU1: 3 cycle stall on branch instruction [3368]
[    9.2429] microVU1: 3 cycle stall on branch instruction [3380]
[    9.2429] microVU1: 3 cycle stall on branch instruction [3380]
[    9.2429] microVU1: 3 cycle stall on branch instruction [33b8]
[    9.2429] microVU1: 3 cycle stall on branch instruction [33b8]
[    9.2429] microVU1: 3 cycle stall on branch instruction [33d8]
[    9.2429] microVU1: 3 cycle stall on branch instruction [33d8]
[    9.2430] microVU1: 3 cycle stall on branch instruction [3368]
[    9.2430] microVU1: 3 cycle stall on branch instruction [3368]
[    9.2431] microVU1: 3 cycle stall on branch instruction [3380]
[    9.2431] microVU1: 3 cycle stall on branch instruction [3380]
[    9.2431] microVU1: 3 cycle stall on branch instruction [33b8]
[    9.2431] microVU1: 3 cycle stall on branch instruction [33b8]
[    9.2431] microVU1: 3 cycle stall on branch instruction [33d8]
[    9.2431] microVU1: 3 cycle stall on branch instruction [33d8]
[    9.2432] microVU1: 3 cycle stall on branch instruction [3368]
[    9.2432] microVU1: 3 cycle stall on branch instruction [3368]
[    9.2432] microVU1: 3 cycle stall on branch instruction [3380]
[    9.2432] microVU1: 3 cycle stall on branch instruction [3380]
[    9.2433] microVU1: 3 cycle stall on branch instruction [33b8]
[    9.2433] microVU1: 3 cycle stall on branch instruction [33b8]
[    9.2433] microVU1: 3 cycle stall on branch instruction [33d8]
[    9.2433] microVU1: 3 cycle stall on branch instruction [33d8]
[    9.2434] microVU1: 3 cycle stall on branch instruction [3368]
[    9.2434] microVU1: 3 cycle stall on branch instruction [3368]
[    9.2434] microVU1: 3 cycle stall on branch instruction [3380]
[    9.2434] microVU1: 3 cycle stall on branch instruction [3380]
[    9.2434] microVU1: 3 cycle stall on branch instruction [33b8]
[    9.2435] microVU1: 3 cycle stall on branch instruction [33b8]
[    9.2435] microVU1: 3 cycle stall on branch instruction [33d8]
[    9.2435] microVU1: 3 cycle stall on branch instruction [33d8]
[    9.2441] microVU1: 3 cycle stall on branch instruction [3368]
[    9.2441] microVU1: 3 cycle stall on branch instruction [3368]
[    9.2441] microVU1: 3 cycle stall on branch instruction [3380]
[    9.2441] microVU1: 3 cycle stall on branch instruction [3380]
[    9.2441] microVU1: 3 cycle stall on branch instruction [33b8]
[    9.2441] microVU1: 3 cycle stall on branch instruction [33b8]
[    9.2441] microVU1: 3 cycle stall on branch instruction [33d8]
[    9.2441] microVU1: 3 cycle stall on branch instruction [33d8]
[    9.2443] microVU1: 3 cycle stall on branch instruction [3368]
[    9.2443] microVU1: 3 cycle stall on branch instruction [3368]
[    9.2443] microVU1: 3 cycle stall on branch instruction [3380]
[    9.2443] microVU1: 3 cycle stall on branch instruction [3380]
[    9.2443] microVU1: 3 cycle stall on branch instruction [33b8]
[    9.2443] microVU1: 3 cycle stall on branch instruction [33b8]
[    9.2443] microVU1: 3 cycle stall on branch instruction [33d8]
[    9.2443] microVU1: 3 cycle stall on branch instruction [33d8]
[    9.2444] microVU1: 3 cycle stall on branch instruction [3368]
[    9.2445] microVU1: 3 cycle stall on branch instruction [3368]
[    9.2445] microVU1: 3 cycle stall on branch instruction [3380]
[    9.2445] microVU1: 3 cycle stall on branch instruction [3380]
[    9.2445] microVU1: 3 cycle stall on branch instruction [33b8]
[    9.2445] microVU1: 3 cycle stall on branch instruction [33b8]
[    9.2445] microVU1: 3 cycle stall on branch instruction [33d8]
[    9.2445] microVU1: 3 cycle stall on branch instruction [33d8]
[    9.2446] microVU1: 3 cycle stall on branch instruction [3368]
[    9.2447] microVU1: 3 cycle stall on branch instruction [3368]
[    9.2447] microVU1: 3 cycle stall on branch instruction [3380]
[    9.2447] microVU1: 3 cycle stall on branch instruction [3380]
[    9.2447] microVU1: 3 cycle stall on branch instruction [33b8]
[    9.2447] microVU1: 3 cycle stall on branch instruction [33b8]
[    9.2447] microVU1: 3 cycle stall on branch instruction [33d8]
[    9.2447] microVU1: 3 cycle stall on branch instruction [33d8]
[    9.2454] microVU1: 3 cycle stall on branch instruction [2c58]
[    9.2468] microVU1: Cached Prog = [001] [PC=1a30] [List=01] (Cache=0.677%) [0.4mb]
[    9.2468] microVU1: 1 cycle stall on branch instruction [1ae8]
[    9.2468] microVU1: 3 cycle stall on branch instruction [1ba0]
[    9.2472] microVU1: 3 cycle stall on branch instruction [2520]
[    9.2472] microVU1: 3 cycle stall on branch instruction [1ba0]
[    9.2475] microVU1: 3 cycle stall on branch instruction [2520]
[    9.2476] microVU1: 3 cycle stall on branch instruction [1ba0]
[    9.2477] microVU1: 3 cycle stall on branch instruction [2520]
[    9.2477] microVU1: 3 cycle stall on branch instruction [1ba0]
[    9.2482] microVU1: 3 cycle stall on branch instruction [2520]
[    9.2482] microVU1: 3 cycle stall on branch instruction [1ba0]
[    9.2485] microVU1: 3 cycle stall on branch instruction [2520]
[    9.2486] microVU1: 3 cycle stall on branch instruction [1ba0]
[    9.2487] microVU1: 3 cycle stall on branch instruction [2520]
[    9.2487] microVU1: 3 cycle stall on branch instruction [1ba0]
[    9.2489] microVU1: 3 cycle stall on branch instruction [2520]
[    9.2491] microVU1: 3 cycle stall on branch instruction [1ba0]
[    9.2491] microVU1: 3 cycle stall on branch instruction [1fc0]
[    9.2493] microVU1: 3 cycle stall on branch instruction [2520]
[    9.2493] microVU1: 3 cycle stall on branch instruction [1ba0]
[    9.2494] microVU1: 3 cycle stall on branch instruction [2520]
[    9.2494] microVU1: 3 cycle stall on branch instruction [1ba0]
[    9.2502] microVU1: 3 cycle stall on branch instruction [2520]
[    9.2502] microVU1: 3 cycle stall on branch instruction [1ba0]
[    9.2504] microVU1: 3 cycle stall on branch instruction [2520]
[    9.2504] microVU1: 3 cycle stall on branch instruction [1ba0]
[    9.2510] microVU1: 3 cycle stall on branch instruction [2520]
[    9.2511] microVU1: 3 cycle stall on branch instruction [1ba0]
[    9.2513] microVU1: 3 cycle stall on branch instruction [2520]
[    9.2513] microVU1: 3 cycle stall on branch instruction [1ba0]
[    9.2517] microVU1: 3 cycle stall on branch instruction [2520]
[    9.2518] microVU1: 3 cycle stall on branch instruction [1ba0]
[    9.2524] microVU1: 3 cycle stall on branch instruction [1fc0]
[    9.2525] microVU1: 3 cycle stall on branch instruction [2520]
[    9.2526] microVU1: 3 cycle stall on branch instruction [1ba0]
[    9.2527] microVU1: 3 cycle stall on branch instruction [1fc0]
[    9.2529] microVU1: 3 cycle stall on branch instruction [1fc0]
[    9.2529] microVU1: 3 cycle stall on branch instruction [2520]
[    9.2530] microVU1: 3 cycle stall on branch instruction [1ba0]
[    9.2532] microVU1: 3 cycle stall on branch instruction [1fc0]
[    9.2533] microVU1: 3 cycle stall on branch instruction [1fc0]
[    9.2535] microVU1: 3 cycle stall on branch instruction [1fc0]
[    9.2536] microVU1: 3 cycle stall on branch instruction [1fc0]
[    9.2539] microVU1: 3 cycle stall on branch instruction [1fc0]
[    9.2540] microVU1: 3 cycle stall on branch instruction [1fc0]
[    9.2542] microVU1: 3 cycle stall on branch instruction [1fc0]
[    9.2544] microVU1: 3 cycle stall on branch instruction [1fc0]
[    9.2545] microVU1: 3 cycle stall on branch instruction [1fc0]
[    9.2546] microVU1: 3 cycle stall on branch instruction [1fc0]
[    9.2547] microVU1: 3 cycle stall on branch instruction [1fc0]
[    9.2549] microVU1: 3 cycle stall on branch instruction [1fc0]
[    9.2550] microVU1: 3 cycle stall on branch instruction [1ba0]
[    9.2551] microVU1: Cached Prog = [002] [PC=2578] [List=01] (Cache=1.397%) [0.9mb]
[    9.2551] microVU1: 1 cycle stall on branch instruction [1ae8]
[    9.2551] microVU1: 3 cycle stall on branch instruction [1ba0]
[    9.2555] microVU1: 3 cycle stall on branch instruction [2520]
[    9.2555] microVU1: 3 cycle stall on branch instruction [1ba0]
[    9.2558] microVU1: 3 cycle stall on branch instruction [2520]
[    9.2559] microVU1: 3 cycle stall on branch instruction [1ba0]
[    9.2560] microVU1: 3 cycle stall on branch instruction [2520]
[    9.2561] microVU1: 3 cycle stall on branch instruction [1ba0]
[    9.2565] microVU1: 3 cycle stall on branch instruction [2520]
[    9.2565] microVU1: 3 cycle stall on branch instruction [1ba0]
[    9.2568] microVU1: 3 cycle stall on branch instruction [2520]
[    9.2568] microVU1: 3 cycle stall on branch instruction [1ba0]
[    9.2570] microVU1: 3 cycle stall on branch instruction [2520]
[    9.2570] microVU1: 3 cycle stall on branch instruction [1ba0]
[    9.2572] microVU1: 3 cycle stall on branch instruction [2520]
[    9.2573] microVU1: 3 cycle stall on branch instruction [1ba0]
[    9.2573] microVU1: 3 cycle stall on branch instruction [1fc0]
[    9.2575] microVU1: 3 cycle stall on branch instruction [2520]
[    9.2575] microVU1: 3 cycle stall on branch instruction [1ba0]
[    9.2576] microVU1: 3 cycle stall on branch instruction [2520]
[    9.2582] microVU1: 3 cycle stall on branch instruction [1ba0]
[    9.2588] microVU1: 3 cycle stall on branch instruction [2520]
[    9.2588] microVU1: 3 cycle stall on branch instruction [1ba0]
[    9.2590] microVU1: 3 cycle stall on branch instruction [2520]
[    9.2590] microVU1: 3 cycle stall on branch instruction [1ba0]
[    9.2595] microVU1: 3 cycle stall on branch instruction [2520]
[    9.2596] microVU1: 3 cycle stall on branch instruction [1ba0]
[    9.2598] microVU1: 3 cycle stall on branch instruction [2520]
[    9.2598] microVU1: 3 cycle stall on branch instruction [1ba0]
[    9.2602] microVU1: 3 cycle stall on branch instruction [2520]
[    9.2603] microVU1: 3 cycle stall on branch instruction [1ba0]
[    9.2609] microVU1: 3 cycle stall on branch instruction [1fc0]
[    9.2610] microVU1: 3 cycle stall on branch instruction [2520]
[    9.2610] microVU1: 3 cycle stall on branch instruction [1ba0]
[    9.2612] microVU1: 3 cycle stall on branch instruction [1fc0]
[    9.2614] microVU1: 3 cycle stall on branch instruction [1fc0]
[    9.2614] microVU1: 3 cycle stall on branch instruction [2520]
[    9.2614] microVU1: 3 cycle stall on branch instruction [1ba0]
[    9.2616] microVU1: 3 cycle stall on branch instruction [1fc0]
[    9.2617] microVU1: 3 cycle stall on branch instruction [1fc0]
[    9.2619] microVU1: 3 cycle stall on branch instruction [1fc0]
[    9.2621] microVU1: 3 cycle stall on branch instruction [1fc0]
[    9.2623] microVU1: 3 cycle stall on branch instruction [1fc0]
[    9.2624] microVU1: 3 cycle stall on branch instruction [1fc0]
[    9.2625] microVU1: 3 cycle stall on branch instruction [1fc0]
[    9.2626] microVU1: 3 cycle stall on branch instruction [1fc0]
[    9.2628] microVU1: 3 cycle stall on branch instruction [1fc0]
[    9.2629] microVU1: 3 cycle stall on branch instruction [1fc0]
[    9.2630] microVU1: 3 cycle stall on branch instruction [1fc0]
[    9.2632] microVU1: 3 cycle stall on branch instruction [1fc0]
[    9.2633] microVU1: 3 cycle stall on branch instruction [1ba0]
[    9.2634] microVU1: Cached Prog = [003] [PC=3550] [List=01] (Cache=2.117%) [1.3mb]
[    9.2638] microVU1: 3 cycle stall on branch instruction [3368]
[    9.2638] microVU1: 3 cycle stall on branch instruction [3368]
[    9.2638] microVU1: 3 cycle stall on branch instruction [3380]
[    9.2638] microVU1: 3 cycle stall on branch instruction [3380]
[    9.2638] microVU1: 3 cycle stall on branch instruction [33b8]
[    9.2638] microVU1: 3 cycle stall on branch instruction [33b8]
[    9.2638] microVU1: 3 cycle stall on branch instruction [33d8]
[    9.2638] microVU1: 3 cycle stall on branch instruction [33d8]
[    9.2640] microVU1: 3 cycle stall on branch instruction [3368]
[    9.2640] microVU1: 3 cycle stall on branch instruction [3368]
[    9.2640] microVU1: 3 cycle stall on branch instruction [3380]
[    9.2640] microVU1: 3 cycle stall on branch instruction [3380]
[    9.2640] microVU1: 3 cycle stall on branch instruction [33b8]
[    9.2640] microVU1: 3 cycle stall on branch instruction [33b8]
[    9.2641] microVU1: 3 cycle stall on branch instruction [33d8]
[    9.2641] microVU1: 3 cycle stall on branch instruction [33d8]
[    9.2642] microVU1: 3 cycle stall on branch instruction [3368]
[    9.2642] microVU1: 3 cycle stall on branch instruction [3368]
[    9.2642] microVU1: 3 cycle stall on branch instruction [3380]
[    9.2642] microVU1: 3 cycle stall on branch instruction [3380]
[    9.2642] microVU1: 3 cycle stall on branch instruction [33b8]
[    9.2642] microVU1: 3 cycle stall on branch instruction [33b8]
[    9.2643] microVU1: 3 cycle stall on branch instruction [33d8]
[    9.2643] microVU1: 3 cycle stall on branch instruction [33d8]
[    9.2644] microVU1: 3 cycle stall on branch instruction [3368]
[    9.2644] microVU1: 3 cycle stall on branch instruction [3368]
[    9.2644] microVU1: 3 cycle stall on branch instruction [3380]
[    9.2644] microVU1: 3 cycle stall on branch instruction [3380]
[    9.2644] microVU1: 3 cycle stall on branch instruction [33b8]
[    9.2644] microVU1: 3 cycle stall on branch instruction [33b8]
[    9.2644] microVU1: 3 cycle stall on branch instruction [33d8]
[    9.2644] microVU1: 3 cycle stall on branch instruction [33d8]
[    9.2649] microVU1: 3 cycle stall on branch instruction [3368]
[    9.2649] microVU1: 3 cycle stall on branch instruction [3368]
[    9.2649] microVU1: 3 cycle stall on branch instruction [3380]
[    9.2649] microVU1: 3 cycle stall on branch instruction [3380]
[    9.2649] microVU1: 3 cycle stall on branch instruction [33b8]
[    9.2649] microVU1: 3 cycle stall on branch instruction [33b8]
[    9.2649] microVU1: 3 cycle stall on branch instruction [33d8]
[    9.2649] microVU1: 3 cycle stall on branch instruction [33d8]
[    9.2650] microVU1: 3 cycle stall on branch instruction [3368]
[    9.2651] microVU1: 3 cycle stall on branch instruction [3368]
[    9.2651] microVU1: 3 cycle stall on branch instruction [3380]
[    9.2651] microVU1: 3 cycle stall on branch instruction [3380]
[    9.2651] microVU1: 3 cycle stall on branch instruction [33b8]
[    9.2651] microVU1: 3 cycle stall on branch instruction [33b8]
[    9.2651] microVU1: 3 cycle stall on branch instruction [33d8]
[    9.2651] microVU1: 3 cycle stall on branch instruction [33d8]
[    9.2652] microVU1: 3 cycle stall on branch instruction [3368]
[    9.2652] microVU1: 3 cycle stall on branch instruction [3368]
[    9.2653] microVU1: 3 cycle stall on branch instruction [3380]
[    9.2653] microVU1: 3 cycle stall on branch instruction [3380]
[    9.2653] microVU1: 3 cycle stall on branch instruction [33b8]
[    9.2653] microVU1: 3 cycle stall on branch instruction [33b8]
[    9.2653] microVU1: 3 cycle stall on branch instruction [33d8]
[    9.2653] microVU1: 3 cycle stall on branch instruction [33d8]
[    9.2654] microVU1: 3 cycle stall on branch instruction [3368]
[    9.2654] microVU1: 3 cycle stall on branch instruction [3368]
[    9.2654] microVU1: 3 cycle stall on branch instruction [3380]
[    9.2654] microVU1: 3 cycle stall on branch instruction [3380]
[    9.2654] microVU1: 3 cycle stall on branch instruction [33b8]
[    9.2654] microVU1: 3 cycle stall on branch instruction [33b8]
[    9.2654] microVU1: 3 cycle stall on branch instruction [33d8]
[    9.2655] microVU1: 3 cycle stall on branch instruction [33d8]
[    9.2660] microVU1: 3 cycle stall on branch instruction [3368]
[    9.2660] microVU1: 3 cycle stall on branch instruction [3368]
[    9.2660] microVU1: 3 cycle stall on branch instruction [3380]
[    9.2660] microVU1: 3 cycle stall on branch instruction [3380]
[    9.2660] microVU1: 3 cycle stall on branch instruction [33b8]
[    9.2660] microVU1: 3 cycle stall on branch instruction [33b8]
[    9.2660] microVU1: 3 cycle stall on branch instruction [33d8]
[    9.2660] microVU1: 3 cycle stall on branch instruction [33d8]
[    9.2662] microVU1: 3 cycle stall on branch instruction [3368]
[    9.2662] microVU1: 3 cycle stall on branch instruction [3368]
[    9.2662] microVU1: 3 cycle stall on branch instruction [3380]
[    9.2662] microVU1: 3 cycle stall on branch instruction [3380]
[    9.2662] microVU1: 3 cycle stall on branch instruction [33b8]
[    9.2662] microVU1: 3 cycle stall on branch instruction [33b8]
[    9.2662] microVU1: 3 cycle stall on branch instruction [33d8]
[    9.2662] microVU1: 3 cycle stall on branch instruction [33d8]
[    9.2664] microVU1: 3 cycle stall on branch instruction [3368]
[    9.2664] microVU1: 3 cycle stall on branch instruction [3368]
[    9.2664] microVU1: 3 cycle stall on branch instruction [3380]
[    9.2665] microVU1: 3 cycle stall on branch instruction [3380]
[    9.2665] microVU1: 3 cycle stall on branch instruction [33b8]
[    9.2665] microVU1: 3 cycle stall on branch instruction [33b8]
[    9.2665] microVU1: 3 cycle stall on branch instruction [33d8]
[    9.2665] microVU1: 3 cycle stall on branch instruction [33d8]
[    9.2666] microVU1: 3 cycle stall on branch instruction [3368]
[    9.2666] microVU1: 3 cycle stall on branch instruction [3368]
[    9.2666] microVU1: 3 cycle stall on branch instruction [3380]
[    9.2666] microVU1: 3 cycle stall on branch instruction [3380]
[    9.2667] microVU1: 3 cycle stall on branch instruction [33b8]
[    9.2667] microVU1: 3 cycle stall on branch instruction [33b8]
[    9.2667] microVU1: 3 cycle stall on branch instruction [33d8]
[    9.2667] microVU1: 3 cycle stall on branch instruction [33d8]
[    9.2671] microVU1: 3 cycle stall on branch instruction [3368]
[    9.2671] microVU1: 3 cycle stall on branch instruction [3368]
[    9.2671] microVU1: 3 cycle stall on branch instruction [3380]
[    9.2671] microVU1: 3 cycle stall on branch instruction [3380]
[    9.2671] microVU1: 3 cycle stall on branch instruction [33b8]
[    9.2671] microVU1: 3 cycle stall on branch instruction [33b8]
[    9.2671] microVU1: 3 cycle stall on branch instruction [33d8]
[    9.2672] microVU1: 3 cycle stall on branch instruction [33d8]
[    9.2673] microVU1: 3 cycle stall on branch instruction [3368]
[    9.2673] microVU1: 3 cycle stall on branch instruction [3368]
[    9.2673] microVU1: 3 cycle stall on branch instruction [3380]
[    9.2673] microVU1: 3 cycle stall on branch instruction [3380]
[    9.2673] microVU1: 3 cycle stall on branch instruction [33b8]
[    9.2673] microVU1: 3 cycle stall on branch instruction [33b8]
[    9.2673] microVU1: 3 cycle stall on branch instruction [33d8]
[    9.2673] microVU1: 3 cycle stall on branch instruction [33d8]
[    9.2675] microVU1: 3 cycle stall on branch instruction [3368]
[    9.2675] microVU1: 3 cycle stall on branch instruction [3368]
[    9.2675] microVU1: 3 cycle stall on branch instruction [3380]
[    9.2675] microVU1: 3 cycle stall on branch instruction [3380]
[    9.2675] microVU1: 3 cycle stall on branch instruction [33b8]
[    9.2675] microVU1: 3 cycle stall on branch instruction [33b8]
[    9.2675] microVU1: 3 cycle stall on branch instruction [33d8]
[    9.2675] microVU1: 3 cycle stall on branch instruction [33d8]
[    9.2676] microVU1: 3 cycle stall on branch instruction [3368]
[    9.2677] microVU1: 3 cycle stall on branch instruction [3368]
[    9.2677] microVU1: 3 cycle stall on branch instruction [3380]
[    9.2677] microVU1: 3 cycle stall on branch instruction [3380]
[    9.2677] microVU1: 3 cycle stall on branch instruction [33b8]
[    9.2677] microVU1: 3 cycle stall on branch instruction [33b8]
[    9.2677] microVU1: 3 cycle stall on branch instruction [33d8]
[    9.2677] microVU1: 3 cycle stall on branch instruction [33d8]
[    9.2685] microVU1: 3 cycle stall on branch instruction [2c58]
[    9.2705] microVU1: Cached Prog = [004] [PC=0000] [List=01] (Cache=2.794%) [1.7mb]
[    9.2719] microVU1: Cached Prog = [005] [PC=0710] [List=01] (Cache=2.887%) [1.8mb]
[    9.2719] microVU1: 2 cycle stall on branch instruction [07c8]
[    9.2723] microVU1: 3 cycle stall on branch instruction [1108]
[    9.2723] microVU1: 3 cycle stall on branch instruction [1130]
[    9.2726] microVU1: 3 cycle stall on branch instruction [1108]
[    9.2726] microVU1: 3 cycle stall on branch instruction [1130]
[    9.2728] microVU1: 3 cycle stall on branch instruction [1108]
[    9.2728] microVU1: 3 cycle stall on branch instruction [1130]
[    9.2732] microVU1: 3 cycle stall on branch instruction [1108]
[    9.2732] microVU1: 3 cycle stall on branch instruction [1130]
[    9.2735] microVU1: 3 cycle stall on branch instruction [1108]
[    9.2736] microVU1: 3 cycle stall on branch instruction [1130]
[    9.2737] microVU1: 3 cycle stall on branch instruction [1108]
[    9.2738] microVU1: 3 cycle stall on branch instruction [1130]
[    9.2740] microVU1: 3 cycle stall on branch instruction [1108]
[    9.2740] microVU1: 3 cycle stall on branch instruction [1130]
[    9.2740] microVU1: 3 cycle stall on branch instruction [09e8]
[    9.2741] microVU1: 3 cycle stall on branch instruction [0a70]
[    9.2742] microVU1: 3 cycle stall on branch instruction [1108]
[    9.2742] microVU1: 3 cycle stall on branch instruction [1130]
[    9.2746] microVU1: 3 cycle stall on branch instruction [1108]
[    9.2746] microVU1: 3 cycle stall on branch instruction [1130]
[    9.2748] microVU1: 3 cycle stall on branch instruction [1108]
[    9.2748] microVU1: 3 cycle stall on branch instruction [1130]
[    9.2753] microVU1: 3 cycle stall on branch instruction [1108]
[    9.2754] microVU1: 3 cycle stall on branch instruction [1130]
[    9.2757] microVU1: 3 cycle stall on branch instruction [1108]
[    9.2757] microVU1: 3 cycle stall on branch instruction [1130]
[    9.2759] microVU1: 3 cycle stall on branch instruction [1108]
[    9.2759] microVU1: 3 cycle stall on branch instruction [1130]
[    9.2767] microVU1: 3 cycle stall on branch instruction [1108]
[    9.2767] microVU1: 3 cycle stall on branch instruction [1130]
[    9.2768] microVU1: 3 cycle stall on branch instruction [09e8]
[    9.2769] microVU1: 3 cycle stall on branch instruction [0a70]
[    9.2772] microVU1: 3 cycle stall on branch instruction [09e8]
[    9.2773] microVU1: 3 cycle stall on branch instruction [0a70]
[    9.2774] microVU1: 3 cycle stall on branch instruction [09e8]
[    9.2775] microVU1: 3 cycle stall on branch instruction [0a70]
[    9.2777] microVU1: 3 cycle stall on branch instruction [1108]
[    9.2777] microVU1: 3 cycle stall on branch instruction [1130]
[    9.2779] microVU1: 3 cycle stall on branch instruction [09e8]
[    9.2779] microVU1: 3 cycle stall on branch instruction [0a70]
[    9.2781] microVU1: 3 cycle stall on branch instruction [09e8]
[    9.2781] microVU1: 3 cycle stall on branch instruction [0a70]
[    9.2783] microVU1: 3 cycle stall on branch instruction [1108]
[    9.2783] microVU1: 3 cycle stall on branch instruction [1130]
[    9.2784] microVU1: 3 cycle stall on branch instruction [09e8]
[    9.2785] microVU1: 3 cycle stall on branch instruction [0a70]
[    9.2787] microVU1: 3 cycle stall on branch instruction [09e8]
[    9.2787] microVU1: 3 cycle stall on branch instruction [0a70]
[    9.2789] microVU1: 3 cycle stall on branch instruction [09e8]
[    9.2789] microVU1: 3 cycle stall on branch instruction [0a70]
[    9.2792] microVU1: 3 cycle stall on branch instruction [09e8]
[    9.2792] microVU1: 3 cycle stall on branch instruction [0a70]
[    9.2794] microVU1: 3 cycle stall on branch instruction [09e8]
[    9.2795] microVU1: 3 cycle stall on branch instruction [0a70]
[    9.2797] microVU1: 3 cycle stall on branch instruction [09e8]
[    9.2797] microVU1: 3 cycle stall on branch instruction [0a70]
[    9.2799] microVU1: 3 cycle stall on branch instruction [09e8]
[    9.2799] microVU1: 3 cycle stall on branch instruction [0a70]
[    9.2801] microVU1: 3 cycle stall on branch instruction [09e8]
[    9.2801] microVU1: 3 cycle stall on branch instruction [0a70]
[    9.2803] microVU1: 3 cycle stall on branch instruction [09e8]
[    9.2803] microVU1: 3 cycle stall on branch instruction [0a70]
[    9.2806] microVU1: 3 cycle stall on branch instruction [09e8]
[    9.2806] microVU1: 3 cycle stall on branch instruction [0a70]
[    9.2808] microVU1: 3 cycle stall on branch instruction [07f0]
[    9.2809] microVU1: Cached Prog = [006] [PC=1188] [List=01] (Cache=3.688%) [2.2mb]
[    9.2809] microVU1: 2 cycle stall on branch instruction [07c8]
[    9.2812] microVU1: 3 cycle stall on branch instruction [1108]
[    9.2812] microVU1: 3 cycle stall on branch instruction [1130]
[    9.2816] microVU1: 3 cycle stall on branch instruction [1108]
[    9.2816] microVU1: 3 cycle stall on branch instruction [1130]
[    9.2818] microVU1: 3 cycle stall on branch instruction [1108]
[    9.2818] microVU1: 3 cycle stall on branch instruction [1130]
[    9.2822] microVU1: 3 cycle stall on branch instruction [1108]
[    9.2823] microVU1: 3 cycle stall on branch instruction [1130]
[    9.2826] microVU1: 3 cycle stall on branch instruction [1108]
[    9.2826] microVU1: 3 cycle stall on branch instruction [1130]
[    9.2828] microVU1: 3 cycle stall on branch instruction [1108]
[    9.2828] microVU1: 3 cycle stall on branch instruction [1130]
[    9.2830] microVU1: 3 cycle stall on branch instruction [1108]
[    9.2830] microVU1: 3 cycle stall on branch instruction [1130]
[    9.2830] microVU1: 3 cycle stall on branch instruction [09e8]
[    9.2831] microVU1: 3 cycle stall on branch instruction [0a70]
[    9.2832] microVU1: 3 cycle stall on branch instruction [1108]
[    9.2832] microVU1: 3 cycle stall on branch instruction [1130]
[    9.2836] microVU1: 3 cycle stall on branch instruction [1108]
[    9.2836] microVU1: 3 cycle stall on branch instruction [1130]
[    9.2838] microVU1: 3 cycle stall on branch instruction [1108]
[    9.2838] microVU1: 3 cycle stall on branch instruction [1130]
[    9.2843] microVU1: 3 cycle stall on branch instruction [1108]
[    9.2844] microVU1: 3 cycle stall on branch instruction [1130]
[    9.2847] microVU1: 3 cycle stall on branch instruction [1108]
[    9.2847] microVU1: 3 cycle stall on branch instruction [1130]
[    9.2848] microVU1: 3 cycle stall on branch instruction [1108]
[    9.2848] microVU1: 3 cycle stall on branch instruction [1130]
[    9.2856] microVU1: 3 cycle stall on branch instruction [1108]
[    9.2856] microVU1: 3 cycle stall on branch instruction [1130]
[    9.2857] microVU1: 3 cycle stall on branch instruction [09e8]
[    9.2857] microVU1: 3 cycle stall on branch instruction [0a70]
[    9.2861] microVU1: 3 cycle stall on branch instruction [09e8]
[    9.2861] microVU1: 3 cycle stall on branch instruction [0a70]
[    9.2863] microVU1: 3 cycle stall on branch instruction [09e8]
[    9.2864] microVU1: 3 cycle stall on branch instruction [0a70]
[    9.2866] microVU1: 3 cycle stall on branch instruction [1108]
[    9.2866] microVU1: 3 cycle stall on branch instruction [1130]
[    9.2868] microVU1: 3 cycle stall on branch instruction [09e8]
[    9.2868] microVU1: 3 cycle stall on branch instruction [0a70]
[    9.2870] microVU1: 3 cycle stall on branch instruction [09e8]
[    9.2870] microVU1: 3 cycle stall on branch instruction [0a70]
[    9.2872] microVU1: 3 cycle stall on branch instruction [1108]
[    9.2873] microVU1: 3 cycle stall on branch instruction [1130]
[    9.2874] microVU1: 3 cycle stall on branch instruction [09e8]
[    9.2874] microVU1: 3 cycle stall on branch instruction [0a70]
[    9.2876] microVU1: 3 cycle stall on branch instruction [09e8]
[    9.2877] microVU1: 3 cycle stall on branch instruction [0a70]
[    9.2878] microVU1: 3 cycle stall on branch instruction [09e8]
[    9.2879] microVU1: 3 cycle stall on branch instruction [0a70]
[    9.2881] microVU1: 3 cycle stall on branch instruction [09e8]
[    9.2881] microVU1: 3 cycle stall on branch instruction [0a70]
[    9.2884] microVU1: 3 cycle stall on branch instruction [09e8]
[    9.2884] microVU1: 3 cycle stall on branch instruction [0a70]
[    9.2886] microVU1: 3 cycle stall on branch instruction [09e8]
[    9.2886] microVU1: 3 cycle stall on branch instruction [0a70]
[    9.2888] microVU1: 3 cycle stall on branch instruction [09e8]
[    9.2889] microVU1: 3 cycle stall on branch instruction [0a70]
[    9.2890] microVU1: 3 cycle stall on branch instruction [09e8]
[    9.2891] microVU1: 3 cycle stall on branch instruction [0a70]
[    9.2893] microVU1: 3 cycle stall on branch instruction [09e8]
[    9.2893] microVU1: 3 cycle stall on branch instruction [0a70]
[    9.2895] microVU1: 3 cycle stall on branch instruction [09e8]
[    9.2895] microVU1: 3 cycle stall on branch instruction [0a70]
[    9.2897] microVU1: 3 cycle stall on branch instruction [07f0]
[    9.3944] microVU1: Cached Prog = [007] [PC=0700] [List=01] (Cache=4.490%) [2.7mb]
[    9.3957] microVU1: Cached Prog = [008] [PC=3560] [List=01] (Cache=4.583%) [2.8mb]
[    9.3962] microVU1: Cached Prog = [009] [PC=3940] [List=01] (Cache=4.635%) [2.8mb]
[    9.6723] microVU1: Cached Prog = [010] [PC=3c50] [List=01] (Cache=4.687%) [2.9mb]
[    9.6726] microVU1: Cached Prog = [011] [PC=3fb0] [List=01] (Cache=4.703%) [2.9mb]
[   21.8669] LOG: NIGHTCAMERA phase=0 offset=750 positionX=00000000 positionY=4028b437 positionZ=c2a19b64 lookX=00000000 lookY=3f9a5e32 lookZ=c2949b64 sceneGeneration=1 mask=0
[   21.8674] LOG: NIGHTCONTEXT phase=0 offset=750 scene=0 night=1 video=1 display=1 depth=2 width=448 height=448 refreshMilliHz=60000 requested=1 dtBits=3c888889 clockBits=00000000 rasterWidth=448 rasterHeight=448 scaleX=1 scaleY=1 ilChoice=0 ilProbing=0 ilBlock=0 ilFrame=58 ilAccepted=0 ilPipelined=1 frameYield=0
[   21.8897] LOG: NIGHTMAINBATCH phase=0 offset=750 enabled=0 invocations=1 sourceGroups=3 sourceMembers=11 groups=0 members=0 candidateGroups=0 candidateMembers=0 controlMainSubmits=11 candidateMainSubmits=0 reflectionCarriers=11 reflectionUses=0 fallbackGroups=3 demotedGroups=3 eligibilityRefused=11 dirtyDemotions=0 geometryCompared=396 geometryMismatches=0 duplicateMainSubmits=0 verticesCompared=396 colorBytesCompared=6336
[   21.8900] LOG: NIGHTMAINBATCHGROUP phase=0 offset=750 enabled=0 group=0 ready=1 admitted=0 demoted=1 submitted=0 first=0 count=144 members=4 geometryHash=3127692120 infoHash=1954737329 lightKey=9 spotEnabled=0
[   21.8903] LOG: NIGHTMAINBATCHGROUP phase=0 offset=750 enabled=0 group=1 ready=1 admitted=0 demoted=1 submitted=0 first=4 count=144 members=4 geometryHash=4282823848 infoHash=1954737329 lightKey=9 spotEnabled=0
[   21.8905] LOG: NIGHTMAINBATCHGROUP phase=0 offset=750 enabled=0 group=2 ready=1 admitted=0 demoted=1 submitted=0 first=8 count=108 members=3 geometryHash=4209179936 infoHash=1954737329 lightKey=8 spotEnabled=1
[   21.8909] LOG: NIGHTMAINBATCHMEMBER phase=0 offset=750 enabled=0 ordinal=0 object=111 idLo=2780058564 idHi=3955406166 group=0 ready=1 admitted=0 mainOriginal=1 mainGrouped=0 reflectionUses=0 count=36 positionHash=1243528085 colorHash=160409637 copiedPositionHash=1243528085 copiedColorHash=160409637 infoHash=1954737329 lightKey=9 spotEnabled=0
[   21.8911] LOG: NIGHTMAINBATCHMEMBER phase=0 offset=750 enabled=0 ordinal=1 object=112 idLo=3634050940 idHi=1706917770 group=0 ready=1 admitted=0 mainOriginal=1 mainGrouped=0 reflectionUses=0 count=36 positionHash=1590766701 colorHash=160409637 copiedPositionHash=1590766701 copiedColorHash=160409637 infoHash=1954737329 lightKey=9 spotEnabled=0
[   21.8912] LOG: NIGHTMAINBATCHMEMBER phase=0 offset=750 enabled=0 ordinal=2 object=113 idLo=1668445691 idHi=292729624 group=0 ready=1 admitted=0 mainOriginal=1 mainGrouped=0 reflectionUses=0 count=36 positionHash=1902693821 colorHash=160409637 copiedPositionHash=1902693821 copiedColorHash=160409637 infoHash=1954737329 lightKey=9 spotEnabled=0
[   21.8913] LOG: NIGHTMAINBATCHMEMBER phase=0 offset=750 enabled=0 ordinal=3 object=114 idLo=972106694 idHi=561652523 group=0 ready=1 admitted=0 mainOriginal=1 mainGrouped=0 reflectionUses=0 count=36 positionHash=2346288717 colorHash=160409637 copiedPositionHash=2346288717 copiedColorHash=160409637 infoHash=1954737329 lightKey=9 spotEnabled=0
[   21.8913] LOG: NIGHTMAINBATCHMEMBER phase=0 offset=750 enabled=0 ordinal=4 object=115 idLo=2081399757 idHi=2784485820 group=1 ready=1 admitted=0 mainOriginal=1 mainGrouped=0 reflectionUses=0 count=36 positionHash=3517629613 colorHash=160409637 copiedPositionHash=3517629613 copiedColorHash=160409637 infoHash=1954737329 lightKey=9 spotEnabled=0
[   21.8915] LOG: NIGHTMAINBATCHMEMBER phase=0 offset=750 enabled=0 ordinal=5 object=116 idLo=3640236000 idHi=1461413760 group=1 ready=1 admitted=0 mainOriginal=1 mainGrouped=0 reflectionUses=0 count=36 positionHash=1289874389 colorHash=160409637 copiedPositionHash=1289874389 copiedColorHash=160409637 infoHash=1954737329 lightKey=9 spotEnabled=0
[   21.8916] LOG: NIGHTMAINBATCHMEMBER phase=0 offset=750 enabled=0 ordinal=6 object=117 idLo=3200682704 idHi=1957638737 group=1 ready=1 admitted=0 mainOriginal=1 mainGrouped=0 reflectionUses=0 count=36 positionHash=1457587941 colorHash=160409637 copiedPositionHash=1457587941 copiedColorHash=160409637 infoHash=1954737329 lightKey=9 spotEnabled=0
[   21.8917] LOG: NIGHTMAINBATCHMEMBER phase=0 offset=750 enabled=0 ordinal=7 object=118 idLo=4291743550 idHi=984436250 group=1 ready=1 admitted=0 mainOriginal=1 mainGrouped=0 reflectionUses=0 count=36 positionHash=1418357205 colorHash=160409637 copiedPositionHash=1418357205 copiedColorHash=160409637 infoHash=1954737329 lightKey=9 spotEnabled=0
[   21.8918] LOG: NIGHTMAINBATCHMEMBER phase=0 offset=750 enabled=0 ordinal=8 object=119 idLo=971749064 idHi=1537399590 group=2 ready=1 admitted=0 mainOriginal=1 mainGrouped=0 reflectionUses=0 count=36 positionHash=245321841 colorHash=3180117733 copiedPositionHash=245321841 copiedColorHash=3180117733 infoHash=1954737329 lightKey=8 spotEnabled=1
[   21.8919] LOG: NIGHTMAINBATCHMEMBER phase=0 offset=750 enabled=0 ordinal=9 object=120 idLo=2669068336 idHi=2572983654 group=2 ready=1 admitted=0 mainOriginal=1 mainGrouped=0 reflectionUses=0 count=36 positionHash=832468137 colorHash=3180117733 copiedPositionHash=832468137 copiedColorHash=3180117733 infoHash=1954737329 lightKey=8 spotEnabled=1
[   21.8919] LOG: NIGHTMAINBATCHMEMBER phase=0 offset=750 enabled=0 ordinal=10 object=121 idLo=2764081698 idHi=526539510 group=2 ready=1 admitted=0 mainOriginal=1 mainGrouped=0 reflectionUses=0 count=36 positionHash=1824064661 colorHash=3572926853 copiedPositionHash=1824064661 copiedColorHash=3572926853 infoHash=1954737329 lightKey=8 spotEnabled=1
[   21.8921] LOG: NIGHTPROD phase=0 offset=750 stage=0 enabled=0 calls=0 units1=0 units2=0 units3=0 units4=0 timedCalls=0 reads=0 ticks=0
[   21.8921] LOG: NIGHTPROD phase=0 offset=750 stage=1 enabled=0 calls=0 units1=0 units2=0 units3=0 units4=0 timedCalls=0 reads=0 ticks=0
[   21.8922] LOG: NIGHTPROD phase=0 offset=750 stage=2 enabled=0 calls=0 units1=0 units2=0 units3=0 units4=0 timedCalls=0 reads=0 ticks=0
[   21.8923] LOG: NIGHTPROD phase=0 offset=750 stage=3 enabled=0 calls=0 units1=0 units2=0 units3=0 units4=0 timedCalls=0 reads=0 ticks=0
[   21.8923] LOG: NIGHTPROD phase=0 offset=750 stage=4 enabled=0 calls=0 units1=0 units2=0 units3=0 units4=0 timedCalls=0 reads=0 ticks=0
[   21.8924] LOG: NIGHTCORONAGATES phase=0 offset=750 selected=0 enabled=0 coldPackets=0 eligible=0 requested=0 fallback=0 sourceVertices=0 requestedVertices=0 fogOn=0 shaderLit=0 invalid=0 acceptedOutputKnown=0
[   21.8928] LOG: NIGHTGATES phase=0 offset=750 first=750 frames=1 mask=0 attempted1=8 executed1=8 skipped1=0 submitted1=8 attempted2=4 executed2=4 skipped2=0 submitted2=5 attempted4=3 executed4=3 skipped4=0 submitted4=5 attempted8=4 executed8=4 skipped8=0 submitted8=1 attempted16=2 executed16=2 skipped16=0 submitted16=1 attempted32=0 executed32=0 skipped32=0 submitted32=0 attempted64=0 executed64=0 skipped64=0 submitted64=0
[   21.8929] LOG: NIGHTEXTRAGATES phase=0 offset=750 first=750 frames=1 extraMask=0 attempted1=1 executed1=1 skipped1=0 submitted1=1 attempted2=1 executed2=1 skipped2=0 submitted2=2 attempted4=2 executed4=2 skipped4=0 submitted4=2
[   21.8930] LOG: NIGHTWILDGATES phase=0 offset=750 first=750 frames=1 variant=0 enabled=0 planeInvocations=0 planeEligible=0 planeApplied=0 planeFallback=0 planeBoundary=0 planeNonfinite=0 planeColdCompared=0 planeColdMismatches=0 planeInputUnits=0 planeOutputUnits=0 planeInvalid=0 coneInvocations=0 coneEligible=0 coneApplied=0 coneFallback=0 coneBoundary=0 coneNonfinite=0 coneColdCompared=0 coneColdMismatches=0 coneInputUnits=0 coneOutputUnits=0 coneInvalid=0
[   21.8931] LOG: NIGHTTABLEGATES phase=0 offset=750 first=750 frames=1 selected=1 enabled=1 invocations=0 eligible=0 applied=0 fallback=0 sourceVertices=0 admittedVertices=0 baselineColorQwords=0 tableColorQwords=0 coldCompared=0 coldMismatches=0 invalid=0
[   29.1398] LOG: NIGHTCAMERA phase=0 offset=1155 positionX=00000000 positionY=4028b437 positionZ=c2a19b64 lookX=00000000 lookY=3f9a5e32 lookZ=c2949b64 sceneGeneration=1 mask=0
[   29.1401] LOG: NIGHTCONTEXT phase=0 offset=1155 scene=0 night=1 video=1 display=1 depth=2 width=448 height=448 refreshMilliHz=60000 requested=1 dtBits=3c888889 clockBits=00000000 rasterWidth=448 rasterHeight=448 scaleX=1 scaleY=1 ilChoice=0 ilProbing=0 ilBlock=0 ilFrame=13 ilAccepted=0 ilPipelined=1 frameYield=0
[   29.1564] LOG: NIGHTMAINBATCH phase=0 offset=1155 enabled=0 invocations=1 sourceGroups=3 sourceMembers=11 groups=0 members=0 candidateGroups=0 candidateMembers=0 controlMainSubmits=11 candidateMainSubmits=0 reflectionCarriers=11 reflectionUses=0 fallbackGroups=3 demotedGroups=3 eligibilityRefused=11 dirtyDemotions=0 geometryCompared=396 geometryMismatches=0 duplicateMainSubmits=0 verticesCompared=396 colorBytesCompared=6336
[   29.1567] LOG: NIGHTMAINBATCHGROUP phase=0 offset=1155 enabled=0 group=0 ready=1 admitted=0 demoted=1 submitted=0 first=0 count=144 members=4 geometryHash=3127692120 infoHash=1954737329 lightKey=9 spotEnabled=0
[   29.1569] LOG: NIGHTMAINBATCHGROUP phase=0 offset=1155 enabled=0 group=1 ready=1 admitted=0 demoted=1 submitted=0 first=4 count=144 members=4 geometryHash=4282823848 infoHash=1954737329 lightKey=9 spotEnabled=0
[   29.1571] LOG: NIGHTMAINBATCHGROUP phase=0 offset=1155 enabled=0 group=2 ready=1 admitted=0 demoted=1 submitted=0 first=8 count=108 members=3 geometryHash=4209179936 infoHash=1954737329 lightKey=8 spotEnabled=1
[   29.1573] LOG: NIGHTMAINBATCHMEMBER phase=0 offset=1155 enabled=0 ordinal=0 object=111 idLo=2780058564 idHi=3955406166 group=0 ready=1 admitted=0 mainOriginal=1 mainGrouped=0 reflectionUses=0 count=36 positionHash=1243528085 colorHash=160409637 copiedPositionHash=1243528085 copiedColorHash=160409637 infoHash=1954737329 lightKey=9 spotEnabled=0
[   29.1575] LOG: NIGHTMAINBATCHMEMBER phase=0 offset=1155 enabled=0 ordinal=1 object=112 idLo=3634050940 idHi=1706917770 group=0 ready=1 admitted=0 mainOriginal=1 mainGrouped=0 reflectionUses=0 count=36 positionHash=1590766701 colorHash=160409637 copiedPositionHash=1590766701 copiedColorHash=160409637 infoHash=1954737329 lightKey=9 spotEnabled=0
[   29.1576] LOG: NIGHTMAINBATCHMEMBER phase=0 offset=1155 enabled=0 ordinal=2 object=113 idLo=1668445691 idHi=292729624 group=0 ready=1 admitted=0 mainOriginal=1 mainGrouped=0 reflectionUses=0 count=36 positionHash=1902693821 colorHash=160409637 copiedPositionHash=1902693821 copiedColorHash=160409637 infoHash=1954737329 lightKey=9 spotEnabled=0
[   29.1577] LOG: NIGHTMAINBATCHMEMBER phase=0 offset=1155 enabled=0 ordinal=3 object=114 idLo=972106694 idHi=561652523 group=0 ready=1 admitted=0 mainOriginal=1 mainGrouped=0 reflectionUses=0 count=36 positionHash=2346288717 colorHash=160409637 copiedPositionHash=2346288717 copiedColorHash=160409637 infoHash=1954737329 lightKey=9 spotEnabled=0
[   29.1578] LOG: NIGHTMAINBATCHMEMBER phase=0 offset=1155 enabled=0 ordinal=4 object=115 idLo=2081399757 idHi=2784485820 group=1 ready=1 admitted=0 mainOriginal=1 mainGrouped=0 reflectionUses=0 count=36 positionHash=3517629613 colorHash=160409637 copiedPositionHash=3517629613 copiedColorHash=160409637 infoHash=1954737329 lightKey=9 spotEnabled=0
[   29.1579] LOG: NIGHTMAINBATCHMEMBER phase=0 offset=1155 enabled=0 ordinal=5 object=116 idLo=3640236000 idHi=1461413760 group=1 ready=1 admitted=0 mainOriginal=1 mainGrouped=0 reflectionUses=0 count=36 positionHash=1289874389 colorHash=160409637 copiedPositionHash=1289874389 copiedColorHash=160409637 infoHash=1954737329 lightKey=9 spotEnabled=0
[   29.1580] LOG: NIGHTMAINBATCHMEMBER phase=0 offset=1155 enabled=0 ordinal=6 object=117 idLo=3200682704 idHi=1957638737 group=1 ready=1 admitted=0 mainOriginal=1 mainGrouped=0 reflectionUses=0 count=36 positionHash=1457587941 colorHash=160409637 copiedPositionHash=1457587941 copiedColorHash=160409637 infoHash=1954737329 lightKey=9 spotEnabled=0
[   29.1580] LOG: NIGHTMAINBATCHMEMBER phase=0 offset=1155 enabled=0 ordinal=7 object=118 idLo=4291743550 idHi=984436250 group=1 ready=1 admitted=0 mainOriginal=1 mainGrouped=0 reflectionUses=0 count=36 positionHash=1418357205 colorHash=160409637 copiedPositionHash=1418357205 copiedColorHash=160409637 infoHash=1954737329 lightKey=9 spotEnabled=0
[   29.1581] LOG: NIGHTMAINBATCHMEMBER phase=0 offset=1155 enabled=0 ordinal=8 object=119 idLo=971749064 idHi=1537399590 group=2 ready=1 admitted=0 mainOriginal=1 mainGrouped=0 reflectionUses=0 count=36 positionHash=245321841 colorHash=3180117733 copiedPositionHash=245321841 copiedColorHash=3180117733 infoHash=1954737329 lightKey=8 spotEnabled=1
[   29.1582] LOG: NIGHTMAINBATCHMEMBER phase=0 offset=1155 enabled=0 ordinal=9 object=120 idLo=2669068336 idHi=2572983654 group=2 ready=1 admitted=0 mainOriginal=1 mainGrouped=0 reflectionUses=0 count=36 positionHash=832468137 colorHash=3180117733 copiedPositionHash=832468137 copiedColorHash=3180117733 infoHash=1954737329 lightKey=8 spotEnabled=1
[   29.1583] LOG: NIGHTMAINBATCHMEMBER phase=0 offset=1155 enabled=0 ordinal=10 object=121 idLo=2764081698 idHi=526539510 group=2 ready=1 admitted=0 mainOriginal=1 mainGrouped=0 reflectionUses=0 count=36 positionHash=1824064661 colorHash=3572926853 copiedPositionHash=1824064661 copiedColorHash=3572926853 infoHash=1954737329 lightKey=8 spotEnabled=1
[   29.1583] LOG: NIGHTPROD phase=0 offset=1155 stage=0 enabled=0 calls=0 units1=0 units2=0 units3=0 units4=0 timedCalls=0 reads=0 ticks=0
[   29.1584] LOG: NIGHTPROD phase=0 offset=1155 stage=1 enabled=0 calls=0 units1=0 units2=0 units3=0 units4=0 timedCalls=0 reads=0 ticks=0
[   29.1584] LOG: NIGHTPROD phase=0 offset=1155 stage=2 enabled=0 calls=0 units1=0 units2=0 units3=0 units4=0 timedCalls=0 reads=0 ticks=0
[   29.1585] LOG: NIGHTPROD phase=0 offset=1155 stage=3 enabled=0 calls=0 units1=0 units2=0 units3=0 units4=0 timedCalls=0 reads=0 ticks=0
[   29.1586] LOG: NIGHTPROD phase=0 offset=1155 stage=4 enabled=0 calls=0 units1=0 units2=0 units3=0 units4=0 timedCalls=0 reads=0 ticks=0
[   29.1587] LOG: NIGHTCORONAGATES phase=0 offset=1155 selected=0 enabled=0 coldPackets=0 eligible=0 requested=0 fallback=0 sourceVertices=0 requestedVertices=0 fogOn=0 shaderLit=0 invalid=0 acceptedOutputKnown=0
[   29.1588] LOG: NIGHTGATES phase=0 offset=1155 first=1155 frames=1 mask=0 attempted1=8 executed1=8 skipped1=0 submitted1=8 attempted2=4 executed2=4 skipped2=0 submitted2=5 attempted4=3 executed4=3 skipped4=0 submitted4=5 attempted8=4 executed8=4 skipped8=0 submitted8=1 attempted16=2 executed16=2 skipped16=0 submitted16=1 attempted32=0 executed32=0 skipped32=0 submitted32=0 attempted64=0 executed64=0 skipped64=0 submitted64=0
[   29.1588] LOG: NIGHTEXTRAGATES phase=0 offset=1155 first=1155 frames=1 extraMask=0 attempted1=1 executed1=1 skipped1=0 submitted1=1 attempted2=1 executed2=1 skipped2=0 submitted2=2 attempted4=2 executed4=2 skipped4=0 submitted4=2
[   29.1589] LOG: NIGHTWILDGATES phase=0 offset=1155 first=1155 frames=1 variant=0 enabled=0 planeInvocations=0 planeEligible=0 planeApplied=0 planeFallback=0 planeBoundary=0 planeNonfinite=0 planeColdCompared=0 planeColdMismatches=0 planeInputUnits=0 planeOutputUnits=0 planeInvalid=0 coneInvocations=0 coneEligible=0 coneApplied=0 coneFallback=0 coneBoundary=0 coneNonfinite=0 coneColdCompared=0 coneColdMismatches=0 coneInputUnits=0 coneOutputUnits=0 coneInvalid=0
[   29.1590] LOG: NIGHTTABLEGATES phase=0 offset=1155 first=1155 frames=1 selected=1 enabled=1 invocations=0 eligible=0 applied=0 fallback=0 sourceVertices=0 admittedVertices=0 baselineColorQwords=0 tableColorQwords=0 coldCompared=0 coldMismatches=0 invalid=0
[   41.1577] LOG: NIGHTPRODPHASE phase=1 enabled=1
[   41.1579] LOG: NIGHTCORONAPHASE phase=1 first=1800 selected=0 enabled=0
[   41.1581] LOG: NIGHTPHASE phase=1 first=1800 mask=0 appliedMask=0 sampler=1 countReads=262 samplePtr=00532558
[   41.1582] LOG: NIGHTEXTRAPHASE phase=1 first=1800 extraMask=0 appliedExtraMask=0
[   41.1584] LOG: NIGHTWILDPHASE phase=1 first=1800 variant=0 enabled=0 appliedVariant=0 appliedEnabled=0
[   41.1586] LOG: NIGHTTABLEPHASE phase=1 first=1800 selected=1 enabled=1 appliedSelected=1 appliedEnabled=1
[   54.2631] LOG: NIGHTCAMERA phase=1 offset=750 positionX=00000000 positionY=4028b437 positionZ=c2a19b64 lookX=00000000 lookY=3f9a5e32 lookZ=c2949b64 sceneGeneration=1 mask=0
[   54.2634] LOG: NIGHTCONTEXT phase=1 offset=750 scene=0 night=1 video=1 display=1 depth=2 width=448 height=448 refreshMilliHz=60000 requested=1 dtBits=3c888889 clockBits=00000000 rasterWidth=448 rasterHeight=448 scaleX=1 scaleY=1 ilChoice=0 ilProbing=0 ilBlock=0 ilFrame=58 ilAccepted=0 ilPipelined=1 frameYield=0
[   54.2804] LOG: NIGHTMAINBATCH phase=1 offset=750 enabled=1 invocations=1 sourceGroups=3 sourceMembers=11 groups=0 members=0 candidateGroups=0 candidateMembers=0 controlMainSubmits=11 candidateMainSubmits=0 reflectionCarriers=11 reflectionUses=0 fallbackGroups=3 demotedGroups=3 eligibilityRefused=11 dirtyDemotions=0 geometryCompared=396 geometryMismatches=0 duplicateMainSubmits=0 verticesCompared=396 colorBytesCompared=6336
[   54.2807] LOG: NIGHTMAINBATCHGROUP phase=1 offset=750 enabled=1 group=0 ready=1 admitted=0 demoted=1 submitted=0 first=0 count=144 members=4 geometryHash=3127692120 infoHash=1954737329 lightKey=9 spotEnabled=0
[   54.2810] LOG: NIGHTMAINBATCHGROUP phase=1 offset=750 enabled=1 group=1 ready=1 admitted=0 demoted=1 submitted=0 first=4 count=144 members=4 geometryHash=4282823848 infoHash=1954737329 lightKey=9 spotEnabled=0
[   54.2811] LOG: NIGHTMAINBATCHGROUP phase=1 offset=750 enabled=1 group=2 ready=1 admitted=0 demoted=1 submitted=0 first=8 count=108 members=3 geometryHash=4209179936 infoHash=1954737329 lightKey=8 spotEnabled=1
[   54.2814] LOG: NIGHTMAINBATCHMEMBER phase=1 offset=750 enabled=1 ordinal=0 object=111 idLo=2780058564 idHi=3955406166 group=0 ready=1 admitted=0 mainOriginal=1 mainGrouped=0 reflectionUses=0 count=36 positionHash=1243528085 colorHash=160409637 copiedPositionHash=1243528085 copiedColorHash=160409637 infoHash=1954737329 lightKey=9 spotEnabled=0
[   54.2815] LOG: NIGHTMAINBATCHMEMBER phase=1 offset=750 enabled=1 ordinal=1 object=112 idLo=3634050940 idHi=1706917770 group=0 ready=1 admitted=0 mainOriginal=1 mainGrouped=0 reflectionUses=0 count=36 positionHash=1590766701 colorHash=160409637 copiedPositionHash=1590766701 copiedColorHash=160409637 infoHash=1954737329 lightKey=9 spotEnabled=0
[   54.2816] LOG: NIGHTMAINBATCHMEMBER phase=1 offset=750 enabled=1 ordinal=2 object=113 idLo=1668445691 idHi=292729624 group=0 ready=1 admitted=0 mainOriginal=1 mainGrouped=0 reflectionUses=0 count=36 positionHash=1902693821 colorHash=160409637 copiedPositionHash=1902693821 copiedColorHash=160409637 infoHash=1954737329 lightKey=9 spotEnabled=0
[   54.2818] LOG: NIGHTMAINBATCHMEMBER phase=1 offset=750 enabled=1 ordinal=3 object=114 idLo=972106694 idHi=561652523 group=0 ready=1 admitted=0 mainOriginal=1 mainGrouped=0 reflectionUses=0 count=36 positionHash=2346288717 colorHash=160409637 copiedPositionHash=2346288717 copiedColorHash=160409637 infoHash=1954737329 lightKey=9 spotEnabled=0
[   54.2818] LOG: NIGHTMAINBATCHMEMBER phase=1 offset=750 enabled=1 ordinal=4 object=115 idLo=2081399757 idHi=2784485820 group=1 ready=1 admitted=0 mainOriginal=1 mainGrouped=0 reflectionUses=0 count=36 positionHash=3517629613 colorHash=160409637 copiedPositionHash=3517629613 copiedColorHash=160409637 infoHash=1954737329 lightKey=9 spotEnabled=0
[   54.2819] LOG: NIGHTMAINBATCHMEMBER phase=1 offset=750 enabled=1 ordinal=5 object=116 idLo=3640236000 idHi=1461413760 group=1 ready=1 admitted=0 mainOriginal=1 mainGrouped=0 reflectionUses=0 count=36 positionHash=1289874389 colorHash=160409637 copiedPositionHash=1289874389 copiedColorHash=160409637 infoHash=1954737329 lightKey=9 spotEnabled=0
[   54.2820] LOG: NIGHTMAINBATCHMEMBER phase=1 offset=750 enabled=1 ordinal=6 object=117 idLo=3200682704 idHi=1957638737 group=1 ready=1 admitted=0 mainOriginal=1 mainGrouped=0 reflectionUses=0 count=36 positionHash=1457587941 colorHash=160409637 copiedPositionHash=1457587941 copiedColorHash=160409637 infoHash=1954737329 lightKey=9 spotEnabled=0
[   54.2821] LOG: NIGHTMAINBATCHMEMBER phase=1 offset=750 enabled=1 ordinal=7 object=118 idLo=4291743550 idHi=984436250 group=1 ready=1 admitted=0 mainOriginal=1 mainGrouped=0 reflectionUses=0 count=36 positionHash=1418357205 colorHash=160409637 copiedPositionHash=1418357205 copiedColorHash=160409637 infoHash=1954737329 lightKey=9 spotEnabled=0
[   54.2822] LOG: NIGHTMAINBATCHMEMBER phase=1 offset=750 enabled=1 ordinal=8 object=119 idLo=971749064 idHi=1537399590 group=2 ready=1 admitted=0 mainOriginal=1 mainGrouped=0 reflectionUses=0 count=36 positionHash=245321841 colorHash=3180117733 copiedPositionHash=245321841 copiedColorHash=3180117733 infoHash=1954737329 lightKey=8 spotEnabled=1
[   54.2823] LOG: NIGHTMAINBATCHMEMBER phase=1 offset=750 enabled=1 ordinal=9 object=120 idLo=2669068336 idHi=2572983654 group=2 ready=1 admitted=0 mainOriginal=1 mainGrouped=0 reflectionUses=0 count=36 positionHash=832468137 colorHash=3180117733 copiedPositionHash=832468137 copiedColorHash=3180117733 infoHash=1954737329 lightKey=8 spotEnabled=1
[   54.2823] LOG: NIGHTMAINBATCHMEMBER phase=1 offset=750 enabled=1 ordinal=10 object=121 idLo=2764081698 idHi=526539510 group=2 ready=1 admitted=0 mainOriginal=1 mainGrouped=0 reflectionUses=0 count=36 positionHash=1824064661 colorHash=3572926853 copiedPositionHash=1824064661 copiedColorHash=3572926853 infoHash=1954737329 lightKey=8 spotEnabled=1
[   54.2824] LOG: NIGHTPROD phase=1 offset=750 stage=0 enabled=1 calls=0 units1=0 units2=0 units3=0 units4=0 timedCalls=0 reads=0 ticks=0
[   54.2824] LOG: NIGHTPROD phase=1 offset=750 stage=1 enabled=1 calls=0 units1=0 units2=0 units3=0 units4=0 timedCalls=0 reads=0 ticks=0
[   54.2825] LOG: NIGHTPROD phase=1 offset=750 stage=2 enabled=1 calls=0 units1=0 units2=0 units3=0 units4=0 timedCalls=0 reads=0 ticks=0
[   54.2825] LOG: NIGHTPROD phase=1 offset=750 stage=3 enabled=1 calls=0 units1=0 units2=0 units3=0 units4=0 timedCalls=0 reads=0 ticks=0
[   54.2826] LOG: NIGHTPROD phase=1 offset=750 stage=4 enabled=1 calls=0 units1=0 units2=0 units3=0 units4=0 timedCalls=0 reads=0 ticks=0
[   54.2827] LOG: NIGHTCORONAGATES phase=1 offset=750 selected=0 enabled=0 coldPackets=0 eligible=0 requested=0 fallback=0 sourceVertices=0 requestedVertices=0 fogOn=0 shaderLit=0 invalid=0 acceptedOutputKnown=0
[   54.2828] LOG: NIGHTGATES phase=1 offset=750 first=750 frames=1 mask=0 attempted1=8 executed1=8 skipped1=0 submitted1=8 attempted2=4 executed2=4 skipped2=0 submitted2=5 attempted4=3 executed4=3 skipped4=0 submitted4=5 attempted8=4 executed8=4 skipped8=0 submitted8=1 attempted16=2 executed16=2 skipped16=0 submitted16=1 attempted32=0 executed32=0 skipped32=0 submitted32=0 attempted64=0 executed64=0 skipped64=0 submitted64=0
[   54.2829] LOG: NIGHTEXTRAGATES phase=1 offset=750 first=750 frames=1 extraMask=0 attempted1=1 executed1=1 skipped1=0 submitted1=1 attempted2=1 executed2=1 skipped2=0 submitted2=2 attempted4=2 executed4=2 skipped4=0 submitted4=2
[   54.2829] LOG: NIGHTWILDGATES phase=1 offset=750 first=750 frames=1 variant=0 enabled=0 planeInvocations=0 planeEligible=0 planeApplied=0 planeFallback=0 planeBoundary=0 planeNonfinite=0 planeColdCompared=0 planeColdMismatches=0 planeInputUnits=0 planeOutputUnits=0 planeInvalid=0 coneInvocations=0 coneEligible=0 coneApplied=0 coneFallback=0 coneBoundary=0 coneNonfinite=0 coneColdCompared=0 coneColdMismatches=0 coneInputUnits=0 coneOutputUnits=0 coneInvalid=0
[   54.2830] LOG: NIGHTTABLEGATES phase=1 offset=750 first=750 frames=1 selected=1 enabled=1 invocations=0 eligible=0 applied=0 fallback=0 sourceVertices=0 admittedVertices=0 baselineColorQwords=0 tableColorQwords=0 coldCompared=0 coldMismatches=0 invalid=0
[   61.3632] LOG: NIGHTCAMERA phase=1 offset=1155 positionX=00000000 positionY=4028b437 positionZ=c2a19b64 lookX=00000000 lookY=3f9a5e32 lookZ=c2949b64 sceneGeneration=1 mask=0
[   61.3635] LOG: NIGHTCONTEXT phase=1 offset=1155 scene=0 night=1 video=1 display=1 depth=2 width=448 height=448 refreshMilliHz=60000 requested=1 dtBits=3c888889 clockBits=00000000 rasterWidth=448 rasterHeight=448 scaleX=1 scaleY=1 ilChoice=0 ilProbing=0 ilBlock=0 ilFrame=13 ilAccepted=0 ilPipelined=1 frameYield=0
[   61.3793] LOG: NIGHTMAINBATCH phase=1 offset=1155 enabled=1 invocations=1 sourceGroups=3 sourceMembers=11 groups=0 members=0 candidateGroups=0 candidateMembers=0 controlMainSubmits=11 candidateMainSubmits=0 reflectionCarriers=11 reflectionUses=0 fallbackGroups=3 demotedGroups=3 eligibilityRefused=11 dirtyDemotions=0 geometryCompared=396 geometryMismatches=0 duplicateMainSubmits=0 verticesCompared=396 colorBytesCompared=6336
[   61.3795] LOG: NIGHTMAINBATCHGROUP phase=1 offset=1155 enabled=1 group=0 ready=1 admitted=0 demoted=1 submitted=0 first=0 count=144 members=4 geometryHash=3127692120 infoHash=1954737329 lightKey=9 spotEnabled=0
[   61.3797] LOG: NIGHTMAINBATCHGROUP phase=1 offset=1155 enabled=1 group=1 ready=1 admitted=0 demoted=1 submitted=0 first=4 count=144 members=4 geometryHash=4282823848 infoHash=1954737329 lightKey=9 spotEnabled=0
[   61.3801] LOG: NIGHTMAINBATCHGROUP phase=1 offset=1155 enabled=1 group=2 ready=1 admitted=0 demoted=1 submitted=0 first=8 count=108 members=3 geometryHash=4209179936 infoHash=1954737329 lightKey=8 spotEnabled=1
[   61.3803] LOG: NIGHTMAINBATCHMEMBER phase=1 offset=1155 enabled=1 ordinal=0 object=111 idLo=2780058564 idHi=3955406166 group=0 ready=1 admitted=0 mainOriginal=1 mainGrouped=0 reflectionUses=0 count=36 positionHash=1243528085 colorHash=160409637 copiedPositionHash=1243528085 copiedColorHash=160409637 infoHash=1954737329 lightKey=9 spotEnabled=0
[   61.3804] LOG: NIGHTMAINBATCHMEMBER phase=1 offset=1155 enabled=1 ordinal=1 object=112 idLo=3634050940 idHi=1706917770 group=0 ready=1 admitted=0 mainOriginal=1 mainGrouped=0 reflectionUses=0 count=36 positionHash=1590766701 colorHash=160409637 copiedPositionHash=1590766701 copiedColorHash=160409637 infoHash=1954737329 lightKey=9 spotEnabled=0
[   61.3805] LOG: NIGHTMAINBATCHMEMBER phase=1 offset=1155 enabled=1 ordinal=2 object=113 idLo=1668445691 idHi=292729624 group=0 ready=1 admitted=0 mainOriginal=1 mainGrouped=0 reflectionUses=0 count=36 positionHash=1902693821 colorHash=160409637 copiedPositionHash=1902693821 copiedColorHash=160409637 infoHash=1954737329 lightKey=9 spotEnabled=0
[   61.3806] LOG: NIGHTMAINBATCHMEMBER phase=1 offset=1155 enabled=1 ordinal=3 object=114 idLo=972106694 idHi=561652523 group=0 ready=1 admitted=0 mainOriginal=1 mainGrouped=0 reflectionUses=0 count=36 positionHash=2346288717 colorHash=160409637 copiedPositionHash=2346288717 copiedColorHash=160409637 infoHash=1954737329 lightKey=9 spotEnabled=0
[   61.3807] LOG: NIGHTMAINBATCHMEMBER phase=1 offset=1155 enabled=1 ordinal=4 object=115 idLo=2081399757 idHi=2784485820 group=1 ready=1 admitted=0 mainOriginal=1 mainGrouped=0 reflectionUses=0 count=36 positionHash=3517629613 colorHash=160409637 copiedPositionHash=3517629613 copiedColorHash=160409637 infoHash=1954737329 lightKey=9 spotEnabled=0
[   61.3807] LOG: NIGHTMAINBATCHMEMBER phase=1 offset=1155 enabled=1 ordinal=5 object=116 idLo=3640236000 idHi=1461413760 group=1 ready=1 admitted=0 mainOriginal=1 mainGrouped=0 reflectionUses=0 count=36 positionHash=1289874389 colorHash=160409637 copiedPositionHash=1289874389 copiedColorHash=160409637 infoHash=1954737329 lightKey=9 spotEnabled=0
[   61.3809] LOG: NIGHTMAINBATCHMEMBER phase=1 offset=1155 enabled=1 ordinal=6 object=117 idLo=3200682704 idHi=1957638737 group=1 ready=1 admitted=0 mainOriginal=1 mainGrouped=0 reflectionUses=0 count=36 positionHash=1457587941 colorHash=160409637 copiedPositionHash=1457587941 copiedColorHash=160409637 infoHash=1954737329 lightKey=9 spotEnabled=0
[   61.3810] LOG: NIGHTMAINBATCHMEMBER phase=1 offset=1155 enabled=1 ordinal=7 object=118 idLo=4291743550 idHi=984436250 group=1 ready=1 admitted=0 mainOriginal=1 mainGrouped=0 reflectionUses=0 count=36 positionHash=1418357205 colorHash=160409637 copiedPositionHash=1418357205 copiedColorHash=160409637 infoHash=1954737329 lightKey=9 spotEnabled=0
[   61.3811] LOG: NIGHTMAINBATCHMEMBER phase=1 offset=1155 enabled=1 ordinal=8 object=119 idLo=971749064 idHi=1537399590 group=2 ready=1 admitted=0 mainOriginal=1 mainGrouped=0 reflectionUses=0 count=36 positionHash=245321841 colorHash=3180117733 copiedPositionHash=245321841 copiedColorHash=3180117733 infoHash=1954737329 lightKey=8 spotEnabled=1
[   61.3812] LOG: NIGHTMAINBATCHMEMBER phase=1 offset=1155 enabled=1 ordinal=9 object=120 idLo=2669068336 idHi=2572983654 group=2 ready=1 admitted=0 mainOriginal=1 mainGrouped=0 reflectionUses=0 count=36 positionHash=832468137 colorHash=3180117733 copiedPositionHash=832468137 copiedColorHash=3180117733 infoHash=1954737329 lightKey=8 spotEnabled=1
[   61.3813] LOG: NIGHTMAINBATCHMEMBER phase=1 offset=1155 enabled=1 ordinal=10 object=121 idLo=2764081698 idHi=526539510 group=2 ready=1 admitted=0 mainOriginal=1 mainGrouped=0 reflectionUses=0 count=36 positionHash=1824064661 colorHash=3572926853 copiedPositionHash=1824064661 copiedColorHash=3572926853 infoHash=1954737329 lightKey=8 spotEnabled=1
[   61.3813] LOG: NIGHTPROD phase=1 offset=1155 stage=0 enabled=1 calls=0 units1=0 units2=0 units3=0 units4=0 timedCalls=0 reads=0 ticks=0
[   61.3814] LOG: NIGHTPROD phase=1 offset=1155 stage=1 enabled=1 calls=0 units1=0 units2=0 units3=0 units4=0 timedCalls=0 reads=0 ticks=0
[   61.3814] LOG: NIGHTPROD phase=1 offset=1155 stage=2 enabled=1 calls=0 units1=0 units2=0 units3=0 units4=0 timedCalls=0 reads=0 ticks=0
[   61.3815] LOG: NIGHTPROD phase=1 offset=1155 stage=3 enabled=1 calls=0 units1=0 units2=0 units3=0 units4=0 timedCalls=0 reads=0 ticks=0
[   61.3815] LOG: NIGHTPROD phase=1 offset=1155 stage=4 enabled=1 calls=0 units1=0 units2=0 units3=0 units4=0 timedCalls=0 reads=0 ticks=0
[   61.3816] LOG: NIGHTCORONAGATES phase=1 offset=1155 selected=0 enabled=0 coldPackets=0 eligible=0 requested=0 fallback=0 sourceVertices=0 requestedVertices=0 fogOn=0 shaderLit=0 invalid=0 acceptedOutputKnown=0
[   61.3817] LOG: NIGHTGATES phase=1 offset=1155 first=1155 frames=1 mask=0 attempted1=8 executed1=8 skipped1=0 submitted1=8 attempted2=4 executed2=4 skipped2=0 submitted2=5 attempted4=3 executed4=3 skipped4=0 submitted4=5 attempted8=4 executed8=4 skipped8=0 submitted8=1 attempted16=2 executed16=2 skipped16=0 submitted16=1 attempted32=0 executed32=0 skipped32=0 submitted32=0 attempted64=0 executed64=0 skipped64=0 submitted64=0
[   61.3817] LOG: NIGHTEXTRAGATES phase=1 offset=1155 first=1155 frames=1 extraMask=0 attempted1=1 executed1=1 skipped1=0 submitted1=1 attempted2=1 executed2=1 skipped2=0 submitted2=2 attempted4=2 executed4=2 skipped4=0 submitted4=2
[   61.3818] LOG: NIGHTWILDGATES phase=1 offset=1155 first=1155 frames=1 variant=0 enabled=0 planeInvocations=0 planeEligible=0 planeApplied=0 planeFallback=0 planeBoundary=0 planeNonfinite=0 planeColdCompared=0 planeColdMismatches=0 planeInputUnits=0 planeOutputUnits=0 planeInvalid=0 coneInvocations=0 coneEligible=0 coneApplied=0 coneFallback=0 coneBoundary=0 coneNonfinite=0 coneColdCompared=0 coneColdMismatches=0 coneInputUnits=0 coneOutputUnits=0 coneInvalid=0
[   61.3819] LOG: NIGHTTABLEGATES phase=1 offset=1155 first=1155 frames=1 selected=1 enabled=1 invocations=0 eligible=0 applied=0 fallback=0 sourceVertices=0 admittedVertices=0 baselineColorQwords=0 tableColorQwords=0 coldCompared=0 coldMismatches=0 invalid=0
[   72.7596] LOG: NIGHTPRODPHASE phase=2 enabled=0
[   72.7598] LOG: NIGHTCORONAPHASE phase=2 first=3600 selected=0 enabled=0
[   72.7600] LOG: NIGHTPHASE phase=2 first=3600 mask=0 appliedMask=0 sampler=1 countReads=262 samplePtr=00532558
[   72.7601] LOG: NIGHTEXTRAPHASE phase=2 first=3600 extraMask=0 appliedExtraMask=0
[   72.7603] LOG: NIGHTWILDPHASE phase=2 first=3600 variant=0 enabled=0 appliedVariant=0 appliedEnabled=0
[   72.7605] LOG: NIGHTTABLEPHASE phase=2 first=3600 selected=1 enabled=1 appliedSelected=1 appliedEnabled=1
[   85.8566] LOG: NIGHTCAMERA phase=2 offset=750 positionX=00000000 positionY=4028b437 positionZ=c2a19b64 lookX=00000000 lookY=3f9a5e32 lookZ=c2949b64 sceneGeneration=1 mask=0
[   85.8568] LOG: NIGHTCONTEXT phase=2 offset=750 scene=0 night=1 video=1 display=1 depth=2 width=448 height=448 refreshMilliHz=60000 requested=1 dtBits=3c888889 clockBits=00000000 rasterWidth=448 rasterHeight=448 scaleX=1 scaleY=1 ilChoice=0 ilProbing=0 ilBlock=0 ilFrame=58 ilAccepted=0 ilPipelined=1 frameYield=0
[   85.8751] LOG: NIGHTMAINBATCH phase=2 offset=750 enabled=0 invocations=1 sourceGroups=3 sourceMembers=11 groups=0 members=0 candidateGroups=0 candidateMembers=0 controlMainSubmits=11 candidateMainSubmits=0 reflectionCarriers=11 reflectionUses=0 fallbackGroups=3 demotedGroups=3 eligibilityRefused=11 dirtyDemotions=0 geometryCompared=396 geometryMismatches=0 duplicateMainSubmits=0 verticesCompared=396 colorBytesCompared=6336
[   85.8754] LOG: NIGHTMAINBATCHGROUP phase=2 offset=750 enabled=0 group=0 ready=1 admitted=0 demoted=1 submitted=0 first=0 count=144 members=4 geometryHash=3127692120 infoHash=1954737329 lightKey=9 spotEnabled=0
[   85.8756] LOG: NIGHTMAINBATCHGROUP phase=2 offset=750 enabled=0 group=1 ready=1 admitted=0 demoted=1 submitted=0 first=4 count=144 members=4 geometryHash=4282823848 infoHash=1954737329 lightKey=9 spotEnabled=0
[   85.8758] LOG: NIGHTMAINBATCHGROUP phase=2 offset=750 enabled=0 group=2 ready=1 admitted=0 demoted=1 submitted=0 first=8 count=108 members=3 geometryHash=4209179936 infoHash=1954737329 lightKey=8 spotEnabled=1
[   85.8760] LOG: NIGHTMAINBATCHMEMBER phase=2 offset=750 enabled=0 ordinal=0 object=111 idLo=2780058564 idHi=3955406166 group=0 ready=1 admitted=0 mainOriginal=1 mainGrouped=0 reflectionUses=0 count=36 positionHash=1243528085 colorHash=160409637 copiedPositionHash=1243528085 copiedColorHash=160409637 infoHash=1954737329 lightKey=9 spotEnabled=0
[   85.8762] LOG: NIGHTMAINBATCHMEMBER phase=2 offset=750 enabled=0 ordinal=1 object=112 idLo=3634050940 idHi=1706917770 group=0 ready=1 admitted=0 mainOriginal=1 mainGrouped=0 reflectionUses=0 count=36 positionHash=1590766701 colorHash=160409637 copiedPositionHash=1590766701 copiedColorHash=160409637 infoHash=1954737329 lightKey=9 spotEnabled=0
[   85.8763] LOG: NIGHTMAINBATCHMEMBER phase=2 offset=750 enabled=0 ordinal=2 object=113 idLo=1668445691 idHi=292729624 group=0 ready=1 admitted=0 mainOriginal=1 mainGrouped=0 reflectionUses=0 count=36 positionHash=1902693821 colorHash=160409637 copiedPositionHash=1902693821 copiedColorHash=160409637 infoHash=1954737329 lightKey=9 spotEnabled=0
[   85.8763] LOG: NIGHTMAINBATCHMEMBER phase=2 offset=750 enabled=0 ordinal=3 object=114 idLo=972106694 idHi=561652523 group=0 ready=1 admitted=0 mainOriginal=1 mainGrouped=0 reflectionUses=0 count=36 positionHash=2346288717 colorHash=160409637 copiedPositionHash=2346288717 copiedColorHash=160409637 infoHash=1954737329 lightKey=9 spotEnabled=0
[   85.8764] LOG: NIGHTMAINBATCHMEMBER phase=2 offset=750 enabled=0 ordinal=4 object=115 idLo=2081399757 idHi=2784485820 group=1 ready=1 admitted=0 mainOriginal=1 mainGrouped=0 reflectionUses=0 count=36 positionHash=3517629613 colorHash=160409637 copiedPositionHash=3517629613 copiedColorHash=160409637 infoHash=1954737329 lightKey=9 spotEnabled=0
[   85.8766] LOG: NIGHTMAINBATCHMEMBER phase=2 offset=750 enabled=0 ordinal=5 object=116 idLo=3640236000 idHi=1461413760 group=1 ready=1 admitted=0 mainOriginal=1 mainGrouped=0 reflectionUses=0 count=36 positionHash=1289874389 colorHash=160409637 copiedPositionHash=1289874389 copiedColorHash=160409637 infoHash=1954737329 lightKey=9 spotEnabled=0
[   85.8767] LOG: NIGHTMAINBATCHMEMBER phase=2 offset=750 enabled=0 ordinal=6 object=117 idLo=3200682704 idHi=1957638737 group=1 ready=1 admitted=0 mainOriginal=1 mainGrouped=0 reflectionUses=0 count=36 positionHash=1457587941 colorHash=160409637 copiedPositionHash=1457587941 copiedColorHash=160409637 infoHash=1954737329 lightKey=9 spotEnabled=0
[   85.8767] LOG: NIGHTMAINBATCHMEMBER phase=2 offset=750 enabled=0 ordinal=7 object=118 idLo=4291743550 idHi=984436250 group=1 ready=1 admitted=0 mainOriginal=1 mainGrouped=0 reflectionUses=0 count=36 positionHash=1418357205 colorHash=160409637 copiedPositionHash=1418357205 copiedColorHash=160409637 infoHash=1954737329 lightKey=9 spotEnabled=0
[   85.8768] LOG: NIGHTMAINBATCHMEMBER phase=2 offset=750 enabled=0 ordinal=8 object=119 idLo=971749064 idHi=1537399590 group=2 ready=1 admitted=0 mainOriginal=1 mainGrouped=0 reflectionUses=0 count=36 positionHash=245321841 colorHash=3180117733 copiedPositionHash=245321841 copiedColorHash=3180117733 infoHash=1954737329 lightKey=8 spotEnabled=1
[   85.8769] LOG: NIGHTMAINBATCHMEMBER phase=2 offset=750 enabled=0 ordinal=9 object=120 idLo=2669068336 idHi=2572983654 group=2 ready=1 admitted=0 mainOriginal=1 mainGrouped=0 reflectionUses=0 count=36 positionHash=832468137 colorHash=3180117733 copiedPositionHash=832468137 copiedColorHash=3180117733 infoHash=1954737329 lightKey=8 spotEnabled=1
[   85.8770] LOG: NIGHTMAINBATCHMEMBER phase=2 offset=750 enabled=0 ordinal=10 object=121 idLo=2764081698 idHi=526539510 group=2 ready=1 admitted=0 mainOriginal=1 mainGrouped=0 reflectionUses=0 count=36 positionHash=1824064661 colorHash=3572926853 copiedPositionHash=1824064661 copiedColorHash=3572926853 infoHash=1954737329 lightKey=8 spotEnabled=1
[   85.8771] LOG: NIGHTPROD phase=2 offset=750 stage=0 enabled=0 calls=0 units1=0 units2=0 units3=0 units4=0 timedCalls=0 reads=0 ticks=0
[   85.8772] LOG: NIGHTPROD phase=2 offset=750 stage=1 enabled=0 calls=0 units1=0 units2=0 units3=0 units4=0 timedCalls=0 reads=0 ticks=0
[   85.8772] LOG: NIGHTPROD phase=2 offset=750 stage=2 enabled=0 calls=0 units1=0 units2=0 units3=0 units4=0 timedCalls=0 reads=0 ticks=0
[   85.8773] LOG: NIGHTPROD phase=2 offset=750 stage=3 enabled=0 calls=0 units1=0 units2=0 units3=0 units4=0 timedCalls=0 reads=0 ticks=0
[   85.8773] LOG: NIGHTPROD phase=2 offset=750 stage=4 enabled=0 calls=0 units1=0 units2=0 units3=0 units4=0 timedCalls=0 reads=0 ticks=0
[   85.8774] LOG: NIGHTCORONAGATES phase=2 offset=750 selected=0 enabled=0 coldPackets=0 eligible=0 requested=0 fallback=0 sourceVertices=0 requestedVertices=0 fogOn=0 shaderLit=0 invalid=0 acceptedOutputKnown=0
[   85.8775] LOG: NIGHTGATES phase=2 offset=750 first=750 frames=1 mask=0 attempted1=8 executed1=8 skipped1=0 submitted1=8 attempted2=4 executed2=4 skipped2=0 submitted2=5 attempted4=3 executed4=3 skipped4=0 submitted4=5 attempted8=4 executed8=4 skipped8=0 submitted8=1 attempted16=2 executed16=2 skipped16=0 submitted16=1 attempted32=0 executed32=0 skipped32=0 submitted32=0 attempted64=0 executed64=0 skipped64=0 submitted64=0
[   85.8775] LOG: NIGHTEXTRAGATES phase=2 offset=750 first=750 frames=1 extraMask=0 attempted1=1 executed1=1 skipped1=0 submitted1=1 attempted2=1 executed2=1 skipped2=0 submitted2=2 attempted4=2 executed4=2 skipped4=0 submitted4=2
[   85.8776] LOG: NIGHTWILDGATES phase=2 offset=750 first=750 frames=1 variant=0 enabled=0 planeInvocations=0 planeEligible=0 planeApplied=0 planeFallback=0 planeBoundary=0 planeNonfinite=0 planeColdCompared=0 planeColdMismatches=0 planeInputUnits=0 planeOutputUnits=0 planeInvalid=0 coneInvocations=0 coneEligible=0 coneApplied=0 coneFallback=0 coneBoundary=0 coneNonfinite=0 coneColdCompared=0 coneColdMismatches=0 coneInputUnits=0 coneOutputUnits=0 coneInvalid=0
[   85.8777] LOG: NIGHTTABLEGATES phase=2 offset=750 first=750 frames=1 selected=1 enabled=1 invocations=0 eligible=0 applied=0 fallback=0 sourceVertices=0 admittedVertices=0 baselineColorQwords=0 tableColorQwords=0 coldCompared=0 coldMismatches=0 invalid=0
[   93.1675] LOG: NIGHTCAMERA phase=2 offset=1155 positionX=00000000 positionY=4028b437 positionZ=c2a19b64 lookX=00000000 lookY=3f9a5e32 lookZ=c2949b64 sceneGeneration=1 mask=0
[   93.1677] LOG: NIGHTCONTEXT phase=2 offset=1155 scene=0 night=1 video=1 display=1 depth=2 width=448 height=448 refreshMilliHz=60000 requested=1 dtBits=3c888889 clockBits=00000000 rasterWidth=448 rasterHeight=448 scaleX=1 scaleY=1 ilChoice=0 ilProbing=0 ilBlock=0 ilFrame=13 ilAccepted=0 ilPipelined=1 frameYield=0
[   93.1846] LOG: NIGHTMAINBATCH phase=2 offset=1155 enabled=0 invocations=1 sourceGroups=3 sourceMembers=11 groups=0 members=0 candidateGroups=0 candidateMembers=0 controlMainSubmits=11 candidateMainSubmits=0 reflectionCarriers=11 reflectionUses=0 fallbackGroups=3 demotedGroups=3 eligibilityRefused=11 dirtyDemotions=0 geometryCompared=396 geometryMismatches=0 duplicateMainSubmits=0 verticesCompared=396 colorBytesCompared=6336
[   93.1849] LOG: NIGHTMAINBATCHGROUP phase=2 offset=1155 enabled=0 group=0 ready=1 admitted=0 demoted=1 submitted=0 first=0 count=144 members=4 geometryHash=3127692120 infoHash=1954737329 lightKey=9 spotEnabled=0
[   93.1852] LOG: NIGHTMAINBATCHGROUP phase=2 offset=1155 enabled=0 group=1 ready=1 admitted=0 demoted=1 submitted=0 first=4 count=144 members=4 geometryHash=4282823848 infoHash=1954737329 lightKey=9 spotEnabled=0
[   93.1854] LOG: NIGHTMAINBATCHGROUP phase=2 offset=1155 enabled=0 group=2 ready=1 admitted=0 demoted=1 submitted=0 first=8 count=108 members=3 geometryHash=4209179936 infoHash=1954737329 lightKey=8 spotEnabled=1
[   93.1857] LOG: NIGHTMAINBATCHMEMBER phase=2 offset=1155 enabled=0 ordinal=0 object=111 idLo=2780058564 idHi=3955406166 group=0 ready=1 admitted=0 mainOriginal=1 mainGrouped=0 reflectionUses=0 count=36 positionHash=1243528085 colorHash=160409637 copiedPositionHash=1243528085 copiedColorHash=160409637 infoHash=1954737329 lightKey=9 spotEnabled=0
[   93.1858] LOG: NIGHTMAINBATCHMEMBER phase=2 offset=1155 enabled=0 ordinal=1 object=112 idLo=3634050940 idHi=1706917770 group=0 ready=1 admitted=0 mainOriginal=1 mainGrouped=0 reflectionUses=0 count=36 positionHash=1590766701 colorHash=160409637 copiedPositionHash=1590766701 copiedColorHash=160409637 infoHash=1954737329 lightKey=9 spotEnabled=0
[   93.1860] LOG: NIGHTMAINBATCHMEMBER phase=2 offset=1155 enabled=0 ordinal=2 object=113 idLo=1668445691 idHi=292729624 group=0 ready=1 admitted=0 mainOriginal=1 mainGrouped=0 reflectionUses=0 count=36 positionHash=1902693821 colorHash=160409637 copiedPositionHash=1902693821 copiedColorHash=160409637 infoHash=1954737329 lightKey=9 spotEnabled=0
[   93.1861] LOG: NIGHTMAINBATCHMEMBER phase=2 offset=1155 enabled=0 ordinal=3 object=114 idLo=972106694 idHi=561652523 group=0 ready=1 admitted=0 mainOriginal=1 mainGrouped=0 reflectionUses=0 count=36 positionHash=2346288717 colorHash=160409637 copiedPositionHash=2346288717 copiedColorHash=160409637 infoHash=1954737329 lightKey=9 spotEnabled=0
[   93.1862] LOG: NIGHTMAINBATCHMEMBER phase=2 offset=1155 enabled=0 ordinal=4 object=115 idLo=2081399757 idHi=2784485820 group=1 ready=1 admitted=0 mainOriginal=1 mainGrouped=0 reflectionUses=0 count=36 positionHash=3517629613 colorHash=160409637 copiedPositionHash=3517629613 copiedColorHash=160409637 infoHash=1954737329 lightKey=9 spotEnabled=0
[   93.1863] LOG: NIGHTMAINBATCHMEMBER phase=2 offset=1155 enabled=0 ordinal=5 object=116 idLo=3640236000 idHi=1461413760 group=1 ready=1 admitted=0 mainOriginal=1 mainGrouped=0 reflectionUses=0 count=36 positionHash=1289874389 colorHash=160409637 copiedPositionHash=1289874389 copiedColorHash=160409637 infoHash=1954737329 lightKey=9 spotEnabled=0
[   93.1864] LOG: NIGHTMAINBATCHMEMBER phase=2 offset=1155 enabled=0 ordinal=6 object=117 idLo=3200682704 idHi=1957638737 group=1 ready=1 admitted=0 mainOriginal=1 mainGrouped=0 reflectionUses=0 count=36 positionHash=1457587941 colorHash=160409637 copiedPositionHash=1457587941 copiedColorHash=160409637 infoHash=1954737329 lightKey=9 spotEnabled=0
[   93.1865] LOG: NIGHTMAINBATCHMEMBER phase=2 offset=1155 enabled=0 ordinal=7 object=118 idLo=4291743550 idHi=984436250 group=1 ready=1 admitted=0 mainOriginal=1 mainGrouped=0 reflectionUses=0 count=36 positionHash=1418357205 colorHash=160409637 copiedPositionHash=1418357205 copiedColorHash=160409637 infoHash=1954737329 lightKey=9 spotEnabled=0
[   93.1866] LOG: NIGHTMAINBATCHMEMBER phase=2 offset=1155 enabled=0 ordinal=8 object=119 idLo=971749064 idHi=1537399590 group=2 ready=1 admitted=0 mainOriginal=1 mainGrouped=0 reflectionUses=0 count=36 positionHash=245321841 colorHash=3180117733 copiedPositionHash=245321841 copiedColorHash=3180117733 infoHash=1954737329 lightKey=8 spotEnabled=1
[   93.1867] LOG: NIGHTMAINBATCHMEMBER phase=2 offset=1155 enabled=0 ordinal=9 object=120 idLo=2669068336 idHi=2572983654 group=2 ready=1 admitted=0 mainOriginal=1 mainGrouped=0 reflectionUses=0 count=36 positionHash=832468137 colorHash=3180117733 copiedPositionHash=832468137 copiedColorHash=3180117733 infoHash=1954737329 lightKey=8 spotEnabled=1
[   93.1868] LOG: NIGHTMAINBATCHMEMBER phase=2 offset=1155 enabled=0 ordinal=10 object=121 idLo=2764081698 idHi=526539510 group=2 ready=1 admitted=0 mainOriginal=1 mainGrouped=0 reflectionUses=0 count=36 positionHash=1824064661 colorHash=3572926853 copiedPositionHash=1824064661 copiedColorHash=3572926853 infoHash=1954737329 lightKey=8 spotEnabled=1
[   93.1868] LOG: NIGHTPROD phase=2 offset=1155 stage=0 enabled=0 calls=0 units1=0 units2=0 units3=0 units4=0 timedCalls=0 reads=0 ticks=0
[   93.1869] LOG: NIGHTPROD phase=2 offset=1155 stage=1 enabled=0 calls=0 units1=0 units2=0 units3=0 units4=0 timedCalls=0 reads=0 ticks=0
[   93.1870] LOG: NIGHTPROD phase=2 offset=1155 stage=2 enabled=0 calls=0 units1=0 units2=0 units3=0 units4=0 timedCalls=0 reads=0 ticks=0
[   93.1871] LOG: NIGHTPROD phase=2 offset=1155 stage=3 enabled=0 calls=0 units1=0 units2=0 units3=0 units4=0 timedCalls=0 reads=0 ticks=0
[   93.1871] LOG: NIGHTPROD phase=2 offset=1155 stage=4 enabled=0 calls=0 units1=0 units2=0 units3=0 units4=0 timedCalls=0 reads=0 ticks=0
[   93.1872] LOG: NIGHTCORONAGATES phase=2 offset=1155 selected=0 enabled=0 coldPackets=0 eligible=0 requested=0 fallback=0 sourceVertices=0 requestedVertices=0 fogOn=0 shaderLit=0 invalid=0 acceptedOutputKnown=0
[   93.1873] LOG: NIGHTGATES phase=2 offset=1155 first=1155 frames=1 mask=0 attempted1=8 executed1=8 skipped1=0 submitted1=8 attempted2=4 executed2=4 skipped2=0 submitted2=5 attempted4=3 executed4=3 skipped4=0 submitted4=5 attempted8=4 executed8=4 skipped8=0 submitted8=1 attempted16=2 executed16=2 skipped16=0 submitted16=1 attempted32=0 executed32=0 skipped32=0 submitted32=0 attempted64=0 executed64=0 skipped64=0 submitted64=0
[   93.1874] LOG: NIGHTEXTRAGATES phase=2 offset=1155 first=1155 frames=1 extraMask=0 attempted1=1 executed1=1 skipped1=0 submitted1=1 attempted2=1 executed2=1 skipped2=0 submitted2=2 attempted4=2 executed4=2 skipped4=0 submitted4=2
[   93.1874] LOG: NIGHTWILDGATES phase=2 offset=1155 first=1155 frames=1 variant=0 enabled=0 planeInvocations=0 planeEligible=0 planeApplied=0 planeFallback=0 planeBoundary=0 planeNonfinite=0 planeColdCompared=0 planeColdMismatches=0 planeInputUnits=0 planeOutputUnits=0 planeInvalid=0 coneInvocations=0 coneEligible=0 coneApplied=0 coneFallback=0 coneBoundary=0 coneNonfinite=0 coneColdCompared=0 coneColdMismatches=0 coneInputUnits=0 coneOutputUnits=0 coneInvalid=0
[   93.1875] LOG: NIGHTTABLEGATES phase=2 offset=1155 first=1155 frames=1 selected=1 enabled=1 invocations=0 eligible=0 applied=0 fallback=0 sourceVertices=0 admittedVertices=0 baselineColorQwords=0 tableColorQwords=0 coldCompared=0 coldMismatches=0 invalid=0
[  104.4392] LOG: NIGHTDONE order=0 valid=1 loops=5400
