label,start_ticks,duration_ticks,frame,value
Pad,141,7788,1500,0
Update,8461,2289744,1500,0
Portal,2579208,127,1500,0
Bounds,2580596,21765,1500,0
Package_classify,2611338,2033,1500,0
Package_classify,2613791,1319,1500,0
Package_classify,2615347,524,1500,0
Package_classify,2616061,484,1500,0
Package_classify,2616817,348,1500,0
Package_create,2610051,7274,1500,0
Package_classify,2618449,1177,1500,0
Package_classify,2619886,1152,1500,0
Package_classify,2621281,13022,1500,0
Package_classify,2634888,1460,1500,0
Package_classify,2636593,1121,1500,0
Package_classify,2637964,1142,1500,0
Package_create,2617979,21334,1500,0
Package_classify,2644418,1426,1500,0
Package_classify,2646177,1342,1500,0
Package_classify,2647803,1115,1500,0
Package_classify,2649159,9796,1500,0
Package_classify,2659436,378,1500,0
Package_classify,2660154,276,1500,0
Package_create,2643980,16560,1500,0
Packet_build,2664379,6520,1500,0
VIF1_DMA_wait,2671491,422,1500,0
GIF_DMA_wait,2672047,82,1500,0
Packet_qwords,2676352,0,1500,88
VIF1_submit,2676341,5154,1500,0
Dispatch,2609719,73232,1500,0
Static_bag,2580091,102903,1500,0
Bounds,2685899,8106,1500,0
Static_bag,2685319,9079,1500,0
Sky,2579673,115108,1500,0
Bounds,2698748,3827,1500,0
Package_classify,2712859,1166,1500,0
Package_classify,2714450,1720,1500,0
Package_classify,2716367,1359,1500,0
Package_classify,2717963,1420,1500,0
Package_classify,2719663,1401,1500,0
Package_classify,2721271,1409,1500,0
Package_classify,2722919,1414,1500,0
Package_classify,2724577,1405,1500,0
Package_classify,2726838,1525,1500,0
Package_classify,2728592,1484,1500,0
Package_classify,2730312,1525,1500,0
Package_classify,2732031,1405,1500,0
Package_classify,2733659,1439,1500,0
Package_classify,2735341,1400,1500,0
Package_classify,2736935,1400,1500,0
Package_classify,2738605,1429,1500,0
Package_classify,2740823,1439,1500,0
Package_classify,2742456,1389,1500,0
Package_classify,2744039,1118,1500,0
Package_classify,2745377,1086,1500,0
Package_classify,2746687,1141,1500,0
Package_classify,2748060,901,1500,0
Package_create,2711499,37668,1500,0
Package_classify,2750431,427,1500,0
Package_classify,2751094,340,1500,0
Package_classify,2751685,520,1500,0
Package_classify,2752483,504,1500,0
Package_classify,2753239,1188,1500,0
Package_classify,2754630,1109,1500,0
Package_create,2749913,6026,1500,0
QBuffer_copy,2757291,3592,1500,0
Package_classify,2763428,1359,1500,0
Package_classify,2765164,1212,1500,0
Package_classify,2766687,506,1500,0
Package_classify,2767387,448,1500,0
Package_classify,2768125,568,1500,0
Package_classify,2768896,560,1500,0
Package_create,2763050,6469,1500,0
QBuffer_copy,2770011,2813,1500,0
Packet_build,2778212,22405,1500,0
VIF1_DMA_wait,2801133,434,1500,0
GIF_DMA_wait,2801701,82,1500,0
Packet_qwords,2808598,0,1500,141
VIF1_submit,2808587,5238,1500,0
Packet_build,2818226,3407,1500,0
VIF1_DMA_wait,2822028,124195,1500,0
GIF_DMA_wait,2946449,91,1500,0
Packet_qwords,2948986,0,1500,36
VIF1_submit,2948978,4374,1500,0
Dispatch,2711219,243231,1500,0
Static_bag,2698515,255978,1500,0
Bounds,2956958,5415,1500,0
Static_bag,2956105,6461,1500,0
Bounds,2963103,2930,1500,0
Package_classify,2978616,1263,1500,0
Package_classify,2980365,1779,1500,0
Package_classify,2982338,1590,1500,0
Package_classify,2984122,1560,1500,0
Package_classify,2985961,861,1500,0
Package_classify,2987046,1294,1500,0
Package_create,2974107,14378,1500,0
Packet_build,2992387,3372,1500,0
VIF1_DMA_wait,2996217,390,1500,0
GIF_DMA_wait,2996743,41,1500,0
Packet_qwords,2999610,0,1500,57
VIF1_submit,2999599,4944,1500,0
Dispatch,2973811,31706,1500,0
Static_bag,2962902,42745,1500,0
Bounds,3007460,5259,1500,0
Package_classify,3024222,2064,1500,0
Package_classify,3026661,1437,1500,0
Package_classify,3028292,1413,1500,0
Package_classify,3029899,682,1500,0
Package_classify,3030867,1470,1500,0
Package_classify,3032634,548,1500,0
Package_create,3020013,13314,1500,0
Packet_build,3036620,2641,1500,0
VIF1_DMA_wait,3039603,396,1500,0
GIF_DMA_wait,3040135,41,1500,0
Packet_qwords,3042888,0,1500,57
VIF1_submit,3042877,5118,1500,0
Dispatch,3019766,29339,1500,0
Static_bag,3006887,42258,1500,0
Bounds,3051122,4951,1500,0
Static_bag,3050495,5889,1500,0
Bounds,3057010,2318,1500,0
Static_bag,3056756,2659,1500,0
Bounds,3060049,2992,1500,0
Packet_build,3073087,8849,1500,0
VIF1_DMA_wait,3082283,376,1500,0
GIF_DMA_wait,3082848,42,1500,0
Packet_qwords,3089380,0,1500,141
VIF1_submit,3089369,16442,1500,0
Packet_build,3110468,4269,1500,0
VIF1_DMA_wait,3115202,59290,1500,0
GIF_DMA_wait,3174602,42,1500,0
Packet_qwords,3177313,0,1500,43
VIF1_submit,3177305,4185,1500,0
Dispatch,3068318,114084,1500,0
Static_bag,3059676,122824,1500,0
Bounds,3184226,11363,1500,0
Package_classify,3205699,1358,1500,0
Package_classify,3207450,1800,1500,0
Package_classify,3209483,1636,1500,0
Package_classify,3211352,1568,1500,0
Package_classify,3213143,1565,1500,0
Package_classify,3214951,1563,1500,0
Package_classify,3216708,1582,1500,0
Package_classify,3218533,1561,1500,0
Package_classify,3220936,1552,1500,0
Package_classify,3222682,1552,1500,0
Package_classify,3224428,1590,1500,0
Package_classify,3226254,1544,1500,0
Package_classify,3228035,1655,1500,0
Package_classify,3229971,1572,1500,0
Package_classify,3231765,1561,1500,0
Package_classify,3233563,1543,1500,0
Package_classify,3235988,1600,1500,0
Package_classify,3237782,1580,1500,0
Package_classify,3239559,1601,1500,0
Package_classify,3241354,1552,1500,0
Package_classify,3243137,1553,1500,0
Package_classify,3244956,1033,1500,0
Package_create,3204105,42030,1500,0
Packet_build,3267163,9872,1500,0
VIF1_DMA_wait,3277523,382,1500,0
GIF_DMA_wait,3278041,41,1500,0
Packet_qwords,3284932,0,1500,141
VIF1_submit,3284921,5190,1500,0
Packet_build,3293646,2969,1500,0
VIF1_DMA_wait,3296916,61918,1500,0
GIF_DMA_wait,3359128,38,1500,0
Packet_qwords,3361223,0,1500,36
VIF1_submit,3361215,3761,1500,0
Dispatch,3203787,162269,1500,0
Static_bag,3183799,182300,1500,0
Bounds,3368028,5699,1500,0
Package_classify,3383272,2180,1500,0
Package_classify,3385923,1711,1500,0
Package_classify,3387912,1642,1500,0
Package_classify,3389785,1569,1500,0
Package_classify,3391719,1555,1500,0
Package_classify,3393505,1585,1500,0
Package_classify,3395319,1619,1500,0
Package_classify,3397251,1621,1500,0
Package_classify,3399714,1605,1500,0
Package_classify,3401551,1615,1500,0
Package_classify,3403435,12948,1500,0
Package_classify,3416880,1822,1500,0
Package_classify,3419021,1691,1500,0
Package_classify,3421005,1585,1500,0
Package_classify,3422852,1644,1500,0
Package_classify,3424759,1579,1500,0
Package_classify,3427164,1574,1500,0
Package_classify,3429037,1598,1500,0
Package_classify,3430897,1615,1500,0
Package_classify,3432741,1565,1500,0
Package_classify,3434609,1237,1500,0
Package_classify,3436068,1273,1500,0
Package_create,3381849,55700,1500,0
Packet_build,3443600,9853,1500,0
VIF1_DMA_wait,3453825,464,1500,0
GIF_DMA_wait,3454423,41,1500,0
Packet_qwords,3461332,0,1500,141
VIF1_submit,3461321,4740,1500,0
Packet_build,3469818,3451,1500,0
VIF1_DMA_wait,3473644,61296,1500,0
GIF_DMA_wait,3535034,38,1500,0
Packet_qwords,3537345,0,1500,43
VIF1_submit,3537337,3917,1500,0
Dispatch,3381551,160587,1500,0
Static_bag,3367423,174758,1500,0
Bounds,3544218,5229,1500,0
Static_bag,3543525,6219,1500,0
Bounds,3550363,1940,1500,0
Static_bag,3550092,2299,1500,0
Bounds,3553121,2248,1500,0
Static_bag,3552851,2651,1500,0
Bounds,3556097,2179,1500,0
Static_bag,3555872,2668,1500,0
Bounds,3559090,13005,1500,0
Static_bag,3558900,13406,1500,0
Bounds,3573121,3158,1500,0
Static_bag,3572843,3575,1500,0
Bounds,3576994,2218,1500,0
Static_bag,3576824,2576,1500,0
Bounds,3579922,2757,1500,0
Packet_build,3593384,9066,1500,0
VIF1_DMA_wait,3602891,408,1500,0
GIF_DMA_wait,3603492,42,1500,0
Packet_qwords,3610174,0,1500,141
VIF1_submit,3610163,5154,1500,0
Packet_build,3618840,3571,1500,0
VIF1_DMA_wait,3622824,61228,1500,0
GIF_DMA_wait,3684146,38,1500,0
Packet_qwords,3686599,0,1500,43
VIF1_submit,3686591,3823,1500,0
Dispatch,3588475,102867,1500,0
Static_bag,3579770,111615,1500,0
Bounds,3693616,5533,1500,0
Static_bag,3693091,6295,1500,0
Bounds,3699985,2410,1500,0
Static_bag,3699764,2954,1500,0
Bounds,3703349,2702,1500,0
Package_classify,3714703,13614,1500,0
Package_classify,3728968,1686,1500,0
Package_classify,3730848,1500,1500,0
Package_classify,3732542,1059,1500,0
Package_classify,3733867,1431,1500,0
Package_classify,3735492,1439,1500,0
Package_classify,3737223,1499,1500,0
Package_classify,3739051,1093,1500,0
Package_create,3713235,30422,1500,0
Packet_build,3749576,9327,1500,0
VIF1_DMA_wait,3759363,416,1500,0
GIF_DMA_wait,3759913,41,1500,0
Packet_qwords,3766716,0,1500,141
VIF1_submit,3766705,5092,1500,0
Packet_build,3775476,3595,1500,0
VIF1_DMA_wait,3779394,60790,1500,0
GIF_DMA_wait,3840278,38,1500,0
Packet_qwords,3842703,0,1500,43
VIF1_submit,3842695,3845,1500,0
Dispatch,3712959,134529,1500,0
Static_bag,3703176,144407,1500,0
Bounds,3849596,16637,1500,0
Package_classify,3885018,1543,1500,0
Package_classify,3887032,1797,1500,0
Package_classify,3889090,1455,1500,0
Package_classify,3890738,1393,1500,0
Package_classify,3892368,1070,1500,0
Package_classify,3893637,1409,1500,0
Package_classify,3895239,1422,1500,0
Package_classify,3896895,1067,1500,0
Package_create,3883433,17996,1500,0
Packet_build,3907148,9131,1500,0
VIF1_DMA_wait,3916589,448,1500,0
GIF_DMA_wait,3917221,61,1500,0
Packet_qwords,3924178,0,1500,141
VIF1_submit,3924167,5196,1500,0
Packet_build,3933378,3715,1500,0
VIF1_DMA_wait,3937384,60726,1500,0
GIF_DMA_wait,3998204,38,1500,0
Packet_qwords,4000569,0,1500,43
VIF1_submit,4000561,3863,1500,0
Dispatch,3883057,122327,1500,0
Static_bag,3848981,156446,1500,0
Bounds,4007318,5425,1500,0
Static_bag,4006751,6279,1500,0
Bounds,4013641,1850,1500,0
Static_bag,4013419,2232,1500,0
Bounds,4016316,2611,1500,0
Package_classify,4040410,1377,1500,0
Package_classify,4042279,921,1500,0
Package_classify,4043421,888,1500,0
Package_classify,4044503,867,1500,0
Package_classify,4045636,864,1500,0
Package_classify,4046694,1927,1500,0
Package_classify,4048849,1671,1500,0
Package_classify,4050867,1673,1500,0
Package_classify,4053436,966,1500,0
Package_classify,4054595,1559,1500,0
Package_classify,4056350,1706,1500,0
Package_classify,4058249,1826,1500,0
Package_classify,4060342,984,1500,0
Package_classify,4061553,1573,1500,0
Package_classify,4063361,1695,1500,0
Package_classify,4065283,1665,1500,0
Package_classify,4067902,1660,1500,0
Package_classify,4069822,1680,1500,0
Package_classify,4071725,1659,1500,0
Package_classify,4073577,1663,1500,0
Package_classify,4075504,1818,1500,0
Package_classify,4077556,1011,1500,0
Package_create,4038905,39862,1500,0
Packet_build,4084772,8743,1500,0
VIF1_DMA_wait,4093917,422,1500,0
GIF_DMA_wait,4094473,41,1500,0
Packet_qwords,4100974,0,1500,134
VIF1_submit,4100963,4980,1500,0
Dispatch,4038571,68545,1500,0
Static_bag,4016102,91057,1500,0
Bounds,4109138,5805,1500,0
Package_classify,4124641,1128,1500,0
Package_classify,4126147,694,1500,0
Package_classify,4127104,847,1500,0
Package_classify,4128145,668,1500,0
Package_classify,4129036,671,1500,0
Package_classify,4129950,1774,1500,0
Package_classify,4131917,1435,1500,0
Package_classify,4133587,677,1500,0
Package_classify,4135089,1395,1500,0
Package_classify,4136677,1497,1500,0
Package_classify,4138367,1403,1500,0
Package_classify,4139965,689,1500,0
Package_classify,4140876,1579,1500,0
Package_classify,4142653,1401,1500,0
Package_classify,4144247,1403,1500,0
Package_classify,4145925,1489,1500,0
Package_classify,4148158,1422,1500,0
Package_classify,4149836,1432,1500,0
Package_classify,4151583,1471,1500,0
Package_classify,4153247,1391,1500,0
Package_classify,4154874,1538,1500,0
Package_classify,4156698,516,1500,0
Package_create,4123049,34348,1500,0
Packet_build,4162868,7828,1500,0
VIF1_DMA_wait,4171019,382,1500,0
GIF_DMA_wait,4171537,41,1500,0
Packet_qwords,4177546,0,1500,127
VIF1_submit,4177535,16010,1500,0
Dispatch,4122594,72406,1500,0
Static_bag,4108579,86464,1500,0
Terrain,2694969,1500994,1500,0
Bounds,4198143,5956,1500,0
Package_classify,4212709,980,1500,0
Package_classify,4213956,1625,1500,0
Package_classify,4215836,526,1500,0
Package_classify,4216541,670,1500,0
Package_classify,4217421,513,1500,0
Package_classify,4218175,510,1500,0
Package_create,4212137,6658,1500,0
Packet_build,4222016,1861,1500,0
VIF1_DMA_wait,4224777,28272,1500,0
GIF_DMA_wait,4253191,130,1500,0
Packet_qwords,4255072,0,1500,34
VIF1_submit,4255061,5142,1500,0
Dispatch,4211797,49353,1500,0
Static_bag,4197643,63547,1500,0
Bounds,4262547,4648,1500,0
Static_bag,4262159,5265,1500,0
Bounds,4268188,2599,1500,0
Package_classify,4277979,2159,1500,0
Package_classify,4280635,1491,1500,0
Package_classify,4282343,850,1500,0
Package_classify,4283378,789,1500,0
Package_create,4277447,6880,1500,0
QBuffer_copy,4285519,5300,1500,0
Packet_build,4293314,2871,1500,0
VIF1_DMA_wait,4296783,330,1500,0
GIF_DMA_wait,4297249,41,1500,0
Packet_qwords,4299358,0,1500,40
VIF1_submit,4299347,4842,1500,0
Dispatch,4277144,28154,1500,0
Static_bag,4268071,37267,1500,0
Bounds,4307252,5117,1500,0
Packet_build,4320011,1675,1500,0
VIF1_DMA_wait,4322279,334,1500,0
GIF_DMA_wait,4322770,42,1500,0
Packet_qwords,4324612,0,1500,36
VIF1_submit,4324601,4590,1500,0
Dispatch,4318315,12003,1500,0
Static_bag,4306685,23730,1500,0
Bounds,4331911,4762,1500,0
Package_classify,4357521,750,1500,0
Package_classify,4358726,180,1500,0
Package_classify,4359091,1673,1500,0
Package_classify,4360986,1210,1500,0
Package_classify,4362440,1096,1500,0
Package_classify,4363778,1054,1500,0
Package_create,4356935,8008,1500,0
Packet_build,4368811,3790,1500,0
VIF1_DMA_wait,4373045,432,1500,0
GIF_DMA_wait,4373608,83,1500,0
Packet_qwords,4376500,0,1500,57
VIF1_submit,4376489,5196,1500,0
Dispatch,4356511,26616,1500,0
Static_bag,4331479,51691,1500,0
Bounds,4384970,5307,1500,0
Package_classify,4398705,1138,1500,0
Package_classify,4400130,510,1500,0
Package_classify,4400871,1520,1500,0
Package_classify,4402606,1171,1500,0
Package_classify,4403991,1227,1500,0
Package_classify,4405490,1169,1500,0
Package_create,4398053,8706,1500,0
QBuffer_copy,4407901,4886,1500,0
Packet_build,4415540,2679,1500,0
VIF1_DMA_wait,4418631,416,1500,0
GIF_DMA_wait,4419181,41,1500,0
Packet_qwords,4421290,0,1500,43
VIF1_submit,4421279,5088,1500,0
Dispatch,4397726,29780,1500,0
Static_bag,4384379,43167,1500,0
Bounds,4429346,5195,1500,0
Package_classify,4441611,1910,1500,0
Package_classify,4443791,1328,1500,0
Package_classify,4445343,1125,1500,0
Package_classify,4446653,1122,1500,0
Package_create,4441037,6850,1500,0
QBuffer_copy,4449007,5274,1500,0
Packet_build,4468897,2960,1500,0
VIF1_DMA_wait,4472433,404,1500,0
GIF_DMA_wait,4472968,42,1500,0
Packet_qwords,4475206,0,1500,40
VIF1_submit,4475195,4872,1500,0
Dispatch,4440692,40627,1500,0
Static_bag,4428823,52599,1500,0
Bounds,4483310,5029,1500,0
Static_bag,4482719,5907,1500,0
Static_batches,4196190,292857,1500,0
Bounds,4489948,2426,1500,0
Static_bag,4489716,2781,1500,0
Bounds,4492894,12447,1500,0
Static_bag,4492767,12740,1500,0
Bounds,4506147,2984,1500,0
Static_bag,4505885,3415,1500,0
Bounds,4509707,2056,1500,0
Static_bag,4509535,2316,1500,0
Bounds,4512295,1956,1500,0
Static_bag,4512071,2302,1500,0
Bounds,4514797,1830,1500,0
Static_bag,4514581,2134,1500,0
Bounds,4517239,1852,1500,0
Static_bag,4516993,2186,1500,0
Bounds,4519549,1911,1500,0
Static_bag,4519370,2314,1500,0
Bounds,4522153,1792,1500,0
Static_bag,4521925,2108,1500,0
Bounds,4524491,1814,1500,0
Static_bag,4524329,2064,1500,0
Bounds,4526797,1934,1500,0
Static_bag,4526611,2208,1500,0
Bounds,4529279,1884,1500,0
Static_bag,4529115,2170,1500,0
Bounds,4531651,1894,1500,0
Static_bag,4531495,2172,1500,0
Bounds,4534045,1840,1500,0
Static_bag,4533875,2098,1500,0
Bounds,4536419,2221,1500,0
Static_bag,4536257,2509,1500,0
Bounds,4539169,2519,1500,0
Static_bag,4539007,2818,1500,0
Bounds,4542275,2317,1500,0
Static_bag,4542073,2637,1500,0
Bounds,4545235,2504,1500,0
Static_bag,4545001,2865,1500,0
Bounds,4548293,2296,1500,0
Static_bag,4548139,2693,1500,0
Bounds,4551248,2261,1500,0
Static_bag,4551091,2506,1500,0
Bounds,4553919,2212,1500,0
Static_bag,4553809,2454,1500,0
Bounds,4556725,2430,1500,0
Static_bag,4556521,2783,1500,0
Bounds,4559691,2314,1500,0
Static_bag,4559530,2563,1500,0
Bounds,4562431,2166,1500,0
Static_bag,4562320,2413,1500,0
Bounds,4565097,2176,1500,0
Static_bag,4564987,2374,1500,0
Bounds,4567774,2397,1500,0
Static_bag,4567601,2714,1500,0
Bounds,4570711,2281,1500,0
Static_bag,4570585,2685,1500,0
Bounds,4573649,2756,1500,0
Package_classify,4588086,1107,1500,0
Package_classify,4589611,686,1500,0
Package_classify,4590523,692,1500,0
Package_classify,4591408,665,1500,0
Package_classify,4592304,725,1500,0
Package_classify,4593308,732,1500,0
Package_classify,4594233,708,1500,0
Package_classify,4595167,1728,1500,0
Package_classify,4597763,689,1500,0
Package_classify,4598643,1422,1500,0
Package_classify,4600257,678,1500,0
Package_classify,4601155,1407,1500,0
Package_classify,4602784,699,1500,0
Package_classify,4603675,1440,1500,0
Package_classify,4605396,731,1500,0
Package_classify,4606457,1558,1500,0
Package_create,4585059,23112,1500,0
Packet_build,4612339,4078,1500,0
VIF1_DMA_wait,4616913,450,1500,0
GIF_DMA_wait,4617499,82,1500,0
Packet_qwords,4620774,0,1500,64
VIF1_submit,4620763,5074,1500,0
Dispatch,4584767,42236,1500,0
Static_bag,4573495,53551,1500,0
Bounds,4628600,5739,1500,0
Package_classify,4644372,1985,1500,0
Package_classify,4646737,1387,1500,0
Package_classify,4648405,12882,1500,0
Package_classify,4661848,1833,1500,0
Package_classify,4664002,1491,1500,0
Package_classify,4665693,1409,1500,0
Package_classify,4667294,1429,1500,0
Package_classify,4668949,1401,1500,0
Package_classify,4671147,1417,1500,0
Package_classify,4672804,1386,1500,0
Package_classify,4674382,1398,1500,0
Package_classify,4675972,1386,1500,0
Package_classify,4677630,1402,1500,0
Package_classify,4679272,1518,1500,0
Package_classify,4680982,1106,1500,0
Package_classify,4682365,1540,1500,0
Package_classify,4684686,1097,1500,0
Package_classify,4685975,1400,1500,0
Package_classify,4687606,1069,1500,0
Package_classify,4688899,1405,1500,0
Package_classify,4690524,1069,1500,0
Package_classify,4691793,1420,1500,0
Package_classify,4693405,1088,1500,0
Package_classify,4694723,1138,1500,0
Package_create,4642965,53052,1500,0
Packet_build,4702004,9253,1500,0
VIF1_DMA_wait,4711577,420,1500,0
GIF_DMA_wait,4712128,42,1500,0
Packet_qwords,4718896,0,1500,141
VIF1_submit,4718885,5016,1500,0
Packet_build,4728120,5011,1500,0
VIF1_DMA_wait,4733426,59258,1500,0
GIF_DMA_wait,4792778,38,1500,0
Packet_qwords,4795755,0,1500,57
VIF1_submit,4795747,3913,1500,0
Dispatch,4642674,157929,1500,0
Static_bag,4628053,172593,1500,0
Bounds,4802228,17327,1500,0
Packet_build,4833110,8796,1500,0
VIF1_DMA_wait,4842263,420,1500,0
GIF_DMA_wait,4842810,83,1500,0
Packet_qwords,4849506,0,1500,141
VIF1_submit,4849495,5386,1500,0
Packet_build,4858818,5069,1500,0
VIF1_DMA_wait,4864190,59498,1500,0
GIF_DMA_wait,4923782,38,1500,0
Packet_qwords,4926799,0,1500,57
VIF1_submit,4926791,3897,1500,0
Dispatch,4827967,103634,1500,0
Static_bag,4801615,130029,1500,0
Bounds,4933063,5974,1500,0
Packet_build,4949632,8878,1500,0
VIF1_DMA_wait,4958921,13906,1500,0
GIF_DMA_wait,4973110,141,1500,0
Packet_qwords,4980306,0,1500,141
VIF1_submit,4980295,5062,1500,0
Packet_build,4990226,5317,1500,0
VIF1_DMA_wait,4995975,58018,1500,0
GIF_DMA_wait,5054210,40,1500,0
Packet_qwords,5067107,0,1500,57
VIF1_submit,5067099,4623,1500,0
Dispatch,4945052,127823,1500,0
Static_bag,4932517,140401,1500,0
Bounds,5074347,5882,1500,0
Packet_build,5091860,7536,1500,0
VIF1_DMA_wait,5099909,2358,1500,0
GIF_DMA_wait,5102422,121,1500,0
Packet_qwords,5107674,0,1500,113
VIF1_submit,5107663,4960,1500,0
Dispatch,5087393,26387,1500,0
Static_bag,5073871,39949,1500,0
Bounds,5115261,18880,1500,0
Packet_build,5144066,3139,1500,0
VIF1_DMA_wait,5147679,14682,1500,0
GIF_DMA_wait,5162490,91,1500,0
Packet_qwords,5165226,0,1500,50
VIF1_submit,5165215,5062,1500,0
Dispatch,5141747,29774,1500,0
Static_bag,5114753,56811,1500,0
Bounds,5173153,6096,1500,0
Packet_build,5186678,2427,1500,0
VIF1_DMA_wait,5189459,378,1500,0
GIF_DMA_wait,5189988,83,1500,0
Packet_qwords,5192340,0,1500,50
VIF1_submit,5192329,4720,1500,0
Dispatch,5184876,13504,1500,0
Static_bag,5172593,25827,1500,0
Bounds,5199691,5946,1500,0
Package_classify,5214450,1507,1500,0
Package_classify,5216399,1086,1500,0
Package_classify,5217685,1738,1500,0
Package_create,5212905,6662,1500,0
Packet_build,5222012,2545,1500,0
VIF1_DMA_wait,5224823,420,1500,0
GIF_DMA_wait,5225377,41,1500,0
Packet_qwords,5227750,0,1500,50
VIF1_submit,5227739,4836,1500,0
Dispatch,5212659,21031,1500,0
Static_bag,5199235,34594,1500,0
Bounds,5235270,5611,1500,0
Package_classify,5249830,1973,1500,0
Package_classify,5252183,859,1500,0
Package_classify,5253241,819,1500,0
Package_create,5248389,5826,1500,0
Packet_build,5256134,1369,1500,0
VIF1_DMA_wait,5257865,432,1500,0
GIF_DMA_wait,5258424,83,1500,0
Packet_qwords,5260224,0,1500,36
VIF1_submit,5260213,4858,1500,0
Dispatch,5248142,18046,1500,0
Static_bag,5234765,31463,1500,0
Bounds,5267670,4919,1500,0
Static_bag,5267161,5663,1500,0
Bounds,5273237,14240,1500,0
Static_bag,5273081,14718,1500,0
Bounds,5288343,3307,1500,0
Static_bag,5288117,3675,1500,0
Bounds,5292259,2314,1500,0
Static_bag,5292062,2599,1500,0
Bounds,5295035,2083,1500,0
Static_bag,5294905,2301,1500,0
Bounds,5297625,2058,1500,0
Static_bag,5297500,2352,1500,0
Bounds,5300275,1970,1500,0
Static_bag,5300069,2299,1500,0
Bounds,5302803,2026,1500,0
Static_bag,5302677,2274,1500,0
Bounds,5305387,2676,1500,0
Package_classify,5318064,2137,1500,0
Package_classify,5320668,1481,1500,0
Package_classify,5322376,1077,1500,0
Package_create,5316591,7022,1500,0
Package_classify,5324705,496,1500,0
Package_classify,5325532,347,1500,0
Package_classify,5326129,347,1500,0
Package_classify,5326733,331,1500,0
Package_classify,5327314,1195,1500,0
Package_classify,5328754,1117,1500,0
Package_create,5324183,5804,1500,0
QBuffer_copy,5331303,3664,1500,0
Packet_build,5337938,3235,1500,0
VIF1_DMA_wait,5341631,420,1500,0
GIF_DMA_wait,5342185,82,1500,0
Packet_qwords,5344848,0,1500,50
VIF1_submit,5344837,5212,1500,0
Dispatch,5316245,35100,1500,0
Static_bag,5305263,46161,1500,0
Bounds,5353008,5657,1500,0
Packet_build,5367245,2478,1500,0
VIF1_DMA_wait,5370167,372,1500,0
GIF_DMA_wait,5370666,83,1500,0
Packet_qwords,5373036,0,1500,50
VIF1_submit,5373025,4720,1500,0
Dispatch,5364974,13634,1500,0
Static_bag,5352343,26305,1500,0
Bounds,5379723,5212,1500,0
Packet_build,5392364,2612,1500,0
VIF1_DMA_wait,5395481,34306,1500,0
GIF_DMA_wait,5429923,136,1500,0
Packet_qwords,5444718,0,1500,50
VIF1_submit,5444707,5176,1500,0
Dispatch,5390613,60588,1500,0
Static_bag,5379385,71899,1500,0
Bounds,5452783,5932,1500,0
Packet_build,5467214,2736,1500,0
VIF1_DMA_wait,5470455,386,1500,0
GIF_DMA_wait,5470968,83,1500,0
Packet_qwords,5473396,0,1500,50
VIF1_submit,5473385,4728,1500,0
Dispatch,5465033,14267,1500,0
Static_bag,5452219,27121,1500,0
Bounds,5480701,5530,1500,0
Packet_build,5493374,1430,1500,0
VIF1_DMA_wait,5495307,374,1500,0
GIF_DMA_wait,5495808,83,1500,0
Packet_qwords,5497596,0,1500,36
VIF1_submit,5497585,4594,1500,0
Dispatch,5492061,11215,1500,0
Static_bag,5480233,23130,1500,0
Bounds,5504565,4664,1500,0
Static_bag,5504155,5257,1500,0
Bounds,5509835,2519,1500,0
Static_bag,5509722,2719,1500,0
Bounds,5512781,2660,1500,0
Package_classify,5524248,1209,1500,0
Package_classify,5525887,775,1500,0
Package_classify,5526862,1663,1500,0
Package_create,5522643,6026,1500,0
Packet_build,5530610,1471,1500,0
VIF1_DMA_wait,5532339,434,1500,0
GIF_DMA_wait,5532900,83,1500,0
Packet_qwords,5534724,0,1500,36
VIF1_submit,5534713,4810,1500,0
Dispatch,5522433,18193,1500,0
Static_bag,5512673,28112,1500,0
Bounds,5542214,5075,1500,0
Package_classify,5556373,1410,1500,0
Package_classify,5558299,1065,1500,0
Package_classify,5559564,1669,1500,0
Package_create,5555031,6348,1500,0
Packet_build,5563736,2491,1500,0
VIF1_DMA_wait,5566551,440,1500,0
GIF_DMA_wait,5567125,82,1500,0
Packet_qwords,5569572,0,1500,50
VIF1_submit,5569561,4912,1500,0
Dispatch,5554791,20779,1500,0
Static_bag,5541749,33861,1500,0
Bounds,5577080,5253,1500,0
Package_classify,5604090,2279,1500,0
Package_classify,5606794,872,1500,0
Package_classify,5607944,763,1500,0
Package_create,5602499,6370,1500,0
Packet_build,5611022,1741,1500,0
VIF1_DMA_wait,5613119,438,1500,0
GIF_DMA_wait,5613684,83,1500,0
Packet_qwords,5615680,0,1500,36
VIF1_submit,5615669,4872,1500,0
Dispatch,5602129,19722,1500,0
Static_bag,5576543,45351,1500,0
Bounds,5623236,5097,1500,0
Static_bag,5622793,5819,1500,0
Bounds,5628989,2276,1500,0
Static_bag,5628842,2561,1500,0
Bounds,5631811,2296,1500,0
Static_bag,5631655,2539,1500,0
Bounds,5634567,2134,1500,0
Static_bag,5634459,2368,1500,0
Bounds,5637245,2072,1500,0
Static_bag,5637065,2339,1500,0
Bounds,5639799,2170,1500,0
Static_bag,5639689,2429,1500,0
Bounds,5642516,1705,1500,0
Static_bag,5642357,1951,1500,0
Bounds,5644687,1748,1500,0
Static_bag,5644567,1998,1500,0
Bounds,5646923,2020,1500,0
Static_bag,5646813,2301,1500,0
Bounds,5649477,2078,1500,0
Static_bag,5649367,2275,1500,0
Bounds,5652117,2058,1500,0
Static_bag,5651915,2485,1500,0
Bounds,5654780,13135,1500,0
Static_bag,5654623,13618,1500,0
Bounds,5668815,3170,1500,0
Static_bag,5668589,3581,1500,0
Bounds,5672539,1776,1500,0
Static_bag,5672429,2035,1500,0
Bounds,5674859,2249,1500,0
Static_bag,5674747,2511,1500,0
Bounds,5677676,2777,1500,0
Package_classify,5690652,1299,1500,0
Package_classify,5692386,1829,1500,0
Package_classify,5694462,1618,1500,0
Package_create,5689059,7182,1500,0
Packet_build,5698364,2521,1500,0
VIF1_DMA_wait,5701295,438,1500,0
GIF_DMA_wait,5701867,82,1500,0
Packet_qwords,5704122,0,1500,43
VIF1_submit,5704111,4984,1500,0
Dispatch,5688715,21620,1500,0
Static_bag,5677525,32853,1500,0
Bounds,5711832,5369,1500,0
Packet_build,5725278,2390,1500,0
VIF1_DMA_wait,5728125,386,1500,0
GIF_DMA_wait,5728714,83,1500,0
Packet_qwords,5731152,0,1500,50
VIF1_submit,5731141,4792,1500,0
Dispatch,5723385,13747,1500,0
Static_bag,5711321,25901,1500,0
Bounds,5738407,17328,1500,0
Packet_build,5764550,2851,1500,0
VIF1_DMA_wait,5767899,428,1500,0
GIF_DMA_wait,5768461,82,1500,0
Packet_qwords,5771088,0,1500,50
VIF1_submit,5771077,5014,1500,0
Dispatch,5762275,14900,1500,0
Static_bag,5737973,39245,1500,0
Bounds,5778735,5962,1500,0
Package_classify,5793912,1497,1500,0
Package_classify,5795838,1056,1500,0
Package_classify,5797094,1629,1500,0
Package_create,5792427,6488,1500,0
Packet_build,5801288,2413,1500,0
VIF1_DMA_wait,5804003,420,1500,0
GIF_DMA_wait,5804596,83,1500,0
Packet_qwords,5806980,0,1500,50
VIF1_submit,5806969,4942,1500,0
Dispatch,5792181,21013,1500,0
Static_bag,5778227,35007,1500,0
Bounds,5814768,5465,1500,0
Package_classify,5829472,2005,1500,0
Package_classify,5831897,1395,1500,0
Package_classify,5833488,1480,1500,0
Package_classify,5835163,1513,1500,0
Package_classify,5836907,853,1500,0
Package_classify,5838009,1490,1500,0
Package_classify,5839692,1394,1500,0
Package_classify,5841369,680,1500,0
Package_create,5828127,16898,1500,0
Packet_build,5848742,4091,1500,0
VIF1_DMA_wait,5853261,434,1500,0
GIF_DMA_wait,5853829,82,1500,0
Packet_qwords,5857240,0,1500,71
VIF1_submit,5857229,4866,1500,0
Dispatch,5827879,35337,1500,0
Static_bag,5814171,49085,1500,0
Bounds,5864744,5665,1500,0
Static_bag,5864219,6573,1500,0
Bounds,5871315,2286,1500,0
Static_bag,5871143,2785,1500,0
Bounds,5874392,2357,1500,0
Static_bag,5874191,2645,1500,0
Bounds,5877187,2235,1500,0
Static_bag,5877061,2504,1500,0
Bounds,5880087,1930,1500,0
Static_bag,5879875,2280,1500,0
Bounds,5882565,2545,1500,0
Static_bag,5882401,2796,1500,0
Bounds,5885638,2283,1500,0
Static_bag,5885467,2673,1500,0
Bounds,5888577,2296,1500,0
Static_bag,5888407,2604,1500,0
Bounds,5891405,2132,1500,0
Static_bag,5891293,2331,1500,0
Bounds,5893997,2306,1500,0
Static_bag,5893890,2500,1500,0
Bounds,5896773,2324,1500,0
Static_bag,5896615,2616,1500,0
Bounds,5911579,3948,1500,0
Package_classify,5927388,1171,1500,0
Package_classify,5928937,817,1500,0
Package_classify,5929951,786,1500,0
Package_classify,5931021,773,1500,0
Package_classify,5932033,803,1500,0
Package_classify,5933041,1889,1500,0
Package_classify,5935313,809,1500,0
Package_classify,5936401,1721,1500,0
Package_classify,5939010,1584,1500,0
Package_classify,5940999,1563,1500,0
Package_create,5924463,18294,1500,0
Packet_build,5946170,3397,1500,0
VIF1_DMA_wait,5949987,422,1500,0
GIF_DMA_wait,5950543,82,1500,0
Packet_qwords,5953578,0,1500,57
VIF1_submit,5953567,4852,1500,0
Dispatch,5924095,35598,1500,0
Static_bag,5899453,60283,1500,0
Bounds,5961174,5667,1500,0
Static_bag,5960663,6601,1500,0
Bounds,5967693,2204,1500,0
Static_bag,5967541,2443,1500,0
Bounds,5970503,2537,1500,0
Static_bag,5970283,2844,1500,0
Bounds,5973545,2642,1500,0
Package_classify,5984563,1978,1500,0
Package_classify,5986814,1168,1500,0
Package_classify,5988164,1215,1500,0
Package_classify,5989561,1168,1500,0
Package_classify,5990940,1199,1500,0
Package_classify,5992351,1168,1500,0
Package_create,5984021,9600,1500,0
QBuffer_copy,5994907,4748,1500,0
QBuffer_copy,6001202,3581,1500,0
Packet_build,6006536,2851,1500,0
VIF1_DMA_wait,6009843,450,1500,0
GIF_DMA_wait,6010426,83,1500,0
Packet_qwords,6012640,0,1500,43
VIF1_submit,6012629,5070,1500,0
Dispatch,5983681,35151,1500,0
Static_bag,5973436,45436,1500,0
Procedural,4489179,1530168,1500,0
Bounds,6028550,5109,1500,0
Packet_build,6046927,8809,1500,0
VIF1_DMA_wait,6068415,384,1500,0
GIF_DMA_wait,6068928,83,1500,0
Packet_qwords,6076020,0,1500,141
VIF1_submit,6076009,5128,1500,0
Packet_build,6087788,9597,1500,0
VIF1_DMA_wait,6097538,52787,1500,0
GIF_DMA_wait,6150422,38,1500,0
Packet_qwords,6156039,0,1500,113
VIF1_submit,6156031,4207,1500,0
Dispatch,6041525,119973,1500,0
Static_bag,6027919,133682,1500,0
Bounds,6408653,5624,1500,0
Packet_build,6426050,9486,1500,0
VIF1_DMA_wait,6436005,416,1500,0
GIF_DMA_wait,6436555,41,1500,0
Packet_qwords,6443388,0,1500,145
VIF1_submit,6443377,5272,1500,0
Packet_build,6454339,9024,1500,0
VIF1_DMA_wait,6463598,69451,1500,0
GIF_DMA_wait,6533228,90,1500,0
Packet_qwords,6539430,0,1500,113
VIF1_submit,6539422,4678,1500,0
Dispatch,6421121,124425,1500,0
Static_bag,6408145,137495,1500,0
Bounds,6546924,5731,1500,0
Packet_build,6564632,7535,1500,0
Dispatch,6560303,12233,1500,0
Static_bag,6546307,26270,1500,0
Bounds,6573409,4230,1500,0
Packet_build,6582704,1820,1500,0
Dispatch,6581307,3613,1500,0
Static_bag,6573073,11888,1500,0
Object,6027483,558070,1500,2
Bounds,6587886,4587,1500,0
Static_bag,6587497,5213,1500,0
Object,6587097,5839,1500,4
Bounds,6602886,4026,1500,0
Static_bag,6602185,5059,1500,0
Object,6601884,6361,1500,8
Bounds,6610891,3854,1500,0
Static_bag,6610561,4360,1500,0
Object,6610323,4747,1500,9
Bounds,6617695,4004,1500,0
Static_bag,6617277,4566,1500,0
Object,6617021,5003,1500,10
Bounds,6624703,3794,1500,0
Static_bag,6624375,4266,1500,0
Object,6624089,4727,1500,11
Object,6629639,115,1500,12
Object,6630191,77,1500,13
Object,6630689,65,1500,14
Object,6631151,69,1500,15
Object,6631701,59,1500,16
Object,6632267,59,1500,17
Object,6632779,73,1500,18
Object,6633311,59,1500,19
Object,6633791,69,1500,20
Object,6634277,59,1500,21
Object,6634805,59,1500,22
Bounds,6636210,3933,1500,0
Static_bag,6635851,4502,1500,0
Object,6635621,4989,1500,27
Bounds,6641900,3475,1500,0
Static_bag,6641662,3942,1500,0
Object,6641453,4429,1500,30
Bounds,6648282,3252,1500,0
Static_bag,6648057,3669,1500,0
Object,6647867,4049,1500,32
Bounds,6654354,3209,1500,0
Static_bag,6654133,3620,1500,0
Object,6653884,4048,1500,34
Bounds,6661572,3874,1500,0
Submission_batch,6669063,0,1500,2
VIF1_DMA_wait,6669669,428,1500,0
GIF_DMA_wait,6670254,83,1500,0
Packet_qwords,6690294,0,1500,167
VIF1_submit,6690283,4900,1500,0
Package_classify,6706332,1759,1500,0
Package_classify,6708658,1731,1500,0
Package_classify,6710581,1365,1500,0
Package_classify,6712138,1893,1500,0
Package_classify,6714319,1390,1500,0
Package_classify,6715901,1365,1500,0
Package_classify,6717458,1449,1500,0
Package_classify,6719209,1363,1500,0
Package_classify,6721238,1434,1500,0
Package_create,6704609,18226,1500,0
Packet_build,6727430,6037,1500,0
VIF1_DMA_wait,6733961,23800,1500,0
GIF_DMA_wait,6757897,90,1500,0
Packet_qwords,6762354,0,1500,92
VIF1_submit,6762343,4882,1500,0
Dispatch,6704301,64048,1500,0
Static_bag,6661287,107153,1500,0
Bounds,6770192,5271,1500,0
Package_classify,6785248,2073,1500,0
Package_classify,6787756,1060,1500,0
Package_classify,6789012,1066,1500,0
Package_classify,6790271,1325,1500,0
Package_classify,6791836,1671,1500,0
Package_classify,6793734,1561,1500,0
Package_classify,6795487,1231,1500,0
Package_classify,6796941,1069,1500,0
Package_classify,6798737,1149,1500,0
Package_classify,6800078,1052,1500,0
Package_classify,6801322,1383,1500,0
Package_classify,6802990,1813,1500,0
Package_classify,6805062,1202,1500,0
Package_classify,6806456,1064,1500,0
Package_classify,6807751,1155,1500,0
Package_classify,6809167,1089,1500,0
Package_classify,6810983,1454,1500,0
Package_classify,6812630,1647,1500,0
Package_classify,6814472,1187,1500,0
Package_classify,6815851,1051,1500,0
Package_classify,6817122,1058,1500,0
Package_classify,6818433,1093,1500,0
Package_classify,6819760,1383,1500,0
Package_classify,6821371,1548,1500,0
Package_create,6783909,39210,1500,0
Packet_build,6828960,21265,1500,0
VIF1_DMA_wait,6850799,426,1500,0
GIF_DMA_wait,6851386,42,1500,0
Packet_qwords,6866274,0,1500,141
VIF1_submit,6866263,5086,1500,0
Packet_build,6876824,5025,1500,0
VIF1_DMA_wait,6882108,127531,1500,0
GIF_DMA_wait,7009823,85,1500,0
Packet_qwords,7013530,0,1500,57
VIF1_submit,7013522,4404,1500,0
Dispatch,6783681,235462,1500,0
Static_bag,6769519,249667,1500,0
Bounds,7020608,4943,1500,0
Package_classify,7035906,1576,1500,0
Package_classify,7037923,1103,1500,0
Package_classify,7039301,1145,1500,0
Package_classify,7040639,1118,1500,0
Package_classify,7041994,1117,1500,0
Package_classify,7043349,1615,1500,0
Package_classify,7045156,1446,1500,0
Package_classify,7046869,1122,1500,0
Package_classify,7048698,1091,1500,0
Package_classify,7049981,1059,1500,0
Package_classify,7051235,1063,1500,0
Package_classify,7052539,1086,1500,0
Package_classify,7053894,1371,1500,0
Package_classify,7055475,1497,1500,0
Package_classify,7057164,1174,1500,0
Package_classify,7058635,1058,1500,0
Package_classify,7060373,1068,1500,0
Package_classify,7061633,1059,1500,0
Package_classify,7062971,1398,1500,0
Package_classify,7064592,594,1500,0
Package_classify,7065418,1125,1500,0
Package_classify,7066773,1057,1500,0
Package_classify,7068108,1149,1500,0
Package_classify,7069531,1111,1500,0
Package_classify,7071337,1374,1500,0
Package_classify,7072903,1451,1500,0
Package_classify,7074550,1339,1500,0
Package_create,7034589,41466,1500,0
Packet_build,7081964,8832,1500,0
VIF1_DMA_wait,7091063,450,1500,0
GIF_DMA_wait,7091644,42,1500,0
Packet_qwords,7098346,0,1500,141
VIF1_submit,7098335,5004,1500,0
Packet_build,7108132,5979,1500,0
VIF1_DMA_wait,7114436,61039,1500,0
GIF_DMA_wait,7175654,84,1500,0
Packet_qwords,7179862,0,1500,71
VIF1_submit,7179854,4554,1500,0
Dispatch,7034315,151216,1500,0
Static_bag,7020109,165465,1500,0
Bounds,7187270,5547,1500,0
Package_classify,7203558,2141,1500,0
Package_classify,7206161,1799,1500,0
Package_classify,7208331,1517,1500,0
Package_classify,7210204,1251,1500,0
Package_create,7202139,9734,1500,0
Packet_build,7214720,3529,1500,0
VIF1_DMA_wait,7218677,7510,1500,0
GIF_DMA_wait,7226316,91,1500,0
Packet_qwords,7229140,0,1500,57
VIF1_submit,7229129,4992,1500,0
Dispatch,7201691,33623,1500,0
Static_bag,7186613,48741,1500,0
Bounds,7236888,5381,1500,0
Package_classify,7251942,847,1500,0
Package_classify,7253316,1619,1500,0
Package_classify,7255158,476,1500,0
Package_classify,7255830,1281,1500,0
Package_create,7250559,6698,1500,0
Packet_build,7259540,2021,1500,0
VIF1_DMA_wait,7261829,396,1500,0
GIF_DMA_wait,7262352,42,1500,0
Packet_qwords,7264420,0,1500,43
VIF1_submit,7264409,4986,1500,0
Dispatch,7250327,20099,1500,0
Static_bag,7236289,34177,1500,0
Object,6661155,609958,1500,35
Bounds,7273693,5026,1500,0
Package_classify,7285747,1924,1500,0
Package_classify,7288051,1197,1500,0
Package_create,7285215,4148,1500,0
QBuffer_copy,7290663,3442,1500,0
Packet_build,7296056,1950,1500,0
VIF1_DMA_wait,7298451,432,1500,0
GIF_DMA_wait,7299019,41,1500,0
Packet_qwords,7300774,0,1500,34
VIF1_submit,7300763,16454,1500,0
Dispatch,7284878,33769,1500,0
Static_bag,7273243,45447,1500,0
Object,7272863,46400,1500,36
Bounds,7324736,5207,1500,0
Package_classify,7340068,1649,1500,0
Package_classify,7342255,1623,1500,0
Package_classify,7344074,1370,1500,0
Package_classify,7345636,1374,1500,0
Package_classify,7347274,1378,1500,0
Package_classify,7348844,1392,1500,0
Package_classify,7350428,1386,1500,0
Package_classify,7352083,1383,1500,0
Package_classify,7354171,1315,1500,0
Package_create,7338693,16946,1500,0
Packet_build,7360195,6026,1500,0
VIF1_DMA_wait,7366665,440,1500,0
GIF_DMA_wait,7367239,41,1500,0
Packet_qwords,7371756,0,1500,92
VIF1_submit,7371745,5110,1500,0
Dispatch,7338459,39481,1500,0
Static_bag,7324115,53865,1500,0
Bounds,7379478,5227,1500,0
Package_classify,7394352,1719,1500,0
Package_classify,7396528,1207,1500,0
Package_classify,7397982,1280,1500,0
Package_classify,7399521,1207,1500,0
Package_classify,7400982,1837,1500,0
Package_classify,7403047,1418,1500,0
Package_classify,7404657,1153,1500,0
Package_classify,7406043,1147,1500,0
Package_classify,7407885,1243,1500,0
Package_classify,7409320,1144,1500,0
Package_classify,7410656,1401,1500,0
Package_classify,7412326,1485,1500,0
Package_classify,7414104,1354,1500,0
Package_classify,7415661,1141,1500,0
Package_classify,7417123,1191,1500,0
Package_classify,7418583,1145,1500,0
Package_classify,7420373,1496,1500,0
Package_classify,7422061,1453,1500,0
Package_classify,7423851,1288,1500,0
Package_classify,7425331,1215,1500,0
Package_classify,7426768,1182,1500,0
Package_classify,7428247,1262,1500,0
Package_classify,7429774,1439,1500,0
Package_classify,7431481,1590,1500,0
Package_create,7393023,40268,1500,0
Packet_build,7439498,8777,1500,0
VIF1_DMA_wait,7448543,382,1500,0
GIF_DMA_wait,7449061,41,1500,0
Packet_qwords,7471830,0,1500,141
VIF1_submit,7471819,5176,1500,0
Packet_build,7482338,5211,1500,0
VIF1_DMA_wait,7487943,121349,1500,0
GIF_DMA_wait,7609396,42,1500,0
Packet_qwords,7622133,0,1500,57
VIF1_submit,7622125,4591,1500,0
Dispatch,7392761,234958,1500,0
Static_bag,7378879,248883,1500,0
Bounds,7629194,5405,1500,0
Package_classify,7645164,1717,1500,0
Package_classify,7647382,1164,1500,0
Package_classify,7648742,1136,1500,0
Package_classify,7650117,1071,1500,0
Package_classify,7651410,1074,1500,0
Package_classify,7652683,1578,1500,0
Package_classify,7654488,1319,1500,0
Package_classify,7656043,1209,1500,0
Package_classify,7657969,1127,1500,0
Package_classify,7659333,1060,1500,0
Package_classify,7660588,1101,1500,0
Package_classify,7661926,1179,1500,0
Package_classify,7663426,1427,1500,0
Package_classify,7665133,1469,1500,0
Package_classify,7666844,1069,1500,0
Package_classify,7668175,1057,1500,0
Package_classify,7669973,1117,1500,0
Package_classify,7671282,1110,1500,0
Package_classify,7672589,1307,1500,0
Package_classify,7674088,545,1500,0
Package_classify,7674876,1086,1500,0
Package_classify,7676167,1214,1500,0
Package_classify,7677660,1089,1500,0
Package_classify,7678989,1129,1500,0
Package_classify,7680790,1119,1500,0
Package_classify,7682214,1411,1500,0
Package_classify,7683934,1231,1500,0
Package_create,7643643,41676,1500,0
Packet_build,7691252,9125,1500,0
VIF1_DMA_wait,7700763,432,1500,0
GIF_DMA_wait,7701412,42,1500,0
Packet_qwords,7708258,0,1500,141
VIF1_submit,7708247,5034,1500,0
Packet_build,7718272,5983,1500,0
VIF1_DMA_wait,7724558,60169,1500,0
GIF_DMA_wait,7784902,86,1500,0
Packet_qwords,7789126,0,1500,71
VIF1_submit,7789118,4462,1500,0
Dispatch,7643369,151508,1500,0
Static_bag,7628707,166213,1500,0
Bounds,7796460,5519,1500,0
Package_classify,7812634,2029,1500,0
Package_classify,7815043,1331,1500,0
Package_classify,7816569,1442,1500,0
Package_classify,7818310,1131,1500,0
Package_create,7811229,8366,1500,0
Packet_build,7822790,3559,1500,0
VIF1_DMA_wait,7826747,8806,1500,0
GIF_DMA_wait,7835682,91,1500,0
Packet_qwords,7838458,0,1500,57
VIF1_submit,7838447,5028,1500,0
Dispatch,7810827,33869,1500,0
Static_bag,7795819,48917,1500,0
Bounds,7846320,4985,1500,0
Package_classify,7861062,951,1500,0
Package_classify,7862545,1620,1500,0
Package_classify,7864360,460,1500,0
Package_classify,7865065,1272,1500,0
Package_create,7859763,6728,1500,0
Packet_build,7868834,1999,1500,0
VIF1_DMA_wait,7871171,394,1500,0
GIF_DMA_wait,7871694,42,1500,0
Packet_qwords,7873678,0,1500,43
VIF1_submit,7873667,4932,1500,0
Dispatch,7859531,20259,1500,0
Static_bag,7845791,34039,1500,0
Object,7323761,556838,1500,37
Bounds,7886802,4969,1500,0
Package_classify,7901268,1149,1500,0
Package_classify,7902879,1772,1500,0
Package_classify,7904933,1489,1500,0
Package_classify,7906707,783,1500,0
Package_classify,7907749,761,1500,0
Package_classify,7908834,750,1500,0
Package_create,7899735,10058,1500,0
Packet_build,7912116,1766,1500,0
VIF1_DMA_wait,7914197,426,1500,0
GIF_DMA_wait,7914750,42,1500,0
Packet_qwords,7916908,0,1500,43
VIF1_submit,7916897,4950,1500,0
Dispatch,7899503,35726,1500,0
Static_bag,7886263,49084,1500,0
Bounds,7936602,5315,1500,0
Package_classify,7951912,1247,1500,0
Package_classify,7953668,742,1500,0
Package_classify,7954643,704,1500,0
Package_classify,7955592,1709,1500,0
Package_classify,7957534,1391,1500,0
Package_classify,7959118,1402,1500,0
Package_classify,7960756,1398,1500,0
Package_classify,7962381,1421,1500,0
Package_create,7950483,14728,1500,0
Packet_build,7968680,4051,1500,0
VIF1_DMA_wait,7973103,434,1500,0
GIF_DMA_wait,7973664,42,1500,0
Packet_qwords,7976938,0,1500,64
VIF1_submit,7976927,5106,1500,0
Dispatch,7950213,32909,1500,0
Static_bag,7936111,47051,1500,0
Bounds,7984722,5261,1500,0
Static_bag,7984117,6409,1500,0
Bounds,7990955,2168,1500,0
Static_bag,7990802,2489,1500,0
Bounds,7993679,2990,1500,0
Package_classify,8006266,1133,1500,0
Package_classify,8007917,1904,1500,0
Package_classify,8010062,823,1500,0
Package_classify,8011111,752,1500,0
Package_create,8004741,7310,1500,0
Packet_build,8014212,1382,1500,0
VIF1_DMA_wait,8015861,408,1500,0
GIF_DMA_wait,8016436,42,1500,0
Packet_qwords,8018194,0,1500,36
VIF1_submit,8018183,4710,1500,0
Dispatch,8004509,19647,1500,0
Static_bag,7993525,30671,1500,0
Object,7885919,138992,1500,39
Bounds,8030484,4855,1500,0
Packet_build,8045424,5303,1500,0
Dispatch,8042154,8783,1500,0
Static_bag,8029921,21057,1500,0
Bounds,8051838,3653,1500,0
Submission_batch,8056509,0,1500,1
VIF1_DMA_wait,8057039,400,1500,0
GIF_DMA_wait,8057632,42,1500,0
Packet_qwords,8074506,0,1500,96
VIF1_submit,8074495,13230,1500,0
Packet_build,8104280,11887,1500,0
VIF1_DMA_wait,8116593,7016,1500,0
GIF_DMA_wait,8123743,90,1500,0
Packet_qwords,8130361,0,1500,141
VIF1_submit,8130353,5004,1500,0
Packet_build,8140362,5569,1500,0
VIF1_DMA_wait,8146214,59654,1500,0
GIF_DMA_wait,8206012,40,1500,0
Packet_qwords,8208956,0,1500,57
VIF1_submit,8208948,3818,1500,0
Dispatch,8096689,117042,1500,0
Static_bag,8051545,162229,1500,0
Bounds,8215334,5811,1500,0
Packet_build,8232238,22185,1500,0
VIF1_DMA_wait,8254961,438,1500,0
GIF_DMA_wait,8255530,42,1500,0
Packet_qwords,8262246,0,1500,141
VIF1_submit,8262235,5248,1500,0
Packet_build,8273033,6218,1500,0
VIF1_DMA_wait,8279851,56391,1500,0
GIF_DMA_wait,8336386,40,1500,0
Packet_qwords,8340270,0,1500,78
VIF1_submit,8340262,3992,1500,0
Dispatch,8227470,117807,1500,0
Static_bag,8214703,130688,1500,0
Bounds,8347062,6013,1500,0
Packet_build,8363808,3543,1500,0
Dispatch,8361107,6564,1500,0
Static_bag,8346403,21309,1500,0
Bounds,8368556,3779,1500,0
Packet_build,8378846,2604,1500,0
Dispatch,8376696,5022,1500,0
Static_bag,8368201,13584,1500,0
Object,8029581,352516,1500,41
Bounds,8384497,4342,1500,0
Packet_build,8406506,1649,1500,0
Dispatch,8404831,3697,1500,0
Static_bag,8383907,24665,1500,0
Object,8383241,25772,1500,42
Bounds,8414335,4914,1500,0
Packet_build,8427830,3802,1500,0
Submission_batch,8432031,0,1500,4
VIF1_DMA_wait,8432547,416,1500,0
GIF_DMA_wait,8433090,42,1500,0
Packet_qwords,8441668,0,1500,232
VIF1_submit,8441657,5052,1500,0
Dispatch,8425224,22670,1500,0
Static_bag,8413891,34043,1500,0
Bounds,8449494,5471,1500,0
Packet_build,8466120,8715,1500,0
Dispatch,8461447,13814,1500,0
Static_bag,8448901,26401,1500,0
Bounds,8476458,3821,1500,0
Submission_batch,8481069,0,1500,1
VIF1_DMA_wait,8481689,26434,1500,0
GIF_DMA_wait,8508294,97,1500,0
Packet_qwords,8514748,0,1500,138
VIF1_submit,8514737,4998,1500,0
Packet_build,8532094,8713,1500,0
VIF1_DMA_wait,8541245,43294,1500,0
GIF_DMA_wait,8584753,136,1500,0
Packet_qwords,8591565,0,1500,141
VIF1_submit,8591557,4978,1500,0
Dispatch,8526392,71800,1500,0
Static_bag,8476009,122295,1500,0
Bounds,8599938,6335,1500,0
Packet_build,8616122,2397,1500,0
Dispatch,8614099,4984,1500,0
Static_bag,8599249,19875,1500,0
Bounds,8619990,4133,1500,0
Packet_build,8631020,2608,1500,0
Dispatch,8628906,4954,1500,0
Static_bag,8619697,14204,1500,0
Object,8413578,220609,1500,43
Bounds,8640619,4216,1500,0
Static_bag,8640253,4873,1500,0
Object,8639897,5497,1500,52
Bounds,8651026,3337,1500,0
Static_bag,8650747,3881,1500,0
Object,8650582,4354,1500,59
Bounds,8657193,2638,1500,0
Static_bag,8656991,2929,1500,0
Object,8656812,3316,1500,60
Bounds,8674720,4839,1500,0
Packet_build,8689826,5154,1500,0
Dispatch,8686390,9040,1500,0
Static_bag,8674401,21073,1500,0
Object,8674049,21908,1500,61
Bounds,8698578,4225,1500,0
Packet_build,8724566,4857,1500,0
Submission_batch,8729859,0,1500,4
VIF1_DMA_wait,8730399,410,1500,0
GIF_DMA_wait,8730936,42,1500,0
Packet_qwords,8742370,0,1500,283
VIF1_submit,8742359,4872,1500,0
Dispatch,8720989,27402,1500,0
Static_bag,8698195,50277,1500,0
Object,8697857,51332,1500,62
Bounds,8752904,5101,1500,0
Static_bag,8752399,5785,1500,0
Object,8752055,6285,1500,63
Bounds,8760635,2857,1500,0
Static_bag,8760303,3435,1500,0
Object,8760216,3730,1500,64
Bounds,8765890,3164,1500,0
Static_bag,8765560,3812,1500,0
Object,8765398,4252,1500,65
Bounds,8771843,3276,1500,0
Packet_build,8786146,4919,1500,0
Dispatch,8782767,8745,1500,0
Static_bag,8771558,20029,1500,0
Object,8771436,20443,1500,66
Bounds,8794880,4175,1500,0
Packet_build,8807708,4677,1500,0
Dispatch,8804540,8147,1500,0
Static_bag,8794279,18485,1500,0
Object,8793917,19174,1500,67
Bounds,8815710,4431,1500,0
Static_bag,8815375,4901,1500,0
Object,8815065,5509,1500,68
Bounds,8822300,2710,1500,0
Static_bag,8822070,3028,1500,0
Object,8821980,3302,1500,69
Bounds,8827288,3631,1500,0
Packet_build,8839814,4383,1500,0
Dispatch,8836692,7913,1500,0
Static_bag,8826879,17767,1500,0
Bounds,8845500,4627,1500,0
Packet_build,8856566,2475,1500,0
Submission_batch,8871229,0,1500,4
VIF1_DMA_wait,8871707,382,1500,0
GIF_DMA_wait,8872234,42,1500,0
Packet_qwords,8886006,0,1500,318
VIF1_submit,8885995,4570,1500,0
Dispatch,8854448,37451,1500,0
Static_bag,8845177,46816,1500,0
Object,8826836,65777,1500,70
Bounds,8896640,6033,1500,0
Packet_build,8913728,4791,1500,0
Dispatch,8910259,8652,1500,0
Static_bag,8896013,22939,1500,0
Bounds,8919954,4271,1500,0
Packet_build,8930594,2871,1500,0
Dispatch,8928436,5352,1500,0
Static_bag,8919605,14268,1500,0
Object,8895659,38522,1500,71
Bounds,8937866,3781,1500,0
Static_bag,8937257,4523,1500,0
Bounds,8942428,1877,1500,0
Static_bag,8942189,2204,1500,0
Object,8936820,7696,1500,72
Bounds,8946977,3384,1500,0
Packet_build,8959184,4661,1500,0
Dispatch,8956444,7806,1500,0
Static_bag,8946686,17652,1500,0
Bounds,8965118,3993,1500,0
Packet_build,8976356,2639,1500,0
Submission_batch,8979423,0,1500,4
VIF1_DMA_wait,8979905,31924,1500,0
GIF_DMA_wait,9011958,91,1500,0
Packet_qwords,9035430,0,1500,283
VIF1_submit,9035419,4966,1500,0
Dispatch,8973958,67895,1500,0
Static_bag,8964835,77061,1500,0
Object,8946446,96229,1500,73
Bounds,9049704,5699,1500,0
Package_classify,9065385,2321,1500,0
Package_classify,9068078,1264,1500,0
Package_classify,9069532,1197,1500,0
Package_classify,9070913,1168,1500,0
Package_classify,9072326,1239,1500,0
Package_classify,9073790,1168,1500,0
Package_classify,9075142,1168,1500,0
Package_classify,9076588,1168,1500,0
Package_create,9064739,13128,1500,0
QBuffer_copy,9079447,5168,1500,0
QBuffer_copy,9086222,5332,1500,0
QBuffer_copy,9092655,3560,1500,0
Packet_build,9097706,3513,1500,0
VIF1_DMA_wait,9101661,29340,1500,0
GIF_DMA_wait,9131143,90,1500,0
Packet_qwords,9133762,0,1500,50
VIF1_submit,9133751,5190,1500,0
Dispatch,9064377,75775,1500,0
Static_bag,9049171,91021,1500,0
Bounds,9141860,5225,1500,0
Package_classify,9157090,2161,1500,0
Package_classify,9159625,1463,1500,0
Package_classify,9161283,1440,1500,0
Package_classify,9162964,1471,1500,0
Package_classify,9164696,1403,1500,0
Package_create,9155571,10722,1500,0
Packet_build,9169837,16334,1500,0
VIF1_DMA_wait,9186587,414,1500,0
GIF_DMA_wait,9187141,41,1500,0
Packet_qwords,9190504,0,1500,64
VIF1_submit,9190493,4920,1500,0
Dispatch,9155333,41270,1500,0
Static_bag,9141133,55513,1500,0
Bounds,9198310,5769,1500,0
Package_classify,9214269,2054,1500,0
Package_classify,9216691,1170,1500,0
Package_classify,9218102,1199,1500,0
Package_create,9213647,5770,1500,0
QBuffer_copy,9220717,4852,1500,0
Packet_build,9227522,1908,1500,0
VIF1_DMA_wait,9229827,396,1500,0
GIF_DMA_wait,9230356,42,1500,0
Packet_qwords,9232252,0,1500,36
VIF1_submit,9232241,5034,1500,0
Dispatch,9213285,25183,1500,0
Static_bag,9197633,40875,1500,0
Object,9048699,190426,1500,75
Bounds,9244274,5033,1500,0
Packet_build,9258007,2069,1500,0
Dispatch,9255978,4485,1500,0
Static_bag,9243697,16807,1500,0
Bounds,9261270,16213,1500,0
Packet_build,9287030,3475,1500,0
Dispatch,9284131,6637,1500,0
Static_bag,9260941,29871,1500,0
Bounds,9291888,4127,1500,0
Packet_build,9301754,1227,1500,0
Dispatch,9300492,2664,1500,0
Static_bag,9291505,11718,1500,0
Object,9243351,60162,1500,76
Bounds,9308472,3793,1500,0
Packet_build,9319556,1753,1500,0
Submission_batch,9321735,0,1500,4
VIF1_DMA_wait,9322241,480,1500,0
GIF_DMA_wait,9322848,42,1500,0
Packet_qwords,9341502,0,1500,199
VIF1_submit,9341491,5062,1500,0
Dispatch,9317894,30185,1500,0
Static_bag,9308065,40109,1500,0
Bounds,9349850,5243,1500,0
Packet_build,9366278,3584,1500,0
Dispatch,9363055,7242,1500,0
Static_bag,9349331,21007,1500,0
Bounds,9371202,3737,1500,0
Packet_build,9381302,1059,1500,0
Dispatch,9379722,2898,1500,0
Static_bag,9370903,11758,1500,0
Object,9307691,75544,1500,77
Bounds,9388796,4095,1500,0
Packet_build,9399440,1577,1500,0
Dispatch,9397848,3406,1500,0
Static_bag,9388405,12939,1500,0
Bounds,9402158,3759,1500,0
Packet_build,9412922,3074,1500,0
Submission_batch,9416451,0,1500,4
VIF1_DMA_wait,9416955,434,1500,0
GIF_DMA_wait,9417516,42,1500,0
Packet_qwords,9425232,0,1500,220
VIF1_submit,9425221,5098,1500,0
Dispatch,9410444,21174,1500,0
Static_bag,9401839,29862,1500,0
Bounds,9433370,5645,1500,0
Packet_build,9447848,1413,1500,0
Dispatch,9446107,3514,1500,0
Static_bag,9432757,16905,1500,0
Object,9388101,61822,1500,78
Bounds,9455094,4793,1500,0
Packet_build,9467054,2071,1500,0
Dispatch,9465012,4348,1500,0
Static_bag,9454675,14726,1500,0
Bounds,9470298,4297,1500,0
Packet_build,9481568,15473,1500,0
Dispatch,9479244,18338,1500,0
Static_bag,9469915,27760,1500,0
Bounds,9498638,4557,1500,0
Packet_build,9511574,1287,1500,0
Submission_batch,9513309,0,1500,4
VIF1_DMA_wait,9513773,448,1500,0
GIF_DMA_wait,9514350,42,1500,0
Packet_qwords,9520948,0,1500,192
VIF1_submit,9520937,5022,1500,0
Dispatch,9509785,17367,1500,0
Static_bag,9498301,28891,1500,0
Object,9454241,73478,1500,79
Bounds,9533209,5218,1500,0
Packet_build,9548090,2085,1500,0
Dispatch,9546339,4450,1500,0
Static_bag,9532729,18101,1500,0
Bounds,9551694,3805,1500,0
Packet_build,9562186,2929,1500,0
Dispatch,9559734,5638,1500,0
Static_bag,9551329,14084,1500,0
Bounds,9566316,3725,1500,0
Packet_build,9575632,1075,1500,0
Dispatch,9574386,2592,1500,0
Static_bag,9565963,11056,1500,0
Object,9532385,44966,1500,80
Bounds,9592092,4317,1500,0
Static_bag,9591637,5035,1500,0
Bounds,9597115,1889,1500,0
Static_bag,9596927,2165,1500,0
Object,9591264,7991,1500,99
Bounds,9601389,2841,1500,0
Static_bag,9601152,3214,1500,0
Bounds,9604701,2130,1500,0
Static_bag,9604501,2476,1500,0
Object,9601074,6085,1500,100
Bounds,9609265,2593,1500,0
Static_bag,9608995,3046,1500,0
Bounds,9612467,2152,1500,0
Static_bag,9612314,2477,1500,0
Object,9608802,6126,1500,101
Bounds,9616813,2722,1500,0
Static_bag,9616579,3094,1500,0
Bounds,9620045,2128,1500,0
Static_bag,9619892,2474,1500,0
Object,9616498,6039,1500,102
Bounds,9624600,2957,1500,0
Static_bag,9624403,3391,1500,0
Bounds,9628283,2532,1500,0
Static_bag,9628105,2843,1500,0
Object,9624258,6892,1500,103
Bounds,9633012,3014,1500,0
Static_bag,9632862,3302,1500,0
Bounds,9636650,2480,1500,0
Static_bag,9636443,2775,1500,0
Object,9632746,6673,1500,104
Bounds,9656035,4984,1500,0
Packet_build,9670412,3694,1500,0
Submission_batch,9674541,0,1500,4
VIF1_DMA_wait,9674991,416,1500,0
GIF_DMA_wait,9675586,42,1500,0
Packet_qwords,9683658,0,1500,220
VIF1_submit,9683647,4840,1500,0
Dispatch,9667648,22127,1500,0
Static_bag,9655593,34225,1500,0
Bounds,9691572,5135,1500,0
Packet_build,9706652,1905,1500,0
Dispatch,9704388,4531,1500,0
Static_bag,9690935,18025,1500,0
Object,9655246,54207,1500,108
Bounds,9713166,4475,1500,0
Packet_build,9726458,3117,1500,0
Dispatch,9723356,6525,1500,0
Static_bag,9712687,17235,1500,0
Bounds,9731268,4063,1500,0
Packet_build,9741848,1678,1500,0
Dispatch,9740110,3780,1500,0
Static_bag,9730873,13058,1500,0
Object,9712379,31814,1500,109
Bounds,9747192,4085,1500,0
Static_bag,9746791,4639,1500,0
Bounds,9751987,2504,1500,0
Static_bag,9751696,3032,1500,0
Object,9746465,8336,1500,110
Bounds,9756343,2686,1500,0
Static_bag,9756151,3047,1500,0
Object,9756044,3321,1500,111
Bounds,9760905,2510,1500,0
Static_bag,9760669,2884,1500,0
Object,9760626,3044,1500,112
Bounds,9765367,2728,1500,0
Static_bag,9765096,3135,1500,0
Object,9764954,3444,1500,113
Bounds,9769372,2809,1500,0
Static_bag,9769189,3162,1500,0
Object,9769074,3490,1500,114
Object,9773274,108,1500,115
Object,9773964,76,1500,116
Object,9774498,58,1500,117
Object,9774960,68,1500,118
Object,9775500,58,1500,119
Object,9776100,58,1500,120
Bounds,9780020,4695,1500,0
Submission_batch,9788259,0,1500,3
VIF1_DMA_wait,9789003,402,1500,0
GIF_DMA_wait,9789568,83,1500,0
Packet_qwords,9807834,0,1500,160
VIF1_submit,9807823,5002,1500,0
Package_classify,9823668,1671,1500,0
Package_classify,9825768,1807,1500,0
Package_classify,9827767,1409,1500,0
Package_classify,9829413,1408,1500,0
Package_classify,9831076,1481,1500,0
Package_classify,9832833,1429,1500,0
Package_classify,9834615,1468,1500,0
Package_classify,9836317,1419,1500,0
Package_classify,9838520,1403,1500,0
Package_classify,9840153,1592,1500,0
Package_classify,9841937,1417,1500,0
Package_classify,9843546,1410,1500,0
Package_classify,9845190,1418,1500,0
Package_classify,9846811,1450,1500,0
Package_classify,9848453,1557,1500,0
Package_classify,9850253,994,1500,0
Package_create,9821813,29610,1500,0
Packet_build,9857168,19879,1500,0
VIF1_DMA_wait,9877637,420,1500,0
GIF_DMA_wait,9878233,41,1500,0
Packet_qwords,9884796,0,1500,134
VIF1_submit,9884785,5206,1500,0
Dispatch,9821463,69918,1500,0
Static_bag,9779695,111729,1500,0
Bounds,10011666,5425,1500,0
Package_classify,10027554,1213,1500,0
Package_classify,10029158,1647,1500,0
Package_classify,10031002,1394,1500,0
Package_classify,10032590,1403,1500,0
Package_classify,10034230,1473,1500,0
Package_classify,10035967,1437,1500,0
Package_classify,10037665,1416,1500,0
Package_classify,10039359,1405,1500,0
Package_classify,10041554,1403,1500,0
Package_classify,10043149,1473,1500,0
Package_classify,10044866,1414,1500,0
Package_classify,10046472,1404,1500,0
Package_classify,10048114,1416,1500,0
Package_classify,10049775,1478,1500,0
Package_classify,10051445,1437,1500,0
Package_classify,10053125,916,1500,0
Package_create,10026033,28190,1500,0
Packet_build,10059866,9070,1500,0
VIF1_DMA_wait,10069335,428,1500,0
GIF_DMA_wait,10069940,42,1500,0
Packet_qwords,10076376,0,1500,138
VIF1_submit,10076365,5140,1500,0
Dispatch,10025701,57016,1500,0
Static_bag,10011049,71772,1500,0
Object,9779570,303635,1500,121
Bounds,10089444,6119,1500,0
Static_bag,10088953,7219,1500,0
Bounds,10105319,17312,1500,0
Static_bag,10105072,17923,1500,0
Bounds,10123872,4067,1500,0
Package_classify,10141156,2209,1500,0
Package_classify,10143865,1442,1500,0
Package_classify,10145805,1575,1500,0
Package_classify,10147614,1539,1500,0
Package_classify,10149390,1551,1500,0
Package_classify,10151425,1533,1500,0
Package_classify,10153150,1471,1500,0
Package_classify,10154863,1444,1500,0
Package_classify,10157103,1479,1500,0
Package_classify,10158816,1441,1500,0
Package_classify,10160449,1442,1500,0
Package_classify,10162083,1452,1500,0
Package_classify,10163790,1507,1500,0
Package_classify,10165495,845,1500,0
Package_classify,10166532,851,1500,0
Package_classify,10167717,1572,1500,0
Package_classify,10170187,1472,1500,0
Package_classify,10171851,809,1500,0
Package_classify,10172881,817,1500,0
Package_classify,10173890,858,1500,0
Package_classify,10174978,825,1500,0
Package_classify,10175997,783,1500,0
Package_classify,10176972,786,1500,0
Package_classify,10177983,826,1500,0
Package_classify,10179597,1518,1500,0
Package_classify,10181398,1535,1500,0
Package_classify,10183233,1470,1500,0
Package_classify,10184895,1450,1500,0
Package_classify,10186620,824,1500,0
Package_classify,10187636,791,1500,0
Package_classify,10188665,1450,1500,0
Package_classify,10190403,1461,1500,0
Package_create,10139373,53254,1500,0
Packet_build,10198940,9325,1500,0
VIF1_DMA_wait,10208585,420,1500,0
GIF_DMA_wait,10209139,82,1500,0
Packet_qwords,10215850,0,1500,141
VIF1_submit,10215839,5280,1500,0
Packet_build,10224718,2955,1500,0
VIF1_DMA_wait,10227926,62323,1500,0
GIF_DMA_wait,10290428,84,1500,0
Packet_qwords,10293004,0,1500,36
VIF1_submit,10292996,4300,1500,0
Dispatch,10139105,159428,1500,0
Static_bag,10123378,175266,1500,0
Bounds,10552775,5528,1500,0
Package_classify,10568802,2171,1500,0
Package_classify,10571428,1569,1500,0
Package_classify,10573238,12425,1500,0
Package_classify,10586165,1798,1500,0
Package_classify,10588333,1616,1500,0
Package_classify,10590207,1479,1500,0
Package_classify,10591878,1473,1500,0
Package_classify,10593577,1444,1500,0
Package_classify,10595812,1516,1500,0
Package_classify,10597520,1453,1500,0
Package_classify,10599165,1446,1500,0
Package_classify,10600846,1439,1500,0
Package_classify,10602508,1494,1500,0
Package_classify,10604199,861,1500,0
Package_classify,10605287,852,1500,0
Package_classify,10606477,1556,1500,0
Package_classify,10608931,1472,1500,0
Package_classify,10610638,846,1500,0
Package_classify,10611676,808,1500,0
Package_classify,10612676,813,1500,0
Package_classify,10613754,793,1500,0
Package_classify,10614745,779,1500,0
Package_classify,10615716,786,1500,0
Package_classify,10616727,856,1500,0
Package_classify,10618371,1517,1500,0
Package_classify,10620080,1531,1500,0
Package_classify,10621905,1482,1500,0
Package_classify,10623612,1453,1500,0
Package_classify,10625296,800,1500,0
Package_classify,10626288,834,1500,0
Package_classify,10627365,1446,1500,0
Package_classify,10629037,1457,1500,0
Package_create,10567293,63946,1500,0
Packet_build,10638194,9709,1500,0
VIF1_DMA_wait,10648259,438,1500,0
GIF_DMA_wait,10648831,41,1500,0
Packet_qwords,10655742,0,1500,145
VIF1_submit,10655731,4984,1500,0
Packet_build,10665026,3337,1500,0
VIF1_DMA_wait,10668751,73244,1500,0
GIF_DMA_wait,10742302,92,1500,0
Packet_qwords,10744972,0,1500,36
VIF1_submit,10744964,4368,1500,0
Dispatch,10566965,183520,1500,0
Static_bag,10552243,198285,1500,0
Object,10088519,662402,1500,122
Bounds,10757040,6209,1500,0
Packet_build,10775192,4980,1500,0
Dispatch,10771922,8603,1500,0
Static_bag,10756535,24062,1500,0
Object,10756137,24898,1500,134
Object,10781927,185,1500,135
Object,10782580,58,1500,136
Object,10783062,58,1500,137
Object,10783553,105,1500,138
Object,10784136,74,1500,139
Object,10784628,74,1500,140
Object,10785136,72,1500,141
Object,10785652,58,1500,142
Submission_batch,10787791,0,1500,1
VIF1_DMA_wait,10788357,464,1500,0
GIF_DMA_wait,10788948,83,1500,0
Packet_qwords,10793604,0,1500,89
VIF1_submit,10793593,4432,1500,0
Objects,6019441,4779588,1500,0
Bounds,11142788,152891,1500,0
Packet_build,11308051,10012,1500,0
VIF1_DMA_wait,11318465,420,1500,0
GIF_DMA_wait,11319073,82,1500,0
Packet_qwords,11325958,0,1500,141
VIF1_submit,11325947,5196,1500,0
Packet_build,11336804,8373,1500,0
VIF1_DMA_wait,11345422,54503,1500,0
GIF_DMA_wait,11400098,84,1500,0
Packet_qwords,11406154,0,1500,113
VIF1_submit,11406146,4750,1500,0
Packet_build,11417612,9543,1500,0
VIF1_DMA_wait,11427663,51519,1500,0
GIF_DMA_wait,11479337,39,1500,0
Packet_qwords,11484900,0,1500,113
VIF1_submit,11484892,4108,1500,0
Packet_build,11491860,2995,1500,0
VIF1_DMA_wait,11495106,62259,1500,0
GIF_DMA_wait,11557502,84,1500,0
Packet_qwords,11559958,0,1500,36
VIF1_submit,11559950,4422,1500,0
Dispatch,11302891,262650,1500,0
Static_bag,11142217,423367,1500,0
Bounds,11603742,17525,1500,0
Package_classify,11632188,1453,1500,0
Package_classify,11634033,1568,1500,0
Package_classify,11635840,1369,1500,0
Package_classify,11637402,672,1500,0
Package_classify,11638301,547,1500,0
Package_create,11630655,8382,1500,0
Packet_build,11641759,3212,1500,0
VIF1_DMA_wait,11645343,446,1500,0
GIF_DMA_wait,11645966,81,1500,0
Packet_qwords,11648464,0,1500,50
VIF1_submit,11648453,5352,1500,0
Dispatch,11630369,24605,1500,0
Static_bag,11603263,51751,1500,0
Bounds,11813400,80491,1500,0
Package_classify,11904804,1335,1500,0
Package_classify,11906521,888,1500,0
Package_classify,11907640,908,1500,0
Package_classify,11908742,890,1500,0
Package_classify,11909933,893,1500,0
Package_classify,11911033,1770,1500,0
Package_classify,11913025,1145,1500,0
Package_classify,11914455,1172,1500,0
Package_classify,11916458,1189,1500,0
Package_classify,11917840,1086,1500,0
Package_classify,11919161,1184,1500,0
Package_classify,11920538,1546,1500,0
Package_classify,11922401,986,1500,0
Package_classify,11923659,976,1500,0
Package_classify,11924832,940,1500,0
Package_classify,11926009,825,1500,0
Package_create,11903169,25436,1500,0
Packet_build,11932999,5072,1500,0
VIF1_DMA_wait,11938469,432,1500,0
GIF_DMA_wait,11939054,81,1500,0
Packet_qwords,11943024,0,1500,78
VIF1_submit,11943013,4816,1500,0
Dispatch,11902837,46224,1500,0
Static_bag,11812891,136299,1500,0
Wheels,10799317,1150658,1500,0
Animation,11950141,200,1500,0
Shadow_decals,11950625,92,1500,0
Mirrors,11950803,1,1500,0
Portal_surfaces,11950837,1,1500,0
Light_pools,11950932,3225,1500,0
GS_FINISH_wait,12012713,396,1500,0
Align3D,12008311,5090,1500,0
Bounds,12026132,5969,1500,0
Packet_build,12044587,9896,1500,0
VIF1_DMA_wait,12054911,384,1500,0
GIF_DMA_wait,12055429,82,1500,0
Packet_qwords,12062376,0,1500,141
VIF1_submit,12062365,5152,1500,0
Packet_build,12073309,8388,1500,0
VIF1_DMA_wait,12081894,58123,1500,0
GIF_DMA_wait,12140234,90,1500,0
Packet_qwords,12146482,0,1500,113
VIF1_submit,12146474,4644,1500,0
Dispatch,12039649,112825,1500,0
Static_bag,12025505,127012,1500,0
Bounds,12154310,6069,1500,0
Packet_build,12172092,8077,1500,0
VIF1_DMA_wait,12180705,38520,1500,0
GIF_DMA_wait,12219354,91,1500,0
Packet_qwords,12225102,0,1500,120
VIF1_submit,12225091,4966,1500,0
Dispatch,12167509,63500,1500,0
Static_bag,12153605,77559,1500,0
Bounds,12232627,5398,1500,0
Packet_build,12244196,2034,1500,0
VIF1_DMA_wait,12246909,37456,1500,0
GIF_DMA_wait,12284580,133,1500,0
Packet_qwords,12293442,0,1500,40
VIF1_submit,12293431,5206,1500,0
Dispatch,12242544,57350,1500,0
Static_bag,12232171,67766,1500,0
GS_FINISH_wait,12345623,396,1500,0
Align3D,12341335,4894,1500,0
Bounds,12357614,5907,1500,0
Packet_build,12376273,9672,1500,0
VIF1_DMA_wait,12386361,422,1500,0
GIF_DMA_wait,12386917,82,1500,0
Packet_qwords,12393804,0,1500,141
VIF1_submit,12393793,5080,1500,0
Dispatch,12371491,28645,1500,0
Static_bag,12357079,43097,1500,0
GS_FINISH_wait,12471601,2154,1500,0
Align3D,12407521,66534,1500,0
Bounds,12532137,10688,1500,0
GS_FINISH_wait,12550745,516,1500,0
Align3D,12544846,6673,1500,0
Packet_build,12561758,2361,1500,0
VIF1_DMA_wait,12564615,290,1500,0
GIF_DMA_wait,12565036,83,1500,0
Packet_qwords,12567274,0,1500,42
VIF1_submit,12567263,4302,1500,0
GS_FINISH_wait,12577391,28360,1500,0
Align3D,12572938,33083,1500,0
Dispatch,12559715,49249,1500,0
Static_bag,12531541,77512,1500,0
Bounds,12663779,10250,1500,0
GS_FINISH_wait,12683309,435,1500,0
Align3D,12677468,6564,1500,0
Package_classify,12693063,2554,1500,0
Package_classify,12695889,1338,1500,0
Package_classify,12697460,1126,1500,0
Package_classify,12698770,1228,1500,0
Package_classify,12700212,1126,1500,0
Package_classify,12701592,1171,1500,0
Package_create,12692439,10434,1500,0
QBuffer_copy,12704131,4496,1500,0
QBuffer_copy,12710314,3030,1500,0
Packet_build,12714782,2847,1500,0
VIF1_DMA_wait,12718005,320,1500,0
GIF_DMA_wait,12718465,82,1500,0
Packet_qwords,12720772,0,1500,42
VIF1_submit,12720761,4754,1500,0
GS_FINISH_wait,12731157,12800,1500,0
Align3D,12726766,17472,1500,0
Dispatch,12692015,54814,1500,0
Static_bag,12663209,83660,1500,0
Projected_shadows,11954253,793326,1500,0
Bounds,12765041,7894,1500,0
Static_bag,12764503,8669,1500,0
Bounds,12776738,4669,1500,0
Static_bag,12776438,5260,1500,0
Bounds,12784338,5333,1500,0
Package_classify,12799863,2054,1500,0
Package_create,12799269,2840,1500,0
Packet_build,12805177,1790,1500,0
VIF1_DMA_wait,12807365,468,1500,0
GIF_DMA_wait,12808019,82,1500,0
Packet_qwords,12810000,0,1500,36
VIF1_submit,12809989,5236,1500,0
Dispatch,12798839,17580,1500,0
Static_bag,12783955,32507,1500,0
Blob_shadows,12747656,69107,1500,0
Light_beams,12816955,3018,1500,0
Highlights_and_outlines,12820138,1,1500,0
Bounds,12838010,8433,1500,0
Package_classify,12855231,1886,1500,0
Package_create,12854697,2612,1500,0
Packet_build,12860005,1886,1500,0
VIF1_DMA_wait,12862283,420,1500,0
GIF_DMA_wait,12862837,82,1500,0
Packet_qwords,12864532,0,1500,34
VIF1_submit,12864521,16730,1500,0
Dispatch,12854264,28165,1500,0
Static_bag,12837457,45015,1500,0
Particles,12820267,62436,1500,0
Scene,2498407,10384528,1500,0
GS_FINISH_wait,12892277,396,1500,0
Align3D,12887562,5315,1500,0
GS_FINISH_wait,13079399,396,1500,0
Align3D,13074166,5893,1500,0
PostFx,13073761,135988,1500,0
Present,13210433,4473370,1500,0
EndFrame,12919095,4764789,1500,0
Game,8181,17685336,1500,0
Info,17693695,352,1500,0
Frame,0,17694655,1500,0
Pad,17695166,7831,1501,0
Update,17703559,2116704,1501,0
GS_FINISH_wait,20018967,79350,1501,0
Align3D,20014468,84099,1501,0
Bounds,20114969,5724,1501,0
Package_classify,20129494,2152,1501,0
Package_classify,20132024,1336,1501,0
Package_classify,20133549,1295,1501,0
Package_classify,20135081,1294,1501,0
Package_classify,20136643,1186,1501,0
Package_create,20128155,9828,1501,0
Package_classify,20139151,1197,1501,0
Package_classify,20140614,1144,1501,0
Package_classify,20142001,1065,1501,0
Package_classify,20143301,1179,1501,0
Package_classify,20144725,1071,1501,0
Package_classify,20145997,1065,1501,0
Package_create,20138681,8498,1501,0
Package_classify,20152046,1136,1501,0
Package_classify,20153425,1176,1501,0
Package_classify,20154843,1069,1501,0
Package_classify,20156147,1181,1501,0
Package_classify,20157571,1071,1501,0
Package_classify,20158843,1054,1501,0
Package_create,20151757,8238,1501,0
Package_classify,20162444,360,1501,0
Package_classify,20162996,1150,1501,0
Package_classify,20164461,1070,1501,0
Package_classify,20165723,1186,1501,0
Package_classify,20167153,1083,1501,0
Package_classify,20168439,1054,1501,0
Package_create,20162148,7408,1501,0
Packet_build,20171311,9262,1501,0
VIF1_DMA_wait,20181021,416,1501,0
GIF_DMA_wait,20181637,82,1501,0
Packet_qwords,20187490,0,1501,124
VIF1_submit,20187479,5594,1501,0
Package_classify,20196066,1870,1501,0
Package_classify,20198250,1315,1501,0
Package_classify,20199805,1115,1501,0
Package_classify,20201219,1224,1501,0
Package_classify,20202685,1107,1501,0
Package_classify,20204044,1110,1501,0
Package_create,20195369,21608,1501,0
Package_classify,20221392,1981,1501,0
Package_classify,20223711,1250,1501,0
Package_classify,20225197,325,1501,0
Package_classify,20225772,363,1501,0
Package_create,20220792,5406,1501,0
Packet_build,20227934,5435,1501,0
VIF1_DMA_wait,20233949,9352,1501,0
GIF_DMA_wait,20243437,130,1501,0
Packet_qwords,20246715,0,1501,55
VIF1_submit,20246707,4852,1501,0
Dispatch,20127823,125036,1501,0
Static_bag,20114257,138645,1501,0
Bounds,20255507,8454,1501,0
Static_bag,20254927,9361,1501,0
Bounds,20269998,4791,1501,0
Package_classify,20285820,1245,1501,0
Package_classify,20287515,1699,1501,0
Package_classify,20289410,1445,1501,0
Package_classify,20291052,1426,1501,0
Package_create,20284389,8250,1501,0
Packet_build,20295254,2945,1501,0
VIF1_DMA_wait,20298585,384,1501,0
GIF_DMA_wait,20299175,82,1501,0
Packet_qwords,20301814,0,1501,50
VIF1_submit,20301803,4920,1501,0
Dispatch,20284161,23791,1501,0
Static_bag,20269525,38467,1501,0
Bounds,20309306,6039,1501,0
Package_classify,20324452,1275,1501,0
Package_classify,20326118,1652,1501,0
Package_classify,20327965,1488,1501,0
Package_classify,20329681,1529,1501,0
Package_classify,20331480,1448,1501,0
Package_classify,20333131,1533,1501,0
Package_classify,20334942,1458,1501,0
Package_classify,20336639,1097,1501,0
Package_create,20323005,14886,1501,0
Packet_build,20341334,4339,1501,0
VIF1_DMA_wait,20345987,376,1501,0
GIF_DMA_wait,20346492,42,1501,0
Packet_qwords,20350156,0,1501,78
VIF1_submit,20350145,5016,1501,0
Dispatch,20322758,33486,1501,0
Static_bag,20308639,47645,1501,0
Bounds,20357454,18229,1501,0
Package_classify,20386350,2444,1501,0
Package_classify,20389175,1645,1501,0
Package_classify,20391093,1641,1501,0
Package_classify,20392926,1648,1501,0
Package_classify,20394800,1610,1501,0
Package_create,20384609,11970,1501,0
Packet_build,20399528,3765,1501,0
VIF1_DMA_wait,20403785,432,1501,0
GIF_DMA_wait,20404348,42,1501,0
Packet_qwords,20407692,0,1501,64
VIF1_submit,20407681,5146,1501,0
Dispatch,20384203,29976,1501,0
Static_bag,20356931,57361,1501,0
Bounds,20415638,5667,1501,0
Package_classify,20431702,1209,1501,0
Package_classify,20433459,1688,1501,0
Package_classify,20435342,1460,1501,0
Package_classify,20437042,1483,1501,0
Package_classify,20438776,1580,1501,0
Package_classify,20440612,1172,1501,0
Package_create,20430243,11694,1501,0
Packet_build,20445062,3459,1501,0
VIF1_DMA_wait,20448861,426,1501,0
GIF_DMA_wait,20449416,42,1501,0
Packet_qwords,20452462,0,1501,64
VIF1_submit,20452451,4932,1501,0
Dispatch,20429997,28487,1501,0
Static_bag,20415013,43511,1501,0
Bounds,20459754,5369,1501,0
Package_classify,20473825,2001,1501,0
Package_classify,20476237,1157,1501,0
Package_classify,20477610,1226,1501,0
Package_classify,20479018,1157,1501,0
Package_classify,20480398,1216,1501,0
Package_classify,20481869,1157,1501,0
Package_create,20473293,9846,1501,0
QBuffer_copy,20484493,4738,1501,0
QBuffer_copy,20490830,4040,1501,0
Packet_build,20496356,2358,1501,0
VIF1_DMA_wait,20499069,390,1501,0
GIF_DMA_wait,20499595,41,1501,0
Packet_qwords,20501722,0,1501,43
VIF1_submit,20501711,5016,1501,0
Dispatch,20472920,35000,1501,0
Static_bag,20459201,48825,1501,0
Bounds,20510030,5119,1501,0
Static_bag,20509471,5995,1501,0
Bounds,20516073,13878,1501,0
Static_bag,20515799,14331,1501,0
Bounds,20530803,3546,1501,0
Static_bag,20530402,4200,1501,0
Bounds,20535141,2406,1501,0
Static_bag,20534850,2819,1501,0
Bounds,20538205,2512,1501,0
Static_bag,20537921,2929,1501,0
Bounds,20542170,3013,1501,0
Packet_build,20555647,6068,1501,0
VIF1_DMA_wait,20562269,432,1501,0
GIF_DMA_wait,20562828,42,1501,0
Packet_qwords,20567284,0,1501,92
VIF1_submit,20567273,5010,1501,0
Dispatch,20551711,21764,1501,0
Static_bag,20541808,31710,1501,0
Bounds,20574776,5679,1501,0
Packet_build,20590982,8902,1501,0
VIF1_DMA_wait,20600289,7674,1501,0
GIF_DMA_wait,20608108,97,1501,0
Packet_qwords,20614678,0,1501,141
VIF1_submit,20614667,4992,1501,0
Packet_build,20623356,5027,1501,0
VIF1_DMA_wait,20628644,59783,1501,0
GIF_DMA_wait,20688650,116,1501,0
Packet_qwords,20692360,0,1501,57
VIF1_submit,20692352,4608,1501,0
Dispatch,20586266,111893,1501,0
Static_bag,20574239,123963,1501,0
Bounds,20699484,5941,1501,0
Packet_build,20717612,9564,1501,0
VIF1_DMA_wait,20727815,456,1501,0
GIF_DMA_wait,20728421,41,1501,0
Packet_qwords,20734890,0,1501,141
VIF1_submit,20734879,5026,1501,0
Packet_build,20744376,6509,1501,0
VIF1_DMA_wait,20751176,57554,1501,0
GIF_DMA_wait,20808830,38,1501,0
Packet_qwords,20812777,0,1501,78
VIF1_submit,20812769,3951,1501,0
Dispatch,20712173,105437,1501,0
Static_bag,20698847,118803,1501,0
Bounds,20818844,5805,1501,0
Packet_build,20846798,3563,1501,0
VIF1_DMA_wait,20850891,10542,1501,0
GIF_DMA_wait,20861604,97,1501,0
Packet_qwords,20864488,0,1501,57
VIF1_submit,20864477,5064,1501,0
Dispatch,20844217,26604,1501,0
Static_bag,20818295,52569,1501,0
Bounds,20872206,6251,1501,0
Packet_build,20886230,3214,1501,0
VIF1_DMA_wait,20889947,334,1501,0
GIF_DMA_wait,20890446,42,1501,0
Packet_qwords,20893150,0,1501,57
VIF1_submit,20893139,4782,1501,0
Dispatch,20884226,14756,1501,0
Static_bag,20871547,27475,1501,0
Bounds,20901212,5687,1501,0
Packet_build,20915360,5239,1501,0
VIF1_DMA_wait,20921151,360,1501,0
GIF_DMA_wait,20921664,42,1501,0
Packet_qwords,20925832,0,1501,92
VIF1_submit,20925821,4944,1501,0
Dispatch,20912226,19768,1501,0
Static_bag,20900515,31723,1501,0
Bounds,20933479,5742,1501,0
Packet_build,20949938,9024,1501,0
VIF1_DMA_wait,20959475,7450,1501,0
GIF_DMA_wait,20967054,83,1501,0
Packet_qwords,20973718,0,1501,141
VIF1_submit,20973707,4920,1501,0
Packet_build,20982306,17821,1501,0
VIF1_DMA_wait,21000788,46272,1501,0
GIF_DMA_wait,21047210,42,1501,0
Packet_qwords,21050653,0,1501,57
VIF1_submit,21050645,4419,1501,0
Dispatch,20945287,110860,1501,0
Static_bag,20932909,123281,1501,0
Bounds,21057415,5556,1501,0
Packet_build,21074636,9839,1501,0
VIF1_DMA_wait,21084881,1200,1501,0
GIF_DMA_wait,21086221,82,1501,0
Packet_qwords,21092820,0,1501,141
VIF1_submit,21092809,5056,1501,0
Packet_build,21102192,5849,1501,0
VIF1_DMA_wait,21108298,58169,1501,0
GIF_DMA_wait,21166640,86,1501,0
Packet_qwords,21171220,0,1501,78
VIF1_submit,21171212,4566,1501,0
Dispatch,21069577,107354,1501,0
Static_bag,21056851,120123,1501,0
Bounds,21178357,6058,1501,0
Packet_build,21193820,3563,1501,0
VIF1_DMA_wait,21198131,22360,1501,0
GIF_DMA_wait,21220620,91,1501,0
Packet_qwords,21223384,0,1501,57
VIF1_submit,21223373,4722,1501,0
Dispatch,21191119,38047,1501,0
Static_bag,21177707,51546,1501,0
Bounds,21230403,5356,1501,0
Packet_build,21243176,2772,1501,0
VIF1_DMA_wait,21246507,408,1501,0
GIF_DMA_wait,21247044,42,1501,0
Packet_qwords,21249622,0,1501,57
VIF1_submit,21249611,15640,1501,0
Dispatch,21241130,25651,1501,0
Static_bag,21229871,36953,1501,0
Bounds,21269346,6229,1501,0
Packet_build,21285122,4439,1501,0
VIF1_DMA_wait,21290051,424,1501,0
GIF_DMA_wait,21290604,42,1501,0
Packet_qwords,21294154,0,1501,71
VIF1_submit,21294143,15956,1501,0
Dispatch,21282377,29270,1501,0
Static_bag,21268633,43147,1501,0
Bounds,21313063,6318,1501,0
Packet_build,21331532,8627,1501,0
VIF1_DMA_wait,21340749,380,1501,0
GIF_DMA_wait,21341256,42,1501,0
Packet_qwords,21347632,0,1501,134
VIF1_submit,21347621,5196,1501,0
Dispatch,21326101,27871,1501,0
Static_bag,21312431,41581,1501,0
Bounds,21355134,5387,1501,0
Packet_build,21371332,9100,1501,0
VIF1_DMA_wait,21380877,35862,1501,0
GIF_DMA_wait,21416875,90,1501,0
Packet_qwords,21423522,0,1501,141
VIF1_submit,21423511,4990,1501,0
Dispatch,21366639,63111,1501,0
Static_bag,21354665,75200,1501,0
Bounds,21431058,5497,1501,0
Packet_build,21443750,2042,1501,0
VIF1_DMA_wait,21446321,50938,1501,0
GIF_DMA_wait,21497428,135,1501,0
Packet_qwords,21499672,0,1501,43
VIF1_submit,21499661,5040,1501,0
Dispatch,21442316,63713,1501,0
Static_bag,21430559,75513,1501,0
Bounds,21507312,5593,1501,0
Packet_build,21521474,3397,1501,0
VIF1_DMA_wait,21525407,372,1501,0
GIF_DMA_wait,21525906,42,1501,0
Packet_qwords,21528652,0,1501,57
VIF1_submit,21528641,4842,1501,0
Dispatch,21519121,15527,1501,0
Static_bag,21506741,27998,1501,0
Bounds,21538220,4893,1501,0
Static_bag,21537733,5629,1501,0
Bounds,21543877,2208,1501,0
Static_bag,21543616,2556,1501,0
Bounds,21546649,1986,1501,0
Static_bag,21546343,2379,1501,0
Bounds,21549187,2172,1501,0
Static_bag,21548945,2501,1501,0
Bounds,21551918,2145,1501,0
Static_bag,21551623,2573,1501,0
Bounds,21555379,2030,1501,0
Static_bag,21555088,2408,1501,0
Bounds,21557912,1871,1501,0
Static_bag,21557717,2153,1501,0
Bounds,21560234,1855,1501,0
Static_bag,21560033,2203,1501,0
Bounds,21562604,2101,1501,0
Static_bag,21562409,2383,1501,0
Bounds,21565148,1981,1501,0
Static_bag,21564955,2291,1501,0
GS_FINISH_wait,21588023,396,1501,0
Align3D,21583648,4981,1501,0
Reflections_shared_probe,20013817,1579212,1501,0
Portal,21593318,125,1501,0
Bounds,21594560,5147,1501,0
Package_classify,21607728,2135,1501,0
Package_classify,21610297,13290,1501,0
Package_classify,21624276,787,1501,0
Package_classify,21625356,557,1501,0
Package_classify,21626197,366,1501,0
Package_create,21606429,20294,1501,0
Package_classify,21628073,1393,1501,0
Package_classify,21629740,1152,1501,0
Package_classify,21631135,1079,1501,0
Package_classify,21632545,1182,1501,0
Package_classify,21634088,1080,1501,0
Package_classify,21635512,1068,1501,0
Package_create,21627593,9206,1501,0
Package_classify,21641378,1354,1501,0
Package_classify,21643055,1288,1501,0
Package_classify,21644587,1079,1501,0
Package_classify,21645903,1193,1501,0
Package_classify,21647337,237,1501,0
Package_classify,21647775,222,1501,0
Package_create,21640890,7219,1501,0
Packet_build,21650144,6379,1501,0
VIF1_DMA_wait,21657009,438,1501,0
GIF_DMA_wait,21657605,82,1501,0
Packet_qwords,21661774,0,1501,88
VIF1_submit,21661763,5274,1501,0
Dispatch,21606185,62326,1501,0
Static_bag,21593951,74603,1501,0
Bounds,21671399,8322,1501,0
Static_bag,21670831,9217,1501,0
Sky,21593525,86954,1501,0
Bounds,21684518,3863,1501,0
Package_classify,21698614,1129,1501,0
Package_classify,21700280,1666,1501,0
Package_classify,21702143,1359,1501,0
Package_classify,21703696,1391,1501,0
Package_classify,21705421,1401,1501,0
Package_classify,21707029,1409,1501,0
Package_classify,21708671,1408,1501,0
Package_classify,21710377,1405,1501,0
Package_classify,21712636,1452,1501,0
Package_classify,21714282,1480,1501,0
Package_classify,21715957,1524,1501,0
Package_classify,21717675,1421,1501,0
Package_classify,21719327,1439,1501,0
Package_classify,21720960,1389,1501,0
Package_classify,21722604,1399,1501,0
Package_classify,21724263,1429,1501,0
Package_classify,21726439,1437,1501,0
Package_classify,21728105,1390,1501,0
Package_classify,21729689,1139,1501,0
Package_classify,21731022,1085,1501,0
Package_classify,21732373,1105,1501,0
Package_classify,21733702,890,1501,0
Package_create,21697341,37440,1501,0
Package_classify,21736099,493,1501,0
Package_classify,21736828,340,1501,0
Package_classify,21737419,544,1501,0
Package_classify,21738211,504,1501,0
Package_classify,21738967,1210,1501,0
Package_classify,21740380,1117,1501,0
Package_create,21735581,6032,1501,0
QBuffer_copy,21743013,3604,1501,0
Package_classify,21749270,1388,1501,0
Package_classify,21750889,1116,1501,0
Package_classify,21752305,500,1501,0
Package_classify,21753041,448,1501,0
Package_classify,21753771,647,1501,0
Package_classify,21754724,585,1501,0
Package_create,21748826,6546,1501,0
QBuffer_copy,21755798,2812,1501,0
Packet_build,21764006,22235,1501,0
VIF1_DMA_wait,21786699,428,1501,0
GIF_DMA_wait,21787261,82,1501,0
Packet_qwords,21794320,0,1501,141
VIF1_submit,21794309,5112,1501,0
Packet_build,21803906,3377,1501,0
VIF1_DMA_wait,21807534,124549,1501,0
GIF_DMA_wait,21932327,85,1501,0
Packet_qwords,21934968,0,1501,36
VIF1_submit,21934960,4424,1501,0
Dispatch,21697071,243427,1501,0
Static_bag,21684231,256310,1501,0
Bounds,21942710,5499,1501,0
Static_bag,21941927,6523,1501,0
Bounds,21948999,2846,1501,0
Package_classify,21964344,1299,1501,0
Package_classify,21966173,1753,1501,0
Package_classify,21968120,1590,1501,0
Package_classify,21969904,1572,1501,0
Package_classify,21971717,869,1501,0
Package_classify,21972810,1304,1501,0
Package_create,21959835,14424,1501,0
Packet_build,21978091,3548,1501,0
VIF1_DMA_wait,21982047,396,1501,0
GIF_DMA_wait,21982591,41,1501,0
Packet_qwords,21985380,0,1501,57
VIF1_submit,21985369,4962,1501,0
Dispatch,21959545,31826,1501,0
Static_bag,21948798,42784,1501,0
Bounds,21993500,5375,1501,0
Package_classify,22010358,2052,1501,0
Package_classify,22012795,1429,1501,0
Package_classify,22014455,1408,1501,0
Package_classify,22016057,684,1501,0
Package_classify,22017009,1464,1501,0
Package_classify,22018732,556,1501,0
Package_create,22006131,13302,1501,0
Packet_build,22022744,2667,1501,0
VIF1_DMA_wait,22025721,398,1501,0
GIF_DMA_wait,22026302,42,1501,0
Packet_qwords,22028994,0,1501,57
VIF1_submit,22028983,5046,1501,0
Dispatch,22005882,29311,1501,0
Static_bag,21992963,42270,1501,0
Bounds,22037110,4927,1501,0
Static_bag,22036577,5821,1501,0
Bounds,22043038,2342,1501,0
Static_bag,22042784,2683,1501,0
Bounds,22046173,2886,1501,0
Packet_build,22059059,14916,1501,0
VIF1_DMA_wait,22074371,388,1501,0
GIF_DMA_wait,22074908,42,1501,0
Packet_qwords,22093404,0,1501,141
VIF1_submit,22093393,5116,1501,0
Packet_build,22103120,3975,1501,0
VIF1_DMA_wait,22107542,59520,1501,0
GIF_DMA_wait,22167172,42,1501,0
Packet_qwords,22169599,0,1501,43
VIF1_submit,22169591,3981,1501,0
Dispatch,22054328,120186,1501,0
Static_bag,22045828,128729,1501,0
Bounds,22176692,5583,1501,0
Package_classify,22192026,1347,1501,0
Package_classify,22193823,1941,1501,0
Package_classify,22196056,1601,1501,0
Package_classify,22197880,1570,1501,0
Package_classify,22199671,1557,1501,0
Package_classify,22201424,1572,1501,0
Package_classify,22203190,1588,1501,0
Package_classify,22205013,1559,1501,0
Package_classify,22207414,1558,1501,0
Package_classify,22209200,1532,1501,0
Package_classify,22210926,1598,1501,0
Package_classify,22212718,1590,1501,0
Package_classify,22214567,1593,1501,0
Package_classify,22216431,1560,1501,0
Package_classify,22218185,1535,1501,0
Package_classify,22219999,1543,1501,0
Package_classify,22222381,1583,1501,0
Package_classify,22224158,1586,1501,0
Package_classify,22225980,1556,1501,0
Package_classify,22227730,1540,1501,0
Package_classify,22229491,1567,1501,0
Package_classify,22231312,12183,1501,0
Package_create,22190349,53450,1501,0
Packet_build,22249952,9643,1501,0
VIF1_DMA_wait,22260029,394,1501,0
GIF_DMA_wait,22260600,42,1501,0
Packet_qwords,22267564,0,1501,141
VIF1_submit,22267553,5046,1501,0
Packet_build,22275898,3051,1501,0
VIF1_DMA_wait,22279194,62056,1501,0
GIF_DMA_wait,22341344,38,1501,0
Packet_qwords,22343389,0,1501,36
VIF1_submit,22343381,3829,1501,0
Dispatch,22190009,158239,1501,0
Static_bag,22176089,172253,1501,0
Bounds,22350216,5825,1501,0
Package_classify,22365424,2152,1501,0
Package_classify,22368055,1695,1501,0
Package_classify,22370037,1639,1501,0
Package_classify,22371907,1593,1501,0
Package_classify,22373805,1555,1501,0
Package_classify,22375665,1591,1501,0
Package_classify,22377487,1623,1501,0
Package_classify,22379383,1629,1501,0
Package_classify,22381883,1588,1501,0
Package_classify,22383703,1611,1501,0
Package_classify,22385545,1807,1501,0
Package_classify,22387653,13018,1501,0
Package_classify,22401336,1762,1501,0
Package_classify,22403385,1579,1501,0
Package_classify,22405274,1596,1501,0
Package_classify,22407141,1571,1501,0
Package_classify,22409549,1587,1501,0
Package_classify,22411419,1590,1501,0
Package_classify,22413271,1609,1501,0
Package_classify,22415109,1583,1501,0
Package_classify,22416949,1201,1501,0
Package_classify,22418418,1341,1501,0
Package_create,22364055,55914,1501,0
Packet_build,22426086,9567,1501,0
VIF1_DMA_wait,22436031,422,1501,0
GIF_DMA_wait,22436587,41,1501,0
Packet_qwords,22443532,0,1501,141
VIF1_submit,22443521,4758,1501,0
Packet_build,22452096,3583,1501,0
VIF1_DMA_wait,22456116,61165,1501,0
GIF_DMA_wait,22517536,88,1501,0
Packet_qwords,22520436,0,1501,43
VIF1_submit,22520428,4400,1501,0
Dispatch,22363673,162257,1501,0
Static_bag,22349629,176344,1501,0
Bounds,22527978,5199,1501,0
Static_bag,22527331,6005,1501,0
Bounds,22533997,1982,1501,0
Static_bag,22533732,2334,1501,0
Bounds,22536743,2224,1501,0
Static_bag,22536475,2667,1501,0
Bounds,22539719,2215,1501,0
Static_bag,22539518,2614,1501,0
Bounds,22542718,11939,1501,0
Static_bag,22542522,12380,1501,0
Bounds,22555699,3194,1501,0
Static_bag,22555403,3624,1501,0
Bounds,22559566,2158,1501,0
Static_bag,22559396,2530,1501,0
Bounds,22562446,2751,1501,0
Packet_build,22575938,9240,1501,0
VIF1_DMA_wait,22585619,370,1501,0
GIF_DMA_wait,22586118,42,1501,0
Packet_qwords,22592890,0,1501,141
VIF1_submit,22592879,5190,1501,0
Packet_build,22601592,3455,1501,0
VIF1_DMA_wait,22605410,61310,1501,0
GIF_DMA_wait,22666814,38,1501,0
Packet_qwords,22669221,0,1501,43
VIF1_submit,22669213,3851,1501,0
Dispatch,22571033,102963,1501,0
Static_bag,22562280,111759,1501,0
Bounds,22676026,5407,1501,0
Static_bag,22675525,6163,1501,0
Bounds,22682287,2298,1501,0
Static_bag,22682072,2812,1501,0
Bounds,22685723,2672,1501,0
Package_classify,22696980,13653,1501,0
Package_classify,22711260,1700,1501,0
Package_classify,22713204,1500,1501,0
Package_classify,22714937,1062,1501,0
Package_classify,22716257,1441,1501,0
Package_classify,22717933,1438,1501,0
Package_classify,22719675,1491,1501,0
Package_classify,22721479,1111,1501,0
Package_create,22695507,30626,1501,0
Packet_build,22732022,9325,1501,0
VIF1_DMA_wait,22741739,414,1501,0
GIF_DMA_wait,22742311,41,1501,0
Packet_qwords,22749078,0,1501,141
VIF1_submit,22749067,5104,1501,0
Packet_build,22757730,3587,1501,0
VIF1_DMA_wait,22761614,60938,1501,0
GIF_DMA_wait,22822646,38,1501,0
Packet_qwords,22825013,0,1501,43
VIF1_submit,22825005,3897,1501,0
Dispatch,22695219,134649,1501,0
Static_bag,22685496,144415,1501,0
Bounds,22832000,5565,1501,0
Package_classify,22847146,1449,1501,0
Package_classify,22849102,1863,1501,0
Package_classify,22851222,1465,1501,0
Package_classify,22852880,1401,1501,0
Package_classify,22854514,12303,1501,0
Package_classify,22867395,1827,1501,0
Package_classify,22869468,1421,1501,0
Package_classify,22871115,1077,1501,0
Package_create,22845527,30120,1501,0
Packet_build,22881458,9475,1501,0
VIF1_DMA_wait,22891257,416,1501,0
GIF_DMA_wait,22891807,41,1501,0
Packet_qwords,22898650,0,1501,141
VIF1_submit,22898639,5004,1501,0
Packet_build,22907652,3697,1501,0
VIF1_DMA_wait,22911768,60628,1501,0
GIF_DMA_wait,22972490,38,1501,0
Packet_qwords,22974801,0,1501,43
VIF1_submit,22974793,3875,1501,0
Dispatch,22845137,134463,1501,0
Static_bag,22831385,148258,1501,0
Bounds,22981598,5443,1501,0
Static_bag,22981025,6277,1501,0
Bounds,22987885,1832,1501,0
Static_bag,22987663,2176,1501,0
Bounds,22990548,2611,1501,0
Package_classify,23002810,1311,1501,0
Package_classify,23004536,977,1501,0
Package_classify,23005788,909,1501,0
Package_classify,23006891,903,1501,0
Package_classify,23008018,864,1501,0
Package_classify,23009111,13190,1501,0
Package_classify,23022918,1880,1501,0
Package_classify,23025127,1741,1501,0
Package_classify,23027820,922,1501,0
Package_classify,23028935,1599,1501,0
Package_classify,23030730,1708,1501,0
Package_classify,23032670,1835,1501,0
Package_classify,23034786,982,1501,0
Package_classify,23035961,1581,1501,0
Package_classify,23037737,1683,1501,0
Package_classify,23039655,1661,1501,0
Package_classify,23042216,1662,1501,0
Package_classify,23044169,1671,1501,0
Package_classify,23046167,1667,1501,0
Package_classify,23048027,1659,1501,0
Package_classify,23049916,1768,1501,0
Package_classify,23051986,1011,1501,0
Package_create,23001321,51860,1501,0
Packet_build,23068057,9062,1501,0
VIF1_DMA_wait,23077713,434,1501,0
GIF_DMA_wait,23078281,41,1501,0
Packet_qwords,23084820,0,1501,134
VIF1_submit,23084809,5082,1501,0
Dispatch,23001073,89995,1501,0
Static_bag,22990316,100795,1501,0
Bounds,23093096,5813,1501,0
Package_classify,23108617,1118,1501,0
Package_classify,23110162,697,1501,0
Package_classify,23111060,879,1501,0
Package_classify,23112216,669,1501,0
Package_classify,23113116,669,1501,0
Package_classify,23113979,1731,1501,0
Package_classify,23116012,1472,1501,0
Package_classify,23117755,677,1501,0
Package_classify,23119245,1413,1501,0
Package_classify,23120885,1435,1501,0
Package_classify,23122513,1401,1501,0
Package_classify,23124107,691,1501,0
Package_classify,23125096,1513,1501,0
Package_classify,23126802,1402,1501,0
Package_classify,23128397,1435,1501,0
Package_classify,23130143,1419,1501,0
Package_classify,23132306,1406,1501,0
Package_classify,23133938,1460,1501,0
Package_classify,23135635,1445,1501,0
Package_classify,23137307,1391,1501,0
Package_classify,23138952,1558,1501,0
Package_classify,23140750,512,1501,0
Package_create,23107059,34440,1501,0
Packet_build,23146976,7858,1501,0
VIF1_DMA_wait,23155187,388,1501,0
GIF_DMA_wait,23155750,42,1501,0
Packet_qwords,23161828,0,1501,127
VIF1_submit,23161817,4944,1501,0
Dispatch,23106653,74320,1501,0
Static_bag,23092537,88518,1501,0
Terrain,21680667,1501064,1501,0
Bounds,23183617,6148,1501,0
Package_classify,23198707,998,1501,0
Package_classify,23199972,1529,1501,0
Package_classify,23201680,526,1501,0
Package_classify,23202452,709,1501,0
Package_classify,23203381,513,1501,0
Package_classify,23204101,510,1501,0
Package_create,23197959,6798,1501,0
Packet_build,23207850,1901,1501,0
VIF1_DMA_wait,23210261,16042,1501,0
GIF_DMA_wait,23226473,138,1501,0
Packet_qwords,23228368,0,1501,34
VIF1_submit,23228357,5112,1501,0
Dispatch,23197483,36909,1501,0
Static_bag,23182963,51469,1501,0
Bounds,23235765,4626,1501,0
Static_bag,23235377,5191,1501,0
Bounds,23241388,2587,1501,0
Package_classify,23251005,2147,1501,0
Package_classify,23253521,1529,1501,0
Package_classify,23255311,848,1501,0
Package_classify,23256344,789,1501,0
Package_create,23250479,6772,1501,0
QBuffer_copy,23258449,5376,1501,0
Packet_build,23266304,2841,1501,0
VIF1_DMA_wait,23269641,324,1501,0
GIF_DMA_wait,23270123,41,1501,0
Packet_qwords,23272156,0,1501,40
VIF1_submit,23272145,4836,1501,0
Dispatch,23250182,28034,1501,0
Static_bag,23241270,36986,1501,0
Bounds,23280152,5169,1501,0
Packet_build,23292893,1675,1501,0
VIF1_DMA_wait,23295113,334,1501,0
GIF_DMA_wait,23295583,41,1501,0
Packet_qwords,23297386,0,1501,36
VIF1_submit,23297375,4668,1501,0
Dispatch,23291227,11953,1501,0
Static_bag,23279555,23665,1501,0
Bounds,23304677,4788,1501,0
Package_classify,23317359,634,1501,0
Package_classify,23318366,180,1501,0
Package_classify,23318779,1619,1501,0
Package_classify,23320582,1226,1501,0
Package_classify,23322020,1082,1501,0
Package_classify,23323386,1054,1501,0
Package_create,23316731,7822,1501,0
Packet_build,23340301,3998,1501,0
VIF1_DMA_wait,23344811,454,1501,0
GIF_DMA_wait,23345398,83,1501,0
Packet_qwords,23348284,0,1501,57
VIF1_submit,23348273,5130,1501,0
Dispatch,23316343,38496,1501,0
Static_bag,23304277,50605,1501,0
Bounds,23356640,5259,1501,0
Package_classify,23370585,1174,1501,0
Package_classify,23372130,510,1501,0
Package_classify,23372827,1558,1501,0
Package_classify,23374646,1171,1501,0
Package_classify,23376033,1227,1501,0
Package_classify,23377512,1169,1501,0
Package_create,23369939,8892,1501,0
QBuffer_copy,23379955,4870,1501,0
Packet_build,23387450,2683,1501,0
VIF1_DMA_wait,23390511,396,1501,0
GIF_DMA_wait,23391074,42,1501,0
Packet_qwords,23393266,0,1501,43
VIF1_submit,23393255,5064,1501,0
Dispatch,23369581,29865,1501,0
Static_bag,23355977,43509,1501,0
Bounds,23401256,5159,1501,0
Package_classify,23413569,1936,1501,0
Package_classify,23415891,1373,1501,0
Package_classify,23417495,1125,1501,0
Package_classify,23418889,1152,1501,0
Package_create,23412995,7192,1501,0
QBuffer_copy,23421271,5184,1501,0
Packet_build,23428963,2650,1501,0
VIF1_DMA_wait,23432055,332,1501,0
GIF_DMA_wait,23432521,41,1501,0
Packet_qwords,23434636,0,1501,40
VIF1_submit,23434625,4806,1501,0
Dispatch,23412632,27920,1501,0
Static_bag,23400733,39859,1501,0
Bounds,23442392,4845,1501,0
Static_bag,23441873,5595,1501,0
Static_batches,23181876,265935,1501,0
Bounds,23448742,2378,1501,0
Static_bag,23448506,2701,1501,0
Bounds,23451542,1819,1501,0
Static_bag,23451415,2082,1501,0
Bounds,23453888,1965,1501,0
Static_bag,23453760,2180,1501,0
Bounds,23456375,1796,1501,0
Static_bag,23456209,2049,1501,0
Bounds,23458669,1974,1501,0
Static_bag,23458453,2279,1501,0
Bounds,23461177,1827,1501,0
Static_bag,23460961,2130,1501,0
Bounds,23463637,1782,1501,0
Static_bag,23463391,2184,1501,0
Bounds,23465977,1791,1501,0
Static_bag,23465798,2120,1501,0
Bounds,23468407,1854,1501,0
Static_bag,23468191,2184,1501,0
Bounds,23470781,1748,1501,0
Static_bag,23470619,2040,1501,0
Bounds,23473057,1952,1501,0
Static_bag,23472881,2215,1501,0
Bounds,23475569,1860,1501,0
Static_bag,23475405,2111,1501,0
Bounds,23477885,1788,1501,0
Static_bag,23477723,2037,1501,0
Bounds,23480137,14412,1501,0
Static_bag,23479967,14748,1501,0
Bounds,23495401,2879,1501,0
Static_bag,23495105,3353,1501,0
Bounds,23498863,2519,1501,0
Static_bag,23498707,2763,1501,0
Bounds,23501963,2467,1501,0
Static_bag,23501761,2837,1501,0
Bounds,23505097,2514,1501,0
Static_bag,23504868,2956,1501,0
Bounds,23508245,2398,1501,0
Static_bag,23508091,2735,1501,0
Bounds,23511284,2219,1501,0
Static_bag,23511129,2462,1501,0
Bounds,23513919,2278,1501,0
Static_bag,23513809,2477,1501,0
Bounds,23516713,2538,1501,0
Static_bag,23516509,2915,1501,0
Bounds,23519769,2320,1501,0
Static_bag,23519608,2619,1501,0
Bounds,23522527,2202,1501,0
Static_bag,23522416,2401,1501,0
Bounds,23525277,2296,1501,0
Static_bag,23525167,2494,1501,0
Bounds,23528044,2307,1501,0
Static_bag,23527873,2652,1501,0
Bounds,23530921,2372,1501,0
Static_bag,23530795,2745,1501,0
Bounds,23533949,2810,1501,0
Package_classify,23547954,1159,1501,0
Package_classify,23549484,681,1501,0
Package_classify,23550387,672,1501,0
Package_classify,23551252,665,1501,0
Package_classify,23552148,681,1501,0
Package_classify,23553062,733,1501,0
Package_classify,23554021,710,1501,0
Package_classify,23554989,1780,1501,0
Package_classify,23557544,696,1501,0
Package_classify,23558477,1408,1501,0
Package_classify,23560077,678,1501,0
Package_classify,23560947,1405,1501,0
Package_classify,23562616,735,1501,0
Package_classify,23563543,1396,1501,0
Package_classify,23565174,747,1501,0
Package_classify,23566253,1502,1501,0
Package_create,23545011,22898,1501,0
Packet_build,23572141,4168,1501,0
VIF1_DMA_wait,23576885,438,1501,0
GIF_DMA_wait,23577530,81,1501,0
Packet_qwords,23580916,0,1501,64
VIF1_submit,23580905,5064,1501,0
Dispatch,23544761,42380,1501,0
Static_bag,23533795,53389,1501,0
Bounds,23588702,5639,1501,0
Package_classify,23604474,1949,1501,0
Package_classify,23606803,1387,1501,0
Package_classify,23608435,1437,1501,0
Package_classify,23610112,1500,1501,0
Package_classify,23611872,1459,1501,0
Package_classify,23613523,1405,1501,0
Package_classify,23615163,1396,1501,0
Package_classify,23616793,1387,1501,0
Package_classify,23618973,1411,1501,0
Package_classify,23620576,1386,1501,0
Package_classify,23622154,1414,1501,0
Package_classify,23623760,1386,1501,0
Package_classify,23625376,1446,1501,0
Package_classify,23627104,1534,1501,0
Package_classify,23628830,1144,1501,0
Package_classify,23630235,1556,1501,0
Package_classify,23632576,1083,1501,0
Package_classify,23633851,1398,1501,0
Package_classify,23635441,1068,1501,0
Package_classify,23636776,13043,1501,0
Package_classify,23650464,1262,1501,0
Package_classify,23652004,1403,1501,0
Package_classify,23653627,1098,1501,0
Package_classify,23654953,1170,1501,0
Package_create,23603043,53234,1501,0
Packet_build,23669053,9284,1501,0
VIF1_DMA_wait,23678775,422,1501,0
GIF_DMA_wait,23679331,41,1501,0
Packet_qwords,23686162,0,1501,141
VIF1_submit,23686151,5250,1501,0
Packet_build,23695572,5035,1501,0
VIF1_DMA_wait,23700854,59414,1501,0
GIF_DMA_wait,23760412,38,1501,0
Packet_qwords,23763391,0,1501,57
VIF1_submit,23763383,3855,1501,0
Dispatch,23602728,165501,1501,0
Static_bag,23588159,180113,1501,0
Bounds,23769698,5855,1501,0
Packet_build,23787989,22082,1501,0
VIF1_DMA_wait,23810621,438,1501,0
GIF_DMA_wait,23811186,83,1501,0
Packet_qwords,23818194,0,1501,141
VIF1_submit,23818183,5212,1501,0
Packet_build,23828246,5037,1501,0
VIF1_DMA_wait,23833562,58628,1501,0
GIF_DMA_wait,23892334,41,1501,0
Packet_qwords,23895343,0,1501,57
VIF1_submit,23895335,3837,1501,0
Dispatch,23782757,117388,1501,0
Static_bag,23769163,131025,1501,0
Bounds,23901685,6130,1501,0
Packet_build,23919727,9133,1501,0
VIF1_DMA_wait,23929587,494,1501,0
GIF_DMA_wait,23930208,83,1501,0
Packet_qwords,23936862,0,1501,141
VIF1_submit,23936851,4972,1501,0
Packet_build,23945941,18930,1501,0
VIF1_DMA_wait,23965365,45239,1501,0
GIF_DMA_wait,24010714,42,1501,0
Packet_qwords,24014340,0,1501,57
VIF1_submit,24014332,4372,1501,0
Dispatch,23914865,104832,1501,0
Static_bag,23901131,118609,1501,0
Bounds,24021211,5874,1501,0
Packet_build,24038822,7332,1501,0
VIF1_DMA_wait,24046641,2696,1501,0
GIF_DMA_wait,24049464,131,1501,0
Packet_qwords,24054798,0,1501,113
VIF1_submit,24054787,4888,1501,0
Dispatch,24034235,26555,1501,0
Static_bag,24020729,40146,1501,0
Bounds,24062319,6104,1501,0
Packet_build,24076100,3128,1501,0
VIF1_DMA_wait,24079659,38938,1501,0
GIF_DMA_wait,24118888,147,1501,0
Packet_qwords,24121686,0,1501,50
VIF1_submit,24121675,4984,1501,0
Dispatch,24074395,53592,1501,0
Static_bag,24061811,66219,1501,0
Bounds,24129607,6048,1501,0
Packet_build,24144008,2679,1501,0
VIF1_DMA_wait,24147183,380,1501,0
GIF_DMA_wait,24147690,83,1501,0
Packet_qwords,24150096,0,1501,50
VIF1_submit,24150085,4732,1501,0
Dispatch,24141917,14147,1501,0
Static_bag,24129053,27096,1501,0
Bounds,24157417,5968,1501,0
Package_classify,24172230,1509,1501,0
Package_classify,24174120,1085,1501,0
Package_classify,24175405,1692,1501,0
Package_create,24170697,6546,1501,0
Packet_build,24179588,2605,1501,0
VIF1_DMA_wait,24182507,450,1501,0
GIF_DMA_wait,24183091,41,1501,0
Packet_qwords,24185410,0,1501,50
VIF1_submit,24185399,4842,1501,0
Dispatch,24170451,20917,1501,0
Static_bag,24156991,34417,1501,0
Bounds,24192906,5593,1501,0
Package_classify,24207486,2063,1501,0
Package_classify,24209974,854,1501,0
Package_classify,24211054,816,1501,0
Package_create,24206067,5964,1501,0
Packet_build,24213932,1385,1501,0
VIF1_DMA_wait,24215609,432,1501,0
GIF_DMA_wait,24216190,83,1501,0
Packet_qwords,24217938,0,1501,36
VIF1_submit,24217927,4774,1501,0
Dispatch,24205818,18082,1501,0
Static_bag,24192437,31503,1501,0
Bounds,24225246,4845,1501,0
Static_bag,24224749,5663,1501,0
Bounds,24230831,2339,1501,0
Static_bag,24230675,2618,1501,0
Bounds,24233624,2216,1501,0
Static_bag,24233512,2451,1501,0
Bounds,24236353,2230,1501,0
Static_bag,24236198,2554,1501,0
Bounds,24239165,2005,1501,0
Static_bag,24239035,2222,1501,0
Bounds,24241677,1902,1501,0
Static_bag,24241552,2160,1501,0
Bounds,24244099,1802,1501,0
Static_bag,24243923,2065,1501,0
Bounds,24246397,1872,1501,0
Static_bag,24246271,2085,1501,0
Bounds,24248719,2610,1501,0
Package_classify,24278472,2224,1501,0
Package_classify,24281156,1416,1501,0
Package_classify,24282771,1072,1501,0
Package_create,24276927,7110,1501,0
Package_classify,24285169,524,1501,0
Package_classify,24285984,386,1501,0
Package_classify,24286645,385,1501,0
Package_classify,24287335,385,1501,0
Package_classify,24287971,1234,1501,0
Package_classify,24289612,1171,1501,0
Package_create,24284675,6224,1501,0
QBuffer_copy,24292185,3622,1501,0
Packet_build,24298820,3211,1501,0
VIF1_DMA_wait,24302495,420,1501,0
GIF_DMA_wait,24303049,82,1501,0
Packet_qwords,24305664,0,1501,50
VIF1_submit,24305653,5194,1501,0
Dispatch,24276541,35596,1501,0
Static_bag,24248593,63587,1501,0
Bounds,24313980,5747,1501,0
Packet_build,24328553,2478,1501,0
VIF1_DMA_wait,24331449,374,1501,0
GIF_DMA_wait,24331974,83,1501,0
Packet_qwords,24334254,0,1501,50
VIF1_submit,24334243,4822,1501,0
Dispatch,24326270,13688,1501,0
Static_bag,24313171,26827,1501,0
Bounds,24341097,5176,1501,0
Packet_build,24353726,2588,1501,0
VIF1_DMA_wait,24356817,33246,1501,0
GIF_DMA_wait,24390199,146,1501,0
Packet_qwords,24392650,0,1501,50
VIF1_submit,24392639,4770,1501,0
Dispatch,24351963,46195,1501,0
Static_bag,24340711,57487,1501,0
Bounds,24399619,5644,1501,0
Packet_build,24412638,2440,1501,0
VIF1_DMA_wait,24415547,12026,1501,0
GIF_DMA_wait,24427800,83,1501,0
Packet_qwords,24430386,0,1501,50
VIF1_submit,24430375,5050,1501,0
Dispatch,24410895,25890,1501,0
Static_bag,24399173,37655,1501,0
Bounds,24438373,6018,1501,0
Packet_build,24452450,1734,1501,0
VIF1_DMA_wait,24454761,374,1501,0
GIF_DMA_wait,24455262,83,1501,0
Packet_qwords,24456984,0,1501,36
VIF1_submit,24456973,4672,1501,0
Dispatch,24450827,11891,1501,0
Static_bag,24437867,24891,1501,0
Bounds,24463983,4712,1501,0
Static_bag,24463585,5249,1501,0
Bounds,24469241,2525,1501,0
Static_bag,24469128,2771,1501,0
Bounds,24472241,2612,1501,0
Package_classify,24483804,1203,1501,0
Package_classify,24485389,775,1501,0
Package_classify,24486364,1669,1501,0
Package_create,24482213,5974,1501,0
Packet_build,24490038,1473,1501,0
VIF1_DMA_wait,24491819,432,1501,0
GIF_DMA_wait,24492378,83,1501,0
Packet_qwords,24494118,0,1501,36
VIF1_submit,24494107,4882,1501,0
Dispatch,24482005,18081,1501,0
Static_bag,24472133,27993,1501,0
Bounds,24501656,5051,1501,0
Package_classify,24515817,1450,1501,0
Package_classify,24517741,1065,1501,0
Package_classify,24519045,1672,1501,0
Package_create,24514473,6390,1501,0
Packet_build,24523302,2487,1501,0
VIF1_DMA_wait,24526193,432,1501,0
GIF_DMA_wait,24526805,82,1501,0
Packet_qwords,24529230,0,1501,50
VIF1_submit,24529219,4828,1501,0
Dispatch,24514225,20931,1501,0
Static_bag,24501151,34045,1501,0
Bounds,24536630,5241,1501,0
Package_classify,24551010,2021,1501,0
Package_classify,24553444,830,1501,0
Package_classify,24554470,755,1501,0
Package_create,24549633,5796,1501,0
Packet_build,24557348,1260,1501,0
VIF1_DMA_wait,24558897,434,1501,0
GIF_DMA_wait,24559464,83,1501,0
Packet_qwords,24561166,0,1501,36
VIF1_submit,24561155,4824,1501,0
Dispatch,24549384,17872,1501,0
Static_bag,24536129,31167,1501,0
Bounds,24568544,16499,1501,0
Static_bag,24568147,17189,1501,0
Bounds,24585989,3184,1501,0
Static_bag,24585749,3512,1501,0
Bounds,24589649,2292,1501,0
Static_bag,24589487,2587,1501,0
Bounds,24592461,2170,1501,0
Static_bag,24592351,2368,1501,0
Bounds,24595147,2124,1501,0
Static_bag,24594991,2368,1501,0
Bounds,24597815,2192,1501,0
Static_bag,24597637,2561,1501,0
Bounds,24600532,1769,1501,0
Static_bag,24600421,2002,1501,0
Bounds,24602791,1820,1501,0
Static_bag,24602665,2034,1501,0
Bounds,24605075,1948,1501,0
Static_bag,24604963,2148,1501,0
Bounds,24607509,2078,1501,0
Static_bag,24607399,2276,1501,0
Bounds,24610071,1980,1501,0
Static_bag,24609899,2335,1501,0
Bounds,24612614,1893,1501,0
Static_bag,24612457,2138,1501,0
Bounds,24615025,2072,1501,0
Static_bag,24614857,2409,1501,0
Bounds,24617635,1812,1501,0
Static_bag,24617477,2207,1501,0
Bounds,24620093,2291,1501,0
Static_bag,24619939,2595,1501,0
Bounds,24622988,2747,1501,0
Package_classify,24635982,1245,1501,0
Package_classify,24637659,1928,1501,0
Package_classify,24639786,1588,1501,0
Package_create,24634359,7202,1501,0
Packet_build,24643718,2503,1501,0
VIF1_DMA_wait,24646593,444,1501,0
GIF_DMA_wait,24647237,82,1501,0
Packet_qwords,24649476,0,1501,43
VIF1_submit,24649465,4918,1501,0
Dispatch,24634031,21580,1501,0
Static_bag,24622757,32897,1501,0
Bounds,24656984,5387,1501,0
Packet_build,24670506,2366,1501,0
VIF1_DMA_wait,24673223,384,1501,0
GIF_DMA_wait,24673734,83,1501,0
Packet_qwords,24676044,0,1501,50
VIF1_submit,24676033,4750,1501,0
Dispatch,24668629,13353,1501,0
Static_bag,24656533,25489,1501,0
Bounds,24683363,5534,1501,0
Packet_build,24696164,2570,1501,0
VIF1_DMA_wait,24699093,374,1501,0
GIF_DMA_wait,24699646,97,1501,0
Packet_qwords,24701952,0,1501,50
VIF1_submit,24701941,4636,1501,0
Dispatch,24694339,13251,1501,0
Static_bag,24682985,24645,1501,0
Bounds,24709005,5500,1501,0
Package_classify,24723420,1449,1501,0
Package_classify,24725334,1068,1501,0
Package_classify,24726602,13297,1501,0
Package_create,24722031,18224,1501,0
Packet_build,24743096,2821,1501,0
VIF1_DMA_wait,24746403,446,1501,0
GIF_DMA_wait,24746980,83,1501,0
Packet_qwords,24749562,0,1501,50
VIF1_submit,24749551,4930,1501,0
Dispatch,24721785,33970,1501,0
Static_bag,24708497,47345,1501,0
Bounds,24757440,5881,1501,0
Package_classify,24773238,2039,1501,0
Package_classify,24775713,1397,1501,0
Package_classify,24777306,1484,1501,0
Package_classify,24778983,1471,1501,0
Package_classify,24780731,825,1501,0
Package_classify,24781801,1492,1501,0
Package_classify,24783486,1394,1501,0
Package_classify,24785107,678,1501,0
Package_create,24771801,16910,1501,0
Packet_build,24792344,4201,1501,0
VIF1_DMA_wait,24796887,440,1501,0
GIF_DMA_wait,24797513,82,1501,0
Packet_qwords,24800878,0,1501,71
VIF1_submit,24800867,4974,1501,0
Dispatch,24771515,35459,1501,0
Static_bag,24756809,50205,1501,0
Bounds,24808436,5581,1501,0
Static_bag,24807871,6643,1501,0
Bounds,24814931,2248,1501,0
Static_bag,24814823,2507,1501,0
Bounds,24817834,2451,1501,0
Static_bag,24817657,2715,1501,0
Bounds,24820723,2039,1501,0
Static_bag,24820597,2252,1501,0
Bounds,24823389,1960,1501,0
Static_bag,24823197,2239,1501,0
Bounds,24825767,2437,1501,0
Static_bag,24825659,2684,1501,0
Bounds,24828778,2283,1501,0
Static_bag,24828607,2592,1501,0
Bounds,24831657,2428,1501,0
Static_bag,24831487,2730,1501,0
Bounds,24834575,2174,1501,0
Static_bag,24834463,2460,1501,0
Bounds,24837281,2384,1501,0
Static_bag,24837138,2614,1501,0
Bounds,24840191,2370,1501,0
Static_bag,24840035,2660,1501,0
Bounds,24843077,2612,1501,0
Package_classify,24867831,1287,1501,0
Package_classify,24869675,771,1501,0
Package_classify,24870640,845,1501,0
Package_classify,24871679,783,1501,0
Package_classify,24872753,799,1501,0
Package_classify,24873757,1902,1501,0
Package_classify,24876003,823,1501,0
Package_classify,24877179,1666,1501,0
Package_classify,24879775,1560,1501,0
Package_classify,24881669,1556,1501,0
Package_create,24853491,29978,1501,0
Packet_build,24894619,3608,1501,0
VIF1_DMA_wait,24898733,420,1501,0
GIF_DMA_wait,24899311,82,1501,0
Packet_qwords,24902262,0,1501,57
VIF1_submit,24902251,4882,1501,0
Dispatch,24853206,55297,1501,0
Static_bag,24842923,65623,1501,0
Bounds,24910290,5699,1501,0
Static_bag,24909629,6523,1501,0
Bounds,24916623,2204,1501,0
Static_bag,24916471,2443,1501,0
Bounds,24919493,2339,1501,0
Static_bag,24919243,2725,1501,0
Bounds,24922385,2666,1501,0
Package_classify,24934219,2074,1501,0
Package_classify,24936707,1168,1501,0
Package_classify,24938057,1212,1501,0
Package_classify,24939451,1168,1501,0
Package_classify,24940870,1197,1501,0
Package_classify,24942277,1168,1501,0
Package_create,24933687,9876,1501,0
QBuffer_copy,24944833,4748,1501,0
QBuffer_copy,24951146,3581,1501,0
Packet_build,24956454,2793,1501,0
VIF1_DMA_wait,24959613,440,1501,0
GIF_DMA_wait,24960236,81,1501,0
Packet_qwords,24962446,0,1501,43
VIF1_submit,24962435,5004,1501,0
Dispatch,24933295,35289,1501,0
Static_bag,24922276,46348,1501,0
Procedural,23448007,1521090,1501,0
Bounds,24978332,5085,1501,0
Packet_build,24996553,8767,1501,0
VIF1_DMA_wait,25005633,378,1501,0
GIF_DMA_wait,25006146,83,1501,0
Packet_qwords,25012896,0,1501,141
VIF1_submit,25012885,5308,1501,0
Packet_build,25023850,8649,1501,0
VIF1_DMA_wait,25032656,54703,1501,0
GIF_DMA_wait,25087532,84,1501,0
Packet_qwords,25093660,0,1501,113
VIF1_submit,25093652,4620,1501,0
Dispatch,24991147,108547,1501,0
Static_bag,24977689,122048,1501,0
Bounds,25330843,5592,1501,0
Packet_build,25359949,9704,1501,0
VIF1_DMA_wait,25370103,422,1501,0
GIF_DMA_wait,25370683,41,1501,0
Packet_qwords,25377510,0,1501,145
VIF1_submit,25377499,5140,1501,0
Packet_build,25388509,9154,1501,0
VIF1_DMA_wait,25397816,69629,1501,0
GIF_DMA_wait,25467634,92,1501,0
Packet_qwords,25473760,0,1501,113
VIF1_submit,25473752,4668,1501,0
Dispatch,25343179,136663,1501,0
Static_bag,25330345,149540,1501,0
Bounds,25481262,5725,1501,0
Packet_build,25499042,20219,1501,0
Dispatch,25494773,25343,1501,0
Static_bag,25480705,39493,1501,0
Bounds,25521347,5370,1501,0
Packet_build,25533548,2050,1501,0
Dispatch,25531699,4418,1501,0
Static_bag,25520959,15363,1501,0
Object,24977253,559524,1501,2
Bounds,25538958,4809,1501,0
Static_bag,25538671,5485,1501,0
Object,25538277,6149,1501,4
Bounds,25554380,4221,1501,0
Static_bag,25553881,4963,1501,0
Object,25553585,5940,1501,8
Bounds,25562047,3286,1501,0
Static_bag,25561683,3873,1501,0
Object,25561413,4279,1501,9
Bounds,25568257,3494,1501,0
Static_bag,25567839,4106,1501,0
Object,25567607,4527,1501,10
Bounds,25574683,3836,1501,0
Static_bag,25574349,4363,1501,0
Object,25574099,4793,1501,11
Object,25579709,77,1501,12
Object,25580277,75,1501,13
Object,25580777,59,1501,14
Object,25581263,107,1501,15
Object,25581825,59,1501,16
Object,25582409,59,1501,17
Object,25582909,73,1501,18
Object,25583411,59,1501,19
Object,25583939,69,1501,20
Object,25584395,59,1501,21
Object,25584839,59,1501,22
Bounds,25586343,3872,1501,0
Static_bag,25585988,4480,1501,0
Object,25585727,4917,1501,27
Bounds,25592058,3503,1501,0
Static_bag,25591827,3993,1501,0
Object,25591607,4449,1501,30
Bounds,25598490,3278,1501,0
Static_bag,25598265,3693,1501,0
Object,25598081,4077,1501,32
Bounds,25604508,3223,1501,0
Static_bag,25604287,3620,1501,0
Object,25604033,4059,1501,34
Bounds,25611624,3838,1501,0
Submission_batch,25619043,0,1501,2
VIF1_DMA_wait,25619643,464,1501,0
GIF_DMA_wait,25620234,83,1501,0
Packet_qwords,25628262,0,1501,167
VIF1_submit,25628251,4780,1501,0
Package_classify,25643442,1795,1501,0
Package_classify,25645894,1869,1501,0
Package_classify,25647955,1377,1501,0
Package_classify,25649524,1963,1501,0
Package_classify,25651861,1432,1501,0
Package_classify,25653485,1365,1501,0
Package_classify,25655042,1541,1501,0
Package_classify,25656807,1373,1501,0
Package_classify,25658846,1364,1501,0
Package_create,25641771,31788,1501,0
Packet_build,25678826,6667,1501,0
VIF1_DMA_wait,25686039,9654,1501,0
GIF_DMA_wait,25695829,90,1501,0
Packet_qwords,25700400,0,1501,92
VIF1_submit,25700389,5044,1501,0
Dispatch,25641491,65140,1501,0
Static_bag,25611339,95335,1501,0
Bounds,25708392,5251,1501,0
Package_classify,25724536,1713,1501,0
Package_classify,25726740,1052,1501,0
Package_classify,25728025,1095,1501,0
Package_classify,25729313,1247,1501,0
Package_classify,25730784,1681,1501,0
Package_classify,25732663,1560,1501,0
Package_classify,25734415,1219,1501,0
Package_classify,25735867,1059,1501,0
Package_classify,25737611,1079,1501,0
Package_classify,25738924,1074,1501,0
Package_classify,25740190,1431,1501,0
Package_classify,25741813,1834,1501,0
Package_classify,25743948,1208,1501,0
Package_classify,25745348,1064,1501,0
Package_classify,25746604,1162,1501,0
Package_classify,25748061,1055,1501,0
Package_classify,25749839,1466,1501,0
Package_classify,25751556,1709,1501,0
Package_classify,25753495,1206,1501,0
Package_classify,25754935,1051,1501,0
Package_classify,25756252,1186,1501,0
Package_classify,25757631,1100,1501,0
Package_classify,25758923,1452,1501,0
Package_classify,25760605,1498,1501,0
Package_create,25722819,39438,1501,0
Packet_build,25768178,8777,1501,0
VIF1_DMA_wait,25777223,388,1501,0
GIF_DMA_wait,25777747,41,1501,0
Packet_qwords,25784422,0,1501,141
VIF1_submit,25784411,4962,1501,0
Packet_build,25793481,4658,1501,0
VIF1_DMA_wait,25798346,127693,1501,0
GIF_DMA_wait,25926262,86,1501,0
Packet_qwords,25929820,0,1501,57
VIF1_submit,25929812,4452,1501,0
Dispatch,25722549,213042,1501,0
Static_bag,25707679,227955,1501,0
Bounds,25936994,5013,1501,0
Package_classify,25952034,1540,1501,0
Package_classify,25953954,1104,1501,0
Package_classify,25955257,1143,1501,0
Package_classify,25956635,1118,1501,0
Package_classify,25957990,1117,1501,0
Package_classify,25959300,1654,1501,0
Package_classify,25961204,1555,1501,0
Package_classify,25963027,1170,1501,0
Package_classify,25964865,1158,1501,0
Package_classify,25966286,1174,1501,0
Package_classify,25967655,1059,1501,0
Package_classify,25968906,1107,1501,0
Package_classify,25970340,1596,1501,0
Package_classify,25972171,1445,1501,0
Package_classify,25985401,1339,1501,0
Package_classify,25987661,1152,1501,0
Package_classify,25989679,1084,1501,0
Package_classify,25991073,1077,1501,0
Package_classify,25992501,1497,1501,0
Package_classify,25994289,549,1501,0
Package_classify,25995060,1109,1501,0
Package_classify,25996381,1073,1501,0
Package_classify,25997760,1179,1501,0
Package_classify,25999213,1117,1501,0
Package_classify,26000963,1098,1501,0
Package_classify,26002298,1420,1501,0
Package_classify,26003914,1213,1501,0
Package_create,25950807,54480,1501,0
Packet_build,26011394,9379,1501,0
VIF1_DMA_wait,26021093,408,1501,0
GIF_DMA_wait,26021632,42,1501,0
Packet_qwords,26028376,0,1501,141
VIF1_submit,26028365,4986,1501,0
Packet_build,26038128,5947,1501,0
VIF1_DMA_wait,26044292,61045,1501,0
GIF_DMA_wait,26105560,86,1501,0
Packet_qwords,26109778,0,1501,71
VIF1_submit,26109770,4608,1501,0
Dispatch,25950575,165032,1501,0
Static_bag,25936525,179125,1501,0
Bounds,26117244,5537,1501,0
Package_classify,26146500,2617,1501,0
Package_classify,26149529,1464,1501,0
Package_classify,26151269,1719,1501,0
Package_classify,26153348,1249,1501,0
Package_create,26144897,9894,1501,0
Packet_build,26158010,3163,1501,0
VIF1_DMA_wait,26161577,456,1501,0
GIF_DMA_wait,26162160,42,1501,0
Packet_qwords,26165014,0,1501,57
VIF1_submit,26165003,5022,1501,0
Dispatch,26144523,26776,1501,0
Static_bag,26116597,54745,1501,0
Bounds,26172824,5543,1501,0
Package_classify,26188330,935,1501,0
Package_classify,26189654,1557,1501,0
Package_classify,26191406,444,1501,0
Package_classify,26192094,1281,1501,0
Package_create,26187063,6468,1501,0
Packet_build,26195822,1975,1501,0
VIF1_DMA_wait,26198121,396,1501,0
GIF_DMA_wait,26198646,42,1501,0
Packet_qwords,26200702,0,1501,43
VIF1_submit,26200691,4938,1501,0
Dispatch,26186831,19799,1501,0
Static_bag,26172169,34501,1501,0
Object,25611171,596170,1501,35
Bounds,26209999,4914,1501,0
Package_classify,26221927,1906,1501,0
Package_classify,26224205,1168,1501,0
Package_create,26221365,4158,1501,0
QBuffer_copy,26226861,3412,1501,0
Packet_build,26232104,1878,1501,0
VIF1_DMA_wait,26234511,396,1501,0
GIF_DMA_wait,26235043,41,1501,0
Packet_qwords,26236732,0,1501,34
VIF1_submit,26236721,4962,1501,0
Dispatch,26221028,21840,1501,0
Static_bag,26209561,33347,1501,0
Object,26209185,34282,1501,36
Bounds,26248520,4935,1501,0
Package_classify,26262958,1587,1501,0
Package_classify,26264928,1597,1501,0
Package_classify,26266771,1371,1501,0
Package_classify,26268334,1362,1501,0
Package_classify,26269918,1368,1501,0
Package_classify,26271513,1391,1501,0
Package_classify,26273096,1382,1501,0
Package_classify,26274711,1381,1501,0
Package_classify,26276829,1313,1501,0
Package_create,26261571,16724,1501,0
Packet_build,26282701,18056,1501,0
VIF1_DMA_wait,26301305,426,1501,0
GIF_DMA_wait,26301865,41,1501,0
Packet_qwords,26306496,0,1501,92
VIF1_submit,26306485,5098,1501,0
Dispatch,26261375,51526,1501,0
Static_bag,26247931,65013,1501,0
Bounds,26314466,5567,1501,0
Package_classify,26330796,1615,1501,0
Package_classify,26332916,1209,1501,0
Package_classify,26334321,1429,1501,0
Package_classify,26336127,1151,1501,0
Package_classify,26337510,1729,1501,0
Package_classify,26339437,1454,1501,0
Package_classify,26341126,1180,1501,0
Package_classify,26342605,1377,1501,0
Package_classify,26344665,1153,1501,0
Package_classify,26346055,1159,1501,0
Package_classify,26347406,1437,1501,0
Package_classify,26349116,1469,1501,0
Package_classify,26350834,1212,1501,0
Package_classify,26352243,1141,1501,0
Package_classify,26353683,1189,1501,0
Package_classify,26355097,1141,1501,0
Package_classify,26356916,1571,1501,0
Package_classify,26358679,1505,1501,0
Package_classify,26360379,1168,1501,0
Package_classify,26361783,1213,1501,0
Package_classify,26363242,1212,1501,0
Package_classify,26364657,1248,1501,0
Package_classify,26366206,1439,1501,0
Package_classify,26367905,1586,1501,0
Package_create,26329019,40660,1501,0
Packet_build,26375906,9071,1501,0
VIF1_DMA_wait,26385335,400,1501,0
GIF_DMA_wait,26385877,41,1501,0
Packet_qwords,26392548,0,1501,141
VIF1_submit,26392537,4780,1501,0
Packet_build,26401524,4607,1501,0
VIF1_DMA_wait,26406342,123099,1501,0
GIF_DMA_wait,26529658,92,1501,0
Packet_qwords,26533276,0,1501,57
VIF1_submit,26533268,4356,1501,0
Dispatch,26328725,210020,1501,0
Static_bag,26313839,224949,1501,0
Bounds,26540228,4937,1501,0
Package_classify,26555538,1663,1501,0
Package_classify,26557662,1124,1501,0
Package_classify,26558982,1138,1501,0
Package_classify,26560419,1155,1501,0
Package_classify,26561802,1102,1501,0
Package_classify,26563097,1580,1501,0
Package_classify,26564871,1320,1501,0
Package_classify,26566417,1085,1501,0
Package_classify,26568254,1120,1501,0
Package_classify,26569566,1061,1501,0
Package_classify,26570865,1094,1501,0
Package_classify,26572200,1171,1501,0
Package_classify,26573644,1451,1501,0
Package_classify,26575364,1369,1501,0
Package_classify,26576988,1149,1501,0
Package_classify,26578371,1061,1501,0
Package_classify,26580209,1117,1501,0
Package_classify,26581518,1116,1501,0
Package_classify,26582826,1306,1501,0
Package_classify,26584363,520,1501,0
Package_classify,26585136,1170,1501,0
Package_classify,26586505,1214,1501,0
Package_classify,26587962,1119,1501,0
Package_classify,26589321,1153,1501,0
Package_classify,26591145,1102,1501,0
Package_classify,26592522,1381,1501,0
Package_classify,26594296,1243,1501,0
Package_create,26554143,41550,1501,0
Packet_build,26613949,9524,1501,0
VIF1_DMA_wait,26623941,434,1501,0
GIF_DMA_wait,26624509,41,1501,0
Packet_qwords,26631294,0,1501,141
VIF1_submit,26631283,5200,1501,0
Packet_build,26641626,5921,1501,0
VIF1_DMA_wait,26647802,60175,1501,0
GIF_DMA_wait,26708186,90,1501,0
Packet_qwords,26712394,0,1501,71
VIF1_submit,26712386,4624,1501,0
Dispatch,26553911,164486,1501,0
Static_bag,26539741,178699,1501,0
Bounds,26719992,5615,1501,0
Package_classify,26736138,2027,1501,0
Package_classify,26738590,1365,1501,0
Package_classify,26740163,1416,1501,0
Package_classify,26741824,1143,1501,0
Package_create,26734731,8454,1501,0
Packet_build,26746400,3090,1501,0
VIF1_DMA_wait,26749905,18432,1501,0
GIF_DMA_wait,26768598,149,1501,0
Packet_qwords,26771578,0,1501,57
VIF1_submit,26771567,5154,1501,0
Dispatch,26734341,43824,1501,0
Static_bag,26719297,58911,1501,0
Bounds,26779862,5193,1501,0
Package_classify,26795346,1335,1501,0
Package_classify,26797099,1638,1501,0
Package_classify,26798932,496,1501,0
Package_classify,26799624,1273,1501,0
Package_create,26794101,7002,1501,0
Packet_build,26803490,2515,1501,0
VIF1_DMA_wait,26806367,432,1501,0
GIF_DMA_wait,26806968,42,1501,0
Packet_qwords,26808994,0,1501,43
VIF1_submit,26808983,4842,1501,0
Dispatch,26793873,21161,1501,0
Static_bag,26779241,35833,1501,0
Object,26247591,568210,1501,37
Bounds,26822006,4971,1501,0
Package_classify,26836624,1175,1501,0
Package_classify,26838219,1736,1501,0
Package_classify,26840237,1525,1501,0
Package_classify,26842037,775,1501,0
Package_classify,26843081,769,1501,0
Package_classify,26844126,741,1501,0
Package_create,26835009,10098,1501,0
Packet_build,26847456,1766,1501,0
VIF1_DMA_wait,26849481,432,1501,0
GIF_DMA_wait,26850090,42,1501,0
Packet_qwords,26852284,0,1501,43
VIF1_submit,26852273,4986,1501,0
Dispatch,26834783,23649,1501,0
Static_bag,26821507,36965,1501,0
Bounds,26860044,5285,1501,0
Package_classify,26874696,1131,1501,0
Package_classify,26876397,696,1501,0
Package_classify,26877457,702,1501,0
Package_classify,26878521,1704,1501,0
Package_classify,26880456,1407,1501,0
Package_classify,26882056,1402,1501,0
Package_classify,26883651,1423,1501,0
Package_classify,26885361,1421,1501,0
Package_create,26873301,14894,1501,0
Packet_build,26891630,3533,1501,0
VIF1_DMA_wait,26895491,394,1501,0
GIF_DMA_wait,26896014,42,1501,0
Packet_qwords,26899084,0,1501,64
VIF1_submit,26899073,4932,1501,0
Dispatch,26873069,32043,1501,0
Static_bag,26859427,45725,1501,0
Bounds,26906694,5291,1501,0
Static_bag,26906131,6379,1501,0
Bounds,26925404,3459,1501,0
Static_bag,26925055,4033,1501,0
Bounds,26929640,2585,1501,0
Package_classify,26941812,1257,1501,0
Package_classify,26943575,1898,1501,0
Package_classify,26945753,802,1501,0
Package_classify,26946781,752,1501,0
Package_create,26940387,7308,1501,0
Packet_build,26950058,1909,1501,0
VIF1_DMA_wait,26952363,434,1501,0
GIF_DMA_wait,26952924,42,1501,0
Packet_qwords,26954896,0,1501,36
VIF1_submit,26954885,4968,1501,0
Dispatch,26940039,21162,1501,0
Static_bag,26929423,31857,1501,0
Object,26821167,140890,1501,39
Bounds,26967714,4883,1501,0
Packet_build,26982786,5357,1501,0
Dispatch,26979564,8867,1501,0
Static_bag,26967151,21321,1501,0
Bounds,26989290,3653,1501,0
Submission_batch,26993967,0,1501,1
VIF1_DMA_wait,26994491,400,1501,0
GIF_DMA_wait,26995020,42,1501,0
Packet_qwords,26999794,0,1501,96
VIF1_submit,26999783,4872,1501,0
Packet_build,27019118,10884,1501,0
VIF1_DMA_wait,27030417,10044,1501,0
GIF_DMA_wait,27040597,90,1501,0
Packet_qwords,27046933,0,1501,141
VIF1_submit,27046925,4740,1501,0
Packet_build,27056784,5717,1501,0
VIF1_DMA_wait,27062748,59475,1501,0
GIF_DMA_wait,27122486,86,1501,0
Packet_qwords,27126010,0,1501,57
VIF1_submit,27126002,4486,1501,0
Dispatch,27011556,120089,1501,0
Static_bag,26988997,142750,1501,0
Bounds,27133376,5759,1501,0
Packet_build,27151596,9560,1501,0
VIF1_DMA_wait,27161745,440,1501,0
GIF_DMA_wait,27162316,42,1501,0
Packet_qwords,27168876,0,1501,141
VIF1_submit,27168865,5242,1501,0
Packet_build,27178512,6467,1501,0
VIF1_DMA_wait,27185190,57699,1501,0
GIF_DMA_wait,27243068,84,1501,0
Packet_qwords,27247558,0,1501,78
VIF1_submit,27247550,4512,1501,0
Dispatch,27146039,107350,1501,0
Static_bag,27132731,120701,1501,0
Bounds,27255152,15935,1501,0
Packet_build,27283718,3511,1501,0
Dispatch,27280177,7657,1501,0
Static_bag,27254435,33443,1501,0
Bounds,27288948,4997,1501,0
Packet_build,27300506,2442,1501,0
Dispatch,27298444,4640,1501,0
Static_bag,27288613,14512,1501,0
Object,26966807,336704,1501,41
Bounds,27305395,3898,1501,0
Packet_build,27313616,1425,1501,0
Dispatch,27312553,2667,1501,0
Static_bag,27305029,10232,1501,0
Object,27304673,10880,1501,42
Bounds,27320493,4067,1501,0
Packet_build,27332528,3616,1501,0
Submission_batch,27336449,0,1501,4
VIF1_DMA_wait,27336909,440,1501,0
GIF_DMA_wait,27337528,42,1501,0
Packet_qwords,27345930,0,1501,232
VIF1_submit,27345919,5008,1501,0
Dispatch,27330000,22167,1501,0
Static_bag,27320101,32173,1501,0
Bounds,27353820,5471,1501,0
Packet_build,27370466,8665,1501,0
Dispatch,27365797,13588,1501,0
Static_bag,27353243,26243,1501,0
Bounds,27380718,17509,1501,0
Submission_batch,27399873,0,1501,1
VIF1_DMA_wait,27400511,12442,1501,0
GIF_DMA_wait,27413148,97,1501,0
Packet_qwords,27420174,0,1501,138
VIF1_submit,27420163,4900,1501,0
Packet_build,27438812,9042,1501,0
VIF1_DMA_wait,27448137,41508,1501,0
GIF_DMA_wait,27489787,90,1501,0
Packet_qwords,27496083,0,1501,141
VIF1_submit,27496075,4804,1501,0
Dispatch,27433175,69205,1501,0
Static_bag,27380249,122174,1501,0
Bounds,27504164,6369,1501,0
Packet_build,27519232,1891,1501,0
Dispatch,27517154,4281,1501,0
Static_bag,27503489,18014,1501,0
Bounds,27522648,4219,1501,0
Packet_build,27533746,2494,1501,0
Dispatch,27531294,5172,1501,0
Static_bag,27522097,14410,1501,0
Object,27319830,217095,1501,43
Bounds,27557631,4974,1501,0
Static_bag,27557191,5797,1501,0
Object,27556710,6679,1501,52
Bounds,27569041,3310,1501,0
Static_bag,27568755,3837,1501,0
Object,27568666,4186,1501,59
Bounds,27574515,2668,1501,0
Static_bag,27574319,3024,1501,0
Object,27574160,3372,1501,60
Bounds,27578984,3171,1501,0
Packet_build,27592070,5056,1501,0
Dispatch,27588778,8836,1501,0
Static_bag,27578806,18852,1501,0
Object,27578648,19379,1501,61
Bounds,27600660,4355,1501,0
Packet_build,27613304,4563,1501,0
Submission_batch,27618195,0,1501,4
VIF1_DMA_wait,27618777,410,1501,0
GIF_DMA_wait,27619314,42,1501,0
Packet_qwords,27630508,0,1501,283
VIF1_submit,27630497,5046,1501,0
Dispatch,27610343,26213,1501,0
Static_bag,27600275,36321,1501,0
Object,27599951,37382,1501,62
Bounds,27640794,4875,1501,0
Static_bag,27640321,5551,1501,0
Object,27639977,6087,1501,63
Bounds,27647963,3135,1501,0
Static_bag,27647611,3699,1501,0
Object,27647514,3970,1501,64
Bounds,27653134,3314,1501,0
Static_bag,27652866,3780,1501,0
Object,27652742,4082,1501,65
Bounds,27658853,3216,1501,0
Packet_build,27672944,5175,1501,0
Dispatch,27669481,9094,1501,0
Static_bag,27658428,20262,1501,0
Object,27658256,20929,1501,66
Bounds,27682032,4541,1501,0
Packet_build,27695072,18383,1501,0
Dispatch,27691788,22142,1501,0
Static_bag,27681647,32327,1501,0
Object,27681335,33104,1501,67
Bounds,27717752,4663,1501,0
Static_bag,27717233,5401,1501,0
Object,27716727,6203,1501,68
Bounds,27724514,2308,1501,0
Static_bag,27724284,2626,1501,0
Object,27724200,2896,1501,69
Bounds,27729238,3927,1501,0
Packet_build,27743468,4359,1501,0
Dispatch,27740386,7807,1501,0
Static_bag,27728823,19455,1501,0
Bounds,27749156,3995,1501,0
Packet_build,27759418,2527,1501,0
Submission_batch,27762411,0,1501,4
VIF1_DMA_wait,27762923,444,1501,0
GIF_DMA_wait,27763494,42,1501,0
Packet_qwords,27777184,0,1501,318
VIF1_submit,27777173,4836,1501,0
Dispatch,27757345,25815,1501,0
Static_bag,27748825,34375,1501,0
Object,27728780,55031,1501,70
Bounds,27787674,5467,1501,0
Packet_build,27803026,4793,1501,0
Dispatch,27800131,8290,1501,0
Static_bag,27787087,21374,1501,0
Bounds,27809502,4091,1501,0
Packet_build,27819884,2781,1501,0
Dispatch,27817840,5174,1501,0
Static_bag,27809153,13902,1501,0
Object,27786731,36808,1501,71
Bounds,27826848,3821,1501,0
Static_bag,27826369,4405,1501,0
Bounds,27831394,2207,1501,0
Static_bag,27831155,2534,1501,0
Object,27826030,7732,1501,72
Bounds,27835799,3792,1501,0
Packet_build,27848228,4303,1501,0
Dispatch,27845180,7742,1501,0
Static_bag,27835516,17447,1501,0
Bounds,27853820,22517,1501,0
Packet_build,27886832,2999,1501,0
Submission_batch,27890115,0,1501,4
VIF1_DMA_wait,27890621,12670,1501,0
GIF_DMA_wait,27903420,91,1501,0
Packet_qwords,27915082,0,1501,283
VIF1_submit,27915071,4890,1501,0
Dispatch,27884188,37065,1501,0
Static_bag,27853541,67755,1501,0
Object,27835364,86735,1501,73
Bounds,27929180,5385,1501,0
Package_classify,27944445,2471,1501,0
Package_classify,27947236,1268,1501,0
Package_classify,27948716,1199,1501,0
Package_classify,27950099,1168,1501,0
Package_classify,27951492,1213,1501,0
Package_classify,27953028,1168,1501,0
Package_classify,27954380,1168,1501,0
Package_classify,27955774,1168,1501,0
Package_create,27943863,13232,1501,0
QBuffer_copy,27958633,5324,1501,0
QBuffer_copy,27965516,4984,1501,0
QBuffer_copy,27971781,3094,1501,0
Packet_build,27976700,3219,1501,0
VIF1_DMA_wait,27980325,30360,1501,0
GIF_DMA_wait,28010845,90,1501,0
Packet_qwords,28025208,0,1501,50
VIF1_submit,28025197,5278,1501,0
Dispatch,27943541,88430,1501,0
Static_bag,27928627,103387,1501,0
Bounds,28033652,5417,1501,0
Package_classify,28049622,2159,1501,0
Package_classify,28052206,1460,1501,0
Package_classify,28053861,1440,1501,0
Package_classify,28055493,1434,1501,0
Package_classify,28057202,1333,1501,0
Package_create,28048071,10650,1501,0
Packet_build,28062319,4130,1501,0
VIF1_DMA_wait,28066899,422,1501,0
GIF_DMA_wait,28067461,41,1501,0
Packet_qwords,28070698,0,1501,64
VIF1_submit,28070687,5064,1501,0
Dispatch,28047797,28971,1501,0
Static_bag,28033001,43807,1501,0
Bounds,28078400,5487,1501,0
Package_classify,28093255,1924,1501,0
Package_classify,28095455,1170,1501,0
Package_classify,28096816,1201,1501,0
Package_create,28092725,5436,1501,0
QBuffer_copy,28099435,4828,1501,0
Packet_build,28106192,1710,1501,0
VIF1_DMA_wait,28108305,396,1501,0
GIF_DMA_wait,28108834,42,1501,0
Packet_qwords,28110622,0,1501,36
VIF1_submit,28110611,5016,1501,0
Dispatch,28092341,24485,1501,0
Static_bag,28077791,39075,1501,0
Object,27928179,189322,1501,75
Bounds,28122692,5087,1501,0
Packet_build,28136737,2011,1501,0
Dispatch,28134618,4419,1501,0
Static_bag,28122115,16963,1501,0
Bounds,28139850,3887,1501,0
Packet_build,28150592,2971,1501,0
Dispatch,28148120,5618,1501,0
Static_bag,28139521,14258,1501,0
Bounds,28154616,3679,1501,0
Packet_build,28163918,1197,1501,0
Dispatch,28162668,2620,1501,0
Static_bag,28154293,11036,1501,0
Object,28121775,43876,1501,76
Bounds,28182450,4871,1501,0
Packet_build,28196420,2007,1501,0
Submission_batch,28198809,0,1501,4
VIF1_DMA_wait,28199313,438,1501,0
GIF_DMA_wait,28199880,42,1501,0
Packet_qwords,28206964,0,1501,199
VIF1_submit,28206953,4920,1501,0
Dispatch,28194353,18770,1501,0
Static_bag,28181959,31207,1501,0
Bounds,28214664,5249,1501,0
Packet_build,28229656,3222,1501,0
Dispatch,28227150,6019,1501,0
Static_bag,28214153,19089,1501,0
Bounds,28234500,3583,1501,0
Packet_build,28244144,1191,1501,0
Dispatch,28242816,2772,1501,0
Static_bag,28234025,11604,1501,0
Object,28169397,76618,1501,77
Bounds,28251444,4145,1501,0
Packet_build,28262336,1633,1501,0
Dispatch,28260780,3378,1501,0
Static_bag,28250995,13206,1501,0
Bounds,28265072,3767,1501,0
Packet_build,28275854,3104,1501,0
Submission_batch,28279199,0,1501,4
VIF1_DMA_wait,28279743,396,1501,0
GIF_DMA_wait,28280302,42,1501,0
Packet_qwords,28288050,0,1501,220
VIF1_submit,28288039,4978,1501,0
Dispatch,28273442,20844,1501,0
Static_bag,28264693,29633,1501,0
Bounds,28295972,5711,1501,0
Packet_build,28310684,1413,1501,0
Dispatch,28308877,3532,1501,0
Static_bag,28295297,17196,1501,0
Object,28250688,62065,1501,78
Bounds,28318020,4733,1501,0
Packet_build,28344932,2011,1501,0
Dispatch,28342771,4483,1501,0
Static_bag,28317605,29693,1501,0
Bounds,28348370,4539,1501,0
Packet_build,28360922,3083,1501,0
Dispatch,28358706,5603,1501,0
Static_bag,28347943,16407,1501,0
Bounds,28365266,3557,1501,0
Packet_build,28374656,1197,1501,0
Submission_batch,28376265,0,1501,4
VIF1_DMA_wait,28376777,414,1501,0
GIF_DMA_wait,28377318,42,1501,0
Packet_qwords,28383694,0,1501,192
VIF1_submit,28383683,5214,1501,0
Dispatch,28373370,16664,1501,0
Static_bag,28364905,25169,1501,0
Object,28317243,73306,1501,79
Bounds,28396027,5100,1501,0
Packet_build,28410980,2023,1501,0
Dispatch,28409181,4246,1501,0
Static_bag,28395523,18007,1501,0
Bounds,28414512,3997,1501,0
Packet_build,28425182,2931,1501,0
Dispatch,28422642,5790,1501,0
Static_bag,28414147,14326,1501,0
Bounds,28429296,3559,1501,0
Packet_build,28438520,1065,1501,0
Dispatch,28437210,2596,1501,0
Static_bag,28428943,10904,1501,0
Object,28395183,45028,1501,80
Bounds,28455002,4281,1501,0
Static_bag,28454573,4959,1501,0
Bounds,28459897,1895,1501,0
Static_bag,28459719,2161,1501,0
Object,28454190,19134,1501,99
Bounds,28476117,4154,1501,0
Static_bag,28475827,4633,1501,0
Bounds,28480833,2078,1501,0
Static_bag,28480598,2435,1501,0
Object,28475485,7818,1501,100
Bounds,28494169,3661,1501,0
Static_bag,28493841,4265,1501,0
Bounds,28498697,2056,1501,0
Static_bag,28498542,2332,1501,0
Object,28493526,7507,1501,101
Bounds,28503535,2743,1501,0
Static_bag,28503301,3065,1501,0
Bounds,28506719,2038,1501,0
Static_bag,28506566,2356,1501,0
Object,28503210,5833,1501,102
Bounds,28511118,3143,1501,0
Static_bag,28510925,3458,1501,0
Bounds,28514849,2490,1501,0
Static_bag,28514648,2824,1501,0
Object,28510758,6864,1501,103
Bounds,28519632,3131,1501,0
Static_bag,28519482,3410,1501,0
Bounds,28523309,2453,1501,0
Static_bag,28523096,2799,1501,0
Object,28519360,6758,1501,104
Bounds,28530679,3634,1501,0
Packet_build,28543658,3688,1501,0
Submission_batch,28547697,0,1501,4
VIF1_DMA_wait,28548177,416,1501,0
GIF_DMA_wait,28548738,42,1501,0
Packet_qwords,28556928,0,1501,220
VIF1_submit,28556917,4888,1501,0
Dispatch,28540860,22197,1501,0
Static_bag,28530327,32818,1501,0
Bounds,28565036,5147,1501,0
Packet_build,28580126,1909,1501,0
Dispatch,28577874,4567,1501,0
Static_bag,28564343,18139,1501,0
Object,28530244,52733,1501,108
Bounds,28586618,4343,1501,0
Packet_build,28599752,3105,1501,0
Dispatch,28596632,6497,1501,0
Static_bag,28586197,17016,1501,0
Bounds,28604460,4067,1501,0
Packet_build,28615412,1696,1501,0
Dispatch,28613768,3704,1501,0
Static_bag,28604059,13454,1501,0
Object,28585901,31868,1501,109
Bounds,28620720,3905,1501,0
Static_bag,28620325,4531,1501,0
Bounds,28625401,2594,1501,0
Static_bag,28625104,3047,1501,0
Object,28620011,8249,1501,110
Bounds,28629805,2728,1501,0
Static_bag,28629613,3052,1501,0
Object,28629506,3369,1501,111
Bounds,28634383,2458,1501,0
Static_bag,28634155,2774,1501,0
Object,28634112,2978,1501,112
Bounds,28650465,4212,1501,0
Static_bag,28650153,4751,1501,0
Object,28649869,5346,1501,113
Bounds,28656538,2951,1501,0
Static_bag,28656295,3315,1501,0
Object,28656164,3626,1501,114
Object,28660584,76,1501,115
Object,28661170,60,1501,116
Object,28661658,58,1501,117
Object,28662168,68,1501,118
Object,28662726,58,1501,119
Object,28663284,58,1501,120
Bounds,28667405,4692,1501,0
Submission_batch,28675745,0,1501,3
VIF1_DMA_wait,28676445,390,1501,0
GIF_DMA_wait,28677042,83,1501,0
Packet_qwords,28683534,0,1501,160
VIF1_submit,28683523,4894,1501,0
Package_classify,28698834,1551,1501,0
Package_classify,28700928,1909,1501,0
Package_classify,28703029,1409,1501,0
Package_classify,28704630,1453,1501,0
Package_classify,28706466,1561,1501,0
Package_classify,28708285,1449,1501,0
Package_classify,28710063,1404,1501,0
Package_classify,28711725,1423,1501,0
Package_classify,28713935,1418,1501,0
Package_classify,28715545,1533,1501,0
Package_classify,28717315,1415,1501,0
Package_classify,28718922,1410,1501,0
Package_classify,28720570,1416,1501,0
Package_classify,28722223,1488,1501,0
Package_classify,28723903,1525,1501,0
Package_classify,28725683,1058,1501,0
Package_create,28697111,29790,1501,0
Packet_build,28732688,8593,1501,0
VIF1_DMA_wait,28741613,456,1501,0
GIF_DMA_wait,28742203,41,1501,0
Packet_qwords,28748364,0,1501,134
VIF1_submit,28748353,4918,1501,0
Dispatch,28696781,57712,1501,0
Static_bag,28667065,87513,1501,0
Bounds,28878404,5439,1501,0
Package_classify,28894132,1175,1501,0
Package_classify,28895739,1646,1501,0
Package_classify,28897599,1395,1501,0
Package_classify,28899186,1405,1501,0
Package_classify,28900864,1487,1501,0
Package_classify,28902619,1425,1501,0
Package_classify,28904313,1414,1501,0
Package_classify,28905967,1401,1501,0
Package_classify,28908158,1403,1501,0
Package_classify,28909753,1479,1501,0
Package_classify,28911427,1415,1501,0
Package_classify,28913082,1410,1501,0
Package_classify,28914730,1410,1501,0
Package_classify,28916343,1478,1501,0
Package_classify,28918096,1444,1501,0
Package_classify,28919783,922,1501,0
Package_create,28892633,28218,1501,0
Packet_build,28926500,9073,1501,0
VIF1_DMA_wait,28935981,422,1501,0
GIF_DMA_wait,28936571,41,1501,0
Packet_qwords,28943082,0,1501,138
VIF1_submit,28943071,5116,1501,0
Dispatch,28892347,57052,1501,0
Static_bag,28877773,71669,1501,0
Object,28666940,282941,1501,121
Bounds,28968446,6397,1501,0
Static_bag,28967715,7511,1501,0
Bounds,28984587,3933,1501,0
Static_bag,28984174,4608,1501,0
Bounds,28989204,3467,1501,0
Package_classify,29004948,2265,1501,0
Package_classify,29007627,1458,1501,0
Package_classify,29009277,1457,1501,0
Package_classify,29011018,1541,1501,0
Package_classify,29012830,1731,1501,0
Package_classify,29014825,1451,1501,0
Package_classify,29016495,1466,1501,0
Package_classify,29018215,1550,1501,0
Package_classify,29020563,1463,1501,0
Package_classify,29022218,1447,1501,0
Package_classify,29023860,1461,1501,0
Package_classify,29025513,1440,1501,0
Package_classify,29027184,1507,1501,0
Package_classify,29028939,855,1501,0
Package_classify,29029986,851,1501,0
Package_classify,29031135,1578,1501,0
Package_classify,29033637,1496,1501,0
Package_classify,29035325,801,1501,0
Package_classify,29036318,788,1501,0
Package_classify,29037366,799,1501,0
Package_classify,29038484,791,1501,0
Package_classify,29039467,815,1501,0
Package_classify,29040501,799,1501,0
Package_classify,29041525,822,1501,0
Package_classify,29043136,1517,1501,0
Package_classify,29044908,1527,1501,0
Package_classify,29046747,1498,1501,0
Package_classify,29048437,1482,1501,0
Package_classify,29050140,810,1501,0
Package_classify,29051191,792,1501,0
Package_classify,29052221,1450,1501,0
Package_classify,29053905,1461,1501,0
Package_create,29003373,52784,1501,0
Packet_build,29062472,21229,1501,0
VIF1_DMA_wait,29084213,478,1501,0
GIF_DMA_wait,29084849,82,1501,0
Packet_qwords,29091678,0,1501,141
VIF1_submit,29091667,5224,1501,0
Packet_build,29101454,3269,1501,0
VIF1_DMA_wait,29105022,61041,1501,0
GIF_DMA_wait,29166293,85,1501,0
Packet_qwords,29168956,0,1501,36
VIF1_submit,29168948,4296,1501,0
Dispatch,29003099,171298,1501,0
Static_bag,28989018,185422,1501,0
Bounds,29428661,5532,1501,0
Package_classify,29444730,2149,1501,0
Package_classify,29447302,1553,1501,0
Package_classify,29449141,1517,1501,0
Package_classify,29450850,1521,1501,0
Package_classify,29452608,1593,1501,0
Package_classify,29454464,1480,1501,0
Package_classify,29456136,1481,1501,0
Package_classify,29457853,1444,1501,0
Package_classify,29460175,1505,1501,0
Package_classify,29461948,1499,1501,0
Package_classify,29463725,1504,1501,0
Package_classify,29465510,1495,1501,0
Package_classify,29467228,1509,1501,0
Package_classify,29468929,839,1501,0
Package_classify,29469960,883,1501,0
Package_classify,29471211,1608,1501,0
Package_classify,29473683,1472,1501,0
Package_classify,29475347,801,1501,0
Package_classify,29476389,809,1501,0
Package_classify,29477390,868,1501,0
Package_classify,29478480,793,1501,0
Package_classify,29479509,783,1501,0
Package_classify,29480484,826,1501,0
Package_classify,29481535,822,1501,0
Package_classify,29483219,1522,1501,0
Package_classify,29484933,1554,1501,0
Package_classify,29486730,1471,1501,0
Package_classify,29488393,1452,1501,0
Package_classify,29490066,810,1501,0
Package_classify,29491068,793,1501,0
Package_classify,29492053,1466,1501,0
Package_classify,29493777,1461,1501,0
Package_create,29443215,52766,1501,0
Packet_build,29502626,9475,1501,0
VIF1_DMA_wait,29512455,428,1501,0
GIF_DMA_wait,29513017,41,1501,0
Packet_qwords,29519922,0,1501,145
VIF1_submit,29519911,5098,1501,0
Packet_build,29529326,3333,1501,0
VIF1_DMA_wait,29533008,72957,1501,0
GIF_DMA_wait,29606180,84,1501,0
Packet_qwords,29608726,0,1501,36
VIF1_submit,29608718,4374,1501,0
Dispatch,29442929,171416,1501,0
Static_bag,29428159,186229,1501,0
Object,28967158,647565,1501,122
Bounds,29620782,6257,1501,0
Packet_build,29639066,4938,1501,0
Dispatch,29635790,8553,1501,0
Static_bag,29620273,24111,1501,0
Object,29619885,25024,1501,134
Object,29645829,187,1501,135
Object,29646454,58,1501,136
Object,29646978,58,1501,137
Object,29647463,113,1501,138
Object,29648028,74,1501,139
Object,29648598,74,1501,140
Object,29649076,72,1501,141
Object,29649604,58,1501,142
Submission_batch,29651713,0,1501,1
VIF1_DMA_wait,29652279,422,1501,0
GIF_DMA_wait,29652838,83,1501,0
Packet_qwords,29657370,0,1501,89
VIF1_submit,29657359,4606,1501,0
Objects,24969295,4693656,1501,0
Bounds,30007784,153533,1501,0
Packet_build,30173737,9976,1501,0
VIF1_DMA_wait,30184115,454,1501,0
GIF_DMA_wait,30184705,82,1501,0
Packet_qwords,30203112,0,1501,141
VIF1_submit,30203101,5154,1501,0
Packet_build,30214898,9167,1501,0
VIF1_DMA_wait,30224390,53363,1501,0
GIF_DMA_wait,30277952,90,1501,0
Packet_qwords,30284164,0,1501,113
VIF1_submit,30284156,4780,1501,0
Packet_build,30295454,9723,1501,0
VIF1_DMA_wait,30305533,51762,1501,0
GIF_DMA_wait,30357472,94,1501,0
Packet_qwords,30363760,0,1501,113
VIF1_submit,30363752,4564,1501,0
Packet_build,30372212,3521,1501,0
VIF1_DMA_wait,30376328,60370,1501,0
GIF_DMA_wait,30436799,39,1501,0
Packet_qwords,30438864,0,1501,36
VIF1_submit,30438856,3868,1501,0
Dispatch,30168703,275022,1501,0
Static_bag,30007243,436525,1501,0
Bounds,30482040,17531,1501,0
Package_classify,30521910,1551,1501,0
Package_classify,30523938,1649,1501,0
Package_classify,30525785,1436,1501,0
Package_classify,30527443,701,1501,0
Package_classify,30528429,545,1501,0
Package_create,30520347,8780,1501,0
Packet_build,30531943,3232,1501,0
VIF1_DMA_wait,30535581,440,1501,0
GIF_DMA_wait,30536155,82,1501,0
Packet_qwords,30538858,0,1501,50
VIF1_submit,30538847,5118,1501,0
Dispatch,30519997,25172,1501,0
Static_bag,30481561,63760,1501,0
Bounds,30699852,71471,1501,0
Package_classify,30782148,1329,1501,0
Package_classify,30783940,885,1501,0
Package_classify,30785019,891,1501,0
Package_classify,30786104,884,1501,0
Package_classify,30787289,881,1501,0
Package_classify,30788377,1792,1501,0
Package_classify,30790389,1149,1501,0
Package_classify,30791779,1174,1501,0
Package_classify,30793826,1219,1501,0
Package_classify,30795238,1086,1501,0
Package_classify,30796527,1151,1501,0
Package_classify,30797914,1532,1501,0
Package_classify,30799763,986,1501,0
Package_classify,30800953,932,1501,0
Package_classify,30802121,926,1501,0
Package_classify,30803287,821,1501,0
Package_create,30780579,25280,1501,0
Packet_build,30810319,16514,1501,0
VIF1_DMA_wait,30827351,420,1501,0
GIF_DMA_wait,30827905,82,1501,0
Packet_qwords,30831852,0,1501,78
VIF1_submit,30831841,5134,1501,0
Dispatch,30780241,58002,1501,0
Static_bag,30699355,138931,1501,0
Wheels,29663241,1175856,1501,0
Animation,30839299,200,1501,0
Shadow_decals,30839653,172,1501,0
Mirrors,30840003,1,1501,0
Portal_surfaces,30840037,1,1501,0
Light_pools,30840132,3243,1501,0
GS_FINISH_wait,30901217,396,1501,0
Align3D,30896815,5096,1501,0
Bounds,30914514,5959,1501,0
Packet_build,30933001,9902,1501,0
VIF1_DMA_wait,30943271,378,1501,0
GIF_DMA_wait,30943783,82,1501,0
Packet_qwords,30950712,0,1501,141
VIF1_submit,30950701,5098,1501,0
Packet_build,30961516,21867,1501,0
VIF1_DMA_wait,30983852,40776,1501,0
GIF_DMA_wait,31024778,42,1501,0
Packet_qwords,31030900,0,1501,113
VIF1_submit,31030892,4456,1501,0
Dispatch,30928075,108717,1501,0
Static_bag,30913879,122956,1501,0
Bounds,31038578,6033,1501,0
Packet_build,31056230,8213,1501,0
VIF1_DMA_wait,31065009,38466,1501,0
GIF_DMA_wait,31103640,91,1501,0
Packet_qwords,31109412,0,1501,120
VIF1_submit,31109401,4938,1501,0
Dispatch,31051673,63640,1501,0
Static_bag,31037855,77498,1501,0
Bounds,31116919,5548,1501,0
Packet_build,31142360,2293,1501,0
VIF1_DMA_wait,31145447,23146,1501,0
GIF_DMA_wait,31168764,91,1501,0
Packet_qwords,31170784,0,1501,40
VIF1_submit,31170773,4922,1501,0
Dispatch,31139791,37087,1501,0
Static_bag,31116487,60434,1501,0
GS_FINISH_wait,31222469,396,1501,0
Align3D,31218241,4872,1501,0
Bounds,31234592,5859,1501,0
Packet_build,31252855,9510,1501,0
VIF1_DMA_wait,31262811,440,1501,0
GIF_DMA_wait,31263385,82,1501,0
Packet_qwords,31270218,0,1501,141
VIF1_submit,31270207,5104,1501,0
Dispatch,31248225,28349,1501,0
Static_bag,31234045,42569,1501,0
GS_FINISH_wait,31348001,2244,1501,0
Align3D,31296733,53836,1501,0
Bounds,31408659,10672,1501,0
GS_FINISH_wait,31427237,516,1501,0
Align3D,31421332,6742,1501,0
Packet_build,31449127,2894,1501,0
VIF1_DMA_wait,31452609,290,1501,0
GIF_DMA_wait,31453060,83,1501,0
Packet_qwords,31455318,0,1501,42
VIF1_submit,31455307,4938,1501,0
GS_FINISH_wait,31466133,18940,1501,0
Align3D,31461730,23593,1501,0
Dispatch,31436219,51933,1501,0
Static_bag,31408061,80134,1501,0
Bounds,31542983,10298,1501,0
GS_FINISH_wait,31562453,563,1501,0
Align3D,31556710,6539,1501,0
Package_classify,31572355,2580,1501,0
Package_classify,31575270,1329,1501,0
Package_classify,31576783,1126,1501,0
Package_classify,31578135,1227,1501,0
Package_classify,31579574,1126,1501,0
Package_classify,31580912,1169,1501,0
Package_create,31571709,10508,1501,0
QBuffer_copy,31583569,4472,1501,0
QBuffer_copy,31589654,2996,1501,0
Packet_build,31594086,14833,1501,0
VIF1_DMA_wait,31609431,344,1501,0
GIF_DMA_wait,31609909,82,1501,0
Packet_qwords,31612354,0,1501,42
VIF1_submit,31612343,5114,1501,0
GS_FINISH_wait,31623147,12708,1501,0
Align3D,31618816,17281,1501,0
Dispatch,31571279,67583,1501,0
Static_bag,31542431,96474,1501,0
Projected_shadows,30843513,796056,1501,0
Bounds,31645211,7870,1501,0
Static_bag,31644667,8699,1501,0
Bounds,31656504,4659,1501,0
Static_bag,31656211,5272,1501,0
Bounds,31664220,5299,1501,0
Package_classify,31679889,2126,1501,0
Package_create,31679259,2994,1501,0
Packet_build,31685293,1638,1501,0
VIF1_DMA_wait,31687199,432,1501,0
GIF_DMA_wait,31687777,82,1501,0
Packet_qwords,31689756,0,1501,36
VIF1_submit,31689745,5218,1501,0
Dispatch,31678805,17280,1501,0
Static_bag,31663821,32350,1501,0
Blob_shadows,31639682,56747,1501,0
Light_beams,31696575,3020,1501,0
Highlights_and_outlines,31699816,1,1501,0
Bounds,31717694,8433,1501,0
Package_classify,31734873,1940,1501,0
Package_create,31734339,2718,1501,0
Packet_build,31739671,1874,1501,0
VIF1_DMA_wait,31741919,414,1501,0
GIF_DMA_wait,31742510,81,1501,0
Packet_qwords,31744282,0,1501,34
VIF1_submit,31744271,5400,1501,0
Dispatch,31733906,16881,1501,0
Static_bag,31717195,45372,1501,0
Particles,31699939,62916,1501,0
Scene,20012671,11750348,1501,0
GS_FINISH_wait,31772291,396,1501,0
Align3D,31767708,5211,1501,0
GS_FINISH_wait,31949747,396,1501,0
Align3D,31944574,5868,1501,0
PostFx,31944175,134934,1501,0
Present,32079785,3298822,1501,0
EndFrame,31790397,3588341,1501,0
Game,17703230,17685265,1501,0
Info,35388675,350,1501,0
Frame,17695104,17694589,1501,0
END,4327,0,2,1500
