shadows: baked shadows main: 3 draw(s), 3 page(s), 1631 tris
shadows: baked shadows dense: 0 draw(s), 0 page(s), 0 tris
shadows: baked shadows procedural: 0 draw(s), 0 page(s), 0 tris
pre-lit: summary   0 baked, 0 already fresh, 0 failed (0 object(s) marked)
09:21:25 [editor] === Build started: vehicle-playground ===
09:21:25 [vehicle] Ravager: 256x256 quantized to 8bit (43060 -> 24959 bytes)
09:21:25 [vehicle] Ravager: far model ravager-far.glb 708 tris (wheels in), 2 submit(s) past 48 units (12 for cars nobody drives)
09:21:25 [vehicle] Ravager: part 0 lamps 120 list verts (no strip)
09:21:25 [vehicle] Ravager: part 1 glass 204 list verts (no strip); hidden far
09:21:25 [vehicle] Ravager: part 2 body paint 5892 list verts -> 3390 strip (0.575x); tier 2124 list -> 1632 strip (0.768x)
09:21:25 [vehicle] Ravager: lamp materials -> emissive part 0 (24 rear corners, 96 front)
09:21:25 [vehicle] Ravager: body 2072 tris / 3 part(s), wheel 160 tris, 4 submit(s) per vehicle
09:21:25 [vehicle] Ravager: measured wheelBase 2.732 track 1.435 radius 0.316 rideHeight 0.316 - the definition's Driving tab should match
09:21:25 [vehicle] Pica Turbo: 256x256 quantized to 8bit (36400 -> 23799 bytes)
09:21:25 [vehicle] Pica Turbo: far model pica-far.glb 652 tris (wheels in), 2 submit(s) past 48 units (12 for cars nobody drives)
09:21:25 [vehicle] Pica Turbo: part 0 lamps 36 list verts (no strip)
09:21:25 [vehicle] Pica Turbo: part 1 glass 228 list verts (no strip); hidden far
09:21:25 [vehicle] Pica Turbo: part 2 body paint 5412 list verts -> 3204 strip (0.592x); tier 1956 list -> 1476 strip (0.755x)
09:21:25 [vehicle] Pica Turbo: lamp materials -> emissive part 0 (12 rear corners, 24 front)
09:21:25 [vehicle] Pica Turbo: body 1892 tris / 3 part(s), wheel 150 tris, 4 submit(s) per vehicle
09:21:25 [vehicle] Pica Turbo: measured wheelBase 2.245 track 1.306 radius 0.262 rideHeight 0.262 - the definition's Driving tab should match
09:21:25 [vehicle] Strix V12: 256x256 quantized to 8bit (37869 -> 22199 bytes)
09:21:25 [vehicle] Strix V12: far model strix-far.glb 668 tris (wheels in), 2 submit(s) past 48 units (12 for cars nobody drives)
09:21:25 [vehicle] Strix V12: part 0 lamps 120 list verts (no strip)
09:21:25 [vehicle] Strix V12: part 1 glass 168 list verts (no strip); hidden far
09:21:25 [vehicle] Strix V12: part 2 body paint 6114 list verts -> 3636 strip (0.595x); tier 2004 list -> 1521 strip (0.759x)
09:21:25 [vehicle] Strix V12: lamp materials -> emissive part 0 (96 rear corners, 24 front)
09:21:25 [vehicle] Strix V12: body 2134 tris / 3 part(s), wheel 160 tris, 4 submit(s) per vehicle
09:21:25 [vehicle] Strix V12: measured wheelBase 2.447 track 1.490 radius 0.302 rideHeight 0.302 - the definition's Driving tab should match
09:21:25 [vehicle] tyre marks: 32x64 quantized to 4bit (6538 -> 1155 bytes)
09:21:25 [vehicle] tyre smoke: 64x64 quantized to 8bit (5892 -> 3816 bytes)
09:21:34 [editor] model AO: res/models/urban/Textures/metal.png skipped (shared texture)
09:21:34 [editor] model AO: res/models/urban/Textures/metal.png skipped (shared texture)
09:21:34 [editor] model AO: res/models/urban/Textures/planks.png skipped (shared texture)
09:21:34 [editor] model AO: res/models/urban/Textures/wall.png skipped (shared texture)
09:21:34 [editor] model AO: res/models/urban/Textures/roof.png skipped (shared texture)
09:21:34 [editor] model AO: res/models/urban/Textures/metal.png skipped (shared texture)
09:21:34 [editor] model AO: res/models/urban/Textures/metal.png skipped (shared texture)
09:21:34 [editor] model AO: res/models/urban/Textures/roof.png skipped (shared texture)
09:21:34 [editor] model AO: res/models/urban/Textures/district-facades.png skipped (shared texture)
09:21:34 [editor] model AO: res/models/urban/Textures/district-facades.png skipped (shared texture)
09:21:34 [editor] model AO: res/models/urban/Textures/district-facades.png skipped (shared texture)
09:21:34 [editor] model AO: res/models/urban/Textures/planks.png skipped (shared texture)
09:21:34 [editor] model AO: res/models/urban/Textures/district-facades.png skipped (shared texture)
09:21:34 [editor] model AO: res/models/urban/Textures/district-facades.png skipped (shared texture)
09:21:34 [editor] model AO: res/models/urban/Textures/district-facades.png skipped (shared texture)
09:21:34 [editor] model AO: res/models/urban/Textures/district-facades.png skipped (shared texture)
09:21:34 [editor] model AO: res/models/urban/Textures/district-facades.png skipped (shared texture)
09:21:34 [editor] model AO: res/models/urban/Textures/district-facades.png skipped (shared texture)
09:21:34 [editor] model AO: res/models/urban/Textures/district-facades.png skipped (shared texture)
09:21:34 [editor] model AO: res/models/urban/Textures/district-facades.png skipped (shared texture)
09:21:34 [editor] model AO: res/models/urban/Textures/district-facades.png skipped (shared texture)
09:21:34 [editor] model AO: res/models/urban/Textures/district-facades.png skipped (shared texture)
09:21:34 [editor] model AO: res/models/urban/Textures/district-facades.png skipped (shared texture)
09:21:34 [editor] model AO: res/models/urban/Textures/district-facades.png skipped (shared texture)
09:21:34 [editor] model AO: res/models/urban/Textures/district-facades.png skipped (shared texture)
09:21:34 [editor] model AO: res/models/urban/Textures/district-facades.png skipped (shared texture)
09:21:34 [editor] model AO: res/models/urban/Textures/district-facades.png skipped (shared texture)
09:21:34 [editor] model AO: res/models/urban/Textures/district-facades.png skipped (shared texture)
09:21:34 [editor] model AO: res/models/urban/Textures/district-facades.png skipped (shared texture)
09:21:34 [editor] model AO: res/models/urban/Textures/district-facades.png skipped (shared texture)
09:21:34 [editor] model AO: res/models/urban/Textures/district-facades.png skipped (shared texture)
09:21:34 [editor] model AO: res/models/urban/Textures/district-facades.png skipped (shared texture)
09:21:34 [editor] model AO: res/models/urban/Textures/district-facades.png skipped (shared texture)
09:21:34 [editor] model AO: res/models/urban/Textures/district-facades.png skipped (shared texture)
09:21:34 [editor] model AO: res/models/urban/Textures/district-facades.png skipped (shared texture)
09:21:34 [editor] model AO: res/models/urban/Textures/district-facades.png skipped (shared texture)
09:21:34 [editor] model AO: res/models/urban/Textures/district-facades.png skipped (shared texture)
09:21:34 [editor] model AO: res/models/urban/Textures/district-facades.png skipped (shared texture)
09:21:34 [editor] model AO: res/models/urban/Textures/district-facades.png skipped (shared texture)
09:21:34 [editor] model AO: res/models/urban/Textures/district-facades.png skipped (shared texture)
09:21:34 [editor] model AO: res/models/urban/Textures/district-facades.png skipped (shared texture)
09:21:34 [editor] model AO: res/models/urban/Textures/district-facades.png skipped (shared texture)
09:21:34 [editor] model AO: res/models/urban/Textures/district-facades.png skipped (shared texture)
09:21:34 [editor] model AO: res/models/urban/Textures/district-facades.png skipped (shared texture)
09:21:34 [editor] model AO: res/models/urban/Textures/district-facades.png skipped (shared texture)
09:21:34 [editor] model AO: res/models/urban/Textures/district-facades.png skipped (shared texture)
09:21:34 [editor] model AO: res/models/urban/Textures/district-facades.png skipped (shared texture)
09:21:34 [editor] model AO: res/models/urban/Textures/district-facades.png skipped (shared texture)
09:21:34 [editor] model AO: res/models/urban/Textures/district-facades.png skipped (shared texture)
09:21:34 [editor] model AO: res/models/urban/Textures/district-facades.png skipped (shared texture)
09:21:34 [editor] model AO: res/models/urban/Textures/district-facades.png skipped (shared texture)
09:21:34 [editor] model AO: res/models/urban/Textures/district-facades.png skipped (shared texture)
09:21:34 [editor] model AO: res/models/urban/Textures/district-facades.png skipped (shared texture)
09:21:34 [editor] model AO: res/models/urban/Textures/treeA.png skipped (shared texture)
09:21:34 [editor] model AO: res/models/urban/Textures/tiles.png skipped (shared texture)
09:21:34 [editor] model AO: res/models/urban/Textures/dirt.png skipped (shared texture)
09:21:34 [editor] model AO: res/models/urban/Textures/treeA.png skipped (shared texture)
09:21:34 [editor] model AO: res/models/urban/Textures/tiles.png skipped (shared texture)
09:21:34 [editor] model AO: res/models/urban/Textures/dirt.png skipped (shared texture)
09:21:34 [editor] model AO: res/models/urban/Textures/treeA.png skipped (shared texture)
09:21:34 [editor] model AO: res/models/urban/Textures/tiles.png skipped (shared texture)
09:21:34 [editor] model AO: res/models/urban/Textures/dirt.png skipped (shared texture)
09:21:34 [editor] model AO: res/models/urban/Textures/treeA.png skipped (shared texture)
09:21:34 [editor] model AO: res/models/urban/Textures/tiles.png skipped (shared texture)
09:21:34 [editor] model AO: res/models/urban/Textures/dirt.png skipped (shared texture)
09:21:34 [editor] model AO: res/models/urban/Textures/treeA.png skipped (shared texture)
09:21:34 [editor] model AO: res/models/urban/Textures/tiles.png skipped (shared texture)
09:21:34 [editor] model AO: res/models/urban/Textures/dirt.png skipped (shared texture)
09:21:34 [editor] model AO: res/models/urban/Textures/treeA.png skipped (shared texture)
09:21:34 [editor] model AO: res/models/urban/Textures/tiles.png skipped (shared texture)
09:21:34 [editor] model AO: res/models/urban/Textures/dirt.png skipped (shared texture)
09:21:34 [editor] model AO: res/models/urban/Textures/treeA.png skipped (shared texture)
09:21:34 [editor] model AO: res/models/urban/Textures/tiles.png skipped (shared texture)
09:21:34 [editor] model AO: res/models/urban/Textures/dirt.png skipped (shared texture)
09:21:34 [editor] model AO: res/models/urban/Textures/treeA.png skipped (shared texture)
09:21:34 [editor] model AO: res/models/urban/Textures/tiles.png skipped (shared texture)
09:21:34 [editor] model AO: res/models/urban/Textures/dirt.png skipped (shared texture)
09:21:34 [editor] model AO: res/models/urban/Textures/treeA.png skipped (shared texture)
09:21:34 [editor] model AO: res/models/urban/Textures/tiles.png skipped (shared texture)
09:21:34 [editor] model AO: res/models/urban/Textures/dirt.png skipped (shared texture)
09:21:34 [editor] model AO: res/models/urban/Textures/treeA.png skipped (shared texture)
09:21:34 [editor] model AO: res/models/urban/Textures/tiles.png skipped (shared texture)
09:21:34 [editor] model AO: res/models/urban/Textures/dirt.png skipped (shared texture)
09:21:34 [editor] model AO: res/models/urban/Textures/treeA.png skipped (shared texture)
09:21:34 [editor] model AO: res/models/urban/Textures/tiles.png skipped (shared texture)
09:21:34 [editor] model AO: res/models/urban/Textures/dirt.png skipped (shared texture)
09:21:34 [editor] model AO: res/models/urban/Textures/treeA.png skipped (shared texture)
09:21:34 [editor] model AO: res/models/urban/Textures/tiles.png skipped (shared texture)
09:21:34 [editor] model AO: res/models/urban/Textures/dirt.png skipped (shared texture)
09:21:34 [editor] model AO: res/models/urban/Textures/treeA.png skipped (shared texture)
09:21:34 [editor] model AO: res/models/urban/Textures/tiles.png skipped (shared texture)
09:21:34 [editor] model AO: res/models/urban/Textures/dirt.png skipped (shared texture)
09:21:34 [editor] model AO: res/models/urban/Textures/treeA.png skipped (shared texture)
09:21:34 [editor] model AO: res/models/urban/Textures/tiles.png skipped (shared texture)
09:21:34 [editor] model AO: res/models/urban/Textures/dirt.png skipped (shared texture)
09:21:34 [editor] model AO: res/models/urban/Textures/treeA.png skipped (shared texture)
09:21:34 [editor] model AO: res/models/urban/Textures/tiles.png skipped (shared texture)
09:21:34 [editor] model AO: res/models/urban/Textures/dirt.png skipped (shared texture)
09:21:34 [editor] model AO: res/models/urban/Textures/treeA.png skipped (shared texture)
09:21:34 [editor] model AO: res/models/urban/Textures/tiles.png skipped (shared texture)
09:21:34 [editor] model AO: res/models/urban/Textures/dirt.png skipped (shared texture)
09:21:34 [editor] model AO: res/models/urban/Textures/treeA.png skipped (shared texture)
09:21:34 [editor] model AO: res/models/urban/Textures/tiles.png skipped (shared texture)
09:21:34 [editor] model AO: res/models/urban/Textures/dirt.png skipped (shared texture)
09:21:34 [editor] model AO: res/models/urban/Textures/treeA.png skipped (shared texture)
09:21:34 [editor] model AO: res/models/urban/Textures/tiles.png skipped (shared texture)
09:21:34 [editor] model AO: res/models/urban/Textures/dirt.png skipped (shared texture)
09:21:34 [editor] model AO: res/models/urban/Textures/treeA.png skipped (shared texture)
09:21:34 [editor] model AO: res/models/urban/Textures/tiles.png skipped (shared texture)
09:21:34 [editor] model AO: res/models/urban/Textures/dirt.png skipped (shared texture)
09:21:34 [editor] model AO: res/models/urban/Textures/treeA.png skipped (shared texture)
09:21:34 [editor] model AO: res/models/urban/Textures/tiles.png skipped (shared texture)
09:21:34 [editor] model AO: res/models/urban/Textures/dirt.png skipped (shared texture)
09:21:34 [editor] model AO: res/models/urban/Textures/treeA.png skipped (shared texture)
09:21:34 [editor] model AO: res/models/urban/Textures/tiles.png skipped (shared texture)
09:21:34 [editor] model AO: res/models/urban/Textures/dirt.png skipped (shared texture)
09:21:34 [editor] model AO: res/models/urban/Textures/treeA.png skipped (shared texture)
09:21:34 [editor] model AO: res/models/urban/Textures/tiles.png skipped (shared texture)
09:21:34 [editor] model AO: res/models/urban/Textures/dirt.png skipped (shared texture)
09:21:34 [editor] model AO: res/models/urban/Textures/treeA.png skipped (shared texture)
09:21:34 [editor] model AO: res/models/urban/Textures/tiles.png skipped (shared texture)
09:21:34 [editor] model AO: res/models/urban/Textures/dirt.png skipped (shared texture)
09:21:34 [editor] model AO: res/models/urban/Textures/treeA.png skipped (shared texture)
09:21:34 [editor] model AO: res/models/urban/Textures/tiles.png skipped (shared texture)
09:21:34 [editor] model AO: res/models/urban/Textures/dirt.png skipped (shared texture)
09:21:34 [editor] model AO: res/models/urban/Textures/treeA.png skipped (shared texture)
09:21:34 [editor] model AO: res/models/urban/Textures/tiles.png skipped (shared texture)
09:21:34 [editor] model AO: res/models/urban/Textures/dirt.png skipped (shared texture)
09:21:34 [editor] model AO: res/models/urban/Textures/treeA.png skipped (shared texture)
09:21:34 [editor] model AO: res/models/urban/Textures/tiles.png skipped (shared texture)
09:21:34 [editor] model AO: res/models/urban/Textures/dirt.png skipped (shared texture)
09:21:34 [editor] model AO: res/models/urban/Textures/treeA.png skipped (shared texture)
09:21:34 [editor] model AO: res/models/urban/Textures/tiles.png skipped (shared texture)
09:21:34 [editor] model AO: res/models/urban/Textures/dirt.png skipped (shared texture)
09:21:34 [editor] model AO: res/models/urban/Textures/treeA.png skipped (shared texture)
09:21:34 [editor] model AO: res/models/urban/Textures/tiles.png skipped (shared texture)
09:21:34 [editor] model AO: res/models/urban/Textures/dirt.png skipped (shared texture)
09:21:34 [editor] model AO: res/models/urban/Textures/treeA.png skipped (shared texture)
09:21:34 [editor] model AO: res/models/urban/Textures/tiles.png skipped (shared texture)
09:21:34 [editor] model AO: res/models/urban/Textures/dirt.png skipped (shared texture)
09:21:34 [editor] model AO: res/models/urban/Textures/treeA.png skipped (shared texture)
09:21:34 [editor] model AO: res/models/urban/Textures/tiles.png skipped (shared texture)
09:21:34 [editor] model AO: res/models/urban/Textures/dirt.png skipped (shared texture)
09:21:34 [editor] model AO: res/models/urban/Textures/treeB.png skipped (shared texture)
09:21:34 [editor] model AO: res/models/urban/Textures/tiles.png skipped (shared texture)
09:21:34 [editor] model AO: res/models/urban/Textures/dirt.png skipped (shared texture)
09:21:34 [editor] model AO: res/models/urban/Textures/treeB.png skipped (shared texture)
09:21:34 [editor] model AO: res/models/urban/Textures/tiles.png skipped (shared texture)
09:21:34 [editor] model AO: res/models/urban/Textures/dirt.png skipped (shared texture)
09:21:34 [editor] model AO: res/models/urban/Textures/treeB.png skipped (shared texture)
09:21:34 [editor] model AO: res/models/urban/Textures/tiles.png skipped (shared texture)
09:21:34 [editor] model AO: res/models/urban/Textures/dirt.png skipped (shared texture)
09:21:34 [editor] model AO: res/models/urban/Textures/treeB.png skipped (shared texture)
09:21:34 [editor] model AO: res/models/urban/Textures/tiles.png skipped (shared texture)
09:21:34 [editor] model AO: res/models/urban/Textures/dirt.png skipped (shared texture)
09:21:34 [editor] model AO: res/models/urban/Textures/treeB.png skipped (shared texture)
09:21:34 [editor] model AO: res/models/urban/Textures/tiles.png skipped (shared texture)
09:21:34 [editor] model AO: res/models/urban/Textures/dirt.png skipped (shared texture)
09:21:34 [editor] model AO: res/models/urban/Textures/treeB.png skipped (shared texture)
09:21:34 [editor] model AO: res/models/urban/Textures/tiles.png skipped (shared texture)
09:21:34 [editor] model AO: res/models/urban/Textures/dirt.png skipped (shared texture)
09:21:34 [editor] model AO: res/models/urban/Textures/treeB.png skipped (shared texture)
09:21:34 [editor] model AO: res/models/urban/Textures/tiles.png skipped (shared texture)
09:21:34 [editor] model AO: res/models/urban/Textures/dirt.png skipped (shared texture)
09:21:34 [editor] model AO: res/models/urban/Textures/treeB.png skipped (shared texture)
09:21:34 [editor] model AO: res/models/urban/Textures/tiles.png skipped (shared texture)
09:21:34 [editor] model AO: res/models/urban/Textures/dirt.png skipped (shared texture)
09:21:34 [editor] model AO: res/models/urban/Textures/treeB.png skipped (shared texture)
09:21:34 [editor] model AO: res/models/urban/Textures/tiles.png skipped (shared texture)
09:21:34 [editor] model AO: res/models/urban/Textures/dirt.png skipped (shared texture)
09:21:34 [editor] model AO: res/models/urban/Textures/treeB.png skipped (shared texture)
09:21:34 [editor] model AO: res/models/urban/Textures/tiles.png skipped (shared texture)
09:21:34 [editor] model AO: res/models/urban/Textures/dirt.png skipped (shared texture)
09:21:34 [editor] model AO: res/models/urban/Textures/treeB.png skipped (shared texture)
09:21:34 [editor] model AO: res/models/urban/Textures/tiles.png skipped (shared texture)
09:21:34 [editor] model AO: res/models/urban/Textures/dirt.png skipped (shared texture)
09:21:34 [editor] model AO: res/models/urban/Textures/treeB.png skipped (shared texture)
09:21:34 [editor] model AO: res/models/urban/Textures/tiles.png skipped (shared texture)
09:21:34 [editor] model AO: res/models/urban/Textures/dirt.png skipped (shared texture)
09:21:34 [editor] model AO: res/models/urban/Textures/treeB.png skipped (shared texture)
09:21:34 [editor] model AO: res/models/urban/Textures/tiles.png skipped (shared texture)
09:21:34 [editor] model AO: res/models/urban/Textures/dirt.png skipped (shared texture)
09:21:34 [editor] model AO: res/models/urban/Textures/treeB.png skipped (shared texture)
09:21:34 [editor] model AO: res/models/urban/Textures/tiles.png skipped (shared texture)
09:21:34 [editor] model AO: res/models/urban/Textures/dirt.png skipped (shared texture)
09:21:34 [editor] model AO: res/models/urban/Textures/treeB.png skipped (shared texture)
09:21:34 [editor] model AO: res/models/urban/Textures/tiles.png skipped (shared texture)
09:21:34 [editor] model AO: res/models/urban/Textures/dirt.png skipped (shared texture)
09:21:34 [editor] model AO: res/models/urban/Textures/treeB.png skipped (shared texture)
09:21:34 [editor] model AO: res/models/urban/Textures/tiles.png skipped (shared texture)
09:21:34 [editor] model AO: res/models/urban/Textures/dirt.png skipped (shared texture)
09:21:34 [editor] model AO: res/models/urban/Textures/treeB.png skipped (shared texture)
09:21:34 [editor] model AO: res/models/urban/Textures/tiles.png skipped (shared texture)
09:21:34 [editor] model AO: res/models/urban/Textures/dirt.png skipped (shared texture)
09:21:34 [editor] model AO: res/models/urban/Textures/treeB.png skipped (shared texture)
09:21:34 [editor] model AO: res/models/urban/Textures/tiles.png skipped (shared texture)
09:21:34 [editor] model AO: res/models/urban/Textures/dirt.png skipped (shared texture)
09:21:34 [editor] model AO: res/models/urban/Textures/treeB.png skipped (shared texture)
09:21:34 [editor] model AO: res/models/urban/Textures/tiles.png skipped (shared texture)
09:21:34 [editor] model AO: res/models/urban/Textures/dirt.png skipped (shared texture)
09:21:34 [editor] model AO: res/models/urban/Textures/treeB.png skipped (shared texture)
09:21:34 [editor] model AO: res/models/urban/Textures/tiles.png skipped (shared texture)
09:21:34 [editor] model AO: res/models/urban/Textures/dirt.png skipped (shared texture)
09:21:34 [editor] model AO: res/models/urban/Textures/treeB.png skipped (shared texture)
09:21:34 [editor] model AO: res/models/urban/Textures/tiles.png skipped (shared texture)
09:21:34 [editor] model AO: res/models/urban/Textures/dirt.png skipped (shared texture)
09:21:34 [editor] model AO: res/models/urban/Textures/treeB.png skipped (shared texture)
09:21:34 [editor] model AO: res/models/urban/Textures/tiles.png skipped (shared texture)
09:21:34 [editor] model AO: res/models/urban/Textures/dirt.png skipped (shared texture)
09:21:34 [editor] model AO: res/models/urban/Textures/treeB.png skipped (shared texture)
09:21:34 [editor] model AO: res/models/urban/Textures/tiles.png skipped (shared texture)
09:21:34 [editor] model AO: res/models/urban/Textures/dirt.png skipped (shared texture)
09:21:34 [editor] model AO: res/models/urban/Textures/treeB.png skipped (shared texture)
09:21:34 [editor] model AO: res/models/urban/Textures/tiles.png skipped (shared texture)
09:21:34 [editor] model AO: res/models/urban/Textures/dirt.png skipped (shared texture)
09:21:34 [editor] model AO: res/models/urban/Textures/treeB.png skipped (shared texture)
09:21:34 [editor] model AO: res/models/urban/Textures/tiles.png skipped (shared texture)
09:21:34 [editor] model AO: res/models/urban/Textures/dirt.png skipped (shared texture)
09:21:34 [editor] model AO: res/models/urban/Textures/treeB.png skipped (shared texture)
09:21:34 [editor] model AO: res/models/urban/Textures/tiles.png skipped (shared texture)
09:21:34 [editor] model AO: res/models/urban/Textures/dirt.png skipped (shared texture)
09:21:34 [editor] model AO: res/models/urban/Textures/treeB.png skipped (shared texture)
09:21:34 [editor] model AO: res/models/urban/Textures/tiles.png skipped (shared texture)
09:21:34 [editor] model AO: res/models/urban/Textures/dirt.png skipped (shared texture)
09:21:34 [editor] model AO: res/models/urban/Textures/treeB.png skipped (shared texture)
09:21:34 [editor] model AO: res/models/urban/Textures/tiles.png skipped (shared texture)
09:21:34 [editor] model AO: res/models/urban/Textures/dirt.png skipped (shared texture)
09:21:34 [editor] model AO: res/models/urban/Textures/treeB.png skipped (shared texture)
09:21:34 [editor] model AO: res/models/urban/Textures/tiles.png skipped (shared texture)
09:21:34 [editor] model AO: res/models/urban/Textures/dirt.png skipped (shared texture)
09:21:34 [editor] model AO: res/models/urban/Textures/treeB.png skipped (shared texture)
09:21:34 [editor] model AO: res/models/urban/Textures/tiles.png skipped (shared texture)
09:21:34 [editor] model AO: res/models/urban/Textures/dirt.png skipped (shared texture)
09:21:34 [editor] model AO: res/models/urban/Textures/treeB.png skipped (shared texture)
09:21:34 [editor] model AO: res/models/urban/Textures/tiles.png skipped (shared texture)
09:21:34 [editor] model AO: res/models/urban/Textures/dirt.png skipped (shared texture)
09:21:34 [editor] model AO: res/models/urban/Textures/treeA.png skipped (shared texture)
09:21:34 [editor] model AO: res/models/urban/Textures/tiles.png skipped (shared texture)
09:21:34 [editor] model AO: res/models/urban/Textures/dirt.png skipped (shared texture)
09:21:34 [editor] model AO: res/models/urban/Textures/treeB.png skipped (shared texture)
09:21:34 [editor] model AO: res/models/urban/Textures/tiles.png skipped (shared texture)
09:21:34 [editor] model AO: res/models/urban/Textures/dirt.png skipped (shared texture)
09:21:34 [editor] model AO: res/models/urban/Textures/concrete.png skipped (shared texture)
09:21:34 [editor] model AO: res/models/urban/Textures/wall.png skipped (shared texture)
09:21:34 [editor] model AO: res/models/urban/Textures/concrete.png skipped (shared texture)
09:21:34 [editor] model AO: res/models/urban/Textures/roof.png skipped (shared texture)
09:21:34 [editor] model AO: res/models/urban/Textures/wall_lines.png skipped (shared texture)
09:21:34 [editor] model AO: res/models/urban/Textures/concrete.png skipped (shared texture)
09:21:34 [editor] model AO: res/models/urban/Textures/wall_lines.png skipped (shared texture)
09:21:34 [editor] model AO: res/models/urban/Textures/metal.png skipped (shared texture)
09:21:37 [editor] model AO: multiplied into res/models/urban/Textures/metal_wall.png
09:21:37 [editor] model AO: multiplied into res/models/urban/Textures/signs.png
09:21:37 [editor] model AO: multiplied into res/models/urban/Textures/wall_garage.png
09:21:37 [editor] model AO: multiplied into res/models/urban/Textures/windows.png
09:21:38 [editor] Baked shadows: 3 atlas page(s)
09:21:38 [editor] Ground shadows: 18 chunk map(s)
09:21:38 [editor] Texture bake: 26 quantized, 206 copied, 0 stale removed (res -> .res-baked)
09:21:38 > powershell.exe -NoProfile -ExecutionPolicy Bypass -File "F:\Projects\tyra-editor\tools\toolchain/native-build.ps1" -Project "F:\Projects\tyrax2-lab-20261001\player-light-public-runtime-v1\fixtures\vehicle-players" -Engine "F:\Projects\tyra-editor\vendor\tyra" -Cache "C:\Users\pawel\AppData\Local\tyra-editor\native-build\tyra-engine-5de0959b" -Toolchain "C:\Users\pawel\AppData\Local\tyra-editor\toolchain\ps2dev"
09:21:39 [toolchain] Linux host prerequisites are ready.
09:21:40 [toolchain] ready: /mnt/c/Users/pawel/AppData/Local/tyra-editor/toolchain/ps2dev
09:21:40 [editor] Using WSL filesystem build cache...
09:21:45 [editor] Game toolchain changed - rebuilding game objects...
09:21:48 [editor] Engine sources changed - rebuilding libtyra...
09:21:48 make: Entering directory '/home/spider/.cache/tyrax/native/engines/402d636fe32cfedbc6d29f7f/tyra/engine'
09:21:48 mips64r5900el-ps2-elf-g++ -D_EE -G0 -Wall -O3 -fdebug-prefix-map=/home/spider/.cache/tyrax/native/projects/38962b915a740e66bc478016=/mnt/f/Projects/tyrax2-lab-20261001/player-light-public-runtime-v1/fixtures/vehicle-players -fdebug-prefix-map=/home/spider/.cache/tyrax/native/engines/402d636fe32cfedbc6d29f7f/tyra/engine=/mnt/f/Projects/tyra-editor/vendor/tyra/engine -fdebug-prefix-map=/home/spider/.cache/tyrax/native/toolchains/eff2c8918589264d49aa9a0f=/mnt/c/Users/pawel/AppData/Local/tyra-editor/toolchain/ps2dev  -Iinc -I/home/spider/.cache/tyrax/native/toolchains/eff2c8918589264d49aa9a0f/ps2sdk/ee/include -I/home/spider/.cache/tyrax/native/toolchains/eff2c8918589264d49aa9a0f/ps2sdk/common/include -I/home/spider/.cache/tyrax/native/toolchains/eff2c8918589264d49aa9a0f/ps2sdk/ports/include -MMD -MP -MF obj/debug/hardware_trace.d -c -o obj/debug/hardware_trace.o src/debug/hardware_trace.cpp
09:21:48 mips64r5900el-ps2-elf-g++ -D_EE -G0 -Wall -O3 -fdebug-prefix-map=/home/spider/.cache/tyrax/native/projects/38962b915a740e66bc478016=/mnt/f/Projects/tyrax2-lab-20261001/player-light-public-runtime-v1/fixtures/vehicle-players -fdebug-prefix-map=/home/spider/.cache/tyrax/native/engines/402d636fe32cfedbc6d29f7f/tyra/engine=/mnt/f/Projects/tyra-editor/vendor/tyra/engine -fdebug-prefix-map=/home/spider/.cache/tyrax/native/toolchains/eff2c8918589264d49aa9a0f=/mnt/c/Users/pawel/AppData/Local/tyra-editor/toolchain/ps2dev  -Iinc -I/home/spider/.cache/tyrax/native/toolchains/eff2c8918589264d49aa9a0f/ps2sdk/ee/include -I/home/spider/.cache/tyrax/native/toolchains/eff2c8918589264d49aa9a0f/ps2sdk/common/include -I/home/spider/.cache/tyrax/native/toolchains/eff2c8918589264d49aa9a0f/ps2sdk/ports/include -MMD -MP -MF obj/engine.d -c -o obj/engine.o src/engine.cpp
09:21:48 mips64r5900el-ps2-elf-g++ -D_EE -G0 -Wall -O3 -fdebug-prefix-map=/home/spider/.cache/tyrax/native/projects/38962b915a740e66bc478016=/mnt/f/Projects/tyrax2-lab-20261001/player-light-public-runtime-v1/fixtures/vehicle-players -fdebug-prefix-map=/home/spider/.cache/tyrax/native/engines/402d636fe32cfedbc6d29f7f/tyra/engine=/mnt/f/Projects/tyra-editor/vendor/tyra/engine -fdebug-prefix-map=/home/spider/.cache/tyrax/native/toolchains/eff2c8918589264d49aa9a0f=/mnt/c/Users/pawel/AppData/Local/tyra-editor/toolchain/ps2dev  -Iinc -I/home/spider/.cache/tyrax/native/toolchains/eff2c8918589264d49aa9a0f/ps2sdk/ee/include -I/home/spider/.cache/tyrax/native/toolchains/eff2c8918589264d49aa9a0f/ps2sdk/common/include -I/home/spider/.cache/tyrax/native/toolchains/eff2c8918589264d49aa9a0f/ps2sdk/ports/include -MMD -MP -MF obj/info/banner.d -c -o obj/info/banner.o src/info/banner.cpp
09:21:48 mips64r5900el-ps2-elf-g++ -D_EE -G0 -Wall -O3 -fdebug-prefix-map=/home/spider/.cache/tyrax/native/projects/38962b915a740e66bc478016=/mnt/f/Projects/tyrax2-lab-20261001/player-light-public-runtime-v1/fixtures/vehicle-players -fdebug-prefix-map=/home/spider/.cache/tyrax/native/engines/402d636fe32cfedbc6d29f7f/tyra/engine=/mnt/f/Projects/tyra-editor/vendor/tyra/engine -fdebug-prefix-map=/home/spider/.cache/tyrax/native/toolchains/eff2c8918589264d49aa9a0f=/mnt/c/Users/pawel/AppData/Local/tyra-editor/toolchain/ps2dev  -Iinc -I/home/spider/.cache/tyrax/native/toolchains/eff2c8918589264d49aa9a0f/ps2sdk/ee/include -I/home/spider/.cache/tyrax/native/toolchains/eff2c8918589264d49aa9a0f/ps2sdk/common/include -I/home/spider/.cache/tyrax/native/toolchains/eff2c8918589264d49aa9a0f/ps2sdk/ports/include -MMD -MP -MF obj/loaders/3d/tskl_loader/tskl_loader.d -c -o obj/loaders/3d/tskl_loader/tskl_loader.o src/loaders/3d/tskl_loader/tskl_loader.cpp
09:21:48 mips64r5900el-ps2-elf-g++ -D_EE -G0 -Wall -O3 -fdebug-prefix-map=/home/spider/.cache/tyrax/native/projects/38962b915a740e66bc478016=/mnt/f/Projects/tyrax2-lab-20261001/player-light-public-runtime-v1/fixtures/vehicle-players -fdebug-prefix-map=/home/spider/.cache/tyrax/native/engines/402d636fe32cfedbc6d29f7f/tyra/engine=/mnt/f/Projects/tyra-editor/vendor/tyra/engine -fdebug-prefix-map=/home/spider/.cache/tyrax/native/toolchains/eff2c8918589264d49aa9a0f=/mnt/c/Users/pawel/AppData/Local/tyra-editor/toolchain/ps2dev  -Iinc -I/home/spider/.cache/tyrax/native/toolchains/eff2c8918589264d49aa9a0f/ps2sdk/ee/include -I/home/spider/.cache/tyrax/native/toolchains/eff2c8918589264d49aa9a0f/ps2sdk/common/include -I/home/spider/.cache/tyrax/native/toolchains/eff2c8918589264d49aa9a0f/ps2sdk/ports/include -MMD -MP -MF obj/loaders/texture/base/texture_loader_selector.d -c -o obj/loaders/texture/base/texture_loader_selector.o src/loaders/texture/base/texture_loader_selector.cpp
09:21:48 mips64r5900el-ps2-elf-g++ -D_EE -G0 -Wall -O3 -fdebug-prefix-map=/home/spider/.cache/tyrax/native/projects/38962b915a740e66bc478016=/mnt/f/Projects/tyrax2-lab-20261001/player-light-public-runtime-v1/fixtures/vehicle-players -fdebug-prefix-map=/home/spider/.cache/tyrax/native/engines/402d636fe32cfedbc6d29f7f/tyra/engine=/mnt/f/Projects/tyra-editor/vendor/tyra/engine -fdebug-prefix-map=/home/spider/.cache/tyrax/native/toolchains/eff2c8918589264d49aa9a0f=/mnt/c/Users/pawel/AppData/Local/tyra-editor/toolchain/ps2dev  -Iinc -I/home/spider/.cache/tyrax/native/toolchains/eff2c8918589264d49aa9a0f/ps2sdk/ee/include -I/home/spider/.cache/tyrax/native/toolchains/eff2c8918589264d49aa9a0f/ps2sdk/common/include -I/home/spider/.cache/tyrax/native/toolchains/eff2c8918589264d49aa9a0f/ps2sdk/ports/include -MMD -MP -MF obj/loaders/texture/png_loader.d -c -o obj/loaders/texture/png_loader.o src/loaders/texture/png_loader.cpp
09:21:48 mips64r5900el-ps2-elf-g++ -D_EE -G0 -Wall -O3 -fdebug-prefix-map=/home/spider/.cache/tyrax/native/projects/38962b915a740e66bc478016=/mnt/f/Projects/tyrax2-lab-20261001/player-light-public-runtime-v1/fixtures/vehicle-players -fdebug-prefix-map=/home/spider/.cache/tyrax/native/engines/402d636fe32cfedbc6d29f7f/tyra/engine=/mnt/f/Projects/tyra-editor/vendor/tyra/engine -fdebug-prefix-map=/home/spider/.cache/tyrax/native/toolchains/eff2c8918589264d49aa9a0f=/mnt/c/Users/pawel/AppData/Local/tyra-editor/toolchain/ps2dev  -Iinc -I/home/spider/.cache/tyrax/native/toolchains/eff2c8918589264d49aa9a0f/ps2sdk/ee/include -I/home/spider/.cache/tyrax/native/toolchains/eff2c8918589264d49aa9a0f/ps2sdk/common/include -I/home/spider/.cache/tyrax/native/toolchains/eff2c8918589264d49aa9a0f/ps2sdk/ports/include -MMD -MP -MF obj/renderer/2d/renderer_2d.d -c -o obj/renderer/2d/renderer_2d.o src/renderer/2d/renderer_2d.cpp
09:21:48 mips64r5900el-ps2-elf-g++ -D_EE -G0 -Wall -O3 -fdebug-prefix-map=/home/spider/.cache/tyrax/native/projects/38962b915a740e66bc478016=/mnt/f/Projects/tyrax2-lab-20261001/player-light-public-runtime-v1/fixtures/vehicle-players -fdebug-prefix-map=/home/spider/.cache/tyrax/native/engines/402d636fe32cfedbc6d29f7f/tyra/engine=/mnt/f/Projects/tyra-editor/vendor/tyra/engine -fdebug-prefix-map=/home/spider/.cache/tyrax/native/toolchains/eff2c8918589264d49aa9a0f=/mnt/c/Users/pawel/AppData/Local/tyra-editor/toolchain/ps2dev  -Iinc -I/home/spider/.cache/tyrax/native/toolchains/eff2c8918589264d49aa9a0f/ps2sdk/ee/include -I/home/spider/.cache/tyrax/native/toolchains/eff2c8918589264d49aa9a0f/ps2sdk/common/include -I/home/spider/.cache/tyrax/native/toolchains/eff2c8918589264d49aa9a0f/ps2sdk/ports/include -MMD -MP -MF obj/renderer/3d/mesh/dynamic/skel_instance.d -c -o obj/renderer/3d/mesh/dynamic/skel_instance.o src/renderer/3d/mesh/dynamic/skel_instance.cpp
09:21:48 mips64r5900el-ps2-elf-g++ -D_EE -G0 -Wall -O3 -fdebug-prefix-map=/home/spider/.cache/tyrax/native/projects/38962b915a740e66bc478016=/mnt/f/Projects/tyrax2-lab-20261001/player-light-public-runtime-v1/fixtures/vehicle-players -fdebug-prefix-map=/home/spider/.cache/tyrax/native/engines/402d636fe32cfedbc6d29f7f/tyra/engine=/mnt/f/Projects/tyra-editor/vendor/tyra/engine -fdebug-prefix-map=/home/spider/.cache/tyrax/native/toolchains/eff2c8918589264d49aa9a0f=/mnt/c/Users/pawel/AppData/Local/tyra-editor/toolchain/ps2dev  -Iinc -I/home/spider/.cache/tyrax/native/toolchains/eff2c8918589264d49aa9a0f/ps2sdk/ee/include -I/home/spider/.cache/tyrax/native/toolchains/eff2c8918589264d49aa9a0f/ps2sdk/common/include -I/home/spider/.cache/tyrax/native/toolchains/eff2c8918589264d49aa9a0f/ps2sdk/ports/include -MMD -MP -MF obj/renderer/3d/pipeline/dynamic/core/bag/dynpip_bag.d -c -o obj/renderer/3d/pipeline/dynamic/core/bag/dynpip_bag.o src/renderer/3d/pipeline/dynamic/core/bag/dynpip_bag.cpp
09:21:48 mips64r5900el-ps2-elf-g++ -D_EE -G0 -Wall -O3 -fdebug-prefix-map=/home/spider/.cache/tyrax/native/projects/38962b915a740e66bc478016=/mnt/f/Projects/tyrax2-lab-20261001/player-light-public-runtime-v1/fixtures/vehicle-players -fdebug-prefix-map=/home/spider/.cache/tyrax/native/engines/402d636fe32cfedbc6d29f7f/tyra/engine=/mnt/f/Projects/tyra-editor/vendor/tyra/engine -fdebug-prefix-map=/home/spider/.cache/tyrax/native/toolchains/eff2c8918589264d49aa9a0f=/mnt/c/Users/pawel/AppData/Local/tyra-editor/toolchain/ps2dev  -Iinc -I/home/spider/.cache/tyrax/native/toolchains/eff2c8918589264d49aa9a0f/ps2sdk/ee/include -I/home/spider/.cache/tyrax/native/toolchains/eff2c8918589264d49aa9a0f/ps2sdk/common/include -I/home/spider/.cache/tyrax/native/toolchains/eff2c8918589264d49aa9a0f/ps2sdk/ports/include -MMD -MP -MF obj/renderer/3d/pipeline/dynamic/core/bag/dynpip_texture_bag.d -c -o obj/renderer/3d/pipeline/dynamic/core/bag/dynpip_texture_bag.o src/renderer/3d/pipeline/dynamic/core/bag/dynpip_texture_bag.cpp
09:21:48 mips64r5900el-ps2-elf-g++ -D_EE -G0 -Wall -O3 -fdebug-prefix-map=/home/spider/.cache/tyrax/native/projects/38962b915a740e66bc478016=/mnt/f/Projects/tyrax2-lab-20261001/player-light-public-runtime-v1/fixtures/vehicle-players -fdebug-prefix-map=/home/spider/.cache/tyrax/native/engines/402d636fe32cfedbc6d29f7f/tyra/engine=/mnt/f/Projects/tyra-editor/vendor/tyra/engine -fdebug-prefix-map=/home/spider/.cache/tyrax/native/toolchains/eff2c8918589264d49aa9a0f=/mnt/c/Users/pawel/AppData/Local/tyra-editor/toolchain/ps2dev  -Iinc -I/home/spider/.cache/tyrax/native/toolchains/eff2c8918589264d49aa9a0f/ps2sdk/ee/include -I/home/spider/.cache/tyrax/native/toolchains/eff2c8918589264d49aa9a0f/ps2sdk/common/include -I/home/spider/.cache/tyrax/native/toolchains/eff2c8918589264d49aa9a0f/ps2sdk/ports/include -MMD -MP -MF obj/renderer/3d/pipeline/dynamic/core/dynpip_core.d -c -o obj/renderer/3d/pipeline/dynamic/core/dynpip_core.o src/renderer/3d/pipeline/dynamic/core/dynpip_core.cpp
09:21:48 mips64r5900el-ps2-elf-g++ -D_EE -G0 -Wall -O3 -fdebug-prefix-map=/home/spider/.cache/tyrax/native/projects/38962b915a740e66bc478016=/mnt/f/Projects/tyrax2-lab-20261001/player-light-public-runtime-v1/fixtures/vehicle-players -fdebug-prefix-map=/home/spider/.cache/tyrax/native/engines/402d636fe32cfedbc6d29f7f/tyra/engine=/mnt/f/Projects/tyra-editor/vendor/tyra/engine -fdebug-prefix-map=/home/spider/.cache/tyrax/native/toolchains/eff2c8918589264d49aa9a0f=/mnt/c/Users/pawel/AppData/Local/tyra-editor/toolchain/ps2dev  -Iinc -I/home/spider/.cache/tyrax/native/toolchains/eff2c8918589264d49aa9a0f/ps2sdk/ee/include -I/home/spider/.cache/tyrax/native/toolchains/eff2c8918589264d49aa9a0f/ps2sdk/common/include -I/home/spider/.cache/tyrax/native/toolchains/eff2c8918589264d49aa9a0f/ps2sdk/ports/include -MMD -MP -MF obj/renderer/3d/pipeline/dynamic/core/dynpip_programs_repository.d -c -o obj/renderer/3d/pipeline/dynamic/core/dynpip_programs_repository.o src/renderer/3d/pipeline/dynamic/core/dynpip_programs_repository.cpp
09:21:48 mips64r5900el-ps2-elf-g++ -D_EE -G0 -Wall -O3 -fdebug-prefix-map=/home/spider/.cache/tyrax/native/projects/38962b915a740e66bc478016=/mnt/f/Projects/tyrax2-lab-20261001/player-light-public-runtime-v1/fixtures/vehicle-players -fdebug-prefix-map=/home/spider/.cache/tyrax/native/engines/402d636fe32cfedbc6d29f7f/tyra/engine=/mnt/f/Projects/tyra-editor/vendor/tyra/engine -fdebug-prefix-map=/home/spider/.cache/tyrax/native/toolchains/eff2c8918589264d49aa9a0f=/mnt/c/Users/pawel/AppData/Local/tyra-editor/toolchain/ps2dev  -Iinc -I/home/spider/.cache/tyrax/native/toolchains/eff2c8918589264d49aa9a0f/ps2sdk/ee/include -I/home/spider/.cache/tyrax/native/toolchains/eff2c8918589264d49aa9a0f/ps2sdk/common/include -I/home/spider/.cache/tyrax/native/toolchains/eff2c8918589264d49aa9a0f/ps2sdk/ports/include -MMD -MP -MF obj/renderer/3d/pipeline/dynamic/core/dynpip_renderer.d -c -o obj/renderer/3d/pipeline/dynamic/core/dynpip_renderer.o src/renderer/3d/pipeline/dynamic/core/dynpip_renderer.cpp
09:21:48 mips64r5900el-ps2-elf-g++ -D_EE -G0 -Wall -O3 -fdebug-prefix-map=/home/spider/.cache/tyrax/native/projects/38962b915a740e66bc478016=/mnt/f/Projects/tyrax2-lab-20261001/player-light-public-runtime-v1/fixtures/vehicle-players -fdebug-prefix-map=/home/spider/.cache/tyrax/native/engines/402d636fe32cfedbc6d29f7f/tyra/engine=/mnt/f/Projects/tyra-editor/vendor/tyra/engine -fdebug-prefix-map=/home/spider/.cache/tyrax/native/toolchains/eff2c8918589264d49aa9a0f=/mnt/c/Users/pawel/AppData/Local/tyra-editor/toolchain/ps2dev  -Iinc -I/home/spider/.cache/tyrax/native/toolchains/eff2c8918589264d49aa9a0f/ps2sdk/ee/include -I/home/spider/.cache/tyrax/native/toolchains/eff2c8918589264d49aa9a0f/ps2sdk/common/include -I/home/spider/.cache/tyrax/native/toolchains/eff2c8918589264d49aa9a0f/ps2sdk/ports/include -MMD -MP -MF obj/renderer/3d/pipeline/dynamic/core/dynpip_vu1_program.d -c -o obj/renderer/3d/pipeline/dynamic/core/dynpip_vu1_program.o src/renderer/3d/pipeline/dynamic/core/dynpip_vu1_program.cpp
09:21:48 mips64r5900el-ps2-elf-g++ -D_EE -G0 -Wall -O3 -fdebug-prefix-map=/home/spider/.cache/tyrax/native/projects/38962b915a740e66bc478016=/mnt/f/Projects/tyrax2-lab-20261001/player-light-public-runtime-v1/fixtures/vehicle-players -fdebug-prefix-map=/home/spider/.cache/tyrax/native/engines/402d636fe32cfedbc6d29f7f/tyra/engine=/mnt/f/Projects/tyra-editor/vendor/tyra/engine -fdebug-prefix-map=/home/spider/.cache/tyrax/native/toolchains/eff2c8918589264d49aa9a0f=/mnt/c/Users/pawel/AppData/Local/tyra-editor/toolchain/ps2dev  -Iinc -I/home/spider/.cache/tyrax/native/toolchains/eff2c8918589264d49aa9a0f/ps2sdk/ee/include -I/home/spider/.cache/tyrax/native/toolchains/eff2c8918589264d49aa9a0f/ps2sdk/common/include -I/home/spider/.cache/tyrax/native/toolchains/eff2c8918589264d49aa9a0f/ps2sdk/ports/include -MMD -MP -MF obj/renderer/3d/pipeline/dynamic/core/programs/dynpip_c_vu1_program.d -c -o obj/renderer/3d/pipeline/dynamic/core/programs/dynpip_c_vu1_program.o src/renderer/3d/pipeline/dynamic/core/programs/dynpip_c_vu1_program.cpp
09:21:48 mips64r5900el-ps2-elf-g++ -D_EE -G0 -Wall -O3 -fdebug-prefix-map=/home/spider/.cache/tyrax/native/projects/38962b915a740e66bc478016=/mnt/f/Projects/tyrax2-lab-20261001/player-light-public-runtime-v1/fixtures/vehicle-players -fdebug-prefix-map=/home/spider/.cache/tyrax/native/engines/402d636fe32cfedbc6d29f7f/tyra/engine=/mnt/f/Projects/tyra-editor/vendor/tyra/engine -fdebug-prefix-map=/home/spider/.cache/tyrax/native/toolchains/eff2c8918589264d49aa9a0f=/mnt/c/Users/pawel/AppData/Local/tyra-editor/toolchain/ps2dev  -Iinc -I/home/spider/.cache/tyrax/native/toolchains/eff2c8918589264d49aa9a0f/ps2sdk/ee/include -I/home/spider/.cache/tyrax/native/toolchains/eff2c8918589264d49aa9a0f/ps2sdk/common/include -I/home/spider/.cache/tyrax/native/toolchains/eff2c8918589264d49aa9a0f/ps2sdk/ports/include -MMD -MP -MF obj/renderer/3d/pipeline/dynamic/core/programs/dynpip_d_vu1_program.d -c -o obj/renderer/3d/pipeline/dynamic/core/programs/dynpip_d_vu1_program.o src/renderer/3d/pipeline/dynamic/core/programs/dynpip_d_vu1_program.cpp
09:21:48 mips64r5900el-ps2-elf-g++ -D_EE -G0 -Wall -O3 -fdebug-prefix-map=/home/spider/.cache/tyrax/native/projects/38962b915a740e66bc478016=/mnt/f/Projects/tyrax2-lab-20261001/player-light-public-runtime-v1/fixtures/vehicle-players -fdebug-prefix-map=/home/spider/.cache/tyrax/native/engines/402d636fe32cfedbc6d29f7f/tyra/engine=/mnt/f/Projects/tyra-editor/vendor/tyra/engine -fdebug-prefix-map=/home/spider/.cache/tyrax/native/toolchains/eff2c8918589264d49aa9a0f=/mnt/c/Users/pawel/AppData/Local/tyra-editor/toolchain/ps2dev  -Iinc -I/home/spider/.cache/tyrax/native/toolchains/eff2c8918589264d49aa9a0f/ps2sdk/ee/include -I/home/spider/.cache/tyrax/native/toolchains/eff2c8918589264d49aa9a0f/ps2sdk/common/include -I/home/spider/.cache/tyrax/native/toolchains/eff2c8918589264d49aa9a0f/ps2sdk/ports/include -MMD -MP -MF obj/renderer/3d/pipeline/dynamic/core/programs/dynpip_tc_vu1_program.d -c -o obj/renderer/3d/pipeline/dynamic/core/programs/dynpip_tc_vu1_program.o src/renderer/3d/pipeline/dynamic/core/programs/dynpip_tc_vu1_program.cpp
09:21:48 mips64r5900el-ps2-elf-g++ -D_EE -G0 -Wall -O3 -fdebug-prefix-map=/home/spider/.cache/tyrax/native/projects/38962b915a740e66bc478016=/mnt/f/Projects/tyrax2-lab-20261001/player-light-public-runtime-v1/fixtures/vehicle-players -fdebug-prefix-map=/home/spider/.cache/tyrax/native/engines/402d636fe32cfedbc6d29f7f/tyra/engine=/mnt/f/Projects/tyra-editor/vendor/tyra/engine -fdebug-prefix-map=/home/spider/.cache/tyrax/native/toolchains/eff2c8918589264d49aa9a0f=/mnt/c/Users/pawel/AppData/Local/tyra-editor/toolchain/ps2dev  -Iinc -I/home/spider/.cache/tyrax/native/toolchains/eff2c8918589264d49aa9a0f/ps2sdk/ee/include -I/home/spider/.cache/tyrax/native/toolchains/eff2c8918589264d49aa9a0f/ps2sdk/common/include -I/home/spider/.cache/tyrax/native/toolchains/eff2c8918589264d49aa9a0f/ps2sdk/ports/include -MMD -MP -MF obj/renderer/3d/pipeline/dynamic/core/programs/dynpip_td_vu1_program.d -c -o obj/renderer/3d/pipeline/dynamic/core/programs/dynpip_td_vu1_program.o src/renderer/3d/pipeline/dynamic/core/programs/dynpip_td_vu1_program.cpp
09:21:48 mips64r5900el-ps2-elf-g++ -D_EE -G0 -Wall -O3 -fdebug-prefix-map=/home/spider/.cache/tyrax/native/projects/38962b915a740e66bc478016=/mnt/f/Projects/tyrax2-lab-20261001/player-light-public-runtime-v1/fixtures/vehicle-players -fdebug-prefix-map=/home/spider/.cache/tyrax/native/engines/402d636fe32cfedbc6d29f7f/tyra/engine=/mnt/f/Projects/tyra-editor/vendor/tyra/engine -fdebug-prefix-map=/home/spider/.cache/tyrax/native/toolchains/eff2c8918589264d49aa9a0f=/mnt/c/Users/pawel/AppData/Local/tyra-editor/toolchain/ps2dev  -Iinc -I/home/spider/.cache/tyrax/native/toolchains/eff2c8918589264d49aa9a0f/ps2sdk/ee/include -I/home/spider/.cache/tyrax/native/toolchains/eff2c8918589264d49aa9a0f/ps2sdk/common/include -I/home/spider/.cache/tyrax/native/toolchains/eff2c8918589264d49aa9a0f/ps2sdk/ports/include -MMD -MP -MF obj/renderer/3d/pipeline/dynamic/dynamic_pipeline.d -c -o obj/renderer/3d/pipeline/dynamic/dynamic_pipeline.o src/renderer/3d/pipeline/dynamic/dynamic_pipeline.cpp
09:21:48 mips64r5900el-ps2-elf-g++ -D_EE -G0 -Wall -O3 -fdebug-prefix-map=/home/spider/.cache/tyrax/native/projects/38962b915a740e66bc478016=/mnt/f/Projects/tyrax2-lab-20261001/player-light-public-runtime-v1/fixtures/vehicle-players -fdebug-prefix-map=/home/spider/.cache/tyrax/native/engines/402d636fe32cfedbc6d29f7f/tyra/engine=/mnt/f/Projects/tyra-editor/vendor/tyra/engine -fdebug-prefix-map=/home/spider/.cache/tyrax/native/toolchains/eff2c8918589264d49aa9a0f=/mnt/c/Users/pawel/AppData/Local/tyra-editor/toolchain/ps2dev  -Iinc -I/home/spider/.cache/tyrax/native/toolchains/eff2c8918589264d49aa9a0f/ps2sdk/ee/include -I/home/spider/.cache/tyrax/native/toolchains/eff2c8918589264d49aa9a0f/ps2sdk/common/include -I/home/spider/.cache/tyrax/native/toolchains/eff2c8918589264d49aa9a0f/ps2sdk/ports/include -MMD -MP -MF obj/renderer/3d/pipeline/minecraft/minecraft_pipeline.d -c -o obj/renderer/3d/pipeline/minecraft/minecraft_pipeline.o src/renderer/3d/pipeline/minecraft/minecraft_pipeline.cpp
09:21:48 mips64r5900el-ps2-elf-g++ -D_EE -G0 -Wall -O3 -fdebug-prefix-map=/home/spider/.cache/tyrax/native/projects/38962b915a740e66bc478016=/mnt/f/Projects/tyrax2-lab-20261001/player-light-public-runtime-v1/fixtures/vehicle-players -fdebug-prefix-map=/home/spider/.cache/tyrax/native/engines/402d636fe32cfedbc6d29f7f/tyra/engine=/mnt/f/Projects/tyra-editor/vendor/tyra/engine -fdebug-prefix-map=/home/spider/.cache/tyrax/native/toolchains/eff2c8918589264d49aa9a0f=/mnt/c/Users/pawel/AppData/Local/tyra-editor/toolchain/ps2dev  -Iinc -I/home/spider/.cache/tyrax/native/toolchains/eff2c8918589264d49aa9a0f/ps2sdk/ee/include -I/home/spider/.cache/tyrax/native/toolchains/eff2c8918589264d49aa9a0f/ps2sdk/common/include -I/home/spider/.cache/tyrax/native/toolchains/eff2c8918589264d49aa9a0f/ps2sdk/ports/include -MMD -MP -MF obj/renderer/3d/pipeline/minecraft/programs/as_is/mcpip_clip.d -c -o obj/renderer/3d/pipeline/minecraft/programs/as_is/mcpip_clip.o src/renderer/3d/pipeline/minecraft/programs/as_is/mcpip_clip.cpp
09:21:48 mips64r5900el-ps2-elf-g++ -D_EE -G0 -Wall -O3 -fdebug-prefix-map=/home/spider/.cache/tyrax/native/projects/38962b915a740e66bc478016=/mnt/f/Projects/tyrax2-lab-20261001/player-light-public-runtime-v1/fixtures/vehicle-players -fdebug-prefix-map=/home/spider/.cache/tyrax/native/engines/402d636fe32cfedbc6d29f7f/tyra/engine=/mnt/f/Projects/tyra-editor/vendor/tyra/engine -fdebug-prefix-map=/home/spider/.cache/tyrax/native/toolchains/eff2c8918589264d49aa9a0f=/mnt/c/Users/pawel/AppData/Local/tyra-editor/toolchain/ps2dev  -Iinc -I/home/spider/.cache/tyrax/native/toolchains/eff2c8918589264d49aa9a0f/ps2sdk/ee/include -I/home/spider/.cache/tyrax/native/toolchains/eff2c8918589264d49aa9a0f/ps2sdk/common/include -I/home/spider/.cache/tyrax/native/toolchains/eff2c8918589264d49aa9a0f/ps2sdk/ports/include -MMD -MP -MF obj/renderer/3d/pipeline/minecraft/programs/cull/mcpip_cull.d -c -o obj/renderer/3d/pipeline/minecraft/programs/cull/mcpip_cull.o src/renderer/3d/pipeline/minecraft/programs/cull/mcpip_cull.cpp
09:21:48 mips64r5900el-ps2-elf-g++ -D_EE -G0 -Wall -O3 -fdebug-prefix-map=/home/spider/.cache/tyrax/native/projects/38962b915a740e66bc478016=/mnt/f/Projects/tyrax2-lab-20261001/player-light-public-runtime-v1/fixtures/vehicle-players -fdebug-prefix-map=/home/spider/.cache/tyrax/native/engines/402d636fe32cfedbc6d29f7f/tyra/engine=/mnt/f/Projects/tyra-editor/vendor/tyra/engine -fdebug-prefix-map=/home/spider/.cache/tyrax/native/toolchains/eff2c8918589264d49aa9a0f=/mnt/c/Users/pawel/AppData/Local/tyra-editor/toolchain/ps2dev  -Iinc -I/home/spider/.cache/tyrax/native/toolchains/eff2c8918589264d49aa9a0f/ps2sdk/ee/include -I/home/spider/.cache/tyrax/native/toolchains/eff2c8918589264d49aa9a0f/ps2sdk/common/include -I/home/spider/.cache/tyrax/native/toolchains/eff2c8918589264d49aa9a0f/ps2sdk/ports/include -MMD -MP -MF obj/renderer/3d/pipeline/minecraft/programs/mcpip_programs_manager.d -c -o obj/renderer/3d/pipeline/minecraft/programs/mcpip_programs_manager.o src/renderer/3d/pipeline/minecraft/programs/mcpip_programs_manager.cpp
09:21:48 mips64r5900el-ps2-elf-g++ -D_EE -G0 -Wall -O3 -fdebug-prefix-map=/home/spider/.cache/tyrax/native/projects/38962b915a740e66bc478016=/mnt/f/Projects/tyrax2-lab-20261001/player-light-public-runtime-v1/fixtures/vehicle-players -fdebug-prefix-map=/home/spider/.cache/tyrax/native/engines/402d636fe32cfedbc6d29f7f/tyra/engine=/mnt/f/Projects/tyra-editor/vendor/tyra/engine -fdebug-prefix-map=/home/spider/.cache/tyrax/native/toolchains/eff2c8918589264d49aa9a0f=/mnt/c/Users/pawel/AppData/Local/tyra-editor/toolchain/ps2dev  -Iinc -I/home/spider/.cache/tyrax/native/toolchains/eff2c8918589264d49aa9a0f/ps2sdk/ee/include -I/home/spider/.cache/tyrax/native/toolchains/eff2c8918589264d49aa9a0f/ps2sdk/common/include -I/home/spider/.cache/tyrax/native/toolchains/eff2c8918589264d49aa9a0f/ps2sdk/ports/include -MMD -MP -MF obj/renderer/3d/pipeline/static/core/bag/packaging/stapip_bag_package.d -c -o obj/renderer/3d/pipeline/static/core/bag/packaging/stapip_bag_package.o src/renderer/3d/pipeline/static/core/bag/packaging/stapip_bag_package.cpp
09:21:50 mips64r5900el-ps2-elf-g++ -D_EE -G0 -Wall -O3 -fdebug-prefix-map=/home/spider/.cache/tyrax/native/projects/38962b915a740e66bc478016=/mnt/f/Projects/tyrax2-lab-20261001/player-light-public-runtime-v1/fixtures/vehicle-players -fdebug-prefix-map=/home/spider/.cache/tyrax/native/engines/402d636fe32cfedbc6d29f7f/tyra/engine=/mnt/f/Projects/tyra-editor/vendor/tyra/engine -fdebug-prefix-map=/home/spider/.cache/tyrax/native/toolchains/eff2c8918589264d49aa9a0f=/mnt/c/Users/pawel/AppData/Local/tyra-editor/toolchain/ps2dev  -Iinc -I/home/spider/.cache/tyrax/native/toolchains/eff2c8918589264d49aa9a0f/ps2sdk/ee/include -I/home/spider/.cache/tyrax/native/toolchains/eff2c8918589264d49aa9a0f/ps2sdk/common/include -I/home/spider/.cache/tyrax/native/toolchains/eff2c8918589264d49aa9a0f/ps2sdk/ports/include -MMD -MP -MF obj/renderer/3d/pipeline/static/core/bag/packaging/stapip_bag_packager.d -c -o obj/renderer/3d/pipeline/static/core/bag/packaging/stapip_bag_packager.o src/renderer/3d/pipeline/static/core/bag/packaging/stapip_bag_packager.cpp
09:21:50 mips64r5900el-ps2-elf-g++ -D_EE -G0 -Wall -O3 -fdebug-prefix-map=/home/spider/.cache/tyrax/native/projects/38962b915a740e66bc478016=/mnt/f/Projects/tyrax2-lab-20261001/player-light-public-runtime-v1/fixtures/vehicle-players -fdebug-prefix-map=/home/spider/.cache/tyrax/native/engines/402d636fe32cfedbc6d29f7f/tyra/engine=/mnt/f/Projects/tyra-editor/vendor/tyra/engine -fdebug-prefix-map=/home/spider/.cache/tyrax/native/toolchains/eff2c8918589264d49aa9a0f=/mnt/c/Users/pawel/AppData/Local/tyra-editor/toolchain/ps2dev  -Iinc -I/home/spider/.cache/tyrax/native/toolchains/eff2c8918589264d49aa9a0f/ps2sdk/ee/include -I/home/spider/.cache/tyrax/native/toolchains/eff2c8918589264d49aa9a0f/ps2sdk/common/include -I/home/spider/.cache/tyrax/native/toolchains/eff2c8918589264d49aa9a0f/ps2sdk/ports/include -MMD -MP -MF obj/renderer/3d/pipeline/static/core/bag/stapip_bag.d -c -o obj/renderer/3d/pipeline/static/core/bag/stapip_bag.o src/renderer/3d/pipeline/static/core/bag/stapip_bag.cpp
09:21:50 mips64r5900el-ps2-elf-g++ -D_EE -G0 -Wall -O3 -fdebug-prefix-map=/home/spider/.cache/tyrax/native/projects/38962b915a740e66bc478016=/mnt/f/Projects/tyrax2-lab-20261001/player-light-public-runtime-v1/fixtures/vehicle-players -fdebug-prefix-map=/home/spider/.cache/tyrax/native/engines/402d636fe32cfedbc6d29f7f/tyra/engine=/mnt/f/Projects/tyra-editor/vendor/tyra/engine -fdebug-prefix-map=/home/spider/.cache/tyrax/native/toolchains/eff2c8918589264d49aa9a0f=/mnt/c/Users/pawel/AppData/Local/tyra-editor/toolchain/ps2dev  -Iinc -I/home/spider/.cache/tyrax/native/toolchains/eff2c8918589264d49aa9a0f/ps2sdk/ee/include -I/home/spider/.cache/tyrax/native/toolchains/eff2c8918589264d49aa9a0f/ps2sdk/common/include -I/home/spider/.cache/tyrax/native/toolchains/eff2c8918589264d49aa9a0f/ps2sdk/ports/include -MMD -MP -MF obj/renderer/3d/pipeline/static/core/bag/stapip_texture_bag.d -c -o obj/renderer/3d/pipeline/static/core/bag/stapip_texture_bag.o src/renderer/3d/pipeline/static/core/bag/stapip_texture_bag.cpp
09:21:50 mips64r5900el-ps2-elf-g++ -D_EE -G0 -Wall -O3 -fdebug-prefix-map=/home/spider/.cache/tyrax/native/projects/38962b915a740e66bc478016=/mnt/f/Projects/tyrax2-lab-20261001/player-light-public-runtime-v1/fixtures/vehicle-players -fdebug-prefix-map=/home/spider/.cache/tyrax/native/engines/402d636fe32cfedbc6d29f7f/tyra/engine=/mnt/f/Projects/tyra-editor/vendor/tyra/engine -fdebug-prefix-map=/home/spider/.cache/tyrax/native/toolchains/eff2c8918589264d49aa9a0f=/mnt/c/Users/pawel/AppData/Local/tyra-editor/toolchain/ps2dev  -Iinc -I/home/spider/.cache/tyrax/native/toolchains/eff2c8918589264d49aa9a0f/ps2sdk/ee/include -I/home/spider/.cache/tyrax/native/toolchains/eff2c8918589264d49aa9a0f/ps2sdk/common/include -I/home/spider/.cache/tyrax/native/toolchains/eff2c8918589264d49aa9a0f/ps2sdk/ports/include -MMD -MP -MF obj/renderer/3d/pipeline/static/core/programs/as_is/stapip_as_is_c_vu1_program.d -c -o obj/renderer/3d/pipeline/static/core/programs/as_is/stapip_as_is_c_vu1_program.o src/renderer/3d/pipeline/static/core/programs/as_is/stapip_as_is_c_vu1_program.cpp
09:21:50 mips64r5900el-ps2-elf-g++ -D_EE -G0 -Wall -O3 -fdebug-prefix-map=/home/spider/.cache/tyrax/native/projects/38962b915a740e66bc478016=/mnt/f/Projects/tyrax2-lab-20261001/player-light-public-runtime-v1/fixtures/vehicle-players -fdebug-prefix-map=/home/spider/.cache/tyrax/native/engines/402d636fe32cfedbc6d29f7f/tyra/engine=/mnt/f/Projects/tyra-editor/vendor/tyra/engine -fdebug-prefix-map=/home/spider/.cache/tyrax/native/toolchains/eff2c8918589264d49aa9a0f=/mnt/c/Users/pawel/AppData/Local/tyra-editor/toolchain/ps2dev  -Iinc -I/home/spider/.cache/tyrax/native/toolchains/eff2c8918589264d49aa9a0f/ps2sdk/ee/include -I/home/spider/.cache/tyrax/native/toolchains/eff2c8918589264d49aa9a0f/ps2sdk/common/include -I/home/spider/.cache/tyrax/native/toolchains/eff2c8918589264d49aa9a0f/ps2sdk/ports/include -MMD -MP -MF obj/renderer/3d/pipeline/static/core/programs/as_is/stapip_as_is_d_vu1_program.d -c -o obj/renderer/3d/pipeline/static/core/programs/as_is/stapip_as_is_d_vu1_program.o src/renderer/3d/pipeline/static/core/programs/as_is/stapip_as_is_d_vu1_program.cpp
09:21:50 mips64r5900el-ps2-elf-g++ -D_EE -G0 -Wall -O3 -fdebug-prefix-map=/home/spider/.cache/tyrax/native/projects/38962b915a740e66bc478016=/mnt/f/Projects/tyrax2-lab-20261001/player-light-public-runtime-v1/fixtures/vehicle-players -fdebug-prefix-map=/home/spider/.cache/tyrax/native/engines/402d636fe32cfedbc6d29f7f/tyra/engine=/mnt/f/Projects/tyra-editor/vendor/tyra/engine -fdebug-prefix-map=/home/spider/.cache/tyrax/native/toolchains/eff2c8918589264d49aa9a0f=/mnt/c/Users/pawel/AppData/Local/tyra-editor/toolchain/ps2dev  -Iinc -I/home/spider/.cache/tyrax/native/toolchains/eff2c8918589264d49aa9a0f/ps2sdk/ee/include -I/home/spider/.cache/tyrax/native/toolchains/eff2c8918589264d49aa9a0f/ps2sdk/common/include -I/home/spider/.cache/tyrax/native/toolchains/eff2c8918589264d49aa9a0f/ps2sdk/ports/include -MMD -MP -MF obj/renderer/3d/pipeline/static/core/programs/as_is/stapip_as_is_tc_vu1_program.d -c -o obj/renderer/3d/pipeline/static/core/programs/as_is/stapip_as_is_tc_vu1_program.o src/renderer/3d/pipeline/static/core/programs/as_is/stapip_as_is_tc_vu1_program.cpp
09:21:50 mips64r5900el-ps2-elf-g++ -D_EE -G0 -Wall -O3 -fdebug-prefix-map=/home/spider/.cache/tyrax/native/projects/38962b915a740e66bc478016=/mnt/f/Projects/tyrax2-lab-20261001/player-light-public-runtime-v1/fixtures/vehicle-players -fdebug-prefix-map=/home/spider/.cache/tyrax/native/engines/402d636fe32cfedbc6d29f7f/tyra/engine=/mnt/f/Projects/tyra-editor/vendor/tyra/engine -fdebug-prefix-map=/home/spider/.cache/tyrax/native/toolchains/eff2c8918589264d49aa9a0f=/mnt/c/Users/pawel/AppData/Local/tyra-editor/toolchain/ps2dev  -Iinc -I/home/spider/.cache/tyrax/native/toolchains/eff2c8918589264d49aa9a0f/ps2sdk/ee/include -I/home/spider/.cache/tyrax/native/toolchains/eff2c8918589264d49aa9a0f/ps2sdk/common/include -I/home/spider/.cache/tyrax/native/toolchains/eff2c8918589264d49aa9a0f/ps2sdk/ports/include -MMD -MP -MF obj/renderer/3d/pipeline/static/core/programs/as_is/stapip_as_is_tce_vu1_program.d -c -o obj/renderer/3d/pipeline/static/core/programs/as_is/stapip_as_is_tce_vu1_program.o src/renderer/3d/pipeline/static/core/programs/as_is/stapip_as_is_tce_vu1_program.cpp
09:21:50 mips64r5900el-ps2-elf-g++ -D_EE -G0 -Wall -O3 -fdebug-prefix-map=/home/spider/.cache/tyrax/native/projects/38962b915a740e66bc478016=/mnt/f/Projects/tyrax2-lab-20261001/player-light-public-runtime-v1/fixtures/vehicle-players -fdebug-prefix-map=/home/spider/.cache/tyrax/native/engines/402d636fe32cfedbc6d29f7f/tyra/engine=/mnt/f/Projects/tyra-editor/vendor/tyra/engine -fdebug-prefix-map=/home/spider/.cache/tyrax/native/toolchains/eff2c8918589264d49aa9a0f=/mnt/c/Users/pawel/AppData/Local/tyra-editor/toolchain/ps2dev  -Iinc -I/home/spider/.cache/tyrax/native/toolchains/eff2c8918589264d49aa9a0f/ps2sdk/ee/include -I/home/spider/.cache/tyrax/native/toolchains/eff2c8918589264d49aa9a0f/ps2sdk/common/include -I/home/spider/.cache/tyrax/native/toolchains/eff2c8918589264d49aa9a0f/ps2sdk/ports/include -MMD -MP -MF obj/renderer/3d/pipeline/static/core/programs/as_is/stapip_as_is_td_vu1_program.d -c -o obj/renderer/3d/pipeline/static/core/programs/as_is/stapip_as_is_td_vu1_program.o src/renderer/3d/pipeline/static/core/programs/as_is/stapip_as_is_td_vu1_program.cpp
09:21:50 mips64r5900el-ps2-elf-g++ -D_EE -G0 -Wall -O3 -fdebug-prefix-map=/home/spider/.cache/tyrax/native/projects/38962b915a740e66bc478016=/mnt/f/Projects/tyrax2-lab-20261001/player-light-public-runtime-v1/fixtures/vehicle-players -fdebug-prefix-map=/home/spider/.cache/tyrax/native/engines/402d636fe32cfedbc6d29f7f/tyra/engine=/mnt/f/Projects/tyra-editor/vendor/tyra/engine -fdebug-prefix-map=/home/spider/.cache/tyrax/native/toolchains/eff2c8918589264d49aa9a0f=/mnt/c/Users/pawel/AppData/Local/tyra-editor/toolchain/ps2dev  -Iinc -I/home/spider/.cache/tyrax/native/toolchains/eff2c8918589264d49aa9a0f/ps2sdk/ee/include -I/home/spider/.cache/tyrax/native/toolchains/eff2c8918589264d49aa9a0f/ps2sdk/common/include -I/home/spider/.cache/tyrax/native/toolchains/eff2c8918589264d49aa9a0f/ps2sdk/ports/include -MMD -MP -MF obj/renderer/3d/pipeline/static/core/programs/billboard/stapip_billboard_c_vu1_program.d -c -o obj/renderer/3d/pipeline/static/core/programs/billboard/stapip_billboard_c_vu1_program.o src/renderer/3d/pipeline/static/core/programs/billboard/stapip_billboard_c_vu1_program.cpp
09:21:50 mips64r5900el-ps2-elf-g++ -D_EE -G0 -Wall -O3 -fdebug-prefix-map=/home/spider/.cache/tyrax/native/projects/38962b915a740e66bc478016=/mnt/f/Projects/tyrax2-lab-20261001/player-light-public-runtime-v1/fixtures/vehicle-players -fdebug-prefix-map=/home/spider/.cache/tyrax/native/engines/402d636fe32cfedbc6d29f7f/tyra/engine=/mnt/f/Projects/tyra-editor/vendor/tyra/engine -fdebug-prefix-map=/home/spider/.cache/tyrax/native/toolchains/eff2c8918589264d49aa9a0f=/mnt/c/Users/pawel/AppData/Local/tyra-editor/toolchain/ps2dev  -Iinc -I/home/spider/.cache/tyrax/native/toolchains/eff2c8918589264d49aa9a0f/ps2sdk/ee/include -I/home/spider/.cache/tyrax/native/toolchains/eff2c8918589264d49aa9a0f/ps2sdk/common/include -I/home/spider/.cache/tyrax/native/toolchains/eff2c8918589264d49aa9a0f/ps2sdk/ports/include -MMD -MP -MF obj/renderer/3d/pipeline/static/core/programs/billboard/stapip_billboard_t_vu1_program.d -c -o obj/renderer/3d/pipeline/static/core/programs/billboard/stapip_billboard_t_vu1_program.o src/renderer/3d/pipeline/static/core/programs/billboard/stapip_billboard_t_vu1_program.cpp
09:21:50 mips64r5900el-ps2-elf-g++ -D_EE -G0 -Wall -O3 -fdebug-prefix-map=/home/spider/.cache/tyrax/native/projects/38962b915a740e66bc478016=/mnt/f/Projects/tyrax2-lab-20261001/player-light-public-runtime-v1/fixtures/vehicle-players -fdebug-prefix-map=/home/spider/.cache/tyrax/native/engines/402d636fe32cfedbc6d29f7f/tyra/engine=/mnt/f/Projects/tyra-editor/vendor/tyra/engine -fdebug-prefix-map=/home/spider/.cache/tyrax/native/toolchains/eff2c8918589264d49aa9a0f=/mnt/c/Users/pawel/AppData/Local/tyra-editor/toolchain/ps2dev  -Iinc -I/home/spider/.cache/tyrax/native/toolchains/eff2c8918589264d49aa9a0f/ps2sdk/ee/include -I/home/spider/.cache/tyrax/native/toolchains/eff2c8918589264d49aa9a0f/ps2sdk/common/include -I/home/spider/.cache/tyrax/native/toolchains/eff2c8918589264d49aa9a0f/ps2sdk/ports/include -MMD -MP -MF obj/renderer/3d/pipeline/static/core/programs/clip/stapip_clip_c_vu1_program.d -c -o obj/renderer/3d/pipeline/static/core/programs/clip/stapip_clip_c_vu1_program.o src/renderer/3d/pipeline/static/core/programs/clip/stapip_clip_c_vu1_program.cpp
09:21:50 mips64r5900el-ps2-elf-g++ -D_EE -G0 -Wall -O3 -fdebug-prefix-map=/home/spider/.cache/tyrax/native/projects/38962b915a740e66bc478016=/mnt/f/Projects/tyrax2-lab-20261001/player-light-public-runtime-v1/fixtures/vehicle-players -fdebug-prefix-map=/home/spider/.cache/tyrax/native/engines/402d636fe32cfedbc6d29f7f/tyra/engine=/mnt/f/Projects/tyra-editor/vendor/tyra/engine -fdebug-prefix-map=/home/spider/.cache/tyrax/native/toolchains/eff2c8918589264d49aa9a0f=/mnt/c/Users/pawel/AppData/Local/tyra-editor/toolchain/ps2dev  -Iinc -I/home/spider/.cache/tyrax/native/toolchains/eff2c8918589264d49aa9a0f/ps2sdk/ee/include -I/home/spider/.cache/tyrax/native/toolchains/eff2c8918589264d49aa9a0f/ps2sdk/common/include -I/home/spider/.cache/tyrax/native/toolchains/eff2c8918589264d49aa9a0f/ps2sdk/ports/include -MMD -MP -MF obj/renderer/3d/pipeline/static/core/programs/clip/stapip_clip_d_vu1_program.d -c -o obj/renderer/3d/pipeline/static/core/programs/clip/stapip_clip_d_vu1_program.o src/renderer/3d/pipeline/static/core/programs/clip/stapip_clip_d_vu1_program.cpp
09:21:51 mips64r5900el-ps2-elf-g++ -D_EE -G0 -Wall -O3 -fdebug-prefix-map=/home/spider/.cache/tyrax/native/projects/38962b915a740e66bc478016=/mnt/f/Projects/tyrax2-lab-20261001/player-light-public-runtime-v1/fixtures/vehicle-players -fdebug-prefix-map=/home/spider/.cache/tyrax/native/engines/402d636fe32cfedbc6d29f7f/tyra/engine=/mnt/f/Projects/tyra-editor/vendor/tyra/engine -fdebug-prefix-map=/home/spider/.cache/tyrax/native/toolchains/eff2c8918589264d49aa9a0f=/mnt/c/Users/pawel/AppData/Local/tyra-editor/toolchain/ps2dev  -Iinc -I/home/spider/.cache/tyrax/native/toolchains/eff2c8918589264d49aa9a0f/ps2sdk/ee/include -I/home/spider/.cache/tyrax/native/toolchains/eff2c8918589264d49aa9a0f/ps2sdk/common/include -I/home/spider/.cache/tyrax/native/toolchains/eff2c8918589264d49aa9a0f/ps2sdk/ports/include -MMD -MP -MF obj/renderer/3d/pipeline/static/core/programs/clip/stapip_clip_tc_vu1_program.d -c -o obj/renderer/3d/pipeline/static/core/programs/clip/stapip_clip_tc_vu1_program.o src/renderer/3d/pipeline/static/core/programs/clip/stapip_clip_tc_vu1_program.cpp
09:21:51 mips64r5900el-ps2-elf-g++ -D_EE -G0 -Wall -O3 -fdebug-prefix-map=/home/spider/.cache/tyrax/native/projects/38962b915a740e66bc478016=/mnt/f/Projects/tyrax2-lab-20261001/player-light-public-runtime-v1/fixtures/vehicle-players -fdebug-prefix-map=/home/spider/.cache/tyrax/native/engines/402d636fe32cfedbc6d29f7f/tyra/engine=/mnt/f/Projects/tyra-editor/vendor/tyra/engine -fdebug-prefix-map=/home/spider/.cache/tyrax/native/toolchains/eff2c8918589264d49aa9a0f=/mnt/c/Users/pawel/AppData/Local/tyra-editor/toolchain/ps2dev  -Iinc -I/home/spider/.cache/tyrax/native/toolchains/eff2c8918589264d49aa9a0f/ps2sdk/ee/include -I/home/spider/.cache/tyrax/native/toolchains/eff2c8918589264d49aa9a0f/ps2sdk/common/include -I/home/spider/.cache/tyrax/native/toolchains/eff2c8918589264d49aa9a0f/ps2sdk/ports/include -MMD -MP -MF obj/renderer/3d/pipeline/static/core/programs/clip/stapip_clip_tce_vu1_program.d -c -o obj/renderer/3d/pipeline/static/core/programs/clip/stapip_clip_tce_vu1_program.o src/renderer/3d/pipeline/static/core/programs/clip/stapip_clip_tce_vu1_program.cpp
09:21:51 mips64r5900el-ps2-elf-g++ -D_EE -G0 -Wall -O3 -fdebug-prefix-map=/home/spider/.cache/tyrax/native/projects/38962b915a740e66bc478016=/mnt/f/Projects/tyrax2-lab-20261001/player-light-public-runtime-v1/fixtures/vehicle-players -fdebug-prefix-map=/home/spider/.cache/tyrax/native/engines/402d636fe32cfedbc6d29f7f/tyra/engine=/mnt/f/Projects/tyra-editor/vendor/tyra/engine -fdebug-prefix-map=/home/spider/.cache/tyrax/native/toolchains/eff2c8918589264d49aa9a0f=/mnt/c/Users/pawel/AppData/Local/tyra-editor/toolchain/ps2dev  -Iinc -I/home/spider/.cache/tyrax/native/toolchains/eff2c8918589264d49aa9a0f/ps2sdk/ee/include -I/home/spider/.cache/tyrax/native/toolchains/eff2c8918589264d49aa9a0f/ps2sdk/common/include -I/home/spider/.cache/tyrax/native/toolchains/eff2c8918589264d49aa9a0f/ps2sdk/ports/include -MMD -MP -MF obj/renderer/3d/pipeline/static/core/programs/clip/stapip_clip_td_vu1_program.d -c -o obj/renderer/3d/pipeline/static/core/programs/clip/stapip_clip_td_vu1_program.o src/renderer/3d/pipeline/static/core/programs/clip/stapip_clip_td_vu1_program.cpp
09:21:51 mips64r5900el-ps2-elf-g++ -D_EE -G0 -Wall -O3 -fdebug-prefix-map=/home/spider/.cache/tyrax/native/projects/38962b915a740e66bc478016=/mnt/f/Projects/tyrax2-lab-20261001/player-light-public-runtime-v1/fixtures/vehicle-players -fdebug-prefix-map=/home/spider/.cache/tyrax/native/engines/402d636fe32cfedbc6d29f7f/tyra/engine=/mnt/f/Projects/tyra-editor/vendor/tyra/engine -fdebug-prefix-map=/home/spider/.cache/tyrax/native/toolchains/eff2c8918589264d49aa9a0f=/mnt/c/Users/pawel/AppData/Local/tyra-editor/toolchain/ps2dev  -Iinc -I/home/spider/.cache/tyrax/native/toolchains/eff2c8918589264d49aa9a0f/ps2sdk/ee/include -I/home/spider/.cache/tyrax/native/toolchains/eff2c8918589264d49aa9a0f/ps2sdk/common/include -I/home/spider/.cache/tyrax/native/toolchains/eff2c8918589264d49aa9a0f/ps2sdk/ports/include -MMD -MP -MF obj/renderer/3d/pipeline/static/core/programs/cull/stapip_cull_c_vu1_program.d -c -o obj/renderer/3d/pipeline/static/core/programs/cull/stapip_cull_c_vu1_program.o src/renderer/3d/pipeline/static/core/programs/cull/stapip_cull_c_vu1_program.cpp
09:21:51 mips64r5900el-ps2-elf-g++ -D_EE -G0 -Wall -O3 -fdebug-prefix-map=/home/spider/.cache/tyrax/native/projects/38962b915a740e66bc478016=/mnt/f/Projects/tyrax2-lab-20261001/player-light-public-runtime-v1/fixtures/vehicle-players -fdebug-prefix-map=/home/spider/.cache/tyrax/native/engines/402d636fe32cfedbc6d29f7f/tyra/engine=/mnt/f/Projects/tyra-editor/vendor/tyra/engine -fdebug-prefix-map=/home/spider/.cache/tyrax/native/toolchains/eff2c8918589264d49aa9a0f=/mnt/c/Users/pawel/AppData/Local/tyra-editor/toolchain/ps2dev  -Iinc -I/home/spider/.cache/tyrax/native/toolchains/eff2c8918589264d49aa9a0f/ps2sdk/ee/include -I/home/spider/.cache/tyrax/native/toolchains/eff2c8918589264d49aa9a0f/ps2sdk/common/include -I/home/spider/.cache/tyrax/native/toolchains/eff2c8918589264d49aa9a0f/ps2sdk/ports/include -MMD -MP -MF obj/renderer/3d/pipeline/static/core/programs/cull/stapip_cull_d_vu1_program.d -c -o obj/renderer/3d/pipeline/static/core/programs/cull/stapip_cull_d_vu1_program.o src/renderer/3d/pipeline/static/core/programs/cull/stapip_cull_d_vu1_program.cpp
09:21:51 mips64r5900el-ps2-elf-g++ -D_EE -G0 -Wall -O3 -fdebug-prefix-map=/home/spider/.cache/tyrax/native/projects/38962b915a740e66bc478016=/mnt/f/Projects/tyrax2-lab-20261001/player-light-public-runtime-v1/fixtures/vehicle-players -fdebug-prefix-map=/home/spider/.cache/tyrax/native/engines/402d636fe32cfedbc6d29f7f/tyra/engine=/mnt/f/Projects/tyra-editor/vendor/tyra/engine -fdebug-prefix-map=/home/spider/.cache/tyrax/native/toolchains/eff2c8918589264d49aa9a0f=/mnt/c/Users/pawel/AppData/Local/tyra-editor/toolchain/ps2dev  -Iinc -I/home/spider/.cache/tyrax/native/toolchains/eff2c8918589264d49aa9a0f/ps2sdk/ee/include -I/home/spider/.cache/tyrax/native/toolchains/eff2c8918589264d49aa9a0f/ps2sdk/common/include -I/home/spider/.cache/tyrax/native/toolchains/eff2c8918589264d49aa9a0f/ps2sdk/ports/include -MMD -MP -MF obj/renderer/3d/pipeline/static/core/programs/cull/stapip_cull_tc_vu1_program.d -c -o obj/renderer/3d/pipeline/static/core/programs/cull/stapip_cull_tc_vu1_program.o src/renderer/3d/pipeline/static/core/programs/cull/stapip_cull_tc_vu1_program.cpp
09:21:51 mips64r5900el-ps2-elf-g++ -D_EE -G0 -Wall -O3 -fdebug-prefix-map=/home/spider/.cache/tyrax/native/projects/38962b915a740e66bc478016=/mnt/f/Projects/tyrax2-lab-20261001/player-light-public-runtime-v1/fixtures/vehicle-players -fdebug-prefix-map=/home/spider/.cache/tyrax/native/engines/402d636fe32cfedbc6d29f7f/tyra/engine=/mnt/f/Projects/tyra-editor/vendor/tyra/engine -fdebug-prefix-map=/home/spider/.cache/tyrax/native/toolchains/eff2c8918589264d49aa9a0f=/mnt/c/Users/pawel/AppData/Local/tyra-editor/toolchain/ps2dev  -Iinc -I/home/spider/.cache/tyrax/native/toolchains/eff2c8918589264d49aa9a0f/ps2sdk/ee/include -I/home/spider/.cache/tyrax/native/toolchains/eff2c8918589264d49aa9a0f/ps2sdk/common/include -I/home/spider/.cache/tyrax/native/toolchains/eff2c8918589264d49aa9a0f/ps2sdk/ports/include -MMD -MP -MF obj/renderer/3d/pipeline/static/core/programs/cull/stapip_cull_tce_vu1_program.d -c -o obj/renderer/3d/pipeline/static/core/programs/cull/stapip_cull_tce_vu1_program.o src/renderer/3d/pipeline/static/core/programs/cull/stapip_cull_tce_vu1_program.cpp
09:21:51 mips64r5900el-ps2-elf-g++ -D_EE -G0 -Wall -O3 -fdebug-prefix-map=/home/spider/.cache/tyrax/native/projects/38962b915a740e66bc478016=/mnt/f/Projects/tyrax2-lab-20261001/player-light-public-runtime-v1/fixtures/vehicle-players -fdebug-prefix-map=/home/spider/.cache/tyrax/native/engines/402d636fe32cfedbc6d29f7f/tyra/engine=/mnt/f/Projects/tyra-editor/vendor/tyra/engine -fdebug-prefix-map=/home/spider/.cache/tyrax/native/toolchains/eff2c8918589264d49aa9a0f=/mnt/c/Users/pawel/AppData/Local/tyra-editor/toolchain/ps2dev  -Iinc -I/home/spider/.cache/tyrax/native/toolchains/eff2c8918589264d49aa9a0f/ps2sdk/ee/include -I/home/spider/.cache/tyrax/native/toolchains/eff2c8918589264d49aa9a0f/ps2sdk/common/include -I/home/spider/.cache/tyrax/native/toolchains/eff2c8918589264d49aa9a0f/ps2sdk/ports/include -MMD -MP -MF obj/renderer/3d/pipeline/static/core/programs/cull/stapip_cull_td_vu1_program.d -c -o obj/renderer/3d/pipeline/static/core/programs/cull/stapip_cull_td_vu1_program.o src/renderer/3d/pipeline/static/core/programs/cull/stapip_cull_td_vu1_program.cpp
09:21:51 mips64r5900el-ps2-elf-g++ -D_EE -G0 -Wall -O3 -fdebug-prefix-map=/home/spider/.cache/tyrax/native/projects/38962b915a740e66bc478016=/mnt/f/Projects/tyrax2-lab-20261001/player-light-public-runtime-v1/fixtures/vehicle-players -fdebug-prefix-map=/home/spider/.cache/tyrax/native/engines/402d636fe32cfedbc6d29f7f/tyra/engine=/mnt/f/Projects/tyra-editor/vendor/tyra/engine -fdebug-prefix-map=/home/spider/.cache/tyrax/native/toolchains/eff2c8918589264d49aa9a0f=/mnt/c/Users/pawel/AppData/Local/tyra-editor/toolchain/ps2dev  -Iinc -I/home/spider/.cache/tyrax/native/toolchains/eff2c8918589264d49aa9a0f/ps2sdk/ee/include -I/home/spider/.cache/tyrax/native/toolchains/eff2c8918589264d49aa9a0f/ps2sdk/common/include -I/home/spider/.cache/tyrax/native/toolchains/eff2c8918589264d49aa9a0f/ps2sdk/ports/include -MMD -MP -MF obj/renderer/3d/pipeline/static/core/stapip_clipper.d -c -o obj/renderer/3d/pipeline/static/core/stapip_clipper.o src/renderer/3d/pipeline/static/core/stapip_clipper.cpp
09:21:51 mips64r5900el-ps2-elf-g++ -D_EE -G0 -Wall -O3 -fdebug-prefix-map=/home/spider/.cache/tyrax/native/projects/38962b915a740e66bc478016=/mnt/f/Projects/tyrax2-lab-20261001/player-light-public-runtime-v1/fixtures/vehicle-players -fdebug-prefix-map=/home/spider/.cache/tyrax/native/engines/402d636fe32cfedbc6d29f7f/tyra/engine=/mnt/f/Projects/tyra-editor/vendor/tyra/engine -fdebug-prefix-map=/home/spider/.cache/tyrax/native/toolchains/eff2c8918589264d49aa9a0f=/mnt/c/Users/pawel/AppData/Local/tyra-editor/toolchain/ps2dev  -Iinc -I/home/spider/.cache/tyrax/native/toolchains/eff2c8918589264d49aa9a0f/ps2sdk/ee/include -I/home/spider/.cache/tyrax/native/toolchains/eff2c8918589264d49aa9a0f/ps2sdk/common/include -I/home/spider/.cache/tyrax/native/toolchains/eff2c8918589264d49aa9a0f/ps2sdk/ports/include -MMD -MP -MF obj/renderer/3d/pipeline/static/core/stapip_core.d -c -o obj/renderer/3d/pipeline/static/core/stapip_core.o src/renderer/3d/pipeline/static/core/stapip_core.cpp
09:21:52 mips64r5900el-ps2-elf-g++ -D_EE -G0 -Wall -O3 -fdebug-prefix-map=/home/spider/.cache/tyrax/native/projects/38962b915a740e66bc478016=/mnt/f/Projects/tyrax2-lab-20261001/player-light-public-runtime-v1/fixtures/vehicle-players -fdebug-prefix-map=/home/spider/.cache/tyrax/native/engines/402d636fe32cfedbc6d29f7f/tyra/engine=/mnt/f/Projects/tyra-editor/vendor/tyra/engine -fdebug-prefix-map=/home/spider/.cache/tyrax/native/toolchains/eff2c8918589264d49aa9a0f=/mnt/c/Users/pawel/AppData/Local/tyra-editor/toolchain/ps2dev  -Iinc -I/home/spider/.cache/tyrax/native/toolchains/eff2c8918589264d49aa9a0f/ps2sdk/ee/include -I/home/spider/.cache/tyrax/native/toolchains/eff2c8918589264d49aa9a0f/ps2sdk/common/include -I/home/spider/.cache/tyrax/native/toolchains/eff2c8918589264d49aa9a0f/ps2sdk/ports/include -MMD -MP -MF obj/renderer/3d/pipeline/static/core/stapip_programs_repository.d -c -o obj/renderer/3d/pipeline/static/core/stapip_programs_repository.o src/renderer/3d/pipeline/static/core/stapip_programs_repository.cpp
09:21:52 mips64r5900el-ps2-elf-g++ -D_EE -G0 -Wall -O3 -fdebug-prefix-map=/home/spider/.cache/tyrax/native/projects/38962b915a740e66bc478016=/mnt/f/Projects/tyrax2-lab-20261001/player-light-public-runtime-v1/fixtures/vehicle-players -fdebug-prefix-map=/home/spider/.cache/tyrax/native/engines/402d636fe32cfedbc6d29f7f/tyra/engine=/mnt/f/Projects/tyra-editor/vendor/tyra/engine -fdebug-prefix-map=/home/spider/.cache/tyrax/native/toolchains/eff2c8918589264d49aa9a0f=/mnt/c/Users/pawel/AppData/Local/tyra-editor/toolchain/ps2dev  -Iinc -I/home/spider/.cache/tyrax/native/toolchains/eff2c8918589264d49aa9a0f/ps2sdk/ee/include -I/home/spider/.cache/tyrax/native/toolchains/eff2c8918589264d49aa9a0f/ps2sdk/common/include -I/home/spider/.cache/tyrax/native/toolchains/eff2c8918589264d49aa9a0f/ps2sdk/ports/include -MMD -MP -MF obj/renderer/3d/pipeline/static/core/stapip_qbuffer.d -c -o obj/renderer/3d/pipeline/static/core/stapip_qbuffer.o src/renderer/3d/pipeline/static/core/stapip_qbuffer.cpp
09:21:52 mips64r5900el-ps2-elf-g++ -D_EE -G0 -Wall -O3 -fdebug-prefix-map=/home/spider/.cache/tyrax/native/projects/38962b915a740e66bc478016=/mnt/f/Projects/tyrax2-lab-20261001/player-light-public-runtime-v1/fixtures/vehicle-players -fdebug-prefix-map=/home/spider/.cache/tyrax/native/engines/402d636fe32cfedbc6d29f7f/tyra/engine=/mnt/f/Projects/tyra-editor/vendor/tyra/engine -fdebug-prefix-map=/home/spider/.cache/tyrax/native/toolchains/eff2c8918589264d49aa9a0f=/mnt/c/Users/pawel/AppData/Local/tyra-editor/toolchain/ps2dev  -Iinc -I/home/spider/.cache/tyrax/native/toolchains/eff2c8918589264d49aa9a0f/ps2sdk/ee/include -I/home/spider/.cache/tyrax/native/toolchains/eff2c8918589264d49aa9a0f/ps2sdk/common/include -I/home/spider/.cache/tyrax/native/toolchains/eff2c8918589264d49aa9a0f/ps2sdk/ports/include -MMD -MP -MF obj/renderer/3d/pipeline/static/core/stapip_qbuffer_renderer.d -c -o obj/renderer/3d/pipeline/static/core/stapip_qbuffer_renderer.o src/renderer/3d/pipeline/static/core/stapip_qbuffer_renderer.cpp
09:21:52 mips64r5900el-ps2-elf-g++ -D_EE -G0 -Wall -O3 -fdebug-prefix-map=/home/spider/.cache/tyrax/native/projects/38962b915a740e66bc478016=/mnt/f/Projects/tyrax2-lab-20261001/player-light-public-runtime-v1/fixtures/vehicle-players -fdebug-prefix-map=/home/spider/.cache/tyrax/native/engines/402d636fe32cfedbc6d29f7f/tyra/engine=/mnt/f/Projects/tyra-editor/vendor/tyra/engine -fdebug-prefix-map=/home/spider/.cache/tyrax/native/toolchains/eff2c8918589264d49aa9a0f=/mnt/c/Users/pawel/AppData/Local/tyra-editor/toolchain/ps2dev  -Iinc -I/home/spider/.cache/tyrax/native/toolchains/eff2c8918589264d49aa9a0f/ps2sdk/ee/include -I/home/spider/.cache/tyrax/native/toolchains/eff2c8918589264d49aa9a0f/ps2sdk/common/include -I/home/spider/.cache/tyrax/native/toolchains/eff2c8918589264d49aa9a0f/ps2sdk/ports/include -MMD -MP -MF obj/renderer/3d/pipeline/static/core/stapip_vu1_program.d -c -o obj/renderer/3d/pipeline/static/core/stapip_vu1_program.o src/renderer/3d/pipeline/static/core/stapip_vu1_program.cpp
09:21:52 mips64r5900el-ps2-elf-g++ -D_EE -G0 -Wall -O3 -fdebug-prefix-map=/home/spider/.cache/tyrax/native/projects/38962b915a740e66bc478016=/mnt/f/Projects/tyrax2-lab-20261001/player-light-public-runtime-v1/fixtures/vehicle-players -fdebug-prefix-map=/home/spider/.cache/tyrax/native/engines/402d636fe32cfedbc6d29f7f/tyra/engine=/mnt/f/Projects/tyra-editor/vendor/tyra/engine -fdebug-prefix-map=/home/spider/.cache/tyrax/native/toolchains/eff2c8918589264d49aa9a0f=/mnt/c/Users/pawel/AppData/Local/tyra-editor/toolchain/ps2dev  -Iinc -I/home/spider/.cache/tyrax/native/toolchains/eff2c8918589264d49aa9a0f/ps2sdk/ee/include -I/home/spider/.cache/tyrax/native/toolchains/eff2c8918589264d49aa9a0f/ps2sdk/common/include -I/home/spider/.cache/tyrax/native/toolchains/eff2c8918589264d49aa9a0f/ps2sdk/ports/include -MMD -MP -MF obj/renderer/3d/renderer_3d.d -c -o obj/renderer/3d/renderer_3d.o src/renderer/3d/renderer_3d.cpp
09:21:52 mips64r5900el-ps2-elf-g++ -D_EE -G0 -Wall -O3 -fdebug-prefix-map=/home/spider/.cache/tyrax/native/projects/38962b915a740e66bc478016=/mnt/f/Projects/tyrax2-lab-20261001/player-light-public-runtime-v1/fixtures/vehicle-players -fdebug-prefix-map=/home/spider/.cache/tyrax/native/engines/402d636fe32cfedbc6d29f7f/tyra/engine=/mnt/f/Projects/tyra-editor/vendor/tyra/engine -fdebug-prefix-map=/home/spider/.cache/tyrax/native/toolchains/eff2c8918589264d49aa9a0f=/mnt/c/Users/pawel/AppData/Local/tyra-editor/toolchain/ps2dev  -Iinc -I/home/spider/.cache/tyrax/native/toolchains/eff2c8918589264d49aa9a0f/ps2sdk/ee/include -I/home/spider/.cache/tyrax/native/toolchains/eff2c8918589264d49aa9a0f/ps2sdk/common/include -I/home/spider/.cache/tyrax/native/toolchains/eff2c8918589264d49aa9a0f/ps2sdk/ports/include -MMD -MP -MF obj/renderer/3d/pipeline/static/static_pipeline.d -c -o obj/renderer/3d/pipeline/static/static_pipeline.o src/renderer/3d/pipeline/static/static_pipeline.cpp
09:21:52 mips64r5900el-ps2-elf-g++ -D_EE -G0 -Wall -O3 -fdebug-prefix-map=/home/spider/.cache/tyrax/native/projects/38962b915a740e66bc478016=/mnt/f/Projects/tyrax2-lab-20261001/player-light-public-runtime-v1/fixtures/vehicle-players -fdebug-prefix-map=/home/spider/.cache/tyrax/native/engines/402d636fe32cfedbc6d29f7f/tyra/engine=/mnt/f/Projects/tyra-editor/vendor/tyra/engine -fdebug-prefix-map=/home/spider/.cache/tyrax/native/toolchains/eff2c8918589264d49aa9a0f=/mnt/c/Users/pawel/AppData/Local/tyra-editor/toolchain/ps2dev  -Iinc -I/home/spider/.cache/tyrax/native/toolchains/eff2c8918589264d49aa9a0f/ps2sdk/ee/include -I/home/spider/.cache/tyrax/native/toolchains/eff2c8918589264d49aa9a0f/ps2sdk/common/include -I/home/spider/.cache/tyrax/native/toolchains/eff2c8918589264d49aa9a0f/ps2sdk/ports/include -MMD -MP -MF obj/renderer/3d/renderer_3d_utility.d -c -o obj/renderer/3d/renderer_3d_utility.o src/renderer/3d/renderer_3d_utility.cpp
09:21:52 mips64r5900el-ps2-elf-g++ -D_EE -G0 -Wall -O3 -fdebug-prefix-map=/home/spider/.cache/tyrax/native/projects/38962b915a740e66bc478016=/mnt/f/Projects/tyrax2-lab-20261001/player-light-public-runtime-v1/fixtures/vehicle-players -fdebug-prefix-map=/home/spider/.cache/tyrax/native/engines/402d636fe32cfedbc6d29f7f/tyra/engine=/mnt/f/Projects/tyra-editor/vendor/tyra/engine -fdebug-prefix-map=/home/spider/.cache/tyrax/native/toolchains/eff2c8918589264d49aa9a0f=/mnt/c/Users/pawel/AppData/Local/tyra-editor/toolchain/ps2dev  -Iinc -I/home/spider/.cache/tyrax/native/toolchains/eff2c8918589264d49aa9a0f/ps2sdk/ee/include -I/home/spider/.cache/tyrax/native/toolchains/eff2c8918589264d49aa9a0f/ps2sdk/common/include -I/home/spider/.cache/tyrax/native/toolchains/eff2c8918589264d49aa9a0f/ps2sdk/ports/include -MMD -MP -MF obj/renderer/core/2d/renderer_core_2d.d -c -o obj/renderer/core/2d/renderer_core_2d.o src/renderer/core/2d/renderer_core_2d.cpp
09:21:52 mips64r5900el-ps2-elf-g++ -D_EE -G0 -Wall -O3 -fdebug-prefix-map=/home/spider/.cache/tyrax/native/projects/38962b915a740e66bc478016=/mnt/f/Projects/tyrax2-lab-20261001/player-light-public-runtime-v1/fixtures/vehicle-players -fdebug-prefix-map=/home/spider/.cache/tyrax/native/engines/402d636fe32cfedbc6d29f7f/tyra/engine=/mnt/f/Projects/tyra-editor/vendor/tyra/engine -fdebug-prefix-map=/home/spider/.cache/tyrax/native/toolchains/eff2c8918589264d49aa9a0f=/mnt/c/Users/pawel/AppData/Local/tyra-editor/toolchain/ps2dev  -Iinc -I/home/spider/.cache/tyrax/native/toolchains/eff2c8918589264d49aa9a0f/ps2sdk/ee/include -I/home/spider/.cache/tyrax/native/toolchains/eff2c8918589264d49aa9a0f/ps2sdk/common/include -I/home/spider/.cache/tyrax/native/toolchains/eff2c8918589264d49aa9a0f/ps2sdk/ports/include -MMD -MP -MF obj/renderer/core/3d/renderer_core_3d.d -c -o obj/renderer/core/3d/renderer_core_3d.o src/renderer/core/3d/renderer_core_3d.cpp
09:21:52 mips64r5900el-ps2-elf-g++ -D_EE -G0 -Wall -O3 -fdebug-prefix-map=/home/spider/.cache/tyrax/native/projects/38962b915a740e66bc478016=/mnt/f/Projects/tyrax2-lab-20261001/player-light-public-runtime-v1/fixtures/vehicle-players -fdebug-prefix-map=/home/spider/.cache/tyrax/native/engines/402d636fe32cfedbc6d29f7f/tyra/engine=/mnt/f/Projects/tyra-editor/vendor/tyra/engine -fdebug-prefix-map=/home/spider/.cache/tyrax/native/toolchains/eff2c8918589264d49aa9a0f=/mnt/c/Users/pawel/AppData/Local/tyra-editor/toolchain/ps2dev  -Iinc -I/home/spider/.cache/tyrax/native/toolchains/eff2c8918589264d49aa9a0f/ps2sdk/ee/include -I/home/spider/.cache/tyrax/native/toolchains/eff2c8918589264d49aa9a0f/ps2sdk/common/include -I/home/spider/.cache/tyrax/native/toolchains/eff2c8918589264d49aa9a0f/ps2sdk/ports/include -MMD -MP -MF obj/renderer/core/alphamask/renderer_core_alpha_mask.d -c -o obj/renderer/core/alphamask/renderer_core_alpha_mask.o src/renderer/core/alphamask/renderer_core_alpha_mask.cpp
09:21:52 mips64r5900el-ps2-elf-g++ -D_EE -G0 -Wall -O3 -fdebug-prefix-map=/home/spider/.cache/tyrax/native/projects/38962b915a740e66bc478016=/mnt/f/Projects/tyrax2-lab-20261001/player-light-public-runtime-v1/fixtures/vehicle-players -fdebug-prefix-map=/home/spider/.cache/tyrax/native/engines/402d636fe32cfedbc6d29f7f/tyra/engine=/mnt/f/Projects/tyra-editor/vendor/tyra/engine -fdebug-prefix-map=/home/spider/.cache/tyrax/native/toolchains/eff2c8918589264d49aa9a0f=/mnt/c/Users/pawel/AppData/Local/tyra-editor/toolchain/ps2dev  -Iinc -I/home/spider/.cache/tyrax/native/toolchains/eff2c8918589264d49aa9a0f/ps2sdk/ee/include -I/home/spider/.cache/tyrax/native/toolchains/eff2c8918589264d49aa9a0f/ps2sdk/common/include -I/home/spider/.cache/tyrax/native/toolchains/eff2c8918589264d49aa9a0f/ps2sdk/ports/include -MMD -MP -MF obj/renderer/core/blss/renderer_core_blss.d -c -o obj/renderer/core/blss/renderer_core_blss.o src/renderer/core/blss/renderer_core_blss.cpp
09:21:52 mips64r5900el-ps2-elf-g++ -D_EE -G0 -Wall -O3 -fdebug-prefix-map=/home/spider/.cache/tyrax/native/projects/38962b915a740e66bc478016=/mnt/f/Projects/tyrax2-lab-20261001/player-light-public-runtime-v1/fixtures/vehicle-players -fdebug-prefix-map=/home/spider/.cache/tyrax/native/engines/402d636fe32cfedbc6d29f7f/tyra/engine=/mnt/f/Projects/tyra-editor/vendor/tyra/engine -fdebug-prefix-map=/home/spider/.cache/tyrax/native/toolchains/eff2c8918589264d49aa9a0f=/mnt/c/Users/pawel/AppData/Local/tyra-editor/toolchain/ps2dev  -Iinc -I/home/spider/.cache/tyrax/native/toolchains/eff2c8918589264d49aa9a0f/ps2sdk/ee/include -I/home/spider/.cache/tyrax/native/toolchains/eff2c8918589264d49aa9a0f/ps2sdk/common/include -I/home/spider/.cache/tyrax/native/toolchains/eff2c8918589264d49aa9a0f/ps2sdk/ports/include -MMD -MP -MF obj/renderer/core/envmap/renderer_core_envmap.d -c -o obj/renderer/core/envmap/renderer_core_envmap.o src/renderer/core/envmap/renderer_core_envmap.cpp
09:21:53 mips64r5900el-ps2-elf-g++ -D_EE -G0 -Wall -O3 -fdebug-prefix-map=/home/spider/.cache/tyrax/native/projects/38962b915a740e66bc478016=/mnt/f/Projects/tyrax2-lab-20261001/player-light-public-runtime-v1/fixtures/vehicle-players -fdebug-prefix-map=/home/spider/.cache/tyrax/native/engines/402d636fe32cfedbc6d29f7f/tyra/engine=/mnt/f/Projects/tyra-editor/vendor/tyra/engine -fdebug-prefix-map=/home/spider/.cache/tyrax/native/toolchains/eff2c8918589264d49aa9a0f=/mnt/c/Users/pawel/AppData/Local/tyra-editor/toolchain/ps2dev  -Iinc -I/home/spider/.cache/tyrax/native/toolchains/eff2c8918589264d49aa9a0f/ps2sdk/ee/include -I/home/spider/.cache/tyrax/native/toolchains/eff2c8918589264d49aa9a0f/ps2sdk/common/include -I/home/spider/.cache/tyrax/native/toolchains/eff2c8918589264d49aa9a0f/ps2sdk/ports/include -MMD -MP -MF obj/renderer/core/gs/renderer_core_gs.d -c -o obj/renderer/core/gs/renderer_core_gs.o src/renderer/core/gs/renderer_core_gs.cpp
09:21:53 mips64r5900el-ps2-elf-g++ -D_EE -G0 -Wall -O3 -fdebug-prefix-map=/home/spider/.cache/tyrax/native/projects/38962b915a740e66bc478016=/mnt/f/Projects/tyrax2-lab-20261001/player-light-public-runtime-v1/fixtures/vehicle-players -fdebug-prefix-map=/home/spider/.cache/tyrax/native/engines/402d636fe32cfedbc6d29f7f/tyra/engine=/mnt/f/Projects/tyra-editor/vendor/tyra/engine -fdebug-prefix-map=/home/spider/.cache/tyrax/native/toolchains/eff2c8918589264d49aa9a0f=/mnt/c/Users/pawel/AppData/Local/tyra-editor/toolchain/ps2dev  -Iinc -I/home/spider/.cache/tyrax/native/toolchains/eff2c8918589264d49aa9a0f/ps2sdk/ee/include -I/home/spider/.cache/tyrax/native/toolchains/eff2c8918589264d49aa9a0f/ps2sdk/common/include -I/home/spider/.cache/tyrax/native/toolchains/eff2c8918589264d49aa9a0f/ps2sdk/ports/include -MMD -MP -MF obj/renderer/core/gs/renderer_core_gs_vram.d -c -o obj/renderer/core/gs/renderer_core_gs_vram.o src/renderer/core/gs/renderer_core_gs_vram.cpp
09:21:53 mips64r5900el-ps2-elf-g++ -D_EE -G0 -Wall -O3 -fdebug-prefix-map=/home/spider/.cache/tyrax/native/projects/38962b915a740e66bc478016=/mnt/f/Projects/tyrax2-lab-20261001/player-light-public-runtime-v1/fixtures/vehicle-players -fdebug-prefix-map=/home/spider/.cache/tyrax/native/engines/402d636fe32cfedbc6d29f7f/tyra/engine=/mnt/f/Projects/tyra-editor/vendor/tyra/engine -fdebug-prefix-map=/home/spider/.cache/tyrax/native/toolchains/eff2c8918589264d49aa9a0f=/mnt/c/Users/pawel/AppData/Local/tyra-editor/toolchain/ps2dev  -Iinc -I/home/spider/.cache/tyrax/native/toolchains/eff2c8918589264d49aa9a0f/ps2sdk/ee/include -I/home/spider/.cache/tyrax/native/toolchains/eff2c8918589264d49aa9a0f/ps2sdk/common/include -I/home/spider/.cache/tyrax/native/toolchains/eff2c8918589264d49aa9a0f/ps2sdk/ports/include -MMD -MP -MF obj/renderer/core/paths/path1/path1.d -c -o obj/renderer/core/paths/path1/path1.o src/renderer/core/paths/path1/path1.cpp
09:21:53 mips64r5900el-ps2-elf-g++ -D_EE -G0 -Wall -O3 -fdebug-prefix-map=/home/spider/.cache/tyrax/native/projects/38962b915a740e66bc478016=/mnt/f/Projects/tyrax2-lab-20261001/player-light-public-runtime-v1/fixtures/vehicle-players -fdebug-prefix-map=/home/spider/.cache/tyrax/native/engines/402d636fe32cfedbc6d29f7f/tyra/engine=/mnt/f/Projects/tyra-editor/vendor/tyra/engine -fdebug-prefix-map=/home/spider/.cache/tyrax/native/toolchains/eff2c8918589264d49aa9a0f=/mnt/c/Users/pawel/AppData/Local/tyra-editor/toolchain/ps2dev  -Iinc -I/home/spider/.cache/tyrax/native/toolchains/eff2c8918589264d49aa9a0f/ps2sdk/ee/include -I/home/spider/.cache/tyrax/native/toolchains/eff2c8918589264d49aa9a0f/ps2sdk/common/include -I/home/spider/.cache/tyrax/native/toolchains/eff2c8918589264d49aa9a0f/ps2sdk/ports/include -MMD -MP -MF obj/renderer/core/paths/path1/vif1_queue.d -c -o obj/renderer/core/paths/path1/vif1_queue.o src/renderer/core/paths/path1/vif1_queue.cpp
09:21:53 mips64r5900el-ps2-elf-g++ -D_EE -G0 -Wall -O3 -fdebug-prefix-map=/home/spider/.cache/tyrax/native/projects/38962b915a740e66bc478016=/mnt/f/Projects/tyrax2-lab-20261001/player-light-public-runtime-v1/fixtures/vehicle-players -fdebug-prefix-map=/home/spider/.cache/tyrax/native/engines/402d636fe32cfedbc6d29f7f/tyra/engine=/mnt/f/Projects/tyra-editor/vendor/tyra/engine -fdebug-prefix-map=/home/spider/.cache/tyrax/native/toolchains/eff2c8918589264d49aa9a0f=/mnt/c/Users/pawel/AppData/Local/tyra-editor/toolchain/ps2dev  -Iinc -I/home/spider/.cache/tyrax/native/toolchains/eff2c8918589264d49aa9a0f/ps2sdk/ee/include -I/home/spider/.cache/tyrax/native/toolchains/eff2c8918589264d49aa9a0f/ps2sdk/common/include -I/home/spider/.cache/tyrax/native/toolchains/eff2c8918589264d49aa9a0f/ps2sdk/ports/include -MMD -MP -MF obj/renderer/core/paths/path3/path3.d -c -o obj/renderer/core/paths/path3/path3.o src/renderer/core/paths/path3/path3.cpp
09:21:53 mips64r5900el-ps2-elf-g++ -D_EE -G0 -Wall -O3 -fdebug-prefix-map=/home/spider/.cache/tyrax/native/projects/38962b915a740e66bc478016=/mnt/f/Projects/tyrax2-lab-20261001/player-light-public-runtime-v1/fixtures/vehicle-players -fdebug-prefix-map=/home/spider/.cache/tyrax/native/engines/402d636fe32cfedbc6d29f7f/tyra/engine=/mnt/f/Projects/tyra-editor/vendor/tyra/engine -fdebug-prefix-map=/home/spider/.cache/tyrax/native/toolchains/eff2c8918589264d49aa9a0f=/mnt/c/Users/pawel/AppData/Local/tyra-editor/toolchain/ps2dev  -Iinc -I/home/spider/.cache/tyrax/native/toolchains/eff2c8918589264d49aa9a0f/ps2sdk/ee/include -I/home/spider/.cache/tyrax/native/toolchains/eff2c8918589264d49aa9a0f/ps2sdk/common/include -I/home/spider/.cache/tyrax/native/toolchains/eff2c8918589264d49aa9a0f/ps2sdk/ports/include -MMD -MP -MF obj/renderer/core/postfx/renderer_core_postfx.d -c -o obj/renderer/core/postfx/renderer_core_postfx.o src/renderer/core/postfx/renderer_core_postfx.cpp
09:21:53 mips64r5900el-ps2-elf-g++ -D_EE -G0 -Wall -O3 -fdebug-prefix-map=/home/spider/.cache/tyrax/native/projects/38962b915a740e66bc478016=/mnt/f/Projects/tyrax2-lab-20261001/player-light-public-runtime-v1/fixtures/vehicle-players -fdebug-prefix-map=/home/spider/.cache/tyrax/native/engines/402d636fe32cfedbc6d29f7f/tyra/engine=/mnt/f/Projects/tyra-editor/vendor/tyra/engine -fdebug-prefix-map=/home/spider/.cache/tyrax/native/toolchains/eff2c8918589264d49aa9a0f=/mnt/c/Users/pawel/AppData/Local/tyra-editor/toolchain/ps2dev  -Iinc -I/home/spider/.cache/tyrax/native/toolchains/eff2c8918589264d49aa9a0f/ps2sdk/ee/include -I/home/spider/.cache/tyrax/native/toolchains/eff2c8918589264d49aa9a0f/ps2sdk/common/include -I/home/spider/.cache/tyrax/native/toolchains/eff2c8918589264d49aa9a0f/ps2sdk/ports/include -MMD -MP -MF obj/renderer/core/renderer_core.d -c -o obj/renderer/core/renderer_core.o src/renderer/core/renderer_core.cpp
09:21:53 src/renderer/3d/pipeline/static/core/stapip_qbuffer.cpp: In member function 'void Tyra::StaPipQBuffer::fillByCopyMax(const Tyra::StaPipBagPackage&, const Tyra::StaPipBagPackage&, const Tyra::StaPipBagPackage&)':
09:21:53 src/renderer/3d/pipeline/static/core/stapip_qbuffer.cpp:193:11: warning: 'void* memcpy(void*, const void*, size_t)' writing to an object of type 'class Tyra::Vec4' with no trivial copy-assignment; use copy-assignment or copy-initialization instead [-Wclass-memaccess]
09:21:53   193 |     memcpy(vertices + offset, pkg->vertices, bytes);
09:21:53       |     ~~~~~~^~~~~~~~~~~~~~~~~~~~~~~~~~~~~~~~~~~~~~~~~
09:21:53 In file included from inc/renderer/3d/pipeline/static/core/./bag/packaging/../stapip_bag.hpp:13,
09:21:53                  from inc/renderer/3d/pipeline/static/core/./bag/packaging/stapip_bag_package.hpp:13,
09:21:53                  from inc/renderer/3d/pipeline/static/core/stapip_qbuffer.hpp:16,
09:21:53                  from src/renderer/3d/pipeline/static/core/stapip_qbuffer.cpp:12:
09:21:53 inc/math/vec4.hpp:24:7: note: 'class Tyra::Vec4' declared here
09:21:53    24 | class Vec4 {
09:21:53       |       ^~~~
09:21:53 src/renderer/3d/pipeline/static/core/stapip_qbuffer.cpp:194:34: warning: 'void* memcpy(void*, const void*, size_t)' writing to an object of type 'class Tyra::Vec4' with no trivial copy-assignment; use copy-assignment or copy-initialization instead [-Wclass-memaccess]
09:21:53   194 |     if (pkg1.bag->texture) memcpy(sts + offset, pkg->sts, bytes);
09:21:53       |                            ~~~~~~^~~~~~~~~~~~~~~~~~~~~~~~~~~~~~~
09:21:53 inc/math/vec4.hpp:24:7: note: 'class Tyra::Vec4' declared here
09:21:53    24 | class Vec4 {
09:21:53       |       ^~~~
09:21:53 src/renderer/3d/pipeline/static/core/stapip_qbuffer.cpp:195:38: warning: 'void* memcpy(void*, const void*, size_t)' writing to an object of type 'class Tyra::Vec4' with no trivial copy-assignment; use copy-assignment or copy-initialization instead [-Wclass-memaccess]
09:21:53   195 |     if (pkg1.bag->color->many) memcpy(colors + offset, pkg->colors, bytes);
09:21:53       |                                ~~~~~~^~~~~~~~~~~~~~~~~~~~~~~~~~~~~~~~~~~~~
09:21:53 inc/math/vec4.hpp:24:7: note: 'class Tyra::Vec4' declared here
09:21:53    24 | class Vec4 {
09:21:53       |       ^~~~
09:21:53 src/renderer/3d/pipeline/static/core/stapip_qbuffer.cpp:196:35: warning: 'void* memcpy(void*, const void*, size_t)' writing to an object of type 'class Tyra::Vec4' with no trivial copy-assignment; use copy-assignment or copy-initialization instead [-Wclass-memaccess]
09:21:53   196 |     if (pkg1.bag->lighting) memcpy(normals + offset, pkg->normals, bytes);
09:21:53       |                             ~~~~~~^~~~~~~~~~~~~~~~~~~~~~~~~~~~~~~~~~~~~~~
09:21:53 inc/math/vec4.hpp:24:7: note: 'class Tyra::Vec4' declared here
09:21:53    24 | class Vec4 {
09:21:53       |       ^~~~
09:21:53 src/renderer/3d/pipeline/static/core/stapip_qbuffer.cpp: In member function 'void Tyra::StaPipQBuffer::fillByCopy1By2(const Tyra::StaPipBagPackage&, const Tyra::StaPipBagPackage&)':
09:21:53 src/renderer/3d/pipeline/static/core/stapip_qbuffer.cpp:226:11: warning: 'void* memcpy(void*, const void*, size_t)' writing to an object of type 'class Tyra::Vec4' with no trivial copy-assignment; use copy-assignment or copy-initialization instead [-Wclass-memaccess]
09:21:53   226 |     memcpy(vertices + offset, pkg->vertices, bytes);
09:21:53       |     ~~~~~~^~~~~~~~~~~~~~~~~~~~~~~~~~~~~~~~~~~~~~~~~
09:21:53 inc/math/vec4.hpp:24:7: note: 'class Tyra::Vec4' declared here
09:21:53    24 | class Vec4 {
09:21:53       |       ^~~~
09:21:53 src/renderer/3d/pipeline/static/core/stapip_qbuffer.cpp:227:34: warning: 'void* memcpy(void*, const void*, size_t)' writing to an object of type 'class Tyra::Vec4' with no trivial copy-assignment; use copy-assignment or copy-initialization instead [-Wclass-memaccess]
09:21:53   227 |     if (pkg1.bag->texture) memcpy(sts + offset, pkg->sts, bytes);
09:21:53       |                            ~~~~~~^~~~~~~~~~~~~~~~~~~~~~~~~~~~~~~
09:21:53 inc/math/vec4.hpp:24:7: note: 'class Tyra::Vec4' declared here
09:21:53    24 | class Vec4 {
09:21:53       |       ^~~~
09:21:53 src/renderer/3d/pipeline/static/core/stapip_qbuffer.cpp:228:38: warning: 'void* memcpy(void*, const void*, size_t)' writing to an object of type 'class Tyra::Vec4' with no trivial copy-assignment; use copy-assignment or copy-initialization instead [-Wclass-memaccess]
09:21:53   228 |     if (pkg1.bag->color->many) memcpy(colors + offset, pkg->colors, bytes);
09:21:53       |                                ~~~~~~^~~~~~~~~~~~~~~~~~~~~~~~~~~~~~~~~~~~~
09:21:53 inc/math/vec4.hpp:24:7: note: 'class Tyra::Vec4' declared here
09:21:53    24 | class Vec4 {
09:21:53       |       ^~~~
09:21:53 src/renderer/3d/pipeline/static/core/stapip_qbuffer.cpp:229:35: warning: 'void* memcpy(void*, const void*, size_t)' writing to an object of type 'class Tyra::Vec4' with no trivial copy-assignment; use copy-assignment or copy-initialization instead [-Wclass-memaccess]
09:21:53   229 |     if (pkg1.bag->lighting) memcpy(normals + offset, pkg->normals, bytes);
09:21:53       |                             ~~~~~~^~~~~~~~~~~~~~~~~~~~~~~~~~~~~~~~~~~~~~~
09:21:53 inc/math/vec4.hpp:24:7: note: 'class Tyra::Vec4' declared here
09:21:53    24 | class Vec4 {
09:21:53       |       ^~~~
09:21:53 src/renderer/3d/pipeline/static/core/stapip_qbuffer.cpp: In member function 'void Tyra::StaPipQBuffer::fillByCopy1By3(const Tyra::StaPipBagPackage&)':
09:21:53 src/renderer/3d/pipeline/static/core/stapip_qbuffer.cpp:253:9: warning: 'void* memcpy(void*, const void*, size_t)' writing to an object of type 'class Tyra::Vec4' with no trivial copy-assignment; use copy-assignment or copy-initialization instead [-Wclass-memaccess]
09:21:53   253 |   memcpy(vertices, pkg.vertices, bytes);
09:21:53       |   ~~~~~~^~~~~~~~~~~~~~~~~~~~~~~~~~~~~~~
09:21:53 inc/math/vec4.hpp:24:7: note: 'class Tyra::Vec4' declared here
09:21:53    24 | class Vec4 {
09:21:53       |       ^~~~
09:21:53 src/renderer/3d/pipeline/static/core/stapip_qbuffer.cpp:254:31: warning: 'void* memcpy(void*, const void*, size_t)' writing to an object of type 'class Tyra::Vec4' with no trivial copy-assignment; use copy-assignment or copy-initialization instead [-Wclass-memaccess]
09:21:53   254 |   if (pkg.bag->texture) memcpy(sts, pkg.sts, bytes);
09:21:53       |                         ~~~~~~^~~~~~~~~~~~~~~~~~~~~
09:21:53 inc/math/vec4.hpp:24:7: note: 'class Tyra::Vec4' declared here
09:21:53    24 | class Vec4 {
09:21:53       |       ^~~~
09:21:53 src/renderer/3d/pipeline/static/core/stapip_qbuffer.cpp:255:35: warning: 'void* memcpy(void*, const void*, size_t)' writing to an object of type 'class Tyra::Vec4' with no trivial copy-assignment; use copy-assignment or copy-initialization instead [-Wclass-memaccess]
09:21:53   255 |   if (pkg.bag->color->many) memcpy(colors, pkg.colors, bytes);
09:21:53       |                             ~~~~~~^~~~~~~~~~~~~~~~~~~~~~~~~~~
09:21:53 inc/math/vec4.hpp:24:7: note: 'class Tyra::Vec4' declared here
09:21:53    24 | class Vec4 {
09:21:53       |       ^~~~
09:21:53 src/renderer/3d/pipeline/static/core/stapip_qbuffer.cpp:256:32: warning: 'void* memcpy(void*, const void*, size_t)' writing to an object of type 'class Tyra::Vec4' with no trivial copy-assignment; use copy-assignment or copy-initialization instead [-Wclass-memaccess]
09:21:53   256 |   if (pkg.bag->lighting) memcpy(normals, pkg.normals, bytes);
09:21:53       |                          ~~~~~~^~~~~~~~~~~~~~~~~~~~~~~~~~~~~
09:21:53 inc/math/vec4.hpp:24:7: note: 'class Tyra::Vec4' declared here
09:21:53    24 | class Vec4 {
09:21:53       |       ^~~~
09:21:53 mips64r5900el-ps2-elf-g++ -D_EE -G0 -Wall -O3 -fdebug-prefix-map=/home/spider/.cache/tyrax/native/projects/38962b915a740e66bc478016=/mnt/f/Projects/tyrax2-lab-20261001/player-light-public-runtime-v1/fixtures/vehicle-players -fdebug-prefix-map=/home/spider/.cache/tyrax/native/engines/402d636fe32cfedbc6d29f7f/tyra/engine=/mnt/f/Projects/tyra-editor/vendor/tyra/engine -fdebug-prefix-map=/home/spider/.cache/tyrax/native/toolchains/eff2c8918589264d49aa9a0f=/mnt/c/Users/pawel/AppData/Local/tyra-editor/toolchain/ps2dev  -Iinc -I/home/spider/.cache/tyrax/native/toolchains/eff2c8918589264d49aa9a0f/ps2sdk/ee/include -I/home/spider/.cache/tyrax/native/toolchains/eff2c8918589264d49aa9a0f/ps2sdk/common/include -I/home/spider/.cache/tyrax/native/toolchains/eff2c8918589264d49aa9a0f/ps2sdk/ports/include -MMD -MP -MF obj/renderer/core/renderer_core_sync.d -c -o obj/renderer/core/renderer_core_sync.o src/renderer/core/renderer_core_sync.cpp
09:21:54 mips64r5900el-ps2-elf-g++ -D_EE -G0 -Wall -O3 -fdebug-prefix-map=/home/spider/.cache/tyrax/native/projects/38962b915a740e66bc478016=/mnt/f/Projects/tyrax2-lab-20261001/player-light-public-runtime-v1/fixtures/vehicle-players -fdebug-prefix-map=/home/spider/.cache/tyrax/native/engines/402d636fe32cfedbc6d29f7f/tyra/engine=/mnt/f/Projects/tyra-editor/vendor/tyra/engine -fdebug-prefix-map=/home/spider/.cache/tyrax/native/toolchains/eff2c8918589264d49aa9a0f=/mnt/c/Users/pawel/AppData/Local/tyra-editor/toolchain/ps2dev  -Iinc -I/home/spider/.cache/tyrax/native/toolchains/eff2c8918589264d49aa9a0f/ps2sdk/ee/include -I/home/spider/.cache/tyrax/native/toolchains/eff2c8918589264d49aa9a0f/ps2sdk/common/include -I/home/spider/.cache/tyrax/native/toolchains/eff2c8918589264d49aa9a0f/ps2sdk/ports/include -MMD -MP -MF obj/renderer/core/shadowmap/renderer_core_shadow_map.d -c -o obj/renderer/core/shadowmap/renderer_core_shadow_map.o src/renderer/core/shadowmap/renderer_core_shadow_map.cpp
09:21:54 mips64r5900el-ps2-elf-g++ -D_EE -G0 -Wall -O3 -fdebug-prefix-map=/home/spider/.cache/tyrax/native/projects/38962b915a740e66bc478016=/mnt/f/Projects/tyrax2-lab-20261001/player-light-public-runtime-v1/fixtures/vehicle-players -fdebug-prefix-map=/home/spider/.cache/tyrax/native/engines/402d636fe32cfedbc6d29f7f/tyra/engine=/mnt/f/Projects/tyra-editor/vendor/tyra/engine -fdebug-prefix-map=/home/spider/.cache/tyrax/native/toolchains/eff2c8918589264d49aa9a0f=/mnt/c/Users/pawel/AppData/Local/tyra-editor/toolchain/ps2dev  -Iinc -I/home/spider/.cache/tyrax/native/toolchains/eff2c8918589264d49aa9a0f/ps2sdk/ee/include -I/home/spider/.cache/tyrax/native/toolchains/eff2c8918589264d49aa9a0f/ps2sdk/common/include -I/home/spider/.cache/tyrax/native/toolchains/eff2c8918589264d49aa9a0f/ps2sdk/ports/include -MMD -MP -MF obj/renderer/core/splitview/renderer_core_splitview.d -c -o obj/renderer/core/splitview/renderer_core_splitview.o src/renderer/core/splitview/renderer_core_splitview.cpp
09:21:54 mips64r5900el-ps2-elf-g++ -D_EE -G0 -Wall -O3 -fdebug-prefix-map=/home/spider/.cache/tyrax/native/projects/38962b915a740e66bc478016=/mnt/f/Projects/tyrax2-lab-20261001/player-light-public-runtime-v1/fixtures/vehicle-players -fdebug-prefix-map=/home/spider/.cache/tyrax/native/engines/402d636fe32cfedbc6d29f7f/tyra/engine=/mnt/f/Projects/tyra-editor/vendor/tyra/engine -fdebug-prefix-map=/home/spider/.cache/tyrax/native/toolchains/eff2c8918589264d49aa9a0f=/mnt/c/Users/pawel/AppData/Local/tyra-editor/toolchain/ps2dev  -Iinc -I/home/spider/.cache/tyrax/native/toolchains/eff2c8918589264d49aa9a0f/ps2sdk/ee/include -I/home/spider/.cache/tyrax/native/toolchains/eff2c8918589264d49aa9a0f/ps2sdk/common/include -I/home/spider/.cache/tyrax/native/toolchains/eff2c8918589264d49aa9a0f/ps2sdk/ports/include -MMD -MP -MF obj/renderer/core/texture/models/texture.d -c -o obj/renderer/core/texture/models/texture.o src/renderer/core/texture/models/texture.cpp
09:21:54 mips64r5900el-ps2-elf-g++ -D_EE -G0 -Wall -O3 -fdebug-prefix-map=/home/spider/.cache/tyrax/native/projects/38962b915a740e66bc478016=/mnt/f/Projects/tyrax2-lab-20261001/player-light-public-runtime-v1/fixtures/vehicle-players -fdebug-prefix-map=/home/spider/.cache/tyrax/native/engines/402d636fe32cfedbc6d29f7f/tyra/engine=/mnt/f/Projects/tyra-editor/vendor/tyra/engine -fdebug-prefix-map=/home/spider/.cache/tyrax/native/toolchains/eff2c8918589264d49aa9a0f=/mnt/c/Users/pawel/AppData/Local/tyra-editor/toolchain/ps2dev  -Iinc -I/home/spider/.cache/tyrax/native/toolchains/eff2c8918589264d49aa9a0f/ps2sdk/ee/include -I/home/spider/.cache/tyrax/native/toolchains/eff2c8918589264d49aa9a0f/ps2sdk/common/include -I/home/spider/.cache/tyrax/native/toolchains/eff2c8918589264d49aa9a0f/ps2sdk/ports/include -MMD -MP -MF obj/renderer/core/texture/renderer_core_texture.d -c -o obj/renderer/core/texture/renderer_core_texture.o src/renderer/core/texture/renderer_core_texture.cpp
09:21:54 mips64r5900el-ps2-elf-g++ -D_EE -G0 -Wall -O3 -fdebug-prefix-map=/home/spider/.cache/tyrax/native/projects/38962b915a740e66bc478016=/mnt/f/Projects/tyrax2-lab-20261001/player-light-public-runtime-v1/fixtures/vehicle-players -fdebug-prefix-map=/home/spider/.cache/tyrax/native/engines/402d636fe32cfedbc6d29f7f/tyra/engine=/mnt/f/Projects/tyra-editor/vendor/tyra/engine -fdebug-prefix-map=/home/spider/.cache/tyrax/native/toolchains/eff2c8918589264d49aa9a0f=/mnt/c/Users/pawel/AppData/Local/tyra-editor/toolchain/ps2dev  -Iinc -I/home/spider/.cache/tyrax/native/toolchains/eff2c8918589264d49aa9a0f/ps2sdk/ee/include -I/home/spider/.cache/tyrax/native/toolchains/eff2c8918589264d49aa9a0f/ps2sdk/common/include -I/home/spider/.cache/tyrax/native/toolchains/eff2c8918589264d49aa9a0f/ps2sdk/ports/include -MMD -MP -MF obj/renderer/core/texture/renderer_core_texture_sender.d -c -o obj/renderer/core/texture/renderer_core_texture_sender.o src/renderer/core/texture/renderer_core_texture_sender.cpp
09:21:54 mips64r5900el-ps2-elf-g++ -D_EE -G0 -Wall -O3 -fdebug-prefix-map=/home/spider/.cache/tyrax/native/projects/38962b915a740e66bc478016=/mnt/f/Projects/tyrax2-lab-20261001/player-light-public-runtime-v1/fixtures/vehicle-players -fdebug-prefix-map=/home/spider/.cache/tyrax/native/engines/402d636fe32cfedbc6d29f7f/tyra/engine=/mnt/f/Projects/tyra-editor/vendor/tyra/engine -fdebug-prefix-map=/home/spider/.cache/tyrax/native/toolchains/eff2c8918589264d49aa9a0f=/mnt/c/Users/pawel/AppData/Local/tyra-editor/toolchain/ps2dev  -Iinc -I/home/spider/.cache/tyrax/native/toolchains/eff2c8918589264d49aa9a0f/ps2sdk/ee/include -I/home/spider/.cache/tyrax/native/toolchains/eff2c8918589264d49aa9a0f/ps2sdk/common/include -I/home/spider/.cache/tyrax/native/toolchains/eff2c8918589264d49aa9a0f/ps2sdk/ports/include -MMD -MP -MF obj/renderer/core/texture/texture_repository.d -c -o obj/renderer/core/texture/texture_repository.o src/renderer/core/texture/texture_repository.cpp
09:21:55 mips64r5900el-ps2-elf-g++ -D_EE -G0 -Wall -O3 -fdebug-prefix-map=/home/spider/.cache/tyrax/native/projects/38962b915a740e66bc478016=/mnt/f/Projects/tyrax2-lab-20261001/player-light-public-runtime-v1/fixtures/vehicle-players -fdebug-prefix-map=/home/spider/.cache/tyrax/native/engines/402d636fe32cfedbc6d29f7f/tyra/engine=/mnt/f/Projects/tyra-editor/vendor/tyra/engine -fdebug-prefix-map=/home/spider/.cache/tyrax/native/toolchains/eff2c8918589264d49aa9a0f=/mnt/c/Users/pawel/AppData/Local/tyra-editor/toolchain/ps2dev  -Iinc -I/home/spider/.cache/tyrax/native/toolchains/eff2c8918589264d49aa9a0f/ps2sdk/ee/include -I/home/spider/.cache/tyrax/native/toolchains/eff2c8918589264d49aa9a0f/ps2sdk/common/include -I/home/spider/.cache/tyrax/native/toolchains/eff2c8918589264d49aa9a0f/ps2sdk/ports/include -MMD -MP -MF obj/renderer/core/warp/renderer_core_warp.d -c -o obj/renderer/core/warp/renderer_core_warp.o src/renderer/core/warp/renderer_core_warp.cpp
09:21:55 mips64r5900el-ps2-elf-g++ -D_EE -G0 -Wall -O3 -fdebug-prefix-map=/home/spider/.cache/tyrax/native/projects/38962b915a740e66bc478016=/mnt/f/Projects/tyrax2-lab-20261001/player-light-public-runtime-v1/fixtures/vehicle-players -fdebug-prefix-map=/home/spider/.cache/tyrax/native/engines/402d636fe32cfedbc6d29f7f/tyra/engine=/mnt/f/Projects/tyra-editor/vendor/tyra/engine -fdebug-prefix-map=/home/spider/.cache/tyrax/native/toolchains/eff2c8918589264d49aa9a0f=/mnt/c/Users/pawel/AppData/Local/tyra-editor/toolchain/ps2dev  -Iinc -I/home/spider/.cache/tyrax/native/toolchains/eff2c8918589264d49aa9a0f/ps2sdk/ee/include -I/home/spider/.cache/tyrax/native/toolchains/eff2c8918589264d49aa9a0f/ps2sdk/common/include -I/home/spider/.cache/tyrax/native/toolchains/eff2c8918589264d49aa9a0f/ps2sdk/ports/include -MMD -MP -MF obj/renderer/renderer.d -c -o obj/renderer/renderer.o src/renderer/renderer.cpp
09:21:55 mips64r5900el-ps2-elf-g++ -D_EE -G0 -Wall -O3 -fdebug-prefix-map=/home/spider/.cache/tyrax/native/projects/38962b915a740e66bc478016=/mnt/f/Projects/tyrax2-lab-20261001/player-light-public-runtime-v1/fixtures/vehicle-players -fdebug-prefix-map=/home/spider/.cache/tyrax/native/engines/402d636fe32cfedbc6d29f7f/tyra/engine=/mnt/f/Projects/tyra-editor/vendor/tyra/engine -fdebug-prefix-map=/home/spider/.cache/tyrax/native/toolchains/eff2c8918589264d49aa9a0f=/mnt/c/Users/pawel/AppData/Local/tyra-editor/toolchain/ps2dev  -Iinc -I/home/spider/.cache/tyrax/native/toolchains/eff2c8918589264d49aa9a0f/ps2sdk/ee/include -I/home/spider/.cache/tyrax/native/toolchains/eff2c8918589264d49aa9a0f/ps2sdk/common/include -I/home/spider/.cache/tyrax/native/toolchains/eff2c8918589264d49aa9a0f/ps2sdk/ports/include -MMD -MP -MF obj/renderer/rt/vu0_raytracer.d -c -o obj/renderer/rt/vu0_raytracer.o src/renderer/rt/vu0_raytracer.cpp
09:23:05 mips64r5900el-ps2-elf-ar rcs bin/libtyra.a obj/audio/audio.o obj/audio/audio_adpcm.o obj/audio/audio_reverb.o obj/audio/audio_song.o obj/debug/crash_handler.o obj/debug/debug.o obj/debug/frame_profile.o obj/debug/hardware_trace.o obj/debug/sifrpc_guard.o obj/engine.o obj/file/file_utils.o obj/info/banner.o obj/info/banner_data.o obj/info/info.o obj/irx/irx_loader.o obj/loaders/3d/builder/mesh_builder_data.o obj/loaders/3d/builder/mesh_builder_material_data.o obj/loaders/3d/builder/mesh_builder_material_frame_data.o obj/loaders/3d/md2_loader/md2_loader.o obj/loaders/3d/obj_loader/lean_obj_loader.o obj/loaders/3d/obj_loader/obj_loader.o obj/loaders/3d/tanm_loader/tanm_loader.o obj/loaders/3d/tmdl_loader/tmdl_loader.o obj/loaders/3d/tskl_loader/tskl_loader.o obj/loaders/texture/base/texture_builder_data.o obj/loaders/texture/base/texture_loader.o obj/loaders/texture/base/texture_loader_selector.o obj/loaders/texture/png_loader.o obj/math/m4x4.o obj/math/math.o obj/math/plane.o obj/math/vec2.o obj/math/vec4.o obj/pad/kbd_mouse.o obj/pad/pad.o obj/physics/collision_mesh.o obj/physics/ray.o obj/renderer/2d/renderer_2d.o obj/renderer/3d/bbox/bbox.o obj/renderer/3d/mesh/dynamic/dynamic_mesh.o obj/renderer/3d/mesh/dynamic/dynamic_mesh_animation.o obj/renderer/3d/mesh/dynamic/skel_instance.o obj/renderer/3d/mesh/mesh.o obj/renderer/3d/mesh/mesh_frame.o obj/renderer/3d/mesh/mesh_material.o obj/renderer/3d/mesh/mesh_material_frame.o obj/renderer/3d/mesh/static/static_mesh.o obj/renderer/3d/pipeline/dynamic/core/bag/dynpip_bag.o obj/renderer/3d/pipeline/dynamic/core/bag/dynpip_color_bag.o obj/renderer/3d/pipeline/dynamic/core/bag/dynpip_lighting_bag.o obj/renderer/3d/pipeline/dynamic/core/bag/dynpip_texture_bag.o obj/renderer/3d/pipeline/dynamic/core/dynpip_core.o obj/renderer/3d/pipeline/dynamic/core/dynpip_programs_repository.o obj/renderer/3d/pipeline/dynamic/core/dynpip_renderer.o obj/renderer/3d/pipeline/dynamic/core/dynpip_vu1_program.o obj/renderer/3d/pipeline/dynamic/core/programs/dynpip_c_vu1_program.o obj/renderer/3d/pipeline/dynamic/core/programs/dynpip_d_vu1_program.o obj/renderer/3d/pipeline/dynamic/core/programs/dynpip_tc_vu1_program.o obj/renderer/3d/pipeline/dynamic/core/programs/dynpip_td_vu1_program.o obj/renderer/3d/pipeline/dynamic/dynamic_pipeline.o obj/renderer/3d/pipeline/minecraft/data/mcpip_block_data.o obj/renderer/3d/pipeline/minecraft/data/mcpip_multi_tex_block_data.o obj/renderer/3d/pipeline/minecraft/data/mcpip_single_tex_block_data.o obj/renderer/3d/pipeline/minecraft/minecraft_pipeline.o obj/renderer/3d/pipeline/minecraft/programs/as_is/mcpip_as_is_vu1_program.o obj/renderer/3d/pipeline/minecraft/programs/as_is/mcpip_clip.o obj/renderer/3d/pipeline/minecraft/programs/cull/mcpip_cull.o obj/renderer/3d/pipeline/minecraft/programs/cull/mcpip_cull_vu1_program.o obj/renderer/3d/pipeline/minecraft/programs/mcpip_program.o obj/renderer/3d/pipeline/minecraft/programs/mcpip_programs_manager.o obj/renderer/3d/pipeline/minecraft/programs/mcpip_programs_repository.o obj/renderer/3d/pipeline/shared/bag/pipeline_dir_lights_bag.o obj/renderer/3d/pipeline/static/core/bag/packaging/stapip_bag_package.o obj/renderer/3d/pipeline/static/core/bag/packaging/stapip_bag_packager.o obj/renderer/3d/pipeline/static/core/bag/packaging/stapip_bag_packages_bbox.o obj/renderer/3d/pipeline/static/core/bag/stapip_bag.o obj/renderer/3d/pipeline/static/core/bag/stapip_color_bag.o obj/renderer/3d/pipeline/static/core/bag/stapip_lighting_bag.o obj/renderer/3d/pipeline/static/core/bag/stapip_texture_bag.o obj/renderer/3d/pipeline/static/core/programs/as_is/stapip_as_is_c_vu1_program.o obj/renderer/3d/pipeline/static/core/programs/as_is/stapip_as_is_d_vu1_program.o obj/renderer/3d/pipeline/static/core/programs/as_is/stapip_as_is_tc_vu1_program.o obj/renderer/3d/pipeline/static/core/programs/as_is/stapip_as_is_tce_vu1_program.o obj/renderer/3d/pipeline/static/core/programs/as_is/stapip_as_is_td_vu1_program.o obj/renderer/3d/pipeline/static/core/programs/billboard/stapip_billboard_c_vu1_program.o obj/renderer/3d/pipeline/static/core/programs/billboard/stapip_billboard_t_vu1_program.o obj/renderer/3d/pipeline/static/core/programs/clip/stapip_clip_c_vu1_program.o obj/renderer/3d/pipeline/static/core/programs/clip/stapip_clip_d_vu1_program.o obj/renderer/3d/pipeline/static/core/programs/clip/stapip_clip_tc_vu1_program.o obj/renderer/3d/pipeline/static/core/programs/clip/stapip_clip_tce_vu1_program.o obj/renderer/3d/pipeline/static/core/programs/clip/stapip_clip_td_vu1_program.o obj/renderer/3d/pipeline/static/core/programs/cull/stapip_cull_c_vu1_program.o obj/renderer/3d/pipeline/static/core/programs/cull/stapip_cull_d_vu1_program.o obj/renderer/3d/pipeline/static/core/programs/cull/stapip_cull_tc_vu1_program.o obj/renderer/3d/pipeline/static/core/programs/cull/stapip_cull_tce_vu1_program.o obj/renderer/3d/pipeline/static/core/programs/cull/stapip_cull_td_vu1_program.o obj/renderer/3d/pipeline/static/core/stapip_bag_bboxes_cacher.o obj/renderer/3d/pipeline/static/core/stapip_clipper.o obj/renderer/3d/pipeline/static/core/stapip_core.o obj/renderer/3d/pipeline/static/core/stapip_programs_repository.o obj/renderer/3d/pipeline/static/core/stapip_qbuffer.o obj/renderer/3d/pipeline/static/core/stapip_qbuffer_renderer.o obj/renderer/3d/pipeline/static/core/stapip_vif_hash.o obj/renderer/3d/pipeline/static/core/stapip_vu1_program.o obj/renderer/3d/pipeline/static/core/stapip_vu_tap.o obj/renderer/3d/pipeline/static/static_pipeline.o obj/renderer/3d/renderer_3d.o obj/renderer/3d/renderer_3d_utility.o obj/renderer/core/2d/renderer_core_2d.o obj/renderer/core/2d/sprite/sprite.o obj/renderer/core/3d/bbox/core_bbox.o obj/renderer/core/3d/bbox/render_bbox.o obj/renderer/core/3d/camera_info_3d.o obj/renderer/core/3d/clipper/planes_clip_algorithm.o obj/renderer/core/3d/renderer_3d_frustum_planes.o obj/renderer/core/3d/renderer_core_3d.o obj/renderer/core/alphamask/renderer_core_alpha_mask.o obj/renderer/core/blss/renderer_core_blss.o obj/renderer/core/envmap/renderer_core_envmap.o obj/renderer/core/gs/renderer_core_depth.o obj/renderer/core/gs/renderer_core_gs.o obj/renderer/core/gs/renderer_core_gs_vram.o obj/renderer/core/paths/path1/path1.o obj/renderer/core/paths/path1/vif1_queue.o obj/renderer/core/paths/path1/vu1_program.o obj/renderer/core/paths/path3/path3.o obj/renderer/core/postfx/renderer_core_postfx.o obj/renderer/core/renderer_core.o obj/renderer/core/renderer_core_sync.o obj/renderer/core/shadowmap/renderer_core_shadow_map.o obj/renderer/core/splitview/renderer_core_splitview.o obj/renderer/core/texture/models/texture.o obj/renderer/core/texture/renderer_core_texture.o obj/renderer/core/texture/renderer_core_texture_sender.o obj/renderer/core/texture/texture_data.o obj/renderer/core/texture/texture_repository.o obj/renderer/core/warp/renderer_core_warp.o obj/renderer/models/color.o obj/renderer/renderer.o obj/renderer/renderer_settings.o obj/renderer/rt/vu0_raytracer.o obj/thread/threading.o obj/time/timer.o obj/renderer/3d/pipeline/dynamic/core/programs/dynpip_c_vu1.o obj/renderer/3d/pipeline/dynamic/core/programs/dynpip_d_vu1.o obj/renderer/3d/pipeline/dynamic/core/programs/dynpip_tc_vu1.o obj/renderer/3d/pipeline/dynamic/core/programs/dynpip_td_vu1.o obj/renderer/3d/pipeline/minecraft/programs/as_is/mcpip_as_is_vu1.o obj/renderer/3d/pipeline/minecraft/programs/cull/mcpip_cull_vu1.o obj/renderer/3d/pipeline/static/core/programs/as_is/stapip_as_is_c_vu1.o obj/renderer/3d/pipeline/static/core/programs/as_is/stapip_as_is_d_fold_vu1.o obj/renderer/3d/pipeline/static/core/programs/as_is/stapip_as_is_d_vu1.o obj/renderer/3d/pipeline/static/core/programs/as_is/stapip_as_is_tc_vu1.o obj/renderer/3d/pipeline/static/core/programs/as_is/stapip_as_is_tce_vu1.o obj/renderer/3d/pipeline/static/core/programs/as_is/stapip_as_is_td_fold_vu1.o obj/renderer/3d/pipeline/static/core/programs/as_is/stapip_as_is_td_vu1.o obj/renderer/3d/pipeline/static/core/programs/billboard/stapip_billboard_c_vu1.o obj/renderer/3d/pipeline/static/core/programs/billboard/stapip_billboard_t_vu1.o obj/renderer/3d/pipeline/static/core/programs/clip/stapip_clip_c_fold_vu1.o obj/renderer/3d/pipeline/static/core/programs/clip/stapip_clip_c_vu1.o obj/renderer/3d/pipeline/static/core/programs/clip/stapip_clip_d_vu1.o obj/renderer/3d/pipeline/static/core/programs/clip/stapip_clip_tc_fold_vu1.o obj/renderer/3d/pipeline/static/core/programs/clip/stapip_clip_tc_vu1.o obj/renderer/3d/pipeline/static/core/programs/clip/stapip_clip_tce_vu1.o obj/renderer/3d/pipeline/static/core/programs/clip/stapip_clip_td_vu1.o obj/renderer/3d/pipeline/static/core/programs/cull/stapip_cull_c_vu1.o obj/renderer/3d/pipeline/static/core/programs/cull/stapip_cull_d_fold_vu1.o obj/renderer/3d/pipeline/static/core/programs/cull/stapip_cull_d_vu1.o obj/renderer/3d/pipeline/static/core/programs/cull/stapip_cull_tc_vu1.o obj/renderer/3d/pipeline/static/core/programs/cull/stapip_cull_tce_envn_vu1.o obj/renderer/3d/pipeline/static/core/programs/cull/stapip_cull_tce_vu1.o obj/renderer/3d/pipeline/static/core/programs/cull/stapip_cull_td_fold_vu1.o obj/renderer/3d/pipeline/static/core/programs/cull/stapip_cull_td_vu1.o obj/renderer/core/paths/path1/draw_finish.o obj/renderer/rt/vu0_rt_kernel.o obj/irx/audsrv.o obj/irx/bdm.o obj/irx/bdmfs_fatfs.o obj/irx/fileXio.o obj/irx/iomanX.o obj/irx/libsd.o obj/irx/padman.o obj/irx/ps2kbd.o obj/irx/ps2mouse.o obj/irx/ps2snd.o obj/irx/sio2man.o obj/irx/usbd.o obj/irx/usbmass_bd.o
09:23:05 make: Leaving directory '/home/spider/.cache/tyrax/native/engines/402d636fe32cfedbc6d29f7f/tyra/engine'
09:23:05 [editor] Compiling natively (PS2DEV + OpenVCL)...
09:23:05 make: Entering directory '/home/spider/.cache/tyrax/native/projects/38962b915a740e66bc478016'
09:23:05 mips64r5900el-ps2-elf-g++ -g -D_EE -G0 -Wall -O3 -fdebug-prefix-map=/home/spider/.cache/tyrax/native/projects/38962b915a740e66bc478016=/mnt/f/Projects/tyrax2-lab-20261001/player-light-public-runtime-v1/fixtures/vehicle-players -fdebug-prefix-map=/home/spider/.cache/tyrax/native/engines/402d636fe32cfedbc6d29f7f/tyra/engine=/mnt/f/Projects/tyra-editor/vendor/tyra/engine -fdebug-prefix-map=/home/spider/.cache/tyrax/native/toolchains/eff2c8918589264d49aa9a0f=/mnt/c/Users/pawel/AppData/Local/tyra-editor/toolchain/ps2dev  -Iinc -I/home/spider/.cache/tyrax/native/engines/402d636fe32cfedbc6d29f7f/tyra/engine/inc -I/home/spider/.cache/tyrax/native/toolchains/eff2c8918589264d49aa9a0f/ps2sdk/ee/include -I/home/spider/.cache/tyrax/native/toolchains/eff2c8918589264d49aa9a0f/ps2sdk/common/include -I/home/spider/.cache/tyrax/native/toolchains/eff2c8918589264d49aa9a0f/ps2sdk/ports/include -MMD -MP -MF obj/gen/credits.gen.d -c -o obj/gen/credits.gen.o src/gen/credits.gen.cpp
09:23:05 mips64r5900el-ps2-elf-g++ -g -D_EE -G0 -Wall -O3 -fdebug-prefix-map=/home/spider/.cache/tyrax/native/projects/38962b915a740e66bc478016=/mnt/f/Projects/tyrax2-lab-20261001/player-light-public-runtime-v1/fixtures/vehicle-players -fdebug-prefix-map=/home/spider/.cache/tyrax/native/engines/402d636fe32cfedbc6d29f7f/tyra/engine=/mnt/f/Projects/tyra-editor/vendor/tyra/engine -fdebug-prefix-map=/home/spider/.cache/tyrax/native/toolchains/eff2c8918589264d49aa9a0f=/mnt/c/Users/pawel/AppData/Local/tyra-editor/toolchain/ps2dev  -Iinc -I/home/spider/.cache/tyrax/native/engines/402d636fe32cfedbc6d29f7f/tyra/engine/inc -I/home/spider/.cache/tyrax/native/toolchains/eff2c8918589264d49aa9a0f/ps2sdk/ee/include -I/home/spider/.cache/tyrax/native/toolchains/eff2c8918589264d49aa9a0f/ps2sdk/common/include -I/home/spider/.cache/tyrax/native/toolchains/eff2c8918589264d49aa9a0f/ps2sdk/ports/include -MMD -MP -MF obj/gen/flow_graph.gen.d -c -o obj/gen/flow_graph.gen.o src/gen/flow_graph.gen.cpp
09:23:05 mips64r5900el-ps2-elf-g++ -g -D_EE -G0 -Wall -O3 -fdebug-prefix-map=/home/spider/.cache/tyrax/native/projects/38962b915a740e66bc478016=/mnt/f/Projects/tyrax2-lab-20261001/player-light-public-runtime-v1/fixtures/vehicle-players -fdebug-prefix-map=/home/spider/.cache/tyrax/native/engines/402d636fe32cfedbc6d29f7f/tyra/engine=/mnt/f/Projects/tyra-editor/vendor/tyra/engine -fdebug-prefix-map=/home/spider/.cache/tyrax/native/toolchains/eff2c8918589264d49aa9a0f=/mnt/c/Users/pawel/AppData/Local/tyra-editor/toolchain/ps2dev  -Iinc -I/home/spider/.cache/tyrax/native/engines/402d636fe32cfedbc6d29f7f/tyra/engine/inc -I/home/spider/.cache/tyrax/native/toolchains/eff2c8918589264d49aa9a0f/ps2sdk/ee/include -I/home/spider/.cache/tyrax/native/toolchains/eff2c8918589264d49aa9a0f/ps2sdk/common/include -I/home/spider/.cache/tyrax/native/toolchains/eff2c8918589264d49aa9a0f/ps2sdk/ports/include -MMD -MP -MF obj/gen/game_collision.gen.d -c -o obj/gen/game_collision.gen.o src/gen/game_collision.gen.cpp
09:23:05 mips64r5900el-ps2-elf-g++ -g -D_EE -G0 -Wall -O3 -fdebug-prefix-map=/home/spider/.cache/tyrax/native/projects/38962b915a740e66bc478016=/mnt/f/Projects/tyrax2-lab-20261001/player-light-public-runtime-v1/fixtures/vehicle-players -fdebug-prefix-map=/home/spider/.cache/tyrax/native/engines/402d636fe32cfedbc6d29f7f/tyra/engine=/mnt/f/Projects/tyra-editor/vendor/tyra/engine -fdebug-prefix-map=/home/spider/.cache/tyrax/native/toolchains/eff2c8918589264d49aa9a0f=/mnt/c/Users/pawel/AppData/Local/tyra-editor/toolchain/ps2dev  -Iinc -I/home/spider/.cache/tyrax/native/engines/402d636fe32cfedbc6d29f7f/tyra/engine/inc -I/home/spider/.cache/tyrax/native/toolchains/eff2c8918589264d49aa9a0f/ps2sdk/ee/include -I/home/spider/.cache/tyrax/native/toolchains/eff2c8918589264d49aa9a0f/ps2sdk/common/include -I/home/spider/.cache/tyrax/native/toolchains/eff2c8918589264d49aa9a0f/ps2sdk/ports/include -MMD -MP -MF obj/gen/game_lighting.gen.d -c -o obj/gen/game_lighting.gen.o src/gen/game_lighting.gen.cpp
09:23:05 mips64r5900el-ps2-elf-g++ -g -D_EE -G0 -Wall -O3 -fdebug-prefix-map=/home/spider/.cache/tyrax/native/projects/38962b915a740e66bc478016=/mnt/f/Projects/tyrax2-lab-20261001/player-light-public-runtime-v1/fixtures/vehicle-players -fdebug-prefix-map=/home/spider/.cache/tyrax/native/engines/402d636fe32cfedbc6d29f7f/tyra/engine=/mnt/f/Projects/tyra-editor/vendor/tyra/engine -fdebug-prefix-map=/home/spider/.cache/tyrax/native/toolchains/eff2c8918589264d49aa9a0f=/mnt/c/Users/pawel/AppData/Local/tyra-editor/toolchain/ps2dev  -Iinc -I/home/spider/.cache/tyrax/native/engines/402d636fe32cfedbc6d29f7f/tyra/engine/inc -I/home/spider/.cache/tyrax/native/toolchains/eff2c8918589264d49aa9a0f/ps2sdk/ee/include -I/home/spider/.cache/tyrax/native/toolchains/eff2c8918589264d49aa9a0f/ps2sdk/common/include -I/home/spider/.cache/tyrax/native/toolchains/eff2c8918589264d49aa9a0f/ps2sdk/ports/include -MMD -MP -MF obj/gen/game_physics.gen.d -c -o obj/gen/game_physics.gen.o src/gen/game_physics.gen.cpp
09:23:05 mips64r5900el-ps2-elf-g++ -g -D_EE -G0 -Wall -O3 -fdebug-prefix-map=/home/spider/.cache/tyrax/native/projects/38962b915a740e66bc478016=/mnt/f/Projects/tyrax2-lab-20261001/player-light-public-runtime-v1/fixtures/vehicle-players -fdebug-prefix-map=/home/spider/.cache/tyrax/native/engines/402d636fe32cfedbc6d29f7f/tyra/engine=/mnt/f/Projects/tyra-editor/vendor/tyra/engine -fdebug-prefix-map=/home/spider/.cache/tyrax/native/toolchains/eff2c8918589264d49aa9a0f=/mnt/c/Users/pawel/AppData/Local/tyra-editor/toolchain/ps2dev  -Iinc -I/home/spider/.cache/tyrax/native/engines/402d636fe32cfedbc6d29f7f/tyra/engine/inc -I/home/spider/.cache/tyrax/native/toolchains/eff2c8918589264d49aa9a0f/ps2sdk/ee/include -I/home/spider/.cache/tyrax/native/toolchains/eff2c8918589264d49aa9a0f/ps2sdk/common/include -I/home/spider/.cache/tyrax/native/toolchains/eff2c8918589264d49aa9a0f/ps2sdk/ports/include -MMD -MP -MF obj/gen/game_scene.gen.d -c -o obj/gen/game_scene.gen.o src/gen/game_scene.gen.cpp
09:23:05 mips64r5900el-ps2-elf-g++ -g -D_EE -G0 -Wall -O3 -fdebug-prefix-map=/home/spider/.cache/tyrax/native/projects/38962b915a740e66bc478016=/mnt/f/Projects/tyrax2-lab-20261001/player-light-public-runtime-v1/fixtures/vehicle-players -fdebug-prefix-map=/home/spider/.cache/tyrax/native/engines/402d636fe32cfedbc6d29f7f/tyra/engine=/mnt/f/Projects/tyra-editor/vendor/tyra/engine -fdebug-prefix-map=/home/spider/.cache/tyrax/native/toolchains/eff2c8918589264d49aa9a0f=/mnt/c/Users/pawel/AppData/Local/tyra-editor/toolchain/ps2dev  -Iinc -I/home/spider/.cache/tyrax/native/engines/402d636fe32cfedbc6d29f7f/tyra/engine/inc -I/home/spider/.cache/tyrax/native/toolchains/eff2c8918589264d49aa9a0f/ps2sdk/ee/include -I/home/spider/.cache/tyrax/native/toolchains/eff2c8918589264d49aa9a0f/ps2sdk/common/include -I/home/spider/.cache/tyrax/native/toolchains/eff2c8918589264d49aa9a0f/ps2sdk/ports/include -MMD -MP -MF obj/gen/game_vehicles.gen.d -c -o obj/gen/game_vehicles.gen.o src/gen/game_vehicles.gen.cpp
09:23:05 mips64r5900el-ps2-elf-g++ -g -D_EE -G0 -Wall -O3 -fdebug-prefix-map=/home/spider/.cache/tyrax/native/projects/38962b915a740e66bc478016=/mnt/f/Projects/tyrax2-lab-20261001/player-light-public-runtime-v1/fixtures/vehicle-players -fdebug-prefix-map=/home/spider/.cache/tyrax/native/engines/402d636fe32cfedbc6d29f7f/tyra/engine=/mnt/f/Projects/tyra-editor/vendor/tyra/engine -fdebug-prefix-map=/home/spider/.cache/tyrax/native/toolchains/eff2c8918589264d49aa9a0f=/mnt/c/Users/pawel/AppData/Local/tyra-editor/toolchain/ps2dev  -Iinc -I/home/spider/.cache/tyrax/native/engines/402d636fe32cfedbc6d29f7f/tyra/engine/inc -I/home/spider/.cache/tyrax/native/toolchains/eff2c8918589264d49aa9a0f/ps2sdk/ee/include -I/home/spider/.cache/tyrax/native/toolchains/eff2c8918589264d49aa9a0f/ps2sdk/common/include -I/home/spider/.cache/tyrax/native/toolchains/eff2c8918589264d49aa9a0f/ps2sdk/ports/include -MMD -MP -MF obj/gen/input_map.gen.d -c -o obj/gen/input_map.gen.o src/gen/input_map.gen.cpp
09:23:05 mips64r5900el-ps2-elf-g++ -g -D_EE -G0 -Wall -O3 -fdebug-prefix-map=/home/spider/.cache/tyrax/native/projects/38962b915a740e66bc478016=/mnt/f/Projects/tyrax2-lab-20261001/player-light-public-runtime-v1/fixtures/vehicle-players -fdebug-prefix-map=/home/spider/.cache/tyrax/native/engines/402d636fe32cfedbc6d29f7f/tyra/engine=/mnt/f/Projects/tyra-editor/vendor/tyra/engine -fdebug-prefix-map=/home/spider/.cache/tyrax/native/toolchains/eff2c8918589264d49aa9a0f=/mnt/c/Users/pawel/AppData/Local/tyra-editor/toolchain/ps2dev  -Iinc -I/home/spider/.cache/tyrax/native/engines/402d636fe32cfedbc6d29f7f/tyra/engine/inc -I/home/spider/.cache/tyrax/native/toolchains/eff2c8918589264d49aa9a0f/ps2sdk/ee/include -I/home/spider/.cache/tyrax/native/toolchains/eff2c8918589264d49aa9a0f/ps2sdk/common/include -I/home/spider/.cache/tyrax/native/toolchains/eff2c8918589264d49aa9a0f/ps2sdk/ports/include -MMD -MP -MF obj/gen/input_replay.gen.d -c -o obj/gen/input_replay.gen.o src/gen/input_replay.gen.cpp
09:23:05 mips64r5900el-ps2-elf-g++ -g -D_EE -G0 -Wall -O3 -fdebug-prefix-map=/home/spider/.cache/tyrax/native/projects/38962b915a740e66bc478016=/mnt/f/Projects/tyrax2-lab-20261001/player-light-public-runtime-v1/fixtures/vehicle-players -fdebug-prefix-map=/home/spider/.cache/tyrax/native/engines/402d636fe32cfedbc6d29f7f/tyra/engine=/mnt/f/Projects/tyra-editor/vendor/tyra/engine -fdebug-prefix-map=/home/spider/.cache/tyrax/native/toolchains/eff2c8918589264d49aa9a0f=/mnt/c/Users/pawel/AppData/Local/tyra-editor/toolchain/ps2dev  -Iinc -I/home/spider/.cache/tyrax/native/engines/402d636fe32cfedbc6d29f7f/tyra/engine/inc -I/home/spider/.cache/tyrax/native/toolchains/eff2c8918589264d49aa9a0f/ps2sdk/ee/include -I/home/spider/.cache/tyrax/native/toolchains/eff2c8918589264d49aa9a0f/ps2sdk/common/include -I/home/spider/.cache/tyrax/native/toolchains/eff2c8918589264d49aa9a0f/ps2sdk/ports/include -MMD -MP -MF obj/gen/live_debug.gen.d -c -o obj/gen/live_debug.gen.o src/gen/live_debug.gen.cpp
09:23:05 mips64r5900el-ps2-elf-g++ -g -D_EE -G0 -Wall -O3 -fdebug-prefix-map=/home/spider/.cache/tyrax/native/projects/38962b915a740e66bc478016=/mnt/f/Projects/tyrax2-lab-20261001/player-light-public-runtime-v1/fixtures/vehicle-players -fdebug-prefix-map=/home/spider/.cache/tyrax/native/engines/402d636fe32cfedbc6d29f7f/tyra/engine=/mnt/f/Projects/tyra-editor/vendor/tyra/engine -fdebug-prefix-map=/home/spider/.cache/tyrax/native/toolchains/eff2c8918589264d49aa9a0f=/mnt/c/Users/pawel/AppData/Local/tyra-editor/toolchain/ps2dev  -Iinc -I/home/spider/.cache/tyrax/native/engines/402d636fe32cfedbc6d29f7f/tyra/engine/inc -I/home/spider/.cache/tyrax/native/toolchains/eff2c8918589264d49aa9a0f/ps2sdk/ee/include -I/home/spider/.cache/tyrax/native/toolchains/eff2c8918589264d49aa9a0f/ps2sdk/common/include -I/home/spider/.cache/tyrax/native/toolchains/eff2c8918589264d49aa9a0f/ps2sdk/ports/include -MMD -MP -MF obj/gen/live_link.gen.d -c -o obj/gen/live_link.gen.o src/gen/live_link.gen.cpp
09:23:05 mips64r5900el-ps2-elf-g++ -g -D_EE -G0 -Wall -O3 -fdebug-prefix-map=/home/spider/.cache/tyrax/native/projects/38962b915a740e66bc478016=/mnt/f/Projects/tyrax2-lab-20261001/player-light-public-runtime-v1/fixtures/vehicle-players -fdebug-prefix-map=/home/spider/.cache/tyrax/native/engines/402d636fe32cfedbc6d29f7f/tyra/engine=/mnt/f/Projects/tyra-editor/vendor/tyra/engine -fdebug-prefix-map=/home/spider/.cache/tyrax/native/toolchains/eff2c8918589264d49aa9a0f=/mnt/c/Users/pawel/AppData/Local/tyra-editor/toolchain/ps2dev  -Iinc -I/home/spider/.cache/tyrax/native/engines/402d636fe32cfedbc6d29f7f/tyra/engine/inc -I/home/spider/.cache/tyrax/native/toolchains/eff2c8918589264d49aa9a0f/ps2sdk/ee/include -I/home/spider/.cache/tyrax/native/toolchains/eff2c8918589264d49aa9a0f/ps2sdk/common/include -I/home/spider/.cache/tyrax/native/toolchains/eff2c8918589264d49aa9a0f/ps2sdk/ports/include -MMD -MP -MF obj/gen/live_logic.gen.d -c -o obj/gen/live_logic.gen.o src/gen/live_logic.gen.cpp
09:23:05 mips64r5900el-ps2-elf-g++ -g -D_EE -G0 -Wall -O3 -fdebug-prefix-map=/home/spider/.cache/tyrax/native/projects/38962b915a740e66bc478016=/mnt/f/Projects/tyrax2-lab-20261001/player-light-public-runtime-v1/fixtures/vehicle-players -fdebug-prefix-map=/home/spider/.cache/tyrax/native/engines/402d636fe32cfedbc6d29f7f/tyra/engine=/mnt/f/Projects/tyra-editor/vendor/tyra/engine -fdebug-prefix-map=/home/spider/.cache/tyrax/native/toolchains/eff2c8918589264d49aa9a0f=/mnt/c/Users/pawel/AppData/Local/tyra-editor/toolchain/ps2dev  -Iinc -I/home/spider/.cache/tyrax/native/engines/402d636fe32cfedbc6d29f7f/tyra/engine/inc -I/home/spider/.cache/tyrax/native/toolchains/eff2c8918589264d49aa9a0f/ps2sdk/ee/include -I/home/spider/.cache/tyrax/native/toolchains/eff2c8918589264d49aa9a0f/ps2sdk/common/include -I/home/spider/.cache/tyrax/native/toolchains/eff2c8918589264d49aa9a0f/ps2sdk/ports/include -MMD -MP -MF obj/gen/live_pad.gen.d -c -o obj/gen/live_pad.gen.o src/gen/live_pad.gen.cpp
09:23:05 mips64r5900el-ps2-elf-g++ -g -D_EE -G0 -Wall -O3 -fdebug-prefix-map=/home/spider/.cache/tyrax/native/projects/38962b915a740e66bc478016=/mnt/f/Projects/tyrax2-lab-20261001/player-light-public-runtime-v1/fixtures/vehicle-players -fdebug-prefix-map=/home/spider/.cache/tyrax/native/engines/402d636fe32cfedbc6d29f7f/tyra/engine=/mnt/f/Projects/tyra-editor/vendor/tyra/engine -fdebug-prefix-map=/home/spider/.cache/tyrax/native/toolchains/eff2c8918589264d49aa9a0f=/mnt/c/Users/pawel/AppData/Local/tyra-editor/toolchain/ps2dev  -Iinc -I/home/spider/.cache/tyrax/native/engines/402d636fe32cfedbc6d29f7f/tyra/engine/inc -I/home/spider/.cache/tyrax/native/toolchains/eff2c8918589264d49aa9a0f/ps2sdk/ee/include -I/home/spider/.cache/tyrax/native/toolchains/eff2c8918589264d49aa9a0f/ps2sdk/common/include -I/home/spider/.cache/tyrax/native/toolchains/eff2c8918589264d49aa9a0f/ps2sdk/ports/include -MMD -MP -MF obj/gen/live_tex.gen.d -c -o obj/gen/live_tex.gen.o src/gen/live_tex.gen.cpp
09:23:05 mips64r5900el-ps2-elf-g++ -g -D_EE -G0 -Wall -O3 -fdebug-prefix-map=/home/spider/.cache/tyrax/native/projects/38962b915a740e66bc478016=/mnt/f/Projects/tyrax2-lab-20261001/player-light-public-runtime-v1/fixtures/vehicle-players -fdebug-prefix-map=/home/spider/.cache/tyrax/native/engines/402d636fe32cfedbc6d29f7f/tyra/engine=/mnt/f/Projects/tyra-editor/vendor/tyra/engine -fdebug-prefix-map=/home/spider/.cache/tyrax/native/toolchains/eff2c8918589264d49aa9a0f=/mnt/c/Users/pawel/AppData/Local/tyra-editor/toolchain/ps2dev  -Iinc -I/home/spider/.cache/tyrax/native/engines/402d636fe32cfedbc6d29f7f/tyra/engine/inc -I/home/spider/.cache/tyrax/native/toolchains/eff2c8918589264d49aa9a0f/ps2sdk/ee/include -I/home/spider/.cache/tyrax/native/toolchains/eff2c8918589264d49aa9a0f/ps2sdk/common/include -I/home/spider/.cache/tyrax/native/toolchains/eff2c8918589264d49aa9a0f/ps2sdk/ports/include -MMD -MP -MF obj/gen/live_time.gen.d -c -o obj/gen/live_time.gen.o src/gen/live_time.gen.cpp
09:23:05 mips64r5900el-ps2-elf-g++ -g -D_EE -G0 -Wall -O3 -fdebug-prefix-map=/home/spider/.cache/tyrax/native/projects/38962b915a740e66bc478016=/mnt/f/Projects/tyrax2-lab-20261001/player-light-public-runtime-v1/fixtures/vehicle-players -fdebug-prefix-map=/home/spider/.cache/tyrax/native/engines/402d636fe32cfedbc6d29f7f/tyra/engine=/mnt/f/Projects/tyra-editor/vendor/tyra/engine -fdebug-prefix-map=/home/spider/.cache/tyrax/native/toolchains/eff2c8918589264d49aa9a0f=/mnt/c/Users/pawel/AppData/Local/tyra-editor/toolchain/ps2dev  -Iinc -I/home/spider/.cache/tyrax/native/engines/402d636fe32cfedbc6d29f7f/tyra/engine/inc -I/home/spider/.cache/tyrax/native/toolchains/eff2c8918589264d49aa9a0f/ps2sdk/ee/include -I/home/spider/.cache/tyrax/native/toolchains/eff2c8918589264d49aa9a0f/ps2sdk/common/include -I/home/spider/.cache/tyrax/native/toolchains/eff2c8918589264d49aa9a0f/ps2sdk/ports/include -MMD -MP -MF obj/gen/navigation.gen.d -c -o obj/gen/navigation.gen.o src/gen/navigation.gen.cpp
09:23:05 mips64r5900el-ps2-elf-g++ -g -D_EE -G0 -Wall -O3 -fdebug-prefix-map=/home/spider/.cache/tyrax/native/projects/38962b915a740e66bc478016=/mnt/f/Projects/tyrax2-lab-20261001/player-light-public-runtime-v1/fixtures/vehicle-players -fdebug-prefix-map=/home/spider/.cache/tyrax/native/engines/402d636fe32cfedbc6d29f7f/tyra/engine=/mnt/f/Projects/tyra-editor/vendor/tyra/engine -fdebug-prefix-map=/home/spider/.cache/tyrax/native/toolchains/eff2c8918589264d49aa9a0f=/mnt/c/Users/pawel/AppData/Local/tyra-editor/toolchain/ps2dev  -Iinc -I/home/spider/.cache/tyrax/native/engines/402d636fe32cfedbc6d29f7f/tyra/engine/inc -I/home/spider/.cache/tyrax/native/toolchains/eff2c8918589264d49aa9a0f/ps2sdk/ee/include -I/home/spider/.cache/tyrax/native/toolchains/eff2c8918589264d49aa9a0f/ps2sdk/common/include -I/home/spider/.cache/tyrax/native/toolchains/eff2c8918589264d49aa9a0f/ps2sdk/ports/include -MMD -MP -MF obj/gen/object_scripts.gen.d -c -o obj/gen/object_scripts.gen.o src/gen/object_scripts.gen.cpp
09:23:05 mips64r5900el-ps2-elf-g++ -g -D_EE -G0 -Wall -O3 -fdebug-prefix-map=/home/spider/.cache/tyrax/native/projects/38962b915a740e66bc478016=/mnt/f/Projects/tyrax2-lab-20261001/player-light-public-runtime-v1/fixtures/vehicle-players -fdebug-prefix-map=/home/spider/.cache/tyrax/native/engines/402d636fe32cfedbc6d29f7f/tyra/engine=/mnt/f/Projects/tyra-editor/vendor/tyra/engine -fdebug-prefix-map=/home/spider/.cache/tyrax/native/toolchains/eff2c8918589264d49aa9a0f=/mnt/c/Users/pawel/AppData/Local/tyra-editor/toolchain/ps2dev  -Iinc -I/home/spider/.cache/tyrax/native/engines/402d636fe32cfedbc6d29f7f/tyra/engine/inc -I/home/spider/.cache/tyrax/native/toolchains/eff2c8918589264d49aa9a0f/ps2sdk/ee/include -I/home/spider/.cache/tyrax/native/toolchains/eff2c8918589264d49aa9a0f/ps2sdk/common/include -I/home/spider/.cache/tyrax/native/toolchains/eff2c8918589264d49aa9a0f/ps2sdk/ports/include -MMD -MP -MF obj/gen/procedural.gen.d -c -o obj/gen/procedural.gen.o src/gen/procedural.gen.cpp
09:23:05 mips64r5900el-ps2-elf-g++ -g -D_EE -G0 -Wall -O3 -fdebug-prefix-map=/home/spider/.cache/tyrax/native/projects/38962b915a740e66bc478016=/mnt/f/Projects/tyrax2-lab-20261001/player-light-public-runtime-v1/fixtures/vehicle-players -fdebug-prefix-map=/home/spider/.cache/tyrax/native/engines/402d636fe32cfedbc6d29f7f/tyra/engine=/mnt/f/Projects/tyra-editor/vendor/tyra/engine -fdebug-prefix-map=/home/spider/.cache/tyrax/native/toolchains/eff2c8918589264d49aa9a0f=/mnt/c/Users/pawel/AppData/Local/tyra-editor/toolchain/ps2dev  -Iinc -I/home/spider/.cache/tyrax/native/engines/402d636fe32cfedbc6d29f7f/tyra/engine/inc -I/home/spider/.cache/tyrax/native/toolchains/eff2c8918589264d49aa9a0f/ps2sdk/ee/include -I/home/spider/.cache/tyrax/native/toolchains/eff2c8918589264d49aa9a0f/ps2sdk/common/include -I/home/spider/.cache/tyrax/native/toolchains/eff2c8918589264d49aa9a0f/ps2sdk/ports/include -MMD -MP -MF obj/gen/scene_objects.gen.d -c -o obj/gen/scene_objects.gen.o src/gen/scene_objects.gen.cpp
09:23:05 mips64r5900el-ps2-elf-g++ -g -D_EE -G0 -Wall -O3 -fdebug-prefix-map=/home/spider/.cache/tyrax/native/projects/38962b915a740e66bc478016=/mnt/f/Projects/tyrax2-lab-20261001/player-light-public-runtime-v1/fixtures/vehicle-players -fdebug-prefix-map=/home/spider/.cache/tyrax/native/engines/402d636fe32cfedbc6d29f7f/tyra/engine=/mnt/f/Projects/tyra-editor/vendor/tyra/engine -fdebug-prefix-map=/home/spider/.cache/tyrax/native/toolchains/eff2c8918589264d49aa9a0f=/mnt/c/Users/pawel/AppData/Local/tyra-editor/toolchain/ps2dev  -Iinc -I/home/spider/.cache/tyrax/native/engines/402d636fe32cfedbc6d29f7f/tyra/engine/inc -I/home/spider/.cache/tyrax/native/toolchains/eff2c8918589264d49aa9a0f/ps2sdk/ee/include -I/home/spider/.cache/tyrax/native/toolchains/eff2c8918589264d49aa9a0f/ps2sdk/common/include -I/home/spider/.cache/tyrax/native/toolchains/eff2c8918589264d49aa9a0f/ps2sdk/ports/include -MMD -MP -MF obj/gen/screen_fx.gen.d -c -o obj/gen/screen_fx.gen.o src/gen/screen_fx.gen.cpp
09:23:05 mips64r5900el-ps2-elf-g++ -g -D_EE -G0 -Wall -O3 -fdebug-prefix-map=/home/spider/.cache/tyrax/native/projects/38962b915a740e66bc478016=/mnt/f/Projects/tyrax2-lab-20261001/player-light-public-runtime-v1/fixtures/vehicle-players -fdebug-prefix-map=/home/spider/.cache/tyrax/native/engines/402d636fe32cfedbc6d29f7f/tyra/engine=/mnt/f/Projects/tyra-editor/vendor/tyra/engine -fdebug-prefix-map=/home/spider/.cache/tyrax/native/toolchains/eff2c8918589264d49aa9a0f=/mnt/c/Users/pawel/AppData/Local/tyra-editor/toolchain/ps2dev  -Iinc -I/home/spider/.cache/tyrax/native/engines/402d636fe32cfedbc6d29f7f/tyra/engine/inc -I/home/spider/.cache/tyrax/native/toolchains/eff2c8918589264d49aa9a0f/ps2sdk/ee/include -I/home/spider/.cache/tyrax/native/toolchains/eff2c8918589264d49aa9a0f/ps2sdk/common/include -I/home/spider/.cache/tyrax/native/toolchains/eff2c8918589264d49aa9a0f/ps2sdk/ports/include -MMD -MP -MF obj/gen/scroller.gen.d -c -o obj/gen/scroller.gen.o src/gen/scroller.gen.cpp
09:23:05 mips64r5900el-ps2-elf-g++ -g -D_EE -G0 -Wall -O3 -fdebug-prefix-map=/home/spider/.cache/tyrax/native/projects/38962b915a740e66bc478016=/mnt/f/Projects/tyrax2-lab-20261001/player-light-public-runtime-v1/fixtures/vehicle-players -fdebug-prefix-map=/home/spider/.cache/tyrax/native/engines/402d636fe32cfedbc6d29f7f/tyra/engine=/mnt/f/Projects/tyra-editor/vendor/tyra/engine -fdebug-prefix-map=/home/spider/.cache/tyrax/native/toolchains/eff2c8918589264d49aa9a0f=/mnt/c/Users/pawel/AppData/Local/tyra-editor/toolchain/ps2dev  -Iinc -I/home/spider/.cache/tyrax/native/engines/402d636fe32cfedbc6d29f7f/tyra/engine/inc -I/home/spider/.cache/tyrax/native/toolchains/eff2c8918589264d49aa9a0f/ps2sdk/ee/include -I/home/spider/.cache/tyrax/native/toolchains/eff2c8918589264d49aa9a0f/ps2sdk/common/include -I/home/spider/.cache/tyrax/native/toolchains/eff2c8918589264d49aa9a0f/ps2sdk/ports/include -MMD -MP -MF obj/gen/sequences.gen.d -c -o obj/gen/sequences.gen.o src/gen/sequences.gen.cpp
09:23:05 mips64r5900el-ps2-elf-g++ -g -D_EE -G0 -Wall -O3 -fdebug-prefix-map=/home/spider/.cache/tyrax/native/projects/38962b915a740e66bc478016=/mnt/f/Projects/tyrax2-lab-20261001/player-light-public-runtime-v1/fixtures/vehicle-players -fdebug-prefix-map=/home/spider/.cache/tyrax/native/engines/402d636fe32cfedbc6d29f7f/tyra/engine=/mnt/f/Projects/tyra-editor/vendor/tyra/engine -fdebug-prefix-map=/home/spider/.cache/tyrax/native/toolchains/eff2c8918589264d49aa9a0f=/mnt/c/Users/pawel/AppData/Local/tyra-editor/toolchain/ps2dev  -Iinc -I/home/spider/.cache/tyrax/native/engines/402d636fe32cfedbc6d29f7f/tyra/engine/inc -I/home/spider/.cache/tyrax/native/toolchains/eff2c8918589264d49aa9a0f/ps2sdk/ee/include -I/home/spider/.cache/tyrax/native/toolchains/eff2c8918589264d49aa9a0f/ps2sdk/common/include -I/home/spider/.cache/tyrax/native/toolchains/eff2c8918589264d49aa9a0f/ps2sdk/ports/include -MMD -MP -MF obj/gen/vu_programs.gen.d -c -o obj/gen/vu_programs.gen.o src/gen/vu_programs.gen.cpp
09:23:05 mips64r5900el-ps2-elf-g++ -g -D_EE -G0 -Wall -O3 -fdebug-prefix-map=/home/spider/.cache/tyrax/native/projects/38962b915a740e66bc478016=/mnt/f/Projects/tyrax2-lab-20261001/player-light-public-runtime-v1/fixtures/vehicle-players -fdebug-prefix-map=/home/spider/.cache/tyrax/native/engines/402d636fe32cfedbc6d29f7f/tyra/engine=/mnt/f/Projects/tyra-editor/vendor/tyra/engine -fdebug-prefix-map=/home/spider/.cache/tyrax/native/toolchains/eff2c8918589264d49aa9a0f=/mnt/c/Users/pawel/AppData/Local/tyra-editor/toolchain/ps2dev  -Iinc -I/home/spider/.cache/tyrax/native/engines/402d636fe32cfedbc6d29f7f/tyra/engine/inc -I/home/spider/.cache/tyrax/native/toolchains/eff2c8918589264d49aa9a0f/ps2sdk/ee/include -I/home/spider/.cache/tyrax/native/toolchains/eff2c8918589264d49aa9a0f/ps2sdk/common/include -I/home/spider/.cache/tyrax/native/toolchains/eff2c8918589264d49aa9a0f/ps2sdk/ports/include -MMD -MP -MF obj/main.d -c -o obj/main.o src/main.cpp
09:23:05 mips64r5900el-ps2-elf-g++ -g -D_EE -G0 -Wall -O3 -fdebug-prefix-map=/home/spider/.cache/tyrax/native/projects/38962b915a740e66bc478016=/mnt/f/Projects/tyrax2-lab-20261001/player-light-public-runtime-v1/fixtures/vehicle-players -fdebug-prefix-map=/home/spider/.cache/tyrax/native/engines/402d636fe32cfedbc6d29f7f/tyra/engine=/mnt/f/Projects/tyra-editor/vendor/tyra/engine -fdebug-prefix-map=/home/spider/.cache/tyrax/native/toolchains/eff2c8918589264d49aa9a0f=/mnt/c/Users/pawel/AppData/Local/tyra-editor/toolchain/ps2dev  -Iinc -I/home/spider/.cache/tyrax/native/engines/402d636fe32cfedbc6d29f7f/tyra/engine/inc -I/home/spider/.cache/tyrax/native/toolchains/eff2c8918589264d49aa9a0f/ps2sdk/ee/include -I/home/spider/.cache/tyrax/native/toolchains/eff2c8918589264d49aa9a0f/ps2sdk/common/include -I/home/spider/.cache/tyrax/native/toolchains/eff2c8918589264d49aa9a0f/ps2sdk/ports/include -MMD -MP -MF obj/save_system.gen.d -c -o obj/save_system.gen.o src/save_system.gen.cpp
09:23:05 mips64r5900el-ps2-elf-g++ -g -D_EE -G0 -Wall -O3 -fdebug-prefix-map=/home/spider/.cache/tyrax/native/projects/38962b915a740e66bc478016=/mnt/f/Projects/tyrax2-lab-20261001/player-light-public-runtime-v1/fixtures/vehicle-players -fdebug-prefix-map=/home/spider/.cache/tyrax/native/engines/402d636fe32cfedbc6d29f7f/tyra/engine=/mnt/f/Projects/tyra-editor/vendor/tyra/engine -fdebug-prefix-map=/home/spider/.cache/tyrax/native/toolchains/eff2c8918589264d49aa9a0f=/mnt/c/Users/pawel/AppData/Local/tyra-editor/toolchain/ps2dev  -Iinc -I/home/spider/.cache/tyrax/native/engines/402d636fe32cfedbc6d29f7f/tyra/engine/inc -I/home/spider/.cache/tyrax/native/toolchains/eff2c8918589264d49aa9a0f/ps2sdk/ee/include -I/home/spider/.cache/tyrax/native/toolchains/eff2c8918589264d49aa9a0f/ps2sdk/common/include -I/home/spider/.cache/tyrax/native/toolchains/eff2c8918589264d49aa9a0f/ps2sdk/ports/include -MMD -MP -MF obj/scripts/district_mood.d -c -o obj/scripts/district_mood.o src/scripts/district_mood.cpp
09:23:05 mips64r5900el-ps2-elf-g++ -g -D_EE -G0 -Wall -O3 -fdebug-prefix-map=/home/spider/.cache/tyrax/native/projects/38962b915a740e66bc478016=/mnt/f/Projects/tyrax2-lab-20261001/player-light-public-runtime-v1/fixtures/vehicle-players -fdebug-prefix-map=/home/spider/.cache/tyrax/native/engines/402d636fe32cfedbc6d29f7f/tyra/engine=/mnt/f/Projects/tyra-editor/vendor/tyra/engine -fdebug-prefix-map=/home/spider/.cache/tyrax/native/toolchains/eff2c8918589264d49aa9a0f=/mnt/c/Users/pawel/AppData/Local/tyra-editor/toolchain/ps2dev  -Iinc -I/home/spider/.cache/tyrax/native/engines/402d636fe32cfedbc6d29f7f/tyra/engine/inc -I/home/spider/.cache/tyrax/native/toolchains/eff2c8918589264d49aa9a0f/ps2sdk/ee/include -I/home/spider/.cache/tyrax/native/toolchains/eff2c8918589264d49aa9a0f/ps2sdk/common/include -I/home/spider/.cache/tyrax/native/toolchains/eff2c8918589264d49aa9a0f/ps2sdk/ports/include -MMD -MP -MF obj/scripts/example_interaction.d -c -o obj/scripts/example_interaction.o src/scripts/example_interaction.cpp
09:23:05 mips64r5900el-ps2-elf-g++ -g -D_EE -G0 -Wall -O3 -fdebug-prefix-map=/home/spider/.cache/tyrax/native/projects/38962b915a740e66bc478016=/mnt/f/Projects/tyrax2-lab-20261001/player-light-public-runtime-v1/fixtures/vehicle-players -fdebug-prefix-map=/home/spider/.cache/tyrax/native/engines/402d636fe32cfedbc6d29f7f/tyra/engine=/mnt/f/Projects/tyra-editor/vendor/tyra/engine -fdebug-prefix-map=/home/spider/.cache/tyrax/native/toolchains/eff2c8918589264d49aa9a0f=/mnt/c/Users/pawel/AppData/Local/tyra-editor/toolchain/ps2dev  -Iinc -I/home/spider/.cache/tyrax/native/engines/402d636fe32cfedbc6d29f7f/tyra/engine/inc -I/home/spider/.cache/tyrax/native/toolchains/eff2c8918589264d49aa9a0f/ps2sdk/ee/include -I/home/spider/.cache/tyrax/native/toolchains/eff2c8918589264d49aa9a0f/ps2sdk/common/include -I/home/spider/.cache/tyrax/native/toolchains/eff2c8918589264d49aa9a0f/ps2sdk/ports/include -MMD -MP -MF obj/terrain_game.d -c -o obj/terrain_game.o src/terrain_game.cpp
09:23:33 mips64r5900el-ps2-elf-g++ -T/home/spider/.cache/tyrax/native/toolchains/eff2c8918589264d49aa9a0f/ps2sdk/ee/startup/linkfile -o bin/vehicle-playground.elf obj/gen/credits.gen.o obj/gen/flow_graph.gen.o obj/gen/game_collision.gen.o obj/gen/game_lighting.gen.o obj/gen/game_physics.gen.o obj/gen/game_scene.gen.o obj/gen/game_vehicles.gen.o obj/gen/input_map.gen.o obj/gen/input_replay.gen.o obj/gen/live_debug.gen.o obj/gen/live_link.gen.o obj/gen/live_logic.gen.o obj/gen/live_pad.gen.o obj/gen/live_tex.gen.o obj/gen/live_time.gen.o obj/gen/navigation.gen.o obj/gen/object_scripts.gen.o obj/gen/procedural.gen.o obj/gen/scene_objects.gen.o obj/gen/screen_fx.gen.o obj/gen/scroller.gen.o obj/gen/sequences.gen.o obj/gen/vu_programs.gen.o obj/main.o obj/save_system.gen.o obj/scripts/district_mood.o obj/scripts/example_interaction.o obj/terrain_game.o -L/home/spider/.cache/tyrax/native/toolchains/eff2c8918589264d49aa9a0f/ps2sdk/ee/lib -L/home/spider/.cache/tyrax/native/toolchains/eff2c8918589264d49aa9a0f/ps2sdk/ports/lib -O3 -Wl,-zmax-page-size=128 -L/home/spider/.cache/tyrax/native/engines/402d636fe32cfedbc6d29f7f/tyra/engine/bin -ltyra -leedebug -lstdc++ -ldma -lpacket2 -lgraph -ldraw -lmath3d -lpng -ldebug -lz -lpad -lkbd -lmouse -laudsrv -lps2snd -lpatches -lcdvd -lmc
09:23:36 cp bin/vehicle-playground.elf bin/vehicle-playground.elf.sym
09:23:36 mips64r5900el-ps2-elf-strip --strip-all bin/vehicle-playground.elf
09:23:36 make: Leaving directory '/home/spider/.cache/tyrax/native/projects/38962b915a740e66bc478016'
09:23:36 [editor] adpenc -L res/sfx/engine_high.wav
09:23:36 [editor] adpenc -L res/sfx/engine_idle.wav
09:23:36 [editor] adpenc -L res/sfx/tires_screech.wav
09:23:36 [editor] adpenc res/sfx/gear-shift.wav
09:23:42 [editor] Native build complete: /mnt/f/Projects/tyrax2-lab-20261001/player-light-public-runtime-v1/fixtures/vehicle-players/bin
09:23:42 [editor] === Build OK ===
