label,start_ticks,duration_ticks,frame,value
Pad,177,7910,1500,0
Update,8559,2284902,1500,0
Portal,2563407,107,1500,0
Bounds,2564748,33837,1500,0
VIF1_DMA_wait,2652071,472,1500,0
GIF_DMA_wait,2652895,102,1500,0
Packet_qwords,2657276,0,1500,88
VIF1_submit,2657265,5354,1500,0
Dispatch,2606059,57682,1500,0
Static_bag,2564241,99602,1500,0
Bounds,2666771,8504,1500,0
Static_bag,2666193,9251,1500,0
Sky,2563839,112232,1500,0
Bounds,2679988,3999,1500,0
VIF1_DMA_wait,2781717,480,1500,0
GIF_DMA_wait,2782515,96,1500,0
Packet_qwords,2789390,0,1500,141
VIF1_submit,2789379,5280,1500,0
VIF1_DMA_wait,2801972,125165,1500,0
GIF_DMA_wait,2927402,99,1500,0
Packet_qwords,2930308,0,1500,36
VIF1_submit,2930300,4394,1500,0
Dispatch,2692227,243624,1500,0
Static_bag,2679655,256320,1500,0
Bounds,2937868,5979,1500,0
Static_bag,2937185,6851,1500,0
Bounds,2944648,3129,1500,0
VIF1_DMA_wait,2975259,410,1500,0
GIF_DMA_wait,2975835,43,1500,0
Packet_qwords,2978600,0,1500,57
VIF1_submit,2978589,4932,1500,0
Dispatch,2955081,29506,1500,0
Static_bag,2944432,40309,1500,0
Bounds,2986155,5337,1500,0
VIF1_DMA_wait,3017132,429,1500,0
GIF_DMA_wait,3017823,43,1500,0
Packet_qwords,3020648,0,1500,57
VIF1_submit,3020637,4866,1500,0
Dispatch,2998451,28344,1500,0
Static_bag,2985819,41066,1500,0
Bounds,3028227,16730,1500,0
Static_bag,3027851,17457,1500,0
Bounds,3046276,3891,1500,0
Static_bag,3045931,4322,1500,0
Bounds,3050852,3121,1500,0
VIF1_DMA_wait,3073575,358,1500,0
GIF_DMA_wait,3074073,96,1500,0
Packet_qwords,3080804,0,1500,141
VIF1_submit,3080793,5394,1500,0
VIF1_DMA_wait,3093852,60985,1500,0
GIF_DMA_wait,3154982,43,1500,0
Packet_qwords,3157588,0,1500,43
VIF1_submit,3157580,3890,1500,0
Dispatch,3059185,103242,1500,0
Static_bag,3050579,111947,1500,0
Bounds,3163973,5125,1500,0
VIF1_DMA_wait,3252777,480,1500,0
GIF_DMA_wait,3253641,96,1500,0
Packet_qwords,3260510,0,1500,141
VIF1_submit,3260499,5274,1500,0
VIF1_DMA_wait,3273216,61477,1500,0
GIF_DMA_wait,3334838,41,1500,0
Packet_qwords,3336964,0,1500,36
VIF1_submit,3336956,3914,1500,0
Dispatch,3175593,166306,1500,0
Static_bag,3163499,178496,1500,0
Bounds,3343864,16611,1500,0
VIF1_DMA_wait,3419793,401,1500,0
GIF_DMA_wait,3420537,43,1500,0
Packet_qwords,3427214,0,1500,141
VIF1_submit,3427203,5238,1500,0
VIF1_DMA_wait,3440214,61183,1500,0
GIF_DMA_wait,3501536,41,1500,0
Packet_qwords,3515437,0,1500,43
VIF1_submit,3515429,4750,1500,0
Dispatch,3367845,153584,1500,0
Static_bag,3343193,178332,1500,0
Bounds,3523598,5329,1500,0
Static_bag,3522867,6163,1500,0
Bounds,3529706,2666,1500,0
Static_bag,3529404,3123,1500,0
Bounds,3533218,2339,1500,0
Static_bag,3532964,2680,1500,0
Bounds,3536540,2255,1500,0
Static_bag,3536164,2773,1500,0
Bounds,3539512,2496,1500,0
Static_bag,3539332,2806,1500,0
Bounds,3542750,2255,1500,0
Static_bag,3542518,2573,1500,0
Bounds,3545698,2348,1500,0
Static_bag,3545476,2656,1500,0
Bounds,3548686,2831,1500,0
VIF1_DMA_wait,3570951,320,1500,0
GIF_DMA_wait,3571461,43,1500,0
Packet_qwords,3578050,0,1500,141
VIF1_submit,3578039,4966,1500,0
VIF1_DMA_wait,3590577,61312,1500,0
GIF_DMA_wait,3651984,41,1500,0
Packet_qwords,3654468,0,1500,43
VIF1_submit,3654460,14281,1500,0
Dispatch,3556621,113500,1500,0
Static_bag,3548508,121709,1500,0
Bounds,3672376,5871,1500,0
Static_bag,3671743,6641,1500,0
Bounds,3678982,3327,1500,0
Static_bag,3678773,3680,1500,0
Bounds,3682966,3071,1500,0
VIF1_DMA_wait,3726183,395,1500,0
GIF_DMA_wait,3726927,43,1500,0
Packet_qwords,3733640,0,1500,141
VIF1_submit,3733629,5298,1500,0
VIF1_DMA_wait,3746665,60798,1500,0
GIF_DMA_wait,3807600,41,1500,0
Packet_qwords,3810042,0,1500,43
VIF1_submit,3810034,14651,1500,0
Dispatch,3692791,133448,1500,0
Static_bag,3682786,143541,1500,0
Bounds,3828292,5927,1500,0
VIF1_DMA_wait,3884029,457,1500,0
GIF_DMA_wait,3884761,43,1500,0
Packet_qwords,3891404,0,1500,141
VIF1_submit,3891393,5370,1500,0
VIF1_DMA_wait,3904639,61038,1500,0
GIF_DMA_wait,3965772,41,1500,0
Packet_qwords,3968224,0,1500,43
VIF1_submit,3968216,14547,1500,0
Dispatch,3851709,132290,1500,0
Static_bag,3827619,156488,1500,0
Bounds,3986050,5691,1500,0
Static_bag,3985403,6443,1500,0
Bounds,3992468,2114,1500,0
Static_bag,3992236,2502,1500,0
Bounds,3995578,2847,1500,0
VIF1_DMA_wait,4059573,398,1500,0
GIF_DMA_wait,4060323,43,1500,0
Packet_qwords,4066868,0,1500,134
VIF1_submit,4066857,4932,1500,0
Dispatch,4006363,66564,1500,0
Static_bag,3995388,77633,1500,0
Bounds,4074423,5535,1500,0
VIF1_DMA_wait,4153061,466,1500,0
GIF_DMA_wait,4153831,98,1500,0
Packet_qwords,4160030,0,1500,127
VIF1_submit,4160019,5142,1500,0
Dispatch,4087105,79362,1500,0
Static_bag,4074033,92544,1500,0
Terrain,2676261,1491152,1500,0
Bounds,4169577,5562,1500,0
VIF1_DMA_wait,4193319,31296,1500,0
GIF_DMA_wait,4224823,100,1500,0
Packet_qwords,4226536,0,1500,34
VIF1_submit,4226525,4967,1500,0
Dispatch,4182207,50152,1500,0
Static_bag,4168995,63470,1500,0
Bounds,4234077,4354,1500,0
Static_bag,4233641,4895,1500,0
Bounds,4239391,2646,1500,0
VIF1_DMA_wait,4265041,352,1500,0
GIF_DMA_wait,4265661,43,1500,0
Packet_qwords,4267576,0,1500,40
VIF1_submit,4267565,5087,1500,0
Dispatch,4248093,25756,1500,0
Static_bag,4239143,34812,1500,0
Bounds,4275508,5068,1500,0
VIF1_DMA_wait,4302507,402,1500,0
GIF_DMA_wait,4303219,98,1500,0
Packet_qwords,4305008,0,1500,36
VIF1_submit,4304997,5304,1500,0
Dispatch,4298423,13014,1500,0
Static_bag,4275107,36486,1500,0
Bounds,4313314,5176,1500,0
VIF1_DMA_wait,4338487,356,1500,0
GIF_DMA_wait,4339094,97,1500,0
Packet_qwords,4341952,0,1500,57
VIF1_submit,4341941,5117,1500,0
Dispatch,4325019,23438,1500,0
Static_bag,4312819,35812,1500,0
Bounds,4350304,5164,1500,0
VIF1_DMA_wait,4386121,343,1500,0
GIF_DMA_wait,4386771,43,1500,0
Packet_qwords,4388734,0,1500,43
VIF1_submit,4388723,5135,1500,0
Dispatch,4362393,32734,1500,0
Static_bag,4349687,45552,1500,0
Bounds,4396935,4841,1500,0
VIF1_DMA_wait,4425803,306,1500,0
GIF_DMA_wait,4426335,43,1500,0
Packet_qwords,4428334,0,1500,40
VIF1_submit,4428323,4835,1500,0
Dispatch,4408135,26250,1500,0
Static_bag,4396433,38118,1500,0
Bounds,4449869,5354,1500,0
Static_bag,4435691,19939,1500,0
Static_batches,4167529,288446,1500,0
Bounds,4457113,2434,1500,0
Static_bag,4456753,3024,1500,0
Bounds,4460320,2284,1500,0
Static_bag,4460085,2710,1500,0
Bounds,4463386,2312,1500,0
Static_bag,4463170,2751,1500,0
Bounds,4466516,2224,1500,0
Static_bag,4466249,2676,1500,0
Bounds,4469516,2058,1500,0
Static_bag,4469229,2530,1500,0
Bounds,4472354,2328,1500,0
Static_bag,4472081,2838,1500,0
Bounds,4475540,2484,1500,0
Static_bag,4475223,3038,1500,0
Bounds,4478938,2038,1500,0
Static_bag,4478631,2530,1500,0
Bounds,4481800,2390,1500,0
Static_bag,4481501,2912,1500,0
Bounds,4484992,2140,1500,0
Static_bag,4484741,2576,1500,0
Bounds,4487996,2424,1500,0
Static_bag,4487715,2920,1500,0
Bounds,4491226,2348,1500,0
Static_bag,4490949,2816,1500,0
Bounds,4494376,2222,1500,0
Static_bag,4494075,2710,1500,0
Bounds,4497410,2238,1500,0
Static_bag,4497131,2702,1500,0
Bounds,4500442,2396,1500,0
Static_bag,4500147,2924,1500,0
Bounds,4503652,2428,1500,0
Static_bag,4503443,2862,1500,0
Bounds,4506976,2577,1500,0
Static_bag,4506623,3212,1500,0
Bounds,4510450,2595,1500,0
Static_bag,4510174,3109,1500,0
Bounds,4513846,2583,1500,0
Static_bag,4513641,3056,1500,0
Bounds,4517266,2259,1500,0
Static_bag,4517015,2696,1500,0
Bounds,4520282,2259,1500,0
Static_bag,4520075,2592,1500,0
Bounds,4523288,2255,1500,0
Static_bag,4522989,2822,1500,0
Bounds,4526320,2691,1500,0
Static_bag,4526085,3052,1500,0
Bounds,4529692,2415,1500,0
Static_bag,4529463,2770,1500,0
Bounds,4532836,2497,1500,0
Static_bag,4532609,2910,1500,0
Bounds,4536112,2587,1500,0
Static_bag,4535872,3001,1500,0
Bounds,4539464,2615,1500,0
Static_bag,4539231,3032,1500,0
Bounds,4542836,2947,1500,0
VIF1_DMA_wait,4582919,460,1500,0
GIF_DMA_wait,4583683,102,1500,0
Packet_qwords,4586836,0,1500,64
VIF1_submit,4586825,4986,1500,0
Dispatch,4553781,51455,1500,0
Static_bag,4542575,62880,1500,0
Bounds,4606652,5581,1500,0
VIF1_DMA_wait,4673619,402,1500,0
GIF_DMA_wait,4674319,98,1500,0
Packet_qwords,4681024,0,1500,141
VIF1_submit,4681013,5357,1500,0
VIF1_DMA_wait,4695987,65508,1500,0
GIF_DMA_wait,4761758,137,1500,0
Packet_qwords,4765357,0,1500,57
VIF1_submit,4765349,4816,1500,0
Dispatch,4620393,150802,1500,0
Static_bag,4606121,165170,1500,0
Bounds,4772938,6239,1500,0
VIF1_DMA_wait,4801257,314,1500,0
GIF_DMA_wait,4801755,90,1500,0
Packet_qwords,4808150,0,1500,141
VIF1_submit,4808139,5335,1500,0
VIF1_DMA_wait,4822535,59756,1500,0
GIF_DMA_wait,4882434,41,1500,0
Packet_qwords,4885476,0,1500,57
VIF1_submit,4885468,4056,1500,0
Dispatch,4785925,104521,1500,0
Static_bag,4772277,118280,1500,0
Bounds,4891706,5336,1500,0
VIF1_DMA_wait,4930367,429,1500,0
GIF_DMA_wait,4931060,44,1500,0
Packet_qwords,4937774,0,1500,141
VIF1_submit,4937763,5268,1500,0
VIF1_DMA_wait,4952231,59666,1500,0
GIF_DMA_wait,5011992,41,1500,0
Packet_qwords,5015020,0,1500,57
VIF1_submit,5015012,4112,1500,0
Dispatch,4902867,117100,1500,0
Static_bag,4891293,128770,1500,0
Bounds,5021744,5801,1500,0
VIF1_DMA_wait,5058251,471,1500,0
GIF_DMA_wait,5058985,98,1500,0
Packet_qwords,5073034,0,1500,113
VIF1_submit,5073023,5386,1500,0
Dispatch,5034007,45474,1500,0
Static_bag,5021045,58633,1500,0
Bounds,5081348,6145,1500,0
VIF1_DMA_wait,5099013,28980,1500,0
GIF_DMA_wait,5128141,170,1500,0
Packet_qwords,5130466,0,1500,50
VIF1_submit,5130455,4967,1500,0
Dispatch,5093683,42748,1500,0
Static_bag,5080611,56044,1500,0
Bounds,5137880,5112,1500,0
VIF1_DMA_wait,5152566,299,1500,0
GIF_DMA_wait,5153016,44,1500,0
Packet_qwords,5155234,0,1500,50
VIF1_submit,5155223,4975,1500,0
Dispatch,5148327,12934,1500,0
Static_bag,5137371,24052,1500,0
Bounds,5162708,4918,1500,0
VIF1_DMA_wait,5185601,392,1500,0
GIF_DMA_wait,5186211,43,1500,0
Packet_qwords,5188508,0,1500,50
VIF1_submit,5188497,5085,1500,0
Dispatch,5174541,20186,1500,0
Static_bag,5162157,32690,1500,0
Bounds,5196218,5356,1500,0
VIF1_DMA_wait,5228309,489,1500,0
GIF_DMA_wait,5229087,96,1500,0
Packet_qwords,5231170,0,1500,36
VIF1_submit,5231159,5008,1500,0
Dispatch,5208675,28634,1500,0
Static_bag,5195745,41674,1500,0
Bounds,5238844,4923,1500,0
Static_bag,5238273,5599,1500,0
Bounds,5244496,2304,1500,0
Static_bag,5244243,2687,1500,0
Bounds,5247520,2346,1500,0
Static_bag,5247239,2713,1500,0
Bounds,5250556,2250,1500,0
Static_bag,5250261,2631,1500,0
Bounds,5253436,2135,1500,0
Static_bag,5253189,2468,1500,0
Bounds,5256322,2056,1500,0
Static_bag,5256021,2443,1500,0
Bounds,5259100,2068,1500,0
Static_bag,5258769,2534,1500,0
Bounds,5261894,2378,1500,0
Static_bag,5261633,2725,1500,0
Bounds,5265110,2657,1500,0
VIF1_DMA_wait,5297499,402,1500,0
GIF_DMA_wait,5298211,98,1500,0
Packet_qwords,5300672,0,1500,50
VIF1_submit,5300661,5211,1500,0
Dispatch,5275309,31862,1500,0
Static_bag,5264809,42480,1500,0
Bounds,5308696,5506,1500,0
VIF1_DMA_wait,5325168,353,1500,0
GIF_DMA_wait,5325657,43,1500,0
Packet_qwords,5327914,0,1500,50
VIF1_submit,5327903,4891,1500,0
Dispatch,5320407,13202,1500,0
Static_bag,5308269,25478,1500,0
Bounds,5334590,4644,1500,0
VIF1_DMA_wait,5348800,37079,1500,0
GIF_DMA_wait,5386209,198,1500,0
Packet_qwords,5388724,0,1500,50
VIF1_submit,5388713,5202,1500,0
Dispatch,5344455,50690,1500,0
Static_bag,5334259,61000,1500,0
Bounds,5396936,5789,1500,0
VIF1_DMA_wait,5413405,316,1500,0
GIF_DMA_wait,5413821,43,1500,0
Packet_qwords,5416076,0,1500,50
VIF1_submit,5416065,4917,1500,0
Dispatch,5408449,13486,1500,0
Static_bag,5396199,25846,1500,0
Bounds,5423206,5072,1500,0
VIF1_DMA_wait,5436678,223,1500,0
GIF_DMA_wait,5437055,43,1500,0
Packet_qwords,5438564,0,1500,36
VIF1_submit,5438553,4993,1500,0
Dispatch,5433939,10576,1500,0
Static_bag,5422721,21912,1500,0
Bounds,5445704,4565,1500,0
Static_bag,5445331,5053,1500,0
Bounds,5450992,2378,1500,0
Static_bag,5450739,2717,1500,0
Bounds,5454052,2512,1500,0
VIF1_DMA_wait,5472321,432,1500,0
GIF_DMA_wait,5473021,98,1500,0
Packet_qwords,5474986,0,1500,36
VIF1_submit,5474975,4921,1500,0
Dispatch,5463453,17450,1500,0
Static_bag,5453795,27264,1500,0
Bounds,5482438,4640,1500,0
VIF1_DMA_wait,5504639,336,1500,0
GIF_DMA_wait,5505295,98,1500,0
Packet_qwords,5507644,0,1500,50
VIF1_submit,5507633,4957,1500,0
Dispatch,5493957,19814,1500,0
Static_bag,5481981,31886,1500,0
Bounds,5515240,5140,1500,0
VIF1_DMA_wait,5549193,468,1500,0
GIF_DMA_wait,5549979,96,1500,0
Packet_qwords,5551924,0,1500,36
VIF1_submit,5551913,5050,1500,0
Dispatch,5527809,30178,1500,0
Static_bag,5514831,43268,1500,0
Bounds,5559638,4637,1500,0
Static_bag,5559021,5443,1500,0
Bounds,5565058,2335,1500,0
Static_bag,5564787,2744,1500,0
Bounds,5568184,2425,1500,0
Static_bag,5567879,2862,1500,0
Bounds,5571344,2423,1500,0
Static_bag,5571059,2873,1500,0
Bounds,5574598,2475,1500,0
Static_bag,5574304,2905,1500,0
Bounds,5577868,2184,1500,0
Static_bag,5577591,2590,1500,0
Bounds,5580796,2086,1500,0
Static_bag,5580503,2514,1500,0
Bounds,5583734,2022,1500,0
Static_bag,5583413,2478,1500,0
Bounds,5586524,2096,1500,0
Static_bag,5586203,2608,1500,0
Bounds,5589472,2052,1500,0
Static_bag,5589167,2492,1500,0
Bounds,5592400,2078,1500,0
Static_bag,5592029,2570,1500,0
Bounds,5595206,2030,1500,0
Static_bag,5594921,2465,1500,0
Bounds,5597990,2160,1500,0
Static_bag,5597705,2566,1500,0
Bounds,5600942,2218,1500,0
Static_bag,5600657,2624,1500,0
Bounds,5603914,2507,1500,0
Static_bag,5603603,2954,1500,0
Bounds,5607200,2933,1500,0
VIF1_DMA_wait,5628705,380,1500,0
GIF_DMA_wait,5629345,98,1500,0
Packet_qwords,5631536,0,1500,43
VIF1_submit,5631525,4881,1500,0
Dispatch,5617921,19576,1500,0
Static_bag,5606915,30770,1500,0
Bounds,5638888,16301,1500,0
VIF1_DMA_wait,5666595,425,1500,0
GIF_DMA_wait,5667223,98,1500,0
Packet_qwords,5669672,0,1500,50
VIF1_submit,5669661,5388,1500,0
Dispatch,5661461,14642,1500,0
Static_bag,5638431,37768,1500,0
Bounds,5677700,5410,1500,0
VIF1_DMA_wait,5704275,425,1500,0
GIF_DMA_wait,5704983,96,1500,0
Packet_qwords,5707370,0,1500,50
VIF1_submit,5707359,5406,1500,0
Dispatch,5699171,14564,1500,0
Static_bag,5676987,36932,1500,0
Bounds,5715530,5458,1500,0
VIF1_DMA_wait,5739357,402,1500,0
GIF_DMA_wait,5739987,96,1500,0
Packet_qwords,5742590,0,1500,50
VIF1_submit,5742579,4975,1500,0
Dispatch,5728191,20416,1500,0
Static_bag,5714811,33928,1500,0
Bounds,5750134,5210,1500,0
VIF1_DMA_wait,5785911,416,1500,0
GIF_DMA_wait,5786577,96,1500,0
Packet_qwords,5789932,0,1500,71
VIF1_submit,5789921,5105,1500,0
Dispatch,5762525,33668,1500,0
Static_bag,5749601,46686,1500,0
Bounds,5797700,5215,1500,0
Static_bag,5797131,5963,1500,0
Bounds,5803888,2321,1500,0
Static_bag,5803619,2727,1500,0
Bounds,5807074,2703,1500,0
Static_bag,5806767,3143,1500,0
Bounds,5810620,2855,1500,0
Static_bag,5810309,3345,1500,0
Bounds,5814272,2515,1500,0
Static_bag,5813975,2987,1500,0
Bounds,5817760,2379,1500,0
Static_bag,5817473,2799,1500,0
Bounds,5820910,2431,1500,0
Static_bag,5820647,2907,1500,0
Bounds,5824204,2419,1500,0
Static_bag,5823941,2768,1500,0
Bounds,5827408,2250,1500,0
Static_bag,5827129,2650,1500,0
Bounds,5830414,2361,1500,0
Static_bag,5830138,2806,1500,0
Bounds,5833594,2340,1500,0
Static_bag,5833283,2807,1500,0
Bounds,5836780,2732,1500,0
VIF1_DMA_wait,5881525,482,1500,0
GIF_DMA_wait,5882371,92,1500,0
Packet_qwords,5885308,0,1500,57
VIF1_submit,5885297,4926,1500,0
Dispatch,5858721,32542,1500,0
Static_bag,5836445,54978,1500,0
Bounds,5893010,5557,1500,0
Static_bag,5892333,6395,1500,0
Bounds,5899382,2276,1500,0
Static_bag,5899097,2698,1500,0
Bounds,5902730,2532,1500,0
Static_bag,5902351,2997,1500,0
Bounds,5906014,2786,1500,0
VIF1_DMA_wait,5939877,314,1500,0
GIF_DMA_wait,5940475,98,1500,0
Packet_qwords,5942500,0,1500,43
VIF1_submit,5942489,5201,1500,0
Dispatch,5916335,32582,1500,0
Static_bag,5905707,43306,1500,0
Procedural,4456093,1493392,1500,0
Bounds,5958248,5226,1500,0
VIF1_DMA_wait,5985525,347,1500,0
GIF_DMA_wait,5986058,44,1500,0
Packet_qwords,5992600,0,1500,141
VIF1_submit,5992589,16392,1500,0
VIF1_DMA_wait,6026841,51257,1500,0
GIF_DMA_wait,6078198,44,1500,0
Packet_qwords,6084213,0,1500,113
VIF1_submit,6084205,5145,1500,0
Dispatch,5970621,119963,1500,0
Static_bag,5957777,132900,1500,0
Bounds,6337087,5390,1500,0
VIF1_DMA_wait,6363379,409,1500,0
GIF_DMA_wait,6363924,44,1500,0
Packet_qwords,6370714,0,1500,145
VIF1_submit,6370703,5290,1500,0
VIF1_DMA_wait,6391052,66329,1500,0
GIF_DMA_wait,6457482,41,1500,0
Packet_qwords,6474577,0,1500,113
VIF1_submit,6474569,4871,1500,0
Dispatch,6348841,131883,1500,0
Static_bag,6336543,144320,1500,0
Bounds,6482252,5491,1500,0
VIF1_DMA_wait,6506233,52997,1500,0
GIF_DMA_wait,6559499,102,1500,0
Packet_qwords,6565150,0,1500,120
VIF1_submit,6565139,5104,1500,0
Dispatch,6493813,77502,1500,0
Static_bag,6481435,90006,1500,0
Bounds,6572587,5273,1500,0
VIF1_DMA_wait,6585970,42275,1500,0
GIF_DMA_wait,6628495,148,1500,0
Packet_qwords,6630448,0,1500,40
VIF1_submit,6630437,5095,1500,0
Dispatch,6582105,54530,1500,0
Static_bag,6572005,64726,1500,0
Object,5957391,679886,1500,2
Bounds,6639971,5558,1500,0
Static_bag,6639433,6310,1500,0
Object,6639057,6943,1500,4
Bounds,6655150,3060,1500,0
Static_bag,6654935,3361,1500,0
Object,6654654,4384,1500,8
Bounds,6661567,3142,1500,0
Static_bag,6661305,3491,1500,0
Object,6661171,3851,1500,9
Bounds,6667357,2897,1500,0
Static_bag,6667162,3228,1500,0
Object,6666958,3599,1500,10
Bounds,6672751,2994,1500,0
Static_bag,6672555,3375,1500,0
Object,6672394,3689,1500,11
Object,6676622,114,1500,12
Object,6677194,58,1500,13
Object,6677686,66,1500,14
Object,6678148,66,1500,15
Object,6678680,70,1500,16
Object,6679304,70,1500,17
Object,6679774,56,1500,18
Object,6680290,72,1500,19
Object,6680794,56,1500,20
Object,6681278,70,1500,21
Object,6681766,72,1500,22
Bounds,6683110,3374,1500,0
Static_bag,6682770,3846,1500,0
Object,6682612,4288,1500,27
Bounds,6687958,2651,1500,0
Static_bag,6687724,3040,1500,0
Object,6687584,3337,1500,30
Bounds,6692989,2736,1500,0
Static_bag,6692763,3047,1500,0
Object,6692632,3450,1500,32
Bounds,6698241,2657,1500,0
Static_bag,6697977,3039,1500,0
Object,6697790,3442,1500,34
Bounds,6704590,3327,1500,0
VIF1_DMA_wait,6742671,426,1500,0
GIF_DMA_wait,6743407,98,1500,0
Packet_qwords,6748058,0,1500,92
VIF1_submit,6748047,4938,1500,0
Dispatch,6716517,37498,1500,0
Static_bag,6704279,49838,1500,0
Bounds,6755488,5060,1500,0
VIF1_DMA_wait,6830555,430,1500,0
GIF_DMA_wait,6831303,96,1500,0
Packet_qwords,6838064,0,1500,141
VIF1_submit,6838053,14267,1500,0
VIF1_DMA_wait,6863137,126920,1500,0
GIF_DMA_wait,6990356,99,1500,0
Packet_qwords,6994312,0,1500,57
VIF1_submit,6994304,4826,1500,0
Dispatch,6767711,232438,1500,0
Static_bag,6754995,245408,1500,0
Bounds,7001696,5149,1500,0
VIF1_DMA_wait,7069417,356,1500,0
GIF_DMA_wait,7070083,98,1500,0
Packet_qwords,7076864,0,1500,141
VIF1_submit,7076853,4986,1500,0
VIF1_DMA_wait,7107021,46692,1500,0
GIF_DMA_wait,7153946,93,1500,0
Packet_qwords,7158094,0,1500,71
VIF1_submit,7158086,4954,1500,0
Dispatch,7014975,149032,1500,0
Static_bag,7001161,162972,1500,0
Bounds,7165802,5683,1500,0
VIF1_DMA_wait,7193859,10888,1500,0
GIF_DMA_wait,7205017,150,1500,0
Packet_qwords,7207780,0,1500,57
VIF1_submit,7207769,4974,1500,0
Dispatch,7179637,34176,1500,0
Static_bag,7165053,48874,1500,0
Bounds,7215110,5188,1500,0
VIF1_DMA_wait,7238291,360,1500,0
GIF_DMA_wait,7238917,43,1500,0
Packet_qwords,7252472,0,1500,43
VIF1_submit,7252461,5161,1500,0
Dispatch,7227535,31196,1500,0
Static_bag,7214609,44294,1500,0
Object,6704098,555355,1500,35
Bounds,7262205,5326,1500,0
VIF1_DMA_wait,7285723,488,1500,0
GIF_DMA_wait,7286391,90,1500,0
Packet_qwords,7288090,0,1500,34
VIF1_submit,7288079,5172,1500,0
Dispatch,7273953,20354,1500,0
Static_bag,7261701,32702,1500,0
Object,7261137,33732,1500,36
Bounds,7299934,4654,1500,0
VIF1_DMA_wait,7337853,317,1500,0
GIF_DMA_wait,7338435,43,1500,0
Packet_qwords,7342880,0,1500,92
VIF1_submit,7342869,5001,1500,0
Dispatch,7312317,36694,1500,0
Static_bag,7299463,49674,1500,0
Bounds,7350418,4996,1500,0
VIF1_DMA_wait,7425509,430,1500,0
GIF_DMA_wait,7426273,98,1500,0
Packet_qwords,7433006,0,1500,141
VIF1_submit,7432995,5143,1500,0
VIF1_DMA_wait,7458517,112244,1500,0
GIF_DMA_wait,7570988,99,1500,0
Packet_qwords,7574870,0,1500,57
VIF1_submit,7574862,5032,1500,0
Dispatch,7362837,218134,1500,0
Static_bag,7349913,231172,1500,0
Bounds,7582346,5107,1500,0
VIF1_DMA_wait,7653853,368,1500,0
GIF_DMA_wait,7654531,92,1500,0
Packet_qwords,7661342,0,1500,141
VIF1_submit,7661331,4980,1500,0
VIF1_DMA_wait,7677628,60335,1500,0
GIF_DMA_wait,7738190,99,1500,0
Packet_qwords,7742840,0,1500,71
VIF1_submit,7742832,4510,1500,0
Dispatch,7595487,152854,1500,0
Static_bag,7581787,166715,1500,0
Bounds,7749976,5879,1500,0
VIF1_DMA_wait,7778903,10532,1500,0
GIF_DMA_wait,7789659,148,1500,0
Packet_qwords,7792498,0,1500,57
VIF1_submit,7792487,5004,1500,0
Dispatch,7763839,34774,1500,0
Static_bag,7749279,49486,1500,0
Bounds,7800020,4930,1500,0
VIF1_DMA_wait,7822547,342,1500,0
GIF_DMA_wait,7823155,43,1500,0
Packet_qwords,7825310,0,1500,43
VIF1_submit,7825299,4801,1500,0
Dispatch,7812157,19126,1500,0
Static_bag,7799429,31968,1500,0
Object,7299171,532868,1500,37
Bounds,7838146,4908,1500,0
VIF1_DMA_wait,7863143,429,1500,0
GIF_DMA_wait,7875075,43,1500,0
Packet_qwords,7877218,0,1500,43
VIF1_submit,7877207,5191,1500,0
Dispatch,7850061,33564,1500,0
Static_bag,7837653,46070,1500,0
Bounds,7885364,5459,1500,0
VIF1_DMA_wait,7919793,462,1500,0
GIF_DMA_wait,7920553,92,1500,0
Packet_qwords,7923782,0,1500,64
VIF1_submit,7923771,4928,1500,0
Dispatch,7898427,31336,1500,0
Static_bag,7884579,45304,1500,0
Bounds,7931288,5221,1500,0
Static_bag,7930731,5905,1500,0
Bounds,7937578,2459,1500,0
Static_bag,7937188,2935,1500,0
Bounds,7940660,3514,1500,0
VIF1_DMA_wait,7961089,394,1500,0
GIF_DMA_wait,7961733,43,1500,0
Packet_qwords,7963348,0,1500,36
VIF1_submit,7963337,4811,1500,0
Dispatch,7951697,17438,1500,0
Static_bag,7940393,28902,1500,0
Object,7837281,132638,1500,39
Bounds,7975396,4918,1500,0
VIF1_DMA_wait,7995453,341,1500,0
GIF_DMA_wait,7995966,44,1500,0
Packet_qwords,8000348,0,1500,92
VIF1_submit,8000337,5047,1500,0
Dispatch,7986119,20238,1500,0
Static_bag,7974893,31603,1500,0
Bounds,8007826,5098,1500,0
VIF1_DMA_wait,8054291,314,1500,0
GIF_DMA_wait,8054899,43,1500,0
Packet_qwords,8061628,0,1500,141
VIF1_submit,8061617,5339,1500,0
VIF1_DMA_wait,8076565,60810,1500,0
GIF_DMA_wait,8137514,43,1500,0
Packet_qwords,8140630,0,1500,57
VIF1_submit,8140622,4004,1500,0
Dispatch,8018305,127200,1500,0
Static_bag,8007221,138380,1500,0
Bounds,8147170,5501,1500,0
VIF1_DMA_wait,8173339,2789,1500,0
GIF_DMA_wait,8176273,100,1500,0
Packet_qwords,8194250,0,1500,141
VIF1_submit,8194239,5358,1500,0
VIF1_DMA_wait,8212819,55544,1500,0
GIF_DMA_wait,8268464,93,1500,0
Packet_qwords,8272698,0,1500,78
VIF1_submit,8272690,4098,1500,0
Dispatch,8158677,119102,1500,0
Static_bag,8146411,131464,1500,0
Bounds,8279576,5813,1500,0
VIF1_DMA_wait,8297118,24342,1500,0
GIF_DMA_wait,8321605,100,1500,0
Packet_qwords,8324224,0,1500,57
VIF1_submit,8324213,4877,1500,0
Dispatch,8291319,38738,1500,0
Static_bag,8278811,51380,1500,0
Bounds,8331278,16351,1500,0
VIF1_DMA_wait,8359813,322,1500,0
GIF_DMA_wait,8360299,43,1500,0
Packet_qwords,8363012,0,1500,57
VIF1_submit,8363001,5217,1500,0
Dispatch,8353635,15700,1500,0
Static_bag,8330749,38682,1500,0
Object,7974591,395450,1500,41
Bounds,8372733,5567,1500,0
VIF1_DMA_wait,8385613,307,1500,0
GIF_DMA_wait,8386021,43,1500,0
Packet_qwords,8387698,0,1500,34
VIF1_submit,8387687,4812,1500,0
Dispatch,8382627,10870,1500,0
Static_bag,8372185,21406,1500,0
Object,8371665,22398,1500,42
Bounds,8399434,4605,1500,0
VIF1_DMA_wait,8416677,311,1500,0
GIF_DMA_wait,8417142,44,1500,0
Packet_qwords,8420462,0,1500,71
VIF1_submit,8420451,5095,1500,0
Dispatch,8409537,17030,1500,0
Static_bag,8398955,27780,1500,0
Bounds,8427856,5218,1500,0
VIF1_DMA_wait,8451979,210,1500,0
GIF_DMA_wait,8452335,43,1500,0
Packet_qwords,8458414,0,1500,134
VIF1_submit,8458403,5087,1500,0
Dispatch,8438521,26070,1500,0
Static_bag,8427359,37326,1500,0
Bounds,8465762,5166,1500,0
VIF1_DMA_wait,8504153,23926,1500,0
GIF_DMA_wait,8528407,96,1500,0
Packet_qwords,8535500,0,1500,141
VIF1_submit,8535489,5089,1500,0
Dispatch,8476345,65689,1500,0
Static_bag,8465291,76854,1500,0
Bounds,8543738,5783,1500,0
VIF1_DMA_wait,8560252,49100,1500,0
GIF_DMA_wait,8609489,98,1500,0
Packet_qwords,8611484,0,1500,43
VIF1_submit,8611473,4874,1500,0
Dispatch,8555829,61414,1500,0
Static_bag,8543041,74302,1500,0
Bounds,8618594,5152,1500,0
VIF1_DMA_wait,8633744,273,1500,0
GIF_DMA_wait,8634117,43,1500,0
Packet_qwords,8636746,0,1500,57
VIF1_submit,8636735,21785,1500,0
Dispatch,8628417,31672,1500,0
Static_bag,8618041,42235,1500,0
Object,8398615,262244,1500,43
Bounds,8668965,4962,1500,0
Static_bag,8668471,5677,1500,0
Object,8668071,6351,1500,52
Bounds,8679628,2574,1500,0
Static_bag,8679341,2947,1500,0
Object,8679202,3358,1500,59
Bounds,8684072,2494,1500,0
Static_bag,8683722,2930,1500,0
Object,8683526,3276,1500,60
Bounds,8688004,2783,1500,0
VIF1_DMA_wait,8706013,399,1500,0
GIF_DMA_wait,8706644,68,1500,0
Packet_qwords,8710618,0,1500,85
VIF1_submit,8710607,5100,1500,0
Dispatch,8696889,19916,1500,0
Static_bag,8687801,29118,1500,0
Object,8687644,29849,1500,61
Bounds,8721278,5296,1500,0
VIF1_DMA_wait,8742205,5019,1500,0
GIF_DMA_wait,8747430,101,1500,0
Packet_qwords,8751436,0,1500,85
VIF1_submit,8751425,5111,1500,0
Dispatch,8732911,24608,1500,0
Static_bag,8720747,36882,1500,0
Object,8720437,37858,1500,62
Bounds,8761978,5021,1500,0
Static_bag,8761501,5659,1500,0
Object,8761201,6179,1500,63
Bounds,8769052,2493,1500,0
Static_bag,8768651,3060,1500,0
Object,8768498,3470,1500,64
Bounds,8773558,2937,1500,0
Static_bag,8773246,3407,1500,0
Object,8772926,3944,1500,65
Bounds,8778646,3080,1500,0
VIF1_DMA_wait,8796883,243,1500,0
GIF_DMA_wait,8797268,44,1500,0
Packet_qwords,8801168,0,1500,85
VIF1_submit,8801157,15385,1500,0
Dispatch,8788377,29636,1500,0
Static_bag,8778174,39977,1500,0
Object,8777962,40781,1500,66
Bounds,8822510,5555,1500,0
VIF1_DMA_wait,8844793,3123,1500,0
GIF_DMA_wait,8848064,99,1500,0
Packet_qwords,8852032,0,1500,85
VIF1_submit,8852021,5314,1500,0
Dispatch,8835411,22852,1500,0
Static_bag,8821963,36414,1500,0
Object,8821605,37362,1500,67
Bounds,8862850,4545,1500,0
Static_bag,8862373,5197,1500,0
Object,8862069,5801,1500,68
Bounds,8869504,2317,1500,0
Static_bag,8869175,2732,1500,0
Object,8869066,3080,1500,69
Bounds,8874124,3076,1500,0
VIF1_DMA_wait,8891769,311,1500,0
GIF_DMA_wait,8892216,44,1500,0
Packet_qwords,8895896,0,1500,78
VIF1_submit,8895885,4987,1500,0
Dispatch,8883493,18432,1500,0
Static_bag,8873674,28432,1500,0
Bounds,8903414,5190,1500,0
VIF1_DMA_wait,8919644,9061,1500,0
GIF_DMA_wait,8928799,102,1500,0
Packet_qwords,8931448,0,1500,57
VIF1_submit,8931437,4915,1500,0
Dispatch,8913795,23510,1500,0
Static_bag,8902795,34660,1500,0
Object,8873390,64693,1500,70
Bounds,8942092,5204,1500,0
VIF1_DMA_wait,8972459,405,1500,0
GIF_DMA_wait,8973133,43,1500,0
Packet_qwords,8976754,0,1500,78
VIF1_submit,8976743,5155,1500,0
Dispatch,8952861,30110,1500,0
Static_bag,8941585,41482,1500,0
Bounds,8984708,5675,1500,0
VIF1_DMA_wait,9002606,5599,1500,0
GIF_DMA_wait,9008351,98,1500,0
Packet_qwords,9011210,0,1500,57
VIF1_submit,9011199,4946,1500,0
Dispatch,8996487,20660,1500,0
Static_bag,8983903,33340,1500,0
Object,8941269,76686,1500,71
Bounds,9021918,4497,1500,0
Static_bag,9021377,5211,1500,0
Bounds,9027130,2149,1500,0
Static_bag,9026863,2502,1500,0
Object,9021051,8421,1500,72
Bounds,9031106,2832,1500,0
VIF1_DMA_wait,9047235,247,1500,0
GIF_DMA_wait,9047628,44,1500,0
Packet_qwords,9051238,0,1500,78
VIF1_submit,9051227,4999,1500,0
Dispatch,9039309,17966,1500,0
Static_bag,9030701,26700,1500,0
Bounds,9058858,5050,1500,0
VIF1_DMA_wait,9075188,7003,1500,0
GIF_DMA_wait,9082335,98,1500,0
Packet_qwords,9085090,0,1500,57
VIF1_submit,9085079,4885,1500,0
Dispatch,9069447,21526,1500,0
Static_bag,9058195,32920,1500,0
Object,9030561,61154,1500,73
Bounds,9098632,4664,1500,0
VIF1_DMA_wait,9156129,450,1500,0
GIF_DMA_wait,9156903,96,1500,0
Packet_qwords,9159392,0,1500,50
VIF1_submit,9159381,5409,1500,0
Dispatch,9110175,55846,1500,0
Static_bag,9098244,67873,1500,0
Bounds,9167690,5357,1500,0
VIF1_DMA_wait,9197901,356,1500,0
GIF_DMA_wait,9198559,43,1500,0
Packet_qwords,9201652,0,1500,64
VIF1_submit,9201641,5020,1500,0
Dispatch,9180763,26936,1500,0
Static_bag,9167235,40628,1500,0
Bounds,9209240,5224,1500,0
VIF1_DMA_wait,9237785,266,1500,0
GIF_DMA_wait,9238287,43,1500,0
Packet_qwords,9239870,0,1500,36
VIF1_submit,9239859,15866,1500,0
Dispatch,9222405,34738,1500,0
Static_bag,9208649,48600,1500,0
Object,9097789,159938,1500,75
Bounds,9263002,5513,1500,0
VIF1_DMA_wait,9290361,449,1500,0
GIF_DMA_wait,9291121,43,1500,0
Packet_qwords,9293216,0,1500,43
VIF1_submit,9293205,5220,1500,0
Dispatch,9284733,14666,1500,0
Static_bag,9262473,37028,1500,0
Bounds,9301264,5122,1500,0
VIF1_DMA_wait,9317730,193,1500,0
GIF_DMA_wait,9318103,43,1500,0
Packet_qwords,9320984,0,1500,64
VIF1_submit,9320973,4951,1500,0
Dispatch,9311745,15148,1500,0
Static_bag,9300367,26622,1500,0
Bounds,9328334,5094,1500,0
VIF1_DMA_wait,9342260,673,1500,0
GIF_DMA_wait,9343033,100,1500,0
Packet_qwords,9344806,0,1500,36
VIF1_submit,9344795,4825,1500,0
Dispatch,9339441,11206,1500,0
Static_bag,9327719,23048,1500,0
Object,9262057,89312,1500,76
Bounds,9356176,4714,1500,0
VIF1_DMA_wait,9370051,295,1500,0
GIF_DMA_wait,9370538,44,1500,0
Packet_qwords,9372578,0,1500,43
VIF1_submit,9372567,4861,1500,0
Dispatch,9366213,12424,1500,0
Static_bag,9355783,22980,1500,0
Bounds,9380170,4820,1500,0
VIF1_DMA_wait,9395738,297,1500,0
GIF_DMA_wait,9396187,43,1500,0
Packet_qwords,9399056,0,1500,64
VIF1_submit,9399045,5035,1500,0
Dispatch,9389877,15176,1500,0
Static_bag,9379495,25690,1500,0
Bounds,9406460,5238,1500,0
VIF1_DMA_wait,9420256,779,1500,0
GIF_DMA_wait,9421135,94,1500,0
Packet_qwords,9422744,0,1500,36
VIF1_submit,9422733,15374,1500,0
Dispatch,9417513,22130,1500,0
Static_bag,9405901,33832,1500,0
Object,9355477,84682,1500,77
Bounds,9445394,5209,1500,0
VIF1_DMA_wait,9461077,367,1500,0
GIF_DMA_wait,9461665,43,1500,0
Packet_qwords,9463790,0,1500,43
VIF1_submit,9463779,5192,1500,0
Dispatch,9456577,13518,1500,0
Static_bag,9444829,25362,1500,0
Bounds,9471400,5072,1500,0
VIF1_DMA_wait,9487186,207,1500,0
GIF_DMA_wait,9487545,43,1500,0
Packet_qwords,9490354,0,1500,64
VIF1_submit,9490343,4841,1500,0
Dispatch,9481371,14960,1500,0
Static_bag,9470885,25560,1500,0
Bounds,9497756,5148,1500,0
VIF1_DMA_wait,9511263,792,1500,0
GIF_DMA_wait,9512199,98,1500,0
Packet_qwords,9513934,0,1500,36
VIF1_submit,9513923,4895,1500,0
Dispatch,9508467,11308,1500,0
Static_bag,9497231,22656,1500,0
Object,9444477,76034,1500,78
Bounds,9525332,4768,1500,0
VIF1_DMA_wait,9539467,295,1500,0
GIF_DMA_wait,9539814,44,1500,0
Packet_qwords,9541826,0,1500,43
VIF1_submit,9541815,4855,1500,0
Dispatch,9535473,12304,1500,0
Static_bag,9524887,23032,1500,0
Bounds,9549170,5010,1500,0
VIF1_DMA_wait,9565212,275,1500,0
GIF_DMA_wait,9565637,43,1500,0
Packet_qwords,9568538,0,1500,64
VIF1_submit,9568527,4921,1500,0
Dispatch,9559017,15526,1500,0
Static_bag,9548609,26070,1500,0
Bounds,9576004,17623,1500,0
VIF1_DMA_wait,9603111,302,1500,0
GIF_DMA_wait,9603505,43,1500,0
Packet_qwords,9605092,0,1500,36
VIF1_submit,9605081,5279,1500,0
Dispatch,9599589,11924,1500,0
Static_bag,9575293,36316,1500,0
Object,9524577,87474,1500,79
Bounds,9617248,5039,1500,0
VIF1_DMA_wait,9632269,307,1500,0
GIF_DMA_wait,9632756,44,1500,0
Packet_qwords,9634904,0,1500,43
VIF1_submit,9634893,4898,1500,0
Dispatch,9628263,12510,1500,0
Static_bag,9616615,24341,1500,0
Bounds,9642370,5086,1500,0
VIF1_DMA_wait,9658212,193,1500,0
GIF_DMA_wait,9658556,44,1500,0
Packet_qwords,9661366,0,1500,64
VIF1_submit,9661355,4879,1500,0
Dispatch,9652395,14936,1500,0
Static_bag,9641653,25852,1500,0
Bounds,9668770,5260,1500,0
VIF1_DMA_wait,9682139,826,1500,0
GIF_DMA_wait,9683156,99,1500,0
Packet_qwords,9684916,0,1500,36
VIF1_submit,9684905,4831,1500,0
Dispatch,9679413,11414,1500,0
Static_bag,9668147,22782,1500,0
Object,9616267,75226,1500,80
Bounds,9707794,4413,1500,0
Static_bag,9707299,5209,1500,0
Bounds,9713042,2259,1500,0
Static_bag,9712811,2631,1500,0
Object,9706988,8564,1500,99
Bounds,9717086,2392,1500,0
Static_bag,9716800,2815,1500,0
Bounds,9720094,2078,1500,0
Static_bag,9719883,2426,1500,0
Object,9716637,5893,1500,100
Bounds,9724280,2699,1500,0
Static_bag,9723981,3215,1500,0
Bounds,9727568,2148,1500,0
Static_bag,9727337,2603,1500,0
Object,9723805,6369,1500,101
Bounds,9731806,2427,1500,0
Static_bag,9731505,2909,1500,0
Bounds,9734836,13387,1500,0
Static_bag,9734593,13939,1500,0
Object,9731366,17533,1500,102
Bounds,9751510,3841,1500,0
Static_bag,9751033,4435,1500,0
Bounds,9755872,2666,1500,0
Static_bag,9755612,3096,1500,0
Object,9750717,8185,1500,103
Bounds,9760600,2650,1500,0
Static_bag,9760325,3108,1500,0
Bounds,9763852,2392,1500,0
Static_bag,9763563,2767,1500,0
Object,9760202,6372,1500,104
Bounds,9771260,3269,1500,0
VIF1_DMA_wait,9787443,365,1500,0
GIF_DMA_wait,9788023,43,1500,0
Packet_qwords,9791042,0,1500,64
VIF1_submit,9791031,5120,1500,0
Dispatch,9780501,16672,1500,0
Static_bag,9770957,26306,1500,0
Bounds,9798500,5542,1500,0
VIF1_DMA_wait,9813392,261,1500,0
GIF_DMA_wait,9813799,43,1500,0
Packet_qwords,9815798,0,1500,43
VIF1_submit,9815787,4813,1500,0
Dispatch,9809721,11920,1500,0
Static_bag,9797850,23885,1500,0
Object,9770796,51527,1500,108
Bounds,9826402,4924,1500,0
VIF1_DMA_wait,9843277,243,1500,0
GIF_DMA_wait,9843619,43,1500,0
Packet_qwords,9857500,0,1500,64
VIF1_submit,9857489,5431,1500,0
Dispatch,9836635,27426,1500,0
Static_bag,9825865,38344,1500,0
Bounds,9866062,6461,1500,0
VIF1_DMA_wait,9883993,367,1500,0
GIF_DMA_wait,9884499,43,1500,0
Packet_qwords,9886648,0,1500,43
VIF1_submit,9886637,4818,1500,0
Dispatch,9879291,13184,1500,0
Static_bag,9865099,27558,1500,0
Object,9825529,78772,1500,109
Bounds,9908078,5117,1500,0
Static_bag,9907515,5940,1500,0
Bounds,9913970,2504,1500,0
Static_bag,9913719,2872,1500,0
Object,9907117,9627,1500,110
Bounds,9918010,2418,1500,0
Static_bag,9917769,2745,1500,0
Object,9917634,3082,1500,111
Bounds,9922042,2439,1500,0
Static_bag,9921663,2938,1500,0
Object,9921577,3215,1500,112
Bounds,9926218,2415,1500,0
Static_bag,9925971,2748,1500,0
Object,9925836,3114,1500,113
Bounds,9929908,2495,1500,0
Static_bag,9929680,2841,1500,0
Object,9929506,3224,1500,114
Object,9933276,210,1500,115
Object,9933994,74,1500,116
Object,9934534,150,1500,117
Object,9935152,72,1500,118
Object,9935678,104,1500,119
Object,9936316,56,1500,120
Bounds,9940372,4197,1500,0
VIF1_DMA_wait,9999429,438,1500,0
GIF_DMA_wait,10000213,98,1500,0
Packet_qwords,10006714,0,1500,134
VIF1_submit,10006703,5248,1500,0
Dispatch,9953119,60002,1500,0
Static_bag,9940001,73236,1500,0
Bounds,10134883,5366,1500,0
VIF1_DMA_wait,10191865,488,1500,0
GIF_DMA_wait,10192645,92,1500,0
Packet_qwords,10199102,0,1500,138
VIF1_submit,10199091,5238,1500,0
Dispatch,10148169,57242,1500,0
Static_bag,10134339,71267,1500,0
Object,9939858,278579,1500,121
Bounds,10225593,6178,1500,0
Static_bag,10224983,7011,1500,0
Bounds,10241313,3429,1500,0
Static_bag,10240950,3924,1500,0
Bounds,10245274,4023,1500,0
VIF1_DMA_wait,10329357,474,1500,0
GIF_DMA_wait,10330185,102,1500,0
Packet_qwords,10337132,0,1500,141
VIF1_submit,10337121,5046,1500,0
VIF1_DMA_wait,10349783,61522,1500,0
GIF_DMA_wait,10411520,99,1500,0
Packet_qwords,10414424,0,1500,36
VIF1_submit,10414416,4420,1500,0
Dispatch,10258759,161040,1500,0
Static_bag,10245033,174863,1500,0
Bounds,10680931,5384,1500,0
VIF1_DMA_wait,10764049,512,1500,0
GIF_DMA_wait,10764901,98,1500,0
Packet_qwords,10771870,0,1500,145
VIF1_submit,10771859,5074,1500,0
VIF1_DMA_wait,10784915,73642,1500,0
GIF_DMA_wait,10858856,99,1500,0
Packet_qwords,10861766,0,1500,36
VIF1_submit,10861758,4312,1500,0
Dispatch,10694435,172670,1500,0
Static_bag,10680365,186836,1500,0
Object,10224193,643358,1500,122
Bounds,10874226,6441,1500,0
VIF1_DMA_wait,10898449,338,1500,0
GIF_DMA_wait,10899043,102,1500,0
Packet_qwords,10903168,0,1500,85
VIF1_submit,10903157,4974,1500,0
Dispatch,10887637,21626,1500,0
Static_bag,10873449,35912,1500,0
Object,10873015,36944,1500,134
Object,10911837,327,1500,135
Object,10912622,56,1500,136
Object,10913140,72,1500,137
Object,10913596,98,1500,138
Object,10914112,86,1500,139
Object,10914667,53,1500,140
Object,10915174,144,1500,141
Object,10915988,86,1500,142
Objects,5949611,4968436,1500,0
Bounds,11239922,156157,1500,0
VIF1_DMA_wait,11417263,331,1500,0
GIF_DMA_wait,11417845,47,1500,0
Packet_qwords,11424302,0,1500,141
VIF1_submit,11424291,5346,1500,0
VIF1_DMA_wait,11444266,54401,1500,0
GIF_DMA_wait,11498946,92,1500,0
Packet_qwords,11505296,0,1500,113
VIF1_submit,11505288,4828,1500,0
VIF1_DMA_wait,11525695,52776,1500,0
GIF_DMA_wait,11578566,41,1500,0
Packet_qwords,11584120,0,1500,113
VIF1_submit,11584112,4592,1500,0
VIF1_DMA_wait,11595167,62098,1500,0
GIF_DMA_wait,11657484,145,1500,0
Packet_qwords,11660162,0,1500,36
VIF1_submit,11660154,4792,1500,0
Dispatch,11403045,262972,1500,0
Static_bag,11239343,426799,1500,0
Bounds,11705198,17525,1500,0
VIF1_DMA_wait,11744079,522,1500,0
GIF_DMA_wait,11744979,102,1500,0
Packet_qwords,11747674,0,1500,50
VIF1_submit,11747663,5446,1500,0
Dispatch,11730801,23560,1500,0
Static_bag,11704637,49926,1500,0
Bounds,11907308,76321,1500,0
VIF1_DMA_wait,12024045,480,1500,0
GIF_DMA_wait,12024921,102,1500,0
Packet_qwords,12028738,0,1500,78
VIF1_submit,12028727,5086,1500,0
Dispatch,11991913,43128,1500,0
Static_bag,11906765,128396,1500,0
Wheels,10918125,1117590,1500,0
Animation,12035833,252,1500,0
Shadow_decals,12036263,172,1500,0
Mirrors,12036517,1,1500,0
Portal_surfaces,12036607,1,1500,0
Light_pools,12036639,3396,1500,0
GS_FINISH_wait,12097839,526,1500,0
Align3D,12093467,5182,1500,0
Bounds,12111008,6139,1500,0
VIF1_DMA_wait,12141015,444,1500,0
GIF_DMA_wait,12141699,132,1500,0
Packet_qwords,12148364,0,1500,141
VIF1_submit,12148353,5316,1500,0
VIF1_DMA_wait,12170920,51561,1500,0
GIF_DMA_wait,12222678,41,1500,0
Packet_qwords,12239904,0,1500,113
VIF1_submit,12239896,12566,1500,0
Dispatch,12124835,129063,1500,0
Static_bag,12110447,143574,1500,0
Bounds,12255874,5741,1500,0
VIF1_DMA_wait,12280975,39443,1500,0
GIF_DMA_wait,12320665,100,1500,0
Packet_qwords,12326188,0,1500,120
VIF1_submit,12326177,5362,1500,0
Dispatch,12268299,64468,1500,0
Static_bag,12255033,77854,1500,0
Bounds,12334161,5303,1500,0
VIF1_DMA_wait,12347220,45015,1500,0
GIF_DMA_wait,12392407,148,1500,0
Packet_qwords,12394526,0,1500,40
VIF1_submit,12394515,4975,1500,0
Dispatch,12343585,57028,1500,0
Static_bag,12333719,67014,1500,0
GS_FINISH_wait,12446757,532,1500,0
Align3D,12442361,5120,1500,0
Bounds,12458482,5799,1500,0
VIF1_DMA_wait,12486609,396,1500,0
GIF_DMA_wait,12487179,96,1500,0
Packet_qwords,12493880,0,1500,141
VIF1_submit,12493869,5292,1500,0
Dispatch,12471975,28491,1500,0
Static_bag,12457965,42596,1500,0
GS_FINISH_wait,12571889,2266,1500,0
Align3D,12508247,66171,1500,0
Bounds,12632531,10630,1500,0
GS_FINISH_wait,12650547,517,1500,0
Align3D,12644840,6416,1500,0
VIF1_DMA_wait,12663861,252,1500,0
GIF_DMA_wait,12664285,122,1500,0
Packet_qwords,12666530,0,1500,42
VIF1_submit,12666519,4338,1500,0
GS_FINISH_wait,12676659,28141,1500,0
Align3D,12672166,32873,1500,0
Dispatch,12659099,49039,1500,0
Static_bag,12631985,76248,1500,0
Bounds,12762995,10210,1500,0
GS_FINISH_wait,12782193,475,1500,0
Align3D,12776426,6438,1500,0
VIF1_DMA_wait,12815163,414,1500,0
GIF_DMA_wait,12815905,96,1500,0
Packet_qwords,12818230,0,1500,42
VIF1_submit,12818219,4750,1500,0
GS_FINISH_wait,12828909,27829,1500,0
Align3D,12824266,32735,1500,0
Dispatch,12790563,69419,1500,0
Static_bag,12762461,97622,1500,0
Projected_shadows,12040111,820642,1500,0
Bounds,12866471,8066,1500,0
Static_bag,12865961,8681,1500,0
Bounds,12878414,4740,1500,0
Static_bag,12878189,5052,1500,0
Bounds,12886258,5277,1500,0
VIF1_DMA_wait,12907617,438,1500,0
GIF_DMA_wait,12908287,98,1500,0
Packet_qwords,12910160,0,1500,36
VIF1_submit,12910149,5472,1500,0
Dispatch,12900065,16656,1500,0
Static_bag,12885929,30888,1500,0
Blob_shadows,12860871,56296,1500,0
Light_beams,12917297,3024,1500,0
Highlights_and_outlines,12920395,1,1500,0
Bounds,12938294,8015,1500,0
VIF1_DMA_wait,12960596,409,1500,0
GIF_DMA_wait,12961293,96,1500,0
Packet_qwords,12963046,0,1500,34
VIF1_submit,12963035,5431,1500,0
Dispatch,12953913,15668,1500,0
Static_bag,12937901,31770,1500,0
Particles,12920525,49396,1500,0
Scene,2484191,10485902,1500,0
GS_FINISH_wait,12978765,532,1500,0
Align3D,12974796,4670,1500,0
GS_FINISH_wait,13156281,552,1500,0
Align3D,13151172,5895,1500,0
PostFx,13150749,143120,1500,0
Present,13294521,4389680,1500,0
EndFrame,12997061,4687371,1500,0
Game,8333,17685492,1500,0
Info,17694025,356,1500,0
Frame,0,17694947,1500,0
Pad,17695610,7917,1501,0
Update,17703945,2199264,1501,0
GS_FINISH_wait,20101473,83372,1501,0
Align3D,20097048,88011,1501,0
Bounds,20201652,5887,1501,0
VIF1_DMA_wait,20265567,492,1501,0
GIF_DMA_wait,20266423,102,1501,0
Packet_qwords,20272286,0,1501,124
VIF1_submit,20272275,5160,1501,0
VIF1_DMA_wait,20301835,25639,1501,0
GIF_DMA_wait,20327612,44,1501,0
Packet_qwords,20342929,0,1501,55
VIF1_submit,20342921,4829,1501,0
Dispatch,20214579,134362,1501,0
Static_bag,20201085,147976,1501,0
Bounds,20351525,8630,1501,0
Static_bag,20350965,9301,1501,0
Bounds,20365919,4298,1501,0
VIF1_DMA_wait,20392623,504,1501,0
GIF_DMA_wait,20393427,102,1501,0
Packet_qwords,20395984,0,1501,50
VIF1_submit,20395973,5086,1501,0
Dispatch,20379081,22984,1501,0
Static_bag,20365530,36737,1501,0
Bounds,20403434,5650,1501,0
VIF1_DMA_wait,20437664,405,1501,0
GIF_DMA_wait,20438461,47,1501,0
Packet_qwords,20442218,0,1501,78
VIF1_submit,20442207,4879,1501,0
Dispatch,20416007,32202,1501,0
Static_bag,20402781,45560,1501,0
Bounds,20449406,5328,1501,0
VIF1_DMA_wait,20478496,361,1501,0
GIF_DMA_wait,20479177,47,1501,0
Packet_qwords,20482196,0,1501,64
VIF1_submit,20482185,16076,1501,0
Dispatch,20462273,37500,1501,0
Static_bag,20448843,51070,1501,0
Bounds,20501154,5793,1501,0
VIF1_DMA_wait,20534093,472,1501,0
GIF_DMA_wait,20534875,102,1501,0
Packet_qwords,20538086,0,1501,64
VIF1_submit,20538075,5125,1501,0
Dispatch,20515699,28536,1501,0
Static_bag,20500419,43924,1501,0
Bounds,20545574,5200,1501,0
VIF1_DMA_wait,20583629,306,1501,0
GIF_DMA_wait,20584239,47,1501,0
Packet_qwords,20586344,0,1501,43
VIF1_submit,20586333,5203,1501,0
Dispatch,20558665,34092,1501,0
Static_bag,20544915,47938,1501,0
Bounds,20594676,4879,1501,0
Static_bag,20594201,5507,1501,0
Bounds,20600162,2320,1501,0
Static_bag,20599919,2729,1501,0
Bounds,20603002,2274,1501,0
Static_bag,20602799,2601,1501,0
Bounds,20605832,14559,1501,0
Static_bag,20605605,15141,1501,0
Bounds,20621428,2803,1501,0
Static_bag,20621083,3309,1501,0
Bounds,20625508,3219,1501,0
VIF1_DMA_wait,20658365,405,1501,0
GIF_DMA_wait,20659147,47,1501,0
Packet_qwords,20663750,0,1501,92
VIF1_submit,20663739,5106,1501,0
Dispatch,20635129,34812,1501,0
Static_bag,20625199,44904,1501,0
Bounds,20671422,6117,1501,0
VIF1_DMA_wait,20698321,6086,1501,0
GIF_DMA_wait,20704641,114,1501,0
Packet_qwords,20711096,0,1501,141
VIF1_submit,20711085,5041,1501,0
VIF1_DMA_wait,20725017,59512,1501,0
GIF_DMA_wait,20784624,43,1501,0
Packet_qwords,20787766,0,1501,57
VIF1_submit,20787758,4118,1501,0
Dispatch,20683507,109202,1501,0
Static_bag,20670641,122184,1501,0
Bounds,20793902,17659,1501,0
VIF1_DMA_wait,20833265,315,1501,0
GIF_DMA_wait,20833813,47,1501,0
Packet_qwords,20840446,0,1501,141
VIF1_submit,20840435,5560,1501,0
VIF1_DMA_wait,20857031,57728,1501,0
GIF_DMA_wait,20914854,43,1501,0
Packet_qwords,20918956,0,1501,78
VIF1_submit,20918948,4118,1501,0
Dispatch,20818687,105276,1501,0
Static_bag,20793329,130766,1501,0
Bounds,20925396,5690,1501,0
VIF1_DMA_wait,20942262,25779,1501,0
GIF_DMA_wait,20968353,152,1501,0
Packet_qwords,20971232,0,1501,57
VIF1_submit,20971221,5304,1501,0
Dispatch,20936721,40930,1501,0
Static_bag,20924615,53166,1501,0
Bounds,20978952,6159,1501,0
VIF1_DMA_wait,20996779,280,1501,0
GIF_DMA_wait,20997291,47,1501,0
Packet_qwords,20999822,0,1501,57
VIF1_submit,20999811,4903,1501,0
Dispatch,20990821,14898,1501,0
Static_bag,20978209,27672,1501,0
Bounds,21008102,5518,1501,0
VIF1_DMA_wait,21027857,233,1501,0
GIF_DMA_wait,21028229,47,1501,0
Packet_qwords,21032432,0,1501,92
VIF1_submit,21032421,4964,1501,0
Dispatch,21019033,19378,1501,0
Static_bag,21007357,31150,1501,0
Bounds,21039578,5314,1501,0
VIF1_DMA_wait,21063959,8920,1501,0
GIF_DMA_wait,21073067,100,1501,0
Packet_qwords,21079432,0,1501,141
VIF1_submit,21079421,5141,1501,0
VIF1_DMA_wait,21093311,59974,1501,0
GIF_DMA_wait,21153510,149,1501,0
Packet_qwords,21157127,0,1501,57
VIF1_submit,21157119,4926,1501,0
Dispatch,21050365,112612,1501,0
Static_bag,21038973,124200,1501,0
Bounds,21164552,5897,1501,0
VIF1_DMA_wait,21191649,1086,1501,0
GIF_DMA_wait,21193021,98,1501,0
Packet_qwords,21199366,0,1501,141
VIF1_submit,21199355,5237,1501,0
VIF1_DMA_wait,21229559,46735,1501,0
GIF_DMA_wait,21276512,159,1501,0
Packet_qwords,21281077,0,1501,78
VIF1_submit,21281069,5086,1501,0
Dispatch,21176653,110448,1501,0
Static_bag,21163747,123480,1501,0
Bounds,21288534,5823,1501,0
VIF1_DMA_wait,21306835,24038,1501,0
GIF_DMA_wait,21331057,104,1501,0
Packet_qwords,21333658,0,1501,57
VIF1_submit,21333647,5011,1501,0
Dispatch,21300691,38940,1501,0
Static_bag,21287737,51994,1501,0
Bounds,21340724,5314,1501,0
VIF1_DMA_wait,21356616,215,1501,0
GIF_DMA_wait,21356969,47,1501,0
Packet_qwords,21359570,0,1501,57
VIF1_submit,21359559,4779,1501,0
Dispatch,21351207,14182,1501,0
Static_bag,21340141,25372,1501,0
Bounds,21367704,5456,1501,0
VIF1_DMA_wait,21384937,307,1501,0
GIF_DMA_wait,21385491,47,1501,0
Packet_qwords,21388786,0,1501,71
VIF1_submit,21388775,4996,1501,0
Dispatch,21378181,16566,1501,0
Static_bag,21366895,27978,1501,0
Bounds,21396086,5302,1501,0
VIF1_DMA_wait,21420283,210,1501,0
GIF_DMA_wait,21420675,47,1501,0
Packet_qwords,21438394,0,1501,134
VIF1_submit,21438383,5350,1501,0
Dispatch,21406825,38086,1501,0
Static_bag,21395335,49738,1501,0
Bounds,21446412,6067,1501,0
VIF1_DMA_wait,21473789,33655,1501,0
GIF_DMA_wait,21507711,102,1501,0
Packet_qwords,21514160,0,1501,141
VIF1_submit,21514149,5155,1501,0
Dispatch,21458701,61987,1501,0
Static_bag,21445639,75142,1501,0
Bounds,21521884,5414,1501,0
VIF1_DMA_wait,21536310,52839,1501,0
GIF_DMA_wait,21589397,154,1501,0
Packet_qwords,21591560,0,1501,43
VIF1_submit,21591549,5240,1501,0
Dispatch,21532647,65278,1501,0
Static_bag,21521229,76810,1501,0
Bounds,21599528,5537,1501,0
VIF1_DMA_wait,21616585,274,1501,0
GIF_DMA_wait,21617113,47,1501,0
Packet_qwords,21619838,0,1501,57
VIF1_submit,21619827,4849,1501,0
Dispatch,21610621,15024,1501,0
Static_bag,21598741,26998,1501,0
Bounds,21629204,4991,1501,0
Static_bag,21628703,5629,1501,0
Bounds,21634786,3054,1501,0
Static_bag,21634586,3390,1501,0
Bounds,21638396,2026,1501,0
Static_bag,21638139,2369,1501,0
Bounds,21640984,2002,1501,0
Static_bag,21640713,2405,1501,0
Bounds,21643510,2180,1501,0
Static_bag,21643281,2579,1501,0
Bounds,21646816,2366,1501,0
Static_bag,21646530,2789,1501,0
Bounds,21649718,2176,1501,0
Static_bag,21649473,2587,1501,0
Bounds,21652540,2204,1501,0
Static_bag,21652268,2562,1501,0
Bounds,21655324,1972,1501,0
Static_bag,21655054,2328,1501,0
Bounds,21657788,2242,1501,0
Static_bag,21657543,2615,1501,0
GS_FINISH_wait,21681039,562,1501,0
Align3D,21676649,5096,1501,0
Reflections_shared_probe,20096359,1589782,1501,0
Portal,21686295,170,1501,0
Bounds,21687351,5182,1501,0
VIF1_DMA_wait,21733121,12038,1501,0
GIF_DMA_wait,21745575,96,1501,0
Packet_qwords,21750028,0,1501,88
VIF1_submit,21750017,5184,1501,0
Dispatch,21698743,57708,1501,0
Static_bag,21686917,69664,1501,0
Bounds,21759371,8470,1501,0
Static_bag,21758787,9209,1501,0
Sky,21686600,82029,1501,0
Bounds,21772462,4041,1501,0
VIF1_DMA_wait,21874001,472,1501,0
GIF_DMA_wait,21874791,96,1501,0
Packet_qwords,21881696,0,1501,141
VIF1_submit,21881685,5334,1501,0
VIF1_DMA_wait,21905991,113430,1501,0
GIF_DMA_wait,22019654,99,1501,0
Packet_qwords,22022174,0,1501,36
VIF1_submit,22022166,4600,1501,0
Dispatch,21784963,242916,1501,0
Static_bag,21772141,255850,1501,0
Bounds,22030156,5823,1501,0
Static_bag,22029425,6707,1501,0
Bounds,22036750,3291,1501,0
VIF1_DMA_wait,22079373,443,1501,0
GIF_DMA_wait,22080153,43,1501,0
Packet_qwords,22083118,0,1501,57
VIF1_submit,22083107,4996,1501,0
Dispatch,22058261,30996,1501,0
Static_bag,22036534,52849,1501,0
Bounds,22091216,5650,1501,0
VIF1_DMA_wait,22122564,389,1501,0
GIF_DMA_wait,22123173,43,1501,0
Packet_qwords,22125940,0,1501,57
VIF1_submit,22125929,4906,1501,0
Dispatch,22103805,28118,1501,0
Static_bag,22090611,41434,1501,0
Bounds,22133427,5010,1501,0
Static_bag,22133043,5531,1501,0
Bounds,22139386,2383,1501,0
Static_bag,22139098,2821,1501,0
Bounds,22142510,3346,1501,0
VIF1_DMA_wait,22164143,212,1501,0
GIF_DMA_wait,22164493,43,1501,0
Packet_qwords,22170884,0,1501,141
VIF1_submit,22170873,5088,1501,0
VIF1_DMA_wait,22183446,61365,1501,0
GIF_DMA_wait,22245067,198,1501,0
Packet_qwords,22248036,0,1501,43
VIF1_submit,22248028,4950,1501,0
Dispatch,22150713,103342,1501,0
Static_bag,22142229,111956,1501,0
Bounds,22255900,5687,1501,0
VIF1_DMA_wait,22325193,437,1501,0
GIF_DMA_wait,22325929,43,1501,0
Packet_qwords,22332680,0,1501,141
VIF1_submit,22332669,5034,1501,0
VIF1_DMA_wait,22344760,61955,1501,0
GIF_DMA_wait,22406934,195,1501,0
Packet_qwords,22409700,0,1501,36
VIF1_submit,22409692,12158,1501,0
Dispatch,22269257,153984,1501,0
Static_bag,22255289,168092,1501,0
Bounds,22425362,6337,1501,0
VIF1_DMA_wait,22491599,387,1501,0
GIF_DMA_wait,22492329,43,1501,0
Packet_qwords,22499138,0,1501,141
VIF1_submit,22499127,5214,1501,0
VIF1_DMA_wait,22512084,61407,1501,0
GIF_DMA_wait,22573710,217,1501,0
Packet_qwords,22576752,0,1501,43
VIF1_submit,22576744,4758,1501,0
Dispatch,22439491,143124,1501,0
Static_bag,22424607,158120,1501,0
Bounds,22584730,5493,1501,0
Static_bag,22583939,6437,1501,0
Bounds,22591022,2726,1501,0
Static_bag,22590750,3157,1501,0
Bounds,22594606,2462,1501,0
Static_bag,22594352,2847,1501,0
Bounds,22598116,2193,1501,0
Static_bag,22597768,2715,1501,0
Bounds,22601056,2580,1501,0
Static_bag,22600876,2846,1501,0
Bounds,22604306,2181,1501,0
Static_bag,22604074,2545,1501,0
Bounds,22607212,2396,1501,0
Static_bag,22607040,2697,1501,0
Bounds,22610356,2915,1501,0
VIF1_DMA_wait,22632857,321,1501,0
GIF_DMA_wait,22633303,43,1501,0
Packet_qwords,22639846,0,1501,141
VIF1_submit,22639835,5224,1501,0
VIF1_DMA_wait,22652287,61742,1501,0
GIF_DMA_wait,22714296,145,1501,0
Packet_qwords,22717220,0,1501,43
VIF1_submit,22717212,4906,1501,0
Dispatch,22618617,104616,1501,0
Static_bag,22610178,113165,1501,0
Bounds,22725268,5831,1501,0
Static_bag,22724551,6636,1501,0
Bounds,22731838,3303,1501,0
Static_bag,22731623,3654,1501,0
Bounds,22735816,2927,1501,0
VIF1_DMA_wait,22779415,355,1501,0
GIF_DMA_wait,22780089,65,1501,0
Packet_qwords,22786736,0,1501,141
VIF1_submit,22786725,5208,1501,0
VIF1_DMA_wait,22799453,61252,1501,0
GIF_DMA_wait,22860978,195,1501,0
Packet_qwords,22863964,0,1501,43
VIF1_submit,22863956,4700,1501,0
Dispatch,22746177,123632,1501,0
Static_bag,22735636,134337,1501,0
Bounds,22871932,5993,1501,0
VIF1_DMA_wait,22917543,383,1501,0
GIF_DMA_wait,22918191,43,1501,0
Packet_qwords,22924928,0,1501,141
VIF1_submit,22924917,5232,1501,0
VIF1_DMA_wait,22938069,61266,1501,0
GIF_DMA_wait,22999598,203,1501,0
Packet_qwords,23002574,0,1501,43
VIF1_submit,23002566,4786,1501,0
Dispatch,22885807,122572,1501,0
Static_bag,22871283,137192,1501,0
Bounds,23010434,15221,1501,0
Static_bag,23009771,16217,1501,0
Bounds,23026952,2512,1501,0
Static_bag,23026591,3024,1501,0
Bounds,23030242,2927,1501,0
VIF1_DMA_wait,23093547,443,1501,0
GIF_DMA_wait,23094307,43,1501,0
Packet_qwords,23100778,0,1501,134
VIF1_submit,23100767,4990,1501,0
Dispatch,23040681,66212,1501,0
Static_bag,23030064,76997,1501,0
Bounds,23108487,5745,1501,0
VIF1_DMA_wait,23187755,454,1501,0
GIF_DMA_wait,23188513,98,1501,0
Packet_qwords,23194718,0,1501,127
VIF1_submit,23194707,5082,1501,0
Dispatch,23121441,79566,1501,0
Static_bag,23108081,93085,1501,0
Terrain,21768761,1433232,1501,0
Bounds,23204013,5550,1501,0
VIF1_DMA_wait,23228059,31025,1501,0
GIF_DMA_wait,23259349,100,1501,0
Packet_qwords,23261126,0,1501,34
VIF1_submit,23261115,4921,1501,0
Dispatch,23216841,50148,1501,0
Static_bag,23203479,63620,1501,0
Bounds,23268669,4348,1501,0
Static_bag,23268227,4943,1501,0
Bounds,23273995,2682,1501,0
VIF1_DMA_wait,23299867,316,1501,0
GIF_DMA_wait,23300469,43,1501,0
Packet_qwords,23313928,0,1501,40
VIF1_submit,23313917,5272,1501,0
Dispatch,23282697,37814,1501,0
Static_bag,23273747,46880,1501,0
Bounds,23322344,5593,1501,0
VIF1_DMA_wait,23338245,347,1501,0
GIF_DMA_wait,23338767,43,1501,0
Packet_qwords,23340340,0,1501,36
VIF1_submit,23340329,4841,1501,0
Dispatch,23334355,12010,1501,0
Static_bag,23321751,24710,1501,0
Bounds,23348060,4734,1501,0
VIF1_DMA_wait,23372617,356,1501,0
GIF_DMA_wait,23373158,97,1501,0
Packet_qwords,23375840,0,1501,57
VIF1_submit,23375829,5131,1501,0
Dispatch,23359161,23146,1501,0
Static_bag,23347643,34764,1501,0
Bounds,23384018,5238,1501,0
VIF1_DMA_wait,23414945,324,1501,0
GIF_DMA_wait,23415495,43,1501,0
Packet_qwords,23417672,0,1501,43
VIF1_submit,23417661,5095,1501,0
Dispatch,23396199,27812,1501,0
Static_bag,23383449,40670,1501,0
Bounds,23425731,4809,1501,0
VIF1_DMA_wait,23454187,298,1501,0
GIF_DMA_wait,23454685,43,1501,0
Packet_qwords,23456530,0,1501,40
VIF1_submit,23456519,16660,1501,0
Dispatch,23436511,38040,1501,0
Static_bag,23425365,49360,1501,0
Bounds,23476281,5248,1501,0
Static_bag,23475783,5899,1501,0
Static_batches,23202031,280070,1501,0
Bounds,23483041,2338,1501,0
Static_bag,23482702,2763,1501,0
Bounds,23486092,2140,1501,0
Static_bag,23485815,2503,1501,0
Bounds,23488900,2180,1501,0
Static_bag,23488623,2578,1501,0
Bounds,23491910,2018,1501,0
Static_bag,23491577,2472,1501,0
Bounds,23494676,1998,1501,0
Static_bag,23494353,2450,1501,0
Bounds,23497442,2352,1501,0
Static_bag,23497113,2813,1501,0
Bounds,23500622,2496,1501,0
Static_bag,23500269,2981,1501,0
Bounds,23503856,2058,1501,0
Static_bag,23503527,2513,1501,0
Bounds,23506726,2406,1501,0
Static_bag,23506371,2847,1501,0
Bounds,23509852,2188,1501,0
Static_bag,23509581,2545,1501,0
Bounds,23512802,2334,1501,0
Static_bag,23512463,2789,1501,0
Bounds,23515942,2254,1501,0
Static_bag,23515611,2671,1501,0
Bounds,23518966,2054,1501,0
Static_bag,23518605,2580,1501,0
Bounds,23521868,2232,1501,0
Static_bag,23521529,2657,1501,0
Bounds,23524840,2360,1501,0
Static_bag,23524533,2797,1501,0
Bounds,23527918,2284,1501,0
Static_bag,23527653,2729,1501,0
Bounds,23531122,2523,1501,0
Static_bag,23530703,3075,1501,0
Bounds,23534480,2512,1501,0
Static_bag,23534121,3001,1501,0
Bounds,23537716,2487,1501,0
Static_bag,23537433,2900,1501,0
Bounds,23541032,2255,1501,0
Static_bag,23540723,2650,1501,0
Bounds,23544020,2289,1501,0
Static_bag,23543755,2690,1501,0
Bounds,23547092,2320,1501,0
Static_bag,23546769,2801,1501,0
Bounds,23550190,2691,1501,0
Static_bag,23549901,3066,1501,0
Bounds,23553520,2499,1501,0
Static_bag,23553237,2911,1501,0
Bounds,23556778,2461,1501,0
Static_bag,23556497,2828,1501,0
Bounds,23560022,2457,1501,0
Static_bag,23559726,2884,1501,0
Bounds,23563214,2555,1501,0
Static_bag,23562933,2969,1501,0
Bounds,23566556,2911,1501,0
VIF1_DMA_wait,23607081,474,1501,0
GIF_DMA_wait,23607909,96,1501,0
Packet_qwords,23611184,0,1501,64
VIF1_submit,23611173,18319,1501,0
Dispatch,23577661,53504,1501,0
Static_bag,23566247,65062,1501,0
Bounds,23633008,5975,1501,0
VIF1_DMA_wait,23701275,474,1501,0
GIF_DMA_wait,23702085,96,1501,0
Packet_qwords,23708828,0,1501,141
VIF1_submit,23708817,5239,1501,0
VIF1_DMA_wait,23723735,59356,1501,0
GIF_DMA_wait,23783340,95,1501,0
Packet_qwords,23787385,0,1501,57
VIF1_submit,23787377,4426,1501,0
Dispatch,23647995,144850,1501,0
Static_bag,23632173,160768,1501,0
Bounds,23794514,6301,1501,0
VIF1_DMA_wait,23823135,295,1501,0
GIF_DMA_wait,23823621,96,1501,0
Packet_qwords,23830208,0,1501,141
VIF1_submit,23830197,5149,1501,0
VIF1_DMA_wait,23844307,59868,1501,0
GIF_DMA_wait,23904270,41,1501,0
Packet_qwords,23907424,0,1501,57
VIF1_submit,23907416,4022,1501,0
Dispatch,23807665,104652,1501,0
Static_bag,23793861,118568,1501,0
Bounds,23913586,5258,1501,0
VIF1_DMA_wait,23952161,402,1501,0
GIF_DMA_wait,23952805,43,1501,0
Packet_qwords,23959448,0,1501,141
VIF1_submit,23959437,5232,1501,0
VIF1_DMA_wait,23973927,59536,1501,0
GIF_DMA_wait,24033600,41,1501,0
Packet_qwords,24036730,0,1501,57
VIF1_submit,24036722,4070,1501,0
Dispatch,23924787,116914,1501,0
Static_bag,23913071,128826,1501,0
Bounds,24043460,6169,1501,0
VIF1_DMA_wait,24068001,3495,1501,0
GIF_DMA_wait,24071721,154,1501,0
Packet_qwords,24077006,0,1501,113
VIF1_submit,24076995,5229,1501,0
Dispatch,24056341,26862,1501,0
Static_bag,24042711,40626,1501,0
Bounds,24097298,5687,1501,0
VIF1_DMA_wait,24115881,15717,1501,0
GIF_DMA_wait,24131791,156,1501,0
Packet_qwords,24134270,0,1501,50
VIF1_submit,24134259,5378,1501,0
Dispatch,24110227,30394,1501,0
Static_bag,24096743,43974,1501,0
Bounds,24142064,5086,1501,0
VIF1_DMA_wait,24157048,225,1501,0
GIF_DMA_wait,24157375,43,1501,0
Packet_qwords,24159562,0,1501,50
VIF1_submit,24159551,4949,1501,0
Dispatch,24152811,12694,1501,0
Static_bag,24141603,24014,1501,0
Bounds,24166870,4852,1501,0
VIF1_DMA_wait,24189765,378,1501,0
GIF_DMA_wait,24190365,43,1501,0
Packet_qwords,24192826,0,1501,50
VIF1_submit,24192815,4937,1501,0
Dispatch,24178641,20170,1501,0
Static_bag,24166349,32652,1501,0
Bounds,24200350,5356,1501,0
VIF1_DMA_wait,24233849,418,1501,0
GIF_DMA_wait,24234585,96,1501,0
Packet_qwords,24236402,0,1501,36
VIF1_submit,24236391,14436,1501,0
Dispatch,24212709,39770,1501,0
Static_bag,24199827,52762,1501,0
Bounds,24253822,5037,1501,0
Static_bag,24253311,5717,1501,0
Bounds,24259678,2442,1501,0
Static_bag,24259373,2884,1501,0
Bounds,24262828,2478,1501,0
Static_bag,24262559,2876,1501,0
Bounds,24266002,2316,1501,0
Static_bag,24265707,2746,1501,0
Bounds,24269078,2161,1501,0
Static_bag,24268823,2554,1501,0
Bounds,24272002,2122,1501,0
Static_bag,24271689,2605,1501,0
Bounds,24274906,2090,1501,0
Static_bag,24274605,2528,1501,0
Bounds,24277798,2454,1501,0
Static_bag,24277487,2900,1501,0
Bounds,24281054,2587,1501,0
VIF1_DMA_wait,24314033,430,1501,0
GIF_DMA_wait,24314751,96,1501,0
Packet_qwords,24317278,0,1501,50
VIF1_submit,24317267,5119,1501,0
Dispatch,24291651,31898,1501,0
Static_bag,24280709,42960,1501,0
Bounds,24325042,5548,1501,0
VIF1_DMA_wait,24341514,235,1501,0
GIF_DMA_wait,24341851,43,1501,0
Packet_qwords,24343982,0,1501,50
VIF1_submit,24343971,4887,1501,0
Dispatch,24336717,12944,1501,0
Static_bag,24324567,25190,1501,0
Bounds,24350668,4666,1501,0
VIF1_DMA_wait,24364890,43221,1501,0
GIF_DMA_wait,24408409,156,1501,0
Packet_qwords,24411274,0,1501,50
VIF1_submit,24411263,5086,1501,0
Dispatch,24360549,56888,1501,0
Static_bag,24350341,67254,1501,0
Bounds,24419362,5903,1501,0
VIF1_DMA_wait,24435783,259,1501,0
GIF_DMA_wait,24436147,43,1501,0
Packet_qwords,24438362,0,1501,50
VIF1_submit,24438351,4879,1501,0
Dispatch,24430891,13408,1501,0
Static_bag,24418575,25858,1501,0
Bounds,24445540,5150,1501,0
VIF1_DMA_wait,24459072,305,1501,0
GIF_DMA_wait,24459558,44,1501,0
Packet_qwords,24461116,0,1501,36
VIF1_submit,24461105,4915,1501,0
Dispatch,24456327,10636,1501,0
Static_bag,24445107,21964,1501,0
Bounds,24468166,4545,1501,0
Static_bag,24467751,5065,1501,0
Bounds,24473476,2384,1501,0
Static_bag,24473223,2723,1501,0
Bounds,24476512,2494,1501,0
VIF1_DMA_wait,24494601,432,1501,0
GIF_DMA_wait,24495285,96,1501,0
Packet_qwords,24496976,0,1501,36
VIF1_submit,24496965,5043,1501,0
Dispatch,24485757,17288,1501,0
Static_bag,24476255,26946,1501,0
Bounds,24504482,4632,1501,0
VIF1_DMA_wait,24527091,356,1501,0
GIF_DMA_wait,24527709,96,1501,0
Packet_qwords,24530252,0,1501,50
VIF1_submit,24530241,4945,1501,0
Dispatch,24516219,20042,1501,0
Static_bag,24504093,32288,1501,0
Bounds,24537812,5202,1501,0
VIF1_DMA_wait,24571565,418,1501,0
GIF_DMA_wait,24572301,96,1501,0
Packet_qwords,24574042,0,1501,36
VIF1_submit,24574031,5100,1501,0
Dispatch,24550113,30140,1501,0
Static_bag,24537339,43048,1501,0
Bounds,24581726,4601,1501,0
Static_bag,24581217,5215,1501,0
Bounds,24587056,2175,1501,0
Static_bag,24586809,2508,1501,0
Bounds,24589936,2315,1501,0
Static_bag,24589631,2743,1501,0
Bounds,24592976,2461,1501,0
Static_bag,24592691,2832,1501,0
Bounds,24596164,2369,1501,0
Static_bag,24595876,2793,1501,0
Bounds,24599308,2160,1501,0
Static_bag,24599027,2527,1501,0
Bounds,24602192,2064,1501,0
Static_bag,24601907,2435,1501,0
Bounds,24605000,2004,1501,0
Static_bag,24604715,2423,1501,0
Bounds,24607736,2062,1501,0
Static_bag,24607451,2433,1501,0
Bounds,24610552,2052,1501,0
Static_bag,24610271,2419,1501,0
Bounds,24613396,1984,1501,0
Static_bag,24613025,2441,1501,0
Bounds,24616070,1864,1501,0
Static_bag,24615785,2235,1501,0
Bounds,24618640,1936,1501,0
Static_bag,24618357,2354,1501,0
Bounds,24621314,2160,1501,0
Static_bag,24621029,2580,1501,0
Bounds,24624262,2474,1501,0
Static_bag,24623963,2859,1501,0
Bounds,24627434,2827,1501,0
VIF1_DMA_wait,24648947,471,1501,0
GIF_DMA_wait,24649693,98,1501,0
Packet_qwords,24651914,0,1501,43
VIF1_submit,24651903,4981,1501,0
Dispatch,24638167,19768,1501,0
Static_bag,24627155,30876,1501,0
Bounds,24659452,5324,1501,0
VIF1_DMA_wait,24674568,223,1501,0
GIF_DMA_wait,24674893,43,1501,0
Packet_qwords,24677018,0,1501,50
VIF1_submit,24677007,4981,1501,0
Dispatch,24670269,12826,1501,0
Static_bag,24658953,24256,1501,0
Bounds,24684374,5196,1501,0
VIF1_DMA_wait,24698934,311,1501,0
GIF_DMA_wait,24699345,43,1501,0
Packet_qwords,24701564,0,1501,50
VIF1_submit,24701553,5011,1501,0
Dispatch,24694564,12949,1501,0
Static_bag,24683943,23673,1501,0
Bounds,24721337,5024,1501,0
VIF1_DMA_wait,24745649,418,1501,0
GIF_DMA_wait,24746359,98,1501,0
Packet_qwords,24748756,0,1501,50
VIF1_submit,24748745,5280,1501,0
Dispatch,24733909,21280,1501,0
Static_bag,24708309,47024,1501,0
Bounds,24756830,5334,1501,0
VIF1_DMA_wait,24793079,402,1501,0
GIF_DMA_wait,24793819,98,1501,0
Packet_qwords,24797284,0,1501,71
VIF1_submit,24797273,5039,1501,0
Dispatch,24769515,33908,1501,0
Static_bag,24756265,47314,1501,0
Bounds,24805046,5413,1501,0
Static_bag,24804441,6257,1501,0
Bounds,24811480,2333,1501,0
Static_bag,24811199,2700,1501,0
Bounds,24814786,2679,1501,0
Static_bag,24814397,3249,1501,0
Bounds,24830764,3542,1501,0
Static_bag,24830239,4336,1501,0
Bounds,24835310,2482,1501,0
Static_bag,24835019,2903,1501,0
Bounds,24838612,2374,1501,0
Static_bag,24838285,2881,1501,0
Bounds,24841756,2467,1501,0
Static_bag,24841493,2901,1501,0
Bounds,24845074,2443,1501,0
Static_bag,24844795,2844,1501,0
Bounds,24848260,2288,1501,0
Static_bag,24847997,2681,1501,0
Bounds,24851326,2427,1501,0
Static_bag,24851050,2861,1501,0
Bounds,24854572,2482,1501,0
Static_bag,24854267,2987,1501,0
Bounds,24857944,3005,1501,0
VIF1_DMA_wait,24901653,480,1501,0
GIF_DMA_wait,24902443,98,1501,0
Packet_qwords,24905140,0,1501,57
VIF1_submit,24905129,5188,1501,0
Dispatch,24878621,32876,1501,0
Static_bag,24857585,54006,1501,0
Bounds,24913160,5525,1501,0
Static_bag,24912441,6391,1501,0
Bounds,24919478,2288,1501,0
Static_bag,24919199,2653,1501,0
Bounds,24922900,2362,1501,0
Static_bag,24922499,2898,1501,0
Bounds,24925978,2834,1501,0
VIF1_DMA_wait,24960705,350,1501,0
GIF_DMA_wait,24961323,96,1501,0
Packet_qwords,24963446,0,1501,43
VIF1_submit,24963435,4879,1501,0
Dispatch,24936611,32844,1501,0
Static_bag,24925701,43844,1501,0
Procedural,23482219,1487692,1501,0
Bounds,24979042,5278,1501,0
VIF1_DMA_wait,25006413,277,1501,0
GIF_DMA_wait,25006789,43,1501,0
Packet_qwords,25013404,0,1501,141
VIF1_submit,25013393,5147,1501,0
VIF1_DMA_wait,25048379,39310,1501,0
GIF_DMA_wait,25088019,90,1501,0
Packet_qwords,25094093,0,1501,113
VIF1_submit,25094085,5058,1501,0
Dispatch,24991287,109149,1501,0
Static_bag,24978545,122010,1501,0
Bounds,25332433,13416,1501,0
VIF1_DMA_wait,25366755,401,1501,0
GIF_DMA_wait,25367352,44,1501,0
Packet_qwords,25374062,0,1501,145
VIF1_submit,25374051,5586,1501,0
VIF1_DMA_wait,25394699,66442,1501,0
GIF_DMA_wait,25461421,43,1501,0
Packet_qwords,25467962,0,1501,113
VIF1_submit,25467954,4948,1501,0
Dispatch,25352067,122103,1501,0
Static_bag,25331865,142400,1501,0
Bounds,25475790,5617,1501,0
VIF1_DMA_wait,25511631,41151,1501,0
GIF_DMA_wait,25553121,102,1501,0
Packet_qwords,25558858,0,1501,120
VIF1_submit,25558847,5260,1501,0
Dispatch,25498889,66348,1501,0
Static_bag,25474891,90442,1501,0
Bounds,25566717,5561,1501,0
VIF1_DMA_wait,25580528,37927,1501,0
GIF_DMA_wait,25618593,98,1501,0
Packet_qwords,25620514,0,1501,40
VIF1_submit,25620503,4855,1501,0
Dispatch,25576879,49462,1501,0
Static_bag,25566095,60390,1501,0
Object,24978163,648916,1501,2
Bounds,25629613,5100,1501,0
Static_bag,25629167,5801,1501,0
Object,25628817,6403,1501,4
Bounds,25656214,4544,1501,0
Static_bag,25655775,5214,1501,0
Object,25655401,6308,1501,8
Bounds,25664959,3490,1501,0
Static_bag,25664728,3858,1501,0
Object,25664531,4307,1501,9
Bounds,25671307,2979,1501,0
Static_bag,25671112,3308,1501,0
Object,25670906,3721,1501,10
Bounds,25676965,3006,1501,0
Static_bag,25676771,3385,1501,0
Object,25676612,3745,1501,11
Object,25680976,106,1501,12
Object,25681480,58,1501,13
Object,25682056,66,1501,14
Object,25682512,66,1501,15
Object,25682998,72,1501,16
Object,25683602,70,1501,17
Object,25684124,56,1501,18
Object,25684592,70,1501,19
Object,25685092,56,1501,20
Object,25685608,72,1501,21
Object,25686064,72,1501,22
Bounds,25687396,3266,1501,0
Static_bag,25687062,3766,1501,0
Object,25686910,4170,1501,27
Bounds,25692100,2738,1501,0
Static_bag,25691866,3105,1501,0
Object,25691726,3442,1501,30
Bounds,25697287,2846,1501,0
Static_bag,25697061,3202,1501,0
Object,25696924,3572,1501,32
Bounds,25702563,2663,1501,0
Static_bag,25702257,3054,1501,0
Object,25702066,3464,1501,34
Bounds,25708858,3357,1501,0
VIF1_DMA_wait,25746451,416,1501,0
GIF_DMA_wait,25747195,98,1501,0
Packet_qwords,25751512,0,1501,92
VIF1_submit,25751501,5068,1501,0
Dispatch,25720559,37140,1501,0
Static_bag,25708558,49255,1501,0
Bounds,25759112,4944,1501,0
VIF1_DMA_wait,25834505,430,1501,0
GIF_DMA_wait,25835253,126,1501,0
Packet_qwords,25842044,0,1501,141
VIF1_submit,25842033,5251,1501,0
VIF1_DMA_wait,25856879,126904,1501,0
GIF_DMA_wait,25984002,139,1501,0
Packet_qwords,25987514,0,1501,57
VIF1_submit,25987506,4744,1501,0
Dispatch,25771397,221848,1501,0
Static_bag,25758633,234722,1501,0
Bounds,25994678,5245,1501,0
VIF1_DMA_wait,26073905,436,1501,0
GIF_DMA_wait,26074675,98,1501,0
Packet_qwords,26081476,0,1501,141
VIF1_submit,26081465,5116,1501,0
VIF1_DMA_wait,26097866,60919,1501,0
GIF_DMA_wait,26159076,145,1501,0
Packet_qwords,26163260,0,1501,71
VIF1_submit,26163252,4732,1501,0
Dispatch,26007819,161189,1501,0
Static_bag,25994137,174966,1501,0
Bounds,26170430,5455,1501,0
VIF1_DMA_wait,26198881,10812,1501,0
GIF_DMA_wait,26209963,164,1501,0
Packet_qwords,26212942,0,1501,57
VIF1_submit,26212931,4932,1501,0
Dispatch,26184309,34606,1501,0
Static_bag,26169801,49210,1501,0
Bounds,26220274,5164,1501,0
VIF1_DMA_wait,26242975,406,1501,0
GIF_DMA_wait,26243595,43,1501,0
Packet_qwords,26245490,0,1501,43
VIF1_submit,26245479,4855,1501,0
Dispatch,26232405,19094,1501,0
Static_bag,26219749,31846,1501,0
Object,25708378,543827,1501,35
Bounds,26254869,4949,1501,0
VIF1_DMA_wait,26289447,474,1501,0
GIF_DMA_wait,26290263,96,1501,0
Packet_qwords,26292086,0,1501,34
VIF1_submit,26292075,5059,1501,0
Dispatch,26265687,32504,1501,0
Static_bag,26254395,43982,1501,0
Object,26253927,44904,1501,36
Bounds,26304008,5003,1501,0
VIF1_DMA_wait,26342729,375,1501,0
GIF_DMA_wait,26343321,43,1501,0
Packet_qwords,26347652,0,1501,92
VIF1_submit,26347641,5096,1501,0
Dispatch,26317279,36562,1501,0
Static_bag,26303479,50458,1501,0
Bounds,26355152,4908,1501,0
VIF1_DMA_wait,26416943,306,1501,0
GIF_DMA_wait,26417589,43,1501,0
Packet_qwords,26436088,0,1501,141
VIF1_submit,26436077,5423,1501,0
VIF1_DMA_wait,26452173,121338,1501,0
GIF_DMA_wait,26573658,97,1501,0
Packet_qwords,26576910,0,1501,57
VIF1_submit,26576902,13482,1501,0
Dispatch,26367489,224158,1501,0
Static_bag,26354715,237128,1501,0
Bounds,26592998,5563,1501,0
VIF1_DMA_wait,26676119,436,1501,0
GIF_DMA_wait,26676907,98,1501,0
Packet_qwords,26683688,0,1501,141
VIF1_submit,26683677,4938,1501,0
VIF1_DMA_wait,26699912,60685,1501,0
GIF_DMA_wait,26760822,145,1501,0
Packet_qwords,26765038,0,1501,71
VIF1_submit,26765030,4844,1501,0
Dispatch,26606805,164032,1501,0
Static_bag,26592433,178530,1501,0
Bounds,26772398,5525,1501,0
VIF1_DMA_wait,26801379,10918,1501,0
GIF_DMA_wait,26812515,148,1501,0
Packet_qwords,26815420,0,1501,57
VIF1_submit,26815409,5050,1501,0
Dispatch,26786307,35252,1501,0
Static_bag,26771697,49976,1501,0
Bounds,26822956,4916,1501,0
VIF1_DMA_wait,26845180,349,1501,0
GIF_DMA_wait,26845795,43,1501,0
Packet_qwords,26847754,0,1501,43
VIF1_submit,26847743,4823,1501,0
Dispatch,26835017,18716,1501,0
Static_bag,26822443,31432,1501,0
Object,26303149,551372,1501,37
Bounds,26860444,4980,1501,0
VIF1_DMA_wait,26886015,491,1501,0
GIF_DMA_wait,26886817,43,1501,0
Packet_qwords,26888990,0,1501,43
VIF1_submit,26888979,15578,1501,0
Dispatch,26872727,33412,1501,0
Static_bag,26859965,46278,1501,0
Bounds,26907944,5603,1501,0
VIF1_DMA_wait,26942289,444,1501,0
GIF_DMA_wait,26943001,98,1501,0
Packet_qwords,26946106,0,1501,64
VIF1_submit,26946095,5172,1501,0
Dispatch,26921053,31318,1501,0
Static_bag,26907115,45364,1501,0
Bounds,26953924,5169,1501,0
Static_bag,26953359,5887,1501,0
Bounds,26960044,2459,1501,0
Static_bag,26959720,2869,1501,0
Bounds,26963164,3452,1501,0
VIF1_DMA_wait,26983827,392,1501,0
GIF_DMA_wait,26984485,43,1501,0
Packet_qwords,26986396,0,1501,36
VIF1_submit,26986385,4781,1501,0
Dispatch,26974203,17932,1501,0
Static_bag,26962907,29352,1501,0
Object,26859615,133316,1501,39
Bounds,26998522,4882,1501,0
VIF1_DMA_wait,27018331,307,1501,0
GIF_DMA_wait,27018739,43,1501,0
Packet_qwords,27022934,0,1501,92
VIF1_submit,27022923,5029,1501,0
Dispatch,27009009,20020,1501,0
Static_bag,26998037,31118,1501,0
Bounds,27030446,4996,1501,0
VIF1_DMA_wait,27068387,320,1501,0
GIF_DMA_wait,27069015,43,1501,0
Packet_qwords,27075644,0,1501,141
VIF1_submit,27075633,5197,1501,0
VIF1_DMA_wait,27090301,60990,1501,0
GIF_DMA_wait,27151386,43,1501,0
Packet_qwords,27154452,0,1501,57
VIF1_submit,27154444,4074,1501,0
Dispatch,27040875,118546,1501,0
Static_bag,27029887,129667,1501,0
Bounds,27161152,5687,1501,0
VIF1_DMA_wait,27187415,2557,1501,0
GIF_DMA_wait,27190067,102,1501,0
Packet_qwords,27196568,0,1501,141
VIF1_submit,27196557,5196,1501,0
VIF1_DMA_wait,27235541,35026,1501,0
GIF_DMA_wait,27270897,98,1501,0
Packet_qwords,27275528,0,1501,78
VIF1_submit,27275520,5110,1501,0
Dispatch,27173053,108654,1501,0
Static_bag,27160413,121388,1501,0
Bounds,27283328,5933,1501,0
VIF1_DMA_wait,27301694,23548,1501,0
GIF_DMA_wait,27325381,100,1501,0
Packet_qwords,27328076,0,1501,57
VIF1_submit,27328065,4872,1501,0
Dispatch,27295573,38328,1501,0
Static_bag,27282545,51468,1501,0
Bounds,27335224,5176,1501,0
VIF1_DMA_wait,27350892,257,1501,0
GIF_DMA_wait,27351301,43,1501,0
Packet_qwords,27353846,0,1501,57
VIF1_submit,27353835,4939,1501,0
Dispatch,27345609,14266,1501,0
Static_bag,27334705,25266,1501,0
Object,26997727,362858,1501,41
Bounds,27374457,5244,1501,0
VIF1_DMA_wait,27388069,391,1501,0
GIF_DMA_wait,27388701,43,1501,0
Packet_qwords,27390400,0,1501,34
VIF1_submit,27390389,5068,1501,0
Dispatch,27384493,12016,1501,0
Static_bag,27373923,22700,1501,0
Object,27373491,23574,1501,42
Bounds,27402466,4614,1501,0
VIF1_DMA_wait,27419773,297,1501,0
GIF_DMA_wait,27420122,44,1501,0
Packet_qwords,27423392,0,1501,71
VIF1_submit,27423381,4939,1501,0
Dispatch,27412389,16904,1501,0
Static_bag,27401999,27390,1501,0
Bounds,27430616,5040,1501,0
VIF1_DMA_wait,27454730,273,1501,0
GIF_DMA_wait,27455149,43,1501,0
Packet_qwords,27461350,0,1501,134
VIF1_submit,27461339,5107,1501,0
Dispatch,27441483,25954,1501,0
Static_bag,27430111,37441,1501,0
Bounds,27468734,5242,1501,0
VIF1_DMA_wait,27493511,37798,1501,0
GIF_DMA_wait,27531663,98,1501,0
Packet_qwords,27538652,0,1501,141
VIF1_submit,27538641,5161,1501,0
Dispatch,27479407,65743,1501,0
Static_bag,27468239,77070,1501,0
Bounds,27546782,5785,1501,0
VIF1_DMA_wait,27563197,49259,1501,0
GIF_DMA_wait,27612594,101,1501,0
Packet_qwords,27614696,0,1501,43
VIF1_submit,27614685,4962,1501,0
Dispatch,27558475,62230,1501,0
Static_bag,27546037,74860,1501,0
Bounds,27622012,5086,1501,0
VIF1_DMA_wait,27637374,193,1501,0
GIF_DMA_wait,27637669,43,1501,0
Packet_qwords,27640168,0,1501,57
VIF1_submit,27640157,4937,1501,0
Dispatch,27632095,14022,1501,0
Static_bag,27621503,24756,1501,0
Object,27401641,245150,1501,43
Bounds,27654621,4680,1501,0
Static_bag,27654173,5369,1501,0
Object,27653799,6033,1501,52
Bounds,27665134,2558,1501,0
Static_bag,27664845,2933,1501,0
Object,27664654,3346,1501,59
Bounds,27669470,2434,1501,0
Static_bag,27669124,2866,1501,0
Object,27668966,3130,1501,60
Bounds,27673378,15007,1501,0
VIF1_DMA_wait,27704145,389,1501,0
GIF_DMA_wait,27704719,43,1501,0
Packet_qwords,27708748,0,1501,85
VIF1_submit,27708737,5328,1501,0
Dispatch,27694789,20260,1501,0
Static_bag,27673171,41974,1501,0
Object,27672994,42857,1501,61
Bounds,27719866,5326,1501,0
VIF1_DMA_wait,27740487,5223,1501,0
GIF_DMA_wait,27745896,101,1501,0
Packet_qwords,27749782,0,1501,85
VIF1_submit,27749771,5087,1501,0
Dispatch,27731259,24639,1501,0
Static_bag,27719281,36712,1501,0
Object,27718933,37606,1501,62
Bounds,27760192,5057,1501,0
Static_bag,27759715,5711,1501,0
Object,27759399,6213,1501,63
Bounds,27767404,2439,1501,0
Static_bag,27767021,2952,1501,0
Object,27766856,3338,1501,64
Bounds,27771856,2751,1501,0
Static_bag,27771544,3235,1501,0
Object,27771212,3746,1501,65
Bounds,27776638,3068,1501,0
VIF1_DMA_wait,27794859,329,1501,0
GIF_DMA_wait,27795324,44,1501,0
Packet_qwords,27799252,0,1501,85
VIF1_submit,27799241,5113,1501,0
Dispatch,27786285,19024,1501,0
Static_bag,27776232,29207,1501,0
Object,27775946,30217,1501,66
Bounds,27809908,5195,1501,0
VIF1_DMA_wait,27847811,399,1501,0
GIF_DMA_wait,27848569,43,1501,0
Packet_qwords,27852578,0,1501,85
VIF1_submit,27852567,5449,1501,0
Dispatch,27821277,37892,1501,0
Static_bag,27809401,49908,1501,0
Object,27809091,50738,1501,67
Bounds,27863546,4787,1501,0
Static_bag,27863017,5537,1501,0
Object,27862665,6191,1501,68
Bounds,27870620,2242,1501,0
Static_bag,27870279,2741,1501,0
Object,27870166,3092,1501,69
Bounds,27875326,3009,1501,0
VIF1_DMA_wait,27893841,317,1501,0
GIF_DMA_wait,27894344,44,1501,0
Packet_qwords,27898126,0,1501,78
VIF1_submit,27898115,5040,1501,0
Dispatch,27885403,18762,1501,0
Static_bag,27874924,29335,1501,0
Bounds,27905576,5236,1501,0
VIF1_DMA_wait,27921966,8955,1501,0
GIF_DMA_wait,27931067,98,1501,0
Packet_qwords,27933722,0,1501,57
VIF1_submit,27933711,4897,1501,0
Dispatch,27916183,23508,1501,0
Static_bag,27904963,34852,1501,0
Object,27874632,65787,1501,70
Bounds,27944140,5210,1501,0
VIF1_DMA_wait,27963099,311,1501,0
GIF_DMA_wait,27963614,44,1501,0
Packet_qwords,27967232,0,1501,78
VIF1_submit,27967221,4983,1501,0
Dispatch,27955141,18094,1501,0
Static_bag,27943597,29734,1501,0
Bounds,27974764,5018,1501,0
VIF1_DMA_wait,28007235,356,1501,0
GIF_DMA_wait,28007857,43,1501,0
Packet_qwords,28010458,0,1501,57
VIF1_submit,28010447,5437,1501,0
Dispatch,28001103,15862,1501,0
Static_bag,27974095,42994,1501,0
Object,27943281,74364,1501,71
Bounds,28021714,4839,1501,0
Static_bag,28021111,5669,1501,0
Bounds,28027342,2128,1501,0
Static_bag,28027013,2589,1501,0
Object,28020735,8977,1501,72
Bounds,28031342,2860,1501,0
VIF1_DMA_wait,28047999,347,1501,0
GIF_DMA_wait,28048490,44,1501,0
Packet_qwords,28052132,0,1501,78
VIF1_submit,28052121,5010,1501,0
Dispatch,28040115,18020,1501,0
Static_bag,28030925,27306,1501,0
Bounds,28059520,5114,1501,0
VIF1_DMA_wait,28075914,7359,1501,0
GIF_DMA_wait,28083373,100,1501,0
Packet_qwords,28085960,0,1501,57
VIF1_submit,28085949,4929,1501,0
Dispatch,28070301,21702,1501,0
Static_bag,28058983,33136,1501,0
Object,28030785,62000,1501,73
Bounds,28099454,4672,1501,0
VIF1_DMA_wait,28157279,436,1501,0
GIF_DMA_wait,28158057,96,1501,0
Packet_qwords,28160732,0,1501,50
VIF1_submit,28160721,4975,1501,0
Dispatch,28111215,55646,1501,0
Static_bag,28099019,67980,1501,0
Bounds,28168640,5605,1501,0
VIF1_DMA_wait,28198835,348,1501,0
GIF_DMA_wait,28199505,43,1501,0
Packet_qwords,28202440,0,1501,64
VIF1_submit,28202429,4996,1501,0
Dispatch,28181779,26860,1501,0
Static_bag,28168035,40748,1501,0
Bounds,28210096,5278,1501,0
VIF1_DMA_wait,28238951,264,1501,0
GIF_DMA_wait,28239483,43,1501,0
Packet_qwords,28241342,0,1501,36
VIF1_submit,28241331,5043,1501,0
Dispatch,28223325,24122,1501,0
Static_bag,28209485,38052,1501,0
Object,28098637,149536,1501,75
Bounds,28253198,5112,1501,0
VIF1_DMA_wait,28269415,337,1501,0
GIF_DMA_wait,28269853,43,1501,0
Packet_qwords,28271860,0,1501,43
VIF1_submit,28271849,4847,1501,0
Dispatch,28264395,13396,1501,0
Static_bag,28252745,25182,1501,0
Bounds,28279406,4830,1501,0
VIF1_DMA_wait,28295394,275,1501,0
GIF_DMA_wait,28295813,43,1501,0
Packet_qwords,28310752,0,1501,64
VIF1_submit,28310741,5167,1501,0
Dispatch,28289541,27788,1501,0
Static_bag,28278629,38864,1501,0
Bounds,28319044,6075,1501,0
VIF1_DMA_wait,28334817,271,1501,0
GIF_DMA_wait,28335237,43,1501,0
Packet_qwords,28336894,0,1501,36
VIF1_submit,28336883,4852,1501,0
Dispatch,28331185,11566,1501,0
Static_bag,28318255,24676,1501,0
Object,28252387,91006,1501,76
Bounds,28348306,4720,1501,0
VIF1_DMA_wait,28362669,311,1501,0
GIF_DMA_wait,28363116,44,1501,0
Packet_qwords,28365232,0,1501,43
VIF1_submit,28365221,4873,1501,0
Dispatch,28358619,12496,1501,0
Static_bag,28347857,23390,1501,0
Bounds,28372582,5002,1501,0
VIF1_DMA_wait,28388182,189,1501,0
GIF_DMA_wait,28388509,43,1501,0
Packet_qwords,28391378,0,1501,64
VIF1_submit,28391367,4855,1501,0
Dispatch,28382259,14972,1501,0
Static_bag,28371997,25408,1501,0
Bounds,28398730,5234,1501,0
VIF1_DMA_wait,28412364,765,1501,0
GIF_DMA_wait,28413281,98,1501,0
Packet_qwords,28415042,0,1501,36
VIF1_submit,28415031,4803,1501,0
Dispatch,28409625,11300,1501,0
Static_bag,28398199,22840,1501,0
Object,28347547,73978,1501,77
Bounds,28426408,4720,1501,0
VIF1_DMA_wait,28440319,295,1501,0
GIF_DMA_wait,28440715,43,1501,0
Packet_qwords,28442768,0,1501,43
VIF1_submit,28442757,4879,1501,0
Dispatch,28436451,12302,1501,0
Static_bag,28425943,22924,1501,0
Bounds,28450220,15753,1501,0
VIF1_DMA_wait,28478503,322,1501,0
GIF_DMA_wait,28478953,43,1501,0
Packet_qwords,28481990,0,1501,64
VIF1_submit,28481979,5257,1501,0
Dispatch,28471779,16468,1501,0
Static_bag,28449683,38727,1501,0
Bounds,28489868,5536,1501,0
VIF1_DMA_wait,28503725,649,1501,0
GIF_DMA_wait,28504473,110,1501,0
Packet_qwords,28506166,0,1501,36
VIF1_submit,28506155,4846,1501,0
Dispatch,28500981,11032,1501,0
Static_bag,28489159,23002,1501,0
Object,28425633,87018,1501,78
Bounds,28517488,4750,1501,0
VIF1_DMA_wait,28531815,341,1501,0
GIF_DMA_wait,28532292,44,1501,0
Packet_qwords,28534382,0,1501,43
VIF1_submit,28534371,4927,1501,0
Dispatch,28527831,12508,1501,0
Static_bag,28517045,23394,1501,0
Bounds,28541956,4964,1501,0
VIF1_DMA_wait,28557936,193,1501,0
GIF_DMA_wait,28558231,43,1501,0
Packet_qwords,28561088,0,1501,64
VIF1_submit,28561077,4869,1501,0
Dispatch,28551669,15358,1501,0
Static_bag,28541257,25870,1501,0
Bounds,28568452,5050,1501,0
VIF1_DMA_wait,28582002,909,1501,0
GIF_DMA_wait,28583049,98,1501,0
Packet_qwords,28584904,0,1501,36
VIF1_submit,28584893,15078,1501,0
Dispatch,28579305,22250,1501,0
Static_bag,28567823,33824,1501,0
Object,28516731,85368,1501,79
Bounds,28607434,14157,1501,0
VIF1_DMA_wait,28632399,347,1501,0
GIF_DMA_wait,28632882,44,1501,0
Packet_qwords,28634912,0,1501,43
VIF1_submit,28634901,5402,1501,0
Dispatch,28627797,13622,1501,0
Static_bag,28606843,34672,1501,0
Bounds,28643138,4894,1501,0
VIF1_DMA_wait,28659108,275,1501,0
GIF_DMA_wait,28659529,43,1501,0
Packet_qwords,28662514,0,1501,64
VIF1_submit,28662503,4975,1501,0
Dispatch,28653235,15250,1501,0
Static_bag,28642357,26224,1501,0
Bounds,28670056,5156,1501,0
VIF1_DMA_wait,28683335,1028,1501,0
GIF_DMA_wait,28684465,100,1501,0
Packet_qwords,28686112,0,1501,36
VIF1_submit,28686101,4871,1501,0
Dispatch,28680591,11410,1501,0
Static_bag,28669313,22842,1501,0
Object,28606491,86220,1501,80
Bounds,28708970,4475,1501,0
Static_bag,28708559,5193,1501,0
Bounds,28714370,2241,1501,0
Static_bag,28714139,2558,1501,0
Object,28708204,8600,1501,99
Bounds,28718306,2386,1501,0
Static_bag,28718049,2766,1501,0
Bounds,28721278,2098,1501,0
Static_bag,28721073,2460,1501,0
Object,28717923,5833,1501,100
Bounds,28725560,2565,1501,0
Static_bag,28725255,3119,1501,0
Bounds,28728736,2092,1501,0
Static_bag,28728507,2453,1501,0
Object,28725079,6153,1501,101
Bounds,28732888,2301,1501,0
Static_bag,28732599,2676,1501,0
Bounds,28735696,1990,1501,0
Static_bag,28735453,2352,1501,0
Object,28732460,5540,1501,102
Bounds,28739518,2660,1501,0
Static_bag,28739223,3145,1501,0
Bounds,28742728,2638,1501,0
Static_bag,28742502,2996,1501,0
Object,28739097,6625,1501,103
Bounds,28747450,2530,1501,0
Static_bag,28747175,2924,1501,0
Bounds,28750556,2352,1501,0
Static_bag,28750281,2713,1501,0
Object,28747048,6144,1501,104
Bounds,28757918,3226,1501,0
VIF1_DMA_wait,28785417,401,1501,0
GIF_DMA_wait,28786071,43,1501,0
Packet_qwords,28789120,0,1501,64
VIF1_submit,28789109,5285,1501,0
Dispatch,28778183,17174,1501,0
Static_bag,28757626,37879,1501,0
Bounds,28797250,6212,1501,0
VIF1_DMA_wait,28813188,193,1501,0
GIF_DMA_wait,28813533,43,1501,0
Packet_qwords,28815550,0,1501,43
VIF1_submit,28815539,4842,1501,0
Dispatch,28809309,12056,1501,0
Static_bag,28796395,25121,1501,0
Object,28757468,64609,1501,108
Bounds,28825996,4918,1501,0
VIF1_DMA_wait,28843177,313,1501,0
GIF_DMA_wait,28843591,43,1501,0
Packet_qwords,28846568,0,1501,64
VIF1_submit,28846557,4905,1501,0
Dispatch,28836445,15982,1501,0
Static_bag,28825501,27022,1501,0
Bounds,28854266,5704,1501,0
VIF1_DMA_wait,28869502,201,1501,0
GIF_DMA_wait,28869805,43,1501,0
Packet_qwords,28871702,0,1501,43
VIF1_submit,28871691,4819,1501,0
Dispatch,28865715,11822,1501,0
Static_bag,28853339,24294,1501,0
Object,28825195,53086,1501,109
Bounds,28882244,4573,1501,0
Static_bag,28881745,5242,1501,0
Bounds,28887515,2539,1501,0
Static_bag,28887315,2908,1501,0
Object,28881439,8901,1501,110
Bounds,28891588,2313,1501,0
Static_bag,28891359,2678,1501,0
Object,28891218,2968,1501,111
Bounds,28895429,2366,1501,0
Static_bag,28895121,2852,1501,0
Object,28895035,3157,1501,112
Bounds,28899568,2367,1501,0
Static_bag,28899327,2785,1501,0
Object,28899192,3106,1501,113
Bounds,28903112,2521,1501,0
Static_bag,28902934,2916,1501,0
Object,28902760,3296,1501,114
Object,28906560,210,1501,115
Object,28907336,72,1501,116
Object,28907914,116,1501,117
Object,28908460,72,1501,118
Object,28908988,110,1501,119
Object,28909658,56,1501,120
Bounds,28913638,4074,1501,0
VIF1_DMA_wait,28985355,462,1501,0
GIF_DMA_wait,28986159,96,1501,0
Packet_qwords,28992638,0,1501,134
VIF1_submit,28992627,5145,1501,0
Dispatch,28937603,61374,1501,0
Static_bag,28913303,85776,1501,0
Bounds,29119867,5354,1501,0
VIF1_DMA_wait,29176713,498,1501,0
GIF_DMA_wait,29177509,98,1501,0
Packet_qwords,29184062,0,1501,138
VIF1_submit,29184051,5324,1501,0
Dispatch,29133169,57346,1501,0
Static_bag,29119301,71324,1501,0
Object,28913160,277829,1501,121
Bounds,29209775,6242,1501,0
Static_bag,29208923,7385,1501,0
Bounds,29225151,3915,1501,0
Static_bag,29224880,4404,1501,0
Bounds,29229700,16311,1501,0
VIF1_DMA_wait,29326137,480,1501,0
GIF_DMA_wait,29326989,102,1501,0
Packet_qwords,29333906,0,1501,141
VIF1_submit,29333895,4950,1501,0
VIF1_DMA_wait,29346537,61650,1501,0
GIF_DMA_wait,29408412,163,1501,0
Packet_qwords,29410948,0,1501,36
VIF1_submit,29410940,4712,1501,0
Dispatch,29256123,160432,1501,0
Static_bag,29229455,187230,1501,0
Bounds,29663539,5348,1501,0
VIF1_DMA_wait,29758509,474,1501,0
GIF_DMA_wait,29759317,92,1501,0
Packet_qwords,29766118,0,1501,145
VIF1_submit,29766107,5038,1501,0
VIF1_DMA_wait,29778945,78552,1501,0
GIF_DMA_wait,29857770,139,1501,0
Packet_qwords,29860486,0,1501,36
VIF1_submit,29860478,4736,1501,0
Dispatch,29677059,189058,1501,0
Static_bag,29663031,203199,1501,0
Object,29208261,658286,1501,122
Bounds,29873118,6499,1501,0
VIF1_DMA_wait,29897325,348,1501,0
GIF_DMA_wait,29897889,102,1501,0
Packet_qwords,29902048,0,1501,85
VIF1_submit,29902037,5080,1501,0
Dispatch,29886897,21212,1501,0
Static_bag,29872305,35902,1501,0
Object,29871901,36838,1501,134
Object,29910681,381,1501,135
Object,29911544,56,1501,136
Object,29912054,70,1501,137
Object,29912590,90,1501,138
Object,29913112,86,1501,139
Object,29913607,53,1501,140
Object,29914138,72,1501,141
Object,29914774,72,1501,142
Objects,24970093,4946822,1501,0
Bounds,30227618,155527,1501,0
VIF1_DMA_wait,30415271,339,1501,0
GIF_DMA_wait,30415977,47,1501,0
Packet_qwords,30422560,0,1501,141
VIF1_submit,30422549,5296,1501,0
VIF1_DMA_wait,30443067,53676,1501,0
GIF_DMA_wait,30496958,44,1501,0
Packet_qwords,30503486,0,1501,113
VIF1_submit,30503478,4966,1501,0
VIF1_DMA_wait,30524115,52642,1501,0
GIF_DMA_wait,30576902,41,1501,0
Packet_qwords,30582408,0,1501,113
VIF1_submit,30582400,4380,1501,0
VIF1_DMA_wait,30593305,61976,1501,0
GIF_DMA_wait,30655508,99,1501,0
Packet_qwords,30658316,0,1501,36
VIF1_submit,30658308,4546,1501,0
Dispatch,30389943,274042,1501,0
Static_bag,30227075,437082,1501,0
Bounds,30703694,17501,1501,0
VIF1_DMA_wait,30742551,480,1501,0
GIF_DMA_wait,30743377,102,1501,0
Packet_qwords,30745810,0,1501,50
VIF1_submit,30745799,5488,1501,0
Dispatch,30729195,23320,1501,0
Static_bag,30703145,49464,1501,0
Bounds,30906872,76009,1501,0
VIF1_DMA_wait,31034891,478,1501,0
GIF_DMA_wait,31035663,102,1501,0
Packet_qwords,31039588,0,1501,78
VIF1_submit,31039577,5020,1501,0
Dispatch,30991293,54622,1501,0
Static_bag,30906323,139704,1501,0
Wheels,29917010,1129627,1501,0
Animation,31046738,251,1501,0
Shadow_decals,31047155,160,1501,0
Mirrors,31047498,1,1501,0
Portal_surfaces,31047577,1,1501,0
Light_pools,31047609,3342,1501,0
GS_FINISH_wait,31108881,532,1501,0
Align3D,31104401,5290,1501,0
Bounds,31121780,6169,1501,0
VIF1_DMA_wait,31151847,444,1501,0
GIF_DMA_wait,31152475,98,1501,0
Packet_qwords,31159102,0,1501,141
VIF1_submit,31159091,5284,1501,0
VIF1_DMA_wait,31181610,51487,1501,0
GIF_DMA_wait,31233242,41,1501,0
Packet_qwords,31238874,0,1501,113
VIF1_submit,31238866,4356,1501,0
Dispatch,31135481,121479,1501,0
Static_bag,31121261,135906,1501,0
Bounds,31258430,5609,1501,0
VIF1_DMA_wait,31283051,28153,1501,0
GIF_DMA_wait,31311351,98,1501,0
Packet_qwords,31316918,0,1501,120
VIF1_submit,31316907,5406,1501,0
Dispatch,31271091,52364,1501,0
Static_bag,31257889,65762,1501,0
Bounds,31324893,5217,1501,0
VIF1_DMA_wait,31337760,38595,1501,0
GIF_DMA_wait,31376526,101,1501,0
Packet_qwords,31378328,0,1501,40
VIF1_submit,31378317,4855,1501,0
Dispatch,31334061,50162,1501,0
Static_bag,31324463,59892,1501,0
GS_FINISH_wait,31441509,532,1501,0
Align3D,31436951,5368,1501,0
Bounds,31453990,5847,1501,0
VIF1_DMA_wait,31481835,444,1501,0
GIF_DMA_wait,31482463,98,1501,0
Packet_qwords,31489168,0,1501,141
VIF1_submit,31489157,5122,1501,0
Dispatch,31467243,28387,1501,0
Static_bag,31453473,42292,1501,0
GS_FINISH_wait,31572401,602,1501,0
Align3D,31503365,69868,1501,0
Bounds,31640049,10656,1501,0
GS_FINISH_wait,31658271,499,1501,0
Align3D,31652466,6458,1501,0
VIF1_DMA_wait,31671747,348,1501,0
GIF_DMA_wait,31672267,102,1501,0
Packet_qwords,31674518,0,1501,42
VIF1_submit,31674507,4284,1501,0
GS_FINISH_wait,31684611,19249,1501,0
Align3D,31680160,23886,1501,0
Dispatch,31666991,39861,1501,0
Static_bag,31639499,67470,1501,0
Bounds,31772795,10216,1501,0
GS_FINISH_wait,31792125,532,1501,0
Align3D,31786290,6547,1501,0
VIF1_DMA_wait,31824739,408,1501,0
GIF_DMA_wait,31825459,102,1501,0
Packet_qwords,31827766,0,1501,42
VIF1_submit,31827755,4708,1501,0
GS_FINISH_wait,31838319,13024,1501,0
Align3D,31833714,17773,1501,0
Dispatch,31800317,53979,1501,0
Static_bag,31772249,82140,1501,0
Projected_shadows,31051078,803977,1501,0
Bounds,31860641,7810,1501,0
Static_bag,31860309,8245,1501,0
Bounds,31884899,6613,1501,0
Static_bag,31884419,7348,1501,0
Bounds,31894816,5265,1501,0
VIF1_DMA_wait,31916551,446,1501,0
GIF_DMA_wait,31917303,96,1501,0
Packet_qwords,31919338,0,1501,36
VIF1_submit,31919327,5218,1501,0
Dispatch,31908911,16812,1501,0
Static_bag,31894511,31308,1501,0
Blob_shadows,31855223,70898,1501,0
Light_beams,31926271,3046,1501,0
Highlights_and_outlines,31929391,1,1501,0
Bounds,31947290,7943,1501,0
VIF1_DMA_wait,31969368,393,1501,0
GIF_DMA_wait,31970089,102,1501,0
Packet_qwords,31971706,0,1501,34
VIF1_submit,31971695,5473,1501,0
Dispatch,31962729,15500,1501,0
Static_bag,31946851,31474,1501,0
Particles,31929479,49054,1501,0
Scene,20095283,11883452,1501,0
GS_FINISH_wait,31987425,532,1501,0
Align3D,31983450,4651,1501,0
GS_FINISH_wait,32164929,552,1501,0
Align3D,32159808,5913,1501,0
PostFx,32159385,135132,1501,0
Present,32295197,3087312,1501,0
EndFrame,32005859,3376911,1501,0
Game,17703715,17688334,1501,0
Info,35392243,350,1501,0
Frame,17695512,17697743,1501,0
Pad,35393870,7977,1502,0
Update,35402301,845954,1502,0
Portal,36442204,120,1502,0
Bounds,36443580,6093,1502,0
VIF1_DMA_wait,36504651,486,1502,0
GIF_DMA_wait,36505519,102,1502,0
Packet_qwords,36509852,0,1502,88
VIF1_submit,36509841,5210,1502,0
Dispatch,36468735,47588,1502,0
Static_bag,36443037,73406,1502,0
Bounds,36519166,8327,1502,0
Static_bag,36518649,8947,1502,0
Sky,36442610,85599,1502,0
Bounds,36532048,3736,1502,0
VIF1_DMA_wait,36632793,504,1502,0
GIF_DMA_wait,36633621,96,1502,0
Packet_qwords,36640448,0,1502,141
VIF1_submit,36640437,5280,1502,0
VIF1_DMA_wait,36653402,125297,1502,0
GIF_DMA_wait,36778964,99,1502,0
Packet_qwords,36781898,0,1502,36
VIF1_submit,36781890,4618,1502,0
Dispatch,36543927,243684,1502,0
Static_bag,36531715,256038,1502,0
Bounds,36789860,5855,1502,0
Static_bag,36789131,6737,1502,0
Bounds,36796480,3315,1502,0
VIF1_DMA_wait,36826997,396,1502,0
GIF_DMA_wait,36827625,43,1502,0
Packet_qwords,36830318,0,1502,57
VIF1_submit,36830307,4926,1502,0
Dispatch,36807055,29256,1502,0
Static_bag,36796264,40171,1502,0
Bounds,36837855,5367,1502,0
VIF1_DMA_wait,36868947,404,1502,0
GIF_DMA_wait,36869635,43,1502,0
Packet_qwords,36872468,0,1502,57
VIF1_submit,36872457,4872,1502,0
Dispatch,36850189,28416,1502,0
Static_bag,36837519,41252,1502,0
Bounds,36880335,5152,1502,0
Static_bag,36879945,5741,1502,0
Bounds,36886396,2455,1502,0
Static_bag,36886094,2895,1502,0
Bounds,36889774,3266,1502,0
VIF1_DMA_wait,36911377,184,1502,0
GIF_DMA_wait,36911713,43,1502,0
Packet_qwords,36918202,0,1502,141
VIF1_submit,36918191,15756,1502,0
VIF1_DMA_wait,36943725,59061,1502,0
GIF_DMA_wait,37003044,113,1502,0
Packet_qwords,37006190,0,1502,43
VIF1_submit,37006182,4990,1502,0
Dispatch,36897721,114420,1502,0
Static_bag,36889425,122810,1502,0
Bounds,37013986,5685,1502,0
VIF1_DMA_wait,37095171,474,1502,0
GIF_DMA_wait,37095979,98,1502,0
Packet_qwords,37103128,0,1502,141
VIF1_submit,37103117,5224,1502,0
VIF1_DMA_wait,37116138,61123,1502,0
GIF_DMA_wait,37177356,41,1502,0
Packet_qwords,37179478,0,1502,36
VIF1_submit,37179470,3992,1502,0
Dispatch,37026943,157488,1502,0
Static_bag,37013305,171222,1502,0
Bounds,37186624,6009,1502,0
VIF1_DMA_wait,37265235,492,1502,0
GIF_DMA_wait,37266061,98,1502,0
Packet_qwords,37272886,0,1502,141
VIF1_submit,37272875,5092,1502,0
VIF1_DMA_wait,37285764,61159,1502,0
GIF_DMA_wait,37347062,41,1502,0
Packet_qwords,37349496,0,1502,43
VIF1_submit,37349488,3948,1502,0
Dispatch,37200205,154266,1502,0
Static_bag,37185821,168762,1502,0
Bounds,37356496,5355,1502,0
Static_bag,37355759,6197,1502,0
Bounds,37362674,2393,1502,0
Static_bag,37362402,2751,1502,0
Bounds,37365982,2338,1502,0
Static_bag,37365662,2793,1502,0
Bounds,37369102,2649,1502,0
Static_bag,37368880,3013,1502,0
Bounds,37372540,2504,1502,0
Static_bag,37372360,2770,1502,0
Bounds,37375766,2154,1502,0
Static_bag,37375486,2560,1502,0
Bounds,37378612,2438,1502,0
Static_bag,37378434,2702,1502,0
Bounds,37381750,2867,1502,0
VIF1_DMA_wait,37415859,407,1502,0
GIF_DMA_wait,37416601,43,1502,0
Packet_qwords,37423282,0,1502,141
VIF1_submit,37423271,5428,1502,0
VIF1_DMA_wait,37436489,61076,1502,0
GIF_DMA_wait,37497660,41,1502,0
Packet_qwords,37500198,0,1502,43
VIF1_submit,37500190,3936,1502,0
Dispatch,37389745,115366,1502,0
Static_bag,37381572,123709,1502,0
Bounds,37507114,5805,1502,0
Static_bag,37506439,6568,1502,0
Bounds,37513678,2977,1502,0
Static_bag,37513463,3402,1502,0
Bounds,37517380,2829,1502,0
VIF1_DMA_wait,37572885,474,1502,0
GIF_DMA_wait,37573677,96,1502,0
Packet_qwords,37589320,0,1502,141
VIF1_submit,37589309,5320,1502,0
VIF1_DMA_wait,37603213,60049,1502,0
GIF_DMA_wait,37663356,44,1502,0
Packet_qwords,37665838,0,1502,43
VIF1_submit,37665830,3992,1502,0
Dispatch,37527427,143374,1502,0
Static_bag,37517200,153729,1502,0
Bounds,37672844,5987,1502,0
VIF1_DMA_wait,37730229,480,1502,0
GIF_DMA_wait,37731061,98,1502,0
Packet_qwords,37737908,0,1502,141
VIF1_submit,37737897,5280,1502,0
VIF1_DMA_wait,37751039,61064,1502,0
GIF_DMA_wait,37812342,41,1502,0
Packet_qwords,37814878,0,1502,43
VIF1_submit,37814870,3884,1502,0
Dispatch,37686345,133360,1502,0
Static_bag,37672143,147722,1502,0
Bounds,37821802,5577,1502,0
Static_bag,37821203,6281,1502,0
Bounds,37828160,1980,1502,0
Static_bag,37827928,2298,1502,0
Bounds,37831022,2831,1502,0
VIF1_DMA_wait,37906851,492,1502,0
GIF_DMA_wait,37907653,98,1502,0
Packet_qwords,37914290,0,1502,134
VIF1_submit,37914279,4944,1502,0
Dispatch,37841659,78666,1502,0
Static_bag,37830784,89635,1502,0
Bounds,37922528,5665,1502,0
VIF1_DMA_wait,37988751,392,1502,0
GIF_DMA_wait,37989459,43,1502,0
Packet_qwords,37995446,0,1502,127
VIF1_submit,37995435,5130,1502,0
Dispatch,37936201,65586,1502,0
Static_bag,37921815,80082,1502,0
Terrain,36528341,1474356,1502,0
Bounds,38004563,5589,1502,0
VIF1_DMA_wait,38042337,17662,1502,0
GIF_DMA_wait,38060359,156,1502,0
Packet_qwords,38062202,0,1502,34
VIF1_submit,38062191,5262,1502,0
Dispatch,38030159,38430,1502,0
Static_bag,38004117,64568,1502,0
Bounds,38070237,4624,1502,0
Static_bag,38069715,5251,1502,0
Bounds,38075821,2640,1502,0
VIF1_DMA_wait,38102065,334,1502,0
GIF_DMA_wait,38102625,43,1502,0
Packet_qwords,38104618,0,1502,40
VIF1_submit,38104607,5039,1502,0
Dispatch,38084835,26062,1502,0
Static_bag,38075543,35502,1502,0
Bounds,38112556,5026,1502,0
VIF1_DMA_wait,38126934,181,1502,0
GIF_DMA_wait,38127307,43,1502,0
Packet_qwords,38128886,0,1502,36
VIF1_submit,38128875,4723,1502,0
Dispatch,38123413,11230,1502,0
Static_bag,38112161,22598,1502,0
Bounds,38136320,4722,1502,0
VIF1_DMA_wait,38160194,349,1502,0
GIF_DMA_wait,38160777,96,1502,0
Packet_qwords,38163572,0,1502,57
VIF1_submit,38163561,5221,1502,0
Dispatch,38147148,23071,1502,0
Static_bag,38135915,34404,1502,0
Bounds,38187166,5597,1502,0
VIF1_DMA_wait,38219887,440,1502,0
GIF_DMA_wait,38220559,98,1502,0
Packet_qwords,38222704,0,1502,43
VIF1_submit,38222693,5416,1502,0
Dispatch,38200727,28682,1502,0
Static_bag,38186602,42919,1502,0
Bounds,38231145,4895,1502,0
VIF1_DMA_wait,38259791,306,1502,0
GIF_DMA_wait,38260329,43,1502,0
Packet_qwords,38262298,0,1502,40
VIF1_submit,38262287,4907,1502,0
Dispatch,38242239,26146,1502,0
Static_bag,38230731,37760,1502,0
Bounds,38270049,4936,1502,0
Static_bag,38269673,5465,1502,0
Static_batches,38002735,272774,1502,0
Bounds,38276491,2272,1502,0
Static_bag,38276136,2713,1502,0
Bounds,38279440,2176,1502,0
Static_bag,38279163,2587,1502,0
Bounds,38282332,2086,1502,0
Static_bag,38282055,2449,1502,0
Bounds,38285204,2046,1502,0
Static_bag,38284877,2459,1502,0
Bounds,38287982,1956,1502,0
Static_bag,38287635,2389,1502,0
Bounds,38290664,2316,1502,0
Static_bag,38290335,2777,1502,0
Bounds,38293778,2514,1502,0
Static_bag,38293395,3077,1502,0
Bounds,38297090,2040,1502,0
Static_bag,38296755,2461,1502,0
Bounds,38299916,2498,1502,0
Static_bag,38299593,2907,1502,0
Bounds,38303098,2044,1502,0
Static_bag,38302835,2441,1502,0
Bounds,38305910,2268,1502,0
Static_bag,38305575,2719,1502,0
Bounds,38308978,2260,1502,0
Static_bag,38308665,2728,1502,0
Bounds,38312066,2077,1502,0
Static_bag,38311707,2592,1502,0
Bounds,38314982,2256,1502,0
Static_bag,38314649,2708,1502,0
Bounds,38317996,2378,1502,0
Static_bag,38317683,2857,1502,0
Bounds,38321122,2308,1502,0
Static_bag,38320853,2703,1502,0
Bounds,38324350,2583,1502,0
Static_bag,38323937,3129,1502,0
Bounds,38327744,14348,1502,0
Static_bag,38327410,15110,1502,0
Bounds,38343364,3449,1502,0
Static_bag,38343073,3930,1502,0
Bounds,38347624,2189,1502,0
Static_bag,38347373,2576,1502,0
Bounds,38350520,2275,1502,0
Static_bag,38350313,2610,1502,0
Bounds,38353520,2276,1502,0
Static_bag,38353251,2750,1502,0
Bounds,38356516,2705,1502,0
Static_bag,38356281,3112,1502,0
Bounds,38359894,2453,1502,0
Static_bag,38359665,2858,1502,0
Bounds,38363140,2451,1502,0
Static_bag,38362913,2870,1502,0
Bounds,38366378,2489,1502,0
Static_bag,38366142,2999,1502,0
Bounds,38369678,2681,1502,0
Static_bag,38369451,3158,1502,0
Bounds,38373202,2973,1502,0
VIF1_DMA_wait,38413935,474,1502,0
GIF_DMA_wait,38414763,102,1502,0
Packet_qwords,38417974,0,1502,64
VIF1_submit,38417963,4998,1502,0
Dispatch,38384555,39522,1502,0
Static_bag,38372957,51256,1502,0
Bounds,38425520,5320,1502,0
VIF1_DMA_wait,38503719,437,1502,0
GIF_DMA_wait,38504455,98,1502,0
Packet_qwords,38511418,0,1502,141
VIF1_submit,38511407,5266,1502,0
VIF1_DMA_wait,38526891,58762,1502,0
GIF_DMA_wait,38585852,41,1502,0
Packet_qwords,38588830,0,1502,57
VIF1_submit,38588822,4172,1502,0
Dispatch,38438801,155148,1502,0
Static_bag,38425037,169008,1502,0
Bounds,38595638,5971,1502,0
VIF1_DMA_wait,38623389,666,1502,0
GIF_DMA_wait,38624245,100,1502,0
Packet_qwords,38630630,0,1502,141
VIF1_submit,38630619,5275,1502,0
VIF1_DMA_wait,38658263,46507,1502,0
GIF_DMA_wait,38705017,156,1502,0
Packet_qwords,38708557,0,1502,57
VIF1_submit,38708549,4882,1502,0
Dispatch,38608699,105762,1502,0
Static_bag,38594943,119624,1502,0
Bounds,38716156,5937,1502,0
VIF1_DMA_wait,38743197,1168,1502,0
GIF_DMA_wait,38744511,98,1502,0
Packet_qwords,38750972,0,1502,141
VIF1_submit,38750961,5257,1502,0
VIF1_DMA_wait,38765213,59962,1502,0
GIF_DMA_wait,38825437,192,1502,0
Packet_qwords,38829325,0,1502,57
VIF1_submit,38829317,5014,1502,0
Dispatch,38728453,106878,1502,0
Static_bag,38715533,120012,1502,0
Bounds,38837054,5983,1502,0
VIF1_DMA_wait,38861725,3332,1502,0
GIF_DMA_wait,38865242,99,1502,0
Packet_qwords,38870348,0,1502,113
VIF1_submit,38870337,5203,1502,0
Dispatch,38849695,26844,1502,0
Static_bag,38836367,40268,1502,0
Bounds,38877734,5244,1502,0
VIF1_DMA_wait,38893552,31541,1502,0
GIF_DMA_wait,38925193,100,1502,0
Packet_qwords,38927408,0,1502,50
VIF1_submit,38927397,4959,1502,0
Dispatch,38888871,44474,1502,0
Static_bag,38877339,56174,1502,0
Bounds,38934668,5046,1502,0
VIF1_DMA_wait,38949432,299,1502,0
GIF_DMA_wait,38949831,43,1502,0
Packet_qwords,38963410,0,1502,50
VIF1_submit,38963399,5338,1502,0
Dispatch,38945169,24908,1502,0
Static_bag,38934219,35960,1502,0
Bounds,38971798,10901,1502,0
VIF1_DMA_wait,39002567,442,1502,0
GIF_DMA_wait,39003225,96,1502,0
Packet_qwords,39005668,0,1502,50
VIF1_submit,39005657,5143,1502,0
Dispatch,38990421,21530,1502,0
Static_bag,38971197,40850,1502,0
Bounds,39013682,5370,1502,0
VIF1_DMA_wait,39035049,392,1502,0
GIF_DMA_wait,39035655,96,1502,0
Packet_qwords,39037634,0,1502,36
VIF1_submit,39037623,4863,1502,0
Dispatch,39026199,17254,1502,0
Static_bag,39013017,30610,1502,0
Bounds,39044914,4545,1502,0
Static_bag,39044441,5123,1502,0
Bounds,39050181,2266,1502,0
Static_bag,39049983,2550,1502,0
Bounds,39053096,2282,1502,0
Static_bag,39052841,2665,1502,0
Bounds,39056017,2148,1502,0
Static_bag,39055779,2472,1502,0
Bounds,39058870,2003,1502,0
Static_bag,39058617,2342,1502,0
Bounds,39061537,2013,1502,0
Static_bag,39061269,2367,1502,0
Bounds,39064300,2020,1502,0
Static_bag,39063993,2413,1502,0
Bounds,39066935,2347,1502,0
Static_bag,39066725,2700,1502,0
Bounds,39070040,2500,1502,0
VIF1_DMA_wait,39101151,386,1502,0
GIF_DMA_wait,39101869,98,1502,0
Packet_qwords,39104248,0,1502,50
VIF1_submit,39104237,16570,1502,0
Dispatch,39079623,42844,1502,0
Static_bag,39069743,52838,1502,0
Bounds,39124052,5915,1502,0
VIF1_DMA_wait,39142005,395,1502,0
GIF_DMA_wait,39142591,98,1502,0
Packet_qwords,39145040,0,1502,50
VIF1_submit,39145029,5191,1502,0
Dispatch,39136563,14450,1502,0
Static_bag,39123455,27654,1502,0
Bounds,39152012,4776,1502,0
VIF1_DMA_wait,39166396,34049,1502,0
GIF_DMA_wait,39200545,100,1502,0
Packet_qwords,39202766,0,1502,50
VIF1_submit,39202755,4911,1502,0
Dispatch,39162135,46376,1502,0
Static_bag,39151621,56986,1502,0
Bounds,39209870,5298,1502,0
VIF1_DMA_wait,39224886,299,1502,0
GIF_DMA_wait,39225285,43,1502,0
Packet_qwords,39227564,0,1502,50
VIF1_submit,39227553,4945,1502,0
Dispatch,39220611,12856,1502,0
Static_bag,39209385,24190,1502,0
Bounds,39234776,5182,1502,0
VIF1_DMA_wait,39247924,249,1502,0
GIF_DMA_wait,39248325,43,1502,0
Packet_qwords,39249974,0,1502,36
VIF1_submit,39249963,4807,1502,0
Dispatch,39245235,10546,1502,0
Static_bag,39234341,21578,1502,0
Bounds,39257044,4605,1502,0
Static_bag,39256653,5101,1502,0
Bounds,39262522,14088,1502,0
Static_bag,39262226,14698,1502,0
Bounds,39277868,2975,1502,0
VIF1_DMA_wait,39298369,482,1502,0
GIF_DMA_wait,39299103,96,1502,0
Packet_qwords,39301052,0,1502,36
VIF1_submit,39301041,5196,1502,0
Dispatch,39288761,18492,1502,0
Static_bag,39277489,29860,1502,0
Bounds,39308656,4678,1502,0
VIF1_DMA_wait,39330991,364,1502,0
GIF_DMA_wait,39331579,98,1502,0
Packet_qwords,39333892,0,1502,50
VIF1_submit,39333881,5059,1502,0
Dispatch,39320315,19830,1502,0
Static_bag,39308187,32054,1502,0
Bounds,39341552,5236,1502,0
VIF1_DMA_wait,39362623,418,1502,0
GIF_DMA_wait,39363301,98,1502,0
Packet_qwords,39365216,0,1502,36
VIF1_submit,39365205,4951,1502,0
Dispatch,39354173,16940,1502,0
Static_bag,39341121,30112,1502,0
Bounds,39372512,4565,1502,0
Static_bag,39372075,5107,1502,0
Bounds,39377848,13069,1502,0
Static_bag,39377550,13752,1502,0
Bounds,39392216,3566,1502,0
Static_bag,39391849,4060,1502,0
Bounds,39396560,2452,1502,0
Static_bag,39396347,2808,1502,0
Bounds,39399742,2456,1502,0
Static_bag,39399516,2857,1502,0
Bounds,39402934,2216,1502,0
Static_bag,39402701,2592,1502,0
Bounds,39405884,2142,1502,0
Static_bag,39405671,2498,1502,0
Bounds,39408740,2058,1502,0
Static_bag,39408509,2432,1502,0
Bounds,39411536,2078,1502,0
Static_bag,39411311,2444,1502,0
Bounds,39414304,2094,1502,0
Static_bag,39414095,2496,1502,0
Bounds,39417226,10712,1502,0
Static_bag,39416927,11455,1502,0
Bounds,39429248,3204,1502,0
Static_bag,39428947,3732,1502,0
Bounds,39433270,2050,1502,0
Static_bag,39433049,2528,1502,0
Bounds,39436196,2136,1502,0
Static_bag,39435911,2606,1502,0
Bounds,39439108,2524,1502,0
Static_bag,39438881,2888,1502,0
Bounds,39442298,2869,1502,0
VIF1_DMA_wait,39464375,484,1502,0
GIF_DMA_wait,39465163,98,1502,0
Packet_qwords,39467308,0,1502,43
VIF1_submit,39467297,4972,1502,0
Dispatch,39452997,20366,1502,0
Static_bag,39442091,31388,1502,0
Bounds,39474880,5380,1502,0
VIF1_DMA_wait,39490224,299,1502,0
GIF_DMA_wait,39490623,43,1502,0
Packet_qwords,39492844,0,1502,50
VIF1_submit,39492833,5005,1502,0
Dispatch,39485871,12974,1502,0
Static_bag,39474321,24628,1502,0
Bounds,39500194,5182,1502,0
VIF1_DMA_wait,39514876,231,1502,0
GIF_DMA_wait,39515261,43,1502,0
Packet_qwords,39517394,0,1502,50
VIF1_submit,39517383,4947,1502,0
Dispatch,39510561,12778,1502,0
Static_bag,39499741,23850,1502,0
Bounds,39524890,4898,1502,0
VIF1_DMA_wait,39547655,354,1502,0
GIF_DMA_wait,39548275,98,1502,0
Packet_qwords,39550900,0,1502,50
VIF1_submit,39550889,4925,1502,0
Dispatch,39536667,20214,1502,0
Static_bag,39524397,32649,1502,0
Bounds,39558418,5248,1502,0
VIF1_DMA_wait,39606999,474,1502,0
GIF_DMA_wait,39607821,96,1502,0
Packet_qwords,39611182,0,1502,71
VIF1_submit,39611171,5142,1502,0
Dispatch,39570771,46624,1502,0
Static_bag,39557885,59640,1502,0
Bounds,39619108,5315,1502,0
Static_bag,39618365,6309,1502,0
Bounds,39625442,2313,1502,0
Static_bag,39625151,2728,1502,0
Bounds,39628757,2502,1502,0
Static_bag,39628299,3173,1502,0
Bounds,39632174,2641,1502,0
Static_bag,39631799,3219,1502,0
Bounds,39635714,2693,1502,0
Static_bag,39635381,3221,1502,0
Bounds,39639280,2349,1502,0
Static_bag,39639017,2805,1502,0
Bounds,39642436,2487,1502,0
Static_bag,39642149,2943,1502,0
Bounds,39645706,2461,1502,0
Static_bag,39645443,2846,1502,0
Bounds,39648920,2296,1502,0
Static_bag,39648655,2682,1502,0
Bounds,39652000,2481,1502,0
Static_bag,39651730,2909,1502,0
Bounds,39655276,2366,1502,0
Static_bag,39654965,2867,1502,0
Bounds,39658510,2885,1502,0
VIF1_DMA_wait,39691601,396,1502,0
GIF_DMA_wait,39692331,96,1502,0
Packet_qwords,39695258,0,1502,57
VIF1_submit,39695247,4879,1502,0
Dispatch,39669361,31914,1502,0
Static_bag,39658151,43230,1502,0
Bounds,39702628,5073,1502,0
Static_bag,39702129,5695,1502,0
Bounds,39708716,2330,1502,0
Static_bag,39708371,2761,1502,0
Bounds,39711752,2598,1502,0
Static_bag,39711473,3006,1502,0
Bounds,39715078,2780,1502,0
VIF1_DMA_wait,39761567,490,1502,0
GIF_DMA_wait,39762375,96,1502,0
Packet_qwords,39764548,0,1502,43
VIF1_submit,39764537,5286,1502,0
Dispatch,39725097,45964,1502,0
Static_bag,39714801,56356,1502,0
Procedural,38275675,1495942,1502,0
Bounds,39780452,5371,1502,0
VIF1_DMA_wait,39808143,347,1502,0
GIF_DMA_wait,39808626,44,1502,0
Packet_qwords,39815072,0,1502,141
VIF1_submit,39815061,5245,1502,0
VIF1_DMA_wait,39835360,60749,1502,0
GIF_DMA_wait,39896361,148,1502,0
Packet_qwords,39903005,0,1502,113
VIF1_submit,39902997,4788,1502,0
Dispatch,39793165,115969,1502,0
Static_bag,39779927,129326,1502,0
Bounds,40146757,5414,1502,0
VIF1_DMA_wait,40172923,409,1502,0
GIF_DMA_wait,40173512,44,1502,0
Packet_qwords,40180198,0,1502,145
VIF1_submit,40180187,5326,1502,0
VIF1_DMA_wait,40214297,52614,1502,0
GIF_DMA_wait,40267251,43,1502,0
Packet_qwords,40273411,0,1502,113
VIF1_submit,40273403,4846,1502,0
Dispatch,40158507,121111,1502,0
Static_bag,40146207,133526,1502,0
Bounds,40281092,5545,1502,0
VIF1_DMA_wait,40304810,57463,1502,0
GIF_DMA_wait,40362655,104,1502,0
Packet_qwords,40368760,0,1502,120
VIF1_submit,40368749,5214,1502,0
Dispatch,40292779,82290,1502,0
Static_bag,40280309,94886,1502,0
Bounds,40376739,5982,1502,0
VIF1_DMA_wait,40391955,36558,1502,0
GIF_DMA_wait,40428613,100,1502,0
Packet_qwords,40430468,0,1502,40
VIF1_submit,40430457,4855,1502,0
Dispatch,40387609,48688,1502,0
Static_bag,40375959,60458,1502,0
Object,39779499,657530,1502,2
Bounds,40439485,5196,1502,0
Static_bag,40439051,5756,1502,0
Object,40438707,6409,1502,4
Bounds,40454206,2988,1502,0
Static_bag,40454003,3277,1502,0
Object,40453728,4342,1502,8
Bounds,40460583,3152,1502,0
Static_bag,40460325,3496,1502,0
Object,40460191,3905,1502,9
Bounds,40466533,2843,1502,0
Static_bag,40466272,3189,1502,0
Object,40466068,3611,1502,10
Bounds,40471981,2932,1502,0
Static_bag,40471785,3261,1502,0
Object,40471624,3575,1502,11
Object,40475812,106,1502,12
Object,40476328,58,1502,13
Object,40476856,66,1502,14
Object,40477360,66,1502,15
Object,40477868,70,1502,16
Object,40478480,70,1502,17
Object,40479016,66,1502,18
Object,40479482,70,1502,19
Object,40479994,56,1502,20
Object,40480492,66,1502,21
Object,40480960,72,1502,22
Bounds,40482280,3272,1502,0
Static_bag,40481946,3732,1502,0
Object,40481788,4178,1502,27
Bounds,40487008,2566,1502,0
Static_bag,40486750,2909,1502,0
Object,40486610,3241,1502,30
Bounds,40491853,2798,1502,0
Static_bag,40491627,3109,1502,0
Object,40491460,3558,1502,32
Bounds,40497063,2635,1502,0
Static_bag,40496787,2996,1502,0
Object,40496596,3452,1502,34
Bounds,40503358,3266,1502,0
VIF1_DMA_wait,40553121,468,1502,0
GIF_DMA_wait,40553947,98,1502,0
Packet_qwords,40558534,0,1502,92
VIF1_submit,40558523,4954,1502,0
Dispatch,40526417,38208,1502,0
Static_bag,40503004,61735,1502,0
Bounds,40566380,5022,1502,0
VIF1_DMA_wait,40642001,472,1502,0
GIF_DMA_wait,40642747,98,1502,0
Packet_qwords,40649510,0,1502,141
VIF1_submit,40649499,5172,1502,0
VIF1_DMA_wait,40675755,115476,1502,0
GIF_DMA_wait,40791464,95,1502,0
Packet_qwords,40795286,0,1502,57
VIF1_submit,40795278,4510,1502,0
Dispatch,40578921,221886,1502,0
Static_bag,40565645,235286,1502,0
Bounds,40802282,5263,1502,0
VIF1_DMA_wait,40881765,438,1502,0
GIF_DMA_wait,40882545,96,1502,0
Packet_qwords,40889380,0,1502,141
VIF1_submit,40889369,5074,1502,0
VIF1_DMA_wait,40905670,60693,1502,0
GIF_DMA_wait,40966458,41,1502,0
Packet_qwords,40970170,0,1502,71
VIF1_submit,40970162,14054,1502,0
Dispatch,40815435,169990,1502,0
Static_bag,40801735,183876,1502,0
Bounds,40987160,6047,1502,0
VIF1_DMA_wait,41016349,9674,1502,0
GIF_DMA_wait,41026335,148,1502,0
Packet_qwords,41029004,0,1502,57
VIF1_submit,41028993,5235,1502,0
Dispatch,41001783,33508,1502,0
Static_bag,40986345,49060,1502,0
Bounds,41036540,5058,1502,0
VIF1_DMA_wait,41059487,372,1502,0
GIF_DMA_wait,41060149,43,1502,0
Packet_qwords,41062298,0,1502,43
VIF1_submit,41062287,4711,1502,0
Dispatch,41048643,19430,1502,0
Static_bag,41036041,32194,1502,0
Object,40502824,566011,1502,35
Bounds,41071761,4979,1502,0
VIF1_DMA_wait,41093901,353,1502,0
GIF_DMA_wait,41094531,43,1502,0
Packet_qwords,41096182,0,1502,34
VIF1_submit,41096171,5123,1502,0
Dispatch,41082717,19684,1502,0
Static_bag,41071311,31196,1502,0
Object,41070807,32154,1502,36
Bounds,41108002,4630,1502,0
VIF1_DMA_wait,41158733,436,1502,0
GIF_DMA_wait,41159467,98,1502,0
Packet_qwords,41164138,0,1502,92
VIF1_submit,41164127,5046,1502,0
Dispatch,41120255,50042,1502,0
Static_bag,41107525,62860,1502,0
Bounds,41171878,5249,1502,0
VIF1_DMA_wait,41248191,480,1502,0
GIF_DMA_wait,41248975,122,1502,0
Packet_qwords,41255770,0,1502,141
VIF1_submit,41255759,5200,1502,0
VIF1_DMA_wait,41270391,121758,1502,0
GIF_DMA_wait,41392442,99,1502,0
Packet_qwords,41396414,0,1502,57
VIF1_submit,41396406,4390,1502,0
Dispatch,41197323,204446,1502,0
Static_bag,41171205,230726,1502,0
Bounds,41403230,5149,1502,0
VIF1_DMA_wait,41486445,438,1502,0
GIF_DMA_wait,41487181,98,1502,0
Packet_qwords,41494040,0,1502,141
VIF1_submit,41494029,4884,1502,0
VIF1_DMA_wait,41510506,59847,1502,0
GIF_DMA_wait,41570534,41,1502,0
Packet_qwords,41574202,0,1502,71
VIF1_submit,41574194,4154,1502,0
Dispatch,41416513,162816,1502,0
Static_bag,41402701,176754,1502,0
Bounds,41580976,5465,1502,0
VIF1_DMA_wait,41623565,484,1502,0
GIF_DMA_wait,41624317,92,1502,0
Packet_qwords,41627056,0,1502,57
VIF1_submit,41627045,5154,1502,0
Dispatch,41594779,38538,1502,0
Static_bag,41580195,53216,1502,0
Bounds,41634896,5057,1502,0
VIF1_DMA_wait,41658611,354,1502,0
GIF_DMA_wait,41659227,43,1502,0
Packet_qwords,41661352,0,1502,43
VIF1_submit,41661341,4801,1502,0
Dispatch,41647933,19342,1502,0
Static_bag,41634195,33218,1502,0
Object,41107275,560828,1502,37
Bounds,41673854,4970,1502,0
VIF1_DMA_wait,41698955,417,1502,0
GIF_DMA_wait,41699733,43,1502,0
Packet_qwords,41701712,0,1502,43
VIF1_submit,41701701,4959,1502,0
Dispatch,41685847,22010,1502,0
Static_bag,41673455,34500,1502,0
Bounds,41709334,5020,1502,0
VIF1_DMA_wait,41741987,342,1502,0
GIF_DMA_wait,41742625,43,1502,0
Packet_qwords,41745722,0,1502,64
VIF1_submit,41745711,4935,1502,0
Dispatch,41721511,30288,1502,0
Static_bag,41708687,43240,1502,0
Bounds,41753384,17921,1502,0
Static_bag,41752761,18965,1502,0
Bounds,41772622,2784,1502,0
Static_bag,41772301,3191,1502,0
Bounds,41776184,2963,1502,0
VIF1_DMA_wait,41807529,486,1502,0
GIF_DMA_wait,41808333,96,1502,0
Packet_qwords,41810134,0,1502,36
VIF1_submit,41810123,5178,1502,0
Dispatch,41796285,20148,1502,0
Static_bag,41775831,40718,1502,0
Object,41673105,144074,1502,39
Bounds,41822596,4966,1502,0
VIF1_DMA_wait,41842893,311,1502,0
GIF_DMA_wait,41843382,44,1502,0
Packet_qwords,41847686,0,1502,92
VIF1_submit,41847675,5073,1502,0
Dispatch,41833541,20160,1502,0
Static_bag,41822107,31698,1502,0
Bounds,41855158,5030,1502,0
VIF1_DMA_wait,41879763,8694,1502,0
GIF_DMA_wait,41888581,96,1502,0
Packet_qwords,41895034,0,1502,141
VIF1_submit,41895023,5117,1502,0
VIF1_DMA_wait,41908917,61626,1502,0
GIF_DMA_wait,41970853,100,1502,0
Packet_qwords,41974811,0,1502,57
VIF1_submit,41974803,4602,1502,0
Dispatch,41865502,114915,1502,0
Static_bag,41854555,125968,1502,0
Bounds,41982284,5795,1502,0
VIF1_DMA_wait,42009323,1639,1502,0
GIF_DMA_wait,42011061,122,1502,0
Packet_qwords,42017558,0,1502,141
VIF1_submit,42017547,5131,1502,0
VIF1_DMA_wait,42033873,57576,1502,0
GIF_DMA_wait,42091797,98,1502,0
Packet_qwords,42096745,0,1502,78
VIF1_submit,42096737,4558,1502,0
Dispatch,41994099,108260,1502,0
Static_bag,41981505,120950,1502,0
Bounds,42104096,6059,1502,0
VIF1_DMA_wait,42122619,23361,1502,0
GIF_DMA_wait,42146125,100,1502,0
Packet_qwords,42148706,0,1502,57
VIF1_submit,42148695,4875,1502,0
Dispatch,42116313,38387,1502,0
Static_bag,42103319,51474,1502,0
Bounds,42155930,4986,1502,0
VIF1_DMA_wait,42171758,273,1502,0
GIF_DMA_wait,42172166,44,1502,0
Packet_qwords,42174982,0,1502,57
VIF1_submit,42174971,4849,1502,0
Dispatch,42166291,14566,1502,0
Static_bag,42155351,25602,1502,0
Object,41821765,359878,1502,41
Bounds,42184323,5393,1502,0
VIF1_DMA_wait,42196651,307,1502,0
GIF_DMA_wait,42197109,43,1502,0
Packet_qwords,42198700,0,1502,34
VIF1_submit,42198689,4763,1502,0
Dispatch,42193765,10656,1502,0
Static_bag,42183797,20754,1502,0
Object,42183307,21698,1502,42
Bounds,42210382,4572,1502,0
VIF1_DMA_wait,42239487,407,1502,0
GIF_DMA_wait,42240199,43,1502,0
Packet_qwords,42243824,0,1502,71
VIF1_submit,42243813,5088,1502,0
Dispatch,42220353,29626,1502,0
Static_bag,42209915,40200,1502,0
Bounds,42251692,5835,1502,0
VIF1_DMA_wait,42277351,210,1502,0
GIF_DMA_wait,42277663,43,1502,0
Packet_qwords,42283748,0,1502,134
VIF1_submit,42283737,5139,1502,0
Dispatch,42263499,26596,1502,0
Static_bag,42250963,39226,1502,0
Bounds,42291454,5440,1502,0
VIF1_DMA_wait,42316049,37402,1502,0
GIF_DMA_wait,42353640,97,1502,0
Packet_qwords,42360152,0,1502,141
VIF1_submit,42360141,5191,1502,0
Dispatch,42302131,64585,1502,0
Static_bag,42290963,75888,1502,0
Bounds,42368000,4938,1502,0
VIF1_DMA_wait,42399675,34425,1502,0
GIF_DMA_wait,42434383,100,1502,0
Packet_qwords,42436586,0,1502,43
VIF1_submit,42436575,5334,1502,0
Dispatch,42378315,64714,1502,0
Static_bag,42367543,75636,1502,0
Bounds,42444496,5597,1502,0
VIF1_DMA_wait,42461246,273,1502,0
GIF_DMA_wait,42461670,44,1502,0
Packet_qwords,42464248,0,1502,57
VIF1_submit,42464237,4913,1502,0
Dispatch,42455727,14482,1502,0
Static_bag,42443881,26424,1502,0
Object,42209559,261300,1502,43
Bounds,42478737,4758,1502,0
Static_bag,42478337,5339,1502,0
Object,42477993,5953,1502,52
Bounds,42489116,2536,1502,0
Static_bag,42488831,2907,1502,0
Object,42488692,3262,1502,59
Bounds,42493460,2464,1502,0
Static_bag,42493122,2939,1502,0
Object,42492926,3246,1502,60
Bounds,42497344,2738,1502,0
VIF1_DMA_wait,42514041,325,1502,0
GIF_DMA_wait,42514554,44,1502,0
Packet_qwords,42518438,0,1502,85
VIF1_submit,42518427,5101,1502,0
Dispatch,42505357,19224,1502,0
Static_bag,42497135,27558,1502,0
Object,42496994,28321,1502,61
Bounds,42528902,5274,1502,0
VIF1_DMA_wait,42562933,409,1502,0
GIF_DMA_wait,42563677,43,1502,0
Packet_qwords,42567646,0,1502,85
VIF1_submit,42567635,5380,1502,0
Dispatch,42553031,20972,1502,0
Static_bag,42528403,45826,1502,0
Object,42528138,46715,1502,62
Bounds,42578594,5383,1502,0
Static_bag,42578047,6161,1502,0
Object,42577695,6771,1502,63
Bounds,42586112,2295,1502,0
Static_bag,42585853,2731,1502,0
Object,42585680,3146,1502,64
Bounds,42590638,2673,1502,0
Static_bag,42590382,3098,1502,0
Object,42590048,3614,1502,65
Bounds,42595606,3040,1502,0
VIF1_DMA_wait,42614235,247,1502,0
GIF_DMA_wait,42614708,44,1502,0
Packet_qwords,42618568,0,1502,85
VIF1_submit,42618557,4997,1502,0
Dispatch,42605685,18952,1502,0
Static_bag,42595344,29389,1502,0
Object,42595040,30295,1502,66
Bounds,42629086,5201,1502,0
VIF1_DMA_wait,42649941,4837,1502,0
GIF_DMA_wait,42654972,101,1502,0
Packet_qwords,42659000,0,1502,85
VIF1_submit,42658989,5035,1502,0
Dispatch,42640977,24006,1502,0
Static_bag,42628537,36661,1502,0
Object,42628227,37514,1502,67
Bounds,42669550,4503,1502,0
Static_bag,42669071,5159,1502,0
Object,42668745,5729,1502,68
Bounds,42676102,2293,1502,0
Static_bag,42675705,2776,1502,0
Object,42675596,3166,1502,69
Bounds,42680582,3016,1502,0
VIF1_DMA_wait,42710273,405,1502,0
GIF_DMA_wait,42711043,43,1502,0
Packet_qwords,42714824,0,1502,78
VIF1_submit,42714813,5252,1502,0
Dispatch,42689739,31490,1502,0
Static_bag,42680190,41147,1502,0
Bounds,42722906,5977,1502,0
VIF1_DMA_wait,42741272,6439,1502,0
GIF_DMA_wait,42747861,98,1502,0
Packet_qwords,42750506,0,1502,57
VIF1_submit,42750495,4915,1502,0
Dispatch,42735189,21176,1502,0
Static_bag,42722119,34348,1502,0
Object,42679982,77071,1502,70
Bounds,42761084,5196,1502,0
VIF1_DMA_wait,42779747,251,1502,0
GIF_DMA_wait,42780157,43,1502,0
Packet_qwords,42783746,0,1502,78
VIF1_submit,42783735,4927,1502,0
Dispatch,42771829,17848,1502,0
Static_bag,42760603,29250,1502,0
Bounds,42791324,5076,1502,0
VIF1_DMA_wait,42807572,7405,1502,0
GIF_DMA_wait,42815148,101,1502,0
Packet_qwords,42817786,0,1502,57
VIF1_submit,42817775,4897,1502,0
Dispatch,42801915,21860,1502,0
Static_bag,42790637,33252,1502,0
Object,42760287,64206,1502,71
Bounds,42828366,4491,1502,0
Static_bag,42827844,5232,1502,0
Bounds,42833566,2107,1502,0
Static_bag,42833309,2502,1502,0
Object,42827529,8439,1502,72
Bounds,42837626,2794,1502,0
VIF1_DMA_wait,42865603,409,1502,0
GIF_DMA_wait,42866389,43,1502,0
Packet_qwords,42870058,0,1502,78
VIF1_submit,42870047,5212,1502,0
Dispatch,42845797,30674,1502,0
Static_bag,42837202,39385,1502,0
Bounds,42878062,5709,1502,0
VIF1_DMA_wait,42896132,5065,1502,0
GIF_DMA_wait,42901297,100,1502,0
Packet_qwords,42903982,0,1502,57
VIF1_submit,42903971,4895,1502,0
Dispatch,42890153,19724,1502,0
Static_bag,42877369,32604,1502,0
Object,42837027,73532,1502,73
Bounds,42917566,4682,1502,0
VIF1_DMA_wait,42962571,352,1502,0
GIF_DMA_wait,42963225,96,1502,0
Packet_qwords,42965716,0,1502,50
VIF1_submit,42965705,5149,1502,0
Dispatch,42929031,43042,1502,0
Static_bag,42917177,54997,1502,0
Bounds,42973634,5100,1502,0
VIF1_DMA_wait,43023155,472,1502,0
GIF_DMA_wait,43023945,96,1502,0
Packet_qwords,43027238,0,1502,64
VIF1_submit,43027227,5112,1502,0
Dispatch,42985991,47350,1502,0
Static_bag,42973131,60434,1502,0
Bounds,43035152,6167,1502,0
VIF1_DMA_wait,43065635,260,1502,0
GIF_DMA_wait,43066189,43,1502,0
Packet_qwords,43067728,0,1502,36
VIF1_submit,43067717,5149,1502,0
Dispatch,43050301,23752,1502,0
Static_bag,43034329,39820,1502,0
Object,42916803,157850,1502,75
Bounds,43079642,5058,1502,0
VIF1_DMA_wait,43095855,347,1502,0
GIF_DMA_wait,43096436,44,1502,0
Packet_qwords,43098566,0,1502,43
VIF1_submit,43098555,4939,1502,0
Dispatch,43090803,13660,1502,0
Static_bag,43079147,25428,1502,0
Bounds,43106170,4822,1502,0
VIF1_DMA_wait,43122042,193,1502,0
GIF_DMA_wait,43122337,43,1502,0
Packet_qwords,43125248,0,1502,64
VIF1_submit,43125237,4873,1502,0
Dispatch,43116177,15004,1502,0
Static_bag,43105373,25916,1502,0
Bounds,43132514,5272,1502,0
VIF1_DMA_wait,43146324,813,1502,0
GIF_DMA_wait,43147320,101,1502,0
Packet_qwords,43149070,0,1502,36
VIF1_submit,43149059,4849,1502,0
Dispatch,43143591,11398,1502,0
Static_bag,43131875,23204,1502,0
Object,43078773,76878,1502,76
Bounds,43171820,5321,1502,0
VIF1_DMA_wait,43187805,365,1502,0
GIF_DMA_wait,43188397,43,1502,0
Packet_qwords,43190422,0,1502,43
VIF1_submit,43190411,5272,1502,0
Dispatch,43183287,13582,1502,0
Static_bag,43171305,25690,1502,0
Bounds,43198300,4996,1502,0
VIF1_DMA_wait,43214180,315,1502,0
GIF_DMA_wait,43214647,43,1502,0
Packet_qwords,43217576,0,1502,64
VIF1_submit,43217565,4987,1502,0
Dispatch,43208217,15308,1502,0
Static_bag,43197751,25932,1502,0
Bounds,43224932,5146,1502,0
VIF1_DMA_wait,43238500,959,1502,0
GIF_DMA_wait,43239559,136,1502,0
Packet_qwords,43241296,0,1502,36
VIF1_submit,43241285,4771,1502,0
Dispatch,43235727,11398,1502,0
Static_bag,43224367,22894,1502,0
Object,43170831,76892,1502,77
Bounds,43252600,4708,1502,0
VIF1_DMA_wait,43266687,311,1502,0
GIF_DMA_wait,43267134,44,1502,0
Packet_qwords,43269218,0,1502,43
VIF1_submit,43269207,4987,1502,0
Dispatch,43262697,12514,1502,0
Static_bag,43252117,23194,1502,0
Bounds,43276600,5012,1502,0
VIF1_DMA_wait,43292344,201,1502,0
GIF_DMA_wait,43292699,43,1502,0
Packet_qwords,43295518,0,1502,64
VIF1_submit,43295507,5005,1502,0
Dispatch,43286445,15184,1502,0
Static_bag,43276055,25686,1502,0
Bounds,43303088,5196,1502,0
VIF1_DMA_wait,43328355,350,1502,0
GIF_DMA_wait,43329007,43,1502,0
Packet_qwords,43330930,0,1502,36
VIF1_submit,43330919,5020,1502,0
Dispatch,43313667,23358,1502,0
Static_bag,43302521,34705,1502,0
Object,43251807,85958,1502,78
Bounds,43342826,5083,1502,0
VIF1_DMA_wait,43357911,293,1502,0
GIF_DMA_wait,43358305,43,1502,0
Packet_qwords,43360250,0,1502,43
VIF1_submit,43360239,4845,1502,0
Dispatch,43353783,12364,1502,0
Static_bag,43342321,23944,1502,0
Bounds,43367558,5016,1502,0
VIF1_DMA_wait,43383576,275,1502,0
GIF_DMA_wait,43383951,43,1502,0
Packet_qwords,43386860,0,1502,64
VIF1_submit,43386849,5049,1502,0
Dispatch,43377369,15556,1502,0
Static_bag,43366957,26062,1502,0
Bounds,43394512,5162,1502,0
VIF1_DMA_wait,43408120,827,1502,0
GIF_DMA_wait,43409047,100,1502,0
Packet_qwords,43410688,0,1502,36
VIF1_submit,43410677,4823,1502,0
Dispatch,43405413,11144,1502,0
Static_bag,43393789,22890,1502,0
Object,43341969,75210,1502,79
Bounds,43422208,4757,1502,0
VIF1_DMA_wait,43436631,311,1502,0
GIF_DMA_wait,43437126,44,1502,0
Packet_qwords,43439210,0,1502,43
VIF1_submit,43439199,4887,1502,0
Dispatch,43432677,12562,1502,0
Static_bag,43421629,23698,1502,0
Bounds,43446902,4986,1502,0
VIF1_DMA_wait,43462650,199,1502,0
GIF_DMA_wait,43462951,43,1502,0
Packet_qwords,43465772,0,1502,64
VIF1_submit,43465761,4933,1502,0
Dispatch,43456797,27204,1502,0
Static_bag,43446103,38032,1502,0
Bounds,43485262,5631,1502,0
VIF1_DMA_wait,43500147,347,1502,0
GIF_DMA_wait,43500546,44,1502,0
Packet_qwords,43502240,0,1502,36
VIF1_submit,43502229,5202,1502,0
Dispatch,43496677,11814,1502,0
Static_bag,43484681,23916,1502,0
Object,43421323,87940,1502,80
Bounds,43525684,4479,1502,0
Static_bag,43525193,5271,1502,0
Bounds,43531040,2253,1502,0
Static_bag,43530809,2570,1502,0
Object,43524838,8648,1502,99
Bounds,43535132,2512,1502,0
Static_bag,43534871,2936,1502,0
Bounds,43538242,2108,1502,0
Static_bag,43538031,2474,1502,0
Object,43534748,6014,1502,100
Bounds,43542464,2609,1502,0
Static_bag,43542165,3089,1502,0
Bounds,43545682,2164,1502,0
Static_bag,43545423,2567,1502,0
Object,43541989,6237,1502,101
Bounds,43549894,2301,1502,0
Static_bag,43549605,2676,1502,0
Bounds,43552714,1978,1502,0
Static_bag,43552459,2365,1502,0
Object,43549466,5552,1502,102
Bounds,43556494,2642,1502,0
Static_bag,43556229,3061,1502,0
Bounds,43559710,2644,1502,0
Static_bag,43559480,3006,1502,0
Object,43556103,6565,1502,103
Bounds,43564300,2578,1502,0
Static_bag,43564061,2936,1502,0
Bounds,43567402,2386,1502,0
Static_bag,43567127,2796,1502,0
Object,43563920,6204,1502,104
Bounds,43574810,3190,1502,0
VIF1_DMA_wait,43601975,395,1502,0
GIF_DMA_wait,43602681,43,1502,0
Packet_qwords,43605964,0,1502,64
VIF1_submit,43605953,5262,1502,0
Dispatch,43583625,28716,1502,0
Static_bag,43574518,37957,1502,0
Bounds,43613960,6209,1502,0
VIF1_DMA_wait,43642419,395,1502,0
GIF_DMA_wait,43643143,43,1502,0
Packet_qwords,43645402,0,1502,43
VIF1_submit,43645391,5028,1502,0
Dispatch,43626535,24906,1502,0
Static_bag,43613243,38304,1502,0
Object,43574358,77853,1502,108
Bounds,43656392,5311,1502,0
VIF1_DMA_wait,43674235,243,1502,0
GIF_DMA_wait,43674665,43,1502,0
Packet_qwords,43677628,0,1502,64
VIF1_submit,43677617,4861,1502,0
Dispatch,43667527,15994,1502,0
Static_bag,43655821,27814,1502,0
Bounds,43685240,5790,1502,0
VIF1_DMA_wait,43700658,263,1502,0
GIF_DMA_wait,43701073,43,1502,0
Packet_qwords,43703066,0,1502,43
VIF1_submit,43703055,4825,1502,0
Dispatch,43696887,11998,1502,0
Static_bag,43684463,24528,1502,0
Object,43655473,54194,1502,109
Bounds,43713838,4595,1502,0
Static_bag,43713289,5366,1502,0
Bounds,43719170,2480,1502,0
Static_bag,43718919,2935,1502,0
Object,43712979,8983,1502,110
Bounds,43723228,2455,1502,0
Static_bag,43722993,2857,1502,0
Object,43722858,3148,1502,111
Bounds,43727318,2403,1502,0
Static_bag,43726971,2930,1502,0
Object,43726885,3209,1502,112
Bounds,43731442,2427,1502,0
Static_bag,43731195,2760,1502,0
Object,43731060,3138,1502,113
Bounds,43735096,2429,1502,0
Static_bag,43734862,2781,1502,0
Object,43734664,3246,1502,114
Object,43738428,174,1502,115
Object,43739098,74,1502,116
Object,43739704,116,1502,117
Object,43740250,72,1502,118
Object,43740770,100,1502,119
Object,43741396,56,1502,120
Bounds,43745356,4206,1502,0
VIF1_DMA_wait,43816923,474,1502,0
GIF_DMA_wait,43817691,96,1502,0
Packet_qwords,43824206,0,1502,134
VIF1_submit,43824195,5294,1502,0
Dispatch,43757863,72818,1502,0
Static_bag,43745063,85770,1502,0
Bounds,43950259,5294,1502,0
VIF1_DMA_wait,44007455,441,1502,0
GIF_DMA_wait,44008143,43,1502,0
Packet_qwords,44014564,0,1502,138
VIF1_submit,44014553,5224,1502,0
Dispatch,43963833,57146,1502,0
Static_bag,43939419,81686,1502,0
Object,43744896,276599,1502,121
Bounds,44028609,6252,1502,0
Static_bag,44027789,7233,1502,0
Bounds,44043843,4005,1502,0
Static_bag,44043578,4402,1502,0
Bounds,44048380,3380,1502,0
VIF1_DMA_wait,44143449,508,1502,0
GIF_DMA_wait,44144287,102,1502,0
Packet_qwords,44151226,0,1502,141
VIF1_submit,44151215,4816,1502,0
VIF1_DMA_wait,44163629,61564,1502,0
GIF_DMA_wait,44225450,99,1502,0
Packet_qwords,44228156,0,1502,36
VIF1_submit,44228148,4504,1502,0
Dispatch,44060577,173104,1502,0
Static_bag,44048139,185638,1502,0
Bounds,44488237,5312,1502,0
VIF1_DMA_wait,44583399,474,1502,0
GIF_DMA_wait,44584195,98,1502,0
Packet_qwords,44591062,0,1502,145
VIF1_submit,44591051,5194,1502,0
VIF1_DMA_wait,44604469,73272,1502,0
GIF_DMA_wait,44677926,41,1502,0
Packet_qwords,44680104,0,1502,36
VIF1_submit,44680096,3918,1502,0
Dispatch,44501693,183206,1502,0
Static_bag,44487729,197264,1502,0
Object,44027361,658028,1502,122
Bounds,44691978,6361,1502,0
VIF1_DMA_wait,44728397,436,1502,0
GIF_DMA_wait,44729173,102,1502,0
Packet_qwords,44733326,0,1502,85
VIF1_submit,44733315,5174,1502,0
Dispatch,44705983,33728,1502,0
Static_bag,44691333,48500,1502,0
Object,44690925,49454,1502,134
Object,44742291,321,1502,135
Object,44743070,56,1502,136
Object,44743540,72,1502,137
Object,44743996,90,1502,138
Object,44744554,96,1502,139
Object,44745073,53,1502,140
Object,44745608,74,1502,141
Object,44746370,80,1502,142
Objects,39771743,4976644,1502,0
Bounds,45067722,155693,1502,0
VIF1_DMA_wait,45244825,297,1502,0
GIF_DMA_wait,45245291,47,1502,0
Packet_qwords,45251728,0,1502,141
VIF1_submit,45251717,5410,1502,0
VIF1_DMA_wait,45271624,54351,1502,0
GIF_DMA_wait,45326070,41,1502,0
Packet_qwords,45342487,0,1502,113
VIF1_submit,45342479,5231,1502,0
VIF1_DMA_wait,45363361,52832,1502,0
GIF_DMA_wait,45416412,44,1502,0
Packet_qwords,45423055,0,1502,113
VIF1_submit,45423047,5045,1502,0
VIF1_DMA_wait,45435789,61074,1502,0
GIF_DMA_wait,45497142,173,1502,0
Packet_qwords,45499706,0,1502,36
VIF1_submit,45499698,4618,1502,0
Dispatch,45230605,274842,1502,0
Static_bag,45067151,438450,1502,0
Bounds,45544850,17597,1502,0
VIF1_DMA_wait,45583819,445,1502,0
GIF_DMA_wait,45584583,47,1502,0
Packet_qwords,45587104,0,1502,50
VIF1_submit,45587093,5464,1502,0
Dispatch,45570657,23164,1502,0
Static_bag,45544317,49592,1502,0
Bounds,45747956,75691,1502,0
VIF1_DMA_wait,45864017,478,1502,0
GIF_DMA_wait,45864847,102,1502,0
Packet_qwords,45868762,0,1502,78
VIF1_submit,45868751,5164,1502,0
Dispatch,45831993,43174,1502,0
Static_bag,45747425,127862,1502,0
Wheels,44748465,1127578,1502,0
Animation,45876128,227,1502,0
Shadow_decals,45876551,132,1502,0
Mirrors,45876828,1,1502,0
Portal_surfaces,45876913,1,1502,0
Light_pools,45876945,3318,1502,0
GS_FINISH_wait,45926727,532,1502,0
Align3D,45922464,4987,1502,0
Bounds,45939730,6107,1502,0
VIF1_DMA_wait,45982347,492,1502,0
GIF_DMA_wait,45983149,98,1502,0
Packet_qwords,45989882,0,1502,141
VIF1_submit,45989871,14476,1502,0
VIF1_DMA_wait,46022991,50369,1502,0
GIF_DMA_wait,46073504,44,1502,0
Packet_qwords,46079342,0,1502,113
VIF1_submit,46079334,5206,1502,0
Dispatch,45965459,120171,1502,0
Static_bag,45939167,146586,1502,0
Bounds,46087570,5597,1502,0
VIF1_DMA_wait,46124753,27739,1502,0
GIF_DMA_wait,46152871,100,1502,0
Packet_qwords,46159048,0,1502,120
VIF1_submit,46159037,5044,1502,0
Dispatch,46099611,65716,1502,0
Static_bag,46086709,78762,1502,0
Bounds,46167117,5686,1502,0
VIF1_DMA_wait,46181304,36921,1502,0
GIF_DMA_wait,46218369,98,1502,0
Packet_qwords,46220138,0,1502,40
VIF1_submit,46220127,4789,1502,0
Dispatch,46177539,48416,1502,0
Static_bag,46166401,59766,1502,0
GS_FINISH_wait,46283469,532,1502,0
Align3D,46278485,5794,1502,0
Bounds,46295956,5877,1502,0
VIF1_DMA_wait,46323849,407,1502,0
GIF_DMA_wait,46324477,98,1502,0
Packet_qwords,46331204,0,1502,141
VIF1_submit,46331193,5328,1502,0
Dispatch,46309341,28485,1502,0
Static_bag,46295441,42480,1502,0
GS_FINISH_wait,46408557,6845,1502,0
Align3D,46345625,69929,1502,0
Bounds,46485551,10696,1502,0
GS_FINISH_wait,46503819,552,1502,0
Align3D,46498044,6479,1502,0
VIF1_DMA_wait,46517295,252,1502,0
GIF_DMA_wait,46517769,102,1502,0
Packet_qwords,46519978,0,1502,42
VIF1_submit,46519967,4288,1502,0
GS_FINISH_wait,46530105,19073,1502,0
Align3D,46525492,23838,1502,0
Dispatch,46512465,39689,1502,0
Static_bag,46485017,67224,1502,0
Bounds,46624955,10258,1502,0
GS_FINISH_wait,46644495,532,1502,0
Align3D,46638564,6607,1502,0
VIF1_DMA_wait,46677345,432,1502,0
GIF_DMA_wait,46678033,102,1502,0
Packet_qwords,46680346,0,1502,42
VIF1_submit,46680335,4714,1502,0
GS_FINISH_wait,46690941,12846,1502,0
Align3D,46686280,17651,1502,0
Dispatch,46652759,54057,1502,0
Static_bag,46624409,82500,1502,0
Projected_shadows,45880339,827248,1502,0
Bounds,46713149,7786,1502,0
Static_bag,46712817,8269,1502,0
Bounds,46724804,4831,1502,0
Static_bag,46724549,5285,1502,0
Bounds,46732852,18269,1502,0
VIF1_DMA_wait,46767489,396,1502,0
GIF_DMA_wait,46768215,96,1502,0
Packet_qwords,46770080,0,1502,36
VIF1_submit,46770069,5424,1502,0
Dispatch,46759887,16730,1502,0
Static_bag,46732516,44221,1502,0
Blob_shadows,46707755,69284,1502,0
Light_beams,46777169,3048,1502,0
Highlights_and_outlines,46780337,1,1502,0
Bounds,46798358,7993,1502,0
VIF1_DMA_wait,46820726,445,1502,0
GIF_DMA_wait,46821483,96,1502,0
Packet_qwords,46823182,0,1502,34
VIF1_submit,46823171,5429,1502,0
Dispatch,46813981,15772,1502,0
Static_bag,46797851,31992,1502,0
Particles,46780427,49618,1502,0
Scene,36441053,10389170,1502,0
GS_FINISH_wait,46838955,532,1502,0
Align3D,46834992,4645,1502,0
GS_FINISH_wait,47016849,558,1502,0
Align3D,47011752,5928,1502,0
PostFx,47011313,127464,1502,0
Present,47139437,35738,1502,0
EndFrame,46857233,318087,1502,0
Game,35402035,11782636,1502,0
Info,47184885,354,1502,0
Frame,35393772,11792141,1502,0
Pad,47186546,22651,1503,0
Update,47209707,845364,1503,0
GS_FINISH_wait,48345783,532,1503,0
Align3D,48339845,6706,1503,0
Bounds,48362346,22577,1503,0
VIF1_DMA_wait,48471693,474,1503,0
GIF_DMA_wait,48472555,102,1503,0
Packet_qwords,48478378,0,1503,124
VIF1_submit,48478367,5464,1503,0
VIF1_DMA_wait,48508461,25475,1503,0
GIF_DMA_wait,48534030,44,1503,0
Packet_qwords,48537050,0,1503,55
VIF1_submit,48537042,4342,1503,0
Dispatch,48392089,150292,1503,0
Static_bag,48361827,180680,1503,0
Bounds,48545135,8498,1503,0
Static_bag,48544575,9161,1503,0
Bounds,48559273,4356,1503,0
VIF1_DMA_wait,48586041,480,1503,0
GIF_DMA_wait,48586821,102,1503,0
Packet_qwords,48589364,0,1503,50
VIF1_submit,48589353,5142,1503,0
Dispatch,48572613,35702,1503,0
Static_bag,48558902,49617,1503,0
Bounds,48609438,5383,1503,0
VIF1_DMA_wait,48645419,484,1503,0
GIF_DMA_wait,48646201,102,1503,0
Packet_qwords,48650180,0,1503,78
VIF1_submit,48650169,4982,1503,0
Dispatch,48622657,33538,1503,0
Static_bag,48608951,47412,1503,0
Bounds,48657462,5460,1503,0
VIF1_DMA_wait,48686711,354,1503,0
GIF_DMA_wait,48687321,47,1503,0
Packet_qwords,48690292,0,1503,64
VIF1_submit,48690281,4997,1503,0
Dispatch,48670399,25760,1503,0
Static_bag,48656927,39330,1503,0
Bounds,48697304,5430,1503,0
VIF1_DMA_wait,48727557,410,1503,0
GIF_DMA_wait,48728329,47,1503,0
Packet_qwords,48731518,0,1503,64
VIF1_submit,48731507,4939,1503,0
Dispatch,48710197,27324,1503,0
Static_bag,48696833,40818,1503,0
Bounds,48738770,5314,1503,0
VIF1_DMA_wait,48790091,430,1503,0
GIF_DMA_wait,48790975,102,1503,0
Packet_qwords,48793208,0,1503,43
VIF1_submit,48793197,5145,1503,0
Dispatch,48752007,47614,1503,0
Static_bag,48738189,61528,1503,0
Bounds,48801660,5005,1503,0
Static_bag,48801063,5755,1503,0
Bounds,48807326,2305,1503,0
Static_bag,48807081,2665,1503,0
Bounds,48810082,2324,1503,0
Static_bag,48809891,2691,1503,0
Bounds,48812986,2447,1503,0
Static_bag,48812759,2799,1503,0
Bounds,48815944,2485,1503,0
Static_bag,48815753,2793,1503,0
Bounds,48819616,3051,1503,0
VIF1_DMA_wait,48840603,317,1503,0
GIF_DMA_wait,48841091,47,1503,0
Packet_qwords,48845350,0,1503,92
VIF1_submit,48845339,5050,1503,0
Dispatch,48829051,22320,1503,0
Static_bag,48819227,32250,1503,0
Bounds,48852650,5244,1503,0
VIF1_DMA_wait,48877505,8416,1503,0
GIF_DMA_wait,48886107,102,1503,0
Packet_qwords,48892564,0,1503,141
VIF1_submit,48892553,5147,1503,0
VIF1_DMA_wait,48906549,59730,1503,0
GIF_DMA_wait,48966585,98,1503,0
Packet_qwords,48970610,0,1503,57
VIF1_submit,48970602,4498,1503,0
Dispatch,48863415,112692,1503,0
Static_bag,48851963,124311,1503,0
Bounds,48977612,6151,1503,0
VIF1_DMA_wait,49017023,291,1503,0
GIF_DMA_wait,49017661,47,1503,0
Packet_qwords,49024588,0,1503,141
VIF1_submit,49024577,5272,1503,0
VIF1_DMA_wait,49041819,56940,1503,0
GIF_DMA_wait,49099016,99,1503,0
Packet_qwords,49104028,0,1503,78
VIF1_submit,49104020,4694,1503,0
Dispatch,48989707,120036,1503,0
Static_bag,48976751,133086,1503,0
Bounds,49111062,6097,1503,0
VIF1_DMA_wait,49129467,23937,1503,0
GIF_DMA_wait,49153551,102,1503,0
Packet_qwords,49156132,0,1503,57
VIF1_submit,49156121,5080,1503,0
Dispatch,49123237,38970,1503,0
Static_bag,49110323,52028,1503,0
Bounds,49163420,5310,1503,0
VIF1_DMA_wait,49179158,291,1503,0
GIF_DMA_wait,49179641,47,1503,0
Packet_qwords,49182178,0,1503,57
VIF1_submit,49182167,4957,1503,0
Dispatch,49173937,14160,1503,0
Static_bag,49162795,25414,1503,0
Bounds,49190588,5376,1503,0
VIF1_DMA_wait,49210137,247,1503,0
GIF_DMA_wait,49210523,47,1503,0
Packet_qwords,49214768,0,1503,92
VIF1_submit,49214757,4934,1503,0
Dispatch,49201345,31396,1503,0
Static_bag,49189657,43300,1503,0
Bounds,49233900,5911,1503,0
VIF1_DMA_wait,49261071,313,1503,0
GIF_DMA_wait,49261635,47,1503,0
Packet_qwords,49268222,0,1503,141
VIF1_submit,49268211,5388,1503,0
VIF1_DMA_wait,49282199,59984,1503,0
GIF_DMA_wait,49342334,43,1503,0
Packet_qwords,49345360,0,1503,57
VIF1_submit,49345352,4052,1503,0
Dispatch,49246567,103756,1503,0
Static_bag,49233325,117110,1503,0
Bounds,49351466,5300,1503,0
VIF1_DMA_wait,49376081,12574,1503,0
GIF_DMA_wait,49389037,104,1503,0
Packet_qwords,49396160,0,1503,141
VIF1_submit,49396149,5209,1503,0
VIF1_DMA_wait,49414203,56098,1503,0
GIF_DMA_wait,49470402,43,1503,0
Packet_qwords,49474422,0,1503,78
VIF1_submit,49474414,4170,1503,0
Dispatch,49362267,117184,1503,0
Static_bag,49350863,128714,1503,0
Bounds,49480980,5731,1503,0
VIF1_DMA_wait,49498382,24934,1503,0
GIF_DMA_wait,49523511,102,1503,0
Packet_qwords,49526200,0,1503,57
VIF1_submit,49526189,5032,1503,0
Dispatch,49492843,39274,1503,0
Static_bag,49480171,52134,1503,0
Bounds,49545263,5458,1503,0
VIF1_DMA_wait,49562367,314,1503,0
GIF_DMA_wait,49562929,47,1503,0
Packet_qwords,49565662,0,1503,57
VIF1_submit,49565651,5250,1503,0
Dispatch,49556317,15642,1503,0
Static_bag,49532811,39272,1503,0
Bounds,49574310,5498,1503,0
VIF1_DMA_wait,49591633,313,1503,0
GIF_DMA_wait,49592169,47,1503,0
Packet_qwords,49595458,0,1503,71
VIF1_submit,49595447,15234,1503,0
Dispatch,49584991,27342,1503,0
Static_bag,49573509,38918,1503,0
Bounds,49613864,6487,1503,0
VIF1_DMA_wait,49641347,305,1503,0
GIF_DMA_wait,49641791,47,1503,0
Packet_qwords,49648070,0,1503,134
VIF1_submit,49648059,5432,1503,0
Dispatch,49626451,27990,1503,0
Static_bag,49612953,41608,1503,0
Bounds,49655720,5256,1503,0
VIF1_DMA_wait,49680749,36556,1503,0
GIF_DMA_wait,49717693,100,1503,0
Packet_qwords,49724810,0,1503,141
VIF1_submit,49724799,5149,1503,0
Dispatch,49666939,64423,1503,0
Static_bag,49655149,76300,1503,0
Bounds,49732826,5953,1503,0
VIF1_DMA_wait,49749369,49233,1503,0
GIF_DMA_wait,49798797,102,1503,0
Packet_qwords,49800812,0,1503,43
VIF1_submit,49800801,4890,1503,0
Dispatch,49744723,61890,1503,0
Static_bag,49732051,74735,1503,0
Bounds,49807878,5258,1503,0
VIF1_DMA_wait,49823234,309,1503,0
GIF_DMA_wait,49823735,47,1503,0
Packet_qwords,49826428,0,1503,57
VIF1_submit,49826417,4835,1503,0
Dispatch,49817911,14346,1503,0
Static_bag,49807243,25214,1503,0
Bounds,49835834,5051,1503,0
Static_bag,49835287,5785,1503,0
Bounds,49841602,3176,1503,0
Static_bag,49841370,3545,1503,0
Bounds,49845350,2044,1503,0
Static_bag,49845075,13034,1503,0
Bounds,49858966,3362,1503,0
Static_bag,49858543,4035,1503,0
Bounds,49863022,2234,1503,0
Static_bag,49862769,2663,1503,0
Bounds,49866556,2362,1503,0
Static_bag,49866258,2798,1503,0
Bounds,49869466,2240,1503,0
Static_bag,49869219,2624,1503,0
Bounds,49872284,2290,1503,0
Static_bag,49872044,2667,1503,0
Bounds,49875100,2086,1503,0
Static_bag,49874871,2450,1503,0
Bounds,49877770,2342,1503,0
Static_bag,49877525,2724,1503,0
GS_FINISH_wait,49901565,532,1503,0
Align3D,49897031,5252,1503,0
Reflections_shared_probe,48338846,1567827,1503,0
Portal,49906827,170,1503,0
Bounds,49907949,5368,1503,0
VIF1_DMA_wait,49954643,472,1503,0
GIF_DMA_wait,49955397,102,1503,0
Packet_qwords,49959652,0,1503,88
VIF1_submit,49959641,5130,1503,0
Dispatch,49919827,46110,1503,0
Static_bag,49907495,58572,1503,0
Bounds,49968533,8102,1503,0
Static_bag,49968183,8555,1503,0
Sky,49907189,70176,1503,0
Bounds,49981258,3824,1503,0
VIF1_DMA_wait,50082869,436,1503,0
GIF_DMA_wait,50083627,98,1503,0
Packet_qwords,50090540,0,1503,141
VIF1_submit,50090529,5352,1503,0
VIF1_DMA_wait,50103198,124695,1503,0
GIF_DMA_wait,50228186,141,1503,0
Packet_qwords,50230868,0,1503,36
VIF1_submit,50230860,4816,1503,0
Dispatch,49993407,243382,1503,0
Static_bag,49980925,255976,1503,0
Bounds,50238992,5783,1503,0
Static_bag,50238245,6683,1503,0
Bounds,50245606,3279,1503,0
VIF1_DMA_wait,50276613,443,1503,0
GIF_DMA_wait,50277331,43,1503,0
Packet_qwords,50280274,0,1503,57
VIF1_submit,50280263,4984,1503,0
Dispatch,50256333,30034,1503,0
Static_bag,50245390,41187,1503,0
Bounds,50288007,5319,1503,0
VIF1_DMA_wait,50331215,442,1503,0
GIF_DMA_wait,50332017,96,1503,0
Packet_qwords,50334842,0,1503,57
VIF1_submit,50334831,5148,1503,0
Dispatch,50300277,40972,1503,0
Static_bag,50287679,53688,1503,0
Bounds,50343302,5519,1503,0
Static_bag,50342613,6313,1503,0
Bounds,50349664,2429,1503,0
Static_bag,50349368,2811,1503,0
Bounds,50352922,3143,1503,0
VIF1_DMA_wait,50375577,299,1503,0
GIF_DMA_wait,50376002,44,1503,0
Packet_qwords,50382412,0,1503,141
VIF1_submit,50382401,5242,1503,0
VIF1_DMA_wait,50395116,61267,1503,0
GIF_DMA_wait,50456520,43,1503,0
Packet_qwords,50458942,0,1503,43
VIF1_submit,50458934,3980,1503,0
Dispatch,50361691,102120,1503,0
Static_bag,50352589,111316,1503,0
Bounds,50465157,5037,1503,0
VIF1_DMA_wait,50545891,406,1503,0
GIF_DMA_wait,50546611,43,1503,0
Packet_qwords,50553386,0,1503,141
VIF1_submit,50553375,4968,1503,0
VIF1_DMA_wait,50565400,61773,1503,0
GIF_DMA_wait,50627310,41,1503,0
Packet_qwords,50640199,0,1503,36
VIF1_submit,50640191,4942,1503,0
Dispatch,50489423,156764,1503,0
Static_bag,50464769,181596,1503,0
Bounds,50648186,5843,1503,0
VIF1_DMA_wait,50714049,395,1503,0
GIF_DMA_wait,50714757,43,1503,0
Packet_qwords,50721542,0,1503,141
VIF1_submit,50721531,5172,1503,0
VIF1_DMA_wait,50734566,61497,1503,0
GIF_DMA_wait,50796288,223,1503,0
Packet_qwords,50806544,0,1503,43
VIF1_submit,50806536,5008,1503,0
Dispatch,50661751,150842,1503,0
Static_bag,50647503,165200,1503,0
Bounds,50814838,5315,1503,0
Static_bag,50814035,6221,1503,0
Bounds,50820944,2666,1503,0
Static_bag,50820672,3092,1503,0
Bounds,50824480,2339,1503,0
Static_bag,50824250,2656,1503,0
Bounds,50827750,2379,1503,0
Static_bag,50827408,2851,1503,0
Bounds,50830834,2514,1503,0
Static_bag,50830654,2780,1503,0
Bounds,50834018,2223,1503,0
Static_bag,50833786,2542,1503,0
Bounds,50836930,2376,1503,0
Static_bag,50836752,2689,1503,0
Bounds,50839996,2843,1503,0
VIF1_DMA_wait,50862435,371,1503,0
GIF_DMA_wait,50863009,43,1503,0
Packet_qwords,50869564,0,1503,141
VIF1_submit,50869553,5146,1503,0
VIF1_DMA_wait,50882257,70196,1503,0
GIF_DMA_wait,50952678,145,1503,0
Packet_qwords,50955584,0,1503,43
VIF1_submit,50955576,4978,1503,0
Dispatch,50848227,113430,1503,0
Static_bag,50839812,121955,1503,0
Bounds,50963794,5807,1503,0
Static_bag,50963071,6618,1503,0
Bounds,50970298,3261,1503,0
Static_bag,50970083,3612,1503,0
Bounds,50974282,2897,1503,0
VIF1_DMA_wait,51017785,355,1503,0
GIF_DMA_wait,51018445,43,1503,0
Packet_qwords,51025124,0,1503,141
VIF1_submit,51025113,5172,1503,0
VIF1_DMA_wait,51037925,71164,1503,0
GIF_DMA_wait,51109436,199,1503,0
Packet_qwords,51112406,0,1503,43
VIF1_submit,51112398,4732,1503,0
Dispatch,50984471,133826,1503,0
Static_bag,50974104,144333,1503,0
Bounds,51120338,5749,1503,0
VIF1_DMA_wait,51165831,359,1503,0
GIF_DMA_wait,51166441,43,1503,0
Packet_qwords,51173138,0,1503,141
VIF1_submit,51173127,5250,1503,0
VIF1_DMA_wait,51186245,61082,1503,0
GIF_DMA_wait,51247422,41,1503,0
Packet_qwords,51249780,0,1503,43
VIF1_submit,51249772,14741,1503,0
Dispatch,51133927,131772,1503,0
Static_bag,51119643,146204,1503,0
Bounds,51267770,5531,1503,0
Static_bag,51267105,6343,1503,0
Bounds,51274058,2162,1503,0
Static_bag,51273834,2528,1503,0
Bounds,51277184,2941,1503,0
VIF1_DMA_wait,51341193,443,1503,0
GIF_DMA_wait,51341971,43,1503,0
Packet_qwords,51348430,0,1503,134
VIF1_submit,51348419,4948,1503,0
Dispatch,51288315,66344,1503,0
Static_bag,51276958,77889,1503,0
Bounds,51356463,5619,1503,0
VIF1_DMA_wait,51443693,442,1503,0
GIF_DMA_wait,51444483,96,1503,0
Packet_qwords,51450748,0,1503,127
VIF1_submit,51450737,5212,1503,0
Dispatch,51369095,88078,1503,0
Static_bag,51356043,101246,1503,0
Terrain,49977557,1480602,1503,0
Bounds,51460281,5574,1503,0
VIF1_DMA_wait,51484291,31007,1503,0
GIF_DMA_wait,51515503,94,1503,0
Packet_qwords,51517372,0,1503,34
VIF1_submit,51517361,4859,1503,0
Dispatch,51473163,50040,1503,0
Static_bag,51459783,63530,1503,0
Bounds,51524913,4354,1503,0
Static_bag,51524483,4937,1503,0
Bounds,51530293,2658,1503,0
VIF1_DMA_wait,51556195,316,1503,0
GIF_DMA_wait,51556759,43,1503,0
Packet_qwords,51558656,0,1503,40
VIF1_submit,51558645,5035,1503,0
Dispatch,51539019,37526,1503,0
Static_bag,51530045,46632,1503,0
Bounds,51578252,5683,1503,0
VIF1_DMA_wait,51594493,392,1503,0
GIF_DMA_wait,51595077,43,1503,0
Packet_qwords,51596822,0,1503,36
VIF1_submit,51596811,5136,1503,0
Dispatch,51590545,12580,1503,0
Static_bag,51577683,25622,1503,0
Bounds,51604850,4720,1503,0
VIF1_DMA_wait,51629257,380,1503,0
GIF_DMA_wait,51629882,97,1503,0
Packet_qwords,51632534,0,1503,57
VIF1_submit,51632523,4993,1503,0
Dispatch,51615891,22972,1503,0
Static_bag,51604433,34544,1503,0
Bounds,51640588,5422,1503,0
VIF1_DMA_wait,51671801,336,1503,0
GIF_DMA_wait,51672403,43,1503,0
Packet_qwords,51674578,0,1503,43
VIF1_submit,51674567,4967,1503,0
Dispatch,51653019,27850,1503,0
Static_bag,51640029,40946,1503,0
Bounds,51682557,4817,1503,0
VIF1_DMA_wait,51710999,306,1503,0
GIF_DMA_wait,51711505,43,1503,0
Packet_qwords,51713326,0,1503,40
VIF1_submit,51713315,4877,1503,0
Dispatch,51693445,25932,1503,0
Static_bag,51682181,37308,1503,0
Bounds,51732129,5314,1503,0
Static_bag,51731603,6189,1503,0
Static_batches,51458248,279887,1503,0
Bounds,51739087,2284,1503,0
Static_bag,51738748,2790,1503,0
Bounds,51742150,2314,1503,0
Static_bag,51741869,2730,1503,0
Bounds,51745222,2236,1503,0
Static_bag,51744945,2632,1503,0
Bounds,51748238,2126,1503,0
Static_bag,51747905,2580,1503,0
Bounds,51751166,2178,1503,0
Static_bag,51750813,2666,1503,0
Bounds,51754130,2358,1503,0
Static_bag,51753795,2897,1503,0
Bounds,51757346,2604,1503,0
Static_bag,51756981,3101,1503,0
Bounds,51760754,2058,1503,0
Static_bag,51760425,2473,1503,0
Bounds,51763544,2402,1503,0
Static_bag,51763221,2855,1503,0
Bounds,51766678,2164,1503,0
Static_bag,51766409,2519,1503,0
Bounds,51769622,2280,1503,0
Static_bag,51769269,2759,1503,0
Bounds,51772666,2252,1503,0
Static_bag,51772349,2655,1503,0
Bounds,51775750,2072,1503,0
Static_bag,51775383,2525,1503,0
Bounds,51778610,2218,1503,0
Static_bag,51778253,2710,1503,0
Bounds,51781576,2414,1503,0
Static_bag,51781263,2857,1503,0
Bounds,51784804,2284,1503,0
Static_bag,51784491,2729,1503,0
Bounds,51787972,2511,1503,0
Static_bag,51787541,3117,1503,0
Bounds,51791332,2479,1503,0
Static_bag,51790965,2977,1503,0
Bounds,51794590,2487,1503,0
Static_bag,51794297,2900,1503,0
Bounds,51797840,2225,1503,0
Static_bag,51797531,2620,1503,0
Bounds,51800836,2239,1503,0
Static_bag,51800579,2582,1503,0
Bounds,51803810,2290,1503,0
Static_bag,51803481,2815,1503,0
Bounds,51806866,2709,1503,0
Static_bag,51806571,3090,1503,0
Bounds,51810274,2409,1503,0
Static_bag,51809997,2772,1503,0
Bounds,51813412,2455,1503,0
Static_bag,51813143,2853,1503,0
Bounds,51816652,2521,1503,0
Static_bag,51816364,2940,1503,0
Bounds,51819992,2537,1503,0
Static_bag,51819681,2981,1503,0
Bounds,51823282,2913,1503,0
VIF1_DMA_wait,51863925,474,1503,0
GIF_DMA_wait,51864795,102,1503,0
Packet_qwords,51868012,0,1503,64
VIF1_submit,51868001,4986,1503,0
Dispatch,51834387,39699,1503,0
Static_bag,51822971,51228,1503,0
Bounds,51875504,17971,1503,0
VIF1_DMA_wait,51957867,444,1503,0
GIF_DMA_wait,51958657,98,1503,0
Packet_qwords,51965414,0,1503,141
VIF1_submit,51965403,5155,1503,0
VIF1_DMA_wait,51980269,59594,1503,0
GIF_DMA_wait,52040120,99,1503,0
Packet_qwords,52044245,0,1503,57
VIF1_submit,52044237,4668,1503,0
Dispatch,51901649,148298,1503,0
Static_bag,51875043,175000,1503,0
Bounds,52051826,6191,1503,0
VIF1_DMA_wait,52080237,289,1503,0
GIF_DMA_wait,52080705,102,1503,0
Packet_qwords,52087226,0,1503,141
VIF1_submit,52087215,5065,1503,0
VIF1_DMA_wait,52101303,59806,1503,0
GIF_DMA_wait,52161254,41,1503,0
Packet_qwords,52164370,0,1503,57
VIF1_submit,52164362,3980,1503,0
Dispatch,52064629,104610,1503,0
Static_bag,52051055,118296,1503,0
Bounds,52170484,5284,1503,0
VIF1_DMA_wait,52208993,348,1503,0
GIF_DMA_wait,52209597,43,1503,0
Packet_qwords,52216214,0,1503,141
VIF1_submit,52216203,5244,1503,0
VIF1_DMA_wait,52230685,59544,1503,0
GIF_DMA_wait,52290324,41,1503,0
Packet_qwords,52293442,0,1503,57
VIF1_submit,52293434,4034,1503,0
Dispatch,52181721,116668,1503,0
Static_bag,52169975,128574,1503,0
Bounds,52300196,5983,1503,0
VIF1_DMA_wait,52324095,4107,1503,0
GIF_DMA_wait,52328391,154,1503,0
Packet_qwords,52333706,0,1503,113
VIF1_submit,52333695,5139,1503,0
Dispatch,52312609,27222,1503,0
Static_bag,52299483,40488,1503,0
Bounds,52341082,18365,1503,0
VIF1_DMA_wait,52372165,16148,1503,0
GIF_DMA_wait,52388505,98,1503,0
Packet_qwords,52390976,0,1503,50
VIF1_submit,52390965,5310,1503,0
Dispatch,52366545,30652,1503,0
Static_bag,52340709,56666,1503,0
Bounds,52399022,5382,1503,0
VIF1_DMA_wait,52413955,285,1503,0
GIF_DMA_wait,52414427,98,1503,0
Packet_qwords,52416634,0,1503,50
VIF1_submit,52416623,4913,1503,0
Dispatch,52409679,12922,1503,0
Static_bag,52398281,24426,1503,0
Bounds,52423954,4832,1503,0
VIF1_DMA_wait,52446891,378,1503,0
GIF_DMA_wait,52447447,43,1503,0
Packet_qwords,52449766,0,1503,50
VIF1_submit,52449755,4967,1503,0
Dispatch,52435677,20092,1503,0
Static_bag,52423445,32454,1503,0
Bounds,52457242,5494,1503,0
VIF1_DMA_wait,52478219,390,1503,0
GIF_DMA_wait,52478851,92,1503,0
Packet_qwords,52480552,0,1503,36
VIF1_submit,52480541,4897,1503,0
Dispatch,52469763,16732,1503,0
Static_bag,52456671,29924,1503,0
Bounds,52487744,4571,1503,0
Static_bag,52487309,5111,1503,0
Bounds,52493080,2322,1503,0
Static_bag,52492826,2697,1503,0
Bounds,52496108,13622,1503,0
Static_bag,52495835,14241,1503,0
Bounds,52511030,3698,1503,0
Static_bag,52510633,4278,1503,0
Bounds,52515466,2057,1503,0
Static_bag,52515225,2476,1503,0
Bounds,52518316,2066,1503,0
Static_bag,52518057,2468,1503,0
Bounds,52521088,2174,1503,0
Static_bag,52520829,2618,1503,0
Bounds,52523984,2448,1503,0
Static_bag,52523765,2796,1503,0
Bounds,52527230,2579,1503,0
VIF1_DMA_wait,52560191,436,1503,0
GIF_DMA_wait,52560937,98,1503,0
Packet_qwords,52563704,0,1503,50
VIF1_submit,52563693,5120,1503,0
Dispatch,52537541,32466,1503,0
Static_bag,52526969,43158,1503,0
Bounds,52571640,5762,1503,0
VIF1_DMA_wait,52588266,229,1503,0
GIF_DMA_wait,52588647,43,1503,0
Packet_qwords,52590790,0,1503,50
VIF1_submit,52590779,4907,1503,0
Dispatch,52583511,12968,1503,0
Static_bag,52571073,25502,1503,0
Bounds,52597448,15997,1503,0
VIF1_DMA_wait,52625091,23052,1503,0
GIF_DMA_wait,52648363,150,1503,0
Packet_qwords,52650844,0,1503,50
VIF1_submit,52650833,14862,1503,0
Dispatch,52619757,47654,1503,0
Static_bag,52597101,70424,1503,0
Bounds,52669280,6311,1503,0
VIF1_DMA_wait,52686021,355,1503,0
GIF_DMA_wait,52686525,43,1503,0
Packet_qwords,52688696,0,1503,50
VIF1_submit,52688685,5221,1503,0
Dispatch,52681393,13624,1503,0
Static_bag,52668507,26620,1503,0
Bounds,52696240,5042,1503,0
VIF1_DMA_wait,52709454,305,1503,0
GIF_DMA_wait,52709911,43,1503,0
Packet_qwords,52711492,0,1503,36
VIF1_submit,52711481,4931,1503,0
Dispatch,52706673,10738,1503,0
Static_bag,52695819,21728,1503,0
Bounds,52718768,4715,1503,0
Static_bag,52718379,5257,1503,0
Bounds,52724258,2458,1503,0
Static_bag,52724003,2850,1503,0
Bounds,52727494,2656,1503,0
VIF1_DMA_wait,52745747,412,1503,0
GIF_DMA_wait,52746457,98,1503,0
Packet_qwords,52748122,0,1503,36
VIF1_submit,52748111,4859,1503,0
Dispatch,52736859,17176,1503,0
Static_bag,52727193,26966,1503,0
Bounds,52755392,4662,1503,0
VIF1_DMA_wait,52777983,356,1503,0
GIF_DMA_wait,52778637,96,1503,0
Packet_qwords,52781144,0,1503,50
VIF1_submit,52781133,4975,1503,0
Dispatch,52767231,20132,1503,0
Static_bag,52754967,32486,1503,0
Bounds,52788872,5136,1503,0
VIF1_DMA_wait,52809635,384,1503,0
GIF_DMA_wait,52810293,11112,1503,0
Packet_qwords,52823224,0,1503,36
VIF1_submit,52823213,5148,1503,0
Dispatch,52801137,28444,1503,0
Static_bag,52788345,41346,1503,0
Bounds,52830998,4889,1503,0
Static_bag,52830489,5603,1503,0
Bounds,52836664,2289,1503,0
Static_bag,52836423,2666,1503,0
Bounds,52839760,2391,1503,0
Static_bag,52839449,2838,1503,0
Bounds,52842884,2515,1503,0
Static_bag,52842599,2941,1503,0
Bounds,52846192,2477,1503,0
Static_bag,52845898,2909,1503,0
Bounds,52849402,2184,1503,0
Static_bag,52849121,2600,1503,0
Bounds,52852360,2074,1503,0
Static_bag,52852037,2483,1503,0
Bounds,52855202,2058,1503,0
Static_bag,52854917,2429,1503,0
Bounds,52857944,2096,1503,0
Static_bag,52857659,2553,1503,0
Bounds,52860844,2100,1503,0
Static_bag,52860563,2467,1503,0
Bounds,52863808,1954,1503,0
Static_bag,52863419,2429,1503,0
Bounds,52866464,1928,1503,0
Static_bag,52866179,2299,1503,0
Bounds,52869086,2028,1503,0
Static_bag,52868801,2399,1503,0
Bounds,52871824,2056,1503,0
Static_bag,52871519,2496,1503,0
Bounds,52874608,2569,1503,0
Static_bag,52874327,2936,1503,0
Bounds,52877948,2795,1503,0
VIF1_DMA_wait,52899915,480,1503,0
GIF_DMA_wait,52900713,90,1503,0
Packet_qwords,52902890,0,1503,43
VIF1_submit,52902879,4947,1503,0
Dispatch,52888545,20300,1503,0
Static_bag,52877669,31298,1503,0
Bounds,52910236,5416,1503,0
VIF1_DMA_wait,52925724,223,1503,0
GIF_DMA_wait,52926049,53,1503,0
Packet_qwords,52928192,0,1503,50
VIF1_submit,52928181,4909,1503,0
Dispatch,52921349,12780,1503,0
Static_bag,52909803,24490,1503,0
Bounds,52935410,5088,1503,0
VIF1_DMA_wait,52950000,299,1503,0
GIF_DMA_wait,52950450,44,1503,0
Packet_qwords,52952648,0,1503,50
VIF1_submit,52952637,4927,1503,0
Dispatch,52945623,12976,1503,0
Static_bag,52934985,23708,1503,0
Bounds,52959850,4978,1503,0
VIF1_DMA_wait,52996095,432,1503,0
GIF_DMA_wait,52996795,98,1503,0
Packet_qwords,52999210,0,1503,50
VIF1_submit,52999199,5290,1503,0
Dispatch,52984083,21542,1503,0
Static_bag,52959345,46394,1503,0
Bounds,53007302,5536,1503,0
VIF1_DMA_wait,53043955,415,1503,0
GIF_DMA_wait,53044669,98,1503,0
Packet_qwords,53048110,0,1503,71
VIF1_submit,53048099,5113,1503,0
Dispatch,53020283,33986,1503,0
Static_bag,53006629,47734,1503,0
Bounds,53055746,5171,1503,0
Static_bag,53055251,5843,1503,0
Bounds,53061976,2391,1503,0
Static_bag,53061633,2857,1503,0
Bounds,53065108,2767,1503,0
Static_bag,53064815,3191,1503,0
Bounds,53068690,3025,1503,0
Static_bag,53068367,3513,1503,0
Bounds,53072552,2339,1503,0
Static_bag,53072195,2829,1503,0
Bounds,53076016,2421,1503,0
Static_bag,53075585,2985,1503,0
Bounds,53079188,2415,1503,0
Static_bag,53078909,2871,1503,0
Bounds,53082406,2389,1503,0
Static_bag,53082133,2748,1503,0
Bounds,53085542,2236,1503,0
Static_bag,53085269,2595,1503,0
Bounds,53088520,2325,1503,0
Static_bag,53088220,2782,1503,0
Bounds,53091634,2272,1503,0
Static_bag,53091323,2702,1503,0
Bounds,53094724,2808,1503,0
VIF1_DMA_wait,53138879,390,1503,0
GIF_DMA_wait,53139579,96,1503,0
Packet_qwords,53142292,0,1503,57
VIF1_submit,53142281,5172,1503,0
Dispatch,53104769,43700,1503,0
Static_bag,53094395,54216,1503,0
Bounds,53150204,5741,1503,0
Static_bag,53149559,6501,1503,0
Bounds,53156714,2326,1503,0
Static_bag,53156429,2739,1503,0
Bounds,53160172,2350,1503,0
Static_bag,53159795,2813,1503,0
Bounds,53163286,2805,1503,0
VIF1_DMA_wait,53198565,390,1503,0
GIF_DMA_wait,53199189,96,1503,0
Packet_qwords,53201378,0,1503,43
VIF1_submit,53201367,15752,1503,0
Dispatch,53174035,44626,1503,0
Static_bag,53163009,55754,1503,0
Procedural,51738253,1481088,1503,0
Bounds,53228470,5337,1503,0
VIF1_DMA_wait,53256723,406,1503,0
GIF_DMA_wait,53257351,98,1503,0
Packet_qwords,53263994,0,1503,141
VIF1_submit,53263983,5359,1503,0
VIF1_DMA_wait,53297933,40569,1503,0
GIF_DMA_wait,53338698,44,1503,0
Packet_qwords,53344885,0,1503,113
VIF1_submit,53344877,4900,1503,0
Dispatch,53241157,109961,1503,0
Static_bag,53227955,123282,1503,0
Bounds,53582695,5414,1503,0
VIF1_DMA_wait,53618655,485,1503,0
GIF_DMA_wait,53619445,43,1503,0
Packet_qwords,53626178,0,1503,145
VIF1_submit,53626167,5592,1503,0
VIF1_DMA_wait,53646605,66422,1503,0
GIF_DMA_wait,53713172,41,1503,0
Packet_qwords,53718832,0,1503,113
VIF1_submit,53718824,4256,1503,0
Dispatch,53603793,120543,1503,0
Static_bag,53582169,142312,1503,0
Bounds,53725944,5322,1503,0
VIF1_DMA_wait,53761913,41041,1503,0
GIF_DMA_wait,53803319,102,1503,0
Packet_qwords,53817298,0,1503,120
VIF1_submit,53817287,5350,1503,0
Dispatch,53736513,87332,1503,0
Static_bag,53725057,98884,1503,0
Bounds,53825343,5904,1503,0
VIF1_DMA_wait,53840613,36456,1503,0
GIF_DMA_wait,53877255,98,1503,0
Packet_qwords,53879236,0,1503,40
VIF1_submit,53879225,4865,1503,0
Dispatch,53836201,49000,1503,0
Static_bag,53824633,60688,1503,0
Object,53227531,658366,1503,2
Bounds,53888473,5082,1503,0
Static_bag,53888021,5660,1503,0
Object,53887683,6253,1503,4
Bounds,53915116,4464,1503,0
Static_bag,53914673,5136,1503,0
Object,53914294,6281,1503,8
Bounds,53923771,3508,1503,0
Static_bag,53923539,3867,1503,0
Object,53923349,4271,1503,9
Bounds,53930059,2871,1503,0
Static_bag,53929864,3210,1503,0
Object,53929658,3577,1503,10
Bounds,53935609,3000,1503,0
Static_bag,53935415,3311,1503,0
Object,53935256,3631,1503,11
Object,53939488,106,1503,12
Object,53940076,58,1503,13
Object,53940634,66,1503,14
Object,53941094,56,1503,15
Object,53941622,70,1503,16
Object,53942228,70,1503,17
Object,53942726,56,1503,18
Object,53943212,70,1503,19
Object,53943712,56,1503,20
Object,53944150,72,1503,21
Object,53944648,72,1503,22
Bounds,53946040,3260,1503,0
Static_bag,53945706,3679,1503,0
Object,53945524,4098,1503,27
Bounds,53950750,2762,1503,0
Static_bag,53950510,3132,1503,0
Object,53950370,3472,1503,30
Bounds,53955943,2858,1503,0
Static_bag,53955699,3223,1503,0
Object,53955562,3590,1503,32
Bounds,53961309,2675,1503,0
Static_bag,53961039,3109,1503,0
Object,53960858,3508,1503,34
Bounds,53967742,3411,1503,0
VIF1_DMA_wait,54005353,416,1503,0
GIF_DMA_wait,54006073,98,1503,0
Packet_qwords,54010406,0,1503,92
VIF1_submit,54010395,5124,1503,0
Dispatch,53979363,37244,1503,0
Static_bag,53967434,49293,1503,0
Bounds,54018128,5022,1503,0
VIF1_DMA_wait,54093341,466,1503,0
GIF_DMA_wait,54094111,98,1503,0
Packet_qwords,54100924,0,1503,141
VIF1_submit,54100913,5140,1503,0
VIF1_DMA_wait,54115565,128332,1503,0
GIF_DMA_wait,54244116,145,1503,0
Packet_qwords,54247634,0,1503,57
VIF1_submit,54247626,4810,1503,0
Dispatch,54030621,222846,1503,0
Static_bag,54017511,236066,1503,0
Bounds,54254882,5131,1503,0
VIF1_DMA_wait,54321763,320,1503,0
GIF_DMA_wait,54322401,96,1503,0
Packet_qwords,54329054,0,1503,141
VIF1_submit,54329043,5119,1503,0
VIF1_DMA_wait,54345470,65023,1503,0
GIF_DMA_wait,54410666,147,1503,0
Packet_qwords,54415157,0,1503,71
VIF1_submit,54415149,4998,1503,0
Dispatch,54268029,152992,1503,0
Static_bag,54254347,166768,1503,0
Bounds,54422618,5879,1503,0
VIF1_DMA_wait,54451211,10624,1503,0
GIF_DMA_wait,54462051,148,1503,0
Packet_qwords,54464930,0,1503,57
VIF1_submit,54464919,4929,1503,0
Dispatch,54436465,34458,1503,0
Static_bag,54421875,49144,1503,0
Bounds,54472324,5128,1503,0
VIF1_DMA_wait,54495173,360,1503,0
GIF_DMA_wait,54495819,43,1503,0
Packet_qwords,54497770,0,1503,43
VIF1_submit,54497759,4817,1503,0
Dispatch,54484623,19108,1503,0
Static_bag,54471793,32070,1503,0
Object,53967184,537245,1503,35
Bounds,54507009,4989,1503,0
VIF1_DMA_wait,54541733,435,1503,0
GIF_DMA_wait,54542427,43,1503,0
Packet_qwords,54544282,0,1503,34
VIF1_submit,54544271,4956,1503,0
Dispatch,54517873,32428,1503,0
Static_bag,54506583,43808,1503,0
Object,54506121,44760,1503,36
Bounds,54556226,4951,1503,0
VIF1_DMA_wait,54595059,408,1503,0
GIF_DMA_wait,54595735,98,1503,0
Packet_qwords,54600122,0,1503,92
VIF1_submit,54600111,4995,1503,0
Dispatch,54569341,36886,1503,0
Static_bag,54555703,50620,1503,0
Bounds,54607496,5004,1503,0
VIF1_DMA_wait,54669263,306,1503,0
GIF_DMA_wait,54669937,43,1503,0
Packet_qwords,54676624,0,1503,141
VIF1_submit,54676613,16102,1503,0
VIF1_DMA_wait,54704037,121302,1503,0
GIF_DMA_wait,54825440,99,1503,0
Packet_qwords,54828861,0,1503,57
VIF1_submit,54828853,4731,1503,0
Dispatch,54619885,214402,1503,0
Static_bag,54607041,227342,1503,0
Bounds,54845072,5503,1503,0
VIF1_DMA_wait,54916777,410,1503,0
GIF_DMA_wait,54917527,92,1503,0
Packet_qwords,54924256,0,1503,141
VIF1_submit,54924245,5021,1503,0
VIF1_DMA_wait,54940550,66385,1503,0
GIF_DMA_wait,55007160,139,1503,0
Packet_qwords,55011737,0,1503,71
VIF1_submit,55011729,4836,1503,0
Dispatch,54859173,158362,1503,0
Static_bag,54844543,173118,1503,0
Bounds,55019080,5649,1503,0
VIF1_DMA_wait,55048427,10394,1503,0
GIF_DMA_wait,55059091,150,1503,0
Packet_qwords,55061990,0,1503,57
VIF1_submit,55061979,4945,1503,0
Dispatch,55033087,34966,1503,0
Static_bag,55018505,49716,1503,0
Bounds,55069456,4898,1503,0
VIF1_DMA_wait,55091711,336,1503,0
GIF_DMA_wait,55092315,43,1503,0
Packet_qwords,55094254,0,1503,43
VIF1_submit,55094243,4825,1503,0
Dispatch,55081491,18760,1503,0
Static_bag,55068947,31428,1503,0
Object,54555369,545642,1503,37
Bounds,55106956,4896,1503,0
VIF1_DMA_wait,55132235,435,1503,0
GIF_DMA_wait,55132983,43,1503,0
Packet_qwords,55135178,0,1503,43
VIF1_submit,55135167,4951,1503,0
Dispatch,55119055,22150,1503,0
Static_bag,55106469,34892,1503,0
Bounds,55142810,16279,1503,0
VIF1_DMA_wait,55188715,440,1503,0
GIF_DMA_wait,55189359,96,1503,0
Packet_qwords,55192472,0,1503,64
VIF1_submit,55192461,5142,1503,0
Dispatch,55167129,31586,1503,0
Static_bag,55142207,56667,1503,0
Bounds,55200518,5551,1503,0
Static_bag,55199781,6433,1503,0
Bounds,55206910,2459,1503,0
Static_bag,55206672,2783,1503,0
Bounds,55210166,3130,1503,0
VIF1_DMA_wait,55230279,443,1503,0
GIF_DMA_wait,55231041,43,1503,0
Packet_qwords,55232878,0,1503,36
VIF1_submit,55232867,4789,1503,0
Dispatch,55220741,18014,1503,0
Static_bag,55209813,29044,1503,0
Object,55106121,133280,1503,39
Bounds,55245058,4784,1503,0
VIF1_DMA_wait,55264911,305,1503,0
GIF_DMA_wait,55265367,43,1503,0
Packet_qwords,55269640,0,1503,92
VIF1_submit,55269629,4975,1503,0
Dispatch,55255437,20242,1503,0
Static_bag,55244561,31244,1503,0
Bounds,55277110,4930,1503,0
VIF1_DMA_wait,55301337,13542,1503,0
GIF_DMA_wait,55315239,98,1503,0
Packet_qwords,55322504,0,1503,141
VIF1_submit,55322493,5220,1503,0
VIF1_DMA_wait,55337625,60490,1503,0
GIF_DMA_wait,55398264,43,1503,0
Packet_qwords,55401244,0,1503,57
VIF1_submit,55401236,4058,1503,0
Dispatch,55287301,118890,1503,0
Static_bag,55276537,129750,1503,0
Bounds,55407736,5429,1503,0
VIF1_DMA_wait,55433531,3217,1503,0
GIF_DMA_wait,55436899,100,1503,0
Packet_qwords,55443326,0,1503,141
VIF1_submit,55443315,5227,1503,0
VIF1_DMA_wait,55472387,44902,1503,0
GIF_DMA_wait,55517631,98,1503,0
Packet_qwords,55522205,0,1503,78
VIF1_submit,55522197,4950,1503,0
Dispatch,55419483,108698,1503,0
Static_bag,55407025,121252,1503,0
Bounds,55530002,5989,1503,0
VIF1_DMA_wait,55548632,23176,1503,0
GIF_DMA_wait,55571953,100,1503,0
Packet_qwords,55574666,0,1503,57
VIF1_submit,55574655,4891,1503,0
Dispatch,55542159,38356,1503,0
Static_bag,55529233,51401,1503,0
Bounds,55581820,5024,1503,0
VIF1_DMA_wait,55607987,378,1503,0
GIF_DMA_wait,55608669,43,1503,0
Packet_qwords,55611614,0,1503,57
VIF1_submit,55611603,5154,1503,0
Dispatch,55591909,35422,1503,0
Static_bag,55581233,46338,1503,0
Object,55244263,383800,1503,41
Bounds,55630545,5208,1503,0
VIF1_DMA_wait,55644109,349,1503,0
GIF_DMA_wait,55644510,44,1503,0
Packet_qwords,55646188,0,1503,34
VIF1_submit,55646177,5107,1503,0
Dispatch,55640549,11748,1503,0
Static_bag,55629967,22444,1503,0
Object,55629585,23354,1503,42
Bounds,55658554,4557,1503,0
VIF1_DMA_wait,55675611,301,1503,0
GIF_DMA_wait,55676093,43,1503,0
Packet_qwords,55679342,0,1503,71
VIF1_submit,55679331,4963,1503,0
Dispatch,55668319,17022,1503,0
Static_bag,55658081,27410,1503,0
Bounds,55686652,5060,1503,0
VIF1_DMA_wait,55710672,275,1503,0
GIF_DMA_wait,55711098,44,1503,0
Packet_qwords,55717258,0,1503,134
VIF1_submit,55717247,5071,1503,0
Dispatch,55697511,25810,1503,0
Static_bag,55686139,37294,1503,0
Bounds,55724606,5248,1503,0
VIF1_DMA_wait,55749497,37606,1503,0
GIF_DMA_wait,55787455,96,1503,0
Packet_qwords,55794490,0,1503,141
VIF1_submit,55794479,5128,1503,0
Dispatch,55735335,65651,1503,0
Static_bag,55724099,76998,1503,0
Bounds,55802522,5513,1503,0
VIF1_DMA_wait,55818919,49325,1503,0
GIF_DMA_wait,55868383,100,1503,0
Packet_qwords,55870406,0,1503,43
VIF1_submit,55870395,4987,1503,0
Dispatch,55814259,62156,1503,0
Static_bag,55801831,74758,1503,0
Bounds,55877884,5254,1503,0
VIF1_DMA_wait,55893324,193,1503,0
GIF_DMA_wait,55893669,43,1503,0
Packet_qwords,55896242,0,1503,57
VIF1_submit,55896231,4861,1503,0
Dispatch,55888083,14032,1503,0
Static_bag,55877351,24900,1503,0
Object,55657678,245147,1503,43
Bounds,55910709,4668,1503,0
Static_bag,55910261,5367,1503,0
Object,55909917,6025,1503,52
Bounds,55921084,2598,1503,0
Static_bag,55920797,3020,1503,0
Object,55920658,3406,1503,59
Bounds,55925534,2518,1503,0
Static_bag,55925196,2993,1503,0
Object,55925000,3352,1503,60
Bounds,55941248,4393,1503,0
VIF1_DMA_wait,55961259,365,1503,0
GIF_DMA_wait,55961877,43,1503,0
Packet_qwords,55965916,0,1503,85
VIF1_submit,55965905,5244,1503,0
Dispatch,55951989,20186,1503,0
Static_bag,55940803,31474,1503,0
Object,55940407,32398,1503,61
Bounds,55976930,5368,1503,0
VIF1_DMA_wait,55997847,5019,1503,0
GIF_DMA_wait,56003000,99,1503,0
Packet_qwords,56006878,0,1503,85
VIF1_submit,56006867,5081,1503,0
Dispatch,55988535,24422,1503,0
Static_bag,55976425,36652,1503,0
Object,55976089,37630,1503,62
Bounds,56017288,4991,1503,0
Static_bag,56016811,5645,1503,0
Object,56016511,6179,1503,63
Bounds,56024356,2469,1503,0
Static_bag,56023955,3000,1503,0
Object,56023802,3416,1503,64
Bounds,56028794,2795,1503,0
Static_bag,56028480,3229,1503,0
Object,56028160,3728,1503,65
Bounds,56033644,3092,1503,0
VIF1_DMA_wait,56051787,329,1503,0
GIF_DMA_wait,56052252,44,1503,0
Packet_qwords,56056232,0,1503,85
VIF1_submit,56056221,5103,1503,0
Dispatch,56043153,19178,1503,0
Static_bag,56033206,29277,1503,0
Object,56032888,30251,1503,66
Bounds,56066890,5267,1503,0
VIF1_DMA_wait,56100323,411,1503,0
GIF_DMA_wait,56101039,43,1503,0
Packet_qwords,56105008,0,1503,85
VIF1_submit,56104997,5220,1503,0
Dispatch,56078595,32830,1503,0
Static_bag,56066359,45202,1503,0
Object,56066049,46022,1503,67
Bounds,56115770,4811,1503,0
Static_bag,56115241,5613,1503,0
Object,56114883,6275,1503,68
Bounds,56122894,2248,1503,0
Static_bag,56122545,2683,1503,0
Object,56122450,3014,1503,69
Bounds,56127568,2933,1503,0
VIF1_DMA_wait,56146101,317,1503,0
GIF_DMA_wait,56146598,44,1503,0
Packet_qwords,56150422,0,1503,78
VIF1_submit,56150411,5029,1503,0
Dispatch,56137509,18940,1503,0
Static_bag,56127202,29397,1503,0
Bounds,56157938,5240,1503,0
VIF1_DMA_wait,56174154,9111,1503,0
GIF_DMA_wait,56183365,100,1503,0
Packet_qwords,56185978,0,1503,57
VIF1_submit,56185967,4853,1503,0
Dispatch,56168289,23572,1503,0
Static_bag,56157283,34720,1503,0
Object,56126952,65619,1503,70
Bounds,56196376,16085,1503,0
VIF1_DMA_wait,56227615,367,1503,0
GIF_DMA_wait,56228203,43,1503,0
Packet_qwords,56231954,0,1503,78
VIF1_submit,56231943,5360,1503,0
Dispatch,56219013,19268,1503,0
Static_bag,56195826,42551,1503,0
Bounds,56240146,17661,1503,0
VIF1_DMA_wait,56270625,359,1503,0
GIF_DMA_wait,56271068,44,1503,0
Packet_qwords,56273704,0,1503,57
VIF1_submit,56273693,5422,1503,0
Dispatch,56264631,15526,1503,0
Static_bag,56239333,40948,1503,0
Object,56195511,85350,1503,71
Bounds,56284876,4487,1503,0
Static_bag,56284249,5333,1503,0
Bounds,56290102,2065,1503,0
Static_bag,56289847,2406,1503,0
Object,56283891,8469,1503,72
Bounds,56294120,2818,1503,0
VIF1_DMA_wait,56310369,317,1503,0
GIF_DMA_wait,56310866,44,1503,0
Packet_qwords,56314520,0,1503,78
VIF1_submit,56314509,5001,1503,0
Dispatch,56302485,18020,1503,0
Static_bag,56293691,26910,1503,0
Bounds,56322050,5154,1503,0
VIF1_DMA_wait,56338398,7317,1503,0
GIF_DMA_wait,56345815,100,1503,0
Packet_qwords,56348428,0,1503,57
VIF1_submit,56348417,4937,1503,0
Dispatch,56332773,21690,1503,0
Static_bag,56321461,33146,1503,0
Object,56293551,61620,1503,73
Bounds,56361872,4708,1503,0
VIF1_DMA_wait,56420289,438,1503,0
GIF_DMA_wait,56421073,92,1503,0
Packet_qwords,56423752,0,1503,50
VIF1_submit,56423741,4968,1503,0
Dispatch,56373687,56222,1503,0
Static_bag,56361437,68568,1503,0
Bounds,56431538,5543,1503,0
VIF1_DMA_wait,56461883,330,1503,0
GIF_DMA_wait,56462481,43,1503,0
Packet_qwords,56465390,0,1503,64
VIF1_submit,56465379,5113,1503,0
Dispatch,56444647,27010,1503,0
Static_bag,56430897,40880,1503,0
Bounds,56473076,5298,1503,0
VIF1_DMA_wait,56501945,264,1503,0
GIF_DMA_wait,56502445,43,1503,0
Packet_qwords,56504324,0,1503,36
VIF1_submit,56504313,5053,1503,0
Dispatch,56486361,24068,1503,0
Static_bag,56472509,38058,1503,0
Object,56360971,150166,1503,75
Bounds,56516072,5146,1503,0
VIF1_DMA_wait,56532217,337,1503,0
GIF_DMA_wait,56532705,43,1503,0
Packet_qwords,56534630,0,1503,43
VIF1_submit,56534619,4815,1503,0
Dispatch,56527189,13320,1503,0
Static_bag,56515613,24992,1503,0
Bounds,56542120,4864,1503,0
VIF1_DMA_wait,56571371,399,1503,0
GIF_DMA_wait,56572075,43,1503,0
Packet_qwords,56575264,0,1503,64
VIF1_submit,56575253,5206,1503,0
Dispatch,56552349,29188,1503,0
Static_bag,56541353,40350,1503,0
Bounds,56583140,5825,1503,0
VIF1_DMA_wait,56598142,195,1503,0
GIF_DMA_wait,56598439,43,1503,0
Packet_qwords,56600008,0,1503,36
VIF1_submit,56599997,4859,1503,0
Dispatch,56595187,10690,1503,0
Static_bag,56582371,23652,1503,0
Object,56515239,91250,1503,76
Bounds,56611330,4678,1503,0
VIF1_DMA_wait,56625195,311,1503,0
GIF_DMA_wait,56625692,44,1503,0
Packet_qwords,56627792,0,1503,43
VIF1_submit,56627781,4905,1503,0
Dispatch,56621175,12596,1503,0
Static_bag,56610949,22954,1503,0
Bounds,56635324,4976,1503,0
VIF1_DMA_wait,56651050,201,1503,0
GIF_DMA_wait,56651389,43,1503,0
Packet_qwords,56654210,0,1503,64
VIF1_submit,56654199,4851,1503,0
Dispatch,56645115,14912,1503,0
Static_bag,56634667,25466,1503,0
Bounds,56661356,5118,1503,0
VIF1_DMA_wait,56675052,873,1503,0
GIF_DMA_wait,56676071,98,1503,0
Packet_qwords,56677802,0,1503,36
VIF1_submit,56677791,4863,1503,0
Dispatch,56672289,11264,1503,0
Static_bag,56660827,22828,1503,0
Object,56610643,73630,1503,77
Bounds,56689022,4708,1503,0
VIF1_DMA_wait,56702755,325,1503,0
GIF_DMA_wait,56703132,54,1503,0
Packet_qwords,56705198,0,1503,43
VIF1_submit,56705187,15356,1503,0
Dispatch,56698851,23156,1503,0
Static_bag,56688631,33580,1503,0
Bounds,56723750,5341,1503,0
VIF1_DMA_wait,56741251,367,1503,0
GIF_DMA_wait,56741768,44,1503,0
Packet_qwords,56744702,0,1503,64
VIF1_submit,56744691,5173,1503,0
Dispatch,56734615,16322,1503,0
Static_bag,56723131,27942,1503,0
Bounds,56752406,5386,1503,0
VIF1_DMA_wait,56766191,670,1503,0
GIF_DMA_wait,56766961,112,1503,0
Packet_qwords,56768578,0,1503,36
VIF1_submit,56768567,4835,1503,0
Dispatch,56763405,11012,1503,0
Static_bag,56751815,22712,1503,0
Object,56688321,86724,1503,78
Bounds,56779964,4704,1503,0
VIF1_DMA_wait,56794269,341,1503,0
GIF_DMA_wait,56794796,44,1503,0
Packet_qwords,56796878,0,1503,43
VIF1_submit,56796867,15176,1503,0
Dispatch,56790237,23316,1503,0
Static_bag,56779507,34200,1503,0
Bounds,56815268,5479,1503,0
VIF1_DMA_wait,56833305,313,1503,0
GIF_DMA_wait,56833794,44,1503,0
Packet_qwords,56836754,0,1503,64
VIF1_submit,56836743,5277,1503,0
Dispatch,56826283,16800,1503,0
Static_bag,56814631,28572,1503,0
Bounds,56844476,5232,1503,0
VIF1_DMA_wait,56858408,631,1503,0
GIF_DMA_wait,56859183,98,1503,0
Packet_qwords,56860870,0,1503,36
VIF1_submit,56860859,4811,1503,0
Dispatch,56855685,21890,1503,0
Static_bag,56843795,33984,1503,0
Object,56779201,99040,1503,79
Bounds,56883636,5215,1503,0
VIF1_DMA_wait,56899287,347,1503,0
GIF_DMA_wait,56899770,44,1503,0
Packet_qwords,56901836,0,1503,43
VIF1_submit,56901825,5228,1503,0
Dispatch,56894809,13360,1503,0
Static_bag,56883013,25252,1503,0
Bounds,56909722,5086,1503,0
VIF1_DMA_wait,56925792,275,1503,0
GIF_DMA_wait,56926167,43,1503,0
Packet_qwords,56929118,0,1503,64
VIF1_submit,56929107,4879,1503,0
Dispatch,56919897,15080,1503,0
Static_bag,56909051,26076,1503,0
Bounds,56936524,5486,1503,0
VIF1_DMA_wait,56950073,724,1503,0
GIF_DMA_wait,56950949,98,1503,0
Packet_qwords,56952556,0,1503,36
VIF1_submit,56952545,4817,1503,0
Dispatch,56947395,10966,1503,0
Static_bag,56935859,22620,1503,0
Object,56882620,76415,1503,80
Bounds,56975344,4419,1503,0
Static_bag,56974847,5223,1503,0
Bounds,56980616,2325,1503,0
Static_bag,56980385,2694,1503,0
Object,56974528,8694,1503,99
Bounds,56984714,2392,1503,0
Static_bag,56984457,2735,1503,0
Bounds,56987680,2072,1503,0
Static_bag,56987469,2369,1503,0
Object,56984331,5731,1503,100
Bounds,56991830,2583,1503,0
Static_bag,56991519,3109,1503,0
Bounds,56995018,2176,1503,0
Static_bag,56994789,2615,1503,0
Object,56991343,6297,1503,101
Bounds,56999212,2289,1503,0
Static_bag,56998929,2658,1503,0
Bounds,57002014,2008,1503,0
Static_bag,57001765,2343,1503,0
Object,56998796,5528,1503,102
Bounds,57005854,2612,1503,0
Static_bag,57005583,2999,1503,0
Bounds,57008956,2638,1503,0
Static_bag,57008718,3056,1503,0
Object,57005457,6499,1503,103
Bounds,57013576,2548,1503,0
Static_bag,57013323,2981,1503,0
Bounds,57016712,2394,1503,0
Static_bag,57016437,2755,1503,0
Object,57013148,6288,1503,104
Bounds,57036152,4615,1503,0
VIF1_DMA_wait,57053949,371,1503,0
GIF_DMA_wait,57054555,43,1503,0
Packet_qwords,57057632,0,1503,64
VIF1_submit,57057621,5112,1503,0
Dispatch,57046869,16810,1503,0
Static_bag,57035613,28288,1503,0
Bounds,57065296,5666,1503,0
VIF1_DMA_wait,57080206,201,1503,0
GIF_DMA_wait,57080558,44,1503,0
Packet_qwords,57082444,0,1503,43
VIF1_submit,57082433,4783,1503,0
Dispatch,57076539,11741,1503,0
Static_bag,57064639,23734,1503,0
Object,57035173,53752,1503,108
Bounds,57092950,4970,1503,0
VIF1_DMA_wait,57110095,313,1503,0
GIF_DMA_wait,57110544,44,1503,0
Packet_qwords,57113656,0,1503,64
VIF1_submit,57113645,4847,1503,0
Dispatch,57103431,16022,1503,0
Static_bag,57092383,27166,1503,0
Bounds,57121256,5794,1503,0
VIF1_DMA_wait,57136612,207,1503,0
GIF_DMA_wait,57136921,43,1503,0
Packet_qwords,57138836,0,1503,43
VIF1_submit,57138825,4767,1503,0
Dispatch,57132801,11834,1503,0
Static_bag,57120497,24288,1503,0
Object,57092077,53320,1503,109
Bounds,57149332,4577,1503,0
Static_bag,57148793,5326,1503,0
Bounds,57154640,2530,1503,0
Static_bag,57154383,2958,1503,0
Object,57148477,9015,1503,110
Bounds,57158758,2355,1503,0
Static_bag,57158523,2676,1503,0
Object,57158388,2974,1503,111
Bounds,57162722,2397,1503,0
Static_bag,57162351,2896,1503,0
Object,57162265,3173,1503,112
Bounds,57166858,2403,1503,0
Static_bag,57166617,2780,1503,0
Object,57166482,3100,1503,113
Bounds,57170524,2519,1503,0
Static_bag,57170254,2917,1503,0
Object,57170080,3296,1503,114
Object,57173922,174,1503,115
Object,57174592,74,1503,116
Object,57175144,116,1503,117
Object,57175702,72,1503,118
Object,57176224,102,1503,119
Object,57176830,56,1503,120
Bounds,57192670,5421,1503,0
VIF1_DMA_wait,57253235,436,1503,0
GIF_DMA_wait,57253923,96,1503,0
Packet_qwords,57260378,0,1503,134
VIF1_submit,57260367,5262,1503,0
Dispatch,57206803,59946,1503,0
Static_bag,57192159,74692,1503,0
Bounds,57387523,5354,1503,0
VIF1_DMA_wait,57457055,490,1503,0
GIF_DMA_wait,57457855,98,1503,0
Packet_qwords,57464398,0,1503,138
VIF1_submit,57464387,5428,1503,0
Dispatch,57400923,70046,1503,0
Static_bag,57386973,84106,1503,0
Object,57191791,279652,1503,121
Bounds,57478229,5822,1503,0
Static_bag,57477467,6737,1503,0
Bounds,57505903,5419,1503,0
Static_bag,57505465,6183,1503,0
Bounds,57512474,3383,1503,0
VIF1_DMA_wait,57595987,482,1503,0
GIF_DMA_wait,57596839,102,1503,0
Packet_qwords,57603716,0,1503,141
VIF1_submit,57603705,4998,1503,0
VIF1_DMA_wait,57616119,61878,1503,0
GIF_DMA_wait,57678246,145,1503,0
Packet_qwords,57680756,0,1503,36
VIF1_submit,57680748,4648,1503,0
Dispatch,57525843,160462,1503,0
Static_bag,57512055,174346,1503,0
Bounds,57933103,5282,1503,0
VIF1_DMA_wait,58036649,496,1503,0
GIF_DMA_wait,58037449,98,1503,0
Packet_qwords,58044356,0,1503,145
VIF1_submit,58044345,5190,1503,0
VIF1_DMA_wait,58057317,73776,1503,0
GIF_DMA_wait,58131356,147,1503,0
Packet_qwords,58133882,0,1503,36
VIF1_submit,58133874,4570,1503,0
Dispatch,57946455,192994,1503,0
Static_bag,57932595,206950,1503,0
Object,57477039,662892,1503,122
Bounds,58146418,6359,1503,0
VIF1_DMA_wait,58170999,336,1503,0
GIF_DMA_wait,58171557,102,1503,0
Packet_qwords,58175780,0,1503,85
VIF1_submit,58175769,5004,1503,0
Dispatch,58160271,21518,1503,0
Static_bag,58145763,36124,1503,0
Object,58145353,37240,1503,134
Object,58184540,424,1503,135
Object,58185452,56,1503,136
Object,58185988,72,1503,137
Object,58186444,90,1503,138
Object,58186954,96,1503,139
Object,58187503,53,1503,140
Object,58187990,170,1503,141
Object,58188802,84,1503,142
Objects,53219459,4971406,1503,0
Bounds,58500860,163891,1503,0
VIF1_DMA_wait,58686021,305,1503,0
GIF_DMA_wait,58686651,47,1503,0
Packet_qwords,58693198,0,1503,141
VIF1_submit,58693187,5158,1503,0
VIF1_DMA_wait,58712881,54410,1503,0
GIF_DMA_wait,58767548,44,1503,0
Packet_qwords,58774082,0,1503,113
VIF1_submit,58774074,4828,1503,0
VIF1_DMA_wait,58794585,52678,1503,0
GIF_DMA_wait,58847358,41,1503,0
Packet_qwords,58852912,0,1503,113
VIF1_submit,58852904,4568,1503,0
VIF1_DMA_wait,58863997,61952,1503,0
GIF_DMA_wait,58926194,99,1503,0
Packet_qwords,58929022,0,1503,36
VIF1_submit,58929014,4388,1503,0
Dispatch,58671661,262812,1503,0
Static_bag,58500317,434256,1503,0
Bounds,58973822,17429,1503,0
VIF1_DMA_wait,59012625,480,1503,0
GIF_DMA_wait,59013483,102,1503,0
Packet_qwords,59015954,0,1503,50
VIF1_submit,59015943,5412,1503,0
Dispatch,58999365,23200,1503,0
Static_bag,58973297,49404,1503,0
Bounds,59176742,78853,1503,0
VIF1_DMA_wait,59295851,502,1503,0
GIF_DMA_wait,59296753,102,1503,0
Packet_qwords,59300576,0,1503,78
VIF1_submit,59300565,5034,1503,0
Dispatch,59263977,42928,1503,0
Static_bag,59176211,130806,1503,0
Wheels,58190943,1116624,1503,0
Animation,59307668,221,1503,0
Shadow_decals,59308055,120,1503,0
Mirrors,59308337,1,1503,0
Portal_surfaces,59308429,1,1503,0
Light_pools,59308516,3407,1503,0
GS_FINISH_wait,59370269,398,1503,0
Align3D,59354412,16533,1503,0
Bounds,59383082,6137,1503,0
VIF1_DMA_wait,59413179,444,1503,0
GIF_DMA_wait,59413843,98,1503,0
Packet_qwords,59420534,0,1503,141
VIF1_submit,59420523,5142,1503,0
VIF1_DMA_wait,59442902,51467,1503,0
GIF_DMA_wait,59494508,41,1503,0
Packet_qwords,59500060,0,1503,113
VIF1_submit,59500052,4436,1503,0
Dispatch,59396741,108873,1503,0
Static_bag,59382569,123174,1503,0
Bounds,59507096,18121,1503,0
VIF1_DMA_wait,59545077,27414,1503,0
GIF_DMA_wait,59572735,100,1503,0
Packet_qwords,59578220,0,1503,120
VIF1_submit,59578209,5443,1503,0
Dispatch,59532461,52248,1503,0
Static_bag,59506552,78279,1503,0
Bounds,59586303,5613,1503,0
VIF1_DMA_wait,59599458,38232,1503,0
GIF_DMA_wait,59637783,92,1503,0
Packet_qwords,59639650,0,1503,40
VIF1_submit,59639639,4948,1503,0
Dispatch,59595877,49762,1503,0
Static_bag,59585659,60100,1503,0
GS_FINISH_wait,59702691,532,1503,0
Align3D,59698193,5308,1503,0
Bounds,59715100,5903,1503,0
VIF1_DMA_wait,59742981,468,1503,0
GIF_DMA_wait,59743677,96,1503,0
Packet_qwords,59750378,0,1503,141
VIF1_submit,59750367,5064,1503,0
Dispatch,59728413,28355,1503,0
Static_bag,59714595,42284,1503,0
GS_FINISH_wait,59833863,592,1503,0
Align3D,59764469,70250,1503,0
Bounds,59892905,10768,1503,0
GS_FINISH_wait,59911101,495,1503,0
Align3D,59905346,6444,1503,0
VIF1_DMA_wait,59924463,300,1503,0
GIF_DMA_wait,59924925,102,1503,0
Packet_qwords,59927176,0,1503,42
VIF1_submit,59927165,4366,1503,0
GS_FINISH_wait,59937303,19249,1503,0
Align3D,59932744,23960,1503,0
Dispatch,59919713,39849,1503,0
Static_bag,59892377,67272,1503,0
Bounds,60025817,10240,1503,0
GS_FINISH_wait,60045255,532,1503,0
Align3D,60039408,6523,1503,0
VIF1_DMA_wait,60077827,402,1503,0
GIF_DMA_wait,60078579,102,1503,0
Packet_qwords,60080834,0,1503,42
VIF1_submit,60080823,4662,1503,0
GS_FINISH_wait,60091365,12934,1503,0
Align3D,60086730,17713,1503,0
Dispatch,60053531,53721,1503,0
Static_bag,60025307,82032,1503,0
Projected_shadows,59311999,796006,1503,0
Bounds,60113467,7838,1503,0
Static_bag,60113121,8359,1503,0
Bounds,60125252,4843,1503,0
Static_bag,60125021,5212,1503,0
Bounds,60145685,7358,1503,0
VIF1_DMA_wait,60169789,440,1503,0
GIF_DMA_wait,60170491,98,1503,0
Packet_qwords,60172520,0,1503,36
VIF1_submit,60172509,5346,1503,0
Dispatch,60162117,16898,1503,0
Static_bag,60145103,34008,1503,0
Blob_shadows,60108123,71332,1503,0
Light_beams,60179585,3048,1503,0
Highlights_and_outlines,60182707,1,1503,0
Bounds,60200642,7955,1503,0
VIF1_DMA_wait,60222810,399,1503,0
GIF_DMA_wait,60223561,102,1503,0
Packet_qwords,60225172,0,1503,34
VIF1_submit,60225161,5513,1503,0
Dispatch,60216123,15596,1503,0
Static_bag,60200237,31578,1503,0
Particles,60182801,49264,1503,0
Scene,48246941,11985302,1503,0
GS_FINISH_wait,60240915,532,1503,0
Align3D,60236922,4697,1503,0
GS_FINISH_wait,60419715,552,1503,0
Align3D,60414456,6071,1503,0
PostFx,60414031,135034,1503,0
Present,60549725,4320456,1503,0
EndFrame,60259265,4611183,1503,0
Game,47209429,17670424,1503,0
Info,64880055,354,1503,0
Frame,47186430,17694593,1503,0
Pad,64881638,7959,1504,0
Update,64890075,2161554,1504,0
Portal,67340151,162,1504,0
Bounds,67341624,22743,1504,0
VIF1_DMA_wait,67406313,492,1504,0
GIF_DMA_wait,67407063,96,1504,0
Packet_qwords,67411348,0,1504,88
VIF1_submit,67411337,5382,1504,0
Dispatch,67371777,46046,1504,0
Static_bag,67341059,76866,1504,0
Bounds,67420600,8213,1504,0
Static_bag,67420233,8683,1504,0
Sky,67340596,88957,1504,0
Bounds,67433416,3776,1504,0
VIF1_DMA_wait,67534883,436,1504,0
GIF_DMA_wait,67535623,98,1504,0
Packet_qwords,67542436,0,1504,141
VIF1_submit,67542425,5266,1504,0
VIF1_DMA_wait,67554954,125235,1504,0
GIF_DMA_wait,67680476,99,1504,0
Packet_qwords,67683416,0,1504,36
VIF1_submit,67683408,4528,1504,0
Dispatch,67445349,243708,1504,0
Static_bag,67433095,256130,1504,0
Bounds,67691324,5819,1504,0
Static_bag,67690569,6727,1504,0
Bounds,67697974,3333,1504,0
VIF1_DMA_wait,67728849,443,1504,0
GIF_DMA_wait,67729461,43,1504,0
Packet_qwords,67732202,0,1504,57
VIF1_submit,67732191,4968,1504,0
Dispatch,67708653,29614,1504,0
Static_bag,67697758,40633,1504,0
Bounds,67739835,5355,1504,0
VIF1_DMA_wait,67783631,430,1504,0
GIF_DMA_wait,67784373,96,1504,0
Packet_qwords,67787414,0,1504,57
VIF1_submit,67787403,5022,1504,0
Dispatch,67752189,41572,1504,0
Static_bag,67739499,54416,1504,0
Bounds,67795822,5565,1504,0
Static_bag,67795185,6307,1504,0
Bounds,67802212,2501,1504,0
Static_bag,67801936,2863,1504,0
Bounds,67805554,3095,1504,0
VIF1_DMA_wait,67827891,217,1504,0
GIF_DMA_wait,67828207,43,1504,0
Packet_qwords,67834694,0,1504,141
VIF1_submit,67834683,4932,1504,0
VIF1_DMA_wait,67847268,61015,1504,0
GIF_DMA_wait,67908378,43,1504,0
Packet_qwords,67910874,0,1504,43
VIF1_submit,67910866,3942,1504,0
Dispatch,67813795,101970,1504,0
Static_bag,67805225,110636,1504,0
Bounds,67917273,5019,1504,0
VIF1_DMA_wait,67997995,412,1504,0
GIF_DMA_wait,67998709,43,1504,0
Packet_qwords,68005534,0,1504,141
VIF1_submit,68005523,5086,1504,0
VIF1_DMA_wait,68017530,61801,1504,0
GIF_DMA_wait,68079464,41,1504,0
Packet_qwords,68081622,0,1504,36
VIF1_submit,68081614,14221,1504,0
Dispatch,67941567,155762,1504,0
Static_bag,67916855,180596,1504,0
Bounds,68099560,6105,1504,0
VIF1_DMA_wait,68165315,387,1504,0
GIF_DMA_wait,68166055,43,1504,0
Packet_qwords,68172782,0,1504,141
VIF1_submit,68172771,5172,1504,0
VIF1_DMA_wait,68198889,48306,1504,0
GIF_DMA_wait,68247452,145,1504,0
Packet_qwords,68250736,0,1504,43
VIF1_submit,68250728,4706,1504,0
Dispatch,68113333,143256,1504,0
Static_bag,68098791,157900,1504,0
Bounds,68258740,5535,1504,0
Static_bag,68258011,6369,1504,0
Bounds,68265056,2618,1504,0
Static_bag,68264754,3006,1504,0
Bounds,68268508,2333,1504,0
Static_bag,68268284,2644,1504,0
Bounds,68271670,2355,1504,0
Static_bag,68271340,2875,1504,0
Bounds,68274796,2550,1504,0
Static_bag,68274616,2865,1504,0
Bounds,68278100,2151,1504,0
Static_bag,68277868,2505,1504,0
Bounds,68280946,2336,1504,0
Static_bag,68280756,2686,1504,0
Bounds,68283994,2867,1504,0
VIF1_DMA_wait,68306613,317,1504,0
GIF_DMA_wait,68307145,43,1504,0
Packet_qwords,68313700,0,1504,141
VIF1_submit,68313689,4900,1504,0
VIF1_DMA_wait,68326095,61348,1504,0
GIF_DMA_wait,68387588,41,1504,0
Packet_qwords,68390068,0,1504,43
VIF1_submit,68390060,14210,1504,0
Dispatch,68292233,113478,1504,0
Static_bag,68283816,121991,1504,0
Bounds,68407900,5999,1504,0
Static_bag,68407223,6844,1504,0
Bounds,68414674,3417,1504,0
Static_bag,68414465,3804,1504,0
Bounds,68418844,3381,1504,0
VIF1_DMA_wait,68462641,415,1504,0
GIF_DMA_wait,68463391,43,1504,0
Packet_qwords,68470168,0,1504,141
VIF1_submit,68470157,5200,1504,0
VIF1_DMA_wait,68483053,60810,1504,0
GIF_DMA_wait,68543958,41,1504,0
Packet_qwords,68546452,0,1504,43
VIF1_submit,68546444,14967,1504,0
Dispatch,68429151,133750,1504,0
Static_bag,68418664,144397,1504,0
Bounds,68565034,6029,1504,0
VIF1_DMA_wait,68610743,423,1504,0
GIF_DMA_wait,68611473,43,1504,0
Packet_qwords,68618156,0,1504,141
VIF1_submit,68618145,5328,1504,0
VIF1_DMA_wait,68631355,61062,1504,0
GIF_DMA_wait,68692512,41,1504,0
Packet_qwords,68694954,0,1504,43
VIF1_submit,68694946,4014,1504,0
Dispatch,68578795,121098,1504,0
Static_bag,68564409,135610,1504,0
Bounds,68701591,17226,1504,0
Static_bag,68701125,18051,1504,0
Bounds,68720444,2608,1504,0
Static_bag,68720053,3085,1504,0
Bounds,68723776,2871,1504,0
VIF1_DMA_wait,68798147,472,1504,0
GIF_DMA_wait,68798961,90,1504,0
Packet_qwords,68806154,0,1504,134
VIF1_submit,68806143,5184,1504,0
Dispatch,68733795,78934,1504,0
Static_bag,68723598,89298,1504,0
Bounds,68814626,6173,1504,0
VIF1_DMA_wait,68895827,436,1504,0
GIF_DMA_wait,68896563,96,1504,0
Packet_qwords,68902730,0,1504,127
VIF1_submit,68902719,5076,1504,0
Dispatch,68829117,79918,1504,0
Static_bag,68814051,95150,1504,0
Terrain,67429685,1480290,1504,0
Bounds,68912037,5604,1504,0
VIF1_DMA_wait,68935786,31382,1504,0
GIF_DMA_wait,68967457,100,1504,0
Packet_qwords,68969108,0,1504,34
VIF1_submit,68969097,5047,1504,0
Dispatch,68924397,50728,1504,0
Static_bag,68911515,63710,1504,0
Bounds,68976825,4396,1504,0
Static_bag,68976359,4967,1504,0
Bounds,68982157,2658,1504,0
VIF1_DMA_wait,69008005,316,1504,0
GIF_DMA_wait,69008625,43,1504,0
Packet_qwords,69010624,0,1504,40
VIF1_submit,69010613,5057,1504,0
Dispatch,68990973,25894,1504,0
Static_bag,68981909,35064,1504,0
Bounds,69029636,5699,1504,0
VIF1_DMA_wait,69045855,384,1504,0
GIF_DMA_wait,69046453,98,1504,0
Packet_qwords,69048212,0,1504,36
VIF1_submit,69048201,5322,1504,0
Dispatch,69041983,12652,1504,0
Static_bag,69029045,25686,1504,0
Bounds,69056300,4834,1504,0
VIF1_DMA_wait,69081037,356,1504,0
GIF_DMA_wait,69081638,97,1504,0
Packet_qwords,69084460,0,1504,57
VIF1_submit,69084449,5045,1504,0
Dispatch,69067581,23336,1504,0
Static_bag,69055895,35142,1504,0
Bounds,69092800,5158,1504,0
VIF1_DMA_wait,69122857,298,1504,0
GIF_DMA_wait,69123397,43,1504,0
Packet_qwords,69125368,0,1504,43
VIF1_submit,69125357,5093,1504,0
Dispatch,69104811,26924,1504,0
Static_bag,69092199,39664,1504,0
Bounds,69133401,4817,1504,0
VIF1_DMA_wait,69161831,300,1504,0
GIF_DMA_wait,69162325,43,1504,0
Packet_qwords,69164272,0,1504,40
VIF1_submit,69164261,4865,1504,0
Dispatch,69144301,26100,1504,0
Static_bag,69133031,37476,1504,0
Bounds,69172047,16188,1504,0
Static_bag,69171665,16951,1504,0
Static_batches,68910013,279002,1504,0
Bounds,69190128,2693,1504,0
Static_bag,69189769,3186,1504,0
Bounds,69193594,2164,1504,0
Static_bag,69193341,2560,1504,0
Bounds,69196468,2116,1504,0
Static_bag,69196252,2523,1504,0
Bounds,69199376,2134,1504,0
Static_bag,69199109,2538,1504,0
Bounds,69202274,1980,1504,0
Static_bag,69202005,2392,1504,0
Bounds,69205016,2322,1504,0
Static_bag,69204747,2804,1504,0
Bounds,69208166,2514,1504,0
Static_bag,69207831,3032,1504,0
Bounds,69211418,2022,1504,0
Static_bag,69211143,2470,1504,0
Bounds,69214244,2416,1504,0
Static_bag,69213969,2866,1504,0
Bounds,69217438,2158,1504,0
Static_bag,69217223,2510,1504,0
Bounds,69220322,2316,1504,0
Static_bag,69220041,2818,1504,0
Bounds,69223486,2252,1504,0
Static_bag,69223179,2702,1504,0
Bounds,69226522,2078,1504,0
Static_bag,69226239,2498,1504,0
Bounds,69229358,2152,1504,0
Static_bag,69229079,2574,1504,0
Bounds,69232252,2348,1504,0
Static_bag,69231963,2818,1504,0
Bounds,69235312,2302,1504,0
Static_bag,69235103,2736,1504,0
Bounds,69238564,2589,1504,0
Static_bag,69238163,3204,1504,0
Bounds,69242032,2535,1504,0
Static_bag,69241756,3001,1504,0
Bounds,69245272,2463,1504,0
Static_bag,69245067,2894,1504,0
Bounds,69248572,2205,1504,0
Static_bag,69248321,2592,1504,0
Bounds,69251540,2249,1504,0
Static_bag,69251333,2598,1504,0
Bounds,69254522,2237,1504,0
Static_bag,69254253,2762,1504,0
Bounds,69257540,2711,1504,0
Static_bag,69257295,3082,1504,0
Bounds,69260908,2397,1504,0
Static_bag,69260655,2842,1504,0
Bounds,69264076,2485,1504,0
Static_bag,69263849,2900,1504,0
Bounds,69267430,2569,1504,0
Static_bag,69267190,2997,1504,0
Bounds,69270740,2537,1504,0
Static_bag,69270507,3004,1504,0
Bounds,69274078,2891,1504,0
VIF1_DMA_wait,69314393,490,1504,0
GIF_DMA_wait,69315271,102,1504,0
Packet_qwords,69318460,0,1504,64
VIF1_submit,69318449,4992,1504,0
Dispatch,69285129,39458,1504,0
Static_bag,69273827,50874,1504,0
Bounds,69325934,17737,1504,0
VIF1_DMA_wait,69416757,438,1504,0
GIF_DMA_wait,69417499,98,1504,0
Packet_qwords,69424250,0,1504,141
VIF1_submit,69424239,5292,1504,0
VIF1_DMA_wait,69439221,60132,1504,0
GIF_DMA_wait,69499526,137,1504,0
Packet_qwords,69503084,0,1504,57
VIF1_submit,69503076,4834,1504,0
Dispatch,69351809,157142,1504,0
Static_bag,69325509,183538,1504,0
Bounds,69510688,6209,1504,0
VIF1_DMA_wait,69538851,353,1504,0
GIF_DMA_wait,69539392,99,1504,0
Packet_qwords,69545852,0,1504,141
VIF1_submit,69545841,5239,1504,0
VIF1_DMA_wait,69560213,59780,1504,0
GIF_DMA_wait,69620088,41,1504,0
Packet_qwords,69623160,0,1504,57
VIF1_submit,69623152,4068,1504,0
Dispatch,69524111,103982,1504,0
Static_bag,69509999,118232,1504,0
Bounds,69629330,5234,1504,0
VIF1_DMA_wait,69667439,444,1504,0
GIF_DMA_wait,69668245,43,1504,0
Packet_qwords,69674938,0,1504,141
VIF1_submit,69674927,5266,1504,0
VIF1_DMA_wait,69689549,59504,1504,0
GIF_DMA_wait,69749148,41,1504,0
Packet_qwords,69752166,0,1504,57
VIF1_submit,69752158,4140,1504,0
Dispatch,69640143,117034,1504,0
Static_bag,69628905,128366,1504,0
Bounds,69758830,5853,1504,0
VIF1_DMA_wait,69782421,4587,1504,0
GIF_DMA_wait,69787107,154,1504,0
Packet_qwords,69792274,0,1504,113
VIF1_submit,69792263,5323,1504,0
Dispatch,69771285,27268,1504,0
Static_bag,69758223,40426,1504,0
Bounds,69799930,18525,1504,0
VIF1_DMA_wait,69831009,16128,1504,0
GIF_DMA_wait,69847329,98,1504,0
Packet_qwords,69849758,0,1504,50
VIF1_submit,69849747,5390,1504,0
Dispatch,69825539,30662,1504,0
Static_bag,69799563,56770,1504,0
Bounds,69857948,5392,1504,0
VIF1_DMA_wait,69873063,353,1504,0
GIF_DMA_wait,69873561,96,1504,0
Packet_qwords,69875908,0,1504,50
VIF1_submit,69875897,4895,1504,0
Dispatch,69868815,12946,1504,0
Static_bag,69857231,24686,1504,0
Bounds,69883108,5126,1504,0
VIF1_DMA_wait,69906180,375,1504,0
GIF_DMA_wait,69906861,43,1504,0
Packet_qwords,69909122,0,1504,50
VIF1_submit,69909111,4915,1504,0
Dispatch,69895203,19994,1504,0
Static_bag,69882657,32636,1504,0
Bounds,69916654,5482,1504,0
VIF1_DMA_wait,69937719,416,1504,0
GIF_DMA_wait,69938395,98,1504,0
Packet_qwords,69940364,0,1504,36
VIF1_submit,69940353,4863,1504,0
Dispatch,69929303,16874,1504,0
Static_bag,69916113,30176,1504,0
Bounds,69947452,4545,1504,0
Static_bag,69946937,5279,1504,0
Bounds,69952858,2436,1504,0
Static_bag,69952604,2825,1504,0
Bounds,69956050,14641,1504,0
Static_bag,69955787,15213,1504,0
Bounds,69971902,2690,1504,0
Static_bag,69971575,3286,1504,0
Bounds,69975398,2209,1504,0
Static_bag,69975183,2618,1504,0
Bounds,69978424,2084,1504,0
Static_bag,69978167,2478,1504,0
Bounds,69981208,2152,1504,0
Static_bag,69980949,2540,1504,0
Bounds,69984080,12105,1504,0
Static_bag,69983861,12721,1504,0
Bounds,69997514,2801,1504,0
VIF1_DMA_wait,70030503,462,1504,0
GIF_DMA_wait,70031233,98,1504,0
Packet_qwords,70033682,0,1504,50
VIF1_submit,70033671,5484,1504,0
Dispatch,70008093,32340,1504,0
Static_bag,69997129,43422,1504,0
Bounds,70041892,5632,1504,0
VIF1_DMA_wait,70058459,300,1504,0
GIF_DMA_wait,70058859,43,1504,0
Packet_qwords,70061122,0,1504,50
VIF1_submit,70061111,4945,1504,0
Dispatch,70053729,13124,1504,0
Static_bag,70041435,25514,1504,0
Bounds,70067878,4652,1504,0
VIF1_DMA_wait,70082098,43133,1504,0
GIF_DMA_wait,70125513,204,1504,0
Packet_qwords,70128080,0,1504,50
VIF1_submit,70128069,5190,1504,0
Dispatch,70077771,56690,1504,0
Static_bag,70067539,67104,1504,0
Bounds,70136266,5697,1504,0
VIF1_DMA_wait,70152565,343,1504,0
GIF_DMA_wait,70153086,44,1504,0
Packet_qwords,70155418,0,1504,50
VIF1_submit,70155407,4967,1504,0
Dispatch,70147639,13834,1504,0
Static_bag,70135629,25964,1504,0
Bounds,70162628,5098,1504,0
VIF1_DMA_wait,70175964,235,1504,0
GIF_DMA_wait,70176351,43,1504,0
Packet_qwords,70177852,0,1504,36
VIF1_submit,70177841,4885,1504,0
Dispatch,70173267,10480,1504,0
Static_bag,70162221,21644,1504,0
Bounds,70184932,4605,1504,0
Static_bag,70184551,5191,1504,0
Bounds,70190354,2380,1504,0
Static_bag,70190085,2735,1504,0
Bounds,70193434,2554,1504,0
VIF1_DMA_wait,70211777,442,1504,0
GIF_DMA_wait,70212531,90,1504,0
Packet_qwords,70214534,0,1504,36
VIF1_submit,70214523,4911,1504,0
Dispatch,70202859,17594,1504,0
Static_bag,70193169,27380,1504,0
Bounds,70221946,4618,1504,0
VIF1_DMA_wait,70244163,338,1504,0
GIF_DMA_wait,70244715,96,1504,0
Packet_qwords,70247068,0,1504,50
VIF1_submit,70247057,4985,1504,0
Dispatch,70233417,19808,1504,0
Static_bag,70221525,31852,1504,0
Bounds,70254748,5170,1504,0
VIF1_DMA_wait,70288467,438,1504,0
GIF_DMA_wait,70289241,96,1504,0
Packet_qwords,70291228,0,1504,36
VIF1_submit,70291217,5056,1504,0
Dispatch,70267263,30106,1504,0
Static_bag,70254297,43180,1504,0
Bounds,70298804,4613,1504,0
Static_bag,70298265,5257,1504,0
Bounds,70304140,2143,1504,0
Static_bag,70303893,2476,1504,0
Bounds,70306990,2293,1504,0
Static_bag,70306685,2734,1504,0
Bounds,70310024,2423,1504,0
Static_bag,70309739,2794,1504,0
Bounds,70313230,2367,1504,0
Static_bag,70312942,2741,1504,0
Bounds,70316308,2142,1504,0
Static_bag,70315997,2583,1504,0
Bounds,70319186,2082,1504,0
Static_bag,70318901,2453,1504,0
Bounds,70322030,2040,1504,0
Static_bag,70321733,2452,1504,0
Bounds,70324784,2084,1504,0
Static_bag,70324499,2455,1504,0
Bounds,70327606,2040,1504,0
Static_bag,70327325,2407,1504,0
Bounds,70330468,1966,1504,0
Static_bag,70330097,2472,1504,0
Bounds,70333184,1928,1504,0
Static_bag,70332899,2299,1504,0
Bounds,70335856,1972,1504,0
Static_bag,70335569,2345,1504,0
Bounds,70338518,2028,1504,0
Static_bag,70338233,2445,1504,0
Bounds,70341280,2519,1504,0
Static_bag,70340999,2886,1504,0
Bounds,70344574,2757,1504,0
VIF1_DMA_wait,70365861,431,1504,0
GIF_DMA_wait,70366561,98,1504,0
Packet_qwords,70368680,0,1504,43
VIF1_submit,70368669,5005,1504,0
Dispatch,70355071,19686,1504,0
Static_bag,70344257,30618,1504,0
Bounds,70376210,5284,1504,0
VIF1_DMA_wait,70391382,299,1504,0
GIF_DMA_wait,70391781,43,1504,0
Packet_qwords,70394038,0,1504,50
VIF1_submit,70394027,4979,1504,0
Dispatch,70387005,12992,1504,0
Static_bag,70375707,24467,1504,0
Bounds,70401370,5158,1504,0
VIF1_DMA_wait,70415964,223,1504,0
GIF_DMA_wait,70416344,44,1504,0
Packet_qwords,70418492,0,1504,50
VIF1_submit,70418481,4923,1504,0
Dispatch,70411624,12771,1504,0
Static_bag,70400857,23754,1504,0
Bounds,70437956,4969,1504,0
VIF1_DMA_wait,70462097,430,1504,0
GIF_DMA_wait,70462827,96,1504,0
Packet_qwords,70465460,0,1504,50
VIF1_submit,70465449,5172,1504,0
Dispatch,70450347,21386,1504,0
Static_bag,70437413,34416,1504,0
Bounds,70473262,5374,1504,0
VIF1_DMA_wait,70509339,380,1504,0
GIF_DMA_wait,70509993,96,1504,0
Packet_qwords,70513282,0,1504,71
VIF1_submit,70513271,5093,1504,0
Dispatch,70485897,33652,1504,0
Static_bag,70472693,46950,1504,0
Bounds,70520990,5147,1504,0
Static_bag,70520457,5933,1504,0
Bounds,70527172,2321,1504,0
Static_bag,70526879,2700,1504,0
Bounds,70530322,2697,1504,0
Static_bag,70530009,3137,1504,0
Bounds,70533766,2887,1504,0
Static_bag,70533455,3411,1504,0
Bounds,70537510,2483,1504,0
Static_bag,70537187,3011,1504,0
Bounds,70541080,2379,1504,0
Static_bag,70540757,2903,1504,0
Bounds,70544296,2517,1504,0
Static_bag,70543997,3045,1504,0
Bounds,70547674,2456,1504,0
Static_bag,70547395,2854,1504,0
Bounds,70550870,2248,1504,0
Static_bag,70550597,2658,1504,0
Bounds,70553854,2379,1504,0
Static_bag,70553591,2762,1504,0
Bounds,70557076,2284,1504,0
Static_bag,70556723,2756,1504,0
Bounds,70560130,2868,1504,0
VIF1_DMA_wait,70607933,436,1504,0
GIF_DMA_wait,70608711,96,1504,0
Packet_qwords,70611736,0,1504,57
VIF1_submit,70611725,5134,1504,0
Dispatch,70570377,47530,1504,0
Static_bag,70559801,58266,1504,0
Bounds,70619630,5699,1504,0
Static_bag,70618997,6437,1504,0
Bounds,70626122,2318,1504,0
Static_bag,70625837,2689,1504,0
Bounds,70629556,2374,1504,0
Static_bag,70629137,2928,1504,0
Bounds,70632664,2819,1504,0
VIF1_DMA_wait,70667109,359,1504,0
GIF_DMA_wait,70667769,96,1504,0
Packet_qwords,70669772,0,1504,43
VIF1_submit,70669761,5215,1504,0
Dispatch,70643413,32820,1504,0
Static_bag,70632365,43962,1504,0
Procedural,69189133,1487680,1504,0
Bounds,70685680,5152,1504,0
VIF1_DMA_wait,70712817,347,1504,0
GIF_DMA_wait,70713384,44,1504,0
Packet_qwords,70719908,0,1504,141
VIF1_submit,70719897,5185,1504,0
VIF1_DMA_wait,70754039,40216,1504,0
GIF_DMA_wait,70794603,90,1504,0
Packet_qwords,70800995,0,1504,113
VIF1_submit,70800987,4824,1504,0
Dispatch,70697895,109193,1504,0
Static_bag,70685183,121998,1504,0
Bounds,71038567,5414,1504,0
VIF1_DMA_wait,71075727,485,1504,0
GIF_DMA_wait,71076492,44,1504,0
Packet_qwords,71083316,0,1504,145
VIF1_submit,71083305,5556,1504,0
VIF1_DMA_wait,71104100,66041,1504,0
GIF_DMA_wait,71170242,41,1504,0
Packet_qwords,71175976,0,1504,113
VIF1_submit,71175968,4142,1504,0
Dispatch,71060789,120545,1504,0
Static_bag,71038035,143420,1504,0
Bounds,71182808,16445,1504,0
VIF1_DMA_wait,71228559,31377,1504,0
GIF_DMA_wait,71260257,102,1504,0
Packet_qwords,71266118,0,1504,120
VIF1_submit,71266107,5304,1504,0
Dispatch,71214683,57734,1504,0
Static_bag,71182063,90490,1504,0
Bounds,71273977,5695,1504,0
VIF1_DMA_wait,71288110,37883,1504,0
GIF_DMA_wait,71326133,98,1504,0
Packet_qwords,71327966,0,1504,40
VIF1_submit,71327955,4867,1504,0
Dispatch,71284381,49432,1504,0
Static_bag,71273207,60720,1504,0
Object,70684797,649658,1504,2
Bounds,71336869,5166,1504,0
Static_bag,71336459,5738,1504,0
Object,71336115,6337,1504,4
Bounds,71351524,3054,1504,0
Static_bag,71351315,3432,1504,0
Object,71351040,4450,1504,8
Bounds,71358027,14702,1504,0
Static_bag,71357745,15323,1504,0
Object,71357611,15778,1504,9
Bounds,71376925,3819,1504,0
Static_bag,71376649,4254,1504,0
Object,71376333,4745,1504,10
Bounds,71383609,2960,1504,0
Static_bag,71383419,3271,1504,0
Object,71383196,3694,1504,11
Object,71387522,106,1504,12
Object,71388124,58,1504,13
Object,71388748,72,1504,14
Object,71389222,66,1504,15
Object,71389706,70,1504,16
Object,71390360,122,1504,17
Object,71390978,106,1504,18
Object,71391574,72,1504,19
Object,71392156,56,1504,20
Object,71392606,72,1504,21
Object,71393080,72,1504,22
Bounds,71394436,3260,1504,0
Static_bag,71394102,3679,1504,0
Object,71393950,4100,1504,27
Bounds,71399080,2648,1504,0
Static_bag,71398846,2967,1504,0
Object,71398706,3304,1504,30
Bounds,71404093,2820,1504,0
Static_bag,71403868,3180,1504,0
Object,71403730,3566,1504,32
Bounds,71409321,2749,1504,0
Static_bag,71409051,3187,1504,0
Object,71408866,3590,1504,34
Bounds,71415856,3393,1504,0
VIF1_DMA_wait,71453859,426,1504,0
GIF_DMA_wait,71454609,96,1504,0
Packet_qwords,71459246,0,1504,92
VIF1_submit,71459235,5042,1504,0
Dispatch,71427851,37496,1504,0
Static_bag,71415548,49901,1504,0
Bounds,71466880,5056,1504,0
VIF1_DMA_wait,71541251,429,1504,0
GIF_DMA_wait,71542005,43,1504,0
Packet_qwords,71548678,0,1504,141
VIF1_submit,71548667,5374,1504,0
VIF1_DMA_wait,71563821,127668,1504,0
GIF_DMA_wait,71691746,99,1504,0
Packet_qwords,71695808,0,1504,57
VIF1_submit,71695800,4564,1504,0
Dispatch,71479241,222142,1504,0
Static_bag,71466315,235242,1504,0
Bounds,71702900,5233,1504,0
VIF1_DMA_wait,71770419,318,1504,0
GIF_DMA_wait,71771049,96,1504,0
Packet_qwords,71777774,0,1504,141
VIF1_submit,71777763,5029,1504,0
VIF1_DMA_wait,71807311,47543,1504,0
GIF_DMA_wait,71855114,99,1504,0
Packet_qwords,71859731,0,1504,71
VIF1_submit,71859723,4752,1504,0
Dispatch,71715877,149508,1504,0
Static_bag,71702323,163156,1504,0
Bounds,71866916,5971,1504,0
VIF1_DMA_wait,71895409,10838,1504,0
GIF_DMA_wait,71906469,148,1504,0
Packet_qwords,71909192,0,1504,57
VIF1_submit,71909181,5097,1504,0
Dispatch,71881011,34330,1504,0
Static_bag,71866245,49210,1504,0
Bounds,71916710,5166,1504,0
VIF1_DMA_wait,71939861,396,1504,0
GIF_DMA_wait,71940471,43,1504,0
Packet_qwords,71942624,0,1504,43
VIF1_submit,71942613,4759,1504,0
Dispatch,71929197,19220,1504,0
Static_bag,71916173,32406,1504,0
Object,71415406,533875,1504,35
Bounds,71952063,4979,1504,0
VIF1_DMA_wait,71974179,353,1504,0
GIF_DMA_wait,71974813,43,1504,0
Packet_qwords,71976512,0,1504,34
VIF1_submit,71976501,15992,1504,0
Dispatch,71962859,31008,1504,0
Static_bag,71951639,42336,1504,0
Object,71951133,43308,1504,36
Bounds,71999882,4987,1504,0
VIF1_DMA_wait,72038987,394,1504,0
GIF_DMA_wait,72039685,128,1504,0
Packet_qwords,72044218,0,1504,92
VIF1_submit,72044207,5027,1504,0
Dispatch,72012841,37530,1504,0
Static_bag,71999323,51136,1504,0
Bounds,72051778,4966,1504,0
VIF1_DMA_wait,72113597,306,1504,0
GIF_DMA_wait,72114205,43,1504,0
Packet_qwords,72120902,0,1504,141
VIF1_submit,72120891,5023,1504,0
VIF1_DMA_wait,72135397,122690,1504,0
GIF_DMA_wait,72258360,97,1504,0
Packet_qwords,72262387,0,1504,57
VIF1_submit,72262379,4486,1504,0
Dispatch,72064105,203760,1504,0
Static_bag,72051231,216736,1504,0
Bounds,72269210,5089,1504,0
VIF1_DMA_wait,72351575,436,1504,0
GIF_DMA_wait,72352315,98,1504,0
Packet_qwords,72359174,0,1504,141
VIF1_submit,72359163,4872,1504,0
VIF1_DMA_wait,72375664,60011,1504,0
GIF_DMA_wait,72435900,91,1504,0
Packet_qwords,72440332,0,1504,71
VIF1_submit,72440324,4784,1504,0
Dispatch,72282303,163840,1504,0
Static_bag,72268723,177546,1504,0
Bounds,72447986,15959,1504,0
VIF1_DMA_wait,72488121,444,1504,0
GIF_DMA_wait,72488785,98,1504,0
Packet_qwords,72491566,0,1504,57
VIF1_submit,72491555,5200,1504,0
Dispatch,72472875,25012,1504,0
Static_bag,72447225,50792,1504,0
Bounds,72499418,4944,1504,0
VIF1_DMA_wait,72521924,381,1504,0
GIF_DMA_wait,72522565,43,1504,0
Packet_qwords,72524738,0,1504,43
VIF1_submit,72524727,4741,1504,0
Dispatch,72511547,19044,1504,0
Static_bag,72498777,31946,1504,0
Object,71998975,532396,1504,37
Bounds,72537368,4916,1504,0
VIF1_DMA_wait,72562465,439,1504,0
GIF_DMA_wait,72563199,43,1504,0
Packet_qwords,72565196,0,1504,43
VIF1_submit,72565185,5005,1504,0
Dispatch,72549521,21862,1504,0
Static_bag,72536907,34574,1504,0
Bounds,72572828,5136,1504,0
VIF1_DMA_wait,72617447,360,1504,0
GIF_DMA_wait,72618117,43,1504,0
Packet_qwords,72621434,0,1504,64
VIF1_submit,72621423,4968,1504,0
Dispatch,72584937,42616,1504,0
Static_bag,72572219,55436,1504,0
Bounds,72629318,5875,1504,0
Static_bag,72628575,6739,1504,0
Bounds,72635902,2453,1504,0
Static_bag,72635658,2834,1504,0
Bounds,72639236,3119,1504,0
VIF1_DMA_wait,72660171,462,1504,0
GIF_DMA_wait,72660939,96,1504,0
Packet_qwords,72662590,0,1504,36
VIF1_submit,72662579,4793,1504,0
Dispatch,72650203,18282,1504,0
Static_bag,72638853,29746,1504,0
Object,72536559,132698,1504,39
Bounds,72674722,4894,1504,0
VIF1_DMA_wait,72694701,305,1504,0
GIF_DMA_wait,72695192,44,1504,0
Packet_qwords,72699490,0,1504,92
VIF1_submit,72699479,5135,1504,0
Dispatch,72685345,20200,1504,0
Static_bag,72674189,31496,1504,0
Bounds,72707068,5066,1504,0
VIF1_DMA_wait,72731823,8544,1504,0
GIF_DMA_wait,72740511,98,1504,0
Packet_qwords,72747064,0,1504,141
VIF1_submit,72747053,4979,1504,0
VIF1_DMA_wait,72774423,48012,1504,0
GIF_DMA_wait,72822775,100,1504,0
Packet_qwords,72826523,0,1504,57
VIF1_submit,72826515,4488,1504,0
Dispatch,72717561,114442,1504,0
Static_bag,72706429,125716,1504,0
Bounds,72833768,5807,1504,0
VIF1_DMA_wait,72860587,1979,1504,0
GIF_DMA_wait,72862766,99,1504,0
Packet_qwords,72869216,0,1504,141
VIF1_submit,72869205,5083,1504,0
VIF1_DMA_wait,72885525,57648,1504,0
GIF_DMA_wait,72943437,98,1504,0
Packet_qwords,72948391,0,1504,78
VIF1_submit,72948383,4642,1504,0
Dispatch,72845683,108382,1504,0
Static_bag,72833019,121142,1504,0
Bounds,72955964,6203,1504,0
VIF1_DMA_wait,72974943,28068,1504,0
GIF_DMA_wait,73003243,100,1504,0
Packet_qwords,73006214,0,1504,57
VIF1_submit,73006203,5322,1504,0
Dispatch,72968251,44574,1504,0
Static_bag,72955171,57748,1504,0
Bounds,73014386,5731,1504,0
VIF1_DMA_wait,73032109,331,1504,0
GIF_DMA_wait,73032541,43,1504,0
Packet_qwords,73035316,0,1504,57
VIF1_submit,73035305,4855,1504,0
Dispatch,73025983,15198,1504,0
Static_bag,73013635,27670,1504,0
Object,72673891,368086,1504,41
Bounds,73044645,5501,1504,0
VIF1_DMA_wait,73057303,331,1504,0
GIF_DMA_wait,73057735,43,1504,0
Packet_qwords,73059298,0,1504,34
VIF1_submit,73059287,4729,1504,0
Dispatch,73054275,10738,1504,0
Static_bag,73044149,20958,1504,0
Object,73043641,21890,1504,42
Bounds,73070974,15469,1504,0
VIF1_DMA_wait,73100683,397,1504,0
GIF_DMA_wait,73101205,43,1504,0
Packet_qwords,73104572,0,1504,71
VIF1_submit,73104561,5288,1504,0
Dispatch,73092705,18130,1504,0
Static_bag,73070507,40452,1504,0
Bounds,73112386,5570,1504,0
VIF1_DMA_wait,73136635,210,1504,0
GIF_DMA_wait,73136947,47,1504,0
Packet_qwords,73143034,0,1504,134
VIF1_submit,73143023,5099,1504,0
Dispatch,73123303,26004,1504,0
Static_bag,73111687,37758,1504,0
Bounds,73150616,5070,1504,0
VIF1_DMA_wait,73174895,37750,1504,0
GIF_DMA_wait,73212872,93,1504,0
Packet_qwords,73219390,0,1504,141
VIF1_submit,73219379,5153,1504,0
Dispatch,73160953,64913,1504,0
Static_bag,73150097,75876,1504,0
Bounds,73227224,17491,1504,0
VIF1_DMA_wait,73256547,36711,1504,0
GIF_DMA_wait,73293361,100,1504,0
Packet_qwords,73295374,0,1504,43
VIF1_submit,73295363,5310,1504,0
Dispatch,73251709,50034,1504,0
Static_bag,73226729,75108,1504,0
Bounds,73303178,5166,1504,0
VIF1_DMA_wait,73318574,273,1504,0
GIF_DMA_wait,73318999,43,1504,0
Packet_qwords,73321618,0,1504,57
VIF1_submit,73321607,4907,1504,0
Dispatch,73313157,14356,1504,0
Static_bag,73302541,25068,1504,0
Object,73070155,258158,1504,43
Bounds,73336143,4684,1504,0
Static_bag,73335761,5309,1504,0
Object,73335423,5959,1504,52
Bounds,73346612,2584,1504,0
Static_bag,73346327,2992,1504,0
Object,73346194,3370,1504,59
Bounds,73351172,2454,1504,0
Static_bag,73350832,2880,1504,0
Object,73350602,3214,1504,60
Bounds,73355074,2764,1504,0
VIF1_DMA_wait,73372065,317,1504,0
GIF_DMA_wait,73372518,44,1504,0
Packet_qwords,73376458,0,1504,85
VIF1_submit,73376447,4939,1504,0
Dispatch,73363263,19178,1504,0
Static_bag,73354869,27732,1504,0
Object,73354744,28469,1504,61
Bounds,73398544,5777,1504,0
VIF1_DMA_wait,73420849,367,1504,0
GIF_DMA_wait,73421443,43,1504,0
Packet_qwords,73425548,0,1504,85
VIF1_submit,73425537,5318,1504,0
Dispatch,73411249,20600,1504,0
Static_bag,73397891,34068,1504,0
Object,73397413,35168,1504,62
Bounds,73436308,5199,1504,0
Static_bag,73435831,5803,1504,0
Object,73435533,6321,1504,63
Bounds,73443566,2387,1504,0
Static_bag,73443173,2910,1504,0
Object,73443008,3296,1504,64
Bounds,73448006,2807,1504,0
Static_bag,73447710,3223,1504,0
Object,73447346,3770,1504,65
Bounds,73452964,3068,1504,0
VIF1_DMA_wait,73471161,235,1504,0
GIF_DMA_wait,73471590,44,1504,0
Packet_qwords,73475540,0,1504,85
VIF1_submit,73475529,5073,1504,0
Dispatch,73462611,19102,1504,0
Static_bag,73452516,29293,1504,0
Object,73452206,30253,1504,66
Bounds,73486132,5267,1504,0
VIF1_DMA_wait,73506981,4921,1504,0
GIF_DMA_wait,73512092,99,1504,0
Packet_qwords,73516106,0,1504,85
VIF1_submit,73516095,5025,1504,0
Dispatch,73497903,24232,1504,0
Static_bag,73485577,36726,1504,0
Object,73485267,37640,1504,67
Bounds,73526710,4491,1504,0
Static_bag,73526231,5145,1504,0
Object,73525899,5723,1504,68
Bounds,73533274,2323,1504,0
Static_bag,73532867,2816,1504,0
Object,73532758,3164,1504,69
Bounds,73537882,14965,1504,0
VIF1_DMA_wait,73567479,359,1504,0
GIF_DMA_wait,73568023,43,1504,0
Packet_qwords,73571656,0,1504,78
VIF1_submit,73571645,5640,1504,0
Dispatch,73559169,19144,1504,0
Static_bag,73537414,40993,1504,0
Bounds,73580086,5614,1504,0
VIF1_DMA_wait,73609041,383,1504,0
GIF_DMA_wait,73609693,43,1504,0
Packet_qwords,73612490,0,1504,57
VIF1_submit,73612479,5214,1504,0
Dispatch,73591015,27784,1504,0
Static_bag,73579255,39658,1504,0
Object,73537130,82459,1504,70
Bounds,73623592,5807,1504,0
VIF1_DMA_wait,73643621,257,1504,0
GIF_DMA_wait,73644013,43,1504,0
Packet_qwords,73647566,0,1504,78
VIF1_submit,73647555,4915,1504,0
Dispatch,73635343,18220,1504,0
Static_bag,73623067,30622,1504,0
Bounds,73655104,5096,1504,0
VIF1_DMA_wait,73671320,7531,1504,0
GIF_DMA_wait,73678945,100,1504,0
Packet_qwords,73681594,0,1504,57
VIF1_submit,73681583,4967,1504,0
Dispatch,73665577,21916,1504,0
Static_bag,73654457,33138,1504,0
Object,73622691,65610,1504,71
Bounds,73692282,4485,1504,0
Static_bag,73691718,5274,1504,0
Bounds,73708646,3604,1504,0
Static_bag,73708299,4229,1504,0
Object,73691403,21289,1504,72
Bounds,73715104,3197,1504,0
VIF1_DMA_wait,73732911,365,1504,0
GIF_DMA_wait,73733503,43,1504,0
Packet_qwords,73737190,0,1504,78
VIF1_submit,73737179,5328,1504,0
Dispatch,73724481,19040,1504,0
Static_bag,73714727,28906,1504,0
Bounds,73744924,5284,1504,0
VIF1_DMA_wait,73761350,7189,1504,0
GIF_DMA_wait,73768633,100,1504,0
Packet_qwords,73771312,0,1504,57
VIF1_submit,73771301,4937,1504,0
Dispatch,73755747,21508,1504,0
Static_bag,73744363,32988,1504,0
Object,73714563,63422,1504,73
Bounds,73784878,4664,1504,0
VIF1_DMA_wait,73829741,404,1504,0
GIF_DMA_wait,73830465,96,1504,0
Packet_qwords,73832914,0,1504,50
VIF1_submit,73832903,5171,1504,0
Dispatch,73796391,42958,1504,0
Static_bag,73784448,54995,1504,0
Bounds,73840862,5134,1504,0
VIF1_DMA_wait,73883335,476,1504,0
GIF_DMA_wait,73884121,98,1504,0
Packet_qwords,73887404,0,1504,64
VIF1_submit,73887393,5106,1504,0
Dispatch,73864983,28636,1504,0
Static_bag,73840425,53342,1504,0
Bounds,73895354,5758,1504,0
VIF1_DMA_wait,73925123,311,1504,0
GIF_DMA_wait,73925673,43,1504,0
Packet_qwords,73927286,0,1504,36
VIF1_submit,73927275,5121,1504,0
Dispatch,73909829,23724,1504,0
Static_bag,73894531,39118,1504,0
Object,73784047,150152,1504,75
Bounds,73939156,5140,1504,0
VIF1_DMA_wait,73955415,347,1504,0
GIF_DMA_wait,73955976,44,1504,0
Packet_qwords,73958000,0,1504,43
VIF1_submit,73957989,4915,1504,0
Dispatch,73950441,13646,1504,0
Static_bag,73938665,25536,1504,0
Bounds,73965752,4884,1504,0
VIF1_DMA_wait,73981764,193,1504,0
GIF_DMA_wait,73982095,43,1504,0
Packet_qwords,73984940,0,1504,64
VIF1_submit,73984929,4821,1504,0
Dispatch,73975800,15115,1504,0
Static_bag,73964957,26052,1504,0
Bounds,73992164,5340,1504,0
VIF1_DMA_wait,74005998,747,1504,0
GIF_DMA_wait,74006845,100,1504,0
Packet_qwords,74008546,0,1504,36
VIF1_submit,74008535,16320,1504,0
Dispatch,74003307,23080,1504,0
Static_bag,73991609,34896,1504,0
Object,73938291,88682,1504,76
Bounds,74032078,5027,1504,0
VIF1_DMA_wait,74047521,341,1504,0
GIF_DMA_wait,74047963,43,1504,0
Packet_qwords,74050088,0,1504,43
VIF1_submit,74050077,4867,1504,0
Dispatch,74043075,12940,1504,0
Static_bag,74031625,24522,1504,0
Bounds,74057402,5094,1504,0
VIF1_DMA_wait,74073368,273,1504,0
GIF_DMA_wait,74073785,43,1504,0
Packet_qwords,74076716,0,1504,64
VIF1_submit,74076705,4965,1504,0
Dispatch,74067429,15326,1504,0
Static_bag,74056843,26008,1504,0
Bounds,74084096,5188,1504,0
VIF1_DMA_wait,74097820,869,1504,0
GIF_DMA_wait,74098789,100,1504,0
Packet_qwords,74100430,0,1504,36
VIF1_submit,74100419,4843,1504,0
Dispatch,74095105,11208,1504,0
Static_bag,74083561,22870,1504,0
Object,74031241,75628,1504,77
Bounds,74111746,4690,1504,0
VIF1_DMA_wait,74125743,311,1504,0
GIF_DMA_wait,74126190,44,1504,0
Packet_qwords,74128304,0,1504,43
VIF1_submit,74128293,4857,1504,0
Dispatch,74121765,12400,1504,0
Static_bag,74111275,23022,1504,0
Bounds,74135560,4970,1504,0
VIF1_DMA_wait,74151192,205,1504,0
GIF_DMA_wait,74151499,47,1504,0
Packet_qwords,74154374,0,1504,64
VIF1_submit,74154363,4911,1504,0
Dispatch,74145339,15088,1504,0
Static_bag,74135051,25542,1504,0
Bounds,74161882,16907,1504,0
VIF1_DMA_wait,74188479,308,1504,0
GIF_DMA_wait,74189017,43,1504,0
Packet_qwords,74190866,0,1504,36
VIF1_submit,74190855,5112,1504,0
Dispatch,74184977,22104,1504,0
Static_bag,74161349,45974,1504,0
Object,74110965,96812,1504,78
Bounds,74212964,5137,1504,0
VIF1_DMA_wait,74228583,353,1504,0
GIF_DMA_wait,74228988,44,1504,0
Packet_qwords,74230922,0,1504,43
VIF1_submit,74230911,5193,1504,0
Dispatch,74224185,12934,1504,0
Static_bag,74212441,24790,1504,0
Bounds,74238548,5026,1504,0
VIF1_DMA_wait,74254542,275,1504,0
GIF_DMA_wait,74254963,43,1504,0
Packet_qwords,74258026,0,1504,64
VIF1_submit,74258015,4873,1504,0
Dispatch,74248377,15532,1504,0
Static_bag,74237981,26066,1504,0
Bounds,74265472,5198,1504,0
VIF1_DMA_wait,74279062,899,1504,0
GIF_DMA_wait,74280107,98,1504,0
Packet_qwords,74281712,0,1504,36
VIF1_submit,74281701,4803,1504,0
Dispatch,74276367,11242,1504,0
Static_bag,74264743,22992,1504,0
Object,74212093,76082,1504,79
Bounds,74293168,4763,1504,0
VIF1_DMA_wait,74307559,331,1504,0
GIF_DMA_wait,74308026,44,1504,0
Packet_qwords,74310044,0,1504,43
VIF1_submit,74310033,4963,1504,0
Dispatch,74303619,12384,1504,0
Static_bag,74292577,23590,1504,0
Bounds,74317588,15995,1504,0
VIF1_DMA_wait,74346471,326,1504,0
GIF_DMA_wait,74346937,43,1504,0
Packet_qwords,74349914,0,1504,64
VIF1_submit,74349903,5268,1504,0
Dispatch,74339739,16496,1504,0
Static_bag,74316961,39394,1504,0
Bounds,74357792,5752,1504,0
VIF1_DMA_wait,74371919,297,1504,0
GIF_DMA_wait,74372317,43,1504,0
Packet_qwords,74374048,0,1504,36
VIF1_submit,74374037,4933,1504,0
Dispatch,74369055,11002,1504,0
Static_bag,74357093,23124,1504,0
Object,74292271,88504,1504,80
Bounds,74397058,4389,1504,0
Static_bag,74396597,5193,1504,0
Bounds,74402273,2286,1504,0
Static_bag,74402099,2546,1504,0
Object,74396278,8526,1504,99
Bounds,74406380,2398,1504,0
Static_bag,74406123,2741,1504,0
Bounds,74409283,2063,1504,0
Static_bag,74409129,2303,1504,0
Object,74405997,5659,1504,100
Bounds,74413316,2499,1504,0
Static_bag,74413011,3019,1504,0
Bounds,74416333,2065,1504,0
Static_bag,74416161,2369,1504,0
Object,74412835,5973,1504,101
Bounds,74420464,2265,1504,0
Static_bag,74420175,2674,1504,0
Bounds,74423291,1971,1504,0
Static_bag,74423059,2289,1504,0
Object,74420042,5498,1504,102
Bounds,74427076,2578,1504,0
Static_bag,74426781,2989,1504,0
Bounds,74430075,2636,1504,0
Static_bag,74429904,2972,1504,0
Object,74426655,6415,1504,103
Bounds,74434624,2482,1504,0
Static_bag,74434385,2840,1504,0
Bounds,74437625,2346,1504,0
Static_bag,74437407,2650,1504,0
Object,74434262,6006,1504,104
Bounds,74444948,3244,1504,0
VIF1_DMA_wait,74459983,327,1504,0
GIF_DMA_wait,74460504,44,1504,0
Packet_qwords,74463572,0,1504,64
VIF1_submit,74463561,4867,1504,0
Dispatch,74453673,15800,1504,0
Static_bag,74444650,24958,1504,0
Bounds,74470964,5382,1504,0
VIF1_DMA_wait,74498247,362,1504,0
GIF_DMA_wait,74498941,43,1504,0
Packet_qwords,74501038,0,1504,43
VIF1_submit,74501027,5170,1504,0
Dispatch,74493849,13342,1504,0
Static_bag,74470273,37072,1504,0
Object,74444492,63399,1504,108
Bounds,74512064,5280,1504,0
VIF1_DMA_wait,74529703,249,1504,0
GIF_DMA_wait,74530103,43,1504,0
Packet_qwords,74533010,0,1504,64
VIF1_submit,74532999,4971,1504,0
Dispatch,74523045,15914,1504,0
Static_bag,74511475,27592,1504,0
Bounds,74540708,5656,1504,0
VIF1_DMA_wait,74555942,261,1504,0
GIF_DMA_wait,74556355,43,1504,0
Packet_qwords,74558374,0,1504,43
VIF1_submit,74558363,4853,1504,0
Dispatch,74552239,12006,1504,0
Static_bag,74539919,24432,1504,0
Object,74511123,53940,1504,109
Bounds,74569264,4595,1504,0
Static_bag,74568691,5416,1504,0
Bounds,74574665,2524,1504,0
Static_bag,74574465,2910,1504,0
Object,74568376,9160,1504,110
Bounds,74578816,2289,1504,0
Static_bag,74578587,2604,1504,0
Object,74578446,2896,1504,111
Bounds,74582669,2444,1504,0
Static_bag,74582379,2854,1504,0
Object,74582293,3167,1504,112
Bounds,74586826,2319,1504,0
Static_bag,74586579,2686,1504,0
Object,74586444,3000,1504,113
Bounds,74590310,2491,1504,0
Static_bag,74590132,2839,1504,0
Object,74589956,3256,1504,114
Object,74593714,172,1504,115
Object,74594440,74,1504,116
Object,74594980,116,1504,117
Object,74595556,66,1504,118
Object,74596112,100,1504,119
Object,74596720,66,1504,120
Bounds,74600692,4146,1504,0
VIF1_DMA_wait,74672313,438,1504,0
GIF_DMA_wait,74673055,98,1504,0
Packet_qwords,74679578,0,1504,134
VIF1_submit,74679567,5384,1504,0
Dispatch,74613399,72702,1504,0
Static_bag,74600387,85830,1504,0
Bounds,74811391,5312,1504,0
VIF1_DMA_wait,74868515,441,1504,0
GIF_DMA_wait,74869207,43,1504,0
Packet_qwords,74875588,0,1504,138
VIF1_submit,74875577,5314,1504,0
Dispatch,74824857,57128,1504,0
Static_bag,74810835,71248,1504,0
Object,74600244,282281,1504,121
Bounds,74889329,5998,1504,0
Static_bag,74888555,7109,1504,0
Bounds,74904573,4101,1504,0
Static_bag,74904306,4552,1504,0
Bounds,74909266,3176,1504,0
VIF1_DMA_wait,75005807,472,1504,0
GIF_DMA_wait,75006613,102,1504,0
Packet_qwords,75013496,0,1504,141
VIF1_submit,75013485,4884,1504,0
VIF1_DMA_wait,75025887,61516,1504,0
GIF_DMA_wait,75087498,41,1504,0
Packet_qwords,75089590,0,1504,36
VIF1_submit,75089582,4010,1504,0
Dispatch,74921397,173104,1504,0
Static_bag,74909025,185572,1504,0
Bounds,75351313,5312,1504,0
VIF1_DMA_wait,75453615,480,1504,0
GIF_DMA_wait,75454399,98,1504,0
Packet_qwords,75461378,0,1504,145
VIF1_submit,75461367,4992,1504,0
VIF1_DMA_wait,75474347,73424,1504,0
GIF_DMA_wait,75547904,41,1504,0
Packet_qwords,75550060,0,1504,36
VIF1_submit,75550052,3926,1504,0
Dispatch,75364745,190124,1504,0
Static_bag,75350805,204212,1504,0
Object,74888169,667190,1504,122
Bounds,75561866,18017,1504,0
VIF1_DMA_wait,75597675,390,1504,0
GIF_DMA_wait,75598251,102,1504,0
Packet_qwords,75602306,0,1504,85
VIF1_submit,75602295,5430,1504,0
Dispatch,75586961,21952,1504,0
Static_bag,75561297,47714,1504,0
Object,75560893,48730,1504,134
Object,75611373,345,1504,135
Object,75612170,56,1504,136
Object,75612658,72,1504,137
Object,75613144,90,1504,138
Object,75613654,86,1504,139
Object,75614217,55,1504,140
Object,75614774,74,1504,141
Object,75615394,78,1504,142
Objects,70676939,4940566,1504,0
Bounds,75927806,163381,1504,0
VIF1_DMA_wait,76112401,325,1504,0
GIF_DMA_wait,76112937,47,1504,0
Packet_qwords,76119440,0,1504,141
VIF1_submit,76119429,5352,1504,0
VIF1_DMA_wait,76139404,55861,1504,0
GIF_DMA_wait,76195514,94,1504,0
Packet_qwords,76201838,0,1504,113
VIF1_submit,76201830,4918,1504,0
VIF1_DMA_wait,76222503,52534,1504,0
GIF_DMA_wait,76275176,41,1504,0
Packet_qwords,76280838,0,1504,113
VIF1_submit,76280830,4572,1504,0
VIF1_DMA_wait,76291877,62116,1504,0
GIF_DMA_wait,76354218,139,1504,0
Packet_qwords,76356638,0,1504,36
VIF1_submit,76356630,4690,1504,0
Dispatch,76098129,264244,1504,0
Static_bag,75927263,435210,1504,0
Bounds,76401722,17513,1504,0
VIF1_DMA_wait,76440793,476,1504,0
GIF_DMA_wait,76441641,102,1504,0
Packet_qwords,76444268,0,1504,50
VIF1_submit,76444257,5454,1504,0
Dispatch,76427457,23548,1504,0
Static_bag,76401149,49944,1504,0
Bounds,76613210,75409,1504,0
VIF1_DMA_wait,76728765,490,1504,0
GIF_DMA_wait,76729593,102,1504,0
Packet_qwords,76733446,0,1504,78
VIF1_submit,76733435,5110,1504,0
Dispatch,76696845,42904,1504,0
Static_bag,76612667,127260,1504,0
Wheels,75617648,1122869,1504,0
Animation,76740626,263,1504,0
Shadow_decals,76741161,92,1504,0
Mirrors,76741333,1,1504,0
Portal_surfaces,76741427,1,1504,0
Light_pools,76741507,3350,1504,0
GS_FINISH_wait,76791483,532,1504,0
Align3D,76787196,5011,1504,0
Bounds,76804376,17479,1504,0
VIF1_DMA_wait,76846143,444,1504,0
GIF_DMA_wait,76846761,96,1504,0
Packet_qwords,76853324,0,1504,141
VIF1_submit,76853313,5628,1504,0
VIF1_DMA_wait,76876110,51643,1504,0
GIF_DMA_wait,76927854,41,1504,0
Packet_qwords,76933354,0,1504,113
VIF1_submit,76933346,4346,1504,0
Dispatch,76829921,108831,1504,0
Static_bag,76803839,135066,1504,0
Bounds,76940494,5062,1504,0
VIF1_DMA_wait,76975947,29673,1504,0
GIF_DMA_wait,77005940,99,1504,0
Packet_qwords,77011966,0,1504,120
VIF1_submit,77011955,5027,1504,0
Dispatch,76951233,67096,1504,0
Static_bag,76939813,78636,1504,0
Bounds,77020005,5944,1504,0
VIF1_DMA_wait,77034726,36393,1504,0
GIF_DMA_wait,77071311,98,1504,0
Packet_qwords,77073190,0,1504,40
VIF1_submit,77073179,4810,1504,0
Dispatch,77030805,48218,1504,0
Static_bag,77019343,59800,1504,0
GS_FINISH_wait,77136489,532,1504,0
Align3D,77131625,5720,1504,0
Bounds,77149060,5883,1504,0
VIF1_DMA_wait,77176935,462,1504,0
GIF_DMA_wait,77177611,98,1504,0
Packet_qwords,77184326,0,1504,141
VIF1_submit,77184315,5322,1504,0
Dispatch,77162493,28491,1504,0
Static_bag,77148513,42602,1504,0
GS_FINISH_wait,77262485,2228,1504,0
Align3D,77211033,53910,1504,0
Bounds,77332037,10714,1504,0
GS_FINISH_wait,77350209,499,1504,0
Align3D,77344476,6384,1504,0
VIF1_DMA_wait,77363571,252,1504,0
GIF_DMA_wait,77364037,102,1504,0
Packet_qwords,77366230,0,1504,42
VIF1_submit,77366219,4378,1504,0
GS_FINISH_wait,77376387,19073,1504,0
Align3D,77371888,23724,1504,0
Dispatch,77358827,39663,1504,0
Static_bag,77331461,67116,1504,0
Bounds,77464277,10288,1504,0
GS_FINISH_wait,77483799,532,1504,0
Align3D,77477994,6481,1504,0
VIF1_DMA_wait,77516781,402,1504,0
GIF_DMA_wait,77517439,102,1504,0
Packet_qwords,77519842,0,1504,42
VIF1_submit,77519831,4840,1504,0
GS_FINISH_wait,77530599,12846,1504,0
Align3D,77525986,17638,1504,0
Dispatch,77492105,54357,1504,0
Static_bag,77463761,82832,1504,0
Projected_shadows,76744933,802354,1504,0
Bounds,77552789,7792,1504,0
Static_bag,77552463,8221,1504,0
Bounds,77564372,4765,1504,0
Static_bag,77564141,5118,1504,0
Bounds,77572264,5365,1504,0
VIF1_DMA_wait,77606083,434,1504,0
GIF_DMA_wait,77606821,98,1504,0
Packet_qwords,77608636,0,1504,36
VIF1_submit,77608625,5417,1504,0
Dispatch,77598039,17120,1504,0
Static_bag,77571944,43311,1504,0
Blob_shadows,77547405,68152,1504,0
Light_beams,77615741,3024,1504,0
Highlights_and_outlines,77618839,1,1504,0
Bounds,77636958,8085,1504,0
VIF1_DMA_wait,77659520,457,1504,0
GIF_DMA_wait,77660229,102,1504,0
Packet_qwords,77662006,0,1504,34
VIF1_submit,77661995,5482,1504,0
Dispatch,77652765,15818,1504,0
Static_bag,77636399,32274,1504,0
Particles,77618927,49974,1504,0
Scene,67243355,10425668,1504,0
GS_FINISH_wait,77677677,532,1504,0
Align3D,77673708,4635,1504,0
GS_FINISH_wait,77856423,562,1504,0
Align3D,77851176,6039,1504,0
PostFx,77850753,134678,1504,0
Present,77986083,4578764,1504,0
EndFrame,77696009,4869077,1504,0
Game,64889833,17684536,1504,0
Info,82574569,2300,1504,0
Frame,64881540,17704973,1504,0
Pad,82587128,7941,1505,0
Update,82595523,8113394,1505,0
GS_FINISH_wait,90905787,79718,1505,0
Align3D,90901320,84393,1505,0
Bounds,91002258,15647,1505,0
VIF1_DMA_wait,91076483,430,1505,0
GIF_DMA_wait,91077265,102,1505,0
Packet_qwords,91083158,0,1505,124
VIF1_submit,91083147,5196,1505,0
VIF1_DMA_wait,91112853,25547,1505,0
GIF_DMA_wait,91138544,44,1505,0
Packet_qwords,91141552,0,1505,55
VIF1_submit,91141544,4280,1505,0
Dispatch,91025263,121564,1505,0
Static_bag,91001727,145260,1505,0
Bounds,91149501,8068,1505,0
Static_bag,91149003,8759,1505,0
Bounds,91175636,5543,1505,0
VIF1_DMA_wait,91203653,466,1505,0
GIF_DMA_wait,91204513,102,1505,0
Packet_qwords,91207142,0,1505,50
VIF1_submit,91207131,5106,1505,0
Dispatch,91189951,23310,1505,0
Static_bag,91175151,38236,1505,0
Bounds,91214502,5612,1505,0
VIF1_DMA_wait,91248813,386,1505,0
GIF_DMA_wait,91249551,47,1505,0
Packet_qwords,91253314,0,1505,78
VIF1_submit,91253306,4922,1505,0
Dispatch,91227129,32150,1505,0
Static_bag,91214031,45492,1505,0
Bounds,91260542,5382,1505,0
VIF1_DMA_wait,91289651,354,1505,0
GIF_DMA_wait,91290367,47,1505,0
Packet_qwords,91293296,0,1505,64
VIF1_submit,91293285,4953,1505,0
Dispatch,91273383,25738,1505,0
Static_bag,91259987,39252,1505,0
Bounds,91300262,5520,1505,0
VIF1_DMA_wait,91343267,436,1505,0
GIF_DMA_wait,91344057,126,1505,0
Packet_qwords,91347296,0,1505,64
VIF1_submit,91347285,5095,1505,0
Dispatch,91313241,40288,1505,0
Static_bag,91299753,53930,1505,0
Bounds,91355042,5695,1505,0
VIF1_DMA_wait,91394217,353,1505,0
GIF_DMA_wait,91394835,47,1505,0
Packet_qwords,91396846,0,1505,43
VIF1_submit,91396835,5164,1505,0
Dispatch,91368805,34416,1505,0
Static_bag,91354287,49030,1505,0
Bounds,91405218,4861,1505,0
Static_bag,91404677,5555,1505,0
Bounds,91410686,2293,1505,0
Static_bag,91410443,2661,1505,0
Bounds,91413502,2300,1505,0
Static_bag,91413309,2617,1505,0
Bounds,91416308,2461,1505,0
Static_bag,91416081,2845,1505,0
Bounds,91419280,2455,1505,0
Static_bag,91419087,2765,1505,0
Bounds,91422964,3002,1505,0
VIF1_DMA_wait,91442797,313,1505,0
GIF_DMA_wait,91443231,47,1505,0
Packet_qwords,91447528,0,1505,92
VIF1_submit,91447517,5070,1505,0
Dispatch,91431517,22038,1505,0
Static_bag,91422611,31082,1505,0
Bounds,91454954,5322,1505,0
VIF1_DMA_wait,91493331,304,1505,0
GIF_DMA_wait,91493965,47,1505,0
Packet_qwords,91500598,0,1505,141
VIF1_submit,91500587,5279,1505,0
VIF1_DMA_wait,91515393,59046,1505,0
GIF_DMA_wait,91574678,93,1505,0
Packet_qwords,91578458,0,1505,57
VIF1_submit,91578450,4950,1505,0
Dispatch,91465697,118708,1505,0
Static_bag,91454201,130328,1505,0
Bounds,91585910,6133,1505,0
VIF1_DMA_wait,91613333,913,1505,0
GIF_DMA_wait,91614383,102,1505,0
Packet_qwords,91620898,0,1505,141
VIF1_submit,91620887,5200,1505,0
VIF1_DMA_wait,91651181,43702,1505,0
GIF_DMA_wait,91695171,92,1505,0
Packet_qwords,91699636,0,1505,78
VIF1_submit,91699628,4976,1505,0
Dispatch,91598131,107382,1505,0
Static_bag,91585049,120558,1505,0
Bounds,91706904,6115,1505,0
VIF1_DMA_wait,91724754,24540,1505,0
GIF_DMA_wait,91749441,102,1505,0
Packet_qwords,91752100,0,1505,57
VIF1_submit,91752089,4912,1505,0
Dispatch,91719091,38910,1505,0
Static_bag,91706129,52015,1505,0
Bounds,91759166,5356,1505,0
VIF1_DMA_wait,91774838,291,1505,0
GIF_DMA_wait,91775361,47,1505,0
Packet_qwords,91778032,0,1505,57
VIF1_submit,91778021,4853,1505,0
Dispatch,91769605,14244,1505,0
Static_bag,91758559,25494,1505,0
Bounds,91797828,5311,1505,0
VIF1_DMA_wait,91818477,371,1505,0
GIF_DMA_wait,91819113,47,1505,0
Packet_qwords,91823500,0,1505,92
VIF1_submit,91823489,5298,1505,0
Dispatch,91809019,20812,1505,0
Static_bag,91797255,32672,1505,0
Bounds,91830936,5328,1505,0
VIF1_DMA_wait,91855625,8734,1505,0
GIF_DMA_wait,91864539,102,1505,0
Packet_qwords,91870870,0,1505,141
VIF1_submit,91870859,5195,1505,0
VIF1_DMA_wait,91884821,67180,1505,0
GIF_DMA_wait,91952229,142,1505,0
Packet_qwords,91955762,0,1505,57
VIF1_submit,91955754,4876,1505,0
Dispatch,91841953,119656,1505,0
Static_bag,91830365,131370,1505,0
Bounds,91963064,5957,1505,0
VIF1_DMA_wait,91989953,1357,1505,0
GIF_DMA_wait,91991501,102,1505,0
Packet_qwords,91997912,0,1505,141
VIF1_submit,91997901,5220,1505,0
VIF1_DMA_wait,92014095,57868,1505,0
GIF_DMA_wait,92072102,43,1505,0
Packet_qwords,92076076,0,1505,78
VIF1_submit,92076068,4202,1505,0
Dispatch,91975093,106110,1505,0
Static_bag,91962337,118992,1505,0
Bounds,92082320,5232,1505,0
VIF1_DMA_wait,92112227,12766,1505,0
GIF_DMA_wait,92125345,104,1505,0
Packet_qwords,92128270,0,1505,57
VIF1_submit,92128259,5017,1505,0
Dispatch,92093101,41362,1505,0
Static_bag,92081779,52798,1505,0
Bounds,92135948,6055,1505,0
VIF1_DMA_wait,92153430,226,1505,0
GIF_DMA_wait,92153795,47,1505,0
Packet_qwords,92156374,0,1505,57
VIF1_submit,92156363,4912,1505,0
Dispatch,92147755,26272,1505,0
Static_bag,92135151,39100,1505,0
Bounds,92175836,5447,1505,0
VIF1_DMA_wait,92194219,379,1505,0
GIF_DMA_wait,92194719,47,1505,0
Packet_qwords,92198182,0,1505,71
VIF1_submit,92198171,5310,1505,0
Dispatch,92186805,17656,1505,0
Static_bag,92175277,29278,1505,0
Bounds,92205730,5332,1505,0
VIF1_DMA_wait,92230025,206,1505,0
GIF_DMA_wait,92230373,47,1505,0
Packet_qwords,92236538,0,1505,134
VIF1_submit,92236527,5103,1505,0
Dispatch,92216661,25906,1505,0
Static_bag,92205097,37639,1505,0
Bounds,92243832,5282,1505,0
VIF1_DMA_wait,92282651,22594,1505,0
GIF_DMA_wait,92305659,96,1505,0
Packet_qwords,92312380,0,1505,141
VIF1_submit,92312369,5321,1505,0
Dispatch,92266275,52769,1505,0
Static_bag,92243239,75952,1505,0
Bounds,92320466,5598,1505,0
VIF1_DMA_wait,92336008,50312,1505,0
GIF_DMA_wait,92386551,102,1505,0
Packet_qwords,92388538,0,1505,43
VIF1_submit,92388527,4882,1505,0
Dispatch,92331933,62386,1505,0
Static_bag,92319675,74768,1505,0
Bounds,92395536,5262,1505,0
VIF1_DMA_wait,92421803,360,1505,0
GIF_DMA_wait,92422551,47,1505,0
Packet_qwords,92425574,0,1505,57
VIF1_submit,92425563,5023,1505,0
Dispatch,92405467,26202,1505,0
Static_bag,92394919,36870,1505,0
Bounds,92435174,5293,1505,0
Static_bag,92434591,6055,1505,0
Bounds,92441110,3042,1505,0
Static_bag,92440904,3334,1505,0
Bounds,92444720,2032,1505,0
Static_bag,92444459,2379,1505,0
Bounds,92447272,2030,1505,0
Static_bag,92446995,2527,1505,0
Bounds,92449912,2228,1505,0
Static_bag,92449683,2587,1505,0
Bounds,92453230,7862,1505,0
Static_bag,92452963,8334,1505,0
Bounds,92461750,2474,1505,0
Static_bag,92461451,2928,1505,0
Bounds,92464832,2316,1505,0
Static_bag,92464586,2681,1505,0
Bounds,92467666,2026,1505,0
Static_bag,92467427,2400,1505,0
Bounds,92470232,2212,1505,0
Static_bag,92469987,2543,1505,0
GS_FINISH_wait,92493873,532,1505,0
Align3D,92489315,5234,1505,0
Reflections_shared_probe,90900601,1598356,1505,0
Portal,92499159,182,1505,0
Bounds,92500251,5368,1505,0
VIF1_DMA_wait,92546447,472,1505,0
GIF_DMA_wait,92547217,96,1505,0
Packet_qwords,92551412,0,1505,88
VIF1_submit,92551401,5120,1505,0
Dispatch,92512153,45564,1505,0
Static_bag,92499785,58062,1505,0
Bounds,92560390,20207,1505,0
Static_bag,92559957,20939,1505,0
Sky,92499476,82053,1505,0
Bounds,92585786,4703,1505,0
VIF1_DMA_wait,92675393,502,1505,0
GIF_DMA_wait,92676231,96,1505,0
Packet_qwords,92683088,0,1505,141
VIF1_submit,92683077,5454,1505,0
VIF1_DMA_wait,92695836,125079,1505,0
GIF_DMA_wait,92821134,145,1505,0
Packet_qwords,92823824,0,1505,36
VIF1_submit,92823816,4918,1505,0
Dispatch,92598991,230826,1505,0
Static_bag,92585401,244528,1505,0
Bounds,92832022,6015,1505,0
Static_bag,92831303,6935,1505,0
Bounds,92838880,3591,1505,0
VIF1_DMA_wait,92870505,468,1505,0
GIF_DMA_wait,92871237,96,1505,0
Packet_qwords,92874170,0,1505,57
VIF1_submit,92874159,15836,1505,0
Dispatch,92850081,41614,1505,0
Static_bag,92838664,53197,1505,0
Bounds,92893874,5999,1505,0
VIF1_DMA_wait,92927313,468,1505,0
GIF_DMA_wait,92928009,96,1505,0
Packet_qwords,92930824,0,1505,57
VIF1_submit,92930813,5098,1505,0
Dispatch,92907391,29662,1505,0
Static_bag,92893131,44066,1505,0
Bounds,92938739,5006,1505,0
Static_bag,92938287,5785,1505,0
Bounds,92944768,2383,1505,0
Static_bag,92944496,2793,1505,0
Bounds,92947996,3184,1505,0
VIF1_DMA_wait,92969447,212,1505,0
GIF_DMA_wait,92969711,43,1505,0
Packet_qwords,92976182,0,1505,141
VIF1_submit,92976171,5094,1505,0
VIF1_DMA_wait,92988736,61469,1505,0
GIF_DMA_wait,93050511,148,1505,0
Packet_qwords,93053382,0,1505,43
VIF1_submit,93053374,4908,1505,0
Dispatch,92955985,103386,1505,0
Static_bag,92947707,111776,1505,0
Bounds,93061204,5795,1505,0
VIF1_DMA_wait,93130565,448,1505,0
GIF_DMA_wait,93131311,98,1505,0
Packet_qwords,93138086,0,1505,141
VIF1_submit,93138075,4944,1505,0
VIF1_DMA_wait,93150126,61788,1505,0
GIF_DMA_wait,93212088,157,1505,0
Packet_qwords,93214704,0,1505,36
VIF1_submit,93214696,4830,1505,0
Dispatch,93074455,146172,1505,0
Static_bag,93060571,160152,1505,0
Bounds,93222668,5915,1505,0
VIF1_DMA_wait,93288497,346,1505,0
GIF_DMA_wait,93289191,90,1505,0
Packet_qwords,93295972,0,1505,141
VIF1_submit,93295961,5158,1505,0
VIF1_DMA_wait,93309004,61337,1505,0
GIF_DMA_wait,93370596,145,1505,0
Packet_qwords,93373752,0,1505,43
VIF1_submit,93373744,4992,1505,0
Dispatch,93236337,143476,1505,0
Static_bag,93221915,158052,1505,0
Bounds,93381976,5451,1505,0
Static_bag,93381167,6375,1505,0
Bounds,93388244,2624,1505,0
Static_bag,93387972,2982,1505,0
Bounds,93391654,2369,1505,0
Static_bag,93391424,2736,1505,0
Bounds,93394984,2265,1505,0
Static_bag,93394642,2743,1505,0
Bounds,93398014,2538,1505,0
Static_bag,93397834,2805,1505,0
Bounds,93401222,2163,1505,0
Static_bag,93400990,2482,1505,0
Bounds,93404038,2342,1505,0
Static_bag,93403860,2606,1505,0
Bounds,93407026,2829,1505,0
VIF1_DMA_wait,93429453,272,1505,0
GIF_DMA_wait,93429939,43,1505,0
Packet_qwords,93436402,0,1505,141
VIF1_submit,93436391,5230,1505,0
VIF1_DMA_wait,93449027,67912,1505,0
GIF_DMA_wait,93517164,139,1505,0
Packet_qwords,93520057,0,1505,43
VIF1_submit,93520049,4895,1505,0
Dispatch,93415279,110654,1505,0
Static_bag,93406842,119214,1505,0
Bounds,93527908,5793,1505,0
Static_bag,93527215,6574,1505,0
Bounds,93534466,3001,1505,0
Static_bag,93534251,3422,1505,0
Bounds,93538198,2805,1505,0
VIF1_DMA_wait,93581853,354,1505,0
GIF_DMA_wait,93582525,90,1505,0
Packet_qwords,93589130,0,1505,141
VIF1_submit,93589119,5124,1505,0
VIF1_DMA_wait,93601907,71383,1505,0
GIF_DMA_wait,93673554,145,1505,0
Packet_qwords,93676454,0,1505,43
VIF1_submit,93676446,4870,1505,0
Dispatch,93548371,134094,1505,0
Static_bag,93538018,144557,1505,0
Bounds,93684622,5739,1505,0
VIF1_DMA_wait,93730173,354,1505,0
GIF_DMA_wait,93730807,98,1505,0
Packet_qwords,93737576,0,1505,141
VIF1_submit,93737565,5286,1505,0
VIF1_DMA_wait,93750597,61246,1505,0
GIF_DMA_wait,93811938,41,1505,0
Packet_qwords,93814342,0,1505,43
VIF1_submit,93814334,14907,1505,0
Dispatch,93698259,132286,1505,0
Static_bag,93683991,146750,1505,0
Bounds,93832520,5621,1505,0
Static_bag,93831957,6289,1505,0
Bounds,93838910,2060,1505,0
Static_bag,93838678,2378,1505,0
Bounds,93841916,2843,1505,0
VIF1_DMA_wait,93905879,472,1505,0
GIF_DMA_wait,93906675,96,1505,0
Packet_qwords,93913184,0,1505,134
VIF1_submit,93913173,4968,1505,0
Dispatch,93852865,66556,1505,0
Static_bag,93841678,77863,1505,0
Bounds,93921157,5651,1505,0
VIF1_DMA_wait,94008245,484,1505,0
GIF_DMA_wait,94009033,98,1505,0
Packet_qwords,94015340,0,1505,127
VIF1_submit,94015329,5238,1505,0
Dispatch,93933843,87920,1505,0
Static_bag,93920753,101124,1505,0
Terrain,92581667,1441146,1505,0
Bounds,94024857,5598,1505,0
VIF1_DMA_wait,94048845,31128,1505,0
GIF_DMA_wait,94080255,98,1505,0
Packet_qwords,94082092,0,1505,34
VIF1_submit,94082081,4883,1505,0
Dispatch,94037757,50270,1505,0
Static_bag,94024323,63848,1505,0
Bounds,94089699,4450,1505,0
Static_bag,94089263,4991,1505,0
Bounds,94095121,2658,1505,0
VIF1_DMA_wait,94120927,310,1505,0
GIF_DMA_wait,94121469,43,1505,0
Packet_qwords,94123466,0,1505,40
VIF1_submit,94123455,16118,1505,0
Dispatch,94103793,37190,1505,0
Static_bag,94094885,46220,1505,0
Bounds,94142774,5665,1505,0
VIF1_DMA_wait,94158819,359,1505,0
GIF_DMA_wait,94159431,43,1505,0
Packet_qwords,94161146,0,1505,36
VIF1_submit,94161135,5161,1505,0
Dispatch,94154953,12526,1505,0
Static_bag,94142265,25310,1505,0
Bounds,94169206,4892,1505,0
VIF1_DMA_wait,94193749,350,1505,0
GIF_DMA_wait,94194336,99,1505,0
Packet_qwords,94196954,0,1505,57
VIF1_submit,94196943,4969,1505,0
Dispatch,94180353,22984,1505,0
Static_bag,94168751,34698,1505,0
Bounds,94205036,5286,1505,0
VIF1_DMA_wait,94236005,300,1505,0
GIF_DMA_wait,94236531,43,1505,0
Packet_qwords,94238696,0,1505,43
VIF1_submit,94238685,5089,1505,0
Dispatch,94217319,27760,1505,0
Static_bag,94204457,40728,1505,0
Bounds,94246749,4883,1505,0
VIF1_DMA_wait,94275097,298,1505,0
GIF_DMA_wait,94275595,43,1505,0
Packet_qwords,94277368,0,1505,40
VIF1_submit,94277357,4913,1505,0
Dispatch,94257585,25850,1505,0
Static_bag,94246373,48454,1505,0
Bounds,94296483,5248,1505,0
Static_bag,94295987,5897,1505,0
Static_batches,94022851,279392,1505,0
Bounds,94303241,2334,1505,0
Static_bag,94302892,2839,1505,0
Bounds,94306306,2200,1505,0
Static_bag,94306029,2665,1505,0
Bounds,94309312,2152,1505,0
Static_bag,94309041,2542,1505,0
Bounds,94312274,2122,1505,0
Static_bag,94311947,2535,1505,0
Bounds,94315142,2016,1505,0
Static_bag,94314813,2431,1505,0
Bounds,94317956,2292,1505,0
Static_bag,94317617,2763,1505,0
Bounds,94321022,2532,1505,0
Static_bag,94320663,3065,1505,0
Bounds,94324328,2004,1505,0
Static_bag,94323999,2419,1505,0
Bounds,94327094,2444,1505,0
Static_bag,94326765,2859,1505,0
Bounds,94330222,2098,1505,0
Static_bag,94329953,2493,1505,0
Bounds,94333106,2334,1505,0
Static_bag,94332753,2803,1505,0
Bounds,94336252,2294,1505,0
Static_bag,94335935,2732,1505,0
Bounds,94339336,2042,1505,0
Static_bag,94338981,2518,1505,0
Bounds,94342256,2212,1505,0
Static_bag,94341881,2710,1505,0
Bounds,94345228,2432,1505,0
Static_bag,94344915,2975,1505,0
Bounds,94348462,2344,1505,0
Static_bag,94348199,2771,1505,0
Bounds,94351708,2679,1505,0
Static_bag,94351301,3251,1505,0
Bounds,94355212,2583,1505,0
Static_bag,94354881,3113,1505,0
Bounds,94358578,2589,1505,0
Static_bag,94358319,3006,1505,0
Bounds,94362032,2225,1505,0
Static_bag,94361723,2654,1505,0
Bounds,94364996,2247,1505,0
Static_bag,94364747,2640,1505,0
Bounds,94368062,2344,1505,0
Static_bag,94367751,2855,1505,0
Bounds,94371208,2739,1505,0
Static_bag,94370901,3206,1505,0
Bounds,94374692,2405,1505,0
Static_bag,94374387,2840,1505,0
Bounds,94377904,2509,1505,0
Static_bag,94377611,2924,1505,0
Bounds,94381168,2521,1505,0
Static_bag,94380876,3014,1505,0
Bounds,94384466,2531,1505,0
Static_bag,94384197,2969,1505,0
Bounds,94387814,2969,1505,0
VIF1_DMA_wait,94428599,472,1505,0
GIF_DMA_wait,94429399,102,1505,0
Packet_qwords,94432606,0,1505,64
VIF1_submit,94432595,4984,1505,0
Dispatch,94398961,39660,1505,0
Static_bag,94387515,51254,1505,0
Bounds,94452542,5629,1505,0
VIF1_DMA_wait,94519659,414,1505,0
GIF_DMA_wait,94520407,92,1505,0
Packet_qwords,94527148,0,1505,141
VIF1_submit,94527137,5237,1505,0
VIF1_DMA_wait,94542017,60340,1505,0
GIF_DMA_wait,94602620,95,1505,0
Packet_qwords,94606697,0,1505,57
VIF1_submit,94606689,4686,1505,0
Dispatch,94466315,146090,1505,0
Static_bag,94451997,160504,1505,0
Bounds,94614014,6115,1505,0
VIF1_DMA_wait,94642165,324,1505,0
GIF_DMA_wait,94642675,98,1505,0
Packet_qwords,94649186,0,1505,141
VIF1_submit,94649175,5029,1505,0
VIF1_DMA_wait,94663335,59680,1505,0
GIF_DMA_wait,94723110,41,1505,0
Packet_qwords,94726228,0,1505,57
VIF1_submit,94726220,4046,1505,0
Dispatch,94626643,104526,1505,0
Static_bag,94613403,117884,1505,0
Bounds,94732556,5362,1505,0
VIF1_DMA_wait,94771031,429,1505,0
GIF_DMA_wait,94771697,43,1505,0
Packet_qwords,94778336,0,1505,141
VIF1_submit,94778325,5298,1505,0
VIF1_DMA_wait,94793061,59290,1505,0
GIF_DMA_wait,94852446,41,1505,0
Packet_qwords,94855626,0,1505,57
VIF1_submit,94855618,4062,1505,0
Dispatch,94743759,116860,1505,0
Static_bag,94732053,128782,1505,0
Bounds,94862420,5983,1505,0
VIF1_DMA_wait,94886475,3912,1505,0
GIF_DMA_wait,94890573,154,1505,0
Packet_qwords,94895840,0,1505,113
VIF1_submit,94895829,5091,1505,0
Dispatch,94874851,27060,1505,0
Static_bag,94861689,40362,1505,0
Bounds,94903138,18269,1505,0
VIF1_DMA_wait,94934107,16229,1505,0
GIF_DMA_wait,94950579,98,1505,0
Packet_qwords,94953008,0,1505,50
VIF1_submit,94952997,5222,1505,0
Dispatch,94928649,30550,1505,0
Static_bag,94902771,56522,1505,0
Bounds,94961012,5518,1505,0
VIF1_DMA_wait,94975981,240,1505,0
GIF_DMA_wait,94976323,98,1505,0
Packet_qwords,94978534,0,1505,50
VIF1_submit,94978523,4963,1505,0
Dispatch,94971747,12778,1505,0
Static_bag,94960259,24378,1505,0
Bounds,94985932,4960,1505,0
VIF1_DMA_wait,95008911,414,1505,0
GIF_DMA_wait,95009558,44,1505,0
Packet_qwords,95012008,0,1505,50
VIF1_submit,95011997,4955,1505,0
Dispatch,94997673,20362,1505,0
Static_bag,94985463,32696,1505,0
Bounds,95019538,5426,1505,0
VIF1_DMA_wait,95040437,378,1505,0
GIF_DMA_wait,95041029,96,1505,0
Packet_qwords,95042800,0,1505,36
VIF1_submit,95042789,4895,1505,0
Dispatch,95032017,16690,1505,0
Static_bag,95018991,29862,1505,0
Bounds,95049950,4619,1505,0
Static_bag,95049515,5253,1505,0
Bounds,95055520,2352,1505,0
Static_bag,95055224,2734,1505,0
Bounds,95058554,13586,1505,0
Static_bag,95058263,14269,1505,0
Bounds,95073470,3706,1505,0
Static_bag,95073091,4228,1505,0
Bounds,95077864,2081,1505,0
Static_bag,95077629,2512,1505,0
Bounds,95080690,2062,1505,0
Static_bag,95080437,2458,1505,0
Bounds,95083504,2218,1505,0
Static_bag,95083245,2654,1505,0
Bounds,95086430,2400,1505,0
Static_bag,95086211,2832,1505,0
Bounds,95089658,2699,1505,0
VIF1_DMA_wait,95122823,430,1505,0
GIF_DMA_wait,95123557,146,1505,0
Packet_qwords,95126284,0,1505,50
VIF1_submit,95126273,5106,1505,0
Dispatch,95100329,32292,1505,0
Static_bag,95089403,43314,1505,0
Bounds,95134180,5722,1505,0
VIF1_DMA_wait,95150562,235,1505,0
GIF_DMA_wait,95150949,43,1505,0
Packet_qwords,95153066,0,1505,50
VIF1_submit,95153055,4929,1505,0
Dispatch,95145837,12980,1505,0
Static_bag,95133603,25310,1505,0
Bounds,95159776,15941,1505,0
VIF1_DMA_wait,95187063,23661,1505,0
GIF_DMA_wait,95210875,156,1505,0
Packet_qwords,95213324,0,1505,50
VIF1_submit,95213313,15014,1505,0
Dispatch,95181963,47980,1505,0
Static_bag,95159449,70628,1505,0
Bounds,95231816,6173,1505,0
VIF1_DMA_wait,95248443,274,1505,0
GIF_DMA_wait,95248819,43,1505,0
Packet_qwords,95251072,0,1505,50
VIF1_submit,95251061,5329,1505,0
Dispatch,95243791,13696,1505,0
Static_bag,95231091,26506,1505,0
Bounds,95258812,5182,1505,0
VIF1_DMA_wait,95271900,293,1505,0
GIF_DMA_wait,95272345,43,1505,0
Packet_qwords,95273984,0,1505,36
VIF1_submit,95273973,4885,1505,0
Dispatch,95269131,10690,1505,0
Static_bag,95258379,21599,1505,0
Bounds,95281102,4605,1505,0
Static_bag,95280693,5119,1505,0
Bounds,95286490,2354,1505,0
Static_bag,95286219,2711,1505,0
Bounds,95289514,2528,1505,0
VIF1_DMA_wait,95307675,420,1505,0
GIF_DMA_wait,95308435,98,1505,0
Packet_qwords,95310004,0,1505,36
VIF1_submit,95309993,4843,1505,0
Dispatch,95298759,17152,1505,0
Static_bag,95289249,26782,1505,0
Bounds,95317256,4696,1505,0
VIF1_DMA_wait,95339895,356,1505,0
GIF_DMA_wait,95340511,98,1505,0
Packet_qwords,95343028,0,1505,50
VIF1_submit,95343017,4967,1505,0
Dispatch,95329149,19940,1505,0
Static_bag,95316821,32388,1505,0
Bounds,95350642,5062,1505,0
VIF1_DMA_wait,95371217,378,1505,0
GIF_DMA_wait,95371863,96,1505,0
Packet_qwords,95384914,0,1505,36
VIF1_submit,95384903,5338,1505,0
Dispatch,95362701,28766,1505,0
Static_bag,95350083,41498,1505,0
Bounds,95392930,4917,1505,0
Static_bag,95392461,5575,1505,0
Bounds,95398618,2267,1505,0
Static_bag,95398371,2729,1505,0
Bounds,95401736,2357,1505,0
Static_bag,95401415,2798,1505,0
Bounds,95404880,2431,1505,0
Static_bag,95404601,2796,1505,0
Bounds,95408044,2429,1505,0
Static_bag,95407744,2815,1505,0
Bounds,95411152,2250,1505,0
Static_bag,95410871,2617,1505,0
Bounds,95414108,2112,1505,0
Static_bag,95413823,2532,1505,0
Bounds,95416970,2064,1505,0
Static_bag,95416685,2435,1505,0
Bounds,95419772,2078,1505,0
Static_bag,95419487,2449,1505,0
Bounds,95422552,2076,1505,0
Static_bag,95422271,2493,1505,0
Bounds,95425480,1990,1505,0
Static_bag,95425107,2449,1505,0
Bounds,95428214,1934,1505,0
Static_bag,95427929,2354,1505,0
Bounds,95430914,1998,1505,0
Static_bag,95430605,2445,1505,0
Bounds,95433650,2106,1505,0
Static_bag,95433365,2526,1505,0
Bounds,95436490,2443,1505,0
Static_bag,95436209,2862,1505,0
Bounds,95439668,2879,1505,0
VIF1_DMA_wait,95461803,480,1505,0
GIF_DMA_wait,95462619,96,1505,0
Packet_qwords,95464742,0,1505,43
VIF1_submit,95464731,4909,1505,0
Dispatch,95450397,20336,1505,0
Static_bag,95439389,31502,1505,0
Bounds,95472286,5398,1505,0
VIF1_DMA_wait,95487846,229,1505,0
GIF_DMA_wait,95488221,43,1505,0
Packet_qwords,95490382,0,1505,50
VIF1_submit,95490371,4895,1505,0
Dispatch,95483531,12744,1505,0
Static_bag,95471691,24706,1505,0
Bounds,95497502,5230,1505,0
VIF1_DMA_wait,95512230,299,1505,0
GIF_DMA_wait,95512675,43,1505,0
Packet_qwords,95514866,0,1505,50
VIF1_submit,95514855,4957,1505,0
Dispatch,95507877,12946,1505,0
Static_bag,95497005,23912,1505,0
Bounds,95522242,5024,1505,0
VIF1_DMA_wait,95558379,474,1505,0
GIF_DMA_wait,95559165,96,1505,0
Packet_qwords,95561582,0,1505,50
VIF1_submit,95561571,5268,1505,0
Dispatch,95546361,21638,1505,0
Static_bag,95521815,46298,1505,0
Bounds,95569700,5554,1505,0
VIF1_DMA_wait,95606299,364,1505,0
GIF_DMA_wait,95606929,98,1505,0
Packet_qwords,95610442,0,1505,71
VIF1_submit,95610431,5035,1505,0
Dispatch,95582741,33768,1505,0
Static_bag,95569039,47602,1505,0
Bounds,95618056,5079,1505,0
Static_bag,95617491,5851,1505,0
Bounds,95624266,2313,1505,0
Static_bag,95623871,2794,1505,0
Bounds,95627302,2797,1505,0
Static_bag,95627009,3303,1505,0
Bounds,95630944,3023,1505,0
Static_bag,95630627,3507,1505,0
Bounds,95634806,2473,1505,0
Static_bag,95634501,2933,1505,0
Bounds,95638402,2337,1505,0
Static_bag,95637953,2919,1505,0
Bounds,95641520,2469,1505,0
Static_bag,95641247,2867,1505,0
Bounds,95644738,2449,1505,0
Static_bag,95644465,2858,1505,0
Bounds,95647942,2276,1505,0
Static_bag,95647679,2625,1505,0
Bounds,95651002,2391,1505,0
Static_bag,95650708,2805,1505,0
Bounds,95654146,2314,1505,0
Static_bag,95653835,2787,1505,0
Bounds,95657284,2802,1505,0
VIF1_DMA_wait,95701151,441,1505,0
GIF_DMA_wait,95701887,96,1505,0
Packet_qwords,95704600,0,1505,57
VIF1_submit,95704589,5332,1505,0
Dispatch,95667335,43604,1505,0
Static_bag,95656955,54126,1505,0
Bounds,95712620,5693,1505,0
Static_bag,95711973,6445,1505,0
Bounds,95719124,2306,1505,0
Static_bag,95718845,2671,1505,0
Bounds,95722468,2326,1505,0
Static_bag,95722063,2851,1505,0
Bounds,95725552,2829,1505,0
VIF1_DMA_wait,95760915,354,1505,0
GIF_DMA_wait,95761585,98,1505,0
Packet_qwords,95775298,0,1505,43
VIF1_submit,95775287,5304,1505,0
Dispatch,95736313,45574,1505,0
Static_bag,95725227,56750,1505,0
Procedural,94302413,1479966,1505,0
Bounds,95791510,5339,1505,0
VIF1_DMA_wait,95819781,376,1505,0
GIF_DMA_wait,95820297,96,1505,0
Packet_qwords,95826892,0,1505,141
VIF1_submit,95826881,5225,1505,0
VIF1_DMA_wait,95860895,40599,1505,0
GIF_DMA_wait,95901720,44,1505,0
Packet_qwords,95907941,0,1505,113
VIF1_submit,95907933,4860,1505,0
Dispatch,95804203,109943,1505,0
Static_bag,95791025,123289,1505,0
Bounds,96145921,5414,1505,0
VIF1_DMA_wait,96181983,401,1505,0
GIF_DMA_wait,96182677,43,1505,0
Packet_qwords,96189406,0,1505,145
VIF1_submit,96189395,5476,1505,0
VIF1_DMA_wait,96209681,66440,1505,0
GIF_DMA_wait,96276266,41,1505,0
Packet_qwords,96281818,0,1505,113
VIF1_submit,96281810,4214,1505,0
Dispatch,96167157,120029,1505,0
Static_bag,96145383,141910,1505,0
Bounds,96288732,5258,1505,0
VIF1_DMA_wait,96324485,47305,1505,0
GIF_DMA_wait,96372125,102,1505,0
Packet_qwords,96378418,0,1505,120
VIF1_submit,96378407,5308,1505,0
Dispatch,96299349,85628,1505,0
Static_bag,96287905,97168,1505,0
Bounds,96386529,5716,1505,0
VIF1_DMA_wait,96401655,36456,1505,0
GIF_DMA_wait,96438253,100,1505,0
Packet_qwords,96440134,0,1505,40
VIF1_submit,96440123,4907,1505,0
Dispatch,96397231,48744,1505,0
Static_bag,96385783,60280,1505,0
Object,95790603,656114,1505,2
Bounds,96449305,5130,1505,0
Static_bag,96448865,5696,1505,0
Object,96448527,6333,1505,4
Bounds,96474898,4430,1505,0
Static_bag,96474459,5095,1505,0
Object,96474087,6246,1505,8
Bounds,96483841,3446,1505,0
Static_bag,96483603,3770,1505,0
Object,96483407,4223,1505,9
Bounds,96490153,2913,1505,0
Static_bag,96489958,3193,1505,0
Object,96489754,3563,1505,10
Bounds,96495715,2978,1505,0
Static_bag,96495525,3295,1505,0
Object,96495332,3643,1505,11
Object,96499652,106,1505,12
Object,96500182,58,1505,13
Object,96500692,66,1505,14
Object,96501214,66,1505,15
Object,96501704,70,1505,16
Object,96502280,70,1505,17
Object,96502820,56,1505,18
Object,96503288,70,1505,19
Object,96503848,72,1505,20
Object,96504316,72,1505,21
Object,96504784,72,1505,22
Bounds,96506098,3224,1505,0
Static_bag,96505762,3678,1505,0
Object,96505606,4122,1505,27
Bounds,96510772,2667,1505,0
Static_bag,96510538,2986,1505,0
Object,96510398,3394,1505,30
Bounds,96515875,2906,1505,0
Static_bag,96515649,3267,1505,0
Object,96515512,3674,1505,32
Bounds,96521295,2789,1505,0
Static_bag,96521025,3144,1505,0
Object,96520834,3596,1505,34
Bounds,96527770,3305,1505,0
VIF1_DMA_wait,96565279,416,1505,0
GIF_DMA_wait,96566031,96,1505,0
Packet_qwords,96570358,0,1505,92
VIF1_submit,96570347,5032,1505,0
Dispatch,96539333,37170,1505,0
Static_bag,96527470,49203,1505,0
Bounds,96578048,5028,1505,0
VIF1_DMA_wait,96653717,466,1505,0
GIF_DMA_wait,96654513,96,1505,0
Packet_qwords,96661282,0,1505,141
VIF1_submit,96661271,5194,1505,0
VIF1_DMA_wait,96676031,128710,1505,0
GIF_DMA_wait,96804932,147,1505,0
Packet_qwords,96808424,0,1505,57
VIF1_submit,96808416,4828,1505,0
Dispatch,96590369,223858,1505,0
Static_bag,96577467,236870,1505,0
Bounds,96815636,5173,1505,0
VIF1_DMA_wait,96882573,364,1505,0
GIF_DMA_wait,96883287,96,1505,0
Packet_qwords,96889988,0,1505,141
VIF1_submit,96889977,5143,1505,0
VIF1_DMA_wait,96906428,63901,1505,0
GIF_DMA_wait,96970592,147,1505,0
Packet_qwords,96975173,0,1505,71
VIF1_submit,96975165,4896,1505,0
Dispatch,96828749,152222,1505,0
Static_bag,96815083,166020,1505,0
Bounds,96982532,5767,1505,0
VIF1_DMA_wait,97011093,10680,1505,0
GIF_DMA_wait,97022053,150,1505,0
Packet_qwords,97024916,0,1505,57
VIF1_submit,97024905,4953,1505,0
Dispatch,96996415,34554,1505,0
Static_bag,96981801,49322,1505,0
Bounds,97032274,5152,1505,0
VIF1_DMA_wait,97055339,360,1505,0
GIF_DMA_wait,97056009,43,1505,0
Packet_qwords,97057918,0,1505,43
VIF1_submit,97057907,4805,1505,0
Dispatch,97044529,19396,1505,0
Static_bag,97031749,32304,1505,0
Object,96527290,537335,1505,35
Bounds,97067259,4991,1505,0
VIF1_DMA_wait,97101833,435,1505,0
GIF_DMA_wait,97102593,43,1505,0
Packet_qwords,97104538,0,1505,34
VIF1_submit,97104527,4890,1505,0
Dispatch,97078221,32360,1505,0
Static_bag,97066833,43940,1505,0
Object,97066377,44844,1505,36
Bounds,97116584,5017,1505,0
VIF1_DMA_wait,97155689,394,1505,0
GIF_DMA_wait,97156365,96,1505,0
Packet_qwords,97160728,0,1505,92
VIF1_submit,97160717,5005,1505,0
Dispatch,97129855,37006,1505,0
Static_bag,97116055,50902,1505,0
Bounds,97168160,4920,1505,0
VIF1_DMA_wait,97229897,318,1505,0
GIF_DMA_wait,97230541,43,1505,0
Packet_qwords,97237172,0,1505,141
VIF1_submit,97237161,5173,1505,0
VIF1_DMA_wait,97264753,110168,1505,0
GIF_DMA_wait,97375110,97,1505,0
Packet_qwords,97378583,0,1505,57
VIF1_submit,97378575,5076,1505,0
Dispatch,97180623,203930,1505,0
Static_bag,97167705,216960,1505,0
Bounds,97385986,5093,1505,0
VIF1_DMA_wait,97468727,436,1505,0
GIF_DMA_wait,97469481,96,1505,0
Packet_qwords,97476274,0,1505,141
VIF1_submit,97476263,5020,1505,0
VIF1_DMA_wait,97492634,60245,1505,0
GIF_DMA_wait,97553024,41,1505,0
Packet_qwords,97571320,0,1505,71
VIF1_submit,97571312,5168,1505,0
Dispatch,97399281,178282,1505,0
Static_bag,97385419,192270,1505,0
Bounds,97579130,5671,1505,0
VIF1_DMA_wait,97608309,10234,1505,0
GIF_DMA_wait,97618761,148,1505,0
Packet_qwords,97621580,0,1505,57
VIF1_submit,97621569,4987,1505,0
Dispatch,97593225,34412,1505,0
Static_bag,97578441,49304,1505,0
Bounds,97628998,4982,1505,0
VIF1_DMA_wait,97651348,337,1505,0
GIF_DMA_wait,97651911,43,1505,0
Packet_qwords,97653832,0,1505,43
VIF1_submit,97653821,4913,1505,0
Dispatch,97641107,18798,1505,0
Static_bag,97628437,31588,1505,0
Object,97115721,545000,1505,37
Bounds,97666594,4932,1505,0
VIF1_DMA_wait,97691973,437,1505,0
GIF_DMA_wait,97692721,43,1505,0
Packet_qwords,97694884,0,1505,43
VIF1_submit,97694873,4867,1505,0
Dispatch,97678785,21974,1505,0
Static_bag,97666107,34880,1505,0
Bounds,97702376,5166,1505,0
VIF1_DMA_wait,97747623,390,1505,0
GIF_DMA_wait,97748365,98,1505,0
Packet_qwords,97751398,0,1505,64
VIF1_submit,97751387,5218,1505,0
Dispatch,97725959,31758,1505,0
Static_bag,97701743,56082,1505,0
Bounds,97759564,5471,1505,0
Static_bag,97758759,6469,1505,0
Bounds,97765876,2457,1505,0
Static_bag,97765632,2787,1505,0
Bounds,97769144,3114,1505,0
VIF1_DMA_wait,97789915,439,1505,0
GIF_DMA_wait,97790695,43,1505,0
Packet_qwords,97792592,0,1505,36
VIF1_submit,97792581,4827,1505,0
Dispatch,97780049,18314,1505,0
Static_bag,97768803,29678,1505,0
Object,97665763,133384,1505,39
Bounds,97804606,4912,1505,0
VIF1_DMA_wait,97824399,305,1505,0
GIF_DMA_wait,97824887,43,1505,0
Packet_qwords,97829080,0,1505,92
VIF1_submit,97829069,5053,1505,0
Dispatch,97815075,20132,1505,0
Static_bag,97804079,31250,1505,0
Bounds,97836616,5056,1505,0
VIF1_DMA_wait,97860891,19704,1505,0
GIF_DMA_wait,97880983,90,1505,0
Packet_qwords,97888076,0,1505,141
VIF1_submit,97888065,5220,1505,0
VIF1_DMA_wait,97903389,60616,1505,0
GIF_DMA_wait,97964136,43,1505,0
Packet_qwords,97967130,0,1505,57
VIF1_submit,97967122,4122,1505,0
Dispatch,97847050,125085,1505,0
Static_bag,97836013,136218,1505,0
Bounds,97973908,5529,1505,0
VIF1_DMA_wait,97999733,2977,1505,0
GIF_DMA_wait,98002803,98,1505,0
Packet_qwords,98009266,0,1505,141
VIF1_submit,98009255,5129,1505,0
VIF1_DMA_wait,98038319,44806,1505,0
GIF_DMA_wait,98083483,100,1505,0
Packet_qwords,98088037,0,1505,78
VIF1_submit,98088029,4888,1505,0
Dispatch,97985601,108400,1505,0
Static_bag,97973139,121048,1505,0
Bounds,98095724,6107,1505,0
VIF1_DMA_wait,98114534,22966,1505,0
GIF_DMA_wait,98137706,93,1505,0
Packet_qwords,98140378,0,1505,57
VIF1_submit,98140367,4859,1505,0
Dispatch,98107977,38298,1505,0
Static_bag,98094937,51508,1505,0
Bounds,98147590,5216,1505,0
VIF1_DMA_wait,98174769,356,1505,0
GIF_DMA_wait,98175339,43,1505,0
Packet_qwords,98178062,0,1505,57
VIF1_submit,98178051,13790,1505,0
Dispatch,98157961,35360,1505,0
Static_bag,98147069,46368,1505,0
Object,97803781,390364,1505,41
Bounds,98196723,5752,1505,0
VIF1_DMA_wait,98211115,361,1505,0
GIF_DMA_wait,98211577,43,1505,0
Packet_qwords,98213314,0,1505,34
VIF1_submit,98213303,5053,1505,0
Dispatch,98207573,11802,1505,0
Static_bag,98196175,23354,1505,0
Object,98195769,24216,1505,42
Bounds,98225386,4575,1505,0
VIF1_DMA_wait,98242447,289,1505,0
GIF_DMA_wait,98242837,43,1505,0
Packet_qwords,98246126,0,1505,71
VIF1_submit,98246115,4999,1505,0
Dispatch,98235141,16976,1505,0
Static_bag,98224907,27306,1505,0
Bounds,98253422,5110,1505,0
VIF1_DMA_wait,98277438,275,1505,0
GIF_DMA_wait,98277813,43,1505,0
Packet_qwords,98283950,0,1505,134
VIF1_submit,98283939,5197,1505,0
Dispatch,98264259,25900,1505,0
Static_bag,98252923,37348,1505,0
Bounds,98291504,5268,1505,0
VIF1_DMA_wait,98316299,37648,1505,0
GIF_DMA_wait,98354258,99,1505,0
Packet_qwords,98361364,0,1505,141
VIF1_submit,98361353,5104,1505,0
Dispatch,98302117,65671,1505,0
Static_bag,98290997,76908,1505,0
Bounds,98369354,5597,1505,0
VIF1_DMA_wait,98385769,49343,1505,0
GIF_DMA_wait,98435251,100,1505,0
Packet_qwords,98437316,0,1505,43
VIF1_submit,98437305,4929,1505,0
Dispatch,98380905,62314,1505,0
Static_bag,98368675,74668,1505,0
Bounds,98444524,5216,1505,0
VIF1_DMA_wait,98459898,211,1505,0
GIF_DMA_wait,98460301,43,1505,0
Packet_qwords,98462854,0,1505,57
VIF1_submit,98462843,4871,1505,0
Dispatch,98454595,14124,1505,0
Static_bag,98443993,24886,1505,0
Object,98224543,244868,1505,43
Bounds,98477211,4720,1505,0
Static_bag,98476745,5411,1505,0
Object,98476413,6019,1505,52
Bounds,98487652,2568,1505,0
Static_bag,98487363,2978,1505,0
Object,98487228,3326,1505,59
Bounds,98492054,13858,1505,0
Static_bag,98491692,14640,1505,0
Object,98491496,15047,1505,60
Bounds,98509028,3781,1505,0
VIF1_DMA_wait,98528217,389,1505,0
GIF_DMA_wait,98528781,43,1505,0
Packet_qwords,98532704,0,1505,85
VIF1_submit,98532693,5298,1505,0
Dispatch,98519031,19952,1505,0
Static_bag,98508619,30460,1505,0
Object,98508303,31460,1505,61
Bounds,98543684,5406,1505,0
VIF1_DMA_wait,98564575,5099,1505,0
GIF_DMA_wait,98569868,99,1505,0
Packet_qwords,98573842,0,1505,85
VIF1_submit,98573831,5039,1505,0
Dispatch,98555371,24484,1505,0
Static_bag,98543132,36849,1505,0
Object,98542875,37712,1505,62
Bounds,98584084,4973,1505,0
Static_bag,98583613,5672,1505,0
Object,98583303,6165,1505,63
Bounds,98591036,2465,1505,0
Static_bag,98590679,3023,1505,0
Object,98590508,3416,1505,64
Bounds,98595488,2741,1505,0
Static_bag,98595214,3135,1505,0
Object,98594860,3668,1505,65
Bounds,98600210,3184,1505,0
VIF1_DMA_wait,98618457,311,1505,0
GIF_DMA_wait,98618978,44,1505,0
Packet_qwords,98622902,0,1505,85
VIF1_submit,98622891,5053,1505,0
Dispatch,98609881,19210,1505,0
Static_bag,98599810,29395,1505,0
Object,98599448,30409,1505,66
Bounds,98633578,5225,1505,0
VIF1_DMA_wait,98667215,405,1505,0
GIF_DMA_wait,98667931,43,1505,0
Packet_qwords,98672008,0,1505,85
VIF1_submit,98671997,5164,1505,0
Dispatch,98645359,32956,1505,0
Static_bag,98633060,45389,1505,0
Object,98632813,46162,1505,67
Bounds,98682620,4739,1505,0
Static_bag,98682091,5495,1505,0
Object,98681721,6221,1505,68
Bounds,98689694,2206,1505,0
Static_bag,98689349,2688,1505,0
Object,98689216,3122,1505,69
Bounds,98694382,3041,1505,0
VIF1_DMA_wait,98713059,317,1505,0
GIF_DMA_wait,98713598,44,1505,0
Packet_qwords,98717312,0,1505,78
VIF1_submit,98717301,5077,1505,0
Dispatch,98704605,18838,1505,0
Static_bag,98693982,29555,1505,0
Bounds,98724836,5224,1505,0
VIF1_DMA_wait,98741112,9057,1505,0
GIF_DMA_wait,98750313,98,1505,0
Packet_qwords,98752858,0,1505,57
VIF1_submit,98752847,4853,1505,0
Dispatch,98735527,23196,1505,0
Static_bag,98724211,34630,1505,0
Object,98693706,65733,1505,70
Bounds,98774146,5175,1505,0
VIF1_DMA_wait,98793997,391,1505,0
GIF_DMA_wait,98794617,43,1505,0
Packet_qwords,98798336,0,1505,78
VIF1_submit,98798325,5304,1505,0
Dispatch,98785587,19010,1505,0
Static_bag,98773615,31111,1505,0
Bounds,98806204,17627,1505,0
VIF1_DMA_wait,98836437,338,1505,0
GIF_DMA_wait,98836827,47,1505,0
Packet_qwords,98839396,0,1505,57
VIF1_submit,98839385,5285,1505,0
Dispatch,98830517,15194,1505,0
Static_bag,98805493,40348,1505,0
Object,98773233,73188,1505,71
Bounds,98850406,4493,1505,0
Static_bag,98849803,5349,1505,0
Bounds,98855638,2125,1505,0
Static_bag,98855381,2468,1505,0
Object,98849433,8575,1505,72
Bounds,98859664,2804,1505,0
VIF1_DMA_wait,98875875,317,1505,0
GIF_DMA_wait,98876366,44,1505,0
Packet_qwords,98879984,0,1505,78
VIF1_submit,98879973,5071,1505,0
Dispatch,98867955,18146,1505,0
Static_bag,98859243,26954,1505,0
Bounds,98887438,5116,1505,0
VIF1_DMA_wait,98903934,7299,1505,0
GIF_DMA_wait,98911377,98,1505,0
Packet_qwords,98913932,0,1505,57
VIF1_submit,98913921,4867,1505,0
Dispatch,98898339,21570,1505,0
Static_bag,98886883,33142,1505,0
Object,98859104,61495,1505,73
Bounds,98927276,4672,1505,0
VIF1_DMA_wait,98985533,448,1505,0
GIF_DMA_wait,98986291,98,1505,0
Packet_qwords,98989000,0,1505,50
VIF1_submit,98988989,5134,1505,0
Dispatch,98938911,56396,1505,0
Static_bag,98926841,68562,1505,0
Bounds,98996948,5537,1505,0
VIF1_DMA_wait,99027305,348,1505,0
GIF_DMA_wait,99027867,43,1505,0
Packet_qwords,99030778,0,1505,64
VIF1_submit,99030767,4985,1505,0
Dispatch,99010045,26842,1505,0
Static_bag,98996319,40726,1505,0
Bounds,99038332,5252,1505,0
VIF1_DMA_wait,99067163,264,1505,0
GIF_DMA_wait,99067731,43,1505,0
Packet_qwords,99069580,0,1505,36
VIF1_submit,99069569,4981,1505,0
Dispatch,99051549,24122,1505,0
Static_bag,99037795,37966,1505,0
Object,98926411,149932,1505,75
Bounds,99081296,5198,1505,0
VIF1_DMA_wait,99097489,337,1505,0
GIF_DMA_wait,99097979,43,1505,0
Packet_qwords,99099950,0,1505,43
VIF1_submit,99099939,4885,1505,0
Dispatch,99092529,13330,1505,0
Static_bag,99080841,25112,1505,0
Bounds,99107426,4848,1505,0
VIF1_DMA_wait,99136595,417,1505,0
GIF_DMA_wait,99137311,43,1505,0
Packet_qwords,99140516,0,1505,64
VIF1_submit,99140505,5066,1505,0
Dispatch,99117555,29068,1505,0
Static_bag,99106691,40095,1505,0
Bounds,99148214,5837,1505,0
VIF1_DMA_wait,99163234,219,1505,0
GIF_DMA_wait,99163555,47,1505,0
Packet_qwords,99165118,0,1505,36
VIF1_submit,99165107,4835,1505,0
Dispatch,99160297,10660,1505,0
Static_bag,99147475,23686,1505,0
Object,99080451,91166,1505,76
Bounds,99176416,4720,1505,0
VIF1_DMA_wait,99190431,311,1505,0
GIF_DMA_wait,99190920,44,1505,0
Packet_qwords,99192980,0,1505,43
VIF1_submit,99192969,4993,1505,0
Dispatch,99186357,12604,1505,0
Static_bag,99176045,23010,1505,0
Bounds,99200522,4974,1505,0
VIF1_DMA_wait,99216316,189,1505,0
GIF_DMA_wait,99216659,43,1505,0
Packet_qwords,99219506,0,1505,64
VIF1_submit,99219495,4861,1505,0
Dispatch,99210387,15002,1505,0
Static_bag,99199813,25688,1505,0
Bounds,99226864,5282,1505,0
VIF1_DMA_wait,99240480,807,1505,0
GIF_DMA_wait,99241387,100,1505,0
Packet_qwords,99243136,0,1505,36
VIF1_submit,99243125,4843,1505,0
Dispatch,99237759,11098,1505,0
Static_bag,99226345,22660,1505,0
Object,99175729,73834,1505,77
Bounds,99254372,4698,1505,0
VIF1_DMA_wait,99268165,295,1505,0
GIF_DMA_wait,99268611,43,1505,0
Packet_qwords,99270662,0,1505,43
VIF1_submit,99270651,15464,1505,0
Dispatch,99264291,23318,1505,0
Static_bag,99253985,33744,1505,0
Bounds,99289316,5377,1505,0
VIF1_DMA_wait,99306907,367,1505,0
GIF_DMA_wait,99307427,43,1505,0
Packet_qwords,99310364,0,1505,64
VIF1_submit,99310353,5167,1505,0
Dispatch,99300343,16200,1505,0
Static_bag,99288671,27968,1505,0
Bounds,99317992,5222,1505,0
VIF1_DMA_wait,99331787,802,1505,0
GIF_DMA_wait,99332739,98,1505,0
Packet_qwords,99334390,0,1505,36
VIF1_submit,99334379,4825,1505,0
Dispatch,99328995,11226,1505,0
Static_bag,99317471,22892,1505,0
Object,99253669,87212,1505,78
Bounds,99345802,4738,1505,0
VIF1_DMA_wait,99360141,347,1505,0
GIF_DMA_wait,99360668,44,1505,0
Packet_qwords,99362708,0,1505,43
VIF1_submit,99362697,15224,1505,0
Dispatch,99356115,23322,1505,0
Static_bag,99345313,34218,1505,0
Bounds,99381046,5501,1505,0
VIF1_DMA_wait,99399129,295,1505,0
GIF_DMA_wait,99399573,43,1505,0
Packet_qwords,99402506,0,1505,64
VIF1_submit,99402495,5341,1505,0
Dispatch,99392173,16752,1505,0
Static_bag,99380335,28690,1505,0
Bounds,99410380,5382,1505,0
VIF1_DMA_wait,99424620,283,1505,0
GIF_DMA_wait,99425057,98,1505,0
Packet_qwords,99426754,0,1505,36
VIF1_submit,99426743,15402,1505,0
Dispatch,99421773,21806,1505,0
Static_bag,99409747,33922,1505,0
Object,99345003,99162,1505,79
Bounds,99449442,5145,1505,0
VIF1_DMA_wait,99465063,353,1505,0
GIF_DMA_wait,99465648,44,1505,0
Packet_qwords,99467636,0,1505,43
VIF1_submit,99467625,5227,1505,0
Dispatch,99460593,13448,1505,0
Static_bag,99448825,25312,1505,0
Bounds,99475612,4966,1505,0
VIF1_DMA_wait,99491778,275,1505,0
GIF_DMA_wait,99492153,43,1505,0
Packet_qwords,99495056,0,1505,64
VIF1_submit,99495045,4921,1505,0
Dispatch,99485811,15170,1505,0
Static_bag,99474905,26172,1505,0
Bounds,99502438,5186,1505,0
VIF1_DMA_wait,99516047,850,1505,0
GIF_DMA_wait,99516997,100,1505,0
Packet_qwords,99518626,0,1505,36
VIF1_submit,99518615,4907,1505,0
Dispatch,99513339,11200,1505,0
Static_bag,99501803,22890,1505,0
Object,99448471,76778,1505,80
Bounds,99541444,4413,1505,0
Static_bag,99540947,5193,1505,0
Bounds,99546722,2247,1505,0
Static_bag,99546491,2564,1505,0
Object,99540628,8534,1505,99
Bounds,99550652,2404,1505,0
Static_bag,99550395,2798,1505,0
Bounds,99553636,2084,1505,0
Static_bag,99553425,2416,1505,0
Object,99550269,5827,1505,100
Bounds,99557816,2639,1505,0
Static_bag,99557487,3185,1505,0
Bounds,99561082,2176,1505,0
Static_bag,99560837,2585,1505,0
Object,99557311,6345,1505,101
Bounds,99565256,2267,1505,0
Static_bag,99564971,2672,1505,0
Bounds,99568048,1966,1505,0
Static_bag,99567811,2324,1505,0
Object,99564848,5486,1505,102
Bounds,99571816,2720,1505,0
Static_bag,99571539,3163,1505,0
Bounds,99575110,2812,1505,0
Static_bag,99574872,3218,1505,0
Object,99571413,6877,1505,103
Bounds,99579886,2674,1505,0
Static_bag,99579647,3070,1505,0
Bounds,99583118,2376,1505,0
Static_bag,99582849,2809,1505,0
Object,99579530,6330,1505,104
Bounds,99602810,4555,1505,0
VIF1_DMA_wait,99620481,413,1505,0
GIF_DMA_wait,99621069,43,1505,0
Packet_qwords,99624160,0,1505,64
VIF1_submit,99624149,5130,1505,0
Dispatch,99613479,16810,1505,0
Static_bag,99602255,28148,1505,0
Bounds,99631894,5516,1505,0
VIF1_DMA_wait,99646758,199,1505,0
GIF_DMA_wait,99647059,43,1505,0
Packet_qwords,99648932,0,1505,43
VIF1_submit,99648921,4819,1505,0
Dispatch,99643083,11620,1505,0
Static_bag,99631207,23590,1505,0
Object,99601801,53656,1505,108
Bounds,99659446,4912,1505,0
VIF1_DMA_wait,99676597,343,1505,0
GIF_DMA_wait,99677081,43,1505,0
Packet_qwords,99680068,0,1505,64
VIF1_submit,99680057,4945,1505,0
Dispatch,99669907,16156,1505,0
Static_bag,99658909,27250,1505,0
Bounds,99687674,5890,1505,0
VIF1_DMA_wait,99703144,201,1505,0
GIF_DMA_wait,99703497,43,1505,0
Packet_qwords,99705362,0,1505,43
VIF1_submit,99705351,4807,1505,0
Dispatch,99699333,11888,1505,0
Static_bag,99686891,24428,1505,0
Object,99658609,53300,1505,109
Bounds,99715954,4631,1505,0
Static_bag,99715405,5350,1505,0
Bounds,99721274,2486,1505,0
Static_bag,99721023,2891,1505,0
Object,99715099,8955,1505,110
Bounds,99725302,2437,1505,0
Static_bag,99725067,2813,1505,0
Object,99724934,3130,1505,111
Bounds,99729374,2423,1505,0
Static_bag,99729027,2900,1505,0
Object,99728941,3221,1505,112
Bounds,99733552,2385,1505,0
Static_bag,99733305,2718,1505,0
Object,99733170,3084,1505,113
Bounds,99737182,2465,1505,0
Static_bag,99736948,2817,1505,0
Object,99736720,3308,1505,114
Object,99740538,174,1505,115
Object,99741232,74,1505,116
Object,99741832,116,1505,117
Object,99753531,286,1505,118
Object,99754622,64,1505,119
Object,99755230,56,1505,120
Bounds,99759766,5475,1505,0
VIF1_DMA_wait,99820193,436,1505,0
GIF_DMA_wait,99820933,98,1505,0
Packet_qwords,99827474,0,1505,134
VIF1_submit,99827463,5202,1505,0
Dispatch,99773803,60012,1505,0
Static_bag,99759263,74700,1505,0
Bounds,99954427,5432,1505,0
VIF1_DMA_wait,100023109,494,1505,0
GIF_DMA_wait,100024015,98,1505,0
Packet_qwords,100030436,0,1505,138
VIF1_submit,100030425,5390,1505,0
Dispatch,99978143,58833,1505,0
Static_bag,99953853,83216,1505,0
Object,99759030,278417,1505,121
Bounds,100044233,5954,1505,0
Static_bag,100043579,6861,1505,0
Bounds,100072213,5359,1505,0
Static_bag,100071583,6396,1505,0
Bounds,100078768,3231,1505,0
VIF1_DMA_wait,100162375,512,1505,0
GIF_DMA_wait,100163233,102,1505,0
Packet_qwords,100170128,0,1505,141
VIF1_submit,100170117,5004,1505,0
VIF1_DMA_wait,100182545,61834,1505,0
GIF_DMA_wait,100244658,145,1505,0
Packet_qwords,100247138,0,1505,36
VIF1_submit,100247130,4678,1505,0
Dispatch,100092045,160762,1505,0
Static_bag,100078385,174518,1505,0
Bounds,100499719,5318,1505,0
VIF1_DMA_wait,100603227,474,1505,0
GIF_DMA_wait,100604011,98,1505,0
Packet_qwords,100610852,0,1505,145
VIF1_submit,100610841,4992,1505,0
VIF1_DMA_wait,100623567,73836,1505,0
GIF_DMA_wait,100697676,167,1505,0
Packet_qwords,100700228,0,1505,36
VIF1_submit,100700220,4648,1505,0
Dispatch,100513179,192580,1505,0
Static_bag,100499211,206656,1505,0
Object,100043139,663122,1505,122
Bounds,100712862,6253,1505,0
VIF1_DMA_wait,100737159,348,1505,0
GIF_DMA_wait,100737723,102,1505,0
Packet_qwords,100741930,0,1505,85
VIF1_submit,100741919,4996,1505,0
Dispatch,100726533,21506,1505,0
Static_bag,100712127,36038,1505,0
Object,100711723,37030,1505,134
Object,100750671,429,1505,135
Object,100751606,70,1505,136
Object,100752088,72,1505,137
Object,100752544,98,1505,138
Object,100753168,86,1505,139
Object,100753675,53,1505,140
Object,100754188,144,1505,141
Object,100754998,72,1505,142
Objects,95782479,4974660,1505,0
Bounds,101067452,163413,1505,0
VIF1_DMA_wait,101252049,305,1505,0
GIF_DMA_wait,101252575,47,1505,0
Packet_qwords,101259056,0,1505,141
VIF1_submit,101259045,5226,1505,0
VIF1_DMA_wait,101278795,54410,1505,0
GIF_DMA_wait,101333466,44,1505,0
Packet_qwords,101339996,0,1505,113
VIF1_submit,101339988,4840,1505,0
VIF1_DMA_wait,101360629,52548,1505,0
GIF_DMA_wait,101413272,41,1505,0
Packet_qwords,101418828,0,1505,113
VIF1_submit,101418820,4518,1505,0
VIF1_DMA_wait,101429887,61970,1505,0
GIF_DMA_wait,101492124,97,1505,0
Packet_qwords,101494910,0,1505,36
VIF1_submit,101494902,4402,1505,0
Dispatch,101237673,262780,1505,0
Static_bag,101066915,433710,1505,0
Bounds,101539766,17435,1505,0
VIF1_DMA_wait,101578449,492,1505,0
GIF_DMA_wait,101579311,102,1505,0
Packet_qwords,101581756,0,1505,50
VIF1_submit,101581745,5380,1505,0
Dispatch,101565153,23182,1505,0
Static_bag,101539229,49200,1505,0
Bounds,101742308,80197,1505,0
VIF1_DMA_wait,101863049,490,1505,0
GIF_DMA_wait,101863899,102,1505,0
Packet_qwords,101867714,0,1505,78
VIF1_submit,101867703,5118,1505,0
Dispatch,101831001,43036,1505,0
Static_bag,101741759,132390,1505,0
Wheels,100757217,1117606,1505,0
Animation,101874920,251,1505,0
Shadow_decals,101875337,160,1505,0
Mirrors,101875579,1,1505,0
Portal_surfaces,101875687,1,1505,0
Light_pools,101875719,3354,1505,0
GS_FINISH_wait,101937003,532,1505,0
Align3D,101932109,5706,1505,0
Bounds,101949932,6197,1505,0
VIF1_DMA_wait,101979957,478,1505,0
GIF_DMA_wait,101980753,98,1505,0
Packet_qwords,101987404,0,1505,141
VIF1_submit,101987393,5200,1505,0
VIF1_DMA_wait,102009902,51455,1505,0
GIF_DMA_wait,102061458,41,1505,0
Packet_qwords,102067012,0,1505,113
VIF1_submit,102067004,4466,1505,0
Dispatch,101963657,108933,1505,0
Static_bag,101949413,123306,1505,0
Bounds,102074090,18209,1505,0
VIF1_DMA_wait,102111621,27822,1505,0
GIF_DMA_wait,102139693,100,1505,0
Packet_qwords,102145168,0,1505,120
VIF1_submit,102145157,5506,1505,0
Dispatch,102099575,52146,1505,0
Static_bag,102073546,78297,1505,0
Bounds,102153381,5225,1505,0
VIF1_DMA_wait,102166290,38412,1505,0
GIF_DMA_wait,102204795,98,1505,0
Packet_qwords,102206642,0,1505,40
VIF1_submit,102206631,4831,1505,0
Dispatch,102162639,49886,1505,0
Static_bag,102152725,59969,1505,0
GS_FINISH_wait,102269805,532,1505,0
Align3D,102265295,5320,1505,0
Bounds,102282232,5799,1505,0
VIF1_DMA_wait,102309987,460,1505,0
GIF_DMA_wait,102310677,96,1505,0
Packet_qwords,102317380,0,1505,141
VIF1_submit,102317369,5086,1505,0
Dispatch,102295503,28301,1505,0
Static_bag,102281715,42200,1505,0
GS_FINISH_wait,102399479,592,1505,0
Align3D,102331601,68710,1505,0
Bounds,102458549,10786,1505,0
GS_FINISH_wait,102476769,495,1505,0
Align3D,102471050,6376,1505,0
VIF1_DMA_wait,102490089,312,1505,0
GIF_DMA_wait,102490657,102,1505,0
Packet_qwords,102492844,0,1505,42
VIF1_submit,102492833,4270,1505,0
GS_FINISH_wait,102502947,19083,1505,0
Align3D,102498400,23784,1505,0
Dispatch,102485369,39631,1505,0
Static_bag,102457991,67104,1505,0
Bounds,102591213,10224,1505,0
GS_FINISH_wait,102610605,532,1505,0
Align3D,102604698,6589,1505,0
VIF1_DMA_wait,102643135,408,1505,0
GIF_DMA_wait,102643875,102,1505,0
Packet_qwords,102646108,0,1505,42
VIF1_submit,102646097,4720,1505,0
GS_FINISH_wait,102656667,13288,1505,0
Align3D,102652044,18061,1505,0
Dispatch,102618839,54111,1505,0
Static_bag,102590669,82374,1505,0
Projected_shadows,101879149,794590,1505,0
Bounds,102679217,7834,1505,0
Static_bag,102678885,8333,1505,0
Bounds,102690872,4819,1505,0
Static_bag,102690641,5186,1505,0
Bounds,102711425,7376,1505,0
VIF1_DMA_wait,102735409,446,1505,0
GIF_DMA_wait,102736071,96,1505,0
Packet_qwords,102738122,0,1505,36
VIF1_submit,102738111,5280,1505,0
Dispatch,102727739,16832,1505,0
Static_bag,102710861,33822,1505,0
Blob_shadows,102673881,71104,1505,0
Light_beams,102745115,3058,1505,0
Highlights_and_outlines,102748295,1,1505,0
Bounds,102766286,7955,1505,0
VIF1_DMA_wait,102788550,393,1505,0
GIF_DMA_wait,102789279,102,1505,0
Packet_qwords,102790894,0,1505,34
VIF1_submit,102790883,5497,1505,0
Dispatch,102781821,15608,1505,0
Static_bag,102765901,31672,1505,0
Particles,102748385,49390,1505,0
Scene,90899531,11898422,1505,0
GS_FINISH_wait,102806667,532,1505,0
Align3D,102802692,4657,1505,0
GS_FINISH_wait,102986337,570,1505,0
Align3D,102981084,6097,1505,0
PostFx,102980661,135854,1505,0
Present,103117217,3040626,1505,0
EndFrame,102824963,3333119,1505,0
Game,82595297,23572146,1505,0
Info,106167645,360,1505,0
Frame,82587030,23581553,1505,0
Pad,106169234,7971,1506,0
Update,106177623,861282,1506,0
Portal,107322711,164,1506,0
Bounds,107324142,22777,1506,0
VIF1_DMA_wait,107388969,538,1506,0
GIF_DMA_wait,107389813,102,1506,0
Packet_qwords,107394190,0,1506,88
VIF1_submit,107394179,5388,1506,0
Dispatch,107354385,46262,1506,0
Static_bag,107323607,77240,1506,0
Bounds,107403388,8207,1506,0
Static_bag,107403027,8671,1506,0
Sky,107323144,89209,1506,0
Bounds,107416204,3814,1506,0
VIF1_DMA_wait,107517183,490,1506,0
GIF_DMA_wait,107518011,96,1506,0
Packet_qwords,107524834,0,1506,141
VIF1_submit,107524823,5170,1506,0
VIF1_DMA_wait,107537306,125081,1506,0
GIF_DMA_wait,107662646,99,1506,0
Packet_qwords,107665580,0,1506,36
VIF1_submit,107665572,4372,1506,0
Dispatch,107428149,242934,1506,0
Static_bag,107415877,255330,1506,0
Bounds,107673136,5979,1506,0
Static_bag,107672453,6873,1506,0
Bounds,107679940,3303,1506,0
VIF1_DMA_wait,107710947,473,1506,0
GIF_DMA_wait,107711703,43,1506,0
Packet_qwords,107714356,0,1506,57
VIF1_submit,107714345,4978,1506,0
Dispatch,107690619,29806,1506,0
Static_bag,107679724,40849,1506,0
Bounds,107721987,5301,1506,0
VIF1_DMA_wait,107768579,448,1506,0
GIF_DMA_wait,107769331,98,1506,0
Packet_qwords,107772518,0,1506,57
VIF1_submit,107772507,5046,1506,0
Dispatch,107734271,44648,1506,0
Static_bag,107721621,57398,1506,0
Bounds,107781002,5567,1506,0
Static_bag,107780313,6403,1506,0
Bounds,107787388,2563,1506,0
Static_bag,107787112,2925,1506,0
Bounds,107790800,3155,1506,0
VIF1_DMA_wait,107813397,217,1506,0
GIF_DMA_wait,107813713,43,1506,0
Packet_qwords,107820284,0,1506,141
VIF1_submit,107820273,4992,1506,0
VIF1_DMA_wait,107832972,60937,1506,0
GIF_DMA_wait,107894004,43,1506,0
Packet_qwords,107896536,0,1506,43
VIF1_submit,107896528,3972,1506,0
Dispatch,107799079,102336,1506,0
Static_bag,107790545,111042,1506,0
Bounds,107902785,5153,1506,0
VIF1_DMA_wait,107983699,430,1506,0
GIF_DMA_wait,107984479,43,1506,0
Packet_qwords,107991238,0,1506,141
VIF1_submit,107991227,5026,1506,0
VIF1_DMA_wait,108003422,61577,1506,0
GIF_DMA_wait,108065144,41,1506,0
Packet_qwords,108067270,0,1506,36
VIF1_submit,108067262,14499,1506,0
Dispatch,107927309,155922,1506,0
Static_bag,107902361,180992,1506,0
Bounds,108085340,6175,1506,0
VIF1_DMA_wait,108151233,413,1506,0
GIF_DMA_wait,108151951,43,1506,0
Packet_qwords,108158582,0,1506,141
VIF1_submit,108158571,5196,1506,0
VIF1_DMA_wait,108171588,63015,1506,0
GIF_DMA_wait,108234849,154,1506,0
Packet_qwords,108238202,0,1506,43
VIF1_submit,108238194,4498,1506,0
Dispatch,108099109,144684,1506,0
Static_bag,108084539,159417,1506,0
Bounds,108245968,5561,1506,0
Static_bag,108245165,6551,1506,0
Bounds,108252416,2786,1506,0
Static_bag,108252120,3169,1506,0
Bounds,108255874,2339,1506,0
Static_bag,108255644,2656,1506,0
Bounds,108259150,2283,1506,0
Static_bag,108258838,2737,1506,0
Bounds,108262150,2496,1506,0
Static_bag,108261970,2813,1506,0
Bounds,108265370,2145,1506,0
Static_bag,108265138,2464,1506,0
Bounds,108268246,2408,1506,0
Static_bag,108268068,2723,1506,0
Bounds,108271366,2903,1506,0
VIF1_DMA_wait,108293997,278,1506,0
GIF_DMA_wait,108294427,43,1506,0
Packet_qwords,108301022,0,1506,141
VIF1_submit,108301011,5028,1506,0
VIF1_DMA_wait,108313663,61391,1506,0
GIF_DMA_wait,108375313,90,1506,0
Packet_qwords,108378386,0,1506,43
VIF1_submit,108378378,12604,1506,0
Dispatch,108279657,112796,1506,0
Static_bag,108271188,121361,1506,0
Bounds,108394726,5963,1506,0
Static_bag,108393983,6794,1506,0
Bounds,108401386,3321,1506,0
Static_bag,108401177,3723,1506,0
Bounds,108405424,3203,1506,0
VIF1_DMA_wait,108448873,370,1506,0
GIF_DMA_wait,108449607,43,1506,0
Packet_qwords,108456320,0,1506,141
VIF1_submit,108456309,5166,1506,0
VIF1_DMA_wait,108469125,60910,1506,0
GIF_DMA_wait,108530130,41,1506,0
Packet_qwords,108532572,0,1506,43
VIF1_submit,108532564,14881,1506,0
Dispatch,108415443,133500,1506,0
Static_bag,108405244,143833,1506,0
Bounds,108551042,5969,1506,0
VIF1_DMA_wait,108596511,401,1506,0
GIF_DMA_wait,108597207,43,1506,0
Packet_qwords,108603896,0,1506,141
VIF1_submit,108603885,5442,1506,0
VIF1_DMA_wait,108617219,61004,1506,0
GIF_DMA_wait,108678318,41,1506,0
Packet_qwords,108680826,0,1506,43
VIF1_submit,108680818,3942,1506,0
Dispatch,108564691,121026,1506,0
Static_bag,108550421,135422,1506,0
Bounds,108687445,17328,1506,0
Static_bag,108686931,18287,1506,0
Bounds,108706498,2618,1506,0
Static_bag,108706147,3106,1506,0
Bounds,108709840,2825,1506,0
VIF1_DMA_wait,108773035,488,1506,0
GIF_DMA_wait,108773887,92,1506,0
Packet_qwords,108780596,0,1506,134
VIF1_submit,108780585,4944,1506,0
Dispatch,108719919,66718,1506,0
Static_bag,108709660,77095,1506,0
Bounds,108788213,5709,1506,0
VIF1_DMA_wait,108866195,496,1506,0
GIF_DMA_wait,108867009,90,1506,0
Packet_qwords,108873158,0,1506,127
VIF1_submit,108873147,5316,1506,0
Dispatch,108801303,78570,1506,0
Static_bag,108787767,92234,1506,0
Terrain,107412485,1468422,1506,0
Bounds,108883047,5778,1506,0
VIF1_DMA_wait,108907113,30798,1506,0
GIF_DMA_wait,108938167,100,1506,0
Packet_qwords,108939950,0,1506,34
VIF1_submit,108939939,4927,1506,0
Dispatch,108896229,49648,1506,0
Static_bag,108882561,63492,1506,0
Bounds,108947535,4396,1506,0
Static_bag,108947099,4985,1506,0
Bounds,108952969,2868,1506,0
VIF1_DMA_wait,108991695,480,1506,0
GIF_DMA_wait,108992499,96,1506,0
Packet_qwords,108994720,0,1506,40
VIF1_submit,108994709,5170,1506,0
Dispatch,108973497,27646,1506,0
Static_bag,108952721,48528,1506,0
Bounds,109003012,15767,1506,0
VIF1_DMA_wait,109029363,347,1506,0
GIF_DMA_wait,109029901,43,1506,0
Packet_qwords,109031578,0,1506,36
VIF1_submit,109031567,5249,1506,0
Dispatch,109025455,12492,1506,0
Static_bag,109002471,35638,1506,0
Bounds,109039844,4876,1506,0
VIF1_DMA_wait,109064413,356,1506,0
GIF_DMA_wait,109065002,97,1506,0
Packet_qwords,109067734,0,1506,57
VIF1_submit,109067723,5015,1506,0
Dispatch,109050939,23174,1506,0
Static_bag,109039315,34918,1506,0
Bounds,109075858,5218,1506,0
VIF1_DMA_wait,109105975,328,1506,0
GIF_DMA_wait,109106545,43,1506,0
Packet_qwords,109108540,0,1506,43
VIF1_submit,109108529,5099,1506,0
Dispatch,109088043,26876,1506,0
Static_bag,109075289,39744,1506,0
Bounds,109116603,4785,1506,0
VIF1_DMA_wait,109144895,324,1506,0
GIF_DMA_wait,109145413,43,1506,0
Packet_qwords,109147384,0,1506,40
VIF1_submit,109147373,4841,1506,0
Dispatch,109127413,25950,1506,0
Static_bag,109116203,37266,1506,0
Bounds,109154989,16412,1506,0
Static_bag,109154645,17083,1506,0
Static_batches,108881004,291063,1506,0
Bounds,109173176,2985,1506,0
Static_bag,109172821,3528,1506,0
Bounds,109176880,2170,1506,0
Static_bag,109176651,2542,1506,0
Bounds,109179826,2104,1506,0
Static_bag,109179604,2469,1506,0
Bounds,109182668,2200,1506,0
Static_bag,109182401,2702,1506,0
Bounds,109185680,1992,1506,0
Static_bag,109185405,2410,1506,0
Bounds,109188470,2340,1506,0
Static_bag,109188189,2810,1506,0
Bounds,109191614,2478,1506,0
Static_bag,109191279,3034,1506,0
Bounds,109194872,2028,1506,0
Static_bag,109194597,2446,1506,0
Bounds,109197632,2400,1506,0
Static_bag,109197357,2866,1506,0
Bounds,109200760,2128,1506,0
Static_bag,109200545,2480,1506,0
Bounds,109203668,2278,1506,0
Static_bag,109203393,2720,1506,0
Bounds,109206724,2306,1506,0
Static_bag,109206423,2798,1506,0
Bounds,109209808,2060,1506,0
Static_bag,109209543,2462,1506,0
Bounds,109212686,2164,1506,0
Static_bag,109212395,2642,1506,0
Bounds,109215598,2426,1506,0
Static_bag,109215339,2906,1506,0
Bounds,109218784,2278,1506,0
Static_bag,109218573,2672,1506,0
Bounds,109221946,2517,1506,0
Static_bag,109221569,3120,1506,0
Bounds,109225358,2405,1506,0
Static_bag,109225030,2923,1506,0
Bounds,109228522,2568,1506,0
Static_bag,109228317,2956,1506,0
Bounds,109231858,2235,1506,0
Static_bag,109231607,2708,1506,0
Bounds,109234886,2237,1506,0
Static_bag,109234679,2570,1506,0
Bounds,109237892,2219,1506,0
Static_bag,109237623,2714,1506,0
Bounds,109240852,2733,1506,0
Static_bag,109240617,3094,1506,0
Bounds,109244224,2403,1506,0
Static_bag,109243995,2758,1506,0
Bounds,109247344,2437,1506,0
Static_bag,109247117,2852,1506,0
Bounds,109250572,2487,1506,0
Static_bag,109250316,2917,1506,0
Bounds,109253834,2519,1506,0
Static_bag,109253601,2926,1506,0
Bounds,109257088,2867,1506,0
VIF1_DMA_wait,109297577,466,1506,0
GIF_DMA_wait,109298383,102,1506,0
Packet_qwords,109301512,0,1506,64
VIF1_submit,109301501,4996,1506,0
Dispatch,109268103,39518,1506,0
Static_bag,109256837,50934,1506,0
Bounds,109309058,5164,1506,0
VIF1_DMA_wait,109388061,480,1506,0
GIF_DMA_wait,109388859,96,1506,0
Packet_qwords,109395556,0,1506,141
VIF1_submit,109395545,5278,1506,0
VIF1_DMA_wait,109410327,59410,1506,0
GIF_DMA_wait,109469832,41,1506,0
Packet_qwords,109483885,0,1506,57
VIF1_submit,109483877,5033,1506,0
Dispatch,109334291,155648,1506,0
Static_bag,109308587,181490,1506,0
Bounds,109491542,6055,1506,0
VIF1_DMA_wait,109519965,368,1506,0
GIF_DMA_wait,109520553,96,1506,0
Packet_qwords,109527056,0,1506,141
VIF1_submit,109527045,5305,1506,0
VIF1_DMA_wait,109541411,59992,1506,0
GIF_DMA_wait,109601576,95,1506,0
Packet_qwords,109605385,0,1506,57
VIF1_submit,109605377,4918,1506,0
Dispatch,109504501,106764,1506,0
Static_bag,109490909,120462,1506,0
Bounds,109612966,5901,1506,0
VIF1_DMA_wait,109652567,429,1506,0
GIF_DMA_wait,109653301,98,1506,0
Packet_qwords,109660036,0,1506,141
VIF1_submit,109660025,5416,1506,0
VIF1_DMA_wait,109674613,59664,1506,0
GIF_DMA_wait,109734372,41,1506,0
Packet_qwords,109737448,0,1506,57
VIF1_submit,109737440,4064,1506,0
Dispatch,109625365,117006,1506,0
Static_bag,109612313,130154,1506,0
Bounds,109743842,5731,1506,0
VIF1_DMA_wait,109766690,5477,1506,0
GIF_DMA_wait,109772269,100,1506,0
Packet_qwords,109777438,0,1506,113
VIF1_submit,109777427,15642,1506,0
Dispatch,109755805,38722,1506,0
Static_bag,109743155,51536,1506,0
Bounds,109796270,6209,1506,0
VIF1_DMA_wait,109814205,28467,1506,0
GIF_DMA_wait,109842907,156,1506,0
Packet_qwords,109845362,0,1506,50
VIF1_submit,109845351,5293,1506,0
Dispatch,109808635,43030,1506,0
Static_bag,109795595,56238,1506,0
Bounds,109853096,5140,1506,0
VIF1_DMA_wait,109868262,299,1506,0
GIF_DMA_wait,109868661,43,1506,0
Packet_qwords,109870912,0,1506,50
VIF1_submit,109870901,4907,1506,0
Dispatch,109863909,12892,1506,0
Static_bag,109852539,24356,1506,0
Bounds,109878142,4990,1506,0
VIF1_DMA_wait,109901225,410,1506,0
GIF_DMA_wait,109901861,43,1506,0
Packet_qwords,109904110,0,1506,50
VIF1_submit,109904099,4979,1506,0
Dispatch,109890171,20036,1506,0
Static_bag,109877697,32606,1506,0
Bounds,109911712,5354,1506,0
VIF1_DMA_wait,109932501,392,1506,0
GIF_DMA_wait,109933161,96,1506,0
Packet_qwords,109935212,0,1506,36
VIF1_submit,109935201,15690,1506,0
Dispatch,109924137,28400,1506,0
Static_bag,109911243,41398,1506,0
Bounds,109953944,5021,1506,0
Static_bag,109953483,5671,1506,0
Bounds,109959832,2370,1506,0
Static_bag,109959531,2858,1506,0
Bounds,109962964,2388,1506,0
Static_bag,109962695,2774,1506,0
Bounds,109966090,2252,1506,0
Static_bag,109965789,2639,1506,0
Bounds,109969006,2081,1506,0
Static_bag,109968723,2495,1506,0
Bounds,109971844,2062,1506,0
Static_bag,109971531,2461,1506,0
Bounds,109974658,2080,1506,0
Static_bag,109974345,2479,1506,0
Bounds,109977440,2414,1506,0
Static_bag,109977179,2761,1506,0
Bounds,109980626,2597,1506,0
VIF1_DMA_wait,110013141,438,1506,0
GIF_DMA_wait,110013919,98,1506,0
Packet_qwords,110016356,0,1506,50
VIF1_submit,110016345,5253,1506,0
Dispatch,109990851,31876,1506,0
Static_bag,109980311,42538,1506,0
Bounds,110024260,5494,1506,0
VIF1_DMA_wait,110040840,311,1506,0
GIF_DMA_wait,110041326,44,1506,0
Packet_qwords,110043544,0,1506,50
VIF1_submit,110043533,4963,1506,0
Dispatch,110036061,13256,1506,0
Static_bag,110023673,25740,1506,0
Bounds,110050252,4706,1506,0
VIF1_DMA_wait,110064474,41517,1506,0
GIF_DMA_wait,110106253,204,1506,0
Packet_qwords,110108750,0,1506,50
VIF1_submit,110108739,5166,1506,0
Dispatch,110060151,54980,1506,0
Static_bag,110049925,65320,1506,0
Bounds,110116898,5795,1506,0
VIF1_DMA_wait,110133433,310,1506,0
GIF_DMA_wait,110133895,43,1506,0
Packet_qwords,110136112,0,1506,50
VIF1_submit,110136101,5005,1506,0
Dispatch,110128513,13572,1506,0
Static_bag,110116173,26026,1506,0
Bounds,110143432,5186,1506,0
VIF1_DMA_wait,110157088,231,1506,0
GIF_DMA_wait,110157473,43,1506,0
Packet_qwords,110158972,0,1506,36
VIF1_submit,110158961,5009,1506,0
Dispatch,110154279,21386,1506,0
Static_bag,110142917,32952,1506,0
Bounds,110176898,5123,1506,0
Static_bag,110176463,5813,1506,0
Bounds,110182978,2540,1506,0
Static_bag,110182708,2982,1506,0
Bounds,110186248,2763,1506,0
VIF1_DMA_wait,110206349,466,1506,0
GIF_DMA_wait,110207127,96,1506,0
Packet_qwords,110209106,0,1506,36
VIF1_submit,110209095,5216,1506,0
Dispatch,110196715,18568,1506,0
Static_bag,110185989,29426,1506,0
Bounds,110216858,4678,1506,0
VIF1_DMA_wait,110239325,378,1506,0
GIF_DMA_wait,110239969,98,1506,0
Packet_qwords,110242298,0,1506,50
VIF1_submit,110242287,4951,1506,0
Dispatch,110228595,19856,1506,0
Static_bag,110216343,32204,1506,0
Bounds,110249842,16437,1506,0
VIF1_DMA_wait,110283667,530,1506,0
GIF_DMA_wait,110284455,96,1506,0
Packet_qwords,110286332,0,1506,36
VIF1_submit,110286321,5232,1506,0
Dispatch,110274281,18230,1506,0
Static_bag,110249397,43208,1506,0
Bounds,110294144,4625,1506,0
Static_bag,110293581,5293,1506,0
Bounds,110299468,2163,1506,0
Static_bag,110299221,2496,1506,0
Bounds,110302390,2291,1506,0
Static_bag,110302085,2682,1506,0
Bounds,110305364,2443,1506,0
Static_bag,110305079,2862,1506,0
Bounds,110308600,2387,1506,0
Static_bag,110308306,2767,1506,0
Bounds,110311738,2166,1506,0
Static_bag,110311439,2551,1506,0
Bounds,110314586,2070,1506,0
Static_bag,110314301,2487,1506,0
Bounds,110317430,2040,1506,0
Static_bag,110317121,2435,1506,0
Bounds,110320202,2084,1506,0
Static_bag,110319917,2455,1506,0
Bounds,110322988,2022,1506,0
Static_bag,110322707,2389,1506,0
Bounds,110325886,1916,1506,0
Static_bag,110325515,2373,1506,0
Bounds,110328494,1952,1506,0
Static_bag,110328209,2374,1506,0
Bounds,110331194,1968,1506,0
Static_bag,110330903,2345,1506,0
Bounds,110333912,2092,1506,0
Static_bag,110333627,2514,1506,0
Bounds,110336740,2467,1506,0
Static_bag,110336459,2877,1506,0
Bounds,110339936,2776,1506,0
VIF1_DMA_wait,110360505,422,1506,0
GIF_DMA_wait,110361301,92,1506,0
Packet_qwords,110363422,0,1506,43
VIF1_submit,110363411,4933,1506,0
Dispatch,110350067,19290,1506,0
Static_bag,110339657,29870,1506,0
Bounds,110370818,5280,1506,0
VIF1_DMA_wait,110386046,291,1506,0
GIF_DMA_wait,110386548,44,1506,0
Packet_qwords,110388866,0,1506,50
VIF1_submit,110388855,4917,1506,0
Dispatch,110381765,13280,1506,0
Static_bag,110370339,24808,1506,0
Bounds,110396324,5214,1506,0
VIF1_DMA_wait,110423229,437,1506,0
GIF_DMA_wait,110423953,98,1506,0
Packet_qwords,110426432,0,1506,50
VIF1_submit,110426421,5330,1506,0
Dispatch,110406615,26218,1506,0
Static_bag,110395863,37106,1506,0
Bounds,110434592,5753,1506,0
VIF1_DMA_wait,110459085,438,1506,0
GIF_DMA_wait,110459745,96,1506,0
Packet_qwords,110462368,0,1506,50
VIF1_submit,110462357,5015,1506,0
Dispatch,110447931,20416,1506,0
Static_bag,110433885,34556,1506,0
Bounds,110469970,5248,1506,0
VIF1_DMA_wait,110505855,386,1506,0
GIF_DMA_wait,110506543,98,1506,0
Packet_qwords,110509910,0,1506,71
VIF1_submit,110509899,5065,1506,0
Dispatch,110482439,33596,1506,0
Static_bag,110469405,46772,1506,0
Bounds,110517656,5059,1506,0
Static_bag,110517105,5891,1506,0
Bounds,110523772,2345,1506,0
Static_bag,110523447,2792,1506,0
Bounds,110526880,2799,1506,0
Static_bag,110526557,3255,1506,0
Bounds,110530484,2931,1506,0
Static_bag,110530175,3405,1506,0
Bounds,110534200,2525,1506,0
Static_bag,110533901,3083,1506,0
Bounds,110537818,2313,1506,0
Static_bag,110537483,2781,1506,0
Bounds,110540926,2433,1506,0
Static_bag,110540639,2853,1506,0
Bounds,110544118,2395,1506,0
Static_bag,110543845,2754,1506,0
Bounds,110547226,2304,1506,0
Static_bag,110546963,2653,1506,0
Bounds,110550262,2341,1506,0
Static_bag,110549986,2791,1506,0
Bounds,110553472,2266,1506,0
Static_bag,110553095,2762,1506,0
Bounds,110556550,2790,1506,0
VIF1_DMA_wait,110601405,528,1506,0
GIF_DMA_wait,110602237,98,1506,0
Packet_qwords,110605252,0,1506,57
VIF1_submit,110605241,5026,1506,0
Dispatch,110578469,32774,1506,0
Static_bag,110556221,55203,1506,0
Bounds,110612912,5647,1506,0
Static_bag,110612205,6515,1506,0
Bounds,110619416,2312,1506,0
Static_bag,110619137,2677,1506,0
Bounds,110622728,2364,1506,0
Static_bag,110622365,2813,1506,0
Bounds,110625832,2816,1506,0
VIF1_DMA_wait,110659671,314,1506,0
GIF_DMA_wait,110660275,98,1506,0
Packet_qwords,110662318,0,1506,43
VIF1_submit,110662307,5147,1506,0
Dispatch,110636255,32346,1506,0
Static_bag,110625565,43146,1506,0
Procedural,109172185,1496896,1506,0
Bounds,110678006,5232,1506,0
VIF1_DMA_wait,110705283,347,1506,0
GIF_DMA_wait,110705840,44,1506,0
Packet_qwords,110712334,0,1506,141
VIF1_submit,110712323,5249,1506,0
VIF1_DMA_wait,110747543,39304,1506,0
GIF_DMA_wait,110787202,89,1506,0
Packet_qwords,110793919,0,1506,113
VIF1_submit,110793911,5116,1506,0
Dispatch,110690397,109877,1506,0
Static_bag,110677571,122790,1506,0
Bounds,111039503,5368,1506,0
VIF1_DMA_wait,111065845,409,1506,0
GIF_DMA_wait,111066390,44,1506,0
Packet_qwords,111073118,0,1506,145
VIF1_submit,111073107,5508,1506,0
VIF1_DMA_wait,111093710,66245,1506,0
GIF_DMA_wait,111160146,41,1506,0
Packet_qwords,111165864,0,1506,113
VIF1_submit,111165856,4218,1506,0
Dispatch,111051255,120049,1506,0
Static_bag,111031143,140254,1506,0
Bounds,111172802,5008,1506,0
VIF1_DMA_wait,111208355,41491,1506,0
GIF_DMA_wait,111250255,104,1506,0
Packet_qwords,111256090,0,1506,120
VIF1_submit,111256079,5268,1506,0
Dispatch,111183177,79280,1506,0
Static_bag,111171997,90558,1506,0
Bounds,111263985,5772,1506,0
VIF1_DMA_wait,111278160,37719,1506,0
GIF_DMA_wait,111315979,100,1506,0
Packet_qwords,111317846,0,1506,40
VIF1_submit,111317835,4851,1506,0
Dispatch,111274497,49184,1506,0
Static_bag,111263203,60598,1506,0
Object,110677189,647194,1506,2
Bounds,111326833,5148,1506,0
Static_bag,111326411,5696,1506,0
Object,111326079,6279,1506,4
Bounds,111352456,4422,1506,0
Static_bag,111351981,5113,1506,0
Object,111351609,6222,1506,8
Bounds,111361375,3470,1506,0
Static_bag,111361107,3859,1506,0
Object,111360919,4263,1506,9
Bounds,111378253,4529,1506,0
Static_bag,111377811,5206,1506,0
Object,111377427,5852,1506,10
Bounds,111386287,3104,1506,0
Static_bag,111386097,3463,1506,0
Object,111385874,3841,1506,11
Object,111390340,106,1506,12
Object,111390862,58,1506,13
Object,111391378,110,1506,14
Object,111391906,66,1506,15
Object,111392474,70,1506,16
Object,111393050,70,1506,17
Object,111393584,56,1506,18
Object,111394102,72,1506,19
Object,111394636,56,1506,20
Object,111395092,72,1506,21
Object,111395590,72,1506,22
Bounds,111396910,3338,1506,0
Static_bag,111396576,3834,1506,0
Object,111396424,4248,1506,27
Bounds,111401722,2654,1506,0
Static_bag,111401452,3054,1506,0
Object,111401312,3430,1506,30
Bounds,111406891,2822,1506,0
Static_bag,111406666,3168,1506,0
Object,111406492,3572,1506,32
Bounds,111412197,2705,1506,0
Static_bag,111411922,3100,1506,0
Object,111411694,3560,1506,34
Bounds,111418678,3369,1506,0
VIF1_DMA_wait,111456747,408,1506,0
GIF_DMA_wait,111457465,98,1506,0
Packet_qwords,111462086,0,1506,92
VIF1_submit,111462075,4968,1506,0
Dispatch,111430545,37502,1506,0
Static_bag,111418342,49812,1506,0
Bounds,111469588,5050,1506,0
VIF1_DMA_wait,111544865,466,1506,0
GIF_DMA_wait,111545689,92,1506,0
Packet_qwords,111552494,0,1506,141
VIF1_submit,111552483,5088,1506,0
VIF1_DMA_wait,111567165,128352,1506,0
GIF_DMA_wait,111695780,95,1506,0
Packet_qwords,111699800,0,1506,57
VIF1_submit,111699792,4462,1506,0
Dispatch,111482015,223282,1506,0
Static_bag,111469041,236374,1506,0
Bounds,111706736,5113,1506,0
VIF1_DMA_wait,111774325,320,1506,0
GIF_DMA_wait,111774909,96,1506,0
Packet_qwords,111781658,0,1506,141
VIF1_submit,111781647,5083,1506,0
VIF1_DMA_wait,111797962,60863,1506,0
GIF_DMA_wait,111859040,95,1506,0
Packet_qwords,111863761,0,1506,71
VIF1_submit,111863753,4474,1506,0
Dispatch,111719919,149266,1506,0
Static_bag,111706183,163128,1506,0
Bounds,111870916,5859,1506,0
VIF1_DMA_wait,111899379,10530,1506,0
GIF_DMA_wait,111910183,174,1506,0
Packet_qwords,111912910,0,1506,57
VIF1_submit,111912899,4963,1506,0
Dispatch,111884821,34092,1506,0
Static_bag,111870227,48810,1506,0
Bounds,111920210,5050,1506,0
VIF1_DMA_wait,111943109,360,1506,0
GIF_DMA_wait,111943785,43,1506,0
Packet_qwords,111945986,0,1506,43
VIF1_submit,111945975,4723,1506,0
Dispatch,111932305,19486,1506,0
Static_bag,111919709,32244,1506,0
Object,111418156,534397,1506,35
Bounds,111955251,5021,1506,0
VIF1_DMA_wait,111992971,488,1506,0
GIF_DMA_wait,111993769,98,1506,0
Packet_qwords,111995560,0,1506,34
VIF1_submit,111995549,5278,1506,0
Dispatch,111980391,21490,1506,0
Static_bag,111954771,47210,1506,0
Object,111954273,48186,1506,36
Bounds,112007540,4824,1506,0
VIF1_DMA_wait,112046079,377,1506,0
GIF_DMA_wait,112046829,43,1506,0
Packet_qwords,112051166,0,1506,92
VIF1_submit,112051155,5031,1506,0
Dispatch,112020461,36897,1506,0
Static_bag,112007017,50428,1506,0
Bounds,112058704,4882,1506,0
VIF1_DMA_wait,112120193,306,1506,0
GIF_DMA_wait,112120813,43,1506,0
Packet_qwords,112139572,0,1506,141
VIF1_submit,112139561,5266,1506,0
VIF1_DMA_wait,112155685,120199,1506,0
GIF_DMA_wait,112275984,97,1506,0
Packet_qwords,112289107,0,1506,57
VIF1_submit,112289099,4939,1506,0
Dispatch,112070801,224400,1506,0
Static_bag,112058181,237134,1506,0
Bounds,112296896,5155,1506,0
VIF1_DMA_wait,112367007,396,1506,0
GIF_DMA_wait,112367737,98,1506,0
Packet_qwords,112374548,0,1506,141
VIF1_submit,112374537,4939,1506,0
VIF1_DMA_wait,112390834,60179,1506,0
GIF_DMA_wait,112451318,99,1506,0
Packet_qwords,112456183,0,1506,71
VIF1_submit,112456175,4462,1506,0
Dispatch,112309807,151842,1506,0
Static_bag,112296169,165624,1506,0
Bounds,112463260,5747,1506,0
VIF1_DMA_wait,112492149,10540,1506,0
GIF_DMA_wait,112502991,148,1506,0
Packet_qwords,112505746,0,1506,57
VIF1_submit,112505735,4991,1506,0
Dispatch,112477227,34648,1506,0
Static_bag,112462533,49454,1506,0
Bounds,112513316,4858,1506,0
VIF1_DMA_wait,112535786,375,1506,0
GIF_DMA_wait,112536375,43,1506,0
Packet_qwords,112538504,0,1506,43
VIF1_submit,112538493,4743,1506,0
Dispatch,112525469,18774,1506,0
Static_bag,112512713,31626,1506,0
Object,112006687,538370,1506,37
Bounds,112551190,4950,1506,0
VIF1_DMA_wait,112588901,8836,1506,0
GIF_DMA_wait,112598109,43,1506,0
Packet_qwords,112600418,0,1506,43
VIF1_submit,112600407,5070,1506,0
Dispatch,112563321,43232,1506,0
Static_bag,112550679,56043,1506,0
Bounds,112608212,5467,1506,0
VIF1_DMA_wait,112642395,386,1506,0
GIF_DMA_wait,112643073,96,1506,0
Packet_qwords,112646212,0,1506,64
VIF1_submit,112646201,4963,1506,0
Dispatch,112621371,30820,1506,0
Static_bag,112607533,44802,1506,0
Bounds,112653746,5161,1506,0
Static_bag,112653189,5845,1506,0
Bounds,112659976,2423,1506,0
Static_bag,112659604,2881,1506,0
Bounds,112663000,3512,1506,0
VIF1_DMA_wait,112683415,388,1506,0
GIF_DMA_wait,112684053,43,1506,0
Packet_qwords,112685650,0,1506,36
VIF1_submit,112685639,4819,1506,0
Dispatch,112674077,17462,1506,0
Static_bag,112662755,28898,1506,0
Object,112550323,142084,1506,39
Bounds,112697776,4798,1506,0
VIF1_DMA_wait,112717569,311,1506,0
GIF_DMA_wait,112718016,44,1506,0
Packet_qwords,112722356,0,1506,92
VIF1_submit,112722345,5095,1506,0
Dispatch,112708155,20234,1506,0
Static_bag,112697309,31268,1506,0
Bounds,112729960,5122,1506,0
VIF1_DMA_wait,112768689,361,1506,0
GIF_DMA_wait,112769361,43,1506,0
Packet_qwords,112775902,0,1506,141
VIF1_submit,112775891,5266,1506,0
VIF1_DMA_wait,112790191,61488,1506,0
GIF_DMA_wait,112851774,43,1506,0
Packet_qwords,112854846,0,1506,57
VIF1_submit,112854838,4038,1506,0
Dispatch,112740579,119224,1506,0
Static_bag,112729279,130620,1506,0
Bounds,112861432,5571,1506,0
VIF1_DMA_wait,112887533,2890,1506,0
GIF_DMA_wait,112890575,98,1506,0
Packet_qwords,112897036,0,1506,141
VIF1_submit,112897025,15448,1506,0
VIF1_DMA_wait,112926187,55139,1506,0
GIF_DMA_wait,112981422,95,1506,0
Packet_qwords,112985895,0,1506,78
VIF1_submit,112985887,4629,1506,0
Dispatch,112872981,118544,1506,0
Static_bag,112860697,130972,1506,0
Bounds,112993304,5977,1506,0
VIF1_DMA_wait,113011260,23949,1506,0
GIF_DMA_wait,113035345,100,1506,0
Packet_qwords,113037856,0,1506,57
VIF1_submit,113037845,4877,1506,0
Dispatch,113005431,38422,1506,0
Static_bag,112992539,51468,1506,0
Bounds,113045168,5092,1506,0
VIF1_DMA_wait,113072569,391,1506,0
GIF_DMA_wait,113073321,43,1506,0
Packet_qwords,113076176,0,1506,57
VIF1_submit,113076165,5246,1506,0
Dispatch,113066481,16024,1506,0
Static_bag,113044613,37988,1506,0
Object,112697005,386170,1506,41
Bounds,113085963,5699,1506,0
VIF1_DMA_wait,113099419,295,1506,0
GIF_DMA_wait,113099815,43,1506,0
Packet_qwords,113101390,0,1506,34
VIF1_submit,113101379,4733,1506,0
Dispatch,113096409,10702,1506,0
Static_bag,113085415,21790,1506,0
Object,113084857,22826,1506,42
Bounds,113113162,4590,1506,0
VIF1_DMA_wait,113130471,341,1506,0
GIF_DMA_wait,113130978,66,1506,0
Packet_qwords,113134336,0,1506,71
VIF1_submit,113134325,4999,1506,0
Dispatch,113123121,17318,1506,0
Static_bag,113112689,27858,1506,0
Bounds,113141650,5258,1506,0
VIF1_DMA_wait,113166169,228,1506,0
GIF_DMA_wait,113166549,43,1506,0
Packet_qwords,113183722,0,1506,134
VIF1_submit,113183711,5536,1506,0
Dispatch,113152807,37722,1506,0
Static_bag,113141179,49444,1506,0
Bounds,113192066,5983,1506,0
VIF1_DMA_wait,113231699,22009,1506,0
GIF_DMA_wait,113254039,96,1506,0
Packet_qwords,113260706,0,1506,141
VIF1_submit,113260695,5310,1506,0
Dispatch,113204175,63227,1506,0
Static_bag,113191353,76160,1506,0
Bounds,113269052,5963,1506,0
VIF1_DMA_wait,113285464,49277,1506,0
GIF_DMA_wait,113334885,98,1506,0
Packet_qwords,113336822,0,1506,43
VIF1_submit,113336811,4837,1506,0
Dispatch,113281149,61324,1506,0
Static_bag,113268415,74206,1506,0
Bounds,113343752,5302,1506,0
VIF1_DMA_wait,113359214,273,1506,0
GIF_DMA_wait,113359587,43,1506,0
Packet_qwords,113362228,0,1506,57
VIF1_submit,113362217,15358,1506,0
Dispatch,113353867,25200,1506,0
Static_bag,113343259,35946,1506,0
Object,113112331,267458,1506,43
Bounds,113387715,5002,1506,0
Static_bag,113387203,5823,1506,0
Object,113386827,6483,1506,52
Bounds,113398504,2576,1506,0
Static_bag,113398217,3075,1506,0
Object,113398078,3424,1506,59
Bounds,113403032,2482,1506,0
Static_bag,113402688,2912,1506,0
Object,113402492,3214,1506,60
Bounds,113406868,2807,1506,0
VIF1_DMA_wait,113424889,375,1506,0
GIF_DMA_wait,113425452,44,1506,0
Packet_qwords,113429348,0,1506,85
VIF1_submit,113429337,5131,1506,0
Dispatch,113415687,19832,1506,0
Static_bag,113406663,29002,1506,0
Object,113406544,29663,1506,61
Bounds,113440070,5386,1506,0
VIF1_DMA_wait,113460739,5319,1506,0
GIF_DMA_wait,113466200,99,1506,0
Packet_qwords,113470280,0,1506,85
VIF1_submit,113470269,5085,1506,0
Dispatch,113451577,24776,1506,0
Static_bag,113439571,36892,1506,0
Object,113439261,37904,1506,62
Bounds,113480812,5075,1506,0
Static_bag,113480345,5667,1506,0
Object,113480019,6225,1506,63
Bounds,113487922,2353,1506,0
Static_bag,113487521,2888,1506,0
Object,113487368,3332,1506,64
Bounds,113492342,2777,1506,0
Static_bag,113492026,3247,1506,0
Object,113491646,3850,1506,65
Bounds,113497216,3098,1506,0
VIF1_DMA_wait,113515159,243,1506,0
GIF_DMA_wait,113515584,44,1506,0
Packet_qwords,113519464,0,1506,85
VIF1_submit,113519453,15622,1506,0
Dispatch,113506605,30176,1506,0
Static_bag,113496802,40075,1506,0
Object,113496476,41013,1506,66
Bounds,113541302,5485,1506,0
VIF1_DMA_wait,113563551,2809,1506,0
GIF_DMA_wait,113566560,101,1506,0
Packet_qwords,113570546,0,1506,85
VIF1_submit,113570535,5349,1506,0
Dispatch,113554101,22706,1506,0
Static_bag,113540755,36166,1506,0
Object,113540403,37086,1506,67
Bounds,113581414,4611,1506,0
Static_bag,113580913,5287,1506,0
Object,113580603,5940,1506,68
Bounds,113588194,2402,1506,0
Static_bag,113587823,2896,1506,0
Object,113587686,3306,1506,69
Bounds,113592968,2964,1506,0
VIF1_DMA_wait,113610267,317,1506,0
GIF_DMA_wait,113610720,44,1506,0
Packet_qwords,113614412,0,1506,78
VIF1_submit,113614401,4963,1506,0
Dispatch,113602215,18238,1506,0
Static_bag,113592576,28049,1506,0
Bounds,113621984,5272,1506,0
VIF1_DMA_wait,113638124,8875,1506,0
GIF_DMA_wait,113647175,98,1506,0
Packet_qwords,113649802,0,1506,57
VIF1_submit,113649791,4913,1506,0
Dispatch,113632381,23410,1506,0
Static_bag,113621383,34522,1506,0
Object,113592248,64273,1506,70
Bounds,113660464,5048,1506,0
VIF1_DMA_wait,113690639,399,1506,0
GIF_DMA_wait,113691373,43,1506,0
Packet_qwords,113695040,0,1506,78
VIF1_submit,113695029,5156,1506,0
Dispatch,113671063,30312,1506,0
Static_bag,113659945,41578,1506,0
Bounds,113703112,5595,1506,0
VIF1_DMA_wait,113720954,5551,1506,0
GIF_DMA_wait,113726599,118,1506,0
Packet_qwords,113729296,0,1506,57
VIF1_submit,113729285,4879,1506,0
Dispatch,113714751,20378,1506,0
Static_bag,113702329,32945,1506,0
Object,113659629,76310,1506,71
Bounds,113739930,4527,1506,0
Static_bag,113739413,5263,1506,0
Bounds,113745172,2143,1506,0
Static_bag,113744909,2492,1506,0
Object,113739069,8439,1506,72
Bounds,113749142,2910,1506,0
VIF1_DMA_wait,113765325,235,1506,0
GIF_DMA_wait,113765760,44,1506,0
Packet_qwords,113769346,0,1506,78
VIF1_submit,113769335,15235,1506,0
Dispatch,113757387,28472,1506,0
Static_bag,113748737,37294,1506,0
Bounds,113787794,5857,1506,0
VIF1_DMA_wait,113806521,4095,1506,0
GIF_DMA_wait,113810747,98,1506,0
Packet_qwords,113813426,0,1506,57
VIF1_submit,113813415,5257,1506,0
Dispatch,113799957,19816,1506,0
Static_bag,113786951,32924,1506,0
Object,113748597,71852,1506,73
Bounds,113827412,4684,1506,0
VIF1_DMA_wait,113885587,476,1506,0
GIF_DMA_wait,113886381,96,1506,0
Packet_qwords,113888818,0,1506,50
VIF1_submit,113888807,5410,1506,0
Dispatch,113851007,44400,1506,0
Static_bag,113826977,68526,1506,0
Bounds,113897126,5290,1506,0
VIF1_DMA_wait,113926982,363,1506,0
GIF_DMA_wait,113927649,43,1506,0
Packet_qwords,113930650,0,1506,64
VIF1_submit,113930639,4933,1506,0
Dispatch,113910065,26486,1506,0
Static_bag,113896587,40076,1506,0
Bounds,113937982,5230,1506,0
VIF1_DMA_wait,113966681,260,1506,0
GIF_DMA_wait,113967169,43,1506,0
Packet_qwords,113968804,0,1506,36
VIF1_submit,113968793,5101,1506,0
Dispatch,113951237,23736,1506,0
Static_bag,113937395,37716,1506,0
Object,113826603,149058,1506,75
Bounds,113980532,5052,1506,0
VIF1_DMA_wait,114009649,439,1506,0
GIF_DMA_wait,114010387,43,1506,0
Packet_qwords,114012442,0,1506,43
VIF1_submit,114012431,5256,1506,0
Dispatch,114003945,14840,1506,0
Static_bag,113980079,38856,1506,0
Bounds,114020620,5062,1506,0
VIF1_DMA_wait,114037074,205,1506,0
GIF_DMA_wait,114037427,43,1506,0
Packet_qwords,114040258,0,1506,64
VIF1_submit,114040247,4871,1506,0
Dispatch,114031071,14998,1506,0
Static_bag,114019705,26460,1506,0
Bounds,114047486,5146,1506,0
VIF1_DMA_wait,114061452,627,1506,0
GIF_DMA_wait,114062229,98,1506,0
Packet_qwords,114064000,0,1506,36
VIF1_submit,114063989,4811,1506,0
Dispatch,114058671,11164,1506,0
Static_bag,114046865,23115,1506,0
Object,113979687,90860,1506,76
Bounds,114075262,4762,1506,0
VIF1_DMA_wait,114089257,295,1506,0
GIF_DMA_wait,114089604,44,1506,0
Packet_qwords,114091624,0,1506,43
VIF1_submit,114091613,4859,1506,0
Dispatch,114085347,12322,1506,0
Static_bag,114074875,22920,1506,0
Bounds,114099218,4842,1506,0
VIF1_DMA_wait,114114830,273,1506,0
GIF_DMA_wait,114115231,43,1506,0
Packet_qwords,114118130,0,1506,64
VIF1_submit,114118119,5035,1506,0
Dispatch,114108921,15224,1506,0
Static_bag,114098515,25726,1506,0
Bounds,114125576,5234,1506,0
VIF1_DMA_wait,114139210,881,1506,0
GIF_DMA_wait,114140191,100,1506,0
Packet_qwords,114141862,0,1506,36
VIF1_submit,114141851,15304,1506,0
Dispatch,114136425,22256,1506,0
Static_bag,114125071,33706,1506,0
Object,114074569,84646,1506,77
Bounds,114164420,5083,1506,0
VIF1_DMA_wait,114180133,355,1506,0
GIF_DMA_wait,114180769,43,1506,0
Packet_qwords,114182828,0,1506,43
VIF1_submit,114182817,5125,1506,0
Dispatch,114175569,13456,1506,0
Static_bag,114163897,25224,1506,0
Bounds,114190318,5110,1506,0
VIF1_DMA_wait,114206320,189,1506,0
GIF_DMA_wait,114206661,43,1506,0
Packet_qwords,114209488,0,1506,64
VIF1_submit,114209477,4883,1506,0
Dispatch,114200469,15032,1506,0
Static_bag,114189815,25800,1506,0
Bounds,114216920,5184,1506,0
VIF1_DMA_wait,114230441,794,1506,0
GIF_DMA_wait,114231337,100,1506,0
Packet_qwords,114233068,0,1506,36
VIF1_submit,114233057,4897,1506,0
Dispatch,114227661,11182,1506,0
Static_bag,114216401,22580,1506,0
Object,114163561,76054,1506,78
Bounds,114244436,4764,1506,0
VIF1_DMA_wait,114258531,293,1506,0
GIF_DMA_wait,114258971,43,1506,0
Packet_qwords,114260930,0,1506,43
VIF1_submit,114260919,4803,1506,0
Dispatch,114254607,12220,1506,0
Static_bag,114243989,22934,1506,0
Bounds,114268196,4974,1506,0
VIF1_DMA_wait,114284252,273,1506,0
GIF_DMA_wait,114284677,43,1506,0
Packet_qwords,114287578,0,1506,64
VIF1_submit,114287567,4879,1506,0
Dispatch,114278067,15478,1506,0
Static_bag,114267575,26106,1506,0
Bounds,114295228,5248,1506,0
VIF1_DMA_wait,114321441,338,1506,0
GIF_DMA_wait,114322009,43,1506,0
Packet_qwords,114323714,0,1506,36
VIF1_submit,114323703,5324,1506,0
Dispatch,114317949,12188,1506,0
Static_bag,114294421,35812,1506,0
Object,114243669,87072,1506,79
Bounds,114335952,5085,1506,0
VIF1_DMA_wait,114350911,313,1506,0
GIF_DMA_wait,114351360,44,1506,0
Packet_qwords,114353438,0,1506,43
VIF1_submit,114353427,4953,1506,0
Dispatch,114346899,12450,1506,0
Static_bag,114335335,24234,1506,0
Bounds,114360928,5062,1506,0
VIF1_DMA_wait,114388601,296,1506,0
GIF_DMA_wait,114389123,43,1506,0
Packet_qwords,114392300,0,1506,64
VIF1_submit,114392289,5280,1506,0
Dispatch,114370899,27860,1506,0
Static_bag,114360289,38590,1506,0
Bounds,114400354,5933,1506,0
VIF1_DMA_wait,114415679,297,1506,0
GIF_DMA_wait,114416115,43,1506,0
Packet_qwords,114417772,0,1506,36
VIF1_submit,114417761,4853,1506,0
Dispatch,114412419,11236,1506,0
Static_bag,114399595,24166,1506,0
Object,114334981,89380,1506,80
Bounds,114440674,4365,1506,0
Static_bag,114440201,5175,1506,0
Bounds,114445910,2271,1506,0
Static_bag,114445679,2637,1506,0
Object,114439880,8546,1506,99
Bounds,114449924,2398,1506,0
Static_bag,114449667,2785,1506,0
Bounds,114452890,2096,1506,0
Static_bag,114452679,2393,1506,0
Object,114449541,5791,1506,100
Bounds,114456986,13399,1506,0
Static_bag,114456681,14115,1506,0
Bounds,114471608,3126,1506,0
Static_bag,114471199,3715,1506,0
Object,114456505,18734,1506,101
Bounds,114477860,2525,1506,0
Static_bag,114477563,2986,1506,0
Bounds,114481016,2034,1506,0
Static_bag,114480724,2412,1506,0
Object,114477380,6002,1506,102
Bounds,114484828,2630,1506,0
Static_bag,114484557,3017,1506,0
Bounds,114487978,2626,1506,0
Static_bag,114487749,2987,1506,0
Object,114484431,6493,1506,103
Bounds,114492640,2596,1506,0
Static_bag,114492371,2984,1506,0
Bounds,114495790,2356,1506,0
Static_bag,114495482,2750,1506,0
Object,114492248,6246,1506,104
Bounds,114503186,3455,1506,0
VIF1_DMA_wait,114519459,371,1506,0
GIF_DMA_wait,114520047,43,1506,0
Packet_qwords,114523046,0,1506,64
VIF1_submit,114523035,5070,1506,0
Dispatch,114512615,16636,1506,0
Static_bag,114502888,26491,1506,0
Bounds,114530624,5442,1506,0
VIF1_DMA_wait,114545396,261,1506,0
GIF_DMA_wait,114545757,43,1506,0
Packet_qwords,114547754,0,1506,43
VIF1_submit,114547743,4879,1506,0
Dispatch,114541761,11830,1506,0
Static_bag,114529952,23735,1506,0
Object,114502728,51569,1506,108
Bounds,114558346,4858,1506,0
VIF1_DMA_wait,114575179,231,1506,0
GIF_DMA_wait,114575509,43,1506,0
Packet_qwords,114578522,0,1506,64
VIF1_submit,114578511,4897,1506,0
Dispatch,114568501,15904,1506,0
Static_bag,114557809,26770,1506,0
Bounds,114586088,5742,1506,0
VIF1_DMA_wait,114601528,265,1506,0
GIF_DMA_wait,114601937,43,1506,0
Packet_qwords,114603902,0,1506,43
VIF1_submit,114603891,4849,1506,0
Dispatch,114597711,12106,1506,0
Static_bag,114585300,24619,1506,0
Object,114557497,53036,1506,109
Bounds,114625274,5071,1506,0
Static_bag,114614125,16643,1506,0
Bounds,114631670,2572,1506,0
Static_bag,114631363,3024,1506,0
Object,114613825,20765,1506,110
Bounds,114636850,2409,1506,0
Static_bag,114636611,2734,1506,0
Object,114636429,3119,1506,111
Bounds,114640958,2456,1506,0
Static_bag,114640565,3042,1506,0
Object,114640485,3341,1506,112
Bounds,114645136,2391,1506,0
Static_bag,114644895,2752,1506,0
Object,114644760,3150,1506,113
Bounds,114648790,2532,1506,0
Static_bag,114648556,2883,1506,0
Object,114648382,3260,1506,114
Object,114652192,172,1506,115
Object,114652900,74,1506,116
Object,114653440,116,1506,117
Object,114654074,70,1506,118
Object,114654596,100,1506,119
Object,114655222,66,1506,120
Bounds,114659320,4313,1506,0
VIF1_DMA_wait,114718557,438,1506,0
GIF_DMA_wait,114719335,98,1506,0
Packet_qwords,114725906,0,1506,134
VIF1_submit,114725895,5216,1506,0
Dispatch,114672097,60082,1506,0
Static_bag,114659021,73290,1506,0
Bounds,114854071,5390,1506,0
VIF1_DMA_wait,114910867,488,1506,0
GIF_DMA_wait,114911611,98,1506,0
Packet_qwords,114918086,0,1506,138
VIF1_submit,114918075,5234,1506,0
Dispatch,114867411,57002,1506,0
Static_bag,114853527,71080,1506,0
Object,114658878,266111,1506,121
Bounds,114944207,6140,1506,0
Static_bag,114943355,7349,1506,0
Bounds,114960135,3765,1506,0
Static_bag,114959702,4376,1506,0
Bounds,114964550,3959,1506,0
VIF1_DMA_wait,115060003,488,1506,0
GIF_DMA_wait,115060843,102,1506,0
Packet_qwords,115067816,0,1506,141
VIF1_submit,115067805,4866,1506,0
VIF1_DMA_wait,115080117,61740,1506,0
GIF_DMA_wait,115142072,99,1506,0
Packet_qwords,115144998,0,1506,36
VIF1_submit,115144990,4386,1506,0
Dispatch,114989511,160786,1506,0
Static_bag,114964275,186176,1506,0
Bounds,115405027,5378,1506,0
VIF1_DMA_wait,115487865,510,1506,0
GIF_DMA_wait,115488721,98,1506,0
Packet_qwords,115495702,0,1506,145
VIF1_submit,115495691,5074,1506,0
VIF1_DMA_wait,115508971,76706,1506,0
GIF_DMA_wait,115585982,99,1506,0
Packet_qwords,115588852,0,1506,36
VIF1_submit,115588844,4526,1506,0
Dispatch,115418415,175888,1506,0
Static_bag,115404515,189882,1506,0
Object,114942555,652214,1506,122
Bounds,115601490,6411,1506,0
VIF1_DMA_wait,115625541,366,1506,0
GIF_DMA_wait,115626117,102,1506,0
Packet_qwords,115630228,0,1506,85
VIF1_submit,115630217,4936,1506,0
Dispatch,115614813,21368,1506,0
Static_bag,115600667,35646,1506,0
Object,115600219,36604,1506,134
Object,115638675,381,1506,135
Object,115639616,56,1506,136
Object,115640086,72,1506,137
Object,115640560,90,1506,138
Object,115641118,86,1506,139
Object,115641613,53,1506,140
Object,115642084,80,1506,141
Object,115642738,108,1506,142
Objects,110669267,4975624,1506,0
Bounds,115956464,156321,1506,0
VIF1_DMA_wait,116133883,309,1506,0
GIF_DMA_wait,116134531,47,1506,0
Packet_qwords,116140988,0,1506,141
VIF1_submit,116140977,5304,1506,0
VIF1_DMA_wait,116160892,54437,1506,0
GIF_DMA_wait,116215602,92,1506,0
Packet_qwords,116222192,0,1506,113
VIF1_submit,116222184,4972,1506,0
VIF1_DMA_wait,116242759,52758,1506,0
GIF_DMA_wait,116295612,41,1506,0
Packet_qwords,116301198,0,1506,113
VIF1_submit,116301190,4572,1506,0
VIF1_DMA_wait,116312159,62188,1506,0
GIF_DMA_wait,116374520,147,1506,0
Packet_qwords,116377034,0,1506,36
VIF1_submit,116377026,4678,1506,0
Dispatch,116119731,263044,1506,0
Static_bag,115955921,426984,1506,0
Bounds,116421962,17465,1506,0
VIF1_DMA_wait,116460825,504,1506,0
GIF_DMA_wait,116461683,96,1506,0
Packet_qwords,116464256,0,1506,50
VIF1_submit,116464245,5406,1506,0
Dispatch,116447529,23320,1506,0
Static_bag,116421431,49512,1506,0
Bounds,116624744,75715,1506,0
VIF1_DMA_wait,116740703,472,1506,0
GIF_DMA_wait,116741469,102,1506,0
Packet_qwords,116745298,0,1506,78
VIF1_submit,116745287,5038,1506,0
Dispatch,116708791,42738,1506,0
Static_bag,116624207,127442,1506,0
Wheels,115644969,1107232,1506,0
Animation,116752348,225,1506,0
Shadow_decals,116752739,160,1506,0
Mirrors,116752981,1,1506,0
Portal_surfaces,116753113,1,1506,0
Light_pools,116753145,3354,1506,0
GS_FINISH_wait,116821203,532,1506,0
Align3D,116816747,5294,1506,0
Bounds,116834114,6157,1506,0
VIF1_DMA_wait,116864133,450,1506,0
GIF_DMA_wait,116864793,96,1506,0
Packet_qwords,116871392,0,1506,141
VIF1_submit,116871381,5382,1506,0
VIF1_DMA_wait,116894170,59159,1506,0
GIF_DMA_wait,116953554,86,1506,0
Packet_qwords,116960006,0,1506,113
VIF1_submit,116959998,4876,1506,0
Dispatch,116847947,118047,1506,0
Static_bag,116833601,132504,1506,0
Bounds,116967844,5675,1506,0
VIF1_DMA_wait,116992465,40361,1506,0
GIF_DMA_wait,117033051,98,1506,0
Packet_qwords,117038540,0,1506,120
VIF1_submit,117038529,5292,1506,0
Dispatch,116980145,64862,1506,0
Static_bag,116967049,78078,1506,0
Bounds,117046431,5295,1506,0
VIF1_DMA_wait,117059322,38523,1506,0
GIF_DMA_wait,117097945,100,1506,0
Packet_qwords,117110618,0,1506,40
VIF1_submit,117110607,5041,1506,0
Dispatch,117055575,61160,1506,0
Static_bag,117045995,70854,1506,0
GS_FINISH_wait,117162963,532,1506,0
Align3D,117158567,5120,1506,0
Bounds,117174634,5805,1506,0
VIF1_DMA_wait,117202533,444,1506,0
GIF_DMA_wait,117203151,96,1506,0
Packet_qwords,117209846,0,1506,141
VIF1_submit,117209835,5436,1506,0
Dispatch,117188109,28485,1506,0
Static_bag,117174129,42560,1506,0
GS_FINISH_wait,117287943,2352,1506,0
Align3D,117224477,66058,1506,0
Bounds,117348761,10714,1506,0
GS_FINISH_wait,117366861,495,1506,0
Align3D,117361160,6398,1506,0
VIF1_DMA_wait,117391779,352,1506,0
GIF_DMA_wait,117392379,102,1506,0
Packet_qwords,117394778,0,1506,42
VIF1_submit,117394767,4710,1506,0
GS_FINISH_wait,117405375,19239,1506,0
Align3D,117400726,24169,1506,0
Dispatch,117375341,52689,1506,0
Static_bag,117348233,79890,1506,0
Bounds,117483011,10258,1506,0
GS_FINISH_wait,117502359,475,1506,0
Align3D,117496568,6470,1506,0
VIF1_DMA_wait,117535323,414,1506,0
GIF_DMA_wait,117535995,102,1506,0
Packet_qwords,117538372,0,1506,42
VIF1_submit,117538361,4774,1506,0
GS_FINISH_wait,117549009,13024,1506,0
Align3D,117544486,17691,1506,0
Dispatch,117510693,65307,1506,0
Static_bag,117482501,93770,1506,0
Projected_shadows,116756575,820354,1506,0
Bounds,117582641,8108,1506,0
Static_bag,117582137,8795,1506,0
Bounds,117594728,4704,1506,0
Static_bag,117594503,5095,1506,0
Bounds,117602722,5289,1506,0
VIF1_DMA_wait,117624057,462,1506,0
GIF_DMA_wait,117624751,98,1506,0
Packet_qwords,117626668,0,1506,36
VIF1_submit,117626657,5398,1506,0
Dispatch,117616517,16632,1506,0
Static_bag,117602423,30822,1506,0
Blob_shadows,117577047,56596,1506,0
Light_beams,117633773,3018,1506,0
Highlights_and_outlines,117636865,1,1506,0
Bounds,117654734,8027,1506,0
VIF1_DMA_wait,117677114,409,1506,0
GIF_DMA_wait,117677775,102,1506,0
Packet_qwords,117679540,0,1506,34
VIF1_submit,117679529,5447,1506,0
Dispatch,117670419,15638,1506,0
Static_bag,117654353,31794,1506,0
Particles,117637003,49340,1506,0
Scene,107231351,10455164,1506,0
GS_FINISH_wait,117695235,544,1506,0
Align3D,117691242,4681,1506,0
GS_FINISH_wait,117872739,552,1506,0
Align3D,117867576,5955,1506,0
PostFx,117867129,137670,1506,0
Present,118005497,5846768,1506,0
EndFrame,117713627,6138879,1506,0
Game,106177393,17684458,1506,0
Info,123862065,354,1506,0
Frame,106169136,17693861,1506,0
Pad,123863678,7965,1507,0
Update,123872061,854708,1507,0
GS_FINISH_wait,125015157,532,1507,0
Align3D,125009183,6806,1507,0
Bounds,125032254,34253,1507,0
VIF1_DMA_wait,125124677,466,1507,0
GIF_DMA_wait,125125453,102,1507,0
Packet_qwords,125131258,0,1507,124
VIF1_submit,125131247,5302,1507,0
VIF1_DMA_wait,125175553,11102,1507,0
GIF_DMA_wait,125186936,99,1507,0
Packet_qwords,125190388,0,1507,55
VIF1_submit,125190380,14486,1507,0
Dispatch,125073805,132568,1507,0
Static_bag,125031693,174776,1507,0
Bounds,125208983,8664,1507,0
Static_bag,125208393,9443,1507,0
Bounds,125223749,4166,1507,0
VIF1_DMA_wait,125250233,472,1507,0
GIF_DMA_wait,125251119,102,1507,0
Packet_qwords,125253664,0,1507,50
VIF1_submit,125253653,5242,1507,0
Dispatch,125236627,23316,1507,0
Static_bag,125223218,36893,1507,0
Bounds,125261210,5548,1507,0
VIF1_DMA_wait,125295591,374,1507,0
GIF_DMA_wait,125296303,47,1507,0
Packet_qwords,125300068,0,1507,78
VIF1_submit,125300057,4873,1507,0
Dispatch,125273865,32222,1507,0
Static_bag,125260607,45594,1507,0
Bounds,125307240,5342,1507,0
VIF1_DMA_wait,125336411,348,1507,0
GIF_DMA_wait,125337075,47,1507,0
Packet_qwords,125340008,0,1507,64
VIF1_submit,125339997,5059,1507,0
Dispatch,125319915,26014,1507,0
Static_bag,125306703,39338,1507,0
Bounds,125347064,17911,1507,0
VIF1_DMA_wait,125391345,480,1507,0
GIF_DMA_wait,125392123,102,1507,0
Packet_qwords,125395348,0,1507,64
VIF1_submit,125395337,5128,1507,0
Dispatch,125373345,28186,1507,0
Static_bag,125346537,55090,1507,0
Bounds,125403078,5676,1507,0
VIF1_DMA_wait,125441225,306,1507,0
GIF_DMA_wait,125441829,47,1507,0
Packet_qwords,125443888,0,1507,43
VIF1_submit,125443877,5161,1507,0
Dispatch,125416389,33904,1507,0
Static_bag,125402319,48071,1507,0
Bounds,125452184,4799,1507,0
Static_bag,125451701,5459,1507,0
Bounds,125457668,2320,1507,0
Static_bag,125457417,2687,1507,0
Bounds,125460454,2340,1507,0
Static_bag,125460261,2657,1507,0
Bounds,125463350,2488,1507,0
Static_bag,125463123,2831,1507,0
Bounds,125466346,2429,1507,0
Static_bag,125466117,2825,1507,0
Bounds,125470000,3040,1507,0
VIF1_DMA_wait,125489959,307,1507,0
GIF_DMA_wait,125490431,47,1507,0
Packet_qwords,125494618,0,1507,92
VIF1_submit,125494607,5044,1507,0
Dispatch,125478697,22116,1507,0
Static_bag,125469635,31346,1507,0
Bounds,125502254,17941,1507,0
VIF1_DMA_wait,125542497,319,1507,0
GIF_DMA_wait,125543043,47,1507,0
Packet_qwords,125549662,0,1507,141
VIF1_submit,125549651,5440,1507,0
VIF1_DMA_wait,125563845,59680,1507,0
GIF_DMA_wait,125623670,43,1507,0
Packet_qwords,125626794,0,1507,57
VIF1_submit,125626786,4050,1507,0
Dispatch,125527485,104328,1507,0
Static_bag,125501485,130482,1507,0
Bounds,125633534,5862,1507,0
VIF1_DMA_wait,125659163,2386,1507,0
GIF_DMA_wait,125661731,102,1507,0
Packet_qwords,125679914,0,1507,141
VIF1_submit,125679903,5370,1507,0
VIF1_DMA_wait,125697963,58665,1507,0
GIF_DMA_wait,125756846,93,1507,0
Packet_qwords,125761616,0,1507,78
VIF1_submit,125761608,5080,1507,0
Dispatch,125644765,122862,1507,0
Static_bag,125632643,135146,1507,0
Bounds,125769012,6019,1507,0
VIF1_DMA_wait,125787207,24168,1507,0
GIF_DMA_wait,125811567,102,1507,0
Packet_qwords,125814070,0,1507,57
VIF1_submit,125814059,4879,1507,0
Dispatch,125781153,50912,1507,0
Static_bag,125768279,64008,1507,0
Bounds,125833194,5515,1507,0
VIF1_DMA_wait,125850355,367,1507,0
GIF_DMA_wait,125850815,47,1507,0
Packet_qwords,125853470,0,1507,57
VIF1_submit,125853459,5262,1507,0
Dispatch,125844315,15386,1507,0
Static_bag,125832649,27162,1507,0
Bounds,125861942,5514,1507,0
VIF1_DMA_wait,125881757,239,1507,0
GIF_DMA_wait,125882135,47,1507,0
Packet_qwords,125886352,0,1507,92
VIF1_submit,125886341,4980,1507,0
Dispatch,125872921,19444,1507,0
Static_bag,125861179,31282,1507,0
Bounds,125893544,5194,1507,0
VIF1_DMA_wait,125917921,8918,1507,0
GIF_DMA_wait,125926983,102,1507,0
Packet_qwords,125933350,0,1507,141
VIF1_submit,125933339,5189,1507,0
VIF1_DMA_wait,125947201,59924,1507,0
GIF_DMA_wait,126007395,148,1507,0
Packet_qwords,126010955,0,1507,57
VIF1_submit,126010947,4920,1507,0
Dispatch,125903989,112870,1507,0
Static_bag,125893005,124036,1507,0
Bounds,126018404,5945,1507,0
VIF1_DMA_wait,126045323,1291,1507,0
GIF_DMA_wait,126046793,102,1507,0
Packet_qwords,126053168,0,1507,141
VIF1_submit,126053157,5179,1507,0
VIF1_DMA_wait,126069423,57820,1507,0
GIF_DMA_wait,126127344,43,1507,0
Packet_qwords,126131320,0,1507,78
VIF1_submit,126131312,14595,1507,0
Dispatch,126030399,116698,1507,0
Static_bag,126017641,129618,1507,0
Bounds,126148544,6353,1507,0
VIF1_DMA_wait,126167509,23237,1507,0
GIF_DMA_wait,126190935,102,1507,0
Packet_qwords,126193736,0,1507,57
VIF1_submit,126193725,5269,1507,0
Dispatch,126161235,38744,1507,0
Static_bag,126147767,52308,1507,0
Bounds,126201206,5290,1507,0
VIF1_DMA_wait,126216870,193,1507,0
GIF_DMA_wait,126217205,47,1507,0
Packet_qwords,126219778,0,1507,57
VIF1_submit,126219767,4831,1507,0
Dispatch,126211567,14100,1507,0
Static_bag,126200599,25227,1507,0
Bounds,126228000,5544,1507,0
VIF1_DMA_wait,126245317,331,1507,0
GIF_DMA_wait,126245945,47,1507,0
Packet_qwords,126249286,0,1507,71
VIF1_submit,126249275,4996,1507,0
Dispatch,126238603,16690,1507,0
Static_bag,126227185,28330,1507,0
Bounds,126256544,5268,1507,0
VIF1_DMA_wait,126280699,274,1507,0
GIF_DMA_wait,126281195,47,1507,0
Packet_qwords,126287278,0,1507,134
VIF1_submit,126287267,15490,1507,0
Dispatch,126267261,36958,1507,0
Static_bag,126255981,48332,1507,0
Bounds,126305606,6253,1507,0
VIF1_DMA_wait,126333495,33093,1507,0
GIF_DMA_wait,126366938,103,1507,0
Packet_qwords,126374104,0,1507,141
VIF1_submit,126374093,5386,1507,0
Dispatch,126318039,62763,1507,0
Static_bag,126304837,76066,1507,0
Bounds,126382078,5879,1507,0
VIF1_DMA_wait,126398433,58147,1507,0
GIF_DMA_wait,126456885,152,1507,0
Packet_qwords,126459086,0,1507,43
VIF1_submit,126459075,5214,1507,0
Dispatch,126393945,71536,1507,0
Static_bag,126381349,84246,1507,0
Bounds,126467044,5529,1507,0
VIF1_DMA_wait,126484105,313,1507,0
GIF_DMA_wait,126484559,47,1507,0
Packet_qwords,126487294,0,1507,57
VIF1_submit,126487283,4901,1507,0
Dispatch,126478059,15154,1507,0
Static_bag,126466181,27170,1507,0
Bounds,126496826,5027,1507,0
Static_bag,126496249,5793,1507,0
Bounds,126502510,3056,1507,0
Static_bag,126502304,3399,1507,0
Bounds,126506114,2002,1507,0
Static_bag,126505863,2339,1507,0
Bounds,126508672,2002,1507,0
Static_bag,126508395,2411,1507,0
Bounds,126511198,2180,1507,0
Static_bag,126510969,2567,1507,0
Bounds,126514568,2334,1507,0
Static_bag,126514290,2731,1507,0
Bounds,126517478,2206,1507,0
Static_bag,126517233,2537,1507,0
Bounds,126520226,2218,1507,0
Static_bag,126519980,2550,1507,0
Bounds,126522958,2086,1507,0
Static_bag,126522687,2443,1507,0
Bounds,126525548,2158,1507,0
Static_bag,126525303,2534,1507,0
GS_FINISH_wait,126548787,532,1507,0
Align3D,126544439,5030,1507,0
Reflections_shared_probe,125008214,1545741,1507,0
Portal,126554103,170,1507,0
Bounds,126555219,5152,1507,0
VIF1_DMA_wait,126612987,474,1507,0
GIF_DMA_wait,126613813,102,1507,0
Packet_qwords,126618266,0,1507,88
VIF1_submit,126618255,5130,1507,0
Dispatch,126566767,57852,1507,0
Static_bag,126554717,70032,1507,0
Bounds,126627581,8432,1507,0
Static_bag,126627003,9113,1507,0
Sky,126554408,82317,1507,0
Bounds,126640582,4059,1507,0
VIF1_DMA_wait,126729335,436,1507,0
GIF_DMA_wait,126730081,98,1507,0
Packet_qwords,126736904,0,1507,141
VIF1_submit,126736893,5406,1507,0
VIF1_DMA_wait,126749526,125692,1507,0
GIF_DMA_wait,126875390,147,1507,0
Packet_qwords,126878006,0,1507,36
VIF1_submit,126877998,4708,1507,0
Dispatch,126653151,230552,1507,0
Static_bag,126640249,243569,1507,0
Bounds,126885688,5813,1507,0
Static_bag,126885049,6597,1507,0
Bounds,126892306,3089,1507,0
VIF1_DMA_wait,126935661,474,1507,0
GIF_DMA_wait,126936439,98,1507,0
Packet_qwords,126939578,0,1507,57
VIF1_submit,126939567,5010,1507,0
Dispatch,126902925,42790,1507,0
Static_bag,126892090,53767,1507,0
Bounds,126947768,16877,1507,0
VIF1_DMA_wait,126992235,486,1507,0
GIF_DMA_wait,126992917,98,1507,0
Packet_qwords,126995752,0,1507,57
VIF1_submit,126995741,5128,1507,0
Dispatch,126972179,29858,1507,0
Static_bag,126947085,55090,1507,0
Bounds,127003841,5162,1507,0
Static_bag,127003341,5799,1507,0
Bounds,127009876,2395,1507,0
Static_bag,127009598,2811,1507,0
Bounds,127013110,3266,1507,0
VIF1_DMA_wait,127034851,222,1507,0
GIF_DMA_wait,127035225,43,1507,0
Packet_qwords,127041644,0,1507,141
VIF1_submit,127041633,5178,1507,0
VIF1_DMA_wait,127054320,61452,1507,0
GIF_DMA_wait,127116079,148,1507,0
Packet_qwords,127119072,0,1507,43
VIF1_submit,127119064,4926,1507,0
Dispatch,127021337,103760,1507,0
Static_bag,127012815,112394,1507,0
Bounds,127127080,5993,1507,0
VIF1_DMA_wait,127196983,446,1507,0
GIF_DMA_wait,127197727,98,1507,0
Packet_qwords,127204616,0,1507,141
VIF1_submit,127204605,5016,1507,0
VIF1_DMA_wait,127216624,62021,1507,0
GIF_DMA_wait,127278870,139,1507,0
Packet_qwords,127281618,0,1507,36
VIF1_submit,127281610,4710,1507,0
Dispatch,127140975,146420,1507,0
Static_bag,127126351,161188,1507,0
Bounds,127289444,5971,1507,0
VIF1_DMA_wait,127355429,352,1507,0
GIF_DMA_wait,127356153,96,1507,0
Packet_qwords,127362920,0,1507,141
VIF1_submit,127362909,5124,1507,0
VIF1_DMA_wait,127375824,61392,1507,0
GIF_DMA_wait,127437450,139,1507,0
Packet_qwords,127440402,0,1507,43
VIF1_submit,127440394,4800,1507,0
Dispatch,127303261,143016,1507,0
Static_bag,127288703,157686,1507,0
Bounds,127448410,5519,1507,0
Static_bag,127447619,6477,1507,0
Bounds,127454774,2968,1507,0
Static_bag,127454466,3483,1507,0
Bounds,127458550,2480,1507,0
Static_bag,127458326,2913,1507,0
Bounds,127462204,2175,1507,0
Static_bag,127461880,2718,1507,0
Bounds,127465180,2346,1507,0
Static_bag,127465000,2687,1507,0
Bounds,127468286,2253,1507,0
Static_bag,127468056,2621,1507,0
Bounds,127471240,2426,1507,0
Static_bag,127471062,2744,1507,0
Bounds,127474372,2885,1507,0
VIF1_DMA_wait,127497105,278,1507,0
GIF_DMA_wait,127497511,43,1507,0
Packet_qwords,127504048,0,1507,141
VIF1_submit,127504037,5176,1507,0
VIF1_DMA_wait,127516589,61645,1507,0
GIF_DMA_wait,127578462,139,1507,0
Packet_qwords,127581566,0,1507,43
VIF1_submit,127581558,4996,1507,0
Dispatch,127482741,104942,1507,0
Static_bag,127474192,113595,1507,0
Bounds,127589644,6009,1507,0
Static_bag,127588975,6860,1507,0
Bounds,127596442,3411,1507,0
Static_bag,127596227,3814,1507,0
Bounds,127600642,3125,1507,0
VIF1_DMA_wait,127644397,356,1507,0
GIF_DMA_wait,127645087,92,1507,0
Packet_qwords,127651766,0,1507,141
VIF1_submit,127651755,5160,1507,0
VIF1_DMA_wait,127664579,61066,1507,0
GIF_DMA_wait,127725866,143,1507,0
Packet_qwords,127728778,0,1507,43
VIF1_submit,127728770,4772,1507,0
Dispatch,127610849,123806,1507,0
Static_bag,127600462,134367,1507,0
Bounds,127736750,5767,1507,0
VIF1_DMA_wait,127782585,354,1507,0
GIF_DMA_wait,127783231,98,1507,0
Packet_qwords,127789996,0,1507,141
VIF1_submit,127789985,5266,1507,0
VIF1_DMA_wait,127803101,62449,1507,0
GIF_DMA_wait,127865774,137,1507,0
Packet_qwords,127868642,0,1507,43
VIF1_submit,127868634,4804,1507,0
Dispatch,127750597,123876,1507,0
Static_bag,127736097,138472,1507,0
Bounds,127876426,5559,1507,0
Static_bag,127875761,6419,1507,0
Bounds,127882790,2044,1507,0
Static_bag,127882558,2362,1507,0
Bounds,127885718,2893,1507,0
VIF1_DMA_wait,127949619,468,1507,0
GIF_DMA_wait,127950385,98,1507,0
Packet_qwords,127956872,0,1507,134
VIF1_submit,127956861,5004,1507,0
Dispatch,127896759,66404,1507,0
Static_bag,127885468,77815,1507,0
Bounds,127964829,5847,1507,0
VIF1_DMA_wait,128044637,508,1507,0
GIF_DMA_wait,128045455,98,1507,0
Packet_qwords,128051720,0,1507,127
VIF1_submit,128051709,5076,1507,0
Dispatch,127977653,80320,1507,0
Static_bag,127964447,93696,1507,0
Terrain,126636857,1422126,1507,0
Bounds,128061015,5592,1507,0
VIF1_DMA_wait,128085147,30954,1507,0
GIF_DMA_wait,128116395,98,1507,0
Packet_qwords,128118188,0,1507,34
VIF1_submit,128118177,4915,1507,0
Dispatch,128073969,50094,1507,0
Static_bag,128060481,63692,1507,0
Bounds,128125755,4368,1507,0
Static_bag,128125319,4943,1507,0
Bounds,128131117,2646,1507,0
VIF1_DMA_wait,128178201,443,1507,0
GIF_DMA_wait,128178963,43,1507,0
Packet_qwords,128180996,0,1507,40
VIF1_submit,128180985,5100,1507,0
Dispatch,128139813,47548,1507,0
Static_bag,128130873,56600,1507,0
Bounds,128189150,5629,1507,0
VIF1_DMA_wait,128204804,267,1507,0
GIF_DMA_wait,128205206,44,1507,0
Packet_qwords,128206798,0,1507,36
VIF1_submit,128206787,4847,1507,0
Dispatch,128201251,11506,1507,0
Static_bag,128188599,24254,1507,0
Bounds,128214460,4732,1507,0
VIF1_DMA_wait,128238847,350,1507,0
GIF_DMA_wait,128239417,98,1507,0
Packet_qwords,128242136,0,1507,57
VIF1_submit,128242125,5089,1507,0
Dispatch,128225523,23050,1507,0
Static_bag,128214047,34626,1507,0
Bounds,128250346,5164,1507,0
VIF1_DMA_wait,128281469,300,1507,0
GIF_DMA_wait,128281945,43,1507,0
Packet_qwords,128284088,0,1507,43
VIF1_submit,128284077,5047,1507,0
Dispatch,128262417,28018,1507,0
Static_bag,128249783,40765,1507,0
Bounds,128292117,4877,1507,0
VIF1_DMA_wait,128320807,292,1507,0
GIF_DMA_wait,128321325,43,1507,0
Packet_qwords,128335012,0,1507,40
VIF1_submit,128335001,5290,1507,0
Dispatch,128303091,38462,1507,0
Static_bag,128291741,49992,1507,0
Bounds,128343351,5254,1507,0
Static_bag,128342907,5845,1507,0
Static_batches,128059021,290138,1507,0
Bounds,128350085,2322,1507,0
Static_bag,128349762,2731,1507,0
Bounds,128353126,2146,1507,0
Static_bag,128352849,2509,1507,0
Bounds,128355940,2110,1507,0
Static_bag,128355663,2519,1507,0
Bounds,128358856,2038,1507,0
Static_bag,128358503,2477,1507,0
Bounds,128361662,1986,1507,0
Static_bag,128361339,2395,1507,0
Bounds,128364374,2370,1507,0
Static_bag,128364045,2843,1507,0
Bounds,128367560,2490,1507,0
Static_bag,128367207,2975,1507,0
Bounds,128370836,2028,1507,0
Static_bag,128370507,2492,1507,0
Bounds,128373650,2402,1507,0
Static_bag,128373327,2811,1507,0
Bounds,128376760,2146,1507,0
Static_bag,128376501,2491,1507,0
Bounds,128379650,2322,1507,0
Static_bag,128379291,2845,1507,0
Bounds,128382818,2272,1507,0
Static_bag,128382447,2729,1507,0
Bounds,128385880,2126,1507,0
Static_bag,128385569,2574,1507,0
Bounds,128388836,2206,1507,0
Static_bag,128388475,2704,1507,0
Bounds,128391874,2408,1507,0
Static_bag,128391563,2849,1507,0
Bounds,128394994,2254,1507,0
Static_bag,128394729,2699,1507,0
Bounds,128398162,2523,1507,0
Static_bag,128397749,3069,1507,0
Bounds,128401510,2528,1507,0
Static_bag,128401179,2989,1507,0
Bounds,128404750,2481,1507,0
Static_bag,128404473,2921,1507,0
Bounds,128408042,2255,1507,0
Static_bag,128407733,2650,1507,0
Bounds,128411038,2343,1507,0
Static_bag,128410789,2712,1507,0
Bounds,128414132,2296,1507,0
Static_bag,128413815,2761,1507,0
Bounds,128417200,2691,1507,0
Static_bag,128416911,3066,1507,0
Bounds,128420522,2423,1507,0
Static_bag,128420253,2820,1507,0
Bounds,128423698,2491,1507,0
Static_bag,128423423,2852,1507,0
Bounds,128426992,2515,1507,0
Static_bag,128426712,2926,1507,0
Bounds,128430236,2525,1507,0
Static_bag,128429961,2975,1507,0
Bounds,128433554,2941,1507,0
VIF1_DMA_wait,128474499,486,1507,0
GIF_DMA_wait,128475369,102,1507,0
Packet_qwords,128490194,0,1507,64
VIF1_submit,128490183,5252,1507,0
Dispatch,128444851,51754,1507,0
Static_bag,128433245,63528,1507,0
Bounds,128498372,6001,1507,0
VIF1_DMA_wait,128566455,402,1507,0
GIF_DMA_wait,128567223,96,1507,0
Packet_qwords,128573992,0,1507,141
VIF1_submit,128573981,5123,1507,0
VIF1_DMA_wait,128588783,59368,1507,0
GIF_DMA_wait,128648414,95,1507,0
Packet_qwords,128652455,0,1507,57
VIF1_submit,128652447,4482,1507,0
Dispatch,128513121,144860,1507,0
Static_bag,128497665,160412,1507,0
Bounds,128659798,6339,1507,0
VIF1_DMA_wait,128688441,250,1507,0
GIF_DMA_wait,128688895,92,1507,0
Packet_qwords,128695388,0,1507,141
VIF1_submit,128695377,5227,1507,0
VIF1_DMA_wait,128709673,59966,1507,0
GIF_DMA_wait,128769864,113,1507,0
Packet_qwords,128773801,0,1507,57
VIF1_submit,128773793,4780,1507,0
Dispatch,128672865,106792,1507,0
Static_bag,128659095,120798,1507,0
Bounds,128781488,6113,1507,0
VIF1_DMA_wait,128820159,443,1507,0
GIF_DMA_wait,128820931,98,1507,0
Packet_qwords,128827610,0,1507,141
VIF1_submit,128827599,5478,1507,0
VIF1_DMA_wait,128842129,59706,1507,0
GIF_DMA_wait,128901980,41,1507,0
Packet_qwords,128905096,0,1507,57
VIF1_submit,128905088,4022,1507,0
Dispatch,128805663,104278,1507,0
Static_bag,128780829,129236,1507,0
Bounds,128911532,5952,1507,0
VIF1_DMA_wait,128934973,4808,1507,0
GIF_DMA_wait,128939933,98,1507,0
Packet_qwords,128945096,0,1507,113
VIF1_submit,128945085,15614,1507,0
Dispatch,128923725,38398,1507,0
Static_bag,128910789,51428,1507,0
Bounds,128963846,5993,1507,0
VIF1_DMA_wait,128981769,28311,1507,0
GIF_DMA_wait,129010227,154,1507,0
Packet_qwords,129012812,0,1507,50
VIF1_submit,129012801,5233,1507,0
Dispatch,128976067,42924,1507,0
Static_bag,128963213,55904,1507,0
Bounds,129020540,5238,1507,0
VIF1_DMA_wait,129035608,231,1507,0
GIF_DMA_wait,129035941,43,1507,0
Packet_qwords,129038144,0,1507,50
VIF1_submit,129038133,4867,1507,0
Dispatch,129031359,12664,1507,0
Static_bag,129019941,24292,1507,0
Bounds,129045478,4820,1507,0
VIF1_DMA_wait,129068445,378,1507,0
GIF_DMA_wait,129069047,43,1507,0
Packet_qwords,129071374,0,1507,50
VIF1_submit,129071363,4997,1507,0
Dispatch,129057237,20342,1507,0
Static_bag,129044981,32688,1507,0
Bounds,129079024,5494,1507,0
VIF1_DMA_wait,129099921,398,1507,0
GIF_DMA_wait,129100599,96,1507,0
Packet_qwords,129102292,0,1507,36
VIF1_submit,129102281,15700,1507,0
Dispatch,129091443,28178,1507,0
Static_bag,129078525,41206,1507,0
Bounds,129120860,5051,1507,0
Static_bag,129120411,5653,1507,0
Bounds,129126730,2298,1507,0
Static_bag,129126413,2701,1507,0
Bounds,129129736,2364,1507,0
Static_bag,129129467,2719,1507,0
Bounds,129132812,2192,1507,0
Static_bag,129132501,2589,1507,0
Bounds,129135640,2105,1507,0
Static_bag,129135387,2444,1507,0
Bounds,129138454,2068,1507,0
Static_bag,129138153,2504,1507,0
Bounds,129141260,2104,1507,0
Static_bag,129140961,2489,1507,0
Bounds,129144086,2378,1507,0
Static_bag,129143825,2725,1507,0
Bounds,129147184,2585,1507,0
VIF1_DMA_wait,129180249,438,1507,0
GIF_DMA_wait,129181011,96,1507,0
Packet_qwords,129183566,0,1507,50
VIF1_submit,129183555,5275,1507,0
Dispatch,129157653,32360,1507,0
Static_bag,129146873,43260,1507,0
Bounds,129191644,5752,1507,0
VIF1_DMA_wait,129208056,223,1507,0
GIF_DMA_wait,129208381,43,1507,0
Packet_qwords,129210476,0,1507,50
VIF1_submit,129210465,4951,1507,0
Dispatch,129203295,12932,1507,0
Static_bag,129191085,25238,1507,0
Bounds,129217256,4704,1507,0
VIF1_DMA_wait,129231558,40881,1507,0
GIF_DMA_wait,129272791,156,1507,0
Packet_qwords,129275740,0,1507,50
VIF1_submit,129275729,5098,1507,0
Dispatch,129227187,54704,1507,0
Static_bag,129216889,65219,1507,0
Bounds,129283802,5795,1507,0
VIF1_DMA_wait,129300159,284,1507,0
GIF_DMA_wait,129300543,53,1507,0
Packet_qwords,129302678,0,1507,50
VIF1_submit,129302667,4861,1507,0
Dispatch,129295285,13324,1507,0
Static_bag,129283011,25754,1507,0
Bounds,129309916,5114,1507,0
VIF1_DMA_wait,129323256,311,1507,0
GIF_DMA_wait,129323718,44,1507,0
Packet_qwords,129325274,0,1507,36
VIF1_submit,129325263,4879,1507,0
Dispatch,129320511,10612,1507,0
Static_bag,129309483,21734,1507,0
Bounds,129332360,4601,1507,0
Static_bag,129331947,5159,1507,0
Bounds,129337708,2360,1507,0
Static_bag,129337455,2699,1507,0
Bounds,129340768,2488,1507,0
VIF1_DMA_wait,129371525,460,1507,0
GIF_DMA_wait,129372289,98,1507,0
Packet_qwords,129374068,0,1507,36
VIF1_submit,129374057,5344,1507,0
Dispatch,129350001,30472,1507,0
Static_bag,129340503,40090,1507,0
Bounds,129382000,4799,1507,0
VIF1_DMA_wait,129405815,354,1507,0
GIF_DMA_wait,129406383,96,1507,0
Packet_qwords,129408920,0,1507,50
VIF1_submit,129408909,4893,1507,0
Dispatch,129394567,20308,1507,0
Static_bag,129381561,33477,1507,0
Bounds,129416402,17113,1507,0
VIF1_DMA_wait,129450735,492,1507,0
GIF_DMA_wait,129451569,96,1507,0
Packet_qwords,129453322,0,1507,36
VIF1_submit,129453311,5268,1507,0
Dispatch,129441317,18378,1507,0
Static_bag,129415875,43970,1507,0
Bounds,129461198,4595,1507,0
Static_bag,129460689,5209,1507,0
Bounds,129466510,2145,1507,0
Static_bag,129466263,2478,1507,0
Bounds,129469382,2245,1507,0
Static_bag,129469055,2709,1507,0
Bounds,129472376,2479,1507,0
Static_bag,129472091,2850,1507,0
Bounds,129475696,2405,1507,0
Static_bag,129475354,2883,1507,0
Bounds,129478900,2226,1507,0
Static_bag,129478571,2692,1507,0
Bounds,129481930,2104,1507,0
Static_bag,129481577,2592,1507,0
Bounds,129484790,2130,1507,0
Static_bag,129484505,2550,1507,0
Bounds,129487660,2064,1507,0
Static_bag,129487373,2437,1507,0
Bounds,129490474,2070,1507,0
Static_bag,129490193,2437,1507,0
Bounds,129493294,1954,1507,0
Static_bag,129492965,2417,1507,0
Bounds,129495982,1896,1507,0
Static_bag,129495699,2265,1507,0
Bounds,129498676,2050,1507,0
Static_bag,129498391,2470,1507,0
Bounds,129501544,2128,1507,0
Static_bag,129501223,2570,1507,0
Bounds,129504484,2503,1507,0
Static_bag,129504157,2916,1507,0
Bounds,129507680,2746,1507,0
VIF1_DMA_wait,129528639,410,1507,0
GIF_DMA_wait,129529351,98,1507,0
Packet_qwords,129531482,0,1507,43
VIF1_submit,129531471,4957,1507,0
Dispatch,129517991,19410,1507,0
Static_bag,129507401,30096,1507,0
Bounds,129538918,5428,1507,0
VIF1_DMA_wait,129554248,237,1507,0
GIF_DMA_wait,129554587,43,1507,0
Packet_qwords,129556760,0,1507,50
VIF1_submit,129556749,4833,1507,0
Dispatch,129549947,12666,1507,0
Static_bag,129538419,24344,1507,0
Bounds,129563882,5202,1507,0
VIF1_DMA_wait,129590403,473,1507,0
GIF_DMA_wait,129591181,98,1507,0
Packet_qwords,129593836,0,1507,50
VIF1_submit,129593825,5248,1507,0
Dispatch,129585043,15010,1507,0
Static_bag,129563427,36764,1507,0
Bounds,129601862,5764,1507,0
VIF1_DMA_wait,129626179,410,1507,0
GIF_DMA_wait,129626913,96,1507,0
Packet_qwords,129629272,0,1507,50
VIF1_submit,129629261,5063,1507,0
Dispatch,129615251,20250,1507,0
Static_bag,129601149,34466,1507,0
Bounds,129636920,5244,1507,0
VIF1_DMA_wait,129673005,428,1507,0
GIF_DMA_wait,129673749,96,1507,0
Packet_qwords,129677192,0,1507,71
VIF1_submit,129677181,5065,1507,0
Dispatch,129649535,33768,1507,0
Static_bag,129636371,47028,1507,0
Bounds,129684868,5153,1507,0
Static_bag,129684297,6061,1507,0
Bounds,129691168,2307,1507,0
Static_bag,129690813,2748,1507,0
Bounds,129694270,2715,1507,0
Static_bag,129693951,3167,1507,0
Bounds,129697756,2933,1507,0
Static_bag,129697445,3489,1507,0
Bounds,129701566,2555,1507,0
Static_bag,129701255,3107,1507,0
Bounds,129705238,2379,1507,0
Static_bag,129704945,2841,1507,0
Bounds,129708386,2409,1507,0
Static_bag,129708113,2865,1507,0
Bounds,129711662,2391,1507,0
Static_bag,129711397,2794,1507,0
Bounds,129714820,2228,1507,0
Static_bag,129714553,2662,1507,0
Bounds,129717844,2415,1507,0
Static_bag,129717568,2863,1507,0
Bounds,129721096,2380,1507,0
Static_bag,129720785,2862,1507,0
Bounds,129724288,2940,1507,0
VIF1_DMA_wait,129769195,486,1507,0
GIF_DMA_wait,129769981,98,1507,0
Packet_qwords,129772690,0,1507,57
VIF1_submit,129772679,5100,1507,0
Dispatch,129746385,32440,1507,0
Static_bag,129723959,54984,1507,0
Bounds,129780434,5489,1507,0
Static_bag,129779777,6347,1507,0
Bounds,129786778,2286,1507,0
Static_bag,129786497,2702,1507,0
Bounds,129790348,2326,1507,0
Static_bag,129789809,3000,1507,0
Bounds,129793418,2812,1507,0
VIF1_DMA_wait,129828147,314,1507,0
GIF_DMA_wait,129828685,98,1507,0
Packet_qwords,129830816,0,1507,43
VIF1_submit,129830805,5001,1507,0
Dispatch,129803999,32934,1507,0
Static_bag,129793119,43904,1507,0
Procedural,128349277,1488196,1507,0
Bounds,129846416,5232,1507,0
VIF1_DMA_wait,129873795,277,1507,0
GIF_DMA_wait,129874215,43,1507,0
Packet_qwords,129880820,0,1507,141
VIF1_submit,129880809,16338,1507,0
VIF1_DMA_wait,129914571,51702,1507,0
GIF_DMA_wait,129966536,76,1507,0
Packet_qwords,129973077,0,1507,113
VIF1_submit,129973069,5205,1507,0
Dispatch,129858705,120879,1507,0
Static_bag,129845981,133722,1507,0
Bounds,130218433,5402,1507,0
VIF1_DMA_wait,130244811,421,1507,0
GIF_DMA_wait,130245374,44,1507,0
Packet_qwords,130252046,0,1507,145
VIF1_submit,130252035,5358,1507,0
VIF1_DMA_wait,130272177,66418,1507,0
GIF_DMA_wait,130338696,41,1507,0
Packet_qwords,130344244,0,1507,113
VIF1_submit,130344236,4280,1507,0
Dispatch,130230009,131738,1507,0
Static_bag,130217891,144114,1507,0
Bounds,130363242,5929,1507,0
VIF1_DMA_wait,130387767,40629,1507,0
GIF_DMA_wait,130428631,98,1507,0
Packet_qwords,130434320,0,1507,120
VIF1_submit,130434309,5376,1507,0
Dispatch,130375177,65536,1507,0
Static_bag,130362661,78209,1507,0
Bounds,130441971,5195,1507,0
VIF1_DMA_wait,130455290,38773,1507,0
GIF_DMA_wait,130494157,102,1507,0
Packet_qwords,130496044,0,1507,40
VIF1_submit,130496033,4919,1507,0
Dispatch,130451373,50596,1507,0
Static_bag,130441459,60670,1507,0
Object,129845595,657080,1507,2
Bounds,130505233,15944,1507,0
Static_bag,130504745,16747,1507,0
Object,130504407,17494,1507,4
Bounds,130531864,3440,1507,0
Static_bag,130531431,4054,1507,0
Object,130531082,5173,1507,8
Bounds,130538821,3136,1507,0
Static_bag,130538595,3484,1507,0
Object,130538423,3869,1507,9
Bounds,130544689,2897,1507,0
Static_bag,130544494,3177,1507,0
Object,130544290,3557,1507,10
Bounds,130550221,2914,1507,0
Static_bag,130550031,3189,1507,0
Object,130549838,3607,1507,11
Object,130553978,106,1507,12
Object,130554490,64,1507,13
Object,130565457,202,1507,14
Object,130566184,66,1507,15
Object,130566686,70,1507,16
Object,130567376,70,1507,17
Object,130567862,56,1507,18
Object,130568366,70,1507,19
Object,130568926,56,1507,20
Object,130569400,72,1507,21
Object,130569886,56,1507,22
Bounds,130571470,4704,1507,0
Static_bag,130571061,5279,1507,0
Object,130570784,5846,1507,27
Bounds,130577708,2784,1507,0
Static_bag,130577470,3156,1507,0
Object,130577330,3502,1507,30
Bounds,130582879,2868,1507,0
Static_bag,130582653,3221,1507,0
Object,130582516,3594,1507,32
Bounds,130588255,2679,1507,0
Static_bag,130587981,3102,1507,0
Object,130587794,3526,1507,34
Bounds,130594732,3389,1507,0
VIF1_DMA_wait,130632351,432,1507,0
GIF_DMA_wait,130633087,92,1507,0
Packet_qwords,130637416,0,1507,92
VIF1_submit,130637405,5068,1507,0
Dispatch,130606525,36988,1507,0
Static_bag,130594401,49210,1507,0
Bounds,130644890,5044,1507,0
VIF1_DMA_wait,130719953,430,1507,0
GIF_DMA_wait,130720725,96,1507,0
Packet_qwords,130727494,0,1507,141
VIF1_submit,130727483,5099,1507,0
VIF1_DMA_wait,130742117,127282,1507,0
GIF_DMA_wait,130869618,169,1507,0
Packet_qwords,130873186,0,1507,57
VIF1_submit,130873178,4766,1507,0
Dispatch,130657123,221830,1507,0
Static_bag,130644483,234617,1507,0
Bounds,130880378,5161,1507,0
VIF1_DMA_wait,130947571,356,1507,0
GIF_DMA_wait,130948279,98,1507,0
Packet_qwords,130954994,0,1507,141
VIF1_submit,130954983,5148,1507,0
VIF1_DMA_wait,130971404,60991,1507,0
GIF_DMA_wait,131032620,145,1507,0
Packet_qwords,131036828,0,1507,71
VIF1_submit,131036820,4744,1507,0
Dispatch,130893447,149110,1507,0
Static_bag,130879825,162826,1507,0
Bounds,131044084,5663,1507,0
VIF1_DMA_wait,131072609,10922,1507,0
GIF_DMA_wait,131083749,148,1507,0
Packet_qwords,131086652,0,1507,57
VIF1_submit,131086641,5022,1507,0
Dispatch,131057941,34764,1507,0
Static_bag,131043441,49360,1507,0
Bounds,131094130,5120,1507,0
VIF1_DMA_wait,131116979,360,1507,0
GIF_DMA_wait,131117553,43,1507,0
Packet_qwords,131119454,0,1507,43
VIF1_submit,131119443,4867,1507,0
Dispatch,131106355,19014,1507,0
Static_bag,131093599,31890,1507,0
Object,130594264,531919,1507,35
Bounds,131128857,16134,1507,0
VIF1_DMA_wait,131174063,478,1507,0
GIF_DMA_wait,131174887,92,1507,0
Packet_qwords,131176780,0,1507,34
VIF1_submit,131176769,5189,1507,0
Dispatch,131151831,31238,1507,0
Static_bag,131128371,54818,1507,0
Object,131127903,55734,1507,36
Bounds,131188838,4951,1507,0
VIF1_DMA_wait,131227385,357,1507,0
GIF_DMA_wait,131228013,43,1507,0
Packet_qwords,131232350,0,1507,92
VIF1_submit,131232339,5072,1507,0
Dispatch,131201809,36694,1507,0
Static_bag,131188309,50290,1507,0
Bounds,131239880,4878,1507,0
VIF1_DMA_wait,131313851,390,1507,0
GIF_DMA_wait,131314555,43,1507,0
Packet_qwords,131321152,0,1507,141
VIF1_submit,131321141,5255,1507,0
VIF1_DMA_wait,131335877,122734,1507,0
GIF_DMA_wait,131458884,145,1507,0
Packet_qwords,131462402,0,1507,57
VIF1_submit,131462394,4834,1507,0
Dispatch,131252119,216112,1507,0
Static_bag,131239401,228956,1507,0
Bounds,131469632,5173,1507,0
VIF1_DMA_wait,131539983,390,1507,0
GIF_DMA_wait,131540671,98,1507,0
Packet_qwords,131547458,0,1507,141
VIF1_submit,131547447,4980,1507,0
VIF1_DMA_wait,131563727,60334,1507,0
GIF_DMA_wait,131624330,147,1507,0
Packet_qwords,131628552,0,1507,71
VIF1_submit,131628544,4848,1507,0
Dispatch,131482831,151596,1507,0
Static_bag,131469091,165462,1507,0
Bounds,131636162,5791,1507,0
VIF1_DMA_wait,131664909,10564,1507,0
GIF_DMA_wait,131675691,148,1507,0
Packet_qwords,131678606,0,1507,57
VIF1_submit,131678595,4986,1507,0
Dispatch,131650071,34652,1507,0
Static_bag,131635473,49364,1507,0
Bounds,131686108,4970,1507,0
VIF1_DMA_wait,131708628,341,1507,0
GIF_DMA_wait,131709235,43,1507,0
Packet_qwords,131711188,0,1507,43
VIF1_submit,131711177,4825,1507,0
Dispatch,131698397,18740,1507,0
Static_bag,131685583,31684,1507,0
Object,131187957,529938,1507,37
Bounds,131723716,5004,1507,0
VIF1_DMA_wait,131749305,443,1507,0
GIF_DMA_wait,131750083,43,1507,0
Packet_qwords,131752292,0,1507,43
VIF1_submit,131752281,18452,1507,0
Dispatch,131736095,36178,1507,0
Static_bag,131723223,49196,1507,0
Bounds,131774222,5639,1507,0
VIF1_DMA_wait,131808795,444,1507,0
GIF_DMA_wait,131809509,96,1507,0
Packet_qwords,131812540,0,1507,64
VIF1_submit,131812529,5248,1507,0
Dispatch,131787445,31444,1507,0
Static_bag,131773273,45724,1507,0
Bounds,131820388,5169,1507,0
Static_bag,131819865,5899,1507,0
Bounds,131826526,2441,1507,0
Static_bag,131826202,2916,1507,0
Bounds,131829634,3500,1507,0
VIF1_DMA_wait,131850189,392,1507,0
GIF_DMA_wait,131850943,43,1507,0
Packet_qwords,131852732,0,1507,36
VIF1_submit,131852721,4777,1507,0
Dispatch,131840625,17866,1507,0
Static_bag,131829389,29296,1507,0
Object,131722863,136382,1507,39
Bounds,131864734,4910,1507,0
VIF1_DMA_wait,131884659,311,1507,0
GIF_DMA_wait,131885107,43,1507,0
Packet_qwords,131889290,0,1507,92
VIF1_submit,131889279,5095,1507,0
Dispatch,131875291,20182,1507,0
Static_bag,131864219,31382,1507,0
Bounds,131896906,5078,1507,0
VIF1_DMA_wait,131935619,296,1507,0
GIF_DMA_wait,131936163,43,1507,0
Packet_qwords,131942878,0,1507,141
VIF1_submit,131942867,5297,1507,0
VIF1_DMA_wait,131957005,61812,1507,0
GIF_DMA_wait,132018918,43,1507,0
Packet_qwords,132021946,0,1507,57
VIF1_submit,132021938,4088,1507,0
Dispatch,131907363,119470,1507,0
Static_bag,131896297,130678,1507,0
Bounds,132028466,5503,1507,0
VIF1_DMA_wait,132054347,3115,1507,0
GIF_DMA_wait,132057643,100,1507,0
Packet_qwords,132064112,0,1507,141
VIF1_submit,132064101,15458,1507,0
VIF1_DMA_wait,132092895,55656,1507,0
GIF_DMA_wait,132148662,101,1507,0
Packet_qwords,132152966,0,1507,78
VIF1_submit,132152958,5104,1507,0
Dispatch,132040183,118858,1507,0
Static_bag,132027721,131416,1507,0
Bounds,132160724,5971,1507,0
VIF1_DMA_wait,132178784,23848,1507,0
GIF_DMA_wait,132202725,98,1507,0
Packet_qwords,132205430,0,1507,57
VIF1_submit,132205419,4928,1507,0
Dispatch,132172711,38598,1507,0
Static_bag,132159935,51486,1507,0
Bounds,132212696,5152,1507,0
VIF1_DMA_wait,132240335,336,1507,0
GIF_DMA_wait,132240885,43,1507,0
Packet_qwords,132243484,0,1507,57
VIF1_submit,132243473,5225,1507,0
Dispatch,132222961,26918,1507,0
Static_bag,132212171,37832,1507,0
Object,131863921,386648,1507,41
Bounds,132253173,5694,1507,0
VIF1_DMA_wait,132267013,307,1507,0
GIF_DMA_wait,132267471,43,1507,0
Packet_qwords,132269320,0,1507,34
VIF1_submit,132269309,4756,1507,0
Dispatch,132263851,11290,1507,0
Static_bag,132252595,22660,1507,0
Object,132252135,23562,1507,42
Bounds,132281104,4557,1507,0
VIF1_DMA_wait,132298105,289,1507,0
GIF_DMA_wait,132298446,44,1507,0
Packet_qwords,132301780,0,1507,71
VIF1_submit,132301769,5027,1507,0
Dispatch,132290811,16988,1507,0
Static_bag,132280637,27258,1507,0
Bounds,132309014,5136,1507,0
VIF1_DMA_wait,132333078,281,1507,0
GIF_DMA_wait,132333505,43,1507,0
Packet_qwords,132339688,0,1507,134
VIF1_submit,132339677,5137,1507,0
Dispatch,132319995,25844,1507,0
Static_bag,132308575,37486,1507,0
Bounds,132347224,5226,1507,0
VIF1_DMA_wait,132394733,14830,1507,0
GIF_DMA_wait,132409951,90,1507,0
Packet_qwords,132416540,0,1507,141
VIF1_submit,132416529,5329,1507,0
Dispatch,132358107,65123,1507,0
Static_bag,132346673,76668,1507,0
Bounds,132424768,5555,1507,0
VIF1_DMA_wait,132440850,49770,1507,0
GIF_DMA_wait,132490765,100,1507,0
Packet_qwords,132492836,0,1507,43
VIF1_submit,132492825,4896,1507,0
Dispatch,132436537,62190,1507,0
Static_bag,132424083,74756,1507,0
Bounds,132500020,5194,1507,0
VIF1_DMA_wait,132515412,193,1507,0
GIF_DMA_wait,132515759,43,1507,0
Packet_qwords,132518260,0,1507,57
VIF1_submit,132518249,4943,1507,0
Dispatch,132510085,14142,1507,0
Static_bag,132499489,24880,1507,0
Object,132280297,244658,1507,43
Bounds,132532785,15464,1507,0
Static_bag,132532331,16333,1507,0
Object,132531987,17074,1507,52
Bounds,132555394,2870,1507,0
Static_bag,132554923,3427,1507,0
Object,132554547,3991,1507,59
Bounds,132560086,2534,1507,0
Static_bag,132559752,2991,1507,0
Object,132559556,3292,1507,60
Bounds,132564104,2897,1507,0
VIF1_DMA_wait,132582273,371,1507,0
GIF_DMA_wait,132582871,43,1507,0
Packet_qwords,132586930,0,1507,85
VIF1_submit,132586919,5164,1507,0
Dispatch,132573013,20068,1507,0
Static_bag,132563835,29396,1507,0
Object,132563710,30073,1507,61
Bounds,132597722,5280,1507,0
VIF1_DMA_wait,132618363,5409,1507,0
GIF_DMA_wait,132623906,99,1507,0
Packet_qwords,132627790,0,1507,85
VIF1_submit,132627782,4966,1507,0
Dispatch,132609133,24640,1507,0
Static_bag,132597242,36627,1507,0
Object,132596989,37486,1507,62
Bounds,132638134,4859,1507,0
Static_bag,132637597,5573,1507,0
Object,132637287,6075,1507,63
Bounds,132645080,2351,1507,0
Static_bag,132644591,2970,1507,0
Object,132644408,3374,1507,64
Bounds,132649376,2795,1507,0
Static_bag,132649104,3187,1507,0
Object,132648778,3696,1507,65
Bounds,132654212,3214,1507,0
VIF1_DMA_wait,132672177,311,1507,0
GIF_DMA_wait,132672624,44,1507,0
Packet_qwords,132676540,0,1507,85
VIF1_submit,132676529,5147,1507,0
Dispatch,132663651,19042,1507,0
Static_bag,132653740,29047,1507,0
Object,132653414,30109,1507,66
Bounds,132687184,18001,1507,0
VIF1_DMA_wait,132721691,363,1507,0
GIF_DMA_wait,132722317,43,1507,0
Packet_qwords,132726266,0,1507,85
VIF1_submit,132726255,5427,1507,0
Dispatch,132712045,20658,1507,0
Static_bag,132686708,46089,1507,0
Object,132686455,46852,1507,67
Bounds,132737174,4655,1507,0
Static_bag,132736651,5353,1507,0
Object,132736275,6053,1507,68
Bounds,132744026,2265,1507,0
Static_bag,132743687,2742,1507,0
Object,132743588,3076,1507,69
Bounds,132748606,2912,1507,0
VIF1_DMA_wait,132766137,329,1507,0
GIF_DMA_wait,132766602,44,1507,0
Packet_qwords,132770356,0,1507,78
VIF1_submit,132770345,5068,1507,0
Dispatch,132757741,18690,1507,0
Static_bag,132748290,28235,1507,0
Bounds,132777932,5140,1507,0
VIF1_DMA_wait,132794226,8985,1507,0
GIF_DMA_wait,132803363,98,1507,0
Packet_qwords,132805958,0,1507,57
VIF1_submit,132805947,4837,1507,0
Dispatch,132788485,23340,1507,0
Static_bag,132777353,34596,1507,0
Object,132747924,64635,1507,70
Bounds,132816256,5206,1507,0
VIF1_DMA_wait,132835179,311,1507,0
GIF_DMA_wait,132835710,44,1507,0
Packet_qwords,132839348,0,1507,78
VIF1_submit,132839337,4999,1507,0
Dispatch,132827289,18130,1507,0
Static_bag,132815731,29782,1507,0
Bounds,132858980,5807,1507,0
VIF1_DMA_wait,132877119,347,1507,0
GIF_DMA_wait,132877599,43,1507,0
Packet_qwords,132880228,0,1507,57
VIF1_submit,132880217,5398,1507,0
Dispatch,132871213,15420,1507,0
Static_bag,132858429,28316,1507,0
Object,132815403,71928,1507,71
Bounds,132891264,4419,1507,0
Static_bag,132890688,5168,1507,0
Bounds,132896338,2137,1507,0
Static_bag,132896081,2530,1507,0
Object,132890373,8347,1507,72
Bounds,132900302,2814,1507,0
VIF1_DMA_wait,132916749,317,1507,0
GIF_DMA_wait,132917246,44,1507,0
Packet_qwords,132920888,0,1507,78
VIF1_submit,132920877,5103,1507,0
Dispatch,132908871,18170,1507,0
Static_bag,132899897,27288,1507,0
Bounds,132928568,5148,1507,0
VIF1_DMA_wait,132945120,7089,1507,0
GIF_DMA_wait,132952355,98,1507,0
Packet_qwords,132954938,0,1507,57
VIF1_submit,132954927,4851,1507,0
Dispatch,132939519,21354,1507,0
Static_bag,132927997,32992,1507,0
Object,132899757,61922,1507,73
Bounds,132979130,4897,1507,0
VIF1_DMA_wait,133037297,442,1507,0
GIF_DMA_wait,133038079,98,1507,0
Packet_qwords,133040818,0,1507,50
VIF1_submit,133040807,5106,1507,0
Dispatch,132991729,55386,1507,0
Static_bag,132978675,68534,1507,0
Bounds,133048736,5339,1507,0
VIF1_DMA_wait,133078877,354,1507,0
GIF_DMA_wait,133079491,43,1507,0
Packet_qwords,133082350,0,1507,64
VIF1_submit,133082339,5069,1507,0
Dispatch,133061719,26850,1507,0
Static_bag,133048083,40598,1507,0
Bounds,133089988,5238,1507,0
VIF1_DMA_wait,133118849,270,1507,0
GIF_DMA_wait,133119417,43,1507,0
Packet_qwords,133121260,0,1507,36
VIF1_submit,133121249,5113,1507,0
Dispatch,133103223,24212,1507,0
Static_bag,133089383,38142,1507,0
Object,132978243,149948,1507,75
Bounds,133133048,5136,1507,0
VIF1_DMA_wait,133149229,337,1507,0
GIF_DMA_wait,133149669,47,1507,0
Packet_qwords,133151606,0,1507,43
VIF1_submit,133151595,4795,1507,0
Dispatch,133144251,13228,1507,0
Static_bag,133132595,25034,1507,0
Bounds,133170195,5460,1507,0
VIF1_DMA_wait,133188535,367,1507,0
GIF_DMA_wait,133189071,43,1507,0
Packet_qwords,133192106,0,1507,64
VIF1_submit,133192095,5298,1507,0
Dispatch,133181859,16640,1507,0
Static_bag,133158335,40292,1507,0
Bounds,133199980,5246,1507,0
VIF1_DMA_wait,133214076,435,1507,0
GIF_DMA_wait,133214611,100,1507,0
Packet_qwords,133216216,0,1507,36
VIF1_submit,133216205,4859,1507,0
Dispatch,133211337,10742,1507,0
Static_bag,133199287,22938,1507,0
Object,133132221,90488,1507,76
Bounds,133227586,4786,1507,0
VIF1_DMA_wait,133241757,335,1507,0
GIF_DMA_wait,133242228,44,1507,0
Packet_qwords,133244396,0,1507,43
VIF1_submit,133244385,4873,1507,0
Dispatch,133237719,12548,1507,0
Static_bag,133227145,23256,1507,0
Bounds,133251748,5032,1507,0
VIF1_DMA_wait,133267342,189,1507,0
GIF_DMA_wait,133267679,43,1507,0
Packet_qwords,133270496,0,1507,64
VIF1_submit,133270485,4927,1507,0
Dispatch,133261479,14948,1507,0
Static_bag,133251163,25376,1507,0
Bounds,133277744,5138,1507,0
VIF1_DMA_wait,133291398,879,1507,0
GIF_DMA_wait,133292445,98,1507,0
Packet_qwords,133294138,0,1507,36
VIF1_submit,133294127,4801,1507,0
Dispatch,133288653,11324,1507,0
Static_bag,133277197,22894,1507,0
Object,133226797,73810,1507,77
Bounds,133305454,4714,1507,0
VIF1_DMA_wait,133331439,365,1507,0
GIF_DMA_wait,133332109,43,1507,0
Packet_qwords,133334230,0,1507,43
VIF1_submit,133334219,5237,1507,0
Dispatch,133326743,13818,1507,0
Static_bag,133304987,35688,1507,0
Bounds,133342292,5148,1507,0
VIF1_DMA_wait,133358886,275,1507,0
GIF_DMA_wait,133359313,43,1507,0
Packet_qwords,133362466,0,1507,64
VIF1_submit,133362455,4888,1507,0
Dispatch,133352943,15394,1507,0
Static_bag,133341483,26996,1507,0
Bounds,133369630,5060,1507,0
VIF1_DMA_wait,133383137,1246,1507,0
GIF_DMA_wait,133384519,100,1507,0
Packet_qwords,133386118,0,1507,36
VIF1_submit,133386107,4811,1507,0
Dispatch,133380201,11710,1507,0
Static_bag,133369171,22848,1507,0
Object,133304667,87852,1507,78
Bounds,133397296,4750,1507,0
VIF1_DMA_wait,133411389,311,1507,0
GIF_DMA_wait,133411836,44,1507,0
Packet_qwords,133413854,0,1507,43
VIF1_submit,133413843,4911,1507,0
Dispatch,133407351,12442,1507,0
Static_bag,133396903,22990,1507,0
Bounds,133421408,4986,1507,0
VIF1_DMA_wait,133437642,193,1507,0
GIF_DMA_wait,133437937,43,1507,0
Packet_qwords,133440844,0,1507,64
VIF1_submit,133440833,4891,1507,0
Dispatch,133431351,15454,1507,0
Static_bag,133420685,26227,1507,0
Bounds,133448234,5142,1507,0
VIF1_DMA_wait,133461960,765,1507,0
GIF_DMA_wait,133462825,108,1507,0
Packet_qwords,133464562,0,1507,36
VIF1_submit,133464551,4835,1507,0
Dispatch,133459245,21864,1507,0
Static_bag,133447547,33788,1507,0
Object,133396593,85218,1507,79
Bounds,133487176,5205,1507,0
VIF1_DMA_wait,133502853,347,1507,0
GIF_DMA_wait,133503427,43,1507,0
Packet_qwords,133505432,0,1507,43
VIF1_submit,133505421,5216,1507,0
Dispatch,133498369,13372,1507,0
Static_bag,133486537,25300,1507,0
Bounds,133513342,4966,1507,0
VIF1_DMA_wait,133529396,279,1507,0
GIF_DMA_wait,133529775,43,1507,0
Packet_qwords,133532710,0,1507,64
VIF1_submit,133532699,4949,1507,0
Dispatch,133523511,15104,1507,0
Static_bag,133512701,26010,1507,0
Bounds,133540174,5084,1507,0
VIF1_DMA_wait,133553519,940,1507,0
GIF_DMA_wait,133554609,98,1507,0
Packet_qwords,133556284,0,1507,36
VIF1_submit,133556273,4829,1507,0
Dispatch,133550793,11332,1507,0
Static_bag,133539473,22848,1507,0
Object,133486185,76686,1507,80
Bounds,133590286,4767,1507,0
Static_bag,133589775,5699,1507,0
Bounds,133596082,2233,1507,0
Static_bag,133595838,2563,1507,0
Object,133589350,9209,1507,99
Bounds,133600238,2404,1507,0
Static_bag,133599981,2747,1507,0
Bounds,133603192,2098,1507,0
Static_bag,133602984,2441,1507,0
Object,133599855,5797,1507,100
Bounds,133607324,2700,1507,0
Static_bag,133607019,3257,1507,0
Bounds,133610636,2124,1507,0
Static_bag,133610406,2486,1507,0
Object,133606843,6333,1507,101
Bounds,133614814,2359,1507,0
Static_bag,133614531,2764,1507,0
Bounds,133617748,2038,1507,0
Static_bag,133617502,2370,1507,0
Object,133614392,5744,1507,102
Bounds,133621684,2627,1507,0
Static_bag,133621407,3055,1507,0
Bounds,133624846,12301,1507,0
Static_bag,133624593,12953,1507,0
Object,133621287,16618,1507,103
Bounds,133640662,3730,1507,0
Static_bag,133640215,4348,1507,0
Bounds,133645016,2442,1507,0
Static_bag,133644733,2811,1507,0
Object,133639850,7896,1507,104
Bounds,133652606,3299,1507,0
VIF1_DMA_wait,133668909,371,1507,0
GIF_DMA_wait,133669455,43,1507,0
Packet_qwords,133672562,0,1507,64
VIF1_submit,133672551,5054,1507,0
Dispatch,133661937,16636,1507,0
Static_bag,133652302,26409,1507,0
Bounds,133680160,5476,1507,0
VIF1_DMA_wait,133694740,225,1507,0
GIF_DMA_wait,133695117,43,1507,0
Packet_qwords,133697072,0,1507,43
VIF1_submit,133697061,4795,1507,0
Dispatch,133691247,11480,1507,0
Static_bag,133679418,23491,1507,0
Object,133652132,51207,1507,108
Bounds,133707532,4862,1507,0
VIF1_DMA_wait,133724617,313,1507,0
GIF_DMA_wait,133725031,43,1507,0
Packet_qwords,133728014,0,1507,64
VIF1_submit,133728003,4969,1507,0
Dispatch,133717939,15994,1507,0
Static_bag,133706971,27058,1507,0
Bounds,133735604,5782,1507,0
VIF1_DMA_wait,133750776,211,1507,0
GIF_DMA_wait,133751089,43,1507,0
Packet_qwords,133752956,0,1507,43
VIF1_submit,133752945,4885,1507,0
Dispatch,133747185,11638,1507,0
Static_bag,133734882,24047,1507,0
Object,133706665,52898,1507,109
Bounds,133763608,4601,1507,0
Static_bag,133763029,5396,1507,0
Bounds,133768940,2452,1507,0
Static_bag,133768683,2878,1507,0
Object,133762723,8945,1507,110
Bounds,133772966,2399,1507,0
Static_bag,133772717,2784,1507,0
Object,133772594,3056,1507,111
Bounds,133777016,2439,1507,0
Static_bag,133776669,2956,1507,0
Object,133776529,3299,1507,112
Bounds,133791977,3859,1507,0
Static_bag,133780913,15267,1507,0
Object,133780794,15795,1507,113
Bounds,133798256,2880,1507,0
Static_bag,133797973,3368,1507,0
Object,133797579,3975,1507,114
Object,133802056,158,1507,115
Object,133802770,74,1507,116
Object,133803310,116,1507,117
Object,133803854,70,1507,118
Object,133804432,102,1507,119
Object,133805084,56,1507,120
Bounds,133809286,4245,1507,0
VIF1_DMA_wait,133868561,484,1507,0
GIF_DMA_wait,133869363,96,1507,0
Packet_qwords,133875896,0,1507,134
VIF1_submit,133875885,5112,1507,0
Dispatch,133822231,59890,1507,0
Static_bag,133808951,73272,1507,0
Bounds,134003731,5408,1507,0
VIF1_DMA_wait,134060659,488,1507,0
GIF_DMA_wait,134061483,90,1507,0
Packet_qwords,134067976,0,1507,138
VIF1_submit,134067965,5386,1507,0
Dispatch,134017155,57308,1507,0
Static_bag,134003187,71386,1507,0
Object,133808802,266273,1507,121
Bounds,134081681,6098,1507,0
Static_bag,134080937,7125,1507,0
Bounds,134109165,5519,1507,0
Static_bag,134108773,6278,1507,0
Bounds,134115790,3525,1507,0
VIF1_DMA_wait,134210783,472,1507,0
GIF_DMA_wait,134211615,102,1507,0
Packet_qwords,134218514,0,1507,141
VIF1_submit,134218503,4926,1507,0
VIF1_DMA_wait,134230983,61722,1507,0
GIF_DMA_wait,134292896,147,1507,0
Packet_qwords,134295374,0,1507,36
VIF1_submit,134295366,4738,1507,0
Dispatch,134129211,171790,1507,0
Static_bag,134115411,185684,1507,0
Bounds,134547847,5276,1507,0
VIF1_DMA_wait,134642191,481,1507,0
GIF_DMA_wait,134642991,43,1507,0
Packet_qwords,134649800,0,1507,145
VIF1_submit,134649789,5076,1507,0
VIF1_DMA_wait,134662707,73812,1507,0
GIF_DMA_wait,134736740,197,1507,0
Packet_qwords,134739344,0,1507,36
VIF1_submit,134739336,4576,1507,0
Dispatch,134572259,172556,1507,0
Static_bag,134547339,197612,1507,0
Object,134080531,664784,1507,122
Bounds,134751862,6257,1507,0
VIF1_DMA_wait,134787509,460,1507,0
GIF_DMA_wait,134788323,102,1507,0
Packet_qwords,134792626,0,1507,85
VIF1_submit,134792615,5452,1507,0
Dispatch,134765539,33598,1507,0
Static_bag,134751147,48146,1507,0
Object,134750743,49156,1507,134
Object,134801781,411,1507,135
Object,134802644,56,1507,136
Object,134803108,72,1507,137
Object,134803612,104,1507,138
Object,134804152,86,1507,139
Object,134804653,53,1507,140
Object,134805226,78,1507,141
Object,134805862,72,1507,142
Objects,129837563,4970374,1507,0
Bounds,135119136,156501,1507,0
VIF1_DMA_wait,135296847,299,1507,0
GIF_DMA_wait,135297367,47,1507,0
Packet_qwords,135303902,0,1507,141
VIF1_submit,135303891,5124,1507,0
VIF1_DMA_wait,135323565,54420,1507,0
GIF_DMA_wait,135378336,92,1507,0
Packet_qwords,135385118,0,1507,113
VIF1_submit,135385110,4936,1507,0
VIF1_DMA_wait,135406083,52282,1507,0
GIF_DMA_wait,135458504,41,1507,0
Packet_qwords,135464050,0,1507,113
VIF1_submit,135464042,4568,1507,0
VIF1_DMA_wait,135475123,62006,1507,0
GIF_DMA_wait,135537384,97,1507,0
Packet_qwords,135540170,0,1507,36
VIF1_submit,135540162,4432,1507,0
Dispatch,135282495,263218,1507,0
Static_bag,135118577,427302,1507,0
Bounds,135585062,17441,1507,0
VIF1_DMA_wait,135623871,443,1507,0
GIF_DMA_wait,135624631,47,1507,0
Packet_qwords,135627028,0,1507,50
VIF1_submit,135627017,5476,1507,0
Dispatch,135610571,23138,1507,0
Static_bag,135584531,49272,1507,0
Bounds,135787814,75613,1507,0
VIF1_DMA_wait,135903719,518,1507,0
GIF_DMA_wait,135904593,102,1507,0
Packet_qwords,135908462,0,1507,78
VIF1_submit,135908451,5040,1507,0
Dispatch,135871839,42940,1507,0
Static_bag,135787277,127624,1507,0
Wheels,134808074,1107391,1507,0
Animation,135915578,257,1507,0
Shadow_decals,135916017,162,1507,0
Mirrors,135916261,1,1507,0
Portal_surfaces,135916351,1,1507,0
Light_pools,135916383,3420,1507,0
GS_FINISH_wait,135982467,532,1507,0
Align3D,135977885,5386,1507,0
Bounds,135995330,6179,1507,0
VIF1_DMA_wait,136025379,456,1507,0
GIF_DMA_wait,136026069,96,1507,0
Packet_qwords,136032722,0,1507,141
VIF1_submit,136032711,5238,1507,0
VIF1_DMA_wait,136055240,51443,1507,0
GIF_DMA_wait,136106784,41,1507,0
Packet_qwords,136112416,0,1507,113
VIF1_submit,136112408,15296,1507,0
Dispatch,136009091,120183,1507,0
Static_bag,135994817,134617,1507,0
Bounds,136131316,5663,1507,0
VIF1_DMA_wait,136156329,39351,1507,0
GIF_DMA_wait,136195827,98,1507,0
Packet_qwords,136201328,0,1507,120
VIF1_submit,136201317,5430,1507,0
Dispatch,136143489,64294,1507,0
Static_bag,136130433,77488,1507,0
Bounds,136209099,5135,1507,0
VIF1_DMA_wait,136221918,38895,1507,0
GIF_DMA_wait,136260950,99,1507,0
Packet_qwords,136262804,0,1507,40
VIF1_submit,136262793,4825,1507,0
Dispatch,136218249,50438,1507,0
Static_bag,136208683,60124,1507,0
GS_FINISH_wait,136325871,532,1507,0
Align3D,136321331,5378,1507,0
Bounds,136338040,5897,1507,0
VIF1_DMA_wait,136365933,444,1507,0
GIF_DMA_wait,136366641,96,1507,0
Packet_qwords,136373408,0,1507,141
VIF1_submit,136373397,5010,1507,0
Dispatch,136351407,28235,1507,0
Static_bag,136337541,42244,1507,0
GS_FINISH_wait,136451061,2346,1507,0
Align3D,136387373,66266,1507,0
Bounds,136511807,10714,1507,0
GS_FINISH_wait,136530027,495,1507,0
Align3D,136524272,6406,1507,0
VIF1_DMA_wait,136543353,348,1507,0
GIF_DMA_wait,136543873,102,1507,0
Packet_qwords,136546124,0,1507,42
VIF1_submit,136546113,4428,1507,0
GS_FINISH_wait,136556319,19183,1507,0
Align3D,136551886,23867,1507,0
Dispatch,136538597,40365,1507,0
Static_bag,136511249,67806,1507,0
Bounds,136641953,10144,1507,0
GS_FINISH_wait,136661241,479,1507,0
Align3D,136655430,6448,1507,0
VIF1_DMA_wait,136693855,408,1507,0
GIF_DMA_wait,136694575,102,1507,0
Packet_qwords,136696882,0,1507,42
VIF1_submit,136696871,4780,1507,0
GS_FINISH_wait,136707507,13198,1507,0
Align3D,136702878,18007,1507,0
Dispatch,136669479,54249,1507,0
Static_bag,136641443,82380,1507,0
Projected_shadows,135919879,804696,1507,0
Bounds,136730063,18893,1507,0
Static_bag,136729731,19583,1507,0
Bounds,136754489,6667,1507,0
Static_bag,136754063,7230,1507,0
Bounds,136764262,5325,1507,0
VIF1_DMA_wait,136786161,478,1507,0
GIF_DMA_wait,136786923,96,1507,0
Packet_qwords,136789000,0,1507,36
VIF1_submit,136788989,5152,1507,0
Dispatch,136778453,16860,1507,0
Static_bag,136763963,31446,1507,0
Blob_shadows,136724745,70996,1507,0
Light_beams,136795919,3036,1507,0
Highlights_and_outlines,136799029,1,1507,0
Bounds,136816910,7949,1507,0
VIF1_DMA_wait,136839114,423,1507,0
GIF_DMA_wait,136839811,102,1507,0
Packet_qwords,136841432,0,1507,34
VIF1_submit,136841421,5493,1507,0
Dispatch,136832403,15524,1507,0
Static_bag,136816529,31494,1507,0
Particles,136799123,49102,1507,0
Scene,124928921,11919524,1507,0
GS_FINISH_wait,136857075,532,1507,0
Align3D,136853130,4611,1507,0
GS_FINISH_wait,137034387,552,1507,0
Align3D,137029254,5953,1507,0
PostFx,137028829,134954,1507,0
Present,137164473,4382804,1507,0
EndFrame,136875353,4672155,1507,0
Game,123871831,17685034,1507,0
Info,141557071,362,1507,0
Frame,123863580,17694419,1507,0
Pad,141558644,7935,1508,0
Update,141567051,2277224,1508,0
Portal,144037342,120,1508,0
Bounds,144038730,6079,1508,0
VIF1_DMA_wait,144101429,490,1508,0
GIF_DMA_wait,144102271,102,1508,0
Packet_qwords,144106582,0,1508,88
VIF1_submit,144106571,5320,1508,0
Dispatch,144052157,61020,1508,0
Static_bag,144038157,75140,1508,0
Bounds,144116129,8408,1508,0
Static_bag,144115575,9163,1508,0
Sky,144037748,87603,1508,0
Bounds,144129196,3813,1508,0
VIF1_DMA_wait,144218015,436,1508,0
GIF_DMA_wait,144218755,98,1508,0
Packet_qwords,144238022,0,1508,141
VIF1_submit,144238011,5292,1508,0
VIF1_DMA_wait,144251623,123533,1508,0
GIF_DMA_wait,144375330,91,1508,0
Packet_qwords,144384913,0,1508,36
VIF1_submit,144384905,5039,1508,0
Dispatch,144141363,249700,1508,0
Static_bag,144128875,262314,1508,0
Bounds,144393350,5987,1508,0
Static_bag,144392625,6931,1508,0
Bounds,144400168,3731,1508,0
VIF1_DMA_wait,144431613,450,1508,0
GIF_DMA_wait,144432231,96,1508,0
Packet_qwords,144434980,0,1508,57
VIF1_submit,144434969,5038,1508,0
Dispatch,144411375,29710,1508,0
Static_bag,144399952,41257,1508,0
Bounds,144442665,5373,1508,0
VIF1_DMA_wait,144473714,417,1508,0
GIF_DMA_wait,144474349,43,1508,0
Packet_qwords,144477176,0,1508,57
VIF1_submit,144477165,4884,1508,0
Dispatch,144454989,28286,1508,0
Static_bag,144442329,41036,1508,0
Bounds,144484893,5110,1508,0
Static_bag,144484497,5631,1508,0
Bounds,144490888,2395,1508,0
Static_bag,144490612,2874,1508,0
Bounds,144494146,3194,1508,0
VIF1_DMA_wait,144515617,166,1508,0
GIF_DMA_wait,144515921,43,1508,0
Packet_qwords,144522386,0,1508,141
VIF1_submit,144522375,4980,1508,0
VIF1_DMA_wait,144549523,46517,1508,0
GIF_DMA_wait,144596283,92,1508,0
Packet_qwords,144599252,0,1508,43
VIF1_submit,144599244,4858,1508,0
Dispatch,144501905,103166,1508,0
Static_bag,144493839,111326,1508,0
Bounds,144606946,5439,1508,0
VIF1_DMA_wait,144675797,442,1508,0
GIF_DMA_wait,144676537,98,1508,0
Packet_qwords,144683248,0,1508,141
VIF1_submit,144683237,15966,1508,0
VIF1_DMA_wait,144708051,60189,1508,0
GIF_DMA_wait,144768408,91,1508,0
Packet_qwords,144771116,0,1508,36
VIF1_submit,144771108,4702,1508,0
Dispatch,144619779,157030,1508,0
Static_bag,144606265,170640,1508,0
Bounds,144778844,6017,1508,0
VIF1_DMA_wait,144855819,474,1508,0
GIF_DMA_wait,144856635,96,1508,0
Packet_qwords,144863932,0,1508,141
VIF1_submit,144863921,5074,1508,0
VIF1_DMA_wait,144877772,60257,1508,0
GIF_DMA_wait,144938202,41,1508,0
Packet_qwords,144940644,0,1508,43
VIF1_submit,144940636,13734,1508,0
Dispatch,144792405,163232,1508,0
Static_bag,144778109,177624,1508,0
Bounds,144957802,5331,1508,0
Static_bag,144956973,6313,1508,0
Bounds,144963926,2648,1508,0
Static_bag,144963660,3000,1508,0
Bounds,144967402,2377,1508,0
Static_bag,144967172,2694,1508,0
Bounds,144970670,2285,1508,0
Static_bag,144970330,2767,1508,0
Bounds,144973750,2502,1508,0
Static_bag,144973570,2768,1508,0
Bounds,144976922,2181,1508,0
Static_bag,144976690,2549,1508,0
Bounds,144979804,2336,1508,0
Static_bag,144979626,2600,1508,0
Bounds,144982822,2889,1508,0
VIF1_DMA_wait,145016787,401,1508,0
GIF_DMA_wait,145017499,43,1508,0
Packet_qwords,145024444,0,1508,141
VIF1_submit,145024433,5176,1508,0
VIF1_DMA_wait,145038001,60478,1508,0
GIF_DMA_wait,145098612,41,1508,0
Packet_qwords,145101114,0,1508,43
VIF1_submit,145101106,3888,1508,0
Dispatch,144990913,115052,1508,0
Static_bag,144982644,123455,1508,0
Bounds,145108042,5735,1508,0
Static_bag,145107301,6564,1508,0
Bounds,145114558,2983,1508,0
Static_bag,145114325,3414,1508,0
Bounds,145118260,2789,1508,0
VIF1_DMA_wait,145173579,508,1508,0
GIF_DMA_wait,145174389,90,1508,0
Packet_qwords,145181300,0,1508,141
VIF1_submit,145181289,5406,1508,0
VIF1_DMA_wait,145194935,60440,1508,0
GIF_DMA_wait,145255514,41,1508,0
Packet_qwords,145258000,0,1508,43
VIF1_submit,145257992,3998,1508,0
Dispatch,145128295,134724,1508,0
Static_bag,145118080,145047,1508,0
Bounds,145265162,5791,1508,0
VIF1_DMA_wait,145310075,360,1508,0
GIF_DMA_wait,145310695,43,1508,0
Packet_qwords,145329410,0,1508,141
VIF1_submit,145329399,5412,1508,0
VIF1_DMA_wait,145343821,60004,1508,0
GIF_DMA_wait,145403964,91,1508,0
Packet_qwords,145406590,0,1508,43
VIF1_submit,145406582,4010,1508,0
Dispatch,145278577,133002,1508,0
Static_bag,145264449,147220,1508,0
Bounds,145413544,5481,1508,0
Static_bag,145412885,6251,1508,0
Bounds,145419794,1948,1508,0
Static_bag,145419562,2266,1508,0
Bounds,145422638,2911,1508,0
VIF1_DMA_wait,145498725,474,1508,0
GIF_DMA_wait,145499541,96,1508,0
Packet_qwords,145506140,0,1508,134
VIF1_submit,145506129,5184,1508,0
Dispatch,145433319,79096,1508,0
Static_bag,145422400,90133,1508,0
Bounds,145514614,5799,1508,0
VIF1_DMA_wait,145594787,466,1508,0
GIF_DMA_wait,145595577,96,1508,0
Packet_qwords,145601890,0,1508,127
VIF1_submit,145601879,5128,1508,0
Dispatch,145527841,80452,1508,0
Static_bag,145513929,94500,1508,0
Terrain,144125507,1483728,1508,0
Bounds,145611321,5526,1508,0
VIF1_DMA_wait,145648481,17972,1508,0
GIF_DMA_wait,145666773,154,1508,0
Packet_qwords,145668598,0,1508,34
VIF1_submit,145668587,5212,1508,0
Dispatch,145623979,50986,1508,0
Static_bag,145610793,64268,1508,0
Bounds,145676667,4642,1508,0
Static_bag,145676111,5351,1508,0
Bounds,145682305,2708,1508,0
VIF1_DMA_wait,145708389,314,1508,0
GIF_DMA_wait,145708965,43,1508,0
Packet_qwords,145710886,0,1508,40
VIF1_submit,145710875,4991,1508,0
Dispatch,145691275,25860,1508,0
Static_bag,145682057,35184,1508,0
Bounds,145718764,5084,1508,0
VIF1_DMA_wait,145733190,229,1508,0
GIF_DMA_wait,145733571,43,1508,0
Packet_qwords,145735070,0,1508,36
VIF1_submit,145735059,4777,1508,0
Dispatch,145729701,11276,1508,0
Static_bag,145718339,22734,1508,0
Bounds,145742654,4842,1508,0
VIF1_DMA_wait,145766953,316,1508,0
GIF_DMA_wait,145767543,43,1508,0
Packet_qwords,145770286,0,1508,57
VIF1_submit,145770275,5099,1508,0
Dispatch,145753824,23047,1508,0
Static_bag,145742237,34734,1508,0
Bounds,145778632,16813,1508,0
VIF1_DMA_wait,145822261,464,1508,0
GIF_DMA_wait,145823005,98,1508,0
Packet_qwords,145825166,0,1508,43
VIF1_submit,145825155,5370,1508,0
Dispatch,145803151,28660,1508,0
Static_bag,145778063,53880,1508,0
Bounds,145833621,4997,1508,0
VIF1_DMA_wait,145862441,300,1508,0
GIF_DMA_wait,145863003,43,1508,0
Packet_qwords,145865014,0,1508,40
VIF1_submit,145865003,4895,1508,0
Dispatch,145844827,26256,1508,0
Static_bag,145833111,38081,1508,0
Bounds,145872729,4846,1508,0
Static_bag,145872359,5387,1508,0
Static_batches,145609273,268880,1508,0
Bounds,145879081,2242,1508,0
Static_bag,145878732,2715,1508,0
Bounds,145882024,2182,1508,0
Static_bag,145881747,2578,1508,0
Bounds,145884916,2080,1508,0
Static_bag,145884635,2490,1508,0
Bounds,145887812,2136,1508,0
Static_bag,145887479,2590,1508,0
Bounds,145890728,2028,1508,0
Static_bag,145890411,2503,1508,0
Bounds,145893554,2490,1508,0
Static_bag,145893225,2993,1508,0
Bounds,145896884,2580,1508,0
Static_bag,145896531,3097,1508,0
Bounds,145900226,2130,1508,0
Static_bag,145899897,2583,1508,0
Bounds,145903142,2432,1508,0
Static_bag,145902807,2898,1508,0
Bounds,145906288,2120,1508,0
Static_bag,145906017,2512,1508,0
Bounds,145909196,2250,1508,0
Static_bag,145908849,2761,1508,0
Bounds,145912330,2240,1508,0
Static_bag,145911975,2726,1508,0
Bounds,145915402,2072,1508,0
Static_bag,145915011,2623,1508,0
Bounds,145918360,2216,1508,0
Static_bag,145917995,2702,1508,0
Bounds,145921360,2402,1508,0
Static_bag,145921047,2891,1508,0
Bounds,145924522,2362,1508,0
Static_bag,145924257,2843,1508,0
Bounds,145927828,2649,1508,0
Static_bag,145927415,3231,1508,0
Bounds,145936666,14569,1508,0
Static_bag,145936354,15244,1508,0
Bounds,145952494,2421,1508,0
Static_bag,145952083,3060,1508,0
Bounds,145955810,2317,1508,0
Static_bag,145955513,2786,1508,0
Bounds,145958870,2353,1508,0
Static_bag,145958663,2768,1508,0
Bounds,145962032,2269,1508,0
Static_bag,145961763,2758,1508,0
Bounds,145965136,2735,1508,0
Static_bag,145964883,3116,1508,0
Bounds,145968532,2429,1508,0
Static_bag,145968303,2794,1508,0
Bounds,145971676,2433,1508,0
Static_bag,145971449,2802,1508,0
Bounds,145974848,2489,1508,0
Static_bag,145974606,2971,1508,0
Bounds,145978124,2599,1508,0
Static_bag,145977891,3014,1508,0
Bounds,145981520,2885,1508,0
VIF1_DMA_wait,146021945,484,1508,0
GIF_DMA_wait,146022769,102,1508,0
Packet_qwords,146025934,0,1508,64
VIF1_submit,146025923,5026,1508,0
Dispatch,145992609,39488,1508,0
Static_bag,145981259,50977,1508,0
Bounds,146033452,5350,1508,0
VIF1_DMA_wait,146111799,398,1508,0
GIF_DMA_wait,146112529,98,1508,0
Packet_qwords,146119250,0,1508,141
VIF1_submit,146119239,5352,1508,0
VIF1_DMA_wait,146134743,58932,1508,0
GIF_DMA_wait,146193900,97,1508,0
Packet_qwords,146197640,0,1508,57
VIF1_submit,146197632,4986,1508,0
Dispatch,146046657,156976,1508,0
Static_bag,146033027,170700,1508,0
Bounds,146205272,6031,1508,0
VIF1_DMA_wait,146233659,347,1508,0
GIF_DMA_wait,146234107,43,1508,0
Packet_qwords,146240422,0,1508,141
VIF1_submit,146240411,5333,1508,0
VIF1_DMA_wait,146268725,45922,1508,0
GIF_DMA_wait,146314935,148,1508,0
Packet_qwords,146318467,0,1508,57
VIF1_submit,146318459,5074,1508,0
Dispatch,146218411,106056,1508,0
Static_bag,146204657,119916,1508,0
Bounds,146326262,5813,1508,0
VIF1_DMA_wait,146352981,1351,1508,0
GIF_DMA_wait,146354497,100,1508,0
Packet_qwords,146360954,0,1508,141
VIF1_submit,146360943,5197,1508,0
VIF1_DMA_wait,146375149,59900,1508,0
GIF_DMA_wait,146435407,204,1508,0
Packet_qwords,146439067,0,1508,57
VIF1_submit,146439059,4978,1508,0
Dispatch,146338471,106590,1508,0
Static_bag,146325515,119666,1508,0
Bounds,146446742,5887,1508,0
VIF1_DMA_wait,146471239,3485,1508,0
GIF_DMA_wait,146474827,100,1508,0
Packet_qwords,146479942,0,1508,113
VIF1_submit,146479931,5177,1508,0
Dispatch,146459257,26796,1508,0
Static_bag,146445989,40160,1508,0
Bounds,146487326,5134,1508,0
VIF1_DMA_wait,146502834,31803,1508,0
GIF_DMA_wait,146534737,100,1508,0
Packet_qwords,146536912,0,1508,50
VIF1_submit,146536901,4939,1508,0
Dispatch,146498199,44642,1508,0
Static_bag,146486937,56072,1508,0
Bounds,146544272,5064,1508,0
VIF1_DMA_wait,146559108,299,1508,0
GIF_DMA_wait,146559559,43,1508,0
Packet_qwords,146572660,0,1508,50
VIF1_submit,146572649,5290,1508,0
Dispatch,146554857,24422,1508,0
Static_bag,146543799,35582,1508,0
Bounds,146581066,5951,1508,0
VIF1_DMA_wait,146606075,418,1508,0
GIF_DMA_wait,146606797,98,1508,0
Packet_qwords,146609264,0,1508,50
VIF1_submit,146609253,5029,1508,0
Dispatch,146594281,21160,1508,0
Static_bag,146580387,35206,1508,0
Bounds,146616844,5378,1508,0
VIF1_DMA_wait,146638095,392,1508,0
GIF_DMA_wait,146638785,96,1508,0
Packet_qwords,146640706,0,1508,36
VIF1_submit,146640695,4853,1508,0
Dispatch,146629341,17296,1508,0
Static_bag,146616423,30340,1508,0
Bounds,146648038,4593,1508,0
Static_bag,146647523,5213,1508,0
Bounds,146653408,2342,1508,0
Static_bag,146653143,2693,1508,0
Bounds,146656400,2330,1508,0
Static_bag,146656145,2716,1508,0
Bounds,146659436,2174,1508,0
Static_bag,146659131,2565,1508,0
Bounds,146662316,2023,1508,0
Static_bag,146662047,2414,1508,0
Bounds,146665102,2062,1508,0
Static_bag,146664771,2525,1508,0
Bounds,146667916,2074,1508,0
Static_bag,146667603,2473,1508,0
Bounds,146670704,2390,1508,0
Static_bag,146670431,2749,1508,0
Bounds,146673806,2572,1508,0
VIF1_DMA_wait,146705073,362,1508,0
GIF_DMA_wait,146705751,96,1508,0
Packet_qwords,146708146,0,1508,50
VIF1_submit,146708135,5221,1508,0
Dispatch,146683479,31158,1508,0
Static_bag,146673503,41246,1508,0
Bounds,146716084,17171,1508,0
VIF1_DMA_wait,146755831,412,1508,0
GIF_DMA_wait,146756545,98,1508,0
Packet_qwords,146759186,0,1508,50
VIF1_submit,146759175,5262,1508,0
Dispatch,146740001,25338,1508,0
Static_bag,146715623,49812,1508,0
Bounds,146766604,5231,1508,0
VIF1_DMA_wait,146783112,9894,1508,0
GIF_DMA_wait,146793157,100,1508,0
Packet_qwords,146795392,0,1508,50
VIF1_submit,146795381,4943,1508,0
Dispatch,146777757,23378,1508,0
Static_bag,146766147,35132,1508,0
Bounds,146802512,5238,1508,0
VIF1_DMA_wait,146817552,311,1508,0
GIF_DMA_wait,146817963,43,1508,0
Packet_qwords,146820238,0,1508,50
VIF1_submit,146820227,4889,1508,0
Dispatch,146813253,12838,1508,0
Static_bag,146802101,24109,1508,0
Bounds,146827354,5138,1508,0
VIF1_DMA_wait,146840622,229,1508,0
GIF_DMA_wait,146841005,43,1508,0
Packet_qwords,146842528,0,1508,36
VIF1_submit,146842517,4913,1508,0
Dispatch,146837877,10576,1508,0
Static_bag,146826923,21702,1508,0
Bounds,146849672,4607,1508,0
Static_bag,146849277,5107,1508,0
Bounds,146855092,2444,1508,0
Static_bag,146854822,2847,1508,0
Bounds,146858242,2588,1508,0
VIF1_DMA_wait,146888739,432,1508,0
GIF_DMA_wait,146889475,98,1508,0
Packet_qwords,146891444,0,1508,36
VIF1_submit,146891433,5088,1508,0
Dispatch,146867895,29696,1508,0
Static_bag,146857977,39740,1508,0
Bounds,146899252,4949,1508,0
VIF1_DMA_wait,146922939,383,1508,0
GIF_DMA_wait,146923593,96,1508,0
Packet_qwords,146925934,0,1508,50
VIF1_submit,146925923,5081,1508,0
Dispatch,146911753,20428,1508,0
Static_bag,146898671,33606,1508,0
Bounds,146933698,5116,1508,0
VIF1_DMA_wait,146954651,414,1508,0
GIF_DMA_wait,146955369,96,1508,0
Packet_qwords,146957344,0,1508,36
VIF1_submit,146957333,4903,1508,0
Dispatch,146946141,17070,1508,0
Static_bag,146933295,30051,1508,0
Bounds,146964674,4511,1508,0
Static_bag,146964221,5133,1508,0
Bounds,146969992,2175,1508,0
Static_bag,146969733,2570,1508,0
Bounds,146972930,2311,1508,0
Static_bag,146972615,2762,1508,0
Bounds,146976044,2509,1508,0
Static_bag,146975759,2932,1508,0
Bounds,146979352,2495,1508,0
Static_bag,146979070,2953,1508,0
Bounds,146982640,2334,1508,0
Static_bag,146982335,2774,1508,0
Bounds,146985746,2250,1508,0
Static_bag,146985461,2670,1508,0
Bounds,146988752,2142,1508,0
Static_bag,146988467,2591,1508,0
Bounds,146991664,2154,1508,0
Static_bag,146991371,2584,1508,0
Bounds,146994604,2082,1508,0
Static_bag,146994323,2498,1508,0
Bounds,146997562,1972,1508,0
Static_bag,146997155,2514,1508,0
Bounds,147000338,1934,1508,0
Static_bag,147000023,2386,1508,0
Bounds,147003052,1972,1508,0
Static_bag,147002729,2466,1508,0
Bounds,147005848,2062,1508,0
Static_bag,147005525,2520,1508,0
Bounds,147008698,2609,1508,0
Static_bag,147008417,3026,1508,0
Bounds,147012044,2880,1508,0
VIF1_DMA_wait,147044793,398,1508,0
GIF_DMA_wait,147045441,90,1508,0
Packet_qwords,147047546,0,1508,43
VIF1_submit,147047535,5180,1508,0
Dispatch,147022119,31684,1508,0
Static_bag,147011765,42132,1508,0
Bounds,147055408,5727,1508,0
VIF1_DMA_wait,147071942,342,1508,0
GIF_DMA_wait,147072385,43,1508,0
Packet_qwords,147074614,0,1508,50
VIF1_submit,147074603,4969,1508,0
Dispatch,147067351,13210,1508,0
Static_bag,147054777,25888,1508,0
Bounds,147081892,5312,1508,0
VIF1_DMA_wait,147096562,225,1508,0
GIF_DMA_wait,147096889,43,1508,0
Packet_qwords,147099098,0,1508,50
VIF1_submit,147099087,4927,1508,0
Dispatch,147092301,12670,1508,0
Static_bag,147081445,23710,1508,0
Bounds,147106366,4952,1508,0
VIF1_DMA_wait,147129365,394,1508,0
GIF_DMA_wait,147129975,96,1508,0
Packet_qwords,147132620,0,1508,50
VIF1_submit,147132609,4963,1508,0
Dispatch,147118269,20356,1508,0
Static_bag,147105879,32924,1508,0
Bounds,147140158,5282,1508,0
VIF1_DMA_wait,147176099,378,1508,0
GIF_DMA_wait,147176779,98,1508,0
Packet_qwords,147180064,0,1508,71
VIF1_submit,147180053,5129,1508,0
Dispatch,147152541,46802,1508,0
Static_bag,147139625,59940,1508,0
Bounds,147200786,5363,1508,0
Static_bag,147200267,6053,1508,0
Bounds,147207284,2455,1508,0
Static_bag,147206871,2954,1508,0
Bounds,147210422,2383,1508,0
Static_bag,147210143,2843,1508,0
Bounds,147213616,2155,1508,0
Static_bag,147213299,2637,1508,0
Bounds,147216632,2213,1508,0
Static_bag,147216321,2651,1508,0
Bounds,147219628,2379,1508,0
Static_bag,147219337,2851,1508,0
Bounds,147222790,2431,1508,0
Static_bag,147222527,2825,1508,0
Bounds,147226024,2454,1508,0
Static_bag,147225751,2813,1508,0
Bounds,147229198,2258,1508,0
Static_bag,147228919,2625,1508,0
Bounds,147232132,2413,1508,0
Static_bag,147231869,2796,1508,0
Bounds,147235294,2390,1508,0
Static_bag,147234983,2933,1508,0
Bounds,147238588,2897,1508,0
VIF1_DMA_wait,147272095,504,1508,0
GIF_DMA_wait,147272973,96,1508,0
Packet_qwords,147275882,0,1508,57
VIF1_submit,147275871,4932,1508,0
Dispatch,147249663,32242,1508,0
Static_bag,147238259,43752,1508,0
Bounds,147283264,5087,1508,0
Static_bag,147282765,5771,1508,0
Bounds,147289364,2294,1508,0
Static_bag,147289049,2695,1508,0
Bounds,147292450,2560,1508,0
Static_bag,147292135,2961,1508,0
Bounds,147295726,2794,1508,0
VIF1_DMA_wait,147329253,314,1508,0
GIF_DMA_wait,147329887,92,1508,0
Packet_qwords,147331828,0,1508,43
VIF1_submit,147331817,5155,1508,0
Dispatch,147305777,32438,1508,0
Static_bag,147295449,42862,1508,0
Procedural,145878271,1460500,1508,0
Bounds,147362138,5563,1508,0
VIF1_DMA_wait,147390775,440,1508,0
GIF_DMA_wait,147391441,98,1508,0
Packet_qwords,147398158,0,1508,141
VIF1_submit,147398147,5434,1508,0
VIF1_DMA_wait,147418588,54123,1508,0
GIF_DMA_wait,147472850,41,1508,0
Packet_qwords,147478452,0,1508,113
VIF1_submit,147478444,4224,1508,0
Dispatch,147375345,108417,1508,0
Static_bag,147361559,122340,1508,0
Bounds,147725137,5450,1508,0
VIF1_DMA_wait,147751339,439,1508,0
GIF_DMA_wait,147752001,43,1508,0
Packet_qwords,147758656,0,1508,145
VIF1_submit,147758645,5278,1508,0
VIF1_DMA_wait,147779186,66373,1508,0
GIF_DMA_wait,147845822,132,1508,0
Packet_qwords,147852388,0,1508,113
VIF1_submit,147852380,4682,1508,0
Dispatch,147736827,121513,1508,0
Static_bag,147724595,133860,1508,0
Bounds,147859844,5527,1508,0
VIF1_DMA_wait,147883831,52949,1508,0
GIF_DMA_wait,147937009,104,1508,0
Packet_qwords,147942562,0,1508,120
VIF1_submit,147942551,15400,1508,0
Dispatch,147871561,87900,1508,0
Static_bag,147859009,100546,1508,0
Bounds,147961299,15300,1508,0
VIF1_DMA_wait,147986805,25815,1508,0
GIF_DMA_wait,148012729,100,1508,0
Packet_qwords,148014746,0,1508,40
VIF1_submit,148014735,5370,1508,0
Dispatch,147982113,39002,1508,0
Static_bag,147960367,60901,1508,0
Object,147361089,660740,1508,2
Bounds,148024461,5134,1508,0
Static_bag,148023889,5832,1508,0
Object,148023513,6481,1508,4
Bounds,148039058,3056,1508,0
Static_bag,148038899,3350,1508,0
Object,148038624,4408,1508,8
Bounds,148045567,3160,1508,0
Static_bag,148045305,3508,1508,0
Object,148045171,3909,1508,9
Bounds,148051422,2926,1508,0
Static_bag,148051282,3200,1508,0
Object,148051078,3605,1508,10
Bounds,148057045,2940,1508,0
Static_bag,148056845,3275,1508,0
Object,148056686,3637,1508,11
Object,148060870,106,1508,12
Object,148061386,58,1508,13
Object,148061926,78,1508,14
Object,148062400,66,1508,15
Object,148062884,70,1508,16
Object,148063490,70,1508,17
Object,148063996,56,1508,18
Object,148064486,70,1508,19
Object,148064980,56,1508,20
Object,148065484,66,1508,21
Object,148065940,56,1508,22
Bounds,148067204,3244,1508,0
Static_bag,148066926,3723,1508,0
Object,148066768,4142,1508,27
Bounds,148071958,2586,1508,0
Static_bag,148071718,2939,1508,0
Object,148071578,3235,1508,30
Bounds,148076754,2814,1508,0
Static_bag,148076577,3076,1508,0
Object,148076440,3440,1508,32
Bounds,148081977,2563,1508,0
Static_bag,148081713,2961,1508,0
Object,148081532,3424,1508,34
Bounds,148088185,3253,1508,0
VIF1_DMA_wait,148138181,436,1508,0
GIF_DMA_wait,148138977,96,1508,0
Packet_qwords,148143598,0,1508,92
VIF1_submit,148143587,4985,1508,0
Dispatch,148099629,50228,1508,0
Static_bag,148087930,62037,1508,0
Bounds,148151732,5225,1508,0
VIF1_DMA_wait,148214951,306,1508,0
GIF_DMA_wait,148215537,43,1508,0
Packet_qwords,148222280,0,1508,141
VIF1_submit,148222269,5160,1508,0
VIF1_DMA_wait,148237071,126906,1508,0
GIF_DMA_wait,148364244,145,1508,0
Packet_qwords,148368298,0,1508,57
VIF1_submit,148368290,4478,1508,0
Dispatch,148164811,208964,1508,0
Static_bag,148150895,223004,1508,0
Bounds,148375214,5203,1508,0
VIF1_DMA_wait,148453767,456,1508,0
GIF_DMA_wait,148454563,98,1508,0
Packet_qwords,148461496,0,1508,141
VIF1_submit,148461485,5272,1508,0
VIF1_DMA_wait,148478848,60159,1508,0
GIF_DMA_wait,148539176,41,1508,0
Packet_qwords,148542887,0,1508,71
VIF1_submit,148542879,4123,1508,0
Dispatch,148388187,159814,1508,0
Static_bag,148374667,183936,1508,0
Bounds,148560596,6059,1508,0
VIF1_DMA_wait,148601693,490,1508,0
GIF_DMA_wait,148602465,96,1508,0
Packet_qwords,148605230,0,1508,57
VIF1_submit,148605219,5244,1508,0
Dispatch,148575847,35754,1508,0
Static_bag,148559637,52058,1508,0
Bounds,148613084,5449,1508,0
VIF1_DMA_wait,148637801,360,1508,0
GIF_DMA_wait,148638451,43,1508,0
Packet_qwords,148640542,0,1508,43
VIF1_submit,148640531,4787,1508,0
Dispatch,148626475,19888,1508,0
Static_bag,148612387,34182,1508,0
Object,148087750,559519,1508,35
Bounds,148650033,4979,1508,0
VIF1_DMA_wait,148672301,357,1508,0
GIF_DMA_wait,148672839,43,1508,0
Packet_qwords,148674502,0,1508,34
VIF1_submit,148674491,5081,1508,0
Dispatch,148660867,19818,1508,0
Static_bag,148649613,31244,1508,0
Object,148649109,32196,1508,36
Bounds,148686328,4714,1508,0
VIF1_DMA_wait,148724045,312,1508,0
GIF_DMA_wait,148724607,43,1508,0
Packet_qwords,148728998,0,1508,92
VIF1_submit,148728987,5041,1508,0
Dispatch,148698633,36514,1508,0
Static_bag,148685857,49378,1508,0
Bounds,148736542,4960,1508,0
VIF1_DMA_wait,148812375,486,1508,0
GIF_DMA_wait,148813195,98,1508,0
Packet_qwords,148819924,0,1508,141
VIF1_submit,148819913,5129,1508,0
VIF1_DMA_wait,148834521,122844,1508,0
GIF_DMA_wait,148957592,99,1508,0
Packet_qwords,148961602,0,1508,57
VIF1_submit,148961594,4436,1508,0
Dispatch,148761893,205136,1508,0
Static_bag,148736061,231088,1508,0
Bounds,148968458,5083,1508,0
VIF1_DMA_wait,149039069,270,1508,0
GIF_DMA_wait,149039689,43,1508,0
Packet_qwords,149046446,0,1508,141
VIF1_submit,149046435,4950,1508,0
VIF1_DMA_wait,149076633,46582,1508,0
GIF_DMA_wait,149123402,143,1508,0
Packet_qwords,149127560,0,1508,71
VIF1_submit,149127552,5002,1508,0
Dispatch,148981411,152148,1508,0
Static_bag,148967935,165714,1508,0
Bounds,149135182,5621,1508,0
VIF1_DMA_wait,149177123,429,1508,0
GIF_DMA_wait,149177839,43,1508,0
Packet_qwords,149180672,0,1508,57
VIF1_submit,149180661,5178,1508,0
Dispatch,149149083,37888,1508,0
Static_bag,149134389,52676,1508,0
Bounds,149188570,4905,1508,0
VIF1_DMA_wait,149211443,342,1508,0
GIF_DMA_wait,149212069,43,1508,0
Packet_qwords,149225836,0,1508,43
VIF1_submit,149225825,5302,1508,0
Dispatch,149200981,31398,1508,0
Static_bag,149187873,44624,1508,0
Object,148685586,547691,1508,37
Bounds,149239418,5071,1508,0
VIF1_DMA_wait,149265831,431,1508,0
GIF_DMA_wait,149266651,43,1508,0
Packet_qwords,149268668,0,1508,43
VIF1_submit,149268657,4974,1508,0
Dispatch,149252085,22758,1508,0
Static_bag,149238873,36068,1508,0
Bounds,149276170,5080,1508,0
VIF1_DMA_wait,149308703,384,1508,0
GIF_DMA_wait,149309397,43,1508,0
Packet_qwords,149312468,0,1508,64
VIF1_submit,149312457,4963,1508,0
Dispatch,149288297,30188,1508,0
Static_bag,149275651,42930,1508,0
Bounds,149319944,5161,1508,0
Static_bag,149319387,5893,1508,0
Bounds,149326192,2496,1508,0
Static_bag,149325850,2959,1508,0
Bounds,149329360,3512,1508,0
VIF1_DMA_wait,149349541,388,1508,0
GIF_DMA_wait,149350219,43,1508,0
Packet_qwords,149351884,0,1508,36
VIF1_submit,149351873,4801,1508,0
Dispatch,149340179,17594,1508,0
Static_bag,149329115,28811,1508,0
Object,149238483,120080,1508,39
Bounds,149363926,4918,1508,0
VIF1_DMA_wait,149396131,446,1508,0
GIF_DMA_wait,149396887,98,1508,0
Packet_qwords,149401162,0,1508,92
VIF1_submit,149401151,5363,1508,0
Dispatch,149386059,21430,1508,0
Static_bag,149363441,44150,1508,0
Bounds,149409176,5476,1508,0
VIF1_DMA_wait,149434431,7716,1508,0
GIF_DMA_wait,149442247,96,1508,0
Packet_qwords,149448764,0,1508,141
VIF1_submit,149448753,5106,1508,0
VIF1_DMA_wait,149462487,62122,1508,0
GIF_DMA_wait,149524704,43,1508,0
Packet_qwords,149539235,0,1508,57
VIF1_submit,149539227,4735,1508,0
Dispatch,149420079,124804,1508,0
Static_bag,149408353,136660,1508,0
Bounds,149546480,5639,1508,0
VIF1_DMA_wait,149573213,2557,1508,0
GIF_DMA_wait,149575917,98,1508,0
Packet_qwords,149582516,0,1508,141
VIF1_submit,149582505,5094,1508,0
VIF1_DMA_wait,149598819,57466,1508,0
GIF_DMA_wait,149656458,43,1508,0
Packet_qwords,149660494,0,1508,78
VIF1_submit,149660486,4076,1508,0
Dispatch,149558067,107492,1508,0
Static_bag,149545795,119854,1508,0
Bounds,149667086,5100,1508,0
VIF1_DMA_wait,149697051,12147,1508,0
GIF_DMA_wait,149709385,100,1508,0
Packet_qwords,149711992,0,1508,57
VIF1_submit,149711981,5255,1508,0
Dispatch,149677701,40768,1508,0
Static_bag,149666435,52130,1508,0
Bounds,149719882,5501,1508,0
VIF1_DMA_wait,149737076,273,1508,0
GIF_DMA_wait,149737489,43,1508,0
Packet_qwords,149740280,0,1508,57
VIF1_submit,149740269,4892,1508,0
Dispatch,149731197,14998,1508,0
Static_bag,149719213,27076,1508,0
Object,149363131,383878,1508,41
Bounds,149749593,16588,1508,0
VIF1_DMA_wait,149774589,347,1508,0
GIF_DMA_wait,149775075,43,1508,0
Packet_qwords,149776646,0,1508,34
VIF1_submit,149776635,5113,1508,0
Dispatch,149771073,11692,1508,0
Static_bag,149749169,33690,1508,0
Object,149748661,34654,1508,42
Bounds,149788762,4908,1508,0
VIF1_DMA_wait,149806245,311,1508,0
GIF_DMA_wait,149806640,44,1508,0
Packet_qwords,149810000,0,1508,71
VIF1_submit,149809989,5096,1508,0
Dispatch,149798961,17104,1508,0
Static_bag,149788285,27886,1508,0
Bounds,149817424,5200,1508,0
VIF1_DMA_wait,149853521,378,1508,0
GIF_DMA_wait,149854117,43,1508,0
Packet_qwords,149860462,0,1508,134
VIF1_submit,149860451,5167,1508,0
Dispatch,149828367,38518,1508,0
Static_bag,149816951,50054,1508,0
Bounds,149868466,5687,1508,0
VIF1_DMA_wait,149894633,35605,1508,0
GIF_DMA_wait,149930475,98,1508,0
Packet_qwords,149936998,0,1508,141
VIF1_submit,149936987,5110,1508,0
Dispatch,149880279,63105,1508,0
Static_bag,149867763,75776,1508,0
Bounds,149944718,5062,1508,0
VIF1_DMA_wait,149958864,52099,1508,0
GIF_DMA_wait,150011207,168,1508,0
Packet_qwords,150013240,0,1508,43
VIF1_submit,150013229,5243,1508,0
Dispatch,149955249,64438,1508,0
Static_bag,149944265,75516,1508,0
Bounds,150021056,5509,1508,0
VIF1_DMA_wait,150038119,313,1508,0
GIF_DMA_wait,150038607,43,1508,0
Packet_qwords,150041266,0,1508,57
VIF1_submit,150041255,4900,1508,0
Dispatch,150032091,15076,1508,0
Static_bag,150020425,26838,1508,0
Object,149787903,259908,1508,43
Bounds,150055785,4740,1508,0
Static_bag,150055337,5417,1508,0
Object,150054993,6031,1508,52
Bounds,150066244,2556,1508,0
Static_bag,150065963,2923,1508,0
Object,150065824,3274,1508,59
Bounds,150070610,2404,1508,0
Static_bag,150070266,2834,1508,0
Object,150070076,3130,1508,60
Bounds,150074404,2722,1508,0
VIF1_DMA_wait,150091287,317,1508,0
GIF_DMA_wait,150091748,44,1508,0
Packet_qwords,150095642,0,1508,85
VIF1_submit,150095631,5107,1508,0
Dispatch,150082567,19210,1508,0
Static_bag,150074169,27746,1508,0
Object,150074044,28487,1508,61
Bounds,150106268,5244,1508,0
VIF1_DMA_wait,150126931,5337,1508,0
GIF_DMA_wait,150132494,99,1508,0
Packet_qwords,150136520,0,1508,85
VIF1_submit,150136509,5037,1508,0
Dispatch,150117729,24938,1508,0
Static_bag,150105769,37000,1508,0
Object,150105469,37960,1508,62
Bounds,150147010,17405,1508,0
Static_bag,150146525,18265,1508,0
Object,150146211,19030,1508,63
Bounds,150168310,3447,1508,0
Static_bag,150167635,4306,1508,0
Object,150167089,5273,1508,64
Bounds,150174040,2661,1508,0
Static_bag,150173830,3077,1508,0
Object,150173650,3438,1508,65
Bounds,150178480,3057,1508,0
VIF1_DMA_wait,150197007,371,1508,0
GIF_DMA_wait,150197605,43,1508,0
Packet_qwords,150201536,0,1508,85
VIF1_submit,150201525,5346,1508,0
Dispatch,150187901,20042,1508,0
Static_bag,150178216,29823,1508,0
Object,150178040,30679,1508,66
Bounds,150212368,5315,1508,0
VIF1_DMA_wait,150233275,4785,1508,0
GIF_DMA_wait,150238202,99,1508,0
Packet_qwords,150242222,0,1508,85
VIF1_submit,150242211,5065,1508,0
Dispatch,150224277,23932,1508,0
Static_bag,150211829,36536,1508,0
Object,150211521,37338,1508,67
Bounds,150252736,4497,1508,0
Static_bag,150252259,5236,1508,0
Object,150251955,5793,1508,68
Bounds,150259342,2479,1508,0
Static_bag,150258975,3013,1508,0
Object,150258862,3362,1508,69
Bounds,150264190,3140,1508,0
VIF1_DMA_wait,150281671,331,1508,0
GIF_DMA_wait,150282138,44,1508,0
Packet_qwords,150285758,0,1508,78
VIF1_submit,150285747,4869,1508,0
Dispatch,150273571,18102,1508,0
Static_bag,150263764,28019,1508,0
Bounds,150293006,5154,1508,0
VIF1_DMA_wait,150322329,368,1508,0
GIF_DMA_wait,150322908,44,1508,0
Packet_qwords,150325718,0,1508,57
VIF1_submit,150325707,5125,1508,0
Dispatch,150303493,28474,1508,0
Static_bag,150292414,39667,1508,0
Object,150263432,69307,1508,70
Bounds,150336752,5803,1508,0
VIF1_DMA_wait,150368019,319,1508,0
GIF_DMA_wait,150368565,43,1508,0
Packet_qwords,150372524,0,1508,78
VIF1_submit,150372513,5196,1508,0
Dispatch,150348567,30310,1508,0
Static_bag,150336193,42856,1508,0
Bounds,150380582,5671,1508,0
VIF1_DMA_wait,150398462,5551,1508,0
GIF_DMA_wait,150404150,99,1508,0
Packet_qwords,150406868,0,1508,57
VIF1_submit,150406857,4915,1508,0
Dispatch,150392349,20546,1508,0
Static_bag,150379819,33190,1508,0
Object,150335817,77822,1508,71
Bounds,150417660,4539,1508,0
Static_bag,150417143,5229,1508,0
Bounds,150422860,2125,1508,0
Static_bag,150422597,2474,1508,0
Object,150416793,8385,1508,72
Bounds,150426770,2782,1508,0
VIF1_DMA_wait,150442737,235,1508,0
GIF_DMA_wait,150443166,44,1508,0
Packet_qwords,150446770,0,1508,78
VIF1_submit,150446759,4997,1508,0
Dispatch,150434919,17894,1508,0
Static_bag,150426371,26570,1508,0
Bounds,150454378,5062,1508,0
VIF1_DMA_wait,150483385,409,1508,0
GIF_DMA_wait,150484093,43,1508,0
Packet_qwords,150486884,0,1508,57
VIF1_submit,150486873,5241,1508,0
Dispatch,150476941,16176,1508,0
Static_bag,150453673,39540,1508,0
Object,150426231,67644,1508,73
Bounds,150501016,4862,1508,0
VIF1_DMA_wait,150546867,319,1508,0
GIF_DMA_wait,150547416,44,1508,0
Packet_qwords,150549874,0,1508,50
VIF1_submit,150549863,5130,1508,0
Dispatch,150513365,42834,1508,0
Static_bag,150500527,55828,1508,0
Bounds,150557678,5286,1508,0
VIF1_DMA_wait,150587040,365,1508,0
GIF_DMA_wait,150587701,43,1508,0
Packet_qwords,150590696,0,1508,64
VIF1_submit,150590685,4915,1508,0
Dispatch,150570185,26526,1508,0
Static_bag,150557241,39572,1508,0
Bounds,150598130,5314,1508,0
VIF1_DMA_wait,150639473,400,1508,0
GIF_DMA_wait,150640183,98,1508,0
Packet_qwords,150641890,0,1508,36
VIF1_submit,150641879,5029,1508,0
Dispatch,150611465,36588,1508,0
Static_bag,150597563,50586,1508,0
Object,150500113,148556,1508,75
Bounds,150653924,5335,1508,0
VIF1_DMA_wait,150671271,371,1508,0
GIF_DMA_wait,150671778,44,1508,0
Packet_qwords,150673894,0,1508,43
VIF1_submit,150673883,4906,1508,0
Dispatch,150666135,13640,1508,0
Static_bag,150653385,26525,1508,0
Bounds,150681418,4942,1508,0
VIF1_DMA_wait,150697368,193,1508,0
GIF_DMA_wait,150697715,55,1508,0
Packet_qwords,150700538,0,1508,64
VIF1_submit,150700527,4849,1508,0
Dispatch,150691389,15022,1508,0
Static_bag,150680675,25914,1508,0
Bounds,150707792,5124,1508,0
VIF1_DMA_wait,150721662,729,1508,0
GIF_DMA_wait,150722540,99,1508,0
Packet_qwords,150724282,0,1508,36
VIF1_submit,150724271,4849,1508,0
Dispatch,150718893,11234,1508,0
Static_bag,150707177,23072,1508,0
Object,150652965,77868,1508,76
Bounds,150735700,4672,1508,0
VIF1_DMA_wait,150749677,295,1508,0
GIF_DMA_wait,150750073,43,1508,0
Packet_qwords,150752110,0,1508,43
VIF1_submit,150752099,4855,1508,0
Dispatch,150745785,12188,1508,0
Static_bag,150735241,22848,1508,0
Bounds,150759572,4918,1508,0
VIF1_DMA_wait,150775176,275,1508,0
GIF_DMA_wait,150775597,43,1508,0
Packet_qwords,150790088,0,1508,64
VIF1_submit,150790077,5191,1508,0
Dispatch,150769281,27152,1508,0
Static_bag,150758917,37676,1508,0
Bounds,150798172,6093,1508,0
VIF1_DMA_wait,150814035,271,1508,0
GIF_DMA_wait,150814451,43,1508,0
Packet_qwords,150816142,0,1508,36
VIF1_submit,150816131,4848,1508,0
Dispatch,150810347,11738,1508,0
Static_bag,150797455,24754,1508,0
Object,150734935,87712,1508,77
Bounds,150827572,4726,1508,0
VIF1_DMA_wait,150841923,329,1508,0
GIF_DMA_wait,150842388,44,1508,0
Packet_qwords,150844460,0,1508,43
VIF1_submit,150844449,4947,1508,0
Dispatch,150837897,12496,1508,0
Static_bag,150827071,23416,1508,0
Bounds,150851818,5026,1508,0
VIF1_DMA_wait,150867502,201,1508,0
GIF_DMA_wait,150867855,43,1508,0
Packet_qwords,150870728,0,1508,64
VIF1_submit,150870717,4903,1508,0
Dispatch,150861603,15164,1508,0
Static_bag,150851261,25620,1508,0
Bounds,150878222,5148,1508,0
VIF1_DMA_wait,150891617,830,1508,0
GIF_DMA_wait,150892599,92,1508,0
Packet_qwords,150894340,0,1508,36
VIF1_submit,150894329,4811,1508,0
Dispatch,150888855,11200,1508,0
Static_bag,150877673,22560,1508,0
Object,150826761,74072,1508,78
Bounds,150905618,4764,1508,0
VIF1_DMA_wait,150919761,293,1508,0
GIF_DMA_wait,150920223,43,1508,0
Packet_qwords,150922154,0,1508,43
VIF1_submit,150922143,4915,1508,0
Dispatch,150915807,12358,1508,0
Static_bag,150905161,23098,1508,0
Bounds,150929546,15931,1508,0
VIF1_DMA_wait,150967879,352,1508,0
GIF_DMA_wait,150968491,43,1508,0
Packet_qwords,150971536,0,1508,64
VIF1_submit,150971525,5215,1508,0
Dispatch,150951353,26462,1508,0
Static_bag,150928967,49016,1508,0
Bounds,150979816,6071,1508,0
VIF1_DMA_wait,150995164,234,1508,0
GIF_DMA_wait,150995497,43,1508,0
Packet_qwords,150997210,0,1508,36
VIF1_submit,150997199,4846,1508,0
Dispatch,150991953,11188,1508,0
Static_bag,150978751,24551,1508,0
Object,150904855,98864,1508,79
Bounds,151008736,4787,1508,0
VIF1_DMA_wait,151023057,311,1508,0
GIF_DMA_wait,151023504,44,1508,0
Packet_qwords,151025530,0,1508,43
VIF1_submit,151025519,4883,1508,0
Dispatch,151019145,12290,1508,0
Static_bag,151008127,23416,1508,0
Bounds,151033054,5044,1508,0
VIF1_DMA_wait,151048942,183,1508,0
GIF_DMA_wait,151049273,65,1508,0
Packet_qwords,151052128,0,1508,64
VIF1_submit,151052117,4939,1508,0
Dispatch,151043119,15016,1508,0
Static_bag,151032301,25954,1508,0
Bounds,151059532,5290,1508,0
VIF1_DMA_wait,151073025,774,1508,0
GIF_DMA_wait,151073951,98,1508,0
Packet_qwords,151075666,0,1508,36
VIF1_submit,151075655,4843,1508,0
Dispatch,151070265,11296,1508,0
Static_bag,151058945,22722,1508,0
Object,151007817,74486,1508,80
Bounds,151109798,4759,1508,0
Static_bag,151109245,5737,1508,0
Bounds,151115612,2277,1508,0
Static_bag,151115382,2631,1508,0
Object,151108864,9261,1508,99
Bounds,151119866,2474,1508,0
Static_bag,151119611,2858,1508,0
Bounds,151122898,2108,1508,0
Static_bag,151122690,2470,1508,0
Object,151119487,5913,1508,100
Bounds,151127036,2613,1508,0
Static_bag,151126734,3188,1508,0
Bounds,151130282,2094,1508,0
Static_bag,151130052,2492,1508,0
Object,151126537,6243,1508,101
Bounds,151134454,2349,1508,0
Static_bag,151134153,2772,1508,0
Bounds,151137346,2056,1508,0
Static_bag,151137100,2461,1508,0
Object,151134014,5738,1508,102
Bounds,151141270,2745,1508,0
Static_bag,151141005,3211,1508,0
Bounds,151144576,2674,1508,0
Static_bag,151144347,3067,1508,0
Object,151140879,6751,1508,103
Bounds,151149172,2656,1508,0
Static_bag,151148933,3014,1508,0
Bounds,151152386,2418,1508,0
Static_bag,151152110,2780,1508,0
Object,151148810,6312,1508,104
Bounds,151159820,3283,1508,0
VIF1_DMA_wait,151176003,341,1508,0
GIF_DMA_wait,151176529,43,1508,0
Packet_qwords,151179574,0,1508,64
VIF1_submit,151179563,5008,1508,0
Dispatch,151169099,16500,1508,0
Static_bag,151159504,26191,1508,0
Bounds,151187084,5412,1508,0
VIF1_DMA_wait,151201932,275,1508,0
GIF_DMA_wait,151202307,43,1508,0
Packet_qwords,151204310,0,1508,43
VIF1_submit,151204299,4873,1508,0
Dispatch,151198203,11956,1508,0
Static_bag,151186451,23802,1508,0
Object,151159346,51519,1508,108
Bounds,151215052,4882,1508,0
VIF1_DMA_wait,151231939,231,1508,0
GIF_DMA_wait,151232313,43,1508,0
Packet_qwords,151235294,0,1508,64
VIF1_submit,151235283,4903,1508,0
Dispatch,151225297,15934,1508,0
Static_bag,151214503,26842,1508,0
Bounds,151242878,17951,1508,0
VIF1_DMA_wait,151271557,310,1508,0
GIF_DMA_wait,151272115,43,1508,0
Packet_qwords,151274204,0,1508,43
VIF1_submit,151274193,5173,1508,0
Dispatch,151267211,13160,1508,0
Static_bag,151242131,38346,1508,0
Object,151214197,66968,1508,109
Bounds,151285328,4757,1508,0
Static_bag,151284751,5506,1508,0
Bounds,151290782,2488,1508,0
Static_bag,151290525,2914,1508,0
Object,151284397,9149,1508,110
Bounds,151294810,2377,1508,0
Static_bag,151294575,2748,1508,0
Object,151294434,3040,1508,111
Bounds,151298792,2385,1508,0
Static_bag,151298445,2934,1508,0
Object,151298365,3209,1508,112
Bounds,151302982,2367,1508,0
Static_bag,151302717,2769,1508,0
Object,151302582,3088,1508,113
Bounds,151306564,2459,1508,0
Static_bag,151306336,2817,1508,0
Object,151306126,3242,1508,114
Object,151309878,174,1508,115
Object,151310548,74,1508,116
Object,151311178,116,1508,117
Object,151311724,72,1508,118
Object,151312264,102,1508,119
Object,151312958,56,1508,120
Bounds,151317022,4142,1508,0
VIF1_DMA_wait,151375667,436,1508,0
GIF_DMA_wait,151376481,96,1508,0
Packet_qwords,151382924,0,1508,134
VIF1_submit,151382913,5132,1508,0
Dispatch,151329609,59628,1508,0
Static_bag,151316723,72630,1508,0
Bounds,151511173,5444,1508,0
VIF1_DMA_wait,151583825,478,1508,0
GIF_DMA_wait,151584607,98,1508,0
Packet_qwords,151591142,0,1508,138
VIF1_submit,151591131,5394,1508,0
Dispatch,151524597,73034,1508,0
Static_bag,151510629,87100,1508,0
Object,151316562,281531,1508,121
Bounds,151605165,6300,1508,0
Static_bag,151604357,7299,1508,0
Bounds,151620411,4011,1508,0
Static_bag,151620140,4463,1508,0
Bounds,151625002,3203,1508,0
VIF1_DMA_wait,151707783,474,1508,0
GIF_DMA_wait,151708663,102,1508,0
Packet_qwords,151727554,0,1508,141
VIF1_submit,151727543,5302,1508,0
VIF1_DMA_wait,151741711,60169,1508,0
GIF_DMA_wait,151801974,91,1508,0
Packet_qwords,151804230,0,1508,36
VIF1_submit,151804222,3996,1508,0
Dispatch,151637227,171888,1508,0
Static_bag,151624761,184450,1508,0
Bounds,152064283,5342,1508,0
VIF1_DMA_wait,152147311,500,1508,0
GIF_DMA_wait,152148135,96,1508,0
Packet_qwords,152155106,0,1508,145
VIF1_submit,152155095,15546,1508,0
VIF1_DMA_wait,152188413,63777,1508,0
GIF_DMA_wait,152252472,97,1508,0
Packet_qwords,152255159,0,1508,36
VIF1_submit,152255151,4764,1508,0
Dispatch,152077799,182996,1508,0
Static_bag,152063745,197146,1508,0
Object,151603899,657320,1508,122
Bounds,152267862,6307,1508,0
VIF1_DMA_wait,152291943,342,1508,0
GIF_DMA_wait,152292547,102,1508,0
Packet_qwords,152296558,0,1508,85
VIF1_submit,152296547,4925,1508,0
Dispatch,152281399,21136,1508,0
Static_bag,152267079,35582,1508,0
Object,152266675,36550,1508,134
Object,152305191,321,1508,135
Object,152305988,56,1508,136
Object,152306458,72,1508,137
Object,152306980,98,1508,138
Object,152307496,86,1508,139
Object,152308011,55,1508,140
Object,152308532,74,1508,141
Object,152309152,78,1508,142
Objects,147338975,4972234,1508,0
Bounds,152624024,163933,1508,0
VIF1_DMA_wait,152819113,345,1508,0
GIF_DMA_wait,152819803,47,1508,0
Packet_qwords,152826476,0,1508,141
VIF1_submit,152826465,5502,1508,0
VIF1_DMA_wait,152846374,54465,1508,0
GIF_DMA_wait,152900934,41,1508,0
Packet_qwords,152906392,0,1508,113
VIF1_submit,152906384,4304,1508,0
VIF1_DMA_wait,152924629,54422,1508,0
GIF_DMA_wait,152979344,44,1508,0
Packet_qwords,152985806,0,1508,113
VIF1_submit,152985798,4852,1508,0
VIF1_DMA_wait,152998575,60544,1508,0
GIF_DMA_wait,153059214,41,1508,0
Packet_qwords,153061296,0,1508,36
VIF1_submit,153061288,4038,1508,0
Dispatch,152804577,261826,1508,0
Static_bag,152623481,443022,1508,0
Bounds,153116678,18467,1508,0
VIF1_DMA_wait,153157191,492,1508,0
GIF_DMA_wait,153158029,102,1508,0
Packet_qwords,153160574,0,1508,50
VIF1_submit,153160563,5328,1508,0
Dispatch,153143763,23344,1508,0
Static_bag,153116121,51080,1508,0
Bounds,153324212,75397,1508,0
VIF1_DMA_wait,153451605,474,1508,0
GIF_DMA_wait,153452431,102,1508,0
Packet_qwords,153456388,0,1508,78
VIF1_submit,153456377,4978,1508,0
Dispatch,153407997,54556,1508,0
Static_bag,153323681,138992,1508,0
Wheels,152311287,1152142,1508,0
Animation,153463514,227,1508,0
Shadow_decals,153463943,94,1508,0
Mirrors,153464189,1,1508,0
Portal_surfaces,153464287,1,1508,0
Light_pools,153464319,3300,1508,0
GS_FINISH_wait,153514623,544,1508,0
Align3D,153510288,5079,1508,0
Bounds,153527612,5957,1508,0
VIF1_DMA_wait,153557403,396,1508,0
GIF_DMA_wait,153557973,96,1508,0
Packet_qwords,153564590,0,1508,141
VIF1_submit,153564579,5424,1508,0
VIF1_DMA_wait,153602105,36825,1508,0
GIF_DMA_wait,153639170,44,1508,0
Packet_qwords,153645014,0,1508,113
VIF1_submit,153645006,5230,1508,0
Dispatch,153541251,110195,1508,0
Static_bag,153527057,124506,1508,0
Bounds,153653368,5627,1508,0
VIF1_DMA_wait,153677364,40776,1508,0
GIF_DMA_wait,153718377,98,1508,0
Packet_qwords,153723932,0,1508,120
VIF1_submit,153723921,5202,1508,0
Dispatch,153665431,77164,1508,0
Static_bag,153652587,90248,1508,0
Bounds,153744033,5796,1508,0
VIF1_DMA_wait,153759273,24057,1508,0
GIF_DMA_wait,153783499,100,1508,0
Packet_qwords,153785396,0,1508,40
VIF1_submit,153785385,5226,1508,0
Dispatch,153754867,36730,1508,0
Static_bag,153743491,48280,1508,0
GS_FINISH_wait,153837849,532,1508,0
Align3D,153833411,5162,1508,0
Bounds,153849584,5749,1508,0
VIF1_DMA_wait,153877287,396,1508,0
GIF_DMA_wait,153877862,103,1508,0
Packet_qwords,153884576,0,1508,141
VIF1_submit,153884565,16422,1508,0
Dispatch,153862761,40087,1508,0
Static_bag,153849101,53887,1508,0
GS_FINISH_wait,153974331,600,1508,0
Align3D,153910649,64522,1508,0
Bounds,154033259,21756,1508,0
GS_FINISH_wait,154062843,499,1508,0
Align3D,154057104,6398,1508,0
VIF1_DMA_wait,154076223,262,1508,0
GIF_DMA_wait,154076707,102,1508,0
Packet_qwords,154078880,0,1508,42
VIF1_submit,154078869,4272,1508,0
GS_FINISH_wait,154088997,18985,1508,0
Align3D,154084456,23680,1508,0
Dispatch,154071405,39575,1508,0
Static_bag,154032731,78348,1508,0
Bounds,154165293,10014,1508,0
GS_FINISH_wait,154184295,475,1508,0
Align3D,154178606,6402,1508,0
VIF1_DMA_wait,154229325,450,1508,0
GIF_DMA_wait,154230031,102,1508,0
Packet_qwords,154232402,0,1508,42
VIF1_submit,154232391,5004,1508,0
GS_FINISH_wait,154243275,13110,1508,0
Align3D,154238730,17805,1508,0
Dispatch,154192259,67149,1508,0
Static_bag,154164821,94674,1508,0
Projected_shadows,153467801,792348,1508,0
Bounds,154265849,7898,1508,0
Static_bag,154265369,8547,1508,0
Bounds,154277618,4656,1508,0
Static_bag,154277393,5019,1508,0
Bounds,154285414,5307,1508,0
VIF1_DMA_wait,154306737,396,1508,0
GIF_DMA_wait,154307409,96,1508,0
Packet_qwords,154309208,0,1508,36
VIF1_submit,154309197,5281,1508,0
Dispatch,154299215,16314,1508,0
Static_bag,154285097,30528,1508,0
Blob_shadows,154260317,55628,1508,0
Light_beams,154316075,3030,1508,0
Highlights_and_outlines,154319233,1,1508,0
Bounds,154337054,7919,1508,0
VIF1_DMA_wait,154371891,444,1508,0
GIF_DMA_wait,154372713,102,1508,0
Packet_qwords,154374644,0,1508,34
VIF1_submit,154374633,5328,1508,0
Dispatch,154352607,28444,1508,0
Static_bag,154336709,44430,1508,0
Particles,154319323,62062,1508,0
Scene,144036173,10345382,1508,0
GS_FINISH_wait,154390341,532,1508,0
Align3D,154386270,4753,1508,0
GS_FINISH_wait,154574121,606,1508,0
Align3D,154563408,11559,1508,0
PostFx,154562955,140852,1508,0
Present,154704465,4537448,1508,0
EndFrame,154408793,4833357,1508,0
Game,141566815,17684728,1508,0
Info,159251745,348,1508,0
Frame,141558546,17694191,1508,0
Pad,159253352,7965,1509,0
Update,159261779,857298,1509,0
GS_FINISH_wait,160326719,69296,1509,0
Align3D,160311912,84345,1509,0
Bounds,160412148,5899,1509,0
VIF1_DMA_wait,160488951,510,1509,0
GIF_DMA_wait,160489827,102,1509,0
Packet_qwords,160495688,0,1509,124
VIF1_submit,160495677,5316,1509,0
VIF1_DMA_wait,160526847,28128,1509,0
GIF_DMA_wait,160555254,97,1509,0
Packet_qwords,160558978,0,1509,55
VIF1_submit,160558970,4886,1509,0
Dispatch,160425231,139786,1509,0
Static_bag,160411611,153526,1509,0
Bounds,160567661,8588,1509,0
Static_bag,160567101,9259,1509,0
Bounds,160581953,4340,1509,0
VIF1_DMA_wait,160608813,480,1509,0
GIF_DMA_wait,160609629,102,1509,0
Packet_qwords,160612114,0,1509,50
VIF1_submit,160612103,5128,1509,0
Dispatch,160595259,22984,1509,0
Static_bag,160581564,36789,1509,0
Bounds,160619514,5586,1509,0
VIF1_DMA_wait,160667691,504,1509,0
GIF_DMA_wait,160668541,102,1509,0
Packet_qwords,160672478,0,1509,78
VIF1_submit,160672467,4982,1509,0
Dispatch,160644329,34134,1509,0
Static_bag,160618937,59636,1509,0
Bounds,160679944,5458,1509,0
VIF1_DMA_wait,160709020,379,1509,0
GIF_DMA_wait,160709655,47,1509,0
Packet_qwords,160712632,0,1509,64
VIF1_submit,160712621,5009,1509,0
Dispatch,160692849,25732,1509,0
Static_bag,160679201,39523,1509,0
Bounds,160719674,5436,1509,0
VIF1_DMA_wait,160749836,405,1509,0
GIF_DMA_wait,160750647,47,1509,0
Packet_qwords,160753790,0,1509,64
VIF1_submit,160753779,4945,1509,0
Dispatch,160732607,27222,1509,0
Static_bag,160719203,40842,1509,0
Bounds,160761092,5206,1509,0
VIF1_DMA_wait,160811459,472,1509,0
GIF_DMA_wait,160812339,47,1509,0
Packet_qwords,160814578,0,1509,43
VIF1_submit,160814567,5170,1509,0
Dispatch,160774269,46708,1509,0
Static_bag,160760571,60502,1509,0
Bounds,160822992,5161,1509,0
Static_bag,160822413,5933,1509,0
Bounds,160828802,2296,1509,0
Static_bag,160828559,2663,1509,0
Bounds,160831618,2292,1509,0
Static_bag,160831425,2609,1509,0
Bounds,160834442,2506,1509,0
Static_bag,160834215,2849,1509,0
Bounds,160837468,2461,1509,0
Static_bag,160837275,2779,1509,0
Bounds,160841128,3041,1509,0
VIF1_DMA_wait,160862139,317,1509,0
GIF_DMA_wait,160862621,47,1509,0
Packet_qwords,160866844,0,1509,92
VIF1_submit,160866833,5082,1509,0
Dispatch,160850547,22342,1509,0
Static_bag,160840739,32256,1509,0
Bounds,160874204,5166,1509,0
VIF1_DMA_wait,160898885,8596,1509,0
GIF_DMA_wait,160907675,100,1509,0
Packet_qwords,160914164,0,1509,141
VIF1_submit,160914153,4993,1509,0
VIF1_DMA_wait,160927959,59670,1509,0
GIF_DMA_wait,160987921,100,1509,0
Packet_qwords,160991938,0,1509,57
VIF1_submit,160991930,4526,1509,0
Dispatch,160884783,112710,1509,0
Static_bag,160873545,124112,1509,0
Bounds,160999160,6121,1509,0
VIF1_DMA_wait,161026761,519,1509,0
GIF_DMA_wait,161027501,102,1509,0
Packet_qwords,161034028,0,1509,141
VIF1_submit,161034017,5056,1509,0
VIF1_DMA_wait,161050193,58078,1509,0
GIF_DMA_wait,161108541,98,1509,0
Packet_qwords,161113540,0,1509,78
VIF1_submit,161113532,4670,1509,0
Dispatch,161011257,107842,1509,0
Static_bag,160998263,120930,1509,0
Bounds,161120514,6105,1509,0
VIF1_DMA_wait,161138937,24045,1509,0
GIF_DMA_wait,161163291,102,1509,0
Packet_qwords,161166272,0,1509,57
VIF1_submit,161166261,5304,1509,0
Dispatch,161132745,39922,1509,0
Static_bag,161119757,53004,1509,0
Bounds,161174046,6067,1509,0
VIF1_DMA_wait,161191849,313,1509,0
GIF_DMA_wait,161192255,47,1509,0
Packet_qwords,161194838,0,1509,57
VIF1_submit,161194827,4975,1509,0
Dispatch,161185905,14832,1509,0
Static_bag,161173315,27532,1509,0
Bounds,161203210,5594,1509,0
VIF1_DMA_wait,161223063,247,1509,0
GIF_DMA_wait,161223449,47,1509,0
Packet_qwords,161227708,0,1509,92
VIF1_submit,161227697,4936,1509,0
Dispatch,161214271,19432,1509,0
Static_bag,161202295,31554,1509,0
Bounds,161234844,5178,1509,0
VIF1_DMA_wait,161272427,308,1509,0
GIF_DMA_wait,161273167,47,1509,0
Packet_qwords,161280086,0,1509,141
VIF1_submit,161280075,5137,1509,0
VIF1_DMA_wait,161294831,59000,1509,0
GIF_DMA_wait,161353976,43,1509,0
Packet_qwords,161356992,0,1509,57
VIF1_submit,161356984,4134,1509,0
Dispatch,161245237,116830,1509,0
Static_bag,161234307,127934,1509,0
Bounds,161363486,5669,1509,0
VIF1_DMA_wait,161389595,2293,1509,0
GIF_DMA_wait,161392095,102,1509,0
Packet_qwords,161398484,0,1509,141
VIF1_submit,161398473,5268,1509,0
VIF1_DMA_wait,161427903,44658,1509,0
GIF_DMA_wait,161472903,98,1509,0
Packet_qwords,161477348,0,1509,78
VIF1_submit,161477340,4918,1509,0
Dispatch,161375313,108052,1509,0
Static_bag,161362705,120811,1509,0
Bounds,161484702,5923,1509,0
VIF1_DMA_wait,161502494,24550,1509,0
GIF_DMA_wait,161527257,102,1509,0
Packet_qwords,161529916,0,1509,57
VIF1_submit,161529905,4942,1509,0
Dispatch,161496747,39092,1509,0
Static_bag,161483971,52018,1509,0
Bounds,161537066,5218,1509,0
VIF1_DMA_wait,161552682,181,1509,0
GIF_DMA_wait,161553105,47,1509,0
Packet_qwords,161555626,0,1509,57
VIF1_submit,161555615,4855,1509,0
Dispatch,161547499,14028,1509,0
Static_bag,161536461,25190,1509,0
Bounds,161563736,16913,1509,0
VIF1_DMA_wait,161594035,355,1509,0
GIF_DMA_wait,161594557,47,1509,0
Packet_qwords,161597968,0,1509,71
VIF1_submit,161597957,5328,1509,0
Dispatch,161586567,17644,1509,0
Static_bag,161563045,41286,1509,0
Bounds,161605728,5870,1509,0
VIF1_DMA_wait,161630347,210,1509,0
GIF_DMA_wait,161630783,47,1509,0
Packet_qwords,161636870,0,1509,134
VIF1_submit,161636859,5071,1509,0
Dispatch,161617033,25800,1509,0
Static_bag,161604901,38026,1509,0
Bounds,161644040,5240,1509,0
VIF1_DMA_wait,161675333,30271,1509,0
GIF_DMA_wait,161705827,100,1509,0
Packet_qwords,161712334,0,1509,141
VIF1_submit,161712323,5153,1509,0
Dispatch,161654751,64139,1509,0
Static_bag,161643469,75508,1509,0
Bounds,161720066,17099,1509,0
VIF1_DMA_wait,161759889,26313,1509,0
GIF_DMA_wait,161786493,96,1509,0
Packet_qwords,161788718,0,1509,43
VIF1_submit,161788707,5312,1509,0
Dispatch,161744369,50792,1509,0
Static_bag,161719449,75884,1509,0
Bounds,161796664,5481,1509,0
VIF1_DMA_wait,161813024,273,1509,0
GIF_DMA_wait,161813501,47,1509,0
Packet_qwords,161816188,0,1509,57
VIF1_submit,161816177,4895,1509,0
Dispatch,161807427,14744,1509,0
Static_bag,161795897,26374,1509,0
Bounds,161825606,4919,1509,0
Static_bag,161825089,5611,1509,0
Bounds,161831158,3024,1509,0
Static_bag,161830952,3316,1509,0
Bounds,161834714,2032,1509,0
Static_bag,161834429,2454,1509,0
Bounds,161837314,2006,1509,0
Static_bag,161837037,2407,1509,0
Bounds,161839876,2180,1509,0
Static_bag,161839649,2537,1509,0
Bounds,161843156,2328,1509,0
Static_bag,161842878,2740,1509,0
Bounds,161846024,2228,1509,0
Static_bag,161845779,2559,1509,0
Bounds,161848838,2242,1509,0
Static_bag,161848592,2574,1509,0
Bounds,161851588,2026,1509,0
Static_bag,161851329,2371,1509,0
Bounds,161854150,2194,1509,0
Static_bag,161853861,2569,1509,0
GS_FINISH_wait,161877243,532,1509,0
Align3D,161872811,5114,1509,0
Reflections_shared_probe,160311211,1581898,1509,0
Portal,161893415,168,1509,0
Bounds,161894685,5584,1509,0
VIF1_DMA_wait,161941659,486,1509,0
GIF_DMA_wait,161942493,102,1509,0
Packet_qwords,161946772,0,1509,88
VIF1_submit,161946761,5196,1509,0
Dispatch,161906925,46180,1509,0
Static_bag,161894113,59171,1509,0
Bounds,161955718,8135,1509,0
Static_bag,161955363,8593,1509,0
Sky,161893716,70907,1509,0
Bounds,161968486,3884,1509,0
VIF1_DMA_wait,162071445,448,1509,0
GIF_DMA_wait,162072201,96,1509,0
Packet_qwords,162079052,0,1509,141
VIF1_submit,162079041,5370,1509,0
VIF1_DMA_wait,162091848,125269,1509,0
GIF_DMA_wait,162217404,139,1509,0
Packet_qwords,162219914,0,1509,36
VIF1_submit,162219906,4858,1509,0
Dispatch,161980749,245148,1509,0
Static_bag,161968153,257854,1509,0
Bounds,162228058,5763,1509,0
Static_bag,162227351,6669,1509,0
Bounds,162234664,3273,1509,0
VIF1_DMA_wait,162265535,429,1509,0
GIF_DMA_wait,162266265,43,1509,0
Packet_qwords,162269086,0,1509,57
VIF1_submit,162269075,4936,1509,0
Dispatch,162245287,29844,1509,0
Static_bag,162234418,40909,1509,0
Bounds,162276777,5373,1509,0
VIF1_DMA_wait,162307943,384,1509,0
GIF_DMA_wait,162308587,43,1509,0
Packet_qwords,162311192,0,1509,57
VIF1_submit,162311181,4932,1509,0
Dispatch,162289179,28124,1509,0
Static_bag,162276447,40952,1509,0
Bounds,162318787,4988,1509,0
Static_bag,162318401,5603,1509,0
Bounds,162324826,2407,1509,0
Static_bag,162324548,2772,1509,0
Bounds,162328000,3250,1509,0
VIF1_DMA_wait,162364913,356,1509,0
GIF_DMA_wait,162365517,96,1509,0
Packet_qwords,162372758,0,1509,141
VIF1_submit,162372747,5358,1509,0
VIF1_DMA_wait,162386234,60671,1509,0
GIF_DMA_wait,162447000,43,1509,0
Packet_qwords,162449448,0,1509,43
VIF1_submit,162449440,3978,1509,0
Dispatch,162336067,118236,1509,0
Static_bag,162327687,126724,1509,0
Bounds,162456188,5435,1509,0
VIF1_DMA_wait,162537515,472,1509,0
GIF_DMA_wait,162538359,96,1509,0
Packet_qwords,162545228,0,1509,141
VIF1_submit,162545217,4950,1509,0
VIF1_DMA_wait,162557248,61689,1509,0
GIF_DMA_wait,162619032,41,1509,0
Packet_qwords,162621070,0,1509,36
VIF1_submit,162621062,3968,1509,0
Dispatch,162468853,157162,1509,0
Static_bag,162455511,170602,1509,0
Bounds,162627986,5575,1509,0
VIF1_DMA_wait,162705891,438,1509,0
GIF_DMA_wait,162706639,110,1509,0
Packet_qwords,162713572,0,1509,141
VIF1_submit,162713561,5092,1509,0
VIF1_DMA_wait,162726448,61239,1509,0
GIF_DMA_wait,162787832,41,1509,0
Packet_qwords,162790248,0,1509,43
VIF1_submit,162790240,3978,1509,0
Dispatch,162640933,154186,1509,0
Static_bag,162627327,167902,1509,0
Bounds,162797224,5195,1509,0
Static_bag,162796465,6057,1509,0
Bounds,162803216,2413,1509,0
Static_bag,162802896,2947,1509,0
Bounds,162806698,2332,1509,0
Static_bag,162806348,2807,1509,0
Bounds,162809804,2597,1509,0
Static_bag,162809574,2963,1509,0
Bounds,162813112,13872,1509,0
Static_bag,162812932,14440,1509,0
Bounds,162828280,2524,1509,0
Static_bag,162827905,2985,1509,0
Bounds,162831466,2372,1509,0
Static_bag,162831286,2638,1509,0
Bounds,162834484,2915,1509,0
VIF1_DMA_wait,162856785,383,1509,0
GIF_DMA_wait,162857354,44,1509,0
Packet_qwords,162864014,0,1509,141
VIF1_submit,162864003,5406,1509,0
VIF1_DMA_wait,162876979,61326,1509,0
GIF_DMA_wait,162938400,41,1509,0
Packet_qwords,162940794,0,1509,43
VIF1_submit,162940786,4080,1509,0
Dispatch,162842925,102858,1509,0
Static_bag,162834304,111603,1509,0
Bounds,162947385,17094,1509,0
Static_bag,162946988,17826,1509,0
Bounds,162966082,3069,1509,0
Static_bag,162965521,3859,1509,0
Bounds,162978526,4307,1509,0
VIF1_DMA_wait,163023427,409,1509,0
GIF_DMA_wait,163024191,43,1509,0
Packet_qwords,163030850,0,1509,141
VIF1_submit,163030839,5202,1509,0
VIF1_DMA_wait,163043675,60890,1509,0
GIF_DMA_wait,163104704,41,1509,0
Packet_qwords,163107064,0,1509,43
VIF1_submit,163107056,4040,1509,0
Dispatch,162989919,122200,1509,0
Static_bag,162969760,142455,1509,0
Bounds,163113789,5555,1509,0
VIF1_DMA_wait,163170721,476,1509,0
GIF_DMA_wait,163171495,98,1509,0
Packet_qwords,163178264,0,1509,141
VIF1_submit,163178253,5334,1509,0
VIF1_DMA_wait,163191417,61126,1509,0
GIF_DMA_wait,163252682,41,1509,0
Packet_qwords,163255056,0,1509,43
VIF1_submit,163255048,4002,1509,0
Dispatch,163138649,121280,1509,0
Static_bag,163113435,146588,1509,0
Bounds,163262002,5325,1509,0
Static_bag,163261283,6231,1509,0
Bounds,163268138,2071,1509,0
Static_bag,163267906,2557,1509,0
Bounds,163271258,2878,1509,0
VIF1_DMA_wait,163346415,443,1509,0
GIF_DMA_wait,163347199,43,1509,0
Packet_qwords,163353694,0,1509,134
VIF1_submit,163353683,4996,1509,0
Dispatch,163293293,66732,1509,0
Static_bag,163271020,89125,1509,0
Bounds,163362206,5842,1509,0
VIF1_DMA_wait,163428295,406,1509,0
GIF_DMA_wait,163429011,43,1509,0
Packet_qwords,163435054,0,1509,127
VIF1_submit,163435043,16092,1509,0
Dispatch,163375679,77114,1509,0
Static_bag,163361513,91398,1509,0
Terrain,161964755,1488918,1509,0
Bounds,163455933,5844,1509,0
VIF1_DMA_wait,163480573,29945,1509,0
GIF_DMA_wait,163510759,100,1509,0
Packet_qwords,163512698,0,1509,34
VIF1_submit,163512687,5148,1509,0
Dispatch,163469131,49902,1509,0
Static_bag,163455447,63676,1509,0
Bounds,163520565,4414,1509,0
Static_bag,163520099,5049,1509,0
Bounds,163526017,2874,1509,0
VIF1_DMA_wait,163564169,436,1509,0
GIF_DMA_wait,163564881,96,1509,0
Packet_qwords,163567016,0,1509,40
VIF1_submit,163567005,5173,1509,0
Dispatch,163534911,38570,1509,0
Static_bag,163525769,47820,1509,0
Bounds,163575292,5627,1509,0
VIF1_DMA_wait,163590950,300,1509,0
GIF_DMA_wait,163591386,44,1509,0
Packet_qwords,163593040,0,1509,36
VIF1_submit,163593029,15222,1509,0
Dispatch,163587427,22660,1509,0
Static_bag,163574775,35443,1509,0
Bounds,163611740,5245,1509,0
VIF1_DMA_wait,163637755,440,1509,0
GIF_DMA_wait,163638475,98,1509,0
Packet_qwords,163641244,0,1509,57
VIF1_submit,163641233,5440,1509,0
Dispatch,163623943,24102,1509,0
Static_bag,163611205,36994,1509,0
Bounds,163649752,5188,1509,0
VIF1_DMA_wait,163681259,300,1509,0
GIF_DMA_wait,163681867,43,1509,0
Packet_qwords,163683970,0,1509,43
VIF1_submit,163683959,5045,1509,0
Dispatch,163662123,28216,1509,0
Static_bag,163649175,41270,1509,0
Bounds,163692045,4841,1509,0
VIF1_DMA_wait,163720693,316,1509,0
GIF_DMA_wait,163721193,43,1509,0
Packet_qwords,163722952,0,1509,40
VIF1_submit,163722941,5039,1509,0
Dispatch,163703029,26154,1509,0
Static_bag,163691669,37626,1509,0
Bounds,163730835,4852,1509,0
Static_bag,163730453,5471,1509,0
Static_batches,163453811,282472,1509,0
Bounds,163737203,2262,1509,0
Static_bag,163736862,2739,1509,0
Bounds,163740178,2152,1509,0
Static_bag,163739901,2515,1509,0
Bounds,163743088,2090,1509,0
Static_bag,163742811,2504,1509,0
Bounds,163745966,2118,1509,0
Static_bag,163745639,2561,1509,0
Bounds,163748858,14007,1509,0
Static_bag,163748537,14643,1509,0
Bounds,163764220,3352,1509,0
Static_bag,163763809,3984,1509,0
Bounds,163768424,2472,1509,0
Static_bag,163768085,3000,1509,0
Bounds,163771724,2026,1509,0
Static_bag,163771449,2444,1509,0
Bounds,163774496,2364,1509,0
Static_bag,163774221,2824,1509,0
Bounds,163777558,2086,1509,0
Static_bag,163777347,2434,1509,0
Bounds,163780394,2334,1509,0
Static_bag,163780113,2794,1509,0
Bounds,163783522,2206,1509,0
Static_bag,163783221,2684,1509,0
Bounds,163786468,2078,1509,0
Static_bag,163786215,2468,1509,0
Bounds,163789370,2182,1509,0
Static_bag,163789091,2598,1509,0
Bounds,163792276,2443,1509,0
Static_bag,163792019,2882,1509,0
Bounds,163795504,2330,1509,0
Static_bag,163795269,2786,1509,0
Bounds,163798726,2568,1509,0
Static_bag,163798373,3212,1509,0
Bounds,163802200,2540,1509,0
Static_bag,163801924,2997,1509,0
Bounds,163805470,2451,1509,0
Static_bag,163805265,2830,1509,0
Bounds,163808680,2193,1509,0
Static_bag,163808429,2610,1509,0
Bounds,163811630,2201,1509,0
Static_bag,163811405,2562,1509,0
Bounds,163814600,2267,1509,0
Static_bag,163814333,2756,1509,0
Bounds,163817608,2667,1509,0
Static_bag,163817373,3028,1509,0
Bounds,163820968,2391,1509,0
Static_bag,163820739,2756,1509,0
Bounds,163824112,2437,1509,0
Static_bag,163823849,2862,1509,0
Bounds,163827296,2463,1509,0
Static_bag,163827054,2879,1509,0
Bounds,163830518,2597,1509,0
Static_bag,163830291,3008,1509,0
Bounds,163833856,2897,1509,0
VIF1_DMA_wait,163874769,474,1509,0
GIF_DMA_wait,163875583,102,1509,0
Packet_qwords,163878854,0,1509,64
VIF1_submit,163878843,5024,1509,0
Dispatch,163845147,39762,1509,0
Static_bag,163833605,51450,1509,0
Bounds,163886336,5262,1509,0
VIF1_DMA_wait,163965675,438,1509,0
GIF_DMA_wait,163966441,98,1509,0
Packet_qwords,163973234,0,1509,141
VIF1_submit,163973223,5101,1509,0
VIF1_DMA_wait,163987919,59234,1509,0
GIF_DMA_wait,164047248,41,1509,0
Packet_qwords,164050380,0,1509,57
VIF1_submit,164050372,4128,1509,0
Dispatch,163899435,155986,1509,0
Static_bag,163885863,169727,1509,0
Bounds,164057156,17615,1509,0
VIF1_DMA_wait,164096979,407,1509,0
GIF_DMA_wait,164097487,102,1509,0
Packet_qwords,164104166,0,1509,141
VIF1_submit,164104155,5556,1509,0
VIF1_DMA_wait,164118979,59630,1509,0
GIF_DMA_wait,164178883,90,1509,0
Packet_qwords,164182702,0,1509,57
VIF1_submit,164182694,4808,1509,0
Dispatch,164082629,105930,1509,0
Static_bag,164056497,132160,1509,0
Bounds,164190314,5933,1509,0
VIF1_DMA_wait,164217843,627,1509,0
GIF_DMA_wait,164218605,98,1509,0
Packet_qwords,164236544,0,1509,141
VIF1_submit,164236533,5454,1509,0
VIF1_DMA_wait,164252479,58352,1509,0
GIF_DMA_wait,164310926,93,1509,0
Packet_qwords,164314230,0,1509,57
VIF1_submit,164314222,4020,1509,0
Dispatch,164202597,116476,1509,0
Static_bag,164189591,129600,1509,0
Bounds,164320856,5855,1509,0
VIF1_DMA_wait,164344913,3943,1509,0
GIF_DMA_wait,164349001,100,1509,0
Packet_qwords,164354204,0,1509,113
VIF1_submit,164354193,5077,1509,0
Dispatch,164333295,26912,1509,0
Static_bag,164320167,40182,1509,0
Bounds,164361538,5180,1509,0
VIF1_DMA_wait,164390947,17804,1509,0
GIF_DMA_wait,164409141,154,1509,0
Packet_qwords,164411816,0,1509,50
VIF1_submit,164411805,5089,1509,0
Dispatch,164372313,45724,1509,0
Static_bag,164361099,57064,1509,0
Bounds,164419724,6167,1509,0
VIF1_DMA_wait,164436292,270,1509,0
GIF_DMA_wait,164436711,43,1509,0
Packet_qwords,164438956,0,1509,50
VIF1_submit,164438945,4938,1509,0
Dispatch,164431845,13138,1509,0
Static_bag,164419047,26048,1509,0
Bounds,164446394,5082,1509,0
VIF1_DMA_wait,164469447,408,1509,0
GIF_DMA_wait,164470071,96,1509,0
Packet_qwords,164472568,0,1509,50
VIF1_submit,164472557,5099,1509,0
Dispatch,164458209,20540,1509,0
Static_bag,164445873,32996,1509,0
Bounds,164480236,5426,1509,0
VIF1_DMA_wait,164501379,386,1509,0
GIF_DMA_wait,164502043,98,1509,0
Packet_qwords,164503784,0,1509,36
VIF1_submit,164503773,4899,1509,0
Dispatch,164492663,17034,1509,0
Static_bag,164479701,30092,1509,0
Bounds,164511002,4625,1509,0
Static_bag,164510571,5209,1509,0
Bounds,164516398,2286,1509,0
Static_bag,164516121,2719,1509,0
Bounds,164519410,2316,1509,0
Static_bag,164519147,2700,1509,0
Bounds,164522480,2258,1509,0
Static_bag,164522193,2666,1509,0
Bounds,164525404,2093,1509,0
Static_bag,164525151,2468,1509,0
Bounds,164528266,2194,1509,0
Static_bag,164527959,2622,1509,0
Bounds,164531218,14149,1509,0
Static_bag,164530881,14789,1509,0
Bounds,164546618,2872,1509,0
Static_bag,164546191,3474,1509,0
Bounds,164550286,2769,1509,0
VIF1_DMA_wait,164583723,450,1509,0
GIF_DMA_wait,164584483,98,1509,0
Packet_qwords,164587138,0,1509,50
VIF1_submit,164587127,5182,1509,0
Dispatch,164561187,32324,1509,0
Static_bag,164550071,43563,1509,0
Bounds,164594972,5640,1509,0
VIF1_DMA_wait,164611413,238,1509,0
GIF_DMA_wait,164611802,44,1509,0
Packet_qwords,164613910,0,1509,50
VIF1_submit,164613899,4885,1509,0
Dispatch,164606721,12860,1509,0
Static_bag,164594445,25258,1509,0
Bounds,164620568,4650,1509,0
VIF1_DMA_wait,164634768,37437,1509,0
GIF_DMA_wait,164672348,99,1509,0
Packet_qwords,164674592,0,1509,50
VIF1_submit,164674581,4879,1509,0
Dispatch,164630427,50030,1509,0
Static_bag,164620219,60340,1509,0
Bounds,164681648,5286,1509,0
VIF1_DMA_wait,164709891,392,1509,0
GIF_DMA_wait,164710497,96,1509,0
Packet_qwords,164712808,0,1509,50
VIF1_submit,164712797,5357,1509,0
Dispatch,164704851,14402,1509,0
Static_bag,164681219,38144,1509,0
Bounds,164720854,5396,1509,0
VIF1_DMA_wait,164734764,338,1509,0
GIF_DMA_wait,164735203,43,1509,0
Packet_qwords,164736818,0,1509,36
VIF1_submit,164736807,4878,1509,0
Dispatch,164732007,10606,1509,0
Static_bag,164720163,22598,1509,0
Bounds,164743972,4605,1509,0
Static_bag,164743587,5095,1509,0
Bounds,164749247,2368,1509,0
Static_bag,164749049,2691,1509,0
Bounds,164752324,2506,1509,0
VIF1_DMA_wait,164782995,444,1509,0
GIF_DMA_wait,164783739,96,1509,0
Packet_qwords,164785420,0,1509,36
VIF1_submit,164785409,5249,1509,0
Dispatch,164772891,18844,1509,0
Static_bag,164752059,39838,1509,0
Bounds,164793260,4716,1509,0
VIF1_DMA_wait,164816337,425,1509,0
GIF_DMA_wait,164817073,98,1509,0
Packet_qwords,164819630,0,1509,50
VIF1_submit,164819619,4962,1509,0
Dispatch,164805431,20448,1509,0
Static_bag,164792759,33210,1509,0
Bounds,164827312,5162,1509,0
VIF1_DMA_wait,164860229,378,1509,0
GIF_DMA_wait,164860917,96,1509,0
Packet_qwords,164862620,0,1509,36
VIF1_submit,164862609,5091,1509,0
Dispatch,164839757,29076,1509,0
Static_bag,164826855,42092,1509,0
Bounds,164870264,4817,1509,0
Static_bag,164869767,5461,1509,0
Bounds,164875798,2181,1509,0
Static_bag,164875551,2514,1509,0
Bounds,164878756,2273,1509,0
Static_bag,164878443,2672,1509,0
Bounds,164881724,2437,1509,0
Static_bag,164881439,2853,1509,0
Bounds,164884948,2399,1509,0
Static_bag,164884654,2779,1509,0
Bounds,164888122,2214,1509,0
Static_bag,164887841,2581,1509,0
Bounds,164891038,2044,1509,0
Static_bag,164890751,2418,1509,0
Bounds,164893820,2094,1509,0
Static_bag,164893535,2465,1509,0
Bounds,164896604,2104,1509,0
Static_bag,164896325,2504,1509,0
Bounds,164899462,2064,1509,0
Static_bag,164899181,2431,1509,0
Bounds,164902372,1984,1509,0
Static_bag,164902001,2441,1509,0
Bounds,164905040,1864,1509,0
Static_bag,164904761,2271,1509,0
Bounds,164907656,1926,1509,0
Static_bag,164907371,2297,1509,0
Bounds,164910320,2064,1509,0
Static_bag,164910035,2435,1509,0
Bounds,164913100,2444,1509,0
Static_bag,164912823,2807,1509,0
Bounds,164916262,2843,1509,0
VIF1_DMA_wait,164937881,484,1509,0
GIF_DMA_wait,164938633,98,1509,0
Packet_qwords,164940952,0,1509,43
VIF1_submit,164940941,4858,1509,0
Dispatch,164926957,19912,1509,0
Static_bag,164915957,31050,1509,0
Bounds,164948408,5364,1509,0
VIF1_DMA_wait,164963562,223,1509,0
GIF_DMA_wait,164963939,43,1509,0
Packet_qwords,164966072,0,1509,50
VIF1_submit,164966061,4899,1509,0
Dispatch,164959251,12758,1509,0
Static_bag,164947875,24230,1509,0
Bounds,164973218,5358,1509,0
VIF1_DMA_wait,164988108,299,1509,0
GIF_DMA_wait,164988507,43,1509,0
Packet_qwords,164990684,0,1509,50
VIF1_submit,164990673,4965,1509,0
Dispatch,164983731,12880,1509,0
Static_bag,164972739,23966,1509,0
Bounds,164997892,16673,1509,0
VIF1_DMA_wait,165033791,388,1509,0
GIF_DMA_wait,165034479,90,1509,0
Packet_qwords,165036838,0,1509,50
VIF1_submit,165036827,5341,1509,0
Dispatch,165022095,21206,1509,0
Static_bag,164997363,46082,1509,0
Bounds,165045104,5482,1509,0
VIF1_DMA_wait,165081605,441,1509,0
GIF_DMA_wait,165082315,98,1509,0
Packet_qwords,165085856,0,1509,71
VIF1_submit,165085845,5088,1509,0
Dispatch,165057999,33986,1509,0
Static_bag,165044403,47678,1509,0
Bounds,165093556,5219,1509,0
Static_bag,165093015,5995,1509,0
Bounds,165099814,2337,1509,0
Static_bag,165099441,2828,1509,0
Bounds,165102886,2781,1509,0
Static_bag,165102593,3207,1509,0
Bounds,165106510,2921,1509,0
Static_bag,165106157,3441,1509,0
Bounds,165110246,2357,1509,0
Static_bag,165109935,2897,1509,0
Bounds,165113812,2361,1509,0
Static_bag,165113395,2911,1509,0
Bounds,165116986,2439,1509,0
Static_bag,165116695,2895,1509,0
Bounds,165120238,2365,1509,0
Static_bag,165119939,2796,1509,0
Bounds,165123412,2246,1509,0
Static_bag,165123133,2611,1509,0
Bounds,165126382,2349,1509,0
Static_bag,165126106,2795,1509,0
Bounds,165129562,2266,1509,0
Static_bag,165129221,2726,1509,0
Bounds,165132646,2832,1509,0
VIF1_DMA_wait,165177521,430,1509,0
GIF_DMA_wait,165178255,98,1509,0
Packet_qwords,165181046,0,1509,57
VIF1_submit,165181035,5041,1509,0
Dispatch,165142791,44326,1509,0
Static_bag,165132317,54924,1509,0
Bounds,165188732,5573,1509,0
Static_bag,165188067,6439,1509,0
Bounds,165195176,2324,1509,0
Static_bag,165194891,2786,1509,0
Bounds,165198572,2454,1509,0
Static_bag,165198199,2946,1509,0
Bounds,165201790,2867,1509,0
VIF1_DMA_wait,165236925,377,1509,0
GIF_DMA_wait,165237579,96,1509,0
Packet_qwords,165239774,0,1509,43
VIF1_submit,165239763,4934,1509,0
Dispatch,165212545,33286,1509,0
Static_bag,165201495,44433,1509,0
Procedural,163736401,1509946,1509,0
Bounds,165255340,5183,1509,0
VIF1_DMA_wait,165282657,319,1509,0
GIF_DMA_wait,165283125,43,1509,0
Packet_qwords,165289672,0,1509,141
VIF1_submit,165289661,5093,1509,0
VIF1_DMA_wait,165309687,54408,1509,0
GIF_DMA_wait,165364441,92,1509,0
Packet_qwords,165371354,0,1509,113
VIF1_submit,165371346,4882,1509,0
Dispatch,165267441,110073,1509,0
Static_bag,165254849,122784,1509,0
Bounds,165607765,5432,1509,0
VIF1_DMA_wait,165645845,447,1509,0
GIF_DMA_wait,165646597,43,1509,0
Packet_qwords,165653336,0,1509,145
VIF1_submit,165653325,5352,1509,0
VIF1_DMA_wait,165673845,66088,1509,0
GIF_DMA_wait,165740072,41,1509,0
Packet_qwords,165745624,0,1509,113
VIF1_submit,165745616,4232,1509,0
Dispatch,165619407,131691,1509,0
Static_bag,165607233,144014,1509,0
Bounds,165752700,5539,1509,0
VIF1_DMA_wait,165776628,53259,1509,0
GIF_DMA_wait,165830265,152,1509,0
Packet_qwords,165836486,0,1509,120
VIF1_submit,165836475,5178,1509,0
Dispatch,165764323,78616,1509,0
Static_bag,165751861,91174,1509,0
Bounds,165844443,5862,1509,0
VIF1_DMA_wait,165860017,36314,1509,0
GIF_DMA_wait,165896469,98,1509,0
Packet_qwords,165898372,0,1509,40
VIF1_submit,165898361,4813,1509,0
Dispatch,165855421,48738,1509,0
Static_bag,165843709,60544,1509,0
Object,165254463,650366,1509,2
Bounds,165907423,5082,1509,0
Static_bag,165906971,5712,1509,0
Object,165906639,6291,1509,4
Bounds,165922096,3132,1509,0
Static_bag,165921887,3478,1509,0
Object,165921612,4538,1509,8
Bounds,165928785,3150,1509,0
Static_bag,165928533,3537,1509,0
Object,165928405,3879,1509,9
Bounds,165934659,14582,1509,0
Static_bag,165934467,15071,1509,0
Object,165934300,15501,1509,10
Bounds,165953469,13364,1509,0
Static_bag,165953143,13908,1509,0
Object,165952863,14428,1509,11
Object,165968127,213,1509,12
Object,165968788,56,1509,13
Object,165969346,66,1509,14
Object,165969814,66,1509,15
Object,165970352,70,1509,16
Object,165970936,66,1509,17
Object,165971438,56,1509,18
Object,165971980,72,1509,19
Object,165972484,56,1509,20
Object,165972970,72,1509,21
Object,165973486,72,1509,22
Bounds,165974908,3476,1509,0
Static_bag,165974539,3981,1509,0
Object,165974314,4476,1509,27
Bounds,165979840,2684,1509,0
Static_bag,165979576,3084,1509,0
Object,165979436,3424,1509,30
Bounds,165984973,2834,1509,0
Static_bag,165984747,3197,1509,0
Object,165984610,3566,1509,32
Bounds,165990331,2701,1509,0
Static_bag,165990051,3115,1509,0
Object,165989830,3554,1509,34
Bounds,165996826,3357,1509,0
VIF1_DMA_wait,166034403,426,1509,0
GIF_DMA_wait,166035081,96,1509,0
Packet_qwords,166039480,0,1509,92
VIF1_submit,166039469,5110,1509,0
Dispatch,166008411,37280,1509,0
Static_bag,165996518,49287,1509,0
Bounds,166047176,5164,1509,0
VIF1_DMA_wait,166121933,466,1509,0
GIF_DMA_wait,166122651,96,1509,0
Packet_qwords,166129502,0,1509,141
VIF1_submit,166129491,5142,1509,0
VIF1_DMA_wait,166144193,128314,1509,0
GIF_DMA_wait,166272728,141,1509,0
Packet_qwords,166276232,0,1509,57
VIF1_submit,166276224,4750,1509,0
Dispatch,166059691,222272,1509,0
Static_bag,166046661,235412,1509,0
Bounds,166283372,5207,1509,0
VIF1_DMA_wait,166350229,320,1509,0
GIF_DMA_wait,166350861,96,1509,0
Packet_qwords,166357520,0,1509,141
VIF1_submit,166357509,5161,1509,0
VIF1_DMA_wait,166373954,60919,1509,0
GIF_DMA_wait,166435092,145,1509,0
Packet_qwords,166439365,0,1509,71
VIF1_submit,166439357,4822,1509,0
Dispatch,166296435,148648,1509,0
Static_bag,166282837,162372,1509,0
Bounds,166446686,5489,1509,0
VIF1_DMA_wait,166475195,10696,1509,0
GIF_DMA_wait,166486153,162,1509,0
Packet_qwords,166489088,0,1509,57
VIF1_submit,166489077,4999,1509,0
Dispatch,166460437,34698,1509,0
Static_bag,166446051,49185,1509,0
Bounds,166496500,5194,1509,0
VIF1_DMA_wait,166519481,354,1509,0
GIF_DMA_wait,166520103,43,1509,0
Packet_qwords,166521998,0,1509,43
VIF1_submit,166521987,4815,1509,0
Dispatch,166508791,19186,1509,0
Static_bag,166495981,32148,1509,0
Object,165996382,532325,1509,35
Bounds,166531299,5019,1509,0
VIF1_DMA_wait,166571147,435,1509,0
GIF_DMA_wait,166571893,43,1509,0
Packet_qwords,166573828,0,1509,34
VIF1_submit,166573817,5188,1509,0
Dispatch,166542223,37894,1509,0
Static_bag,166530861,49394,1509,0
Object,166530405,50340,1509,36
Bounds,166586114,4997,1509,0
VIF1_DMA_wait,166625147,394,1509,0
GIF_DMA_wait,166625763,96,1509,0
Packet_qwords,166630102,0,1509,92
VIF1_submit,166630091,5005,1509,0
Dispatch,166599211,36934,1509,0
Static_bag,166585561,50736,1509,0
Bounds,166637528,4980,1509,0
VIF1_DMA_wait,166699451,306,1509,0
GIF_DMA_wait,166700107,43,1509,0
Packet_qwords,166706732,0,1509,141
VIF1_submit,166706721,5101,1509,0
VIF1_DMA_wait,166733853,110364,1509,0
GIF_DMA_wait,166844450,99,1509,0
Packet_qwords,166847909,0,1509,57
VIF1_submit,166847901,5070,1509,0
Dispatch,166649995,203878,1509,0
Static_bag,166637043,216942,1509,0
Bounds,166855280,5047,1509,0
VIF1_DMA_wait,166938197,436,1509,0
GIF_DMA_wait,166938955,98,1509,0
Packet_qwords,166945706,0,1509,141
VIF1_submit,166945695,5010,1509,0
VIF1_DMA_wait,166962026,60239,1509,0
GIF_DMA_wait,167022410,41,1509,0
Packet_qwords,167026092,0,1509,71
VIF1_submit,167026084,14112,1509,0
Dispatch,166868451,173002,1509,0
Static_bag,166854751,186860,1509,0
Bounds,167043080,6005,1509,0
VIF1_DMA_wait,167072557,9846,1509,0
GIF_DMA_wait,167082663,148,1509,0
Packet_qwords,167085506,0,1509,57
VIF1_submit,167085495,5089,1509,0
Dispatch,167057453,34322,1509,0
Static_bag,167042391,49496,1509,0
Bounds,167093104,4916,1509,0
VIF1_DMA_wait,167115444,341,1509,0
GIF_DMA_wait,167116051,43,1509,0
Packet_qwords,167118040,0,1509,43
VIF1_submit,167118029,4771,1509,0
Dispatch,167105147,18794,1509,0
Static_bag,167092589,31476,1509,0
Object,166585227,539466,1509,37
Bounds,167130658,4938,1509,0
VIF1_DMA_wait,167167923,467,1509,0
GIF_DMA_wait,167168695,43,1509,0
Packet_qwords,167171054,0,1509,43
VIF1_submit,167171043,5148,1509,0
Dispatch,167142813,34552,1509,0
Static_bag,167130135,47330,1509,0
Bounds,167178992,15283,1509,0
VIF1_DMA_wait,167223645,444,1509,0
GIF_DMA_wait,167224375,98,1509,0
Packet_qwords,167227502,0,1509,64
VIF1_submit,167227491,5150,1509,0
Dispatch,167202277,31468,1509,0
Static_bag,167178271,55638,1509,0
Bounds,167235524,5605,1509,0
Static_bag,167234811,6427,1509,0
Bounds,167241958,2447,1509,0
Static_bag,167241714,2777,1509,0
Bounds,167245202,3154,1509,0
VIF1_DMA_wait,167265273,398,1509,0
GIF_DMA_wait,167265981,43,1509,0
Packet_qwords,167267798,0,1509,36
VIF1_submit,167267787,4819,1509,0
Dispatch,167255721,17872,1509,0
Static_bag,167244819,28868,1509,0
Object,167129787,144510,1509,39
Bounds,167279842,4828,1509,0
VIF1_DMA_wait,167299539,311,1509,0
GIF_DMA_wait,167300001,43,1509,0
Packet_qwords,167304280,0,1509,92
VIF1_submit,167304269,5075,1509,0
Dispatch,167290129,20298,1509,0
Static_bag,167279399,31172,1509,0
Bounds,167311934,5173,1509,0
VIF1_DMA_wait,167336307,14238,1509,0
GIF_DMA_wait,167350933,96,1509,0
Packet_qwords,167358050,0,1509,141
VIF1_submit,167358039,5106,1509,0
VIF1_DMA_wait,167373321,60298,1509,0
GIF_DMA_wait,167433714,43,1509,0
Packet_qwords,167436702,0,1509,57
VIF1_submit,167436694,4056,1509,0
Dispatch,167322423,119200,1509,0
Static_bag,167311261,130458,1509,0
Bounds,167443216,5423,1509,0
VIF1_DMA_wait,167468783,3466,1509,0
GIF_DMA_wait,167472343,100,1509,0
Packet_qwords,167478784,0,1509,141
VIF1_submit,167478773,5165,1509,0
VIF1_DMA_wait,167507837,44893,1509,0
GIF_DMA_wait,167553067,118,1509,0
Packet_qwords,167557705,0,1509,78
VIF1_submit,167557697,4834,1509,0
Dispatch,167454847,108712,1509,0
Static_bag,167442475,121180,1509,0
Bounds,167565212,6001,1509,0
VIF1_DMA_wait,167583638,23527,1509,0
GIF_DMA_wait,167607303,98,1509,0
Packet_qwords,167610010,0,1509,57
VIF1_submit,167609999,4877,1509,0
Dispatch,167577313,38622,1509,0
Static_bag,167564441,51782,1509,0
Bounds,167617318,5156,1509,0
VIF1_DMA_wait,167633082,257,1509,0
GIF_DMA_wait,167633527,43,1509,0
Packet_qwords,167636014,0,1509,57
VIF1_submit,167636003,4865,1509,0
Dispatch,167627749,14250,1509,0
Static_bag,167616827,25268,1509,0
Object,167279053,363626,1509,41
Bounds,167645139,5469,1509,0
VIF1_DMA_wait,167669875,385,1509,0
GIF_DMA_wait,167670579,43,1509,0
Packet_qwords,167672254,0,1509,34
VIF1_submit,167672243,5086,1509,0
Dispatch,167666297,12078,1509,0
Static_bag,167644715,33774,1509,0
Object,167644275,34710,1509,42
Bounds,167684618,4982,1509,0
VIF1_DMA_wait,167702365,303,1509,0
GIF_DMA_wait,167702807,43,1509,0
Packet_qwords,167706040,0,1509,71
VIF1_submit,167706029,4895,1509,0
Dispatch,167695185,16772,1509,0
Static_bag,167684101,27952,1509,0
Bounds,167713142,5248,1509,0
VIF1_DMA_wait,167737398,311,1509,0
GIF_DMA_wait,167737809,43,1509,0
Packet_qwords,167743954,0,1509,134
VIF1_submit,167743943,5117,1509,0
Dispatch,167724259,25806,1509,0
Static_bag,167712703,37474,1509,0
Bounds,167751320,5254,1509,0
VIF1_DMA_wait,167790575,28090,1509,0
GIF_DMA_wait,167818993,90,1509,0
Packet_qwords,167826046,0,1509,141
VIF1_submit,167826035,5152,1509,0
Dispatch,167774979,57465,1509,0
Static_bag,167750855,81702,1509,0
Bounds,167834108,5797,1509,0
VIF1_DMA_wait,167850817,49001,1509,0
GIF_DMA_wait,167899911,98,1509,0
Packet_qwords,167901956,0,1509,43
VIF1_submit,167901945,4909,1509,0
Dispatch,167846125,61672,1509,0
Static_bag,167833405,74496,1509,0
Bounds,167909182,5158,1509,0
VIF1_DMA_wait,167924244,193,1509,0
GIF_DMA_wait,167924539,43,1509,0
Packet_qwords,167927086,0,1509,57
VIF1_submit,167927075,4913,1509,0
Dispatch,167919019,13980,1509,0
Static_bag,167908615,24584,1509,0
Object,167683717,250022,1509,43
Bounds,167941539,4764,1509,0
Static_bag,167941091,5477,1509,0
Object,167940747,6117,1509,52
Bounds,167951998,2576,1509,0
Static_bag,167951699,2961,1509,0
Object,167951560,3278,1509,59
Bounds,167956322,2458,1509,0
Static_bag,167955978,2888,1509,0
Object,167955782,3232,1509,60
Bounds,167960260,2704,1509,0
VIF1_DMA_wait,167989383,407,1509,0
GIF_DMA_wait,167990163,43,1509,0
Packet_qwords,167994218,0,1509,85
VIF1_submit,167994207,5364,1509,0
Dispatch,167979935,20682,1509,0
Static_bag,167960053,40666,1509,0
Object,167959834,41437,1509,61
Bounds,168005380,5546,1509,0
VIF1_DMA_wait,168026699,4591,1509,0
GIF_DMA_wait,168031424,99,1509,0
Packet_qwords,168035336,0,1509,85
VIF1_submit,168035325,5073,1509,0
Dispatch,168017553,23852,1509,0
Static_bag,168004837,36694,1509,0
Object,168004471,37738,1509,62
Bounds,168045670,5055,1509,0
Static_bag,168045199,5653,1509,0
Object,168044889,6195,1509,63
Bounds,168052709,2385,1509,0
Static_bag,168052385,2828,1509,0
Object,168052232,3249,1509,64
Bounds,168057014,2723,1509,0
Static_bag,168056742,3115,1509,0
Object,168056416,3672,1509,65
Bounds,168061793,3201,1509,0
VIF1_DMA_wait,168080157,335,1509,0
GIF_DMA_wait,168080670,44,1509,0
Packet_qwords,168084646,0,1509,85
VIF1_submit,168084635,5057,1509,0
Dispatch,168071599,19098,1509,0
Static_bag,168061456,29385,1509,0
Object,168061130,30379,1509,66
Bounds,168095290,5231,1509,0
VIF1_DMA_wait,168116333,14062,1509,0
GIF_DMA_wait,168130723,142,1509,0
Packet_qwords,168134950,0,1509,85
VIF1_submit,168134939,5268,1509,0
Dispatch,168107067,34348,1509,0
Static_bag,168094753,46762,1509,0
Object,168094443,47642,1509,67
Bounds,168145778,4853,1509,0
Static_bag,168145243,5563,1509,0
Object,168144891,6257,1509,68
Bounds,168152944,2182,1509,0
Static_bag,168152613,2599,1509,0
Object,168152524,2924,1509,69
Bounds,168157730,2935,1509,0
VIF1_DMA_wait,168176343,347,1509,0
GIF_DMA_wait,168176876,44,1509,0
Packet_qwords,168180602,0,1509,78
VIF1_submit,168180591,4971,1509,0
Dispatch,168167725,18864,1509,0
Static_bag,168157350,29333,1509,0
Bounds,168188012,5224,1509,0
VIF1_DMA_wait,168204420,9237,1509,0
GIF_DMA_wait,168213797,98,1509,0
Packet_qwords,168216350,0,1509,57
VIF1_submit,168216339,4945,1509,0
Dispatch,168198637,23700,1509,0
Static_bag,168187411,35068,1509,0
Object,168157014,66033,1509,70
Bounds,168226780,5180,1509,0
VIF1_DMA_wait,168245719,313,1509,0
GIF_DMA_wait,168246168,44,1509,0
Packet_qwords,168249812,0,1509,78
VIF1_submit,168249801,5005,1509,0
Dispatch,168237757,18046,1509,0
Static_bag,168226254,29645,1509,0
Bounds,168257486,4948,1509,0
VIF1_DMA_wait,168273660,13307,1509,0
GIF_DMA_wait,168287229,148,1509,0
Packet_qwords,168290084,0,1509,57
VIF1_submit,168290073,5246,1509,0
Dispatch,168268015,28428,1509,0
Static_bag,168256795,39796,1509,0
Object,168225939,71252,1509,71
Bounds,168301132,4967,1509,0
Static_bag,168300523,5795,1509,0
Bounds,168306988,2104,1509,0
Static_bag,168306595,2583,1509,0
Object,168300135,9151,1509,72
Bounds,168310940,2857,1509,0
VIF1_DMA_wait,168328245,317,1509,0
GIF_DMA_wait,168328748,44,1509,0
Packet_qwords,168332398,0,1509,78
VIF1_submit,168332387,5027,1509,0
Dispatch,168319801,18628,1509,0
Static_bag,168310529,28034,1509,0
Bounds,168339826,5152,1509,0
VIF1_DMA_wait,168356340,14193,1509,0
GIF_DMA_wait,168370819,100,1509,0
Packet_qwords,168373802,0,1509,57
VIF1_submit,168373791,5162,1509,0
Dispatch,168350821,29320,1509,0
Static_bag,168339253,41038,1509,0
Object,168310389,70478,1509,73
Bounds,168387734,5021,1509,0
VIF1_DMA_wait,168446363,436,1509,0
GIF_DMA_wait,168447109,98,1509,0
Packet_qwords,168449770,0,1509,50
VIF1_submit,168449759,5014,1509,0
Dispatch,168400351,55696,1509,0
Static_bag,168387289,68848,1509,0
Bounds,168457892,5681,1509,0
VIF1_DMA_wait,168488339,348,1509,0
GIF_DMA_wait,168488955,43,1509,0
Packet_qwords,168491852,0,1509,64
VIF1_submit,168491841,5023,1509,0
Dispatch,168471073,26938,1509,0
Static_bag,168457317,40814,1509,0
Bounds,168499456,5268,1509,0
VIF1_DMA_wait,168528263,282,1509,0
GIF_DMA_wait,168528813,43,1509,0
Packet_qwords,168530680,0,1509,36
VIF1_submit,168530669,4987,1509,0
Dispatch,168512709,24020,1509,0
Static_bag,168498881,37986,1509,0
Object,168386941,150496,1509,75
Bounds,168542330,5160,1509,0
VIF1_DMA_wait,168558709,337,1509,0
GIF_DMA_wait,168559098,44,1509,0
Packet_qwords,168561038,0,1509,43
VIF1_submit,168561027,4843,1509,0
Dispatch,168553683,13270,1509,0
Static_bag,168541847,25202,1509,0
Bounds,168568592,4842,1509,0
VIF1_DMA_wait,168584532,275,1509,0
GIF_DMA_wait,168584907,43,1509,0
Packet_qwords,168587810,0,1509,64
VIF1_submit,168587799,16004,1509,0
Dispatch,168578661,26624,1509,0
Static_bag,168567809,37566,1509,0
Bounds,168606986,6377,1509,0
VIF1_DMA_wait,168623337,277,1509,0
GIF_DMA_wait,168623713,43,1509,0
Packet_qwords,168625382,0,1509,36
VIF1_submit,168625371,5287,1509,0
Dispatch,168619675,12016,1509,0
Static_bag,168606217,25620,1509,0
Object,168541473,90818,1509,76
Bounds,168637126,4750,1509,0
VIF1_DMA_wait,168651465,311,1509,0
GIF_DMA_wait,168651962,44,1509,0
Packet_qwords,168654044,0,1509,43
VIF1_submit,168654033,4903,1509,0
Dispatch,168647439,12584,1509,0
Static_bag,168636685,23470,1509,0
Bounds,168661450,4984,1509,0
VIF1_DMA_wait,168677212,201,1509,0
GIF_DMA_wait,168677515,43,1509,0
Packet_qwords,168680324,0,1509,64
VIF1_submit,168680313,4897,1509,0
Dispatch,168671295,14930,1509,0
Static_bag,168660889,25448,1509,0
Bounds,168687658,5254,1509,0
VIF1_DMA_wait,168701432,691,1509,0
GIF_DMA_wait,168702223,100,1509,0
Packet_qwords,168703948,0,1509,36
VIF1_submit,168703937,4825,1509,0
Dispatch,168698607,11198,1509,0
Static_bag,168687127,22792,1509,0
Object,168636379,74032,1509,77
Bounds,168715186,4696,1509,0
VIF1_DMA_wait,168729109,295,1509,0
GIF_DMA_wait,168729551,43,1509,0
Packet_qwords,168731600,0,1509,43
VIF1_submit,168731589,4809,1509,0
Dispatch,168725205,12230,1509,0
Static_bag,168714725,22806,1509,0
Bounds,168738814,4982,1509,0
VIF1_DMA_wait,168766567,388,1509,0
GIF_DMA_wait,168767205,43,1509,0
Packet_qwords,168770246,0,1509,64
VIF1_submit,168770235,5300,1509,0
Dispatch,168759849,16684,1509,0
Static_bag,168738275,38354,1509,0
Bounds,168778142,5874,1509,0
VIF1_DMA_wait,168792699,241,1509,0
GIF_DMA_wait,168793039,43,1509,0
Packet_qwords,168794584,0,1509,36
VIF1_submit,168794573,4867,1509,0
Dispatch,168789771,10662,1509,0
Static_bag,168777415,23160,1509,0
Object,168714405,86700,1509,78
Bounds,168805924,4726,1509,0
VIF1_DMA_wait,168820179,311,1509,0
GIF_DMA_wait,168820692,44,1509,0
Packet_qwords,168822704,0,1509,43
VIF1_submit,168822693,4921,1509,0
Dispatch,168816177,12436,1509,0
Static_bag,168805477,23334,1509,0
Bounds,168830216,4986,1509,0
VIF1_DMA_wait,168846306,193,1509,0
GIF_DMA_wait,168846650,44,1509,0
Packet_qwords,168849514,0,1509,64
VIF1_submit,168849503,4885,1509,0
Dispatch,168840009,15472,1509,0
Static_bag,168829529,26052,1509,0
Bounds,168857026,5214,1509,0
VIF1_DMA_wait,168870570,807,1509,0
GIF_DMA_wait,168871477,100,1509,0
Packet_qwords,168873202,0,1509,36
VIF1_submit,168873191,4895,1509,0
Dispatch,168867879,11234,1509,0
Static_bag,168856337,22890,1509,0
Object,168805167,74606,1509,79
Bounds,168884824,4697,1509,0
VIF1_DMA_wait,168898905,293,1509,0
GIF_DMA_wait,168899342,44,1509,0
Packet_qwords,168912550,0,1509,43
VIF1_submit,168912539,5322,1509,0
Dispatch,168894957,24092,1509,0
Static_bag,168884215,34930,1509,0
Bounds,168920912,5365,1509,0
VIF1_DMA_wait,168938425,367,1509,0
GIF_DMA_wait,168938939,43,1509,0
Packet_qwords,168941884,0,1509,64
VIF1_submit,168941873,5021,1509,0
Dispatch,168931885,16132,1509,0
Static_bag,168920011,28120,1509,0
Bounds,168949438,5474,1509,0
VIF1_DMA_wait,168974891,272,1509,0
GIF_DMA_wait,168975435,43,1509,0
Packet_qwords,168977176,0,1509,36
VIF1_submit,168977165,5182,1509,0
Dispatch,168960375,23187,1509,0
Static_bag,168948821,34854,1509,0
Object,168883905,100260,1509,80
Bounds,169000774,4689,1509,0
Static_bag,169000243,5475,1509,0
Bounds,169006256,2247,1509,0
Static_bag,169006025,2619,1509,0
Object,168999880,8874,1509,99
Bounds,169010240,2410,1509,0
Static_bag,169009979,2757,1509,0
Bounds,169013200,2066,1509,0
Static_bag,169012965,2387,1509,0
Object,169009855,5745,1509,100
Bounds,169017368,2610,1509,0
Static_bag,169017063,3101,1509,0
Bounds,169020526,2092,1509,0
Static_bag,169020297,2495,1509,0
Object,169016887,6141,1509,101
Bounds,169024666,2313,1509,0
Static_bag,169024371,2743,1509,0
Bounds,169027528,2002,1509,0
Static_bag,169027285,2331,1509,0
Object,169024232,5618,1509,102
Bounds,169031362,2654,1509,0
Static_bag,169031085,3097,1509,0
Bounds,169034578,2668,1509,0
Static_bag,169034348,3024,1509,0
Object,169030959,6607,1509,103
Bounds,169039228,2530,1509,0
Static_bag,169038959,2972,1509,0
Bounds,169042354,2378,1509,0
Static_bag,169042071,2747,1509,0
Object,169038836,6216,1509,104
Bounds,169049798,3413,1509,0
VIF1_DMA_wait,169077363,407,1509,0
GIF_DMA_wait,169078074,44,1509,0
Packet_qwords,169081250,0,1509,64
VIF1_submit,169081239,5120,1509,0
Dispatch,169070153,17240,1509,0
Static_bag,169049494,38001,1509,0
Bounds,169089160,5966,1509,0
VIF1_DMA_wait,169104942,193,1509,0
GIF_DMA_wait,169105237,43,1509,0
Packet_qwords,169107092,0,1509,43
VIF1_submit,169107081,4837,1509,0
Dispatch,169101111,11806,1509,0
Static_bag,169088311,24750,1509,0
Object,169049336,64237,1509,108
Bounds,169117486,4888,1509,0
VIF1_DMA_wait,169134379,331,1509,0
GIF_DMA_wait,169134811,43,1509,0
Packet_qwords,169137836,0,1509,64
VIF1_submit,169137825,4909,1509,0
Dispatch,169127715,15968,1509,0
Static_bag,169116961,26878,1509,0
Bounds,169145486,5740,1509,0
VIF1_DMA_wait,169160836,207,1509,0
GIF_DMA_wait,169161145,53,1509,0
Packet_qwords,169163018,0,1509,43
VIF1_submit,169163007,4873,1509,0
Dispatch,169157097,11804,1509,0
Static_bag,169144577,24498,1509,0
Object,169116655,52994,1509,109
Bounds,169173646,4601,1509,0
Static_bag,169173133,5336,1509,0
Bounds,169178954,2470,1509,0
Static_bag,169178697,2846,1509,0
Object,169172827,8873,1509,110
Bounds,169183016,2423,1509,0
Static_bag,169182771,2754,1509,0
Object,169182630,3088,1509,111
Bounds,169187078,2397,1509,0
Static_bag,169186731,2864,1509,0
Object,169186645,3185,1509,112
Bounds,169191190,2391,1509,0
Static_bag,169190949,2754,1509,0
Object,169190814,3076,1509,113
Bounds,169194844,2549,1509,0
Static_bag,169194610,2947,1509,0
Object,169194436,3332,1509,114
Object,169198308,174,1509,115
Object,169198984,68,1509,116
Object,169199518,116,1509,117
Object,169200118,72,1509,118
Object,169200626,100,1509,119
Object,169201232,56,1509,120
Bounds,169205194,4152,1509,0
VIF1_DMA_wait,169277043,444,1509,0
GIF_DMA_wait,169277785,128,1509,0
Packet_qwords,169284368,0,1509,134
VIF1_submit,169284357,5142,1509,0
Dispatch,169229499,61124,1509,0
Static_bag,169204895,85830,1509,0
Bounds,169410625,5420,1509,0
VIF1_DMA_wait,169467741,498,1509,0
GIF_DMA_wait,169468543,98,1509,0
Packet_qwords,169475144,0,1509,138
VIF1_submit,169475133,5336,1509,0
Dispatch,169424023,57574,1509,0
Static_bag,169410071,71686,1509,0
Object,169204752,277487,1509,121
Bounds,169489035,5758,1509,0
Static_bag,169488335,6759,1509,0
Bounds,169504041,4101,1509,0
Static_bag,169503774,4494,1509,0
Bounds,169508716,3166,1509,0
VIF1_DMA_wait,169613091,474,1509,0
GIF_DMA_wait,169613925,102,1509,0
Packet_qwords,169620788,0,1509,141
VIF1_submit,169620777,4974,1509,0
VIF1_DMA_wait,169633197,61806,1509,0
GIF_DMA_wait,169695228,145,1509,0
Packet_qwords,169697750,0,1509,36
VIF1_submit,169697742,4624,1509,0
Dispatch,169520913,182380,1509,0
Static_bag,169508475,194924,1509,0
Bounds,169950349,5318,1509,0
VIF1_DMA_wait,170045271,474,1509,0
GIF_DMA_wait,170046081,96,1509,0
Packet_qwords,170052926,0,1509,145
VIF1_submit,170052915,5016,1509,0
VIF1_DMA_wait,170065851,73684,1509,0
GIF_DMA_wait,170139702,41,1509,0
Packet_qwords,170141742,0,1509,36
VIF1_submit,170141734,3876,1509,0
Dispatch,169963913,193971,1509,0
Static_bag,169949841,208306,1509,0
Object,169487955,670434,1509,122
Bounds,170172324,6007,1509,0
VIF1_DMA_wait,170196093,390,1509,0
GIF_DMA_wait,170196705,102,1509,0
Packet_qwords,170200828,0,1509,85
VIF1_submit,170200817,5214,1509,0
Dispatch,170185457,21600,1509,0
Static_bag,170171679,35571,1509,0
Object,170171269,36580,1509,134
Object,170209731,405,1509,135
Object,170210618,56,1509,136
Object,170211088,66,1509,137
Object,170211538,90,1509,138
Object,170212090,86,1509,139
Object,170212651,53,1509,140
Object,170213176,72,1509,141
Object,170213806,72,1509,142
Objects,165246473,4969486,1509,0
Bounds,170526380,155475,1509,0
VIF1_DMA_wait,170703147,305,1509,0
GIF_DMA_wait,170703789,47,1509,0
Packet_qwords,170710304,0,1509,141
VIF1_submit,170710293,5148,1509,0
VIF1_DMA_wait,170730051,54408,1509,0
GIF_DMA_wait,170784722,44,1509,0
Packet_qwords,170791466,0,1509,113
VIF1_submit,170791458,4912,1509,0
VIF1_DMA_wait,170812269,52426,1509,0
GIF_DMA_wait,170864834,41,1509,0
Packet_qwords,170870392,0,1509,113
VIF1_submit,170870384,4520,1509,0
VIF1_DMA_wait,170881363,62090,1509,0
GIF_DMA_wait,170943674,98,1509,0
Packet_qwords,170946548,0,1509,36
VIF1_submit,170946540,4402,1509,0
Dispatch,170688741,263278,1509,0
Static_bag,170525843,426316,1509,0
Bounds,170991348,17431,1509,0
VIF1_DMA_wait,171029919,498,1509,0
GIF_DMA_wait,171030757,96,1509,0
Packet_qwords,171033190,0,1509,50
VIF1_submit,171033179,5464,1509,0
Dispatch,171016731,23158,1509,0
Static_bag,170990795,49188,1509,0
Bounds,171194018,75907,1509,0
VIF1_DMA_wait,171310277,472,1509,0
GIF_DMA_wait,171311121,102,1509,0
Packet_qwords,171314974,0,1509,78
VIF1_submit,171314963,5044,1509,0
Dispatch,171278355,43012,1509,0
Static_bag,171193475,128004,1509,0
Wheels,170216037,1105992,1509,0
Animation,171322180,249,1509,0
Shadow_decals,171322589,160,1509,0
Mirrors,171322831,1,1509,0
Portal_surfaces,171322923,1,1509,0
Light_pools,171322956,3375,1509,0
GS_FINISH_wait,171384177,8091,1509,0
Align3D,171379301,13254,1509,0
Bounds,171404630,6257,1509,0
VIF1_DMA_wait,171434793,444,1509,0
GIF_DMA_wait,171435421,98,1509,0
Packet_qwords,171442138,0,1509,141
VIF1_submit,171442127,5434,1509,0
VIF1_DMA_wait,171464798,51467,1509,0
GIF_DMA_wait,171516414,41,1509,0
Packet_qwords,171521968,0,1509,113
VIF1_submit,171521960,4478,1509,0
Dispatch,171418449,109127,1509,0
Static_bag,171404111,123594,1509,0
Bounds,171529046,5164,1509,0
VIF1_DMA_wait,171566955,27456,1509,0
GIF_DMA_wait,171594745,100,1509,0
Packet_qwords,171600242,0,1509,120
VIF1_submit,171600231,5449,1509,0
Dispatch,171554571,52162,1509,0
Static_bag,171528484,78367,1509,0
Bounds,171608289,5669,1509,0
VIF1_DMA_wait,171621752,37978,1509,0
GIF_DMA_wait,171659875,100,1509,0
Packet_qwords,171661798,0,1509,40
VIF1_submit,171661787,4828,1509,0
Dispatch,171618235,49402,1509,0
Static_bag,171607657,60102,1509,0
GS_FINISH_wait,171724863,532,1509,0
Align3D,171720299,5374,1509,0
Bounds,171737122,5925,1509,0
VIF1_DMA_wait,171765129,444,1509,0
GIF_DMA_wait,171765757,122,1509,0
Packet_qwords,171772432,0,1509,141
VIF1_submit,171772421,5110,1509,0
Dispatch,171750495,28361,1509,0
Static_bag,171736605,42362,1509,0
GS_FINISH_wait,171861045,606,1509,0
Align3D,171786599,75292,1509,0
Bounds,171920399,10822,1509,0
GS_FINISH_wait,171938763,505,1509,0
Align3D,171932924,6541,1509,0
VIF1_DMA_wait,171952161,300,1509,0
GIF_DMA_wait,171952659,102,1509,0
Packet_qwords,171954886,0,1509,42
VIF1_submit,171954875,4342,1509,0
GS_FINISH_wait,171964977,18573,1509,0
Align3D,171960438,23399,1509,0
Dispatch,171947405,39595,1509,0
Static_bag,171919871,67224,1509,0
Bounds,172050443,10186,1509,0
GS_FINISH_wait,172069821,479,1509,0
Align3D,172063962,6496,1509,0
VIF1_DMA_wait,172102267,408,1509,0
GIF_DMA_wait,172103019,102,1509,0
Packet_qwords,172105274,0,1509,42
VIF1_submit,172105263,4704,1509,0
GS_FINISH_wait,172115889,13198,1509,0
Align3D,172111236,18001,1509,0
Dispatch,172078005,54041,1509,0
Static_bag,172049909,82238,1509,0
Projected_shadows,171326407,806434,1509,0
Bounds,172138337,7762,1509,0
Static_bag,172137993,8255,1509,0
Bounds,172149920,4783,1509,0
Static_bag,172149677,5113,1509,0
Bounds,172157824,17779,1509,0
VIF1_DMA_wait,172192357,398,1509,0
GIF_DMA_wait,172193023,98,1509,0
Packet_qwords,172194940,0,1509,36
VIF1_submit,172194929,5489,1509,0
Dispatch,172184439,17114,1509,0
Static_bag,172157492,44151,1509,0
Blob_shadows,172132959,69040,1509,0
Light_beams,172202129,3006,1509,0
Highlights_and_outlines,172205209,1,1509,0
Bounds,172223366,7999,1509,0
VIF1_DMA_wait,172245498,399,1509,0
GIF_DMA_wait,172246195,102,1509,0
Packet_qwords,172247890,0,1509,34
VIF1_submit,172247879,5506,1509,0
Dispatch,172238839,15604,1509,0
Static_bag,172222871,31674,1509,0
Particles,172205341,49406,1509,0
Scene,160310129,11944796,1509,0
GS_FINISH_wait,172263645,532,1509,0
Align3D,172259646,4681,1509,0
GS_FINISH_wait,172441575,562,1509,0
Align3D,172436424,5949,1509,0
PostFx,172435973,134868,1509,0
Present,172576816,4359855,1509,0
EndFrame,172281911,4655001,1509,0
Game,159261505,17684704,1509,0
Info,176946403,338,1509,0
Frame,159253254,17694071,1509,0
Pad,176948000,8013,1510,0
Update,176956467,4962822,1510,0
Portal,182119294,114,1510,0
Bounds,182120676,6091,1510,0
VIF1_DMA_wait,182181873,486,1510,0
GIF_DMA_wait,182182711,102,1510,0
Packet_qwords,182187022,0,1510,88
VIF1_submit,182187011,5308,1510,0
Dispatch,182145429,48118,1510,0
Static_bag,182120109,73598,1510,0
Bounds,182196466,8209,1510,0
Static_bag,182195949,8921,1510,0
Sky,182119700,85821,1510,0
Bounds,182209474,3716,1510,0
VIF1_DMA_wait,182310879,480,1510,0
GIF_DMA_wait,182311671,96,1510,0
Packet_qwords,182318560,0,1510,141
VIF1_submit,182318549,5206,1510,0
VIF1_DMA_wait,182331137,125338,1510,0
GIF_DMA_wait,182456822,99,1510,0
Packet_qwords,182459752,0,1510,36
VIF1_submit,182459744,4346,1510,0
Dispatch,182221323,243818,1510,0
Static_bag,182209111,256242,1510,0
Bounds,182467526,5999,1510,0
Static_bag,182466771,6955,1510,0
Bounds,182474416,3605,1510,0
VIF1_DMA_wait,182505477,398,1510,0
GIF_DMA_wait,182506041,43,1510,0
Packet_qwords,182508766,0,1510,57
VIF1_submit,182508755,4972,1510,0
Dispatch,182485461,29374,1510,0
Static_bag,182474200,40808,1510,0
Bounds,182516409,5343,1510,0
VIF1_DMA_wait,182547578,399,1510,0
GIF_DMA_wait,182548263,43,1510,0
Packet_qwords,182551160,0,1510,57
VIF1_submit,182551149,15980,1510,0
Dispatch,182528745,40132,1510,0
Static_bag,182516073,52976,1510,0
Bounds,182571064,5475,1510,0
Static_bag,182570481,6163,1510,0
Bounds,182577382,2993,1510,0
Static_bag,182577082,3445,1510,0
Bounds,182581100,3143,1510,0
VIF1_DMA_wait,182603905,273,1510,0
GIF_DMA_wait,182604367,43,1510,0
Packet_qwords,182611102,0,1510,141
VIF1_submit,182611091,5260,1510,0
VIF1_DMA_wait,182623998,60931,1510,0
GIF_DMA_wait,182685068,43,1510,0
Packet_qwords,182687580,0,1510,43
VIF1_submit,182687572,3882,1510,0
Dispatch,182589571,102840,1510,0
Static_bag,182580869,111638,1510,0
Bounds,182693969,4939,1510,0
VIF1_DMA_wait,182782161,474,1510,0
GIF_DMA_wait,182782933,98,1510,0
Packet_qwords,182789782,0,1510,141
VIF1_submit,182789771,4972,1510,0
VIF1_DMA_wait,182801804,61685,1510,0
GIF_DMA_wait,182863628,41,1510,0
Packet_qwords,182865760,0,1510,36
VIF1_submit,182865752,13502,1510,0
Dispatch,182705425,175266,1510,0
Static_bag,182693501,187286,1510,0
Bounds,182882812,6171,1510,0
VIF1_DMA_wait,182948771,360,1510,0
GIF_DMA_wait,182949433,43,1510,0
Packet_qwords,182956082,0,1510,141
VIF1_submit,182956071,5184,1510,0
VIF1_DMA_wait,182968974,64995,1510,0
GIF_DMA_wait,183034176,151,1510,0
Packet_qwords,183037508,0,1510,43
VIF1_submit,183037500,4600,1510,0
Dispatch,182896833,146380,1510,0
Static_bag,182881971,161368,1510,0
Bounds,183045406,5555,1510,0
Static_bag,183044597,6531,1510,0
Bounds,183051800,2944,1510,0
Static_bag,183051498,3512,1510,0
Bounds,183055570,2459,1510,0
Static_bag,183055340,2837,1510,0
Bounds,183059344,2295,1510,0
Static_bag,183059032,2793,1510,0
Bounds,183062428,2346,1510,0
Static_bag,183062248,2612,1510,0
Bounds,183065522,2241,1510,0
Static_bag,183065266,2584,1510,0
Bounds,183068410,2342,1510,0
Static_bag,183068232,2691,1510,0
Bounds,183071488,2903,1510,0
VIF1_DMA_wait,183093759,266,1510,0
GIF_DMA_wait,183094203,43,1510,0
Packet_qwords,183100702,0,1510,141
VIF1_submit,183100691,4990,1510,0
VIF1_DMA_wait,183113151,61354,1510,0
GIF_DMA_wait,183174600,41,1510,0
Packet_qwords,183177088,0,1510,43
VIF1_submit,183177080,14415,1510,0
Dispatch,183079501,113356,1510,0
Static_bag,183071308,121645,1510,0
Bounds,183195122,5731,1510,0
Static_bag,183194405,6585,1510,0
Bounds,183201562,3303,1510,0
Static_bag,183201353,3654,1510,0
Bounds,183205606,3029,1510,0
VIF1_DMA_wait,183248855,393,1510,0
GIF_DMA_wait,183249507,43,1510,0
Packet_qwords,183256258,0,1510,141
VIF1_submit,183256247,5206,1510,0
VIF1_DMA_wait,183269127,60790,1510,0
GIF_DMA_wait,183330086,41,1510,0
Packet_qwords,183332602,0,1510,43
VIF1_submit,183332594,17693,1510,0
Dispatch,183215605,136284,1510,0
Static_bag,183205426,146557,1510,0
Bounds,183354034,5997,1510,0
VIF1_DMA_wait,183399577,370,1510,0
GIF_DMA_wait,183400231,43,1510,0
Packet_qwords,183406856,0,1510,141
VIF1_submit,183406845,5340,1510,0
VIF1_DMA_wait,183420071,61130,1510,0
GIF_DMA_wait,183481340,41,1510,0
Packet_qwords,183483814,0,1510,43
VIF1_submit,183483806,4052,1510,0
Dispatch,183367635,121168,1510,0
Static_bag,183353363,135566,1510,0
Bounds,183490635,17958,1510,0
Static_bag,183490191,18869,1510,0
Bounds,183510128,1984,1510,0
Static_bag,183509731,2507,1510,0
Bounds,183512818,2829,1510,0
VIF1_DMA_wait,183575895,474,1510,0
GIF_DMA_wait,183576699,96,1510,0
Packet_qwords,183583346,0,1510,134
VIF1_submit,183583335,4914,1510,0
Dispatch,183522811,66568,1510,0
Static_bag,183512640,76897,1510,0
Bounds,183590905,5717,1510,0
VIF1_DMA_wait,183668969,490,1510,0
GIF_DMA_wait,183669811,98,1510,0
Packet_qwords,183675920,0,1510,127
VIF1_submit,183675909,10128,1510,0
Dispatch,183603685,83692,1510,0
Static_bag,183590487,97000,1510,0
Terrain,182205675,1482608,1510,0
Bounds,183690549,5754,1510,0
VIF1_DMA_wait,183714643,30839,1510,0
GIF_DMA_wait,183745687,100,1510,0
Packet_qwords,183747392,0,1510,34
VIF1_submit,183747381,5125,1510,0
Dispatch,183703467,50014,1510,0
Static_bag,183690051,63556,1510,0
Bounds,183755133,4438,1510,0
Static_bag,183754697,4979,1510,0
Bounds,183760513,2742,1510,0
VIF1_DMA_wait,183786343,316,1510,0
GIF_DMA_wait,183786927,43,1510,0
Packet_qwords,183788854,0,1510,40
VIF1_submit,183788843,5069,1510,0
Dispatch,183769263,25864,1510,0
Static_bag,183760265,34968,1510,0
Bounds,183796858,5176,1510,0
VIF1_DMA_wait,183823527,366,1510,0
GIF_DMA_wait,183824241,96,1510,0
Packet_qwords,183825998,0,1510,36
VIF1_submit,183825987,5346,1510,0
Dispatch,183819503,13020,1510,0
Static_bag,183796445,36180,1510,0
Bounds,183834332,5370,1510,0
VIF1_DMA_wait,183859707,390,1510,0
GIF_DMA_wait,183860348,97,1510,0
Packet_qwords,183863206,0,1510,57
VIF1_submit,183863195,5093,1510,0
Dispatch,183846249,23396,1510,0
Static_bag,183833809,35989,1510,0
Bounds,183871534,5146,1510,0
VIF1_DMA_wait,183901565,300,1510,0
GIF_DMA_wait,183902197,43,1510,0
Packet_qwords,183904094,0,1510,43
VIF1_submit,183904083,5107,1510,0
Dispatch,183883503,26986,1510,0
Static_bag,183870933,39728,1510,0
Bounds,183912147,4883,1510,0
VIF1_DMA_wait,183952779,438,1510,0
GIF_DMA_wait,183953527,98,1510,0
Packet_qwords,183955724,0,1510,40
VIF1_submit,183955713,5028,1510,0
Dispatch,183923019,48146,1510,0
Static_bag,183911759,59628,1510,0
Bounds,183972921,5260,1510,0
Static_bag,183972405,5975,1510,0
Static_batches,183688321,290420,1510,0
Bounds,183979687,2344,1510,0
Static_bag,183979342,2775,1510,0
Bounds,183982768,2236,1510,0
Static_bag,183982487,2652,1510,0
Bounds,183985810,2194,1510,0
Static_bag,183985506,2633,1510,0
Bounds,183988802,2090,1510,0
Static_bag,183988475,2503,1510,0
Bounds,183991652,2016,1510,0
Static_bag,183991329,2425,1510,0
Bounds,183994406,2328,1510,0
Static_bag,183994073,2841,1510,0
Bounds,183997592,2460,1510,0
Static_bag,183997233,2951,1510,0
Bounds,184000838,2104,1510,0
Static_bag,184000509,2519,1510,0
Bounds,184003676,2370,1510,0
Static_bag,184003353,2781,1510,0
Bounds,184006756,2170,1510,0
Static_bag,184006493,2519,1510,0
Bounds,184009646,2280,1510,0
Static_bag,184009311,2807,1510,0
Bounds,184012772,2178,1510,0
Static_bag,184012439,2597,1510,0
Bounds,184015762,2125,1510,0
Static_bag,184015401,2572,1510,0
Bounds,184018658,2164,1510,0
Static_bag,184018319,2640,1510,0
Bounds,184021594,2384,1510,0
Static_bag,184021289,2819,1510,0
Bounds,184024780,2326,1510,0
Static_bag,184024475,2831,1510,0
Bounds,184028074,2625,1510,0
Static_bag,184027631,3303,1510,0
Bounds,184031608,2517,1510,0
Static_bag,184031247,3043,1510,0
Bounds,184034860,2457,1510,0
Static_bag,184034601,2888,1510,0
Bounds,184038134,2231,1510,0
Static_bag,184037831,2654,1510,0
Bounds,184041188,2219,1510,0
Static_bag,184040929,2564,1510,0
Bounds,184044130,2258,1510,0
Static_bag,184043811,2777,1510,0
Bounds,184047160,2751,1510,0
Static_bag,184046865,3132,1510,0
Bounds,184050592,2415,1510,0
Static_bag,184050315,2778,1510,0
Bounds,184053748,2461,1510,0
Static_bag,184053479,2816,1510,0
Bounds,184056968,2535,1510,0
Static_bag,184056642,2986,1510,0
Bounds,184060238,2535,1510,0
Static_bag,184059939,3017,1510,0
Bounds,184063576,2873,1510,0
VIF1_DMA_wait,184103927,466,1510,0
GIF_DMA_wait,184104795,96,1510,0
Packet_qwords,184107908,0,1510,64
VIF1_submit,184107897,4969,1510,0
Dispatch,184074517,39542,1510,0
Static_bag,184063277,50898,1510,0
Bounds,184115482,17723,1510,0
VIF1_DMA_wait,184194813,402,1510,0
GIF_DMA_wait,184195551,96,1510,0
Packet_qwords,184202282,0,1510,141
VIF1_submit,184202271,5292,1510,0
VIF1_DMA_wait,184217217,66264,1510,0
GIF_DMA_wait,184283706,145,1510,0
Packet_qwords,184287230,0,1510,57
VIF1_submit,184287222,4894,1510,0
Dispatch,184141481,151668,1510,0
Static_bag,184114985,178262,1510,0
Bounds,184294852,6209,1510,0
VIF1_DMA_wait,184323195,353,1510,0
GIF_DMA_wait,184323769,98,1510,0
Packet_qwords,184330192,0,1510,141
VIF1_submit,184330181,5285,1510,0
VIF1_DMA_wait,184344527,59774,1510,0
GIF_DMA_wait,184404440,41,1510,0
Packet_qwords,184407490,0,1510,57
VIF1_submit,184407482,4058,1510,0
Dispatch,184308139,104310,1510,0
Static_bag,184294185,118382,1510,0
Bounds,184413764,5330,1510,0
VIF1_DMA_wait,184452551,390,1510,0
GIF_DMA_wait,184453232,44,1510,0
Packet_qwords,184459936,0,1510,141
VIF1_submit,184459925,5278,1510,0
VIF1_DMA_wait,184474489,59634,1510,0
GIF_DMA_wait,184534218,41,1510,0
Packet_qwords,184537264,0,1510,57
VIF1_submit,184537256,12930,1510,0
Dispatch,184425057,126178,1510,0
Static_bag,184413341,138014,1510,0
Bounds,184553116,6135,1510,0
VIF1_DMA_wait,184578153,2761,1510,0
GIF_DMA_wait,184581121,156,1510,0
Packet_qwords,184597720,0,1510,113
VIF1_submit,184597709,5566,1510,0
Dispatch,184565955,38398,1510,0
Static_bag,184552439,52104,1510,0
Bounds,184606262,6125,1510,0
VIF1_DMA_wait,184623999,28941,1510,0
GIF_DMA_wait,184653139,156,1510,0
Packet_qwords,184655486,0,1510,50
VIF1_submit,184655475,4899,1510,0
Dispatch,184618441,42922,1510,0
Static_bag,184605513,56076,1510,0
Bounds,184662812,5046,1510,0
VIF1_DMA_wait,184677738,311,1510,0
GIF_DMA_wait,184678193,43,1510,0
Packet_qwords,184680406,0,1510,50
VIF1_submit,184680395,4949,1510,0
Dispatch,184673493,12898,1510,0
Static_bag,184662351,24202,1510,0
Bounds,184687798,4910,1510,0
VIF1_DMA_wait,184710641,370,1510,0
GIF_DMA_wait,184711257,43,1510,0
Packet_qwords,184713548,0,1510,50
VIF1_submit,184713537,4989,1510,0
Dispatch,184699557,20108,1510,0
Static_bag,184687269,32492,1510,0
Bounds,184721168,5436,1510,0
VIF1_DMA_wait,184754073,392,1510,0
GIF_DMA_wait,184754799,96,1510,0
Packet_qwords,184756798,0,1510,36
VIF1_submit,184756787,5028,1510,0
Dispatch,184733685,29272,1510,0
Static_bag,184720719,42352,1510,0
Bounds,184764520,4941,1510,0
Static_bag,184763979,5587,1510,0
Bounds,184770166,2328,1510,0
Static_bag,184769913,2667,1510,0
Bounds,184773202,2316,1510,0
Static_bag,184772945,2659,1510,0
Bounds,184776152,2176,1510,0
Static_bag,184775865,2598,1510,0
Bounds,184779022,2039,1510,0
Static_bag,184778769,2378,1510,0
Bounds,184781818,2044,1510,0
Static_bag,184781511,2437,1510,0
Bounds,184784584,2062,1510,0
Static_bag,184784253,2529,1510,0
Bounds,184787366,2328,1510,0
Static_bag,184787105,2713,1510,0
Bounds,184790510,2627,1510,0
VIF1_DMA_wait,184822785,438,1510,0
GIF_DMA_wait,184823517,96,1510,0
Packet_qwords,184825970,0,1510,50
VIF1_submit,184825959,5287,1510,0
Dispatch,184800727,31842,1510,0
Static_bag,184790205,42478,1510,0
Bounds,184834096,5542,1510,0
VIF1_DMA_wait,184850616,341,1510,0
GIF_DMA_wait,184851109,43,1510,0
Packet_qwords,184853362,0,1510,50
VIF1_submit,184853351,4951,1510,0
Dispatch,184845813,13292,1510,0
Static_bag,184833645,25556,1510,0
Bounds,184860074,4714,1510,0
VIF1_DMA_wait,184874338,36791,1510,0
GIF_DMA_wait,184911427,212,1510,0
Packet_qwords,184914010,0,1510,50
VIF1_submit,184913999,5202,1510,0
Dispatch,184870023,50360,1510,0
Static_bag,184859719,60826,1510,0
Bounds,184922192,5711,1510,0
VIF1_DMA_wait,184938445,343,1510,0
GIF_DMA_wait,184938938,44,1510,0
Packet_qwords,184941188,0,1510,50
VIF1_submit,184941177,5023,1510,0
Dispatch,184933525,13786,1510,0
Static_bag,184921449,25966,1510,0
Bounds,184948484,5224,1510,0
VIF1_DMA_wait,184961952,259,1510,0
GIF_DMA_wait,184962313,43,1510,0
Packet_qwords,184963816,0,1510,36
VIF1_submit,184963805,4921,1510,0
Dispatch,184959207,10540,1510,0
Static_bag,184948047,21818,1510,0
Bounds,184970948,4637,1510,0
Static_bag,184970563,5169,1510,0
Bounds,184976356,2402,1510,0
Static_bag,184976103,2741,1510,0
Bounds,184979470,2488,1510,0
VIF1_DMA_wait,184997769,432,1510,0
GIF_DMA_wait,184998519,96,1510,0
Packet_qwords,185000500,0,1510,36
VIF1_submit,185000489,4987,1510,0
Dispatch,184988895,17594,1510,0
Static_bag,184979205,27383,1510,0
Bounds,185007856,4630,1510,0
VIF1_DMA_wait,185030067,350,1510,0
GIF_DMA_wait,185030685,96,1510,0
Packet_qwords,185033020,0,1510,50
VIF1_submit,185033009,4969,1510,0
Dispatch,185019369,19784,1510,0
Static_bag,185007449,31832,1510,0
Bounds,185040628,5110,1510,0
VIF1_DMA_wait,185074287,456,1510,0
GIF_DMA_wait,185075043,96,1510,0
Packet_qwords,185076988,0,1510,36
VIF1_submit,185076977,4998,1510,0
Dispatch,185053083,29998,1510,0
Static_bag,185040219,42970,1510,0
Bounds,185084534,4631,1510,0
Static_bag,185083995,5333,1510,0
Bounds,185089948,2251,1510,0
Static_bag,185089703,2634,1510,0
Bounds,185093062,2307,1510,0
Static_bag,185092739,2716,1510,0
Bounds,185096054,2405,1510,0
Static_bag,185095769,2776,1510,0
Bounds,185099236,2379,1510,0
Static_bag,185098942,2759,1510,0
Bounds,185102344,2196,1510,0
Static_bag,185102063,2614,1510,0
Bounds,185105282,2082,1510,0
Static_bag,185104997,2453,1510,0
Bounds,185108144,2064,1510,0
Static_bag,185107859,2468,1510,0
Bounds,185110922,2060,1510,0
Static_bag,185110637,2475,1510,0
Bounds,185113738,2012,1510,0
Static_bag,185113457,2379,1510,0
Bounds,185116588,2006,1510,0
Static_bag,185116217,2463,1510,0
Bounds,185119286,1922,1510,0
Static_bag,185119001,2293,1510,0
Bounds,185121950,1962,1510,0
Static_bag,185121665,2333,1510,0
Bounds,185124602,2154,1510,0
Static_bag,185124317,2574,1510,0
Bounds,185127502,2435,1510,0
Static_bag,185127221,2802,1510,0
Bounds,185130676,2829,1510,0
VIF1_DMA_wait,185164347,468,1510,0
GIF_DMA_wait,185165169,96,1510,0
Packet_qwords,185167462,0,1510,43
VIF1_submit,185167451,5152,1510,0
Dispatch,185152041,21632,1510,0
Static_bag,185130401,43388,1510,0
Bounds,185175254,5416,1510,0
VIF1_DMA_wait,185191050,305,1510,0
GIF_DMA_wait,185191455,43,1510,0
Packet_qwords,185193746,0,1510,50
VIF1_submit,185193735,4939,1510,0
Dispatch,185186735,12942,1510,0
Static_bag,185174675,25172,1510,0
Bounds,185201006,5214,1510,0
VIF1_DMA_wait,185227599,386,1510,0
GIF_DMA_wait,185228289,96,1510,0
Packet_qwords,185230796,0,1510,50
VIF1_submit,185230785,5376,1510,0
Dispatch,185222251,14910,1510,0
Static_bag,185200509,36812,1510,0
Bounds,185238938,5704,1510,0
VIF1_DMA_wait,185263419,444,1510,0
GIF_DMA_wait,185264131,98,1510,0
Packet_qwords,185266742,0,1510,50
VIF1_submit,185266731,5011,1510,0
Dispatch,185252237,20566,1510,0
Static_bag,185238213,34806,1510,0
Bounds,185274382,5342,1510,0
VIF1_DMA_wait,185310405,386,1510,0
GIF_DMA_wait,185311093,98,1510,0
Packet_qwords,185314414,0,1510,71
VIF1_submit,185314403,5117,1510,0
Dispatch,185286929,33782,1510,0
Static_bag,185273891,46944,1510,0
Bounds,185322212,5209,1510,0
Static_bag,185321637,6055,1510,0
Bounds,185328454,2435,1510,0
Static_bag,185328185,2845,1510,0
Bounds,185331836,2705,1510,0
Static_bag,185331465,3251,1510,0
Bounds,185335342,2747,1510,0
Static_bag,185335031,3273,1510,0
Bounds,185338928,2659,1510,0
Static_bag,185338619,3183,1510,0
Bounds,185342588,2303,1510,0
Static_bag,185342257,2815,1510,0
Bounds,185345696,2415,1510,0
Static_bag,185345411,2949,1510,0
Bounds,185349026,2433,1510,0
Static_bag,185348725,2872,1510,0
Bounds,185352284,2368,1510,0
Static_bag,185352011,2778,1510,0
Bounds,185355418,2479,1510,0
Static_bag,185355142,2930,1510,0
Bounds,185358754,2398,1510,0
Static_bag,185358395,2928,1510,0
Bounds,185361970,2820,1510,0
VIF1_DMA_wait,185406999,444,1510,0
GIF_DMA_wait,185407761,96,1510,0
Packet_qwords,185410648,0,1510,57
VIF1_submit,185410637,5016,1510,0
Dispatch,185384151,32554,1510,0
Static_bag,185361641,55224,1510,0
Bounds,185418500,5641,1510,0
Static_bag,185417793,6469,1510,0
Bounds,185424914,2318,1510,0
Static_bag,185424629,2763,1510,0
Bounds,185428268,2436,1510,0
Static_bag,185427905,2885,1510,0
Bounds,185431426,2798,1510,0
VIF1_DMA_wait,185465055,389,1510,0
GIF_DMA_wait,185465731,98,1510,0
Packet_qwords,185467690,0,1510,43
VIF1_submit,185467679,5179,1510,0
Dispatch,185441705,32376,1510,0
Static_bag,185431149,43028,1510,0
Procedural,183978865,1495810,1510,0
Bounds,185483530,5174,1510,0
VIF1_DMA_wait,185510583,347,1510,0
GIF_DMA_wait,185511110,44,1510,0
Packet_qwords,185517610,0,1510,141
VIF1_submit,185517599,16476,1510,0
VIF1_DMA_wait,185551711,51403,1510,0
GIF_DMA_wait,185603214,44,1510,0
Packet_qwords,185609223,0,1510,113
VIF1_submit,185609215,5091,1510,0
Dispatch,185495721,119837,1510,0
Static_bag,185483039,132612,1510,0
Bounds,185862085,5414,1510,0
VIF1_DMA_wait,185888389,409,1510,0
GIF_DMA_wait,185888978,44,1510,0
Packet_qwords,185895664,0,1510,145
VIF1_submit,185895653,5374,1510,0
VIF1_DMA_wait,185916050,66257,1510,0
GIF_DMA_wait,185982408,41,1510,0
Packet_qwords,185999437,0,1510,113
VIF1_submit,185999429,4859,1510,0
Dispatch,185873853,131695,1510,0
Static_bag,185861511,144160,1510,0
Bounds,186007124,5557,1510,0
VIF1_DMA_wait,186031201,52937,1510,0
GIF_DMA_wait,186084363,102,1510,0
Packet_qwords,186090004,0,1510,120
VIF1_submit,186089993,5130,1510,0
Dispatch,186018805,77310,1510,0
Static_bag,186006277,90052,1510,0
Bounds,186097507,5249,1510,0
VIF1_DMA_wait,186110886,42531,1510,0
GIF_DMA_wait,186153765,176,1510,0
Packet_qwords,186155782,0,1510,40
VIF1_submit,186155771,5009,1510,0
Dispatch,186107007,54925,1510,0
Static_bag,186096961,65068,1510,0
Object,185482653,679922,1510,2
Bounds,186165269,5630,1510,0
Static_bag,186164731,6294,1510,0
Object,186164355,6937,1510,4
Bounds,186180472,2972,1510,0
Static_bag,186180263,3267,1510,0
Object,186179952,4360,1510,8
Bounds,186186799,3112,1510,0
Static_bag,186186537,3512,1510,0
Object,186186403,3867,1510,9
Bounds,186192619,2861,1510,0
Static_bag,186192424,3184,1510,0
Object,186192220,3557,1510,10
Bounds,186198025,2866,1510,0
Static_bag,186197825,3248,1510,0
Object,186197656,3569,1510,11
Object,186201778,116,1510,12
Object,186202378,58,1510,13
Object,186202870,66,1510,14
Object,186203362,66,1510,15
Object,186203870,70,1510,16
Object,186204506,70,1510,17
Object,186204976,56,1510,18
Object,186205436,70,1510,19
Object,186205966,56,1510,20
Object,186206404,72,1510,21
Object,186206902,72,1510,22
Bounds,186208270,3302,1510,0
Static_bag,186207928,3770,1510,0
Object,186207760,4208,1510,27
Bounds,186213052,2669,1510,0
Static_bag,186212818,3024,1510,0
Object,186212678,3325,1510,30
Bounds,186218023,2774,1510,0
Static_bag,186217797,3085,1510,0
Object,186217666,3446,1510,32
Bounds,186223275,2687,1510,0
Static_bag,186222999,3048,1510,0
Object,186222808,3464,1510,34
Bounds,186229558,3321,1510,0
VIF1_DMA_wait,186267645,402,1510,0
GIF_DMA_wait,186268341,96,1510,0
Packet_qwords,186272978,0,1510,92
VIF1_submit,186272967,5024,1510,0
Dispatch,186241425,37600,1510,0
Static_bag,186229211,49916,1510,0
Bounds,186280528,4996,1510,0
VIF1_DMA_wait,186363623,430,1510,0
GIF_DMA_wait,186364363,98,1510,0
Packet_qwords,186371066,0,1510,141
VIF1_submit,186371055,5371,1510,0
VIF1_DMA_wait,186385857,128856,1510,0
GIF_DMA_wait,186514986,97,1510,0
Packet_qwords,186518962,0,1510,57
VIF1_submit,186518954,4448,1510,0
Dispatch,186292841,231568,1510,0
Static_bag,186279993,244574,1510,0
Bounds,186525830,5191,1510,0
VIF1_DMA_wait,186593137,356,1510,0
GIF_DMA_wait,186593841,132,1510,0
Packet_qwords,186600652,0,1510,141
VIF1_submit,186600641,5080,1510,0
VIF1_DMA_wait,186630999,46746,1510,0
GIF_DMA_wait,186677978,89,1510,0
Packet_qwords,186682118,0,1510,71
VIF1_submit,186682110,4930,1510,0
Dispatch,186538961,149046,1510,0
Static_bag,186525295,162840,1510,0
Bounds,186689660,5845,1510,0
VIF1_DMA_wait,186717819,10948,1510,0
GIF_DMA_wait,186729039,156,1510,0
Packet_qwords,186731776,0,1510,57
VIF1_submit,186731765,4998,1510,0
Dispatch,186703435,34362,1510,0
Static_bag,186688881,49054,1510,0
Bounds,186739232,5176,1510,0
VIF1_DMA_wait,186762323,354,1510,0
GIF_DMA_wait,186762891,43,1510,0
Packet_qwords,186765064,0,1510,43
VIF1_submit,186765053,15349,1510,0
Dispatch,186751471,30568,1510,0
Static_bag,186738695,43509,1510,0
Object,186229030,553693,1510,35
Bounds,186785541,5380,1510,0
VIF1_DMA_wait,186809071,482,1510,0
GIF_DMA_wait,186809785,98,1510,0
Packet_qwords,186811528,0,1510,34
VIF1_submit,186811517,5290,1510,0
Dispatch,186797373,20554,1510,0
Static_bag,186785013,33026,1510,0
Object,186784581,33906,1510,36
Bounds,186823576,4678,1510,0
VIF1_DMA_wait,186861609,317,1510,0
GIF_DMA_wait,186862293,43,1510,0
Packet_qwords,186866744,0,1510,92
VIF1_submit,186866733,4999,1510,0
Dispatch,186836097,36760,1510,0
Static_bag,186823111,49876,1510,0
Bounds,186874240,5008,1510,0
VIF1_DMA_wait,186954719,420,1510,0
GIF_DMA_wait,186955495,43,1510,0
Packet_qwords,186962270,0,1510,141
VIF1_submit,186962259,5353,1510,0
VIF1_DMA_wait,186977769,121974,1510,0
GIF_DMA_wait,187100018,99,1510,0
Packet_qwords,187105556,0,1510,57
VIF1_submit,187105548,4504,1510,0
Dispatch,186886527,224534,1510,0
Static_bag,186873759,237402,1510,0
Bounds,187112448,5151,1510,0
VIF1_DMA_wait,187183659,438,1510,0
GIF_DMA_wait,187184431,102,1510,0
Packet_qwords,187191290,0,1510,141
VIF1_submit,187191279,5028,1510,0
VIF1_DMA_wait,187207870,60299,1510,0
GIF_DMA_wait,187268448,97,1510,0
Packet_qwords,187273172,0,1510,71
VIF1_submit,187273164,4504,1510,0
Dispatch,187125601,153198,1510,0
Static_bag,187111867,167070,1510,0
Bounds,187280594,5701,1510,0
VIF1_DMA_wait,187309359,10804,1510,0
GIF_DMA_wait,187320439,168,1510,0
Packet_qwords,187323290,0,1510,57
VIF1_submit,187323279,4908,1510,0
Dispatch,187294335,34978,1510,0
Static_bag,187279845,49598,1510,0
Bounds,187330730,4918,1510,0
VIF1_DMA_wait,187353284,351,1510,0
GIF_DMA_wait,187353921,43,1510,0
Packet_qwords,187356074,0,1510,43
VIF1_submit,187356063,4717,1510,0
Dispatch,187342997,19014,1510,0
Static_bag,187330163,31968,1510,0
Object,186822819,539912,1510,37
Bounds,187368784,4902,1510,0
VIF1_DMA_wait,187406081,429,1510,0
GIF_DMA_wait,187406823,43,1510,0
Packet_qwords,187408816,0,1510,43
VIF1_submit,187408805,5203,1510,0
Dispatch,187380747,34476,1510,0
Static_bag,187368261,47060,1510,0
Bounds,187416944,5369,1510,0
VIF1_DMA_wait,187451003,422,1510,0
GIF_DMA_wait,187451725,98,1510,0
Packet_qwords,187454954,0,1510,64
VIF1_submit,187454943,4964,1510,0
Dispatch,187429987,30996,1510,0
Static_bag,187416125,44954,1510,0
Bounds,187462484,5263,1510,0
Static_bag,187461927,6019,1510,0
Bounds,187468780,2489,1510,0
Static_bag,187468426,2965,1510,0
Bounds,187471936,3506,1510,0
VIF1_DMA_wait,187492197,410,1510,0
GIF_DMA_wait,187492905,43,1510,0
Packet_qwords,187494502,0,1510,36
VIF1_submit,187494491,4811,1510,0
Dispatch,187482753,17644,1510,0
Static_bag,187471661,28854,1510,0
Object,187367901,133220,1510,39
Bounds,187506544,4984,1510,0
VIF1_DMA_wait,187526469,311,1510,0
GIF_DMA_wait,187526916,44,1510,0
Packet_qwords,187531238,0,1510,92
VIF1_submit,187531227,15584,1510,0
Dispatch,187517149,37714,1510,0
Static_bag,187506071,49056,1510,0
Bounds,187556254,5759,1510,0
VIF1_DMA_wait,187583487,307,1510,0
GIF_DMA_wait,187583893,43,1510,0
Packet_qwords,187590524,0,1510,141
VIF1_submit,187590513,5532,1510,0
VIF1_DMA_wait,187604847,61534,1510,0
GIF_DMA_wait,187666568,43,1510,0
Packet_qwords,187669642,0,1510,57
VIF1_submit,187669634,4010,1510,0
Dispatch,187568421,106108,1510,0
Static_bag,187555735,118918,1510,0
Bounds,187675994,5002,1510,0
VIF1_DMA_wait,187713059,300,1510,0
GIF_DMA_wait,187713597,43,1510,0
Packet_qwords,187720526,0,1510,141
VIF1_submit,187720515,5041,1510,0
VIF1_DMA_wait,187737629,56666,1510,0
GIF_DMA_wait,187794446,43,1510,0
Packet_qwords,187798560,0,1510,78
VIF1_submit,187798552,4146,1510,0
Dispatch,187686349,117358,1510,0
Static_bag,187675383,128420,1510,0
Bounds,187805522,5893,1510,0
VIF1_DMA_wait,187823310,24066,1510,0
GIF_DMA_wait,187847475,98,1510,0
Packet_qwords,187850186,0,1510,57
VIF1_submit,187850175,4932,1510,0
Dispatch,187817377,38730,1510,0
Static_bag,187804739,63480,1510,0
Bounds,187869320,5293,1510,0
VIF1_DMA_wait,187886455,397,1510,0
GIF_DMA_wait,187887027,43,1510,0
Packet_qwords,187889804,0,1510,57
VIF1_submit,187889793,5184,1510,0
Dispatch,187880395,15636,1510,0
Static_bag,187868755,27478,1510,0
Object,187505761,391130,1510,41
Bounds,187899561,5425,1510,0
VIF1_DMA_wait,187912387,295,1510,0
GIF_DMA_wait,187912783,43,1510,0
Packet_qwords,187914376,0,1510,34
VIF1_submit,187914365,4801,1510,0
Dispatch,187909395,10750,1510,0
Static_bag,187899035,21204,1510,0
Object,187898545,22154,1510,42
Bounds,187926118,4587,1510,0
VIF1_DMA_wait,187943313,305,1510,0
GIF_DMA_wait,187943754,44,1510,0
Packet_qwords,187947142,0,1510,71
VIF1_submit,187947131,5045,1510,0
Dispatch,187936167,17030,1510,0
Static_bag,187925645,27768,1510,0
Bounds,187954540,5218,1510,0
VIF1_DMA_wait,187978663,210,1510,0
GIF_DMA_wait,187979027,43,1510,0
Packet_qwords,187985102,0,1510,134
VIF1_submit,187985091,5055,1510,0
Dispatch,187965235,26106,1510,0
Static_bag,187954037,37398,1510,0
Bounds,187992632,5164,1510,0
VIF1_DMA_wait,188030979,23694,1510,0
GIF_DMA_wait,188055007,118,1510,0
Packet_qwords,188062118,0,1510,141
VIF1_submit,188062107,5023,1510,0
Dispatch,188003149,65389,1510,0
Static_bag,187992143,76506,1510,0
Bounds,188070188,5717,1510,0
VIF1_DMA_wait,188086372,49508,1510,0
GIF_DMA_wait,188135979,98,1510,0
Packet_qwords,188149018,0,1510,43
VIF1_submit,188149007,5406,1510,0
Dispatch,188082037,73554,1510,0
Static_bag,188069449,86236,1510,0
Bounds,188157004,5507,1510,0
VIF1_DMA_wait,188185067,381,1510,0
GIF_DMA_wait,188185701,43,1510,0
Packet_qwords,188188520,0,1510,57
VIF1_submit,188188509,4989,1510,0
Dispatch,188168053,26574,1510,0
Static_bag,188156431,38352,1510,0
Object,187925251,270122,1510,43
Bounds,188203443,4840,1510,0
Static_bag,188202955,5517,1510,0
Object,188202555,6247,1510,52
Bounds,188213944,2508,1510,0
Static_bag,188213657,2881,1510,0
Object,188213518,3304,1510,59
Bounds,188218328,2446,1510,0
Static_bag,188217984,2876,1510,0
Object,188217764,3290,1510,60
Bounds,188222242,2825,1510,0
VIF1_DMA_wait,188239785,313,1510,0
GIF_DMA_wait,188240322,44,1510,0
Packet_qwords,188244280,0,1510,85
VIF1_submit,188244269,4992,1510,0
Dispatch,188230987,19306,1510,0
Static_bag,188222039,28446,1510,0
Object,188221922,29107,1510,61
Bounds,188254790,5332,1510,0
VIF1_DMA_wait,188275743,5023,1510,0
GIF_DMA_wait,188280960,101,1510,0
Packet_qwords,188284984,0,1510,85
VIF1_submit,188284973,5171,1510,0
Dispatch,188266453,24668,1510,0
Static_bag,188254255,36984,1510,0
Object,188253949,37972,1510,62
Bounds,188295652,5021,1510,0
Static_bag,188295175,5720,1510,0
Object,188294865,6255,1510,63
Bounds,188302840,2361,1510,0
Static_bag,188302427,2910,1510,0
Object,188302262,3296,1510,64
Bounds,188307284,2735,1510,0
Static_bag,188306946,3245,1510,0
Object,188306594,3776,1510,65
Bounds,188312176,3110,1510,0
VIF1_DMA_wait,188342159,393,1510,0
GIF_DMA_wait,188342863,43,1510,0
Packet_qwords,188346778,0,1510,85
VIF1_submit,188346767,5273,1510,0
Dispatch,188321841,31378,1510,0
Static_bag,188311758,41604,1510,0
Object,188311448,42469,1510,66
Bounds,188357678,5551,1510,0
VIF1_DMA_wait,188379513,3751,1510,0
GIF_DMA_wait,188383464,101,1510,0
Packet_qwords,188387524,0,1510,85
VIF1_submit,188387513,5046,1510,0
Dispatch,188370637,22860,1510,0
Static_bag,188357083,36528,1510,0
Object,188356737,37380,1510,67
Bounds,188398162,4593,1510,0
Static_bag,188397679,5348,1510,0
Object,188397369,5969,1510,68
Bounds,188405026,2321,1510,0
Static_bag,188404697,2817,1510,0
Object,188404610,3142,1510,69
Bounds,188409832,2938,1510,0
VIF1_DMA_wait,188426991,317,1510,0
GIF_DMA_wait,188427494,44,1510,0
Packet_qwords,188431172,0,1510,78
VIF1_submit,188431161,4909,1510,0
Dispatch,188418915,18250,1510,0
Static_bag,188409456,27819,1510,0
Bounds,188438684,5190,1510,0
VIF1_DMA_wait,188454794,8905,1510,0
GIF_DMA_wait,188463793,100,1510,0
Packet_qwords,188466484,0,1510,57
VIF1_submit,188466473,4889,1510,0
Dispatch,188448961,23368,1510,0
Static_bag,188438083,34398,1510,0
Object,188409098,63991,1510,70
Bounds,188477134,16265,1510,0
VIF1_DMA_wait,188508077,363,1510,0
GIF_DMA_wait,188508667,43,1510,0
Packet_qwords,188512240,0,1510,78
VIF1_submit,188512229,5471,1510,0
Dispatch,188499541,19186,1510,0
Static_bag,188476603,42236,1510,0
Bounds,188520452,5302,1510,0
VIF1_DMA_wait,188537150,6943,1510,0
GIF_DMA_wait,188544233,98,1510,0
Packet_qwords,188546960,0,1510,57
VIF1_submit,188546949,4904,1510,0
Dispatch,188531431,21388,1510,0
Static_bag,188519653,33268,1510,0
Object,188476287,77384,1510,71
Bounds,188557608,4479,1510,0
Static_bag,188557091,5221,1510,0
Bounds,188562778,2239,1510,0
Static_bag,188562577,2578,1510,0
Object,188556765,8497,1510,72
Bounds,188566892,2788,1510,0
VIF1_DMA_wait,188583033,235,1510,0
GIF_DMA_wait,188583488,44,1510,0
Packet_qwords,188587036,0,1510,78
VIF1_submit,188587025,4967,1510,0
Dispatch,188575287,17714,1510,0
Static_bag,188566487,26626,1510,0
Bounds,188594590,5044,1510,0
VIF1_DMA_wait,188610914,6991,1510,0
GIF_DMA_wait,188617999,100,1510,0
Packet_qwords,188620678,0,1510,57
VIF1_submit,188620667,4897,1510,0
Dispatch,188605197,21376,1510,0
Static_bag,188593927,32783,1510,0
Object,188566347,61004,1510,73
Bounds,188634190,15871,1510,0
VIF1_DMA_wait,188691795,400,1510,0
GIF_DMA_wait,188692519,92,1510,0
Packet_qwords,188694916,0,1510,50
VIF1_submit,188694905,5417,1510,0
Dispatch,188657805,43756,1510,0
Static_bag,188633802,67855,1510,0
Bounds,188703206,5356,1510,0
VIF1_DMA_wait,188733015,314,1510,0
GIF_DMA_wait,188733583,43,1510,0
Packet_qwords,188736602,0,1510,64
VIF1_submit,188736591,15610,1510,0
Dispatch,188715975,37760,1510,0
Static_bag,188702673,51176,1510,0
Bounds,188755550,6127,1510,0
VIF1_DMA_wait,188786665,414,1510,0
GIF_DMA_wait,188787261,96,1510,0
Packet_qwords,188788978,0,1510,36
VIF1_submit,188788967,15738,1510,0
Dispatch,188770539,35698,1510,0
Static_bag,188754769,51562,1510,0
Object,188633395,173500,1510,75
Bounds,188812214,5509,1510,0
VIF1_DMA_wait,188830033,391,1510,0
GIF_DMA_wait,188830641,43,1510,0
Packet_qwords,188832734,0,1510,43
VIF1_submit,188832723,5118,1510,0
Dispatch,188824721,14220,1510,0
Static_bag,188811669,27386,1510,0
Bounds,188840428,4936,1510,0
VIF1_DMA_wait,188856348,193,1510,0
GIF_DMA_wait,188856643,43,1510,0
Packet_qwords,188859452,0,1510,64
VIF1_submit,188859441,4923,1510,0
Dispatch,188850441,15094,1510,0
Static_bag,188839763,25868,1510,0
Bounds,188866832,5238,1510,0
VIF1_DMA_wait,188880672,675,1510,0
GIF_DMA_wait,188881447,100,1510,0
Packet_qwords,188883172,0,1510,36
VIF1_submit,188883161,4907,1510,0
Dispatch,188877909,11194,1510,0
Static_bag,188866193,23030,1510,0
Object,188811229,78620,1510,76
Bounds,188894650,4738,1510,0
VIF1_DMA_wait,188908597,325,1510,0
GIF_DMA_wait,188909069,43,1510,0
Packet_qwords,188911076,0,1510,43
VIF1_submit,188911065,4899,1510,0
Dispatch,188904693,12470,1510,0
Static_bag,188894197,23088,1510,0
Bounds,188918584,4966,1510,0
VIF1_DMA_wait,188934272,273,1510,0
GIF_DMA_wait,188934697,43,1510,0
Packet_qwords,188937662,0,1510,64
VIF1_submit,188937651,4917,1510,0
Dispatch,188928375,15260,1510,0
Static_bag,188918005,25752,1510,0
Bounds,188944930,17969,1510,0
VIF1_DMA_wait,188972301,302,1510,0
GIF_DMA_wait,188972731,43,1510,0
Packet_qwords,188974358,0,1510,36
VIF1_submit,188974347,5253,1510,0
Dispatch,188968821,11872,1510,0
Static_bag,188944441,36376,1510,0
Object,188893879,87430,1510,77
Bounds,188986280,4932,1510,0
VIF1_DMA_wait,189000915,311,1510,0
GIF_DMA_wait,189001362,44,1510,0
Packet_qwords,189003530,0,1510,43
VIF1_submit,189003519,4958,1510,0
Dispatch,188996841,12568,1510,0
Static_bag,188985769,23764,1510,0
Bounds,189010792,4892,1510,0
VIF1_DMA_wait,189026320,189,1510,0
GIF_DMA_wait,189026663,43,1510,0
Packet_qwords,189029498,0,1510,64
VIF1_submit,189029487,4935,1510,0
Dispatch,189020517,15068,1510,0
Static_bag,189010229,25470,1510,0
Bounds,189037024,5014,1510,0
VIF1_DMA_wait,189050391,880,1510,0
GIF_DMA_wait,189051373,100,1510,0
Packet_qwords,189053110,0,1510,36
VIF1_submit,189053099,4901,1510,0
Dispatch,189047559,11332,1510,0
Static_bag,189036491,22538,1510,0
Object,188985399,74232,1510,78
Bounds,189064460,4674,1510,0
VIF1_DMA_wait,189078495,293,1510,0
GIF_DMA_wait,189078939,43,1510,0
Packet_qwords,189080978,0,1510,43
VIF1_submit,189080967,4891,1510,0
Dispatch,189074535,12328,1510,0
Static_bag,189064021,22985,1510,0
Bounds,189088286,4932,1510,0
VIF1_DMA_wait,189104280,275,1510,0
GIF_DMA_wait,189104655,53,1510,0
Packet_qwords,189119002,0,1510,64
VIF1_submit,189118991,5129,1510,0
Dispatch,189098115,27136,1510,0
Static_bag,189087685,37758,1510,0
Bounds,189127198,6111,1510,0
VIF1_DMA_wait,189142869,259,1510,0
GIF_DMA_wait,189143353,43,1510,0
Packet_qwords,189145084,0,1510,36
VIF1_submit,189145073,4900,1510,0
Dispatch,189139281,11726,1510,0
Static_bag,189126225,24904,1510,0
Object,189063717,87864,1510,79
Bounds,189156598,4751,1510,0
VIF1_DMA_wait,189171163,313,1510,0
GIF_DMA_wait,189171612,44,1510,0
Packet_qwords,189173728,0,1510,43
VIF1_submit,189173717,4913,1510,0
Dispatch,189167145,12502,1510,0
Static_bag,189156019,23736,1510,0
Bounds,189181174,5086,1510,0
VIF1_DMA_wait,189196992,193,1510,0
GIF_DMA_wait,189197337,43,1510,0
Packet_qwords,189200216,0,1510,64
VIF1_submit,189200205,4855,1510,0
Dispatch,189191121,15044,1510,0
Static_bag,189180541,25800,1510,0
Bounds,189207554,5184,1510,0
VIF1_DMA_wait,189220931,904,1510,0
GIF_DMA_wait,189222012,101,1510,0
Packet_qwords,189223708,0,1510,36
VIF1_submit,189223697,4913,1510,0
Dispatch,189218229,11426,1510,0
Static_bag,189206981,22812,1510,0
Object,189155719,74632,1510,80
Bounds,189246628,4407,1510,0
Static_bag,189246131,5205,1510,0
Bounds,189251908,2245,1510,0
Static_bag,189251669,2570,1510,0
Object,189245816,8582,1510,99
Bounds,189255884,2446,1510,0
Static_bag,189255627,2789,1510,0
Bounds,189258904,2048,1510,0
Static_bag,189258693,2345,1510,0
Object,189255501,5755,1510,100
Bounds,189274706,4185,1510,0
Static_bag,189274135,5116,1510,0
Bounds,189279722,2118,1510,0
Static_bag,189279490,2520,1510,0
Object,189273760,8531,1510,101
Bounds,189284152,2337,1510,0
Static_bag,189283917,2728,1510,0
Bounds,189287144,2074,1510,0
Static_bag,189286852,2499,1510,0
Object,189283782,5770,1510,102
Bounds,189291082,2664,1510,0
Static_bag,189290817,3043,1510,0
Bounds,189294220,2674,1510,0
Static_bag,189293991,3083,1510,0
Object,189290691,6571,1510,103
Bounds,189298786,2596,1510,0
Static_bag,189298553,2991,1510,0
Bounds,189301978,2434,1510,0
Static_bag,189301674,2824,1510,0
Object,189298396,6346,1510,104
Bounds,189309386,3239,1510,0
VIF1_DMA_wait,189325569,353,1510,0
GIF_DMA_wait,189326107,43,1510,0
Packet_qwords,189329162,0,1510,64
VIF1_submit,189329151,5088,1510,0
Dispatch,189318659,16596,1510,0
Static_bag,189309088,26311,1510,0
Bounds,189336704,17323,1510,0
VIF1_DMA_wait,189364405,304,1510,0
GIF_DMA_wait,189364951,43,1510,0
Packet_qwords,189366994,0,1510,43
VIF1_submit,189366983,5273,1510,0
Dispatch,189360227,13118,1510,0
Static_bag,189336055,37396,1510,0
Object,189308930,65067,1510,108
Bounds,189378160,5180,1510,0
VIF1_DMA_wait,189395341,243,1510,0
GIF_DMA_wait,189395735,43,1510,0
Packet_qwords,189398696,0,1510,64
VIF1_submit,189398685,4890,1510,0
Dispatch,189388677,15902,1510,0
Static_bag,189377611,27076,1510,0
Bounds,189406324,5768,1510,0
VIF1_DMA_wait,189433891,370,1510,0
GIF_DMA_wait,189434522,44,1510,0
Packet_qwords,189436718,0,1510,43
VIF1_submit,189436707,5065,1510,0
Dispatch,189417877,24912,1510,0
Static_bag,189405563,37437,1510,0
Object,189377241,66420,1510,109
Bounds,189447914,4897,1510,0
Static_bag,189447307,5744,1510,0
Bounds,189453614,2452,1510,0
Static_bag,189453321,2916,1510,0
Object,189446959,9387,1510,110
Bounds,189457690,2413,1510,0
Static_bag,189457450,2777,1510,0
Object,189457272,3106,1510,111
Bounds,189461756,2457,1510,0
Static_bag,189461409,2976,1510,0
Object,189461323,3257,1510,112
Bounds,189465988,2577,1510,0
Static_bag,189465735,2960,1510,0
Object,189465600,3276,1510,113
Bounds,189469792,2657,1510,0
Static_bag,189469558,3045,1510,0
Object,189469384,3458,1510,114
Object,189473352,174,1510,115
Object,189474052,74,1510,116
Object,189474592,116,1510,117
Object,189475154,70,1510,118
Object,189475724,100,1510,119
Object,189476354,56,1510,120
Bounds,189480304,4317,1510,0
VIF1_DMA_wait,189539249,436,1510,0
GIF_DMA_wait,189539937,96,1510,0
Packet_qwords,189546476,0,1510,134
VIF1_submit,189546465,5222,1510,0
Dispatch,189493119,59736,1510,0
Static_bag,189480005,72990,1510,0
Bounds,189674893,5396,1510,0
VIF1_DMA_wait,189743597,472,1510,0
GIF_DMA_wait,189744355,92,1510,0
Packet_qwords,189751316,0,1510,138
VIF1_submit,189751305,5238,1510,0
Dispatch,189688257,69494,1510,0
Static_bag,189674325,83552,1510,0
Object,189479862,278531,1510,121
Bounds,189765375,6442,1510,0
Static_bag,189764525,7455,1510,0
Bounds,189780747,3927,1510,0
Static_bag,189780482,4324,1510,0
Bounds,189785206,3477,1510,0
VIF1_DMA_wait,189868437,474,1510,0
GIF_DMA_wait,189869299,102,1510,0
Packet_qwords,189876188,0,1510,141
VIF1_submit,189876177,4969,1510,0
VIF1_DMA_wait,189902667,47700,1510,0
GIF_DMA_wait,189950616,97,1510,0
Packet_qwords,189953447,0,1510,36
VIF1_submit,189953439,4554,1510,0
Dispatch,189797743,161262,1510,0
Static_bag,189784965,174134,1510,0
Bounds,190213285,5372,1510,0
VIF1_DMA_wait,190296271,512,1510,0
GIF_DMA_wait,190297107,96,1510,0
Packet_qwords,190304104,0,1510,145
VIF1_submit,190304093,5050,1510,0
VIF1_DMA_wait,190317343,73358,1510,0
GIF_DMA_wait,190391042,99,1510,0
Packet_qwords,190393882,0,1510,36
VIF1_submit,190393874,4346,1510,0
Dispatch,190226829,172426,1510,0
Static_bag,190212749,186600,1510,0
Object,189764097,635604,1510,122
Bounds,190406418,6463,1510,0
VIF1_DMA_wait,190430709,354,1510,0
GIF_DMA_wait,190431273,102,1510,0
Packet_qwords,190435330,0,1510,85
VIF1_submit,190435319,5010,1510,0
Dispatch,190419859,21496,1510,0
Static_bag,190405635,35846,1510,0
Object,190405195,36850,1510,134
Object,190443915,345,1510,135
Object,190444742,64,1510,136
Object,190445266,72,1510,137
Object,190445770,98,1510,138
Object,190446322,86,1510,139
Object,190446855,55,1510,140
Object,190447370,74,1510,141
Object,190448008,84,1510,142
Objects,185474795,4975294,1510,0
Bounds,190771298,156415,1510,0
VIF1_DMA_wait,190948831,309,1510,0
GIF_DMA_wait,190949401,47,1510,0
Packet_qwords,190955894,0,1510,141
VIF1_submit,190955883,5358,1510,0
VIF1_DMA_wait,190988627,41463,1510,0
GIF_DMA_wait,191030408,44,1510,0
Packet_qwords,191036336,0,1510,113
VIF1_submit,191036328,4894,1510,0
VIF1_DMA_wait,191056171,53406,1510,0
GIF_DMA_wait,191109672,41,1510,0
Packet_qwords,191115232,0,1510,113
VIF1_submit,191115224,4646,1510,0
VIF1_DMA_wait,191126267,62248,1510,0
GIF_DMA_wait,191188688,147,1510,0
Packet_qwords,191191322,0,1510,36
VIF1_submit,191191314,4822,1510,0
Dispatch,190934661,262528,1510,0
Static_bag,190770749,426540,1510,0
Bounds,191236676,17411,1510,0
VIF1_DMA_wait,191275377,492,1510,0
GIF_DMA_wait,191276163,102,1510,0
Packet_qwords,191278832,0,1510,50
VIF1_submit,191278821,16496,1510,0
Dispatch,191262141,34850,1510,0
Static_bag,191236121,61054,1510,0
Bounds,191438660,75877,1510,0
VIF1_DMA_wait,191554857,510,1510,0
GIF_DMA_wait,191555745,102,1510,0
Packet_qwords,191559650,0,1510,78
VIF1_submit,191559639,5028,1510,0
Dispatch,191522905,42990,1510,0
Static_bag,191438129,127886,1510,0
Wheels,190450167,1116408,1510,0
Animation,191566676,251,1510,0
Shadow_decals,191567103,162,1510,0
Mirrors,191567347,1,1510,0
Portal_surfaces,191567437,1,1510,0
Light_pools,191567523,3300,1510,0
GS_FINISH_wait,191628711,532,1510,0
Align3D,191624333,5244,1510,0
Bounds,191641622,6145,1510,0
VIF1_DMA_wait,191671575,450,1510,0
GIF_DMA_wait,191672251,98,1510,0
Packet_qwords,191679080,0,1510,141
VIF1_submit,191679069,5358,1510,0
VIF1_DMA_wait,191701748,56161,1510,0
GIF_DMA_wait,191758164,116,1510,0
Packet_qwords,191764874,0,1510,113
VIF1_submit,191764866,4894,1510,0
Dispatch,191655389,115461,1510,0
Static_bag,191641109,129906,1510,0
Bounds,191772742,5631,1510,0
VIF1_DMA_wait,191797519,40139,1510,0
GIF_DMA_wait,191837931,98,1510,0
Packet_qwords,191843464,0,1510,120
VIF1_submit,191843453,5176,1510,0
Dispatch,191784999,64876,1510,0
Static_bag,191771929,78066,1510,0
Bounds,191851275,5303,1510,0
VIF1_DMA_wait,191864304,38415,1510,0
GIF_DMA_wait,191902819,100,1510,0
Packet_qwords,191915666,0,1510,40
VIF1_submit,191915655,5275,1510,0
Dispatch,191860669,61396,1510,0
Static_bag,191850839,71346,1510,0
GS_FINISH_wait,191968317,532,1510,0
Align3D,191963915,5134,1510,0
Bounds,191980114,5865,1510,0
VIF1_DMA_wait,192008061,444,1510,0
GIF_DMA_wait,192008763,90,1510,0
Packet_qwords,192015412,0,1510,141
VIF1_submit,192015401,5302,1510,0
Dispatch,191993583,28473,1510,0
Static_bag,191979597,42554,1510,0
GS_FINISH_wait,192093351,2440,1510,0
Align3D,192029813,66236,1510,0
Bounds,192154115,10786,1510,0
GS_FINISH_wait,192172251,505,1510,0
Align3D,192166586,6326,1510,0
VIF1_DMA_wait,192185523,252,1510,0
GIF_DMA_wait,192185937,102,1510,0
Packet_qwords,192188108,0,1510,42
VIF1_submit,192188097,4392,1510,0
GS_FINISH_wait,192198249,28351,1510,0
Align3D,192193768,33077,1510,0
Dispatch,192180665,49369,1510,0
Static_bag,192153587,76542,1510,0
Bounds,192284891,10210,1510,0
GS_FINISH_wait,192304203,475,1510,0
Align3D,192298382,6500,1510,0
VIF1_DMA_wait,192337107,408,1510,0
GIF_DMA_wait,192337837,96,1510,0
Packet_qwords,192351674,0,1510,42
VIF1_submit,192351663,5076,1510,0
GS_FINISH_wait,192362691,17425,1510,0
Align3D,192358204,22163,1510,0
Dispatch,192312527,70857,1510,0
Static_bag,192284381,99090,1510,0
Projected_shadows,191570899,813280,1510,0
Bounds,192389915,8048,1510,0
Static_bag,192389411,8705,1510,0
Bounds,192401914,4648,1510,0
Static_bag,192401681,5020,1510,0
Bounds,192409726,5289,1510,0
VIF1_DMA_wait,192431325,462,1510,0
GIF_DMA_wait,192432069,96,1510,0
Packet_qwords,192433880,0,1510,36
VIF1_submit,192433869,5419,1510,0
Dispatch,192423671,16656,1510,0
Static_bag,192409397,31026,1510,0
Blob_shadows,192384297,56464,1510,0
Light_beams,192440915,3030,1510,0
Highlights_and_outlines,192444019,1,1510,0
Bounds,192461900,7979,1510,0
VIF1_DMA_wait,192484232,421,1510,0
GIF_DMA_wait,192484957,96,1510,0
Packet_qwords,192486652,0,1510,34
VIF1_submit,192486641,5449,1510,0
Dispatch,192477591,15626,1510,0
Static_bag,192461519,31788,1510,0
Particles,192444107,49432,1510,0
Scene,182118089,10375628,1510,0
GS_FINISH_wait,192502419,532,1510,0
Align3D,192498468,4650,1510,0
GS_FINISH_wait,192688041,606,1510,0
Align3D,192675078,13809,1510,0
PostFx,192674655,142826,1510,0
Present,192818075,1813400,1510,0
EndFrame,192520793,2110917,1510,0
Game,176956237,17684860,1510,0
Info,194641329,342,1510,0
Frame,176947902,17694335,1510,0
Pad,194642882,7953,1511,0
Update,194651301,865386,1511,0
GS_FINISH_wait,195714771,80702,1511,0
Align3D,195710262,85419,1511,0
Bounds,195812190,5971,1511,0
VIF1_DMA_wait,195876777,450,1511,0
GIF_DMA_wait,195877581,132,1511,0
Packet_qwords,195883472,0,1511,124
VIF1_submit,195883461,5130,1511,0
VIF1_DMA_wait,195927851,17536,1511,0
GIF_DMA_wait,195945656,99,1511,0
Packet_qwords,195949346,0,1511,55
VIF1_submit,195949338,4726,1511,0
Dispatch,195825291,129920,1511,0
Static_bag,195811653,143750,1511,0
Bounds,195957933,8656,1511,0
Static_bag,195957363,9329,1511,0
Bounds,195972407,4298,1511,0
VIF1_DMA_wait,195998979,480,1511,0
GIF_DMA_wait,195999759,102,1511,0
Packet_qwords,196002310,0,1511,50
VIF1_submit,196002299,5104,1511,0
Dispatch,195985551,22886,1511,0
Static_bag,195972020,36582,1511,0
Bounds,196009674,5652,1511,0
VIF1_DMA_wait,196044020,399,1511,0
GIF_DMA_wait,196044787,47,1511,0
Packet_qwords,196048564,0,1511,78
VIF1_submit,196048553,4889,1511,0
Dispatch,196022399,32094,1511,0
Static_bag,196009073,45620,1511,0
Bounds,196055700,17873,1511,0
VIF1_DMA_wait,196099499,418,1511,0
GIF_DMA_wait,196100275,102,1511,0
Packet_qwords,196103356,0,1511,64
VIF1_submit,196103345,5296,1511,0
Dispatch,196081903,27910,1511,0
Static_bag,196055153,54756,1511,0
Bounds,196111034,5278,1511,0
VIF1_DMA_wait,196141215,404,1511,0
GIF_DMA_wait,196141977,47,1511,0
Packet_qwords,196145168,0,1511,64
VIF1_submit,196145157,4885,1511,0
Dispatch,196124049,27070,1511,0
Static_bag,196110387,40828,1511,0
Bounds,196152314,5326,1511,0
VIF1_DMA_wait,196190489,324,1511,0
GIF_DMA_wait,196191117,47,1511,0
Packet_qwords,196193104,0,1511,43
VIF1_submit,196193093,5203,1511,0
Dispatch,196165597,33906,1511,0
Static_bag,196151733,47866,1511,0
Bounds,196201482,4879,1511,0
Static_bag,196201011,5503,1511,0
Bounds,196206968,2398,1511,0
Static_bag,196206725,2885,1511,0
Bounds,196209964,2292,1511,0
Static_bag,196209755,2625,1511,0
Bounds,196212808,14515,1511,0
Static_bag,196212581,15081,1511,0
Bounds,196228394,2857,1511,0
Static_bag,196227979,3397,1511,0
Bounds,196232590,3203,1511,0
VIF1_DMA_wait,196253973,377,1511,0
GIF_DMA_wait,196254517,47,1511,0
Packet_qwords,196258940,0,1511,92
VIF1_submit,196258929,10374,1511,0
Dispatch,196242141,28246,1511,0
Static_bag,196232279,38270,1511,0
Bounds,196271828,6126,1511,0
VIF1_DMA_wait,196298699,6145,1511,0
GIF_DMA_wait,196305061,140,1511,0
Packet_qwords,196311638,0,1511,141
VIF1_submit,196311627,5137,1511,0
VIF1_DMA_wait,196325535,59844,1511,0
GIF_DMA_wait,196385642,99,1511,0
Packet_qwords,196389791,0,1511,57
VIF1_submit,196389783,4506,1511,0
Dispatch,196283917,111380,1511,0
Static_bag,196271025,124396,1511,0
Bounds,196397016,6105,1511,0
VIF1_DMA_wait,196424811,321,1511,0
GIF_DMA_wait,196425309,102,1511,0
Packet_qwords,196431788,0,1511,141
VIF1_submit,196431777,5233,1511,0
VIF1_DMA_wait,196448027,57758,1511,0
GIF_DMA_wait,196505880,43,1511,0
Packet_qwords,196509970,0,1511,78
VIF1_submit,196509962,4094,1511,0
Dispatch,196409239,105732,1511,0
Static_bag,196396091,119006,1511,0
Bounds,196516148,5202,1511,0
VIF1_DMA_wait,196551561,7224,1511,0
GIF_DMA_wait,196559101,104,1511,0
Packet_qwords,196561964,0,1511,57
VIF1_submit,196561953,5448,1511,0
Dispatch,196545303,23122,1511,0
Static_bag,196515567,53054,1511,0
Bounds,196569896,5926,1511,0
VIF1_DMA_wait,196586954,330,1511,0
GIF_DMA_wait,196587477,47,1511,0
Packet_qwords,196590020,0,1511,57
VIF1_submit,196590009,4921,1511,0
Dispatch,196581457,14472,1511,0
Static_bag,196569151,26940,1511,0
Bounds,196598268,5592,1511,0
VIF1_DMA_wait,196618127,239,1511,0
GIF_DMA_wait,196618553,47,1511,0
Packet_qwords,196622810,0,1511,92
VIF1_submit,196622799,4916,1511,0
Dispatch,196609303,19474,1511,0
Static_bag,196597457,31416,1511,0
Bounds,196629952,5162,1511,0
VIF1_DMA_wait,196654147,9212,1511,0
GIF_DMA_wait,196663503,102,1511,0
Packet_qwords,196669846,0,1511,141
VIF1_submit,196669835,5195,1511,0
VIF1_DMA_wait,196696259,47314,1511,0
GIF_DMA_wait,196743806,99,1511,0
Packet_qwords,196747433,0,1511,57
VIF1_submit,196747425,4824,1511,0
Dispatch,196640457,112866,1511,0
Static_bag,196629275,124164,1511,0
Bounds,196754780,5885,1511,0
VIF1_DMA_wait,196781159,1795,1511,0
GIF_DMA_wait,196783209,102,1511,0
Packet_qwords,196789640,0,1511,141
VIF1_submit,196789629,5173,1511,0
VIF1_DMA_wait,196805919,57918,1511,0
GIF_DMA_wait,196864140,149,1511,0
Packet_qwords,196868749,0,1511,78
VIF1_submit,196868741,4912,1511,0
Dispatch,196766659,108082,1511,0
Static_bag,196754023,120840,1511,0
Bounds,196876050,5875,1511,0
VIF1_DMA_wait,196894153,24233,1511,0
GIF_DMA_wait,196918567,104,1511,0
Packet_qwords,196921148,0,1511,57
VIF1_submit,196921137,4921,1511,0
Dispatch,196888033,38992,1511,0
Static_bag,196875311,51810,1511,0
Bounds,196928132,5292,1511,0
VIF1_DMA_wait,196944078,181,1511,0
GIF_DMA_wait,196944401,47,1511,0
Packet_qwords,196946960,0,1511,57
VIF1_submit,196946949,4879,1511,0
Dispatch,196938697,14214,1511,0
Static_bag,196927549,25456,1511,0
Bounds,196955240,5448,1511,0
VIF1_DMA_wait,196972495,307,1511,0
GIF_DMA_wait,196973009,47,1511,0
Packet_qwords,196976300,0,1511,71
VIF1_submit,196976289,5022,1511,0
Dispatch,196965825,16426,1511,0
Static_bag,196954435,27952,1511,0
Bounds,196983514,5422,1511,0
VIF1_DMA_wait,197020337,354,1511,0
GIF_DMA_wait,197020955,47,1511,0
Packet_qwords,197027402,0,1511,134
VIF1_submit,197027391,5294,1511,0
Dispatch,196994271,39440,1511,0
Static_bag,196982875,51018,1511,0
Bounds,197035244,5833,1511,0
VIF1_DMA_wait,197061467,34873,1511,0
GIF_DMA_wait,197096611,100,1511,0
Packet_qwords,197103014,0,1511,141
VIF1_submit,197103003,5161,1511,0
Dispatch,197047165,62425,1511,0
Static_bag,197034505,75196,1511,0
Bounds,197110720,5534,1511,0
VIF1_DMA_wait,197125086,51897,1511,0
GIF_DMA_wait,197177283,146,1511,0
Packet_qwords,197179580,0,1511,43
VIF1_submit,197179569,5292,1511,0
Dispatch,197121457,64620,1511,0
Static_bag,197110149,76064,1511,0
Bounds,197187604,5529,1511,0
VIF1_DMA_wait,197204947,307,1511,0
GIF_DMA_wait,197205481,47,1511,0
Packet_qwords,197208248,0,1511,57
VIF1_submit,197208237,4851,1511,0
Dispatch,197198905,15196,1511,0
Static_bag,197186813,27390,1511,0
Bounds,197217722,5081,1511,0
Static_bag,197217157,5867,1511,0
Bounds,197223514,3218,1511,0
Static_bag,197223308,3550,1511,0
Bounds,197227286,2104,1511,0
Static_bag,197227029,2484,1511,0
Bounds,197229946,2080,1511,0
Static_bag,197229669,2521,1511,0
Bounds,197232586,2156,1511,0
Static_bag,197232357,2551,1511,0
Bounds,197235922,2366,1511,0
Static_bag,197235612,2799,1511,0
Bounds,197238818,2182,1511,0
Static_bag,197238573,2593,1511,0
Bounds,197241664,2258,1511,0
Static_bag,197241374,2685,1511,0
Bounds,197244514,2056,1511,0
Static_bag,197244255,2434,1511,0
Bounds,197247088,2204,1511,0
Static_bag,197246843,2575,1511,0
GS_FINISH_wait,197270289,532,1511,0
Align3D,197265905,5066,1511,0
Reflections_shared_probe,195709561,1565770,1511,0
Portal,197275553,168,1511,0
Bounds,197276625,5266,1511,0
VIF1_DMA_wait,197336847,474,1511,0
GIF_DMA_wait,197337721,102,1511,0
Packet_qwords,197341886,0,1511,88
VIF1_submit,197341875,5196,1511,0
Dispatch,197288263,60006,1511,0
Static_bag,197276177,72222,1511,0
Bounds,197351159,8324,1511,0
Static_bag,197350599,9029,1511,0
Sky,197275868,84369,1511,0
Bounds,197364094,3939,1511,0
VIF1_DMA_wait,197452667,436,1511,0
GIF_DMA_wait,197453413,92,1511,0
Packet_qwords,197460248,0,1511,141
VIF1_submit,197460237,16914,1511,0
VIF1_DMA_wait,197485551,123915,1511,0
GIF_DMA_wait,197609562,97,1511,0
Packet_qwords,197612066,0,1511,36
VIF1_submit,197612058,4126,1511,0
Dispatch,197376477,251211,1511,0
Static_bag,197363749,264160,1511,0
Bounds,197629826,5591,1511,0
Static_bag,197629239,6331,1511,0
Bounds,197636182,2819,1511,0
VIF1_DMA_wait,197666817,450,1511,0
GIF_DMA_wait,197667523,98,1511,0
Packet_qwords,197670494,0,1511,57
VIF1_submit,197670483,5088,1511,0
Dispatch,197646549,30130,1511,0
Static_bag,197635966,40843,1511,0
Bounds,197678319,5313,1511,0
VIF1_DMA_wait,197709252,407,1511,0
GIF_DMA_wait,197709825,43,1511,0
Packet_qwords,197712494,0,1511,57
VIF1_submit,197712483,5040,1511,0
Dispatch,197690693,27996,1511,0
Static_bag,197677965,40820,1511,0
Bounds,197720277,5038,1511,0
Static_bag,197719893,5547,1511,0
Bounds,197726230,2377,1511,0
Static_bag,197725934,2798,1511,0
Bounds,197729272,3278,1511,0
VIF1_DMA_wait,197762817,355,1511,0
GIF_DMA_wait,197763463,43,1511,0
Packet_qwords,197770192,0,1511,141
VIF1_submit,197770181,14062,1511,0
VIF1_DMA_wait,197793315,59843,1511,0
GIF_DMA_wait,197853302,46,1511,0
Packet_qwords,197855960,0,1511,43
VIF1_submit,197855952,4720,1511,0
Dispatch,197737443,124198,1511,0
Static_bag,197729037,132698,1511,0
Bounds,197863394,5491,1511,0
VIF1_DMA_wait,197944653,510,1511,0
GIF_DMA_wait,197945467,98,1511,0
Packet_qwords,197952514,0,1511,141
VIF1_submit,197952503,5152,1511,0
VIF1_DMA_wait,197965368,61195,1511,0
GIF_DMA_wait,198026658,41,1511,0
Packet_qwords,198028726,0,1511,36
VIF1_submit,198028718,3980,1511,0
Dispatch,197876453,157250,1511,0
Static_bag,197862787,171012,1511,0
Bounds,198035656,5963,1511,0
VIF1_DMA_wait,198114155,472,1511,0
GIF_DMA_wait,198114949,92,1511,0
Packet_qwords,198121840,0,1511,141
VIF1_submit,198121829,5152,1511,0
VIF1_DMA_wait,198134610,61345,1511,0
GIF_DMA_wait,198196134,41,1511,0
Packet_qwords,198198528,0,1511,43
VIF1_submit,198198520,4008,1511,0
Dispatch,198049279,154236,1511,0
Static_bag,198034965,168662,1511,0
Bounds,198205582,5141,1511,0
Static_bag,198204821,6149,1511,0
Bounds,198211628,2333,1511,0
Static_bag,198211356,2692,1511,0
Bounds,198214906,2350,1511,0
Static_bag,198214576,2809,1511,0
Bounds,198218006,2639,1511,0
Static_bag,198217776,3011,1511,0
Bounds,198221410,2588,1511,0
Static_bag,198221230,2854,1511,0
Bounds,198224666,2166,1511,0
Static_bag,198224434,2526,1511,0
Bounds,198227524,2438,1511,0
Static_bag,198227346,2702,1511,0
Bounds,198230674,2867,1511,0
VIF1_DMA_wait,198264225,425,1511,0
GIF_DMA_wait,198264987,43,1511,0
Packet_qwords,198271790,0,1511,141
VIF1_submit,198271779,5340,1511,0
VIF1_DMA_wait,198284555,65386,1511,0
GIF_DMA_wait,198350160,97,1511,0
Packet_qwords,198353348,0,1511,43
VIF1_submit,198353340,4822,1511,0
Dispatch,198249797,109492,1511,0
Static_bag,198230494,128971,1511,0
Bounds,198361252,5727,1511,0
Static_bag,198360613,6454,1511,0
Bounds,198367726,2965,1511,0
Static_bag,198367511,3360,1511,0
Bounds,198371386,2837,1511,0
VIF1_DMA_wait,198427149,498,1511,0
GIF_DMA_wait,198427957,98,1511,0
Packet_qwords,198434774,0,1511,141
VIF1_submit,198434763,5172,1511,0
VIF1_DMA_wait,198447503,61046,1511,0
GIF_DMA_wait,198508644,41,1511,0
Packet_qwords,198510994,0,1511,43
VIF1_submit,198510986,4136,1511,0
Dispatch,198381673,134410,1511,0
Static_bag,198371206,144995,1511,0
Bounds,198517994,5705,1511,0
VIF1_DMA_wait,198575027,465,1511,0
GIF_DMA_wait,198575797,43,1511,0
Packet_qwords,198582526,0,1511,141
VIF1_submit,198582515,5200,1511,0
VIF1_DMA_wait,198595773,61006,1511,0
GIF_DMA_wait,198656954,41,1511,0
Packet_qwords,198659340,0,1511,43
VIF1_submit,198659332,4008,1511,0
Dispatch,198531109,133188,1511,0
Static_bag,198517283,147110,1511,0
Bounds,198666380,5467,1511,0
Static_bag,198665693,6257,1511,0
Bounds,198672614,2048,1511,0
Static_bag,198672382,2366,1511,0
Bounds,198675518,2881,1511,0
VIF1_DMA_wait,198751235,472,1511,0
GIF_DMA_wait,198752055,96,1511,0
Packet_qwords,198758576,0,1511,134
VIF1_submit,198758565,5004,1511,0
Dispatch,198686409,78266,1511,0
Static_bag,198675298,89545,1511,0
Bounds,198766726,5859,1511,0
VIF1_DMA_wait,198832451,390,1511,0
GIF_DMA_wait,198833143,43,1511,0
Packet_qwords,198839200,0,1511,127
VIF1_submit,198839189,5008,1511,0
Dispatch,198779899,65486,1511,0
Static_bag,198766073,79428,1511,0
Terrain,197360369,1485996,1511,0
Bounds,198848159,5446,1511,0
VIF1_DMA_wait,198885623,17966,1511,0
GIF_DMA_wait,198903943,150,1511,0
Packet_qwords,198905830,0,1511,34
VIF1_submit,198905819,5122,1511,0
Dispatch,198860421,51772,1511,0
Static_bag,198847785,64496,1511,0
Bounds,198913863,4684,1511,0
Static_bag,198913305,5461,1511,0
Bounds,198919633,2724,1511,0
VIF1_DMA_wait,198958325,441,1511,0
GIF_DMA_wait,198959079,43,1511,0
Packet_qwords,198961180,0,1511,40
VIF1_submit,198961169,5206,1511,0
Dispatch,198928819,38790,1511,0
Static_bag,198919385,48396,1511,0
Bounds,198969400,5583,1511,0
VIF1_DMA_wait,198984866,255,1511,0
GIF_DMA_wait,198985304,44,1511,0
Packet_qwords,198986936,0,1511,36
VIF1_submit,198986925,4837,1511,0
Dispatch,198981283,11644,1511,0
Static_bag,198968889,24134,1511,0
Bounds,198994598,4764,1511,0
VIF1_DMA_wait,199019245,356,1511,0
GIF_DMA_wait,199031169,96,1511,0
Packet_qwords,199034072,0,1511,57
VIF1_submit,199034061,5262,1511,0
Dispatch,199005807,34906,1511,0
Static_bag,198994181,46736,1511,0
Bounds,199042594,5685,1511,0
VIF1_DMA_wait,199075773,414,1511,0
GIF_DMA_wait,199076443,43,1511,0
Packet_qwords,199078580,0,1511,43
VIF1_submit,199078569,5035,1511,0
Dispatch,199056037,28902,1511,0
Static_bag,199041975,43070,1511,0
Bounds,199086723,4889,1511,0
VIF1_DMA_wait,199115593,310,1511,0
GIF_DMA_wait,199116141,43,1511,0
Packet_qwords,199117960,0,1511,40
VIF1_submit,199117949,4943,1511,0
Dispatch,199097821,26220,1511,0
Static_bag,199086317,37836,1511,0
Bounds,199125759,4888,1511,0
Static_bag,199125357,5537,1511,0
Static_batches,198846403,284864,1511,0
Bounds,199132271,2256,1511,0
Static_bag,199131900,2813,1511,0
Bounds,199135336,2176,1511,0
Static_bag,199135029,2654,1511,0
Bounds,199138318,2110,1511,0
Static_bag,199137987,2570,1511,0
Bounds,199141256,2172,1511,0
Static_bag,199140929,2634,1511,0
Bounds,199144208,2082,1511,0
Static_bag,199143885,2585,1511,0
Bounds,199147112,2406,1511,0
Static_bag,199146783,2909,1511,0
Bounds,199150358,2466,1511,0
Static_bag,199150005,3029,1511,0
Bounds,199153646,2058,1511,0
Static_bag,199153317,2522,1511,0
Bounds,199156562,2576,1511,0
Static_bag,199156215,3060,1511,0
Bounds,199159888,2140,1511,0
Static_bag,199159587,2660,1511,0
Bounds,199162886,2376,1511,0
Static_bag,199162551,2827,1511,0
Bounds,199166068,2246,1511,0
Static_bag,199165755,2645,1511,0
Bounds,199169096,2002,1511,0
Static_bag,199168707,2521,1511,0
Bounds,199171940,2256,1511,0
Static_bag,199171601,2775,1511,0
Bounds,199175050,14935,1511,0
Static_bag,199174731,15609,1511,0
Bounds,199191244,2633,1511,0
Static_bag,199190917,3148,1511,0
Bounds,199194820,2565,1511,0
Static_bag,199194467,3108,1511,0
Bounds,199198216,2511,1511,0
Static_bag,199197940,3025,1511,0
Bounds,199201498,2419,1511,0
Static_bag,199201293,2812,1511,0
Bounds,199204744,2151,1511,0
Static_bag,199204499,2532,1511,0
Bounds,199207598,2237,1511,0
Static_bag,199207391,2630,1511,0
Bounds,199210652,2243,1511,0
Static_bag,199210383,2738,1511,0
Bounds,199213732,2727,1511,0
Static_bag,199213467,3128,1511,0
Bounds,199217098,2385,1511,0
Static_bag,199216869,2740,1511,0
Bounds,199220236,2437,1511,0
Static_bag,199220009,2790,1511,0
Bounds,199223384,2493,1511,0
Static_bag,199223142,2969,1511,0
Bounds,199226690,2585,1511,0
Static_bag,199226463,2986,1511,0
Bounds,199230052,2915,1511,0
VIF1_DMA_wait,199270769,478,1511,0
GIF_DMA_wait,199271581,96,1511,0
Packet_qwords,199274848,0,1511,64
VIF1_submit,199274837,4960,1511,0
Dispatch,199241269,39548,1511,0
Static_bag,199229799,51164,1511,0
Bounds,199282348,5446,1511,0
VIF1_DMA_wait,199361403,516,1511,0
GIF_DMA_wait,199362229,98,1511,0
Packet_qwords,199369090,0,1511,141
VIF1_submit,199369079,5188,1511,0
VIF1_DMA_wait,199383973,59094,1511,0
GIF_DMA_wait,199443288,41,1511,0
Packet_qwords,199446474,0,1511,57
VIF1_submit,199446466,4002,1511,0
Dispatch,199295619,155776,1511,0
Static_bag,199281813,169676,1511,0
Bounds,199453094,5837,1511,0
VIF1_DMA_wait,199480107,1296,1511,0
GIF_DMA_wait,199481503,100,1511,0
Packet_qwords,199499482,0,1511,141
VIF1_submit,199499471,5548,1511,0
VIF1_DMA_wait,199515811,58181,1511,0
GIF_DMA_wait,199574210,99,1511,0
Packet_qwords,199577990,0,1511,57
VIF1_submit,199577982,4986,1511,0
Dispatch,199465537,118450,1511,0
Static_bag,199452375,131716,1511,0
Bounds,199585760,5951,1511,0
VIF1_DMA_wait,199613313,606,1511,0
GIF_DMA_wait,199614019,100,1511,0
Packet_qwords,199620524,0,1511,141
VIF1_submit,199620513,5101,1511,0
VIF1_DMA_wait,199634695,59828,1511,0
GIF_DMA_wait,199694857,188,1511,0
Packet_qwords,199699039,0,1511,57
VIF1_submit,199699031,4558,1511,0
Dispatch,199598143,106494,1511,0
Static_bag,199585069,119704,1511,0
Bounds,199706330,6037,1511,0
VIF1_DMA_wait,199730809,3566,1511,0
GIF_DMA_wait,199734519,98,1511,0
Packet_qwords,199739708,0,1511,113
VIF1_submit,199739697,5059,1511,0
Dispatch,199718749,27012,1511,0
Static_bag,199705599,40302,1511,0
Bounds,199746976,5150,1511,0
VIF1_DMA_wait,199762820,31351,1511,0
GIF_DMA_wait,199794271,100,1511,0
Packet_qwords,199796594,0,1511,50
VIF1_submit,199796583,15530,1511,0
Dispatch,199758249,55420,1511,0
Static_bag,199746609,67148,1511,0
Bounds,199815472,6509,1511,0
VIF1_DMA_wait,199832559,337,1511,0
GIF_DMA_wait,199832995,43,1511,0
Packet_qwords,199835300,0,1511,50
VIF1_submit,199835289,5389,1511,0
Dispatch,199827661,14022,1511,0
Static_bag,199814733,27062,1511,0
Bounds,199843222,5146,1511,0
VIF1_DMA_wait,199866587,418,1511,0
GIF_DMA_wait,199867221,90,1511,0
Packet_qwords,199869640,0,1511,50
VIF1_submit,199869629,4895,1511,0
Dispatch,199855323,20272,1511,0
Static_bag,199842659,33109,1511,0
Bounds,199877164,5510,1511,0
VIF1_DMA_wait,199898199,380,1511,0
GIF_DMA_wait,199898799,96,1511,0
Packet_qwords,199900516,0,1511,36
VIF1_submit,199900505,4871,1511,0
Dispatch,199889589,16810,1511,0
Static_bag,199876659,29888,1511,0
Bounds,199907720,4625,1511,0
Static_bag,199907285,5165,1511,0
Bounds,199913146,2330,1511,0
Static_bag,199912895,2718,1511,0
Bounds,199916174,2324,1511,0
Static_bag,199915919,2751,1511,0
Bounds,199919272,2310,1511,0
Static_bag,199918985,2683,1511,0
Bounds,199922282,2089,1511,0
Static_bag,199922019,2438,1511,0
Bounds,199925080,2014,1511,0
Static_bag,199924779,2401,1511,0
Bounds,199927820,2058,1511,0
Static_bag,199927485,2479,1511,0
Bounds,199930550,2408,1511,0
Static_bag,199930281,2798,1511,0
Bounds,199933700,2520,1511,0
VIF1_DMA_wait,199977695,477,1511,0
GIF_DMA_wait,199978503,96,1511,0
Packet_qwords,199981120,0,1511,50
VIF1_submit,199981109,5152,1511,0
Dispatch,199943361,44114,1511,0
Static_bag,199933397,54174,1511,0
Bounds,199989202,5951,1511,0
VIF1_DMA_wait,200006146,231,1511,0
GIF_DMA_wait,200006529,43,1511,0
Packet_qwords,200008706,0,1511,50
VIF1_submit,200008695,4933,1511,0
Dispatch,200001403,13012,1511,0
Static_bag,199988433,26078,1511,0
Bounds,200015392,4802,1511,0
VIF1_DMA_wait,200029734,36261,1511,0
GIF_DMA_wait,200066147,98,1511,0
Packet_qwords,200068388,0,1511,50
VIF1_submit,200068377,4975,1511,0
Dispatch,200025513,48644,1511,0
Static_bag,200015063,59220,1511,0
Bounds,200075594,5370,1511,0
VIF1_DMA_wait,200090632,225,1511,0
GIF_DMA_wait,200090959,43,1511,0
Packet_qwords,200093096,0,1511,50
VIF1_submit,200093085,4837,1511,0
Dispatch,200086491,12518,1511,0
Static_bag,200075163,23956,1511,0
Bounds,200100232,5168,1511,0
VIF1_DMA_wait,200124915,437,1511,0
GIF_DMA_wait,200125671,96,1511,0
Packet_qwords,200127752,0,1511,36
VIF1_submit,200127741,5070,1511,0
Dispatch,200110635,23264,1511,0
Static_bag,200099823,34226,1511,0
Bounds,200135414,5141,1511,0
Static_bag,200134905,5755,1511,0
Bounds,200141344,12007,1511,0
Static_bag,200141091,12651,1511,0
Bounds,200154604,3813,1511,0
VIF1_DMA_wait,200175597,462,1511,0
GIF_DMA_wait,200176407,96,1511,0
Packet_qwords,200178152,0,1511,36
VIF1_submit,200178141,5280,1511,0
Dispatch,200166207,18272,1511,0
Static_bag,200154235,30372,1511,0
Bounds,200185876,4678,1511,0
VIF1_DMA_wait,200208585,356,1511,0
GIF_DMA_wait,200209225,98,1511,0
Packet_qwords,200211734,0,1511,50
VIF1_submit,200211723,5005,1511,0
Dispatch,200197659,20150,1511,0
Static_bag,200185367,32562,1511,0
Bounds,200219390,5214,1511,0
VIF1_DMA_wait,200240325,392,1511,0
GIF_DMA_wait,200240997,96,1511,0
Packet_qwords,200242720,0,1511,36
VIF1_submit,200242709,4879,1511,0
Dispatch,200231811,16826,1511,0
Static_bag,200218901,29840,1511,0
Bounds,200249980,4527,1511,0
Static_bag,200249535,5125,1511,0
Bounds,200255264,2159,1511,0
Static_bag,200254995,2564,1511,0
Bounds,200258216,2299,1511,0
Static_bag,200257901,2750,1511,0
Bounds,200261314,2525,1511,0
Static_bag,200261003,2974,1511,0
Bounds,200264626,2363,1511,0
Static_bag,200264326,2838,1511,0
Bounds,200267764,13830,1511,0
Static_bag,200267483,14475,1511,0
Bounds,200282882,3042,1511,0
Static_bag,200282515,3600,1511,0
Bounds,200286740,2088,1511,0
Static_bag,200286527,2544,1511,0
Bounds,200289626,2168,1511,0
Static_bag,200289395,2576,1511,0
Bounds,200292538,2112,1511,0
Static_bag,200292329,2498,1511,0
Bounds,200295418,2020,1511,0
Static_bag,200295167,2414,1511,0
Bounds,200298182,1982,1511,0
Static_bag,200297969,2330,1511,0
Bounds,200300840,1980,1511,0
Static_bag,200300627,2384,1511,0
Bounds,200303596,2116,1511,0
Static_bag,200303345,2510,1511,0
Bounds,200306476,2585,1511,0
Static_bag,200306225,2972,1511,0
Bounds,200309750,2717,1511,0
VIF1_DMA_wait,200331537,480,1511,0
GIF_DMA_wait,200332269,96,1511,0
Packet_qwords,200334464,0,1511,43
VIF1_submit,200334453,4928,1511,0
Dispatch,200320263,20174,1511,0
Static_bag,200309543,30990,1511,0
Bounds,200341852,5368,1511,0
VIF1_DMA_wait,200357413,222,1511,0
GIF_DMA_wait,200357789,43,1511,0
Packet_qwords,200359910,0,1511,50
VIF1_submit,200359899,4909,1511,0
Dispatch,200353103,12726,1511,0
Static_bag,200341323,24602,1511,0
Bounds,200367086,5148,1511,0
VIF1_DMA_wait,200381796,311,1511,0
GIF_DMA_wait,200382259,43,1511,0
Packet_qwords,200384558,0,1511,50
VIF1_submit,200384547,5017,1511,0
Dispatch,200377407,13106,1511,0
Static_bag,200366637,23972,1511,0
Bounds,200391760,4940,1511,0
VIF1_DMA_wait,200414383,370,1511,0
GIF_DMA_wait,200414983,98,1511,0
Packet_qwords,200417336,0,1511,50
VIF1_submit,200417325,5031,1511,0
Dispatch,200403777,19730,1511,0
Static_bag,200391263,32378,1511,0
Bounds,200436677,5260,1511,0
VIF1_DMA_wait,200474375,478,1511,0
GIF_DMA_wait,200475205,98,1511,0
Packet_qwords,200478634,0,1511,71
VIF1_submit,200478623,5164,1511,0
Dispatch,200449827,35090,1511,0
Static_bag,200424435,60608,1511,0
Bounds,200486612,5245,1511,0
Static_bag,200485931,6099,1511,0
Bounds,200492884,2321,1511,0
Static_bag,200492603,2688,1511,0
Bounds,200495974,2733,1511,0
Static_bag,200495679,3203,1511,0
Bounds,200499508,2910,1511,0
Static_bag,200499197,3387,1511,0
Bounds,200503310,2449,1511,0
Static_bag,200502999,2899,1511,0
Bounds,200506660,2361,1511,0
Static_bag,200506373,2817,1511,0
Bounds,200509780,2431,1511,0
Static_bag,200509517,2825,1511,0
Bounds,200513012,2397,1511,0
Static_bag,200512747,2748,1511,0
Bounds,200516126,2201,1511,0
Static_bag,200515853,2560,1511,0
Bounds,200519116,2361,1511,0
Static_bag,200518816,2781,1511,0
Bounds,200522236,2300,1511,0
Static_bag,200521919,2784,1511,0
Bounds,200525344,2746,1511,0
VIF1_DMA_wait,200556923,396,1511,0
GIF_DMA_wait,200557675,98,1511,0
Packet_qwords,200560378,0,1511,57
VIF1_submit,200560367,4937,1511,0
Dispatch,200535555,30790,1511,0
Static_bag,200525015,41454,1511,0
Bounds,200567714,5183,1511,0
Static_bag,200567283,5827,1511,0
Bounds,200573918,2318,1511,0
Static_bag,200573633,2689,1511,0
Bounds,200577046,2470,1511,0
Static_bag,200576663,2988,1511,0
Bounds,200580244,14711,1511,0
VIF1_DMA_wait,200628159,450,1511,0
GIF_DMA_wait,200628909,126,1511,0
Packet_qwords,200631248,0,1511,43
VIF1_submit,200631237,5084,1511,0
Dispatch,200603213,34278,1511,0
Static_bag,200579967,57620,1511,0
Procedural,199131443,1506534,1511,0
Bounds,200647172,5292,1511,0
VIF1_DMA_wait,200674761,325,1511,0
GIF_DMA_wait,200675237,43,1511,0
Packet_qwords,200681884,0,1511,141
VIF1_submit,200681873,5027,1511,0
VIF1_DMA_wait,200701833,54486,1511,0
GIF_DMA_wait,200756629,98,1511,0
Packet_qwords,200763523,0,1511,113
VIF1_submit,200763515,4894,1511,0
Dispatch,200659521,110309,1511,0
Static_bag,200646647,123344,1511,0
Bounds,201000841,5486,1511,0
VIF1_DMA_wait,201027291,407,1511,0
GIF_DMA_wait,201027938,44,1511,0
Packet_qwords,201034618,0,1511,145
VIF1_submit,201034607,5242,1511,0
VIF1_DMA_wait,201067901,53172,1511,0
GIF_DMA_wait,201121315,43,1511,0
Packet_qwords,201127639,0,1511,113
VIF1_submit,201127631,4864,1511,0
Dispatch,201012579,121291,1511,0
Static_bag,201000297,133688,1511,0
Bounds,201135410,5563,1511,0
VIF1_DMA_wait,201159492,58005,1511,0
GIF_DMA_wait,201217833,152,1511,0
Packet_qwords,201224078,0,1511,120
VIF1_submit,201224067,5154,1511,0
Dispatch,201147151,83290,1511,0
Static_bag,201134587,95950,1511,0
Bounds,201232035,5938,1511,0
VIF1_DMA_wait,201247489,36134,1511,0
GIF_DMA_wait,201283761,98,1511,0
Packet_qwords,201285704,0,1511,40
VIF1_submit,201285693,4825,1511,0
Dispatch,201242971,48538,1511,0
Static_bag,201231277,60346,1511,0
Object,200646219,645998,1511,2
Bounds,201294763,5220,1511,0
Static_bag,201294323,5838,1511,0
Object,201293985,6469,1511,4
Bounds,201309550,3126,1511,0
Static_bag,201309341,3470,1511,0
Object,201309066,4528,1511,8
Bounds,201316113,3284,1511,0
Static_bag,201315855,3628,1511,0
Object,201315727,4023,1511,9
Bounds,201322105,2801,1511,0
Static_bag,201321910,3081,1511,0
Object,201321706,3497,1511,10
Bounds,201327517,2985,1511,0
Static_bag,201327317,3339,1511,0
Object,201327148,3695,1511,11
Object,201331390,136,1511,12
Object,201331936,58,1511,13
Object,201332500,66,1511,14
Object,201333034,66,1511,15
Object,201333524,70,1511,16
Object,201334142,70,1511,17
Object,201334660,56,1511,18
Object,201335150,70,1511,19
Object,201335644,56,1511,20
Object,201336148,66,1511,21
Object,201336598,72,1511,22
Bounds,201337924,3254,1511,0
Static_bag,201337590,3757,1511,0
Object,201337432,4184,1511,27
Bounds,201342640,14233,1511,0
Static_bag,201342400,14750,1511,0
Object,201342260,15149,1511,30
Bounds,201360355,13157,1511,0
Static_bag,201359971,13817,1511,0
Object,201359709,14512,1511,32
Bounds,201377257,3863,1511,0
Static_bag,201376897,4355,1511,0
Object,201376484,5036,1511,34
Bounds,201385042,3347,1511,0
VIF1_DMA_wait,201422673,396,1511,0
GIF_DMA_wait,201423435,96,1511,0
Packet_qwords,201427808,0,1511,92
VIF1_submit,201427797,5120,1511,0
Dispatch,201396697,37422,1511,0
Static_bag,201384730,49503,1511,0
Bounds,201435530,5064,1511,0
VIF1_DMA_wait,201497717,306,1511,0
GIF_DMA_wait,201498333,43,1511,0
Packet_qwords,201504974,0,1511,141
VIF1_submit,201504963,5089,1511,0
VIF1_DMA_wait,201532257,114051,1511,0
GIF_DMA_wait,201646536,97,1511,0
Packet_qwords,201650021,0,1511,57
VIF1_submit,201650013,4818,1511,0
Dispatch,201448069,207814,1511,0
Static_bag,201435015,220976,1511,0
Bounds,201657230,5215,1511,0
VIF1_DMA_wait,201736439,436,1511,0
GIF_DMA_wait,201737199,90,1511,0
Packet_qwords,201743944,0,1511,141
VIF1_submit,201743933,5086,1511,0
VIF1_DMA_wait,201760310,61025,1511,0
GIF_DMA_wait,201821502,41,1511,0
Packet_qwords,201825060,0,1511,71
VIF1_submit,201825052,14058,1511,0
Dispatch,201670353,169934,1511,0
Static_bag,201656689,183780,1511,0
Bounds,201841988,6049,1511,0
VIF1_DMA_wait,201871629,9642,1511,0
GIF_DMA_wait,201881595,142,1511,0
Packet_qwords,201884428,0,1511,57
VIF1_submit,201884417,5149,1511,0
Dispatch,201856737,33922,1511,0
Static_bag,201841227,49592,1511,0
Bounds,201891982,5074,1511,0
VIF1_DMA_wait,201914635,406,1511,0
GIF_DMA_wait,201915307,43,1511,0
Packet_qwords,201917270,0,1511,43
VIF1_submit,201917259,4843,1511,0
Dispatch,201904089,19166,1511,0
Static_bag,201891445,31906,1511,0
Object,201384544,539357,1511,35
Bounds,201926583,5009,1511,0
VIF1_DMA_wait,201961455,437,1511,0
GIF_DMA_wait,201962151,43,1511,0
Packet_qwords,201964024,0,1511,34
VIF1_submit,201964013,5038,1511,0
Dispatch,201937515,32594,1511,0
Static_bag,201926127,44082,1511,0
Object,201925665,45024,1511,36
Bounds,201976006,4931,1511,0
VIF1_DMA_wait,202026405,438,1511,0
GIF_DMA_wait,202027095,96,1511,0
Packet_qwords,202031474,0,1511,92
VIF1_submit,202031463,5252,1511,0
Dispatch,201999523,38302,1511,0
Static_bag,201975523,62398,1511,0
Bounds,202039400,5030,1511,0
VIF1_DMA_wait,202101689,306,1511,0
GIF_DMA_wait,202102299,43,1511,0
Packet_qwords,202108976,0,1511,141
VIF1_submit,202108965,5191,1511,0
VIF1_DMA_wait,202123477,123377,1511,0
GIF_DMA_wait,202247034,179,1511,0
Packet_qwords,202250695,0,1511,57
VIF1_submit,202250687,4798,1511,0
Dispatch,202052077,204384,1511,0
Static_bag,202038687,217949,1511,0
Bounds,202257848,5149,1511,0
VIF1_DMA_wait,202340495,436,1511,0
GIF_DMA_wait,202341283,98,1511,0
Packet_qwords,202348046,0,1511,141
VIF1_submit,202348035,4998,1511,0
VIF1_DMA_wait,202364366,60221,1511,0
GIF_DMA_wait,202424732,41,1511,0
Packet_qwords,202428304,0,1511,71
VIF1_submit,202428296,4118,1511,0
Dispatch,202271109,162232,1511,0
Static_bag,202257313,176154,1511,0
Bounds,202434914,5221,1511,0
VIF1_DMA_wait,202476737,454,1511,0
GIF_DMA_wait,202477521,96,1511,0
Packet_qwords,202480366,0,1511,57
VIF1_submit,202480355,5056,1511,0
Dispatch,202448137,38410,1511,0
Static_bag,202434213,52484,1511,0
Bounds,202488374,5069,1511,0
VIF1_DMA_wait,202511909,342,1511,0
GIF_DMA_wait,202512519,43,1511,0
Packet_qwords,202514434,0,1511,43
VIF1_submit,202514423,4889,1511,0
Dispatch,202501153,19286,1511,0
Static_bag,202487527,33010,1511,0
Object,201975193,546040,1511,37
Bounds,202527110,4892,1511,0
VIF1_DMA_wait,202564749,456,1511,0
GIF_DMA_wait,202565509,43,1511,0
Packet_qwords,202567838,0,1511,43
VIF1_submit,202567827,5124,1511,0
Dispatch,202539265,34834,1511,0
Static_bag,202526655,47546,1511,0
Bounds,202575868,5313,1511,0
VIF1_DMA_wait,202620867,401,1511,0
GIF_DMA_wait,202621587,96,1511,0
Packet_qwords,202624778,0,1511,64
VIF1_submit,202624767,5232,1511,0
Dispatch,202588597,42580,1511,0
Static_bag,202575085,56200,1511,0
Bounds,202632926,5951,1511,0
Static_bag,202632189,6841,1511,0
Bounds,202639642,2459,1511,0
Static_bag,202639404,2783,1511,0
Bounds,202643074,3021,1511,0
VIF1_DMA_wait,202664117,430,1511,0
GIF_DMA_wait,202664815,43,1511,0
Packet_qwords,202666672,0,1511,36
VIF1_submit,202666661,4789,1511,0
Dispatch,202654195,18240,1511,0
Static_bag,202642675,29860,1511,0
Object,202526307,146864,1511,39
Bounds,202678672,4786,1511,0
VIF1_DMA_wait,202698309,305,1511,0
GIF_DMA_wait,202698789,43,1511,0
Packet_qwords,202702990,0,1511,92
VIF1_submit,202702979,5119,1511,0
Dispatch,202688845,20376,1511,0
Static_bag,202678229,31118,1511,0
Bounds,202710722,4956,1511,0
VIF1_DMA_wait,202735157,8464,1511,0
GIF_DMA_wait,202743715,96,1511,0
Packet_qwords,202750138,0,1511,141
VIF1_submit,202750127,5195,1511,0
VIF1_DMA_wait,202763935,62072,1511,0
GIF_DMA_wait,202826265,142,1511,0
Packet_qwords,202829885,0,1511,57
VIF1_submit,202829877,4866,1511,0
Dispatch,202721157,114508,1511,0
Static_bag,202710043,125718,1511,0
Bounds,202837450,5537,1511,0
VIF1_DMA_wait,202863917,2404,1511,0
GIF_DMA_wait,202866471,98,1511,0
Packet_qwords,202872914,0,1511,141
VIF1_submit,202872903,5173,1511,0
VIF1_DMA_wait,202889113,57962,1511,0
GIF_DMA_wait,202947385,148,1511,0
Packet_qwords,202951913,0,1511,78
VIF1_submit,202951905,4914,1511,0
Dispatch,202849135,108712,1511,0
Static_bag,202836699,121244,1511,0
Bounds,202959488,5869,1511,0
VIF1_DMA_wait,202977925,23480,1511,0
GIF_DMA_wait,203001499,100,1511,0
Packet_qwords,203004200,0,1511,57
VIF1_submit,203004189,4881,1511,0
Dispatch,202971445,38586,1511,0
Static_bag,202958717,51426,1511,0
Bounds,203011306,5018,1511,0
VIF1_DMA_wait,203026878,269,1511,0
GIF_DMA_wait,203027285,43,1511,0
Packet_qwords,203029790,0,1511,57
VIF1_submit,203029779,4965,1511,0
Dispatch,203021497,14346,1511,0
Static_bag,203010719,25250,1511,0
Object,202677913,358688,1511,41
Bounds,203039127,5429,1511,0
VIF1_DMA_wait,203051809,307,1511,0
GIF_DMA_wait,203052217,53,1511,0
Packet_qwords,203053924,0,1511,34
VIF1_submit,203053913,4781,1511,0
Dispatch,203048779,10930,1511,0
Static_bag,203038649,21216,1511,0
Object,203038239,22068,1511,42
Bounds,203065654,4542,1511,0
VIF1_DMA_wait,203094497,387,1511,0
GIF_DMA_wait,203095137,43,1511,0
Packet_qwords,203098472,0,1511,71
VIF1_submit,203098461,5288,1511,0
Dispatch,203075367,29548,1511,0
Static_bag,203065187,39822,1511,0
Bounds,203106604,5739,1511,0
VIF1_DMA_wait,203131940,273,1511,0
GIF_DMA_wait,203132351,43,1511,0
Packet_qwords,203138492,0,1511,134
VIF1_submit,203138481,5191,1511,0
Dispatch,203118409,26268,1511,0
Static_bag,203105855,38934,1511,0
Bounds,203146048,17383,1511,0
VIF1_DMA_wait,203185089,23223,1511,0
GIF_DMA_wait,203208505,96,1511,0
Packet_qwords,203215160,0,1511,141
VIF1_submit,203215149,5406,1511,0
Dispatch,203169619,52261,1511,0
Static_bag,203145593,76416,1511,0
Bounds,203223356,5338,1511,0
VIF1_DMA_wait,203252025,37173,1511,0
GIF_DMA_wait,203289512,99,1511,0
Packet_qwords,203291728,0,1511,43
VIF1_submit,203291717,5212,1511,0
Dispatch,203247131,50988,1511,0
Static_bag,203222767,75442,1511,0
Bounds,203299616,5466,1511,0
VIF1_DMA_wait,203315868,193,1511,0
GIF_DMA_wait,203316207,43,1511,0
Packet_qwords,203318770,0,1511,57
VIF1_submit,203318759,4909,1511,0
Dispatch,203310457,14328,1511,0
Static_bag,203298907,26040,1511,0
Object,203064877,260618,1511,43
Bounds,203333235,4678,1511,0
Static_bag,203332865,5309,1511,0
Object,203332521,5911,1511,52
Bounds,203343598,2592,1511,0
Static_bag,203343315,2996,1511,0
Object,203343190,3328,1511,59
Bounds,203348012,2452,1511,0
Static_bag,203347668,2917,1511,0
Object,203347472,3216,1511,60
Bounds,203351842,2710,1511,0
VIF1_DMA_wait,203368473,317,1511,0
GIF_DMA_wait,203368976,44,1511,0
Packet_qwords,203372876,0,1511,85
VIF1_submit,203372865,5085,1511,0
Dispatch,203359717,19240,1511,0
Static_bag,203351637,27416,1511,0
Object,203351512,28277,1511,61
Bounds,203383466,5320,1511,0
VIF1_DMA_wait,203417549,405,1511,0
GIF_DMA_wait,203418301,43,1511,0
Packet_qwords,203422192,0,1511,85
VIF1_submit,203422181,5518,1511,0
Dispatch,203407941,20804,1511,0
Static_bag,203382965,45906,1511,0
Object,203382674,46857,1511,62
Bounds,203433128,5339,1511,0
Static_bag,203432605,6025,1511,0
Object,203432257,6593,1511,63
Bounds,203440511,2325,1511,0
Static_bag,203440209,2828,1511,0
Object,203440004,3254,1511,64
Bounds,203444944,2733,1511,0
Static_bag,203444670,3202,1511,0
Object,203444396,3656,1511,65
Bounds,203449881,3167,1511,0
VIF1_DMA_wait,203468535,335,1511,0
GIF_DMA_wait,203469006,44,1511,0
Packet_qwords,203472926,0,1511,85
VIF1_submit,203472915,5065,1511,0
Dispatch,203459955,18994,1511,0
Static_bag,203449560,29495,1511,0
Object,203449238,30393,1511,66
Bounds,203483398,5321,1511,0
VIF1_DMA_wait,203504483,4837,1511,0
GIF_DMA_wait,203509470,101,1511,0
Packet_qwords,203513480,0,1511,85
VIF1_submit,203513469,5005,1511,0
Dispatch,203495229,24286,1511,0
Static_bag,203482891,36756,1511,0
Object,203482581,37586,1511,67
Bounds,203523898,4467,1511,0
Static_bag,203523415,5162,1511,0
Object,203523105,5717,1511,68
Bounds,203530272,2469,1511,0
Static_bag,203530029,2834,1511,0
Object,203529940,3194,1511,69
Bounds,203534876,3064,1511,0
VIF1_DMA_wait,203564865,413,1511,0
GIF_DMA_wait,203565583,43,1511,0
Packet_qwords,203569382,0,1511,78
VIF1_submit,203569371,5214,1511,0
Dispatch,203543991,31762,1511,0
Static_bag,203534506,41373,1511,0
Bounds,203577428,6205,1511,0
VIF1_DMA_wait,203595606,6753,1511,0
GIF_DMA_wait,203602459,100,1511,0
Packet_qwords,203605012,0,1511,57
VIF1_submit,203605001,4955,1511,0
Dispatch,203589691,21342,1511,0
Static_bag,203576611,34540,1511,0
Object,203534348,77383,1511,70
Bounds,203615518,5126,1511,0
VIF1_DMA_wait,203634057,311,1511,0
GIF_DMA_wait,203634504,44,1511,0
Packet_qwords,203638190,0,1511,78
VIF1_submit,203638179,5055,1511,0
Dispatch,203626107,18122,1511,0
Static_bag,203615035,29334,1511,0
Bounds,203645854,5048,1511,0
VIF1_DMA_wait,203662164,7671,1511,0
GIF_DMA_wait,203669981,98,1511,0
Packet_qwords,203672540,0,1511,57
VIF1_submit,203672529,4867,1511,0
Dispatch,203656629,21797,1511,0
Static_bag,203645107,33460,1511,0
Object,203614725,64392,1511,71
Bounds,203683056,4347,1511,0
Static_bag,203682522,5054,1511,0
Bounds,203688064,2137,1511,0
Static_bag,203687807,2480,1511,0
Object,203682207,8233,1511,72
Bounds,203692016,2776,1511,0
VIF1_DMA_wait,203720069,399,1511,0
GIF_DMA_wait,203720811,43,1511,0
Packet_qwords,203724646,0,1511,78
VIF1_submit,203724635,5194,1511,0
Dispatch,203700087,30884,1511,0
Static_bag,203691611,39488,1511,0
Bounds,203732674,5855,1511,0
VIF1_DMA_wait,203750430,12897,1511,0
GIF_DMA_wait,203763537,98,1511,0
Packet_qwords,203766452,0,1511,57
VIF1_submit,203766441,5282,1511,0
Dispatch,203744641,28252,1511,0
Static_bag,203731873,41134,1511,0
Object,203691471,82124,1511,73
Bounds,203780600,5045,1511,0
VIF1_DMA_wait,203827131,372,1511,0
GIF_DMA_wait,203827719,90,1511,0
Packet_qwords,203830408,0,1511,50
VIF1_submit,203830397,4999,1511,0
Dispatch,203793139,43402,1511,0
Static_bag,203780149,56496,1511,0
Bounds,203838076,5390,1511,0
VIF1_DMA_wait,203880965,440,1511,0
GIF_DMA_wait,203881753,98,1511,0
Packet_qwords,203884780,0,1511,64
VIF1_submit,203884769,5074,1511,0
Dispatch,203850627,40376,1511,0
Static_bag,203837565,53558,1511,0
Bounds,203892754,5549,1511,0
VIF1_DMA_wait,203922993,317,1511,0
GIF_DMA_wait,203923581,43,1511,0
Packet_qwords,203925428,0,1511,36
VIF1_submit,203925417,5011,1511,0
Dispatch,203907379,24244,1511,0
Static_bag,203891905,39808,1511,0
Object,203779795,152518,1511,75
Bounds,203937268,5074,1511,0
VIF1_DMA_wait,203953351,369,1511,0
GIF_DMA_wait,203953869,43,1511,0
Packet_qwords,203955832,0,1511,43
VIF1_submit,203955821,4871,1511,0
Dispatch,203948377,13396,1511,0
Static_bag,203936771,25124,1511,0
Bounds,203963372,4770,1511,0
VIF1_DMA_wait,203979132,275,1511,0
GIF_DMA_wait,203979507,43,1511,0
Packet_qwords,203982484,0,1511,64
VIF1_submit,203982473,4915,1511,0
Dispatch,203973306,15109,1511,0
Static_bag,203962601,25956,1511,0
Bounds,203989786,5276,1511,0
VIF1_DMA_wait,204003580,911,1511,0
GIF_DMA_wait,204004643,98,1511,0
Packet_qwords,204006308,0,1511,36
VIF1_submit,204006297,4827,1511,0
Dispatch,204000969,11204,1511,0
Static_bag,203989129,23190,1511,0
Object,203936401,76378,1511,76
Bounds,204029114,5141,1511,0
VIF1_DMA_wait,204044989,361,1511,0
GIF_DMA_wait,204045577,43,1511,0
Packet_qwords,204047614,0,1511,43
VIF1_submit,204047603,5208,1511,0
Dispatch,204040425,13402,1511,0
Static_bag,204028599,25322,1511,0
Bounds,204055318,5108,1511,0
VIF1_DMA_wait,204071212,189,1511,0
GIF_DMA_wait,204071503,43,1511,0
Packet_qwords,204074362,0,1511,64
VIF1_submit,204074351,4861,1511,0
Dispatch,204065295,14918,1511,0
Static_bag,204054733,25643,1511,0
Bounds,204081730,5206,1511,0
VIF1_DMA_wait,204095382,717,1511,0
GIF_DMA_wait,204096251,98,1511,0
Packet_qwords,204097988,0,1511,36
VIF1_submit,204097977,4815,1511,0
Dispatch,204092643,11080,1511,0
Static_bag,204081187,22696,1511,0
Object,204028195,76276,1511,77
Bounds,204109348,4666,1511,0
VIF1_DMA_wait,204123271,295,1511,0
GIF_DMA_wait,204123719,43,1511,0
Packet_qwords,204125762,0,1511,43
VIF1_submit,204125751,4857,1511,0
Dispatch,204119397,12248,1511,0
Static_bag,204108883,22858,1511,0
Bounds,204133054,4930,1511,0
VIF1_DMA_wait,204148686,275,1511,0
GIF_DMA_wait,204149013,43,1511,0
Packet_qwords,204152000,0,1511,64
VIF1_submit,204151989,4951,1511,0
Dispatch,204142863,15094,1511,0
Static_bag,204132503,25550,1511,0
Bounds,204159424,5156,1511,0
VIF1_DMA_wait,204184745,360,1511,0
GIF_DMA_wait,204185385,43,1511,0
Packet_qwords,204187090,0,1511,36
VIF1_submit,204187079,5094,1511,0
Dispatch,204169965,23266,1511,0
Static_bag,204158903,34486,1511,0
Object,204108585,85296,1511,78
Bounds,204199042,4913,1511,0
VIF1_DMA_wait,204214273,313,1511,0
GIF_DMA_wait,204214722,44,1511,0
Packet_qwords,204216794,0,1511,43
VIF1_submit,204216783,4951,1511,0
Dispatch,204210069,12670,1511,0
Static_bag,204198517,24322,1511,0
Bounds,204224170,4964,1511,0
VIF1_DMA_wait,204240306,205,1511,0
GIF_DMA_wait,204240665,65,1511,0
Packet_qwords,204243548,0,1511,64
VIF1_submit,204243537,4899,1511,0
Dispatch,204233991,15526,1511,0
Static_bag,204223565,26052,1511,0
Bounds,204251140,5192,1511,0
VIF1_DMA_wait,204264956,497,1511,0
GIF_DMA_wait,204265593,98,1511,0
Packet_qwords,204267304,0,1511,36
VIF1_submit,204267293,4883,1511,0
Dispatch,204262161,11014,1511,0
Static_bag,204250423,22888,1511,0
Object,204198165,75794,1511,79
Bounds,204278926,4799,1511,0
VIF1_DMA_wait,204293181,301,1511,0
GIF_DMA_wait,204293670,44,1511,0
Packet_qwords,204295684,0,1511,43
VIF1_submit,204295673,4855,1511,0
Dispatch,204289299,12392,1511,0
Static_bag,204278353,23434,1511,0
Bounds,204303278,4908,1511,0
VIF1_DMA_wait,204318966,287,1511,0
GIF_DMA_wait,204319353,43,1511,0
Packet_qwords,204322244,0,1511,64
VIF1_submit,204322233,15536,1511,0
Dispatch,204313239,26006,1511,0
Static_bag,204302591,36788,1511,0
Bounds,204341030,6395,1511,0
VIF1_DMA_wait,204367341,313,1511,0
GIF_DMA_wait,204367869,43,1511,0
Packet_qwords,204369650,0,1511,36
VIF1_submit,204369639,5232,1511,0
Dispatch,204353479,22488,1511,0
Static_bag,204340127,35934,1511,0
Object,204278047,98594,1511,80
Bounds,204393172,4551,1511,0
Static_bag,204392665,5361,1511,0
Bounds,204398626,2263,1511,0
Static_bag,204398387,2640,1511,0
Object,204392290,8844,1511,99
Bounds,204402674,2452,1511,0
Static_bag,204402417,2795,1511,0
Bounds,204405652,2102,1511,0
Static_bag,204405441,2401,1511,0
Object,204402291,5767,1511,100
Bounds,204409766,2610,1511,0
Static_bag,204409449,3127,1511,0
Bounds,204412988,2112,1511,0
Static_bag,204412757,2475,1511,0
Object,204409273,6243,1511,101
Bounds,204417178,2307,1511,0
Static_bag,204416895,2676,1511,0
Bounds,204420016,2020,1511,0
Static_bag,204419743,2427,1511,0
Object,204416756,5662,1511,102
Bounds,204423934,2690,1511,0
Static_bag,204423657,3163,1511,0
Bounds,204427210,2722,1511,0
Static_bag,204426985,3073,1511,0
Object,204423531,6775,1511,103
Bounds,204431854,2518,1511,0
Static_bag,204431621,2870,1511,0
Bounds,204434914,2422,1511,0
Static_bag,204434621,2850,1511,0
Object,204431504,6162,1511,104
Bounds,204442334,3245,1511,0
VIF1_DMA_wait,204458031,311,1511,0
GIF_DMA_wait,204458522,44,1511,0
Packet_qwords,204461626,0,1511,64
VIF1_submit,204461615,4999,1511,0
Dispatch,204451621,15978,1511,0
Static_bag,204442032,25681,1511,0
Bounds,204469216,5444,1511,0
VIF1_DMA_wait,204495293,372,1511,0
GIF_DMA_wait,204495943,43,1511,0
Packet_qwords,204498088,0,1511,43
VIF1_submit,204498077,5136,1511,0
Dispatch,204480081,24182,1511,0
Static_bag,204468529,35830,1511,0
Object,204441834,63203,1511,108
Bounds,204509006,5455,1511,0
VIF1_DMA_wait,204527721,311,1511,0
GIF_DMA_wait,204528254,44,1511,0
Packet_qwords,204531326,0,1511,64
VIF1_submit,204531315,4969,1511,0
Dispatch,204520627,16721,1511,0
Static_bag,204508429,29068,1511,0
Bounds,204539126,5908,1511,0
VIF1_DMA_wait,204554452,265,1511,0
GIF_DMA_wait,204554817,43,1511,0
Packet_qwords,204556718,0,1511,43
VIF1_submit,204556707,4785,1511,0
Dispatch,204550725,11906,1511,0
Static_bag,204538331,24414,1511,0
Object,204508057,55310,1511,109
Bounds,204567430,4619,1511,0
Static_bag,204566881,5378,1511,0
Bounds,204572810,2482,1511,0
Static_bag,204572553,2906,1511,0
Object,204566557,9009,1511,110
Bounds,204576970,2371,1511,0
Static_bag,204576735,2741,1511,0
Object,204576594,3034,1511,111
Bounds,204580970,2409,1511,0
Static_bag,204580619,2991,1511,0
Object,204580533,3339,1511,112
Bounds,204585244,2421,1511,0
Static_bag,204584925,2826,1511,0
Object,204584790,3144,1511,113
Bounds,204588808,2473,1511,0
Static_bag,204588574,2827,1511,0
Object,204588400,3254,1511,114
Object,204592158,174,1511,115
Object,204592828,74,1511,116
Object,204593422,116,1511,117
Object,204593968,72,1511,118
Object,204594532,102,1511,119
Object,204595180,56,1511,120
Bounds,204599164,4248,1511,0
VIF1_DMA_wait,204670973,430,1511,0
GIF_DMA_wait,204671733,96,1511,0
Packet_qwords,204678352,0,1511,134
VIF1_submit,204678341,5098,1511,0
Dispatch,204611847,72770,1511,0
Static_bag,204598865,85880,1511,0
Bounds,204794443,15968,1511,0
VIF1_DMA_wait,204862349,453,1511,0
GIF_DMA_wait,204863101,43,1511,0
Packet_qwords,204869536,0,1511,138
VIF1_submit,204869525,5344,1511,0
Dispatch,204818733,57320,1511,0
Static_bag,204793899,82280,1511,0
Object,204598716,277841,1511,121
Bounds,204883545,5952,1511,0
Static_bag,204882689,7083,1511,0
Bounds,204898563,4083,1511,0
Static_bag,204898298,4523,1511,0
Bounds,204903226,3146,1511,0
VIF1_DMA_wait,205002057,480,1511,0
GIF_DMA_wait,205002931,102,1511,0
Packet_qwords,205009826,0,1511,141
VIF1_submit,205009815,4878,1511,0
VIF1_DMA_wait,205022145,61714,1511,0
GIF_DMA_wait,205083998,41,1511,0
Packet_qwords,205085988,0,1511,36
VIF1_submit,205085980,3936,1511,0
Dispatch,204915303,175498,1511,0
Static_bag,204902985,187912,1511,0
Bounds,205346851,5252,1511,0
VIF1_DMA_wait,205441599,474,1511,0
GIF_DMA_wait,205442409,96,1511,0
Packet_qwords,205449212,0,1511,145
VIF1_submit,205449201,5184,1511,0
VIF1_DMA_wait,205462555,73338,1511,0
GIF_DMA_wait,205536032,41,1511,0
Packet_qwords,205538088,0,1511,36
VIF1_submit,205538080,3936,1511,0
Dispatch,205360307,182540,1511,0
Static_bag,205346343,196600,1511,0
Object,204882261,661118,1511,122
Bounds,205549908,17731,1511,0
VIF1_DMA_wait,205594011,438,1511,0
GIF_DMA_wait,205594745,100,1511,0
Packet_qwords,205598846,0,1511,85
VIF1_submit,205598835,5340,1511,0
Dispatch,205582993,22270,1511,0
Static_bag,205549305,56084,1511,0
Object,205548907,57028,1511,134
Object,205607889,429,1511,135
Object,205608770,56,1511,136
Object,205609240,72,1511,137
Object,205609726,90,1511,138
Object,205610236,86,1511,139
Object,205610743,63,1511,140
Object,205611244,80,1511,141
Object,205611980,70,1511,142
Objects,200638123,4976006,1511,0
Bounds,205924472,155767,1511,0
VIF1_DMA_wait,206101569,305,1511,0
GIF_DMA_wait,206102151,47,1511,0
Packet_qwords,206108704,0,1511,141
VIF1_submit,206108693,5380,1511,0
VIF1_DMA_wait,206128635,54450,1511,0
GIF_DMA_wait,206183258,44,1511,0
Packet_qwords,206196613,0,1511,113
VIF1_submit,206196605,5237,1511,0
VIF1_DMA_wait,206217633,52529,1511,0
GIF_DMA_wait,206270336,44,1511,0
Packet_qwords,206276006,0,1511,113
VIF1_submit,206275998,4498,1511,0
VIF1_DMA_wait,206287033,62510,1511,0
GIF_DMA_wait,206349812,99,1511,0
Packet_qwords,206352634,0,1511,36
VIF1_submit,206352626,4322,1511,0
Dispatch,206087149,270948,1511,0
Static_bag,205923929,434340,1511,0
Bounds,206397560,17435,1511,0
VIF1_DMA_wait,206436393,462,1511,0
GIF_DMA_wait,206437213,102,1511,0
Packet_qwords,206439652,0,1511,50
VIF1_submit,206439641,5482,1511,0
Dispatch,206423115,23230,1511,0
Static_bag,206397035,49404,1511,0
Bounds,206600636,75751,1511,0
VIF1_DMA_wait,206716823,478,1511,0
GIF_DMA_wait,206717671,102,1511,0
Packet_qwords,206721460,0,1511,78
VIF1_submit,206721449,5074,1511,0
Dispatch,206684919,42916,1511,0
Static_bag,206600105,127842,1511,0
Wheels,205614207,1114504,1511,0
Animation,206728796,227,1511,0
Shadow_decals,206729231,94,1511,0
Mirrors,206729473,1,1511,0
Portal_surfaces,206729573,1,1511,0
Light_pools,206729605,3284,1511,0
GS_FINISH_wait,206791029,544,1511,0
Align3D,206786621,5230,1511,0
Bounds,206803952,16161,1511,0
VIF1_DMA_wait,206844543,468,1511,0
GIF_DMA_wait,206845261,98,1511,0
Packet_qwords,206851892,0,1511,141
VIF1_submit,206851881,5478,1511,0
VIF1_DMA_wait,206874662,51431,1511,0
GIF_DMA_wait,206926238,41,1511,0
Packet_qwords,206931790,0,1511,113
VIF1_submit,206931782,4490,1511,0
Dispatch,206828071,109309,1511,0
Static_bag,206803415,134094,1511,0
Bounds,206939176,5240,1511,0
VIF1_DMA_wait,206974841,29407,1511,0
GIF_DMA_wait,207004530,101,1511,0
Packet_qwords,207010238,0,1511,120
VIF1_submit,207010227,5221,1511,0
Dispatch,206950125,66482,1511,0
Static_bag,206938459,78294,1511,0
Bounds,207018351,5638,1511,0
VIF1_DMA_wait,207033092,36355,1511,0
GIF_DMA_wait,207069637,100,1511,0
Packet_qwords,207071588,0,1511,40
VIF1_submit,207071577,4848,1511,0
Dispatch,207029083,48388,1511,0
Static_bag,207017689,59986,1511,0
GS_FINISH_wait,207134931,532,1511,0
Align3D,207130007,5734,1511,0
Bounds,207147412,5897,1511,0
VIF1_DMA_wait,207175371,444,1511,0
GIF_DMA_wait,207175999,134,1511,0
Packet_qwords,207182738,0,1511,141
VIF1_submit,207182727,5118,1511,0
Dispatch,207160689,28481,1511,0
Static_bag,207146907,42374,1511,0
GS_FINISH_wait,207259965,5251,1511,0
Align3D,207196901,68469,1511,0
Bounds,207334973,10714,1511,0
GS_FINISH_wait,207353157,552,1511,0
Align3D,207347364,6481,1511,0
VIF1_DMA_wait,207377997,400,1511,0
GIF_DMA_wait,207378699,102,1511,0
Packet_qwords,207381026,0,1511,42
VIF1_submit,207381015,5046,1511,0
GS_FINISH_wait,207391845,19218,1511,0
Align3D,207387418,23789,1511,0
Dispatch,207372951,41151,1511,0
Static_bag,207334445,79758,1511,0
Bounds,207478973,10260,1511,0
GS_FINISH_wait,207498411,479,1511,0
Align3D,207492534,6500,1511,0
VIF1_DMA_wait,207530707,408,1511,0
GIF_DMA_wait,207531471,96,1511,0
Packet_qwords,207533698,0,1511,42
VIF1_submit,207533687,4786,1511,0
GS_FINISH_wait,207544311,13288,1511,0
Align3D,207539688,18061,1511,0
Dispatch,207506425,54179,1511,0
Static_bag,207478451,82248,1511,0
Projected_shadows,206733040,828343,1511,0
Bounds,207566993,7778,1511,0
Static_bag,207566651,8223,1511,0
Bounds,207578666,16395,1511,0
Static_bag,207578441,17055,1511,0
Bounds,207599729,7192,1511,0
VIF1_DMA_wait,207623637,444,1511,0
GIF_DMA_wait,207624445,98,1511,0
Packet_qwords,207626456,0,1511,36
VIF1_submit,207626445,5268,1511,0
Dispatch,207615811,17056,1511,0
Static_bag,207599297,33714,1511,0
Blob_shadows,207561555,71720,1511,0
Light_beams,207633425,3042,1511,0
Highlights_and_outlines,207636595,1,1511,0
Bounds,207654512,7933,1511,0
VIF1_DMA_wait,207676638,433,1511,0
GIF_DMA_wait,207677377,102,1511,0
Packet_qwords,207678998,0,1511,34
VIF1_submit,207678987,5481,1511,0
Dispatch,207669871,15652,1511,0
Static_bag,207654125,31494,1511,0
Particles,207636685,49136,1511,0
Scene,195708491,11977508,1511,0
GS_FINISH_wait,207694725,544,1511,0
Align3D,207690738,4667,1511,0
GS_FINISH_wait,207872223,552,1511,0
Align3D,207867090,5919,1511,0
PostFx,207866649,134670,1511,0
Present,208002021,4324102,1511,0
EndFrame,207713111,4613295,1511,0
Game,194651065,17684686,1511,0
Info,212335951,338,1511,0
Frame,194642784,17694155,1511,0
END,16884,0,12,1500
