frame,phase,update_ms,vehicles_included_ms,submit_ms,finish_ms,present_ms,total_ms,bounds_included_ms,prepare_included_ms,dispatch_included_ms,packet_included_ms,dma_included_ms,vif_wait_included_ms,flushes,triangles,uploads,reuploads
120,0,7.101640,2.052558,32.203067,1.003035,19.656898,59.964640,4.253550,2.727329,18.854414,2.437059,2.401035,6.558027,135,21665,0,0
121,0,7.476254,2.044156,32.530704,0.979468,18.976749,59.963175,4.486949,2.580743,18.841170,2.423387,2.340288,6.715193,135,21665,0,0
122,0,2.877913,2.050415,32.093163,1.003516,3.957340,39.931932,4.219974,2.832587,18.661499,2.487718,2.417565,6.368907,135,21665,0,0
123,0,2.893307,2.046509,32.682132,1.014177,3.373661,39.963277,4.351295,2.545898,19.146196,2.326430,2.450209,6.669959,135,21665,0,0
124,0,2.909298,2.073046,32.216678,1.004737,3.833154,39.963867,4.540331,2.418708,18.854014,2.554152,2.540351,6.611576,135,21665,0,0
125,0,20.493995,2.026937,32.348921,1.039934,6.110823,59.993673,4.146491,2.454637,19.243798,2.537160,2.501719,6.738427,135,21665,0,0
126,0,2.844323,2.054552,32.629846,1.002479,3.449649,39.926297,4.441186,2.456577,18.881209,2.480360,2.409437,6.564338,135,21665,0,0
127,0,2.918094,2.056241,32.630883,1.009993,3.404232,39.963203,4.334869,2.691522,18.791033,2.454766,2.292599,6.606384,135,21665,0,0
128,0,2.884179,2.052714,32.232140,1.009152,3.837731,39.963203,4.296346,2.633185,18.915873,2.395077,2.425439,6.750539,135,21665,0,0
129,0,10.564714,2.052395,32.355635,1.005978,16.036319,59.962646,4.389109,2.639615,19.006314,2.410767,2.387977,6.530192,135,21665,0,0
130,0,2.872901,2.051826,32.465593,1.011810,3.613339,39.963643,4.168050,2.605835,19.007762,2.525191,2.419508,6.571174,135,21665,0,0
131,0,2.858049,2.065898,32.593001,1.008582,3.502282,39.961914,4.322706,2.462952,18.979835,2.487810,2.426005,6.711928,135,21665,0,0
132,0,2.866085,2.038378,32.090769,1.006100,3.968469,39.931424,4.343604,2.498861,18.973772,2.591933,2.373220,6.426758,135,21665,0,0
133,0,7.064022,2.047275,32.118635,1.008019,19.772254,59.962931,4.385969,2.382724,18.902120,2.575494,2.398905,6.597158,135,21665,0,0
134,0,2.822364,2.028585,32.461450,1.000261,3.678775,39.962850,4.281904,2.497545,19.087053,2.482456,2.424476,6.610992,135,21665,0,0
135,0,2.877296,2.054321,32.474023,1.003720,3.607914,39.962952,4.201399,2.501587,19.133694,2.490577,2.340122,6.739678,135,21665,0,0
136,0,2.837562,2.047065,32.272505,1.004323,3.871552,39.985942,4.118690,2.482279,19.186110,2.529273,2.364753,6.602895,135,21665,0,0
137,0,75.896013,2.058268,32.358666,1.027303,10.680766,119.962748,4.442752,2.490390,18.947689,2.542243,2.290975,6.571604,135,21665,0,0
138,0,2.885942,2.055223,32.661604,1.006466,3.379479,39.933492,4.285078,2.647671,19.040605,2.594920,2.295542,6.698937,135,21665,0,0
139,0,2.903195,2.055528,32.524187,0.999434,3.536014,39.962830,4.224375,2.471503,19.269229,2.722649,2.364078,6.535638,135,21665,0,0
140,0,2.892351,2.028341,32.293521,1.008318,3.769413,39.963603,4.377075,2.624824,18.775014,2.448646,2.369795,6.605438,135,21665,0,0
141,0,10.827138,2.062242,32.245575,1.004066,15.886132,59.962911,4.225552,2.457791,19.238519,2.487135,2.419691,6.844649,135,21665,0,0
142,0,2.844038,2.051900,32.596052,1.036570,3.479156,39.955817,4.206024,2.674533,18.874366,2.441457,2.397196,6.619453,135,21665,0,0
143,0,2.890316,2.049547,32.666853,1.014238,3.368961,39.940369,4.267039,2.617920,19.106557,2.576521,2.395789,6.466254,135,21665,0,0
144,0,2.938432,2.086473,32.217716,1.002825,3.803470,39.962443,4.303223,2.417779,18.939328,2.521098,2.404433,6.653931,135,21665,0,0
145,0,11.507931,2.035319,32.231388,1.008080,15.216285,59.963684,4.303087,2.531996,19.002170,2.718730,2.328284,6.443142,135,21665,0,0
146,0,2.855038,2.045600,32.521773,1.027944,3.582638,39.987393,4.450514,2.625841,18.850040,2.531016,2.473921,6.561852,135,21665,0,0
147,0,2.856184,2.066223,32.568139,1.017270,3.497216,39.938809,4.430952,2.480733,18.871179,2.466068,2.365987,6.641049,135,21665,0,0
148,0,2.878476,2.054226,32.171451,1.006894,3.905908,39.962728,4.446004,2.427205,19.036489,2.442702,2.504968,6.636112,135,21665,0,0
149,0,7.354997,2.083272,32.213016,0.984677,19.410567,59.963257,4.202891,2.537591,19.098921,2.583577,2.384223,6.409275,135,21665,0,0
150,0,16.244056,2.048584,32.424747,1.005632,10.282210,59.956645,4.385071,2.657966,18.810683,2.493761,2.377150,6.601732,135,21665,0,0
151,0,2.870717,2.078579,32.266713,1.027788,3.822879,39.988098,4.147956,2.590997,19.223304,2.625773,2.294139,6.544179,135,21665,0,0
152,0,2.836755,2.046041,32.562707,1.007694,3.530514,39.937670,4.496467,2.579820,18.710164,2.441905,2.336378,6.601054,135,21665,0,0
153,0,7.558733,2.047696,32.083547,0.977726,19.311296,59.931302,4.321177,2.417853,19.028117,2.544671,2.317329,6.442735,135,21665,0,0
154,0,7.373552,2.035773,32.755863,0.985775,18.847456,59.962646,4.274641,2.514445,19.283525,2.546973,2.375444,6.531962,135,21665,0,0
155,0,2.832204,2.038479,32.234812,1.007158,3.889001,39.963175,4.277612,2.569350,18.945509,2.710337,2.255944,6.472972,135,21665,0,0
156,0,2.848609,2.057136,32.491052,1.006344,3.617191,39.963196,4.410038,2.540609,18.741201,2.502774,2.367642,6.635105,135,21665,0,0
157,0,7.680620,2.049099,32.391015,1.005907,18.886244,59.963786,4.468004,2.542548,18.811893,2.413344,2.428769,6.633131,135,21665,0,0
158,0,2.878801,2.051297,32.718916,1.019385,3.345523,39.962626,4.259569,2.553060,19.190633,2.405372,2.455492,6.635047,135,21665,0,0
159,0,2.914914,2.052884,32.612857,1.035302,3.399573,39.962646,4.488017,2.502401,18.844666,2.524034,2.363878,6.442101,135,21665,0,0
160,0,2.901954,1.996168,32.267215,1.026994,3.767114,39.963277,4.471412,2.503038,18.924544,2.389791,2.466281,6.707509,135,21665,0,0
161,0,6.820309,2.058573,32.251367,0.978451,19.907088,59.957214,4.284610,2.483005,19.152276,2.655758,2.460697,6.523482,135,21665,0,0
162,0,69.120216,1.996704,32.670068,1.008480,17.164290,119.963053,4.365177,2.528158,19.163971,2.562792,2.296967,6.682668,135,21665,0,0
163,0,2.859684,2.045905,32.541507,1.009335,3.521488,39.932014,4.326467,2.628615,18.919430,2.544993,2.268331,6.535339,135,21665,0,0
164,0,2.887044,2.061571,32.615360,1.037581,3.456139,39.996124,4.427256,2.511285,18.999315,2.496185,2.400706,6.696177,135,21665,0,0
165,0,7.108297,2.048245,32.180688,0.983924,19.656457,59.929365,4.322032,2.579644,19.041321,2.382328,2.468669,6.580753,135,21665,0,0
166,0,6.974158,2.052741,32.385135,0.979570,19.642337,59.981201,4.482720,2.485548,18.747793,2.519711,2.354173,6.465427,135,21665,0,0
167,0,2.854163,2.035468,32.053145,1.006819,4.029985,39.944112,4.280785,2.423272,18.951450,2.515652,2.440555,6.487779,135,21665,0,0
168,0,2.891151,2.065660,32.650435,1.013445,3.407108,39.962138,4.457038,2.479818,18.989295,2.360942,2.419478,6.621996,135,21665,0,0
169,0,7.401811,2.052429,32.338118,0.975888,19.247745,59.963562,4.262302,2.512607,19.126546,2.552070,2.393524,6.542904,135,21665,0,0
170,0,7.199521,2.070095,32.722395,1.004561,19.053321,59.979797,4.229479,2.615763,19.248817,2.524902,2.296254,6.643494,135,21665,0,0
171,0,2.874210,2.050944,32.047611,1.003760,4.013919,39.939501,4.247748,2.471890,18.901889,2.635885,2.325321,6.380137,135,21665,0,0
172,0,2.862749,2.070665,32.590607,1.007768,3.468672,39.929796,4.426520,2.505744,18.842353,2.475786,2.266032,6.681529,135,21665,0,0
173,0,7.291745,2.050951,32.191288,0.983008,19.497806,59.963847,4.055617,2.725301,18.957865,2.430437,2.618659,6.531721,135,21665,0,0
174,0,2.921933,2.065653,32.631473,1.036177,3.373043,39.962626,4.239095,2.530674,19.326253,2.569784,2.600928,6.463220,135,21665,0,0
175,0,17.035804,2.062724,32.665287,1.027022,9.235348,59.963460,4.230513,2.491136,19.037798,2.445587,2.515483,6.685184,135,21665,0,0
176,0,2.868161,2.057475,32.498355,1.010006,3.606815,39.983337,4.471985,2.529541,18.852217,2.408400,2.439982,6.513584,135,21665,0,0
177,0,7.305396,2.031108,32.500451,0.986508,19.149295,59.941650,4.195228,2.502055,19.168304,2.701450,2.403273,6.584802,135,21665,0,0
178,0,2.900692,2.042121,32.699039,1.007714,3.355303,39.962748,4.492927,2.580404,18.813429,2.306332,2.298445,6.588915,135,21665,0,0
179,0,7.014950,2.014364,32.507714,1.006148,19.457882,59.986694,4.376753,2.456909,19.160634,2.742218,2.404992,6.486416,135,21665,0,0
180,0,2.832170,2.041775,32.476322,1.006466,3.623274,39.938232,4.373010,2.613539,18.755873,2.429810,2.378476,6.507412,135,21665,0,0
181,0,7.316884,2.052409,32.570363,0.982602,19.087528,59.957377,4.249546,2.543037,19.200358,2.573564,2.488888,6.579329,135,21665,0,0
182,0,2.876746,2.050273,32.603316,1.035689,3.446937,39.962687,4.255429,2.497654,19.099565,2.519552,2.606571,6.401472,135,21665,0,0
183,0,2.925717,2.069017,32.686466,1.013852,3.337609,39.963643,4.303484,2.640394,19.102132,2.538951,2.248793,6.425113,135,21665,0,0
184,0,2.848914,2.053528,32.408593,1.031877,3.672916,39.962301,4.482920,2.378506,19.119229,2.531423,2.474457,6.686334,135,21665,0,0
185,0,6.936296,2.047960,32.198815,0.979502,19.867605,59.982218,4.213067,2.616177,19.111274,2.566518,2.372196,6.491879,135,21665,0,0
186,0,2.830380,2.038310,32.532108,1.027666,3.553958,39.944112,4.474796,2.347473,18.947106,2.448391,2.359446,6.675720,135,21665,0,0
187,0,70.897661,2.065470,32.649723,1.032447,15.353377,119.933207,4.307159,2.616842,18.886254,2.460242,2.350481,6.529890,135,21665,0,0
188,0,2.889855,2.028897,32.605228,1.009911,3.457984,39.962979,4.524299,2.576348,18.812419,2.459218,2.338732,6.659563,135,21665,0,0
189,0,7.272295,2.075446,32.444054,0.997582,19.248857,59.962789,4.346242,2.790351,18.605214,2.548635,2.300737,6.390286,135,21665,0,0
190,0,2.830929,2.038011,32.463342,1.002682,3.659264,39.956217,4.292094,2.461555,19.061415,2.356547,2.508348,6.575361,135,21665,0,0
191,0,7.005429,2.046536,32.426761,1.027829,19.533898,59.993917,4.306468,2.841756,18.547536,2.537723,2.361135,6.328606,135,21665,0,0
192,0,2.835534,2.045390,32.539798,1.011559,3.546160,39.933051,4.222368,2.659824,18.924503,2.471646,2.299276,6.559279,135,21665,0,0
193,0,7.104089,2.060086,32.505415,1.004154,19.318905,59.932563,4.331970,2.375271,19.041684,2.450358,2.513885,6.693770,135,21665,0,0
194,0,2.829132,2.005120,32.702240,1.013831,3.416568,39.961772,4.222280,2.657247,18.995273,2.659709,2.396684,6.541507,135,21665,0,0
195,0,7.093292,2.066555,32.607432,1.006914,19.279870,59.987508,4.201552,2.531731,19.131029,2.552507,2.362878,6.588498,135,21665,0,0
196,0,2.844750,2.053365,32.570296,1.027103,3.495358,39.937507,4.437232,2.642103,18.878326,2.439117,2.403364,6.579095,135,21665,0,0
197,0,7.803321,2.052233,32.399845,1.833811,17.928294,59.965271,4.256453,2.437351,18.995192,2.561795,2.421394,6.579861,135,21665,0,0
198,0,2.827891,2.034180,32.500946,1.003191,3.629540,39.961568,4.328722,2.510098,18.878489,2.603485,2.486060,6.559228,135,21665,0,0
199,0,2.850318,2.060961,32.492333,1.011756,3.616520,39.970927,4.383189,2.458354,18.778134,2.563656,2.406318,6.544017,135,21665,0,0
200,0,16.401242,2.051799,32.396183,1.036706,10.121273,59.955404,4.325378,2.543925,19.149614,2.372345,2.484565,6.615543,135,21665,0,0
201,0,7.498932,2.015096,32.647247,1.006249,18.804338,59.956767,4.277886,2.551514,19.025818,2.419562,2.473341,6.572727,135,21665,0,0
202,0,2.861060,2.038581,32.378666,1.004615,3.718143,39.962484,4.199392,2.611945,19.110667,2.532376,2.405138,6.595846,135,21665,0,0
203,0,2.864905,2.054633,32.505130,1.007097,3.585656,39.962789,4.408132,2.478807,18.911021,2.419101,2.332052,6.645599,135,21665,0,0
204,0,7.170508,2.043932,32.359887,0.980492,19.452654,59.963542,4.042026,2.570326,19.289768,2.622806,2.574019,6.519955,135,21665,0,0
205,0,7.462196,2.048075,32.674889,1.032617,18.818661,59.988363,4.237969,2.438097,19.234779,2.565226,2.488926,6.522987,135,21665,0,0
206,0,2.847002,2.053758,32.402306,1.026201,3.662764,39.938273,4.145515,2.648431,19.182146,2.454312,2.538625,6.499542,135,21665,0,0
207,0,2.892961,2.071933,32.538435,1.052290,3.523604,40.007290,4.411072,2.348402,18.991665,2.495575,2.379506,6.722314,135,21665,0,0
208,0,2.834652,2.045268,32.059920,1.003157,4.022213,39.919942,4.306400,2.498650,19.023912,2.532379,2.436652,6.474006,135,21665,0,0
209,0,7.082740,2.047445,32.085290,0.978756,19.815372,59.962158,4.365774,2.373949,19.022007,2.413069,2.391208,6.526343,135,21665,0,0
210,0,2.853614,2.059496,32.629784,1.003191,3.476159,39.962748,4.336575,2.599684,19.108778,2.474535,2.302280,6.613664,135,21665,0,0
211,0,2.845191,2.052450,32.471419,1.005313,3.641924,39.963847,4.296316,2.462884,18.904992,2.457353,2.374003,6.539605,135,21665,0,0
212,0,68.557654,2.055610,32.377892,1.009779,18.011034,119.956360,4.198079,2.448412,19.338816,2.730011,2.425229,6.581980,135,21665,0,0
213,0,7.817481,2.009501,32.641571,0.985836,18.486779,59.931668,4.324375,2.473741,19.016744,2.591675,2.343272,6.534237,135,21665,0,0
214,0,2.855933,1.990512,32.599755,1.039914,3.498783,39.994385,4.322042,2.606472,18.977790,2.683638,2.297099,6.552792,135,21665,0,0
215,0,2.879459,2.016005,32.624413,1.008182,3.404599,39.916653,4.329807,2.531501,19.187904,2.539317,2.367577,6.575806,135,21665,0,0
216,0,7.125973,2.066230,32.298364,1.006446,19.531538,59.962321,4.292450,2.583204,19.008711,2.450823,2.370202,6.734467,135,21665,0,0
217,0,7.002194,2.072618,32.573164,0.981361,19.375431,59.932149,4.287682,2.545336,18.967397,2.576311,2.452508,6.604475,135,21665,0,0
218,0,2.898251,2.029616,32.217207,1.010637,3.836775,39.962870,4.405429,2.542759,18.943400,2.402276,2.416107,6.577223,135,21665,0,0
219,0,2.904246,2.039096,32.619680,1.009728,3.430335,39.963989,4.311100,2.490485,18.998362,2.485938,2.329759,6.595862,135,21665,0,0
220,0,7.005388,2.074239,32.343062,0.996518,19.618412,59.963379,4.159003,2.575670,19.117388,2.532881,2.370117,6.556963,135,21665,0,0
221,0,6.981788,2.050578,32.550561,0.980954,19.443037,59.956340,4.407403,2.524638,18.886837,2.477410,2.448025,6.651852,135,21665,0,0
222,0,2.912432,2.053840,32.150699,1.006446,3.892643,39.962219,4.192413,2.696587,18.742913,2.431105,2.336809,6.573117,135,21665,0,0
223,0,2.888587,2.054932,32.633650,1.037418,3.404009,39.963664,4.322781,2.540324,19.016391,2.622762,2.496772,6.473965,135,21665,0,0
224,0,2.836344,2.042257,32.342126,1.010271,3.774051,39.962792,4.259372,2.579427,18.993788,2.403385,2.327511,6.516880,135,21665,0,0
225,0,21.187500,2.056091,32.174544,1.007606,5.593082,59.962731,4.444668,2.353970,18.905097,2.433248,2.441538,6.677639,135,21665,0,0
226,0,2.833520,2.041667,32.616357,1.000248,3.482357,39.932482,4.406508,2.621521,18.869473,2.488987,2.338250,6.583706,135,21665,0,0
227,0,2.902381,2.044888,32.627140,1.006385,3.426375,39.962280,4.434062,2.670173,18.828637,2.482490,2.357303,6.672092,135,21665,0,0
228,0,2.884437,2.053616,32.252831,1.003048,3.822534,39.962850,4.350349,2.520135,18.820357,2.384762,2.338142,6.714973,135,21665,0,0
229,0,10.868568,2.060757,32.156701,1.000858,15.936561,59.962687,4.482869,2.451782,18.961046,2.566979,2.334164,6.469337,135,21665,0,0
230,0,2.869971,2.048713,32.576826,1.033444,3.513451,39.993693,4.325714,2.502936,19.194526,2.499902,2.479879,6.825172,135,21665,0,0
231,0,2.842526,2.052795,32.633243,1.035397,3.420495,39.931661,4.344774,2.470913,19.021281,2.403480,2.571930,6.659102,135,21665,0,0
232,0,2.894650,2.026591,32.175886,1.001102,3.892514,39.964152,4.284231,2.649841,18.887702,2.486962,2.415673,6.677734,135,21665,0,0
233,0,7.121558,2.040778,32.126000,1.004595,19.704634,59.956787,4.262990,2.566243,18.941159,2.387973,2.440094,6.609389,135,21665,0,0
234,0,2.851261,2.057699,32.463199,1.002560,3.616540,39.933560,4.324310,2.414205,19.163947,2.610307,2.440932,6.557804,135,21665,0,0
235,0,2.874732,2.053053,32.473311,1.007809,3.617394,39.973246,4.313785,2.466702,18.977719,2.530023,2.293281,6.696364,135,21665,0,0
236,0,2.839474,2.048442,32.318790,1.049252,3.773339,39.980855,4.107893,2.424655,19.388238,2.641466,2.459815,6.603587,135,21665,0,0
237,0,69.377316,2.061164,32.172068,1.014686,17.371077,119.935147,4.229268,2.468696,19.013184,2.442678,2.455492,6.633046,135,21665,0,0
238,0,2.893185,2.036540,32.631310,1.008528,3.430620,39.963643,4.298109,2.612264,18.998159,2.408339,2.328359,6.551195,135,21665,0,0
239,0,2.888628,2.057129,32.706038,1.017053,3.350752,39.962470,4.228773,2.611450,19.215691,2.568634,2.508474,6.571642,135,21665,0,0
240,0,2.876177,2.009054,32.273522,1.015723,3.798262,39.963684,4.116462,2.529928,19.235131,2.463084,2.432471,6.617255,135,21665,0,0
241,0,11.015296,2.074544,32.261763,1.005944,15.679949,59.962952,4.044030,2.544990,19.346961,2.497854,2.508213,6.450833,135,21665,0,0
242,0,2.837582,2.046041,32.619734,1.020891,3.484460,39.962667,4.348280,2.462104,19.035044,2.439907,2.605801,6.740404,135,21665,0,0
243,0,2.832319,2.041280,32.564436,1.008562,3.495995,39.901313,4.440467,2.679070,18.714040,2.474620,2.333184,6.615831,135,21665,0,0
244,0,2.901099,2.038072,32.625220,1.015432,3.420570,39.962321,4.450595,2.417311,19.065165,2.391856,2.405087,6.637309,135,21665,0,0
245,0,10.667104,2.060004,32.239410,1.003781,16.053267,59.963562,4.418613,2.506056,19.051924,2.533610,2.372409,6.699968,135,21665,0,0
246,0,2.880958,2.054409,32.421851,1.013696,3.646813,39.963318,4.215729,2.645162,18.874969,2.548150,2.420644,6.586843,135,21665,0,0
247,0,2.840858,2.050056,32.597924,1.029504,3.494585,39.962870,4.256894,2.544583,19.010437,2.406786,2.558027,6.698544,135,21665,0,0
248,0,2.846534,2.027079,32.105798,1.009762,3.971174,39.933268,4.279144,2.534919,18.946971,2.586863,2.337209,6.460042,135,21665,0,0
249,0,7.717628,2.061686,32.452559,1.505490,18.788801,60.464478,4.321245,2.585232,19.086765,2.607551,2.408325,6.657949,135,21665,0,0
250,0,16.539615,2.073263,32.661116,1.003788,9.273563,59.478082,4.462758,2.574388,18.850196,2.313121,2.449755,6.638947,135,21665,0,0
251,0,2.840552,2.050422,32.551415,1.012136,3.540544,39.944648,4.370378,2.577291,18.759460,2.577488,2.420851,6.515788,135,21665,0,0
252,0,2.852563,2.059231,32.592390,1.011125,3.475121,39.931200,4.198642,2.613118,19.021793,2.412682,2.390693,6.604302,135,21665,0,0
253,0,7.252438,2.069933,32.456831,0.988949,19.264896,59.963114,4.578908,2.623006,18.962802,2.327016,2.392046,6.732886,135,21665,0,0
254,0,7.130429,2.046427,32.697981,0.979753,19.149255,59.957418,4.231059,2.615641,19.191149,2.446333,2.426799,6.599575,135,21665,0,0
255,0,2.832923,2.042487,32.313134,1.007599,3.828990,39.982646,4.068200,2.583713,19.224182,2.587012,2.461734,6.710361,135,21665,0,0
256,0,2.849748,2.057882,32.544172,1.009722,3.539839,39.943481,4.169403,2.612013,19.044254,2.577671,2.368876,6.660509,135,21665,0,0
257,0,7.008325,2.066800,32.070092,0.987790,19.866194,59.932400,4.264513,2.479207,18.929301,2.454624,2.342539,6.680006,135,21665,0,0
258,0,2.876597,2.010145,32.744130,1.027252,3.314043,39.962023,4.415022,2.627631,19.179287,2.436910,2.460934,6.602787,135,21665,0,0
259,0,2.937754,2.040161,32.754812,1.047411,3.223443,39.963420,4.298455,2.455288,19.266439,2.452389,2.532535,6.743439,135,21665,0,0
260,0,2.870806,2.039612,32.333398,0.997236,3.762007,39.963447,4.226878,2.540371,18.997684,2.281216,2.507653,6.594126,135,21665,0,0
261,0,6.893490,2.046285,32.282189,1.006961,19.808821,59.991462,4.267307,2.471937,19.263713,2.513143,2.516273,6.534017,135,21665,0,0
262,0,67.401289,2.037693,32.597436,0.973969,18.962134,119.934828,4.462358,2.381402,18.873939,2.490234,2.514038,6.567664,135,21665,0,0
263,0,2.870012,2.043749,32.642358,1.024573,3.418623,39.955566,4.320004,2.586155,18.966539,2.406986,2.455102,6.714230,135,21665,0,0
264,0,2.896827,2.070618,32.607608,1.033735,3.425541,39.963711,4.320892,2.373440,19.028948,2.491750,2.510664,6.468869,135,21665,0,0
265,0,7.571876,2.006171,32.242842,1.004662,19.143863,59.963243,4.306322,2.624702,18.840013,2.422696,2.330716,6.575979,135,21665,0,0
266,0,7.516374,2.043559,32.468835,0.974396,19.003394,59.962999,4.326891,2.498406,19.001550,2.526961,2.434875,6.569092,135,21665,0,0
267,0,2.908729,2.051025,32.093753,1.012509,3.947981,39.962972,4.412459,2.469666,18.814114,2.514787,2.529104,6.560757,135,21665,0,0
268,0,2.885617,2.055549,32.689640,1.031301,3.356584,39.963142,4.472653,2.492649,19.096822,2.580268,2.529751,6.554891,135,21665,0,0
269,0,6.908654,2.084052,32.385237,1.002506,19.638065,59.934462,4.380758,2.385396,19.209076,2.407895,2.538466,6.724606,135,21665,0,0
270,0,7.526588,2.046326,32.502831,1.001516,18.932248,59.963182,4.334873,2.588650,18.824527,2.406196,2.336470,6.605350,135,21665,0,0
271,0,2.900306,2.054552,32.132633,1.009132,3.920759,39.962830,4.377770,2.555278,18.876628,2.534098,2.416433,6.458472,135,21665,0,0
272,0,2.879940,2.053467,32.575321,1.035200,3.472456,39.962918,4.405199,2.486376,19.017514,2.732347,2.449609,6.395532,135,21665,0,0
273,0,8.191505,2.045105,32.124698,1.003482,18.643375,59.963060,4.250451,2.591858,18.938073,2.605259,2.426788,6.638201,135,21665,0,0
274,0,2.881080,2.056539,32.436093,1.015757,3.625383,39.958313,4.190321,2.599833,18.918491,2.559116,2.394155,6.505768,135,21665,0,0
275,0,17.293935,2.073859,32.564830,1.017656,9.085453,59.961873,4.265110,2.607924,18.925785,2.551100,2.394294,6.567552,135,21665,0,0
276,0,2.879513,2.054118,32.598677,1.005252,3.478865,39.962307,4.355248,2.503079,18.970096,2.537072,2.365933,6.444763,135,21665,0,0
277,0,7.573625,2.012214,32.537398,0.980309,18.872725,59.964057,4.428263,2.544969,18.989404,2.464820,2.370385,6.511529,135,21665,0,0
278,0,2.871945,2.048815,32.492143,1.037723,3.586877,39.988688,4.383531,2.462104,18.906213,2.487152,2.389147,6.583333,135,21665,0,0
279,0,6.556583,2.061381,32.475610,1.021589,19.883419,59.937202,4.263197,2.614373,19.007955,2.691213,2.317478,6.472056,135,21665,0,0
280,0,2.922482,2.062873,32.747047,1.013763,3.279076,39.962368,4.503886,2.693461,18.886827,2.368418,2.321177,6.616170,135,21665,0,0
281,0,7.453122,2.052022,32.479638,0.980160,19.074249,59.987169,4.228997,2.556152,19.036665,2.496562,2.398950,6.695316,135,21665,0,0
282,0,2.881222,2.054511,32.527876,1.009071,3.521386,39.939555,4.428304,2.665317,18.696391,2.484497,2.421892,6.585341,135,21665,0,0
283,0,2.929555,2.051988,32.573761,1.006636,3.452844,39.962796,4.282718,2.550035,18.950043,2.547153,2.330299,6.664242,135,21665,0,0
284,0,2.887878,2.062080,32.170820,1.006724,3.898475,39.963898,4.355804,2.642619,18.768124,2.436713,2.327664,6.516683,135,21665,0,0
285,0,7.420308,2.051541,32.370460,1.004927,19.161319,59.957014,4.321835,2.611504,18.916222,2.377604,2.335056,6.634888,135,21665,0,0
286,0,2.837290,2.047465,32.572500,1.027503,3.549869,39.987162,4.325741,2.574456,18.914656,2.483792,2.477292,6.586761,135,21665,0,0
287,0,66.082421,2.053840,32.670719,1.012271,0.202532,99.967943,4.194797,2.389669,19.420213,2.581885,2.640584,6.624969,135,21665,0,0
288,0,2.849755,2.060059,32.575768,1.004513,3.504194,39.934231,4.449483,2.568644,18.724314,2.361355,2.472802,6.625688,135,21665,0,0
289,0,7.229997,2.066935,32.507979,0.979021,19.246260,59.963257,4.351542,2.447666,19.030131,2.513628,2.466197,6.511956,135,21665,0,0
290,0,2.843747,2.050496,32.713179,1.012034,3.394304,39.963264,4.336945,2.483595,19.136163,2.644643,2.401031,6.549934,135,21665,0,0
291,0,7.045061,2.086514,32.437666,0.978119,19.502255,59.963101,4.339125,2.484531,18.897888,2.490841,2.481995,6.440352,135,21665,0,0
292,0,2.884335,2.058946,32.643212,1.024533,3.410221,39.962301,4.415321,2.504286,18.947506,2.353275,2.466994,6.705265,135,21665,0,0
293,0,7.896807,2.052090,32.378645,0.979143,18.709028,59.963623,4.377679,2.376716,18.972880,2.408824,2.341994,6.551439,135,21665,0,0
294,0,2.826799,2.037109,32.493534,1.010624,3.632246,39.963203,4.323093,2.622199,18.809492,2.466902,2.395674,6.618652,135,21665,0,0
295,0,7.241452,2.010701,32.627913,0.985138,19.101885,59.956387,4.336229,2.696384,18.897346,2.547384,2.398804,6.532318,135,21665,0,0
296,0,2.904497,2.055481,32.683679,1.001665,3.372664,39.962504,4.428694,2.702752,18.933380,2.527896,2.358965,6.508721,135,21665,0,0
297,0,6.886288,2.070767,32.412825,0.982968,19.681318,59.963399,4.294908,2.462246,18.907905,2.534298,2.453522,6.425418,135,21665,0,0
298,0,2.850806,2.033508,32.509057,1.003157,3.600182,39.963203,4.391307,2.541395,18.882897,2.605221,2.430661,6.649356,135,21665,0,0
299,0,2.861854,2.070435,32.572615,1.005449,3.546248,39.986165,4.294423,2.573649,18.884939,2.452325,2.378004,6.687904,135,21665,0,0
300,0,17.790917,2.065959,32.121626,1.011573,8.987756,59.911872,4.225474,2.496894,18.996470,2.497382,2.371958,6.620585,135,21665,0,0
301,0,6.696428,2.064250,32.619612,0.982195,19.664758,59.962992,4.318821,2.552171,19.028809,2.330034,2.481998,6.689694,135,21665,0,0
302,0,2.843957,2.053046,32.291874,1.007640,3.790890,39.934360,4.183051,2.587368,19.326379,2.478800,2.509023,6.571537,135,21665,0,0
303,0,2.877275,2.047648,32.529382,1.005836,3.550256,39.962748,4.174483,2.455960,18.954576,2.417626,2.367503,6.694909,135,21665,0,0
304,0,6.963396,2.072611,32.109317,0.977963,19.882185,59.932861,4.364431,2.452759,18.971731,2.394630,2.471653,6.587735,135,21665,0,0
305,0,7.203040,2.050415,32.630069,0.993771,19.129764,59.956645,4.342275,2.587267,18.860667,2.370541,2.372521,6.671607,135,21665,0,0
306,0,2.838823,2.048815,32.295719,1.001902,3.847117,39.983561,4.186924,2.457553,19.307990,2.636848,2.447781,6.576701,135,21665,0,0
307,0,2.874712,2.051412,32.531925,1.003170,3.532047,39.941854,4.443302,2.522095,18.755229,2.539690,2.296811,6.600752,135,21665,0,0
308,0,2.826603,2.034858,32.179223,1.000817,3.923587,39.930230,4.340023,2.383240,19.111410,2.488203,2.526842,6.752360,135,21665,0,0
309,0,7.363875,1.985202,32.332238,0.980896,19.286791,59.963799,4.198558,2.488064,19.218570,2.599579,2.545380,6.486576,135,21665,0,0
310,0,2.877987,2.052483,32.399601,1.008297,3.677005,39.962891,4.166297,2.500841,19.137282,2.570879,2.452939,6.387522,135,21665,0,0
311,0,2.851539,2.059679,32.444156,1.007606,3.659854,39.963155,4.205739,2.620884,18.964864,2.711209,2.333171,6.421095,135,21665,0,0
312,0,70.621416,2.053040,32.378198,1.039086,15.945438,119.984138,4.347358,2.454624,19.074046,2.599711,2.398003,6.531884,135,21665,0,0
313,0,7.277306,2.007358,32.562748,0.979624,19.121762,59.941440,4.430060,2.545464,18.966336,2.625278,2.403344,6.465908,135,21665,0,0
314,0,2.860409,1.990953,32.583906,1.006039,3.512617,39.962972,4.269040,2.535095,19.019674,2.585341,2.370880,6.546332,135,21665,0,0
315,0,2.841773,2.048462,32.648909,1.006697,3.459863,39.957241,4.210154,2.483053,19.306600,2.596832,2.511125,6.597019,135,21665,0,0
316,0,7.183631,2.077047,32.173682,0.980764,19.624841,59.962918,4.267188,2.508287,19.097711,2.439307,2.446554,6.748484,135,21665,0,0
317,0,7.289995,2.051799,32.651900,1.854123,18.168081,59.964098,4.375193,2.692925,18.919101,2.290961,2.444360,6.592753,135,21665,0,0
318,0,2.886898,2.041694,32.104597,1.002947,3.967390,39.961833,4.313124,2.548035,18.818732,2.586789,2.366886,6.565108,135,21665,0,0
319,0,2.887366,2.060554,32.656274,1.025591,3.394026,39.963257,4.259772,2.685940,18.912659,2.461483,2.497199,6.628669,135,21665,0,0
320,0,7.457489,2.049608,32.311574,0.984236,19.209110,59.962409,4.290331,2.516283,18.949385,2.355235,2.464020,6.668993,135,21665,0,0
321,0,7.555986,2.041206,32.390079,0.976959,19.041358,59.964383,4.270396,2.460341,18.901747,2.545169,2.341773,6.444902,135,21665,0,0
322,0,2.825117,2.035305,32.283715,1.006392,3.831445,39.946669,4.150113,2.612278,19.278558,2.566647,2.425408,6.498762,135,21665,0,0
323,0,2.873511,2.055237,32.535234,1.029768,3.537642,39.976156,4.355170,2.483012,18.978597,2.490241,2.336266,6.753350,135,21665,0,0
324,0,2.861881,2.071296,32.058048,1.003998,4.010047,39.933974,4.281755,2.484999,18.863485,2.684797,2.399431,6.495595,135,21665,0,0
325,0,20.583683,2.048692,32.343163,1.004432,6.001773,59.933051,4.265364,2.600477,18.996368,2.540361,2.532528,6.570343,135,21665,0,0
326,0,2.875485,2.043070,32.682132,1.032081,3.366296,39.955994,4.369941,2.655653,18.914927,2.439080,2.406284,6.570587,135,21665,0,0
327,0,2.896359,2.046956,32.676883,1.020966,3.369524,39.963732,4.288049,2.574029,19.080956,2.412896,2.477095,6.650428,135,21665,0,0
328,0,2.940772,2.084622,32.166833,1.009193,3.846134,39.962931,4.371769,2.522312,18.831309,2.483676,2.476223,6.639669,135,21665,0,0
329,0,10.880327,2.045919,32.022627,1.003455,16.057621,59.964030,4.256341,2.439270,18.936215,2.730971,2.332611,6.470496,135,21665,0,0
330,0,2.840410,2.047424,32.430525,1.009410,3.682044,39.962389,4.330865,2.615716,18.763021,2.471225,2.370948,6.592044,135,21665,0,0
331,0,2.866452,2.077291,32.431339,1.012292,3.653744,39.963826,4.388329,2.515544,18.676985,2.526272,2.408885,6.447147,135,21665,0,0
332,0,2.879066,2.059211,32.266971,1.007117,3.810123,39.963277,4.240984,2.502814,19.248779,2.508708,2.406331,6.624769,135,21665,0,0
333,0,7.070492,2.064480,32.261376,0.982425,19.648604,59.962897,4.208381,2.502346,19.065681,2.531894,2.426293,6.611908,135,21665,0,0
334,0,2.832462,2.040914,32.573734,1.005429,3.508182,39.919807,4.401286,2.585741,18.892046,2.409576,2.503357,6.590858,135,21665,0,0
335,0,2.908546,2.057570,32.622277,1.002316,3.429915,39.963053,4.280209,2.611742,19.150380,2.565498,2.360728,6.573351,135,21665,0,0
336,0,2.879228,2.053128,32.133752,1.008738,3.942176,39.963894,4.173893,2.577671,18.896430,2.453844,2.418091,6.551758,135,21665,0,0
337,0,180.569862,2.051459,32.135420,1.002703,6.254357,219.962341,4.491455,2.463108,18.901438,2.583944,2.515713,6.364092,135,21665,0,0
338,0,2.860613,2.068583,32.397953,1.009755,3.688819,39.957140,4.196069,2.579536,18.945455,2.525001,2.372467,6.499278,135,21665,0,0
339,0,2.890805,2.067512,32.452193,1.003638,3.616581,39.963216,4.445489,2.428121,19.019463,2.612966,2.561103,6.488264,135,21665,0,0
340,0,2.836077,2.046373,32.298689,1.007477,3.820716,39.962958,4.256192,2.510173,19.024434,2.625980,2.442627,6.539032,135,21665,0,0
341,0,10.482703,2.067281,32.124149,1.006012,16.350481,59.963345,4.245477,2.573859,18.903351,2.354038,2.230038,6.634193,135,21665,0,0
342,0,2.900855,2.048760,32.550249,1.006860,3.504317,39.962280,4.252804,2.617432,18.866011,2.432244,2.364987,6.523851,135,21665,0,0
343,0,2.877560,2.053270,32.606774,1.003686,3.475366,39.963386,4.326714,2.613010,18.877536,2.578535,2.421794,6.577284,135,21665,0,0
344,0,2.902646,2.047567,32.134606,1.003869,3.921180,39.962301,4.232049,2.584947,18.915314,2.357205,2.392663,6.644864,135,21665,0,0
345,0,10.940247,2.073730,32.356144,1.040456,15.656104,59.992950,4.426236,2.531833,18.903537,2.412777,2.515645,6.608276,135,21665,0,0
346,0,2.878354,2.012607,32.577396,1.004208,3.473677,39.933634,4.511868,2.475376,18.974575,2.444895,2.389238,6.569282,135,21665,0,0
347,0,2.875424,2.047512,32.339135,1.009776,3.738339,39.962674,4.323819,2.510919,18.811232,2.593869,2.443712,6.439741,135,21665,0,0
348,0,2.840817,2.049323,32.384220,1.022519,3.715702,39.963257,4.141503,2.504089,19.334439,2.521532,2.480272,6.638838,135,21665,0,0
349,0,7.317135,2.044461,32.117944,0.981727,19.568410,59.985216,4.262546,2.459066,19.074307,2.534939,2.336368,6.698510,135,21665,0,0
350,0,15.696082,2.045865,32.552209,1.026791,10.659956,59.935038,4.412662,2.423306,18.987640,2.473667,2.439002,6.623688,135,21665,0,0
351,0,2.883521,2.026855,32.120121,1.025584,3.933468,39.962694,4.359351,2.558465,18.842166,2.487800,2.356459,6.585900,135,21665,0,0
352,0,2.909787,2.080465,32.706852,1.016293,3.330529,39.963460,4.564487,2.453505,18.909553,2.444706,2.418054,6.642110,135,21665,0,0
353,0,7.243568,2.058845,32.086958,0.981849,19.651126,59.963501,4.320723,2.376051,19.096564,2.699582,2.510376,6.472714,135,21665,0,0
354,0,7.061500,2.053711,32.599959,0.991608,19.325599,59.978665,4.213677,2.472473,19.052022,2.603665,2.398295,6.419708,135,21665,0,0
355,0,2.875770,2.051236,32.044457,1.029260,4.023231,39.972717,4.055403,2.456177,19.163469,2.499149,2.558428,6.474158,135,21665,0,0
356,0,2.842248,2.051927,32.542972,1.005917,3.546695,39.937832,4.393022,2.559618,18.785126,2.439548,2.435933,6.702274,135,21665,0,0
357,0,7.516524,2.047309,32.340417,0.983008,19.093713,59.933662,4.141649,2.414612,19.253055,2.549228,2.428175,6.481361,135,21665,0,0
358,0,2.910126,2.056824,32.638824,1.006704,3.407244,39.962897,4.190284,2.819438,19.047224,2.509993,2.460578,6.597022,135,21665,0,0
359,0,2.908790,2.078552,32.666182,1.029497,3.358768,39.963236,4.233310,2.676812,18.892205,2.461575,2.434506,6.595584,135,21665,0,0
480,1,2.908878,2.059862,34.760278,1.490624,0.779341,39.939121,4.501953,3.558814,19.524424,2.724318,2.532010,6.368120,146,22081,0,0
481,1,7.244822,2.072978,34.720367,1.538422,16.461117,59.964728,4.543877,3.403002,19.542755,2.801280,2.467997,6.481008,146,22081,0,0
482,1,2.908322,2.059862,34.677839,1.528554,0.879635,39.994351,4.623735,3.625790,19.424561,2.526076,2.504225,6.411821,146,22081,0,0
483,1,2.916358,2.069200,34.727631,1.478316,0.808984,39.931288,4.490980,3.705034,19.286499,2.625478,2.568122,6.366241,146,22081,0,0
484,1,2.978797,2.063646,34.594262,1.513926,0.876116,39.963101,4.282698,3.579966,19.474501,2.747508,2.526991,6.367120,146,22081,0,0
485,1,7.856300,2.049893,34.706974,1.539866,15.854509,59.957648,4.454278,3.656623,19.579766,2.783691,2.567932,6.380697,146,22081,0,0
486,1,2.941505,2.060716,34.810089,1.471683,0.708683,39.931959,4.639384,3.562069,19.506107,2.740034,2.615899,6.262678,146,22081,0,0
487,1,68.999020,2.074429,34.677799,1.540368,14.746158,119.963345,4.620880,3.608961,19.141588,2.585524,2.707286,6.406345,146,22081,0,0
488,1,2.906762,2.057719,34.754886,1.493595,0.807512,39.962755,4.451758,3.535383,19.514750,2.702454,2.634423,6.377652,146,22081,0,0
489,1,7.584307,2.060852,34.682302,1.538137,16.126238,59.930983,4.520335,3.689202,19.345584,2.615651,2.412421,6.390350,146,22081,0,0
490,1,2.969896,2.058824,34.523390,1.513268,0.956282,39.962836,4.464023,3.575816,19.371819,2.647881,2.685961,6.390974,146,22081,0,0
491,1,7.278785,2.017110,34.471622,1.542484,16.670922,59.963813,4.504788,3.549422,19.291568,2.772817,2.575185,6.318522,146,22081,0,0
492,1,2.966081,2.063748,34.544885,1.516123,0.936093,39.963182,4.445136,3.541734,19.363051,2.739051,2.620178,6.247813,146,22081,0,0
493,1,7.328935,2.049459,34.664717,1.576209,16.427433,59.997294,4.702460,3.550225,19.316630,2.579139,2.494592,6.526279,146,22081,0,0
494,1,2.945296,2.067485,34.798587,1.485742,0.693342,39.922967,4.654104,3.519148,19.465898,2.735721,2.546132,6.186157,146,22081,0,0
495,1,6.973650,2.083015,34.540185,1.530073,16.918989,59.962897,4.628611,3.444729,19.383826,2.544390,2.490404,6.383528,146,22081,0,0
496,1,2.944414,2.062500,34.731184,1.493818,0.793393,39.962809,4.507775,3.523678,19.510362,2.813070,2.583462,6.418911,146,22081,0,0
497,1,7.601695,2.051331,34.809906,1.535675,16.016313,59.963589,4.720289,3.550741,19.313385,2.636637,2.572116,6.362579,146,22081,0,0
498,1,2.899879,2.050585,34.680973,1.494144,0.892765,39.967760,4.501702,3.738705,19.255788,2.735935,2.711304,6.242540,146,22081,0,0
499,1,2.931047,2.055386,34.848473,1.470266,0.708269,39.958055,4.541314,3.721358,19.430695,2.637767,2.715173,6.370660,146,22081,0,0
500,1,16.301503,2.049873,34.516042,1.562256,7.583503,59.963304,4.363790,3.629049,19.397251,2.526052,2.598501,6.347165,146,22081,0,0
501,1,7.074025,2.065457,34.661204,1.555790,16.672061,59.963081,4.421356,3.683712,19.394616,2.724769,2.555006,6.308567,146,22081,0,0
502,1,2.956879,2.069017,34.326894,1.531518,1.147485,39.962775,4.741380,3.620951,18.960992,2.664259,2.486816,6.126712,146,22081,0,0
503,1,2.977678,2.067186,34.632938,1.489919,0.863217,39.963752,4.454525,3.649326,19.360786,2.689840,2.642351,6.493005,146,22081,0,0
504,1,6.862586,2.032172,34.396528,1.524560,17.203162,59.986837,4.486657,3.459178,19.500014,2.653727,2.565599,6.432861,146,22081,0,0
505,1,7.092133,2.058234,34.726023,1.537153,16.577681,59.932990,4.511702,3.510342,19.514832,2.630961,2.514631,6.478373,146,22081,0,0
506,1,2.909359,2.063131,34.712385,1.494429,0.846195,39.962368,4.604499,3.573931,19.566667,2.689175,2.675496,6.360423,146,22081,0,0
507,1,2.903832,2.054097,34.583764,1.533213,0.910682,39.931491,4.541721,3.606686,19.174991,2.703752,2.510935,6.244473,146,22081,0,0
508,1,2.989695,2.073181,34.626231,1.493635,0.853621,39.963182,4.455170,3.525736,19.373189,2.731561,2.644725,6.345954,146,22081,0,0
509,1,7.242937,2.061239,34.459415,1.539229,16.721134,59.962714,4.433417,3.688456,19.245249,2.684970,2.667606,6.232615,146,22081,0,0
510,1,2.974518,2.053738,34.704783,1.480988,0.802792,39.963081,4.508599,3.497396,19.656565,2.750342,2.657132,6.374875,146,22081,0,0
511,1,2.949473,2.057563,34.501434,1.526086,0.985823,39.962816,4.647942,3.577650,19.264425,2.539588,2.531843,6.378876,146,22081,0,0
512,1,89.671926,2.063354,34.201141,1.542118,14.571516,139.986701,4.213694,3.763557,19.353624,2.659627,2.499939,6.417843,146,22081,0,0
513,1,7.845862,2.089281,34.768049,1.545454,15.779850,59.939216,4.695353,3.544369,19.499101,2.683387,2.583998,6.366221,146,22081,0,0
514,1,2.898068,2.050646,34.665612,1.497053,0.895918,39.956651,4.768209,3.518355,19.342211,2.653256,2.674408,6.340573,146,22081,0,0
515,1,2.958628,2.074958,34.791331,1.479909,0.733293,39.963162,4.343699,3.600538,19.729072,2.698558,2.450684,6.463579,146,22081,0,0
516,1,7.054108,2.084744,34.599233,1.530867,16.802616,59.986823,4.463203,3.548231,19.470581,2.609524,2.685655,6.546360,146,22081,0,0
517,1,7.228207,2.056519,34.570458,1.541324,16.571170,59.911160,4.523519,3.668701,19.141201,2.757033,2.532277,6.299330,146,22081,0,0
518,1,2.945282,2.022007,34.507009,1.516117,0.994103,39.962511,4.544969,3.658827,19.166738,2.481154,2.640611,6.318271,146,22081,0,0
519,1,2.911313,2.066047,34.693546,1.526011,0.864824,39.995694,4.493764,3.600376,19.416436,2.771396,2.496952,6.542887,146,22081,0,0
520,1,7.063053,2.058329,34.799157,1.539703,16.529700,59.931613,4.782016,3.616892,19.361138,2.669003,2.544444,6.349562,146,22081,0,0
521,1,8.065955,2.056098,34.627302,1.539066,15.730208,59.962531,4.435896,3.630497,19.485084,2.855621,2.663900,6.414005,146,22081,0,0
522,1,2.924476,2.047424,34.705780,1.507409,0.792870,39.930535,4.413845,3.623874,19.532539,2.692288,2.489580,6.396013,146,22081,0,0
523,1,2.943783,2.060208,34.332462,1.535126,1.151710,39.963081,4.620667,3.526876,19.070502,2.815525,2.534865,6.185482,146,22081,0,0
524,1,2.993174,2.020365,34.630320,1.504154,0.835676,39.963325,4.490984,3.691372,19.300025,2.488946,2.705926,6.481910,146,22081,0,0
525,1,19.841302,2.052578,34.482981,1.542931,4.089929,59.957143,4.426581,3.655446,19.540202,2.690599,2.681427,6.524570,146,22081,0,0
526,1,2.949934,2.065843,34.672021,1.543569,0.766374,39.931898,4.476793,3.532820,19.529463,2.607239,2.668006,6.468509,146,22081,0,0
527,1,2.966156,2.041667,34.430593,1.536177,1.029687,39.962613,4.524506,3.484836,19.113803,2.654772,2.554220,6.320628,146,22081,0,0
528,1,2.902883,2.056607,34.714773,1.486779,0.858992,39.963426,4.511946,3.863000,19.284132,2.736220,2.625142,6.292935,146,22081,0,0
529,1,11.099274,2.054511,34.564463,1.529510,12.769996,59.963243,4.529232,3.510518,19.363780,2.620216,2.622626,6.337670,146,22081,0,0
530,1,2.886553,2.037170,34.691654,1.496260,0.887861,39.962328,4.322489,3.630151,19.474664,2.774902,2.501936,6.351044,146,22081,0,0
531,1,2.954200,2.060567,34.834456,1.481428,0.693749,39.963833,4.499257,3.632307,19.503971,2.847897,2.746351,6.388777,146,22081,0,0
532,1,2.972510,2.090847,34.351932,1.532013,1.106788,39.963243,4.304728,3.911428,19.405894,2.698605,2.653615,6.447327,146,22081,0,0
533,1,7.224375,2.074320,34.466929,1.535919,16.745846,59.973070,4.472609,3.646725,19.387858,2.470768,2.647993,6.488783,146,22081,0,0
534,1,2.906002,2.058268,34.787031,1.499068,0.760807,39.952908,4.657027,3.571489,19.410017,2.605923,2.571004,6.318434,146,22081,0,0
535,1,2.979319,2.090868,34.721263,1.508304,0.754398,39.963284,4.359470,3.536784,19.606611,2.602868,2.539422,6.496223,146,22081,0,0
536,1,2.985097,2.072720,34.484731,1.516483,0.970747,39.957058,4.429867,3.607354,19.328261,2.603729,2.608490,6.415517,146,22081,0,0
537,1,73.663306,2.069926,34.616397,1.540795,10.142459,119.962958,4.744222,3.534163,19.305040,2.654151,2.492913,6.306505,146,22081,0,0
538,1,2.959266,2.074463,34.705672,1.493581,0.803647,39.962165,4.437517,3.673177,19.346734,2.768328,2.408190,6.518046,146,22081,0,0
539,1,2.974708,2.059733,34.625451,1.508406,0.855879,39.964444,4.489512,3.656253,19.308122,2.669651,2.709384,6.248603,146,22081,0,0
540,1,2.966407,2.055827,34.455143,1.514530,1.025353,39.961433,4.527110,3.803413,19.327891,2.632250,2.491333,6.494988,146,22081,0,0
541,1,11.129635,2.038317,34.313195,1.537601,12.983483,59.963915,4.209734,3.586819,19.490540,2.685421,2.785071,6.424489,146,22081,0,0
542,1,2.963742,2.066976,34.562768,1.505374,0.930383,39.962267,4.482808,3.631822,19.337114,2.733897,2.587392,6.448917,146,22081,0,0
543,1,2.951976,2.056790,34.507436,1.503259,1.000573,39.963243,4.470266,3.769881,19.133114,2.462104,2.566057,6.354173,146,22081,0,0
544,1,2.972463,2.073100,34.306610,1.536326,1.147885,39.963284,4.406287,3.593031,19.380737,2.691881,2.495171,6.426514,146,22081,0,0
545,1,10.818071,2.062398,34.764130,1.561669,12.812842,59.956713,4.518412,3.486447,19.632317,2.694936,2.559642,6.469598,146,22081,0,0
546,1,2.952199,2.058580,34.555654,1.503177,0.922163,39.933194,4.648980,3.569065,19.190494,2.706635,2.526282,6.293457,146,22081,0,0
547,1,2.940548,2.061863,34.730554,1.488637,0.802914,39.962653,4.331489,3.714494,19.477909,2.842824,2.719669,6.296705,146,22081,0,0
548,1,2.968306,2.085720,34.659264,1.514204,0.821252,39.963026,4.458140,3.482320,19.520036,2.647078,2.686130,6.168488,146,22081,0,0
549,1,7.669512,2.062609,34.434113,1.540592,16.341800,59.986016,4.395766,3.530402,19.545308,2.889096,2.439511,6.439792,146,22081,0,0
550,1,22.051707,2.053324,34.794376,1.531484,1.562320,59.939887,4.690409,3.507382,19.423438,2.722378,2.627641,6.336965,146,22081,0,0
551,1,2.964433,2.013604,34.573591,1.505198,0.920183,39.963406,4.557275,3.497518,19.497291,2.598256,2.633755,6.392819,146,22081,0,0
552,1,2.913381,2.061890,34.691213,1.490190,0.889557,39.984341,4.572174,3.579641,19.490370,2.698232,2.623854,6.313463,146,22081,0,0
553,1,9.138099,2.060513,34.788761,1.557309,14.480960,59.965129,4.697218,3.548418,19.362078,2.614214,2.652927,6.309347,146,22081,0,0
554,1,7.388180,2.074795,34.679732,1.538449,16.356903,59.963264,4.557163,3.614471,19.328447,2.751740,2.528090,6.337538,146,22081,0,0
555,1,2.885413,2.037238,34.295637,1.538890,1.218136,39.938076,4.444204,3.534956,19.463921,2.651106,2.528527,6.306725,146,22081,0,0
556,1,2.945228,2.058051,34.533715,1.514855,0.969893,39.963691,4.321509,3.841051,19.200134,2.570462,2.663669,6.344293,146,22081,0,0
557,1,7.338070,2.057393,34.690474,2.355126,15.574100,59.957770,4.604563,3.567034,19.330794,2.663723,2.557536,6.368408,146,22081,0,0
558,1,2.900550,2.051371,34.708744,1.511254,0.810021,39.930569,4.352773,3.644460,19.508243,2.744432,2.655755,6.387031,146,22081,0,0
559,1,2.975271,2.056546,34.730520,1.479333,0.778446,39.963569,4.369080,3.625549,19.671295,2.764625,2.595974,6.455834,146,22081,0,0
560,1,2.946652,2.053982,34.577294,1.517602,0.920861,39.962409,4.500675,3.583876,19.356371,2.687337,2.659329,6.363332,146,22081,0,0
561,1,7.247067,2.013645,34.395491,1.534244,16.787052,59.963854,4.424449,3.620558,19.512611,2.649397,2.457726,6.395698,146,22081,0,0
562,1,67.210765,2.046183,34.756663,1.545319,16.450111,119.962857,4.452287,3.461239,19.609768,2.576847,2.621155,6.284376,146,22081,0,0
563,1,2.944495,2.058031,34.640995,1.526269,0.893517,40.005276,4.361365,3.725522,19.393826,2.648075,2.647179,6.457130,146,22081,0,0
564,1,2.911143,2.063036,34.793630,1.488305,0.727624,39.920702,4.500129,3.536658,19.565894,2.853726,2.517100,6.455861,146,22081,0,0
565,1,6.769318,2.039313,34.664683,3.090681,15.438195,59.962877,4.559357,3.510976,19.531599,2.780501,2.679440,6.335853,146,22081,0,0
566,1,7.048208,2.062134,34.530345,1.531423,16.852882,59.962857,4.654829,3.593214,19.118150,2.733032,2.515730,6.261085,146,22081,0,0
567,1,2.929108,2.053426,34.770355,1.475671,0.751489,39.926622,4.368924,3.827199,19.296288,2.681000,2.664374,6.375468,146,22081,0,0
568,1,2.954234,2.067566,34.283702,1.530908,1.194258,39.963101,4.647763,3.653375,18.888387,2.650784,2.514604,6.105353,146,22081,0,0
569,1,7.604034,2.016337,34.479726,1.538300,16.364146,59.986206,4.395325,3.609884,19.286841,2.718174,2.640903,6.439138,146,22081,0,0
570,1,7.020640,2.063585,34.733754,1.540761,16.644833,59.939989,4.658546,3.687595,19.298092,2.653568,2.417623,6.431363,146,22081,0,0
571,1,2.951942,2.016493,34.503686,1.521244,0.986189,39.963060,4.669512,3.482605,19.326107,2.630415,2.496406,6.366486,146,22081,0,0
572,1,2.910295,2.060533,34.605187,1.514489,0.932437,39.962409,4.647427,3.611528,19.268894,2.725644,2.576992,6.448310,146,22081,0,0
573,1,7.353126,2.056831,34.425642,1.538679,16.645816,59.963264,4.682570,3.686191,19.259226,2.591251,2.457672,6.431054,146,22081,0,0
574,1,2.956479,2.025323,34.359623,1.533105,1.113610,39.962816,4.565694,3.446540,19.399177,2.527005,2.914337,6.243900,146,22081,0,0
575,1,17.176137,2.067159,34.734934,1.542565,6.509199,59.962836,4.638170,3.597561,19.360389,2.638713,2.603210,6.451321,146,22081,0,0
576,1,2.969513,2.082587,34.332062,1.540042,1.121484,39.963101,4.390811,3.553094,19.232819,2.669559,2.564636,6.148977,146,22081,0,0
577,1,7.269053,2.063965,34.777985,1.543908,16.389428,59.980374,4.354296,3.505032,19.781582,2.566956,2.733229,6.542538,146,22081,0,0
578,1,2.936859,2.052578,34.865753,1.492706,0.645118,39.940436,4.604109,3.696482,19.422855,2.622077,2.677517,6.450677,146,22081,0,0
579,1,7.281647,2.061937,34.604665,1.536909,16.539656,59.962877,4.456624,3.830434,19.179681,2.563629,2.597148,6.367740,146,22081,0,0
580,1,2.908017,2.058112,34.693180,1.513282,0.870372,39.984850,4.596812,3.688378,19.301114,2.684787,2.495836,6.396067,146,22081,0,0
581,1,6.048737,2.059116,34.773875,1.463382,17.655562,59.941555,4.472833,3.608626,19.519226,2.961714,2.660071,6.339088,146,22081,0,0
582,1,2.959686,2.055366,34.451243,1.529931,1.021915,39.962775,4.594449,3.488193,19.244029,2.654182,2.612359,6.416623,146,22081,0,0
583,1,2.934052,2.086609,34.634532,1.535811,0.882043,39.986437,4.585839,3.751787,19.073073,2.656542,2.447764,6.460253,146,22081,0,0
584,1,2.939192,2.059631,34.782413,1.493615,0.724972,39.940192,4.418308,3.692115,19.463911,2.729099,2.628967,6.374441,146,22081,0,0
585,1,7.041890,2.060167,34.432397,1.527164,16.962033,59.963484,4.339884,3.623094,19.323395,2.643992,2.638940,6.211463,146,22081,0,0
586,1,2.956719,2.075134,34.696584,1.493473,0.815596,39.962372,4.798313,3.581614,19.214637,2.710551,2.586490,6.333204,146,22081,0,0
587,1,225.669898,2.058275,34.567332,1.461511,18.233361,279.932102,4.582160,3.699195,19.254879,2.688714,2.492700,6.270020,146,22081,0,0
588,1,2.951270,2.054260,34.537825,1.511844,0.954776,39.955716,4.456424,3.498901,19.279429,2.513458,2.503001,6.414476,146,22081,0,0
589,1,7.230323,2.047187,34.552758,1.537723,16.643375,59.964179,4.699846,3.549506,19.259599,2.619236,2.532827,6.380025,146,22081,0,0
590,1,2.946747,2.064440,34.354258,1.532115,1.129269,39.962389,4.529816,3.757338,18.977905,2.567488,2.591844,6.330699,146,22081,0,0
591,1,7.221364,2.061530,34.729848,1.582882,16.458296,59.992391,4.403690,3.622203,19.425385,2.810632,2.573052,6.366689,146,22081,0,0
592,1,2.906721,2.058451,34.772912,1.480004,0.773441,39.933078,4.556600,3.580332,19.521396,2.602458,2.620290,6.324775,146,22081,0,0
593,1,7.038049,2.097175,34.610660,1.538720,16.744937,59.932366,4.426873,3.492571,19.384152,2.672489,2.513150,6.354234,146,22081,0,0
594,1,2.906837,2.061930,34.708255,1.493201,0.878571,39.986864,4.567769,3.679704,19.417931,2.647590,2.598070,6.405826,146,22081,0,0
595,1,7.358083,2.060432,34.461355,1.542138,16.578047,59.939623,4.388102,3.617550,19.230889,2.673560,2.475908,6.226925,146,22081,0,0
596,1,2.938453,2.015761,34.492720,1.511071,1.019840,39.962084,4.398990,3.580960,19.408468,2.638567,2.559062,6.303287,146,22081,0,0
597,1,6.938527,2.059191,34.740712,1.531294,16.753014,59.963548,4.563243,3.558753,19.432912,2.806695,2.526832,6.332018,146,22081,0,0
598,1,2.948680,2.065552,34.757741,1.488027,0.767860,39.962307,4.462962,3.735670,19.432593,2.515113,2.631314,6.454193,146,22081,0,0
599,1,2.943275,2.055766,34.454003,1.521793,1.038659,39.957730,4.388177,3.554599,19.379805,2.915334,2.662228,6.142290,146,22081,0,0
600,1,15.563731,2.048855,34.710663,1.538720,8.149601,59.962714,4.616557,3.387282,19.713291,2.717234,2.525258,6.471337,146,22081,0,0
601,1,7.497440,2.052490,34.523197,1.535444,16.375634,59.931715,4.558648,3.460924,19.368120,2.766130,2.632039,6.365495,146,22081,0,0
602,1,2.980465,2.054932,34.585046,1.494307,0.903405,39.963223,4.448951,3.658156,19.397715,2.609436,2.626021,6.395084,146,22081,0,0
603,1,2.900387,2.053067,34.727848,1.515934,0.818403,39.962572,4.446411,3.572296,19.461216,2.575667,2.593608,6.498586,146,22081,0,0
604,1,7.299045,2.040371,34.663059,1.539676,16.431705,59.933485,4.506273,3.551853,19.447957,2.663971,2.631975,6.527835,146,22081,0,0
605,1,7.481564,2.061042,34.668521,1.557214,16.279138,59.986437,4.354533,3.601403,19.567295,2.643321,2.560093,6.472941,146,22081,0,0
606,1,2.940101,2.060710,34.792423,1.479882,0.726803,39.939209,4.554728,3.568342,19.479299,2.821428,2.744548,6.262492,146,22081,0,0
607,1,2.960581,2.055339,34.372772,1.532759,1.096805,39.962918,4.373603,3.597202,19.278080,2.670376,2.615787,6.163191,146,22081,0,0
608,1,2.970150,2.080119,34.523197,1.579736,0.960914,40.033997,4.456919,3.483317,19.372111,2.799171,2.495962,6.439972,146,22081,0,0
609,1,7.330726,2.071275,34.758230,1.538869,16.265276,59.893100,4.422882,3.653039,19.412231,2.740529,2.449117,6.320594,146,22081,0,0
610,1,2.951555,2.067118,34.367516,1.526323,1.111087,39.956482,4.425520,3.631775,19.176639,2.606862,2.557404,6.333513,146,22081,0,0
611,1,2.971493,2.035272,34.603763,1.494212,0.893531,39.962999,4.471341,3.685099,19.389615,2.637604,2.586938,6.519040,146,22081,0,0
612,1,66.215390,2.030660,34.739627,1.476552,17.532711,119.964281,4.389492,3.515964,19.785136,2.666968,2.638662,6.427622,146,22081,0,0
613,1,7.378632,2.073120,34.482595,1.574365,16.555946,59.991536,4.410255,3.753045,19.235833,2.595866,2.615668,6.329848,146,22081,0,0
614,1,2.944570,2.022013,34.498037,1.517860,0.972782,39.933248,4.367845,3.602159,19.322303,2.733707,2.601993,6.345456,146,22081,0,0
615,1,2.946204,2.066094,34.659997,1.499624,0.857642,39.963467,4.421773,3.925113,19.233256,2.558828,2.610419,6.373773,146,22081,0,0
616,1,7.608253,2.056444,34.777896,1.533824,16.014421,59.934394,4.418047,3.491282,19.629150,2.687459,2.757735,6.320157,146,22081,0,0
617,1,6.636871,2.055298,34.491119,1.481388,17.353519,59.962897,4.517782,3.421577,19.592065,2.824551,2.661981,6.360172,146,22081,0,0
618,1,2.944468,2.062710,34.601491,1.495317,0.921716,39.962992,4.661489,3.407681,19.359592,2.771990,2.526204,6.286530,146,22081,0,0
619,1,2.979001,2.051900,34.359745,1.523712,1.094133,39.956590,4.576094,3.477091,19.195323,2.785105,2.499064,6.304525,146,22081,0,0
620,1,7.292816,2.068549,34.688344,1.561974,16.447364,59.990499,4.567362,3.371080,19.651184,2.639184,2.526432,6.400482,146,22081,0,0
621,1,7.516910,2.067756,34.810957,1.537242,16.071428,59.936537,4.490913,3.650150,19.443841,2.643175,2.561381,6.353455,146,22081,0,0
622,1,2.950253,2.026265,34.404931,1.521155,1.085737,39.962077,4.506290,3.541572,19.149441,2.676632,2.493079,6.246897,146,22081,0,0
623,1,2.987179,2.078824,34.590213,1.519114,0.866940,39.963447,4.473026,3.637346,19.186859,2.549079,2.592733,6.380931,146,22081,0,0
624,1,2.903683,2.056200,34.200545,1.532427,1.325992,39.962646,4.522786,3.827549,19.115289,2.585327,2.522020,6.469527,146,22081,0,0
625,1,19.672930,2.070577,34.136620,1.537859,4.615828,59.963236,4.462287,3.691379,19.032413,2.637773,2.499183,6.476078,146,22081,0,0
626,1,2.984148,2.059245,34.464216,1.511261,1.003516,39.963142,4.476393,3.482588,19.347029,2.706061,2.447089,6.422804,146,22081,0,0
627,1,2.909481,2.062174,34.665510,1.501645,0.886498,39.963135,4.512014,3.593699,19.367720,2.672858,2.549462,6.392151,146,22081,0,0
628,1,2.942603,2.058695,34.775991,1.487932,0.725915,39.932441,4.501021,3.613861,19.393938,2.691172,2.667999,6.394094,146,22081,0,0
629,1,10.445228,2.081855,34.565026,1.544763,13.407983,59.962999,4.700168,3.579064,19.161357,2.672516,2.516496,6.288205,146,22081,0,0
630,1,2.961456,2.078824,34.650869,1.534515,0.841977,39.988817,4.514377,3.462033,19.497379,2.665927,2.575951,6.310588,146,22081,0,0
631,1,2.941037,2.055284,34.791128,1.481137,0.717451,39.930752,4.573764,3.658017,19.457564,2.717383,2.662367,6.259488,146,22081,0,0
632,1,2.945465,2.055915,34.448191,1.527150,1.042599,39.963406,4.432237,3.391975,19.403154,2.679518,2.664144,6.460819,146,22081,0,0
633,1,7.141232,2.012838,34.659122,1.540843,16.622006,59.963203,4.561184,3.517198,19.507562,2.599809,2.677300,6.528802,146,22081,0,0
634,1,2.952837,2.069641,34.681474,1.500186,0.828332,39.962830,4.490689,3.538934,19.479224,2.747064,2.560672,6.302087,146,22081,0,0
635,1,2.991486,2.072374,34.470917,1.500492,1.000390,39.963284,4.432512,3.687954,19.229401,2.637777,2.567881,6.425696,146,22081,0,0
636,1,2.902049,2.054064,34.185455,1.543325,1.333879,39.964708,4.353570,3.594225,19.296549,2.559825,2.765503,6.353068,146,22081,0,0
637,1,71.307810,2.047431,34.388784,1.543922,12.720340,119.960856,4.392612,3.637241,19.609504,2.627930,2.514041,6.506212,146,22081,0,0
638,1,2.958282,2.058268,34.747874,1.483971,0.772281,39.962409,4.516317,3.749556,19.452271,2.738491,2.560388,6.292942,146,22081,0,0
639,1,3.008501,2.085375,34.455366,1.519819,0.979855,39.963542,4.451664,3.526659,19.339511,2.537554,2.701653,6.421200,146,22081,0,0
640,1,2.957815,2.061991,34.451772,1.521135,1.025394,39.956116,4.514832,3.662235,19.556298,2.650360,2.603319,6.464742,146,22081,0,0
641,1,10.714386,2.098409,34.709015,1.539507,13.000695,59.963603,4.340271,3.661123,19.532915,2.637010,2.525384,6.434024,146,22081,0,0
642,1,2.943783,2.060126,34.363732,1.530772,1.124610,39.962897,4.580872,3.562683,18.974911,2.694529,2.529802,6.164442,146,22081,0,0
643,1,3.002275,2.084235,34.622074,1.505307,0.834028,39.963684,4.533037,3.691047,19.216054,2.492303,2.564606,6.447649,146,22081,0,0
644,1,2.903032,2.057515,34.169091,1.562571,1.356096,39.990790,4.402727,3.684930,19.412604,2.588742,2.671604,6.379893,146,22081,0,0
645,1,10.702145,2.054776,34.792260,1.528920,12.912920,59.936245,4.477614,3.687727,19.378062,2.631914,2.600416,6.290493,146,22081,0,0
646,1,2.972955,2.066691,34.451731,1.513038,1.024478,39.962202,4.348846,3.535394,19.476854,2.593743,2.679660,6.375966,146,22081,0,0
647,1,2.917274,2.069397,34.635400,1.516856,0.915354,39.984884,4.584313,3.924293,19.121284,2.555922,2.626607,6.515422,146,22081,0,0
648,1,2.939952,2.059943,34.790293,1.480228,0.731645,39.942118,4.650296,3.630517,19.355116,2.809601,2.490384,6.285309,146,22081,0,0
649,1,7.143341,2.054871,34.655548,1.540565,16.623457,59.962911,4.650418,3.511800,19.420180,2.747501,2.596795,6.386275,146,22081,0,0
650,1,16.721649,2.056017,34.733124,1.532610,6.975528,59.962911,4.567824,3.575948,19.319556,2.580892,2.557485,6.455722,146,22081,0,0
651,1,2.939646,2.057251,34.530243,1.506127,0.980960,39.956977,4.507385,3.491950,19.419284,2.664483,2.600535,6.392480,146,22081,0,0
652,1,2.993120,2.077684,34.617700,1.502628,0.849084,39.962531,4.343438,3.745795,19.429555,2.520545,2.602136,6.541314,146,22081,0,0
653,1,9.028683,2.057848,34.758508,1.538693,14.637943,59.963826,4.584123,3.577525,19.440911,2.585731,2.753876,6.439575,146,22081,0,0
654,1,10.826711,2.054043,34.696950,1.537228,12.901777,59.962667,4.472049,3.616703,19.622586,2.721317,2.603366,6.373681,146,22081,0,0
655,1,2.907603,2.062303,34.685394,1.514550,0.854597,39.962145,4.630825,3.443553,19.608324,2.558105,2.734487,6.500919,146,22081,0,0
656,1,2.920678,2.072408,34.782596,1.473304,0.737857,39.914435,4.419339,3.498172,19.641215,2.752224,2.608561,6.395409,146,22081,0,0
657,1,7.196021,2.035651,34.831831,1.531287,16.404402,59.963542,4.672943,3.680583,19.349874,2.529887,2.489478,6.355608,146,22081,0,0
658,1,2.913245,2.066833,34.698388,1.490604,0.860375,39.962613,4.478102,3.334154,19.675049,2.724799,2.478356,6.489668,146,22081,0,0
659,1,2.931820,2.040649,34.785004,1.466095,0.750322,39.933241,4.626204,3.605486,19.356459,2.562612,2.694048,6.392436,146,22081,0,0
660,1,2.976267,2.087918,34.550995,1.511369,0.923954,39.962585,4.539341,3.481974,19.364658,2.736230,2.566701,6.438497,146,22081,0,0
661,1,7.412554,2.088257,34.705733,1.536577,16.309614,59.964478,4.611111,3.783783,19.344774,2.669305,2.586287,6.403890,146,22081,0,0
662,1,72.723284,2.067179,34.783457,1.536665,10.879947,119.923353,4.603414,3.585792,19.289758,2.735304,2.453332,6.294959,146,22081,0,0
663,1,2.942827,2.016968,34.526839,1.513045,0.980221,39.962931,4.428585,3.462396,19.388953,2.623186,2.581607,6.375112,146,22081,0,0
664,1,2.911550,2.064541,34.713186,1.490109,0.847944,39.962789,4.539107,3.576274,19.488515,2.780806,2.615167,6.528649,146,22081,0,0
665,1,7.612708,2.050720,34.811974,1.533898,16.004907,59.963487,4.409451,3.749563,19.347666,2.811167,2.601000,6.334798,146,22081,0,0
666,1,7.403900,2.073547,34.792267,1.538537,16.228316,59.963019,4.629344,3.450341,19.515889,2.704753,2.594337,6.438470,146,22081,0,0
667,1,2.949622,2.038737,34.713220,1.502580,0.797550,39.962972,4.471975,3.747728,19.419878,2.729231,2.569129,6.307685,146,22081,0,0
668,1,2.968089,2.080349,34.405263,1.520240,1.070031,39.963623,4.555562,3.656555,18.912137,2.540304,2.460615,6.171041,146,22081,0,0
669,1,7.278527,2.065959,34.512780,1.542057,16.629500,59.962863,4.293830,3.752228,19.601861,2.497718,2.776228,6.539642,146,22081,0,0
670,1,7.169356,2.035855,34.680057,1.534793,16.578779,59.962986,4.547360,3.709571,19.308506,2.726671,2.545132,6.347677,146,22081,0,0
671,1,2.985402,2.064385,34.512197,1.508447,0.949805,39.955851,4.551812,3.574042,19.350698,2.678287,2.496738,6.433085,146,22081,0,0
672,1,2.912404,2.065186,34.661916,1.520572,0.890445,39.985338,4.457024,3.570228,19.408318,2.435788,2.557129,6.380205,146,22081,0,0
673,1,6.991635,2.076525,34.762889,1.537581,16.648807,59.940911,4.628333,3.636325,19.479007,2.643762,2.459819,6.425717,146,22081,0,0
674,1,2.940609,2.043850,34.586978,1.506236,0.929033,39.962857,4.524529,3.447998,19.373857,2.510023,2.619971,6.403307,146,22081,0,0
675,1,15.931549,2.052233,34.541901,1.543738,7.916731,59.933919,4.603895,3.500054,19.356459,2.544776,2.567807,6.414103,146,22081,0,0
676,1,2.943960,2.059408,34.427541,1.522458,1.068749,39.962708,4.492194,3.563382,19.295353,2.673336,2.596846,6.213888,146,22081,0,0
677,1,7.375444,2.061266,34.710107,2.357866,15.520816,59.964233,4.447717,3.471022,19.591949,2.633853,2.735572,6.389197,146,22081,0,0
678,1,2.968258,2.058689,34.755110,1.480309,0.758040,39.961717,4.611203,3.466634,19.571333,2.526859,2.685442,6.367798,146,22081,0,0
679,1,7.383230,2.087199,34.731211,1.561262,16.315996,59.991699,4.418572,3.550134,19.538832,2.646552,2.555274,6.456899,146,22081,0,0
680,1,2.923296,2.053101,34.710968,1.480771,0.819238,39.934272,4.524431,3.613739,19.471507,2.658895,2.745178,6.380473,146,22081,0,0
681,1,7.385108,2.056559,34.558658,1.537052,16.482751,59.963569,4.541233,3.596256,19.247277,2.648719,2.563955,6.434689,146,22081,0,0
682,1,2.932126,2.064311,34.764815,1.499929,0.759701,39.956570,4.609378,3.482927,19.523875,2.596320,2.669549,6.360606,146,22081,0,0
683,1,2.902001,2.052721,34.711612,1.504127,0.814619,39.932359,4.577345,3.653653,19.420302,2.756758,2.529521,6.512953,146,22081,0,0
684,1,2.966183,2.059245,34.563948,1.516483,0.916935,39.963548,4.348263,3.708822,19.292640,2.708927,2.693651,6.358120,146,22081,0,0
685,1,7.672231,2.013062,34.505951,1.532318,16.252886,59.963386,4.491960,3.546088,19.373973,2.745209,2.530955,6.361135,146,22081,0,0
686,1,2.894718,2.045593,34.659163,1.516337,0.860596,39.930813,4.292555,3.729099,19.486915,2.772108,2.557763,6.260017,146,22081,0,0
687,1,71.642609,2.057665,34.622406,1.541521,12.156457,119.962992,4.561754,3.589986,19.382155,2.690904,2.572873,6.459866,146,22081,0,0
688,1,2.933217,2.065457,34.702504,1.535187,0.819149,39.990058,4.685330,3.484290,19.357537,2.670183,2.669905,6.297431,146,22081,0,0
689,1,6.861182,2.043966,34.544261,1.519358,17.010861,59.935662,4.282986,3.698188,19.299900,2.673096,2.744982,6.247359,146,22081,0,0
690,1,2.977190,2.020040,34.660648,1.510393,0.814558,39.962789,4.598545,3.695241,19.186710,2.581831,2.531392,6.542894,146,22081,0,0
691,1,8.085052,2.070197,34.673981,1.540382,15.664249,59.963664,4.510091,3.514943,19.453000,2.734968,2.605411,6.430250,146,22081,0,0
692,1,2.943987,2.060411,34.580651,1.521596,0.910458,39.956692,4.599175,3.495673,19.322886,2.821757,2.632534,6.235704,146,22081,0,0
693,1,7.837562,2.055915,34.689233,1.536611,15.900143,59.963548,4.394114,3.670637,19.389411,2.487522,2.482619,6.476067,146,22081,0,0
694,1,2.903364,2.054321,34.775333,1.489356,0.762699,39.930752,4.380486,3.662137,19.728305,2.607354,2.482147,6.453362,146,22081,0,0
695,1,7.370331,2.074117,34.672455,1.540992,16.379744,59.963521,4.508233,3.529280,19.453013,2.744470,2.549391,6.413727,146,22081,0,0
696,1,2.883216,2.037109,34.661034,1.507558,0.911170,39.962979,4.556953,3.704912,19.268582,2.637899,2.614231,6.261220,146,22081,0,0
697,1,7.876543,2.013814,34.482568,1.535390,16.039161,59.933662,4.473785,3.427348,19.384457,2.669145,2.564674,6.379401,146,22081,0,0
698,1,2.940725,2.045498,34.564606,1.521501,0.934899,39.961731,4.439070,3.393636,19.418911,2.500326,2.559475,6.407600,146,22081,0,0
699,1,2.918196,2.056607,34.757612,1.481876,0.777632,39.935316,4.371782,3.539032,19.528242,2.671465,2.641744,6.360908,146,22081,0,0
700,1,16.027056,2.063931,34.693241,1.531871,7.711280,59.963447,4.583232,3.635383,19.187022,2.568024,2.526557,6.413598,146,22081,0,0
701,1,6.922618,2.086263,34.769175,1.528941,16.742184,59.962918,4.444736,3.545739,19.553284,2.696272,2.575992,6.472483,146,22081,0,0
702,1,2.963450,2.072374,34.702606,1.486081,0.803816,39.955953,4.636234,3.342556,19.641880,2.532016,2.592570,6.458259,146,22081,0,0
703,1,3.009559,2.088298,34.610640,1.485843,0.857669,39.963711,4.630049,3.502804,19.375092,2.709557,2.675869,6.474603,146,22081,0,0
704,1,7.505591,2.063124,34.871036,1.534454,16.052304,59.963386,4.679925,3.688819,19.330356,2.555406,2.634457,6.354017,146,22081,0,0
705,1,7.661377,2.069987,34.535587,1.547475,16.218930,59.963369,4.380731,3.467753,19.383321,2.744571,2.639570,6.344574,146,22081,0,0
706,1,2.889092,2.040283,34.606618,1.548662,0.948510,39.992883,4.603634,3.456709,19.357425,2.565494,2.714952,6.424367,146,22081,0,0
707,1,2.907962,2.061015,34.693749,1.492191,0.838545,39.932448,4.410197,3.643633,19.585832,2.537031,2.565403,6.421912,146,22081,0,0
708,1,2.985145,2.070536,34.541589,1.512550,0.924422,39.963704,4.469320,3.499118,19.558255,2.964650,2.698988,6.301263,146,22081,0,0
709,1,7.049001,2.062466,34.560883,1.526343,16.826928,59.963155,4.579844,3.584384,19.269321,2.452484,2.550025,6.394874,146,22081,0,0
710,1,2.934119,2.050212,34.832971,1.478234,0.684757,39.930081,4.635779,3.628062,19.296302,2.656447,2.700338,6.404551,146,22081,0,0
711,1,2.988983,2.063809,34.415782,1.514489,1.044532,39.963786,4.571381,3.597338,19.190742,2.506412,2.529867,6.394185,146,22081,0,0
712,1,66.386505,2.066162,34.704458,1.485809,17.407806,119.984578,4.606696,3.541073,19.433567,2.791524,2.465322,6.412994,146,22081,0,0
713,1,7.788693,2.060425,34.638390,1.540280,15.967960,59.935323,4.537984,3.508864,19.375637,2.478787,2.487644,6.402818,146,22081,0,0
714,1,2.963986,2.067288,34.569563,1.512536,0.916446,39.962531,4.531250,3.600003,19.292606,2.663825,2.660851,6.344499,146,22081,0,0
715,1,2.930681,2.083584,34.750858,1.503455,0.778303,39.963298,4.425927,3.619853,19.537028,2.745277,2.628811,6.439931,146,22081,0,0
716,1,7.188595,2.078152,34.234392,1.518151,17.021651,59.962789,4.282467,3.655073,19.273404,2.534309,2.528934,6.542582,146,22081,0,0
717,1,7.300385,2.068624,34.291005,1.529741,16.842065,59.963196,4.638272,3.460300,19.042013,2.866899,2.554793,6.120826,146,22081,0,0
718,1,2.952918,2.041850,34.299666,1.561486,1.176273,39.990343,4.452281,3.815148,19.059967,2.614671,2.409688,6.410353,146,22081,0,0
719,1,2.952857,2.064765,34.647105,1.498213,0.837806,39.935981,4.305515,3.958859,19.225569,2.694360,2.622521,6.250746,146,22081,0,0
840,2,2.894345,2.020250,14.762332,1.034712,1.273719,19.965108,2.302684,1.105577,9.430796,1.259382,1.031976,3.633653,59,11281,0,0
841,2,10.600257,2.053494,14.915788,1.011498,13.446048,39.973592,2.274946,0.986443,9.709123,1.331455,1.037906,3.681468,59,11281,0,0
842,2,2.846391,2.055488,15.318743,1.010773,0.808862,19.984768,2.389055,1.027717,9.713050,1.312588,1.063463,3.681380,59,11281,0,0
843,2,2.891829,2.048815,15.065189,0.988366,0.985409,19.930793,2.359155,0.954800,9.392446,1.252967,1.005951,3.593669,59,11281,0,0
844,2,2.909902,2.065335,14.813975,1.005205,1.228295,19.957377,2.286536,0.956818,9.666789,1.254242,0.959089,3.722093,59,11281,0,0
845,2,10.784624,2.049805,14.977827,1.004968,13.196509,39.963928,2.320726,0.986735,9.787649,1.332859,1.040253,3.752218,59,11281,0,0
846,2,2.849565,2.055278,15.436072,0.982873,0.694299,19.962809,2.510505,0.909885,9.764693,1.389886,1.130537,3.720303,59,11281,0,0
847,2,2.826453,2.033719,15.122643,0.993832,1.019596,19.962524,2.208035,0.957391,9.669986,1.378489,1.112023,3.630968,59,11281,0,0
848,2,2.880958,2.059048,14.899499,1.035105,1.179379,19.994941,2.255917,0.982103,9.625431,1.325823,1.218601,3.571730,59,11281,0,0
849,2,6.846887,2.030897,14.761458,1.028602,17.296431,39.933377,2.177378,1.029989,9.593848,1.242625,1.081689,3.635827,59,11281,0,0
850,2,16.880741,2.053914,15.257850,1.006500,6.817563,39.962653,2.397220,0.948914,9.632714,1.484962,1.017141,3.647413,59,11281,0,0
851,2,2.881426,2.059496,14.815311,1.004961,1.269331,19.971029,2.259132,0.913550,9.649448,1.283318,1.035645,3.674418,59,11281,0,0
852,2,2.866737,2.054993,15.060489,1.021081,1.036299,19.984606,2.319105,1.017510,9.461972,1.225681,1.031562,3.589589,59,11281,0,0
853,2,6.925785,2.078518,14.747399,1.005063,17.254907,39.933153,2.297160,0.987793,9.552846,1.325555,1.042053,3.683326,59,11281,0,0
854,2,7.042823,2.010885,15.231449,1.031335,16.657813,39.963420,2.327101,0.946784,9.736833,1.422943,0.982022,3.656701,59,11281,0,0
855,2,2.889075,2.066813,14.822696,1.035160,1.215044,19.961975,2.407966,0.992377,9.511383,1.202335,0.999990,3.717726,59,11281,0,0
856,2,2.882646,2.061462,15.105615,0.987484,0.987654,19.963399,2.334374,0.987827,9.610399,1.392175,0.993117,3.639442,59,11281,0,0
857,2,7.349097,2.054674,14.753950,1.006432,16.854367,39.963847,2.330994,1.039124,9.431420,1.248047,1.043115,3.653615,59,11281,0,0
858,2,2.889442,2.059347,15.245670,1.004656,0.822818,19.962585,2.261447,1.026784,9.492696,1.289157,1.065521,3.665561,59,11281,0,0
859,2,2.871782,2.045376,15.187646,1.030596,0.872969,19.962992,2.385810,0.985385,9.675913,1.460666,0.960924,3.625370,59,11281,0,0
860,2,2.885203,2.007161,14.800927,1.004628,1.273475,19.964233,2.297133,1.087162,9.501444,1.375475,1.120568,3.615390,59,11281,0,0
861,2,7.363766,2.052375,14.835046,1.005164,16.759362,39.963338,2.325233,0.958879,9.707859,1.306909,1.130680,3.690464,59,11281,0,0
862,2,68.136715,2.036797,15.101912,1.008202,15.709408,99.956238,2.256456,0.988095,9.557414,1.507328,1.024180,3.525130,59,11281,0,0
863,2,2.873532,2.051609,15.106856,0.990495,1.001021,19.971903,2.285906,1.045427,9.444234,1.285288,1.005395,3.630544,59,11281,0,0
864,2,2.864865,2.055135,15.094099,0.988258,1.006819,19.954041,2.198964,1.062887,9.476691,1.305067,1.062225,3.613461,59,11281,0,0
865,2,7.140466,2.050707,14.961653,1.041724,16.788171,39.932014,2.216309,0.958801,9.791138,1.399590,1.067427,3.692037,59,11281,0,0
866,2,6.532881,2.052246,15.236515,1.005354,15.969988,38.744737,2.360355,0.910950,9.701392,1.261671,1.027222,3.770823,59,11281,0,0
867,2,2.898831,2.040582,15.031019,0.998966,1.033362,19.962179,2.323947,0.919878,9.577684,1.286279,0.967061,3.676690,59,11281,0,0
868,2,2.844459,2.051392,15.167077,0.981625,0.970442,19.963603,2.330315,1.036709,9.576480,1.415059,1.023051,3.604099,59,11281,0,0
869,2,7.252479,2.021444,14.877526,1.008847,16.829064,39.967916,2.261742,0.998905,9.670726,1.363858,1.014628,3.661204,59,11281,0,0
870,2,7.099972,2.032355,15.233598,1.002323,16.622257,39.958150,2.314389,1.030012,9.675374,1.415897,1.024031,3.633036,59,11281,0,0
871,2,2.890601,2.032206,14.832557,1.009288,1.229916,19.962362,2.239729,0.957011,9.720089,1.409685,1.035482,3.676921,59,11281,0,0
872,2,2.859229,2.028612,15.150292,1.005612,0.948144,19.963277,2.377228,1.001343,9.626706,1.434672,1.068176,3.580190,59,11281,0,0
873,2,7.707557,2.073954,14.807621,1.006833,16.441206,39.963216,2.285624,1.062046,9.543555,1.282003,0.965146,3.677497,59,11281,0,0
874,2,2.903297,2.007623,15.100956,0.989275,0.968855,19.962382,2.369422,1.042830,9.474006,1.461155,1.061913,3.435560,59,11281,0,0
875,2,16.589576,2.044312,15.305423,1.000844,7.091014,39.986857,2.369425,0.919952,9.750651,1.319851,1.188432,3.751095,59,11281,0,0
876,2,2.852597,2.061422,15.107140,0.984989,0.995521,19.940247,2.224158,1.095405,9.514713,1.298353,1.021332,3.689280,59,11281,0,0
877,2,7.190555,2.048855,15.226118,1.005714,16.509240,39.931627,2.399851,0.940128,9.565735,1.250970,1.067078,3.556902,59,11281,0,0
878,2,2.884132,2.043599,15.176863,1.018558,0.875871,19.955424,2.397285,0.949131,9.612545,1.308780,0.961578,3.772675,59,11281,0,0
879,2,6.839291,2.051392,15.221378,1.011166,16.892297,39.964132,2.359972,1.110884,9.491618,1.319122,0.997230,3.633518,59,11281,0,0
880,2,2.842383,2.049866,15.167382,0.987125,0.966163,19.963053,2.249257,0.953084,9.677873,1.420987,1.006792,3.718594,59,11281,0,0
881,2,7.770301,2.023526,15.131046,1.031470,16.030623,39.963440,2.311693,1.064779,9.545129,1.238837,1.093096,3.807081,59,11281,0,0
882,2,2.878930,2.049689,15.096561,0.995358,0.960778,19.931627,2.349253,1.031257,9.426164,1.255920,1.032728,3.621887,59,11281,0,0
883,2,2.883175,2.043362,15.152198,0.986318,0.942501,19.964193,2.358860,1.003357,9.536923,1.282786,1.123610,3.682309,59,11281,0,0
884,2,2.877051,2.046733,14.889082,1.003069,1.193993,19.963196,2.333249,0.997521,9.672947,1.265272,1.025163,3.722873,59,11281,0,0
885,2,6.983578,2.043810,14.754656,1.003855,17.221534,39.963623,2.384467,0.915066,9.438534,1.246819,1.033905,3.635227,59,11281,0,0
886,2,2.844760,2.051412,15.167830,0.990170,0.958764,19.961524,2.324348,0.957787,9.602044,1.257640,1.033600,3.684224,59,11281,0,0
887,2,68.885925,2.053758,15.233137,1.008067,14.836721,99.963850,2.370572,1.072374,9.581363,1.387326,0.985426,3.717729,59,11281,0,0
888,2,2.835181,2.041300,15.239831,1.006636,0.880327,19.961975,2.285027,0.914758,9.726434,1.332774,0.989271,3.536550,59,11281,0,0
889,2,7.079926,2.050680,15.172129,1.011431,16.700382,39.963867,2.347612,1.006331,9.539544,1.498311,1.037425,3.582987,59,11281,0,0
890,2,2.837609,2.045146,15.152001,0.980004,0.964169,19.933784,2.496365,0.952725,9.439348,1.303352,1.121368,3.694682,59,11281,0,0
891,2,7.160295,2.037299,15.210331,1.007735,16.584089,39.962450,2.302124,0.972724,9.729923,1.511634,1.127743,3.641581,59,11281,0,0
892,2,2.833859,2.040900,15.279646,0.981245,0.868120,19.962870,2.366445,0.931824,9.770884,1.441664,1.046458,3.649051,59,11281,0,0
893,2,6.895138,2.071411,15.250939,1.014991,16.802656,39.963725,2.342380,1.012638,9.645589,1.440806,1.028127,3.687127,59,11281,0,0
894,2,2.835364,2.044583,15.135339,0.989376,1.011966,19.972046,2.390889,0.951179,9.554396,1.436317,1.031867,3.572388,59,11281,0,0
895,2,6.927772,2.051046,15.166161,1.028236,16.825077,39.947245,2.285200,1.069322,9.501692,1.243764,1.075687,3.636559,59,11281,0,0
896,2,2.876319,2.049242,15.128035,1.022091,0.935835,19.962280,2.348311,0.989373,9.569719,1.368710,0.991126,3.657179,59,11281,0,0
897,2,7.204241,2.021186,15.128075,1.007870,16.623355,39.963542,2.257307,0.992540,9.615292,1.381700,1.037635,3.712192,59,11281,0,0
898,2,2.839881,2.047485,15.107914,0.990862,1.024011,19.962667,2.292301,0.983392,9.542070,1.342628,0.986627,3.615638,59,11281,0,0
899,2,2.840634,2.047289,15.252018,0.997250,0.874006,19.963908,2.377767,1.023953,9.634705,1.326267,1.042619,3.643260,59,11281,0,0
900,2,16.471995,2.004374,14.732697,1.041073,7.716190,39.961955,2.339562,1.046010,9.339979,1.258172,0.992530,3.688416,59,11281,0,0
901,2,7.220456,2.052965,15.178450,1.003259,16.562334,39.964498,2.303507,0.953912,9.660346,1.325677,1.033705,3.727322,59,11281,0,0
902,2,2.912126,2.044922,14.793176,1.006466,1.250797,19.962565,2.262719,1.033474,9.543962,1.361596,1.068851,3.605075,59,11281,0,0
903,2,2.912187,2.019633,15.132145,0.982886,0.936201,19.963420,2.479557,0.913306,9.594618,1.468981,1.001407,3.670793,59,11281,0,0
904,2,6.958371,2.056403,14.822493,1.037533,17.144128,39.962524,2.282128,0.956245,9.640554,1.343245,1.060944,3.625573,59,11281,0,0
905,2,7.389482,2.025804,15.093102,1.041833,16.439206,39.963623,2.359531,0.954420,9.450748,1.291870,0.999905,3.571557,59,11281,0,0
906,2,2.887855,2.026984,14.710432,1.004676,1.359989,19.962952,2.227580,0.988837,9.540348,1.309964,1.104577,3.624132,59,11281,0,0
907,2,2.930783,2.074076,15.096948,1.017514,0.917525,19.962769,2.389055,0.954339,9.484209,1.240401,1.037174,3.742089,59,11281,0,0
908,2,2.892039,2.055888,14.808604,1.006243,1.256310,19.963196,2.179199,1.022393,9.574202,1.348596,0.997789,3.705722,59,11281,0,0
909,2,6.740278,2.062141,14.961470,0.999875,17.261498,39.963121,2.254584,1.085100,9.622423,1.253893,1.159831,3.634233,59,11281,0,0
910,2,2.842004,2.051663,15.225447,1.001339,0.895267,19.964057,2.243998,0.988322,9.779565,1.515920,1.024648,3.603088,59,11281,0,0
911,2,2.871904,2.049588,15.193159,1.010318,0.886125,19.961507,2.313043,0.960198,9.657583,1.356910,1.071591,3.628106,59,11281,0,0
912,2,69.936283,2.055671,14.864811,0.998796,14.133426,99.933316,2.209649,0.994066,9.676409,1.288778,1.067268,3.726841,59,11281,0,0
913,2,6.845476,2.073486,15.082401,1.012088,17.016639,39.956604,2.220815,0.993700,9.652564,1.378065,0.969052,3.557580,59,11281,0,0
914,2,2.841081,2.048442,15.180464,0.982622,0.958255,19.962423,2.316037,0.915771,9.699951,1.427494,1.015388,3.661767,59,11281,0,0
915,2,2.866045,2.054674,15.217207,0.984107,0.896203,19.963562,2.356713,0.994334,9.676297,1.326263,0.998566,3.773933,59,11281,0,0
916,2,7.463701,2.049622,14.890405,1.005530,16.603865,39.963501,2.309018,1.074310,9.532050,1.212036,1.093777,3.691128,59,11281,0,0
917,2,7.513262,2.042121,15.159387,1.890533,15.400564,39.963745,2.247382,0.963528,9.620182,1.298089,1.068993,3.728095,59,11281,0,0
918,2,2.842139,2.048625,14.873539,1.001767,1.243839,19.961283,2.295068,0.946947,9.652693,1.478841,1.025696,3.674398,59,11281,0,0
919,2,2.855113,2.053067,15.240306,0.997311,0.873783,19.966512,2.322344,0.920681,9.751712,1.282464,1.001522,3.737715,59,11281,0,0
920,2,6.935788,2.049160,14.745426,1.009538,17.268700,39.959452,2.228295,0.906915,9.653636,1.468665,0.994849,3.548428,59,11281,0,0
921,2,7.421505,2.001221,15.222578,1.004818,16.314680,39.963582,2.425408,0.964908,9.672451,1.412408,1.100667,3.648119,59,11281,0,0
922,2,2.845313,2.051297,14.939233,1.002038,1.176286,19.962870,2.225413,0.990774,9.723558,1.304657,1.030562,3.723056,59,11281,0,0
923,2,2.841427,2.048041,15.269514,0.981788,0.870141,19.962870,2.315369,0.916284,9.741258,1.500495,1.099484,3.592160,59,11281,0,0
924,2,2.847592,2.056851,14.791772,1.009091,1.313541,19.961995,2.306875,1.015133,9.513251,1.291782,1.066759,3.633141,59,11281,0,0
925,2,19.707109,2.033691,14.870405,1.008196,4.377953,39.963664,2.349392,1.047180,9.478153,1.470161,0.960334,3.515225,59,11281,0,0
926,2,2.901466,2.028924,15.118778,0.987098,0.956180,19.963521,2.393704,0.995955,9.585314,1.427721,1.114288,3.605526,59,11281,0,0
927,2,2.888913,2.056437,15.201196,0.983537,0.889448,19.963094,2.339105,1.124312,9.520850,1.369744,1.157640,3.574222,59,11281,0,0
928,2,2.867523,2.075629,14.933929,0.999678,1.161618,19.962748,2.246426,0.981662,9.721785,1.421865,1.093767,3.643846,59,11281,0,0
929,2,11.098650,2.062019,14.825422,1.008989,13.030256,39.963318,2.315854,1.036808,9.480896,1.308662,1.062486,3.568095,59,11281,0,0
930,2,2.905148,2.047818,15.132511,1.016564,0.909054,19.963277,2.366848,1.026299,9.551103,1.217529,1.227817,3.686320,59,11281,0,0
931,2,2.886024,2.055203,15.225549,1.023027,0.828434,19.963033,2.344109,0.987078,9.680461,1.284929,1.071103,3.744792,59,11281,0,0
932,2,2.821591,2.028463,14.842512,1.027930,1.264448,19.956482,2.221836,0.949910,9.587935,1.261783,1.018460,3.755568,59,11281,0,0
933,2,6.749732,2.046495,14.774133,0.991960,17.466231,39.982056,2.265767,0.918087,9.589233,1.369314,1.040558,3.585775,59,11281,0,0
934,2,2.873789,2.044067,15.154266,0.985816,0.930342,19.944214,2.366526,1.031891,9.499349,1.265828,1.035017,3.648766,59,11281,0,0
935,2,2.846683,2.054532,15.181556,0.982493,0.921098,19.931831,2.359389,1.038968,9.430973,1.389747,1.069492,3.613658,59,11281,0,0
936,2,2.893022,2.051229,14.773176,1.005951,1.291453,19.963603,2.234945,0.984328,9.561303,1.383999,1.064046,3.667677,59,11281,0,0
937,2,70.838233,2.080370,14.939904,1.007097,13.177311,99.962545,2.297750,1.049323,9.669715,1.380981,1.063616,3.674832,59,11281,0,0
938,2,2.880083,2.058268,15.179040,0.987647,0.915490,19.962260,2.250444,1.048167,9.559509,1.321014,0.993591,3.733276,59,11281,0,0
939,2,2.859141,2.039591,15.103526,0.990679,1.010868,19.964213,2.273478,0.999695,9.658715,1.282067,1.071859,3.716095,59,11281,0,0
940,2,2.840430,2.049750,14.941166,1.000044,1.198117,19.979757,2.313850,0.996555,9.593455,1.409997,1.067932,3.590908,59,11281,0,0
941,2,10.498410,2.040961,14.624230,1.030799,13.793664,39.947103,2.187273,1.001512,9.525764,1.252228,1.118395,3.561568,59,11281,0,0
942,2,2.879473,2.008036,15.185747,1.016246,0.880313,19.961778,2.458964,1.032633,9.587657,1.284217,0.995060,3.684977,59,11281,0,0
943,2,2.924639,2.046407,15.164839,0.986915,0.887271,19.963664,2.333418,0.948419,9.670108,1.456278,1.093387,3.641164,59,11281,0,0
944,2,2.892188,2.064948,14.854407,0.999603,1.217831,19.964030,2.316291,0.972293,9.566067,1.345022,0.992249,3.722677,59,11281,0,0
945,2,11.314857,2.062853,14.855370,1.004432,12.788720,39.963379,2.255615,1.039537,9.542409,1.418654,1.009989,3.655450,59,11281,0,0
946,2,2.814792,2.022630,15.132124,1.009382,0.993934,19.950233,2.384677,1.051710,9.326684,1.339803,1.064667,3.634647,59,11281,0,0
947,2,2.889038,2.057604,15.216068,0.982724,0.852603,19.940433,2.352403,1.075012,9.571713,1.251970,1.016646,3.689385,59,11281,0,0
948,2,2.903154,2.043728,14.844954,1.003211,1.212975,19.964294,2.340661,0.952176,9.642860,1.629740,1.130452,3.550245,59,11281,0,0
949,2,7.144080,2.059048,14.778629,1.003781,17.036706,39.963196,2.172597,1.145406,9.479665,1.375631,1.103051,3.589447,59,11281,0,0
950,2,15.853329,2.050910,15.229902,1.008379,7.865584,39.957194,2.399556,0.958866,9.577081,1.469594,1.025140,3.633769,59,11281,0,0
951,2,2.878170,2.049852,14.871952,1.034692,1.147295,19.932109,2.138879,1.031711,9.754947,1.389645,1.035302,3.718014,59,11281,0,0
952,2,2.918942,2.063802,15.142175,1.013791,0.888492,19.963399,2.465278,0.944383,9.592621,1.506402,0.958571,3.628645,59,11281,0,0
953,2,6.890622,2.060269,14.861291,1.040551,17.172136,39.964600,2.212396,0.956736,9.703796,1.204203,1.042311,3.727892,59,11281,0,0
954,2,6.985572,2.054097,15.264794,1.008460,16.703840,39.962667,2.285160,0.954831,9.702298,1.346090,1.063639,3.664191,59,11281,0,0
955,2,2.886024,2.041124,14.789778,1.009538,1.277530,19.962870,2.261464,0.949443,9.655134,1.298757,1.076182,3.701657,59,11281,0,0
956,2,2.934384,2.079468,15.118696,1.016049,0.893884,19.963013,2.440932,1.036791,9.454119,1.307370,0.957428,3.699660,59,11281,0,0
957,2,7.371192,2.038398,14.842024,1.008379,16.741764,39.963359,2.331631,0.936652,9.620867,1.334327,1.076976,3.641941,59,11281,0,0
958,2,2.841956,2.051500,15.166589,0.988922,0.965451,19.962918,2.285275,0.985786,9.611426,1.301415,1.070509,3.696184,59,11281,0,0
959,2,2.851702,2.059272,15.254947,1.030216,0.853885,19.990750,2.201860,0.914686,9.892005,1.398695,0.962277,3.656514,59,11281,0,0
960,2,2.878625,2.054694,14.797794,1.006609,1.253014,19.936042,2.337260,1.036123,9.459615,1.341176,0.956482,3.594760,59,11281,0,0
961,2,7.473616,2.045356,14.762312,1.003659,16.691267,39.930854,2.410421,0.992093,9.518802,1.289781,1.111498,3.665293,59,11281,0,0
962,2,67.181434,2.074205,15.154707,1.008664,16.617516,99.962321,2.348185,0.995585,9.554440,1.390828,1.037008,3.504459,59,11281,0,0
963,2,2.830760,2.035895,15.171316,0.984907,0.975969,19.962952,2.347073,0.920865,9.653859,1.284614,0.965885,3.756107,59,11281,0,0
964,2,2.861426,2.050117,15.192895,0.979957,0.929020,19.963298,2.322734,1.032762,9.660946,1.264581,1.031918,3.742523,59,11281,0,0
965,2,7.080299,2.044379,14.873213,1.034753,16.974809,39.963074,2.230428,0.986355,9.602631,1.369425,0.963162,3.741001,59,11281,0,0
966,2,7.131955,2.037096,15.022953,1.035946,16.766157,39.957011,2.246680,1.095320,9.426188,1.414690,1.103560,3.500010,59,11281,0,0
967,2,2.843380,2.049479,14.866804,1.032366,1.220218,19.962769,2.191610,1.004825,9.667752,1.203305,1.107724,3.788391,59,11281,0,0
968,2,2.848528,2.057014,15.215519,2.495500,0.914066,21.473612,2.288140,0.990119,9.672936,1.344801,0.952020,3.713216,59,11281,0,0
969,2,6.613610,2.038723,14.835656,0.998857,16.000024,38.448147,2.274004,1.013645,9.603404,1.331495,1.064395,3.696462,59,11281,0,0
970,2,7.303714,2.037991,15.227563,0.995968,16.435550,39.962796,2.253008,1.034359,9.629239,1.464827,0.991058,3.576257,59,11281,0,0
971,2,2.845720,2.051907,15.201297,0.980364,0.935489,19.962870,2.268358,0.953983,9.663703,1.322177,1.106625,3.718641,59,11281,0,0
972,2,2.843970,2.050686,15.212589,0.979597,0.927650,19.963806,2.365689,1.031379,9.628591,1.481750,0.989339,3.567586,59,11281,0,0
973,2,8.817156,2.046041,14.754371,1.006249,15.385969,39.963745,2.230998,1.046997,9.536597,1.359623,1.113359,3.599148,59,11281,0,0
974,2,2.905392,2.047146,15.183455,0.985619,0.888017,19.962484,2.228017,1.165697,9.453895,1.304481,1.000854,3.582191,59,11281,0,0
975,2,17.718808,2.056607,15.112328,1.003252,6.129378,39.963765,2.236589,0.959757,9.757334,1.376244,1.043494,3.638933,59,11281,0,0
976,2,2.862688,2.072754,15.277754,0.976647,0.846717,19.963806,2.322622,1.031640,9.673062,1.259796,1.058621,3.813490,59,11281,0,0
977,2,7.269670,2.008999,15.243310,1.024451,16.425764,39.963196,2.426971,0.953437,9.716495,1.335720,1.073832,3.689768,59,11281,0,0
978,2,2.918182,2.059984,15.103180,1.007931,0.933536,19.962830,2.379913,0.946045,9.592058,1.471263,0.959781,3.671254,59,11281,0,0
979,2,6.780982,2.044434,15.155297,1.000329,17.026798,39.963406,2.206146,0.988108,9.754300,1.366001,1.173848,3.691888,59,11281,0,0
980,2,2.828406,2.037272,15.205244,0.986243,0.943159,19.963053,2.381056,0.993157,9.642839,1.465237,0.986650,3.632148,59,11281,0,0
981,2,7.190223,2.010451,15.342465,1.005747,16.425500,39.963935,2.322262,0.952989,9.794213,1.366845,0.995395,3.756371,59,11281,0,0
982,2,2.906226,2.046977,15.087548,1.008928,0.960066,19.962769,2.400926,0.907694,9.516795,1.347656,0.996162,3.607802,59,11281,0,0
983,2,2.900143,2.069038,15.162581,1.005795,0.895247,19.963765,2.345991,1.029917,9.553274,1.197130,1.038140,3.792969,59,11281,0,0
984,2,2.874651,2.005351,14.833886,1.002038,1.245948,19.956523,2.417419,1.082045,9.339583,1.396657,0.958954,3.506978,59,11281,0,0
985,2,7.258216,2.053433,14.778731,0.997901,16.928775,39.963623,2.196130,0.980259,9.646861,1.292931,1.040646,3.642924,59,11281,0,0
986,2,2.874549,2.051398,15.163985,1.020559,0.932024,19.991116,2.187174,1.110806,9.562286,1.265781,1.038191,3.606394,59,11281,0,0
987,2,68.243045,2.008721,15.230472,1.000139,15.462752,99.936408,2.513658,0.994907,9.514550,1.204502,1.079654,3.670030,59,11281,0,0
988,2,2.893958,2.047757,15.149926,1.026818,0.891218,19.961921,2.240241,0.912523,9.629561,1.331651,0.958639,3.767388,59,11281,0,0
989,2,6.863868,2.047892,15.227298,1.000281,16.873294,39.964742,2.266195,1.038272,9.616041,1.244046,1.034932,3.654728,59,11281,0,0
990,2,2.848426,2.057943,15.146793,0.982493,0.995907,19.973619,2.403124,0.913066,9.604665,1.443088,1.069173,3.631731,59,11281,0,0
991,2,6.895850,2.037014,15.224409,1.003523,16.829044,39.952827,2.306671,1.070611,9.510617,1.372453,1.109860,3.540317,59,11281,0,0
992,2,2.891822,2.031535,15.123254,1.030046,0.917626,19.962748,2.343950,1.003364,9.600006,1.436428,1.037801,3.657962,59,11281,0,0
993,2,7.399757,2.079814,15.213911,1.001834,16.348453,39.963955,2.346853,1.041161,9.577277,1.310228,1.001624,3.769623,59,11281,0,0
994,2,2.843869,2.052619,15.156559,0.986718,0.995731,19.982876,2.363631,0.992425,9.536177,1.225823,1.065294,3.664575,59,11281,0,0
995,2,6.966102,2.039680,15.296980,1.003713,16.677141,39.943936,2.235484,0.998183,9.748844,1.385657,1.037276,3.692356,59,11281,0,0
996,2,2.906491,2.048828,15.143741,1.022193,0.889469,19.961894,2.259064,0.990506,9.636220,1.481567,1.057790,3.643450,59,11281,0,0
997,2,7.178748,2.043728,15.194665,1.004662,16.586158,39.964233,2.392476,1.036241,9.554827,1.399126,1.115122,3.555450,59,11281,0,0
998,2,2.846717,2.056620,15.237654,0.977929,0.900170,19.962470,2.307007,0.998562,9.743880,1.382907,1.024679,3.777805,59,11281,0,0
999,2,2.856584,2.065091,15.242577,0.995012,0.892181,19.986355,2.275974,1.035055,9.645891,1.242937,1.042396,3.777581,59,11281,0,0
1000,2,16.312904,2.048218,14.857812,1.000125,7.762922,39.933763,2.274387,0.999434,9.554118,1.294145,1.026194,3.662181,59,11281,0,0
1001,2,7.560564,2.054409,15.150516,1.027245,16.226152,39.964478,2.423323,0.982293,9.570736,1.283746,1.040483,3.718614,59,11281,0,0
1002,2,2.839739,2.046488,14.866011,1.045230,1.211239,19.962219,2.175578,1.032620,9.703515,1.298109,1.025611,3.762278,59,11281,0,0
1003,2,2.867666,2.057678,15.205983,0.978146,0.912377,19.964172,2.201060,1.036285,9.649991,1.257867,1.044105,3.696160,59,11281,0,0
1004,2,6.962399,2.067322,14.849165,1.001000,17.151099,39.963664,2.305630,0.999915,9.582126,1.355750,1.030830,3.633202,59,11281,0,0
1005,2,7.572079,2.075460,15.135657,1.002730,16.253198,39.963664,2.343313,0.952884,9.428134,1.200562,1.006866,3.795705,59,11281,0,0
1006,2,2.907464,2.011230,14.728872,1.037052,1.289066,19.962453,2.379581,0.958232,9.464603,1.344649,1.070523,3.603929,59,11281,0,0
1007,2,2.893433,2.069885,15.088016,0.984033,0.997888,19.963369,2.333350,0.954264,9.643836,1.344557,1.052460,3.558027,59,11281,0,0
1008,2,2.884172,2.055081,14.869042,0.996131,1.214115,19.963460,2.297696,0.994324,9.615943,1.391829,1.030623,3.596842,59,11281,0,0
1009,2,6.917457,2.081489,14.794376,0.997142,17.254208,39.963182,2.140059,1.030114,9.567495,1.206584,1.041555,3.763072,59,11281,0,0
1010,2,2.877194,2.050130,15.162296,1.011437,0.911319,19.962246,2.382833,0.907186,9.661251,1.428613,0.988912,3.665602,59,11281,0,0
1011,2,2.895118,2.044074,15.207889,1.012163,0.848067,19.963236,2.322744,1.116380,9.631412,1.383348,1.002547,3.745904,59,11281,0,0
1012,2,69.968970,2.048957,14.830075,1.045522,14.119958,99.964525,2.228268,1.004554,9.541002,1.333496,0.993791,3.672590,59,11281,0,0
1013,2,7.343625,2.070787,15.162703,1.035424,16.421750,39.963501,2.301558,0.916348,9.652103,1.375149,1.147220,3.563338,59,11281,0,0
1014,2,2.846581,2.053413,15.201338,0.980499,0.904741,19.933160,2.236179,0.989014,9.618056,1.297818,1.094794,3.707631,59,11281,0,0
1015,2,2.876645,2.030280,15.166345,1.002262,0.917809,19.963060,2.297574,0.988973,9.555125,1.247949,1.002380,3.751058,59,11281,0,0
1016,2,7.488468,2.011027,14.837528,1.005497,16.593197,39.924689,2.285960,1.050164,9.401716,1.453932,0.994761,3.588989,59,11281,0,0
1017,2,7.346330,2.046536,15.092289,1.027788,16.496382,39.962789,2.310533,1.073330,9.528046,1.469557,1.032813,3.571540,59,11281,0,0
1018,2,2.884599,2.059347,14.844303,0.998315,1.236467,19.963684,2.170237,1.062310,9.624369,1.270047,1.030958,3.825829,59,11281,0,0
1019,2,2.880530,2.048828,15.131758,0.985355,0.965661,19.963304,2.328183,0.951525,9.578847,1.329193,0.964634,3.764496,59,11281,0,0
1020,2,6.891741,2.064046,14.809411,1.028988,17.234114,39.964254,2.278805,0.989800,9.627662,1.304047,0.988705,3.781087,59,11281,0,0
1021,2,7.480038,2.054450,15.285750,1.004635,16.192366,39.962789,2.373179,1.042213,9.541273,1.395640,1.062598,3.637627,59,11281,0,0
1022,2,2.851281,2.059367,14.949826,0.990909,1.140750,19.932766,2.269257,1.099002,9.516283,1.314450,1.034875,3.526713,59,11281,0,0
1023,2,2.886308,2.052863,15.201067,0.979462,0.896400,19.963236,2.284336,1.123800,9.575246,1.328420,1.105123,3.690121,59,11281,0,0
1024,2,2.893551,2.044461,14.747542,0.996701,1.326053,19.963847,2.131321,1.070957,9.479102,1.380883,0.959347,3.661431,59,11281,0,0
1025,2,20.126136,2.047913,14.876550,1.004581,3.956234,39.963501,2.232673,1.038388,9.684937,1.487420,1.085151,3.536777,59,11281,0,0
1026,2,2.864071,2.053494,15.154361,0.981618,0.984996,19.985046,2.450819,0.908000,9.565223,1.267137,1.093336,3.619707,59,11281,0,0
1027,2,2.862830,2.071174,15.141137,1.003313,0.934024,19.941305,2.268911,0.920275,9.614960,1.283057,1.108971,3.631273,59,11281,0,0
1028,2,2.849002,2.055752,14.842919,0.998478,1.223446,19.913845,2.169345,1.070550,9.724911,1.400699,1.077121,3.693437,59,11281,0,0
1029,2,10.898699,2.045471,14.838057,1.000932,13.226057,39.963745,2.288079,0.959856,9.563287,1.407576,1.127218,3.614037,59,11281,0,0
1030,2,2.844262,2.051575,15.152245,0.984880,0.981103,19.962491,2.386919,0.954339,9.637210,1.306858,1.061066,3.692708,59,11281,0,0
1031,2,2.822737,2.032084,15.225976,0.979272,0.936154,19.964138,2.312571,0.994269,9.654253,1.408997,0.997569,3.631368,59,11281,0,0
1032,2,2.853573,2.063260,14.826257,1.004344,1.299225,19.983398,2.268623,1.036435,9.483955,1.366313,1.054921,3.561581,59,11281,0,0
1033,2,7.016191,2.046149,14.790632,1.001753,17.135271,39.943848,2.228872,1.055281,9.592936,1.252580,1.078061,3.665473,59,11281,0,0
1034,2,2.923072,2.054382,15.149662,1.006378,0.877397,19.956509,2.336412,1.038666,9.557553,1.242442,1.032969,3.766184,59,11281,0,0
1035,2,2.870338,2.002950,15.195702,0.977495,0.920230,19.963765,2.439629,0.908759,9.577237,1.324409,1.000604,3.707041,59,11281,0,0
1036,2,2.849993,2.056586,14.918806,1.001299,1.192976,19.963074,2.160343,0.983242,9.759162,1.468238,1.022498,3.662452,59,11281,0,0
1037,2,71.903093,2.072679,14.849999,1.839861,11.394358,99.987311,2.190199,1.072540,9.714667,1.286353,1.017276,3.732263,59,11281,0,0
1038,2,2.830787,2.040168,15.296187,0.976579,0.835860,19.939412,2.234921,0.993924,9.717153,1.335622,1.030616,3.636990,59,11281,0,0
1039,2,2.836755,2.043193,15.171675,0.981428,0.942929,19.932787,2.313727,0.991286,9.576853,1.455434,1.035502,3.543738,59,11281,0,0
1040,2,2.909034,2.047160,14.740543,1.001611,1.312768,19.963955,2.368622,0.913059,9.538930,1.308248,1.100623,3.563778,59,11281,0,0
1041,2,13.250058,2.059794,14.774397,0.994307,10.944943,39.963704,2.322564,1.083594,9.457798,1.285265,1.070282,3.664052,59,11281,0,0
1042,2,2.841549,2.048075,15.235111,0.981822,0.904558,19.963040,2.274811,0.990933,9.745046,1.425374,0.987810,3.692013,59,11281,0,0
1043,2,2.871965,2.062181,15.184262,1.008128,0.928389,19.992744,2.345934,0.989027,9.599660,1.246402,1.078050,3.703010,59,11281,0,0
1044,2,2.842838,2.050666,14.711816,0.996321,1.355960,19.906935,2.196862,0.951660,9.685272,1.391551,1.065311,3.629188,59,11281,0,0
1045,2,11.140493,2.046332,14.877675,1.002031,12.943770,39.963969,2.325775,1.101668,9.521830,1.424076,0.996850,3.599765,59,11281,0,0
1046,2,2.877370,2.011576,15.320641,0.984419,0.780419,19.962850,2.384199,1.003442,9.669617,1.325267,1.069197,3.717577,59,11281,0,0
1047,2,2.844052,2.049608,15.122623,0.985823,1.010759,19.963257,2.304260,0.951491,9.619707,1.593577,1.003537,3.412201,59,11281,0,0
1048,2,2.845700,2.053148,14.838138,1.003055,1.276167,19.963060,2.183021,0.990689,9.671248,1.441142,1.031247,3.643185,59,11281,0,0
1049,2,7.104428,2.060364,14.811486,1.034359,17.013248,39.963521,2.288937,0.949337,9.626729,1.492408,0.964569,3.642856,59,11281,0,0
1050,2,17.361935,2.040548,15.139292,1.008623,6.421004,39.930854,2.257511,0.995877,9.568932,1.420152,1.093570,3.720768,59,11281,0,0
1051,2,2.834897,2.009779,14.893355,0.999251,1.235538,19.963040,2.360887,0.985792,9.550985,1.425296,0.998260,3.598117,59,11281,0,0
1052,2,2.824114,2.030680,15.245466,0.982534,0.904253,19.956367,2.342665,1.040571,9.687609,1.465546,1.026357,3.540243,59,11281,0,0
1053,2,7.015459,2.085022,14.876326,1.032386,17.039798,39.963969,2.392829,0.935845,9.626156,1.245700,0.970232,3.751522,59,11281,0,0
1054,2,7.285261,2.021200,15.184024,0.996524,16.467838,39.933648,2.348979,0.984328,9.591712,1.303836,1.073042,3.573591,59,11281,0,0
1055,2,2.877174,2.009779,14.888106,1.015384,1.206750,19.987413,2.228655,1.000583,9.627750,1.404643,1.101457,3.558204,59,11281,0,0
1056,2,2.910519,2.079434,15.107873,0.981164,0.939958,19.939514,2.285953,1.036489,9.643843,1.278568,1.031786,3.633379,59,11281,0,0
1057,2,7.032671,2.054023,14.859582,1.053382,17.047590,39.993225,2.200487,0.950144,9.721686,1.459218,1.072689,3.702861,59,11281,0,0
1058,2,2.817813,2.027737,15.088687,1.016151,1.010949,19.933601,2.320011,0.952220,9.443915,1.224881,0.996402,3.543928,59,11281,0,0
1059,2,2.894304,2.063911,15.234989,0.985301,0.849443,19.964037,2.231374,1.105713,9.633250,1.239383,1.073107,3.722839,59,11281,0,0
1060,2,2.859860,1.986213,14.697208,1.045997,1.359304,19.962368,2.292603,0.944146,9.498871,1.303338,1.071706,3.637939,59,11281,0,0
1061,2,6.805417,2.051683,14.735233,1.002221,17.421119,39.963989,2.251516,0.999566,9.573300,1.479190,1.000597,3.475399,59,11281,0,0
1062,2,64.867896,2.058702,15.194394,0.978139,18.936601,99.977030,2.378632,0.910251,9.624169,1.559028,0.955729,3.578379,59,11281,0,0
1063,2,2.875851,2.053243,15.079207,0.982113,1.011254,19.948425,2.316925,1.032694,9.476722,1.294830,1.086263,3.559204,59,11281,0,0
1064,2,2.880130,2.044271,15.049259,1.028330,0.974870,19.932590,2.393528,0.911604,9.490838,1.374481,1.028670,3.670061,59,11281,0,0
1065,2,6.907705,2.019674,14.896495,1.000810,17.158390,39.963399,2.467923,1.132819,9.415307,1.347629,0.996850,3.673214,59,11281,0,0
1066,2,7.297139,2.052389,15.311974,1.000471,16.353173,39.962758,2.323276,0.958740,9.793298,1.308740,1.127482,3.722544,59,11281,0,0
1067,2,2.856812,2.047472,14.780480,1.002458,1.317061,19.956811,2.327966,0.954200,9.558750,1.375109,1.112844,3.584520,59,11281,0,0
1068,2,2.877743,2.085659,15.136275,0.991282,0.958188,19.963487,2.298157,1.156789,9.458876,1.256195,1.111077,3.656525,59,11281,0,0
1069,2,6.898909,2.033162,14.914493,0.996945,17.122481,39.932827,2.259318,0.922424,9.760393,1.457136,0.998993,3.662367,59,11281,0,0
1070,2,6.915565,2.022542,15.237003,1.004425,16.806373,39.963365,2.449710,1.096571,9.459808,1.255439,1.090688,3.641866,59,11281,0,0
1071,2,2.856747,2.036580,14.878584,0.998796,1.229312,19.963440,2.339552,0.955641,9.665660,1.328057,1.073246,3.704071,59,11281,0,0
1072,2,2.841407,2.050781,15.162906,1.001584,0.981835,19.987732,2.345161,0.953695,9.510501,1.346612,1.070662,3.641785,59,11281,0,0
1073,2,6.876834,2.074219,14.720944,0.990082,17.351159,39.939019,2.265713,0.958184,9.466997,1.321238,1.003906,3.604296,59,11281,0,0
1074,2,2.880083,2.048692,15.185754,0.981483,0.914900,19.962219,2.262136,1.069085,9.643036,1.320655,1.065406,3.746507,59,11281,0,0
1075,2,14.478282,2.053514,15.242503,0.999847,9.243995,39.964627,2.348863,1.113719,9.519294,1.423994,1.082330,3.616096,59,11281,0,0
1076,2,2.826413,2.036302,15.066288,0.991187,1.083622,19.967509,2.196442,0.992845,9.558462,1.269128,1.129642,3.621358,59,11281,0,0
1077,2,7.125851,2.063483,15.217472,1.000722,16.615292,39.959337,2.366024,1.004486,9.597575,1.330451,1.037554,3.760627,59,11281,0,0
1078,2,2.876380,2.049886,15.210534,1.019168,0.857018,19.963101,2.364627,1.020881,9.599314,1.348060,1.051866,3.713437,59,11281,0,0
1079,2,7.097409,2.035645,15.153242,1.001570,16.711321,39.963542,2.400835,1.033556,9.525279,1.244761,1.003537,3.680935,59,11281,0,0
1200,3,15.648773,2.058478,15.839874,1.539351,6.935754,39.963752,2.442864,1.464949,9.601661,1.476966,1.044264,3.450470,62,11601,0,0
1201,3,7.279965,2.015625,15.965295,1.536014,15.182295,39.963569,2.483103,1.458418,9.709476,1.441752,1.004496,3.640727,62,11601,0,0
1202,3,2.969316,2.057617,16.065860,1.464440,19.463871,39.963487,2.418816,1.454932,9.816338,1.382924,1.007507,3.720256,62,11601,0,0
1203,3,2.959083,2.062480,15.946374,1.473941,19.596235,39.975633,2.344147,1.461806,9.693922,1.432875,1.057658,3.558034,62,11601,0,0
1204,3,7.087758,2.065511,16.220856,1.538415,15.103702,39.950731,2.433523,1.557610,9.646088,1.344411,1.062141,3.623525,62,11601,0,0
1205,3,8.249095,2.061734,16.254038,1.542647,13.910261,39.956041,2.398722,1.447367,9.811028,1.338972,1.039802,3.620131,62,11601,0,0
1206,3,2.906979,2.061591,15.880334,1.461049,19.714820,39.963182,2.401567,1.413988,9.771695,1.471615,1.041104,3.558699,62,11601,0,0
1207,3,2.943899,2.059475,16.321421,1.451928,19.245711,39.962958,2.463955,1.332899,9.895894,1.307610,1.262421,3.645040,62,11601,0,0
1208,3,2.968441,2.043871,15.994388,1.452240,19.547909,39.962979,2.332462,1.510790,9.767731,1.424934,1.072737,3.665619,62,11601,0,0
1209,3,7.453400,2.057821,15.874847,1.540836,15.094242,39.963325,2.366970,1.534034,9.607442,1.468367,1.067491,3.451636,62,11601,0,0
1210,3,2.932641,2.044481,15.998091,1.456323,19.576277,39.963331,2.292599,1.548065,9.738702,1.306976,1.140991,3.604160,62,11601,0,0
1211,3,2.926144,2.055569,16.072459,1.458940,19.505483,39.963026,2.519657,1.571940,9.694648,1.388262,1.121826,3.613322,62,11601,0,0
1212,3,63.456438,2.076077,16.009871,1.476281,19.020532,99.963121,2.478712,1.427602,9.777327,1.411126,1.120958,3.621385,62,11601,0,0
1213,3,9.003760,2.059252,16.371077,1.557159,13.031531,39.963528,2.489841,1.427853,9.843492,1.389377,1.118578,3.681213,62,11601,0,0
1214,3,2.902788,2.053697,16.261946,1.459415,19.357893,39.982042,2.408776,1.382579,9.833618,1.336385,1.079719,3.539520,62,11601,0,0
1215,3,2.952504,2.065884,16.294098,1.448374,19.248979,39.943956,2.599013,1.416846,9.590776,1.432719,1.003503,3.586134,62,11601,0,0
1216,3,7.369354,2.061991,16.307607,1.534515,14.744503,39.955980,2.430895,1.512743,9.698737,1.401235,1.003730,3.627611,62,11601,0,0
1217,3,6.963837,2.021742,16.188914,1.540226,15.269697,39.962674,2.386882,1.605977,9.671210,1.266632,1.006541,3.622009,62,11601,0,0
1218,3,2.895057,2.045559,16.446353,1.453929,19.168169,39.963508,2.642114,1.446676,9.737437,1.346185,1.103526,3.615672,62,11601,0,0
1219,3,2.899167,2.026435,15.863529,1.449670,19.750227,39.962592,2.329149,1.480309,9.791267,1.344394,1.078305,3.636152,62,11601,0,0
1220,3,7.768307,2.056078,16.092268,1.538300,14.564328,39.963203,2.481205,1.642714,9.637095,1.347521,1.046034,3.589149,62,11601,0,0
1221,3,6.944149,2.075317,15.969445,1.532230,15.517582,39.963406,2.439134,1.497047,9.595645,1.332618,1.036211,3.659570,62,11601,0,0
1222,3,2.910926,2.040080,16.041100,1.476010,19.534936,39.962972,2.439789,1.463654,9.772451,1.341648,1.039449,3.573252,62,11601,0,0
1223,3,2.896786,2.045478,16.284983,1.450083,19.300351,39.932204,2.398017,1.444750,9.840888,1.355804,1.139096,3.675642,62,11601,0,0
1224,3,2.922930,1.998556,16.307092,1.448632,19.285139,39.963793,2.509389,1.441905,9.685632,1.470869,1.035665,3.568953,62,11601,0,0
1225,3,21.274343,2.057170,16.369314,1.496043,0.822527,39.962226,2.437344,1.416463,9.919623,1.342550,1.073062,3.692407,62,11601,0,0
1226,3,2.902218,2.052090,16.257965,1.453373,19.319339,39.932895,2.273153,1.411879,9.890347,1.373939,1.167453,3.640778,62,11601,0,0
1227,3,2.944468,2.055339,16.277395,1.463667,19.277856,39.963386,2.598077,1.403202,9.632690,1.515266,1.076653,3.549784,62,11601,0,0
1228,3,2.980689,2.061937,16.409692,1.442590,19.145918,39.978889,2.463793,1.412045,9.835314,1.342024,1.149122,3.683885,62,11601,0,0
1229,3,11.432281,2.022034,16.344716,1.539900,10.623925,39.940823,2.543911,1.416128,9.748030,1.457130,1.097531,3.604123,62,11601,0,0
1230,3,2.948992,2.054287,16.260624,1.447988,19.304521,39.962124,2.424984,1.467763,9.649004,1.295074,1.075097,3.674910,62,11601,0,0
1231,3,2.961809,2.037435,16.381005,1.442529,19.178979,39.964322,2.515008,1.478811,9.704712,1.395213,1.038703,3.650723,62,11601,0,0
1232,3,2.896725,2.051032,16.057905,1.451623,19.556115,39.962368,2.382538,1.448520,9.808007,1.343750,1.096120,3.670868,62,11601,0,0
1233,3,7.671444,2.053670,16.117354,1.539256,14.634884,39.962938,2.401659,1.491387,9.810852,1.391435,1.034831,3.665368,62,11601,0,0
1234,3,2.940996,2.046353,15.994368,1.465966,19.571394,39.972724,2.266123,1.440138,9.820604,1.334144,1.078688,3.722182,62,11601,0,0
1235,3,2.884816,2.038595,16.312185,1.462657,19.293779,39.953437,2.393036,1.453569,9.778585,1.516524,1.146739,3.521810,62,11601,0,0
1236,3,2.952633,2.046556,16.309920,1.457909,19.243045,39.963508,2.390934,1.384745,9.872708,1.411740,1.039029,3.670288,62,11601,0,0
1237,3,70.149302,2.087816,16.244761,1.553585,12.015330,99.962979,2.435201,1.515615,9.599124,1.308065,1.079966,3.659183,62,11601,0,0
1238,3,2.996002,2.073995,16.379934,1.446259,19.146155,39.968350,2.572500,1.416935,9.739912,1.417280,1.035933,3.634427,62,11601,0,0
1239,3,2.900998,2.052104,16.227909,1.445173,19.383752,39.957831,2.298286,1.509009,9.724304,1.469659,1.066189,3.568420,62,11601,0,0
1240,3,2.963735,2.055257,16.390330,1.458805,19.150509,39.963379,2.465034,1.456628,9.812853,1.518341,1.003262,3.582418,62,11601,0,0
1241,3,11.523251,2.062195,16.355248,1.541975,10.558373,39.978848,2.311283,1.567651,9.758864,1.265120,1.095785,3.653870,62,11601,0,0
1242,3,2.902218,2.053006,16.222517,1.480818,19.356571,39.962124,2.419881,1.446130,9.707655,1.522135,1.108683,3.508111,62,11601,0,0
1243,3,2.944597,2.063239,16.309736,1.472524,19.215064,39.941922,2.437459,1.566844,9.625617,1.351898,1.078603,3.568498,62,11601,0,0
1244,3,2.989071,2.062439,16.350745,1.455183,19.189097,39.984097,2.532956,1.433916,9.791192,1.369846,1.072001,3.647098,62,11601,0,0
1245,3,11.310503,2.078491,16.270857,1.534292,10.825416,39.941067,2.385305,1.418294,9.940559,1.310757,1.048479,3.601291,62,11601,0,0
1246,3,2.983375,2.072191,16.230126,1.451562,19.297957,39.963019,2.507975,1.397410,9.637146,1.483843,1.094306,3.539195,62,11601,0,0
1247,3,2.911255,2.061123,16.293176,1.460107,19.297916,39.962453,2.265191,1.499142,9.850050,1.511573,1.043464,3.607602,62,11601,0,0
1248,3,2.914405,2.068488,16.245487,1.472280,19.301876,39.934048,2.335432,1.441193,9.742886,1.409383,1.043450,3.601922,62,11601,0,0
1249,3,7.534909,1.999959,16.315230,1.537031,14.576338,39.963508,2.455760,1.423058,9.731347,1.395064,1.070852,3.577176,62,11601,0,0
1250,3,16.442495,2.017022,16.234487,1.594547,5.716692,39.988220,2.493161,1.423445,9.729462,1.391435,1.044454,3.617811,62,11601,0,0
1251,3,2.908837,2.061829,16.228865,1.466149,19.333662,39.937514,2.481886,1.423899,9.677443,1.384776,1.045135,3.609412,62,11601,0,0
1252,3,2.978594,2.060961,16.270938,1.456282,19.257307,39.963121,2.522217,1.558011,9.657915,1.405704,1.001716,3.564490,62,11601,0,0
1253,3,7.732229,2.056871,16.284414,1.529863,14.430606,39.977112,2.429230,1.500146,9.676456,1.258521,1.065375,3.674140,62,11601,0,0
1254,3,7.763852,2.047370,16.394372,1.535648,14.249108,39.942980,2.585826,1.469276,9.718109,1.426059,1.069316,3.687714,62,11601,0,0
1255,3,2.963823,2.048672,16.254947,1.455983,19.288347,39.963101,2.378465,1.465491,9.746531,1.382263,1.107246,3.590932,62,11601,0,0
1256,3,2.967729,2.047431,16.287906,1.486176,19.227475,39.969286,2.392025,1.430579,9.782142,1.408980,1.001207,3.632314,62,11601,0,0
1257,3,7.296444,2.013685,15.982140,1.535099,15.142968,39.956651,2.268728,1.638272,9.779290,1.382538,1.009115,3.657091,62,11601,0,0
1258,3,2.965817,2.055257,16.274845,1.446381,19.276120,39.963162,2.479265,1.440104,9.750417,1.475874,1.098016,3.539680,62,11601,0,0
1259,3,2.967072,2.044298,16.385101,1.451521,19.158939,39.962633,2.569312,1.470679,9.719120,1.426971,1.068122,3.692200,62,11601,0,0
1260,3,2.896678,2.047736,15.953501,1.466482,19.646908,39.963569,2.311564,1.502675,9.677070,1.384535,1.065175,3.650581,62,11601,0,0
1261,3,7.435130,2.019307,16.026154,1.534956,14.966658,39.962897,2.418020,1.482873,9.720086,1.351518,1.005663,3.544790,62,11601,0,0
1262,3,67.243601,2.079407,15.950389,1.561425,15.207787,99.963203,2.403741,1.498762,9.756914,1.349094,1.061117,3.613013,62,11601,0,0
1263,3,2.964447,2.022685,16.355377,1.465986,19.176619,39.962429,2.503496,1.343041,9.799876,1.343991,1.104757,3.674849,62,11601,0,0
1264,3,2.894650,2.048591,16.253476,1.455434,19.359561,39.963121,2.458784,1.419756,9.727119,1.345754,1.081458,3.586375,62,11601,0,0
1265,3,7.258636,2.067485,16.046682,1.536530,15.121396,39.963243,2.579600,1.403995,9.724728,1.443200,1.075816,3.544515,62,11601,0,0
1266,3,7.175147,2.093146,15.856225,1.543725,15.381453,39.956550,2.290914,1.515818,9.683662,1.310503,1.122301,3.576938,62,11601,0,0
1267,3,2.890215,2.044291,16.265323,1.458479,19.349206,39.963223,2.409936,1.538042,9.695848,1.301680,1.063653,3.576691,62,11601,0,0
1268,3,2.949677,2.052714,16.348460,1.455441,19.208886,39.962463,2.299259,1.449588,9.955458,1.461653,1.076392,3.787652,62,11601,0,0
1269,3,9.339508,2.061218,16.174449,1.538964,12.910322,39.963243,2.410061,1.581950,9.772603,1.393524,1.045224,3.718184,62,11601,0,0
1270,3,7.152083,2.081136,15.965519,1.529565,15.315955,39.963121,2.412062,1.504540,9.689714,1.332279,1.104716,3.588148,62,11601,0,0
1271,3,2.938243,2.057359,16.371918,1.467573,19.153324,39.931057,2.451562,1.501631,9.811727,1.414900,1.002482,3.767314,62,11601,0,0
1272,3,2.979808,2.030640,16.373118,1.456221,19.153405,39.962552,2.442600,1.528303,9.758799,1.347059,1.070726,3.730784,62,11601,0,0
1273,3,7.814409,2.035828,16.237512,1.591271,14.346744,39.989936,2.534617,1.343641,9.774061,1.462724,1.042013,3.649245,62,11601,0,0
1274,3,2.951250,2.071052,16.277998,1.452172,19.254093,39.935513,2.444427,1.415609,9.697384,1.391507,1.110887,3.592773,62,11601,0,0
1275,3,15.965118,2.011854,16.330821,1.530507,6.136634,39.963081,2.543898,1.424469,9.791317,1.349586,1.129696,3.654338,62,11601,0,0
1276,3,2.925859,2.061788,16.225616,1.458581,19.322228,39.932285,2.382043,1.457116,9.753225,1.567074,1.034092,3.606605,62,11601,0,0
1277,3,8.199880,2.054443,16.185184,2.367605,13.212528,39.965196,2.469201,1.544437,9.550537,1.332577,1.078189,3.530891,62,11601,0,0
1278,3,2.944292,2.061462,16.360721,1.459578,19.197147,39.961738,2.504924,1.378191,9.819946,1.360592,1.082926,3.705502,62,11601,0,0
1279,3,7.167952,2.066861,16.318688,1.536909,14.900964,39.924513,2.303002,1.499963,9.809584,1.476020,1.043776,3.674957,62,11601,0,0
1280,3,2.946726,2.018806,16.320648,1.457726,19.238481,39.963582,2.627184,1.424266,9.703718,1.343831,1.038459,3.646871,62,11601,0,0
1281,3,7.666277,2.055284,16.364505,1.563941,14.391300,39.986023,2.558834,1.412994,9.738271,1.299442,1.038554,3.659485,62,11601,0,0
1282,3,2.907433,2.060120,16.281904,1.448612,19.300947,39.938897,2.452569,1.326541,9.858195,1.524462,1.041446,3.520396,62,11601,0,0
1283,3,2.951697,2.063395,16.238814,1.446462,19.327694,39.964667,2.519240,1.368574,9.683136,1.398780,1.044956,3.604123,62,11601,0,0
1284,3,2.980947,2.058316,16.201650,1.453149,19.326969,39.962714,2.515947,1.462050,9.681681,1.353275,1.008348,3.593252,62,11601,0,0
1285,3,7.342316,2.038628,15.913523,1.541311,15.165727,39.962877,2.268490,1.580173,9.669935,1.304799,1.122684,3.573537,62,11601,0,0
1286,3,2.944143,2.060879,15.921051,1.470035,19.628482,39.963711,2.368608,1.470096,9.738973,1.357117,1.008158,3.584537,62,11601,0,0
1287,3,66.495229,2.039761,16.039134,1.541677,15.887305,99.963345,2.476702,1.510379,9.722928,1.388926,1.078942,3.627641,62,11601,0,0
1288,3,2.950924,2.056749,16.355309,1.460412,19.196516,39.963162,2.623338,1.529375,9.600874,1.255646,1.075955,3.658325,62,11601,0,0
1289,3,7.281911,2.024204,16.367808,1.537743,14.775557,39.963019,2.514296,1.493730,9.719513,1.385949,1.135386,3.619039,62,11601,0,0
1290,3,2.948157,2.060588,16.001529,1.486603,19.525916,39.962206,2.178297,1.407050,10.048754,1.381870,1.111165,3.613464,62,11601,0,0
1291,3,7.759661,2.046794,15.917525,1.564741,14.716027,39.957954,2.443899,1.517426,9.692559,1.450158,1.115458,3.573629,62,11601,0,0
1292,3,2.918881,2.047675,16.548669,1.464162,19.031165,39.962877,2.548747,1.423360,9.897085,1.447313,1.078366,3.644077,62,11601,0,0
1293,3,7.721188,2.079861,16.447757,1.563846,14.230533,39.963325,2.529768,1.423940,9.750712,1.434855,1.103570,3.531074,62,11601,0,0
1294,3,2.934282,2.040405,15.996585,1.457014,19.575117,39.962999,2.429189,1.517948,9.775116,1.475898,1.074354,3.582455,62,11601,0,0
1295,3,7.436357,2.055528,16.089522,1.564206,14.897627,39.987712,2.318553,1.561205,9.805898,1.393429,1.075745,3.646861,62,11601,0,0
1296,3,2.899519,2.054260,16.259382,1.474369,19.304528,39.937798,2.355954,1.453501,9.770243,1.346690,1.146823,3.612888,62,11601,0,0
1297,3,7.745744,2.080566,16.218326,1.537459,14.461816,39.963345,2.309513,1.492408,9.721219,1.338223,1.041307,3.677311,62,11601,0,0
1298,3,2.973134,2.052714,16.388784,1.465681,19.135400,39.962999,2.500621,1.340390,9.826562,1.305206,1.022885,3.656416,62,11601,0,0
1299,3,2.906565,2.058092,16.038076,1.464094,19.554610,39.963345,2.460941,1.479367,9.596873,1.257060,1.077467,3.695353,62,11601,0,0
1300,3,16.260779,2.082845,15.920475,1.544973,6.236203,39.962429,2.277927,1.543606,9.709588,1.321021,1.077325,3.571242,62,11601,0,0
1301,3,7.053168,2.077942,15.936720,1.566118,15.437076,39.993083,2.335263,1.599796,9.701681,1.291280,1.001821,3.598758,62,11601,0,0
1302,3,2.902646,2.055400,16.290232,1.461978,19.278385,39.933241,2.362342,1.609731,9.662706,1.261047,1.048438,3.645901,62,11601,0,0
1303,3,2.967072,2.059943,16.311086,1.464542,19.220259,39.962958,2.553352,1.378760,9.744392,1.475006,1.033790,3.537014,62,11601,0,0
1304,3,7.329926,2.080573,16.311147,1.539473,14.776147,39.956692,2.481866,1.500193,9.663144,1.312181,1.142639,3.583662,62,11601,0,0
1305,3,7.189022,2.094747,16.268436,1.535363,14.969872,39.962694,2.318790,1.422709,9.804138,1.502062,1.131226,3.566383,62,11601,0,0
1306,3,2.963694,2.081238,16.403066,1.485396,19.110538,39.962694,2.520528,1.535814,9.728817,1.393853,1.067664,3.684265,62,11601,0,0
1307,3,2.985209,2.056159,16.053287,1.472049,19.452559,39.963104,2.340078,1.531155,9.847972,1.377709,1.037686,3.674896,62,11601,0,0
1308,3,2.921604,2.070760,15.976308,1.453264,19.611901,39.963077,2.451382,1.449188,9.616353,1.436493,1.037509,3.567173,62,11601,0,0
1309,3,7.128584,2.071927,16.359012,1.539839,14.903283,39.930718,2.559855,1.385929,9.759956,1.489610,1.078328,3.504832,62,11601,0,0
1310,3,2.967628,2.062297,16.170739,1.458011,19.375329,39.971707,2.443861,1.388767,9.809428,1.388540,1.043874,3.641866,62,11601,0,0
1311,3,2.907121,2.055786,16.294213,1.458194,19.294295,39.953824,2.398834,1.592614,9.712199,1.263214,1.115068,3.667304,62,11601,0,0
1312,3,67.504303,2.082323,16.320079,1.541412,14.597449,99.963243,2.420770,1.456289,9.735206,1.264201,1.185354,3.671004,62,11601,0,0
1313,3,7.215837,2.066284,16.305667,1.538842,14.903039,39.963386,2.428413,1.406715,9.766042,1.380873,1.105306,3.598009,62,11601,0,0
1314,3,2.949215,2.065857,16.420230,1.457258,19.106327,39.933031,2.431861,1.377791,9.959344,1.348779,1.081373,3.596103,62,11601,0,0
1315,3,2.954831,2.057454,16.383792,1.451460,19.173099,39.963182,2.526699,1.471608,9.674354,1.294942,1.101783,3.683356,62,11601,0,0
1316,3,7.074419,2.064229,16.325626,1.533898,15.022790,39.956733,2.393992,1.468163,9.880514,1.262767,1.184089,3.660926,62,11601,0,0
1317,3,7.283213,2.055135,16.282216,1.535187,14.862688,39.963304,2.352448,1.414212,9.832133,1.427711,1.003164,3.647858,62,11601,0,0
1318,3,2.918840,2.069485,16.226098,1.454492,19.363631,39.963060,2.433438,1.438412,9.712396,1.467597,1.048998,3.631836,62,11601,0,0
1319,3,2.966285,2.049710,15.941654,1.442793,19.612267,39.962999,2.401540,1.657786,9.541667,1.436334,1.116764,3.512984,62,11601,0,0
1320,3,7.732473,2.019897,16.017324,1.539886,14.673316,39.962999,2.448429,1.456163,9.795580,1.341512,1.074463,3.606181,62,11601,0,0
1321,3,7.499624,2.049072,15.921071,1.543257,14.998966,39.962918,2.312524,1.706587,9.564090,1.254266,1.070502,3.643660,62,11601,0,0
1322,3,2.965817,2.058478,16.042809,1.494042,19.488909,39.991577,2.306281,1.586507,9.811523,1.418664,1.127557,3.671143,62,11601,0,0
1323,3,2.903202,2.054776,16.244999,1.446781,19.340376,39.935357,2.315070,1.445272,9.800310,1.303745,1.074215,3.685716,62,11601,0,0
1324,3,2.945228,2.018290,16.227339,1.496952,19.293115,39.962633,2.467119,1.466068,9.666033,1.387455,1.081333,3.560920,62,11601,0,0
1325,3,18.604075,2.063402,16.167206,1.536096,3.655582,39.962958,2.350610,1.399875,9.847385,1.315464,1.042087,3.669240,62,11601,0,0
1326,3,2.966509,2.082011,16.157800,1.494917,19.344527,39.963752,2.454400,1.529236,9.834473,1.353116,1.079091,3.664435,62,11601,0,0
1327,3,2.911292,2.059977,16.016096,1.483164,19.552772,39.963325,2.547896,1.453193,9.674476,1.388974,1.003404,3.584876,62,11601,0,0
1328,3,2.971324,2.054104,16.062103,1.511451,19.470157,40.015035,2.421634,1.491750,9.786702,1.306376,1.009925,3.704658,62,11601,0,0
1329,3,11.200273,2.064643,16.394318,1.544396,10.765893,39.904880,2.392917,1.429521,9.753896,1.369307,1.074212,3.694102,62,11601,0,0
1330,3,2.903792,2.053575,16.235233,1.460826,19.330482,39.930332,2.500054,1.567712,9.549042,1.509521,1.057227,3.526177,62,11601,0,0
1331,3,2.960575,2.045661,16.383569,1.455095,19.187449,39.986688,2.571577,1.417877,9.783034,1.399245,1.096981,3.584639,62,11601,0,0
1332,3,2.901744,2.053731,16.230357,1.445628,19.361772,39.939501,2.270738,1.439992,9.835744,1.354038,1.023166,3.616818,62,11601,0,0
1333,3,7.134559,2.064209,16.294681,1.535160,14.998905,39.963304,2.443766,1.384342,9.771122,1.353183,1.071252,3.647166,62,11601,0,0
1334,3,2.944109,2.066026,16.370609,1.473311,19.175032,39.963060,2.527334,1.442976,9.652120,1.472127,1.040100,3.571828,62,11601,0,0
1335,3,2.948964,2.064107,15.918915,1.474572,19.620202,39.962653,2.355672,1.496674,9.706848,1.385990,1.037740,3.444505,62,11601,0,0
1336,3,2.913951,2.066671,16.025808,1.470788,19.552412,39.962958,2.427144,1.495938,9.689178,1.481018,1.039202,3.499420,62,11601,0,0
1337,3,73.555878,1.987976,15.945892,1.541779,8.919044,99.962592,2.367638,1.498366,9.746209,1.387295,1.076911,3.651323,62,11601,0,0
1338,3,2.943410,2.018799,16.334483,1.457381,19.227848,39.963121,2.581611,1.452342,9.655399,1.397525,1.041273,3.542382,62,11601,0,0
1339,3,2.934092,2.056010,16.517141,1.463036,19.048323,39.962592,2.546499,1.425496,9.845788,1.426510,1.109599,3.680298,62,11601,0,0
1340,3,2.941945,2.050618,15.933645,1.457225,19.630469,39.963284,2.429684,1.518046,9.714132,1.537340,1.109287,3.497793,62,11601,0,0
1341,3,11.157040,2.064094,16.116540,1.565860,11.145471,39.984911,2.362596,1.528432,9.851630,1.367913,1.292033,3.698361,62,11601,0,0
1342,3,2.927148,2.060262,16.403141,1.449046,19.155229,39.934564,2.385339,1.534895,9.749390,1.493279,1.101732,3.526974,62,11601,0,0
1343,3,2.959368,2.065009,16.313683,1.454797,19.235294,39.963142,2.486742,1.511125,9.638411,1.548987,1.037326,3.509474,62,11601,0,0
1344,3,2.919851,2.070231,16.341807,1.450382,19.251326,39.963365,2.419440,1.562724,9.687174,1.426456,1.082055,3.575602,62,11601,0,0
1345,3,11.472239,2.065999,16.061412,1.534122,10.895287,39.963060,2.407912,1.645413,9.620928,1.337541,1.039520,3.645213,62,11601,0,0
1346,3,2.921661,2.072957,16.001719,1.480859,19.558923,39.963162,2.410611,1.503828,9.720232,1.307024,1.078223,3.659285,62,11601,0,0
1347,3,2.944895,2.060242,15.965769,1.462779,19.589332,39.962775,2.306753,1.466237,9.786533,1.517253,1.069078,3.598626,62,11601,0,0
1348,3,2.977671,2.028476,16.010935,1.441037,19.554860,39.984504,2.283034,1.541531,9.875007,1.421543,1.105259,3.543040,62,11601,0,0
1349,3,7.538076,2.055644,16.285146,1.540124,14.578434,39.941779,2.358910,1.404348,9.884928,1.399631,1.151950,3.622047,62,11601,0,0
1350,3,17.090647,2.069058,16.334910,1.540415,4.997453,39.963426,2.515666,1.438110,9.750302,1.343787,1.105496,3.697808,62,11601,0,0
1351,3,2.929175,2.058268,16.462528,1.469669,19.101118,39.962491,2.524512,1.476227,9.893758,1.523075,1.051737,3.570136,62,11601,0,0
1352,3,2.941362,2.058478,15.867008,1.465057,19.689755,39.963182,2.323554,1.446828,9.763285,1.514743,1.077477,3.486464,62,11601,0,0
1353,3,7.519630,2.066467,16.020776,1.537316,14.885379,39.963101,2.410356,1.432349,9.811157,1.501617,1.097178,3.636308,62,11601,0,0
1354,3,7.312442,2.095785,16.413333,1.541568,14.656599,39.923943,2.401913,1.489648,9.796597,1.467750,1.112393,3.686523,62,11601,0,0
1355,3,2.955014,2.060974,16.273258,1.481930,19.278324,39.988525,2.475932,1.514923,9.695109,1.424194,1.052097,3.564965,62,11601,0,0
1356,3,2.916378,2.068644,16.287893,1.461734,19.272464,39.938470,2.462345,1.419006,9.659522,1.388414,1.044332,3.641859,62,11601,0,0
1357,3,7.394033,2.062764,16.257477,1.537893,14.773332,39.962735,2.397495,1.467499,9.763733,1.386814,1.009993,3.593719,62,11601,0,0
1358,3,2.908641,2.062344,16.284556,1.452050,19.317630,39.962877,2.391788,1.522200,9.587145,1.302117,1.063700,3.503974,62,11601,0,0
1359,3,2.945472,2.057658,15.996931,1.458357,19.562219,39.962979,2.389330,1.448680,9.785916,1.306878,1.154595,3.649146,62,11601,0,0
1360,3,2.921153,2.042440,16.077911,1.461863,19.502662,39.963589,2.435126,1.580065,9.662706,1.435116,1.074992,3.538903,62,11601,0,0
1361,3,7.641944,2.052863,16.162642,1.541080,14.617232,39.962897,2.520498,1.456143,9.766361,1.379795,1.067383,3.735948,62,11601,0,0
1362,3,69.683360,2.059896,16.060476,1.535058,12.684187,99.963081,2.458025,1.467024,9.807237,1.343641,0.997854,3.648383,62,11601,0,0
1363,3,2.906430,2.059570,16.190250,1.460595,19.405643,39.962918,2.308621,1.414161,9.745443,1.432488,1.103197,3.478770,62,11601,0,0
1364,3,2.947479,2.062934,16.363617,1.448408,19.174191,39.933695,2.388855,1.454519,9.836962,1.450928,1.039202,3.728614,62,11601,0,0
1365,3,7.440074,2.061327,16.349945,1.542992,14.622949,39.955960,2.466190,1.452064,9.811978,1.306502,1.148248,3.689802,62,11601,0,0
1366,3,7.366648,2.060811,16.226105,1.556644,14.836551,39.985948,2.411770,1.451633,9.761217,1.275665,1.043484,3.656304,62,11601,0,0
1367,3,2.958204,2.061571,16.356103,1.454953,19.192657,39.961917,2.446927,1.473141,9.684642,1.396186,1.114109,3.622016,62,11601,0,0
1368,3,2.933974,2.057414,16.249725,1.461531,19.295780,39.941010,2.354234,1.478438,9.609002,1.301968,1.077393,3.649190,62,11601,0,0
1369,3,7.307159,2.047614,16.234202,1.544478,14.889733,39.975572,2.303402,1.444726,9.716397,1.373132,1.075528,3.577786,62,11601,0,0
1370,3,7.003754,2.065904,16.412262,1.539636,14.994917,39.950568,2.548221,1.514862,9.664734,1.264262,1.002831,3.620900,62,11601,0,0
1371,3,2.982534,2.073432,16.306224,1.465030,19.208805,39.962592,2.446672,1.421044,9.654928,1.380558,1.068207,3.619327,62,11601,0,0
1372,3,2.912635,2.062174,16.421166,1.458540,19.191410,39.983751,2.402310,1.382392,10.038998,1.401137,1.111104,3.607442,62,11601,0,0
1373,3,8.104726,2.063497,16.162547,1.563012,14.111983,39.942268,2.474759,1.442596,9.588413,1.427646,1.041056,3.528927,62,11601,0,0
1374,3,2.942664,2.061673,16.396284,1.447025,19.177121,39.963094,2.548092,1.384443,9.827379,1.416745,1.083089,3.700127,62,11601,0,0
1375,3,16.527910,2.067613,16.375105,1.539039,5.536936,39.978990,2.675768,1.512427,9.648529,1.304369,1.040880,3.659732,62,11601,0,0
1376,3,2.905779,2.057414,16.472694,1.447276,19.121524,39.947272,2.506636,1.462531,9.818366,1.381911,1.116482,3.674971,62,11601,0,0
1377,3,7.246090,2.061937,16.531335,1.535573,14.650041,39.963040,2.534454,1.342780,9.960558,1.351271,1.105421,3.699887,62,11601,0,0
1378,3,2.934079,2.038086,16.322066,1.487125,19.236026,39.979296,2.500488,1.452464,9.714725,1.346215,1.182224,3.638611,62,11601,0,0
1379,3,7.065033,2.061205,16.369273,1.551666,14.954322,39.940294,2.458879,1.551734,9.798916,1.348853,1.033288,3.592346,62,11601,0,0
1380,3,2.945872,2.050991,16.315745,1.441966,19.260413,39.963996,2.319916,1.413496,9.861928,1.473707,1.144118,3.521674,62,11601,0,0
1381,3,7.508887,2.053758,16.273014,1.541406,14.639469,39.962775,2.297855,1.496145,9.751221,1.430498,1.069784,3.517348,62,11601,0,0
1382,3,2.975705,2.064982,16.133894,1.500295,19.352943,39.962836,2.368290,1.487210,9.894609,1.431085,1.008694,3.618710,62,11601,0,0
1383,3,2.908844,2.058824,16.017792,1.464176,19.572615,39.963426,2.490387,1.464481,9.694889,1.362250,1.069583,3.679521,62,11601,0,0
1384,3,2.933807,2.052904,15.979360,1.443654,19.606422,39.963243,2.361762,1.526791,9.781297,1.562002,1.042820,3.516076,62,11601,0,0
1385,3,7.263906,2.052287,15.893097,1.533919,15.272179,39.963101,2.357683,1.474518,9.736199,1.349019,1.114383,3.580295,62,11601,0,0
1386,3,2.913266,2.062297,16.264062,1.446008,19.309289,39.932624,2.378184,1.491163,9.837572,1.381687,1.077291,3.696181,62,11601,0,0
1387,3,69.615245,2.020189,16.405080,1.532942,12.431298,99.984565,2.513414,1.503418,9.785712,1.472853,1.098341,3.590329,62,11601,0,0
1388,3,2.898387,2.048726,16.277374,1.444929,19.321720,39.942410,2.504347,1.499712,9.669657,1.370870,1.045848,3.561483,62,11601,0,0
1389,3,7.769975,2.062093,16.367598,1.533213,14.292477,39.963264,2.430386,1.382870,9.865889,1.525282,1.143429,3.502404,62,11601,0,0
1390,3,2.904090,2.055562,16.378177,1.453576,19.219933,39.955777,2.392680,1.380646,10.013875,1.403171,1.115438,3.574677,62,11601,0,0
1391,3,7.255856,2.089159,16.383718,1.536706,14.787153,39.963433,2.580509,1.468452,9.735274,1.427544,1.111308,3.728502,62,11601,0,0
1392,3,2.977271,2.028436,16.263126,1.495561,19.246694,39.982652,2.493066,1.355164,9.786574,1.448975,1.111782,3.604394,62,11601,0,0
1393,3,7.292084,2.014547,16.246979,1.530399,14.873905,39.943366,2.429833,1.463982,9.740465,1.428043,1.073069,3.578898,62,11601,0,0
1394,3,2.990814,2.069811,16.199168,1.491648,19.283647,39.965278,2.440701,1.419634,9.674435,1.493368,1.133328,3.451921,62,11601,0,0
1395,3,7.077606,2.074164,16.199534,1.539473,15.143904,39.960517,2.395369,1.495009,9.673326,1.321238,1.122199,3.590081,62,11601,0,0
1396,3,2.939728,2.008511,16.288395,1.448313,19.286991,39.963426,2.577226,1.460568,9.664744,1.352570,1.007595,3.536692,62,11601,0,0
1397,3,7.783498,2.055223,16.214996,2.386105,13.579926,39.964525,2.497175,1.447954,9.607669,1.439202,1.007131,3.574731,62,11601,0,0
1398,3,2.942705,2.049771,16.056339,1.453393,19.509098,39.961534,2.340766,1.410661,9.965495,1.461928,1.076552,3.621460,62,11601,0,0
1399,3,2.953610,2.057861,16.056176,1.470137,19.509518,39.989441,2.358198,1.513099,9.880812,1.344476,1.077365,3.666121,62,11601,0,0
1400,3,16.658607,2.022108,16.161753,1.526493,5.589664,39.936517,2.464779,1.340169,9.758816,1.400075,1.040911,3.558180,62,11601,0,0
1401,3,7.523387,2.059123,16.264089,1.535973,14.640445,39.963894,2.470072,1.428229,9.656423,1.389503,1.004083,3.624580,62,11601,0,0
1402,3,2.942006,2.063761,16.345001,1.463837,19.212501,39.963345,2.537279,1.469499,9.779758,1.521651,1.177721,3.549235,62,11601,0,0
1403,3,2.993344,2.065776,16.051334,1.453881,19.457564,39.956123,2.373498,1.461056,9.914836,1.439880,1.040816,3.707638,62,11601,0,0
1404,3,7.040036,2.058797,16.323408,1.536604,15.063555,39.963603,2.424130,1.499691,9.840162,1.407257,1.046648,3.690759,62,11601,0,0
1405,3,7.108551,2.049174,16.284027,1.532230,15.037682,39.962491,2.393351,1.388818,9.882819,1.554277,1.069004,3.596052,62,11601,0,0
1406,3,2.974274,2.059577,15.961436,1.462419,19.586436,39.984565,2.278337,1.539625,9.770989,1.341800,1.039286,3.667155,62,11601,0,0
1407,3,2.895274,2.046577,16.302541,1.471080,19.272600,39.941494,2.329529,1.546912,9.707174,1.372972,1.220445,3.576460,62,11601,0,0
1408,3,2.961721,2.051276,16.306651,1.464990,19.229394,39.962755,2.431970,1.443322,9.760427,1.395844,1.105496,3.642110,62,11601,0,0
1409,3,7.486725,2.059984,16.374644,1.538910,14.563331,39.963609,2.421885,1.570343,9.808611,1.371806,1.030765,3.612356,62,11601,0,0
1410,3,2.940162,2.053263,16.087874,1.467940,19.466902,39.962877,2.360253,1.498908,9.855971,1.397892,1.120104,3.688453,62,11601,0,0
1411,3,2.972768,2.055990,16.129283,1.467621,19.417355,39.987027,2.374193,1.526062,9.930498,1.327369,1.065379,3.633396,62,11601,0,0
1412,3,68.603214,2.061612,16.302738,1.540856,13.492415,99.939223,2.471554,1.489444,9.750909,1.265679,1.151031,3.643775,62,11601,0,0
1413,3,6.999339,2.075589,16.259450,1.559492,15.144942,39.963223,2.411248,1.457045,9.707364,1.342912,1.007840,3.720303,62,11601,0,0
1414,3,2.907298,2.059699,16.305288,1.458567,19.291297,39.962450,2.398309,1.545800,9.685608,1.343523,1.142822,3.594564,62,11601,0,0
1415,3,2.945045,2.059672,15.964461,1.451074,19.596195,39.956774,2.417335,1.394257,9.854004,1.310306,1.166134,3.598270,62,11601,0,0
1416,3,7.174354,2.015076,16.356571,1.548886,14.882985,39.962796,2.457099,1.393416,9.836182,1.391713,1.068868,3.639181,62,11601,0,0
1417,3,6.929270,2.034051,16.297896,1.542837,15.193322,39.963325,2.454000,1.348182,9.761844,1.441250,1.081024,3.536268,62,11601,0,0
1418,3,2.947323,2.053494,16.039880,1.446964,19.546288,39.980455,2.284732,1.614529,9.839152,1.505408,1.049262,3.699198,62,11601,0,0
1419,3,2.923777,2.060452,16.413686,1.451487,19.157081,39.946031,2.363780,1.527673,9.779263,1.507579,1.041673,3.525828,62,11601,0,0
1420,3,6.643504,2.061707,16.165171,1.568505,15.585778,39.962958,2.430844,1.465634,9.645677,1.377282,1.037828,3.574602,62,11601,0,0
1421,3,7.488475,2.080505,16.245005,1.538130,14.691166,39.962775,2.350647,1.419983,9.746575,1.453986,1.036465,3.628011,62,11601,0,0
1422,3,2.980872,2.069180,16.207157,1.455265,19.320275,39.963569,2.386895,1.472215,9.899400,1.354797,1.043857,3.731228,62,11601,0,0
1423,3,2.911713,2.060269,15.986562,1.445967,19.618432,39.962674,2.373681,1.539256,9.689504,1.362179,1.075199,3.652445,62,11601,0,0
1424,3,2.902300,2.051988,16.348846,1.458418,19.222063,39.931627,2.414992,1.496640,9.763933,1.297173,1.009284,3.725067,62,11601,0,0
1425,3,20.928891,2.100328,16.509708,1.539730,0.984080,39.962409,2.425032,1.440240,9.910709,1.353722,1.101871,3.753391,62,11601,0,0
1426,3,2.911258,2.062378,16.254459,1.452925,19.315352,39.933994,2.297373,1.453362,9.909566,1.338304,1.113508,3.591777,62,11601,0,0
1427,3,2.932142,2.006999,16.324595,1.462324,19.244286,39.963348,2.550001,1.419457,9.751621,1.349409,1.146386,3.675012,62,11601,0,0
1428,3,2.913222,2.054423,16.350020,1.455990,19.237254,39.956485,2.463298,1.504425,9.826287,1.421166,1.055732,3.575517,62,11601,0,0
1429,3,10.899994,2.059875,16.225840,1.531342,11.305518,39.962694,2.333991,1.421892,9.793389,1.356890,1.096497,3.532203,62,11601,0,0
1430,3,2.913869,2.065416,16.411346,1.459456,19.179081,39.963752,2.442098,1.497674,9.814036,1.459110,1.156236,3.659665,62,11601,0,0
1431,3,2.987925,2.059570,16.186757,1.462609,19.325402,39.962694,2.445106,1.589044,9.783067,1.315162,1.044569,3.683163,62,11601,0,0
1432,3,2.909882,2.058879,15.980906,1.455163,19.617557,39.963508,2.470791,1.493622,9.637777,1.389269,1.072466,3.603034,62,11601,0,0
1433,3,7.761953,2.058417,16.191477,1.533980,14.443180,39.930589,2.401242,1.467051,9.509128,1.437025,1.042745,3.510457,62,11601,0,0
1434,3,2.987091,2.064765,16.215586,1.490116,19.300005,39.992798,2.503065,1.423496,9.687826,1.427460,1.023454,3.583608,62,11601,0,0
1435,3,2.905053,2.058438,16.243066,1.461226,19.323368,39.932712,2.301375,1.499803,9.806023,1.326355,1.043945,3.606269,62,11601,0,0
1436,3,2.928314,2.004578,16.355174,1.445763,19.233992,39.963243,2.585626,1.427948,9.728397,1.427561,1.139682,3.676459,62,11601,0,0
1437,3,74.415958,2.071174,16.299605,1.564884,7.682376,99.962823,2.498240,1.432983,9.759742,1.355791,1.036767,3.577572,62,11601,0,0
1438,3,2.963498,2.084839,16.364126,1.449466,19.155908,39.932997,2.386956,1.451860,9.779724,1.507829,1.053121,3.523187,62,11601,0,0
1439,3,2.982371,2.054613,16.330109,1.501292,19.149451,39.963223,2.420312,1.404280,9.786608,1.434960,1.043443,3.616828,62,11601,0,0
