[    0.0138] Program Path: /home/spider/tyrax2-debugger-linux-v1/squashfs-root/usr/bin/pcsx2-qt
[    0.0138] AppRoot Directory: /home/spider/tyrax2-debugger-linux-v1/squashfs-root/usr/bin
[    0.0138] Resources Directory: /home/spider/tyrax2-debugger-linux-v1/squashfs-root/usr/bin/resources
[    0.0138] DataRoot Directory: /home/spider/paused-clock-production-v5/profile/PCSX2
[    0.0138] Loading config from /home/spider/paused-clock-production-v5/profile/PCSX2/inis/PCSX2.ini.
[    0.0141] Loading secrets from /home/spider/paused-clock-production-v5/profile/PCSX2/inis/secrets.ini.
[    0.0145] BIOS Directory: /mnt/c/Users/pawel/OneDrive/Documents/PCSX2/bios
[    0.0145] Snapshots Directory: /home/spider/paused-clock-production-v5/profile/PCSX2/snaps
[    0.0145] Savestates Directory: /home/spider/paused-clock-production-v5/profile/PCSX2/sstates
[    0.0145] MemoryCards Directory: /home/spider/paused-clock-production-v5/profile/PCSX2/memcards
[    0.0145] Logs Directory: /home/spider/paused-clock-production-v5/profile/PCSX2/logs
[    0.0145] Cheats Directory: /home/spider/paused-clock-production-v5/profile/PCSX2/cheats
[    0.0145] Patches Directory: /home/spider/paused-clock-production-v5/profile/PCSX2/patches
[    0.0145] Covers Directory: /home/spider/paused-clock-production-v5/profile/PCSX2/covers
[    0.0145] Game Settings Directory: /home/spider/paused-clock-production-v5/profile/PCSX2/gamesettings
[    0.0145] Resources Directory: /home/spider/tyrax2-debugger-linux-v1/squashfs-root/usr/bin/resources
[    0.0145] User Resources Directory: /home/spider/paused-clock-production-v5/profile/PCSX2/resources
[    0.0145] Cache Directory: /home/spider/paused-clock-production-v5/profile/PCSX2/cache
[    0.0145] Textures Directory: /home/spider/paused-clock-production-v5/profile/PCSX2/textures
[    0.0146] Input Profile Directory: /home/spider/paused-clock-production-v5/profile/PCSX2/inputprofiles
[    0.0146] Video Dumping Directory: /home/spider/paused-clock-production-v5/profile/PCSX2/videos
[    0.0146] Debugger Layouts Directory: /home/spider/paused-clock-production-v5/profile/PCSX2/inis/debuggerlayouts
[    0.0146] Debugger Settings Directory: /home/spider/paused-clock-production-v5/profile/PCSX2/inis/debuggersettings
[    0.0299] Loaded translation file for language en-US
[    0.0385] PCSX2 v2.9.93
[    0.0385] Savestate version: 0x9a590000
[    0.0385] 
[    0.0385] 
[    0.0385] Host Machine Init:
[    0.0386]   Operating System = Ubuntu 22.04
[    0.0386]   Available RAM    = 49168 MB (48.02 GB)
[    0.0387]   Physical RAM     = 50191 MB (49.02 GB)
[    0.0387] 
[    0.0387]   Processor        = AMD Ryzen Threadripper 1920X
[    0.0387]   Core Count       = 24 cores
[    0.0387]   Thread Count     = 24 threads
[    0.0387]   Cluster Count    = 1 clusters
[    0.0387] CPU Extensions Detected:
[    0.0387]   AVX AVX2
[    0.0387] 
[    0.0387] Allocating host memory for virtual systems...
[    0.0391]   EE Main Memory                   @ 0x00007F642F200000 -> 0x00007F6438100000 [143mb]
[    0.0391]   IOP Main Memory                  @ 0x00007F6438100000 -> 0x00007F6440200000 [129mb]
[    0.0391]   VU0/1 On-Chip Memory             @ 0x00007F6440200000 -> 0x00007F6440300000 [1mb]
[    0.0391]   VTLB Virtual Map                 @ 0x00007F6440300000 -> 0x00007F6440B00000 [8mb]
[    0.0391]   VTLB Address Map                 @ 0x00007F6440B00000 -> 0x00007F6440F00000 [4mb]
[    0.0391]   R5900 Recompiler Cache           @ 0x00007F6440F00000 -> 0x00007F6444F00000 [64mb]
[    0.0391]   R3000A Recompiler Cache          @ 0x00007F6444F00000 -> 0x00007F6446F00000 [32mb]
[    0.0391]   Micro VU0 Recompiler Cache       @ 0x00007F6447F00000 -> 0x00007F644BF00000 [64mb]
[    0.0391]   Micro VU1 Recompiler Cache       @ 0x00007F644BF00000 -> 0x00007F644FF00000 [64mb]
[    0.0391]   VIF0 Unpack Recompiler Cache     @ 0x00007F6446F00000 -> 0x00007F6447700000 [8mb]
[    0.0391]   VIF1 Unpack Recompiler Cache     @ 0x00007F6447700000 -> 0x00007F6447F00000 [8mb]
[    0.0391]   VIF Unpack Recompiler Cache      @ 0x00007F644FF00000 -> 0x00007F6450000000 [1mb]
[    0.0392]   GS Software Renderer             @ 0x00007F6450000000 -> 0x00007F6454000000 [64mb]
[    0.0415] Fastmem area: 0x7f632f200000 - 0x7f642f1fffff
[    0.0432] Generating SSE-optimized unpacking functions for VIF interpreters...
[    0.0435] Unpack function generation complete.  Generated function statistics:
[    0.0435]   Reserved buffer    : 1048576 bytes @ 0x00007F644FF00000
[    0.0435]   x86 code generated : 7422 bytes
[    0.0435] 
[    0.0439] SDLInputSource: Using Controller DB from resources.
[    0.0588] SDLInputSource: 765 gamepad mappings are loaded.
[    0.0588] Invalid binding: 'XInput-0/DPadUp'
[    0.0588] Invalid binding: 'XInput-0/DPadRight'
[    0.0589] Invalid binding: 'XInput-0/DPadDown'
[    0.0589] Invalid binding: 'XInput-0/DPadLeft'
[    0.0589] Invalid binding: 'XInput-0/Y'
[    0.0589] Invalid binding: 'XInput-0/B'
[    0.0589] Invalid binding: 'XInput-0/A'
[    0.0589] Invalid binding: 'XInput-0/X'
[    0.0589] Invalid binding: 'XInput-0/Back'
[    0.0589] Invalid binding: 'XInput-0/Start'
[    0.0589] Invalid binding: 'XInput-0/LeftShoulder'
[    0.0589] Invalid binding: 'XInput-0/+LeftTrigger'
[    0.0589] Invalid binding: 'XInput-0/RightShoulder'
[    0.0589] Invalid binding: 'XInput-0/+RightTrigger'
[    0.0589] Invalid binding: 'XInput-0/LeftStick'
[    0.0589] Invalid binding: 'XInput-0/RightStick'
[    0.0589] Invalid binding: 'XInput-0/Guide'
[    0.0589] Invalid binding: 'XInput-0/-LeftY'
[    0.0589] Invalid binding: 'XInput-0/+LeftX'
[    0.0589] Invalid binding: 'XInput-0/+LeftY'
[    0.0589] Invalid binding: 'XInput-0/-LeftX'
[    0.0589] Invalid binding: 'XInput-0/-RightY'
[    0.0589] Invalid binding: 'XInput-0/+RightX'
[    0.0589] Invalid binding: 'XInput-0/+RightY'
[    0.0589] Invalid binding: 'XInput-0/-RightX'
[    0.0595] Settings: Advanced Settings are enabled; only proceed if you know what you're doing! No support will be provided if you have the option enabled.
[    0.1151] Scanning F:\PS2\Games (recursively)
[    0.1180] Loading BIOS...
[    0.1287] BIOS Found: Europe  v02.00(14/06/2004)  Console 20040614-100914
[    0.1786] Mechacon version: 0x00020603
[    0.1799] Opening CDVD...
[    0.2103] Initializing Elf: 4625628 bytes
[    0.2112] Disc changed to .
[    0.2112]   Name: vehicle-playground [?]
[    0.2112]   Serial: vehicle-playground
[    0.2112]   Version: 
[    0.2112]   CRC: 982BE0A0
[    0.2113] No game settings found (tried '/home/spider/paused-clock-production-v5/profile/PCSX2/gamesettings/982BE0A0.ini')
[    0.2113] Applying settings...
[    0.2115] Invalid binding: 'XInput-0/DPadUp'
[    0.2115] Invalid binding: 'XInput-0/DPadRight'
[    0.2115] Invalid binding: 'XInput-0/DPadDown'
[    0.2116] Invalid binding: 'XInput-0/DPadLeft'
[    0.2116] Invalid binding: 'XInput-0/Y'
[    0.2116] Invalid binding: 'XInput-0/B'
[    0.2116] Invalid binding: 'XInput-0/A'
[    0.2116] Invalid binding: 'XInput-0/X'
[    0.2116] Invalid binding: 'XInput-0/Back'
[    0.2116] Invalid binding: 'XInput-0/Start'
[    0.2116] Invalid binding: 'XInput-0/LeftShoulder'
[    0.2116] Invalid binding: 'XInput-0/+LeftTrigger'
[    0.2116] Invalid binding: 'XInput-0/RightShoulder'
[    0.2116] Invalid binding: 'XInput-0/+RightTrigger'
[    0.2116] Invalid binding: 'XInput-0/LeftStick'
[    0.2116] Invalid binding: 'XInput-0/RightStick'
[    0.2116] Invalid binding: 'XInput-0/Guide'
[    0.2116] Invalid binding: 'XInput-0/-LeftY'
[    0.2116] Invalid binding: 'XInput-0/+LeftX'
[    0.2116] Invalid binding: 'XInput-0/+LeftY'
[    0.2116] Invalid binding: 'XInput-0/-LeftX'
[    0.2116] Invalid binding: 'XInput-0/-RightY'
[    0.2116] Invalid binding: 'XInput-0/+RightX'
[    0.2116] Invalid binding: 'XInput-0/+RightY'
[    0.2116] Invalid binding: 'XInput-0/-RightX'
[    0.2118] GameDB: Has not been initialized yet, initializing...
[    0.2567] GameDB: 12841 games on record (loaded in 44.85ms)
[    0.2591] Reopening memory cards...
[    0.2591] (FileMcd) Creating new 8MB memory card: /home/spider/paused-clock-production-v5/profile/PCSX2/memcards/Mcd001.ps2
[    0.2683] McdSlot 0 [File]: Mcd001.ps2 [8 MB, UNFORMATTED]
[    0.2683] McdSlot 1 [File]: [disabled/empty filename]
[    0.2746] HLE Host: Set 'host:' root path to: /mnt/f/Projects/tyrax2-lab-20261001/paused-clock-production-vehicle-v1/game/bin
[    0.2749] EE/iR5900 Recompiler Reset
[    0.2985] iR3000A Recompiler reset.
[    0.3059] mVU Reset
[    0.3065] mVU Reset
[    0.3117] Resetting host memory for virtual systems...
[    0.5406] Time Zone Offset: GMT+01:00
[    0.5407] Time Zone Location: Berlin
[    0.5407] DST: Winter Time
[    0.5407] Time Format: 24-Hour
[    0.5407] Date Format: DD/MM/YYYY
[    0.5407] System Time Basis: Operating System Time
[    0.5407] Resulting System Time: 2026-10-05 23:22:18
[    0.5407] Close virtual disk tray
[    0.5407] Media already loaded (fast boot)
[    0.5408] Opening GS...
[    0.5779] VK: Enabling extension: VK_KHR_get_surface_capabilities2
[    0.5884] Using Vulkan GPU 'llvmpipe (LLVM 15.0.7, 256 bits)' for automatic renderer check.
[    0.5884] Not using Vulkan for software renderer.
[    0.5885] acquireRenderWindow() recreate=true fullscreen=false render_to_main=false surfaceless=false
[    0.5939] (GetRefreshRateFromXRandR) Modeline is invalid: 0/0/0
[    0.5939] Surface refresh rate: 60 Hz
[    0.5941] Loading EGL from libEGL.so...
[    0.5952] GLAD EGL Version: 1.0
[    0.5952] Using EGL platform EGL_EXT_platform_x11.
[    0.6033] eglInitialize() version: 1.5
[    0.6034] GLAD EGL Version: 1.5
[    0.6034] Trying GL version 4.6
[    0.6034] eglCreateContext() failed: 0x3009
[    0.6034] Trying GL version 4.5
[    0.6121] Got GL version 4.5
[    0.6121] EGL_MIN_SWAP_INTERVAL = 1
[    0.6121] EGL_MAX_SWAP_INTERVAL = 1
[    0.6121] Negative swap interval/tear-control is NOT supported
[    0.6147] GL_VENDOR: Mesa
[    0.6147] GL_VERSION: 4.5 (Core Profile) Mesa 23.2.1-1ubuntu3.1~22.04.4
[    0.6147] GL_RENDERER: llvmpipe (LLVM 15.0.7, 256 bits)
[    0.6147] GL_SHADING_LANGUAGE_VERSION: 4.50
[    0.6148] GL_MAX_VERTEX_SHADER_STORAGE_BLOCKS: 16
[    0.6148] GL: Viewport Array:            Supported       => Using: GL_ARB_viewport_array
[    0.6148] GL: Direct State Access:       Supported       => Using: OpenGL 4.5 Core
[    0.6148] GL: Copy Image:                Supported       => Using: OpenGL 4.3 Core
[    0.6148] GL: Clip Control:              Supported       => Using: OpenGL 4.5 Core
[    0.6148] GL: Conservative Depth:        Supported       => Using: OpenGL 4.2 Core
[    0.6148] GL: CAS Sharpening:            Supported       => Using: OpenGL 4.2 Core
[    0.6148] GL: Texture Barriers:          Auto            => Using: Framebuffer Fetch
[    0.6148] GL: RGBA16 HW Blending:        Supported       => Using: RGBA16 UNORM
[    0.6148] GL: Point Expansion:           Supported       => Using: Hardware
[    0.6149] GL: Line Expansion:            Fallback        => Using: Vertex Expansion
[    0.6149] GL: Sprite Expansion:          Supported       => Using: Vertex Expansion
[    0.6149] GL: DXTn Texture Compression:  Supported       => Using: GL_EXT_texture_compression_s3tc
[    0.6149] GL: BC6/7 Texture Compression: Supported       => Using: OpenGL 4.2 Core
[    0.6177] 1 program binary formats supported by driver
[    0.6398] Program binary retrieved, 4105 bytes, format 34655
[    0.6402] Program binary retrieved, 4121 bytes, format 34655
[    0.6406] Program binary retrieved, 4249 bytes, format 34655
[    0.6410] Program binary retrieved, 4013 bytes, format 34655
[    0.6414] Program binary retrieved, 4013 bytes, format 34655
[    0.6417] Program binary retrieved, 4017 bytes, format 34655
[    0.6420] Program binary retrieved, 4017 bytes, format 34655
[    0.6424] Program binary retrieved, 4185 bytes, format 34655
[    0.6428] Program binary retrieved, 4217 bytes, format 34655
[    0.6431] Program binary retrieved, 4137 bytes, format 34655
[    0.6435] Program binary retrieved, 4125 bytes, format 34655
[    0.6439] Program binary retrieved, 4121 bytes, format 34655
[    0.6444] Program binary retrieved, 4253 bytes, format 34655
[    0.6450] Program binary retrieved, 4237 bytes, format 34655
[    0.6454] Program binary retrieved, 4245 bytes, format 34655
[    0.6458] Program binary retrieved, 4261 bytes, format 34655
[    0.6462] Program binary retrieved, 4965 bytes, format 34655
[    0.6467] Program binary retrieved, 4981 bytes, format 34655
[    0.6471] Program binary retrieved, 4261 bytes, format 34655
[    0.6475] Program binary retrieved, 4277 bytes, format 34655
[    0.6480] Program binary retrieved, 5005 bytes, format 34655
[    0.6485] Program binary retrieved, 5021 bytes, format 34655
[    0.6489] Program binary retrieved, 4257 bytes, format 34655
[    0.6492] Program binary retrieved, 4273 bytes, format 34655
[    0.6497] Program binary retrieved, 5001 bytes, format 34655
[    0.6502] Program binary retrieved, 5017 bytes, format 34655
[    0.6506] Program binary retrieved, 4277 bytes, format 34655
[    0.6510] Program binary retrieved, 4293 bytes, format 34655
[    0.6515] Program binary retrieved, 5057 bytes, format 34655
[    0.6520] Program binary retrieved, 5073 bytes, format 34655
[    0.6523] Program binary retrieved, 4153 bytes, format 34655
[    0.6527] Program binary retrieved, 4169 bytes, format 34655
[    0.6531] Program binary retrieved, 4233 bytes, format 34655
[    0.6536] Program binary retrieved, 5781 bytes, format 34655
[    0.6541] Program binary retrieved, 5373 bytes, format 34655
[    0.6547] Program binary retrieved, 6389 bytes, format 34655
[    0.6551] Program binary retrieved, 4917 bytes, format 34655
[    0.6555] Program binary retrieved, 4845 bytes, format 34655
[    0.6559] Program binary retrieved, 4997 bytes, format 34655
[    0.6563] Program binary retrieved, 4101 bytes, format 34655
[    0.6594] Program binary retrieved, 4137 bytes, format 34655
[    0.6625] Program binary retrieved, 4109 bytes, format 34655
[    0.6629] Program binary retrieved, 5389 bytes, format 34655
[    0.6633] Program binary retrieved, 5829 bytes, format 34655
[    0.6637] Program binary retrieved, 5857 bytes, format 34655
[    0.6640] Program binary retrieved, 4289 bytes, format 34655
[    0.6664] Program binary retrieved, 21205 bytes, format 34655
[    0.6668] Program binary retrieved, 4765 bytes, format 34655
[    0.6673] Program binary retrieved, 5685 bytes, format 34655
[    0.6676] Program binary retrieved, 4141 bytes, format 34655
[    0.6679] Program binary retrieved, 4537 bytes, format 34655
[    0.6682] Program binary retrieved, 4889 bytes, format 34655
[    0.6685] Program binary retrieved, 4117 bytes, format 34655
[    0.6689] Program binary retrieved, 4741 bytes, format 34655
[    0.6694] Program binary retrieved, 4965 bytes, format 34655
[    0.6701] Program binary retrieved, 6613 bytes, format 34655
[    0.6704] Program binary retrieved, 4797 bytes, format 34655
[    0.6720] Program binary retrieved, 13085 bytes, format 34655
[    0.6780] Program binary retrieved, 7285 bytes, format 34655
[    0.6834] Program binary retrieved, 5497 bytes, format 34655
[    0.6837] Program binary retrieved, 4141 bytes, format 34655
[    0.6841] Program binary retrieved, 4141 bytes, format 34655
[    0.6844] Program binary retrieved, 4145 bytes, format 34655
[    0.6848] Program binary retrieved, 4145 bytes, format 34655
[    0.7043] Program binary retrieved, 5369 bytes, format 34655
[    0.7056] OpenGL Graphics Driver Info:
[    0.7056] OpenGL Context:
[    0.7056] 4.5 (Core Profile) Mesa 23.2.1-1ubuntu3.1~22.04.4
[    0.7056] Mesa llvmpipe (LLVM 15.0.7, 256 bits)
[    0.7056] GLSL: 4.50
[    0.7084] Processor count: 24 cores, 24 processors, 1 clusters
[    0.7084] Ordered processor list: 12, 23, 22, 21, 20, 19, 18, 17, 16, 15, 14, 13, 0, 11, 10, 9, 8, 7, 6, 5, 4, 3, 2, 1
[    0.7085] Not pinning SW threads, we need 4 processors, but only have 0
[    0.7092] Opening SPU2...
[    0.7133] Creating Null audio stream, sample rate = 48000, expansion = Disabled, buffer = 50, latency = 32, stretching enabled, driver = wasapi, device = 
[    0.7133] Allocated buffer of 2432 frames for buffer of 50 ms [expansion Disabled (block size 2048), stretch disabled, target size 2432].
[    0.7133] Initializing Pad...
[    0.7133] Initializing SIO2...
[    0.7133] Initializing SIO0...
[    0.7133] Opening DEV9...
[    0.7133] DEV9: DEV9init
[    0.7139] DEV9: DEV9init2
[    0.7139] DEV9: DEV9init3
[    0.7155] DEV9: DEV9init ok
[    0.7155] DEV9: DEV9open
[    0.7155] Opening USB...
[    0.7155] Opening FW...
[    0.7158] Frame rate: 59.94, target speed: 1, target frame rate: 59.94, ticks per frame: 16683350
[    0.7187] MultiPause time: 201ns
[    0.7189] MultiPause time: 142ns
[    0.7189] MultiPause time: 142ns
[    0.7192] VM subsystems initialized in 601.47 ms
[    0.7192] MultiPause time: 142ns
[    0.7290] Failed to inhibit screen saver.
[    0.7290] Processor order assignment: EE=12, VU=23, GS=22
[    0.7290]   EE thread is on processor 12 (0x1000)
[    0.7291]   VU thread is on processor 23 (0x800000)
[    0.7291]   GS thread is on processor 22 (0x400000)
[    0.7385] Failed to inhibit screen saver.
[    0.7631] # Initialize memory (rev:3.70, ctm:197Mhz, cpuclk:147Mhz detected)
[    0.7714] R3000 Debugger: Branch to 0x890 (SYSMEM). Clearing modules.
[    0.7731] RegisterLibraryEntries: excepman version 1.01
[    0.7741] RegisterLibraryEntries:  intrman version 1.02
[    0.7742] RegisterLibraryEntries:   ssbusc version 1.01
[    0.7745] RegisterLibraryEntries:  dmacman version 1.02
[    0.7748] RegisterLibraryEntries:  timrman version 1.01
[    0.7751] RegisterLibraryEntries:  sysclib version 1.01
[    0.7752] RegisterLibraryEntries:    stdio version 1.01
[    0.7753] RegisterLibraryEntries:  heaplib version 1.01
[    0.7757] FW: read mem 0x1f80847c: 0x10000001
[    0.7757] FW: write mem 0x1f808414: 0x417f0000
[    0.7757] FW: read mem 0x1f808400: 0xffc00001
[    0.7757] FW: write mem 0x1f80844c: 0xffffffff
[    0.7757] FW: write mem 0x1f808420: 0xffffffff
[    0.7757] FW: write mem 0x1f808428: 0xffffffff
[    0.7757] FW: write mem 0x1f808430: 0xffffffff
[    0.7767] RegisterLibraryEntries:   thbase version 1.01
[    0.7767] RegisterLibraryEntries:  thevent version 1.01
[    0.7767] RegisterLibraryEntries:  thsemap version 1.01
[    0.7768] RegisterLibraryEntries:  thmsgbx version 1.01
[    0.7768] RegisterLibraryEntries:  thfpool version 1.01
[    0.7768] RegisterLibraryEntries:  thvpool version 1.01
[    0.7776] RegisterLibraryEntries:   vblank version 1.01
[    0.7782] RegisterLibraryEntries:    ioman version 1.02
[    0.7789] RegisterLibraryEntries:  modload version 1.01
[    0.7792] RegisterLibraryEntries:   romdrv version 2.01
[    0.7795] RegisterLibraryEntries:    stdio version 1.02
[    0.7798] RegisterLibraryEntries:   sifman version 1.01
[    0.7801] 
[    0.7801] PlayStation 2 ======== Hard reset boot
[    0.7803]  ROMGEN=2004-0614, IOP info (CPUID=1f, CACH_CONFIG=0, 2MB, IOP mode)
[    0.7805]  <20040614-100914,ROMconf,PS20200EC20040614.bin:11696>
[    0.7889] # Total accessable memory size: 32 MB (B:2:8:0) (370:2:7c30)
[    0.7899] # TLB spad=0 kernel=1:12 default=13:30 extended=31:38
[    0.8496] # Initialize Start.
[    0.8501] # Initialize GS ...
[    0.8501] # Initialize INTC ...
[    0.8501] # Initialize TIMER ...
[    0.8502] # Initialize DMAC ...
[    0.8504] # Initialize VU1 ...
[    0.8509] # Initialize VIF1 ...
[    0.8510] # Initialize GIF ...
[    0.8510] # Initialize VU0 ...
[    0.8511] # Initialize VIF0 ...
[    0.8512] # Initialize IPU ...
[    0.8513] # Initialize FPU ...
[    0.8513] # Initialize User Memory ...
[    0.9048] # Initialize Scratch Pad ...
[    0.9048] # Initialize Done.
[    0.9056] 
[    0.9056] EE DECI2 Manager version 0.06 Feb  6 2003 08:38:48
[    0.9056]   CPUID=2e20, BoardID=0, ROMGEN=2004-0614, 32M
[    0.9056] 
[    0.9059] RegisterLibraryEntries:   sifcmd version 1.01
[    0.9353] Initializing Elf: 4625628 bytes
[    0.9374] ELF Loading: host:vehicle-playground.elf, Game CRC = 982BE0A0, EntryPoint = 0x00100E78
[    0.9403] RegisterLibraryEntries:  cdvdman version 1.01
[    0.9460] RegisterLibraryEntries:  cdvdfsv version 1.01
[    0.9475] RegisterLibraryEntries:  secrman version 1.03
[    0.9477] RegisterLibraryEntries:   eesync version 1.01
[    0.9478] 
[    0.9478] IOP Realtime Kernel Ver.0.9.1
[    0.9478]     Copyright 1999 (C) Sony Computer Entertainment Inc. 
[    0.9485] Reboot service module.(99/11/10)
[    0.9507] cdvd driver module version 0.1.1 (C)SCEI
[    0.9512] Load File service.(99/11/05)
[    0.9512] Multi Threaded Fileio module.(99/11/15) 
[    0.9513] iop heap service (99/11/03)
[    0.9664] loadelf: fname host:vehicle-playground.elf secname all
[    0.9664] loadelf version 3.30
[    0.9692] Input ELF format filename = host:vehicle-playground.elf
[    1.0133] 1 00100000 0041cf3c ..................................................................
[    1.0133] Loaded, host:vehicle-playground.elf
[    1.0134] start address 0x100e78
[    1.0134] gp address 00000000
[    1.0145] # Restart Without Memory Clear.
[    1.0200] # Initialize GS ...
[    1.0201] # Initialize INTC ...
[    1.0201] # Initialize TIMER ...
[    1.0201] # Initialize DMAC ...
[    1.0201] # Initialize VU1 ...
[    1.0203] # Initialize VIF1 ...
[    1.0203] # Initialize GIF ...
[    1.0203] # Initialize VU0 ...
[    1.0203] # Initialize VIF0 ...
[    1.0204] # Initialize IPU ...
[    1.0204] # Initialize FPU ...
[    1.0204] # Initialize Scratch Pad ...
[    1.0204] # Restart Without Memory Clear Done.
[    1.0205] ELF host:vehicle-playground.elf with entry point at 0x00100E78 is executing.
[    1.0205] ELF changed, active CRC 982BE0A0 (host:vehicle-playground.elf)
[    1.0208] Applying core settings...
[    1.0211] Updating CPU configuration...
[    1.0212] iR3000A Recompiler reset.
[    1.0247] mVU Reset
[    1.0248] mVU Reset
[    1.0427] iR3000A Recompiler reset.
[    1.0455] mVU Reset
[    1.0456] mVU Reset
[    1.0489] EE/iR5900 Recompiler Reset
[    1.0634] BIOS: Successfully found the instruction pattern. Assuming the thread list is here: 8001a640
[    1.0655] Warning: GetOsdConfigParam2 Reading extended language/version configs, may be incorrect!
[    1.0753] read/write allocate memory 4000
[    1.0753] open name host:/ps2link.run flag 1 data 41378
[    1.0767] open fd = -5
[    1.0796] Get Reboot Request From EE
[    1.0809] R3000 Debugger: Branch to 0x890 (SYSMEM). Clearing modules.
[    1.0826] RegisterLibraryEntries: excepman version 1.01
[    1.0837] RegisterLibraryEntries:  intrman version 1.02
[    1.0838] RegisterLibraryEntries:   ssbusc version 1.01
[    1.0844] RegisterLibraryEntries:  dmacman version 1.02
[    1.0849] RegisterLibraryEntries:  timrman version 1.01
[    1.0853] RegisterLibraryEntries:  sysclib version 1.01
[    1.0854] RegisterLibraryEntries:    stdio version 1.01
[    1.0856] RegisterLibraryEntries:  heaplib version 1.01
[    1.0878] RegisterLibraryEntries:   thbase version 1.01
[    1.0879] RegisterLibraryEntries:  thevent version 1.01
[    1.0879] RegisterLibraryEntries:  thsemap version 1.01
[    1.0879] RegisterLibraryEntries:  thmsgbx version 1.01
[    1.0879] RegisterLibraryEntries:  thfpool version 1.01
[    1.0880] RegisterLibraryEntries:  thvpool version 1.01
[    1.0891] RegisterLibraryEntries:   vblank version 1.01
[    1.0896] RegisterLibraryEntries:    ioman version 1.02
[    1.0906] RegisterLibraryEntries:  modload version 1.01
[    1.0964] RegisterLibraryEntries:   romdrv version 2.01
[    1.0968] RegisterLibraryEntries:    stdio version 1.02
[    1.0972] RegisterLibraryEntries:   sifman version 1.01
[    1.0976] 
[    1.0977] PlayStation 2 ======== Soft reboot
[    1.0983] RegisterLibraryEntries:   sifcmd version 1.01
[    1.1019] RegisterLibraryEntries:  cdvdman version 1.01
[    1.1035] RegisterLibraryEntries:  cdvdfsv version 1.01
[    1.1100] RegisterLibraryEntries:  secrman version 1.03
[    1.1101] RegisterLibraryEntries:   eesync version 1.01
[    1.1103] 
[    1.1103] IOP Realtime Kernel Ver.0.9.1
[    1.1104]     Copyright 1999 (C) Sony Computer Entertainment Inc. 
[    1.1108] Reboot service module.(99/11/10)
[    1.1125] [EE] Skipping timeout loop at 0x002F7200 -> 0x002F7220
[    1.1125] cdvd driver module version 0.1.1 (C)SCEI
[    1.1128] Load File service.(99/11/05)
[    1.1129] Multi Threaded Fileio module.(99/11/15) 
[    1.1129] iop heap service (99/11/03)
[    1.1335] RegisterLibraryEntries:   iomanx version 1.01
[    1.1347] fileXio: fileXio: fileXio RPC Server v1.00
[    1.1347] Copyright (c) 2003 adresd
[    1.1350] RegisterLibraryEntries:  sio2man version 2.07
[    1.1351] RegisterLibraryEntries:  sio2man version 1.02
[    1.1358] RegisterLibraryEntries:   padman version 1.02
[    1.1359] Pad Driver for OSD
[    1.1364] FREESD v1.01
[    1.1364] RegisterLibraryEntries:    libsd version 1.04
[    1.1496] debug_level = 1 (ps2snd 0.1
[    1.1508] read/write allocate memory 4000
[    1.1508] open name host:/log.txt flag 302 data 41378
[    1.1532] open fd = 256
[    1.1573] greetings from version 0.93 !
[    1.1574] RegisterLibraryEntries:   audsrv version 1.04
[    1.1574] audsrv_adpcm_init()
[    1.1578] open name host:/log.txt flag 302 data 41378
[    1.1593] open fd = 256
[    1.1612] open name host:/log.txt flag 302 data 41378
[    1.1626] open fd = 256
[    1.1652] open name host:/log.txt flag 302 data 41378
[    1.1669] open fd = 256
[    1.1685] UpdateVSyncRate: Mode Changed to SDTV 480p.
[    1.1685] Frame rate: 59.94, target speed: 1, target frame rate: 59.94, ticks per frame: 16683350
[    1.1685] Set GS CRTC configuration. SDTV   720x480 @ 59.94 Progressive (FRAME)
[    1.1693] open name host:/log.txt flag 302 data 41378
[    1.1707] open fd = 256
[    1.1727] open name host:/log.txt flag 302 data 41378
[    1.1741] open fd = 256
[    1.1756] open name host:/log.txt flag 302 data 41378
[    1.1770] open fd = 256
[    1.1789] open name host:/log.txt flag 302 data 41378
[    1.1806] open fd = 256
[    1.1825] open name host:/log.txt flag 302 data 41378
[    1.1842] open fd = 256
[    1.1861] open name host:/log.txt flag 302 data 41378
[    1.1876] open fd = 256
[    1.1898] open name host:/log.txt flag 302 data 41378
[    1.1920] open fd = 256
[    1.1936] open name host:/log.txt flag 302 data 41378
[    1.1952] open fd = 256
[    1.1970] open name host:/log.txt flag 302 data 41378
[    1.1988] open fd = 256
[    1.2008] open name host:/log.txt flag 302 data 41378
[    1.2022] open fd = 256
[    3.2883] 
[    3.2886] -----------------------------------------
[    3.2886]         _____        ____   ___
[    3.2887]           |     /   ____| |___|
[    3.2887]           |     |   |     |   |
[    3.2888] -----------------------------------------
[    3.2888] Copyright 2022
[    3.2890] Repository: https://github.com/h4570/tyra
[    3.2891] Licensed under Apache License 2.0
[    3.2895] Version: 2.2.0
[    3.2895] -----------------------------------------
[    3.2896] 
[    3.4545] open name host:/log.txt flag 302 data 41378
[    3.4563] open fd = 256
[    3.4583] open name host:/log.txt flag 302 data 41378
[    3.4599] open fd = 256
[    3.4616] audsrv_adpcm_init()
[    3.4627] open name host:/log.txt flag 302 data 41378
[    3.4641] open fd = 256
[    3.4659] [EE] Skipping timeout loop at 0x00102F60 -> 0x00102F80
[    3.4886] open name host:/log.txt flag 302 data 41378
[    3.4905] open fd = 256
[    3.4924] open name host:/log.txt flag 302 data 41378
[    3.4942] open fd = 256
[    3.4961] Curent pad(0,0) status: EXECCMD
[    3.6865] Pad: DS2 Config Finished - P1/S1 - AL: Off - AB: Usable - VS: Disabled - VL: Disabled - RB: D (0x00000000)
[    3.7202] open name host:/log.txt flag 302 data 41378
[    3.7218] open fd = 256
[    3.7239] open name host:/log.txt flag 302 data 41378
[    3.7254] open fd = 256
[    3.7271] open name host:/log.txt flag 302 data 41378
[    3.7287] open fd = 256
[    3.7301] Curent pad(0,0) status: EXECCMD
[    3.7869] Pad: DS2 Config Finished - P1/S1 - AL: On - AB: Locked - VS: Disabled - VL: Disabled - RB: D (0x00000000)
[    3.9871] Pad: DS2 Config Finished - P1/S1 - AL: On - AB: Locked - VS: Disabled - VL: Disabled - RB: D (0x00000000)
[    4.0209] open name host:/log.txt flag 302 data 41378
[    4.0231] open fd = 256
[    4.0253] open name host:/log.txt flag 302 data 41378
[    4.0267] open fd = 256
[    4.0286] open name host:/log.txt flag 302 data 41378
[    4.0304] open fd = 256
[    4.0317] Curent pad(0,0) status: EXECCMD
[    4.2874] Pad: DS2 Config Finished - P1/S1 - AL: On - AB: Locked - VS: Disabled - VL: Disabled - RB: D+A+P (0x0003FFFF)
[    4.4875] Pad: DS2 Config Finished - P1/S1 - AL: On - AB: Locked - VS: Disabled - VL: Disabled - RB: D+A+P (0x0003FFFF)
[    4.5213] open name host:/log.txt flag 302 data 41378
[    4.5231] open fd = 256
[    4.5249] open name host:/log.txt flag 302 data 41378
[    4.5264] open fd = 256
[    4.5282] open name host:/log.txt flag 302 data 41378
[    4.5299] open fd = 256
[    4.5316] open name host:/log.txt flag 302 data 41378
[    4.5330] open fd = 256
[    4.5343] Curent pad(0,0) status: EXECCMD
[    4.5868] Pad: DS2 Config Finished - P1/S1 - AL: On - AB: Locked - VS: Normal - VL: Normal - RB: D+A+P (0x0003FFFF)
[    4.6042] open name host:/log.txt flag 302 data 41378
[    4.6060] open fd = 256
[    4.6076] open name host:/log.txt flag 302 data 41378
[    4.6090] open fd = 256
[    4.6152] open name host:/log.txt flag 302 data 41378
[    4.6168] open fd = 256
[    4.6194] open name host:/log.txt flag 302 data 41378
[    4.6210] open fd = 256
[    4.6230] open name host:/log.txt flag 302 data 41378
[    4.6245] open fd = 256
[    4.6261] open name host:/log.txt flag 302 data 41378
[    4.6276] open fd = 256
[    4.6330] loadmodule: fname rom0:XMCMAN args 0 arg 
[    4.6425] RegisterLibraryEntries:    mcman version 2.03
[    4.6435] loadmodule: id 32, ret 0
[    4.6436] loadmodule: fname rom0:XMCSERV args 0 arg 
[    4.6550] RegisterLibraryEntries:   mcserv version 1.01
[    4.6552] loadmodule: id 33, ret 0
[    4.6554] [EE] Skipping timeout loop at 0x00104BF0 -> 0x00104C10
[    5.0234] (FileMcd) Warning: checksum sector overwritten. (0)
[    5.0234] OSD [MemoryCardSave0]: Memory Card 'Mcd001.ps2' was saved to storage.
[    5.4919] (FileMcd) Warning: checksum sector overwritten. (0)
[    5.6075] open name host:/save/icon.sys flag 1 data 41378
[    5.6098] open fd = 256
[    5.6785] open name host:/save/list.icn flag 1 data 41378
[    5.6809] open fd = 256
[    5.8448] open name host:/log.txt flag 302 data 41378
[    5.8466] open fd = 256
[    5.8564] open name host:/log.txt flag 302 data 41378
[    5.8581] open fd = 256
[    5.8616] open name host:/menus/save.png flag 1 data 41378
[    5.8637] open fd = 256
[    5.9059] open name host:/hud/save-cursor.png flag 1 data 41378
[    5.9082] open fd = 256
[    5.9104] open name host:/hud/save-used.png flag 1 data 41378
[    5.9124] open fd = 256
[    5.9157] open name host:/hud/save-saved.png flag 1 data 41378
[    5.9173] open fd = 256
[    5.9208] open name host:/hud/save-loaded.png flag 1 data 41378
[    5.9229] open fd = 256
[    5.9258] open name host:/hud/save-error.png flag 1 data 41378
[    5.9280] open fd = 256
[    5.9368] open name host:/hud/save-busy.png flag 1 data 41378
[    5.9392] open fd = 256
[    5.9634] open name host:/hud/save-spinner.png flag 1 data 41378
[    5.9655] open fd = 256
[    5.9761] open name host:/menus/save.png flag 1 data 41378
[    5.9784] open fd = 256
[    6.0232] open name host:/menus/district-pause.png flag 1 data 41378
[    6.0251] open fd = 256
[    6.0416] open name host:/menus/district-pause-values.png flag 1 data 41378
[    6.0439] open fd = 256
[    6.0571] open name host:/hud/save-cursor.png flag 1 data 41378
[    6.0592] open fd = 256
[    6.0618] open name host:/hud/save-cursor.png flag 1 data 41378
[    6.0640] open fd = 256
[    6.0661] open name host:/hud/save-cursor.png flag 1 data 41378
[    6.0682] open fd = 256
[    6.0708] open name host:/hud/menu-dim.png flag 1 data 41378
[    6.0732] open fd = 256
[    6.0756] open name host:/hud/flare-corona.png flag 1 data 41378
[    6.0775] open fd = 256
[    6.0908] open name host:/hud/flashlight-gobo.png flag 1 data 41378
[    6.0929] open fd = 256
[    6.1054] open name host:/hud/flare-glow.png flag 1 data 41378
[    6.1075] open fd = 256
[    6.1173] open name host:/hud/sun-disc.png flag 1 data 41378
[    6.1194] open fd = 256
[    6.1231] open name host:/hud/moon-disc.png flag 1 data 41378
[    6.1252] open fd = 256
[    6.1588] open name host:/hud/use-text.png flag 1 data 41378
[    6.1616] open fd = 256
[    6.1648] open name host:/hud/pick-text.png flag 1 data 41378
[    6.1668] open fd = 256
[    6.1697] open name host:/sfx/engine_idle.adpcm flag 1 data 41378
[    6.1716] open fd = 256
[    6.1881] open name host:/log.txt flag 302 data 41378
[    6.1899] open fd = 256
[    6.1916] open name host:/sfx/engine_high.adpcm flag 1 data 41378
[    6.1938] open fd = 256
[    6.2107] open name host:/log.txt flag 302 data 41378
[    6.2122] open fd = 256
[    6.2140] open name host:/sfx/tires_screech.adpcm flag 1 data 41378
[    6.2162] open fd = 256
[    6.2204] open name host:/log.txt flag 302 data 41378
[    6.2218] open fd = 256
[    6.2232] open name host:/sfx/gear-shift.adpcm flag 1 data 41378
[    6.2253] open fd = 256
[    6.2335] open name host:/log.txt flag 302 data 41378
[    6.2340] open fd = 256
[    6.2354] open name host:/hardware-trace.cfg flag 1 data 41378
[    6.2363] open fd = -5
[    6.2372] open name host:/livepad.bin flag 1 data 41378
[    6.2381] open fd = -5
[    6.2384] open name host:/launch.scene flag 1 data 41378
[    6.2394] open fd = -5
[    6.2396] open name host:/hud/loading.png flag 1 data 41378
[    6.2414] open fd = 256
[    6.2474] FRAMEARENA allocated=1 bytes=1048576
[    6.2519] open name host:/log.txt flag 302 data 41378
[    6.2535] open fd = 256
[    6.2551] open name host:/livepad.bin flag 1 data 41378
[    6.2562] open fd = -5
[    6.2660] open name host:/livepad.bin flag 1 data 41378
[    6.2670] open fd = -5
[    6.2801] open name host:/livepad.bin flag 1 data 41378
[    6.2813] open fd = -5
[    6.2936] open name host:/livepad.bin flag 1 data 41378
[    6.2946] open fd = -5
[    6.3118] open name host:/vehicles/veh-ravager000001-shadow.png flag 1 data 41378
[    6.3140] open fd = 256
[    6.3149] open name host:/vehicles/veh-ravager000001-shadow.png flag 1 data 41378
[    6.3168] open fd = 256
[    6.3312] open name host:/vehicles/veh-pica00000001-shadow.png flag 1 data 41378
[    6.3334] open fd = 256
[    6.3342] open name host:/vehicles/veh-pica00000001-shadow.png flag 1 data 41378
[    6.3365] open fd = 256
[    6.3421] open name host:/vehicles/veh-strix0000001-shadow.png flag 1 data 41378
[    6.3444] open fd = 256
[    6.3451] open name host:/vehicles/veh-strix0000001-shadow.png flag 1 data 41378
[    6.3471] open fd = 256
[    6.3593] open name host:/shadowatlas/scene0-0.png flag 1 data 41378
[    6.3615] open fd = 256
[    6.3622] open name host:/shadowatlas/scene0-0.png flag 1 data 41378
[    6.3639] open fd = 256
[    6.3776] open name host:/shadowatlas/scene0-1.png flag 1 data 41378
[    6.3802] open fd = 256
[    6.3810] open name host:/shadowatlas/scene0-1.png flag 1 data 41378
[    6.3829] open fd = 256
[    6.3962] open name host:/textures/district-ground.png flag 1 data 41378
[    6.3984] open fd = 256
[    6.3991] open name host:/textures/district-ground.png flag 1 data 41378
[    6.4009] open fd = 256
[    6.4239] open name host:/materials/district-asphalt.mtl flag 1 data 41378
[    6.4262] open fd = 256
[    6.4332] open name host:/textures/district-asphalt.png flag 1 data 41378
[    6.4357] open fd = 256
[    6.4364] open name host:/textures/district-asphalt.png flag 1 data 41378
[    6.4384] open fd = 256
[    6.4539] open name host:/materials/district-sign.mtl flag 1 data 41378
[    6.4562] open fd = 256
[    6.4585] open name host:/textures/district-sign.png flag 1 data 41378
[    6.4604] open fd = 256
[    6.4611] open name host:/textures/district-sign.png flag 1 data 41378
[    6.4629] open fd = 256
[    6.4666] open name host:/materials/night-warm.mtl flag 1 data 41378
[    6.4685] open fd = 256
[    6.4711] open name host:/materials/night-cyan.mtl flag 1 data 41378
[    6.4732] open fd = 256
[    6.4752] open name host:/materials/night-pink.mtl flag 1 data 41378
[    6.4770] open fd = 256
[    6.4791] open name host:/models/urban/district-workshop.tmdl flag 1 data 41378
[    6.4815] open fd = 256
[    6.4856] open name host:/models/urban/Textures/district-facades.png flag 1 data 41378
[    6.4888] open fd = 256
[    6.4899] open name host:/models/urban/Textures/district-facades.png flag 1 data 41378
[    6.4927] open fd = 256
[    6.5170] open name host:/models/urban/district-tower.tmdl flag 1 data 41378
[    6.5199] open fd = 256
[    6.5229] open name host:/models/urban/district-loft.tmdl flag 1 data 41378
[    6.5254] open fd = 256
[    6.5282] open name host:/models/urban/detail-light-double.tmdl flag 1 data 41378
[    6.5310] open fd = 256
[    6.5406] open name host:/models/urban/Textures/metal.png flag 1 data 41378
[    6.5437] open fd = 256
[    6.5447] open name host:/models/urban/Textures/metal.png flag 1 data 41378
[    6.5473] open fd = 256
[    6.5582] open name host:/models/urban/detail-light-traffic.tmdl flag 1 data 41378
[    6.5609] open fd = 256
[    6.5720] open name host:/models/urban/Textures/roof.png flag 1 data 41378
[    6.5750] open fd = 256
[    6.5759] open name host:/models/urban/Textures/roof.png flag 1 data 41378
[    6.5788] open fd = 256
[    6.5820] open name host:/models/urban/tree-park-large.tmdl flag 1 data 41378
[    6.5846] open fd = 256
[    6.5922] open name host:/models/urban/Textures/treeA.png flag 1 data 41378
[    6.5955] open fd = 256
[    6.5967] open name host:/models/urban/Textures/treeA.png flag 1 data 41378
[    6.5995] open fd = 256
[    6.6100] open name host:/models/urban/Textures/tiles.png flag 1 data 41378
[    6.6129] open fd = 256
[    6.6139] open name host:/models/urban/Textures/tiles.png flag 1 data 41378
[    6.6166] open fd = 256
[    6.6199] open name host:/models/urban/Textures/dirt.png flag 1 data 41378
[    6.6233] open fd = 256
[    6.6246] open name host:/models/urban/Textures/dirt.png flag 1 data 41378
[    6.6273] open fd = 256
[    6.6306] open name host:/models/urban/tree-park-pine-large.tmdl flag 1 data 41378
[    6.6329] open fd = 256
[    6.6406] open name host:/models/urban/Textures/treeB.png flag 1 data 41378
[    6.6436] open fd = 256
[    6.6446] open name host:/models/urban/Textures/treeB.png flag 1 data 41378
[    6.6475] open fd = 256
[    6.6505] open name host:/models/urban/detail-barrier-type-a.tmdl flag 1 data 41378
[    6.6525] open fd = 256
[    6.6645] open name host:/models/urban/Textures/signs.png flag 1 data 41378
[    6.6673] open fd = 256
[    6.6683] open name host:/models/urban/Textures/signs.png flag 1 data 41378
[    6.6713] open fd = 256
[    6.6744] open name host:/models/urban/detail-dumpster-closed.tmdl flag 1 data 41378
[    6.6768] open fd = 256
[    6.6801] open name host:/models/urban/Textures/metal_wall.png flag 1 data 41378
[    6.6832] open fd = 256
[    6.6844] open name host:/models/urban/Textures/metal_wall.png flag 1 data 41378
[    6.6873] open fd = 256
[    6.6907] open name host:/models/urban/Textures/wall.png flag 1 data 41378
[    6.6942] open fd = 256
[    6.6953] open name host:/models/urban/Textures/wall.png flag 1 data 41378
[    6.6981] open fd = 256
[    6.7010] open name host:/models/urban/detail-bench.tmdl flag 1 data 41378
[    6.7034] open fd = 256
[    6.7190] open name host:/models/urban/Textures/planks.png flag 1 data 41378
[    6.7220] open fd = 256
[    6.7232] open name host:/models/urban/Textures/planks.png flag 1 data 41378
[    6.7259] open fd = 256
[    6.7291] open name host:/models/urban/pallet.tmdl flag 1 data 41378
[    6.7315] open fd = 256
[    6.7402] open name host:/vehicles/veh-ravager000001-body.tmdl flag 1 data 41378
[    6.7422] open fd = 256
[    6.8538] open name host:/vehicles/veh-ravager000001-palette.png flag 1 data 41378
[    6.8561] open fd = 256
[    6.8629] open name host:/vehicles/veh-ravager000001-palette.png flag 1 data 41378
[    6.8651] open fd = 256
[    6.8778] open name host:/vehicles/veh-ravager000001-palette-image-0.png flag 1 data 41378
[    6.8800] open fd = 256
[    6.8809] open name host:/vehicles/veh-ravager000001-palette-image-0.png flag 1 data 41378
[    6.8826] open fd = 256
[    6.9022] open name host:/vehicles/veh-pica00000001-body.tmdl flag 1 data 41378
[    6.9044] open fd = 256
[    7.0080] open name host:/vehicles/veh-pica00000001-palette.png flag 1 data 41378
[    7.0102] open fd = 256
[    7.0110] open name host:/vehicles/veh-pica00000001-palette.png flag 1 data 41378
[    7.0129] open fd = 256
[    7.0150] open name host:/vehicles/veh-pica00000001-palette-image-0.png flag 1 data 41378
[    7.0170] open fd = 256
[    7.0177] open name host:/vehicles/veh-pica00000001-palette-image-0.png flag 1 data 41378
[    7.0194] open fd = 256
[    7.0422] open name host:/vehicles/veh-strix0000001-body.tmdl flag 1 data 41378
[    7.0444] open fd = 256
[    7.1541] open name host:/vehicles/veh-strix0000001-palette.png flag 1 data 41378
[    7.1563] open fd = 256
[    7.1571] open name host:/vehicles/veh-strix0000001-palette.png flag 1 data 41378
[    7.1589] open fd = 256
[    7.1609] open name host:/vehicles/veh-strix0000001-palette-image-0.png flag 1 data 41378
[    7.1626] open fd = 256
[    7.1633] open name host:/vehicles/veh-strix0000001-palette-image-0.png flag 1 data 41378
[    7.1653] open fd = 256
[    7.1880] open name host:/sky/scene0.png flag 1 data 41378
[    7.1906] open fd = 256
[    7.1915] open name host:/sky/scene0.png flag 1 data 41378
[    7.1933] open fd = 256
[    7.4772] open name host:/vehicles/fx-skid.png flag 1 data 41378
[    7.4795] open fd = 256
[    7.4805] open name host:/vehicles/fx-skid.png flag 1 data 41378
[    7.4823] open fd = 256
[    7.4969] open name host:/vehicles/fx-smoke.png flag 1 data 41378
[    7.4992] open fd = 256
[    7.5001] open name host:/vehicles/fx-smoke.png flag 1 data 41378
[    7.5020] open fd = 256
[    7.5064] open name host:/log.txt flag 302 data 41378
[    7.5081] open fd = 256
[    7.5099] open name host:/vehicles/veh-ravager000001-wheel.tmdl flag 1 data 41378
[    7.5120] open fd = 256
[    7.5191] open name host:/vehicles/veh-ravager000001-wheelfast.tmdl flag 1 data 41378
[    7.5217] open fd = 256
[    7.5285] open name host:/fonts/atlas-default.png flag 1 data 41378
[    7.5305] open fd = 256
[    7.5433] open name host:/hud/icons.png flag 1 data 41378
[    7.5455] open fd = 256
[    7.5608] open name host:/hud/loading-white.png flag 1 data 41378
[    7.5631] open fd = 256
[    7.5653] open name host:/log.txt flag 302 data 41378
[    7.5673] open fd = 256
[    7.5688] open name host:/vehicles/veh-pica00000001-wheel.tmdl flag 1 data 41378
[    7.5708] open fd = 256
[    7.5783] open name host:/vehicles/veh-pica00000001-wheelfast.tmdl flag 1 data 41378
[    7.5802] open fd = 256
[    7.5926] open name host:/log.txt flag 302 data 41378
[    7.5937] open fd = 256
[    7.5952] open name host:/vehicles/veh-strix0000001-wheel.tmdl flag 1 data 41378
[    7.5972] open fd = 256
[    7.6043] open name host:/vehicles/veh-strix0000001-wheelfast.tmdl flag 1 data 41378
[    7.6062] open fd = 256
[    7.6166] open name host:/log.txt flag 302 data 41378
[    7.6183] open fd = 256
[    7.6201] open name host:/log.txt flag 302 data 41378
[    7.6216] open fd = 256
[    7.6234] open name host:/log.txt flag 302 data 41378
[    7.6250] open fd = 256
[    7.6275] open name host:/textures/district-road.png flag 1 data 41378
[    7.6296] open fd = 256
[    7.6303] open name host:/textures/district-road.png flag 1 data 41378
[    7.6321] open fd = 256
[    7.7581] open name host:/textures/district-asphalt.png flag 1 data 41378
[    7.7603] open fd = 256
[    7.7612] open name host:/textures/district-asphalt.png flag 1 data 41378
[    7.7630] open fd = 256
[    7.7691] open name host:/textures/district-plaza.png flag 1 data 41378
[    7.7713] open fd = 256
[    7.7721] open name host:/textures/district-plaza.png flag 1 data 41378
[    7.7741] open fd = 256
[    7.7887] open name host:/log.txt flag 302 data 41378
[    7.7903] open fd = 256
[    7.8040] open name host:/log.txt flag 302 data 41378
[    7.8058] open fd = 256
[    7.8074] open name host:/log.txt flag 302 data 41378
[    7.8090] open fd = 256
[    7.8178] open name host:/gshadow/s0_2_1.png flag 1 data 41378
[    7.8198] open fd = 256
[    7.8205] open name host:/gshadow/s0_2_1.png flag 1 data 41378
[    7.8222] open fd = 256
[    7.8340] open name host:/log.txt flag 302 data 41378
[    7.8356] open fd = 256
[    7.8378] open name host:/log.txt flag 302 data 41378
[    7.8393] open fd = 256
[    7.8412] open name host:/gshadow/s0_1_1.png flag 1 data 41378
[    7.8432] open fd = 256
[    7.8439] open name host:/gshadow/s0_1_1.png flag 1 data 41378
[    7.8457] open fd = 256
[    7.8551] open name host:/log.txt flag 302 data 41378
[    7.8569] open fd = 256
[    7.8586] open name host:/gshadow/s0_3_1.png flag 1 data 41378
[    7.8606] open fd = 256
[    7.8614] open name host:/gshadow/s0_3_1.png flag 1 data 41378
[    7.8631] open fd = 256
[    7.8661] open name host:/log.txt flag 302 data 41378
[    7.8676] open fd = 256
[    7.8694] open name host:/log.txt flag 302 data 41378
[    7.8709] open fd = 256
[    7.8727] open name host:/gshadow/s0_2_2.png flag 1 data 41378
[    7.8747] open fd = 256
[    7.8754] open name host:/gshadow/s0_2_2.png flag 1 data 41378
[    7.8773] open fd = 256
[    7.8866] open name host:/log.txt flag 302 data 41378
[    7.8883] open fd = 256
[    7.8899] open name host:/log.txt flag 302 data 41378
[    7.8914] open fd = 256
[    7.8928] open name host:/gshadow/s0_1_2.png flag 1 data 41378
[    7.8947] open fd = 256
[    7.8954] open name host:/gshadow/s0_1_2.png flag 1 data 41378
[    7.8973] open fd = 256
[    7.9003] open name host:/log.txt flag 302 data 41378
[    7.9019] open fd = 256
[    7.9042] open name host:/gshadow/s0_3_2.png flag 1 data 41378
[    7.9059] open fd = 256
[    7.9066] open name host:/gshadow/s0_3_2.png flag 1 data 41378
[    7.9084] open fd = 256
[    7.9291] open name host:/log.txt flag 302 data 41378
[    7.9307] open fd = 256
[    7.9323] open name host:/gshadow/s0_0_1.png flag 1 data 41378
[    7.9343] open fd = 256
[    7.9350] open name host:/gshadow/s0_0_1.png flag 1 data 41378
[    7.9368] open fd = 256
[    7.9396] open name host:/log.txt flag 302 data 41378
[    7.9410] open fd = 256
[    7.9425] open name host:/gshadow/s0_4_1.png flag 1 data 41378
[    7.9443] open fd = 256
[    7.9451] open name host:/gshadow/s0_4_1.png flag 1 data 41378
[    7.9469] open fd = 256
[    7.9498] open name host:/log.txt flag 302 data 41378
[    7.9512] open fd = 256
[    7.9599] open name host:/log.txt flag 302 data 41378
[    7.9614] open fd = 256
[    7.9629] open name host:/gshadow/s0_4_0.png flag 1 data 41378
[    7.9648] open fd = 256
[    7.9655] open name host:/gshadow/s0_4_0.png flag 1 data 41378
[    7.9673] open fd = 256
[    7.9701] open name host:/log.txt flag 302 data 41378
[    7.9716] open fd = 256
[    7.9731] open name host:/gshadow/s0_2_3.png flag 1 data 41378
[    7.9751] open fd = 256
[    7.9758] open name host:/gshadow/s0_2_3.png flag 1 data 41378
[    7.9776] open fd = 256
[    7.9804] open name host:/log.txt flag 302 data 41378
[    7.9819] open fd = 256
[    7.9834] open name host:/gshadow/s0_0_2.png flag 1 data 41378
[    7.9853] open fd = 256
[    7.9860] open name host:/gshadow/s0_0_2.png flag 1 data 41378
[    7.9878] open fd = 256
[    7.9974] open name host:/log.txt flag 302 data 41378
[    7.9989] open fd = 256
[    8.0004] open name host:/gshadow/s0_4_2.png flag 1 data 41378
[    8.0023] open fd = 256
[    8.0031] open name host:/gshadow/s0_4_2.png flag 1 data 41378
[    8.0049] open fd = 256
[    8.0079] open name host:/log.txt flag 302 data 41378
[    8.0094] open fd = 256
[    8.0107] open name host:/gshadow/s0_1_3.png flag 1 data 41378
[    8.0122] open fd = 256
[    8.0128] open name host:/gshadow/s0_1_3.png flag 1 data 41378
[    8.0143] open fd = 256
[    8.0354] open name host:/log.txt flag 302 data 41378
[    8.0372] open fd = 256
[    8.0392] open name host:/gshadow/s0_3_3.png flag 1 data 41378
[    8.0412] open fd = 256
[    8.0420] open name host:/gshadow/s0_3_3.png flag 1 data 41378
[    8.0438] open fd = 256
[    8.0468] open name host:/log.txt flag 302 data 41378
[    8.0482] open fd = 256
[    8.0498] open name host:/gshadow/s0_0_3.png flag 1 data 41378
[    8.0517] open fd = 256
[    8.0524] open name host:/gshadow/s0_0_3.png flag 1 data 41378
[    8.0542] open fd = 256
[    8.0571] open name host:/log.txt flag 302 data 41378
[    8.0585] open fd = 256
[    8.0605] open name host:/gshadow/s0_4_3.png flag 1 data 41378
[    8.0626] open fd = 256
[    8.0634] open name host:/gshadow/s0_4_3.png flag 1 data 41378
[    8.0652] open fd = 256
[    8.0765] open name host:/log.txt flag 302 data 41378
[    8.0781] open fd = 256
[    8.0803] open name host:/log.txt flag 302 data 41378
[    8.0818] open fd = 256
[    8.0837] open name host:/livepad.bin flag 1 data 41378
[    8.0847] open fd = -5
[    8.0944] open name host:/livepad.bin flag 1 data 41378
[    8.0957] open fd = -5
[    8.1099] open name host:/livepad.bin flag 1 data 41378
[    8.1110] open fd = -5
[    8.1276] open name host:/livepad.bin flag 1 data 41378
[    8.1290] open fd = -5
[    8.1438] open name host:/livepad.bin flag 1 data 41378
[    8.1454] open fd = -5
[    8.1594] open name host:/livepad.bin flag 1 data 41378
[    8.1607] open fd = -5
[    8.1771] open name host:/livepad.bin flag 1 data 41378
[    8.1783] open fd = -5
[    8.1939] open name host:/livepad.bin flag 1 data 41378
[    8.1951] open fd = -5
[    8.2101] open name host:/livepad.bin flag 1 data 41378
[    8.2115] open fd = -5
[    8.2283] open name host:/livepad.bin flag 1 data 41378
[    8.2287] open fd = -5
[    8.2451] open name host:/livepad.bin flag 1 data 41378
[    8.2466] open fd = -5
[    8.2617] open name host:/livepad.bin flag 1 data 41378
[    8.2631] open fd = -5
[    8.2780] open name host:/livepad.bin flag 1 data 41378
[    8.2793] open fd = -5
[    8.2948] open name host:/livepad.bin flag 1 data 41378
[    8.2962] open fd = -5
[    8.3113] open name host:/livepad.bin flag 1 data 41378
[    8.3127] open fd = -5
[    8.3277] open name host:/livepad.bin flag 1 data 41378
[    8.3292] open fd = -5
[    8.3448] open name host:/livepad.bin flag 1 data 41378
[    8.3461] open fd = -5
[    8.3612] open name host:/livepad.bin flag 1 data 41378
[    8.3626] open fd = -5
[    8.3769] open name host:/livepad.bin flag 1 data 41378
[    8.3785] open fd = -5
[    8.3935] open name host:/livepad.bin flag 1 data 41378
[    8.3947] open fd = -5
[    8.4101] open name host:/livepad.bin flag 1 data 41378
[    8.4114] open fd = -5
[    8.4264] open name host:/livepad.bin flag 1 data 41378
[    8.4276] open fd = -5
[    8.4438] open name host:/livepad.bin flag 1 data 41378
[    8.4443] open fd = -5
[    8.4608] open name host:/livepad.bin flag 1 data 41378
[    8.4620] open fd = -5
[    8.4772] open name host:/livepad.bin flag 1 data 41378
[    8.4785] open fd = -5
[    8.4939] open name host:/livepad.bin flag 1 data 41378
[    8.4955] open fd = -5
[    8.5125] open name host:/livepad.bin flag 1 data 41378
[    8.5142] open fd = -5
[    8.5288] open name host:/livepad.bin flag 1 data 41378
[    8.5303] open fd = -5
[    8.5462] open name host:/livepad.bin flag 1 data 41378
[    8.5477] open fd = -5
[    8.5636] open name host:/livepad.bin flag 1 data 41378
[    8.5654] open fd = -5
[    8.5821] open name host:/livepad.bin flag 1 data 41378
[    8.5838] open fd = -5
[    8.5984] open name host:/livepad.bin flag 1 data 41378
[    8.6000] open fd = -5
[    8.6131] open name host:/livepad.bin flag 1 data 41378
[    8.6143] open fd = -5
[    8.6273] open name host:/livepad.bin flag 1 data 41378
[    8.6286] open fd = -5
[    8.6432] open name host:/livepad.bin flag 1 data 41378
[    8.6447] open fd = -5
[    8.6605] open name host:/livepad.bin flag 1 data 41378
[    8.6617] open fd = -5
[    8.6768] open name host:/livepad.bin flag 1 data 41378
[    8.6780] open fd = -5
[    8.6794] open name host:/livedbg.bin flag 602 data 41378
[    8.6819] open fd = 256
[    8.6866] open name host:/log.txt flag 302 data 41378
[    8.6881] open fd = 256
[    8.6998] open name host:/log.txt flag 302 data 41378
[    8.7014] open fd = 256
[    8.7219] open name host:/log.txt flag 302 data 41378
[    8.7238] open fd = 256
[    8.7320] open name host:/log.txt flag 302 data 41378
[    8.7336] open fd = 256
[    8.7358] open name host:/log.txt flag 302 data 41378
[    8.7372] open fd = 256
[    8.7391] open name host:/log.txt flag 302 data 41378
[    8.7420] open fd = 256
[    8.7501] open name host:/log.txt flag 302 data 41378
[    8.7516] open fd = 256
[    8.7533] open name host:/log.txt flag 302 data 41378
[    8.7548] open fd = 256
[    8.7605] open name host:/log.txt flag 302 data 41378
[    8.7622] open fd = 256
[    8.8035] open name host:/log.txt flag 302 data 41378
[    8.8053] open fd = 256
[    8.8136] open name host:/log.txt flag 302 data 41378
[    8.8151] open fd = 256
[    8.8500] open name host:/log.txt flag 302 data 41378
[    8.8523] open fd = 256
[    8.8930] microVU1: Cached Prog = [000] [PC=2590] [List=01] (Cache=0.000%) [0.0mb]
[    8.8938] microVU1: 3 cycle stall on branch instruction [2b28]
[    8.8946] microVU1: Cached Prog = [001] [PC=1a30] [List=01] (Cache=0.130%) [0.1mb]
[    8.8946] microVU1: 1 cycle stall on branch instruction [1ae8]
[    8.8946] microVU1: 3 cycle stall on branch instruction [1ba0]
[    8.8950] microVU1: 3 cycle stall on branch instruction [2520]
[    8.8950] microVU1: 3 cycle stall on branch instruction [1ba0]
[    8.8954] microVU1: 3 cycle stall on branch instruction [2520]
[    8.8955] microVU1: 3 cycle stall on branch instruction [1ba0]
[    8.8956] microVU1: 3 cycle stall on branch instruction [2520]
[    8.8957] microVU1: 3 cycle stall on branch instruction [1ba0]
[    8.8962] microVU1: 3 cycle stall on branch instruction [2520]
[    8.8962] microVU1: 3 cycle stall on branch instruction [1ba0]
[    8.8966] microVU1: 3 cycle stall on branch instruction [2520]
[    8.8967] microVU1: 3 cycle stall on branch instruction [1ba0]
[    8.8969] microVU1: 3 cycle stall on branch instruction [2520]
[    8.8969] microVU1: 3 cycle stall on branch instruction [1ba0]
[    8.8971] microVU1: 3 cycle stall on branch instruction [2520]
[    8.8972] microVU1: 3 cycle stall on branch instruction [1ba0]
[    8.8972] microVU1: 3 cycle stall on branch instruction [1fc0]
[    8.8974] microVU1: 3 cycle stall on branch instruction [2520]
[    8.8975] microVU1: 3 cycle stall on branch instruction [1ba0]
[    8.8976] microVU1: 3 cycle stall on branch instruction [2520]
[    8.8976] microVU1: 3 cycle stall on branch instruction [1ba0]
[    8.8982] microVU1: 3 cycle stall on branch instruction [2520]
[    8.8983] microVU1: 3 cycle stall on branch instruction [1ba0]
[    8.8985] microVU1: 3 cycle stall on branch instruction [2520]
[    8.8986] microVU1: 3 cycle stall on branch instruction [1ba0]
[    8.8992] microVU1: 3 cycle stall on branch instruction [2520]
[    8.8992] microVU1: 3 cycle stall on branch instruction [1ba0]
[    8.8995] microVU1: 3 cycle stall on branch instruction [2520]
[    8.8995] microVU1: 3 cycle stall on branch instruction [1ba0]
[    8.9001] microVU1: 3 cycle stall on branch instruction [2520]
[    8.9001] microVU1: 3 cycle stall on branch instruction [1ba0]
[    8.9010] microVU1: 3 cycle stall on branch instruction [1fc0]
[    8.9011] microVU1: 3 cycle stall on branch instruction [2520]
[    8.9011] microVU1: 3 cycle stall on branch instruction [1ba0]
[    8.9012] microVU1: 3 cycle stall on branch instruction [1fc0]
[    8.9014] microVU1: 3 cycle stall on branch instruction [1fc0]
[    8.9015] microVU1: 3 cycle stall on branch instruction [2520]
[    8.9015] microVU1: 3 cycle stall on branch instruction [1ba0]
[    8.9017] microVU1: 3 cycle stall on branch instruction [1fc0]
[    8.9018] microVU1: 3 cycle stall on branch instruction [1fc0]
[    8.9021] microVU1: 3 cycle stall on branch instruction [1fc0]
[    8.9022] microVU1: 3 cycle stall on branch instruction [1fc0]
[    8.9025] microVU1: 3 cycle stall on branch instruction [1fc0]
[    8.9026] microVU1: 3 cycle stall on branch instruction [1fc0]
[    8.9031] microVU1: 3 cycle stall on branch instruction [1fc0]
[    8.9032] microVU1: 3 cycle stall on branch instruction [1fc0]
[    8.9033] microVU1: 3 cycle stall on branch instruction [1fc0]
[    8.9034] microVU1: 3 cycle stall on branch instruction [1fc0]
[    8.9035] microVU1: 3 cycle stall on branch instruction [1fc0]
[    8.9036] microVU1: 3 cycle stall on branch instruction [1fc0]
[    8.9038] microVU1: 3 cycle stall on branch instruction [1ba0]
[    8.9039] microVU1: Cached Prog = [002] [PC=2578] [List=01] (Cache=0.850%) [0.5mb]
[    8.9039] microVU1: 1 cycle stall on branch instruction [1ae8]
[    8.9039] microVU1: 3 cycle stall on branch instruction [1ba0]
[    8.9043] microVU1: 3 cycle stall on branch instruction [2520]
[    8.9043] microVU1: 3 cycle stall on branch instruction [1ba0]
[    8.9046] microVU1: 3 cycle stall on branch instruction [2520]
[    8.9046] microVU1: 3 cycle stall on branch instruction [1ba0]
[    8.9047] microVU1: 3 cycle stall on branch instruction [2520]
[    8.9048] microVU1: 3 cycle stall on branch instruction [1ba0]
[    8.9051] microVU1: 3 cycle stall on branch instruction [2520]
[    8.9051] microVU1: 3 cycle stall on branch instruction [1ba0]
[    8.9054] microVU1: 3 cycle stall on branch instruction [2520]
[    8.9054] microVU1: 3 cycle stall on branch instruction [1ba0]
[    8.9055] microVU1: 3 cycle stall on branch instruction [2520]
[    8.9055] microVU1: 3 cycle stall on branch instruction [1ba0]
[    8.9058] microVU1: 3 cycle stall on branch instruction [2520]
[    8.9058] microVU1: 3 cycle stall on branch instruction [1ba0]
[    8.9058] microVU1: 3 cycle stall on branch instruction [1fc0]
[    8.9060] microVU1: 3 cycle stall on branch instruction [2520]
[    8.9060] microVU1: 3 cycle stall on branch instruction [1ba0]
[    8.9062] microVU1: 3 cycle stall on branch instruction [2520]
[    8.9063] microVU1: 3 cycle stall on branch instruction [1ba0]
[    8.9067] microVU1: 3 cycle stall on branch instruction [2520]
[    8.9067] microVU1: 3 cycle stall on branch instruction [1ba0]
[    8.9068] microVU1: 3 cycle stall on branch instruction [2520]
[    8.9068] microVU1: 3 cycle stall on branch instruction [1ba0]
[    8.9074] microVU1: 3 cycle stall on branch instruction [2520]
[    8.9074] microVU1: 3 cycle stall on branch instruction [1ba0]
[    8.9076] microVU1: 3 cycle stall on branch instruction [2520]
[    8.9076] microVU1: 3 cycle stall on branch instruction [1ba0]
[    8.9080] microVU1: 3 cycle stall on branch instruction [2520]
[    8.9080] microVU1: 3 cycle stall on branch instruction [1ba0]
[    8.9086] microVU1: 3 cycle stall on branch instruction [1fc0]
[    8.9087] microVU1: 3 cycle stall on branch instruction [2520]
[    8.9088] microVU1: 3 cycle stall on branch instruction [1ba0]
[    8.9089] microVU1: 3 cycle stall on branch instruction [1fc0]
[    8.9091] microVU1: 3 cycle stall on branch instruction [1fc0]
[    8.9091] microVU1: 3 cycle stall on branch instruction [2520]
[    8.9091] microVU1: 3 cycle stall on branch instruction [1ba0]
[    8.9093] microVU1: 3 cycle stall on branch instruction [1fc0]
[    8.9095] microVU1: 3 cycle stall on branch instruction [1fc0]
[    8.9097] microVU1: 3 cycle stall on branch instruction [1fc0]
[    8.9098] microVU1: 3 cycle stall on branch instruction [1fc0]
[    8.9100] microVU1: 3 cycle stall on branch instruction [1fc0]
[    8.9101] microVU1: 3 cycle stall on branch instruction [1fc0]
[    8.9104] microVU1: 3 cycle stall on branch instruction [1fc0]
[    8.9106] microVU1: 3 cycle stall on branch instruction [1fc0]
[    8.9107] microVU1: 3 cycle stall on branch instruction [1fc0]
[    8.9108] microVU1: 3 cycle stall on branch instruction [1fc0]
[    8.9109] microVU1: 3 cycle stall on branch instruction [1fc0]
[    8.9110] microVU1: 3 cycle stall on branch instruction [1fc0]
[    8.9111] microVU1: 3 cycle stall on branch instruction [1ba0]
[    8.9116] microVU1: Cached Prog = [003] [PC=2f08] [List=01] (Cache=1.570%) [1.0mb]
[    8.9121] microVU1: 3 cycle stall on branch instruction [2b28]
[    8.9136] microVU1: Cached Prog = [004] [PC=0000] [List=01] (Cache=1.700%) [1.0mb]
[    8.9148] microVU1: Cached Prog = [005] [PC=0710] [List=01] (Cache=1.793%) [1.1mb]
[    8.9148] microVU1: 2 cycle stall on branch instruction [07c8]
[    8.9152] microVU1: 3 cycle stall on branch instruction [1108]
[    8.9152] microVU1: 3 cycle stall on branch instruction [1130]
[    8.9155] microVU1: 3 cycle stall on branch instruction [1108]
[    8.9155] microVU1: 3 cycle stall on branch instruction [1130]
[    8.9156] microVU1: 3 cycle stall on branch instruction [1108]
[    8.9157] microVU1: 3 cycle stall on branch instruction [1130]
[    8.9161] microVU1: 3 cycle stall on branch instruction [1108]
[    8.9161] microVU1: 3 cycle stall on branch instruction [1130]
[    8.9163] microVU1: 3 cycle stall on branch instruction [1108]
[    8.9163] microVU1: 3 cycle stall on branch instruction [1130]
[    8.9164] microVU1: 3 cycle stall on branch instruction [1108]
[    8.9164] microVU1: 3 cycle stall on branch instruction [1130]
[    8.9166] microVU1: 3 cycle stall on branch instruction [1108]
[    8.9166] microVU1: 3 cycle stall on branch instruction [1130]
[    8.9166] microVU1: 3 cycle stall on branch instruction [09e8]
[    8.9167] microVU1: 3 cycle stall on branch instruction [0a70]
[    8.9168] microVU1: 3 cycle stall on branch instruction [1108]
[    8.9168] microVU1: 3 cycle stall on branch instruction [1130]
[    8.9171] microVU1: 3 cycle stall on branch instruction [1108]
[    8.9172] microVU1: 3 cycle stall on branch instruction [1130]
[    8.9173] microVU1: 3 cycle stall on branch instruction [1108]
[    8.9173] microVU1: 3 cycle stall on branch instruction [1130]
[    8.9177] microVU1: 3 cycle stall on branch instruction [1108]
[    8.9178] microVU1: 3 cycle stall on branch instruction [1130]
[    8.9181] microVU1: 3 cycle stall on branch instruction [1108]
[    8.9181] microVU1: 3 cycle stall on branch instruction [1130]
[    8.9182] microVU1: 3 cycle stall on branch instruction [1108]
[    8.9182] microVU1: 3 cycle stall on branch instruction [1130]
[    8.9188] microVU1: 3 cycle stall on branch instruction [1108]
[    8.9188] microVU1: 3 cycle stall on branch instruction [1130]
[    8.9189] microVU1: 3 cycle stall on branch instruction [09e8]
[    8.9190] microVU1: 3 cycle stall on branch instruction [0a70]
[    8.9192] microVU1: 3 cycle stall on branch instruction [09e8]
[    8.9193] microVU1: 3 cycle stall on branch instruction [0a70]
[    8.9195] microVU1: 3 cycle stall on branch instruction [09e8]
[    8.9195] microVU1: 3 cycle stall on branch instruction [0a70]
[    8.9197] microVU1: 3 cycle stall on branch instruction [1108]
[    8.9197] microVU1: 3 cycle stall on branch instruction [1130]
[    8.9199] microVU1: 3 cycle stall on branch instruction [09e8]
[    8.9199] microVU1: 3 cycle stall on branch instruction [0a70]
[    8.9200] microVU1: 3 cycle stall on branch instruction [09e8]
[    8.9200] microVU1: 3 cycle stall on branch instruction [0a70]
[    8.9202] microVU1: 3 cycle stall on branch instruction [1108]
[    8.9202] microVU1: 3 cycle stall on branch instruction [1130]
[    8.9204] microVU1: 3 cycle stall on branch instruction [09e8]
[    8.9204] microVU1: 3 cycle stall on branch instruction [0a70]
[    8.9206] microVU1: 3 cycle stall on branch instruction [09e8]
[    8.9206] microVU1: 3 cycle stall on branch instruction [0a70]
[    8.9208] microVU1: 3 cycle stall on branch instruction [09e8]
[    8.9208] microVU1: 3 cycle stall on branch instruction [0a70]
[    8.9209] microVU1: 3 cycle stall on branch instruction [09e8]
[    8.9210] microVU1: 3 cycle stall on branch instruction [0a70]
[    8.9212] microVU1: 3 cycle stall on branch instruction [09e8]
[    8.9212] microVU1: 3 cycle stall on branch instruction [0a70]
[    8.9214] microVU1: 3 cycle stall on branch instruction [09e8]
[    8.9214] microVU1: 3 cycle stall on branch instruction [0a70]
[    8.9215] microVU1: 3 cycle stall on branch instruction [09e8]
[    8.9216] microVU1: 3 cycle stall on branch instruction [0a70]
[    8.9217] microVU1: 3 cycle stall on branch instruction [09e8]
[    8.9217] microVU1: 3 cycle stall on branch instruction [0a70]
[    8.9219] microVU1: 3 cycle stall on branch instruction [09e8]
[    8.9219] microVU1: 3 cycle stall on branch instruction [0a70]
[    8.9220] microVU1: 3 cycle stall on branch instruction [09e8]
[    8.9220] microVU1: 3 cycle stall on branch instruction [0a70]
[    8.9222] microVU1: 3 cycle stall on branch instruction [07f0]
[    8.9223] microVU1: Cached Prog = [006] [PC=1188] [List=01] (Cache=2.594%) [1.6mb]
[    8.9223] microVU1: 2 cycle stall on branch instruction [07c8]
[    8.9226] microVU1: 3 cycle stall on branch instruction [1108]
[    8.9226] microVU1: 3 cycle stall on branch instruction [1130]
[    8.9228] microVU1: 3 cycle stall on branch instruction [1108]
[    8.9229] microVU1: 3 cycle stall on branch instruction [1130]
[    8.9230] microVU1: 3 cycle stall on branch instruction [1108]
[    8.9230] microVU1: 3 cycle stall on branch instruction [1130]
[    8.9233] microVU1: 3 cycle stall on branch instruction [1108]
[    8.9233] microVU1: 3 cycle stall on branch instruction [1130]
[    8.9236] microVU1: 3 cycle stall on branch instruction [1108]
[    8.9236] microVU1: 3 cycle stall on branch instruction [1130]
[    8.9237] microVU1: 3 cycle stall on branch instruction [1108]
[    8.9238] microVU1: 3 cycle stall on branch instruction [1130]
[    8.9239] microVU1: 3 cycle stall on branch instruction [1108]
[    8.9239] microVU1: 3 cycle stall on branch instruction [1130]
[    8.9240] microVU1: 3 cycle stall on branch instruction [09e8]
[    8.9240] microVU1: 3 cycle stall on branch instruction [0a70]
[    8.9241] microVU1: 3 cycle stall on branch instruction [1108]
[    8.9241] microVU1: 3 cycle stall on branch instruction [1130]
[    8.9244] microVU1: 3 cycle stall on branch instruction [1108]
[    8.9244] microVU1: 3 cycle stall on branch instruction [1130]
[    8.9245] microVU1: 3 cycle stall on branch instruction [1108]
[    8.9246] microVU1: 3 cycle stall on branch instruction [1130]
[    8.9250] microVU1: 3 cycle stall on branch instruction [1108]
[    8.9250] microVU1: 3 cycle stall on branch instruction [1130]
[    8.9252] microVU1: 3 cycle stall on branch instruction [1108]
[    8.9252] microVU1: 3 cycle stall on branch instruction [1130]
[    8.9254] microVU1: 3 cycle stall on branch instruction [1108]
[    8.9254] microVU1: 3 cycle stall on branch instruction [1130]
[    8.9260] microVU1: 3 cycle stall on branch instruction [1108]
[    8.9261] microVU1: 3 cycle stall on branch instruction [1130]
[    8.9261] microVU1: 3 cycle stall on branch instruction [09e8]
[    8.9262] microVU1: 3 cycle stall on branch instruction [0a70]
[    8.9264] microVU1: 3 cycle stall on branch instruction [09e8]
[    8.9265] microVU1: 3 cycle stall on branch instruction [0a70]
[    8.9266] microVU1: 3 cycle stall on branch instruction [09e8]
[    8.9266] microVU1: 3 cycle stall on branch instruction [0a70]
[    8.9268] microVU1: 3 cycle stall on branch instruction [1108]
[    8.9268] microVU1: 3 cycle stall on branch instruction [1130]
[    8.9270] microVU1: 3 cycle stall on branch instruction [09e8]
[    8.9271] microVU1: 3 cycle stall on branch instruction [0a70]
[    8.9272] microVU1: 3 cycle stall on branch instruction [09e8]
[    8.9272] microVU1: 3 cycle stall on branch instruction [0a70]
[    8.9274] microVU1: 3 cycle stall on branch instruction [1108]
[    8.9274] microVU1: 3 cycle stall on branch instruction [1130]
[    8.9275] microVU1: 3 cycle stall on branch instruction [09e8]
[    8.9275] microVU1: 3 cycle stall on branch instruction [0a70]
[    8.9277] microVU1: 3 cycle stall on branch instruction [09e8]
[    8.9277] microVU1: 3 cycle stall on branch instruction [0a70]
[    8.9279] microVU1: 3 cycle stall on branch instruction [09e8]
[    8.9279] microVU1: 3 cycle stall on branch instruction [0a70]
[    8.9281] microVU1: 3 cycle stall on branch instruction [09e8]
[    8.9281] microVU1: 3 cycle stall on branch instruction [0a70]
[    8.9283] microVU1: 3 cycle stall on branch instruction [09e8]
[    8.9283] microVU1: 3 cycle stall on branch instruction [0a70]
[    8.9285] microVU1: 3 cycle stall on branch instruction [09e8]
[    8.9285] microVU1: 3 cycle stall on branch instruction [0a70]
[    8.9286] microVU1: 3 cycle stall on branch instruction [09e8]
[    8.9287] microVU1: 3 cycle stall on branch instruction [0a70]
[    8.9289] microVU1: 3 cycle stall on branch instruction [09e8]
[    8.9289] microVU1: 3 cycle stall on branch instruction [0a70]
[    8.9290] microVU1: 3 cycle stall on branch instruction [09e8]
[    8.9291] microVU1: 3 cycle stall on branch instruction [0a70]
[    8.9292] microVU1: 3 cycle stall on branch instruction [09e8]
[    8.9292] microVU1: 3 cycle stall on branch instruction [0a70]
[    8.9294] microVU1: 3 cycle stall on branch instruction [07f0]
[    9.0135] open name host:/log.txt flag 302 data 41378
[    9.0153] open fd = 256
[    9.0180] open name host:/log.txt flag 302 data 41378
[    9.0197] open fd = 256
[    9.0331] open name host:/log.txt flag 302 data 41378
[    9.0347] open fd = 256
[    9.0430] open name host:/log.txt flag 302 data 41378
[    9.0448] open fd = 256
[    9.0611] microVU1: Cached Prog = [007] [PC=0700] [List=01] (Cache=3.396%) [2.1mb]
[    9.0626] microVU1: Cached Prog = [008] [PC=2f20] [List=01] (Cache=3.489%) [2.1mb]
[    9.0631] microVU1: Cached Prog = [009] [PC=3300] [List=01] (Cache=3.541%) [2.2mb]
[    9.0942] open name host:/hud/debugfont.png flag 1 data 41378
[    9.0964] open fd = 256
[    9.1019] open name host:/livepad.bin flag 1 data 41378
[    9.1032] open fd = -5
[    9.1174] open name host:/log.txt flag 302 data 41378
[    9.1191] open fd = 256
[    9.1212] open name host:/log.txt flag 302 data 41378
[    9.1228] open fd = 256
[    9.1272] open name host:/log.txt flag 302 data 41378
[    9.1287] open fd = 256
[    9.1314] open name host:/log.txt flag 302 data 41378
[    9.1328] open fd = 256
[    9.1551] open name host:/livepad.bin flag 1 data 41378
[    9.1563] open fd = -5
[    9.1604] open name host:/log.txt flag 302 data 41378
[    9.1621] open fd = 256
[    9.1643] open name host:/log.txt flag 302 data 41378
[    9.1658] open fd = 256
[    9.1948] open name host:/livepad.bin flag 1 data 41378
[    9.1959] open fd = -5
[    9.1988] open name host:/log.txt flag 302 data 41378
[    9.2005] open fd = 256
[    9.2025] open name host:/log.txt flag 302 data 41378
[    9.2042] open fd = 256
[    9.2228] open name host:/livepad.bin flag 1 data 41378
[    9.2241] open fd = -5
[    9.2266] open name host:/log.txt flag 302 data 41378
[    9.2283] open fd = 256
[    9.2303] open name host:/log.txt flag 302 data 41378
[    9.2321] open fd = 256
[    9.2534] open name host:/livepad.bin flag 1 data 41378
[    9.2552] open fd = -5
[    9.2577] open name host:/log.txt flag 302 data 41378
[    9.2602] open fd = 256
[    9.2625] open name host:/log.txt flag 302 data 41378
[    9.2644] open fd = 256
[    9.2828] open name host:/livepad.bin flag 1 data 41378
[    9.2847] open fd = -5
[    9.2885] open name host:/log.txt flag 302 data 41378
[    9.2907] open fd = 256
[    9.2922] open name host:/log.txt flag 302 data 41378
[    9.2929] open fd = 256
[    9.3199] open name host:/livepad.bin flag 1 data 41378
[    9.3213] open fd = -5
[    9.3234] open name host:/log.txt flag 302 data 41378
[    9.3251] open fd = 256
[    9.3270] open name host:/log.txt flag 302 data 41378
[    9.3288] open fd = 256
[    9.3453] open name host:/livepad.bin flag 1 data 41378
[    9.3469] open fd = -5
[    9.3496] open name host:/log.txt flag 302 data 41378
[    9.3514] open fd = 256
[    9.3530] open name host:/log.txt flag 302 data 41378
[    9.3549] open fd = 256
[    9.3741] open name host:/livepad.bin flag 1 data 41378
[    9.3758] open fd = -5
[    9.3773] microVU1: Cached Prog = [010] [PC=3610] [List=01] (Cache=3.593%) [2.2mb]
[    9.3774] open name host:/log.txt flag 302 data 41378
[    9.3776] microVU1: Cached Prog = [011] [PC=3970] [List=01] (Cache=3.609%) [2.2mb]
[    9.3795] open fd = 256
[    9.3968] open name host:/livepad.bin flag 1 data 41378
[    9.3975] open fd = -5
[    9.4143] open name host:/livepad.bin flag 1 data 41378
[    9.4155] open fd = -5
[    9.4327] open name host:/livepad.bin flag 1 data 41378
[    9.4339] open fd = -5
[    9.4516] open name host:/livepad.bin flag 1 data 41378
[    9.4532] open fd = -5
[    9.4698] open name host:/livepad.bin flag 1 data 41378
[    9.4712] open fd = -5
[    9.4872] open name host:/livepad.bin flag 1 data 41378
[    9.4884] open fd = -5
[    9.5052] open name host:/livepad.bin flag 1 data 41378
[    9.5061] open fd = -5
[    9.5240] open name host:/livepad.bin flag 1 data 41378
[    9.5254] open fd = -5
[    9.5444] open name host:/livepad.bin flag 1 data 41378
[    9.5458] open fd = -5
[    9.5657] open name host:/livepad.bin flag 1 data 41378
[    9.5670] open fd = -5
[    9.5692] open name host:/log.txt flag 302 data 41378
[    9.5711] open fd = 256
[    9.5908] open name host:/livepad.bin flag 1 data 41378
[    9.5923] open fd = -5
[    9.5927] open name host:/livedbg.cmd flag 1 data 41378
[    9.5940] open fd = -5
[    9.5984] open name host:/log.txt flag 302 data 41378
[    9.6000] open fd = 256
[    9.6173] open name host:/livepad.bin flag 1 data 41378
[    9.6186] open fd = -5
[    9.6219] open name host:/log.txt flag 302 data 41378
[    9.6242] open fd = 256
[    9.6400] open name host:/livepad.bin flag 1 data 41378
[    9.6414] open fd = -5
[    9.6605] open name host:/livepad.bin flag 1 data 41378
[    9.6621] open fd = -5
[    9.6813] open name host:/livepad.bin flag 1 data 41378
[    9.6831] open fd = -5
[    9.6999] open name host:/livepad.bin flag 1 data 41378
[    9.7016] open fd = -5
[    9.7187] open name host:/livepad.bin flag 1 data 41378
[    9.7196] open fd = -5
[    9.7200] open name host:/livedbg.cmd flag 1 data 41378
[    9.7204] open fd = -5
[    9.7375] open name host:/livepad.bin flag 1 data 41378
[    9.7391] open fd = -5
[    9.7559] open name host:/livepad.bin flag 1 data 41378
[    9.7572] open fd = -5
[    9.7740] open name host:/livepad.bin flag 1 data 41378
[    9.7752] open fd = -5
[    9.7921] open name host:/livepad.bin flag 1 data 41378
[    9.7939] open fd = -5
[    9.8101] open name host:/livepad.bin flag 1 data 41378
[    9.8116] open fd = -5
[    9.8286] open name host:/livepad.bin flag 1 data 41378
[    9.8290] open fd = -5
[    9.8293] open name host:/livedbg.cmd flag 1 data 41378
[    9.8303] open fd = -5
[    9.8465] open name host:/livepad.bin flag 1 data 41378
[    9.8476] open fd = -5
[    9.8653] open name host:/livepad.bin flag 1 data 41378
[    9.8664] open fd = -5
[    9.8829] open name host:/livepad.bin flag 1 data 41378
[    9.8841] open fd = -5
[    9.9008] open name host:/livepad.bin flag 1 data 41378
[    9.9022] open fd = -5
[    9.9188] open name host:/livepad.bin flag 1 data 41378
[    9.9199] open fd = -5
[    9.9366] open name host:/livepad.bin flag 1 data 41378
[    9.9377] open fd = -5
[    9.9382] open name host:/livedbg.cmd flag 1 data 41378
[    9.9392] open fd = -5
[    9.9581] open name host:/livepad.bin flag 1 data 41378
[    9.9595] open fd = -5
[    9.9789] open name host:/livepad.bin flag 1 data 41378
[    9.9803] open fd = -5
[   10.0008] open name host:/livepad.bin flag 1 data 41378
[   10.0022] open fd = -5
[   10.0205] open name host:/livepad.bin flag 1 data 41378
[   10.0218] open fd = -5
[   10.0394] open name host:/livepad.bin flag 1 data 41378
[   10.0399] open fd = -5
[   10.0587] open name host:/livepad.bin flag 1 data 41378
[   10.0600] open fd = -5
[   10.0604] open name host:/livedbg.cmd flag 1 data 41378
[   10.0614] open fd = -5
[   10.0625] open name host:/log.txt flag 302 data 41378
[   10.0641] open fd = 256
[   10.0845] open name host:/livepad.bin flag 1 data 41378
[   10.0861] open fd = -5
[   10.1051] open name host:/livepad.bin flag 1 data 41378
[   10.1065] open fd = -5
[   10.1236] open name host:/livepad.bin flag 1 data 41378
[   10.1252] open fd = -5
[   10.1429] open name host:/livepad.bin flag 1 data 41378
[   10.1439] open fd = -5
[   10.1464] open name host:/log.txt flag 302 data 41378
[   10.1470] open fd = 256
[   10.1630] open name host:/livepad.bin flag 1 data 41378
[   10.1642] open fd = -5
[   10.1687] open name host:/log.txt flag 302 data 41378
[   10.1709] open fd = 256
[   10.1927] open name host:/livepad.bin flag 1 data 41378
[   10.1941] open fd = -5
[   10.1943] open name host:/livedbg.cmd flag 1 data 41378
[   10.1954] open fd = -5
[   10.2121] open name host:/livepad.bin flag 1 data 41378
[   10.2133] open fd = -5
[   10.2319] open name host:/livepad.bin flag 1 data 41378
[   10.2332] open fd = -5
[   10.2497] open name host:/livepad.bin flag 1 data 41378
[   10.2508] open fd = -5
[   10.2674] open name host:/livepad.bin flag 1 data 41378
[   10.2687] open fd = -5
[   10.2860] FRAMEARENA frames=120 peak=1037904 resets=2 fallbacks=0 maxFrameBytes=2731360 maxBorrowed=2025568 freeKiB=10569
[   10.2864] NATIVEVIF frames=120 batches=122
[   10.2865] ORDEREDFRAME frames=120 splitFrames=1
[   10.2867] FRAMEPIPELINE starts=120 dmaBusyStarts=0
[   10.2871] open name host:/livepad.bin flag 1 data 41378
[   10.2885] open fd = -5
[   10.3046] open name host:/livepad.bin flag 1 data 41378
[   10.3058] open fd = -5
[   10.3062] open name host:/livedbg.cmd flag 1 data 41378
[   10.3071] open fd = -5
[   10.3233] open name host:/livepad.bin flag 1 data 41378
[   10.3245] open fd = -5
[   10.3408] open name host:/livepad.bin flag 1 data 41378
[   10.3418] open fd = -5
[   10.3581] open name host:/livepad.bin flag 1 data 41378
[   10.3593] open fd = -5
[   10.3618] open name host:/log.txt flag 302 data 41378
[   10.3631] open fd = 256
[   10.3820] open name host:/livepad.bin flag 1 data 41378
[   10.3835] open fd = -5
[   10.4020] open name host:/livepad.bin flag 1 data 41378
[   10.4032] open fd = -5
[   10.4219] open name host:/livepad.bin flag 1 data 41378
[   10.4234] open fd = -5
[   10.4238] open name host:/livedbg.cmd flag 1 data 41378
[   10.4249] open fd = -5
[   10.4433] open name host:/livepad.bin flag 1 data 41378
[   10.4447] open fd = -5
[   10.4640] open name host:/livepad.bin flag 1 data 41378
[   10.4648] open fd = -5
[   10.4835] open name host:/livepad.bin flag 1 data 41378
[   10.4847] open fd = -5
[   10.5038] open name host:/livepad.bin flag 1 data 41378
[   10.5053] open fd = -5
[   10.5253] open name host:/livepad.bin flag 1 data 41378
[   10.5270] open fd = -5
[   10.5442] open name host:/livepad.bin flag 1 data 41378
[   10.5456] open fd = -5
[   10.5459] open name host:/livedbg.cmd flag 1 data 41378
[   10.5471] open fd = -5
[   10.5639] open name host:/livepad.bin flag 1 data 41378
[   10.5654] open fd = -5
[   10.5671] open name host:/log.txt flag 302 data 41378
[   10.5692] open fd = 256
[   10.5869] open name host:/livepad.bin flag 1 data 41378
[   10.5886] open fd = -5
[   10.6059] open name host:/livepad.bin flag 1 data 41378
[   10.6077] open fd = -5
[   10.6247] open name host:/livepad.bin flag 1 data 41378
[   10.6259] open fd = -5
[   10.6435] open name host:/livepad.bin flag 1 data 41378
[   10.6450] open fd = -5
[   10.6619] open name host:/livepad.bin flag 1 data 41378
[   10.6632] open fd = -5
[   10.6634] open name host:/livedbg.cmd flag 1 data 41378
[   10.6644] open fd = -5
[   10.6823] open name host:/livepad.bin flag 1 data 41378
[   10.6835] open fd = -5
[   10.7005] open name host:/livepad.bin flag 1 data 41378
[   10.7018] open fd = -5
[   10.7220] open name host:/livepad.bin flag 1 data 41378
[   10.7232] open fd = -5
[   10.7414] open name host:/livepad.bin flag 1 data 41378
[   10.7426] open fd = -5
[   10.7600] open name host:/livepad.bin flag 1 data 41378
[   10.7612] open fd = -5
[   10.7781] open name host:/livepad.bin flag 1 data 41378
[   10.7791] open fd = -5
[   10.7794] open name host:/livedbg.cmd flag 1 data 41378
[   10.7798] open fd = -5
[   10.7997] open name host:/livepad.bin flag 1 data 41378
[   10.8010] open fd = -5
[   10.8207] open name host:/livepad.bin flag 1 data 41378
[   10.8220] open fd = -5
[   10.8418] open name host:/livepad.bin flag 1 data 41378
[   10.8433] open fd = -5
[   10.8623] open name host:/livepad.bin flag 1 data 41378
[   10.8635] open fd = -5
[   10.8813] open name host:/livepad.bin flag 1 data 41378
[   10.8826] open fd = -5
[   10.9003] open name host:/livepad.bin flag 1 data 41378
[   10.9015] open fd = -5
[   10.9020] open name host:/livedbg.cmd flag 1 data 41378
[   10.9031] open fd = -5
[   10.9210] open name host:/livepad.bin flag 1 data 41378
[   10.9224] open fd = -5
[   10.9401] open name host:/livepad.bin flag 1 data 41378
[   10.9413] open fd = -5
[   10.9588] open name host:/livepad.bin flag 1 data 41378
[   10.9600] open fd = -5
[   10.9769] open name host:/livepad.bin flag 1 data 41378
[   10.9781] open fd = -5
[   10.9974] open name host:/livepad.bin flag 1 data 41378
[   10.9986] open fd = -5
[   11.0166] open name host:/livepad.bin flag 1 data 41378
[   11.0184] open fd = -5
[   11.0187] open name host:/livedbg.cmd flag 1 data 41378
[   11.0201] open fd = -5
[   11.0374] open name host:/livepad.bin flag 1 data 41378
[   11.0389] open fd = -5
[   11.0574] open name host:/livepad.bin flag 1 data 41378
[   11.0588] open fd = -5
[   11.0600] open name host:/log.txt flag 302 data 41378
[   11.0620] open fd = 256
[   11.0810] open name host:/livepad.bin flag 1 data 41378
[   11.0824] open fd = -5
[   11.1001] open name host:/livepad.bin flag 1 data 41378
[   11.1008] open fd = -5
[   11.1180] open name host:/livepad.bin flag 1 data 41378
[   11.1194] open fd = -5
[   11.1386] open name host:/livepad.bin flag 1 data 41378
[   11.1405] open fd = -5
[   11.1408] open name host:/livedbg.cmd flag 1 data 41378
[   11.1419] open fd = -5
[   11.1584] open name host:/livepad.bin flag 1 data 41378
[   11.1597] open fd = -5
[   11.1625] open name host:/log.txt flag 302 data 41378
[   11.1641] open fd = 256
[   11.1796] open name host:/livepad.bin flag 1 data 41378
[   11.1809] open fd = -5
[   11.1983] open name host:/livepad.bin flag 1 data 41378
[   11.1996] open fd = -5
[   11.2175] open name host:/livepad.bin flag 1 data 41378
[   11.2187] open fd = -5
[   11.2370] open name host:/livepad.bin flag 1 data 41378
[   11.2383] open fd = -5
[   11.2576] open name host:/livepad.bin flag 1 data 41378
[   11.2591] open fd = -5
[   11.2595] open name host:/livedbg.cmd flag 1 data 41378
[   11.2608] open fd = -5
[   11.2808] open name host:/livepad.bin flag 1 data 41378
[   11.2824] open fd = -5
[   11.3016] open name host:/livepad.bin flag 1 data 41378
[   11.3030] open fd = -5
[   11.3217] open name host:/livepad.bin flag 1 data 41378
[   11.3230] open fd = -5
[   11.3432] open name host:/livepad.bin flag 1 data 41378
[   11.3445] open fd = -5
[   11.3632] open name host:/livepad.bin flag 1 data 41378
[   11.3645] open fd = -5
[   11.3820] open name host:/livepad.bin flag 1 data 41378
[   11.3835] open fd = -5
[   11.3837] open name host:/livedbg.cmd flag 1 data 41378
[   11.3848] open fd = -5
[   11.4017] open name host:/livepad.bin flag 1 data 41378
[   11.4031] open fd = -5
[   11.4209] open name host:/livepad.bin flag 1 data 41378
[   11.4214] open fd = -5
[   11.4385] open name host:/livepad.bin flag 1 data 41378
[   11.4399] open fd = -5
[   11.4567] open name host:/livepad.bin flag 1 data 41378
[   11.4582] open fd = -5
[   11.4744] open name host:/livepad.bin flag 1 data 41378
[   11.4757] open fd = -5
[   11.4926] open name host:/livepad.bin flag 1 data 41378
[   11.4944] open fd = -5
[   11.4947] open name host:/livedbg.cmd flag 1 data 41378
[   11.4961] open fd = -5
[   11.5139] open name host:/livepad.bin flag 1 data 41378
[   11.5155] open fd = -5
[   11.5328] open name host:/livepad.bin flag 1 data 41378
[   11.5344] open fd = -5
[   11.5524] open name host:/livepad.bin flag 1 data 41378
[   11.5539] open fd = -5
[   11.5544] open name host:/log.txt flag 302 data 41378
[   11.5563] open fd = 256
[   11.5591] open name host:/log.txt flag 302 data 41378
[   11.5611] open fd = 256
[   11.5636] open name host:/log.txt flag 302 data 41378
[   11.5657] open fd = 256
[   11.6036] open name host:/livepad.bin flag 1 data 41378
[   11.6052] open fd = -5
[   11.6259] open name host:/livepad.bin flag 1 data 41378
[   11.6275] open fd = -5
[   11.6492] open name host:/livepad.bin flag 1 data 41378
[   11.6511] open fd = -5
[   11.6515] open name host:/livedbg.cmd flag 1 data 41378
[   11.6527] open fd = -5
[   11.6762] open name host:/livepad.bin flag 1 data 41378
[   11.6780] open fd = -5
[   11.6987] open name host:/livepad.bin flag 1 data 41378
[   11.7003] open fd = -5
[   11.7211] open name host:/livepad.bin flag 1 data 41378
[   11.7224] open fd = -5
[   11.7415] open name host:/livepad.bin flag 1 data 41378
[   11.7419] open fd = -5
[   11.7614] open name host:/livepad.bin flag 1 data 41378
[   11.7626] open fd = -5
[   11.7810] open name host:/livepad.bin flag 1 data 41378
[   11.7825] open fd = -5
[   11.7832] open name host:/livedbg.cmd flag 1 data 41378
[   11.7845] open fd = -5
[   11.8034] open name host:/livepad.bin flag 1 data 41378
[   11.8047] open fd = -5
[   11.8234] open name host:/livepad.bin flag 1 data 41378
[   11.8245] open fd = -5
[   11.8427] open name host:/livepad.bin flag 1 data 41378
[   11.8440] open fd = -5
[   11.8633] open name host:/livepad.bin flag 1 data 41378
[   11.8644] open fd = -5
[   11.8816] open name host:/livepad.bin flag 1 data 41378
[   11.8829] open fd = -5
[   11.9008] open name host:/livepad.bin flag 1 data 41378
[   11.9019] open fd = -5
[   11.9021] open name host:/livedbg.cmd flag 1 data 41378
[   11.9031] open fd = -5
[   11.9202] open name host:/livepad.bin flag 1 data 41378
[   11.9217] open fd = -5
[   11.9396] open name host:/livepad.bin flag 1 data 41378
[   11.9407] open fd = -5
[   11.9581] open name host:/livepad.bin flag 1 data 41378
[   11.9593] open fd = -5
[   11.9758] open name host:/livepad.bin flag 1 data 41378
[   11.9770] open fd = -5
[   11.9956] open name host:/livepad.bin flag 1 data 41378
[   11.9972] open fd = -5
[   12.0150] open name host:/livepad.bin flag 1 data 41378
[   12.0168] open fd = -5
[   12.0170] open name host:/livedbg.cmd flag 1 data 41378
[   12.0184] open fd = -5
[   12.0382] open name host:/livepad.bin flag 1 data 41378
[   12.0397] open fd = -5
[   12.0573] open name host:/livepad.bin flag 1 data 41378
[   12.0585] open fd = -5
[   12.0763] open name host:/livepad.bin flag 1 data 41378
[   12.0778] open fd = -5
[   12.0788] open name host:/log.txt flag 302 data 41378
[   12.0813] open fd = 256
[   12.1089] open name host:/livepad.bin flag 1 data 41378
[   12.1103] open fd = -5
[   12.1281] open name host:/livepad.bin flag 1 data 41378
[   12.1299] open fd = -5
[   12.1506] open name host:/livepad.bin flag 1 data 41378
[   12.1522] open fd = -5
[   12.1525] open name host:/livedbg.cmd flag 1 data 41378
[   12.1540] open fd = -5
[   12.1735] open name host:/livepad.bin flag 1 data 41378
[   12.1747] open fd = -5
[   12.1945] open name host:/livepad.bin flag 1 data 41378
[   12.1958] open fd = -5
[   12.2148] open name host:/livepad.bin flag 1 data 41378
[   12.2165] open fd = -5
[   12.2203] open name host:/log.txt flag 302 data 41378
[   12.2221] open fd = 256
[   12.2403] open name host:/livepad.bin flag 1 data 41378
[   12.2416] open fd = -5
[   12.2613] open name host:/livepad.bin flag 1 data 41378
[   12.2627] open fd = -5
[   12.2825] open name host:/livepad.bin flag 1 data 41378
[   12.2838] open fd = -5
[   12.2842] open name host:/livedbg.cmd flag 1 data 41378
[   12.2851] open fd = -5
[   12.3038] open name host:/livepad.bin flag 1 data 41378
[   12.3052] open fd = -5
[   12.3222] open name host:/livepad.bin flag 1 data 41378
[   12.3235] open fd = -5
[   12.3405] open name host:/livepad.bin flag 1 data 41378
[   12.3420] open fd = -5
[   12.3597] open name host:/livepad.bin flag 1 data 41378
[   12.3609] open fd = -5
[   12.3784] open name host:/livepad.bin flag 1 data 41378
[   12.3788] open fd = -5
[   12.3961] open name host:/livepad.bin flag 1 data 41378
[   12.3974] open fd = -5
[   12.3976] open name host:/livedbg.cmd flag 1 data 41378
[   12.3986] open fd = -5
[   12.4162] open name host:/livepad.bin flag 1 data 41378
[   12.4175] open fd = -5
[   12.4348] open name host:/livepad.bin flag 1 data 41378
[   12.4360] open fd = -5
[   12.4531] open name host:/livepad.bin flag 1 data 41378
[   12.4544] open fd = -5
[   12.4715] open name host:/livepad.bin flag 1 data 41378
[   12.4730] open fd = -5
[   12.4910] open name host:/livepad.bin flag 1 data 41378
[   12.4928] open fd = -5
[   12.5109] open name host:/livepad.bin flag 1 data 41378
[   12.5124] open fd = -5
[   12.5127] open name host:/livedbg.cmd flag 1 data 41378
[   12.5139] open fd = -5
[   12.5315] open name host:/livepad.bin flag 1 data 41378
[   12.5330] open fd = -5
[   12.5522] open name host:/livepad.bin flag 1 data 41378
[   12.5537] open fd = -5
[   12.5716] open name host:/livepad.bin flag 1 data 41378
[   12.5730] open fd = -5
[   12.5914] open name host:/livepad.bin flag 1 data 41378
[   12.5919] open fd = -5
[   12.5930] open name host:/log.txt flag 302 data 41378
[   12.5935] open fd = 256
[   12.6115] open name host:/livepad.bin flag 1 data 41378
[   12.6131] open fd = -5
[   12.6324] open name host:/livepad.bin flag 1 data 41378
[   12.6341] open fd = -5
[   12.6346] open name host:/livedbg.cmd flag 1 data 41378
[   12.6362] open fd = -5
[   12.6561] open name host:/livepad.bin flag 1 data 41378
[   12.6574] open fd = -5
[   12.6783] open name host:/livepad.bin flag 1 data 41378
[   12.6796] open fd = -5
[   12.6987] open name host:/livepad.bin flag 1 data 41378
[   12.6992] open fd = -5
[   12.7200] open name host:/livepad.bin flag 1 data 41378
[   12.7218] open fd = -5
[   12.7414] FRAMEARENA frames=240 peak=1037904 resets=2 fallbacks=0 maxFrameBytes=2731360 maxBorrowed=2120800 freeKiB=10399
[   12.7417] NATIVEVIF frames=240 batches=242
[   12.7418] ORDEREDFRAME frames=240 splitFrames=1
[   12.7420] FRAMEPIPELINE starts=240 dmaBusyStarts=0
[   12.7422] open name host:/livepad.bin flag 1 data 41378
[   12.7435] open fd = -5
[   12.7623] open name host:/livepad.bin flag 1 data 41378
[   12.7635] open fd = -5
[   12.7639] open name host:/livedbg.cmd flag 1 data 41378
[   12.7649] open fd = -5
[   12.7853] open name host:/livepad.bin flag 1 data 41378
[   12.7867] open fd = -5
[   12.8050] open name host:/livepad.bin flag 1 data 41378
[   12.8054] open fd = -5
[   12.8232] open name host:/livepad.bin flag 1 data 41378
[   12.8244] open fd = -5
[   12.8259] open name host:/log.txt flag 302 data 41378
[   12.8275] open fd = 256
[   12.8466] open name host:/livepad.bin flag 1 data 41378
[   12.8480] open fd = -5
[   12.8650] open name host:/livepad.bin flag 1 data 41378
[   12.8664] open fd = -5
[   12.8839] open name host:/livepad.bin flag 1 data 41378
[   12.8851] open fd = -5
[   12.8853] open name host:/livedbg.cmd flag 1 data 41378
[   12.8865] open fd = -5
[   12.9043] open name host:/livepad.bin flag 1 data 41378
[   12.9056] open fd = -5
[   12.9234] open name host:/livepad.bin flag 1 data 41378
[   12.9246] open fd = -5
[   12.9426] open name host:/livepad.bin flag 1 data 41378
[   12.9437] open fd = -5
[   12.9658] open name host:/livepad.bin flag 1 data 41378
[   12.9672] open fd = -5
[   12.9869] open name host:/livepad.bin flag 1 data 41378
[   12.9884] open fd = -5
[   13.0071] open name host:/livepad.bin flag 1 data 41378
[   13.0089] open fd = -5
[   13.0091] open name host:/livedbg.cmd flag 1 data 41378
[   13.0103] open fd = -5
[   13.0276] open name host:/livepad.bin flag 1 data 41378
[   13.0290] open fd = -5
[   13.0467] open name host:/livepad.bin flag 1 data 41378
[   13.0484] open fd = -5
[   13.0664] open name host:/livepad.bin flag 1 data 41378
[   13.0681] open fd = -5
[   13.0876] open name host:/livepad.bin flag 1 data 41378
[   13.0888] open fd = -5
[   13.1090] open name host:/livepad.bin flag 1 data 41378
[   13.1107] open fd = -5
[   13.1118] open name host:/log.txt flag 302 data 41378
[   13.1138] open fd = 256
[   13.1355] open name host:/livepad.bin flag 1 data 41378
[   13.1374] open fd = -5
[   13.1377] open name host:/livedbg.cmd flag 1 data 41378
[   13.1393] open fd = -5
[   13.1589] open name host:/livepad.bin flag 1 data 41378
[   13.1605] open fd = -5
[   13.1799] open name host:/livepad.bin flag 1 data 41378
[   13.1812] open fd = -5
[   13.2000] open name host:/livepad.bin flag 1 data 41378
[   13.2014] open fd = -5
[   13.2198] open name host:/livepad.bin flag 1 data 41378
[   13.2211] open fd = -5
[   13.2232] open name host:/log.txt flag 302 data 41378
[   13.2248] open fd = 256
[   13.2432] open name host:/livepad.bin flag 1 data 41378
[   13.2436] open fd = -5
[   13.2467] open name host:/log.txt flag 302 data 41378
[   13.2473] open fd = 256
[   13.2639] open name host:/livepad.bin flag 1 data 41378
[   13.2651] open fd = -5
[   13.2654] open name host:/livedbg.cmd flag 1 data 41378
[   13.2664] open fd = -5
[   13.2830] open name host:/livepad.bin flag 1 data 41378
[   13.2841] open fd = -5
[   13.3013] open name host:/livepad.bin flag 1 data 41378
[   13.3026] open fd = -5
[   13.3198] open name host:/livepad.bin flag 1 data 41378
[   13.3210] open fd = -5
[   13.3391] open name host:/livepad.bin flag 1 data 41378
[   13.3405] open fd = -5
[   13.3592] open name host:/livepad.bin flag 1 data 41378
[   13.3606] open fd = -5
[   13.3778] open name host:/livepad.bin flag 1 data 41378
[   13.3792] open fd = -5
[   13.3798] open name host:/livedbg.cmd flag 1 data 41378
[   13.3808] open fd = -5
[   13.3977] open name host:/livepad.bin flag 1 data 41378
[   13.3992] open fd = -5
[   13.4166] open name host:/livepad.bin flag 1 data 41378
[   13.4182] open fd = -5
[   13.4358] open name host:/livepad.bin flag 1 data 41378
[   13.4370] open fd = -5
[   13.4553] open name host:/livepad.bin flag 1 data 41378
[   13.4558] open fd = -5
[   13.4732] open name host:/livepad.bin flag 1 data 41378
[   13.4744] open fd = -5
[   13.4918] open name host:/livepad.bin flag 1 data 41378
[   13.4932] open fd = -5
[   13.4934] open name host:/livedbg.cmd flag 1 data 41378
[   13.4947] open fd = -5
[   13.5118] open name host:/livepad.bin flag 1 data 41378
[   13.5132] open fd = -5
[   13.5311] open name host:/livepad.bin flag 1 data 41378
[   13.5324] open fd = -5
[   13.5504] open name host:/livepad.bin flag 1 data 41378
[   13.5516] open fd = -5
[   13.5688] open name host:/livepad.bin flag 1 data 41378
[   13.5704] open fd = -5
[   13.5883] open name host:/livepad.bin flag 1 data 41378
[   13.5894] open fd = -5
[   13.6060] open name host:/livepad.bin flag 1 data 41378
[   13.6072] open fd = -5
[   13.6075] open name host:/livedbg.cmd flag 1 data 41378
[   13.6085] open fd = -5
[   13.6094] open name host:/log.txt flag 302 data 41378
[   13.6109] open fd = 256
[   13.6297] open name host:/livepad.bin flag 1 data 41378
[   13.6308] open fd = -5
[   13.6492] open name host:/livepad.bin flag 1 data 41378
[   13.6506] open fd = -5
[   13.6693] open name host:/livepad.bin flag 1 data 41378
[   13.6696] open fd = -5
[   13.6885] open name host:/livepad.bin flag 1 data 41378
[   13.6898] open fd = -5
[   13.7093] open name host:/livepad.bin flag 1 data 41378
[   13.7108] open fd = -5
[   13.7307] open name host:/livepad.bin flag 1 data 41378
[   13.7319] open fd = -5
[   13.7323] open name host:/livedbg.cmd flag 1 data 41378
[   13.7334] open fd = -5
[   13.7513] open name host:/livepad.bin flag 1 data 41378
[   13.7526] open fd = -5
[   13.7702] open name host:/livepad.bin flag 1 data 41378
[   13.7716] open fd = -5
[   13.7891] open name host:/livepad.bin flag 1 data 41378
[   13.7906] open fd = -5
[   13.8092] open name host:/livepad.bin flag 1 data 41378
[   13.8107] open fd = -5
[   13.8306] open name host:/livepad.bin flag 1 data 41378
[   13.8321] open fd = -5
[   13.8505] open name host:/livepad.bin flag 1 data 41378
[   13.8519] open fd = -5
[   13.8522] open name host:/livedbg.cmd flag 1 data 41378
[   13.8532] open fd = -5
[   13.8698] open name host:/livepad.bin flag 1 data 41378
[   13.8710] open fd = -5
[   13.8896] open name host:/livepad.bin flag 1 data 41378
[   13.8908] open fd = -5
[   13.9086] open name host:/livepad.bin flag 1 data 41378
[   13.9103] open fd = -5
[   13.9290] open name host:/livepad.bin flag 1 data 41378
[   13.9305] open fd = -5
[   13.9483] open name host:/livepad.bin flag 1 data 41378
[   13.9495] open fd = -5
[   13.9681] open name host:/livepad.bin flag 1 data 41378
[   13.9693] open fd = -5
[   13.9695] open name host:/livedbg.cmd flag 1 data 41378
[   13.9707] open fd = -5
[   13.9888] open name host:/livepad.bin flag 1 data 41378
[   13.9901] open fd = -5
[   14.0074] open name host:/livepad.bin flag 1 data 41378
[   14.0086] open fd = -5
[   14.0259] open name host:/livepad.bin flag 1 data 41378
[   14.0271] open fd = -5
[   14.0282] open name host:/log.txt flag 302 data 41378
[   14.0298] open fd = 256
[   14.0489] open name host:/livepad.bin flag 1 data 41378
[   14.0501] open fd = -5
[   14.0677] open name host:/livepad.bin flag 1 data 41378
[   14.0689] open fd = -5
[   14.0867] open name host:/livepad.bin flag 1 data 41378
[   14.0878] open fd = -5
[   14.0882] open name host:/livedbg.cmd flag 1 data 41378
[   14.0885] open fd = -5
[   14.1066] open name host:/livepad.bin flag 1 data 41378
[   14.1081] open fd = -5
[   14.1090] open name host:/log.txt flag 302 data 41378
[   14.1109] open fd = 256
[   14.1305] open name host:/livepad.bin flag 1 data 41378
[   14.1319] open fd = -5
[   14.1493] open name host:/livepad.bin flag 1 data 41378
[   14.1509] open fd = -5
[   14.1696] open name host:/livepad.bin flag 1 data 41378
[   14.1711] open fd = -5
[   14.1893] open name host:/livepad.bin flag 1 data 41378
[   14.1907] open fd = -5
[   14.2083] open name host:/livepad.bin flag 1 data 41378
[   14.2097] open fd = -5
[   14.2099] open name host:/livedbg.cmd flag 1 data 41378
[   14.2109] open fd = -5
[   14.2287] open name host:/livepad.bin flag 1 data 41378
[   14.2301] open fd = -5
[   14.2331] open name host:/log.txt flag 302 data 41378
[   14.2346] open fd = 256
[   14.2569] open name host:/livepad.bin flag 1 data 41378
[   14.2586] open fd = -5
[   14.2763] open name host:/livepad.bin flag 1 data 41378
[   14.2779] open fd = -5
[   14.3009] open name host:/livepad.bin flag 1 data 41378
[   14.3013] open fd = -5
[   14.3195] open name host:/livepad.bin flag 1 data 41378
[   14.3209] open fd = -5
[   14.3383] open name host:/livepad.bin flag 1 data 41378
[   14.3397] open fd = -5
[   14.3403] open name host:/livedbg.cmd flag 1 data 41378
[   14.3413] open fd = -5
[   14.3591] open name host:/livepad.bin flag 1 data 41378
[   14.3605] open fd = -5
[   14.3786] open name host:/livepad.bin flag 1 data 41378
[   14.3800] open fd = -5
[   14.3998] open name host:/livepad.bin flag 1 data 41378
[   14.4014] open fd = -5
[   14.4198] open name host:/livepad.bin flag 1 data 41378
[   14.4213] open fd = -5
[   14.4406] open name host:/livepad.bin flag 1 data 41378
[   14.4419] open fd = -5
[   14.4598] open name host:/livepad.bin flag 1 data 41378
[   14.4613] open fd = -5
[   14.4617] open name host:/livedbg.cmd flag 1 data 41378
[   14.4627] open fd = -5
[   14.4793] open name host:/livepad.bin flag 1 data 41378
[   14.4808] open fd = -5
[   14.4992] open name host:/livepad.bin flag 1 data 41378
[   14.5005] open fd = -5
[   14.5199] open name host:/livepad.bin flag 1 data 41378
[   14.5214] open fd = -5
[   14.5389] open name host:/livepad.bin flag 1 data 41378
[   14.5405] open fd = -5
[   14.5596] open name host:/livepad.bin flag 1 data 41378
[   14.5610] open fd = -5
[   14.5799] open name host:/livepad.bin flag 1 data 41378
[   14.5812] open fd = -5
[   14.5815] open name host:/livedbg.cmd flag 1 data 41378
[   14.5827] open fd = -5
[   14.6021] open name host:/livepad.bin flag 1 data 41378
[   14.6035] open fd = -5
[   14.6220] open name host:/livepad.bin flag 1 data 41378
[   14.6234] open fd = -5
[   14.6242] open name host:/log.txt flag 302 data 41378
[   14.6257] open fd = 256
[   14.6451] open name host:/livepad.bin flag 1 data 41378
[   14.6465] open fd = -5
[   14.6641] open name host:/livepad.bin flag 1 data 41378
[   14.6653] open fd = -5
[   14.6840] open name host:/livepad.bin flag 1 data 41378
[   14.6851] open fd = -5
[   14.7023] open name host:/livepad.bin flag 1 data 41378
[   14.7038] open fd = -5
[   14.7041] open name host:/livedbg.cmd flag 1 data 41378
[   14.7052] open fd = -5
[   14.7222] open name host:/livepad.bin flag 1 data 41378
[   14.7226] open fd = -5
[   14.7393] open name host:/livepad.bin flag 1 data 41378
[   14.7407] open fd = -5
[   14.7577] open name host:/livepad.bin flag 1 data 41378
[   14.7590] open fd = -5
[   14.7770] open name host:/livepad.bin flag 1 data 41378
[   14.7782] open fd = -5
[   14.7960] open name host:/livepad.bin flag 1 data 41378
[   14.7971] open fd = -5
[   14.8139] open name host:/livepad.bin flag 1 data 41378
[   14.8150] open fd = -5
[   14.8154] open name host:/livedbg.cmd flag 1 data 41378
[   14.8164] open fd = -5
[   14.8340] open name host:/livepad.bin flag 1 data 41378
[   14.8352] open fd = -5
[   14.8522] open name host:/livepad.bin flag 1 data 41378
[   14.8534] open fd = -5
[   14.8717] open name host:/livepad.bin flag 1 data 41378
[   14.8731] open fd = -5
[   14.8925] open name host:/livepad.bin flag 1 data 41378
[   14.8936] open fd = -5
[   14.9107] open name host:/livepad.bin flag 1 data 41378
[   14.9119] open fd = -5
[   14.9298] open name host:/livepad.bin flag 1 data 41378
[   14.9307] open fd = -5
[   14.9312] open name host:/livedbg.cmd flag 1 data 41378
[   14.9315] open fd = -5
[   14.9491] open name host:/livepad.bin flag 1 data 41378
[   14.9506] open fd = -5
[   14.9683] open name host:/livepad.bin flag 1 data 41378
[   14.9697] open fd = -5
[   14.9872] open name host:/livepad.bin flag 1 data 41378
[   14.9889] open fd = -5
[   15.0080] open name host:/livepad.bin flag 1 data 41378
[   15.0094] open fd = -5
[   15.0259] open name host:/livepad.bin flag 1 data 41378
[   15.0271] open fd = -5
[   15.0453] open name host:/livepad.bin flag 1 data 41378
[   15.0466] open fd = -5
[   15.0471] open name host:/livedbg.cmd flag 1 data 41378
[   15.0483] open fd = -5
[   15.0659] open name host:/livepad.bin flag 1 data 41378
[   15.0673] open fd = -5
[   15.0851] open name host:/livepad.bin flag 1 data 41378
[   15.0863] open fd = -5
[   15.1034] open name host:/livepad.bin flag 1 data 41378
[   15.1048] open fd = -5
[   15.1058] open name host:/log.txt flag 302 data 41378
[   15.1074] open fd = 256
[   15.1273] open name host:/livepad.bin flag 1 data 41378
[   15.1285] open fd = -5
[   15.1461] FRAMEARENA frames=360 peak=1037904 resets=2 fallbacks=0 maxFrameBytes=2731360 maxBorrowed=2120800 freeKiB=10468
[   15.1463] NATIVEVIF frames=360 batches=362
[   15.1464] ORDEREDFRAME frames=360 splitFrames=1
[   15.1467] FRAMEPIPELINE starts=360 dmaBusyStarts=50
[   15.1469] open name host:/livepad.bin flag 1 data 41378
[   15.1482] open fd = -5
[   15.1650] open name host:/livepad.bin flag 1 data 41378
[   15.1663] open fd = -5
[   15.1666] open name host:/livedbg.cmd flag 1 data 41378
[   15.1677] open fd = -5
[   15.1848] open name host:/livepad.bin flag 1 data 41378
[   15.1861] open fd = -5
[   15.2035] open name host:/livepad.bin flag 1 data 41378
[   15.2048] open fd = -5
[   15.2227] open name host:/livepad.bin flag 1 data 41378
[   15.2241] open fd = -5
[   15.2247] open name host:/log.txt flag 302 data 41378
[   15.2263] open fd = 256
[   15.2287] open name host:/log.txt flag 302 data 41378
[   15.2304] open fd = 256
[   15.2336] open name host:/log.txt flag 302 data 41378
[   15.2352] open fd = 256
[   15.2511] open name host:/livepad.bin flag 1 data 41378
[   15.2522] open fd = -5
[   15.2701] open name host:/livepad.bin flag 1 data 41378
[   15.2712] open fd = -5
[   15.2878] open name host:/livepad.bin flag 1 data 41378
[   15.2891] open fd = -5
[   15.2894] open name host:/livedbg.cmd flag 1 data 41378
[   15.2903] open fd = -5
[   15.3067] open name host:/livepad.bin flag 1 data 41378
[   15.3079] open fd = -5
[   15.3240] open name host:/livepad.bin flag 1 data 41378
[   15.3252] open fd = -5
[   15.3424] open name host:/livepad.bin flag 1 data 41378
[   15.3439] open fd = -5
[   15.3612] open name host:/livepad.bin flag 1 data 41378
[   15.3624] open fd = -5
[   15.3790] open name host:/livepad.bin flag 1 data 41378
[   15.3804] open fd = -5
[   15.3980] open name host:/livepad.bin flag 1 data 41378
[   15.3993] open fd = -5
[   15.3995] open name host:/livedbg.cmd flag 1 data 41378
[   15.4005] open fd = -5
[   15.4168] open name host:/livepad.bin flag 1 data 41378
[   15.4180] open fd = -5
[   15.4361] open name host:/livepad.bin flag 1 data 41378
[   15.4372] open fd = -5
[   15.4542] open name host:/livepad.bin flag 1 data 41378
[   15.4557] open fd = -5
[   15.4730] open name host:/livepad.bin flag 1 data 41378
[   15.4746] open fd = -5
[   15.4910] open name host:/livepad.bin flag 1 data 41378
[   15.4924] open fd = -5
[   15.5095] open name host:/livepad.bin flag 1 data 41378
[   15.5109] open fd = -5
[   15.5112] open name host:/livedbg.cmd flag 1 data 41378
[   15.5123] open fd = -5
[   15.5281] open name host:/livepad.bin flag 1 data 41378
[   15.5296] open fd = -5
[   15.5467] open name host:/livepad.bin flag 1 data 41378
[   15.5480] open fd = -5
[   15.5649] open name host:/livepad.bin flag 1 data 41378
[   15.5659] open fd = -5
[   15.5837] open name host:/livepad.bin flag 1 data 41378
[   15.5850] open fd = -5
[   15.5858] open name host:/log.txt flag 302 data 41378
[   15.5873] open fd = 256
[   15.6070] open name host:/livepad.bin flag 1 data 41378
[   15.6084] open fd = -5
[   15.6277] open name host:/livepad.bin flag 1 data 41378
[   15.6291] open fd = -5
[   15.6295] open name host:/livedbg.cmd flag 1 data 41378
[   15.6306] open fd = -5
[   15.6493] open name host:/livepad.bin flag 1 data 41378
[   15.6506] open fd = -5
[   15.6680] open name host:/livepad.bin flag 1 data 41378
[   15.6691] open fd = -5
[   15.6864] open name host:/livepad.bin flag 1 data 41378
[   15.6878] open fd = -5
[   15.7053] open name host:/livepad.bin flag 1 data 41378
[   15.7066] open fd = -5
[   15.7237] open name host:/livepad.bin flag 1 data 41378
[   15.7250] open fd = -5
[   15.7416] open name host:/livepad.bin flag 1 data 41378
[   15.7429] open fd = -5
[   15.7431] open name host:/livedbg.cmd flag 1 data 41378
[   15.7441] open fd = -5
[   15.7611] open name host:/livepad.bin flag 1 data 41378
[   15.7629] open fd = -5
[   15.7798] open name host:/livepad.bin flag 1 data 41378
[   15.7802] open fd = -5
[   15.7961] open name host:/livepad.bin flag 1 data 41378
[   15.7973] open fd = -5
[   15.8145] open name host:/livepad.bin flag 1 data 41378
[   15.8155] open fd = -5
[   15.8317] open name host:/livepad.bin flag 1 data 41378
[   15.8331] open fd = -5
[   15.8494] open name host:/livepad.bin flag 1 data 41378
[   15.8508] open fd = -5
[   15.8511] open name host:/livedbg.cmd flag 1 data 41378
[   15.8522] open fd = -5
[   15.8681] open name host:/livepad.bin flag 1 data 41378
[   15.8695] open fd = -5
[   15.8873] open name host:/livepad.bin flag 1 data 41378
[   15.8878] open fd = -5
[   15.9040] open name host:/livepad.bin flag 1 data 41378
[   15.9052] open fd = -5
[   15.9228] open name host:/livepad.bin flag 1 data 41378
[   15.9239] open fd = -5
[   15.9398] open name host:/livepad.bin flag 1 data 41378
[   15.9410] open fd = -5
[   15.9578] open name host:/livepad.bin flag 1 data 41378
[   15.9592] open fd = -5
[   15.9594] open name host:/livedbg.cmd flag 1 data 41378
[   15.9605] open fd = -5
[   15.9784] open name host:/livepad.bin flag 1 data 41378
[   15.9797] open fd = -5
[   15.9960] open name host:/livepad.bin flag 1 data 41378
[   15.9974] open fd = -5
[   16.0144] open name host:/livepad.bin flag 1 data 41378
[   16.0157] open fd = -5
[   16.0318] open name host:/livepad.bin flag 1 data 41378
[   16.0330] open fd = -5
[   16.0502] open name host:/livepad.bin flag 1 data 41378
[   16.0516] open fd = -5
[   16.0523] open name host:/log.txt flag 302 data 41378
[   16.0538] open fd = 256
[   16.0717] open name host:/livepad.bin flag 1 data 41378
[   16.0730] open fd = -5
[   16.0734] open name host:/livedbg.cmd flag 1 data 41378
[   16.0744] open fd = -5
[   16.0906] open name host:/livepad.bin flag 1 data 41378
[   16.0918] open fd = -5
[   16.1084] open name host:/livepad.bin flag 1 data 41378
[   16.1096] open fd = -5
[   16.1271] open name host:/livepad.bin flag 1 data 41378
[   16.1283] open fd = -5
[   16.1451] open name host:/livepad.bin flag 1 data 41378
[   16.1462] open fd = -5
[   16.1481] open name host:/log.txt flag 302 data 41378
[   16.1496] open fd = 256
[   16.1676] open name host:/livepad.bin flag 1 data 41378
[   16.1689] open fd = -5
[   16.1717] open name host:/log.txt flag 302 data 41378
[   16.1735] open fd = 256
[   16.1894] open name host:/livepad.bin flag 1 data 41378
[   16.1906] open fd = -5
[   16.1909] open name host:/livedbg.cmd flag 1 data 41378
[   16.1920] open fd = -5
[   16.2095] open name host:/livepad.bin flag 1 data 41378
[   16.2106] open fd = -5
[   16.2281] open name host:/livepad.bin flag 1 data 41378
[   16.2293] open fd = -5
[   16.2463] open name host:/livepad.bin flag 1 data 41378
[   16.2475] open fd = -5
[   16.2654] open name host:/livepad.bin flag 1 data 41378
[   16.2666] open fd = -5
[   16.2827] open name host:/livepad.bin flag 1 data 41378
[   16.2839] open fd = -5
[   16.3007] open name host:/livepad.bin flag 1 data 41378
[   16.3023] open fd = -5
[   16.3025] open name host:/livedbg.cmd flag 1 data 41378
[   16.3037] open fd = -5
[   16.3200] open name host:/livepad.bin flag 1 data 41378
[   16.3214] open fd = -5
[   16.3385] open name host:/livepad.bin flag 1 data 41378
[   16.3399] open fd = -5
[   16.3566] open name host:/livepad.bin flag 1 data 41378
[   16.3579] open fd = -5
[   16.3591] open name host:/log.txt flag 302 data 41378
[   16.3607] open fd = 256
[   16.3788] open name host:/livepad.bin flag 1 data 41378
[   16.3804] open fd = -5
[   16.3972] open name host:/livepad.bin flag 1 data 41378
[   16.3985] open fd = -5
[   16.4148] open name host:/livepad.bin flag 1 data 41378
[   16.4154] open fd = -5
[   16.4157] open name host:/livedbg.cmd flag 1 data 41378
[   16.4162] open fd = -5
[   16.4343] open name host:/livepad.bin flag 1 data 41378
[   16.4356] open fd = -5
[   16.4535] open name host:/livepad.bin flag 1 data 41378
[   16.4546] open fd = -5
[   16.4720] open name host:/livepad.bin flag 1 data 41378
[   16.4734] open fd = -5
[   16.4906] open name host:/livepad.bin flag 1 data 41378
[   16.4917] open fd = -5
[   16.5093] open name host:/livepad.bin flag 1 data 41378
[   16.5105] open fd = -5
[   16.5282] open name host:/livepad.bin flag 1 data 41378
[   16.5293] open fd = -5
[   16.5295] open name host:/livedbg.cmd flag 1 data 41378
[   16.5304] open fd = -5
[   16.5310] open name host:/log.txt flag 302 data 41378
[   16.5332] open fd = 256
[   16.5523] open name host:/livepad.bin flag 1 data 41378
[   16.5535] open fd = -5
[   16.5707] open name host:/livepad.bin flag 1 data 41378
[   16.5719] open fd = -5
[   16.5887] open name host:/livepad.bin flag 1 data 41378
[   16.5903] open fd = -5
[   16.6066] open name host:/livepad.bin flag 1 data 41378
[   16.6077] open fd = -5
[   16.6261] open name host:/livepad.bin flag 1 data 41378
[   16.6274] open fd = -5
[   16.6441] open name host:/livepad.bin flag 1 data 41378
[   16.6453] open fd = -5
[   16.6456] open name host:/livedbg.cmd flag 1 data 41378
[   16.6466] open fd = -5
[   16.6642] open name host:/livepad.bin flag 1 data 41378
[   16.6653] open fd = -5
[   16.6820] open name host:/livepad.bin flag 1 data 41378
[   16.6831] open fd = -5
[   16.6993] open name host:/livepad.bin flag 1 data 41378
[   16.7006] open fd = -5
[   16.7182] open name host:/livepad.bin flag 1 data 41378
[   16.7194] open fd = -5
[   16.7357] open name host:/livepad.bin flag 1 data 41378
[   16.7369] open fd = -5
[   16.7533] open name host:/livepad.bin flag 1 data 41378
[   16.7548] open fd = -5
[   16.7551] open name host:/livedbg.cmd flag 1 data 41378
[   16.7564] open fd = -5
[   16.7729] open name host:/livepad.bin flag 1 data 41378
[   16.7744] open fd = -5
[   16.7913] open name host:/livepad.bin flag 1 data 41378
[   16.7926] open fd = -5
[   16.8095] open name host:/livepad.bin flag 1 data 41378
[   16.8108] open fd = -5
[   16.8276] open name host:/livepad.bin flag 1 data 41378
[   16.8289] open fd = -5
[   16.8452] open name host:/livepad.bin flag 1 data 41378
[   16.8465] open fd = -5
[   16.8630] open name host:/livepad.bin flag 1 data 41378
[   16.8643] open fd = -5
[   16.8646] open name host:/livedbg.cmd flag 1 data 41378
[   16.8656] open fd = -5
[   16.8820] open name host:/livepad.bin flag 1 data 41378
[   16.8834] open fd = -5
[   16.9005] open name host:/livepad.bin flag 1 data 41378
[   16.9017] open fd = -5
[   16.9196] open name host:/livepad.bin flag 1 data 41378
[   16.9210] open fd = -5
[   16.9400] open name host:/livepad.bin flag 1 data 41378
[   16.9414] open fd = -5
[   16.9601] open name host:/livepad.bin flag 1 data 41378
[   16.9617] open fd = -5
[   16.9809] open name host:/livepad.bin flag 1 data 41378
[   16.9821] open fd = -5
[   16.9824] open name host:/livedbg.cmd flag 1 data 41378
[   16.9834] open fd = -5
[   17.0006] open name host:/livepad.bin flag 1 data 41378
[   17.0019] open fd = -5
[   17.0026] open name host:/log.txt flag 302 data 41378
[   17.0041] open fd = 256
[   17.0221] open name host:/livepad.bin flag 1 data 41378
[   17.0237] open fd = -5
[   17.0408] open name host:/livepad.bin flag 1 data 41378
[   17.0421] open fd = -5
[   17.0589] open name host:/livepad.bin flag 1 data 41378
[   17.0602] open fd = -5
[   17.0783] open name host:/livepad.bin flag 1 data 41378
[   17.0798] open fd = -5
[   17.0960] open name host:/livepad.bin flag 1 data 41378
[   17.0972] open fd = -5
[   17.0975] open name host:/livedbg.cmd flag 1 data 41378
[   17.0987] open fd = -5
[   17.1162] open name host:/livepad.bin flag 1 data 41378
[   17.1177] open fd = -5
[   17.1203] open name host:/log.txt flag 302 data 41378
[   17.1208] open fd = 256
[   17.1371] open name host:/livepad.bin flag 1 data 41378
[   17.1384] open fd = -5
[   17.1550] open name host:/livepad.bin flag 1 data 41378
[   17.1563] open fd = -5
[   17.1739] open name host:/livepad.bin flag 1 data 41378
[   17.1751] open fd = -5
[   17.1918] open name host:/livepad.bin flag 1 data 41378
[   17.1934] open fd = -5
[   17.2097] open name host:/livepad.bin flag 1 data 41378
[   17.2111] open fd = -5
[   17.2113] open name host:/livedbg.cmd flag 1 data 41378
[   17.2124] open fd = -5
[   17.2305] open name host:/livepad.bin flag 1 data 41378
[   17.2316] open fd = -5
[   17.2486] open name host:/livepad.bin flag 1 data 41378
[   17.2499] open fd = -5
[   17.2680] open name host:/livepad.bin flag 1 data 41378
[   17.2694] open fd = -5
[   17.2868] open name host:/livepad.bin flag 1 data 41378
[   17.2880] open fd = -5
[   17.3041] open name host:/livepad.bin flag 1 data 41378
[   17.3052] open fd = -5
[   17.3214] open name host:/livepad.bin flag 1 data 41378
[   17.3225] open fd = -5
[   17.3228] open name host:/livedbg.cmd flag 1 data 41378
[   17.3238] open fd = -5
[   17.3418] open name host:/livepad.bin flag 1 data 41378
[   17.3429] open fd = -5
[   17.3596] open name host:/livepad.bin flag 1 data 41378
[   17.3607] open fd = -5
[   17.3770] open name host:/livepad.bin flag 1 data 41378
[   17.3786] open fd = -5
[   17.3968] open name host:/livepad.bin flag 1 data 41378
[   17.3979] open fd = -5
[   17.4144] FRAMEARENA frames=480 peak=1037904 resets=2 fallbacks=0 maxFrameBytes=2731360 maxBorrowed=2120800 freeKiB=10471
[   17.4146] NATIVEVIF frames=480 batches=482
[   17.4147] ORDEREDFRAME frames=480 splitFrames=1
[   17.4149] FRAMEPIPELINE starts=480 dmaBusyStarts=146
[   17.4151] open name host:/livepad.bin flag 1 data 41378
[   17.4163] open fd = -5
[   17.4316] open name host:/livepad.bin flag 1 data 41378
[   17.4327] open fd = -5
[   17.4330] open name host:/livedbg.cmd flag 1 data 41378
[   17.4340] open fd = -5
[   17.4501] open name host:/livepad.bin flag 1 data 41378
[   17.4513] open fd = -5
[   17.4674] open name host:/livepad.bin flag 1 data 41378
[   17.4686] open fd = -5
[   17.4692] open name host:/log.txt flag 302 data 41378
[   17.4709] open fd = 256
[   17.4894] open name host:/livepad.bin flag 1 data 41378
[   17.4907] open fd = -5
[   17.5058] open name host:/livepad.bin flag 1 data 41378
[   17.5072] open fd = -5
[   17.5202] open name host:/livepad.bin flag 1 data 41378
[   17.5215] open fd = -5
[   17.5357] open name host:/livepad.bin flag 1 data 41378
[   17.5368] open fd = -5
[   17.5368] open name host:/livedbg.cmd flag 1 data 41378
[   17.5378] open fd = -5
[   17.5519] open name host:/livepad.bin flag 1 data 41378
[   17.5530] open fd = -5
[   17.5865] microVU1: Cached Prog = [012] [PC=3fd0] [List=01] (Cache=3.623%) [2.2mb]
[   17.5878] open name host:/vehicles/veh-ravager000001-shadow.png flag 1 data 41378
[   17.5903] open fd = 256
[   17.5912] open name host:/vehicles/veh-ravager000001-shadow.png flag 1 data 41378
[   17.5933] open fd = 256
[   17.6096] open name host:/sky/scene1.png flag 1 data 41378
[   17.6118] open fd = 256
[   17.6126] open name host:/sky/scene1.png flag 1 data 41378
[   17.6145] open fd = 256
[   17.9707] open name host:/vehicles/fx-skid.png flag 1 data 41378
[   17.9725] open fd = 256
[   17.9732] open name host:/vehicles/fx-skid.png flag 1 data 41378
[   17.9753] open fd = 256
[   17.9894] open name host:/vehicles/fx-smoke.png flag 1 data 41378
[   17.9917] open fd = 256
[   17.9925] open name host:/vehicles/fx-smoke.png flag 1 data 41378
[   17.9944] open fd = 256
[   17.9981] open name host:/log.txt flag 302 data 41378
[   17.9996] open fd = 256
[   18.0009] open name host:/vehicles/veh-ravager000001-wheel.tmdl flag 1 data 41378
[   18.0029] open fd = 256
[   18.0097] open name host:/vehicles/veh-ravager000001-wheelfast.tmdl flag 1 data 41378
[   18.0115] open fd = 256
[   18.0266] open name host:/log.txt flag 302 data 41378
[   18.0282] open fd = 256
[   18.0297] open name host:/log.txt flag 302 data 41378
[   18.0313] open fd = 256
[   18.0326] open name host:/log.txt flag 302 data 41378
[   18.0341] open fd = 256
[   18.1375] open name host:/log.txt flag 302 data 41378
[   18.1392] open fd = 256
[   18.1530] open name host:/log.txt flag 302 data 41378
[   18.1548] open fd = 256
[   18.1563] open name host:/log.txt flag 302 data 41378
[   18.1578] open fd = 256
[   18.1602] open name host:/log.txt flag 302 data 41378
[   18.1618] open fd = 256
[   18.1638] open name host:/log.txt flag 302 data 41378
[   18.1653] open fd = 256
[   18.1740] open name host:/log.txt flag 302 data 41378
[   18.1755] open fd = 256
[   18.1772] open name host:/log.txt flag 302 data 41378
[   18.1788] open fd = 256
[   18.1803] open name host:/log.txt flag 302 data 41378
[   18.1808] open fd = 256
[   18.1820] open name host:/log.txt flag 302 data 41378
[   18.1824] open fd = 256
[   18.1835] open name host:/log.txt flag 302 data 41378
[   18.1839] open fd = 256
[   18.1851] open name host:/log.txt flag 302 data 41378
[   18.1855] open fd = 256
[   18.1865] open name host:/log.txt flag 302 data 41378
[   18.1869] open fd = 256
[   18.1880] open name host:/log.txt flag 302 data 41378
[   18.1885] open fd = 256
[   18.1897] open name host:/log.txt flag 302 data 41378
[   18.1901] open fd = 256
[   18.1979] open name host:/log.txt flag 302 data 41378
[   18.1984] open fd = 256
[   18.1995] open name host:/log.txt flag 302 data 41378
[   18.1999] open fd = 256
[   18.2012] open name host:/log.txt flag 302 data 41378
[   18.2017] open fd = 256
[   18.2029] open name host:/log.txt flag 302 data 41378
[   18.2033] open fd = 256
[   18.2043] open name host:/log.txt flag 302 data 41378
[   18.2047] open fd = 256
[   18.2059] open name host:/log.txt flag 302 data 41378
[   18.2063] open fd = 256
[   18.2074] open name host:/log.txt flag 302 data 41378
[   18.2078] open fd = 256
[   18.2088] open name host:/log.txt flag 302 data 41378
[   18.2093] open fd = 256
[   18.2104] open name host:/log.txt flag 302 data 41378
[   18.2109] open fd = 256
[   18.2118] open name host:/log.txt flag 302 data 41378
[   18.2122] open fd = 256
[   18.2132] open name host:/log.txt flag 302 data 41378
[   18.2135] open fd = 256
[   18.2145] open name host:/log.txt flag 302 data 41378
[   18.2149] open fd = 256
[   18.2158] open name host:/log.txt flag 302 data 41378
[   18.2162] open fd = 256
[   18.2255] open name host:/log.txt flag 302 data 41378
[   18.2261] open fd = 256
[   18.2400] open name host:/livepad.bin flag 1 data 41378
[   18.2412] open fd = -5
[   18.2419] open name host:/log.txt flag 302 data 41378
[   18.2433] open fd = 256
[   18.2587] open name host:/livepad.bin flag 1 data 41378
[   18.2598] open fd = -5
[   18.2729] open name host:/livepad.bin flag 1 data 41378
[   18.2742] open fd = -5
[   18.2886] open name host:/livepad.bin flag 1 data 41378
[   18.2900] open fd = -5
[   18.3032] open name host:/livepad.bin flag 1 data 41378
[   18.3043] open fd = -5
[   18.3045] open name host:/livedbg.cmd flag 1 data 41378
[   18.3056] open fd = -5
[   18.3204] open name host:/livepad.bin flag 1 data 41378
[   18.3222] open fd = -5
[   18.3367] open name host:/livepad.bin flag 1 data 41378
[   18.3381] open fd = -5
[   18.3535] open name host:/livepad.bin flag 1 data 41378
[   18.3547] open fd = -5
[   18.3701] open name host:/livepad.bin flag 1 data 41378
[   18.3711] open fd = -5
[   18.3864] open name host:/livepad.bin flag 1 data 41378
[   18.3875] open fd = -5
[   18.4034] open name host:/livepad.bin flag 1 data 41378
[   18.4045] open fd = -5
[   18.4045] open name host:/livedbg.cmd flag 1 data 41378
[   18.4055] open fd = -5
[   18.4198] open name host:/livepad.bin flag 1 data 41378
[   18.4210] open fd = -5
[   18.4363] open name host:/livepad.bin flag 1 data 41378
[   18.4373] open fd = -5
[   18.4536] open name host:/livepad.bin flag 1 data 41378
[   18.4547] open fd = -5
[   18.4700] open name host:/livepad.bin flag 1 data 41378
[   18.4713] open fd = -5
[   18.4866] open name host:/livepad.bin flag 1 data 41378
[   18.4878] open fd = -5
[   18.5036] open name host:/livepad.bin flag 1 data 41378
[   18.5047] open fd = -5
[   18.5047] open name host:/livedbg.cmd flag 1 data 41378
[   18.5058] open fd = -5
[   18.5198] open name host:/livepad.bin flag 1 data 41378
[   18.5211] open fd = -5
[   18.5369] open name host:/livepad.bin flag 1 data 41378
[   18.5380] open fd = -5
[   18.5540] open name host:/livepad.bin flag 1 data 41378
[   18.5543] open fd = -5
[   18.5700] open name host:/livepad.bin flag 1 data 41378
[   18.5710] open fd = -5
[   18.5871] open name host:/livepad.bin flag 1 data 41378
[   18.5883] open fd = -5
[   18.6034] open name host:/livepad.bin flag 1 data 41378
[   18.6044] open fd = -5
[   18.6046] open name host:/livedbg.cmd flag 1 data 41378
[   18.6055] open fd = -5
[   18.6198] open name host:/livepad.bin flag 1 data 41378
[   18.6210] open fd = -5
[   18.6363] open name host:/livepad.bin flag 1 data 41378
[   18.6374] open fd = -5
[   18.6538] open name host:/livepad.bin flag 1 data 41378
[   18.6550] open fd = -5
[   18.6704] open name host:/livepad.bin flag 1 data 41378
[   18.6714] open fd = -5
[   18.6875] open name host:/livepad.bin flag 1 data 41378
[   18.6887] open fd = -5
[   18.7038] open name host:/livepad.bin flag 1 data 41378
[   18.7051] open fd = -5
[   18.7052] open name host:/livedbg.cmd flag 1 data 41378
[   18.7063] open fd = -5
[   18.7204] open name host:/livepad.bin flag 1 data 41378
[   18.7214] open fd = -5
[   18.7373] open name host:/livepad.bin flag 1 data 41378
[   18.7386] open fd = -5
[   18.7541] open name host:/livepad.bin flag 1 data 41378
[   18.7551] open fd = -5
[   18.7710] open name host:/livepad.bin flag 1 data 41378
[   18.7723] open fd = -5
[   18.7875] open name host:/livepad.bin flag 1 data 41378
[   18.7887] open fd = -5
[   18.8037] open name host:/livepad.bin flag 1 data 41378
[   18.8048] open fd = -5
[   18.8049] open name host:/livedbg.cmd flag 1 data 41378
[   18.8058] open fd = -5
[   18.8200] open name host:/livepad.bin flag 1 data 41378
[   18.8211] open fd = -5
[   18.8367] open name host:/livepad.bin flag 1 data 41378
[   18.8378] open fd = -5
[   18.8386] open name host:/log.txt flag 302 data 41378
[   18.8401] open fd = 256
[   18.8563] open name host:/log.txt flag 302 data 41378
[   18.8579] open fd = 256
[   18.8595] open name host:/log.txt flag 302 data 41378
[   18.8609] open fd = 256
[   18.8631] open name host:/log.txt flag 302 data 41378
[   18.8647] open fd = 256
[   18.8755] open name host:/log.txt flag 302 data 41378
[   18.8760] open fd = 256
[   18.8777] open name host:/log.txt flag 302 data 41378
[   18.8784] open fd = 256
[   18.9880] open name host:/log.txt flag 302 data 41378
[   18.9897] open fd = 256
[   19.0856] open name host:/log.txt flag 302 data 41378
[   19.0867] open fd = 256
[   19.0912] open name host:/livepad.bin flag 1 data 41378
[   19.0924] open fd = -5
[   19.1052] open name host:/log.txt flag 302 data 41378
[   19.1070] open fd = 256
[   19.1091] open name host:/log.txt flag 302 data 41378
[   19.1107] open fd = 256
[   19.1235] open name host:/livepad.bin flag 1 data 41378
[   19.1252] open fd = -5
[   19.1268] open name host:/log.txt flag 302 data 41378
[   19.1288] open fd = 256
[   19.1309] open name host:/log.txt flag 302 data 41378
[   19.1327] open fd = 256
[   19.1502] open name host:/livepad.bin flag 1 data 41378
[   19.1516] open fd = -5
[   19.1530] open name host:/log.txt flag 302 data 41378
[   19.1546] open fd = 256
[   19.1562] open name host:/log.txt flag 302 data 41378
[   19.1581] open fd = 256
[   19.1753] open name host:/livepad.bin flag 1 data 41378
[   19.1766] open fd = -5
[   19.1768] open name host:/livedbg.cmd flag 1 data 41378
[   19.1778] open fd = -5
[   19.1795] open name host:/log.txt flag 302 data 41378
[   19.1813] open fd = 256
[   19.1830] open name host:/log.txt flag 302 data 41378
[   19.1845] open fd = 256
[   19.1993] open name host:/livepad.bin flag 1 data 41378
[   19.1997] open fd = -5
[   19.2014] open name host:/log.txt flag 302 data 41378
[   19.2030] open fd = 256
[   19.2049] open name host:/log.txt flag 302 data 41378
[   19.2065] open fd = 256
[   19.2222] open name host:/livepad.bin flag 1 data 41378
[   19.2235] open fd = -5
[   19.2251] open name host:/log.txt flag 302 data 41378
[   19.2266] open fd = 256
[   19.2283] open name host:/log.txt flag 302 data 41378
[   19.2298] open fd = 256
[   19.2454] open name host:/livepad.bin flag 1 data 41378
[   19.2467] open fd = -5
[   19.2485] open name host:/log.txt flag 302 data 41378
[   19.2500] open fd = 256
[   19.2515] open name host:/log.txt flag 302 data 41378
[   19.2532] open fd = 256
[   19.2690] open name host:/livepad.bin flag 1 data 41378
[   19.2706] open fd = -5
[   19.2722] open name host:/log.txt flag 302 data 41378
[   19.2739] open fd = 256
[   19.2755] open name host:/log.txt flag 302 data 41378
[   19.2771] open fd = 256
[   19.2933] open name host:/livepad.bin flag 1 data 41378
[   19.2945] open fd = -5
[   19.2960] open name host:/log.txt flag 302 data 41378
[   19.2976] open fd = 256
[   19.2992] open name host:/log.txt flag 302 data 41378
[   19.3007] open fd = 256
[   19.3160] open name host:/livepad.bin flag 1 data 41378
[   19.3169] open fd = -5
[   19.3172] open name host:/livedbg.cmd flag 1 data 41378
[   19.3177] open fd = -5
[   19.3195] open name host:/log.txt flag 302 data 41378
[   19.3203] open fd = 256
[   19.3368] open name host:/livepad.bin flag 1 data 41378
[   19.3380] open fd = -5
[   19.3538] open name host:/livepad.bin flag 1 data 41378
[   19.3552] open fd = -5
[   19.3717] open name host:/livepad.bin flag 1 data 41378
[   19.3731] open fd = -5
[   19.3894] open name host:/livepad.bin flag 1 data 41378
[   19.3907] open fd = -5
[   19.4084] open name host:/livepad.bin flag 1 data 41378
[   19.4097] open fd = -5
[   19.4261] open name host:/livepad.bin flag 1 data 41378
[   19.4265] open fd = -5
[   19.4268] open name host:/livedbg.cmd flag 1 data 41378
[   19.4273] open fd = -5
[   19.4427] open name host:/livepad.bin flag 1 data 41378
[   19.4441] open fd = -5
[   19.4599] open name host:/livepad.bin flag 1 data 41378
[   19.4612] open fd = -5
[   19.4780] open name host:/livepad.bin flag 1 data 41378
[   19.4794] open fd = -5
[   19.4958] open name host:/livepad.bin flag 1 data 41378
[   19.4973] open fd = -5
[   19.5132] open name host:/livepad.bin flag 1 data 41378
[   19.5148] open fd = -5
[   19.5309] open name host:/livepad.bin flag 1 data 41378
[   19.5313] open fd = -5
[   19.5316] open name host:/livedbg.cmd flag 1 data 41378
[   19.5319] open fd = -5
[   19.5327] open name host:/log.txt flag 302 data 41378
[   19.5331] open fd = 256
[   19.5498] open name host:/livepad.bin flag 1 data 41378
[   19.5510] open fd = -5
[   19.5679] open name host:/livepad.bin flag 1 data 41378
[   19.5690] open fd = -5
[   19.5846] open name host:/livepad.bin flag 1 data 41378
[   19.5858] open fd = -5
[   19.6029] open name host:/livepad.bin flag 1 data 41378
[   19.6041] open fd = -5
[   19.6199] open name host:/livepad.bin flag 1 data 41378
[   19.6214] open fd = -5
[   19.6374] open name host:/livepad.bin flag 1 data 41378
[   19.6380] open fd = -5
[   19.6383] open name host:/livedbg.cmd flag 1 data 41378
[   19.6389] open fd = -5
[   19.6563] open name host:/livepad.bin flag 1 data 41378
[   19.6575] open fd = -5
[   19.6736] open name host:/livepad.bin flag 1 data 41378
[   19.6747] open fd = -5
[   19.6773] open name host:/log.txt flag 302 data 41378
[   19.6790] open fd = 256
[   19.6933] open name host:/livepad.bin flag 1 data 41378
[   19.6946] open fd = -5
[   19.7100] open name host:/livepad.bin flag 1 data 41378
[   19.7112] open fd = -5
[   19.7272] open name host:/livepad.bin flag 1 data 41378
[   19.7283] open fd = -5
[   19.7452] open name host:/livepad.bin flag 1 data 41378
[   19.7456] open fd = -5
[   19.7459] open name host:/livedbg.cmd flag 1 data 41378
[   19.7464] open fd = -5
[   19.7617] open name host:/livepad.bin flag 1 data 41378
[   19.7630] open fd = -5
[   19.7790] open name host:/livepad.bin flag 1 data 41378
[   19.7801] open fd = -5
[   19.7961] open name host:/livepad.bin flag 1 data 41378
[   19.7974] open fd = -5
[   19.8135] open name host:/livepad.bin flag 1 data 41378
[   19.8147] open fd = -5
[   19.8304] open name host:/livepad.bin flag 1 data 41378
[   19.8319] open fd = -5
[   19.8471] open name host:/livepad.bin flag 1 data 41378
[   19.8480] open fd = -5
[   19.8483] open name host:/livedbg.cmd flag 1 data 41378
[   19.8488] open fd = -5
[   19.8657] open name host:/livepad.bin flag 1 data 41378
[   19.8669] open fd = -5
[   19.8821] open name host:/livepad.bin flag 1 data 41378
[   19.8832] open fd = -5
[   19.9003] open name host:/livepad.bin flag 1 data 41378
[   19.9016] open fd = -5
[   19.9196] open name host:/livepad.bin flag 1 data 41378
[   19.9208] open fd = -5
[   19.9365] open name host:/livepad.bin flag 1 data 41378
[   19.9378] open fd = -5
[   19.9536] open name host:/livepad.bin flag 1 data 41378
[   19.9539] open fd = -5
[   19.9542] open name host:/livedbg.cmd flag 1 data 41378
[   19.9553] open fd = -5
[   19.9709] open name host:/livepad.bin flag 1 data 41378
[   19.9722] open fd = -5
[   19.9734] open name host:/log.txt flag 302 data 41378
[   19.9749] open fd = 256
[   19.9931] open name host:/livepad.bin flag 1 data 41378
[   19.9943] open fd = -5
[   20.0113] open name host:/livepad.bin flag 1 data 41378
[   20.0124] open fd = -5
[   20.0141] open name host:/log.txt flag 302 data 41378
[   20.0156] open fd = 256
[   20.0313] FRAMEARENA frames=600 peak=1037904 resets=3 fallbacks=0 maxFrameBytes=2731360 maxBorrowed=2120800 freeKiB=10347
[   20.0315] NATIVEVIF frames=600 batches=603
[   20.0317] ORDEREDFRAME frames=600 splitFrames=2
[   20.0319] FRAMEPIPELINE starts=600 dmaBusyStarts=147
[   20.0324] open name host:/livepad.bin flag 1 data 41378
[   20.0336] open fd = -5
[   20.0494] open name host:/livepad.bin flag 1 data 41378
[   20.0507] open fd = -5
[   20.0667] open name host:/livepad.bin flag 1 data 41378
[   20.0679] open fd = -5
[   20.0682] open name host:/livedbg.cmd flag 1 data 41378
[   20.0694] open fd = -5
[   20.0863] open name host:/livepad.bin flag 1 data 41378
[   20.0878] open fd = -5
[   20.1033] open name host:/livepad.bin flag 1 data 41378
[   20.1045] open fd = -5
[   20.1204] open name host:/livepad.bin flag 1 data 41378
[   20.1216] open fd = -5
[   20.1369] open name host:/livepad.bin flag 1 data 41378
[   20.1381] open fd = -5
[   20.1539] open name host:/livepad.bin flag 1 data 41378
[   20.1552] open fd = -5
[   20.1717] open name host:/livepad.bin flag 1 data 41378
[   20.1730] open fd = -5
[   20.1733] open name host:/livedbg.cmd flag 1 data 41378
[   20.1743] open fd = -5
[   20.1904] open name host:/livepad.bin flag 1 data 41378
[   20.1916] open fd = -5
[   20.2076] open name host:/livepad.bin flag 1 data 41378
[   20.2093] open fd = -5
[   20.2104] open name host:/log.txt flag 302 data 41378
[   20.2118] open fd = 256
[   20.2283] open name host:/livepad.bin flag 1 data 41378
[   20.2295] open fd = -5
[   20.2448] open name host:/livepad.bin flag 1 data 41378
[   20.2464] open fd = -5
[   20.2623] open name host:/livepad.bin flag 1 data 41378
[   20.2637] open fd = -5
[   20.2787] open name host:/livepad.bin flag 1 data 41378
[   20.2798] open fd = -5
[   20.2801] open name host:/livedbg.cmd flag 1 data 41378
[   20.2810] open fd = -5
[   20.3041] open name host:/livepad.bin flag 1 data 41378
[   20.3053] open fd = -5
[   20.3222] open name host:/livepad.bin flag 1 data 41378
[   20.3235] open fd = -5
[   20.3395] open name host:/livepad.bin flag 1 data 41378
[   20.3408] open fd = -5
[   20.3579] open name host:/livepad.bin flag 1 data 41378
[   20.3591] open fd = -5
[   20.3747] open name host:/livepad.bin flag 1 data 41378
[   20.3758] open fd = -5
[   20.3921] open name host:/livepad.bin flag 1 data 41378
[   20.3932] open fd = -5
[   20.3934] open name host:/livedbg.cmd flag 1 data 41378
[   20.3945] open fd = -5
[   20.4109] open name host:/livepad.bin flag 1 data 41378
[   20.4123] open fd = -5
[   20.4284] open name host:/livepad.bin flag 1 data 41378
[   20.4299] open fd = -5
[   20.4309] open name host:/log.txt flag 302 data 41378
[   20.4324] open fd = 256
[   20.4502] open name host:/livepad.bin flag 1 data 41378
[   20.4513] open fd = -5
[   20.4681] open name host:/livepad.bin flag 1 data 41378
[   20.4694] open fd = -5
[   20.4871] open name host:/livepad.bin flag 1 data 41378
[   20.4885] open fd = -5
[   20.5051] open name host:/livepad.bin flag 1 data 41378
[   20.5066] open fd = -5
[   20.5070] open name host:/livedbg.cmd flag 1 data 41378
[   20.5080] open fd = -5
[   20.5251] open name host:/livepad.bin flag 1 data 41378
[   20.5263] open fd = -5
[   20.5418] open name host:/livepad.bin flag 1 data 41378
[   20.5432] open fd = -5
[   20.5593] open name host:/livepad.bin flag 1 data 41378
[   20.5610] open fd = -5
[   20.5771] open name host:/livepad.bin flag 1 data 41378
[   20.5782] open fd = -5
[   20.5810] open name host:/log.txt flag 302 data 41378
[   20.5826] open fd = 256
[   20.5974] open name host:/livepad.bin flag 1 data 41378
[   20.5987] open fd = -5
[   20.6160] open name host:/livepad.bin flag 1 data 41378
[   20.6172] open fd = -5
[   20.6176] open name host:/livedbg.cmd flag 1 data 41378
[   20.6185] open fd = -5
[   20.6347] open name host:/livepad.bin flag 1 data 41378
[   20.6359] open fd = -5
[   20.6519] open name host:/livepad.bin flag 1 data 41378
[   20.6531] open fd = -5
[   20.6691] open name host:/livepad.bin flag 1 data 41378
[   20.6704] open fd = -5
[   20.6861] open name host:/livepad.bin flag 1 data 41378
[   20.6873] open fd = -5
[   20.7044] open name host:/livepad.bin flag 1 data 41378
[   20.7048] open fd = -5
[   20.7207] open name host:/livepad.bin flag 1 data 41378
[   20.7219] open fd = -5
[   20.7221] open name host:/livedbg.cmd flag 1 data 41378
[   20.7231] open fd = -5
[   20.7390] open name host:/livepad.bin flag 1 data 41378
[   20.7404] open fd = -5
[   20.7573] open name host:/livepad.bin flag 1 data 41378
[   20.7589] open fd = -5
[   20.7761] open name host:/livepad.bin flag 1 data 41378
[   20.7773] open fd = -5
[   20.7941] open name host:/livepad.bin flag 1 data 41378
[   20.7953] open fd = -5
[   20.8114] open name host:/livepad.bin flag 1 data 41378
[   20.8119] open fd = -5
[   20.8281] open name host:/livepad.bin flag 1 data 41378
[   20.8294] open fd = -5
[   20.8296] open name host:/livedbg.cmd flag 1 data 41378
[   20.8307] open fd = -5
[   20.8471] open name host:/livepad.bin flag 1 data 41378
[   20.8484] open fd = -5
[   20.8642] open name host:/livepad.bin flag 1 data 41378
[   20.8655] open fd = -5
[   20.8808] open name host:/livepad.bin flag 1 data 41378
[   20.8820] open fd = -5
[   20.8832] open name host:/log.txt flag 302 data 41378
[   20.8849] open fd = 256
[   20.9006] open name host:/livepad.bin flag 1 data 41378
[   20.9020] open fd = -5
[   20.9182] open name host:/livepad.bin flag 1 data 41378
[   20.9188] open fd = -5
[   20.9344] open name host:/livepad.bin flag 1 data 41378
[   20.9356] open fd = -5
[   20.9358] open name host:/livedbg.cmd flag 1 data 41378
[   20.9368] open fd = -5
[   20.9525] open name host:/livepad.bin flag 1 data 41378
[   20.9537] open fd = -5
[   20.9695] open name host:/livepad.bin flag 1 data 41378
[   20.9709] open fd = -5
[   20.9876] open name host:/livepad.bin flag 1 data 41378
[   20.9888] open fd = -5
[   21.0041] open name host:/livepad.bin flag 1 data 41378
[   21.0053] open fd = -5
[   21.0218] open name host:/livepad.bin flag 1 data 41378
[   21.0227] open fd = -5
[   21.0389] open name host:/livepad.bin flag 1 data 41378
[   21.0402] open fd = -5
[   21.0406] open name host:/livedbg.cmd flag 1 data 41378
[   21.0416] open fd = -5
[   21.0571] open name host:/livepad.bin flag 1 data 41378
[   21.0583] open fd = -5
[   21.0744] open name host:/livepad.bin flag 1 data 41378
[   21.0757] open fd = -5
[   21.0916] open name host:/livepad.bin flag 1 data 41378
[   21.0926] open fd = -5
[   21.1084] open name host:/livepad.bin flag 1 data 41378
[   21.1095] open fd = -5
[   21.1252] open name host:/livepad.bin flag 1 data 41378
[   21.1263] open fd = -5
[   21.1435] open name host:/livepad.bin flag 1 data 41378
[   21.1447] open fd = -5
[   21.1450] open name host:/livedbg.cmd flag 1 data 41378
[   21.1460] open fd = -5
[   21.1613] open name host:/livepad.bin flag 1 data 41378
[   21.1625] open fd = -5
[   21.1785] open name host:/livepad.bin flag 1 data 41378
[   21.1796] open fd = -5
[   21.1950] open name host:/livepad.bin flag 1 data 41378
[   21.1963] open fd = -5
[   21.2113] open name host:/livepad.bin flag 1 data 41378
[   21.2125] open fd = -5
[   21.2287] open name host:/livepad.bin flag 1 data 41378
[   21.2299] open fd = -5
[   21.2457] open name host:/livepad.bin flag 1 data 41378
[   21.2469] open fd = -5
[   21.2471] open name host:/livedbg.cmd flag 1 data 41378
[   21.2481] open fd = -5
[   21.2644] open name host:/livepad.bin flag 1 data 41378
[   21.2656] open fd = -5
[   21.2661] open name host:/log.txt flag 302 data 41378
[   21.2676] open fd = 256
[   21.2971] open name host:/livepad.bin flag 1 data 41378
[   21.2985] open fd = -5
[   21.3000] open name host:/log.txt flag 302 data 41378
[   21.3015] open fd = 256
[   21.3182] open name host:/livepad.bin flag 1 data 41378
[   21.3194] open fd = -5
[   21.3205] open name host:/log.txt flag 302 data 41378
[   21.3220] open fd = 256
[   21.3395] open name host:/livepad.bin flag 1 data 41378
[   21.3399] open fd = -5
[   21.3577] open name host:/livepad.bin flag 1 data 41378
[   21.3590] open fd = -5
[   21.3765] open name host:/livepad.bin flag 1 data 41378
[   21.3777] open fd = -5
[   21.3781] open name host:/livedbg.cmd flag 1 data 41378
[   21.3790] open fd = -5
[   21.3959] open name host:/livepad.bin flag 1 data 41378
[   21.3971] open fd = -5
[   21.4140] open name host:/livepad.bin flag 1 data 41378
[   21.4153] open fd = -5
[   21.4311] open name host:/livepad.bin flag 1 data 41378
[   21.4323] open fd = -5
[   21.4493] open name host:/livepad.bin flag 1 data 41378
[   21.4507] open fd = -5
[   21.4677] open name host:/livepad.bin flag 1 data 41378
[   21.4690] open fd = -5
[   21.4855] open name host:/livepad.bin flag 1 data 41378
[   21.4869] open fd = -5
[   21.4871] open name host:/livedbg.cmd flag 1 data 41378
[   21.4884] open fd = -5
[   21.4913] open name host:/log.txt flag 302 data 41378
[   21.4929] open fd = 256
[   21.5091] open name host:/livepad.bin flag 1 data 41378
[   21.5104] open fd = -5
[   21.5272] open name host:/livepad.bin flag 1 data 41378
[   21.5284] open fd = -5
[   21.5441] open name host:/livepad.bin flag 1 data 41378
[   21.5453] open fd = -5
[   21.5617] open name host:/livepad.bin flag 1 data 41378
[   21.5629] open fd = -5
[   21.5792] open name host:/livepad.bin flag 1 data 41378
[   21.5807] open fd = -5
[   21.5969] open name host:/livepad.bin flag 1 data 41378
[   21.5981] open fd = -5
[   21.5985] open name host:/livedbg.cmd flag 1 data 41378
[   21.5996] open fd = -5
[   21.6170] open name host:/livepad.bin flag 1 data 41378
[   21.6185] open fd = -5
[   21.6353] open name host:/livepad.bin flag 1 data 41378
[   21.6366] open fd = -5
[   21.6532] open name host:/livepad.bin flag 1 data 41378
[   21.6547] open fd = -5
[   21.6715] open name host:/livepad.bin flag 1 data 41378
[   21.6732] open fd = -5
[   21.6899] open name host:/livepad.bin flag 1 data 41378
[   21.6913] open fd = -5
[   21.7080] open name host:/livepad.bin flag 1 data 41378
[   21.7093] open fd = -5
[   21.7096] open name host:/livedbg.cmd flag 1 data 41378
[   21.7109] open fd = -5
[   21.7299] open name host:/livepad.bin flag 1 data 41378
[   21.7312] open fd = -5
[   21.7478] open name host:/livepad.bin flag 1 data 41378
[   21.7491] open fd = -5
[   21.7662] open name host:/livepad.bin flag 1 data 41378
[   21.7673] open fd = -5
[   21.7844] open name host:/livepad.bin flag 1 data 41378
[   21.7855] open fd = -5
[   21.7865] open name host:/log.txt flag 302 data 41378
[   21.7880] open fd = 256
[   21.8049] open name host:/livepad.bin flag 1 data 41378
[   21.8063] open fd = -5
[   21.8251] open name host:/livepad.bin flag 1 data 41378
[   21.8263] open fd = -5
[   21.8265] open name host:/livedbg.cmd flag 1 data 41378
[   21.8274] open fd = -5
[   21.8430] open name host:/livepad.bin flag 1 data 41378
[   21.8444] open fd = -5
[   21.8614] open name host:/livepad.bin flag 1 data 41378
[   21.8627] open fd = -5
[   21.8806] open name host:/livepad.bin flag 1 data 41378
[   21.8816] open fd = -5
[   21.8980] open name host:/livepad.bin flag 1 data 41378
[   21.8992] open fd = -5
[   21.9155] open name host:/livepad.bin flag 1 data 41378
[   21.9169] open fd = -5
[   21.9337] open name host:/livepad.bin flag 1 data 41378
[   21.9349] open fd = -5
[   21.9352] open name host:/livedbg.cmd flag 1 data 41378
[   21.9362] open fd = -5
[   21.9537] open name host:/livepad.bin flag 1 data 41378
[   21.9548] open fd = -5
[   21.9721] open name host:/livepad.bin flag 1 data 41378
[   21.9732] open fd = -5
[   21.9902] open name host:/livepad.bin flag 1 data 41378
[   21.9917] open fd = -5
[   22.0089] open name host:/livepad.bin flag 1 data 41378
[   22.0104] open fd = -5
[   22.0287] open name host:/livepad.bin flag 1 data 41378
[   22.0298] open fd = -5
[   22.0474] open name host:/livepad.bin flag 1 data 41378
[   22.0486] open fd = -5
[   22.0488] open name host:/livedbg.cmd flag 1 data 41378
[   22.0498] open fd = -5
[   22.0685] open name host:/livepad.bin flag 1 data 41378
[   22.0699] open fd = -5
[   22.0874] open name host:/livepad.bin flag 1 data 41378
[   22.0884] open fd = -5
[   22.1043] open name host:/livepad.bin flag 1 data 41378
[   22.1057] open fd = -5
[   22.1224] open name host:/livepad.bin flag 1 data 41378
[   22.1236] open fd = -5
[   22.1404] open name host:/livepad.bin flag 1 data 41378
[   22.1416] open fd = -5
[   22.1579] open name host:/livepad.bin flag 1 data 41378
[   22.1591] open fd = -5
[   22.1593] open name host:/livedbg.cmd flag 1 data 41378
[   22.1605] open fd = -5
[   22.1785] open name host:/livepad.bin flag 1 data 41378
[   22.1796] open fd = -5
[   22.1973] open name host:/livepad.bin flag 1 data 41378
[   22.1985] open fd = -5
[   22.2148] open name host:/livepad.bin flag 1 data 41378
[   22.2161] open fd = -5
[   22.2322] FRAMEARENA frames=720 peak=1037904 resets=3 fallbacks=0 maxFrameBytes=2731360 maxBorrowed=2120800 freeKiB=10354
[   22.2324] NATIVEVIF frames=720 batches=723
[   22.2326] ORDEREDFRAME frames=720 splitFrames=2
[   22.2327] FRAMEPIPELINE starts=720 dmaBusyStarts=147
[   22.2330] open name host:/livepad.bin flag 1 data 41378
[   22.2342] open fd = -5
[   22.2507] open name host:/livepad.bin flag 1 data 41378
[   22.2519] open fd = -5
[   22.2530] open name host:/log.txt flag 302 data 41378
[   22.2545] open fd = 256
[   22.2715] open name host:/livepad.bin flag 1 data 41378
[   22.2729] open fd = -5
[   22.2732] open name host:/livedbg.cmd flag 1 data 41378
[   22.2742] open fd = -5
[   22.2907] open name host:/livepad.bin flag 1 data 41378
[   22.2912] open fd = -5
[   22.3074] open name host:/livepad.bin flag 1 data 41378
[   22.3086] open fd = -5
[   22.3258] open name host:/livepad.bin flag 1 data 41378
[   22.3270] open fd = -5
[   22.3485] open name host:/livepad.bin flag 1 data 41378
[   22.3497] open fd = -5
[   22.3656] open name host:/livepad.bin flag 1 data 41378
[   22.3668] open fd = -5
[   22.3831] open name host:/livepad.bin flag 1 data 41378
[   22.3843] open fd = -5
[   22.3846] open name host:/livedbg.cmd flag 1 data 41378
[   22.3856] open fd = -5
[   22.4014] open name host:/livepad.bin flag 1 data 41378
[   22.4024] open fd = -5
[   22.4207] open name host:/livepad.bin flag 1 data 41378
[   22.4218] open fd = -5
[   22.4231] open name host:/log.txt flag 302 data 41378
[   22.4247] open fd = 256
[   22.4281] open name host:/log.txt flag 302 data 41378
[   22.4296] open fd = 256
[   22.4447] open name host:/livepad.bin flag 1 data 41378
[   22.4459] open fd = -5
[   22.4620] open name host:/livepad.bin flag 1 data 41378
[   22.4632] open fd = -5
[   22.4823] open name host:/livepad.bin flag 1 data 41378
[   22.4835] open fd = -5
[   22.4979] open name host:/livepad.bin flag 1 data 41378
[   22.4990] open fd = -5
[   22.4992] open name host:/livedbg.cmd flag 1 data 41378
[   22.5001] open fd = -5
[   22.5194] open name host:/livepad.bin flag 1 data 41378
[   22.5205] open fd = -5
[   22.5369] open name host:/livepad.bin flag 1 data 41378
[   22.5381] open fd = -5
[   22.5554] open name host:/livepad.bin flag 1 data 41378
[   22.5565] open fd = -5
[   22.5734] open name host:/livepad.bin flag 1 data 41378
[   22.5747] open fd = -5
[   22.5923] open name host:/livepad.bin flag 1 data 41378
[   22.5935] open fd = -5
[   22.6098] open name host:/livepad.bin flag 1 data 41378
[   22.6112] open fd = -5
[   22.6115] open name host:/livedbg.cmd flag 1 data 41378
[   22.6124] open fd = -5
[   22.6287] open name host:/livepad.bin flag 1 data 41378
[   22.6300] open fd = -5
[   22.6490] open name host:/livepad.bin flag 1 data 41378
[   22.6501] open fd = -5
[   22.6678] open name host:/livepad.bin flag 1 data 41378
[   22.6689] open fd = -5
[   22.6879] open name host:/livepad.bin flag 1 data 41378
[   22.6891] open fd = -5
[   22.7063] open name host:/livepad.bin flag 1 data 41378
[   22.7077] open fd = -5
[   22.7253] open name host:/livepad.bin flag 1 data 41378
[   22.7265] open fd = -5
[   22.7267] open name host:/livedbg.cmd flag 1 data 41378
[   22.7277] open fd = -5
[   22.7288] open name host:/log.txt flag 302 data 41378
[   22.7305] open fd = 256
[   22.7503] open name host:/livepad.bin flag 1 data 41378
[   22.7514] open fd = -5
[   22.7691] open name host:/livepad.bin flag 1 data 41378
[   22.7704] open fd = -5
[   22.7882] open name host:/livepad.bin flag 1 data 41378
[   22.7893] open fd = -5
[   22.7911] open name host:/log.txt flag 302 data 41378
[   22.7928] open fd = 256
[   22.8093] open name host:/livepad.bin flag 1 data 41378
[   22.8106] open fd = -5
[   22.8266] open name host:/livepad.bin flag 1 data 41378
[   22.8278] open fd = -5
[   22.8439] open name host:/livepad.bin flag 1 data 41378
[   22.8450] open fd = -5
[   22.8452] open name host:/livedbg.cmd flag 1 data 41378
[   22.8462] open fd = -5
[   22.8628] open name host:/livepad.bin flag 1 data 41378
[   22.8640] open fd = -5
[   22.8802] open name host:/livepad.bin flag 1 data 41378
[   22.8813] open fd = -5
[   22.8970] open name host:/livepad.bin flag 1 data 41378
[   22.8982] open fd = -5
[   22.9146] open name host:/livepad.bin flag 1 data 41378
[   22.9156] open fd = -5
[   22.9326] open name host:/livepad.bin flag 1 data 41378
[   22.9339] open fd = -5
[   22.9501] open name host:/livepad.bin flag 1 data 41378
[   22.9516] open fd = -5
[   22.9519] open name host:/livedbg.cmd flag 1 data 41378
[   22.9531] open fd = -5
[   22.9681] open name host:/livepad.bin flag 1 data 41378
[   22.9695] open fd = -5
[   22.9863] open name host:/livepad.bin flag 1 data 41378
[   22.9876] open fd = -5
[   23.0040] open name host:/livepad.bin flag 1 data 41378
[   23.0052] open fd = -5
[   23.0215] open name host:/livepad.bin flag 1 data 41378
[   23.0230] open fd = -5
[   23.0390] open name host:/livepad.bin flag 1 data 41378
[   23.0403] open fd = -5
[   23.0575] open name host:/livepad.bin flag 1 data 41378
[   23.0588] open fd = -5
[   23.0591] open name host:/livedbg.cmd flag 1 data 41378
[   23.0601] open fd = -5
[   23.0765] open name host:/livepad.bin flag 1 data 41378
[   23.0776] open fd = -5
[   23.0942] open name host:/livepad.bin flag 1 data 41378
[   23.0946] open fd = -5
[   23.1104] open name host:/livepad.bin flag 1 data 41378
[   23.1117] open fd = -5
[   23.1269] open name host:/livepad.bin flag 1 data 41378
[   23.1281] open fd = -5
[   23.1447] open name host:/livepad.bin flag 1 data 41378
[   23.1460] open fd = -5
[   23.1621] open name host:/livepad.bin flag 1 data 41378
[   23.1634] open fd = -5
[   23.1637] open name host:/livedbg.cmd flag 1 data 41378
[   23.1647] open fd = -5
[   23.1807] open name host:/livepad.bin flag 1 data 41378
[   23.1818] open fd = -5
[   23.1827] open name host:/log.txt flag 302 data 41378
[   23.1844] open fd = 256
[   23.2018] open name host:/livepad.bin flag 1 data 41378
[   23.2023] open fd = -5
[   23.2192] open name host:/livepad.bin flag 1 data 41378
[   23.2205] open fd = -5
[   23.2370] open name host:/livepad.bin flag 1 data 41378
[   23.2382] open fd = -5
[   23.2541] open name host:/livepad.bin flag 1 data 41378
[   23.2554] open fd = -5
[   23.2716] open name host:/livepad.bin flag 1 data 41378
[   23.2728] open fd = -5
[   23.2731] open name host:/livedbg.cmd flag 1 data 41378
[   23.2740] open fd = -5
[   23.2907] open name host:/livepad.bin flag 1 data 41378
[   23.2920] open fd = -5
[   23.3080] open name host:/livepad.bin flag 1 data 41378
[   23.3084] open fd = -5
[   23.3251] open name host:/livepad.bin flag 1 data 41378
[   23.3263] open fd = -5
[   23.3421] open name host:/livepad.bin flag 1 data 41378
[   23.3435] open fd = -5
[   23.3464] open name host:/log.txt flag 302 data 41378
[   23.3483] open fd = 256
[   23.3632] open name host:/livepad.bin flag 1 data 41378
[   23.3645] open fd = -5
[   23.3811] open name host:/livepad.bin flag 1 data 41378
[   23.3824] open fd = -5
[   23.3828] open name host:/livedbg.cmd flag 1 data 41378
[   23.3837] open fd = -5
[   23.3999] open name host:/livepad.bin flag 1 data 41378
[   23.4012] open fd = -5
[   23.4181] open name host:/livepad.bin flag 1 data 41378
[   23.4191] open fd = -5
[   23.4352] open name host:/livepad.bin flag 1 data 41378
[   23.4364] open fd = -5
[   23.4528] open name host:/livepad.bin flag 1 data 41378
[   23.4540] open fd = -5
[   23.4705] open name host:/livepad.bin flag 1 data 41378
[   23.4718] open fd = -5
[   23.4880] open name host:/livepad.bin flag 1 data 41378
[   23.4895] open fd = -5
[   23.4898] open name host:/livedbg.cmd flag 1 data 41378
[   23.4909] open fd = -5
[   23.5072] open name host:/livepad.bin flag 1 data 41378
[   23.5085] open fd = -5
[   23.5248] open name host:/livepad.bin flag 1 data 41378
[   23.5259] open fd = -5
[   23.5270] open name host:/log.txt flag 302 data 41378
[   23.5285] open fd = 256
[   23.5456] open name host:/livepad.bin flag 1 data 41378
[   23.5469] open fd = -5
[   23.5631] open name host:/livepad.bin flag 1 data 41378
[   23.5642] open fd = -5
[   23.5805] open name host:/livepad.bin flag 1 data 41378
[   23.5817] open fd = -5
[   23.5979] open name host:/livepad.bin flag 1 data 41378
[   23.5992] open fd = -5
[   23.5996] open name host:/livedbg.cmd flag 1 data 41378
[   23.6006] open fd = -5
[   23.6177] open name host:/livepad.bin flag 1 data 41378
[   23.6190] open fd = -5
[   23.6371] open name host:/livepad.bin flag 1 data 41378
[   23.6383] open fd = -5
[   23.6391] open name host:/log.txt flag 302 data 41378
[   23.6409] open fd = 256
[   23.6592] open name host:/livepad.bin flag 1 data 41378
[   23.6605] open fd = -5
[   23.6764] open name host:/livepad.bin flag 1 data 41378
[   23.6777] open fd = -5
[   23.6944] open name host:/livepad.bin flag 1 data 41378
[   23.6955] open fd = -5
[   23.7118] open name host:/livepad.bin flag 1 data 41378
[   23.7132] open fd = -5
[   23.7133] open name host:/livedbg.cmd flag 1 data 41378
[   23.7143] open fd = -5
[   23.7300] open name host:/livepad.bin flag 1 data 41378
[   23.7303] open fd = -5
[   23.7469] open name host:/livepad.bin flag 1 data 41378
[   23.7480] open fd = -5
[   23.7643] open name host:/livepad.bin flag 1 data 41378
[   23.7655] open fd = -5
[   23.7815] open name host:/livepad.bin flag 1 data 41378
[   23.7826] open fd = -5
[   23.7992] open name host:/livepad.bin flag 1 data 41378
[   23.8004] open fd = -5
[   23.8166] open name host:/livepad.bin flag 1 data 41378
[   23.8179] open fd = -5
[   23.8182] open name host:/livedbg.cmd flag 1 data 41378
[   23.8193] open fd = -5
[   23.8350] open name host:/livepad.bin flag 1 data 41378
[   23.8354] open fd = -5
[   23.8521] open name host:/livepad.bin flag 1 data 41378
[   23.8535] open fd = -5
[   23.8699] open name host:/livepad.bin flag 1 data 41378
[   23.8712] open fd = -5
[   23.8887] open name host:/livepad.bin flag 1 data 41378
[   23.8900] open fd = -5
[   23.9062] open name host:/livepad.bin flag 1 data 41378
[   23.9073] open fd = -5
[   23.9253] open name host:/livepad.bin flag 1 data 41378
[   23.9265] open fd = -5
[   23.9268] open name host:/livedbg.cmd flag 1 data 41378
[   23.9278] open fd = -5
[   23.9445] open name host:/livepad.bin flag 1 data 41378
[   23.9449] open fd = -5
[   23.9619] open name host:/livepad.bin flag 1 data 41378
[   23.9631] open fd = -5
[   23.9793] open name host:/livepad.bin flag 1 data 41378
[   23.9805] open fd = -5
[   23.9985] open name host:/livepad.bin flag 1 data 41378
[   23.9997] open fd = -5
[   24.0176] open name host:/livepad.bin flag 1 data 41378
[   24.0190] open fd = -5
[   24.0375] open name host:/livepad.bin flag 1 data 41378
[   24.0389] open fd = -5
[   24.0393] open name host:/livedbg.cmd flag 1 data 41378
[   24.0403] open fd = -5
[   24.0562] open name host:/livepad.bin flag 1 data 41378
[   24.0573] open fd = -5
[   24.0742] open name host:/livepad.bin flag 1 data 41378
[   24.0753] open fd = -5
[   24.0916] open name host:/livepad.bin flag 1 data 41378
[   24.0928] open fd = -5
[   24.0937] open name host:/log.txt flag 302 data 41378
[   24.0952] open fd = 256
[   24.1126] open name host:/livepad.bin flag 1 data 41378
[   24.1138] open fd = -5
[   24.1298] open name host:/livepad.bin flag 1 data 41378
[   24.1309] open fd = -5
[   24.1479] open name host:/livepad.bin flag 1 data 41378
[   24.1492] open fd = -5
[   24.1495] open name host:/livedbg.cmd flag 1 data 41378
[   24.1505] open fd = -5
[   24.1675] open name host:/livepad.bin flag 1 data 41378
[   24.1688] open fd = -5
[   24.1867] open name host:/livepad.bin flag 1 data 41378
[   24.1879] open fd = -5
[   24.2050] open name host:/livepad.bin flag 1 data 41378
[   24.2061] open fd = -5
[   24.2225] open name host:/livepad.bin flag 1 data 41378
[   24.2237] open fd = -5
[   24.2405] open name host:/livepad.bin flag 1 data 41378
[   24.2417] open fd = -5
[   24.2582] open name host:/livepad.bin flag 1 data 41378
[   24.2587] open fd = -5
[   24.2590] open name host:/livedbg.cmd flag 1 data 41378
[   24.2595] open fd = -5
[   24.2627] open name host:/log.txt flag 302 data 41378
[   24.2648] open fd = 256
[   24.2822] open name host:/livepad.bin flag 1 data 41378
[   24.2835] open fd = -5
[   24.3004] open name host:/livepad.bin flag 1 data 41378
[   24.3015] open fd = -5
[   24.3187] open name host:/livepad.bin flag 1 data 41378
[   24.3202] open fd = -5
[   24.3363] open name host:/livepad.bin flag 1 data 41378
[   24.3377] open fd = -5
[   24.3540] open name host:/livepad.bin flag 1 data 41378
[   24.3552] open fd = -5
[   24.3720] open name host:/livepad.bin flag 1 data 41378
[   24.3732] open fd = -5
[   24.3736] open name host:/livedbg.cmd flag 1 data 41378
[   24.3746] open fd = -5
[   24.3913] open name host:/livepad.bin flag 1 data 41378
[   24.3924] open fd = -5
[   24.4092] open name host:/livepad.bin flag 1 data 41378
[   24.4105] open fd = -5
[   24.4264] open name host:/livepad.bin flag 1 data 41378
[   24.4277] open fd = -5
[   24.4449] FRAMEARENA frames=840 peak=1037904 resets=3 fallbacks=0 maxFrameBytes=2731360 maxBorrowed=2120800 freeKiB=12826
[   24.4451] NATIVEVIF frames=840 batches=843
[   24.4452] ORDEREDFRAME frames=840 splitFrames=2
[   24.4454] FRAMEPIPELINE starts=840 dmaBusyStarts=147
[   24.4456] open name host:/livepad.bin flag 1 data 41378
[   24.4470] open fd = -5
[   24.4626] open name host:/livepad.bin flag 1 data 41378
[   24.4638] open fd = -5
[   24.4797] open name host:/livepad.bin flag 1 data 41378
[   24.4811] open fd = -5
[   24.4813] open name host:/livedbg.cmd flag 1 data 41378
[   24.4823] open fd = -5
[   24.4979] open name host:/livepad.bin flag 1 data 41378
[   24.4991] open fd = -5
[   24.5157] open name host:/livepad.bin flag 1 data 41378
[   24.5170] open fd = -5
[   24.5332] open name host:/livepad.bin flag 1 data 41378
[   24.5343] open fd = -5
[   24.5510] open name host:/livepad.bin flag 1 data 41378
[   24.5523] open fd = -5
[   24.5532] open name host:/log.txt flag 302 data 41378
[   24.5548] open fd = 256
[   24.5728] open name host:/livepad.bin flag 1 data 41378
[   24.5741] open fd = -5
[   24.5905] open name host:/livepad.bin flag 1 data 41378
[   24.5916] open fd = -5
[   24.5919] open name host:/livedbg.cmd flag 1 data 41378
[   24.5928] open fd = -5
[   24.6104] open name host:/livepad.bin flag 1 data 41378
[   24.6116] open fd = -5
[   24.6121] open name host:/log.txt flag 302 data 41378
[   24.6137] open fd = 256
[   24.6304] open name host:/livepad.bin flag 1 data 41378
[   24.6315] open fd = -5
[   24.6325] open name host:/log.txt flag 302 data 41378
[   24.6340] open fd = 256
[   24.6520] open name host:/livepad.bin flag 1 data 41378
[   24.6534] open fd = -5
[   24.6692] open name host:/livepad.bin flag 1 data 41378
[   24.6703] open fd = -5
[   24.6869] open name host:/livepad.bin flag 1 data 41378
[   24.6879] open fd = -5
[   24.7040] open name host:/livepad.bin flag 1 data 41378
[   24.7053] open fd = -5
[   24.7055] open name host:/livedbg.cmd flag 1 data 41378
[   24.7067] open fd = -5
[   24.7225] open name host:/livepad.bin flag 1 data 41378
[   24.7237] open fd = -5
[   24.7398] open name host:/livepad.bin flag 1 data 41378
[   24.7414] open fd = -5
[   24.7563] open name host:/livepad.bin flag 1 data 41378
[   24.7575] open fd = -5
[   24.7731] open name host:/livepad.bin flag 1 data 41378
[   24.7744] open fd = -5
[   24.7903] open name host:/livepad.bin flag 1 data 41378
[   24.7907] open fd = -5
[   24.8075] open name host:/livepad.bin flag 1 data 41378
[   24.8087] open fd = -5
[   24.8089] open name host:/livedbg.cmd flag 1 data 41378
[   24.8099] open fd = -5
[   24.8266] open name host:/livepad.bin flag 1 data 41378
[   24.8279] open fd = -5
[   24.8540] open name host:/livepad.bin flag 1 data 41378
[   24.8554] open fd = -5
[   24.8724] open name host:/livepad.bin flag 1 data 41378
[   24.8738] open fd = -5
[   24.8899] open name host:/livepad.bin flag 1 data 41378
[   24.8912] open fd = -5
[   24.9076] open name host:/livepad.bin flag 1 data 41378
[   24.9088] open fd = -5
[   24.9247] open name host:/livepad.bin flag 1 data 41378
[   24.9258] open fd = -5
[   24.9260] open name host:/livedbg.cmd flag 1 data 41378
[   24.9270] open fd = -5
[   24.9427] open name host:/livepad.bin flag 1 data 41378
[   24.9442] open fd = -5
[   24.9595] open name host:/livepad.bin flag 1 data 41378
[   24.9607] open fd = -5
[   24.9767] open name host:/livepad.bin flag 1 data 41378
[   24.9781] open fd = -5
[   24.9937] open name host:/livepad.bin flag 1 data 41378
[   24.9949] open fd = -5
[   25.0104] open name host:/livepad.bin flag 1 data 41378
[   25.0116] open fd = -5
[   25.0123] open name host:/log.txt flag 302 data 41378
[   25.0138] open fd = 256
[   25.0297] open name host:/livepad.bin flag 1 data 41378
[   25.0311] open fd = -5
[   25.0315] open name host:/livedbg.cmd flag 1 data 41378
[   25.0325] open fd = -5
[   25.0493] open name host:/livepad.bin flag 1 data 41378
[   25.0505] open fd = -5
[   25.0664] open name host:/livepad.bin flag 1 data 41378
[   25.0679] open fd = -5
[   25.0846] open name host:/livepad.bin flag 1 data 41378
[   25.0856] open fd = -5
[   25.1014] open name host:/livepad.bin flag 1 data 41378
[   25.1018] open fd = -5
[   25.1180] open name host:/livepad.bin flag 1 data 41378
[   25.1193] open fd = -5
[   25.1348] open name host:/livepad.bin flag 1 data 41378
[   25.1358] open fd = -5
[   25.1361] open name host:/livedbg.cmd flag 1 data 41378
[   25.1370] open fd = -5
[   25.1524] open name host:/livepad.bin flag 1 data 41378
[   25.1537] open fd = -5
[   25.1695] open name host:/livepad.bin flag 1 data 41378
[   25.1709] open fd = -5
[   25.1737] open name host:/log.txt flag 302 data 41378
[   25.1755] open fd = 256
[   25.1913] open name host:/livepad.bin flag 1 data 41378
[   25.1925] open fd = -5
[   25.2078] open name host:/livepad.bin flag 1 data 41378
[   25.2088] open fd = -5
[   25.2246] open name host:/livepad.bin flag 1 data 41378
[   25.2259] open fd = -5
[   25.2412] open name host:/livepad.bin flag 1 data 41378
[   25.2422] open fd = -5
[   25.2425] open name host:/livedbg.cmd flag 1 data 41378
[   25.2436] open fd = -5
[   25.2587] open name host:/livepad.bin flag 1 data 41378
[   25.2600] open fd = -5
[   25.2759] open name host:/livepad.bin flag 1 data 41378
[   25.2773] open fd = -5
[   25.2937] open name host:/livepad.bin flag 1 data 41378
[   25.2949] open fd = -5
[   25.3104] open name host:/livepad.bin flag 1 data 41378
[   25.3115] open fd = -5
[   25.3277] open name host:/livepad.bin flag 1 data 41378
[   25.3289] open fd = -5
[   25.3441] open name host:/livepad.bin flag 1 data 41378
[   25.3454] open fd = -5
[   25.3456] open name host:/livedbg.cmd flag 1 data 41378
[   25.3466] open fd = -5
[   25.3628] open name host:/livepad.bin flag 1 data 41378
[   25.3642] open fd = -5
[   25.3800] open name host:/livepad.bin flag 1 data 41378
[   25.3812] open fd = -5
[   25.3980] open name host:/livepad.bin flag 1 data 41378
[   25.3991] open fd = -5
[   25.4146] open name host:/livepad.bin flag 1 data 41378
[   25.4159] open fd = -5
[   25.4329] open name host:/livepad.bin flag 1 data 41378
[   25.4340] open fd = -5
[   25.4495] open name host:/livepad.bin flag 1 data 41378
[   25.4506] open fd = -5
[   25.4511] open name host:/livedbg.cmd flag 1 data 41378
[   25.4521] open fd = -5
[   25.4526] open name host:/log.txt flag 302 data 41378
[   25.4541] open fd = 256
[   25.4716] open name host:/livepad.bin flag 1 data 41378
[   25.4729] open fd = -5
[   25.4895] open name host:/livepad.bin flag 1 data 41378
[   25.4909] open fd = -5
[   25.5063] open name host:/livepad.bin flag 1 data 41378
[   25.5074] open fd = -5
[   25.5088] open name host:/log.txt flag 302 data 41378
[   25.5104] open fd = 256
[   25.5280] open name host:/livepad.bin flag 1 data 41378
[   25.5286] open fd = -5
[   25.5445] open name host:/livepad.bin flag 1 data 41378
[   25.5458] open fd = -5
[   25.5614] open name host:/livepad.bin flag 1 data 41378
[   25.5625] open fd = -5
[   25.5628] open name host:/livedbg.cmd flag 1 data 41378
[   25.5639] open fd = -5
[   25.5796] open name host:/livepad.bin flag 1 data 41378
[   25.5808] open fd = -5
[   25.5969] open name host:/livepad.bin flag 1 data 41378
[   25.5984] open fd = -5
[   25.6143] open name host:/livepad.bin flag 1 data 41378
[   25.6156] open fd = -5
[   25.6321] open name host:/livepad.bin flag 1 data 41378
[   25.6331] open fd = -5
[   25.6497] open name host:/livepad.bin flag 1 data 41378
[   25.6508] open fd = -5
[   25.6664] open name host:/livepad.bin flag 1 data 41378
[   25.6676] open fd = -5
[   25.6679] open name host:/livedbg.cmd flag 1 data 41378
[   25.6692] open fd = -5
[   25.6862] open name host:/livepad.bin flag 1 data 41378
[   25.6874] open fd = -5
[   25.7031] open name host:/livepad.bin flag 1 data 41378
[   25.7043] open fd = -5
[   25.7052] open name host:/log.txt flag 302 data 41378
[   25.7068] open fd = 256
[   25.7229] open name host:/livepad.bin flag 1 data 41378
[   25.7241] open fd = -5
[   25.7396] open name host:/livepad.bin flag 1 data 41378
[   25.7400] open fd = -5
[   25.7564] open name host:/livepad.bin flag 1 data 41378
[   25.7576] open fd = -5
[   25.7730] open name host:/livepad.bin flag 1 data 41378
[   25.7742] open fd = -5
[   25.7746] open name host:/livedbg.cmd flag 1 data 41378
[   25.7755] open fd = -5
[   25.7907] open name host:/livepad.bin flag 1 data 41378
[   25.7918] open fd = -5
[   25.8089] open name host:/livepad.bin flag 1 data 41378
[   25.8101] open fd = -5
[   25.8267] open name host:/livepad.bin flag 1 data 41378
[   25.8281] open fd = -5
[   25.8445] open name host:/livepad.bin flag 1 data 41378
[   25.8449] open fd = -5
[   25.8608] open name host:/livepad.bin flag 1 data 41378
[   25.8619] open fd = -5
[   25.8795] open name host:/livepad.bin flag 1 data 41378
[   25.8806] open fd = -5
[   25.8808] open name host:/livedbg.cmd flag 1 data 41378
[   25.8818] open fd = -5
[   25.8980] open name host:/livepad.bin flag 1 data 41378
[   25.8994] open fd = -5
[   25.9001] open name host:/log.txt flag 302 data 41378
[   25.9019] open fd = 256
[   25.9209] open name host:/livepad.bin flag 1 data 41378
[   25.9221] open fd = -5
[   25.9373] open name host:/livepad.bin flag 1 data 41378
[   25.9385] open fd = -5
[   25.9551] open name host:/livepad.bin flag 1 data 41378
[   25.9563] open fd = -5
[   25.9724] open name host:/livepad.bin flag 1 data 41378
[   25.9741] open fd = -5
[   25.9904] open name host:/livepad.bin flag 1 data 41378
[   25.9916] open fd = -5
[   25.9919] open name host:/livedbg.cmd flag 1 data 41378
[   25.9929] open fd = -5
[   26.0077] open name host:/livepad.bin flag 1 data 41378
[   26.0089] open fd = -5
[   26.0271] open name host:/livepad.bin flag 1 data 41378
[   26.0283] open fd = -5
[   26.0444] open name host:/livepad.bin flag 1 data 41378
[   26.0457] open fd = -5
[   26.0613] open name host:/livepad.bin flag 1 data 41378
[   26.0625] open fd = -5
[   26.0650] open name host:/log.txt flag 302 data 41378
[   26.0667] open fd = 256
[   26.0814] open name host:/livepad.bin flag 1 data 41378
[   26.0825] open fd = -5
[   26.0984] open name host:/livepad.bin flag 1 data 41378
[   26.0994] open fd = -5
[   26.0997] open name host:/livedbg.cmd flag 1 data 41378
[   26.1007] open fd = -5
[   26.1161] open name host:/livepad.bin flag 1 data 41378
[   26.1173] open fd = -5
[   26.1333] open name host:/livepad.bin flag 1 data 41378
[   26.1344] open fd = -5
[   26.1496] open name host:/livepad.bin flag 1 data 41378
[   26.1509] open fd = -5
[   26.1668] open name host:/livepad.bin flag 1 data 41378
[   26.1678] open fd = -5
[   26.1847] open name host:/livepad.bin flag 1 data 41378
[   26.1858] open fd = -5
[   26.2013] open name host:/livepad.bin flag 1 data 41378
[   26.2026] open fd = -5
[   26.2028] open name host:/livedbg.cmd flag 1 data 41378
[   26.2038] open fd = -5
[   26.2191] open name host:/livepad.bin flag 1 data 41378
[   26.2205] open fd = -5
[   26.2377] open name host:/livepad.bin flag 1 data 41378
[   26.2390] open fd = -5
[   26.2550] open name host:/livepad.bin flag 1 data 41378
[   26.2562] open fd = -5
[   26.2725] open name host:/livepad.bin flag 1 data 41378
[   26.2737] open fd = -5
[   26.2896] open name host:/livepad.bin flag 1 data 41378
[   26.2910] open fd = -5
[   26.3062] open name host:/livepad.bin flag 1 data 41378
[   26.3074] open fd = -5
[   26.3076] open name host:/livedbg.cmd flag 1 data 41378
[   26.3087] open fd = -5
[   26.3243] open name host:/livepad.bin flag 1 data 41378
[   26.3255] open fd = -5
[   26.3417] open name host:/livepad.bin flag 1 data 41378
[   26.3428] open fd = -5
[   26.3434] open name host:/log.txt flag 302 data 41378
[   26.3452] open fd = 256
[   26.3619] open name host:/livepad.bin flag 1 data 41378
[   26.3634] open fd = -5
[   26.3793] open name host:/livepad.bin flag 1 data 41378
[   26.3805] open fd = -5
[   26.3960] open name host:/livepad.bin flag 1 data 41378
[   26.3971] open fd = -5
[   26.4130] open name host:/log.txt flag 302 data 41378
[   26.4148] open fd = 256
[   26.4170] open name host:/livepad.bin flag 1 data 41378
[   26.4181] open fd = -5
[   26.4182] open name host:/livedbg.cmd flag 1 data 41378
[   26.4191] open fd = -5
[   26.4345] open name host:/livepad.bin flag 1 data 41378
[   26.4358] open fd = -5
[   26.4512] open name host:/livepad.bin flag 1 data 41378
[   26.4524] open fd = -5
[   26.4684] open name host:/livepad.bin flag 1 data 41378
[   26.4696] open fd = -5
[   26.4858] open name host:/livepad.bin flag 1 data 41378
[   26.4869] open fd = -5
[   26.5031] open name host:/livepad.bin flag 1 data 41378
[   26.5041] open fd = -5
[   26.5194] open name host:/livepad.bin flag 1 data 41378
[   26.5206] open fd = -5
[   26.5208] open name host:/livedbg.cmd flag 1 data 41378
[   26.5219] open fd = -5
[   26.5381] open name host:/livepad.bin flag 1 data 41378
[   26.5395] open fd = -5
[   26.5546] open name host:/livepad.bin flag 1 data 41378
[   26.5559] open fd = -5
[   26.5710] open name host:/livepad.bin flag 1 data 41378
[   26.5726] open fd = -5
[   26.5876] FRAMEARENA frames=960 peak=1037904 resets=3 fallbacks=0 maxFrameBytes=2731360 maxBorrowed=2120800 freeKiB=12830
[   26.5879] NATIVEVIF frames=960 batches=963
[   26.5884] ORDEREDFRAME frames=960 splitFrames=2
[   26.5885] FRAMEPIPELINE starts=960 dmaBusyStarts=147
[   26.5887] open name host:/livepad.bin flag 1 data 41378
[   26.5891] open fd = -5
[   26.6044] open name host:/livepad.bin flag 1 data 41378
[   26.6056] open fd = -5
[   26.6219] open name host:/livepad.bin flag 1 data 41378
[   26.6230] open fd = -5
[   26.6234] open name host:/livedbg.cmd flag 1 data 41378
[   26.6244] open fd = -5
[   26.6398] open name host:/livepad.bin flag 1 data 41378
[   26.6411] open fd = -5
[   26.6582] open name host:/livepad.bin flag 1 data 41378
[   26.6594] open fd = -5
[   26.6745] open name host:/livepad.bin flag 1 data 41378
[   26.6757] open fd = -5
[   26.6934] open name host:/livepad.bin flag 1 data 41378
[   26.6937] open fd = -5
[   26.7086] open name host:/livepad.bin flag 1 data 41378
[   26.7101] open fd = -5
[   26.7281] open name host:/livepad.bin flag 1 data 41378
[   26.7292] open fd = -5
[   26.7294] open name host:/livedbg.cmd flag 1 data 41378
[   26.7305] open fd = -5
[   26.7461] open name host:/livepad.bin flag 1 data 41378
[   26.7472] open fd = -5
[   26.7636] open name host:/livepad.bin flag 1 data 41378
[   26.7647] open fd = -5
[   26.7780] open name host:/livepad.bin flag 1 data 41378
[   26.7792] open fd = -5
[   26.7913] open name host:/livepad.bin flag 1 data 41378
[   26.7923] open fd = -5
[   26.8058] open name host:/livepad.bin flag 1 data 41378
[   26.8070] open fd = -5
[   26.8322] open name host:/vehicles/veh-ravager000001-shadow.png flag 1 data 41378
[   26.8343] open fd = 256
[   26.8354] open name host:/vehicles/veh-ravager000001-shadow.png flag 1 data 41378
[   26.8377] open fd = 256
[   26.8432] open name host:/vehicles/veh-pica00000001-shadow.png flag 1 data 41378
[   26.8450] open fd = 256
[   26.8458] open name host:/vehicles/veh-pica00000001-shadow.png flag 1 data 41378
[   26.8477] open fd = 256
[   26.8604] open name host:/vehicles/veh-strix0000001-shadow.png flag 1 data 41378
[   26.8626] open fd = 256
[   26.8633] open name host:/vehicles/veh-strix0000001-shadow.png flag 1 data 41378
[   26.8654] open fd = 256
[   26.8780] open name host:/models/urban/procgen-procpain-district-workshop-xm2zm2.tmdl flag 1 data 41378
[   26.8807] open fd = 256
[   26.8915] open name host:/models/urban/Textures/district-facades.png flag 1 data 41378
[   26.8944] open fd = 256
[   26.8956] open name host:/models/urban/Textures/district-facades.png flag 1 data 41378
[   26.8988] open fd = 256
[   26.9272] open name host:/models/urban/procgen-procpain-district-workshop-xm2zm1.tmdl flag 1 data 41378
[   26.9300] open fd = 256
[   26.9333] open name host:/models/urban/procgen-procpain-district-workshop-xm2z0.tmdl flag 1 data 41378
[   26.9358] open fd = 256
[   26.9391] open name host:/models/urban/procgen-procpain-district-workshop-xm2z1.tmdl flag 1 data 41378
[   26.9415] open fd = 256
[   26.9441] open name host:/models/urban/procgen-procpain-district-workshop-xm1zm1.tmdl flag 1 data 41378
[   26.9466] open fd = 256
[   26.9492] open name host:/models/urban/procgen-procpain-district-workshop-xm1z0.tmdl flag 1 data 41378
[   26.9516] open fd = 256
[   26.9541] open name host:/models/urban/procgen-procpain-district-workshop-xm1z1.tmdl flag 1 data 41378
[   26.9565] open fd = 256
[   26.9594] open name host:/models/urban/procgen-procpain-district-workshop-x0zm2.tmdl flag 1 data 41378
[   26.9619] open fd = 256
[   26.9650] open name host:/models/urban/procgen-procpain-district-workshop-x1zm2.tmdl flag 1 data 41378
[   26.9673] open fd = 256
[   26.9698] open name host:/models/urban/procgen-procpain-district-workshop-x1z0.tmdl flag 1 data 41378
[   26.9721] open fd = 256
[   26.9747] open name host:/models/urban/procgen-procpain-district-workshop-x1z1.tmdl flag 1 data 41378
[   26.9771] open fd = 256
[   26.9892] open name host:/models/urban/procgen-procpain-district-loft-xm2zm2.tmdl flag 1 data 41378
[   26.9921] open fd = 256
[   26.9958] open name host:/models/urban/procgen-procpain-district-loft-xm2zm1.tmdl flag 1 data 41378
[   26.9983] open fd = 256
[   27.0013] open name host:/models/urban/procgen-procpain-district-loft-xm2z0.tmdl flag 1 data 41378
[   27.0037] open fd = 256
[   27.0065] open name host:/models/urban/procgen-procpain-district-loft-xm2z1.tmdl flag 1 data 41378
[   27.0092] open fd = 256
[   27.0122] open name host:/models/urban/procgen-procpain-district-loft-xm1zm2.tmdl flag 1 data 41378
[   27.0145] open fd = 256
[   27.0178] open name host:/models/urban/procgen-procpain-district-loft-xm1zm1.tmdl flag 1 data 41378
[   27.0202] open fd = 256
[   27.0230] open name host:/models/urban/procgen-procpain-district-loft-xm1z0.tmdl flag 1 data 41378
[   27.0253] open fd = 256
[   27.0278] open name host:/models/urban/procgen-procpain-district-loft-x0zm2.tmdl flag 1 data 41378
[   27.0302] open fd = 256
[   27.0325] open name host:/models/urban/procgen-procpain-district-loft-x0zm1.tmdl flag 1 data 41378
[   27.0349] open fd = 256
[   27.0383] open name host:/models/urban/procgen-procpain-district-loft-x0z0.tmdl flag 1 data 41378
[   27.0407] open fd = 256
[   27.0435] open name host:/models/urban/procgen-procpain-district-loft-x0z1.tmdl flag 1 data 41378
[   27.0459] open fd = 256
[   27.0582] open name host:/models/urban/procgen-procpain-district-loft-x1zm2.tmdl flag 1 data 41378
[   27.0608] open fd = 256
[   27.0637] open name host:/models/urban/procgen-procpain-district-loft-x1zm1.tmdl flag 1 data 41378
[   27.0662] open fd = 256
[   27.0685] open name host:/models/urban/procgen-procpain-district-loft-x1z0.tmdl flag 1 data 41378
[   27.0708] open fd = 256
[   27.0733] open name host:/models/urban/procgen-procpain-district-loft-x1z1.tmdl flag 1 data 41378
[   27.0757] open fd = 256
[   27.0786] open name host:/models/urban/procgen-procpain-district-tower-xm2zm1.tmdl flag 1 data 41378
[   27.0810] open fd = 256
[   27.0842] open name host:/models/urban/procgen-procpain-district-tower-xm2z0.tmdl flag 1 data 41378
[   27.0870] open fd = 256
[   27.0911] open name host:/models/urban/procgen-procpain-district-tower-xm2z1.tmdl flag 1 data 41378
[   27.0939] open fd = 256
[   27.0962] open name host:/models/urban/procgen-procpain-district-tower-xm1zm2.tmdl flag 1 data 41378
[   27.0986] open fd = 256
[   27.1016] open name host:/models/urban/procgen-procpain-district-tower-xm1zm1.tmdl flag 1 data 41378
[   27.1040] open fd = 256
[   27.1066] open name host:/models/urban/procgen-procpain-district-tower-xm1z0.tmdl flag 1 data 41378
[   27.1090] open fd = 256
[   27.1118] open name host:/models/urban/procgen-procpain-district-tower-xm1z1.tmdl flag 1 data 41378
[   27.1140] open fd = 256
[   27.1269] open name host:/models/urban/procgen-procpain-district-tower-x0zm2.tmdl flag 1 data 41378
[   27.1298] open fd = 256
[   27.1325] open name host:/models/urban/procgen-procpain-district-tower-x0zm1.tmdl flag 1 data 41378
[   27.1349] open fd = 256
[   27.1385] open name host:/models/urban/procgen-procpain-district-tower-x0z0.tmdl flag 1 data 41378
[   27.1409] open fd = 256
[   27.1442] open name host:/models/urban/procgen-procpain-district-tower-x0z1.tmdl flag 1 data 41378
[   27.1466] open fd = 256
[   27.1490] open name host:/models/urban/procgen-procpain-district-tower-x1zm2.tmdl flag 1 data 41378
[   27.1516] open fd = 256
[   27.1540] open name host:/models/urban/procgen-procpain-district-tower-x1zm1.tmdl flag 1 data 41378
[   27.1563] open fd = 256
[   27.1594] open name host:/models/urban/procgen-procpain-district-tower-x1z0.tmdl flag 1 data 41378
[   27.1617] open fd = 256
[   27.1643] open name host:/models/urban/procgen-procpain-district-tower-x1z1.tmdl flag 1 data 41378
[   27.1665] open fd = 256
[   27.1699] open name host:/models/urban/procgen-procpain-tree-park-large-xm3zm2.tmdl flag 1 data 41378
[   27.1725] open fd = 256
[   27.1997] open name host:/models/urban/Textures/treeA.png flag 1 data 41378
[   27.2027] open fd = 256
[   27.2036] open name host:/models/urban/Textures/treeA.png flag 1 data 41378
[   27.2066] open fd = 256
[   27.2181] open name host:/models/urban/Textures/tiles.png flag 1 data 41378
[   27.2213] open fd = 256
[   27.2224] open name host:/models/urban/Textures/tiles.png flag 1 data 41378
[   27.2252] open fd = 256
[   27.2282] open name host:/models/urban/Textures/dirt.png flag 1 data 41378
[   27.2311] open fd = 256
[   27.2321] open name host:/models/urban/Textures/dirt.png flag 1 data 41378
[   27.2349] open fd = 256
[   27.2382] open name host:/models/urban/procgen-procpain-tree-park-large-xm3zm1.tmdl flag 1 data 41378
[   27.2407] open fd = 256
[   27.2661] open name host:/models/urban/procgen-procpain-tree-park-large-xm3z0.tmdl flag 1 data 41378
[   27.2687] open fd = 256
[   27.2868] open name host:/models/urban/procgen-procpain-tree-park-large-xm3z1.tmdl flag 1 data 41378
[   27.2892] open fd = 256
[   27.3172] open name host:/models/urban/procgen-procpain-tree-park-large-xm2zm3.tmdl flag 1 data 41378
[   27.3197] open fd = 256
[   27.3277] open name host:/models/urban/procgen-procpain-tree-park-large-xm2zm2.tmdl flag 1 data 41378
[   27.3304] open fd = 256
[   27.3567] open name host:/models/urban/procgen-procpain-tree-park-large-xm2zm1.tmdl flag 1 data 41378
[   27.3597] open fd = 256
[   27.3806] open name host:/models/urban/procgen-procpain-tree-park-large-xm2z0.tmdl flag 1 data 41378
[   27.3833] open fd = 256
[   27.4089] open name host:/models/urban/procgen-procpain-tree-park-large-xm2z2.tmdl flag 1 data 41378
[   27.4115] open fd = 256
[   27.4186] open name host:/models/urban/procgen-procpain-tree-park-large-xm1zm3.tmdl flag 1 data 41378
[   27.4210] open fd = 256
[   27.4478] open name host:/models/urban/procgen-procpain-tree-park-large-xm1zm2.tmdl flag 1 data 41378
[   27.4511] open fd = 256
[   27.4954] open name host:/models/urban/procgen-procpain-tree-park-large-xm1z0.tmdl flag 1 data 41378
[   27.4981] open fd = 256
[   27.5050] open name host:/models/urban/procgen-procpain-tree-park-large-xm1z1.tmdl flag 1 data 41378
[   27.5077] open fd = 256
[   27.5383] open name host:/models/urban/procgen-procpain-tree-park-large-xm1z2.tmdl flag 1 data 41378
[   27.5412] open fd = 256
[   27.5756] open name host:/models/urban/procgen-procpain-tree-park-large-x0zm3.tmdl flag 1 data 41378
[   27.5785] open fd = 256
[   27.6201] open name host:/models/urban/procgen-procpain-tree-park-large-x0zm2.tmdl flag 1 data 41378
[   27.6229] open fd = 256
[   27.6497] open name host:/models/urban/procgen-procpain-tree-park-large-x0zm1.tmdl flag 1 data 41378
[   27.6525] open fd = 256
[   27.6662] open name host:/models/urban/procgen-procpain-tree-park-large-x0z0.tmdl flag 1 data 41378
[   27.6691] open fd = 256
[   27.6767] open name host:/models/urban/procgen-procpain-tree-park-large-x0z1.tmdl flag 1 data 41378
[   27.6792] open fd = 256
[   27.7060] open name host:/models/urban/procgen-procpain-tree-park-large-x0z2.tmdl flag 1 data 41378
[   27.7086] open fd = 256
[   27.7519] open name host:/models/urban/procgen-procpain-tree-park-large-x1zm3.tmdl flag 1 data 41378
[   27.7544] open fd = 256
[   27.7626] open name host:/models/urban/procgen-procpain-tree-park-large-x1zm2.tmdl flag 1 data 41378
[   27.7652] open fd = 256
[   27.7975] open name host:/models/urban/procgen-procpain-tree-park-large-x1zm1.tmdl flag 1 data 41378
[   27.8006] open fd = 256
[   27.8087] open name host:/models/urban/procgen-procpain-tree-park-large-x1z0.tmdl flag 1 data 41378
[   27.8112] open fd = 256
[   27.8266] open name host:/models/urban/procgen-procpain-tree-park-large-x1z1.tmdl flag 1 data 41378
[   27.8294] open fd = 256
[   27.8607] open name host:/models/urban/procgen-procpain-tree-park-large-x1z2.tmdl flag 1 data 41378
[   27.8633] open fd = 256
[   27.8769] open name host:/models/urban/procgen-procpain-tree-park-large-x2zm2.tmdl flag 1 data 41378
[   27.8795] open fd = 256
[   27.9171] open name host:/models/urban/procgen-procpain-tree-park-large-x2zm1.tmdl flag 1 data 41378
[   27.9195] open fd = 256
[   27.9506] open name host:/models/urban/procgen-procpain-tree-park-large-x2z0.tmdl flag 1 data 41378
[   27.9528] open fd = 256
[   27.9662] open name host:/models/urban/procgen-procpain-tree-park-large-x2z1.tmdl flag 1 data 41378
[   27.9685] open fd = 256
[   27.9892] open name host:/models/urban/procgen-procpain-tree-park-pine-large-xm3zm2.tmdl flag 1 data 41378
[   27.9917] open fd = 256
[   28.0050] open name host:/models/urban/Textures/treeB.png flag 1 data 41378
[   28.0084] open fd = 256
[   28.0095] open name host:/models/urban/Textures/treeB.png flag 1 data 41378
[   28.0125] open fd = 256
[   28.0231] open name host:/models/urban/procgen-procpain-tree-park-pine-large-xm3zm1.tmdl flag 1 data 41378
[   28.0257] open fd = 256
[   28.0393] open name host:/models/urban/procgen-procpain-tree-park-pine-large-xm3z0.tmdl flag 1 data 41378
[   28.0418] open fd = 256
[   28.0551] open name host:/models/urban/procgen-procpain-tree-park-pine-large-xm3z1.tmdl flag 1 data 41378
[   28.0571] open fd = 256
[   28.0724] open name host:/models/urban/procgen-procpain-tree-park-pine-large-xm3z2.tmdl flag 1 data 41378
[   28.0751] open fd = 256
[   28.0880] open name host:/models/urban/procgen-procpain-tree-park-pine-large-xm2zm3.tmdl flag 1 data 41378
[   28.0907] open fd = 256
[   28.1159] open name host:/models/urban/procgen-procpain-tree-park-pine-large-xm2zm2.tmdl flag 1 data 41378
[   28.1189] open fd = 256
[   28.1464] open name host:/models/urban/procgen-procpain-tree-park-pine-large-xm2z1.tmdl flag 1 data 41378
[   28.1491] open fd = 256
[   28.1861] open name host:/models/urban/procgen-procpain-tree-park-pine-large-xm2z2.tmdl flag 1 data 41378
[   28.1888] open fd = 256
[   28.2080] open name host:/models/urban/procgen-procpain-tree-park-pine-large-xm1zm3.tmdl flag 1 data 41378
[   28.2104] open fd = 256
[   28.2176] open name host:/models/urban/procgen-procpain-tree-park-pine-large-xm1zm2.tmdl flag 1 data 41378
[   28.2201] open fd = 256
[   28.2395] open name host:/models/urban/procgen-procpain-tree-park-pine-large-xm1zm1.tmdl flag 1 data 41378
[   28.2421] open fd = 256
[   28.2490] open name host:/models/urban/procgen-procpain-tree-park-pine-large-xm1z0.tmdl flag 1 data 41378
[   28.2516] open fd = 256
[   28.2709] open name host:/models/urban/procgen-procpain-tree-park-pine-large-xm1z1.tmdl flag 1 data 41378
[   28.2734] open fd = 256
[   28.2807] open name host:/models/urban/procgen-procpain-tree-park-pine-large-xm1z2.tmdl flag 1 data 41378
[   28.2831] open fd = 256
[   28.2898] open name host:/models/urban/procgen-procpain-tree-park-pine-large-x0zm3.tmdl flag 1 data 41378
[   28.2920] open fd = 256
[   28.2993] open name host:/models/urban/procgen-procpain-tree-park-pine-large-x0zm2.tmdl flag 1 data 41378
[   28.3016] open fd = 256
[   28.3315] open name host:/models/urban/procgen-procpain-tree-park-pine-large-x0zm1.tmdl flag 1 data 41378
[   28.3346] open fd = 256
[   28.3428] open name host:/models/urban/procgen-procpain-tree-park-pine-large-x0z0.tmdl flag 1 data 41378
[   28.3452] open fd = 256
[   28.3527] open name host:/models/urban/procgen-procpain-tree-park-pine-large-x0z1.tmdl flag 1 data 41378
[   28.3551] open fd = 256
[   28.3675] open name host:/models/urban/procgen-procpain-tree-park-pine-large-x0z2.tmdl flag 1 data 41378
[   28.3783] open fd = 256
[   28.3858] open name host:/models/urban/procgen-procpain-tree-park-pine-large-x1zm3.tmdl flag 1 data 41378
[   28.3882] open fd = 256
[   28.4242] open name host:/models/urban/procgen-procpain-tree-park-pine-large-x1zm2.tmdl flag 1 data 41378
[   28.4268] open fd = 256
[   28.4410] open name host:/models/urban/procgen-procpain-tree-park-pine-large-x1z1.tmdl flag 1 data 41378
[   28.4436] open fd = 256
[   28.4650] open name host:/models/urban/procgen-procpain-tree-park-pine-large-x1z2.tmdl flag 1 data 41378
[   28.4680] open fd = 256
[   28.4830] open name host:/models/urban/procgen-procpain-tree-park-pine-large-x2zm3.tmdl flag 1 data 41378
[   28.4854] open fd = 256
[   28.4938] open name host:/models/urban/procgen-procpain-tree-park-pine-large-x2zm2.tmdl flag 1 data 41378
[   28.4963] open fd = 256
[   28.5118] open name host:/models/urban/procgen-procpain-tree-park-pine-large-x2zm1.tmdl flag 1 data 41378
[   28.5145] open fd = 256
[   28.5309] open name host:/models/urban/procgen-procpain-tree-park-pine-large-x2z0.tmdl flag 1 data 41378
[   28.5335] open fd = 256
[   28.5475] open name host:/models/urban/procgen-procpain-tree-park-pine-large-x2z1.tmdl flag 1 data 41378
[   28.5498] open fd = 256
[   28.5778] open name host:/models/urban/procgen-procpain-tree-park-pine-large-x2z2.tmdl flag 1 data 41378
[   28.5799] open fd = 256
[   28.5882] open name host:/vehicles/veh-pica00000001-body.tmdl flag 1 data 41378
[   28.5901] open fd = 256
[   28.7009] open name host:/vehicles/veh-pica00000001-palette.png flag 1 data 41378
[   28.7032] open fd = 256
[   28.7041] open name host:/vehicles/veh-pica00000001-palette.png flag 1 data 41378
[   28.7063] open fd = 256
[   28.7170] open name host:/vehicles/veh-pica00000001-palette-image-0.png flag 1 data 41378
[   28.7191] open fd = 256
[   28.7199] open name host:/vehicles/veh-pica00000001-palette-image-0.png flag 1 data 41378
[   28.7219] open fd = 256
[   28.7415] open name host:/vehicles/veh-strix0000001-body.tmdl flag 1 data 41378
[   28.7438] open fd = 256
[   28.8623] open name host:/vehicles/veh-strix0000001-palette.png flag 1 data 41378
[   28.8645] open fd = 256
[   28.8653] open name host:/vehicles/veh-strix0000001-palette.png flag 1 data 41378
[   28.8672] open fd = 256
[   28.8769] open name host:/vehicles/veh-strix0000001-palette-image-0.png flag 1 data 41378
[   28.8790] open fd = 256
[   28.8797] open name host:/vehicles/veh-strix0000001-palette-image-0.png flag 1 data 41378
[   28.8816] open fd = 256
[   28.8989] open name host:/sky/scene2.png flag 1 data 41378
[   28.9014] open fd = 256
[   28.9023] open name host:/sky/scene2.png flag 1 data 41378
[   28.9041] open fd = 256
[   29.0643] open name host:/vehicles/fx-skid.png flag 1 data 41378
[   29.0666] open fd = 256
[   29.0674] open name host:/vehicles/fx-skid.png flag 1 data 41378
[   29.0692] open fd = 256
[   29.0834] open name host:/vehicles/fx-smoke.png flag 1 data 41378
[   29.0856] open fd = 256
[   29.0863] open name host:/vehicles/fx-smoke.png flag 1 data 41378
[   29.0882] open fd = 256
[   29.0917] open name host:/log.txt flag 302 data 41378
[   29.0932] open fd = 256
[   29.0945] open name host:/vehicles/veh-ravager000001-wheel.tmdl flag 1 data 41378
[   29.0966] open fd = 256
[   29.1045] open name host:/vehicles/veh-ravager000001-wheelfast.tmdl flag 1 data 41378
[   29.1066] open fd = 256
[   29.1128] open name host:/log.txt flag 302 data 41378
[   29.1141] open fd = 256
[   29.1156] open name host:/vehicles/veh-pica00000001-wheel.tmdl flag 1 data 41378
[   29.1175] open fd = 256
[   29.1327] open name host:/vehicles/veh-pica00000001-wheelfast.tmdl flag 1 data 41378
[   29.1347] open fd = 256
[   29.1408] open name host:/log.txt flag 302 data 41378
[   29.1423] open fd = 256
[   29.1436] open name host:/vehicles/veh-strix0000001-wheel.tmdl flag 1 data 41378
[   29.1455] open fd = 256
[   29.1529] open name host:/vehicles/veh-strix0000001-wheelfast.tmdl flag 1 data 41378
[   29.1547] open fd = 256
[   29.1686] open name host:/log.txt flag 302 data 41378
[   29.1704] open fd = 256
[   29.1719] open name host:/log.txt flag 302 data 41378
[   29.1733] open fd = 256
[   29.1747] open name host:/log.txt flag 302 data 41378
[   29.1762] open fd = 256
[   29.2470] open name host:/log.txt flag 302 data 41378
[   29.2486] open fd = 256
[   29.2522] open name host:/log.txt flag 302 data 41378
[   29.2538] open fd = 256
[   29.2555] open name host:/log.txt flag 302 data 41378
[   29.2572] open fd = 256
[   29.2680] open name host:/log.txt flag 302 data 41378
[   29.2702] open fd = 256
[   29.2723] open name host:/log.txt flag 302 data 41378
[   29.2738] open fd = 256
[   29.2760] open name host:/log.txt flag 302 data 41378
[   29.2776] open fd = 256
[   29.2792] open name host:/log.txt flag 302 data 41378
[   29.2806] open fd = 256
[   29.2825] open name host:/log.txt flag 302 data 41378
[   29.2841] open fd = 256
[   29.2857] open name host:/log.txt flag 302 data 41378
[   29.2871] open fd = 256
[   29.2954] open name host:/log.txt flag 302 data 41378
[   29.2969] open fd = 256
[   29.2988] open name host:/log.txt flag 302 data 41378
[   29.3006] open fd = 256
[   29.3025] open name host:/log.txt flag 302 data 41378
[   29.3039] open fd = 256
[   29.3058] open name host:/log.txt flag 302 data 41378
[   29.3073] open fd = 256
[   29.3093] open name host:/log.txt flag 302 data 41378
[   29.3106] open fd = 256
[   29.3119] open name host:/log.txt flag 302 data 41378
[   29.3124] open fd = 256
[   29.3136] open name host:/log.txt flag 302 data 41378
[   29.3141] open fd = 256
[   29.3152] open name host:/log.txt flag 302 data 41378
[   29.3158] open fd = 256
[   29.3171] open name host:/log.txt flag 302 data 41378
[   29.3177] open fd = 256
[   29.3193] open name host:/log.txt flag 302 data 41378
[   29.3198] open fd = 256
[   29.3284] open name host:/log.txt flag 302 data 41378
[   29.3304] open fd = 256
[   29.3322] open name host:/log.txt flag 302 data 41378
[   29.3336] open fd = 256
[   29.3351] open name host:/log.txt flag 302 data 41378
[   29.3365] open fd = 256
[   29.3381] open name host:/log.txt flag 302 data 41378
[   29.3396] open fd = 256
[   29.3411] open name host:/log.txt flag 302 data 41378
[   29.3424] open fd = 256
[   29.3438] open name host:/log.txt flag 302 data 41378
[   29.3458] open fd = 256
[   29.3565] open name host:/log.txt flag 302 data 41378
[   29.3582] open fd = 256
[   29.3599] open name host:/log.txt flag 302 data 41378
[   29.3616] open fd = 256
[   29.3632] open name host:/log.txt flag 302 data 41378
[   29.3646] open fd = 256
[   29.3915] open name host:/livepad.bin flag 1 data 41378
[   29.3927] open fd = -5
[   29.3928] open name host:/livedbg.cmd flag 1 data 41378
[   29.3938] open fd = -5
[   29.3941] open name host:/log.txt flag 302 data 41378
[   29.3955] open fd = 256
[   29.4094] open name host:/livepad.bin flag 1 data 41378
[   29.4107] open fd = -5
[   29.4233] open name host:/livepad.bin flag 1 data 41378
[   29.4237] open fd = -5
[   29.4362] open name host:/livepad.bin flag 1 data 41378
[   29.4372] open fd = -5
[   29.4495] open name host:/livepad.bin flag 1 data 41378
[   29.4507] open fd = -5
[   29.4640] open name host:/livepad.bin flag 1 data 41378
[   29.4651] open fd = -5
[   29.4807] open name host:/livepad.bin flag 1 data 41378
[   29.4817] open fd = -5
[   29.4817] open name host:/livedbg.cmd flag 1 data 41378
[   29.4827] open fd = -5
[   29.4984] open name host:/livepad.bin flag 1 data 41378
[   29.4995] open fd = -5
[   29.5140] open name host:/livepad.bin flag 1 data 41378
[   29.5152] open fd = -5
[   29.5317] open name host:/livepad.bin flag 1 data 41378
[   29.5320] open fd = -5
[   29.5479] open name host:/livepad.bin flag 1 data 41378
[   29.5490] open fd = -5
[   29.5647] open name host:/livepad.bin flag 1 data 41378
[   29.5658] open fd = -5
[   29.5812] open name host:/livepad.bin flag 1 data 41378
[   29.5823] open fd = -5
[   29.5823] open name host:/livedbg.cmd flag 1 data 41378
[   29.5834] open fd = -5
[   29.5979] open name host:/livepad.bin flag 1 data 41378
[   29.5990] open fd = -5
[   29.6143] open name host:/livepad.bin flag 1 data 41378
[   29.6153] open fd = -5
[   29.6312] open name host:/livepad.bin flag 1 data 41378
[   29.6322] open fd = -5
[   29.6477] open name host:/livepad.bin flag 1 data 41378
[   29.6487] open fd = -5
[   29.6659] open name host:/livepad.bin flag 1 data 41378
[   29.6671] open fd = -5
[   29.6807] open name host:/livepad.bin flag 1 data 41378
[   29.6818] open fd = -5
[   29.6819] open name host:/livedbg.cmd flag 1 data 41378
[   29.6829] open fd = -5
[   29.6979] open name host:/livepad.bin flag 1 data 41378
[   29.6992] open fd = -5
[   29.7155] open name host:/livepad.bin flag 1 data 41378
[   29.7166] open fd = -5
[   29.7311] open name host:/livepad.bin flag 1 data 41378
[   29.7322] open fd = -5
[   29.7479] open name host:/livepad.bin flag 1 data 41378
[   29.7493] open fd = -5
[   29.7645] open name host:/livepad.bin flag 1 data 41378
[   29.7659] open fd = -5
[   29.7809] open name host:/livepad.bin flag 1 data 41378
[   29.7824] open fd = -5
[   29.7825] open name host:/livedbg.cmd flag 1 data 41378
[   29.7835] open fd = -5
[   29.7983] open name host:/livepad.bin flag 1 data 41378
[   29.7996] open fd = -5
[   29.8146] open name host:/livepad.bin flag 1 data 41378
[   29.8159] open fd = -5
[   29.8316] open name host:/livepad.bin flag 1 data 41378
[   29.8329] open fd = -5
[   29.8482] open name host:/livepad.bin flag 1 data 41378
[   29.8486] open fd = -5
[   29.8651] open name host:/livepad.bin flag 1 data 41378
[   29.8663] open fd = -5
[   29.8813] open name host:/livepad.bin flag 1 data 41378
[   29.8822] open fd = -5
[   29.8823] open name host:/livedbg.cmd flag 1 data 41378
[   29.8833] open fd = -5
[   29.8982] open name host:/livepad.bin flag 1 data 41378
[   29.8995] open fd = -5
[   29.9150] open name host:/livepad.bin flag 1 data 41378
[   29.9163] open fd = -5
[   29.9320] open name host:/livepad.bin flag 1 data 41378
[   29.9331] open fd = -5
[   29.9485] open name host:/livepad.bin flag 1 data 41378
[   29.9497] open fd = -5
[   29.9647] open name host:/livepad.bin flag 1 data 41378
[   29.9659] open fd = -5
[   29.9811] open name host:/livepad.bin flag 1 data 41378
[   29.9822] open fd = -5
[   29.9823] open name host:/livedbg.cmd flag 1 data 41378
[   29.9833] open fd = -5
[   29.9853] open name host:/log.txt flag 302 data 41378
[   29.9868] open fd = 256
[   30.0486] open name host:/log.txt flag 302 data 41378
[   30.0505] open fd = 256
[   30.3333] open name host:/livepad.bin flag 1 data 41378
[   30.3344] open fd = -5
[   30.3349] open name host:/log.txt flag 302 data 41378
[   30.3364] open fd = 256
[   30.3646] open name host:/livepad.bin flag 1 data 41378
[   30.3659] open fd = -5
[   30.3843] open name host:/livepad.bin flag 1 data 41378
[   30.3854] open fd = -5
[   30.4012] open name host:/livepad.bin flag 1 data 41378
[   30.4023] open fd = -5
[   30.4169] open name host:/livepad.bin flag 1 data 41378
[   30.4183] open fd = -5
[   30.4343] open name host:/livepad.bin flag 1 data 41378
[   30.4356] open fd = -5
[   30.4358] open name host:/livedbg.cmd flag 1 data 41378
[   30.4368] open fd = -5
[   30.4516] open name host:/livepad.bin flag 1 data 41378
[   30.4532] open fd = -5
[   30.4691] open name host:/livepad.bin flag 1 data 41378
[   30.4703] open fd = -5
[   30.4865] open name host:/livepad.bin flag 1 data 41378
[   30.4879] open fd = -5
[   30.5027] open name host:/livepad.bin flag 1 data 41378
[   30.5040] open fd = -5
[   30.5188] open name host:/livepad.bin flag 1 data 41378
[   30.5201] open fd = -5
[   30.5354] open name host:/livepad.bin flag 1 data 41378
[   30.5367] open fd = -5
[   30.5368] open name host:/livedbg.cmd flag 1 data 41378
[   30.5378] open fd = -5
[   30.5520] open name host:/livepad.bin flag 1 data 41378
[   30.5533] open fd = -5
[   30.5688] open name host:/livepad.bin flag 1 data 41378
[   30.5699] open fd = -5
[   30.5857] open name host:/livepad.bin flag 1 data 41378
[   30.5866] open fd = -5
[   30.6014] open name host:/livepad.bin flag 1 data 41378
[   30.6027] open fd = -5
[   30.6183] open name host:/livepad.bin flag 1 data 41378
[   30.6197] open fd = -5
[   30.6346] open name host:/livepad.bin flag 1 data 41378
[   30.6360] open fd = -5
[   30.6362] open name host:/livedbg.cmd flag 1 data 41378
[   30.6372] open fd = -5
[   30.6521] open name host:/livepad.bin flag 1 data 41378
[   30.6534] open fd = -5
[   30.6687] open name host:/livepad.bin flag 1 data 41378
[   30.6703] open fd = -5
[   30.6854] open name host:/livepad.bin flag 1 data 41378
[   30.6866] open fd = -5
[   30.7021] open name host:/livepad.bin flag 1 data 41378
[   30.7031] open fd = -5
[   30.7189] open name host:/livepad.bin flag 1 data 41378
[   30.7207] open fd = -5
[   30.7356] open name host:/livepad.bin flag 1 data 41378
[   30.7370] open fd = -5
[   30.7373] open name host:/livedbg.cmd flag 1 data 41378
[   30.7383] open fd = -5
[   30.7528] open name host:/livepad.bin flag 1 data 41378
[   30.7542] open fd = -5
[   30.7700] open name host:/livepad.bin flag 1 data 41378
[   30.7712] open fd = -5
[   30.7854] open name host:/livepad.bin flag 1 data 41378
[   30.7865] open fd = -5
[   30.8013] open name host:/livepad.bin flag 1 data 41378
[   30.8023] open fd = -5
[   30.8177] open name host:/livepad.bin flag 1 data 41378
[   30.8188] open fd = -5
[   30.8351] open name host:/livepad.bin flag 1 data 41378
[   30.8365] open fd = -5
[   30.8367] open name host:/livedbg.cmd flag 1 data 41378
[   30.8376] open fd = -5
[   30.8533] open name host:/livepad.bin flag 1 data 41378
[   30.8545] open fd = -5
[   30.8693] open name host:/livepad.bin flag 1 data 41378
[   30.8705] open fd = -5
[   30.8864] open name host:/livepad.bin flag 1 data 41378
[   30.8877] open fd = -5
[   30.9030] open name host:/livepad.bin flag 1 data 41378
[   30.9034] open fd = -5
[   30.9188] open name host:/livepad.bin flag 1 data 41378
[   30.9204] open fd = -5
[   30.9370] open name host:/livepad.bin flag 1 data 41378
[   30.9382] open fd = -5
[   30.9384] open name host:/livedbg.cmd flag 1 data 41378
[   30.9394] open fd = -5
[   30.9550] open name host:/livepad.bin flag 1 data 41378
[   30.9562] open fd = -5
[   30.9709] open name host:/livepad.bin flag 1 data 41378
[   30.9720] open fd = -5
[   30.9864] open name host:/livepad.bin flag 1 data 41378
[   30.9876] open fd = -5
[   31.0036] open name host:/livepad.bin flag 1 data 41378
[   31.0047] open fd = -5
[   31.0207] open name host:/livepad.bin flag 1 data 41378
[   31.0219] open fd = -5
[   31.0368] open name host:/livepad.bin flag 1 data 41378
[   31.0380] open fd = -5
[   31.0382] open name host:/livedbg.cmd flag 1 data 41378
[   31.0392] open fd = -5
[   31.0542] open name host:/livepad.bin flag 1 data 41378
[   31.0556] open fd = -5
[   31.0713] open name host:/livepad.bin flag 1 data 41378
[   31.0727] open fd = -5
[   31.0873] FRAMEARENA frames=1080 peak=1037904 resets=4 fallbacks=0 maxFrameBytes=2731360 maxBorrowed=2120800 freeKiB=6358
[   31.0875] NATIVEVIF frames=1080 batches=1084
[   31.0877] ORDEREDFRAME frames=1080 splitFrames=3
[   31.0878] FRAMEPIPELINE starts=1080 dmaBusyStarts=148
[   31.0879] open name host:/livepad.bin flag 1 data 41378
[   31.0892] open fd = -5
[   31.1044] open name host:/livepad.bin flag 1 data 41378
[   31.1056] open fd = -5
[   31.1211] open name host:/livepad.bin flag 1 data 41378
[   31.1222] open fd = -5
[   31.1367] open name host:/livepad.bin flag 1 data 41378
[   31.1378] open fd = -5
[   31.1380] open name host:/livedbg.cmd flag 1 data 41378
[   31.1390] open fd = -5
[   31.1537] open name host:/livepad.bin flag 1 data 41378
[   31.1550] open fd = -5
[   31.1566] open name host:/log.txt flag 302 data 41378
[   31.1585] open fd = 256
[   31.1739] open name host:/livepad.bin flag 1 data 41378
[   31.1751] open fd = -5
[   31.1905] open name host:/livepad.bin flag 1 data 41378
[   31.1916] open fd = -5
[   31.2069] open name host:/livepad.bin flag 1 data 41378
[   31.2081] open fd = -5
[   31.2236] open name host:/livepad.bin flag 1 data 41378
[   31.2247] open fd = -5
[   31.2397] open name host:/livepad.bin flag 1 data 41378
[   31.2410] open fd = -5
[   31.2412] open name host:/livedbg.cmd flag 1 data 41378
[   31.2420] open fd = -5
[   31.2563] open name host:/livepad.bin flag 1 data 41378
[   31.2575] open fd = -5
[   31.2720] open name host:/livepad.bin flag 1 data 41378
[   31.2732] open fd = -5
[   31.2881] open name host:/livepad.bin flag 1 data 41378
[   31.2895] open fd = -5
[   31.3044] open name host:/livepad.bin flag 1 data 41378
[   31.3057] open fd = -5
[   31.3197] open name host:/livepad.bin flag 1 data 41378
[   31.3213] open fd = -5
[   31.3379] open name host:/livepad.bin flag 1 data 41378
[   31.3394] open fd = -5
[   31.3395] open name host:/livedbg.cmd flag 1 data 41378
[   31.3406] open fd = -5
[   31.3579] open name host:/livepad.bin flag 1 data 41378
[   31.3593] open fd = -5
[   31.3595] open name host:/log.txt flag 302 data 41378
[   31.3610] open fd = 256
[   31.3781] open name host:/livepad.bin flag 1 data 41378
[   31.3795] open fd = -5
[   31.3949] open name host:/livepad.bin flag 1 data 41378
[   31.3963] open fd = -5
[   31.4111] open name host:/livepad.bin flag 1 data 41378
[   31.4124] open fd = -5
[   31.4272] open name host:/livepad.bin flag 1 data 41378
[   31.4286] open fd = -5
[   31.4444] open name host:/livepad.bin flag 1 data 41378
[   31.4457] open fd = -5
[   31.4460] open name host:/livedbg.cmd flag 1 data 41378
[   31.4471] open fd = -5
[   31.4635] open name host:/livepad.bin flag 1 data 41378
[   31.4647] open fd = -5
[   31.4807] open name host:/livepad.bin flag 1 data 41378
[   31.4819] open fd = -5
[   31.4978] open name host:/livepad.bin flag 1 data 41378
[   31.4990] open fd = -5
[   31.5146] open name host:/livepad.bin flag 1 data 41378
[   31.5159] open fd = -5
[   31.5308] open name host:/livepad.bin flag 1 data 41378
[   31.5319] open fd = -5
[   31.5482] open name host:/livepad.bin flag 1 data 41378
[   31.5497] open fd = -5
[   31.5498] open name host:/livedbg.cmd flag 1 data 41378
[   31.5508] open fd = -5
[   31.5655] open name host:/livepad.bin flag 1 data 41378
[   31.5669] open fd = -5
[   31.5820] open name host:/livepad.bin flag 1 data 41378
[   31.5833] open fd = -5
[   31.5984] open name host:/livepad.bin flag 1 data 41378
[   31.5996] open fd = -5
[   31.6151] open name host:/livepad.bin flag 1 data 41378
[   31.6165] open fd = -5
[   31.6322] open name host:/livepad.bin flag 1 data 41378
[   31.6334] open fd = -5
[   31.6481] open name host:/livepad.bin flag 1 data 41378
[   31.6493] open fd = -5
[   31.6495] open name host:/livedbg.cmd flag 1 data 41378
[   31.6505] open fd = -5
[   31.6654] open name host:/livepad.bin flag 1 data 41378
[   31.6669] open fd = -5
[   31.6816] open name host:/livepad.bin flag 1 data 41378
[   31.6831] open fd = -5
[   31.6985] open name host:/livepad.bin flag 1 data 41378
[   31.6997] open fd = -5
[   31.7150] open name host:/livepad.bin flag 1 data 41378
[   31.7162] open fd = -5
[   31.7320] open name host:/livepad.bin flag 1 data 41378
[   31.7333] open fd = -5
[   31.7473] open name host:/livepad.bin flag 1 data 41378
[   31.7484] open fd = -5
[   31.7487] open name host:/livedbg.cmd flag 1 data 41378
[   31.7496] open fd = -5
[   31.7670] open name host:/livepad.bin flag 1 data 41378
[   31.7682] open fd = -5
[   31.7853] open name host:/livepad.bin flag 1 data 41378
[   31.7865] open fd = -5
[   31.8013] open name host:/livepad.bin flag 1 data 41378
[   31.8024] open fd = -5
[   31.8173] open name host:/livepad.bin flag 1 data 41378
[   31.8184] open fd = -5
[   31.8334] open name host:/livepad.bin flag 1 data 41378
[   31.8347] open fd = -5
[   31.8502] open name host:/livepad.bin flag 1 data 41378
[   31.8514] open fd = -5
[   31.8516] open name host:/livedbg.cmd flag 1 data 41378
[   31.8525] open fd = -5
[   31.8675] open name host:/livepad.bin flag 1 data 41378
[   31.8679] open fd = -5
[   31.8831] open name host:/livepad.bin flag 1 data 41378
[   31.8843] open fd = -5
[   31.8996] open name host:/livepad.bin flag 1 data 41378
[   31.9009] open fd = -5
[   31.9152] open name host:/livepad.bin flag 1 data 41378
[   31.9164] open fd = -5
[   31.9318] open name host:/livepad.bin flag 1 data 41378
[   31.9329] open fd = -5
[   31.9476] open name host:/livepad.bin flag 1 data 41378
[   31.9488] open fd = -5
[   31.9490] open name host:/livedbg.cmd flag 1 data 41378
[   31.9500] open fd = -5
[   31.9672] open name host:/livepad.bin flag 1 data 41378
[   31.9685] open fd = -5
[   31.9836] open name host:/livepad.bin flag 1 data 41378
[   31.9848] open fd = -5
[   31.9998] open name host:/livepad.bin flag 1 data 41378
[   32.0010] open fd = -5
[   32.0161] open name host:/livepad.bin flag 1 data 41378
[   32.0172] open fd = -5
[   32.0323] open name host:/livepad.bin flag 1 data 41378
[   32.0335] open fd = -5
[   32.0483] open name host:/livepad.bin flag 1 data 41378
[   32.0496] open fd = -5
[   32.0497] open name host:/livedbg.cmd flag 1 data 41378
[   32.0508] open fd = -5
[   32.0661] open name host:/livepad.bin flag 1 data 41378
[   32.0674] open fd = -5
[   32.0834] open name host:/livepad.bin flag 1 data 41378
[   32.0844] open fd = -5
[   32.1003] open name host:/livepad.bin flag 1 data 41378
[   32.1016] open fd = -5
[   32.1165] open name host:/livepad.bin flag 1 data 41378
[   32.1175] open fd = -5
[   32.1321] open name host:/livepad.bin flag 1 data 41378
[   32.1334] open fd = -5
[   32.1479] open name host:/livepad.bin flag 1 data 41378
[   32.1492] open fd = -5
[   32.1494] open name host:/livedbg.cmd flag 1 data 41378
[   32.1504] open fd = -5
[   32.1649] open name host:/livepad.bin flag 1 data 41378
[   32.1665] open fd = -5
[   32.1819] open name host:/livepad.bin flag 1 data 41378
[   32.1826] open fd = -5
[   32.1980] open name host:/livepad.bin flag 1 data 41378
[   32.1993] open fd = -5
[   32.2142] open name host:/livepad.bin flag 1 data 41378
[   32.2153] open fd = -5
[   32.2313] open name host:/livepad.bin flag 1 data 41378
[   32.2324] open fd = -5
[   32.2481] open name host:/livepad.bin flag 1 data 41378
[   32.2492] open fd = -5
[   32.2495] open name host:/livedbg.cmd flag 1 data 41378
[   32.2506] open fd = -5
[   32.2655] open name host:/livepad.bin flag 1 data 41378
[   32.2667] open fd = -5
[   32.2819] open name host:/livepad.bin flag 1 data 41378
[   32.2831] open fd = -5
[   32.2982] open name host:/livepad.bin flag 1 data 41378
[   32.2997] open fd = -5
[   32.3143] open name host:/livepad.bin flag 1 data 41378
[   32.3155] open fd = -5
[   32.3315] open name host:/livepad.bin flag 1 data 41378
[   32.3329] open fd = -5
[   32.3333] open name host:/log.txt flag 302 data 41378
[   32.3347] open fd = 256
[   32.3514] open name host:/livepad.bin flag 1 data 41378
[   32.3525] open fd = -5
[   32.3527] open name host:/livedbg.cmd flag 1 data 41378
[   32.3536] open fd = -5
[   32.3800] open name host:/livepad.bin flag 1 data 41378
[   32.3815] open fd = -5
[   32.3818] open name host:/log.txt flag 302 data 41378
[   32.3834] open fd = 256
[   32.4000] open name host:/livepad.bin flag 1 data 41378
[   32.4013] open fd = -5
[   32.4175] open name host:/livepad.bin flag 1 data 41378
[   32.4186] open fd = -5
[   32.4335] open name host:/livepad.bin flag 1 data 41378
[   32.4348] open fd = -5
[   32.4500] open name host:/livepad.bin flag 1 data 41378
[   32.4511] open fd = -5
[   32.4671] open name host:/livepad.bin flag 1 data 41378
[   32.4682] open fd = -5
[   32.4684] open name host:/livedbg.cmd flag 1 data 41378
[   32.4693] open fd = -5
[   32.4841] open name host:/livepad.bin flag 1 data 41378
[   32.4855] open fd = -5
[   32.5005] open name host:/livepad.bin flag 1 data 41378
[   32.5016] open fd = -5
[   32.5167] open name host:/livepad.bin flag 1 data 41378
[   32.5179] open fd = -5
[   32.5338] open name host:/livepad.bin flag 1 data 41378
[   32.5348] open fd = -5
[   32.5512] open name host:/livepad.bin flag 1 data 41378
[   32.5523] open fd = -5
[   32.5676] open name host:/livepad.bin flag 1 data 41378
[   32.5687] open fd = -5
[   32.5689] open name host:/livedbg.cmd flag 1 data 41378
[   32.5698] open fd = -5
[   32.5853] open name host:/livepad.bin flag 1 data 41378
[   32.5866] open fd = -5
[   32.6011] open name host:/livepad.bin flag 1 data 41378
[   32.6022] open fd = -5
[   32.6176] open name host:/livepad.bin flag 1 data 41378
[   32.6188] open fd = -5
[   32.6337] open name host:/livepad.bin flag 1 data 41378
[   32.6349] open fd = -5
[   32.6508] open name host:/livepad.bin flag 1 data 41378
[   32.6520] open fd = -5
[   32.6676] open name host:/livepad.bin flag 1 data 41378
[   32.6691] open fd = -5
[   32.6692] open name host:/livedbg.cmd flag 1 data 41378
[   32.6701] open fd = -5
[   32.6852] open name host:/livepad.bin flag 1 data 41378
[   32.6863] open fd = -5
[   32.7026] open name host:/livepad.bin flag 1 data 41378
[   32.7039] open fd = -5
[   32.7194] open name host:/livepad.bin flag 1 data 41378
[   32.7208] open fd = -5
[   32.7355] open name host:/livepad.bin flag 1 data 41378
[   32.7368] open fd = -5
[   32.7518] open name host:/livepad.bin flag 1 data 41378
[   32.7531] open fd = -5
[   32.7692] open name host:/livepad.bin flag 1 data 41378
[   32.7705] open fd = -5
[   32.7707] open name host:/livedbg.cmd flag 1 data 41378
[   32.7719] open fd = -5
[   32.7874] open name host:/livepad.bin flag 1 data 41378
[   32.7887] open fd = -5
[   32.8039] open name host:/livepad.bin flag 1 data 41378
[   32.8050] open fd = -5
[   32.8201] open name host:/livepad.bin flag 1 data 41378
[   32.8210] open fd = -5
[   32.8367] open name host:/livepad.bin flag 1 data 41378
[   32.8379] open fd = -5
[   32.8538] open name host:/livepad.bin flag 1 data 41378
[   32.8549] open fd = -5
[   32.8702] open name host:/livepad.bin flag 1 data 41378
[   32.8713] open fd = -5
[   32.8715] open name host:/livedbg.cmd flag 1 data 41378
[   32.8726] open fd = -5
[   32.8879] open name host:/livepad.bin flag 1 data 41378
[   32.8892] open fd = -5
[   32.9034] open name host:/livepad.bin flag 1 data 41378
[   32.9046] open fd = -5
[   32.9200] open name host:/livepad.bin flag 1 data 41378
[   32.9211] open fd = -5
[   32.9373] open name host:/livepad.bin flag 1 data 41378
[   32.9384] open fd = -5
[   32.9541] open name host:/livepad.bin flag 1 data 41378
[   32.9554] open fd = -5
[   32.9710] open name host:/livepad.bin flag 1 data 41378
[   32.9723] open fd = -5
[   32.9725] open name host:/livedbg.cmd flag 1 data 41378
[   32.9737] open fd = -5
[   32.9887] open name host:/livepad.bin flag 1 data 41378
[   32.9899] open fd = -5
[   33.0050] open name host:/livepad.bin flag 1 data 41378
[   33.0062] open fd = -5
[   33.0217] open name host:/livepad.bin flag 1 data 41378
[   33.0229] open fd = -5
[   33.0397] open name host:/livepad.bin flag 1 data 41378
[   33.0409] open fd = -5
[   33.0556] open name host:/livepad.bin flag 1 data 41378
[   33.0573] open fd = -5
[   33.0733] open name host:/livepad.bin flag 1 data 41378
[   33.0745] open fd = -5
[   33.0747] open name host:/livedbg.cmd flag 1 data 41378
[   33.0757] open fd = -5
[   33.0910] open name host:/livepad.bin flag 1 data 41378
[   33.0921] open fd = -5
[   33.1067] open name host:/livepad.bin flag 1 data 41378
[   33.1079] open fd = -5
[   33.1228] FRAMEARENA frames=1200 peak=1037904 resets=4 fallbacks=0 maxFrameBytes=2731360 maxBorrowed=2120800 freeKiB=6395
[   33.1230] NATIVEVIF frames=1200 batches=1204
[   33.1231] ORDEREDFRAME frames=1200 splitFrames=3
[   33.1231] FRAMEPIPELINE starts=1200 dmaBusyStarts=148
[   33.1232] open name host:/livepad.bin flag 1 data 41378
[   33.1243] open fd = -5
[   33.1385] open name host:/livepad.bin flag 1 data 41378
[   33.1392] open fd = -5
[   33.1539] open name host:/livepad.bin flag 1 data 41378
[   33.1557] open fd = -5
[   33.1703] open name host:/livepad.bin flag 1 data 41378
[   33.1722] open fd = -5
[   33.1724] open name host:/livedbg.cmd flag 1 data 41378
[   33.1737] open fd = -5
[   33.1879] open name host:/livepad.bin flag 1 data 41378
[   33.1896] open fd = -5
[   33.2051] open name host:/livepad.bin flag 1 data 41378
[   33.2063] open fd = -5
[   33.2218] open name host:/livepad.bin flag 1 data 41378
[   33.2229] open fd = -5
[   33.2382] open name host:/livepad.bin flag 1 data 41378
[   33.2396] open fd = -5
[   33.2545] open name host:/livepad.bin flag 1 data 41378
[   33.2556] open fd = -5
[   33.2720] open name host:/livepad.bin flag 1 data 41378
[   33.2734] open fd = -5
[   33.2735] open name host:/livedbg.cmd flag 1 data 41378
[   33.2745] open fd = -5
[   33.2889] open name host:/livepad.bin flag 1 data 41378
[   33.2900] open fd = -5
[   33.3052] open name host:/livepad.bin flag 1 data 41378
[   33.3063] open fd = -5
[   33.3211] open name host:/livepad.bin flag 1 data 41378
[   33.3228] open fd = -5
[   33.3387] open name host:/livepad.bin flag 1 data 41378
[   33.3399] open fd = -5
[   33.3557] open name host:/livepad.bin flag 1 data 41378
[   33.3568] open fd = -5
[   33.3715] open name host:/livepad.bin flag 1 data 41378
[   33.3729] open fd = -5
[   33.3732] open name host:/livedbg.cmd flag 1 data 41378
[   33.3742] open fd = -5
[   33.3894] open name host:/livepad.bin flag 1 data 41378
[   33.3908] open fd = -5
[   33.3911] open name host:/log.txt flag 302 data 41378
[   33.3926] open fd = 256
[   33.4095] open name host:/livepad.bin flag 1 data 41378
[   33.4106] open fd = -5
[   33.4278] open name host:/livepad.bin flag 1 data 41378
[   33.4289] open fd = -5
[   33.4434] open name host:/livepad.bin flag 1 data 41378
[   33.4445] open fd = -5
[   33.4598] open name host:/livepad.bin flag 1 data 41378
[   33.4601] open fd = -5
[   33.4753] open name host:/livepad.bin flag 1 data 41378
[   33.4764] open fd = -5
[   33.4766] open name host:/livedbg.cmd flag 1 data 41378
[   33.4776] open fd = -5
[   33.4944] open name host:/livepad.bin flag 1 data 41378
[   33.4960] open fd = -5
[   33.5130] open name host:/livepad.bin flag 1 data 41378
[   33.5142] open fd = -5
[   33.5294] open name host:/livepad.bin flag 1 data 41378
[   33.5330] open fd = -5
[   33.5479] open name host:/livepad.bin flag 1 data 41378
[   33.5492] open fd = -5
[   33.5654] open name host:/livepad.bin flag 1 data 41378
[   33.5666] open fd = -5
[   33.5816] open name host:/livepad.bin flag 1 data 41378
[   33.5829] open fd = -5
[   33.5832] open name host:/livedbg.cmd flag 1 data 41378
[   33.5842] open fd = -5
[   33.5994] open name host:/livepad.bin flag 1 data 41378
[   33.6007] open fd = -5
[   33.6165] open name host:/livepad.bin flag 1 data 41378
[   33.6179] open fd = -5
[   33.6332] open name host:/livepad.bin flag 1 data 41378
[   33.6343] open fd = -5
[   33.6494] open name host:/livepad.bin flag 1 data 41378
[   33.6506] open fd = -5
[   33.6658] open name host:/livepad.bin flag 1 data 41378
[   33.6669] open fd = -5
[   33.6820] open name host:/livepad.bin flag 1 data 41378
[   33.6830] open fd = -5
[   33.6833] open name host:/livedbg.cmd flag 1 data 41378
[   33.6844] open fd = -5
[   33.6990] open name host:/livepad.bin flag 1 data 41378
[   33.7002] open fd = -5
[   33.7019] open name host:/log.txt flag 302 data 41378
[   33.7036] open fd = 256
[   33.7200] open name host:/livepad.bin flag 1 data 41378
[   33.7214] open fd = -5
[   33.7375] open name host:/livepad.bin flag 1 data 41378
[   33.7388] open fd = -5
[   33.7546] open name host:/livepad.bin flag 1 data 41378
[   33.7560] open fd = -5
[   33.7718] open name host:/livepad.bin flag 1 data 41378
[   33.7731] open fd = -5
[   33.7892] open name host:/livepad.bin flag 1 data 41378
[   33.7903] open fd = -5
[   33.7906] open name host:/livedbg.cmd flag 1 data 41378
[   33.7915] open fd = -5
[   33.8063] open name host:/livepad.bin flag 1 data 41378
[   33.8077] open fd = -5
[   33.8228] open name host:/livepad.bin flag 1 data 41378
[   33.8241] open fd = -5
[   33.8391] open name host:/livepad.bin flag 1 data 41378
[   33.8403] open fd = -5
[   33.8559] open name host:/livepad.bin flag 1 data 41378
[   33.8571] open fd = -5
[   33.8732] open name host:/livepad.bin flag 1 data 41378
[   33.8742] open fd = -5
[   33.8893] open name host:/livepad.bin flag 1 data 41378
[   33.8897] open fd = -5
[   33.8900] open name host:/livedbg.cmd flag 1 data 41378
[   33.8909] open fd = -5
[   33.9062] open name host:/livepad.bin flag 1 data 41378
[   33.9073] open fd = -5
[   33.9225] open name host:/livepad.bin flag 1 data 41378
[   33.9237] open fd = -5
[   33.9395] open name host:/livepad.bin flag 1 data 41378
[   33.9407] open fd = -5
[   33.9561] open name host:/livepad.bin flag 1 data 41378
[   33.9572] open fd = -5
[   33.9737] open name host:/livepad.bin flag 1 data 41378
[   33.9748] open fd = -5
[   33.9899] open name host:/livepad.bin flag 1 data 41378
[   33.9910] open fd = -5
[   33.9911] open name host:/livedbg.cmd flag 1 data 41378
[   33.9921] open fd = -5
[   34.0070] open name host:/livepad.bin flag 1 data 41378
[   34.0083] open fd = -5
[   34.0235] open name host:/livepad.bin flag 1 data 41378
[   34.0246] open fd = -5
[   34.0401] open name host:/livepad.bin flag 1 data 41378
[   34.0415] open fd = -5
[   34.0564] open name host:/livepad.bin flag 1 data 41378
[   34.0576] open fd = -5
[   34.0726] open name host:/livepad.bin flag 1 data 41378
[   34.0738] open fd = -5
[   34.0889] open name host:/livepad.bin flag 1 data 41378
[   34.0901] open fd = -5
[   34.0903] open name host:/livedbg.cmd flag 1 data 41378
[   34.0913] open fd = -5
[   34.1065] open name host:/livepad.bin flag 1 data 41378
[   34.1076] open fd = -5
[   34.1226] open name host:/livepad.bin flag 1 data 41378
[   34.1238] open fd = -5
[   34.1390] open name host:/livepad.bin flag 1 data 41378
[   34.1401] open fd = -5
[   34.1547] open name host:/livepad.bin flag 1 data 41378
[   34.1559] open fd = -5
[   34.1711] open name host:/livepad.bin flag 1 data 41378
[   34.1723] open fd = -5
[   34.1887] open name host:/livepad.bin flag 1 data 41378
[   34.1899] open fd = -5
[   34.1901] open name host:/livedbg.cmd flag 1 data 41378
[   34.1913] open fd = -5
[   34.2060] open name host:/livepad.bin flag 1 data 41378
[   34.2064] open fd = -5
[   34.2219] open name host:/livepad.bin flag 1 data 41378
[   34.2231] open fd = -5
[   34.2378] open name host:/livepad.bin flag 1 data 41378
[   34.2390] open fd = -5
[   34.2548] open name host:/livepad.bin flag 1 data 41378
[   34.2563] open fd = -5
[   34.2718] open name host:/livepad.bin flag 1 data 41378
[   34.2730] open fd = -5
[   34.2896] open name host:/livepad.bin flag 1 data 41378
[   34.2909] open fd = -5
[   34.2911] open name host:/livedbg.cmd flag 1 data 41378
[   34.2920] open fd = -5
[   34.3077] open name host:/livepad.bin flag 1 data 41378
[   34.3091] open fd = -5
[   34.3250] open name host:/livepad.bin flag 1 data 41378
[   34.3261] open fd = -5
[   34.3411] open name host:/livepad.bin flag 1 data 41378
[   34.3425] open fd = -5
[   34.3574] open name host:/livepad.bin flag 1 data 41378
[   34.3586] open fd = -5
[   34.3736] open name host:/livepad.bin flag 1 data 41378
[   34.3748] open fd = -5
[   34.3898] open name host:/livepad.bin flag 1 data 41378
[   34.3910] open fd = -5
[   34.3912] open name host:/livedbg.cmd flag 1 data 41378
[   34.3922] open fd = -5
[   34.4073] open name host:/livepad.bin flag 1 data 41378
[   34.4084] open fd = -5
[   34.4087] open name host:/log.txt flag 302 data 41378
[   34.4101] open fd = 256
[   34.4272] open name host:/livepad.bin flag 1 data 41378
[   34.4284] open fd = -5
[   34.4437] open name host:/livepad.bin flag 1 data 41378
[   34.4449] open fd = -5
[   34.4606] open name host:/livepad.bin flag 1 data 41378
[   34.4617] open fd = -5
[   34.4770] open name host:/livepad.bin flag 1 data 41378
[   34.4783] open fd = -5
[   34.4935] open name host:/livepad.bin flag 1 data 41378
[   34.4947] open fd = -5
[   34.4950] open name host:/livedbg.cmd flag 1 data 41378
[   34.4959] open fd = -5
[   34.5116] open name host:/livepad.bin flag 1 data 41378
[   34.5130] open fd = -5
[   34.5288] open name host:/livepad.bin flag 1 data 41378
[   34.5300] open fd = -5
[   34.5463] open name host:/livepad.bin flag 1 data 41378
[   34.5475] open fd = -5
[   34.5628] open name host:/livepad.bin flag 1 data 41378
[   34.5639] open fd = -5
[   34.5789] open name host:/livepad.bin flag 1 data 41378
[   34.5801] open fd = -5
[   34.5955] open name host:/livepad.bin flag 1 data 41378
[   34.5966] open fd = -5
[   34.5968] open name host:/livedbg.cmd flag 1 data 41378
[   34.5979] open fd = -5
[   34.6130] open name host:/livepad.bin flag 1 data 41378
[   34.6144] open fd = -5
[   34.6306] open name host:/livepad.bin flag 1 data 41378
[   34.6312] open fd = -5
[   34.6478] open name host:/livepad.bin flag 1 data 41378
[   34.6492] open fd = -5
[   34.6651] open name host:/livepad.bin flag 1 data 41378
[   34.6662] open fd = -5
[   34.6816] open name host:/livepad.bin flag 1 data 41378
[   34.6829] open fd = -5
[   34.6980] open name host:/livepad.bin flag 1 data 41378
[   34.6991] open fd = -5
[   34.6993] open name host:/livedbg.cmd flag 1 data 41378
[   34.7004] open fd = -5
[   34.7162] open name host:/livepad.bin flag 1 data 41378
[   34.7174] open fd = -5
[   34.7327] open name host:/livepad.bin flag 1 data 41378
[   34.7338] open fd = -5
[   34.7490] open name host:/livepad.bin flag 1 data 41378
[   34.7505] open fd = -5
[   34.7670] open name host:/livepad.bin flag 1 data 41378
[   34.7682] open fd = -5
[   34.7837] open name host:/livepad.bin flag 1 data 41378
[   34.7851] open fd = -5
[   34.8002] open name host:/livepad.bin flag 1 data 41378
[   34.8014] open fd = -5
[   34.8016] open name host:/livedbg.cmd flag 1 data 41378
[   34.8025] open fd = -5
[   34.8176] open name host:/livepad.bin flag 1 data 41378
[   34.8188] open fd = -5
[   34.8343] open name host:/livepad.bin flag 1 data 41378
[   34.8357] open fd = -5
[   34.8509] open name host:/livepad.bin flag 1 data 41378
[   34.8521] open fd = -5
[   34.8678] open name host:/livepad.bin flag 1 data 41378
[   34.8692] open fd = -5
[   34.8845] open name host:/livepad.bin flag 1 data 41378
[   34.8856] open fd = -5
[   34.9015] open name host:/livepad.bin flag 1 data 41378
[   34.9028] open fd = -5
[   34.9030] open name host:/livedbg.cmd flag 1 data 41378
[   34.9040] open fd = -5
[   34.9196] open name host:/livepad.bin flag 1 data 41378
[   34.9211] open fd = -5
[   34.9364] open name host:/livepad.bin flag 1 data 41378
[   34.9376] open fd = -5
[   34.9546] open name host:/livepad.bin flag 1 data 41378
[   34.9558] open fd = -5
[   34.9709] open name host:/livepad.bin flag 1 data 41378
[   34.9721] open fd = -5
[   34.9890] open name host:/livepad.bin flag 1 data 41378
[   34.9904] open fd = -5
[   35.0053] open name host:/livepad.bin flag 1 data 41378
[   35.0066] open fd = -5
[   35.0068] open name host:/livedbg.cmd flag 1 data 41378
[   35.0078] open fd = -5
[   35.0230] open name host:/livepad.bin flag 1 data 41378
[   35.0242] open fd = -5
[   35.0397] open name host:/livepad.bin flag 1 data 41378
[   35.0410] open fd = -5
[   35.0574] open name host:/livepad.bin flag 1 data 41378
[   35.0585] open fd = -5
[   35.0736] open name host:/livepad.bin flag 1 data 41378
[   35.0747] open fd = -5
[   35.0899] open name host:/livepad.bin flag 1 data 41378
[   35.0913] open fd = -5
[   35.1067] open name host:/livepad.bin flag 1 data 41378
[   35.1079] open fd = -5
[   35.1081] open name host:/livedbg.cmd flag 1 data 41378
[   35.1092] open fd = -5
[   35.1245] open name host:/livepad.bin flag 1 data 41378
[   35.1260] open fd = -5
[   35.1418] open name host:/livepad.bin flag 1 data 41378
[   35.1433] open fd = -5
[   35.1606] FRAMEARENA frames=1320 peak=1037904 resets=4 fallbacks=0 maxFrameBytes=2731360 maxBorrowed=2120800 freeKiB=8311
[   35.1609] NATIVEVIF frames=1320 batches=1324
[   35.1611] ORDEREDFRAME frames=1320 splitFrames=3
[   35.1611] FRAMEPIPELINE starts=1320 dmaBusyStarts=149
[   35.1613] open name host:/livepad.bin flag 1 data 41378
[   35.1616] open fd = -5
[   35.1774] open name host:/livepad.bin flag 1 data 41378
[   35.1788] open fd = -5
[   35.1954] open name host:/livepad.bin flag 1 data 41378
[   35.1967] open fd = -5
[   35.2118] open name host:/livepad.bin flag 1 data 41378
[   35.2130] open fd = -5
[   35.2134] open name host:/livedbg.cmd flag 1 data 41378
[   35.2145] open fd = -5
[   35.2294] open name host:/livepad.bin flag 1 data 41378
[   35.2306] open fd = -5
[   35.2459] open name host:/livepad.bin flag 1 data 41378
[   35.2472] open fd = -5
[   35.2625] open name host:/livepad.bin flag 1 data 41378
[   35.2635] open fd = -5
[   35.2784] open name host:/livepad.bin flag 1 data 41378
[   35.2798] open fd = -5
[   35.2951] open name host:/livepad.bin flag 1 data 41378
[   35.2964] open fd = -5
[   35.3117] open name host:/livepad.bin flag 1 data 41378
[   35.3132] open fd = -5
[   35.3135] open name host:/livedbg.cmd flag 1 data 41378
[   35.3144] open fd = -5
[   35.3295] open name host:/livepad.bin flag 1 data 41378
[   35.3308] open fd = -5
[   35.3484] open name host:/livepad.bin flag 1 data 41378
[   35.3497] open fd = -5
[   35.3650] open name host:/livepad.bin flag 1 data 41378
[   35.3662] open fd = -5
[   35.3818] open name host:/livepad.bin flag 1 data 41378
[   35.3832] open fd = -5
[   35.3982] open name host:/livepad.bin flag 1 data 41378
[   35.3995] open fd = -5
[   35.3998] open name host:/log.txt flag 302 data 41378
[   35.4012] open fd = 256
[   35.4188] open name host:/livepad.bin flag 1 data 41378
[   35.4201] open fd = -5
[   35.4203] open name host:/livedbg.cmd flag 1 data 41378
[   35.4212] open fd = -5
[   35.4482] open name host:/livepad.bin flag 1 data 41378
[   35.4495] open fd = -5
[   35.4498] open name host:/log.txt flag 302 data 41378
[   35.4513] open fd = 256
[   35.4680] open name host:/livepad.bin flag 1 data 41378
[   35.4692] open fd = -5
[   35.4844] open name host:/livepad.bin flag 1 data 41378
[   35.4855] open fd = -5
[   35.5006] open name host:/livepad.bin flag 1 data 41378
[   35.5017] open fd = -5
[   35.5162] open name host:/livepad.bin flag 1 data 41378
[   35.5173] open fd = -5
[   35.5328] open name host:/livepad.bin flag 1 data 41378
[   35.5340] open fd = -5
[   35.5342] open name host:/livedbg.cmd flag 1 data 41378
[   35.5353] open fd = -5
[   35.5507] open name host:/livepad.bin flag 1 data 41378
[   35.5519] open fd = -5
[   35.5674] open name host:/livepad.bin flag 1 data 41378
[   35.5687] open fd = -5
[   35.5841] open name host:/livepad.bin flag 1 data 41378
[   35.5846] open fd = -5
[   35.6000] open name host:/livepad.bin flag 1 data 41378
[   35.6012] open fd = -5
[   35.6161] open name host:/livepad.bin flag 1 data 41378
[   35.6173] open fd = -5
[   35.6325] open name host:/livepad.bin flag 1 data 41378
[   35.6341] open fd = -5
[   35.6344] open name host:/livedbg.cmd flag 1 data 41378
[   35.6353] open fd = -5
[   35.6494] open name host:/livepad.bin flag 1 data 41378
[   35.6506] open fd = -5
[   35.6652] open name host:/livepad.bin flag 1 data 41378
[   35.6664] open fd = -5
[   35.6820] open name host:/livepad.bin flag 1 data 41378
[   35.6830] open fd = -5
[   35.6984] open name host:/livepad.bin flag 1 data 41378
[   35.6994] open fd = -5
[   35.7144] open name host:/livepad.bin flag 1 data 41378
[   35.7155] open fd = -5
[   35.7313] open name host:/livepad.bin flag 1 data 41378
[   35.7328] open fd = -5
[   35.7330] open name host:/livedbg.cmd flag 1 data 41378
[   35.7340] open fd = -5
[   35.7496] open name host:/livepad.bin flag 1 data 41378
[   35.7508] open fd = -5
[   35.7660] open name host:/livepad.bin flag 1 data 41378
[   35.7673] open fd = -5
[   35.7823] open name host:/livepad.bin flag 1 data 41378
[   35.7835] open fd = -5
[   35.7987] open name host:/livepad.bin flag 1 data 41378
[   35.8002] open fd = -5
[   35.8161] open name host:/livepad.bin flag 1 data 41378
[   35.8174] open fd = -5
[   35.8331] open name host:/livepad.bin flag 1 data 41378
[   35.8344] open fd = -5
[   35.8346] open name host:/livedbg.cmd flag 1 data 41378
[   35.8356] open fd = -5
[   35.8523] open name host:/livepad.bin flag 1 data 41378
[   35.8536] open fd = -5
[   35.8695] open name host:/livepad.bin flag 1 data 41378
[   35.8707] open fd = -5
[   35.8869] open name host:/livepad.bin flag 1 data 41378
[   35.8880] open fd = -5
[   35.9044] open name host:/livepad.bin flag 1 data 41378
[   35.9049] open fd = -5
[   35.9210] open name host:/livepad.bin flag 1 data 41378
[   35.9223] open fd = -5
[   35.9379] open name host:/livepad.bin flag 1 data 41378
[   35.9393] open fd = -5
[   35.9395] open name host:/livedbg.cmd flag 1 data 41378
[   35.9406] open fd = -5
[   35.9577] open name host:/livepad.bin flag 1 data 41378
[   35.9591] open fd = -5
[   35.9749] open name host:/livepad.bin flag 1 data 41378
[   35.9761] open fd = -5
[   35.9923] open name host:/livepad.bin flag 1 data 41378
[   35.9934] open fd = -5
[   36.0082] open name host:/livepad.bin flag 1 data 41378
[   36.0085] open fd = -5
[   36.0238] open name host:/livepad.bin flag 1 data 41378
[   36.0251] open fd = -5
[   36.0408] open name host:/livepad.bin flag 1 data 41378
[   36.0419] open fd = -5
[   36.0421] open name host:/livedbg.cmd flag 1 data 41378
[   36.0433] open fd = -5
[   36.0582] open name host:/livepad.bin flag 1 data 41378
[   36.0594] open fd = -5
[   36.0747] open name host:/livepad.bin flag 1 data 41378
[   36.0758] open fd = -5
[   36.0911] open name host:/livepad.bin flag 1 data 41378
[   36.0923] open fd = -5
[   36.1075] open name host:/livepad.bin flag 1 data 41378
[   36.1087] open fd = -5
[   36.1238] open name host:/livepad.bin flag 1 data 41378
[   36.1248] open fd = -5
[   36.1406] open name host:/livepad.bin flag 1 data 41378
[   36.1418] open fd = -5
[   36.1421] open name host:/livedbg.cmd flag 1 data 41378
[   36.1430] open fd = -5
[   36.1575] open name host:/livepad.bin flag 1 data 41378
[   36.1586] open fd = -5
[   36.1732] open name host:/livepad.bin flag 1 data 41378
[   36.1743] open fd = -5
[   36.1897] open name host:/livepad.bin flag 1 data 41378
[   36.1908] open fd = -5
[   36.2068] open name host:/livepad.bin flag 1 data 41378
[   36.2081] open fd = -5
[   36.2242] open name host:/livepad.bin flag 1 data 41378
[   36.2253] open fd = -5
[   36.2409] open name host:/livepad.bin flag 1 data 41378
[   36.2420] open fd = -5
[   36.2421] open name host:/livedbg.cmd flag 1 data 41378
[   36.2430] open fd = -5
[   36.2578] open name host:/livepad.bin flag 1 data 41378
[   36.2593] open fd = -5
[   36.2611] open name host:/log.txt flag 302 data 41378
[   36.2628] open fd = 256
[   36.2784] open name host:/livepad.bin flag 1 data 41378
[   36.2797] open fd = -5
[   36.2947] open name host:/livepad.bin flag 1 data 41378
[   36.2958] open fd = -5
[   36.3115] open name host:/livepad.bin flag 1 data 41378
[   36.3126] open fd = -5
[   36.3277] open name host:/livepad.bin flag 1 data 41378
[   36.3280] open fd = -5
[   36.3441] open name host:/livepad.bin flag 1 data 41378
[   36.3455] open fd = -5
[   36.3457] open name host:/livedbg.cmd flag 1 data 41378
[   36.3467] open fd = -5
[   36.3621] open name host:/livepad.bin flag 1 data 41378
[   36.3636] open fd = -5
[   36.3784] open name host:/livepad.bin flag 1 data 41378
[   36.3797] open fd = -5
[   36.3946] open name host:/livepad.bin flag 1 data 41378
[   36.3958] open fd = -5
[   36.4113] open name host:/livepad.bin flag 1 data 41378
[   36.4128] open fd = -5
[   36.4279] open name host:/livepad.bin flag 1 data 41378
[   36.4293] open fd = -5
[   36.4446] open name host:/livepad.bin flag 1 data 41378
[   36.4459] open fd = -5
[   36.4461] open name host:/livedbg.cmd flag 1 data 41378
[   36.4470] open fd = -5
[   36.4629] open name host:/livepad.bin flag 1 data 41378
[   36.4644] open fd = -5
[   36.4647] open name host:/log.txt flag 302 data 41378
[   36.4664] open fd = 256
[   36.4825] open name host:/livepad.bin flag 1 data 41378
[   36.4836] open fd = -5
[   36.5004] open name host:/livepad.bin flag 1 data 41378
[   36.5015] open fd = -5
[   36.5168] open name host:/livepad.bin flag 1 data 41378
[   36.5180] open fd = -5
[   36.5332] open name host:/livepad.bin flag 1 data 41378
[   36.5343] open fd = -5
[   36.5487] open name host:/livepad.bin flag 1 data 41378
[   36.5499] open fd = -5
[   36.5500] open name host:/livedbg.cmd flag 1 data 41378
[   36.5511] open fd = -5
[   36.5663] open name host:/livepad.bin flag 1 data 41378
[   36.5674] open fd = -5
[   36.5833] open name host:/livepad.bin flag 1 data 41378
[   36.5847] open fd = -5
[   36.5999] open name host:/livepad.bin flag 1 data 41378
[   36.6011] open fd = -5
[   36.6167] open name host:/livepad.bin flag 1 data 41378
[   36.6182] open fd = -5
[   36.6339] open name host:/livepad.bin flag 1 data 41378
[   36.6352] open fd = -5
[   36.6509] open name host:/livepad.bin flag 1 data 41378
[   36.6520] open fd = -5
[   36.6523] open name host:/livedbg.cmd flag 1 data 41378
[   36.6532] open fd = -5
[   36.6691] open name host:/livepad.bin flag 1 data 41378
[   36.6703] open fd = -5
[   36.6849] open name host:/livepad.bin flag 1 data 41378
[   36.6860] open fd = -5
[   36.7013] open name host:/livepad.bin flag 1 data 41378
[   36.7026] open fd = -5
[   36.7178] open name host:/livepad.bin flag 1 data 41378
[   36.7190] open fd = -5
[   36.7342] open name host:/livepad.bin flag 1 data 41378
[   36.7354] open fd = -5
[   36.7503] open name host:/livepad.bin flag 1 data 41378
[   36.7507] open fd = -5
[   36.7510] open name host:/livedbg.cmd flag 1 data 41378
[   36.7513] open fd = -5
[   36.7663] open name host:/livepad.bin flag 1 data 41378
[   36.7676] open fd = -5
[   36.7824] open name host:/livepad.bin flag 1 data 41378
[   36.7836] open fd = -5
[   36.7981] open name host:/livepad.bin flag 1 data 41378
[   36.7992] open fd = -5
[   36.8143] open name host:/livepad.bin flag 1 data 41378
[   36.8154] open fd = -5
[   36.8303] open name host:/livepad.bin flag 1 data 41378
[   36.8315] open fd = -5
[   36.8467] open name host:/livepad.bin flag 1 data 41378
[   36.8480] open fd = -5
[   36.8482] open name host:/livedbg.cmd flag 1 data 41378
[   36.8493] open fd = -5
[   36.8644] open name host:/livepad.bin flag 1 data 41378
[   36.8656] open fd = -5
[   36.8803] open name host:/livepad.bin flag 1 data 41378
[   36.8814] open fd = -5
[   36.8969] open name host:/livepad.bin flag 1 data 41378
[   36.8980] open fd = -5
[   36.9130] open name host:/livepad.bin flag 1 data 41378
[   36.9141] open fd = -5
[   36.9289] open name host:/livepad.bin flag 1 data 41378
[   36.9300] open fd = -5
[   36.9447] open name host:/livepad.bin flag 1 data 41378
[   36.9458] open fd = -5
[   36.9460] open name host:/livedbg.cmd flag 1 data 41378
[   36.9470] open fd = -5
[   36.9621] open name host:/livepad.bin flag 1 data 41378
[   36.9625] open fd = -5
[   36.9774] open name host:/livepad.bin flag 1 data 41378
[   36.9785] open fd = -5
[   36.9937] open name host:/livepad.bin flag 1 data 41378
[   36.9950] open fd = -5
[   37.0103] open name host:/livepad.bin flag 1 data 41378
[   37.0117] open fd = -5
[   37.0266] open name host:/livepad.bin flag 1 data 41378
[   37.0277] open fd = -5
[   37.0425] open name host:/livepad.bin flag 1 data 41378
[   37.0436] open fd = -5
[   37.0437] open name host:/livedbg.cmd flag 1 data 41378
[   37.0446] open fd = -5
[   37.0601] open name host:/livepad.bin flag 1 data 41378
[   37.0612] open fd = -5
[   37.0763] open name host:/livepad.bin flag 1 data 41378
[   37.0775] open fd = -5
[   37.0930] open name host:/livepad.bin flag 1 data 41378
[   37.0941] open fd = -5
[   37.1091] open name host:/livepad.bin flag 1 data 41378
[   37.1101] open fd = -5
[   37.1253] open name host:/livepad.bin flag 1 data 41378
[   37.1264] open fd = -5
[   37.1419] open name host:/livepad.bin flag 1 data 41378
[   37.1430] open fd = -5
[   37.1432] open name host:/livedbg.cmd flag 1 data 41378
[   37.1442] open fd = -5
[   37.1592] open name host:/livepad.bin flag 1 data 41378
[   37.1604] open fd = -5
[   37.1762] open name host:/livepad.bin flag 1 data 41378
[   37.1773] open fd = -5
[   37.1918] FRAMEARENA frames=1440 peak=1037904 resets=4 fallbacks=0 maxFrameBytes=2731360 maxBorrowed=2120800 freeKiB=8312
[   37.1920] NATIVEVIF frames=1440 batches=1444
[   37.1921] ORDEREDFRAME frames=1440 splitFrames=3
[   37.1922] FRAMEPIPELINE starts=1440 dmaBusyStarts=149
[   37.1924] open name host:/livepad.bin flag 1 data 41378
[   37.1935] open fd = -5
[   37.2077] open name host:/livepad.bin flag 1 data 41378
[   37.2088] open fd = -5
[   37.2248] open name host:/livepad.bin flag 1 data 41378
[   37.2260] open fd = -5
[   37.2430] open name host:/livepad.bin flag 1 data 41378
[   37.2444] open fd = -5
[   37.2448] open name host:/livedbg.cmd flag 1 data 41378
[   37.2458] open fd = -5
[   37.2612] open name host:/livepad.bin flag 1 data 41378
[   37.2628] open fd = -5
[   37.2778] open name host:/livepad.bin flag 1 data 41378
[   37.2790] open fd = -5
[   37.2947] open name host:/livepad.bin flag 1 data 41378
[   37.2960] open fd = -5
[   37.3135] open name host:/livepad.bin flag 1 data 41378
[   37.3150] open fd = -5
[   37.3312] open name host:/livepad.bin flag 1 data 41378
[   37.3326] open fd = -5
[   37.3500] open name host:/livepad.bin flag 1 data 41378
[   37.3515] open fd = -5
[   37.3518] open name host:/livedbg.cmd flag 1 data 41378
[   37.3527] open fd = -5
[   37.3700] open name host:/livepad.bin flag 1 data 41378
[   37.3715] open fd = -5
[   37.3884] open name host:/livepad.bin flag 1 data 41378
[   37.3907] open fd = -5
[   37.4058] open name host:/livepad.bin flag 1 data 41378
[   37.4074] open fd = -5
[   37.4235] open name host:/livepad.bin flag 1 data 41378
[   37.4251] open fd = -5
[   37.4401] open name host:/livepad.bin flag 1 data 41378
[   37.4415] open fd = -5
[   37.4563] open name host:/livepad.bin flag 1 data 41378
[   37.4574] open fd = -5
[   37.4575] open name host:/livedbg.cmd flag 1 data 41378
[   37.4585] open fd = -5
[   37.4711] open name host:/livepad.bin flag 1 data 41378
[   37.4722] open fd = -5
[   37.4847] open name host:/livepad.bin flag 1 data 41378
[   37.4857] open fd = -5
[   37.4981] open name host:/livepad.bin flag 1 data 41378
[   37.4990] open fd = -5
[   37.5245] open name host:/vehicles/veh-ravager000001-shadow.png flag 1 data 41378
[   37.5266] open fd = 256
[   37.5275] open name host:/vehicles/veh-ravager000001-shadow.png flag 1 data 41378
[   37.5294] open fd = 256
[   37.5342] open name host:/vehicles/veh-pica00000001-shadow.png flag 1 data 41378
[   37.5360] open fd = 256
[   37.5367] open name host:/vehicles/veh-pica00000001-shadow.png flag 1 data 41378
[   37.5386] open fd = 256
[   37.5510] open name host:/vehicles/veh-strix0000001-shadow.png flag 1 data 41378
[   37.5530] open fd = 256
[   37.5537] open name host:/vehicles/veh-strix0000001-shadow.png flag 1 data 41378
[   37.5558] open fd = 256
[   37.5671] open name host:/shadowatlas/scene0-0.png flag 1 data 41378
[   37.5692] open fd = 256
[   37.5699] open name host:/shadowatlas/scene0-0.png flag 1 data 41378
[   37.5724] open fd = 256
[   37.5848] open name host:/shadowatlas/scene0-1.png flag 1 data 41378
[   37.5870] open fd = 256
[   37.5877] open name host:/shadowatlas/scene0-1.png flag 1 data 41378
[   37.5897] open fd = 256
[   37.6213] open name host:/materials/district-asphalt.mtl flag 1 data 41378
[   37.6235] open fd = 256
[   37.6256] open name host:/textures/district-asphalt.png flag 1 data 41378
[   37.6274] open fd = 256
[   37.6281] open name host:/textures/district-asphalt.png flag 1 data 41378
[   37.6298] open fd = 256
[   37.6449] open name host:/materials/district-sign.mtl flag 1 data 41378
[   37.6470] open fd = 256
[   37.6492] open name host:/textures/district-sign.png flag 1 data 41378
[   37.6511] open fd = 256
[   37.6519] open name host:/textures/district-sign.png flag 1 data 41378
[   37.6536] open fd = 256
[   37.6573] open name host:/materials/night-warm.mtl flag 1 data 41378
[   37.6593] open fd = 256
[   37.6612] open name host:/materials/night-cyan.mtl flag 1 data 41378
[   37.6630] open fd = 256
[   37.6649] open name host:/materials/night-pink.mtl flag 1 data 41378
[   37.6666] open fd = 256
[   37.6685] open name host:/models/urban/district-workshop.tmdl flag 1 data 41378
[   37.6710] open fd = 256
[   37.6733] open name host:/models/urban/Textures/district-facades.png flag 1 data 41378
[   37.6760] open fd = 256
[   37.6771] open name host:/models/urban/Textures/district-facades.png flag 1 data 41378
[   37.6803] open fd = 256
[   37.7055] open name host:/models/urban/district-tower.tmdl flag 1 data 41378
[   37.7076] open fd = 256
[   37.7105] open name host:/models/urban/district-loft.tmdl flag 1 data 41378
[   37.7131] open fd = 256
[   37.7154] open name host:/models/urban/detail-light-double.tmdl flag 1 data 41378
[   37.7179] open fd = 256
[   37.7264] open name host:/models/urban/Textures/metal.png flag 1 data 41378
[   37.7291] open fd = 256
[   37.7301] open name host:/models/urban/Textures/metal.png flag 1 data 41378
[   37.7329] open fd = 256
[   37.7435] open name host:/models/urban/detail-light-traffic.tmdl flag 1 data 41378
[   37.7460] open fd = 256
[   37.7551] open name host:/models/urban/Textures/roof.png flag 1 data 41378
[   37.7583] open fd = 256
[   37.7593] open name host:/models/urban/Textures/roof.png flag 1 data 41378
[   37.7622] open fd = 256
[   37.7650] open name host:/models/urban/tree-park-large.tmdl flag 1 data 41378
[   37.7675] open fd = 256
[   37.7750] open name host:/models/urban/Textures/treeA.png flag 1 data 41378
[   37.7781] open fd = 256
[   37.7793] open name host:/models/urban/Textures/treeA.png flag 1 data 41378
[   37.7822] open fd = 256
[   37.7929] open name host:/models/urban/Textures/tiles.png flag 1 data 41378
[   37.7958] open fd = 256
[   37.7968] open name host:/models/urban/Textures/tiles.png flag 1 data 41378
[   37.7996] open fd = 256
[   37.8035] open name host:/models/urban/Textures/dirt.png flag 1 data 41378
[   37.8068] open fd = 256
[   37.8080] open name host:/models/urban/Textures/dirt.png flag 1 data 41378
[   37.8114] open fd = 256
[   37.8146] open name host:/models/urban/tree-park-pine-large.tmdl flag 1 data 41378
[   37.8171] open fd = 256
[   37.8239] open name host:/models/urban/Textures/treeB.png flag 1 data 41378
[   37.8269] open fd = 256
[   37.8278] open name host:/models/urban/Textures/treeB.png flag 1 data 41378
[   37.8304] open fd = 256
[   37.8331] open name host:/models/urban/detail-barrier-type-a.tmdl flag 1 data 41378
[   37.8354] open fd = 256
[   37.8474] open name host:/models/urban/Textures/signs.png flag 1 data 41378
[   37.8502] open fd = 256
[   37.8513] open name host:/models/urban/Textures/signs.png flag 1 data 41378
[   37.8542] open fd = 256
[   37.8568] open name host:/models/urban/detail-dumpster-closed.tmdl flag 1 data 41378
[   37.8594] open fd = 256
[   37.8630] open name host:/models/urban/Textures/metal_wall.png flag 1 data 41378
[   37.8659] open fd = 256
[   37.8668] open name host:/models/urban/Textures/metal_wall.png flag 1 data 41378
[   37.8696] open fd = 256
[   37.8727] open name host:/models/urban/Textures/wall.png flag 1 data 41378
[   37.8756] open fd = 256
[   37.8765] open name host:/models/urban/Textures/wall.png flag 1 data 41378
[   37.8793] open fd = 256
[   37.8822] open name host:/models/urban/detail-bench.tmdl flag 1 data 41378
[   37.8846] open fd = 256
[   37.8997] open name host:/models/urban/Textures/planks.png flag 1 data 41378
[   37.9028] open fd = 256
[   37.9038] open name host:/models/urban/Textures/planks.png flag 1 data 41378
[   37.9066] open fd = 256
[   37.9099] open name host:/models/urban/pallet.tmdl flag 1 data 41378
[   37.9127] open fd = 256
[   37.9208] open name host:/sky/scene0.png flag 1 data 41378
[   37.9226] open fd = 256
[   37.9234] open name host:/sky/scene0.png flag 1 data 41378
[   37.9253] open fd = 256
[   38.2236] open name host:/vehicles/fx-skid.png flag 1 data 41378
[   38.2258] open fd = 256
[   38.2266] open name host:/vehicles/fx-skid.png flag 1 data 41378
[   38.2286] open fd = 256
[   38.2424] open name host:/vehicles/fx-smoke.png flag 1 data 41378
[   38.2446] open fd = 256
[   38.2453] open name host:/vehicles/fx-smoke.png flag 1 data 41378
[   38.2472] open fd = 256
[   38.2512] open name host:/log.txt flag 302 data 41378
[   38.2526] open fd = 256
[   38.2541] open name host:/vehicles/veh-ravager000001-wheel.tmdl flag 1 data 41378
[   38.2561] open fd = 256
[   38.2640] open name host:/vehicles/veh-ravager000001-wheelfast.tmdl flag 1 data 41378
[   38.2660] open fd = 256
[   38.2732] open name host:/log.txt flag 302 data 41378
[   38.2748] open fd = 256
[   38.2764] open name host:/vehicles/veh-pica00000001-wheel.tmdl flag 1 data 41378
[   38.2787] open fd = 256
[   38.2964] open name host:/vehicles/veh-pica00000001-wheelfast.tmdl flag 1 data 41378
[   38.2985] open fd = 256
[   38.3056] open name host:/log.txt flag 302 data 41378
[   38.3070] open fd = 256
[   38.3089] open name host:/vehicles/veh-strix0000001-wheel.tmdl flag 1 data 41378
[   38.3110] open fd = 256
[   38.3189] open name host:/vehicles/veh-strix0000001-wheelfast.tmdl flag 1 data 41378
[   38.3209] open fd = 256
[   38.3362] open name host:/log.txt flag 302 data 41378
[   38.3370] open fd = 256
[   38.3385] open name host:/log.txt flag 302 data 41378
[   38.3391] open fd = 256
[   38.3408] open name host:/log.txt flag 302 data 41378
[   38.3426] open fd = 256
[   38.4414] open name host:/log.txt flag 302 data 41378
[   38.4429] open fd = 256
[   38.4581] open name host:/log.txt flag 302 data 41378
[   38.4598] open fd = 256
[   38.4614] open name host:/log.txt flag 302 data 41378
[   38.4629] open fd = 256
[   38.4654] open name host:/gshadow/s0_2_1.png flag 1 data 41378
[   38.4676] open fd = 256
[   38.4685] open name host:/gshadow/s0_2_1.png flag 1 data 41378
[   38.4705] open fd = 256
[   38.4811] open name host:/log.txt flag 302 data 41378
[   38.4834] open fd = 256
[   38.4863] open name host:/log.txt flag 302 data 41378
[   38.4888] open fd = 256
[   38.4915] open name host:/gshadow/s0_1_1.png flag 1 data 41378
[   38.4941] open fd = 256
[   38.4949] open name host:/gshadow/s0_1_1.png flag 1 data 41378
[   38.4978] open fd = 256
[   38.5089] open name host:/log.txt flag 302 data 41378
[   38.5109] open fd = 256
[   38.5129] open name host:/gshadow/s0_3_1.png flag 1 data 41378
[   38.5156] open fd = 256
[   38.5166] open name host:/gshadow/s0_3_1.png flag 1 data 41378
[   38.5188] open fd = 256
[   38.5220] open name host:/log.txt flag 302 data 41378
[   38.5236] open fd = 256
[   38.5255] open name host:/log.txt flag 302 data 41378
[   38.5272] open fd = 256
[   38.5293] open name host:/gshadow/s0_2_2.png flag 1 data 41378
[   38.5319] open fd = 256
[   38.5328] open name host:/gshadow/s0_2_2.png flag 1 data 41378
[   38.5350] open fd = 256
[   38.5457] open name host:/log.txt flag 302 data 41378
[   38.5469] open fd = 256
[   38.5484] open name host:/log.txt flag 302 data 41378
[   38.5489] open fd = 256
[   38.5505] open name host:/gshadow/s0_1_2.png flag 1 data 41378
[   38.5525] open fd = 256
[   38.5533] open name host:/gshadow/s0_1_2.png flag 1 data 41378
[   38.5552] open fd = 256
[   38.5585] open name host:/log.txt flag 302 data 41378
[   38.5603] open fd = 256
[   38.5621] open name host:/gshadow/s0_3_2.png flag 1 data 41378
[   38.5642] open fd = 256
[   38.5650] open name host:/gshadow/s0_3_2.png flag 1 data 41378
[   38.5668] open fd = 256
[   38.5889] open name host:/log.txt flag 302 data 41378
[   38.5907] open fd = 256
[   38.5924] open name host:/gshadow/s0_0_1.png flag 1 data 41378
[   38.5944] open fd = 256
[   38.5953] open name host:/gshadow/s0_0_1.png flag 1 data 41378
[   38.5975] open fd = 256
[   38.6007] open name host:/log.txt flag 302 data 41378
[   38.6023] open fd = 256
[   38.6040] open name host:/gshadow/s0_4_1.png flag 1 data 41378
[   38.6063] open fd = 256
[   38.6071] open name host:/gshadow/s0_4_1.png flag 1 data 41378
[   38.6089] open fd = 256
[   38.6121] open name host:/log.txt flag 302 data 41378
[   38.6135] open fd = 256
[   38.6229] open name host:/log.txt flag 302 data 41378
[   38.6248] open fd = 256
[   38.6267] open name host:/gshadow/s0_4_0.png flag 1 data 41378
[   38.6287] open fd = 256
[   38.6297] open name host:/gshadow/s0_4_0.png flag 1 data 41378
[   38.6317] open fd = 256
[   38.6349] open name host:/log.txt flag 302 data 41378
[   38.6364] open fd = 256
[   38.6382] open name host:/gshadow/s0_2_3.png flag 1 data 41378
[   38.6405] open fd = 256
[   38.6414] open name host:/gshadow/s0_2_3.png flag 1 data 41378
[   38.6432] open fd = 256
[   38.6464] open name host:/log.txt flag 302 data 41378
[   38.6479] open fd = 256
[   38.6495] open name host:/gshadow/s0_0_2.png flag 1 data 41378
[   38.6518] open fd = 256
[   38.6590] open name host:/gshadow/s0_0_2.png flag 1 data 41378
[   38.6609] open fd = 256
[   38.6642] open name host:/log.txt flag 302 data 41378
[   38.6656] open fd = 256
[   38.6672] open name host:/gshadow/s0_4_2.png flag 1 data 41378
[   38.6691] open fd = 256
[   38.6698] open name host:/gshadow/s0_4_2.png flag 1 data 41378
[   38.6719] open fd = 256
[   38.6748] open name host:/log.txt flag 302 data 41378
[   38.6763] open fd = 256
[   38.6779] open name host:/gshadow/s0_1_3.png flag 1 data 41378
[   38.6797] open fd = 256
[   38.6804] open name host:/gshadow/s0_1_3.png flag 1 data 41378
[   38.6824] open fd = 256
[   38.7055] open name host:/log.txt flag 302 data 41378
[   38.7071] open fd = 256
[   38.7088] open name host:/gshadow/s0_3_3.png flag 1 data 41378
[   38.7111] open fd = 256
[   38.7119] open name host:/gshadow/s0_3_3.png flag 1 data 41378
[   38.7143] open fd = 256
[   38.7177] open name host:/log.txt flag 302 data 41378
[   38.7193] open fd = 256
[   38.7212] open name host:/gshadow/s0_0_3.png flag 1 data 41378
[   38.7232] open fd = 256
[   38.7240] open name host:/gshadow/s0_0_3.png flag 1 data 41378
[   38.7261] open fd = 256
[   38.7303] open name host:/log.txt flag 302 data 41378
[   38.7319] open fd = 256
[   38.7336] open name host:/gshadow/s0_4_3.png flag 1 data 41378
[   38.7358] open fd = 256
[   38.7366] open name host:/gshadow/s0_4_3.png flag 1 data 41378
[   38.7386] open fd = 256
[   38.7503] open name host:/log.txt flag 302 data 41378
[   38.7519] open fd = 256
[   38.7536] open name host:/livepad.bin flag 1 data 41378
[   38.7547] open fd = -5
[   38.7549] open name host:/log.txt flag 302 data 41378
[   38.7564] open fd = 256
[   38.7682] open name host:/livepad.bin flag 1 data 41378
[   38.7685] open fd = -5
[   38.7819] open name host:/livepad.bin flag 1 data 41378
[   38.7837] open fd = -5
[   38.7838] open name host:/livedbg.cmd flag 1 data 41378
[   38.7856] open fd = -5
[   38.8020] open name host:/livepad.bin flag 1 data 41378
[   38.8039] open fd = -5
[   38.8190] open name host:/livepad.bin flag 1 data 41378
[   38.8205] open fd = -5
[   38.8334] open name host:/livepad.bin flag 1 data 41378
[   38.8346] open fd = -5
[   38.8480] open name host:/livepad.bin flag 1 data 41378
[   38.8491] open fd = -5
[   38.8620] open name host:/livepad.bin flag 1 data 41378
[   38.8631] open fd = -5
[   38.8763] open name host:/livepad.bin flag 1 data 41378
[   38.8767] open fd = -5
[   38.8769] open name host:/livedbg.cmd flag 1 data 41378
[   38.8772] open fd = -5
[   38.8905] open name host:/livepad.bin flag 1 data 41378
[   38.8916] open fd = -5
[   38.9078] open name host:/livepad.bin flag 1 data 41378
[   38.9090] open fd = -5
[   38.9248] open name host:/livepad.bin flag 1 data 41378
[   38.9260] open fd = -5
[   38.9401] open name host:/livepad.bin flag 1 data 41378
[   38.9413] open fd = -5
[   38.9576] open name host:/livepad.bin flag 1 data 41378
[   38.9587] open fd = -5
[   38.9752] open name host:/livepad.bin flag 1 data 41378
[   38.9764] open fd = -5
[   38.9764] open name host:/livedbg.cmd flag 1 data 41378
[   38.9774] open fd = -5
[   38.9910] open name host:/livepad.bin flag 1 data 41378
[   38.9922] open fd = -5
[   39.0078] open name host:/livepad.bin flag 1 data 41378
[   39.0089] open fd = -5
[   39.0246] open name host:/livepad.bin flag 1 data 41378
[   39.0256] open fd = -5
[   39.0411] open name host:/livepad.bin flag 1 data 41378
[   39.0423] open fd = -5
[   39.0577] open name host:/livepad.bin flag 1 data 41378
[   39.0588] open fd = -5
[   39.0764] open name host:/livepad.bin flag 1 data 41378
[   39.0786] open fd = -5
[   39.0788] open name host:/livedbg.cmd flag 1 data 41378
[   39.0807] open fd = -5
[   39.0973] open name host:/livepad.bin flag 1 data 41378
[   39.0991] open fd = -5
[   39.1130] open name host:/livepad.bin flag 1 data 41378
[   39.1141] open fd = -5
[   39.1263] open name host:/livepad.bin flag 1 data 41378
[   39.1275] open fd = -5
[   39.1413] open name host:/livepad.bin flag 1 data 41378
[   39.1425] open fd = -5
[   39.1575] open name host:/livepad.bin flag 1 data 41378
[   39.1588] open fd = -5
[   39.1739] open name host:/livepad.bin flag 1 data 41378
[   39.1751] open fd = -5
[   39.1753] open name host:/livedbg.cmd flag 1 data 41378
[   39.1763] open fd = -5
[   39.1911] open name host:/livepad.bin flag 1 data 41378
[   39.1923] open fd = -5
[   39.2084] open name host:/livepad.bin flag 1 data 41378
[   39.2097] open fd = -5
[   39.2247] open name host:/livepad.bin flag 1 data 41378
[   39.2260] open fd = -5
[   39.2407] open name host:/livepad.bin flag 1 data 41378
[   39.2419] open fd = -5
[   39.2581] open name host:/livepad.bin flag 1 data 41378
[   39.2594] open fd = -5
[   39.2745] open name host:/livepad.bin flag 1 data 41378
[   39.2757] open fd = -5
[   39.2758] open name host:/livedbg.cmd flag 1 data 41378
[   39.2767] open fd = -5
[   39.2905] open name host:/livepad.bin flag 1 data 41378
[   39.2917] open fd = -5
[   39.3079] open name host:/livepad.bin flag 1 data 41378
[   39.3089] open fd = -5
[   39.3239] open name host:/livepad.bin flag 1 data 41378
[   39.3253] open fd = -5
[   39.3411] open name host:/livepad.bin flag 1 data 41378
[   39.3424] open fd = -5
[   39.3433] open name host:/log.txt flag 302 data 41378
[   39.3448] open fd = 256
[   39.3602] open name host:/log.txt flag 302 data 41378
[   39.3621] open fd = 256
[   39.3640] open name host:/log.txt flag 302 data 41378
[   39.3654] open fd = 256
[   39.3771] open name host:/log.txt flag 302 data 41378
[   39.3791] open fd = 256
[   39.3813] open name host:/log.txt flag 302 data 41378
[   39.3831] open fd = 256
[   39.4573] open name host:/log.txt flag 302 data 41378
[   39.4592] open fd = 256
[   39.5577] open name host:/log.txt flag 302 data 41378
[   39.5594] open fd = 256
[   39.5761] open name host:/log.txt flag 302 data 41378
[   39.5780] open fd = 256
[   39.6109] open name host:/livepad.bin flag 1 data 41378
[   39.6121] open fd = -5
[   39.6272] open name host:/log.txt flag 302 data 41378
[   39.6289] open fd = 256
[   39.6318] open name host:/log.txt flag 302 data 41378
[   39.6336] open fd = 256
[   39.6358] open name host:/log.txt flag 302 data 41378
[   39.6375] open fd = 256
[   39.6596] open name host:/livepad.bin flag 1 data 41378
[   39.6609] open fd = -5
[   39.6611] open name host:/livedbg.cmd flag 1 data 41378
[   39.6621] open fd = -5
[   39.6633] open name host:/log.txt flag 302 data 41378
[   39.6650] open fd = 256
[   39.6671] open name host:/log.txt flag 302 data 41378
[   39.6687] open fd = 256
[   39.6709] open name host:/log.txt flag 302 data 41378
[   39.6726] open fd = 256
[   39.6886] open name host:/livepad.bin flag 1 data 41378
[   39.6898] open fd = -5
[   39.6915] open name host:/log.txt flag 302 data 41378
[   39.6932] open fd = 256
[   39.6949] open name host:/log.txt flag 302 data 41378
[   39.6967] open fd = 256
[   39.7128] open name host:/livepad.bin flag 1 data 41378
[   39.7144] open fd = -5
[   39.7161] open name host:/log.txt flag 302 data 41378
[   39.7178] open fd = 256
[   39.7197] open name host:/log.txt flag 302 data 41378
[   39.7213] open fd = 256
[   39.7397] open name host:/livepad.bin flag 1 data 41378
[   39.7411] open fd = -5
[   39.7428] open name host:/log.txt flag 302 data 41378
[   39.7444] open fd = 256
[   39.7462] open name host:/log.txt flag 302 data 41378
[   39.7479] open fd = 256
[   39.7656] open name host:/livepad.bin flag 1 data 41378
[   39.7669] open fd = -5
[   39.7686] open name host:/log.txt flag 302 data 41378
[   39.7703] open fd = 256
[   39.7719] open name host:/log.txt flag 302 data 41378
[   39.7737] open fd = 256
[   39.7900] open name host:/livepad.bin flag 1 data 41378
[   39.7914] open fd = -5
[   39.7932] open name host:/log.txt flag 302 data 41378
[   39.7948] open fd = 256
[   39.7966] open name host:/log.txt flag 302 data 41378
[   39.7982] open fd = 256
[   39.8139] open name host:/livepad.bin flag 1 data 41378
[   39.8153] open fd = -5
[   39.8155] open name host:/livedbg.cmd flag 1 data 41378
[   39.8167] open fd = -5
[   39.8195] open name host:/log.txt flag 302 data 41378
[   39.8214] open fd = 256
[   39.8232] open name host:/log.txt flag 302 data 41378
[   39.8250] open fd = 256
[   39.8417] open name host:/livepad.bin flag 1 data 41378
[   39.8421] open fd = -5
[   39.8438] open name host:/log.txt flag 302 data 41378
[   39.8453] open fd = 256
[   39.8630] open name host:/livepad.bin flag 1 data 41378
[   39.8644] open fd = -5
[   39.8818] open name host:/livepad.bin flag 1 data 41378
[   39.8832] open fd = -5
[   39.8874] open name host:/log.txt flag 302 data 41378
[   39.8892] open fd = 256
[   39.9149] open name host:/livepad.bin flag 1 data 41378
[   39.9162] open fd = -5
[   39.9325] open name host:/livepad.bin flag 1 data 41378
[   39.9339] open fd = -5
[   39.9512] open name host:/livepad.bin flag 1 data 41378
[   39.9523] open fd = -5
[   39.9526] open name host:/livedbg.cmd flag 1 data 41378
[   39.9536] open fd = -5
[   39.9692] open name host:/livepad.bin flag 1 data 41378
[   39.9704] open fd = -5
[   39.9869] open name host:/livepad.bin flag 1 data 41378
[   39.9880] open fd = -5
[   40.0048] open name host:/livepad.bin flag 1 data 41378
[   40.0063] open fd = -5
[   40.0241] open name host:/livepad.bin flag 1 data 41378
[   40.0257] open fd = -5
[   40.0432] open name host:/livepad.bin flag 1 data 41378
[   40.0443] open fd = -5
[   40.0607] open name host:/livepad.bin flag 1 data 41378
[   40.0619] open fd = -5
[   40.0622] open name host:/livedbg.cmd flag 1 data 41378
[   40.0633] open fd = -5
[   40.0791] open name host:/livepad.bin flag 1 data 41378
[   40.0803] open fd = -5
[   40.0834] open name host:/log.txt flag 302 data 41378
[   40.0850] open fd = 256
[   40.1038] open name host:/livepad.bin flag 1 data 41378
[   40.1052] open fd = -5
[   40.1088] open name host:/log.txt flag 302 data 41378
[   40.1108] open fd = 256
[   40.1277] open name host:/livepad.bin flag 1 data 41378
[   40.1290] open fd = -5
[   40.1302] open name host:/log.txt flag 302 data 41378
[   40.1317] open fd = 256
[   40.1502] open name host:/livepad.bin flag 1 data 41378
[   40.1514] open fd = -5
[   40.1685] open name host:/livepad.bin flag 1 data 41378
[   40.1699] open fd = -5
[   40.1885] open name host:/livepad.bin flag 1 data 41378
[   40.1899] open fd = -5
[   40.1901] open name host:/livedbg.cmd flag 1 data 41378
[   40.1913] open fd = -5
[   40.2103] open name host:/livepad.bin flag 1 data 41378
[   40.2115] open fd = -5
[   40.2286] open name host:/livepad.bin flag 1 data 41378
[   40.2298] open fd = -5
[   40.2460] open name host:/livepad.bin flag 1 data 41378
[   40.2474] open fd = -5
[   40.2647] open name host:/livepad.bin flag 1 data 41378
[   40.2651] open fd = -5
[   40.2813] open name host:/livepad.bin flag 1 data 41378
[   40.2826] open fd = -5
[   40.2993] open name host:/livepad.bin flag 1 data 41378
[   40.3006] open fd = -5
[   40.3008] open name host:/livedbg.cmd flag 1 data 41378
[   40.3020] open fd = -5
[   40.3187] open name host:/livepad.bin flag 1 data 41378
[   40.3200] open fd = -5
[   40.3368] open name host:/livepad.bin flag 1 data 41378
[   40.3385] open fd = -5
[   40.3552] open name host:/livepad.bin flag 1 data 41378
[   40.3565] open fd = -5
[   40.3742] open name host:/livepad.bin flag 1 data 41378
[   40.3746] open fd = -5
[   40.3914] open name host:/livepad.bin flag 1 data 41378
[   40.3926] open fd = -5
[   40.4089] open name host:/livepad.bin flag 1 data 41378
[   40.4101] open fd = -5
[   40.4104] open name host:/livedbg.cmd flag 1 data 41378
[   40.4114] open fd = -5
[   40.4281] open name host:/livepad.bin flag 1 data 41378
[   40.4294] open fd = -5
[   40.4470] open name host:/livepad.bin flag 1 data 41378
[   40.4486] open fd = -5
[   40.4658] FRAMEARENA frames=1560 peak=1037904 resets=6 fallbacks=0 maxFrameBytes=2731360 maxBorrowed=2120800 freeKiB=9418
[   40.4660] NATIVEVIF frames=1560 batches=1566
[   40.4662] ORDEREDFRAME frames=1560 splitFrames=4
[   40.4664] FRAMEPIPELINE starts=1560 dmaBusyStarts=149
[   40.4667] open name host:/livepad.bin flag 1 data 41378
[   40.4679] open fd = -5
[   40.4844] open name host:/livepad.bin flag 1 data 41378
[   40.4856] open fd = -5
[   40.5022] open name host:/livepad.bin flag 1 data 41378
[   40.5036] open fd = -5
[   40.5210] open name host:/livepad.bin flag 1 data 41378
[   40.5225] open fd = -5
[   40.5227] open name host:/livedbg.cmd flag 1 data 41378
[   40.5238] open fd = -5
[   40.5401] open name host:/livepad.bin flag 1 data 41378
[   40.5414] open fd = -5
[   40.5586] open name host:/livepad.bin flag 1 data 41378
[   40.5601] open fd = -5
[   40.5767] open name host:/livepad.bin flag 1 data 41378
[   40.5784] open fd = -5
[   40.5946] open name host:/livepad.bin flag 1 data 41378
[   40.5962] open fd = -5
[   40.5974] open name host:/log.txt flag 302 data 41378
[   40.5993] open fd = 256
[   40.6181] open name host:/livepad.bin flag 1 data 41378
[   40.6194] open fd = -5
[   40.6215] open name host:/log.txt flag 302 data 41378
[   40.6232] open fd = 256
[   40.6387] open name host:/livepad.bin flag 1 data 41378
[   40.6401] open fd = -5
[   40.6405] open name host:/livedbg.cmd flag 1 data 41378
[   40.6416] open fd = -5
[   40.6582] open name host:/livepad.bin flag 1 data 41378
[   40.6594] open fd = -5
[   40.6756] open name host:/livepad.bin flag 1 data 41378
[   40.6769] open fd = -5
[   40.6936] open name host:/livepad.bin flag 1 data 41378
[   40.6948] open fd = -5
[   40.7113] open name host:/livepad.bin flag 1 data 41378
[   40.7124] open fd = -5
[   40.7304] open name host:/livepad.bin flag 1 data 41378
[   40.7317] open fd = -5
[   40.7487] open name host:/livepad.bin flag 1 data 41378
[   40.7501] open fd = -5
[   40.7505] open name host:/livedbg.cmd flag 1 data 41378
[   40.7515] open fd = -5
[   40.7677] open name host:/livepad.bin flag 1 data 41378
[   40.7690] open fd = -5
[   40.7859] open name host:/livepad.bin flag 1 data 41378
[   40.7870] open fd = -5
[   40.8044] open name host:/livepad.bin flag 1 data 41378
[   40.8057] open fd = -5
[   40.8224] open name host:/livepad.bin flag 1 data 41378
[   40.8238] open fd = -5
[   40.8399] open name host:/livepad.bin flag 1 data 41378
[   40.8414] open fd = -5
[   40.8451] open name host:/log.txt flag 302 data 41378
[   40.8468] open fd = 256
[   40.8641] open name host:/livepad.bin flag 1 data 41378
[   40.8652] open fd = -5
[   40.8655] open name host:/livedbg.cmd flag 1 data 41378
[   40.8666] open fd = -5
[   40.8683] open name host:/log.txt flag 302 data 41378
[   40.8700] open fd = 256
[   40.8883] open name host:/livepad.bin flag 1 data 41378
[   40.8898] open fd = -5
[   40.9066] open name host:/livepad.bin flag 1 data 41378
[   40.9076] open fd = -5
[   40.9251] open name host:/livepad.bin flag 1 data 41378
[   40.9263] open fd = -5
[   40.9430] open name host:/livepad.bin flag 1 data 41378
[   40.9446] open fd = -5
[   40.9604] open name host:/livepad.bin flag 1 data 41378
[   40.9617] open fd = -5
[   40.9783] open name host:/livepad.bin flag 1 data 41378
[   40.9796] open fd = -5
[   40.9798] open name host:/livedbg.cmd flag 1 data 41378
[   40.9808] open fd = -5
[   40.9981] open name host:/livepad.bin flag 1 data 41378
[   40.9992] open fd = -5
[   41.0161] open name host:/livepad.bin flag 1 data 41378
[   41.0174] open fd = -5
[   41.0350] open name host:/livepad.bin flag 1 data 41378
[   41.0365] open fd = -5
[   41.0543] open name host:/livepad.bin flag 1 data 41378
[   41.0556] open fd = -5
[   41.0719] open name host:/livepad.bin flag 1 data 41378
[   41.0734] open fd = -5
[   41.0745] open name host:/log.txt flag 302 data 41378
[   41.0763] open fd = 256
[   41.0953] open name host:/livepad.bin flag 1 data 41378
[   41.0966] open fd = -5
[   41.0971] open name host:/livedbg.cmd flag 1 data 41378
[   41.0981] open fd = -5
[   41.1145] open name host:/livepad.bin flag 1 data 41378
[   41.1152] open fd = -5
[   41.1321] open name host:/livepad.bin flag 1 data 41378
[   41.1333] open fd = -5
[   41.1513] open name host:/livepad.bin flag 1 data 41378
[   41.1525] open fd = -5
[   41.1694] open name host:/livepad.bin flag 1 data 41378
[   41.1709] open fd = -5
[   41.1877] open name host:/livepad.bin flag 1 data 41378
[   41.1890] open fd = -5
[   41.2057] open name host:/livepad.bin flag 1 data 41378
[   41.2070] open fd = -5
[   41.2075] open name host:/livedbg.cmd flag 1 data 41378
[   41.2085] open fd = -5
[   41.2252] open name host:/livepad.bin flag 1 data 41378
[   41.2256] open fd = -5
[   41.2422] open name host:/livepad.bin flag 1 data 41378
[   41.2435] open fd = -5
[   41.2600] open name host:/livepad.bin flag 1 data 41378
[   41.2614] open fd = -5
[   41.2774] open name host:/livepad.bin flag 1 data 41378
[   41.2787] open fd = -5
[   41.2956] open name host:/livepad.bin flag 1 data 41378
[   41.2970] open fd = -5
[   41.3133] open name host:/livepad.bin flag 1 data 41378
[   41.3146] open fd = -5
[   41.3149] open name host:/livedbg.cmd flag 1 data 41378
[   41.3159] open fd = -5
[   41.3346] open name host:/livepad.bin flag 1 data 41378
[   41.3357] open fd = -5
[   41.3519] open name host:/livepad.bin flag 1 data 41378
[   41.3530] open fd = -5
[   41.3697] open name host:/livepad.bin flag 1 data 41378
[   41.3710] open fd = -5
[   41.3874] open name host:/livepad.bin flag 1 data 41378
[   41.3888] open fd = -5
[   41.4061] open name host:/livepad.bin flag 1 data 41378
[   41.4076] open fd = -5
[   41.4240] open name host:/livepad.bin flag 1 data 41378
[   41.4252] open fd = -5
[   41.4254] open name host:/livedbg.cmd flag 1 data 41378
[   41.4265] open fd = -5
[   41.4432] open name host:/livepad.bin flag 1 data 41378
[   41.4443] open fd = -5
[   41.4618] open name host:/livepad.bin flag 1 data 41378
[   41.4631] open fd = -5
[   41.4793] open name host:/livepad.bin flag 1 data 41378
[   41.4807] open fd = -5
[   41.4974] open name host:/livepad.bin flag 1 data 41378
[   41.4988] open fd = -5
[   41.5143] open name host:/livepad.bin flag 1 data 41378
[   41.5157] open fd = -5
[   41.5320] open name host:/livepad.bin flag 1 data 41378
[   41.5334] open fd = -5
[   41.5337] open name host:/livedbg.cmd flag 1 data 41378
[   41.5346] open fd = -5
[   41.5357] open name host:/log.txt flag 302 data 41378
[   41.5375] open fd = 256
[   41.5546] open name host:/livepad.bin flag 1 data 41378
[   41.5559] open fd = -5
[   41.5742] open name host:/livepad.bin flag 1 data 41378
[   41.5754] open fd = -5
[   41.5936] open name host:/livepad.bin flag 1 data 41378
[   41.5948] open fd = -5
[   41.6111] open name host:/livepad.bin flag 1 data 41378
[   41.6127] open fd = -5
[   41.6303] open name host:/livepad.bin flag 1 data 41378
[   41.6318] open fd = -5
[   41.6478] open name host:/livepad.bin flag 1 data 41378
[   41.6490] open fd = -5
[   41.6493] open name host:/livedbg.cmd flag 1 data 41378
[   41.6503] open fd = -5
[   41.6687] open name host:/livepad.bin flag 1 data 41378
[   41.6699] open fd = -5
[   41.6864] open name host:/livepad.bin flag 1 data 41378
[   41.6878] open fd = -5
[   41.7055] open name host:/livepad.bin flag 1 data 41378
[   41.7067] open fd = -5
[   41.7229] open name host:/livepad.bin flag 1 data 41378
[   41.7240] open fd = -5
[   41.7404] open name host:/livepad.bin flag 1 data 41378
[   41.7416] open fd = -5
[   41.7585] open name host:/livepad.bin flag 1 data 41378
[   41.7591] open fd = -5
[   41.7594] open name host:/livedbg.cmd flag 1 data 41378
[   41.7599] open fd = -5
[   41.7761] open name host:/livepad.bin flag 1 data 41378
[   41.7774] open fd = -5
[   41.7808] open name host:/log.txt flag 302 data 41378
[   41.7824] open fd = 256
[   41.7991] open name host:/livepad.bin flag 1 data 41378
[   41.8005] open fd = -5
[   41.8167] open name host:/livepad.bin flag 1 data 41378
[   41.8181] open fd = -5
[   41.8348] open name host:/livepad.bin flag 1 data 41378
[   41.8361] open fd = -5
[   41.8523] open name host:/livepad.bin flag 1 data 41378
[   41.8535] open fd = -5
[   41.8707] open name host:/livepad.bin flag 1 data 41378
[   41.8718] open fd = -5
[   41.8720] open name host:/livedbg.cmd flag 1 data 41378
[   41.8731] open fd = -5
[   41.8894] open name host:/livepad.bin flag 1 data 41378
[   41.8905] open fd = -5
[   41.9090] open name host:/livepad.bin flag 1 data 41378
[   41.9103] open fd = -5
[   41.9274] open name host:/livepad.bin flag 1 data 41378
[   41.9287] open fd = -5
[   41.9456] open name host:/livepad.bin flag 1 data 41378
[   41.9467] open fd = -5
[   41.9633] open name host:/livepad.bin flag 1 data 41378
[   41.9646] open fd = -5
[   41.9811] open name host:/livepad.bin flag 1 data 41378
[   41.9825] open fd = -5
[   41.9827] open name host:/livedbg.cmd flag 1 data 41378
[   41.9838] open fd = -5
[   41.9849] open name host:/log.txt flag 302 data 41378
[   41.9864] open fd = 256
[   42.0037] open name host:/livepad.bin flag 1 data 41378
[   42.0050] open fd = -5
[   42.0065] open name host:/log.txt flag 302 data 41378
[   42.0081] open fd = 256
[   42.0270] open name host:/livepad.bin flag 1 data 41378
[   42.0282] open fd = -5
[   42.0445] open name host:/livepad.bin flag 1 data 41378
[   42.0458] open fd = -5
[   42.0627] open name host:/livepad.bin flag 1 data 41378
[   42.0640] open fd = -5
[   42.0804] open name host:/livepad.bin flag 1 data 41378
[   42.0815] open fd = -5
[   42.0986] open name host:/livepad.bin flag 1 data 41378
[   42.0998] open fd = -5
[   42.1002] open name host:/livedbg.cmd flag 1 data 41378
[   42.1012] open fd = -5
[   42.1177] open name host:/livepad.bin flag 1 data 41378
[   42.1189] open fd = -5
[   42.1357] open name host:/livepad.bin flag 1 data 41378
[   42.1369] open fd = -5
[   42.1536] open name host:/livepad.bin flag 1 data 41378
[   42.1548] open fd = -5
[   42.1708] open name host:/livepad.bin flag 1 data 41378
[   42.1721] open fd = -5
[   42.1887] open name host:/livepad.bin flag 1 data 41378
[   42.1901] open fd = -5
[   42.2083] open name host:/livepad.bin flag 1 data 41378
[   42.2098] open fd = -5
[   42.2102] open name host:/livedbg.cmd flag 1 data 41378
[   42.2112] open fd = -5
[   42.2274] open name host:/livepad.bin flag 1 data 41378
[   42.2289] open fd = -5
[   42.2449] open name host:/livepad.bin flag 1 data 41378
[   42.2465] open fd = -5
[   42.2645] open name host:/livepad.bin flag 1 data 41378
[   42.2657] open fd = -5
[   42.2830] open name host:/livepad.bin flag 1 data 41378
[   42.2841] open fd = -5
[   42.3014] open name host:/livepad.bin flag 1 data 41378
[   42.3026] open fd = -5
[   42.3187] open name host:/livepad.bin flag 1 data 41378
[   42.3200] open fd = -5
[   42.3203] open name host:/livedbg.cmd flag 1 data 41378
[   42.3213] open fd = -5
[   42.3378] open name host:/livepad.bin flag 1 data 41378
[   42.3393] open fd = -5
[   42.3558] open name host:/livepad.bin flag 1 data 41378
[   42.3570] open fd = -5
[   42.3739] open name host:/livepad.bin flag 1 data 41378
[   42.3752] open fd = -5
[   42.3922] open name host:/livepad.bin flag 1 data 41378
[   42.3927] open fd = -5
[   42.4119] open name host:/livepad.bin flag 1 data 41378
[   42.4135] open fd = -5
[   42.4300] open name host:/livepad.bin flag 1 data 41378
[   42.4313] open fd = -5
[   42.4315] open name host:/livedbg.cmd flag 1 data 41378
[   42.4327] open fd = -5
[   42.4499] open name host:/livepad.bin flag 1 data 41378
[   42.4514] open fd = -5
[   42.4706] open name host:/livepad.bin flag 1 data 41378
[   42.4719] open fd = -5
[   42.4734] open name host:/log.txt flag 302 data 41378
[   42.4752] open fd = 256
[   42.4942] open name host:/livepad.bin flag 1 data 41378
[   42.4955] open fd = -5
[   42.5124] open name host:/livepad.bin flag 1 data 41378
[   42.5138] open fd = -5
[   42.5304] open name host:/livepad.bin flag 1 data 41378
[   42.5318] open fd = -5
[   42.5486] open name host:/livepad.bin flag 1 data 41378
[   42.5499] open fd = -5
[   42.5502] open name host:/livedbg.cmd flag 1 data 41378
[   42.5514] open fd = -5
[   42.5677] open name host:/livepad.bin flag 1 data 41378
[   42.5690] open fd = -5
[   42.5863] open name host:/livepad.bin flag 1 data 41378
[   42.5879] open fd = -5
[   42.6063] open name host:/livepad.bin flag 1 data 41378
[   42.6073] open fd = -5
[   42.6243] open name host:/livepad.bin flag 1 data 41378
[   42.6255] open fd = -5
[   42.6416] open name host:/livepad.bin flag 1 data 41378
[   42.6428] open fd = -5
[   42.6597] open name host:/livepad.bin flag 1 data 41378
[   42.6610] open fd = -5
[   42.6612] open name host:/livedbg.cmd flag 1 data 41378
[   42.6624] open fd = -5
[   42.6792] open name host:/livepad.bin flag 1 data 41378
[   42.6807] open fd = -5
[   42.6977] open name host:/livepad.bin flag 1 data 41378
[   42.6991] open fd = -5
[   42.7176] FRAMEARENA frames=1680 peak=1037904 resets=6 fallbacks=0 maxFrameBytes=2731360 maxBorrowed=2120800 freeKiB=9467
[   42.7179] NATIVEVIF frames=1680 batches=1686
[   42.7180] ORDEREDFRAME frames=1680 splitFrames=4
[   42.7183] FRAMEPIPELINE starts=1680 dmaBusyStarts=149
[   42.7185] open name host:/livepad.bin flag 1 data 41378
[   42.7197] open fd = -5
[   42.7222] open name host:/log.txt flag 302 data 41378
[   42.7238] open fd = 256
[   42.7403] open name host:/livepad.bin flag 1 data 41378
[   42.7414] open fd = -5
[   42.7588] open name host:/livepad.bin flag 1 data 41378
[   42.7601] open fd = -5
[   42.7792] open name host:/livepad.bin flag 1 data 41378
[   42.7805] open fd = -5
[   42.7808] open name host:/livedbg.cmd flag 1 data 41378
[   42.7818] open fd = -5
[   42.7986] open name host:/livepad.bin flag 1 data 41378
[   42.8003] open fd = -5
[   42.8165] open name host:/livepad.bin flag 1 data 41378
[   42.8179] open fd = -5
[   42.8353] open name host:/livepad.bin flag 1 data 41378
[   42.8366] open fd = -5
[   42.8544] open name host:/livepad.bin flag 1 data 41378
[   42.8557] open fd = -5
[   42.8728] open name host:/livepad.bin flag 1 data 41378
[   42.8742] open fd = -5
[   42.8955] open name host:/livepad.bin flag 1 data 41378
[   42.8970] open fd = -5
[   42.8972] open name host:/livedbg.cmd flag 1 data 41378
[   42.8984] open fd = -5
[   42.9158] open name host:/livepad.bin flag 1 data 41378
[   42.9171] open fd = -5
[   42.9347] open name host:/livepad.bin flag 1 data 41378
[   42.9359] open fd = -5
[   42.9537] open name host:/livepad.bin flag 1 data 41378
[   42.9554] open fd = -5
[   42.9575] open name host:/log.txt flag 302 data 41378
[   42.9593] open fd = 256
[   42.9782] open name host:/livepad.bin flag 1 data 41378
[   42.9795] open fd = -5
[   42.9969] open name host:/livepad.bin flag 1 data 41378
[   42.9982] open fd = -5
[   43.0163] open name host:/livepad.bin flag 1 data 41378
[   43.0176] open fd = -5
[   43.0178] open name host:/livedbg.cmd flag 1 data 41378
[   43.0188] open fd = -5
[   43.0372] open name host:/livepad.bin flag 1 data 41378
[   43.0383] open fd = -5
[   43.0541] open name host:/livepad.bin flag 1 data 41378
[   43.0553] open fd = -5
[   43.0721] open name host:/livepad.bin flag 1 data 41378
[   43.0733] open fd = -5
[   43.0737] open name host:/log.txt flag 302 data 41378
[   43.0752] open fd = 256
[   43.0951] open name host:/livepad.bin flag 1 data 41378
[   43.0965] open fd = -5
[   43.1180] open name host:/livepad.bin flag 1 data 41378
[   43.1194] open fd = -5
[   43.1388] open name host:/livepad.bin flag 1 data 41378
[   43.1396] open fd = -5
[   43.1399] open name host:/livedbg.cmd flag 1 data 41378
[   43.1406] open fd = -5
[   43.1422] open name host:/log.txt flag 302 data 41378
[   43.1428] open fd = 256
[   43.1623] open name host:/livepad.bin flag 1 data 41378
[   43.1635] open fd = -5
[   43.1824] open name host:/livepad.bin flag 1 data 41378
[   43.1836] open fd = -5
[   43.2066] open name host:/livepad.bin flag 1 data 41378
[   43.2084] open fd = -5
[   43.2280] open name host:/livepad.bin flag 1 data 41378
[   43.2292] open fd = -5
[   43.2470] open name host:/livepad.bin flag 1 data 41378
[   43.2486] open fd = -5
[   43.2704] open name host:/livepad.bin flag 1 data 41378
[   43.2724] open fd = -5
[   43.2727] open name host:/livedbg.cmd flag 1 data 41378
[   43.2744] open fd = -5
[   43.2952] open name host:/livepad.bin flag 1 data 41378
[   43.2971] open fd = -5
[   43.3162] open name host:/livepad.bin flag 1 data 41378
[   43.3177] open fd = -5
[   43.3411] open name host:/livepad.bin flag 1 data 41378
[   43.3431] open fd = -5
[   43.3640] open name host:/livepad.bin flag 1 data 41378
[   43.3656] open fd = -5
[   43.3909] open name host:/livepad.bin flag 1 data 41378
[   43.3932] open fd = -5
[   43.4159] open name host:/livepad.bin flag 1 data 41378
[   43.4174] open fd = -5
[   43.4178] open name host:/livedbg.cmd flag 1 data 41378
[   43.4193] open fd = -5
[   43.4436] open name host:/livepad.bin flag 1 data 41378
[   43.4453] open fd = -5
[   43.4705] open name host:/livepad.bin flag 1 data 41378
[   43.4721] open fd = -5
[   43.4972] open name host:/livepad.bin flag 1 data 41378
[   43.4990] open fd = -5
[   43.5231] open name host:/livepad.bin flag 1 data 41378
[   43.5249] open fd = -5
[   43.5282] open name host:/log.txt flag 302 data 41378
[   43.5305] open fd = 256
[   43.5542] open name host:/livepad.bin flag 1 data 41378
[   43.5559] open fd = -5
[   43.5600] open name host:/log.txt flag 302 data 41378
[   43.5624] open fd = 256
[   43.5856] open name host:/livepad.bin flag 1 data 41378
[   43.5875] open fd = -5
[   43.5879] open name host:/livedbg.cmd flag 1 data 41378
[   43.5894] open fd = -5
