# Generated by TyraX. Do not edit - rebaked from the procedural graph of 'pines'.
# 52 instances of res/models/pine.obj
mtllib props.mtl
v -39.5890 9.5054 14.1988
v -39.7270 9.5001 14.4500
v -39.7032 11.1783 14.4981
v -39.5890 9.5054 14.1988
v -39.7032 11.1783 14.4981
v -39.5652 11.1836 14.2469
v -39.7270 9.5001 14.4500
v -39.9782 9.5076 14.3122
v -39.9543 11.1858 14.3603
v -39.7270 9.5001 14.4500
v -39.9543 11.1858 14.3603
v -39.7032 11.1783 14.4981
v -39.9782 9.5076 14.3122
v -39.8402 9.5129 14.0610
v -39.8164 11.1911 14.1091
v -39.9782 9.5076 14.3122
v -39.8164 11.1911 14.1091
v -39.9543 11.1858 14.3603
v -39.8402 9.5129 14.0610
v -39.5890 9.5054 14.1988
v -39.5652 11.1836 14.2469
v -39.8402 9.5129 14.0610
v -39.5652 11.1836 14.2469
v -39.8164 11.1911 14.1091
v 40.0433 12.0996 34.4650
v 39.8655 12.0916 34.2765
v 39.8226 13.6097 34.2526
v 40.0433 12.0996 34.4650
v 39.8226 13.6097 34.2526
v 40.0004 13.6177 34.4411
v 39.8655 12.0916 34.2765
v 40.0541 12.0941 34.0986
v 40.0112 13.6123 34.0746
v 39.8655 12.0916 34.2765
v 40.0112 13.6123 34.0746
v 39.8226 13.6097 34.2526
v 40.0541 12.0941 34.0986
v 40.2319 12.1021 34.2871
v 40.1890 13.6203 34.2632
v 40.0541 12.0941 34.0986
v 40.1890 13.6203 34.2632
v 40.0112 13.6123 34.0746
v 40.2319 12.1021 34.2871
v 40.0433 12.0996 34.4650
v 40.0004 13.6177 34.4411
v 40.2319 12.1021 34.2871
v 40.0004 13.6177 34.4411
v 40.1890 13.6203 34.2632
v -32.1702 10.7276 -28.1947
v -32.3020 10.7299 -28.3871
v -32.3151 12.0958 -28.3618
v -32.1702 10.7276 -28.1947
v -32.3151 12.0958 -28.3618
v -32.1833 12.0935 -28.1694
v -32.3020 10.7299 -28.3871
v -32.1096 10.7341 -28.5188
v -32.1227 12.1001 -28.4936
v -32.3020 10.7299 -28.3871
v -32.1227 12.1001 -28.4936
v -32.3151 12.0958 -28.3618
v -32.1096 10.7341 -28.5188
v -31.9778 10.7319 -28.3264
v -31.9909 12.0978 -28.3012
v -32.1096 10.7341 -28.5188
v -31.9909 12.0978 -28.3012
v -32.1227 12.1001 -28.4936
v -31.9778 10.7319 -28.3264
v -32.1702 10.7276 -28.1947
v -32.1833 12.0935 -28.1694
v -31.9778 10.7319 -28.3264
v -32.1833 12.0935 -28.1694
v -31.9909 12.0978 -28.3012
v 32.5568 11.3419 24.3134
v 32.7227 11.3355 24.4173
v 32.7587 12.4824 24.4301
v 32.5568 11.3419 24.3134
v 32.7587 12.4824 24.4301
v 32.5928 12.4887 24.3261
v 32.7227 11.3355 24.4173
v 32.6187 11.3369 24.5833
v 32.6547 12.4838 24.5961
v 32.7227 11.3355 24.4173
v 32.6547 12.4838 24.5961
v 32.7587 12.4824 24.4301
v 32.6187 11.3369 24.5833
v 32.4528 11.3433 24.4793
v 32.4888 12.4902 24.4921
v 32.6187 11.3369 24.5833
v 32.4888 12.4902 24.4921
v 32.6547 12.4838 24.5961
v 32.4528 11.3433 24.4793
v 32.5568 11.3419 24.3134
v 32.5928 12.4887 24.3261
v 32.4528 11.3433 24.4793
v 32.5928 12.4887 24.3261
v 32.4888 12.4902 24.4921
v 23.6600 10.7998 11.6849
v 23.6084 10.7994 11.9162
v 23.7039 12.1846 11.9400
v 23.6600 10.7998 11.6849
v 23.7039 12.1846 11.9400
v 23.7555 12.1850 11.7087
v 23.6084 10.7994 11.9162
v 23.3777 10.8162 11.8648
v 23.4731 12.2014 11.8886
v 23.6084 10.7994 11.9162
v 23.4731 12.2014 11.8886
v 23.7039 12.1846 11.9400
v 23.3777 10.8162 11.8648
v 23.4293 10.8166 11.6334
v 23.5247 12.2018 11.6572
v 23.3777 10.8162 11.8648
v 23.5247 12.2018 11.6572
v 23.4731 12.2014 11.8886
v 23.4293 10.8166 11.6334
v 23.6600 10.7998 11.6849
v 23.7555 12.1850 11.7087
v 23.4293 10.8166 11.6334
v 23.7555 12.1850 11.7087
v 23.5247 12.2018 11.6572
v -50.8661 10.6296 -43.2041
v -50.8362 10.6298 -42.8773
v -50.8881 12.5520 -42.8736
v -50.8661 10.6296 -43.2041
v -50.8881 12.5520 -42.8736
v -50.9180 12.5518 -43.2005
v -50.8362 10.6298 -42.8773
v -51.1629 10.6209 -42.8473
v -51.2148 12.5431 -42.8437
v -50.8362 10.6298 -42.8773
v -51.2148 12.5431 -42.8437
v -50.8881 12.5520 -42.8736
v -51.1629 10.6209 -42.8473
v -51.1929 10.6207 -43.1742
v -51.2448 12.5430 -43.1705
v -51.1629 10.6209 -42.8473
v -51.2448 12.5430 -43.1705
v -51.2148 12.5431 -42.8437
v -51.1929 10.6207 -43.1742
v -50.8661 10.6296 -43.2041
v -50.9180 12.5518 -43.2005
v -51.1929 10.6207 -43.1742
v -50.9180 12.5518 -43.2005
v -51.2448 12.5430 -43.1705
v 30.8449 10.7192 5.2796
v 30.8535 10.7197 5.0325
v 30.6954 12.1594 5.0303
v 30.8449 10.7192 5.2796
v 30.6954 12.1594 5.0303
v 30.6868 12.1588 5.2774
v 30.8535 10.7197 5.0325
v 31.0991 10.7467 5.0412
v 30.9410 12.1864 5.0390
v 30.8535 10.7197 5.0325
v 30.9410 12.1864 5.0390
v 30.6954 12.1594 5.0303
v 31.0991 10.7467 5.0412
v 31.0905 10.7461 5.2883
v 30.9323 12.1858 5.2860
v 31.0991 10.7467 5.0412
v 30.9323 12.1858 5.2860
v 30.9410 12.1864 5.0390
v 31.0905 10.7461 5.2883
v 30.8449 10.7192 5.2796
v 30.6868 12.1588 5.2774
v 31.0905 10.7461 5.2883
v 30.6868 12.1588 5.2774
v 30.9323 12.1858 5.2860
v 36.5768 11.0437 -36.0935
v 36.3821 11.0357 -36.1963
v 36.3641 12.3245 -36.2618
v 36.5768 11.0437 -36.0935
v 36.3641 12.3245 -36.2618
v 36.5588 12.3324 -36.1591
v 36.3821 11.0357 -36.1963
v 36.4851 11.0273 -36.3908
v 36.4671 12.3160 -36.4563
v 36.3821 11.0357 -36.1963
v 36.4671 12.3160 -36.4563
v 36.3641 12.3245 -36.2618
v 36.4851 11.0273 -36.3908
v 36.6798 11.0352 -36.2880
v 36.6618 12.3240 -36.3536
v 36.4851 11.0273 -36.3908
v 36.6618 12.3240 -36.3536
v 36.4671 12.3160 -36.4563
v 36.6798 11.0352 -36.2880
v 36.5768 11.0437 -36.0935
v 36.5588 12.3324 -36.1591
v 36.6798 11.0352 -36.2880
v 36.5588 12.3324 -36.1591
v 36.6618 12.3240 -36.3536
v 50.3974 12.6029 33.1655
v 50.3967 12.6028 32.9454
v 50.1759 13.8734 32.9459
v 50.3974 12.6029 33.1655
v 50.1759 13.8734 32.9459
v 50.1767 13.8735 33.1660
v 50.3967 12.6028 32.9454
v 50.6135 12.6405 32.9447
v 50.3928 13.9111 32.9451
v 50.3967 12.6028 32.9454
v 50.3928 13.9111 32.9451
v 50.1759 13.8734 32.9459
v 50.6135 12.6405 32.9447
v 50.6143 12.6406 33.1648
v 50.3936 13.9111 33.1652
v 50.6135 12.6405 32.9447
v 50.3936 13.9111 33.1652
v 50.3928 13.9111 32.9451
v 50.6143 12.6406 33.1648
v 50.3974 12.6029 33.1655
v 50.1767 13.8735 33.1660
v 50.6143 12.6406 33.1648
v 50.1767 13.8735 33.1660
v 50.3936 13.9111 33.1652
v -36.2928 10.6563 -30.0833
v -36.0361 10.6393 -30.2137
v -35.8599 12.3151 -30.0847
v -36.2928 10.6563 -30.0833
v -35.8599 12.3151 -30.0847
v -36.1167 12.3321 -29.9543
v -36.0361 10.6393 -30.2137
v -35.9081 10.6061 -29.9573
v -35.7319 12.2819 -29.8283
v -36.0361 10.6393 -30.2137
v -35.7319 12.2819 -29.8283
v -35.8599 12.3151 -30.0847
v -35.9081 10.6061 -29.9573
v -36.1648 10.6231 -29.8269
v -35.9887 12.2989 -29.6980
v -35.9081 10.6061 -29.9573
v -35.9887 12.2989 -29.6980
v -35.7319 12.2819 -29.8283
v -36.1648 10.6231 -29.8269
v -36.2928 10.6563 -30.0833
v -36.1167 12.3321 -29.9543
v -36.1648 10.6231 -29.8269
v -36.1167 12.3321 -29.9543
v -35.9887 12.2989 -29.6980
v -13.1780 11.6533 35.6782
v -12.8707 11.6748 35.7712
v -13.0005 13.5557 35.7639
v -13.1780 11.6533 35.6782
v -13.0005 13.5557 35.7639
v -13.3078 13.5341 35.6709
v -12.8707 11.6748 35.7712
v -12.9635 11.6696 36.0793
v -13.0934 13.5505 36.0720
v -12.8707 11.6748 35.7712
v -13.0934 13.5505 36.0720
v -13.0005 13.5557 35.7639
v -12.9635 11.6696 36.0793
v -13.2708 11.6480 35.9862
v -13.4007 13.5289 35.9790
v -12.9635 11.6696 36.0793
v -13.4007 13.5289 35.9790
v -13.0934 13.5505 36.0720
v -13.2708 11.6480 35.9862
v -13.1780 11.6533 35.6782
v -13.3078 13.5341 35.6709
v -13.2708 11.6480 35.9862
v -13.3078 13.5341 35.6709
v -13.4007 13.5289 35.9790
v 6.1232 10.3368 0.3766
v 5.8818 10.3353 0.2411
v 5.8479 11.9564 0.2836
v 6.1232 10.3368 0.3766
v 5.8479 11.9564 0.2836
v 6.0893 11.9579 0.4191
v 5.8818 10.3353 0.2411
v 6.0172 10.3445 -0.0002
v 5.9832 11.9655 0.0423
v 5.8818 10.3353 0.2411
v 5.9832 11.9655 0.0423
v 5.8479 11.9564 0.2836
v 6.0172 10.3445 -0.0002
v 6.2586 10.3460 0.1353
v 6.2247 11.9670 0.1778
v 6.0172 10.3445 -0.0002
v 6.2247 11.9670 0.1778
v 5.9832 11.9655 0.0423
v 6.2586 10.3460 0.1353
v 6.1232 10.3368 0.3766
v 6.0893 11.9579 0.4191
v 6.2586 10.3460 0.1353
v 6.0893 11.9579 0.4191
v 6.2247 11.9670 0.1778
v -2.6858 12.8516 49.2829
v -2.7330 12.8537 49.0953
v -2.7071 13.9865 49.1013
v -2.6858 12.8516 49.2829
v -2.7071 13.9865 49.1013
v -2.6599 13.9844 49.2888
v -2.7330 12.8537 49.0953
v -2.5455 12.8497 49.0481
v -2.5196 13.9825 49.0540
v -2.7330 12.8537 49.0953
v -2.5196 13.9825 49.0540
v -2.7071 13.9865 49.1013
v -2.5455 12.8497 49.0481
v -2.4983 12.8476 49.2356
v -2.4724 13.9804 49.2416
v -2.5455 12.8497 49.0481
v -2.4724 13.9804 49.2416
v -2.5196 13.9825 49.0540
v -2.4983 12.8476 49.2356
v -2.6858 12.8516 49.2829
v -2.6599 13.9844 49.2888
v -2.4983 12.8476 49.2356
v -2.6599 13.9844 49.2888
v -2.4724 13.9804 49.2416
v -37.6846 9.6199 7.1076
v -37.9540 9.5947 7.1409
v -38.1067 11.1838 7.1045
v -37.6846 9.6199 7.1076
v -38.1067 11.1838 7.1045
v -37.8374 11.2089 7.0712
v -37.9540 9.5947 7.1409
v -37.9866 9.5854 6.8705
v -38.1393 11.1744 6.8341
v -37.9540 9.5947 7.1409
v -38.1393 11.1744 6.8341
v -38.1067 11.1838 7.1045
v -37.9866 9.5854 6.8705
v -37.7172 9.6105 6.8372
v -37.8700 11.1996 6.8007
v -37.9866 9.5854 6.8705
v -37.8700 11.1996 6.8007
v -38.1393 11.1744 6.8341
v -37.7172 9.6105 6.8372
v -37.6846 9.6199 7.1076
v -37.8374 11.2089 7.0712
v -37.7172 9.6105 6.8372
v -37.8374 11.2089 7.0712
v -37.8700 11.1996 6.8007
v -31.8817 11.0722 -33.7315
v -31.8495 11.0731 -34.0512
v -31.8731 12.9554 -34.0488
v -31.8817 11.0722 -33.7315
v -31.8731 12.9554 -34.0488
v -31.9053 12.9546 -33.7291
v -31.8495 11.0731 -34.0512
v -31.5298 11.0770 -34.0189
v -31.5534 12.9594 -34.0165
v -31.8495 11.0731 -34.0512
v -31.5534 12.9594 -34.0165
v -31.8731 12.9554 -34.0488
v -31.5298 11.0770 -34.0189
v -31.5621 11.0762 -33.6992
v -31.5856 12.9586 -33.6968
v -31.5298 11.0770 -34.0189
v -31.5856 12.9586 -33.6968
v -31.5534 12.9594 -34.0165
v -31.5621 11.0762 -33.6992
v -31.8817 11.0722 -33.7315
v -31.9053 12.9546 -33.7291
v -31.5621 11.0762 -33.6992
v -31.9053 12.9546 -33.7291
v -31.5856 12.9586 -33.6968
v 33.9963 12.1247 37.5913
v 33.8120 12.1191 37.6238
v 33.7654 13.2124 37.5472
v 33.9963 12.1247 37.5913
v 33.7654 13.2124 37.5472
v 33.9497 13.2179 37.5147
v 33.8120 12.1191 37.6238
v 33.7799 12.1049 37.4399
v 33.7334 13.1981 37.3633
v 33.8120 12.1191 37.6238
v 33.7334 13.1981 37.3633
v 33.7654 13.2124 37.5472
v 33.7799 12.1049 37.4399
v 33.9642 12.1104 37.4073
v 33.9177 13.2037 37.3307
v 33.7799 12.1049 37.4399
v 33.9177 13.2037 37.3307
v 33.7334 13.1981 37.3633
v 33.9642 12.1104 37.4073
v 33.9963 12.1247 37.5913
v 33.9497 13.2179 37.5147
v 33.9642 12.1104 37.4073
v 33.9497 13.2179 37.5147
v 33.9177 13.2037 37.3307
v 4.3067 10.3407 -4.6209
v 4.1469 10.3308 -4.8959
v 4.1530 12.1939 -4.9665
v 4.3067 10.3407 -4.6209
v 4.1530 12.1939 -4.9665
v 4.3128 12.2038 -4.6914
v 4.1469 10.3308 -4.8959
v 4.4221 10.3238 -5.0556
v 4.4282 12.1869 -5.1261
v 4.1469 10.3308 -4.8959
v 4.4282 12.1869 -5.1261
v 4.1530 12.1939 -4.9665
v 4.4221 10.3238 -5.0556
v 4.5819 10.3337 -4.7806
v 4.5880 12.1968 -4.8511
v 4.4221 10.3238 -5.0556
v 4.5880 12.1968 -4.8511
v 4.4282 12.1869 -5.1261
v 4.5819 10.3337 -4.7806
v 4.3067 10.3407 -4.6209
v 4.3128 12.2038 -4.6914
v 4.5819 10.3337 -4.7806
v 4.3128 12.2038 -4.6914
v 4.5880 12.1968 -4.8511
v -10.5269 12.5067 44.6927
v -10.6976 12.4949 44.5300
v -10.7690 13.8761 44.5043
v -10.5269 12.5067 44.6927
v -10.7690 13.8761 44.5043
v -10.5983 13.8879 44.6671
v -10.6976 12.4949 44.5300
v -10.5349 12.5001 44.3590
v -10.6063 13.8813 44.3333
v -10.6976 12.4949 44.5300
v -10.6063 13.8813 44.3333
v -10.7690 13.8761 44.5043
v -10.5349 12.5001 44.3590
v -10.3642 12.5120 44.5217
v -10.4356 13.8932 44.4961
v -10.5349 12.5001 44.3590
v -10.4356 13.8932 44.4961
v -10.6063 13.8813 44.3333
v -10.3642 12.5120 44.5217
v -10.5269 12.5067 44.6927
v -10.5983 13.8879 44.6671
v -10.3642 12.5120 44.5217
v -10.5983 13.8879 44.6671
v -10.4356 13.8932 44.4961
v 19.3956 10.5381 3.3886
v 19.3505 10.5360 3.7589
v 19.2939 12.7206 3.7642
v 19.3956 10.5381 3.3886
v 19.2939 12.7206 3.7642
v 19.3390 12.7227 3.3939
v 19.3505 10.5360 3.7589
v 18.9803 10.5265 3.7137
v 18.9237 12.7112 3.7190
v 19.3505 10.5360 3.7589
v 18.9237 12.7112 3.7190
v 19.2939 12.7206 3.7642
v 18.9803 10.5265 3.7137
v 19.0254 10.5286 3.3434
v 18.9688 12.7132 3.3488
v 18.9803 10.5265 3.7137
v 18.9688 12.7132 3.3488
v 18.9237 12.7112 3.7190
v 19.0254 10.5286 3.3434
v 19.3956 10.5381 3.3886
v 19.3390 12.7227 3.3939
v 19.0254 10.5286 3.3434
v 19.3390 12.7227 3.3939
v 18.9688 12.7132 3.3488
v 31.8488 11.2168 -42.3183
v 31.7068 11.2079 -42.1887
v 31.6654 12.3341 -42.1566
v 31.8488 11.2168 -42.3183
v 31.6654 12.3341 -42.1566
v 31.8073 12.3430 -42.2862
v 31.7068 11.2079 -42.1887
v 31.5771 11.2072 -42.3309
v 31.5357 12.3333 -42.2988
v 31.7068 11.2079 -42.1887
v 31.5357 12.3333 -42.2988
v 31.6654 12.3341 -42.1566
v 31.5771 11.2072 -42.3309
v 31.7190 11.2161 -42.4605
v 31.6776 12.3423 -42.4284
v 31.5771 11.2072 -42.3309
v 31.6776 12.3423 -42.4284
v 31.5357 12.3333 -42.2988
v 31.7190 11.2161 -42.4605
v 31.8488 11.2168 -42.3183
v 31.8073 12.3430 -42.2862
v 31.7190 11.2161 -42.4605
v 31.8073 12.3430 -42.2862
v 31.6776 12.3423 -42.4284
v 24.9877 10.6074 -15.2152
v 25.1313 10.6124 -15.4493
v 25.1882 12.2190 -15.3802
v 24.9877 10.6074 -15.2152
v 25.1882 12.2190 -15.3802
v 25.0446 12.2140 -15.1461
v 25.1313 10.6124 -15.4493
v 25.3652 10.5980 -15.3061
v 25.4221 12.2045 -15.2371
v 25.1313 10.6124 -15.4493
v 25.4221 12.2045 -15.2371
v 25.1882 12.2190 -15.3802
v 25.3652 10.5980 -15.3061
v 25.2217 10.5930 -15.0720
v 25.2786 12.1996 -15.0030
v 25.3652 10.5980 -15.3061
v 25.2786 12.1996 -15.0030
v 25.4221 12.2045 -15.2371
v 25.2217 10.5930 -15.0720
v 24.9877 10.6074 -15.2152
v 25.0446 12.2140 -15.1461
v 25.2217 10.5930 -15.0720
v 25.0446 12.2140 -15.1461
v 25.2786 12.1996 -15.0030
v -20.3023 10.9006 -25.7391
v -20.5498 10.9131 -25.5600
v -20.4409 12.7010 -25.5347
v -20.3023 10.9006 -25.7391
v -20.4409 12.7010 -25.5347
v -20.1934 12.6884 -25.7139
v -20.5498 10.9131 -25.5600
v -20.7284 10.9275 -25.8077
v -20.6195 12.7154 -25.7824
v -20.5498 10.9131 -25.5600
v -20.6195 12.7154 -25.7824
v -20.4409 12.7010 -25.5347
v -20.7284 10.9275 -25.8077
v -20.4809 10.9149 -25.9869
v -20.3721 12.7028 -25.9616
v -20.7284 10.9275 -25.8077
v -20.3721 12.7028 -25.9616
v -20.6195 12.7154 -25.7824
v -20.4809 10.9149 -25.9869
v -20.3023 10.9006 -25.7391
v -20.1934 12.6884 -25.7139
v -20.4809 10.9149 -25.9869
v -20.1934 12.6884 -25.7139
v -20.3721 12.7028 -25.9616
v -46.3080 10.2629 42.5211
v -46.3496 10.2669 42.8685
v -46.1754 12.3096 42.8654
v -46.3080 10.2629 42.5211
v -46.1754 12.3096 42.8654
v -46.1337 12.3055 42.5180
v -46.3496 10.2669 42.8685
v -46.6957 10.2964 42.8267
v -46.5215 12.3391 42.8236
v -46.3496 10.2669 42.8685
v -46.5215 12.3391 42.8236
v -46.1754 12.3096 42.8654
v -46.6957 10.2964 42.8267
v -46.6541 10.2923 42.4793
v -46.4799 12.3350 42.4762
v -46.6957 10.2964 42.8267
v -46.4799 12.3350 42.4762
v -46.5215 12.3391 42.8236
v -46.6541 10.2923 42.4793
v -46.3080 10.2629 42.5211
v -46.1337 12.3055 42.5180
v -46.6541 10.2923 42.4793
v -46.1337 12.3055 42.5180
v -46.4799 12.3350 42.4762
v 41.9922 11.1742 7.8649
v 42.0455 11.1719 7.5582
v 42.0675 12.9957 7.5485
v 41.9922 11.1742 7.8649
v 42.0675 12.9957 7.5485
v 42.0141 12.9980 7.8552
v 42.0455 11.1719 7.5582
v 42.3522 11.1685 7.6116
v 42.3742 12.9923 7.6019
v 42.0455 11.1719 7.5582
v 42.3742 12.9923 7.6019
v 42.0675 12.9957 7.5485
v 42.3522 11.1685 7.6116
v 42.2988 11.1708 7.9183
v 42.3208 12.9945 7.9086
v 42.3522 11.1685 7.6116
v 42.3208 12.9945 7.9086
v 42.3742 12.9923 7.6019
v 42.2988 11.1708 7.9183
v 41.9922 11.1742 7.8649
v 42.0141 12.9980 7.8552
v 42.2988 11.1708 7.9183
v 42.0141 12.9980 7.8552
v 42.3208 12.9945 7.9086
v 49.8067 11.8323 -32.4039
v 49.5761 11.8323 -32.3227
v 49.6123 13.2601 -32.2205
v 49.8067 11.8323 -32.4039
v 49.6123 13.2601 -32.2205
v 49.8429 13.2601 -32.3017
v 49.5761 11.8323 -32.3227
v 49.4952 11.8509 -32.5526
v 49.5314 13.2786 -32.4504
v 49.5761 11.8323 -32.3227
v 49.5314 13.2786 -32.4504
v 49.6123 13.2601 -32.2205
v 49.4952 11.8509 -32.5526
v 49.7258 11.8508 -32.6338
v 49.7620 13.2786 -32.5316
v 49.4952 11.8509 -32.5526
v 49.7620 13.2786 -32.5316
v 49.5314 13.2786 -32.4504
v 49.7258 11.8508 -32.6338
v 49.8067 11.8323 -32.4039
v 49.8429 13.2601 -32.3017
v 49.7258 11.8508 -32.6338
v 49.8429 13.2601 -32.3017
v 49.7620 13.2786 -32.5316
v 7.6969 10.4270 -12.7407
v 7.7339 10.4285 -12.9719
v 7.6585 11.7983 -12.9752
v 7.6969 10.4270 -12.7407
v 7.6585 11.7983 -12.9752
v 7.6216 11.7968 -12.7439
v 7.7339 10.4285 -12.9719
v 7.9647 10.4413 -12.9349
v 7.8894 11.8110 -12.9381
v 7.7339 10.4285 -12.9719
v 7.8894 11.8110 -12.9381
v 7.6585 11.7983 -12.9752
v 7.9647 10.4413 -12.9349
v 7.9277 10.4398 -12.7037
v 7.8524 11.8096 -12.7069
v 7.9647 10.4413 -12.9349
v 7.8524 11.8096 -12.7069
v 7.8894 11.8110 -12.9381
v 7.9277 10.4398 -12.7037
v 7.6969 10.4270 -12.7407
v 7.6216 11.7968 -12.7439
v 7.9277 10.4398 -12.7037
v 7.6216 11.7968 -12.7439
v 7.8524 11.8096 -12.7069
v -14.5170 12.4486 -47.6010
v -14.3668 12.4503 -47.6560
v -14.3804 13.3875 -47.6643
v -14.5170 12.4486 -47.6010
v -14.3804 13.3875 -47.6643
v -14.5306 13.3858 -47.6093
v -14.3668 12.4503 -47.6560
v -14.3119 12.4524 -47.5057
v -14.3254 13.3896 -47.5141
v -14.3668 12.4503 -47.6560
v -14.3254 13.3896 -47.5141
v -14.3804 13.3875 -47.6643
v -14.3119 12.4524 -47.5057
v -14.4621 12.4508 -47.4507
v -14.4757 13.3879 -47.4591
v -14.3119 12.4524 -47.5057
v -14.4757 13.3879 -47.4591
v -14.3254 13.3896 -47.5141
v -14.4621 12.4508 -47.4507
v -14.5170 12.4486 -47.6010
v -14.5306 13.3858 -47.6093
v -14.4621 12.4508 -47.4507
v -14.5306 13.3858 -47.6093
v -14.4757 13.3879 -47.4591
v 38.3487 11.0441 16.1783
v 38.1196 11.0420 16.2820
v 38.1301 12.5142 16.3358
v 38.3487 11.0441 16.1783
v 38.1301 12.5142 16.3358
v 38.3592 12.5163 16.2321
v 38.1196 11.0420 16.2820
v 38.0159 11.0511 16.0532
v 38.0264 12.5232 16.1069
v 38.1196 11.0420 16.2820
v 38.0264 12.5232 16.1069
v 38.1301 12.5142 16.3358
v 38.0159 11.0511 16.0532
v 38.2449 11.0532 15.9494
v 38.2554 12.5254 16.0032
v 38.0159 11.0511 16.0532
v 38.2554 12.5254 16.0032
v 38.0264 12.5232 16.1069
v 38.2449 11.0532 15.9494
v 38.3487 11.0441 16.1783
v 38.3592 12.5163 16.2321
v 38.2449 11.0532 15.9494
v 38.3592 12.5163 16.2321
v 38.2554 12.5254 16.0032
v 50.8759 11.4594 -16.5779
v 50.6361 11.4589 -16.5083
v 50.6621 12.9179 -16.4068
v 50.8759 11.4594 -16.5779
v 50.6621 12.9179 -16.4068
v 50.9019 12.9185 -16.4764
v 50.6361 11.4589 -16.5083
v 50.5666 11.4767 -16.7474
v 50.5926 12.9358 -16.6459
v 50.6361 11.4589 -16.5083
v 50.5926 12.9358 -16.6459
v 50.6621 12.9179 -16.4068
v 50.5666 11.4767 -16.7474
v 50.8064 11.4773 -16.8170
v 50.8324 12.9363 -16.7156
v 50.5666 11.4767 -16.7474
v 50.8324 12.9363 -16.7156
v 50.5926 12.9358 -16.6459
v 50.8064 11.4773 -16.8170
v 50.8759 11.4594 -16.5779
v 50.9019 12.9185 -16.4764
v 50.8064 11.4773 -16.8170
v 50.9019 12.9185 -16.4764
v 50.8324 12.9363 -16.7156
v -47.0555 10.4416 -38.0473
v -46.8647 10.4221 -38.1601
v -46.7425 11.7196 -38.1773
v -47.0555 10.4416 -38.0473
v -46.7425 11.7196 -38.1773
v -46.9333 11.7390 -38.0645
v -46.8647 10.4221 -38.1601
v -46.7522 10.4141 -37.9683
v -46.6300 11.7115 -37.9855
v -46.8647 10.4221 -38.1601
v -46.6300 11.7115 -37.9855
v -46.7425 11.7196 -38.1773
v -46.7522 10.4141 -37.9683
v -46.9430 10.4335 -37.8556
v -46.8208 11.7310 -37.8728
v -46.7522 10.4141 -37.9683
v -46.8208 11.7310 -37.8728
v -46.6300 11.7115 -37.9855
v -46.9430 10.4335 -37.8556
v -47.0555 10.4416 -38.0473
v -46.9333 11.7390 -38.0645
v -46.9430 10.4335 -37.8556
v -46.9333 11.7390 -38.0645
v -46.8208 11.7310 -37.8728
v -25.1274 11.8163 -50.6543
v -25.2840 11.8134 -50.5065
v -25.2865 13.0746 -50.4844
v -25.1274 11.8163 -50.6543
v -25.2865 13.0746 -50.4844
v -25.1300 13.0776 -50.6322
v -25.2840 11.8134 -50.5065
v -25.4318 11.8159 -50.6630
v -25.4344 13.0771 -50.6409
v -25.2840 11.8134 -50.5065
v -25.4344 13.0771 -50.6409
v -25.2865 13.0746 -50.4844
v -25.4318 11.8159 -50.6630
v -25.2753 11.8188 -50.8108
v -25.2779 13.0800 -50.7887
v -25.4318 11.8159 -50.6630
v -25.2779 13.0800 -50.7887
v -25.4344 13.0771 -50.6409
v -25.2753 11.8188 -50.8108
v -25.1274 11.8163 -50.6543
v -25.1300 13.0776 -50.6322
v -25.2753 11.8188 -50.8108
v -25.1300 13.0776 -50.6322
v -25.2779 13.0800 -50.7887
v -11.1986 12.1343 -42.2873
v -11.2163 12.1362 -42.5063
v -11.1859 13.4233 -42.4979
v -11.1986 12.1343 -42.2873
v -11.1859 13.4233 -42.4979
v -11.1683 13.4215 -42.2788
v -11.2163 12.1362 -42.5063
v -10.9973 12.1311 -42.5241
v -10.9669 13.4183 -42.5156
v -11.2163 12.1362 -42.5063
v -10.9669 13.4183 -42.5156
v -11.1859 13.4233 -42.4979
v -10.9973 12.1311 -42.5241
v -10.9796 12.1292 -42.3050
v -10.9493 13.4164 -42.2965
v -10.9973 12.1311 -42.5241
v -10.9493 13.4164 -42.2965
v -10.9669 13.4183 -42.5156
v -10.9796 12.1292 -42.3050
v -11.1986 12.1343 -42.2873
v -11.1683 13.4215 -42.2788
v -10.9796 12.1292 -42.3050
v -11.1683 13.4215 -42.2788
v -10.9493 13.4164 -42.2965
v 11.8881 10.6026 5.6847
v 11.8845 10.6025 5.8630
v 11.9245 11.6465 5.8647
v 11.8881 10.6026 5.6847
v 11.9245 11.6465 5.8647
v 11.9281 11.6467 5.6864
v 11.8845 10.6025 5.8630
v 11.7063 10.6093 5.8594
v 11.7463 11.6533 5.8610
v 11.8845 10.6025 5.8630
v 11.7463 11.6533 5.8610
v 11.9245 11.6465 5.8647
v 11.7063 10.6093 5.8594
v 11.7100 10.6095 5.6811
v 11.7500 11.6535 5.6827
v 11.7063 10.6093 5.8594
v 11.7500 11.6535 5.6827
v 11.7463 11.6533 5.8610
v 11.7100 10.6095 5.6811
v 11.8881 10.6026 5.6847
v 11.9281 11.6467 5.6864
v 11.7100 10.6095 5.6811
v 11.9281 11.6467 5.6864
v 11.7500 11.6535 5.6827
v 31.1720 11.5119 -48.4453
v 31.3911 11.4939 -48.4547
v 31.4941 12.7773 -48.5202
v 31.1720 11.5119 -48.4453
v 31.4941 12.7773 -48.5202
v 31.2750 12.7954 -48.5107
v 31.3911 11.4939 -48.4547
v 31.4014 11.5042 -48.2352
v 31.5045 12.7877 -48.3006
v 31.3911 11.4939 -48.4547
v 31.5045 12.7877 -48.3006
v 31.4941 12.7773 -48.5202
v 31.4014 11.5042 -48.2352
v 31.1823 11.5223 -48.2257
v 31.2854 12.8057 -48.2911
v 31.4014 11.5042 -48.2352
v 31.2854 12.8057 -48.2911
v 31.5045 12.7877 -48.3006
v 31.1823 11.5223 -48.2257
v 31.1720 11.5119 -48.4453
v 31.2750 12.7954 -48.5107
v 31.1823 11.5223 -48.2257
v 31.2750 12.7954 -48.5107
v 31.2854 12.8057 -48.2911
v -39.6082 11.2406 47.6642
v -39.5036 11.2409 48.0201
v -39.6706 13.4075 48.0671
v -39.6082 11.2406 47.6642
v -39.6706 13.4075 48.0671
v -39.7752 13.4072 47.7112
v -39.5036 11.2409 48.0201
v -39.8584 11.2113 48.1244
v -40.0254 13.3779 48.1714
v -39.5036 11.2409 48.0201
v -40.0254 13.3779 48.1714
v -39.6706 13.4075 48.0671
v -39.8584 11.2113 48.1244
v -39.9630 11.2110 47.7684
v -40.1300 13.3776 47.8155
v -39.8584 11.2113 48.1244
v -40.1300 13.3776 47.8155
v -40.0254 13.3779 48.1714
v -39.9630 11.2110 47.7684
v -39.6082 11.2406 47.6642
v -39.7752 13.4072 47.7112
v -39.9630 11.2110 47.7684
v -39.7752 13.4072 47.7112
v -40.1300 13.3776 47.8155
v 29.9636 11.4368 27.9481
v 30.0371 11.4314 28.1707
v 30.0880 12.8040 28.1873
v 29.9636 11.4368 27.9481
v 30.0880 12.8040 28.1873
v 30.0145 12.8094 27.9647
v 30.0371 11.4314 28.1707
v 29.8146 11.4387 28.2443
v 29.8655 12.8113 28.2609
v 30.0371 11.4314 28.1707
v 29.8655 12.8113 28.2609
v 30.0880 12.8040 28.1873
v 29.8146 11.4387 28.2443
v 29.7411 11.4441 28.0217
v 29.7921 12.8167 28.0383
v 29.8146 11.4387 28.2443
v 29.7921 12.8167 28.0383
v 29.8655 12.8113 28.2609
v 29.7411 11.4441 28.0217
v 29.9636 11.4368 27.9481
v 30.0145 12.8094 27.9647
v 29.7411 11.4441 28.0217
v 30.0145 12.8094 27.9647
v 29.7921 12.8167 28.0383
v 49.1736 12.7475 50.0698
v 49.3187 12.7468 50.3009
v 49.2000 14.3391 50.3807
v 49.1736 12.7475 50.0698
v 49.2000 14.3391 50.3807
v 49.0550 14.3398 50.1495
v 49.3187 12.7468 50.3009
v 49.0884 12.7224 50.4453
v 48.9697 14.3147 50.5251
v 49.3187 12.7468 50.3009
v 48.9697 14.3147 50.5251
v 49.2000 14.3391 50.3807
v 49.0884 12.7224 50.4453
v 48.9434 12.7231 50.2142
v 48.8247 14.3154 50.2939
v 49.0884 12.7224 50.4453
v 48.8247 14.3154 50.2939
v 48.9697 14.3147 50.5251
v 48.9434 12.7231 50.2142
v 49.1736 12.7475 50.0698
v 49.0550 14.3398 50.1495
v 48.9434 12.7231 50.2142
v 49.0550 14.3398 50.1495
v 48.8247 14.3154 50.2939
v 15.1477 10.7819 9.3031
v 15.0406 10.7819 9.4527
v 14.9586 11.8551 9.3942
v 15.1477 10.7819 9.3031
v 14.9586 11.8551 9.3942
v 15.0658 11.8551 9.2446
v 15.0406 10.7819 9.4527
v 14.8916 10.7647 9.3461
v 14.8097 11.8379 9.2875
v 15.0406 10.7819 9.4527
v 14.8097 11.8379 9.2875
v 14.9586 11.8551 9.3942
v 14.8916 10.7647 9.3461
v 14.9988 10.7647 9.1965
v 14.9168 11.8379 9.1379
v 14.8916 10.7647 9.3461
v 14.9168 11.8379 9.1379
v 14.8097 11.8379 9.2875
v 14.9988 10.7647 9.1965
v 15.1477 10.7819 9.3031
v 15.0658 11.8551 9.2446
v 14.9988 10.7647 9.1965
v 15.0658 11.8551 9.2446
v 14.9168 11.8379 9.1379
v 41.6599 12.0899 33.1913
v 41.7287 12.0876 32.9214
v 41.6740 13.7181 32.8936
v 41.6599 12.0899 33.1913
v 41.6740 13.7181 32.8936
v 41.6051 13.7204 33.1634
v 41.7287 12.0876 32.9214
v 41.9984 12.0978 32.9901
v 41.9437 13.7283 32.9623
v 41.7287 12.0876 32.9214
v 41.9437 13.7283 32.9623
v 41.6740 13.7181 32.8936
v 41.9984 12.0978 32.9901
v 41.9296 12.1001 33.2599
v 41.8748 13.7306 33.2321
v 41.9984 12.0978 32.9901
v 41.8748 13.7306 33.2321
v 41.9437 13.7283 32.9623
v 41.9296 12.1001 33.2599
v 41.6599 12.0899 33.1913
v 41.6051 13.7204 33.1634
v 41.9296 12.1001 33.2599
v 41.6051 13.7204 33.1634
v 41.8748 13.7306 33.2321
v -29.6166 10.9153 -29.4882
v -29.7766 10.9289 -29.6037
v -29.7199 12.0852 -29.5463
v -29.6166 10.9153 -29.4882
v -29.7199 12.0852 -29.5463
v -29.5598 12.0716 -29.4309
v -29.7766 10.9289 -29.6037
v -29.6608 10.9312 -29.7641
v -29.6041 12.0875 -29.7067
v -29.7766 10.9289 -29.6037
v -29.6041 12.0875 -29.7067
v -29.7199 12.0852 -29.5463
v -29.6608 10.9312 -29.7641
v -29.5007 10.9176 -29.6486
v -29.4440 12.0739 -29.5912
v -29.6608 10.9312 -29.7641
v -29.4440 12.0739 -29.5912
v -29.6041 12.0875 -29.7067
v -29.5007 10.9176 -29.6486
v -29.6166 10.9153 -29.4882
v -29.5598 12.0716 -29.4309
v -29.5007 10.9176 -29.6486
v -29.5598 12.0716 -29.4309
v -29.4440 12.0739 -29.5912
v -44.7171 9.0795 -2.1212
v -44.9330 9.0866 -2.0104
v -44.8768 10.5075 -1.9914
v -44.7171 9.0795 -2.1212
v -44.8768 10.5075 -1.9914
v -44.6609 10.5005 -2.1022
v -44.9330 9.0866 -2.0104
v -45.0436 9.0939 -2.2264
v -44.9874 10.5148 -2.2074
v -44.9330 9.0866 -2.0104
v -44.9874 10.5148 -2.2074
v -44.8768 10.5075 -1.9914
v -45.0436 9.0939 -2.2264
v -44.8277 9.0868 -2.3372
v -44.7715 10.5078 -2.3182
v -45.0436 9.0939 -2.2264
v -44.7715 10.5078 -2.3182
v -44.9874 10.5148 -2.2074
v -44.8277 9.0868 -2.3372
v -44.7171 9.0795 -2.1212
v -44.6609 10.5005 -2.1022
v -44.8277 9.0868 -2.3372
v -44.6609 10.5005 -2.1022
v -44.7715 10.5078 -2.3182
v 23.1253 11.9446 40.6132
v 23.3716 11.9391 40.6124
v 23.4035 13.3817 40.6116
v 23.1253 11.9446 40.6132
v 23.4035 13.3817 40.6116
v 23.1572 13.3872 40.6124
v 23.3716 11.9391 40.6124
v 23.3724 11.9393 40.8587
v 23.4043 13.3819 40.8579
v 23.3716 11.9391 40.6124
v 23.4043 13.3819 40.8579
v 23.4035 13.3817 40.6116
v 23.3724 11.9393 40.8587
v 23.1261 11.9447 40.8595
v 23.1580 13.3873 40.8587
v 23.3724 11.9393 40.8587
v 23.1580 13.3873 40.8587
v 23.4043 13.3819 40.8579
v 23.1261 11.9447 40.8595
v 23.1253 11.9446 40.6132
v 23.1572 13.3872 40.6124
v 23.1261 11.9447 40.8595
v 23.1572 13.3872 40.6124
v 23.1580 13.3873 40.8587
v 28.2758 10.6546 -15.5162
v 28.0220 10.6484 -15.7760
v 27.9185 12.7732 -15.7254
v 28.2758 10.6546 -15.5162
v 27.9185 12.7732 -15.7254
v 28.1723 12.7794 -15.4656
v 28.0220 10.6484 -15.7760
v 28.2812 10.6671 -16.0297
v 28.1778 12.7919 -15.9791
v 28.0220 10.6484 -15.7760
v 28.1778 12.7919 -15.9791
v 27.9185 12.7732 -15.7254
v 28.2812 10.6671 -16.0297
v 28.5350 10.6732 -15.7699
v 28.4316 12.7981 -15.7193
v 28.2812 10.6671 -16.0297
v 28.4316 12.7981 -15.7193
v 28.1778 12.7919 -15.9791
v 28.5350 10.6732 -15.7699
v 28.2758 10.6546 -15.5162
v 28.1723 12.7794 -15.4656
v 28.5350 10.6732 -15.7699
v 28.1723 12.7794 -15.4656
v 28.4316 12.7981 -15.7193
v -34.2453 11.0378 -36.2064
v -34.2893 11.0355 -36.4362
v -34.3164 12.4057 -36.4449
v -34.2453 11.0378 -36.2064
v -34.3164 12.4057 -36.4449
v -34.2723 12.4081 -36.2152
v -34.2893 11.0355 -36.4362
v -34.0596 11.0397 -36.4802
v -34.0867 12.4100 -36.4890
v -34.2893 11.0355 -36.4362
v -34.0867 12.4100 -36.4890
v -34.3164 12.4057 -36.4449
v -34.0596 11.0397 -36.4802
v -34.0156 11.0421 -36.2505
v -34.0426 12.4123 -36.2593
v -34.0596 11.0397 -36.4802
v -34.0426 12.4123 -36.2593
v -34.0867 12.4100 -36.4890
v -34.0156 11.0421 -36.2505
v -34.2453 11.0378 -36.2064
v -34.2723 12.4081 -36.2152
v -34.0156 11.0421 -36.2505
v -34.2723 12.4081 -36.2152
v -34.0426 12.4123 -36.2593
v 19.1779 11.2214 26.5750
v 19.0918 11.2217 26.7799
v 19.1581 12.5219 26.8056
v 19.1779 11.2214 26.5750
v 19.1581 12.5219 26.8056
v 19.2441 12.5216 26.6007
v 19.0918 11.2217 26.7799
v 18.8872 11.2339 26.6940
v 18.9535 12.5340 26.7197
v 19.0918 11.2217 26.7799
v 18.9535 12.5340 26.7197
v 19.1581 12.5219 26.8056
v 18.8872 11.2339 26.6940
v 18.9733 11.2335 26.4891
v 19.0395 12.5337 26.5148
v 18.8872 11.2339 26.6940
v 19.0395 12.5337 26.5148
v 18.9535 12.5340 26.7197
v 18.9733 11.2335 26.4891
v 19.1779 11.2214 26.5750
v 19.2441 12.5216 26.6007
v 18.9733 11.2335 26.4891
v 19.2441 12.5216 26.6007
v 19.0395 12.5337 26.5148
v 32.8675 10.7137 -20.6238
v 32.7648 10.7139 -20.4585
v 32.8022 11.8529 -20.4370
v 32.8675 10.7137 -20.6238
v 32.8022 11.8529 -20.4370
v 32.9049 11.8526 -20.6022
v 32.7648 10.7139 -20.4585
v 32.5997 10.7213 -20.5611
v 32.6371 11.8602 -20.5395
v 32.7648 10.7139 -20.4585
v 32.6371 11.8602 -20.5395
v 32.8022 11.8529 -20.4370
v 32.5997 10.7213 -20.5611
v 32.7024 10.7211 -20.7264
v 32.7397 11.8600 -20.7048
v 32.5997 10.7213 -20.5611
v 32.7397 11.8600 -20.7048
v 32.6371 11.8602 -20.5395
v 32.7024 10.7211 -20.7264
v 32.8675 10.7137 -20.6238
v 32.9049 11.8526 -20.6022
v 32.7024 10.7211 -20.7264
v 32.9049 11.8526 -20.6022
v 32.7397 11.8600 -20.7048
v 25.9787 10.7152 8.2963
v 25.8992 10.7078 8.1040
v 25.8602 11.9262 8.0732
v 25.9787 10.7152 8.2963
v 25.8602 11.9262 8.0732
v 25.9396 11.9336 8.2655
v 25.8992 10.7078 8.1040
v 26.0915 10.7120 8.0244
v 26.0524 11.9304 7.9936
v 25.8992 10.7078 8.1040
v 26.0524 11.9304 7.9936
v 25.8602 11.9262 8.0732
v 26.0915 10.7120 8.0244
v 26.1709 10.7194 8.2167
v 26.1319 11.9378 8.1859
v 26.0915 10.7120 8.0244
v 26.1319 11.9378 8.1859
v 26.0524 11.9304 7.9936
v 26.1709 10.7194 8.2167
v 25.9787 10.7152 8.2963
v 25.9396 11.9336 8.2655
v 26.1709 10.7194 8.2167
v 25.9396 11.9336 8.2655
v 26.1319 11.9378 8.1859
v 45.9534 11.1139 -10.7117
v 45.7326 11.1286 -10.5135
v 45.8295 12.8663 -10.5342
v 45.9534 11.1139 -10.7117
v 45.8295 12.8663 -10.5342
v 46.0503 12.8516 -10.7324
v 45.7326 11.1286 -10.5135
v 45.5345 11.1370 -10.7347
v 45.6314 12.8747 -10.7554
v 45.7326 11.1286 -10.5135
v 45.6314 12.8747 -10.7554
v 45.8295 12.8663 -10.5342
v 45.5345 11.1370 -10.7347
v 45.7553 11.1223 -10.9330
v 45.8522 12.8601 -10.9537
v 45.5345 11.1370 -10.7347
v 45.8522 12.8601 -10.9537
v 45.6314 12.8747 -10.7554
v 45.7553 11.1223 -10.9330
v 45.9534 11.1139 -10.7117
v 46.0503 12.8516 -10.7324
v 45.7553 11.1223 -10.9330
v 46.0503 12.8516 -10.7324
v 45.8522 12.8601 -10.9537
v -22.7597 12.7066 52.4868
v -22.9708 12.6883 52.1982
v -23.0048 14.7830 52.0897
v -22.7597 12.7066 52.4868
v -23.0048 14.7830 52.0897
v -22.7937 14.8014 52.3784
v -22.9708 12.6883 52.1982
v -22.6816 12.6820 51.9871
v -22.7156 14.7768 51.8787
v -22.9708 12.6883 52.1982
v -22.7156 14.7768 51.8787
v -23.0048 14.7830 52.0897
v -22.6816 12.6820 51.9871
v -22.4705 12.7004 52.2758
v -22.5045 14.7951 52.1674
v -22.6816 12.6820 51.9871
v -22.5045 14.7951 52.1674
v -22.7156 14.7768 51.8787
v -22.4705 12.7004 52.2758
v -22.7597 12.7066 52.4868
v -22.7937 14.8014 52.3784
v -22.4705 12.7004 52.2758
v -22.7937 14.8014 52.3784
v -22.5045 14.7951 52.1674
v 14.9338 10.6633 -17.9917
v 14.8137 10.6548 -17.8269
v 14.8177 11.8484 -17.7630
v 14.9338 10.6633 -17.9917
v 14.8177 11.8484 -17.7630
v 14.9377 11.8568 -17.9277
v 14.8137 10.6548 -17.8269
v 14.6488 10.6618 -17.9468
v 14.6527 11.8554 -17.8828
v 14.8137 10.6548 -17.8269
v 14.6527 11.8554 -17.8828
v 14.8177 11.8484 -17.7630
v 14.6488 10.6618 -17.9468
v 14.7689 10.6702 -18.1115
v 14.7728 11.8638 -18.0476
v 14.6488 10.6618 -17.9468
v 14.7728 11.8638 -18.0476
v 14.6527 11.8554 -17.8828
v 14.7689 10.6702 -18.1115
v 14.9338 10.6633 -17.9917
v 14.9377 11.8568 -17.9277
v 14.7689 10.6702 -18.1115
v 14.9377 11.8568 -17.9277
v 14.7728 11.8638 -18.0476
v -8.5612 11.7709 -38.1929
v -8.5757 11.7703 -38.4379
v -8.5900 13.2076 -38.4410
v -8.5612 11.7709 -38.1929
v -8.5900 13.2076 -38.4410
v -8.5755 13.2082 -38.1961
v -8.5757 11.7703 -38.4379
v -8.3308 11.7727 -38.4523
v -8.3451 13.2100 -38.4555
v -8.5757 11.7703 -38.4379
v -8.3451 13.2100 -38.4555
v -8.5900 13.2076 -38.4410
v -8.3308 11.7727 -38.4523
v -8.3163 11.7733 -38.2074
v -8.3306 13.2106 -38.2105
v -8.3308 11.7727 -38.4523
v -8.3306 13.2106 -38.2105
v -8.3451 13.2100 -38.4555
v -8.3163 11.7733 -38.2074
v -8.5612 11.7709 -38.1929
v -8.5755 13.2082 -38.1961
v -8.3163 11.7733 -38.2074
v -8.5755 13.2082 -38.1961
v -8.3306 13.2106 -38.2105
v 43.3690 11.6702 23.7248
v 43.4702 11.6714 23.5462
v 43.4272 12.8731 23.5295
v 43.3690 11.6702 23.7248
v 43.4272 12.8731 23.5295
v 43.3260 12.8719 23.7081
v 43.4702 11.6714 23.5462
v 43.6487 11.6792 23.6474
v 43.6056 12.8809 23.6306
v 43.4702 11.6714 23.5462
v 43.6056 12.8809 23.6306
v 43.4272 12.8731 23.5295
v 43.6487 11.6792 23.6474
v 43.5475 11.6780 23.8260
v 43.5045 12.8797 23.8092
v 43.6487 11.6792 23.6474
v 43.5045 12.8797 23.8092
v 43.6056 12.8809 23.6306
v 43.5475 11.6780 23.8260
v 43.3690 11.6702 23.7248
v 43.3260 12.8719 23.7081
v 43.5475 11.6780 23.8260
v 43.3260 12.8719 23.7081
v 43.5045 12.8797 23.8092
vt 0.00000 1.00000
vt 0.00000 1.00000
vt 0.00000 1.00000
vt 0.00000 1.00000
vt 0.00000 1.00000
vt 0.00000 1.00000
vt 0.00000 1.00000
vt 0.00000 1.00000
vt 0.00000 1.00000
vt 0.00000 1.00000
vt 0.00000 1.00000
vt 0.00000 1.00000
vt 0.00000 1.00000
vt 0.00000 1.00000
vt 0.00000 1.00000
vt 0.00000 1.00000
vt 0.00000 1.00000
vt 0.00000 1.00000
vt 0.00000 1.00000
vt 0.00000 1.00000
vt 0.00000 1.00000
vt 0.00000 1.00000
vt 0.00000 1.00000
vt 0.00000 1.00000
vt 0.00000 1.00000
vt 0.00000 1.00000
vt 0.00000 1.00000
vt 0.00000 1.00000
vt 0.00000 1.00000
vt 0.00000 1.00000
vt 0.00000 1.00000
vt 0.00000 1.00000
vt 0.00000 1.00000
vt 0.00000 1.00000
vt 0.00000 1.00000
vt 0.00000 1.00000
vt 0.00000 1.00000
vt 0.00000 1.00000
vt 0.00000 1.00000
vt 0.00000 1.00000
vt 0.00000 1.00000
vt 0.00000 1.00000
vt 0.00000 1.00000
vt 0.00000 1.00000
vt 0.00000 1.00000
vt 0.00000 1.00000
vt 0.00000 1.00000
vt 0.00000 1.00000
vt 0.00000 1.00000
vt 0.00000 1.00000
vt 0.00000 1.00000
vt 0.00000 1.00000
vt 0.00000 1.00000
vt 0.00000 1.00000
vt 0.00000 1.00000
vt 0.00000 1.00000
vt 0.00000 1.00000
vt 0.00000 1.00000
vt 0.00000 1.00000
vt 0.00000 1.00000
vt 0.00000 1.00000
vt 0.00000 1.00000
vt 0.00000 1.00000
vt 0.00000 1.00000
vt 0.00000 1.00000
vt 0.00000 1.00000
vt 0.00000 1.00000
vt 0.00000 1.00000
vt 0.00000 1.00000
vt 0.00000 1.00000
vt 0.00000 1.00000
vt 0.00000 1.00000
vt 0.00000 1.00000
vt 0.00000 1.00000
vt 0.00000 1.00000
vt 0.00000 1.00000
vt 0.00000 1.00000
vt 0.00000 1.00000
vt 0.00000 1.00000
vt 0.00000 1.00000
vt 0.00000 1.00000
vt 0.00000 1.00000
vt 0.00000 1.00000
vt 0.00000 1.00000
vt 0.00000 1.00000
vt 0.00000 1.00000
vt 0.00000 1.00000
vt 0.00000 1.00000
vt 0.00000 1.00000
vt 0.00000 1.00000
vt 0.00000 1.00000
vt 0.00000 1.00000
vt 0.00000 1.00000
vt 0.00000 1.00000
vt 0.00000 1.00000
vt 0.00000 1.00000
vt 0.00000 1.00000
vt 0.00000 1.00000
vt 0.00000 1.00000
vt 0.00000 1.00000
vt 0.00000 1.00000
vt 0.00000 1.00000
vt 0.00000 1.00000
vt 0.00000 1.00000
vt 0.00000 1.00000
vt 0.00000 1.00000
vt 0.00000 1.00000
vt 0.00000 1.00000
vt 0.00000 1.00000
vt 0.00000 1.00000
vt 0.00000 1.00000
vt 0.00000 1.00000
vt 0.00000 1.00000
vt 0.00000 1.00000
vt 0.00000 1.00000
vt 0.00000 1.00000
vt 0.00000 1.00000
vt 0.00000 1.00000
vt 0.00000 1.00000
vt 0.00000 1.00000
vt 0.00000 1.00000
vt 0.00000 1.00000
vt 0.00000 1.00000
vt 0.00000 1.00000
vt 0.00000 1.00000
vt 0.00000 1.00000
vt 0.00000 1.00000
vt 0.00000 1.00000
vt 0.00000 1.00000
vt 0.00000 1.00000
vt 0.00000 1.00000
vt 0.00000 1.00000
vt 0.00000 1.00000
vt 0.00000 1.00000
vt 0.00000 1.00000
vt 0.00000 1.00000
vt 0.00000 1.00000
vt 0.00000 1.00000
vt 0.00000 1.00000
vt 0.00000 1.00000
vt 0.00000 1.00000
vt 0.00000 1.00000
vt 0.00000 1.00000
vt 0.00000 1.00000
vt 0.00000 1.00000
vt 0.00000 1.00000
vt 0.00000 1.00000
vt 0.00000 1.00000
vt 0.00000 1.00000
vt 0.00000 1.00000
vt 0.00000 1.00000
vt 0.00000 1.00000
vt 0.00000 1.00000
vt 0.00000 1.00000
vt 0.00000 1.00000
vt 0.00000 1.00000
vt 0.00000 1.00000
vt 0.00000 1.00000
vt 0.00000 1.00000
vt 0.00000 1.00000
vt 0.00000 1.00000
vt 0.00000 1.00000
vt 0.00000 1.00000
vt 0.00000 1.00000
vt 0.00000 1.00000
vt 0.00000 1.00000
vt 0.00000 1.00000
vt 0.00000 1.00000
vt 0.00000 1.00000
vt 0.00000 1.00000
vt 0.00000 1.00000
vt 0.00000 1.00000
vt 0.00000 1.00000
vt 0.00000 1.00000
vt 0.00000 1.00000
vt 0.00000 1.00000
vt 0.00000 1.00000
vt 0.00000 1.00000
vt 0.00000 1.00000
vt 0.00000 1.00000
vt 0.00000 1.00000
vt 0.00000 1.00000
vt 0.00000 1.00000
vt 0.00000 1.00000
vt 0.00000 1.00000
vt 0.00000 1.00000
vt 0.00000 1.00000
vt 0.00000 1.00000
vt 0.00000 1.00000
vt 0.00000 1.00000
vt 0.00000 1.00000
vt 0.00000 1.00000
vt 0.00000 1.00000
vt 0.00000 1.00000
vt 0.00000 1.00000
vt 0.00000 1.00000
vt 0.00000 1.00000
vt 0.00000 1.00000
vt 0.00000 1.00000
vt 0.00000 1.00000
vt 0.00000 1.00000
vt 0.00000 1.00000
vt 0.00000 1.00000
vt 0.00000 1.00000
vt 0.00000 1.00000
vt 0.00000 1.00000
vt 0.00000 1.00000
vt 0.00000 1.00000
vt 0.00000 1.00000
vt 0.00000 1.00000
vt 0.00000 1.00000
vt 0.00000 1.00000
vt 0.00000 1.00000
vt 0.00000 1.00000
vt 0.00000 1.00000
vt 0.00000 1.00000
vt 0.00000 1.00000
vt 0.00000 1.00000
vt 0.00000 1.00000
vt 0.00000 1.00000
vt 0.00000 1.00000
vt 0.00000 1.00000
vt 0.00000 1.00000
vt 0.00000 1.00000
vt 0.00000 1.00000
vt 0.00000 1.00000
vt 0.00000 1.00000
vt 0.00000 1.00000
vt 0.00000 1.00000
vt 0.00000 1.00000
vt 0.00000 1.00000
vt 0.00000 1.00000
vt 0.00000 1.00000
vt 0.00000 1.00000
vt 0.00000 1.00000
vt 0.00000 1.00000
vt 0.00000 1.00000
vt 0.00000 1.00000
vt 0.00000 1.00000
vt 0.00000 1.00000
vt 0.00000 1.00000
vt 0.00000 1.00000
vt 0.00000 1.00000
vt 0.00000 1.00000
vt 0.00000 1.00000
vt 0.00000 1.00000
vt 0.00000 1.00000
vt 0.00000 1.00000
vt 0.00000 1.00000
vt 0.00000 1.00000
vt 0.00000 1.00000
vt 0.00000 1.00000
vt 0.00000 1.00000
vt 0.00000 1.00000
vt 0.00000 1.00000
vt 0.00000 1.00000
vt 0.00000 1.00000
vt 0.00000 1.00000
vt 0.00000 1.00000
vt 0.00000 1.00000
vt 0.00000 1.00000
vt 0.00000 1.00000
vt 0.00000 1.00000
vt 0.00000 1.00000
vt 0.00000 1.00000
vt 0.00000 1.00000
vt 0.00000 1.00000
vt 0.00000 1.00000
vt 0.00000 1.00000
vt 0.00000 1.00000
vt 0.00000 1.00000
vt 0.00000 1.00000
vt 0.00000 1.00000
vt 0.00000 1.00000
vt 0.00000 1.00000
vt 0.00000 1.00000
vt 0.00000 1.00000
vt 0.00000 1.00000
vt 0.00000 1.00000
vt 0.00000 1.00000
vt 0.00000 1.00000
vt 0.00000 1.00000
vt 0.00000 1.00000
vt 0.00000 1.00000
vt 0.00000 1.00000
vt 0.00000 1.00000
vt 0.00000 1.00000
vt 0.00000 1.00000
vt 0.00000 1.00000
vt 0.00000 1.00000
vt 0.00000 1.00000
vt 0.00000 1.00000
vt 0.00000 1.00000
vt 0.00000 1.00000
vt 0.00000 1.00000
vt 0.00000 1.00000
vt 0.00000 1.00000
vt 0.00000 1.00000
vt 0.00000 1.00000
vt 0.00000 1.00000
vt 0.00000 1.00000
vt 0.00000 1.00000
vt 0.00000 1.00000
vt 0.00000 1.00000
vt 0.00000 1.00000
vt 0.00000 1.00000
vt 0.00000 1.00000
vt 0.00000 1.00000
vt 0.00000 1.00000
vt 0.00000 1.00000
vt 0.00000 1.00000
vt 0.00000 1.00000
vt 0.00000 1.00000
vt 0.00000 1.00000
vt 0.00000 1.00000
vt 0.00000 1.00000
vt 0.00000 1.00000
vt 0.00000 1.00000
vt 0.00000 1.00000
vt 0.00000 1.00000
vt 0.00000 1.00000
vt 0.00000 1.00000
vt 0.00000 1.00000
vt 0.00000 1.00000
vt 0.00000 1.00000
vt 0.00000 1.00000
vt 0.00000 1.00000
vt 0.00000 1.00000
vt 0.00000 1.00000
vt 0.00000 1.00000
vt 0.00000 1.00000
vt 0.00000 1.00000
vt 0.00000 1.00000
vt 0.00000 1.00000
vt 0.00000 1.00000
vt 0.00000 1.00000
vt 0.00000 1.00000
vt 0.00000 1.00000
vt 0.00000 1.00000
vt 0.00000 1.00000
vt 0.00000 1.00000
vt 0.00000 1.00000
vt 0.00000 1.00000
vt 0.00000 1.00000
vt 0.00000 1.00000
vt 0.00000 1.00000
vt 0.00000 1.00000
vt 0.00000 1.00000
vt 0.00000 1.00000
vt 0.00000 1.00000
vt 0.00000 1.00000
vt 0.00000 1.00000
vt 0.00000 1.00000
vt 0.00000 1.00000
vt 0.00000 1.00000
vt 0.00000 1.00000
vt 0.00000 1.00000
vt 0.00000 1.00000
vt 0.00000 1.00000
vt 0.00000 1.00000
vt 0.00000 1.00000
vt 0.00000 1.00000
vt 0.00000 1.00000
vt 0.00000 1.00000
vt 0.00000 1.00000
vt 0.00000 1.00000
vt 0.00000 1.00000
vt 0.00000 1.00000
vt 0.00000 1.00000
vt 0.00000 1.00000
vt 0.00000 1.00000
vt 0.00000 1.00000
vt 0.00000 1.00000
vt 0.00000 1.00000
vt 0.00000 1.00000
vt 0.00000 1.00000
vt 0.00000 1.00000
vt 0.00000 1.00000
vt 0.00000 1.00000
vt 0.00000 1.00000
vt 0.00000 1.00000
vt 0.00000 1.00000
vt 0.00000 1.00000
vt 0.00000 1.00000
vt 0.00000 1.00000
vt 0.00000 1.00000
vt 0.00000 1.00000
vt 0.00000 1.00000
vt 0.00000 1.00000
vt 0.00000 1.00000
vt 0.00000 1.00000
vt 0.00000 1.00000
vt 0.00000 1.00000
vt 0.00000 1.00000
vt 0.00000 1.00000
vt 0.00000 1.00000
vt 0.00000 1.00000
vt 0.00000 1.00000
vt 0.00000 1.00000
vt 0.00000 1.00000
vt 0.00000 1.00000
vt 0.00000 1.00000
vt 0.00000 1.00000
vt 0.00000 1.00000
vt 0.00000 1.00000
vt 0.00000 1.00000
vt 0.00000 1.00000
vt 0.00000 1.00000
vt 0.00000 1.00000
vt 0.00000 1.00000
vt 0.00000 1.00000
vt 0.00000 1.00000
vt 0.00000 1.00000
vt 0.00000 1.00000
vt 0.00000 1.00000
vt 0.00000 1.00000
vt 0.00000 1.00000
vt 0.00000 1.00000
vt 0.00000 1.00000
vt 0.00000 1.00000
vt 0.00000 1.00000
vt 0.00000 1.00000
vt 0.00000 1.00000
vt 0.00000 1.00000
vt 0.00000 1.00000
vt 0.00000 1.00000
vt 0.00000 1.00000
vt 0.00000 1.00000
vt 0.00000 1.00000
vt 0.00000 1.00000
vt 0.00000 1.00000
vt 0.00000 1.00000
vt 0.00000 1.00000
vt 0.00000 1.00000
vt 0.00000 1.00000
vt 0.00000 1.00000
vt 0.00000 1.00000
vt 0.00000 1.00000
vt 0.00000 1.00000
vt 0.00000 1.00000
vt 0.00000 1.00000
vt 0.00000 1.00000
vt 0.00000 1.00000
vt 0.00000 1.00000
vt 0.00000 1.00000
vt 0.00000 1.00000
vt 0.00000 1.00000
vt 0.00000 1.00000
vt 0.00000 1.00000
vt 0.00000 1.00000
vt 0.00000 1.00000
vt 0.00000 1.00000
vt 0.00000 1.00000
vt 0.00000 1.00000
vt 0.00000 1.00000
vt 0.00000 1.00000
vt 0.00000 1.00000
vt 0.00000 1.00000
vt 0.00000 1.00000
vt 0.00000 1.00000
vt 0.00000 1.00000
vt 0.00000 1.00000
vt 0.00000 1.00000
vt 0.00000 1.00000
vt 0.00000 1.00000
vt 0.00000 1.00000
vt 0.00000 1.00000
vt 0.00000 1.00000
vt 0.00000 1.00000
vt 0.00000 1.00000
vt 0.00000 1.00000
vt 0.00000 1.00000
vt 0.00000 1.00000
vt 0.00000 1.00000
vt 0.00000 1.00000
vt 0.00000 1.00000
vt 0.00000 1.00000
vt 0.00000 1.00000
vt 0.00000 1.00000
vt 0.00000 1.00000
vt 0.00000 1.00000
vt 0.00000 1.00000
vt 0.00000 1.00000
vt 0.00000 1.00000
vt 0.00000 1.00000
vt 0.00000 1.00000
vt 0.00000 1.00000
vt 0.00000 1.00000
vt 0.00000 1.00000
vt 0.00000 1.00000
vt 0.00000 1.00000
vt 0.00000 1.00000
vt 0.00000 1.00000
vt 0.00000 1.00000
vt 0.00000 1.00000
vt 0.00000 1.00000
vt 0.00000 1.00000
vt 0.00000 1.00000
vt 0.00000 1.00000
vt 0.00000 1.00000
vt 0.00000 1.00000
vt 0.00000 1.00000
vt 0.00000 1.00000
vt 0.00000 1.00000
vt 0.00000 1.00000
vt 0.00000 1.00000
vt 0.00000 1.00000
vt 0.00000 1.00000
vt 0.00000 1.00000
vt 0.00000 1.00000
vt 0.00000 1.00000
vt 0.00000 1.00000
vt 0.00000 1.00000
vt 0.00000 1.00000
vt 0.00000 1.00000
vt 0.00000 1.00000
vt 0.00000 1.00000
vt 0.00000 1.00000
vt 0.00000 1.00000
vt 0.00000 1.00000
vt 0.00000 1.00000
vt 0.00000 1.00000
vt 0.00000 1.00000
vt 0.00000 1.00000
vt 0.00000 1.00000
vt 0.00000 1.00000
vt 0.00000 1.00000
vt 0.00000 1.00000
vt 0.00000 1.00000
vt 0.00000 1.00000
vt 0.00000 1.00000
vt 0.00000 1.00000
vt 0.00000 1.00000
vt 0.00000 1.00000
vt 0.00000 1.00000
vt 0.00000 1.00000
vt 0.00000 1.00000
vt 0.00000 1.00000
vt 0.00000 1.00000
vt 0.00000 1.00000
vt 0.00000 1.00000
vt 0.00000 1.00000
vt 0.00000 1.00000
vt 0.00000 1.00000
vt 0.00000 1.00000
vt 0.00000 1.00000
vt 0.00000 1.00000
vt 0.00000 1.00000
vt 0.00000 1.00000
vt 0.00000 1.00000
vt 0.00000 1.00000
vt 0.00000 1.00000
vt 0.00000 1.00000
vt 0.00000 1.00000
vt 0.00000 1.00000
vt 0.00000 1.00000
vt 0.00000 1.00000
vt 0.00000 1.00000
vt 0.00000 1.00000
vt 0.00000 1.00000
vt 0.00000 1.00000
vt 0.00000 1.00000
vt 0.00000 1.00000
vt 0.00000 1.00000
vt 0.00000 1.00000
vt 0.00000 1.00000
vt 0.00000 1.00000
vt 0.00000 1.00000
vt 0.00000 1.00000
vt 0.00000 1.00000
vt 0.00000 1.00000
vt 0.00000 1.00000
vt 0.00000 1.00000
vt 0.00000 1.00000
vt 0.00000 1.00000
vt 0.00000 1.00000
vt 0.00000 1.00000
vt 0.00000 1.00000
vt 0.00000 1.00000
vt 0.00000 1.00000
vt 0.00000 1.00000
vt 0.00000 1.00000
vt 0.00000 1.00000
vt 0.00000 1.00000
vt 0.00000 1.00000
vt 0.00000 1.00000
vt 0.00000 1.00000
vt 0.00000 1.00000
vt 0.00000 1.00000
vt 0.00000 1.00000
vt 0.00000 1.00000
vt 0.00000 1.00000
vt 0.00000 1.00000
vt 0.00000 1.00000
vt 0.00000 1.00000
vt 0.00000 1.00000
vt 0.00000 1.00000
vt 0.00000 1.00000
vt 0.00000 1.00000
vt 0.00000 1.00000
vt 0.00000 1.00000
vt 0.00000 1.00000
vt 0.00000 1.00000
vt 0.00000 1.00000
vt 0.00000 1.00000
vt 0.00000 1.00000
vt 0.00000 1.00000
vt 0.00000 1.00000
vt 0.00000 1.00000
vt 0.00000 1.00000
vt 0.00000 1.00000
vt 0.00000 1.00000
vt 0.00000 1.00000
vt 0.00000 1.00000
vt 0.00000 1.00000
vt 0.00000 1.00000
vt 0.00000 1.00000
vt 0.00000 1.00000
vt 0.00000 1.00000
vt 0.00000 1.00000
vt 0.00000 1.00000
vt 0.00000 1.00000
vt 0.00000 1.00000
vt 0.00000 1.00000
vt 0.00000 1.00000
vt 0.00000 1.00000
vt 0.00000 1.00000
vt 0.00000 1.00000
vt 0.00000 1.00000
vt 0.00000 1.00000
vt 0.00000 1.00000
vt 0.00000 1.00000
vt 0.00000 1.00000
vt 0.00000 1.00000
vt 0.00000 1.00000
vt 0.00000 1.00000
vt 0.00000 1.00000
vt 0.00000 1.00000
vt 0.00000 1.00000
vt 0.00000 1.00000
vt 0.00000 1.00000
vt 0.00000 1.00000
vt 0.00000 1.00000
vt 0.00000 1.00000
vt 0.00000 1.00000
vt 0.00000 1.00000
vt 0.00000 1.00000
vt 0.00000 1.00000
vt 0.00000 1.00000
vt 0.00000 1.00000
vt 0.00000 1.00000
vt 0.00000 1.00000
vt 0.00000 1.00000
vt 0.00000 1.00000
vt 0.00000 1.00000
vt 0.00000 1.00000
vt 0.00000 1.00000
vt 0.00000 1.00000
vt 0.00000 1.00000
vt 0.00000 1.00000
vt 0.00000 1.00000
vt 0.00000 1.00000
vt 0.00000 1.00000
vt 0.00000 1.00000
vt 0.00000 1.00000
vt 0.00000 1.00000
vt 0.00000 1.00000
vt 0.00000 1.00000
vt 0.00000 1.00000
vt 0.00000 1.00000
vt 0.00000 1.00000
vt 0.00000 1.00000
vt 0.00000 1.00000
vt 0.00000 1.00000
vt 0.00000 1.00000
vt 0.00000 1.00000
vt 0.00000 1.00000
vt 0.00000 1.00000
vt 0.00000 1.00000
vt 0.00000 1.00000
vt 0.00000 1.00000
vt 0.00000 1.00000
vt 0.00000 1.00000
vt 0.00000 1.00000
vt 0.00000 1.00000
vt 0.00000 1.00000
vt 0.00000 1.00000
vt 0.00000 1.00000
vt 0.00000 1.00000
vt 0.00000 1.00000
vt 0.00000 1.00000
vt 0.00000 1.00000
vt 0.00000 1.00000
vt 0.00000 1.00000
vt 0.00000 1.00000
vt 0.00000 1.00000
vt 0.00000 1.00000
vt 0.00000 1.00000
vt 0.00000 1.00000
vt 0.00000 1.00000
vt 0.00000 1.00000
vt 0.00000 1.00000
vt 0.00000 1.00000
vt 0.00000 1.00000
vt 0.00000 1.00000
vt 0.00000 1.00000
vt 0.00000 1.00000
vt 0.00000 1.00000
vt 0.00000 1.00000
vt 0.00000 1.00000
vt 0.00000 1.00000
vt 0.00000 1.00000
vt 0.00000 1.00000
vt 0.00000 1.00000
vt 0.00000 1.00000
vt 0.00000 1.00000
vt 0.00000 1.00000
vt 0.00000 1.00000
vt 0.00000 1.00000
vt 0.00000 1.00000
vt 0.00000 1.00000
vt 0.00000 1.00000
vt 0.00000 1.00000
vt 0.00000 1.00000
vt 0.00000 1.00000
vt 0.00000 1.00000
vt 0.00000 1.00000
vt 0.00000 1.00000
vt 0.00000 1.00000
vt 0.00000 1.00000
vt 0.00000 1.00000
vt 0.00000 1.00000
vt 0.00000 1.00000
vt 0.00000 1.00000
vt 0.00000 1.00000
vt 0.00000 1.00000
vt 0.00000 1.00000
vt 0.00000 1.00000
vt 0.00000 1.00000
vt 0.00000 1.00000
vt 0.00000 1.00000
vt 0.00000 1.00000
vt 0.00000 1.00000
vt 0.00000 1.00000
vt 0.00000 1.00000
vt 0.00000 1.00000
vt 0.00000 1.00000
vt 0.00000 1.00000
vt 0.00000 1.00000
vt 0.00000 1.00000
vt 0.00000 1.00000
vt 0.00000 1.00000
vt 0.00000 1.00000
vt 0.00000 1.00000
vt 0.00000 1.00000
vt 0.00000 1.00000
vt 0.00000 1.00000
vt 0.00000 1.00000
vt 0.00000 1.00000
vt 0.00000 1.00000
vt 0.00000 1.00000
vt 0.00000 1.00000
vt 0.00000 1.00000
vt 0.00000 1.00000
vt 0.00000 1.00000
vt 0.00000 1.00000
vt 0.00000 1.00000
vt 0.00000 1.00000
vt 0.00000 1.00000
vt 0.00000 1.00000
vt 0.00000 1.00000
vt 0.00000 1.00000
vt 0.00000 1.00000
vt 0.00000 1.00000
vt 0.00000 1.00000
vt 0.00000 1.00000
vt 0.00000 1.00000
vt 0.00000 1.00000
vt 0.00000 1.00000
vt 0.00000 1.00000
vt 0.00000 1.00000
vt 0.00000 1.00000
vt 0.00000 1.00000
vt 0.00000 1.00000
vt 0.00000 1.00000
vt 0.00000 1.00000
vt 0.00000 1.00000
vt 0.00000 1.00000
vt 0.00000 1.00000
vt 0.00000 1.00000
vt 0.00000 1.00000
vt 0.00000 1.00000
vt 0.00000 1.00000
vt 0.00000 1.00000
vt 0.00000 1.00000
vt 0.00000 1.00000
vt 0.00000 1.00000
vt 0.00000 1.00000
vt 0.00000 1.00000
vt 0.00000 1.00000
vt 0.00000 1.00000
vt 0.00000 1.00000
vt 0.00000 1.00000
vt 0.00000 1.00000
vt 0.00000 1.00000
vt 0.00000 1.00000
vt 0.00000 1.00000
vt 0.00000 1.00000
vt 0.00000 1.00000
vt 0.00000 1.00000
vt 0.00000 1.00000
vt 0.00000 1.00000
vt 0.00000 1.00000
vt 0.00000 1.00000
vt 0.00000 1.00000
vt 0.00000 1.00000
vt 0.00000 1.00000
vt 0.00000 1.00000
vt 0.00000 1.00000
vt 0.00000 1.00000
vt 0.00000 1.00000
vt 0.00000 1.00000
vt 0.00000 1.00000
vt 0.00000 1.00000
vt 0.00000 1.00000
vt 0.00000 1.00000
vt 0.00000 1.00000
vt 0.00000 1.00000
vt 0.00000 1.00000
vt 0.00000 1.00000
vt 0.00000 1.00000
vt 0.00000 1.00000
vt 0.00000 1.00000
vt 0.00000 1.00000
vt 0.00000 1.00000
vt 0.00000 1.00000
vt 0.00000 1.00000
vt 0.00000 1.00000
vt 0.00000 1.00000
vt 0.00000 1.00000
vt 0.00000 1.00000
vt 0.00000 1.00000
vt 0.00000 1.00000
vt 0.00000 1.00000
vt 0.00000 1.00000
vt 0.00000 1.00000
vt 0.00000 1.00000
vt 0.00000 1.00000
vt 0.00000 1.00000
vt 0.00000 1.00000
vt 0.00000 1.00000
vt 0.00000 1.00000
vt 0.00000 1.00000
vt 0.00000 1.00000
vt 0.00000 1.00000
vt 0.00000 1.00000
vt 0.00000 1.00000
vt 0.00000 1.00000
vt 0.00000 1.00000
vt 0.00000 1.00000
vt 0.00000 1.00000
vt 0.00000 1.00000
vt 0.00000 1.00000
vt 0.00000 1.00000
vt 0.00000 1.00000
vt 0.00000 1.00000
vt 0.00000 1.00000
vt 0.00000 1.00000
vt 0.00000 1.00000
vt 0.00000 1.00000
vt 0.00000 1.00000
vt 0.00000 1.00000
vt 0.00000 1.00000
vt 0.00000 1.00000
vt 0.00000 1.00000
vt 0.00000 1.00000
vt 0.00000 1.00000
vt 0.00000 1.00000
vt 0.00000 1.00000
vt 0.00000 1.00000
vt 0.00000 1.00000
vt 0.00000 1.00000
vt 0.00000 1.00000
vt 0.00000 1.00000
vt 0.00000 1.00000
vt 0.00000 1.00000
vt 0.00000 1.00000
vt 0.00000 1.00000
vt 0.00000 1.00000
vt 0.00000 1.00000
vt 0.00000 1.00000
vt 0.00000 1.00000
vt 0.00000 1.00000
vt 0.00000 1.00000
vt 0.00000 1.00000
vt 0.00000 1.00000
vt 0.00000 1.00000
vt 0.00000 1.00000
vt 0.00000 1.00000
vt 0.00000 1.00000
vt 0.00000 1.00000
vt 0.00000 1.00000
vt 0.00000 1.00000
vt 0.00000 1.00000
vt 0.00000 1.00000
vt 0.00000 1.00000
vt 0.00000 1.00000
vt 0.00000 1.00000
vt 0.00000 1.00000
vt 0.00000 1.00000
vt 0.00000 1.00000
vt 0.00000 1.00000
vt 0.00000 1.00000
vt 0.00000 1.00000
vt 0.00000 1.00000
vt 0.00000 1.00000
vt 0.00000 1.00000
vt 0.00000 1.00000
vt 0.00000 1.00000
vt 0.00000 1.00000
vt 0.00000 1.00000
vt 0.00000 1.00000
vt 0.00000 1.00000
vt 0.00000 1.00000
vt 0.00000 1.00000
vt 0.00000 1.00000
vt 0.00000 1.00000
vt 0.00000 1.00000
vt 0.00000 1.00000
vt 0.00000 1.00000
vt 0.00000 1.00000
vt 0.00000 1.00000
vt 0.00000 1.00000
vt 0.00000 1.00000
vt 0.00000 1.00000
vt 0.00000 1.00000
vt 0.00000 1.00000
vt 0.00000 1.00000
vt 0.00000 1.00000
vt 0.00000 1.00000
vt 0.00000 1.00000
vt 0.00000 1.00000
vt 0.00000 1.00000
vt 0.00000 1.00000
vt 0.00000 1.00000
vt 0.00000 1.00000
vt 0.00000 1.00000
vt 0.00000 1.00000
vt 0.00000 1.00000
vt 0.00000 1.00000
vt 0.00000 1.00000
vt 0.00000 1.00000
vt 0.00000 1.00000
vt 0.00000 1.00000
vt 0.00000 1.00000
vt 0.00000 1.00000
vt 0.00000 1.00000
vt 0.00000 1.00000
vt 0.00000 1.00000
vt 0.00000 1.00000
vt 0.00000 1.00000
vt 0.00000 1.00000
vt 0.00000 1.00000
vt 0.00000 1.00000
vt 0.00000 1.00000
vt 0.00000 1.00000
vt 0.00000 1.00000
vt 0.00000 1.00000
vt 0.00000 1.00000
vt 0.00000 1.00000
vt 0.00000 1.00000
vt 0.00000 1.00000
vt 0.00000 1.00000
vt 0.00000 1.00000
vt 0.00000 1.00000
vt 0.00000 1.00000
vt 0.00000 1.00000
vt 0.00000 1.00000
vt 0.00000 1.00000
vt 0.00000 1.00000
vt 0.00000 1.00000
vt 0.00000 1.00000
vt 0.00000 1.00000
vt 0.00000 1.00000
vt 0.00000 1.00000
vt 0.00000 1.00000
vt 0.00000 1.00000
vt 0.00000 1.00000
vt 0.00000 1.00000
vt 0.00000 1.00000
vt 0.00000 1.00000
vt 0.00000 1.00000
vt 0.00000 1.00000
vt 0.00000 1.00000
vt 0.00000 1.00000
vt 0.00000 1.00000
vt 0.00000 1.00000
vt 0.00000 1.00000
vt 0.00000 1.00000
vt 0.00000 1.00000
vt 0.00000 1.00000
vt 0.00000 1.00000
vt 0.00000 1.00000
vt 0.00000 1.00000
vt 0.00000 1.00000
vt 0.00000 1.00000
vt 0.00000 1.00000
vt 0.00000 1.00000
vt 0.00000 1.00000
vt 0.00000 1.00000
vt 0.00000 1.00000
vt 0.00000 1.00000
vt 0.00000 1.00000
vt 0.00000 1.00000
vt 0.00000 1.00000
vt 0.00000 1.00000
vt 0.00000 1.00000
vt 0.00000 1.00000
vt 0.00000 1.00000
vt 0.00000 1.00000
vt 0.00000 1.00000
vt 0.00000 1.00000
vt 0.00000 1.00000
vt 0.00000 1.00000
vt 0.00000 1.00000
vt 0.00000 1.00000
vt 0.00000 1.00000
vt 0.00000 1.00000
vt 0.00000 1.00000
vt 0.00000 1.00000
vt 0.00000 1.00000
vt 0.00000 1.00000
vt 0.00000 1.00000
vt 0.00000 1.00000
vt 0.00000 1.00000
vt 0.00000 1.00000
vt 0.00000 1.00000
vt 0.00000 1.00000
vt 0.00000 1.00000
vt 0.00000 1.00000
vt 0.00000 1.00000
vt 0.00000 1.00000
vt 0.00000 1.00000
vt 0.00000 1.00000
vt 0.00000 1.00000
vt 0.00000 1.00000
vt 0.00000 1.00000
vt 0.00000 1.00000
vt 0.00000 1.00000
vt 0.00000 1.00000
vt 0.00000 1.00000
vt 0.00000 1.00000
vt 0.00000 1.00000
vt 0.00000 1.00000
vt 0.00000 1.00000
vt 0.00000 1.00000
vt 0.00000 1.00000
vt 0.00000 1.00000
vt 0.00000 1.00000
vt 0.00000 1.00000
vt 0.00000 1.00000
vt 0.00000 1.00000
vt 0.00000 1.00000
vt 0.00000 1.00000
vt 0.00000 1.00000
vt 0.00000 1.00000
vt 0.00000 1.00000
vt 0.00000 1.00000
vt 0.00000 1.00000
vt 0.00000 1.00000
vt 0.00000 1.00000
vt 0.00000 1.00000
vt 0.00000 1.00000
vt 0.00000 1.00000
vt 0.00000 1.00000
vt 0.00000 1.00000
vt 0.00000 1.00000
vt 0.00000 1.00000
vt 0.00000 1.00000
vt 0.00000 1.00000
vt 0.00000 1.00000
vt 0.00000 1.00000
vt 0.00000 1.00000
vt 0.00000 1.00000
vt 0.00000 1.00000
vt 0.00000 1.00000
vt 0.00000 1.00000
vt 0.00000 1.00000
vt 0.00000 1.00000
vt 0.00000 1.00000
vt 0.00000 1.00000
vt 0.00000 1.00000
vt 0.00000 1.00000
vt 0.00000 1.00000
vt 0.00000 1.00000
vt 0.00000 1.00000
vt 0.00000 1.00000
vt 0.00000 1.00000
vt 0.00000 1.00000
vt 0.00000 1.00000
vt 0.00000 1.00000
vt 0.00000 1.00000
vt 0.00000 1.00000
vt 0.00000 1.00000
vt 0.00000 1.00000
vt 0.00000 1.00000
vt 0.00000 1.00000
vt 0.00000 1.00000
vt 0.00000 1.00000
vt 0.00000 1.00000
vt 0.00000 1.00000
vt 0.00000 1.00000
vt 0.00000 1.00000
vt 0.00000 1.00000
vt 0.00000 1.00000
vt 0.00000 1.00000
vt 0.00000 1.00000
vt 0.00000 1.00000
vt 0.00000 1.00000
vt 0.00000 1.00000
vt 0.00000 1.00000
vt 0.00000 1.00000
vt 0.00000 1.00000
vt 0.00000 1.00000
vt 0.00000 1.00000
vt 0.00000 1.00000
vt 0.00000 1.00000
vt 0.00000 1.00000
vt 0.00000 1.00000
vt 0.00000 1.00000
vt 0.00000 1.00000
vt 0.00000 1.00000
vt 0.00000 1.00000
vt 0.00000 1.00000
vt 0.00000 1.00000
vt 0.00000 1.00000
vt 0.00000 1.00000
vt 0.00000 1.00000
vt 0.00000 1.00000
vt 0.00000 1.00000
vt 0.00000 1.00000
vt 0.00000 1.00000
vt 0.00000 1.00000
vt 0.00000 1.00000
vt 0.00000 1.00000
vt 0.00000 1.00000
vt 0.00000 1.00000
vt 0.00000 1.00000
vt 0.00000 1.00000
vt 0.00000 1.00000
vt 0.00000 1.00000
vt 0.00000 1.00000
vt 0.00000 1.00000
vt 0.00000 1.00000
vt 0.00000 1.00000
vt 0.00000 1.00000
vt 0.00000 1.00000
vt 0.00000 1.00000
vt 0.00000 1.00000
vt 0.00000 1.00000
vt 0.00000 1.00000
vt 0.00000 1.00000
vt 0.00000 1.00000
vt 0.00000 1.00000
vt 0.00000 1.00000
vt 0.00000 1.00000
vt 0.00000 1.00000
vt 0.00000 1.00000
vt 0.00000 1.00000
vt 0.00000 1.00000
vt 0.00000 1.00000
vt 0.00000 1.00000
vt 0.00000 1.00000
vt 0.00000 1.00000
vt 0.00000 1.00000
vt 0.00000 1.00000
vt 0.00000 1.00000
vt 0.00000 1.00000
vt 0.00000 1.00000
vt 0.00000 1.00000
vt 0.00000 1.00000
vt 0.00000 1.00000
vt 0.00000 1.00000
vt 0.00000 1.00000
vt 0.00000 1.00000
vt 0.00000 1.00000
vt 0.00000 1.00000
vt 0.00000 1.00000
vt 0.00000 1.00000
vt 0.00000 1.00000
vt 0.00000 1.00000
vt 0.00000 1.00000
vt 0.00000 1.00000
vt 0.00000 1.00000
vt 0.00000 1.00000
vt 0.00000 1.00000
vt 0.00000 1.00000
vt 0.00000 1.00000
vt 0.00000 1.00000
vt 0.00000 1.00000
vt 0.00000 1.00000
vt 0.00000 1.00000
vt 0.00000 1.00000
vt 0.00000 1.00000
vt 0.00000 1.00000
vt 0.00000 1.00000
vt 0.00000 1.00000
vt 0.00000 1.00000
vt 0.00000 1.00000
vt 0.00000 1.00000
vt 0.00000 1.00000
vt 0.00000 1.00000
vt 0.00000 1.00000
vt 0.00000 1.00000
vt 0.00000 1.00000
vt 0.00000 1.00000
vt 0.00000 1.00000
vt 0.00000 1.00000
vt 0.00000 1.00000
vt 0.00000 1.00000
vt 0.00000 1.00000
vt 0.00000 1.00000
vt 0.00000 1.00000
vt 0.00000 1.00000
vt 0.00000 1.00000
vt 0.00000 1.00000
vt 0.00000 1.00000
vt 0.00000 1.00000
vt 0.00000 1.00000
vt 0.00000 1.00000
vt 0.00000 1.00000
vt 0.00000 1.00000
vt 0.00000 1.00000
vt 0.00000 1.00000
vt 0.00000 1.00000
vt 0.00000 1.00000
vt 0.00000 1.00000
vt 0.00000 1.00000
vt 0.00000 1.00000
vt 0.00000 1.00000
vt 0.00000 1.00000
vt 0.00000 1.00000
vt 0.00000 1.00000
vt 0.00000 1.00000
vt 0.00000 1.00000
vt 0.00000 1.00000
vt 0.00000 1.00000
vt 0.00000 1.00000
usemtl bark
f 1/1 2/2 3/3
f 4/4 5/5 6/6
f 7/7 8/8 9/9
f 10/10 11/11 12/12
f 13/13 14/14 15/15
f 16/16 17/17 18/18
f 19/19 20/20 21/21
f 22/22 23/23 24/24
f 25/25 26/26 27/27
f 28/28 29/29 30/30
f 31/31 32/32 33/33
f 34/34 35/35 36/36
f 37/37 38/38 39/39
f 40/40 41/41 42/42
f 43/43 44/44 45/45
f 46/46 47/47 48/48
f 49/49 50/50 51/51
f 52/52 53/53 54/54
f 55/55 56/56 57/57
f 58/58 59/59 60/60
f 61/61 62/62 63/63
f 64/64 65/65 66/66
f 67/67 68/68 69/69
f 70/70 71/71 72/72
f 73/73 74/74 75/75
f 76/76 77/77 78/78
f 79/79 80/80 81/81
f 82/82 83/83 84/84
f 85/85 86/86 87/87
f 88/88 89/89 90/90
f 91/91 92/92 93/93
f 94/94 95/95 96/96
f 97/97 98/98 99/99
f 100/100 101/101 102/102
f 103/103 104/104 105/105
f 106/106 107/107 108/108
f 109/109 110/110 111/111
f 112/112 113/113 114/114
f 115/115 116/116 117/117
f 118/118 119/119 120/120
f 121/121 122/122 123/123
f 124/124 125/125 126/126
f 127/127 128/128 129/129
f 130/130 131/131 132/132
f 133/133 134/134 135/135
f 136/136 137/137 138/138
f 139/139 140/140 141/141
f 142/142 143/143 144/144
f 145/145 146/146 147/147
f 148/148 149/149 150/150
f 151/151 152/152 153/153
f 154/154 155/155 156/156
f 157/157 158/158 159/159
f 160/160 161/161 162/162
f 163/163 164/164 165/165
f 166/166 167/167 168/168
f 169/169 170/170 171/171
f 172/172 173/173 174/174
f 175/175 176/176 177/177
f 178/178 179/179 180/180
f 181/181 182/182 183/183
f 184/184 185/185 186/186
f 187/187 188/188 189/189
f 190/190 191/191 192/192
f 193/193 194/194 195/195
f 196/196 197/197 198/198
f 199/199 200/200 201/201
f 202/202 203/203 204/204
f 205/205 206/206 207/207
f 208/208 209/209 210/210
f 211/211 212/212 213/213
f 214/214 215/215 216/216
f 217/217 218/218 219/219
f 220/220 221/221 222/222
f 223/223 224/224 225/225
f 226/226 227/227 228/228
f 229/229 230/230 231/231
f 232/232 233/233 234/234
f 235/235 236/236 237/237
f 238/238 239/239 240/240
f 241/241 242/242 243/243
f 244/244 245/245 246/246
f 247/247 248/248 249/249
f 250/250 251/251 252/252
f 253/253 254/254 255/255
f 256/256 257/257 258/258
f 259/259 260/260 261/261
f 262/262 263/263 264/264
f 265/265 266/266 267/267
f 268/268 269/269 270/270
f 271/271 272/272 273/273
f 274/274 275/275 276/276
f 277/277 278/278 279/279
f 280/280 281/281 282/282
f 283/283 284/284 285/285
f 286/286 287/287 288/288
f 289/289 290/290 291/291
f 292/292 293/293 294/294
f 295/295 296/296 297/297
f 298/298 299/299 300/300
f 301/301 302/302 303/303
f 304/304 305/305 306/306
f 307/307 308/308 309/309
f 310/310 311/311 312/312
f 313/313 314/314 315/315
f 316/316 317/317 318/318
f 319/319 320/320 321/321
f 322/322 323/323 324/324
f 325/325 326/326 327/327
f 328/328 329/329 330/330
f 331/331 332/332 333/333
f 334/334 335/335 336/336
f 337/337 338/338 339/339
f 340/340 341/341 342/342
f 343/343 344/344 345/345
f 346/346 347/347 348/348
f 349/349 350/350 351/351
f 352/352 353/353 354/354
f 355/355 356/356 357/357
f 358/358 359/359 360/360
f 361/361 362/362 363/363
f 364/364 365/365 366/366
f 367/367 368/368 369/369
f 370/370 371/371 372/372
f 373/373 374/374 375/375
f 376/376 377/377 378/378
f 379/379 380/380 381/381
f 382/382 383/383 384/384
f 385/385 386/386 387/387
f 388/388 389/389 390/390
f 391/391 392/392 393/393
f 394/394 395/395 396/396
f 397/397 398/398 399/399
f 400/400 401/401 402/402
f 403/403 404/404 405/405
f 406/406 407/407 408/408
f 409/409 410/410 411/411
f 412/412 413/413 414/414
f 415/415 416/416 417/417
f 418/418 419/419 420/420
f 421/421 422/422 423/423
f 424/424 425/425 426/426
f 427/427 428/428 429/429
f 430/430 431/431 432/432
f 433/433 434/434 435/435
f 436/436 437/437 438/438
f 439/439 440/440 441/441
f 442/442 443/443 444/444
f 445/445 446/446 447/447
f 448/448 449/449 450/450
f 451/451 452/452 453/453
f 454/454 455/455 456/456
f 457/457 458/458 459/459
f 460/460 461/461 462/462
f 463/463 464/464 465/465
f 466/466 467/467 468/468
f 469/469 470/470 471/471
f 472/472 473/473 474/474
f 475/475 476/476 477/477
f 478/478 479/479 480/480
f 481/481 482/482 483/483
f 484/484 485/485 486/486
f 487/487 488/488 489/489
f 490/490 491/491 492/492
f 493/493 494/494 495/495
f 496/496 497/497 498/498
f 499/499 500/500 501/501
f 502/502 503/503 504/504
f 505/505 506/506 507/507
f 508/508 509/509 510/510
f 511/511 512/512 513/513
f 514/514 515/515 516/516
f 517/517 518/518 519/519
f 520/520 521/521 522/522
f 523/523 524/524 525/525
f 526/526 527/527 528/528
f 529/529 530/530 531/531
f 532/532 533/533 534/534
f 535/535 536/536 537/537
f 538/538 539/539 540/540
f 541/541 542/542 543/543
f 544/544 545/545 546/546
f 547/547 548/548 549/549
f 550/550 551/551 552/552
f 553/553 554/554 555/555
f 556/556 557/557 558/558
f 559/559 560/560 561/561
f 562/562 563/563 564/564
f 565/565 566/566 567/567
f 568/568 569/569 570/570
f 571/571 572/572 573/573
f 574/574 575/575 576/576
f 577/577 578/578 579/579
f 580/580 581/581 582/582
f 583/583 584/584 585/585
f 586/586 587/587 588/588
f 589/589 590/590 591/591
f 592/592 593/593 594/594
f 595/595 596/596 597/597
f 598/598 599/599 600/600
f 601/601 602/602 603/603
f 604/604 605/605 606/606
f 607/607 608/608 609/609
f 610/610 611/611 612/612
f 613/613 614/614 615/615
f 616/616 617/617 618/618
f 619/619 620/620 621/621
f 622/622 623/623 624/624
f 625/625 626/626 627/627
f 628/628 629/629 630/630
f 631/631 632/632 633/633
f 634/634 635/635 636/636
f 637/637 638/638 639/639
f 640/640 641/641 642/642
f 643/643 644/644 645/645
f 646/646 647/647 648/648
f 649/649 650/650 651/651
f 652/652 653/653 654/654
f 655/655 656/656 657/657
f 658/658 659/659 660/660
f 661/661 662/662 663/663
f 664/664 665/665 666/666
f 667/667 668/668 669/669
f 670/670 671/671 672/672
f 673/673 674/674 675/675
f 676/676 677/677 678/678
f 679/679 680/680 681/681
f 682/682 683/683 684/684
f 685/685 686/686 687/687
f 688/688 689/689 690/690
f 691/691 692/692 693/693
f 694/694 695/695 696/696
f 697/697 698/698 699/699
f 700/700 701/701 702/702
f 703/703 704/704 705/705
f 706/706 707/707 708/708
f 709/709 710/710 711/711
f 712/712 713/713 714/714
f 715/715 716/716 717/717
f 718/718 719/719 720/720
f 721/721 722/722 723/723
f 724/724 725/725 726/726
f 727/727 728/728 729/729
f 730/730 731/731 732/732
f 733/733 734/734 735/735
f 736/736 737/737 738/738
f 739/739 740/740 741/741
f 742/742 743/743 744/744
f 745/745 746/746 747/747
f 748/748 749/749 750/750
f 751/751 752/752 753/753
f 754/754 755/755 756/756
f 757/757 758/758 759/759
f 760/760 761/761 762/762
f 763/763 764/764 765/765
f 766/766 767/767 768/768
f 769/769 770/770 771/771
f 772/772 773/773 774/774
f 775/775 776/776 777/777
f 778/778 779/779 780/780
f 781/781 782/782 783/783
f 784/784 785/785 786/786
f 787/787 788/788 789/789
f 790/790 791/791 792/792
f 793/793 794/794 795/795
f 796/796 797/797 798/798
f 799/799 800/800 801/801
f 802/802 803/803 804/804
f 805/805 806/806 807/807
f 808/808 809/809 810/810
f 811/811 812/812 813/813
f 814/814 815/815 816/816
f 817/817 818/818 819/819
f 820/820 821/821 822/822
f 823/823 824/824 825/825
f 826/826 827/827 828/828
f 829/829 830/830 831/831
f 832/832 833/833 834/834
f 835/835 836/836 837/837
f 838/838 839/839 840/840
f 841/841 842/842 843/843
f 844/844 845/845 846/846
f 847/847 848/848 849/849
f 850/850 851/851 852/852
f 853/853 854/854 855/855
f 856/856 857/857 858/858
f 859/859 860/860 861/861
f 862/862 863/863 864/864
f 865/865 866/866 867/867
f 868/868 869/869 870/870
f 871/871 872/872 873/873
f 874/874 875/875 876/876
f 877/877 878/878 879/879
f 880/880 881/881 882/882
f 883/883 884/884 885/885
f 886/886 887/887 888/888
f 889/889 890/890 891/891
f 892/892 893/893 894/894
f 895/895 896/896 897/897
f 898/898 899/899 900/900
f 901/901 902/902 903/903
f 904/904 905/905 906/906
f 907/907 908/908 909/909
f 910/910 911/911 912/912
f 913/913 914/914 915/915
f 916/916 917/917 918/918
f 919/919 920/920 921/921
f 922/922 923/923 924/924
f 925/925 926/926 927/927
f 928/928 929/929 930/930
f 931/931 932/932 933/933
f 934/934 935/935 936/936
f 937/937 938/938 939/939
f 940/940 941/941 942/942
f 943/943 944/944 945/945
f 946/946 947/947 948/948
f 949/949 950/950 951/951
f 952/952 953/953 954/954
f 955/955 956/956 957/957
f 958/958 959/959 960/960
f 961/961 962/962 963/963
f 964/964 965/965 966/966
f 967/967 968/968 969/969
f 970/970 971/971 972/972
f 973/973 974/974 975/975
f 976/976 977/977 978/978
f 979/979 980/980 981/981
f 982/982 983/983 984/984
f 985/985 986/986 987/987
f 988/988 989/989 990/990
f 991/991 992/992 993/993
f 994/994 995/995 996/996
f 997/997 998/998 999/999
f 1000/1000 1001/1001 1002/1002
f 1003/1003 1004/1004 1005/1005
f 1006/1006 1007/1007 1008/1008
f 1009/1009 1010/1010 1011/1011
f 1012/1012 1013/1013 1014/1014
f 1015/1015 1016/1016 1017/1017
f 1018/1018 1019/1019 1020/1020
f 1021/1021 1022/1022 1023/1023
f 1024/1024 1025/1025 1026/1026
f 1027/1027 1028/1028 1029/1029
f 1030/1030 1031/1031 1032/1032
f 1033/1033 1034/1034 1035/1035
f 1036/1036 1037/1037 1038/1038
f 1039/1039 1040/1040 1041/1041
f 1042/1042 1043/1043 1044/1044
f 1045/1045 1046/1046 1047/1047
f 1048/1048 1049/1049 1050/1050
f 1051/1051 1052/1052 1053/1053
f 1054/1054 1055/1055 1056/1056
f 1057/1057 1058/1058 1059/1059
f 1060/1060 1061/1061 1062/1062
f 1063/1063 1064/1064 1065/1065
f 1066/1066 1067/1067 1068/1068
f 1069/1069 1070/1070 1071/1071
f 1072/1072 1073/1073 1074/1074
f 1075/1075 1076/1076 1077/1077
f 1078/1078 1079/1079 1080/1080
f 1081/1081 1082/1082 1083/1083
f 1084/1084 1085/1085 1086/1086
f 1087/1087 1088/1088 1089/1089
f 1090/1090 1091/1091 1092/1092
f 1093/1093 1094/1094 1095/1095
f 1096/1096 1097/1097 1098/1098
f 1099/1099 1100/1100 1101/1101
f 1102/1102 1103/1103 1104/1104
f 1105/1105 1106/1106 1107/1107
f 1108/1108 1109/1109 1110/1110
f 1111/1111 1112/1112 1113/1113
f 1114/1114 1115/1115 1116/1116
f 1117/1117 1118/1118 1119/1119
f 1120/1120 1121/1121 1122/1122
f 1123/1123 1124/1124 1125/1125
f 1126/1126 1127/1127 1128/1128
f 1129/1129 1130/1130 1131/1131
f 1132/1132 1133/1133 1134/1134
f 1135/1135 1136/1136 1137/1137
f 1138/1138 1139/1139 1140/1140
f 1141/1141 1142/1142 1143/1143
f 1144/1144 1145/1145 1146/1146
f 1147/1147 1148/1148 1149/1149
f 1150/1150 1151/1151 1152/1152
f 1153/1153 1154/1154 1155/1155
f 1156/1156 1157/1157 1158/1158
f 1159/1159 1160/1160 1161/1161
f 1162/1162 1163/1163 1164/1164
f 1165/1165 1166/1166 1167/1167
f 1168/1168 1169/1169 1170/1170
f 1171/1171 1172/1172 1173/1173
f 1174/1174 1175/1175 1176/1176
f 1177/1177 1178/1178 1179/1179
f 1180/1180 1181/1181 1182/1182
f 1183/1183 1184/1184 1185/1185
f 1186/1186 1187/1187 1188/1188
f 1189/1189 1190/1190 1191/1191
f 1192/1192 1193/1193 1194/1194
f 1195/1195 1196/1196 1197/1197
f 1198/1198 1199/1199 1200/1200
f 1201/1201 1202/1202 1203/1203
f 1204/1204 1205/1205 1206/1206
f 1207/1207 1208/1208 1209/1209
f 1210/1210 1211/1211 1212/1212
f 1213/1213 1214/1214 1215/1215
f 1216/1216 1217/1217 1218/1218
f 1219/1219 1220/1220 1221/1221
f 1222/1222 1223/1223 1224/1224
f 1225/1225 1226/1226 1227/1227
f 1228/1228 1229/1229 1230/1230
f 1231/1231 1232/1232 1233/1233
f 1234/1234 1235/1235 1236/1236
f 1237/1237 1238/1238 1239/1239
f 1240/1240 1241/1241 1242/1242
f 1243/1243 1244/1244 1245/1245
f 1246/1246 1247/1247 1248/1248
v -39.0976 10.7472 13.0725
v -38.4323 10.7140 13.9016
v -40.1546 10.7655 12.9569
v -38.4323 10.7140 13.9016
v -38.5485 10.6853 14.9584
v -40.1546 10.7655 12.9569
v -38.5485 10.6853 14.9584
v -39.3781 10.6780 15.6238
v -40.1546 10.7655 12.9569
v -39.3781 10.6780 15.6238
v -40.4351 10.6963 15.5081
v -40.1546 10.7655 12.9569
v -40.4351 10.6963 15.5081
v -41.1004 10.7295 14.6790
v -40.1546 10.7655 12.9569
v -41.1004 10.7295 14.6790
v -40.9843 10.7582 13.6222
v -40.1546 10.7655 12.9569
v -39.1787 11.9008 13.2833
v -38.6105 11.8725 13.9915
v -40.8894 11.8858 14.6555
v -38.6105 11.8725 13.9915
v -38.7096 11.8480 14.8941
v -40.8894 11.8858 14.6555
v -38.7096 11.8480 14.8941
v -39.4183 11.8418 15.4624
v -40.8894 11.8858 14.6555
v -39.4183 11.8418 15.4624
v -40.3212 11.8574 15.3637
v -40.8894 11.8858 14.6555
v -40.7902 11.9102 13.7528
v -40.0816 11.9165 13.1845
v -40.8894 11.8858 14.6555
v -40.0816 11.9165 13.1845
v -39.1787 11.9008 13.2833
v -40.8894 11.8858 14.6555
v -39.2737 13.0540 13.5194
v -38.8165 13.0312 14.0894
v -40.6505 13.0419 14.6238
v -38.8165 13.0312 14.0894
v -38.8962 13.0115 14.8159
v -40.6505 13.0419 14.6238
v -38.8962 13.0115 14.8159
v -39.4666 13.0065 15.2732
v -40.6505 13.0419 14.6238
v -39.4666 13.0065 15.2732
v -40.1933 13.0190 15.1939
v -40.6505 13.0419 14.6238
v -40.5708 13.0616 13.8973
v -40.0004 13.0666 13.4400
v -40.6505 13.0419 14.6238
v -40.0004 13.0666 13.4400
v -39.2737 13.0540 13.5194
v -40.6505 13.0419 14.6238
v -39.0230 14.1320 14.1856
v -39.0836 14.1171 14.7361
v -39.3696 14.1493 13.7539
v -39.0836 14.1171 14.7361
v -39.5157 14.1133 15.0828
v -39.3696 14.1493 13.7539
v -39.5157 14.1133 15.0828
v -40.0662 14.1228 15.0224
v -39.3696 14.1493 13.7539
v -40.0662 14.1228 15.0224
v -40.4128 14.1401 14.5906
v -39.3696 14.1493 13.7539
v -40.4128 14.1401 14.5906
v -40.3522 14.1550 14.0402
v -39.3696 14.1493 13.7539
v -40.3522 14.1550 14.0402
v -39.9202 14.1588 13.6935
v -39.3696 14.1493 13.7539
v -39.4663 15.1867 13.9867
v -39.2307 15.1749 14.2803
v -39.8407 15.1932 13.9457
v -39.2307 15.1749 14.2803
v -39.2718 15.1648 14.6546
v -39.8407 15.1932 13.9457
v -39.2718 15.1648 14.6546
v -39.5656 15.1622 14.8902
v -39.8407 15.1932 13.9457
v -39.5656 15.1622 14.8902
v -39.9400 15.1687 14.8493
v -39.8407 15.1932 13.9457
v -39.9400 15.1687 14.8493
v -40.1756 15.1804 14.5556
v -39.8407 15.1932 13.9457
v -40.1756 15.1804 14.5556
v -40.1345 15.1906 14.1814
v -39.8407 15.1932 13.9457
v -39.5499 16.1667 14.1925
v -39.4113 16.1598 14.3652
v -39.7701 16.1706 14.1684
v -39.4113 16.1598 14.3652
v -39.4355 16.1539 14.5853
v -39.7701 16.1706 14.1684
v -39.4355 16.1539 14.5853
v -39.6083 16.1523 14.7239
v -39.7701 16.1706 14.1684
v -39.6083 16.1523 14.7239
v -39.8285 16.1562 14.6999
v -39.7701 16.1706 14.1684
v -39.8285 16.1562 14.6999
v -39.9671 16.1631 14.5271
v -39.7701 16.1706 14.1684
v -39.9671 16.1631 14.5271
v -39.9429 16.1690 14.3070
v -39.7701 16.1706 14.1684
v 40.8797 13.2349 35.1786
v 39.9808 13.2149 35.5208
v 41.2736 13.2322 34.3008
v 39.9808 13.2149 35.5208
v 39.1034 13.1840 35.1272
v 41.2736 13.2322 34.3008
v 39.1034 13.1840 35.1272
v 38.7617 13.1602 34.2281
v 41.2736 13.2322 34.3008
v 38.7617 13.1602 34.2281
v 39.1556 13.1575 33.3504
v 41.2736 13.2322 34.3008
v 39.1556 13.1575 33.3504
v 40.0545 13.1775 33.0081
v 41.2736 13.2322 34.3008
v 40.0545 13.1775 33.0081
v 40.9319 13.2084 33.4018
v 41.2736 13.2322 34.3008
v 40.7244 14.2763 35.0288
v 39.9566 14.2592 35.3211
v 40.0196 14.2272 33.1749
v 39.9566 14.2592 35.3211
v 39.2072 14.2328 34.9849
v 40.0196 14.2272 33.1749
v 39.2072 14.2328 34.9849
v 38.9153 14.2124 34.2169
v 40.0196 14.2272 33.1749
v 38.9153 14.2124 34.2169
v 39.2517 14.2101 33.4672
v 40.0196 14.2272 33.1749
v 40.7690 14.2536 33.5111
v 41.0609 14.2740 34.2790
v 40.0196 14.2272 33.1749
v 41.0609 14.2740 34.2790
v 40.7244 14.2763 35.0288
v 40.0196 14.2272 33.1749
v 40.5512 15.3168 34.8599
v 39.9332 15.3031 35.0951
v 39.9839 15.2773 33.3679
v 39.9332 15.3031 35.0951
v 39.3300 15.2818 34.8246
v 39.9839 15.2773 33.3679
v 39.3300 15.2818 34.8246
v 39.0952 15.2654 34.2065
v 39.9839 15.2773 33.3679
v 39.0952 15.2654 34.2065
v 39.3659 15.2636 33.6031
v 39.9839 15.2773 33.3679
v 40.5870 15.2986 33.6384
v 40.8219 15.3150 34.2565
v 39.9839 15.2773 33.3679
v 40.8219 15.3150 34.2565
v 40.5512 15.3168 34.8599
v 39.9839 15.2773 33.3679
v 39.9112 16.2946 34.8703
v 39.4543 16.2785 34.6651
v 40.3794 16.3050 34.6919
v 39.4543 16.2785 34.6651
v 39.2762 16.2661 34.1969
v 40.3794 16.3050 34.6919
v 39.2762 16.2661 34.1969
v 39.4814 16.2647 33.7397
v 40.3794 16.3050 34.6919
v 39.4814 16.2647 33.7397
v 39.9496 16.2751 33.5614
v 40.3794 16.3050 34.6919
v 39.9496 16.2751 33.5614
v 40.4066 16.2912 33.7665
v 40.3794 16.3050 34.6919
v 40.4066 16.2912 33.7665
v 40.5847 16.3036 34.2347
v 40.3794 16.3050 34.6919
v 40.2091 17.2409 34.5247
v 39.8908 17.2338 34.6459
v 40.3486 17.2399 34.2138
v 39.8908 17.2338 34.6459
v 39.5800 17.2228 34.5065
v 40.3486 17.2399 34.2138
v 39.5800 17.2228 34.5065
v 39.4590 17.2144 34.1881
v 40.3486 17.2399 34.2138
v 39.4590 17.2144 34.1881
v 39.5985 17.2134 33.8772
v 40.3486 17.2399 34.2138
v 39.5985 17.2134 33.8772
v 39.9169 17.2205 33.7560
v 40.3486 17.2399 34.2138
v 39.9169 17.2205 33.7560
v 40.2276 17.2315 33.8954
v 40.3486 17.2399 34.2138
v 40.0583 18.1252 34.3774
v 39.8710 18.1210 34.4487
v 40.1403 18.1246 34.1945
v 39.8710 18.1210 34.4487
v 39.6882 18.1145 34.3667
v 40.1403 18.1246 34.1945
v 39.6882 18.1145 34.3667
v 39.6171 18.1096 34.1794
v 40.1403 18.1246 34.1945
v 39.6171 18.1096 34.1794
v 39.6991 18.1090 33.9965
v 40.1403 18.1246 34.1945
v 39.6991 18.1090 33.9965
v 39.8864 18.1132 33.9253
v 40.1403 18.1246 34.1945
v 39.8864 18.1132 33.9253
v 40.0692 18.1196 34.0072
v 40.1403 18.1246 34.1945
v -31.5105 11.7089 -27.4056
v -32.3572 11.6975 -27.2273
v -31.0380 11.7268 -28.1304
v -32.3572 11.6975 -27.2273
v -33.0822 11.6993 -27.6998
v -31.0380 11.7268 -28.1304
v -33.0822 11.6993 -27.6998
v -33.2607 11.7132 -28.5465
v -31.0380 11.7268 -28.1304
v -33.2607 11.7132 -28.5465
v -32.7883 11.7311 -29.2713
v -31.0380 11.7268 -28.1304
v -32.7883 11.7311 -29.2713
v -31.9415 11.7426 -29.4496
v -31.0380 11.7268 -28.1304
v -31.9415 11.7426 -29.4496
v -31.2165 11.7408 -28.9771
v -31.0380 11.7268 -28.1304
v -31.6127 12.6526 -27.5242
v -32.3360 12.6428 -27.3719
v -31.9809 12.6813 -29.2702
v -32.3360 12.6428 -27.3719
v -32.9552 12.6443 -27.7755
v -31.9809 12.6813 -29.2702
v -32.9552 12.6443 -27.7755
v -33.1077 12.6562 -28.4987
v -31.9809 12.6813 -29.2702
v -33.1077 12.6562 -28.4987
v -32.7041 12.6716 -29.1179
v -31.9809 12.6813 -29.2702
v -31.3616 12.6798 -28.8665
v -31.2092 12.6679 -28.1434
v -31.9809 12.6813 -29.2702
v -31.2092 12.6679 -28.1434
v -31.6127 12.6526 -27.5242
v -31.9809 12.6813 -29.2702
v -31.7282 13.5965 -27.6623
v -32.3103 13.5886 -27.5398
v -32.0246 13.6196 -29.0674
v -32.3103 13.5886 -27.5398
v -32.8088 13.5898 -27.8646
v -32.0246 13.6196 -29.0674
v -32.8088 13.5898 -27.8646
v -32.9314 13.5994 -28.4466
v -32.0246 13.6196 -29.0674
v -32.9314 13.5994 -28.4466
v -32.6067 13.6118 -28.9450
v -32.0246 13.6196 -29.0674
v -31.5261 13.6184 -28.7427
v -31.4035 13.6088 -28.1606
v -32.0246 13.6196 -29.0674
v -31.4035 13.6088 -28.1606
v -31.7282 13.5965 -27.6623
v -32.0246 13.6196 -29.0674
v -32.2843 14.4873 -27.7083
v -32.6619 14.4882 -27.9545
v -31.8433 14.4933 -27.8012
v -32.6619 14.4882 -27.9545
v -32.7550 14.4955 -28.3954
v -31.8433 14.4933 -27.8012
v -32.7550 14.4955 -28.3954
v -32.5088 14.5049 -28.7729
v -31.8433 14.4933 -27.8012
v -32.5088 14.5049 -28.7729
v -32.0678 14.5108 -28.8659
v -31.8433 14.4933 -27.8012
v -32.0678 14.5108 -28.8659
v -31.6902 14.5099 -28.6197
v -31.8433 14.4933 -27.8012
v -31.6902 14.5099 -28.6197
v -31.5971 14.5026 -28.1787
v -31.8433 14.4933 -27.8012
v -31.9579 15.3430 -27.9410
v -32.2578 15.3389 -27.8779
v -31.7906 15.3493 -28.1977
v -32.2578 15.3389 -27.8779
v -32.5146 15.3396 -28.0452
v -31.7906 15.3493 -28.1977
v -32.5146 15.3396 -28.0452
v -32.5778 15.3445 -28.3451
v -31.7906 15.3493 -28.1977
v -32.5778 15.3445 -28.3451
v -32.4105 15.3508 -28.6018
v -31.7906 15.3493 -28.1977
v -32.4105 15.3508 -28.6018
v -32.1106 15.3549 -28.6649
v -31.7906 15.3493 -28.1977
v -32.1106 15.3549 -28.6649
v -31.8538 15.3543 -28.4976
v -31.7906 15.3493 -28.1977
v -32.0588 16.1453 -28.0623
v -32.2352 16.1430 -28.0251
v -31.9604 16.1491 -28.2133
v -32.2352 16.1430 -28.0251
v -32.3862 16.1433 -28.1235
v -31.9604 16.1491 -28.2133
v -32.3862 16.1433 -28.1235
v -32.4234 16.1462 -28.2999
v -31.9604 16.1491 -28.2133
v -32.4234 16.1462 -28.2999
v -32.3250 16.1500 -28.4509
v -31.9604 16.1491 -28.2133
v -32.3250 16.1500 -28.4509
v -32.1486 16.1523 -28.4881
v -31.9604 16.1491 -28.2133
v -32.1486 16.1523 -28.4881
v -31.9975 16.1520 -28.3896
v -31.9604 16.1491 -28.2133
v 31.8097 12.2008 23.9534
v 32.4017 12.1869 23.5321
v 31.6887 12.1966 24.6701
v 32.4017 12.1869 23.5321
v 33.1181 12.1630 23.6529
v 31.6887 12.1966 24.6701
v 33.1181 12.1630 23.6529
v 33.5390 12.1432 24.2451
v 31.6887 12.1966 24.6701
v 33.5390 12.1432 24.2451
v 33.4180 12.1390 24.9618
v 31.6887 12.1966 24.6701
v 33.4180 12.1390 24.9618
v 32.8259 12.1529 25.3831
v 31.6887 12.1966 24.6701
v 32.8259 12.1529 25.3831
v 32.1096 12.1768 25.2623
v 31.6887 12.1966 24.6701
v 31.9518 12.9872 24.0358
v 32.4575 12.9753 23.6759
v 32.8198 12.9463 25.2569
v 32.4575 12.9753 23.6759
v 33.0694 12.9549 23.7791
v 32.8198 12.9463 25.2569
v 33.0694 12.9549 23.7791
v 33.4289 12.9380 24.2849
v 32.8198 12.9463 25.2569
v 33.4289 12.9380 24.2849
v 33.3256 12.9344 24.8970
v 32.8198 12.9463 25.2569
v 32.2080 12.9667 25.1538
v 31.8485 12.9836 24.6479
v 32.8198 12.9463 25.2569
v 31.8485 12.9836 24.6479
v 31.9518 12.9872 24.0358
v 32.8198 12.9463 25.2569
v 32.1107 13.7730 24.1286
v 32.5177 13.7634 23.8391
v 32.8093 13.7401 25.1114
v 32.5177 13.7634 23.8391
v 33.0102 13.7470 23.9220
v 32.8093 13.7401 25.1114
v 33.0102 13.7470 23.9220
v 33.2995 13.7334 24.3292
v 32.8093 13.7401 25.1114
v 33.2995 13.7334 24.3292
v 33.2164 13.7305 24.8218
v 32.8093 13.7401 25.1114
v 32.3169 13.7565 25.0285
v 32.0276 13.7701 24.6213
v 32.8093 13.7401 25.1114
v 32.0276 13.7701 24.6213
v 32.1107 13.7730 24.1286
v 32.8093 13.7401 25.1114
v 32.5766 14.5120 24.0015
v 32.9497 14.4995 24.0645
v 32.2683 14.5192 24.2210
v 32.9497 14.4995 24.0645
v 33.1691 14.4892 24.3729
v 32.2683 14.5192 24.2210
v 33.1691 14.4892 24.3729
v 33.1060 14.4870 24.7462
v 32.2683 14.5192 24.2210
v 33.1060 14.4870 24.7462
v 32.7976 14.4943 24.9657
v 32.2683 14.5192 24.2210
v 32.7976 14.4943 24.9657
v 32.4245 14.5067 24.9027
v 32.2683 14.5192 24.2210
v 32.4245 14.5067 24.9027
v 32.2052 14.5170 24.5943
v 32.2683 14.5192 24.2210
v 32.4247 15.2259 24.3130
v 32.6344 15.2210 24.1638
v 32.3819 15.2244 24.5668
v 32.6344 15.2210 24.1638
v 32.8881 15.2125 24.2065
v 32.3819 15.2244 24.5668
v 32.8881 15.2125 24.2065
v 33.0371 15.2055 24.4163
v 32.3819 15.2244 24.5668
v 33.0371 15.2055 24.4163
v 32.9943 15.2040 24.6701
v 32.3819 15.2244 24.5668
v 32.9943 15.2040 24.6701
v 32.7846 15.2090 24.8193
v 32.3819 15.2244 24.5668
v 32.7846 15.2090 24.8193
v 32.5309 15.2174 24.7765
v 32.3819 15.2244 24.5668
v 32.5631 15.8937 24.3940
v 32.6864 15.8908 24.3062
v 32.5379 15.8928 24.5433
v 32.6864 15.8908 24.3062
v 32.8356 15.8858 24.3314
v 32.5379 15.8928 24.5433
v 32.8356 15.8858 24.3314
v 32.9233 15.8817 24.4548
v 32.5379 15.8928 24.5433
v 32.9233 15.8817 24.4548
v 32.8981 15.8808 24.6041
v 32.5379 15.8928 24.5433
v 32.8981 15.8808 24.6041
v 32.7748 15.8837 24.6918
v 32.5379 15.8928 24.5433
v 32.7748 15.8837 24.6918
v 32.6256 15.8887 24.6667
v 32.5379 15.8928 24.5433
v 23.8382 11.8131 10.6704
v 24.5560 11.7550 11.1754
v 22.9738 11.8700 10.8226
v 24.5560 11.7550 11.1754
v 24.7068 11.7297 12.0415
v 22.9738 11.8700 10.8226
v 24.7068 11.7297 12.0415
v 24.2021 11.7521 12.7616
v 22.9738 11.8700 10.8226
v 24.2021 11.7521 12.7616
v 23.3377 11.8090 12.9137
v 22.9738 11.8700 10.8226
v 23.3377 11.8090 12.9137
v 22.6199 11.8672 12.4087
v 22.9738 11.8700 10.8226
v 22.6199 11.8672 12.4087
v 22.4691 11.8924 11.5426
v 22.9738 11.8700 10.8226
v 23.8675 12.7681 10.8504
v 24.4807 12.7184 11.2817
v 22.8269 12.8143 12.3352
v 24.4807 12.7184 11.2817
v 24.6095 12.6968 12.0216
v 22.8269 12.8143 12.3352
v 24.6095 12.6968 12.0216
v 24.1784 12.7160 12.6366
v 22.8269 12.8143 12.3352
v 24.1784 12.7160 12.6366
v 23.4400 12.7646 12.7665
v 22.8269 12.8143 12.3352
v 22.6981 12.8358 11.5954
v 23.1292 12.8167 10.9804
v 22.8269 12.8143 12.3352
v 23.1292 12.8167 10.9804
v 23.8675 12.7681 10.8504
v 22.8269 12.8143 12.3352
v 23.8916 13.7230 11.0538
v 24.3850 13.6831 11.4010
v 23.0541 13.7602 12.2488
v 24.3850 13.6831 11.4010
v 24.4888 13.6657 11.9964
v 23.0541 13.7602 12.2488
v 24.4888 13.6657 11.9964
v 24.1418 13.6811 12.4913
v 23.0541 13.7602 12.2488
v 24.1418 13.6811 12.4913
v 23.5475 13.7202 12.5960
v 23.0541 13.7602 12.2488
v 22.9504 13.7776 11.6534
v 23.2974 13.7622 11.1585
v 23.0541 13.7602 12.2488
v 23.2974 13.7622 11.1585
v 23.8916 13.7230 11.0538
v 23.0541 13.7602 12.2488
v 24.2864 14.5999 11.5192
v 24.3648 14.5868 11.9704
v 23.9124 14.6302 11.2563
v 24.3648 14.5868 11.9704
v 24.1020 14.5984 12.3455
v 23.9124 14.6302 11.2563
v 24.1020 14.5984 12.3455
v 23.6518 14.6281 12.4247
v 23.9124 14.6302 11.2563
v 23.6518 14.6281 12.4247
v 23.2778 14.6584 12.1617
v 23.9124 14.6302 11.2563
v 23.2778 14.6584 12.1617
v 23.1994 14.6715 11.7105
v 23.9124 14.6302 11.2563
v 23.1994 14.6715 11.7105
v 23.4622 14.6599 11.3355
v 23.9124 14.6302 11.2563
v 23.9300 15.4896 11.4580
v 24.1842 15.4690 11.6369
v 23.6238 15.5098 11.5119
v 24.1842 15.4690 11.6369
v 24.2376 15.4601 11.9436
v 23.6238 15.5098 11.5119
v 24.2376 15.4601 11.9436
v 24.0589 15.4680 12.1986
v 23.6238 15.5098 11.5119
v 24.0589 15.4680 12.1986
v 23.7527 15.4882 12.2525
v 23.6238 15.5098 11.5119
v 23.7527 15.4882 12.2525
v 23.4985 15.5087 12.0737
v 23.6238 15.5098 11.5119
v 23.4985 15.5087 12.0737
v 23.4451 15.5177 11.7669
v 23.6238 15.5098 11.5119
v 23.9494 16.3013 11.6355
v 24.0989 16.2892 11.7408
v 23.7693 16.3131 11.6673
v 24.0989 16.2892 11.7408
v 24.1304 16.2839 11.9212
v 23.7693 16.3131 11.6673
v 24.1304 16.2839 11.9212
v 24.0252 16.2886 12.0712
v 23.7693 16.3131 11.6673
v 24.0252 16.2886 12.0712
v 23.8451 16.3004 12.1029
v 23.7693 16.3131 11.6673
v 23.8451 16.3004 12.1029
v 23.6956 16.3125 11.9977
v 23.7693 16.3131 11.6673
v 23.6956 16.3125 11.9977
v 23.6642 16.3178 11.8172
v 23.7693 16.3131 11.6673
v -51.1973 12.0163 -44.6078
v -50.0346 12.0470 -44.2463
v -52.2749 11.9861 -44.0410
v -50.0346 12.0470 -44.2463
v -49.4679 12.0603 -43.1682
v -52.2749 11.9861 -44.0410
v -49.4679 12.0603 -43.1682
v -49.8293 12.0483 -42.0051
v -52.2749 11.9861 -44.0410
v -49.8293 12.0483 -42.0051
v -50.9070 12.0181 -41.4383
v -52.2749 11.9861 -44.0410
v -50.9070 12.0181 -41.4383
v -52.0696 11.9874 -41.7999
v -52.2749 11.9861 -44.0410
v -52.0696 11.9874 -41.7999
v -52.6363 11.9742 -42.8780
v -52.2749 11.9861 -44.0410
v -51.2119 13.3421 -44.3742
v -50.2188 13.3684 -44.0653
v -51.9570 13.3175 -41.9758
v -50.2188 13.3684 -44.0653
v -49.7348 13.3797 -43.1445
v -51.9570 13.3175 -41.9758
v -49.7348 13.3797 -43.1445
v -50.0435 13.3695 -42.1511
v -51.9570 13.3175 -41.9758
v -50.0435 13.3695 -42.1511
v -50.9639 13.3437 -41.6669
v -51.9570 13.3175 -41.9758
v -52.4411 13.3061 -42.8966
v -52.1324 13.3163 -43.8901
v -51.9570 13.3175 -41.9758
v -52.1324 13.3163 -43.8901
v -51.2119 13.3421 -44.3742
v -51.9570 13.3175 -41.9758
v -51.2235 14.6680 -44.1076
v -50.4243 14.6891 -43.8588
v -51.8231 14.6481 -42.1773
v -50.4243 14.6891 -43.8588
v -50.0346 14.6982 -43.1178
v -51.8231 14.6481 -42.1773
v -50.0346 14.6982 -43.1178
v -50.2832 14.6899 -42.3183
v -51.8231 14.6481 -42.1773
v -50.2832 14.6899 -42.3183
v -51.0239 14.6692 -41.9285
v -51.8231 14.6481 -42.1773
v -52.2128 14.6390 -42.9183
v -51.9642 14.6472 -43.7178
v -51.8231 14.6481 -42.1773
v -51.9642 14.6472 -43.7178
v -51.2235 14.6680 -44.1076
v -51.8231 14.6481 -42.1773
v -50.6277 15.9435 -43.6528
v -50.3326 15.9504 -43.0912
v -51.2333 15.9275 -43.8411
v -50.3326 15.9504 -43.0912
v -50.5207 15.9442 -42.4854
v -51.2333 15.9275 -43.8411
v -50.5207 15.9442 -42.4854
v -51.0821 15.9285 -42.1903
v -51.2333 15.9275 -43.8411
v -51.0821 15.9285 -42.1903
v -51.6878 15.9125 -42.3785
v -51.2333 15.9275 -43.8411
v -51.6878 15.9125 -42.3785
v -51.9828 15.9056 -42.9401
v -51.2333 15.9275 -43.8411
v -51.9828 15.9056 -42.9401
v -51.7947 15.9118 -43.5459
v -51.2333 15.9275 -43.8411
v -51.2413 17.1208 -43.5747
v -50.8296 17.1316 -43.4466
v -51.6230 17.1101 -43.3739
v -50.8296 17.1316 -43.4466
v -50.6289 17.1363 -43.0648
v -51.6230 17.1101 -43.3739
v -50.6289 17.1363 -43.0648
v -50.7569 17.1321 -42.6529
v -51.6230 17.1101 -43.3739
v -50.7569 17.1321 -42.6529
v -51.1385 17.1214 -42.4521
v -51.6230 17.1101 -43.3739
v -51.1385 17.1214 -42.4521
v -51.5503 17.1105 -42.5802
v -51.6230 17.1101 -43.3739
v -51.5503 17.1105 -42.5802
v -51.7510 17.1058 -42.9620
v -51.6230 17.1101 -43.3739
v -51.2506 18.2477 -43.3414
v -51.0084 18.2541 -43.2661
v -51.4751 18.2414 -43.2233
v -51.0084 18.2541 -43.2661
v -50.8903 18.2569 -43.0415
v -51.4751 18.2414 -43.2233
v -50.8903 18.2569 -43.0415
v -50.9656 18.2544 -42.7992
v -51.4751 18.2414 -43.2233
v -50.9656 18.2544 -42.7992
v -51.1901 18.2481 -42.6811
v -51.4751 18.2414 -43.2233
v -51.1901 18.2481 -42.6811
v -51.4323 18.2417 -42.7565
v -51.4751 18.2414 -43.2233
v -51.4323 18.2417 -42.7565
v -51.5504 18.2390 -42.9810
v -51.4751 18.2414 -43.2233
v 30.8155 11.7727 6.3567
v 29.9859 11.6810 5.9760
v 31.6697 11.8660 6.0355
v 29.9859 11.6810 5.9760
v 29.6668 11.6446 5.1167
v 31.6697 11.8660 6.0355
v 29.6668 11.6446 5.1167
v 30.0453 11.6849 4.2820
v 31.6697 11.8660 6.0355
v 30.0453 11.6849 4.2820
v 30.8995 11.7782 3.9609
v 31.6697 11.8660 6.0355
v 30.8995 11.7782 3.9609
v 31.7291 11.8699 4.3415
v 31.6697 11.8660 6.0355
v 31.7291 11.8699 4.3415
v 32.0482 11.9063 5.2009
v 31.6697 11.8660 6.0355
v 30.7125 12.7660 6.1804
v 30.0039 12.6876 5.8553
v 31.4930 12.8490 4.4592
v 30.0039 12.6876 5.8553
v 29.7314 12.6566 5.1213
v 31.4930 12.8490 4.4592
v 29.7314 12.6566 5.1213
v 30.0547 12.6910 4.4084
v 31.4930 12.8490 4.4592
v 30.0547 12.6910 4.4084
v 30.7843 12.7707 4.1341
v 31.4930 12.8490 4.4592
v 31.7655 12.8801 5.1932
v 31.4422 12.8457 5.9061
v 31.4930 12.8490 4.4592
v 31.4422 12.8457 5.9061
v 30.7125 12.7660 6.1804
v 31.4930 12.8490 4.4592
v 30.6105 13.7593 5.9793
v 30.0402 13.6962 5.7175
v 31.2385 13.8261 4.5940
v 30.0402 13.6962 5.7175
v 29.8208 13.6712 5.1268
v 31.2385 13.8261 4.5940
v 29.8208 13.6712 5.1268
v 30.0811 13.6989 4.5531
v 31.2385 13.8261 4.5940
v 30.0811 13.6989 4.5531
v 30.6683 13.7631 4.3322
v 31.2385 13.8261 4.5940
v 31.4580 13.8511 5.1846
v 31.1977 13.8234 5.7584
v 31.2385 13.8261 4.5940
v 31.1977 13.8234 5.7584
v 30.6105 13.7593 5.9793
v 31.2385 13.8261 4.5940
v 30.0817 14.6552 5.5800
v 29.9156 14.6363 5.1324
v 30.5139 14.7030 5.7782
v 29.9156 14.6363 5.1324
v 30.1127 14.6572 4.6976
v 30.5139 14.7030 5.7782
v 30.1127 14.6572 4.6976
v 30.5577 14.7059 4.5304
v 30.5139 14.7030 5.7782
v 30.5577 14.7059 4.5304
v 30.9898 14.7536 4.7285
v 30.5139 14.7030 5.7782
v 30.9898 14.7536 4.7285
v 31.1559 14.7726 5.1762
v 30.5139 14.7030 5.7782
v 31.1559 14.7726 5.1762
v 30.9589 14.7516 5.6110
v 30.5139 14.7030 5.7782
v 30.4227 15.5970 5.5771
v 30.1289 15.5645 5.4423
v 30.7253 15.6301 5.4634
v 30.1289 15.5645 5.4423
v 30.0159 15.5517 5.1380
v 30.7253 15.6301 5.4634
v 30.0159 15.5517 5.1380
v 30.1500 15.5659 4.8424
v 30.7253 15.6301 5.4634
v 30.1500 15.5659 4.8424
v 30.4525 15.5990 4.7286
v 30.7253 15.6301 5.4634
v 30.4525 15.5990 4.7286
v 30.7463 15.6315 4.8635
v 30.7253 15.6301 5.4634
v 30.7463 15.6315 4.8635
v 30.8593 15.6443 5.1678
v 30.7253 15.6301 5.4634
v 30.3362 16.4414 5.4011
v 30.1634 16.4223 5.3218
v 30.5141 16.4608 5.3342
v 30.1634 16.4223 5.3218
v 30.0969 16.4147 5.1428
v 30.5141 16.4608 5.3342
v 30.0969 16.4147 5.1428
v 30.1758 16.4231 4.9689
v 30.5141 16.4608 5.3342
v 30.1758 16.4231 4.9689
v 30.3537 16.4425 4.9020
v 30.5141 16.4608 5.3342
v 30.3537 16.4425 4.9020
v 30.5265 16.4616 4.9813
v 30.5141 16.4608 5.3342
v 30.5265 16.4616 4.9813
v 30.5930 16.4692 5.1603
v 30.5141 16.4608 5.3342
v 37.4619 12.0072 -35.7915
v 36.8322 12.0249 -35.2705
v 37.5385 11.9670 -36.6043
v 36.8322 12.0249 -35.2705
v 36.0185 12.0097 -35.3464
v 37.5385 11.9670 -36.6043
v 36.0185 12.0097 -35.3464
v 35.4973 11.9705 -35.9749
v 37.5385 11.9670 -36.6043
v 35.4973 11.9705 -35.9749
v 35.5739 11.9302 -36.7878
v 37.5385 11.9670 -36.6043
v 35.5739 11.9302 -36.7878
v 36.2036 11.9125 -37.3087
v 37.5385 11.9670 -36.6043
v 36.2036 11.9125 -37.3087
v 37.0173 11.9277 -37.2328
v 37.5385 11.9670 -36.6043
v 37.3118 12.8904 -35.9093
v 36.7740 12.9055 -35.4643
v 36.2370 12.8095 -37.2053
v 36.7740 12.9055 -35.4643
v 36.0789 12.8925 -35.5292
v 36.2370 12.8095 -37.2053
v 36.0789 12.8925 -35.5292
v 35.6337 12.8590 -36.0660
v 36.2370 12.8095 -37.2053
v 35.6337 12.8590 -36.0660
v 35.6992 12.8246 -36.7603
v 36.2370 12.8095 -37.2053
v 36.9321 12.8225 -37.1404
v 37.3772 12.8560 -36.6036
v 36.2370 12.8095 -37.2053
v 37.3772 12.8560 -36.6036
v 37.3118 12.8904 -35.9093
v 36.2370 12.8095 -37.2053
v 37.1420 13.7728 -36.0375
v 36.7091 13.7849 -35.6795
v 36.2770 13.7076 -37.0806
v 36.7091 13.7849 -35.6795
v 36.1497 13.7745 -35.7316
v 36.2770 13.7076 -37.0806
v 36.1497 13.7745 -35.7316
v 35.7915 13.7475 -36.1637
v 36.2770 13.7076 -37.0806
v 35.7915 13.7475 -36.1637
v 35.8441 13.7198 -36.7225
v 36.2770 13.7076 -37.0806
v 36.8364 13.7181 -37.0285
v 37.1946 13.7451 -36.5963
v 36.2770 13.7076 -37.0806
v 37.1946 13.7451 -36.5963
v 37.1420 13.7728 -36.0375
v 36.2770 13.7076 -37.0806
v 36.6450 14.6199 -35.8921
v 36.2211 14.6120 -35.9317
v 36.9729 14.6107 -36.1635
v 36.2211 14.6120 -35.9317
v 35.9496 14.5915 -36.2590
v 36.9729 14.6107 -36.1635
v 35.9496 14.5915 -36.2590
v 35.9896 14.5706 -36.6824
v 36.9729 14.6107 -36.1635
v 35.9896 14.5706 -36.6824
v 36.3175 14.5614 -36.9538
v 36.9729 14.6107 -36.1635
v 36.3175 14.5614 -36.9538
v 36.7414 14.5693 -36.9142
v 36.9729 14.6107 -36.1635
v 36.7414 14.5693 -36.9142
v 37.0129 14.5897 -36.5869
v 36.9729 14.6107 -36.1635
v 36.8044 15.4042 -36.2872
v 36.5814 15.4105 -36.1027
v 36.8315 15.3899 -36.5751
v 36.5814 15.4105 -36.1027
v 36.2932 15.4051 -36.1296
v 36.8315 15.3899 -36.5751
v 36.2932 15.4051 -36.1296
v 36.1086 15.3912 -36.3522
v 36.8315 15.3899 -36.5751
v 36.1086 15.3912 -36.3522
v 36.1357 15.3769 -36.6401
v 36.8315 15.3899 -36.5751
v 36.1357 15.3769 -36.6401
v 36.3587 15.3706 -36.8246
v 36.8315 15.3899 -36.5751
v 36.3587 15.3706 -36.8246
v 36.6469 15.3760 -36.7977
v 36.8315 15.3899 -36.5751
v 36.6562 16.1541 -36.3983
v 36.5250 16.1577 -36.2898
v 36.6721 16.1457 -36.5676
v 36.5250 16.1577 -36.2898
v 36.3555 16.1546 -36.3056
v 36.6721 16.1457 -36.5676
v 36.3555 16.1546 -36.3056
v 36.2469 16.1464 -36.4365
v 36.6721 16.1457 -36.5676
v 36.2469 16.1464 -36.4365
v 36.2628 16.1380 -36.6058
v 36.6721 16.1457 -36.5676
v 36.2628 16.1380 -36.6058
v 36.3940 16.1343 -36.7144
v 36.6721 16.1457 -36.5676
v 36.3940 16.1343 -36.7144
v 36.5636 16.1375 -36.6986
v 36.6721 16.1457 -36.5676
v 50.3493 13.5420 34.1227
v 49.6047 13.4128 33.8127
v 51.0917 13.6711 33.8075
v 49.6047 13.4128 33.8127
v 49.2941 13.3591 33.0591
v 51.0917 13.6711 33.8075
v 49.2941 13.3591 33.0591
v 49.5995 13.4124 32.3034
v 51.0917 13.6711 33.8075
v 49.5995 13.4124 32.3034
v 50.3420 13.5415 31.9882
v 51.0917 13.6711 33.8075
v 50.3420 13.5415 31.9882
v 51.0865 13.6708 32.2982
v 51.0917 13.6711 33.8075
v 51.0865 13.6708 32.2982
v 51.3971 13.7244 33.0518
v 51.0917 13.6711 33.8075
v 50.1965 14.4182 33.9674
v 49.5606 14.3079 33.7025
v 50.8263 14.5282 32.4090
v 49.5606 14.3079 33.7025
v 49.2952 14.2620 33.0589
v 50.8263 14.5282 32.4090
v 49.2952 14.2620 33.0589
v 49.5561 14.3075 32.4134
v 50.8263 14.5282 32.4090
v 49.5561 14.3075 32.4134
v 50.1903 14.4178 32.1441
v 50.8263 14.5282 32.4090
v 51.0916 14.5741 33.0526
v 50.8307 14.5285 33.6981
v 50.8263 14.5282 32.4090
v 50.8307 14.5285 33.6981
v 50.1965 14.4182 33.9674
v 50.8263 14.5282 32.4090
v 50.0437 15.2945 33.7898
v 49.5319 15.2056 33.5766
v 50.5505 15.3830 32.5355
v 49.5319 15.2056 33.5766
v 49.3183 15.1687 33.0586
v 50.5505 15.3830 32.5355
v 49.3183 15.1687 33.0586
v 49.5283 15.2054 32.5391
v 50.5505 15.3830 32.5355
v 49.5283 15.2054 32.5391
v 50.0387 15.2941 32.3223
v 50.5505 15.3830 32.5355
v 50.7641 15.4199 33.0535
v 50.5540 15.3832 33.5730
v 50.5505 15.3830 32.5355
v 50.5540 15.3832 33.5730
v 50.0437 15.2945 33.7898
v 50.5505 15.3830 32.5355
v 49.5106 16.0595 33.4508
v 49.3489 16.0316 33.0583
v 49.8985 16.1269 33.6122
v 49.3489 16.0316 33.0583
v 49.5079 16.0594 32.6646
v 49.8985 16.1269 33.6122
v 49.5079 16.0594 32.6646
v 49.8947 16.1266 32.5005
v 49.8985 16.1269 33.6122
v 49.8947 16.1266 32.5005
v 50.2825 16.1939 32.6619
v 49.8985 16.1269 33.6122
v 50.2825 16.1939 32.6619
v 50.4442 16.2219 33.0545
v 49.8985 16.1269 33.6122
v 50.4442 16.2219 33.0545
v 50.2852 16.1941 33.4481
v 49.8985 16.1269 33.6122
v 49.7609 16.9155 33.4346
v 49.4972 16.8697 33.3248
v 50.0238 16.9612 33.3230
v 49.4972 16.8697 33.3248
v 49.3871 16.8507 33.0579
v 50.0238 16.9612 33.3230
v 49.3871 16.8507 33.0579
v 49.4953 16.8696 32.7903
v 50.0238 16.9612 33.3230
v 49.4953 16.8696 32.7903
v 49.7583 16.9153 32.6787
v 50.0238 16.9612 33.3230
v 49.7583 16.9153 32.6787
v 50.0220 16.9611 32.7885
v 50.0238 16.9612 33.3230
v 50.0220 16.9611 32.7885
v 50.1320 16.9801 33.0553
v 50.0238 16.9612 33.3230
v 49.6309 17.6602 33.2793
v 49.4758 17.6333 33.2146
v 49.7856 17.6871 33.2136
v 49.4758 17.6333 33.2146
v 49.4111 17.6221 33.0577
v 49.7856 17.6871 33.2136
v 49.4111 17.6221 33.0577
v 49.4747 17.6332 32.9003
v 49.7856 17.6871 33.2136
v 49.4747 17.6332 32.9003
v 49.6294 17.6601 32.8346
v 49.7856 17.6871 33.2136
v 49.6294 17.6601 32.8346
v 49.7845 17.6871 32.8992
v 49.7856 17.6871 33.2136
v 49.7845 17.6871 32.8992
v 49.8492 17.6982 33.0561
v 49.7856 17.6871 33.2136
v -37.2178 11.9269 -29.2948
v -37.2919 12.0166 -30.3589
v -36.4144 11.7891 -28.6010
v -37.2919 12.0166 -30.3589
v -36.5934 12.0056 -31.1699
v -36.4144 11.7891 -28.6010
v -36.5934 12.0056 -31.1699
v -35.5314 11.9003 -31.2528
v -36.4144 11.7891 -28.6010
v -35.5314 11.9003 -31.2528
v -34.7280 11.7625 -30.5590
v -36.4144 11.7891 -28.6010
v -34.7280 11.7625 -30.5590
v -34.6539 11.6728 -29.4949
v -36.4144 11.7891 -28.6010
v -34.6539 11.6728 -29.4949
v -35.3524 11.6838 -28.6839
v -36.4144 11.7891 -28.6010
v -36.9147 13.0706 -29.2980
v -36.9780 13.1472 -30.2069
v -34.7248 12.8536 -29.4690
v -36.9780 13.1472 -30.2069
v -36.3815 13.1378 -30.8997
v -34.7248 12.8536 -29.4690
v -36.3815 13.1378 -30.8997
v -35.4743 13.0479 -30.9704
v -34.7248 12.8536 -29.4690
v -35.4743 13.0479 -30.9704
v -34.7881 12.9302 -30.3779
v -34.7248 12.8536 -29.4690
v -35.3214 12.8630 -28.7762
v -36.2285 12.9529 -28.7055
v -34.7248 12.8536 -29.4690
v -36.2285 12.9529 -28.7055
v -36.9147 13.0706 -29.2980
v -34.7248 12.8536 -29.4690
v -36.5858 14.2126 -29.3144
v -36.6366 14.2743 -30.0459
v -34.8233 14.0380 -29.4521
v -36.6366 14.2743 -30.0459
v -36.1566 14.2667 -30.6036
v -34.8233 14.0380 -29.4521
v -36.1566 14.2667 -30.6036
v -35.4265 14.1944 -30.6604
v -34.8233 14.0380 -29.4521
v -35.4265 14.1944 -30.6604
v -34.8741 14.0996 -30.1836
v -34.8233 14.0380 -29.4521
v -35.3033 14.0455 -28.8944
v -36.0334 14.1179 -28.8376
v -34.8233 14.0380 -29.4521
v -36.0334 14.1179 -28.8376
v -36.5858 14.2126 -29.3144
v -34.8233 14.0380 -29.4521
v -36.3016 15.3436 -29.8895
v -35.9377 15.3378 -30.3119
v -36.2629 15.2969 -29.3353
v -35.9377 15.3378 -30.3119
v -35.3846 15.2830 -30.3552
v -36.2629 15.2969 -29.3353
v -35.3846 15.2830 -30.3552
v -34.9662 15.2112 -29.9937
v -36.2629 15.2969 -29.3353
v -34.9662 15.2112 -29.9937
v -34.9274 15.1645 -29.4395
v -36.2629 15.2969 -29.3353
v -34.9274 15.1645 -29.4395
v -35.2913 15.1702 -29.0171
v -36.2629 15.2969 -29.3353
v -35.2913 15.1702 -29.0171
v -35.8445 15.2251 -28.9738
v -36.2629 15.2969 -29.3353
v -35.9461 16.3233 -29.3606
v -35.9723 16.3551 -29.7374
v -35.6615 16.2745 -29.1149
v -35.9723 16.3551 -29.7374
v -35.7250 16.3512 -30.0247
v -35.6615 16.2745 -29.1149
v -35.7250 16.3512 -30.0247
v -35.3489 16.3139 -30.0540
v -35.6615 16.2745 -29.1149
v -35.3489 16.3139 -30.0540
v -35.0643 16.2651 -29.8083
v -35.6615 16.2745 -29.1149
v -35.0643 16.2651 -29.8083
v -35.0381 16.2333 -29.4315
v -35.6615 16.2745 -29.1149
v -35.0381 16.2333 -29.4315
v -35.2854 16.2372 -29.1442
v -35.6615 16.2745 -29.1149
v -35.6613 17.2937 -29.3772
v -35.6767 17.3123 -29.5988
v -35.4939 17.2649 -29.2327
v -35.6767 17.3123 -29.5988
v -35.5312 17.3101 -29.7678
v -35.4939 17.2649 -29.2327
v -35.5312 17.3101 -29.7678
v -35.3100 17.2881 -29.7850
v -35.4939 17.2649 -29.2327
v -35.3100 17.2881 -29.7850
v -35.1426 17.2594 -29.6405
v -35.4939 17.2649 -29.2327
v -35.1426 17.2594 -29.6405
v -35.1272 17.2407 -29.4189
v -35.4939 17.2649 -29.2327
v -35.1272 17.2407 -29.4189
v -35.2727 17.2430 -29.2499
v -35.4939 17.2649 -29.2327
v -14.6548 12.9188 35.4225
v -13.9000 12.9674 34.4984
v -14.5367 12.9316 36.6107
v -13.9000 12.9674 34.4984
v -12.7145 13.0488 34.3798
v -14.5367 12.9316 36.6107
v -12.7145 13.0488 34.3798
v -11.7928 13.1153 35.1362
v -14.5367 12.9316 36.6107
v -11.7928 13.1153 35.1362
v -11.6748 13.1281 36.3244
v -14.5367 12.9316 36.6107
v -11.6748 13.1281 36.3244
v -12.4296 13.0795 37.2485
v -14.5367 12.9316 36.6107
v -12.4296 13.0795 37.2485
v -13.6151 12.9981 37.3671
v -14.5367 12.9316 36.6107
v -14.5271 14.2312 35.4832
v -13.8823 14.2727 34.6940
v -12.6264 14.3685 37.0429
v -13.8823 14.2727 34.6940
v -12.8697 14.3422 34.5926
v -12.6264 14.3685 37.0429
v -12.8697 14.3422 34.5926
v -12.0825 14.3990 35.2387
v -12.6264 14.3685 37.0429
v -12.0825 14.3990 35.2387
v -11.9816 14.4099 36.2536
v -12.6264 14.3685 37.0429
v -13.6390 14.2989 37.1443
v -14.4262 14.2421 36.4982
v -12.6264 14.3685 37.0429
v -14.4262 14.2421 36.4982
v -14.5271 14.2312 35.4832
v -12.6264 14.3685 37.0429
v -14.3683 15.5458 35.5534
v -13.8493 15.5792 34.9183
v -12.8385 15.6562 36.8086
v -13.8493 15.5792 34.9183
v -13.0343 15.6351 34.8365
v -12.8385 15.6562 36.8086
v -13.0343 15.6351 34.8365
v -12.4008 15.6809 35.3566
v -12.8385 15.6562 36.8086
v -12.4008 15.6809 35.3566
v -12.3195 15.6896 36.1735
v -12.8385 15.6562 36.8086
v -13.6535 15.6003 36.8903
v -14.2870 15.5545 36.3702
v -12.8385 15.6562 36.8086
v -14.2870 15.5545 36.3702
v -14.3683 15.5458 35.5534
v -12.8385 15.6562 36.8086
v -13.8120 16.8208 35.1424
v -13.1945 16.8632 35.0807
v -14.2050 16.7955 35.6238
v -13.1945 16.8632 35.0807
v -12.7143 16.8978 35.4746
v -14.2050 16.7955 35.6238
v -12.7143 16.8978 35.4746
v -12.6529 16.9045 36.0935
v -14.2050 16.7955 35.6238
v -12.6529 16.9045 36.0935
v -13.0460 16.8792 36.5749
v -14.2050 16.7955 35.6238
v -13.0460 16.8792 36.5749
v -13.6635 16.8368 36.6366
v -14.2050 16.7955 35.6238
v -13.6635 16.8368 36.6366
v -14.1437 16.8021 36.2427
v -14.2050 16.7955 35.6238
v -14.0373 17.9803 35.6944
v -13.7700 17.9975 35.3672
v -13.9955 17.9849 36.1153
v -13.7700 17.9975 35.3672
v -13.3501 18.0264 35.3251
v -13.9955 17.9849 36.1153
v -13.3501 18.0264 35.3251
v -13.0237 18.0499 35.5930
v -13.9955 17.9849 36.1153
v -13.0237 18.0499 35.5930
v -12.9819 18.0544 36.0139
v -13.9955 17.9849 36.1153
v -12.9819 18.0544 36.0139
v -13.2492 18.0373 36.3411
v -13.9955 17.9849 36.1153
v -13.2492 18.0373 36.3411
v -13.6691 18.0084 36.3832
v -13.9955 17.9849 36.1153
v -13.8961 19.0982 35.7560
v -13.7389 19.1083 35.5635
v -13.8715 19.1008 36.0035
v -13.7389 19.1083 35.5635
v -13.4919 19.1252 35.5387
v -13.8715 19.1008 36.0035
v -13.4919 19.1252 35.5387
v -13.2999 19.1391 35.6963
v -13.8715 19.1008 36.0035
v -13.2999 19.1391 35.6963
v -13.2753 19.1418 35.9438
v -13.8715 19.1008 36.0035
v -13.2753 19.1418 35.9438
v -13.4326 19.1316 36.1363
v -13.8715 19.1008 36.0035
v -13.4326 19.1316 36.1363
v -13.6795 19.1147 36.1611
v -13.8715 19.1008 36.0035
v 7.2162 11.5218 0.8759
v 6.4092 11.4883 1.5108
v 7.3374 11.5511 -0.1438
v 6.4092 11.4883 1.5108
v 5.3892 11.4701 1.3890
v 7.3374 11.5511 -0.1438
v 5.3892 11.4701 1.3890
v 4.7538 11.4780 0.5817
v 7.3374 11.5511 -0.1438
v 4.7538 11.4780 0.5817
v 4.8751 11.5072 -0.4380
v 7.3374 11.5511 -0.1438
v 4.8751 11.5072 -0.4380
v 5.6821 11.5407 -1.0729
v 7.3374 11.5511 -0.1438
v 5.6821 11.5407 -1.0729
v 6.7020 11.5589 -0.9511
v 7.3374 11.5511 -0.1438
v 7.0220 12.6387 0.8094
v 6.3327 12.6101 1.3517
v 5.7117 12.6549 -0.8552
v 6.3327 12.6101 1.3517
v 5.4615 12.5946 1.2477
v 5.7117 12.6549 -0.8552
v 5.4615 12.5946 1.2477
v 4.9188 12.6013 0.5581
v 5.7117 12.6549 -0.8552
v 4.9188 12.6013 0.5581
v 5.0224 12.6262 -0.3129
v 5.7117 12.6549 -0.8552
v 6.5829 12.6704 -0.7511
v 7.1256 12.6637 -0.0616
v 5.7117 12.6549 -0.8552
v 7.1256 12.6637 -0.0616
v 7.0220 12.6387 0.8094
v 5.7117 12.6549 -0.8552
v 6.8035 13.7555 0.7292
v 6.2487 13.7324 1.1655
v 5.7489 13.7685 -0.6105
v 6.2487 13.7324 1.1655
v 5.5475 13.7199 1.0819
v 5.7489 13.7685 -0.6105
v 5.5475 13.7199 1.0819
v 5.1108 13.7253 0.5269
v 5.7489 13.7685 -0.6105
v 5.1108 13.7253 0.5269
v 5.1941 13.7454 -0.1741
v 5.7489 13.7685 -0.6105
v 6.4501 13.7810 -0.5269
v 6.8868 13.7756 0.0282
v 5.7489 13.7685 -0.6105
v 6.8868 13.7756 0.0282
v 6.8035 13.7555 0.7292
v 5.7489 13.7685 -0.6105
v 6.1659 14.7989 0.9783
v 5.6347 14.7894 0.9147
v 6.5862 14.8163 0.6475
v 5.6347 14.7894 0.9147
v 5.3036 14.7935 0.4943
v 6.5862 14.8163 0.6475
v 5.3036 14.7935 0.4943
v 5.3669 14.8087 -0.0368
v 6.5862 14.8163 0.6475
v 5.3669 14.8087 -0.0368
v 5.7872 14.8262 -0.3676
v 6.5862 14.8163 0.6475
v 5.7872 14.8262 -0.3676
v 6.3185 14.8356 -0.3040
v 6.5862 14.8163 0.6475
v 6.3185 14.8356 -0.3040
v 6.6495 14.8316 0.1164
v 6.5862 14.8163 0.6475
v 6.3701 15.8213 0.5644
v 6.0842 15.8094 0.7892
v 6.4130 15.8316 0.2032
v 6.0842 15.8094 0.7892
v 5.7230 15.8030 0.7461
v 6.4130 15.8316 0.2032
v 5.7230 15.8030 0.7461
v 5.4980 15.8057 0.4602
v 6.4130 15.8316 0.2032
v 5.4980 15.8057 0.4602
v 5.5409 15.8161 0.0990
v 6.4130 15.8316 0.2032
v 5.5409 15.8161 0.0990
v 5.8268 15.8280 -0.1258
v 6.4130 15.8316 0.2032
v 5.8268 15.8280 -0.1258
v 6.1880 15.8344 -0.0827
v 6.4130 15.8316 0.2032
v 6.1794 16.7705 0.4935
v 6.0113 16.7635 0.6257
v 6.2047 16.7766 0.2810
v 6.0113 16.7635 0.6257
v 5.7988 16.7597 0.6003
v 6.2047 16.7766 0.2810
v 5.7988 16.7597 0.6003
v 5.6665 16.7614 0.4321
v 6.2047 16.7766 0.2810
v 5.6665 16.7614 0.4321
v 5.6917 16.7674 0.2197
v 6.2047 16.7766 0.2810
v 5.6917 16.7674 0.2197
v 5.8599 16.7744 0.0875
v 6.2047 16.7766 0.2810
v 5.8599 16.7744 0.0875
v 6.0723 16.7782 0.1128
v 6.2047 16.7766 0.2810
v -2.3680 13.6609 50.0791
v -3.0778 13.6777 49.9747
v -1.7922 13.6500 49.6508
v -3.0778 13.6777 49.9747
v -3.5060 13.6906 49.3989
v -1.7922 13.6500 49.6508
v -3.5060 13.6906 49.3989
v -3.4016 13.6919 48.6888
v -1.7922 13.6500 49.6508
v -3.4016 13.6919 48.6888
v -2.8258 13.6810 48.2605
v -1.7922 13.6500 49.6508
v -2.8258 13.6810 48.2605
v -2.1159 13.6642 48.3648
v -1.7922 13.6500 49.6508
v -2.1159 13.6642 48.3648
v -1.6877 13.6513 48.9407
v -1.7922 13.6500 49.6508
v -2.3834 14.4436 49.9506
v -2.9898 14.4580 49.8614
v -2.1682 14.4464 48.4863
v -2.9898 14.4580 49.8614
v -3.3555 14.4689 49.3696
v -2.1682 14.4464 48.4863
v -3.3555 14.4689 49.3696
v -3.2663 14.4701 48.7631
v -2.1682 14.4464 48.4863
v -3.2663 14.4701 48.7631
v -2.7745 14.4607 48.3972
v -2.1682 14.4464 48.4863
v -1.8024 14.4354 48.9782
v -1.8916 14.4343 49.5847
v -2.1682 14.4464 48.4863
v -1.8916 14.4343 49.5847
v -2.3834 14.4436 49.9506
v -2.1682 14.4464 48.4863
v -2.4037 15.2265 49.8032
v -2.8917 15.2381 49.7313
v -2.2305 15.2288 48.6247
v -2.8917 15.2381 49.7313
v -3.1861 15.2469 49.3355
v -2.2305 15.2288 48.6247
v -3.1861 15.2469 49.3355
v -3.1142 15.2478 48.8474
v -2.2305 15.2288 48.6247
v -3.1142 15.2478 48.8474
v -2.7185 15.2403 48.5528
v -2.2305 15.2288 48.6247
v -1.9361 15.2199 49.0205
v -2.0079 15.2190 49.5086
v -2.2305 15.2288 48.6247
v -2.0079 15.2190 49.5086
v -2.4037 15.2265 49.8032
v -2.2305 15.2288 48.6247
v -2.7946 15.9791 49.6012
v -3.0176 15.9858 49.3012
v -2.4249 15.9704 49.6555
v -3.0176 15.9858 49.3012
v -2.9633 15.9865 48.9314
v -2.4249 15.9704 49.6555
v -2.9633 15.9865 48.9314
v -2.6633 15.9808 48.7083
v -2.4249 15.9704 49.6555
v -2.6633 15.9808 48.7083
v -2.2935 15.9721 48.7626
v -2.4249 15.9704 49.6555
v -2.2935 15.9721 48.7626
v -2.0706 15.9654 49.0626
v -2.4249 15.9704 49.6555
v -2.0706 15.9654 49.0626
v -2.1249 15.9647 49.4325
v -2.4249 15.9704 49.6555
v -2.4469 16.6751 49.5077
v -2.6983 16.6811 49.4707
v -2.2430 16.6713 49.3559
v -2.6983 16.6811 49.4707
v -2.8500 16.6856 49.2667
v -2.2430 16.6713 49.3559
v -2.8500 16.6856 49.2667
v -2.8130 16.6861 49.0153
v -2.2430 16.6713 49.3559
v -2.8130 16.6861 49.0153
v -2.6091 16.6822 48.8636
v -2.2430 16.6713 49.3559
v -2.6091 16.6822 48.8636
v -2.3577 16.6763 48.9005
v -2.2430 16.6713 49.3559
v -2.3577 16.6763 48.9005
v -2.2060 16.6718 49.1045
v -2.2430 16.6713 49.3559
v -2.4651 17.3407 49.3785
v -2.6130 17.3442 49.3568
v -2.3452 17.3384 49.2893
v -2.6130 17.3442 49.3568
v -2.7022 17.3468 49.2368
v -2.3452 17.3384 49.2893
v -2.7022 17.3468 49.2368
v -2.6804 17.3471 49.0889
v -2.3452 17.3384 49.2893
v -2.6804 17.3471 49.0889
v -2.5605 17.3448 48.9997
v -2.3452 17.3384 49.2893
v -2.5605 17.3448 48.9997
v -2.4126 17.3413 49.0214
v -2.3452 17.3384 49.2893
v -2.4126 17.3413 49.0214
v -2.3234 17.3387 49.1414
v -2.3452 17.3384 49.2893
v -36.6403 10.8751 6.8010
v -36.9110 10.8714 7.7755
v -37.1346 10.8074 5.9212
v -36.9110 10.8714 7.7755
v -37.7881 10.7986 8.2739
v -37.1346 10.8074 5.9212
v -37.7881 10.7986 8.2739
v -38.7578 10.6992 8.0041
v -37.1346 10.8074 5.9212
v -38.7578 10.6992 8.0041
v -39.2521 10.6315 7.1243
v -37.1346 10.8074 5.9212
v -39.2521 10.6315 7.1243
v -38.9814 10.6352 6.1499
v -37.1346 10.8074 5.9212
v -38.9814 10.6352 6.1499
v -38.1043 10.7081 5.6515
v -37.1346 10.8074 5.9212
v -36.9361 11.9532 6.7994
v -37.1673 11.9501 7.6318
v -38.9357 11.7483 6.2433
v -37.1673 11.9501 7.6318
v -37.9165 11.8879 8.0575
v -38.9357 11.7483 6.2433
v -37.9165 11.8879 8.0575
v -38.7447 11.8030 7.8271
v -38.9357 11.7483 6.2433
v -38.7447 11.8030 7.8271
v -39.1670 11.7452 7.0756
v -38.9357 11.7483 6.2433
v -38.1866 11.8105 5.8175
v -37.3583 11.8954 6.0480
v -38.9357 11.7483 6.2433
v -37.3583 11.8954 6.0480
v -36.9361 11.9532 6.7994
v -38.9357 11.7483 6.2433
v -37.2591 13.0288 6.8013
v -37.4453 13.0263 7.4711
v -38.8684 12.8639 6.3537
v -37.4453 13.0263 7.4711
v -38.0482 12.9762 7.8139
v -38.8684 12.8639 6.3537
v -38.0482 12.9762 7.8139
v -38.7147 12.9079 7.6283
v -38.8684 12.8639 6.3537
v -38.7147 12.9079 7.6283
v -39.0546 12.8614 7.0236
v -38.8684 12.8639 6.3537
v -38.2656 12.9140 6.0110
v -37.5990 12.9823 6.1965
v -38.8684 12.8639 6.3537
v -37.5990 12.9823 6.1965
v -37.2591 13.0288 6.8013
v -38.8684 12.8639 6.3537
v -37.7177 14.0477 7.3119
v -38.1746 14.0098 7.5714
v -37.5768 14.0496 6.8043
v -38.1746 14.0098 7.5714
v -38.6797 13.9580 7.4310
v -37.5768 14.0496 6.8043
v -38.6797 13.9580 7.4310
v -38.9371 13.9228 6.9727
v -37.5768 14.0496 6.8043
v -38.9371 13.9228 6.9727
v -38.7962 13.9247 6.4651
v -37.5768 14.0496 6.8043
v -38.7962 13.9247 6.4651
v -38.3393 13.9626 6.2056
v -37.5768 14.0496 6.8043
v -38.3393 13.9626 6.2056
v -37.8342 14.0144 6.3460
v -37.5768 14.0496 6.8043
v -37.8892 15.0156 6.8087
v -37.9851 15.0143 7.1538
v -38.0643 14.9917 6.4971
v -37.9851 15.0143 7.1538
v -38.2957 14.9885 7.3303
v -38.0643 14.9917 6.4971
v -38.2957 14.9885 7.3303
v -38.6391 14.9533 7.2347
v -38.0643 14.9917 6.4971
v -38.6391 14.9533 7.2347
v -38.8142 14.9294 6.9232
v -38.0643 14.9917 6.4971
v -38.8142 14.9294 6.9232
v -38.7183 14.9307 6.5781
v -38.0643 14.9917 6.4971
v -38.7183 14.9307 6.5781
v -38.4077 14.9565 6.4015
v -38.0643 14.9917 6.4971
v -38.1692 15.9294 6.8109
v -38.2256 15.9286 7.0139
v -38.2722 15.9153 6.6276
v -38.2256 15.9286 7.0139
v -38.4083 15.9135 7.1177
v -38.2722 15.9153 6.6276
v -38.4083 15.9135 7.1177
v -38.6103 15.8927 7.0615
v -38.2722 15.9153 6.6276
v -38.6103 15.8927 7.0615
v -38.7133 15.8786 6.8782
v -38.2722 15.9153 6.6276
v -38.7133 15.8786 6.8782
v -38.6569 15.8794 6.6752
v -38.2722 15.9153 6.6276
v -38.6569 15.8794 6.6752
v -38.4742 15.8946 6.5714
v -38.2722 15.9153 6.6276
v -31.8792 12.4338 -32.3234
v -32.9293 12.4213 -32.8880
v -30.7375 12.4485 -32.6669
v -32.9293 12.4213 -32.8880
v -33.2728 12.4185 -34.0298
v -30.7375 12.4485 -32.6669
v -33.2728 12.4185 -34.0298
v -32.7083 12.4269 -35.0800
v -30.7375 12.4485 -32.6669
v -32.7083 12.4269 -35.0800
v -31.5665 12.4416 -35.4235
v -30.7375 12.4485 -32.6669
v -31.5665 12.4416 -35.4235
v -30.5164 12.4541 -34.8589
v -30.7375 12.4485 -32.6669
v -30.5164 12.4541 -34.8589
v -30.1729 12.4569 -33.7171
v -30.7375 12.4485 -32.6669
v -31.8727 13.7325 -32.5478
v -32.7696 13.7219 -33.0301
v -30.7086 13.7499 -34.7135
v -32.7696 13.7219 -33.0301
v -33.0630 13.7195 -34.0053
v -30.7086 13.7499 -34.7135
v -33.0630 13.7195 -34.0053
v -32.5808 13.7267 -34.9024
v -30.7086 13.7499 -34.7135
v -32.5808 13.7267 -34.9024
v -31.6056 13.7392 -35.1958
v -30.7086 13.7499 -34.7135
v -30.4152 13.7523 -33.7382
v -30.8974 13.7451 -32.8412
v -30.7086 13.7499 -34.7135
v -30.8974 13.7451 -32.8412
v -31.8727 13.7325 -32.5478
v -30.7086 13.7499 -34.7135
v -31.8629 15.0313 -32.8045
v -32.5847 15.0228 -33.1927
v -30.9261 15.0453 -34.5475
v -32.5847 15.0228 -33.1927
v -32.8210 15.0208 -33.9776
v -30.9261 15.0453 -34.5475
v -32.8210 15.0208 -33.9776
v -32.4327 15.0266 -34.6995
v -30.9261 15.0453 -34.5475
v -32.4327 15.0266 -34.6995
v -31.6479 15.0368 -34.9358
v -30.9261 15.0453 -34.5475
v -30.6898 15.0473 -33.7626
v -31.0780 15.0415 -33.0407
v -30.9261 15.0453 -34.5475
v -31.0780 15.0415 -33.0407
v -31.8629 15.0313 -32.8045
v -30.9261 15.0453 -34.5475
v -32.3993 16.2588 -33.3552
v -32.5781 16.2573 -33.9500
v -31.8523 16.2653 -33.0612
v -32.5781 16.2573 -33.9500
v -32.2842 16.2617 -34.4971
v -31.8523 16.2653 -33.0612
v -32.2842 16.2617 -34.4971
v -31.6894 16.2694 -34.6759
v -31.8523 16.2653 -33.0612
v -31.6894 16.2694 -34.6759
v -31.1424 16.2758 -34.3819
v -31.8523 16.2653 -33.0612
v -31.1424 16.2758 -34.3819
v -30.9636 16.2773 -33.7871
v -31.8523 16.2653 -33.0612
v -30.9636 16.2773 -33.7871
v -31.2575 16.2729 -33.2400
v -31.8523 16.2653 -33.0612
v -31.8408 17.4343 -33.3181
v -32.2128 17.4299 -33.5181
v -31.4365 17.4395 -33.4398
v -32.2128 17.4299 -33.5181
v -32.3344 17.4289 -33.9225
v -31.4365 17.4395 -33.4398
v -32.3344 17.4289 -33.9225
v -32.1345 17.4318 -34.2944
v -31.4365 17.4395 -33.4398
v -32.1345 17.4318 -34.2944
v -31.7301 17.4371 -34.4161
v -31.4365 17.4395 -33.4398
v -31.7301 17.4371 -34.4161
v -31.3582 17.4415 -34.2161
v -31.4365 17.4395 -33.4398
v -31.3582 17.4415 -34.2161
v -31.2365 17.4425 -33.8117
v -31.4365 17.4395 -33.4398
v -31.8319 18.5383 -33.5427
v -32.0506 18.5357 -33.6604
v -31.5940 18.5414 -33.6143
v -32.0506 18.5357 -33.6604
v -32.1222 18.5351 -33.8982
v -31.5940 18.5414 -33.6143
v -32.1222 18.5351 -33.8982
v -32.0046 18.5369 -34.1170
v -31.5940 18.5414 -33.6143
v -32.0046 18.5369 -34.1170
v -31.7667 18.5399 -34.1886
v -31.5940 18.5414 -33.6143
v -31.7667 18.5399 -34.1886
v -31.5480 18.5425 -34.0710
v -31.5940 18.5414 -33.6143
v -31.5480 18.5425 -34.0710
v -31.4764 18.5431 -33.8331
v -31.5940 18.5414 -33.6143
v 34.7480 12.9335 37.3024
v 34.5960 12.9744 37.9792
v 34.3764 12.8767 36.7181
v 34.5960 12.9744 37.9792
v 34.0096 12.9755 38.3518
v 34.3764 12.8767 36.7181
v 34.0096 12.9755 38.3518
v 33.3323 12.9362 38.2021
v 34.3764 12.8767 36.7181
v 33.3323 12.9362 38.2021
v 32.9608 12.8794 37.6178
v 34.3764 12.8767 36.7181
v 32.9608 12.8794 37.6178
v 33.1127 12.8385 36.9410
v 34.3764 12.8767 36.7181
v 33.1127 12.8385 36.9410
v 33.6991 12.8373 36.5683
v 34.3764 12.8767 36.7181
v 34.5855 13.6835 37.2726
v 34.4557 13.7185 37.8506
v 33.1888 13.6024 36.9639
v 34.4557 13.7185 37.8506
v 33.9548 13.7194 38.1690
v 33.1888 13.6024 36.9639
v 33.9548 13.7194 38.1690
v 33.3763 13.6858 38.0411
v 33.1888 13.6024 36.9639
v 33.3763 13.6858 38.0411
v 33.0590 13.6373 37.5419
v 33.1888 13.6024 36.9639
v 33.6896 13.6014 36.6456
v 34.2682 13.6350 36.7735
v 33.1888 13.6024 36.9639
v 34.2682 13.6350 36.7735
v 34.5855 13.6835 37.2726
v 33.1888 13.6024 36.9639
v 34.4045 14.4330 37.2460
v 34.2999 14.4611 37.7112
v 33.2803 14.3677 36.9976
v 34.2999 14.4611 37.7112
v 33.8969 14.4619 37.9675
v 33.2803 14.3677 36.9976
v 33.8969 14.4619 37.9675
v 33.4312 14.4348 37.8645
v 33.2803 14.3677 36.9976
v 33.4312 14.4348 37.8645
v 33.1758 14.3958 37.4628
v 33.2803 14.3677 36.9976
v 33.6834 14.3669 36.7414
v 34.1490 14.3939 36.8444
v 33.2803 14.3677 36.9976
v 34.1490 14.3939 36.8444
v 34.4045 14.4330 37.2460
v 33.2803 14.3677 36.9976
v 34.1459 15.1661 37.5746
v 33.8404 15.1666 37.7687
v 34.2250 15.1447 37.2221
v 33.8404 15.1666 37.7687
v 33.4876 15.1462 37.6908
v 34.2250 15.1447 37.2221
v 33.4876 15.1462 37.6908
v 33.2942 15.1166 37.3864
v 34.2250 15.1447 37.2221
v 33.2942 15.1166 37.3864
v 33.3733 15.0952 37.0339
v 34.2250 15.1447 37.2221
v 33.3733 15.0952 37.0339
v 33.6787 15.0947 36.8398
v 34.2250 15.1447 37.2221
v 33.6787 15.0947 36.8398
v 34.0315 15.1152 36.9177
v 34.2250 15.1447 37.2221
v 34.0471 15.8188 37.2009
v 33.9933 15.8333 37.4405
v 33.9156 15.7987 36.9939
v 33.9933 15.8333 37.4405
v 33.7857 15.8337 37.5725
v 33.9156 15.7987 36.9939
v 33.7857 15.8337 37.5725
v 33.5458 15.8198 37.5195
v 33.9156 15.7987 36.9939
v 33.5458 15.8198 37.5195
v 33.4142 15.7997 37.3125
v 33.9156 15.7987 36.9939
v 33.4142 15.7997 37.3125
v 33.4680 15.7852 37.0729
v 33.9156 15.7987 36.9939
v 33.4680 15.7852 37.0729
v 33.6757 15.7848 36.9409
v 33.9156 15.7987 36.9939
v 33.8895 16.4557 37.1789
v 33.8578 16.4643 37.3199
v 33.8121 16.4439 37.0572
v 33.8578 16.4643 37.3199
v 33.7357 16.4645 37.3976
v 33.8121 16.4439 37.0572
v 33.7357 16.4645 37.3976
v 33.5946 16.4563 37.3664
v 33.8121 16.4439 37.0572
v 33.5946 16.4563 37.3664
v 33.5172 16.4445 37.2446
v 33.8121 16.4439 37.0572
v 33.5172 16.4445 37.2446
v 33.5489 16.4359 37.1037
v 33.8121 16.4439 37.0572
v 33.5489 16.4359 37.1037
v 33.6710 16.4357 37.0260
v 33.8121 16.4439 37.0572
v 5.1436 11.7293 -3.5558
v 3.9732 11.7391 -3.3991
v 5.8602 11.6915 -4.4938
v 3.9732 11.7391 -3.3991
v 3.0345 11.7151 -4.1152
v 5.8602 11.6915 -4.4938
v 3.0345 11.7151 -4.1152
v 2.8775 11.6714 -5.2849
v 5.8602 11.6915 -4.4938
v 2.8775 11.6714 -5.2849
v 3.5940 11.6335 -6.2228
v 5.8602 11.6915 -4.4938
v 3.5940 11.6335 -6.2228
v 4.7645 11.6237 -6.3796
v 5.8602 11.6915 -4.4938
v 4.7645 11.6237 -6.3796
v 5.7032 11.6477 -5.6634
v 5.8602 11.6915 -4.4938
v 5.0349 13.0072 -3.7990
v 4.0351 13.0156 -3.6651
v 4.7110 12.9170 -6.2109
v 4.0351 13.0156 -3.6651
v 3.2333 12.9951 -4.2768
v 4.7110 12.9170 -6.2109
v 3.2333 12.9951 -4.2768
v 3.0992 12.9577 -5.2758
v 4.7110 12.9170 -6.2109
v 3.0992 12.9577 -5.2758
v 3.7113 12.9254 -6.0770
v 4.7110 12.9170 -6.2109
v 5.5128 12.9375 -5.5992
v 5.6469 12.9749 -4.6001
v 4.7110 12.9170 -6.2109
v 5.6469 12.9749 -4.6001
v 5.0349 13.0072 -3.7990
v 4.7110 12.9170 -6.2109
v 4.9100 14.2841 -4.0698
v 4.1054 14.2909 -3.9622
v 4.6493 14.2115 -6.0110
v 4.1054 14.2909 -3.9622
v 3.4600 14.2744 -4.4544
v 4.6493 14.2115 -6.0110
v 3.4600 14.2744 -4.4544
v 3.3522 14.2443 -5.2585
v 4.6493 14.2115 -6.0110
v 3.3522 14.2443 -5.2585
v 3.8446 14.2182 -5.9034
v 4.6493 14.2115 -6.0110
v 5.2947 14.2280 -5.5188
v 5.4025 14.2581 -4.7147
v 4.6493 14.2115 -6.0110
v 5.4025 14.2581 -4.7147
v 4.9100 14.2841 -4.0698
v 4.6493 14.2115 -6.0110
v 4.1752 15.5019 -4.2565
v 3.6864 15.4894 -4.6297
v 4.7849 15.4968 -4.3383
v 3.6864 15.4894 -4.6297
v 3.6045 15.4666 -5.2389
v 4.7849 15.4968 -4.3383
v 3.6045 15.4666 -5.2389
v 3.9778 15.4469 -5.7273
v 4.7849 15.4968 -4.3383
v 3.9778 15.4469 -5.7273
v 4.5874 15.4418 -5.8091
v 4.7849 15.4968 -4.3383
v 4.5874 15.4418 -5.8091
v 5.0763 15.4543 -5.4360
v 4.7849 15.4968 -4.3383
v 5.0763 15.4543 -5.4360
v 5.1582 15.4771 -4.8268
v 4.7849 15.4968 -4.3383
v 4.6596 16.6452 -4.6043
v 4.2450 16.6487 -4.5488
v 4.9133 16.6318 -4.9365
v 4.2450 16.6487 -4.5488
v 3.9126 16.6402 -4.8024
v 4.9133 16.6318 -4.9365
v 3.9126 16.6402 -4.8024
v 3.8570 16.6247 -5.2167
v 4.9133 16.6318 -4.9365
v 3.8570 16.6247 -5.2167
v 4.1107 16.6113 -5.5489
v 4.9133 16.6318 -4.9365
v 4.1107 16.6113 -5.5489
v 4.5253 16.6078 -5.6044
v 4.9133 16.6318 -4.9365
v 4.5253 16.6078 -5.6044
v 4.8577 16.6163 -5.3508
v 4.9133 16.6318 -4.9365
v 4.5502 17.7304 -4.8401
v 4.3064 17.7324 -4.8075
v 4.6994 17.7225 -5.0356
v 4.3064 17.7324 -4.8075
v 4.1108 17.7274 -4.9567
v 4.6994 17.7225 -5.0356
v 4.1108 17.7274 -4.9567
v 4.0781 17.7183 -5.2003
v 4.6994 17.7225 -5.0356
v 4.0781 17.7183 -5.2003
v 4.2273 17.7104 -5.3958
v 4.6994 17.7225 -5.0356
v 4.2273 17.7104 -5.3958
v 4.4712 17.7084 -5.4284
v 4.6994 17.7225 -5.0356
v 4.4712 17.7084 -5.4284
v 4.6667 17.7134 -5.2792
v 4.6994 17.7225 -5.0356
v -9.7552 13.5610 45.2964
v -10.5555 13.5262 45.6515
v -9.4397 13.5622 44.4790
v -10.5555 13.5262 45.6515
v -11.3716 13.4782 45.3364
v -9.4397 13.5622 44.4790
v -11.3716 13.4782 45.3364
v -11.7255 13.4451 44.5356
v -9.4397 13.5622 44.4790
v -11.7255 13.4451 44.5356
v -11.4100 13.4462 43.7182
v -9.4397 13.5622 44.4790
v -11.4100 13.4462 43.7182
v -10.6098 13.4810 43.3631
v -9.4397 13.5622 44.4790
v -10.6098 13.4810 43.3631
v -9.7936 13.5290 43.6782
v -9.4397 13.5622 44.4790
v -9.9251 14.5052 45.1636
v -10.6086 14.4755 45.4669
v -10.6550 14.4368 43.5123
v -10.6086 14.4755 45.4669
v -11.3058 14.4345 45.1978
v -10.6550 14.4368 43.5123
v -11.3058 14.4345 45.1978
v -11.6080 14.4061 44.5138
v -10.6550 14.4368 43.5123
v -11.6080 14.4061 44.5138
v -11.3386 14.4071 43.8156
v -10.6550 14.4368 43.5123
v -9.9579 14.4779 43.7814
v -9.6556 14.5062 44.4655
v -10.6550 14.4368 43.5123
v -9.6556 14.5062 44.4655
v -9.9251 14.5052 45.1636
v -10.6550 14.4368 43.5123
v -10.1123 15.4482 45.0145
v -10.6624 15.4243 45.2585
v -10.6998 15.3932 43.6854
v -10.6624 15.4243 45.2585
v -11.2235 15.3912 45.0420
v -10.6998 15.3932 43.6854
v -11.2235 15.3912 45.0420
v -11.4667 15.3685 44.4914
v -10.6998 15.3932 43.6854
v -11.4667 15.3685 44.4914
v -11.2499 15.3692 43.9295
v -10.6998 15.3932 43.6854
v -10.1387 15.4262 43.9019
v -9.8955 15.4490 44.4525
v -10.6998 15.3932 43.6854
v -9.8955 15.4490 44.4525
v -10.1123 15.4482 45.0145
v -10.6998 15.3932 43.6854
v -10.7137 16.3254 45.0512
v -11.1388 16.3004 44.8870
v -10.2970 16.3435 44.8662
v -11.1388 16.3004 44.8870
v -11.3232 16.2831 44.4699
v -10.2970 16.3435 44.8662
v -11.3232 16.2831 44.4699
v -11.1588 16.2837 44.0442
v -10.2970 16.3435 44.8662
v -11.1588 16.2837 44.0442
v -10.7420 16.3018 43.8591
v -10.2970 16.3435 44.8662
v -10.7420 16.3018 43.8591
v -10.3170 16.3269 44.0233
v -10.2970 16.3435 44.8662
v -10.3170 16.3269 44.0233
v -10.1325 16.3441 44.4404
v -10.2970 16.3435 44.8662
v -10.4792 17.1912 44.7187
v -10.7626 17.1789 44.8445
v -10.3674 17.1917 44.4293
v -10.7626 17.1789 44.8445
v -11.0516 17.1619 44.7329
v -10.3674 17.1917 44.4293
v -11.0516 17.1619 44.7329
v -11.1770 17.1502 44.4493
v -10.3674 17.1917 44.4293
v -11.1770 17.1502 44.4493
v -11.0652 17.1506 44.1598
v -10.3674 17.1917 44.4293
v -11.0652 17.1506 44.1598
v -10.7818 17.1629 44.0340
v -10.3674 17.1917 44.4293
v -10.7818 17.1629 44.0340
v -10.4928 17.1799 44.1456
v -10.3674 17.1917 44.4293
v -10.6417 17.9925 44.5886
v -10.8084 17.9853 44.6626
v -10.5760 17.9928 44.4184
v -10.8084 17.9853 44.6626
v -10.9784 17.9753 44.5970
v -10.5760 17.9928 44.4184
v -10.9784 17.9753 44.5970
v -11.0521 17.9684 44.4301
v -10.5760 17.9928 44.4184
v -11.0521 17.9684 44.4301
v -10.9864 17.9686 44.2599
v -10.5760 17.9928 44.4184
v -10.9864 17.9686 44.2599
v -10.8197 17.9759 44.1859
v -10.5760 17.9928 44.4184
v -10.8197 17.9759 44.1859
v -10.6497 17.9859 44.2515
v -10.5760 17.9928 44.4184
v 19.3657 12.1243 1.7597
v 20.5706 12.1539 2.4403
v 18.0326 12.0889 2.1308
v 20.5706 12.1539 2.4403
v 20.9417 12.1602 3.7739
v 18.0326 12.0889 2.1308
v 20.9417 12.1602 3.7739
v 20.2614 12.1397 4.9792
v 18.0326 12.0889 2.1308
v 20.2614 12.1397 4.9792
v 18.9283 12.1042 5.3503
v 18.0326 12.0889 2.1308
v 18.9283 12.1042 5.3503
v 17.7233 12.0747 4.6697
v 18.0326 12.0889 2.1308
v 17.7233 12.0747 4.6697
v 17.3522 12.0683 3.3361
v 18.0326 12.0889 2.1308
v 19.2947 13.6295 2.0252
v 20.3240 13.6548 2.6066
v 17.8919 13.5871 4.5108
v 20.3240 13.6548 2.6066
v 20.6409 13.6602 3.7456
v 17.8919 13.5871 4.5108
v 20.6409 13.6602 3.7456
v 20.0598 13.6426 4.7752
v 17.8919 13.5871 4.5108
v 20.0598 13.6426 4.7752
v 18.9211 13.6124 5.0922
v 17.8919 13.5871 4.5108
v 17.5750 13.5817 3.3717
v 18.1561 13.5992 2.3422
v 17.8919 13.5871 4.5108
v 18.1561 13.5992 2.3422
v 19.2947 13.6295 2.0252
v 17.8919 13.5871 4.5108
v 19.2193 15.1345 2.3281
v 20.0475 15.1548 2.7961
v 18.0903 15.1004 4.3286
v 20.0475 15.1548 2.7961
v 20.3028 15.1592 3.7128
v 18.0903 15.1004 4.3286
v 20.3028 15.1592 3.7128
v 19.8349 15.1450 4.5413
v 18.0903 15.1004 4.3286
v 19.8349 15.1450 4.5413
v 18.9186 15.1207 4.7966
v 18.0903 15.1004 4.3286
v 17.8350 15.0960 3.4119
v 18.3029 15.1101 2.5834
v 18.0903 15.1004 4.3286
v 18.3029 15.1101 2.5834
v 19.2193 15.1345 2.3281
v 18.0903 15.1004 4.3286
v 19.7735 16.5796 2.9852
v 19.9666 16.5829 3.6798
v 19.1457 16.5642 2.6308
v 19.9666 16.5829 3.6798
v 19.6124 16.5722 4.3077
v 19.1457 16.5642 2.6308
v 19.6124 16.5722 4.3077
v 18.9179 16.5537 4.5009
v 19.1457 16.5642 2.6308
v 18.9179 16.5537 4.5009
v 18.2902 16.5383 4.1465
v 19.1457 16.5642 2.6308
v 18.2902 16.5383 4.1465
v 18.0971 16.5350 3.4519
v 19.1457 16.5642 2.6308
v 18.0971 16.5350 3.4519
v 18.4513 16.5457 2.8240
v 19.1457 16.5642 2.6308
v 19.0742 17.9185 2.9333
v 19.5009 17.9289 3.1744
v 18.6021 17.9059 3.0648
v 19.5009 17.9289 3.1744
v 19.6324 17.9312 3.6467
v 18.6021 17.9059 3.0648
v 19.6324 17.9312 3.6467
v 19.3914 17.9239 4.0735
v 18.6021 17.9059 3.0648
v 19.3914 17.9239 4.0735
v 18.9193 17.9114 4.2050
v 18.6021 17.9059 3.0648
v 18.9193 17.9114 4.2050
v 18.4925 17.9009 3.9639
v 18.6021 17.9059 3.0648
v 18.4925 17.9009 3.9639
v 18.3611 17.8986 3.4916
v 18.6021 17.9059 3.0648
v 19.0091 19.1977 3.1983
v 19.2601 19.2038 3.3401
v 18.7314 19.1903 3.2756
v 19.2601 19.2038 3.3401
v 19.3374 19.2052 3.6179
v 18.7314 19.1903 3.2756
v 19.3374 19.2052 3.6179
v 19.1957 19.2009 3.8690
v 18.7314 19.1903 3.2756
v 19.1957 19.2009 3.8690
v 18.9180 19.1935 3.9463
v 18.7314 19.1903 3.2756
v 18.9180 19.1935 3.9463
v 18.6670 19.1873 3.8045
v 18.7314 19.1903 3.2756
v 18.6670 19.1873 3.8045
v 18.5896 19.1860 3.5267
v 18.7314 19.1903 3.2756
v 32.3712 12.0707 -42.9298
v 32.6143 12.0605 -42.2584
v 31.7249 12.0556 -43.2330
v 32.6143 12.0605 -42.2584
v 32.3119 12.0310 -41.6122
v 31.7249 12.0556 -43.2330
v 32.3119 12.0310 -41.6122
v 31.6410 11.9994 -41.3698
v 31.7249 12.0556 -43.2330
v 31.6410 11.9994 -41.3698
v 30.9946 11.9843 -41.6729
v 31.7249 12.0556 -43.2330
v 30.9946 11.9843 -41.6729
v 30.7515 11.9944 -42.3443
v 31.7249 12.0556 -43.2330
v 30.7515 11.9944 -42.3443
v 31.0540 12.0240 -42.9905
v 31.7249 12.0556 -43.2330
v 32.2422 12.8411 -42.8160
v 32.4499 12.8324 -42.2426
v 30.8588 12.7759 -42.3159
v 32.4499 12.8324 -42.2426
v 32.1916 12.8071 -41.6906
v 30.8588 12.7759 -42.3159
v 32.1916 12.8071 -41.6906
v 31.6185 12.7802 -41.4835
v 30.8588 12.7759 -42.3159
v 31.6185 12.7802 -41.4835
v 31.0665 12.7672 -41.7424
v 30.8588 12.7759 -42.3159
v 31.1171 12.8012 -42.8678
v 31.6902 12.8282 -43.0750
v 30.8588 12.7759 -42.3159
v 31.6902 12.8282 -43.0750
v 32.2422 12.8411 -42.8160
v 30.8588 12.7759 -42.3159
v 32.0990 13.6105 -42.6891
v 32.2660 13.6035 -42.2276
v 30.9855 13.5581 -42.2866
v 32.2660 13.6035 -42.2276
v 32.0582 13.5832 -41.7833
v 30.9855 13.5581 -42.2866
v 32.0582 13.5832 -41.7833
v 31.5970 13.5615 -41.6167
v 30.9855 13.5581 -42.2866
v 31.5970 13.5615 -41.6167
v 31.1526 13.5511 -41.8250
v 30.9855 13.5581 -42.2866
v 31.1934 13.5784 -42.7309
v 31.6546 13.6001 -42.8975
v 30.9855 13.5581 -42.2866
v 31.6546 13.6001 -42.8975
v 32.0990 13.6105 -42.6891
v 30.9855 13.5581 -42.2866
v 32.0838 14.3359 -42.2137
v 31.9262 14.3205 -41.8771
v 31.9571 14.3412 -42.5634
v 31.9262 14.3205 -41.8771
v 31.5768 14.3040 -41.7508
v 31.9571 14.3412 -42.5634
v 31.5768 14.3040 -41.7508
v 31.2402 14.2961 -41.9088
v 31.9571 14.3412 -42.5634
v 31.2402 14.2961 -41.9088
v 31.1134 14.3014 -42.2584
v 31.9571 14.3412 -42.5634
v 31.1134 14.3014 -42.2584
v 31.2710 14.3168 -42.5950
v 31.9571 14.3412 -42.5634
v 31.2710 14.3168 -42.5950
v 31.6205 14.3333 -42.7213
v 31.9571 14.3412 -42.5634
v 31.8167 15.0330 -42.4387
v 31.9028 15.0293 -42.2009
v 31.5878 15.0276 -42.5461
v 31.9028 15.0293 -42.2009
v 31.7957 15.0189 -41.9721
v 31.5878 15.0276 -42.5461
v 31.7957 15.0189 -41.9721
v 31.5581 15.0077 -41.8862
v 31.5878 15.0276 -42.5461
v 31.5581 15.0077 -41.8862
v 31.3292 15.0023 -41.9936
v 31.5878 15.0276 -42.5461
v 31.3292 15.0023 -41.9936
v 31.2431 15.0059 -42.2313
v 31.5878 15.0276 -42.5461
v 31.2431 15.0059 -42.2313
v 31.3502 15.0164 -42.4602
v 31.5878 15.0276 -42.5461
v 31.6920 15.6868 -42.3282
v 31.7427 15.6847 -42.1884
v 31.5574 15.6837 -42.3914
v 31.7427 15.6847 -42.1884
v 31.6797 15.6785 -42.0537
v 31.5574 15.6837 -42.3914
v 31.6797 15.6785 -42.0537
v 31.5399 15.6720 -42.0033
v 31.5574 15.6837 -42.3914
v 31.5399 15.6720 -42.0033
v 31.4052 15.6688 -42.0664
v 31.5574 15.6837 -42.3914
v 31.4052 15.6688 -42.0664
v 31.3546 15.6709 -42.2063
v 31.5574 15.6837 -42.3914
v 31.3546 15.6709 -42.2063
v 31.4176 15.6771 -42.3409
v 31.5574 15.6837 -42.3914
v 24.5216 11.7420 -14.0757
v 23.9235 11.7985 -14.8990
v 25.5275 11.6995 -13.9173
v 23.9235 11.7985 -14.8990
v 24.0835 11.8361 -15.9048
v 25.5275 11.6995 -13.9173
v 24.0835 11.8361 -15.9048
v 24.9079 11.8326 -16.5040
v 25.5275 11.6995 -13.9173
v 24.9079 11.8326 -16.5040
v 25.9138 11.7902 -16.3456
v 25.5275 11.6995 -13.9173
v 25.9138 11.7902 -16.3456
v 26.5119 11.7336 -15.5223
v 25.5275 11.6995 -13.9173
v 26.5119 11.7336 -15.5223
v 26.3519 11.6961 -14.5165
v 25.5275 11.6995 -13.9173
v 24.6623 12.8535 -14.1936
v 24.1515 12.9018 -14.8968
v 26.3624 12.8463 -15.4292
v 24.1515 12.9018 -14.8968
v 24.2881 12.9338 -15.7560
v 26.3624 12.8463 -15.4292
v 24.2881 12.9338 -15.7560
v 24.9923 12.9309 -16.2678
v 26.3624 12.8463 -15.4292
v 24.9923 12.9309 -16.2678
v 25.8515 12.8947 -16.1325
v 26.3624 12.8463 -15.4292
v 26.2258 12.8143 -14.5701
v 25.5215 12.8172 -14.0583
v 26.3624 12.8463 -15.4292
v 25.5215 12.8172 -14.0583
v 24.6623 12.8535 -14.1936
v 26.3624 12.8463 -15.4292
v 24.8176 13.9655 -14.3352
v 24.4066 14.0043 -14.9012
v 26.1858 13.9597 -15.3297
v 24.4066 14.0043 -14.9012
v 24.5164 14.0302 -15.5927
v 26.1858 13.9597 -15.3297
v 24.5164 14.0302 -15.5927
v 25.0832 14.0278 -16.0045
v 26.1858 13.9597 -15.3297
v 25.0832 14.0278 -16.0045
v 25.7747 13.9986 -15.8957
v 26.1858 13.9597 -15.3297
v 26.0760 13.9339 -14.6382
v 25.5091 13.9363 -14.2264
v 26.1858 13.9597 -15.3297
v 25.5091 13.9363 -14.2264
v 24.8176 13.9655 -14.3352
v 26.1858 13.9597 -15.3297
v 24.6593 15.0515 -14.9079
v 24.7427 15.0711 -15.4318
v 24.9709 15.0221 -14.4791
v 24.7427 15.0711 -15.4318
v 25.1721 15.0693 -15.7439
v 24.9709 15.0221 -14.4791
v 25.1721 15.0693 -15.7439
v 25.6960 15.0472 -15.6613
v 24.9709 15.0221 -14.4791
v 25.6960 15.0472 -15.6613
v 26.0076 15.0177 -15.2326
v 24.9709 15.0221 -14.4791
v 26.0076 15.0177 -15.2326
v 25.9242 14.9982 -14.7087
v 24.9709 15.0221 -14.4791
v 25.9242 14.9982 -14.7087
v 25.4948 15.0000 -14.3965
v 24.9709 15.0221 -14.4791
v 25.1222 16.0233 -14.6254
v 24.9104 16.0433 -14.9170
v 25.4785 16.0082 -14.5693
v 24.9104 16.0433 -14.9170
v 24.9671 16.0566 -15.2732
v 25.4785 16.0082 -14.5693
v 24.9671 16.0566 -15.2732
v 25.2591 16.0554 -15.4854
v 25.4785 16.0082 -14.5693
v 25.2591 16.0554 -15.4854
v 25.6153 16.0403 -15.4293
v 25.4785 16.0082 -14.5693
v 25.6153 16.0403 -15.4293
v 25.8271 16.0203 -15.1378
v 25.4785 16.0082 -14.5693
v 25.8271 16.0203 -15.1378
v 25.7705 16.0070 -14.7815
v 25.4785 16.0082 -14.5693
v 25.2571 16.9686 -14.7505
v 25.1325 16.9803 -14.9220
v 25.4667 16.9597 -14.7175
v 25.1325 16.9803 -14.9220
v 25.1658 16.9882 -15.1315
v 25.4667 16.9597 -14.7175
v 25.1658 16.9882 -15.1315
v 25.3376 16.9874 -15.2563
v 25.4667 16.9597 -14.7175
v 25.3376 16.9874 -15.2563
v 25.5471 16.9786 -15.2234
v 25.4667 16.9597 -14.7175
v 25.5471 16.9786 -15.2234
v 25.6717 16.9668 -15.0518
v 25.4667 16.9597 -14.7175
v 25.6717 16.9668 -15.0518
v 25.6384 16.9590 -14.8423
v 25.4667 16.9597 -14.7175
v -19.2367 12.1479 -26.6238
v -18.9757 12.1164 -25.5200
v -20.2005 12.2150 -27.2187
v -18.9757 12.1164 -25.5200
v -19.5704 12.1390 -24.5539
v -20.2005 12.2150 -27.2187
v -19.5704 12.1390 -24.5539
v -20.6725 12.2024 -24.2916
v -20.2005 12.2150 -27.2187
v -20.6725 12.2024 -24.2916
v -21.6364 12.2695 -24.8865
v -20.2005 12.2150 -27.2187
v -21.6364 12.2695 -24.8865
v -21.8973 12.3010 -25.9903
v -20.2005 12.2150 -27.2187
v -21.8973 12.3010 -25.9903
v -21.3026 12.2784 -26.9563
v -20.2005 12.2150 -27.2187
v -19.3366 13.3898 -26.4797
v -19.1137 13.3629 -25.5368
v -21.6092 13.5205 -25.9385
v -19.1137 13.3629 -25.5368
v -19.6217 13.3822 -24.7117
v -21.6092 13.5205 -25.9385
v -19.6217 13.3822 -24.7117
v -20.5630 13.4363 -24.4876
v -21.6092 13.5205 -25.9385
v -20.5630 13.4363 -24.4876
v -21.3863 13.4936 -24.9957
v -21.6092 13.5205 -25.9385
v -21.1012 13.5013 -26.7637
v -20.1599 13.4471 -26.9878
v -21.6092 13.5205 -25.9385
v -20.1599 13.4471 -26.9878
v -19.3366 13.3898 -26.4797
v -21.6092 13.5205 -25.9385
v -19.4615 14.6330 -26.3174
v -19.2822 14.6113 -25.5586
v -21.2905 14.7382 -25.8819
v -19.2822 14.6113 -25.5586
v -19.6909 14.6268 -24.8944
v -21.2905 14.7382 -25.8819
v -19.6909 14.6268 -24.8944
v -20.4486 14.6704 -24.7142
v -21.2905 14.7382 -25.8819
v -20.4486 14.6704 -24.7142
v -21.1113 14.7165 -25.1231
v -21.2905 14.7382 -25.8819
v -20.8818 14.7227 -26.5461
v -20.1241 14.6791 -26.7263
v -21.2905 14.7382 -25.8819
v -20.1241 14.6791 -26.7263
v -19.4615 14.6330 -26.3174
v -21.2905 14.7382 -25.8819
v -19.4541 15.7980 -25.5812
v -19.7640 15.8098 -25.0781
v -19.5901 15.8145 -26.1561
v -19.7640 15.8098 -25.0781
v -20.3380 15.8428 -24.9413
v -19.5901 15.8145 -26.1561
v -20.3380 15.8428 -24.9413
v -20.8400 15.8778 -25.2513
v -19.5901 15.8145 -26.1561
v -20.8400 15.8778 -25.2513
v -20.9760 15.8942 -25.8262
v -19.5901 15.8145 -26.1561
v -20.9760 15.8942 -25.8262
v -20.6661 15.8824 -26.3293
v -19.5901 15.8145 -26.1561
v -20.6661 15.8824 -26.3293
v -20.0921 15.8494 -26.4661
v -19.5901 15.8145 -26.1561
v -19.7225 16.9343 -25.9956
v -19.6301 16.9232 -25.6047
v -20.0639 16.9581 -26.2063
v -19.6301 16.9232 -25.6047
v -19.8407 16.9311 -25.2626
v -20.0639 16.9581 -26.2063
v -19.8407 16.9311 -25.2626
v -20.2310 16.9536 -25.1697
v -20.0639 16.9581 -26.2063
v -20.2310 16.9536 -25.1697
v -20.5724 16.9774 -25.3804
v -20.0639 16.9581 -26.2063
v -20.5724 16.9774 -25.3804
v -20.6648 16.9885 -25.7713
v -20.0639 16.9581 -26.2063
v -20.6648 16.9885 -25.7713
v -20.4542 16.9805 -26.1134
v -20.0639 16.9581 -26.2063
v -19.8337 17.9912 -25.8541
v -19.7794 17.9847 -25.6242
v -20.0345 18.0052 -25.9781
v -19.7794 17.9847 -25.6242
v -19.9032 17.9894 -25.4229
v -20.0345 18.0052 -25.9781
v -19.9032 17.9894 -25.4229
v -20.1328 18.0026 -25.3683
v -20.0345 18.0052 -25.9781
v -20.1328 18.0026 -25.3683
v -20.3336 18.0166 -25.4922
v -20.0345 18.0052 -25.9781
v -20.3336 18.0166 -25.4922
v -20.3880 18.0231 -25.7222
v -20.0345 18.0052 -25.9781
v -20.3880 18.0231 -25.7222
v -20.2641 18.0184 -25.9234
v -20.0345 18.0052 -25.9781
v -46.1739 11.7390 40.9872
v -45.0462 11.6438 41.6239
v -47.4198 11.8458 41.3372
v -45.0462 11.6438 41.6239
v -44.6973 11.6160 42.8744
v -47.4198 11.8458 41.3372
v -44.6973 11.6160 42.8744
v -45.3316 11.6718 44.0061
v -47.4198 11.8458 41.3372
v -45.3316 11.6718 44.0061
v -46.5775 11.7786 44.3561
v -47.4198 11.8458 41.3372
v -46.5775 11.7786 44.3561
v -47.7051 11.8738 43.7194
v -47.4198 11.8458 41.3372
v -47.7051 11.8738 43.7194
v -48.0541 11.9016 42.4689
v -47.4198 11.8458 41.3372
v -46.0832 13.1507 41.2307
v -45.1200 13.0693 41.7746
v -47.3911 13.2658 43.5644
v -45.1200 13.0693 41.7746
v -44.8219 13.0456 42.8426
v -47.3911 13.2658 43.5644
v -44.8219 13.0456 42.8426
v -45.3637 13.0932 43.8093
v -47.3911 13.2658 43.5644
v -45.3637 13.0932 43.8093
v -46.4279 13.1845 44.1083
v -47.3911 13.2658 43.5644
v -47.6892 13.2896 42.4963
v -47.1474 13.2419 41.5297
v -47.3911 13.2658 43.5644
v -47.1474 13.2419 41.5297
v -46.0832 13.1507 41.2307
v -47.3911 13.2658 43.5644
v -45.9967 14.5627 41.5092
v -45.2216 14.4973 41.9471
v -47.0493 14.6553 43.3875
v -45.2216 14.4973 41.9471
v -44.9815 14.4781 42.8067
v -47.0493 14.6553 43.3875
v -44.9815 14.4781 42.8067
v -45.4177 14.5165 43.5846
v -47.0493 14.6553 43.3875
v -45.4177 14.5165 43.5846
v -46.2741 14.5899 43.8254
v -47.0493 14.6553 43.3875
v -47.2893 14.6745 42.5279
v -46.8531 14.6361 41.7501
v -47.0493 14.6553 43.3875
v -46.8531 14.6361 41.7501
v -45.9967 14.5627 41.5092
v -47.0493 14.6553 43.3875
v -45.3287 15.8547 42.1195
v -45.1471 15.8402 42.7709
v -45.9162 15.9043 41.7879
v -45.1471 15.8402 42.7709
v -45.4774 15.8693 43.3604
v -45.9162 15.9043 41.7879
v -45.4774 15.8693 43.3604
v -46.1264 15.9249 43.5426
v -45.9162 15.9043 41.7879
v -46.1264 15.9249 43.5426
v -46.7138 15.9745 43.2111
v -45.9162 15.9043 41.7879
v -46.7138 15.9745 43.2111
v -46.8954 15.9890 42.5597
v -45.9162 15.9043 41.7879
v -46.8954 15.9890 42.5597
v -46.5652 15.9599 41.9702
v -45.9162 15.9043 41.7879
v -45.8417 17.1755 42.0667
v -45.4423 17.1418 42.2923
v -46.2829 17.2133 42.1907
v -45.4423 17.1418 42.2923
v -45.3187 17.1319 42.7351
v -46.2829 17.2133 42.1907
v -45.3187 17.1319 42.7351
v -45.5434 17.1517 43.1359
v -46.2829 17.2133 42.1907
v -45.5434 17.1517 43.1359
v -45.9846 17.1895 43.2599
v -46.2829 17.2133 42.1907
v -45.9846 17.1895 43.2599
v -46.3840 17.2232 43.0344
v -46.2829 17.2133 42.1907
v -46.3840 17.2232 43.0344
v -46.5076 17.2331 42.5915
v -46.2829 17.2133 42.1907
v -45.7690 18.3758 42.3106
v -45.5341 18.3560 42.4433
v -46.0285 18.3980 42.3835
v -45.5341 18.3560 42.4433
v -45.4613 18.3502 42.7037
v -46.0285 18.3980 42.3835
v -45.4613 18.3502 42.7037
v -45.5935 18.3618 42.9395
v -46.0285 18.3980 42.3835
v -45.5935 18.3618 42.9395
v -45.8531 18.3840 43.0124
v -46.0285 18.3980 42.3835
v -45.8531 18.3840 43.0124
v -46.0880 18.4039 42.8797
v -46.0285 18.3980 42.3835
v -46.0880 18.4039 42.8797
v -46.1607 18.4097 42.6193
v -46.0285 18.3980 42.3835
v 41.9294 12.5030 9.2183
v 40.9537 12.5115 8.5997
v 43.0566 12.4881 8.9657
v 40.9537 12.5115 8.5997
v 40.7011 12.5086 7.4724
v 43.0566 12.4881 8.9657
v 40.7011 12.5086 7.4724
v 41.3196 12.4959 6.4967
v 43.0566 12.4881 8.9657
v 41.3196 12.4959 6.4967
v 42.4468 12.4810 6.2442
v 43.0566 12.4881 8.9657
v 42.4468 12.4810 6.2442
v 43.4225 12.4725 6.8628
v 43.0566 12.4881 8.9657
v 43.4225 12.4725 6.8628
v 43.6751 12.4755 7.9901
v 43.0566 12.4881 8.9657
v 41.9823 13.7592 8.9948
v 41.1489 13.7664 8.4664
v 43.2576 13.7331 6.9827
v 41.1489 13.7664 8.4664
v 40.9331 13.7639 7.5035
v 43.2576 13.7331 6.9827
v 40.9331 13.7639 7.5035
v 41.4614 13.7531 6.6701
v 43.2576 13.7331 6.9827
v 41.4614 13.7531 6.6701
v 42.4242 13.7404 6.4543
v 43.2576 13.7331 6.9827
v 43.4734 13.7356 7.9456
v 42.9451 13.7464 8.7790
v 43.2576 13.7331 6.9827
v 42.9451 13.7464 8.7790
v 41.9823 13.7592 8.9948
v 43.2576 13.7331 6.9827
v 42.0406 15.0151 8.7402
v 41.3699 15.0209 8.3148
v 43.0669 14.9941 7.1209
v 41.3699 15.0209 8.3148
v 41.1961 15.0189 7.5399
v 43.0669 14.9941 7.1209
v 41.1961 15.0189 7.5399
v 41.6214 15.0102 6.8693
v 43.0669 14.9941 7.1209
v 41.6214 15.0102 6.8693
v 42.3963 15.0000 6.6955
v 43.0669 14.9941 7.1209
v 43.2407 14.9962 7.8958
v 42.8154 15.0049 8.5664
v 43.0669 14.9941 7.1209
v 42.8154 15.0049 8.5664
v 42.0406 15.0151 8.7402
v 43.0669 14.9941 7.1209
v 41.5898 16.2126 8.1639
v 41.4583 16.2110 7.5767
v 42.0981 16.2081 8.4860
v 41.4583 16.2110 7.5767
v 41.7804 16.2044 7.0684
v 42.0981 16.2081 8.4860
v 41.7804 16.2044 7.0684
v 42.3676 16.1967 6.9370
v 42.0981 16.2081 8.4860
v 42.3676 16.1967 6.9370
v 42.8758 16.1923 7.2591
v 42.0981 16.2081 8.4860
v 42.8758 16.1923 7.2591
v 43.0073 16.1938 7.8463
v 42.0981 16.2081 8.4860
v 43.0073 16.1938 7.8463
v 42.6852 16.2004 8.3546
v 42.0981 16.2081 8.4860
v 42.1548 17.3383 8.2322
v 41.8093 17.3413 8.0131
v 42.5540 17.3330 8.1427
v 41.8093 17.3413 8.0131
v 41.7198 17.3403 7.6138
v 42.5540 17.3330 8.1427
v 41.7198 17.3403 7.6138
v 41.9389 17.3358 7.2683
v 42.5540 17.3330 8.1427
v 41.9389 17.3358 7.2683
v 42.3381 17.3305 7.1788
v 42.5540 17.3330 8.1427
v 42.3381 17.3305 7.1788
v 42.6836 17.3275 7.3979
v 42.5540 17.3330 8.1427
v 42.6836 17.3275 7.3979
v 42.7731 17.3285 7.7972
v 42.5540 17.3330 8.1427
v 42.2055 18.4058 8.0096
v 42.0022 18.4076 7.8807
v 42.4403 18.4027 7.9570
v 42.0022 18.4076 7.8807
v 41.9496 18.4069 7.6459
v 42.4403 18.4027 7.9570
v 41.9496 18.4069 7.6459
v 42.0784 18.4043 7.4427
v 42.4403 18.4027 7.9570
v 42.0784 18.4043 7.4427
v 42.3132 18.4012 7.3900
v 42.4403 18.4027 7.9570
v 42.3132 18.4012 7.3900
v 42.5165 18.3994 7.5189
v 42.4403 18.4027 7.9570
v 42.5165 18.3994 7.5189
v 42.5691 18.4000 7.7537
v 42.4403 18.4027 7.9570
v 50.7950 12.8753 -32.7976
v 50.7449 12.8119 -31.8943
v 50.1902 12.9388 -33.4705
v 50.7449 12.8119 -31.8943
v 50.0694 12.7857 -31.2896
v 50.1902 12.9388 -33.4705
v 50.0694 12.7857 -31.2896
v 49.1641 12.8122 -31.3380
v 50.1902 12.9388 -33.4705
v 49.1641 12.8122 -31.3380
v 48.5593 12.8757 -32.0109
v 50.1902 12.9388 -33.4705
v 48.5593 12.8757 -32.0109
v 48.6094 12.9391 -32.9142
v 50.1902 12.9388 -33.4705
v 48.6094 12.9391 -32.9142
v 49.2849 12.9652 -33.5188
v 50.1902 12.9388 -33.4705
v 50.6569 13.8600 -32.6698
v 50.6141 13.8058 -31.8982
v 48.7901 13.9145 -32.7693
v 50.6141 13.8058 -31.8982
v 50.0372 13.7835 -31.3817
v 48.7901 13.9145 -32.7693
v 50.0372 13.7835 -31.3817
v 49.2639 13.8061 -31.4230
v 48.7901 13.9145 -32.7693
v 49.2639 13.8061 -31.4230
v 48.7473 13.8603 -31.9977
v 48.7901 13.9145 -32.7693
v 49.3671 13.9368 -33.2858
v 50.1403 13.9142 -33.2445
v 48.7901 13.9145 -32.7693
v 50.1403 13.9142 -33.2445
v 50.6569 13.8600 -32.6698
v 48.7901 13.9145 -32.7693
v 50.4956 14.8447 -32.5337
v 50.4610 14.8011 -31.9127
v 48.9931 14.8885 -32.6138
v 50.4610 14.8011 -31.9127
v 49.9968 14.7831 -31.4970
v 48.9931 14.8885 -32.6138
v 49.9968 14.7831 -31.4970
v 49.3745 14.8013 -31.5303
v 48.9931 14.8885 -32.6138
v 49.3745 14.8013 -31.5303
v 48.9586 14.8450 -31.9928
v 48.9931 14.8885 -32.6138
v 49.4574 14.9065 -33.0296
v 50.0798 14.8883 -32.9962
v 48.9931 14.8885 -32.6138
v 50.0798 14.8883 -32.9962
v 50.4956 14.8447 -32.5337
v 48.9931 14.8885 -32.6138
v 50.3070 15.7471 -31.9307
v 49.9551 15.7335 -31.6158
v 50.3330 15.7802 -32.4012
v 49.9551 15.7335 -31.6158
v 49.4836 15.7473 -31.6409
v 50.3330 15.7802 -32.4012
v 49.4836 15.7473 -31.6409
v 49.1686 15.7804 -31.9914
v 50.3330 15.7802 -32.4012
v 49.1686 15.7804 -31.9914
v 49.1946 15.8134 -32.4620
v 50.3330 15.7802 -32.4012
v 49.1946 15.8134 -32.4620
v 49.5465 15.8270 -32.7768
v 50.3330 15.7802 -32.4012
v 49.5465 15.8270 -32.7768
v 50.0181 15.8132 -32.7518
v 50.3330 15.7802 -32.4012
v 50.1692 16.6664 -32.2722
v 50.1515 16.6439 -31.9523
v 49.9550 16.6889 -32.5105
v 50.1515 16.6439 -31.9523
v 49.9122 16.6347 -31.7381
v 49.9550 16.6889 -32.5105
v 49.9122 16.6347 -31.7381
v 49.5916 16.6440 -31.7552
v 49.9550 16.6889 -32.5105
v 49.5916 16.6440 -31.7552
v 49.3774 16.6665 -31.9936
v 49.9550 16.6889 -32.5105
v 49.3774 16.6665 -31.9936
v 49.3952 16.6890 -32.3135
v 49.9550 16.6889 -32.5105
v 49.3952 16.6890 -32.3135
v 49.6344 16.6982 -32.5276
v 49.9550 16.6889 -32.5105
v 50.0274 17.5034 -32.1549
v 50.0170 17.4902 -31.9667
v 49.9014 17.5166 -32.2951
v 50.0170 17.4902 -31.9667
v 49.8763 17.4847 -31.8408
v 49.9014 17.5166 -32.2951
v 49.8763 17.4847 -31.8408
v 49.6877 17.4902 -31.8508
v 49.9014 17.5166 -32.2951
v 49.6877 17.4902 -31.8508
v 49.5617 17.5035 -31.9910
v 49.9014 17.5166 -32.2951
v 49.5617 17.5035 -31.9910
v 49.5721 17.5167 -32.1792
v 49.9014 17.5166 -32.2951
v 49.5721 17.5167 -32.1792
v 49.7128 17.5221 -32.3052
v 49.9014 17.5166 -32.2951
v 7.5969 11.4188 -11.7191
v 6.8580 11.3771 -12.1744
v 8.4409 11.4648 -11.9206
v 6.8580 11.3771 -12.1744
v 6.6569 11.3641 -13.0197
v 8.4409 11.4648 -11.9206
v 6.6569 11.3641 -13.0197
v 7.1116 11.3873 -13.7597
v 8.4409 11.4648 -11.9206
v 7.1116 11.3873 -13.7597
v 7.9556 11.4332 -13.9612
v 8.4409 11.4648 -11.9206
v 7.9556 11.4332 -13.9612
v 8.6945 11.4750 -13.5059
v 8.4409 11.4648 -11.9206
v 8.6945 11.4750 -13.5059
v 8.8956 11.4880 -12.6606
v 8.4409 11.4648 -11.9206
v 7.5711 12.3646 -11.8848
v 6.9399 12.3289 -12.2738
v 8.5087 12.4125 -13.4110
v 6.9399 12.3289 -12.2738
v 6.7682 12.3178 -12.9957
v 8.5087 12.4125 -13.4110
v 6.7682 12.3178 -12.9957
v 7.1566 12.3376 -13.6279
v 8.5087 12.4125 -13.4110
v 7.1566 12.3376 -13.6279
v 7.8775 12.3769 -13.7999
v 8.5087 12.4125 -13.4110
v 8.6804 12.4236 -12.6890
v 8.2920 12.4038 -12.0569
v 8.5087 12.4125 -13.4110
v 8.2920 12.4038 -12.0569
v 7.5711 12.3646 -11.8848
v 8.5087 12.4125 -13.4110
v 7.5490 13.3104 -12.0739
v 7.0411 13.2817 -12.3870
v 8.3036 13.3490 -13.3022
v 7.0411 13.2817 -12.3870
v 6.9028 13.2728 -12.9681
v 8.3036 13.3490 -13.3022
v 6.9028 13.2728 -12.9681
v 7.2155 13.2887 -13.4768
v 8.3036 13.3490 -13.3022
v 7.2155 13.2887 -13.4768
v 7.7957 13.3203 -13.6153
v 8.3036 13.3490 -13.3022
v 8.4419 13.3580 -12.7212
v 8.1292 13.3420 -12.2125
v 8.3036 13.3490 -13.3022
v 8.1292 13.3420 -12.2125
v 7.5490 13.3104 -12.0739
v 8.3036 13.3490 -13.3022
v 7.1447 14.1873 -12.5000
v 7.0400 14.1805 -12.9403
v 7.5296 14.2090 -12.2629
v 7.0400 14.1805 -12.9403
v 7.2768 14.1926 -13.3258
v 7.5296 14.2090 -12.2629
v 7.2768 14.1926 -13.3258
v 7.7164 14.2165 -13.4306
v 7.5296 14.2090 -12.2629
v 7.7164 14.2165 -13.4306
v 8.1014 14.2383 -13.1936
v 7.5296 14.2090 -12.2629
v 8.1014 14.2383 -13.1936
v 8.2060 14.2451 -12.7533
v 7.5296 14.2090 -12.2629
v 8.2060 14.2451 -12.7533
v 7.9692 14.2330 -12.3677
v 7.5296 14.2090 -12.2629
v 7.5127 15.0604 -12.4518
v 7.2510 15.0457 -12.6130
v 7.8116 15.0767 -12.5231
v 7.2510 15.0457 -12.6130
v 7.1798 15.0410 -12.9124
v 7.8116 15.0767 -12.5231
v 7.1798 15.0410 -12.9124
v 7.3409 15.0493 -13.1745
v 7.8116 15.0767 -12.5231
v 7.3409 15.0493 -13.1745
v 7.6398 15.0655 -13.2458
v 7.8116 15.0767 -12.5231
v 7.6398 15.0655 -13.2458
v 7.9015 15.0803 -13.0846
v 7.8116 15.0767 -12.5231
v 7.9015 15.0803 -13.0846
v 7.9727 15.0849 -12.7852
v 7.8116 15.0767 -12.5231
v 7.4947 15.8645 -12.6172
v 7.3408 15.8558 -12.7120
v 7.6705 15.8740 -12.6591
v 7.3408 15.8558 -12.7120
v 7.2989 15.8530 -12.8881
v 7.6705 15.8740 -12.6591
v 7.2989 15.8530 -12.8881
v 7.3937 15.8579 -13.0423
v 7.6705 15.8740 -12.6591
v 7.3937 15.8579 -13.0423
v 7.5695 15.8675 -13.0842
v 7.6705 15.8740 -12.6591
v 7.5695 15.8675 -13.0842
v 7.7234 15.8761 -12.9894
v 7.6705 15.8740 -12.6591
v 7.7234 15.8761 -12.9894
v 7.7653 15.8789 -12.8133
v 7.6705 15.8740 -12.6591
v -15.1527 13.1210 -47.2929
v -15.1277 13.1161 -47.8861
v -14.7510 13.1307 -46.8559
v -15.1277 13.1161 -47.8861
v -14.6907 13.1188 -48.2879
v -14.7510 13.1307 -46.8559
v -14.6907 13.1188 -48.2879
v -14.0975 13.1276 -48.2629
v -14.7510 13.1307 -46.8559
v -14.0975 13.1276 -48.2629
v -13.6958 13.1374 -47.8259
v -14.7510 13.1307 -46.8559
v -13.6958 13.1374 -47.8259
v -13.7209 13.1423 -47.2327
v -14.7510 13.1307 -46.8559
v -13.7209 13.1423 -47.2327
v -14.1579 13.1395 -46.8309
v -14.7510 13.1307 -46.8559
v -15.0559 13.7685 -47.3375
v -15.0345 13.7643 -47.8442
v -13.8328 13.7867 -47.2861
v -15.0345 13.7643 -47.8442
v -14.6612 13.7667 -48.1874
v -13.8328 13.7867 -47.2861
v -14.6612 13.7667 -48.1874
v -14.1546 13.7742 -48.1661
v -13.8328 13.7867 -47.2861
v -14.1546 13.7742 -48.1661
v -13.8114 13.7825 -47.7928
v -13.8328 13.7867 -47.2861
v -14.2061 13.7844 -46.9429
v -14.7127 13.7768 -46.9642
v -13.8328 13.7867 -47.2861
v -14.7127 13.7768 -46.9642
v -15.0559 13.7685 -47.3375
v -13.8328 13.7867 -47.2861
v -14.9438 14.4162 -47.3877
v -14.9265 14.4129 -47.7955
v -13.9595 14.4309 -47.3464
v -14.9265 14.4129 -47.7955
v -14.6261 14.4147 -48.0717
v -13.9595 14.4309 -47.3464
v -14.6261 14.4147 -48.0717
v -14.2184 14.4208 -48.0545
v -13.9595 14.4309 -47.3464
v -14.2184 14.4208 -48.0545
v -13.9422 14.4275 -47.7541
v -13.9595 14.4309 -47.3464
v -14.2599 14.4290 -47.0701
v -14.6676 14.4229 -47.0873
v -13.9595 14.4309 -47.3464
v -14.6676 14.4229 -47.0873
v -14.9438 14.4162 -47.3877
v -13.9595 14.4309 -47.3464
v -14.8183 15.0290 -47.7466
v -14.5906 15.0305 -47.9558
v -14.8313 15.0316 -47.4376
v -14.5906 15.0305 -47.9558
v -14.2817 15.0351 -47.9429
v -14.8313 15.0316 -47.4376
v -14.2817 15.0351 -47.9429
v -14.0725 15.0401 -47.7152
v -14.8313 15.0316 -47.4376
v -14.0725 15.0401 -47.7152
v -14.0855 15.0427 -47.4062
v -14.8313 15.0316 -47.4376
v -14.0855 15.0427 -47.4062
v -14.3132 15.0413 -47.1970
v -14.8313 15.0316 -47.4376
v -14.3132 15.0413 -47.1970
v -14.6221 15.0367 -47.2099
v -14.8313 15.0316 -47.4376
v -14.7183 15.6147 -47.4872
v -14.7094 15.6129 -47.6973
v -14.5760 15.6181 -47.3324
v -14.7094 15.6129 -47.6973
v -14.5547 15.6139 -47.8396
v -14.5760 15.6181 -47.3324
v -14.5547 15.6139 -47.8396
v -14.3446 15.6170 -47.8307
v -14.5760 15.6181 -47.3324
v -14.3446 15.6170 -47.8307
v -14.2023 15.6205 -47.6760
v -14.5760 15.6181 -47.3324
v -14.2023 15.6205 -47.6760
v -14.2112 15.6222 -47.4659
v -14.5760 15.6181 -47.3324
v -14.2112 15.6222 -47.4659
v -14.3660 15.6212 -47.3236
v -14.5760 15.6181 -47.3324
v -14.6200 16.1653 -47.5310
v -14.6148 16.1642 -47.6545
v -14.5363 16.1673 -47.4399
v -14.6148 16.1642 -47.6545
v -14.5238 16.1648 -47.7383
v -14.5363 16.1673 -47.4399
v -14.5238 16.1648 -47.7383
v -14.4002 16.1666 -47.7330
v -14.5363 16.1673 -47.4399
v -14.4002 16.1666 -47.7330
v -14.3165 16.1687 -47.6420
v -14.5363 16.1673 -47.4399
v -14.3165 16.1687 -47.6420
v -14.3217 16.1697 -47.5184
v -14.5363 16.1673 -47.4399
v -14.3217 16.1697 -47.5184
v -14.4128 16.1691 -47.4347
v -14.5363 16.1673 -47.4399
v 39.3004 12.1241 15.6517
v 39.3308 12.0899 16.5837
v 38.6195 12.1522 15.0143
v 39.3308 12.0899 16.5837
v 38.6929 12.0695 17.2644
v 38.6195 12.1522 15.0143
v 38.6929 12.0695 17.2644
v 37.7603 12.0751 17.2950
v 38.6195 12.1522 15.0143
v 37.7603 12.0751 17.2950
v 37.0793 12.1032 16.6576
v 38.6195 12.1522 15.0143
v 37.0793 12.1032 16.6576
v 37.0490 12.1375 15.7256
v 38.6195 12.1522 15.0143
v 37.0490 12.1375 15.7256
v 37.6869 12.1578 15.0449
v 38.6195 12.1522 15.0143
v 39.1457 13.1379 15.7621
v 39.1716 13.1086 16.5582
v 37.2226 13.1493 15.8253
v 39.1716 13.1086 16.5582
v 38.6268 13.0913 17.1396
v 37.2226 13.1493 15.8253
v 38.6268 13.0913 17.1396
v 37.8302 13.0960 17.1657
v 37.2226 13.1493 15.8253
v 37.8302 13.0960 17.1657
v 37.2485 13.1200 16.6213
v 37.2226 13.1493 15.8253
v 37.7675 13.1666 15.2438
v 38.5640 13.1619 15.2177
v 37.2226 13.1493 15.8253
v 38.5640 13.1619 15.2177
v 39.1457 13.1379 15.7621
v 37.2226 13.1493 15.8253
v 38.9679 14.1514 15.8830
v 38.9886 14.1279 16.5237
v 37.4201 14.1606 15.9339
v 38.9886 14.1279 16.5237
v 38.5502 14.1139 16.9917
v 37.4201 14.1606 15.9339
v 38.5502 14.1139 16.9917
v 37.9091 14.1177 17.0126
v 37.4201 14.1606 15.9339
v 37.9091 14.1177 17.0126
v 37.4408 14.1371 16.5746
v 37.4201 14.1606 15.9339
v 37.8585 14.1746 15.4659
v 38.4996 14.1708 15.4450
v 37.4201 14.1606 15.9339
v 38.4996 14.1708 15.4450
v 38.9679 14.1514 15.8830
v 37.4201 14.1606 15.9339
v 38.8056 15.0964 16.4875
v 38.4732 15.0858 16.8420
v 38.7896 15.1142 16.0021
v 38.4732 15.0858 16.8420
v 37.9875 15.0887 16.8580
v 38.7896 15.1142 16.0021
v 37.9875 15.0887 16.8580
v 37.6328 15.1033 16.5260
v 38.7896 15.1142 16.0021
v 37.6328 15.1033 16.5260
v 37.6169 15.1212 16.0405
v 38.7896 15.1142 16.0021
v 37.6169 15.1212 16.0405
v 37.9492 15.1317 15.6860
v 38.7896 15.1142 16.0021
v 37.9492 15.1317 15.6860
v 38.4350 15.1289 15.6700
v 38.7896 15.1142 16.0021
v 38.6111 16.0262 16.1193
v 38.6218 16.0141 16.4493
v 38.3699 16.0362 15.8935
v 38.6218 16.0141 16.4493
v 38.3959 16.0069 16.6904
v 38.3699 16.0362 15.8935
v 38.3959 16.0069 16.6904
v 38.0656 16.0089 16.7012
v 38.3699 16.0362 15.8935
v 38.0656 16.0089 16.7012
v 37.8244 16.0188 16.4755
v 38.3699 16.0362 15.8935
v 37.8244 16.0188 16.4755
v 37.8137 16.0310 16.1455
v 38.3699 16.0362 15.8935
v 37.8137 16.0310 16.1455
v 38.0396 16.0382 15.9044
v 38.3699 16.0362 15.8935
v 38.4553 16.8877 16.2241
v 38.4616 16.8806 16.4183
v 38.3134 16.8936 16.0914
v 38.4616 16.8806 16.4183
v 38.3287 16.8763 16.5601
v 38.3134 16.8936 16.0914
v 38.3287 16.8763 16.5601
v 38.1344 16.8775 16.5664
v 38.3134 16.8936 16.0914
v 38.1344 16.8775 16.5664
v 37.9925 16.8834 16.4337
v 38.3134 16.8936 16.0914
v 37.9925 16.8834 16.4337
v 37.9862 16.8905 16.2395
v 38.3134 16.8936 16.0914
v 37.9862 16.8905 16.2395
v 38.1191 16.8947 16.0977
v 38.3134 16.8936 16.0914
v 51.9026 12.5274 -16.9267
v 51.8003 12.4653 -16.0080
v 51.3239 12.5879 -17.6478
v 51.8003 12.4653 -16.0080
v 51.0770 12.4380 -15.4296
v 51.3239 12.5879 -17.6478
v 51.0770 12.4380 -15.4296
v 50.1562 12.4614 -15.5306
v 51.3239 12.5879 -17.6478
v 50.1562 12.4614 -15.5306
v 49.5775 12.5219 -16.2516
v 51.3239 12.5879 -17.6478
v 49.5775 12.5219 -16.2516
v 49.6798 12.5839 -17.1704
v 51.3239 12.5879 -17.6478
v 49.6798 12.5839 -17.1704
v 50.4031 12.6113 -17.7487
v 51.3239 12.5879 -17.6478
v 51.7510 13.5332 -16.8075
v 51.6636 13.4802 -16.0228
v 49.8523 13.5815 -17.0156
v 51.6636 13.4802 -16.0228
v 51.0457 13.4569 -15.5287
v 49.8523 13.5815 -17.0156
v 51.0457 13.4569 -15.5287
v 50.2593 13.4769 -15.6150
v 49.8523 13.5815 -17.0156
v 50.2593 13.4769 -15.6150
v 49.7649 13.5285 -16.2308
v 49.8523 13.5815 -17.0156
v 50.4702 13.6049 -17.5096
v 51.2566 13.5849 -17.4234
v 49.8523 13.5815 -17.0156
v 51.2566 13.5849 -17.4234
v 51.7510 13.5332 -16.8075
v 49.8523 13.5815 -17.0156
v 51.5752 14.5390 -16.6813
v 51.5047 14.4964 -16.0497
v 50.0471 14.5779 -16.8487
v 51.5047 14.4964 -16.0497
v 51.0075 14.4775 -15.6520
v 50.0471 14.5779 -16.8487
v 51.0075 14.4775 -15.6520
v 50.3746 14.4937 -15.7215
v 50.0471 14.5779 -16.8487
v 50.3746 14.4937 -15.7215
v 49.9766 14.5352 -16.2171
v 50.0471 14.5779 -16.8487
v 50.5443 14.5967 -17.2464
v 51.1772 14.5806 -17.1769
v 50.0471 14.5779 -16.8487
v 51.1772 14.5806 -17.1769
v 51.5752 14.5390 -16.6813
v 50.0471 14.5779 -16.8487
v 51.3452 15.4622 -16.0800
v 50.9684 15.4479 -15.7788
v 51.3984 15.4945 -16.5585
v 50.9684 15.4479 -15.7788
v 50.4888 15.4601 -15.8313
v 51.3984 15.4945 -16.5585
v 50.4888 15.4601 -15.8313
v 50.1874 15.4916 -16.2069
v 51.3984 15.4945 -16.5585
v 50.1874 15.4916 -16.2069
v 50.2406 15.5239 -16.6855
v 51.3984 15.4945 -16.5585
v 50.2406 15.5239 -16.6855
v 50.6174 15.5382 -16.9866
v 51.3984 15.4945 -16.5585
v 50.6174 15.5382 -16.9866
v 51.0970 15.5260 -16.9342
v 51.3984 15.4945 -16.5585
v 51.2208 16.3997 -16.4393
v 51.1845 16.3777 -16.1139
v 51.0158 16.4211 -16.6946
v 51.1845 16.3777 -16.1139
v 50.9284 16.3680 -15.9091
v 51.0158 16.4211 -16.6946
v 50.9284 16.3680 -15.9091
v 50.6023 16.3763 -15.9448
v 51.0158 16.4211 -16.6946
v 50.6023 16.3763 -15.9448
v 50.3973 16.3977 -16.2002
v 51.0158 16.4211 -16.6946
v 50.3973 16.3977 -16.2002
v 50.4335 16.4197 -16.5256
v 51.0158 16.4211 -16.6946
v 50.4335 16.4197 -16.5256
v 50.6897 16.4294 -16.7304
v 51.0158 16.4211 -16.6946
v 51.0665 17.2546 -16.3306
v 51.0451 17.2416 -16.1392
v 50.9459 17.2671 -16.4808
v 51.0451 17.2416 -16.1392
v 50.8945 17.2359 -16.0187
v 50.9459 17.2671 -16.4808
v 50.8945 17.2359 -16.0187
v 50.7027 17.2408 -16.0397
v 50.9459 17.2671 -16.4808
v 50.7027 17.2408 -16.0397
v 50.5821 17.2534 -16.1899
v 50.9459 17.2671 -16.4808
v 50.5821 17.2534 -16.1899
v 50.6034 17.2663 -16.3813
v 50.9459 17.2671 -16.4808
v 50.6034 17.2663 -16.3813
v 50.7541 17.2720 -16.5018
v 50.9459 17.2671 -16.4808
v -47.7404 11.4617 -37.4736
v -47.8551 11.4617 -38.2911
v -47.0837 11.4065 -36.9764
v -47.8551 11.4617 -38.2911
v -47.3608 11.4064 -38.9500
v -47.0837 11.4065 -36.9764
v -47.3608 11.4064 -38.9500
v -46.5470 11.3283 -39.0642
v -47.0837 11.4065 -36.9764
v -46.5470 11.3283 -39.0642
v -45.8904 11.2730 -38.5669
v -47.0837 11.4065 -36.9764
v -45.8904 11.2730 -38.5669
v -45.7756 11.2731 -37.7494
v -47.0837 11.4065 -36.9764
v -45.7756 11.2731 -37.7494
v -46.2699 11.3283 -37.0906
v -47.0837 11.4065 -36.9764
v -47.5212 12.3427 -37.5652
v -47.6192 12.3427 -38.2635
v -45.8430 12.1816 -37.8008
v -47.6192 12.3427 -38.2635
v -47.1970 12.2955 -38.8262
v -45.8430 12.1816 -37.8008
v -47.1970 12.2955 -38.8262
v -46.5019 12.2288 -38.9238
v -45.8430 12.1816 -37.8008
v -46.5019 12.2288 -38.9238
v -45.9410 12.1816 -38.4991
v -45.8430 12.1816 -37.8008
v -46.2652 12.2288 -37.2380
v -46.9603 12.2956 -37.1405
v -45.8430 12.1816 -37.8008
v -46.9603 12.2956 -37.1405
v -47.5212 12.3427 -37.5652
v -45.8430 12.1816 -37.8008
v -47.2828 13.2218 -37.6682
v -47.3615 13.2218 -38.2302
v -45.9322 13.0921 -37.8578
v -47.3615 13.2218 -38.2302
v -47.0218 13.1838 -38.6831
v -45.9322 13.0921 -37.8578
v -47.0218 13.1838 -38.6831
v -46.4624 13.1301 -38.7615
v -45.9322 13.0921 -37.8578
v -46.4624 13.1301 -38.7615
v -46.0109 13.0921 -38.4198
v -45.9322 13.0921 -37.8578
v -46.2719 13.1301 -37.4048
v -46.8313 13.1838 -37.3264
v -45.9322 13.0921 -37.8578
v -46.8313 13.1838 -37.3264
v -47.2828 13.2218 -37.6682
v -45.9322 13.0921 -37.8578
v -47.1084 14.0561 -38.1963
v -46.8509 14.0273 -38.5395
v -47.0486 14.0561 -37.7705
v -46.8509 14.0273 -38.5395
v -46.4270 13.9866 -38.5990
v -47.0486 14.0561 -37.7705
v -46.4270 13.9866 -38.5990
v -46.0850 13.9579 -38.3400
v -47.0486 14.0561 -37.7705
v -46.0850 13.9579 -38.3400
v -46.0252 13.9579 -37.9142
v -47.0486 14.0561 -37.7705
v -46.0252 13.9579 -37.9142
v -46.2827 13.9867 -37.5710
v -47.0486 14.0561 -37.7705
v -46.2827 13.9867 -37.5710
v -46.7066 14.0274 -37.5115
v -47.0486 14.0561 -37.7705
v -46.8186 14.8457 -37.8723
v -46.8592 14.8457 -38.1618
v -46.5860 14.8261 -37.6962
v -46.8592 14.8457 -38.1618
v -46.6842 14.8261 -38.3952
v -46.5860 14.8261 -37.6962
v -46.6842 14.8261 -38.3952
v -46.3959 14.7985 -38.4356
v -46.5860 14.8261 -37.6962
v -46.3959 14.7985 -38.4356
v -46.1634 14.7789 -38.2595
v -46.5860 14.8261 -37.6962
v -46.1634 14.7789 -38.2595
v -46.1228 14.7789 -37.9700
v -46.5860 14.8261 -37.6962
v -46.1228 14.7789 -37.9700
v -46.2978 14.7985 -37.7366
v -46.5860 14.8261 -37.6962
v -46.6121 15.5925 -37.9621
v -46.6359 15.5925 -38.1324
v -46.4753 15.5810 -37.8585
v -46.6359 15.5925 -38.1324
v -46.5330 15.5810 -38.2697
v -46.4753 15.5810 -37.8585
v -46.5330 15.5810 -38.2697
v -46.3634 15.5647 -38.2934
v -46.4753 15.5810 -37.8585
v -46.3634 15.5647 -38.2934
v -46.2266 15.5532 -38.1899
v -46.4753 15.5810 -37.8585
v -46.2266 15.5532 -38.1899
v -46.2028 15.5532 -38.0196
v -46.4753 15.5810 -37.8585
v -46.2028 15.5532 -38.0196
v -46.3057 15.5647 -37.8823
v -46.4753 15.5810 -37.8585
v -24.5226 12.7435 -51.3593
v -24.2380 12.7310 -50.6128
v -25.2517 12.7478 -51.6859
v -24.2380 12.7310 -50.6128
v -24.5647 12.7175 -49.8838
v -25.2517 12.7478 -51.6859
v -24.5647 12.7175 -49.8838
v -25.3113 12.7110 -49.5993
v -25.2517 12.7478 -51.6859
v -25.3113 12.7110 -49.5993
v -26.0404 12.7153 -49.9260
v -25.2517 12.7478 -51.6859
v -26.0404 12.7153 -49.9260
v -26.3250 12.7278 -50.6724
v -25.2517 12.7478 -51.6859
v -26.3250 12.7278 -50.6724
v -25.9983 12.7413 -51.4015
v -25.2517 12.7478 -51.6859
v -24.6350 13.6113 -51.2395
v -24.3920 13.6006 -50.6019
v -26.1745 13.5978 -50.6528
v -24.3920 13.6006 -50.6019
v -24.6710 13.5891 -49.9792
v -26.1745 13.5978 -50.6528
v -24.6710 13.5891 -49.9792
v -25.3087 13.5835 -49.7362
v -26.1745 13.5978 -50.6528
v -25.3087 13.5835 -49.7362
v -25.9315 13.5871 -50.0152
v -26.1745 13.5978 -50.6528
v -25.8956 13.6093 -51.2755
v -25.2579 13.6149 -51.5185
v -26.1745 13.5978 -50.6528
v -25.2579 13.6149 -51.5185
v -24.6350 13.6113 -51.2395
v -26.1745 13.5978 -50.6528
v -24.7633 14.4787 -51.1048
v -24.5678 14.4701 -50.5916
v -26.0023 14.4679 -50.6326
v -24.5678 14.4701 -50.5916
v -24.7923 14.4608 -50.0904
v -26.0023 14.4679 -50.6326
v -24.7923 14.4608 -50.0904
v -25.3055 14.4564 -49.8949
v -26.0023 14.4679 -50.6326
v -25.3055 14.4564 -49.8949
v -25.8068 14.4593 -50.1194
v -26.0023 14.4679 -50.6326
v -25.7779 14.4771 -51.1338
v -25.2646 14.4816 -51.3292
v -26.0023 14.4679 -50.6326
v -25.2646 14.4816 -51.3292
v -24.7633 14.4787 -51.1048
v -26.0023 14.4679 -50.6326
v -24.7432 15.2961 -50.5820
v -24.9134 15.2891 -50.2024
v -24.8915 15.3027 -50.9708
v -24.9134 15.2891 -50.2024
v -25.3022 15.2857 -50.0541
v -24.8915 15.3027 -50.9708
v -25.3022 15.2857 -50.0541
v -25.6820 15.2879 -50.2243
v -24.8915 15.3027 -50.9708
v -25.6820 15.2879 -50.2243
v -25.8303 15.2945 -50.6131
v -24.8915 15.3027 -50.9708
v -25.8303 15.2945 -50.6131
v -25.6601 15.3015 -50.9928
v -24.8915 15.3027 -50.9708
v -25.6601 15.3015 -50.9928
v -25.2712 15.3049 -51.1410
v -24.8915 15.3027 -50.9708
v -25.0196 16.0831 -50.8376
v -24.9188 16.0787 -50.5733
v -25.2778 16.0846 -50.9533
v -24.9188 16.0787 -50.5733
v -25.0345 16.0739 -50.3151
v -25.2778 16.0846 -50.9533
v -25.0345 16.0739 -50.3151
v -25.2989 16.0716 -50.2143
v -25.2778 16.0846 -50.9533
v -25.2989 16.0716 -50.2143
v -25.5571 16.0731 -50.3300
v -25.2778 16.0846 -50.9533
v -25.5571 16.0731 -50.3300
v -25.6579 16.0775 -50.5944
v -25.2778 16.0846 -50.9533
v -25.6579 16.0775 -50.5944
v -25.5422 16.0823 -50.8526
v -25.2778 16.0846 -50.9533
v -25.1317 16.8204 -50.7201
v -25.0725 16.8178 -50.5646
v -25.2837 16.8213 -50.7882
v -25.0725 16.8178 -50.5646
v -25.1405 16.8150 -50.4128
v -25.2837 16.8213 -50.7882
v -25.1405 16.8150 -50.4128
v -25.2961 16.8136 -50.3535
v -25.2837 16.8213 -50.7882
v -25.2961 16.8136 -50.3535
v -25.4480 16.8145 -50.4215
v -25.2837 16.8213 -50.7882
v -25.4480 16.8145 -50.4215
v -25.5072 16.8171 -50.5770
v -25.2837 16.8213 -50.7882
v -25.5072 16.8171 -50.5770
v -25.4392 16.8199 -50.7289
v -25.2837 16.8213 -50.7882
v -10.9902 13.0558 -41.3375
v -11.7661 13.0757 -41.5878
v -10.2645 13.0411 -41.7094
v -11.7661 13.0757 -41.5878
v -12.1378 13.0893 -42.3136
v -10.2645 13.0411 -41.7094
v -12.1378 13.0893 -42.3136
v -11.8874 13.0885 -43.0897
v -10.2645 13.0411 -41.7094
v -11.8874 13.0885 -43.0897
v -11.1618 13.0738 -43.4616
v -10.2645 13.0411 -41.7094
v -11.1618 13.0738 -43.4616
v -10.3858 13.0538 -43.2113
v -10.2645 13.0411 -41.7094
v -10.3858 13.0538 -43.2113
v -10.0142 13.0403 -42.4855
v -10.2645 13.0411 -41.7094
v -10.9818 13.9448 -41.4865
v -11.6445 13.9618 -41.7003
v -10.4655 13.9431 -43.0871
v -11.6445 13.9618 -41.7003
v -11.9620 13.9734 -42.3203
v -10.4655 13.9431 -43.0871
v -11.9620 13.9734 -42.3203
v -11.7481 13.9727 -42.9832
v -10.4655 13.9431 -43.0871
v -11.7481 13.9727 -42.9832
v -11.1283 13.9602 -43.3009
v -10.4655 13.9431 -43.0871
v -10.1481 13.9316 -42.4671
v -10.3619 13.9323 -41.8042
v -10.4655 13.9431 -43.0871
v -10.3619 13.9323 -41.8042
v -10.9818 13.9448 -41.4865
v -10.4655 13.9431 -43.0871
v -10.9751 14.8340 -41.6577
v -11.5085 14.8477 -41.8299
v -10.5597 14.8327 -42.9458
v -11.5085 14.8477 -41.8299
v -11.7641 14.8570 -42.3288
v -10.5597 14.8327 -42.9458
v -11.7641 14.8570 -42.3288
v -11.5918 14.8565 -42.8623
v -10.5597 14.8327 -42.9458
v -11.5918 14.8565 -42.8623
v -11.0930 14.8464 -43.1180
v -10.5597 14.8327 -42.9458
v -10.3041 14.8233 -42.4470
v -10.4763 14.8239 -41.9134
v -10.5597 14.8327 -42.9458
v -10.4763 14.8239 -41.9134
v -10.9751 14.8340 -41.6577
v -10.5597 14.8327 -42.9458
v -11.3737 15.6892 -41.9594
v -11.5672 15.6963 -42.3375
v -10.9695 15.6788 -41.8291
v -11.5672 15.6963 -42.3375
v -11.4369 15.6959 -42.7418
v -10.9695 15.6788 -41.8291
v -11.4369 15.6959 -42.7418
v -11.0588 15.6882 -42.9355
v -10.9695 15.6788 -41.8291
v -11.0588 15.6882 -42.9355
v -10.6546 15.6778 -42.8052
v -10.9695 15.6788 -41.8291
v -10.6546 15.6778 -42.8052
v -10.4611 15.6708 -42.4271
v -10.9695 15.6788 -41.8291
v -10.4611 15.6708 -42.4271
v -10.5915 15.6712 -42.0228
v -10.9695 15.6788 -41.8291
v -10.9649 16.4793 -42.0009
v -11.2397 16.4863 -42.0896
v -10.7079 16.4741 -42.1326
v -11.2397 16.4863 -42.0896
v -11.3714 16.4911 -42.3466
v -10.7079 16.4741 -42.1326
v -11.3714 16.4911 -42.3466
v -11.2827 16.4908 -42.6215
v -10.7079 16.4741 -42.1326
v -11.2827 16.4908 -42.6215
v -11.0257 16.4856 -42.7532
v -10.7079 16.4741 -42.1326
v -11.0257 16.4856 -42.7532
v -10.7509 16.4786 -42.6645
v -10.7079 16.4741 -42.1326
v -10.7509 16.4786 -42.6645
v -10.6192 16.4738 -42.4075
v -10.7079 16.4741 -42.1326
v -10.9596 17.2351 -42.1508
v -11.1212 17.2393 -42.2030
v -10.8085 17.2321 -42.2283
v -11.1212 17.2393 -42.2030
v -11.1987 17.2421 -42.3542
v -10.8085 17.2321 -42.2283
v -11.1987 17.2421 -42.3542
v -11.1465 17.2419 -42.5159
v -10.8085 17.2321 -42.2283
v -11.1465 17.2419 -42.5159
v -10.9953 17.2389 -42.5933
v -10.8085 17.2321 -42.2283
v -10.9953 17.2389 -42.5933
v -10.8337 17.2347 -42.5412
v -10.8085 17.2321 -42.2283
v -10.8337 17.2347 -42.5412
v -10.7563 17.2319 -42.3900
v -10.8085 17.2321 -42.2283
v 11.8438 11.3627 4.9088
v 12.4495 11.3391 5.1744
v 11.2279 11.3859 5.1495
v 12.4495 11.3391 5.1744
v 12.6900 11.3289 5.7909
v 11.2279 11.3859 5.1495
v 12.6900 11.3289 5.7909
v 12.4245 11.3381 6.3970
v 11.2279 11.3859 5.1495
v 12.4245 11.3381 6.3970
v 11.8086 11.3613 6.6377
v 11.2279 11.3859 5.1495
v 11.8086 11.3613 6.6377
v 11.2029 11.3849 6.3721
v 11.2279 11.3859 5.1495
v 11.2029 11.3849 6.3721
v 10.9624 11.3951 5.7556
v 11.2279 11.3859 5.1495
v 11.8689 12.0826 5.0360
v 12.3862 12.0624 5.2629
v 11.3214 12.1016 6.2859
v 12.3862 12.0624 5.2629
v 12.5916 12.0537 5.7894
v 11.3214 12.1016 6.2859
v 12.5916 12.0537 5.7894
v 12.3649 12.0616 6.3071
v 11.3214 12.1016 6.2859
v 12.3649 12.0616 6.3071
v 11.8387 12.0814 6.5128
v 11.3214 12.1016 6.2859
v 11.1159 12.1103 5.7593
v 11.3427 12.1024 5.2416
v 11.3214 12.1016 6.2859
v 11.3427 12.1024 5.2416
v 11.8689 12.0826 5.0360
v 11.3214 12.1016 6.2859
v 11.8935 12.8025 5.1812
v 12.3098 12.7863 5.3639
v 11.4529 12.8178 6.1871
v 12.3098 12.7863 5.3639
v 12.4753 12.7793 5.7876
v 11.4529 12.8178 6.1871
v 12.4753 12.7793 5.7876
v 12.2926 12.7856 6.2042
v 11.4529 12.8178 6.1871
v 12.2926 12.7856 6.2042
v 11.8692 12.8016 6.3698
v 11.4529 12.8178 6.1871
v 11.2875 12.8248 5.7634
v 11.4701 12.8185 5.3468
v 11.4529 12.8178 6.1871
v 11.4701 12.8185 5.3468
v 11.8935 12.8025 5.1812
v 11.4529 12.8178 6.1871
v 12.2322 13.4741 5.4647
v 12.3575 13.4688 5.7858
v 11.9167 13.4864 5.3263
v 12.3575 13.4688 5.7858
v 12.2193 13.4736 6.1015
v 11.9167 13.4864 5.3263
v 12.2193 13.4736 6.1015
v 11.8984 13.4857 6.2268
v 11.9167 13.4864 5.3263
v 11.8984 13.4857 6.2268
v 11.5829 13.4980 6.0885
v 11.9167 13.4864 5.3263
v 11.5829 13.4980 6.0885
v 11.4576 13.5033 5.7674
v 11.9167 13.4864 5.3263
v 11.4576 13.5033 5.7674
v 11.5959 13.4985 5.4517
v 11.9167 13.4864 5.3263
v 11.9386 14.1343 5.4714
v 12.1531 14.1260 5.5655
v 11.7205 14.1425 5.5567
v 12.1531 14.1260 5.5655
v 12.2383 14.1223 5.7838
v 11.7205 14.1425 5.5567
v 12.2383 14.1223 5.7838
v 12.1443 14.1256 5.9985
v 11.7205 14.1425 5.5567
v 12.1443 14.1256 5.9985
v 11.9261 14.1338 6.0838
v 11.7205 14.1425 5.5567
v 11.9261 14.1338 6.0838
v 11.7116 14.1422 5.9897
v 11.7205 14.1425 5.5567
v 11.7116 14.1422 5.9897
v 11.6264 14.1458 5.7714
v 11.7205 14.1425 5.5567
v 11.9595 14.7462 5.5985
v 12.0857 14.7413 5.6538
v 11.8312 14.7511 5.6486
v 12.0857 14.7413 5.6538
v 12.1358 14.7392 5.7822
v 11.8312 14.7511 5.6486
v 12.1358 14.7392 5.7822
v 12.0805 14.7411 5.9085
v 11.8312 14.7511 5.6486
v 12.0805 14.7411 5.9085
v 11.9521 14.7460 5.9587
v 11.8312 14.7511 5.6486
v 11.9521 14.7460 5.9587
v 11.8260 14.7509 5.9033
v 11.8312 14.7511 5.6486
v 11.8260 14.7509 5.9033
v 11.7759 14.7530 5.7749
v 11.8312 14.7511 5.6486
v 30.2990 12.5251 -48.3416
v 30.5747 12.4639 -49.1079
v 30.6456 12.5350 -47.6023
v 30.5747 12.4639 -49.1079
v 31.3111 12.3872 -49.4522
v 30.6456 12.5350 -47.6023
v 31.3111 12.3872 -49.4522
v 32.0770 12.3400 -49.1728
v 30.6456 12.5350 -47.6023
v 32.0770 12.3400 -49.1728
v 32.4237 12.3498 -48.4335
v 30.6456 12.5350 -47.6023
v 32.4237 12.3498 -48.4335
v 32.1480 12.4110 -47.6673
v 30.6456 12.5350 -47.6023
v 32.1480 12.4110 -47.6673
v 31.4115 12.4877 -47.3230
v 30.6456 12.5350 -47.6023
v 30.5250 13.3975 -48.3935
v 30.7605 13.3452 -49.0479
v 32.1043 13.3000 -47.8175
v 30.7605 13.3452 -49.0479
v 31.3896 13.2797 -49.3420
v 32.1043 13.3000 -47.8175
v 31.3896 13.2797 -49.3420
v 32.0437 13.2393 -49.1034
v 32.1043 13.3000 -47.8175
v 32.0437 13.2393 -49.1034
v 32.3398 13.2477 -48.4719
v 32.1043 13.3000 -47.8175
v 31.4753 13.3655 -47.5234
v 30.8211 13.4059 -47.7620
v 32.1043 13.3000 -47.8175
v 30.8211 13.4059 -47.7620
v 30.5250 13.3975 -48.3935
v 32.1043 13.3000 -47.8175
v 30.7731 14.2680 -48.4462
v 30.9628 14.2259 -48.9729
v 32.0442 14.1895 -47.9827
v 30.9628 14.2259 -48.9729
v 31.4690 14.1732 -49.2097
v 32.0442 14.1895 -47.9827
v 31.4690 14.1732 -49.2097
v 31.9955 14.1407 -49.0176
v 32.0442 14.1895 -47.9827
v 31.9955 14.1407 -49.0176
v 32.2339 14.1475 -48.5094
v 32.0442 14.1895 -47.9827
v 31.5380 14.2423 -47.7459
v 31.0115 14.2747 -47.9380
v 32.0442 14.1895 -47.9827
v 31.0115 14.2747 -47.9380
v 30.7731 14.2680 -48.4462
v 32.0442 14.1895 -47.9827
v 31.1612 15.0624 -48.8959
v 31.5449 15.0224 -49.0751
v 31.0177 15.0943 -48.4967
v 31.5449 15.0224 -49.0751
v 31.9438 14.9978 -48.9297
v 31.0177 15.0943 -48.4967
v 31.9438 14.9978 -48.9297
v 32.1243 15.0030 -48.5446
v 31.0177 15.0943 -48.4967
v 32.1243 15.0030 -48.5446
v 31.9808 15.0348 -48.1455
v 31.0177 15.0943 -48.4967
v 31.9808 15.0348 -48.1455
v 31.5972 15.0748 -47.9662
v 31.0177 15.0943 -48.4967
v 31.5972 15.0748 -47.9662
v 31.1982 15.0994 -48.1116
v 31.0177 15.0943 -48.4967
v 31.2587 15.8763 -48.5450
v 31.3564 15.8546 -48.8164
v 31.3815 15.8798 -48.2832
v 31.3564 15.8546 -48.8164
v 31.6172 15.8274 -48.9383
v 31.3815 15.8798 -48.2832
v 31.6172 15.8274 -48.9383
v 31.8885 15.8107 -48.8394
v 31.3815 15.8798 -48.2832
v 31.8885 15.8107 -48.8394
v 32.0112 15.8142 -48.5775
v 31.3815 15.8798 -48.2832
v 32.0112 15.8142 -48.5775
v 31.9136 15.8359 -48.3062
v 31.3815 15.8798 -48.2832
v 31.9136 15.8359 -48.3062
v 31.6528 15.8630 -48.1842
v 31.3815 15.8798 -48.2832
v 31.4741 16.6159 -48.5900
v 31.5316 16.6031 -48.7497
v 31.5463 16.6179 -48.4360
v 31.5316 16.6031 -48.7497
v 31.6850 16.5871 -48.8214
v 31.5463 16.6179 -48.4360
v 31.6850 16.5871 -48.8214
v 31.8445 16.5773 -48.7632
v 31.5463 16.6179 -48.4360
v 31.8445 16.5773 -48.7632
v 31.9167 16.5793 -48.6092
v 31.5463 16.6179 -48.4360
v 31.9167 16.5793 -48.6092
v 31.8593 16.5921 -48.4496
v 31.5463 16.6179 -48.4360
v 31.8593 16.5921 -48.4496
v 31.7059 16.6081 -48.3778
v 31.5463 16.6179 -48.4360
v -40.3614 12.7933 46.2025
v -38.9964 12.8952 46.3505
v -41.4292 12.6922 47.0656
v -38.9964 12.8952 46.3505
v -38.1339 12.9384 47.4227
v -41.4292 12.6922 47.0656
v -38.1339 12.9384 47.4227
v -38.2792 12.8975 48.7911
v -41.4292 12.6922 47.0656
v -38.2792 12.8975 48.7911
v -39.3471 12.7965 49.6541
v -41.4292 12.6922 47.0656
v -39.3471 12.7965 49.6541
v -40.7120 12.6945 49.5061
v -41.4292 12.6922 47.0656
v -40.7120 12.6945 49.5061
v -41.5745 12.6513 48.4340
v -41.4292 12.6922 47.0656
v -40.4025 14.2877 46.4866
v -39.2367 14.3748 46.6130
v -40.7020 14.2034 49.3085
v -39.2367 14.3748 46.6130
v -38.5000 14.4117 47.5288
v -40.7020 14.2034 49.3085
v -38.5000 14.4117 47.5288
v -38.6241 14.3768 48.6977
v -40.7020 14.2034 49.3085
v -38.6241 14.3768 48.6977
v -39.5362 14.2905 49.4349
v -40.7020 14.2034 49.3085
v -41.4388 14.1665 48.3926
v -41.3146 14.2014 47.2238
v -40.7020 14.2034 49.3085
v -41.3146 14.2014 47.2238
v -40.4025 14.2877 46.4866
v -40.7020 14.2034 49.3085
v -40.4332 15.7822 46.8067
v -39.4949 15.8523 46.9086
v -40.6741 15.7143 49.0777
v -39.4949 15.8523 46.9086
v -38.9018 15.8820 47.6455
v -40.6741 15.7143 49.0777
v -38.9018 15.8820 47.6455
v -39.0019 15.8539 48.5862
v -40.6741 15.7143 49.0777
v -39.0019 15.8539 48.5862
v -39.7359 15.7844 49.1797
v -40.6741 15.7143 49.0777
v -41.2672 15.6846 48.3408
v -41.1671 15.7128 47.4001
v -40.6741 15.7143 49.0777
v -41.1671 15.7128 47.4001
v -40.4332 15.7822 46.8067
v -40.6741 15.7143 49.0777
v -39.7471 17.2551 47.2020
v -39.2979 17.2776 47.7606
v -40.4580 17.2020 47.1251
v -39.2979 17.2776 47.7606
v -39.3735 17.2563 48.4734
v -40.4580 17.2020 47.1251
v -39.3735 17.2563 48.4734
v -39.9298 17.2037 48.9228
v -40.4580 17.2020 47.1251
v -39.9298 17.2037 48.9228
v -40.6407 17.1505 48.8459
v -40.4580 17.2020 47.1251
v -40.6407 17.1505 48.8459
v -41.0899 17.1281 48.2873
v -40.4580 17.2020 47.1251
v -41.0899 17.1281 48.2873
v -41.0143 17.1493 47.5745
v -40.4580 17.2020 47.1251
v -40.4771 18.5470 47.4419
v -39.9937 18.5831 47.4943
v -40.8553 18.5112 47.7476
v -39.9937 18.5831 47.4943
v -39.6883 18.5984 47.8741
v -40.8553 18.5112 47.7476
v -39.6883 18.5984 47.8741
v -39.7398 18.5840 48.3587
v -40.8553 18.5112 47.7476
v -39.7398 18.5840 48.3587
v -40.1179 18.5482 48.6644
v -40.8553 18.5112 47.7476
v -40.1179 18.5482 48.6644
v -40.6013 18.5121 48.6119
v -40.8553 18.5112 47.7476
v -40.6013 18.5121 48.6119
v -40.9068 18.4968 48.2322
v -40.8553 18.5112 47.7476
v -40.5011 19.8173 47.7212
v -40.2167 19.8386 47.7520
v -40.7235 19.7963 47.9010
v -40.2167 19.8386 47.7520
v -40.0370 19.8476 47.9754
v -40.7235 19.7963 47.9010
v -40.0370 19.8476 47.9754
v -40.0673 19.8391 48.2604
v -40.7235 19.7963 47.9010
v -40.0673 19.8391 48.2604
v -40.2898 19.8180 48.4403
v -40.7235 19.7963 47.9010
v -40.2898 19.8180 48.4403
v -40.5741 19.7968 48.4094
v -40.7235 19.7963 47.9010
v -40.5741 19.7968 48.4094
v -40.7538 19.7878 48.1860
v -40.7235 19.7963 47.9010
v 29.5698 12.4579 27.0290
v 30.4369 12.4250 27.0927
v 28.9114 12.4755 27.5975
v 30.4369 12.4250 27.0927
v 31.0047 12.3960 27.7513
v 28.9114 12.4755 27.5975
v 31.0047 12.3960 27.7513
v 30.9406 12.3879 28.6190
v 28.9114 12.4755 27.5975
v 30.9406 12.3879 28.6190
v 30.2822 12.4055 29.1875
v 28.9114 12.4755 27.5975
v 30.2822 12.4055 29.1875
v 29.4151 12.4384 29.1237
v 28.9114 12.4755 27.5975
v 29.4151 12.4384 29.1237
v 28.8473 12.4674 28.4651
v 28.9114 12.4755 27.5975
v 29.6568 13.4007 27.1978
v 30.3975 13.3726 27.2523
v 29.5247 13.3840 28.9870
v 30.3975 13.3726 27.2523
v 30.8825 13.3478 27.8148
v 29.5247 13.3840 28.9870
v 30.8825 13.3478 27.8148
v 30.8277 13.3409 28.5559
v 29.5247 13.3840 28.9870
v 30.8277 13.3409 28.5559
v 30.2654 13.3559 29.0415
v 29.5247 13.3840 28.9870
v 29.0397 13.4088 28.4245
v 29.0945 13.4157 27.6834
v 29.5247 13.3840 28.9870
v 29.0945 13.4157 27.6834
v 29.6568 13.4007 27.1978
v 29.5247 13.3840 28.9870
v 29.7513 14.3430 27.3891
v 30.3474 14.3203 27.4331
v 29.6450 14.3295 28.8291
v 30.3474 14.3203 27.4331
v 30.7378 14.3004 27.8857
v 29.6450 14.3295 28.8291
v 30.7378 14.3004 27.8857
v 30.6936 14.2948 28.4822
v 29.6450 14.3295 28.8291
v 30.6936 14.2948 28.4822
v 30.2411 14.3069 28.8731
v 29.6450 14.3295 28.8291
v 29.2546 14.3495 28.3765
v 29.2988 14.3550 27.7800
v 29.6450 14.3295 28.8291
v 29.2988 14.3550 27.7800
v 29.7513 14.3430 27.3891
v 29.6450 14.3295 28.8291
v 30.2957 15.2207 27.6130
v 30.5914 15.2056 27.9560
v 29.8440 15.2379 27.5798
v 30.5914 15.2056 27.9560
v 30.5581 15.2014 28.4080
v 29.8440 15.2379 27.5798
v 30.5581 15.2014 28.4080
v 30.2151 15.2106 28.7040
v 29.8440 15.2379 27.5798
v 30.2151 15.2106 28.7040
v 29.7634 15.2277 28.6709
v 29.8440 15.2379 27.5798
v 29.7634 15.2277 28.6709
v 29.4677 15.2428 28.3278
v 29.8440 15.2379 27.5798
v 29.4677 15.2428 28.3278
v 29.5010 15.2470 27.8759
v 29.8440 15.2379 27.5798
v 29.9350 16.0855 27.7700
v 30.2421 16.0738 27.7926
v 29.7018 16.0917 27.9713
v 30.2421 16.0738 27.7926
v 30.4432 16.0635 28.0258
v 29.7018 16.0917 27.9713
v 30.4432 16.0635 28.0258
v 30.4205 16.0607 28.3331
v 29.7018 16.0917 27.9713
v 30.4205 16.0607 28.3331
v 30.1873 16.0669 28.5345
v 29.7018 16.0917 27.9713
v 30.1873 16.0669 28.5345
v 29.8802 16.0785 28.5119
v 29.7018 16.0917 27.9713
v 29.8802 16.0785 28.5119
v 29.6791 16.0888 28.2786
v 29.7018 16.0917 27.9713
v 30.0168 16.8863 27.9371
v 30.1974 16.8794 27.9504
v 29.8797 16.8899 28.0555
v 30.1974 16.8794 27.9504
v 30.3158 16.8734 28.0876
v 29.8797 16.8899 28.0555
v 30.3158 16.8734 28.0876
v 30.3024 16.8717 28.2683
v 29.8797 16.8899 28.0555
v 30.3024 16.8717 28.2683
v 30.1652 16.8753 28.3868
v 29.8797 16.8899 28.0555
v 30.1652 16.8753 28.3868
v 29.9846 16.8822 28.3735
v 29.8797 16.8899 28.0555
v 29.9846 16.8822 28.3735
v 29.8663 16.8882 28.2363
v 29.8797 16.8899 28.0555
v 48.3419 13.8917 49.1946
v 49.3373 13.9743 49.0278
v 47.7585 13.8070 50.0179
v 49.3373 13.9743 49.0278
v 50.1615 14.0063 49.6152
v 47.7585 13.8070 50.0179
v 50.1615 14.0063 49.6152
v 50.3317 13.9690 50.6127
v 47.7585 13.8070 50.0179
v 50.3317 13.9690 50.6127
v 49.7483 13.8843 51.4360
v 47.7585 13.8070 50.0179
v 49.7483 13.8843 51.4360
v 48.7529 13.8017 51.6028
v 47.7585 13.8070 50.0179
v 48.7529 13.8017 51.6028
v 47.9287 13.7697 51.0154
v 47.7585 13.8070 50.0179
v 48.3626 14.9893 49.4130
v 49.2128 15.0598 49.2706
v 48.7137 14.9124 51.4700
v 49.2128 15.0598 49.2706
v 49.9169 15.0871 49.7723
v 48.7137 14.9124 51.4700
v 49.9169 15.0871 49.7723
v 50.0622 15.0553 50.6244
v 48.7137 14.9124 51.4700
v 50.0622 15.0553 50.6244
v 49.5639 14.9829 51.3276
v 48.7137 14.9124 51.4700
v 48.0096 14.8851 50.9683
v 47.8643 14.9170 50.1162
v 48.7137 14.9124 51.4700
v 47.8643 14.9170 50.1162
v 48.3626 14.9893 49.4130
v 48.7137 14.9124 51.4700
v 48.3980 16.0868 49.6548
v 49.0823 16.1436 49.5403
v 48.6806 16.0250 51.3103
v 49.0823 16.1436 49.5403
v 49.6490 16.1656 49.9440
v 48.6806 16.0250 51.3103
v 49.6490 16.1656 49.9440
v 49.7658 16.1399 50.6298
v 48.6806 16.0250 51.3103
v 49.7658 16.1399 50.6298
v 49.3649 16.0817 51.1958
v 48.6806 16.0250 51.3103
v 48.1139 16.0030 50.9066
v 47.9970 16.0286 50.2209
v 48.6806 16.0250 51.3103
v 47.9970 16.0286 50.2209
v 48.3980 16.0868 49.6548
v 48.6806 16.0250 51.3103
v 48.9559 17.1724 49.8069
v 49.3851 17.1891 50.1129
v 48.4374 17.1294 49.8939
v 49.3851 17.1891 50.1129
v 49.4739 17.1697 50.6325
v 48.4374 17.1294 49.8939
v 49.4739 17.1697 50.6325
v 49.1699 17.1255 51.0613
v 48.4374 17.1294 49.8939
v 49.1699 17.1255 51.0613
v 48.6515 17.0826 51.1482
v 48.4374 17.1294 49.8939
v 48.6515 17.0826 51.1482
v 48.2222 17.0659 50.8422
v 48.4374 17.1294 49.8939
v 48.2222 17.0659 50.8422
v 48.1335 17.0853 50.3226
v 48.4374 17.1294 49.8939
v 48.4810 18.1171 50.1301
v 48.8335 18.1464 50.0711
v 48.2744 18.0871 50.4217
v 48.8335 18.1464 50.0711
v 49.1254 18.1577 50.2791
v 48.2744 18.0871 50.4217
v 49.1254 18.1577 50.2791
v 49.1857 18.1445 50.6324
v 48.2744 18.0871 50.4217
v 49.1857 18.1445 50.6324
v 48.9791 18.1145 50.9240
v 48.2744 18.0871 50.4217
v 48.9791 18.1145 50.9240
v 48.6265 18.0853 50.9830
v 48.2744 18.0871 50.4217
v 48.6265 18.0853 50.9830
v 48.3346 18.0739 50.7750
v 48.2744 18.0871 50.4217
v 48.5140 19.0500 50.3403
v 48.7213 19.0672 50.3056
v 48.3924 19.0324 50.5119
v 48.7213 19.0672 50.3056
v 48.8931 19.0739 50.4280
v 48.3924 19.0324 50.5119
v 48.8931 19.0739 50.4280
v 48.9285 19.0661 50.6358
v 48.3924 19.0324 50.5119
v 48.9285 19.0661 50.6358
v 48.8069 19.0485 50.8073
v 48.3924 19.0324 50.5119
v 48.8069 19.0485 50.8073
v 48.5996 19.0313 50.8420
v 48.3924 19.0324 50.5119
v 48.5996 19.0313 50.8420
v 48.4279 19.0246 50.7197
v 48.3924 19.0324 50.5119
v 15.4798 11.5506 8.5569
v 15.8382 11.6095 9.1350
v 14.8170 11.4916 8.4037
v 15.8382 11.6095 9.1350
v 15.6824 11.6338 9.7994
v 14.8170 11.4916 8.4037
v 15.6824 11.6338 9.7994
v 15.1037 11.6093 10.1607
v 14.8170 11.4916 8.4037
v 15.1037 11.6093 10.1607
v 14.4409 11.5504 10.0075
v 14.8170 11.4916 8.4037
v 14.4409 11.5504 10.0075
v 14.0825 11.4915 9.4294
v 14.8170 11.4916 8.4037
v 14.0825 11.4915 9.4294
v 14.2382 11.4671 8.7651
v 14.8170 11.4916 8.4037
v 15.3475 12.2907 8.6223
v 15.6537 12.3410 9.1161
v 14.1540 12.2402 9.3676
v 15.6537 12.3410 9.1161
v 15.5206 12.3618 9.6836
v 14.1540 12.2402 9.3676
v 15.5206 12.3618 9.6836
v 15.0262 12.3409 9.9922
v 14.1540 12.2402 9.3676
v 15.0262 12.3409 9.9922
v 14.4602 12.2905 9.8614
v 14.1540 12.2402 9.3676
v 14.2870 12.2194 8.8001
v 14.7814 12.2404 8.4915
v 14.1540 12.2402 9.3676
v 14.7814 12.2404 8.4915
v 15.3475 12.2907 8.6223
v 14.1540 12.2402 9.3676
v 15.2044 13.0309 8.7028
v 15.4508 13.0713 9.1003
v 14.2439 12.9902 9.3026
v 15.4508 13.0713 9.1003
v 15.3438 13.0881 9.5570
v 14.2439 12.9902 9.3026
v 15.3438 13.0881 9.5570
v 14.9458 13.0712 9.8054
v 14.2439 12.9902 9.3026
v 14.9458 13.0712 9.8054
v 14.4902 13.0307 9.7001
v 14.2439 12.9902 9.3026
v 14.3509 12.9735 8.8459
v 14.7488 12.9903 8.5976
v 14.2439 12.9902 9.3026
v 14.7488 12.9903 8.5976
v 15.2044 13.0309 8.7028
v 14.2439 12.9902 9.3026
v 15.2509 13.7647 9.0865
v 15.1697 13.7773 9.4325
v 15.0642 13.7340 8.7854
v 15.1697 13.7773 9.4325
v 14.8683 13.7646 9.6208
v 15.0642 13.7340 8.7854
v 14.8683 13.7646 9.6208
v 14.5231 13.7339 9.5409
v 15.0642 13.7340 8.7854
v 14.5231 13.7339 9.5409
v 14.3363 13.7032 9.2398
v 15.0642 13.7340 8.7854
v 14.3363 13.7032 9.2398
v 14.4175 13.6905 8.8938
v 15.0642 13.7340 8.7854
v 14.4175 13.6905 8.8938
v 14.7190 13.7033 8.7055
v 15.0642 13.7340 8.7854
v 14.9267 14.4001 8.8699
v 15.0537 14.4210 9.0747
v 14.6920 14.3792 8.8157
v 15.0537 14.4210 9.0747
v 14.9985 14.4296 9.3100
v 14.6920 14.3792 8.8157
v 14.9985 14.4296 9.3100
v 14.7935 14.4209 9.4379
v 14.6920 14.3792 8.8157
v 14.7935 14.4209 9.4379
v 14.5588 14.4001 9.3837
v 14.6920 14.3792 8.8157
v 14.5588 14.4001 9.3837
v 14.4319 14.3792 9.1789
v 14.6920 14.3792 8.8157
v 14.4319 14.3792 9.1789
v 14.4870 14.3706 8.9436
v 14.6920 14.3792 8.8157
v 14.8030 15.0292 8.9414
v 14.8776 15.0415 9.0618
v 14.6649 15.0170 8.9095
v 14.8776 15.0415 9.0618
v 14.8452 15.0466 9.2002
v 14.6649 15.0170 8.9095
v 14.8452 15.0466 9.2002
v 14.7246 15.0415 9.2755
v 14.6649 15.0170 8.9095
v 14.7246 15.0415 9.2755
v 14.5865 15.0292 9.2436
v 14.6649 15.0170 8.9095
v 14.5865 15.0292 9.2436
v 14.5119 15.0169 9.1231
v 14.6649 15.0170 8.9095
v 14.5119 15.0169 9.1231
v 14.5443 15.0119 8.9848
v 14.6649 15.0170 8.9095
v 41.4558 13.2857 34.3789
v 40.6289 13.2474 33.7602
v 42.4782 13.3175 34.2312
v 40.6289 13.2474 33.7602
v 40.4818 13.2250 32.7374
v 42.4782 13.3175 34.2312
v 40.4818 13.2250 32.7374
v 41.1008 13.2317 31.9099
v 42.4782 13.3175 34.2312
v 41.1008 13.2317 31.9099
v 42.1232 13.2634 31.7621
v 42.4782 13.3175 34.2312
v 42.1232 13.2634 31.7621
v 42.9501 13.3017 32.3809
v 42.4782 13.3175 34.2312
v 42.9501 13.3017 32.3809
v 43.0972 13.3241 33.4036
v 42.4782 13.3175 34.2312
v 41.4667 14.4086 34.1689
v 40.7605 14.3758 33.6404
v 42.7431 14.4223 32.4623
v 40.7605 14.3758 33.6404
v 40.6348 14.3567 32.7668
v 42.7431 14.4223 32.4623
v 40.6348 14.3567 32.7668
v 41.1635 14.3624 32.0599
v 42.7431 14.4223 32.4623
v 41.1635 14.3624 32.0599
v 42.0368 14.3896 31.9337
v 42.7431 14.4223 32.4623
v 42.8687 14.4414 33.3359
v 42.3400 14.4357 34.0427
v 42.7431 14.4223 32.4623
v 42.3400 14.4357 34.0427
v 41.4667 14.4086 34.1689
v 42.7431 14.4223 32.4623
v 41.4846 15.5312 33.9317
v 40.9163 15.5049 33.5062
v 42.5118 15.5422 32.5581
v 40.9163 15.5049 33.5062
v 40.8150 15.4895 32.8032
v 42.5118 15.5422 32.5581
v 40.8150 15.4895 32.8032
v 41.2406 15.4941 32.2343
v 42.5118 15.5422 32.5581
v 41.2406 15.4941 32.2343
v 41.9435 15.5159 32.1326
v 42.5118 15.5422 32.5581
v 42.6131 15.5576 33.2612
v 42.1874 15.5530 33.8300
v 42.5118 15.5422 32.5581
v 42.1874 15.5530 33.8300
v 41.4846 15.5312 33.9317
v 42.5118 15.5422 32.5581
v 41.0736 16.5777 33.3732
v 40.9971 16.5660 32.8405
v 41.5044 16.5976 33.6954
v 40.9971 16.5660 32.8405
v 41.3194 16.5695 32.4093
v 41.5044 16.5976 33.6954
v 41.3194 16.5695 32.4093
v 41.8520 16.5860 32.3325
v 41.5044 16.5976 33.6954
v 41.8520 16.5860 32.3325
v 42.2828 16.6060 32.6547
v 41.5044 16.5976 33.6954
v 42.2828 16.6060 32.6547
v 42.3593 16.6176 33.1874
v 41.5044 16.5976 33.6954
v 42.3593 16.6176 33.1874
v 42.0369 16.6142 33.6186
v 41.5044 16.5976 33.6954
v 41.5260 17.6078 33.4601
v 41.2332 17.5942 33.2409
v 41.8881 17.6191 33.4077
v 41.2332 17.5942 33.2409
v 41.1811 17.5863 32.8787
v 41.8881 17.6191 33.4077
v 41.1811 17.5863 32.8787
v 41.4003 17.5887 32.5856
v 41.8881 17.6191 33.4077
v 41.4003 17.5887 32.5856
v 41.7624 17.5999 32.5333
v 41.8881 17.6191 33.4077
v 41.7624 17.5999 32.5333
v 42.0553 17.6135 32.7524
v 41.8881 17.6191 33.4077
v 42.0553 17.6135 32.7524
v 42.1074 17.6214 33.1146
v 41.8881 17.6191 33.4077
v 41.5426 18.5620 33.2529
v 41.3704 18.5540 33.1240
v 41.7556 18.5686 33.2221
v 41.3704 18.5540 33.1240
v 41.3397 18.5493 32.9110
v 41.7556 18.5686 33.2221
v 41.3397 18.5493 32.9110
v 41.4687 18.5507 32.7386
v 41.7556 18.5686 33.2221
v 41.4687 18.5507 32.7386
v 41.6817 18.5574 32.7078
v 41.7556 18.5686 33.2221
v 41.6817 18.5574 32.7078
v 41.8539 18.5653 32.8367
v 41.7556 18.5686 33.2221
v 41.8539 18.5653 32.8367
v 41.8846 18.5700 33.0498
v 41.7556 18.5686 33.2221
v -28.8214 11.6947 -29.0248
v -29.4459 11.7062 -28.6390
v -28.6516 11.7218 -29.7386
v -29.4459 11.7062 -28.6390
v -30.1592 11.7496 -28.8071
v -28.6516 11.7218 -29.7386
v -30.1592 11.7496 -28.8071
v -30.5436 11.7994 -29.4306
v -28.6516 11.7218 -29.7386
v -30.5436 11.7994 -29.4306
v -30.3738 11.8264 -30.1444
v -28.6516 11.7218 -29.7386
v -30.3738 11.8264 -30.1444
v -29.7493 11.8149 -30.5302
v -28.6516 11.7218 -29.7386
v -29.7493 11.8149 -30.5302
v -29.0359 11.7716 -30.3622
v -28.6516 11.7218 -29.7386
v -28.8954 12.5017 -29.0669
v -29.4289 12.5116 -28.7374
v -29.6880 12.6044 -30.3527
v -29.4289 12.5116 -28.7374
v -30.0382 12.5486 -28.8809
v -29.6880 12.6044 -30.3527
v -30.0382 12.5486 -28.8809
v -30.3665 12.5911 -29.4135
v -29.6880 12.6044 -30.3527
v -30.3665 12.5911 -29.4135
v -30.2215 12.6143 -30.0232
v -29.6880 12.6044 -30.3527
v -29.0787 12.5674 -30.2092
v -28.7504 12.5249 -29.6766
v -29.6880 12.6044 -30.3527
v -28.7504 12.5249 -29.6766
v -28.8954 12.5017 -29.0669
v -29.6880 12.6044 -30.3527
v -28.9857 13.3102 -29.1206
v -29.4151 13.3181 -28.8555
v -29.6236 13.3928 -30.1554
v -29.4151 13.3181 -28.8555
v -29.9055 13.3479 -28.9709
v -29.6236 13.3928 -30.1554
v -29.9055 13.3479 -28.9709
v -30.1696 13.3821 -29.3996
v -29.6236 13.3928 -30.1554
v -30.1696 13.3821 -29.3996
v -30.0530 13.4007 -29.8903
v -29.6236 13.3928 -30.1554
v -29.1332 13.3630 -30.0400
v -28.8691 13.3288 -29.6113
v -29.6236 13.3928 -30.1554
v -28.8691 13.3288 -29.6113
v -28.9857 13.3102 -29.1206
v -29.6236 13.3928 -30.1554
v -29.4031 14.0847 -28.9753
v -29.7747 14.1073 -29.0629
v -29.0779 14.0787 -29.1763
v -29.7747 14.1073 -29.0629
v -29.9749 14.1332 -29.3877
v -29.0779 14.0787 -29.1763
v -29.9749 14.1332 -29.3877
v -29.8864 14.1473 -29.7594
v -29.0779 14.0787 -29.1763
v -29.8864 14.1473 -29.7594
v -29.5612 14.1413 -29.9604
v -29.0779 14.0787 -29.1763
v -29.5612 14.1413 -29.9604
v -29.1896 14.1187 -29.8728
v -29.0779 14.0787 -29.1763
v -29.1896 14.1187 -29.8728
v -28.9894 14.0928 -29.5481
v -29.0779 14.0787 -29.1763
v -29.1720 14.8074 -29.2340
v -29.3932 14.8114 -29.0974
v -29.1119 14.8170 -29.4868
v -29.3932 14.8114 -29.0974
v -29.6459 14.8268 -29.1569
v -29.1119 14.8170 -29.4868
v -29.6459 14.8268 -29.1569
v -29.7820 14.8444 -29.3777
v -29.1119 14.8170 -29.4868
v -29.7820 14.8444 -29.3777
v -29.7218 14.8540 -29.6305
v -29.1119 14.8170 -29.4868
v -29.7218 14.8540 -29.6305
v -29.5006 14.8500 -29.7671
v -29.1119 14.8170 -29.4868
v -29.5006 14.8500 -29.7671
v -29.2480 14.8346 -29.7076
v -29.1119 14.8170 -29.4868
v -29.2520 15.4948 -29.2820
v -29.3821 15.4972 -29.2017
v -29.2166 15.5004 -29.4307
v -29.3821 15.4972 -29.2017
v -29.5307 15.5062 -29.2366
v -29.2166 15.5004 -29.4307
v -29.5307 15.5062 -29.2366
v -29.6107 15.5166 -29.3666
v -29.2166 15.5004 -29.4307
v -29.6107 15.5166 -29.3666
v -29.5754 15.5222 -29.5152
v -29.2166 15.5004 -29.4307
v -29.5754 15.5222 -29.5152
v -29.4453 15.5198 -29.5956
v -29.2166 15.5004 -29.4307
v -29.4453 15.5198 -29.5956
v -29.2966 15.5108 -29.5606
v -29.2166 15.5004 -29.4307
v -43.7930 10.0814 -2.6973
v -43.7203 10.0665 -1.7995
v -44.4788 10.1164 -3.2803
v -43.7203 10.0665 -1.7995
v -44.3033 10.0804 -1.1129
v -44.4788 10.1164 -3.2803
v -44.3033 10.0804 -1.1129
v -45.2005 10.1149 -1.0398
v -44.4788 10.1164 -3.2803
v -45.2005 10.1149 -1.0398
v -45.8863 10.1499 -1.6228
v -44.4788 10.1164 -3.2803
v -45.8863 10.1499 -1.6228
v -45.9589 10.1648 -2.5206
v -44.4788 10.1164 -3.2803
v -45.9589 10.1648 -2.5206
v -45.3759 10.1509 -3.2072
v -44.4788 10.1164 -3.2803
v -43.9068 11.0664 -2.6058
v -43.8448 11.0537 -1.8389
v -45.7569 11.1376 -2.4549
v -43.8448 11.0537 -1.8389
v -44.3428 11.0655 -1.2525
v -45.7569 11.1376 -2.4549
v -44.3428 11.0655 -1.2525
v -45.1091 11.0950 -1.1900
v -45.7569 11.1376 -2.4549
v -45.1091 11.0950 -1.1900
v -45.6949 11.1249 -1.6880
v -45.7569 11.1376 -2.4549
v -45.2589 11.1258 -3.0413
v -44.4926 11.0963 -3.1038
v -45.7569 11.1376 -2.4549
v -44.4926 11.0963 -3.1038
v -43.9068 11.0664 -2.6058
v -45.7569 11.1376 -2.4549
v -44.0425 12.0521 -2.5031
v -43.9927 12.0418 -1.8859
v -45.5315 12.1094 -2.3816
v -43.9927 12.0418 -1.8859
v -44.3934 12.0514 -1.4139
v -45.5315 12.1094 -2.3816
v -44.3934 12.0514 -1.4139
v -45.0101 12.0751 -1.3637
v -45.5315 12.1094 -2.3816
v -45.0101 12.0751 -1.3637
v -45.4817 12.0991 -1.7644
v -45.5315 12.1094 -2.3816
v -45.1308 12.0999 -2.8537
v -44.5140 12.0761 -2.9038
v -45.5315 12.1094 -2.3816
v -44.5140 12.0761 -2.9038
v -44.0425 12.0521 -2.5031
v -45.5315 12.1094 -2.3816
v -44.1422 12.9810 -1.9335
v -44.4459 12.9882 -1.5759
v -44.1801 12.9888 -2.4011
v -44.4459 12.9882 -1.5759
v -44.9132 13.0062 -1.5377
v -44.1801 12.9888 -2.4011
v -44.9132 13.0062 -1.5377
v -45.2704 13.0244 -1.8415
v -44.1801 12.9888 -2.4011
v -45.2704 13.0244 -1.8415
v -45.3083 13.0322 -2.3091
v -44.1801 12.9888 -2.4011
v -45.3083 13.0322 -2.3091
v -45.0045 13.0250 -2.6667
v -44.1801 12.9888 -2.4011
v -45.0045 13.0250 -2.6667
v -44.5372 13.0070 -2.7049
v -44.1801 12.9888 -2.4011
v -44.3196 13.8764 -2.2997
v -44.2939 13.8712 -1.9818
v -44.5625 13.8888 -2.5062
v -44.2939 13.8712 -1.9818
v -44.5004 13.8761 -1.7386
v -44.5625 13.8888 -2.5062
v -44.5004 13.8761 -1.7386
v -44.8181 13.8883 -1.7127
v -44.5625 13.8888 -2.5062
v -44.8181 13.8883 -1.7127
v -45.0610 13.9007 -1.9192
v -44.5625 13.8888 -2.5062
v -45.0610 13.9007 -1.9192
v -45.0867 13.9060 -2.2372
v -44.5625 13.8888 -2.5062
v -45.0867 13.9060 -2.2372
v -44.8803 13.9011 -2.4803
v -44.5625 13.8888 -2.5062
v -44.4393 14.7144 -2.2102
v -44.4242 14.7113 -2.0232
v -44.5822 14.7217 -2.3317
v -44.4242 14.7113 -2.0232
v -44.5456 14.7142 -1.8802
v -44.5822 14.7217 -2.3317
v -44.5456 14.7142 -1.8802
v -44.7325 14.7214 -1.8650
v -44.5822 14.7217 -2.3317
v -44.7325 14.7214 -1.8650
v -44.8754 14.7287 -1.9864
v -44.5822 14.7217 -2.3317
v -44.8754 14.7287 -1.9864
v -44.8905 14.7318 -2.1734
v -44.5822 14.7217 -2.3317
v -44.8905 14.7318 -2.1734
v -44.7691 14.7289 -2.3165
v -44.5822 14.7217 -2.3317
v 22.0781 13.0130 40.7392
v 22.4250 13.0048 39.8937
v 22.4305 13.0057 41.5825
v 22.4250 13.0048 39.8937
v 23.2681 12.9859 39.5412
v 22.4305 13.0057 41.5825
v 23.2681 12.9859 39.5412
v 24.1134 12.9675 39.8882
v 22.4305 13.0057 41.5825
v 24.1134 12.9675 39.8882
v 24.4658 12.9602 40.7315
v 22.4305 13.0057 41.5825
v 24.4658 12.9602 40.7315
v 24.1189 12.9683 41.5770
v 22.4305 13.0057 41.5825
v 24.1189 12.9683 41.5770
v 23.2758 12.9872 41.9295
v 22.4305 13.0057 41.5825
v 22.2742 14.0040 40.7381
v 22.5705 13.9970 40.0159
v 24.0173 13.9659 41.4536
v 22.5705 13.9970 40.0159
v 23.2906 13.9809 39.7147
v 24.0173 13.9659 41.4536
v 23.2906 13.9809 39.7147
v 24.0126 13.9651 40.0112
v 24.0173 13.9659 41.4536
v 24.0126 13.9651 40.0112
v 24.3137 13.9589 40.7314
v 24.0173 13.9659 41.4536
v 23.2972 13.9820 41.7548
v 22.5752 13.9978 41.4583
v 24.0173 13.9659 41.4536
v 22.5752 13.9978 41.4583
v 22.2742 14.0040 40.7381
v 24.0173 13.9659 41.4536
v 22.4951 14.9945 40.7368
v 22.7338 14.9889 40.1556
v 23.8981 14.9638 41.3127
v 22.7338 14.9889 40.1556
v 23.3133 14.9759 39.9132
v 23.8981 14.9638 41.3127
v 23.3133 14.9759 39.9132
v 23.8943 14.9632 40.1519
v 23.8981 14.9638 41.3127
v 23.8943 14.9632 40.1519
v 24.1367 14.9582 40.7315
v 23.8981 14.9638 41.3127
v 23.3186 14.9768 41.5552
v 22.7375 14.9895 41.3165
v 23.8981 14.9638 41.3127
v 22.7375 14.9895 41.3165
v 22.4951 14.9945 40.7368
v 23.8981 14.9638 41.3127
v 22.8956 15.9310 40.2952
v 23.3348 15.9212 40.1116
v 22.7150 15.9353 40.7356
v 23.3348 15.9212 40.1116
v 23.7751 15.9116 40.2923
v 22.7150 15.9353 40.7356
v 23.7751 15.9116 40.2923
v 23.9586 15.9078 40.7316
v 22.7150 15.9353 40.7356
v 23.9586 15.9078 40.7316
v 23.7780 15.9120 41.1720
v 22.7150 15.9353 40.7356
v 23.7780 15.9120 41.1720
v 23.3388 15.9218 41.3556
v 22.7150 15.9353 40.7356
v 23.3388 15.9218 41.3556
v 22.8985 15.9315 41.1749
v 22.7150 15.9353 40.7356
v 22.9338 16.8263 40.7344
v 23.0567 16.8234 40.4350
v 23.0586 16.8237 41.0331
v 23.0567 16.8234 40.4350
v 23.3552 16.8167 40.3101
v 23.0586 16.8237 41.0331
v 23.3552 16.8167 40.3101
v 23.6546 16.8102 40.4331
v 23.0586 16.8237 41.0331
v 23.6546 16.8102 40.4331
v 23.7794 16.8076 40.7317
v 23.0586 16.8237 41.0331
v 23.7794 16.8076 40.7317
v 23.6566 16.8105 41.0311
v 23.0586 16.8237 41.0331
v 23.6566 16.8105 41.0311
v 23.3580 16.8172 41.1560
v 23.0586 16.8237 41.0331
v 23.1266 17.6681 40.7334
v 23.1989 17.6664 40.5573
v 23.2000 17.6666 40.9090
v 23.1989 17.6664 40.5573
v 23.3745 17.6625 40.4838
v 23.2000 17.6666 40.9090
v 23.3745 17.6625 40.4838
v 23.5506 17.6586 40.5561
v 23.2000 17.6666 40.9090
v 23.5506 17.6586 40.5561
v 23.6240 17.6571 40.7318
v 23.2000 17.6666 40.9090
v 23.6240 17.6571 40.7318
v 23.5517 17.6588 40.9079
v 23.2000 17.6666 40.9090
v 23.5517 17.6588 40.9079
v 23.3761 17.6627 40.9814
v 23.2000 17.6666 40.9090
v 29.4341 12.2294 -14.4769
v 28.1850 12.1567 -13.9759
v 29.9624 12.2847 -15.7156
v 28.1850 12.1567 -13.9759
v 26.9467 12.1090 -14.5061
v 29.9624 12.2847 -15.7156
v 26.9467 12.1090 -14.5061
v 26.4448 12.1143 -15.7570
v 29.9624 12.2847 -15.7156
v 26.4448 12.1143 -15.7570
v 26.9731 12.1695 -16.9958
v 29.9624 12.2847 -15.7156
v 26.9731 12.1695 -16.9958
v 28.2222 12.2423 -17.4967
v 29.9624 12.2847 -15.7156
v 28.2222 12.2423 -17.4967
v 29.4605 12.2900 -16.9665
v 29.9624 12.2847 -15.7156
v 29.1833 13.6905 -14.6256
v 28.1163 13.6283 -14.1978
v 28.1481 13.7015 -17.2051
v 28.1163 13.6283 -14.1978
v 27.0586 13.5876 -14.6507
v 28.1481 13.7015 -17.2051
v 27.0586 13.5876 -14.6507
v 26.6299 13.5921 -15.7191
v 28.1481 13.7015 -17.2051
v 26.6299 13.5921 -15.7191
v 27.0811 13.6393 -16.7772
v 28.1481 13.7015 -17.2051
v 29.2058 13.7422 -16.7522
v 29.6345 13.7376 -15.6837
v 28.1481 13.7015 -17.2051
v 29.6345 13.7376 -15.6837
v 29.1833 13.6905 -14.6256
v 28.1481 13.7015 -17.2051
v 28.9068 15.1509 -14.8007
v 28.0480 15.1009 -14.4565
v 28.0737 15.1597 -16.8766
v 28.0480 15.1009 -14.4565
v 27.1967 15.0681 -14.8208
v 28.0737 15.1597 -16.8766
v 27.1967 15.0681 -14.8208
v 26.8519 15.0717 -15.6808
v 28.0737 15.1597 -16.8766
v 26.8519 15.0717 -15.6808
v 27.2149 15.1097 -16.5324
v 28.0737 15.1597 -16.8766
v 28.9250 15.1925 -16.5123
v 29.2699 15.1888 -15.6523
v 28.0737 15.1597 -16.8766
v 29.2699 15.1888 -15.6523
v 28.9068 15.1509 -14.8007
v 28.0737 15.1597 -16.8766
v 27.9833 16.5001 -14.7164
v 27.3384 16.4753 -14.9927
v 28.6339 16.5380 -14.9774
v 27.3384 16.4753 -14.9927
v 27.0768 16.4781 -15.6442
v 28.6339 16.5380 -14.9774
v 27.0768 16.4781 -15.6442
v 27.3521 16.5068 -16.2894
v 28.6339 16.5380 -14.9774
v 27.3521 16.5068 -16.2894
v 28.0028 16.5447 -16.5504
v 28.6339 16.5380 -14.9774
v 28.0028 16.5447 -16.5504
v 28.6477 16.5696 -16.2741
v 28.6339 16.5380 -14.9774
v 28.6477 16.5696 -16.2741
v 28.9093 16.5668 -15.6226
v 28.6339 16.5380 -14.9774
v 28.3646 17.8519 -15.1559
v 27.9222 17.8261 -14.9786
v 28.5517 17.8715 -15.5947
v 27.9222 17.8261 -14.9786
v 27.4837 17.8092 -15.1663
v 28.5517 17.8715 -15.5947
v 27.4837 17.8092 -15.1663
v 27.3059 17.8111 -15.6093
v 28.5517 17.8715 -15.5947
v 27.3059 17.8111 -15.6093
v 27.4930 17.8307 -16.0481
v 28.5517 17.8715 -15.5947
v 27.4930 17.8307 -16.0481
v 27.9354 17.8565 -16.2255
v 28.5517 17.8715 -15.5947
v 27.9354 17.8565 -16.2255
v 28.3740 17.8733 -16.0377
v 28.5517 17.8715 -15.5947
v 28.1245 19.0931 -15.3100
v 27.8643 19.0780 -15.2056
v 28.2345 19.1046 -15.5680
v 27.8643 19.0780 -15.2056
v 27.6063 19.0680 -15.3161
v 28.2345 19.1046 -15.5680
v 27.6063 19.0680 -15.3161
v 27.5018 19.0691 -15.5767
v 28.2345 19.1046 -15.5680
v 27.5018 19.0691 -15.5767
v 27.6118 19.0806 -15.8347
v 28.2345 19.1046 -15.5680
v 27.6118 19.0806 -15.8347
v 27.8720 19.0958 -15.9391
v 28.2345 19.1046 -15.5680
v 27.8720 19.0958 -15.9391
v 28.1300 19.1057 -15.8286
v 28.2345 19.1046 -15.5680
v -33.9585 12.0424 -35.2358
v -34.8086 12.0244 -35.4110
v -33.2336 12.0536 -35.7132
v -34.8086 12.0244 -35.4110
v -35.2858 12.0104 -36.1360
v -33.2336 12.0536 -35.7132
v -35.2858 12.0104 -36.1360
v -35.1105 12.0084 -36.9862
v -33.2336 12.0536 -35.7132
v -35.1105 12.0084 -36.9862
v -34.3855 12.0197 -37.4636
v -33.2336 12.0536 -35.7132
v -34.3855 12.0197 -37.4636
v -33.5355 12.0376 -37.2884
v -33.2336 12.0536 -35.7132
v -33.5355 12.0376 -37.2884
v -33.0583 12.0517 -36.5634
v -33.2336 12.0536 -35.7132
v -34.0083 12.9857 -35.4043
v -34.7344 12.9704 -35.5539
v -33.6470 12.9816 -37.1575
v -34.7344 12.9704 -35.5539
v -35.1420 12.9584 -36.1732
v -33.6470 12.9816 -37.1575
v -35.1420 12.9584 -36.1732
v -34.9923 12.9567 -36.8994
v -33.6470 12.9816 -37.1575
v -34.9923 12.9567 -36.8994
v -34.3731 12.9663 -37.3072
v -33.6470 12.9816 -37.1575
v -33.2394 12.9936 -36.5382
v -33.3891 12.9953 -35.8120
v -33.6470 12.9816 -37.1575
v -33.3891 12.9953 -35.8120
v -34.0083 12.9857 -35.4043
v -33.6470 12.9816 -37.1575
v -34.0626 13.9288 -35.5959
v -34.6469 13.9165 -35.7165
v -33.7718 13.9255 -37.0070
v -34.6469 13.9165 -35.7165
v -34.9751 13.9068 -36.2148
v -33.7718 13.9255 -37.0070
v -34.9751 13.9068 -36.2148
v -34.8545 13.9055 -36.7993
v -33.7718 13.9255 -37.0070
v -34.8545 13.9055 -36.7993
v -34.3562 13.9132 -37.1276
v -33.7718 13.9255 -37.0070
v -33.4437 13.9352 -36.5087
v -33.5643 13.9365 -35.9242
v -33.7718 13.9255 -37.0070
v -33.5643 13.9365 -35.9242
v -34.0626 13.9288 -35.5959
v -33.7718 13.9255 -37.0070
v -34.5587 14.8153 -35.8785
v -34.8072 14.8080 -36.2562
v -34.1159 14.8246 -35.7873
v -34.8072 14.8080 -36.2562
v -34.7160 14.8070 -36.6991
v -34.1159 14.8246 -35.7873
v -34.7160 14.8070 -36.6991
v -34.3383 14.8128 -36.9476
v -34.1159 14.8246 -35.7873
v -34.3383 14.8128 -36.9476
v -33.8955 14.8222 -36.8565
v -34.1159 14.8246 -35.7873
v -33.8955 14.8222 -36.8565
v -33.6470 14.8295 -36.4788
v -34.1159 14.8246 -35.7873
v -33.6470 14.8295 -36.4788
v -33.7382 14.8305 -36.0359
v -34.1159 14.8246 -35.7873
v -34.1683 15.6733 -35.9784
v -34.4693 15.6669 -36.0405
v -33.9115 15.6772 -36.1475
v -34.4693 15.6669 -36.0405
v -34.6384 15.6619 -36.2972
v -33.9115 15.6772 -36.1475
v -34.6384 15.6619 -36.2972
v -34.5763 15.6612 -36.5984
v -33.9115 15.6772 -36.1475
v -34.5763 15.6612 -36.5984
v -34.3195 15.6652 -36.7674
v -33.9115 15.6772 -36.1475
v -34.3195 15.6652 -36.7674
v -34.0185 15.6716 -36.7054
v -33.9115 15.6772 -36.1475
v -34.0185 15.6716 -36.7054
v -33.8495 15.6765 -36.4486
v -33.9115 15.6772 -36.1475
v -34.2153 16.4748 -36.1460
v -34.3924 16.4711 -36.1825
v -34.0643 16.4772 -36.2455
v -34.3924 16.4711 -36.1825
v -34.4918 16.4682 -36.3335
v -34.0643 16.4772 -36.2455
v -34.4918 16.4682 -36.3335
v -34.4553 16.4678 -36.5107
v -34.0643 16.4772 -36.2455
v -34.4553 16.4678 -36.5107
v -34.3043 16.4701 -36.6101
v -34.0643 16.4772 -36.2455
v -34.3043 16.4701 -36.6101
v -34.1272 16.4739 -36.5736
v -34.0643 16.4772 -36.2455
v -34.1272 16.4739 -36.5736
v -34.0277 16.4768 -36.4226
v -34.0643 16.4772 -36.2455
v 19.4978 12.1675 25.6596
v 20.0770 12.1264 26.2452
v 18.6741 12.2095 25.6559
v 20.0770 12.1264 26.2452
v 20.0726 12.1103 27.0698
v 18.6741 12.2095 25.6559
v 20.0726 12.1103 27.0698
v 19.4870 12.1287 27.6503
v 18.6741 12.2095 25.6559
v 19.4870 12.1287 27.6503
v 18.6633 12.1707 27.6467
v 18.6741 12.2095 25.6559
v 18.6633 12.1707 27.6467
v 18.0840 12.2118 27.0610
v 18.6741 12.2095 25.6559
v 18.0840 12.2118 27.0610
v 18.0885 12.2279 26.2364
v 18.6741 12.2095 25.6559
v 19.4826 13.0644 25.8222
v 19.9774 13.0293 26.3225
v 18.2751 13.1023 27.0192
v 19.9774 13.0293 26.3225
v 19.9736 13.0156 27.0268
v 18.2751 13.1023 27.0192
v 19.9736 13.0156 27.0268
v 19.4734 13.0313 27.5226
v 18.2751 13.1023 27.0192
v 19.4734 13.0313 27.5226
v 18.7698 13.0672 27.5195
v 18.2751 13.1023 27.0192
v 18.2789 13.1160 26.3149
v 18.7791 13.1003 25.8191
v 18.2751 13.1023 27.0192
v 18.7791 13.1003 25.8191
v 19.4826 13.0644 25.8222
v 18.2751 13.1023 27.0192
v 19.4588 13.9614 26.0055
v 19.8569 13.9331 26.4082
v 18.4869 13.9918 26.9689
v 19.8569 13.9331 26.4082
v 19.8539 13.9221 26.9751
v 18.4869 13.9918 26.9689
v 19.8539 13.9221 26.9751
v 19.4513 13.9347 27.3740
v 18.4869 13.9918 26.9689
v 19.4513 13.9347 27.3740
v 18.8850 13.9636 27.3716
v 18.4869 13.9918 26.9689
v 18.4899 14.0029 26.4021
v 18.8925 13.9902 26.0031
v 18.4869 13.9918 26.9689
v 18.8925 13.9902 26.0031
v 19.4588 13.9614 26.0055
v 18.4869 13.9918 26.9689
v 19.7344 14.7921 26.4929
v 19.7320 14.7837 26.9224
v 19.4326 14.8135 26.1879
v 19.7320 14.7837 26.9224
v 19.4270 14.7932 27.2249
v 19.4326 14.8135 26.1879
v 19.4270 14.7932 27.2249
v 18.9980 14.8151 27.2229
v 19.4326 14.8135 26.1879
v 18.9980 14.8151 27.2229
v 18.6962 14.8365 26.9179
v 19.4326 14.8135 26.1879
v 18.6962 14.8365 26.9179
v 18.6986 14.8449 26.4884
v 19.4326 14.8135 26.1879
v 18.6986 14.8449 26.4884
v 19.0036 14.8354 26.1860
v 19.4326 14.8135 26.1879
v 19.4042 15.6207 26.3695
v 19.6093 15.6062 26.5769
v 19.1125 15.6356 26.3682
v 19.6093 15.6062 26.5769
v 19.6078 15.6005 26.8689
v 19.1125 15.6356 26.3682
v 19.6078 15.6005 26.8689
v 19.4003 15.6070 27.0745
v 19.1125 15.6356 26.3682
v 19.4003 15.6070 27.0745
v 19.1086 15.6219 27.0732
v 19.1125 15.6356 26.3682
v 19.1086 15.6219 27.0732
v 18.9035 15.6364 26.8658
v 19.1125 15.6356 26.3682
v 18.9035 15.6364 26.8658
v 18.9051 15.6421 26.5738
v 19.1125 15.6356 26.3682
v 19.3822 16.3831 26.5294
v 19.5028 16.3746 26.6515
v 19.2106 16.3919 26.5287
v 19.5028 16.3746 26.6515
v 19.5019 16.3712 26.8232
v 19.2106 16.3919 26.5287
v 19.5019 16.3712 26.8232
v 19.3799 16.3750 26.9441
v 19.2106 16.3919 26.5287
v 19.3799 16.3750 26.9441
v 19.2083 16.3838 26.9434
v 19.2106 16.3919 26.5287
v 19.2083 16.3838 26.9434
v 19.0877 16.3924 26.8214
v 19.2106 16.3919 26.5287
v 19.0877 16.3924 26.8214
v 19.0886 16.3957 26.6496
v 19.2106 16.3919 26.5287
v 33.2584 11.5411 -21.3781
v 33.6787 11.5162 -20.7917
v 32.5465 11.5667 -21.4951
v 33.6787 11.5162 -20.7917
v 33.5613 11.5066 -20.0794
v 32.5465 11.5667 -21.4951
v 33.5613 11.5066 -20.0794
v 32.9749 11.5178 -19.6586
v 32.5465 11.5667 -21.4951
v 32.9749 11.5178 -19.6586
v 32.2630 11.5434 -19.7756
v 32.5465 11.5667 -21.4951
v 32.2630 11.5434 -19.7756
v 31.8426 11.5683 -20.3620
v 32.5465 11.5667 -21.4951
v 31.8426 11.5683 -20.3620
v 31.9600 11.5780 -21.0742
v 32.5465 11.5667 -21.4951
v 33.2116 12.3268 -21.2463
v 33.5706 12.3055 -20.7454
v 32.0023 12.3500 -20.3784
v 33.5706 12.3055 -20.7454
v 33.4703 12.2972 -20.1371
v 32.0023 12.3500 -20.3784
v 33.4703 12.2972 -20.1371
v 32.9694 12.3069 -19.7776
v 32.0023 12.3500 -20.3784
v 32.9694 12.3069 -19.7776
v 32.3613 12.3287 -19.8775
v 32.0023 12.3500 -20.3784
v 32.1026 12.3582 -20.9868
v 32.6035 12.3486 -21.3463
v 32.0023 12.3500 -20.3784
v 32.6035 12.3486 -21.3463
v 33.2116 12.3268 -21.2463
v 32.0023 12.3500 -20.3784
v 33.1544 13.1124 -21.0979
v 33.4433 13.0953 -20.6947
v 32.1812 13.1311 -20.3994
v 33.4433 13.0953 -20.6947
v 33.3627 13.0887 -20.2051
v 32.1812 13.1311 -20.3994
v 33.3627 13.0887 -20.2051
v 32.9595 13.0964 -19.9158
v 32.1812 13.1311 -20.3994
v 32.9595 13.0964 -19.9158
v 32.4700 13.1140 -19.9962
v 32.1812 13.1311 -20.3994
v 32.2618 13.1378 -20.8890
v 32.6650 13.1300 -21.1782
v 32.1812 13.1311 -20.3994
v 32.6650 13.1300 -21.1782
v 33.1544 13.1124 -21.0979
v 32.1812 13.1311 -20.3994
v 33.3149 13.8458 -20.6448
v 33.2537 13.8408 -20.2738
v 33.0959 13.8588 -20.9502
v 33.2537 13.8408 -20.2738
v 32.9483 13.8467 -20.0546
v 33.0959 13.8588 -20.9502
v 32.9483 13.8467 -20.0546
v 32.5775 13.8600 -20.1156
v 33.0959 13.8588 -20.9502
v 32.5775 13.8600 -20.1156
v 32.3585 13.8730 -20.4210
v 33.0959 13.8588 -20.9502
v 32.3585 13.8730 -20.4210
v 32.4197 13.8780 -20.7919
v 33.0959 13.8588 -20.9502
v 32.4197 13.8780 -20.7919
v 32.7251 13.8721 -21.0112
v 33.0959 13.8588 -20.9502
v 33.0362 14.5659 -20.8033
v 33.1850 14.5571 -20.5956
v 32.7840 14.5750 -20.8447
v 33.1850 14.5571 -20.5956
v 33.1435 14.5537 -20.3433
v 32.7840 14.5750 -20.8447
v 33.1435 14.5537 -20.3433
v 32.9358 14.5577 -20.1943
v 32.7840 14.5750 -20.8447
v 32.9358 14.5577 -20.1943
v 32.6836 14.5667 -20.2357
v 32.7840 14.5750 -20.8447
v 32.6836 14.5667 -20.2357
v 32.5348 14.5756 -20.4434
v 32.7840 14.5750 -20.8447
v 32.5348 14.5756 -20.4434
v 32.5763 14.5790 -20.6956
v 32.7840 14.5750 -20.8447
v 32.9855 15.2338 -20.6738
v 33.0730 15.2286 -20.5516
v 32.8372 15.2391 -20.6981
v 33.0730 15.2286 -20.5516
v 33.0486 15.2265 -20.4032
v 32.8372 15.2391 -20.6981
v 33.0486 15.2265 -20.4032
v 32.9264 15.2289 -20.3155
v 32.8372 15.2391 -20.6981
v 32.9264 15.2289 -20.3155
v 32.7781 15.2342 -20.3399
v 32.8372 15.2391 -20.6981
v 32.7781 15.2342 -20.3399
v 32.6906 15.2394 -20.4621
v 32.8372 15.2391 -20.6981
v 32.6906 15.2394 -20.4621
v 32.7150 15.2414 -20.6105
v 32.8372 15.2391 -20.6981
v 26.3919 11.6318 9.0702
v 25.6199 11.6070 9.0700
v 26.9383 11.6355 8.5242
v 25.6199 11.6070 9.0700
v 25.0745 11.5757 8.5240
v 26.9383 11.6355 8.5242
v 25.0745 11.5757 8.5240
v 25.0753 11.5562 7.7519
v 26.9383 11.6355 8.5242
v 25.0753 11.5562 7.7519
v 25.6217 11.5600 7.2060
v 26.9383 11.6355 8.5242
v 25.6217 11.5600 7.2060
v 26.3936 11.5847 7.2061
v 26.9383 11.6355 8.5242
v 26.3936 11.5847 7.2061
v 26.9390 11.6160 7.7521
v 26.9383 11.6355 8.5242
v 26.3088 12.4668 8.9130
v 25.6494 12.4457 8.9129
v 26.3103 12.4266 7.3208
v 25.6494 12.4457 8.9129
v 25.1835 12.4189 8.4465
v 26.3103 12.4266 7.3208
v 25.1835 12.4189 8.4465
v 25.1842 12.4023 7.7870
v 26.3103 12.4266 7.3208
v 25.1842 12.4023 7.7870
v 25.6509 12.4055 7.3206
v 26.3103 12.4266 7.3208
v 26.7761 12.4534 7.7872
v 26.7755 12.4700 8.4467
v 26.3103 12.4266 7.3208
v 26.7755 12.4700 8.4467
v 26.3088 12.4668 8.9130
v 26.3103 12.4266 7.3208
v 26.2176 13.3011 8.7364
v 25.6869 13.2841 8.7362
v 26.2188 13.2688 7.4550
v 25.6869 13.2841 8.7362
v 25.3120 13.2626 8.3609
v 26.2188 13.2688 7.4550
v 25.3120 13.2626 8.3609
v 25.3126 13.2492 7.8301
v 26.2188 13.2688 7.4550
v 25.3126 13.2492 7.8301
v 25.6881 13.2517 7.4548
v 26.2188 13.2688 7.4550
v 26.5938 13.2903 7.8302
v 26.5932 13.3037 8.3610
v 26.2188 13.2688 7.4550
v 26.5932 13.3037 8.3610
v 26.2176 13.3011 8.7364
v 26.2188 13.2688 7.4550
v 25.7257 14.0805 8.5609
v 25.4417 14.0642 8.2764
v 26.1278 14.0934 8.5609
v 25.4417 14.0642 8.2764
v 25.4420 14.0540 7.8742
v 26.1278 14.0934 8.5609
v 25.4420 14.0540 7.8742
v 25.7267 14.0560 7.5899
v 26.1278 14.0934 8.5609
v 25.7267 14.0560 7.5899
v 26.1288 14.0689 7.5899
v 26.1278 14.0934 8.5609
v 26.1288 14.0689 7.5899
v 26.4128 14.0852 7.8744
v 26.1278 14.0934 8.5609
v 26.4128 14.0852 7.8744
v 26.4125 14.0954 8.2766
v 26.1278 14.0934 8.5609
v 26.0394 14.8437 8.3864
v 25.7660 14.8349 8.3864
v 26.2329 14.8450 8.1931
v 25.7660 14.8349 8.3864
v 25.5728 14.8238 8.1930
v 26.2329 14.8450 8.1931
v 25.5728 14.8238 8.1930
v 25.5731 14.8169 7.9195
v 26.2329 14.8450 8.1931
v 25.5731 14.8169 7.9195
v 25.7666 14.8182 7.7262
v 26.2329 14.8450 8.1931
v 25.7666 14.8182 7.7262
v 26.0400 14.8270 7.7262
v 26.2329 14.8450 8.1931
v 26.0400 14.8270 7.7262
v 26.2332 14.8381 7.9196
v 26.2329 14.8450 8.1931
v 25.9603 15.5527 8.2324
v 25.7995 15.5475 8.2324
v 26.0741 15.5534 8.1187
v 25.7995 15.5475 8.2324
v 25.6859 15.5410 8.1186
v 26.0741 15.5534 8.1187
v 25.6859 15.5410 8.1186
v 25.6860 15.5369 7.9578
v 26.0741 15.5534 8.1187
v 25.6860 15.5369 7.9578
v 25.7998 15.5377 7.8440
v 26.0741 15.5534 8.1187
v 25.7998 15.5377 7.8440
v 25.9606 15.5429 7.8441
v 26.0741 15.5534 8.1187
v 25.9606 15.5429 7.8441
v 26.0743 15.5494 7.9578
v 26.0741 15.5534 8.1187
v 46.8845 12.3127 -11.6995
v 47.2502 12.3047 -10.6594
v 45.8918 12.3624 -12.1764
v 47.2502 12.3047 -10.6594
v 46.7747 12.3430 -9.6655
v 45.8918 12.3624 -12.1764
v 46.7747 12.3430 -9.6655
v 45.7364 12.4052 -9.3000
v 45.8918 12.3624 -12.1764
v 45.7364 12.4052 -9.3000
v 44.7437 12.4549 -9.7769
v 45.8918 12.3624 -12.1764
v 44.7437 12.4549 -9.7769
v 44.3780 12.4629 -10.8170
v 45.8918 12.3624 -12.1764
v 44.3780 12.4629 -10.8170
v 44.8535 12.4246 -11.8109
v 45.8918 12.3624 -12.1764
v 46.7952 13.5215 -11.5735
v 47.1075 13.5147 -10.6852
v 44.6543 13.6498 -10.8197
v 47.1075 13.5147 -10.6852
v 46.7014 13.5474 -9.8362
v 44.6543 13.6498 -10.8197
v 46.7014 13.5474 -9.8362
v 45.8145 13.6006 -9.5241
v 44.6543 13.6498 -10.8197
v 45.8145 13.6006 -9.5241
v 44.9666 13.6430 -9.9314
v 44.6543 13.6498 -10.8197
v 45.0604 13.6171 -11.6687
v 45.9473 13.5639 -11.9809
v 44.6543 13.6498 -10.8197
v 45.9473 13.5639 -11.9809
v 46.7952 13.5215 -11.5735
v 44.6543 13.6498 -10.8197
v 46.6836 14.7318 -11.4276
v 46.9349 14.7263 -10.7126
v 44.9606 14.8351 -10.8209
v 46.9349 14.7263 -10.7126
v 46.6081 14.7526 -10.0293
v 44.9606 14.8351 -10.8209
v 46.6081 14.7526 -10.0293
v 45.8943 14.7954 -9.7781
v 44.9606 14.8351 -10.8209
v 45.8943 14.7954 -9.7781
v 45.2118 14.8296 -10.1058
v 44.9606 14.8351 -10.8209
v 45.2873 14.8087 -11.5042
v 46.0011 14.7659 -11.7553
v 44.9606 14.8351 -10.8209
v 46.0011 14.7659 -11.7553
v 46.6836 14.7318 -11.4276
v 44.9606 14.8351 -10.8209
v 46.7593 15.8780 -10.7392
v 46.5115 15.8980 -10.2216
v 46.5687 15.8822 -11.2809
v 46.5115 15.8980 -10.2216
v 45.9707 15.9304 -10.0311
v 46.5687 15.8822 -11.2809
v 45.9707 15.9304 -10.0311
v 45.4537 15.9562 -10.2796
v 46.5687 15.8822 -11.2809
v 45.4537 15.9562 -10.2796
v 45.2631 15.9604 -10.8213
v 46.5687 15.8822 -11.2809
v 45.2631 15.9604 -10.8213
v 45.5109 15.9404 -11.3389
v 46.5687 15.8822 -11.2809
v 45.5109 15.9404 -11.3389
v 46.0517 15.9080 -11.5294
v 46.5687 15.8822 -11.2809
v 46.4504 16.9726 -11.1335
v 46.5799 16.9698 -10.7652
v 46.0988 16.9902 -11.3024
v 46.5799 16.9698 -10.7652
v 46.4115 16.9833 -10.4132
v 46.0988 16.9902 -11.3024
v 46.4115 16.9833 -10.4132
v 46.0438 17.0054 -10.2838
v 46.0988 16.9902 -11.3024
v 46.0438 17.0054 -10.2838
v 45.6922 17.0230 -10.4526
v 46.0988 16.9902 -11.3024
v 45.6922 17.0230 -10.4526
v 45.5627 17.0258 -10.8210
v 46.0988 16.9902 -11.3024
v 45.5627 17.0258 -10.8210
v 45.7311 17.0122 -11.1730
v 46.0988 16.9902 -11.3024
v 46.3511 18.0017 -11.0055
v 46.4272 18.0000 -10.7888
v 46.1443 18.0120 -11.1048
v 46.4272 18.0000 -10.7888
v 46.3282 18.0080 -10.5817
v 46.1443 18.0120 -11.1048
v 46.3282 18.0080 -10.5817
v 46.1119 18.0209 -10.5056
v 46.1443 18.0120 -11.1048
v 46.1119 18.0209 -10.5056
v 45.9051 18.0313 -10.6049
v 46.1443 18.0120 -11.1048
v 45.9051 18.0313 -10.6049
v 45.8289 18.0329 -10.8216
v 46.1443 18.0120 -11.1048
v 45.8289 18.0329 -10.8216
v 45.9280 18.0250 -11.0287
v 46.1443 18.0120 -11.1048
v -21.7219 14.3003 53.5581
v -23.0131 14.2955 53.8717
v -21.0302 14.2528 52.4245
v -23.0131 14.2955 53.8717
v -24.1474 14.2414 53.1818
v -21.0302 14.2528 52.4245
v -24.1474 14.2414 53.1818
v -24.4603 14.1696 51.8924
v -21.0302 14.2528 52.4245
v -24.4603 14.1696 51.8924
v -23.7686 14.1221 50.7588
v -21.0302 14.2528 52.4245
v -23.7686 14.1221 50.7588
v -22.4774 14.1269 50.4452
v -21.0302 14.2528 52.4245
v -22.4774 14.1269 50.4452
v -21.3431 14.1810 51.1352
v -21.0302 14.2528 52.4245
v -21.8946 15.7319 53.2792
v -22.9975 15.7279 53.5470
v -22.5399 15.5838 50.6203
v -22.9975 15.7279 53.5470
v -23.9664 15.6817 52.9577
v -22.5399 15.5838 50.6203
v -23.9664 15.6817 52.9577
v -24.2336 15.6203 51.8564
v -22.5399 15.5838 50.6203
v -24.2336 15.6203 51.8564
v -23.6428 15.5798 50.8882
v -22.5399 15.5838 50.6203
v -21.5710 15.6301 51.2096
v -21.3038 15.6914 52.3110
v -22.5399 15.5838 50.6203
v -21.3038 15.6914 52.3110
v -21.8946 15.7319 53.2792
v -22.5399 15.5838 50.6203
v -22.0886 17.1618 52.9711
v -22.9763 17.1585 53.1866
v -22.6080 17.0426 50.8313
v -22.9763 17.1585 53.1866
v -23.7562 17.1213 52.7124
v -22.6080 17.0426 50.8313
v -23.7562 17.1213 52.7124
v -23.9711 17.0719 51.8260
v -22.6080 17.0426 50.8313
v -23.9711 17.0719 51.8260
v -23.4957 17.0393 51.0467
v -22.6080 17.0426 50.8313
v -21.8282 17.0798 51.3054
v -21.6133 17.1291 52.1918
v -22.6080 17.0426 50.8313
v -21.6133 17.1291 52.1918
v -22.0886 17.1618 52.9711
v -22.6080 17.0426 50.8313
v -22.9540 18.5169 52.8303
v -23.5448 18.4887 52.4708
v -22.2815 18.5193 52.6668
v -23.5448 18.4887 52.4708
v -23.7079 18.4513 51.7993
v -22.2815 18.5193 52.6668
v -23.7079 18.4513 51.7993
v -23.3475 18.4266 51.2089
v -22.2815 18.5193 52.6668
v -23.3475 18.4266 51.2089
v -22.6749 18.4290 51.0454
v -22.2815 18.5193 52.6668
v -22.6749 18.4290 51.0454
v -22.0842 18.4572 51.4049
v -22.2815 18.5193 52.6668
v -22.0842 18.4572 51.4049
v -21.9211 18.4946 52.0765
v -22.2815 18.5193 52.6668
v -22.4731 19.8047 52.3663
v -22.9304 19.8030 52.4773
v -22.2282 19.7879 51.9648
v -22.9304 19.8030 52.4773
v -23.3322 19.7838 52.2330
v -22.2282 19.7879 51.9648
v -23.3322 19.7838 52.2330
v -23.4430 19.7584 51.7763
v -22.2282 19.7879 51.9648
v -23.4430 19.7584 51.7763
v -23.1980 19.7416 51.3749
v -22.2282 19.7879 51.9648
v -23.1980 19.7416 51.3749
v -22.7407 19.7433 51.2638
v -22.2282 19.7879 51.9648
v -22.7407 19.7433 51.2638
v -22.3390 19.7624 51.5081
v -22.2282 19.7879 51.9648
v -22.6423 21.0196 52.0986
v -22.9113 21.0187 52.1639
v -22.4982 21.0098 51.8624
v -22.9113 21.0187 52.1639
v -23.1476 21.0074 52.0202
v -22.4982 21.0098 51.8624
v -23.1476 21.0074 52.0202
v -23.2128 20.9924 51.7516
v -22.4982 21.0098 51.8624
v -23.2128 20.9924 51.7516
v -23.0687 20.9825 51.5154
v -22.4982 21.0098 51.8624
v -23.0687 20.9825 51.5154
v -22.7997 20.9835 51.4501
v -22.4982 21.0098 51.8624
v -22.7997 20.9835 51.4501
v -22.5634 20.9948 51.5938
v -22.4982 21.0098 51.8624
v 15.3763 11.5677 -18.7216
v 15.7713 11.5319 -18.0767
v 14.6403 11.5796 -18.8986
v 15.7713 11.5319 -18.0767
v 15.5939 11.4931 -17.3417
v 14.6403 11.5796 -18.8986
v 15.5939 11.4931 -17.3417
v 14.9480 11.4740 -16.9472
v 14.6403 11.5796 -18.8986
v 14.9480 11.4740 -16.9472
v 14.2120 11.4859 -17.1242
v 14.6403 11.5796 -18.8986
v 14.2120 11.4859 -17.1242
v 13.8170 11.5218 -17.7691
v 14.6403 11.5796 -18.8986
v 13.8170 11.5218 -17.7691
v 13.9944 11.5606 -18.5041
v 14.6403 11.5796 -18.8986
v 15.2941 12.3849 -18.5610
v 15.6315 12.3543 -18.0101
v 13.9622 12.3457 -17.7474
v 15.6315 12.3543 -18.0101
v 15.4800 12.3211 -17.3823
v 13.9622 12.3457 -17.7474
v 15.4800 12.3211 -17.3823
v 14.9283 12.3049 -17.0454
v 13.9622 12.3457 -17.7474
v 14.9283 12.3049 -17.0454
v 14.2996 12.3150 -17.1966
v 13.9622 12.3457 -17.7474
v 14.1138 12.3788 -18.3752
v 14.6655 12.3951 -18.7122
v 13.9622 12.3457 -17.7474
v 14.6655 12.3951 -18.7122
v 15.2941 12.3849 -18.5610
v 13.9622 12.3457 -17.7474
v 15.1998 13.2012 -18.3838
v 15.4712 13.1766 -17.9404
v 14.1279 13.1697 -17.7290
v 15.4712 13.1766 -17.9404
v 15.3494 13.1499 -17.4351
v 14.1279 13.1697 -17.7290
v 15.3494 13.1499 -17.4351
v 14.9053 13.1368 -17.1640
v 14.1279 13.1697 -17.7290
v 14.9053 13.1368 -17.1640
v 14.3993 13.1450 -17.2856
v 14.1279 13.1697 -17.7290
v 14.2497 13.1963 -18.2342
v 14.6938 13.2094 -18.5053
v 14.1279 13.1697 -17.7290
v 14.6938 13.2094 -18.5053
v 15.1998 13.2012 -18.3838
v 14.1279 13.1697 -17.7290
v 15.3111 13.9577 -17.8729
v 15.2187 13.9375 -17.4900
v 15.1053 13.9764 -18.2087
v 15.2187 13.9375 -17.4900
v 14.8823 13.9276 -17.2845
v 15.1053 13.9764 -18.2087
v 14.8823 13.9276 -17.2845
v 14.4989 13.9338 -17.3768
v 15.1053 13.9764 -18.2087
v 14.4989 13.9338 -17.3768
v 14.2931 13.9525 -17.7126
v 15.1053 13.9764 -18.2087
v 14.2931 13.9525 -17.7126
v 14.3856 13.9727 -18.0955
v 15.1053 13.9764 -18.2087
v 14.3856 13.9727 -18.0955
v 14.7220 13.9826 -18.3010
v 15.1053 13.9764 -18.2087
v 15.0108 14.7104 -18.0359
v 15.1506 14.6977 -17.8075
v 14.7501 14.7146 -18.0986
v 15.1506 14.6977 -17.8075
v 15.0878 14.6840 -17.5472
v 14.7501 14.7146 -18.0986
v 15.0878 14.6840 -17.5472
v 14.8591 14.6772 -17.4075
v 14.7501 14.7146 -18.0986
v 14.8591 14.6772 -17.4075
v 14.5984 14.6814 -17.4702
v 14.7501 14.7146 -18.0986
v 14.5984 14.6814 -17.4702
v 14.4585 14.6941 -17.6986
v 14.7501 14.7146 -18.0986
v 14.4585 14.6941 -17.6986
v 14.5213 14.7079 -17.9589
v 14.7501 14.7146 -18.0986
v 14.9282 15.4041 -17.8819
v 15.0104 15.3966 -17.7476
v 14.7748 15.4066 -17.9188
v 15.0104 15.3966 -17.7476
v 14.9735 15.3885 -17.5945
v 14.7748 15.4066 -17.9188
v 14.9735 15.3885 -17.5945
v 14.8389 15.3846 -17.5123
v 14.7748 15.4066 -17.9188
v 14.8389 15.3846 -17.5123
v 14.6856 15.3871 -17.5491
v 14.7748 15.4066 -17.9188
v 14.6856 15.3871 -17.5491
v 14.6033 15.3945 -17.6835
v 14.7748 15.4066 -17.9188
v 14.6033 15.3945 -17.6835
v 14.6403 15.4026 -17.8366
v 14.7748 15.4066 -17.9188
v -8.3862 12.8159 -37.1374
v -9.2464 12.8067 -37.4356
v -7.5672 12.8232 -37.5349
v -9.2464 12.8067 -37.4356
v -9.6438 12.8009 -38.2547
v -7.5672 12.8232 -37.5349
v -9.6438 12.8009 -38.2547
v -9.3456 12.8020 -39.1149
v -7.5672 12.8232 -37.5349
v -9.3456 12.8020 -39.1149
v -8.5265 12.8093 -39.5124
v -7.5672 12.8232 -37.5349
v -8.5265 12.8093 -39.5124
v -7.6664 12.8185 -39.2142
v -7.5672 12.8232 -37.5349
v -7.6664 12.8185 -39.2142
v -7.2690 12.8243 -38.3951
v -7.5672 12.8232 -37.5349
v -8.4063 13.8067 -37.3128
v -9.1410 13.7988 -37.5675
v -7.7915 13.8089 -39.0866
v -9.1410 13.7988 -37.5675
v -9.4805 13.7939 -38.2671
v -7.7915 13.8089 -39.0866
v -9.4805 13.7939 -38.2671
v -9.2258 13.7948 -39.0019
v -7.7915 13.8089 -39.0866
v -9.2258 13.7948 -39.0019
v -8.5262 13.8010 -39.3414
v -7.7915 13.8089 -39.0866
v -7.4520 13.8138 -38.3870
v -7.7067 13.8129 -37.6523
v -7.7915 13.8089 -39.0866
v -7.7067 13.8129 -37.6523
v -8.4063 13.8067 -37.3128
v -7.7915 13.8089 -39.0866
v -8.4279 14.7973 -37.5128
v -9.0191 14.7910 -37.7179
v -7.9331 14.7992 -38.9405
v -9.0191 14.7910 -37.7179
v -9.2924 14.7871 -38.2810
v -7.9331 14.7992 -38.9405
v -9.2924 14.7871 -38.2810
v -9.0873 14.7878 -38.8723
v -7.9331 14.7992 -38.9405
v -9.0873 14.7878 -38.8723
v -8.5243 14.7928 -39.1456
v -7.9331 14.7992 -38.9405
v -7.6597 14.8031 -38.3775
v -7.8649 14.8024 -37.7862
v -7.9331 14.7992 -38.9405
v -7.8649 14.8024 -37.7862
v -8.4279 14.7973 -37.5128
v -7.9331 14.7992 -38.9405
v -8.8970 15.7337 -37.8680
v -9.1039 15.7307 -38.2947
v -8.4489 15.7385 -37.7128
v -9.1039 15.7307 -38.2947
v -8.9487 15.7313 -38.7428
v -8.4489 15.7385 -37.7128
v -8.9487 15.7313 -38.7428
v -8.5220 15.7351 -38.9498
v -8.4489 15.7385 -37.7128
v -8.5220 15.7351 -38.9498
v -8.0739 15.7399 -38.7945
v -8.4489 15.7385 -37.7128
v -8.0739 15.7399 -38.7945
v -7.8670 15.7428 -38.3678
v -8.4489 15.7385 -37.7128
v -7.8670 15.7428 -38.3678
v -8.0222 15.7423 -37.9197
v -8.4489 15.7385 -37.7128
v -8.4695 16.6301 -37.9127
v -8.7741 16.6268 -38.0183
v -8.1794 16.6326 -38.0534
v -8.7741 16.6268 -38.0183
v -8.9149 16.6248 -38.3084
v -8.1794 16.6326 -38.0534
v -8.9149 16.6248 -38.3084
v -8.8092 16.6251 -38.6130
v -8.1794 16.6326 -38.0534
v -8.8092 16.6251 -38.6130
v -8.5192 16.6277 -38.7538
v -8.1794 16.6326 -38.0534
v -8.5192 16.6277 -38.7538
v -8.2145 16.6310 -38.6482
v -8.1794 16.6326 -38.0534
v -8.2145 16.6310 -38.6482
v -8.0738 16.6330 -38.3581
v -8.1794 16.6326 -38.0534
v -8.4881 17.4721 -38.0877
v -8.6673 17.4702 -38.1498
v -8.3175 17.4736 -38.1705
v -8.6673 17.4702 -38.1498
v -8.7501 17.4690 -38.3204
v -8.3175 17.4736 -38.1705
v -8.7501 17.4690 -38.3204
v -8.6879 17.4692 -38.4996
v -8.3175 17.4736 -38.1705
v -8.6879 17.4692 -38.4996
v -8.5173 17.4708 -38.5824
v -8.3175 17.4736 -38.1705
v -8.5173 17.4708 -38.5824
v -8.3381 17.4727 -38.5203
v -8.3175 17.4736 -38.1705
v -8.3381 17.4727 -38.5203
v -8.2553 17.4739 -38.3497
v -8.3175 17.4736 -38.1705
v 42.9871 12.5394 24.5399
v 42.5190 12.5143 23.9395
v 43.7426 12.5678 24.6330
v 42.5190 12.5143 23.9395
v 42.6125 12.5071 23.1835
v 43.7426 12.5678 24.6330
v 42.6125 12.5071 23.1835
v 43.2128 12.5220 22.7149
v 43.7426 12.5678 24.6330
v 43.2128 12.5220 22.7149
v 43.9683 12.5504 22.8081
v 43.7426 12.5678 24.6330
v 43.9683 12.5504 22.8081
v 44.4363 12.5755 23.4085
v 43.7426 12.5678 24.6330
v 44.4363 12.5755 23.4085
v 44.3429 12.5827 24.1644
v 43.7426 12.5678 24.6330
v 43.0290 13.3690 24.4020
v 42.6292 13.3475 23.8892
v 44.2668 13.3998 23.4356
v 42.6292 13.3475 23.8892
v 42.7090 13.3413 23.2435
v 44.2668 13.3998 23.4356
v 42.7090 13.3413 23.2435
v 43.2218 13.3541 22.8432
v 44.2668 13.3998 23.4356
v 43.2218 13.3541 22.8432
v 43.8671 13.3783 22.9228
v 44.2668 13.3998 23.4356
v 44.1870 13.4059 24.0813
v 43.6743 13.3932 24.4816
v 44.2668 13.3998 23.4356
v 43.6743 13.3932 24.4816
v 43.0290 13.3690 24.4020
v 44.2668 13.3998 23.4356
v 43.0811 14.1986 24.2461
v 42.7594 14.1814 23.8333
v 44.0773 14.2234 23.4683
v 42.7594 14.1814 23.8333
v 42.8235 14.1764 23.3137
v 44.0773 14.2234 23.4683
v 42.8235 14.1764 23.3137
v 43.2363 14.1867 22.9916
v 44.0773 14.2234 23.4683
v 43.2363 14.1867 22.9916
v 43.7556 14.2062 23.0555
v 44.0773 14.2234 23.4683
v 44.0132 14.2284 23.9880
v 43.6004 14.2181 24.3101
v 44.0773 14.2234 23.4683
v 43.6004 14.2181 24.3101
v 43.0811 14.1986 24.2461
v 44.0773 14.2234 23.4683
v 42.8908 14.9738 23.7781
v 42.9396 14.9700 23.3844
v 43.1347 14.9868 24.0908
v 42.9396 14.9700 23.3844
v 43.2522 14.9778 23.1403
v 43.1347 14.9868 24.0908
v 43.2522 14.9778 23.1403
v 43.6457 14.9926 23.1889
v 43.1347 14.9868 24.0908
v 43.6457 14.9926 23.1889
v 43.8895 15.0056 23.5015
v 43.1347 14.9868 24.0908
v 43.8895 15.0056 23.5015
v 43.8408 15.0094 23.8953
v 43.1347 14.9868 24.0908
v 43.8408 15.0094 23.8953
v 43.5282 15.0016 24.1394
v 43.1347 14.9868 24.0908
v 43.1897 15.7336 23.9361
v 43.0240 15.7247 23.7235
v 43.4573 15.7437 23.9691
v 43.0240 15.7247 23.7235
v 43.0571 15.7222 23.4557
v 43.4573 15.7437 23.9691
v 43.0571 15.7222 23.4557
v 43.2697 15.7275 23.2898
v 43.4573 15.7437 23.9691
v 43.2697 15.7275 23.2898
v 43.5372 15.7375 23.3228
v 43.4573 15.7437 23.9691
v 43.5372 15.7375 23.3228
v 43.7030 15.7464 23.5354
v 43.4573 15.7437 23.9691
v 43.7030 15.7464 23.5354
v 43.6699 15.7490 23.8031
v 43.4573 15.7437 23.9691
v 43.2361 16.4389 23.8000
v 43.1386 16.4336 23.6749
v 43.3934 16.4448 23.8194
v 43.1386 16.4336 23.6749
v 43.1580 16.4321 23.5174
v 43.3934 16.4448 23.8194
v 43.1580 16.4321 23.5174
v 43.2831 16.4352 23.4198
v 43.3934 16.4448 23.8194
v 43.2831 16.4352 23.4198
v 43.4405 16.4411 23.4392
v 43.3934 16.4448 23.8194
v 43.4405 16.4411 23.4392
v 43.5379 16.4464 23.5643
v 43.3934 16.4448 23.8194
v 43.5379 16.4464 23.5643
v 43.5185 16.4479 23.7218
v 43.3934 16.4448 23.8194
vt 0.00000 1.00000
vt 0.00000 1.00000
vt 0.00000 1.00000
vt 0.00000 1.00000
vt 0.00000 1.00000
vt 0.00000 1.00000
vt 0.00000 1.00000
vt 0.00000 1.00000
vt 0.00000 1.00000
vt 0.00000 1.00000
vt 0.00000 1.00000
vt 0.00000 1.00000
vt 0.00000 1.00000
vt 0.00000 1.00000
vt 0.00000 1.00000
vt 0.00000 1.00000
vt 0.00000 1.00000
vt 0.00000 1.00000
vt 0.00000 1.00000
vt 0.00000 1.00000
vt 0.00000 1.00000
vt 0.00000 1.00000
vt 0.00000 1.00000
vt 0.00000 1.00000
vt 0.00000 1.00000
vt 0.00000 1.00000
vt 0.00000 1.00000
vt 0.00000 1.00000
vt 0.00000 1.00000
vt 0.00000 1.00000
vt 0.00000 1.00000
vt 0.00000 1.00000
vt 0.00000 1.00000
vt 0.00000 1.00000
vt 0.00000 1.00000
vt 0.00000 1.00000
vt 0.00000 1.00000
vt 0.00000 1.00000
vt 0.00000 1.00000
vt 0.00000 1.00000
vt 0.00000 1.00000
vt 0.00000 1.00000
vt 0.00000 1.00000
vt 0.00000 1.00000
vt 0.00000 1.00000
vt 0.00000 1.00000
vt 0.00000 1.00000
vt 0.00000 1.00000
vt 0.00000 1.00000
vt 0.00000 1.00000
vt 0.00000 1.00000
vt 0.00000 1.00000
vt 0.00000 1.00000
vt 0.00000 1.00000
vt 0.00000 1.00000
vt 0.00000 1.00000
vt 0.00000 1.00000
vt 0.00000 1.00000
vt 0.00000 1.00000
vt 0.00000 1.00000
vt 0.00000 1.00000
vt 0.00000 1.00000
vt 0.00000 1.00000
vt 0.00000 1.00000
vt 0.00000 1.00000
vt 0.00000 1.00000
vt 0.00000 1.00000
vt 0.00000 1.00000
vt 0.00000 1.00000
vt 0.00000 1.00000
vt 0.00000 1.00000
vt 0.00000 1.00000
vt 0.00000 1.00000
vt 0.00000 1.00000
vt 0.00000 1.00000
vt 0.00000 1.00000
vt 0.00000 1.00000
vt 0.00000 1.00000
vt 0.00000 1.00000
vt 0.00000 1.00000
vt 0.00000 1.00000
vt 0.00000 1.00000
vt 0.00000 1.00000
vt 0.00000 1.00000
vt 0.00000 1.00000
vt 0.00000 1.00000
vt 0.00000 1.00000
vt 0.00000 1.00000
vt 0.00000 1.00000
vt 0.00000 1.00000
vt 0.00000 1.00000
vt 0.00000 1.00000
vt 0.00000 1.00000
vt 0.00000 1.00000
vt 0.00000 1.00000
vt 0.00000 1.00000
vt 0.00000 1.00000
vt 0.00000 1.00000
vt 0.00000 1.00000
vt 0.00000 1.00000
vt 0.00000 1.00000
vt 0.00000 1.00000
vt 0.00000 1.00000
vt 0.00000 1.00000
vt 0.00000 1.00000
vt 0.00000 1.00000
vt 0.00000 1.00000
vt 0.00000 1.00000
vt 0.00000 1.00000
vt 0.00000 1.00000
vt 0.00000 1.00000
vt 0.00000 1.00000
vt 0.00000 1.00000
vt 0.00000 1.00000
vt 0.00000 1.00000
vt 0.00000 1.00000
vt 0.00000 1.00000
vt 0.00000 1.00000
vt 0.00000 1.00000
vt 0.00000 1.00000
vt 0.00000 1.00000
vt 0.00000 1.00000
vt 0.00000 1.00000
vt 0.00000 1.00000
vt 0.00000 1.00000
vt 0.00000 1.00000
vt 0.00000 1.00000
vt 0.00000 1.00000
vt 0.00000 1.00000
vt 0.00000 1.00000
vt 0.00000 1.00000
vt 0.00000 1.00000
vt 0.00000 1.00000
vt 0.00000 1.00000
vt 0.00000 1.00000
vt 0.00000 1.00000
vt 0.00000 1.00000
vt 0.00000 1.00000
vt 0.00000 1.00000
vt 0.00000 1.00000
vt 0.00000 1.00000
vt 0.00000 1.00000
vt 0.00000 1.00000
vt 0.00000 1.00000
vt 0.00000 1.00000
vt 0.00000 1.00000
vt 0.00000 1.00000
vt 0.00000 1.00000
vt 0.00000 1.00000
vt 0.00000 1.00000
vt 0.00000 1.00000
vt 0.00000 1.00000
vt 0.00000 1.00000
vt 0.00000 1.00000
vt 0.00000 1.00000
vt 0.00000 1.00000
vt 0.00000 1.00000
vt 0.00000 1.00000
vt 0.00000 1.00000
vt 0.00000 1.00000
vt 0.00000 1.00000
vt 0.00000 1.00000
vt 0.00000 1.00000
vt 0.00000 1.00000
vt 0.00000 1.00000
vt 0.00000 1.00000
vt 0.00000 1.00000
vt 0.00000 1.00000
vt 0.00000 1.00000
vt 0.00000 1.00000
vt 0.00000 1.00000
vt 0.00000 1.00000
vt 0.00000 1.00000
vt 0.00000 1.00000
vt 0.00000 1.00000
vt 0.00000 1.00000
vt 0.00000 1.00000
vt 0.00000 1.00000
vt 0.00000 1.00000
vt 0.00000 1.00000
vt 0.00000 1.00000
vt 0.00000 1.00000
vt 0.00000 1.00000
vt 0.00000 1.00000
vt 0.00000 1.00000
vt 0.00000 1.00000
vt 0.00000 1.00000
vt 0.00000 1.00000
vt 0.00000 1.00000
vt 0.00000 1.00000
vt 0.00000 1.00000
vt 0.00000 1.00000
vt 0.00000 1.00000
vt 0.00000 1.00000
vt 0.00000 1.00000
vt 0.00000 1.00000
vt 0.00000 1.00000
vt 0.00000 1.00000
vt 0.00000 1.00000
vt 0.00000 1.00000
vt 0.00000 1.00000
vt 0.00000 1.00000
vt 0.00000 1.00000
vt 0.00000 1.00000
vt 0.00000 1.00000
vt 0.00000 1.00000
vt 0.00000 1.00000
vt 0.00000 1.00000
vt 0.00000 1.00000
vt 0.00000 1.00000
vt 0.00000 1.00000
vt 0.00000 1.00000
vt 0.00000 1.00000
vt 0.00000 1.00000
vt 0.00000 1.00000
vt 0.00000 1.00000
vt 0.00000 1.00000
vt 0.00000 1.00000
vt 0.00000 1.00000
vt 0.00000 1.00000
vt 0.00000 1.00000
vt 0.00000 1.00000
vt 0.00000 1.00000
vt 0.00000 1.00000
vt 0.00000 1.00000
vt 0.00000 1.00000
vt 0.00000 1.00000
vt 0.00000 1.00000
vt 0.00000 1.00000
vt 0.00000 1.00000
vt 0.00000 1.00000
vt 0.00000 1.00000
vt 0.00000 1.00000
vt 0.00000 1.00000
vt 0.00000 1.00000
vt 0.00000 1.00000
vt 0.00000 1.00000
vt 0.00000 1.00000
vt 0.00000 1.00000
vt 0.00000 1.00000
vt 0.00000 1.00000
vt 0.00000 1.00000
vt 0.00000 1.00000
vt 0.00000 1.00000
vt 0.00000 1.00000
vt 0.00000 1.00000
vt 0.00000 1.00000
vt 0.00000 1.00000
vt 0.00000 1.00000
vt 0.00000 1.00000
vt 0.00000 1.00000
vt 0.00000 1.00000
vt 0.00000 1.00000
vt 0.00000 1.00000
vt 0.00000 1.00000
vt 0.00000 1.00000
vt 0.00000 1.00000
vt 0.00000 1.00000
vt 0.00000 1.00000
vt 0.00000 1.00000
vt 0.00000 1.00000
vt 0.00000 1.00000
vt 0.00000 1.00000
vt 0.00000 1.00000
vt 0.00000 1.00000
vt 0.00000 1.00000
vt 0.00000 1.00000
vt 0.00000 1.00000
vt 0.00000 1.00000
vt 0.00000 1.00000
vt 0.00000 1.00000
vt 0.00000 1.00000
vt 0.00000 1.00000
vt 0.00000 1.00000
vt 0.00000 1.00000
vt 0.00000 1.00000
vt 0.00000 1.00000
vt 0.00000 1.00000
vt 0.00000 1.00000
vt 0.00000 1.00000
vt 0.00000 1.00000
vt 0.00000 1.00000
vt 0.00000 1.00000
vt 0.00000 1.00000
vt 0.00000 1.00000
vt 0.00000 1.00000
vt 0.00000 1.00000
vt 0.00000 1.00000
vt 0.00000 1.00000
vt 0.00000 1.00000
vt 0.00000 1.00000
vt 0.00000 1.00000
vt 0.00000 1.00000
vt 0.00000 1.00000
vt 0.00000 1.00000
vt 0.00000 1.00000
vt 0.00000 1.00000
vt 0.00000 1.00000
vt 0.00000 1.00000
vt 0.00000 1.00000
vt 0.00000 1.00000
vt 0.00000 1.00000
vt 0.00000 1.00000
vt 0.00000 1.00000
vt 0.00000 1.00000
vt 0.00000 1.00000
vt 0.00000 1.00000
vt 0.00000 1.00000
vt 0.00000 1.00000
vt 0.00000 1.00000
vt 0.00000 1.00000
vt 0.00000 1.00000
vt 0.00000 1.00000
vt 0.00000 1.00000
vt 0.00000 1.00000
vt 0.00000 1.00000
vt 0.00000 1.00000
vt 0.00000 1.00000
vt 0.00000 1.00000
vt 0.00000 1.00000
vt 0.00000 1.00000
vt 0.00000 1.00000
vt 0.00000 1.00000
vt 0.00000 1.00000
vt 0.00000 1.00000
vt 0.00000 1.00000
vt 0.00000 1.00000
vt 0.00000 1.00000
vt 0.00000 1.00000
vt 0.00000 1.00000
vt 0.00000 1.00000
vt 0.00000 1.00000
vt 0.00000 1.00000
vt 0.00000 1.00000
vt 0.00000 1.00000
vt 0.00000 1.00000
vt 0.00000 1.00000
vt 0.00000 1.00000
vt 0.00000 1.00000
vt 0.00000 1.00000
vt 0.00000 1.00000
vt 0.00000 1.00000
vt 0.00000 1.00000
vt 0.00000 1.00000
vt 0.00000 1.00000
vt 0.00000 1.00000
vt 0.00000 1.00000
vt 0.00000 1.00000
vt 0.00000 1.00000
vt 0.00000 1.00000
vt 0.00000 1.00000
vt 0.00000 1.00000
vt 0.00000 1.00000
vt 0.00000 1.00000
vt 0.00000 1.00000
vt 0.00000 1.00000
vt 0.00000 1.00000
vt 0.00000 1.00000
vt 0.00000 1.00000
vt 0.00000 1.00000
vt 0.00000 1.00000
vt 0.00000 1.00000
vt 0.00000 1.00000
vt 0.00000 1.00000
vt 0.00000 1.00000
vt 0.00000 1.00000
vt 0.00000 1.00000
vt 0.00000 1.00000
vt 0.00000 1.00000
vt 0.00000 1.00000
vt 0.00000 1.00000
vt 0.00000 1.00000
vt 0.00000 1.00000
vt 0.00000 1.00000
vt 0.00000 1.00000
vt 0.00000 1.00000
vt 0.00000 1.00000
vt 0.00000 1.00000
vt 0.00000 1.00000
vt 0.00000 1.00000
vt 0.00000 1.00000
vt 0.00000 1.00000
vt 0.00000 1.00000
vt 0.00000 1.00000
vt 0.00000 1.00000
vt 0.00000 1.00000
vt 0.00000 1.00000
vt 0.00000 1.00000
vt 0.00000 1.00000
vt 0.00000 1.00000
vt 0.00000 1.00000
vt 0.00000 1.00000
vt 0.00000 1.00000
vt 0.00000 1.00000
vt 0.00000 1.00000
vt 0.00000 1.00000
vt 0.00000 1.00000
vt 0.00000 1.00000
vt 0.00000 1.00000
vt 0.00000 1.00000
vt 0.00000 1.00000
vt 0.00000 1.00000
vt 0.00000 1.00000
vt 0.00000 1.00000
vt 0.00000 1.00000
vt 0.00000 1.00000
vt 0.00000 1.00000
vt 0.00000 1.00000
vt 0.00000 1.00000
vt 0.00000 1.00000
vt 0.00000 1.00000
vt 0.00000 1.00000
vt 0.00000 1.00000
vt 0.00000 1.00000
vt 0.00000 1.00000
vt 0.00000 1.00000
vt 0.00000 1.00000
vt 0.00000 1.00000
vt 0.00000 1.00000
vt 0.00000 1.00000
vt 0.00000 1.00000
vt 0.00000 1.00000
vt 0.00000 1.00000
vt 0.00000 1.00000
vt 0.00000 1.00000
vt 0.00000 1.00000
vt 0.00000 1.00000
vt 0.00000 1.00000
vt 0.00000 1.00000
vt 0.00000 1.00000
vt 0.00000 1.00000
vt 0.00000 1.00000
vt 0.00000 1.00000
vt 0.00000 1.00000
vt 0.00000 1.00000
vt 0.00000 1.00000
vt 0.00000 1.00000
vt 0.00000 1.00000
vt 0.00000 1.00000
vt 0.00000 1.00000
vt 0.00000 1.00000
vt 0.00000 1.00000
vt 0.00000 1.00000
vt 0.00000 1.00000
vt 0.00000 1.00000
vt 0.00000 1.00000
vt 0.00000 1.00000
vt 0.00000 1.00000
vt 0.00000 1.00000
vt 0.00000 1.00000
vt 0.00000 1.00000
vt 0.00000 1.00000
vt 0.00000 1.00000
vt 0.00000 1.00000
vt 0.00000 1.00000
vt 0.00000 1.00000
vt 0.00000 1.00000
vt 0.00000 1.00000
vt 0.00000 1.00000
vt 0.00000 1.00000
vt 0.00000 1.00000
vt 0.00000 1.00000
vt 0.00000 1.00000
vt 0.00000 1.00000
vt 0.00000 1.00000
vt 0.00000 1.00000
vt 0.00000 1.00000
vt 0.00000 1.00000
vt 0.00000 1.00000
vt 0.00000 1.00000
vt 0.00000 1.00000
vt 0.00000 1.00000
vt 0.00000 1.00000
vt 0.00000 1.00000
vt 0.00000 1.00000
vt 0.00000 1.00000
vt 0.00000 1.00000
vt 0.00000 1.00000
vt 0.00000 1.00000
vt 0.00000 1.00000
vt 0.00000 1.00000
vt 0.00000 1.00000
vt 0.00000 1.00000
vt 0.00000 1.00000
vt 0.00000 1.00000
vt 0.00000 1.00000
vt 0.00000 1.00000
vt 0.00000 1.00000
vt 0.00000 1.00000
vt 0.00000 1.00000
vt 0.00000 1.00000
vt 0.00000 1.00000
vt 0.00000 1.00000
vt 0.00000 1.00000
vt 0.00000 1.00000
vt 0.00000 1.00000
vt 0.00000 1.00000
vt 0.00000 1.00000
vt 0.00000 1.00000
vt 0.00000 1.00000
vt 0.00000 1.00000
vt 0.00000 1.00000
vt 0.00000 1.00000
vt 0.00000 1.00000
vt 0.00000 1.00000
vt 0.00000 1.00000
vt 0.00000 1.00000
vt 0.00000 1.00000
vt 0.00000 1.00000
vt 0.00000 1.00000
vt 0.00000 1.00000
vt 0.00000 1.00000
vt 0.00000 1.00000
vt 0.00000 1.00000
vt 0.00000 1.00000
vt 0.00000 1.00000
vt 0.00000 1.00000
vt 0.00000 1.00000
vt 0.00000 1.00000
vt 0.00000 1.00000
vt 0.00000 1.00000
vt 0.00000 1.00000
vt 0.00000 1.00000
vt 0.00000 1.00000
vt 0.00000 1.00000
vt 0.00000 1.00000
vt 0.00000 1.00000
vt 0.00000 1.00000
vt 0.00000 1.00000
vt 0.00000 1.00000
vt 0.00000 1.00000
vt 0.00000 1.00000
vt 0.00000 1.00000
vt 0.00000 1.00000
vt 0.00000 1.00000
vt 0.00000 1.00000
vt 0.00000 1.00000
vt 0.00000 1.00000
vt 0.00000 1.00000
vt 0.00000 1.00000
vt 0.00000 1.00000
vt 0.00000 1.00000
vt 0.00000 1.00000
vt 0.00000 1.00000
vt 0.00000 1.00000
vt 0.00000 1.00000
vt 0.00000 1.00000
vt 0.00000 1.00000
vt 0.00000 1.00000
vt 0.00000 1.00000
vt 0.00000 1.00000
vt 0.00000 1.00000
vt 0.00000 1.00000
vt 0.00000 1.00000
vt 0.00000 1.00000
vt 0.00000 1.00000
vt 0.00000 1.00000
vt 0.00000 1.00000
vt 0.00000 1.00000
vt 0.00000 1.00000
vt 0.00000 1.00000
vt 0.00000 1.00000
vt 0.00000 1.00000
vt 0.00000 1.00000
vt 0.00000 1.00000
vt 0.00000 1.00000
vt 0.00000 1.00000
vt 0.00000 1.00000
vt 0.00000 1.00000
vt 0.00000 1.00000
vt 0.00000 1.00000
vt 0.00000 1.00000
vt 0.00000 1.00000
vt 0.00000 1.00000
vt 0.00000 1.00000
vt 0.00000 1.00000
vt 0.00000 1.00000
vt 0.00000 1.00000
vt 0.00000 1.00000
vt 0.00000 1.00000
vt 0.00000 1.00000
vt 0.00000 1.00000
vt 0.00000 1.00000
vt 0.00000 1.00000
vt 0.00000 1.00000
vt 0.00000 1.00000
vt 0.00000 1.00000
vt 0.00000 1.00000
vt 0.00000 1.00000
vt 0.00000 1.00000
vt 0.00000 1.00000
vt 0.00000 1.00000
vt 0.00000 1.00000
vt 0.00000 1.00000
vt 0.00000 1.00000
vt 0.00000 1.00000
vt 0.00000 1.00000
vt 0.00000 1.00000
vt 0.00000 1.00000
vt 0.00000 1.00000
vt 0.00000 1.00000
vt 0.00000 1.00000
vt 0.00000 1.00000
vt 0.00000 1.00000
vt 0.00000 1.00000
vt 0.00000 1.00000
vt 0.00000 1.00000
vt 0.00000 1.00000
vt 0.00000 1.00000
vt 0.00000 1.00000
vt 0.00000 1.00000
vt 0.00000 1.00000
vt 0.00000 1.00000
vt 0.00000 1.00000
vt 0.00000 1.00000
vt 0.00000 1.00000
vt 0.00000 1.00000
vt 0.00000 1.00000
vt 0.00000 1.00000
vt 0.00000 1.00000
vt 0.00000 1.00000
vt 0.00000 1.00000
vt 0.00000 1.00000
vt 0.00000 1.00000
vt 0.00000 1.00000
vt 0.00000 1.00000
vt 0.00000 1.00000
vt 0.00000 1.00000
vt 0.00000 1.00000
vt 0.00000 1.00000
vt 0.00000 1.00000
vt 0.00000 1.00000
vt 0.00000 1.00000
vt 0.00000 1.00000
vt 0.00000 1.00000
vt 0.00000 1.00000
vt 0.00000 1.00000
vt 0.00000 1.00000
vt 0.00000 1.00000
vt 0.00000 1.00000
vt 0.00000 1.00000
vt 0.00000 1.00000
vt 0.00000 1.00000
vt 0.00000 1.00000
vt 0.00000 1.00000
vt 0.00000 1.00000
vt 0.00000 1.00000
vt 0.00000 1.00000
vt 0.00000 1.00000
vt 0.00000 1.00000
vt 0.00000 1.00000
vt 0.00000 1.00000
vt 0.00000 1.00000
vt 0.00000 1.00000
vt 0.00000 1.00000
vt 0.00000 1.00000
vt 0.00000 1.00000
vt 0.00000 1.00000
vt 0.00000 1.00000
vt 0.00000 1.00000
vt 0.00000 1.00000
vt 0.00000 1.00000
vt 0.00000 1.00000
vt 0.00000 1.00000
vt 0.00000 1.00000
vt 0.00000 1.00000
vt 0.00000 1.00000
vt 0.00000 1.00000
vt 0.00000 1.00000
vt 0.00000 1.00000
vt 0.00000 1.00000
vt 0.00000 1.00000
vt 0.00000 1.00000
vt 0.00000 1.00000
vt 0.00000 1.00000
vt 0.00000 1.00000
vt 0.00000 1.00000
vt 0.00000 1.00000
vt 0.00000 1.00000
vt 0.00000 1.00000
vt 0.00000 1.00000
vt 0.00000 1.00000
vt 0.00000 1.00000
vt 0.00000 1.00000
vt 0.00000 1.00000
vt 0.00000 1.00000
vt 0.00000 1.00000
vt 0.00000 1.00000
vt 0.00000 1.00000
vt 0.00000 1.00000
vt 0.00000 1.00000
vt 0.00000 1.00000
vt 0.00000 1.00000
vt 0.00000 1.00000
vt 0.00000 1.00000
vt 0.00000 1.00000
vt 0.00000 1.00000
vt 0.00000 1.00000
vt 0.00000 1.00000
vt 0.00000 1.00000
vt 0.00000 1.00000
vt 0.00000 1.00000
vt 0.00000 1.00000
vt 0.00000 1.00000
vt 0.00000 1.00000
vt 0.00000 1.00000
vt 0.00000 1.00000
vt 0.00000 1.00000
vt 0.00000 1.00000
vt 0.00000 1.00000
vt 0.00000 1.00000
vt 0.00000 1.00000
vt 0.00000 1.00000
vt 0.00000 1.00000
vt 0.00000 1.00000
vt 0.00000 1.00000
vt 0.00000 1.00000
vt 0.00000 1.00000
vt 0.00000 1.00000
vt 0.00000 1.00000
vt 0.00000 1.00000
vt 0.00000 1.00000
vt 0.00000 1.00000
vt 0.00000 1.00000
vt 0.00000 1.00000
vt 0.00000 1.00000
vt 0.00000 1.00000
vt 0.00000 1.00000
vt 0.00000 1.00000
vt 0.00000 1.00000
vt 0.00000 1.00000
vt 0.00000 1.00000
vt 0.00000 1.00000
vt 0.00000 1.00000
vt 0.00000 1.00000
vt 0.00000 1.00000
vt 0.00000 1.00000
vt 0.00000 1.00000
vt 0.00000 1.00000
vt 0.00000 1.00000
vt 0.00000 1.00000
vt 0.00000 1.00000
vt 0.00000 1.00000
vt 0.00000 1.00000
vt 0.00000 1.00000
vt 0.00000 1.00000
vt 0.00000 1.00000
vt 0.00000 1.00000
vt 0.00000 1.00000
vt 0.00000 1.00000
vt 0.00000 1.00000
vt 0.00000 1.00000
vt 0.00000 1.00000
vt 0.00000 1.00000
vt 0.00000 1.00000
vt 0.00000 1.00000
vt 0.00000 1.00000
vt 0.00000 1.00000
vt 0.00000 1.00000
vt 0.00000 1.00000
vt 0.00000 1.00000
vt 0.00000 1.00000
vt 0.00000 1.00000
vt 0.00000 1.00000
vt 0.00000 1.00000
vt 0.00000 1.00000
vt 0.00000 1.00000
vt 0.00000 1.00000
vt 0.00000 1.00000
vt 0.00000 1.00000
vt 0.00000 1.00000
vt 0.00000 1.00000
vt 0.00000 1.00000
vt 0.00000 1.00000
vt 0.00000 1.00000
vt 0.00000 1.00000
vt 0.00000 1.00000
vt 0.00000 1.00000
vt 0.00000 1.00000
vt 0.00000 1.00000
vt 0.00000 1.00000
vt 0.00000 1.00000
vt 0.00000 1.00000
vt 0.00000 1.00000
vt 0.00000 1.00000
vt 0.00000 1.00000
vt 0.00000 1.00000
vt 0.00000 1.00000
vt 0.00000 1.00000
vt 0.00000 1.00000
vt 0.00000 1.00000
vt 0.00000 1.00000
vt 0.00000 1.00000
vt 0.00000 1.00000
vt 0.00000 1.00000
vt 0.00000 1.00000
vt 0.00000 1.00000
vt 0.00000 1.00000
vt 0.00000 1.00000
vt 0.00000 1.00000
vt 0.00000 1.00000
vt 0.00000 1.00000
vt 0.00000 1.00000
vt 0.00000 1.00000
vt 0.00000 1.00000
vt 0.00000 1.00000
vt 0.00000 1.00000
vt 0.00000 1.00000
vt 0.00000 1.00000
vt 0.00000 1.00000
vt 0.00000 1.00000
vt 0.00000 1.00000
vt 0.00000 1.00000
vt 0.00000 1.00000
vt 0.00000 1.00000
vt 0.00000 1.00000
vt 0.00000 1.00000
vt 0.00000 1.00000
vt 0.00000 1.00000
vt 0.00000 1.00000
vt 0.00000 1.00000
vt 0.00000 1.00000
vt 0.00000 1.00000
vt 0.00000 1.00000
vt 0.00000 1.00000
vt 0.00000 1.00000
vt 0.00000 1.00000
vt 0.00000 1.00000
vt 0.00000 1.00000
vt 0.00000 1.00000
vt 0.00000 1.00000
vt 0.00000 1.00000
vt 0.00000 1.00000
vt 0.00000 1.00000
vt 0.00000 1.00000
vt 0.00000 1.00000
vt 0.00000 1.00000
vt 0.00000 1.00000
vt 0.00000 1.00000
vt 0.00000 1.00000
vt 0.00000 1.00000
vt 0.00000 1.00000
vt 0.00000 1.00000
vt 0.00000 1.00000
vt 0.00000 1.00000
vt 0.00000 1.00000
vt 0.00000 1.00000
vt 0.00000 1.00000
vt 0.00000 1.00000
vt 0.00000 1.00000
vt 0.00000 1.00000
vt 0.00000 1.00000
vt 0.00000 1.00000
vt 0.00000 1.00000
vt 0.00000 1.00000
vt 0.00000 1.00000
vt 0.00000 1.00000
vt 0.00000 1.00000
vt 0.00000 1.00000
vt 0.00000 1.00000
vt 0.00000 1.00000
vt 0.00000 1.00000
vt 0.00000 1.00000
vt 0.00000 1.00000
vt 0.00000 1.00000
vt 0.00000 1.00000
vt 0.00000 1.00000
vt 0.00000 1.00000
vt 0.00000 1.00000
vt 0.00000 1.00000
vt 0.00000 1.00000
vt 0.00000 1.00000
vt 0.00000 1.00000
vt 0.00000 1.00000
vt 0.00000 1.00000
vt 0.00000 1.00000
vt 0.00000 1.00000
vt 0.00000 1.00000
vt 0.00000 1.00000
vt 0.00000 1.00000
vt 0.00000 1.00000
vt 0.00000 1.00000
vt 0.00000 1.00000
vt 0.00000 1.00000
vt 0.00000 1.00000
vt 0.00000 1.00000
vt 0.00000 1.00000
vt 0.00000 1.00000
vt 0.00000 1.00000
vt 0.00000 1.00000
vt 0.00000 1.00000
vt 0.00000 1.00000
vt 0.00000 1.00000
vt 0.00000 1.00000
vt 0.00000 1.00000
vt 0.00000 1.00000
vt 0.00000 1.00000
vt 0.00000 1.00000
vt 0.00000 1.00000
vt 0.00000 1.00000
vt 0.00000 1.00000
vt 0.00000 1.00000
vt 0.00000 1.00000
vt 0.00000 1.00000
vt 0.00000 1.00000
vt 0.00000 1.00000
vt 0.00000 1.00000
vt 0.00000 1.00000
vt 0.00000 1.00000
vt 0.00000 1.00000
vt 0.00000 1.00000
vt 0.00000 1.00000
vt 0.00000 1.00000
vt 0.00000 1.00000
vt 0.00000 1.00000
vt 0.00000 1.00000
vt 0.00000 1.00000
vt 0.00000 1.00000
vt 0.00000 1.00000
vt 0.00000 1.00000
vt 0.00000 1.00000
vt 0.00000 1.00000
vt 0.00000 1.00000
vt 0.00000 1.00000
vt 0.00000 1.00000
vt 0.00000 1.00000
vt 0.00000 1.00000
vt 0.00000 1.00000
vt 0.00000 1.00000
vt 0.00000 1.00000
vt 0.00000 1.00000
vt 0.00000 1.00000
vt 0.00000 1.00000
vt 0.00000 1.00000
vt 0.00000 1.00000
vt 0.00000 1.00000
vt 0.00000 1.00000
vt 0.00000 1.00000
vt 0.00000 1.00000
vt 0.00000 1.00000
vt 0.00000 1.00000
vt 0.00000 1.00000
vt 0.00000 1.00000
vt 0.00000 1.00000
vt 0.00000 1.00000
vt 0.00000 1.00000
vt 0.00000 1.00000
vt 0.00000 1.00000
vt 0.00000 1.00000
vt 0.00000 1.00000
vt 0.00000 1.00000
vt 0.00000 1.00000
vt 0.00000 1.00000
vt 0.00000 1.00000
vt 0.00000 1.00000
vt 0.00000 1.00000
vt 0.00000 1.00000
vt 0.00000 1.00000
vt 0.00000 1.00000
vt 0.00000 1.00000
vt 0.00000 1.00000
vt 0.00000 1.00000
vt 0.00000 1.00000
vt 0.00000 1.00000
vt 0.00000 1.00000
vt 0.00000 1.00000
vt 0.00000 1.00000
vt 0.00000 1.00000
vt 0.00000 1.00000
vt 0.00000 1.00000
vt 0.00000 1.00000
vt 0.00000 1.00000
vt 0.00000 1.00000
vt 0.00000 1.00000
vt 0.00000 1.00000
vt 0.00000 1.00000
vt 0.00000 1.00000
vt 0.00000 1.00000
vt 0.00000 1.00000
vt 0.00000 1.00000
vt 0.00000 1.00000
vt 0.00000 1.00000
vt 0.00000 1.00000
vt 0.00000 1.00000
vt 0.00000 1.00000
vt 0.00000 1.00000
vt 0.00000 1.00000
vt 0.00000 1.00000
vt 0.00000 1.00000
vt 0.00000 1.00000
vt 0.00000 1.00000
vt 0.00000 1.00000
vt 0.00000 1.00000
vt 0.00000 1.00000
vt 0.00000 1.00000
vt 0.00000 1.00000
vt 0.00000 1.00000
vt 0.00000 1.00000
vt 0.00000 1.00000
vt 0.00000 1.00000
vt 0.00000 1.00000
vt 0.00000 1.00000
vt 0.00000 1.00000
vt 0.00000 1.00000
vt 0.00000 1.00000
vt 0.00000 1.00000
vt 0.00000 1.00000
vt 0.00000 1.00000
vt 0.00000 1.00000
vt 0.00000 1.00000
vt 0.00000 1.00000
vt 0.00000 1.00000
vt 0.00000 1.00000
vt 0.00000 1.00000
vt 0.00000 1.00000
vt 0.00000 1.00000
vt 0.00000 1.00000
vt 0.00000 1.00000
vt 0.00000 1.00000
vt 0.00000 1.00000
vt 0.00000 1.00000
vt 0.00000 1.00000
vt 0.00000 1.00000
vt 0.00000 1.00000
vt 0.00000 1.00000
vt 0.00000 1.00000
vt 0.00000 1.00000
vt 0.00000 1.00000
vt 0.00000 1.00000
vt 0.00000 1.00000
vt 0.00000 1.00000
vt 0.00000 1.00000
vt 0.00000 1.00000
vt 0.00000 1.00000
vt 0.00000 1.00000
vt 0.00000 1.00000
vt 0.00000 1.00000
vt 0.00000 1.00000
vt 0.00000 1.00000
vt 0.00000 1.00000
vt 0.00000 1.00000
vt 0.00000 1.00000
vt 0.00000 1.00000
vt 0.00000 1.00000
vt 0.00000 1.00000
vt 0.00000 1.00000
vt 0.00000 1.00000
vt 0.00000 1.00000
vt 0.00000 1.00000
vt 0.00000 1.00000
vt 0.00000 1.00000
vt 0.00000 1.00000
vt 0.00000 1.00000
vt 0.00000 1.00000
vt 0.00000 1.00000
vt 0.00000 1.00000
vt 0.00000 1.00000
vt 0.00000 1.00000
vt 0.00000 1.00000
vt 0.00000 1.00000
vt 0.00000 1.00000
vt 0.00000 1.00000
vt 0.00000 1.00000
vt 0.00000 1.00000
vt 0.00000 1.00000
vt 0.00000 1.00000
vt 0.00000 1.00000
vt 0.00000 1.00000
vt 0.00000 1.00000
vt 0.00000 1.00000
vt 0.00000 1.00000
vt 0.00000 1.00000
vt 0.00000 1.00000
vt 0.00000 1.00000
vt 0.00000 1.00000
vt 0.00000 1.00000
vt 0.00000 1.00000
vt 0.00000 1.00000
vt 0.00000 1.00000
vt 0.00000 1.00000
vt 0.00000 1.00000
vt 0.00000 1.00000
vt 0.00000 1.00000
vt 0.00000 1.00000
vt 0.00000 1.00000
vt 0.00000 1.00000
vt 0.00000 1.00000
vt 0.00000 1.00000
vt 0.00000 1.00000
vt 0.00000 1.00000
vt 0.00000 1.00000
vt 0.00000 1.00000
vt 0.00000 1.00000
vt 0.00000 1.00000
vt 0.00000 1.00000
vt 0.00000 1.00000
vt 0.00000 1.00000
vt 0.00000 1.00000
vt 0.00000 1.00000
vt 0.00000 1.00000
vt 0.00000 1.00000
vt 0.00000 1.00000
vt 0.00000 1.00000
vt 0.00000 1.00000
vt 0.00000 1.00000
vt 0.00000 1.00000
vt 0.00000 1.00000
vt 0.00000 1.00000
vt 0.00000 1.00000
vt 0.00000 1.00000
vt 0.00000 1.00000
vt 0.00000 1.00000
vt 0.00000 1.00000
vt 0.00000 1.00000
vt 0.00000 1.00000
vt 0.00000 1.00000
vt 0.00000 1.00000
vt 0.00000 1.00000
vt 0.00000 1.00000
vt 0.00000 1.00000
vt 0.00000 1.00000
vt 0.00000 1.00000
vt 0.00000 1.00000
vt 0.00000 1.00000
vt 0.00000 1.00000
vt 0.00000 1.00000
vt 0.00000 1.00000
vt 0.00000 1.00000
vt 0.00000 1.00000
vt 0.00000 1.00000
vt 0.00000 1.00000
vt 0.00000 1.00000
vt 0.00000 1.00000
vt 0.00000 1.00000
vt 0.00000 1.00000
vt 0.00000 1.00000
vt 0.00000 1.00000
vt 0.00000 1.00000
vt 0.00000 1.00000
vt 0.00000 1.00000
vt 0.00000 1.00000
vt 0.00000 1.00000
vt 0.00000 1.00000
vt 0.00000 1.00000
vt 0.00000 1.00000
vt 0.00000 1.00000
vt 0.00000 1.00000
vt 0.00000 1.00000
vt 0.00000 1.00000
vt 0.00000 1.00000
vt 0.00000 1.00000
vt 0.00000 1.00000
vt 0.00000 1.00000
vt 0.00000 1.00000
vt 0.00000 1.00000
vt 0.00000 1.00000
vt 0.00000 1.00000
vt 0.00000 1.00000
vt 0.00000 1.00000
vt 0.00000 1.00000
vt 0.00000 1.00000
vt 0.00000 1.00000
vt 0.00000 1.00000
vt 0.00000 1.00000
vt 0.00000 1.00000
vt 0.00000 1.00000
vt 0.00000 1.00000
vt 0.00000 1.00000
vt 0.00000 1.00000
vt 0.00000 1.00000
vt 0.00000 1.00000
vt 0.00000 1.00000
vt 0.00000 1.00000
vt 0.00000 1.00000
vt 0.00000 1.00000
vt 0.00000 1.00000
vt 0.00000 1.00000
vt 0.00000 1.00000
vt 0.00000 1.00000
vt 0.00000 1.00000
vt 0.00000 1.00000
vt 0.00000 1.00000
vt 0.00000 1.00000
vt 0.00000 1.00000
vt 0.00000 1.00000
vt 0.00000 1.00000
vt 0.00000 1.00000
vt 0.00000 1.00000
vt 0.00000 1.00000
vt 0.00000 1.00000
vt 0.00000 1.00000
vt 0.00000 1.00000
vt 0.00000 1.00000
vt 0.00000 1.00000
vt 0.00000 1.00000
vt 0.00000 1.00000
vt 0.00000 1.00000
vt 0.00000 1.00000
vt 0.00000 1.00000
vt 0.00000 1.00000
vt 0.00000 1.00000
vt 0.00000 1.00000
vt 0.00000 1.00000
vt 0.00000 1.00000
vt 0.00000 1.00000
vt 0.00000 1.00000
vt 0.00000 1.00000
vt 0.00000 1.00000
vt 0.00000 1.00000
vt 0.00000 1.00000
vt 0.00000 1.00000
vt 0.00000 1.00000
vt 0.00000 1.00000
vt 0.00000 1.00000
vt 0.00000 1.00000
vt 0.00000 1.00000
vt 0.00000 1.00000
vt 0.00000 1.00000
vt 0.00000 1.00000
vt 0.00000 1.00000
vt 0.00000 1.00000
vt 0.00000 1.00000
vt 0.00000 1.00000
vt 0.00000 1.00000
vt 0.00000 1.00000
vt 0.00000 1.00000
vt 0.00000 1.00000
vt 0.00000 1.00000
vt 0.00000 1.00000
vt 0.00000 1.00000
vt 0.00000 1.00000
vt 0.00000 1.00000
vt 0.00000 1.00000
vt 0.00000 1.00000
vt 0.00000 1.00000
vt 0.00000 1.00000
vt 0.00000 1.00000
vt 0.00000 1.00000
vt 0.00000 1.00000
vt 0.00000 1.00000
vt 0.00000 1.00000
vt 0.00000 1.00000
vt 0.00000 1.00000
vt 0.00000 1.00000
vt 0.00000 1.00000
vt 0.00000 1.00000
vt 0.00000 1.00000
vt 0.00000 1.00000
vt 0.00000 1.00000
vt 0.00000 1.00000
vt 0.00000 1.00000
vt 0.00000 1.00000
vt 0.00000 1.00000
vt 0.00000 1.00000
vt 0.00000 1.00000
vt 0.00000 1.00000
vt 0.00000 1.00000
vt 0.00000 1.00000
vt 0.00000 1.00000
vt 0.00000 1.00000
vt 0.00000 1.00000
vt 0.00000 1.00000
vt 0.00000 1.00000
vt 0.00000 1.00000
vt 0.00000 1.00000
vt 0.00000 1.00000
vt 0.00000 1.00000
vt 0.00000 1.00000
vt 0.00000 1.00000
vt 0.00000 1.00000
vt 0.00000 1.00000
vt 0.00000 1.00000
vt 0.00000 1.00000
vt 0.00000 1.00000
vt 0.00000 1.00000
vt 0.00000 1.00000
vt 0.00000 1.00000
vt 0.00000 1.00000
vt 0.00000 1.00000
vt 0.00000 1.00000
vt 0.00000 1.00000
vt 0.00000 1.00000
vt 0.00000 1.00000
vt 0.00000 1.00000
vt 0.00000 1.00000
vt 0.00000 1.00000
vt 0.00000 1.00000
vt 0.00000 1.00000
vt 0.00000 1.00000
vt 0.00000 1.00000
vt 0.00000 1.00000
vt 0.00000 1.00000
vt 0.00000 1.00000
vt 0.00000 1.00000
vt 0.00000 1.00000
vt 0.00000 1.00000
vt 0.00000 1.00000
vt 0.00000 1.00000
vt 0.00000 1.00000
vt 0.00000 1.00000
vt 0.00000 1.00000
vt 0.00000 1.00000
vt 0.00000 1.00000
vt 0.00000 1.00000
vt 0.00000 1.00000
vt 0.00000 1.00000
vt 0.00000 1.00000
vt 0.00000 1.00000
vt 0.00000 1.00000
vt 0.00000 1.00000
vt 0.00000 1.00000
vt 0.00000 1.00000
vt 0.00000 1.00000
vt 0.00000 1.00000
vt 0.00000 1.00000
vt 0.00000 1.00000
vt 0.00000 1.00000
vt 0.00000 1.00000
vt 0.00000 1.00000
vt 0.00000 1.00000
vt 0.00000 1.00000
vt 0.00000 1.00000
vt 0.00000 1.00000
vt 0.00000 1.00000
vt 0.00000 1.00000
vt 0.00000 1.00000
vt 0.00000 1.00000
vt 0.00000 1.00000
vt 0.00000 1.00000
vt 0.00000 1.00000
vt 0.00000 1.00000
vt 0.00000 1.00000
vt 0.00000 1.00000
vt 0.00000 1.00000
vt 0.00000 1.00000
vt 0.00000 1.00000
vt 0.00000 1.00000
vt 0.00000 1.00000
vt 0.00000 1.00000
vt 0.00000 1.00000
vt 0.00000 1.00000
vt 0.00000 1.00000
vt 0.00000 1.00000
vt 0.00000 1.00000
vt 0.00000 1.00000
vt 0.00000 1.00000
vt 0.00000 1.00000
vt 0.00000 1.00000
vt 0.00000 1.00000
vt 0.00000 1.00000
vt 0.00000 1.00000
vt 0.00000 1.00000
vt 0.00000 1.00000
vt 0.00000 1.00000
vt 0.00000 1.00000
vt 0.00000 1.00000
vt 0.00000 1.00000
vt 0.00000 1.00000
vt 0.00000 1.00000
vt 0.00000 1.00000
vt 0.00000 1.00000
vt 0.00000 1.00000
vt 0.00000 1.00000
vt 0.00000 1.00000
vt 0.00000 1.00000
vt 0.00000 1.00000
vt 0.00000 1.00000
vt 0.00000 1.00000
vt 0.00000 1.00000
vt 0.00000 1.00000
vt 0.00000 1.00000
vt 0.00000 1.00000
vt 0.00000 1.00000
vt 0.00000 1.00000
vt 0.00000 1.00000
vt 0.00000 1.00000
vt 0.00000 1.00000
vt 0.00000 1.00000
vt 0.00000 1.00000
vt 0.00000 1.00000
vt 0.00000 1.00000
vt 0.00000 1.00000
vt 0.00000 1.00000
vt 0.00000 1.00000
vt 0.00000 1.00000
vt 0.00000 1.00000
vt 0.00000 1.00000
vt 0.00000 1.00000
vt 0.00000 1.00000
vt 0.00000 1.00000
vt 0.00000 1.00000
vt 0.00000 1.00000
vt 0.00000 1.00000
vt 0.00000 1.00000
vt 0.00000 1.00000
vt 0.00000 1.00000
vt 0.00000 1.00000
vt 0.00000 1.00000
vt 0.00000 1.00000
vt 0.00000 1.00000
vt 0.00000 1.00000
vt 0.00000 1.00000
vt 0.00000 1.00000
vt 0.00000 1.00000
vt 0.00000 1.00000
vt 0.00000 1.00000
vt 0.00000 1.00000
vt 0.00000 1.00000
vt 0.00000 1.00000
vt 0.00000 1.00000
vt 0.00000 1.00000
vt 0.00000 1.00000
vt 0.00000 1.00000
vt 0.00000 1.00000
vt 0.00000 1.00000
vt 0.00000 1.00000
vt 0.00000 1.00000
vt 0.00000 1.00000
vt 0.00000 1.00000
vt 0.00000 1.00000
vt 0.00000 1.00000
vt 0.00000 1.00000
vt 0.00000 1.00000
vt 0.00000 1.00000
vt 0.00000 1.00000
vt 0.00000 1.00000
vt 0.00000 1.00000
vt 0.00000 1.00000
vt 0.00000 1.00000
vt 0.00000 1.00000
vt 0.00000 1.00000
vt 0.00000 1.00000
vt 0.00000 1.00000
vt 0.00000 1.00000
vt 0.00000 1.00000
vt 0.00000 1.00000
vt 0.00000 1.00000
vt 0.00000 1.00000
vt 0.00000 1.00000
vt 0.00000 1.00000
vt 0.00000 1.00000
vt 0.00000 1.00000
vt 0.00000 1.00000
vt 0.00000 1.00000
vt 0.00000 1.00000
vt 0.00000 1.00000
vt 0.00000 1.00000
vt 0.00000 1.00000
vt 0.00000 1.00000
vt 0.00000 1.00000
vt 0.00000 1.00000
vt 0.00000 1.00000
vt 0.00000 1.00000
vt 0.00000 1.00000
vt 0.00000 1.00000
vt 0.00000 1.00000
vt 0.00000 1.00000
vt 0.00000 1.00000
vt 0.00000 1.00000
vt 0.00000 1.00000
vt 0.00000 1.00000
vt 0.00000 1.00000
vt 0.00000 1.00000
vt 0.00000 1.00000
vt 0.00000 1.00000
vt 0.00000 1.00000
vt 0.00000 1.00000
vt 0.00000 1.00000
vt 0.00000 1.00000
vt 0.00000 1.00000
vt 0.00000 1.00000
vt 0.00000 1.00000
vt 0.00000 1.00000
vt 0.00000 1.00000
vt 0.00000 1.00000
vt 0.00000 1.00000
vt 0.00000 1.00000
vt 0.00000 1.00000
vt 0.00000 1.00000
vt 0.00000 1.00000
vt 0.00000 1.00000
vt 0.00000 1.00000
vt 0.00000 1.00000
vt 0.00000 1.00000
vt 0.00000 1.00000
vt 0.00000 1.00000
vt 0.00000 1.00000
vt 0.00000 1.00000
vt 0.00000 1.00000
vt 0.00000 1.00000
vt 0.00000 1.00000
vt 0.00000 1.00000
vt 0.00000 1.00000
vt 0.00000 1.00000
vt 0.00000 1.00000
vt 0.00000 1.00000
vt 0.00000 1.00000
vt 0.00000 1.00000
vt 0.00000 1.00000
vt 0.00000 1.00000
vt 0.00000 1.00000
vt 0.00000 1.00000
vt 0.00000 1.00000
vt 0.00000 1.00000
vt 0.00000 1.00000
vt 0.00000 1.00000
vt 0.00000 1.00000
vt 0.00000 1.00000
vt 0.00000 1.00000
vt 0.00000 1.00000
vt 0.00000 1.00000
vt 0.00000 1.00000
vt 0.00000 1.00000
vt 0.00000 1.00000
vt 0.00000 1.00000
vt 0.00000 1.00000
vt 0.00000 1.00000
vt 0.00000 1.00000
vt 0.00000 1.00000
vt 0.00000 1.00000
vt 0.00000 1.00000
vt 0.00000 1.00000
vt 0.00000 1.00000
vt 0.00000 1.00000
vt 0.00000 1.00000
vt 0.00000 1.00000
vt 0.00000 1.00000
vt 0.00000 1.00000
vt 0.00000 1.00000
vt 0.00000 1.00000
vt 0.00000 1.00000
vt 0.00000 1.00000
vt 0.00000 1.00000
vt 0.00000 1.00000
vt 0.00000 1.00000
vt 0.00000 1.00000
vt 0.00000 1.00000
vt 0.00000 1.00000
vt 0.00000 1.00000
vt 0.00000 1.00000
vt 0.00000 1.00000
vt 0.00000 1.00000
vt 0.00000 1.00000
vt 0.00000 1.00000
vt 0.00000 1.00000
vt 0.00000 1.00000
vt 0.00000 1.00000
vt 0.00000 1.00000
vt 0.00000 1.00000
vt 0.00000 1.00000
vt 0.00000 1.00000
vt 0.00000 1.00000
vt 0.00000 1.00000
vt 0.00000 1.00000
vt 0.00000 1.00000
vt 0.00000 1.00000
vt 0.00000 1.00000
vt 0.00000 1.00000
vt 0.00000 1.00000
vt 0.00000 1.00000
vt 0.00000 1.00000
vt 0.00000 1.00000
vt 0.00000 1.00000
vt 0.00000 1.00000
vt 0.00000 1.00000
vt 0.00000 1.00000
vt 0.00000 1.00000
vt 0.00000 1.00000
vt 0.00000 1.00000
vt 0.00000 1.00000
vt 0.00000 1.00000
vt 0.00000 1.00000
vt 0.00000 1.00000
vt 0.00000 1.00000
vt 0.00000 1.00000
vt 0.00000 1.00000
vt 0.00000 1.00000
vt 0.00000 1.00000
vt 0.00000 1.00000
vt 0.00000 1.00000
vt 0.00000 1.00000
vt 0.00000 1.00000
vt 0.00000 1.00000
vt 0.00000 1.00000
vt 0.00000 1.00000
vt 0.00000 1.00000
vt 0.00000 1.00000
vt 0.00000 1.00000
vt 0.00000 1.00000
vt 0.00000 1.00000
vt 0.00000 1.00000
vt 0.00000 1.00000
vt 0.00000 1.00000
vt 0.00000 1.00000
vt 0.00000 1.00000
vt 0.00000 1.00000
vt 0.00000 1.00000
vt 0.00000 1.00000
vt 0.00000 1.00000
vt 0.00000 1.00000
vt 0.00000 1.00000
vt 0.00000 1.00000
vt 0.00000 1.00000
vt 0.00000 1.00000
vt 0.00000 1.00000
vt 0.00000 1.00000
vt 0.00000 1.00000
vt 0.00000 1.00000
vt 0.00000 1.00000
vt 0.00000 1.00000
vt 0.00000 1.00000
vt 0.00000 1.00000
vt 0.00000 1.00000
vt 0.00000 1.00000
vt 0.00000 1.00000
vt 0.00000 1.00000
vt 0.00000 1.00000
vt 0.00000 1.00000
vt 0.00000 1.00000
vt 0.00000 1.00000
vt 0.00000 1.00000
vt 0.00000 1.00000
vt 0.00000 1.00000
vt 0.00000 1.00000
vt 0.00000 1.00000
vt 0.00000 1.00000
vt 0.00000 1.00000
vt 0.00000 1.00000
vt 0.00000 1.00000
vt 0.00000 1.00000
vt 0.00000 1.00000
vt 0.00000 1.00000
vt 0.00000 1.00000
vt 0.00000 1.00000
vt 0.00000 1.00000
vt 0.00000 1.00000
vt 0.00000 1.00000
vt 0.00000 1.00000
vt 0.00000 1.00000
vt 0.00000 1.00000
vt 0.00000 1.00000
vt 0.00000 1.00000
vt 0.00000 1.00000
vt 0.00000 1.00000
vt 0.00000 1.00000
vt 0.00000 1.00000
vt 0.00000 1.00000
vt 0.00000 1.00000
vt 0.00000 1.00000
vt 0.00000 1.00000
vt 0.00000 1.00000
vt 0.00000 1.00000
vt 0.00000 1.00000
vt 0.00000 1.00000
vt 0.00000 1.00000
vt 0.00000 1.00000
vt 0.00000 1.00000
vt 0.00000 1.00000
vt 0.00000 1.00000
vt 0.00000 1.00000
vt 0.00000 1.00000
vt 0.00000 1.00000
vt 0.00000 1.00000
vt 0.00000 1.00000
vt 0.00000 1.00000
vt 0.00000 1.00000
vt 0.00000 1.00000
vt 0.00000 1.00000
vt 0.00000 1.00000
vt 0.00000 1.00000
vt 0.00000 1.00000
vt 0.00000 1.00000
vt 0.00000 1.00000
vt 0.00000 1.00000
vt 0.00000 1.00000
vt 0.00000 1.00000
vt 0.00000 1.00000
vt 0.00000 1.00000
vt 0.00000 1.00000
vt 0.00000 1.00000
vt 0.00000 1.00000
vt 0.00000 1.00000
vt 0.00000 1.00000
vt 0.00000 1.00000
vt 0.00000 1.00000
vt 0.00000 1.00000
vt 0.00000 1.00000
vt 0.00000 1.00000
vt 0.00000 1.00000
vt 0.00000 1.00000
vt 0.00000 1.00000
vt 0.00000 1.00000
vt 0.00000 1.00000
vt 0.00000 1.00000
vt 0.00000 1.00000
vt 0.00000 1.00000
vt 0.00000 1.00000
vt 0.00000 1.00000
vt 0.00000 1.00000
vt 0.00000 1.00000
vt 0.00000 1.00000
vt 0.00000 1.00000
vt 0.00000 1.00000
vt 0.00000 1.00000
vt 0.00000 1.00000
vt 0.00000 1.00000
vt 0.00000 1.00000
vt 0.00000 1.00000
vt 0.00000 1.00000
vt 0.00000 1.00000
vt 0.00000 1.00000
vt 0.00000 1.00000
vt 0.00000 1.00000
vt 0.00000 1.00000
vt 0.00000 1.00000
vt 0.00000 1.00000
vt 0.00000 1.00000
vt 0.00000 1.00000
vt 0.00000 1.00000
vt 0.00000 1.00000
vt 0.00000 1.00000
vt 0.00000 1.00000
vt 0.00000 1.00000
vt 0.00000 1.00000
vt 0.00000 1.00000
vt 0.00000 1.00000
vt 0.00000 1.00000
vt 0.00000 1.00000
vt 0.00000 1.00000
vt 0.00000 1.00000
vt 0.00000 1.00000
vt 0.00000 1.00000
vt 0.00000 1.00000
vt 0.00000 1.00000
vt 0.00000 1.00000
vt 0.00000 1.00000
vt 0.00000 1.00000
vt 0.00000 1.00000
vt 0.00000 1.00000
vt 0.00000 1.00000
vt 0.00000 1.00000
vt 0.00000 1.00000
vt 0.00000 1.00000
vt 0.00000 1.00000
vt 0.00000 1.00000
vt 0.00000 1.00000
vt 0.00000 1.00000
vt 0.00000 1.00000
vt 0.00000 1.00000
vt 0.00000 1.00000
vt 0.00000 1.00000
vt 0.00000 1.00000
vt 0.00000 1.00000
vt 0.00000 1.00000
vt 0.00000 1.00000
vt 0.00000 1.00000
vt 0.00000 1.00000
vt 0.00000 1.00000
vt 0.00000 1.00000
vt 0.00000 1.00000
vt 0.00000 1.00000
vt 0.00000 1.00000
vt 0.00000 1.00000
vt 0.00000 1.00000
vt 0.00000 1.00000
vt 0.00000 1.00000
vt 0.00000 1.00000
vt 0.00000 1.00000
vt 0.00000 1.00000
vt 0.00000 1.00000
vt 0.00000 1.00000
vt 0.00000 1.00000
vt 0.00000 1.00000
vt 0.00000 1.00000
vt 0.00000 1.00000
vt 0.00000 1.00000
vt 0.00000 1.00000
vt 0.00000 1.00000
vt 0.00000 1.00000
vt 0.00000 1.00000
vt 0.00000 1.00000
vt 0.00000 1.00000
vt 0.00000 1.00000
vt 0.00000 1.00000
vt 0.00000 1.00000
vt 0.00000 1.00000
vt 0.00000 1.00000
vt 0.00000 1.00000
vt 0.00000 1.00000
vt 0.00000 1.00000
vt 0.00000 1.00000
vt 0.00000 1.00000
vt 0.00000 1.00000
vt 0.00000 1.00000
vt 0.00000 1.00000
vt 0.00000 1.00000
vt 0.00000 1.00000
vt 0.00000 1.00000
vt 0.00000 1.00000
vt 0.00000 1.00000
vt 0.00000 1.00000
vt 0.00000 1.00000
vt 0.00000 1.00000
vt 0.00000 1.00000
vt 0.00000 1.00000
vt 0.00000 1.00000
vt 0.00000 1.00000
vt 0.00000 1.00000
vt 0.00000 1.00000
vt 0.00000 1.00000
vt 0.00000 1.00000
vt 0.00000 1.00000
vt 0.00000 1.00000
vt 0.00000 1.00000
vt 0.00000 1.00000
vt 0.00000 1.00000
vt 0.00000 1.00000
vt 0.00000 1.00000
vt 0.00000 1.00000
vt 0.00000 1.00000
vt 0.00000 1.00000
vt 0.00000 1.00000
vt 0.00000 1.00000
vt 0.00000 1.00000
vt 0.00000 1.00000
vt 0.00000 1.00000
vt 0.00000 1.00000
vt 0.00000 1.00000
vt 0.00000 1.00000
vt 0.00000 1.00000
vt 0.00000 1.00000
vt 0.00000 1.00000
vt 0.00000 1.00000
vt 0.00000 1.00000
vt 0.00000 1.00000
vt 0.00000 1.00000
vt 0.00000 1.00000
vt 0.00000 1.00000
vt 0.00000 1.00000
vt 0.00000 1.00000
vt 0.00000 1.00000
vt 0.00000 1.00000
vt 0.00000 1.00000
vt 0.00000 1.00000
vt 0.00000 1.00000
vt 0.00000 1.00000
vt 0.00000 1.00000
vt 0.00000 1.00000
vt 0.00000 1.00000
vt 0.00000 1.00000
vt 0.00000 1.00000
vt 0.00000 1.00000
vt 0.00000 1.00000
vt 0.00000 1.00000
vt 0.00000 1.00000
vt 0.00000 1.00000
vt 0.00000 1.00000
vt 0.00000 1.00000
vt 0.00000 1.00000
vt 0.00000 1.00000
vt 0.00000 1.00000
vt 0.00000 1.00000
vt 0.00000 1.00000
vt 0.00000 1.00000
vt 0.00000 1.00000
vt 0.00000 1.00000
vt 0.00000 1.00000
vt 0.00000 1.00000
vt 0.00000 1.00000
vt 0.00000 1.00000
vt 0.00000 1.00000
vt 0.00000 1.00000
vt 0.00000 1.00000
vt 0.00000 1.00000
vt 0.00000 1.00000
vt 0.00000 1.00000
vt 0.00000 1.00000
vt 0.00000 1.00000
vt 0.00000 1.00000
vt 0.00000 1.00000
vt 0.00000 1.00000
vt 0.00000 1.00000
vt 0.00000 1.00000
vt 0.00000 1.00000
vt 0.00000 1.00000
vt 0.00000 1.00000
vt 0.00000 1.00000
vt 0.00000 1.00000
vt 0.00000 1.00000
vt 0.00000 1.00000
vt 0.00000 1.00000
vt 0.00000 1.00000
vt 0.00000 1.00000
vt 0.00000 1.00000
vt 0.00000 1.00000
vt 0.00000 1.00000
vt 0.00000 1.00000
vt 0.00000 1.00000
vt 0.00000 1.00000
vt 0.00000 1.00000
vt 0.00000 1.00000
vt 0.00000 1.00000
vt 0.00000 1.00000
vt 0.00000 1.00000
vt 0.00000 1.00000
vt 0.00000 1.00000
vt 0.00000 1.00000
vt 0.00000 1.00000
vt 0.00000 1.00000
vt 0.00000 1.00000
vt 0.00000 1.00000
vt 0.00000 1.00000
vt 0.00000 1.00000
vt 0.00000 1.00000
vt 0.00000 1.00000
vt 0.00000 1.00000
vt 0.00000 1.00000
vt 0.00000 1.00000
vt 0.00000 1.00000
vt 0.00000 1.00000
vt 0.00000 1.00000
vt 0.00000 1.00000
vt 0.00000 1.00000
vt 0.00000 1.00000
vt 0.00000 1.00000
vt 0.00000 1.00000
vt 0.00000 1.00000
vt 0.00000 1.00000
vt 0.00000 1.00000
vt 0.00000 1.00000
vt 0.00000 1.00000
vt 0.00000 1.00000
vt 0.00000 1.00000
vt 0.00000 1.00000
vt 0.00000 1.00000
vt 0.00000 1.00000
vt 0.00000 1.00000
vt 0.00000 1.00000
vt 0.00000 1.00000
vt 0.00000 1.00000
vt 0.00000 1.00000
vt 0.00000 1.00000
vt 0.00000 1.00000
vt 0.00000 1.00000
vt 0.00000 1.00000
vt 0.00000 1.00000
vt 0.00000 1.00000
vt 0.00000 1.00000
vt 0.00000 1.00000
vt 0.00000 1.00000
vt 0.00000 1.00000
vt 0.00000 1.00000
vt 0.00000 1.00000
vt 0.00000 1.00000
vt 0.00000 1.00000
vt 0.00000 1.00000
vt 0.00000 1.00000
vt 0.00000 1.00000
vt 0.00000 1.00000
vt 0.00000 1.00000
vt 0.00000 1.00000
vt 0.00000 1.00000
vt 0.00000 1.00000
vt 0.00000 1.00000
vt 0.00000 1.00000
vt 0.00000 1.00000
vt 0.00000 1.00000
vt 0.00000 1.00000
vt 0.00000 1.00000
vt 0.00000 1.00000
vt 0.00000 1.00000
vt 0.00000 1.00000
vt 0.00000 1.00000
vt 0.00000 1.00000
vt 0.00000 1.00000
vt 0.00000 1.00000
vt 0.00000 1.00000
vt 0.00000 1.00000
vt 0.00000 1.00000
vt 0.00000 1.00000
vt 0.00000 1.00000
vt 0.00000 1.00000
vt 0.00000 1.00000
vt 0.00000 1.00000
vt 0.00000 1.00000
vt 0.00000 1.00000
vt 0.00000 1.00000
vt 0.00000 1.00000
vt 0.00000 1.00000
vt 0.00000 1.00000
vt 0.00000 1.00000
vt 0.00000 1.00000
vt 0.00000 1.00000
vt 0.00000 1.00000
vt 0.00000 1.00000
vt 0.00000 1.00000
vt 0.00000 1.00000
vt 0.00000 1.00000
vt 0.00000 1.00000
vt 0.00000 1.00000
vt 0.00000 1.00000
vt 0.00000 1.00000
vt 0.00000 1.00000
vt 0.00000 1.00000
vt 0.00000 1.00000
vt 0.00000 1.00000
vt 0.00000 1.00000
vt 0.00000 1.00000
vt 0.00000 1.00000
vt 0.00000 1.00000
vt 0.00000 1.00000
vt 0.00000 1.00000
vt 0.00000 1.00000
vt 0.00000 1.00000
vt 0.00000 1.00000
vt 0.00000 1.00000
vt 0.00000 1.00000
vt 0.00000 1.00000
vt 0.00000 1.00000
vt 0.00000 1.00000
vt 0.00000 1.00000
vt 0.00000 1.00000
vt 0.00000 1.00000
vt 0.00000 1.00000
vt 0.00000 1.00000
vt 0.00000 1.00000
vt 0.00000 1.00000
vt 0.00000 1.00000
vt 0.00000 1.00000
vt 0.00000 1.00000
vt 0.00000 1.00000
vt 0.00000 1.00000
vt 0.00000 1.00000
vt 0.00000 1.00000
vt 0.00000 1.00000
vt 0.00000 1.00000
vt 0.00000 1.00000
vt 0.00000 1.00000
vt 0.00000 1.00000
vt 0.00000 1.00000
vt 0.00000 1.00000
vt 0.00000 1.00000
vt 0.00000 1.00000
vt 0.00000 1.00000
vt 0.00000 1.00000
vt 0.00000 1.00000
vt 0.00000 1.00000
vt 0.00000 1.00000
vt 0.00000 1.00000
vt 0.00000 1.00000
vt 0.00000 1.00000
vt 0.00000 1.00000
vt 0.00000 1.00000
vt 0.00000 1.00000
vt 0.00000 1.00000
vt 0.00000 1.00000
vt 0.00000 1.00000
vt 0.00000 1.00000
vt 0.00000 1.00000
vt 0.00000 1.00000
vt 0.00000 1.00000
vt 0.00000 1.00000
vt 0.00000 1.00000
vt 0.00000 1.00000
vt 0.00000 1.00000
vt 0.00000 1.00000
vt 0.00000 1.00000
vt 0.00000 1.00000
vt 0.00000 1.00000
vt 0.00000 1.00000
vt 0.00000 1.00000
vt 0.00000 1.00000
vt 0.00000 1.00000
vt 0.00000 1.00000
vt 0.00000 1.00000
vt 0.00000 1.00000
vt 0.00000 1.00000
vt 0.00000 1.00000
vt 0.00000 1.00000
vt 0.00000 1.00000
vt 0.00000 1.00000
vt 0.00000 1.00000
vt 0.00000 1.00000
vt 0.00000 1.00000
vt 0.00000 1.00000
vt 0.00000 1.00000
vt 0.00000 1.00000
vt 0.00000 1.00000
vt 0.00000 1.00000
vt 0.00000 1.00000
vt 0.00000 1.00000
vt 0.00000 1.00000
vt 0.00000 1.00000
vt 0.00000 1.00000
vt 0.00000 1.00000
vt 0.00000 1.00000
vt 0.00000 1.00000
vt 0.00000 1.00000
vt 0.00000 1.00000
vt 0.00000 1.00000
vt 0.00000 1.00000
vt 0.00000 1.00000
vt 0.00000 1.00000
vt 0.00000 1.00000
vt 0.00000 1.00000
vt 0.00000 1.00000
vt 0.00000 1.00000
vt 0.00000 1.00000
vt 0.00000 1.00000
vt 0.00000 1.00000
vt 0.00000 1.00000
vt 0.00000 1.00000
vt 0.00000 1.00000
vt 0.00000 1.00000
vt 0.00000 1.00000
vt 0.00000 1.00000
vt 0.00000 1.00000
vt 0.00000 1.00000
vt 0.00000 1.00000
vt 0.00000 1.00000
vt 0.00000 1.00000
vt 0.00000 1.00000
vt 0.00000 1.00000
vt 0.00000 1.00000
vt 0.00000 1.00000
vt 0.00000 1.00000
vt 0.00000 1.00000
vt 0.00000 1.00000
vt 0.00000 1.00000
vt 0.00000 1.00000
vt 0.00000 1.00000
vt 0.00000 1.00000
vt 0.00000 1.00000
vt 0.00000 1.00000
vt 0.00000 1.00000
vt 0.00000 1.00000
vt 0.00000 1.00000
vt 0.00000 1.00000
vt 0.00000 1.00000
vt 0.00000 1.00000
vt 0.00000 1.00000
vt 0.00000 1.00000
vt 0.00000 1.00000
vt 0.00000 1.00000
vt 0.00000 1.00000
vt 0.00000 1.00000
vt 0.00000 1.00000
vt 0.00000 1.00000
vt 0.00000 1.00000
vt 0.00000 1.00000
vt 0.00000 1.00000
vt 0.00000 1.00000
vt 0.00000 1.00000
vt 0.00000 1.00000
vt 0.00000 1.00000
vt 0.00000 1.00000
vt 0.00000 1.00000
vt 0.00000 1.00000
vt 0.00000 1.00000
vt 0.00000 1.00000
vt 0.00000 1.00000
vt 0.00000 1.00000
vt 0.00000 1.00000
vt 0.00000 1.00000
vt 0.00000 1.00000
vt 0.00000 1.00000
vt 0.00000 1.00000
vt 0.00000 1.00000
vt 0.00000 1.00000
vt 0.00000 1.00000
vt 0.00000 1.00000
vt 0.00000 1.00000
vt 0.00000 1.00000
vt 0.00000 1.00000
vt 0.00000 1.00000
vt 0.00000 1.00000
vt 0.00000 1.00000
vt 0.00000 1.00000
vt 0.00000 1.00000
vt 0.00000 1.00000
vt 0.00000 1.00000
vt 0.00000 1.00000
vt 0.00000 1.00000
vt 0.00000 1.00000
vt 0.00000 1.00000
vt 0.00000 1.00000
vt 0.00000 1.00000
vt 0.00000 1.00000
vt 0.00000 1.00000
vt 0.00000 1.00000
vt 0.00000 1.00000
vt 0.00000 1.00000
vt 0.00000 1.00000
vt 0.00000 1.00000
vt 0.00000 1.00000
vt 0.00000 1.00000
vt 0.00000 1.00000
vt 0.00000 1.00000
vt 0.00000 1.00000
vt 0.00000 1.00000
vt 0.00000 1.00000
vt 0.00000 1.00000
vt 0.00000 1.00000
vt 0.00000 1.00000
vt 0.00000 1.00000
vt 0.00000 1.00000
vt 0.00000 1.00000
vt 0.00000 1.00000
vt 0.00000 1.00000
vt 0.00000 1.00000
vt 0.00000 1.00000
vt 0.00000 1.00000
vt 0.00000 1.00000
vt 0.00000 1.00000
vt 0.00000 1.00000
vt 0.00000 1.00000
vt 0.00000 1.00000
vt 0.00000 1.00000
vt 0.00000 1.00000
vt 0.00000 1.00000
vt 0.00000 1.00000
vt 0.00000 1.00000
vt 0.00000 1.00000
vt 0.00000 1.00000
vt 0.00000 1.00000
vt 0.00000 1.00000
vt 0.00000 1.00000
vt 0.00000 1.00000
vt 0.00000 1.00000
vt 0.00000 1.00000
vt 0.00000 1.00000
vt 0.00000 1.00000
vt 0.00000 1.00000
vt 0.00000 1.00000
vt 0.00000 1.00000
vt 0.00000 1.00000
vt 0.00000 1.00000
vt 0.00000 1.00000
vt 0.00000 1.00000
vt 0.00000 1.00000
vt 0.00000 1.00000
vt 0.00000 1.00000
vt 0.00000 1.00000
vt 0.00000 1.00000
vt 0.00000 1.00000
vt 0.00000 1.00000
vt 0.00000 1.00000
vt 0.00000 1.00000
vt 0.00000 1.00000
vt 0.00000 1.00000
vt 0.00000 1.00000
vt 0.00000 1.00000
vt 0.00000 1.00000
vt 0.00000 1.00000
vt 0.00000 1.00000
vt 0.00000 1.00000
vt 0.00000 1.00000
vt 0.00000 1.00000
vt 0.00000 1.00000
vt 0.00000 1.00000
vt 0.00000 1.00000
vt 0.00000 1.00000
vt 0.00000 1.00000
vt 0.00000 1.00000
vt 0.00000 1.00000
vt 0.00000 1.00000
vt 0.00000 1.00000
vt 0.00000 1.00000
vt 0.00000 1.00000
vt 0.00000 1.00000
vt 0.00000 1.00000
vt 0.00000 1.00000
vt 0.00000 1.00000
vt 0.00000 1.00000
vt 0.00000 1.00000
vt 0.00000 1.00000
vt 0.00000 1.00000
vt 0.00000 1.00000
vt 0.00000 1.00000
vt 0.00000 1.00000
vt 0.00000 1.00000
vt 0.00000 1.00000
vt 0.00000 1.00000
vt 0.00000 1.00000
vt 0.00000 1.00000
vt 0.00000 1.00000
vt 0.00000 1.00000
vt 0.00000 1.00000
vt 0.00000 1.00000
vt 0.00000 1.00000
vt 0.00000 1.00000
vt 0.00000 1.00000
vt 0.00000 1.00000
vt 0.00000 1.00000
vt 0.00000 1.00000
vt 0.00000 1.00000
vt 0.00000 1.00000
vt 0.00000 1.00000
vt 0.00000 1.00000
vt 0.00000 1.00000
vt 0.00000 1.00000
vt 0.00000 1.00000
vt 0.00000 1.00000
vt 0.00000 1.00000
vt 0.00000 1.00000
vt 0.00000 1.00000
vt 0.00000 1.00000
vt 0.00000 1.00000
vt 0.00000 1.00000
vt 0.00000 1.00000
vt 0.00000 1.00000
vt 0.00000 1.00000
vt 0.00000 1.00000
vt 0.00000 1.00000
vt 0.00000 1.00000
vt 0.00000 1.00000
vt 0.00000 1.00000
vt 0.00000 1.00000
vt 0.00000 1.00000
vt 0.00000 1.00000
vt 0.00000 1.00000
vt 0.00000 1.00000
vt 0.00000 1.00000
vt 0.00000 1.00000
vt 0.00000 1.00000
vt 0.00000 1.00000
vt 0.00000 1.00000
vt 0.00000 1.00000
vt 0.00000 1.00000
vt 0.00000 1.00000
vt 0.00000 1.00000
vt 0.00000 1.00000
vt 0.00000 1.00000
vt 0.00000 1.00000
vt 0.00000 1.00000
vt 0.00000 1.00000
vt 0.00000 1.00000
vt 0.00000 1.00000
vt 0.00000 1.00000
vt 0.00000 1.00000
vt 0.00000 1.00000
vt 0.00000 1.00000
vt 0.00000 1.00000
vt 0.00000 1.00000
vt 0.00000 1.00000
vt 0.00000 1.00000
vt 0.00000 1.00000
vt 0.00000 1.00000
vt 0.00000 1.00000
vt 0.00000 1.00000
vt 0.00000 1.00000
vt 0.00000 1.00000
vt 0.00000 1.00000
vt 0.00000 1.00000
vt 0.00000 1.00000
vt 0.00000 1.00000
vt 0.00000 1.00000
vt 0.00000 1.00000
vt 0.00000 1.00000
vt 0.00000 1.00000
vt 0.00000 1.00000
vt 0.00000 1.00000
vt 0.00000 1.00000
vt 0.00000 1.00000
vt 0.00000 1.00000
vt 0.00000 1.00000
vt 0.00000 1.00000
vt 0.00000 1.00000
vt 0.00000 1.00000
vt 0.00000 1.00000
vt 0.00000 1.00000
vt 0.00000 1.00000
vt 0.00000 1.00000
vt 0.00000 1.00000
vt 0.00000 1.00000
vt 0.00000 1.00000
vt 0.00000 1.00000
vt 0.00000 1.00000
vt 0.00000 1.00000
vt 0.00000 1.00000
vt 0.00000 1.00000
vt 0.00000 1.00000
vt 0.00000 1.00000
vt 0.00000 1.00000
vt 0.00000 1.00000
vt 0.00000 1.00000
vt 0.00000 1.00000
vt 0.00000 1.00000
vt 0.00000 1.00000
vt 0.00000 1.00000
vt 0.00000 1.00000
vt 0.00000 1.00000
vt 0.00000 1.00000
vt 0.00000 1.00000
vt 0.00000 1.00000
vt 0.00000 1.00000
vt 0.00000 1.00000
vt 0.00000 1.00000
vt 0.00000 1.00000
vt 0.00000 1.00000
vt 0.00000 1.00000
vt 0.00000 1.00000
vt 0.00000 1.00000
vt 0.00000 1.00000
vt 0.00000 1.00000
vt 0.00000 1.00000
vt 0.00000 1.00000
vt 0.00000 1.00000
vt 0.00000 1.00000
vt 0.00000 1.00000
vt 0.00000 1.00000
vt 0.00000 1.00000
vt 0.00000 1.00000
vt 0.00000 1.00000
vt 0.00000 1.00000
vt 0.00000 1.00000
vt 0.00000 1.00000
vt 0.00000 1.00000
vt 0.00000 1.00000
vt 0.00000 1.00000
vt 0.00000 1.00000
vt 0.00000 1.00000
vt 0.00000 1.00000
vt 0.00000 1.00000
vt 0.00000 1.00000
vt 0.00000 1.00000
vt 0.00000 1.00000
vt 0.00000 1.00000
vt 0.00000 1.00000
vt 0.00000 1.00000
vt 0.00000 1.00000
vt 0.00000 1.00000
vt 0.00000 1.00000
vt 0.00000 1.00000
vt 0.00000 1.00000
vt 0.00000 1.00000
vt 0.00000 1.00000
vt 0.00000 1.00000
vt 0.00000 1.00000
vt 0.00000 1.00000
vt 0.00000 1.00000
vt 0.00000 1.00000
vt 0.00000 1.00000
vt 0.00000 1.00000
vt 0.00000 1.00000
vt 0.00000 1.00000
vt 0.00000 1.00000
vt 0.00000 1.00000
vt 0.00000 1.00000
vt 0.00000 1.00000
vt 0.00000 1.00000
vt 0.00000 1.00000
vt 0.00000 1.00000
vt 0.00000 1.00000
vt 0.00000 1.00000
vt 0.00000 1.00000
vt 0.00000 1.00000
vt 0.00000 1.00000
vt 0.00000 1.00000
vt 0.00000 1.00000
vt 0.00000 1.00000
vt 0.00000 1.00000
vt 0.00000 1.00000
vt 0.00000 1.00000
vt 0.00000 1.00000
vt 0.00000 1.00000
vt 0.00000 1.00000
vt 0.00000 1.00000
vt 0.00000 1.00000
vt 0.00000 1.00000
vt 0.00000 1.00000
vt 0.00000 1.00000
vt 0.00000 1.00000
vt 0.00000 1.00000
vt 0.00000 1.00000
vt 0.00000 1.00000
vt 0.00000 1.00000
vt 0.00000 1.00000
vt 0.00000 1.00000
vt 0.00000 1.00000
vt 0.00000 1.00000
vt 0.00000 1.00000
vt 0.00000 1.00000
vt 0.00000 1.00000
vt 0.00000 1.00000
vt 0.00000 1.00000
vt 0.00000 1.00000
vt 0.00000 1.00000
vt 0.00000 1.00000
vt 0.00000 1.00000
vt 0.00000 1.00000
vt 0.00000 1.00000
vt 0.00000 1.00000
vt 0.00000 1.00000
vt 0.00000 1.00000
vt 0.00000 1.00000
vt 0.00000 1.00000
vt 0.00000 1.00000
vt 0.00000 1.00000
vt 0.00000 1.00000
vt 0.00000 1.00000
vt 0.00000 1.00000
vt 0.00000 1.00000
vt 0.00000 1.00000
vt 0.00000 1.00000
vt 0.00000 1.00000
vt 0.00000 1.00000
vt 0.00000 1.00000
vt 0.00000 1.00000
vt 0.00000 1.00000
vt 0.00000 1.00000
vt 0.00000 1.00000
vt 0.00000 1.00000
vt 0.00000 1.00000
vt 0.00000 1.00000
vt 0.00000 1.00000
vt 0.00000 1.00000
vt 0.00000 1.00000
vt 0.00000 1.00000
vt 0.00000 1.00000
vt 0.00000 1.00000
vt 0.00000 1.00000
vt 0.00000 1.00000
vt 0.00000 1.00000
vt 0.00000 1.00000
vt 0.00000 1.00000
vt 0.00000 1.00000
vt 0.00000 1.00000
vt 0.00000 1.00000
vt 0.00000 1.00000
vt 0.00000 1.00000
vt 0.00000 1.00000
vt 0.00000 1.00000
vt 0.00000 1.00000
vt 0.00000 1.00000
vt 0.00000 1.00000
vt 0.00000 1.00000
vt 0.00000 1.00000
vt 0.00000 1.00000
vt 0.00000 1.00000
vt 0.00000 1.00000
vt 0.00000 1.00000
vt 0.00000 1.00000
vt 0.00000 1.00000
vt 0.00000 1.00000
vt 0.00000 1.00000
vt 0.00000 1.00000
vt 0.00000 1.00000
vt 0.00000 1.00000
vt 0.00000 1.00000
vt 0.00000 1.00000
vt 0.00000 1.00000
vt 0.00000 1.00000
vt 0.00000 1.00000
vt 0.00000 1.00000
vt 0.00000 1.00000
vt 0.00000 1.00000
vt 0.00000 1.00000
vt 0.00000 1.00000
vt 0.00000 1.00000
vt 0.00000 1.00000
vt 0.00000 1.00000
vt 0.00000 1.00000
vt 0.00000 1.00000
vt 0.00000 1.00000
vt 0.00000 1.00000
vt 0.00000 1.00000
vt 0.00000 1.00000
vt 0.00000 1.00000
vt 0.00000 1.00000
vt 0.00000 1.00000
vt 0.00000 1.00000
vt 0.00000 1.00000
vt 0.00000 1.00000
vt 0.00000 1.00000
vt 0.00000 1.00000
vt 0.00000 1.00000
vt 0.00000 1.00000
vt 0.00000 1.00000
vt 0.00000 1.00000
vt 0.00000 1.00000
vt 0.00000 1.00000
vt 0.00000 1.00000
vt 0.00000 1.00000
vt 0.00000 1.00000
vt 0.00000 1.00000
vt 0.00000 1.00000
vt 0.00000 1.00000
vt 0.00000 1.00000
vt 0.00000 1.00000
vt 0.00000 1.00000
vt 0.00000 1.00000
vt 0.00000 1.00000
vt 0.00000 1.00000
vt 0.00000 1.00000
vt 0.00000 1.00000
vt 0.00000 1.00000
vt 0.00000 1.00000
vt 0.00000 1.00000
vt 0.00000 1.00000
vt 0.00000 1.00000
vt 0.00000 1.00000
vt 0.00000 1.00000
vt 0.00000 1.00000
vt 0.00000 1.00000
vt 0.00000 1.00000
vt 0.00000 1.00000
vt 0.00000 1.00000
vt 0.00000 1.00000
vt 0.00000 1.00000
vt 0.00000 1.00000
vt 0.00000 1.00000
vt 0.00000 1.00000
vt 0.00000 1.00000
vt 0.00000 1.00000
vt 0.00000 1.00000
vt 0.00000 1.00000
vt 0.00000 1.00000
vt 0.00000 1.00000
vt 0.00000 1.00000
vt 0.00000 1.00000
vt 0.00000 1.00000
vt 0.00000 1.00000
vt 0.00000 1.00000
vt 0.00000 1.00000
vt 0.00000 1.00000
vt 0.00000 1.00000
vt 0.00000 1.00000
vt 0.00000 1.00000
vt 0.00000 1.00000
vt 0.00000 1.00000
vt 0.00000 1.00000
vt 0.00000 1.00000
vt 0.00000 1.00000
vt 0.00000 1.00000
vt 0.00000 1.00000
vt 0.00000 1.00000
vt 0.00000 1.00000
vt 0.00000 1.00000
vt 0.00000 1.00000
vt 0.00000 1.00000
vt 0.00000 1.00000
vt 0.00000 1.00000
vt 0.00000 1.00000
vt 0.00000 1.00000
vt 0.00000 1.00000
vt 0.00000 1.00000
vt 0.00000 1.00000
vt 0.00000 1.00000
vt 0.00000 1.00000
vt 0.00000 1.00000
vt 0.00000 1.00000
vt 0.00000 1.00000
vt 0.00000 1.00000
vt 0.00000 1.00000
vt 0.00000 1.00000
vt 0.00000 1.00000
vt 0.00000 1.00000
vt 0.00000 1.00000
vt 0.00000 1.00000
vt 0.00000 1.00000
vt 0.00000 1.00000
vt 0.00000 1.00000
vt 0.00000 1.00000
vt 0.00000 1.00000
vt 0.00000 1.00000
vt 0.00000 1.00000
vt 0.00000 1.00000
vt 0.00000 1.00000
vt 0.00000 1.00000
vt 0.00000 1.00000
vt 0.00000 1.00000
vt 0.00000 1.00000
vt 0.00000 1.00000
vt 0.00000 1.00000
vt 0.00000 1.00000
vt 0.00000 1.00000
vt 0.00000 1.00000
vt 0.00000 1.00000
vt 0.00000 1.00000
vt 0.00000 1.00000
vt 0.00000 1.00000
vt 0.00000 1.00000
vt 0.00000 1.00000
vt 0.00000 1.00000
vt 0.00000 1.00000
vt 0.00000 1.00000
vt 0.00000 1.00000
vt 0.00000 1.00000
vt 0.00000 1.00000
vt 0.00000 1.00000
vt 0.00000 1.00000
vt 0.00000 1.00000
vt 0.00000 1.00000
vt 0.00000 1.00000
vt 0.00000 1.00000
vt 0.00000 1.00000
vt 0.00000 1.00000
vt 0.00000 1.00000
vt 0.00000 1.00000
vt 0.00000 1.00000
vt 0.00000 1.00000
vt 0.00000 1.00000
vt 0.00000 1.00000
vt 0.00000 1.00000
vt 0.00000 1.00000
vt 0.00000 1.00000
vt 0.00000 1.00000
vt 0.00000 1.00000
vt 0.00000 1.00000
vt 0.00000 1.00000
vt 0.00000 1.00000
vt 0.00000 1.00000
vt 0.00000 1.00000
vt 0.00000 1.00000
vt 0.00000 1.00000
vt 0.00000 1.00000
vt 0.00000 1.00000
vt 0.00000 1.00000
vt 0.00000 1.00000
vt 0.00000 1.00000
vt 0.00000 1.00000
vt 0.00000 1.00000
vt 0.00000 1.00000
vt 0.00000 1.00000
vt 0.00000 1.00000
vt 0.00000 1.00000
vt 0.00000 1.00000
vt 0.00000 1.00000
vt 0.00000 1.00000
vt 0.00000 1.00000
vt 0.00000 1.00000
vt 0.00000 1.00000
vt 0.00000 1.00000
vt 0.00000 1.00000
vt 0.00000 1.00000
vt 0.00000 1.00000
vt 0.00000 1.00000
vt 0.00000 1.00000
vt 0.00000 1.00000
vt 0.00000 1.00000
vt 0.00000 1.00000
vt 0.00000 1.00000
vt 0.00000 1.00000
vt 0.00000 1.00000
vt 0.00000 1.00000
vt 0.00000 1.00000
vt 0.00000 1.00000
vt 0.00000 1.00000
vt 0.00000 1.00000
vt 0.00000 1.00000
vt 0.00000 1.00000
vt 0.00000 1.00000
vt 0.00000 1.00000
vt 0.00000 1.00000
vt 0.00000 1.00000
vt 0.00000 1.00000
vt 0.00000 1.00000
vt 0.00000 1.00000
vt 0.00000 1.00000
vt 0.00000 1.00000
vt 0.00000 1.00000
vt 0.00000 1.00000
vt 0.00000 1.00000
vt 0.00000 1.00000
vt 0.00000 1.00000
vt 0.00000 1.00000
vt 0.00000 1.00000
vt 0.00000 1.00000
vt 0.00000 1.00000
vt 0.00000 1.00000
vt 0.00000 1.00000
vt 0.00000 1.00000
vt 0.00000 1.00000
vt 0.00000 1.00000
vt 0.00000 1.00000
vt 0.00000 1.00000
vt 0.00000 1.00000
vt 0.00000 1.00000
vt 0.00000 1.00000
vt 0.00000 1.00000
vt 0.00000 1.00000
vt 0.00000 1.00000
vt 0.00000 1.00000
vt 0.00000 1.00000
vt 0.00000 1.00000
vt 0.00000 1.00000
vt 0.00000 1.00000
vt 0.00000 1.00000
vt 0.00000 1.00000
vt 0.00000 1.00000
vt 0.00000 1.00000
vt 0.00000 1.00000
vt 0.00000 1.00000
vt 0.00000 1.00000
vt 0.00000 1.00000
vt 0.00000 1.00000
vt 0.00000 1.00000
vt 0.00000 1.00000
vt 0.00000 1.00000
vt 0.00000 1.00000
vt 0.00000 1.00000
vt 0.00000 1.00000
vt 0.00000 1.00000
vt 0.00000 1.00000
vt 0.00000 1.00000
vt 0.00000 1.00000
vt 0.00000 1.00000
vt 0.00000 1.00000
vt 0.00000 1.00000
vt 0.00000 1.00000
vt 0.00000 1.00000
vt 0.00000 1.00000
vt 0.00000 1.00000
vt 0.00000 1.00000
vt 0.00000 1.00000
vt 0.00000 1.00000
vt 0.00000 1.00000
vt 0.00000 1.00000
vt 0.00000 1.00000
vt 0.00000 1.00000
vt 0.00000 1.00000
vt 0.00000 1.00000
vt 0.00000 1.00000
vt 0.00000 1.00000
vt 0.00000 1.00000
vt 0.00000 1.00000
vt 0.00000 1.00000
vt 0.00000 1.00000
vt 0.00000 1.00000
vt 0.00000 1.00000
vt 0.00000 1.00000
vt 0.00000 1.00000
vt 0.00000 1.00000
vt 0.00000 1.00000
vt 0.00000 1.00000
vt 0.00000 1.00000
vt 0.00000 1.00000
vt 0.00000 1.00000
vt 0.00000 1.00000
vt 0.00000 1.00000
vt 0.00000 1.00000
vt 0.00000 1.00000
vt 0.00000 1.00000
vt 0.00000 1.00000
vt 0.00000 1.00000
vt 0.00000 1.00000
vt 0.00000 1.00000
vt 0.00000 1.00000
vt 0.00000 1.00000
vt 0.00000 1.00000
vt 0.00000 1.00000
vt 0.00000 1.00000
vt 0.00000 1.00000
vt 0.00000 1.00000
vt 0.00000 1.00000
vt 0.00000 1.00000
vt 0.00000 1.00000
vt 0.00000 1.00000
vt 0.00000 1.00000
vt 0.00000 1.00000
vt 0.00000 1.00000
vt 0.00000 1.00000
vt 0.00000 1.00000
vt 0.00000 1.00000
vt 0.00000 1.00000
vt 0.00000 1.00000
vt 0.00000 1.00000
vt 0.00000 1.00000
vt 0.00000 1.00000
vt 0.00000 1.00000
vt 0.00000 1.00000
vt 0.00000 1.00000
vt 0.00000 1.00000
vt 0.00000 1.00000
vt 0.00000 1.00000
vt 0.00000 1.00000
vt 0.00000 1.00000
vt 0.00000 1.00000
vt 0.00000 1.00000
vt 0.00000 1.00000
vt 0.00000 1.00000
vt 0.00000 1.00000
vt 0.00000 1.00000
vt 0.00000 1.00000
vt 0.00000 1.00000
vt 0.00000 1.00000
vt 0.00000 1.00000
vt 0.00000 1.00000
vt 0.00000 1.00000
vt 0.00000 1.00000
vt 0.00000 1.00000
vt 0.00000 1.00000
vt 0.00000 1.00000
vt 0.00000 1.00000
vt 0.00000 1.00000
vt 0.00000 1.00000
vt 0.00000 1.00000
vt 0.00000 1.00000
vt 0.00000 1.00000
vt 0.00000 1.00000
vt 0.00000 1.00000
vt 0.00000 1.00000
vt 0.00000 1.00000
vt 0.00000 1.00000
vt 0.00000 1.00000
vt 0.00000 1.00000
vt 0.00000 1.00000
vt 0.00000 1.00000
vt 0.00000 1.00000
vt 0.00000 1.00000
vt 0.00000 1.00000
vt 0.00000 1.00000
vt 0.00000 1.00000
vt 0.00000 1.00000
vt 0.00000 1.00000
vt 0.00000 1.00000
vt 0.00000 1.00000
vt 0.00000 1.00000
vt 0.00000 1.00000
vt 0.00000 1.00000
vt 0.00000 1.00000
vt 0.00000 1.00000
vt 0.00000 1.00000
vt 0.00000 1.00000
vt 0.00000 1.00000
vt 0.00000 1.00000
vt 0.00000 1.00000
vt 0.00000 1.00000
vt 0.00000 1.00000
vt 0.00000 1.00000
vt 0.00000 1.00000
vt 0.00000 1.00000
vt 0.00000 1.00000
vt 0.00000 1.00000
vt 0.00000 1.00000
vt 0.00000 1.00000
vt 0.00000 1.00000
vt 0.00000 1.00000
vt 0.00000 1.00000
vt 0.00000 1.00000
vt 0.00000 1.00000
vt 0.00000 1.00000
vt 0.00000 1.00000
vt 0.00000 1.00000
vt 0.00000 1.00000
vt 0.00000 1.00000
vt 0.00000 1.00000
vt 0.00000 1.00000
vt 0.00000 1.00000
vt 0.00000 1.00000
vt 0.00000 1.00000
vt 0.00000 1.00000
vt 0.00000 1.00000
vt 0.00000 1.00000
vt 0.00000 1.00000
vt 0.00000 1.00000
vt 0.00000 1.00000
vt 0.00000 1.00000
vt 0.00000 1.00000
vt 0.00000 1.00000
vt 0.00000 1.00000
vt 0.00000 1.00000
vt 0.00000 1.00000
vt 0.00000 1.00000
vt 0.00000 1.00000
vt 0.00000 1.00000
vt 0.00000 1.00000
vt 0.00000 1.00000
vt 0.00000 1.00000
vt 0.00000 1.00000
vt 0.00000 1.00000
vt 0.00000 1.00000
vt 0.00000 1.00000
vt 0.00000 1.00000
vt 0.00000 1.00000
vt 0.00000 1.00000
vt 0.00000 1.00000
vt 0.00000 1.00000
vt 0.00000 1.00000
vt 0.00000 1.00000
vt 0.00000 1.00000
vt 0.00000 1.00000
vt 0.00000 1.00000
vt 0.00000 1.00000
vt 0.00000 1.00000
vt 0.00000 1.00000
vt 0.00000 1.00000
vt 0.00000 1.00000
vt 0.00000 1.00000
vt 0.00000 1.00000
vt 0.00000 1.00000
vt 0.00000 1.00000
vt 0.00000 1.00000
vt 0.00000 1.00000
vt 0.00000 1.00000
vt 0.00000 1.00000
vt 0.00000 1.00000
vt 0.00000 1.00000
vt 0.00000 1.00000
vt 0.00000 1.00000
vt 0.00000 1.00000
vt 0.00000 1.00000
vt 0.00000 1.00000
vt 0.00000 1.00000
vt 0.00000 1.00000
vt 0.00000 1.00000
vt 0.00000 1.00000
vt 0.00000 1.00000
vt 0.00000 1.00000
vt 0.00000 1.00000
vt 0.00000 1.00000
vt 0.00000 1.00000
vt 0.00000 1.00000
vt 0.00000 1.00000
vt 0.00000 1.00000
vt 0.00000 1.00000
vt 0.00000 1.00000
vt 0.00000 1.00000
vt 0.00000 1.00000
vt 0.00000 1.00000
vt 0.00000 1.00000
vt 0.00000 1.00000
vt 0.00000 1.00000
vt 0.00000 1.00000
vt 0.00000 1.00000
vt 0.00000 1.00000
vt 0.00000 1.00000
vt 0.00000 1.00000
vt 0.00000 1.00000
vt 0.00000 1.00000
vt 0.00000 1.00000
vt 0.00000 1.00000
vt 0.00000 1.00000
vt 0.00000 1.00000
vt 0.00000 1.00000
vt 0.00000 1.00000
vt 0.00000 1.00000
vt 0.00000 1.00000
vt 0.00000 1.00000
vt 0.00000 1.00000
vt 0.00000 1.00000
vt 0.00000 1.00000
vt 0.00000 1.00000
vt 0.00000 1.00000
vt 0.00000 1.00000
vt 0.00000 1.00000
vt 0.00000 1.00000
vt 0.00000 1.00000
vt 0.00000 1.00000
vt 0.00000 1.00000
vt 0.00000 1.00000
vt 0.00000 1.00000
vt 0.00000 1.00000
vt 0.00000 1.00000
vt 0.00000 1.00000
vt 0.00000 1.00000
vt 0.00000 1.00000
vt 0.00000 1.00000
vt 0.00000 1.00000
vt 0.00000 1.00000
vt 0.00000 1.00000
vt 0.00000 1.00000
vt 0.00000 1.00000
vt 0.00000 1.00000
vt 0.00000 1.00000
vt 0.00000 1.00000
vt 0.00000 1.00000
vt 0.00000 1.00000
vt 0.00000 1.00000
vt 0.00000 1.00000
vt 0.00000 1.00000
vt 0.00000 1.00000
vt 0.00000 1.00000
vt 0.00000 1.00000
vt 0.00000 1.00000
vt 0.00000 1.00000
vt 0.00000 1.00000
vt 0.00000 1.00000
vt 0.00000 1.00000
vt 0.00000 1.00000
vt 0.00000 1.00000
vt 0.00000 1.00000
vt 0.00000 1.00000
vt 0.00000 1.00000
vt 0.00000 1.00000
vt 0.00000 1.00000
vt 0.00000 1.00000
vt 0.00000 1.00000
vt 0.00000 1.00000
vt 0.00000 1.00000
vt 0.00000 1.00000
vt 0.00000 1.00000
vt 0.00000 1.00000
vt 0.00000 1.00000
vt 0.00000 1.00000
vt 0.00000 1.00000
vt 0.00000 1.00000
vt 0.00000 1.00000
vt 0.00000 1.00000
vt 0.00000 1.00000
vt 0.00000 1.00000
vt 0.00000 1.00000
vt 0.00000 1.00000
vt 0.00000 1.00000
vt 0.00000 1.00000
vt 0.00000 1.00000
vt 0.00000 1.00000
vt 0.00000 1.00000
vt 0.00000 1.00000
vt 0.00000 1.00000
vt 0.00000 1.00000
vt 0.00000 1.00000
vt 0.00000 1.00000
vt 0.00000 1.00000
vt 0.00000 1.00000
vt 0.00000 1.00000
vt 0.00000 1.00000
vt 0.00000 1.00000
vt 0.00000 1.00000
vt 0.00000 1.00000
vt 0.00000 1.00000
vt 0.00000 1.00000
vt 0.00000 1.00000
vt 0.00000 1.00000
vt 0.00000 1.00000
vt 0.00000 1.00000
vt 0.00000 1.00000
vt 0.00000 1.00000
vt 0.00000 1.00000
vt 0.00000 1.00000
vt 0.00000 1.00000
vt 0.00000 1.00000
vt 0.00000 1.00000
vt 0.00000 1.00000
vt 0.00000 1.00000
vt 0.00000 1.00000
vt 0.00000 1.00000
vt 0.00000 1.00000
vt 0.00000 1.00000
vt 0.00000 1.00000
vt 0.00000 1.00000
vt 0.00000 1.00000
vt 0.00000 1.00000
vt 0.00000 1.00000
vt 0.00000 1.00000
vt 0.00000 1.00000
vt 0.00000 1.00000
vt 0.00000 1.00000
vt 0.00000 1.00000
vt 0.00000 1.00000
vt 0.00000 1.00000
vt 0.00000 1.00000
vt 0.00000 1.00000
vt 0.00000 1.00000
vt 0.00000 1.00000
vt 0.00000 1.00000
vt 0.00000 1.00000
vt 0.00000 1.00000
vt 0.00000 1.00000
vt 0.00000 1.00000
vt 0.00000 1.00000
vt 0.00000 1.00000
vt 0.00000 1.00000
vt 0.00000 1.00000
vt 0.00000 1.00000
vt 0.00000 1.00000
vt 0.00000 1.00000
vt 0.00000 1.00000
vt 0.00000 1.00000
vt 0.00000 1.00000
vt 0.00000 1.00000
vt 0.00000 1.00000
vt 0.00000 1.00000
vt 0.00000 1.00000
vt 0.00000 1.00000
vt 0.00000 1.00000
vt 0.00000 1.00000
vt 0.00000 1.00000
vt 0.00000 1.00000
vt 0.00000 1.00000
vt 0.00000 1.00000
vt 0.00000 1.00000
vt 0.00000 1.00000
vt 0.00000 1.00000
vt 0.00000 1.00000
vt 0.00000 1.00000
vt 0.00000 1.00000
vt 0.00000 1.00000
vt 0.00000 1.00000
vt 0.00000 1.00000
vt 0.00000 1.00000
vt 0.00000 1.00000
vt 0.00000 1.00000
vt 0.00000 1.00000
vt 0.00000 1.00000
vt 0.00000 1.00000
vt 0.00000 1.00000
vt 0.00000 1.00000
vt 0.00000 1.00000
vt 0.00000 1.00000
vt 0.00000 1.00000
vt 0.00000 1.00000
vt 0.00000 1.00000
vt 0.00000 1.00000
vt 0.00000 1.00000
vt 0.00000 1.00000
vt 0.00000 1.00000
vt 0.00000 1.00000
vt 0.00000 1.00000
vt 0.00000 1.00000
vt 0.00000 1.00000
vt 0.00000 1.00000
vt 0.00000 1.00000
vt 0.00000 1.00000
vt 0.00000 1.00000
vt 0.00000 1.00000
vt 0.00000 1.00000
vt 0.00000 1.00000
vt 0.00000 1.00000
vt 0.00000 1.00000
vt 0.00000 1.00000
vt 0.00000 1.00000
vt 0.00000 1.00000
vt 0.00000 1.00000
vt 0.00000 1.00000
vt 0.00000 1.00000
vt 0.00000 1.00000
vt 0.00000 1.00000
vt 0.00000 1.00000
vt 0.00000 1.00000
vt 0.00000 1.00000
vt 0.00000 1.00000
vt 0.00000 1.00000
vt 0.00000 1.00000
vt 0.00000 1.00000
vt 0.00000 1.00000
vt 0.00000 1.00000
vt 0.00000 1.00000
vt 0.00000 1.00000
vt 0.00000 1.00000
vt 0.00000 1.00000
vt 0.00000 1.00000
vt 0.00000 1.00000
vt 0.00000 1.00000
vt 0.00000 1.00000
vt 0.00000 1.00000
vt 0.00000 1.00000
vt 0.00000 1.00000
vt 0.00000 1.00000
vt 0.00000 1.00000
vt 0.00000 1.00000
vt 0.00000 1.00000
vt 0.00000 1.00000
vt 0.00000 1.00000
vt 0.00000 1.00000
vt 0.00000 1.00000
vt 0.00000 1.00000
vt 0.00000 1.00000
vt 0.00000 1.00000
vt 0.00000 1.00000
vt 0.00000 1.00000
vt 0.00000 1.00000
vt 0.00000 1.00000
vt 0.00000 1.00000
vt 0.00000 1.00000
vt 0.00000 1.00000
vt 0.00000 1.00000
vt 0.00000 1.00000
vt 0.00000 1.00000
vt 0.00000 1.00000
vt 0.00000 1.00000
vt 0.00000 1.00000
vt 0.00000 1.00000
vt 0.00000 1.00000
vt 0.00000 1.00000
vt 0.00000 1.00000
vt 0.00000 1.00000
vt 0.00000 1.00000
vt 0.00000 1.00000
vt 0.00000 1.00000
vt 0.00000 1.00000
vt 0.00000 1.00000
vt 0.00000 1.00000
vt 0.00000 1.00000
vt 0.00000 1.00000
vt 0.00000 1.00000
vt 0.00000 1.00000
vt 0.00000 1.00000
vt 0.00000 1.00000
vt 0.00000 1.00000
vt 0.00000 1.00000
vt 0.00000 1.00000
vt 0.00000 1.00000
vt 0.00000 1.00000
vt 0.00000 1.00000
vt 0.00000 1.00000
vt 0.00000 1.00000
vt 0.00000 1.00000
vt 0.00000 1.00000
vt 0.00000 1.00000
vt 0.00000 1.00000
vt 0.00000 1.00000
vt 0.00000 1.00000
vt 0.00000 1.00000
vt 0.00000 1.00000
vt 0.00000 1.00000
vt 0.00000 1.00000
vt 0.00000 1.00000
vt 0.00000 1.00000
vt 0.00000 1.00000
vt 0.00000 1.00000
vt 0.00000 1.00000
vt 0.00000 1.00000
vt 0.00000 1.00000
vt 0.00000 1.00000
vt 0.00000 1.00000
vt 0.00000 1.00000
vt 0.00000 1.00000
vt 0.00000 1.00000
vt 0.00000 1.00000
vt 0.00000 1.00000
vt 0.00000 1.00000
vt 0.00000 1.00000
vt 0.00000 1.00000
vt 0.00000 1.00000
vt 0.00000 1.00000
vt 0.00000 1.00000
vt 0.00000 1.00000
vt 0.00000 1.00000
vt 0.00000 1.00000
vt 0.00000 1.00000
vt 0.00000 1.00000
vt 0.00000 1.00000
vt 0.00000 1.00000
vt 0.00000 1.00000
vt 0.00000 1.00000
vt 0.00000 1.00000
vt 0.00000 1.00000
vt 0.00000 1.00000
vt 0.00000 1.00000
vt 0.00000 1.00000
vt 0.00000 1.00000
vt 0.00000 1.00000
vt 0.00000 1.00000
vt 0.00000 1.00000
vt 0.00000 1.00000
vt 0.00000 1.00000
vt 0.00000 1.00000
vt 0.00000 1.00000
vt 0.00000 1.00000
vt 0.00000 1.00000
vt 0.00000 1.00000
vt 0.00000 1.00000
vt 0.00000 1.00000
vt 0.00000 1.00000
vt 0.00000 1.00000
vt 0.00000 1.00000
vt 0.00000 1.00000
vt 0.00000 1.00000
vt 0.00000 1.00000
vt 0.00000 1.00000
vt 0.00000 1.00000
vt 0.00000 1.00000
vt 0.00000 1.00000
vt 0.00000 1.00000
vt 0.00000 1.00000
vt 0.00000 1.00000
vt 0.00000 1.00000
vt 0.00000 1.00000
vt 0.00000 1.00000
vt 0.00000 1.00000
vt 0.00000 1.00000
vt 0.00000 1.00000
vt 0.00000 1.00000
vt 0.00000 1.00000
vt 0.00000 1.00000
vt 0.00000 1.00000
vt 0.00000 1.00000
vt 0.00000 1.00000
vt 0.00000 1.00000
vt 0.00000 1.00000
vt 0.00000 1.00000
vt 0.00000 1.00000
vt 0.00000 1.00000
vt 0.00000 1.00000
vt 0.00000 1.00000
vt 0.00000 1.00000
vt 0.00000 1.00000
vt 0.00000 1.00000
vt 0.00000 1.00000
vt 0.00000 1.00000
vt 0.00000 1.00000
vt 0.00000 1.00000
vt 0.00000 1.00000
vt 0.00000 1.00000
vt 0.00000 1.00000
vt 0.00000 1.00000
vt 0.00000 1.00000
vt 0.00000 1.00000
vt 0.00000 1.00000
vt 0.00000 1.00000
vt 0.00000 1.00000
vt 0.00000 1.00000
vt 0.00000 1.00000
vt 0.00000 1.00000
vt 0.00000 1.00000
vt 0.00000 1.00000
vt 0.00000 1.00000
vt 0.00000 1.00000
vt 0.00000 1.00000
vt 0.00000 1.00000
vt 0.00000 1.00000
vt 0.00000 1.00000
vt 0.00000 1.00000
vt 0.00000 1.00000
vt 0.00000 1.00000
vt 0.00000 1.00000
vt 0.00000 1.00000
vt 0.00000 1.00000
vt 0.00000 1.00000
vt 0.00000 1.00000
vt 0.00000 1.00000
vt 0.00000 1.00000
vt 0.00000 1.00000
vt 0.00000 1.00000
vt 0.00000 1.00000
vt 0.00000 1.00000
vt 0.00000 1.00000
vt 0.00000 1.00000
vt 0.00000 1.00000
vt 0.00000 1.00000
vt 0.00000 1.00000
vt 0.00000 1.00000
vt 0.00000 1.00000
vt 0.00000 1.00000
vt 0.00000 1.00000
vt 0.00000 1.00000
vt 0.00000 1.00000
vt 0.00000 1.00000
vt 0.00000 1.00000
vt 0.00000 1.00000
vt 0.00000 1.00000
vt 0.00000 1.00000
vt 0.00000 1.00000
vt 0.00000 1.00000
vt 0.00000 1.00000
vt 0.00000 1.00000
vt 0.00000 1.00000
vt 0.00000 1.00000
vt 0.00000 1.00000
vt 0.00000 1.00000
vt 0.00000 1.00000
vt 0.00000 1.00000
vt 0.00000 1.00000
vt 0.00000 1.00000
vt 0.00000 1.00000
vt 0.00000 1.00000
vt 0.00000 1.00000
vt 0.00000 1.00000
vt 0.00000 1.00000
vt 0.00000 1.00000
vt 0.00000 1.00000
vt 0.00000 1.00000
vt 0.00000 1.00000
vt 0.00000 1.00000
vt 0.00000 1.00000
vt 0.00000 1.00000
vt 0.00000 1.00000
vt 0.00000 1.00000
vt 0.00000 1.00000
vt 0.00000 1.00000
vt 0.00000 1.00000
vt 0.00000 1.00000
vt 0.00000 1.00000
vt 0.00000 1.00000
vt 0.00000 1.00000
vt 0.00000 1.00000
vt 0.00000 1.00000
vt 0.00000 1.00000
vt 0.00000 1.00000
vt 0.00000 1.00000
vt 0.00000 1.00000
vt 0.00000 1.00000
vt 0.00000 1.00000
vt 0.00000 1.00000
vt 0.00000 1.00000
vt 0.00000 1.00000
vt 0.00000 1.00000
vt 0.00000 1.00000
vt 0.00000 1.00000
vt 0.00000 1.00000
vt 0.00000 1.00000
vt 0.00000 1.00000
vt 0.00000 1.00000
vt 0.00000 1.00000
vt 0.00000 1.00000
vt 0.00000 1.00000
vt 0.00000 1.00000
vt 0.00000 1.00000
vt 0.00000 1.00000
vt 0.00000 1.00000
vt 0.00000 1.00000
vt 0.00000 1.00000
vt 0.00000 1.00000
vt 0.00000 1.00000
vt 0.00000 1.00000
vt 0.00000 1.00000
vt 0.00000 1.00000
vt 0.00000 1.00000
vt 0.00000 1.00000
vt 0.00000 1.00000
vt 0.00000 1.00000
vt 0.00000 1.00000
vt 0.00000 1.00000
vt 0.00000 1.00000
vt 0.00000 1.00000
vt 0.00000 1.00000
vt 0.00000 1.00000
vt 0.00000 1.00000
vt 0.00000 1.00000
vt 0.00000 1.00000
vt 0.00000 1.00000
vt 0.00000 1.00000
vt 0.00000 1.00000
vt 0.00000 1.00000
vt 0.00000 1.00000
vt 0.00000 1.00000
vt 0.00000 1.00000
vt 0.00000 1.00000
vt 0.00000 1.00000
vt 0.00000 1.00000
vt 0.00000 1.00000
vt 0.00000 1.00000
vt 0.00000 1.00000
vt 0.00000 1.00000
vt 0.00000 1.00000
vt 0.00000 1.00000
vt 0.00000 1.00000
vt 0.00000 1.00000
vt 0.00000 1.00000
vt 0.00000 1.00000
vt 0.00000 1.00000
vt 0.00000 1.00000
vt 0.00000 1.00000
vt 0.00000 1.00000
vt 0.00000 1.00000
vt 0.00000 1.00000
vt 0.00000 1.00000
vt 0.00000 1.00000
vt 0.00000 1.00000
vt 0.00000 1.00000
vt 0.00000 1.00000
vt 0.00000 1.00000
vt 0.00000 1.00000
vt 0.00000 1.00000
vt 0.00000 1.00000
vt 0.00000 1.00000
vt 0.00000 1.00000
vt 0.00000 1.00000
vt 0.00000 1.00000
vt 0.00000 1.00000
vt 0.00000 1.00000
vt 0.00000 1.00000
vt 0.00000 1.00000
vt 0.00000 1.00000
vt 0.00000 1.00000
vt 0.00000 1.00000
vt 0.00000 1.00000
vt 0.00000 1.00000
vt 0.00000 1.00000
vt 0.00000 1.00000
vt 0.00000 1.00000
vt 0.00000 1.00000
vt 0.00000 1.00000
vt 0.00000 1.00000
vt 0.00000 1.00000
vt 0.00000 1.00000
vt 0.00000 1.00000
vt 0.00000 1.00000
vt 0.00000 1.00000
vt 0.00000 1.00000
vt 0.00000 1.00000
vt 0.00000 1.00000
vt 0.00000 1.00000
vt 0.00000 1.00000
vt 0.00000 1.00000
vt 0.00000 1.00000
vt 0.00000 1.00000
vt 0.00000 1.00000
vt 0.00000 1.00000
vt 0.00000 1.00000
vt 0.00000 1.00000
vt 0.00000 1.00000
vt 0.00000 1.00000
vt 0.00000 1.00000
vt 0.00000 1.00000
vt 0.00000 1.00000
vt 0.00000 1.00000
vt 0.00000 1.00000
vt 0.00000 1.00000
vt 0.00000 1.00000
vt 0.00000 1.00000
vt 0.00000 1.00000
vt 0.00000 1.00000
vt 0.00000 1.00000
vt 0.00000 1.00000
vt 0.00000 1.00000
vt 0.00000 1.00000
vt 0.00000 1.00000
vt 0.00000 1.00000
vt 0.00000 1.00000
vt 0.00000 1.00000
vt 0.00000 1.00000
vt 0.00000 1.00000
vt 0.00000 1.00000
vt 0.00000 1.00000
vt 0.00000 1.00000
vt 0.00000 1.00000
vt 0.00000 1.00000
vt 0.00000 1.00000
vt 0.00000 1.00000
vt 0.00000 1.00000
vt 0.00000 1.00000
vt 0.00000 1.00000
vt 0.00000 1.00000
vt 0.00000 1.00000
vt 0.00000 1.00000
vt 0.00000 1.00000
vt 0.00000 1.00000
vt 0.00000 1.00000
vt 0.00000 1.00000
vt 0.00000 1.00000
vt 0.00000 1.00000
vt 0.00000 1.00000
vt 0.00000 1.00000
vt 0.00000 1.00000
vt 0.00000 1.00000
vt 0.00000 1.00000
vt 0.00000 1.00000
vt 0.00000 1.00000
vt 0.00000 1.00000
vt 0.00000 1.00000
vt 0.00000 1.00000
vt 0.00000 1.00000
vt 0.00000 1.00000
vt 0.00000 1.00000
vt 0.00000 1.00000
vt 0.00000 1.00000
vt 0.00000 1.00000
vt 0.00000 1.00000
vt 0.00000 1.00000
vt 0.00000 1.00000
vt 0.00000 1.00000
vt 0.00000 1.00000
vt 0.00000 1.00000
vt 0.00000 1.00000
vt 0.00000 1.00000
vt 0.00000 1.00000
vt 0.00000 1.00000
vt 0.00000 1.00000
vt 0.00000 1.00000
vt 0.00000 1.00000
vt 0.00000 1.00000
vt 0.00000 1.00000
vt 0.00000 1.00000
vt 0.00000 1.00000
vt 0.00000 1.00000
vt 0.00000 1.00000
vt 0.00000 1.00000
vt 0.00000 1.00000
vt 0.00000 1.00000
vt 0.00000 1.00000
vt 0.00000 1.00000
vt 0.00000 1.00000
vt 0.00000 1.00000
vt 0.00000 1.00000
vt 0.00000 1.00000
vt 0.00000 1.00000
vt 0.00000 1.00000
vt 0.00000 1.00000
vt 0.00000 1.00000
vt 0.00000 1.00000
vt 0.00000 1.00000
vt 0.00000 1.00000
vt 0.00000 1.00000
vt 0.00000 1.00000
vt 0.00000 1.00000
vt 0.00000 1.00000
vt 0.00000 1.00000
vt 0.00000 1.00000
vt 0.00000 1.00000
vt 0.00000 1.00000
vt 0.00000 1.00000
vt 0.00000 1.00000
vt 0.00000 1.00000
vt 0.00000 1.00000
vt 0.00000 1.00000
vt 0.00000 1.00000
vt 0.00000 1.00000
vt 0.00000 1.00000
vt 0.00000 1.00000
vt 0.00000 1.00000
vt 0.00000 1.00000
vt 0.00000 1.00000
vt 0.00000 1.00000
vt 0.00000 1.00000
vt 0.00000 1.00000
vt 0.00000 1.00000
vt 0.00000 1.00000
vt 0.00000 1.00000
vt 0.00000 1.00000
vt 0.00000 1.00000
vt 0.00000 1.00000
vt 0.00000 1.00000
vt 0.00000 1.00000
vt 0.00000 1.00000
vt 0.00000 1.00000
vt 0.00000 1.00000
vt 0.00000 1.00000
vt 0.00000 1.00000
vt 0.00000 1.00000
vt 0.00000 1.00000
vt 0.00000 1.00000
vt 0.00000 1.00000
vt 0.00000 1.00000
vt 0.00000 1.00000
vt 0.00000 1.00000
vt 0.00000 1.00000
vt 0.00000 1.00000
vt 0.00000 1.00000
vt 0.00000 1.00000
vt 0.00000 1.00000
vt 0.00000 1.00000
vt 0.00000 1.00000
vt 0.00000 1.00000
vt 0.00000 1.00000
vt 0.00000 1.00000
vt 0.00000 1.00000
vt 0.00000 1.00000
vt 0.00000 1.00000
vt 0.00000 1.00000
vt 0.00000 1.00000
vt 0.00000 1.00000
vt 0.00000 1.00000
vt 0.00000 1.00000
vt 0.00000 1.00000
vt 0.00000 1.00000
vt 0.00000 1.00000
vt 0.00000 1.00000
vt 0.00000 1.00000
vt 0.00000 1.00000
vt 0.00000 1.00000
vt 0.00000 1.00000
vt 0.00000 1.00000
vt 0.00000 1.00000
vt 0.00000 1.00000
vt 0.00000 1.00000
vt 0.00000 1.00000
vt 0.00000 1.00000
vt 0.00000 1.00000
vt 0.00000 1.00000
vt 0.00000 1.00000
vt 0.00000 1.00000
vt 0.00000 1.00000
vt 0.00000 1.00000
vt 0.00000 1.00000
vt 0.00000 1.00000
vt 0.00000 1.00000
vt 0.00000 1.00000
vt 0.00000 1.00000
vt 0.00000 1.00000
vt 0.00000 1.00000
vt 0.00000 1.00000
vt 0.00000 1.00000
vt 0.00000 1.00000
vt 0.00000 1.00000
vt 0.00000 1.00000
vt 0.00000 1.00000
vt 0.00000 1.00000
vt 0.00000 1.00000
vt 0.00000 1.00000
vt 0.00000 1.00000
vt 0.00000 1.00000
vt 0.00000 1.00000
vt 0.00000 1.00000
vt 0.00000 1.00000
vt 0.00000 1.00000
vt 0.00000 1.00000
vt 0.00000 1.00000
vt 0.00000 1.00000
vt 0.00000 1.00000
vt 0.00000 1.00000
vt 0.00000 1.00000
vt 0.00000 1.00000
vt 0.00000 1.00000
vt 0.00000 1.00000
vt 0.00000 1.00000
vt 0.00000 1.00000
vt 0.00000 1.00000
vt 0.00000 1.00000
vt 0.00000 1.00000
vt 0.00000 1.00000
vt 0.00000 1.00000
vt 0.00000 1.00000
vt 0.00000 1.00000
vt 0.00000 1.00000
vt 0.00000 1.00000
vt 0.00000 1.00000
vt 0.00000 1.00000
vt 0.00000 1.00000
vt 0.00000 1.00000
vt 0.00000 1.00000
vt 0.00000 1.00000
vt 0.00000 1.00000
vt 0.00000 1.00000
vt 0.00000 1.00000
vt 0.00000 1.00000
vt 0.00000 1.00000
vt 0.00000 1.00000
vt 0.00000 1.00000
vt 0.00000 1.00000
vt 0.00000 1.00000
vt 0.00000 1.00000
vt 0.00000 1.00000
vt 0.00000 1.00000
vt 0.00000 1.00000
vt 0.00000 1.00000
vt 0.00000 1.00000
vt 0.00000 1.00000
vt 0.00000 1.00000
vt 0.00000 1.00000
vt 0.00000 1.00000
vt 0.00000 1.00000
vt 0.00000 1.00000
vt 0.00000 1.00000
vt 0.00000 1.00000
vt 0.00000 1.00000
vt 0.00000 1.00000
vt 0.00000 1.00000
vt 0.00000 1.00000
vt 0.00000 1.00000
vt 0.00000 1.00000
vt 0.00000 1.00000
vt 0.00000 1.00000
vt 0.00000 1.00000
vt 0.00000 1.00000
vt 0.00000 1.00000
vt 0.00000 1.00000
vt 0.00000 1.00000
vt 0.00000 1.00000
vt 0.00000 1.00000
vt 0.00000 1.00000
vt 0.00000 1.00000
vt 0.00000 1.00000
vt 0.00000 1.00000
vt 0.00000 1.00000
vt 0.00000 1.00000
vt 0.00000 1.00000
vt 0.00000 1.00000
vt 0.00000 1.00000
vt 0.00000 1.00000
vt 0.00000 1.00000
vt 0.00000 1.00000
vt 0.00000 1.00000
vt 0.00000 1.00000
vt 0.00000 1.00000
vt 0.00000 1.00000
vt 0.00000 1.00000
vt 0.00000 1.00000
vt 0.00000 1.00000
vt 0.00000 1.00000
vt 0.00000 1.00000
vt 0.00000 1.00000
vt 0.00000 1.00000
vt 0.00000 1.00000
vt 0.00000 1.00000
vt 0.00000 1.00000
vt 0.00000 1.00000
vt 0.00000 1.00000
vt 0.00000 1.00000
vt 0.00000 1.00000
vt 0.00000 1.00000
vt 0.00000 1.00000
vt 0.00000 1.00000
vt 0.00000 1.00000
vt 0.00000 1.00000
vt 0.00000 1.00000
vt 0.00000 1.00000
vt 0.00000 1.00000
vt 0.00000 1.00000
vt 0.00000 1.00000
vt 0.00000 1.00000
vt 0.00000 1.00000
vt 0.00000 1.00000
vt 0.00000 1.00000
vt 0.00000 1.00000
vt 0.00000 1.00000
vt 0.00000 1.00000
vt 0.00000 1.00000
vt 0.00000 1.00000
vt 0.00000 1.00000
vt 0.00000 1.00000
vt 0.00000 1.00000
vt 0.00000 1.00000
vt 0.00000 1.00000
vt 0.00000 1.00000
vt 0.00000 1.00000
vt 0.00000 1.00000
vt 0.00000 1.00000
vt 0.00000 1.00000
vt 0.00000 1.00000
vt 0.00000 1.00000
vt 0.00000 1.00000
vt 0.00000 1.00000
vt 0.00000 1.00000
vt 0.00000 1.00000
vt 0.00000 1.00000
vt 0.00000 1.00000
vt 0.00000 1.00000
vt 0.00000 1.00000
vt 0.00000 1.00000
vt 0.00000 1.00000
vt 0.00000 1.00000
vt 0.00000 1.00000
vt 0.00000 1.00000
vt 0.00000 1.00000
vt 0.00000 1.00000
vt 0.00000 1.00000
vt 0.00000 1.00000
vt 0.00000 1.00000
vt 0.00000 1.00000
vt 0.00000 1.00000
vt 0.00000 1.00000
vt 0.00000 1.00000
vt 0.00000 1.00000
vt 0.00000 1.00000
vt 0.00000 1.00000
vt 0.00000 1.00000
vt 0.00000 1.00000
vt 0.00000 1.00000
vt 0.00000 1.00000
vt 0.00000 1.00000
vt 0.00000 1.00000
vt 0.00000 1.00000
vt 0.00000 1.00000
vt 0.00000 1.00000
vt 0.00000 1.00000
vt 0.00000 1.00000
vt 0.00000 1.00000
vt 0.00000 1.00000
vt 0.00000 1.00000
vt 0.00000 1.00000
vt 0.00000 1.00000
vt 0.00000 1.00000
vt 0.00000 1.00000
vt 0.00000 1.00000
vt 0.00000 1.00000
vt 0.00000 1.00000
vt 0.00000 1.00000
vt 0.00000 1.00000
vt 0.00000 1.00000
vt 0.00000 1.00000
vt 0.00000 1.00000
vt 0.00000 1.00000
vt 0.00000 1.00000
vt 0.00000 1.00000
vt 0.00000 1.00000
vt 0.00000 1.00000
vt 0.00000 1.00000
vt 0.00000 1.00000
vt 0.00000 1.00000
vt 0.00000 1.00000
vt 0.00000 1.00000
vt 0.00000 1.00000
vt 0.00000 1.00000
vt 0.00000 1.00000
vt 0.00000 1.00000
vt 0.00000 1.00000
vt 0.00000 1.00000
vt 0.00000 1.00000
vt 0.00000 1.00000
vt 0.00000 1.00000
vt 0.00000 1.00000
vt 0.00000 1.00000
vt 0.00000 1.00000
vt 0.00000 1.00000
vt 0.00000 1.00000
vt 0.00000 1.00000
vt 0.00000 1.00000
vt 0.00000 1.00000
vt 0.00000 1.00000
vt 0.00000 1.00000
vt 0.00000 1.00000
vt 0.00000 1.00000
vt 0.00000 1.00000
vt 0.00000 1.00000
vt 0.00000 1.00000
vt 0.00000 1.00000
vt 0.00000 1.00000
vt 0.00000 1.00000
vt 0.00000 1.00000
vt 0.00000 1.00000
vt 0.00000 1.00000
vt 0.00000 1.00000
vt 0.00000 1.00000
vt 0.00000 1.00000
vt 0.00000 1.00000
vt 0.00000 1.00000
vt 0.00000 1.00000
vt 0.00000 1.00000
vt 0.00000 1.00000
vt 0.00000 1.00000
vt 0.00000 1.00000
vt 0.00000 1.00000
vt 0.00000 1.00000
vt 0.00000 1.00000
vt 0.00000 1.00000
vt 0.00000 1.00000
vt 0.00000 1.00000
vt 0.00000 1.00000
vt 0.00000 1.00000
vt 0.00000 1.00000
vt 0.00000 1.00000
vt 0.00000 1.00000
vt 0.00000 1.00000
vt 0.00000 1.00000
vt 0.00000 1.00000
vt 0.00000 1.00000
vt 0.00000 1.00000
vt 0.00000 1.00000
vt 0.00000 1.00000
vt 0.00000 1.00000
vt 0.00000 1.00000
vt 0.00000 1.00000
vt 0.00000 1.00000
vt 0.00000 1.00000
vt 0.00000 1.00000
vt 0.00000 1.00000
vt 0.00000 1.00000
vt 0.00000 1.00000
vt 0.00000 1.00000
vt 0.00000 1.00000
vt 0.00000 1.00000
vt 0.00000 1.00000
vt 0.00000 1.00000
vt 0.00000 1.00000
vt 0.00000 1.00000
vt 0.00000 1.00000
vt 0.00000 1.00000
vt 0.00000 1.00000
vt 0.00000 1.00000
vt 0.00000 1.00000
vt 0.00000 1.00000
vt 0.00000 1.00000
vt 0.00000 1.00000
vt 0.00000 1.00000
vt 0.00000 1.00000
vt 0.00000 1.00000
vt 0.00000 1.00000
vt 0.00000 1.00000
vt 0.00000 1.00000
vt 0.00000 1.00000
vt 0.00000 1.00000
vt 0.00000 1.00000
vt 0.00000 1.00000
vt 0.00000 1.00000
vt 0.00000 1.00000
vt 0.00000 1.00000
vt 0.00000 1.00000
vt 0.00000 1.00000
vt 0.00000 1.00000
vt 0.00000 1.00000
vt 0.00000 1.00000
vt 0.00000 1.00000
vt 0.00000 1.00000
vt 0.00000 1.00000
vt 0.00000 1.00000
vt 0.00000 1.00000
vt 0.00000 1.00000
vt 0.00000 1.00000
vt 0.00000 1.00000
vt 0.00000 1.00000
vt 0.00000 1.00000
vt 0.00000 1.00000
vt 0.00000 1.00000
vt 0.00000 1.00000
vt 0.00000 1.00000
vt 0.00000 1.00000
vt 0.00000 1.00000
vt 0.00000 1.00000
vt 0.00000 1.00000
vt 0.00000 1.00000
vt 0.00000 1.00000
vt 0.00000 1.00000
vt 0.00000 1.00000
vt 0.00000 1.00000
vt 0.00000 1.00000
vt 0.00000 1.00000
vt 0.00000 1.00000
vt 0.00000 1.00000
vt 0.00000 1.00000
vt 0.00000 1.00000
vt 0.00000 1.00000
vt 0.00000 1.00000
vt 0.00000 1.00000
vt 0.00000 1.00000
vt 0.00000 1.00000
vt 0.00000 1.00000
vt 0.00000 1.00000
vt 0.00000 1.00000
vt 0.00000 1.00000
vt 0.00000 1.00000
vt 0.00000 1.00000
vt 0.00000 1.00000
vt 0.00000 1.00000
vt 0.00000 1.00000
vt 0.00000 1.00000
vt 0.00000 1.00000
vt 0.00000 1.00000
vt 0.00000 1.00000
vt 0.00000 1.00000
vt 0.00000 1.00000
vt 0.00000 1.00000
vt 0.00000 1.00000
vt 0.00000 1.00000
vt 0.00000 1.00000
vt 0.00000 1.00000
vt 0.00000 1.00000
vt 0.00000 1.00000
vt 0.00000 1.00000
vt 0.00000 1.00000
vt 0.00000 1.00000
vt 0.00000 1.00000
vt 0.00000 1.00000
vt 0.00000 1.00000
vt 0.00000 1.00000
vt 0.00000 1.00000
vt 0.00000 1.00000
vt 0.00000 1.00000
vt 0.00000 1.00000
vt 0.00000 1.00000
vt 0.00000 1.00000
vt 0.00000 1.00000
vt 0.00000 1.00000
vt 0.00000 1.00000
vt 0.00000 1.00000
vt 0.00000 1.00000
vt 0.00000 1.00000
vt 0.00000 1.00000
vt 0.00000 1.00000
vt 0.00000 1.00000
vt 0.00000 1.00000
vt 0.00000 1.00000
vt 0.00000 1.00000
vt 0.00000 1.00000
vt 0.00000 1.00000
vt 0.00000 1.00000
vt 0.00000 1.00000
vt 0.00000 1.00000
vt 0.00000 1.00000
vt 0.00000 1.00000
vt 0.00000 1.00000
vt 0.00000 1.00000
vt 0.00000 1.00000
vt 0.00000 1.00000
vt 0.00000 1.00000
vt 0.00000 1.00000
vt 0.00000 1.00000
vt 0.00000 1.00000
vt 0.00000 1.00000
vt 0.00000 1.00000
vt 0.00000 1.00000
vt 0.00000 1.00000
vt 0.00000 1.00000
vt 0.00000 1.00000
vt 0.00000 1.00000
vt 0.00000 1.00000
vt 0.00000 1.00000
vt 0.00000 1.00000
vt 0.00000 1.00000
vt 0.00000 1.00000
vt 0.00000 1.00000
vt 0.00000 1.00000
vt 0.00000 1.00000
vt 0.00000 1.00000
vt 0.00000 1.00000
vt 0.00000 1.00000
vt 0.00000 1.00000
vt 0.00000 1.00000
vt 0.00000 1.00000
vt 0.00000 1.00000
vt 0.00000 1.00000
vt 0.00000 1.00000
vt 0.00000 1.00000
vt 0.00000 1.00000
vt 0.00000 1.00000
vt 0.00000 1.00000
vt 0.00000 1.00000
vt 0.00000 1.00000
vt 0.00000 1.00000
vt 0.00000 1.00000
vt 0.00000 1.00000
vt 0.00000 1.00000
vt 0.00000 1.00000
vt 0.00000 1.00000
vt 0.00000 1.00000
vt 0.00000 1.00000
vt 0.00000 1.00000
vt 0.00000 1.00000
vt 0.00000 1.00000
vt 0.00000 1.00000
vt 0.00000 1.00000
vt 0.00000 1.00000
vt 0.00000 1.00000
vt 0.00000 1.00000
vt 0.00000 1.00000
vt 0.00000 1.00000
vt 0.00000 1.00000
vt 0.00000 1.00000
vt 0.00000 1.00000
vt 0.00000 1.00000
vt 0.00000 1.00000
vt 0.00000 1.00000
vt 0.00000 1.00000
vt 0.00000 1.00000
vt 0.00000 1.00000
vt 0.00000 1.00000
vt 0.00000 1.00000
vt 0.00000 1.00000
vt 0.00000 1.00000
vt 0.00000 1.00000
vt 0.00000 1.00000
vt 0.00000 1.00000
vt 0.00000 1.00000
vt 0.00000 1.00000
vt 0.00000 1.00000
vt 0.00000 1.00000
vt 0.00000 1.00000
vt 0.00000 1.00000
vt 0.00000 1.00000
vt 0.00000 1.00000
vt 0.00000 1.00000
vt 0.00000 1.00000
vt 0.00000 1.00000
vt 0.00000 1.00000
vt 0.00000 1.00000
vt 0.00000 1.00000
vt 0.00000 1.00000
vt 0.00000 1.00000
vt 0.00000 1.00000
vt 0.00000 1.00000
vt 0.00000 1.00000
vt 0.00000 1.00000
vt 0.00000 1.00000
vt 0.00000 1.00000
vt 0.00000 1.00000
vt 0.00000 1.00000
vt 0.00000 1.00000
vt 0.00000 1.00000
vt 0.00000 1.00000
vt 0.00000 1.00000
vt 0.00000 1.00000
vt 0.00000 1.00000
vt 0.00000 1.00000
vt 0.00000 1.00000
vt 0.00000 1.00000
vt 0.00000 1.00000
vt 0.00000 1.00000
vt 0.00000 1.00000
vt 0.00000 1.00000
vt 0.00000 1.00000
vt 0.00000 1.00000
vt 0.00000 1.00000
vt 0.00000 1.00000
vt 0.00000 1.00000
vt 0.00000 1.00000
vt 0.00000 1.00000
vt 0.00000 1.00000
vt 0.00000 1.00000
vt 0.00000 1.00000
vt 0.00000 1.00000
vt 0.00000 1.00000
vt 0.00000 1.00000
vt 0.00000 1.00000
vt 0.00000 1.00000
vt 0.00000 1.00000
vt 0.00000 1.00000
vt 0.00000 1.00000
vt 0.00000 1.00000
vt 0.00000 1.00000
vt 0.00000 1.00000
vt 0.00000 1.00000
vt 0.00000 1.00000
vt 0.00000 1.00000
vt 0.00000 1.00000
vt 0.00000 1.00000
vt 0.00000 1.00000
vt 0.00000 1.00000
vt 0.00000 1.00000
vt 0.00000 1.00000
vt 0.00000 1.00000
vt 0.00000 1.00000
vt 0.00000 1.00000
vt 0.00000 1.00000
vt 0.00000 1.00000
vt 0.00000 1.00000
vt 0.00000 1.00000
vt 0.00000 1.00000
vt 0.00000 1.00000
vt 0.00000 1.00000
vt 0.00000 1.00000
vt 0.00000 1.00000
vt 0.00000 1.00000
vt 0.00000 1.00000
vt 0.00000 1.00000
vt 0.00000 1.00000
vt 0.00000 1.00000
vt 0.00000 1.00000
vt 0.00000 1.00000
vt 0.00000 1.00000
vt 0.00000 1.00000
vt 0.00000 1.00000
vt 0.00000 1.00000
vt 0.00000 1.00000
vt 0.00000 1.00000
vt 0.00000 1.00000
vt 0.00000 1.00000
vt 0.00000 1.00000
vt 0.00000 1.00000
vt 0.00000 1.00000
vt 0.00000 1.00000
vt 0.00000 1.00000
vt 0.00000 1.00000
vt 0.00000 1.00000
vt 0.00000 1.00000
vt 0.00000 1.00000
vt 0.00000 1.00000
vt 0.00000 1.00000
vt 0.00000 1.00000
vt 0.00000 1.00000
vt 0.00000 1.00000
vt 0.00000 1.00000
vt 0.00000 1.00000
vt 0.00000 1.00000
vt 0.00000 1.00000
vt 0.00000 1.00000
vt 0.00000 1.00000
vt 0.00000 1.00000
vt 0.00000 1.00000
vt 0.00000 1.00000
vt 0.00000 1.00000
vt 0.00000 1.00000
vt 0.00000 1.00000
vt 0.00000 1.00000
vt 0.00000 1.00000
vt 0.00000 1.00000
vt 0.00000 1.00000
vt 0.00000 1.00000
vt 0.00000 1.00000
vt 0.00000 1.00000
vt 0.00000 1.00000
vt 0.00000 1.00000
vt 0.00000 1.00000
vt 0.00000 1.00000
vt 0.00000 1.00000
vt 0.00000 1.00000
vt 0.00000 1.00000
vt 0.00000 1.00000
vt 0.00000 1.00000
vt 0.00000 1.00000
vt 0.00000 1.00000
vt 0.00000 1.00000
vt 0.00000 1.00000
vt 0.00000 1.00000
vt 0.00000 1.00000
vt 0.00000 1.00000
vt 0.00000 1.00000
vt 0.00000 1.00000
vt 0.00000 1.00000
vt 0.00000 1.00000
vt 0.00000 1.00000
vt 0.00000 1.00000
vt 0.00000 1.00000
vt 0.00000 1.00000
vt 0.00000 1.00000
vt 0.00000 1.00000
vt 0.00000 1.00000
vt 0.00000 1.00000
vt 0.00000 1.00000
vt 0.00000 1.00000
vt 0.00000 1.00000
vt 0.00000 1.00000
vt 0.00000 1.00000
vt 0.00000 1.00000
vt 0.00000 1.00000
vt 0.00000 1.00000
vt 0.00000 1.00000
vt 0.00000 1.00000
vt 0.00000 1.00000
vt 0.00000 1.00000
vt 0.00000 1.00000
vt 0.00000 1.00000
vt 0.00000 1.00000
vt 0.00000 1.00000
vt 0.00000 1.00000
vt 0.00000 1.00000
vt 0.00000 1.00000
vt 0.00000 1.00000
vt 0.00000 1.00000
vt 0.00000 1.00000
vt 0.00000 1.00000
vt 0.00000 1.00000
vt 0.00000 1.00000
vt 0.00000 1.00000
vt 0.00000 1.00000
vt 0.00000 1.00000
vt 0.00000 1.00000
vt 0.00000 1.00000
vt 0.00000 1.00000
vt 0.00000 1.00000
vt 0.00000 1.00000
vt 0.00000 1.00000
vt 0.00000 1.00000
vt 0.00000 1.00000
vt 0.00000 1.00000
vt 0.00000 1.00000
vt 0.00000 1.00000
vt 0.00000 1.00000
vt 0.00000 1.00000
vt 0.00000 1.00000
vt 0.00000 1.00000
vt 0.00000 1.00000
vt 0.00000 1.00000
vt 0.00000 1.00000
vt 0.00000 1.00000
vt 0.00000 1.00000
vt 0.00000 1.00000
vt 0.00000 1.00000
vt 0.00000 1.00000
vt 0.00000 1.00000
vt 0.00000 1.00000
vt 0.00000 1.00000
vt 0.00000 1.00000
vt 0.00000 1.00000
vt 0.00000 1.00000
vt 0.00000 1.00000
vt 0.00000 1.00000
vt 0.00000 1.00000
vt 0.00000 1.00000
vt 0.00000 1.00000
vt 0.00000 1.00000
vt 0.00000 1.00000
vt 0.00000 1.00000
vt 0.00000 1.00000
vt 0.00000 1.00000
vt 0.00000 1.00000
vt 0.00000 1.00000
vt 0.00000 1.00000
vt 0.00000 1.00000
vt 0.00000 1.00000
vt 0.00000 1.00000
vt 0.00000 1.00000
vt 0.00000 1.00000
vt 0.00000 1.00000
vt 0.00000 1.00000
vt 0.00000 1.00000
vt 0.00000 1.00000
vt 0.00000 1.00000
vt 0.00000 1.00000
vt 0.00000 1.00000
vt 0.00000 1.00000
vt 0.00000 1.00000
vt 0.00000 1.00000
vt 0.00000 1.00000
vt 0.00000 1.00000
vt 0.00000 1.00000
vt 0.00000 1.00000
vt 0.00000 1.00000
vt 0.00000 1.00000
vt 0.00000 1.00000
vt 0.00000 1.00000
vt 0.00000 1.00000
vt 0.00000 1.00000
vt 0.00000 1.00000
vt 0.00000 1.00000
vt 0.00000 1.00000
vt 0.00000 1.00000
vt 0.00000 1.00000
vt 0.00000 1.00000
vt 0.00000 1.00000
vt 0.00000 1.00000
vt 0.00000 1.00000
vt 0.00000 1.00000
vt 0.00000 1.00000
vt 0.00000 1.00000
vt 0.00000 1.00000
vt 0.00000 1.00000
vt 0.00000 1.00000
vt 0.00000 1.00000
vt 0.00000 1.00000
vt 0.00000 1.00000
vt 0.00000 1.00000
vt 0.00000 1.00000
vt 0.00000 1.00000
vt 0.00000 1.00000
vt 0.00000 1.00000
vt 0.00000 1.00000
vt 0.00000 1.00000
vt 0.00000 1.00000
vt 0.00000 1.00000
vt 0.00000 1.00000
vt 0.00000 1.00000
vt 0.00000 1.00000
vt 0.00000 1.00000
vt 0.00000 1.00000
vt 0.00000 1.00000
vt 0.00000 1.00000
vt 0.00000 1.00000
vt 0.00000 1.00000
vt 0.00000 1.00000
vt 0.00000 1.00000
vt 0.00000 1.00000
vt 0.00000 1.00000
vt 0.00000 1.00000
vt 0.00000 1.00000
vt 0.00000 1.00000
vt 0.00000 1.00000
vt 0.00000 1.00000
vt 0.00000 1.00000
vt 0.00000 1.00000
vt 0.00000 1.00000
vt 0.00000 1.00000
vt 0.00000 1.00000
vt 0.00000 1.00000
vt 0.00000 1.00000
vt 0.00000 1.00000
vt 0.00000 1.00000
vt 0.00000 1.00000
vt 0.00000 1.00000
vt 0.00000 1.00000
vt 0.00000 1.00000
vt 0.00000 1.00000
vt 0.00000 1.00000
vt 0.00000 1.00000
vt 0.00000 1.00000
vt 0.00000 1.00000
vt 0.00000 1.00000
vt 0.00000 1.00000
vt 0.00000 1.00000
vt 0.00000 1.00000
vt 0.00000 1.00000
vt 0.00000 1.00000
vt 0.00000 1.00000
vt 0.00000 1.00000
vt 0.00000 1.00000
vt 0.00000 1.00000
vt 0.00000 1.00000
vt 0.00000 1.00000
vt 0.00000 1.00000
vt 0.00000 1.00000
vt 0.00000 1.00000
vt 0.00000 1.00000
vt 0.00000 1.00000
vt 0.00000 1.00000
vt 0.00000 1.00000
vt 0.00000 1.00000
vt 0.00000 1.00000
vt 0.00000 1.00000
vt 0.00000 1.00000
vt 0.00000 1.00000
vt 0.00000 1.00000
vt 0.00000 1.00000
vt 0.00000 1.00000
vt 0.00000 1.00000
vt 0.00000 1.00000
vt 0.00000 1.00000
vt 0.00000 1.00000
vt 0.00000 1.00000
vt 0.00000 1.00000
vt 0.00000 1.00000
vt 0.00000 1.00000
vt 0.00000 1.00000
vt 0.00000 1.00000
vt 0.00000 1.00000
vt 0.00000 1.00000
vt 0.00000 1.00000
vt 0.00000 1.00000
vt 0.00000 1.00000
vt 0.00000 1.00000
vt 0.00000 1.00000
vt 0.00000 1.00000
vt 0.00000 1.00000
vt 0.00000 1.00000
vt 0.00000 1.00000
vt 0.00000 1.00000
vt 0.00000 1.00000
vt 0.00000 1.00000
vt 0.00000 1.00000
vt 0.00000 1.00000
vt 0.00000 1.00000
vt 0.00000 1.00000
vt 0.00000 1.00000
vt 0.00000 1.00000
vt 0.00000 1.00000
vt 0.00000 1.00000
vt 0.00000 1.00000
vt 0.00000 1.00000
vt 0.00000 1.00000
vt 0.00000 1.00000
vt 0.00000 1.00000
vt 0.00000 1.00000
vt 0.00000 1.00000
vt 0.00000 1.00000
vt 0.00000 1.00000
vt 0.00000 1.00000
vt 0.00000 1.00000
vt 0.00000 1.00000
vt 0.00000 1.00000
vt 0.00000 1.00000
vt 0.00000 1.00000
vt 0.00000 1.00000
vt 0.00000 1.00000
vt 0.00000 1.00000
vt 0.00000 1.00000
vt 0.00000 1.00000
vt 0.00000 1.00000
vt 0.00000 1.00000
vt 0.00000 1.00000
vt 0.00000 1.00000
vt 0.00000 1.00000
vt 0.00000 1.00000
vt 0.00000 1.00000
vt 0.00000 1.00000
vt 0.00000 1.00000
vt 0.00000 1.00000
vt 0.00000 1.00000
vt 0.00000 1.00000
vt 0.00000 1.00000
vt 0.00000 1.00000
vt 0.00000 1.00000
vt 0.00000 1.00000
vt 0.00000 1.00000
vt 0.00000 1.00000
vt 0.00000 1.00000
vt 0.00000 1.00000
vt 0.00000 1.00000
vt 0.00000 1.00000
vt 0.00000 1.00000
vt 0.00000 1.00000
vt 0.00000 1.00000
vt 0.00000 1.00000
vt 0.00000 1.00000
vt 0.00000 1.00000
vt 0.00000 1.00000
vt 0.00000 1.00000
vt 0.00000 1.00000
vt 0.00000 1.00000
vt 0.00000 1.00000
vt 0.00000 1.00000
vt 0.00000 1.00000
vt 0.00000 1.00000
vt 0.00000 1.00000
vt 0.00000 1.00000
vt 0.00000 1.00000
vt 0.00000 1.00000
vt 0.00000 1.00000
vt 0.00000 1.00000
vt 0.00000 1.00000
vt 0.00000 1.00000
vt 0.00000 1.00000
vt 0.00000 1.00000
vt 0.00000 1.00000
vt 0.00000 1.00000
vt 0.00000 1.00000
vt 0.00000 1.00000
vt 0.00000 1.00000
vt 0.00000 1.00000
vt 0.00000 1.00000
vt 0.00000 1.00000
vt 0.00000 1.00000
vt 0.00000 1.00000
vt 0.00000 1.00000
vt 0.00000 1.00000
vt 0.00000 1.00000
vt 0.00000 1.00000
vt 0.00000 1.00000
vt 0.00000 1.00000
vt 0.00000 1.00000
vt 0.00000 1.00000
vt 0.00000 1.00000
vt 0.00000 1.00000
vt 0.00000 1.00000
vt 0.00000 1.00000
vt 0.00000 1.00000
vt 0.00000 1.00000
vt 0.00000 1.00000
vt 0.00000 1.00000
vt 0.00000 1.00000
vt 0.00000 1.00000
vt 0.00000 1.00000
vt 0.00000 1.00000
vt 0.00000 1.00000
vt 0.00000 1.00000
vt 0.00000 1.00000
vt 0.00000 1.00000
vt 0.00000 1.00000
vt 0.00000 1.00000
vt 0.00000 1.00000
vt 0.00000 1.00000
vt 0.00000 1.00000
vt 0.00000 1.00000
vt 0.00000 1.00000
vt 0.00000 1.00000
vt 0.00000 1.00000
vt 0.00000 1.00000
vt 0.00000 1.00000
vt 0.00000 1.00000
vt 0.00000 1.00000
vt 0.00000 1.00000
vt 0.00000 1.00000
vt 0.00000 1.00000
vt 0.00000 1.00000
vt 0.00000 1.00000
vt 0.00000 1.00000
vt 0.00000 1.00000
vt 0.00000 1.00000
vt 0.00000 1.00000
vt 0.00000 1.00000
vt 0.00000 1.00000
vt 0.00000 1.00000
vt 0.00000 1.00000
vt 0.00000 1.00000
vt 0.00000 1.00000
vt 0.00000 1.00000
vt 0.00000 1.00000
vt 0.00000 1.00000
vt 0.00000 1.00000
vt 0.00000 1.00000
vt 0.00000 1.00000
vt 0.00000 1.00000
vt 0.00000 1.00000
vt 0.00000 1.00000
vt 0.00000 1.00000
vt 0.00000 1.00000
vt 0.00000 1.00000
vt 0.00000 1.00000
vt 0.00000 1.00000
vt 0.00000 1.00000
vt 0.00000 1.00000
vt 0.00000 1.00000
vt 0.00000 1.00000
vt 0.00000 1.00000
vt 0.00000 1.00000
vt 0.00000 1.00000
vt 0.00000 1.00000
vt 0.00000 1.00000
vt 0.00000 1.00000
vt 0.00000 1.00000
vt 0.00000 1.00000
vt 0.00000 1.00000
vt 0.00000 1.00000
vt 0.00000 1.00000
vt 0.00000 1.00000
vt 0.00000 1.00000
vt 0.00000 1.00000
vt 0.00000 1.00000
vt 0.00000 1.00000
vt 0.00000 1.00000
vt 0.00000 1.00000
vt 0.00000 1.00000
vt 0.00000 1.00000
vt 0.00000 1.00000
vt 0.00000 1.00000
vt 0.00000 1.00000
vt 0.00000 1.00000
vt 0.00000 1.00000
vt 0.00000 1.00000
vt 0.00000 1.00000
vt 0.00000 1.00000
vt 0.00000 1.00000
vt 0.00000 1.00000
vt 0.00000 1.00000
vt 0.00000 1.00000
vt 0.00000 1.00000
vt 0.00000 1.00000
vt 0.00000 1.00000
vt 0.00000 1.00000
vt 0.00000 1.00000
vt 0.00000 1.00000
vt 0.00000 1.00000
vt 0.00000 1.00000
vt 0.00000 1.00000
vt 0.00000 1.00000
vt 0.00000 1.00000
vt 0.00000 1.00000
vt 0.00000 1.00000
vt 0.00000 1.00000
vt 0.00000 1.00000
vt 0.00000 1.00000
vt 0.00000 1.00000
vt 0.00000 1.00000
vt 0.00000 1.00000
vt 0.00000 1.00000
vt 0.00000 1.00000
vt 0.00000 1.00000
vt 0.00000 1.00000
vt 0.00000 1.00000
vt 0.00000 1.00000
vt 0.00000 1.00000
vt 0.00000 1.00000
vt 0.00000 1.00000
vt 0.00000 1.00000
vt 0.00000 1.00000
vt 0.00000 1.00000
vt 0.00000 1.00000
vt 0.00000 1.00000
vt 0.00000 1.00000
vt 0.00000 1.00000
vt 0.00000 1.00000
vt 0.00000 1.00000
vt 0.00000 1.00000
vt 0.00000 1.00000
vt 0.00000 1.00000
vt 0.00000 1.00000
vt 0.00000 1.00000
vt 0.00000 1.00000
vt 0.00000 1.00000
vt 0.00000 1.00000
vt 0.00000 1.00000
vt 0.00000 1.00000
vt 0.00000 1.00000
vt 0.00000 1.00000
vt 0.00000 1.00000
vt 0.00000 1.00000
vt 0.00000 1.00000
vt 0.00000 1.00000
vt 0.00000 1.00000
vt 0.00000 1.00000
vt 0.00000 1.00000
vt 0.00000 1.00000
vt 0.00000 1.00000
vt 0.00000 1.00000
vt 0.00000 1.00000
vt 0.00000 1.00000
vt 0.00000 1.00000
vt 0.00000 1.00000
vt 0.00000 1.00000
vt 0.00000 1.00000
vt 0.00000 1.00000
vt 0.00000 1.00000
vt 0.00000 1.00000
vt 0.00000 1.00000
vt 0.00000 1.00000
vt 0.00000 1.00000
vt 0.00000 1.00000
vt 0.00000 1.00000
vt 0.00000 1.00000
vt 0.00000 1.00000
vt 0.00000 1.00000
vt 0.00000 1.00000
vt 0.00000 1.00000
vt 0.00000 1.00000
vt 0.00000 1.00000
vt 0.00000 1.00000
vt 0.00000 1.00000
vt 0.00000 1.00000
vt 0.00000 1.00000
vt 0.00000 1.00000
vt 0.00000 1.00000
vt 0.00000 1.00000
vt 0.00000 1.00000
vt 0.00000 1.00000
vt 0.00000 1.00000
vt 0.00000 1.00000
vt 0.00000 1.00000
vt 0.00000 1.00000
vt 0.00000 1.00000
vt 0.00000 1.00000
vt 0.00000 1.00000
vt 0.00000 1.00000
vt 0.00000 1.00000
vt 0.00000 1.00000
vt 0.00000 1.00000
vt 0.00000 1.00000
vt 0.00000 1.00000
vt 0.00000 1.00000
vt 0.00000 1.00000
vt 0.00000 1.00000
vt 0.00000 1.00000
vt 0.00000 1.00000
vt 0.00000 1.00000
vt 0.00000 1.00000
vt 0.00000 1.00000
vt 0.00000 1.00000
vt 0.00000 1.00000
vt 0.00000 1.00000
vt 0.00000 1.00000
vt 0.00000 1.00000
vt 0.00000 1.00000
vt 0.00000 1.00000
vt 0.00000 1.00000
vt 0.00000 1.00000
vt 0.00000 1.00000
vt 0.00000 1.00000
vt 0.00000 1.00000
vt 0.00000 1.00000
vt 0.00000 1.00000
vt 0.00000 1.00000
vt 0.00000 1.00000
vt 0.00000 1.00000
vt 0.00000 1.00000
vt 0.00000 1.00000
vt 0.00000 1.00000
vt 0.00000 1.00000
vt 0.00000 1.00000
vt 0.00000 1.00000
vt 0.00000 1.00000
vt 0.00000 1.00000
vt 0.00000 1.00000
vt 0.00000 1.00000
vt 0.00000 1.00000
vt 0.00000 1.00000
vt 0.00000 1.00000
vt 0.00000 1.00000
vt 0.00000 1.00000
vt 0.00000 1.00000
vt 0.00000 1.00000
vt 0.00000 1.00000
vt 0.00000 1.00000
vt 0.00000 1.00000
vt 0.00000 1.00000
vt 0.00000 1.00000
vt 0.00000 1.00000
vt 0.00000 1.00000
vt 0.00000 1.00000
vt 0.00000 1.00000
vt 0.00000 1.00000
vt 0.00000 1.00000
vt 0.00000 1.00000
vt 0.00000 1.00000
vt 0.00000 1.00000
vt 0.00000 1.00000
vt 0.00000 1.00000
vt 0.00000 1.00000
vt 0.00000 1.00000
vt 0.00000 1.00000
vt 0.00000 1.00000
vt 0.00000 1.00000
vt 0.00000 1.00000
vt 0.00000 1.00000
vt 0.00000 1.00000
vt 0.00000 1.00000
vt 0.00000 1.00000
vt 0.00000 1.00000
vt 0.00000 1.00000
vt 0.00000 1.00000
vt 0.00000 1.00000
vt 0.00000 1.00000
vt 0.00000 1.00000
vt 0.00000 1.00000
vt 0.00000 1.00000
vt 0.00000 1.00000
vt 0.00000 1.00000
vt 0.00000 1.00000
vt 0.00000 1.00000
vt 0.00000 1.00000
vt 0.00000 1.00000
vt 0.00000 1.00000
vt 0.00000 1.00000
vt 0.00000 1.00000
vt 0.00000 1.00000
vt 0.00000 1.00000
vt 0.00000 1.00000
vt 0.00000 1.00000
vt 0.00000 1.00000
vt 0.00000 1.00000
vt 0.00000 1.00000
vt 0.00000 1.00000
vt 0.00000 1.00000
vt 0.00000 1.00000
vt 0.00000 1.00000
vt 0.00000 1.00000
vt 0.00000 1.00000
vt 0.00000 1.00000
vt 0.00000 1.00000
vt 0.00000 1.00000
vt 0.00000 1.00000
vt 0.00000 1.00000
vt 0.00000 1.00000
vt 0.00000 1.00000
vt 0.00000 1.00000
vt 0.00000 1.00000
vt 0.00000 1.00000
vt 0.00000 1.00000
vt 0.00000 1.00000
vt 0.00000 1.00000
vt 0.00000 1.00000
vt 0.00000 1.00000
vt 0.00000 1.00000
vt 0.00000 1.00000
vt 0.00000 1.00000
vt 0.00000 1.00000
vt 0.00000 1.00000
vt 0.00000 1.00000
vt 0.00000 1.00000
vt 0.00000 1.00000
vt 0.00000 1.00000
vt 0.00000 1.00000
vt 0.00000 1.00000
vt 0.00000 1.00000
vt 0.00000 1.00000
vt 0.00000 1.00000
vt 0.00000 1.00000
vt 0.00000 1.00000
vt 0.00000 1.00000
vt 0.00000 1.00000
vt 0.00000 1.00000
vt 0.00000 1.00000
vt 0.00000 1.00000
vt 0.00000 1.00000
vt 0.00000 1.00000
vt 0.00000 1.00000
vt 0.00000 1.00000
vt 0.00000 1.00000
vt 0.00000 1.00000
vt 0.00000 1.00000
vt 0.00000 1.00000
vt 0.00000 1.00000
vt 0.00000 1.00000
vt 0.00000 1.00000
vt 0.00000 1.00000
vt 0.00000 1.00000
vt 0.00000 1.00000
vt 0.00000 1.00000
vt 0.00000 1.00000
vt 0.00000 1.00000
vt 0.00000 1.00000
vt 0.00000 1.00000
vt 0.00000 1.00000
vt 0.00000 1.00000
vt 0.00000 1.00000
vt 0.00000 1.00000
vt 0.00000 1.00000
vt 0.00000 1.00000
vt 0.00000 1.00000
vt 0.00000 1.00000
vt 0.00000 1.00000
vt 0.00000 1.00000
vt 0.00000 1.00000
vt 0.00000 1.00000
vt 0.00000 1.00000
vt 0.00000 1.00000
vt 0.00000 1.00000
vt 0.00000 1.00000
vt 0.00000 1.00000
vt 0.00000 1.00000
vt 0.00000 1.00000
vt 0.00000 1.00000
vt 0.00000 1.00000
vt 0.00000 1.00000
vt 0.00000 1.00000
vt 0.00000 1.00000
vt 0.00000 1.00000
vt 0.00000 1.00000
vt 0.00000 1.00000
vt 0.00000 1.00000
vt 0.00000 1.00000
vt 0.00000 1.00000
vt 0.00000 1.00000
vt 0.00000 1.00000
vt 0.00000 1.00000
vt 0.00000 1.00000
vt 0.00000 1.00000
vt 0.00000 1.00000
vt 0.00000 1.00000
vt 0.00000 1.00000
vt 0.00000 1.00000
vt 0.00000 1.00000
vt 0.00000 1.00000
vt 0.00000 1.00000
vt 0.00000 1.00000
vt 0.00000 1.00000
vt 0.00000 1.00000
vt 0.00000 1.00000
vt 0.00000 1.00000
vt 0.00000 1.00000
vt 0.00000 1.00000
vt 0.00000 1.00000
vt 0.00000 1.00000
vt 0.00000 1.00000
vt 0.00000 1.00000
vt 0.00000 1.00000
vt 0.00000 1.00000
vt 0.00000 1.00000
vt 0.00000 1.00000
vt 0.00000 1.00000
vt 0.00000 1.00000
vt 0.00000 1.00000
vt 0.00000 1.00000
vt 0.00000 1.00000
vt 0.00000 1.00000
vt 0.00000 1.00000
vt 0.00000 1.00000
vt 0.00000 1.00000
vt 0.00000 1.00000
vt 0.00000 1.00000
vt 0.00000 1.00000
vt 0.00000 1.00000
vt 0.00000 1.00000
vt 0.00000 1.00000
vt 0.00000 1.00000
vt 0.00000 1.00000
vt 0.00000 1.00000
vt 0.00000 1.00000
vt 0.00000 1.00000
vt 0.00000 1.00000
vt 0.00000 1.00000
vt 0.00000 1.00000
vt 0.00000 1.00000
vt 0.00000 1.00000
vt 0.00000 1.00000
vt 0.00000 1.00000
vt 0.00000 1.00000
vt 0.00000 1.00000
vt 0.00000 1.00000
vt 0.00000 1.00000
vt 0.00000 1.00000
vt 0.00000 1.00000
vt 0.00000 1.00000
vt 0.00000 1.00000
vt 0.00000 1.00000
vt 0.00000 1.00000
vt 0.00000 1.00000
vt 0.00000 1.00000
vt 0.00000 1.00000
vt 0.00000 1.00000
vt 0.00000 1.00000
vt 0.00000 1.00000
vt 0.00000 1.00000
vt 0.00000 1.00000
vt 0.00000 1.00000
vt 0.00000 1.00000
vt 0.00000 1.00000
vt 0.00000 1.00000
vt 0.00000 1.00000
vt 0.00000 1.00000
vt 0.00000 1.00000
vt 0.00000 1.00000
vt 0.00000 1.00000
vt 0.00000 1.00000
vt 0.00000 1.00000
vt 0.00000 1.00000
vt 0.00000 1.00000
vt 0.00000 1.00000
vt 0.00000 1.00000
vt 0.00000 1.00000
vt 0.00000 1.00000
vt 0.00000 1.00000
vt 0.00000 1.00000
vt 0.00000 1.00000
vt 0.00000 1.00000
vt 0.00000 1.00000
vt 0.00000 1.00000
vt 0.00000 1.00000
vt 0.00000 1.00000
vt 0.00000 1.00000
vt 0.00000 1.00000
vt 0.00000 1.00000
vt 0.00000 1.00000
vt 0.00000 1.00000
vt 0.00000 1.00000
vt 0.00000 1.00000
vt 0.00000 1.00000
vt 0.00000 1.00000
vt 0.00000 1.00000
vt 0.00000 1.00000
vt 0.00000 1.00000
vt 0.00000 1.00000
vt 0.00000 1.00000
vt 0.00000 1.00000
vt 0.00000 1.00000
vt 0.00000 1.00000
vt 0.00000 1.00000
vt 0.00000 1.00000
vt 0.00000 1.00000
vt 0.00000 1.00000
vt 0.00000 1.00000
vt 0.00000 1.00000
vt 0.00000 1.00000
vt 0.00000 1.00000
vt 0.00000 1.00000
vt 0.00000 1.00000
vt 0.00000 1.00000
vt 0.00000 1.00000
vt 0.00000 1.00000
vt 0.00000 1.00000
vt 0.00000 1.00000
vt 0.00000 1.00000
vt 0.00000 1.00000
vt 0.00000 1.00000
vt 0.00000 1.00000
vt 0.00000 1.00000
vt 0.00000 1.00000
vt 0.00000 1.00000
vt 0.00000 1.00000
vt 0.00000 1.00000
vt 0.00000 1.00000
vt 0.00000 1.00000
vt 0.00000 1.00000
vt 0.00000 1.00000
vt 0.00000 1.00000
vt 0.00000 1.00000
vt 0.00000 1.00000
vt 0.00000 1.00000
vt 0.00000 1.00000
vt 0.00000 1.00000
vt 0.00000 1.00000
vt 0.00000 1.00000
vt 0.00000 1.00000
vt 0.00000 1.00000
vt 0.00000 1.00000
vt 0.00000 1.00000
vt 0.00000 1.00000
vt 0.00000 1.00000
vt 0.00000 1.00000
vt 0.00000 1.00000
vt 0.00000 1.00000
vt 0.00000 1.00000
vt 0.00000 1.00000
vt 0.00000 1.00000
vt 0.00000 1.00000
vt 0.00000 1.00000
vt 0.00000 1.00000
vt 0.00000 1.00000
vt 0.00000 1.00000
vt 0.00000 1.00000
vt 0.00000 1.00000
vt 0.00000 1.00000
vt 0.00000 1.00000
vt 0.00000 1.00000
vt 0.00000 1.00000
vt 0.00000 1.00000
vt 0.00000 1.00000
vt 0.00000 1.00000
vt 0.00000 1.00000
vt 0.00000 1.00000
vt 0.00000 1.00000
vt 0.00000 1.00000
vt 0.00000 1.00000
vt 0.00000 1.00000
vt 0.00000 1.00000
vt 0.00000 1.00000
vt 0.00000 1.00000
vt 0.00000 1.00000
vt 0.00000 1.00000
vt 0.00000 1.00000
vt 0.00000 1.00000
vt 0.00000 1.00000
vt 0.00000 1.00000
vt 0.00000 1.00000
vt 0.00000 1.00000
vt 0.00000 1.00000
vt 0.00000 1.00000
vt 0.00000 1.00000
vt 0.00000 1.00000
vt 0.00000 1.00000
vt 0.00000 1.00000
vt 0.00000 1.00000
vt 0.00000 1.00000
vt 0.00000 1.00000
vt 0.00000 1.00000
vt 0.00000 1.00000
vt 0.00000 1.00000
vt 0.00000 1.00000
vt 0.00000 1.00000
vt 0.00000 1.00000
vt 0.00000 1.00000
vt 0.00000 1.00000
vt 0.00000 1.00000
vt 0.00000 1.00000
vt 0.00000 1.00000
vt 0.00000 1.00000
vt 0.00000 1.00000
vt 0.00000 1.00000
vt 0.00000 1.00000
vt 0.00000 1.00000
vt 0.00000 1.00000
vt 0.00000 1.00000
vt 0.00000 1.00000
vt 0.00000 1.00000
vt 0.00000 1.00000
vt 0.00000 1.00000
vt 0.00000 1.00000
vt 0.00000 1.00000
vt 0.00000 1.00000
vt 0.00000 1.00000
vt 0.00000 1.00000
vt 0.00000 1.00000
vt 0.00000 1.00000
vt 0.00000 1.00000
vt 0.00000 1.00000
vt 0.00000 1.00000
vt 0.00000 1.00000
vt 0.00000 1.00000
vt 0.00000 1.00000
vt 0.00000 1.00000
vt 0.00000 1.00000
vt 0.00000 1.00000
vt 0.00000 1.00000
vt 0.00000 1.00000
vt 0.00000 1.00000
vt 0.00000 1.00000
vt 0.00000 1.00000
vt 0.00000 1.00000
vt 0.00000 1.00000
vt 0.00000 1.00000
vt 0.00000 1.00000
vt 0.00000 1.00000
vt 0.00000 1.00000
vt 0.00000 1.00000
vt 0.00000 1.00000
vt 0.00000 1.00000
vt 0.00000 1.00000
vt 0.00000 1.00000
vt 0.00000 1.00000
vt 0.00000 1.00000
vt 0.00000 1.00000
vt 0.00000 1.00000
vt 0.00000 1.00000
vt 0.00000 1.00000
vt 0.00000 1.00000
vt 0.00000 1.00000
vt 0.00000 1.00000
vt 0.00000 1.00000
vt 0.00000 1.00000
vt 0.00000 1.00000
vt 0.00000 1.00000
vt 0.00000 1.00000
vt 0.00000 1.00000
vt 0.00000 1.00000
vt 0.00000 1.00000
vt 0.00000 1.00000
vt 0.00000 1.00000
vt 0.00000 1.00000
vt 0.00000 1.00000
vt 0.00000 1.00000
vt 0.00000 1.00000
vt 0.00000 1.00000
vt 0.00000 1.00000
vt 0.00000 1.00000
vt 0.00000 1.00000
vt 0.00000 1.00000
vt 0.00000 1.00000
vt 0.00000 1.00000
vt 0.00000 1.00000
vt 0.00000 1.00000
vt 0.00000 1.00000
vt 0.00000 1.00000
vt 0.00000 1.00000
vt 0.00000 1.00000
vt 0.00000 1.00000
vt 0.00000 1.00000
vt 0.00000 1.00000
vt 0.00000 1.00000
vt 0.00000 1.00000
vt 0.00000 1.00000
vt 0.00000 1.00000
vt 0.00000 1.00000
vt 0.00000 1.00000
vt 0.00000 1.00000
vt 0.00000 1.00000
vt 0.00000 1.00000
vt 0.00000 1.00000
vt 0.00000 1.00000
vt 0.00000 1.00000
vt 0.00000 1.00000
vt 0.00000 1.00000
vt 0.00000 1.00000
vt 0.00000 1.00000
vt 0.00000 1.00000
vt 0.00000 1.00000
vt 0.00000 1.00000
vt 0.00000 1.00000
vt 0.00000 1.00000
vt 0.00000 1.00000
vt 0.00000 1.00000
vt 0.00000 1.00000
vt 0.00000 1.00000
vt 0.00000 1.00000
vt 0.00000 1.00000
vt 0.00000 1.00000
vt 0.00000 1.00000
vt 0.00000 1.00000
vt 0.00000 1.00000
vt 0.00000 1.00000
vt 0.00000 1.00000
vt 0.00000 1.00000
vt 0.00000 1.00000
vt 0.00000 1.00000
vt 0.00000 1.00000
vt 0.00000 1.00000
vt 0.00000 1.00000
vt 0.00000 1.00000
vt 0.00000 1.00000
vt 0.00000 1.00000
vt 0.00000 1.00000
vt 0.00000 1.00000
vt 0.00000 1.00000
vt 0.00000 1.00000
vt 0.00000 1.00000
vt 0.00000 1.00000
vt 0.00000 1.00000
vt 0.00000 1.00000
vt 0.00000 1.00000
vt 0.00000 1.00000
vt 0.00000 1.00000
vt 0.00000 1.00000
vt 0.00000 1.00000
vt 0.00000 1.00000
vt 0.00000 1.00000
vt 0.00000 1.00000
vt 0.00000 1.00000
vt 0.00000 1.00000
vt 0.00000 1.00000
vt 0.00000 1.00000
vt 0.00000 1.00000
vt 0.00000 1.00000
vt 0.00000 1.00000
vt 0.00000 1.00000
vt 0.00000 1.00000
vt 0.00000 1.00000
vt 0.00000 1.00000
vt 0.00000 1.00000
vt 0.00000 1.00000
vt 0.00000 1.00000
vt 0.00000 1.00000
vt 0.00000 1.00000
vt 0.00000 1.00000
vt 0.00000 1.00000
vt 0.00000 1.00000
vt 0.00000 1.00000
vt 0.00000 1.00000
vt 0.00000 1.00000
vt 0.00000 1.00000
vt 0.00000 1.00000
vt 0.00000 1.00000
vt 0.00000 1.00000
vt 0.00000 1.00000
vt 0.00000 1.00000
vt 0.00000 1.00000
vt 0.00000 1.00000
vt 0.00000 1.00000
vt 0.00000 1.00000
vt 0.00000 1.00000
vt 0.00000 1.00000
vt 0.00000 1.00000
vt 0.00000 1.00000
vt 0.00000 1.00000
vt 0.00000 1.00000
vt 0.00000 1.00000
vt 0.00000 1.00000
vt 0.00000 1.00000
vt 0.00000 1.00000
vt 0.00000 1.00000
vt 0.00000 1.00000
vt 0.00000 1.00000
vt 0.00000 1.00000
vt 0.00000 1.00000
vt 0.00000 1.00000
vt 0.00000 1.00000
vt 0.00000 1.00000
vt 0.00000 1.00000
vt 0.00000 1.00000
vt 0.00000 1.00000
vt 0.00000 1.00000
vt 0.00000 1.00000
vt 0.00000 1.00000
vt 0.00000 1.00000
vt 0.00000 1.00000
vt 0.00000 1.00000
vt 0.00000 1.00000
vt 0.00000 1.00000
vt 0.00000 1.00000
vt 0.00000 1.00000
vt 0.00000 1.00000
vt 0.00000 1.00000
vt 0.00000 1.00000
vt 0.00000 1.00000
vt 0.00000 1.00000
vt 0.00000 1.00000
vt 0.00000 1.00000
vt 0.00000 1.00000
vt 0.00000 1.00000
vt 0.00000 1.00000
vt 0.00000 1.00000
vt 0.00000 1.00000
vt 0.00000 1.00000
vt 0.00000 1.00000
vt 0.00000 1.00000
vt 0.00000 1.00000
vt 0.00000 1.00000
vt 0.00000 1.00000
vt 0.00000 1.00000
vt 0.00000 1.00000
vt 0.00000 1.00000
vt 0.00000 1.00000
vt 0.00000 1.00000
vt 0.00000 1.00000
vt 0.00000 1.00000
vt 0.00000 1.00000
vt 0.00000 1.00000
vt 0.00000 1.00000
vt 0.00000 1.00000
vt 0.00000 1.00000
vt 0.00000 1.00000
vt 0.00000 1.00000
vt 0.00000 1.00000
vt 0.00000 1.00000
vt 0.00000 1.00000
vt 0.00000 1.00000
vt 0.00000 1.00000
vt 0.00000 1.00000
vt 0.00000 1.00000
vt 0.00000 1.00000
vt 0.00000 1.00000
vt 0.00000 1.00000
vt 0.00000 1.00000
vt 0.00000 1.00000
vt 0.00000 1.00000
vt 0.00000 1.00000
vt 0.00000 1.00000
vt 0.00000 1.00000
vt 0.00000 1.00000
vt 0.00000 1.00000
vt 0.00000 1.00000
vt 0.00000 1.00000
vt 0.00000 1.00000
vt 0.00000 1.00000
vt 0.00000 1.00000
vt 0.00000 1.00000
vt 0.00000 1.00000
vt 0.00000 1.00000
vt 0.00000 1.00000
vt 0.00000 1.00000
vt 0.00000 1.00000
vt 0.00000 1.00000
vt 0.00000 1.00000
vt 0.00000 1.00000
vt 0.00000 1.00000
vt 0.00000 1.00000
vt 0.00000 1.00000
vt 0.00000 1.00000
vt 0.00000 1.00000
vt 0.00000 1.00000
vt 0.00000 1.00000
vt 0.00000 1.00000
vt 0.00000 1.00000
vt 0.00000 1.00000
vt 0.00000 1.00000
vt 0.00000 1.00000
vt 0.00000 1.00000
vt 0.00000 1.00000
vt 0.00000 1.00000
vt 0.00000 1.00000
vt 0.00000 1.00000
vt 0.00000 1.00000
vt 0.00000 1.00000
vt 0.00000 1.00000
vt 0.00000 1.00000
vt 0.00000 1.00000
vt 0.00000 1.00000
vt 0.00000 1.00000
vt 0.00000 1.00000
vt 0.00000 1.00000
vt 0.00000 1.00000
vt 0.00000 1.00000
vt 0.00000 1.00000
vt 0.00000 1.00000
vt 0.00000 1.00000
vt 0.00000 1.00000
vt 0.00000 1.00000
vt 0.00000 1.00000
vt 0.00000 1.00000
vt 0.00000 1.00000
vt 0.00000 1.00000
vt 0.00000 1.00000
vt 0.00000 1.00000
vt 0.00000 1.00000
vt 0.00000 1.00000
vt 0.00000 1.00000
vt 0.00000 1.00000
vt 0.00000 1.00000
vt 0.00000 1.00000
vt 0.00000 1.00000
vt 0.00000 1.00000
vt 0.00000 1.00000
vt 0.00000 1.00000
vt 0.00000 1.00000
vt 0.00000 1.00000
vt 0.00000 1.00000
vt 0.00000 1.00000
vt 0.00000 1.00000
vt 0.00000 1.00000
vt 0.00000 1.00000
vt 0.00000 1.00000
vt 0.00000 1.00000
vt 0.00000 1.00000
vt 0.00000 1.00000
vt 0.00000 1.00000
vt 0.00000 1.00000
vt 0.00000 1.00000
vt 0.00000 1.00000
vt 0.00000 1.00000
vt 0.00000 1.00000
vt 0.00000 1.00000
usemtl needles
f 1249/1249 1250/1250 1251/1251
f 1252/1252 1253/1253 1254/1254
f 1255/1255 1256/1256 1257/1257
f 1258/1258 1259/1259 1260/1260
f 1261/1261 1262/1262 1263/1263
f 1264/1264 1265/1265 1266/1266
f 1267/1267 1268/1268 1269/1269
f 1270/1270 1271/1271 1272/1272
f 1273/1273 1274/1274 1275/1275
f 1276/1276 1277/1277 1278/1278
f 1279/1279 1280/1280 1281/1281
f 1282/1282 1283/1283 1284/1284
f 1285/1285 1286/1286 1287/1287
f 1288/1288 1289/1289 1290/1290
f 1291/1291 1292/1292 1293/1293
f 1294/1294 1295/1295 1296/1296
f 1297/1297 1298/1298 1299/1299
f 1300/1300 1301/1301 1302/1302
f 1303/1303 1304/1304 1305/1305
f 1306/1306 1307/1307 1308/1308
f 1309/1309 1310/1310 1311/1311
f 1312/1312 1313/1313 1314/1314
f 1315/1315 1316/1316 1317/1317
f 1318/1318 1319/1319 1320/1320
f 1321/1321 1322/1322 1323/1323
f 1324/1324 1325/1325 1326/1326
f 1327/1327 1328/1328 1329/1329
f 1330/1330 1331/1331 1332/1332
f 1333/1333 1334/1334 1335/1335
f 1336/1336 1337/1337 1338/1338
f 1339/1339 1340/1340 1341/1341
f 1342/1342 1343/1343 1344/1344
f 1345/1345 1346/1346 1347/1347
f 1348/1348 1349/1349 1350/1350
f 1351/1351 1352/1352 1353/1353
f 1354/1354 1355/1355 1356/1356
f 1357/1357 1358/1358 1359/1359
f 1360/1360 1361/1361 1362/1362
f 1363/1363 1364/1364 1365/1365
f 1366/1366 1367/1367 1368/1368
f 1369/1369 1370/1370 1371/1371
f 1372/1372 1373/1373 1374/1374
f 1375/1375 1376/1376 1377/1377
f 1378/1378 1379/1379 1380/1380
f 1381/1381 1382/1382 1383/1383
f 1384/1384 1385/1385 1386/1386
f 1387/1387 1388/1388 1389/1389
f 1390/1390 1391/1391 1392/1392
f 1393/1393 1394/1394 1395/1395
f 1396/1396 1397/1397 1398/1398
f 1399/1399 1400/1400 1401/1401
f 1402/1402 1403/1403 1404/1404
f 1405/1405 1406/1406 1407/1407
f 1408/1408 1409/1409 1410/1410
f 1411/1411 1412/1412 1413/1413
f 1414/1414 1415/1415 1416/1416
f 1417/1417 1418/1418 1419/1419
f 1420/1420 1421/1421 1422/1422
f 1423/1423 1424/1424 1425/1425
f 1426/1426 1427/1427 1428/1428
f 1429/1429 1430/1430 1431/1431
f 1432/1432 1433/1433 1434/1434
f 1435/1435 1436/1436 1437/1437
f 1438/1438 1439/1439 1440/1440
f 1441/1441 1442/1442 1443/1443
f 1444/1444 1445/1445 1446/1446
f 1447/1447 1448/1448 1449/1449
f 1450/1450 1451/1451 1452/1452
f 1453/1453 1454/1454 1455/1455
f 1456/1456 1457/1457 1458/1458
f 1459/1459 1460/1460 1461/1461
f 1462/1462 1463/1463 1464/1464
f 1465/1465 1466/1466 1467/1467
f 1468/1468 1469/1469 1470/1470
f 1471/1471 1472/1472 1473/1473
f 1474/1474 1475/1475 1476/1476
f 1477/1477 1478/1478 1479/1479
f 1480/1480 1481/1481 1482/1482
f 1483/1483 1484/1484 1485/1485
f 1486/1486 1487/1487 1488/1488
f 1489/1489 1490/1490 1491/1491
f 1492/1492 1493/1493 1494/1494
f 1495/1495 1496/1496 1497/1497
f 1498/1498 1499/1499 1500/1500
f 1501/1501 1502/1502 1503/1503
f 1504/1504 1505/1505 1506/1506
f 1507/1507 1508/1508 1509/1509
f 1510/1510 1511/1511 1512/1512
f 1513/1513 1514/1514 1515/1515
f 1516/1516 1517/1517 1518/1518
f 1519/1519 1520/1520 1521/1521
f 1522/1522 1523/1523 1524/1524
f 1525/1525 1526/1526 1527/1527
f 1528/1528 1529/1529 1530/1530
f 1531/1531 1532/1532 1533/1533
f 1534/1534 1535/1535 1536/1536
f 1537/1537 1538/1538 1539/1539
f 1540/1540 1541/1541 1542/1542
f 1543/1543 1544/1544 1545/1545
f 1546/1546 1547/1547 1548/1548
f 1549/1549 1550/1550 1551/1551
f 1552/1552 1553/1553 1554/1554
f 1555/1555 1556/1556 1557/1557
f 1558/1558 1559/1559 1560/1560
f 1561/1561 1562/1562 1563/1563
f 1564/1564 1565/1565 1566/1566
f 1567/1567 1568/1568 1569/1569
f 1570/1570 1571/1571 1572/1572
f 1573/1573 1574/1574 1575/1575
f 1576/1576 1577/1577 1578/1578
f 1579/1579 1580/1580 1581/1581
f 1582/1582 1583/1583 1584/1584
f 1585/1585 1586/1586 1587/1587
f 1588/1588 1589/1589 1590/1590
f 1591/1591 1592/1592 1593/1593
f 1594/1594 1595/1595 1596/1596
f 1597/1597 1598/1598 1599/1599
f 1600/1600 1601/1601 1602/1602
f 1603/1603 1604/1604 1605/1605
f 1606/1606 1607/1607 1608/1608
f 1609/1609 1610/1610 1611/1611
f 1612/1612 1613/1613 1614/1614
f 1615/1615 1616/1616 1617/1617
f 1618/1618 1619/1619 1620/1620
f 1621/1621 1622/1622 1623/1623
f 1624/1624 1625/1625 1626/1626
f 1627/1627 1628/1628 1629/1629
f 1630/1630 1631/1631 1632/1632
f 1633/1633 1634/1634 1635/1635
f 1636/1636 1637/1637 1638/1638
f 1639/1639 1640/1640 1641/1641
f 1642/1642 1643/1643 1644/1644
f 1645/1645 1646/1646 1647/1647
f 1648/1648 1649/1649 1650/1650
f 1651/1651 1652/1652 1653/1653
f 1654/1654 1655/1655 1656/1656
f 1657/1657 1658/1658 1659/1659
f 1660/1660 1661/1661 1662/1662
f 1663/1663 1664/1664 1665/1665
f 1666/1666 1667/1667 1668/1668
f 1669/1669 1670/1670 1671/1671
f 1672/1672 1673/1673 1674/1674
f 1675/1675 1676/1676 1677/1677
f 1678/1678 1679/1679 1680/1680
f 1681/1681 1682/1682 1683/1683
f 1684/1684 1685/1685 1686/1686
f 1687/1687 1688/1688 1689/1689
f 1690/1690 1691/1691 1692/1692
f 1693/1693 1694/1694 1695/1695
f 1696/1696 1697/1697 1698/1698
f 1699/1699 1700/1700 1701/1701
f 1702/1702 1703/1703 1704/1704
f 1705/1705 1706/1706 1707/1707
f 1708/1708 1709/1709 1710/1710
f 1711/1711 1712/1712 1713/1713
f 1714/1714 1715/1715 1716/1716
f 1717/1717 1718/1718 1719/1719
f 1720/1720 1721/1721 1722/1722
f 1723/1723 1724/1724 1725/1725
f 1726/1726 1727/1727 1728/1728
f 1729/1729 1730/1730 1731/1731
f 1732/1732 1733/1733 1734/1734
f 1735/1735 1736/1736 1737/1737
f 1738/1738 1739/1739 1740/1740
f 1741/1741 1742/1742 1743/1743
f 1744/1744 1745/1745 1746/1746
f 1747/1747 1748/1748 1749/1749
f 1750/1750 1751/1751 1752/1752
f 1753/1753 1754/1754 1755/1755
f 1756/1756 1757/1757 1758/1758
f 1759/1759 1760/1760 1761/1761
f 1762/1762 1763/1763 1764/1764
f 1765/1765 1766/1766 1767/1767
f 1768/1768 1769/1769 1770/1770
f 1771/1771 1772/1772 1773/1773
f 1774/1774 1775/1775 1776/1776
f 1777/1777 1778/1778 1779/1779
f 1780/1780 1781/1781 1782/1782
f 1783/1783 1784/1784 1785/1785
f 1786/1786 1787/1787 1788/1788
f 1789/1789 1790/1790 1791/1791
f 1792/1792 1793/1793 1794/1794
f 1795/1795 1796/1796 1797/1797
f 1798/1798 1799/1799 1800/1800
f 1801/1801 1802/1802 1803/1803
f 1804/1804 1805/1805 1806/1806
f 1807/1807 1808/1808 1809/1809
f 1810/1810 1811/1811 1812/1812
f 1813/1813 1814/1814 1815/1815
f 1816/1816 1817/1817 1818/1818
f 1819/1819 1820/1820 1821/1821
f 1822/1822 1823/1823 1824/1824
f 1825/1825 1826/1826 1827/1827
f 1828/1828 1829/1829 1830/1830
f 1831/1831 1832/1832 1833/1833
f 1834/1834 1835/1835 1836/1836
f 1837/1837 1838/1838 1839/1839
f 1840/1840 1841/1841 1842/1842
f 1843/1843 1844/1844 1845/1845
f 1846/1846 1847/1847 1848/1848
f 1849/1849 1850/1850 1851/1851
f 1852/1852 1853/1853 1854/1854
f 1855/1855 1856/1856 1857/1857
f 1858/1858 1859/1859 1860/1860
f 1861/1861 1862/1862 1863/1863
f 1864/1864 1865/1865 1866/1866
f 1867/1867 1868/1868 1869/1869
f 1870/1870 1871/1871 1872/1872
f 1873/1873 1874/1874 1875/1875
f 1876/1876 1877/1877 1878/1878
f 1879/1879 1880/1880 1881/1881
f 1882/1882 1883/1883 1884/1884
f 1885/1885 1886/1886 1887/1887
f 1888/1888 1889/1889 1890/1890
f 1891/1891 1892/1892 1893/1893
f 1894/1894 1895/1895 1896/1896
f 1897/1897 1898/1898 1899/1899
f 1900/1900 1901/1901 1902/1902
f 1903/1903 1904/1904 1905/1905
f 1906/1906 1907/1907 1908/1908
f 1909/1909 1910/1910 1911/1911
f 1912/1912 1913/1913 1914/1914
f 1915/1915 1916/1916 1917/1917
f 1918/1918 1919/1919 1920/1920
f 1921/1921 1922/1922 1923/1923
f 1924/1924 1925/1925 1926/1926
f 1927/1927 1928/1928 1929/1929
f 1930/1930 1931/1931 1932/1932
f 1933/1933 1934/1934 1935/1935
f 1936/1936 1937/1937 1938/1938
f 1939/1939 1940/1940 1941/1941
f 1942/1942 1943/1943 1944/1944
f 1945/1945 1946/1946 1947/1947
f 1948/1948 1949/1949 1950/1950
f 1951/1951 1952/1952 1953/1953
f 1954/1954 1955/1955 1956/1956
f 1957/1957 1958/1958 1959/1959
f 1960/1960 1961/1961 1962/1962
f 1963/1963 1964/1964 1965/1965
f 1966/1966 1967/1967 1968/1968
f 1969/1969 1970/1970 1971/1971
f 1972/1972 1973/1973 1974/1974
f 1975/1975 1976/1976 1977/1977
f 1978/1978 1979/1979 1980/1980
f 1981/1981 1982/1982 1983/1983
f 1984/1984 1985/1985 1986/1986
f 1987/1987 1988/1988 1989/1989
f 1990/1990 1991/1991 1992/1992
f 1993/1993 1994/1994 1995/1995
f 1996/1996 1997/1997 1998/1998
f 1999/1999 2000/2000 2001/2001
f 2002/2002 2003/2003 2004/2004
f 2005/2005 2006/2006 2007/2007
f 2008/2008 2009/2009 2010/2010
f 2011/2011 2012/2012 2013/2013
f 2014/2014 2015/2015 2016/2016
f 2017/2017 2018/2018 2019/2019
f 2020/2020 2021/2021 2022/2022
f 2023/2023 2024/2024 2025/2025
f 2026/2026 2027/2027 2028/2028
f 2029/2029 2030/2030 2031/2031
f 2032/2032 2033/2033 2034/2034
f 2035/2035 2036/2036 2037/2037
f 2038/2038 2039/2039 2040/2040
f 2041/2041 2042/2042 2043/2043
f 2044/2044 2045/2045 2046/2046
f 2047/2047 2048/2048 2049/2049
f 2050/2050 2051/2051 2052/2052
f 2053/2053 2054/2054 2055/2055
f 2056/2056 2057/2057 2058/2058
f 2059/2059 2060/2060 2061/2061
f 2062/2062 2063/2063 2064/2064
f 2065/2065 2066/2066 2067/2067
f 2068/2068 2069/2069 2070/2070
f 2071/2071 2072/2072 2073/2073
f 2074/2074 2075/2075 2076/2076
f 2077/2077 2078/2078 2079/2079
f 2080/2080 2081/2081 2082/2082
f 2083/2083 2084/2084 2085/2085
f 2086/2086 2087/2087 2088/2088
f 2089/2089 2090/2090 2091/2091
f 2092/2092 2093/2093 2094/2094
f 2095/2095 2096/2096 2097/2097
f 2098/2098 2099/2099 2100/2100
f 2101/2101 2102/2102 2103/2103
f 2104/2104 2105/2105 2106/2106
f 2107/2107 2108/2108 2109/2109
f 2110/2110 2111/2111 2112/2112
f 2113/2113 2114/2114 2115/2115
f 2116/2116 2117/2117 2118/2118
f 2119/2119 2120/2120 2121/2121
f 2122/2122 2123/2123 2124/2124
f 2125/2125 2126/2126 2127/2127
f 2128/2128 2129/2129 2130/2130
f 2131/2131 2132/2132 2133/2133
f 2134/2134 2135/2135 2136/2136
f 2137/2137 2138/2138 2139/2139
f 2140/2140 2141/2141 2142/2142
f 2143/2143 2144/2144 2145/2145
f 2146/2146 2147/2147 2148/2148
f 2149/2149 2150/2150 2151/2151
f 2152/2152 2153/2153 2154/2154
f 2155/2155 2156/2156 2157/2157
f 2158/2158 2159/2159 2160/2160
f 2161/2161 2162/2162 2163/2163
f 2164/2164 2165/2165 2166/2166
f 2167/2167 2168/2168 2169/2169
f 2170/2170 2171/2171 2172/2172
f 2173/2173 2174/2174 2175/2175
f 2176/2176 2177/2177 2178/2178
f 2179/2179 2180/2180 2181/2181
f 2182/2182 2183/2183 2184/2184
f 2185/2185 2186/2186 2187/2187
f 2188/2188 2189/2189 2190/2190
f 2191/2191 2192/2192 2193/2193
f 2194/2194 2195/2195 2196/2196
f 2197/2197 2198/2198 2199/2199
f 2200/2200 2201/2201 2202/2202
f 2203/2203 2204/2204 2205/2205
f 2206/2206 2207/2207 2208/2208
f 2209/2209 2210/2210 2211/2211
f 2212/2212 2213/2213 2214/2214
f 2215/2215 2216/2216 2217/2217
f 2218/2218 2219/2219 2220/2220
f 2221/2221 2222/2222 2223/2223
f 2224/2224 2225/2225 2226/2226
f 2227/2227 2228/2228 2229/2229
f 2230/2230 2231/2231 2232/2232
f 2233/2233 2234/2234 2235/2235
f 2236/2236 2237/2237 2238/2238
f 2239/2239 2240/2240 2241/2241
f 2242/2242 2243/2243 2244/2244
f 2245/2245 2246/2246 2247/2247
f 2248/2248 2249/2249 2250/2250
f 2251/2251 2252/2252 2253/2253
f 2254/2254 2255/2255 2256/2256
f 2257/2257 2258/2258 2259/2259
f 2260/2260 2261/2261 2262/2262
f 2263/2263 2264/2264 2265/2265
f 2266/2266 2267/2267 2268/2268
f 2269/2269 2270/2270 2271/2271
f 2272/2272 2273/2273 2274/2274
f 2275/2275 2276/2276 2277/2277
f 2278/2278 2279/2279 2280/2280
f 2281/2281 2282/2282 2283/2283
f 2284/2284 2285/2285 2286/2286
f 2287/2287 2288/2288 2289/2289
f 2290/2290 2291/2291 2292/2292
f 2293/2293 2294/2294 2295/2295
f 2296/2296 2297/2297 2298/2298
f 2299/2299 2300/2300 2301/2301
f 2302/2302 2303/2303 2304/2304
f 2305/2305 2306/2306 2307/2307
f 2308/2308 2309/2309 2310/2310
f 2311/2311 2312/2312 2313/2313
f 2314/2314 2315/2315 2316/2316
f 2317/2317 2318/2318 2319/2319
f 2320/2320 2321/2321 2322/2322
f 2323/2323 2324/2324 2325/2325
f 2326/2326 2327/2327 2328/2328
f 2329/2329 2330/2330 2331/2331
f 2332/2332 2333/2333 2334/2334
f 2335/2335 2336/2336 2337/2337
f 2338/2338 2339/2339 2340/2340
f 2341/2341 2342/2342 2343/2343
f 2344/2344 2345/2345 2346/2346
f 2347/2347 2348/2348 2349/2349
f 2350/2350 2351/2351 2352/2352
f 2353/2353 2354/2354 2355/2355
f 2356/2356 2357/2357 2358/2358
f 2359/2359 2360/2360 2361/2361
f 2362/2362 2363/2363 2364/2364
f 2365/2365 2366/2366 2367/2367
f 2368/2368 2369/2369 2370/2370
f 2371/2371 2372/2372 2373/2373
f 2374/2374 2375/2375 2376/2376
f 2377/2377 2378/2378 2379/2379
f 2380/2380 2381/2381 2382/2382
f 2383/2383 2384/2384 2385/2385
f 2386/2386 2387/2387 2388/2388
f 2389/2389 2390/2390 2391/2391
f 2392/2392 2393/2393 2394/2394
f 2395/2395 2396/2396 2397/2397
f 2398/2398 2399/2399 2400/2400
f 2401/2401 2402/2402 2403/2403
f 2404/2404 2405/2405 2406/2406
f 2407/2407 2408/2408 2409/2409
f 2410/2410 2411/2411 2412/2412
f 2413/2413 2414/2414 2415/2415
f 2416/2416 2417/2417 2418/2418
f 2419/2419 2420/2420 2421/2421
f 2422/2422 2423/2423 2424/2424
f 2425/2425 2426/2426 2427/2427
f 2428/2428 2429/2429 2430/2430
f 2431/2431 2432/2432 2433/2433
f 2434/2434 2435/2435 2436/2436
f 2437/2437 2438/2438 2439/2439
f 2440/2440 2441/2441 2442/2442
f 2443/2443 2444/2444 2445/2445
f 2446/2446 2447/2447 2448/2448
f 2449/2449 2450/2450 2451/2451
f 2452/2452 2453/2453 2454/2454
f 2455/2455 2456/2456 2457/2457
f 2458/2458 2459/2459 2460/2460
f 2461/2461 2462/2462 2463/2463
f 2464/2464 2465/2465 2466/2466
f 2467/2467 2468/2468 2469/2469
f 2470/2470 2471/2471 2472/2472
f 2473/2473 2474/2474 2475/2475
f 2476/2476 2477/2477 2478/2478
f 2479/2479 2480/2480 2481/2481
f 2482/2482 2483/2483 2484/2484
f 2485/2485 2486/2486 2487/2487
f 2488/2488 2489/2489 2490/2490
f 2491/2491 2492/2492 2493/2493
f 2494/2494 2495/2495 2496/2496
f 2497/2497 2498/2498 2499/2499
f 2500/2500 2501/2501 2502/2502
f 2503/2503 2504/2504 2505/2505
f 2506/2506 2507/2507 2508/2508
f 2509/2509 2510/2510 2511/2511
f 2512/2512 2513/2513 2514/2514
f 2515/2515 2516/2516 2517/2517
f 2518/2518 2519/2519 2520/2520
f 2521/2521 2522/2522 2523/2523
f 2524/2524 2525/2525 2526/2526
f 2527/2527 2528/2528 2529/2529
f 2530/2530 2531/2531 2532/2532
f 2533/2533 2534/2534 2535/2535
f 2536/2536 2537/2537 2538/2538
f 2539/2539 2540/2540 2541/2541
f 2542/2542 2543/2543 2544/2544
f 2545/2545 2546/2546 2547/2547
f 2548/2548 2549/2549 2550/2550
f 2551/2551 2552/2552 2553/2553
f 2554/2554 2555/2555 2556/2556
f 2557/2557 2558/2558 2559/2559
f 2560/2560 2561/2561 2562/2562
f 2563/2563 2564/2564 2565/2565
f 2566/2566 2567/2567 2568/2568
f 2569/2569 2570/2570 2571/2571
f 2572/2572 2573/2573 2574/2574
f 2575/2575 2576/2576 2577/2577
f 2578/2578 2579/2579 2580/2580
f 2581/2581 2582/2582 2583/2583
f 2584/2584 2585/2585 2586/2586
f 2587/2587 2588/2588 2589/2589
f 2590/2590 2591/2591 2592/2592
f 2593/2593 2594/2594 2595/2595
f 2596/2596 2597/2597 2598/2598
f 2599/2599 2600/2600 2601/2601
f 2602/2602 2603/2603 2604/2604
f 2605/2605 2606/2606 2607/2607
f 2608/2608 2609/2609 2610/2610
f 2611/2611 2612/2612 2613/2613
f 2614/2614 2615/2615 2616/2616
f 2617/2617 2618/2618 2619/2619
f 2620/2620 2621/2621 2622/2622
f 2623/2623 2624/2624 2625/2625
f 2626/2626 2627/2627 2628/2628
f 2629/2629 2630/2630 2631/2631
f 2632/2632 2633/2633 2634/2634
f 2635/2635 2636/2636 2637/2637
f 2638/2638 2639/2639 2640/2640
f 2641/2641 2642/2642 2643/2643
f 2644/2644 2645/2645 2646/2646
f 2647/2647 2648/2648 2649/2649
f 2650/2650 2651/2651 2652/2652
f 2653/2653 2654/2654 2655/2655
f 2656/2656 2657/2657 2658/2658
f 2659/2659 2660/2660 2661/2661
f 2662/2662 2663/2663 2664/2664
f 2665/2665 2666/2666 2667/2667
f 2668/2668 2669/2669 2670/2670
f 2671/2671 2672/2672 2673/2673
f 2674/2674 2675/2675 2676/2676
f 2677/2677 2678/2678 2679/2679
f 2680/2680 2681/2681 2682/2682
f 2683/2683 2684/2684 2685/2685
f 2686/2686 2687/2687 2688/2688
f 2689/2689 2690/2690 2691/2691
f 2692/2692 2693/2693 2694/2694
f 2695/2695 2696/2696 2697/2697
f 2698/2698 2699/2699 2700/2700
f 2701/2701 2702/2702 2703/2703
f 2704/2704 2705/2705 2706/2706
f 2707/2707 2708/2708 2709/2709
f 2710/2710 2711/2711 2712/2712
f 2713/2713 2714/2714 2715/2715
f 2716/2716 2717/2717 2718/2718
f 2719/2719 2720/2720 2721/2721
f 2722/2722 2723/2723 2724/2724
f 2725/2725 2726/2726 2727/2727
f 2728/2728 2729/2729 2730/2730
f 2731/2731 2732/2732 2733/2733
f 2734/2734 2735/2735 2736/2736
f 2737/2737 2738/2738 2739/2739
f 2740/2740 2741/2741 2742/2742
f 2743/2743 2744/2744 2745/2745
f 2746/2746 2747/2747 2748/2748
f 2749/2749 2750/2750 2751/2751
f 2752/2752 2753/2753 2754/2754
f 2755/2755 2756/2756 2757/2757
f 2758/2758 2759/2759 2760/2760
f 2761/2761 2762/2762 2763/2763
f 2764/2764 2765/2765 2766/2766
f 2767/2767 2768/2768 2769/2769
f 2770/2770 2771/2771 2772/2772
f 2773/2773 2774/2774 2775/2775
f 2776/2776 2777/2777 2778/2778
f 2779/2779 2780/2780 2781/2781
f 2782/2782 2783/2783 2784/2784
f 2785/2785 2786/2786 2787/2787
f 2788/2788 2789/2789 2790/2790
f 2791/2791 2792/2792 2793/2793
f 2794/2794 2795/2795 2796/2796
f 2797/2797 2798/2798 2799/2799
f 2800/2800 2801/2801 2802/2802
f 2803/2803 2804/2804 2805/2805
f 2806/2806 2807/2807 2808/2808
f 2809/2809 2810/2810 2811/2811
f 2812/2812 2813/2813 2814/2814
f 2815/2815 2816/2816 2817/2817
f 2818/2818 2819/2819 2820/2820
f 2821/2821 2822/2822 2823/2823
f 2824/2824 2825/2825 2826/2826
f 2827/2827 2828/2828 2829/2829
f 2830/2830 2831/2831 2832/2832
f 2833/2833 2834/2834 2835/2835
f 2836/2836 2837/2837 2838/2838
f 2839/2839 2840/2840 2841/2841
f 2842/2842 2843/2843 2844/2844
f 2845/2845 2846/2846 2847/2847
f 2848/2848 2849/2849 2850/2850
f 2851/2851 2852/2852 2853/2853
f 2854/2854 2855/2855 2856/2856
f 2857/2857 2858/2858 2859/2859
f 2860/2860 2861/2861 2862/2862
f 2863/2863 2864/2864 2865/2865
f 2866/2866 2867/2867 2868/2868
f 2869/2869 2870/2870 2871/2871
f 2872/2872 2873/2873 2874/2874
f 2875/2875 2876/2876 2877/2877
f 2878/2878 2879/2879 2880/2880
f 2881/2881 2882/2882 2883/2883
f 2884/2884 2885/2885 2886/2886
f 2887/2887 2888/2888 2889/2889
f 2890/2890 2891/2891 2892/2892
f 2893/2893 2894/2894 2895/2895
f 2896/2896 2897/2897 2898/2898
f 2899/2899 2900/2900 2901/2901
f 2902/2902 2903/2903 2904/2904
f 2905/2905 2906/2906 2907/2907
f 2908/2908 2909/2909 2910/2910
f 2911/2911 2912/2912 2913/2913
f 2914/2914 2915/2915 2916/2916
f 2917/2917 2918/2918 2919/2919
f 2920/2920 2921/2921 2922/2922
f 2923/2923 2924/2924 2925/2925
f 2926/2926 2927/2927 2928/2928
f 2929/2929 2930/2930 2931/2931
f 2932/2932 2933/2933 2934/2934
f 2935/2935 2936/2936 2937/2937
f 2938/2938 2939/2939 2940/2940
f 2941/2941 2942/2942 2943/2943
f 2944/2944 2945/2945 2946/2946
f 2947/2947 2948/2948 2949/2949
f 2950/2950 2951/2951 2952/2952
f 2953/2953 2954/2954 2955/2955
f 2956/2956 2957/2957 2958/2958
f 2959/2959 2960/2960 2961/2961
f 2962/2962 2963/2963 2964/2964
f 2965/2965 2966/2966 2967/2967
f 2968/2968 2969/2969 2970/2970
f 2971/2971 2972/2972 2973/2973
f 2974/2974 2975/2975 2976/2976
f 2977/2977 2978/2978 2979/2979
f 2980/2980 2981/2981 2982/2982
f 2983/2983 2984/2984 2985/2985
f 2986/2986 2987/2987 2988/2988
f 2989/2989 2990/2990 2991/2991
f 2992/2992 2993/2993 2994/2994
f 2995/2995 2996/2996 2997/2997
f 2998/2998 2999/2999 3000/3000
f 3001/3001 3002/3002 3003/3003
f 3004/3004 3005/3005 3006/3006
f 3007/3007 3008/3008 3009/3009
f 3010/3010 3011/3011 3012/3012
f 3013/3013 3014/3014 3015/3015
f 3016/3016 3017/3017 3018/3018
f 3019/3019 3020/3020 3021/3021
f 3022/3022 3023/3023 3024/3024
f 3025/3025 3026/3026 3027/3027
f 3028/3028 3029/3029 3030/3030
f 3031/3031 3032/3032 3033/3033
f 3034/3034 3035/3035 3036/3036
f 3037/3037 3038/3038 3039/3039
f 3040/3040 3041/3041 3042/3042
f 3043/3043 3044/3044 3045/3045
f 3046/3046 3047/3047 3048/3048
f 3049/3049 3050/3050 3051/3051
f 3052/3052 3053/3053 3054/3054
f 3055/3055 3056/3056 3057/3057
f 3058/3058 3059/3059 3060/3060
f 3061/3061 3062/3062 3063/3063
f 3064/3064 3065/3065 3066/3066
f 3067/3067 3068/3068 3069/3069
f 3070/3070 3071/3071 3072/3072
f 3073/3073 3074/3074 3075/3075
f 3076/3076 3077/3077 3078/3078
f 3079/3079 3080/3080 3081/3081
f 3082/3082 3083/3083 3084/3084
f 3085/3085 3086/3086 3087/3087
f 3088/3088 3089/3089 3090/3090
f 3091/3091 3092/3092 3093/3093
f 3094/3094 3095/3095 3096/3096
f 3097/3097 3098/3098 3099/3099
f 3100/3100 3101/3101 3102/3102
f 3103/3103 3104/3104 3105/3105
f 3106/3106 3107/3107 3108/3108
f 3109/3109 3110/3110 3111/3111
f 3112/3112 3113/3113 3114/3114
f 3115/3115 3116/3116 3117/3117
f 3118/3118 3119/3119 3120/3120
f 3121/3121 3122/3122 3123/3123
f 3124/3124 3125/3125 3126/3126
f 3127/3127 3128/3128 3129/3129
f 3130/3130 3131/3131 3132/3132
f 3133/3133 3134/3134 3135/3135
f 3136/3136 3137/3137 3138/3138
f 3139/3139 3140/3140 3141/3141
f 3142/3142 3143/3143 3144/3144
f 3145/3145 3146/3146 3147/3147
f 3148/3148 3149/3149 3150/3150
f 3151/3151 3152/3152 3153/3153
f 3154/3154 3155/3155 3156/3156
f 3157/3157 3158/3158 3159/3159
f 3160/3160 3161/3161 3162/3162
f 3163/3163 3164/3164 3165/3165
f 3166/3166 3167/3167 3168/3168
f 3169/3169 3170/3170 3171/3171
f 3172/3172 3173/3173 3174/3174
f 3175/3175 3176/3176 3177/3177
f 3178/3178 3179/3179 3180/3180
f 3181/3181 3182/3182 3183/3183
f 3184/3184 3185/3185 3186/3186
f 3187/3187 3188/3188 3189/3189
f 3190/3190 3191/3191 3192/3192
f 3193/3193 3194/3194 3195/3195
f 3196/3196 3197/3197 3198/3198
f 3199/3199 3200/3200 3201/3201
f 3202/3202 3203/3203 3204/3204
f 3205/3205 3206/3206 3207/3207
f 3208/3208 3209/3209 3210/3210
f 3211/3211 3212/3212 3213/3213
f 3214/3214 3215/3215 3216/3216
f 3217/3217 3218/3218 3219/3219
f 3220/3220 3221/3221 3222/3222
f 3223/3223 3224/3224 3225/3225
f 3226/3226 3227/3227 3228/3228
f 3229/3229 3230/3230 3231/3231
f 3232/3232 3233/3233 3234/3234
f 3235/3235 3236/3236 3237/3237
f 3238/3238 3239/3239 3240/3240
f 3241/3241 3242/3242 3243/3243
f 3244/3244 3245/3245 3246/3246
f 3247/3247 3248/3248 3249/3249
f 3250/3250 3251/3251 3252/3252
f 3253/3253 3254/3254 3255/3255
f 3256/3256 3257/3257 3258/3258
f 3259/3259 3260/3260 3261/3261
f 3262/3262 3263/3263 3264/3264
f 3265/3265 3266/3266 3267/3267
f 3268/3268 3269/3269 3270/3270
f 3271/3271 3272/3272 3273/3273
f 3274/3274 3275/3275 3276/3276
f 3277/3277 3278/3278 3279/3279
f 3280/3280 3281/3281 3282/3282
f 3283/3283 3284/3284 3285/3285
f 3286/3286 3287/3287 3288/3288
f 3289/3289 3290/3290 3291/3291
f 3292/3292 3293/3293 3294/3294
f 3295/3295 3296/3296 3297/3297
f 3298/3298 3299/3299 3300/3300
f 3301/3301 3302/3302 3303/3303
f 3304/3304 3305/3305 3306/3306
f 3307/3307 3308/3308 3309/3309
f 3310/3310 3311/3311 3312/3312
f 3313/3313 3314/3314 3315/3315
f 3316/3316 3317/3317 3318/3318
f 3319/3319 3320/3320 3321/3321
f 3322/3322 3323/3323 3324/3324
f 3325/3325 3326/3326 3327/3327
f 3328/3328 3329/3329 3330/3330
f 3331/3331 3332/3332 3333/3333
f 3334/3334 3335/3335 3336/3336
f 3337/3337 3338/3338 3339/3339
f 3340/3340 3341/3341 3342/3342
f 3343/3343 3344/3344 3345/3345
f 3346/3346 3347/3347 3348/3348
f 3349/3349 3350/3350 3351/3351
f 3352/3352 3353/3353 3354/3354
f 3355/3355 3356/3356 3357/3357
f 3358/3358 3359/3359 3360/3360
f 3361/3361 3362/3362 3363/3363
f 3364/3364 3365/3365 3366/3366
f 3367/3367 3368/3368 3369/3369
f 3370/3370 3371/3371 3372/3372
f 3373/3373 3374/3374 3375/3375
f 3376/3376 3377/3377 3378/3378
f 3379/3379 3380/3380 3381/3381
f 3382/3382 3383/3383 3384/3384
f 3385/3385 3386/3386 3387/3387
f 3388/3388 3389/3389 3390/3390
f 3391/3391 3392/3392 3393/3393
f 3394/3394 3395/3395 3396/3396
f 3397/3397 3398/3398 3399/3399
f 3400/3400 3401/3401 3402/3402
f 3403/3403 3404/3404 3405/3405
f 3406/3406 3407/3407 3408/3408
f 3409/3409 3410/3410 3411/3411
f 3412/3412 3413/3413 3414/3414
f 3415/3415 3416/3416 3417/3417
f 3418/3418 3419/3419 3420/3420
f 3421/3421 3422/3422 3423/3423
f 3424/3424 3425/3425 3426/3426
f 3427/3427 3428/3428 3429/3429
f 3430/3430 3431/3431 3432/3432
f 3433/3433 3434/3434 3435/3435
f 3436/3436 3437/3437 3438/3438
f 3439/3439 3440/3440 3441/3441
f 3442/3442 3443/3443 3444/3444
f 3445/3445 3446/3446 3447/3447
f 3448/3448 3449/3449 3450/3450
f 3451/3451 3452/3452 3453/3453
f 3454/3454 3455/3455 3456/3456
f 3457/3457 3458/3458 3459/3459
f 3460/3460 3461/3461 3462/3462
f 3463/3463 3464/3464 3465/3465
f 3466/3466 3467/3467 3468/3468
f 3469/3469 3470/3470 3471/3471
f 3472/3472 3473/3473 3474/3474
f 3475/3475 3476/3476 3477/3477
f 3478/3478 3479/3479 3480/3480
f 3481/3481 3482/3482 3483/3483
f 3484/3484 3485/3485 3486/3486
f 3487/3487 3488/3488 3489/3489
f 3490/3490 3491/3491 3492/3492
f 3493/3493 3494/3494 3495/3495
f 3496/3496 3497/3497 3498/3498
f 3499/3499 3500/3500 3501/3501
f 3502/3502 3503/3503 3504/3504
f 3505/3505 3506/3506 3507/3507
f 3508/3508 3509/3509 3510/3510
f 3511/3511 3512/3512 3513/3513
f 3514/3514 3515/3515 3516/3516
f 3517/3517 3518/3518 3519/3519
f 3520/3520 3521/3521 3522/3522
f 3523/3523 3524/3524 3525/3525
f 3526/3526 3527/3527 3528/3528
f 3529/3529 3530/3530 3531/3531
f 3532/3532 3533/3533 3534/3534
f 3535/3535 3536/3536 3537/3537
f 3538/3538 3539/3539 3540/3540
f 3541/3541 3542/3542 3543/3543
f 3544/3544 3545/3545 3546/3546
f 3547/3547 3548/3548 3549/3549
f 3550/3550 3551/3551 3552/3552
f 3553/3553 3554/3554 3555/3555
f 3556/3556 3557/3557 3558/3558
f 3559/3559 3560/3560 3561/3561
f 3562/3562 3563/3563 3564/3564
f 3565/3565 3566/3566 3567/3567
f 3568/3568 3569/3569 3570/3570
f 3571/3571 3572/3572 3573/3573
f 3574/3574 3575/3575 3576/3576
f 3577/3577 3578/3578 3579/3579
f 3580/3580 3581/3581 3582/3582
f 3583/3583 3584/3584 3585/3585
f 3586/3586 3587/3587 3588/3588
f 3589/3589 3590/3590 3591/3591
f 3592/3592 3593/3593 3594/3594
f 3595/3595 3596/3596 3597/3597
f 3598/3598 3599/3599 3600/3600
f 3601/3601 3602/3602 3603/3603
f 3604/3604 3605/3605 3606/3606
f 3607/3607 3608/3608 3609/3609
f 3610/3610 3611/3611 3612/3612
f 3613/3613 3614/3614 3615/3615
f 3616/3616 3617/3617 3618/3618
f 3619/3619 3620/3620 3621/3621
f 3622/3622 3623/3623 3624/3624
f 3625/3625 3626/3626 3627/3627
f 3628/3628 3629/3629 3630/3630
f 3631/3631 3632/3632 3633/3633
f 3634/3634 3635/3635 3636/3636
f 3637/3637 3638/3638 3639/3639
f 3640/3640 3641/3641 3642/3642
f 3643/3643 3644/3644 3645/3645
f 3646/3646 3647/3647 3648/3648
f 3649/3649 3650/3650 3651/3651
f 3652/3652 3653/3653 3654/3654
f 3655/3655 3656/3656 3657/3657
f 3658/3658 3659/3659 3660/3660
f 3661/3661 3662/3662 3663/3663
f 3664/3664 3665/3665 3666/3666
f 3667/3667 3668/3668 3669/3669
f 3670/3670 3671/3671 3672/3672
f 3673/3673 3674/3674 3675/3675
f 3676/3676 3677/3677 3678/3678
f 3679/3679 3680/3680 3681/3681
f 3682/3682 3683/3683 3684/3684
f 3685/3685 3686/3686 3687/3687
f 3688/3688 3689/3689 3690/3690
f 3691/3691 3692/3692 3693/3693
f 3694/3694 3695/3695 3696/3696
f 3697/3697 3698/3698 3699/3699
f 3700/3700 3701/3701 3702/3702
f 3703/3703 3704/3704 3705/3705
f 3706/3706 3707/3707 3708/3708
f 3709/3709 3710/3710 3711/3711
f 3712/3712 3713/3713 3714/3714
f 3715/3715 3716/3716 3717/3717
f 3718/3718 3719/3719 3720/3720
f 3721/3721 3722/3722 3723/3723
f 3724/3724 3725/3725 3726/3726
f 3727/3727 3728/3728 3729/3729
f 3730/3730 3731/3731 3732/3732
f 3733/3733 3734/3734 3735/3735
f 3736/3736 3737/3737 3738/3738
f 3739/3739 3740/3740 3741/3741
f 3742/3742 3743/3743 3744/3744
f 3745/3745 3746/3746 3747/3747
f 3748/3748 3749/3749 3750/3750
f 3751/3751 3752/3752 3753/3753
f 3754/3754 3755/3755 3756/3756
f 3757/3757 3758/3758 3759/3759
f 3760/3760 3761/3761 3762/3762
f 3763/3763 3764/3764 3765/3765
f 3766/3766 3767/3767 3768/3768
f 3769/3769 3770/3770 3771/3771
f 3772/3772 3773/3773 3774/3774
f 3775/3775 3776/3776 3777/3777
f 3778/3778 3779/3779 3780/3780
f 3781/3781 3782/3782 3783/3783
f 3784/3784 3785/3785 3786/3786
f 3787/3787 3788/3788 3789/3789
f 3790/3790 3791/3791 3792/3792
f 3793/3793 3794/3794 3795/3795
f 3796/3796 3797/3797 3798/3798
f 3799/3799 3800/3800 3801/3801
f 3802/3802 3803/3803 3804/3804
f 3805/3805 3806/3806 3807/3807
f 3808/3808 3809/3809 3810/3810
f 3811/3811 3812/3812 3813/3813
f 3814/3814 3815/3815 3816/3816
f 3817/3817 3818/3818 3819/3819
f 3820/3820 3821/3821 3822/3822
f 3823/3823 3824/3824 3825/3825
f 3826/3826 3827/3827 3828/3828
f 3829/3829 3830/3830 3831/3831
f 3832/3832 3833/3833 3834/3834
f 3835/3835 3836/3836 3837/3837
f 3838/3838 3839/3839 3840/3840
f 3841/3841 3842/3842 3843/3843
f 3844/3844 3845/3845 3846/3846
f 3847/3847 3848/3848 3849/3849
f 3850/3850 3851/3851 3852/3852
f 3853/3853 3854/3854 3855/3855
f 3856/3856 3857/3857 3858/3858
f 3859/3859 3860/3860 3861/3861
f 3862/3862 3863/3863 3864/3864
f 3865/3865 3866/3866 3867/3867
f 3868/3868 3869/3869 3870/3870
f 3871/3871 3872/3872 3873/3873
f 3874/3874 3875/3875 3876/3876
f 3877/3877 3878/3878 3879/3879
f 3880/3880 3881/3881 3882/3882
f 3883/3883 3884/3884 3885/3885
f 3886/3886 3887/3887 3888/3888
f 3889/3889 3890/3890 3891/3891
f 3892/3892 3893/3893 3894/3894
f 3895/3895 3896/3896 3897/3897
f 3898/3898 3899/3899 3900/3900
f 3901/3901 3902/3902 3903/3903
f 3904/3904 3905/3905 3906/3906
f 3907/3907 3908/3908 3909/3909
f 3910/3910 3911/3911 3912/3912
f 3913/3913 3914/3914 3915/3915
f 3916/3916 3917/3917 3918/3918
f 3919/3919 3920/3920 3921/3921
f 3922/3922 3923/3923 3924/3924
f 3925/3925 3926/3926 3927/3927
f 3928/3928 3929/3929 3930/3930
f 3931/3931 3932/3932 3933/3933
f 3934/3934 3935/3935 3936/3936
f 3937/3937 3938/3938 3939/3939
f 3940/3940 3941/3941 3942/3942
f 3943/3943 3944/3944 3945/3945
f 3946/3946 3947/3947 3948/3948
f 3949/3949 3950/3950 3951/3951
f 3952/3952 3953/3953 3954/3954
f 3955/3955 3956/3956 3957/3957
f 3958/3958 3959/3959 3960/3960
f 3961/3961 3962/3962 3963/3963
f 3964/3964 3965/3965 3966/3966
f 3967/3967 3968/3968 3969/3969
f 3970/3970 3971/3971 3972/3972
f 3973/3973 3974/3974 3975/3975
f 3976/3976 3977/3977 3978/3978
f 3979/3979 3980/3980 3981/3981
f 3982/3982 3983/3983 3984/3984
f 3985/3985 3986/3986 3987/3987
f 3988/3988 3989/3989 3990/3990
f 3991/3991 3992/3992 3993/3993
f 3994/3994 3995/3995 3996/3996
f 3997/3997 3998/3998 3999/3999
f 4000/4000 4001/4001 4002/4002
f 4003/4003 4004/4004 4005/4005
f 4006/4006 4007/4007 4008/4008
f 4009/4009 4010/4010 4011/4011
f 4012/4012 4013/4013 4014/4014
f 4015/4015 4016/4016 4017/4017
f 4018/4018 4019/4019 4020/4020
f 4021/4021 4022/4022 4023/4023
f 4024/4024 4025/4025 4026/4026
f 4027/4027 4028/4028 4029/4029
f 4030/4030 4031/4031 4032/4032
f 4033/4033 4034/4034 4035/4035
f 4036/4036 4037/4037 4038/4038
f 4039/4039 4040/4040 4041/4041
f 4042/4042 4043/4043 4044/4044
f 4045/4045 4046/4046 4047/4047
f 4048/4048 4049/4049 4050/4050
f 4051/4051 4052/4052 4053/4053
f 4054/4054 4055/4055 4056/4056
f 4057/4057 4058/4058 4059/4059
f 4060/4060 4061/4061 4062/4062
f 4063/4063 4064/4064 4065/4065
f 4066/4066 4067/4067 4068/4068
f 4069/4069 4070/4070 4071/4071
f 4072/4072 4073/4073 4074/4074
f 4075/4075 4076/4076 4077/4077
f 4078/4078 4079/4079 4080/4080
f 4081/4081 4082/4082 4083/4083
f 4084/4084 4085/4085 4086/4086
f 4087/4087 4088/4088 4089/4089
f 4090/4090 4091/4091 4092/4092
f 4093/4093 4094/4094 4095/4095
f 4096/4096 4097/4097 4098/4098
f 4099/4099 4100/4100 4101/4101
f 4102/4102 4103/4103 4104/4104
f 4105/4105 4106/4106 4107/4107
f 4108/4108 4109/4109 4110/4110
f 4111/4111 4112/4112 4113/4113
f 4114/4114 4115/4115 4116/4116
f 4117/4117 4118/4118 4119/4119
f 4120/4120 4121/4121 4122/4122
f 4123/4123 4124/4124 4125/4125
f 4126/4126 4127/4127 4128/4128
f 4129/4129 4130/4130 4131/4131
f 4132/4132 4133/4133 4134/4134
f 4135/4135 4136/4136 4137/4137
f 4138/4138 4139/4139 4140/4140
f 4141/4141 4142/4142 4143/4143
f 4144/4144 4145/4145 4146/4146
f 4147/4147 4148/4148 4149/4149
f 4150/4150 4151/4151 4152/4152
f 4153/4153 4154/4154 4155/4155
f 4156/4156 4157/4157 4158/4158
f 4159/4159 4160/4160 4161/4161
f 4162/4162 4163/4163 4164/4164
f 4165/4165 4166/4166 4167/4167
f 4168/4168 4169/4169 4170/4170
f 4171/4171 4172/4172 4173/4173
f 4174/4174 4175/4175 4176/4176
f 4177/4177 4178/4178 4179/4179
f 4180/4180 4181/4181 4182/4182
f 4183/4183 4184/4184 4185/4185
f 4186/4186 4187/4187 4188/4188
f 4189/4189 4190/4190 4191/4191
f 4192/4192 4193/4193 4194/4194
f 4195/4195 4196/4196 4197/4197
f 4198/4198 4199/4199 4200/4200
f 4201/4201 4202/4202 4203/4203
f 4204/4204 4205/4205 4206/4206
f 4207/4207 4208/4208 4209/4209
f 4210/4210 4211/4211 4212/4212
f 4213/4213 4214/4214 4215/4215
f 4216/4216 4217/4217 4218/4218
f 4219/4219 4220/4220 4221/4221
f 4222/4222 4223/4223 4224/4224
f 4225/4225 4226/4226 4227/4227
f 4228/4228 4229/4229 4230/4230
f 4231/4231 4232/4232 4233/4233
f 4234/4234 4235/4235 4236/4236
f 4237/4237 4238/4238 4239/4239
f 4240/4240 4241/4241 4242/4242
f 4243/4243 4244/4244 4245/4245
f 4246/4246 4247/4247 4248/4248
f 4249/4249 4250/4250 4251/4251
f 4252/4252 4253/4253 4254/4254
f 4255/4255 4256/4256 4257/4257
f 4258/4258 4259/4259 4260/4260
f 4261/4261 4262/4262 4263/4263
f 4264/4264 4265/4265 4266/4266
f 4267/4267 4268/4268 4269/4269
f 4270/4270 4271/4271 4272/4272
f 4273/4273 4274/4274 4275/4275
f 4276/4276 4277/4277 4278/4278
f 4279/4279 4280/4280 4281/4281
f 4282/4282 4283/4283 4284/4284
f 4285/4285 4286/4286 4287/4287
f 4288/4288 4289/4289 4290/4290
f 4291/4291 4292/4292 4293/4293
f 4294/4294 4295/4295 4296/4296
f 4297/4297 4298/4298 4299/4299
f 4300/4300 4301/4301 4302/4302
f 4303/4303 4304/4304 4305/4305
f 4306/4306 4307/4307 4308/4308
f 4309/4309 4310/4310 4311/4311
f 4312/4312 4313/4313 4314/4314
f 4315/4315 4316/4316 4317/4317
f 4318/4318 4319/4319 4320/4320
f 4321/4321 4322/4322 4323/4323
f 4324/4324 4325/4325 4326/4326
f 4327/4327 4328/4328 4329/4329
f 4330/4330 4331/4331 4332/4332
f 4333/4333 4334/4334 4335/4335
f 4336/4336 4337/4337 4338/4338
f 4339/4339 4340/4340 4341/4341
f 4342/4342 4343/4343 4344/4344
f 4345/4345 4346/4346 4347/4347
f 4348/4348 4349/4349 4350/4350
f 4351/4351 4352/4352 4353/4353
f 4354/4354 4355/4355 4356/4356
f 4357/4357 4358/4358 4359/4359
f 4360/4360 4361/4361 4362/4362
f 4363/4363 4364/4364 4365/4365
f 4366/4366 4367/4367 4368/4368
f 4369/4369 4370/4370 4371/4371
f 4372/4372 4373/4373 4374/4374
f 4375/4375 4376/4376 4377/4377
f 4378/4378 4379/4379 4380/4380
f 4381/4381 4382/4382 4383/4383
f 4384/4384 4385/4385 4386/4386
f 4387/4387 4388/4388 4389/4389
f 4390/4390 4391/4391 4392/4392
f 4393/4393 4394/4394 4395/4395
f 4396/4396 4397/4397 4398/4398
f 4399/4399 4400/4400 4401/4401
f 4402/4402 4403/4403 4404/4404
f 4405/4405 4406/4406 4407/4407
f 4408/4408 4409/4409 4410/4410
f 4411/4411 4412/4412 4413/4413
f 4414/4414 4415/4415 4416/4416
f 4417/4417 4418/4418 4419/4419
f 4420/4420 4421/4421 4422/4422
f 4423/4423 4424/4424 4425/4425
f 4426/4426 4427/4427 4428/4428
f 4429/4429 4430/4430 4431/4431
f 4432/4432 4433/4433 4434/4434
f 4435/4435 4436/4436 4437/4437
f 4438/4438 4439/4439 4440/4440
f 4441/4441 4442/4442 4443/4443
f 4444/4444 4445/4445 4446/4446
f 4447/4447 4448/4448 4449/4449
f 4450/4450 4451/4451 4452/4452
f 4453/4453 4454/4454 4455/4455
f 4456/4456 4457/4457 4458/4458
f 4459/4459 4460/4460 4461/4461
f 4462/4462 4463/4463 4464/4464
f 4465/4465 4466/4466 4467/4467
f 4468/4468 4469/4469 4470/4470
f 4471/4471 4472/4472 4473/4473
f 4474/4474 4475/4475 4476/4476
f 4477/4477 4478/4478 4479/4479
f 4480/4480 4481/4481 4482/4482
f 4483/4483 4484/4484 4485/4485
f 4486/4486 4487/4487 4488/4488
f 4489/4489 4490/4490 4491/4491
f 4492/4492 4493/4493 4494/4494
f 4495/4495 4496/4496 4497/4497
f 4498/4498 4499/4499 4500/4500
f 4501/4501 4502/4502 4503/4503
f 4504/4504 4505/4505 4506/4506
f 4507/4507 4508/4508 4509/4509
f 4510/4510 4511/4511 4512/4512
f 4513/4513 4514/4514 4515/4515
f 4516/4516 4517/4517 4518/4518
f 4519/4519 4520/4520 4521/4521
f 4522/4522 4523/4523 4524/4524
f 4525/4525 4526/4526 4527/4527
f 4528/4528 4529/4529 4530/4530
f 4531/4531 4532/4532 4533/4533
f 4534/4534 4535/4535 4536/4536
f 4537/4537 4538/4538 4539/4539
f 4540/4540 4541/4541 4542/4542
f 4543/4543 4544/4544 4545/4545
f 4546/4546 4547/4547 4548/4548
f 4549/4549 4550/4550 4551/4551
f 4552/4552 4553/4553 4554/4554
f 4555/4555 4556/4556 4557/4557
f 4558/4558 4559/4559 4560/4560
f 4561/4561 4562/4562 4563/4563
f 4564/4564 4565/4565 4566/4566
f 4567/4567 4568/4568 4569/4569
f 4570/4570 4571/4571 4572/4572
f 4573/4573 4574/4574 4575/4575
f 4576/4576 4577/4577 4578/4578
f 4579/4579 4580/4580 4581/4581
f 4582/4582 4583/4583 4584/4584
f 4585/4585 4586/4586 4587/4587
f 4588/4588 4589/4589 4590/4590
f 4591/4591 4592/4592 4593/4593
f 4594/4594 4595/4595 4596/4596
f 4597/4597 4598/4598 4599/4599
f 4600/4600 4601/4601 4602/4602
f 4603/4603 4604/4604 4605/4605
f 4606/4606 4607/4607 4608/4608
f 4609/4609 4610/4610 4611/4611
f 4612/4612 4613/4613 4614/4614
f 4615/4615 4616/4616 4617/4617
f 4618/4618 4619/4619 4620/4620
f 4621/4621 4622/4622 4623/4623
f 4624/4624 4625/4625 4626/4626
f 4627/4627 4628/4628 4629/4629
f 4630/4630 4631/4631 4632/4632
f 4633/4633 4634/4634 4635/4635
f 4636/4636 4637/4637 4638/4638
f 4639/4639 4640/4640 4641/4641
f 4642/4642 4643/4643 4644/4644
f 4645/4645 4646/4646 4647/4647
f 4648/4648 4649/4649 4650/4650
f 4651/4651 4652/4652 4653/4653
f 4654/4654 4655/4655 4656/4656
f 4657/4657 4658/4658 4659/4659
f 4660/4660 4661/4661 4662/4662
f 4663/4663 4664/4664 4665/4665
f 4666/4666 4667/4667 4668/4668
f 4669/4669 4670/4670 4671/4671
f 4672/4672 4673/4673 4674/4674
f 4675/4675 4676/4676 4677/4677
f 4678/4678 4679/4679 4680/4680
f 4681/4681 4682/4682 4683/4683
f 4684/4684 4685/4685 4686/4686
f 4687/4687 4688/4688 4689/4689
f 4690/4690 4691/4691 4692/4692
f 4693/4693 4694/4694 4695/4695
f 4696/4696 4697/4697 4698/4698
f 4699/4699 4700/4700 4701/4701
f 4702/4702 4703/4703 4704/4704
f 4705/4705 4706/4706 4707/4707
f 4708/4708 4709/4709 4710/4710
f 4711/4711 4712/4712 4713/4713
f 4714/4714 4715/4715 4716/4716
f 4717/4717 4718/4718 4719/4719
f 4720/4720 4721/4721 4722/4722
f 4723/4723 4724/4724 4725/4725
f 4726/4726 4727/4727 4728/4728
f 4729/4729 4730/4730 4731/4731
f 4732/4732 4733/4733 4734/4734
f 4735/4735 4736/4736 4737/4737
f 4738/4738 4739/4739 4740/4740
f 4741/4741 4742/4742 4743/4743
f 4744/4744 4745/4745 4746/4746
f 4747/4747 4748/4748 4749/4749
f 4750/4750 4751/4751 4752/4752
f 4753/4753 4754/4754 4755/4755
f 4756/4756 4757/4757 4758/4758
f 4759/4759 4760/4760 4761/4761
f 4762/4762 4763/4763 4764/4764
f 4765/4765 4766/4766 4767/4767
f 4768/4768 4769/4769 4770/4770
f 4771/4771 4772/4772 4773/4773
f 4774/4774 4775/4775 4776/4776
f 4777/4777 4778/4778 4779/4779
f 4780/4780 4781/4781 4782/4782
f 4783/4783 4784/4784 4785/4785
f 4786/4786 4787/4787 4788/4788
f 4789/4789 4790/4790 4791/4791
f 4792/4792 4793/4793 4794/4794
f 4795/4795 4796/4796 4797/4797
f 4798/4798 4799/4799 4800/4800
f 4801/4801 4802/4802 4803/4803
f 4804/4804 4805/4805 4806/4806
f 4807/4807 4808/4808 4809/4809
f 4810/4810 4811/4811 4812/4812
f 4813/4813 4814/4814 4815/4815
f 4816/4816 4817/4817 4818/4818
f 4819/4819 4820/4820 4821/4821
f 4822/4822 4823/4823 4824/4824
f 4825/4825 4826/4826 4827/4827
f 4828/4828 4829/4829 4830/4830
f 4831/4831 4832/4832 4833/4833
f 4834/4834 4835/4835 4836/4836
f 4837/4837 4838/4838 4839/4839
f 4840/4840 4841/4841 4842/4842
f 4843/4843 4844/4844 4845/4845
f 4846/4846 4847/4847 4848/4848
f 4849/4849 4850/4850 4851/4851
f 4852/4852 4853/4853 4854/4854
f 4855/4855 4856/4856 4857/4857
f 4858/4858 4859/4859 4860/4860
f 4861/4861 4862/4862 4863/4863
f 4864/4864 4865/4865 4866/4866
f 4867/4867 4868/4868 4869/4869
f 4870/4870 4871/4871 4872/4872
f 4873/4873 4874/4874 4875/4875
f 4876/4876 4877/4877 4878/4878
f 4879/4879 4880/4880 4881/4881
f 4882/4882 4883/4883 4884/4884
f 4885/4885 4886/4886 4887/4887
f 4888/4888 4889/4889 4890/4890
f 4891/4891 4892/4892 4893/4893
f 4894/4894 4895/4895 4896/4896
f 4897/4897 4898/4898 4899/4899
f 4900/4900 4901/4901 4902/4902
f 4903/4903 4904/4904 4905/4905
f 4906/4906 4907/4907 4908/4908
f 4909/4909 4910/4910 4911/4911
f 4912/4912 4913/4913 4914/4914
f 4915/4915 4916/4916 4917/4917
f 4918/4918 4919/4919 4920/4920
f 4921/4921 4922/4922 4923/4923
f 4924/4924 4925/4925 4926/4926
f 4927/4927 4928/4928 4929/4929
f 4930/4930 4931/4931 4932/4932
f 4933/4933 4934/4934 4935/4935
f 4936/4936 4937/4937 4938/4938
f 4939/4939 4940/4940 4941/4941
f 4942/4942 4943/4943 4944/4944
f 4945/4945 4946/4946 4947/4947
f 4948/4948 4949/4949 4950/4950
f 4951/4951 4952/4952 4953/4953
f 4954/4954 4955/4955 4956/4956
f 4957/4957 4958/4958 4959/4959
f 4960/4960 4961/4961 4962/4962
f 4963/4963 4964/4964 4965/4965
f 4966/4966 4967/4967 4968/4968
f 4969/4969 4970/4970 4971/4971
f 4972/4972 4973/4973 4974/4974
f 4975/4975 4976/4976 4977/4977
f 4978/4978 4979/4979 4980/4980
f 4981/4981 4982/4982 4983/4983
f 4984/4984 4985/4985 4986/4986
f 4987/4987 4988/4988 4989/4989
f 4990/4990 4991/4991 4992/4992
f 4993/4993 4994/4994 4995/4995
f 4996/4996 4997/4997 4998/4998
f 4999/4999 5000/5000 5001/5001
f 5002/5002 5003/5003 5004/5004
f 5005/5005 5006/5006 5007/5007
f 5008/5008 5009/5009 5010/5010
f 5011/5011 5012/5012 5013/5013
f 5014/5014 5015/5015 5016/5016
f 5017/5017 5018/5018 5019/5019
f 5020/5020 5021/5021 5022/5022
f 5023/5023 5024/5024 5025/5025
f 5026/5026 5027/5027 5028/5028
f 5029/5029 5030/5030 5031/5031
f 5032/5032 5033/5033 5034/5034
f 5035/5035 5036/5036 5037/5037
f 5038/5038 5039/5039 5040/5040
f 5041/5041 5042/5042 5043/5043
f 5044/5044 5045/5045 5046/5046
f 5047/5047 5048/5048 5049/5049
f 5050/5050 5051/5051 5052/5052
f 5053/5053 5054/5054 5055/5055
f 5056/5056 5057/5057 5058/5058
f 5059/5059 5060/5060 5061/5061
f 5062/5062 5063/5063 5064/5064
f 5065/5065 5066/5066 5067/5067
f 5068/5068 5069/5069 5070/5070
f 5071/5071 5072/5072 5073/5073
f 5074/5074 5075/5075 5076/5076
f 5077/5077 5078/5078 5079/5079
f 5080/5080 5081/5081 5082/5082
f 5083/5083 5084/5084 5085/5085
f 5086/5086 5087/5087 5088/5088
f 5089/5089 5090/5090 5091/5091
f 5092/5092 5093/5093 5094/5094
f 5095/5095 5096/5096 5097/5097
f 5098/5098 5099/5099 5100/5100
f 5101/5101 5102/5102 5103/5103
f 5104/5104 5105/5105 5106/5106
f 5107/5107 5108/5108 5109/5109
f 5110/5110 5111/5111 5112/5112
f 5113/5113 5114/5114 5115/5115
f 5116/5116 5117/5117 5118/5118
f 5119/5119 5120/5120 5121/5121
f 5122/5122 5123/5123 5124/5124
f 5125/5125 5126/5126 5127/5127
f 5128/5128 5129/5129 5130/5130
f 5131/5131 5132/5132 5133/5133
f 5134/5134 5135/5135 5136/5136
f 5137/5137 5138/5138 5139/5139
f 5140/5140 5141/5141 5142/5142
f 5143/5143 5144/5144 5145/5145
f 5146/5146 5147/5147 5148/5148
f 5149/5149 5150/5150 5151/5151
f 5152/5152 5153/5153 5154/5154
f 5155/5155 5156/5156 5157/5157
f 5158/5158 5159/5159 5160/5160
f 5161/5161 5162/5162 5163/5163
f 5164/5164 5165/5165 5166/5166
f 5167/5167 5168/5168 5169/5169
f 5170/5170 5171/5171 5172/5172
f 5173/5173 5174/5174 5175/5175
f 5176/5176 5177/5177 5178/5178
f 5179/5179 5180/5180 5181/5181
f 5182/5182 5183/5183 5184/5184
f 5185/5185 5186/5186 5187/5187
f 5188/5188 5189/5189 5190/5190
f 5191/5191 5192/5192 5193/5193
f 5194/5194 5195/5195 5196/5196
f 5197/5197 5198/5198 5199/5199
f 5200/5200 5201/5201 5202/5202
f 5203/5203 5204/5204 5205/5205
f 5206/5206 5207/5207 5208/5208
f 5209/5209 5210/5210 5211/5211
f 5212/5212 5213/5213 5214/5214
f 5215/5215 5216/5216 5217/5217
f 5218/5218 5219/5219 5220/5220
f 5221/5221 5222/5222 5223/5223
f 5224/5224 5225/5225 5226/5226
f 5227/5227 5228/5228 5229/5229
f 5230/5230 5231/5231 5232/5232
f 5233/5233 5234/5234 5235/5235
f 5236/5236 5237/5237 5238/5238
f 5239/5239 5240/5240 5241/5241
f 5242/5242 5243/5243 5244/5244
f 5245/5245 5246/5246 5247/5247
f 5248/5248 5249/5249 5250/5250
f 5251/5251 5252/5252 5253/5253
f 5254/5254 5255/5255 5256/5256
f 5257/5257 5258/5258 5259/5259
f 5260/5260 5261/5261 5262/5262
f 5263/5263 5264/5264 5265/5265
f 5266/5266 5267/5267 5268/5268
f 5269/5269 5270/5270 5271/5271
f 5272/5272 5273/5273 5274/5274
f 5275/5275 5276/5276 5277/5277
f 5278/5278 5279/5279 5280/5280
f 5281/5281 5282/5282 5283/5283
f 5284/5284 5285/5285 5286/5286
f 5287/5287 5288/5288 5289/5289
f 5290/5290 5291/5291 5292/5292
f 5293/5293 5294/5294 5295/5295
f 5296/5296 5297/5297 5298/5298
f 5299/5299 5300/5300 5301/5301
f 5302/5302 5303/5303 5304/5304
f 5305/5305 5306/5306 5307/5307
f 5308/5308 5309/5309 5310/5310
f 5311/5311 5312/5312 5313/5313
f 5314/5314 5315/5315 5316/5316
f 5317/5317 5318/5318 5319/5319
f 5320/5320 5321/5321 5322/5322
f 5323/5323 5324/5324 5325/5325
f 5326/5326 5327/5327 5328/5328
f 5329/5329 5330/5330 5331/5331
f 5332/5332 5333/5333 5334/5334
f 5335/5335 5336/5336 5337/5337
f 5338/5338 5339/5339 5340/5340
f 5341/5341 5342/5342 5343/5343
f 5344/5344 5345/5345 5346/5346
f 5347/5347 5348/5348 5349/5349
f 5350/5350 5351/5351 5352/5352
f 5353/5353 5354/5354 5355/5355
f 5356/5356 5357/5357 5358/5358
f 5359/5359 5360/5360 5361/5361
f 5362/5362 5363/5363 5364/5364
f 5365/5365 5366/5366 5367/5367
f 5368/5368 5369/5369 5370/5370
f 5371/5371 5372/5372 5373/5373
f 5374/5374 5375/5375 5376/5376
f 5377/5377 5378/5378 5379/5379
f 5380/5380 5381/5381 5382/5382
f 5383/5383 5384/5384 5385/5385
f 5386/5386 5387/5387 5388/5388
f 5389/5389 5390/5390 5391/5391
f 5392/5392 5393/5393 5394/5394
f 5395/5395 5396/5396 5397/5397
f 5398/5398 5399/5399 5400/5400
f 5401/5401 5402/5402 5403/5403
f 5404/5404 5405/5405 5406/5406
f 5407/5407 5408/5408 5409/5409
f 5410/5410 5411/5411 5412/5412
f 5413/5413 5414/5414 5415/5415
f 5416/5416 5417/5417 5418/5418
f 5419/5419 5420/5420 5421/5421
f 5422/5422 5423/5423 5424/5424
f 5425/5425 5426/5426 5427/5427
f 5428/5428 5429/5429 5430/5430
f 5431/5431 5432/5432 5433/5433
f 5434/5434 5435/5435 5436/5436
f 5437/5437 5438/5438 5439/5439
f 5440/5440 5441/5441 5442/5442
f 5443/5443 5444/5444 5445/5445
f 5446/5446 5447/5447 5448/5448
f 5449/5449 5450/5450 5451/5451
f 5452/5452 5453/5453 5454/5454
f 5455/5455 5456/5456 5457/5457
f 5458/5458 5459/5459 5460/5460
f 5461/5461 5462/5462 5463/5463
f 5464/5464 5465/5465 5466/5466
f 5467/5467 5468/5468 5469/5469
f 5470/5470 5471/5471 5472/5472
f 5473/5473 5474/5474 5475/5475
f 5476/5476 5477/5477 5478/5478
f 5479/5479 5480/5480 5481/5481
f 5482/5482 5483/5483 5484/5484
f 5485/5485 5486/5486 5487/5487
f 5488/5488 5489/5489 5490/5490
f 5491/5491 5492/5492 5493/5493
f 5494/5494 5495/5495 5496/5496
f 5497/5497 5498/5498 5499/5499
f 5500/5500 5501/5501 5502/5502
f 5503/5503 5504/5504 5505/5505
f 5506/5506 5507/5507 5508/5508
f 5509/5509 5510/5510 5511/5511
f 5512/5512 5513/5513 5514/5514
f 5515/5515 5516/5516 5517/5517
f 5518/5518 5519/5519 5520/5520
f 5521/5521 5522/5522 5523/5523
f 5524/5524 5525/5525 5526/5526
f 5527/5527 5528/5528 5529/5529
f 5530/5530 5531/5531 5532/5532
f 5533/5533 5534/5534 5535/5535
f 5536/5536 5537/5537 5538/5538
f 5539/5539 5540/5540 5541/5541
f 5542/5542 5543/5543 5544/5544
f 5545/5545 5546/5546 5547/5547
f 5548/5548 5549/5549 5550/5550
f 5551/5551 5552/5552 5553/5553
f 5554/5554 5555/5555 5556/5556
f 5557/5557 5558/5558 5559/5559
f 5560/5560 5561/5561 5562/5562
f 5563/5563 5564/5564 5565/5565
f 5566/5566 5567/5567 5568/5568
f 5569/5569 5570/5570 5571/5571
f 5572/5572 5573/5573 5574/5574
f 5575/5575 5576/5576 5577/5577
f 5578/5578 5579/5579 5580/5580
f 5581/5581 5582/5582 5583/5583
f 5584/5584 5585/5585 5586/5586
f 5587/5587 5588/5588 5589/5589
f 5590/5590 5591/5591 5592/5592
f 5593/5593 5594/5594 5595/5595
f 5596/5596 5597/5597 5598/5598
f 5599/5599 5600/5600 5601/5601
f 5602/5602 5603/5603 5604/5604
f 5605/5605 5606/5606 5607/5607
f 5608/5608 5609/5609 5610/5610
f 5611/5611 5612/5612 5613/5613
f 5614/5614 5615/5615 5616/5616
f 5617/5617 5618/5618 5619/5619
f 5620/5620 5621/5621 5622/5622
f 5623/5623 5624/5624 5625/5625
f 5626/5626 5627/5627 5628/5628
f 5629/5629 5630/5630 5631/5631
f 5632/5632 5633/5633 5634/5634
f 5635/5635 5636/5636 5637/5637
f 5638/5638 5639/5639 5640/5640
f 5641/5641 5642/5642 5643/5643
f 5644/5644 5645/5645 5646/5646
f 5647/5647 5648/5648 5649/5649
f 5650/5650 5651/5651 5652/5652
f 5653/5653 5654/5654 5655/5655
f 5656/5656 5657/5657 5658/5658
f 5659/5659 5660/5660 5661/5661
f 5662/5662 5663/5663 5664/5664
f 5665/5665 5666/5666 5667/5667
f 5668/5668 5669/5669 5670/5670
f 5671/5671 5672/5672 5673/5673
f 5674/5674 5675/5675 5676/5676
f 5677/5677 5678/5678 5679/5679
f 5680/5680 5681/5681 5682/5682
f 5683/5683 5684/5684 5685/5685
f 5686/5686 5687/5687 5688/5688
f 5689/5689 5690/5690 5691/5691
f 5692/5692 5693/5693 5694/5694
f 5695/5695 5696/5696 5697/5697
f 5698/5698 5699/5699 5700/5700
f 5701/5701 5702/5702 5703/5703
f 5704/5704 5705/5705 5706/5706
f 5707/5707 5708/5708 5709/5709
f 5710/5710 5711/5711 5712/5712
f 5713/5713 5714/5714 5715/5715
f 5716/5716 5717/5717 5718/5718
f 5719/5719 5720/5720 5721/5721
f 5722/5722 5723/5723 5724/5724
f 5725/5725 5726/5726 5727/5727
f 5728/5728 5729/5729 5730/5730
f 5731/5731 5732/5732 5733/5733
f 5734/5734 5735/5735 5736/5736
f 5737/5737 5738/5738 5739/5739
f 5740/5740 5741/5741 5742/5742
f 5743/5743 5744/5744 5745/5745
f 5746/5746 5747/5747 5748/5748
f 5749/5749 5750/5750 5751/5751
f 5752/5752 5753/5753 5754/5754
f 5755/5755 5756/5756 5757/5757
f 5758/5758 5759/5759 5760/5760
f 5761/5761 5762/5762 5763/5763
f 5764/5764 5765/5765 5766/5766
f 5767/5767 5768/5768 5769/5769
f 5770/5770 5771/5771 5772/5772
f 5773/5773 5774/5774 5775/5775
f 5776/5776 5777/5777 5778/5778
f 5779/5779 5780/5780 5781/5781
f 5782/5782 5783/5783 5784/5784
f 5785/5785 5786/5786 5787/5787
f 5788/5788 5789/5789 5790/5790
f 5791/5791 5792/5792 5793/5793
f 5794/5794 5795/5795 5796/5796
f 5797/5797 5798/5798 5799/5799
f 5800/5800 5801/5801 5802/5802
f 5803/5803 5804/5804 5805/5805
f 5806/5806 5807/5807 5808/5808
f 5809/5809 5810/5810 5811/5811
f 5812/5812 5813/5813 5814/5814
f 5815/5815 5816/5816 5817/5817
f 5818/5818 5819/5819 5820/5820
f 5821/5821 5822/5822 5823/5823
f 5824/5824 5825/5825 5826/5826
f 5827/5827 5828/5828 5829/5829
f 5830/5830 5831/5831 5832/5832
f 5833/5833 5834/5834 5835/5835
f 5836/5836 5837/5837 5838/5838
f 5839/5839 5840/5840 5841/5841
f 5842/5842 5843/5843 5844/5844
f 5845/5845 5846/5846 5847/5847
f 5848/5848 5849/5849 5850/5850
f 5851/5851 5852/5852 5853/5853
f 5854/5854 5855/5855 5856/5856
f 5857/5857 5858/5858 5859/5859
f 5860/5860 5861/5861 5862/5862
f 5863/5863 5864/5864 5865/5865
f 5866/5866 5867/5867 5868/5868
f 5869/5869 5870/5870 5871/5871
f 5872/5872 5873/5873 5874/5874
f 5875/5875 5876/5876 5877/5877
f 5878/5878 5879/5879 5880/5880
f 5881/5881 5882/5882 5883/5883
f 5884/5884 5885/5885 5886/5886
f 5887/5887 5888/5888 5889/5889
f 5890/5890 5891/5891 5892/5892
f 5893/5893 5894/5894 5895/5895
f 5896/5896 5897/5897 5898/5898
f 5899/5899 5900/5900 5901/5901
f 5902/5902 5903/5903 5904/5904
f 5905/5905 5906/5906 5907/5907
f 5908/5908 5909/5909 5910/5910
f 5911/5911 5912/5912 5913/5913
f 5914/5914 5915/5915 5916/5916
f 5917/5917 5918/5918 5919/5919
f 5920/5920 5921/5921 5922/5922
f 5923/5923 5924/5924 5925/5925
f 5926/5926 5927/5927 5928/5928
f 5929/5929 5930/5930 5931/5931
f 5932/5932 5933/5933 5934/5934
f 5935/5935 5936/5936 5937/5937
f 5938/5938 5939/5939 5940/5940
f 5941/5941 5942/5942 5943/5943
f 5944/5944 5945/5945 5946/5946
f 5947/5947 5948/5948 5949/5949
f 5950/5950 5951/5951 5952/5952
f 5953/5953 5954/5954 5955/5955
f 5956/5956 5957/5957 5958/5958
f 5959/5959 5960/5960 5961/5961
f 5962/5962 5963/5963 5964/5964
f 5965/5965 5966/5966 5967/5967
f 5968/5968 5969/5969 5970/5970
f 5971/5971 5972/5972 5973/5973
f 5974/5974 5975/5975 5976/5976
f 5977/5977 5978/5978 5979/5979
f 5980/5980 5981/5981 5982/5982
f 5983/5983 5984/5984 5985/5985
f 5986/5986 5987/5987 5988/5988
f 5989/5989 5990/5990 5991/5991
f 5992/5992 5993/5993 5994/5994
f 5995/5995 5996/5996 5997/5997
f 5998/5998 5999/5999 6000/6000
f 6001/6001 6002/6002 6003/6003
f 6004/6004 6005/6005 6006/6006
f 6007/6007 6008/6008 6009/6009
f 6010/6010 6011/6011 6012/6012
f 6013/6013 6014/6014 6015/6015
f 6016/6016 6017/6017 6018/6018
f 6019/6019 6020/6020 6021/6021
f 6022/6022 6023/6023 6024/6024
f 6025/6025 6026/6026 6027/6027
f 6028/6028 6029/6029 6030/6030
f 6031/6031 6032/6032 6033/6033
f 6034/6034 6035/6035 6036/6036
f 6037/6037 6038/6038 6039/6039
f 6040/6040 6041/6041 6042/6042
f 6043/6043 6044/6044 6045/6045
f 6046/6046 6047/6047 6048/6048
f 6049/6049 6050/6050 6051/6051
f 6052/6052 6053/6053 6054/6054
f 6055/6055 6056/6056 6057/6057
f 6058/6058 6059/6059 6060/6060
f 6061/6061 6062/6062 6063/6063
f 6064/6064 6065/6065 6066/6066
f 6067/6067 6068/6068 6069/6069
f 6070/6070 6071/6071 6072/6072
f 6073/6073 6074/6074 6075/6075
f 6076/6076 6077/6077 6078/6078
f 6079/6079 6080/6080 6081/6081
f 6082/6082 6083/6083 6084/6084
f 6085/6085 6086/6086 6087/6087
f 6088/6088 6089/6089 6090/6090
f 6091/6091 6092/6092 6093/6093
f 6094/6094 6095/6095 6096/6096
f 6097/6097 6098/6098 6099/6099
f 6100/6100 6101/6101 6102/6102
f 6103/6103 6104/6104 6105/6105
f 6106/6106 6107/6107 6108/6108
f 6109/6109 6110/6110 6111/6111
f 6112/6112 6113/6113 6114/6114
f 6115/6115 6116/6116 6117/6117
f 6118/6118 6119/6119 6120/6120
f 6121/6121 6122/6122 6123/6123
f 6124/6124 6125/6125 6126/6126
f 6127/6127 6128/6128 6129/6129
f 6130/6130 6131/6131 6132/6132
f 6133/6133 6134/6134 6135/6135
f 6136/6136 6137/6137 6138/6138
f 6139/6139 6140/6140 6141/6141
f 6142/6142 6143/6143 6144/6144
f 6145/6145 6146/6146 6147/6147
f 6148/6148 6149/6149 6150/6150
f 6151/6151 6152/6152 6153/6153
f 6154/6154 6155/6155 6156/6156
f 6157/6157 6158/6158 6159/6159
f 6160/6160 6161/6161 6162/6162
f 6163/6163 6164/6164 6165/6165
f 6166/6166 6167/6167 6168/6168
f 6169/6169 6170/6170 6171/6171
f 6172/6172 6173/6173 6174/6174
f 6175/6175 6176/6176 6177/6177
f 6178/6178 6179/6179 6180/6180
f 6181/6181 6182/6182 6183/6183
f 6184/6184 6185/6185 6186/6186
f 6187/6187 6188/6188 6189/6189
f 6190/6190 6191/6191 6192/6192
f 6193/6193 6194/6194 6195/6195
f 6196/6196 6197/6197 6198/6198
f 6199/6199 6200/6200 6201/6201
f 6202/6202 6203/6203 6204/6204
f 6205/6205 6206/6206 6207/6207
f 6208/6208 6209/6209 6210/6210
f 6211/6211 6212/6212 6213/6213
f 6214/6214 6215/6215 6216/6216
f 6217/6217 6218/6218 6219/6219
f 6220/6220 6221/6221 6222/6222
f 6223/6223 6224/6224 6225/6225
f 6226/6226 6227/6227 6228/6228
f 6229/6229 6230/6230 6231/6231
f 6232/6232 6233/6233 6234/6234
f 6235/6235 6236/6236 6237/6237
f 6238/6238 6239/6239 6240/6240
f 6241/6241 6242/6242 6243/6243
f 6244/6244 6245/6245 6246/6246
f 6247/6247 6248/6248 6249/6249
f 6250/6250 6251/6251 6252/6252
f 6253/6253 6254/6254 6255/6255
f 6256/6256 6257/6257 6258/6258
f 6259/6259 6260/6260 6261/6261
f 6262/6262 6263/6263 6264/6264
f 6265/6265 6266/6266 6267/6267
f 6268/6268 6269/6269 6270/6270
f 6271/6271 6272/6272 6273/6273
f 6274/6274 6275/6275 6276/6276
f 6277/6277 6278/6278 6279/6279
f 6280/6280 6281/6281 6282/6282
f 6283/6283 6284/6284 6285/6285
f 6286/6286 6287/6287 6288/6288
f 6289/6289 6290/6290 6291/6291
f 6292/6292 6293/6293 6294/6294
f 6295/6295 6296/6296 6297/6297
f 6298/6298 6299/6299 6300/6300
f 6301/6301 6302/6302 6303/6303
f 6304/6304 6305/6305 6306/6306
f 6307/6307 6308/6308 6309/6309
f 6310/6310 6311/6311 6312/6312
f 6313/6313 6314/6314 6315/6315
f 6316/6316 6317/6317 6318/6318
f 6319/6319 6320/6320 6321/6321
f 6322/6322 6323/6323 6324/6324
f 6325/6325 6326/6326 6327/6327
f 6328/6328 6329/6329 6330/6330
f 6331/6331 6332/6332 6333/6333
f 6334/6334 6335/6335 6336/6336
f 6337/6337 6338/6338 6339/6339
f 6340/6340 6341/6341 6342/6342
f 6343/6343 6344/6344 6345/6345
f 6346/6346 6347/6347 6348/6348
f 6349/6349 6350/6350 6351/6351
f 6352/6352 6353/6353 6354/6354
f 6355/6355 6356/6356 6357/6357
f 6358/6358 6359/6359 6360/6360
f 6361/6361 6362/6362 6363/6363
f 6364/6364 6365/6365 6366/6366
f 6367/6367 6368/6368 6369/6369
f 6370/6370 6371/6371 6372/6372
f 6373/6373 6374/6374 6375/6375
f 6376/6376 6377/6377 6378/6378
f 6379/6379 6380/6380 6381/6381
f 6382/6382 6383/6383 6384/6384
f 6385/6385 6386/6386 6387/6387
f 6388/6388 6389/6389 6390/6390
f 6391/6391 6392/6392 6393/6393
f 6394/6394 6395/6395 6396/6396
f 6397/6397 6398/6398 6399/6399
f 6400/6400 6401/6401 6402/6402
f 6403/6403 6404/6404 6405/6405
f 6406/6406 6407/6407 6408/6408
f 6409/6409 6410/6410 6411/6411
f 6412/6412 6413/6413 6414/6414
f 6415/6415 6416/6416 6417/6417
f 6418/6418 6419/6419 6420/6420
f 6421/6421 6422/6422 6423/6423
f 6424/6424 6425/6425 6426/6426
f 6427/6427 6428/6428 6429/6429
f 6430/6430 6431/6431 6432/6432
f 6433/6433 6434/6434 6435/6435
f 6436/6436 6437/6437 6438/6438
f 6439/6439 6440/6440 6441/6441
f 6442/6442 6443/6443 6444/6444
f 6445/6445 6446/6446 6447/6447
f 6448/6448 6449/6449 6450/6450
f 6451/6451 6452/6452 6453/6453
f 6454/6454 6455/6455 6456/6456
f 6457/6457 6458/6458 6459/6459
f 6460/6460 6461/6461 6462/6462
f 6463/6463 6464/6464 6465/6465
f 6466/6466 6467/6467 6468/6468
f 6469/6469 6470/6470 6471/6471
f 6472/6472 6473/6473 6474/6474
f 6475/6475 6476/6476 6477/6477
f 6478/6478 6479/6479 6480/6480
f 6481/6481 6482/6482 6483/6483
f 6484/6484 6485/6485 6486/6486
f 6487/6487 6488/6488 6489/6489
f 6490/6490 6491/6491 6492/6492
f 6493/6493 6494/6494 6495/6495
f 6496/6496 6497/6497 6498/6498
f 6499/6499 6500/6500 6501/6501
f 6502/6502 6503/6503 6504/6504
f 6505/6505 6506/6506 6507/6507
f 6508/6508 6509/6509 6510/6510
f 6511/6511 6512/6512 6513/6513
f 6514/6514 6515/6515 6516/6516
f 6517/6517 6518/6518 6519/6519
f 6520/6520 6521/6521 6522/6522
f 6523/6523 6524/6524 6525/6525
f 6526/6526 6527/6527 6528/6528
f 6529/6529 6530/6530 6531/6531
f 6532/6532 6533/6533 6534/6534
f 6535/6535 6536/6536 6537/6537
f 6538/6538 6539/6539 6540/6540
f 6541/6541 6542/6542 6543/6543
f 6544/6544 6545/6545 6546/6546
f 6547/6547 6548/6548 6549/6549
f 6550/6550 6551/6551 6552/6552
f 6553/6553 6554/6554 6555/6555
f 6556/6556 6557/6557 6558/6558
f 6559/6559 6560/6560 6561/6561
f 6562/6562 6563/6563 6564/6564
f 6565/6565 6566/6566 6567/6567
f 6568/6568 6569/6569 6570/6570
f 6571/6571 6572/6572 6573/6573
f 6574/6574 6575/6575 6576/6576
f 6577/6577 6578/6578 6579/6579
f 6580/6580 6581/6581 6582/6582
f 6583/6583 6584/6584 6585/6585
f 6586/6586 6587/6587 6588/6588
f 6589/6589 6590/6590 6591/6591
f 6592/6592 6593/6593 6594/6594
f 6595/6595 6596/6596 6597/6597
f 6598/6598 6599/6599 6600/6600
f 6601/6601 6602/6602 6603/6603
f 6604/6604 6605/6605 6606/6606
f 6607/6607 6608/6608 6609/6609
f 6610/6610 6611/6611 6612/6612
f 6613/6613 6614/6614 6615/6615
f 6616/6616 6617/6617 6618/6618
f 6619/6619 6620/6620 6621/6621
f 6622/6622 6623/6623 6624/6624
f 6625/6625 6626/6626 6627/6627
f 6628/6628 6629/6629 6630/6630
f 6631/6631 6632/6632 6633/6633
f 6634/6634 6635/6635 6636/6636
f 6637/6637 6638/6638 6639/6639
f 6640/6640 6641/6641 6642/6642
f 6643/6643 6644/6644 6645/6645
f 6646/6646 6647/6647 6648/6648
f 6649/6649 6650/6650 6651/6651
f 6652/6652 6653/6653 6654/6654
f 6655/6655 6656/6656 6657/6657
f 6658/6658 6659/6659 6660/6660
f 6661/6661 6662/6662 6663/6663
f 6664/6664 6665/6665 6666/6666
f 6667/6667 6668/6668 6669/6669
f 6670/6670 6671/6671 6672/6672
f 6673/6673 6674/6674 6675/6675
f 6676/6676 6677/6677 6678/6678
f 6679/6679 6680/6680 6681/6681
f 6682/6682 6683/6683 6684/6684
f 6685/6685 6686/6686 6687/6687
f 6688/6688 6689/6689 6690/6690
f 6691/6691 6692/6692 6693/6693
f 6694/6694 6695/6695 6696/6696
f 6697/6697 6698/6698 6699/6699
f 6700/6700 6701/6701 6702/6702
f 6703/6703 6704/6704 6705/6705
f 6706/6706 6707/6707 6708/6708
f 6709/6709 6710/6710 6711/6711
f 6712/6712 6713/6713 6714/6714
f 6715/6715 6716/6716 6717/6717
f 6718/6718 6719/6719 6720/6720
f 6721/6721 6722/6722 6723/6723
f 6724/6724 6725/6725 6726/6726
f 6727/6727 6728/6728 6729/6729
f 6730/6730 6731/6731 6732/6732
f 6733/6733 6734/6734 6735/6735
f 6736/6736 6737/6737 6738/6738
f 6739/6739 6740/6740 6741/6741
f 6742/6742 6743/6743 6744/6744
f 6745/6745 6746/6746 6747/6747
f 6748/6748 6749/6749 6750/6750
f 6751/6751 6752/6752 6753/6753
f 6754/6754 6755/6755 6756/6756
f 6757/6757 6758/6758 6759/6759
f 6760/6760 6761/6761 6762/6762
f 6763/6763 6764/6764 6765/6765
f 6766/6766 6767/6767 6768/6768
f 6769/6769 6770/6770 6771/6771
f 6772/6772 6773/6773 6774/6774
f 6775/6775 6776/6776 6777/6777
f 6778/6778 6779/6779 6780/6780
f 6781/6781 6782/6782 6783/6783
f 6784/6784 6785/6785 6786/6786
f 6787/6787 6788/6788 6789/6789
f 6790/6790 6791/6791 6792/6792
f 6793/6793 6794/6794 6795/6795
f 6796/6796 6797/6797 6798/6798
f 6799/6799 6800/6800 6801/6801
f 6802/6802 6803/6803 6804/6804
f 6805/6805 6806/6806 6807/6807
f 6808/6808 6809/6809 6810/6810
f 6811/6811 6812/6812 6813/6813
f 6814/6814 6815/6815 6816/6816
f 6817/6817 6818/6818 6819/6819
f 6820/6820 6821/6821 6822/6822
f 6823/6823 6824/6824 6825/6825
f 6826/6826 6827/6827 6828/6828
f 6829/6829 6830/6830 6831/6831
f 6832/6832 6833/6833 6834/6834
f 6835/6835 6836/6836 6837/6837
f 6838/6838 6839/6839 6840/6840
f 6841/6841 6842/6842 6843/6843
f 6844/6844 6845/6845 6846/6846
f 6847/6847 6848/6848 6849/6849
f 6850/6850 6851/6851 6852/6852
f 6853/6853 6854/6854 6855/6855
f 6856/6856 6857/6857 6858/6858
f 6859/6859 6860/6860 6861/6861
f 6862/6862 6863/6863 6864/6864
