# Generated by TyraX. Do not edit - rebaked from the procedural graph of 'pines'.
# 43 instances of res/models/pine.obj
mtllib props.mtl
v 47.2051 19.3074 36.0311
v 47.2397 21.4518 36.0140
v 47.5734 21.4492 36.3675
v 47.2051 19.3074 36.0311
v 47.9268 21.4408 36.0338
v 47.2397 21.4518 36.0140
v 47.9268 21.4408 36.0338
v 47.2051 19.3074 36.0311
v 47.5734 21.4492 36.3675
v 47.2397 21.4518 36.0140
v 47.9268 21.4408 36.0338
v 47.5734 21.4492 36.3675
v 33.3048 22.3590 15.6157
v 33.2579 23.9480 15.6663
v 32.9524 23.9451 15.4749
v 33.3048 22.3590 15.6157
v 32.7613 23.9297 15.7802
v 33.2579 23.9480 15.6663
v 32.7613 23.9297 15.7802
v 33.3048 22.3590 15.6157
v 32.9524 23.9451 15.4749
v 33.2579 23.9480 15.6663
v 32.7613 23.9297 15.7802
v 32.9524 23.9451 15.4749
v 12.9041 23.4536 -12.5410
v 13.0075 25.3909 -12.5071
v 13.1032 25.3933 -12.9363
v 12.9041 23.4536 -12.5410
v 12.6747 25.4178 -13.0318
v 13.0075 25.3909 -12.5071
v 12.6747 25.4178 -13.0318
v 12.9041 23.4536 -12.5410
v 13.1032 25.3933 -12.9363
v 13.0075 25.3909 -12.5071
v 12.6747 25.4178 -13.0318
v 13.1032 25.3933 -12.9363
v -35.2078 17.8110 2.4431
v -35.2681 20.2491 2.2319
v -35.7863 20.2535 2.4303
v -35.2078 17.8110 2.4431
v -35.5883 20.3030 2.9463
v -35.2681 20.2491 2.2319
v -35.5883 20.3030 2.9463
v -35.2078 17.8110 2.4431
v -35.7863 20.2535 2.4303
v -35.2681 20.2491 2.2319
v -35.5883 20.3030 2.9463
v -35.7863 20.2535 2.4303
v 28.4096 24.3730 -26.6769
v 28.2132 26.3743 -26.6804
v 28.1972 26.3736 -26.2249
v 28.4096 24.3730 -26.6769
v 28.6505 26.4181 -26.2089
v 28.2132 26.3743 -26.6804
v 28.6505 26.4181 -26.2089
v 28.4096 24.3730 -26.6769
v 28.1972 26.3736 -26.2249
v 28.2132 26.3743 -26.6804
v 28.6505 26.4181 -26.2089
v 28.1972 26.3736 -26.2249
v 70.4590 19.2899 32.8559
v 70.2566 21.0723 32.8564
v 70.2580 21.0723 33.2630
v 70.4590 19.2899 32.8559
v 70.6620 21.1182 33.2616
v 70.2566 21.0723 32.8564
v 70.6620 21.1182 33.2616
v 70.4590 19.2899 32.8559
v 70.2580 21.0723 33.2630
v 70.2566 21.0723 32.8564
v 70.6620 21.1182 33.2616
v 70.2580 21.0723 33.2630
v -65.6622 16.3552 38.3123
v -65.9463 19.0279 38.3520
v -66.5266 18.9688 38.1759
v -65.6622 16.3552 38.3123
v -66.7008 18.9416 38.7591
v -65.9463 19.0279 38.3520
v -66.7008 18.9416 38.7591
v -65.6622 16.3552 38.3123
v -66.5266 18.9688 38.1759
v -65.9463 19.0279 38.3520
v -66.7008 18.9416 38.7591
v -66.5266 18.9688 38.1759
v -24.0434 21.2774 -36.5832
v -24.1898 23.5300 -36.4434
v -23.7430 23.5435 -36.1925
v -24.0434 21.2774 -36.5832
v -23.4939 23.5874 -36.6384
v -24.1898 23.5300 -36.4434
v -23.4939 23.5874 -36.6384
v -24.0434 21.2774 -36.5832
v -23.7430 23.5435 -36.1925
v -24.1898 23.5300 -36.4434
v -23.4939 23.5874 -36.6384
v -23.7430 23.5435 -36.1925
v -43.8502 16.3406 67.4743
v -43.8335 17.9319 67.4857
v -43.7454 17.9285 67.8355
v -43.8502 16.3406 67.4743
v -43.3956 17.9254 67.7474
v -43.8335 17.9319 67.4857
v -43.3956 17.9254 67.7474
v -43.8502 16.3406 67.4743
v -43.7454 17.9285 67.8355
v -43.8335 17.9319 67.4857
v -43.3956 17.9254 67.7474
v -43.7454 17.9285 67.8355
v 34.9205 19.7004 42.9857
v 34.9117 21.2173 42.9464
v 35.2504 21.2177 42.8867
v 34.9205 19.7004 42.9857
v 35.1907 21.2086 42.5480
v 34.9117 21.2173 42.9464
v 35.1907 21.2086 42.5480
v 34.9205 19.7004 42.9857
v 35.2504 21.2177 42.8867
v 34.9117 21.2173 42.9464
v 35.1907 21.2086 42.5480
v 35.2504 21.2177 42.8867
v -28.6240 21.0948 -47.0833
v -28.7786 23.7425 -47.1118
v -28.4771 23.7657 -46.5922
v -28.6240 21.0948 -47.0833
v -27.9582 23.7927 -46.8946
v -28.7786 23.7425 -47.1118
v -27.9582 23.7927 -46.8946
v -28.6240 21.0948 -47.0833
v -28.4771 23.7657 -46.5922
v -28.7786 23.7425 -47.1118
v -27.9582 23.7927 -46.8946
v -28.4771 23.7657 -46.5922
v -60.2980 16.1806 57.7058
v -60.3523 18.1398 57.6698
v -60.0307 18.1543 57.9761
v -60.2980 16.1806 57.7058
v -59.7243 18.1569 57.6543
v -60.3523 18.1398 57.6698
v -59.7243 18.1569 57.6543
v -60.2980 16.1806 57.7058
v -60.0307 18.1543 57.9761
v -60.3523 18.1398 57.6698
v -59.7243 18.1569 57.6543
v -60.0307 18.1543 57.9761
v 3.7918 23.3963 -29.4129
v 3.5691 26.5044 -29.4122
v 3.6544 26.5107 -30.1134
v 3.7918 23.3963 -29.4129
v 2.9550 26.4606 -30.1989
v 3.5691 26.5044 -29.4122
v 2.9550 26.4606 -30.1989
v 3.7918 23.3963 -29.4129
v 3.6544 26.5107 -30.1134
v 3.5691 26.5044 -29.4122
v 2.9550 26.4606 -30.1989
v 3.6544 26.5107 -30.1134
v -39.4621 17.1872 13.9187
v -39.5067 18.3575 13.9165
v -39.5211 18.3575 14.1815
v -39.4621 17.1872 13.9187
v -39.2562 18.3676 14.1959
v -39.5067 18.3575 13.9165
v -39.2562 18.3676 14.1959
v -39.4621 17.1872 13.9187
v -39.5211 18.3575 14.1815
v -39.5067 18.3575 13.9165
v -39.2562 18.3676 14.1959
v -39.5211 18.3575 14.1815
v 16.4207 26.4825 -70.0392
v 16.5163 28.7348 -69.9499
v 16.2488 28.7288 -69.5140
v 16.4207 26.4825 -70.0392
v 16.6842 28.6998 -69.2473
v 16.5163 28.7348 -69.9499
v 16.6842 28.6998 -69.2473
v 16.4207 26.4825 -70.0392
v 16.2488 28.7288 -69.5140
v 16.5163 28.7348 -69.9499
v 16.6842 28.6998 -69.2473
v 16.2488 28.7288 -69.5140
v 53.3029 24.8379 -20.6883
v 53.4418 27.4022 -20.6891
v 53.3421 27.4078 -20.1156
v 53.3029 24.8379 -20.6883
v 53.9148 27.3768 -20.0158
v 53.4418 27.4022 -20.6891
v 53.9148 27.3768 -20.0158
v 53.3029 24.8379 -20.6883
v 53.3421 27.4078 -20.1156
v 53.4418 27.4022 -20.6891
v 53.9148 27.3768 -20.0158
v 53.3421 27.4078 -20.1156
v -20.3564 23.0115 -64.5879
v -20.5518 24.9211 -64.6057
v -20.6205 24.9181 -64.1760
v -20.3564 23.0115 -64.5879
v -20.1931 24.9625 -64.1073
v -20.5518 24.9211 -64.6057
v -20.1931 24.9625 -64.1073
v -20.3564 23.0115 -64.5879
v -20.6205 24.9181 -64.1760
v -20.5518 24.9211 -64.6057
v -20.1931 24.9625 -64.1073
v -20.6205 24.9181 -64.1760
v 43.8088 23.9415 -3.4736
v 43.8287 25.9853 -3.3341
v 44.2516 25.9943 -3.5256
v 43.8088 23.9415 -3.4736
v 44.0599 26.0250 -3.9474
v 43.8287 25.9853 -3.3341
v 44.0599 26.0250 -3.9474
v 43.8088 23.9415 -3.4736
v 44.2516 25.9943 -3.5256
v 43.8287 25.9853 -3.3341
v 44.0599 26.0250 -3.9474
v 44.2516 25.9943 -3.5256
v 7.2511 23.8544 -34.5787
v 7.1074 25.7357 -34.5680
v 7.0765 25.7358 -34.9946
v 7.2511 23.8544 -34.5787
v 6.6512 25.7031 -34.9638
v 7.1074 25.7357 -34.5680
v 6.6512 25.7031 -34.9638
v 7.2511 23.8544 -34.5787
v 7.0765 25.7358 -34.9946
v 7.1074 25.7357 -34.5680
v 6.6512 25.7031 -34.9638
v 7.0765 25.7358 -34.9946
v -14.0909 17.6409 54.7437
v -14.0488 19.5682 54.7024
v -14.2365 19.5808 55.0969
v -14.0909 17.6409 54.7437
v -13.8418 19.5762 55.2848
v -14.0488 19.5682 54.7024
v -13.8418 19.5762 55.2848
v -14.0909 17.6409 54.7437
v -14.2365 19.5808 55.0969
v -14.0488 19.5682 54.7024
v -13.8418 19.5762 55.2848
v -14.2365 19.5808 55.0969
v -66.6103 18.4210 -59.6422
v -66.7115 21.5692 -59.5885
v -67.3925 21.5437 -59.3752
v -66.6103 18.4210 -59.6422
v -67.1789 21.5389 -58.6938
v -66.7115 21.5692 -59.5885
v -67.1789 21.5389 -58.6938
v -66.6103 18.4210 -59.6422
v -67.3925 21.5437 -59.3752
v -66.7115 21.5692 -59.5885
v -67.1789 21.5389 -58.6938
v -67.3925 21.5437 -59.3752
v -1.2316 23.8224 -44.3177
v -1.4920 26.0244 -44.3593
v -1.1981 26.0515 -44.7662
v -1.2316 23.8224 -44.3177
v -1.6016 25.9982 -45.0612
v -1.4920 26.0244 -44.3593
v -1.6016 25.9982 -45.0612
v -1.2316 23.8224 -44.3177
v -1.1981 26.0515 -44.7662
v -1.4920 26.0244 -44.3593
v -1.6016 25.9982 -45.0612
v -1.1981 26.0515 -44.7662
v -11.8305 21.8687 -24.4909
v -11.8611 23.3217 -24.4894
v -11.8544 23.3222 -24.8188
v -11.8305 21.8687 -24.4909
v -12.1837 23.3152 -24.8255
v -11.8611 23.3217 -24.4894
v -12.1837 23.3152 -24.8255
v -11.8305 21.8687 -24.4909
v -11.8544 23.3222 -24.8188
v -11.8611 23.3217 -24.4894
v -12.1837 23.3152 -24.8255
v -11.8544 23.3222 -24.8188
v -7.1336 19.2390 35.8128
v -7.1626 21.0131 35.8135
v -6.7976 21.0191 35.6446
v -7.1336 19.2390 35.8128
v -6.9664 21.0165 35.2796
v -7.1626 21.0131 35.8135
v -6.9664 21.0165 35.2796
v -7.1336 19.2390 35.8128
v -6.7976 21.0191 35.6446
v -7.1626 21.0131 35.8135
v -6.9664 21.0165 35.2796
v -6.7976 21.0191 35.6446
v -36.8858 20.9846 -67.4116
v -36.8424 24.2453 -67.5466
v -37.5821 24.2554 -67.5409
v -36.8858 20.9846 -67.4116
v -37.5761 24.2859 -66.8018
v -36.8424 24.2453 -67.5466
v -37.5761 24.2859 -66.8018
v -36.8858 20.9846 -67.4116
v -37.5821 24.2554 -67.5409
v -36.8424 24.2453 -67.5466
v -37.5761 24.2859 -66.8018
v -37.5821 24.2554 -67.5409
v 26.7655 22.2965 22.3851
v 26.7525 24.2153 22.4063
v 26.6159 24.2190 21.9934
v 26.7655 22.2965 22.3851
v 26.2029 24.2147 22.1300
v 26.7525 24.2153 22.4063
v 26.2029 24.2147 22.1300
v 26.7655 22.2965 22.3851
v 26.6159 24.2190 21.9934
v 26.7525 24.2153 22.4063
v 26.2029 24.2147 22.1300
v 26.6159 24.2190 21.9934
v 68.5802 17.2508 70.8260
v 68.4226 19.4726 70.9333
v 68.1539 19.4742 70.5052
v 68.5802 17.2508 70.8260
v 67.7273 19.4310 70.7727
v 68.4226 19.4726 70.9333
v 67.7273 19.4310 70.7727
v 68.5802 17.2508 70.8260
v 68.1539 19.4742 70.5052
v 68.4226 19.4726 70.9333
v 67.7273 19.4310 70.7727
v 68.1539 19.4742 70.5052
v -5.2158 22.4147 -17.3559
v -5.4083 23.9131 -17.4556
v -5.2086 23.9202 -17.7346
v -5.2158 22.4147 -17.3559
v -5.4843 23.8715 -17.9331
v -5.4083 23.9131 -17.4556
v -5.4843 23.8715 -17.9331
v -5.2158 22.4147 -17.3559
v -5.2086 23.9202 -17.7346
v -5.4083 23.9131 -17.4556
v -5.4843 23.8715 -17.9331
v -5.2086 23.9202 -17.7346
v 52.3039 19.5356 32.1900
v 52.3979 21.8471 32.1694
v 52.2686 21.8569 32.6775
v 52.3039 19.5356 32.1900
v 52.7764 21.8374 32.8071
v 52.3979 21.8471 32.1694
v 52.7764 21.8374 32.8071
v 52.3039 19.5356 32.1900
v 52.2686 21.8569 32.6775
v 52.3979 21.8471 32.1694
v 52.7764 21.8374 32.8071
v 52.2686 21.8569 32.6775
v 13.0474 19.7793 48.7037
v 13.1073 21.7970 48.7675
v 12.6497 21.8106 48.7690
v 13.0474 19.7793 48.7037
v 12.6508 21.7961 49.2266
v 13.1073 21.7970 48.7675
v 12.6508 21.7961 49.2266
v 13.0474 19.7793 48.7037
v 12.6497 21.8106 48.7690
v 13.1073 21.7970 48.7675
v 12.6508 21.7961 49.2266
v 12.6497 21.8106 48.7690
v 22.9891 26.7924 -70.7914
v 22.8247 29.8154 -70.6940
v 23.3045 29.8257 -70.2029
v 22.9891 26.7924 -70.7914
v 23.7942 29.8678 -70.6823
v 22.8247 29.8154 -70.6940
v 23.7942 29.8678 -70.6823
v 22.9891 26.7924 -70.7914
v 23.3045 29.8257 -70.2029
v 22.8247 29.8154 -70.6940
v 23.7942 29.8678 -70.6823
v 23.3045 29.8257 -70.2029
v -61.2364 16.4319 62.8070
v -61.2250 17.7495 62.8062
v -61.1539 17.7487 62.5161
v -61.2364 16.4319 62.8070
v -61.4440 17.7511 62.4450
v -61.2250 17.7495 62.8062
v -61.4440 17.7511 62.4450
v -61.2364 16.4319 62.8070
v -61.1539 17.7487 62.5161
v -61.2250 17.7495 62.8062
v -61.4440 17.7511 62.4450
v -61.1539 17.7487 62.5161
v 3.0896 21.3305 19.3026
v 3.0995 23.1724 19.3314
v 3.2612 23.1776 18.9464
v 3.0896 21.3305 19.3026
v 2.8761 23.1822 18.7849
v 3.0995 23.1724 19.3314
v 2.8761 23.1822 18.7849
v 3.0896 21.3305 19.3026
v 3.2612 23.1776 18.9464
v 3.0995 23.1724 19.3314
v 2.8761 23.1822 18.7849
v 3.2612 23.1776 18.9464
v 18.1666 23.7597 -20.6189
v 18.1202 25.4567 -20.6541
v 18.2673 25.4681 -20.2986
v 18.1666 23.7597 -20.6189
v 18.6229 25.4748 -20.4459
v 18.1202 25.4567 -20.6541
v 18.6229 25.4748 -20.4459
v 18.1666 23.7597 -20.6189
v 18.2673 25.4681 -20.2986
v 18.1202 25.4567 -20.6541
v 18.6229 25.4748 -20.4459
v 18.2673 25.4681 -20.2986
v 60.7811 26.6890 -60.0792
v 60.9614 29.1140 -60.0673
v 61.3709 29.0853 -60.4352
v 60.7811 26.6890 -60.0792
v 61.0043 29.1146 -60.8457
v 60.9614 29.1140 -60.0673
v 61.0043 29.1146 -60.8457
v 60.7811 26.6890 -60.0792
v 61.3709 29.0853 -60.4352
v 60.9614 29.1140 -60.0673
v 61.0043 29.1146 -60.8457
v 61.3709 29.0853 -60.4352
v -48.6110 17.8121 -29.6116
v -48.6111 19.7013 -29.5812
v -48.9897 19.7045 -29.7813
v -48.6110 17.8121 -29.6116
v -49.1899 19.6984 -29.4027
v -48.6111 19.7013 -29.5812
v -49.1899 19.6984 -29.4027
v -48.6110 17.8121 -29.6116
v -48.9897 19.7045 -29.7813
v -48.6111 19.7013 -29.5812
v -49.1899 19.6984 -29.4027
v -48.9897 19.7045 -29.7813
v 55.6827 21.2941 13.4782
v 55.7487 22.9866 13.4993
v 55.5595 22.9898 13.8333
v 55.6827 21.2941 13.4782
v 55.8932 22.9744 14.0226
v 55.7487 22.9866 13.4993
v 55.8932 22.9744 14.0226
v 55.6827 21.2941 13.4782
v 55.5595 22.9898 13.8333
v 55.7487 22.9866 13.4993
v 55.8932 22.9744 14.0226
v 55.5595 22.9898 13.8333
v 37.4675 20.3142 34.4559
v 37.5335 22.2391 34.4515
v 37.7775 22.2315 34.8135
v 37.4675 20.3142 34.4559
v 38.1393 22.2186 34.5694
v 37.5335 22.2391 34.4515
v 38.1393 22.2186 34.5694
v 37.4675 20.3142 34.4559
v 37.7775 22.2315 34.8135
v 37.5335 22.2391 34.4515
v 38.1393 22.2186 34.5694
v 37.7775 22.2315 34.8135
v -61.9584 16.1042 39.3535
v -61.9916 18.4159 39.3620
v -61.9563 18.4184 38.8391
v -61.9584 16.1042 39.3535
v -62.4791 18.4110 38.8038
v -61.9916 18.4159 39.3620
v -62.4791 18.4110 38.8038
v -61.9584 16.1042 39.3535
v -61.9563 18.4184 38.8391
v -61.9916 18.4159 39.3620
v -62.4791 18.4110 38.8038
v -61.9563 18.4184 38.8391
v 11.7885 25.1764 -47.5274
v 11.6910 26.5995 -47.5118
v 12.0073 26.6218 -47.5751
v 11.7885 25.1764 -47.5274
v 11.9439 26.6210 -47.8922
v 11.6910 26.5995 -47.5118
v 11.9439 26.6210 -47.8922
v 11.7885 25.1764 -47.5274
v 12.0073 26.6218 -47.5751
v 11.6910 26.5995 -47.5118
v 11.9439 26.6210 -47.8922
v 12.0073 26.6218 -47.5751
v 65.3493 21.3143 10.6629
v 65.2238 23.4014 10.6666
v 65.6885 23.4295 10.5778
v 65.3493 21.3143 10.6629
v 65.5998 23.4249 10.1122
v 65.2238 23.4014 10.6666
v 65.5998 23.4249 10.1122
v 65.3493 21.3143 10.6629
v 65.6885 23.4295 10.5778
v 65.2238 23.4014 10.6666
v 65.5998 23.4249 10.1122
v 65.6885 23.4295 10.5778
v 6.6657 20.5663 30.3577
v 6.5107 22.9977 30.5242
v 6.9230 22.9986 30.8936
v 6.6657 20.5663 30.3577
v 7.2907 23.0502 30.4831
v 6.5107 22.9977 30.5242
v 7.2907 23.0502 30.4831
v 6.6657 20.5663 30.3577
v 6.9230 22.9986 30.8936
v 6.5107 22.9977 30.5242
v 7.2907 23.0502 30.4831
v 6.9230 22.9986 30.8936
v -4.1668 21.9094 1.2531
v -4.2871 24.2422 1.2755
v -3.7729 24.2676 1.3993
v -4.1668 21.9094 1.2531
v -3.6496 24.2789 0.8845
v -4.2871 24.2422 1.2755
v -3.6496 24.2789 0.8845
v -4.1668 21.9094 1.2531
v -3.7729 24.2676 1.3993
v -4.2871 24.2422 1.2755
v -3.6496 24.2789 0.8845
v -3.7729 24.2676 1.3993
vt 0.00000 1.00000
vt 0.00000 1.00000
vt 0.00000 1.00000
vt 0.00000 1.00000
vt 0.00000 1.00000
vt 0.00000 1.00000
vt 0.00000 1.00000
vt 0.00000 1.00000
vt 0.00000 1.00000
vt 0.00000 1.00000
vt 0.00000 1.00000
vt 0.00000 1.00000
vt 0.00000 1.00000
vt 0.00000 1.00000
vt 0.00000 1.00000
vt 0.00000 1.00000
vt 0.00000 1.00000
vt 0.00000 1.00000
vt 0.00000 1.00000
vt 0.00000 1.00000
vt 0.00000 1.00000
vt 0.00000 1.00000
vt 0.00000 1.00000
vt 0.00000 1.00000
vt 0.00000 1.00000
vt 0.00000 1.00000
vt 0.00000 1.00000
vt 0.00000 1.00000
vt 0.00000 1.00000
vt 0.00000 1.00000
vt 0.00000 1.00000
vt 0.00000 1.00000
vt 0.00000 1.00000
vt 0.00000 1.00000
vt 0.00000 1.00000
vt 0.00000 1.00000
vt 0.00000 1.00000
vt 0.00000 1.00000
vt 0.00000 1.00000
vt 0.00000 1.00000
vt 0.00000 1.00000
vt 0.00000 1.00000
vt 0.00000 1.00000
vt 0.00000 1.00000
vt 0.00000 1.00000
vt 0.00000 1.00000
vt 0.00000 1.00000
vt 0.00000 1.00000
vt 0.00000 1.00000
vt 0.00000 1.00000
vt 0.00000 1.00000
vt 0.00000 1.00000
vt 0.00000 1.00000
vt 0.00000 1.00000
vt 0.00000 1.00000
vt 0.00000 1.00000
vt 0.00000 1.00000
vt 0.00000 1.00000
vt 0.00000 1.00000
vt 0.00000 1.00000
vt 0.00000 1.00000
vt 0.00000 1.00000
vt 0.00000 1.00000
vt 0.00000 1.00000
vt 0.00000 1.00000
vt 0.00000 1.00000
vt 0.00000 1.00000
vt 0.00000 1.00000
vt 0.00000 1.00000
vt 0.00000 1.00000
vt 0.00000 1.00000
vt 0.00000 1.00000
vt 0.00000 1.00000
vt 0.00000 1.00000
vt 0.00000 1.00000
vt 0.00000 1.00000
vt 0.00000 1.00000
vt 0.00000 1.00000
vt 0.00000 1.00000
vt 0.00000 1.00000
vt 0.00000 1.00000
vt 0.00000 1.00000
vt 0.00000 1.00000
vt 0.00000 1.00000
vt 0.00000 1.00000
vt 0.00000 1.00000
vt 0.00000 1.00000
vt 0.00000 1.00000
vt 0.00000 1.00000
vt 0.00000 1.00000
vt 0.00000 1.00000
vt 0.00000 1.00000
vt 0.00000 1.00000
vt 0.00000 1.00000
vt 0.00000 1.00000
vt 0.00000 1.00000
vt 0.00000 1.00000
vt 0.00000 1.00000
vt 0.00000 1.00000
vt 0.00000 1.00000
vt 0.00000 1.00000
vt 0.00000 1.00000
vt 0.00000 1.00000
vt 0.00000 1.00000
vt 0.00000 1.00000
vt 0.00000 1.00000
vt 0.00000 1.00000
vt 0.00000 1.00000
vt 0.00000 1.00000
vt 0.00000 1.00000
vt 0.00000 1.00000
vt 0.00000 1.00000
vt 0.00000 1.00000
vt 0.00000 1.00000
vt 0.00000 1.00000
vt 0.00000 1.00000
vt 0.00000 1.00000
vt 0.00000 1.00000
vt 0.00000 1.00000
vt 0.00000 1.00000
vt 0.00000 1.00000
vt 0.00000 1.00000
vt 0.00000 1.00000
vt 0.00000 1.00000
vt 0.00000 1.00000
vt 0.00000 1.00000
vt 0.00000 1.00000
vt 0.00000 1.00000
vt 0.00000 1.00000
vt 0.00000 1.00000
vt 0.00000 1.00000
vt 0.00000 1.00000
vt 0.00000 1.00000
vt 0.00000 1.00000
vt 0.00000 1.00000
vt 0.00000 1.00000
vt 0.00000 1.00000
vt 0.00000 1.00000
vt 0.00000 1.00000
vt 0.00000 1.00000
vt 0.00000 1.00000
vt 0.00000 1.00000
vt 0.00000 1.00000
vt 0.00000 1.00000
vt 0.00000 1.00000
vt 0.00000 1.00000
vt 0.00000 1.00000
vt 0.00000 1.00000
vt 0.00000 1.00000
vt 0.00000 1.00000
vt 0.00000 1.00000
vt 0.00000 1.00000
vt 0.00000 1.00000
vt 0.00000 1.00000
vt 0.00000 1.00000
vt 0.00000 1.00000
vt 0.00000 1.00000
vt 0.00000 1.00000
vt 0.00000 1.00000
vt 0.00000 1.00000
vt 0.00000 1.00000
vt 0.00000 1.00000
vt 0.00000 1.00000
vt 0.00000 1.00000
vt 0.00000 1.00000
vt 0.00000 1.00000
vt 0.00000 1.00000
vt 0.00000 1.00000
vt 0.00000 1.00000
vt 0.00000 1.00000
vt 0.00000 1.00000
vt 0.00000 1.00000
vt 0.00000 1.00000
vt 0.00000 1.00000
vt 0.00000 1.00000
vt 0.00000 1.00000
vt 0.00000 1.00000
vt 0.00000 1.00000
vt 0.00000 1.00000
vt 0.00000 1.00000
vt 0.00000 1.00000
vt 0.00000 1.00000
vt 0.00000 1.00000
vt 0.00000 1.00000
vt 0.00000 1.00000
vt 0.00000 1.00000
vt 0.00000 1.00000
vt 0.00000 1.00000
vt 0.00000 1.00000
vt 0.00000 1.00000
vt 0.00000 1.00000
vt 0.00000 1.00000
vt 0.00000 1.00000
vt 0.00000 1.00000
vt 0.00000 1.00000
vt 0.00000 1.00000
vt 0.00000 1.00000
vt 0.00000 1.00000
vt 0.00000 1.00000
vt 0.00000 1.00000
vt 0.00000 1.00000
vt 0.00000 1.00000
vt 0.00000 1.00000
vt 0.00000 1.00000
vt 0.00000 1.00000
vt 0.00000 1.00000
vt 0.00000 1.00000
vt 0.00000 1.00000
vt 0.00000 1.00000
vt 0.00000 1.00000
vt 0.00000 1.00000
vt 0.00000 1.00000
vt 0.00000 1.00000
vt 0.00000 1.00000
vt 0.00000 1.00000
vt 0.00000 1.00000
vt 0.00000 1.00000
vt 0.00000 1.00000
vt 0.00000 1.00000
vt 0.00000 1.00000
vt 0.00000 1.00000
vt 0.00000 1.00000
vt 0.00000 1.00000
vt 0.00000 1.00000
vt 0.00000 1.00000
vt 0.00000 1.00000
vt 0.00000 1.00000
vt 0.00000 1.00000
vt 0.00000 1.00000
vt 0.00000 1.00000
vt 0.00000 1.00000
vt 0.00000 1.00000
vt 0.00000 1.00000
vt 0.00000 1.00000
vt 0.00000 1.00000
vt 0.00000 1.00000
vt 0.00000 1.00000
vt 0.00000 1.00000
vt 0.00000 1.00000
vt 0.00000 1.00000
vt 0.00000 1.00000
vt 0.00000 1.00000
vt 0.00000 1.00000
vt 0.00000 1.00000
vt 0.00000 1.00000
vt 0.00000 1.00000
vt 0.00000 1.00000
vt 0.00000 1.00000
vt 0.00000 1.00000
vt 0.00000 1.00000
vt 0.00000 1.00000
vt 0.00000 1.00000
vt 0.00000 1.00000
vt 0.00000 1.00000
vt 0.00000 1.00000
vt 0.00000 1.00000
vt 0.00000 1.00000
vt 0.00000 1.00000
vt 0.00000 1.00000
vt 0.00000 1.00000
vt 0.00000 1.00000
vt 0.00000 1.00000
vt 0.00000 1.00000
vt 0.00000 1.00000
vt 0.00000 1.00000
vt 0.00000 1.00000
vt 0.00000 1.00000
vt 0.00000 1.00000
vt 0.00000 1.00000
vt 0.00000 1.00000
vt 0.00000 1.00000
vt 0.00000 1.00000
vt 0.00000 1.00000
vt 0.00000 1.00000
vt 0.00000 1.00000
vt 0.00000 1.00000
vt 0.00000 1.00000
vt 0.00000 1.00000
vt 0.00000 1.00000
vt 0.00000 1.00000
vt 0.00000 1.00000
vt 0.00000 1.00000
vt 0.00000 1.00000
vt 0.00000 1.00000
vt 0.00000 1.00000
vt 0.00000 1.00000
vt 0.00000 1.00000
vt 0.00000 1.00000
vt 0.00000 1.00000
vt 0.00000 1.00000
vt 0.00000 1.00000
vt 0.00000 1.00000
vt 0.00000 1.00000
vt 0.00000 1.00000
vt 0.00000 1.00000
vt 0.00000 1.00000
vt 0.00000 1.00000
vt 0.00000 1.00000
vt 0.00000 1.00000
vt 0.00000 1.00000
vt 0.00000 1.00000
vt 0.00000 1.00000
vt 0.00000 1.00000
vt 0.00000 1.00000
vt 0.00000 1.00000
vt 0.00000 1.00000
vt 0.00000 1.00000
vt 0.00000 1.00000
vt 0.00000 1.00000
vt 0.00000 1.00000
vt 0.00000 1.00000
vt 0.00000 1.00000
vt 0.00000 1.00000
vt 0.00000 1.00000
vt 0.00000 1.00000
vt 0.00000 1.00000
vt 0.00000 1.00000
vt 0.00000 1.00000
vt 0.00000 1.00000
vt 0.00000 1.00000
vt 0.00000 1.00000
vt 0.00000 1.00000
vt 0.00000 1.00000
vt 0.00000 1.00000
vt 0.00000 1.00000
vt 0.00000 1.00000
vt 0.00000 1.00000
vt 0.00000 1.00000
vt 0.00000 1.00000
vt 0.00000 1.00000
vt 0.00000 1.00000
vt 0.00000 1.00000
vt 0.00000 1.00000
vt 0.00000 1.00000
vt 0.00000 1.00000
vt 0.00000 1.00000
vt 0.00000 1.00000
vt 0.00000 1.00000
vt 0.00000 1.00000
vt 0.00000 1.00000
vt 0.00000 1.00000
vt 0.00000 1.00000
vt 0.00000 1.00000
vt 0.00000 1.00000
vt 0.00000 1.00000
vt 0.00000 1.00000
vt 0.00000 1.00000
vt 0.00000 1.00000
vt 0.00000 1.00000
vt 0.00000 1.00000
vt 0.00000 1.00000
vt 0.00000 1.00000
vt 0.00000 1.00000
vt 0.00000 1.00000
vt 0.00000 1.00000
vt 0.00000 1.00000
vt 0.00000 1.00000
vt 0.00000 1.00000
vt 0.00000 1.00000
vt 0.00000 1.00000
vt 0.00000 1.00000
vt 0.00000 1.00000
vt 0.00000 1.00000
vt 0.00000 1.00000
vt 0.00000 1.00000
vt 0.00000 1.00000
vt 0.00000 1.00000
vt 0.00000 1.00000
vt 0.00000 1.00000
vt 0.00000 1.00000
vt 0.00000 1.00000
vt 0.00000 1.00000
vt 0.00000 1.00000
vt 0.00000 1.00000
vt 0.00000 1.00000
vt 0.00000 1.00000
vt 0.00000 1.00000
vt 0.00000 1.00000
vt 0.00000 1.00000
vt 0.00000 1.00000
vt 0.00000 1.00000
vt 0.00000 1.00000
vt 0.00000 1.00000
vt 0.00000 1.00000
vt 0.00000 1.00000
vt 0.00000 1.00000
vt 0.00000 1.00000
vt 0.00000 1.00000
vt 0.00000 1.00000
vt 0.00000 1.00000
vt 0.00000 1.00000
vt 0.00000 1.00000
vt 0.00000 1.00000
vt 0.00000 1.00000
vt 0.00000 1.00000
vt 0.00000 1.00000
vt 0.00000 1.00000
vt 0.00000 1.00000
vt 0.00000 1.00000
vt 0.00000 1.00000
vt 0.00000 1.00000
vt 0.00000 1.00000
vt 0.00000 1.00000
vt 0.00000 1.00000
vt 0.00000 1.00000
vt 0.00000 1.00000
vt 0.00000 1.00000
vt 0.00000 1.00000
vt 0.00000 1.00000
vt 0.00000 1.00000
vt 0.00000 1.00000
vt 0.00000 1.00000
vt 0.00000 1.00000
vt 0.00000 1.00000
vt 0.00000 1.00000
vt 0.00000 1.00000
vt 0.00000 1.00000
vt 0.00000 1.00000
vt 0.00000 1.00000
vt 0.00000 1.00000
vt 0.00000 1.00000
vt 0.00000 1.00000
vt 0.00000 1.00000
vt 0.00000 1.00000
vt 0.00000 1.00000
vt 0.00000 1.00000
vt 0.00000 1.00000
vt 0.00000 1.00000
vt 0.00000 1.00000
vt 0.00000 1.00000
vt 0.00000 1.00000
vt 0.00000 1.00000
vt 0.00000 1.00000
vt 0.00000 1.00000
vt 0.00000 1.00000
vt 0.00000 1.00000
vt 0.00000 1.00000
vt 0.00000 1.00000
vt 0.00000 1.00000
vt 0.00000 1.00000
vt 0.00000 1.00000
vt 0.00000 1.00000
vt 0.00000 1.00000
vt 0.00000 1.00000
vt 0.00000 1.00000
vt 0.00000 1.00000
vt 0.00000 1.00000
vt 0.00000 1.00000
vt 0.00000 1.00000
vt 0.00000 1.00000
vt 0.00000 1.00000
vt 0.00000 1.00000
vt 0.00000 1.00000
vt 0.00000 1.00000
vt 0.00000 1.00000
vt 0.00000 1.00000
vt 0.00000 1.00000
vt 0.00000 1.00000
vt 0.00000 1.00000
vt 0.00000 1.00000
vt 0.00000 1.00000
vt 0.00000 1.00000
vt 0.00000 1.00000
vt 0.00000 1.00000
vt 0.00000 1.00000
vt 0.00000 1.00000
vt 0.00000 1.00000
vt 0.00000 1.00000
vt 0.00000 1.00000
vt 0.00000 1.00000
vt 0.00000 1.00000
vt 0.00000 1.00000
vt 0.00000 1.00000
vt 0.00000 1.00000
vt 0.00000 1.00000
vt 0.00000 1.00000
vt 0.00000 1.00000
vt 0.00000 1.00000
vt 0.00000 1.00000
vt 0.00000 1.00000
vt 0.00000 1.00000
vt 0.00000 1.00000
vt 0.00000 1.00000
vt 0.00000 1.00000
vt 0.00000 1.00000
vt 0.00000 1.00000
vt 0.00000 1.00000
vt 0.00000 1.00000
vt 0.00000 1.00000
vt 0.00000 1.00000
vt 0.00000 1.00000
vt 0.00000 1.00000
vt 0.00000 1.00000
vt 0.00000 1.00000
vt 0.00000 1.00000
vt 0.00000 1.00000
vt 0.00000 1.00000
vt 0.00000 1.00000
vt 0.00000 1.00000
vt 0.00000 1.00000
vt 0.00000 1.00000
vt 0.00000 1.00000
vt 0.00000 1.00000
vt 0.00000 1.00000
vt 0.00000 1.00000
vt 0.00000 1.00000
vt 0.00000 1.00000
vt 0.00000 1.00000
vt 0.00000 1.00000
vt 0.00000 1.00000
vt 0.00000 1.00000
vt 0.00000 1.00000
vt 0.00000 1.00000
vt 0.00000 1.00000
vt 0.00000 1.00000
vt 0.00000 1.00000
usemtl bark
f 1/1 2/2 3/3
f 4/4 5/5 6/6
f 7/7 8/8 9/9
f 10/10 11/11 12/12
f 13/13 14/14 15/15
f 16/16 17/17 18/18
f 19/19 20/20 21/21
f 22/22 23/23 24/24
f 25/25 26/26 27/27
f 28/28 29/29 30/30
f 31/31 32/32 33/33
f 34/34 35/35 36/36
f 37/37 38/38 39/39
f 40/40 41/41 42/42
f 43/43 44/44 45/45
f 46/46 47/47 48/48
f 49/49 50/50 51/51
f 52/52 53/53 54/54
f 55/55 56/56 57/57
f 58/58 59/59 60/60
f 61/61 62/62 63/63
f 64/64 65/65 66/66
f 67/67 68/68 69/69
f 70/70 71/71 72/72
f 73/73 74/74 75/75
f 76/76 77/77 78/78
f 79/79 80/80 81/81
f 82/82 83/83 84/84
f 85/85 86/86 87/87
f 88/88 89/89 90/90
f 91/91 92/92 93/93
f 94/94 95/95 96/96
f 97/97 98/98 99/99
f 100/100 101/101 102/102
f 103/103 104/104 105/105
f 106/106 107/107 108/108
f 109/109 110/110 111/111
f 112/112 113/113 114/114
f 115/115 116/116 117/117
f 118/118 119/119 120/120
f 121/121 122/122 123/123
f 124/124 125/125 126/126
f 127/127 128/128 129/129
f 130/130 131/131 132/132
f 133/133 134/134 135/135
f 136/136 137/137 138/138
f 139/139 140/140 141/141
f 142/142 143/143 144/144
f 145/145 146/146 147/147
f 148/148 149/149 150/150
f 151/151 152/152 153/153
f 154/154 155/155 156/156
f 157/157 158/158 159/159
f 160/160 161/161 162/162
f 163/163 164/164 165/165
f 166/166 167/167 168/168
f 169/169 170/170 171/171
f 172/172 173/173 174/174
f 175/175 176/176 177/177
f 178/178 179/179 180/180
f 181/181 182/182 183/183
f 184/184 185/185 186/186
f 187/187 188/188 189/189
f 190/190 191/191 192/192
f 193/193 194/194 195/195
f 196/196 197/197 198/198
f 199/199 200/200 201/201
f 202/202 203/203 204/204
f 205/205 206/206 207/207
f 208/208 209/209 210/210
f 211/211 212/212 213/213
f 214/214 215/215 216/216
f 217/217 218/218 219/219
f 220/220 221/221 222/222
f 223/223 224/224 225/225
f 226/226 227/227 228/228
f 229/229 230/230 231/231
f 232/232 233/233 234/234
f 235/235 236/236 237/237
f 238/238 239/239 240/240
f 241/241 242/242 243/243
f 244/244 245/245 246/246
f 247/247 248/248 249/249
f 250/250 251/251 252/252
f 253/253 254/254 255/255
f 256/256 257/257 258/258
f 259/259 260/260 261/261
f 262/262 263/263 264/264
f 265/265 266/266 267/267
f 268/268 269/269 270/270
f 271/271 272/272 273/273
f 274/274 275/275 276/276
f 277/277 278/278 279/279
f 280/280 281/281 282/282
f 283/283 284/284 285/285
f 286/286 287/287 288/288
f 289/289 290/290 291/291
f 292/292 293/293 294/294
f 295/295 296/296 297/297
f 298/298 299/299 300/300
f 301/301 302/302 303/303
f 304/304 305/305 306/306
f 307/307 308/308 309/309
f 310/310 311/311 312/312
f 313/313 314/314 315/315
f 316/316 317/317 318/318
f 319/319 320/320 321/321
f 322/322 323/323 324/324
f 325/325 326/326 327/327
f 328/328 329/329 330/330
f 331/331 332/332 333/333
f 334/334 335/335 336/336
f 337/337 338/338 339/339
f 340/340 341/341 342/342
f 343/343 344/344 345/345
f 346/346 347/347 348/348
f 349/349 350/350 351/351
f 352/352 353/353 354/354
f 355/355 356/356 357/357
f 358/358 359/359 360/360
f 361/361 362/362 363/363
f 364/364 365/365 366/366
f 367/367 368/368 369/369
f 370/370 371/371 372/372
f 373/373 374/374 375/375
f 376/376 377/377 378/378
f 379/379 380/380 381/381
f 382/382 383/383 384/384
f 385/385 386/386 387/387
f 388/388 389/389 390/390
f 391/391 392/392 393/393
f 394/394 395/395 396/396
f 397/397 398/398 399/399
f 400/400 401/401 402/402
f 403/403 404/404 405/405
f 406/406 407/407 408/408
f 409/409 410/410 411/411
f 412/412 413/413 414/414
f 415/415 416/416 417/417
f 418/418 419/419 420/420
f 421/421 422/422 423/423
f 424/424 425/425 426/426
f 427/427 428/428 429/429
f 430/430 431/431 432/432
f 433/433 434/434 435/435
f 436/436 437/437 438/438
f 439/439 440/440 441/441
f 442/442 443/443 444/444
f 445/445 446/446 447/447
f 448/448 449/449 450/450
f 451/451 452/452 453/453
f 454/454 455/455 456/456
f 457/457 458/458 459/459
f 460/460 461/461 462/462
f 463/463 464/464 465/465
f 466/466 467/467 468/468
f 469/469 470/470 471/471
f 472/472 473/473 474/474
f 475/475 476/476 477/477
f 478/478 479/479 480/480
f 481/481 482/482 483/483
f 484/484 485/485 486/486
f 487/487 488/488 489/489
f 490/490 491/491 492/492
f 493/493 494/494 495/495
f 496/496 497/497 498/498
f 499/499 500/500 501/501
f 502/502 503/503 504/504
f 505/505 506/506 507/507
f 508/508 509/509 510/510
f 511/511 512/512 513/513
f 514/514 515/515 516/516
v 47.6132 23.3048 36.0090
v 47.5187 20.8908 37.9578
v 45.6448 20.9051 35.9728
v 49.5032 20.8438 36.0841
v 45.6448 20.9051 35.9728
v 47.5187 20.8908 37.9578
v 47.6132 23.3048 36.0090
v 45.6448 20.9051 35.9728
v 47.6294 20.8581 34.0991
v 49.5032 20.8438 36.0841
v 47.6294 20.8581 34.0991
v 45.6448 20.9051 35.9728
v 47.6132 23.3048 36.0090
v 47.6294 20.8581 34.0991
v 49.5032 20.8438 36.0841
v 47.6132 23.3048 36.0090
v 49.5032 20.8438 36.0841
v 47.5187 20.8908 37.9578
v 47.6339 24.5914 35.9987
v 48.5809 22.4395 37.0556
v 46.5599 22.4716 36.9973
v 47.6339 24.5914 35.9987
v 46.5599 22.4716 36.9973
v 46.6179 22.4545 34.9762
v 47.6339 24.5914 35.9987
v 46.6179 22.4545 34.9762
v 48.6389 22.4224 35.0344
v 46.5599 22.4716 36.9973
v 48.6389 22.4224 35.0344
v 46.6179 22.4545 34.9762
v 47.6339 24.5914 35.9987
v 48.6389 22.4224 35.0344
v 48.5809 22.4395 37.0556
v 46.5599 22.4716 36.9973
v 48.5809 22.4395 37.0556
v 48.6389 22.4224 35.0344
v 47.6524 25.7350 35.9895
v 48.2309 23.8719 36.6490
v 46.9779 23.8918 36.6129
v 47.6524 25.7350 35.9895
v 46.9779 23.8918 36.6129
v 47.0139 23.8812 35.3598
v 47.6524 25.7350 35.9895
v 47.0139 23.8812 35.3598
v 48.2669 23.8613 35.3959
v 46.9779 23.8918 36.6129
v 48.2669 23.8613 35.3959
v 47.0139 23.8812 35.3598
v 47.6524 25.7350 35.9895
v 48.2669 23.8613 35.3959
v 48.2309 23.8719 36.6490
v 46.9779 23.8918 36.6129
v 48.2309 23.8719 36.6490
v 48.2669 23.8613 35.3959
v 32.9690 25.3160 15.7671
v 32.7010 23.5501 14.3152
v 34.4164 23.5665 15.3899
v 31.6278 23.4638 16.0295
v 34.4164 23.5665 15.3899
v 32.7010 23.5501 14.3152
v 32.9690 25.3160 15.7671
v 34.4164 23.5665 15.3899
v 33.3433 23.4802 17.1043
v 31.6278 23.4638 16.0295
v 33.3433 23.4802 17.1043
v 34.4164 23.5665 15.3899
v 32.9690 25.3160 15.7671
v 33.3433 23.4802 17.1043
v 31.6278 23.4638 16.0295
v 32.9690 25.3160 15.7671
v 31.6278 23.4638 16.0295
v 32.7010 23.5501 14.3152
v 32.9409 26.2694 15.7975
v 32.0892 24.6718 15.1839
v 33.5499 24.7256 14.8489
v 32.9409 26.2694 15.7975
v 33.5499 24.7256 14.8489
v 33.8863 24.6890 16.3098
v 32.9409 26.2694 15.7975
v 33.8863 24.6890 16.3098
v 32.4256 24.6352 16.6448
v 33.5499 24.7256 14.8489
v 32.4256 24.6352 16.6448
v 33.8863 24.6890 16.3098
v 32.9409 26.2694 15.7975
v 32.4256 24.6352 16.6448
v 32.0892 24.6718 15.1839
v 33.5499 24.7256 14.8489
v 32.0892 24.6718 15.1839
v 32.4256 24.6352 16.6448
v 32.9159 27.1169 15.8245
v 32.3994 25.7344 15.4316
v 33.3050 25.7678 15.2239
v 32.9159 27.1169 15.8245
v 33.3050 25.7678 15.2239
v 33.5136 25.7451 16.1296
v 32.9159 27.1169 15.8245
v 33.5136 25.7451 16.1296
v 32.6080 25.7117 16.3373
v 33.3050 25.7678 15.2239
v 32.6080 25.7117 16.3373
v 33.5136 25.7451 16.1296
v 32.9159 27.1169 15.8245
v 32.6080 25.7117 16.3373
v 32.3994 25.7344 15.4316
v 33.3050 25.7678 15.2239
v 32.3994 25.7344 15.4316
v 32.6080 25.7117 16.3373
v 12.9307 27.0833 -12.7400
v 14.2857 24.8255 -13.7156
v 13.7480 24.8120 -11.3053
v 11.8789 24.9635 -14.2517
v 13.7480 24.8120 -11.3053
v 14.2857 24.8255 -13.7156
v 12.9307 27.0833 -12.7400
v 13.7480 24.8120 -11.3053
v 11.3413 24.9500 -11.8414
v 11.8789 24.9635 -14.2517
v 11.3413 24.9500 -11.8414
v 13.7480 24.8120 -11.3053
v 12.9307 27.0833 -12.7400
v 11.3413 24.9500 -11.8414
v 11.8789 24.9635 -14.2517
v 12.9307 27.0833 -12.7400
v 11.8789 24.9635 -14.2517
v 14.2857 24.8255 -13.7156
v 12.9928 28.2456 -12.7197
v 13.1710 26.3155 -14.0161
v 14.1500 26.2361 -12.4728
v 12.9928 28.2456 -12.7197
v 14.1500 26.2361 -12.4728
v 12.6078 26.3013 -11.4911
v 12.9928 28.2456 -12.7197
v 12.6078 26.3013 -11.4911
v 11.6288 26.3806 -13.0344
v 14.1500 26.2361 -12.4728
v 11.6288 26.3806 -13.0344
v 12.6078 26.3013 -11.4911
v 12.9928 28.2456 -12.7197
v 11.6288 26.3806 -13.0344
v 13.1710 26.3155 -14.0161
v 14.1500 26.2361 -12.4728
v 13.1710 26.3155 -14.0161
v 11.6288 26.3806 -13.0344
v 13.0480 29.2788 -12.7016
v 13.1329 27.6043 -13.5137
v 13.7399 27.5551 -12.5569
v 13.0480 29.2788 -12.7016
v 13.7399 27.5551 -12.5569
v 12.7837 27.5955 -11.9482
v 13.0480 29.2788 -12.7016
v 12.7837 27.5955 -11.9482
v 12.1768 27.6447 -12.9051
v 13.7399 27.5551 -12.5569
v 12.1768 27.6447 -12.9051
v 12.7837 27.5955 -11.9482
v 13.0480 29.2788 -12.7016
v 12.1768 27.6447 -12.9051
v 13.1329 27.6043 -13.5137
v 13.7399 27.5551 -12.5569
v 13.1329 27.6043 -13.5137
v 12.1768 27.6447 -12.9051
v -35.4804 22.3891 2.4061
v -37.4228 19.4990 1.7538
v -34.5132 19.4744 0.6397
v -36.3110 19.7774 4.6511
v -34.5132 19.4744 0.6397
v -37.4228 19.4990 1.7538
v -35.4804 22.3891 2.4061
v -34.5132 19.4744 0.6397
v -33.4014 19.7528 3.5370
v -36.3110 19.7774 4.6511
v -33.4014 19.7528 3.5370
v -34.5132 19.4744 0.6397
v -35.4804 22.3891 2.4061
v -33.4014 19.7528 3.5370
v -36.3110 19.7774 4.6511
v -35.4804 22.3891 2.4061
v -36.3110 19.7774 4.6511
v -37.4228 19.4990 1.7538
v -35.5165 23.8519 2.2794
v -36.9803 21.4267 3.0741
v -36.0386 21.2680 0.9730
v -35.5165 23.8519 2.2794
v -36.0386 21.2680 0.9730
v -33.9323 21.4010 1.9070
v -35.5165 23.8519 2.2794
v -33.9323 21.4010 1.9070
v -34.8740 21.5597 4.0081
v -36.0386 21.2680 0.9730
v -34.8740 21.5597 4.0081
v -33.9323 21.4010 1.9070
v -35.5165 23.8519 2.2794
v -34.8740 21.5597 4.0081
v -36.9803 21.4267 3.0741
v -36.0386 21.2680 0.9730
v -36.9803 21.4267 3.0741
v -34.8740 21.5597 4.0081
v -35.5486 25.1523 2.1667
v -36.4413 23.0472 2.7116
v -35.8575 22.9488 1.4089
v -35.5486 25.1523 2.1667
v -35.8575 22.9488 1.4089
v -34.5515 23.0312 1.9879
v -35.5486 25.1523 2.1667
v -34.5515 23.0312 1.9879
v -35.1354 23.1297 3.2906
v -35.8575 22.9488 1.4089
v -35.1354 23.1297 3.2906
v -34.5515 23.0312 1.9879
v -35.5486 25.1523 2.1667
v -35.1354 23.1297 3.2906
v -36.4413 23.0472 2.7116
v -35.8575 22.9488 1.4089
v -36.4413 23.0472 2.7116
v -35.1354 23.1297 3.2906
v 28.2616 28.1307 -26.4477
v 27.1665 25.7354 -25.2096
v 27.2563 25.7397 -27.7676
v 29.7122 25.9854 -25.1198
v 27.2563 25.7397 -27.7676
v 27.1665 25.7354 -25.2096
v 28.2616 28.1307 -26.4477
v 27.2563 25.7397 -27.7676
v 29.8020 25.9897 -27.6778
v 29.7122 25.9854 -25.1198
v 29.8020 25.9897 -27.6778
v 27.2563 25.7397 -27.7676
v 28.2616 28.1307 -26.4477
v 29.8020 25.9897 -27.6778
v 29.7122 25.9854 -25.1198
v 28.2616 28.1307 -26.4477
v 29.7122 25.9854 -25.1198
v 27.1665 25.7354 -25.2096
v 28.1438 29.3315 -26.4499
v 28.2932 27.3279 -25.1065
v 27.0068 27.1992 -26.4934
v 28.1438 29.3315 -26.4499
v 27.0068 27.1992 -26.4934
v 28.3872 27.3324 -27.7861
v 28.1438 29.3315 -26.4499
v 28.3872 27.3324 -27.7861
v 29.6736 27.4611 -26.3993
v 27.0068 27.1992 -26.4934
v 29.6736 27.4611 -26.3993
v 28.3872 27.3324 -27.7861
v 28.1438 29.3315 -26.4499
v 29.6736 27.4611 -26.3993
v 28.2932 27.3279 -25.1065
v 27.0068 27.1992 -26.4934
v 28.2932 27.3279 -25.1065
v 29.6736 27.4611 -26.3993
v 28.0390 30.3988 -26.4518
v 28.1801 28.6630 -25.6180
v 27.3826 28.5832 -26.4779
v 28.0390 30.3988 -26.4518
v 27.3826 28.5832 -26.4779
v 28.2384 28.6657 -27.2794
v 28.0390 30.3988 -26.4518
v 28.2384 28.6657 -27.2794
v 29.0359 28.7455 -26.4195
v 27.3826 28.5832 -26.4779
v 29.0359 28.7455 -26.4195
v 28.2384 28.6657 -27.2794
v 28.0390 30.3988 -26.4518
v 29.0359 28.7455 -26.4195
v 28.1801 28.6630 -25.6180
v 27.3826 28.5832 -26.4779
v 28.1801 28.6630 -25.6180
v 29.0359 28.7455 -26.4195
v 70.2838 22.6400 33.0595
v 69.3829 20.4912 34.2044
v 69.3750 20.4909 31.9212
v 71.6515 20.7489 34.1966
v 69.3750 20.4909 31.9212
v 69.3829 20.4912 34.2044
v 70.2838 22.6400 33.0595
v 69.3750 20.4909 31.9212
v 71.6436 20.7487 31.9134
v 71.6515 20.7489 34.1966
v 71.6436 20.7487 31.9134
v 69.3750 20.4909 31.9212
v 70.2838 22.6400 33.0595
v 71.6436 20.7487 31.9134
v 71.6515 20.7489 34.1966
v 70.2838 22.6400 33.0595
v 71.6515 20.7489 34.1966
v 69.3829 20.4912 34.2044
v 70.1623 23.7094 33.0598
v 70.3689 21.9271 34.2552
v 69.1765 21.7920 33.0634
v 70.1623 23.7094 33.0598
v 69.1765 21.7920 33.0634
v 70.3606 21.9269 31.8634
v 70.1623 23.7094 33.0598
v 70.3606 21.9269 31.8634
v 71.5530 22.0620 33.0552
v 69.1765 21.7920 33.0634
v 71.5530 22.0620 33.0552
v 70.3606 21.9269 31.8634
v 70.1623 23.7094 33.0598
v 71.5530 22.0620 33.0552
v 70.3689 21.9271 34.2552
v 69.1765 21.7920 33.0634
v 70.3689 21.9271 34.2552
v 71.5530 22.0620 33.0552
v 70.0543 24.6600 33.0600
v 70.2323 23.1154 33.8011
v 69.4930 23.0316 33.0622
v 70.0543 24.6600 33.0600
v 69.4930 23.0316 33.0622
v 70.2272 23.1152 32.3181
v 70.0543 24.6600 33.0600
v 70.2272 23.1152 32.3181
v 70.9665 23.1990 33.0571
v 69.4930 23.0316 33.0622
v 70.9665 23.1990 33.0571
v 70.2272 23.1152 32.3181
v 70.0543 24.6600 33.0600
v 70.9665 23.1990 33.0571
v 70.2323 23.1154 33.8011
v 69.4930 23.0316 33.0622
v 70.2323 23.1154 33.8011
v 70.9665 23.1990 33.0571
v -66.5698 21.3011 38.5899
v -67.3879 18.1825 36.4131
v -64.1294 18.5142 37.4019
v -68.3662 18.0299 39.6880
v -64.1294 18.5142 37.4019
v -67.3879 18.1825 36.4131
v -66.5698 21.3011 38.5899
v -64.1294 18.5142 37.4019
v -65.1077 18.3616 40.6769
v -68.3662 18.0299 39.6880
v -65.1077 18.3616 40.6769
v -64.1294 18.5142 37.4019
v -66.5698 21.3011 38.5899
v -65.1077 18.3616 40.6769
v -68.3662 18.0299 39.6880
v -66.5698 21.3011 38.5899
v -68.3662 18.0299 39.6880
v -67.3879 18.1825 36.4131
v -66.7402 22.9048 38.6137
v -68.1629 20.0583 38.0561
v -65.9437 20.3120 36.8587
v -66.7402 22.9048 38.6137
v -65.9437 20.3120 36.8587
v -64.7494 20.4058 39.0920
v -66.7402 22.9048 38.6137
v -64.7494 20.4058 39.0920
v -66.9686 20.1521 40.2894
v -65.9437 20.3120 36.8587
v -66.9686 20.1521 40.2894
v -64.7494 20.4058 39.0920
v -66.7402 22.9048 38.6137
v -66.9686 20.1521 40.2894
v -68.1629 20.0583 38.0561
v -65.9437 20.3120 36.8587
v -68.1629 20.0583 38.0561
v -66.9686 20.1521 40.2894
v -66.8918 24.3302 38.6349
v -67.7037 21.9061 38.2794
v -66.3279 22.0634 37.5370
v -66.8918 24.3302 38.6349
v -66.3279 22.0634 37.5370
v -65.5874 22.1216 38.9216
v -66.8918 24.3302 38.6349
v -65.5874 22.1216 38.9216
v -66.9633 21.9643 39.6640
v -66.3279 22.0634 37.5370
v -66.9633 21.9643 39.6640
v -65.5874 22.1216 38.9216
v -66.8918 24.3302 38.6349
v -66.9633 21.9643 39.6640
v -67.7037 21.9061 38.2794
v -66.3279 22.0634 37.5370
v -67.7037 21.9061 38.2794
v -66.9633 21.9643 39.6640
v -23.9688 25.5109 -36.4197
v -23.2475 22.8726 -34.6217
v -25.7567 22.7969 -36.0307
v -21.8489 23.1190 -37.1257
v -25.7567 22.7969 -36.0307
v -23.2475 22.8726 -34.6217
v -23.9688 25.5109 -36.4197
v -25.7567 22.7969 -36.0307
v -24.3581 23.0433 -38.5347
v -21.8489 23.1190 -37.1257
v -24.3581 23.0433 -38.5347
v -25.7567 22.7969 -36.0307
v -23.9688 25.5109 -36.4197
v -24.3581 23.0433 -38.5347
v -21.8489 23.1190 -37.1257
v -23.9688 25.5109 -36.4197
v -21.8489 23.1190 -37.1257
v -23.2475 22.8726 -34.6217
v -24.0567 26.8625 -36.3358
v -22.5960 24.6495 -35.7377
v -24.6428 24.4808 -35.1641
v -24.0567 26.8625 -36.3358
v -24.6428 24.4808 -35.1641
v -25.2245 24.5702 -37.2136
v -24.0567 26.8625 -36.3358
v -25.2245 24.5702 -37.2136
v -23.1777 24.7390 -37.7872
v -24.6428 24.4808 -35.1641
v -23.1777 24.7390 -37.7872
v -25.2245 24.5702 -37.2136
v -24.0567 26.8625 -36.3358
v -23.1777 24.7390 -37.7872
v -22.5960 24.6495 -35.7377
v -24.6428 24.4808 -35.1641
v -22.5960 24.6495 -35.7377
v -23.1777 24.7390 -37.7872
v -24.1349 28.0639 -36.2612
v -23.1931 26.1362 -35.9249
v -24.4621 26.0316 -35.5693
v -24.1349 28.0639 -36.2612
v -24.4621 26.0316 -35.5693
v -24.8227 26.0870 -36.8400
v -24.1349 28.0639 -36.2612
v -24.8227 26.0870 -36.8400
v -23.5537 26.1916 -37.1956
v -24.4621 26.0316 -35.5693
v -23.5537 26.1916 -37.1956
v -24.8227 26.0870 -36.8400
v -24.1349 28.0639 -36.2612
v -23.5537 26.1916 -37.1956
v -23.1931 26.1362 -35.9249
v -24.4621 26.0316 -35.5693
v -23.1931 26.1362 -35.9249
v -23.5537 26.1916 -37.1956
v -43.6000 19.3078 67.6265
v -44.3538 17.5032 68.8430
v -44.8484 17.5225 66.8788
v -42.3896 17.4861 68.3482
v -44.8484 17.5225 66.8788
v -44.3538 17.5032 68.8430
v -43.6000 19.3078 67.6265
v -44.8484 17.5225 66.8788
v -42.8842 17.5054 66.3840
v -42.3896 17.4861 68.3482
v -42.8842 17.5054 66.3840
v -44.8484 17.5225 66.8788
v -43.6000 19.3078 67.6265
v -42.8842 17.5054 66.3840
v -42.3896 17.4861 68.3482
v -43.6000 19.3078 67.6265
v -42.3896 17.4861 68.3482
v -44.3538 17.5032 68.8430
v -43.5900 20.2626 67.6334
v -43.3477 18.6611 68.6507
v -44.6355 18.6802 67.8811
v -43.5900 20.2626 67.6334
v -44.6355 18.6802 67.8811
v -43.8658 18.6814 66.5931
v -43.5900 20.2626 67.6334
v -43.8658 18.6814 66.5931
v -42.5779 18.6623 67.3628
v -44.6355 18.6802 67.8811
v -42.5779 18.6623 67.3628
v -43.8658 18.6814 66.5931
v -43.5900 20.2626 67.6334
v -42.5779 18.6623 67.3628
v -43.3477 18.6611 68.6507
v -44.6355 18.6802 67.8811
v -43.3477 18.6611 68.6507
v -42.5779 18.6623 67.3628
v -43.5811 21.1113 67.6395
v -43.4350 19.7259 68.2674
v -44.2334 19.7377 67.7902
v -43.5811 21.1113 67.6395
v -44.2334 19.7377 67.7902
v -43.7562 19.7384 66.9917
v -43.5811 21.1113 67.6395
v -43.7562 19.7384 66.9917
v -42.9577 19.7266 67.4689
v -44.2334 19.7377 67.7902
v -42.9577 19.7266 67.4689
v -43.7562 19.7384 66.9917
v -43.5811 21.1113 67.6395
v -42.9577 19.7266 67.4689
v -43.4350 19.7259 68.2674
v -44.2334 19.7377 67.7902
v -43.4350 19.7259 68.2674
v -42.9577 19.7266 67.4689
v 35.0436 22.5276 42.7132
v 36.1722 20.8352 43.5407
v 34.2701 20.8329 43.8761
v 35.8369 20.7840 41.6393
v 34.2701 20.8329 43.8761
v 36.1722 20.8352 43.5407
v 35.0436 22.5276 42.7132
v 34.2701 20.8329 43.8761
v 33.9349 20.7817 41.9747
v 35.8369 20.7840 41.6393
v 33.9349 20.7817 41.9747
v 34.2701 20.8329 43.8761
v 35.0436 22.5276 42.7132
v 33.9349 20.7817 41.9747
v 35.8369 20.7840 41.6393
v 35.0436 22.5276 42.7132
v 35.8369 20.7840 41.6393
v 36.1722 20.8352 43.5407
v 35.0383 23.4377 42.6896
v 36.0433 21.9221 42.5532
v 35.2227 21.9476 43.7248
v 35.0383 23.4377 42.6896
v 35.2227 21.9476 43.7248
v 34.0508 21.9196 42.9046
v 35.0383 23.4377 42.6896
v 34.0508 21.9196 42.9046
v 34.8715 21.8940 41.7330
v 35.2227 21.9476 43.7248
v 34.8715 21.8940 41.7330
v 34.0508 21.9196 42.9046
v 35.0383 23.4377 42.6896
v 34.8715 21.8940 41.7330
v 36.0433 21.9221 42.5532
v 35.2227 21.9476 43.7248
v 36.0433 21.9221 42.5532
v 34.8715 21.8940 41.7330
v 35.0336 24.2467 42.6687
v 35.6589 22.9329 42.5938
v 35.1501 22.9487 43.3202
v 35.0336 24.2467 42.6687
v 35.1501 22.9487 43.3202
v 34.4236 22.9313 42.8116
v 35.0336 24.2467 42.6687
v 34.4236 22.9313 42.8116
v 34.9324 22.9155 42.0853
v 35.1501 22.9487 43.3202
v 34.9324 22.9155 42.0853
v 34.4236 22.9313 42.8116
v 35.0336 24.2467 42.6687
v 34.9324 22.9155 42.0853
v 35.6589 22.9329 42.5938
v 35.1501 22.9487 43.3202
v 35.6589 22.9329 42.5938
v 34.9324 22.9155 42.0853
v -28.5024 26.0622 -47.0279
v -28.9373 23.0508 -44.6879
v -30.6308 22.9204 -47.6054
v -26.0236 23.2027 -46.3859
v -30.6308 22.9204 -47.6054
v -28.9373 23.0508 -44.6879
v -28.5024 26.0622 -47.0279
v -30.6308 22.9204 -47.6054
v -27.7170 23.0723 -49.3034
v -26.0236 23.2027 -46.3859
v -27.7170 23.0723 -49.3034
v -30.6308 22.9204 -47.6054
v -28.5024 26.0622 -47.0279
v -27.7170 23.0723 -49.3034
v -26.0236 23.2027 -46.3859
v -28.5024 26.0622 -47.0279
v -26.0236 23.2027 -46.3859
v -28.9373 23.0508 -44.6879
v -28.5952 27.6508 -47.0450
v -27.5536 25.0714 -45.4884
v -29.9667 24.9236 -46.1271
v -28.5952 27.6508 -47.0450
v -29.9667 24.9236 -46.1271
v -29.3275 24.9349 -48.5447
v -28.5952 27.6508 -47.0450
v -29.3275 24.9349 -48.5447
v -26.9144 25.0827 -47.9059
v -29.9667 24.9236 -46.1271
v -26.9144 25.0827 -47.9059
v -29.3275 24.9349 -48.5447
v -28.5952 27.6508 -47.0450
v -26.9144 25.0827 -47.9059
v -27.5536 25.0714 -45.4884
v -29.9667 24.9236 -46.1271
v -27.5536 25.0714 -45.4884
v -26.9144 25.0827 -47.9059
v -28.6777 29.0629 -47.0602
v -27.9937 26.8106 -46.0881
v -29.4899 26.7189 -46.4841
v -28.6777 29.0629 -47.0602
v -29.4899 26.7189 -46.4841
v -29.0936 26.7260 -47.9830
v -28.6777 29.0629 -47.0602
v -29.0936 26.7260 -47.9830
v -27.5974 26.8176 -47.5870
v -29.4899 26.7189 -46.4841
v -27.5974 26.8176 -47.5870
v -29.0936 26.7260 -47.9830
v -28.6777 29.0629 -47.0602
v -27.5974 26.8176 -47.5870
v -27.9937 26.8106 -46.0881
v -29.4899 26.7189 -46.4841
v -27.9937 26.8106 -46.0881
v -27.5974 26.8176 -47.5870
v -60.0853 19.8463 57.6309
v -59.9811 17.6595 59.4351
v -61.7869 17.5779 57.7152
v -58.2608 17.6739 57.6280
v -61.7869 17.5779 57.7152
v -59.9811 17.6595 59.4351
v -60.0853 19.8463 57.6309
v -61.7869 17.5779 57.7152
v -60.0665 17.5924 55.9082
v -58.2608 17.6739 57.6280
v -60.0665 17.5924 55.9082
v -61.7869 17.5779 57.7152
v -60.0853 19.8463 57.6309
v -60.0665 17.5924 55.9082
v -58.2608 17.6739 57.6280
v -60.0853 19.8463 57.6309
v -58.2608 17.6739 57.6280
v -59.9811 17.6595 59.4351
v -60.1179 21.0219 57.6093
v -59.1178 19.1054 58.5461
v -60.9647 19.0551 58.5918
v -60.1179 21.0219 57.6093
v -60.9647 19.0551 58.5918
v -61.0094 19.0199 56.7445
v -60.1179 21.0219 57.6093
v -61.0094 19.0199 56.7445
v -59.1625 19.0702 56.6988
v -60.9647 19.0551 58.5918
v -59.1625 19.0702 56.6988
v -61.0094 19.0199 56.7445
v -60.1179 21.0219 57.6093
v -59.1625 19.0702 56.6988
v -59.1178 19.1054 58.5461
v -60.9647 19.0551 58.5918
v -59.1178 19.1054 58.5461
v -59.1625 19.0702 56.6988
v -60.1468 22.0668 57.5902
v -59.5134 20.3953 58.1798
v -60.6585 20.3641 58.2081
v -60.1468 22.0668 57.5902
v -60.6585 20.3641 58.2081
v -60.6862 20.3423 57.0628
v -60.1468 22.0668 57.5902
v -60.6862 20.3423 57.0628
v -59.5411 20.3735 57.0345
v -60.6585 20.3641 58.2081
v -59.5411 20.3735 57.0345
v -60.6862 20.3423 57.0628
v -60.1468 22.0668 57.5902
v -59.5411 20.3735 57.0345
v -59.5134 20.3953 58.1798
v -60.6585 20.3641 58.2081
v -59.5134 20.3953 58.1798
v -59.5411 20.3735 57.0345
v 3.0691 29.1762 -29.8050
v 5.5244 25.8119 -31.5342
v 5.0456 25.7767 -27.5972
v 1.5974 25.5306 -32.0143
v 5.0456 25.7767 -27.5972
v 5.5244 25.8119 -31.5342
v 3.0691 29.1762 -29.8050
v 5.0456 25.7767 -27.5972
v 1.1186 25.4954 -28.0773
v 1.5974 25.5306 -32.0143
v 1.1186 25.4954 -28.0773
v 5.0456 25.7767 -27.5972
v 3.0691 29.1762 -29.8050
v 1.1186 25.4954 -28.0773
v 1.5974 25.5306 -32.0143
v 3.0691 29.1762 -29.8050
v 1.5974 25.5306 -32.0143
v 5.5244 25.8119 -31.5342
v 2.9354 31.0411 -29.8046
v 3.4089 27.9513 -31.8674
v 5.2150 28.0803 -29.5538
v 2.9354 31.0411 -29.8046
v 5.2150 28.0803 -29.5538
v 2.9073 27.9145 -27.7431
v 2.9354 31.0411 -29.8046
v 2.9073 27.9145 -27.7431
v 1.1013 27.7856 -30.0567
v 5.2150 28.0803 -29.5538
v 1.1013 27.7856 -30.0567
v 2.9073 27.9145 -27.7431
v 2.9354 31.0411 -29.8046
v 1.1013 27.7856 -30.0567
v 3.4089 27.9513 -31.8674
v 5.2150 28.0803 -29.5538
v 3.4089 27.9513 -31.8674
v 1.1013 27.7856 -30.0567
v 2.8166 32.6987 -29.8042
v 3.1651 30.0164 -31.0833
v 4.2849 30.0964 -29.6489
v 2.8166 32.6987 -29.8042
v 4.2849 30.0964 -29.6489
v 2.8542 29.9936 -28.5263
v 2.8166 32.6987 -29.8042
v 2.8542 29.9936 -28.5263
v 1.7344 29.9137 -29.9607
v 4.2849 30.0964 -29.6489
v 1.7344 29.9137 -29.9607
v 2.8542 29.9936 -28.5263
v 2.8166 32.6987 -29.8042
v 1.7344 29.9137 -29.9607
v 3.1651 30.0164 -31.0833
v 4.2849 30.0964 -29.6489
v 3.1651 30.0164 -31.0833
v 1.7344 29.9137 -29.9607
v -39.4202 19.3769 14.0542
v -40.1536 18.0219 14.7608
v -40.0731 18.0222 13.2723
v -38.6661 18.0788 14.8412
v -40.0731 18.0222 13.2723
v -40.1536 18.0219 14.7608
v -39.4202 19.3769 14.0542
v -40.0731 18.0222 13.2723
v -38.5856 18.0790 13.3527
v -38.6661 18.0788 14.8412
v -38.5856 18.0790 13.3527
v -40.0731 18.0222 13.2723
v -39.4202 19.3769 14.0542
v -38.5856 18.0790 13.3527
v -38.6661 18.0788 14.8412
v -39.4202 19.3769 14.0542
v -38.6661 18.0788 14.8412
v -40.1536 18.0219 14.7608
v -39.4469 20.0791 14.0529
v -39.4445 18.9086 14.8348
v -40.1814 18.8790 14.0130
v -39.4469 20.0791 14.0529
v -40.1814 18.8790 14.0130
v -39.3601 18.9089 13.2755
v -39.4469 20.0791 14.0529
v -39.3601 18.9089 13.2755
v -38.6232 18.9385 14.0973
v -40.1814 18.8790 14.0130
v -38.6232 18.9385 14.0973
v -39.3601 18.9089 13.2755
v -39.4469 20.0791 14.0529
v -38.6232 18.9385 14.0973
v -39.4445 18.9086 14.8348
v -40.1814 18.8790 14.0130
v -39.4445 18.9086 14.8348
v -38.6232 18.9385 14.0973
v -39.4707 20.7033 14.0517
v -39.4582 19.6889 14.5370
v -39.9151 19.6705 14.0275
v -39.4707 20.7033 14.0517
v -39.9151 19.6705 14.0275
v -39.4059 19.6891 13.5703
v -39.4707 20.7033 14.0517
v -39.4059 19.6891 13.5703
v -38.9490 19.7074 14.0798
v -39.9151 19.6705 14.0275
v -38.9490 19.7074 14.0798
v -39.4059 19.6891 13.5703
v -39.4707 20.7033 14.0517
v -38.9490 19.7074 14.0798
v -39.4582 19.6889 14.5370
v -39.9151 19.6705 14.0275
v -39.4582 19.6889 14.5370
v -38.9490 19.7074 14.0798
v 16.6831 30.6693 -69.5212
v 14.6016 28.1816 -69.1476
v 16.1032 28.2149 -71.5950
v 17.0462 28.0184 -67.6499
v 16.1032 28.2149 -71.5950
v 14.6016 28.1816 -69.1476
v 16.6831 30.6693 -69.5212
v 16.1032 28.2149 -71.5950
v 18.5479 28.0518 -70.0973
v 17.0462 28.0184 -67.6499
v 18.5479 28.0518 -70.0973
v 16.1032 28.2149 -71.5950
v 16.6831 30.6693 -69.5212
v 18.5479 28.0518 -70.0973
v 17.0462 28.0184 -67.6499
v 16.6831 30.6693 -69.5212
v 17.0462 28.0184 -67.6499
v 14.6016 28.1816 -69.1476
v 16.7404 32.0206 -69.4676
v 15.8583 29.7509 -68.2750
v 15.3644 29.8538 -70.3414
v 16.7404 32.0206 -69.4676
v 15.3644 29.8538 -70.3414
v 17.4314 29.7858 -70.8388
v 16.7404 32.0206 -69.4676
v 17.4314 29.7858 -70.8388
v 17.9253 29.6829 -68.7725
v 15.3644 29.8538 -70.3414
v 17.9253 29.6829 -68.7725
v 17.4314 29.7858 -70.8388
v 16.7404 32.0206 -69.4676
v 17.9253 29.6829 -68.7725
v 15.8583 29.7509 -68.2750
v 15.3644 29.8538 -70.3414
v 15.8583 29.7509 -68.2750
v 17.9253 29.6829 -68.7725
v 16.7914 33.2218 -69.4199
v 16.2209 31.2590 -68.7026
v 15.9147 31.3228 -69.9837
v 16.7914 33.2218 -69.4199
v 15.9147 31.3228 -69.9837
v 17.1962 31.2807 -70.2921
v 16.7914 33.2218 -69.4199
v 17.1962 31.2807 -70.2921
v 17.5024 31.2169 -69.0110
v 15.9147 31.3228 -69.9837
v 17.5024 31.2169 -69.0110
v 17.1962 31.2807 -70.2921
v 16.7914 33.2218 -69.4199
v 17.5024 31.2169 -69.0110
v 16.2209 31.2590 -68.7026
v 15.9147 31.3228 -69.9837
v 16.2209 31.2590 -68.7026
v 17.5024 31.2169 -69.0110
v 53.7987 29.6120 -20.3532
v 51.7536 26.8084 -19.0225
v 52.3134 26.7770 -22.2427
v 54.9691 26.6344 -18.4617
v 52.3134 26.7770 -22.2427
v 51.7536 26.8084 -19.0225
v 53.7987 29.6120 -20.3532
v 52.3134 26.7770 -22.2427
v 55.5290 26.6030 -21.6820
v 54.9691 26.6344 -18.4617
v 55.5290 26.6030 -21.6820
v 52.3134 26.7770 -22.2427
v 53.7987 29.6120 -20.3532
v 55.5290 26.6030 -21.6820
v 54.9691 26.6344 -18.4617
v 53.7987 29.6120 -20.3532
v 54.9691 26.6344 -18.4617
v 51.7536 26.8084 -19.0225
v 53.8821 31.1506 -20.3537
v 53.4499 28.6027 -18.6661
v 52.0589 28.6774 -20.6465
v 53.8821 31.1506 -20.3537
v 52.0589 28.6774 -20.6465
v 54.0364 28.5698 -22.0395
v 53.8821 31.1506 -20.3537
v 54.0364 28.5698 -22.0395
v 55.4274 28.4951 -20.0591
v 52.0589 28.6774 -20.6465
v 55.4274 28.4951 -20.0591
v 54.0364 28.5698 -22.0395
v 53.8821 31.1506 -20.3537
v 55.4274 28.4951 -20.0591
v 53.4499 28.6027 -18.6661
v 52.0589 28.6774 -20.6465
v 53.4499 28.6027 -18.6661
v 55.4274 28.4951 -20.0591
v 53.9562 32.5182 -20.3541
v 53.6540 30.3060 -19.3076
v 52.7916 30.3523 -20.5355
v 53.9562 32.5182 -20.3541
v 52.7916 30.3523 -20.5355
v 54.0176 30.2856 -21.3991
v 53.9562 32.5182 -20.3541
v 54.0176 30.2856 -21.3991
v 54.8800 30.2393 -20.1713
v 52.7916 30.3523 -20.5355
v 54.8800 30.2393 -20.1713
v 54.0176 30.2856 -21.3991
v 53.9562 32.5182 -20.3541
v 54.8800 30.2393 -20.1713
v 53.6540 30.3060 -19.3076
v 52.7916 30.3523 -20.5355
v 53.6540 30.3060 -19.3076
v 54.8800 30.2393 -20.1713
v -20.5419 26.5968 -64.3719
v -21.7133 24.2994 -63.3383
v -21.3273 24.3165 -65.7510
v -19.3134 24.5486 -62.9525
v -21.3273 24.3165 -65.7510
v -21.7133 24.2994 -63.3383
v -20.5419 26.5968 -64.3719
v -21.3273 24.3165 -65.7510
v -18.9274 24.5657 -65.3652
v -19.3134 24.5486 -62.9525
v -18.9274 24.5657 -65.3652
v -21.3273 24.3165 -65.7510
v -20.5419 26.5968 -64.3719
v -18.9274 24.5657 -65.3652
v -19.3134 24.5486 -62.9525
v -20.5419 26.5968 -64.3719
v -19.3134 24.5486 -62.9525
v -21.7133 24.2994 -63.3383
v -20.6591 27.7426 -64.3826
v -20.6659 25.8241 -63.1011
v -21.7207 25.7025 -64.5668
v -20.6591 27.7426 -64.3826
v -21.7207 25.7025 -64.5668
v -20.2615 25.8419 -65.6285
v -20.6591 27.7426 -64.3826
v -20.2615 25.8419 -65.6285
v -19.2067 25.9635 -64.1628
v -21.7207 25.7025 -64.5668
v -19.2067 25.9635 -64.1628
v -20.2615 25.8419 -65.6285
v -20.6591 27.7426 -64.3826
v -19.2067 25.9635 -64.1628
v -20.6659 25.8241 -63.1011
v -21.7207 25.7025 -64.5668
v -20.6659 25.8241 -63.1011
v -19.2067 25.9635 -64.1628
v -20.7634 28.7611 -64.3921
v -20.7193 27.1006 -63.5932
v -21.3733 27.0252 -64.5019
v -20.7634 28.7611 -64.3921
v -21.3733 27.0252 -64.5019
v -20.4686 27.1116 -65.1602
v -20.7634 28.7611 -64.3921
v -20.4686 27.1116 -65.1602
v -19.8146 27.1870 -64.2514
v -21.3733 27.0252 -64.5019
v -19.8146 27.1870 -64.2514
v -20.4686 27.1116 -65.1602
v -20.7634 28.7611 -64.3921
v -19.8146 27.1870 -64.2514
v -20.7193 27.1006 -63.5932
v -21.3733 27.0252 -64.5019
v -20.7193 27.1006 -63.5932
v -19.8146 27.1870 -64.2514
v 43.9615 27.7765 -3.5198
v 45.6647 25.3993 -3.0315
v 43.2899 25.3489 -1.9558
v 44.5881 25.5714 -5.4001
v 43.2899 25.3489 -1.9558
v 45.6647 25.3993 -3.0315
v 43.9615 27.7765 -3.5198
v 43.2899 25.3489 -1.9558
v 42.2133 25.5210 -4.3244
v 44.5881 25.5714 -5.4001
v 42.2133 25.5210 -4.3244
v 43.2899 25.3489 -1.9558
v 43.9615 27.7765 -3.5198
v 42.2133 25.5210 -4.3244
v 44.5881 25.5714 -5.4001
v 43.9615 27.7765 -3.5198
v 44.5881 25.5714 -5.4001
v 45.6647 25.3993 -3.0315
v 43.9734 29.0027 -3.4361
v 45.1974 26.9853 -4.1391
v 44.5175 26.8688 -2.3350
v 43.9734 29.0027 -3.4361
v 44.5175 26.8688 -2.3350
v 42.7097 26.9326 -3.0122
v 43.9734 29.0027 -3.4361
v 42.7097 26.9326 -3.0122
v 43.3896 27.0491 -4.8163
v 44.5175 26.8688 -2.3350
v 43.3896 27.0491 -4.8163
v 42.7097 26.9326 -3.0122
v 43.9734 29.0027 -3.4361
v 43.3896 27.0491 -4.8163
v 45.1974 26.9853 -4.1391
v 44.5175 26.8688 -2.3350
v 45.1974 26.9853 -4.1391
v 43.3896 27.0491 -4.8163
v 43.9840 30.0928 -3.3617
v 44.7380 28.3378 -3.8320
v 44.3164 28.2656 -2.7134
v 43.9840 30.0928 -3.3617
v 44.3164 28.2656 -2.7134
v 43.1956 28.3051 -3.1333
v 43.9840 30.0928 -3.3617
v 43.1956 28.3051 -3.1333
v 43.6172 28.3774 -4.2518
v 44.3164 28.2656 -2.7134
v 43.6172 28.3774 -4.2518
v 43.1956 28.3051 -3.1333
v 43.9840 30.0928 -3.3617
v 43.6172 28.3774 -4.2518
v 44.7380 28.3378 -3.8320
v 44.3164 28.2656 -2.7134
v 44.7380 28.3378 -3.8320
v 43.6172 28.3774 -4.2518
v 6.7547 27.3499 -34.7567
v 8.0251 25.3096 -36.0527
v 8.1983 25.3092 -33.6575
v 5.6368 25.1262 -35.8801
v 8.1983 25.3092 -33.6575
v 8.0251 25.3096 -36.0527
v 6.7547 27.3499 -34.7567
v 8.1983 25.3092 -33.6575
v 5.8100 25.1258 -33.4848
v 5.6368 25.1262 -35.8801
v 5.8100 25.1258 -33.4848
v 8.1983 25.3092 -33.6575
v 6.7547 27.3499 -34.7567
v 5.8100 25.1258 -33.4848
v 5.6368 25.1262 -35.8801
v 6.7547 27.3499 -34.7567
v 5.6368 25.1262 -35.8801
v 8.0251 25.3096 -36.0527
v 6.6685 28.4786 -34.7503
v 6.7215 26.5975 -36.0155
v 8.0631 26.6934 -34.8514
v 6.6685 28.4786 -34.7503
v 8.0631 26.6934 -34.8514
v 6.9029 26.5971 -33.5063
v 6.6685 28.4786 -34.7503
v 6.9029 26.5971 -33.5063
v 5.5612 26.5013 -34.6705
v 8.0631 26.6934 -34.8514
v 5.5612 26.5013 -34.6705
v 6.9029 26.5971 -33.5063
v 6.6685 28.4786 -34.7503
v 5.5612 26.5013 -34.6705
v 6.7215 26.5975 -36.0155
v 8.0631 26.6934 -34.8514
v 6.7215 26.5975 -36.0155
v 5.5612 26.5013 -34.6705
v 6.5919 29.4820 -34.7446
v 6.6602 27.8517 -35.5317
v 7.4920 27.9111 -34.8099
v 6.5919 29.4820 -34.7446
v 7.4920 27.9111 -34.8099
v 6.7726 27.8514 -33.9760
v 6.5919 29.4820 -34.7446
v 6.7726 27.8514 -33.9760
v 5.9408 27.7920 -34.6978
v 7.4920 27.9111 -34.8099
v 5.9408 27.7920 -34.6978
v 6.7726 27.8514 -33.9760
v 6.5919 29.4820 -34.7446
v 5.9408 27.7920 -34.6978
v 6.6602 27.8517 -35.5317
v 7.4920 27.9111 -34.8099
v 6.6602 27.8517 -35.5317
v 5.9408 27.7920 -34.6978
v -13.9089 21.2426 54.9578
v -15.5913 19.1064 55.5849
v -14.5376 19.0360 53.3695
v -13.3755 19.0806 56.6397
v -14.5376 19.0360 53.3695
v -15.5913 19.1064 55.5849
v -13.9089 21.2426 54.9578
v -14.5376 19.0360 53.3695
v -12.3217 19.0102 54.4243
v -13.3755 19.0806 56.6397
v -12.3217 19.0102 54.4243
v -14.5376 19.0360 53.3695
v -13.9089 21.2426 54.9578
v -12.3217 19.0102 54.4243
v -13.3755 19.0806 56.6397
v -13.9089 21.2426 54.9578
v -13.3755 19.0806 56.6397
v -15.5913 19.1064 55.5849
v -13.8836 22.3989 54.9331
v -14.4776 20.5085 56.1347
v -15.0863 20.4851 54.4219
v -13.8836 22.3989 54.9331
v -15.0863 20.4851 54.4219
v -13.3738 20.4348 53.8140
v -13.8836 22.3989 54.9331
v -13.3738 20.4348 53.8140
v -12.7650 20.4581 55.5268
v -15.0863 20.4851 54.4219
v -12.7650 20.4581 55.5268
v -13.3738 20.4348 53.8140
v -13.8836 22.3989 54.9331
v -12.7650 20.4581 55.5268
v -14.4776 20.5085 56.1347
v -15.0863 20.4851 54.4219
v -14.4776 20.5085 56.1347
v -12.7650 20.4581 55.5268
v -13.8612 23.4268 54.9111
v -14.2398 21.7794 55.6663
v -14.6172 21.7649 54.6043
v -13.8612 23.4268 54.9111
v -14.6172 21.7649 54.6043
v -13.5555 21.7336 54.2274
v -13.8612 23.4268 54.9111
v -13.5555 21.7336 54.2274
v -13.1781 21.7481 55.2894
v -14.6172 21.7649 54.6043
v -13.1781 21.7481 55.2894
v -13.5555 21.7336 54.2274
v -13.8612 23.4268 54.9111
v -13.1781 21.7481 55.2894
v -14.2398 21.7794 55.6663
v -14.6172 21.7649 54.6043
v -14.2398 21.7794 55.6663
v -13.1781 21.7481 55.2894
v -67.0330 24.2825 -59.0947
v -69.4300 20.6561 -60.4695
v -65.6060 20.7996 -61.6674
v -68.2304 20.6295 -56.6435
v -65.6060 20.7996 -61.6674
v -69.4300 20.6561 -60.4695
v -67.0330 24.2825 -59.0947
v -65.6060 20.7996 -61.6674
v -64.4065 20.7730 -57.8414
v -68.2304 20.6295 -56.6435
v -64.4065 20.7730 -57.8414
v -65.6060 20.7996 -61.6674
v -67.0330 24.2825 -59.0947
v -64.4065 20.7730 -57.8414
v -68.2304 20.6295 -56.6435
v -67.0330 24.2825 -59.0947
v -68.2304 20.6295 -56.6435
v -69.4300 20.6561 -60.4695
v -67.0938 26.1715 -59.0625
v -68.9954 22.9481 -58.4887
v -67.6208 23.0372 -61.1201
v -67.0938 26.1715 -59.0625
v -67.6208 23.0372 -61.1201
v -64.9896 23.0984 -59.7436
v -67.0938 26.1715 -59.0625
v -64.9896 23.0984 -59.7436
v -66.3642 23.0093 -57.1121
v -67.6208 23.0372 -61.1201
v -66.3642 23.0093 -57.1121
v -64.9896 23.0984 -59.7436
v -67.0938 26.1715 -59.0625
v -66.3642 23.0093 -57.1121
v -68.9954 22.9481 -58.4887
v -67.6208 23.0372 -61.1201
v -68.9954 22.9481 -58.4887
v -66.3642 23.0093 -57.1121
v -67.1478 27.8505 -59.0338
v -68.3018 25.0755 -58.6913
v -67.4496 25.1307 -60.3228
v -67.1478 27.8505 -59.0338
v -67.4496 25.1307 -60.3228
v -65.8182 25.1687 -59.4694
v -67.1478 27.8505 -59.0338
v -65.8182 25.1687 -59.4694
v -66.6705 25.1134 -57.8379
v -67.4496 25.1307 -60.3228
v -66.6705 25.1134 -57.8379
v -65.8182 25.1687 -59.4694
v -67.1478 27.8505 -59.0338
v -66.6705 25.1134 -57.8379
v -68.3018 25.0755 -58.6913
v -67.4496 25.1307 -60.3228
v -68.3018 25.0755 -58.6913
v -66.6705 25.1134 -57.8379
v -1.7725 27.9198 -44.7463
v 0.4809 25.6497 -45.0132
v -1.1697 25.4977 -42.7283
v -1.7849 25.3505 -46.6700
v -1.1697 25.4977 -42.7283
v 0.4809 25.6497 -45.0132
v -1.7725 27.9198 -44.7463
v -1.1697 25.4977 -42.7283
v -3.4356 25.1985 -44.3851
v -1.7849 25.3505 -46.6700
v -3.4356 25.1985 -44.3851
v -1.1697 25.4977 -42.7283
v -1.7725 27.9198 -44.7463
v -3.4356 25.1985 -44.3851
v -1.7849 25.3505 -46.6700
v -1.7725 27.9198 -44.7463
v -1.7849 25.3505 -46.6700
v 0.4809 25.6497 -45.0132
v -1.9287 29.2411 -44.7712
v -0.8037 27.1186 -45.9264
v -0.4815 27.1957 -43.8619
v -1.9287 29.2411 -44.7712
v -0.4815 27.1957 -43.8619
v -2.5329 26.9594 -43.5329
v -1.9287 29.2411 -44.7712
v -2.5329 26.9594 -43.5329
v -2.8551 26.8823 -45.5974
v -0.4815 27.1957 -43.8619
v -2.8551 26.8823 -45.5974
v -2.5329 26.9594 -43.5329
v -1.9287 29.2411 -44.7712
v -2.8551 26.8823 -45.5974
v -0.8037 27.1186 -45.9264
v -0.4815 27.1957 -43.8619
v -0.8037 27.1186 -45.9264
v -2.8551 26.8823 -45.5974
v -2.0676 30.4155 -44.7934
v -1.3058 28.5564 -45.4994
v -1.1061 28.6042 -44.2194
v -2.0676 30.4155 -44.7934
v -1.1061 28.6042 -44.2194
v -2.3779 28.4577 -44.0154
v -2.0676 30.4155 -44.7934
v -2.3779 28.4577 -44.0154
v -2.5777 28.4099 -45.2954
v -1.1061 28.6042 -44.2194
v -2.5777 28.4099 -45.2954
v -2.3779 28.4577 -44.0154
v -2.0676 30.4155 -44.7934
v -2.5777 28.4099 -45.2954
v -1.3058 28.5564 -45.4994
v -1.1061 28.6042 -44.2194
v -1.3058 28.5564 -45.4994
v -2.5777 28.4099 -45.2954
v -12.0490 24.5777 -24.6562
v -11.0709 22.9518 -25.5637
v -11.1086 22.9491 -23.7143
v -12.9199 22.9129 -25.6014
v -11.1086 22.9491 -23.7143
v -11.0709 22.9518 -25.5637
v -12.0490 24.5777 -24.6562
v -11.1086 22.9491 -23.7143
v -12.9576 22.9102 -23.7520
v -12.9199 22.9129 -25.6014
v -12.9576 22.9102 -23.7520
v -11.1086 22.9491 -23.7143
v -12.0490 24.5777 -24.6562
v -12.9576 22.9102 -23.7520
v -12.9199 22.9129 -25.6014
v -12.0490 24.5777 -24.6562
v -12.9199 22.9129 -25.6014
v -11.0709 22.9518 -25.5637
v -12.0673 25.4495 -24.6553
v -12.0170 23.9979 -25.6255
v -11.0683 24.0169 -24.6370
v -12.0673 25.4495 -24.6553
v -11.0683 24.0169 -24.6370
v -12.0565 23.9952 -23.6881
v -12.0673 25.4495 -24.6553
v -12.0565 23.9952 -23.6881
v -13.0052 23.9761 -24.6765
v -11.0683 24.0169 -24.6370
v -13.0052 23.9761 -24.6765
v -12.0565 23.9952 -23.6881
v -12.0673 25.4495 -24.6553
v -13.0052 23.9761 -24.6765
v -12.0170 23.9979 -25.6255
v -11.0683 24.0169 -24.6370
v -12.0170 23.9979 -25.6255
v -13.0052 23.9761 -24.6765
v -12.0836 26.2245 -24.6546
v -12.0449 24.9661 -25.2564
v -11.4567 24.9778 -24.6436
v -12.0836 26.2245 -24.6546
v -11.4567 24.9778 -24.6436
v -12.0694 24.9643 -24.0552
v -12.0836 26.2245 -24.6546
v -12.0694 24.9643 -24.0552
v -12.6576 24.9526 -24.6681
v -11.4567 24.9778 -24.6436
v -12.6576 24.9526 -24.6681
v -12.0694 24.9643 -24.0552
v -12.0836 26.2245 -24.6546
v -12.6576 24.9526 -24.6681
v -12.0449 24.9661 -25.2564
v -11.4567 24.9778 -24.6436
v -12.0449 24.9661 -25.2564
v -12.6576 24.9526 -24.6681
v -7.0896 22.5523 35.5471
v -5.5581 20.5660 36.0972
v -7.6075 20.5321 37.0453
v -6.5060 20.5512 34.0475
v -7.6075 20.5321 37.0453
v -5.5581 20.5660 36.0972
v -7.0896 22.5523 35.5471
v -7.6075 20.5321 37.0453
v -8.5555 20.5174 34.9955
v -6.5060 20.5512 34.0475
v -8.5555 20.5174 34.9955
v -7.6075 20.5321 37.0453
v -7.0896 22.5523 35.5471
v -8.5555 20.5174 34.9955
v -6.5060 20.5512 34.0475
v -7.0896 22.5523 35.5471
v -6.5060 20.5512 34.0475
v -5.5581 20.5660 36.0972
v -7.1070 23.6168 35.5475
v -6.0046 21.8604 35.0503
v -6.5815 21.8504 36.6205
v -7.1070 23.6168 35.5475
v -6.5815 21.8504 36.6205
v -8.1515 21.8250 36.0434
v -7.1070 23.6168 35.5475
v -8.1515 21.8250 36.0434
v -7.5745 21.8350 34.4733
v -6.5815 21.8504 36.6205
v -7.5745 21.8350 34.4733
v -8.1515 21.8250 36.0434
v -7.1070 23.6168 35.5475
v -7.5745 21.8350 34.4733
v -6.0046 21.8604 35.0503
v -6.5815 21.8504 36.6205
v -6.0046 21.8604 35.0503
v -7.5745 21.8350 34.4733
v -7.1225 24.5629 35.5479
v -6.4318 23.0364 35.2394
v -6.7895 23.0302 36.2129
v -7.1225 24.5629 35.5479
v -6.7895 23.0302 36.2129
v -7.7629 23.0144 35.8552
v -7.1225 24.5629 35.5479
v -7.7629 23.0144 35.8552
v -7.4052 23.0206 34.8817
v -6.7895 23.0302 36.2129
v -7.4052 23.0206 34.8817
v -7.7629 23.0144 35.8552
v -7.1225 24.5629 35.5479
v -7.4052 23.0206 34.8817
v -6.4318 23.0364 35.2394
v -6.7895 23.0302 36.2129
v -6.4318 23.0364 35.2394
v -7.4052 23.0206 34.8817
v -37.1717 27.0915 -67.2912
v -39.3146 23.3387 -69.1976
v -35.1609 23.2821 -69.2292
v -39.2807 23.5100 -65.0471
v -35.1609 23.2821 -69.2292
v -39.3146 23.3387 -69.1976
v -37.1717 27.0915 -67.2912
v -35.1609 23.2821 -69.2292
v -35.1270 23.4535 -65.0788
v -39.2807 23.5100 -65.0471
v -35.1270 23.4535 -65.0788
v -35.1609 23.2821 -69.2292
v -37.1717 27.0915 -67.2912
v -35.1270 23.4535 -65.0788
v -39.2807 23.5100 -65.0471
v -37.1717 27.0915 -67.2912
v -39.2807 23.5100 -65.0471
v -39.3146 23.3387 -69.1976
v -37.1456 29.0480 -67.3722
v -39.3646 25.8169 -67.2206
v -37.2068 25.6975 -69.4111
v -37.1456 29.0480 -67.3722
v -37.2068 25.6975 -69.4111
v -35.0134 25.7576 -67.2537
v -37.1456 29.0480 -67.3722
v -35.0134 25.7576 -67.2537
v -37.1712 25.8770 -65.0632
v -37.2068 25.6975 -69.4111
v -37.1712 25.8770 -65.0632
v -35.0134 25.7576 -67.2537
v -37.1456 29.0480 -67.3722
v -37.1712 25.8770 -65.0632
v -39.3646 25.8169 -67.2206
v -37.2068 25.6975 -69.4111
v -39.3646 25.8169 -67.2206
v -37.1712 25.8770 -65.0632
v -37.1225 30.7870 -67.4442
v -38.5090 27.9794 -67.3169
v -37.1711 27.9054 -68.6750
v -37.1225 30.7870 -67.4442
v -37.1711 27.9054 -68.6750
v -35.8112 27.9427 -67.3374
v -37.1225 30.7870 -67.4442
v -35.8112 27.9427 -67.3374
v -37.1491 28.0167 -65.9793
v -37.1711 27.9054 -68.6750
v -37.1491 28.0167 -65.9793
v -35.8112 27.9427 -67.3374
v -37.1225 30.7870 -67.4442
v -37.1491 28.0167 -65.9793
v -38.5090 27.9794 -67.3169
v -37.1711 27.9054 -68.6750
v -38.5090 27.9794 -67.3169
v -37.1491 28.0167 -65.9793
v 26.4665 25.8780 22.2866
v 27.2570 23.7256 20.7196
v 28.0242 23.7051 23.0384
v 24.9382 23.7015 21.4865
v 28.0242 23.7051 23.0384
v 27.2570 23.7256 20.7196
v 26.4665 25.8780 22.2866
v 28.0242 23.7051 23.0384
v 25.7054 23.6810 23.8053
v 24.9382 23.7015 21.4865
v 25.7054 23.6810 23.8053
v 28.0242 23.7051 23.0384
v 26.4665 25.8780 22.2866
v 25.7054 23.6810 23.8053
v 24.9382 23.7015 21.4865
v 26.4665 25.8780 22.2866
v 24.9382 23.7015 21.4865
v 27.2570 23.7256 20.7196
v 26.4587 27.0293 22.2993
v 26.0699 25.1212 21.0635
v 27.6862 25.1231 21.8764
v 26.4587 27.0293 22.2993
v 27.6862 25.1231 21.8764
v 26.8735 25.0997 23.4926
v 26.4587 27.0293 22.2993
v 26.8735 25.0997 23.4926
v 25.2571 25.0978 22.6798
v 27.6862 25.1231 21.8764
v 25.2571 25.0978 22.6798
v 26.8735 25.0997 23.4926
v 26.4587 27.0293 22.2993
v 25.2571 25.0978 22.6798
v 26.0699 25.1212 21.0635
v 27.6862 25.1231 21.8764
v 26.0699 25.1212 21.0635
v 25.2571 25.0978 22.6798
v 26.4518 28.0526 22.3107
v 26.2139 26.3963 21.5392
v 27.2161 26.3975 22.0432
v 26.4518 28.0526 22.3107
v 27.2161 26.3975 22.0432
v 26.7122 26.3830 23.0453
v 26.4518 28.0526 22.3107
v 26.7122 26.3830 23.0453
v 25.7100 26.3818 22.5413
v 27.2161 26.3975 22.0432
v 25.7100 26.3818 22.5413
v 26.7122 26.3830 23.0453
v 26.4518 28.0526 22.3107
v 25.7100 26.3818 22.5413
v 26.2139 26.3963 21.5392
v 27.2161 26.3975 22.0432
v 26.2139 26.3963 21.5392
v 25.7100 26.3818 22.5413
v 67.9383 21.3773 70.9460
v 68.5606 18.9852 68.8711
v 70.0691 18.9761 71.2753
v 66.1648 18.7426 70.3734
v 70.0691 18.9761 71.2753
v 68.5606 18.9852 68.8711
v 67.9383 21.3773 70.9460
v 70.0691 18.9761 71.2753
v 67.6733 18.7335 72.7776
v 66.1648 18.7426 70.3734
v 67.6733 18.7335 72.7776
v 70.0691 18.9761 71.2753
v 67.9383 21.3773 70.9460
v 67.6733 18.7335 72.7776
v 66.1648 18.7426 70.3734
v 67.9383 21.3773 70.9460
v 66.1648 18.7426 70.3734
v 68.5606 18.9852 68.8711
v 67.8437 22.7104 71.0104
v 67.2112 20.4934 69.6438
v 69.2562 20.6157 70.1162
v 67.8437 22.7104 71.0104
v 69.2562 20.6157 70.1162
v 68.7914 20.4838 72.1624
v 67.8437 22.7104 71.0104
v 68.7914 20.4838 72.1624
v 66.7465 20.3616 71.6900
v 69.2562 20.6157 70.1162
v 66.7465 20.3616 71.6900
v 68.7914 20.4838 72.1624
v 67.8437 22.7104 71.0104
v 66.7465 20.3616 71.6900
v 67.2112 20.4934 69.6438
v 69.2562 20.6157 70.1162
v 67.2112 20.4934 69.6438
v 66.7465 20.3616 71.6900
v 67.7596 23.8953 71.0677
v 67.4064 21.9728 70.1939
v 68.6743 22.0486 70.4868
v 67.7596 23.8953 71.0677
v 68.6743 22.0486 70.4868
v 68.3861 21.9668 71.7554
v 67.7596 23.8953 71.0677
v 68.3861 21.9668 71.7554
v 67.1182 21.8910 71.4625
v 68.6743 22.0486 70.4868
v 67.1182 21.8910 71.4625
v 68.3861 21.9668 71.7554
v 67.7596 23.8953 71.0677
v 67.1182 21.8910 71.4625
v 67.4064 21.9728 70.1939
v 68.6743 22.0486 70.4868
v 67.4064 21.9728 70.1939
v 67.1182 21.8910 71.4625
v -5.6131 25.1909 -17.7807
v -4.0603 23.6492 -17.8937
v -5.1816 23.6093 -16.3270
v -5.6083 23.3762 -19.0085
v -5.1816 23.6093 -16.3270
v -4.0603 23.6492 -17.8937
v -5.6131 25.1909 -17.7807
v -5.1816 23.6093 -16.3270
v -6.7296 23.3363 -17.4418
v -5.6083 23.3762 -19.0085
v -6.7296 23.3363 -17.4418
v -5.1816 23.6093 -16.3270
v -5.6131 25.1909 -17.7807
v -6.7296 23.3363 -17.4418
v -5.6083 23.3762 -19.0085
v -5.6131 25.1909 -17.7807
v -5.6083 23.3762 -19.0085
v -4.0603 23.6492 -17.8937
v -5.7287 26.0899 -17.8404
v -4.9488 24.6125 -18.5614
v -4.7254 24.7346 -17.1569
v -5.7287 26.0899 -17.8404
v -4.7254 24.7346 -17.1569
v -6.1234 24.5707 -16.9202
v -5.7287 26.0899 -17.8404
v -6.1234 24.5707 -16.9202
v -6.3469 24.4486 -18.3247
v -4.7254 24.7346 -17.1569
v -6.3469 24.4486 -18.3247
v -6.1234 24.5707 -16.9202
v -5.7287 26.0899 -17.8404
v -6.3469 24.4486 -18.3247
v -4.9488 24.6125 -18.5614
v -4.7254 24.7346 -17.1569
v -4.9488 24.6125 -18.5614
v -6.3469 24.4486 -18.3247
v -5.8313 26.8891 -17.8936
v -5.3004 25.6034 -18.3160
v -5.1618 25.6791 -17.4452
v -5.8313 26.8891 -17.8936
v -5.1618 25.6791 -17.4452
v -6.0286 25.5775 -17.2985
v -5.8313 26.8891 -17.8936
v -6.0286 25.5775 -17.2985
v -6.1672 25.5018 -18.1693
v -5.1618 25.6791 -17.4452
v -6.1672 25.5018 -18.1693
v -6.0286 25.5775 -17.2985
v -5.8313 26.8891 -17.8936
v -6.1672 25.5018 -18.1693
v -5.3004 25.6034 -18.3160
v -5.1618 25.6791 -17.4452
v -5.3004 25.6034 -18.3160
v -6.1672 25.5018 -18.1693
v 52.6686 23.8455 32.4704
v 50.7735 21.3081 33.5565
v 51.4995 21.2531 30.7034
v 53.6247 21.1986 34.2841
v 51.4995 21.2531 30.7034
v 50.7735 21.3081 33.5565
v 52.6686 23.8455 32.4704
v 51.4995 21.2531 30.7034
v 54.3506 21.1437 31.4309
v 53.6247 21.1986 34.2841
v 54.3506 21.1437 31.4309
v 51.4995 21.2531 30.7034
v 52.6686 23.8455 32.4704
v 54.3506 21.1437 31.4309
v 53.6247 21.1986 34.2841
v 52.6686 23.8455 32.4704
v 53.6247 21.1986 34.2841
v 50.7735 21.3081 33.5565
v 52.7249 25.2324 32.4580
v 52.2507 22.9497 33.9730
v 51.1376 22.9782 32.0975
v 52.7249 25.2324 32.4580
v 51.1376 22.9782 32.0975
v 53.0112 22.8922 30.9842
v 52.7249 25.2324 32.4580
v 53.0112 22.8922 30.9842
v 54.1244 22.8636 32.8597
v 51.1376 22.9782 32.0975
v 54.1244 22.8636 32.8597
v 53.0112 22.8922 30.9842
v 52.7249 25.2324 32.4580
v 54.1244 22.8636 32.8597
v 52.2507 22.9497 33.9730
v 51.1376 22.9782 32.0975
v 52.2507 22.9497 33.9730
v 54.1244 22.8636 32.8597
v 52.7751 26.4652 32.4470
v 52.4579 24.4797 33.3914
v 51.7677 24.4974 32.2286
v 52.7751 26.4652 32.4470
v 51.7677 24.4974 32.2286
v 52.9294 24.4441 31.5383
v 52.7751 26.4652 32.4470
v 52.9294 24.4441 31.5383
v 53.6195 24.4264 32.7012
v 51.7677 24.4974 32.2286
v 53.6195 24.4264 32.7012
v 52.9294 24.4441 31.5383
v 52.7751 26.4652 32.4470
v 53.6195 24.4264 32.7012
v 52.4579 24.4797 33.3914
v 51.7677 24.4974 32.2286
v 52.4579 24.4797 33.3914
v 53.6195 24.4264 32.7012
v 12.9310 23.5453 49.0524
v 11.5754 21.3372 47.6995
v 14.1449 21.2612 47.6912
v 11.5813 21.2558 50.2689
v 14.1449 21.2612 47.6912
v 11.5754 21.3372 47.6995
v 12.9310 23.5453 49.0524
v 14.1449 21.2612 47.6912
v 14.1508 21.1798 50.2606
v 11.5813 21.2558 50.2689
v 14.1508 21.1798 50.2606
v 14.1449 21.2612 47.6912
v 12.9310 23.5453 49.0524
v 14.1508 21.1798 50.2606
v 11.5813 21.2558 50.2689
v 12.9310 23.5453 49.0524
v 11.5813 21.2558 50.2689
v 11.5754 21.3372 47.6995
v 12.9669 24.7560 49.0906
v 11.5612 22.7780 49.0312
v 12.9039 22.7808 47.6811
v 12.9669 24.7560 49.0906
v 12.9039 22.7808 47.6811
v 14.2529 22.6984 49.0225
v 12.9669 24.7560 49.0906
v 14.2529 22.6984 49.0225
v 12.9101 22.6955 50.3726
v 12.9039 22.7808 47.6811
v 12.9101 22.6955 50.3726
v 14.2529 22.6984 49.0225
v 12.9669 24.7560 49.0906
v 12.9101 22.6955 50.3726
v 11.5612 22.7780 49.0312
v 12.9039 22.7808 47.6811
v 11.5612 22.7780 49.0312
v 12.9101 22.6955 50.3726
v 12.9988 25.8321 49.1247
v 12.1125 24.1081 49.0721
v 12.9450 24.1098 48.2350
v 12.9988 25.8321 49.1247
v 12.9450 24.1098 48.2350
v 13.7814 24.0587 49.0667
v 12.9988 25.8321 49.1247
v 13.7814 24.0587 49.0667
v 12.9489 24.0569 49.9038
v 12.9450 24.1098 48.2350
v 12.9489 24.0569 49.9038
v 13.7814 24.0587 49.0667
v 12.9988 25.8321 49.1247
v 12.9489 24.0569 49.9038
v 12.1125 24.1081 49.0721
v 12.9450 24.1098 48.2350
v 12.1125 24.1081 49.0721
v 12.9489 24.0569 49.9038
v 23.1669 32.4616 -70.6037
v 23.3254 28.9462 -67.9895
v 20.6313 28.8885 -70.7468
v 26.0753 29.1825 -70.6814
v 20.6313 28.8885 -70.7468
v 23.3254 28.9462 -67.9895
v 23.1669 32.4616 -70.6037
v 20.6313 28.8885 -70.7468
v 23.3812 29.1248 -73.4387
v 26.0753 29.1825 -70.6814
v 23.3812 29.1248 -73.4387
v 20.6313 28.8885 -70.7468
v 23.1669 32.4616 -70.6037
v 23.3812 29.1248 -73.4387
v 26.0753 29.1825 -70.6814
v 23.1669 32.4616 -70.6037
v 26.0753 29.1825 -70.6814
v 23.3254 28.9462 -67.9895
v 23.0683 34.2754 -70.5453
v 24.6438 31.2826 -69.1985
v 21.7924 31.1286 -69.2327
v 23.0683 34.2754 -70.5453
v 21.7924 31.1286 -69.2327
v 21.8216 31.2221 -72.0869
v 23.0683 34.2754 -70.5453
v 21.8216 31.2221 -72.0869
v 24.6731 31.3761 -72.0526
v 21.7924 31.1286 -69.2327
v 24.6731 31.3761 -72.0526
v 21.8216 31.2221 -72.0869
v 23.0683 34.2754 -70.5453
v 24.6731 31.3761 -72.0526
v 24.6438 31.2826 -69.1985
v 21.7924 31.1286 -69.2327
v 24.6438 31.2826 -69.1985
v 24.6731 31.3761 -72.0526
v 22.9806 35.8877 -70.4933
v 23.9980 33.2864 -69.6823
v 22.2301 33.1910 -69.7036
v 22.9806 35.8877 -70.4933
v 22.2301 33.1910 -69.7036
v 22.2482 33.2490 -71.4731
v 22.9806 35.8877 -70.4933
v 22.2482 33.2490 -71.4731
v 24.0161 33.3445 -71.4519
v 22.2301 33.1910 -69.7036
v 24.0161 33.3445 -71.4519
v 22.2482 33.2490 -71.4731
v 22.9806 35.8877 -70.4933
v 24.0161 33.3445 -71.4519
v 23.9980 33.2864 -69.6823
v 22.2301 33.1910 -69.7036
v 23.9980 33.2864 -69.6823
v 24.0161 33.3445 -71.4519
v -61.3246 18.8922 62.6249
v -60.3235 17.3898 62.0111
v -60.7229 17.3943 63.6399
v -61.9522 17.4036 61.6117
v -60.7229 17.3943 63.6399
v -60.3235 17.3898 62.0111
v -61.3246 18.8922 62.6249
v -60.7229 17.3943 63.6399
v -62.3516 17.4081 63.2405
v -61.9522 17.4036 61.6117
v -62.3516 17.4081 63.2405
v -60.7229 17.3943 63.6399
v -61.3246 18.8922 62.6249
v -62.3516 17.4081 63.2405
v -61.9522 17.4036 61.6117
v -61.3246 18.8922 62.6249
v -61.9522 17.4036 61.6117
v -60.3235 17.3898 62.0111
v -61.3178 19.6827 62.6244
v -61.1200 18.3628 61.7721
v -60.4761 18.3579 62.8344
v -61.3178 19.6827 62.6244
v -60.4761 18.3579 62.8344
v -61.5384 18.3675 63.4783
v -61.3178 19.6827 62.6244
v -61.5384 18.3675 63.4783
v -62.1823 18.3724 62.4160
v -60.4761 18.3579 62.8344
v -62.1823 18.3724 62.4160
v -61.5384 18.3675 63.4783
v -61.3178 19.6827 62.6244
v -62.1823 18.3724 62.4160
v -61.1200 18.3628 61.7721
v -60.4761 18.3579 62.8344
v -61.1200 18.3628 61.7721
v -62.1823 18.3724 62.4160
v -61.3118 20.3854 62.6240
v -61.1919 19.2421 62.0957
v -60.7927 19.2391 62.7544
v -61.3118 20.3854 62.6240
v -60.7927 19.2391 62.7544
v -61.4513 19.2450 63.1536
v -61.3118 20.3854 62.6240
v -61.4513 19.2450 63.1536
v -61.8505 19.2480 62.4950
v -60.7927 19.2391 62.7544
v -61.8505 19.2480 62.4950
v -61.4513 19.2450 63.1536
v -61.3118 20.3854 62.6240
v -61.8505 19.2480 62.4950
v -61.1919 19.2421 62.0957
v -60.7927 19.2391 62.7544
v -61.1919 19.2421 62.0957
v -61.8505 19.2480 62.4950
v 2.9965 24.7737 19.0831
v 4.5199 22.6877 18.4231
v 3.6125 22.6587 20.5850
v 2.3579 22.7136 17.5159
v 3.6125 22.6587 20.5850
v 4.5199 22.6877 18.4231
v 2.9965 24.7737 19.0831
v 3.6125 22.6587 20.5850
v 1.4505 22.6846 19.6778
v 2.3579 22.7136 17.5159
v 1.4505 22.6846 19.6778
v 3.6125 22.6587 20.5850
v 2.9965 24.7737 19.0831
v 1.4505 22.6846 19.6778
v 2.3579 22.7136 17.5159
v 2.9965 24.7737 19.0831
v 2.3579 22.7136 17.5159
v 4.5199 22.6877 18.4231
v 3.0025 25.8789 19.1004
v 3.4678 24.0521 17.9393
v 4.1249 24.0233 19.5468
v 3.0025 25.8789 19.1004
v 4.1249 24.0233 19.5468
v 2.5172 24.0217 20.2039
v 3.0025 25.8789 19.1004
v 2.5172 24.0217 20.2039
v 1.8601 24.0505 18.5964
v 4.1249 24.0233 19.5468
v 1.8601 24.0505 18.5964
v 2.5172 24.0217 20.2039
v 3.0025 25.8789 19.1004
v 1.8601 24.0505 18.5964
v 3.4678 24.0521 17.9393
v 4.1249 24.0233 19.5468
v 3.4678 24.0521 17.9393
v 1.8601 24.0505 18.5964
v 3.0078 26.8612 19.1158
v 3.2938 25.2743 18.3888
v 3.7012 25.2565 19.3854
v 3.0078 26.8612 19.1158
v 3.7012 25.2565 19.3854
v 2.7045 25.2555 19.7929
v 3.0078 26.8612 19.1158
v 2.7045 25.2555 19.7929
v 2.2971 25.2733 18.7962
v 3.7012 25.2565 19.3854
v 2.2971 25.2733 18.7962
v 2.7045 25.2555 19.7929
v 3.0078 26.8612 19.1158
v 2.2971 25.2733 18.7962
v 3.2938 25.2743 18.3888
v 3.7012 25.2565 19.3854
v 3.2938 25.2743 18.3888
v 2.2971 25.2733 18.7962
v 18.3314 26.9365 -20.5805
v 17.7987 25.0265 -19.1289
v 16.9728 24.9625 -21.1251
v 19.7950 25.0639 -19.9560
v 16.9728 24.9625 -21.1251
v 17.7987 25.0265 -19.1289
v 18.3314 26.9365 -20.5805
v 16.9728 24.9625 -21.1251
v 18.9691 24.9999 -21.9523
v 19.7950 25.0639 -19.9560
v 18.9691 24.9999 -21.9523
v 16.9728 24.9625 -21.1251
v 18.3314 26.9365 -20.5805
v 18.9691 24.9999 -21.9523
v 19.7950 25.0639 -19.9560
v 18.3314 26.9365 -20.5805
v 19.7950 25.0639 -19.9560
v 17.7987 25.0265 -19.1289
v 18.3036 27.9547 -20.6016
v 18.7825 26.2912 -19.5208
v 17.3043 26.2381 -20.1331
v 18.3036 27.9547 -20.6016
v 17.3043 26.2381 -20.1331
v 17.9173 26.2242 -21.6120
v 18.3036 27.9547 -20.6016
v 17.9173 26.2242 -21.6120
v 19.3956 26.2773 -20.9996
v 17.3043 26.2381 -20.1331
v 19.3956 26.2773 -20.9996
v 17.9173 26.2242 -21.6120
v 18.3036 27.9547 -20.6016
v 19.3956 26.2773 -20.9996
v 18.7825 26.2912 -19.5208
v 17.3043 26.2381 -20.1331
v 18.7825 26.2912 -19.5208
v 19.3956 26.2773 -20.9996
v 18.2788 28.8598 -20.6203
v 18.5872 27.4098 -19.9416
v 17.6707 27.3769 -20.3212
v 18.2788 28.8598 -20.6203
v 17.6707 27.3769 -20.3212
v 18.0508 27.3683 -21.2381
v 18.2788 28.8598 -20.6203
v 18.0508 27.3683 -21.2381
v 18.9673 27.4012 -20.8585
v 17.6707 27.3769 -20.3212
v 18.9673 27.4012 -20.8585
v 18.0508 27.3683 -21.2381
v 18.2788 28.8598 -20.6203
v 18.9673 27.4012 -20.8585
v 18.5872 27.4098 -19.9416
v 17.6707 27.3769 -20.3212
v 18.5872 27.4098 -19.9416
v 18.9673 27.4012 -20.8585
v 61.1391 31.2160 -60.4462
v 63.1140 28.3050 -60.3399
v 60.8145 28.4659 -58.2744
v 61.0550 28.4693 -62.6449
v 60.8145 28.4659 -58.2744
v 63.1140 28.3050 -60.3399
v 61.1391 31.2160 -60.4462
v 60.8145 28.4659 -58.2744
v 58.7555 28.6302 -60.5795
v 61.0550 28.4693 -62.6449
v 58.7555 28.6302 -60.5795
v 60.8145 28.4659 -58.2744
v 61.1391 31.2160 -60.4462
v 58.7555 28.6302 -60.5795
v 61.0550 28.4693 -62.6449
v 61.1391 31.2160 -60.4462
v 61.0550 28.4693 -62.6449
v 63.1140 28.3050 -60.3399
v 61.2473 32.6710 -60.4391
v 62.2714 30.1617 -61.5328
v 62.1454 30.1599 -59.2436
v 61.2473 32.6710 -60.4391
v 62.1454 30.1599 -59.2436
v 59.8625 30.3302 -59.3691
v 61.2473 32.6710 -60.4391
v 59.8625 30.3302 -59.3691
v 59.9885 30.3320 -61.6583
v 62.1454 30.1599 -59.2436
v 59.9885 30.3320 -61.6583
v 59.8625 30.3302 -59.3691
v 61.2473 32.6710 -60.4391
v 59.9885 30.3320 -61.6583
v 62.2714 30.1617 -61.5328
v 62.1454 30.1599 -59.2436
v 62.2714 30.1617 -61.5328
v 59.9885 30.3320 -61.6583
v 61.3434 33.9643 -60.4328
v 61.9339 31.8104 -61.1138
v 61.8558 31.8093 -59.6945
v 61.3434 33.9643 -60.4328
v 61.8558 31.8093 -59.6945
v 60.4404 31.9149 -59.7724
v 61.3434 33.9643 -60.4328
v 60.4404 31.9149 -59.7724
v 60.5186 31.9160 -61.1917
v 61.8558 31.8093 -59.6945
v 60.5186 31.9160 -61.1917
v 60.4404 31.9149 -59.7724
v 61.3434 33.9643 -60.4328
v 60.5186 31.9160 -61.1917
v 61.9339 31.8104 -61.1138
v 61.8558 31.8093 -59.6945
v 61.9339 31.8104 -61.1138
v 60.5186 31.9160 -61.1917
v -48.9006 21.3372 -29.4656
v -49.4016 19.2222 -31.1249
v -47.2754 19.2042 -30.0011
v -50.5255 19.1879 -28.9991
v -47.2754 19.2042 -30.0011
v -49.4016 19.2222 -31.1249
v -48.9006 21.3372 -29.4656
v -47.2754 19.2042 -30.0011
v -48.3994 19.1699 -27.8752
v -50.5255 19.1879 -28.9991
v -48.3994 19.1699 -27.8752
v -47.2754 19.2042 -30.0011
v -48.9006 21.3372 -29.4656
v -48.3994 19.1699 -27.8752
v -50.5255 19.1879 -28.9991
v -48.9006 21.3372 -29.4656
v -50.5255 19.1879 -28.9991
v -49.4016 19.2222 -31.1249
v -48.9006 22.4708 -29.4473
v -50.0142 20.5910 -30.0664
v -48.3118 20.5995 -30.5912
v -48.9006 22.4708 -29.4473
v -48.3118 20.5995 -30.5912
v -47.7869 20.5721 -28.8891
v -48.9006 22.4708 -29.4473
v -47.7869 20.5721 -28.8891
v -49.4893 20.5636 -28.3643
v -48.3118 20.5995 -30.5912
v -49.4893 20.5636 -28.3643
v -47.7869 20.5721 -28.8891
v -48.9006 22.4708 -29.4473
v -49.4893 20.5636 -28.3643
v -50.0142 20.5910 -30.0664
v -48.3118 20.5995 -30.5912
v -50.0142 20.5910 -30.0664
v -49.4893 20.5636 -28.3643
v -48.9007 23.4784 -29.4311
v -49.5910 21.8469 -29.8224
v -48.5356 21.8522 -30.1478
v -48.9007 23.4784 -29.4311
v -48.5356 21.8522 -30.1478
v -48.2101 21.8352 -29.0925
v -48.9007 23.4784 -29.4311
v -48.2101 21.8352 -29.0925
v -49.2656 21.8299 -28.7671
v -48.5356 21.8522 -30.1478
v -49.2656 21.8299 -28.7671
v -48.2101 21.8352 -29.0925
v -48.9007 23.4784 -29.4311
v -49.2656 21.8299 -28.7671
v -49.5910 21.8469 -29.8224
v -48.5356 21.8522 -30.1478
v -49.5910 21.8469 -29.8224
v -49.2656 21.8299 -28.7671
v 55.8782 24.4474 13.7792
v 54.3350 22.5814 14.1620
v 55.3977 22.5633 12.2861
v 56.2090 22.4950 15.2245
v 55.3977 22.5633 12.2861
v 54.3350 22.5814 14.1620
v 55.8782 24.4474 13.7792
v 55.3977 22.5633 12.2861
v 57.2718 22.4770 13.3486
v 56.2090 22.4950 15.2245
v 57.2718 22.4770 13.3486
v 55.3977 22.5633 12.2861
v 55.8782 24.4474 13.7792
v 57.2718 22.4770 13.3486
v 56.2090 22.4950 15.2245
v 55.8782 24.4474 13.7792
v 56.2090 22.4950 15.2245
v 54.3350 22.5814 14.1620
v 55.9178 25.4629 13.7919
v 55.2952 23.7798 14.7533
v 54.8702 23.8156 13.2142
v 55.9178 25.4629 13.7919
v 54.8702 23.8156 13.2142
v 56.4084 23.7609 12.7882
v 55.9178 25.4629 13.7919
v 56.4084 23.7609 12.7882
v 56.8334 23.7251 14.3273
v 54.8702 23.8156 13.2142
v 56.8334 23.7251 14.3273
v 56.4084 23.7609 12.7882
v 55.9178 25.4629 13.7919
v 56.8334 23.7251 14.3273
v 55.2952 23.7798 14.7533
v 54.8702 23.8156 13.2142
v 55.2952 23.7798 14.7533
v 56.8334 23.7251 14.3273
v 55.9530 26.3655 13.8031
v 55.5507 24.9046 14.3940
v 55.2872 24.9267 13.4398
v 55.9530 26.3655 13.8031
v 55.2872 24.9267 13.4398
v 56.2409 24.8928 13.1757
v 55.9530 26.3655 13.8031
v 56.2409 24.8928 13.1757
v 56.5044 24.8707 14.1299
v 55.2872 24.9267 13.4398
v 56.5044 24.8707 14.1299
v 56.2409 24.8928 13.1757
v 55.9530 26.3655 13.8031
v 56.5044 24.8707 14.1299
v 55.5507 24.9046 14.3940
v 55.2872 24.9267 13.4398
v 55.5507 24.9046 14.3940
v 56.5044 24.8707 14.1299
v 37.8937 23.8971 34.5067
v 37.4881 21.7307 36.2132
v 36.1182 21.7731 34.1806
v 39.5194 21.6579 34.8426
v 36.1182 21.7731 34.1806
v 37.4881 21.7307 36.2132
v 37.8937 23.8971 34.5067
v 36.1182 21.7731 34.1806
v 38.1494 21.7003 32.8101
v 39.5194 21.6579 34.8426
v 38.1494 21.7003 32.8101
v 36.1182 21.7731 34.1806
v 37.8937 23.8971 34.5067
v 38.1494 21.7003 32.8101
v 39.5194 21.6579 34.8426
v 37.8937 23.8971 34.5067
v 39.5194 21.6579 34.8426
v 37.4881 21.7307 36.2132
v 37.9333 25.0520 34.5041
v 38.5848 23.1049 35.5731
v 36.8033 23.1653 35.2263
v 37.9333 25.0520 34.5041
v 36.8033 23.1653 35.2263
v 37.1497 23.1493 33.4438
v 37.9333 25.0520 34.5041
v 37.1497 23.1493 33.4438
v 38.9312 23.0890 33.7906
v 36.8033 23.1653 35.2263
v 38.9312 23.0890 33.7906
v 37.1497 23.1493 33.4438
v 37.9333 25.0520 34.5041
v 38.9312 23.0890 33.7906
v 38.5848 23.1049 35.5731
v 36.8033 23.1653 35.2263
v 38.5848 23.1049 35.5731
v 38.9312 23.0890 33.7906
v 37.9685 26.0787 34.5018
v 38.3561 24.3966 35.1656
v 37.2516 24.4340 34.9506
v 37.9685 26.0787 34.5018
v 37.2516 24.4340 34.9506
v 37.4664 24.4242 33.8455
v 37.9685 26.0787 34.5018
v 37.4664 24.4242 33.8455
v 38.5709 24.3867 34.0605
v 37.2516 24.4340 34.9506
v 38.5709 24.3867 34.0605
v 37.4664 24.4242 33.8455
v 37.9685 26.0787 34.5018
v 38.5709 24.3867 34.0605
v 38.3561 24.3966 35.1656
v 37.2516 24.4340 34.9506
v 38.3561 24.3966 35.1656
v 38.5709 24.3867 34.0605
v -62.2641 20.4170 39.0903
v -60.6595 17.8246 37.7119
v -60.8578 17.8109 40.6479
v -63.5952 17.7831 37.5134
v -60.8578 17.8109 40.6479
v -60.6595 17.8246 37.7119
v -62.2641 20.4170 39.0903
v -60.8578 17.8109 40.6479
v -63.7935 17.7694 40.4494
v -63.5952 17.7831 37.5134
v -63.7935 17.7694 40.4494
v -60.8578 17.8109 40.6479
v -62.2641 20.4170 39.0903
v -63.7935 17.7694 40.4494
v -63.5952 17.7831 37.5134
v -62.2641 20.4170 39.0903
v -63.5952 17.7831 37.5134
v -60.6595 17.8246 37.7119
v -62.2841 21.8041 39.0955
v -62.1470 19.4995 37.5491
v -60.7132 19.5140 39.1909
v -62.2841 21.8041 39.0955
v -60.7132 19.5140 39.1909
v -62.3547 19.4851 40.6247
v -62.2841 21.8041 39.0955
v -62.3547 19.4851 40.6247
v -63.7885 19.4706 38.9829
v -60.7132 19.5140 39.1909
v -63.7885 19.4706 38.9829
v -62.3547 19.4851 40.6247
v -62.2841 21.8041 39.0955
v -63.7885 19.4706 38.9829
v -62.1470 19.4995 37.5491
v -60.7132 19.5140 39.1909
v -62.1470 19.4995 37.5491
v -63.7885 19.4706 38.9829
v -62.3018 23.0370 39.1000
v -62.2086 21.0379 38.1391
v -61.3196 21.0469 39.1571
v -62.3018 23.0370 39.1000
v -61.3196 21.0469 39.1571
v -62.3374 21.0290 40.0461
v -62.3018 23.0370 39.1000
v -62.3374 21.0290 40.0461
v -63.2263 21.0200 39.0281
v -61.3196 21.0469 39.1571
v -63.2263 21.0200 39.0281
v -62.3374 21.0290 40.0461
v -62.3018 23.0370 39.1000
v -63.2263 21.0200 39.0281
v -62.2086 21.0379 38.1391
v -61.3196 21.0469 39.1571
v -62.2086 21.0379 38.1391
v -63.2263 21.0200 39.0281
v 11.7330 27.8436 -47.6885
v 12.9096 26.2959 -46.9938
v 11.1335 26.1704 -46.6381
v 12.5534 26.2911 -48.7742
v 11.1335 26.1704 -46.6381
v 12.9096 26.2959 -46.9938
v 11.7330 27.8436 -47.6885
v 11.1335 26.1704 -46.6381
v 10.7773 26.1655 -48.4185
v 12.5534 26.2911 -48.7742
v 10.7773 26.1655 -48.4185
v 11.1335 26.1704 -46.6381
v 11.7330 27.8436 -47.6885
v 10.7773 26.1655 -48.4185
v 12.5534 26.2911 -48.7742
v 11.7330 27.8436 -47.6885
v 12.5534 26.2911 -48.7742
v 12.9096 26.2959 -46.9938
v 11.6745 28.6975 -47.6791
v 12.7023 27.3401 -47.8810
v 11.9586 27.2769 -46.7622
v 11.6745 28.6975 -47.6791
v 11.9586 27.2769 -46.7622
v 10.8417 27.2086 -47.5084
v 11.6745 28.6975 -47.6791
v 10.8417 27.2086 -47.5084
v 11.5854 27.2718 -48.6272
v 11.9586 27.2769 -46.7622
v 11.5854 27.2718 -48.6272
v 10.8417 27.2086 -47.5084
v 11.6745 28.6975 -47.6791
v 11.5854 27.2718 -48.6272
v 12.7023 27.3401 -47.8810
v 11.9586 27.2769 -46.7622
v 12.7023 27.3401 -47.8810
v 11.5854 27.2718 -48.6272
v 11.6225 29.4565 -47.6708
v 12.2838 28.2639 -47.7998
v 11.8227 28.2247 -47.1061
v 11.6225 29.4565 -47.6708
v 11.8227 28.2247 -47.1061
v 11.1302 28.1823 -47.5688
v 11.6225 29.4565 -47.6708
v 11.1302 28.1823 -47.5688
v 11.5913 28.2215 -48.2625
v 11.8227 28.2247 -47.1061
v 11.5913 28.2215 -48.2625
v 11.1302 28.1823 -47.5688
v 11.6225 29.4565 -47.6708
v 11.5913 28.2215 -48.2625
v 12.2838 28.2639 -47.7998
v 11.8227 28.2247 -47.1061
v 12.2838 28.2639 -47.7998
v 11.5913 28.2215 -48.2625
v 65.3030 25.2220 10.3926
v 66.9990 22.9482 11.4462
v 64.3896 22.7904 11.9448
v 66.5009 22.9228 8.8321
v 64.3896 22.7904 11.9448
v 66.9990 22.9482 11.4462
v 65.3030 25.2220 10.3926
v 64.3896 22.7904 11.9448
v 63.8916 22.7650 9.3307
v 66.5009 22.9228 8.8321
v 63.8916 22.7650 9.3307
v 64.3896 22.7904 11.9448
v 65.3030 25.2220 10.3926
v 63.8916 22.7650 9.3307
v 66.5009 22.9228 8.8321
v 65.3030 25.2220 10.3926
v 66.5009 22.9228 8.8321
v 66.9990 22.9482 11.4462
v 65.2277 26.4742 10.3947
v 66.7199 24.4698 10.1299
v 65.6141 24.4004 11.7603
v 65.2277 26.4742 10.3947
v 65.6141 24.4004 11.7603
v 63.9865 24.3045 10.6523
v 65.2277 26.4742 10.3947
v 63.9865 24.3045 10.6523
v 65.0923 24.3738 9.0219
v 65.6141 24.4004 11.7603
v 65.0923 24.3738 9.0219
v 63.9865 24.3045 10.6523
v 65.2277 26.4742 10.3947
v 65.0923 24.3738 9.0219
v 66.7199 24.4698 10.1299
v 65.6141 24.4004 11.7603
v 66.7199 24.4698 10.1299
v 65.0923 24.3738 9.0219
v 65.1608 27.5873 10.3967
v 66.1169 25.8297 10.2316
v 65.4313 25.7868 11.2424
v 65.1608 27.5873 10.3967
v 65.4313 25.7868 11.2424
v 64.4222 25.7273 10.5555
v 65.1608 27.5873 10.3967
v 64.4222 25.7273 10.5555
v 65.1078 25.7703 9.5446
v 65.4313 25.7868 11.2424
v 65.1078 25.7703 9.5446
v 64.4222 25.7273 10.5555
v 65.1608 27.5873 10.3967
v 65.1078 25.7703 9.5446
v 66.1169 25.8297 10.2316
v 65.4313 25.7868 11.2424
v 66.1169 25.8297 10.2316
v 65.1078 25.7703 9.5446
v 6.7664 25.1311 30.6479
v 7.0669 22.2336 32.6489
v 4.7522 22.2281 30.5746
v 9.1319 22.5230 30.3440
v 4.7522 22.2281 30.5746
v 7.0669 22.2336 32.6489
v 6.7664 25.1311 30.6479
v 4.7522 22.2281 30.5746
v 6.8172 22.5175 28.2696
v 9.1319 22.5230 30.3440
v 6.8172 22.5175 28.2696
v 4.7522 22.2281 30.5746
v 6.7664 25.1311 30.6479
v 6.8172 22.5175 28.2696
v 9.1319 22.5230 30.3440
v 6.7664 25.1311 30.6479
v 9.1319 22.5230 30.3440
v 7.0669 22.2336 32.6489
v 6.6735 26.5899 30.7478
v 8.0408 24.1614 31.6678
v 5.7469 24.0070 31.7886
v 6.6735 26.5899 30.7478
v 5.7469 24.0070 31.7886
v 5.6161 24.1557 29.4949
v 6.6735 26.5899 30.7478
v 5.6161 24.1557 29.4949
v 7.9100 24.3101 29.3741
v 5.7469 24.0070 31.7886
v 7.9100 24.3101 29.3741
v 5.6161 24.1557 29.4949
v 6.6735 26.5899 30.7478
v 7.9100 24.3101 29.3741
v 8.0408 24.1614 31.6678
v 5.7469 24.0070 31.7886
v 8.0408 24.1614 31.6678
v 7.9100 24.3101 29.3741
v 6.5909 27.8867 30.8366
v 7.4768 25.7813 31.3659
v 6.0546 25.6855 31.4408
v 6.5909 27.8867 30.8366
v 6.0546 25.6855 31.4408
v 5.9734 25.7777 30.0187
v 6.5909 27.8867 30.8366
v 5.9734 25.7777 30.0187
v 7.3957 25.8734 29.9438
v 6.0546 25.6855 31.4408
v 7.3957 25.8734 29.9438
v 5.9734 25.7777 30.0187
v 6.5909 27.8867 30.8366
v 7.3957 25.8734 29.9438
v 7.4768 25.7813 31.3659
v 6.0546 25.6855 31.4408
v 7.4768 25.7813 31.3659
v 7.3957 25.8734 29.9438
v -4.0727 26.2824 1.0994
v -2.8389 23.6779 2.8670
v -5.7264 23.5356 2.1719
v -2.1461 23.7414 -0.0238
v -5.7264 23.5356 2.1719
v -2.8389 23.6779 2.8670
v -4.0727 26.2824 1.0994
v -5.7264 23.5356 2.1719
v -5.0336 23.5990 -0.7189
v -2.1461 23.7414 -0.0238
v -5.0336 23.5990 -0.7189
v -5.7264 23.5356 2.1719
v -4.0727 26.2824 1.0994
v -5.0336 23.5990 -0.7189
v -2.1461 23.7414 -0.0238
v -4.0727 26.2824 1.0994
v -2.1461 23.7414 -0.0238
v -2.8389 23.6779 2.8670
v -4.1449 27.6821 1.1129
v -2.5121 25.4238 1.4545
v -4.3874 25.3160 2.6046
v -4.1449 27.6821 1.1129
v -4.3874 25.3160 2.6046
v -5.5369 25.2747 0.7264
v -4.1449 27.6821 1.1129
v -5.5369 25.2747 0.7264
v -3.6617 25.3825 -0.4237
v -4.3874 25.3160 2.6046
v -3.6617 25.3825 -0.4237
v -5.5369 25.2747 0.7264
v -4.1449 27.6821 1.1129
v -3.6617 25.3825 -0.4237
v -2.5121 25.4238 1.4545
v -4.3874 25.3160 2.6046
v -2.5121 25.4238 1.4545
v -3.6617 25.3825 -0.4237
v -4.2091 28.9263 1.1248
v -3.1671 26.9507 1.3311
v -4.3297 26.8839 2.0442
v -4.2091 28.9263 1.1248
v -4.3297 26.8839 2.0442
v -5.0424 26.8583 0.8797
v -4.2091 28.9263 1.1248
v -5.0424 26.8583 0.8797
v -3.8798 26.9251 0.1666
v -4.3297 26.8839 2.0442
v -3.8798 26.9251 0.1666
v -5.0424 26.8583 0.8797
v -4.2091 28.9263 1.1248
v -3.8798 26.9251 0.1666
v -3.1671 26.9507 1.3311
v -4.3297 26.8839 2.0442
v -3.1671 26.9507 1.3311
v -3.8798 26.9251 0.1666
vt 0.00000 1.00000
vt 0.00000 1.00000
vt 0.00000 1.00000
vt 0.00000 1.00000
vt 0.00000 1.00000
vt 0.00000 1.00000
vt 0.00000 1.00000
vt 0.00000 1.00000
vt 0.00000 1.00000
vt 0.00000 1.00000
vt 0.00000 1.00000
vt 0.00000 1.00000
vt 0.00000 1.00000
vt 0.00000 1.00000
vt 0.00000 1.00000
vt 0.00000 1.00000
vt 0.00000 1.00000
vt 0.00000 1.00000
vt 0.00000 1.00000
vt 0.00000 1.00000
vt 0.00000 1.00000
vt 0.00000 1.00000
vt 0.00000 1.00000
vt 0.00000 1.00000
vt 0.00000 1.00000
vt 0.00000 1.00000
vt 0.00000 1.00000
vt 0.00000 1.00000
vt 0.00000 1.00000
vt 0.00000 1.00000
vt 0.00000 1.00000
vt 0.00000 1.00000
vt 0.00000 1.00000
vt 0.00000 1.00000
vt 0.00000 1.00000
vt 0.00000 1.00000
vt 0.00000 1.00000
vt 0.00000 1.00000
vt 0.00000 1.00000
vt 0.00000 1.00000
vt 0.00000 1.00000
vt 0.00000 1.00000
vt 0.00000 1.00000
vt 0.00000 1.00000
vt 0.00000 1.00000
vt 0.00000 1.00000
vt 0.00000 1.00000
vt 0.00000 1.00000
vt 0.00000 1.00000
vt 0.00000 1.00000
vt 0.00000 1.00000
vt 0.00000 1.00000
vt 0.00000 1.00000
vt 0.00000 1.00000
vt 0.00000 1.00000
vt 0.00000 1.00000
vt 0.00000 1.00000
vt 0.00000 1.00000
vt 0.00000 1.00000
vt 0.00000 1.00000
vt 0.00000 1.00000
vt 0.00000 1.00000
vt 0.00000 1.00000
vt 0.00000 1.00000
vt 0.00000 1.00000
vt 0.00000 1.00000
vt 0.00000 1.00000
vt 0.00000 1.00000
vt 0.00000 1.00000
vt 0.00000 1.00000
vt 0.00000 1.00000
vt 0.00000 1.00000
vt 0.00000 1.00000
vt 0.00000 1.00000
vt 0.00000 1.00000
vt 0.00000 1.00000
vt 0.00000 1.00000
vt 0.00000 1.00000
vt 0.00000 1.00000
vt 0.00000 1.00000
vt 0.00000 1.00000
vt 0.00000 1.00000
vt 0.00000 1.00000
vt 0.00000 1.00000
vt 0.00000 1.00000
vt 0.00000 1.00000
vt 0.00000 1.00000
vt 0.00000 1.00000
vt 0.00000 1.00000
vt 0.00000 1.00000
vt 0.00000 1.00000
vt 0.00000 1.00000
vt 0.00000 1.00000
vt 0.00000 1.00000
vt 0.00000 1.00000
vt 0.00000 1.00000
vt 0.00000 1.00000
vt 0.00000 1.00000
vt 0.00000 1.00000
vt 0.00000 1.00000
vt 0.00000 1.00000
vt 0.00000 1.00000
vt 0.00000 1.00000
vt 0.00000 1.00000
vt 0.00000 1.00000
vt 0.00000 1.00000
vt 0.00000 1.00000
vt 0.00000 1.00000
vt 0.00000 1.00000
vt 0.00000 1.00000
vt 0.00000 1.00000
vt 0.00000 1.00000
vt 0.00000 1.00000
vt 0.00000 1.00000
vt 0.00000 1.00000
vt 0.00000 1.00000
vt 0.00000 1.00000
vt 0.00000 1.00000
vt 0.00000 1.00000
vt 0.00000 1.00000
vt 0.00000 1.00000
vt 0.00000 1.00000
vt 0.00000 1.00000
vt 0.00000 1.00000
vt 0.00000 1.00000
vt 0.00000 1.00000
vt 0.00000 1.00000
vt 0.00000 1.00000
vt 0.00000 1.00000
vt 0.00000 1.00000
vt 0.00000 1.00000
vt 0.00000 1.00000
vt 0.00000 1.00000
vt 0.00000 1.00000
vt 0.00000 1.00000
vt 0.00000 1.00000
vt 0.00000 1.00000
vt 0.00000 1.00000
vt 0.00000 1.00000
vt 0.00000 1.00000
vt 0.00000 1.00000
vt 0.00000 1.00000
vt 0.00000 1.00000
vt 0.00000 1.00000
vt 0.00000 1.00000
vt 0.00000 1.00000
vt 0.00000 1.00000
vt 0.00000 1.00000
vt 0.00000 1.00000
vt 0.00000 1.00000
vt 0.00000 1.00000
vt 0.00000 1.00000
vt 0.00000 1.00000
vt 0.00000 1.00000
vt 0.00000 1.00000
vt 0.00000 1.00000
vt 0.00000 1.00000
vt 0.00000 1.00000
vt 0.00000 1.00000
vt 0.00000 1.00000
vt 0.00000 1.00000
vt 0.00000 1.00000
vt 0.00000 1.00000
vt 0.00000 1.00000
vt 0.00000 1.00000
vt 0.00000 1.00000
vt 0.00000 1.00000
vt 0.00000 1.00000
vt 0.00000 1.00000
vt 0.00000 1.00000
vt 0.00000 1.00000
vt 0.00000 1.00000
vt 0.00000 1.00000
vt 0.00000 1.00000
vt 0.00000 1.00000
vt 0.00000 1.00000
vt 0.00000 1.00000
vt 0.00000 1.00000
vt 0.00000 1.00000
vt 0.00000 1.00000
vt 0.00000 1.00000
vt 0.00000 1.00000
vt 0.00000 1.00000
vt 0.00000 1.00000
vt 0.00000 1.00000
vt 0.00000 1.00000
vt 0.00000 1.00000
vt 0.00000 1.00000
vt 0.00000 1.00000
vt 0.00000 1.00000
vt 0.00000 1.00000
vt 0.00000 1.00000
vt 0.00000 1.00000
vt 0.00000 1.00000
vt 0.00000 1.00000
vt 0.00000 1.00000
vt 0.00000 1.00000
vt 0.00000 1.00000
vt 0.00000 1.00000
vt 0.00000 1.00000
vt 0.00000 1.00000
vt 0.00000 1.00000
vt 0.00000 1.00000
vt 0.00000 1.00000
vt 0.00000 1.00000
vt 0.00000 1.00000
vt 0.00000 1.00000
vt 0.00000 1.00000
vt 0.00000 1.00000
vt 0.00000 1.00000
vt 0.00000 1.00000
vt 0.00000 1.00000
vt 0.00000 1.00000
vt 0.00000 1.00000
vt 0.00000 1.00000
vt 0.00000 1.00000
vt 0.00000 1.00000
vt 0.00000 1.00000
vt 0.00000 1.00000
vt 0.00000 1.00000
vt 0.00000 1.00000
vt 0.00000 1.00000
vt 0.00000 1.00000
vt 0.00000 1.00000
vt 0.00000 1.00000
vt 0.00000 1.00000
vt 0.00000 1.00000
vt 0.00000 1.00000
vt 0.00000 1.00000
vt 0.00000 1.00000
vt 0.00000 1.00000
vt 0.00000 1.00000
vt 0.00000 1.00000
vt 0.00000 1.00000
vt 0.00000 1.00000
vt 0.00000 1.00000
vt 0.00000 1.00000
vt 0.00000 1.00000
vt 0.00000 1.00000
vt 0.00000 1.00000
vt 0.00000 1.00000
vt 0.00000 1.00000
vt 0.00000 1.00000
vt 0.00000 1.00000
vt 0.00000 1.00000
vt 0.00000 1.00000
vt 0.00000 1.00000
vt 0.00000 1.00000
vt 0.00000 1.00000
vt 0.00000 1.00000
vt 0.00000 1.00000
vt 0.00000 1.00000
vt 0.00000 1.00000
vt 0.00000 1.00000
vt 0.00000 1.00000
vt 0.00000 1.00000
vt 0.00000 1.00000
vt 0.00000 1.00000
vt 0.00000 1.00000
vt 0.00000 1.00000
vt 0.00000 1.00000
vt 0.00000 1.00000
vt 0.00000 1.00000
vt 0.00000 1.00000
vt 0.00000 1.00000
vt 0.00000 1.00000
vt 0.00000 1.00000
vt 0.00000 1.00000
vt 0.00000 1.00000
vt 0.00000 1.00000
vt 0.00000 1.00000
vt 0.00000 1.00000
vt 0.00000 1.00000
vt 0.00000 1.00000
vt 0.00000 1.00000
vt 0.00000 1.00000
vt 0.00000 1.00000
vt 0.00000 1.00000
vt 0.00000 1.00000
vt 0.00000 1.00000
vt 0.00000 1.00000
vt 0.00000 1.00000
vt 0.00000 1.00000
vt 0.00000 1.00000
vt 0.00000 1.00000
vt 0.00000 1.00000
vt 0.00000 1.00000
vt 0.00000 1.00000
vt 0.00000 1.00000
vt 0.00000 1.00000
vt 0.00000 1.00000
vt 0.00000 1.00000
vt 0.00000 1.00000
vt 0.00000 1.00000
vt 0.00000 1.00000
vt 0.00000 1.00000
vt 0.00000 1.00000
vt 0.00000 1.00000
vt 0.00000 1.00000
vt 0.00000 1.00000
vt 0.00000 1.00000
vt 0.00000 1.00000
vt 0.00000 1.00000
vt 0.00000 1.00000
vt 0.00000 1.00000
vt 0.00000 1.00000
vt 0.00000 1.00000
vt 0.00000 1.00000
vt 0.00000 1.00000
vt 0.00000 1.00000
vt 0.00000 1.00000
vt 0.00000 1.00000
vt 0.00000 1.00000
vt 0.00000 1.00000
vt 0.00000 1.00000
vt 0.00000 1.00000
vt 0.00000 1.00000
vt 0.00000 1.00000
vt 0.00000 1.00000
vt 0.00000 1.00000
vt 0.00000 1.00000
vt 0.00000 1.00000
vt 0.00000 1.00000
vt 0.00000 1.00000
vt 0.00000 1.00000
vt 0.00000 1.00000
vt 0.00000 1.00000
vt 0.00000 1.00000
vt 0.00000 1.00000
vt 0.00000 1.00000
vt 0.00000 1.00000
vt 0.00000 1.00000
vt 0.00000 1.00000
vt 0.00000 1.00000
vt 0.00000 1.00000
vt 0.00000 1.00000
vt 0.00000 1.00000
vt 0.00000 1.00000
vt 0.00000 1.00000
vt 0.00000 1.00000
vt 0.00000 1.00000
vt 0.00000 1.00000
vt 0.00000 1.00000
vt 0.00000 1.00000
vt 0.00000 1.00000
vt 0.00000 1.00000
vt 0.00000 1.00000
vt 0.00000 1.00000
vt 0.00000 1.00000
vt 0.00000 1.00000
vt 0.00000 1.00000
vt 0.00000 1.00000
vt 0.00000 1.00000
vt 0.00000 1.00000
vt 0.00000 1.00000
vt 0.00000 1.00000
vt 0.00000 1.00000
vt 0.00000 1.00000
vt 0.00000 1.00000
vt 0.00000 1.00000
vt 0.00000 1.00000
vt 0.00000 1.00000
vt 0.00000 1.00000
vt 0.00000 1.00000
vt 0.00000 1.00000
vt 0.00000 1.00000
vt 0.00000 1.00000
vt 0.00000 1.00000
vt 0.00000 1.00000
vt 0.00000 1.00000
vt 0.00000 1.00000
vt 0.00000 1.00000
vt 0.00000 1.00000
vt 0.00000 1.00000
vt 0.00000 1.00000
vt 0.00000 1.00000
vt 0.00000 1.00000
vt 0.00000 1.00000
vt 0.00000 1.00000
vt 0.00000 1.00000
vt 0.00000 1.00000
vt 0.00000 1.00000
vt 0.00000 1.00000
vt 0.00000 1.00000
vt 0.00000 1.00000
vt 0.00000 1.00000
vt 0.00000 1.00000
vt 0.00000 1.00000
vt 0.00000 1.00000
vt 0.00000 1.00000
vt 0.00000 1.00000
vt 0.00000 1.00000
vt 0.00000 1.00000
vt 0.00000 1.00000
vt 0.00000 1.00000
vt 0.00000 1.00000
vt 0.00000 1.00000
vt 0.00000 1.00000
vt 0.00000 1.00000
vt 0.00000 1.00000
vt 0.00000 1.00000
vt 0.00000 1.00000
vt 0.00000 1.00000
vt 0.00000 1.00000
vt 0.00000 1.00000
vt 0.00000 1.00000
vt 0.00000 1.00000
vt 0.00000 1.00000
vt 0.00000 1.00000
vt 0.00000 1.00000
vt 0.00000 1.00000
vt 0.00000 1.00000
vt 0.00000 1.00000
vt 0.00000 1.00000
vt 0.00000 1.00000
vt 0.00000 1.00000
vt 0.00000 1.00000
vt 0.00000 1.00000
vt 0.00000 1.00000
vt 0.00000 1.00000
vt 0.00000 1.00000
vt 0.00000 1.00000
vt 0.00000 1.00000
vt 0.00000 1.00000
vt 0.00000 1.00000
vt 0.00000 1.00000
vt 0.00000 1.00000
vt 0.00000 1.00000
vt 0.00000 1.00000
vt 0.00000 1.00000
vt 0.00000 1.00000
vt 0.00000 1.00000
vt 0.00000 1.00000
vt 0.00000 1.00000
vt 0.00000 1.00000
vt 0.00000 1.00000
vt 0.00000 1.00000
vt 0.00000 1.00000
vt 0.00000 1.00000
vt 0.00000 1.00000
vt 0.00000 1.00000
vt 0.00000 1.00000
vt 0.00000 1.00000
vt 0.00000 1.00000
vt 0.00000 1.00000
vt 0.00000 1.00000
vt 0.00000 1.00000
vt 0.00000 1.00000
vt 0.00000 1.00000
vt 0.00000 1.00000
vt 0.00000 1.00000
vt 0.00000 1.00000
vt 0.00000 1.00000
vt 0.00000 1.00000
vt 0.00000 1.00000
vt 0.00000 1.00000
vt 0.00000 1.00000
vt 0.00000 1.00000
vt 0.00000 1.00000
vt 0.00000 1.00000
vt 0.00000 1.00000
vt 0.00000 1.00000
vt 0.00000 1.00000
vt 0.00000 1.00000
vt 0.00000 1.00000
vt 0.00000 1.00000
vt 0.00000 1.00000
vt 0.00000 1.00000
vt 0.00000 1.00000
vt 0.00000 1.00000
vt 0.00000 1.00000
vt 0.00000 1.00000
vt 0.00000 1.00000
vt 0.00000 1.00000
vt 0.00000 1.00000
vt 0.00000 1.00000
vt 0.00000 1.00000
vt 0.00000 1.00000
vt 0.00000 1.00000
vt 0.00000 1.00000
vt 0.00000 1.00000
vt 0.00000 1.00000
vt 0.00000 1.00000
vt 0.00000 1.00000
vt 0.00000 1.00000
vt 0.00000 1.00000
vt 0.00000 1.00000
vt 0.00000 1.00000
vt 0.00000 1.00000
vt 0.00000 1.00000
vt 0.00000 1.00000
vt 0.00000 1.00000
vt 0.00000 1.00000
vt 0.00000 1.00000
vt 0.00000 1.00000
vt 0.00000 1.00000
vt 0.00000 1.00000
vt 0.00000 1.00000
vt 0.00000 1.00000
vt 0.00000 1.00000
vt 0.00000 1.00000
vt 0.00000 1.00000
vt 0.00000 1.00000
vt 0.00000 1.00000
vt 0.00000 1.00000
vt 0.00000 1.00000
vt 0.00000 1.00000
vt 0.00000 1.00000
vt 0.00000 1.00000
vt 0.00000 1.00000
vt 0.00000 1.00000
vt 0.00000 1.00000
vt 0.00000 1.00000
vt 0.00000 1.00000
vt 0.00000 1.00000
vt 0.00000 1.00000
vt 0.00000 1.00000
vt 0.00000 1.00000
vt 0.00000 1.00000
vt 0.00000 1.00000
vt 0.00000 1.00000
vt 0.00000 1.00000
vt 0.00000 1.00000
vt 0.00000 1.00000
vt 0.00000 1.00000
vt 0.00000 1.00000
vt 0.00000 1.00000
vt 0.00000 1.00000
vt 0.00000 1.00000
vt 0.00000 1.00000
vt 0.00000 1.00000
vt 0.00000 1.00000
vt 0.00000 1.00000
vt 0.00000 1.00000
vt 0.00000 1.00000
vt 0.00000 1.00000
vt 0.00000 1.00000
vt 0.00000 1.00000
vt 0.00000 1.00000
vt 0.00000 1.00000
vt 0.00000 1.00000
vt 0.00000 1.00000
vt 0.00000 1.00000
vt 0.00000 1.00000
vt 0.00000 1.00000
vt 0.00000 1.00000
vt 0.00000 1.00000
vt 0.00000 1.00000
vt 0.00000 1.00000
vt 0.00000 1.00000
vt 0.00000 1.00000
vt 0.00000 1.00000
vt 0.00000 1.00000
vt 0.00000 1.00000
vt 0.00000 1.00000
vt 0.00000 1.00000
vt 0.00000 1.00000
vt 0.00000 1.00000
vt 0.00000 1.00000
vt 0.00000 1.00000
vt 0.00000 1.00000
vt 0.00000 1.00000
vt 0.00000 1.00000
vt 0.00000 1.00000
vt 0.00000 1.00000
vt 0.00000 1.00000
vt 0.00000 1.00000
vt 0.00000 1.00000
vt 0.00000 1.00000
vt 0.00000 1.00000
vt 0.00000 1.00000
vt 0.00000 1.00000
vt 0.00000 1.00000
vt 0.00000 1.00000
vt 0.00000 1.00000
vt 0.00000 1.00000
vt 0.00000 1.00000
vt 0.00000 1.00000
vt 0.00000 1.00000
vt 0.00000 1.00000
vt 0.00000 1.00000
vt 0.00000 1.00000
vt 0.00000 1.00000
vt 0.00000 1.00000
vt 0.00000 1.00000
vt 0.00000 1.00000
vt 0.00000 1.00000
vt 0.00000 1.00000
vt 0.00000 1.00000
vt 0.00000 1.00000
vt 0.00000 1.00000
vt 0.00000 1.00000
vt 0.00000 1.00000
vt 0.00000 1.00000
vt 0.00000 1.00000
vt 0.00000 1.00000
vt 0.00000 1.00000
vt 0.00000 1.00000
vt 0.00000 1.00000
vt 0.00000 1.00000
vt 0.00000 1.00000
vt 0.00000 1.00000
vt 0.00000 1.00000
vt 0.00000 1.00000
vt 0.00000 1.00000
vt 0.00000 1.00000
vt 0.00000 1.00000
vt 0.00000 1.00000
vt 0.00000 1.00000
vt 0.00000 1.00000
vt 0.00000 1.00000
vt 0.00000 1.00000
vt 0.00000 1.00000
vt 0.00000 1.00000
vt 0.00000 1.00000
vt 0.00000 1.00000
vt 0.00000 1.00000
vt 0.00000 1.00000
vt 0.00000 1.00000
vt 0.00000 1.00000
vt 0.00000 1.00000
vt 0.00000 1.00000
vt 0.00000 1.00000
vt 0.00000 1.00000
vt 0.00000 1.00000
vt 0.00000 1.00000
vt 0.00000 1.00000
vt 0.00000 1.00000
vt 0.00000 1.00000
vt 0.00000 1.00000
vt 0.00000 1.00000
vt 0.00000 1.00000
vt 0.00000 1.00000
vt 0.00000 1.00000
vt 0.00000 1.00000
vt 0.00000 1.00000
vt 0.00000 1.00000
vt 0.00000 1.00000
vt 0.00000 1.00000
vt 0.00000 1.00000
vt 0.00000 1.00000
vt 0.00000 1.00000
vt 0.00000 1.00000
vt 0.00000 1.00000
vt 0.00000 1.00000
vt 0.00000 1.00000
vt 0.00000 1.00000
vt 0.00000 1.00000
vt 0.00000 1.00000
vt 0.00000 1.00000
vt 0.00000 1.00000
vt 0.00000 1.00000
vt 0.00000 1.00000
vt 0.00000 1.00000
vt 0.00000 1.00000
vt 0.00000 1.00000
vt 0.00000 1.00000
vt 0.00000 1.00000
vt 0.00000 1.00000
vt 0.00000 1.00000
vt 0.00000 1.00000
vt 0.00000 1.00000
vt 0.00000 1.00000
vt 0.00000 1.00000
vt 0.00000 1.00000
vt 0.00000 1.00000
vt 0.00000 1.00000
vt 0.00000 1.00000
vt 0.00000 1.00000
vt 0.00000 1.00000
vt 0.00000 1.00000
vt 0.00000 1.00000
vt 0.00000 1.00000
vt 0.00000 1.00000
vt 0.00000 1.00000
vt 0.00000 1.00000
vt 0.00000 1.00000
vt 0.00000 1.00000
vt 0.00000 1.00000
vt 0.00000 1.00000
vt 0.00000 1.00000
vt 0.00000 1.00000
vt 0.00000 1.00000
vt 0.00000 1.00000
vt 0.00000 1.00000
vt 0.00000 1.00000
vt 0.00000 1.00000
vt 0.00000 1.00000
vt 0.00000 1.00000
vt 0.00000 1.00000
vt 0.00000 1.00000
vt 0.00000 1.00000
vt 0.00000 1.00000
vt 0.00000 1.00000
vt 0.00000 1.00000
vt 0.00000 1.00000
vt 0.00000 1.00000
vt 0.00000 1.00000
vt 0.00000 1.00000
vt 0.00000 1.00000
vt 0.00000 1.00000
vt 0.00000 1.00000
vt 0.00000 1.00000
vt 0.00000 1.00000
vt 0.00000 1.00000
vt 0.00000 1.00000
vt 0.00000 1.00000
vt 0.00000 1.00000
vt 0.00000 1.00000
vt 0.00000 1.00000
vt 0.00000 1.00000
vt 0.00000 1.00000
vt 0.00000 1.00000
vt 0.00000 1.00000
vt 0.00000 1.00000
vt 0.00000 1.00000
vt 0.00000 1.00000
vt 0.00000 1.00000
vt 0.00000 1.00000
vt 0.00000 1.00000
vt 0.00000 1.00000
vt 0.00000 1.00000
vt 0.00000 1.00000
vt 0.00000 1.00000
vt 0.00000 1.00000
vt 0.00000 1.00000
vt 0.00000 1.00000
vt 0.00000 1.00000
vt 0.00000 1.00000
vt 0.00000 1.00000
vt 0.00000 1.00000
vt 0.00000 1.00000
vt 0.00000 1.00000
vt 0.00000 1.00000
vt 0.00000 1.00000
vt 0.00000 1.00000
vt 0.00000 1.00000
vt 0.00000 1.00000
vt 0.00000 1.00000
vt 0.00000 1.00000
vt 0.00000 1.00000
vt 0.00000 1.00000
vt 0.00000 1.00000
vt 0.00000 1.00000
vt 0.00000 1.00000
vt 0.00000 1.00000
vt 0.00000 1.00000
vt 0.00000 1.00000
vt 0.00000 1.00000
vt 0.00000 1.00000
vt 0.00000 1.00000
vt 0.00000 1.00000
vt 0.00000 1.00000
vt 0.00000 1.00000
vt 0.00000 1.00000
vt 0.00000 1.00000
vt 0.00000 1.00000
vt 0.00000 1.00000
vt 0.00000 1.00000
vt 0.00000 1.00000
vt 0.00000 1.00000
vt 0.00000 1.00000
vt 0.00000 1.00000
vt 0.00000 1.00000
vt 0.00000 1.00000
vt 0.00000 1.00000
vt 0.00000 1.00000
vt 0.00000 1.00000
vt 0.00000 1.00000
vt 0.00000 1.00000
vt 0.00000 1.00000
vt 0.00000 1.00000
vt 0.00000 1.00000
vt 0.00000 1.00000
vt 0.00000 1.00000
vt 0.00000 1.00000
vt 0.00000 1.00000
vt 0.00000 1.00000
vt 0.00000 1.00000
vt 0.00000 1.00000
vt 0.00000 1.00000
vt 0.00000 1.00000
vt 0.00000 1.00000
vt 0.00000 1.00000
vt 0.00000 1.00000
vt 0.00000 1.00000
vt 0.00000 1.00000
vt 0.00000 1.00000
vt 0.00000 1.00000
vt 0.00000 1.00000
vt 0.00000 1.00000
vt 0.00000 1.00000
vt 0.00000 1.00000
vt 0.00000 1.00000
vt 0.00000 1.00000
vt 0.00000 1.00000
vt 0.00000 1.00000
vt 0.00000 1.00000
vt 0.00000 1.00000
vt 0.00000 1.00000
vt 0.00000 1.00000
vt 0.00000 1.00000
vt 0.00000 1.00000
vt 0.00000 1.00000
vt 0.00000 1.00000
vt 0.00000 1.00000
vt 0.00000 1.00000
vt 0.00000 1.00000
vt 0.00000 1.00000
vt 0.00000 1.00000
vt 0.00000 1.00000
vt 0.00000 1.00000
vt 0.00000 1.00000
vt 0.00000 1.00000
vt 0.00000 1.00000
vt 0.00000 1.00000
vt 0.00000 1.00000
vt 0.00000 1.00000
vt 0.00000 1.00000
vt 0.00000 1.00000
vt 0.00000 1.00000
vt 0.00000 1.00000
vt 0.00000 1.00000
vt 0.00000 1.00000
vt 0.00000 1.00000
vt 0.00000 1.00000
vt 0.00000 1.00000
vt 0.00000 1.00000
vt 0.00000 1.00000
vt 0.00000 1.00000
vt 0.00000 1.00000
vt 0.00000 1.00000
vt 0.00000 1.00000
vt 0.00000 1.00000
vt 0.00000 1.00000
vt 0.00000 1.00000
vt 0.00000 1.00000
vt 0.00000 1.00000
vt 0.00000 1.00000
vt 0.00000 1.00000
vt 0.00000 1.00000
vt 0.00000 1.00000
vt 0.00000 1.00000
vt 0.00000 1.00000
vt 0.00000 1.00000
vt 0.00000 1.00000
vt 0.00000 1.00000
vt 0.00000 1.00000
vt 0.00000 1.00000
vt 0.00000 1.00000
vt 0.00000 1.00000
vt 0.00000 1.00000
vt 0.00000 1.00000
vt 0.00000 1.00000
vt 0.00000 1.00000
vt 0.00000 1.00000
vt 0.00000 1.00000
vt 0.00000 1.00000
vt 0.00000 1.00000
vt 0.00000 1.00000
vt 0.00000 1.00000
vt 0.00000 1.00000
vt 0.00000 1.00000
vt 0.00000 1.00000
vt 0.00000 1.00000
vt 0.00000 1.00000
vt 0.00000 1.00000
vt 0.00000 1.00000
vt 0.00000 1.00000
vt 0.00000 1.00000
vt 0.00000 1.00000
vt 0.00000 1.00000
vt 0.00000 1.00000
vt 0.00000 1.00000
vt 0.00000 1.00000
vt 0.00000 1.00000
vt 0.00000 1.00000
vt 0.00000 1.00000
vt 0.00000 1.00000
vt 0.00000 1.00000
vt 0.00000 1.00000
vt 0.00000 1.00000
vt 0.00000 1.00000
vt 0.00000 1.00000
vt 0.00000 1.00000
vt 0.00000 1.00000
vt 0.00000 1.00000
vt 0.00000 1.00000
vt 0.00000 1.00000
vt 0.00000 1.00000
vt 0.00000 1.00000
vt 0.00000 1.00000
vt 0.00000 1.00000
vt 0.00000 1.00000
vt 0.00000 1.00000
vt 0.00000 1.00000
vt 0.00000 1.00000
vt 0.00000 1.00000
vt 0.00000 1.00000
vt 0.00000 1.00000
vt 0.00000 1.00000
vt 0.00000 1.00000
vt 0.00000 1.00000
vt 0.00000 1.00000
vt 0.00000 1.00000
vt 0.00000 1.00000
vt 0.00000 1.00000
vt 0.00000 1.00000
vt 0.00000 1.00000
vt 0.00000 1.00000
vt 0.00000 1.00000
vt 0.00000 1.00000
vt 0.00000 1.00000
vt 0.00000 1.00000
vt 0.00000 1.00000
vt 0.00000 1.00000
vt 0.00000 1.00000
vt 0.00000 1.00000
vt 0.00000 1.00000
vt 0.00000 1.00000
vt 0.00000 1.00000
vt 0.00000 1.00000
vt 0.00000 1.00000
vt 0.00000 1.00000
vt 0.00000 1.00000
vt 0.00000 1.00000
vt 0.00000 1.00000
vt 0.00000 1.00000
vt 0.00000 1.00000
vt 0.00000 1.00000
vt 0.00000 1.00000
vt 0.00000 1.00000
vt 0.00000 1.00000
vt 0.00000 1.00000
vt 0.00000 1.00000
vt 0.00000 1.00000
vt 0.00000 1.00000
vt 0.00000 1.00000
vt 0.00000 1.00000
vt 0.00000 1.00000
vt 0.00000 1.00000
vt 0.00000 1.00000
vt 0.00000 1.00000
vt 0.00000 1.00000
vt 0.00000 1.00000
vt 0.00000 1.00000
vt 0.00000 1.00000
vt 0.00000 1.00000
vt 0.00000 1.00000
vt 0.00000 1.00000
vt 0.00000 1.00000
vt 0.00000 1.00000
vt 0.00000 1.00000
vt 0.00000 1.00000
vt 0.00000 1.00000
vt 0.00000 1.00000
vt 0.00000 1.00000
vt 0.00000 1.00000
vt 0.00000 1.00000
vt 0.00000 1.00000
vt 0.00000 1.00000
vt 0.00000 1.00000
vt 0.00000 1.00000
vt 0.00000 1.00000
vt 0.00000 1.00000
vt 0.00000 1.00000
vt 0.00000 1.00000
vt 0.00000 1.00000
vt 0.00000 1.00000
vt 0.00000 1.00000
vt 0.00000 1.00000
vt 0.00000 1.00000
vt 0.00000 1.00000
vt 0.00000 1.00000
vt 0.00000 1.00000
vt 0.00000 1.00000
vt 0.00000 1.00000
vt 0.00000 1.00000
vt 0.00000 1.00000
vt 0.00000 1.00000
vt 0.00000 1.00000
vt 0.00000 1.00000
vt 0.00000 1.00000
vt 0.00000 1.00000
vt 0.00000 1.00000
vt 0.00000 1.00000
vt 0.00000 1.00000
vt 0.00000 1.00000
vt 0.00000 1.00000
vt 0.00000 1.00000
vt 0.00000 1.00000
vt 0.00000 1.00000
vt 0.00000 1.00000
vt 0.00000 1.00000
vt 0.00000 1.00000
vt 0.00000 1.00000
vt 0.00000 1.00000
vt 0.00000 1.00000
vt 0.00000 1.00000
vt 0.00000 1.00000
vt 0.00000 1.00000
vt 0.00000 1.00000
vt 0.00000 1.00000
vt 0.00000 1.00000
vt 0.00000 1.00000
vt 0.00000 1.00000
vt 0.00000 1.00000
vt 0.00000 1.00000
vt 0.00000 1.00000
vt 0.00000 1.00000
vt 0.00000 1.00000
vt 0.00000 1.00000
vt 0.00000 1.00000
vt 0.00000 1.00000
vt 0.00000 1.00000
vt 0.00000 1.00000
vt 0.00000 1.00000
vt 0.00000 1.00000
vt 0.00000 1.00000
vt 0.00000 1.00000
vt 0.00000 1.00000
vt 0.00000 1.00000
vt 0.00000 1.00000
vt 0.00000 1.00000
vt 0.00000 1.00000
vt 0.00000 1.00000
vt 0.00000 1.00000
vt 0.00000 1.00000
vt 0.00000 1.00000
vt 0.00000 1.00000
vt 0.00000 1.00000
vt 0.00000 1.00000
vt 0.00000 1.00000
vt 0.00000 1.00000
vt 0.00000 1.00000
vt 0.00000 1.00000
vt 0.00000 1.00000
vt 0.00000 1.00000
vt 0.00000 1.00000
vt 0.00000 1.00000
vt 0.00000 1.00000
vt 0.00000 1.00000
vt 0.00000 1.00000
vt 0.00000 1.00000
vt 0.00000 1.00000
vt 0.00000 1.00000
vt 0.00000 1.00000
vt 0.00000 1.00000
vt 0.00000 1.00000
vt 0.00000 1.00000
vt 0.00000 1.00000
vt 0.00000 1.00000
vt 0.00000 1.00000
vt 0.00000 1.00000
vt 0.00000 1.00000
vt 0.00000 1.00000
vt 0.00000 1.00000
vt 0.00000 1.00000
vt 0.00000 1.00000
vt 0.00000 1.00000
vt 0.00000 1.00000
vt 0.00000 1.00000
vt 0.00000 1.00000
vt 0.00000 1.00000
vt 0.00000 1.00000
vt 0.00000 1.00000
vt 0.00000 1.00000
vt 0.00000 1.00000
vt 0.00000 1.00000
vt 0.00000 1.00000
vt 0.00000 1.00000
vt 0.00000 1.00000
vt 0.00000 1.00000
vt 0.00000 1.00000
vt 0.00000 1.00000
vt 0.00000 1.00000
vt 0.00000 1.00000
vt 0.00000 1.00000
vt 0.00000 1.00000
vt 0.00000 1.00000
vt 0.00000 1.00000
vt 0.00000 1.00000
vt 0.00000 1.00000
vt 0.00000 1.00000
vt 0.00000 1.00000
vt 0.00000 1.00000
vt 0.00000 1.00000
vt 0.00000 1.00000
vt 0.00000 1.00000
vt 0.00000 1.00000
vt 0.00000 1.00000
vt 0.00000 1.00000
vt 0.00000 1.00000
vt 0.00000 1.00000
vt 0.00000 1.00000
vt 0.00000 1.00000
vt 0.00000 1.00000
vt 0.00000 1.00000
vt 0.00000 1.00000
vt 0.00000 1.00000
vt 0.00000 1.00000
vt 0.00000 1.00000
vt 0.00000 1.00000
vt 0.00000 1.00000
vt 0.00000 1.00000
vt 0.00000 1.00000
vt 0.00000 1.00000
vt 0.00000 1.00000
vt 0.00000 1.00000
vt 0.00000 1.00000
vt 0.00000 1.00000
vt 0.00000 1.00000
vt 0.00000 1.00000
vt 0.00000 1.00000
vt 0.00000 1.00000
vt 0.00000 1.00000
vt 0.00000 1.00000
vt 0.00000 1.00000
vt 0.00000 1.00000
vt 0.00000 1.00000
vt 0.00000 1.00000
vt 0.00000 1.00000
vt 0.00000 1.00000
vt 0.00000 1.00000
vt 0.00000 1.00000
vt 0.00000 1.00000
vt 0.00000 1.00000
vt 0.00000 1.00000
vt 0.00000 1.00000
vt 0.00000 1.00000
vt 0.00000 1.00000
vt 0.00000 1.00000
vt 0.00000 1.00000
vt 0.00000 1.00000
vt 0.00000 1.00000
vt 0.00000 1.00000
vt 0.00000 1.00000
vt 0.00000 1.00000
vt 0.00000 1.00000
vt 0.00000 1.00000
vt 0.00000 1.00000
vt 0.00000 1.00000
vt 0.00000 1.00000
vt 0.00000 1.00000
vt 0.00000 1.00000
vt 0.00000 1.00000
vt 0.00000 1.00000
vt 0.00000 1.00000
vt 0.00000 1.00000
vt 0.00000 1.00000
vt 0.00000 1.00000
vt 0.00000 1.00000
vt 0.00000 1.00000
vt 0.00000 1.00000
vt 0.00000 1.00000
vt 0.00000 1.00000
vt 0.00000 1.00000
vt 0.00000 1.00000
vt 0.00000 1.00000
vt 0.00000 1.00000
vt 0.00000 1.00000
vt 0.00000 1.00000
vt 0.00000 1.00000
vt 0.00000 1.00000
vt 0.00000 1.00000
vt 0.00000 1.00000
vt 0.00000 1.00000
vt 0.00000 1.00000
vt 0.00000 1.00000
vt 0.00000 1.00000
vt 0.00000 1.00000
vt 0.00000 1.00000
vt 0.00000 1.00000
vt 0.00000 1.00000
vt 0.00000 1.00000
vt 0.00000 1.00000
vt 0.00000 1.00000
vt 0.00000 1.00000
vt 0.00000 1.00000
vt 0.00000 1.00000
vt 0.00000 1.00000
vt 0.00000 1.00000
vt 0.00000 1.00000
vt 0.00000 1.00000
vt 0.00000 1.00000
vt 0.00000 1.00000
vt 0.00000 1.00000
vt 0.00000 1.00000
vt 0.00000 1.00000
vt 0.00000 1.00000
vt 0.00000 1.00000
vt 0.00000 1.00000
vt 0.00000 1.00000
vt 0.00000 1.00000
vt 0.00000 1.00000
vt 0.00000 1.00000
vt 0.00000 1.00000
vt 0.00000 1.00000
vt 0.00000 1.00000
vt 0.00000 1.00000
vt 0.00000 1.00000
vt 0.00000 1.00000
vt 0.00000 1.00000
vt 0.00000 1.00000
vt 0.00000 1.00000
vt 0.00000 1.00000
vt 0.00000 1.00000
vt 0.00000 1.00000
vt 0.00000 1.00000
vt 0.00000 1.00000
vt 0.00000 1.00000
vt 0.00000 1.00000
vt 0.00000 1.00000
vt 0.00000 1.00000
vt 0.00000 1.00000
vt 0.00000 1.00000
vt 0.00000 1.00000
vt 0.00000 1.00000
vt 0.00000 1.00000
vt 0.00000 1.00000
vt 0.00000 1.00000
vt 0.00000 1.00000
vt 0.00000 1.00000
vt 0.00000 1.00000
vt 0.00000 1.00000
vt 0.00000 1.00000
vt 0.00000 1.00000
vt 0.00000 1.00000
vt 0.00000 1.00000
vt 0.00000 1.00000
vt 0.00000 1.00000
vt 0.00000 1.00000
vt 0.00000 1.00000
vt 0.00000 1.00000
vt 0.00000 1.00000
vt 0.00000 1.00000
vt 0.00000 1.00000
vt 0.00000 1.00000
vt 0.00000 1.00000
vt 0.00000 1.00000
vt 0.00000 1.00000
vt 0.00000 1.00000
vt 0.00000 1.00000
vt 0.00000 1.00000
vt 0.00000 1.00000
vt 0.00000 1.00000
vt 0.00000 1.00000
vt 0.00000 1.00000
vt 0.00000 1.00000
vt 0.00000 1.00000
vt 0.00000 1.00000
vt 0.00000 1.00000
vt 0.00000 1.00000
vt 0.00000 1.00000
vt 0.00000 1.00000
vt 0.00000 1.00000
vt 0.00000 1.00000
vt 0.00000 1.00000
vt 0.00000 1.00000
vt 0.00000 1.00000
vt 0.00000 1.00000
vt 0.00000 1.00000
vt 0.00000 1.00000
vt 0.00000 1.00000
vt 0.00000 1.00000
vt 0.00000 1.00000
vt 0.00000 1.00000
vt 0.00000 1.00000
vt 0.00000 1.00000
vt 0.00000 1.00000
vt 0.00000 1.00000
vt 0.00000 1.00000
vt 0.00000 1.00000
vt 0.00000 1.00000
vt 0.00000 1.00000
vt 0.00000 1.00000
vt 0.00000 1.00000
vt 0.00000 1.00000
vt 0.00000 1.00000
vt 0.00000 1.00000
vt 0.00000 1.00000
vt 0.00000 1.00000
vt 0.00000 1.00000
vt 0.00000 1.00000
vt 0.00000 1.00000
vt 0.00000 1.00000
vt 0.00000 1.00000
vt 0.00000 1.00000
vt 0.00000 1.00000
vt 0.00000 1.00000
vt 0.00000 1.00000
vt 0.00000 1.00000
vt 0.00000 1.00000
vt 0.00000 1.00000
vt 0.00000 1.00000
vt 0.00000 1.00000
vt 0.00000 1.00000
vt 0.00000 1.00000
vt 0.00000 1.00000
vt 0.00000 1.00000
vt 0.00000 1.00000
vt 0.00000 1.00000
vt 0.00000 1.00000
vt 0.00000 1.00000
vt 0.00000 1.00000
vt 0.00000 1.00000
vt 0.00000 1.00000
vt 0.00000 1.00000
vt 0.00000 1.00000
vt 0.00000 1.00000
vt 0.00000 1.00000
vt 0.00000 1.00000
vt 0.00000 1.00000
vt 0.00000 1.00000
vt 0.00000 1.00000
vt 0.00000 1.00000
vt 0.00000 1.00000
vt 0.00000 1.00000
vt 0.00000 1.00000
vt 0.00000 1.00000
vt 0.00000 1.00000
vt 0.00000 1.00000
vt 0.00000 1.00000
vt 0.00000 1.00000
vt 0.00000 1.00000
vt 0.00000 1.00000
vt 0.00000 1.00000
vt 0.00000 1.00000
vt 0.00000 1.00000
vt 0.00000 1.00000
vt 0.00000 1.00000
vt 0.00000 1.00000
vt 0.00000 1.00000
vt 0.00000 1.00000
vt 0.00000 1.00000
vt 0.00000 1.00000
vt 0.00000 1.00000
vt 0.00000 1.00000
vt 0.00000 1.00000
vt 0.00000 1.00000
vt 0.00000 1.00000
vt 0.00000 1.00000
vt 0.00000 1.00000
vt 0.00000 1.00000
vt 0.00000 1.00000
vt 0.00000 1.00000
vt 0.00000 1.00000
vt 0.00000 1.00000
vt 0.00000 1.00000
vt 0.00000 1.00000
vt 0.00000 1.00000
vt 0.00000 1.00000
vt 0.00000 1.00000
vt 0.00000 1.00000
vt 0.00000 1.00000
vt 0.00000 1.00000
vt 0.00000 1.00000
vt 0.00000 1.00000
vt 0.00000 1.00000
vt 0.00000 1.00000
vt 0.00000 1.00000
vt 0.00000 1.00000
vt 0.00000 1.00000
vt 0.00000 1.00000
vt 0.00000 1.00000
vt 0.00000 1.00000
vt 0.00000 1.00000
vt 0.00000 1.00000
vt 0.00000 1.00000
vt 0.00000 1.00000
vt 0.00000 1.00000
vt 0.00000 1.00000
vt 0.00000 1.00000
vt 0.00000 1.00000
vt 0.00000 1.00000
vt 0.00000 1.00000
vt 0.00000 1.00000
vt 0.00000 1.00000
vt 0.00000 1.00000
vt 0.00000 1.00000
vt 0.00000 1.00000
vt 0.00000 1.00000
vt 0.00000 1.00000
vt 0.00000 1.00000
vt 0.00000 1.00000
vt 0.00000 1.00000
vt 0.00000 1.00000
vt 0.00000 1.00000
vt 0.00000 1.00000
vt 0.00000 1.00000
vt 0.00000 1.00000
vt 0.00000 1.00000
vt 0.00000 1.00000
vt 0.00000 1.00000
vt 0.00000 1.00000
vt 0.00000 1.00000
vt 0.00000 1.00000
vt 0.00000 1.00000
vt 0.00000 1.00000
vt 0.00000 1.00000
vt 0.00000 1.00000
vt 0.00000 1.00000
vt 0.00000 1.00000
vt 0.00000 1.00000
vt 0.00000 1.00000
vt 0.00000 1.00000
vt 0.00000 1.00000
vt 0.00000 1.00000
vt 0.00000 1.00000
vt 0.00000 1.00000
vt 0.00000 1.00000
vt 0.00000 1.00000
vt 0.00000 1.00000
vt 0.00000 1.00000
vt 0.00000 1.00000
vt 0.00000 1.00000
vt 0.00000 1.00000
vt 0.00000 1.00000
vt 0.00000 1.00000
vt 0.00000 1.00000
vt 0.00000 1.00000
vt 0.00000 1.00000
vt 0.00000 1.00000
vt 0.00000 1.00000
vt 0.00000 1.00000
vt 0.00000 1.00000
vt 0.00000 1.00000
vt 0.00000 1.00000
vt 0.00000 1.00000
vt 0.00000 1.00000
vt 0.00000 1.00000
vt 0.00000 1.00000
vt 0.00000 1.00000
vt 0.00000 1.00000
vt 0.00000 1.00000
vt 0.00000 1.00000
vt 0.00000 1.00000
vt 0.00000 1.00000
vt 0.00000 1.00000
vt 0.00000 1.00000
vt 0.00000 1.00000
vt 0.00000 1.00000
vt 0.00000 1.00000
vt 0.00000 1.00000
vt 0.00000 1.00000
vt 0.00000 1.00000
vt 0.00000 1.00000
vt 0.00000 1.00000
vt 0.00000 1.00000
vt 0.00000 1.00000
vt 0.00000 1.00000
vt 0.00000 1.00000
vt 0.00000 1.00000
vt 0.00000 1.00000
vt 0.00000 1.00000
vt 0.00000 1.00000
vt 0.00000 1.00000
vt 0.00000 1.00000
vt 0.00000 1.00000
vt 0.00000 1.00000
vt 0.00000 1.00000
vt 0.00000 1.00000
vt 0.00000 1.00000
vt 0.00000 1.00000
vt 0.00000 1.00000
vt 0.00000 1.00000
vt 0.00000 1.00000
vt 0.00000 1.00000
vt 0.00000 1.00000
vt 0.00000 1.00000
vt 0.00000 1.00000
vt 0.00000 1.00000
vt 0.00000 1.00000
vt 0.00000 1.00000
vt 0.00000 1.00000
vt 0.00000 1.00000
vt 0.00000 1.00000
vt 0.00000 1.00000
vt 0.00000 1.00000
vt 0.00000 1.00000
vt 0.00000 1.00000
vt 0.00000 1.00000
vt 0.00000 1.00000
vt 0.00000 1.00000
vt 0.00000 1.00000
vt 0.00000 1.00000
vt 0.00000 1.00000
vt 0.00000 1.00000
vt 0.00000 1.00000
vt 0.00000 1.00000
vt 0.00000 1.00000
vt 0.00000 1.00000
vt 0.00000 1.00000
vt 0.00000 1.00000
vt 0.00000 1.00000
vt 0.00000 1.00000
vt 0.00000 1.00000
vt 0.00000 1.00000
vt 0.00000 1.00000
vt 0.00000 1.00000
vt 0.00000 1.00000
vt 0.00000 1.00000
vt 0.00000 1.00000
vt 0.00000 1.00000
vt 0.00000 1.00000
vt 0.00000 1.00000
vt 0.00000 1.00000
vt 0.00000 1.00000
vt 0.00000 1.00000
vt 0.00000 1.00000
vt 0.00000 1.00000
vt 0.00000 1.00000
vt 0.00000 1.00000
vt 0.00000 1.00000
vt 0.00000 1.00000
vt 0.00000 1.00000
vt 0.00000 1.00000
vt 0.00000 1.00000
vt 0.00000 1.00000
vt 0.00000 1.00000
vt 0.00000 1.00000
vt 0.00000 1.00000
vt 0.00000 1.00000
vt 0.00000 1.00000
vt 0.00000 1.00000
vt 0.00000 1.00000
vt 0.00000 1.00000
vt 0.00000 1.00000
vt 0.00000 1.00000
vt 0.00000 1.00000
vt 0.00000 1.00000
vt 0.00000 1.00000
vt 0.00000 1.00000
vt 0.00000 1.00000
vt 0.00000 1.00000
vt 0.00000 1.00000
vt 0.00000 1.00000
vt 0.00000 1.00000
vt 0.00000 1.00000
vt 0.00000 1.00000
vt 0.00000 1.00000
vt 0.00000 1.00000
vt 0.00000 1.00000
vt 0.00000 1.00000
vt 0.00000 1.00000
vt 0.00000 1.00000
vt 0.00000 1.00000
vt 0.00000 1.00000
vt 0.00000 1.00000
vt 0.00000 1.00000
vt 0.00000 1.00000
vt 0.00000 1.00000
vt 0.00000 1.00000
vt 0.00000 1.00000
vt 0.00000 1.00000
vt 0.00000 1.00000
vt 0.00000 1.00000
vt 0.00000 1.00000
vt 0.00000 1.00000
vt 0.00000 1.00000
vt 0.00000 1.00000
vt 0.00000 1.00000
vt 0.00000 1.00000
vt 0.00000 1.00000
vt 0.00000 1.00000
vt 0.00000 1.00000
vt 0.00000 1.00000
vt 0.00000 1.00000
vt 0.00000 1.00000
vt 0.00000 1.00000
vt 0.00000 1.00000
vt 0.00000 1.00000
vt 0.00000 1.00000
vt 0.00000 1.00000
vt 0.00000 1.00000
vt 0.00000 1.00000
vt 0.00000 1.00000
vt 0.00000 1.00000
vt 0.00000 1.00000
vt 0.00000 1.00000
vt 0.00000 1.00000
vt 0.00000 1.00000
vt 0.00000 1.00000
vt 0.00000 1.00000
vt 0.00000 1.00000
vt 0.00000 1.00000
vt 0.00000 1.00000
vt 0.00000 1.00000
vt 0.00000 1.00000
vt 0.00000 1.00000
vt 0.00000 1.00000
vt 0.00000 1.00000
vt 0.00000 1.00000
vt 0.00000 1.00000
vt 0.00000 1.00000
vt 0.00000 1.00000
vt 0.00000 1.00000
vt 0.00000 1.00000
vt 0.00000 1.00000
vt 0.00000 1.00000
vt 0.00000 1.00000
vt 0.00000 1.00000
vt 0.00000 1.00000
vt 0.00000 1.00000
vt 0.00000 1.00000
vt 0.00000 1.00000
vt 0.00000 1.00000
vt 0.00000 1.00000
vt 0.00000 1.00000
vt 0.00000 1.00000
vt 0.00000 1.00000
vt 0.00000 1.00000
vt 0.00000 1.00000
vt 0.00000 1.00000
vt 0.00000 1.00000
vt 0.00000 1.00000
vt 0.00000 1.00000
vt 0.00000 1.00000
vt 0.00000 1.00000
vt 0.00000 1.00000
vt 0.00000 1.00000
vt 0.00000 1.00000
vt 0.00000 1.00000
vt 0.00000 1.00000
vt 0.00000 1.00000
vt 0.00000 1.00000
vt 0.00000 1.00000
vt 0.00000 1.00000
vt 0.00000 1.00000
vt 0.00000 1.00000
vt 0.00000 1.00000
vt 0.00000 1.00000
vt 0.00000 1.00000
vt 0.00000 1.00000
vt 0.00000 1.00000
vt 0.00000 1.00000
vt 0.00000 1.00000
vt 0.00000 1.00000
vt 0.00000 1.00000
vt 0.00000 1.00000
vt 0.00000 1.00000
vt 0.00000 1.00000
vt 0.00000 1.00000
vt 0.00000 1.00000
vt 0.00000 1.00000
vt 0.00000 1.00000
vt 0.00000 1.00000
vt 0.00000 1.00000
vt 0.00000 1.00000
vt 0.00000 1.00000
vt 0.00000 1.00000
vt 0.00000 1.00000
vt 0.00000 1.00000
vt 0.00000 1.00000
vt 0.00000 1.00000
vt 0.00000 1.00000
vt 0.00000 1.00000
vt 0.00000 1.00000
vt 0.00000 1.00000
vt 0.00000 1.00000
vt 0.00000 1.00000
vt 0.00000 1.00000
vt 0.00000 1.00000
vt 0.00000 1.00000
vt 0.00000 1.00000
vt 0.00000 1.00000
vt 0.00000 1.00000
vt 0.00000 1.00000
vt 0.00000 1.00000
vt 0.00000 1.00000
vt 0.00000 1.00000
vt 0.00000 1.00000
vt 0.00000 1.00000
vt 0.00000 1.00000
vt 0.00000 1.00000
vt 0.00000 1.00000
vt 0.00000 1.00000
vt 0.00000 1.00000
vt 0.00000 1.00000
vt 0.00000 1.00000
vt 0.00000 1.00000
vt 0.00000 1.00000
vt 0.00000 1.00000
vt 0.00000 1.00000
vt 0.00000 1.00000
vt 0.00000 1.00000
vt 0.00000 1.00000
vt 0.00000 1.00000
vt 0.00000 1.00000
vt 0.00000 1.00000
vt 0.00000 1.00000
vt 0.00000 1.00000
vt 0.00000 1.00000
vt 0.00000 1.00000
vt 0.00000 1.00000
vt 0.00000 1.00000
vt 0.00000 1.00000
vt 0.00000 1.00000
vt 0.00000 1.00000
vt 0.00000 1.00000
vt 0.00000 1.00000
vt 0.00000 1.00000
vt 0.00000 1.00000
vt 0.00000 1.00000
vt 0.00000 1.00000
vt 0.00000 1.00000
vt 0.00000 1.00000
vt 0.00000 1.00000
vt 0.00000 1.00000
vt 0.00000 1.00000
vt 0.00000 1.00000
vt 0.00000 1.00000
vt 0.00000 1.00000
vt 0.00000 1.00000
vt 0.00000 1.00000
vt 0.00000 1.00000
vt 0.00000 1.00000
vt 0.00000 1.00000
vt 0.00000 1.00000
vt 0.00000 1.00000
vt 0.00000 1.00000
vt 0.00000 1.00000
vt 0.00000 1.00000
vt 0.00000 1.00000
vt 0.00000 1.00000
vt 0.00000 1.00000
vt 0.00000 1.00000
vt 0.00000 1.00000
vt 0.00000 1.00000
vt 0.00000 1.00000
vt 0.00000 1.00000
vt 0.00000 1.00000
vt 0.00000 1.00000
vt 0.00000 1.00000
vt 0.00000 1.00000
vt 0.00000 1.00000
vt 0.00000 1.00000
vt 0.00000 1.00000
vt 0.00000 1.00000
vt 0.00000 1.00000
vt 0.00000 1.00000
vt 0.00000 1.00000
vt 0.00000 1.00000
vt 0.00000 1.00000
vt 0.00000 1.00000
vt 0.00000 1.00000
vt 0.00000 1.00000
vt 0.00000 1.00000
vt 0.00000 1.00000
vt 0.00000 1.00000
vt 0.00000 1.00000
vt 0.00000 1.00000
vt 0.00000 1.00000
vt 0.00000 1.00000
vt 0.00000 1.00000
vt 0.00000 1.00000
vt 0.00000 1.00000
vt 0.00000 1.00000
vt 0.00000 1.00000
vt 0.00000 1.00000
vt 0.00000 1.00000
vt 0.00000 1.00000
vt 0.00000 1.00000
vt 0.00000 1.00000
vt 0.00000 1.00000
vt 0.00000 1.00000
vt 0.00000 1.00000
vt 0.00000 1.00000
vt 0.00000 1.00000
vt 0.00000 1.00000
vt 0.00000 1.00000
vt 0.00000 1.00000
vt 0.00000 1.00000
vt 0.00000 1.00000
vt 0.00000 1.00000
vt 0.00000 1.00000
vt 0.00000 1.00000
vt 0.00000 1.00000
vt 0.00000 1.00000
vt 0.00000 1.00000
vt 0.00000 1.00000
vt 0.00000 1.00000
vt 0.00000 1.00000
vt 0.00000 1.00000
vt 0.00000 1.00000
vt 0.00000 1.00000
vt 0.00000 1.00000
vt 0.00000 1.00000
vt 0.00000 1.00000
vt 0.00000 1.00000
vt 0.00000 1.00000
vt 0.00000 1.00000
vt 0.00000 1.00000
vt 0.00000 1.00000
vt 0.00000 1.00000
vt 0.00000 1.00000
vt 0.00000 1.00000
vt 0.00000 1.00000
vt 0.00000 1.00000
vt 0.00000 1.00000
vt 0.00000 1.00000
vt 0.00000 1.00000
vt 0.00000 1.00000
vt 0.00000 1.00000
vt 0.00000 1.00000
vt 0.00000 1.00000
vt 0.00000 1.00000
vt 0.00000 1.00000
vt 0.00000 1.00000
vt 0.00000 1.00000
vt 0.00000 1.00000
vt 0.00000 1.00000
vt 0.00000 1.00000
vt 0.00000 1.00000
vt 0.00000 1.00000
vt 0.00000 1.00000
vt 0.00000 1.00000
vt 0.00000 1.00000
vt 0.00000 1.00000
vt 0.00000 1.00000
vt 0.00000 1.00000
vt 0.00000 1.00000
vt 0.00000 1.00000
vt 0.00000 1.00000
vt 0.00000 1.00000
vt 0.00000 1.00000
vt 0.00000 1.00000
vt 0.00000 1.00000
vt 0.00000 1.00000
vt 0.00000 1.00000
vt 0.00000 1.00000
vt 0.00000 1.00000
vt 0.00000 1.00000
vt 0.00000 1.00000
vt 0.00000 1.00000
vt 0.00000 1.00000
vt 0.00000 1.00000
vt 0.00000 1.00000
vt 0.00000 1.00000
vt 0.00000 1.00000
vt 0.00000 1.00000
vt 0.00000 1.00000
vt 0.00000 1.00000
vt 0.00000 1.00000
vt 0.00000 1.00000
vt 0.00000 1.00000
vt 0.00000 1.00000
vt 0.00000 1.00000
vt 0.00000 1.00000
vt 0.00000 1.00000
vt 0.00000 1.00000
vt 0.00000 1.00000
vt 0.00000 1.00000
vt 0.00000 1.00000
vt 0.00000 1.00000
vt 0.00000 1.00000
vt 0.00000 1.00000
vt 0.00000 1.00000
vt 0.00000 1.00000
vt 0.00000 1.00000
vt 0.00000 1.00000
vt 0.00000 1.00000
vt 0.00000 1.00000
vt 0.00000 1.00000
vt 0.00000 1.00000
vt 0.00000 1.00000
vt 0.00000 1.00000
vt 0.00000 1.00000
vt 0.00000 1.00000
vt 0.00000 1.00000
vt 0.00000 1.00000
vt 0.00000 1.00000
vt 0.00000 1.00000
vt 0.00000 1.00000
vt 0.00000 1.00000
vt 0.00000 1.00000
vt 0.00000 1.00000
vt 0.00000 1.00000
vt 0.00000 1.00000
vt 0.00000 1.00000
vt 0.00000 1.00000
vt 0.00000 1.00000
vt 0.00000 1.00000
vt 0.00000 1.00000
vt 0.00000 1.00000
vt 0.00000 1.00000
vt 0.00000 1.00000
vt 0.00000 1.00000
vt 0.00000 1.00000
vt 0.00000 1.00000
vt 0.00000 1.00000
vt 0.00000 1.00000
vt 0.00000 1.00000
vt 0.00000 1.00000
vt 0.00000 1.00000
vt 0.00000 1.00000
vt 0.00000 1.00000
vt 0.00000 1.00000
vt 0.00000 1.00000
vt 0.00000 1.00000
vt 0.00000 1.00000
vt 0.00000 1.00000
vt 0.00000 1.00000
vt 0.00000 1.00000
vt 0.00000 1.00000
vt 0.00000 1.00000
vt 0.00000 1.00000
vt 0.00000 1.00000
vt 0.00000 1.00000
vt 0.00000 1.00000
vt 0.00000 1.00000
vt 0.00000 1.00000
vt 0.00000 1.00000
vt 0.00000 1.00000
vt 0.00000 1.00000
vt 0.00000 1.00000
vt 0.00000 1.00000
vt 0.00000 1.00000
vt 0.00000 1.00000
vt 0.00000 1.00000
vt 0.00000 1.00000
vt 0.00000 1.00000
vt 0.00000 1.00000
vt 0.00000 1.00000
vt 0.00000 1.00000
vt 0.00000 1.00000
vt 0.00000 1.00000
vt 0.00000 1.00000
vt 0.00000 1.00000
vt 0.00000 1.00000
vt 0.00000 1.00000
vt 0.00000 1.00000
vt 0.00000 1.00000
vt 0.00000 1.00000
vt 0.00000 1.00000
vt 0.00000 1.00000
vt 0.00000 1.00000
vt 0.00000 1.00000
vt 0.00000 1.00000
vt 0.00000 1.00000
vt 0.00000 1.00000
vt 0.00000 1.00000
vt 0.00000 1.00000
vt 0.00000 1.00000
vt 0.00000 1.00000
vt 0.00000 1.00000
vt 0.00000 1.00000
vt 0.00000 1.00000
vt 0.00000 1.00000
vt 0.00000 1.00000
vt 0.00000 1.00000
vt 0.00000 1.00000
vt 0.00000 1.00000
vt 0.00000 1.00000
vt 0.00000 1.00000
vt 0.00000 1.00000
vt 0.00000 1.00000
vt 0.00000 1.00000
vt 0.00000 1.00000
vt 0.00000 1.00000
vt 0.00000 1.00000
vt 0.00000 1.00000
vt 0.00000 1.00000
vt 0.00000 1.00000
vt 0.00000 1.00000
vt 0.00000 1.00000
vt 0.00000 1.00000
vt 0.00000 1.00000
vt 0.00000 1.00000
vt 0.00000 1.00000
vt 0.00000 1.00000
vt 0.00000 1.00000
vt 0.00000 1.00000
vt 0.00000 1.00000
vt 0.00000 1.00000
vt 0.00000 1.00000
vt 0.00000 1.00000
vt 0.00000 1.00000
vt 0.00000 1.00000
vt 0.00000 1.00000
vt 0.00000 1.00000
vt 0.00000 1.00000
vt 0.00000 1.00000
vt 0.00000 1.00000
vt 0.00000 1.00000
vt 0.00000 1.00000
vt 0.00000 1.00000
vt 0.00000 1.00000
vt 0.00000 1.00000
vt 0.00000 1.00000
vt 0.00000 1.00000
vt 0.00000 1.00000
vt 0.00000 1.00000
vt 0.00000 1.00000
vt 0.00000 1.00000
vt 0.00000 1.00000
vt 0.00000 1.00000
vt 0.00000 1.00000
vt 0.00000 1.00000
vt 0.00000 1.00000
vt 0.00000 1.00000
vt 0.00000 1.00000
vt 0.00000 1.00000
vt 0.00000 1.00000
vt 0.00000 1.00000
vt 0.00000 1.00000
vt 0.00000 1.00000
vt 0.00000 1.00000
vt 0.00000 1.00000
vt 0.00000 1.00000
vt 0.00000 1.00000
vt 0.00000 1.00000
vt 0.00000 1.00000
vt 0.00000 1.00000
vt 0.00000 1.00000
vt 0.00000 1.00000
vt 0.00000 1.00000
vt 0.00000 1.00000
vt 0.00000 1.00000
vt 0.00000 1.00000
vt 0.00000 1.00000
vt 0.00000 1.00000
vt 0.00000 1.00000
vt 0.00000 1.00000
vt 0.00000 1.00000
vt 0.00000 1.00000
vt 0.00000 1.00000
vt 0.00000 1.00000
vt 0.00000 1.00000
vt 0.00000 1.00000
vt 0.00000 1.00000
vt 0.00000 1.00000
vt 0.00000 1.00000
vt 0.00000 1.00000
vt 0.00000 1.00000
vt 0.00000 1.00000
vt 0.00000 1.00000
vt 0.00000 1.00000
vt 0.00000 1.00000
vt 0.00000 1.00000
vt 0.00000 1.00000
vt 0.00000 1.00000
vt 0.00000 1.00000
vt 0.00000 1.00000
vt 0.00000 1.00000
vt 0.00000 1.00000
vt 0.00000 1.00000
vt 0.00000 1.00000
vt 0.00000 1.00000
vt 0.00000 1.00000
vt 0.00000 1.00000
vt 0.00000 1.00000
vt 0.00000 1.00000
vt 0.00000 1.00000
vt 0.00000 1.00000
vt 0.00000 1.00000
vt 0.00000 1.00000
vt 0.00000 1.00000
vt 0.00000 1.00000
vt 0.00000 1.00000
vt 0.00000 1.00000
vt 0.00000 1.00000
vt 0.00000 1.00000
vt 0.00000 1.00000
vt 0.00000 1.00000
vt 0.00000 1.00000
vt 0.00000 1.00000
vt 0.00000 1.00000
vt 0.00000 1.00000
vt 0.00000 1.00000
vt 0.00000 1.00000
vt 0.00000 1.00000
vt 0.00000 1.00000
vt 0.00000 1.00000
vt 0.00000 1.00000
vt 0.00000 1.00000
vt 0.00000 1.00000
vt 0.00000 1.00000
vt 0.00000 1.00000
vt 0.00000 1.00000
vt 0.00000 1.00000
vt 0.00000 1.00000
vt 0.00000 1.00000
vt 0.00000 1.00000
vt 0.00000 1.00000
vt 0.00000 1.00000
vt 0.00000 1.00000
vt 0.00000 1.00000
vt 0.00000 1.00000
vt 0.00000 1.00000
vt 0.00000 1.00000
vt 0.00000 1.00000
vt 0.00000 1.00000
vt 0.00000 1.00000
vt 0.00000 1.00000
vt 0.00000 1.00000
vt 0.00000 1.00000
vt 0.00000 1.00000
vt 0.00000 1.00000
vt 0.00000 1.00000
vt 0.00000 1.00000
vt 0.00000 1.00000
vt 0.00000 1.00000
vt 0.00000 1.00000
vt 0.00000 1.00000
vt 0.00000 1.00000
vt 0.00000 1.00000
vt 0.00000 1.00000
vt 0.00000 1.00000
vt 0.00000 1.00000
vt 0.00000 1.00000
vt 0.00000 1.00000
vt 0.00000 1.00000
vt 0.00000 1.00000
vt 0.00000 1.00000
vt 0.00000 1.00000
vt 0.00000 1.00000
vt 0.00000 1.00000
vt 0.00000 1.00000
vt 0.00000 1.00000
vt 0.00000 1.00000
vt 0.00000 1.00000
vt 0.00000 1.00000
vt 0.00000 1.00000
vt 0.00000 1.00000
vt 0.00000 1.00000
vt 0.00000 1.00000
vt 0.00000 1.00000
vt 0.00000 1.00000
vt 0.00000 1.00000
vt 0.00000 1.00000
vt 0.00000 1.00000
vt 0.00000 1.00000
vt 0.00000 1.00000
vt 0.00000 1.00000
vt 0.00000 1.00000
vt 0.00000 1.00000
vt 0.00000 1.00000
vt 0.00000 1.00000
vt 0.00000 1.00000
vt 0.00000 1.00000
vt 0.00000 1.00000
vt 0.00000 1.00000
vt 0.00000 1.00000
vt 0.00000 1.00000
vt 0.00000 1.00000
vt 0.00000 1.00000
vt 0.00000 1.00000
vt 0.00000 1.00000
vt 0.00000 1.00000
vt 0.00000 1.00000
vt 0.00000 1.00000
vt 0.00000 1.00000
vt 0.00000 1.00000
vt 0.00000 1.00000
vt 0.00000 1.00000
vt 0.00000 1.00000
vt 0.00000 1.00000
vt 0.00000 1.00000
vt 0.00000 1.00000
vt 0.00000 1.00000
vt 0.00000 1.00000
vt 0.00000 1.00000
vt 0.00000 1.00000
vt 0.00000 1.00000
vt 0.00000 1.00000
vt 0.00000 1.00000
vt 0.00000 1.00000
vt 0.00000 1.00000
vt 0.00000 1.00000
vt 0.00000 1.00000
vt 0.00000 1.00000
vt 0.00000 1.00000
vt 0.00000 1.00000
vt 0.00000 1.00000
vt 0.00000 1.00000
vt 0.00000 1.00000
vt 0.00000 1.00000
vt 0.00000 1.00000
vt 0.00000 1.00000
vt 0.00000 1.00000
vt 0.00000 1.00000
vt 0.00000 1.00000
vt 0.00000 1.00000
vt 0.00000 1.00000
vt 0.00000 1.00000
vt 0.00000 1.00000
vt 0.00000 1.00000
vt 0.00000 1.00000
vt 0.00000 1.00000
vt 0.00000 1.00000
vt 0.00000 1.00000
vt 0.00000 1.00000
vt 0.00000 1.00000
vt 0.00000 1.00000
vt 0.00000 1.00000
vt 0.00000 1.00000
vt 0.00000 1.00000
vt 0.00000 1.00000
vt 0.00000 1.00000
vt 0.00000 1.00000
vt 0.00000 1.00000
vt 0.00000 1.00000
vt 0.00000 1.00000
vt 0.00000 1.00000
vt 0.00000 1.00000
vt 0.00000 1.00000
vt 0.00000 1.00000
vt 0.00000 1.00000
vt 0.00000 1.00000
vt 0.00000 1.00000
vt 0.00000 1.00000
vt 0.00000 1.00000
vt 0.00000 1.00000
vt 0.00000 1.00000
vt 0.00000 1.00000
vt 0.00000 1.00000
vt 0.00000 1.00000
vt 0.00000 1.00000
vt 0.00000 1.00000
vt 0.00000 1.00000
vt 0.00000 1.00000
vt 0.00000 1.00000
vt 0.00000 1.00000
vt 0.00000 1.00000
vt 0.00000 1.00000
vt 0.00000 1.00000
vt 0.00000 1.00000
vt 0.00000 1.00000
vt 0.00000 1.00000
vt 0.00000 1.00000
vt 0.00000 1.00000
vt 0.00000 1.00000
vt 0.00000 1.00000
vt 0.00000 1.00000
vt 0.00000 1.00000
vt 0.00000 1.00000
vt 0.00000 1.00000
vt 0.00000 1.00000
vt 0.00000 1.00000
vt 0.00000 1.00000
vt 0.00000 1.00000
vt 0.00000 1.00000
vt 0.00000 1.00000
vt 0.00000 1.00000
vt 0.00000 1.00000
vt 0.00000 1.00000
vt 0.00000 1.00000
vt 0.00000 1.00000
vt 0.00000 1.00000
vt 0.00000 1.00000
vt 0.00000 1.00000
vt 0.00000 1.00000
vt 0.00000 1.00000
vt 0.00000 1.00000
vt 0.00000 1.00000
vt 0.00000 1.00000
vt 0.00000 1.00000
vt 0.00000 1.00000
vt 0.00000 1.00000
vt 0.00000 1.00000
vt 0.00000 1.00000
vt 0.00000 1.00000
vt 0.00000 1.00000
vt 0.00000 1.00000
vt 0.00000 1.00000
vt 0.00000 1.00000
vt 0.00000 1.00000
vt 0.00000 1.00000
vt 0.00000 1.00000
vt 0.00000 1.00000
vt 0.00000 1.00000
vt 0.00000 1.00000
vt 0.00000 1.00000
vt 0.00000 1.00000
vt 0.00000 1.00000
vt 0.00000 1.00000
vt 0.00000 1.00000
vt 0.00000 1.00000
vt 0.00000 1.00000
vt 0.00000 1.00000
vt 0.00000 1.00000
vt 0.00000 1.00000
vt 0.00000 1.00000
vt 0.00000 1.00000
vt 0.00000 1.00000
vt 0.00000 1.00000
vt 0.00000 1.00000
vt 0.00000 1.00000
vt 0.00000 1.00000
vt 0.00000 1.00000
vt 0.00000 1.00000
vt 0.00000 1.00000
vt 0.00000 1.00000
vt 0.00000 1.00000
vt 0.00000 1.00000
vt 0.00000 1.00000
vt 0.00000 1.00000
vt 0.00000 1.00000
vt 0.00000 1.00000
vt 0.00000 1.00000
vt 0.00000 1.00000
vt 0.00000 1.00000
vt 0.00000 1.00000
vt 0.00000 1.00000
vt 0.00000 1.00000
vt 0.00000 1.00000
vt 0.00000 1.00000
vt 0.00000 1.00000
vt 0.00000 1.00000
vt 0.00000 1.00000
vt 0.00000 1.00000
vt 0.00000 1.00000
vt 0.00000 1.00000
vt 0.00000 1.00000
vt 0.00000 1.00000
vt 0.00000 1.00000
vt 0.00000 1.00000
vt 0.00000 1.00000
vt 0.00000 1.00000
vt 0.00000 1.00000
vt 0.00000 1.00000
usemtl needles
f 517/517 518/518 519/519
f 520/520 521/521 522/522
f 523/523 524/524 525/525
f 526/526 527/527 528/528
f 529/529 530/530 531/531
f 532/532 533/533 534/534
f 535/535 536/536 537/537
f 538/538 539/539 540/540
f 541/541 542/542 543/543
f 544/544 545/545 546/546
f 547/547 548/548 549/549
f 550/550 551/551 552/552
f 553/553 554/554 555/555
f 556/556 557/557 558/558
f 559/559 560/560 561/561
f 562/562 563/563 564/564
f 565/565 566/566 567/567
f 568/568 569/569 570/570
f 571/571 572/572 573/573
f 574/574 575/575 576/576
f 577/577 578/578 579/579
f 580/580 581/581 582/582
f 583/583 584/584 585/585
f 586/586 587/587 588/588
f 589/589 590/590 591/591
f 592/592 593/593 594/594
f 595/595 596/596 597/597
f 598/598 599/599 600/600
f 601/601 602/602 603/603
f 604/604 605/605 606/606
f 607/607 608/608 609/609
f 610/610 611/611 612/612
f 613/613 614/614 615/615
f 616/616 617/617 618/618
f 619/619 620/620 621/621
f 622/622 623/623 624/624
f 625/625 626/626 627/627
f 628/628 629/629 630/630
f 631/631 632/632 633/633
f 634/634 635/635 636/636
f 637/637 638/638 639/639
f 640/640 641/641 642/642
f 643/643 644/644 645/645
f 646/646 647/647 648/648
f 649/649 650/650 651/651
f 652/652 653/653 654/654
f 655/655 656/656 657/657
f 658/658 659/659 660/660
f 661/661 662/662 663/663
f 664/664 665/665 666/666
f 667/667 668/668 669/669
f 670/670 671/671 672/672
f 673/673 674/674 675/675
f 676/676 677/677 678/678
f 679/679 680/680 681/681
f 682/682 683/683 684/684
f 685/685 686/686 687/687
f 688/688 689/689 690/690
f 691/691 692/692 693/693
f 694/694 695/695 696/696
f 697/697 698/698 699/699
f 700/700 701/701 702/702
f 703/703 704/704 705/705
f 706/706 707/707 708/708
f 709/709 710/710 711/711
f 712/712 713/713 714/714
f 715/715 716/716 717/717
f 718/718 719/719 720/720
f 721/721 722/722 723/723
f 724/724 725/725 726/726
f 727/727 728/728 729/729
f 730/730 731/731 732/732
f 733/733 734/734 735/735
f 736/736 737/737 738/738
f 739/739 740/740 741/741
f 742/742 743/743 744/744
f 745/745 746/746 747/747
f 748/748 749/749 750/750
f 751/751 752/752 753/753
f 754/754 755/755 756/756
f 757/757 758/758 759/759
f 760/760 761/761 762/762
f 763/763 764/764 765/765
f 766/766 767/767 768/768
f 769/769 770/770 771/771
f 772/772 773/773 774/774
f 775/775 776/776 777/777
f 778/778 779/779 780/780
f 781/781 782/782 783/783
f 784/784 785/785 786/786
f 787/787 788/788 789/789
f 790/790 791/791 792/792
f 793/793 794/794 795/795
f 796/796 797/797 798/798
f 799/799 800/800 801/801
f 802/802 803/803 804/804
f 805/805 806/806 807/807
f 808/808 809/809 810/810
f 811/811 812/812 813/813
f 814/814 815/815 816/816
f 817/817 818/818 819/819
f 820/820 821/821 822/822
f 823/823 824/824 825/825
f 826/826 827/827 828/828
f 829/829 830/830 831/831
f 832/832 833/833 834/834
f 835/835 836/836 837/837
f 838/838 839/839 840/840
f 841/841 842/842 843/843
f 844/844 845/845 846/846
f 847/847 848/848 849/849
f 850/850 851/851 852/852
f 853/853 854/854 855/855
f 856/856 857/857 858/858
f 859/859 860/860 861/861
f 862/862 863/863 864/864
f 865/865 866/866 867/867
f 868/868 869/869 870/870
f 871/871 872/872 873/873
f 874/874 875/875 876/876
f 877/877 878/878 879/879
f 880/880 881/881 882/882
f 883/883 884/884 885/885
f 886/886 887/887 888/888
f 889/889 890/890 891/891
f 892/892 893/893 894/894
f 895/895 896/896 897/897
f 898/898 899/899 900/900
f 901/901 902/902 903/903
f 904/904 905/905 906/906
f 907/907 908/908 909/909
f 910/910 911/911 912/912
f 913/913 914/914 915/915
f 916/916 917/917 918/918
f 919/919 920/920 921/921
f 922/922 923/923 924/924
f 925/925 926/926 927/927
f 928/928 929/929 930/930
f 931/931 932/932 933/933
f 934/934 935/935 936/936
f 937/937 938/938 939/939
f 940/940 941/941 942/942
f 943/943 944/944 945/945
f 946/946 947/947 948/948
f 949/949 950/950 951/951
f 952/952 953/953 954/954
f 955/955 956/956 957/957
f 958/958 959/959 960/960
f 961/961 962/962 963/963
f 964/964 965/965 966/966
f 967/967 968/968 969/969
f 970/970 971/971 972/972
f 973/973 974/974 975/975
f 976/976 977/977 978/978
f 979/979 980/980 981/981
f 982/982 983/983 984/984
f 985/985 986/986 987/987
f 988/988 989/989 990/990
f 991/991 992/992 993/993
f 994/994 995/995 996/996
f 997/997 998/998 999/999
f 1000/1000 1001/1001 1002/1002
f 1003/1003 1004/1004 1005/1005
f 1006/1006 1007/1007 1008/1008
f 1009/1009 1010/1010 1011/1011
f 1012/1012 1013/1013 1014/1014
f 1015/1015 1016/1016 1017/1017
f 1018/1018 1019/1019 1020/1020
f 1021/1021 1022/1022 1023/1023
f 1024/1024 1025/1025 1026/1026
f 1027/1027 1028/1028 1029/1029
f 1030/1030 1031/1031 1032/1032
f 1033/1033 1034/1034 1035/1035
f 1036/1036 1037/1037 1038/1038
f 1039/1039 1040/1040 1041/1041
f 1042/1042 1043/1043 1044/1044
f 1045/1045 1046/1046 1047/1047
f 1048/1048 1049/1049 1050/1050
f 1051/1051 1052/1052 1053/1053
f 1054/1054 1055/1055 1056/1056
f 1057/1057 1058/1058 1059/1059
f 1060/1060 1061/1061 1062/1062
f 1063/1063 1064/1064 1065/1065
f 1066/1066 1067/1067 1068/1068
f 1069/1069 1070/1070 1071/1071
f 1072/1072 1073/1073 1074/1074
f 1075/1075 1076/1076 1077/1077
f 1078/1078 1079/1079 1080/1080
f 1081/1081 1082/1082 1083/1083
f 1084/1084 1085/1085 1086/1086
f 1087/1087 1088/1088 1089/1089
f 1090/1090 1091/1091 1092/1092
f 1093/1093 1094/1094 1095/1095
f 1096/1096 1097/1097 1098/1098
f 1099/1099 1100/1100 1101/1101
f 1102/1102 1103/1103 1104/1104
f 1105/1105 1106/1106 1107/1107
f 1108/1108 1109/1109 1110/1110
f 1111/1111 1112/1112 1113/1113
f 1114/1114 1115/1115 1116/1116
f 1117/1117 1118/1118 1119/1119
f 1120/1120 1121/1121 1122/1122
f 1123/1123 1124/1124 1125/1125
f 1126/1126 1127/1127 1128/1128
f 1129/1129 1130/1130 1131/1131
f 1132/1132 1133/1133 1134/1134
f 1135/1135 1136/1136 1137/1137
f 1138/1138 1139/1139 1140/1140
f 1141/1141 1142/1142 1143/1143
f 1144/1144 1145/1145 1146/1146
f 1147/1147 1148/1148 1149/1149
f 1150/1150 1151/1151 1152/1152
f 1153/1153 1154/1154 1155/1155
f 1156/1156 1157/1157 1158/1158
f 1159/1159 1160/1160 1161/1161
f 1162/1162 1163/1163 1164/1164
f 1165/1165 1166/1166 1167/1167
f 1168/1168 1169/1169 1170/1170
f 1171/1171 1172/1172 1173/1173
f 1174/1174 1175/1175 1176/1176
f 1177/1177 1178/1178 1179/1179
f 1180/1180 1181/1181 1182/1182
f 1183/1183 1184/1184 1185/1185
f 1186/1186 1187/1187 1188/1188
f 1189/1189 1190/1190 1191/1191
f 1192/1192 1193/1193 1194/1194
f 1195/1195 1196/1196 1197/1197
f 1198/1198 1199/1199 1200/1200
f 1201/1201 1202/1202 1203/1203
f 1204/1204 1205/1205 1206/1206
f 1207/1207 1208/1208 1209/1209
f 1210/1210 1211/1211 1212/1212
f 1213/1213 1214/1214 1215/1215
f 1216/1216 1217/1217 1218/1218
f 1219/1219 1220/1220 1221/1221
f 1222/1222 1223/1223 1224/1224
f 1225/1225 1226/1226 1227/1227
f 1228/1228 1229/1229 1230/1230
f 1231/1231 1232/1232 1233/1233
f 1234/1234 1235/1235 1236/1236
f 1237/1237 1238/1238 1239/1239
f 1240/1240 1241/1241 1242/1242
f 1243/1243 1244/1244 1245/1245
f 1246/1246 1247/1247 1248/1248
f 1249/1249 1250/1250 1251/1251
f 1252/1252 1253/1253 1254/1254
f 1255/1255 1256/1256 1257/1257
f 1258/1258 1259/1259 1260/1260
f 1261/1261 1262/1262 1263/1263
f 1264/1264 1265/1265 1266/1266
f 1267/1267 1268/1268 1269/1269
f 1270/1270 1271/1271 1272/1272
f 1273/1273 1274/1274 1275/1275
f 1276/1276 1277/1277 1278/1278
f 1279/1279 1280/1280 1281/1281
f 1282/1282 1283/1283 1284/1284
f 1285/1285 1286/1286 1287/1287
f 1288/1288 1289/1289 1290/1290
f 1291/1291 1292/1292 1293/1293
f 1294/1294 1295/1295 1296/1296
f 1297/1297 1298/1298 1299/1299
f 1300/1300 1301/1301 1302/1302
f 1303/1303 1304/1304 1305/1305
f 1306/1306 1307/1307 1308/1308
f 1309/1309 1310/1310 1311/1311
f 1312/1312 1313/1313 1314/1314
f 1315/1315 1316/1316 1317/1317
f 1318/1318 1319/1319 1320/1320
f 1321/1321 1322/1322 1323/1323
f 1324/1324 1325/1325 1326/1326
f 1327/1327 1328/1328 1329/1329
f 1330/1330 1331/1331 1332/1332
f 1333/1333 1334/1334 1335/1335
f 1336/1336 1337/1337 1338/1338
f 1339/1339 1340/1340 1341/1341
f 1342/1342 1343/1343 1344/1344
f 1345/1345 1346/1346 1347/1347
f 1348/1348 1349/1349 1350/1350
f 1351/1351 1352/1352 1353/1353
f 1354/1354 1355/1355 1356/1356
f 1357/1357 1358/1358 1359/1359
f 1360/1360 1361/1361 1362/1362
f 1363/1363 1364/1364 1365/1365
f 1366/1366 1367/1367 1368/1368
f 1369/1369 1370/1370 1371/1371
f 1372/1372 1373/1373 1374/1374
f 1375/1375 1376/1376 1377/1377
f 1378/1378 1379/1379 1380/1380
f 1381/1381 1382/1382 1383/1383
f 1384/1384 1385/1385 1386/1386
f 1387/1387 1388/1388 1389/1389
f 1390/1390 1391/1391 1392/1392
f 1393/1393 1394/1394 1395/1395
f 1396/1396 1397/1397 1398/1398
f 1399/1399 1400/1400 1401/1401
f 1402/1402 1403/1403 1404/1404
f 1405/1405 1406/1406 1407/1407
f 1408/1408 1409/1409 1410/1410
f 1411/1411 1412/1412 1413/1413
f 1414/1414 1415/1415 1416/1416
f 1417/1417 1418/1418 1419/1419
f 1420/1420 1421/1421 1422/1422
f 1423/1423 1424/1424 1425/1425
f 1426/1426 1427/1427 1428/1428
f 1429/1429 1430/1430 1431/1431
f 1432/1432 1433/1433 1434/1434
f 1435/1435 1436/1436 1437/1437
f 1438/1438 1439/1439 1440/1440
f 1441/1441 1442/1442 1443/1443
f 1444/1444 1445/1445 1446/1446
f 1447/1447 1448/1448 1449/1449
f 1450/1450 1451/1451 1452/1452
f 1453/1453 1454/1454 1455/1455
f 1456/1456 1457/1457 1458/1458
f 1459/1459 1460/1460 1461/1461
f 1462/1462 1463/1463 1464/1464
f 1465/1465 1466/1466 1467/1467
f 1468/1468 1469/1469 1470/1470
f 1471/1471 1472/1472 1473/1473
f 1474/1474 1475/1475 1476/1476
f 1477/1477 1478/1478 1479/1479
f 1480/1480 1481/1481 1482/1482
f 1483/1483 1484/1484 1485/1485
f 1486/1486 1487/1487 1488/1488
f 1489/1489 1490/1490 1491/1491
f 1492/1492 1493/1493 1494/1494
f 1495/1495 1496/1496 1497/1497
f 1498/1498 1499/1499 1500/1500
f 1501/1501 1502/1502 1503/1503
f 1504/1504 1505/1505 1506/1506
f 1507/1507 1508/1508 1509/1509
f 1510/1510 1511/1511 1512/1512
f 1513/1513 1514/1514 1515/1515
f 1516/1516 1517/1517 1518/1518
f 1519/1519 1520/1520 1521/1521
f 1522/1522 1523/1523 1524/1524
f 1525/1525 1526/1526 1527/1527
f 1528/1528 1529/1529 1530/1530
f 1531/1531 1532/1532 1533/1533
f 1534/1534 1535/1535 1536/1536
f 1537/1537 1538/1538 1539/1539
f 1540/1540 1541/1541 1542/1542
f 1543/1543 1544/1544 1545/1545
f 1546/1546 1547/1547 1548/1548
f 1549/1549 1550/1550 1551/1551
f 1552/1552 1553/1553 1554/1554
f 1555/1555 1556/1556 1557/1557
f 1558/1558 1559/1559 1560/1560
f 1561/1561 1562/1562 1563/1563
f 1564/1564 1565/1565 1566/1566
f 1567/1567 1568/1568 1569/1569
f 1570/1570 1571/1571 1572/1572
f 1573/1573 1574/1574 1575/1575
f 1576/1576 1577/1577 1578/1578
f 1579/1579 1580/1580 1581/1581
f 1582/1582 1583/1583 1584/1584
f 1585/1585 1586/1586 1587/1587
f 1588/1588 1589/1589 1590/1590
f 1591/1591 1592/1592 1593/1593
f 1594/1594 1595/1595 1596/1596
f 1597/1597 1598/1598 1599/1599
f 1600/1600 1601/1601 1602/1602
f 1603/1603 1604/1604 1605/1605
f 1606/1606 1607/1607 1608/1608
f 1609/1609 1610/1610 1611/1611
f 1612/1612 1613/1613 1614/1614
f 1615/1615 1616/1616 1617/1617
f 1618/1618 1619/1619 1620/1620
f 1621/1621 1622/1622 1623/1623
f 1624/1624 1625/1625 1626/1626
f 1627/1627 1628/1628 1629/1629
f 1630/1630 1631/1631 1632/1632
f 1633/1633 1634/1634 1635/1635
f 1636/1636 1637/1637 1638/1638
f 1639/1639 1640/1640 1641/1641
f 1642/1642 1643/1643 1644/1644
f 1645/1645 1646/1646 1647/1647
f 1648/1648 1649/1649 1650/1650
f 1651/1651 1652/1652 1653/1653
f 1654/1654 1655/1655 1656/1656
f 1657/1657 1658/1658 1659/1659
f 1660/1660 1661/1661 1662/1662
f 1663/1663 1664/1664 1665/1665
f 1666/1666 1667/1667 1668/1668
f 1669/1669 1670/1670 1671/1671
f 1672/1672 1673/1673 1674/1674
f 1675/1675 1676/1676 1677/1677
f 1678/1678 1679/1679 1680/1680
f 1681/1681 1682/1682 1683/1683
f 1684/1684 1685/1685 1686/1686
f 1687/1687 1688/1688 1689/1689
f 1690/1690 1691/1691 1692/1692
f 1693/1693 1694/1694 1695/1695
f 1696/1696 1697/1697 1698/1698
f 1699/1699 1700/1700 1701/1701
f 1702/1702 1703/1703 1704/1704
f 1705/1705 1706/1706 1707/1707
f 1708/1708 1709/1709 1710/1710
f 1711/1711 1712/1712 1713/1713
f 1714/1714 1715/1715 1716/1716
f 1717/1717 1718/1718 1719/1719
f 1720/1720 1721/1721 1722/1722
f 1723/1723 1724/1724 1725/1725
f 1726/1726 1727/1727 1728/1728
f 1729/1729 1730/1730 1731/1731
f 1732/1732 1733/1733 1734/1734
f 1735/1735 1736/1736 1737/1737
f 1738/1738 1739/1739 1740/1740
f 1741/1741 1742/1742 1743/1743
f 1744/1744 1745/1745 1746/1746
f 1747/1747 1748/1748 1749/1749
f 1750/1750 1751/1751 1752/1752
f 1753/1753 1754/1754 1755/1755
f 1756/1756 1757/1757 1758/1758
f 1759/1759 1760/1760 1761/1761
f 1762/1762 1763/1763 1764/1764
f 1765/1765 1766/1766 1767/1767
f 1768/1768 1769/1769 1770/1770
f 1771/1771 1772/1772 1773/1773
f 1774/1774 1775/1775 1776/1776
f 1777/1777 1778/1778 1779/1779
f 1780/1780 1781/1781 1782/1782
f 1783/1783 1784/1784 1785/1785
f 1786/1786 1787/1787 1788/1788
f 1789/1789 1790/1790 1791/1791
f 1792/1792 1793/1793 1794/1794
f 1795/1795 1796/1796 1797/1797
f 1798/1798 1799/1799 1800/1800
f 1801/1801 1802/1802 1803/1803
f 1804/1804 1805/1805 1806/1806
f 1807/1807 1808/1808 1809/1809
f 1810/1810 1811/1811 1812/1812
f 1813/1813 1814/1814 1815/1815
f 1816/1816 1817/1817 1818/1818
f 1819/1819 1820/1820 1821/1821
f 1822/1822 1823/1823 1824/1824
f 1825/1825 1826/1826 1827/1827
f 1828/1828 1829/1829 1830/1830
f 1831/1831 1832/1832 1833/1833
f 1834/1834 1835/1835 1836/1836
f 1837/1837 1838/1838 1839/1839
f 1840/1840 1841/1841 1842/1842
f 1843/1843 1844/1844 1845/1845
f 1846/1846 1847/1847 1848/1848
f 1849/1849 1850/1850 1851/1851
f 1852/1852 1853/1853 1854/1854
f 1855/1855 1856/1856 1857/1857
f 1858/1858 1859/1859 1860/1860
f 1861/1861 1862/1862 1863/1863
f 1864/1864 1865/1865 1866/1866
f 1867/1867 1868/1868 1869/1869
f 1870/1870 1871/1871 1872/1872
f 1873/1873 1874/1874 1875/1875
f 1876/1876 1877/1877 1878/1878
f 1879/1879 1880/1880 1881/1881
f 1882/1882 1883/1883 1884/1884
f 1885/1885 1886/1886 1887/1887
f 1888/1888 1889/1889 1890/1890
f 1891/1891 1892/1892 1893/1893
f 1894/1894 1895/1895 1896/1896
f 1897/1897 1898/1898 1899/1899
f 1900/1900 1901/1901 1902/1902
f 1903/1903 1904/1904 1905/1905
f 1906/1906 1907/1907 1908/1908
f 1909/1909 1910/1910 1911/1911
f 1912/1912 1913/1913 1914/1914
f 1915/1915 1916/1916 1917/1917
f 1918/1918 1919/1919 1920/1920
f 1921/1921 1922/1922 1923/1923
f 1924/1924 1925/1925 1926/1926
f 1927/1927 1928/1928 1929/1929
f 1930/1930 1931/1931 1932/1932
f 1933/1933 1934/1934 1935/1935
f 1936/1936 1937/1937 1938/1938
f 1939/1939 1940/1940 1941/1941
f 1942/1942 1943/1943 1944/1944
f 1945/1945 1946/1946 1947/1947
f 1948/1948 1949/1949 1950/1950
f 1951/1951 1952/1952 1953/1953
f 1954/1954 1955/1955 1956/1956
f 1957/1957 1958/1958 1959/1959
f 1960/1960 1961/1961 1962/1962
f 1963/1963 1964/1964 1965/1965
f 1966/1966 1967/1967 1968/1968
f 1969/1969 1970/1970 1971/1971
f 1972/1972 1973/1973 1974/1974
f 1975/1975 1976/1976 1977/1977
f 1978/1978 1979/1979 1980/1980
f 1981/1981 1982/1982 1983/1983
f 1984/1984 1985/1985 1986/1986
f 1987/1987 1988/1988 1989/1989
f 1990/1990 1991/1991 1992/1992
f 1993/1993 1994/1994 1995/1995
f 1996/1996 1997/1997 1998/1998
f 1999/1999 2000/2000 2001/2001
f 2002/2002 2003/2003 2004/2004
f 2005/2005 2006/2006 2007/2007
f 2008/2008 2009/2009 2010/2010
f 2011/2011 2012/2012 2013/2013
f 2014/2014 2015/2015 2016/2016
f 2017/2017 2018/2018 2019/2019
f 2020/2020 2021/2021 2022/2022
f 2023/2023 2024/2024 2025/2025
f 2026/2026 2027/2027 2028/2028
f 2029/2029 2030/2030 2031/2031
f 2032/2032 2033/2033 2034/2034
f 2035/2035 2036/2036 2037/2037
f 2038/2038 2039/2039 2040/2040
f 2041/2041 2042/2042 2043/2043
f 2044/2044 2045/2045 2046/2046
f 2047/2047 2048/2048 2049/2049
f 2050/2050 2051/2051 2052/2052
f 2053/2053 2054/2054 2055/2055
f 2056/2056 2057/2057 2058/2058
f 2059/2059 2060/2060 2061/2061
f 2062/2062 2063/2063 2064/2064
f 2065/2065 2066/2066 2067/2067
f 2068/2068 2069/2069 2070/2070
f 2071/2071 2072/2072 2073/2073
f 2074/2074 2075/2075 2076/2076
f 2077/2077 2078/2078 2079/2079
f 2080/2080 2081/2081 2082/2082
f 2083/2083 2084/2084 2085/2085
f 2086/2086 2087/2087 2088/2088
f 2089/2089 2090/2090 2091/2091
f 2092/2092 2093/2093 2094/2094
f 2095/2095 2096/2096 2097/2097
f 2098/2098 2099/2099 2100/2100
f 2101/2101 2102/2102 2103/2103
f 2104/2104 2105/2105 2106/2106
f 2107/2107 2108/2108 2109/2109
f 2110/2110 2111/2111 2112/2112
f 2113/2113 2114/2114 2115/2115
f 2116/2116 2117/2117 2118/2118
f 2119/2119 2120/2120 2121/2121
f 2122/2122 2123/2123 2124/2124
f 2125/2125 2126/2126 2127/2127
f 2128/2128 2129/2129 2130/2130
f 2131/2131 2132/2132 2133/2133
f 2134/2134 2135/2135 2136/2136
f 2137/2137 2138/2138 2139/2139
f 2140/2140 2141/2141 2142/2142
f 2143/2143 2144/2144 2145/2145
f 2146/2146 2147/2147 2148/2148
f 2149/2149 2150/2150 2151/2151
f 2152/2152 2153/2153 2154/2154
f 2155/2155 2156/2156 2157/2157
f 2158/2158 2159/2159 2160/2160
f 2161/2161 2162/2162 2163/2163
f 2164/2164 2165/2165 2166/2166
f 2167/2167 2168/2168 2169/2169
f 2170/2170 2171/2171 2172/2172
f 2173/2173 2174/2174 2175/2175
f 2176/2176 2177/2177 2178/2178
f 2179/2179 2180/2180 2181/2181
f 2182/2182 2183/2183 2184/2184
f 2185/2185 2186/2186 2187/2187
f 2188/2188 2189/2189 2190/2190
f 2191/2191 2192/2192 2193/2193
f 2194/2194 2195/2195 2196/2196
f 2197/2197 2198/2198 2199/2199
f 2200/2200 2201/2201 2202/2202
f 2203/2203 2204/2204 2205/2205
f 2206/2206 2207/2207 2208/2208
f 2209/2209 2210/2210 2211/2211
f 2212/2212 2213/2213 2214/2214
f 2215/2215 2216/2216 2217/2217
f 2218/2218 2219/2219 2220/2220
f 2221/2221 2222/2222 2223/2223
f 2224/2224 2225/2225 2226/2226
f 2227/2227 2228/2228 2229/2229
f 2230/2230 2231/2231 2232/2232
f 2233/2233 2234/2234 2235/2235
f 2236/2236 2237/2237 2238/2238
f 2239/2239 2240/2240 2241/2241
f 2242/2242 2243/2243 2244/2244
f 2245/2245 2246/2246 2247/2247
f 2248/2248 2249/2249 2250/2250
f 2251/2251 2252/2252 2253/2253
f 2254/2254 2255/2255 2256/2256
f 2257/2257 2258/2258 2259/2259
f 2260/2260 2261/2261 2262/2262
f 2263/2263 2264/2264 2265/2265
f 2266/2266 2267/2267 2268/2268
f 2269/2269 2270/2270 2271/2271
f 2272/2272 2273/2273 2274/2274
f 2275/2275 2276/2276 2277/2277
f 2278/2278 2279/2279 2280/2280
f 2281/2281 2282/2282 2283/2283
f 2284/2284 2285/2285 2286/2286
f 2287/2287 2288/2288 2289/2289
f 2290/2290 2291/2291 2292/2292
f 2293/2293 2294/2294 2295/2295
f 2296/2296 2297/2297 2298/2298
f 2299/2299 2300/2300 2301/2301
f 2302/2302 2303/2303 2304/2304
f 2305/2305 2306/2306 2307/2307
f 2308/2308 2309/2309 2310/2310
f 2311/2311 2312/2312 2313/2313
f 2314/2314 2315/2315 2316/2316
f 2317/2317 2318/2318 2319/2319
f 2320/2320 2321/2321 2322/2322
f 2323/2323 2324/2324 2325/2325
f 2326/2326 2327/2327 2328/2328
f 2329/2329 2330/2330 2331/2331
f 2332/2332 2333/2333 2334/2334
f 2335/2335 2336/2336 2337/2337
f 2338/2338 2339/2339 2340/2340
f 2341/2341 2342/2342 2343/2343
f 2344/2344 2345/2345 2346/2346
f 2347/2347 2348/2348 2349/2349
f 2350/2350 2351/2351 2352/2352
f 2353/2353 2354/2354 2355/2355
f 2356/2356 2357/2357 2358/2358
f 2359/2359 2360/2360 2361/2361
f 2362/2362 2363/2363 2364/2364
f 2365/2365 2366/2366 2367/2367
f 2368/2368 2369/2369 2370/2370
f 2371/2371 2372/2372 2373/2373
f 2374/2374 2375/2375 2376/2376
f 2377/2377 2378/2378 2379/2379
f 2380/2380 2381/2381 2382/2382
f 2383/2383 2384/2384 2385/2385
f 2386/2386 2387/2387 2388/2388
f 2389/2389 2390/2390 2391/2391
f 2392/2392 2393/2393 2394/2394
f 2395/2395 2396/2396 2397/2397
f 2398/2398 2399/2399 2400/2400
f 2401/2401 2402/2402 2403/2403
f 2404/2404 2405/2405 2406/2406
f 2407/2407 2408/2408 2409/2409
f 2410/2410 2411/2411 2412/2412
f 2413/2413 2414/2414 2415/2415
f 2416/2416 2417/2417 2418/2418
f 2419/2419 2420/2420 2421/2421
f 2422/2422 2423/2423 2424/2424
f 2425/2425 2426/2426 2427/2427
f 2428/2428 2429/2429 2430/2430
f 2431/2431 2432/2432 2433/2433
f 2434/2434 2435/2435 2436/2436
f 2437/2437 2438/2438 2439/2439
f 2440/2440 2441/2441 2442/2442
f 2443/2443 2444/2444 2445/2445
f 2446/2446 2447/2447 2448/2448
f 2449/2449 2450/2450 2451/2451
f 2452/2452 2453/2453 2454/2454
f 2455/2455 2456/2456 2457/2457
f 2458/2458 2459/2459 2460/2460
f 2461/2461 2462/2462 2463/2463
f 2464/2464 2465/2465 2466/2466
f 2467/2467 2468/2468 2469/2469
f 2470/2470 2471/2471 2472/2472
f 2473/2473 2474/2474 2475/2475
f 2476/2476 2477/2477 2478/2478
f 2479/2479 2480/2480 2481/2481
f 2482/2482 2483/2483 2484/2484
f 2485/2485 2486/2486 2487/2487
f 2488/2488 2489/2489 2490/2490
f 2491/2491 2492/2492 2493/2493
f 2494/2494 2495/2495 2496/2496
f 2497/2497 2498/2498 2499/2499
f 2500/2500 2501/2501 2502/2502
f 2503/2503 2504/2504 2505/2505
f 2506/2506 2507/2507 2508/2508
f 2509/2509 2510/2510 2511/2511
f 2512/2512 2513/2513 2514/2514
f 2515/2515 2516/2516 2517/2517
f 2518/2518 2519/2519 2520/2520
f 2521/2521 2522/2522 2523/2523
f 2524/2524 2525/2525 2526/2526
f 2527/2527 2528/2528 2529/2529
f 2530/2530 2531/2531 2532/2532
f 2533/2533 2534/2534 2535/2535
f 2536/2536 2537/2537 2538/2538
f 2539/2539 2540/2540 2541/2541
f 2542/2542 2543/2543 2544/2544
f 2545/2545 2546/2546 2547/2547
f 2548/2548 2549/2549 2550/2550
f 2551/2551 2552/2552 2553/2553
f 2554/2554 2555/2555 2556/2556
f 2557/2557 2558/2558 2559/2559
f 2560/2560 2561/2561 2562/2562
f 2563/2563 2564/2564 2565/2565
f 2566/2566 2567/2567 2568/2568
f 2569/2569 2570/2570 2571/2571
f 2572/2572 2573/2573 2574/2574
f 2575/2575 2576/2576 2577/2577
f 2578/2578 2579/2579 2580/2580
f 2581/2581 2582/2582 2583/2583
f 2584/2584 2585/2585 2586/2586
f 2587/2587 2588/2588 2589/2589
f 2590/2590 2591/2591 2592/2592
f 2593/2593 2594/2594 2595/2595
f 2596/2596 2597/2597 2598/2598
f 2599/2599 2600/2600 2601/2601
f 2602/2602 2603/2603 2604/2604
f 2605/2605 2606/2606 2607/2607
f 2608/2608 2609/2609 2610/2610
f 2611/2611 2612/2612 2613/2613
f 2614/2614 2615/2615 2616/2616
f 2617/2617 2618/2618 2619/2619
f 2620/2620 2621/2621 2622/2622
f 2623/2623 2624/2624 2625/2625
f 2626/2626 2627/2627 2628/2628
f 2629/2629 2630/2630 2631/2631
f 2632/2632 2633/2633 2634/2634
f 2635/2635 2636/2636 2637/2637
f 2638/2638 2639/2639 2640/2640
f 2641/2641 2642/2642 2643/2643
f 2644/2644 2645/2645 2646/2646
f 2647/2647 2648/2648 2649/2649
f 2650/2650 2651/2651 2652/2652
f 2653/2653 2654/2654 2655/2655
f 2656/2656 2657/2657 2658/2658
f 2659/2659 2660/2660 2661/2661
f 2662/2662 2663/2663 2664/2664
f 2665/2665 2666/2666 2667/2667
f 2668/2668 2669/2669 2670/2670
f 2671/2671 2672/2672 2673/2673
f 2674/2674 2675/2675 2676/2676
f 2677/2677 2678/2678 2679/2679
f 2680/2680 2681/2681 2682/2682
f 2683/2683 2684/2684 2685/2685
f 2686/2686 2687/2687 2688/2688
f 2689/2689 2690/2690 2691/2691
f 2692/2692 2693/2693 2694/2694
f 2695/2695 2696/2696 2697/2697
f 2698/2698 2699/2699 2700/2700
f 2701/2701 2702/2702 2703/2703
f 2704/2704 2705/2705 2706/2706
f 2707/2707 2708/2708 2709/2709
f 2710/2710 2711/2711 2712/2712
f 2713/2713 2714/2714 2715/2715
f 2716/2716 2717/2717 2718/2718
f 2719/2719 2720/2720 2721/2721
f 2722/2722 2723/2723 2724/2724
f 2725/2725 2726/2726 2727/2727
f 2728/2728 2729/2729 2730/2730
f 2731/2731 2732/2732 2733/2733
f 2734/2734 2735/2735 2736/2736
f 2737/2737 2738/2738 2739/2739
f 2740/2740 2741/2741 2742/2742
f 2743/2743 2744/2744 2745/2745
f 2746/2746 2747/2747 2748/2748
f 2749/2749 2750/2750 2751/2751
f 2752/2752 2753/2753 2754/2754
f 2755/2755 2756/2756 2757/2757
f 2758/2758 2759/2759 2760/2760
f 2761/2761 2762/2762 2763/2763
f 2764/2764 2765/2765 2766/2766
f 2767/2767 2768/2768 2769/2769
f 2770/2770 2771/2771 2772/2772
f 2773/2773 2774/2774 2775/2775
f 2776/2776 2777/2777 2778/2778
f 2779/2779 2780/2780 2781/2781
f 2782/2782 2783/2783 2784/2784
f 2785/2785 2786/2786 2787/2787
f 2788/2788 2789/2789 2790/2790
f 2791/2791 2792/2792 2793/2793
f 2794/2794 2795/2795 2796/2796
f 2797/2797 2798/2798 2799/2799
f 2800/2800 2801/2801 2802/2802
f 2803/2803 2804/2804 2805/2805
f 2806/2806 2807/2807 2808/2808
f 2809/2809 2810/2810 2811/2811
f 2812/2812 2813/2813 2814/2814
f 2815/2815 2816/2816 2817/2817
f 2818/2818 2819/2819 2820/2820
f 2821/2821 2822/2822 2823/2823
f 2824/2824 2825/2825 2826/2826
f 2827/2827 2828/2828 2829/2829
f 2830/2830 2831/2831 2832/2832
f 2833/2833 2834/2834 2835/2835
f 2836/2836 2837/2837 2838/2838
