# Generated by TyraX. Do not edit - rebaked from the procedural graph of 'pines'.
# 29 instances of res/models/pine.obj
mtllib props.mtl
v -34.2915 28.5469 -59.4156
v -34.0728 30.8541 -59.3627
v -33.9492 30.8541 -59.8734
v -34.2915 28.5469 -59.4156
v -34.4575 30.9051 -59.9965
v -34.0728 30.8541 -59.3627
v -34.4575 30.9051 -59.9965
v -34.2915 28.5469 -59.4156
v -33.9492 30.8541 -59.8734
v -34.0728 30.8541 -59.3627
v -34.4575 30.9051 -59.9965
v -33.9492 30.8541 -59.8734
v -38.6903 28.5990 -19.9006
v -38.9031 30.4051 -19.8198
v -38.6213 30.4249 -19.5190
v -38.6903 28.5990 -19.9006
v -38.3237 30.4725 -19.8008
v -38.9031 30.4051 -19.8198
v -38.3237 30.4725 -19.8008
v -38.6903 28.5990 -19.9006
v -38.6213 30.4249 -19.5190
v -38.9031 30.4051 -19.8198
v -38.3237 30.4725 -19.8008
v -38.6213 30.4249 -19.5190
v -20.5253 29.2166 -13.6779
v -20.4250 30.6732 -13.6061
v -20.6522 30.6770 -13.3650
v -20.5253 29.2166 -13.6779
v -20.4121 30.6493 -13.1383
v -20.4250 30.6732 -13.6061
v -20.4121 30.6493 -13.1383
v -20.5253 29.2166 -13.6779
v -20.6522 30.6770 -13.3650
v -20.4250 30.6732 -13.6061
v -20.4121 30.6493 -13.1383
v -20.6522 30.6770 -13.3650
v 47.8694 25.7594 -73.6931
v 48.0097 28.1649 -73.7334
v 48.3531 28.1519 -73.3088
v 47.8694 25.7594 -73.6931
v 48.7767 28.1215 -73.6523
v 48.0097 28.1649 -73.7334
v 48.7767 28.1215 -73.6523
v 47.8694 25.7594 -73.6931
v 48.3531 28.1519 -73.3088
v 48.0097 28.1649 -73.7334
v 48.7767 28.1215 -73.6523
v 48.3531 28.1519 -73.3088
v -54.1333 27.9726 -37.8434
v -53.9940 30.0597 -37.8143
v -54.4575 30.0920 -37.9094
v -54.1333 27.9726 -37.8434
v -54.5529 30.0918 -37.4449
v -53.9940 30.0597 -37.8143
v -54.5529 30.0918 -37.4449
v -54.1333 27.9726 -37.8434
v -54.4575 30.0920 -37.9094
v -53.9940 30.0597 -37.8143
v -54.5529 30.0918 -37.4449
v -54.4575 30.0920 -37.9094
v -23.3550 29.9296 22.1978
v -23.3503 31.3937 22.1586
v -23.6759 31.3964 22.2236
v -23.3550 29.9296 22.1978
v -23.6108 31.4049 22.5490
v -23.3503 31.3937 22.1586
v -23.6108 31.4049 22.5490
v -23.3550 29.9296 22.1978
v -23.6759 31.3964 22.2236
v -23.3503 31.3937 22.1586
v -23.6108 31.4049 22.5490
v -23.6759 31.3964 22.2236
v -59.9233 29.8873 12.1741
v -59.6024 32.8411 12.1293
v -59.8163 32.8546 11.4908
v -59.9233 29.8873 12.1741
v -60.4508 32.9268 11.7049
v -59.6024 32.8411 12.1293
v -60.4508 32.9268 11.7049
v -59.9233 29.8873 12.1741
v -59.8163 32.8546 11.4908
v -59.6024 32.8411 12.1293
v -60.4508 32.9268 11.7049
v -59.8163 32.8546 11.4908
v 31.0417 26.2874 -48.3244
v 30.9920 28.3216 -48.3179
v 30.8822 28.3204 -48.7659
v 31.0417 26.2874 -48.3244
v 30.4343 28.3091 -48.6561
v 30.9920 28.3216 -48.3179
v 30.4343 28.3091 -48.6561
v 31.0417 26.2874 -48.3244
v 30.8822 28.3204 -48.7659
v 30.9920 28.3216 -48.3179
v 30.4343 28.3091 -48.6561
v 30.8822 28.3204 -48.7659
v 60.6620 26.4138 59.9140
v 60.5423 28.4954 60.0195
v 60.9999 28.5157 60.1383
v 60.6620 26.4138 59.9140
v 61.1172 28.5457 59.6808
v 60.5423 28.4954 60.0195
v 61.1172 28.5457 59.6808
v 60.6620 26.4138 59.9140
v 60.9999 28.5157 60.1383
v 60.5423 28.4954 60.0195
v 61.1172 28.5457 59.6808
v 60.9999 28.5157 60.1383
v 71.2651 24.7093 -23.0296
v 71.3204 26.5435 -22.9702
v 71.7077 26.5368 -23.1223
v 71.2651 24.7093 -23.0296
v 71.5560 26.5539 -23.5094
v 71.3204 26.5435 -22.9702
v 71.5560 26.5539 -23.5094
v 71.2651 24.7093 -23.0296
v 71.7077 26.5368 -23.1223
v 71.3204 26.5435 -22.9702
v 71.5560 26.5539 -23.5094
v 71.7077 26.5368 -23.1223
v 49.3660 25.1718 -61.8755
v 49.1793 27.5891 -61.9675
v 48.8292 27.5782 -61.5435
v 49.3660 25.1718 -61.8755
v 49.2512 27.6241 -61.1939
v 49.1793 27.5891 -61.9675
v 49.2512 27.6241 -61.1939
v 49.3660 25.1718 -61.8755
v 48.8292 27.5782 -61.5435
v 49.1793 27.5891 -61.9675
v 49.2512 27.6241 -61.1939
v 48.8292 27.5782 -61.5435
v -66.2226 32.2537 63.2635
v -66.1476 33.8384 63.2157
v -66.5049 33.8541 63.1757
v -66.2226 32.2537 63.2635
v -66.5443 33.8668 63.5331
v -66.1476 33.8384 63.2157
v -66.5443 33.8668 63.5331
v -66.2226 32.2537 63.2635
v -66.5049 33.8541 63.1757
v -66.1476 33.8384 63.2157
v -66.5443 33.8668 63.5331
v -66.5049 33.8541 63.1757
v -29.8082 28.4345 -64.5972
v -29.6650 30.6108 -64.5948
v -29.5422 30.6022 -64.1160
v -29.8082 28.4345 -64.5972
v -29.0644 30.5709 -64.2391
v -29.6650 30.6108 -64.5948
v -29.0644 30.5709 -64.2391
v -29.8082 28.4345 -64.5972
v -29.5422 30.6022 -64.1160
v -29.6650 30.6108 -64.5948
v -29.0644 30.5709 -64.2391
v -29.5422 30.6022 -64.1160
v 46.0366 24.6290 -26.1292
v 46.2195 27.4152 -26.2737
v 46.6622 27.4096 -25.8203
v 46.0366 24.6290 -26.1292
v 47.1138 27.3571 -26.2618
v 46.2195 27.4152 -26.2737
v 47.1138 27.3571 -26.2618
v 46.0366 24.6290 -26.1292
v 46.6622 27.4096 -25.8203
v 46.2195 27.4152 -26.2737
v 47.1138 27.3571 -26.2618
v 46.6622 27.4096 -25.8203
v -73.7991 28.9224 -28.5423
v -74.1249 31.2809 -28.6483
v -74.4893 31.2484 -28.2509
v -73.7991 28.9224 -28.5423
v -74.0975 31.3190 -27.8857
v -74.1249 31.2809 -28.6483
v -74.0975 31.3190 -27.8857
v -73.7991 28.9224 -28.5423
v -74.4893 31.2484 -28.2509
v -74.1249 31.2809 -28.6483
v -74.0975 31.3190 -27.8857
v -74.4893 31.2484 -28.2509
v 42.5174 25.6345 -64.9195
v 42.8141 28.6679 -64.7863
v 43.1772 28.6582 -65.3748
v 42.5174 25.6345 -64.9195
v 42.5925 28.7313 -65.7367
v 42.8141 28.6679 -64.7863
v 42.5925 28.7313 -65.7367
v 42.5174 25.6345 -64.9195
v 43.1772 28.6582 -65.3748
v 42.8141 28.6679 -64.7863
v 42.5925 28.7313 -65.7367
v 43.1772 28.6582 -65.3748
v 16.6104 28.6642 58.8677
v 16.8859 31.7088 59.0771
v 17.4173 31.6914 58.6302
v 16.6104 28.6642 58.8677
v 16.9745 31.7679 58.1006
v 16.8859 31.7088 59.0771
v 16.9745 31.7679 58.1006
v 16.6104 28.6642 58.8677
v 17.4173 31.6914 58.6302
v 16.8859 31.7088 59.0771
v 16.9745 31.7679 58.1006
v 17.4173 31.6914 58.6302
v -69.2745 30.6803 36.8237
v -69.2210 33.1270 36.9550
v -68.7032 33.1264 36.7539
v -69.2745 30.6803 36.8237
v -68.9040 33.1586 36.2369
v -69.2210 33.1270 36.9550
v -68.9040 33.1586 36.2369
v -69.2745 30.6803 36.8237
v -68.7032 33.1264 36.7539
v -69.2210 33.1270 36.9550
v -68.9040 33.1586 36.2369
v -68.7032 33.1264 36.7539
v -15.5348 28.6062 -22.9986
v -15.5835 30.7255 -22.9617
v -15.8725 30.7122 -22.5779
v -15.5348 28.6062 -22.9986
v -15.4886 30.7160 -22.2888
v -15.5835 30.7255 -22.9617
v -15.4886 30.7160 -22.2888
v -15.5348 28.6062 -22.9986
v -15.8725 30.7122 -22.5779
v -15.5835 30.7255 -22.9617
v -15.4886 30.7160 -22.2888
v -15.8725 30.7122 -22.5779
v -34.4121 29.7003 -2.9737
v -34.4167 31.7287 -2.9937
v -34.6375 31.7322 -2.5904
v -34.4121 29.7003 -2.9737
v -34.2342 31.7353 -2.3696
v -34.4167 31.7287 -2.9937
v -34.2342 31.7353 -2.3696
v -34.4121 29.7003 -2.9737
v -34.6375 31.7322 -2.5904
v -34.4167 31.7287 -2.9937
v -34.2342 31.7353 -2.3696
v -34.6375 31.7322 -2.5904
v -2.3134 28.0648 -72.0417
v -2.5793 30.8706 -72.1033
v -3.1207 30.8267 -71.7666
v -2.3134 28.0648 -72.0417
v -2.7866 30.8703 -71.2237
v -2.5793 30.8706 -72.1033
v -2.7866 30.8703 -71.2237
v -2.3134 28.0648 -72.0417
v -3.1207 30.8267 -71.7666
v -2.5793 30.8706 -72.1033
v -2.7866 30.8703 -71.2237
v -3.1207 30.8267 -71.7666
v -50.8108 29.1965 -13.8714
v -50.7907 31.8761 -13.8591
v -50.6940 31.8726 -13.2595
v -50.8108 29.1965 -13.8714
v -50.0944 31.8686 -13.3562
v -50.7907 31.8761 -13.8591
v -50.0944 31.8686 -13.3562
v -50.8108 29.1965 -13.8714
v -50.6940 31.8726 -13.2595
v -50.7907 31.8761 -13.8591
v -50.0944 31.8686 -13.3562
v -50.6940 31.8726 -13.2595
v -27.4558 29.7164 3.0665
v -27.2968 31.4591 3.0893
v -27.3721 31.4608 3.4788
v -27.4558 29.7164 3.0665
v -26.9843 31.4245 3.5539
v -27.2968 31.4591 3.0893
v -26.9843 31.4245 3.5539
v -27.4558 29.7164 3.0665
v -27.3721 31.4608 3.4788
v -27.2968 31.4591 3.0893
v -26.9843 31.4245 3.5539
v -27.3721 31.4608 3.4788
v -60.1682 29.5815 -6.6276
v -60.2125 31.9170 -6.6270
v -60.2074 31.9170 -6.0975
v -60.1682 29.5815 -6.6276
v -59.6780 31.9270 -6.1026
v -60.2125 31.9170 -6.6270
v -59.6780 31.9270 -6.1026
v -60.1682 29.5815 -6.6276
v -60.2074 31.9170 -6.0975
v -60.2125 31.9170 -6.6270
v -59.6780 31.9270 -6.1026
v -60.2074 31.9170 -6.0975
v 72.7336 24.2949 15.0085
v 72.5258 26.6207 15.0120
v 72.0527 26.5788 14.7784
v 72.7336 24.2949 15.0085
v 71.8201 26.5573 15.2534
v 72.5258 26.6207 15.0120
v 71.8201 26.5573 15.2534
v 72.7336 24.2949 15.0085
v 72.0527 26.5788 14.7784
v 72.5258 26.6207 15.0120
v 71.8201 26.5573 15.2534
v 72.0527 26.5788 14.7784
v -32.6891 31.1293 51.8376
v -32.5092 33.1964 52.0006
v -32.9688 33.2284 52.1023
v -32.6891 31.1293 51.8376
v -32.8703 33.1836 52.5615
v -32.5092 33.1964 52.0006
v -32.8703 33.1836 52.5615
v -32.6891 31.1293 51.8376
v -32.9688 33.2284 52.1023
v -32.5092 33.1964 52.0006
v -32.8703 33.1836 52.5615
v -32.9688 33.2284 52.1023
v 33.0262 26.1269 -53.7292
v 32.8703 28.0899 -53.5760
v 33.2869 28.1103 -53.4133
v 33.0262 26.1269 -53.7292
v 33.4469 28.1555 -53.8290
v 32.8703 28.0899 -53.5760
v 33.4469 28.1555 -53.8290
v 33.0262 26.1269 -53.7292
v 33.2869 28.1103 -53.4133
v 32.8703 28.0899 -53.5760
v 33.4469 28.1555 -53.8290
v 33.2869 28.1103 -53.4133
v -30.9258 28.2466 -28.2912
v -31.0521 31.2609 -28.3661
v -30.6017 31.2670 -28.8809
v -30.9258 28.2466 -28.2912
v -31.1157 31.2343 -29.3311
v -31.0521 31.2609 -28.3661
v -31.1157 31.2343 -29.3311
v -30.9258 28.2466 -28.2912
v -30.6017 31.2670 -28.8809
v -31.0521 31.2609 -28.3661
v -31.1157 31.2343 -29.3311
v -30.6017 31.2670 -28.8809
v 18.0637 26.9358 -36.4190
v 18.3917 28.9211 -36.3159
v 18.6739 28.8931 -36.6739
v 18.0637 26.9358 -36.4190
v 18.3225 28.9658 -36.9564
v 18.3917 28.9211 -36.3159
v 18.3225 28.9658 -36.9564
v 18.0637 26.9358 -36.4190
v 18.6739 28.8931 -36.6739
v 18.3917 28.9211 -36.3159
v 18.3225 28.9658 -36.9564
v 18.6739 28.8931 -36.6739
vt 0.00000 1.00000
vt 0.00000 1.00000
vt 0.00000 1.00000
vt 0.00000 1.00000
vt 0.00000 1.00000
vt 0.00000 1.00000
vt 0.00000 1.00000
vt 0.00000 1.00000
vt 0.00000 1.00000
vt 0.00000 1.00000
vt 0.00000 1.00000
vt 0.00000 1.00000
vt 0.00000 1.00000
vt 0.00000 1.00000
vt 0.00000 1.00000
vt 0.00000 1.00000
vt 0.00000 1.00000
vt 0.00000 1.00000
vt 0.00000 1.00000
vt 0.00000 1.00000
vt 0.00000 1.00000
vt 0.00000 1.00000
vt 0.00000 1.00000
vt 0.00000 1.00000
vt 0.00000 1.00000
vt 0.00000 1.00000
vt 0.00000 1.00000
vt 0.00000 1.00000
vt 0.00000 1.00000
vt 0.00000 1.00000
vt 0.00000 1.00000
vt 0.00000 1.00000
vt 0.00000 1.00000
vt 0.00000 1.00000
vt 0.00000 1.00000
vt 0.00000 1.00000
vt 0.00000 1.00000
vt 0.00000 1.00000
vt 0.00000 1.00000
vt 0.00000 1.00000
vt 0.00000 1.00000
vt 0.00000 1.00000
vt 0.00000 1.00000
vt 0.00000 1.00000
vt 0.00000 1.00000
vt 0.00000 1.00000
vt 0.00000 1.00000
vt 0.00000 1.00000
vt 0.00000 1.00000
vt 0.00000 1.00000
vt 0.00000 1.00000
vt 0.00000 1.00000
vt 0.00000 1.00000
vt 0.00000 1.00000
vt 0.00000 1.00000
vt 0.00000 1.00000
vt 0.00000 1.00000
vt 0.00000 1.00000
vt 0.00000 1.00000
vt 0.00000 1.00000
vt 0.00000 1.00000
vt 0.00000 1.00000
vt 0.00000 1.00000
vt 0.00000 1.00000
vt 0.00000 1.00000
vt 0.00000 1.00000
vt 0.00000 1.00000
vt 0.00000 1.00000
vt 0.00000 1.00000
vt 0.00000 1.00000
vt 0.00000 1.00000
vt 0.00000 1.00000
vt 0.00000 1.00000
vt 0.00000 1.00000
vt 0.00000 1.00000
vt 0.00000 1.00000
vt 0.00000 1.00000
vt 0.00000 1.00000
vt 0.00000 1.00000
vt 0.00000 1.00000
vt 0.00000 1.00000
vt 0.00000 1.00000
vt 0.00000 1.00000
vt 0.00000 1.00000
vt 0.00000 1.00000
vt 0.00000 1.00000
vt 0.00000 1.00000
vt 0.00000 1.00000
vt 0.00000 1.00000
vt 0.00000 1.00000
vt 0.00000 1.00000
vt 0.00000 1.00000
vt 0.00000 1.00000
vt 0.00000 1.00000
vt 0.00000 1.00000
vt 0.00000 1.00000
vt 0.00000 1.00000
vt 0.00000 1.00000
vt 0.00000 1.00000
vt 0.00000 1.00000
vt 0.00000 1.00000
vt 0.00000 1.00000
vt 0.00000 1.00000
vt 0.00000 1.00000
vt 0.00000 1.00000
vt 0.00000 1.00000
vt 0.00000 1.00000
vt 0.00000 1.00000
vt 0.00000 1.00000
vt 0.00000 1.00000
vt 0.00000 1.00000
vt 0.00000 1.00000
vt 0.00000 1.00000
vt 0.00000 1.00000
vt 0.00000 1.00000
vt 0.00000 1.00000
vt 0.00000 1.00000
vt 0.00000 1.00000
vt 0.00000 1.00000
vt 0.00000 1.00000
vt 0.00000 1.00000
vt 0.00000 1.00000
vt 0.00000 1.00000
vt 0.00000 1.00000
vt 0.00000 1.00000
vt 0.00000 1.00000
vt 0.00000 1.00000
vt 0.00000 1.00000
vt 0.00000 1.00000
vt 0.00000 1.00000
vt 0.00000 1.00000
vt 0.00000 1.00000
vt 0.00000 1.00000
vt 0.00000 1.00000
vt 0.00000 1.00000
vt 0.00000 1.00000
vt 0.00000 1.00000
vt 0.00000 1.00000
vt 0.00000 1.00000
vt 0.00000 1.00000
vt 0.00000 1.00000
vt 0.00000 1.00000
vt 0.00000 1.00000
vt 0.00000 1.00000
vt 0.00000 1.00000
vt 0.00000 1.00000
vt 0.00000 1.00000
vt 0.00000 1.00000
vt 0.00000 1.00000
vt 0.00000 1.00000
vt 0.00000 1.00000
vt 0.00000 1.00000
vt 0.00000 1.00000
vt 0.00000 1.00000
vt 0.00000 1.00000
vt 0.00000 1.00000
vt 0.00000 1.00000
vt 0.00000 1.00000
vt 0.00000 1.00000
vt 0.00000 1.00000
vt 0.00000 1.00000
vt 0.00000 1.00000
vt 0.00000 1.00000
vt 0.00000 1.00000
vt 0.00000 1.00000
vt 0.00000 1.00000
vt 0.00000 1.00000
vt 0.00000 1.00000
vt 0.00000 1.00000
vt 0.00000 1.00000
vt 0.00000 1.00000
vt 0.00000 1.00000
vt 0.00000 1.00000
vt 0.00000 1.00000
vt 0.00000 1.00000
vt 0.00000 1.00000
vt 0.00000 1.00000
vt 0.00000 1.00000
vt 0.00000 1.00000
vt 0.00000 1.00000
vt 0.00000 1.00000
vt 0.00000 1.00000
vt 0.00000 1.00000
vt 0.00000 1.00000
vt 0.00000 1.00000
vt 0.00000 1.00000
vt 0.00000 1.00000
vt 0.00000 1.00000
vt 0.00000 1.00000
vt 0.00000 1.00000
vt 0.00000 1.00000
vt 0.00000 1.00000
vt 0.00000 1.00000
vt 0.00000 1.00000
vt 0.00000 1.00000
vt 0.00000 1.00000
vt 0.00000 1.00000
vt 0.00000 1.00000
vt 0.00000 1.00000
vt 0.00000 1.00000
vt 0.00000 1.00000
vt 0.00000 1.00000
vt 0.00000 1.00000
vt 0.00000 1.00000
vt 0.00000 1.00000
vt 0.00000 1.00000
vt 0.00000 1.00000
vt 0.00000 1.00000
vt 0.00000 1.00000
vt 0.00000 1.00000
vt 0.00000 1.00000
vt 0.00000 1.00000
vt 0.00000 1.00000
vt 0.00000 1.00000
vt 0.00000 1.00000
vt 0.00000 1.00000
vt 0.00000 1.00000
vt 0.00000 1.00000
vt 0.00000 1.00000
vt 0.00000 1.00000
vt 0.00000 1.00000
vt 0.00000 1.00000
vt 0.00000 1.00000
vt 0.00000 1.00000
vt 0.00000 1.00000
vt 0.00000 1.00000
vt 0.00000 1.00000
vt 0.00000 1.00000
vt 0.00000 1.00000
vt 0.00000 1.00000
vt 0.00000 1.00000
vt 0.00000 1.00000
vt 0.00000 1.00000
vt 0.00000 1.00000
vt 0.00000 1.00000
vt 0.00000 1.00000
vt 0.00000 1.00000
vt 0.00000 1.00000
vt 0.00000 1.00000
vt 0.00000 1.00000
vt 0.00000 1.00000
vt 0.00000 1.00000
vt 0.00000 1.00000
vt 0.00000 1.00000
vt 0.00000 1.00000
vt 0.00000 1.00000
vt 0.00000 1.00000
vt 0.00000 1.00000
vt 0.00000 1.00000
vt 0.00000 1.00000
vt 0.00000 1.00000
vt 0.00000 1.00000
vt 0.00000 1.00000
vt 0.00000 1.00000
vt 0.00000 1.00000
vt 0.00000 1.00000
vt 0.00000 1.00000
vt 0.00000 1.00000
vt 0.00000 1.00000
vt 0.00000 1.00000
vt 0.00000 1.00000
vt 0.00000 1.00000
vt 0.00000 1.00000
vt 0.00000 1.00000
vt 0.00000 1.00000
vt 0.00000 1.00000
vt 0.00000 1.00000
vt 0.00000 1.00000
vt 0.00000 1.00000
vt 0.00000 1.00000
vt 0.00000 1.00000
vt 0.00000 1.00000
vt 0.00000 1.00000
vt 0.00000 1.00000
vt 0.00000 1.00000
vt 0.00000 1.00000
vt 0.00000 1.00000
vt 0.00000 1.00000
vt 0.00000 1.00000
vt 0.00000 1.00000
vt 0.00000 1.00000
vt 0.00000 1.00000
vt 0.00000 1.00000
vt 0.00000 1.00000
vt 0.00000 1.00000
vt 0.00000 1.00000
vt 0.00000 1.00000
vt 0.00000 1.00000
vt 0.00000 1.00000
vt 0.00000 1.00000
vt 0.00000 1.00000
vt 0.00000 1.00000
vt 0.00000 1.00000
vt 0.00000 1.00000
vt 0.00000 1.00000
vt 0.00000 1.00000
vt 0.00000 1.00000
vt 0.00000 1.00000
vt 0.00000 1.00000
vt 0.00000 1.00000
vt 0.00000 1.00000
vt 0.00000 1.00000
vt 0.00000 1.00000
vt 0.00000 1.00000
vt 0.00000 1.00000
vt 0.00000 1.00000
vt 0.00000 1.00000
vt 0.00000 1.00000
vt 0.00000 1.00000
vt 0.00000 1.00000
vt 0.00000 1.00000
vt 0.00000 1.00000
vt 0.00000 1.00000
vt 0.00000 1.00000
vt 0.00000 1.00000
vt 0.00000 1.00000
vt 0.00000 1.00000
vt 0.00000 1.00000
vt 0.00000 1.00000
vt 0.00000 1.00000
vt 0.00000 1.00000
vt 0.00000 1.00000
vt 0.00000 1.00000
vt 0.00000 1.00000
vt 0.00000 1.00000
vt 0.00000 1.00000
vt 0.00000 1.00000
vt 0.00000 1.00000
vt 0.00000 1.00000
vt 0.00000 1.00000
vt 0.00000 1.00000
vt 0.00000 1.00000
vt 0.00000 1.00000
vt 0.00000 1.00000
vt 0.00000 1.00000
vt 0.00000 1.00000
vt 0.00000 1.00000
vt 0.00000 1.00000
vt 0.00000 1.00000
vt 0.00000 1.00000
vt 0.00000 1.00000
vt 0.00000 1.00000
vt 0.00000 1.00000
vt 0.00000 1.00000
vt 0.00000 1.00000
vt 0.00000 1.00000
vt 0.00000 1.00000
vt 0.00000 1.00000
usemtl bark
f 1/1 2/2 3/3
f 4/4 5/5 6/6
f 7/7 8/8 9/9
f 10/10 11/11 12/12
f 13/13 14/14 15/15
f 16/16 17/17 18/18
f 19/19 20/20 21/21
f 22/22 23/23 24/24
f 25/25 26/26 27/27
f 28/28 29/29 30/30
f 31/31 32/32 33/33
f 34/34 35/35 36/36
f 37/37 38/38 39/39
f 40/40 41/41 42/42
f 43/43 44/44 45/45
f 46/46 47/47 48/48
f 49/49 50/50 51/51
f 52/52 53/53 54/54
f 55/55 56/56 57/57
f 58/58 59/59 60/60
f 61/61 62/62 63/63
f 64/64 65/65 66/66
f 67/67 68/68 69/69
f 70/70 71/71 72/72
f 73/73 74/74 75/75
f 76/76 77/77 78/78
f 79/79 80/80 81/81
f 82/82 83/83 84/84
f 85/85 86/86 87/87
f 88/88 89/89 90/90
f 91/91 92/92 93/93
f 94/94 95/95 96/96
f 97/97 98/98 99/99
f 100/100 101/101 102/102
f 103/103 104/104 105/105
f 106/106 107/107 108/108
f 109/109 110/110 111/111
f 112/112 113/113 114/114
f 115/115 116/116 117/117
f 118/118 119/119 120/120
f 121/121 122/122 123/123
f 124/124 125/125 126/126
f 127/127 128/128 129/129
f 130/130 131/131 132/132
f 133/133 134/134 135/135
f 136/136 137/137 138/138
f 139/139 140/140 141/141
f 142/142 143/143 144/144
f 145/145 146/146 147/147
f 148/148 149/149 150/150
f 151/151 152/152 153/153
f 154/154 155/155 156/156
f 157/157 158/158 159/159
f 160/160 161/161 162/162
f 163/163 164/164 165/165
f 166/166 167/167 168/168
f 169/169 170/170 171/171
f 172/172 173/173 174/174
f 175/175 176/176 177/177
f 178/178 179/179 180/180
f 181/181 182/182 183/183
f 184/184 185/185 186/186
f 187/187 188/188 189/189
f 190/190 191/191 192/192
f 193/193 194/194 195/195
f 196/196 197/197 198/198
f 199/199 200/200 201/201
f 202/202 203/203 204/204
f 205/205 206/206 207/207
f 208/208 209/209 210/210
f 211/211 212/212 213/213
f 214/214 215/215 216/216
f 217/217 218/218 219/219
f 220/220 221/221 222/222
f 223/223 224/224 225/225
f 226/226 227/227 228/228
f 229/229 230/230 231/231
f 232/232 233/233 234/234
f 235/235 236/236 237/237
f 238/238 239/239 240/240
f 241/241 242/242 243/243
f 244/244 245/245 246/246
f 247/247 248/248 249/249
f 250/250 251/251 252/252
f 253/253 254/254 255/255
f 256/256 257/257 258/258
f 259/259 260/260 261/261
f 262/262 263/263 264/264
f 265/265 266/266 267/267
f 268/268 269/269 270/270
f 271/271 272/272 273/273
f 274/274 275/275 276/276
f 277/277 278/278 279/279
f 280/280 281/281 282/282
f 283/283 284/284 285/285
f 286/286 287/287 288/288
f 289/289 290/290 291/291
f 292/292 293/293 294/294
f 295/295 296/296 297/297
f 298/298 299/299 300/300
f 301/301 302/302 303/303
f 304/304 305/305 306/306
f 307/307 308/308 309/309
f 310/310 311/311 312/312
f 313/313 314/314 315/315
f 316/316 317/317 318/318
f 319/319 320/320 321/321
f 322/322 323/323 324/324
f 325/325 326/326 327/327
f 328/328 329/329 330/330
f 331/331 332/332 333/333
f 334/334 335/335 336/336
f 337/337 338/338 339/339
f 340/340 341/341 342/342
f 343/343 344/344 345/345
f 346/346 347/347 348/348
v -34.0756 32.8793 -59.6338
v -32.5493 30.1211 -60.7822
v -33.2434 30.1212 -57.9144
v -35.4036 30.4075 -61.4731
v -33.2434 30.1212 -57.9144
v -32.5493 30.1211 -60.7822
v -34.0756 32.8793 -59.6338
v -33.2434 30.1212 -57.9144
v -36.0977 30.4076 -58.6052
v -35.4036 30.4075 -61.4731
v -36.0977 30.4076 -58.6052
v -33.2434 30.1212 -57.9144
v -34.0756 32.8793 -59.6338
v -36.0977 30.4076 -58.6052
v -35.4036 30.4075 -61.4731
v -34.0756 32.8793 -59.6338
v -35.4036 30.4075 -61.4731
v -32.5493 30.1211 -60.7822
v -33.9444 34.2636 -59.6021
v -33.7995 31.9563 -61.1570
v -32.6681 31.8063 -59.2931
v -33.9444 34.2636 -59.6021
v -32.6681 31.8063 -59.2931
v -34.5267 31.9564 -58.1528
v -33.9444 34.2636 -59.6021
v -34.5267 31.9564 -58.1528
v -35.6581 32.1063 -60.0168
v -32.6681 31.8063 -59.2931
v -35.6581 32.1063 -60.0168
v -34.5267 31.9564 -58.1528
v -33.9444 34.2636 -59.6021
v -35.6581 32.1063 -60.0168
v -33.7995 31.9563 -61.1570
v -32.6681 31.8063 -59.2931
v -33.7995 31.9563 -61.1570
v -35.6581 32.1063 -60.0168
v -33.8278 35.4942 -59.5739
v -33.7919 33.4945 -60.5510
v -33.0904 33.4015 -59.3954
v -33.8278 35.4942 -59.5739
v -33.0904 33.4015 -59.3954
v -34.2427 33.4946 -58.6884
v -33.8278 35.4942 -59.5739
v -34.2427 33.4946 -58.6884
v -34.9442 33.5875 -59.8441
v -33.0904 33.4015 -59.3954
v -34.9442 33.5875 -59.8441
v -34.2427 33.4946 -58.6884
v -33.8278 35.4942 -59.5739
v -34.9442 33.5875 -59.8441
v -33.7919 33.4945 -60.5510
v -33.0904 33.4015 -59.3954
v -33.7919 33.4945 -60.5510
v -34.9442 33.5875 -59.8441
v -38.7978 32.0042 -19.7402
v -38.6011 29.8787 -18.1959
v -40.1832 29.7680 -19.8851
v -36.9301 30.1464 -19.7786
v -40.1832 29.7680 -19.8851
v -38.6011 29.8787 -18.1959
v -38.7978 32.0042 -19.7402
v -40.1832 29.7680 -19.8851
v -38.5122 30.0356 -21.4677
v -36.9301 30.1464 -19.7786
v -38.5122 30.0356 -21.4677
v -40.1832 29.7680 -19.8851
v -38.7978 32.0042 -19.7402
v -38.5122 30.0356 -21.4677
v -36.9301 30.1464 -19.7786
v -38.7978 32.0042 -19.7402
v -36.9301 30.1464 -19.7786
v -38.6011 29.8787 -18.1959
v -38.9254 33.0878 -19.6917
v -37.8840 31.3397 -18.8878
v -39.5879 31.1415 -18.9436
v -38.9254 33.0878 -19.6917
v -39.5879 31.1415 -18.9436
v -39.5414 31.2237 -20.6573
v -38.9254 33.0878 -19.6917
v -39.5414 31.2237 -20.6573
v -37.8374 31.4219 -20.6015
v -39.5879 31.1415 -18.9436
v -37.8374 31.4219 -20.6015
v -39.5414 31.2237 -20.6573
v -38.9254 33.0878 -19.6917
v -37.8374 31.4219 -20.6015
v -37.8840 31.3397 -18.8878
v -39.5879 31.1415 -18.9436
v -37.8840 31.3397 -18.8878
v -37.8374 31.4219 -20.6015
v -39.0389 34.0511 -19.6486
v -38.3407 32.5218 -19.1701
v -39.3972 32.3989 -19.2047
v -39.0389 34.0511 -19.6486
v -39.3972 32.3989 -19.2047
v -39.3683 32.4498 -20.2672
v -39.0389 34.0511 -19.6486
v -39.3683 32.4498 -20.2672
v -38.3119 32.5727 -20.2326
v -39.3972 32.3989 -19.2047
v -38.3119 32.5727 -20.2326
v -39.3683 32.4498 -20.2672
v -39.0389 34.0511 -19.6486
v -38.3119 32.5727 -20.2326
v -38.3407 32.5218 -19.1701
v -39.3972 32.3989 -19.2047
v -38.3407 32.5218 -19.1701
v -38.3119 32.5727 -20.2326
v -20.3317 31.9237 -13.3101
v -21.7574 30.3612 -13.3506
v -20.4816 30.3400 -14.7048
v -20.4090 30.2057 -12.0779
v -20.4816 30.3400 -14.7048
v -21.7574 30.3612 -13.3506
v -20.3317 31.9237 -13.3101
v -20.4816 30.3400 -14.7048
v -19.1333 30.1845 -13.4321
v -20.4090 30.2057 -12.0779
v -19.1333 30.1845 -13.4321
v -20.4816 30.3400 -14.7048
v -20.3317 31.9237 -13.3101
v -19.1333 30.1845 -13.4321
v -20.4090 30.2057 -12.0779
v -20.3317 31.9237 -13.3101
v -20.4090 30.2057 -12.0779
v -21.7574 30.3612 -13.3506
v -20.2715 32.7977 -13.2671
v -21.0400 31.3521 -12.6295
v -21.0780 31.4225 -14.0053
v -20.2715 32.7977 -13.2671
v -21.0780 31.4225 -14.0053
v -19.7036 31.3300 -14.0481
v -20.2715 32.7977 -13.2671
v -19.7036 31.3300 -14.0481
v -19.6655 31.2596 -12.6722
v -21.0780 31.4225 -14.0053
v -19.6655 31.2596 -12.6722
v -19.7036 31.3300 -14.0481
v -20.2715 32.7977 -13.2671
v -19.6655 31.2596 -12.6722
v -21.0400 31.3521 -12.6295
v -21.0780 31.4225 -14.0053
v -21.0400 31.3521 -12.6295
v -19.6655 31.2596 -12.6722
v -20.2180 33.5745 -13.2288
v -20.7192 32.3190 -12.8512
v -20.7428 32.3626 -13.7043
v -20.2180 33.5745 -13.2288
v -20.7428 32.3626 -13.7043
v -19.8906 32.3053 -13.7307
v -20.2180 33.5745 -13.2288
v -19.8906 32.3053 -13.7307
v -19.8671 32.2616 -12.8777
v -20.7428 32.3626 -13.7043
v -19.8671 32.2616 -12.8777
v -19.8906 32.3053 -13.7307
v -20.2180 33.5745 -13.2288
v -19.8671 32.2616 -12.8777
v -20.7192 32.3190 -12.8512
v -20.7428 32.3626 -13.7043
v -20.7192 32.3190 -12.8512
v -19.8671 32.2616 -12.8777
v 48.5148 30.2279 -73.7277
v 48.1307 27.5509 -71.5255
v 46.2023 27.6235 -73.9097
v 50.5093 27.3799 -73.4546
v 46.2023 27.6235 -73.9097
v 48.1307 27.5509 -71.5255
v 48.5148 30.2279 -73.7277
v 46.2023 27.6235 -73.9097
v 48.5809 27.4525 -75.8387
v 50.5093 27.3799 -73.4546
v 48.5809 27.4525 -75.8387
v 46.2023 27.6235 -73.9097
v 48.5148 30.2279 -73.7277
v 48.5809 27.4525 -75.8387
v 50.5093 27.3799 -73.4546
v 48.5148 30.2279 -73.7277
v 50.5093 27.3799 -73.4546
v 48.1307 27.5509 -71.5255
v 48.5990 31.6712 -73.7518
v 49.4687 29.2277 -72.4628
v 47.2128 29.3553 -72.7012
v 48.5990 31.6712 -73.7518
v 47.2128 29.3553 -72.7012
v 47.4487 29.3038 -74.9604
v 48.5990 31.6712 -73.7518
v 47.4487 29.3038 -74.9604
v 49.7046 29.1762 -74.7220
v 47.2128 29.3553 -72.7012
v 49.7046 29.1762 -74.7220
v 47.4487 29.3038 -74.9604
v 48.5990 31.6712 -73.7518
v 49.7046 29.1762 -74.7220
v 49.4687 29.2277 -72.4628
v 47.2128 29.3553 -72.7012
v 49.4687 29.2277 -72.4628
v 49.7046 29.1762 -74.7220
v 48.6738 32.9541 -73.7733
v 49.1785 30.8458 -72.9642
v 47.7798 30.9249 -73.1120
v 48.6738 32.9541 -73.7733
v 47.7798 30.9249 -73.1120
v 47.9260 30.8929 -74.5126
v 48.6738 32.9541 -73.7733
v 47.9260 30.8929 -74.5126
v 49.3247 30.8138 -74.3648
v 47.7798 30.9249 -73.1120
v 49.3247 30.8138 -74.3648
v 47.9260 30.8929 -74.5126
v 48.6738 32.9541 -73.7733
v 49.3247 30.8138 -74.3648
v 49.1785 30.8458 -72.9642
v 47.7798 30.9249 -73.1120
v 49.1785 30.8458 -72.9642
v 49.3247 30.8138 -74.3648
v -54.1528 31.8846 -37.6043
v -55.3438 29.6101 -39.2087
v -52.7416 29.4290 -38.6743
v -55.8795 29.6094 -36.6005
v -52.7416 29.4290 -38.6743
v -55.3438 29.6101 -39.2087
v -54.1528 31.8846 -37.6043
v -52.7416 29.4290 -38.6743
v -53.2774 29.4283 -36.0661
v -55.8795 29.6094 -36.6005
v -53.2774 29.4283 -36.0661
v -52.7416 29.4290 -38.6743
v -54.1528 31.8846 -37.6043
v -53.2774 29.4283 -36.0661
v -55.8795 29.6094 -36.6005
v -54.1528 31.8846 -37.6043
v -55.8795 29.6094 -36.6005
v -55.3438 29.6101 -39.2087
v -54.0692 33.1369 -37.5868
v -55.5714 31.1446 -37.8959
v -53.9279 31.0501 -38.9821
v -54.0692 33.1369 -37.5868
v -53.9279 31.0501 -38.9821
v -52.8455 30.9549 -37.3361
v -54.0692 33.1369 -37.5868
v -52.8455 30.9549 -37.3361
v -54.4891 31.0494 -36.2499
v -53.9279 31.0501 -38.9821
v -54.4891 31.0494 -36.2499
v -52.8455 30.9549 -37.3361
v -54.0692 33.1369 -37.5868
v -54.4891 31.0494 -36.2499
v -55.5714 31.1446 -37.8959
v -53.9279 31.0501 -38.9821
v -55.5714 31.1446 -37.8959
v -54.4891 31.0494 -36.2499
v -53.9949 34.2500 -37.5713
v -54.9607 32.5000 -37.7701
v -53.9417 32.4414 -38.4435
v -53.9949 34.2500 -37.5713
v -53.9417 32.4414 -38.4435
v -53.2706 32.3824 -37.4230
v -53.9949 34.2500 -37.5713
v -53.2706 32.3824 -37.4230
v -54.2896 32.4409 -36.7495
v -53.9417 32.4414 -38.4435
v -54.2896 32.4409 -36.7495
v -53.2706 32.3824 -37.4230
v -53.9949 34.2500 -37.5713
v -54.2896 32.4409 -36.7495
v -54.9607 32.5000 -37.7701
v -53.9417 32.4414 -38.4435
v -54.9607 32.5000 -37.7701
v -54.2896 32.4409 -36.7495
v -23.4765 32.6682 22.3199
v -24.5785 30.9928 21.6331
v -22.7504 30.9772 21.2680
v -24.2132 31.0405 23.4604
v -22.7504 30.9772 21.2680
v -24.5785 30.9928 21.6331
v -23.4765 32.6682 22.3199
v -22.7504 30.9772 21.2680
v -22.3851 31.0249 23.0955
v -24.2132 31.0405 23.4604
v -22.3851 31.0249 23.0955
v -22.7504 30.9772 21.2680
v -23.4765 32.6682 22.3199
v -22.3851 31.0249 23.0955
v -24.2132 31.0405 23.4604
v -23.4765 32.6682 22.3199
v -24.2132 31.0405 23.4604
v -24.5785 30.9928 21.6331
v -23.4737 33.5466 22.2964
v -24.4359 32.0907 22.5267
v -23.6697 32.0575 21.3784
v -23.4737 33.5466 22.2964
v -23.6697 32.0575 21.3784
v -22.5209 32.0744 22.1443
v -23.4737 33.5466 22.2964
v -22.5209 32.0744 22.1443
v -23.2870 32.1075 23.2927
v -23.6697 32.0575 21.3784
v -23.2870 32.1075 23.2927
v -22.5209 32.0744 22.1443
v -23.4737 33.5466 22.2964
v -23.2870 32.1075 23.2927
v -24.4359 32.0907 22.5267
v -23.6697 32.0575 21.3784
v -24.4359 32.0907 22.5267
v -23.2870 32.1075 23.2927
v -23.4712 34.3275 22.2755
v -24.0689 33.0637 22.4279
v -23.5939 33.0431 21.7160
v -23.4712 34.3275 22.2755
v -23.5939 33.0431 21.7160
v -22.8816 33.0535 22.1909
v -23.4712 34.3275 22.2755
v -22.8816 33.0535 22.1909
v -23.3566 33.0741 22.9029
v -23.5939 33.0431 21.7160
v -23.3566 33.0741 22.9029
v -22.8816 33.0535 22.1909
v -23.4712 34.3275 22.2755
v -23.3566 33.0741 22.9029
v -24.0689 33.0637 22.4279
v -23.5939 33.0431 21.7160
v -24.0689 33.0637 22.4279
v -23.3566 33.0741 22.9029
v -59.7485 35.4438 11.8783
v -58.9313 31.9317 9.5352
v -57.7302 31.8556 13.1207
v -62.4942 32.3370 10.7374
v -57.7302 31.8556 13.1207
v -58.9313 31.9317 9.5352
v -59.7485 35.4438 11.8783
v -57.7302 31.8556 13.1207
v -61.2931 32.2609 14.3229
v -62.4942 32.3370 10.7374
v -61.2931 32.2609 14.3229
v -57.7302 31.8556 13.1207
v -59.7485 35.4438 11.8783
v -61.2931 32.2609 14.3229
v -62.4942 32.3370 10.7374
v -59.7485 35.4438 11.8783
v -62.4942 32.3370 10.7374
v -58.9313 31.9317 9.5352
v -59.5559 37.2161 11.8514
v -60.5060 34.3022 10.0182
v -58.0107 34.0500 11.2665
v -59.5559 37.2161 11.8514
v -58.0107 34.0500 11.2665
v -59.2477 34.2225 13.7742
v -59.5559 37.2161 11.8514
v -59.2477 34.2225 13.7742
v -61.7431 34.4747 12.5258
v -58.0107 34.0500 11.2665
v -61.7431 34.4747 12.5258
v -59.2477 34.2225 13.7742
v -59.5559 37.2161 11.8514
v -61.7431 34.4747 12.5258
v -60.5060 34.3022 10.0182
v -58.0107 34.0500 11.2665
v -60.5060 34.3022 10.0182
v -61.7431 34.4747 12.5258
v -59.3848 38.7914 11.8275
v -60.0529 36.2562 10.7020
v -58.5059 36.0999 11.4760
v -59.3848 38.7914 11.8275
v -58.5059 36.0999 11.4760
v -59.2729 36.2068 13.0307
v -59.3848 38.7914 11.8275
v -59.2729 36.2068 13.0307
v -60.8199 36.3631 12.2567
v -58.5059 36.0999 11.4760
v -60.8199 36.3631 12.2567
v -59.2729 36.2068 13.0307
v -59.3848 38.7914 11.8275
v -60.8199 36.3631 12.2567
v -60.0529 36.2562 10.7020
v -58.5059 36.0999 11.4760
v -60.0529 36.2562 10.7020
v -60.8199 36.3631 12.2567
v 30.6701 30.0783 -48.4814
v 31.6754 27.8010 -50.0547
v 32.2921 27.8081 -47.5393
v 29.1608 27.7377 -49.4382
v 32.2921 27.8081 -47.5393
v 31.6754 27.8010 -50.0547
v 30.6701 30.0783 -48.4814
v 32.2921 27.8081 -47.5393
v 29.7774 27.7448 -46.9227
v 29.1608 27.7377 -49.4382
v 29.7774 27.7448 -46.9227
v 32.2921 27.8081 -47.5393
v 30.6701 30.0783 -48.4814
v 29.7774 27.7448 -46.9227
v 29.1608 27.7377 -49.4382
v 30.6701 30.0783 -48.4814
v 29.1608 27.7377 -49.4382
v 31.6754 27.8010 -50.0547
v 30.6403 31.2989 -48.4776
v 30.3670 29.2609 -49.8015
v 32.0071 29.2978 -48.8069
v 30.6403 31.2989 -48.4776
v 32.0071 29.2978 -48.8069
v 31.0130 29.2684 -47.1664
v 30.6403 31.2989 -48.4776
v 31.0130 29.2684 -47.1664
v 29.3728 29.2315 -48.1610
v 32.0071 29.2978 -48.8069
v 29.3728 29.2315 -48.1610
v 31.0130 29.2684 -47.1664
v 30.6403 31.2989 -48.4776
v 29.3728 29.2315 -48.1610
v 30.3670 29.2609 -49.8015
v 32.0071 29.2978 -48.8069
v 30.3670 29.2609 -49.8015
v 29.3728 29.2315 -48.1610
v 30.6138 32.3838 -48.4741
v 30.4566 30.6185 -49.2966
v 31.4735 30.6414 -48.6799
v 30.6138 32.3838 -48.4741
v 31.4735 30.6414 -48.6799
v 30.8571 30.6231 -47.6628
v 30.6138 32.3838 -48.4741
v 30.8571 30.6231 -47.6628
v 29.8403 30.6002 -48.2795
v 31.4735 30.6414 -48.6799
v 29.8403 30.6002 -48.2795
v 30.8571 30.6231 -47.6628
v 30.6138 32.3838 -48.4741
v 29.8403 30.6002 -48.2795
v 30.4566 30.6185 -49.2966
v 31.4735 30.6414 -48.6799
v 30.4566 30.6185 -49.2966
v 29.8403 30.6002 -48.2795
v 60.7260 30.3246 59.9416
v 61.8170 27.9384 61.4398
v 59.2473 27.8244 60.7730
v 62.4761 28.1065 58.8711
v 59.2473 27.8244 60.7730
v 61.8170 27.9384 61.4398
v 60.7260 30.3246 59.9416
v 59.2473 27.8244 60.7730
v 59.9064 27.9925 58.2043
v 62.4761 28.1065 58.8711
v 59.9064 27.9925 58.2043
v 59.2473 27.8244 60.7730
v 60.7260 30.3246 59.9416
v 59.9064 27.9925 58.2043
v 62.4761 28.1065 58.8711
v 60.7260 30.3246 59.9416
v 62.4761 28.1065 58.8711
v 61.8170 27.9384 61.4398
v 60.6541 31.5736 60.0049
v 62.1198 29.5517 60.2487
v 60.4286 29.4039 61.2448
v 60.6541 31.5736 60.0049
v 60.4286 29.4039 61.2448
v 59.4279 29.4323 59.5501
v 60.6541 31.5736 60.0049
v 59.4279 29.4323 59.5501
v 61.1191 29.5800 58.5540
v 60.4286 29.4039 61.2448
v 61.1191 29.5800 58.5540
v 59.4279 29.4323 59.5501
v 60.6541 31.5736 60.0049
v 61.1191 29.5800 58.5540
v 62.1198 29.5517 60.2487
v 60.4286 29.4039 61.2448
v 62.1198 29.5517 60.2487
v 61.1191 29.5800 58.5540
v 60.5903 32.6838 60.0612
v 61.5285 30.9167 60.1863
v 60.4800 30.8251 60.8039
v 60.5903 32.6838 60.0612
v 60.4800 30.8251 60.8039
v 59.8596 30.8427 59.7532
v 60.5903 32.6838 60.0612
v 59.8596 30.8427 59.7532
v 60.9081 30.9343 59.1356
v 60.4800 30.8251 60.8039
v 60.9081 30.9343 59.1356
v 59.8596 30.8427 59.7532
v 60.5903 32.6838 60.0612
v 60.9081 30.9343 59.1356
v 61.5285 30.9167 60.1863
v 60.4800 30.8251 60.8039
v 61.5285 30.9167 60.1863
v 60.9081 30.9343 59.1356
v 71.4861 28.1383 -23.1883
v 72.9368 25.9926 -22.5956
v 70.7619 26.0305 -21.7417
v 72.0850 26.0886 -24.7695
v 70.7619 26.0305 -21.7417
v 72.9368 25.9926 -22.5956
v 71.4861 28.1383 -23.1883
v 70.7619 26.0305 -21.7417
v 69.9101 26.1266 -23.9157
v 72.0850 26.0886 -24.7695
v 69.9101 26.1266 -23.9157
v 70.7619 26.0305 -21.7417
v 71.4861 28.1383 -23.1883
v 69.9101 26.1266 -23.9157
v 72.0850 26.0886 -24.7695
v 71.4861 28.1383 -23.1883
v 72.0850 26.0886 -24.7695
v 72.9368 25.9926 -22.5956
v 71.5193 29.2388 -23.1527
v 72.6032 27.3848 -23.6593
v 71.9102 27.3543 -22.0734
v 71.5193 29.2388 -23.1527
v 71.9102 27.3543 -22.0734
v 70.3248 27.4245 -22.7649
v 71.5193 29.2388 -23.1527
v 70.3248 27.4245 -22.7649
v 71.0179 27.4550 -24.3507
v 71.9102 27.3543 -22.0734
v 71.0179 27.4550 -24.3507
v 70.3248 27.4245 -22.7649
v 71.5193 29.2388 -23.1527
v 71.0179 27.4550 -24.3507
v 72.6032 27.3848 -23.6593
v 71.9102 27.3543 -22.0734
v 72.6032 27.3848 -23.6593
v 71.0179 27.4550 -24.3507
v 71.5488 30.2171 -23.1210
v 72.2072 28.6151 -23.4498
v 71.7775 28.5962 -22.4665
v 71.5488 30.2171 -23.1210
v 71.7775 28.5962 -22.4665
v 70.7946 28.6397 -22.8952
v 71.5488 30.2171 -23.1210
v 70.7946 28.6397 -22.8952
v 71.2243 28.6586 -23.8785
v 71.7775 28.5962 -22.4665
v 71.2243 28.6586 -23.8785
v 70.7946 28.6397 -22.8952
v 71.5488 30.2171 -23.1210
v 71.2243 28.6586 -23.8785
v 72.2072 28.6151 -23.4498
v 71.7775 28.5962 -22.4665
v 72.2072 28.6151 -23.4498
v 71.2243 28.6586 -23.8785
v 49.0534 29.7017 -61.6604
v 47.0972 26.8025 -61.3474
v 49.0631 26.8637 -63.7282
v 49.4670 27.0603 -59.3841
v 49.0631 26.8637 -63.7282
v 47.0972 26.8025 -61.3474
v 49.0534 29.7017 -61.6604
v 49.0631 26.8637 -63.7282
v 51.4328 27.1216 -61.7649
v 49.4670 27.0603 -59.3841
v 51.4328 27.1216 -61.7649
v 49.0631 26.8637 -63.7282
v 49.0534 29.7017 -61.6604
v 51.4328 27.1216 -61.7649
v 49.4670 27.0603 -59.3841
v 49.0534 29.7017 -61.6604
v 49.4670 27.0603 -59.3841
v 47.0972 26.8025 -61.3474
v 48.9413 31.1521 -61.7156
v 48.0984 28.7026 -60.3766
v 47.8868 28.5997 -62.6520
v 48.9413 31.1521 -61.7156
v 47.8868 28.5997 -62.6520
v 50.1577 28.7668 -62.8707
v 48.9413 31.1521 -61.7156
v 50.1577 28.7668 -62.8707
v 50.3693 28.8698 -60.5953
v 47.8868 28.5997 -62.6520
v 50.3693 28.8698 -60.5953
v 50.1577 28.7668 -62.8707
v 48.9413 31.1521 -61.7156
v 50.3693 28.8698 -60.5953
v 48.0984 28.7026 -60.3766
v 47.8868 28.5997 -62.6520
v 48.0984 28.7026 -60.3766
v 50.3693 28.8698 -60.5953
v 48.8417 32.4413 -61.7647
v 48.3651 30.3264 -60.9118
v 48.2340 30.2626 -62.3225
v 48.8417 32.4413 -61.7647
v 48.2340 30.2626 -62.3225
v 49.6420 30.3662 -62.4581
v 48.8417 32.4413 -61.7647
v 49.6420 30.3662 -62.4581
v 49.7731 30.4300 -61.0474
v 48.2340 30.2626 -62.3225
v 49.7731 30.4300 -61.0474
v 49.6420 30.3662 -62.4581
v 48.8417 32.4413 -61.7647
v 49.7731 30.4300 -61.0474
v 48.3651 30.3264 -60.9118
v 48.2340 30.2626 -62.3225
v 48.3651 30.3264 -60.9118
v 49.7731 30.4300 -61.0474
v -66.2810 35.2260 63.3329
v -67.2581 33.4385 62.2715
v -65.2523 33.3504 62.4960
v -67.4796 33.5096 64.2783
v -65.2523 33.3504 62.4960
v -67.2581 33.4385 62.2715
v -66.2810 35.2260 63.3329
v -65.2523 33.3504 62.4960
v -65.4738 33.4215 64.5028
v -67.4796 33.5096 64.2783
v -65.4738 33.4215 64.5028
v -65.2523 33.3504 62.4960
v -66.2810 35.2260 63.3329
v -65.4738 33.4215 64.5028
v -67.4796 33.5096 64.2783
v -66.2810 35.2260 63.3329
v -67.4796 33.5096 64.2783
v -67.2581 33.4385 62.2715
v -66.2361 36.1768 63.3042
v -67.3616 34.6383 63.2345
v -66.1950 34.5549 62.3009
v -66.2361 36.1768 63.3042
v -66.1950 34.5549 62.3009
v -65.2604 34.5460 63.4696
v -66.2361 36.1768 63.3042
v -65.2604 34.5460 63.4696
v -66.4270 34.6294 64.4031
v -66.1950 34.5549 62.3009
v -66.4270 34.6294 64.4031
v -65.2604 34.5460 63.4696
v -66.2361 36.1768 63.3042
v -66.4270 34.6294 64.4031
v -67.3616 34.6383 63.2345
v -66.1950 34.5549 62.3009
v -67.3616 34.6383 63.2345
v -66.4270 34.6294 64.4031
v -66.1961 37.0220 63.2787
v -66.9124 35.6772 63.2473
v -66.1891 35.6255 62.6685
v -66.1961 37.0220 63.2787
v -66.1891 35.6255 62.6685
v -65.6097 35.6200 63.3930
v -66.1961 37.0220 63.2787
v -65.6097 35.6200 63.3930
v -66.3330 35.6717 63.9718
v -66.1891 35.6255 62.6685
v -66.3330 35.6717 63.9718
v -65.6097 35.6200 63.3930
v -66.1961 37.0220 63.2787
v -66.3330 35.6717 63.9718
v -66.9124 35.6772 63.2473
v -66.1891 35.6255 62.6685
v -66.9124 35.6772 63.2473
v -66.3330 35.6717 63.9718
v -29.2407 32.4770 -64.4148
v -30.3993 30.0741 -62.7276
v -31.0892 30.1226 -65.4160
v -27.7166 29.8984 -63.4192
v -31.0892 30.1226 -65.4160
v -30.3993 30.0741 -62.7276
v -29.2407 32.4770 -64.4148
v -31.0892 30.1226 -65.4160
v -28.4065 29.9469 -66.1076
v -27.7166 29.8984 -63.4192
v -28.4065 29.9469 -66.1076
v -31.0892 30.1226 -65.4160
v -29.2407 32.4770 -64.4148
v -28.4065 29.9469 -66.1076
v -27.7166 29.8984 -63.4192
v -29.2407 32.4770 -64.4148
v -27.7166 29.8984 -63.4192
v -30.3993 30.0741 -62.7276
v -29.1548 33.7828 -64.4133
v -28.9366 31.5811 -63.0076
v -30.7031 31.6985 -64.0535
v -29.1548 33.7828 -64.4133
v -30.7031 31.6985 -64.0535
v -29.6593 31.6318 -65.8239
v -29.1548 33.7828 -64.4133
v -29.6593 31.6318 -65.8239
v -27.8928 31.5145 -64.7780
v -30.7031 31.6985 -64.0535
v -27.8928 31.5145 -64.7780
v -29.6593 31.6318 -65.8239
v -29.1548 33.7828 -64.4133
v -27.8928 31.5145 -64.7780
v -28.9366 31.5811 -63.0076
v -30.7031 31.6985 -64.0535
v -28.9366 31.5811 -63.0076
v -27.8928 31.5145 -64.7780
v -29.0784 34.9435 -64.4120
v -28.9784 33.0416 -63.5411
v -30.0737 33.1144 -64.1895
v -29.0784 34.9435 -64.4120
v -30.0737 33.1144 -64.1895
v -29.4265 33.0731 -65.2872
v -29.0784 34.9435 -64.4120
v -29.4265 33.0731 -65.2872
v -28.3313 33.0003 -64.6387
v -30.0737 33.1144 -64.1895
v -28.3313 33.0003 -64.6387
v -29.4265 33.0731 -65.2872
v -29.0784 34.9435 -64.4120
v -28.3313 33.0003 -64.6387
v -28.9784 33.0416 -63.5411
v -30.0737 33.1144 -64.1895
v -28.9784 33.0416 -63.5411
v -28.3313 33.0003 -64.6387
v 46.8252 29.8008 -26.3930
v 46.5930 26.7752 -23.7165
v 44.1071 26.8063 -26.2626
v 49.1286 26.4800 -26.1958
v 44.1071 26.8063 -26.2626
v 46.5930 26.7752 -23.7165
v 46.8252 29.8008 -26.3930
v 44.1071 26.8063 -26.2626
v 46.6427 26.5111 -28.7419
v 49.1286 26.4800 -26.1958
v 46.6427 26.5111 -28.7419
v 44.1071 26.8063 -26.2626
v 46.8252 29.8008 -26.3930
v 46.6427 26.5111 -28.7419
v 49.1286 26.4800 -26.1958
v 46.8252 29.8008 -26.3930
v 49.1286 26.4800 -26.1958
v 46.5930 26.7752 -23.7165
v 46.9350 31.4725 -26.4798
v 48.0541 28.6700 -25.0016
v 45.4239 28.8409 -25.0366
v 46.9350 31.4725 -26.4798
v 45.4239 28.8409 -25.0366
v 45.4500 28.7026 -27.6688
v 46.9350 31.4725 -26.4798
v 45.4500 28.7026 -27.6688
v 48.0801 28.5317 -27.6338
v 45.4239 28.8409 -25.0366
v 48.0801 28.5317 -27.6338
v 45.4500 28.7026 -27.6688
v 46.9350 31.4725 -26.4798
v 48.0801 28.5317 -27.6338
v 48.0541 28.6700 -25.0016
v 45.4239 28.8409 -25.0366
v 48.0541 28.6700 -25.0016
v 48.0801 28.5317 -27.6338
v 47.0325 32.9584 -26.5569
v 47.6813 30.5336 -25.6047
v 46.0506 30.6396 -25.6265
v 47.0325 32.9584 -26.5569
v 46.0506 30.6396 -25.6265
v 46.0667 30.5539 -27.2584
v 47.0325 32.9584 -26.5569
v 46.0667 30.5539 -27.2584
v 47.6974 30.4479 -27.2367
v 46.0506 30.6396 -25.6265
v 47.6974 30.4479 -27.2367
v 46.0667 30.5539 -27.2584
v 47.0325 32.9584 -26.5569
v 47.6974 30.4479 -27.2367
v 47.6813 30.5336 -25.6047
v 46.0506 30.6396 -25.6265
v 47.6813 30.5336 -25.6047
v 47.6974 30.4479 -27.2367
v -74.3935 33.3440 -28.3589
v -76.1477 30.3818 -28.1479
v -74.1013 30.5642 -30.3796
v -73.9473 30.7778 -26.0979
v -74.1013 30.5642 -30.3796
v -76.1477 30.3818 -28.1479
v -74.3935 33.3440 -28.3589
v -74.1013 30.5642 -30.3796
v -71.9009 30.9602 -28.3295
v -73.9473 30.7778 -26.0979
v -71.9009 30.9602 -28.3295
v -74.1013 30.5642 -30.3796
v -74.3935 33.3440 -28.3589
v -71.9009 30.9602 -28.3295
v -73.9473 30.7778 -26.0979
v -74.3935 33.3440 -28.3589
v -73.9473 30.7778 -26.0979
v -76.1477 30.3818 -28.1479
v -74.5890 34.7590 -28.4224
v -75.3351 32.3050 -27.1476
v -75.4157 32.1931 -29.3903
v -74.5890 34.7590 -28.4224
v -75.4157 32.1931 -29.3903
v -73.1913 32.4961 -29.4854
v -74.5890 34.7590 -28.4224
v -73.1913 32.4961 -29.4854
v -73.1107 32.6080 -27.2427
v -75.4157 32.1931 -29.3903
v -73.1107 32.6080 -27.2427
v -73.1913 32.4961 -29.4854
v -74.5890 34.7590 -28.4224
v -73.1107 32.6080 -27.2427
v -75.3351 32.3050 -27.1476
v -75.4157 32.1931 -29.3903
v -75.3351 32.3050 -27.1476
v -73.1107 32.6080 -27.2427
v -74.7627 36.0169 -28.4789
v -75.1450 33.9137 -27.6624
v -75.1949 33.8443 -29.0529
v -74.7627 36.0169 -28.4789
v -75.1949 33.8443 -29.0529
v -73.8159 34.0321 -29.1118
v -74.7627 36.0169 -28.4789
v -73.8159 34.0321 -29.1118
v -73.7658 34.1015 -27.7213
v -75.1949 33.8443 -29.0529
v -73.7658 34.1015 -27.7213
v -73.8159 34.0321 -29.1118
v -74.7627 36.0169 -28.4789
v -73.7658 34.1015 -27.7213
v -75.1450 33.9137 -27.6624
v -75.1949 33.8443 -29.0529
v -75.1450 33.9137 -27.6624
v -73.7658 34.1015 -27.7213
v 42.9605 31.3285 -65.1461
v 45.2851 27.6583 -65.9332
v 43.2466 27.7127 -62.6287
v 42.0018 28.0687 -67.9654
v 43.2466 27.7127 -62.6287
v 45.2851 27.6583 -65.9332
v 42.9605 31.3285 -65.1461
v 43.2466 27.7127 -62.6287
v 39.9633 28.1231 -64.6609
v 42.0018 28.0687 -67.9654
v 39.9633 28.1231 -64.6609
v 43.2466 27.7127 -62.6287
v 42.9605 31.3285 -65.1461
v 39.9633 28.1231 -64.6609
v 42.0018 28.0687 -67.9654
v 42.9605 31.3285 -65.1461
v 42.0018 28.0687 -67.9654
v 45.2851 27.6583 -65.9332
v 43.1386 33.1486 -65.0662
v 43.9095 30.0867 -66.9302
v 44.5615 29.9002 -64.1349
v 43.1386 33.1486 -65.0662
v 44.5615 29.9002 -64.1349
v 41.7741 30.1436 -63.4686
v 43.1386 33.1486 -65.0662
v 41.7741 30.1436 -63.4686
v 41.1221 30.3301 -66.2638
v 44.5615 29.9002 -64.1349
v 41.1221 30.3301 -66.2638
v 41.7741 30.1436 -63.4686
v 43.1386 33.1486 -65.0662
v 41.1221 30.3301 -66.2638
v 43.9095 30.0867 -66.9302
v 44.5615 29.9002 -64.1349
v 43.9095 30.0867 -66.9302
v 41.1221 30.3301 -66.2638
v 43.2968 34.7664 -64.9952
v 43.7016 32.1198 -66.1837
v 44.1059 32.0042 -64.4507
v 43.2968 34.7664 -64.9952
v 44.1059 32.0042 -64.4507
v 42.3776 32.1551 -64.0375
v 43.2968 34.7664 -64.9952
v 42.3776 32.1551 -64.0375
v 41.9734 32.2707 -65.7705
v 44.1059 32.0042 -64.4507
v 41.9734 32.2707 -65.7705
v 42.3776 32.1551 -64.0375
v 43.2968 34.7664 -64.9952
v 41.9734 32.2707 -65.7705
v 43.7016 32.1198 -66.1837
v 44.1059 32.0042 -64.4507
v 43.7016 32.1198 -66.1837
v 41.9734 32.2707 -65.7705
v 17.1689 34.3770 58.7703
v 19.5921 30.6630 58.7651
v 16.6081 30.7604 61.2746
v 17.1054 31.0925 55.7915
v 16.6081 30.7604 61.2746
v 19.5921 30.6630 58.7651
v 17.1689 34.3770 58.7703
v 16.6081 30.7604 61.2746
v 14.1214 31.1899 58.3009
v 17.1054 31.0925 55.7915
v 14.1214 31.1899 58.3009
v 16.6081 30.7604 61.2746
v 17.1689 34.3770 58.7703
v 14.1214 31.1899 58.3009
v 17.1054 31.0925 55.7915
v 17.1689 34.3770 58.7703
v 17.1054 31.0925 55.7915
v 19.5921 30.6630 58.7651
v 17.3342 36.2038 58.8959
v 18.6217 33.1082 57.3722
v 18.3612 32.9342 60.2441
v 17.3342 36.2038 58.8959
v 18.3612 32.9342 60.2441
v 15.4958 33.2102 60.0009
v 17.3342 36.2038 58.8959
v 15.4958 33.2102 60.0009
v 15.7562 33.3841 57.1290
v 18.3612 32.9342 60.2441
v 15.7562 33.3841 57.1290
v 15.4958 33.2102 60.0009
v 17.3342 36.2038 58.8959
v 15.7562 33.3841 57.1290
v 18.6217 33.1082 57.3722
v 18.3612 32.9342 60.2441
v 18.6217 33.1082 57.3722
v 15.7562 33.3841 57.1290
v 17.4811 37.8276 59.0076
v 18.2114 35.1573 58.0112
v 18.0499 35.0494 59.7918
v 17.4811 37.8276 59.0076
v 18.0499 35.0494 59.7918
v 16.2733 35.2206 59.6411
v 17.4811 37.8276 59.0076
v 16.2733 35.2206 59.6411
v 16.4348 35.3284 57.8605
v 18.0499 35.0494 59.7918
v 16.4348 35.3284 57.8605
v 16.2733 35.2206 59.6411
v 17.4811 37.8276 59.0076
v 16.4348 35.3284 57.8605
v 18.2114 35.1573 58.0112
v 18.0499 35.0494 59.7918
v 18.2114 35.1573 58.0112
v 16.4348 35.3284 57.8605
v -69.0161 35.2631 36.7097
v -67.0592 32.3986 37.4475
v -69.9668 32.4016 38.5771
v -68.1868 32.5790 34.5448
v -69.9668 32.4016 38.5771
v -67.0592 32.3986 37.4475
v -69.0161 35.2631 36.7097
v -69.9668 32.4016 38.5771
v -71.0943 32.5821 35.6744
v -68.1868 32.5790 34.5448
v -71.0943 32.5821 35.6744
v -69.9668 32.4016 38.5771
v -69.0161 35.2631 36.7097
v -71.0943 32.5821 35.6744
v -68.1868 32.5790 34.5448
v -69.0161 35.2631 36.7097
v -68.1868 32.5790 34.5448
v -67.0592 32.3986 37.4475
v -68.9839 36.7311 36.7885
v -67.5146 34.2829 36.0656
v -68.4469 34.1900 38.1776
v -68.9839 36.7311 36.7885
v -68.4469 34.1900 38.1776
v -70.5604 34.2861 37.2489
v -68.9839 36.7311 36.7885
v -70.5604 34.2861 37.2489
v -69.6281 34.3790 35.1368
v -68.4469 34.1900 38.1776
v -69.6281 34.3790 35.1368
v -70.5604 34.2861 37.2489
v -68.9839 36.7311 36.7885
v -69.6281 34.3790 35.1368
v -67.5146 34.2829 36.0656
v -68.4469 34.1900 38.1776
v -67.5146 34.2829 36.0656
v -69.6281 34.3790 35.1368
v -68.9554 38.0360 36.8586
v -68.0576 35.9146 36.3779
v -68.6356 35.8570 37.6874
v -68.9554 38.0360 36.8586
v -68.6356 35.8570 37.6874
v -69.9460 35.9166 37.1116
v -68.9554 38.0360 36.8586
v -69.9460 35.9166 37.1116
v -69.3680 35.9742 35.8021
v -68.6356 35.8570 37.6874
v -69.3680 35.9742 35.8021
v -69.9460 35.9166 37.1116
v -68.9554 38.0360 36.8586
v -69.3680 35.9742 35.8021
v -68.0576 35.9146 36.3779
v -68.6356 35.8570 37.6874
v -68.0576 35.9146 36.3779
v -69.3680 35.9742 35.8021
v -15.5782 32.5576 -22.5933
v -17.4121 30.1076 -22.3692
v -15.7896 30.1824 -24.5244
v -15.2565 30.1288 -20.7458
v -15.7896 30.1824 -24.5244
v -17.4121 30.1076 -22.3692
v -15.5782 32.5576 -22.5933
v -15.7896 30.1824 -24.5244
v -13.6341 30.2036 -22.9009
v -15.2565 30.1288 -20.7458
v -13.6341 30.2036 -22.9009
v -15.7896 30.1824 -24.5244
v -15.5782 32.5576 -22.5933
v -13.6341 30.2036 -22.9009
v -15.2565 30.1288 -20.7458
v -15.5782 32.5576 -22.5933
v -15.2565 30.1288 -20.7458
v -17.4121 30.1076 -22.3692
v -15.6075 33.8292 -22.5711
v -16.4086 31.6706 -21.4792
v -16.6878 31.6987 -23.4584
v -15.6075 33.8292 -22.5711
v -16.6878 31.6987 -23.4584
v -14.7090 31.7490 -23.7368
v -15.6075 33.8292 -22.5711
v -14.7090 31.7490 -23.7368
v -14.4297 31.7210 -21.7577
v -16.6878 31.6987 -23.4584
v -14.4297 31.7210 -21.7577
v -14.7090 31.7490 -23.7368
v -15.6075 33.8292 -22.5711
v -14.4297 31.7210 -21.7577
v -16.4086 31.6706 -21.4792
v -16.6878 31.6987 -23.4584
v -16.4086 31.6706 -21.4792
v -14.4297 31.7210 -21.7577
v -15.6334 34.9595 -22.5515
v -16.1181 33.0984 -21.8835
v -16.2912 33.1158 -23.1106
v -15.6334 34.9595 -22.5515
v -16.2912 33.1158 -23.1106
v -15.0644 33.1470 -23.2833
v -15.6334 34.9595 -22.5515
v -15.0644 33.1470 -23.2833
v -14.8912 33.1296 -22.0562
v -16.2912 33.1158 -23.1106
v -14.8912 33.1296 -22.0562
v -15.0644 33.1470 -23.2833
v -15.6334 34.9595 -22.5515
v -14.8912 33.1296 -22.0562
v -16.1181 33.0984 -21.8835
v -16.2912 33.1158 -23.1106
v -16.1181 33.0984 -21.8835
v -14.8912 33.1296 -22.0562
v -34.3294 33.4900 -2.6989
v -36.0766 31.1922 -2.1639
v -34.8366 31.1727 -4.4286
v -33.8119 31.2095 -0.9241
v -34.8366 31.1727 -4.4286
v -36.0766 31.1922 -2.1639
v -34.3294 33.4900 -2.6989
v -34.8366 31.1727 -4.4286
v -32.5719 31.1900 -3.1887
v -33.8119 31.2095 -0.9241
v -32.5719 31.1900 -3.1887
v -34.8366 31.1727 -4.4286
v -34.3294 33.4900 -2.6989
v -32.5719 31.1900 -3.1887
v -33.8119 31.2095 -0.9241
v -34.3294 33.4900 -2.6989
v -33.8119 31.2095 -0.9241
v -36.0766 31.1922 -2.1639
v -34.3321 34.7070 -2.7109
v -34.9771 32.6888 -1.5048
v -35.5138 32.6695 -3.3404
v -34.3321 34.7070 -2.7109
v -35.5138 32.6695 -3.3404
v -33.6781 32.6684 -3.8771
v -34.3321 34.7070 -2.7109
v -33.6781 32.6684 -3.8771
v -33.1414 32.6877 -2.0415
v -35.5138 32.6695 -3.3404
v -33.1414 32.6877 -2.0415
v -33.6781 32.6684 -3.8771
v -34.3321 34.7070 -2.7109
v -33.1414 32.6877 -2.0415
v -34.9771 32.6888 -1.5048
v -35.5138 32.6695 -3.3404
v -34.9771 32.6888 -1.5048
v -33.1414 32.6877 -2.0415
v -34.3345 35.7889 -2.7216
v -34.7333 34.0372 -1.9689
v -35.0660 34.0253 -3.1069
v -34.3345 35.7889 -2.7216
v -35.0660 34.0253 -3.1069
v -33.9279 34.0245 -3.4397
v -34.3345 35.7889 -2.7216
v -33.9279 34.0245 -3.4397
v -33.5952 34.0365 -2.3016
v -35.0660 34.0253 -3.1069
v -33.5952 34.0365 -2.3016
v -33.9279 34.0245 -3.4397
v -34.3345 35.7889 -2.7216
v -33.5952 34.0365 -2.3016
v -34.7333 34.0372 -1.9689
v -35.0660 34.0253 -3.1069
v -34.7333 34.0372 -1.9689
v -33.5952 34.0365 -2.3016
v -2.9133 33.3021 -71.7168
v -5.0699 29.8766 -72.2263
v -2.0302 30.1232 -74.1166
v -3.1939 30.1213 -69.1776
v -2.0302 30.1232 -74.1166
v -5.0699 29.8766 -72.2263
v -2.9133 33.3021 -71.7168
v -2.0302 30.1232 -74.1166
v -0.1541 30.3678 -71.0678
v -3.1939 30.1213 -69.1776
v -0.1541 30.3678 -71.0678
v -2.0302 30.1232 -74.1166
v -2.9133 33.3021 -71.7168
v -0.1541 30.3678 -71.0678
v -3.1939 30.1213 -69.1776
v -2.9133 33.3021 -71.7168
v -3.1939 30.1213 -69.1776
v -5.0699 29.8766 -72.2263
v -3.0729 34.9856 -71.7538
v -4.3992 32.0507 -70.7021
v -3.7896 32.0517 -73.2891
v -3.0729 34.9856 -71.7538
v -3.7896 32.0517 -73.2891
v -1.2148 32.3089 -72.6823
v -3.0729 34.9856 -71.7538
v -1.2148 32.3089 -72.6823
v -1.8244 32.3079 -70.0953
v -3.7896 32.0517 -73.2891
v -1.8244 32.3079 -70.0953
v -1.2148 32.3089 -72.6823
v -3.0729 34.9856 -71.7538
v -1.8244 32.3079 -70.0953
v -4.3992 32.0507 -70.7021
v -3.7896 32.0517 -73.2891
v -4.3992 32.0507 -70.7021
v -1.8244 32.3079 -70.0953
v -3.2147 36.4820 -71.7866
v -3.9714 33.9703 -71.1194
v -3.5935 33.9709 -72.7233
v -3.2147 36.4820 -71.7866
v -3.5935 33.9709 -72.7233
v -1.9971 34.1304 -72.3471
v -3.2147 36.4820 -71.7866
v -1.9971 34.1304 -72.3471
v -2.3750 34.1298 -70.7432
v -3.5935 33.9709 -72.7233
v -2.3750 34.1298 -70.7432
v -1.9971 34.1304 -72.3471
v -3.2147 36.4820 -71.7866
v -2.3750 34.1298 -70.7432
v -3.9714 33.9703 -71.1194
v -3.5935 33.9709 -72.7233
v -3.9714 33.9703 -71.1194
v -2.3750 34.1298 -70.7432
v -50.4252 34.1947 -13.5970
v -51.8599 31.1594 -11.6557
v -52.4031 31.1789 -15.0229
v -48.4928 31.1367 -12.1990
v -52.4031 31.1789 -15.0229
v -51.8599 31.1594 -11.6557
v -50.4252 34.1947 -13.5970
v -52.4031 31.1789 -15.0229
v -49.0359 31.1562 -15.5662
v -48.4928 31.1367 -12.1990
v -49.0359 31.1562 -15.5662
v -52.4031 31.1789 -15.0229
v -50.4252 34.1947 -13.5970
v -49.0359 31.1562 -15.5662
v -48.4928 31.1367 -12.1990
v -50.4252 34.1947 -13.5970
v -48.4928 31.1367 -12.1990
v -51.8599 31.1594 -11.6557
v -50.4131 35.8025 -13.5896
v -50.1487 33.1126 -11.8383
v -52.1968 33.1348 -13.3174
v -50.4131 35.8025 -13.5896
v -52.1968 33.1348 -13.3174
v -50.7177 33.1331 -15.3656
v -50.4131 35.8025 -13.5896
v -50.7177 33.1331 -15.3656
v -48.6696 33.1109 -13.8865
v -52.1968 33.1348 -13.3174
v -48.6696 33.1109 -13.8865
v -50.7177 33.1331 -15.3656
v -50.4131 35.8025 -13.5896
v -48.6696 33.1109 -13.8865
v -50.1487 33.1126 -11.8383
v -52.1968 33.1348 -13.3174
v -50.1487 33.1126 -11.8383
v -48.6696 33.1109 -13.8865
v -50.4024 37.2316 -13.5831
v -50.2434 34.9030 -12.5002
v -51.5133 34.9167 -13.4173
v -50.4024 37.2316 -13.5831
v -51.5133 34.9167 -13.4173
v -50.5962 34.9156 -14.6872
v -50.4024 37.2316 -13.5831
v -50.5962 34.9156 -14.6872
v -49.3264 34.9019 -13.7701
v -51.5133 34.9167 -13.4173
v -49.3264 34.9019 -13.7701
v -50.5962 34.9156 -14.6872
v -50.4024 37.2316 -13.5831
v -49.3264 34.9019 -13.7701
v -50.2434 34.9030 -12.5002
v -51.5133 34.9167 -13.4173
v -50.2434 34.9030 -12.5002
v -49.3264 34.9019 -13.7701
v -27.0027 32.9520 3.3413
v -28.4831 31.0842 4.1980
v -28.0603 31.0742 2.0111
v -26.3056 30.8799 4.6200
v -28.0603 31.0742 2.0111
v -28.4831 31.0842 4.1980
v -27.0027 32.9520 3.3413
v -28.0603 31.0742 2.0111
v -25.8827 30.8699 2.4330
v -26.3056 30.8799 4.6200
v -25.8827 30.8699 2.4330
v -28.0603 31.0742 2.0111
v -27.0027 32.9520 3.3413
v -25.8827 30.8699 2.4330
v -26.3056 30.8799 4.6200
v -27.0027 32.9520 3.3413
v -26.3056 30.8799 4.6200
v -28.4831 31.0842 4.1980
v -26.9073 33.9976 3.3550
v -27.2878 32.2602 4.4777
v -28.2068 32.3620 3.1112
v -26.9073 33.9976 3.3550
v -28.2068 32.3620 3.1112
v -26.8448 32.2498 2.1868
v -26.9073 33.9976 3.3550
v -26.8448 32.2498 2.1868
v -25.9258 32.1480 3.5533
v -28.2068 32.3620 3.1112
v -25.9258 32.1480 3.5533
v -26.8448 32.2498 2.1868
v -26.9073 33.9976 3.3550
v -25.9258 32.1480 3.5533
v -27.2878 32.2602 4.4777
v -28.2068 32.3620 3.1112
v -27.2878 32.2602 4.4777
v -25.9258 32.1480 3.5533
v -26.8224 34.9270 3.3672
v -27.0976 33.4200 4.0576
v -27.6674 33.4831 3.2104
v -26.8224 34.9270 3.3672
v -27.6674 33.4831 3.2104
v -26.8230 33.4135 2.6372
v -26.8224 34.9270 3.3672
v -26.8230 33.4135 2.6372
v -26.2531 33.3504 3.4844
v -27.6674 33.4831 3.2104
v -26.2531 33.3504 3.4844
v -26.8230 33.4135 2.6372
v -26.8224 34.9270 3.3672
v -26.2531 33.3504 3.4844
v -27.0976 33.4200 4.0576
v -27.6674 33.4831 3.2104
v -27.0976 33.4200 4.0576
v -26.2531 33.3504 3.4844
v -59.9836 33.9461 -6.3643
v -61.4054 31.2709 -4.8642
v -61.4340 31.2711 -7.8372
v -58.4329 31.3273 -4.8927
v -61.4340 31.2711 -7.8372
v -61.4054 31.2709 -4.8642
v -59.9836 33.9461 -6.3643
v -61.4340 31.2711 -7.8372
v -58.4615 31.3275 -7.8657
v -58.4329 31.3273 -4.8927
v -58.4615 31.3275 -7.8657
v -61.4340 31.2711 -7.8372
v -59.9836 33.9461 -6.3643
v -58.4615 31.3275 -7.8657
v -58.4329 31.3273 -4.8927
v -59.9836 33.9461 -6.3643
v -58.4329 31.3273 -4.8927
v -61.4054 31.2709 -4.8642
v -60.0102 35.3474 -6.3639
v -59.9510 33.0118 -4.8073
v -61.5228 32.9824 -6.3495
v -60.0102 35.3474 -6.3639
v -61.5228 32.9824 -6.3495
v -59.9809 33.0120 -7.9217
v -60.0102 35.3474 -6.3639
v -59.9809 33.0120 -7.9217
v -58.4090 33.0414 -6.3795
v -61.5228 32.9824 -6.3495
v -58.4090 33.0414 -6.3795
v -59.9809 33.0120 -7.9217
v -60.0102 35.3474 -6.3639
v -58.4090 33.0414 -6.3795
v -59.9510 33.0118 -4.8073
v -61.5228 32.9824 -6.3495
v -59.9510 33.0118 -4.8073
v -58.4090 33.0414 -6.3795
v -60.0338 36.5930 -6.3636
v -59.9862 34.5688 -5.3987
v -60.9608 34.5506 -6.3548
v -60.0338 36.5930 -6.3636
v -60.9608 34.5506 -6.3548
v -60.0047 34.5690 -7.3296
v -60.0338 36.5930 -6.3636
v -60.0047 34.5690 -7.3296
v -59.0302 34.5872 -6.3734
v -60.9608 34.5506 -6.3548
v -59.0302 34.5872 -6.3734
v -60.0047 34.5690 -7.3296
v -60.0338 36.5930 -6.3636
v -59.0302 34.5872 -6.3734
v -59.9862 34.5688 -5.3987
v -60.9608 34.5506 -6.3548
v -59.9862 34.5688 -5.3987
v -59.0302 34.5872 -6.3734
v 71.9928 28.6047 15.1357
v 71.5530 25.9114 13.1425
v 74.2097 26.1469 14.4539
v 70.2471 25.7907 15.8096
v 74.2097 26.1469 14.4539
v 71.5530 25.9114 13.1425
v 71.9928 28.6047 15.1357
v 74.2097 26.1469 14.4539
v 72.9038 26.0261 17.1210
v 70.2471 25.7907 15.8096
v 72.9038 26.0261 17.1210
v 74.2097 26.1469 14.4539
v 71.9928 28.6047 15.1357
v 72.9038 26.0261 17.1210
v 70.2471 25.7907 15.8096
v 71.9928 28.6047 15.1357
v 70.2471 25.7907 15.8096
v 71.5530 25.9114 13.1425
v 71.8681 30.0002 15.1378
v 70.6844 27.5510 14.4474
v 72.7599 27.7376 13.7374
v 71.8681 30.0002 15.1378
v 72.7599 27.7376 13.7374
v 73.4675 27.7977 15.8213
v 71.8681 30.0002 15.1378
v 73.4675 27.7977 15.8213
v 71.3920 27.6111 16.5313
v 72.7599 27.7376 13.7374
v 71.3920 27.6111 16.5313
v 73.4675 27.7977 15.8213
v 71.8681 30.0002 15.1378
v 71.3920 27.6111 16.5313
v 70.6844 27.5510 14.4474
v 72.7599 27.7376 13.7374
v 70.6844 27.5510 14.4474
v 71.3920 27.6111 16.5313
v 71.7572 31.2406 15.1397
v 71.0746 29.1484 14.7108
v 72.3615 29.2641 14.2706
v 71.7572 31.2406 15.1397
v 72.3615 29.2641 14.2706
v 72.8001 29.3014 15.5626
v 71.7572 31.2406 15.1397
v 72.8001 29.3014 15.5626
v 71.5133 29.1857 16.0028
v 72.3615 29.2641 14.2706
v 71.5133 29.1857 16.0028
v 72.8001 29.3014 15.5626
v 71.7572 31.2406 15.1397
v 71.5133 29.1857 16.0028
v 71.0746 29.1484 14.7108
v 72.3615 29.2641 14.2706
v 71.0746 29.1484 14.7108
v 71.5133 29.1857 16.0028
v -32.5339 34.9815 52.4222
v -34.3045 32.8542 51.2338
v -31.7239 32.6747 50.6629
v -33.7516 32.6028 53.8123
v -31.7239 32.6747 50.6629
v -34.3045 32.8542 51.2338
v -32.5339 34.9815 52.4222
v -31.7239 32.6747 50.6629
v -31.1710 32.4233 53.2414
v -33.7516 32.6028 53.8123
v -31.1710 32.4233 53.2414
v -31.7239 32.6747 50.6629
v -32.5339 34.9815 52.4222
v -31.1710 32.4233 53.2414
v -33.7516 32.6028 53.8123
v -32.5339 34.9815 52.4222
v -33.7516 32.6028 53.8123
v -34.3045 32.8542 51.2338
v -32.4260 36.2217 52.5200
v -33.9575 34.2487 52.6561
v -32.8954 34.2863 51.0065
v -32.4260 36.2217 52.5200
v -32.8954 34.2863 51.0065
v -31.2542 34.0606 52.0580
v -32.4260 36.2217 52.5200
v -31.2542 34.0606 52.0580
v -32.3162 34.0230 53.7076
v -32.8954 34.2863 51.0065
v -32.3162 34.0230 53.7076
v -31.2542 34.0606 52.0580
v -32.4260 36.2217 52.5200
v -32.3162 34.0230 53.7076
v -33.9575 34.2487 52.6561
v -32.8954 34.2863 51.0065
v -33.9575 34.2487 52.6561
v -32.3162 34.0230 53.7076
v -32.3300 37.3242 52.6069
v -33.3239 35.5910 52.6511
v -32.6655 35.6143 51.6284
v -32.3300 37.3242 52.6069
v -32.6655 35.6143 51.6284
v -31.6479 35.4744 52.2803
v -32.3300 37.3242 52.6069
v -31.6479 35.4744 52.2803
v -32.3063 35.4511 53.3031
v -32.6655 35.6143 51.6284
v -32.3063 35.4511 53.3031
v -31.6479 35.4744 52.2803
v -32.3300 37.3242 52.6069
v -32.3063 35.4511 53.3031
v -33.3239 35.5910 52.6511
v -32.6655 35.6143 51.6284
v -33.3239 35.5910 52.6511
v -32.3063 35.4511 53.3031
v 33.0234 29.8239 -53.5696
v 33.9205 27.5297 -52.1197
v 31.5811 27.4151 -53.0329
v 34.8192 27.7833 -54.4538
v 31.5811 27.4151 -53.0329
v 33.9205 27.5297 -52.1197
v 33.0234 29.8239 -53.5696
v 31.5811 27.4151 -53.0329
v 32.4798 27.6688 -55.3670
v 34.8192 27.7833 -54.4538
v 32.4798 27.6688 -55.3670
v 31.5811 27.4151 -53.0329
v 33.0234 29.8239 -53.5696
v 32.4798 27.6688 -55.3670
v 34.8192 27.7833 -54.4538
v 33.0234 29.8239 -53.5696
v 34.8192 27.7833 -54.4538
v 33.9205 27.5297 -52.1197
v 32.9298 31.0017 -53.4777
v 34.3111 29.0988 -53.1526
v 32.6151 28.9059 -52.4084
v 32.9298 31.0017 -53.4777
v 32.6151 28.9059 -52.4084
v 31.8605 28.9787 -54.1093
v 32.9298 31.0017 -53.4777
v 31.8605 28.9787 -54.1093
v 33.5565 29.1716 -54.8535
v 32.6151 28.9059 -52.4084
v 33.5565 29.1716 -54.8535
v 31.8605 28.9787 -54.1093
v 32.9298 31.0017 -53.4777
v 33.5565 29.1716 -54.8535
v 34.3111 29.0988 -53.1526
v 32.6151 28.9059 -52.4084
v 34.3111 29.0988 -53.1526
v 33.5565 29.1716 -54.8535
v 32.8466 32.0486 -53.3959
v 33.7415 30.3846 -53.2322
v 32.6900 30.2650 -52.7708
v 32.8466 32.0486 -53.3959
v 32.6900 30.2650 -52.7708
v 32.2221 30.3102 -53.8253
v 32.8466 32.0486 -53.3959
v 32.2221 30.3102 -53.8253
v 33.2737 30.4298 -54.2867
v 32.6900 30.2650 -52.7708
v 33.2737 30.4298 -54.2867
v 32.2221 30.3102 -53.8253
v 32.8466 32.0486 -53.3959
v 33.2737 30.4298 -54.2867
v 33.7415 30.3846 -53.2322
v 32.6900 30.2650 -52.7708
v 33.7415 30.3846 -53.2322
v 33.2737 30.4298 -54.2867
v -31.1934 33.8600 -28.9135
v -28.3423 30.5528 -29.0100
v -30.8718 30.5186 -26.1194
v -31.2286 30.3690 -31.5379
v -30.8718 30.5186 -26.1194
v -28.3423 30.5528 -29.0100
v -31.1934 33.8600 -28.9135
v -30.8718 30.5186 -26.1194
v -33.7581 30.3348 -28.6473
v -31.2286 30.3690 -31.5379
v -33.7581 30.3348 -28.6473
v -30.8718 30.5186 -26.1194
v -31.1934 33.8600 -28.9135
v -33.7581 30.3348 -28.6473
v -31.2286 30.3690 -31.5379
v -31.1934 33.8600 -28.9135
v -31.2286 30.3690 -31.5379
v -28.3423 30.5528 -29.0100
v -31.2692 35.6686 -28.9585
v -29.8180 32.6722 -30.3976
v -29.6311 32.7506 -27.5595
v -31.2692 35.6686 -28.9585
v -29.6311 32.7506 -27.5595
v -32.4677 32.6364 -27.3696
v -31.2692 35.6686 -28.9585
v -32.4677 32.6364 -27.3696
v -32.6546 32.5580 -30.2076
v -29.6311 32.7506 -27.5595
v -32.6546 32.5580 -30.2076
v -32.4677 32.6364 -27.3696
v -31.2692 35.6686 -28.9585
v -32.6546 32.5580 -30.2076
v -29.8180 32.6722 -30.3976
v -29.6311 32.7506 -27.5595
v -29.8180 32.6722 -30.3976
v -32.6546 32.5580 -30.2076
v -31.3365 37.2762 -28.9985
v -30.4056 34.6749 -29.8722
v -30.2897 34.7235 -28.1126
v -31.3365 37.2762 -28.9985
v -30.2897 34.7235 -28.1126
v -32.0485 34.6527 -27.9948
v -31.3365 37.2762 -28.9985
v -32.0485 34.6527 -27.9948
v -32.1643 34.6042 -29.7545
v -30.2897 34.7235 -28.1126
v -32.1643 34.6042 -29.7545
v -32.0485 34.6527 -27.9948
v -31.3365 37.2762 -28.9985
v -32.1643 34.6042 -29.7545
v -30.4056 34.6749 -29.8722
v -30.2897 34.7235 -28.1126
v -30.4056 34.6749 -29.8722
v -32.1643 34.6042 -29.7545
v 18.6414 30.6640 -36.5468
v 20.0482 28.1312 -36.8756
v 18.4640 28.2885 -34.8651
v 18.0752 28.5396 -38.4622
v 18.4640 28.2885 -34.8651
v 20.0482 28.1312 -36.8756
v 18.6414 30.6640 -36.5468
v 18.4640 28.2885 -34.8651
v 16.4911 28.6969 -36.4517
v 18.0752 28.5396 -38.4622
v 16.4911 28.6969 -36.4517
v 18.4640 28.2885 -34.8651
v 18.6414 30.6640 -36.5468
v 16.4911 28.6969 -36.4517
v 18.0752 28.5396 -38.4622
v 18.6414 30.6640 -36.5468
v 18.0752 28.5396 -38.4622
v 20.0482 28.1312 -36.8756
v 18.8382 31.8552 -36.4849
v 19.3400 29.7875 -37.6411
v 19.5436 29.6560 -35.7570
v 18.8382 31.8552 -36.4849
v 19.5436 29.6560 -35.7570
v 17.6805 29.9523 -35.5349
v 18.8382 31.8552 -36.4849
v 17.6805 29.9523 -35.5349
v 17.4768 30.0838 -37.4190
v 19.5436 29.6560 -35.7570
v 17.4768 30.0838 -37.4190
v 17.6805 29.9523 -35.5349
v 18.8382 31.8552 -36.4849
v 17.4768 30.0838 -37.4190
v 19.3400 29.7875 -37.6411
v 19.5436 29.6560 -35.7570
v 19.3400 29.7875 -37.6411
v 17.4768 30.0838 -37.4190
v 19.0132 32.9140 -36.4298
v 19.2433 31.1423 -37.1721
v 19.3696 31.0608 -36.0040
v 19.0132 32.9140 -36.4298
v 19.3696 31.0608 -36.0040
v 18.2144 31.2445 -35.8663
v 19.0132 32.9140 -36.4298
v 18.2144 31.2445 -35.8663
v 18.0882 31.3261 -37.0345
v 19.3696 31.0608 -36.0040
v 18.0882 31.3261 -37.0345
v 18.2144 31.2445 -35.8663
v 19.0132 32.9140 -36.4298
v 18.0882 31.3261 -37.0345
v 19.2433 31.1423 -37.1721
v 19.3696 31.0608 -36.0040
v 19.2433 31.1423 -37.1721
v 18.0882 31.3261 -37.0345
vt 0.00000 1.00000
vt 0.00000 1.00000
vt 0.00000 1.00000
vt 0.00000 1.00000
vt 0.00000 1.00000
vt 0.00000 1.00000
vt 0.00000 1.00000
vt 0.00000 1.00000
vt 0.00000 1.00000
vt 0.00000 1.00000
vt 0.00000 1.00000
vt 0.00000 1.00000
vt 0.00000 1.00000
vt 0.00000 1.00000
vt 0.00000 1.00000
vt 0.00000 1.00000
vt 0.00000 1.00000
vt 0.00000 1.00000
vt 0.00000 1.00000
vt 0.00000 1.00000
vt 0.00000 1.00000
vt 0.00000 1.00000
vt 0.00000 1.00000
vt 0.00000 1.00000
vt 0.00000 1.00000
vt 0.00000 1.00000
vt 0.00000 1.00000
vt 0.00000 1.00000
vt 0.00000 1.00000
vt 0.00000 1.00000
vt 0.00000 1.00000
vt 0.00000 1.00000
vt 0.00000 1.00000
vt 0.00000 1.00000
vt 0.00000 1.00000
vt 0.00000 1.00000
vt 0.00000 1.00000
vt 0.00000 1.00000
vt 0.00000 1.00000
vt 0.00000 1.00000
vt 0.00000 1.00000
vt 0.00000 1.00000
vt 0.00000 1.00000
vt 0.00000 1.00000
vt 0.00000 1.00000
vt 0.00000 1.00000
vt 0.00000 1.00000
vt 0.00000 1.00000
vt 0.00000 1.00000
vt 0.00000 1.00000
vt 0.00000 1.00000
vt 0.00000 1.00000
vt 0.00000 1.00000
vt 0.00000 1.00000
vt 0.00000 1.00000
vt 0.00000 1.00000
vt 0.00000 1.00000
vt 0.00000 1.00000
vt 0.00000 1.00000
vt 0.00000 1.00000
vt 0.00000 1.00000
vt 0.00000 1.00000
vt 0.00000 1.00000
vt 0.00000 1.00000
vt 0.00000 1.00000
vt 0.00000 1.00000
vt 0.00000 1.00000
vt 0.00000 1.00000
vt 0.00000 1.00000
vt 0.00000 1.00000
vt 0.00000 1.00000
vt 0.00000 1.00000
vt 0.00000 1.00000
vt 0.00000 1.00000
vt 0.00000 1.00000
vt 0.00000 1.00000
vt 0.00000 1.00000
vt 0.00000 1.00000
vt 0.00000 1.00000
vt 0.00000 1.00000
vt 0.00000 1.00000
vt 0.00000 1.00000
vt 0.00000 1.00000
vt 0.00000 1.00000
vt 0.00000 1.00000
vt 0.00000 1.00000
vt 0.00000 1.00000
vt 0.00000 1.00000
vt 0.00000 1.00000
vt 0.00000 1.00000
vt 0.00000 1.00000
vt 0.00000 1.00000
vt 0.00000 1.00000
vt 0.00000 1.00000
vt 0.00000 1.00000
vt 0.00000 1.00000
vt 0.00000 1.00000
vt 0.00000 1.00000
vt 0.00000 1.00000
vt 0.00000 1.00000
vt 0.00000 1.00000
vt 0.00000 1.00000
vt 0.00000 1.00000
vt 0.00000 1.00000
vt 0.00000 1.00000
vt 0.00000 1.00000
vt 0.00000 1.00000
vt 0.00000 1.00000
vt 0.00000 1.00000
vt 0.00000 1.00000
vt 0.00000 1.00000
vt 0.00000 1.00000
vt 0.00000 1.00000
vt 0.00000 1.00000
vt 0.00000 1.00000
vt 0.00000 1.00000
vt 0.00000 1.00000
vt 0.00000 1.00000
vt 0.00000 1.00000
vt 0.00000 1.00000
vt 0.00000 1.00000
vt 0.00000 1.00000
vt 0.00000 1.00000
vt 0.00000 1.00000
vt 0.00000 1.00000
vt 0.00000 1.00000
vt 0.00000 1.00000
vt 0.00000 1.00000
vt 0.00000 1.00000
vt 0.00000 1.00000
vt 0.00000 1.00000
vt 0.00000 1.00000
vt 0.00000 1.00000
vt 0.00000 1.00000
vt 0.00000 1.00000
vt 0.00000 1.00000
vt 0.00000 1.00000
vt 0.00000 1.00000
vt 0.00000 1.00000
vt 0.00000 1.00000
vt 0.00000 1.00000
vt 0.00000 1.00000
vt 0.00000 1.00000
vt 0.00000 1.00000
vt 0.00000 1.00000
vt 0.00000 1.00000
vt 0.00000 1.00000
vt 0.00000 1.00000
vt 0.00000 1.00000
vt 0.00000 1.00000
vt 0.00000 1.00000
vt 0.00000 1.00000
vt 0.00000 1.00000
vt 0.00000 1.00000
vt 0.00000 1.00000
vt 0.00000 1.00000
vt 0.00000 1.00000
vt 0.00000 1.00000
vt 0.00000 1.00000
vt 0.00000 1.00000
vt 0.00000 1.00000
vt 0.00000 1.00000
vt 0.00000 1.00000
vt 0.00000 1.00000
vt 0.00000 1.00000
vt 0.00000 1.00000
vt 0.00000 1.00000
vt 0.00000 1.00000
vt 0.00000 1.00000
vt 0.00000 1.00000
vt 0.00000 1.00000
vt 0.00000 1.00000
vt 0.00000 1.00000
vt 0.00000 1.00000
vt 0.00000 1.00000
vt 0.00000 1.00000
vt 0.00000 1.00000
vt 0.00000 1.00000
vt 0.00000 1.00000
vt 0.00000 1.00000
vt 0.00000 1.00000
vt 0.00000 1.00000
vt 0.00000 1.00000
vt 0.00000 1.00000
vt 0.00000 1.00000
vt 0.00000 1.00000
vt 0.00000 1.00000
vt 0.00000 1.00000
vt 0.00000 1.00000
vt 0.00000 1.00000
vt 0.00000 1.00000
vt 0.00000 1.00000
vt 0.00000 1.00000
vt 0.00000 1.00000
vt 0.00000 1.00000
vt 0.00000 1.00000
vt 0.00000 1.00000
vt 0.00000 1.00000
vt 0.00000 1.00000
vt 0.00000 1.00000
vt 0.00000 1.00000
vt 0.00000 1.00000
vt 0.00000 1.00000
vt 0.00000 1.00000
vt 0.00000 1.00000
vt 0.00000 1.00000
vt 0.00000 1.00000
vt 0.00000 1.00000
vt 0.00000 1.00000
vt 0.00000 1.00000
vt 0.00000 1.00000
vt 0.00000 1.00000
vt 0.00000 1.00000
vt 0.00000 1.00000
vt 0.00000 1.00000
vt 0.00000 1.00000
vt 0.00000 1.00000
vt 0.00000 1.00000
vt 0.00000 1.00000
vt 0.00000 1.00000
vt 0.00000 1.00000
vt 0.00000 1.00000
vt 0.00000 1.00000
vt 0.00000 1.00000
vt 0.00000 1.00000
vt 0.00000 1.00000
vt 0.00000 1.00000
vt 0.00000 1.00000
vt 0.00000 1.00000
vt 0.00000 1.00000
vt 0.00000 1.00000
vt 0.00000 1.00000
vt 0.00000 1.00000
vt 0.00000 1.00000
vt 0.00000 1.00000
vt 0.00000 1.00000
vt 0.00000 1.00000
vt 0.00000 1.00000
vt 0.00000 1.00000
vt 0.00000 1.00000
vt 0.00000 1.00000
vt 0.00000 1.00000
vt 0.00000 1.00000
vt 0.00000 1.00000
vt 0.00000 1.00000
vt 0.00000 1.00000
vt 0.00000 1.00000
vt 0.00000 1.00000
vt 0.00000 1.00000
vt 0.00000 1.00000
vt 0.00000 1.00000
vt 0.00000 1.00000
vt 0.00000 1.00000
vt 0.00000 1.00000
vt 0.00000 1.00000
vt 0.00000 1.00000
vt 0.00000 1.00000
vt 0.00000 1.00000
vt 0.00000 1.00000
vt 0.00000 1.00000
vt 0.00000 1.00000
vt 0.00000 1.00000
vt 0.00000 1.00000
vt 0.00000 1.00000
vt 0.00000 1.00000
vt 0.00000 1.00000
vt 0.00000 1.00000
vt 0.00000 1.00000
vt 0.00000 1.00000
vt 0.00000 1.00000
vt 0.00000 1.00000
vt 0.00000 1.00000
vt 0.00000 1.00000
vt 0.00000 1.00000
vt 0.00000 1.00000
vt 0.00000 1.00000
vt 0.00000 1.00000
vt 0.00000 1.00000
vt 0.00000 1.00000
vt 0.00000 1.00000
vt 0.00000 1.00000
vt 0.00000 1.00000
vt 0.00000 1.00000
vt 0.00000 1.00000
vt 0.00000 1.00000
vt 0.00000 1.00000
vt 0.00000 1.00000
vt 0.00000 1.00000
vt 0.00000 1.00000
vt 0.00000 1.00000
vt 0.00000 1.00000
vt 0.00000 1.00000
vt 0.00000 1.00000
vt 0.00000 1.00000
vt 0.00000 1.00000
vt 0.00000 1.00000
vt 0.00000 1.00000
vt 0.00000 1.00000
vt 0.00000 1.00000
vt 0.00000 1.00000
vt 0.00000 1.00000
vt 0.00000 1.00000
vt 0.00000 1.00000
vt 0.00000 1.00000
vt 0.00000 1.00000
vt 0.00000 1.00000
vt 0.00000 1.00000
vt 0.00000 1.00000
vt 0.00000 1.00000
vt 0.00000 1.00000
vt 0.00000 1.00000
vt 0.00000 1.00000
vt 0.00000 1.00000
vt 0.00000 1.00000
vt 0.00000 1.00000
vt 0.00000 1.00000
vt 0.00000 1.00000
vt 0.00000 1.00000
vt 0.00000 1.00000
vt 0.00000 1.00000
vt 0.00000 1.00000
vt 0.00000 1.00000
vt 0.00000 1.00000
vt 0.00000 1.00000
vt 0.00000 1.00000
vt 0.00000 1.00000
vt 0.00000 1.00000
vt 0.00000 1.00000
vt 0.00000 1.00000
vt 0.00000 1.00000
vt 0.00000 1.00000
vt 0.00000 1.00000
vt 0.00000 1.00000
vt 0.00000 1.00000
vt 0.00000 1.00000
vt 0.00000 1.00000
vt 0.00000 1.00000
vt 0.00000 1.00000
vt 0.00000 1.00000
vt 0.00000 1.00000
vt 0.00000 1.00000
vt 0.00000 1.00000
vt 0.00000 1.00000
vt 0.00000 1.00000
vt 0.00000 1.00000
vt 0.00000 1.00000
vt 0.00000 1.00000
vt 0.00000 1.00000
vt 0.00000 1.00000
vt 0.00000 1.00000
vt 0.00000 1.00000
vt 0.00000 1.00000
vt 0.00000 1.00000
vt 0.00000 1.00000
vt 0.00000 1.00000
vt 0.00000 1.00000
vt 0.00000 1.00000
vt 0.00000 1.00000
vt 0.00000 1.00000
vt 0.00000 1.00000
vt 0.00000 1.00000
vt 0.00000 1.00000
vt 0.00000 1.00000
vt 0.00000 1.00000
vt 0.00000 1.00000
vt 0.00000 1.00000
vt 0.00000 1.00000
vt 0.00000 1.00000
vt 0.00000 1.00000
vt 0.00000 1.00000
vt 0.00000 1.00000
vt 0.00000 1.00000
vt 0.00000 1.00000
vt 0.00000 1.00000
vt 0.00000 1.00000
vt 0.00000 1.00000
vt 0.00000 1.00000
vt 0.00000 1.00000
vt 0.00000 1.00000
vt 0.00000 1.00000
vt 0.00000 1.00000
vt 0.00000 1.00000
vt 0.00000 1.00000
vt 0.00000 1.00000
vt 0.00000 1.00000
vt 0.00000 1.00000
vt 0.00000 1.00000
vt 0.00000 1.00000
vt 0.00000 1.00000
vt 0.00000 1.00000
vt 0.00000 1.00000
vt 0.00000 1.00000
vt 0.00000 1.00000
vt 0.00000 1.00000
vt 0.00000 1.00000
vt 0.00000 1.00000
vt 0.00000 1.00000
vt 0.00000 1.00000
vt 0.00000 1.00000
vt 0.00000 1.00000
vt 0.00000 1.00000
vt 0.00000 1.00000
vt 0.00000 1.00000
vt 0.00000 1.00000
vt 0.00000 1.00000
vt 0.00000 1.00000
vt 0.00000 1.00000
vt 0.00000 1.00000
vt 0.00000 1.00000
vt 0.00000 1.00000
vt 0.00000 1.00000
vt 0.00000 1.00000
vt 0.00000 1.00000
vt 0.00000 1.00000
vt 0.00000 1.00000
vt 0.00000 1.00000
vt 0.00000 1.00000
vt 0.00000 1.00000
vt 0.00000 1.00000
vt 0.00000 1.00000
vt 0.00000 1.00000
vt 0.00000 1.00000
vt 0.00000 1.00000
vt 0.00000 1.00000
vt 0.00000 1.00000
vt 0.00000 1.00000
vt 0.00000 1.00000
vt 0.00000 1.00000
vt 0.00000 1.00000
vt 0.00000 1.00000
vt 0.00000 1.00000
vt 0.00000 1.00000
vt 0.00000 1.00000
vt 0.00000 1.00000
vt 0.00000 1.00000
vt 0.00000 1.00000
vt 0.00000 1.00000
vt 0.00000 1.00000
vt 0.00000 1.00000
vt 0.00000 1.00000
vt 0.00000 1.00000
vt 0.00000 1.00000
vt 0.00000 1.00000
vt 0.00000 1.00000
vt 0.00000 1.00000
vt 0.00000 1.00000
vt 0.00000 1.00000
vt 0.00000 1.00000
vt 0.00000 1.00000
vt 0.00000 1.00000
vt 0.00000 1.00000
vt 0.00000 1.00000
vt 0.00000 1.00000
vt 0.00000 1.00000
vt 0.00000 1.00000
vt 0.00000 1.00000
vt 0.00000 1.00000
vt 0.00000 1.00000
vt 0.00000 1.00000
vt 0.00000 1.00000
vt 0.00000 1.00000
vt 0.00000 1.00000
vt 0.00000 1.00000
vt 0.00000 1.00000
vt 0.00000 1.00000
vt 0.00000 1.00000
vt 0.00000 1.00000
vt 0.00000 1.00000
vt 0.00000 1.00000
vt 0.00000 1.00000
vt 0.00000 1.00000
vt 0.00000 1.00000
vt 0.00000 1.00000
vt 0.00000 1.00000
vt 0.00000 1.00000
vt 0.00000 1.00000
vt 0.00000 1.00000
vt 0.00000 1.00000
vt 0.00000 1.00000
vt 0.00000 1.00000
vt 0.00000 1.00000
vt 0.00000 1.00000
vt 0.00000 1.00000
vt 0.00000 1.00000
vt 0.00000 1.00000
vt 0.00000 1.00000
vt 0.00000 1.00000
vt 0.00000 1.00000
vt 0.00000 1.00000
vt 0.00000 1.00000
vt 0.00000 1.00000
vt 0.00000 1.00000
vt 0.00000 1.00000
vt 0.00000 1.00000
vt 0.00000 1.00000
vt 0.00000 1.00000
vt 0.00000 1.00000
vt 0.00000 1.00000
vt 0.00000 1.00000
vt 0.00000 1.00000
vt 0.00000 1.00000
vt 0.00000 1.00000
vt 0.00000 1.00000
vt 0.00000 1.00000
vt 0.00000 1.00000
vt 0.00000 1.00000
vt 0.00000 1.00000
vt 0.00000 1.00000
vt 0.00000 1.00000
vt 0.00000 1.00000
vt 0.00000 1.00000
vt 0.00000 1.00000
vt 0.00000 1.00000
vt 0.00000 1.00000
vt 0.00000 1.00000
vt 0.00000 1.00000
vt 0.00000 1.00000
vt 0.00000 1.00000
vt 0.00000 1.00000
vt 0.00000 1.00000
vt 0.00000 1.00000
vt 0.00000 1.00000
vt 0.00000 1.00000
vt 0.00000 1.00000
vt 0.00000 1.00000
vt 0.00000 1.00000
vt 0.00000 1.00000
vt 0.00000 1.00000
vt 0.00000 1.00000
vt 0.00000 1.00000
vt 0.00000 1.00000
vt 0.00000 1.00000
vt 0.00000 1.00000
vt 0.00000 1.00000
vt 0.00000 1.00000
vt 0.00000 1.00000
vt 0.00000 1.00000
vt 0.00000 1.00000
vt 0.00000 1.00000
vt 0.00000 1.00000
vt 0.00000 1.00000
vt 0.00000 1.00000
vt 0.00000 1.00000
vt 0.00000 1.00000
vt 0.00000 1.00000
vt 0.00000 1.00000
vt 0.00000 1.00000
vt 0.00000 1.00000
vt 0.00000 1.00000
vt 0.00000 1.00000
vt 0.00000 1.00000
vt 0.00000 1.00000
vt 0.00000 1.00000
vt 0.00000 1.00000
vt 0.00000 1.00000
vt 0.00000 1.00000
vt 0.00000 1.00000
vt 0.00000 1.00000
vt 0.00000 1.00000
vt 0.00000 1.00000
vt 0.00000 1.00000
vt 0.00000 1.00000
vt 0.00000 1.00000
vt 0.00000 1.00000
vt 0.00000 1.00000
vt 0.00000 1.00000
vt 0.00000 1.00000
vt 0.00000 1.00000
vt 0.00000 1.00000
vt 0.00000 1.00000
vt 0.00000 1.00000
vt 0.00000 1.00000
vt 0.00000 1.00000
vt 0.00000 1.00000
vt 0.00000 1.00000
vt 0.00000 1.00000
vt 0.00000 1.00000
vt 0.00000 1.00000
vt 0.00000 1.00000
vt 0.00000 1.00000
vt 0.00000 1.00000
vt 0.00000 1.00000
vt 0.00000 1.00000
vt 0.00000 1.00000
vt 0.00000 1.00000
vt 0.00000 1.00000
vt 0.00000 1.00000
vt 0.00000 1.00000
vt 0.00000 1.00000
vt 0.00000 1.00000
vt 0.00000 1.00000
vt 0.00000 1.00000
vt 0.00000 1.00000
vt 0.00000 1.00000
vt 0.00000 1.00000
vt 0.00000 1.00000
vt 0.00000 1.00000
vt 0.00000 1.00000
vt 0.00000 1.00000
vt 0.00000 1.00000
vt 0.00000 1.00000
vt 0.00000 1.00000
vt 0.00000 1.00000
vt 0.00000 1.00000
vt 0.00000 1.00000
vt 0.00000 1.00000
vt 0.00000 1.00000
vt 0.00000 1.00000
vt 0.00000 1.00000
vt 0.00000 1.00000
vt 0.00000 1.00000
vt 0.00000 1.00000
vt 0.00000 1.00000
vt 0.00000 1.00000
vt 0.00000 1.00000
vt 0.00000 1.00000
vt 0.00000 1.00000
vt 0.00000 1.00000
vt 0.00000 1.00000
vt 0.00000 1.00000
vt 0.00000 1.00000
vt 0.00000 1.00000
vt 0.00000 1.00000
vt 0.00000 1.00000
vt 0.00000 1.00000
vt 0.00000 1.00000
vt 0.00000 1.00000
vt 0.00000 1.00000
vt 0.00000 1.00000
vt 0.00000 1.00000
vt 0.00000 1.00000
vt 0.00000 1.00000
vt 0.00000 1.00000
vt 0.00000 1.00000
vt 0.00000 1.00000
vt 0.00000 1.00000
vt 0.00000 1.00000
vt 0.00000 1.00000
vt 0.00000 1.00000
vt 0.00000 1.00000
vt 0.00000 1.00000
vt 0.00000 1.00000
vt 0.00000 1.00000
vt 0.00000 1.00000
vt 0.00000 1.00000
vt 0.00000 1.00000
vt 0.00000 1.00000
vt 0.00000 1.00000
vt 0.00000 1.00000
vt 0.00000 1.00000
vt 0.00000 1.00000
vt 0.00000 1.00000
vt 0.00000 1.00000
vt 0.00000 1.00000
vt 0.00000 1.00000
vt 0.00000 1.00000
vt 0.00000 1.00000
vt 0.00000 1.00000
vt 0.00000 1.00000
vt 0.00000 1.00000
vt 0.00000 1.00000
vt 0.00000 1.00000
vt 0.00000 1.00000
vt 0.00000 1.00000
vt 0.00000 1.00000
vt 0.00000 1.00000
vt 0.00000 1.00000
vt 0.00000 1.00000
vt 0.00000 1.00000
vt 0.00000 1.00000
vt 0.00000 1.00000
vt 0.00000 1.00000
vt 0.00000 1.00000
vt 0.00000 1.00000
vt 0.00000 1.00000
vt 0.00000 1.00000
vt 0.00000 1.00000
vt 0.00000 1.00000
vt 0.00000 1.00000
vt 0.00000 1.00000
vt 0.00000 1.00000
vt 0.00000 1.00000
vt 0.00000 1.00000
vt 0.00000 1.00000
vt 0.00000 1.00000
vt 0.00000 1.00000
vt 0.00000 1.00000
vt 0.00000 1.00000
vt 0.00000 1.00000
vt 0.00000 1.00000
vt 0.00000 1.00000
vt 0.00000 1.00000
vt 0.00000 1.00000
vt 0.00000 1.00000
vt 0.00000 1.00000
vt 0.00000 1.00000
vt 0.00000 1.00000
vt 0.00000 1.00000
vt 0.00000 1.00000
vt 0.00000 1.00000
vt 0.00000 1.00000
vt 0.00000 1.00000
vt 0.00000 1.00000
vt 0.00000 1.00000
vt 0.00000 1.00000
vt 0.00000 1.00000
vt 0.00000 1.00000
vt 0.00000 1.00000
vt 0.00000 1.00000
vt 0.00000 1.00000
vt 0.00000 1.00000
vt 0.00000 1.00000
vt 0.00000 1.00000
vt 0.00000 1.00000
vt 0.00000 1.00000
vt 0.00000 1.00000
vt 0.00000 1.00000
vt 0.00000 1.00000
vt 0.00000 1.00000
vt 0.00000 1.00000
vt 0.00000 1.00000
vt 0.00000 1.00000
vt 0.00000 1.00000
vt 0.00000 1.00000
vt 0.00000 1.00000
vt 0.00000 1.00000
vt 0.00000 1.00000
vt 0.00000 1.00000
vt 0.00000 1.00000
vt 0.00000 1.00000
vt 0.00000 1.00000
vt 0.00000 1.00000
vt 0.00000 1.00000
vt 0.00000 1.00000
vt 0.00000 1.00000
vt 0.00000 1.00000
vt 0.00000 1.00000
vt 0.00000 1.00000
vt 0.00000 1.00000
vt 0.00000 1.00000
vt 0.00000 1.00000
vt 0.00000 1.00000
vt 0.00000 1.00000
vt 0.00000 1.00000
vt 0.00000 1.00000
vt 0.00000 1.00000
vt 0.00000 1.00000
vt 0.00000 1.00000
vt 0.00000 1.00000
vt 0.00000 1.00000
vt 0.00000 1.00000
vt 0.00000 1.00000
vt 0.00000 1.00000
vt 0.00000 1.00000
vt 0.00000 1.00000
vt 0.00000 1.00000
vt 0.00000 1.00000
vt 0.00000 1.00000
vt 0.00000 1.00000
vt 0.00000 1.00000
vt 0.00000 1.00000
vt 0.00000 1.00000
vt 0.00000 1.00000
vt 0.00000 1.00000
vt 0.00000 1.00000
vt 0.00000 1.00000
vt 0.00000 1.00000
vt 0.00000 1.00000
vt 0.00000 1.00000
vt 0.00000 1.00000
vt 0.00000 1.00000
vt 0.00000 1.00000
vt 0.00000 1.00000
vt 0.00000 1.00000
vt 0.00000 1.00000
vt 0.00000 1.00000
vt 0.00000 1.00000
vt 0.00000 1.00000
vt 0.00000 1.00000
vt 0.00000 1.00000
vt 0.00000 1.00000
vt 0.00000 1.00000
vt 0.00000 1.00000
vt 0.00000 1.00000
vt 0.00000 1.00000
vt 0.00000 1.00000
vt 0.00000 1.00000
vt 0.00000 1.00000
vt 0.00000 1.00000
vt 0.00000 1.00000
vt 0.00000 1.00000
vt 0.00000 1.00000
vt 0.00000 1.00000
vt 0.00000 1.00000
vt 0.00000 1.00000
vt 0.00000 1.00000
vt 0.00000 1.00000
vt 0.00000 1.00000
vt 0.00000 1.00000
vt 0.00000 1.00000
vt 0.00000 1.00000
vt 0.00000 1.00000
vt 0.00000 1.00000
vt 0.00000 1.00000
vt 0.00000 1.00000
vt 0.00000 1.00000
vt 0.00000 1.00000
vt 0.00000 1.00000
vt 0.00000 1.00000
vt 0.00000 1.00000
vt 0.00000 1.00000
vt 0.00000 1.00000
vt 0.00000 1.00000
vt 0.00000 1.00000
vt 0.00000 1.00000
vt 0.00000 1.00000
vt 0.00000 1.00000
vt 0.00000 1.00000
vt 0.00000 1.00000
vt 0.00000 1.00000
vt 0.00000 1.00000
vt 0.00000 1.00000
vt 0.00000 1.00000
vt 0.00000 1.00000
vt 0.00000 1.00000
vt 0.00000 1.00000
vt 0.00000 1.00000
vt 0.00000 1.00000
vt 0.00000 1.00000
vt 0.00000 1.00000
vt 0.00000 1.00000
vt 0.00000 1.00000
vt 0.00000 1.00000
vt 0.00000 1.00000
vt 0.00000 1.00000
vt 0.00000 1.00000
vt 0.00000 1.00000
vt 0.00000 1.00000
vt 0.00000 1.00000
vt 0.00000 1.00000
vt 0.00000 1.00000
vt 0.00000 1.00000
vt 0.00000 1.00000
vt 0.00000 1.00000
vt 0.00000 1.00000
vt 0.00000 1.00000
vt 0.00000 1.00000
vt 0.00000 1.00000
vt 0.00000 1.00000
vt 0.00000 1.00000
vt 0.00000 1.00000
vt 0.00000 1.00000
vt 0.00000 1.00000
vt 0.00000 1.00000
vt 0.00000 1.00000
vt 0.00000 1.00000
vt 0.00000 1.00000
vt 0.00000 1.00000
vt 0.00000 1.00000
vt 0.00000 1.00000
vt 0.00000 1.00000
vt 0.00000 1.00000
vt 0.00000 1.00000
vt 0.00000 1.00000
vt 0.00000 1.00000
vt 0.00000 1.00000
vt 0.00000 1.00000
vt 0.00000 1.00000
vt 0.00000 1.00000
vt 0.00000 1.00000
vt 0.00000 1.00000
vt 0.00000 1.00000
vt 0.00000 1.00000
vt 0.00000 1.00000
vt 0.00000 1.00000
vt 0.00000 1.00000
vt 0.00000 1.00000
vt 0.00000 1.00000
vt 0.00000 1.00000
vt 0.00000 1.00000
vt 0.00000 1.00000
vt 0.00000 1.00000
vt 0.00000 1.00000
vt 0.00000 1.00000
vt 0.00000 1.00000
vt 0.00000 1.00000
vt 0.00000 1.00000
vt 0.00000 1.00000
vt 0.00000 1.00000
vt 0.00000 1.00000
vt 0.00000 1.00000
vt 0.00000 1.00000
vt 0.00000 1.00000
vt 0.00000 1.00000
vt 0.00000 1.00000
vt 0.00000 1.00000
vt 0.00000 1.00000
vt 0.00000 1.00000
vt 0.00000 1.00000
vt 0.00000 1.00000
vt 0.00000 1.00000
vt 0.00000 1.00000
vt 0.00000 1.00000
vt 0.00000 1.00000
vt 0.00000 1.00000
vt 0.00000 1.00000
vt 0.00000 1.00000
vt 0.00000 1.00000
vt 0.00000 1.00000
vt 0.00000 1.00000
vt 0.00000 1.00000
vt 0.00000 1.00000
vt 0.00000 1.00000
vt 0.00000 1.00000
vt 0.00000 1.00000
vt 0.00000 1.00000
vt 0.00000 1.00000
vt 0.00000 1.00000
vt 0.00000 1.00000
vt 0.00000 1.00000
vt 0.00000 1.00000
vt 0.00000 1.00000
vt 0.00000 1.00000
vt 0.00000 1.00000
vt 0.00000 1.00000
vt 0.00000 1.00000
vt 0.00000 1.00000
vt 0.00000 1.00000
vt 0.00000 1.00000
vt 0.00000 1.00000
vt 0.00000 1.00000
vt 0.00000 1.00000
vt 0.00000 1.00000
vt 0.00000 1.00000
vt 0.00000 1.00000
vt 0.00000 1.00000
vt 0.00000 1.00000
vt 0.00000 1.00000
vt 0.00000 1.00000
vt 0.00000 1.00000
vt 0.00000 1.00000
vt 0.00000 1.00000
vt 0.00000 1.00000
vt 0.00000 1.00000
vt 0.00000 1.00000
vt 0.00000 1.00000
vt 0.00000 1.00000
vt 0.00000 1.00000
vt 0.00000 1.00000
vt 0.00000 1.00000
vt 0.00000 1.00000
vt 0.00000 1.00000
vt 0.00000 1.00000
vt 0.00000 1.00000
vt 0.00000 1.00000
vt 0.00000 1.00000
vt 0.00000 1.00000
vt 0.00000 1.00000
vt 0.00000 1.00000
vt 0.00000 1.00000
vt 0.00000 1.00000
vt 0.00000 1.00000
vt 0.00000 1.00000
vt 0.00000 1.00000
vt 0.00000 1.00000
vt 0.00000 1.00000
vt 0.00000 1.00000
vt 0.00000 1.00000
vt 0.00000 1.00000
vt 0.00000 1.00000
vt 0.00000 1.00000
vt 0.00000 1.00000
vt 0.00000 1.00000
vt 0.00000 1.00000
vt 0.00000 1.00000
vt 0.00000 1.00000
vt 0.00000 1.00000
vt 0.00000 1.00000
vt 0.00000 1.00000
vt 0.00000 1.00000
vt 0.00000 1.00000
vt 0.00000 1.00000
vt 0.00000 1.00000
vt 0.00000 1.00000
vt 0.00000 1.00000
vt 0.00000 1.00000
vt 0.00000 1.00000
vt 0.00000 1.00000
vt 0.00000 1.00000
vt 0.00000 1.00000
vt 0.00000 1.00000
vt 0.00000 1.00000
vt 0.00000 1.00000
vt 0.00000 1.00000
vt 0.00000 1.00000
vt 0.00000 1.00000
vt 0.00000 1.00000
vt 0.00000 1.00000
vt 0.00000 1.00000
vt 0.00000 1.00000
vt 0.00000 1.00000
vt 0.00000 1.00000
vt 0.00000 1.00000
vt 0.00000 1.00000
vt 0.00000 1.00000
vt 0.00000 1.00000
vt 0.00000 1.00000
vt 0.00000 1.00000
vt 0.00000 1.00000
vt 0.00000 1.00000
vt 0.00000 1.00000
vt 0.00000 1.00000
vt 0.00000 1.00000
vt 0.00000 1.00000
vt 0.00000 1.00000
vt 0.00000 1.00000
vt 0.00000 1.00000
vt 0.00000 1.00000
vt 0.00000 1.00000
vt 0.00000 1.00000
vt 0.00000 1.00000
vt 0.00000 1.00000
vt 0.00000 1.00000
vt 0.00000 1.00000
vt 0.00000 1.00000
vt 0.00000 1.00000
vt 0.00000 1.00000
vt 0.00000 1.00000
vt 0.00000 1.00000
vt 0.00000 1.00000
vt 0.00000 1.00000
vt 0.00000 1.00000
vt 0.00000 1.00000
vt 0.00000 1.00000
vt 0.00000 1.00000
vt 0.00000 1.00000
vt 0.00000 1.00000
vt 0.00000 1.00000
vt 0.00000 1.00000
vt 0.00000 1.00000
vt 0.00000 1.00000
vt 0.00000 1.00000
vt 0.00000 1.00000
vt 0.00000 1.00000
vt 0.00000 1.00000
vt 0.00000 1.00000
vt 0.00000 1.00000
vt 0.00000 1.00000
vt 0.00000 1.00000
vt 0.00000 1.00000
vt 0.00000 1.00000
vt 0.00000 1.00000
vt 0.00000 1.00000
vt 0.00000 1.00000
vt 0.00000 1.00000
vt 0.00000 1.00000
vt 0.00000 1.00000
vt 0.00000 1.00000
vt 0.00000 1.00000
vt 0.00000 1.00000
vt 0.00000 1.00000
vt 0.00000 1.00000
vt 0.00000 1.00000
vt 0.00000 1.00000
vt 0.00000 1.00000
vt 0.00000 1.00000
vt 0.00000 1.00000
vt 0.00000 1.00000
vt 0.00000 1.00000
vt 0.00000 1.00000
vt 0.00000 1.00000
vt 0.00000 1.00000
vt 0.00000 1.00000
vt 0.00000 1.00000
vt 0.00000 1.00000
vt 0.00000 1.00000
vt 0.00000 1.00000
vt 0.00000 1.00000
vt 0.00000 1.00000
vt 0.00000 1.00000
vt 0.00000 1.00000
vt 0.00000 1.00000
vt 0.00000 1.00000
vt 0.00000 1.00000
vt 0.00000 1.00000
vt 0.00000 1.00000
vt 0.00000 1.00000
vt 0.00000 1.00000
vt 0.00000 1.00000
vt 0.00000 1.00000
vt 0.00000 1.00000
vt 0.00000 1.00000
vt 0.00000 1.00000
vt 0.00000 1.00000
vt 0.00000 1.00000
vt 0.00000 1.00000
vt 0.00000 1.00000
vt 0.00000 1.00000
vt 0.00000 1.00000
vt 0.00000 1.00000
vt 0.00000 1.00000
vt 0.00000 1.00000
vt 0.00000 1.00000
vt 0.00000 1.00000
vt 0.00000 1.00000
vt 0.00000 1.00000
vt 0.00000 1.00000
vt 0.00000 1.00000
vt 0.00000 1.00000
vt 0.00000 1.00000
vt 0.00000 1.00000
vt 0.00000 1.00000
vt 0.00000 1.00000
vt 0.00000 1.00000
vt 0.00000 1.00000
vt 0.00000 1.00000
vt 0.00000 1.00000
vt 0.00000 1.00000
vt 0.00000 1.00000
vt 0.00000 1.00000
vt 0.00000 1.00000
vt 0.00000 1.00000
vt 0.00000 1.00000
vt 0.00000 1.00000
vt 0.00000 1.00000
vt 0.00000 1.00000
vt 0.00000 1.00000
vt 0.00000 1.00000
vt 0.00000 1.00000
vt 0.00000 1.00000
vt 0.00000 1.00000
vt 0.00000 1.00000
vt 0.00000 1.00000
vt 0.00000 1.00000
vt 0.00000 1.00000
vt 0.00000 1.00000
vt 0.00000 1.00000
vt 0.00000 1.00000
vt 0.00000 1.00000
vt 0.00000 1.00000
vt 0.00000 1.00000
vt 0.00000 1.00000
vt 0.00000 1.00000
vt 0.00000 1.00000
vt 0.00000 1.00000
vt 0.00000 1.00000
vt 0.00000 1.00000
vt 0.00000 1.00000
vt 0.00000 1.00000
vt 0.00000 1.00000
vt 0.00000 1.00000
vt 0.00000 1.00000
vt 0.00000 1.00000
vt 0.00000 1.00000
vt 0.00000 1.00000
vt 0.00000 1.00000
vt 0.00000 1.00000
vt 0.00000 1.00000
vt 0.00000 1.00000
vt 0.00000 1.00000
vt 0.00000 1.00000
vt 0.00000 1.00000
vt 0.00000 1.00000
vt 0.00000 1.00000
vt 0.00000 1.00000
vt 0.00000 1.00000
vt 0.00000 1.00000
vt 0.00000 1.00000
vt 0.00000 1.00000
vt 0.00000 1.00000
vt 0.00000 1.00000
vt 0.00000 1.00000
vt 0.00000 1.00000
vt 0.00000 1.00000
vt 0.00000 1.00000
vt 0.00000 1.00000
vt 0.00000 1.00000
vt 0.00000 1.00000
vt 0.00000 1.00000
vt 0.00000 1.00000
vt 0.00000 1.00000
vt 0.00000 1.00000
vt 0.00000 1.00000
vt 0.00000 1.00000
vt 0.00000 1.00000
vt 0.00000 1.00000
vt 0.00000 1.00000
vt 0.00000 1.00000
vt 0.00000 1.00000
vt 0.00000 1.00000
vt 0.00000 1.00000
vt 0.00000 1.00000
vt 0.00000 1.00000
vt 0.00000 1.00000
vt 0.00000 1.00000
vt 0.00000 1.00000
vt 0.00000 1.00000
vt 0.00000 1.00000
vt 0.00000 1.00000
vt 0.00000 1.00000
vt 0.00000 1.00000
vt 0.00000 1.00000
vt 0.00000 1.00000
vt 0.00000 1.00000
vt 0.00000 1.00000
vt 0.00000 1.00000
vt 0.00000 1.00000
vt 0.00000 1.00000
vt 0.00000 1.00000
vt 0.00000 1.00000
vt 0.00000 1.00000
vt 0.00000 1.00000
vt 0.00000 1.00000
vt 0.00000 1.00000
vt 0.00000 1.00000
vt 0.00000 1.00000
vt 0.00000 1.00000
vt 0.00000 1.00000
vt 0.00000 1.00000
vt 0.00000 1.00000
vt 0.00000 1.00000
vt 0.00000 1.00000
vt 0.00000 1.00000
vt 0.00000 1.00000
vt 0.00000 1.00000
vt 0.00000 1.00000
vt 0.00000 1.00000
vt 0.00000 1.00000
vt 0.00000 1.00000
vt 0.00000 1.00000
vt 0.00000 1.00000
vt 0.00000 1.00000
vt 0.00000 1.00000
vt 0.00000 1.00000
vt 0.00000 1.00000
vt 0.00000 1.00000
vt 0.00000 1.00000
vt 0.00000 1.00000
vt 0.00000 1.00000
vt 0.00000 1.00000
vt 0.00000 1.00000
vt 0.00000 1.00000
vt 0.00000 1.00000
vt 0.00000 1.00000
vt 0.00000 1.00000
vt 0.00000 1.00000
vt 0.00000 1.00000
vt 0.00000 1.00000
vt 0.00000 1.00000
vt 0.00000 1.00000
vt 0.00000 1.00000
vt 0.00000 1.00000
vt 0.00000 1.00000
vt 0.00000 1.00000
vt 0.00000 1.00000
vt 0.00000 1.00000
vt 0.00000 1.00000
vt 0.00000 1.00000
vt 0.00000 1.00000
vt 0.00000 1.00000
vt 0.00000 1.00000
vt 0.00000 1.00000
vt 0.00000 1.00000
vt 0.00000 1.00000
vt 0.00000 1.00000
vt 0.00000 1.00000
vt 0.00000 1.00000
vt 0.00000 1.00000
vt 0.00000 1.00000
vt 0.00000 1.00000
vt 0.00000 1.00000
vt 0.00000 1.00000
vt 0.00000 1.00000
vt 0.00000 1.00000
vt 0.00000 1.00000
vt 0.00000 1.00000
vt 0.00000 1.00000
vt 0.00000 1.00000
vt 0.00000 1.00000
vt 0.00000 1.00000
vt 0.00000 1.00000
vt 0.00000 1.00000
vt 0.00000 1.00000
vt 0.00000 1.00000
vt 0.00000 1.00000
vt 0.00000 1.00000
vt 0.00000 1.00000
vt 0.00000 1.00000
vt 0.00000 1.00000
vt 0.00000 1.00000
vt 0.00000 1.00000
vt 0.00000 1.00000
vt 0.00000 1.00000
vt 0.00000 1.00000
vt 0.00000 1.00000
vt 0.00000 1.00000
vt 0.00000 1.00000
vt 0.00000 1.00000
vt 0.00000 1.00000
vt 0.00000 1.00000
vt 0.00000 1.00000
vt 0.00000 1.00000
vt 0.00000 1.00000
vt 0.00000 1.00000
vt 0.00000 1.00000
vt 0.00000 1.00000
vt 0.00000 1.00000
vt 0.00000 1.00000
vt 0.00000 1.00000
vt 0.00000 1.00000
vt 0.00000 1.00000
vt 0.00000 1.00000
vt 0.00000 1.00000
vt 0.00000 1.00000
vt 0.00000 1.00000
vt 0.00000 1.00000
vt 0.00000 1.00000
vt 0.00000 1.00000
vt 0.00000 1.00000
vt 0.00000 1.00000
vt 0.00000 1.00000
vt 0.00000 1.00000
vt 0.00000 1.00000
vt 0.00000 1.00000
vt 0.00000 1.00000
vt 0.00000 1.00000
vt 0.00000 1.00000
vt 0.00000 1.00000
vt 0.00000 1.00000
vt 0.00000 1.00000
vt 0.00000 1.00000
vt 0.00000 1.00000
vt 0.00000 1.00000
vt 0.00000 1.00000
vt 0.00000 1.00000
vt 0.00000 1.00000
vt 0.00000 1.00000
vt 0.00000 1.00000
vt 0.00000 1.00000
vt 0.00000 1.00000
vt 0.00000 1.00000
vt 0.00000 1.00000
vt 0.00000 1.00000
vt 0.00000 1.00000
vt 0.00000 1.00000
vt 0.00000 1.00000
vt 0.00000 1.00000
vt 0.00000 1.00000
vt 0.00000 1.00000
vt 0.00000 1.00000
vt 0.00000 1.00000
vt 0.00000 1.00000
vt 0.00000 1.00000
vt 0.00000 1.00000
vt 0.00000 1.00000
vt 0.00000 1.00000
vt 0.00000 1.00000
vt 0.00000 1.00000
vt 0.00000 1.00000
vt 0.00000 1.00000
vt 0.00000 1.00000
vt 0.00000 1.00000
vt 0.00000 1.00000
vt 0.00000 1.00000
vt 0.00000 1.00000
vt 0.00000 1.00000
vt 0.00000 1.00000
vt 0.00000 1.00000
vt 0.00000 1.00000
vt 0.00000 1.00000
vt 0.00000 1.00000
vt 0.00000 1.00000
vt 0.00000 1.00000
vt 0.00000 1.00000
vt 0.00000 1.00000
vt 0.00000 1.00000
vt 0.00000 1.00000
vt 0.00000 1.00000
vt 0.00000 1.00000
vt 0.00000 1.00000
vt 0.00000 1.00000
vt 0.00000 1.00000
vt 0.00000 1.00000
vt 0.00000 1.00000
vt 0.00000 1.00000
vt 0.00000 1.00000
vt 0.00000 1.00000
vt 0.00000 1.00000
vt 0.00000 1.00000
vt 0.00000 1.00000
vt 0.00000 1.00000
vt 0.00000 1.00000
vt 0.00000 1.00000
vt 0.00000 1.00000
vt 0.00000 1.00000
vt 0.00000 1.00000
vt 0.00000 1.00000
vt 0.00000 1.00000
vt 0.00000 1.00000
vt 0.00000 1.00000
vt 0.00000 1.00000
vt 0.00000 1.00000
vt 0.00000 1.00000
vt 0.00000 1.00000
vt 0.00000 1.00000
vt 0.00000 1.00000
vt 0.00000 1.00000
vt 0.00000 1.00000
vt 0.00000 1.00000
vt 0.00000 1.00000
vt 0.00000 1.00000
vt 0.00000 1.00000
vt 0.00000 1.00000
vt 0.00000 1.00000
vt 0.00000 1.00000
vt 0.00000 1.00000
vt 0.00000 1.00000
vt 0.00000 1.00000
vt 0.00000 1.00000
vt 0.00000 1.00000
vt 0.00000 1.00000
vt 0.00000 1.00000
vt 0.00000 1.00000
vt 0.00000 1.00000
vt 0.00000 1.00000
vt 0.00000 1.00000
vt 0.00000 1.00000
vt 0.00000 1.00000
vt 0.00000 1.00000
vt 0.00000 1.00000
vt 0.00000 1.00000
vt 0.00000 1.00000
vt 0.00000 1.00000
vt 0.00000 1.00000
vt 0.00000 1.00000
vt 0.00000 1.00000
vt 0.00000 1.00000
vt 0.00000 1.00000
vt 0.00000 1.00000
vt 0.00000 1.00000
vt 0.00000 1.00000
vt 0.00000 1.00000
vt 0.00000 1.00000
vt 0.00000 1.00000
vt 0.00000 1.00000
vt 0.00000 1.00000
vt 0.00000 1.00000
vt 0.00000 1.00000
vt 0.00000 1.00000
vt 0.00000 1.00000
vt 0.00000 1.00000
vt 0.00000 1.00000
vt 0.00000 1.00000
vt 0.00000 1.00000
vt 0.00000 1.00000
vt 0.00000 1.00000
vt 0.00000 1.00000
vt 0.00000 1.00000
vt 0.00000 1.00000
vt 0.00000 1.00000
vt 0.00000 1.00000
vt 0.00000 1.00000
vt 0.00000 1.00000
vt 0.00000 1.00000
vt 0.00000 1.00000
vt 0.00000 1.00000
vt 0.00000 1.00000
vt 0.00000 1.00000
vt 0.00000 1.00000
vt 0.00000 1.00000
vt 0.00000 1.00000
vt 0.00000 1.00000
vt 0.00000 1.00000
vt 0.00000 1.00000
vt 0.00000 1.00000
vt 0.00000 1.00000
vt 0.00000 1.00000
vt 0.00000 1.00000
vt 0.00000 1.00000
vt 0.00000 1.00000
vt 0.00000 1.00000
vt 0.00000 1.00000
vt 0.00000 1.00000
vt 0.00000 1.00000
vt 0.00000 1.00000
vt 0.00000 1.00000
vt 0.00000 1.00000
vt 0.00000 1.00000
vt 0.00000 1.00000
vt 0.00000 1.00000
vt 0.00000 1.00000
vt 0.00000 1.00000
vt 0.00000 1.00000
vt 0.00000 1.00000
vt 0.00000 1.00000
vt 0.00000 1.00000
vt 0.00000 1.00000
vt 0.00000 1.00000
vt 0.00000 1.00000
vt 0.00000 1.00000
vt 0.00000 1.00000
vt 0.00000 1.00000
vt 0.00000 1.00000
vt 0.00000 1.00000
vt 0.00000 1.00000
vt 0.00000 1.00000
vt 0.00000 1.00000
vt 0.00000 1.00000
vt 0.00000 1.00000
vt 0.00000 1.00000
vt 0.00000 1.00000
vt 0.00000 1.00000
vt 0.00000 1.00000
vt 0.00000 1.00000
vt 0.00000 1.00000
vt 0.00000 1.00000
vt 0.00000 1.00000
vt 0.00000 1.00000
vt 0.00000 1.00000
vt 0.00000 1.00000
vt 0.00000 1.00000
vt 0.00000 1.00000
vt 0.00000 1.00000
vt 0.00000 1.00000
vt 0.00000 1.00000
vt 0.00000 1.00000
vt 0.00000 1.00000
vt 0.00000 1.00000
vt 0.00000 1.00000
vt 0.00000 1.00000
vt 0.00000 1.00000
vt 0.00000 1.00000
vt 0.00000 1.00000
vt 0.00000 1.00000
vt 0.00000 1.00000
vt 0.00000 1.00000
vt 0.00000 1.00000
vt 0.00000 1.00000
vt 0.00000 1.00000
vt 0.00000 1.00000
vt 0.00000 1.00000
vt 0.00000 1.00000
vt 0.00000 1.00000
vt 0.00000 1.00000
vt 0.00000 1.00000
vt 0.00000 1.00000
vt 0.00000 1.00000
vt 0.00000 1.00000
vt 0.00000 1.00000
vt 0.00000 1.00000
vt 0.00000 1.00000
vt 0.00000 1.00000
vt 0.00000 1.00000
vt 0.00000 1.00000
vt 0.00000 1.00000
vt 0.00000 1.00000
vt 0.00000 1.00000
vt 0.00000 1.00000
vt 0.00000 1.00000
vt 0.00000 1.00000
vt 0.00000 1.00000
vt 0.00000 1.00000
vt 0.00000 1.00000
vt 0.00000 1.00000
vt 0.00000 1.00000
vt 0.00000 1.00000
usemtl needles
f 349/349 350/350 351/351
f 352/352 353/353 354/354
f 355/355 356/356 357/357
f 358/358 359/359 360/360
f 361/361 362/362 363/363
f 364/364 365/365 366/366
f 367/367 368/368 369/369
f 370/370 371/371 372/372
f 373/373 374/374 375/375
f 376/376 377/377 378/378
f 379/379 380/380 381/381
f 382/382 383/383 384/384
f 385/385 386/386 387/387
f 388/388 389/389 390/390
f 391/391 392/392 393/393
f 394/394 395/395 396/396
f 397/397 398/398 399/399
f 400/400 401/401 402/402
f 403/403 404/404 405/405
f 406/406 407/407 408/408
f 409/409 410/410 411/411
f 412/412 413/413 414/414
f 415/415 416/416 417/417
f 418/418 419/419 420/420
f 421/421 422/422 423/423
f 424/424 425/425 426/426
f 427/427 428/428 429/429
f 430/430 431/431 432/432
f 433/433 434/434 435/435
f 436/436 437/437 438/438
f 439/439 440/440 441/441
f 442/442 443/443 444/444
f 445/445 446/446 447/447
f 448/448 449/449 450/450
f 451/451 452/452 453/453
f 454/454 455/455 456/456
f 457/457 458/458 459/459
f 460/460 461/461 462/462
f 463/463 464/464 465/465
f 466/466 467/467 468/468
f 469/469 470/470 471/471
f 472/472 473/473 474/474
f 475/475 476/476 477/477
f 478/478 479/479 480/480
f 481/481 482/482 483/483
f 484/484 485/485 486/486
f 487/487 488/488 489/489
f 490/490 491/491 492/492
f 493/493 494/494 495/495
f 496/496 497/497 498/498
f 499/499 500/500 501/501
f 502/502 503/503 504/504
f 505/505 506/506 507/507
f 508/508 509/509 510/510
f 511/511 512/512 513/513
f 514/514 515/515 516/516
f 517/517 518/518 519/519
f 520/520 521/521 522/522
f 523/523 524/524 525/525
f 526/526 527/527 528/528
f 529/529 530/530 531/531
f 532/532 533/533 534/534
f 535/535 536/536 537/537
f 538/538 539/539 540/540
f 541/541 542/542 543/543
f 544/544 545/545 546/546
f 547/547 548/548 549/549
f 550/550 551/551 552/552
f 553/553 554/554 555/555
f 556/556 557/557 558/558
f 559/559 560/560 561/561
f 562/562 563/563 564/564
f 565/565 566/566 567/567
f 568/568 569/569 570/570
f 571/571 572/572 573/573
f 574/574 575/575 576/576
f 577/577 578/578 579/579
f 580/580 581/581 582/582
f 583/583 584/584 585/585
f 586/586 587/587 588/588
f 589/589 590/590 591/591
f 592/592 593/593 594/594
f 595/595 596/596 597/597
f 598/598 599/599 600/600
f 601/601 602/602 603/603
f 604/604 605/605 606/606
f 607/607 608/608 609/609
f 610/610 611/611 612/612
f 613/613 614/614 615/615
f 616/616 617/617 618/618
f 619/619 620/620 621/621
f 622/622 623/623 624/624
f 625/625 626/626 627/627
f 628/628 629/629 630/630
f 631/631 632/632 633/633
f 634/634 635/635 636/636
f 637/637 638/638 639/639
f 640/640 641/641 642/642
f 643/643 644/644 645/645
f 646/646 647/647 648/648
f 649/649 650/650 651/651
f 652/652 653/653 654/654
f 655/655 656/656 657/657
f 658/658 659/659 660/660
f 661/661 662/662 663/663
f 664/664 665/665 666/666
f 667/667 668/668 669/669
f 670/670 671/671 672/672
f 673/673 674/674 675/675
f 676/676 677/677 678/678
f 679/679 680/680 681/681
f 682/682 683/683 684/684
f 685/685 686/686 687/687
f 688/688 689/689 690/690
f 691/691 692/692 693/693
f 694/694 695/695 696/696
f 697/697 698/698 699/699
f 700/700 701/701 702/702
f 703/703 704/704 705/705
f 706/706 707/707 708/708
f 709/709 710/710 711/711
f 712/712 713/713 714/714
f 715/715 716/716 717/717
f 718/718 719/719 720/720
f 721/721 722/722 723/723
f 724/724 725/725 726/726
f 727/727 728/728 729/729
f 730/730 731/731 732/732
f 733/733 734/734 735/735
f 736/736 737/737 738/738
f 739/739 740/740 741/741
f 742/742 743/743 744/744
f 745/745 746/746 747/747
f 748/748 749/749 750/750
f 751/751 752/752 753/753
f 754/754 755/755 756/756
f 757/757 758/758 759/759
f 760/760 761/761 762/762
f 763/763 764/764 765/765
f 766/766 767/767 768/768
f 769/769 770/770 771/771
f 772/772 773/773 774/774
f 775/775 776/776 777/777
f 778/778 779/779 780/780
f 781/781 782/782 783/783
f 784/784 785/785 786/786
f 787/787 788/788 789/789
f 790/790 791/791 792/792
f 793/793 794/794 795/795
f 796/796 797/797 798/798
f 799/799 800/800 801/801
f 802/802 803/803 804/804
f 805/805 806/806 807/807
f 808/808 809/809 810/810
f 811/811 812/812 813/813
f 814/814 815/815 816/816
f 817/817 818/818 819/819
f 820/820 821/821 822/822
f 823/823 824/824 825/825
f 826/826 827/827 828/828
f 829/829 830/830 831/831
f 832/832 833/833 834/834
f 835/835 836/836 837/837
f 838/838 839/839 840/840
f 841/841 842/842 843/843
f 844/844 845/845 846/846
f 847/847 848/848 849/849
f 850/850 851/851 852/852
f 853/853 854/854 855/855
f 856/856 857/857 858/858
f 859/859 860/860 861/861
f 862/862 863/863 864/864
f 865/865 866/866 867/867
f 868/868 869/869 870/870
f 871/871 872/872 873/873
f 874/874 875/875 876/876
f 877/877 878/878 879/879
f 880/880 881/881 882/882
f 883/883 884/884 885/885
f 886/886 887/887 888/888
f 889/889 890/890 891/891
f 892/892 893/893 894/894
f 895/895 896/896 897/897
f 898/898 899/899 900/900
f 901/901 902/902 903/903
f 904/904 905/905 906/906
f 907/907 908/908 909/909
f 910/910 911/911 912/912
f 913/913 914/914 915/915
f 916/916 917/917 918/918
f 919/919 920/920 921/921
f 922/922 923/923 924/924
f 925/925 926/926 927/927
f 928/928 929/929 930/930
f 931/931 932/932 933/933
f 934/934 935/935 936/936
f 937/937 938/938 939/939
f 940/940 941/941 942/942
f 943/943 944/944 945/945
f 946/946 947/947 948/948
f 949/949 950/950 951/951
f 952/952 953/953 954/954
f 955/955 956/956 957/957
f 958/958 959/959 960/960
f 961/961 962/962 963/963
f 964/964 965/965 966/966
f 967/967 968/968 969/969
f 970/970 971/971 972/972
f 973/973 974/974 975/975
f 976/976 977/977 978/978
f 979/979 980/980 981/981
f 982/982 983/983 984/984
f 985/985 986/986 987/987
f 988/988 989/989 990/990
f 991/991 992/992 993/993
f 994/994 995/995 996/996
f 997/997 998/998 999/999
f 1000/1000 1001/1001 1002/1002
f 1003/1003 1004/1004 1005/1005
f 1006/1006 1007/1007 1008/1008
f 1009/1009 1010/1010 1011/1011
f 1012/1012 1013/1013 1014/1014
f 1015/1015 1016/1016 1017/1017
f 1018/1018 1019/1019 1020/1020
f 1021/1021 1022/1022 1023/1023
f 1024/1024 1025/1025 1026/1026
f 1027/1027 1028/1028 1029/1029
f 1030/1030 1031/1031 1032/1032
f 1033/1033 1034/1034 1035/1035
f 1036/1036 1037/1037 1038/1038
f 1039/1039 1040/1040 1041/1041
f 1042/1042 1043/1043 1044/1044
f 1045/1045 1046/1046 1047/1047
f 1048/1048 1049/1049 1050/1050
f 1051/1051 1052/1052 1053/1053
f 1054/1054 1055/1055 1056/1056
f 1057/1057 1058/1058 1059/1059
f 1060/1060 1061/1061 1062/1062
f 1063/1063 1064/1064 1065/1065
f 1066/1066 1067/1067 1068/1068
f 1069/1069 1070/1070 1071/1071
f 1072/1072 1073/1073 1074/1074
f 1075/1075 1076/1076 1077/1077
f 1078/1078 1079/1079 1080/1080
f 1081/1081 1082/1082 1083/1083
f 1084/1084 1085/1085 1086/1086
f 1087/1087 1088/1088 1089/1089
f 1090/1090 1091/1091 1092/1092
f 1093/1093 1094/1094 1095/1095
f 1096/1096 1097/1097 1098/1098
f 1099/1099 1100/1100 1101/1101
f 1102/1102 1103/1103 1104/1104
f 1105/1105 1106/1106 1107/1107
f 1108/1108 1109/1109 1110/1110
f 1111/1111 1112/1112 1113/1113
f 1114/1114 1115/1115 1116/1116
f 1117/1117 1118/1118 1119/1119
f 1120/1120 1121/1121 1122/1122
f 1123/1123 1124/1124 1125/1125
f 1126/1126 1127/1127 1128/1128
f 1129/1129 1130/1130 1131/1131
f 1132/1132 1133/1133 1134/1134
f 1135/1135 1136/1136 1137/1137
f 1138/1138 1139/1139 1140/1140
f 1141/1141 1142/1142 1143/1143
f 1144/1144 1145/1145 1146/1146
f 1147/1147 1148/1148 1149/1149
f 1150/1150 1151/1151 1152/1152
f 1153/1153 1154/1154 1155/1155
f 1156/1156 1157/1157 1158/1158
f 1159/1159 1160/1160 1161/1161
f 1162/1162 1163/1163 1164/1164
f 1165/1165 1166/1166 1167/1167
f 1168/1168 1169/1169 1170/1170
f 1171/1171 1172/1172 1173/1173
f 1174/1174 1175/1175 1176/1176
f 1177/1177 1178/1178 1179/1179
f 1180/1180 1181/1181 1182/1182
f 1183/1183 1184/1184 1185/1185
f 1186/1186 1187/1187 1188/1188
f 1189/1189 1190/1190 1191/1191
f 1192/1192 1193/1193 1194/1194
f 1195/1195 1196/1196 1197/1197
f 1198/1198 1199/1199 1200/1200
f 1201/1201 1202/1202 1203/1203
f 1204/1204 1205/1205 1206/1206
f 1207/1207 1208/1208 1209/1209
f 1210/1210 1211/1211 1212/1212
f 1213/1213 1214/1214 1215/1215
f 1216/1216 1217/1217 1218/1218
f 1219/1219 1220/1220 1221/1221
f 1222/1222 1223/1223 1224/1224
f 1225/1225 1226/1226 1227/1227
f 1228/1228 1229/1229 1230/1230
f 1231/1231 1232/1232 1233/1233
f 1234/1234 1235/1235 1236/1236
f 1237/1237 1238/1238 1239/1239
f 1240/1240 1241/1241 1242/1242
f 1243/1243 1244/1244 1245/1245
f 1246/1246 1247/1247 1248/1248
f 1249/1249 1250/1250 1251/1251
f 1252/1252 1253/1253 1254/1254
f 1255/1255 1256/1256 1257/1257
f 1258/1258 1259/1259 1260/1260
f 1261/1261 1262/1262 1263/1263
f 1264/1264 1265/1265 1266/1266
f 1267/1267 1268/1268 1269/1269
f 1270/1270 1271/1271 1272/1272
f 1273/1273 1274/1274 1275/1275
f 1276/1276 1277/1277 1278/1278
f 1279/1279 1280/1280 1281/1281
f 1282/1282 1283/1283 1284/1284
f 1285/1285 1286/1286 1287/1287
f 1288/1288 1289/1289 1290/1290
f 1291/1291 1292/1292 1293/1293
f 1294/1294 1295/1295 1296/1296
f 1297/1297 1298/1298 1299/1299
f 1300/1300 1301/1301 1302/1302
f 1303/1303 1304/1304 1305/1305
f 1306/1306 1307/1307 1308/1308
f 1309/1309 1310/1310 1311/1311
f 1312/1312 1313/1313 1314/1314
f 1315/1315 1316/1316 1317/1317
f 1318/1318 1319/1319 1320/1320
f 1321/1321 1322/1322 1323/1323
f 1324/1324 1325/1325 1326/1326
f 1327/1327 1328/1328 1329/1329
f 1330/1330 1331/1331 1332/1332
f 1333/1333 1334/1334 1335/1335
f 1336/1336 1337/1337 1338/1338
f 1339/1339 1340/1340 1341/1341
f 1342/1342 1343/1343 1344/1344
f 1345/1345 1346/1346 1347/1347
f 1348/1348 1349/1349 1350/1350
f 1351/1351 1352/1352 1353/1353
f 1354/1354 1355/1355 1356/1356
f 1357/1357 1358/1358 1359/1359
f 1360/1360 1361/1361 1362/1362
f 1363/1363 1364/1364 1365/1365
f 1366/1366 1367/1367 1368/1368
f 1369/1369 1370/1370 1371/1371
f 1372/1372 1373/1373 1374/1374
f 1375/1375 1376/1376 1377/1377
f 1378/1378 1379/1379 1380/1380
f 1381/1381 1382/1382 1383/1383
f 1384/1384 1385/1385 1386/1386
f 1387/1387 1388/1388 1389/1389
f 1390/1390 1391/1391 1392/1392
f 1393/1393 1394/1394 1395/1395
f 1396/1396 1397/1397 1398/1398
f 1399/1399 1400/1400 1401/1401
f 1402/1402 1403/1403 1404/1404
f 1405/1405 1406/1406 1407/1407
f 1408/1408 1409/1409 1410/1410
f 1411/1411 1412/1412 1413/1413
f 1414/1414 1415/1415 1416/1416
f 1417/1417 1418/1418 1419/1419
f 1420/1420 1421/1421 1422/1422
f 1423/1423 1424/1424 1425/1425
f 1426/1426 1427/1427 1428/1428
f 1429/1429 1430/1430 1431/1431
f 1432/1432 1433/1433 1434/1434
f 1435/1435 1436/1436 1437/1437
f 1438/1438 1439/1439 1440/1440
f 1441/1441 1442/1442 1443/1443
f 1444/1444 1445/1445 1446/1446
f 1447/1447 1448/1448 1449/1449
f 1450/1450 1451/1451 1452/1452
f 1453/1453 1454/1454 1455/1455
f 1456/1456 1457/1457 1458/1458
f 1459/1459 1460/1460 1461/1461
f 1462/1462 1463/1463 1464/1464
f 1465/1465 1466/1466 1467/1467
f 1468/1468 1469/1469 1470/1470
f 1471/1471 1472/1472 1473/1473
f 1474/1474 1475/1475 1476/1476
f 1477/1477 1478/1478 1479/1479
f 1480/1480 1481/1481 1482/1482
f 1483/1483 1484/1484 1485/1485
f 1486/1486 1487/1487 1488/1488
f 1489/1489 1490/1490 1491/1491
f 1492/1492 1493/1493 1494/1494
f 1495/1495 1496/1496 1497/1497
f 1498/1498 1499/1499 1500/1500
f 1501/1501 1502/1502 1503/1503
f 1504/1504 1505/1505 1506/1506
f 1507/1507 1508/1508 1509/1509
f 1510/1510 1511/1511 1512/1512
f 1513/1513 1514/1514 1515/1515
f 1516/1516 1517/1517 1518/1518
f 1519/1519 1520/1520 1521/1521
f 1522/1522 1523/1523 1524/1524
f 1525/1525 1526/1526 1527/1527
f 1528/1528 1529/1529 1530/1530
f 1531/1531 1532/1532 1533/1533
f 1534/1534 1535/1535 1536/1536
f 1537/1537 1538/1538 1539/1539
f 1540/1540 1541/1541 1542/1542
f 1543/1543 1544/1544 1545/1545
f 1546/1546 1547/1547 1548/1548
f 1549/1549 1550/1550 1551/1551
f 1552/1552 1553/1553 1554/1554
f 1555/1555 1556/1556 1557/1557
f 1558/1558 1559/1559 1560/1560
f 1561/1561 1562/1562 1563/1563
f 1564/1564 1565/1565 1566/1566
f 1567/1567 1568/1568 1569/1569
f 1570/1570 1571/1571 1572/1572
f 1573/1573 1574/1574 1575/1575
f 1576/1576 1577/1577 1578/1578
f 1579/1579 1580/1580 1581/1581
f 1582/1582 1583/1583 1584/1584
f 1585/1585 1586/1586 1587/1587
f 1588/1588 1589/1589 1590/1590
f 1591/1591 1592/1592 1593/1593
f 1594/1594 1595/1595 1596/1596
f 1597/1597 1598/1598 1599/1599
f 1600/1600 1601/1601 1602/1602
f 1603/1603 1604/1604 1605/1605
f 1606/1606 1607/1607 1608/1608
f 1609/1609 1610/1610 1611/1611
f 1612/1612 1613/1613 1614/1614
f 1615/1615 1616/1616 1617/1617
f 1618/1618 1619/1619 1620/1620
f 1621/1621 1622/1622 1623/1623
f 1624/1624 1625/1625 1626/1626
f 1627/1627 1628/1628 1629/1629
f 1630/1630 1631/1631 1632/1632
f 1633/1633 1634/1634 1635/1635
f 1636/1636 1637/1637 1638/1638
f 1639/1639 1640/1640 1641/1641
f 1642/1642 1643/1643 1644/1644
f 1645/1645 1646/1646 1647/1647
f 1648/1648 1649/1649 1650/1650
f 1651/1651 1652/1652 1653/1653
f 1654/1654 1655/1655 1656/1656
f 1657/1657 1658/1658 1659/1659
f 1660/1660 1661/1661 1662/1662
f 1663/1663 1664/1664 1665/1665
f 1666/1666 1667/1667 1668/1668
f 1669/1669 1670/1670 1671/1671
f 1672/1672 1673/1673 1674/1674
f 1675/1675 1676/1676 1677/1677
f 1678/1678 1679/1679 1680/1680
f 1681/1681 1682/1682 1683/1683
f 1684/1684 1685/1685 1686/1686
f 1687/1687 1688/1688 1689/1689
f 1690/1690 1691/1691 1692/1692
f 1693/1693 1694/1694 1695/1695
f 1696/1696 1697/1697 1698/1698
f 1699/1699 1700/1700 1701/1701
f 1702/1702 1703/1703 1704/1704
f 1705/1705 1706/1706 1707/1707
f 1708/1708 1709/1709 1710/1710
f 1711/1711 1712/1712 1713/1713
f 1714/1714 1715/1715 1716/1716
f 1717/1717 1718/1718 1719/1719
f 1720/1720 1721/1721 1722/1722
f 1723/1723 1724/1724 1725/1725
f 1726/1726 1727/1727 1728/1728
f 1729/1729 1730/1730 1731/1731
f 1732/1732 1733/1733 1734/1734
f 1735/1735 1736/1736 1737/1737
f 1738/1738 1739/1739 1740/1740
f 1741/1741 1742/1742 1743/1743
f 1744/1744 1745/1745 1746/1746
f 1747/1747 1748/1748 1749/1749
f 1750/1750 1751/1751 1752/1752
f 1753/1753 1754/1754 1755/1755
f 1756/1756 1757/1757 1758/1758
f 1759/1759 1760/1760 1761/1761
f 1762/1762 1763/1763 1764/1764
f 1765/1765 1766/1766 1767/1767
f 1768/1768 1769/1769 1770/1770
f 1771/1771 1772/1772 1773/1773
f 1774/1774 1775/1775 1776/1776
f 1777/1777 1778/1778 1779/1779
f 1780/1780 1781/1781 1782/1782
f 1783/1783 1784/1784 1785/1785
f 1786/1786 1787/1787 1788/1788
f 1789/1789 1790/1790 1791/1791
f 1792/1792 1793/1793 1794/1794
f 1795/1795 1796/1796 1797/1797
f 1798/1798 1799/1799 1800/1800
f 1801/1801 1802/1802 1803/1803
f 1804/1804 1805/1805 1806/1806
f 1807/1807 1808/1808 1809/1809
f 1810/1810 1811/1811 1812/1812
f 1813/1813 1814/1814 1815/1815
f 1816/1816 1817/1817 1818/1818
f 1819/1819 1820/1820 1821/1821
f 1822/1822 1823/1823 1824/1824
f 1825/1825 1826/1826 1827/1827
f 1828/1828 1829/1829 1830/1830
f 1831/1831 1832/1832 1833/1833
f 1834/1834 1835/1835 1836/1836
f 1837/1837 1838/1838 1839/1839
f 1840/1840 1841/1841 1842/1842
f 1843/1843 1844/1844 1845/1845
f 1846/1846 1847/1847 1848/1848
f 1849/1849 1850/1850 1851/1851
f 1852/1852 1853/1853 1854/1854
f 1855/1855 1856/1856 1857/1857
f 1858/1858 1859/1859 1860/1860
f 1861/1861 1862/1862 1863/1863
f 1864/1864 1865/1865 1866/1866
f 1867/1867 1868/1868 1869/1869
f 1870/1870 1871/1871 1872/1872
f 1873/1873 1874/1874 1875/1875
f 1876/1876 1877/1877 1878/1878
f 1879/1879 1880/1880 1881/1881
f 1882/1882 1883/1883 1884/1884
f 1885/1885 1886/1886 1887/1887
f 1888/1888 1889/1889 1890/1890
f 1891/1891 1892/1892 1893/1893
f 1894/1894 1895/1895 1896/1896
f 1897/1897 1898/1898 1899/1899
f 1900/1900 1901/1901 1902/1902
f 1903/1903 1904/1904 1905/1905
f 1906/1906 1907/1907 1908/1908
f 1909/1909 1910/1910 1911/1911
f 1912/1912 1913/1913 1914/1914
