# Generated by TyraX. Do not edit - rebaked from the procedural graph of 'pines'.
# 55 instances of res/models/pine.obj
mtllib props.mtl
v 10.4716 10.5763 15.0526
v 10.2184 10.5603 15.1042
v 10.1382 12.0728 15.1784
v 10.4716 10.5763 15.0526
v 10.1382 12.0728 15.1784
v 10.3913 12.0887 15.1269
v 10.2184 10.5603 15.1042
v 10.1663 10.5700 14.8508
v 10.0860 12.0825 14.9251
v 10.2184 10.5603 15.1042
v 10.0860 12.0825 14.9251
v 10.1382 12.0728 15.1784
v 10.1663 10.5700 14.8508
v 10.4194 10.5860 14.7993
v 10.3392 12.0984 14.8736
v 10.1663 10.5700 14.8508
v 10.3392 12.0984 14.8736
v 10.0860 12.0825 14.9251
v 10.4194 10.5860 14.7993
v 10.4716 10.5763 15.0526
v 10.3913 12.0887 15.1269
v 10.4194 10.5860 14.7993
v 10.3913 12.0887 15.1269
v 10.3392 12.0984 14.8736
v 1.7010 11.8594 -25.6308
v 1.9306 11.8429 -25.6326
v 2.0265 13.1845 -25.7306
v 1.7010 11.8594 -25.6308
v 2.0265 13.1845 -25.7306
v 1.7969 13.2010 -25.7288
v 1.9306 11.8429 -25.6326
v 1.9336 11.8594 -25.4030
v 2.0295 13.2011 -25.5010
v 1.9306 11.8429 -25.6326
v 2.0295 13.2011 -25.5010
v 2.0265 13.1845 -25.7306
v 1.9336 11.8594 -25.4030
v 1.7040 11.8760 -25.4012
v 1.7999 13.2176 -25.4992
v 1.9336 11.8594 -25.4030
v 1.7999 13.2176 -25.4992
v 2.0295 13.2011 -25.5010
v 1.7040 11.8760 -25.4012
v 1.7010 11.8594 -25.6308
v 1.7969 13.2010 -25.7288
v 1.7040 11.8760 -25.4012
v 1.7969 13.2010 -25.7288
v 1.7999 13.2176 -25.4992
v 34.4845 9.7983 1.6822
v 34.6408 9.7974 1.9953
v 34.6410 11.8475 2.0011
v 34.4845 9.7983 1.6822
v 34.6410 11.8475 2.0011
v 34.4847 11.8484 1.6881
v 34.6408 9.7974 1.9953
v 34.3277 9.7969 2.1516
v 34.3279 11.8471 2.1575
v 34.6408 9.7974 1.9953
v 34.3279 11.8471 2.1575
v 34.6410 11.8475 2.0011
v 34.3277 9.7969 2.1516
v 34.1714 9.7978 1.8386
v 34.1716 11.8480 1.8444
v 34.3277 9.7969 2.1516
v 34.1716 11.8480 1.8444
v 34.3279 11.8471 2.1575
v 34.1714 9.7978 1.8386
v 34.4845 9.7983 1.6822
v 34.4847 11.8484 1.6881
v 34.1714 9.7978 1.8386
v 34.4847 11.8484 1.6881
v 34.1716 11.8480 1.8444
v -6.0689 12.9008 -36.9780
v -5.8913 12.8926 -37.1786
v -5.8214 14.4615 -37.1810
v -6.0689 12.9008 -36.9780
v -5.8214 14.4615 -37.1810
v -5.9990 14.4698 -36.9803
v -5.8913 12.8926 -37.1786
v -5.6908 12.8839 -37.0008
v -5.6209 14.4529 -37.0032
v -5.8913 12.8926 -37.1786
v -5.6209 14.4529 -37.0032
v -5.8214 14.4615 -37.1810
v -5.6908 12.8839 -37.0008
v -5.8684 12.8921 -36.8002
v -5.7985 14.4611 -36.8026
v -5.6908 12.8839 -37.0008
v -5.7985 14.4611 -36.8026
v -5.6209 14.4529 -37.0032
v -5.8684 12.8921 -36.8002
v -6.0689 12.9008 -36.9780
v -5.9990 14.4698 -36.9803
v -5.8684 12.8921 -36.8002
v -5.9990 14.4698 -36.9803
v -5.7985 14.4611 -36.8026
v 2.2199 11.0150 10.2474
v 1.9339 11.0404 10.3431
v 2.1277 12.7993 10.4558
v 2.2199 11.0150 10.2474
v 2.1277 12.7993 10.4558
v 2.4137 12.7739 10.3601
v 1.9339 11.0404 10.3431
v 1.8406 11.0690 10.0566
v 2.0344 12.8279 10.1693
v 1.9339 11.0404 10.3431
v 2.0344 12.8279 10.1693
v 2.1277 12.7993 10.4558
v 1.8406 11.0690 10.0566
v 2.1266 11.0437 9.9610
v 2.3204 12.8025 10.0736
v 1.8406 11.0690 10.0566
v 2.3204 12.8025 10.0736
v 2.0344 12.8279 10.1693
v 2.1266 11.0437 9.9610
v 2.2199 11.0150 10.2474
v 2.4137 12.7739 10.3601
v 2.1266 11.0437 9.9610
v 2.4137 12.7739 10.3601
v 2.3204 12.8025 10.0736
v -16.8773 10.7314 17.2982
v -16.6067 10.7428 17.0648
v -16.5732 12.8328 17.2060
v -16.8773 10.7314 17.2982
v -16.5732 12.8328 17.2060
v -16.8438 12.8214 17.4395
v -16.6067 10.7428 17.0648
v -16.3730 10.7209 17.3345
v -16.3395 12.8108 17.4758
v -16.6067 10.7428 17.0648
v -16.3395 12.8108 17.4758
v -16.5732 12.8328 17.2060
v -16.3730 10.7209 17.3345
v -16.6436 10.7094 17.5680
v -16.6102 12.7994 17.7093
v -16.3730 10.7209 17.3345
v -16.6102 12.7994 17.7093
v -16.3395 12.8108 17.4758
v -16.6436 10.7094 17.5680
v -16.8773 10.7314 17.2982
v -16.8438 12.8214 17.4395
v -16.6436 10.7094 17.5680
v -16.8438 12.8214 17.4395
v -16.6102 12.7994 17.7093
v 22.7529 9.3505 38.9228
v 22.8251 9.3542 38.7227
v 22.7686 10.5998 38.7255
v 22.7529 9.3505 38.9228
v 22.7686 10.5998 38.7255
v 22.6964 10.5960 38.9257
v 22.8251 9.3542 38.7227
v 23.0251 9.3631 38.7950
v 22.9686 10.6087 38.7978
v 22.8251 9.3542 38.7227
v 22.9686 10.6087 38.7978
v 22.7686 10.5998 38.7255
v 23.0251 9.3631 38.7950
v 22.9529 9.3594 38.9951
v 22.8963 10.6049 38.9980
v 23.0251 9.3631 38.7950
v 22.8963 10.6049 38.9980
v 22.9686 10.6087 38.7978
v 22.9529 9.3594 38.9951
v 22.7529 9.3505 38.9228
v 22.6964 10.5960 38.9257
v 22.9529 9.3594 38.9951
v 22.6964 10.5960 38.9257
v 22.8963 10.6049 38.9980
v -39.1882 16.7545 -42.9133
v -39.4169 16.7687 -42.6670
v -39.1206 18.7100 -42.5032
v -39.1882 16.7545 -42.9133
v -39.1206 18.7100 -42.5032
v -38.8920 18.6958 -42.7495
v -39.4169 16.7687 -42.6670
v -39.6583 16.8247 -42.8943
v -39.3620 18.7660 -42.7306
v -39.4169 16.7687 -42.6670
v -39.3620 18.7660 -42.7306
v -39.1206 18.7100 -42.5032
v -39.6583 16.8247 -42.8943
v -39.4297 16.8106 -43.1406
v -39.1334 18.7519 -42.9769
v -39.6583 16.8247 -42.8943
v -39.1334 18.7519 -42.9769
v -39.3620 18.7660 -42.7306
v -39.4297 16.8106 -43.1406
v -39.1882 16.7545 -42.9133
v -38.8920 18.6958 -42.7495
v -39.4297 16.8106 -43.1406
v -38.8920 18.6958 -42.7495
v -39.1334 18.7519 -42.9769
v 43.1347 9.7784 5.6924
v 43.2225 9.7755 5.8596
v 43.1750 10.8805 5.9034
v 43.1347 9.7784 5.6924
v 43.1750 10.8805 5.9034
v 43.0872 10.8834 5.7362
v 43.2225 9.7755 5.8596
v 43.0554 9.7649 5.9471
v 43.0079 10.8699 5.9910
v 43.2225 9.7755 5.8596
v 43.0079 10.8699 5.9910
v 43.1750 10.8805 5.9034
v 43.0554 9.7649 5.9471
v 42.9676 9.7678 5.7799
v 42.9201 10.8727 5.8237
v 43.0554 9.7649 5.9471
v 42.9201 10.8727 5.8237
v 43.0079 10.8699 5.9910
v 42.9676 9.7678 5.7799
v 43.1347 9.7784 5.6924
v 43.0872 10.8834 5.7362
v 42.9676 9.7678 5.7799
v 43.0872 10.8834 5.7362
v 42.9201 10.8727 5.8237
v -37.6949 13.0981 -7.2739
v -37.8338 13.1066 -7.0455
v -37.7181 14.6694 -7.0331
v -37.6949 13.0981 -7.2739
v -37.7181 14.6694 -7.0331
v -37.5792 14.6609 -7.2615
v -37.8338 13.1066 -7.0455
v -38.0616 13.1246 -7.1847
v -37.9458 14.6873 -7.1723
v -37.8338 13.1066 -7.0455
v -37.9458 14.6873 -7.1723
v -37.7181 14.6694 -7.0331
v -38.0616 13.1246 -7.1847
v -37.9226 13.1161 -7.4131
v -37.8069 14.6789 -7.4007
v -38.0616 13.1246 -7.1847
v -37.8069 14.6789 -7.4007
v -37.9458 14.6873 -7.1723
v -37.9226 13.1161 -7.4131
v -37.6949 13.0981 -7.2739
v -37.5792 14.6609 -7.2615
v -37.9226 13.1161 -7.4131
v -37.5792 14.6609 -7.2615
v -37.8069 14.6789 -7.4007
v -8.8782 10.6079 20.3269
v -9.1076 10.6115 20.1289
v -9.0278 12.3839 20.0680
v -8.8782 10.6079 20.3269
v -9.0278 12.3839 20.0680
v -8.7984 12.3804 20.2660
v -9.1076 10.6115 20.1289
v -8.9099 10.5947 19.8997
v -8.8302 12.3672 19.8388
v -9.1076 10.6115 20.1289
v -8.8302 12.3672 19.8388
v -9.0278 12.3839 20.0680
v -8.9099 10.5947 19.8997
v -8.6806 10.5912 20.0978
v -8.6008 12.3637 20.0369
v -8.9099 10.5947 19.8997
v -8.6008 12.3637 20.0369
v -8.8302 12.3672 19.8388
v -8.6806 10.5912 20.0978
v -8.8782 10.6079 20.3269
v -8.7984 12.3804 20.2660
v -8.6806 10.5912 20.0978
v -8.7984 12.3804 20.2660
v -8.6008 12.3637 20.0369
v 51.1876 10.4657 -13.0036
v 50.8949 10.4446 -12.9626
v 50.7880 12.1730 -12.8393
v 51.1876 10.4657 -13.0036
v 50.7880 12.1730 -12.8393
v 51.0807 12.1941 -12.8804
v 50.8949 10.4446 -12.9626
v 50.8525 10.4629 -13.2553
v 50.7456 12.1913 -13.1320
v 50.8949 10.4446 -12.9626
v 50.7456 12.1913 -13.1320
v 50.7880 12.1730 -12.8393
v 50.8525 10.4629 -13.2553
v 51.1452 10.4839 -13.2964
v 51.0383 12.2123 -13.1731
v 50.8525 10.4629 -13.2553
v 51.0383 12.2123 -13.1731
v 50.7456 12.1913 -13.1320
v 51.1452 10.4839 -13.2964
v 51.1876 10.4657 -13.0036
v 51.0807 12.1941 -12.8804
v 51.1452 10.4839 -13.2964
v 51.0807 12.1941 -12.8804
v 51.0383 12.2123 -13.1731
v 32.8622 11.6283 -45.4354
v 32.5934 11.6267 -45.4630
v 32.5964 13.2055 -45.5835
v 32.8622 11.6283 -45.4354
v 32.5964 13.2055 -45.5835
v 32.8652 13.2071 -45.5559
v 32.5934 11.6267 -45.4630
v 32.6210 11.6062 -45.7311
v 32.6240 13.1850 -45.8515
v 32.5934 11.6267 -45.4630
v 32.6240 13.1850 -45.8515
v 32.5964 13.2055 -45.5835
v 32.6210 11.6062 -45.7311
v 32.8899 11.6078 -45.7035
v 32.8929 13.1866 -45.8239
v 32.6210 11.6062 -45.7311
v 32.8929 13.1866 -45.8239
v 32.6240 13.1850 -45.8515
v 32.8899 11.6078 -45.7035
v 32.8622 11.6283 -45.4354
v 32.8652 13.2071 -45.5559
v 32.8899 11.6078 -45.7035
v 32.8652 13.2071 -45.5559
v 32.8929 13.1866 -45.8239
v -3.0167 11.3436 2.7677
v -2.7370 11.3315 2.8932
v -2.7112 13.1253 3.0098
v -3.0167 11.3436 2.7677
v -2.7112 13.1253 3.0098
v -2.9909 13.1375 2.8843
v -2.7370 11.3315 2.8932
v -2.8630 11.3151 3.1725
v -2.8373 13.1089 3.2891
v -2.7370 11.3315 2.8932
v -2.8373 13.1089 3.2891
v -2.7112 13.1253 3.0098
v -2.8630 11.3151 3.1725
v -3.1428 11.3273 3.0470
v -3.1170 13.1211 3.1636
v -2.8630 11.3151 3.1725
v -3.1170 13.1211 3.1636
v -2.8373 13.1089 3.2891
v -3.1428 11.3273 3.0470
v -3.0167 11.3436 2.7677
v -2.9909 13.1375 2.8843
v -3.1428 11.3273 3.0470
v -2.9909 13.1375 2.8843
v -3.1170 13.1211 3.1636
v 47.2350 10.6587 -18.7098
v 47.4808 10.6416 -18.7927
v 47.5715 12.1612 -18.8355
v 47.2350 10.6587 -18.7098
v 47.5715 12.1612 -18.8355
v 47.3257 12.1782 -18.7527
v 47.4808 10.6416 -18.7927
v 47.5639 10.6436 -18.5464
v 47.6547 12.1632 -18.5892
v 47.4808 10.6416 -18.7927
v 47.6547 12.1632 -18.5892
v 47.5715 12.1612 -18.8355
v 47.5639 10.6436 -18.5464
v 47.3181 10.6606 -18.4636
v 47.4089 12.1802 -18.5064
v 47.5639 10.6436 -18.5464
v 47.4089 12.1802 -18.5064
v 47.6547 12.1632 -18.5892
v 47.3181 10.6606 -18.4636
v 47.2350 10.6587 -18.7098
v 47.3257 12.1782 -18.7527
v 47.3181 10.6606 -18.4636
v 47.3257 12.1782 -18.7527
v 47.4089 12.1802 -18.5064
v -47.6144 14.8615 -16.4083
v -47.7657 14.8815 -16.5549
v -47.6546 16.1154 -16.5011
v -47.6144 14.8615 -16.4083
v -47.6546 16.1154 -16.5011
v -47.5033 16.0954 -16.3545
v -47.7657 14.8815 -16.5549
v -47.6190 14.8750 -16.7073
v -47.5079 16.1088 -16.6535
v -47.7657 14.8815 -16.5549
v -47.5079 16.1088 -16.6535
v -47.6546 16.1154 -16.5011
v -47.6190 14.8750 -16.7073
v -47.4677 14.8549 -16.5607
v -47.3566 16.0888 -16.5069
v -47.6190 14.8750 -16.7073
v -47.3566 16.0888 -16.5069
v -47.5079 16.1088 -16.6535
v -47.4677 14.8549 -16.5607
v -47.6144 14.8615 -16.4083
v -47.5033 16.0954 -16.3545
v -47.4677 14.8549 -16.5607
v -47.5033 16.0954 -16.3545
v -47.3566 16.0888 -16.5069
v -25.6054 10.9223 24.7217
v -25.5219 10.9212 24.4662
v -25.4666 12.4949 24.4770
v -25.6054 10.9223 24.7217
v -25.4666 12.4949 24.4770
v -25.5501 12.4961 24.7325
v -25.5219 10.9212 24.4662
v -25.2665 10.9116 24.5497
v -25.2113 12.4854 24.5605
v -25.5219 10.9212 24.4662
v -25.2113 12.4854 24.5605
v -25.4666 12.4949 24.4770
v -25.2665 10.9116 24.5497
v -25.3501 10.9128 24.8052
v -25.2948 12.4865 24.8160
v -25.2665 10.9116 24.5497
v -25.2948 12.4865 24.8160
v -25.2113 12.4854 24.5605
v -25.3501 10.9128 24.8052
v -25.6054 10.9223 24.7217
v -25.5501 12.4961 24.7325
v -25.3501 10.9128 24.8052
v -25.5501 12.4961 24.7325
v -25.2948 12.4865 24.8160
v 31.1161 11.7925 -50.1185
v 31.2300 11.7968 -50.2335
v 31.1986 12.7451 -50.2291
v 31.1161 11.7925 -50.1185
v 31.1986 12.7451 -50.2291
v 31.0847 12.7408 -50.1141
v 31.2300 11.7968 -50.2335
v 31.3450 11.8001 -50.1195
v 31.3136 12.7484 -50.1151
v 31.2300 11.7968 -50.2335
v 31.3136 12.7484 -50.1151
v 31.1986 12.7451 -50.2291
v 31.3450 11.8001 -50.1195
v 31.2310 11.7958 -50.0044
v 31.1997 12.7441 -50.0001
v 31.3450 11.8001 -50.1195
v 31.1997 12.7441 -50.0001
v 31.3136 12.7484 -50.1151
v 31.2310 11.7958 -50.0044
v 31.1161 11.7925 -50.1185
v 31.0847 12.7408 -50.1141
v 31.2310 11.7958 -50.0044
v 31.0847 12.7408 -50.1141
v 31.1997 12.7441 -50.0001
v 48.2927 10.0222 -1.8809
v 48.1794 10.0205 -1.6383
v 48.0884 11.5863 -1.6696
v 48.2927 10.0222 -1.8809
v 48.0884 11.5863 -1.6696
v 48.2018 11.5880 -1.9122
v 48.1794 10.0205 -1.6383
v 47.9373 10.0042 -1.7515
v 47.8463 11.5699 -1.7828
v 48.1794 10.0205 -1.6383
v 47.8463 11.5699 -1.7828
v 48.0884 11.5863 -1.6696
v 47.9373 10.0042 -1.7515
v 48.0506 10.0059 -1.9941
v 47.9597 11.5716 -2.0254
v 47.9373 10.0042 -1.7515
v 47.9597 11.5716 -2.0254
v 47.8463 11.5699 -1.7828
v 48.0506 10.0059 -1.9941
v 48.2927 10.0222 -1.8809
v 48.2018 11.5880 -1.9122
v 48.0506 10.0059 -1.9941
v 48.2018 11.5880 -1.9122
v 47.9597 11.5716 -2.0254
v -52.0916 16.1314 -22.2156
v -52.3338 16.1510 -22.3440
v -52.2113 17.7561 -22.3304
v -52.0916 16.1314 -22.2156
v -52.2113 17.7561 -22.3304
v -51.9692 17.7365 -22.2020
v -52.3338 16.1510 -22.3440
v -52.2056 16.1432 -22.5870
v -52.0831 17.7483 -22.5733
v -52.3338 16.1510 -22.3440
v -52.0831 17.7483 -22.5733
v -52.2113 17.7561 -22.3304
v -52.2056 16.1432 -22.5870
v -51.9634 16.1237 -22.4586
v -51.8410 17.7288 -22.4449
v -52.2056 16.1432 -22.5870
v -51.8410 17.7288 -22.4449
v -52.0831 17.7483 -22.5733
v -51.9634 16.1237 -22.4586
v -52.0916 16.1314 -22.2156
v -51.9692 17.7365 -22.2020
v -51.9634 16.1237 -22.4586
v -51.9692 17.7365 -22.2020
v -51.8410 17.7288 -22.4449
v -9.2374 10.3454 32.4011
v -9.1097 10.3532 32.4858
v -9.1313 11.2504 32.4356
v -9.2374 10.3454 32.4011
v -9.1313 11.2504 32.4356
v -9.2589 11.2426 32.3508
v -9.1097 10.3532 32.4858
v -9.1948 10.3583 32.6134
v -9.2163 11.2555 32.5632
v -9.1097 10.3532 32.4858
v -9.2163 11.2555 32.5632
v -9.1313 11.2504 32.4356
v -9.1948 10.3583 32.6134
v -9.3224 10.3505 32.5287
v -9.3439 11.2477 32.4784
v -9.1948 10.3583 32.6134
v -9.3439 11.2477 32.4784
v -9.2163 11.2555 32.5632
v -9.3224 10.3505 32.5287
v -9.2374 10.3454 32.4011
v -9.2589 11.2426 32.3508
v -9.3224 10.3505 32.5287
v -9.2589 11.2426 32.3508
v -9.3439 11.2477 32.4784
v 16.1692 10.3686 12.7400
v 15.8578 10.3752 12.7655
v 15.8909 12.2044 12.6964
v 16.1692 10.3686 12.7400
v 15.8909 12.2044 12.6964
v 16.2023 12.1978 12.6709
v 15.8578 10.3752 12.7655
v 15.8321 10.3639 12.4543
v 15.8652 12.1931 12.3852
v 15.8578 10.3752 12.7655
v 15.8652 12.1931 12.3852
v 15.8909 12.2044 12.6964
v 15.8321 10.3639 12.4543
v 16.1434 10.3573 12.4288
v 16.1766 12.1865 12.3597
v 15.8321 10.3639 12.4543
v 16.1766 12.1865 12.3597
v 15.8652 12.1931 12.3852
v 16.1434 10.3573 12.4288
v 16.1692 10.3686 12.7400
v 16.2023 12.1978 12.6709
v 16.1434 10.3573 12.4288
v 16.2023 12.1978 12.6709
v 16.1766 12.1865 12.3597
v 21.4672 12.0919 -47.5751
v 21.7181 12.0930 -47.6603
v 21.6944 13.6441 -47.7105
v 21.4672 12.0919 -47.5751
v 21.6944 13.6441 -47.7105
v 21.4435 13.6430 -47.6254
v 21.7181 12.0930 -47.6603
v 21.8031 12.1024 -47.4096
v 21.7794 13.6535 -47.4598
v 21.7181 12.0930 -47.6603
v 21.7794 13.6535 -47.4598
v 21.6944 13.6441 -47.7105
v 21.8031 12.1024 -47.4096
v 21.5523 12.1013 -47.3244
v 21.5285 13.6524 -47.3747
v 21.8031 12.1024 -47.4096
v 21.5285 13.6524 -47.3747
v 21.7794 13.6535 -47.4598
v 21.5523 12.1013 -47.3244
v 21.4672 12.0919 -47.5751
v 21.4435 13.6430 -47.6254
v 21.5523 12.1013 -47.3244
v 21.4435 13.6430 -47.6254
v 21.5285 13.6524 -47.3747
v 5.4101 9.7766 35.2717
v 5.3416 9.7724 34.9580
v 5.1783 11.6462 34.9682
v 5.4101 9.7766 35.2717
v 5.1783 11.6462 34.9682
v 5.2468 11.6505 35.2818
v 5.3416 9.7724 34.9580
v 5.6541 9.8000 34.8894
v 5.4908 11.6738 34.8996
v 5.3416 9.7724 34.9580
v 5.4908 11.6738 34.8996
v 5.1783 11.6462 34.9682
v 5.6541 9.8000 34.8894
v 5.7226 9.8042 35.2031
v 5.5592 11.6781 35.2132
v 5.6541 9.8000 34.8894
v 5.5592 11.6781 35.2132
v 5.4908 11.6738 34.8996
v 5.7226 9.8042 35.2031
v 5.4101 9.7766 35.2717
v 5.2468 11.6505 35.2818
v 5.7226 9.8042 35.2031
v 5.2468 11.6505 35.2818
v 5.5592 11.6781 35.2132
v -29.0384 14.5803 -32.0944
v -29.2958 14.5943 -32.1611
v -29.1865 16.1478 -32.2552
v -29.0384 14.5803 -32.0944
v -29.1865 16.1478 -32.2552
v -28.9291 16.1337 -32.1885
v -29.2958 14.5943 -32.1611
v -29.2302 14.5741 -32.4184
v -29.1210 16.1276 -32.5125
v -29.2958 14.5943 -32.1611
v -29.1210 16.1276 -32.5125
v -29.1865 16.1478 -32.2552
v -29.2302 14.5741 -32.4184
v -28.9728 14.5601 -32.3517
v -28.8635 16.1135 -32.4458
v -29.2302 14.5741 -32.4184
v -28.8635 16.1135 -32.4458
v -29.1210 16.1276 -32.5125
v -28.9728 14.5601 -32.3517
v -29.0384 14.5803 -32.0944
v -28.9291 16.1337 -32.1885
v -28.9728 14.5601 -32.3517
v -28.9291 16.1337 -32.1885
v -28.8635 16.1135 -32.4458
v -46.9404 12.6036 50.8201
v -46.7527 12.6038 50.9918
v -46.7916 14.0933 51.0323
v -46.9404 12.6036 50.8201
v -46.7916 14.0933 51.0323
v -46.9793 14.0930 50.8606
v -46.7527 12.6038 50.9918
v -46.9242 12.5942 51.1794
v -46.9631 14.0837 51.2199
v -46.7527 12.6038 50.9918
v -46.9631 14.0837 51.2199
v -46.7916 14.0933 51.0323
v -46.9242 12.5942 51.1794
v -47.1120 12.5940 51.0077
v -47.1509 14.0834 51.0482
v -46.9242 12.5942 51.1794
v -47.1509 14.0834 51.0482
v -46.9631 14.0837 51.2199
v -47.1120 12.5940 51.0077
v -46.9404 12.6036 50.8201
v -46.9793 14.0930 50.8606
v -47.1120 12.5940 51.0077
v -46.9793 14.0930 50.8606
v -47.1509 14.0834 51.0482
v 19.0265 12.4985 -52.1053
v 18.8953 12.4942 -51.9102
v 18.9776 13.8666 -51.8246
v 19.0265 12.4985 -52.1053
v 18.9776 13.8666 -51.8246
v 19.1088 13.8709 -52.0197
v 18.8953 12.4942 -51.9102
v 18.7007 12.5140 -52.0406
v 18.7829 13.8864 -51.9550
v 18.8953 12.4942 -51.9102
v 18.7829 13.8864 -51.9550
v 18.9776 13.8666 -51.8246
v 18.7007 12.5140 -52.0406
v 18.8318 12.5183 -52.2357
v 18.9141 13.8907 -52.1501
v 18.7007 12.5140 -52.0406
v 18.9141 13.8907 -52.1501
v 18.7829 13.8864 -51.9550
v 18.8318 12.5183 -52.2357
v 19.0265 12.4985 -52.1053
v 19.1088 13.8709 -52.0197
v 18.8318 12.5183 -52.2357
v 19.1088 13.8709 -52.0197
v 18.9141 13.8907 -52.1501
v 22.5093 9.0984 43.5832
v 22.6857 9.1173 43.7146
v 22.6093 10.4056 43.6316
v 22.5093 9.0984 43.5832
v 22.6093 10.4056 43.6316
v 22.4330 10.3866 43.5002
v 22.6857 9.1173 43.7146
v 22.5536 9.1209 43.8914
v 22.4773 10.4091 43.8084
v 22.6857 9.1173 43.7146
v 22.4773 10.4091 43.8084
v 22.6093 10.4056 43.6316
v 22.5536 9.1209 43.8914
v 22.3772 9.1019 43.7601
v 22.3009 10.3902 43.6771
v 22.5536 9.1209 43.8914
v 22.3009 10.3902 43.6771
v 22.4773 10.4091 43.8084
v 22.3772 9.1019 43.7601
v 22.5093 9.0984 43.5832
v 22.4330 10.3866 43.5002
v 22.3772 9.1019 43.7601
v 22.4330 10.3866 43.5002
v 22.3009 10.3902 43.6771
v 28.0298 10.6210 -17.7572
v 28.3508 10.6115 -17.9074
v 28.3969 12.6882 -17.9399
v 28.0298 10.6210 -17.7572
v 28.3969 12.6882 -17.9399
v 28.0759 12.6976 -17.7896
v 28.3508 10.6115 -17.9074
v 28.5011 10.6132 -17.5862
v 28.5473 12.6898 -17.6187
v 28.3508 10.6115 -17.9074
v 28.5473 12.6898 -17.6187
v 28.3969 12.6882 -17.9399
v 28.5011 10.6132 -17.5862
v 28.1801 10.6227 -17.4360
v 28.2262 12.6993 -17.4685
v 28.5011 10.6132 -17.5862
v 28.2262 12.6993 -17.4685
v 28.5473 12.6898 -17.6187
v 28.1801 10.6227 -17.4360
v 28.0298 10.6210 -17.7572
v 28.0759 12.6976 -17.7896
v 28.1801 10.6227 -17.4360
v 28.0759 12.6976 -17.7896
v 28.2262 12.6993 -17.4685
v 17.4011 9.7269 23.1862
v 17.6125 9.7215 23.4509
v 17.7800 11.6969 23.3575
v 17.4011 9.7269 23.1862
v 17.7800 11.6969 23.3575
v 17.5686 11.7024 23.0929
v 17.6125 9.7215 23.4509
v 17.3493 9.7538 23.6618
v 17.5168 11.7292 23.5684
v 17.6125 9.7215 23.4509
v 17.5168 11.7292 23.5684
v 17.7800 11.6969 23.3575
v 17.3493 9.7538 23.6618
v 17.1379 9.7592 23.3971
v 17.3054 11.7346 23.3037
v 17.3493 9.7538 23.6618
v 17.3054 11.7346 23.3037
v 17.5168 11.7292 23.5684
v 17.1379 9.7592 23.3971
v 17.4011 9.7269 23.1862
v 17.5686 11.7024 23.0929
v 17.1379 9.7592 23.3971
v 17.5686 11.7024 23.0929
v 17.3054 11.7346 23.3037
v 24.3689 11.4503 -31.0789
v 24.4760 11.4545 -31.4666
v 24.3023 13.8047 -31.4893
v 24.3689 11.4503 -31.0789
v 24.3023 13.8047 -31.4893
v 24.1952 13.8005 -31.1016
v 24.4760 11.4545 -31.4666
v 24.8626 11.4841 -31.3595
v 24.6889 13.8343 -31.3822
v 24.4760 11.4545 -31.4666
v 24.6889 13.8343 -31.3822
v 24.3023 13.8047 -31.4893
v 24.8626 11.4841 -31.3595
v 24.7555 11.4799 -30.9718
v 24.5818 13.8301 -30.9944
v 24.8626 11.4841 -31.3595
v 24.5818 13.8301 -30.9944
v 24.6889 13.8343 -31.3822
v 24.7555 11.4799 -30.9718
v 24.3689 11.4503 -31.0789
v 24.1952 13.8005 -31.1016
v 24.7555 11.4799 -30.9718
v 24.1952 13.8005 -31.1016
v 24.5818 13.8301 -30.9944
v 39.4062 9.6305 10.5730
v 39.4337 9.6308 10.1963
v 39.3307 11.8412 10.1904
v 39.4062 9.6305 10.5730
v 39.3307 11.8412 10.1904
v 39.3032 11.8410 10.5672
v 39.4337 9.6308 10.1963
v 39.8100 9.6484 10.2238
v 39.7070 11.8588 10.2179
v 39.4337 9.6308 10.1963
v 39.7070 11.8588 10.2179
v 39.3307 11.8412 10.1904
v 39.8100 9.6484 10.2238
v 39.7825 9.6481 10.6005
v 39.6795 11.8586 10.5946
v 39.8100 9.6484 10.2238
v 39.6795 11.8586 10.5946
v 39.7070 11.8588 10.2179
v 39.7825 9.6481 10.6005
v 39.4062 9.6305 10.5730
v 39.3032 11.8410 10.5672
v 39.7825 9.6481 10.6005
v 39.3032 11.8410 10.5672
v 39.6795 11.8586 10.5946
v 35.3156 9.2989 19.7291
v 35.1930 9.3038 19.4824
v 35.2725 10.9164 19.4750
v 35.3156 9.2989 19.7291
v 35.2725 10.9164 19.4750
v 35.3951 10.9115 19.7217
v 35.1930 9.3038 19.4824
v 35.4395 9.2911 19.3597
v 35.5190 10.9037 19.3523
v 35.1930 9.3038 19.4824
v 35.5190 10.9037 19.3523
v 35.2725 10.9164 19.4750
v 35.4395 9.2911 19.3597
v 35.5620 9.2862 19.6065
v 35.6415 10.8987 19.5991
v 35.4395 9.2911 19.3597
v 35.6415 10.8987 19.5991
v 35.5190 10.9037 19.3523
v 35.5620 9.2862 19.6065
v 35.3156 9.2989 19.7291
v 35.3951 10.9115 19.7217
v 35.5620 9.2862 19.6065
v 35.3951 10.9115 19.7217
v 35.6415 10.8987 19.5991
v 38.9206 11.4679 -40.8093
v 39.1936 11.4574 -40.7411
v 39.2389 13.1052 -40.6706
v 38.9206 11.4679 -40.8093
v 39.2389 13.1052 -40.6706
v 38.9659 13.1156 -40.7388
v 39.1936 11.4574 -40.7411
v 39.1250 11.4476 -40.4681
v 39.1703 13.0954 -40.3976
v 39.1936 11.4574 -40.7411
v 39.1703 13.0954 -40.3976
v 39.2389 13.1052 -40.6706
v 39.1250 11.4476 -40.4681
v 38.8520 11.4581 -40.5364
v 38.8973 13.1058 -40.4659
v 39.1250 11.4476 -40.4681
v 38.8973 13.1058 -40.4659
v 39.1703 13.0954 -40.3976
v 38.8520 11.4581 -40.5364
v 38.9206 11.4679 -40.8093
v 38.9659 13.1156 -40.7388
v 38.8520 11.4581 -40.5364
v 38.9659 13.1156 -40.7388
v 38.8973 13.1058 -40.4659
v -27.2167 11.0602 22.0256
v -27.2965 11.0636 21.7765
v -27.2668 12.5961 21.7879
v -27.2167 11.0602 22.0256
v -27.2668 12.5961 21.7879
v -27.1870 12.5926 22.0371
v -27.2965 11.0636 21.7765
v -27.0474 11.0593 21.6966
v -27.0176 12.5918 21.7081
v -27.2965 11.0636 21.7765
v -27.0176 12.5918 21.7081
v -27.2668 12.5961 21.7879
v -27.0474 11.0593 21.6966
v -26.9676 11.0559 21.9458
v -26.9378 12.5884 21.9573
v -27.0474 11.0593 21.6966
v -26.9378 12.5884 21.9573
v -27.0176 12.5918 21.7081
v -26.9676 11.0559 21.9458
v -27.2167 11.0602 22.0256
v -27.1870 12.5926 22.0371
v -26.9676 11.0559 21.9458
v -27.1870 12.5926 22.0371
v -26.9378 12.5884 21.9573
v 51.5532 8.1617 42.4383
v 51.7129 8.1505 42.5720
v 51.8269 9.3667 42.5374
v 51.5532 8.1617 42.4383
v 51.8269 9.3667 42.5374
v 51.6672 9.3779 42.4037
v 51.7129 8.1505 42.5720
v 51.5802 8.1675 42.7319
v 51.6941 9.3837 42.6974
v 51.7129 8.1505 42.5720
v 51.6941 9.3837 42.6974
v 51.8269 9.3667 42.5374
v 51.5802 8.1675 42.7319
v 51.4205 8.1787 42.5982
v 51.5344 9.3949 42.5636
v 51.5802 8.1675 42.7319
v 51.5344 9.3949 42.5636
v 51.6941 9.3837 42.6974
v 51.4205 8.1787 42.5982
v 51.5532 8.1617 42.4383
v 51.6672 9.3779 42.4037
v 51.4205 8.1787 42.5982
v 51.6672 9.3779 42.4037
v 51.5344 9.3949 42.5636
v 50.9897 11.1020 -33.0044
v 50.7994 11.1160 -32.8095
v 50.9986 12.6993 -32.7287
v 50.9897 11.1020 -33.0044
v 50.9986 12.6993 -32.7287
v 51.1889 12.6853 -32.9235
v 50.7994 11.1160 -32.8095
v 50.6070 11.1499 -32.9999
v 50.8062 12.7332 -32.9190
v 50.7994 11.1160 -32.8095
v 50.8062 12.7332 -32.9190
v 50.9986 12.6993 -32.7287
v 50.6070 11.1499 -32.9999
v 50.7973 11.1359 -33.1947
v 50.9965 12.7192 -33.1139
v 50.6070 11.1499 -32.9999
v 50.9965 12.7192 -33.1139
v 50.8062 12.7332 -32.9190
v 50.7973 11.1359 -33.1947
v 50.9897 11.1020 -33.0044
v 51.1889 12.6853 -32.9235
v 50.7973 11.1359 -33.1947
v 51.1889 12.6853 -32.9235
v 50.9965 12.7192 -33.1139
v 9.4679 10.7724 8.0005
v 9.6486 10.7619 8.1252
v 9.6828 12.0479 8.1832
v 9.4679 10.7724 8.0005
v 9.6828 12.0479 8.1832
v 9.5021 12.0584 8.0585
v 9.6486 10.7619 8.1252
v 9.5236 10.7571 8.3060
v 9.5578 12.0431 8.3639
v 9.6486 10.7619 8.1252
v 9.5578 12.0431 8.3639
v 9.6828 12.0479 8.1832
v 9.5236 10.7571 8.3060
v 9.3429 10.7675 8.1813
v 9.3771 12.0536 8.2392
v 9.5236 10.7571 8.3060
v 9.3771 12.0536 8.2392
v 9.5578 12.0431 8.3639
v 9.3429 10.7675 8.1813
v 9.4679 10.7724 8.0005
v 9.5021 12.0584 8.0585
v 9.3429 10.7675 8.1813
v 9.5021 12.0584 8.0585
v 9.3771 12.0536 8.2392
v 33.2727 10.8665 -23.8148
v 33.3826 10.8641 -23.5246
v 33.3622 12.6820 -23.5016
v 33.2727 10.8665 -23.8148
v 33.3622 12.6820 -23.5016
v 33.2523 12.6844 -23.7918
v 33.3826 10.8641 -23.5246
v 33.0925 10.8594 -23.4147
v 33.0721 12.6773 -23.3917
v 33.3826 10.8641 -23.5246
v 33.0721 12.6773 -23.3917
v 33.3622 12.6820 -23.5016
v 33.0925 10.8594 -23.4147
v 32.9825 10.8618 -23.7049
v 32.9621 12.6798 -23.6819
v 33.0925 10.8594 -23.4147
v 32.9621 12.6798 -23.6819
v 33.0721 12.6773 -23.3917
v 32.9825 10.8618 -23.7049
v 33.2727 10.8665 -23.8148
v 33.2523 12.6844 -23.7918
v 32.9825 10.8618 -23.7049
v 33.2523 12.6844 -23.7918
v 32.9621 12.6798 -23.6819
v 32.9879 9.5789 13.4857
v 33.1112 9.5868 13.7120
v 32.9174 11.0840 13.7650
v 32.9879 9.5789 13.4857
v 32.9174 11.0840 13.7650
v 32.7941 11.0760 13.5387
v 33.1112 9.5868 13.7120
v 32.8873 9.5535 13.8353
v 32.6934 11.0506 13.8882
v 33.1112 9.5868 13.7120
v 32.6934 11.0506 13.8882
v 32.9174 11.0840 13.7650
v 32.8873 9.5535 13.8353
v 32.7639 9.5455 13.6090
v 32.5701 11.0426 13.6620
v 32.8873 9.5535 13.8353
v 32.5701 11.0426 13.6620
v 32.6934 11.0506 13.8882
v 32.7639 9.5455 13.6090
v 32.9879 9.5789 13.4857
v 32.7941 11.0760 13.5387
v 32.7639 9.5455 13.6090
v 32.7941 11.0760 13.5387
v 32.5701 11.0426 13.6620
v -34.8383 11.6857 14.1663
v -34.9744 11.6949 14.0284
v -34.8840 12.8275 14.0150
v -34.8383 11.6857 14.1663
v -34.8840 12.8275 14.0150
v -34.7479 12.8182 14.1529
v -34.9744 11.6949 14.0284
v -34.8371 11.6823 13.8921
v -34.7467 12.8149 13.8786
v -34.9744 11.6949 14.0284
v -34.7467 12.8149 13.8786
v -34.8840 12.8275 14.0150
v -34.8371 11.6823 13.8921
v -34.7010 11.6731 14.0299
v -34.6106 12.8056 14.0165
v -34.8371 11.6823 13.8921
v -34.6106 12.8056 14.0165
v -34.7467 12.8149 13.8786
v -34.7010 11.6731 14.0299
v -34.8383 11.6857 14.1663
v -34.7479 12.8182 14.1529
v -34.7010 11.6731 14.0299
v -34.7479 12.8182 14.1529
v -34.6106 12.8056 14.0165
v 43.0282 8.6028 34.8559
v 43.1957 8.6101 35.0527
v 43.0484 10.1163 35.1227
v 43.0282 8.6028 34.8559
v 43.0484 10.1163 35.1227
v 42.8809 10.1090 34.9258
v 43.1957 8.6101 35.0527
v 43.0002 8.5832 35.2200
v 42.8530 10.0894 35.2899
v 43.1957 8.6101 35.0527
v 42.8530 10.0894 35.2899
v 43.0484 10.1163 35.1227
v 43.0002 8.5832 35.2200
v 42.8328 8.5760 35.0231
v 42.6855 10.0822 35.0930
v 43.0002 8.5832 35.2200
v 42.6855 10.0822 35.0930
v 42.8530 10.0894 35.2899
v 42.8328 8.5760 35.0231
v 43.0282 8.6028 34.8559
v 42.8809 10.1090 34.9258
v 42.8328 8.5760 35.0231
v 42.8809 10.1090 34.9258
v 42.6855 10.0822 35.0930
v 22.9414 10.1996 -6.0368
v 23.2153 10.2037 -6.0648
v 23.1926 11.8166 -6.0486
v 22.9414 10.1996 -6.0368
v 23.1926 11.8166 -6.0486
v 22.9187 11.8125 -6.0207
v 23.2153 10.2037 -6.0648
v 23.2433 10.2014 -5.7908
v 23.2206 11.8143 -5.7747
v 23.2153 10.2037 -6.0648
v 23.2206 11.8143 -5.7747
v 23.1926 11.8166 -6.0486
v 23.2433 10.2014 -5.7908
v 22.9694 10.1972 -5.7629
v 22.9467 11.8102 -5.7468
v 23.2433 10.2014 -5.7908
v 22.9467 11.8102 -5.7468
v 23.2206 11.8143 -5.7747
v 22.9694 10.1972 -5.7629
v 22.9414 10.1996 -6.0368
v 22.9187 11.8125 -6.0207
v 22.9694 10.1972 -5.7629
v 22.9187 11.8125 -6.0207
v 22.9467 11.8102 -5.7468
v -8.9997 11.0420 51.0720
v -8.9553 11.0387 51.2706
v -8.9496 12.2311 51.2890
v -8.9997 11.0420 51.0720
v -8.9496 12.2311 51.2890
v -8.9940 12.2344 51.0904
v -8.9553 11.0387 51.2706
v -9.1539 11.0389 51.3150
v -9.1483 12.2313 51.3335
v -8.9553 11.0387 51.2706
v -9.1483 12.2313 51.3335
v -8.9496 12.2311 51.2890
v -9.1539 11.0389 51.3150
v -9.1983 11.0422 51.1164
v -9.1927 12.2346 51.1348
v -9.1539 11.0389 51.3150
v -9.1927 12.2346 51.1348
v -9.1483 12.2313 51.3335
v -9.1983 11.0422 51.1164
v -8.9997 11.0420 51.0720
v -8.9940 12.2344 51.0904
v -9.1983 11.0422 51.1164
v -8.9940 12.2344 51.0904
v -9.1927 12.2346 51.1348
v 47.8953 8.5648 32.5431
v 48.1207 8.5504 32.4094
v 48.2318 10.0839 32.4314
v 47.8953 8.5648 32.5431
v 48.2318 10.0839 32.4314
v 48.0063 10.0983 32.5651
v 48.1207 8.5504 32.4094
v 48.2538 8.5375 32.6353
v 48.3649 10.0710 32.6573
v 48.1207 8.5504 32.4094
v 48.3649 10.0710 32.6573
v 48.2318 10.0839 32.4314
v 48.2538 8.5375 32.6353
v 48.0284 8.5519 32.7689
v 48.1394 10.0854 32.7910
v 48.2538 8.5375 32.6353
v 48.1394 10.0854 32.7910
v 48.3649 10.0710 32.6573
v 48.0284 8.5519 32.7689
v 47.8953 8.5648 32.5431
v 48.0063 10.0983 32.5651
v 48.0284 8.5519 32.7689
v 48.0063 10.0983 32.5651
v 48.1394 10.0854 32.7910
v -0.5195 11.0582 11.4077
v -0.6455 11.0644 11.2084
v -0.6591 12.4452 11.2597
v -0.5195 11.0582 11.4077
v -0.6591 12.4452 11.2597
v -0.5331 12.4390 11.4590
v -0.6455 11.0644 11.2084
v -0.4461 11.0710 11.0826
v -0.4597 12.4518 11.1339
v -0.6455 11.0644 11.2084
v -0.4597 12.4518 11.1339
v -0.6591 12.4452 11.2597
v -0.4461 11.0710 11.0826
v -0.3201 11.0648 11.2819
v -0.3337 12.4457 11.3332
v -0.4461 11.0710 11.0826
v -0.3337 12.4457 11.3332
v -0.4597 12.4518 11.1339
v -0.3201 11.0648 11.2819
v -0.5195 11.0582 11.4077
v -0.5331 12.4390 11.4590
v -0.3201 11.0648 11.2819
v -0.5331 12.4390 11.4590
v -0.3337 12.4457 11.3332
v -12.4702 14.2368 -47.4452
v -12.3906 14.2436 -47.2291
v -12.5084 15.5880 -47.2281
v -12.4702 14.2368 -47.4452
v -12.5084 15.5880 -47.2281
v -12.5880 15.5812 -47.4442
v -12.3906 14.2436 -47.2291
v -12.6058 14.2247 -47.1492
v -12.7236 15.5691 -47.1483
v -12.3906 14.2436 -47.2291
v -12.7236 15.5691 -47.1483
v -12.5084 15.5880 -47.2281
v -12.6058 14.2247 -47.1492
v -12.6854 14.2179 -47.3653
v -12.8032 15.5623 -47.3643
v -12.6058 14.2247 -47.1492
v -12.8032 15.5623 -47.3643
v -12.7236 15.5691 -47.1483
v -12.6854 14.2179 -47.3653
v -12.4702 14.2368 -47.4452
v -12.5880 15.5812 -47.4442
v -12.6854 14.2179 -47.3653
v -12.5880 15.5812 -47.4442
v -12.8032 15.5623 -47.3643
v 39.0501 9.4857 14.0470
v 39.2500 9.4929 13.8500
v 39.2608 11.1362 13.9210
v 39.0501 9.4857 14.0470
v 39.2608 11.1362 13.9210
v 39.0609 11.1290 14.1180
v 39.2500 9.4929 13.8500
v 39.4472 9.4830 14.0497
v 39.4579 11.1263 14.1207
v 39.2500 9.4929 13.8500
v 39.4579 11.1263 14.1207
v 39.2608 11.1362 13.9210
v 39.4472 9.4830 14.0497
v 39.2473 9.4758 14.2467
v 39.2580 11.1191 14.3177
v 39.4472 9.4830 14.0497
v 39.2580 11.1191 14.3177
v 39.4579 11.1263 14.1207
v 39.2473 9.4758 14.2467
v 39.0501 9.4857 14.0470
v 39.0609 11.1290 14.1180
v 39.2473 9.4758 14.2467
v 39.0609 11.1290 14.1180
v 39.2580 11.1191 14.3177
v 46.8456 10.9925 -27.3651
v 46.7649 10.9907 -27.7024
v 46.8563 13.0205 -27.7350
v 46.8456 10.9925 -27.3651
v 46.8563 13.0205 -27.7350
v 46.9369 13.0223 -27.3977
v 46.7649 10.9907 -27.7024
v 47.1019 10.9742 -27.7830
v 47.1933 13.0041 -27.8155
v 46.7649 10.9907 -27.7024
v 47.1933 13.0041 -27.8155
v 46.8563 13.0205 -27.7350
v 47.1019 10.9742 -27.7830
v 47.1826 10.9760 -27.4456
v 47.2739 13.0058 -27.4782
v 47.1019 10.9742 -27.7830
v 47.2739 13.0058 -27.4782
v 47.1933 13.0041 -27.8155
v 47.1826 10.9760 -27.4456
v 46.8456 10.9925 -27.3651
v 46.9369 13.0223 -27.3977
v 47.1826 10.9760 -27.4456
v 46.9369 13.0223 -27.3977
v 47.2739 13.0058 -27.4782
v 34.4390 10.3096 -13.1876
v 34.4111 10.3085 -13.3814
v 34.3472 11.4540 -13.3788
v 34.4390 10.3096 -13.1876
v 34.3472 11.4540 -13.3788
v 34.3752 11.4551 -13.1850
v 34.4111 10.3085 -13.3814
v 34.6046 10.3194 -13.4093
v 34.5408 11.4649 -13.4067
v 34.4111 10.3085 -13.3814
v 34.5408 11.4649 -13.4067
v 34.3472 11.4540 -13.3788
v 34.6046 10.3194 -13.4093
v 34.6325 10.3205 -13.2155
v 34.5687 11.4660 -13.2129
v 34.6046 10.3194 -13.4093
v 34.5687 11.4660 -13.2129
v 34.5408 11.4649 -13.4067
v 34.6325 10.3205 -13.2155
v 34.4390 10.3096 -13.1876
v 34.3752 11.4551 -13.1850
v 34.6325 10.3205 -13.2155
v 34.3752 11.4551 -13.1850
v 34.5687 11.4660 -13.2129
v -5.2231 14.1917 -52.2584
v -4.9919 14.2107 -52.2814
v -5.1023 15.5721 -52.2633
v -5.2231 14.1917 -52.2584
v -5.1023 15.5721 -52.2633
v -5.3335 15.5530 -52.2403
v -4.9919 14.2107 -52.2814
v -4.9687 14.2095 -52.0495
v -5.0791 15.5709 -52.0313
v -4.9919 14.2107 -52.2814
v -5.0791 15.5709 -52.0313
v -5.1023 15.5721 -52.2633
v -4.9687 14.2095 -52.0495
v -5.2000 14.1905 -52.0264
v -5.3103 15.5518 -52.0083
v -4.9687 14.2095 -52.0495
v -5.3103 15.5518 -52.0083
v -5.0791 15.5709 -52.0313
v -5.2000 14.1905 -52.0264
v -5.2231 14.1917 -52.2584
v -5.3335 15.5530 -52.2403
v -5.2000 14.1905 -52.0264
v -5.3335 15.5530 -52.2403
v -5.3103 15.5518 -52.0083
v 38.4342 10.6042 -18.5481
v 38.1550 10.5812 -18.4794
v 38.0221 12.2654 -18.4554
v 38.4342 10.6042 -18.5481
v 38.0221 12.2654 -18.4554
v 38.3012 12.2884 -18.5241
v 38.1550 10.5812 -18.4794
v 38.0862 10.5798 -18.7595
v 37.9533 12.2640 -18.7355
v 38.1550 10.5812 -18.4794
v 37.9533 12.2640 -18.7355
v 38.0221 12.2654 -18.4554
v 38.0862 10.5798 -18.7595
v 38.3654 10.6028 -18.8282
v 38.2324 12.2870 -18.8041
v 38.0862 10.5798 -18.7595
v 38.2324 12.2870 -18.8041
v 37.9533 12.2640 -18.7355
v 38.3654 10.6028 -18.8282
v 38.4342 10.6042 -18.5481
v 38.3012 12.2884 -18.5241
v 38.3654 10.6028 -18.8282
v 38.3012 12.2884 -18.5241
v 38.2324 12.2870 -18.8041
v 50.4613 8.7877 26.3290
v 50.6320 8.7964 26.0686
v 50.4602 10.6122 26.0167
v 50.4613 8.7877 26.3290
v 50.4602 10.6122 26.0167
v 50.2895 10.6035 26.2771
v 50.6320 8.7964 26.0686
v 50.8909 8.8258 26.2393
v 50.7191 10.6416 26.1874
v 50.6320 8.7964 26.0686
v 50.7191 10.6416 26.1874
v 50.4602 10.6122 26.0167
v 50.8909 8.8258 26.2393
v 50.7202 8.8171 26.4996
v 50.5484 10.6328 26.4478
v 50.8909 8.8258 26.2393
v 50.5484 10.6328 26.4478
v 50.7191 10.6416 26.1874
v 50.7202 8.8171 26.4996
v 50.4613 8.7877 26.3290
v 50.2895 10.6035 26.2771
v 50.7202 8.8171 26.4996
v 50.2895 10.6035 26.2771
v 50.5484 10.6328 26.4478
v -43.7304 13.4578 -7.9327
v -43.5209 13.4641 -8.0547
v -43.5776 14.8838 -8.0796
v -43.7304 13.4578 -7.9327
v -43.5776 14.8838 -8.0796
v -43.7871 14.8775 -7.9576
v -43.5209 13.4641 -8.0547
v -43.3991 13.4726 -7.8451
v -43.4558 14.8923 -7.8700
v -43.5209 13.4641 -8.0547
v -43.4558 14.8923 -7.8700
v -43.5776 14.8838 -8.0796
v -43.3991 13.4726 -7.8451
v -43.6087 13.4664 -7.7231
v -43.6654 14.8861 -7.7480
v -43.3991 13.4726 -7.8451
v -43.6654 14.8861 -7.7480
v -43.4558 14.8923 -7.8700
v -43.6087 13.4664 -7.7231
v -43.7304 13.4578 -7.9327
v -43.7871 14.8775 -7.9576
v -43.6087 13.4664 -7.7231
v -43.7871 14.8775 -7.9576
v -43.6654 14.8861 -7.7480
v 12.7408 12.8189 -47.7675
v 12.9857 12.8374 -47.7657
v 12.8772 14.2642 -47.6132
v 12.7408 12.8189 -47.7675
v 12.8772 14.2642 -47.6132
v 12.6323 14.2458 -47.6151
v 12.9857 12.8374 -47.7657
v 12.9859 12.8113 -47.5214
v 12.8773 14.2382 -47.3690
v 12.9857 12.8374 -47.7657
v 12.8773 14.2382 -47.3690
v 12.8772 14.2642 -47.6132
v 12.9859 12.8113 -47.5214
v 12.7410 12.7928 -47.5232
v 12.6324 14.2197 -47.3708
v 12.9859 12.8113 -47.5214
v 12.6324 14.2197 -47.3708
v 12.8773 14.2382 -47.3690
v 12.7410 12.7928 -47.5232
v 12.7408 12.8189 -47.7675
v 12.6323 14.2458 -47.6151
v 12.7410 12.7928 -47.5232
v 12.6323 14.2458 -47.6151
v 12.6324 14.2197 -47.3708
vt 0.00000 1.00000
vt 0.00000 1.00000
vt 0.00000 1.00000
vt 0.00000 1.00000
vt 0.00000 1.00000
vt 0.00000 1.00000
vt 0.00000 1.00000
vt 0.00000 1.00000
vt 0.00000 1.00000
vt 0.00000 1.00000
vt 0.00000 1.00000
vt 0.00000 1.00000
vt 0.00000 1.00000
vt 0.00000 1.00000
vt 0.00000 1.00000
vt 0.00000 1.00000
vt 0.00000 1.00000
vt 0.00000 1.00000
vt 0.00000 1.00000
vt 0.00000 1.00000
vt 0.00000 1.00000
vt 0.00000 1.00000
vt 0.00000 1.00000
vt 0.00000 1.00000
vt 0.00000 1.00000
vt 0.00000 1.00000
vt 0.00000 1.00000
vt 0.00000 1.00000
vt 0.00000 1.00000
vt 0.00000 1.00000
vt 0.00000 1.00000
vt 0.00000 1.00000
vt 0.00000 1.00000
vt 0.00000 1.00000
vt 0.00000 1.00000
vt 0.00000 1.00000
vt 0.00000 1.00000
vt 0.00000 1.00000
vt 0.00000 1.00000
vt 0.00000 1.00000
vt 0.00000 1.00000
vt 0.00000 1.00000
vt 0.00000 1.00000
vt 0.00000 1.00000
vt 0.00000 1.00000
vt 0.00000 1.00000
vt 0.00000 1.00000
vt 0.00000 1.00000
vt 0.00000 1.00000
vt 0.00000 1.00000
vt 0.00000 1.00000
vt 0.00000 1.00000
vt 0.00000 1.00000
vt 0.00000 1.00000
vt 0.00000 1.00000
vt 0.00000 1.00000
vt 0.00000 1.00000
vt 0.00000 1.00000
vt 0.00000 1.00000
vt 0.00000 1.00000
vt 0.00000 1.00000
vt 0.00000 1.00000
vt 0.00000 1.00000
vt 0.00000 1.00000
vt 0.00000 1.00000
vt 0.00000 1.00000
vt 0.00000 1.00000
vt 0.00000 1.00000
vt 0.00000 1.00000
vt 0.00000 1.00000
vt 0.00000 1.00000
vt 0.00000 1.00000
vt 0.00000 1.00000
vt 0.00000 1.00000
vt 0.00000 1.00000
vt 0.00000 1.00000
vt 0.00000 1.00000
vt 0.00000 1.00000
vt 0.00000 1.00000
vt 0.00000 1.00000
vt 0.00000 1.00000
vt 0.00000 1.00000
vt 0.00000 1.00000
vt 0.00000 1.00000
vt 0.00000 1.00000
vt 0.00000 1.00000
vt 0.00000 1.00000
vt 0.00000 1.00000
vt 0.00000 1.00000
vt 0.00000 1.00000
vt 0.00000 1.00000
vt 0.00000 1.00000
vt 0.00000 1.00000
vt 0.00000 1.00000
vt 0.00000 1.00000
vt 0.00000 1.00000
vt 0.00000 1.00000
vt 0.00000 1.00000
vt 0.00000 1.00000
vt 0.00000 1.00000
vt 0.00000 1.00000
vt 0.00000 1.00000
vt 0.00000 1.00000
vt 0.00000 1.00000
vt 0.00000 1.00000
vt 0.00000 1.00000
vt 0.00000 1.00000
vt 0.00000 1.00000
vt 0.00000 1.00000
vt 0.00000 1.00000
vt 0.00000 1.00000
vt 0.00000 1.00000
vt 0.00000 1.00000
vt 0.00000 1.00000
vt 0.00000 1.00000
vt 0.00000 1.00000
vt 0.00000 1.00000
vt 0.00000 1.00000
vt 0.00000 1.00000
vt 0.00000 1.00000
vt 0.00000 1.00000
vt 0.00000 1.00000
vt 0.00000 1.00000
vt 0.00000 1.00000
vt 0.00000 1.00000
vt 0.00000 1.00000
vt 0.00000 1.00000
vt 0.00000 1.00000
vt 0.00000 1.00000
vt 0.00000 1.00000
vt 0.00000 1.00000
vt 0.00000 1.00000
vt 0.00000 1.00000
vt 0.00000 1.00000
vt 0.00000 1.00000
vt 0.00000 1.00000
vt 0.00000 1.00000
vt 0.00000 1.00000
vt 0.00000 1.00000
vt 0.00000 1.00000
vt 0.00000 1.00000
vt 0.00000 1.00000
vt 0.00000 1.00000
vt 0.00000 1.00000
vt 0.00000 1.00000
vt 0.00000 1.00000
vt 0.00000 1.00000
vt 0.00000 1.00000
vt 0.00000 1.00000
vt 0.00000 1.00000
vt 0.00000 1.00000
vt 0.00000 1.00000
vt 0.00000 1.00000
vt 0.00000 1.00000
vt 0.00000 1.00000
vt 0.00000 1.00000
vt 0.00000 1.00000
vt 0.00000 1.00000
vt 0.00000 1.00000
vt 0.00000 1.00000
vt 0.00000 1.00000
vt 0.00000 1.00000
vt 0.00000 1.00000
vt 0.00000 1.00000
vt 0.00000 1.00000
vt 0.00000 1.00000
vt 0.00000 1.00000
vt 0.00000 1.00000
vt 0.00000 1.00000
vt 0.00000 1.00000
vt 0.00000 1.00000
vt 0.00000 1.00000
vt 0.00000 1.00000
vt 0.00000 1.00000
vt 0.00000 1.00000
vt 0.00000 1.00000
vt 0.00000 1.00000
vt 0.00000 1.00000
vt 0.00000 1.00000
vt 0.00000 1.00000
vt 0.00000 1.00000
vt 0.00000 1.00000
vt 0.00000 1.00000
vt 0.00000 1.00000
vt 0.00000 1.00000
vt 0.00000 1.00000
vt 0.00000 1.00000
vt 0.00000 1.00000
vt 0.00000 1.00000
vt 0.00000 1.00000
vt 0.00000 1.00000
vt 0.00000 1.00000
vt 0.00000 1.00000
vt 0.00000 1.00000
vt 0.00000 1.00000
vt 0.00000 1.00000
vt 0.00000 1.00000
vt 0.00000 1.00000
vt 0.00000 1.00000
vt 0.00000 1.00000
vt 0.00000 1.00000
vt 0.00000 1.00000
vt 0.00000 1.00000
vt 0.00000 1.00000
vt 0.00000 1.00000
vt 0.00000 1.00000
vt 0.00000 1.00000
vt 0.00000 1.00000
vt 0.00000 1.00000
vt 0.00000 1.00000
vt 0.00000 1.00000
vt 0.00000 1.00000
vt 0.00000 1.00000
vt 0.00000 1.00000
vt 0.00000 1.00000
vt 0.00000 1.00000
vt 0.00000 1.00000
vt 0.00000 1.00000
vt 0.00000 1.00000
vt 0.00000 1.00000
vt 0.00000 1.00000
vt 0.00000 1.00000
vt 0.00000 1.00000
vt 0.00000 1.00000
vt 0.00000 1.00000
vt 0.00000 1.00000
vt 0.00000 1.00000
vt 0.00000 1.00000
vt 0.00000 1.00000
vt 0.00000 1.00000
vt 0.00000 1.00000
vt 0.00000 1.00000
vt 0.00000 1.00000
vt 0.00000 1.00000
vt 0.00000 1.00000
vt 0.00000 1.00000
vt 0.00000 1.00000
vt 0.00000 1.00000
vt 0.00000 1.00000
vt 0.00000 1.00000
vt 0.00000 1.00000
vt 0.00000 1.00000
vt 0.00000 1.00000
vt 0.00000 1.00000
vt 0.00000 1.00000
vt 0.00000 1.00000
vt 0.00000 1.00000
vt 0.00000 1.00000
vt 0.00000 1.00000
vt 0.00000 1.00000
vt 0.00000 1.00000
vt 0.00000 1.00000
vt 0.00000 1.00000
vt 0.00000 1.00000
vt 0.00000 1.00000
vt 0.00000 1.00000
vt 0.00000 1.00000
vt 0.00000 1.00000
vt 0.00000 1.00000
vt 0.00000 1.00000
vt 0.00000 1.00000
vt 0.00000 1.00000
vt 0.00000 1.00000
vt 0.00000 1.00000
vt 0.00000 1.00000
vt 0.00000 1.00000
vt 0.00000 1.00000
vt 0.00000 1.00000
vt 0.00000 1.00000
vt 0.00000 1.00000
vt 0.00000 1.00000
vt 0.00000 1.00000
vt 0.00000 1.00000
vt 0.00000 1.00000
vt 0.00000 1.00000
vt 0.00000 1.00000
vt 0.00000 1.00000
vt 0.00000 1.00000
vt 0.00000 1.00000
vt 0.00000 1.00000
vt 0.00000 1.00000
vt 0.00000 1.00000
vt 0.00000 1.00000
vt 0.00000 1.00000
vt 0.00000 1.00000
vt 0.00000 1.00000
vt 0.00000 1.00000
vt 0.00000 1.00000
vt 0.00000 1.00000
vt 0.00000 1.00000
vt 0.00000 1.00000
vt 0.00000 1.00000
vt 0.00000 1.00000
vt 0.00000 1.00000
vt 0.00000 1.00000
vt 0.00000 1.00000
vt 0.00000 1.00000
vt 0.00000 1.00000
vt 0.00000 1.00000
vt 0.00000 1.00000
vt 0.00000 1.00000
vt 0.00000 1.00000
vt 0.00000 1.00000
vt 0.00000 1.00000
vt 0.00000 1.00000
vt 0.00000 1.00000
vt 0.00000 1.00000
vt 0.00000 1.00000
vt 0.00000 1.00000
vt 0.00000 1.00000
vt 0.00000 1.00000
vt 0.00000 1.00000
vt 0.00000 1.00000
vt 0.00000 1.00000
vt 0.00000 1.00000
vt 0.00000 1.00000
vt 0.00000 1.00000
vt 0.00000 1.00000
vt 0.00000 1.00000
vt 0.00000 1.00000
vt 0.00000 1.00000
vt 0.00000 1.00000
vt 0.00000 1.00000
vt 0.00000 1.00000
vt 0.00000 1.00000
vt 0.00000 1.00000
vt 0.00000 1.00000
vt 0.00000 1.00000
vt 0.00000 1.00000
vt 0.00000 1.00000
vt 0.00000 1.00000
vt 0.00000 1.00000
vt 0.00000 1.00000
vt 0.00000 1.00000
vt 0.00000 1.00000
vt 0.00000 1.00000
vt 0.00000 1.00000
vt 0.00000 1.00000
vt 0.00000 1.00000
vt 0.00000 1.00000
vt 0.00000 1.00000
vt 0.00000 1.00000
vt 0.00000 1.00000
vt 0.00000 1.00000
vt 0.00000 1.00000
vt 0.00000 1.00000
vt 0.00000 1.00000
vt 0.00000 1.00000
vt 0.00000 1.00000
vt 0.00000 1.00000
vt 0.00000 1.00000
vt 0.00000 1.00000
vt 0.00000 1.00000
vt 0.00000 1.00000
vt 0.00000 1.00000
vt 0.00000 1.00000
vt 0.00000 1.00000
vt 0.00000 1.00000
vt 0.00000 1.00000
vt 0.00000 1.00000
vt 0.00000 1.00000
vt 0.00000 1.00000
vt 0.00000 1.00000
vt 0.00000 1.00000
vt 0.00000 1.00000
vt 0.00000 1.00000
vt 0.00000 1.00000
vt 0.00000 1.00000
vt 0.00000 1.00000
vt 0.00000 1.00000
vt 0.00000 1.00000
vt 0.00000 1.00000
vt 0.00000 1.00000
vt 0.00000 1.00000
vt 0.00000 1.00000
vt 0.00000 1.00000
vt 0.00000 1.00000
vt 0.00000 1.00000
vt 0.00000 1.00000
vt 0.00000 1.00000
vt 0.00000 1.00000
vt 0.00000 1.00000
vt 0.00000 1.00000
vt 0.00000 1.00000
vt 0.00000 1.00000
vt 0.00000 1.00000
vt 0.00000 1.00000
vt 0.00000 1.00000
vt 0.00000 1.00000
vt 0.00000 1.00000
vt 0.00000 1.00000
vt 0.00000 1.00000
vt 0.00000 1.00000
vt 0.00000 1.00000
vt 0.00000 1.00000
vt 0.00000 1.00000
vt 0.00000 1.00000
vt 0.00000 1.00000
vt 0.00000 1.00000
vt 0.00000 1.00000
vt 0.00000 1.00000
vt 0.00000 1.00000
vt 0.00000 1.00000
vt 0.00000 1.00000
vt 0.00000 1.00000
vt 0.00000 1.00000
vt 0.00000 1.00000
vt 0.00000 1.00000
vt 0.00000 1.00000
vt 0.00000 1.00000
vt 0.00000 1.00000
vt 0.00000 1.00000
vt 0.00000 1.00000
vt 0.00000 1.00000
vt 0.00000 1.00000
vt 0.00000 1.00000
vt 0.00000 1.00000
vt 0.00000 1.00000
vt 0.00000 1.00000
vt 0.00000 1.00000
vt 0.00000 1.00000
vt 0.00000 1.00000
vt 0.00000 1.00000
vt 0.00000 1.00000
vt 0.00000 1.00000
vt 0.00000 1.00000
vt 0.00000 1.00000
vt 0.00000 1.00000
vt 0.00000 1.00000
vt 0.00000 1.00000
vt 0.00000 1.00000
vt 0.00000 1.00000
vt 0.00000 1.00000
vt 0.00000 1.00000
vt 0.00000 1.00000
vt 0.00000 1.00000
vt 0.00000 1.00000
vt 0.00000 1.00000
vt 0.00000 1.00000
vt 0.00000 1.00000
vt 0.00000 1.00000
vt 0.00000 1.00000
vt 0.00000 1.00000
vt 0.00000 1.00000
vt 0.00000 1.00000
vt 0.00000 1.00000
vt 0.00000 1.00000
vt 0.00000 1.00000
vt 0.00000 1.00000
vt 0.00000 1.00000
vt 0.00000 1.00000
vt 0.00000 1.00000
vt 0.00000 1.00000
vt 0.00000 1.00000
vt 0.00000 1.00000
vt 0.00000 1.00000
vt 0.00000 1.00000
vt 0.00000 1.00000
vt 0.00000 1.00000
vt 0.00000 1.00000
vt 0.00000 1.00000
vt 0.00000 1.00000
vt 0.00000 1.00000
vt 0.00000 1.00000
vt 0.00000 1.00000
vt 0.00000 1.00000
vt 0.00000 1.00000
vt 0.00000 1.00000
vt 0.00000 1.00000
vt 0.00000 1.00000
vt 0.00000 1.00000
vt 0.00000 1.00000
vt 0.00000 1.00000
vt 0.00000 1.00000
vt 0.00000 1.00000
vt 0.00000 1.00000
vt 0.00000 1.00000
vt 0.00000 1.00000
vt 0.00000 1.00000
vt 0.00000 1.00000
vt 0.00000 1.00000
vt 0.00000 1.00000
vt 0.00000 1.00000
vt 0.00000 1.00000
vt 0.00000 1.00000
vt 0.00000 1.00000
vt 0.00000 1.00000
vt 0.00000 1.00000
vt 0.00000 1.00000
vt 0.00000 1.00000
vt 0.00000 1.00000
vt 0.00000 1.00000
vt 0.00000 1.00000
vt 0.00000 1.00000
vt 0.00000 1.00000
vt 0.00000 1.00000
vt 0.00000 1.00000
vt 0.00000 1.00000
vt 0.00000 1.00000
vt 0.00000 1.00000
vt 0.00000 1.00000
vt 0.00000 1.00000
vt 0.00000 1.00000
vt 0.00000 1.00000
vt 0.00000 1.00000
vt 0.00000 1.00000
vt 0.00000 1.00000
vt 0.00000 1.00000
vt 0.00000 1.00000
vt 0.00000 1.00000
vt 0.00000 1.00000
vt 0.00000 1.00000
vt 0.00000 1.00000
vt 0.00000 1.00000
vt 0.00000 1.00000
vt 0.00000 1.00000
vt 0.00000 1.00000
vt 0.00000 1.00000
vt 0.00000 1.00000
vt 0.00000 1.00000
vt 0.00000 1.00000
vt 0.00000 1.00000
vt 0.00000 1.00000
vt 0.00000 1.00000
vt 0.00000 1.00000
vt 0.00000 1.00000
vt 0.00000 1.00000
vt 0.00000 1.00000
vt 0.00000 1.00000
vt 0.00000 1.00000
vt 0.00000 1.00000
vt 0.00000 1.00000
vt 0.00000 1.00000
vt 0.00000 1.00000
vt 0.00000 1.00000
vt 0.00000 1.00000
vt 0.00000 1.00000
vt 0.00000 1.00000
vt 0.00000 1.00000
vt 0.00000 1.00000
vt 0.00000 1.00000
vt 0.00000 1.00000
vt 0.00000 1.00000
vt 0.00000 1.00000
vt 0.00000 1.00000
vt 0.00000 1.00000
vt 0.00000 1.00000
vt 0.00000 1.00000
vt 0.00000 1.00000
vt 0.00000 1.00000
vt 0.00000 1.00000
vt 0.00000 1.00000
vt 0.00000 1.00000
vt 0.00000 1.00000
vt 0.00000 1.00000
vt 0.00000 1.00000
vt 0.00000 1.00000
vt 0.00000 1.00000
vt 0.00000 1.00000
vt 0.00000 1.00000
vt 0.00000 1.00000
vt 0.00000 1.00000
vt 0.00000 1.00000
vt 0.00000 1.00000
vt 0.00000 1.00000
vt 0.00000 1.00000
vt 0.00000 1.00000
vt 0.00000 1.00000
vt 0.00000 1.00000
vt 0.00000 1.00000
vt 0.00000 1.00000
vt 0.00000 1.00000
vt 0.00000 1.00000
vt 0.00000 1.00000
vt 0.00000 1.00000
vt 0.00000 1.00000
vt 0.00000 1.00000
vt 0.00000 1.00000
vt 0.00000 1.00000
vt 0.00000 1.00000
vt 0.00000 1.00000
vt 0.00000 1.00000
vt 0.00000 1.00000
vt 0.00000 1.00000
vt 0.00000 1.00000
vt 0.00000 1.00000
vt 0.00000 1.00000
vt 0.00000 1.00000
vt 0.00000 1.00000
vt 0.00000 1.00000
vt 0.00000 1.00000
vt 0.00000 1.00000
vt 0.00000 1.00000
vt 0.00000 1.00000
vt 0.00000 1.00000
vt 0.00000 1.00000
vt 0.00000 1.00000
vt 0.00000 1.00000
vt 0.00000 1.00000
vt 0.00000 1.00000
vt 0.00000 1.00000
vt 0.00000 1.00000
vt 0.00000 1.00000
vt 0.00000 1.00000
vt 0.00000 1.00000
vt 0.00000 1.00000
vt 0.00000 1.00000
vt 0.00000 1.00000
vt 0.00000 1.00000
vt 0.00000 1.00000
vt 0.00000 1.00000
vt 0.00000 1.00000
vt 0.00000 1.00000
vt 0.00000 1.00000
vt 0.00000 1.00000
vt 0.00000 1.00000
vt 0.00000 1.00000
vt 0.00000 1.00000
vt 0.00000 1.00000
vt 0.00000 1.00000
vt 0.00000 1.00000
vt 0.00000 1.00000
vt 0.00000 1.00000
vt 0.00000 1.00000
vt 0.00000 1.00000
vt 0.00000 1.00000
vt 0.00000 1.00000
vt 0.00000 1.00000
vt 0.00000 1.00000
vt 0.00000 1.00000
vt 0.00000 1.00000
vt 0.00000 1.00000
vt 0.00000 1.00000
vt 0.00000 1.00000
vt 0.00000 1.00000
vt 0.00000 1.00000
vt 0.00000 1.00000
vt 0.00000 1.00000
vt 0.00000 1.00000
vt 0.00000 1.00000
vt 0.00000 1.00000
vt 0.00000 1.00000
vt 0.00000 1.00000
vt 0.00000 1.00000
vt 0.00000 1.00000
vt 0.00000 1.00000
vt 0.00000 1.00000
vt 0.00000 1.00000
vt 0.00000 1.00000
vt 0.00000 1.00000
vt 0.00000 1.00000
vt 0.00000 1.00000
vt 0.00000 1.00000
vt 0.00000 1.00000
vt 0.00000 1.00000
vt 0.00000 1.00000
vt 0.00000 1.00000
vt 0.00000 1.00000
vt 0.00000 1.00000
vt 0.00000 1.00000
vt 0.00000 1.00000
vt 0.00000 1.00000
vt 0.00000 1.00000
vt 0.00000 1.00000
vt 0.00000 1.00000
vt 0.00000 1.00000
vt 0.00000 1.00000
vt 0.00000 1.00000
vt 0.00000 1.00000
vt 0.00000 1.00000
vt 0.00000 1.00000
vt 0.00000 1.00000
vt 0.00000 1.00000
vt 0.00000 1.00000
vt 0.00000 1.00000
vt 0.00000 1.00000
vt 0.00000 1.00000
vt 0.00000 1.00000
vt 0.00000 1.00000
vt 0.00000 1.00000
vt 0.00000 1.00000
vt 0.00000 1.00000
vt 0.00000 1.00000
vt 0.00000 1.00000
vt 0.00000 1.00000
vt 0.00000 1.00000
vt 0.00000 1.00000
vt 0.00000 1.00000
vt 0.00000 1.00000
vt 0.00000 1.00000
vt 0.00000 1.00000
vt 0.00000 1.00000
vt 0.00000 1.00000
vt 0.00000 1.00000
vt 0.00000 1.00000
vt 0.00000 1.00000
vt 0.00000 1.00000
vt 0.00000 1.00000
vt 0.00000 1.00000
vt 0.00000 1.00000
vt 0.00000 1.00000
vt 0.00000 1.00000
vt 0.00000 1.00000
vt 0.00000 1.00000
vt 0.00000 1.00000
vt 0.00000 1.00000
vt 0.00000 1.00000
vt 0.00000 1.00000
vt 0.00000 1.00000
vt 0.00000 1.00000
vt 0.00000 1.00000
vt 0.00000 1.00000
vt 0.00000 1.00000
vt 0.00000 1.00000
vt 0.00000 1.00000
vt 0.00000 1.00000
vt 0.00000 1.00000
vt 0.00000 1.00000
vt 0.00000 1.00000
vt 0.00000 1.00000
vt 0.00000 1.00000
vt 0.00000 1.00000
vt 0.00000 1.00000
vt 0.00000 1.00000
vt 0.00000 1.00000
vt 0.00000 1.00000
vt 0.00000 1.00000
vt 0.00000 1.00000
vt 0.00000 1.00000
vt 0.00000 1.00000
vt 0.00000 1.00000
vt 0.00000 1.00000
vt 0.00000 1.00000
vt 0.00000 1.00000
vt 0.00000 1.00000
vt 0.00000 1.00000
vt 0.00000 1.00000
vt 0.00000 1.00000
vt 0.00000 1.00000
vt 0.00000 1.00000
vt 0.00000 1.00000
vt 0.00000 1.00000
vt 0.00000 1.00000
vt 0.00000 1.00000
vt 0.00000 1.00000
vt 0.00000 1.00000
vt 0.00000 1.00000
vt 0.00000 1.00000
vt 0.00000 1.00000
vt 0.00000 1.00000
vt 0.00000 1.00000
vt 0.00000 1.00000
vt 0.00000 1.00000
vt 0.00000 1.00000
vt 0.00000 1.00000
vt 0.00000 1.00000
vt 0.00000 1.00000
vt 0.00000 1.00000
vt 0.00000 1.00000
vt 0.00000 1.00000
vt 0.00000 1.00000
vt 0.00000 1.00000
vt 0.00000 1.00000
vt 0.00000 1.00000
vt 0.00000 1.00000
vt 0.00000 1.00000
vt 0.00000 1.00000
vt 0.00000 1.00000
vt 0.00000 1.00000
vt 0.00000 1.00000
vt 0.00000 1.00000
vt 0.00000 1.00000
vt 0.00000 1.00000
vt 0.00000 1.00000
vt 0.00000 1.00000
vt 0.00000 1.00000
vt 0.00000 1.00000
vt 0.00000 1.00000
vt 0.00000 1.00000
vt 0.00000 1.00000
vt 0.00000 1.00000
vt 0.00000 1.00000
vt 0.00000 1.00000
vt 0.00000 1.00000
vt 0.00000 1.00000
vt 0.00000 1.00000
vt 0.00000 1.00000
vt 0.00000 1.00000
vt 0.00000 1.00000
vt 0.00000 1.00000
vt 0.00000 1.00000
vt 0.00000 1.00000
vt 0.00000 1.00000
vt 0.00000 1.00000
vt 0.00000 1.00000
vt 0.00000 1.00000
vt 0.00000 1.00000
vt 0.00000 1.00000
vt 0.00000 1.00000
vt 0.00000 1.00000
vt 0.00000 1.00000
vt 0.00000 1.00000
vt 0.00000 1.00000
vt 0.00000 1.00000
vt 0.00000 1.00000
vt 0.00000 1.00000
vt 0.00000 1.00000
vt 0.00000 1.00000
vt 0.00000 1.00000
vt 0.00000 1.00000
vt 0.00000 1.00000
vt 0.00000 1.00000
vt 0.00000 1.00000
vt 0.00000 1.00000
vt 0.00000 1.00000
vt 0.00000 1.00000
vt 0.00000 1.00000
vt 0.00000 1.00000
vt 0.00000 1.00000
vt 0.00000 1.00000
vt 0.00000 1.00000
vt 0.00000 1.00000
vt 0.00000 1.00000
vt 0.00000 1.00000
vt 0.00000 1.00000
vt 0.00000 1.00000
vt 0.00000 1.00000
vt 0.00000 1.00000
vt 0.00000 1.00000
vt 0.00000 1.00000
vt 0.00000 1.00000
vt 0.00000 1.00000
vt 0.00000 1.00000
vt 0.00000 1.00000
vt 0.00000 1.00000
vt 0.00000 1.00000
vt 0.00000 1.00000
vt 0.00000 1.00000
vt 0.00000 1.00000
vt 0.00000 1.00000
vt 0.00000 1.00000
vt 0.00000 1.00000
vt 0.00000 1.00000
vt 0.00000 1.00000
vt 0.00000 1.00000
vt 0.00000 1.00000
vt 0.00000 1.00000
vt 0.00000 1.00000
vt 0.00000 1.00000
vt 0.00000 1.00000
vt 0.00000 1.00000
vt 0.00000 1.00000
vt 0.00000 1.00000
vt 0.00000 1.00000
vt 0.00000 1.00000
vt 0.00000 1.00000
vt 0.00000 1.00000
vt 0.00000 1.00000
vt 0.00000 1.00000
vt 0.00000 1.00000
vt 0.00000 1.00000
vt 0.00000 1.00000
vt 0.00000 1.00000
vt 0.00000 1.00000
vt 0.00000 1.00000
vt 0.00000 1.00000
vt 0.00000 1.00000
vt 0.00000 1.00000
vt 0.00000 1.00000
vt 0.00000 1.00000
vt 0.00000 1.00000
vt 0.00000 1.00000
vt 0.00000 1.00000
vt 0.00000 1.00000
vt 0.00000 1.00000
vt 0.00000 1.00000
vt 0.00000 1.00000
vt 0.00000 1.00000
vt 0.00000 1.00000
vt 0.00000 1.00000
vt 0.00000 1.00000
vt 0.00000 1.00000
vt 0.00000 1.00000
vt 0.00000 1.00000
vt 0.00000 1.00000
vt 0.00000 1.00000
vt 0.00000 1.00000
vt 0.00000 1.00000
vt 0.00000 1.00000
vt 0.00000 1.00000
vt 0.00000 1.00000
vt 0.00000 1.00000
vt 0.00000 1.00000
vt 0.00000 1.00000
vt 0.00000 1.00000
vt 0.00000 1.00000
vt 0.00000 1.00000
vt 0.00000 1.00000
vt 0.00000 1.00000
vt 0.00000 1.00000
vt 0.00000 1.00000
vt 0.00000 1.00000
vt 0.00000 1.00000
vt 0.00000 1.00000
vt 0.00000 1.00000
vt 0.00000 1.00000
vt 0.00000 1.00000
vt 0.00000 1.00000
vt 0.00000 1.00000
vt 0.00000 1.00000
vt 0.00000 1.00000
vt 0.00000 1.00000
vt 0.00000 1.00000
vt 0.00000 1.00000
vt 0.00000 1.00000
vt 0.00000 1.00000
vt 0.00000 1.00000
vt 0.00000 1.00000
vt 0.00000 1.00000
vt 0.00000 1.00000
vt 0.00000 1.00000
vt 0.00000 1.00000
vt 0.00000 1.00000
vt 0.00000 1.00000
vt 0.00000 1.00000
vt 0.00000 1.00000
vt 0.00000 1.00000
vt 0.00000 1.00000
vt 0.00000 1.00000
vt 0.00000 1.00000
vt 0.00000 1.00000
vt 0.00000 1.00000
vt 0.00000 1.00000
vt 0.00000 1.00000
vt 0.00000 1.00000
vt 0.00000 1.00000
vt 0.00000 1.00000
vt 0.00000 1.00000
vt 0.00000 1.00000
vt 0.00000 1.00000
vt 0.00000 1.00000
vt 0.00000 1.00000
vt 0.00000 1.00000
vt 0.00000 1.00000
vt 0.00000 1.00000
vt 0.00000 1.00000
vt 0.00000 1.00000
vt 0.00000 1.00000
vt 0.00000 1.00000
vt 0.00000 1.00000
vt 0.00000 1.00000
vt 0.00000 1.00000
vt 0.00000 1.00000
vt 0.00000 1.00000
vt 0.00000 1.00000
vt 0.00000 1.00000
vt 0.00000 1.00000
vt 0.00000 1.00000
vt 0.00000 1.00000
vt 0.00000 1.00000
vt 0.00000 1.00000
vt 0.00000 1.00000
vt 0.00000 1.00000
vt 0.00000 1.00000
vt 0.00000 1.00000
vt 0.00000 1.00000
vt 0.00000 1.00000
vt 0.00000 1.00000
vt 0.00000 1.00000
vt 0.00000 1.00000
vt 0.00000 1.00000
vt 0.00000 1.00000
vt 0.00000 1.00000
vt 0.00000 1.00000
vt 0.00000 1.00000
vt 0.00000 1.00000
vt 0.00000 1.00000
vt 0.00000 1.00000
vt 0.00000 1.00000
vt 0.00000 1.00000
vt 0.00000 1.00000
vt 0.00000 1.00000
vt 0.00000 1.00000
vt 0.00000 1.00000
vt 0.00000 1.00000
vt 0.00000 1.00000
vt 0.00000 1.00000
vt 0.00000 1.00000
vt 0.00000 1.00000
vt 0.00000 1.00000
vt 0.00000 1.00000
vt 0.00000 1.00000
vt 0.00000 1.00000
vt 0.00000 1.00000
vt 0.00000 1.00000
vt 0.00000 1.00000
vt 0.00000 1.00000
vt 0.00000 1.00000
vt 0.00000 1.00000
vt 0.00000 1.00000
vt 0.00000 1.00000
vt 0.00000 1.00000
vt 0.00000 1.00000
vt 0.00000 1.00000
vt 0.00000 1.00000
vt 0.00000 1.00000
vt 0.00000 1.00000
vt 0.00000 1.00000
vt 0.00000 1.00000
vt 0.00000 1.00000
vt 0.00000 1.00000
vt 0.00000 1.00000
vt 0.00000 1.00000
vt 0.00000 1.00000
vt 0.00000 1.00000
vt 0.00000 1.00000
vt 0.00000 1.00000
vt 0.00000 1.00000
vt 0.00000 1.00000
vt 0.00000 1.00000
vt 0.00000 1.00000
vt 0.00000 1.00000
vt 0.00000 1.00000
vt 0.00000 1.00000
vt 0.00000 1.00000
vt 0.00000 1.00000
vt 0.00000 1.00000
vt 0.00000 1.00000
vt 0.00000 1.00000
vt 0.00000 1.00000
vt 0.00000 1.00000
vt 0.00000 1.00000
vt 0.00000 1.00000
vt 0.00000 1.00000
vt 0.00000 1.00000
vt 0.00000 1.00000
vt 0.00000 1.00000
vt 0.00000 1.00000
vt 0.00000 1.00000
vt 0.00000 1.00000
vt 0.00000 1.00000
vt 0.00000 1.00000
vt 0.00000 1.00000
vt 0.00000 1.00000
vt 0.00000 1.00000
vt 0.00000 1.00000
vt 0.00000 1.00000
vt 0.00000 1.00000
vt 0.00000 1.00000
vt 0.00000 1.00000
vt 0.00000 1.00000
vt 0.00000 1.00000
vt 0.00000 1.00000
vt 0.00000 1.00000
vt 0.00000 1.00000
vt 0.00000 1.00000
vt 0.00000 1.00000
vt 0.00000 1.00000
vt 0.00000 1.00000
vt 0.00000 1.00000
vt 0.00000 1.00000
vt 0.00000 1.00000
vt 0.00000 1.00000
vt 0.00000 1.00000
vt 0.00000 1.00000
vt 0.00000 1.00000
vt 0.00000 1.00000
vt 0.00000 1.00000
vt 0.00000 1.00000
vt 0.00000 1.00000
vt 0.00000 1.00000
vt 0.00000 1.00000
vt 0.00000 1.00000
vt 0.00000 1.00000
vt 0.00000 1.00000
vt 0.00000 1.00000
vt 0.00000 1.00000
vt 0.00000 1.00000
vt 0.00000 1.00000
vt 0.00000 1.00000
vt 0.00000 1.00000
vt 0.00000 1.00000
vt 0.00000 1.00000
vt 0.00000 1.00000
vt 0.00000 1.00000
vt 0.00000 1.00000
vt 0.00000 1.00000
vt 0.00000 1.00000
vt 0.00000 1.00000
vt 0.00000 1.00000
vt 0.00000 1.00000
vt 0.00000 1.00000
vt 0.00000 1.00000
vt 0.00000 1.00000
vt 0.00000 1.00000
vt 0.00000 1.00000
vt 0.00000 1.00000
vt 0.00000 1.00000
vt 0.00000 1.00000
vt 0.00000 1.00000
vt 0.00000 1.00000
vt 0.00000 1.00000
vt 0.00000 1.00000
vt 0.00000 1.00000
vt 0.00000 1.00000
vt 0.00000 1.00000
vt 0.00000 1.00000
vt 0.00000 1.00000
vt 0.00000 1.00000
vt 0.00000 1.00000
vt 0.00000 1.00000
vt 0.00000 1.00000
vt 0.00000 1.00000
vt 0.00000 1.00000
vt 0.00000 1.00000
vt 0.00000 1.00000
vt 0.00000 1.00000
vt 0.00000 1.00000
vt 0.00000 1.00000
vt 0.00000 1.00000
vt 0.00000 1.00000
vt 0.00000 1.00000
vt 0.00000 1.00000
vt 0.00000 1.00000
vt 0.00000 1.00000
vt 0.00000 1.00000
vt 0.00000 1.00000
vt 0.00000 1.00000
vt 0.00000 1.00000
vt 0.00000 1.00000
vt 0.00000 1.00000
vt 0.00000 1.00000
vt 0.00000 1.00000
vt 0.00000 1.00000
vt 0.00000 1.00000
vt 0.00000 1.00000
vt 0.00000 1.00000
vt 0.00000 1.00000
vt 0.00000 1.00000
vt 0.00000 1.00000
vt 0.00000 1.00000
vt 0.00000 1.00000
vt 0.00000 1.00000
vt 0.00000 1.00000
vt 0.00000 1.00000
vt 0.00000 1.00000
vt 0.00000 1.00000
vt 0.00000 1.00000
vt 0.00000 1.00000
vt 0.00000 1.00000
vt 0.00000 1.00000
vt 0.00000 1.00000
vt 0.00000 1.00000
vt 0.00000 1.00000
vt 0.00000 1.00000
vt 0.00000 1.00000
vt 0.00000 1.00000
vt 0.00000 1.00000
vt 0.00000 1.00000
vt 0.00000 1.00000
vt 0.00000 1.00000
vt 0.00000 1.00000
vt 0.00000 1.00000
vt 0.00000 1.00000
vt 0.00000 1.00000
vt 0.00000 1.00000
vt 0.00000 1.00000
vt 0.00000 1.00000
vt 0.00000 1.00000
vt 0.00000 1.00000
vt 0.00000 1.00000
vt 0.00000 1.00000
vt 0.00000 1.00000
vt 0.00000 1.00000
vt 0.00000 1.00000
vt 0.00000 1.00000
vt 0.00000 1.00000
vt 0.00000 1.00000
vt 0.00000 1.00000
vt 0.00000 1.00000
vt 0.00000 1.00000
vt 0.00000 1.00000
vt 0.00000 1.00000
vt 0.00000 1.00000
vt 0.00000 1.00000
vt 0.00000 1.00000
vt 0.00000 1.00000
vt 0.00000 1.00000
vt 0.00000 1.00000
vt 0.00000 1.00000
vt 0.00000 1.00000
vt 0.00000 1.00000
vt 0.00000 1.00000
vt 0.00000 1.00000
vt 0.00000 1.00000
vt 0.00000 1.00000
vt 0.00000 1.00000
vt 0.00000 1.00000
vt 0.00000 1.00000
vt 0.00000 1.00000
vt 0.00000 1.00000
vt 0.00000 1.00000
vt 0.00000 1.00000
vt 0.00000 1.00000
vt 0.00000 1.00000
vt 0.00000 1.00000
vt 0.00000 1.00000
vt 0.00000 1.00000
vt 0.00000 1.00000
vt 0.00000 1.00000
vt 0.00000 1.00000
vt 0.00000 1.00000
vt 0.00000 1.00000
vt 0.00000 1.00000
vt 0.00000 1.00000
vt 0.00000 1.00000
vt 0.00000 1.00000
vt 0.00000 1.00000
vt 0.00000 1.00000
vt 0.00000 1.00000
vt 0.00000 1.00000
vt 0.00000 1.00000
vt 0.00000 1.00000
vt 0.00000 1.00000
vt 0.00000 1.00000
vt 0.00000 1.00000
vt 0.00000 1.00000
vt 0.00000 1.00000
vt 0.00000 1.00000
vt 0.00000 1.00000
vt 0.00000 1.00000
vt 0.00000 1.00000
vt 0.00000 1.00000
vt 0.00000 1.00000
vt 0.00000 1.00000
vt 0.00000 1.00000
vt 0.00000 1.00000
vt 0.00000 1.00000
vt 0.00000 1.00000
vt 0.00000 1.00000
vt 0.00000 1.00000
vt 0.00000 1.00000
vt 0.00000 1.00000
vt 0.00000 1.00000
vt 0.00000 1.00000
vt 0.00000 1.00000
vt 0.00000 1.00000
vt 0.00000 1.00000
vt 0.00000 1.00000
vt 0.00000 1.00000
vt 0.00000 1.00000
vt 0.00000 1.00000
vt 0.00000 1.00000
vt 0.00000 1.00000
vt 0.00000 1.00000
vt 0.00000 1.00000
vt 0.00000 1.00000
vt 0.00000 1.00000
vt 0.00000 1.00000
vt 0.00000 1.00000
vt 0.00000 1.00000
vt 0.00000 1.00000
vt 0.00000 1.00000
vt 0.00000 1.00000
vt 0.00000 1.00000
vt 0.00000 1.00000
vt 0.00000 1.00000
vt 0.00000 1.00000
vt 0.00000 1.00000
vt 0.00000 1.00000
vt 0.00000 1.00000
vt 0.00000 1.00000
vt 0.00000 1.00000
vt 0.00000 1.00000
vt 0.00000 1.00000
vt 0.00000 1.00000
vt 0.00000 1.00000
vt 0.00000 1.00000
vt 0.00000 1.00000
vt 0.00000 1.00000
vt 0.00000 1.00000
vt 0.00000 1.00000
vt 0.00000 1.00000
vt 0.00000 1.00000
vt 0.00000 1.00000
vt 0.00000 1.00000
vt 0.00000 1.00000
vt 0.00000 1.00000
vt 0.00000 1.00000
vt 0.00000 1.00000
vt 0.00000 1.00000
vt 0.00000 1.00000
vt 0.00000 1.00000
vt 0.00000 1.00000
vt 0.00000 1.00000
vt 0.00000 1.00000
vt 0.00000 1.00000
vt 0.00000 1.00000
vt 0.00000 1.00000
vt 0.00000 1.00000
vt 0.00000 1.00000
vt 0.00000 1.00000
vt 0.00000 1.00000
vt 0.00000 1.00000
vt 0.00000 1.00000
vt 0.00000 1.00000
vt 0.00000 1.00000
vt 0.00000 1.00000
vt 0.00000 1.00000
vt 0.00000 1.00000
vt 0.00000 1.00000
vt 0.00000 1.00000
vt 0.00000 1.00000
vt 0.00000 1.00000
vt 0.00000 1.00000
vt 0.00000 1.00000
vt 0.00000 1.00000
vt 0.00000 1.00000
vt 0.00000 1.00000
vt 0.00000 1.00000
usemtl bark
f 1/1 2/2 3/3
f 4/4 5/5 6/6
f 7/7 8/8 9/9
f 10/10 11/11 12/12
f 13/13 14/14 15/15
f 16/16 17/17 18/18
f 19/19 20/20 21/21
f 22/22 23/23 24/24
f 25/25 26/26 27/27
f 28/28 29/29 30/30
f 31/31 32/32 33/33
f 34/34 35/35 36/36
f 37/37 38/38 39/39
f 40/40 41/41 42/42
f 43/43 44/44 45/45
f 46/46 47/47 48/48
f 49/49 50/50 51/51
f 52/52 53/53 54/54
f 55/55 56/56 57/57
f 58/58 59/59 60/60
f 61/61 62/62 63/63
f 64/64 65/65 66/66
f 67/67 68/68 69/69
f 70/70 71/71 72/72
f 73/73 74/74 75/75
f 76/76 77/77 78/78
f 79/79 80/80 81/81
f 82/82 83/83 84/84
f 85/85 86/86 87/87
f 88/88 89/89 90/90
f 91/91 92/92 93/93
f 94/94 95/95 96/96
f 97/97 98/98 99/99
f 100/100 101/101 102/102
f 103/103 104/104 105/105
f 106/106 107/107 108/108
f 109/109 110/110 111/111
f 112/112 113/113 114/114
f 115/115 116/116 117/117
f 118/118 119/119 120/120
f 121/121 122/122 123/123
f 124/124 125/125 126/126
f 127/127 128/128 129/129
f 130/130 131/131 132/132
f 133/133 134/134 135/135
f 136/136 137/137 138/138
f 139/139 140/140 141/141
f 142/142 143/143 144/144
f 145/145 146/146 147/147
f 148/148 149/149 150/150
f 151/151 152/152 153/153
f 154/154 155/155 156/156
f 157/157 158/158 159/159
f 160/160 161/161 162/162
f 163/163 164/164 165/165
f 166/166 167/167 168/168
f 169/169 170/170 171/171
f 172/172 173/173 174/174
f 175/175 176/176 177/177
f 178/178 179/179 180/180
f 181/181 182/182 183/183
f 184/184 185/185 186/186
f 187/187 188/188 189/189
f 190/190 191/191 192/192
f 193/193 194/194 195/195
f 196/196 197/197 198/198
f 199/199 200/200 201/201
f 202/202 203/203 204/204
f 205/205 206/206 207/207
f 208/208 209/209 210/210
f 211/211 212/212 213/213
f 214/214 215/215 216/216
f 217/217 218/218 219/219
f 220/220 221/221 222/222
f 223/223 224/224 225/225
f 226/226 227/227 228/228
f 229/229 230/230 231/231
f 232/232 233/233 234/234
f 235/235 236/236 237/237
f 238/238 239/239 240/240
f 241/241 242/242 243/243
f 244/244 245/245 246/246
f 247/247 248/248 249/249
f 250/250 251/251 252/252
f 253/253 254/254 255/255
f 256/256 257/257 258/258
f 259/259 260/260 261/261
f 262/262 263/263 264/264
f 265/265 266/266 267/267
f 268/268 269/269 270/270
f 271/271 272/272 273/273
f 274/274 275/275 276/276
f 277/277 278/278 279/279
f 280/280 281/281 282/282
f 283/283 284/284 285/285
f 286/286 287/287 288/288
f 289/289 290/290 291/291
f 292/292 293/293 294/294
f 295/295 296/296 297/297
f 298/298 299/299 300/300
f 301/301 302/302 303/303
f 304/304 305/305 306/306
f 307/307 308/308 309/309
f 310/310 311/311 312/312
f 313/313 314/314 315/315
f 316/316 317/317 318/318
f 319/319 320/320 321/321
f 322/322 323/323 324/324
f 325/325 326/326 327/327
f 328/328 329/329 330/330
f 331/331 332/332 333/333
f 334/334 335/335 336/336
f 337/337 338/338 339/339
f 340/340 341/341 342/342
f 343/343 344/344 345/345
f 346/346 347/347 348/348
f 349/349 350/350 351/351
f 352/352 353/353 354/354
f 355/355 356/356 357/357
f 358/358 359/359 360/360
f 361/361 362/362 363/363
f 364/364 365/365 366/366
f 367/367 368/368 369/369
f 370/370 371/371 372/372
f 373/373 374/374 375/375
f 376/376 377/377 378/378
f 379/379 380/380 381/381
f 382/382 383/383 384/384
f 385/385 386/386 387/387
f 388/388 389/389 390/390
f 391/391 392/392 393/393
f 394/394 395/395 396/396
f 397/397 398/398 399/399
f 400/400 401/401 402/402
f 403/403 404/404 405/405
f 406/406 407/407 408/408
f 409/409 410/410 411/411
f 412/412 413/413 414/414
f 415/415 416/416 417/417
f 418/418 419/419 420/420
f 421/421 422/422 423/423
f 424/424 425/425 426/426
f 427/427 428/428 429/429
f 430/430 431/431 432/432
f 433/433 434/434 435/435
f 436/436 437/437 438/438
f 439/439 440/440 441/441
f 442/442 443/443 444/444
f 445/445 446/446 447/447
f 448/448 449/449 450/450
f 451/451 452/452 453/453
f 454/454 455/455 456/456
f 457/457 458/458 459/459
f 460/460 461/461 462/462
f 463/463 464/464 465/465
f 466/466 467/467 468/468
f 469/469 470/470 471/471
f 472/472 473/473 474/474
f 475/475 476/476 477/477
f 478/478 479/479 480/480
f 481/481 482/482 483/483
f 484/484 485/485 486/486
f 487/487 488/488 489/489
f 490/490 491/491 492/492
f 493/493 494/494 495/495
f 496/496 497/497 498/498
f 499/499 500/500 501/501
f 502/502 503/503 504/504
f 505/505 506/506 507/507
f 508/508 509/509 510/510
f 511/511 512/512 513/513
f 514/514 515/515 516/516
f 517/517 518/518 519/519
f 520/520 521/521 522/522
f 523/523 524/524 525/525
f 526/526 527/527 528/528
f 529/529 530/530 531/531
f 532/532 533/533 534/534
f 535/535 536/536 537/537
f 538/538 539/539 540/540
f 541/541 542/542 543/543
f 544/544 545/545 546/546
f 547/547 548/548 549/549
f 550/550 551/551 552/552
f 553/553 554/554 555/555
f 556/556 557/557 558/558
f 559/559 560/560 561/561
f 562/562 563/563 564/564
f 565/565 566/566 567/567
f 568/568 569/569 570/570
f 571/571 572/572 573/573
f 574/574 575/575 576/576
f 577/577 578/578 579/579
f 580/580 581/581 582/582
f 583/583 584/584 585/585
f 586/586 587/587 588/588
f 589/589 590/590 591/591
f 592/592 593/593 594/594
f 595/595 596/596 597/597
f 598/598 599/599 600/600
f 601/601 602/602 603/603
f 604/604 605/605 606/606
f 607/607 608/608 609/609
f 610/610 611/611 612/612
f 613/613 614/614 615/615
f 616/616 617/617 618/618
f 619/619 620/620 621/621
f 622/622 623/623 624/624
f 625/625 626/626 627/627
f 628/628 629/629 630/630
f 631/631 632/632 633/633
f 634/634 635/635 636/636
f 637/637 638/638 639/639
f 640/640 641/641 642/642
f 643/643 644/644 645/645
f 646/646 647/647 648/648
f 649/649 650/650 651/651
f 652/652 653/653 654/654
f 655/655 656/656 657/657
f 658/658 659/659 660/660
f 661/661 662/662 663/663
f 664/664 665/665 666/666
f 667/667 668/668 669/669
f 670/670 671/671 672/672
f 673/673 674/674 675/675
f 676/676 677/677 678/678
f 679/679 680/680 681/681
f 682/682 683/683 684/684
f 685/685 686/686 687/687
f 688/688 689/689 690/690
f 691/691 692/692 693/693
f 694/694 695/695 696/696
f 697/697 698/698 699/699
f 700/700 701/701 702/702
f 703/703 704/704 705/705
f 706/706 707/707 708/708
f 709/709 710/710 711/711
f 712/712 713/713 714/714
f 715/715 716/716 717/717
f 718/718 719/719 720/720
f 721/721 722/722 723/723
f 724/724 725/725 726/726
f 727/727 728/728 729/729
f 730/730 731/731 732/732
f 733/733 734/734 735/735
f 736/736 737/737 738/738
f 739/739 740/740 741/741
f 742/742 743/743 744/744
f 745/745 746/746 747/747
f 748/748 749/749 750/750
f 751/751 752/752 753/753
f 754/754 755/755 756/756
f 757/757 758/758 759/759
f 760/760 761/761 762/762
f 763/763 764/764 765/765
f 766/766 767/767 768/768
f 769/769 770/770 771/771
f 772/772 773/773 774/774
f 775/775 776/776 777/777
f 778/778 779/779 780/780
f 781/781 782/782 783/783
f 784/784 785/785 786/786
f 787/787 788/788 789/789
f 790/790 791/791 792/792
f 793/793 794/794 795/795
f 796/796 797/797 798/798
f 799/799 800/800 801/801
f 802/802 803/803 804/804
f 805/805 806/806 807/807
f 808/808 809/809 810/810
f 811/811 812/812 813/813
f 814/814 815/815 816/816
f 817/817 818/818 819/819
f 820/820 821/821 822/822
f 823/823 824/824 825/825
f 826/826 827/827 828/828
f 829/829 830/830 831/831
f 832/832 833/833 834/834
f 835/835 836/836 837/837
f 838/838 839/839 840/840
f 841/841 842/842 843/843
f 844/844 845/845 846/846
f 847/847 848/848 849/849
f 850/850 851/851 852/852
f 853/853 854/854 855/855
f 856/856 857/857 858/858
f 859/859 860/860 861/861
f 862/862 863/863 864/864
f 865/865 866/866 867/867
f 868/868 869/869 870/870
f 871/871 872/872 873/873
f 874/874 875/875 876/876
f 877/877 878/878 879/879
f 880/880 881/881 882/882
f 883/883 884/884 885/885
f 886/886 887/887 888/888
f 889/889 890/890 891/891
f 892/892 893/893 894/894
f 895/895 896/896 897/897
f 898/898 899/899 900/900
f 901/901 902/902 903/903
f 904/904 905/905 906/906
f 907/907 908/908 909/909
f 910/910 911/911 912/912
f 913/913 914/914 915/915
f 916/916 917/917 918/918
f 919/919 920/920 921/921
f 922/922 923/923 924/924
f 925/925 926/926 927/927
f 928/928 929/929 930/930
f 931/931 932/932 933/933
f 934/934 935/935 936/936
f 937/937 938/938 939/939
f 940/940 941/941 942/942
f 943/943 944/944 945/945
f 946/946 947/947 948/948
f 949/949 950/950 951/951
f 952/952 953/953 954/954
f 955/955 956/956 957/957
f 958/958 959/959 960/960
f 961/961 962/962 963/963
f 964/964 965/965 966/966
f 967/967 968/968 969/969
f 970/970 971/971 972/972
f 973/973 974/974 975/975
f 976/976 977/977 978/978
f 979/979 980/980 981/981
f 982/982 983/983 984/984
f 985/985 986/986 987/987
f 988/988 989/989 990/990
f 991/991 992/992 993/993
f 994/994 995/995 996/996
f 997/997 998/998 999/999
f 1000/1000 1001/1001 1002/1002
f 1003/1003 1004/1004 1005/1005
f 1006/1006 1007/1007 1008/1008
f 1009/1009 1010/1010 1011/1011
f 1012/1012 1013/1013 1014/1014
f 1015/1015 1016/1016 1017/1017
f 1018/1018 1019/1019 1020/1020
f 1021/1021 1022/1022 1023/1023
f 1024/1024 1025/1025 1026/1026
f 1027/1027 1028/1028 1029/1029
f 1030/1030 1031/1031 1032/1032
f 1033/1033 1034/1034 1035/1035
f 1036/1036 1037/1037 1038/1038
f 1039/1039 1040/1040 1041/1041
f 1042/1042 1043/1043 1044/1044
f 1045/1045 1046/1046 1047/1047
f 1048/1048 1049/1049 1050/1050
f 1051/1051 1052/1052 1053/1053
f 1054/1054 1055/1055 1056/1056
f 1057/1057 1058/1058 1059/1059
f 1060/1060 1061/1061 1062/1062
f 1063/1063 1064/1064 1065/1065
f 1066/1066 1067/1067 1068/1068
f 1069/1069 1070/1070 1071/1071
f 1072/1072 1073/1073 1074/1074
f 1075/1075 1076/1076 1077/1077
f 1078/1078 1079/1079 1080/1080
f 1081/1081 1082/1082 1083/1083
f 1084/1084 1085/1085 1086/1086
f 1087/1087 1088/1088 1089/1089
f 1090/1090 1091/1091 1092/1092
f 1093/1093 1094/1094 1095/1095
f 1096/1096 1097/1097 1098/1098
f 1099/1099 1100/1100 1101/1101
f 1102/1102 1103/1103 1104/1104
f 1105/1105 1106/1106 1107/1107
f 1108/1108 1109/1109 1110/1110
f 1111/1111 1112/1112 1113/1113
f 1114/1114 1115/1115 1116/1116
f 1117/1117 1118/1118 1119/1119
f 1120/1120 1121/1121 1122/1122
f 1123/1123 1124/1124 1125/1125
f 1126/1126 1127/1127 1128/1128
f 1129/1129 1130/1130 1131/1131
f 1132/1132 1133/1133 1134/1134
f 1135/1135 1136/1136 1137/1137
f 1138/1138 1139/1139 1140/1140
f 1141/1141 1142/1142 1143/1143
f 1144/1144 1145/1145 1146/1146
f 1147/1147 1148/1148 1149/1149
f 1150/1150 1151/1151 1152/1152
f 1153/1153 1154/1154 1155/1155
f 1156/1156 1157/1157 1158/1158
f 1159/1159 1160/1160 1161/1161
f 1162/1162 1163/1163 1164/1164
f 1165/1165 1166/1166 1167/1167
f 1168/1168 1169/1169 1170/1170
f 1171/1171 1172/1172 1173/1173
f 1174/1174 1175/1175 1176/1176
f 1177/1177 1178/1178 1179/1179
f 1180/1180 1181/1181 1182/1182
f 1183/1183 1184/1184 1185/1185
f 1186/1186 1187/1187 1188/1188
f 1189/1189 1190/1190 1191/1191
f 1192/1192 1193/1193 1194/1194
f 1195/1195 1196/1196 1197/1197
f 1198/1198 1199/1199 1200/1200
f 1201/1201 1202/1202 1203/1203
f 1204/1204 1205/1205 1206/1206
f 1207/1207 1208/1208 1209/1209
f 1210/1210 1211/1211 1212/1212
f 1213/1213 1214/1214 1215/1215
f 1216/1216 1217/1217 1218/1218
f 1219/1219 1220/1220 1221/1221
f 1222/1222 1223/1223 1224/1224
f 1225/1225 1226/1226 1227/1227
f 1228/1228 1229/1229 1230/1230
f 1231/1231 1232/1232 1233/1233
f 1234/1234 1235/1235 1236/1236
f 1237/1237 1238/1238 1239/1239
f 1240/1240 1241/1241 1242/1242
f 1243/1243 1244/1244 1245/1245
f 1246/1246 1247/1247 1248/1248
f 1249/1249 1250/1250 1251/1251
f 1252/1252 1253/1253 1254/1254
f 1255/1255 1256/1256 1257/1257
f 1258/1258 1259/1259 1260/1260
f 1261/1261 1262/1262 1263/1263
f 1264/1264 1265/1265 1266/1266
f 1267/1267 1268/1268 1269/1269
f 1270/1270 1271/1271 1272/1272
f 1273/1273 1274/1274 1275/1275
f 1276/1276 1277/1277 1278/1278
f 1279/1279 1280/1280 1281/1281
f 1282/1282 1283/1283 1284/1284
f 1285/1285 1286/1286 1287/1287
f 1288/1288 1289/1289 1290/1290
f 1291/1291 1292/1292 1293/1293
f 1294/1294 1295/1295 1296/1296
f 1297/1297 1298/1298 1299/1299
f 1300/1300 1301/1301 1302/1302
f 1303/1303 1304/1304 1305/1305
f 1306/1306 1307/1307 1308/1308
f 1309/1309 1310/1310 1311/1311
f 1312/1312 1313/1313 1314/1314
f 1315/1315 1316/1316 1317/1317
f 1318/1318 1319/1319 1320/1320
v 11.0131 11.8752 15.8765
v 9.8880 11.8043 16.1055
v 11.3748 11.9479 14.7868
v 9.8880 11.8043 16.1055
v 9.1246 11.8060 15.2448
v 11.3748 11.9479 14.7868
v 9.1246 11.8060 15.2448
v 9.4863 11.8787 14.1550
v 11.3748 11.9479 14.7868
v 9.4863 11.8787 14.1550
v 10.6115 11.9497 13.9261
v 11.3748 11.9479 14.7868
v 11.0499 13.2357 14.9029
v 10.7704 13.1795 15.7447
v 10.4601 13.2370 14.2380
v 10.7704 13.1795 15.7447
v 9.9010 13.1246 15.9216
v 10.4601 13.2370 14.2380
v 9.9010 13.1246 15.9216
v 9.3111 13.1260 15.2567
v 10.4601 13.2370 14.2380
v 9.3111 13.1260 15.2567
v 9.5907 13.1822 14.4149
v 10.4601 13.2370 14.2380
v 10.7250 14.5234 15.0189
v 10.5277 14.4837 15.6131
v 10.3087 14.5243 14.5496
v 10.5277 14.4837 15.6131
v 9.9140 14.4450 15.7380
v 10.3087 14.5243 14.5496
v 9.9140 14.4450 15.7380
v 9.4976 14.4460 15.2687
v 10.3087 14.5243 14.5496
v 9.4976 14.4460 15.2687
v 9.6950 14.4856 14.6745
v 10.3087 14.5243 14.5496
v 10.4029 15.7589 15.1324
v 10.2878 15.7358 15.4790
v 10.1600 15.7595 14.8587
v 10.2878 15.7358 15.4790
v 9.9297 15.7132 15.5519
v 10.1600 15.7595 14.8587
v 9.9297 15.7132 15.5519
v 9.6869 15.7138 15.2782
v 10.1600 15.7595 14.8587
v 9.6869 15.7138 15.2782
v 9.8020 15.7369 14.9316
v 10.1600 15.7595 14.8587
v 1.3782 12.9891 -26.4811
v 2.3986 12.9155 -26.4891
v 0.8795 13.0895 -25.5933
v 2.3986 12.9155 -26.4891
v 2.9204 12.9425 -25.6094
v 0.8795 13.0895 -25.5933
v 2.9204 12.9425 -25.6094
v 2.4217 13.0429 -24.7216
v 0.8795 13.0895 -25.5933
v 2.4217 13.0429 -24.7216
v 1.4013 13.1165 -24.7136
v 0.8795 13.0895 -25.5933
v 1.1941 14.2294 -25.6796
v 1.5795 14.1518 -26.3654
v 1.5973 14.2502 -25.0000
v 1.5795 14.1518 -26.3654
v 2.3680 14.0950 -26.3716
v 1.5973 14.2502 -25.0000
v 2.3680 14.0950 -26.3716
v 2.7711 14.1158 -25.6920
v 1.5973 14.2502 -25.0000
v 2.7711 14.1158 -25.6920
v 2.3858 14.1934 -25.0062
v 1.5973 14.2502 -25.0000
v 1.5087 15.3693 -25.7659
v 1.7807 15.3145 -26.2500
v 1.7933 15.3840 -25.2862
v 1.7807 15.3145 -26.2500
v 2.3373 15.2744 -26.2543
v 1.7933 15.3840 -25.2862
v 2.3373 15.2744 -26.2543
v 2.6219 15.2891 -25.7746
v 1.7933 15.3840 -25.2862
v 2.6219 15.2891 -25.7746
v 2.3499 15.3438 -25.2906
v 1.7933 15.3840 -25.2862
v 1.8200 16.4629 -25.8488
v 1.9787 16.4309 -26.1311
v 1.9860 16.4714 -25.5690
v 1.9787 16.4309 -26.1311
v 2.3033 16.4075 -26.1337
v 1.9860 16.4714 -25.5690
v 2.3033 16.4075 -26.1337
v 2.4694 16.4161 -25.8539
v 1.9860 16.4714 -25.5690
v 2.4694 16.4161 -25.8539
v 2.3107 16.4480 -25.5716
v 1.9860 16.4714 -25.5690
v 35.2640 11.5686 0.6244
v 35.9589 11.5645 2.0158
v 33.7114 11.5690 0.5305
v 35.9589 11.5645 2.0158
v 35.1011 11.5609 3.3134
v 33.7114 11.5690 0.5305
v 35.1011 11.5609 3.3134
v 33.5485 11.5614 3.2195
v 33.7114 11.5690 0.5305
v 33.5485 11.5614 3.2195
v 32.8537 11.5654 1.8281
v 33.7114 11.5690 0.5305
v 33.8695 13.3354 0.8518
v 35.0690 13.3351 0.9245
v 33.2070 13.3326 1.8543
v 35.0690 13.3351 0.9245
v 35.6059 13.3320 1.9997
v 33.2070 13.3326 1.8543
v 35.6059 13.3320 1.9997
v 34.9434 13.3292 3.0022
v 33.2070 13.3326 1.8543
v 34.9434 13.3292 3.0022
v 33.7439 13.3295 2.9295
v 33.2070 13.3326 1.8543
v 34.0276 15.1019 1.1730
v 34.8743 15.1016 1.2244
v 33.5600 15.0999 1.8807
v 34.8743 15.1016 1.2244
v 35.2533 15.0994 1.9833
v 33.5600 15.0999 1.8807
v 35.2533 15.0994 1.9833
v 34.7856 15.0975 2.6910
v 33.5600 15.0999 1.8807
v 34.7856 15.0975 2.6910
v 33.9390 15.0977 2.6396
v 33.5600 15.0999 1.8807
v 34.1857 16.7976 1.4941
v 34.6795 16.7975 1.5241
v 33.9130 16.7965 1.9069
v 34.6795 16.7975 1.5241
v 34.9006 16.7962 1.9668
v 33.9130 16.7965 1.9069
v 34.9006 16.7962 1.9668
v 34.6279 16.7951 2.3796
v 33.9130 16.7965 1.9069
v 34.6279 16.7951 2.3796
v 34.1341 16.7952 2.3496
v 33.9130 16.7965 1.9069
v -6.9859 14.2965 -37.2299
v -6.1967 14.2600 -38.1217
v -6.6088 14.2814 -36.0997
v -6.1967 14.2600 -38.1217
v -5.0303 14.2084 -37.8832
v -6.6088 14.2814 -36.0997
v -5.0303 14.2084 -37.8832
v -4.6533 14.1933 -36.7530
v -6.6088 14.2814 -36.0997
v -4.6533 14.1933 -36.7530
v -5.4425 14.2298 -35.8612
v -6.6088 14.2814 -36.0997
v -6.3692 15.6257 -36.3044
v -6.6604 15.6373 -37.1776
v -5.4682 15.5858 -36.1203
v -6.6604 15.6373 -37.1776
v -6.0506 15.6091 -37.8667
v -5.4682 15.5858 -36.1203
v -6.0506 15.6091 -37.8667
v -5.1495 15.5693 -37.6826
v -5.4682 15.5858 -36.1203
v -5.1495 15.5693 -37.6826
v -4.8583 15.5576 -36.8094
v -5.4682 15.5858 -36.1203
v -6.1296 16.9700 -36.5091
v -6.3352 16.9782 -37.1255
v -5.4936 16.9418 -36.3792
v -6.3352 16.9782 -37.1255
v -5.9046 16.9583 -37.6119
v -5.4936 16.9418 -36.3792
v -5.9046 16.9583 -37.6119
v -5.2686 16.9301 -37.4820
v -5.4936 16.9418 -36.3792
v -5.2686 16.9301 -37.4820
v -5.0631 16.9219 -36.8657
v -5.4936 16.9418 -36.3792
v -5.8924 18.2601 -36.7138
v -6.0123 18.2649 -37.0733
v -5.5214 18.2437 -36.6380
v -6.0123 18.2649 -37.0733
v -5.7612 18.2533 -37.3571
v -5.5214 18.2437 -36.6380
v -5.7612 18.2533 -37.3571
v -5.3902 18.2369 -37.2813
v -5.5214 18.2437 -36.6380
v -5.3902 18.2369 -37.2813
v -5.2703 18.2321 -36.9218
v -5.5214 18.2437 -36.6380
v 3.1920 12.3917 11.1394
v 1.9209 12.5045 11.5646
v 3.4684 12.4455 9.8239
v 1.9209 12.5045 11.5646
v 0.9262 12.6711 10.6744
v 3.4684 12.4455 9.8239
v 0.9262 12.6711 10.6744
v 1.2026 12.7249 9.3590
v 3.4684 12.4455 9.8239
v 1.2026 12.7249 9.3590
v 2.4737 12.6121 8.9338
v 3.4684 12.4455 9.8239
v 3.3466 13.9874 10.0177
v 3.1329 13.9458 11.0339
v 2.5780 14.1161 9.3301
v 3.1329 13.9458 11.0339
v 2.1507 14.0330 11.3625
v 2.5780 14.1161 9.3301
v 2.1507 14.0330 11.3625
v 1.3821 14.1617 10.6749
v 2.5780 14.1161 9.3301
v 1.3821 14.1617 10.6749
v 1.5958 14.2032 9.6587
v 2.5780 14.1161 9.3301
v 3.2247 15.5292 10.2115
v 3.0739 15.4999 10.9288
v 2.6822 15.6201 9.7262
v 3.0739 15.4999 10.9288
v 2.3806 15.5614 11.1607
v 2.6822 15.6201 9.7262
v 2.3806 15.5614 11.1607
v 1.8381 15.6523 10.6754
v 2.6822 15.6201 9.7262
v 1.8381 15.6523 10.6754
v 1.9889 15.6816 9.9581
v 2.6822 15.6201 9.7262
v 3.0962 17.0105 10.4014
v 3.0082 16.9934 10.8198
v 2.7798 17.0635 10.1183
v 3.0082 16.9934 10.8198
v 2.6037 17.0293 10.9551
v 2.7798 17.0635 10.1183
v 2.6037 17.0293 10.9551
v 2.2873 17.0823 10.6720
v 2.7798 17.0635 10.1183
v 2.2873 17.0823 10.6720
v 2.3753 17.0994 10.2536
v 2.7798 17.0635 10.1183
v -18.0972 12.5870 16.9184
v -16.8944 12.6379 15.8808
v -17.7991 12.4769 18.4758
v -16.8944 12.6379 15.8808
v -15.3935 12.5787 16.4006
v -17.7991 12.4769 18.4758
v -15.3935 12.5787 16.4006
v -15.0954 12.4687 17.9580
v -17.7991 12.4769 18.4758
v -15.0954 12.4687 17.9580
v -16.2982 12.4178 18.9956
v -17.7991 12.4769 18.4758
v -17.4969 14.2902 18.3618
v -17.7271 14.3752 17.1586
v -16.3373 14.2445 18.7632
v -17.7271 14.3752 17.1586
v -16.7976 14.4145 16.3568
v -16.3373 14.2445 18.7632
v -16.7976 14.4145 16.3568
v -15.6380 14.3688 16.7582
v -16.3373 14.2445 18.7632
v -15.6380 14.3688 16.7582
v -15.4079 14.2838 17.9614
v -16.3373 14.2445 18.7632
v -17.1947 16.1035 18.2477
v -17.3571 16.1635 17.3984
v -16.3762 16.0712 18.5311
v -17.3571 16.1635 17.3984
v -16.7011 16.1912 16.8325
v -16.3762 16.0712 18.5311
v -16.7011 16.1912 16.8325
v -15.8826 16.1590 17.1158
v -16.3762 16.0712 18.5311
v -15.8826 16.1590 17.1158
v -15.7201 16.0990 17.9651
v -16.3762 16.0712 18.5311
v -16.8937 17.8447 18.1288
v -16.9884 17.8797 17.6335
v -16.4162 17.8258 18.2941
v -16.9884 17.8797 17.6335
v -16.6057 17.8958 17.3033
v -16.4162 17.8258 18.2941
v -16.6057 17.8958 17.3033
v -16.1283 17.8770 17.4686
v -16.4162 17.8258 18.2941
v -16.1283 17.8770 17.4686
v -16.0335 17.8420 17.9639
v -16.4162 17.8258 18.2941
v 21.9100 10.3879 39.0277
v 22.2310 10.4045 38.1382
v 22.5193 10.4140 39.7509
v 22.2310 10.4045 38.1382
v 23.1613 10.4471 37.9718
v 22.5193 10.4140 39.7509
v 23.1613 10.4471 37.9718
v 23.7705 10.4732 38.6949
v 22.5193 10.4140 39.7509
v 23.7705 10.4732 38.6949
v 23.4495 10.4566 39.5845
v 22.5193 10.4140 39.7509
v 22.5435 11.4915 39.5512
v 22.0729 11.4714 38.9924
v 23.2621 11.5244 39.4225
v 22.0729 11.4714 38.9924
v 22.3209 11.4842 38.3050
v 23.2621 11.5244 39.4225
v 22.3209 11.4842 38.3050
v 23.0396 11.5171 38.1764
v 23.2621 11.5244 39.4225
v 23.0396 11.5171 38.1764
v 23.5102 11.5372 38.7351
v 23.2621 11.5244 39.4225
v 22.5677 12.5690 39.3514
v 22.2355 12.5548 38.9570
v 23.0749 12.5922 39.2606
v 22.2355 12.5548 38.9570
v 22.4106 12.5639 38.4718
v 23.0749 12.5922 39.2606
v 22.4106 12.5639 38.4718
v 22.9178 12.5871 38.3810
v 23.0749 12.5922 39.2606
v 22.9178 12.5871 38.3810
v 23.2500 12.6013 38.7754
v 23.0749 12.5922 39.2606
v 22.5938 13.6036 39.1516
v 22.4001 13.5953 38.9215
v 22.8897 13.6171 39.0986
v 22.4001 13.5953 38.9215
v 22.5022 13.6006 38.6385
v 22.8897 13.6171 39.0986
v 22.5022 13.6006 38.6385
v 22.7981 13.6141 38.5855
v 22.8897 13.6171 39.0986
v 22.7981 13.6141 38.5855
v 22.9918 13.6224 38.8156
v 22.8897 13.6171 39.0986
v -37.7303 18.2161 -42.4347
v -38.7465 18.2788 -41.3400
v -38.1517 18.4004 -43.8573
v -38.7465 18.2788 -41.3400
v -40.1841 18.5259 -41.6680
v -38.1517 18.4004 -43.8573
v -40.1841 18.5259 -41.6680
v -40.6055 18.7102 -43.0905
v -38.1517 18.4004 -43.8573
v -40.6055 18.7102 -43.0905
v -39.5893 18.6475 -44.1852
v -38.1517 18.4004 -43.8573
v -38.1272 20.0882 -43.4673
v -37.8018 19.9458 -42.3682
v -39.2379 20.2791 -43.7205
v -37.8018 19.9458 -42.3682
v -38.5870 19.9943 -41.5224
v -39.2379 20.2791 -43.7205
v -38.5870 19.9943 -41.5224
v -39.6977 20.1852 -41.7756
v -39.2379 20.2791 -43.7205
v -39.6977 20.1852 -41.7756
v -40.0231 20.3276 -42.8746
v -39.2379 20.2791 -43.7205
v -38.1027 21.7760 -43.0773
v -37.8730 21.6755 -42.3015
v -38.8867 21.9107 -43.2560
v -37.8730 21.6755 -42.3015
v -38.4273 21.7097 -41.7045
v -38.8867 21.9107 -43.2560
v -38.4273 21.7097 -41.7045
v -39.2113 21.8444 -41.8832
v -38.8867 21.9107 -43.2560
v -39.2113 21.8444 -41.8832
v -39.4410 21.9449 -42.6589
v -38.8867 21.9107 -43.2560
v -38.0885 23.3968 -42.6930
v -37.9545 23.3382 -42.2405
v -38.5457 23.4754 -42.7972
v -37.9545 23.3382 -42.2405
v -38.2779 23.3582 -41.8922
v -38.5457 23.4754 -42.7972
v -38.2779 23.3582 -41.8922
v -38.7351 23.4368 -41.9964
v -38.5457 23.4754 -42.7972
v -38.7351 23.4368 -41.9964
v -38.8691 23.4954 -42.4489
v -38.5457 23.4754 -42.7972
v 43.5023 10.7716 5.1489
v 43.8925 10.7588 5.8923
v 42.6639 10.7369 5.1141
v 43.8925 10.7588 5.8923
v 43.4443 10.7115 6.6009
v 42.6639 10.7369 5.1141
v 43.4443 10.7115 6.6009
v 42.6060 10.6769 6.5662
v 42.6639 10.7369 5.1141
v 42.6060 10.6769 6.5662
v 42.2158 10.6896 5.8227
v 42.6639 10.7369 5.1141
v 42.7117 11.6866 5.3208
v 43.3594 11.7134 5.3478
v 42.3656 11.6501 5.8683
v 43.3594 11.7134 5.3478
v 43.6609 11.7035 5.9222
v 42.3656 11.6501 5.8683
v 43.6609 11.7035 5.9222
v 43.3148 11.6670 6.4697
v 42.3656 11.6501 5.8683
v 43.3148 11.6670 6.4697
v 42.6671 11.6402 6.4428
v 42.3656 11.6501 5.8683
v 42.7595 12.6363 5.5276
v 43.2166 12.6552 5.5466
v 42.5152 12.6105 5.9140
v 43.2166 12.6552 5.5466
v 43.4295 12.6482 5.9521
v 42.5152 12.6105 5.9140
v 43.4295 12.6482 5.9521
v 43.1852 12.6224 6.3386
v 42.5152 12.6105 5.9140
v 43.1852 12.6224 6.3386
v 42.7280 12.6036 6.3195
v 42.5152 12.6105 5.9140
v 42.8089 13.5479 5.7328
v 43.0755 13.5589 5.7439
v 42.6664 13.5328 5.9582
v 43.0755 13.5589 5.7439
v 43.1997 13.5548 5.9804
v 42.6664 13.5328 5.9582
v 43.1997 13.5548 5.9804
v 43.0572 13.5398 6.2059
v 42.6664 13.5328 5.9582
v 43.0572 13.5398 6.2059
v 42.7906 13.5288 6.1947
v 42.6664 13.5328 5.9582
v -36.5931 14.3706 -7.1904
v -37.2106 14.4082 -6.1752
v -37.1609 14.4209 -8.2338
v -37.2106 14.4082 -6.1752
v -38.3960 14.4962 -6.2034
v -37.1609 14.4209 -8.2338
v -38.3960 14.4962 -6.2034
v -38.9638 14.5466 -7.2468
v -37.1609 14.4209 -8.2338
v -38.9638 14.5466 -7.2468
v -38.3463 14.5089 -8.2620
v -37.1609 14.4209 -8.2338
v -37.2015 15.7767 -7.9923
v -36.7630 15.7378 -7.1862
v -38.1173 15.8447 -8.0140
v -36.7630 15.7378 -7.1862
v -37.2401 15.7669 -6.4018
v -38.1173 15.8447 -8.0140
v -37.2401 15.7669 -6.4018
v -38.1559 15.8349 -6.4234
v -38.1173 15.8447 -8.0140
v -38.1559 15.8349 -6.4234
v -38.5945 15.8738 -7.2296
v -38.1173 15.8447 -8.0140
v -37.2421 17.1324 -7.7509
v -36.9326 17.1050 -7.1819
v -37.8885 17.1804 -7.7662
v -36.9326 17.1050 -7.1819
v -37.2694 17.1255 -6.6282
v -37.8885 17.1804 -7.7662
v -37.2694 17.1255 -6.6282
v -37.9158 17.1735 -6.6434
v -37.8885 17.1804 -7.7662
v -37.9158 17.1735 -6.6434
v -38.2253 17.2010 -7.2125
v -37.8885 17.1804 -7.7662
v -37.2867 18.4343 -7.5099
v -37.1061 18.4183 -7.1780
v -37.6637 18.4623 -7.5188
v -37.1061 18.4183 -7.1780
v -37.3026 18.4303 -6.8550
v -37.6637 18.4623 -7.5188
v -37.3026 18.4303 -6.8550
v -37.6796 18.4583 -6.8639
v -37.6637 18.4623 -7.5188
v -37.6796 18.4583 -6.8639
v -37.8602 18.4743 -7.1958
v -37.6637 18.4623 -7.5188
v -9.0764 12.1860 21.3829
v -10.0956 12.2017 20.5027
v -7.8061 12.1137 20.9410
v -10.0956 12.2017 20.5027
v -9.8445 12.1449 19.1806
v -7.8061 12.1137 20.9410
v -9.8445 12.1449 19.1806
v -8.5742 12.0726 18.7387
v -7.8061 12.1137 20.9410
v -8.5742 12.0726 18.7387
v -7.5550 12.0570 19.6189
v -7.8061 12.1137 20.9410
v -7.9689 13.6452 20.6885
v -8.9504 13.7011 21.0297
v -7.7751 13.6014 19.6671
v -8.9504 13.7011 21.0297
v -9.7380 13.7132 20.3496
v -7.7751 13.6014 19.6671
v -9.7380 13.7132 20.3496
v -9.5441 13.6694 19.3282
v -7.7751 13.6014 19.6671
v -9.5441 13.6694 19.3282
v -8.5627 13.6135 18.9869
v -7.7751 13.6014 19.6671
v -8.1318 15.1768 20.4359
v -8.8246 15.2162 20.6768
v -7.9950 15.1458 19.7150
v -8.8246 15.2162 20.6768
v -9.3805 15.2248 20.1967
v -7.9950 15.1458 19.7150
v -9.3805 15.2248 20.1967
v -9.2437 15.1938 19.4757
v -7.9950 15.1458 19.7150
v -9.2437 15.1938 19.4757
v -8.5509 15.1544 19.2348
v -7.9950 15.1458 19.7150
v -8.2974 16.6472 20.1855
v -8.7015 16.6702 20.3259
v -8.2177 16.6292 19.7649
v -8.7015 16.6702 20.3259
v -9.0258 16.6752 20.0459
v -8.2177 16.6292 19.7649
v -9.0258 16.6752 20.0459
v -8.9460 16.6572 19.6254
v -8.2177 16.6292 19.7649
v -8.9460 16.6572 19.6254
v -8.5420 16.6341 19.4849
v -8.2177 16.6292 19.7649
v 51.7416 11.9308 -11.9877
v 50.4406 11.8373 -11.8051
v 52.2288 12.0478 -13.2058
v 50.4406 11.8373 -11.8051
v 49.6269 11.8608 -12.8406
v 52.2288 12.0478 -13.2058
v 49.6269 11.8608 -12.8406
v 50.1142 11.9778 -14.0587
v 52.2288 12.0478 -13.2058
v 50.1142 11.9778 -14.0587
v 51.4151 12.0713 -14.2413
v 52.2288 12.0478 -13.2058
v 51.8410 13.5165 -13.0581
v 51.4644 13.4261 -12.1171
v 51.2123 13.5346 -13.8580
v 51.4644 13.4261 -12.1171
v 50.4592 13.3539 -11.9760
v 51.2123 13.5346 -13.8580
v 50.4592 13.3539 -11.9760
v 49.8304 13.3720 -12.7759
v 51.2123 13.5346 -13.8580
v 49.8304 13.3720 -12.7759
v 50.2070 13.4624 -13.7169
v 51.2123 13.5346 -13.8580
v 51.4531 14.9852 -12.9104
v 51.1873 14.9214 -12.2462
v 51.0094 14.9980 -13.4750
v 51.1873 14.9214 -12.2462
v 50.4777 14.8704 -12.1466
v 51.0094 14.9980 -13.4750
v 50.4777 14.8704 -12.1466
v 50.0339 14.8832 -12.7112
v 51.0094 14.9980 -13.4750
v 50.0339 14.8832 -12.7112
v 50.2998 14.9470 -13.3754
v 51.0094 14.9980 -13.4750
v 51.0690 16.3944 -12.7669
v 50.9139 16.3572 -12.3795
v 50.8101 16.4018 -13.0962
v 50.9139 16.3572 -12.3795
v 50.5000 16.3274 -12.3214
v 50.8101 16.4018 -13.0962
v 50.5000 16.3274 -12.3214
v 50.2411 16.3349 -12.6507
v 50.8101 16.4018 -13.0962
v 50.2411 16.3349 -12.6507
v 50.3962 16.3721 -13.0381
v 50.8101 16.4018 -13.0962
v 33.2353 13.0608 -44.5938
v 32.0404 13.0537 -44.7164
v 33.9391 12.9854 -45.5645
v 32.0404 13.0537 -44.7164
v 31.5493 12.9712 -45.8097
v 33.9391 12.9854 -45.5645
v 31.5493 12.9712 -45.8097
v 32.2531 12.8958 -46.7803
v 33.9391 12.9854 -45.5645
v 32.2531 12.8958 -46.7803
v 33.4480 12.9029 -46.6577
v 33.9391 12.9854 -45.5645
v 33.6701 14.3448 -45.6962
v 33.1263 14.4030 -44.9464
v 33.2906 14.2811 -46.5407
v 33.1263 14.4030 -44.9464
v 32.2030 14.3976 -45.0411
v 33.2906 14.2811 -46.5407
v 32.2030 14.3976 -45.0411
v 31.8235 14.3339 -45.8856
v 33.2906 14.2811 -46.5407
v 31.8235 14.3339 -45.8856
v 32.3673 14.2756 -46.6354
v 33.2906 14.2811 -46.5407
v 33.4012 15.7042 -45.8279
v 33.0173 15.7453 -45.2986
v 33.1333 15.6592 -46.4240
v 33.0173 15.7453 -45.2986
v 32.3655 15.7415 -45.3655
v 33.1333 15.6592 -46.4240
v 32.3655 15.7415 -45.3655
v 32.0976 15.6965 -45.9616
v 33.1333 15.6592 -46.4240
v 32.0976 15.6965 -45.9616
v 32.4815 15.6554 -46.4908
v 33.1333 15.6592 -46.4240
v 33.1321 17.0092 -45.9554
v 32.9082 17.0332 -45.6467
v 32.9758 16.9830 -46.3031
v 32.9082 17.0332 -45.6467
v 32.5280 17.0309 -45.6857
v 32.9758 16.9830 -46.3031
v 32.5280 17.0309 -45.6857
v 32.3717 17.0047 -46.0334
v 32.9758 16.9830 -46.3031
v 32.3717 17.0047 -46.0334
v 32.5956 16.9807 -46.3421
v 32.9758 16.9830 -46.3031
v -3.0540 12.9658 1.7165
v -1.8107 12.9116 2.2745
v -4.1609 12.9299 2.5126
v -1.8107 12.9116 2.2745
v -1.6744 12.8217 3.6287
v -4.1609 12.9299 2.5126
v -1.6744 12.8217 3.6287
v -2.7813 12.7858 4.4248
v -4.1609 12.9299 2.5126
v -2.7813 12.7858 4.4248
v -4.0246 12.8399 3.8668
v -4.1609 12.9299 2.5126
v -3.8562 14.4640 2.7399
v -3.0009 14.4917 2.1250
v -3.7507 14.3945 3.7861
v -3.0009 14.4917 2.1250
v -2.0402 14.4499 2.5562
v -3.7507 14.3945 3.7861
v -2.0402 14.4499 2.5562
v -1.9347 14.3804 3.6024
v -3.7507 14.3945 3.7861
v -1.9347 14.3804 3.6024
v -2.7900 14.3527 4.2173
v -3.7507 14.3945 3.7861
v -3.5514 15.9981 2.9673
v -2.9477 16.0177 2.5332
v -3.4769 15.9491 3.7057
v -2.9477 16.0177 2.5332
v -2.2695 15.9882 2.8376
v -3.4769 15.9491 3.7057
v -2.2695 15.9882 2.8376
v -2.1951 15.9391 3.5761
v -3.4769 15.9491 3.7057
v -2.1951 15.9391 3.5761
v -2.7988 15.9195 4.0101
v -3.4769 15.9491 3.7057
v -3.2475 17.4704 3.1906
v -2.8954 17.4818 2.9375
v -3.2041 17.4418 3.6213
v -2.8954 17.4818 2.9375
v -2.4998 17.4646 3.1150
v -3.2041 17.4418 3.6213
v -2.4998 17.4646 3.1150
v -2.4563 17.4360 3.5457
v -3.2041 17.4418 3.6213
v -2.4563 17.4360 3.5457
v -2.8085 17.4246 3.7989
v -3.2041 17.4418 3.6213
v 46.6115 11.9913 -19.4290
v 47.7039 11.9157 -19.7971
v 46.3853 12.0367 -18.2969
v 47.7039 11.9157 -19.7971
v 48.5701 11.8855 -19.0331
v 46.3853 12.0367 -18.2969
v 48.5701 11.8855 -19.0331
v 48.3439 11.9309 -17.9011
v 46.3853 12.0367 -18.2969
v 48.3439 11.9309 -17.9011
v 47.2514 12.0065 -17.5329
v 46.3853 12.0367 -18.2969
v 46.7117 13.3294 -18.4175
v 46.8866 13.2943 -19.2921
v 47.3810 13.3061 -17.8274
v 46.8866 13.2943 -19.2921
v 47.7308 13.2359 -19.5766
v 47.3810 13.3061 -17.8274
v 47.7308 13.2359 -19.5766
v 48.4000 13.2126 -18.9864
v 47.3810 13.3061 -17.8274
v 48.4000 13.2126 -18.9864
v 48.2251 13.2477 -18.1118
v 47.3810 13.3061 -17.8274
v 47.0382 14.6222 -18.5381
v 47.1617 14.5974 -19.1554
v 47.5106 14.6057 -18.1216
v 47.1617 14.5974 -19.1554
v 47.7575 14.5562 -19.3562
v 47.5106 14.6057 -18.1216
v 47.7575 14.5562 -19.3562
v 48.2299 14.5397 -18.9397
v 47.5106 14.6057 -18.1216
v 48.2299 14.5397 -18.9397
v 48.1065 14.5645 -18.3224
v 47.5106 14.6057 -18.1216
v 47.3616 15.8626 -18.6572
v 47.4336 15.8481 -19.0173
v 47.6371 15.8530 -18.4143
v 47.4336 15.8481 -19.0173
v 47.7812 15.8241 -19.1344
v 47.6371 15.8530 -18.4143
v 47.7812 15.8241 -19.1344
v 48.0567 15.8145 -18.8915
v 47.6371 15.8530 -18.4143
v 48.0567 15.8145 -18.8915
v 47.9847 15.8289 -18.5314
v 47.6371 15.8530 -18.4143
v -47.7495 15.9127 -15.5990
v -48.4221 16.0017 -16.2506
v -46.8483 15.8429 -15.8598
v -48.4221 16.0017 -16.2506
v -48.1936 16.0209 -17.1630
v -46.8483 15.8429 -15.8598
v -48.1936 16.0209 -17.1630
v -47.2924 15.9511 -17.4238
v -46.8483 15.8429 -15.8598
v -47.2924 15.9511 -17.4238
v -46.6197 15.8621 -16.7723
v -46.8483 15.8429 -15.8598
v -46.9054 16.9268 -15.9616
v -47.6016 16.9807 -15.7601
v -46.7289 16.9417 -16.6665
v -47.6016 16.9807 -15.7601
v -48.1214 17.0495 -16.2636
v -46.7289 16.9417 -16.6665
v -48.1214 17.0495 -16.2636
v -47.9449 17.0643 -16.9685
v -46.7289 16.9417 -16.6665
v -47.9449 17.0643 -16.9685
v -47.2487 17.0104 -17.1700
v -46.7289 16.9417 -16.6665
v -46.9625 18.0107 -16.0633
v -47.4539 18.0488 -15.9211
v -46.8379 18.0212 -16.5609
v -47.4539 18.0488 -15.9211
v -47.8208 18.0973 -16.2765
v -46.8379 18.0212 -16.5609
v -47.8208 18.0973 -16.2765
v -47.6963 18.1078 -16.7741
v -46.8379 18.0212 -16.5609
v -47.6963 18.1078 -16.7741
v -47.2048 18.0697 -16.9163
v -46.8379 18.0212 -16.5609
v -47.0234 19.0521 -16.1669
v -47.3101 19.0743 -16.0840
v -46.9508 19.0582 -16.4571
v -47.3101 19.0743 -16.0840
v -47.5241 19.1026 -16.2913
v -46.9508 19.0582 -16.4571
v -47.5241 19.1026 -16.2913
v -47.4515 19.1087 -16.5815
v -46.9508 19.0582 -16.4571
v -47.4515 19.1087 -16.5815
v -47.1648 19.0865 -16.6644
v -46.9508 19.0582 -16.4571
v -26.5567 12.3130 24.8913
v -26.1856 12.3077 23.7558
v -25.7595 12.2789 25.7805
v -26.1856 12.3077 23.7558
v -25.0172 12.2684 23.5095
v -25.7595 12.2789 25.7805
v -25.0172 12.2684 23.5095
v -24.2199 12.2343 24.3987
v -25.7595 12.2789 25.7805
v -24.2199 12.2343 24.3987
v -24.5911 12.2395 25.5342
v -25.7595 12.2789 25.7805
v -25.6275 13.6344 25.5317
v -26.2433 13.6607 24.8447
v -24.7248 13.6040 25.3413
v -26.2433 13.6607 24.8447
v -25.9565 13.6567 23.9673
v -24.7248 13.6040 25.3413
v -25.9565 13.6567 23.9673
v -25.0539 13.6263 23.7769
v -24.7248 13.6040 25.3413
v -25.0539 13.6263 23.7769
v -24.4380 13.5999 24.4639
v -24.7248 13.6040 25.3413
v -25.4955 14.9898 25.2830
v -25.9301 15.0084 24.7980
v -24.8583 14.9684 25.1485
v -25.9301 15.0084 24.7980
v -25.7277 15.0056 24.1786
v -24.8583 14.9684 25.1485
v -25.7277 15.0056 24.1786
v -25.0906 14.9841 24.0442
v -24.8583 14.9684 25.1485
v -25.0906 14.9841 24.0442
v -24.6559 14.9655 24.5292
v -24.8583 14.9684 25.1485
v -25.3654 16.2911 25.0338
v -25.6189 16.3019 24.7509
v -24.9938 16.2785 24.9554
v -25.6189 16.3019 24.7509
v -25.5008 16.3002 24.3897
v -24.9938 16.2785 24.9554
v -25.5008 16.3002 24.3897
v -25.1292 16.2877 24.3112
v -24.9938 16.2785 24.9554
v -25.1292 16.2877 24.3112
v -24.8757 16.2769 24.5941
v -24.9938 16.2785 24.9554
v 30.5076 12.5916 -50.2985
v 31.0140 12.6107 -50.8097
v 30.6971 12.5947 -49.6040
v 31.0140 12.6107 -50.8097
v 31.7098 12.6329 -50.6264
v 30.6971 12.5947 -49.6040
v 31.7098 12.6329 -50.6264
v 31.8993 12.6360 -49.9319
v 30.6971 12.5947 -49.6040
v 31.8993 12.6360 -49.9319
v 31.3929 12.6169 -49.4207
v 30.6971 12.5947 -49.6040
v 30.7851 13.4166 -49.7164
v 30.6388 13.4142 -50.2530
v 31.3227 13.4337 -49.5749
v 30.6388 13.4142 -50.2530
v 31.0301 13.4289 -50.6480
v 31.3227 13.4337 -49.5749
v 31.0301 13.4289 -50.6480
v 31.5677 13.4461 -50.5065
v 31.3227 13.4337 -49.5749
v 31.5677 13.4461 -50.5065
v 31.7140 13.4485 -49.9699
v 31.3227 13.4337 -49.5749
v 30.8731 14.2384 -49.8289
v 30.7699 14.2368 -50.2076
v 31.2526 14.2505 -49.7290
v 30.7699 14.2368 -50.2076
v 31.0461 14.2472 -50.4865
v 31.2526 14.2505 -49.7290
v 31.0461 14.2472 -50.4865
v 31.4256 14.2593 -50.3866
v 31.2526 14.2505 -49.7290
v 31.4256 14.2593 -50.3866
v 31.5288 14.2610 -50.0078
v 31.2526 14.2505 -49.7290
v 30.9622 15.0276 -49.9415
v 30.9020 15.0266 -50.1624
v 31.1836 15.0347 -49.8832
v 30.9020 15.0266 -50.1624
v 31.0632 15.0327 -50.3251
v 31.1836 15.0347 -49.8832
v 31.0632 15.0327 -50.3251
v 31.2845 15.0398 -50.2668
v 31.1836 15.0347 -49.8832
v 31.2845 15.0398 -50.2668
v 31.3447 15.0407 -50.0459
v 31.1836 15.0347 -49.8832
v 49.2204 11.4297 -1.9465
v 48.7167 11.4220 -0.8683
v 48.5403 11.3706 -2.9214
v 48.7167 11.4220 -0.8683
v 47.5329 11.3553 -0.7650
v 48.5403 11.3706 -2.9214
v 47.5329 11.3553 -0.7650
v 46.8528 11.2963 -1.7399
v 48.5403 11.3706 -2.9214
v 46.8528 11.2963 -1.7399
v 47.3565 11.3039 -2.8181
v 48.5403 11.3706 -2.9214
v 48.3474 12.7187 -2.7034
v 48.8727 12.7643 -1.9502
v 47.4328 12.6672 -2.6235
v 48.8727 12.7643 -1.9502
v 48.4836 12.7584 -1.1170
v 47.4328 12.6672 -2.6235
v 48.4836 12.7584 -1.1170
v 47.5690 12.7069 -1.0371
v 47.4328 12.6672 -2.6235
v 47.5690 12.7069 -1.0371
v 47.0437 12.6612 -1.7903
v 47.4328 12.6672 -2.6235
v 48.1545 14.0667 -2.4854
v 48.5253 14.0989 -1.9537
v 47.5090 14.0304 -2.4290
v 48.5253 14.0989 -1.9537
v 48.2506 14.0947 -1.3656
v 47.5090 14.0304 -2.4290
v 48.2506 14.0947 -1.3656
v 47.6051 14.0584 -1.3092
v 47.5090 14.0304 -2.4290
v 47.6051 14.0584 -1.3092
v 47.2343 14.0262 -1.8409
v 47.5090 14.0304 -2.4290
v 47.9648 15.3608 -2.2663
v 48.1811 15.3795 -1.9562
v 47.5883 15.3396 -2.2334
v 48.1811 15.3795 -1.9562
v 48.0208 15.3771 -1.6131
v 47.5883 15.3396 -2.2334
v 48.0208 15.3771 -1.6131
v 47.6443 15.3559 -1.5802
v 47.5883 15.3396 -2.2334
v 47.6443 15.3559 -1.5802
v 47.4280 15.3371 -1.8903
v 47.5883 15.3396 -2.2334
v -51.9984 17.5072 -21.1691
v -53.0746 17.5942 -21.7397
v -50.9668 17.4341 -21.8189
v -53.0746 17.5942 -21.7397
v -53.1193 17.6080 -22.9602
v -50.9668 17.4341 -21.8189
v -53.1193 17.6080 -22.9602
v -52.0877 17.5348 -23.6100
v -50.9668 17.4341 -21.8189
v -52.0877 17.5348 -23.6100
v -51.0115 17.4478 -23.0394
v -50.9668 17.4341 -21.8189
v -51.1059 18.8375 -21.9369
v -51.9028 18.8941 -21.4349
v -51.1405 18.8482 -22.8797
v -51.9028 18.8941 -21.4349
v -52.7345 18.9612 -21.8758
v -51.1405 18.8482 -22.8797
v -52.7345 18.9612 -21.8758
v -52.7691 18.9719 -22.8187
v -51.1405 18.8482 -22.8797
v -52.7691 18.9719 -22.8187
v -51.9721 18.9154 -23.3206
v -51.1405 18.8482 -22.8797
v -51.2449 20.2410 -22.0548
v -51.8074 20.2809 -21.7005
v -51.2694 20.2485 -22.7203
v -51.8074 20.2809 -21.7005
v -52.3945 20.3283 -22.0117
v -51.2694 20.2485 -22.7203
v -52.3945 20.3283 -22.0117
v -52.4190 20.3358 -22.6773
v -51.2694 20.2485 -22.7203
v -52.4190 20.3358 -22.6773
v -51.8564 20.2959 -23.0315
v -51.2694 20.2485 -22.7203
v -51.3882 21.5891 -22.1732
v -51.7163 21.6124 -21.9665
v -51.4025 21.5935 -22.5613
v -51.7163 21.6124 -21.9665
v -52.0587 21.6400 -22.1481
v -51.4025 21.5935 -22.5613
v -52.0587 21.6400 -22.1481
v -52.0730 21.6444 -22.5363
v -51.4025 21.5935 -22.5613
v -52.0730 21.6444 -22.5363
v -51.7449 21.6212 -22.7429
v -51.4025 21.5935 -22.5613
v -9.1909 11.0883 31.7844
v -8.6236 11.1230 32.1612
v -9.8019 11.0906 32.0872
v -8.6236 11.1230 32.1612
v -8.6674 11.1600 32.8407
v -9.8019 11.0906 32.0872
v -8.6674 11.1600 32.8407
v -9.2784 11.1623 33.1435
v -9.8019 11.0906 32.0872
v -9.2784 11.1623 33.1435
v -9.8457 11.1275 32.7667
v -9.8019 11.0906 32.0872
v -9.6916 11.8719 32.1295
v -9.2195 11.8701 31.8957
v -9.7253 11.9004 32.6545
v -9.2195 11.8701 31.8957
v -8.7811 11.8969 32.1868
v -9.7253 11.9004 32.6545
v -8.7811 11.8969 32.1868
v -8.8149 11.9255 32.7118
v -9.7253 11.9004 32.6545
v -8.8149 11.9255 32.7118
v -9.2869 11.9273 32.9456
v -9.7253 11.9004 32.6545
v -9.5812 12.6532 32.1719
v -9.2480 12.6519 32.0068
v -9.6050 12.6733 32.5424
v -9.2480 12.6519 32.0068
v -8.9386 12.6709 32.2123
v -9.6050 12.6733 32.5424
v -8.9386 12.6709 32.2123
v -8.9624 12.6910 32.5828
v -9.6050 12.6733 32.5424
v -8.9624 12.6910 32.5828
v -9.2956 12.6923 32.7479
v -9.6050 12.6733 32.5424
v -9.4701 13.4035 32.2159
v -9.2758 13.4028 32.1196
v -9.4840 13.4153 32.4320
v -9.2758 13.4028 32.1196
v -9.0953 13.4139 32.2395
v -9.4840 13.4153 32.4320
v -9.0953 13.4139 32.2395
v -9.1091 13.4256 32.4556
v -9.4840 13.4153 32.4320
v -9.1091 13.4256 32.4556
v -9.3035 13.4264 32.5519
v -9.4840 13.4153 32.4320
v 16.8201 11.9719 13.6791
v 15.4361 12.0012 13.7923
v 17.4131 11.9138 12.4243
v 15.4361 12.0012 13.7923
v 14.6452 11.9724 12.6508
v 17.4131 11.9138 12.4243
v 14.6452 11.9724 12.6508
v 15.2382 11.9143 11.3961
v 17.4131 11.9138 12.4243
v 15.2382 11.9143 11.3961
v 16.6222 11.8850 11.2829
v 17.4131 11.9138 12.4243
v 17.1271 13.4973 12.3905
v 16.6689 13.5422 13.3598
v 16.5160 13.4751 11.5087
v 16.6689 13.5422 13.3598
v 15.5994 13.5649 13.4473
v 16.5160 13.4751 11.5087
v 15.5994 13.5649 13.4473
v 14.9883 13.5427 12.5655
v 16.5160 13.4751 11.5087
v 14.9883 13.5427 12.5655
v 15.4465 13.4978 11.5962
v 16.5160 13.4751 11.5087
v 16.8411 15.0809 12.3567
v 16.5176 15.1126 13.0409
v 16.4097 15.0652 11.7343
v 16.5176 15.1126 13.0409
v 15.7628 15.1286 13.1026
v 16.4097 15.0652 11.7343
v 15.7628 15.1286 13.1026
v 15.3314 15.1129 12.4802
v 16.4097 15.0652 11.7343
v 15.3314 15.1129 12.4802
v 15.6548 15.0812 11.7961
v 16.4097 15.0652 11.7343
v 16.5540 16.6014 12.3252
v 16.3653 16.6199 12.7243
v 16.3024 16.5922 11.9622
v 16.3653 16.6199 12.7243
v 15.9249 16.6292 12.7603
v 16.3024 16.5922 11.9622
v 15.9249 16.6292 12.7603
v 15.6733 16.6200 12.3973
v 16.3024 16.5922 11.9622
v 15.6733 16.6200 12.3973
v 15.8620 16.6016 11.9983
v 16.3024 16.5922 11.9622
v 20.7298 13.3956 -48.3116
v 21.8448 13.4004 -48.6900
v 20.4998 13.4295 -47.1572
v 21.8448 13.4004 -48.6900
v 22.7297 13.4391 -47.9141
v 20.4998 13.4295 -47.1572
v 22.7297 13.4391 -47.9141
v 22.4996 13.4730 -46.7597
v 20.4998 13.4295 -47.1572
v 22.4996 13.4730 -46.7597
v 21.3847 13.4682 -46.3813
v 20.4998 13.4295 -47.1572
v 20.7327 14.7677 -47.2865
v 20.9105 14.7416 -48.1783
v 21.4164 14.7976 -46.6872
v 20.9105 14.7416 -48.1783
v 21.7721 14.7453 -48.4708
v 21.4164 14.7976 -46.6872
v 21.7721 14.7453 -48.4708
v 22.4558 14.7751 -47.8714
v 21.4164 14.7976 -46.6872
v 22.4558 14.7751 -47.8714
v 22.2780 14.8013 -46.9796
v 21.4164 14.7976 -46.6872
v 20.9657 16.1060 -47.4159
v 21.0912 16.0875 -48.0453
v 21.4483 16.1271 -46.9928
v 21.0912 16.0875 -48.0453
v 21.6994 16.0901 -48.2518
v 21.4483 16.1271 -46.9928
v 21.6994 16.0901 -48.2518
v 22.1820 16.1112 -47.8287
v 21.4483 16.1271 -46.9928
v 22.1820 16.1112 -47.8287
v 22.0564 16.1297 -47.1992
v 21.4483 16.1271 -46.9928
v 21.1994 17.3907 -47.5434
v 21.2727 17.3800 -47.9106
v 21.4809 17.4030 -47.2967
v 21.2727 17.3800 -47.9106
v 21.6274 17.3815 -48.0310
v 21.4809 17.4030 -47.2967
v 21.6274 17.3815 -48.0310
v 21.9090 17.3938 -47.7843
v 21.4809 17.4030 -47.2967
v 21.9090 17.3938 -47.7843
v 21.8357 17.4046 -47.4171
v 21.4809 17.4030 -47.2967
v 4.3408 11.3069 36.0503
v 4.0364 11.2880 34.6563
v 5.6956 11.4227 36.4833
v 4.0364 11.2880 34.6563
v 5.0870 11.3847 33.6953
v 5.6956 11.4227 36.4833
v 5.0870 11.3847 33.6953
v 6.4419 11.5005 34.1283
v 5.6956 11.4227 36.4833
v 6.4419 11.5005 34.1283
v 6.7462 11.5194 35.5223
v 5.6956 11.4227 36.4833
v 5.4857 13.0338 36.1752
v 4.4390 12.9443 35.8406
v 6.2972 13.1085 35.4327
v 4.4390 12.9443 35.8406
v 4.2038 12.9297 34.7634
v 6.2972 13.1085 35.4327
v 4.2038 12.9297 34.7634
v 5.0154 13.0044 34.0208
v 6.2972 13.1085 35.4327
v 5.0154 13.0044 34.0208
v 6.0621 13.0938 34.3555
v 6.2972 13.1085 35.4327
v 5.2757 14.6448 35.8671
v 4.5369 14.5817 35.6309
v 5.8485 14.6976 35.3430
v 4.5369 14.5817 35.6309
v 4.3709 14.5714 34.8705
v 5.8485 14.6976 35.3430
v 4.3709 14.5714 34.8705
v 4.9437 14.6241 34.3464
v 5.8485 14.6976 35.3430
v 4.9437 14.6241 34.3464
v 5.6825 14.6872 34.5826
v 5.8485 14.6976 35.3430
v 5.0714 16.1913 35.5587
v 4.6405 16.1545 35.4209
v 5.4055 16.2221 35.2529
v 4.6405 16.1545 35.4209
v 4.5437 16.1484 34.9773
v 5.4055 16.2221 35.2529
v 4.5437 16.1484 34.9773
v 4.8777 16.1792 34.6716
v 5.4055 16.2221 35.2529
v 4.8777 16.1792 34.6716
v 5.3087 16.2160 34.8094
v 5.4055 16.2221 35.2529
v -28.7205 15.9628 -31.1988
v -29.8646 16.0253 -31.4953
v -27.8960 15.8538 -32.0411
v -29.8646 16.0253 -31.4953
v -30.1842 15.9789 -32.6340
v -27.8960 15.8538 -32.0411
v -30.1842 15.9789 -32.6340
v -29.3597 15.8699 -33.4762
v -27.8960 15.8538 -32.0411
v -29.3597 15.8699 -33.4762
v -28.2156 15.8074 -33.1798
v -27.8960 15.8538 -32.0411
v -28.0619 17.2072 -32.1895
v -28.6989 17.2914 -31.5389
v -28.3089 17.1713 -33.0692
v -28.6989 17.2914 -31.5389
v -29.5829 17.3397 -31.7680
v -28.3089 17.1713 -33.0692
v -29.5829 17.3397 -31.7680
v -29.8300 17.3038 -32.6477
v -28.3089 17.1713 -33.0692
v -29.8300 17.3038 -32.6477
v -29.1930 17.2197 -33.2983
v -28.3089 17.1713 -33.0692
v -28.2277 18.5606 -32.3380
v -28.6774 18.6200 -31.8787
v -28.4021 18.5353 -32.9589
v -28.6774 18.6200 -31.8787
v -29.3014 18.6541 -32.0404
v -28.4021 18.5353 -32.9589
v -29.3014 18.6541 -32.0404
v -29.4758 18.6288 -32.6614
v -28.4021 18.5353 -32.9589
v -29.4758 18.6288 -32.6614
v -29.0261 18.5694 -33.1206
v -28.4021 18.5353 -32.9589
v -28.3973 19.8604 -32.4832
v -28.6596 19.8951 -32.2153
v -28.4990 19.8456 -32.8453
v -28.6596 19.8951 -32.2153
v -29.0236 19.9150 -32.3097
v -28.4990 19.8456 -32.8453
v -29.0236 19.9150 -32.3097
v -29.1254 19.9002 -32.6718
v -28.4990 19.8456 -32.8453
v -29.1254 19.9002 -32.6718
v -28.8631 19.8655 -32.9397
v -28.4990 19.8456 -32.8453
v -46.7227 13.9193 49.9309
v -45.8882 13.9203 50.6940
v -47.8003 13.8819 50.2716
v -45.8882 13.9203 50.6940
v -46.1314 13.8839 51.7978
v -47.8003 13.8819 50.2716
v -46.1314 13.8839 51.7978
v -47.2091 13.8465 52.1385
v -47.8003 13.8819 50.2716
v -47.2091 13.8465 52.1385
v -48.0435 13.8455 51.3754
v -47.8003 13.8819 50.2716
v -47.6442 15.1662 50.4800
v -46.8116 15.1951 50.2169
v -47.8320 15.1380 51.3328
v -46.8116 15.1951 50.2169
v -46.1668 15.1958 50.8065
v -47.8320 15.1380 51.3328
v -46.1668 15.1958 50.8065
v -46.3546 15.1677 51.6593
v -47.8320 15.1380 51.3328
v -46.3546 15.1677 51.6593
v -47.1871 15.1388 51.9224
v -47.8320 15.1380 51.3328
v -47.4881 16.4504 50.6884
v -46.9004 16.4708 50.5026
v -47.6206 16.4306 51.2903
v -46.9004 16.4708 50.5026
v -46.4452 16.4714 50.9189
v -47.6206 16.4306 51.2903
v -46.4452 16.4714 50.9189
v -46.5777 16.4515 51.5208
v -47.6206 16.4306 51.2903
v -46.5777 16.4515 51.5208
v -47.1654 16.4311 51.7065
v -47.6206 16.4306 51.2903
v -47.3306 17.6833 50.8953
v -46.9878 17.6952 50.7870
v -47.4079 17.6717 51.2464
v -46.9878 17.6952 50.7870
v -46.7223 17.6955 51.0298
v -47.4079 17.6717 51.2464
v -46.7223 17.6955 51.0298
v -46.7996 17.6840 51.3809
v -47.4079 17.6717 51.2464
v -46.7996 17.6840 51.3809
v -47.1423 17.6721 51.4892
v -47.4079 17.6717 51.2464
v 19.9752 13.6226 -51.9305
v 19.3922 13.6035 -51.0635
v 19.5176 13.7084 -52.8662
v 19.3922 13.6035 -51.0635
v 18.3514 13.6702 -51.1321
v 19.5176 13.7084 -52.8662
v 18.3514 13.6702 -51.1321
v 17.8938 13.7560 -52.0678
v 19.5176 13.7084 -52.8662
v 17.8938 13.7560 -52.0678
v 18.4769 13.7751 -52.9348
v 19.5176 13.7084 -52.8662
v 19.4560 14.8872 -52.5954
v 19.8095 14.8209 -51.8724
v 18.6520 14.9387 -52.6483
v 19.8095 14.8209 -51.8724
v 19.3589 14.8062 -51.2025
v 18.6520 14.9387 -52.6483
v 19.3589 14.8062 -51.2025
v 18.5549 14.8577 -51.2554
v 18.6520 14.9387 -52.6483
v 18.5549 14.8577 -51.2554
v 18.2014 14.9239 -51.9783
v 18.6520 14.9387 -52.6483
v 19.3944 16.0660 -52.3245
v 19.6439 16.0192 -51.8142
v 18.8269 16.1023 -52.3619
v 19.6439 16.0192 -51.8142
v 19.3259 16.0088 -51.3413
v 18.8269 16.1023 -52.3619
v 19.3259 16.0088 -51.3413
v 18.7583 16.0451 -51.3787
v 18.8269 16.1023 -52.3619
v 18.7583 16.0451 -51.3787
v 18.5089 16.0919 -51.8890
v 18.8269 16.1023 -52.3619
v 19.3300 17.1974 -52.0566
v 19.4755 17.1701 -51.7590
v 18.9990 17.2186 -52.0784
v 19.4755 17.1701 -51.7590
v 19.2900 17.1640 -51.4831
v 18.9990 17.2186 -52.0784
v 19.2900 17.1640 -51.4831
v 18.9590 17.1852 -51.5049
v 18.9990 17.2186 -52.0784
v 18.9590 17.1852 -51.5049
v 18.8135 17.2125 -51.8025
v 18.9990 17.2186 -52.0784
v 22.5820 10.1644 42.6932
v 23.3660 10.2485 43.2769
v 21.6817 10.1361 43.0820
v 23.3660 10.2485 43.2769
v 23.2496 10.3042 44.2495
v 21.6817 10.1361 43.0820
v 23.2496 10.3042 44.2495
v 22.3493 10.2760 44.6384
v 21.6817 10.1361 43.0820
v 22.3493 10.2760 44.6384
v 21.5653 10.1919 44.0546
v 21.6817 10.1361 43.0820
v 21.7941 11.2658 43.1432
v 22.4897 11.2877 42.8428
v 21.7043 11.3089 43.8946
v 22.4897 11.2877 42.8428
v 23.0955 11.3526 43.2939
v 21.7043 11.3089 43.8946
v 23.0955 11.3526 43.2939
v 23.0057 11.3957 44.0453
v 21.7043 11.3089 43.8946
v 23.0057 11.3957 44.0453
v 22.3101 11.3739 44.3456
v 21.7043 11.3089 43.8946
v 21.9064 12.3955 43.2043
v 22.3974 12.4109 42.9923
v 21.8431 12.4259 43.7347
v 22.3974 12.4109 42.9923
v 22.8251 12.4568 43.3107
v 21.8431 12.4259 43.7347
v 22.8251 12.4568 43.3107
v 22.7617 12.4872 43.8411
v 21.8431 12.4259 43.7347
v 22.7617 12.4872 43.8411
v 22.2707 12.4718 44.0531
v 21.8431 12.4259 43.7347
v 22.0215 13.4808 43.2683
v 22.3079 13.4898 43.1446
v 21.9845 13.4985 43.5776
v 22.3079 13.4898 43.1446
v 22.5573 13.5165 43.3304
v 21.9845 13.4985 43.5776
v 22.5573 13.5165 43.3304
v 22.5204 13.5342 43.6397
v 21.9845 13.4985 43.5776
v 22.5204 13.5342 43.6397
v 22.2340 13.5252 43.7634
v 21.9845 13.4985 43.5776
v 27.0131 12.4219 -18.6022
v 28.4401 12.3797 -19.2698
v 26.8782 12.4494 -17.0321
v 28.4401 12.3797 -19.2698
v 29.7322 12.3652 -18.3673
v 26.8782 12.4494 -17.0321
v 29.7322 12.3652 -18.3673
v 29.5973 12.3927 -16.7972
v 26.8782 12.4494 -17.0321
v 29.5973 12.3927 -16.7972
v 28.1703 12.4349 -16.1296
v 26.8782 12.4494 -17.0321
v 27.2423 14.2301 -17.2118
v 27.3466 14.2088 -18.4248
v 28.2406 14.2188 -16.5147
v 27.3466 14.2088 -18.4248
v 28.4493 14.1762 -18.9407
v 28.2406 14.2188 -16.5147
v 28.4493 14.1762 -18.9407
v 29.4476 14.1650 -18.2436
v 28.2406 14.2188 -16.5147
v 29.4476 14.1650 -18.2436
v 29.3433 14.1863 -17.0306
v 28.2406 14.2188 -16.5147
v 27.6064 16.0107 -17.3915
v 27.6800 15.9957 -18.2477
v 28.3110 16.0028 -16.8995
v 27.6800 15.9957 -18.2477
v 28.4584 15.9727 -18.6119
v 28.3110 16.0028 -16.8995
v 28.4584 15.9727 -18.6119
v 29.1631 15.9648 -18.1199
v 28.3110 16.0028 -16.8995
v 29.1631 15.9648 -18.1199
v 29.0894 15.9798 -17.2637
v 28.3110 16.0028 -16.8995
v 27.9688 17.7198 -17.5702
v 28.0118 17.7110 -18.0695
v 28.3799 17.7152 -17.2832
v 28.0118 17.7110 -18.0695
v 28.4659 17.6976 -18.2820
v 28.3799 17.7152 -17.2832
v 28.4659 17.6976 -18.2820
v 28.8769 17.6930 -17.9950
v 28.3799 17.7152 -17.2832
v 28.8769 17.6930 -17.9950
v 28.8339 17.7017 -17.4956
v 28.3799 17.7152 -17.2832
v 18.0629 11.3311 21.9436
v 19.0025 11.3070 23.1199
v 16.5800 11.4674 22.1673
v 19.0025 11.3070 23.1199
v 18.4592 11.4192 24.5198
v 16.5800 11.4674 22.1673
v 18.4592 11.4192 24.5198
v 16.9763 11.5555 24.7434
v 16.5800 11.4674 22.1673
v 16.9763 11.5555 24.7434
v 16.0367 11.5796 23.5672
v 16.5800 11.4674 22.1673
v 16.9379 13.1649 22.3541
v 18.0835 13.0596 22.1815
v 16.5184 13.2516 23.4357
v 18.0835 13.0596 22.1815
v 18.8096 13.0410 23.0904
v 16.5184 13.2516 23.4357
v 18.8096 13.0410 23.0904
v 18.3900 13.1277 24.1720
v 16.5184 13.2516 23.4357
v 18.3900 13.1277 24.1720
v 17.2444 13.2330 24.3446
v 16.5184 13.2516 23.4357
v 17.2958 14.8624 22.5410
v 18.1045 14.7881 22.4191
v 16.9997 14.9236 23.3044
v 18.1045 14.7881 22.4191
v 18.6170 14.7750 23.0607
v 16.9997 14.9236 23.3044
v 18.6170 14.7750 23.0607
v 18.3209 14.8361 23.8242
v 16.9997 14.9236 23.3044
v 18.3209 14.8361 23.8242
v 17.5122 14.9105 23.9460
v 16.9997 14.9236 23.3044
v 17.6480 16.4918 22.7310
v 18.1196 16.4485 22.6600
v 17.4753 16.5275 23.1763
v 18.1196 16.4485 22.6600
v 18.4186 16.4408 23.0343
v 17.4753 16.5275 23.1763
v 18.4186 16.4408 23.0343
v 18.2459 16.4765 23.4796
v 17.4753 16.5275 23.1763
v 18.2459 16.4765 23.4796
v 17.7742 16.5198 23.5506
v 17.4753 16.5275 23.1763
v 22.7398 13.3700 -30.7895
v 23.2158 13.3886 -32.5127
v 23.9900 13.4747 -29.5155
v 23.2158 13.3886 -32.5127
v 24.9421 13.5118 -32.9619
v 23.9900 13.4747 -29.5155
v 24.9421 13.5118 -32.9619
v 26.1923 13.6164 -31.6880
v 23.9900 13.4747 -29.5155
v 26.1923 13.6164 -31.6880
v 25.7162 13.5979 -29.9648
v 23.9900 13.4747 -29.5155
v 23.9485 15.5049 -29.9267
v 22.9827 15.4241 -30.9110
v 25.2821 15.6001 -30.2739
v 22.9827 15.4241 -30.9110
v 23.3506 15.4384 -32.2426
v 25.2821 15.6001 -30.2739
v 23.3506 15.4384 -32.2426
v 24.6842 15.5336 -32.5898
v 25.2821 15.6001 -30.2739
v 24.6842 15.5336 -32.5898
v 25.6499 15.6144 -31.6055
v 25.2821 15.6001 -30.2739
v 23.9070 17.5351 -30.3379
v 23.2253 17.4781 -31.0327
v 24.8483 17.6023 -30.5830
v 23.2253 17.4781 -31.0327
v 23.4850 17.4882 -31.9726
v 24.8483 17.6023 -30.5830
v 23.4850 17.4882 -31.9726
v 24.4263 17.5554 -32.2177
v 24.8483 17.6023 -30.5830
v 24.4263 17.5554 -32.2177
v 25.1080 17.6124 -31.5229
v 24.8483 17.6023 -30.5830
v 23.8715 19.4843 -30.7483
v 23.4739 19.4511 -31.1536
v 24.4205 19.5235 -30.8913
v 23.4739 19.4511 -31.1536
v 23.6254 19.4570 -31.7019
v 24.4205 19.5235 -30.8913
v 23.6254 19.4570 -31.7019
v 24.1744 19.4961 -31.8448
v 24.4205 19.5235 -30.8913
v 24.1744 19.4961 -31.8448
v 24.5720 19.5294 -31.4396
v 24.4205 19.5235 -30.8913
v 38.0097 11.4766 11.1247
v 38.1319 11.4779 9.4504
v 39.3971 11.5437 12.0676
v 38.1319 11.4779 9.4504
v 39.6416 11.5463 8.7191
v 39.3971 11.5437 12.0676
v 39.6416 11.5463 8.7191
v 41.0290 11.6134 9.6620
v 39.3971 11.5437 12.0676
v 41.0290 11.6134 9.6620
v 40.9068 11.6121 11.3363
v 39.3971 11.5437 12.0676
v 39.3361 13.4496 11.6821
v 38.2643 13.3977 10.9535
v 40.5024 13.5024 11.1169
v 38.2643 13.3977 10.9535
v 38.3588 13.3987 9.6597
v 40.5024 13.5024 11.1169
v 38.3588 13.3987 9.6597
v 39.5250 13.4516 9.0946
v 40.5024 13.5024 11.1169
v 39.5250 13.4516 9.0946
v 40.5968 13.5034 9.8232
v 40.5024 13.5024 11.1169
v 39.2751 15.3554 11.2966
v 38.5186 15.3189 10.7822
v 40.0983 15.3927 10.8976
v 38.5186 15.3189 10.7822
v 38.5853 15.3196 9.8690
v 40.0983 15.3927 10.8976
v 38.5853 15.3196 9.8690
v 39.4085 15.3569 9.4701
v 40.0983 15.3927 10.8976
v 39.4085 15.3569 9.4701
v 40.1650 15.3934 9.9844
v 40.0983 15.3927 10.8976
v 39.2177 17.1851 10.9112
v 38.7765 17.1637 10.6112
v 39.6978 17.2068 10.6785
v 38.7765 17.1637 10.6112
v 38.8153 17.1642 10.0785
v 39.6978 17.2068 10.6785
v 38.8153 17.1642 10.0785
v 39.2955 17.1859 9.8458
v 39.6978 17.2068 10.6785
v 39.2955 17.1859 9.8458
v 39.7367 17.2073 10.1458
v 39.6978 17.2068 10.6785
v 34.7698 10.7232 20.5587
v 34.2250 10.7450 19.4619
v 35.9909 10.6633 20.6348
v 34.2250 10.7450 19.4619
v 34.9012 10.7070 18.4413
v 35.9909 10.6633 20.6348
v 34.9012 10.7070 18.4413
v 36.1223 10.6471 18.5174
v 35.9909 10.6633 20.6348
v 36.1223 10.6471 18.5174
v 36.6672 10.6253 19.6141
v 35.9909 10.6633 20.6348
v 35.9356 12.0584 20.3791
v 34.9923 12.1046 20.3202
v 36.4580 12.0290 19.5906
v 34.9923 12.1046 20.3202
v 34.5713 12.1215 19.4727
v 36.4580 12.0290 19.5906
v 34.5713 12.1215 19.4727
v 35.0936 12.0921 18.6842
v 36.4580 12.0290 19.5906
v 35.0936 12.0921 18.6842
v 36.0369 12.0459 18.7431
v 36.4580 12.0290 19.5906
v 35.8803 13.4535 20.1235
v 35.2145 13.4861 20.0819
v 36.2490 13.4327 19.5669
v 35.2145 13.4861 20.0819
v 34.9173 13.4980 19.4837
v 36.2490 13.4327 19.5669
v 34.9173 13.4980 19.4837
v 35.2860 13.4773 18.9271
v 36.2490 13.4327 19.5669
v 35.2860 13.4773 18.9271
v 35.9518 13.4446 18.9687
v 36.2490 13.4327 19.5669
v 35.8223 14.7929 19.8681
v 35.4339 14.8120 19.8438
v 36.0373 14.7808 19.5434
v 35.4339 14.8120 19.8438
v 35.2606 14.8189 19.4949
v 36.0373 14.7808 19.5434
v 35.2606 14.8189 19.4949
v 35.4756 14.8068 19.1702
v 36.0373 14.7808 19.5434
v 35.4756 14.8068 19.1702
v 35.8640 14.7878 19.1945
v 36.0373 14.7808 19.5434
v 38.7192 12.9391 -41.7803
v 39.9327 12.8928 -41.4771
v 37.8484 12.9246 -40.8812
v 39.9327 12.8928 -41.4771
v 40.2753 12.8319 -40.2747
v 37.8484 12.9246 -40.8812
v 40.2753 12.8319 -40.2747
v 39.4045 12.8173 -39.3755
v 37.8484 12.9246 -40.8812
v 39.4045 12.8173 -39.3755
v 38.1911 12.8637 -39.6788
v 37.8484 12.9246 -40.8812
v 38.1633 14.3345 -40.7515
v 38.8361 14.3457 -41.4460
v 38.4282 14.2875 -39.8226
v 38.8361 14.3457 -41.4460
v 39.7738 14.3099 -41.2117
v 38.4282 14.2875 -39.8226
v 39.7738 14.3099 -41.2117
v 40.0386 14.2629 -40.2828
v 38.4282 14.2875 -39.8226
v 40.0386 14.2629 -40.2828
v 39.3658 14.2516 -39.5883
v 38.4282 14.2875 -39.8226
v 38.4782 15.7444 -40.6218
v 38.9531 15.7524 -41.1120
v 38.6651 15.7112 -39.9661
v 38.9531 15.7524 -41.1120
v 39.6150 15.7271 -40.9466
v 38.6651 15.7112 -39.9661
v 39.6150 15.7271 -40.9466
v 39.8019 15.6939 -40.2909
v 38.6651 15.7112 -39.9661
v 39.8019 15.6939 -40.2909
v 39.3270 15.6859 -39.8007
v 38.6651 15.7112 -39.9661
v 38.7915 17.0975 -40.4945
v 39.0685 17.1022 -40.7804
v 38.9005 17.0782 -40.1120
v 39.0685 17.1022 -40.7804
v 39.4546 17.0874 -40.6839
v 38.9005 17.0782 -40.1120
v 39.4546 17.0874 -40.6839
v 39.5637 17.0680 -40.3015
v 38.9005 17.0782 -40.1120
v 39.5637 17.0680 -40.3015
v 39.2866 17.0634 -40.0155
v 38.9005 17.0782 -40.1120
v -27.8881 12.3896 22.7320
v -28.2427 12.4048 21.6247
v -26.7518 12.3657 22.9783
v -28.2427 12.4048 21.6247
v -27.4610 12.3960 20.7637
v -26.7518 12.3657 22.9783
v -27.4610 12.3960 20.7637
v -26.3247 12.3721 21.0100
v -26.7518 12.3657 22.9783
v -26.3247 12.3721 21.0100
v -25.9701 12.3570 22.1173
v -26.7518 12.3657 22.9783
v -26.8067 13.6902 22.7366
v -27.6846 13.7087 22.5462
v -26.2029 13.6835 22.0713
v -27.6846 13.7087 22.5462
v -27.9586 13.7204 21.6905
v -26.2029 13.6835 22.0713
v -27.9586 13.7204 21.6905
v -27.3548 13.7137 21.0253
v -26.2029 13.6835 22.0713
v -27.3548 13.7137 21.0253
v -26.4770 13.6952 21.2157
v -26.2029 13.6835 22.0713
v -26.8617 15.0148 22.4948
v -27.4813 15.0278 22.3604
v -26.4355 15.0100 22.0252
v -27.4813 15.0278 22.3604
v -27.6747 15.0361 21.7564
v -26.4355 15.0100 22.0252
v -27.6747 15.0361 21.7564
v -27.2486 15.0314 21.2868
v -26.4355 15.0100 22.0252
v -27.2486 15.0314 21.2868
v -26.6289 15.0183 21.4212
v -26.4355 15.0100 22.0252
v -26.9176 16.2865 22.2527
v -27.2791 16.2941 22.1742
v -26.6691 16.2837 21.9787
v -27.2791 16.2941 22.1742
v -27.3919 16.2990 21.8219
v -26.6691 16.2837 21.9787
v -27.3919 16.2990 21.8219
v -27.1433 16.2962 21.5480
v -26.6691 16.2837 21.9787
v -27.1433 16.2962 21.5480
v -26.7819 16.2886 21.6264
v -26.6691 16.2837 21.9787
v 51.8211 9.1725 41.6423
v 52.5309 9.1229 42.2366
v 50.9551 9.2627 41.9610
v 52.5309 9.1229 42.2366
v 52.3747 9.1635 43.1496
v 50.9551 9.2627 41.9610
v 52.3747 9.1635 43.1496
v 51.5088 9.2537 43.4683
v 50.9551 9.2627 41.9610
v 51.5088 9.2537 43.4683
v 50.7990 9.3033 42.8740
v 50.9551 9.2627 41.9610
v 51.2147 10.2998 42.0663
v 51.8837 10.2302 41.8201
v 51.0941 10.3312 42.7716
v 51.8837 10.2302 41.8201
v 52.4322 10.1918 42.2793
v 51.0941 10.3312 42.7716
v 52.4322 10.1918 42.2793
v 52.3117 10.2232 42.9847
v 51.0941 10.3312 42.7716
v 52.3117 10.2232 42.9847
v 51.6426 10.2929 43.2308
v 51.0941 10.3312 42.7716
v 51.4743 11.3370 42.1715
v 51.9465 11.2878 41.9978
v 51.3892 11.3592 42.6694
v 51.9465 11.2878 41.9978
v 52.3336 11.2608 42.3219
v 51.3892 11.3592 42.6694
v 52.3336 11.2608 42.3219
v 52.2486 11.2829 42.8198
v 51.3892 11.3592 42.6694
v 52.2486 11.2829 42.8198
v 51.7763 11.3321 42.9935
v 51.3892 11.3592 42.6694
v 51.7299 12.3323 42.2779
v 52.0053 12.3036 42.1766
v 51.6803 12.3452 42.5683
v 52.0053 12.3036 42.1766
v 52.2312 12.2878 42.3657
v 51.6803 12.3452 42.5683
v 52.2312 12.2878 42.3657
v 52.1816 12.3007 42.6561
v 51.6803 12.3452 42.5683
v 52.1816 12.3007 42.6561
v 51.9061 12.3294 42.7574
v 51.6803 12.3452 42.5683
v 52.1335 12.3292 -32.6327
v 51.2877 12.3914 -31.7667
v 51.8159 12.4287 -33.7984
v 51.2877 12.3914 -31.7667
v 50.1242 12.5530 -32.0664
v 51.8159 12.4287 -33.7984
v 50.1242 12.5530 -32.0664
v 49.8066 12.6525 -33.2321
v 51.8159 12.4287 -33.7984
v 49.8066 12.6525 -33.2321
v 50.6525 12.5904 -34.0981
v 51.8159 12.4287 -33.7984
v 51.7954 13.8078 -33.5319
v 52.0406 13.7309 -32.6313
v 50.8965 13.9327 -33.7633
v 52.0406 13.7309 -32.6313
v 51.3870 13.7790 -31.9621
v 50.8965 13.9327 -33.7633
v 51.3870 13.7790 -31.9621
v 50.4881 13.9038 -32.1935
v 50.8965 13.9327 -33.7633
v 50.4881 13.9038 -32.1935
v 50.2429 13.9807 -33.0941
v 50.8965 13.9327 -33.7633
v 51.7748 15.1868 -33.2654
v 51.9479 15.1326 -32.6297
v 51.1404 15.2750 -33.4287
v 51.9479 15.1326 -32.6297
v 51.4866 15.1665 -32.1573
v 51.1404 15.2750 -33.4287
v 51.4866 15.1665 -32.1573
v 50.8521 15.2547 -32.3206
v 51.1404 15.2750 -33.4287
v 50.8521 15.2547 -32.3206
v 50.6790 15.3089 -32.9563
v 51.1404 15.2750 -33.4287
v 51.7474 16.5113 -33.0016
v 51.8484 16.4797 -32.6308
v 51.3773 16.5627 -33.0969
v 51.8484 16.4797 -32.6308
v 51.5792 16.4994 -32.3553
v 51.3773 16.5627 -33.0969
v 51.5792 16.4994 -32.3553
v 51.2091 16.5509 -32.4505
v 51.3773 16.5627 -33.0969
v 51.2091 16.5509 -32.4505
v 51.1082 16.5825 -32.8213
v 51.3773 16.5627 -33.0969
v 9.6049 11.9151 7.2303
v 10.4081 11.8687 7.7846
v 8.7221 11.9197 7.6489
v 10.4081 11.8687 7.7846
v 10.3284 11.8270 8.7575
v 8.7221 11.9197 7.6489
v 10.3284 11.8270 8.7575
v 9.4456 11.8317 9.1761
v 8.7221 11.9197 7.6489
v 9.4456 11.8317 9.1761
v 8.6425 11.8780 8.6218
v 8.7221 11.9197 7.6489
v 8.9342 13.0178 7.8249
v 9.6162 13.0142 7.5015
v 8.8727 12.9856 8.5765
v 9.6162 13.0142 7.5015
v 10.2368 12.9784 7.9298
v 8.8727 12.9856 8.5765
v 10.2368 12.9784 7.9298
v 10.1754 12.9462 8.6815
v 8.8727 12.9856 8.5765
v 10.1754 12.9462 8.6815
v 9.4934 12.9498 9.0048
v 8.8727 12.9856 8.5765
v 9.1462 14.1159 8.0008
v 9.6277 14.1134 7.7726
v 9.1029 14.0932 8.5313
v 9.6277 14.1134 7.7726
v 10.0658 14.0881 8.0749
v 9.1029 14.0932 8.5313
v 10.0658 14.0881 8.0749
v 10.0224 14.0654 8.6054
v 9.1029 14.0932 8.5313
v 10.0224 14.0654 8.6054
v 9.5410 14.0679 8.8336
v 9.1029 14.0932 8.5313
v 9.3571 15.1697 8.1747
v 9.6379 15.1682 8.0416
v 9.3319 15.1564 8.4841
v 9.6379 15.1682 8.0416
v 9.8935 15.1534 8.2180
v 9.3319 15.1564 8.4841
v 9.8935 15.1534 8.2180
v 9.8682 15.1402 8.5274
v 9.3319 15.1564 8.4841
v 9.8682 15.1402 8.5274
v 9.5874 15.1417 8.6605
v 9.3319 15.1564 8.4841
v 34.0376 12.4534 -24.6630
v 34.5264 12.4426 -23.3733
v 32.6762 12.4409 -24.8847
v 34.5264 12.4426 -23.3733
v 33.6538 12.4193 -22.3052
v 32.6762 12.4409 -24.8847
v 33.6538 12.4193 -22.3052
v 32.2923 12.4068 -22.5268
v 32.6762 12.4409 -24.8847
v 32.2923 12.4068 -22.5268
v 31.8035 12.4176 -23.8166
v 32.6762 12.4409 -24.8847
v 32.7697 14.0057 -24.5717
v 33.8214 14.0153 -24.4004
v 32.0956 13.9877 -23.7465
v 33.8214 14.0153 -24.4004
v 34.1992 14.0069 -23.4037
v 32.0956 13.9877 -23.7465
v 34.1992 14.0069 -23.4037
v 33.5251 13.9889 -22.5785
v 32.0956 13.9877 -23.7465
v 33.5251 13.9889 -22.5785
v 32.4733 13.9793 -22.7499
v 32.0956 13.9877 -23.7465
v 32.8632 15.5704 -24.2588
v 33.6056 15.5772 -24.1378
v 32.3874 15.5577 -23.6763
v 33.6056 15.5772 -24.1378
v 33.8722 15.5713 -23.4343
v 32.3874 15.5577 -23.6763
v 33.8722 15.5713 -23.4343
v 33.3964 15.5586 -22.8518
v 32.3874 15.5577 -23.6763
v 33.3964 15.5586 -22.8518
v 32.6540 15.5518 -22.9728
v 32.3874 15.5577 -23.6763
v 32.9574 17.0724 -23.9466
v 33.3904 17.0764 -23.8761
v 32.6799 17.0650 -23.6069
v 33.3904 17.0764 -23.8761
v 33.5459 17.0729 -23.4657
v 32.6799 17.0650 -23.6069
v 33.5459 17.0729 -23.4657
v 33.2684 17.0655 -23.1259
v 32.6799 17.0650 -23.6069
v 33.2684 17.0655 -23.1259
v 32.8354 17.0615 -23.1965
v 32.6799 17.0650 -23.6069
v 33.3586 10.9675 12.7288
v 33.9068 11.0029 13.7345
v 32.2223 10.8214 12.7005
v 33.9068 11.0029 13.7345
v 33.3187 10.8922 14.7118
v 32.2223 10.8214 12.7005
v 33.3187 10.8922 14.7118
v 32.1823 10.7461 14.6835
v 32.2223 10.8214 12.7005
v 32.1823 10.7461 14.6835
v 31.6341 10.7107 13.6778
v 32.2223 10.8214 12.7005
v 32.1798 12.1201 12.9747
v 33.0577 12.2330 12.9967
v 31.7255 12.0346 13.7298
v 33.0577 12.2330 12.9967
v 33.4813 12.2603 13.7738
v 31.7255 12.0346 13.7298
v 33.4813 12.2603 13.7738
v 33.0270 12.1748 14.5289
v 31.7255 12.0346 13.7298
v 33.0270 12.1748 14.5289
v 32.1491 12.0619 14.5070
v 31.7255 12.0346 13.7298
v 32.1373 13.4188 13.2489
v 32.7570 13.4984 13.2645
v 31.8166 13.3584 13.7820
v 32.7570 13.4984 13.2645
v 33.0560 13.5177 13.8130
v 31.8166 13.3584 13.7820
v 33.0560 13.5177 13.8130
v 32.7353 13.4574 14.3461
v 31.8166 13.3584 13.7820
v 32.7353 13.4574 14.3461
v 32.1157 13.3777 14.3305
v 31.8166 13.3584 13.7820
v 32.1015 14.6658 13.5213
v 32.4629 14.7123 13.5304
v 31.9145 14.6306 13.8322
v 32.4629 14.7123 13.5304
v 32.6373 14.7236 13.8504
v 31.9145 14.6306 13.8322
v 32.6373 14.7236 13.8504
v 32.4503 14.6883 14.1613
v 31.9145 14.6306 13.8322
v 32.4503 14.6883 14.1613
v 32.0889 14.6419 14.1522
v 31.9145 14.6306 13.8322
v -34.9860 12.6883 14.8490
v -35.5908 12.7293 14.2362
v -34.1550 12.6193 14.6304
v -35.5908 12.7293 14.2362
v -35.3645 12.7014 13.4048
v -34.1550 12.6193 14.6304
v -35.3645 12.7014 13.4048
v -34.5335 12.6324 13.1863
v -34.1550 12.6193 14.6304
v -34.5335 12.6324 13.1863
v -33.9287 12.5914 13.7991
v -34.1550 12.6193 14.6304
v -34.2145 13.6050 14.4796
v -34.8565 13.6582 14.6483
v -34.0398 13.5834 13.8373
v -34.8565 13.6582 14.6483
v -35.3238 13.6899 14.1748
v -34.0398 13.5834 13.8373
v -35.3238 13.6899 14.1748
v -35.1491 13.6684 13.5325
v -34.0398 13.5834 13.8373
v -35.1491 13.6684 13.5325
v -34.5071 13.6151 13.3638
v -34.0398 13.5834 13.8373
v -34.2740 14.5906 14.3287
v -34.7272 14.6282 14.4479
v -34.1507 14.5754 13.8754
v -34.7272 14.6282 14.4479
v -35.0571 14.6506 14.1136
v -34.1507 14.5754 13.8754
v -35.0571 14.6506 14.1136
v -34.9337 14.6354 13.6602
v -34.1507 14.5754 13.8754
v -34.9337 14.6354 13.6602
v -34.4806 14.5978 13.5411
v -34.1507 14.5754 13.8754
v -34.3366 15.5372 14.1784
v -34.6009 15.5591 14.2478
v -34.2647 15.5283 13.9139
v -34.6009 15.5591 14.2478
v -34.7934 15.5722 14.0528
v -34.2647 15.5283 13.9139
v -34.7934 15.5722 14.0528
v -34.7215 15.5633 13.7884
v -34.2647 15.5283 13.9139
v -34.7215 15.5633 13.7884
v -34.4571 15.5414 13.7189
v -34.2647 15.5283 13.9139
v 43.2673 9.9788 34.0170
v 44.0117 10.0110 34.8921
v 42.1429 9.8593 34.2231
v 44.0117 10.0110 34.8921
v 43.6316 9.9236 35.9733
v 42.1429 9.8593 34.2231
v 43.6316 9.9236 35.9733
v 42.5072 9.8041 36.1795
v 42.1429 9.8593 34.2231
v 42.5072 9.8041 36.1795
v 41.7628 9.7720 35.3044
v 42.1429 9.8593 34.2231
v 42.1851 11.1651 34.4824
v 43.0538 11.2574 34.3232
v 41.8916 11.0976 35.3177
v 43.0538 11.2574 34.3232
v 43.6290 11.2822 34.9994
v 41.8916 11.0976 35.3177
v 43.6290 11.2822 34.9994
v 43.3355 11.2147 35.8348
v 41.8916 11.0976 35.3177
v 43.3355 11.2147 35.8348
v 42.4668 11.1224 35.9939
v 41.8916 11.0976 35.3177
v 42.2274 12.4708 34.7416
v 42.8406 12.5360 34.6292
v 42.0202 12.4232 35.3312
v 42.8406 12.5360 34.6292
v 43.2466 12.5535 35.1066
v 42.0202 12.4232 35.3312
v 43.2466 12.5535 35.1066
v 43.0394 12.5059 35.6962
v 42.0202 12.4232 35.3312
v 43.0394 12.5059 35.6962
v 42.4262 12.4407 35.8085
v 42.0202 12.4232 35.3312
v 42.2747 13.7246 34.9984
v 42.6323 13.7626 34.9329
v 42.1539 13.6968 35.3423
v 42.6323 13.7626 34.9329
v 42.8692 13.7729 35.2113
v 42.1539 13.6968 35.3423
v 42.8692 13.7729 35.2113
v 42.7484 13.7451 35.5552
v 42.1539 13.6968 35.3423
v 42.7484 13.7451 35.5552
v 42.3907 13.7071 35.6207
v 42.1539 13.6968 35.3423
v 22.3563 11.5908 -6.8922
v 23.5737 11.6091 -7.0165
v 21.8555 11.5726 -5.7756
v 23.5737 11.6091 -7.0165
v 24.2901 11.6093 -6.0242
v 21.8555 11.5726 -5.7756
v 24.2901 11.6093 -6.0242
v 23.7893 11.5911 -4.9076
v 21.8555 11.5726 -5.7756
v 23.7893 11.5911 -4.9076
v 22.5720 11.5727 -4.7833
v 21.8555 11.5726 -5.7756
v 22.1126 12.9672 -5.7900
v 22.4996 12.9813 -6.6525
v 22.6662 12.9673 -5.0234
v 22.4996 12.9813 -6.6525
v 23.4403 12.9955 -6.7486
v 22.6662 12.9673 -5.0234
v 23.4403 12.9955 -6.7486
v 23.9939 12.9956 -5.9821
v 22.6662 12.9673 -5.0234
v 23.9939 12.9956 -5.9821
v 23.6069 12.9815 -5.1195
v 22.6662 12.9673 -5.0234
v 22.3697 14.3618 -5.8043
v 22.6429 14.3718 -6.4132
v 22.7605 14.3619 -5.2633
v 22.6429 14.3718 -6.4132
v 23.3069 14.3818 -6.4810
v 22.7605 14.3619 -5.2633
v 23.3069 14.3818 -6.4810
v 23.6977 14.3819 -5.9399
v 22.7605 14.3619 -5.2633
v 23.6977 14.3819 -5.9399
v 23.4245 14.3719 -5.3311
v 22.7605 14.3619 -5.2633
v 22.6276 15.7008 -5.8192
v 22.7870 15.7066 -6.1743
v 22.8555 15.7009 -5.5037
v 22.7870 15.7066 -6.1743
v 23.1743 15.7125 -6.2139
v 22.8555 15.7009 -5.5037
v 23.1743 15.7125 -6.2139
v 23.4023 15.7125 -5.8983
v 22.8555 15.7009 -5.5037
v 23.4023 15.7125 -5.8983
v 23.2429 15.7067 -5.5432
v 22.8555 15.7009 -5.5037
v -8.4059 12.0747 50.5970
v -8.2085 12.0601 51.4798
v -9.2693 12.0830 50.3266
v -8.2085 12.0601 51.4798
v -8.8745 12.0538 52.0922
v -9.2693 12.0830 50.3266
v -8.8745 12.0538 52.0922
v -9.7379 12.0621 51.8218
v -9.2693 12.0830 50.3266
v -9.7379 12.0621 51.8218
v -9.9353 12.0767 50.9390
v -9.2693 12.0830 50.3266
v -9.2196 13.1076 50.5432
v -8.5526 13.1012 50.7521
v -9.7341 13.1027 51.0163
v -8.5526 13.1012 50.7521
v -8.4001 13.0899 51.4343
v -9.7341 13.1027 51.0163
v -8.4001 13.0899 51.4343
v -8.9145 13.0850 51.9074
v -9.7341 13.1027 51.0163
v -8.9145 13.0850 51.9074
v -9.5815 13.0914 51.6985
v -9.7341 13.1027 51.0163
v -9.1699 14.1322 50.7597
v -8.6991 14.1277 50.9072
v -9.5330 14.1288 51.0937
v -8.6991 14.1277 50.9072
v -8.5914 14.1197 51.3887
v -9.5330 14.1288 51.0937
v -8.5914 14.1197 51.3887
v -8.9545 14.1163 51.7227
v -9.5330 14.1288 51.0937
v -8.9545 14.1163 51.7227
v -9.4253 14.1208 51.5752
v -9.5330 14.1288 51.0937
v -9.1203 15.1157 50.9756
v -8.8457 15.1131 51.0616
v -9.3321 15.1137 51.1704
v -8.8457 15.1131 51.0616
v -8.7829 15.1084 51.3425
v -9.3321 15.1137 51.1704
v -8.7829 15.1084 51.3425
v -8.9947 15.1064 51.5374
v -9.3321 15.1137 51.1704
v -8.9947 15.1064 51.5374
v -9.2693 15.1090 51.4513
v -9.3321 15.1137 51.1704
v 47.1570 9.9547 32.0357
v 48.1589 9.8907 31.4417
v 47.1684 9.9371 33.2022
v 48.1589 9.8907 31.4417
v 49.1722 9.8091 32.0141
v 47.1684 9.9371 33.2022
v 49.1722 9.8091 32.0141
v 49.1835 9.7915 33.1806
v 47.1684 9.9371 33.2022
v 49.1835 9.7915 33.1806
v 48.1816 9.8555 33.7746
v 47.1684 9.9371 33.2022
v 47.4918 11.2445 33.0862
v 47.4832 11.2581 32.1850
v 48.2747 11.1815 33.5283
v 47.4832 11.2581 32.1850
v 48.2574 11.2087 31.7260
v 48.2747 11.1815 33.5283
v 48.2574 11.2087 31.7260
v 49.0402 11.1456 32.1681
v 48.2747 11.1815 33.5283
v 49.0402 11.1456 32.1681
v 49.0489 11.1320 33.0693
v 48.2747 11.1815 33.5283
v 47.8153 12.5520 32.9702
v 47.8092 12.5616 32.3341
v 48.3679 12.5075 33.2822
v 47.8092 12.5616 32.3341
v 48.3557 12.5266 32.0101
v 48.3679 12.5075 33.2822
v 48.3557 12.5266 32.0101
v 48.9082 12.4821 32.3222
v 48.3679 12.5075 33.2822
v 48.9082 12.4821 32.3222
v 48.9144 12.4726 32.9582
v 48.3679 12.5075 33.2822
v 48.1349 13.8065 32.8534
v 48.1314 13.8121 32.4824
v 48.4572 13.7806 33.0354
v 48.1314 13.8121 32.4824
v 48.4501 13.7917 32.2934
v 48.4572 13.7806 33.0354
v 48.4501 13.7917 32.2934
v 48.7725 13.7658 32.4754
v 48.4572 13.7806 33.0354
v 48.7725 13.7658 32.4754
v 48.7760 13.7602 32.8464
v 48.4572 13.7806 33.0354
v -0.9821 12.2157 12.2166
v -1.5420 12.2431 11.3308
v 0.0654 12.2276 12.1752
v -1.5420 12.2431 11.3308
v -1.0544 12.2824 10.4035
v 0.0654 12.2276 12.1752
v -1.0544 12.2824 10.4035
v -0.0069 12.2942 10.3621
v 0.0654 12.2276 12.1752
v -0.0069 12.2942 10.3621
v 0.5530 12.2668 11.2480
v 0.0654 12.2276 12.1752
v -0.0736 13.4242 12.0181
v -0.8828 13.4150 12.0500
v 0.3031 13.4545 11.3017
v -0.8828 13.4150 12.0500
v -1.3155 13.4362 11.3654
v 0.3031 13.4545 11.3017
v -1.3155 13.4362 11.3654
v -0.9388 13.4665 10.6490
v 0.3031 13.4545 11.3017
v -0.9388 13.4665 10.6490
v -0.1295 13.4756 10.6172
v 0.3031 13.4545 11.3017
v -0.2125 14.6207 11.8609
v -0.7837 14.6143 11.8834
v 0.0533 14.6421 11.3553
v -0.7837 14.6143 11.8834
v -1.0891 14.6292 11.4002
v 0.0533 14.6421 11.3553
v -1.0891 14.6292 11.4002
v -0.8233 14.6506 10.8946
v 0.0533 14.6421 11.3553
v -0.8233 14.6506 10.8946
v -0.2520 14.6571 10.8721
v 0.0533 14.6421 11.3553
v -0.3510 15.7697 11.7020
v -0.6841 15.7660 11.7151
v -0.1959 15.7822 11.4071
v -0.6841 15.7660 11.7151
v -0.8623 15.7747 11.4333
v -0.1959 15.7822 11.4071
v -0.8623 15.7747 11.4333
v -0.7072 15.7872 11.1383
v -0.1959 15.7822 11.4071
v -0.7072 15.7872 11.1383
v -0.3741 15.7909 11.1252
v -0.1959 15.7822 11.4071
v -11.9879 15.4474 -48.0841
v -11.6341 15.4777 -47.1238
v -12.9933 15.3594 -48.2566
v -11.6341 15.4777 -47.1238
v -12.2857 15.4200 -46.3361
v -12.9933 15.3594 -48.2566
v -12.2857 15.4200 -46.3361
v -13.2912 15.3321 -46.5087
v -12.9933 15.3594 -48.2566
v -13.2912 15.3321 -46.5087
v -13.6450 15.3018 -47.4689
v -12.9933 15.3594 -48.2566
v -13.0145 16.5253 -48.0375
v -12.2377 16.5933 -47.9041
v -13.5178 16.4808 -47.4289
v -12.2377 16.5933 -47.9041
v -11.9643 16.6167 -47.1621
v -13.5178 16.4808 -47.4289
v -11.9643 16.6167 -47.1621
v -12.4677 16.5721 -46.5535
v -13.5178 16.4808 -47.4289
v -12.4677 16.5721 -46.5535
v -13.2444 16.5042 -46.6869
v -13.5178 16.4808 -47.4289
v -13.0356 17.6912 -47.8185
v -12.4873 17.7392 -47.7243
v -13.3909 17.6598 -47.3889
v -12.4873 17.7392 -47.7243
v -12.2943 17.7557 -47.2005
v -13.3909 17.6598 -47.3889
v -12.2943 17.7557 -47.2005
v -12.6496 17.7242 -46.7709
v -13.3909 17.6598 -47.3889
v -12.6496 17.7242 -46.7709
v -13.1979 17.6763 -46.8651
v -13.3909 17.6598 -47.3889
v -13.0526 18.8107 -47.5994
v -12.7328 18.8387 -47.5444
v -13.2598 18.7924 -47.3488
v -12.7328 18.8387 -47.5444
v -12.6203 18.8483 -47.2389
v -13.2598 18.7924 -47.3488
v -12.6203 18.8483 -47.2389
v -12.8275 18.8300 -46.9883
v -13.2598 18.7924 -47.3488
v -12.8275 18.8300 -46.9883
v -13.1473 18.8020 -47.0433
v -13.2598 18.7924 -47.3488
v 38.0549 10.9231 13.7787
v 38.9433 10.9552 12.9032
v 38.3694 10.8689 14.9851
v 38.9433 10.9552 12.9032
v 40.1464 10.9330 13.2340
v 38.3694 10.8689 14.9851
v 40.1464 10.9330 13.2340
v 40.4610 10.8788 14.4404
v 38.3694 10.8689 14.9851
v 40.4610 10.8788 14.4404
v 39.5725 10.8468 15.3160
v 38.3694 10.8689 14.9851
v 38.5806 12.2928 14.8474
v 38.3377 12.3347 13.9153
v 39.5101 12.2757 15.1029
v 38.3377 12.3347 13.9153
v 39.0243 12.3595 13.2388
v 39.5101 12.2757 15.1029
v 39.0243 12.3595 13.2388
v 39.9537 12.3423 13.4942
v 39.5101 12.2757 15.1029
v 39.9537 12.3423 13.4942
v 40.1967 12.3004 14.4263
v 39.5101 12.2757 15.1029
v 38.7918 13.7167 14.7096
v 38.6204 13.7463 14.0517
v 39.4479 13.7046 14.8899
v 38.6204 13.7463 14.0517
v 39.1050 13.7637 13.5742
v 39.4479 13.7046 14.8899
v 39.1050 13.7637 13.5742
v 39.7611 13.7517 13.7545
v 39.4479 13.7046 14.8899
v 39.7611 13.7517 13.7545
v 39.9325 13.7221 14.4124
v 39.4479 13.7046 14.8899
v 39.0027 15.0839 14.5694
v 38.9027 15.1012 14.1857
v 39.3853 15.0769 14.6746
v 38.9027 15.1012 14.1857
v 39.1854 15.1114 13.9071
v 39.3853 15.0769 14.6746
v 39.1854 15.1114 13.9071
v 39.5681 15.1043 14.0122
v 39.3853 15.0769 14.6746
v 39.5681 15.1043 14.0122
v 39.6680 15.0871 14.3960
v 39.3853 15.0769 14.6746
v 45.9345 12.8005 -26.5425
v 45.5760 12.7926 -28.0419
v 47.4111 12.7411 -26.1028
v 45.5760 12.7926 -28.0419
v 46.6939 12.7253 -29.1014
v 47.4111 12.7411 -26.1028
v 46.6939 12.7253 -29.1014
v 48.1705 12.6659 -28.6617
v 47.4111 12.7411 -26.1028
v 48.1705 12.6659 -28.6617
v 48.5290 12.6738 -27.1624
v 47.4111 12.7411 -26.1028
v 47.4083 14.4892 -26.4716
v 46.2677 14.5351 -26.8115
v 48.2719 14.4372 -27.2903
v 46.2677 14.5351 -26.8115
v 45.9906 14.5289 -27.9701
v 48.2719 14.4372 -27.2903
v 45.9906 14.5289 -27.9701
v 46.8542 14.4769 -28.7888
v 48.2719 14.4372 -27.2903
v 46.8542 14.4769 -28.7888
v 47.9948 14.4310 -28.4489
v 48.2719 14.4372 -27.2903
v 47.4056 16.2372 -26.8405
v 46.6004 16.2696 -27.0804
v 48.0151 16.2005 -27.4184
v 46.6004 16.2696 -27.0804
v 46.4048 16.2653 -27.8982
v 48.0151 16.2005 -27.4184
v 46.4048 16.2653 -27.8982
v 47.0144 16.2286 -28.4761
v 48.0151 16.2005 -27.4184
v 47.0144 16.2286 -28.4761
v 47.8195 16.1962 -28.2362
v 48.0151 16.2005 -27.4184
v 47.3997 17.9153 -27.2082
v 46.9301 17.9342 -27.3482
v 47.7552 17.8939 -27.5453
v 46.9301 17.9342 -27.3482
v 46.8160 17.9316 -27.8253
v 47.7552 17.8939 -27.5453
v 46.8160 17.9316 -27.8253
v 47.1715 17.9102 -28.1623
v 47.7552 17.8939 -27.5453
v 47.1715 17.9102 -28.1623
v 47.6411 17.8913 -28.0224
v 47.7552 17.8939 -27.5453
v 33.7839 11.2627 -12.7579
v 33.6598 11.2578 -13.6194
v 34.5909 11.3070 -12.4348
v 33.6598 11.2578 -13.6194
v 34.3427 11.2971 -14.1576
v 34.5909 11.3070 -12.4348
v 34.3427 11.2971 -14.1576
v 35.1497 11.3413 -13.8345
v 34.5909 11.3070 -12.4348
v 35.1497 11.3413 -13.8345
v 35.2738 11.3463 -12.9730
v 34.5909 11.3070 -12.4348
v 34.5076 12.2933 -12.6283
v 33.8842 12.2592 -12.8780
v 35.0352 12.3237 -13.0442
v 33.8842 12.2592 -12.8780
v 33.7883 12.2553 -13.5437
v 35.0352 12.3237 -13.0442
v 33.7883 12.2553 -13.5437
v 34.3158 12.2857 -13.9596
v 35.0352 12.3237 -13.0442
v 34.3158 12.2857 -13.9596
v 34.9393 12.3199 -13.7099
v 35.0352 12.3237 -13.0442
v 34.4244 13.2797 -12.8218
v 33.9843 13.2556 -12.9981
v 34.7967 13.3011 -13.1154
v 33.9843 13.2556 -12.9981
v 33.9166 13.2529 -13.4680
v 34.7967 13.3011 -13.1154
v 33.9166 13.2529 -13.4680
v 34.2890 13.2743 -13.7616
v 34.7967 13.3011 -13.1154
v 34.2890 13.2743 -13.7616
v 34.7290 13.2984 -13.5853
v 34.7967 13.3011 -13.1154
v 34.3433 14.2266 -13.0154
v 34.0867 14.2125 -13.1183
v 34.5605 14.2391 -13.1867
v 34.0867 14.2125 -13.1183
v 34.0472 14.2109 -13.3924
v 34.5605 14.2391 -13.1867
v 34.0472 14.2109 -13.3924
v 34.2644 14.2234 -13.5636
v 34.5605 14.2391 -13.1867
v 34.2644 14.2234 -13.5636
v 34.5210 14.2375 -13.4608
v 34.5605 14.2391 -13.1867
v -5.7942 15.3365 -52.9802
v -4.7665 15.4212 -53.0825
v -6.2188 15.2895 -52.0360
v -4.7665 15.4212 -53.0825
v -4.1634 15.4589 -52.2406
v -6.2188 15.2895 -52.0360
v -4.1634 15.4589 -52.2406
v -4.5880 15.4119 -51.2964
v -6.2188 15.2895 -52.0360
v -4.5880 15.4119 -51.2964
v -5.6156 15.3272 -51.1941
v -6.2188 15.2895 -52.0360
v -6.0803 16.4823 -52.0436
v -5.7523 16.5186 -52.7730
v -5.6143 16.5114 -51.3933
v -5.7523 16.5186 -52.7730
v -4.9582 16.5841 -52.8521
v -5.6143 16.5114 -51.3933
v -4.9582 16.5841 -52.8521
v -4.4921 16.6132 -52.2017
v -5.6143 16.5114 -51.3933
v -4.4921 16.6132 -52.2017
v -4.8202 16.5769 -51.4723
v -5.6143 16.5114 -51.3933
v -5.9419 17.6751 -52.0512
v -5.7103 17.7008 -52.5661
v -5.6130 17.6957 -51.5922
v -5.7103 17.7008 -52.5661
v -5.1498 17.7470 -52.6219
v -5.6130 17.6957 -51.5922
v -5.1498 17.7470 -52.6219
v -4.8208 17.7675 -52.1629
v -5.6130 17.6957 -51.5922
v -4.8208 17.7675 -52.1629
v -5.0524 17.7419 -51.6480
v -5.6130 17.6957 -51.5922
v -5.7997 18.8210 -52.0595
v -5.6646 18.8360 -52.3598
v -5.6078 18.8330 -51.7918
v -5.6646 18.8360 -52.3598
v -5.3376 18.8629 -52.3923
v -5.6078 18.8330 -51.7918
v -5.3376 18.8629 -52.3923
v -5.1457 18.8749 -52.1246
v -5.6078 18.8330 -51.7918
v -5.1457 18.8749 -52.1246
v -5.2808 18.8599 -51.8243
v -5.6078 18.8330 -51.7918
v 39.0307 12.1006 -17.7076
v 37.7900 11.9983 -17.4023
v 39.3863 12.1462 -18.9383
v 37.7900 11.9983 -17.4023
v 36.9049 11.9416 -18.3278
v 39.3863 12.1462 -18.9383
v 36.9049 11.9416 -18.3278
v 37.2604 11.9872 -19.5586
v 39.3863 12.1462 -18.9383
v 37.2604 11.9872 -19.5586
v 38.5011 12.0895 -19.8639
v 39.3863 12.1462 -18.9383
v 38.9897 13.5748 -18.8482
v 38.7149 13.5396 -17.8974
v 38.3058 13.5311 -19.5632
v 38.7149 13.5396 -17.8974
v 37.7562 13.4605 -17.6615
v 38.3058 13.5311 -19.5632
v 37.7562 13.4605 -17.6615
v 37.0723 13.4168 -18.3765
v 38.3058 13.5311 -19.5632
v 37.0723 13.4168 -18.3765
v 37.3470 13.4520 -19.3273
v 38.3058 13.5311 -19.5632
v 38.5931 15.0035 -18.7581
v 38.3991 14.9786 -18.0870
v 38.1103 14.9726 -19.2627
v 38.3991 14.9786 -18.0870
v 37.7224 14.9228 -17.9205
v 38.1103 14.9726 -19.2627
v 37.7224 14.9228 -17.9205
v 37.2396 14.8919 -18.4251
v 38.1103 14.9726 -19.2627
v 37.2396 14.8919 -18.4251
v 37.4336 14.9168 -19.0962
v 38.1103 14.9726 -19.2627
v 38.2011 16.3741 -18.6689
v 38.0879 16.3596 -18.2774
v 37.9195 16.3561 -18.9632
v 38.0879 16.3596 -18.2774
v 37.6932 16.3270 -18.1803
v 37.9195 16.3561 -18.9632
v 37.6932 16.3270 -18.1803
v 37.4116 16.3090 -18.4746
v 37.9195 16.3561 -18.9632
v 37.4116 16.3090 -18.4746
v 37.5247 16.3235 -18.8660
v 37.9195 16.3561 -18.9632
v 49.1522 10.2397 26.1610
v 49.9108 10.2784 25.0038
v 49.7694 10.3333 27.3966
v 49.9108 10.2784 25.0038
v 51.2866 10.4108 25.0822
v 49.7694 10.3333 27.3966
v 51.2866 10.4108 25.0822
v 51.9037 10.5045 26.3178
v 49.7694 10.3333 27.3966
v 51.9037 10.5045 26.3178
v 51.1452 10.4657 27.4750
v 49.7694 10.3333 27.3966
v 49.7937 11.9075 27.0889
v 49.3170 11.8351 26.1343
v 50.8566 12.0098 27.1493
v 49.3170 11.8351 26.1343
v 49.9032 11.8650 25.2401
v 50.8566 12.0098 27.1493
v 49.9032 11.8650 25.2401
v 50.9660 11.9673 25.3005
v 50.8566 12.0098 27.1493
v 50.9660 11.9673 25.3005
v 51.4427 12.0397 26.2552
v 50.8566 12.0098 27.1493
v 49.8180 13.4816 26.7812
v 49.4816 13.4305 26.1074
v 50.5682 13.5538 26.8239
v 49.4816 13.4305 26.1074
v 49.8953 13.4516 25.4762
v 50.5682 13.5538 26.8239
v 49.8953 13.4516 25.4762
v 50.6455 13.5238 25.5188
v 50.5682 13.5538 26.8239
v 50.6455 13.5238 25.5188
v 50.9820 13.5749 26.1927
v 50.5682 13.5538 26.8239
v 49.8482 14.9931 26.4753
v 49.6520 14.9633 26.0823
v 50.2858 15.0352 26.5002
v 49.6520 14.9633 26.0823
v 49.8934 14.9756 25.7141
v 50.2858 15.0352 26.5002
v 49.8934 14.9756 25.7141
v 50.3310 15.0178 25.7389
v 50.2858 15.0352 26.5002
v 50.3310 15.0178 25.7389
v 50.5272 15.0475 26.1320
v 50.2858 15.0352 26.5002
v -44.5481 14.6424 -8.4461
v -43.6168 14.6701 -8.9884
v -44.5450 14.6614 -7.3681
v -43.6168 14.6701 -8.9884
v -42.6823 14.7168 -8.4526
v -44.5450 14.6614 -7.3681
v -42.6823 14.7168 -8.4526
v -42.6792 14.7358 -7.3747
v -44.5450 14.6614 -7.3681
v -42.6792 14.7358 -7.3747
v -43.6105 14.7082 -6.8324
v -44.5450 14.6614 -7.3681
v -44.3822 15.8916 -7.5129
v -44.3845 15.8769 -8.3456
v -43.6602 15.9277 -7.0991
v -44.3845 15.8769 -8.3456
v -43.6648 15.8983 -8.7647
v -43.6602 15.9277 -7.0991
v -43.6648 15.8983 -8.7647
v -42.9429 15.9344 -8.3509
v -43.6602 15.9277 -7.0991
v -42.9429 15.9344 -8.3509
v -42.9406 15.9491 -7.5181
v -43.6602 15.9277 -7.0991
v -44.2194 17.1218 -7.6576
v -44.2210 17.1114 -8.2454
v -43.7098 17.1472 -7.3655
v -44.2210 17.1114 -8.2454
v -43.7130 17.1265 -8.5412
v -43.7098 17.1472 -7.3655
v -43.7130 17.1265 -8.5412
v -43.2034 17.1520 -8.2491
v -43.7098 17.1472 -7.3655
v -43.2034 17.1520 -8.2491
v -43.2018 17.1623 -7.6613
v -43.7098 17.1472 -7.3655
v -44.0547 18.3030 -7.8014
v -44.0556 18.2969 -8.1443
v -43.7574 18.3178 -7.6311
v -44.0556 18.2969 -8.1443
v -43.7592 18.3057 -8.3168
v -43.7574 18.3178 -7.6311
v -43.7592 18.3057 -8.3168
v -43.4620 18.3206 -8.1465
v -43.7574 18.3178 -7.6311
v -43.4620 18.3206 -8.1465
v -43.4611 18.3266 -7.8036
v -43.7574 18.3178 -7.6311
v 12.2249 14.1046 -48.4574
v 13.3135 14.1865 -48.4492
v 11.6812 13.9632 -47.5212
v 13.3135 14.1865 -48.4492
v 13.8584 14.1271 -47.5049
v 11.6812 13.9632 -47.5212
v 13.8584 14.1271 -47.5049
v 13.3147 13.9857 -46.5688
v 11.6812 13.9632 -47.5212
v 13.3147 13.9857 -46.5688
v 12.2260 13.9038 -46.5769
v 11.6812 13.9632 -47.5212
v 11.8350 15.2119 -47.3879
v 12.2552 15.3212 -48.1111
v 12.2560 15.1660 -46.6584
v 12.2552 15.3212 -48.1111
v 13.0964 15.3845 -48.1049
v 12.2560 15.1660 -46.6584
v 13.0964 15.3845 -48.1049
v 13.5174 15.3386 -47.3754
v 12.2560 15.1660 -46.6584
v 13.5174 15.3386 -47.3754
v 13.0973 15.2293 -46.6522
v 12.2560 15.1660 -46.6584
v 11.9889 16.4606 -47.2547
v 12.2855 16.5377 -47.7651
v 12.2861 16.4282 -46.7398
v 12.2855 16.5377 -47.7651
v 12.8793 16.5824 -47.7607
v 12.2861 16.4282 -46.7398
v 12.8793 16.5824 -47.7607
v 13.1765 16.5500 -47.2458
v 12.2861 16.4282 -46.7398
v 13.1765 16.5500 -47.2458
v 12.8799 16.4729 -46.7353
v 12.2861 16.4282 -46.7398
v 12.1465 17.6601 -47.1267
v 12.3195 17.7051 -47.4244
v 12.3198 17.6412 -46.8264
v 12.3195 17.7051 -47.4244
v 12.6659 17.7312 -47.4218
v 12.3198 17.6412 -46.8264
v 12.6659 17.7312 -47.4218
v 12.8392 17.7123 -47.1215
v 12.3198 17.6412 -46.8264
v 12.8392 17.7123 -47.1215
v 12.6662 17.6673 -46.8238
v 12.3198 17.6412 -46.8264
vt 0.00000 1.00000
vt 0.00000 1.00000
vt 0.00000 1.00000
vt 0.00000 1.00000
vt 0.00000 1.00000
vt 0.00000 1.00000
vt 0.00000 1.00000
vt 0.00000 1.00000
vt 0.00000 1.00000
vt 0.00000 1.00000
vt 0.00000 1.00000
vt 0.00000 1.00000
vt 0.00000 1.00000
vt 0.00000 1.00000
vt 0.00000 1.00000
vt 0.00000 1.00000
vt 0.00000 1.00000
vt 0.00000 1.00000
vt 0.00000 1.00000
vt 0.00000 1.00000
vt 0.00000 1.00000
vt 0.00000 1.00000
vt 0.00000 1.00000
vt 0.00000 1.00000
vt 0.00000 1.00000
vt 0.00000 1.00000
vt 0.00000 1.00000
vt 0.00000 1.00000
vt 0.00000 1.00000
vt 0.00000 1.00000
vt 0.00000 1.00000
vt 0.00000 1.00000
vt 0.00000 1.00000
vt 0.00000 1.00000
vt 0.00000 1.00000
vt 0.00000 1.00000
vt 0.00000 1.00000
vt 0.00000 1.00000
vt 0.00000 1.00000
vt 0.00000 1.00000
vt 0.00000 1.00000
vt 0.00000 1.00000
vt 0.00000 1.00000
vt 0.00000 1.00000
vt 0.00000 1.00000
vt 0.00000 1.00000
vt 0.00000 1.00000
vt 0.00000 1.00000
vt 0.00000 1.00000
vt 0.00000 1.00000
vt 0.00000 1.00000
vt 0.00000 1.00000
vt 0.00000 1.00000
vt 0.00000 1.00000
vt 0.00000 1.00000
vt 0.00000 1.00000
vt 0.00000 1.00000
vt 0.00000 1.00000
vt 0.00000 1.00000
vt 0.00000 1.00000
vt 0.00000 1.00000
vt 0.00000 1.00000
vt 0.00000 1.00000
vt 0.00000 1.00000
vt 0.00000 1.00000
vt 0.00000 1.00000
vt 0.00000 1.00000
vt 0.00000 1.00000
vt 0.00000 1.00000
vt 0.00000 1.00000
vt 0.00000 1.00000
vt 0.00000 1.00000
vt 0.00000 1.00000
vt 0.00000 1.00000
vt 0.00000 1.00000
vt 0.00000 1.00000
vt 0.00000 1.00000
vt 0.00000 1.00000
vt 0.00000 1.00000
vt 0.00000 1.00000
vt 0.00000 1.00000
vt 0.00000 1.00000
vt 0.00000 1.00000
vt 0.00000 1.00000
vt 0.00000 1.00000
vt 0.00000 1.00000
vt 0.00000 1.00000
vt 0.00000 1.00000
vt 0.00000 1.00000
vt 0.00000 1.00000
vt 0.00000 1.00000
vt 0.00000 1.00000
vt 0.00000 1.00000
vt 0.00000 1.00000
vt 0.00000 1.00000
vt 0.00000 1.00000
vt 0.00000 1.00000
vt 0.00000 1.00000
vt 0.00000 1.00000
vt 0.00000 1.00000
vt 0.00000 1.00000
vt 0.00000 1.00000
vt 0.00000 1.00000
vt 0.00000 1.00000
vt 0.00000 1.00000
vt 0.00000 1.00000
vt 0.00000 1.00000
vt 0.00000 1.00000
vt 0.00000 1.00000
vt 0.00000 1.00000
vt 0.00000 1.00000
vt 0.00000 1.00000
vt 0.00000 1.00000
vt 0.00000 1.00000
vt 0.00000 1.00000
vt 0.00000 1.00000
vt 0.00000 1.00000
vt 0.00000 1.00000
vt 0.00000 1.00000
vt 0.00000 1.00000
vt 0.00000 1.00000
vt 0.00000 1.00000
vt 0.00000 1.00000
vt 0.00000 1.00000
vt 0.00000 1.00000
vt 0.00000 1.00000
vt 0.00000 1.00000
vt 0.00000 1.00000
vt 0.00000 1.00000
vt 0.00000 1.00000
vt 0.00000 1.00000
vt 0.00000 1.00000
vt 0.00000 1.00000
vt 0.00000 1.00000
vt 0.00000 1.00000
vt 0.00000 1.00000
vt 0.00000 1.00000
vt 0.00000 1.00000
vt 0.00000 1.00000
vt 0.00000 1.00000
vt 0.00000 1.00000
vt 0.00000 1.00000
vt 0.00000 1.00000
vt 0.00000 1.00000
vt 0.00000 1.00000
vt 0.00000 1.00000
vt 0.00000 1.00000
vt 0.00000 1.00000
vt 0.00000 1.00000
vt 0.00000 1.00000
vt 0.00000 1.00000
vt 0.00000 1.00000
vt 0.00000 1.00000
vt 0.00000 1.00000
vt 0.00000 1.00000
vt 0.00000 1.00000
vt 0.00000 1.00000
vt 0.00000 1.00000
vt 0.00000 1.00000
vt 0.00000 1.00000
vt 0.00000 1.00000
vt 0.00000 1.00000
vt 0.00000 1.00000
vt 0.00000 1.00000
vt 0.00000 1.00000
vt 0.00000 1.00000
vt 0.00000 1.00000
vt 0.00000 1.00000
vt 0.00000 1.00000
vt 0.00000 1.00000
vt 0.00000 1.00000
vt 0.00000 1.00000
vt 0.00000 1.00000
vt 0.00000 1.00000
vt 0.00000 1.00000
vt 0.00000 1.00000
vt 0.00000 1.00000
vt 0.00000 1.00000
vt 0.00000 1.00000
vt 0.00000 1.00000
vt 0.00000 1.00000
vt 0.00000 1.00000
vt 0.00000 1.00000
vt 0.00000 1.00000
vt 0.00000 1.00000
vt 0.00000 1.00000
vt 0.00000 1.00000
vt 0.00000 1.00000
vt 0.00000 1.00000
vt 0.00000 1.00000
vt 0.00000 1.00000
vt 0.00000 1.00000
vt 0.00000 1.00000
vt 0.00000 1.00000
vt 0.00000 1.00000
vt 0.00000 1.00000
vt 0.00000 1.00000
vt 0.00000 1.00000
vt 0.00000 1.00000
vt 0.00000 1.00000
vt 0.00000 1.00000
vt 0.00000 1.00000
vt 0.00000 1.00000
vt 0.00000 1.00000
vt 0.00000 1.00000
vt 0.00000 1.00000
vt 0.00000 1.00000
vt 0.00000 1.00000
vt 0.00000 1.00000
vt 0.00000 1.00000
vt 0.00000 1.00000
vt 0.00000 1.00000
vt 0.00000 1.00000
vt 0.00000 1.00000
vt 0.00000 1.00000
vt 0.00000 1.00000
vt 0.00000 1.00000
vt 0.00000 1.00000
vt 0.00000 1.00000
vt 0.00000 1.00000
vt 0.00000 1.00000
vt 0.00000 1.00000
vt 0.00000 1.00000
vt 0.00000 1.00000
vt 0.00000 1.00000
vt 0.00000 1.00000
vt 0.00000 1.00000
vt 0.00000 1.00000
vt 0.00000 1.00000
vt 0.00000 1.00000
vt 0.00000 1.00000
vt 0.00000 1.00000
vt 0.00000 1.00000
vt 0.00000 1.00000
vt 0.00000 1.00000
vt 0.00000 1.00000
vt 0.00000 1.00000
vt 0.00000 1.00000
vt 0.00000 1.00000
vt 0.00000 1.00000
vt 0.00000 1.00000
vt 0.00000 1.00000
vt 0.00000 1.00000
vt 0.00000 1.00000
vt 0.00000 1.00000
vt 0.00000 1.00000
vt 0.00000 1.00000
vt 0.00000 1.00000
vt 0.00000 1.00000
vt 0.00000 1.00000
vt 0.00000 1.00000
vt 0.00000 1.00000
vt 0.00000 1.00000
vt 0.00000 1.00000
vt 0.00000 1.00000
vt 0.00000 1.00000
vt 0.00000 1.00000
vt 0.00000 1.00000
vt 0.00000 1.00000
vt 0.00000 1.00000
vt 0.00000 1.00000
vt 0.00000 1.00000
vt 0.00000 1.00000
vt 0.00000 1.00000
vt 0.00000 1.00000
vt 0.00000 1.00000
vt 0.00000 1.00000
vt 0.00000 1.00000
vt 0.00000 1.00000
vt 0.00000 1.00000
vt 0.00000 1.00000
vt 0.00000 1.00000
vt 0.00000 1.00000
vt 0.00000 1.00000
vt 0.00000 1.00000
vt 0.00000 1.00000
vt 0.00000 1.00000
vt 0.00000 1.00000
vt 0.00000 1.00000
vt 0.00000 1.00000
vt 0.00000 1.00000
vt 0.00000 1.00000
vt 0.00000 1.00000
vt 0.00000 1.00000
vt 0.00000 1.00000
vt 0.00000 1.00000
vt 0.00000 1.00000
vt 0.00000 1.00000
vt 0.00000 1.00000
vt 0.00000 1.00000
vt 0.00000 1.00000
vt 0.00000 1.00000
vt 0.00000 1.00000
vt 0.00000 1.00000
vt 0.00000 1.00000
vt 0.00000 1.00000
vt 0.00000 1.00000
vt 0.00000 1.00000
vt 0.00000 1.00000
vt 0.00000 1.00000
vt 0.00000 1.00000
vt 0.00000 1.00000
vt 0.00000 1.00000
vt 0.00000 1.00000
vt 0.00000 1.00000
vt 0.00000 1.00000
vt 0.00000 1.00000
vt 0.00000 1.00000
vt 0.00000 1.00000
vt 0.00000 1.00000
vt 0.00000 1.00000
vt 0.00000 1.00000
vt 0.00000 1.00000
vt 0.00000 1.00000
vt 0.00000 1.00000
vt 0.00000 1.00000
vt 0.00000 1.00000
vt 0.00000 1.00000
vt 0.00000 1.00000
vt 0.00000 1.00000
vt 0.00000 1.00000
vt 0.00000 1.00000
vt 0.00000 1.00000
vt 0.00000 1.00000
vt 0.00000 1.00000
vt 0.00000 1.00000
vt 0.00000 1.00000
vt 0.00000 1.00000
vt 0.00000 1.00000
vt 0.00000 1.00000
vt 0.00000 1.00000
vt 0.00000 1.00000
vt 0.00000 1.00000
vt 0.00000 1.00000
vt 0.00000 1.00000
vt 0.00000 1.00000
vt 0.00000 1.00000
vt 0.00000 1.00000
vt 0.00000 1.00000
vt 0.00000 1.00000
vt 0.00000 1.00000
vt 0.00000 1.00000
vt 0.00000 1.00000
vt 0.00000 1.00000
vt 0.00000 1.00000
vt 0.00000 1.00000
vt 0.00000 1.00000
vt 0.00000 1.00000
vt 0.00000 1.00000
vt 0.00000 1.00000
vt 0.00000 1.00000
vt 0.00000 1.00000
vt 0.00000 1.00000
vt 0.00000 1.00000
vt 0.00000 1.00000
vt 0.00000 1.00000
vt 0.00000 1.00000
vt 0.00000 1.00000
vt 0.00000 1.00000
vt 0.00000 1.00000
vt 0.00000 1.00000
vt 0.00000 1.00000
vt 0.00000 1.00000
vt 0.00000 1.00000
vt 0.00000 1.00000
vt 0.00000 1.00000
vt 0.00000 1.00000
vt 0.00000 1.00000
vt 0.00000 1.00000
vt 0.00000 1.00000
vt 0.00000 1.00000
vt 0.00000 1.00000
vt 0.00000 1.00000
vt 0.00000 1.00000
vt 0.00000 1.00000
vt 0.00000 1.00000
vt 0.00000 1.00000
vt 0.00000 1.00000
vt 0.00000 1.00000
vt 0.00000 1.00000
vt 0.00000 1.00000
vt 0.00000 1.00000
vt 0.00000 1.00000
vt 0.00000 1.00000
vt 0.00000 1.00000
vt 0.00000 1.00000
vt 0.00000 1.00000
vt 0.00000 1.00000
vt 0.00000 1.00000
vt 0.00000 1.00000
vt 0.00000 1.00000
vt 0.00000 1.00000
vt 0.00000 1.00000
vt 0.00000 1.00000
vt 0.00000 1.00000
vt 0.00000 1.00000
vt 0.00000 1.00000
vt 0.00000 1.00000
vt 0.00000 1.00000
vt 0.00000 1.00000
vt 0.00000 1.00000
vt 0.00000 1.00000
vt 0.00000 1.00000
vt 0.00000 1.00000
vt 0.00000 1.00000
vt 0.00000 1.00000
vt 0.00000 1.00000
vt 0.00000 1.00000
vt 0.00000 1.00000
vt 0.00000 1.00000
vt 0.00000 1.00000
vt 0.00000 1.00000
vt 0.00000 1.00000
vt 0.00000 1.00000
vt 0.00000 1.00000
vt 0.00000 1.00000
vt 0.00000 1.00000
vt 0.00000 1.00000
vt 0.00000 1.00000
vt 0.00000 1.00000
vt 0.00000 1.00000
vt 0.00000 1.00000
vt 0.00000 1.00000
vt 0.00000 1.00000
vt 0.00000 1.00000
vt 0.00000 1.00000
vt 0.00000 1.00000
vt 0.00000 1.00000
vt 0.00000 1.00000
vt 0.00000 1.00000
vt 0.00000 1.00000
vt 0.00000 1.00000
vt 0.00000 1.00000
vt 0.00000 1.00000
vt 0.00000 1.00000
vt 0.00000 1.00000
vt 0.00000 1.00000
vt 0.00000 1.00000
vt 0.00000 1.00000
vt 0.00000 1.00000
vt 0.00000 1.00000
vt 0.00000 1.00000
vt 0.00000 1.00000
vt 0.00000 1.00000
vt 0.00000 1.00000
vt 0.00000 1.00000
vt 0.00000 1.00000
vt 0.00000 1.00000
vt 0.00000 1.00000
vt 0.00000 1.00000
vt 0.00000 1.00000
vt 0.00000 1.00000
vt 0.00000 1.00000
vt 0.00000 1.00000
vt 0.00000 1.00000
vt 0.00000 1.00000
vt 0.00000 1.00000
vt 0.00000 1.00000
vt 0.00000 1.00000
vt 0.00000 1.00000
vt 0.00000 1.00000
vt 0.00000 1.00000
vt 0.00000 1.00000
vt 0.00000 1.00000
vt 0.00000 1.00000
vt 0.00000 1.00000
vt 0.00000 1.00000
vt 0.00000 1.00000
vt 0.00000 1.00000
vt 0.00000 1.00000
vt 0.00000 1.00000
vt 0.00000 1.00000
vt 0.00000 1.00000
vt 0.00000 1.00000
vt 0.00000 1.00000
vt 0.00000 1.00000
vt 0.00000 1.00000
vt 0.00000 1.00000
vt 0.00000 1.00000
vt 0.00000 1.00000
vt 0.00000 1.00000
vt 0.00000 1.00000
vt 0.00000 1.00000
vt 0.00000 1.00000
vt 0.00000 1.00000
vt 0.00000 1.00000
vt 0.00000 1.00000
vt 0.00000 1.00000
vt 0.00000 1.00000
vt 0.00000 1.00000
vt 0.00000 1.00000
vt 0.00000 1.00000
vt 0.00000 1.00000
vt 0.00000 1.00000
vt 0.00000 1.00000
vt 0.00000 1.00000
vt 0.00000 1.00000
vt 0.00000 1.00000
vt 0.00000 1.00000
vt 0.00000 1.00000
vt 0.00000 1.00000
vt 0.00000 1.00000
vt 0.00000 1.00000
vt 0.00000 1.00000
vt 0.00000 1.00000
vt 0.00000 1.00000
vt 0.00000 1.00000
vt 0.00000 1.00000
vt 0.00000 1.00000
vt 0.00000 1.00000
vt 0.00000 1.00000
vt 0.00000 1.00000
vt 0.00000 1.00000
vt 0.00000 1.00000
vt 0.00000 1.00000
vt 0.00000 1.00000
vt 0.00000 1.00000
vt 0.00000 1.00000
vt 0.00000 1.00000
vt 0.00000 1.00000
vt 0.00000 1.00000
vt 0.00000 1.00000
vt 0.00000 1.00000
vt 0.00000 1.00000
vt 0.00000 1.00000
vt 0.00000 1.00000
vt 0.00000 1.00000
vt 0.00000 1.00000
vt 0.00000 1.00000
vt 0.00000 1.00000
vt 0.00000 1.00000
vt 0.00000 1.00000
vt 0.00000 1.00000
vt 0.00000 1.00000
vt 0.00000 1.00000
vt 0.00000 1.00000
vt 0.00000 1.00000
vt 0.00000 1.00000
vt 0.00000 1.00000
vt 0.00000 1.00000
vt 0.00000 1.00000
vt 0.00000 1.00000
vt 0.00000 1.00000
vt 0.00000 1.00000
vt 0.00000 1.00000
vt 0.00000 1.00000
vt 0.00000 1.00000
vt 0.00000 1.00000
vt 0.00000 1.00000
vt 0.00000 1.00000
vt 0.00000 1.00000
vt 0.00000 1.00000
vt 0.00000 1.00000
vt 0.00000 1.00000
vt 0.00000 1.00000
vt 0.00000 1.00000
vt 0.00000 1.00000
vt 0.00000 1.00000
vt 0.00000 1.00000
vt 0.00000 1.00000
vt 0.00000 1.00000
vt 0.00000 1.00000
vt 0.00000 1.00000
vt 0.00000 1.00000
vt 0.00000 1.00000
vt 0.00000 1.00000
vt 0.00000 1.00000
vt 0.00000 1.00000
vt 0.00000 1.00000
vt 0.00000 1.00000
vt 0.00000 1.00000
vt 0.00000 1.00000
vt 0.00000 1.00000
vt 0.00000 1.00000
vt 0.00000 1.00000
vt 0.00000 1.00000
vt 0.00000 1.00000
vt 0.00000 1.00000
vt 0.00000 1.00000
vt 0.00000 1.00000
vt 0.00000 1.00000
vt 0.00000 1.00000
vt 0.00000 1.00000
vt 0.00000 1.00000
vt 0.00000 1.00000
vt 0.00000 1.00000
vt 0.00000 1.00000
vt 0.00000 1.00000
vt 0.00000 1.00000
vt 0.00000 1.00000
vt 0.00000 1.00000
vt 0.00000 1.00000
vt 0.00000 1.00000
vt 0.00000 1.00000
vt 0.00000 1.00000
vt 0.00000 1.00000
vt 0.00000 1.00000
vt 0.00000 1.00000
vt 0.00000 1.00000
vt 0.00000 1.00000
vt 0.00000 1.00000
vt 0.00000 1.00000
vt 0.00000 1.00000
vt 0.00000 1.00000
vt 0.00000 1.00000
vt 0.00000 1.00000
vt 0.00000 1.00000
vt 0.00000 1.00000
vt 0.00000 1.00000
vt 0.00000 1.00000
vt 0.00000 1.00000
vt 0.00000 1.00000
vt 0.00000 1.00000
vt 0.00000 1.00000
vt 0.00000 1.00000
vt 0.00000 1.00000
vt 0.00000 1.00000
vt 0.00000 1.00000
vt 0.00000 1.00000
vt 0.00000 1.00000
vt 0.00000 1.00000
vt 0.00000 1.00000
vt 0.00000 1.00000
vt 0.00000 1.00000
vt 0.00000 1.00000
vt 0.00000 1.00000
vt 0.00000 1.00000
vt 0.00000 1.00000
vt 0.00000 1.00000
vt 0.00000 1.00000
vt 0.00000 1.00000
vt 0.00000 1.00000
vt 0.00000 1.00000
vt 0.00000 1.00000
vt 0.00000 1.00000
vt 0.00000 1.00000
vt 0.00000 1.00000
vt 0.00000 1.00000
vt 0.00000 1.00000
vt 0.00000 1.00000
vt 0.00000 1.00000
vt 0.00000 1.00000
vt 0.00000 1.00000
vt 0.00000 1.00000
vt 0.00000 1.00000
vt 0.00000 1.00000
vt 0.00000 1.00000
vt 0.00000 1.00000
vt 0.00000 1.00000
vt 0.00000 1.00000
vt 0.00000 1.00000
vt 0.00000 1.00000
vt 0.00000 1.00000
vt 0.00000 1.00000
vt 0.00000 1.00000
vt 0.00000 1.00000
vt 0.00000 1.00000
vt 0.00000 1.00000
vt 0.00000 1.00000
vt 0.00000 1.00000
vt 0.00000 1.00000
vt 0.00000 1.00000
vt 0.00000 1.00000
vt 0.00000 1.00000
vt 0.00000 1.00000
vt 0.00000 1.00000
vt 0.00000 1.00000
vt 0.00000 1.00000
vt 0.00000 1.00000
vt 0.00000 1.00000
vt 0.00000 1.00000
vt 0.00000 1.00000
vt 0.00000 1.00000
vt 0.00000 1.00000
vt 0.00000 1.00000
vt 0.00000 1.00000
vt 0.00000 1.00000
vt 0.00000 1.00000
vt 0.00000 1.00000
vt 0.00000 1.00000
vt 0.00000 1.00000
vt 0.00000 1.00000
vt 0.00000 1.00000
vt 0.00000 1.00000
vt 0.00000 1.00000
vt 0.00000 1.00000
vt 0.00000 1.00000
vt 0.00000 1.00000
vt 0.00000 1.00000
vt 0.00000 1.00000
vt 0.00000 1.00000
vt 0.00000 1.00000
vt 0.00000 1.00000
vt 0.00000 1.00000
vt 0.00000 1.00000
vt 0.00000 1.00000
vt 0.00000 1.00000
vt 0.00000 1.00000
vt 0.00000 1.00000
vt 0.00000 1.00000
vt 0.00000 1.00000
vt 0.00000 1.00000
vt 0.00000 1.00000
vt 0.00000 1.00000
vt 0.00000 1.00000
vt 0.00000 1.00000
vt 0.00000 1.00000
vt 0.00000 1.00000
vt 0.00000 1.00000
vt 0.00000 1.00000
vt 0.00000 1.00000
vt 0.00000 1.00000
vt 0.00000 1.00000
vt 0.00000 1.00000
vt 0.00000 1.00000
vt 0.00000 1.00000
vt 0.00000 1.00000
vt 0.00000 1.00000
vt 0.00000 1.00000
vt 0.00000 1.00000
vt 0.00000 1.00000
vt 0.00000 1.00000
vt 0.00000 1.00000
vt 0.00000 1.00000
vt 0.00000 1.00000
vt 0.00000 1.00000
vt 0.00000 1.00000
vt 0.00000 1.00000
vt 0.00000 1.00000
vt 0.00000 1.00000
vt 0.00000 1.00000
vt 0.00000 1.00000
vt 0.00000 1.00000
vt 0.00000 1.00000
vt 0.00000 1.00000
vt 0.00000 1.00000
vt 0.00000 1.00000
vt 0.00000 1.00000
vt 0.00000 1.00000
vt 0.00000 1.00000
vt 0.00000 1.00000
vt 0.00000 1.00000
vt 0.00000 1.00000
vt 0.00000 1.00000
vt 0.00000 1.00000
vt 0.00000 1.00000
vt 0.00000 1.00000
vt 0.00000 1.00000
vt 0.00000 1.00000
vt 0.00000 1.00000
vt 0.00000 1.00000
vt 0.00000 1.00000
vt 0.00000 1.00000
vt 0.00000 1.00000
vt 0.00000 1.00000
vt 0.00000 1.00000
vt 0.00000 1.00000
vt 0.00000 1.00000
vt 0.00000 1.00000
vt 0.00000 1.00000
vt 0.00000 1.00000
vt 0.00000 1.00000
vt 0.00000 1.00000
vt 0.00000 1.00000
vt 0.00000 1.00000
vt 0.00000 1.00000
vt 0.00000 1.00000
vt 0.00000 1.00000
vt 0.00000 1.00000
vt 0.00000 1.00000
vt 0.00000 1.00000
vt 0.00000 1.00000
vt 0.00000 1.00000
vt 0.00000 1.00000
vt 0.00000 1.00000
vt 0.00000 1.00000
vt 0.00000 1.00000
vt 0.00000 1.00000
vt 0.00000 1.00000
vt 0.00000 1.00000
vt 0.00000 1.00000
vt 0.00000 1.00000
vt 0.00000 1.00000
vt 0.00000 1.00000
vt 0.00000 1.00000
vt 0.00000 1.00000
vt 0.00000 1.00000
vt 0.00000 1.00000
vt 0.00000 1.00000
vt 0.00000 1.00000
vt 0.00000 1.00000
vt 0.00000 1.00000
vt 0.00000 1.00000
vt 0.00000 1.00000
vt 0.00000 1.00000
vt 0.00000 1.00000
vt 0.00000 1.00000
vt 0.00000 1.00000
vt 0.00000 1.00000
vt 0.00000 1.00000
vt 0.00000 1.00000
vt 0.00000 1.00000
vt 0.00000 1.00000
vt 0.00000 1.00000
vt 0.00000 1.00000
vt 0.00000 1.00000
vt 0.00000 1.00000
vt 0.00000 1.00000
vt 0.00000 1.00000
vt 0.00000 1.00000
vt 0.00000 1.00000
vt 0.00000 1.00000
vt 0.00000 1.00000
vt 0.00000 1.00000
vt 0.00000 1.00000
vt 0.00000 1.00000
vt 0.00000 1.00000
vt 0.00000 1.00000
vt 0.00000 1.00000
vt 0.00000 1.00000
vt 0.00000 1.00000
vt 0.00000 1.00000
vt 0.00000 1.00000
vt 0.00000 1.00000
vt 0.00000 1.00000
vt 0.00000 1.00000
vt 0.00000 1.00000
vt 0.00000 1.00000
vt 0.00000 1.00000
vt 0.00000 1.00000
vt 0.00000 1.00000
vt 0.00000 1.00000
vt 0.00000 1.00000
vt 0.00000 1.00000
vt 0.00000 1.00000
vt 0.00000 1.00000
vt 0.00000 1.00000
vt 0.00000 1.00000
vt 0.00000 1.00000
vt 0.00000 1.00000
vt 0.00000 1.00000
vt 0.00000 1.00000
vt 0.00000 1.00000
vt 0.00000 1.00000
vt 0.00000 1.00000
vt 0.00000 1.00000
vt 0.00000 1.00000
vt 0.00000 1.00000
vt 0.00000 1.00000
vt 0.00000 1.00000
vt 0.00000 1.00000
vt 0.00000 1.00000
vt 0.00000 1.00000
vt 0.00000 1.00000
vt 0.00000 1.00000
vt 0.00000 1.00000
vt 0.00000 1.00000
vt 0.00000 1.00000
vt 0.00000 1.00000
vt 0.00000 1.00000
vt 0.00000 1.00000
vt 0.00000 1.00000
vt 0.00000 1.00000
vt 0.00000 1.00000
vt 0.00000 1.00000
vt 0.00000 1.00000
vt 0.00000 1.00000
vt 0.00000 1.00000
vt 0.00000 1.00000
vt 0.00000 1.00000
vt 0.00000 1.00000
vt 0.00000 1.00000
vt 0.00000 1.00000
vt 0.00000 1.00000
vt 0.00000 1.00000
vt 0.00000 1.00000
vt 0.00000 1.00000
vt 0.00000 1.00000
vt 0.00000 1.00000
vt 0.00000 1.00000
vt 0.00000 1.00000
vt 0.00000 1.00000
vt 0.00000 1.00000
vt 0.00000 1.00000
vt 0.00000 1.00000
vt 0.00000 1.00000
vt 0.00000 1.00000
vt 0.00000 1.00000
vt 0.00000 1.00000
vt 0.00000 1.00000
vt 0.00000 1.00000
vt 0.00000 1.00000
vt 0.00000 1.00000
vt 0.00000 1.00000
vt 0.00000 1.00000
vt 0.00000 1.00000
vt 0.00000 1.00000
vt 0.00000 1.00000
vt 0.00000 1.00000
vt 0.00000 1.00000
vt 0.00000 1.00000
vt 0.00000 1.00000
vt 0.00000 1.00000
vt 0.00000 1.00000
vt 0.00000 1.00000
vt 0.00000 1.00000
vt 0.00000 1.00000
vt 0.00000 1.00000
vt 0.00000 1.00000
vt 0.00000 1.00000
vt 0.00000 1.00000
vt 0.00000 1.00000
vt 0.00000 1.00000
vt 0.00000 1.00000
vt 0.00000 1.00000
vt 0.00000 1.00000
vt 0.00000 1.00000
vt 0.00000 1.00000
vt 0.00000 1.00000
vt 0.00000 1.00000
vt 0.00000 1.00000
vt 0.00000 1.00000
vt 0.00000 1.00000
vt 0.00000 1.00000
vt 0.00000 1.00000
vt 0.00000 1.00000
vt 0.00000 1.00000
vt 0.00000 1.00000
vt 0.00000 1.00000
vt 0.00000 1.00000
vt 0.00000 1.00000
vt 0.00000 1.00000
vt 0.00000 1.00000
vt 0.00000 1.00000
vt 0.00000 1.00000
vt 0.00000 1.00000
vt 0.00000 1.00000
vt 0.00000 1.00000
vt 0.00000 1.00000
vt 0.00000 1.00000
vt 0.00000 1.00000
vt 0.00000 1.00000
vt 0.00000 1.00000
vt 0.00000 1.00000
vt 0.00000 1.00000
vt 0.00000 1.00000
vt 0.00000 1.00000
vt 0.00000 1.00000
vt 0.00000 1.00000
vt 0.00000 1.00000
vt 0.00000 1.00000
vt 0.00000 1.00000
vt 0.00000 1.00000
vt 0.00000 1.00000
vt 0.00000 1.00000
vt 0.00000 1.00000
vt 0.00000 1.00000
vt 0.00000 1.00000
vt 0.00000 1.00000
vt 0.00000 1.00000
vt 0.00000 1.00000
vt 0.00000 1.00000
vt 0.00000 1.00000
vt 0.00000 1.00000
vt 0.00000 1.00000
vt 0.00000 1.00000
vt 0.00000 1.00000
vt 0.00000 1.00000
vt 0.00000 1.00000
vt 0.00000 1.00000
vt 0.00000 1.00000
vt 0.00000 1.00000
vt 0.00000 1.00000
vt 0.00000 1.00000
vt 0.00000 1.00000
vt 0.00000 1.00000
vt 0.00000 1.00000
vt 0.00000 1.00000
vt 0.00000 1.00000
vt 0.00000 1.00000
vt 0.00000 1.00000
vt 0.00000 1.00000
vt 0.00000 1.00000
vt 0.00000 1.00000
vt 0.00000 1.00000
vt 0.00000 1.00000
vt 0.00000 1.00000
vt 0.00000 1.00000
vt 0.00000 1.00000
vt 0.00000 1.00000
vt 0.00000 1.00000
vt 0.00000 1.00000
vt 0.00000 1.00000
vt 0.00000 1.00000
vt 0.00000 1.00000
vt 0.00000 1.00000
vt 0.00000 1.00000
vt 0.00000 1.00000
vt 0.00000 1.00000
vt 0.00000 1.00000
vt 0.00000 1.00000
vt 0.00000 1.00000
vt 0.00000 1.00000
vt 0.00000 1.00000
vt 0.00000 1.00000
vt 0.00000 1.00000
vt 0.00000 1.00000
vt 0.00000 1.00000
vt 0.00000 1.00000
vt 0.00000 1.00000
vt 0.00000 1.00000
vt 0.00000 1.00000
vt 0.00000 1.00000
vt 0.00000 1.00000
vt 0.00000 1.00000
vt 0.00000 1.00000
vt 0.00000 1.00000
vt 0.00000 1.00000
vt 0.00000 1.00000
vt 0.00000 1.00000
vt 0.00000 1.00000
vt 0.00000 1.00000
vt 0.00000 1.00000
vt 0.00000 1.00000
vt 0.00000 1.00000
vt 0.00000 1.00000
vt 0.00000 1.00000
vt 0.00000 1.00000
vt 0.00000 1.00000
vt 0.00000 1.00000
vt 0.00000 1.00000
vt 0.00000 1.00000
vt 0.00000 1.00000
vt 0.00000 1.00000
vt 0.00000 1.00000
vt 0.00000 1.00000
vt 0.00000 1.00000
vt 0.00000 1.00000
vt 0.00000 1.00000
vt 0.00000 1.00000
vt 0.00000 1.00000
vt 0.00000 1.00000
vt 0.00000 1.00000
vt 0.00000 1.00000
vt 0.00000 1.00000
vt 0.00000 1.00000
vt 0.00000 1.00000
vt 0.00000 1.00000
vt 0.00000 1.00000
vt 0.00000 1.00000
vt 0.00000 1.00000
vt 0.00000 1.00000
vt 0.00000 1.00000
vt 0.00000 1.00000
vt 0.00000 1.00000
vt 0.00000 1.00000
vt 0.00000 1.00000
vt 0.00000 1.00000
vt 0.00000 1.00000
vt 0.00000 1.00000
vt 0.00000 1.00000
vt 0.00000 1.00000
vt 0.00000 1.00000
vt 0.00000 1.00000
vt 0.00000 1.00000
vt 0.00000 1.00000
vt 0.00000 1.00000
vt 0.00000 1.00000
vt 0.00000 1.00000
vt 0.00000 1.00000
vt 0.00000 1.00000
vt 0.00000 1.00000
vt 0.00000 1.00000
vt 0.00000 1.00000
vt 0.00000 1.00000
vt 0.00000 1.00000
vt 0.00000 1.00000
vt 0.00000 1.00000
vt 0.00000 1.00000
vt 0.00000 1.00000
vt 0.00000 1.00000
vt 0.00000 1.00000
vt 0.00000 1.00000
vt 0.00000 1.00000
vt 0.00000 1.00000
vt 0.00000 1.00000
vt 0.00000 1.00000
vt 0.00000 1.00000
vt 0.00000 1.00000
vt 0.00000 1.00000
vt 0.00000 1.00000
vt 0.00000 1.00000
vt 0.00000 1.00000
vt 0.00000 1.00000
vt 0.00000 1.00000
vt 0.00000 1.00000
vt 0.00000 1.00000
vt 0.00000 1.00000
vt 0.00000 1.00000
vt 0.00000 1.00000
vt 0.00000 1.00000
vt 0.00000 1.00000
vt 0.00000 1.00000
vt 0.00000 1.00000
vt 0.00000 1.00000
vt 0.00000 1.00000
vt 0.00000 1.00000
vt 0.00000 1.00000
vt 0.00000 1.00000
vt 0.00000 1.00000
vt 0.00000 1.00000
vt 0.00000 1.00000
vt 0.00000 1.00000
vt 0.00000 1.00000
vt 0.00000 1.00000
vt 0.00000 1.00000
vt 0.00000 1.00000
vt 0.00000 1.00000
vt 0.00000 1.00000
vt 0.00000 1.00000
vt 0.00000 1.00000
vt 0.00000 1.00000
vt 0.00000 1.00000
vt 0.00000 1.00000
vt 0.00000 1.00000
vt 0.00000 1.00000
vt 0.00000 1.00000
vt 0.00000 1.00000
vt 0.00000 1.00000
vt 0.00000 1.00000
vt 0.00000 1.00000
vt 0.00000 1.00000
vt 0.00000 1.00000
vt 0.00000 1.00000
vt 0.00000 1.00000
vt 0.00000 1.00000
vt 0.00000 1.00000
vt 0.00000 1.00000
vt 0.00000 1.00000
vt 0.00000 1.00000
vt 0.00000 1.00000
vt 0.00000 1.00000
vt 0.00000 1.00000
vt 0.00000 1.00000
vt 0.00000 1.00000
vt 0.00000 1.00000
vt 0.00000 1.00000
vt 0.00000 1.00000
vt 0.00000 1.00000
vt 0.00000 1.00000
vt 0.00000 1.00000
vt 0.00000 1.00000
vt 0.00000 1.00000
vt 0.00000 1.00000
vt 0.00000 1.00000
vt 0.00000 1.00000
vt 0.00000 1.00000
vt 0.00000 1.00000
vt 0.00000 1.00000
vt 0.00000 1.00000
vt 0.00000 1.00000
vt 0.00000 1.00000
vt 0.00000 1.00000
vt 0.00000 1.00000
vt 0.00000 1.00000
vt 0.00000 1.00000
vt 0.00000 1.00000
vt 0.00000 1.00000
vt 0.00000 1.00000
vt 0.00000 1.00000
vt 0.00000 1.00000
vt 0.00000 1.00000
vt 0.00000 1.00000
vt 0.00000 1.00000
vt 0.00000 1.00000
vt 0.00000 1.00000
vt 0.00000 1.00000
vt 0.00000 1.00000
vt 0.00000 1.00000
vt 0.00000 1.00000
vt 0.00000 1.00000
vt 0.00000 1.00000
vt 0.00000 1.00000
vt 0.00000 1.00000
vt 0.00000 1.00000
vt 0.00000 1.00000
vt 0.00000 1.00000
vt 0.00000 1.00000
vt 0.00000 1.00000
vt 0.00000 1.00000
vt 0.00000 1.00000
vt 0.00000 1.00000
vt 0.00000 1.00000
vt 0.00000 1.00000
vt 0.00000 1.00000
vt 0.00000 1.00000
vt 0.00000 1.00000
vt 0.00000 1.00000
vt 0.00000 1.00000
vt 0.00000 1.00000
vt 0.00000 1.00000
vt 0.00000 1.00000
vt 0.00000 1.00000
vt 0.00000 1.00000
vt 0.00000 1.00000
vt 0.00000 1.00000
vt 0.00000 1.00000
vt 0.00000 1.00000
vt 0.00000 1.00000
vt 0.00000 1.00000
vt 0.00000 1.00000
vt 0.00000 1.00000
vt 0.00000 1.00000
vt 0.00000 1.00000
vt 0.00000 1.00000
vt 0.00000 1.00000
vt 0.00000 1.00000
vt 0.00000 1.00000
vt 0.00000 1.00000
vt 0.00000 1.00000
vt 0.00000 1.00000
vt 0.00000 1.00000
vt 0.00000 1.00000
vt 0.00000 1.00000
vt 0.00000 1.00000
vt 0.00000 1.00000
vt 0.00000 1.00000
vt 0.00000 1.00000
vt 0.00000 1.00000
vt 0.00000 1.00000
vt 0.00000 1.00000
vt 0.00000 1.00000
vt 0.00000 1.00000
vt 0.00000 1.00000
vt 0.00000 1.00000
vt 0.00000 1.00000
vt 0.00000 1.00000
vt 0.00000 1.00000
vt 0.00000 1.00000
vt 0.00000 1.00000
vt 0.00000 1.00000
vt 0.00000 1.00000
vt 0.00000 1.00000
vt 0.00000 1.00000
vt 0.00000 1.00000
vt 0.00000 1.00000
vt 0.00000 1.00000
vt 0.00000 1.00000
vt 0.00000 1.00000
vt 0.00000 1.00000
vt 0.00000 1.00000
vt 0.00000 1.00000
vt 0.00000 1.00000
vt 0.00000 1.00000
vt 0.00000 1.00000
vt 0.00000 1.00000
vt 0.00000 1.00000
vt 0.00000 1.00000
vt 0.00000 1.00000
vt 0.00000 1.00000
vt 0.00000 1.00000
vt 0.00000 1.00000
vt 0.00000 1.00000
vt 0.00000 1.00000
vt 0.00000 1.00000
vt 0.00000 1.00000
vt 0.00000 1.00000
vt 0.00000 1.00000
vt 0.00000 1.00000
vt 0.00000 1.00000
vt 0.00000 1.00000
vt 0.00000 1.00000
vt 0.00000 1.00000
vt 0.00000 1.00000
vt 0.00000 1.00000
vt 0.00000 1.00000
vt 0.00000 1.00000
vt 0.00000 1.00000
vt 0.00000 1.00000
vt 0.00000 1.00000
vt 0.00000 1.00000
vt 0.00000 1.00000
vt 0.00000 1.00000
vt 0.00000 1.00000
vt 0.00000 1.00000
vt 0.00000 1.00000
vt 0.00000 1.00000
vt 0.00000 1.00000
vt 0.00000 1.00000
vt 0.00000 1.00000
vt 0.00000 1.00000
vt 0.00000 1.00000
vt 0.00000 1.00000
vt 0.00000 1.00000
vt 0.00000 1.00000
vt 0.00000 1.00000
vt 0.00000 1.00000
vt 0.00000 1.00000
vt 0.00000 1.00000
vt 0.00000 1.00000
vt 0.00000 1.00000
vt 0.00000 1.00000
vt 0.00000 1.00000
vt 0.00000 1.00000
vt 0.00000 1.00000
vt 0.00000 1.00000
vt 0.00000 1.00000
vt 0.00000 1.00000
vt 0.00000 1.00000
vt 0.00000 1.00000
vt 0.00000 1.00000
vt 0.00000 1.00000
vt 0.00000 1.00000
vt 0.00000 1.00000
vt 0.00000 1.00000
vt 0.00000 1.00000
vt 0.00000 1.00000
vt 0.00000 1.00000
vt 0.00000 1.00000
vt 0.00000 1.00000
vt 0.00000 1.00000
vt 0.00000 1.00000
vt 0.00000 1.00000
vt 0.00000 1.00000
vt 0.00000 1.00000
vt 0.00000 1.00000
vt 0.00000 1.00000
vt 0.00000 1.00000
vt 0.00000 1.00000
vt 0.00000 1.00000
vt 0.00000 1.00000
vt 0.00000 1.00000
vt 0.00000 1.00000
vt 0.00000 1.00000
vt 0.00000 1.00000
vt 0.00000 1.00000
vt 0.00000 1.00000
vt 0.00000 1.00000
vt 0.00000 1.00000
vt 0.00000 1.00000
vt 0.00000 1.00000
vt 0.00000 1.00000
vt 0.00000 1.00000
vt 0.00000 1.00000
vt 0.00000 1.00000
vt 0.00000 1.00000
vt 0.00000 1.00000
vt 0.00000 1.00000
vt 0.00000 1.00000
vt 0.00000 1.00000
vt 0.00000 1.00000
vt 0.00000 1.00000
vt 0.00000 1.00000
vt 0.00000 1.00000
vt 0.00000 1.00000
vt 0.00000 1.00000
vt 0.00000 1.00000
vt 0.00000 1.00000
vt 0.00000 1.00000
vt 0.00000 1.00000
vt 0.00000 1.00000
vt 0.00000 1.00000
vt 0.00000 1.00000
vt 0.00000 1.00000
vt 0.00000 1.00000
vt 0.00000 1.00000
vt 0.00000 1.00000
vt 0.00000 1.00000
vt 0.00000 1.00000
vt 0.00000 1.00000
vt 0.00000 1.00000
vt 0.00000 1.00000
vt 0.00000 1.00000
vt 0.00000 1.00000
vt 0.00000 1.00000
vt 0.00000 1.00000
vt 0.00000 1.00000
vt 0.00000 1.00000
vt 0.00000 1.00000
vt 0.00000 1.00000
vt 0.00000 1.00000
vt 0.00000 1.00000
vt 0.00000 1.00000
vt 0.00000 1.00000
vt 0.00000 1.00000
vt 0.00000 1.00000
vt 0.00000 1.00000
vt 0.00000 1.00000
vt 0.00000 1.00000
vt 0.00000 1.00000
vt 0.00000 1.00000
vt 0.00000 1.00000
vt 0.00000 1.00000
vt 0.00000 1.00000
vt 0.00000 1.00000
vt 0.00000 1.00000
vt 0.00000 1.00000
vt 0.00000 1.00000
vt 0.00000 1.00000
vt 0.00000 1.00000
vt 0.00000 1.00000
vt 0.00000 1.00000
vt 0.00000 1.00000
vt 0.00000 1.00000
vt 0.00000 1.00000
vt 0.00000 1.00000
vt 0.00000 1.00000
vt 0.00000 1.00000
vt 0.00000 1.00000
vt 0.00000 1.00000
vt 0.00000 1.00000
vt 0.00000 1.00000
vt 0.00000 1.00000
vt 0.00000 1.00000
vt 0.00000 1.00000
vt 0.00000 1.00000
vt 0.00000 1.00000
vt 0.00000 1.00000
vt 0.00000 1.00000
vt 0.00000 1.00000
vt 0.00000 1.00000
vt 0.00000 1.00000
vt 0.00000 1.00000
vt 0.00000 1.00000
vt 0.00000 1.00000
vt 0.00000 1.00000
vt 0.00000 1.00000
vt 0.00000 1.00000
vt 0.00000 1.00000
vt 0.00000 1.00000
vt 0.00000 1.00000
vt 0.00000 1.00000
vt 0.00000 1.00000
vt 0.00000 1.00000
vt 0.00000 1.00000
vt 0.00000 1.00000
vt 0.00000 1.00000
vt 0.00000 1.00000
vt 0.00000 1.00000
vt 0.00000 1.00000
vt 0.00000 1.00000
vt 0.00000 1.00000
vt 0.00000 1.00000
vt 0.00000 1.00000
vt 0.00000 1.00000
vt 0.00000 1.00000
vt 0.00000 1.00000
vt 0.00000 1.00000
vt 0.00000 1.00000
vt 0.00000 1.00000
vt 0.00000 1.00000
vt 0.00000 1.00000
vt 0.00000 1.00000
vt 0.00000 1.00000
vt 0.00000 1.00000
vt 0.00000 1.00000
vt 0.00000 1.00000
vt 0.00000 1.00000
vt 0.00000 1.00000
vt 0.00000 1.00000
vt 0.00000 1.00000
vt 0.00000 1.00000
vt 0.00000 1.00000
vt 0.00000 1.00000
vt 0.00000 1.00000
vt 0.00000 1.00000
vt 0.00000 1.00000
vt 0.00000 1.00000
vt 0.00000 1.00000
vt 0.00000 1.00000
vt 0.00000 1.00000
vt 0.00000 1.00000
vt 0.00000 1.00000
vt 0.00000 1.00000
vt 0.00000 1.00000
vt 0.00000 1.00000
vt 0.00000 1.00000
vt 0.00000 1.00000
vt 0.00000 1.00000
vt 0.00000 1.00000
vt 0.00000 1.00000
vt 0.00000 1.00000
vt 0.00000 1.00000
vt 0.00000 1.00000
vt 0.00000 1.00000
vt 0.00000 1.00000
vt 0.00000 1.00000
vt 0.00000 1.00000
vt 0.00000 1.00000
vt 0.00000 1.00000
vt 0.00000 1.00000
vt 0.00000 1.00000
vt 0.00000 1.00000
vt 0.00000 1.00000
vt 0.00000 1.00000
vt 0.00000 1.00000
vt 0.00000 1.00000
vt 0.00000 1.00000
vt 0.00000 1.00000
vt 0.00000 1.00000
vt 0.00000 1.00000
vt 0.00000 1.00000
vt 0.00000 1.00000
vt 0.00000 1.00000
vt 0.00000 1.00000
vt 0.00000 1.00000
vt 0.00000 1.00000
vt 0.00000 1.00000
vt 0.00000 1.00000
vt 0.00000 1.00000
vt 0.00000 1.00000
vt 0.00000 1.00000
vt 0.00000 1.00000
vt 0.00000 1.00000
vt 0.00000 1.00000
vt 0.00000 1.00000
vt 0.00000 1.00000
vt 0.00000 1.00000
vt 0.00000 1.00000
vt 0.00000 1.00000
vt 0.00000 1.00000
vt 0.00000 1.00000
vt 0.00000 1.00000
vt 0.00000 1.00000
vt 0.00000 1.00000
vt 0.00000 1.00000
vt 0.00000 1.00000
vt 0.00000 1.00000
vt 0.00000 1.00000
vt 0.00000 1.00000
vt 0.00000 1.00000
vt 0.00000 1.00000
vt 0.00000 1.00000
vt 0.00000 1.00000
vt 0.00000 1.00000
vt 0.00000 1.00000
vt 0.00000 1.00000
vt 0.00000 1.00000
vt 0.00000 1.00000
vt 0.00000 1.00000
vt 0.00000 1.00000
vt 0.00000 1.00000
vt 0.00000 1.00000
vt 0.00000 1.00000
vt 0.00000 1.00000
vt 0.00000 1.00000
vt 0.00000 1.00000
vt 0.00000 1.00000
vt 0.00000 1.00000
vt 0.00000 1.00000
vt 0.00000 1.00000
vt 0.00000 1.00000
vt 0.00000 1.00000
vt 0.00000 1.00000
vt 0.00000 1.00000
vt 0.00000 1.00000
vt 0.00000 1.00000
vt 0.00000 1.00000
vt 0.00000 1.00000
vt 0.00000 1.00000
vt 0.00000 1.00000
vt 0.00000 1.00000
vt 0.00000 1.00000
vt 0.00000 1.00000
vt 0.00000 1.00000
vt 0.00000 1.00000
vt 0.00000 1.00000
vt 0.00000 1.00000
vt 0.00000 1.00000
vt 0.00000 1.00000
vt 0.00000 1.00000
vt 0.00000 1.00000
vt 0.00000 1.00000
vt 0.00000 1.00000
vt 0.00000 1.00000
vt 0.00000 1.00000
vt 0.00000 1.00000
vt 0.00000 1.00000
vt 0.00000 1.00000
vt 0.00000 1.00000
vt 0.00000 1.00000
vt 0.00000 1.00000
vt 0.00000 1.00000
vt 0.00000 1.00000
vt 0.00000 1.00000
vt 0.00000 1.00000
vt 0.00000 1.00000
vt 0.00000 1.00000
vt 0.00000 1.00000
vt 0.00000 1.00000
vt 0.00000 1.00000
vt 0.00000 1.00000
vt 0.00000 1.00000
vt 0.00000 1.00000
vt 0.00000 1.00000
vt 0.00000 1.00000
vt 0.00000 1.00000
vt 0.00000 1.00000
vt 0.00000 1.00000
vt 0.00000 1.00000
vt 0.00000 1.00000
vt 0.00000 1.00000
vt 0.00000 1.00000
vt 0.00000 1.00000
vt 0.00000 1.00000
vt 0.00000 1.00000
vt 0.00000 1.00000
vt 0.00000 1.00000
vt 0.00000 1.00000
vt 0.00000 1.00000
vt 0.00000 1.00000
vt 0.00000 1.00000
vt 0.00000 1.00000
vt 0.00000 1.00000
vt 0.00000 1.00000
vt 0.00000 1.00000
vt 0.00000 1.00000
vt 0.00000 1.00000
vt 0.00000 1.00000
vt 0.00000 1.00000
vt 0.00000 1.00000
vt 0.00000 1.00000
vt 0.00000 1.00000
vt 0.00000 1.00000
vt 0.00000 1.00000
vt 0.00000 1.00000
vt 0.00000 1.00000
vt 0.00000 1.00000
vt 0.00000 1.00000
vt 0.00000 1.00000
vt 0.00000 1.00000
vt 0.00000 1.00000
vt 0.00000 1.00000
vt 0.00000 1.00000
vt 0.00000 1.00000
vt 0.00000 1.00000
vt 0.00000 1.00000
vt 0.00000 1.00000
vt 0.00000 1.00000
vt 0.00000 1.00000
vt 0.00000 1.00000
vt 0.00000 1.00000
vt 0.00000 1.00000
vt 0.00000 1.00000
vt 0.00000 1.00000
vt 0.00000 1.00000
vt 0.00000 1.00000
vt 0.00000 1.00000
vt 0.00000 1.00000
vt 0.00000 1.00000
vt 0.00000 1.00000
vt 0.00000 1.00000
vt 0.00000 1.00000
vt 0.00000 1.00000
vt 0.00000 1.00000
vt 0.00000 1.00000
vt 0.00000 1.00000
vt 0.00000 1.00000
vt 0.00000 1.00000
vt 0.00000 1.00000
vt 0.00000 1.00000
vt 0.00000 1.00000
vt 0.00000 1.00000
vt 0.00000 1.00000
vt 0.00000 1.00000
vt 0.00000 1.00000
vt 0.00000 1.00000
vt 0.00000 1.00000
vt 0.00000 1.00000
vt 0.00000 1.00000
vt 0.00000 1.00000
vt 0.00000 1.00000
vt 0.00000 1.00000
vt 0.00000 1.00000
vt 0.00000 1.00000
vt 0.00000 1.00000
vt 0.00000 1.00000
vt 0.00000 1.00000
vt 0.00000 1.00000
vt 0.00000 1.00000
vt 0.00000 1.00000
vt 0.00000 1.00000
vt 0.00000 1.00000
vt 0.00000 1.00000
vt 0.00000 1.00000
vt 0.00000 1.00000
vt 0.00000 1.00000
vt 0.00000 1.00000
vt 0.00000 1.00000
vt 0.00000 1.00000
vt 0.00000 1.00000
vt 0.00000 1.00000
vt 0.00000 1.00000
vt 0.00000 1.00000
vt 0.00000 1.00000
vt 0.00000 1.00000
vt 0.00000 1.00000
vt 0.00000 1.00000
vt 0.00000 1.00000
vt 0.00000 1.00000
vt 0.00000 1.00000
vt 0.00000 1.00000
vt 0.00000 1.00000
vt 0.00000 1.00000
vt 0.00000 1.00000
vt 0.00000 1.00000
vt 0.00000 1.00000
vt 0.00000 1.00000
vt 0.00000 1.00000
vt 0.00000 1.00000
vt 0.00000 1.00000
vt 0.00000 1.00000
vt 0.00000 1.00000
vt 0.00000 1.00000
vt 0.00000 1.00000
vt 0.00000 1.00000
vt 0.00000 1.00000
vt 0.00000 1.00000
vt 0.00000 1.00000
vt 0.00000 1.00000
vt 0.00000 1.00000
vt 0.00000 1.00000
vt 0.00000 1.00000
vt 0.00000 1.00000
vt 0.00000 1.00000
vt 0.00000 1.00000
vt 0.00000 1.00000
vt 0.00000 1.00000
vt 0.00000 1.00000
vt 0.00000 1.00000
vt 0.00000 1.00000
vt 0.00000 1.00000
vt 0.00000 1.00000
vt 0.00000 1.00000
vt 0.00000 1.00000
vt 0.00000 1.00000
vt 0.00000 1.00000
vt 0.00000 1.00000
vt 0.00000 1.00000
vt 0.00000 1.00000
vt 0.00000 1.00000
vt 0.00000 1.00000
vt 0.00000 1.00000
vt 0.00000 1.00000
vt 0.00000 1.00000
vt 0.00000 1.00000
vt 0.00000 1.00000
vt 0.00000 1.00000
vt 0.00000 1.00000
vt 0.00000 1.00000
vt 0.00000 1.00000
vt 0.00000 1.00000
vt 0.00000 1.00000
vt 0.00000 1.00000
vt 0.00000 1.00000
vt 0.00000 1.00000
vt 0.00000 1.00000
vt 0.00000 1.00000
vt 0.00000 1.00000
vt 0.00000 1.00000
vt 0.00000 1.00000
vt 0.00000 1.00000
vt 0.00000 1.00000
vt 0.00000 1.00000
vt 0.00000 1.00000
vt 0.00000 1.00000
vt 0.00000 1.00000
vt 0.00000 1.00000
vt 0.00000 1.00000
vt 0.00000 1.00000
vt 0.00000 1.00000
vt 0.00000 1.00000
vt 0.00000 1.00000
vt 0.00000 1.00000
vt 0.00000 1.00000
vt 0.00000 1.00000
vt 0.00000 1.00000
vt 0.00000 1.00000
vt 0.00000 1.00000
vt 0.00000 1.00000
vt 0.00000 1.00000
vt 0.00000 1.00000
vt 0.00000 1.00000
vt 0.00000 1.00000
vt 0.00000 1.00000
vt 0.00000 1.00000
vt 0.00000 1.00000
vt 0.00000 1.00000
vt 0.00000 1.00000
vt 0.00000 1.00000
vt 0.00000 1.00000
vt 0.00000 1.00000
vt 0.00000 1.00000
vt 0.00000 1.00000
vt 0.00000 1.00000
vt 0.00000 1.00000
vt 0.00000 1.00000
vt 0.00000 1.00000
vt 0.00000 1.00000
vt 0.00000 1.00000
vt 0.00000 1.00000
vt 0.00000 1.00000
vt 0.00000 1.00000
vt 0.00000 1.00000
vt 0.00000 1.00000
vt 0.00000 1.00000
vt 0.00000 1.00000
vt 0.00000 1.00000
vt 0.00000 1.00000
vt 0.00000 1.00000
vt 0.00000 1.00000
vt 0.00000 1.00000
vt 0.00000 1.00000
vt 0.00000 1.00000
vt 0.00000 1.00000
vt 0.00000 1.00000
vt 0.00000 1.00000
vt 0.00000 1.00000
vt 0.00000 1.00000
vt 0.00000 1.00000
vt 0.00000 1.00000
vt 0.00000 1.00000
vt 0.00000 1.00000
vt 0.00000 1.00000
vt 0.00000 1.00000
vt 0.00000 1.00000
vt 0.00000 1.00000
vt 0.00000 1.00000
vt 0.00000 1.00000
vt 0.00000 1.00000
vt 0.00000 1.00000
vt 0.00000 1.00000
vt 0.00000 1.00000
vt 0.00000 1.00000
vt 0.00000 1.00000
vt 0.00000 1.00000
vt 0.00000 1.00000
vt 0.00000 1.00000
vt 0.00000 1.00000
vt 0.00000 1.00000
vt 0.00000 1.00000
vt 0.00000 1.00000
vt 0.00000 1.00000
vt 0.00000 1.00000
vt 0.00000 1.00000
vt 0.00000 1.00000
vt 0.00000 1.00000
vt 0.00000 1.00000
vt 0.00000 1.00000
vt 0.00000 1.00000
vt 0.00000 1.00000
vt 0.00000 1.00000
vt 0.00000 1.00000
vt 0.00000 1.00000
vt 0.00000 1.00000
vt 0.00000 1.00000
vt 0.00000 1.00000
vt 0.00000 1.00000
vt 0.00000 1.00000
vt 0.00000 1.00000
vt 0.00000 1.00000
vt 0.00000 1.00000
vt 0.00000 1.00000
vt 0.00000 1.00000
vt 0.00000 1.00000
vt 0.00000 1.00000
vt 0.00000 1.00000
vt 0.00000 1.00000
vt 0.00000 1.00000
vt 0.00000 1.00000
vt 0.00000 1.00000
vt 0.00000 1.00000
vt 0.00000 1.00000
vt 0.00000 1.00000
vt 0.00000 1.00000
vt 0.00000 1.00000
vt 0.00000 1.00000
vt 0.00000 1.00000
vt 0.00000 1.00000
vt 0.00000 1.00000
vt 0.00000 1.00000
vt 0.00000 1.00000
vt 0.00000 1.00000
vt 0.00000 1.00000
vt 0.00000 1.00000
vt 0.00000 1.00000
vt 0.00000 1.00000
vt 0.00000 1.00000
vt 0.00000 1.00000
vt 0.00000 1.00000
vt 0.00000 1.00000
vt 0.00000 1.00000
vt 0.00000 1.00000
vt 0.00000 1.00000
vt 0.00000 1.00000
vt 0.00000 1.00000
vt 0.00000 1.00000
vt 0.00000 1.00000
vt 0.00000 1.00000
vt 0.00000 1.00000
vt 0.00000 1.00000
vt 0.00000 1.00000
vt 0.00000 1.00000
vt 0.00000 1.00000
vt 0.00000 1.00000
vt 0.00000 1.00000
vt 0.00000 1.00000
vt 0.00000 1.00000
vt 0.00000 1.00000
vt 0.00000 1.00000
vt 0.00000 1.00000
vt 0.00000 1.00000
vt 0.00000 1.00000
vt 0.00000 1.00000
vt 0.00000 1.00000
vt 0.00000 1.00000
vt 0.00000 1.00000
vt 0.00000 1.00000
vt 0.00000 1.00000
vt 0.00000 1.00000
vt 0.00000 1.00000
vt 0.00000 1.00000
vt 0.00000 1.00000
vt 0.00000 1.00000
vt 0.00000 1.00000
vt 0.00000 1.00000
vt 0.00000 1.00000
vt 0.00000 1.00000
vt 0.00000 1.00000
vt 0.00000 1.00000
vt 0.00000 1.00000
vt 0.00000 1.00000
vt 0.00000 1.00000
vt 0.00000 1.00000
vt 0.00000 1.00000
vt 0.00000 1.00000
vt 0.00000 1.00000
vt 0.00000 1.00000
vt 0.00000 1.00000
vt 0.00000 1.00000
vt 0.00000 1.00000
vt 0.00000 1.00000
vt 0.00000 1.00000
vt 0.00000 1.00000
vt 0.00000 1.00000
vt 0.00000 1.00000
vt 0.00000 1.00000
vt 0.00000 1.00000
vt 0.00000 1.00000
vt 0.00000 1.00000
vt 0.00000 1.00000
vt 0.00000 1.00000
vt 0.00000 1.00000
vt 0.00000 1.00000
vt 0.00000 1.00000
vt 0.00000 1.00000
vt 0.00000 1.00000
vt 0.00000 1.00000
vt 0.00000 1.00000
vt 0.00000 1.00000
vt 0.00000 1.00000
vt 0.00000 1.00000
vt 0.00000 1.00000
vt 0.00000 1.00000
vt 0.00000 1.00000
vt 0.00000 1.00000
vt 0.00000 1.00000
vt 0.00000 1.00000
vt 0.00000 1.00000
vt 0.00000 1.00000
vt 0.00000 1.00000
vt 0.00000 1.00000
vt 0.00000 1.00000
vt 0.00000 1.00000
vt 0.00000 1.00000
vt 0.00000 1.00000
vt 0.00000 1.00000
vt 0.00000 1.00000
vt 0.00000 1.00000
vt 0.00000 1.00000
vt 0.00000 1.00000
vt 0.00000 1.00000
vt 0.00000 1.00000
vt 0.00000 1.00000
vt 0.00000 1.00000
vt 0.00000 1.00000
vt 0.00000 1.00000
vt 0.00000 1.00000
vt 0.00000 1.00000
vt 0.00000 1.00000
vt 0.00000 1.00000
vt 0.00000 1.00000
vt 0.00000 1.00000
vt 0.00000 1.00000
vt 0.00000 1.00000
vt 0.00000 1.00000
vt 0.00000 1.00000
vt 0.00000 1.00000
vt 0.00000 1.00000
vt 0.00000 1.00000
vt 0.00000 1.00000
vt 0.00000 1.00000
vt 0.00000 1.00000
vt 0.00000 1.00000
vt 0.00000 1.00000
vt 0.00000 1.00000
vt 0.00000 1.00000
vt 0.00000 1.00000
vt 0.00000 1.00000
vt 0.00000 1.00000
vt 0.00000 1.00000
vt 0.00000 1.00000
vt 0.00000 1.00000
vt 0.00000 1.00000
vt 0.00000 1.00000
vt 0.00000 1.00000
vt 0.00000 1.00000
vt 0.00000 1.00000
vt 0.00000 1.00000
vt 0.00000 1.00000
vt 0.00000 1.00000
vt 0.00000 1.00000
vt 0.00000 1.00000
vt 0.00000 1.00000
vt 0.00000 1.00000
vt 0.00000 1.00000
vt 0.00000 1.00000
vt 0.00000 1.00000
vt 0.00000 1.00000
vt 0.00000 1.00000
vt 0.00000 1.00000
vt 0.00000 1.00000
vt 0.00000 1.00000
vt 0.00000 1.00000
vt 0.00000 1.00000
vt 0.00000 1.00000
vt 0.00000 1.00000
vt 0.00000 1.00000
vt 0.00000 1.00000
vt 0.00000 1.00000
vt 0.00000 1.00000
vt 0.00000 1.00000
vt 0.00000 1.00000
vt 0.00000 1.00000
vt 0.00000 1.00000
vt 0.00000 1.00000
vt 0.00000 1.00000
vt 0.00000 1.00000
vt 0.00000 1.00000
vt 0.00000 1.00000
vt 0.00000 1.00000
vt 0.00000 1.00000
vt 0.00000 1.00000
vt 0.00000 1.00000
vt 0.00000 1.00000
vt 0.00000 1.00000
vt 0.00000 1.00000
vt 0.00000 1.00000
vt 0.00000 1.00000
vt 0.00000 1.00000
vt 0.00000 1.00000
vt 0.00000 1.00000
vt 0.00000 1.00000
vt 0.00000 1.00000
vt 0.00000 1.00000
vt 0.00000 1.00000
vt 0.00000 1.00000
vt 0.00000 1.00000
vt 0.00000 1.00000
vt 0.00000 1.00000
vt 0.00000 1.00000
vt 0.00000 1.00000
vt 0.00000 1.00000
vt 0.00000 1.00000
vt 0.00000 1.00000
vt 0.00000 1.00000
vt 0.00000 1.00000
vt 0.00000 1.00000
vt 0.00000 1.00000
vt 0.00000 1.00000
vt 0.00000 1.00000
vt 0.00000 1.00000
vt 0.00000 1.00000
vt 0.00000 1.00000
vt 0.00000 1.00000
vt 0.00000 1.00000
vt 0.00000 1.00000
vt 0.00000 1.00000
vt 0.00000 1.00000
vt 0.00000 1.00000
vt 0.00000 1.00000
vt 0.00000 1.00000
vt 0.00000 1.00000
vt 0.00000 1.00000
vt 0.00000 1.00000
vt 0.00000 1.00000
vt 0.00000 1.00000
vt 0.00000 1.00000
vt 0.00000 1.00000
vt 0.00000 1.00000
vt 0.00000 1.00000
vt 0.00000 1.00000
vt 0.00000 1.00000
vt 0.00000 1.00000
vt 0.00000 1.00000
vt 0.00000 1.00000
vt 0.00000 1.00000
vt 0.00000 1.00000
vt 0.00000 1.00000
vt 0.00000 1.00000
vt 0.00000 1.00000
vt 0.00000 1.00000
vt 0.00000 1.00000
vt 0.00000 1.00000
vt 0.00000 1.00000
vt 0.00000 1.00000
vt 0.00000 1.00000
vt 0.00000 1.00000
vt 0.00000 1.00000
vt 0.00000 1.00000
vt 0.00000 1.00000
vt 0.00000 1.00000
vt 0.00000 1.00000
vt 0.00000 1.00000
vt 0.00000 1.00000
vt 0.00000 1.00000
vt 0.00000 1.00000
vt 0.00000 1.00000
vt 0.00000 1.00000
vt 0.00000 1.00000
vt 0.00000 1.00000
vt 0.00000 1.00000
vt 0.00000 1.00000
vt 0.00000 1.00000
vt 0.00000 1.00000
vt 0.00000 1.00000
vt 0.00000 1.00000
vt 0.00000 1.00000
vt 0.00000 1.00000
vt 0.00000 1.00000
vt 0.00000 1.00000
vt 0.00000 1.00000
vt 0.00000 1.00000
vt 0.00000 1.00000
vt 0.00000 1.00000
vt 0.00000 1.00000
vt 0.00000 1.00000
vt 0.00000 1.00000
vt 0.00000 1.00000
vt 0.00000 1.00000
vt 0.00000 1.00000
vt 0.00000 1.00000
vt 0.00000 1.00000
vt 0.00000 1.00000
vt 0.00000 1.00000
vt 0.00000 1.00000
vt 0.00000 1.00000
vt 0.00000 1.00000
vt 0.00000 1.00000
vt 0.00000 1.00000
vt 0.00000 1.00000
vt 0.00000 1.00000
vt 0.00000 1.00000
vt 0.00000 1.00000
vt 0.00000 1.00000
vt 0.00000 1.00000
vt 0.00000 1.00000
vt 0.00000 1.00000
vt 0.00000 1.00000
vt 0.00000 1.00000
vt 0.00000 1.00000
vt 0.00000 1.00000
vt 0.00000 1.00000
vt 0.00000 1.00000
vt 0.00000 1.00000
vt 0.00000 1.00000
vt 0.00000 1.00000
vt 0.00000 1.00000
vt 0.00000 1.00000
vt 0.00000 1.00000
vt 0.00000 1.00000
vt 0.00000 1.00000
vt 0.00000 1.00000
vt 0.00000 1.00000
vt 0.00000 1.00000
vt 0.00000 1.00000
vt 0.00000 1.00000
vt 0.00000 1.00000
vt 0.00000 1.00000
vt 0.00000 1.00000
vt 0.00000 1.00000
vt 0.00000 1.00000
vt 0.00000 1.00000
vt 0.00000 1.00000
vt 0.00000 1.00000
vt 0.00000 1.00000
vt 0.00000 1.00000
vt 0.00000 1.00000
vt 0.00000 1.00000
vt 0.00000 1.00000
vt 0.00000 1.00000
vt 0.00000 1.00000
vt 0.00000 1.00000
vt 0.00000 1.00000
vt 0.00000 1.00000
vt 0.00000 1.00000
vt 0.00000 1.00000
vt 0.00000 1.00000
vt 0.00000 1.00000
vt 0.00000 1.00000
vt 0.00000 1.00000
vt 0.00000 1.00000
vt 0.00000 1.00000
vt 0.00000 1.00000
vt 0.00000 1.00000
vt 0.00000 1.00000
vt 0.00000 1.00000
vt 0.00000 1.00000
vt 0.00000 1.00000
vt 0.00000 1.00000
vt 0.00000 1.00000
vt 0.00000 1.00000
vt 0.00000 1.00000
vt 0.00000 1.00000
vt 0.00000 1.00000
vt 0.00000 1.00000
vt 0.00000 1.00000
vt 0.00000 1.00000
vt 0.00000 1.00000
vt 0.00000 1.00000
vt 0.00000 1.00000
vt 0.00000 1.00000
vt 0.00000 1.00000
vt 0.00000 1.00000
vt 0.00000 1.00000
vt 0.00000 1.00000
vt 0.00000 1.00000
vt 0.00000 1.00000
vt 0.00000 1.00000
vt 0.00000 1.00000
vt 0.00000 1.00000
vt 0.00000 1.00000
vt 0.00000 1.00000
vt 0.00000 1.00000
vt 0.00000 1.00000
vt 0.00000 1.00000
vt 0.00000 1.00000
vt 0.00000 1.00000
vt 0.00000 1.00000
vt 0.00000 1.00000
vt 0.00000 1.00000
vt 0.00000 1.00000
vt 0.00000 1.00000
vt 0.00000 1.00000
vt 0.00000 1.00000
vt 0.00000 1.00000
vt 0.00000 1.00000
vt 0.00000 1.00000
vt 0.00000 1.00000
vt 0.00000 1.00000
vt 0.00000 1.00000
vt 0.00000 1.00000
vt 0.00000 1.00000
vt 0.00000 1.00000
vt 0.00000 1.00000
vt 0.00000 1.00000
vt 0.00000 1.00000
vt 0.00000 1.00000
vt 0.00000 1.00000
vt 0.00000 1.00000
vt 0.00000 1.00000
vt 0.00000 1.00000
vt 0.00000 1.00000
vt 0.00000 1.00000
vt 0.00000 1.00000
vt 0.00000 1.00000
vt 0.00000 1.00000
vt 0.00000 1.00000
vt 0.00000 1.00000
vt 0.00000 1.00000
vt 0.00000 1.00000
vt 0.00000 1.00000
vt 0.00000 1.00000
vt 0.00000 1.00000
vt 0.00000 1.00000
vt 0.00000 1.00000
vt 0.00000 1.00000
vt 0.00000 1.00000
vt 0.00000 1.00000
vt 0.00000 1.00000
vt 0.00000 1.00000
vt 0.00000 1.00000
vt 0.00000 1.00000
vt 0.00000 1.00000
vt 0.00000 1.00000
vt 0.00000 1.00000
vt 0.00000 1.00000
vt 0.00000 1.00000
vt 0.00000 1.00000
vt 0.00000 1.00000
vt 0.00000 1.00000
vt 0.00000 1.00000
vt 0.00000 1.00000
vt 0.00000 1.00000
vt 0.00000 1.00000
vt 0.00000 1.00000
vt 0.00000 1.00000
vt 0.00000 1.00000
vt 0.00000 1.00000
vt 0.00000 1.00000
vt 0.00000 1.00000
vt 0.00000 1.00000
vt 0.00000 1.00000
vt 0.00000 1.00000
vt 0.00000 1.00000
vt 0.00000 1.00000
vt 0.00000 1.00000
vt 0.00000 1.00000
vt 0.00000 1.00000
vt 0.00000 1.00000
vt 0.00000 1.00000
vt 0.00000 1.00000
vt 0.00000 1.00000
vt 0.00000 1.00000
vt 0.00000 1.00000
vt 0.00000 1.00000
vt 0.00000 1.00000
vt 0.00000 1.00000
vt 0.00000 1.00000
vt 0.00000 1.00000
vt 0.00000 1.00000
vt 0.00000 1.00000
vt 0.00000 1.00000
vt 0.00000 1.00000
vt 0.00000 1.00000
vt 0.00000 1.00000
vt 0.00000 1.00000
vt 0.00000 1.00000
vt 0.00000 1.00000
vt 0.00000 1.00000
vt 0.00000 1.00000
vt 0.00000 1.00000
vt 0.00000 1.00000
vt 0.00000 1.00000
vt 0.00000 1.00000
vt 0.00000 1.00000
vt 0.00000 1.00000
vt 0.00000 1.00000
vt 0.00000 1.00000
vt 0.00000 1.00000
vt 0.00000 1.00000
vt 0.00000 1.00000
vt 0.00000 1.00000
vt 0.00000 1.00000
vt 0.00000 1.00000
vt 0.00000 1.00000
vt 0.00000 1.00000
vt 0.00000 1.00000
vt 0.00000 1.00000
vt 0.00000 1.00000
vt 0.00000 1.00000
vt 0.00000 1.00000
vt 0.00000 1.00000
vt 0.00000 1.00000
vt 0.00000 1.00000
vt 0.00000 1.00000
vt 0.00000 1.00000
vt 0.00000 1.00000
vt 0.00000 1.00000
vt 0.00000 1.00000
vt 0.00000 1.00000
vt 0.00000 1.00000
vt 0.00000 1.00000
vt 0.00000 1.00000
vt 0.00000 1.00000
vt 0.00000 1.00000
vt 0.00000 1.00000
vt 0.00000 1.00000
vt 0.00000 1.00000
vt 0.00000 1.00000
vt 0.00000 1.00000
vt 0.00000 1.00000
vt 0.00000 1.00000
vt 0.00000 1.00000
vt 0.00000 1.00000
vt 0.00000 1.00000
vt 0.00000 1.00000
vt 0.00000 1.00000
vt 0.00000 1.00000
vt 0.00000 1.00000
vt 0.00000 1.00000
vt 0.00000 1.00000
vt 0.00000 1.00000
vt 0.00000 1.00000
vt 0.00000 1.00000
vt 0.00000 1.00000
vt 0.00000 1.00000
vt 0.00000 1.00000
vt 0.00000 1.00000
vt 0.00000 1.00000
vt 0.00000 1.00000
vt 0.00000 1.00000
vt 0.00000 1.00000
vt 0.00000 1.00000
vt 0.00000 1.00000
vt 0.00000 1.00000
vt 0.00000 1.00000
vt 0.00000 1.00000
vt 0.00000 1.00000
vt 0.00000 1.00000
vt 0.00000 1.00000
vt 0.00000 1.00000
vt 0.00000 1.00000
vt 0.00000 1.00000
vt 0.00000 1.00000
vt 0.00000 1.00000
vt 0.00000 1.00000
vt 0.00000 1.00000
vt 0.00000 1.00000
vt 0.00000 1.00000
vt 0.00000 1.00000
vt 0.00000 1.00000
vt 0.00000 1.00000
vt 0.00000 1.00000
vt 0.00000 1.00000
vt 0.00000 1.00000
vt 0.00000 1.00000
vt 0.00000 1.00000
vt 0.00000 1.00000
vt 0.00000 1.00000
vt 0.00000 1.00000
vt 0.00000 1.00000
vt 0.00000 1.00000
vt 0.00000 1.00000
vt 0.00000 1.00000
vt 0.00000 1.00000
vt 0.00000 1.00000
vt 0.00000 1.00000
vt 0.00000 1.00000
vt 0.00000 1.00000
vt 0.00000 1.00000
vt 0.00000 1.00000
vt 0.00000 1.00000
vt 0.00000 1.00000
vt 0.00000 1.00000
vt 0.00000 1.00000
vt 0.00000 1.00000
vt 0.00000 1.00000
vt 0.00000 1.00000
vt 0.00000 1.00000
vt 0.00000 1.00000
vt 0.00000 1.00000
vt 0.00000 1.00000
vt 0.00000 1.00000
vt 0.00000 1.00000
vt 0.00000 1.00000
vt 0.00000 1.00000
vt 0.00000 1.00000
vt 0.00000 1.00000
vt 0.00000 1.00000
vt 0.00000 1.00000
vt 0.00000 1.00000
vt 0.00000 1.00000
vt 0.00000 1.00000
vt 0.00000 1.00000
vt 0.00000 1.00000
vt 0.00000 1.00000
vt 0.00000 1.00000
vt 0.00000 1.00000
vt 0.00000 1.00000
vt 0.00000 1.00000
vt 0.00000 1.00000
vt 0.00000 1.00000
vt 0.00000 1.00000
vt 0.00000 1.00000
vt 0.00000 1.00000
vt 0.00000 1.00000
vt 0.00000 1.00000
vt 0.00000 1.00000
vt 0.00000 1.00000
vt 0.00000 1.00000
vt 0.00000 1.00000
vt 0.00000 1.00000
vt 0.00000 1.00000
vt 0.00000 1.00000
vt 0.00000 1.00000
vt 0.00000 1.00000
vt 0.00000 1.00000
vt 0.00000 1.00000
vt 0.00000 1.00000
vt 0.00000 1.00000
vt 0.00000 1.00000
vt 0.00000 1.00000
vt 0.00000 1.00000
vt 0.00000 1.00000
vt 0.00000 1.00000
vt 0.00000 1.00000
vt 0.00000 1.00000
vt 0.00000 1.00000
vt 0.00000 1.00000
vt 0.00000 1.00000
vt 0.00000 1.00000
vt 0.00000 1.00000
vt 0.00000 1.00000
vt 0.00000 1.00000
vt 0.00000 1.00000
vt 0.00000 1.00000
vt 0.00000 1.00000
vt 0.00000 1.00000
vt 0.00000 1.00000
vt 0.00000 1.00000
vt 0.00000 1.00000
vt 0.00000 1.00000
vt 0.00000 1.00000
vt 0.00000 1.00000
vt 0.00000 1.00000
vt 0.00000 1.00000
vt 0.00000 1.00000
vt 0.00000 1.00000
vt 0.00000 1.00000
vt 0.00000 1.00000
vt 0.00000 1.00000
vt 0.00000 1.00000
vt 0.00000 1.00000
vt 0.00000 1.00000
vt 0.00000 1.00000
vt 0.00000 1.00000
vt 0.00000 1.00000
vt 0.00000 1.00000
vt 0.00000 1.00000
vt 0.00000 1.00000
vt 0.00000 1.00000
vt 0.00000 1.00000
vt 0.00000 1.00000
vt 0.00000 1.00000
vt 0.00000 1.00000
vt 0.00000 1.00000
vt 0.00000 1.00000
vt 0.00000 1.00000
vt 0.00000 1.00000
vt 0.00000 1.00000
vt 0.00000 1.00000
vt 0.00000 1.00000
vt 0.00000 1.00000
vt 0.00000 1.00000
vt 0.00000 1.00000
vt 0.00000 1.00000
vt 0.00000 1.00000
vt 0.00000 1.00000
vt 0.00000 1.00000
vt 0.00000 1.00000
vt 0.00000 1.00000
vt 0.00000 1.00000
vt 0.00000 1.00000
vt 0.00000 1.00000
vt 0.00000 1.00000
vt 0.00000 1.00000
vt 0.00000 1.00000
vt 0.00000 1.00000
vt 0.00000 1.00000
vt 0.00000 1.00000
vt 0.00000 1.00000
vt 0.00000 1.00000
vt 0.00000 1.00000
vt 0.00000 1.00000
vt 0.00000 1.00000
vt 0.00000 1.00000
vt 0.00000 1.00000
vt 0.00000 1.00000
vt 0.00000 1.00000
vt 0.00000 1.00000
vt 0.00000 1.00000
vt 0.00000 1.00000
vt 0.00000 1.00000
vt 0.00000 1.00000
vt 0.00000 1.00000
vt 0.00000 1.00000
vt 0.00000 1.00000
vt 0.00000 1.00000
vt 0.00000 1.00000
vt 0.00000 1.00000
vt 0.00000 1.00000
vt 0.00000 1.00000
vt 0.00000 1.00000
vt 0.00000 1.00000
vt 0.00000 1.00000
vt 0.00000 1.00000
vt 0.00000 1.00000
vt 0.00000 1.00000
vt 0.00000 1.00000
vt 0.00000 1.00000
vt 0.00000 1.00000
vt 0.00000 1.00000
vt 0.00000 1.00000
vt 0.00000 1.00000
vt 0.00000 1.00000
vt 0.00000 1.00000
vt 0.00000 1.00000
vt 0.00000 1.00000
vt 0.00000 1.00000
vt 0.00000 1.00000
vt 0.00000 1.00000
vt 0.00000 1.00000
vt 0.00000 1.00000
vt 0.00000 1.00000
vt 0.00000 1.00000
vt 0.00000 1.00000
vt 0.00000 1.00000
vt 0.00000 1.00000
vt 0.00000 1.00000
vt 0.00000 1.00000
vt 0.00000 1.00000
vt 0.00000 1.00000
vt 0.00000 1.00000
vt 0.00000 1.00000
vt 0.00000 1.00000
vt 0.00000 1.00000
vt 0.00000 1.00000
vt 0.00000 1.00000
vt 0.00000 1.00000
vt 0.00000 1.00000
vt 0.00000 1.00000
vt 0.00000 1.00000
vt 0.00000 1.00000
vt 0.00000 1.00000
vt 0.00000 1.00000
vt 0.00000 1.00000
vt 0.00000 1.00000
vt 0.00000 1.00000
vt 0.00000 1.00000
vt 0.00000 1.00000
vt 0.00000 1.00000
vt 0.00000 1.00000
vt 0.00000 1.00000
vt 0.00000 1.00000
vt 0.00000 1.00000
vt 0.00000 1.00000
vt 0.00000 1.00000
vt 0.00000 1.00000
vt 0.00000 1.00000
usemtl needles
f 1321/1321 1322/1322 1323/1323
f 1324/1324 1325/1325 1326/1326
f 1327/1327 1328/1328 1329/1329
f 1330/1330 1331/1331 1332/1332
f 1333/1333 1334/1334 1335/1335
f 1336/1336 1337/1337 1338/1338
f 1339/1339 1340/1340 1341/1341
f 1342/1342 1343/1343 1344/1344
f 1345/1345 1346/1346 1347/1347
f 1348/1348 1349/1349 1350/1350
f 1351/1351 1352/1352 1353/1353
f 1354/1354 1355/1355 1356/1356
f 1357/1357 1358/1358 1359/1359
f 1360/1360 1361/1361 1362/1362
f 1363/1363 1364/1364 1365/1365
f 1366/1366 1367/1367 1368/1368
f 1369/1369 1370/1370 1371/1371
f 1372/1372 1373/1373 1374/1374
f 1375/1375 1376/1376 1377/1377
f 1378/1378 1379/1379 1380/1380
f 1381/1381 1382/1382 1383/1383
f 1384/1384 1385/1385 1386/1386
f 1387/1387 1388/1388 1389/1389
f 1390/1390 1391/1391 1392/1392
f 1393/1393 1394/1394 1395/1395
f 1396/1396 1397/1397 1398/1398
f 1399/1399 1400/1400 1401/1401
f 1402/1402 1403/1403 1404/1404
f 1405/1405 1406/1406 1407/1407
f 1408/1408 1409/1409 1410/1410
f 1411/1411 1412/1412 1413/1413
f 1414/1414 1415/1415 1416/1416
f 1417/1417 1418/1418 1419/1419
f 1420/1420 1421/1421 1422/1422
f 1423/1423 1424/1424 1425/1425
f 1426/1426 1427/1427 1428/1428
f 1429/1429 1430/1430 1431/1431
f 1432/1432 1433/1433 1434/1434
f 1435/1435 1436/1436 1437/1437
f 1438/1438 1439/1439 1440/1440
f 1441/1441 1442/1442 1443/1443
f 1444/1444 1445/1445 1446/1446
f 1447/1447 1448/1448 1449/1449
f 1450/1450 1451/1451 1452/1452
f 1453/1453 1454/1454 1455/1455
f 1456/1456 1457/1457 1458/1458
f 1459/1459 1460/1460 1461/1461
f 1462/1462 1463/1463 1464/1464
f 1465/1465 1466/1466 1467/1467
f 1468/1468 1469/1469 1470/1470
f 1471/1471 1472/1472 1473/1473
f 1474/1474 1475/1475 1476/1476
f 1477/1477 1478/1478 1479/1479
f 1480/1480 1481/1481 1482/1482
f 1483/1483 1484/1484 1485/1485
f 1486/1486 1487/1487 1488/1488
f 1489/1489 1490/1490 1491/1491
f 1492/1492 1493/1493 1494/1494
f 1495/1495 1496/1496 1497/1497
f 1498/1498 1499/1499 1500/1500
f 1501/1501 1502/1502 1503/1503
f 1504/1504 1505/1505 1506/1506
f 1507/1507 1508/1508 1509/1509
f 1510/1510 1511/1511 1512/1512
f 1513/1513 1514/1514 1515/1515
f 1516/1516 1517/1517 1518/1518
f 1519/1519 1520/1520 1521/1521
f 1522/1522 1523/1523 1524/1524
f 1525/1525 1526/1526 1527/1527
f 1528/1528 1529/1529 1530/1530
f 1531/1531 1532/1532 1533/1533
f 1534/1534 1535/1535 1536/1536
f 1537/1537 1538/1538 1539/1539
f 1540/1540 1541/1541 1542/1542
f 1543/1543 1544/1544 1545/1545
f 1546/1546 1547/1547 1548/1548
f 1549/1549 1550/1550 1551/1551
f 1552/1552 1553/1553 1554/1554
f 1555/1555 1556/1556 1557/1557
f 1558/1558 1559/1559 1560/1560
f 1561/1561 1562/1562 1563/1563
f 1564/1564 1565/1565 1566/1566
f 1567/1567 1568/1568 1569/1569
f 1570/1570 1571/1571 1572/1572
f 1573/1573 1574/1574 1575/1575
f 1576/1576 1577/1577 1578/1578
f 1579/1579 1580/1580 1581/1581
f 1582/1582 1583/1583 1584/1584
f 1585/1585 1586/1586 1587/1587
f 1588/1588 1589/1589 1590/1590
f 1591/1591 1592/1592 1593/1593
f 1594/1594 1595/1595 1596/1596
f 1597/1597 1598/1598 1599/1599
f 1600/1600 1601/1601 1602/1602
f 1603/1603 1604/1604 1605/1605
f 1606/1606 1607/1607 1608/1608
f 1609/1609 1610/1610 1611/1611
f 1612/1612 1613/1613 1614/1614
f 1615/1615 1616/1616 1617/1617
f 1618/1618 1619/1619 1620/1620
f 1621/1621 1622/1622 1623/1623
f 1624/1624 1625/1625 1626/1626
f 1627/1627 1628/1628 1629/1629
f 1630/1630 1631/1631 1632/1632
f 1633/1633 1634/1634 1635/1635
f 1636/1636 1637/1637 1638/1638
f 1639/1639 1640/1640 1641/1641
f 1642/1642 1643/1643 1644/1644
f 1645/1645 1646/1646 1647/1647
f 1648/1648 1649/1649 1650/1650
f 1651/1651 1652/1652 1653/1653
f 1654/1654 1655/1655 1656/1656
f 1657/1657 1658/1658 1659/1659
f 1660/1660 1661/1661 1662/1662
f 1663/1663 1664/1664 1665/1665
f 1666/1666 1667/1667 1668/1668
f 1669/1669 1670/1670 1671/1671
f 1672/1672 1673/1673 1674/1674
f 1675/1675 1676/1676 1677/1677
f 1678/1678 1679/1679 1680/1680
f 1681/1681 1682/1682 1683/1683
f 1684/1684 1685/1685 1686/1686
f 1687/1687 1688/1688 1689/1689
f 1690/1690 1691/1691 1692/1692
f 1693/1693 1694/1694 1695/1695
f 1696/1696 1697/1697 1698/1698
f 1699/1699 1700/1700 1701/1701
f 1702/1702 1703/1703 1704/1704
f 1705/1705 1706/1706 1707/1707
f 1708/1708 1709/1709 1710/1710
f 1711/1711 1712/1712 1713/1713
f 1714/1714 1715/1715 1716/1716
f 1717/1717 1718/1718 1719/1719
f 1720/1720 1721/1721 1722/1722
f 1723/1723 1724/1724 1725/1725
f 1726/1726 1727/1727 1728/1728
f 1729/1729 1730/1730 1731/1731
f 1732/1732 1733/1733 1734/1734
f 1735/1735 1736/1736 1737/1737
f 1738/1738 1739/1739 1740/1740
f 1741/1741 1742/1742 1743/1743
f 1744/1744 1745/1745 1746/1746
f 1747/1747 1748/1748 1749/1749
f 1750/1750 1751/1751 1752/1752
f 1753/1753 1754/1754 1755/1755
f 1756/1756 1757/1757 1758/1758
f 1759/1759 1760/1760 1761/1761
f 1762/1762 1763/1763 1764/1764
f 1765/1765 1766/1766 1767/1767
f 1768/1768 1769/1769 1770/1770
f 1771/1771 1772/1772 1773/1773
f 1774/1774 1775/1775 1776/1776
f 1777/1777 1778/1778 1779/1779
f 1780/1780 1781/1781 1782/1782
f 1783/1783 1784/1784 1785/1785
f 1786/1786 1787/1787 1788/1788
f 1789/1789 1790/1790 1791/1791
f 1792/1792 1793/1793 1794/1794
f 1795/1795 1796/1796 1797/1797
f 1798/1798 1799/1799 1800/1800
f 1801/1801 1802/1802 1803/1803
f 1804/1804 1805/1805 1806/1806
f 1807/1807 1808/1808 1809/1809
f 1810/1810 1811/1811 1812/1812
f 1813/1813 1814/1814 1815/1815
f 1816/1816 1817/1817 1818/1818
f 1819/1819 1820/1820 1821/1821
f 1822/1822 1823/1823 1824/1824
f 1825/1825 1826/1826 1827/1827
f 1828/1828 1829/1829 1830/1830
f 1831/1831 1832/1832 1833/1833
f 1834/1834 1835/1835 1836/1836
f 1837/1837 1838/1838 1839/1839
f 1840/1840 1841/1841 1842/1842
f 1843/1843 1844/1844 1845/1845
f 1846/1846 1847/1847 1848/1848
f 1849/1849 1850/1850 1851/1851
f 1852/1852 1853/1853 1854/1854
f 1855/1855 1856/1856 1857/1857
f 1858/1858 1859/1859 1860/1860
f 1861/1861 1862/1862 1863/1863
f 1864/1864 1865/1865 1866/1866
f 1867/1867 1868/1868 1869/1869
f 1870/1870 1871/1871 1872/1872
f 1873/1873 1874/1874 1875/1875
f 1876/1876 1877/1877 1878/1878
f 1879/1879 1880/1880 1881/1881
f 1882/1882 1883/1883 1884/1884
f 1885/1885 1886/1886 1887/1887
f 1888/1888 1889/1889 1890/1890
f 1891/1891 1892/1892 1893/1893
f 1894/1894 1895/1895 1896/1896
f 1897/1897 1898/1898 1899/1899
f 1900/1900 1901/1901 1902/1902
f 1903/1903 1904/1904 1905/1905
f 1906/1906 1907/1907 1908/1908
f 1909/1909 1910/1910 1911/1911
f 1912/1912 1913/1913 1914/1914
f 1915/1915 1916/1916 1917/1917
f 1918/1918 1919/1919 1920/1920
f 1921/1921 1922/1922 1923/1923
f 1924/1924 1925/1925 1926/1926
f 1927/1927 1928/1928 1929/1929
f 1930/1930 1931/1931 1932/1932
f 1933/1933 1934/1934 1935/1935
f 1936/1936 1937/1937 1938/1938
f 1939/1939 1940/1940 1941/1941
f 1942/1942 1943/1943 1944/1944
f 1945/1945 1946/1946 1947/1947
f 1948/1948 1949/1949 1950/1950
f 1951/1951 1952/1952 1953/1953
f 1954/1954 1955/1955 1956/1956
f 1957/1957 1958/1958 1959/1959
f 1960/1960 1961/1961 1962/1962
f 1963/1963 1964/1964 1965/1965
f 1966/1966 1967/1967 1968/1968
f 1969/1969 1970/1970 1971/1971
f 1972/1972 1973/1973 1974/1974
f 1975/1975 1976/1976 1977/1977
f 1978/1978 1979/1979 1980/1980
f 1981/1981 1982/1982 1983/1983
f 1984/1984 1985/1985 1986/1986
f 1987/1987 1988/1988 1989/1989
f 1990/1990 1991/1991 1992/1992
f 1993/1993 1994/1994 1995/1995
f 1996/1996 1997/1997 1998/1998
f 1999/1999 2000/2000 2001/2001
f 2002/2002 2003/2003 2004/2004
f 2005/2005 2006/2006 2007/2007
f 2008/2008 2009/2009 2010/2010
f 2011/2011 2012/2012 2013/2013
f 2014/2014 2015/2015 2016/2016
f 2017/2017 2018/2018 2019/2019
f 2020/2020 2021/2021 2022/2022
f 2023/2023 2024/2024 2025/2025
f 2026/2026 2027/2027 2028/2028
f 2029/2029 2030/2030 2031/2031
f 2032/2032 2033/2033 2034/2034
f 2035/2035 2036/2036 2037/2037
f 2038/2038 2039/2039 2040/2040
f 2041/2041 2042/2042 2043/2043
f 2044/2044 2045/2045 2046/2046
f 2047/2047 2048/2048 2049/2049
f 2050/2050 2051/2051 2052/2052
f 2053/2053 2054/2054 2055/2055
f 2056/2056 2057/2057 2058/2058
f 2059/2059 2060/2060 2061/2061
f 2062/2062 2063/2063 2064/2064
f 2065/2065 2066/2066 2067/2067
f 2068/2068 2069/2069 2070/2070
f 2071/2071 2072/2072 2073/2073
f 2074/2074 2075/2075 2076/2076
f 2077/2077 2078/2078 2079/2079
f 2080/2080 2081/2081 2082/2082
f 2083/2083 2084/2084 2085/2085
f 2086/2086 2087/2087 2088/2088
f 2089/2089 2090/2090 2091/2091
f 2092/2092 2093/2093 2094/2094
f 2095/2095 2096/2096 2097/2097
f 2098/2098 2099/2099 2100/2100
f 2101/2101 2102/2102 2103/2103
f 2104/2104 2105/2105 2106/2106
f 2107/2107 2108/2108 2109/2109
f 2110/2110 2111/2111 2112/2112
f 2113/2113 2114/2114 2115/2115
f 2116/2116 2117/2117 2118/2118
f 2119/2119 2120/2120 2121/2121
f 2122/2122 2123/2123 2124/2124
f 2125/2125 2126/2126 2127/2127
f 2128/2128 2129/2129 2130/2130
f 2131/2131 2132/2132 2133/2133
f 2134/2134 2135/2135 2136/2136
f 2137/2137 2138/2138 2139/2139
f 2140/2140 2141/2141 2142/2142
f 2143/2143 2144/2144 2145/2145
f 2146/2146 2147/2147 2148/2148
f 2149/2149 2150/2150 2151/2151
f 2152/2152 2153/2153 2154/2154
f 2155/2155 2156/2156 2157/2157
f 2158/2158 2159/2159 2160/2160
f 2161/2161 2162/2162 2163/2163
f 2164/2164 2165/2165 2166/2166
f 2167/2167 2168/2168 2169/2169
f 2170/2170 2171/2171 2172/2172
f 2173/2173 2174/2174 2175/2175
f 2176/2176 2177/2177 2178/2178
f 2179/2179 2180/2180 2181/2181
f 2182/2182 2183/2183 2184/2184
f 2185/2185 2186/2186 2187/2187
f 2188/2188 2189/2189 2190/2190
f 2191/2191 2192/2192 2193/2193
f 2194/2194 2195/2195 2196/2196
f 2197/2197 2198/2198 2199/2199
f 2200/2200 2201/2201 2202/2202
f 2203/2203 2204/2204 2205/2205
f 2206/2206 2207/2207 2208/2208
f 2209/2209 2210/2210 2211/2211
f 2212/2212 2213/2213 2214/2214
f 2215/2215 2216/2216 2217/2217
f 2218/2218 2219/2219 2220/2220
f 2221/2221 2222/2222 2223/2223
f 2224/2224 2225/2225 2226/2226
f 2227/2227 2228/2228 2229/2229
f 2230/2230 2231/2231 2232/2232
f 2233/2233 2234/2234 2235/2235
f 2236/2236 2237/2237 2238/2238
f 2239/2239 2240/2240 2241/2241
f 2242/2242 2243/2243 2244/2244
f 2245/2245 2246/2246 2247/2247
f 2248/2248 2249/2249 2250/2250
f 2251/2251 2252/2252 2253/2253
f 2254/2254 2255/2255 2256/2256
f 2257/2257 2258/2258 2259/2259
f 2260/2260 2261/2261 2262/2262
f 2263/2263 2264/2264 2265/2265
f 2266/2266 2267/2267 2268/2268
f 2269/2269 2270/2270 2271/2271
f 2272/2272 2273/2273 2274/2274
f 2275/2275 2276/2276 2277/2277
f 2278/2278 2279/2279 2280/2280
f 2281/2281 2282/2282 2283/2283
f 2284/2284 2285/2285 2286/2286
f 2287/2287 2288/2288 2289/2289
f 2290/2290 2291/2291 2292/2292
f 2293/2293 2294/2294 2295/2295
f 2296/2296 2297/2297 2298/2298
f 2299/2299 2300/2300 2301/2301
f 2302/2302 2303/2303 2304/2304
f 2305/2305 2306/2306 2307/2307
f 2308/2308 2309/2309 2310/2310
f 2311/2311 2312/2312 2313/2313
f 2314/2314 2315/2315 2316/2316
f 2317/2317 2318/2318 2319/2319
f 2320/2320 2321/2321 2322/2322
f 2323/2323 2324/2324 2325/2325
f 2326/2326 2327/2327 2328/2328
f 2329/2329 2330/2330 2331/2331
f 2332/2332 2333/2333 2334/2334
f 2335/2335 2336/2336 2337/2337
f 2338/2338 2339/2339 2340/2340
f 2341/2341 2342/2342 2343/2343
f 2344/2344 2345/2345 2346/2346
f 2347/2347 2348/2348 2349/2349
f 2350/2350 2351/2351 2352/2352
f 2353/2353 2354/2354 2355/2355
f 2356/2356 2357/2357 2358/2358
f 2359/2359 2360/2360 2361/2361
f 2362/2362 2363/2363 2364/2364
f 2365/2365 2366/2366 2367/2367
f 2368/2368 2369/2369 2370/2370
f 2371/2371 2372/2372 2373/2373
f 2374/2374 2375/2375 2376/2376
f 2377/2377 2378/2378 2379/2379
f 2380/2380 2381/2381 2382/2382
f 2383/2383 2384/2384 2385/2385
f 2386/2386 2387/2387 2388/2388
f 2389/2389 2390/2390 2391/2391
f 2392/2392 2393/2393 2394/2394
f 2395/2395 2396/2396 2397/2397
f 2398/2398 2399/2399 2400/2400
f 2401/2401 2402/2402 2403/2403
f 2404/2404 2405/2405 2406/2406
f 2407/2407 2408/2408 2409/2409
f 2410/2410 2411/2411 2412/2412
f 2413/2413 2414/2414 2415/2415
f 2416/2416 2417/2417 2418/2418
f 2419/2419 2420/2420 2421/2421
f 2422/2422 2423/2423 2424/2424
f 2425/2425 2426/2426 2427/2427
f 2428/2428 2429/2429 2430/2430
f 2431/2431 2432/2432 2433/2433
f 2434/2434 2435/2435 2436/2436
f 2437/2437 2438/2438 2439/2439
f 2440/2440 2441/2441 2442/2442
f 2443/2443 2444/2444 2445/2445
f 2446/2446 2447/2447 2448/2448
f 2449/2449 2450/2450 2451/2451
f 2452/2452 2453/2453 2454/2454
f 2455/2455 2456/2456 2457/2457
f 2458/2458 2459/2459 2460/2460
f 2461/2461 2462/2462 2463/2463
f 2464/2464 2465/2465 2466/2466
f 2467/2467 2468/2468 2469/2469
f 2470/2470 2471/2471 2472/2472
f 2473/2473 2474/2474 2475/2475
f 2476/2476 2477/2477 2478/2478
f 2479/2479 2480/2480 2481/2481
f 2482/2482 2483/2483 2484/2484
f 2485/2485 2486/2486 2487/2487
f 2488/2488 2489/2489 2490/2490
f 2491/2491 2492/2492 2493/2493
f 2494/2494 2495/2495 2496/2496
f 2497/2497 2498/2498 2499/2499
f 2500/2500 2501/2501 2502/2502
f 2503/2503 2504/2504 2505/2505
f 2506/2506 2507/2507 2508/2508
f 2509/2509 2510/2510 2511/2511
f 2512/2512 2513/2513 2514/2514
f 2515/2515 2516/2516 2517/2517
f 2518/2518 2519/2519 2520/2520
f 2521/2521 2522/2522 2523/2523
f 2524/2524 2525/2525 2526/2526
f 2527/2527 2528/2528 2529/2529
f 2530/2530 2531/2531 2532/2532
f 2533/2533 2534/2534 2535/2535
f 2536/2536 2537/2537 2538/2538
f 2539/2539 2540/2540 2541/2541
f 2542/2542 2543/2543 2544/2544
f 2545/2545 2546/2546 2547/2547
f 2548/2548 2549/2549 2550/2550
f 2551/2551 2552/2552 2553/2553
f 2554/2554 2555/2555 2556/2556
f 2557/2557 2558/2558 2559/2559
f 2560/2560 2561/2561 2562/2562
f 2563/2563 2564/2564 2565/2565
f 2566/2566 2567/2567 2568/2568
f 2569/2569 2570/2570 2571/2571
f 2572/2572 2573/2573 2574/2574
f 2575/2575 2576/2576 2577/2577
f 2578/2578 2579/2579 2580/2580
f 2581/2581 2582/2582 2583/2583
f 2584/2584 2585/2585 2586/2586
f 2587/2587 2588/2588 2589/2589
f 2590/2590 2591/2591 2592/2592
f 2593/2593 2594/2594 2595/2595
f 2596/2596 2597/2597 2598/2598
f 2599/2599 2600/2600 2601/2601
f 2602/2602 2603/2603 2604/2604
f 2605/2605 2606/2606 2607/2607
f 2608/2608 2609/2609 2610/2610
f 2611/2611 2612/2612 2613/2613
f 2614/2614 2615/2615 2616/2616
f 2617/2617 2618/2618 2619/2619
f 2620/2620 2621/2621 2622/2622
f 2623/2623 2624/2624 2625/2625
f 2626/2626 2627/2627 2628/2628
f 2629/2629 2630/2630 2631/2631
f 2632/2632 2633/2633 2634/2634
f 2635/2635 2636/2636 2637/2637
f 2638/2638 2639/2639 2640/2640
f 2641/2641 2642/2642 2643/2643
f 2644/2644 2645/2645 2646/2646
f 2647/2647 2648/2648 2649/2649
f 2650/2650 2651/2651 2652/2652
f 2653/2653 2654/2654 2655/2655
f 2656/2656 2657/2657 2658/2658
f 2659/2659 2660/2660 2661/2661
f 2662/2662 2663/2663 2664/2664
f 2665/2665 2666/2666 2667/2667
f 2668/2668 2669/2669 2670/2670
f 2671/2671 2672/2672 2673/2673
f 2674/2674 2675/2675 2676/2676
f 2677/2677 2678/2678 2679/2679
f 2680/2680 2681/2681 2682/2682
f 2683/2683 2684/2684 2685/2685
f 2686/2686 2687/2687 2688/2688
f 2689/2689 2690/2690 2691/2691
f 2692/2692 2693/2693 2694/2694
f 2695/2695 2696/2696 2697/2697
f 2698/2698 2699/2699 2700/2700
f 2701/2701 2702/2702 2703/2703
f 2704/2704 2705/2705 2706/2706
f 2707/2707 2708/2708 2709/2709
f 2710/2710 2711/2711 2712/2712
f 2713/2713 2714/2714 2715/2715
f 2716/2716 2717/2717 2718/2718
f 2719/2719 2720/2720 2721/2721
f 2722/2722 2723/2723 2724/2724
f 2725/2725 2726/2726 2727/2727
f 2728/2728 2729/2729 2730/2730
f 2731/2731 2732/2732 2733/2733
f 2734/2734 2735/2735 2736/2736
f 2737/2737 2738/2738 2739/2739
f 2740/2740 2741/2741 2742/2742
f 2743/2743 2744/2744 2745/2745
f 2746/2746 2747/2747 2748/2748
f 2749/2749 2750/2750 2751/2751
f 2752/2752 2753/2753 2754/2754
f 2755/2755 2756/2756 2757/2757
f 2758/2758 2759/2759 2760/2760
f 2761/2761 2762/2762 2763/2763
f 2764/2764 2765/2765 2766/2766
f 2767/2767 2768/2768 2769/2769
f 2770/2770 2771/2771 2772/2772
f 2773/2773 2774/2774 2775/2775
f 2776/2776 2777/2777 2778/2778
f 2779/2779 2780/2780 2781/2781
f 2782/2782 2783/2783 2784/2784
f 2785/2785 2786/2786 2787/2787
f 2788/2788 2789/2789 2790/2790
f 2791/2791 2792/2792 2793/2793
f 2794/2794 2795/2795 2796/2796
f 2797/2797 2798/2798 2799/2799
f 2800/2800 2801/2801 2802/2802
f 2803/2803 2804/2804 2805/2805
f 2806/2806 2807/2807 2808/2808
f 2809/2809 2810/2810 2811/2811
f 2812/2812 2813/2813 2814/2814
f 2815/2815 2816/2816 2817/2817
f 2818/2818 2819/2819 2820/2820
f 2821/2821 2822/2822 2823/2823
f 2824/2824 2825/2825 2826/2826
f 2827/2827 2828/2828 2829/2829
f 2830/2830 2831/2831 2832/2832
f 2833/2833 2834/2834 2835/2835
f 2836/2836 2837/2837 2838/2838
f 2839/2839 2840/2840 2841/2841
f 2842/2842 2843/2843 2844/2844
f 2845/2845 2846/2846 2847/2847
f 2848/2848 2849/2849 2850/2850
f 2851/2851 2852/2852 2853/2853
f 2854/2854 2855/2855 2856/2856
f 2857/2857 2858/2858 2859/2859
f 2860/2860 2861/2861 2862/2862
f 2863/2863 2864/2864 2865/2865
f 2866/2866 2867/2867 2868/2868
f 2869/2869 2870/2870 2871/2871
f 2872/2872 2873/2873 2874/2874
f 2875/2875 2876/2876 2877/2877
f 2878/2878 2879/2879 2880/2880
f 2881/2881 2882/2882 2883/2883
f 2884/2884 2885/2885 2886/2886
f 2887/2887 2888/2888 2889/2889
f 2890/2890 2891/2891 2892/2892
f 2893/2893 2894/2894 2895/2895
f 2896/2896 2897/2897 2898/2898
f 2899/2899 2900/2900 2901/2901
f 2902/2902 2903/2903 2904/2904
f 2905/2905 2906/2906 2907/2907
f 2908/2908 2909/2909 2910/2910
f 2911/2911 2912/2912 2913/2913
f 2914/2914 2915/2915 2916/2916
f 2917/2917 2918/2918 2919/2919
f 2920/2920 2921/2921 2922/2922
f 2923/2923 2924/2924 2925/2925
f 2926/2926 2927/2927 2928/2928
f 2929/2929 2930/2930 2931/2931
f 2932/2932 2933/2933 2934/2934
f 2935/2935 2936/2936 2937/2937
f 2938/2938 2939/2939 2940/2940
f 2941/2941 2942/2942 2943/2943
f 2944/2944 2945/2945 2946/2946
f 2947/2947 2948/2948 2949/2949
f 2950/2950 2951/2951 2952/2952
f 2953/2953 2954/2954 2955/2955
f 2956/2956 2957/2957 2958/2958
f 2959/2959 2960/2960 2961/2961
f 2962/2962 2963/2963 2964/2964
f 2965/2965 2966/2966 2967/2967
f 2968/2968 2969/2969 2970/2970
f 2971/2971 2972/2972 2973/2973
f 2974/2974 2975/2975 2976/2976
f 2977/2977 2978/2978 2979/2979
f 2980/2980 2981/2981 2982/2982
f 2983/2983 2984/2984 2985/2985
f 2986/2986 2987/2987 2988/2988
f 2989/2989 2990/2990 2991/2991
f 2992/2992 2993/2993 2994/2994
f 2995/2995 2996/2996 2997/2997
f 2998/2998 2999/2999 3000/3000
f 3001/3001 3002/3002 3003/3003
f 3004/3004 3005/3005 3006/3006
f 3007/3007 3008/3008 3009/3009
f 3010/3010 3011/3011 3012/3012
f 3013/3013 3014/3014 3015/3015
f 3016/3016 3017/3017 3018/3018
f 3019/3019 3020/3020 3021/3021
f 3022/3022 3023/3023 3024/3024
f 3025/3025 3026/3026 3027/3027
f 3028/3028 3029/3029 3030/3030
f 3031/3031 3032/3032 3033/3033
f 3034/3034 3035/3035 3036/3036
f 3037/3037 3038/3038 3039/3039
f 3040/3040 3041/3041 3042/3042
f 3043/3043 3044/3044 3045/3045
f 3046/3046 3047/3047 3048/3048
f 3049/3049 3050/3050 3051/3051
f 3052/3052 3053/3053 3054/3054
f 3055/3055 3056/3056 3057/3057
f 3058/3058 3059/3059 3060/3060
f 3061/3061 3062/3062 3063/3063
f 3064/3064 3065/3065 3066/3066
f 3067/3067 3068/3068 3069/3069
f 3070/3070 3071/3071 3072/3072
f 3073/3073 3074/3074 3075/3075
f 3076/3076 3077/3077 3078/3078
f 3079/3079 3080/3080 3081/3081
f 3082/3082 3083/3083 3084/3084
f 3085/3085 3086/3086 3087/3087
f 3088/3088 3089/3089 3090/3090
f 3091/3091 3092/3092 3093/3093
f 3094/3094 3095/3095 3096/3096
f 3097/3097 3098/3098 3099/3099
f 3100/3100 3101/3101 3102/3102
f 3103/3103 3104/3104 3105/3105
f 3106/3106 3107/3107 3108/3108
f 3109/3109 3110/3110 3111/3111
f 3112/3112 3113/3113 3114/3114
f 3115/3115 3116/3116 3117/3117
f 3118/3118 3119/3119 3120/3120
f 3121/3121 3122/3122 3123/3123
f 3124/3124 3125/3125 3126/3126
f 3127/3127 3128/3128 3129/3129
f 3130/3130 3131/3131 3132/3132
f 3133/3133 3134/3134 3135/3135
f 3136/3136 3137/3137 3138/3138
f 3139/3139 3140/3140 3141/3141
f 3142/3142 3143/3143 3144/3144
f 3145/3145 3146/3146 3147/3147
f 3148/3148 3149/3149 3150/3150
f 3151/3151 3152/3152 3153/3153
f 3154/3154 3155/3155 3156/3156
f 3157/3157 3158/3158 3159/3159
f 3160/3160 3161/3161 3162/3162
f 3163/3163 3164/3164 3165/3165
f 3166/3166 3167/3167 3168/3168
f 3169/3169 3170/3170 3171/3171
f 3172/3172 3173/3173 3174/3174
f 3175/3175 3176/3176 3177/3177
f 3178/3178 3179/3179 3180/3180
f 3181/3181 3182/3182 3183/3183
f 3184/3184 3185/3185 3186/3186
f 3187/3187 3188/3188 3189/3189
f 3190/3190 3191/3191 3192/3192
f 3193/3193 3194/3194 3195/3195
f 3196/3196 3197/3197 3198/3198
f 3199/3199 3200/3200 3201/3201
f 3202/3202 3203/3203 3204/3204
f 3205/3205 3206/3206 3207/3207
f 3208/3208 3209/3209 3210/3210
f 3211/3211 3212/3212 3213/3213
f 3214/3214 3215/3215 3216/3216
f 3217/3217 3218/3218 3219/3219
f 3220/3220 3221/3221 3222/3222
f 3223/3223 3224/3224 3225/3225
f 3226/3226 3227/3227 3228/3228
f 3229/3229 3230/3230 3231/3231
f 3232/3232 3233/3233 3234/3234
f 3235/3235 3236/3236 3237/3237
f 3238/3238 3239/3239 3240/3240
f 3241/3241 3242/3242 3243/3243
f 3244/3244 3245/3245 3246/3246
f 3247/3247 3248/3248 3249/3249
f 3250/3250 3251/3251 3252/3252
f 3253/3253 3254/3254 3255/3255
f 3256/3256 3257/3257 3258/3258
f 3259/3259 3260/3260 3261/3261
f 3262/3262 3263/3263 3264/3264
f 3265/3265 3266/3266 3267/3267
f 3268/3268 3269/3269 3270/3270
f 3271/3271 3272/3272 3273/3273
f 3274/3274 3275/3275 3276/3276
f 3277/3277 3278/3278 3279/3279
f 3280/3280 3281/3281 3282/3282
f 3283/3283 3284/3284 3285/3285
f 3286/3286 3287/3287 3288/3288
f 3289/3289 3290/3290 3291/3291
f 3292/3292 3293/3293 3294/3294
f 3295/3295 3296/3296 3297/3297
f 3298/3298 3299/3299 3300/3300
f 3301/3301 3302/3302 3303/3303
f 3304/3304 3305/3305 3306/3306
f 3307/3307 3308/3308 3309/3309
f 3310/3310 3311/3311 3312/3312
f 3313/3313 3314/3314 3315/3315
f 3316/3316 3317/3317 3318/3318
f 3319/3319 3320/3320 3321/3321
f 3322/3322 3323/3323 3324/3324
f 3325/3325 3326/3326 3327/3327
f 3328/3328 3329/3329 3330/3330
f 3331/3331 3332/3332 3333/3333
f 3334/3334 3335/3335 3336/3336
f 3337/3337 3338/3338 3339/3339
f 3340/3340 3341/3341 3342/3342
f 3343/3343 3344/3344 3345/3345
f 3346/3346 3347/3347 3348/3348
f 3349/3349 3350/3350 3351/3351
f 3352/3352 3353/3353 3354/3354
f 3355/3355 3356/3356 3357/3357
f 3358/3358 3359/3359 3360/3360
f 3361/3361 3362/3362 3363/3363
f 3364/3364 3365/3365 3366/3366
f 3367/3367 3368/3368 3369/3369
f 3370/3370 3371/3371 3372/3372
f 3373/3373 3374/3374 3375/3375
f 3376/3376 3377/3377 3378/3378
f 3379/3379 3380/3380 3381/3381
f 3382/3382 3383/3383 3384/3384
f 3385/3385 3386/3386 3387/3387
f 3388/3388 3389/3389 3390/3390
f 3391/3391 3392/3392 3393/3393
f 3394/3394 3395/3395 3396/3396
f 3397/3397 3398/3398 3399/3399
f 3400/3400 3401/3401 3402/3402
f 3403/3403 3404/3404 3405/3405
f 3406/3406 3407/3407 3408/3408
f 3409/3409 3410/3410 3411/3411
f 3412/3412 3413/3413 3414/3414
f 3415/3415 3416/3416 3417/3417
f 3418/3418 3419/3419 3420/3420
f 3421/3421 3422/3422 3423/3423
f 3424/3424 3425/3425 3426/3426
f 3427/3427 3428/3428 3429/3429
f 3430/3430 3431/3431 3432/3432
f 3433/3433 3434/3434 3435/3435
f 3436/3436 3437/3437 3438/3438
f 3439/3439 3440/3440 3441/3441
f 3442/3442 3443/3443 3444/3444
f 3445/3445 3446/3446 3447/3447
f 3448/3448 3449/3449 3450/3450
f 3451/3451 3452/3452 3453/3453
f 3454/3454 3455/3455 3456/3456
f 3457/3457 3458/3458 3459/3459
f 3460/3460 3461/3461 3462/3462
f 3463/3463 3464/3464 3465/3465
f 3466/3466 3467/3467 3468/3468
f 3469/3469 3470/3470 3471/3471
f 3472/3472 3473/3473 3474/3474
f 3475/3475 3476/3476 3477/3477
f 3478/3478 3479/3479 3480/3480
f 3481/3481 3482/3482 3483/3483
f 3484/3484 3485/3485 3486/3486
f 3487/3487 3488/3488 3489/3489
f 3490/3490 3491/3491 3492/3492
f 3493/3493 3494/3494 3495/3495
f 3496/3496 3497/3497 3498/3498
f 3499/3499 3500/3500 3501/3501
f 3502/3502 3503/3503 3504/3504
f 3505/3505 3506/3506 3507/3507
f 3508/3508 3509/3509 3510/3510
f 3511/3511 3512/3512 3513/3513
f 3514/3514 3515/3515 3516/3516
f 3517/3517 3518/3518 3519/3519
f 3520/3520 3521/3521 3522/3522
f 3523/3523 3524/3524 3525/3525
f 3526/3526 3527/3527 3528/3528
f 3529/3529 3530/3530 3531/3531
f 3532/3532 3533/3533 3534/3534
f 3535/3535 3536/3536 3537/3537
f 3538/3538 3539/3539 3540/3540
f 3541/3541 3542/3542 3543/3543
f 3544/3544 3545/3545 3546/3546
f 3547/3547 3548/3548 3549/3549
f 3550/3550 3551/3551 3552/3552
f 3553/3553 3554/3554 3555/3555
f 3556/3556 3557/3557 3558/3558
f 3559/3559 3560/3560 3561/3561
f 3562/3562 3563/3563 3564/3564
f 3565/3565 3566/3566 3567/3567
f 3568/3568 3569/3569 3570/3570
f 3571/3571 3572/3572 3573/3573
f 3574/3574 3575/3575 3576/3576
f 3577/3577 3578/3578 3579/3579
f 3580/3580 3581/3581 3582/3582
f 3583/3583 3584/3584 3585/3585
f 3586/3586 3587/3587 3588/3588
f 3589/3589 3590/3590 3591/3591
f 3592/3592 3593/3593 3594/3594
f 3595/3595 3596/3596 3597/3597
f 3598/3598 3599/3599 3600/3600
f 3601/3601 3602/3602 3603/3603
f 3604/3604 3605/3605 3606/3606
f 3607/3607 3608/3608 3609/3609
f 3610/3610 3611/3611 3612/3612
f 3613/3613 3614/3614 3615/3615
f 3616/3616 3617/3617 3618/3618
f 3619/3619 3620/3620 3621/3621
f 3622/3622 3623/3623 3624/3624
f 3625/3625 3626/3626 3627/3627
f 3628/3628 3629/3629 3630/3630
f 3631/3631 3632/3632 3633/3633
f 3634/3634 3635/3635 3636/3636
f 3637/3637 3638/3638 3639/3639
f 3640/3640 3641/3641 3642/3642
f 3643/3643 3644/3644 3645/3645
f 3646/3646 3647/3647 3648/3648
f 3649/3649 3650/3650 3651/3651
f 3652/3652 3653/3653 3654/3654
f 3655/3655 3656/3656 3657/3657
f 3658/3658 3659/3659 3660/3660
f 3661/3661 3662/3662 3663/3663
f 3664/3664 3665/3665 3666/3666
f 3667/3667 3668/3668 3669/3669
f 3670/3670 3671/3671 3672/3672
f 3673/3673 3674/3674 3675/3675
f 3676/3676 3677/3677 3678/3678
f 3679/3679 3680/3680 3681/3681
f 3682/3682 3683/3683 3684/3684
f 3685/3685 3686/3686 3687/3687
f 3688/3688 3689/3689 3690/3690
f 3691/3691 3692/3692 3693/3693
f 3694/3694 3695/3695 3696/3696
f 3697/3697 3698/3698 3699/3699
f 3700/3700 3701/3701 3702/3702
f 3703/3703 3704/3704 3705/3705
f 3706/3706 3707/3707 3708/3708
f 3709/3709 3710/3710 3711/3711
f 3712/3712 3713/3713 3714/3714
f 3715/3715 3716/3716 3717/3717
f 3718/3718 3719/3719 3720/3720
f 3721/3721 3722/3722 3723/3723
f 3724/3724 3725/3725 3726/3726
f 3727/3727 3728/3728 3729/3729
f 3730/3730 3731/3731 3732/3732
f 3733/3733 3734/3734 3735/3735
f 3736/3736 3737/3737 3738/3738
f 3739/3739 3740/3740 3741/3741
f 3742/3742 3743/3743 3744/3744
f 3745/3745 3746/3746 3747/3747
f 3748/3748 3749/3749 3750/3750
f 3751/3751 3752/3752 3753/3753
f 3754/3754 3755/3755 3756/3756
f 3757/3757 3758/3758 3759/3759
f 3760/3760 3761/3761 3762/3762
f 3763/3763 3764/3764 3765/3765
f 3766/3766 3767/3767 3768/3768
f 3769/3769 3770/3770 3771/3771
f 3772/3772 3773/3773 3774/3774
f 3775/3775 3776/3776 3777/3777
f 3778/3778 3779/3779 3780/3780
f 3781/3781 3782/3782 3783/3783
f 3784/3784 3785/3785 3786/3786
f 3787/3787 3788/3788 3789/3789
f 3790/3790 3791/3791 3792/3792
f 3793/3793 3794/3794 3795/3795
f 3796/3796 3797/3797 3798/3798
f 3799/3799 3800/3800 3801/3801
f 3802/3802 3803/3803 3804/3804
f 3805/3805 3806/3806 3807/3807
f 3808/3808 3809/3809 3810/3810
f 3811/3811 3812/3812 3813/3813
f 3814/3814 3815/3815 3816/3816
f 3817/3817 3818/3818 3819/3819
f 3820/3820 3821/3821 3822/3822
f 3823/3823 3824/3824 3825/3825
f 3826/3826 3827/3827 3828/3828
f 3829/3829 3830/3830 3831/3831
f 3832/3832 3833/3833 3834/3834
f 3835/3835 3836/3836 3837/3837
f 3838/3838 3839/3839 3840/3840
f 3841/3841 3842/3842 3843/3843
f 3844/3844 3845/3845 3846/3846
f 3847/3847 3848/3848 3849/3849
f 3850/3850 3851/3851 3852/3852
f 3853/3853 3854/3854 3855/3855
f 3856/3856 3857/3857 3858/3858
f 3859/3859 3860/3860 3861/3861
f 3862/3862 3863/3863 3864/3864
f 3865/3865 3866/3866 3867/3867
f 3868/3868 3869/3869 3870/3870
f 3871/3871 3872/3872 3873/3873
f 3874/3874 3875/3875 3876/3876
f 3877/3877 3878/3878 3879/3879
f 3880/3880 3881/3881 3882/3882
f 3883/3883 3884/3884 3885/3885
f 3886/3886 3887/3887 3888/3888
f 3889/3889 3890/3890 3891/3891
f 3892/3892 3893/3893 3894/3894
f 3895/3895 3896/3896 3897/3897
f 3898/3898 3899/3899 3900/3900
f 3901/3901 3902/3902 3903/3903
f 3904/3904 3905/3905 3906/3906
f 3907/3907 3908/3908 3909/3909
f 3910/3910 3911/3911 3912/3912
f 3913/3913 3914/3914 3915/3915
f 3916/3916 3917/3917 3918/3918
f 3919/3919 3920/3920 3921/3921
f 3922/3922 3923/3923 3924/3924
f 3925/3925 3926/3926 3927/3927
f 3928/3928 3929/3929 3930/3930
f 3931/3931 3932/3932 3933/3933
f 3934/3934 3935/3935 3936/3936
f 3937/3937 3938/3938 3939/3939
f 3940/3940 3941/3941 3942/3942
f 3943/3943 3944/3944 3945/3945
f 3946/3946 3947/3947 3948/3948
f 3949/3949 3950/3950 3951/3951
f 3952/3952 3953/3953 3954/3954
f 3955/3955 3956/3956 3957/3957
f 3958/3958 3959/3959 3960/3960
