# Generated by TyraX. Do not edit - rebaked from the procedural graph of 'pines'.
# 50 instances of res/models/pine.obj
mtllib props.mtl
v 52.4306 31.4878 -30.5036
v 52.3353 32.7836 -30.4744
v 52.0713 32.7671 -30.6042
v 52.4306 31.4878 -30.5036
v 51.9423 32.7517 -30.3398
v 52.3353 32.7836 -30.4744
v 51.9423 32.7517 -30.3398
v 52.4306 31.4878 -30.5036
v 52.0713 32.7671 -30.6042
v 52.3353 32.7836 -30.4744
v 51.9423 32.7517 -30.3398
v 52.0713 32.7671 -30.6042
v -11.4115 32.5057 13.8104
v -11.4040 34.2779 13.9217
v -11.6985 34.2620 14.1956
v -11.4115 32.5057 13.8104
v -11.4242 34.2424 14.4894
v -11.4040 34.2779 13.9217
v -11.4242 34.2424 14.4894
v -11.4115 32.5057 13.8104
v -11.6985 34.2620 14.1956
v -11.4040 34.2779 13.9217
v -11.4242 34.2424 14.4894
v -11.6985 34.2620 14.1956
v 30.6126 35.0282 72.6405
v 30.8866 37.3418 72.4948
v 31.2607 37.3210 72.8683
v 30.6126 35.0282 72.6405
v 31.6297 37.2538 72.4951
v 30.8866 37.3418 72.4948
v 31.6297 37.2538 72.4951
v 30.6126 35.0282 72.6405
v 31.2607 37.3210 72.8683
v 30.8866 37.3418 72.4948
v 31.6297 37.2538 72.4951
v 31.2607 37.3210 72.8683
v -38.0021 35.8745 63.5649
v -37.8516 38.2115 63.5946
v -38.2061 38.2293 63.9893
v -38.0021 35.8745 63.5649
v -37.8124 38.1994 64.3442
v -37.8516 38.2115 63.5946
v -37.8124 38.1994 64.3442
v -38.0021 35.8745 63.5649
v -38.2061 38.2293 63.9893
v -37.8516 38.2115 63.5946
v -37.8124 38.1994 64.3442
v -38.2061 38.2293 63.9893
v 4.7670 32.7434 -25.9265
v 5.1164 35.8207 -25.7568
v 4.6825 35.8395 -25.2040
v 4.7670 32.7434 -25.9265
v 5.2300 35.7535 -24.7714
v 5.1164 35.8207 -25.7568
v 5.2300 35.7535 -24.7714
v 4.7670 32.7434 -25.9265
v 4.6825 35.8395 -25.2040
v 5.1164 35.8207 -25.7568
v 5.2300 35.7535 -24.7714
v 4.6825 35.8395 -25.2040
v -27.9219 32.8824 -55.3494
v -27.7305 35.2378 -55.2921
v -28.0906 35.2574 -54.8958
v -27.9219 32.8824 -55.3494
v -27.6962 35.2166 -54.5355
v -27.7305 35.2378 -55.2921
v -27.6962 35.2166 -54.5355
v -27.9219 32.8824 -55.3494
v -28.0906 35.2574 -54.8958
v -27.7305 35.2378 -55.2921
v -27.6962 35.2166 -54.5355
v -28.0906 35.2574 -54.8958
v 36.5639 31.2132 -6.0492
v 36.4382 33.2332 -6.1400
v 36.7394 33.2364 -6.4866
v 36.5639 31.2132 -6.0492
v 36.3939 33.2014 -6.7871
v 36.4382 33.2332 -6.1400
v 36.3939 33.2014 -6.7871
v 36.5639 31.2132 -6.0492
v 36.7394 33.2364 -6.4866
v 36.4382 33.2332 -6.1400
v 36.3939 33.2014 -6.7871
v 36.7394 33.2364 -6.4866
v 12.2768 32.5027 -18.8851
v 12.2305 34.7271 -18.9531
v 11.7482 34.7126 -19.1008
v 12.2768 32.5027 -18.8851
v 11.6002 34.7243 -18.6186
v 12.2305 34.7271 -18.9531
v 11.6002 34.7243 -18.6186
v 12.2768 32.5027 -18.8851
v 11.7482 34.7126 -19.1008
v 12.2305 34.7271 -18.9531
v 11.6002 34.7243 -18.6186
v 11.7482 34.7126 -19.1008
v 43.1611 32.1472 -33.9843
v 43.2822 33.9435 -33.9407
v 43.3965 33.9453 -34.3326
v 43.1611 32.1472 -33.9843
v 43.0055 33.9744 -34.4464
v 43.2822 33.9435 -33.9407
v 43.0055 33.9744 -34.4464
v 43.1611 32.1472 -33.9843
v 43.3965 33.9453 -34.3326
v 43.2822 33.9435 -33.9407
v 43.0055 33.9744 -34.4464
v 43.3965 33.9453 -34.3326
v 1.3831 32.0587 10.0929
v 1.6493 34.1558 9.9611
v 1.2618 34.1872 9.6794
v 1.3831 32.0587 10.0929
v 0.9848 34.2467 10.0670
v 1.6493 34.1558 9.9611
v 0.9848 34.2467 10.0670
v 1.3831 32.0587 10.0929
v 1.2618 34.1872 9.6794
v 1.6493 34.1558 9.9611
v 0.9848 34.2467 10.0670
v 1.2618 34.1872 9.6794
v 23.0657 33.9345 60.2586
v 23.0647 35.8383 60.2893
v 23.4372 35.8420 60.0713
v 23.0657 33.9345 60.2586
v 23.2191 35.8479 59.6989
v 23.0647 35.8383 60.2893
v 23.2191 35.8479 59.6989
v 23.0657 33.9345 60.2586
v 23.4372 35.8420 60.0713
v 23.0647 35.8383 60.2893
v 23.2191 35.8479 59.6989
v 23.4372 35.8420 60.0713
v -71.5912 31.8318 -0.1608
v -71.7357 33.8739 -0.3086
v -72.1997 33.8404 -0.3175
v -71.5912 31.8318 -0.1608
v -72.2110 33.8732 0.1465
v -71.7357 33.8739 -0.3086
v -72.2110 33.8732 0.1465
v -71.5912 31.8318 -0.1608
v -72.1997 33.8404 -0.3175
v -71.7357 33.8739 -0.3086
v -72.2110 33.8732 0.1465
v -72.1997 33.8404 -0.3175
v 19.1293 31.8163 19.6041
v 19.0143 33.7856 19.6025
v 19.1242 33.7924 20.0359
v 19.1293 31.8163 19.6041
v 19.5569 33.8176 19.9257
v 19.0143 33.7856 19.6025
v 19.5569 33.8176 19.9257
v 19.1293 31.8163 19.6041
v 19.1242 33.7924 20.0359
v 19.0143 33.7856 19.6025
v 19.5569 33.8176 19.9257
v 19.1242 33.7924 20.0359
v -54.7511 31.8650 -9.4019
v -54.8914 33.7315 -9.5474
v -55.2587 33.7206 -9.3329
v -54.7511 31.8650 -9.4019
v -55.0462 33.7651 -8.9668
v -54.8914 33.7315 -9.5474
v -55.0462 33.7651 -8.9668
v -54.7511 31.8650 -9.4019
v -55.2587 33.7206 -9.3329
v -54.8914 33.7315 -9.5474
v -55.0462 33.7651 -8.9668
v -55.2587 33.7206 -9.3329
v 31.6349 32.5596 -21.6964
v 31.6234 34.0843 -21.5563
v 31.9677 34.0908 -21.5990
v 31.6349 32.5596 -21.6964
v 31.9246 34.1220 -21.9420
v 31.6234 34.0843 -21.5563
v 31.9246 34.1220 -21.9420
v 31.6349 32.5596 -21.6964
v 31.9677 34.0908 -21.5990
v 31.6234 34.0843 -21.5563
v 31.9246 34.1220 -21.9420
v 31.9677 34.0908 -21.5990
v 0.5517 32.4800 26.8219
v 0.7716 34.9926 26.6866
v 0.3363 35.0107 26.3151
v 0.5517 32.4800 26.8219
v -0.0322 35.0663 26.7497
v 0.7716 34.9926 26.6866
v -0.0322 35.0663 26.7497
v 0.5517 32.4800 26.8219
v 0.3363 35.0107 26.3151
v 0.7716 34.9926 26.6866
v -0.0322 35.0663 26.7497
v 0.3363 35.0107 26.3151
v 62.9560 30.4075 -17.1986
v 63.0369 32.4682 -17.1121
v 63.2220 32.4789 -17.5417
v 62.9560 30.4075 -17.1986
v 62.7927 32.5035 -17.7260
v 63.0369 32.4682 -17.1121
v 62.7927 32.5035 -17.7260
v 62.9560 30.4075 -17.1986
v 63.2220 32.4789 -17.5417
v 63.0369 32.4682 -17.1121
v 62.7927 32.5035 -17.7260
v 63.2220 32.4789 -17.5417
v 68.6186 31.8052 41.7049
v 68.7185 33.4974 41.7911
v 68.4378 33.5006 42.0542
v 68.6186 31.8052 41.7049
v 68.6999 33.4708 42.3343
v 68.7185 33.4974 41.7911
v 68.6999 33.4708 42.3343
v 68.6186 31.8052 41.7049
v 68.4378 33.5006 42.0542
v 68.7185 33.4974 41.7911
v 68.6999 33.4708 42.3343
v 68.4378 33.5006 42.0542
v -37.1021 31.8581 -32.3869
v -37.2204 33.9352 -32.3857
v -37.6142 33.9129 -32.6441
v -37.1021 31.8581 -32.3869
v -37.8722 33.8980 -32.2497
v -37.2204 33.9352 -32.3857
v -37.8722 33.8980 -32.2497
v -37.1021 31.8581 -32.3869
v -37.6142 33.9129 -32.6441
v -37.2204 33.9352 -32.3857
v -37.8722 33.8980 -32.2497
v -37.6142 33.9129 -32.6441
v -47.4623 32.5572 17.3269
v -47.4532 35.3673 17.3244
v -47.3252 35.3663 16.7004
v -47.4623 32.5572 17.3269
v -47.9491 35.3682 16.5724
v -47.4532 35.3673 17.3244
v -47.9491 35.3682 16.5724
v -47.4623 32.5572 17.3269
v -47.3252 35.3663 16.7004
v -47.4532 35.3673 17.3244
v -47.9491 35.3682 16.5724
v -47.3252 35.3663 16.7004
v 26.4929 31.6194 2.7056
v 26.4188 32.7546 2.7569
v 26.6729 32.7730 2.7153
v 26.4929 31.6194 2.7056
v 26.6306 32.7818 2.4608
v 26.4188 32.7546 2.7569
v 26.6306 32.7818 2.4608
v 26.4929 31.6194 2.7056
v 26.6729 32.7730 2.7153
v 26.4188 32.7546 2.7569
v 26.6306 32.7818 2.4608
v 26.6729 32.7730 2.7153
v 53.7299 31.4965 18.4385
v 53.7418 33.6809 18.4371
v 54.2214 33.6784 18.5602
v 53.7299 31.4965 18.4385
v 54.3445 33.6774 18.0806
v 53.7418 33.6809 18.4371
v 54.3445 33.6774 18.0806
v 53.7299 31.4965 18.4385
v 54.2214 33.6784 18.5602
v 53.7418 33.6809 18.4371
v 54.3445 33.6774 18.0806
v 54.2214 33.6784 18.5602
v 22.0818 32.7288 -36.5227
v 21.7795 34.6084 -36.5535
v 21.6969 34.6020 -36.1299
v 22.0818 32.7288 -36.5227
v 22.1149 34.6706 -36.0474
v 21.7795 34.6084 -36.5535
v 22.1149 34.6706 -36.0474
v 22.0818 32.7288 -36.5227
v 21.6969 34.6020 -36.1299
v 21.7795 34.6084 -36.5535
v 22.1149 34.6706 -36.0474
v 21.6969 34.6020 -36.1299
v 60.9861 31.3365 -74.0876
v 61.2305 32.8194 -74.1143
v 61.3176 32.8109 -73.7850
v 60.9861 31.3365 -74.0876
v 61.6423 32.7558 -73.8723
v 61.2305 32.8194 -74.1143
v 61.6423 32.7558 -73.8723
v 60.9861 31.3365 -74.0876
v 61.3176 32.8109 -73.7850
v 61.2305 32.8194 -74.1143
v 61.6423 32.7558 -73.8723
v 61.3176 32.8109 -73.7850
v -22.0959 35.5199 59.5260
v -21.9945 37.5571 59.5120
v -21.7849 37.5439 59.1001
v -22.0959 35.5199 59.5260
v -22.1964 37.5629 58.8901
v -21.9945 37.5571 59.5120
v -22.1964 37.5629 58.8901
v -22.0959 35.5199 59.5260
v -21.7849 37.5439 59.1001
v -21.9945 37.5571 59.5120
v -22.1964 37.5629 58.8901
v -21.7849 37.5439 59.1001
v 29.0057 32.3157 29.5551
v 29.0375 35.0020 29.6279
v 29.3891 34.9844 30.1251
v 29.0057 32.3157 29.5551
v 29.8865 34.9880 29.7735
v 29.0375 35.0020 29.6279
v 29.8865 34.9880 29.7735
v 29.0057 32.3157 29.5551
v 29.3891 34.9844 30.1251
v 29.0375 35.0020 29.6279
v 29.8865 34.9880 29.7735
v 29.3891 34.9844 30.1251
v 25.3889 31.9974 -9.3436
v 25.3751 34.4548 -9.3888
v 25.7465 34.4492 -9.8040
v 25.3889 31.9974 -9.3436
v 25.3312 34.4400 -10.1753
v 25.3751 34.4548 -9.3888
v 25.3312 34.4400 -10.1753
v 25.3889 31.9974 -9.3436
v 25.7465 34.4492 -9.8040
v 25.3751 34.4548 -9.3888
v 25.3312 34.4400 -10.1753
v 25.7465 34.4492 -9.8040
v 4.9009 32.7652 38.9244
v 4.6749 35.1597 38.7339
v 4.1790 35.1311 38.9627
v 4.9009 32.7652 38.9244
v 4.4039 35.1917 39.4575
v 4.6749 35.1597 38.7339
v 4.4039 35.1917 39.4575
v 4.9009 32.7652 38.9244
v 4.1790 35.1311 38.9627
v 4.6749 35.1597 38.7339
v 4.4039 35.1917 39.4575
v 4.1790 35.1311 38.9627
v 57.6664 30.8501 -34.7066
v 57.8596 32.8693 -34.6949
v 58.2890 32.8273 -34.5362
v 57.6664 30.8501 -34.7066
v 58.4473 32.8146 -34.9677
v 57.8596 32.8693 -34.6949
v 58.4473 32.8146 -34.9677
v 57.6664 30.8501 -34.7066
v 58.2890 32.8273 -34.5362
v 57.8596 32.8693 -34.6949
v 58.4473 32.8146 -34.9677
v 58.2890 32.8273 -34.5362
v -5.8196 32.2465 9.7018
v -5.6382 34.8685 9.7079
v -5.6136 34.8682 9.1127
v -5.8196 32.2465 9.7018
v -6.2073 34.9093 9.0881
v -5.6382 34.8685 9.7079
v -6.2073 34.9093 9.0881
v -5.8196 32.2465 9.7018
v -5.6136 34.8682 9.1127
v -5.6382 34.8685 9.7079
v -6.2073 34.9093 9.0881
v -5.6136 34.8682 9.1127
v 17.1730 32.7007 -63.6697
v 17.4443 34.6013 -63.6257
v 17.3349 34.6071 -63.2044
v 17.1730 32.7007 -63.6697
v 17.7517 34.5451 -63.0953
v 17.4443 34.6013 -63.6257
v 17.7517 34.5451 -63.0953
v 17.1730 32.7007 -63.6697
v 17.3349 34.6071 -63.2044
v 17.4443 34.6013 -63.6257
v 17.7517 34.5451 -63.0953
v 17.3349 34.6071 -63.2044
v 49.3228 31.0625 -47.1929
v 49.3684 32.9365 -47.0943
v 49.7108 32.9415 -47.3468
v 49.3228 31.0625 -47.1929
v 49.4585 32.9656 -47.6885
v 49.3684 32.9365 -47.0943
v 49.4585 32.9656 -47.6885
v 49.3228 31.0625 -47.1929
v 49.7108 32.9415 -47.3468
v 49.3684 32.9365 -47.0943
v 49.4585 32.9656 -47.6885
v 49.7108 32.9415 -47.3468
v 7.2387 32.6858 -33.0169
v 7.6226 35.1864 -32.9294
v 7.8449 35.1708 -33.4582
v 7.2387 32.6858 -33.0169
v 7.3232 35.2586 -33.6802
v 7.6226 35.1864 -32.9294
v 7.3232 35.2586 -33.6802
v 7.2387 32.6858 -33.0169
v 7.8449 35.1708 -33.4582
v 7.6226 35.1864 -32.9294
v 7.3232 35.2586 -33.6802
v 7.8449 35.1708 -33.4582
v 43.8620 32.4184 31.4879
v 43.8584 34.3217 31.4017
v 43.4503 34.3145 31.2607
v 43.8620 32.4184 31.4879
v 43.3091 34.3327 31.6685
v 43.8584 34.3217 31.4017
v 43.3091 34.3327 31.6685
v 43.8620 32.4184 31.4879
v 43.4503 34.3145 31.2607
v 43.8584 34.3217 31.4017
v 43.3091 34.3327 31.6685
v 43.4503 34.3145 31.2607
v 65.1509 30.6923 1.4573
v 65.1890 32.6563 1.4724
v 65.2705 32.6513 1.9102
v 65.1509 30.6923 1.4573
v 65.7081 32.6435 1.8286
v 65.1890 32.6563 1.4724
v 65.7081 32.6435 1.8286
v 65.1509 30.6923 1.4573
v 65.2705 32.6513 1.9102
v 65.1890 32.6563 1.4724
v 65.7081 32.6435 1.8286
v 65.2705 32.6513 1.9102
v -19.3046 34.5430 46.1112
v -19.3461 36.9109 46.1159
v -19.2514 36.9136 45.5875
v -19.3046 34.5430 46.1112
v -19.7797 36.9045 45.4928
v -19.3461 36.9109 46.1159
v -19.7797 36.9045 45.4928
v -19.3046 34.5430 46.1112
v -19.2514 36.9136 45.5875
v -19.3461 36.9109 46.1159
v -19.7797 36.9045 45.4928
v -19.2514 36.9136 45.5875
v 39.4458 31.1118 -8.3921
v 39.5503 34.3269 -8.1754
v 38.9352 34.3203 -7.7809
v 39.4458 31.1118 -8.3921
v 39.3290 34.2662 -7.1677
v 39.5503 34.3269 -8.1754
v 39.3290 34.2662 -7.1677
v 39.4458 31.1118 -8.3921
v 38.9352 34.3203 -7.7809
v 39.5503 34.3269 -8.1754
v 39.3290 34.2662 -7.1677
v 38.9352 34.3203 -7.7809
v 70.4896 30.5689 6.9747
v 70.4316 32.4897 7.1183
v 70.0213 32.4663 7.2664
v 70.4896 30.5689 6.9747
v 70.1708 32.4401 7.6761
v 70.4316 32.4897 7.1183
v 70.1708 32.4401 7.6761
v 70.4896 30.5689 6.9747
v 70.0213 32.4663 7.2664
v 70.4316 32.4897 7.1183
v 70.1708 32.4401 7.6761
v 70.0213 32.4663 7.2664
v 28.4360 32.4117 -67.6363
v 28.4669 34.1379 -67.4850
v 28.0756 34.1477 -67.5173
v 28.4360 32.4117 -67.6363
v 28.0426 34.1141 -67.1273
v 28.4669 34.1379 -67.4850
v 28.0426 34.1141 -67.1273
v 28.4360 32.4117 -67.6363
v 28.0756 34.1477 -67.5173
v 28.4669 34.1379 -67.4850
v 28.0426 34.1141 -67.1273
v 28.0756 34.1477 -67.5173
v -11.2343 32.6238 -18.4106
v -11.3948 34.2310 -18.4519
v -11.1446 34.2492 -18.7188
v -11.2343 32.6238 -18.4106
v -11.4096 34.2163 -18.9695
v -11.3948 34.2310 -18.4519
v -11.4096 34.2163 -18.9695
v -11.2343 32.6238 -18.4106
v -11.1446 34.2492 -18.7188
v -11.3948 34.2310 -18.4519
v -11.4096 34.2163 -18.9695
v -11.1446 34.2492 -18.7188
v 32.2384 33.1619 41.3052
v 32.3678 34.5776 41.3076
v 32.2009 34.5933 41.0324
v 32.2384 33.1619 41.3052
v 31.9268 34.6181 41.2000
v 32.3678 34.5776 41.3076
v 31.9268 34.6181 41.2000
v 32.2384 33.1619 41.3052
v 32.2009 34.5933 41.0324
v 32.3678 34.5776 41.3076
v 31.9268 34.6181 41.2000
v 32.2009 34.5933 41.0324
v -15.8128 35.7092 61.3747
v -15.5922 37.9850 61.4070
v -15.3752 37.9707 60.9365
v -15.8128 35.7092 61.3747
v -15.8433 38.0191 60.7192
v -15.5922 37.9850 61.4070
v -15.8433 38.0191 60.7192
v -15.8128 35.7092 61.3747
v -15.3752 37.9707 60.9365
v -15.5922 37.9850 61.4070
v -15.8433 38.0191 60.7192
v -15.3752 37.9707 60.9365
v 0.8465 32.7096 -21.4236
v 0.8992 34.0671 -21.3611
v 0.6387 34.0696 -21.1962
v 0.8465 32.7096 -21.4236
v 0.8032 34.0513 -20.9362
v 0.8992 34.0671 -21.3611
v 0.8032 34.0513 -20.9362
v 0.8465 32.7096 -21.4236
v 0.6387 34.0696 -21.1962
v 0.8992 34.0671 -21.3611
v 0.8032 34.0513 -20.9362
v 0.6387 34.0696 -21.1962
v 24.6047 31.7425 -1.4461
v 24.5318 33.3052 -1.4727
v 24.4460 33.3071 -1.1286
v 24.6047 31.7425 -1.4461
v 24.7896 33.3246 -1.0429
v 24.5318 33.3052 -1.4727
v 24.7896 33.3246 -1.0429
v 24.6047 31.7425 -1.4461
v 24.4460 33.3071 -1.1286
v 24.5318 33.3052 -1.4727
v 24.7896 33.3246 -1.0429
v 24.4460 33.3071 -1.1286
v 44.9601 33.1123 43.3148
v 44.8568 35.1547 43.1604
v 45.3165 35.1827 43.2234
v 44.9601 33.1123 43.3148
v 45.3814 35.1513 42.7642
v 44.8568 35.1547 43.1604
v 45.3814 35.1513 42.7642
v 44.9601 33.1123 43.3148
v 45.3165 35.1827 43.2234
v 44.8568 35.1547 43.1604
v 45.3814 35.1513 42.7642
v 45.3165 35.1827 43.2234
v 56.0232 31.2941 13.2556
v 55.9303 33.6356 13.0392
v 56.4326 33.6718 13.2152
v 56.0232 31.2941 13.2556
v 56.6110 33.6326 12.7141
v 55.9303 33.6356 13.0392
v 56.6110 33.6326 12.7141
v 56.0232 31.2941 13.2556
v 56.4326 33.6718 13.2152
v 55.9303 33.6356 13.0392
v 56.6110 33.6326 12.7141
v 56.4326 33.6718 13.2152
v -27.4426 35.4239 57.0409
v -27.4526 37.4151 56.9666
v -27.7354 37.4006 56.6147
v -27.4426 35.4239 57.0409
v -28.0876 37.4093 56.8973
v -27.4526 37.4151 56.9666
v -28.0876 37.4093 56.8973
v -27.4426 35.4239 57.0409
v -27.7354 37.4006 56.6147
v -27.4526 37.4151 56.9666
v -28.0876 37.4093 56.8973
v -27.7354 37.4006 56.6147
v -7.1628 32.3157 -74.2779
v -6.9952 33.8945 -74.3130
v -7.0906 33.8969 -74.6601
v -7.1628 32.3157 -74.2779
v -7.4355 33.9356 -74.5650
v -6.9952 33.8945 -74.3130
v -7.4355 33.9356 -74.5650
v -7.1628 32.3157 -74.2779
v -7.0906 33.8969 -74.6601
v -6.9952 33.8945 -74.3130
v -7.4355 33.9356 -74.5650
v -7.0906 33.8969 -74.6601
v -44.4262 32.6579 14.7839
v -44.5780 34.1526 14.7225
v -44.3349 34.1675 14.4840
v -44.4262 32.6579 14.7839
v -44.5713 34.1335 14.2409
v -44.5780 34.1526 14.7225
v -44.5713 34.1335 14.2409
v -44.4262 32.6579 14.7839
v -44.3349 34.1675 14.4840
v -44.5780 34.1526 14.7225
v -44.5713 34.1335 14.2409
v -44.3349 34.1675 14.4840
v 18.7928 32.4151 -14.9090
v 18.9155 33.9191 -14.8940
v 19.1821 33.8952 -14.6811
v 18.7928 32.4151 -14.9090
v 19.3945 33.8806 -14.9488
v 18.9155 33.9191 -14.8940
v 19.3945 33.8806 -14.9488
v 18.7928 32.4151 -14.9090
v 19.1821 33.8952 -14.6811
v 18.9155 33.9191 -14.8940
v 19.3945 33.8806 -14.9488
v 19.1821 33.8952 -14.6811
vt 0.00000 1.00000
vt 0.00000 1.00000
vt 0.00000 1.00000
vt 0.00000 1.00000
vt 0.00000 1.00000
vt 0.00000 1.00000
vt 0.00000 1.00000
vt 0.00000 1.00000
vt 0.00000 1.00000
vt 0.00000 1.00000
vt 0.00000 1.00000
vt 0.00000 1.00000
vt 0.00000 1.00000
vt 0.00000 1.00000
vt 0.00000 1.00000
vt 0.00000 1.00000
vt 0.00000 1.00000
vt 0.00000 1.00000
vt 0.00000 1.00000
vt 0.00000 1.00000
vt 0.00000 1.00000
vt 0.00000 1.00000
vt 0.00000 1.00000
vt 0.00000 1.00000
vt 0.00000 1.00000
vt 0.00000 1.00000
vt 0.00000 1.00000
vt 0.00000 1.00000
vt 0.00000 1.00000
vt 0.00000 1.00000
vt 0.00000 1.00000
vt 0.00000 1.00000
vt 0.00000 1.00000
vt 0.00000 1.00000
vt 0.00000 1.00000
vt 0.00000 1.00000
vt 0.00000 1.00000
vt 0.00000 1.00000
vt 0.00000 1.00000
vt 0.00000 1.00000
vt 0.00000 1.00000
vt 0.00000 1.00000
vt 0.00000 1.00000
vt 0.00000 1.00000
vt 0.00000 1.00000
vt 0.00000 1.00000
vt 0.00000 1.00000
vt 0.00000 1.00000
vt 0.00000 1.00000
vt 0.00000 1.00000
vt 0.00000 1.00000
vt 0.00000 1.00000
vt 0.00000 1.00000
vt 0.00000 1.00000
vt 0.00000 1.00000
vt 0.00000 1.00000
vt 0.00000 1.00000
vt 0.00000 1.00000
vt 0.00000 1.00000
vt 0.00000 1.00000
vt 0.00000 1.00000
vt 0.00000 1.00000
vt 0.00000 1.00000
vt 0.00000 1.00000
vt 0.00000 1.00000
vt 0.00000 1.00000
vt 0.00000 1.00000
vt 0.00000 1.00000
vt 0.00000 1.00000
vt 0.00000 1.00000
vt 0.00000 1.00000
vt 0.00000 1.00000
vt 0.00000 1.00000
vt 0.00000 1.00000
vt 0.00000 1.00000
vt 0.00000 1.00000
vt 0.00000 1.00000
vt 0.00000 1.00000
vt 0.00000 1.00000
vt 0.00000 1.00000
vt 0.00000 1.00000
vt 0.00000 1.00000
vt 0.00000 1.00000
vt 0.00000 1.00000
vt 0.00000 1.00000
vt 0.00000 1.00000
vt 0.00000 1.00000
vt 0.00000 1.00000
vt 0.00000 1.00000
vt 0.00000 1.00000
vt 0.00000 1.00000
vt 0.00000 1.00000
vt 0.00000 1.00000
vt 0.00000 1.00000
vt 0.00000 1.00000
vt 0.00000 1.00000
vt 0.00000 1.00000
vt 0.00000 1.00000
vt 0.00000 1.00000
vt 0.00000 1.00000
vt 0.00000 1.00000
vt 0.00000 1.00000
vt 0.00000 1.00000
vt 0.00000 1.00000
vt 0.00000 1.00000
vt 0.00000 1.00000
vt 0.00000 1.00000
vt 0.00000 1.00000
vt 0.00000 1.00000
vt 0.00000 1.00000
vt 0.00000 1.00000
vt 0.00000 1.00000
vt 0.00000 1.00000
vt 0.00000 1.00000
vt 0.00000 1.00000
vt 0.00000 1.00000
vt 0.00000 1.00000
vt 0.00000 1.00000
vt 0.00000 1.00000
vt 0.00000 1.00000
vt 0.00000 1.00000
vt 0.00000 1.00000
vt 0.00000 1.00000
vt 0.00000 1.00000
vt 0.00000 1.00000
vt 0.00000 1.00000
vt 0.00000 1.00000
vt 0.00000 1.00000
vt 0.00000 1.00000
vt 0.00000 1.00000
vt 0.00000 1.00000
vt 0.00000 1.00000
vt 0.00000 1.00000
vt 0.00000 1.00000
vt 0.00000 1.00000
vt 0.00000 1.00000
vt 0.00000 1.00000
vt 0.00000 1.00000
vt 0.00000 1.00000
vt 0.00000 1.00000
vt 0.00000 1.00000
vt 0.00000 1.00000
vt 0.00000 1.00000
vt 0.00000 1.00000
vt 0.00000 1.00000
vt 0.00000 1.00000
vt 0.00000 1.00000
vt 0.00000 1.00000
vt 0.00000 1.00000
vt 0.00000 1.00000
vt 0.00000 1.00000
vt 0.00000 1.00000
vt 0.00000 1.00000
vt 0.00000 1.00000
vt 0.00000 1.00000
vt 0.00000 1.00000
vt 0.00000 1.00000
vt 0.00000 1.00000
vt 0.00000 1.00000
vt 0.00000 1.00000
vt 0.00000 1.00000
vt 0.00000 1.00000
vt 0.00000 1.00000
vt 0.00000 1.00000
vt 0.00000 1.00000
vt 0.00000 1.00000
vt 0.00000 1.00000
vt 0.00000 1.00000
vt 0.00000 1.00000
vt 0.00000 1.00000
vt 0.00000 1.00000
vt 0.00000 1.00000
vt 0.00000 1.00000
vt 0.00000 1.00000
vt 0.00000 1.00000
vt 0.00000 1.00000
vt 0.00000 1.00000
vt 0.00000 1.00000
vt 0.00000 1.00000
vt 0.00000 1.00000
vt 0.00000 1.00000
vt 0.00000 1.00000
vt 0.00000 1.00000
vt 0.00000 1.00000
vt 0.00000 1.00000
vt 0.00000 1.00000
vt 0.00000 1.00000
vt 0.00000 1.00000
vt 0.00000 1.00000
vt 0.00000 1.00000
vt 0.00000 1.00000
vt 0.00000 1.00000
vt 0.00000 1.00000
vt 0.00000 1.00000
vt 0.00000 1.00000
vt 0.00000 1.00000
vt 0.00000 1.00000
vt 0.00000 1.00000
vt 0.00000 1.00000
vt 0.00000 1.00000
vt 0.00000 1.00000
vt 0.00000 1.00000
vt 0.00000 1.00000
vt 0.00000 1.00000
vt 0.00000 1.00000
vt 0.00000 1.00000
vt 0.00000 1.00000
vt 0.00000 1.00000
vt 0.00000 1.00000
vt 0.00000 1.00000
vt 0.00000 1.00000
vt 0.00000 1.00000
vt 0.00000 1.00000
vt 0.00000 1.00000
vt 0.00000 1.00000
vt 0.00000 1.00000
vt 0.00000 1.00000
vt 0.00000 1.00000
vt 0.00000 1.00000
vt 0.00000 1.00000
vt 0.00000 1.00000
vt 0.00000 1.00000
vt 0.00000 1.00000
vt 0.00000 1.00000
vt 0.00000 1.00000
vt 0.00000 1.00000
vt 0.00000 1.00000
vt 0.00000 1.00000
vt 0.00000 1.00000
vt 0.00000 1.00000
vt 0.00000 1.00000
vt 0.00000 1.00000
vt 0.00000 1.00000
vt 0.00000 1.00000
vt 0.00000 1.00000
vt 0.00000 1.00000
vt 0.00000 1.00000
vt 0.00000 1.00000
vt 0.00000 1.00000
vt 0.00000 1.00000
vt 0.00000 1.00000
vt 0.00000 1.00000
vt 0.00000 1.00000
vt 0.00000 1.00000
vt 0.00000 1.00000
vt 0.00000 1.00000
vt 0.00000 1.00000
vt 0.00000 1.00000
vt 0.00000 1.00000
vt 0.00000 1.00000
vt 0.00000 1.00000
vt 0.00000 1.00000
vt 0.00000 1.00000
vt 0.00000 1.00000
vt 0.00000 1.00000
vt 0.00000 1.00000
vt 0.00000 1.00000
vt 0.00000 1.00000
vt 0.00000 1.00000
vt 0.00000 1.00000
vt 0.00000 1.00000
vt 0.00000 1.00000
vt 0.00000 1.00000
vt 0.00000 1.00000
vt 0.00000 1.00000
vt 0.00000 1.00000
vt 0.00000 1.00000
vt 0.00000 1.00000
vt 0.00000 1.00000
vt 0.00000 1.00000
vt 0.00000 1.00000
vt 0.00000 1.00000
vt 0.00000 1.00000
vt 0.00000 1.00000
vt 0.00000 1.00000
vt 0.00000 1.00000
vt 0.00000 1.00000
vt 0.00000 1.00000
vt 0.00000 1.00000
vt 0.00000 1.00000
vt 0.00000 1.00000
vt 0.00000 1.00000
vt 0.00000 1.00000
vt 0.00000 1.00000
vt 0.00000 1.00000
vt 0.00000 1.00000
vt 0.00000 1.00000
vt 0.00000 1.00000
vt 0.00000 1.00000
vt 0.00000 1.00000
vt 0.00000 1.00000
vt 0.00000 1.00000
vt 0.00000 1.00000
vt 0.00000 1.00000
vt 0.00000 1.00000
vt 0.00000 1.00000
vt 0.00000 1.00000
vt 0.00000 1.00000
vt 0.00000 1.00000
vt 0.00000 1.00000
vt 0.00000 1.00000
vt 0.00000 1.00000
vt 0.00000 1.00000
vt 0.00000 1.00000
vt 0.00000 1.00000
vt 0.00000 1.00000
vt 0.00000 1.00000
vt 0.00000 1.00000
vt 0.00000 1.00000
vt 0.00000 1.00000
vt 0.00000 1.00000
vt 0.00000 1.00000
vt 0.00000 1.00000
vt 0.00000 1.00000
vt 0.00000 1.00000
vt 0.00000 1.00000
vt 0.00000 1.00000
vt 0.00000 1.00000
vt 0.00000 1.00000
vt 0.00000 1.00000
vt 0.00000 1.00000
vt 0.00000 1.00000
vt 0.00000 1.00000
vt 0.00000 1.00000
vt 0.00000 1.00000
vt 0.00000 1.00000
vt 0.00000 1.00000
vt 0.00000 1.00000
vt 0.00000 1.00000
vt 0.00000 1.00000
vt 0.00000 1.00000
vt 0.00000 1.00000
vt 0.00000 1.00000
vt 0.00000 1.00000
vt 0.00000 1.00000
vt 0.00000 1.00000
vt 0.00000 1.00000
vt 0.00000 1.00000
vt 0.00000 1.00000
vt 0.00000 1.00000
vt 0.00000 1.00000
vt 0.00000 1.00000
vt 0.00000 1.00000
vt 0.00000 1.00000
vt 0.00000 1.00000
vt 0.00000 1.00000
vt 0.00000 1.00000
vt 0.00000 1.00000
vt 0.00000 1.00000
vt 0.00000 1.00000
vt 0.00000 1.00000
vt 0.00000 1.00000
vt 0.00000 1.00000
vt 0.00000 1.00000
vt 0.00000 1.00000
vt 0.00000 1.00000
vt 0.00000 1.00000
vt 0.00000 1.00000
vt 0.00000 1.00000
vt 0.00000 1.00000
vt 0.00000 1.00000
vt 0.00000 1.00000
vt 0.00000 1.00000
vt 0.00000 1.00000
vt 0.00000 1.00000
vt 0.00000 1.00000
vt 0.00000 1.00000
vt 0.00000 1.00000
vt 0.00000 1.00000
vt 0.00000 1.00000
vt 0.00000 1.00000
vt 0.00000 1.00000
vt 0.00000 1.00000
vt 0.00000 1.00000
vt 0.00000 1.00000
vt 0.00000 1.00000
vt 0.00000 1.00000
vt 0.00000 1.00000
vt 0.00000 1.00000
vt 0.00000 1.00000
vt 0.00000 1.00000
vt 0.00000 1.00000
vt 0.00000 1.00000
vt 0.00000 1.00000
vt 0.00000 1.00000
vt 0.00000 1.00000
vt 0.00000 1.00000
vt 0.00000 1.00000
vt 0.00000 1.00000
vt 0.00000 1.00000
vt 0.00000 1.00000
vt 0.00000 1.00000
vt 0.00000 1.00000
vt 0.00000 1.00000
vt 0.00000 1.00000
vt 0.00000 1.00000
vt 0.00000 1.00000
vt 0.00000 1.00000
vt 0.00000 1.00000
vt 0.00000 1.00000
vt 0.00000 1.00000
vt 0.00000 1.00000
vt 0.00000 1.00000
vt 0.00000 1.00000
vt 0.00000 1.00000
vt 0.00000 1.00000
vt 0.00000 1.00000
vt 0.00000 1.00000
vt 0.00000 1.00000
vt 0.00000 1.00000
vt 0.00000 1.00000
vt 0.00000 1.00000
vt 0.00000 1.00000
vt 0.00000 1.00000
vt 0.00000 1.00000
vt 0.00000 1.00000
vt 0.00000 1.00000
vt 0.00000 1.00000
vt 0.00000 1.00000
vt 0.00000 1.00000
vt 0.00000 1.00000
vt 0.00000 1.00000
vt 0.00000 1.00000
vt 0.00000 1.00000
vt 0.00000 1.00000
vt 0.00000 1.00000
vt 0.00000 1.00000
vt 0.00000 1.00000
vt 0.00000 1.00000
vt 0.00000 1.00000
vt 0.00000 1.00000
vt 0.00000 1.00000
vt 0.00000 1.00000
vt 0.00000 1.00000
vt 0.00000 1.00000
vt 0.00000 1.00000
vt 0.00000 1.00000
vt 0.00000 1.00000
vt 0.00000 1.00000
vt 0.00000 1.00000
vt 0.00000 1.00000
vt 0.00000 1.00000
vt 0.00000 1.00000
vt 0.00000 1.00000
vt 0.00000 1.00000
vt 0.00000 1.00000
vt 0.00000 1.00000
vt 0.00000 1.00000
vt 0.00000 1.00000
vt 0.00000 1.00000
vt 0.00000 1.00000
vt 0.00000 1.00000
vt 0.00000 1.00000
vt 0.00000 1.00000
vt 0.00000 1.00000
vt 0.00000 1.00000
vt 0.00000 1.00000
vt 0.00000 1.00000
vt 0.00000 1.00000
vt 0.00000 1.00000
vt 0.00000 1.00000
vt 0.00000 1.00000
vt 0.00000 1.00000
vt 0.00000 1.00000
vt 0.00000 1.00000
vt 0.00000 1.00000
vt 0.00000 1.00000
vt 0.00000 1.00000
vt 0.00000 1.00000
vt 0.00000 1.00000
vt 0.00000 1.00000
vt 0.00000 1.00000
vt 0.00000 1.00000
vt 0.00000 1.00000
vt 0.00000 1.00000
vt 0.00000 1.00000
vt 0.00000 1.00000
vt 0.00000 1.00000
vt 0.00000 1.00000
vt 0.00000 1.00000
vt 0.00000 1.00000
vt 0.00000 1.00000
vt 0.00000 1.00000
vt 0.00000 1.00000
vt 0.00000 1.00000
vt 0.00000 1.00000
vt 0.00000 1.00000
vt 0.00000 1.00000
vt 0.00000 1.00000
vt 0.00000 1.00000
vt 0.00000 1.00000
vt 0.00000 1.00000
vt 0.00000 1.00000
vt 0.00000 1.00000
vt 0.00000 1.00000
vt 0.00000 1.00000
vt 0.00000 1.00000
vt 0.00000 1.00000
vt 0.00000 1.00000
vt 0.00000 1.00000
vt 0.00000 1.00000
vt 0.00000 1.00000
vt 0.00000 1.00000
vt 0.00000 1.00000
vt 0.00000 1.00000
vt 0.00000 1.00000
vt 0.00000 1.00000
vt 0.00000 1.00000
vt 0.00000 1.00000
vt 0.00000 1.00000
vt 0.00000 1.00000
vt 0.00000 1.00000
vt 0.00000 1.00000
vt 0.00000 1.00000
vt 0.00000 1.00000
vt 0.00000 1.00000
vt 0.00000 1.00000
vt 0.00000 1.00000
vt 0.00000 1.00000
vt 0.00000 1.00000
vt 0.00000 1.00000
vt 0.00000 1.00000
vt 0.00000 1.00000
vt 0.00000 1.00000
vt 0.00000 1.00000
vt 0.00000 1.00000
vt 0.00000 1.00000
vt 0.00000 1.00000
vt 0.00000 1.00000
vt 0.00000 1.00000
vt 0.00000 1.00000
vt 0.00000 1.00000
vt 0.00000 1.00000
vt 0.00000 1.00000
vt 0.00000 1.00000
vt 0.00000 1.00000
vt 0.00000 1.00000
vt 0.00000 1.00000
vt 0.00000 1.00000
vt 0.00000 1.00000
vt 0.00000 1.00000
vt 0.00000 1.00000
vt 0.00000 1.00000
vt 0.00000 1.00000
vt 0.00000 1.00000
vt 0.00000 1.00000
vt 0.00000 1.00000
vt 0.00000 1.00000
vt 0.00000 1.00000
vt 0.00000 1.00000
vt 0.00000 1.00000
vt 0.00000 1.00000
vt 0.00000 1.00000
vt 0.00000 1.00000
vt 0.00000 1.00000
vt 0.00000 1.00000
vt 0.00000 1.00000
vt 0.00000 1.00000
vt 0.00000 1.00000
vt 0.00000 1.00000
vt 0.00000 1.00000
vt 0.00000 1.00000
vt 0.00000 1.00000
vt 0.00000 1.00000
vt 0.00000 1.00000
vt 0.00000 1.00000
vt 0.00000 1.00000
vt 0.00000 1.00000
vt 0.00000 1.00000
vt 0.00000 1.00000
vt 0.00000 1.00000
vt 0.00000 1.00000
vt 0.00000 1.00000
vt 0.00000 1.00000
vt 0.00000 1.00000
vt 0.00000 1.00000
vt 0.00000 1.00000
vt 0.00000 1.00000
vt 0.00000 1.00000
vt 0.00000 1.00000
vt 0.00000 1.00000
vt 0.00000 1.00000
vt 0.00000 1.00000
vt 0.00000 1.00000
vt 0.00000 1.00000
vt 0.00000 1.00000
vt 0.00000 1.00000
vt 0.00000 1.00000
vt 0.00000 1.00000
vt 0.00000 1.00000
vt 0.00000 1.00000
vt 0.00000 1.00000
vt 0.00000 1.00000
vt 0.00000 1.00000
vt 0.00000 1.00000
vt 0.00000 1.00000
vt 0.00000 1.00000
vt 0.00000 1.00000
vt 0.00000 1.00000
vt 0.00000 1.00000
usemtl bark
f 1/1 2/2 3/3
f 4/4 5/5 6/6
f 7/7 8/8 9/9
f 10/10 11/11 12/12
f 13/13 14/14 15/15
f 16/16 17/17 18/18
f 19/19 20/20 21/21
f 22/22 23/23 24/24
f 25/25 26/26 27/27
f 28/28 29/29 30/30
f 31/31 32/32 33/33
f 34/34 35/35 36/36
f 37/37 38/38 39/39
f 40/40 41/41 42/42
f 43/43 44/44 45/45
f 46/46 47/47 48/48
f 49/49 50/50 51/51
f 52/52 53/53 54/54
f 55/55 56/56 57/57
f 58/58 59/59 60/60
f 61/61 62/62 63/63
f 64/64 65/65 66/66
f 67/67 68/68 69/69
f 70/70 71/71 72/72
f 73/73 74/74 75/75
f 76/76 77/77 78/78
f 79/79 80/80 81/81
f 82/82 83/83 84/84
f 85/85 86/86 87/87
f 88/88 89/89 90/90
f 91/91 92/92 93/93
f 94/94 95/95 96/96
f 97/97 98/98 99/99
f 100/100 101/101 102/102
f 103/103 104/104 105/105
f 106/106 107/107 108/108
f 109/109 110/110 111/111
f 112/112 113/113 114/114
f 115/115 116/116 117/117
f 118/118 119/119 120/120
f 121/121 122/122 123/123
f 124/124 125/125 126/126
f 127/127 128/128 129/129
f 130/130 131/131 132/132
f 133/133 134/134 135/135
f 136/136 137/137 138/138
f 139/139 140/140 141/141
f 142/142 143/143 144/144
f 145/145 146/146 147/147
f 148/148 149/149 150/150
f 151/151 152/152 153/153
f 154/154 155/155 156/156
f 157/157 158/158 159/159
f 160/160 161/161 162/162
f 163/163 164/164 165/165
f 166/166 167/167 168/168
f 169/169 170/170 171/171
f 172/172 173/173 174/174
f 175/175 176/176 177/177
f 178/178 179/179 180/180
f 181/181 182/182 183/183
f 184/184 185/185 186/186
f 187/187 188/188 189/189
f 190/190 191/191 192/192
f 193/193 194/194 195/195
f 196/196 197/197 198/198
f 199/199 200/200 201/201
f 202/202 203/203 204/204
f 205/205 206/206 207/207
f 208/208 209/209 210/210
f 211/211 212/212 213/213
f 214/214 215/215 216/216
f 217/217 218/218 219/219
f 220/220 221/221 222/222
f 223/223 224/224 225/225
f 226/226 227/227 228/228
f 229/229 230/230 231/231
f 232/232 233/233 234/234
f 235/235 236/236 237/237
f 238/238 239/239 240/240
f 241/241 242/242 243/243
f 244/244 245/245 246/246
f 247/247 248/248 249/249
f 250/250 251/251 252/252
f 253/253 254/254 255/255
f 256/256 257/257 258/258
f 259/259 260/260 261/261
f 262/262 263/263 264/264
f 265/265 266/266 267/267
f 268/268 269/269 270/270
f 271/271 272/272 273/273
f 274/274 275/275 276/276
f 277/277 278/278 279/279
f 280/280 281/281 282/282
f 283/283 284/284 285/285
f 286/286 287/287 288/288
f 289/289 290/290 291/291
f 292/292 293/293 294/294
f 295/295 296/296 297/297
f 298/298 299/299 300/300
f 301/301 302/302 303/303
f 304/304 305/305 306/306
f 307/307 308/308 309/309
f 310/310 311/311 312/312
f 313/313 314/314 315/315
f 316/316 317/317 318/318
f 319/319 320/320 321/321
f 322/322 323/323 324/324
f 325/325 326/326 327/327
f 328/328 329/329 330/330
f 331/331 332/332 333/333
f 334/334 335/335 336/336
f 337/337 338/338 339/339
f 340/340 341/341 342/342
f 343/343 344/344 345/345
f 346/346 347/347 348/348
f 349/349 350/350 351/351
f 352/352 353/353 354/354
f 355/355 356/356 357/357
f 358/358 359/359 360/360
f 361/361 362/362 363/363
f 364/364 365/365 366/366
f 367/367 368/368 369/369
f 370/370 371/371 372/372
f 373/373 374/374 375/375
f 376/376 377/377 378/378
f 379/379 380/380 381/381
f 382/382 383/383 384/384
f 385/385 386/386 387/387
f 388/388 389/389 390/390
f 391/391 392/392 393/393
f 394/394 395/395 396/396
f 397/397 398/398 399/399
f 400/400 401/401 402/402
f 403/403 404/404 405/405
f 406/406 407/407 408/408
f 409/409 410/410 411/411
f 412/412 413/413 414/414
f 415/415 416/416 417/417
f 418/418 419/419 420/420
f 421/421 422/422 423/423
f 424/424 425/425 426/426
f 427/427 428/428 429/429
f 430/430 431/431 432/432
f 433/433 434/434 435/435
f 436/436 437/437 438/438
f 439/439 440/440 441/441
f 442/442 443/443 444/444
f 445/445 446/446 447/447
f 448/448 449/449 450/450
f 451/451 452/452 453/453
f 454/454 455/455 456/456
f 457/457 458/458 459/459
f 460/460 461/461 462/462
f 463/463 464/464 465/465
f 466/466 467/467 468/468
f 469/469 470/470 471/471
f 472/472 473/473 474/474
f 475/475 476/476 477/477
f 478/478 479/479 480/480
f 481/481 482/482 483/483
f 484/484 485/485 486/486
f 487/487 488/488 489/489
f 490/490 491/491 492/492
f 493/493 494/494 495/495
f 496/496 497/497 498/498
f 499/499 500/500 501/501
f 502/502 503/503 504/504
f 505/505 506/506 507/507
f 508/508 509/509 510/510
f 511/511 512/512 513/513
f 514/514 515/515 516/516
f 517/517 518/518 519/519
f 520/520 521/521 522/522
f 523/523 524/524 525/525
f 526/526 527/527 528/528
f 529/529 530/530 531/531
f 532/532 533/533 534/534
f 535/535 536/536 537/537
f 538/538 539/539 540/540
f 541/541 542/542 543/543
f 544/544 545/545 546/546
f 547/547 548/548 549/549
f 550/550 551/551 552/552
f 553/553 554/554 555/555
f 556/556 557/557 558/558
f 559/559 560/560 561/561
f 562/562 563/563 564/564
f 565/565 566/566 567/567
f 568/568 569/569 570/570
f 571/571 572/572 573/573
f 574/574 575/575 576/576
f 577/577 578/578 579/579
f 580/580 581/581 582/582
f 583/583 584/584 585/585
f 586/586 587/587 588/588
f 589/589 590/590 591/591
f 592/592 593/593 594/594
f 595/595 596/596 597/597
f 598/598 599/599 600/600
v 52.0561 33.8906 -30.3818
v 51.7855 32.4191 -31.5215
v 53.2675 32.5118 -30.7927
v 51.0609 32.3324 -30.0370
v 53.2675 32.5118 -30.7927
v 51.7855 32.4191 -31.5215
v 52.0561 33.8906 -30.3818
v 53.2675 32.5118 -30.7927
v 52.5429 32.4251 -29.3083
v 51.0609 32.3324 -30.0370
v 52.5429 32.4251 -29.3083
v 53.2675 32.5118 -30.7927
v 52.0561 33.8906 -30.3818
v 52.5429 32.4251 -29.3083
v 51.0609 32.3324 -30.0370
v 52.0561 33.8906 -30.3818
v 51.0609 32.3324 -30.0370
v 51.7855 32.4191 -31.5215
v 51.9989 34.6681 -30.3643
v 51.3180 33.3238 -30.7752
v 52.4738 33.4177 -31.1710
v 51.9989 34.6681 -30.3643
v 52.4738 33.4177 -31.1710
v 52.8705 33.4208 -30.0118
v 51.9989 34.6681 -30.3643
v 52.8705 33.4208 -30.0118
v 51.7148 33.3269 -29.6160
v 52.4738 33.4177 -31.1710
v 51.7148 33.3269 -29.6160
v 52.8705 33.4208 -30.0118
v 51.9989 34.6681 -30.3643
v 51.7148 33.3269 -29.6160
v 51.3180 33.3238 -30.7752
v 52.4738 33.4177 -31.1710
v 51.3180 33.3238 -30.7752
v 51.7148 33.3269 -29.6160
v 51.9481 35.3591 -30.3488
v 51.5494 34.2061 -30.6107
v 52.2660 34.2643 -30.8561
v 51.9481 35.3591 -30.3488
v 52.2660 34.2643 -30.8561
v 52.5120 34.2662 -30.1374
v 51.9481 35.3591 -30.3488
v 52.5120 34.2662 -30.1374
v 51.7954 34.2080 -29.8920
v 52.2660 34.2643 -30.8561
v 51.7954 34.2080 -29.8920
v 52.5120 34.2662 -30.1374
v 51.9481 35.3591 -30.3488
v 51.7954 34.2080 -29.8920
v 51.5494 34.2061 -30.6107
v 52.2660 34.2643 -30.8561
v 51.5494 34.2061 -30.6107
v 51.7954 34.2080 -29.8920
v -11.4076 35.7961 14.3020
v -13.0132 33.7978 14.1198
v -11.3594 33.8874 12.5818
v -11.4727 33.6877 15.7699
v -11.3594 33.8874 12.5818
v -13.0132 33.7978 14.1198
v -11.4076 35.7961 14.3020
v -11.3594 33.8874 12.5818
v -9.8189 33.7773 14.2320
v -11.4727 33.6877 15.7699
v -9.8189 33.7773 14.2320
v -11.3594 33.8874 12.5818
v -11.4076 35.7961 14.3020
v -9.8189 33.7773 14.2320
v -11.4727 33.6877 15.7699
v -11.4076 35.7961 14.3020
v -11.4727 33.6877 15.7699
v -13.0132 33.7978 14.1198
v -11.4031 36.8594 14.3688
v -12.2768 35.0403 15.0630
v -12.2175 35.1449 13.3932
v -11.4031 36.8594 14.3688
v -12.2175 35.1449 13.3932
v -10.5443 35.1341 13.4520
v -11.4031 36.8594 14.3688
v -10.5443 35.1341 13.4520
v -10.6037 35.0295 15.1218
v -12.2175 35.1449 13.3932
v -10.6037 35.0295 15.1218
v -10.5443 35.1341 13.4520
v -11.4031 36.8594 14.3688
v -10.6037 35.0295 15.1218
v -12.2768 35.0403 15.0630
v -12.2175 35.1449 13.3932
v -12.2768 35.0403 15.0630
v -10.6037 35.0295 15.1218
v -11.3990 37.8046 14.4282
v -11.9426 36.2396 14.8311
v -11.9058 36.3045 13.7958
v -11.3990 37.8046 14.4282
v -11.9058 36.3045 13.7958
v -10.8685 36.2978 13.8323
v -11.3990 37.8046 14.4282
v -10.8685 36.2978 13.8323
v -10.9053 36.2329 14.8676
v -11.9058 36.3045 13.7958
v -10.9053 36.2329 14.8676
v -10.8685 36.2978 13.8323
v -11.3990 37.8046 14.4282
v -10.9053 36.2329 14.8676
v -11.9426 36.2396 14.8311
v -11.9058 36.3045 13.7958
v -11.9426 36.2396 14.8311
v -10.9053 36.2329 14.8676
v 31.4957 39.3028 72.3686
v 31.1995 36.8112 74.6306
v 29.0988 36.9279 72.5327
v 33.2714 36.4338 72.5349
v 29.0988 36.9279 72.5327
v 31.1995 36.8112 74.6306
v 31.4957 39.3028 72.3686
v 29.0988 36.9279 72.5327
v 31.1707 36.5504 70.4371
v 33.2714 36.4338 72.5349
v 31.1707 36.5504 70.4371
v 29.0988 36.9279 72.5327
v 31.4957 39.3028 72.3686
v 31.1707 36.5504 70.4371
v 33.2714 36.4338 72.5349
v 31.4957 39.3028 72.3686
v 33.2714 36.4338 72.5349
v 31.1995 36.8112 74.6306
v 31.6601 40.6910 72.2811
v 32.4863 38.3163 73.5257
v 30.3008 38.5751 73.5246
v 31.6601 40.6910 72.2811
v 30.3008 38.5751 73.5246
v 30.2858 38.4385 71.3281
v 31.6601 40.6910 72.2811
v 30.2858 38.4385 71.3281
v 32.4713 38.1797 71.3292
v 30.3008 38.5751 73.5246
v 32.4713 38.1797 71.3292
v 30.2858 38.4385 71.3281
v 31.6601 40.6910 72.2811
v 32.4713 38.1797 71.3292
v 32.4863 38.3163 73.5257
v 30.3008 38.5751 73.5246
v 32.4863 38.3163 73.5257
v 32.4713 38.1797 71.3292
v 31.8062 41.9248 72.2034
v 32.2509 39.8819 73.0110
v 30.8959 40.0424 73.0103
v 31.8062 41.9248 72.2034
v 30.8959 40.0424 73.0103
v 30.8866 39.9576 71.6485
v 31.8062 41.9248 72.2034
v 30.8866 39.9576 71.6485
v 32.2416 39.7972 71.6491
v 30.8959 40.0424 73.0103
v 32.2416 39.7972 71.6491
v 30.8866 39.9576 71.6485
v 31.8062 41.9248 72.2034
v 32.2416 39.7972 71.6491
v 32.2509 39.8819 73.0110
v 30.8959 40.0424 73.0103
v 32.2509 39.8819 73.0110
v 32.2416 39.7972 71.6491
v -37.7015 40.2308 63.9951
v -39.9727 37.7161 64.0735
v -37.9821 37.6161 61.8569
v -37.7621 37.5485 66.0662
v -37.9821 37.6161 61.8569
v -39.9727 37.7161 64.0735
v -37.7015 40.2308 63.9951
v -37.9821 37.6161 61.8569
v -35.7715 37.4484 63.8495
v -37.7621 37.5485 66.0662
v -35.7715 37.4484 63.8495
v -37.9821 37.6161 61.8569
v -37.7015 40.2308 63.9951
v -35.7715 37.4484 63.8495
v -37.7621 37.5485 66.0662
v -37.7015 40.2308 63.9951
v -37.7621 37.5485 66.0662
v -39.9727 37.7161 64.0735
v -37.6112 41.6330 64.0129
v -38.8043 39.3484 65.1443
v -38.9196 39.3838 62.9395
v -37.6112 41.6330 64.0129
v -38.9196 39.3838 62.9395
v -36.7191 39.2436 62.8223
v -37.6112 41.6330 64.0129
v -36.7191 39.2436 62.8223
v -36.6039 39.2082 65.0270
v -38.9196 39.3838 62.9395
v -36.6039 39.2082 65.0270
v -36.7191 39.2436 62.8223
v -37.6112 41.6330 64.0129
v -36.6039 39.2082 65.0270
v -38.8043 39.3484 65.1443
v -38.9196 39.3838 62.9395
v -38.8043 39.3484 65.1443
v -36.6039 39.2082 65.0270
v -37.5309 42.8793 64.0287
v -38.3078 40.8865 64.7229
v -38.3792 40.9084 63.3559
v -37.5309 42.8793 64.0287
v -38.3792 40.9084 63.3559
v -37.0150 40.8215 63.2832
v -37.5309 42.8793 64.0287
v -37.0150 40.8215 63.2832
v -36.9435 40.7995 64.6501
v -38.3792 40.9084 63.3559
v -36.9435 40.7995 64.6501
v -37.0150 40.8215 63.2832
v -37.5309 42.8793 64.0287
v -36.9435 40.7995 64.6501
v -38.3078 40.8865 64.7229
v -38.3792 40.9084 63.3559
v -38.3078 40.8865 64.7229
v -36.9435 40.7995 64.6501
v 5.4760 38.4541 -25.1171
v 2.3246 35.2607 -24.9717
v 4.7611 35.1552 -28.0762
v 5.3989 34.7778 -22.5424
v 4.7611 35.1552 -28.0762
v 2.3246 35.2607 -24.9717
v 5.4760 38.4541 -25.1171
v 4.7611 35.1552 -28.0762
v 7.8355 34.6722 -25.6470
v 5.3989 34.7778 -22.5424
v 7.8355 34.6722 -25.6470
v 4.7611 35.1552 -28.0762
v 5.4760 38.4541 -25.1171
v 7.8355 34.6722 -25.6470
v 5.3989 34.7778 -22.5424
v 5.4760 38.4541 -25.1171
v 5.3989 34.7778 -22.5424
v 2.3246 35.2607 -24.9717
v 5.6856 40.3005 -25.0154
v 4.0600 37.2785 -23.5589
v 3.7260 37.4761 -26.4573
v 5.6856 40.3005 -25.0154
v 3.7260 37.4761 -26.4573
v 6.6125 37.1679 -26.8110
v 5.6856 40.3005 -25.0154
v 6.6125 37.1679 -26.8110
v 6.9465 36.9702 -23.9126
v 3.7260 37.4761 -26.4573
v 6.9465 36.9702 -23.9126
v 6.6125 37.1679 -26.8110
v 5.6856 40.3005 -25.0154
v 6.9465 36.9702 -23.9126
v 4.0600 37.2785 -23.5589
v 3.7260 37.4761 -26.4573
v 4.0600 37.2785 -23.5589
v 6.9465 36.9702 -23.9126
v 5.8720 41.9418 -24.9249
v 4.7779 39.3090 -24.0637
v 4.5708 39.4316 -25.8608
v 5.8720 41.9418 -24.9249
v 4.5708 39.4316 -25.8608
v 6.3604 39.2405 -26.0801
v 5.8720 41.9418 -24.9249
v 6.3604 39.2405 -26.0801
v 6.5675 39.1179 -24.2830
v 4.5708 39.4316 -25.8608
v 6.5675 39.1179 -24.2830
v 6.3604 39.2405 -26.0801
v 5.8720 41.9418 -24.9249
v 6.5675 39.1179 -24.2830
v 4.7779 39.3090 -24.0637
v 4.5708 39.4316 -25.8608
v 4.7779 39.3090 -24.0637
v 6.5675 39.1179 -24.2830
v -27.5475 37.2685 -54.8642
v -29.8827 34.7687 -54.8282
v -27.8608 34.6586 -57.0535
v -27.6680 34.5396 -52.8047
v -27.8608 34.6586 -57.0535
v -29.8827 34.7687 -54.8282
v -27.5475 37.2685 -54.8642
v -27.8608 34.6586 -57.0535
v -25.6461 34.4294 -55.0300
v -27.6680 34.5396 -52.8047
v -25.6461 34.4294 -55.0300
v -27.8608 34.6586 -57.0535
v -27.5475 37.2685 -54.8642
v -25.6461 34.4294 -55.0300
v -27.6680 34.5396 -52.8047
v -27.5475 37.2685 -54.8642
v -27.6680 34.5396 -52.8047
v -29.8827 34.7687 -54.8282
v -27.4327 38.6817 -54.8298
v -28.6831 36.3841 -53.7215
v -28.7841 36.4464 -55.9470
v -27.4327 38.6817 -54.8298
v -28.7841 36.4464 -55.9470
v -26.5651 36.2687 -56.0527
v -27.4327 38.6817 -54.8298
v -26.5651 36.2687 -56.0527
v -26.4641 36.2063 -53.8272
v -28.7841 36.4464 -55.9470
v -26.4641 36.2063 -53.8272
v -26.5651 36.2687 -56.0527
v -27.4327 38.6817 -54.8298
v -26.4641 36.2063 -53.8272
v -28.6831 36.3841 -53.7215
v -28.7841 36.4464 -55.9470
v -28.6831 36.3841 -53.7215
v -26.4641 36.2063 -53.8272
v -27.3306 39.9379 -54.7993
v -28.1531 37.9324 -54.1263
v -28.2157 37.9710 -55.5060
v -27.3306 39.9379 -54.7993
v -28.2157 37.9710 -55.5060
v -26.8399 37.8608 -55.5716
v -27.3306 39.9379 -54.7993
v -26.8399 37.8608 -55.5716
v -26.7773 37.8222 -54.1918
v -28.2157 37.9710 -55.5060
v -26.7773 37.8222 -54.1918
v -26.8399 37.8608 -55.5716
v -27.3306 39.9379 -54.7993
v -26.7773 37.8222 -54.1918
v -28.1531 37.9324 -54.1263
v -28.2157 37.9710 -55.5060
v -28.1531 37.9324 -54.1263
v -26.7773 37.8222 -54.1918
v 36.3071 34.9680 -6.5422
v 38.2652 32.7858 -6.5690
v 36.5740 32.7681 -4.6224
v 36.3251 32.5892 -8.2563
v 36.5740 32.7681 -4.6224
v 38.2652 32.7858 -6.5690
v 36.3071 34.9680 -6.5422
v 36.5740 32.7681 -4.6224
v 34.6340 32.5715 -6.3097
v 36.3251 32.5892 -8.2563
v 34.6340 32.5715 -6.3097
v 36.5740 32.7681 -4.6224
v 36.3071 34.9680 -6.5422
v 34.6340 32.5715 -6.3097
v 36.3251 32.5892 -8.2563
v 36.3071 34.9680 -6.5422
v 36.3251 32.5892 -8.2563
v 38.2652 32.7858 -6.5690
v 36.2317 36.1800 -6.5967
v 37.2432 34.1693 -7.5255
v 37.3736 34.2629 -5.6222
v 36.2317 36.1800 -6.5967
v 37.3736 34.2629 -5.6222
v 35.4716 34.1507 -5.4864
v 36.2317 36.1800 -6.5967
v 35.4716 34.1507 -5.4864
v 35.3412 34.0570 -7.3897
v 37.3736 34.2629 -5.6222
v 35.3412 34.0570 -7.3897
v 35.4716 34.1507 -5.4864
v 36.2317 36.1800 -6.5967
v 35.3412 34.0570 -7.3897
v 37.2432 34.1693 -7.5255
v 37.3736 34.2629 -5.6222
v 37.2432 34.1693 -7.5255
v 35.3412 34.0570 -7.3897
v 36.1647 37.2573 -6.6451
v 36.8228 35.5124 -7.1986
v 36.9036 35.5705 -6.0185
v 36.1647 37.2573 -6.6451
v 36.9036 35.5705 -6.0185
v 35.7244 35.5009 -5.9343
v 36.1647 37.2573 -6.6451
v 35.7244 35.5009 -5.9343
v 35.6436 35.4428 -7.1144
v 36.9036 35.5705 -6.0185
v 35.6436 35.4428 -7.1144
v 35.7244 35.5009 -5.9343
v 36.1647 37.2573 -6.6451
v 35.6436 35.4428 -7.1144
v 36.8228 35.5124 -7.1986
v 36.9036 35.5705 -6.0185
v 36.8228 35.5124 -7.1986
v 35.6436 35.4428 -7.1144
v 11.8752 36.6535 -18.8448
v 10.9893 34.0589 -20.5361
v 13.6972 34.1406 -19.7070
v 10.1582 34.1244 -17.8284
v 13.6972 34.1406 -19.7070
v 10.9893 34.0589 -20.5361
v 11.8752 36.6535 -18.8448
v 13.6972 34.1406 -19.7070
v 12.8661 34.2061 -16.9993
v 10.1582 34.1244 -17.8284
v 12.8661 34.2061 -16.9993
v 13.6972 34.1406 -19.7070
v 11.8752 36.6535 -18.8448
v 12.8661 34.2061 -16.9993
v 10.1582 34.1244 -17.8284
v 11.8752 36.6535 -18.8448
v 10.1582 34.1244 -17.8284
v 10.9893 34.0589 -20.5361
v 11.8474 37.9882 -18.8856
v 10.4754 35.7209 -19.2519
v 12.3290 35.7294 -20.2359
v 11.8474 37.9882 -18.8856
v 12.3290 35.7294 -20.2359
v 13.3121 35.8066 -18.3833
v 11.8474 37.9882 -18.8856
v 13.3121 35.8066 -18.3833
v 11.4585 35.7981 -17.3993
v 12.3290 35.7294 -20.2359
v 11.4585 35.7981 -17.3993
v 13.3121 35.8066 -18.3833
v 11.8474 37.9882 -18.8856
v 11.4585 35.7981 -17.3993
v 10.4754 35.7209 -19.2519
v 12.3290 35.7294 -20.2359
v 10.4754 35.7209 -19.2519
v 11.4585 35.7981 -17.3993
v 11.8227 39.1745 -18.9219
v 10.9835 37.2201 -19.1322
v 12.1327 37.2254 -19.7423
v 11.8227 39.1745 -18.9219
v 12.1327 37.2254 -19.7423
v 12.7422 37.2732 -18.5937
v 11.8227 39.1745 -18.9219
v 12.7422 37.2732 -18.5937
v 11.5930 37.2680 -17.9836
v 12.1327 37.2254 -19.7423
v 11.5930 37.2680 -17.9836
v 12.7422 37.2732 -18.5937
v 11.8227 39.1745 -18.9219
v 11.5930 37.2680 -17.9836
v 10.9835 37.2201 -19.1322
v 12.1327 37.2254 -19.7423
v 10.9835 37.2201 -19.1322
v 11.5930 37.2680 -17.9836
v 43.2488 35.5157 -34.1558
v 44.5299 33.4032 -34.9858
v 43.8884 33.3931 -32.7853
v 42.3347 33.5667 -35.6250
v 43.8884 33.3931 -32.7853
v 44.5299 33.4032 -34.9858
v 43.2488 35.5157 -34.1558
v 43.8884 33.3931 -32.7853
v 41.6933 33.5566 -33.4245
v 42.3347 33.5667 -35.6250
v 41.6933 33.5566 -33.4245
v 43.8884 33.3931 -32.7853
v 43.2488 35.5157 -34.1558
v 41.6933 33.5566 -33.4245
v 42.3347 33.5667 -35.6250
v 43.2488 35.5157 -34.1558
v 42.3347 33.5667 -35.6250
v 44.5299 33.4032 -34.9858
v 43.3215 36.5935 -34.1296
v 43.5364 34.8025 -35.3258
v 44.3502 34.7116 -33.8384
v 43.3215 36.5935 -34.1296
v 44.3502 34.7116 -33.8384
v 42.8644 34.7919 -33.0206
v 43.3215 36.5935 -34.1296
v 42.8644 34.7919 -33.0206
v 42.0506 34.8828 -34.5080
v 44.3502 34.7116 -33.8384
v 42.0506 34.8828 -34.5080
v 42.8644 34.7919 -33.0206
v 43.3215 36.5935 -34.1296
v 42.0506 34.8828 -34.5080
v 43.5364 34.8025 -35.3258
v 44.3502 34.7116 -33.8384
v 43.5364 34.8025 -35.3258
v 42.0506 34.8828 -34.5080
v 43.3861 37.5515 -34.1064
v 43.4894 35.9980 -34.8588
v 43.9940 35.9416 -33.9366
v 43.3861 37.5515 -34.1064
v 43.9940 35.9416 -33.9366
v 43.0728 35.9914 -33.4296
v 43.3861 37.5515 -34.1064
v 43.0728 35.9914 -33.4296
v 42.5683 36.0478 -34.3517
v 43.9940 35.9416 -33.9366
v 42.5683 36.0478 -34.3517
v 43.0728 35.9914 -33.4296
v 43.3861 37.5515 -34.1064
v 42.5683 36.0478 -34.3517
v 43.4894 35.9980 -34.8588
v 43.9940 35.9416 -33.9366
v 43.4894 35.9980 -34.8588
v 42.5683 36.0478 -34.3517
v 1.5477 36.0188 9.8998
v 0.9360 33.5633 8.1700
v 3.1116 33.3866 9.7520
v -0.6195 33.8974 10.3463
v 3.1116 33.3866 9.7520
v 0.9360 33.5633 8.1700
v 1.5477 36.0188 9.8998
v 3.1116 33.3866 9.7520
v 1.5562 33.7208 11.9284
v -0.6195 33.8974 10.3463
v 1.5562 33.7208 11.9284
v 3.1116 33.3866 9.7520
v 1.5477 36.0188 9.8998
v 1.5562 33.7208 11.9284
v -0.6195 33.8974 10.3463
v 1.5477 36.0188 9.8998
v -0.6195 33.8974 10.3463
v 0.9360 33.5633 8.1700
v 1.7073 37.2770 9.8208
v 0.3017 35.2725 9.1239
v 2.2559 35.0049 8.8126
v 1.7073 37.2770 9.8208
v 2.2559 35.0049 8.8126
v 2.5808 35.0874 10.7812
v 1.7073 37.2770 9.8208
v 2.5808 35.0874 10.7812
v 0.6265 35.3549 11.0925
v 2.2559 35.0049 8.8126
v 0.6265 35.3549 11.0925
v 2.5808 35.0874 10.7812
v 1.7073 37.2770 9.8208
v 0.6265 35.3549 11.0925
v 0.3017 35.2725 9.1239
v 2.2559 35.0049 8.8126
v 0.3017 35.2725 9.1239
v 0.6265 35.3549 11.0925
v 1.8493 38.3955 9.7505
v 0.9121 36.6354 9.3510
v 2.1237 36.4695 9.1580
v 1.8493 38.3955 9.7505
v 2.1237 36.4695 9.1580
v 2.3252 36.5206 10.3785
v 1.8493 38.3955 9.7505
v 2.3252 36.5206 10.3785
v 1.1135 36.6865 10.5715
v 2.1237 36.4695 9.1580
v 1.1135 36.6865 10.5715
v 2.3252 36.5206 10.3785
v 1.8493 38.3955 9.7505
v 1.1135 36.6865 10.5715
v 0.9121 36.6354 9.3510
v 2.1237 36.4695 9.1580
v 0.9121 36.6354 9.3510
v 1.1135 36.6865 10.5715
v 23.1411 37.4930 60.0208
v 24.8000 35.3292 60.4194
v 22.7087 35.3084 61.6436
v 23.5757 35.3624 58.3283
v 22.7087 35.3084 61.6436
v 24.8000 35.3292 60.4194
v 23.1411 37.4930 60.0208
v 22.7087 35.3084 61.6436
v 21.4843 35.3416 59.5525
v 23.5757 35.3624 58.3283
v 21.4843 35.3416 59.5525
v 22.7087 35.3084 61.6436
v 23.1411 37.4930 60.0208
v 21.4843 35.3416 59.5525
v 23.5757 35.3624 58.3283
v 23.1411 37.4930 60.0208
v 23.5757 35.3624 58.3283
v 24.8000 35.3292 60.4194
v 23.1405 38.6352 60.0392
v 24.2369 36.7424 59.3673
v 23.7828 36.7141 61.1038
v 23.1405 38.6352 60.0392
v 23.7828 36.7141 61.1038
v 22.0461 36.7206 60.6497
v 23.1405 38.6352 60.0392
v 22.0461 36.7206 60.6497
v 22.5002 36.7489 58.9132
v 23.7828 36.7141 61.1038
v 22.5002 36.7489 58.9132
v 22.0461 36.7206 60.6497
v 23.1405 38.6352 60.0392
v 22.5002 36.7489 58.9132
v 24.2369 36.7424 59.3673
v 23.7828 36.7141 61.1038
v 24.2369 36.7424 59.3673
v 22.5002 36.7489 58.9132
v 23.1400 39.6506 60.0557
v 23.8200 38.0074 59.6314
v 23.5384 37.9899 60.7081
v 23.1400 39.6506 60.0557
v 23.5384 37.9899 60.7081
v 22.4617 37.9939 60.4265
v 23.1400 39.6506 60.0557
v 22.4617 37.9939 60.4265
v 22.7432 38.0114 59.3499
v 23.5384 37.9899 60.7081
v 22.7432 38.0114 59.3499
v 22.4617 37.9939 60.4265
v 23.1400 39.6506 60.0557
v 22.7432 38.0114 59.3499
v 23.8200 38.0074 59.6314
v 23.5384 37.9899 60.7081
v 23.8200 38.0074 59.6314
v 22.7432 38.0114 59.3499
v -72.0987 35.6434 -0.2091
v -73.2057 33.1430 -1.3694
v -70.6005 33.3310 -1.3192
v -73.2692 33.3270 1.2358
v -70.6005 33.3310 -1.3192
v -73.2057 33.1430 -1.3694
v -72.0987 35.6434 -0.2091
v -70.6005 33.3310 -1.3192
v -70.6640 33.5150 1.2861
v -73.2692 33.3270 1.2358
v -70.6640 33.5150 1.2861
v -70.6005 33.3310 -1.3192
v -72.0987 35.6434 -0.2091
v -70.6640 33.5150 1.2861
v -73.2692 33.3270 1.2358
v -72.0987 35.6434 -0.2091
v -73.2692 33.3270 1.2358
v -73.2057 33.1430 -1.3694
v -72.1854 36.8687 -0.2978
v -73.4054 34.7281 -0.1763
v -72.0076 34.7302 -1.5146
v -72.1854 36.8687 -0.2978
v -72.0076 34.7302 -1.5146
v -70.6763 34.9250 -0.1237
v -72.1854 36.8687 -0.2978
v -70.6763 34.9250 -0.1237
v -72.0741 34.9229 1.2146
v -72.0076 34.7302 -1.5146
v -72.0741 34.9229 1.2146
v -70.6763 34.9250 -0.1237
v -72.1854 36.8687 -0.2978
v -72.0741 34.9229 1.2146
v -73.4054 34.7281 -0.1763
v -72.0076 34.7302 -1.5146
v -73.4054 34.7281 -0.1763
v -72.0741 34.9229 1.2146
v -72.2625 37.9578 -0.3766
v -72.9832 36.1269 -0.2649
v -72.1166 36.1282 -1.0946
v -72.2625 37.9578 -0.3766
v -72.1166 36.1282 -1.0946
v -71.2912 36.2490 -0.2322
v -72.2625 37.9578 -0.3766
v -71.2912 36.2490 -0.2322
v -72.1578 36.2477 0.5975
v -72.1166 36.1282 -1.0946
v -72.1578 36.2477 0.5975
v -71.2912 36.2490 -0.2322
v -72.2625 37.9578 -0.3766
v -72.1578 36.2477 0.5975
v -72.9832 36.1269 -0.2649
v -72.1166 36.1282 -1.0946
v -72.9832 36.1269 -0.2649
v -72.1578 36.2477 0.5975
v 19.1859 35.5083 19.7627
v 18.4103 33.2247 21.2906
v 17.7928 33.1867 18.8571
v 20.8397 33.3661 20.6718
v 17.7928 33.1867 18.8571
v 18.4103 33.2247 21.2906
v 19.1859 35.5083 19.7627
v 17.7928 33.1867 18.8571
v 20.2221 33.3281 18.2384
v 20.8397 33.3661 20.6718
v 20.2221 33.3281 18.2384
v 17.7928 33.1867 18.8571
v 19.1859 35.5083 19.7627
v 20.2221 33.3281 18.2384
v 20.8397 33.3661 20.6718
v 19.1859 35.5083 19.7627
v 20.8397 33.3661 20.6718
v 18.4103 33.2247 21.2906
v 19.1168 36.6899 19.7618
v 19.5553 34.7405 21.0379
v 17.9594 34.6465 20.0874
v 19.1168 36.6899 19.7618
v 17.9594 34.6465 20.0874
v 18.9084 34.7007 18.4888
v 19.1168 36.6899 19.7618
v 18.9084 34.7007 18.4888
v 20.5043 34.7947 19.4393
v 17.9594 34.6465 20.0874
v 20.5043 34.7947 19.4393
v 18.9084 34.7007 18.4888
v 19.1168 36.6899 19.7618
v 20.5043 34.7947 19.4393
v 19.5553 34.7405 21.0379
v 17.9594 34.6465 20.0874
v 19.5553 34.7405 21.0379
v 20.5043 34.7947 19.4393
v 19.0555 37.7402 19.7609
v 19.3557 36.0458 20.5525
v 18.3663 35.9876 19.9632
v 19.0555 37.7402 19.7609
v 18.3663 35.9876 19.9632
v 18.9546 36.0211 18.9721
v 19.0555 37.7402 19.7609
v 18.9546 36.0211 18.9721
v 19.9441 36.0794 19.5614
v 18.3663 35.9876 19.9632
v 19.9441 36.0794 19.5614
v 18.9546 36.0211 18.9721
v 19.0555 37.7402 19.7609
v 19.9441 36.0794 19.5614
v 19.3557 36.0458 20.5525
v 18.3663 35.9876 19.9632
v 19.3557 36.0458 20.5525
v 19.9441 36.0794 19.5614
v -55.0903 35.3659 -9.3832
v -56.5592 33.0951 -9.6436
v -54.4966 33.1561 -10.8483
v -55.3662 33.3450 -7.5883
v -54.4966 33.1561 -10.8483
v -56.5592 33.0951 -9.6436
v -55.0903 35.3659 -9.3832
v -54.4966 33.1561 -10.8483
v -53.3035 33.4060 -8.7931
v -55.3662 33.3450 -7.5883
v -53.3035 33.4060 -8.7931
v -54.4966 33.1561 -10.8483
v -55.0903 35.3659 -9.3832
v -53.3035 33.4060 -8.7931
v -55.3662 33.3450 -7.5883
v -55.0903 35.3659 -9.3832
v -55.3662 33.3450 -7.5883
v -56.5592 33.0951 -9.6436
v -55.1745 36.4858 -9.4706
v -56.1146 34.5873 -8.6940
v -55.6591 34.4884 -10.4015
v -55.1745 36.4858 -9.4706
v -55.6591 34.4884 -10.4015
v -53.9539 34.6513 -9.9561
v -55.1745 36.4858 -9.4706
v -53.9539 34.6513 -9.9561
v -54.4094 34.7502 -8.2485
v -55.6591 34.4884 -10.4015
v -54.4094 34.7502 -8.2485
v -53.9539 34.6513 -9.9561
v -55.1745 36.4858 -9.4706
v -54.4094 34.7502 -8.2485
v -56.1146 34.5873 -8.6940
v -55.6591 34.4884 -10.4015
v -56.1146 34.5873 -8.6940
v -54.4094 34.7502 -8.2485
v -55.2493 37.4812 -9.5482
v -55.7976 35.8438 -9.0308
v -55.5152 35.7825 -10.0895
v -55.2493 37.4812 -9.5482
v -55.5152 35.7825 -10.0895
v -54.4579 35.8834 -9.8133
v -55.2493 37.4812 -9.5482
v -54.4579 35.8834 -9.8133
v -54.7403 35.9448 -8.7546
v -55.5152 35.7825 -10.0895
v -54.7403 35.9448 -8.7546
v -54.4579 35.8834 -9.8133
v -55.2493 37.4812 -9.5482
v -54.7403 35.9448 -8.7546
v -55.7976 35.8438 -9.0308
v -55.5152 35.7825 -10.0895
v -55.7976 35.8438 -9.0308
v -54.7403 35.9448 -8.7546
v 31.7640 35.4245 -21.6277
v 32.8650 33.6274 -20.9435
v 30.9314 33.5907 -20.7036
v 32.6228 33.8024 -22.8693
v 30.9314 33.5907 -20.7036
v 32.8650 33.6274 -20.9435
v 31.7640 35.4245 -21.6277
v 30.9314 33.5907 -20.7036
v 30.6891 33.7658 -22.6294
v 32.6228 33.8024 -22.8693
v 30.6891 33.7658 -22.6294
v 30.9314 33.5907 -20.7036
v 31.7640 35.4245 -21.6277
v 30.6891 33.7658 -22.6294
v 32.6228 33.8024 -22.8693
v 31.7640 35.4245 -21.6277
v 32.6228 33.8024 -22.8693
v 32.8650 33.6274 -20.9435
v 31.7571 36.3394 -21.5437
v 32.7814 34.8339 -21.8094
v 31.8955 34.7230 -20.6751
v 31.7571 36.3394 -21.5437
v 31.8955 34.7230 -20.6751
v 30.7558 34.7955 -21.5581
v 31.7571 36.3394 -21.5437
v 30.7558 34.7955 -21.5581
v 31.6417 34.9064 -22.6924
v 31.8955 34.7230 -20.6751
v 31.6417 34.9064 -22.6924
v 30.7558 34.7955 -21.5581
v 31.7571 36.3394 -21.5437
v 31.6417 34.9064 -22.6924
v 32.7814 34.8339 -21.8094
v 31.8955 34.7230 -20.6751
v 32.7814 34.8339 -21.8094
v 31.6417 34.9064 -22.6924
v 31.7509 37.1525 -21.4690
v 32.3889 35.8430 -21.6683
v 31.8396 35.7743 -20.9650
v 31.7509 37.1525 -21.4690
v 31.8396 35.7743 -20.9650
v 31.1330 35.8192 -21.5125
v 31.7509 37.1525 -21.4690
v 31.1330 35.8192 -21.5125
v 31.6823 35.8880 -22.2158
v 31.8396 35.7743 -20.9650
v 31.6823 35.8880 -22.2158
v 31.1330 35.8192 -21.5125
v 31.7509 37.1525 -21.4690
v 31.6823 35.8880 -22.2158
v 32.3889 35.8430 -21.6683
v 31.8396 35.7743 -20.9650
v 32.3889 35.8430 -21.6683
v 31.6823 35.8880 -22.2158
v 0.5603 37.2071 26.6009
v 0.1237 34.2540 24.4911
v 2.5679 34.1524 26.5770
v -1.9458 34.5665 26.9314
v 2.5679 34.1524 26.5770
v 0.1237 34.2540 24.4911
v 0.5603 37.2071 26.6009
v 2.5679 34.1524 26.5770
v 0.4984 34.4649 29.0173
v -1.9458 34.5665 26.9314
v 0.4984 34.4649 29.0173
v 2.5679 34.1524 26.5770
v 0.5603 37.2071 26.6009
v 0.4984 34.4649 29.0173
v -1.9458 34.5665 26.9314
v 0.5603 37.2071 26.6009
v -1.9458 34.5665 26.9314
v 0.1237 34.2540 24.4911
v 0.6922 38.7146 26.5197
v -0.8080 36.2552 25.5625
v 1.5563 36.0383 25.3768
v 0.6922 38.7146 26.5197
v 1.5563 36.0383 25.3768
v 1.7525 36.1488 27.7476
v 0.6922 38.7146 26.5197
v 1.7525 36.1488 27.7476
v -0.6117 36.3657 27.9332
v 1.5563 36.0383 25.3768
v -0.6117 36.3657 27.9332
v 1.7525 36.1488 27.7476
v 0.6922 38.7146 26.5197
v -0.6117 36.3657 27.9332
v -0.8080 36.2552 25.5625
v 1.5563 36.0383 25.3768
v -0.8080 36.2552 25.5625
v -0.6117 36.3657 27.9332
v 0.8095 40.0547 26.4475
v -0.1749 37.9101 25.8875
v 1.2910 37.7756 25.7723
v 0.8095 40.0547 26.4475
v 1.2910 37.7756 25.7723
v 1.4127 37.8441 27.2422
v 0.8095 40.0547 26.4475
v 1.4127 37.8441 27.2422
v -0.0532 37.9786 27.3573
v 1.2910 37.7756 25.7723
v -0.0532 37.9786 27.3573
v 1.4127 37.8441 27.2422
v 0.8095 40.0547 26.4475
v -0.0532 37.9786 27.3573
v -0.1749 37.9101 25.8875
v 1.2910 37.7756 25.7723
v -0.1749 37.9101 25.8875
v -0.0532 37.9786 27.3573
v 62.9849 34.2718 -17.3441
v 64.6182 31.8975 -18.1305
v 63.5789 31.8371 -15.7185
v 62.2076 32.0356 -19.1658
v 63.5789 31.8371 -15.7185
v 64.6182 31.8975 -18.1305
v 62.9849 34.2718 -17.3441
v 63.5789 31.8371 -15.7185
v 61.1682 31.9751 -16.7537
v 62.2076 32.0356 -19.1658
v 61.1682 31.9751 -16.7537
v 63.5789 31.8371 -15.7185
v 62.9849 34.2718 -17.3441
v 61.1682 31.9751 -16.7537
v 62.2076 32.0356 -19.1658
v 62.9849 34.2718 -17.3441
v 62.2076 32.0356 -19.1658
v 64.6182 31.8975 -18.1305
v 63.0334 35.5082 -17.2922
v 63.4969 33.4791 -18.6421
v 64.2151 33.3752 -16.8365
v 63.0334 35.5082 -17.2922
v 64.2151 33.3752 -16.8365
v 62.4081 33.4158 -16.1153
v 63.0334 35.5082 -17.2922
v 62.4081 33.4158 -16.1153
v 61.6899 33.5198 -17.9210
v 64.2151 33.3752 -16.8365
v 61.6899 33.5198 -17.9210
v 62.4081 33.4158 -16.1153
v 63.0334 35.5082 -17.2922
v 61.6899 33.5198 -17.9210
v 63.4969 33.4791 -18.6421
v 64.2151 33.3752 -16.8365
v 63.4969 33.4791 -18.6421
v 61.6899 33.5198 -17.9210
v 63.0765 36.6072 -17.2461
v 63.3439 34.8409 -18.1044
v 63.7892 34.7764 -16.9849
v 63.0765 36.6072 -17.2461
v 63.7892 34.7764 -16.9849
v 62.6689 34.8016 -16.5378
v 63.0765 36.6072 -17.2461
v 62.6689 34.8016 -16.5378
v 62.2236 34.8661 -17.6573
v 63.7892 34.7764 -16.9849
v 62.2236 34.8661 -17.6573
v 62.6689 34.8016 -16.5378
v 63.0765 36.6072 -17.2461
v 62.2236 34.8661 -17.6573
v 63.3439 34.8409 -18.1044
v 63.7892 34.7764 -16.9849
v 63.3439 34.8409 -18.1044
v 62.2236 34.8661 -17.6573
v 68.7958 34.9507 42.1374
v 67.1584 33.1253 41.9921
v 68.7347 33.1075 40.5148
v 68.6303 32.9582 43.5646
v 68.7347 33.1075 40.5148
v 67.1584 33.1253 41.9921
v 68.7958 34.9507 42.1374
v 68.7347 33.1075 40.5148
v 70.2066 32.9404 42.0874
v 68.6303 32.9582 43.5646
v 70.2066 32.9404 42.0874
v 68.7347 33.1075 40.5148
v 68.7958 34.9507 42.1374
v 70.2066 32.9404 42.0874
v 68.6303 32.9582 43.5646
v 68.7958 34.9507 42.1374
v 68.6303 32.9582 43.5646
v 67.1584 33.1253 41.9921
v 68.8557 35.9660 42.1891
v 67.9302 34.2831 42.8767
v 67.9849 34.3613 41.2793
v 68.8557 35.9660 42.1891
v 67.9849 34.3613 41.2793
v 69.5814 34.2645 41.3292
v 68.8557 35.9660 42.1891
v 69.5814 34.2645 41.3292
v 69.5268 34.1863 42.9266
v 67.9849 34.3613 41.2793
v 69.5268 34.1863 42.9266
v 69.5814 34.2645 41.3292
v 68.8557 35.9660 42.1891
v 69.5268 34.1863 42.9266
v 67.9302 34.2831 42.8767
v 67.9849 34.3613 41.2793
v 67.9302 34.2831 42.8767
v 69.5268 34.1863 42.9266
v 68.9090 36.8685 42.2351
v 68.3105 35.4077 42.6402
v 68.3445 35.4562 41.6497
v 68.9090 36.8685 42.2351
v 68.3445 35.4562 41.6497
v 69.3343 35.3962 41.6807
v 68.9090 36.8685 42.2351
v 69.3343 35.3962 41.6807
v 69.3004 35.3477 42.6711
v 68.3445 35.4562 41.6497
v 69.3004 35.3477 42.6711
v 69.3343 35.3962 41.6807
v 68.9090 36.8685 42.2351
v 69.3004 35.3477 42.6711
v 68.3105 35.4077 42.6402
v 68.3445 35.4562 41.6497
v 68.3105 35.4077 42.6402
v 69.3004 35.3477 42.6711
v -37.6489 35.7167 -32.3166
v -37.8960 33.3420 -34.1511
v -35.6847 33.4671 -32.6998
v -39.3448 33.2582 -31.9362
v -35.6847 33.4671 -32.6998
v -37.8960 33.3420 -34.1511
v -37.6489 35.7167 -32.3166
v -35.6847 33.4671 -32.6998
v -37.1335 33.3833 -30.4849
v -39.3448 33.2582 -31.9362
v -37.1335 33.3833 -30.4849
v -35.6847 33.4671 -32.6998
v -37.6489 35.7167 -32.3166
v -37.1335 33.3833 -30.4849
v -39.3448 33.2582 -31.9362
v -37.6489 35.7167 -32.3166
v -39.3448 33.2582 -31.9362
v -37.8960 33.3420 -34.1511
v -37.7198 36.9629 -32.3159
v -38.7598 34.8203 -33.0772
v -36.8427 34.9298 -33.4772
v -37.7198 36.9629 -32.3159
v -36.8427 34.9298 -33.4772
v -36.4433 34.9514 -31.5569
v -37.7198 36.9629 -32.3159
v -36.4433 34.9514 -31.5569
v -38.3604 34.8420 -31.1570
v -36.8427 34.9298 -33.4772
v -38.3604 34.8420 -31.1570
v -36.4433 34.9514 -31.5569
v -37.7198 36.9629 -32.3159
v -38.3604 34.8420 -31.1570
v -38.7598 34.8203 -33.0772
v -36.8427 34.9298 -33.4772
v -38.7598 34.8203 -33.0772
v -38.3604 34.8420 -31.1570
v -37.7829 38.0707 -32.3152
v -38.3985 36.2300 -32.7876
v -37.2099 36.2978 -33.0356
v -37.7829 38.0707 -32.3152
v -37.2099 36.2978 -33.0356
v -36.9623 36.3112 -31.8450
v -37.7829 38.0707 -32.3152
v -36.9623 36.3112 -31.8450
v -38.1509 36.2434 -31.5970
v -37.2099 36.2978 -33.0356
v -38.1509 36.2434 -31.5970
v -36.9623 36.3112 -31.8450
v -37.7829 38.0707 -32.3152
v -38.1509 36.2434 -31.5970
v -38.3985 36.2300 -32.7876
v -37.2099 36.2978 -33.0356
v -38.3985 36.2300 -32.7876
v -38.1509 36.2434 -31.5970
v -47.6932 37.8032 16.9462
v -45.5922 34.6103 15.5568
v -46.3113 34.6158 19.0605
v -49.0959 34.6210 14.8376
v -46.3113 34.6158 19.0605
v -45.5922 34.6103 15.5568
v -47.6932 37.8032 16.9462
v -46.3113 34.6158 19.0605
v -49.8150 34.6265 18.3413
v -49.0959 34.6210 14.8376
v -49.8150 34.6265 18.3413
v -46.3113 34.6158 19.0605
v -47.6932 37.8032 16.9462
v -49.8150 34.6265 18.3413
v -49.0959 34.6210 14.8376
v -47.6932 37.8032 16.9462
v -49.0959 34.6210 14.8376
v -45.5922 34.6103 15.5568
v -47.6878 39.4893 16.9447
v -47.3202 36.6763 15.1120
v -45.8617 36.6735 17.3239
v -47.6878 39.4893 16.9447
v -45.8617 36.6735 17.3239
v -48.0736 36.6820 18.7824
v -47.6878 39.4893 16.9447
v -48.0736 36.6820 18.7824
v -49.5321 36.6848 16.5705
v -45.8617 36.6735 17.3239
v -49.5321 36.6848 16.5705
v -48.0736 36.6820 18.7824
v -47.6878 39.4893 16.9447
v -49.5321 36.6848 16.5705
v -47.3202 36.6763 15.1120
v -45.8617 36.6735 17.3239
v -47.3202 36.6763 15.1120
v -49.5321 36.6848 16.5705
v -47.6829 40.9880 16.9433
v -47.4573 38.5508 15.8077
v -46.5530 38.5491 17.1791
v -47.6829 40.9880 16.9433
v -46.5530 38.5491 17.1791
v -47.9243 38.5544 18.0833
v -47.6829 40.9880 16.9433
v -47.9243 38.5544 18.0833
v -48.8286 38.5561 16.7120
v -46.5530 38.5491 17.1791
v -48.8286 38.5561 16.7120
v -47.9243 38.5544 18.0833
v -47.6829 40.9880 16.9433
v -48.8286 38.5561 16.7120
v -47.4573 38.5508 15.8077
v -46.5530 38.5491 17.1791
v -47.4573 38.5508 15.8077
v -48.8286 38.5561 16.7120
v 26.4604 33.7520 2.6532
v 27.3765 32.4928 3.1928
v 25.9499 32.3891 3.4264
v 27.1390 32.5418 1.7639
v 25.9499 32.3891 3.4264
v 27.3765 32.4928 3.1928
v 26.4604 33.7520 2.6532
v 25.9499 32.3891 3.4264
v 25.7123 32.4381 1.9975
v 27.1390 32.5418 1.7639
v 25.7123 32.4381 1.9975
v 25.9499 32.3891 3.4264
v 26.4604 33.7520 2.6532
v 25.7123 32.4381 1.9975
v 27.1390 32.5418 1.7639
v 26.4604 33.7520 2.6532
v 27.1390 32.5418 1.7639
v 27.3765 32.4928 3.1928
v 26.4160 34.4330 2.6840
v 27.2373 33.3522 2.5104
v 26.6145 33.2722 3.3812
v 26.4160 34.4330 2.6840
v 26.6145 33.2722 3.3812
v 25.7429 33.2436 2.7551
v 26.4160 34.4330 2.6840
v 25.7429 33.2436 2.7551
v 26.3657 33.3236 1.8843
v 26.6145 33.2722 3.3812
v 26.3657 33.3236 1.8843
v 25.7429 33.2436 2.7551
v 26.4160 34.4330 2.6840
v 26.3657 33.3236 1.8843
v 27.2373 33.3522 2.5104
v 26.6145 33.2722 3.3812
v 27.2373 33.3522 2.5104
v 26.3657 33.3236 1.8843
v 26.3765 35.0385 2.7113
v 26.9040 34.0883 2.5910
v 26.5179 34.0388 3.1310
v 26.3765 35.0385 2.7113
v 26.5179 34.0388 3.1310
v 25.9774 34.0210 2.7428
v 26.3765 35.0385 2.7113
v 25.9774 34.0210 2.7428
v 26.3636 34.0706 2.2029
v 26.5179 34.0388 3.1310
v 26.3636 34.0706 2.2029
v 25.9774 34.0210 2.7428
v 26.3765 35.0385 2.7113
v 26.3636 34.0706 2.2029
v 26.9040 34.0883 2.5910
v 26.5179 34.0388 3.1310
v 26.9040 34.0883 2.5910
v 26.3636 34.0706 2.2029
v 54.0535 35.5723 18.2577
v 55.0410 33.0922 19.9513
v 52.3479 33.1065 19.2603
v 55.7320 33.0867 17.2582
v 52.3479 33.1065 19.2603
v 55.0410 33.0922 19.9513
v 54.0535 35.5723 18.2577
v 52.3479 33.1065 19.2603
v 53.0389 33.1011 16.5671
v 55.7320 33.0867 17.2582
v 53.0389 33.1011 16.5671
v 52.3479 33.1065 19.2603
v 54.0535 35.5723 18.2577
v 53.0389 33.1011 16.5671
v 55.7320 33.0867 17.2582
v 54.0535 35.5723 18.2577
v 55.7320 33.0867 17.2582
v 55.0410 33.0922 19.9513
v 54.0607 36.8829 18.2569
v 55.4593 34.6910 18.6202
v 53.6868 34.7014 19.6688
v 54.0607 36.8829 18.2569
v 53.6868 34.7014 19.6688
v 52.6382 34.7060 17.8963
v 54.0607 36.8829 18.2569
v 52.6382 34.7060 17.8963
v 54.4107 34.6957 16.8476
v 53.6868 34.7014 19.6688
v 54.4107 34.6957 16.8476
v 52.6382 34.7060 17.8963
v 54.0607 36.8829 18.2569
v 54.4107 34.6957 16.8476
v 55.4593 34.6910 18.6202
v 53.6868 34.7014 19.6688
v 55.4593 34.6910 18.6202
v 54.4107 34.6957 16.8476
v 54.0671 38.0480 18.2561
v 54.9313 36.1502 18.4817
v 53.8323 36.1566 19.1319
v 54.0671 38.0480 18.2561
v 53.8323 36.1566 19.1319
v 53.1822 36.1595 18.0329
v 54.0671 38.0480 18.2561
v 53.1822 36.1595 18.0329
v 54.2811 36.1530 17.3828
v 53.8323 36.1566 19.1319
v 54.2811 36.1530 17.3828
v 53.1822 36.1595 18.0329
v 54.0671 38.0480 18.2561
v 54.2811 36.1530 17.3828
v 54.9313 36.1502 18.4817
v 53.8323 36.1566 19.1319
v 54.9313 36.1502 18.4817
v 54.2811 36.1530 17.3828
v 21.6852 36.2684 -36.3271
v 20.6222 33.9279 -35.3349
v 21.0861 33.9635 -37.7132
v 22.9695 34.3130 -34.8713
v 21.0861 33.9635 -37.7132
v 20.6222 33.9279 -35.3349
v 21.6852 36.2684 -36.3271
v 21.0861 33.9635 -37.7132
v 23.4333 34.3486 -37.2495
v 22.9695 34.3130 -34.8713
v 23.4333 34.3486 -37.2495
v 21.0861 33.9635 -37.7132
v 21.6852 36.2684 -36.3271
v 23.4333 34.3486 -37.2495
v 22.9695 34.3130 -34.8713
v 21.6852 36.2684 -36.3271
v 22.9695 34.3130 -34.8713
v 20.6222 33.9279 -35.3349
v 21.5039 37.3962 -36.3456
v 21.5632 35.4980 -35.0691
v 20.5767 35.3149 -36.5576
v 21.5039 37.3962 -36.3456
v 20.5767 35.3149 -36.5576
v 22.0491 35.5353 -37.5605
v 21.5039 37.3962 -36.3456
v 22.0491 35.5353 -37.5605
v 23.0356 35.7183 -36.0720
v 20.5767 35.3149 -36.5576
v 23.0356 35.7183 -36.0720
v 22.0491 35.5353 -37.5605
v 21.5039 37.3962 -36.3456
v 23.0356 35.7183 -36.0720
v 21.5632 35.4980 -35.0691
v 20.5767 35.3149 -36.5576
v 21.5632 35.4980 -35.0691
v 23.0356 35.7183 -36.0720
v 21.3427 38.3986 -36.3621
v 21.4540 36.7581 -35.5630
v 20.8424 36.6446 -36.4859
v 21.3427 38.3986 -36.3621
v 20.8424 36.6446 -36.4859
v 21.7553 36.7812 -37.1077
v 21.3427 38.3986 -36.3621
v 21.7553 36.7812 -37.1077
v 22.3669 36.8947 -36.1848
v 20.8424 36.6446 -36.4859
v 22.3669 36.8947 -36.1848
v 21.7553 36.7812 -37.1077
v 21.3427 38.3986 -36.3621
v 22.3669 36.8947 -36.1848
v 21.4540 36.7581 -35.5630
v 20.8424 36.6446 -36.4859
v 21.4540 36.7581 -35.5630
v 22.3669 36.8947 -36.1848
v 61.6482 34.0728 -74.0164
v 60.7041 32.5231 -72.8166
v 60.2151 32.5705 -74.6656
v 62.5273 32.2138 -73.3067
v 60.2151 32.5705 -74.6656
v 60.7041 32.5231 -72.8166
v 61.6482 34.0728 -74.0164
v 60.2151 32.5705 -74.6656
v 62.0384 32.2612 -75.1558
v 62.5273 32.2138 -73.3067
v 62.0384 32.2612 -75.1558
v 60.2151 32.5705 -74.6656
v 61.6482 34.0728 -74.0164
v 62.0384 32.2612 -75.1558
v 62.5273 32.2138 -73.3067
v 61.6482 34.0728 -74.0164
v 62.5273 32.2138 -73.3067
v 60.7041 32.5231 -72.8166
v 61.7949 34.9625 -74.0323
v 61.8066 33.4548 -73.0372
v 60.5955 33.6416 -73.7490
v 61.7949 34.9625 -74.0323
v 60.5955 33.6416 -73.7490
v 61.2943 33.5044 -74.9742
v 61.7949 34.9625 -74.0323
v 61.2943 33.5044 -74.9742
v 62.5055 33.3176 -74.2624
v 60.5955 33.6416 -73.7490
v 62.5055 33.3176 -74.2624
v 61.2943 33.5044 -74.9742
v 61.7949 34.9625 -74.0323
v 62.5055 33.3176 -74.2624
v 61.8066 33.4548 -73.0372
v 60.5955 33.6416 -73.7490
v 61.8066 33.4548 -73.0372
v 62.5055 33.3176 -74.2624
v 61.9253 35.7534 -74.0465
v 61.8722 34.4528 -73.4230
v 61.1213 34.5686 -73.8643
v 61.9253 35.7534 -74.0465
v 61.1213 34.5686 -73.8643
v 61.5546 34.4836 -74.6239
v 61.9253 35.7534 -74.0465
v 61.5546 34.4836 -74.6239
v 62.3055 34.3677 -74.1826
v 61.1213 34.5686 -73.8643
v 62.3055 34.3677 -74.1826
v 61.5546 34.4836 -74.6239
v 61.9253 35.7534 -74.0465
v 62.3055 34.3677 -74.1826
v 61.8722 34.4528 -73.4230
v 61.1213 34.5686 -73.8643
v 61.8722 34.4528 -73.4230
v 62.3055 34.3677 -74.1826
v -22.0076 39.3256 59.1890
v -20.3787 36.9261 58.6381
v -21.5559 37.0005 60.9509
v -22.6891 37.0330 57.4586
v -21.5559 37.0005 60.9509
v -20.3787 36.9261 58.6381
v -22.0076 39.3256 59.1890
v -21.5559 37.0005 60.9509
v -23.8663 37.1074 59.7715
v -22.6891 37.0330 57.4586
v -23.8663 37.1074 59.7715
v -21.5559 37.0005 60.9509
v -22.0076 39.3256 59.1890
v -23.8663 37.1074 59.7715
v -22.6891 37.0330 57.4586
v -22.0076 39.3256 59.1890
v -22.6891 37.0330 57.4586
v -20.3787 36.9261 58.6381
v -21.9467 40.5480 59.1806
v -21.4315 38.4717 57.9831
v -20.8380 38.4547 59.8123
v -21.9467 40.5480 59.1806
v -20.8380 38.4547 59.8123
v -22.6647 38.5497 60.4060
v -21.9467 40.5480 59.1806
v -22.6647 38.5497 60.4060
v -23.2583 38.5667 58.5768
v -20.8380 38.4547 59.8123
v -23.2583 38.5667 58.5768
v -22.6647 38.5497 60.4060
v -21.9467 40.5480 59.1806
v -23.2583 38.5667 58.5768
v -21.4315 38.4717 57.9831
v -20.8380 38.4547 59.8123
v -21.4315 38.4717 57.9831
v -23.2583 38.5667 58.5768
v -21.8927 41.6345 59.1732
v -21.5983 39.8447 58.4342
v -21.2303 39.8342 59.5683
v -21.8927 41.6345 59.1732
v -21.2303 39.8342 59.5683
v -22.3629 39.8930 59.9363
v -21.8927 41.6345 59.1732
v -22.3629 39.8930 59.9363
v -22.7309 39.9036 58.8022
v -21.2303 39.8342 59.5683
v -22.7309 39.9036 58.8022
v -22.3629 39.8930 59.9363
v -21.8927 41.6345 59.1732
v -22.7309 39.9036 58.8022
v -21.5983 39.8447 58.4342
v -21.2303 39.8342 59.5683
v -21.5983 39.8447 58.4342
v -22.7309 39.9036 58.8022
v 29.4896 37.3231 29.7638
v 29.0438 34.2190 32.0644
v 27.0699 34.3180 29.2724
v 31.8372 34.2393 30.0902
v 27.0699 34.3180 29.2724
v 29.0438 34.2190 32.0644
v 29.4896 37.3231 29.7638
v 27.0699 34.3180 29.2724
v 29.8633 34.3383 27.2983
v 31.8372 34.2393 30.0902
v 29.8633 34.3383 27.2983
v 27.0699 34.3180 29.2724
v 29.4896 37.3231 29.7638
v 29.8633 34.3383 27.2983
v 31.8372 34.2393 30.0902
v 29.4896 37.3231 29.7638
v 31.8372 34.2393 30.0902
v 29.0438 34.2190 32.0644
v 29.5087 38.9349 29.8074
v 30.5107 36.1968 31.1970
v 28.0138 36.2379 30.7687
v 29.5087 38.9349 29.8074
v 28.0138 36.2379 30.7687
v 28.4430 36.3005 28.2723
v 29.5087 38.9349 29.8074
v 28.4430 36.3005 28.2723
v 30.9400 36.2593 28.7007
v 28.0138 36.2379 30.7687
v 30.9400 36.2593 28.7007
v 28.4430 36.3005 28.2723
v 29.5087 38.9349 29.8074
v 30.9400 36.2593 28.7007
v 30.5107 36.1968 31.1970
v 28.0138 36.2379 30.7687
v 30.5107 36.1968 31.1970
v 30.9400 36.2593 28.7007
v 29.5257 40.3676 29.8462
v 30.1391 38.0073 30.6898
v 28.5910 38.0329 30.4243
v 29.5257 40.3676 29.8462
v 28.5910 38.0329 30.4243
v 28.8571 38.0716 28.8765
v 29.5257 40.3676 29.8462
v 28.8571 38.0716 28.8765
v 30.4052 38.0461 29.1421
v 28.5910 38.0329 30.4243
v 30.4052 38.0461 29.1421
v 28.8571 38.0716 28.8765
v 29.5257 40.3676 29.8462
v 30.4052 38.0461 29.1421
v 30.1391 38.0073 30.6898
v 28.5910 38.0329 30.4243
v 30.1391 38.0073 30.6898
v 30.4052 38.0461 29.1421
v 25.3412 36.5771 -9.8212
v 27.5654 33.8022 -9.8932
v 25.4799 33.8334 -7.5618
v 25.2338 33.7508 -11.9782
v 25.4799 33.8334 -7.5618
v 27.5654 33.8022 -9.8932
v 25.3412 36.5771 -9.8212
v 25.4799 33.8334 -7.5618
v 23.1483 33.7820 -9.6467
v 25.2338 33.7508 -11.9782
v 23.1483 33.7820 -9.6467
v 25.4799 33.8334 -7.5618
v 25.3412 36.5771 -9.8212
v 23.1483 33.7820 -9.6467
v 25.2338 33.7508 -11.9782
v 25.3412 36.5771 -9.8212
v 25.2338 33.7508 -11.9782
v 27.5654 33.8022 -9.8932
v 25.3329 38.0515 -9.8483
v 26.4391 35.5778 -11.0243
v 26.5680 35.6211 -8.7111
v 25.3329 38.0515 -9.8483
v 26.5680 35.6211 -8.7111
v 24.2544 35.6105 -8.5820
v 25.3329 38.0515 -9.8483
v 24.2544 35.6105 -8.5820
v 24.1255 35.5672 -10.8952
v 26.5680 35.6211 -8.7111
v 24.1255 35.5672 -10.8952
v 24.2544 35.6105 -8.5820
v 25.3329 38.0515 -9.8483
v 24.1255 35.5672 -10.8952
v 26.4391 35.5778 -11.0243
v 26.5680 35.6211 -8.7111
v 26.4391 35.5778 -11.0243
v 24.1255 35.5672 -10.8952
v 25.3256 39.3621 -9.8724
v 26.0148 37.2223 -10.5904
v 26.0947 37.2491 -9.1562
v 25.3256 39.3621 -9.8724
v 26.0947 37.2491 -9.1562
v 24.6603 37.2425 -9.0761
v 25.3256 39.3621 -9.8724
v 24.6603 37.2425 -9.0761
v 24.5804 37.2157 -10.5103
v 26.0947 37.2491 -9.1562
v 24.5804 37.2157 -10.5103
v 24.6603 37.2425 -9.0761
v 25.3256 39.3621 -9.8724
v 24.5804 37.2157 -10.5103
v 26.0148 37.2223 -10.5904
v 26.0947 37.2491 -9.1562
v 26.0148 37.2223 -10.5904
v 24.5804 37.2157 -10.5103
v 4.3435 37.2508 38.9306
v 2.5761 34.2867 38.3998
v 5.3605 34.4473 37.1147
v 3.8388 34.6270 41.1782
v 5.3605 34.4473 37.1147
v 2.5761 34.2867 38.3998
v 4.3435 37.2508 38.9306
v 5.3605 34.4473 37.1147
v 6.6232 34.7875 39.8932
v 3.8388 34.6270 41.1782
v 6.6232 34.7875 39.8932
v 5.3605 34.4473 37.1147
v 4.3435 37.2508 38.9306
v 6.6232 34.7875 39.8932
v 3.8388 34.6270 41.1782
v 4.3435 37.2508 38.9306
v 3.8388 34.6270 41.1782
v 2.5761 34.2867 38.3998
v 4.2079 38.6875 38.8163
v 2.9755 36.2090 39.6799
v 3.7726 36.1149 37.5515
v 4.2079 38.6875 38.8163
v 3.7726 36.1149 37.5515
v 5.8923 36.3772 38.3337
v 4.2079 38.6875 38.8163
v 5.8923 36.3772 38.3337
v 5.0953 36.4713 40.4621
v 3.7726 36.1149 37.5515
v 5.0953 36.4713 40.4621
v 5.8923 36.3772 38.3337
v 4.2079 38.6875 38.8163
v 5.0953 36.4713 40.4621
v 2.9755 36.2090 39.6799
v 3.7726 36.1149 37.5515
v 2.9755 36.2090 39.6799
v 5.0953 36.4713 40.4621
v 4.0874 39.9646 38.7147
v 3.3790 37.8372 39.2971
v 3.8732 37.7789 37.9775
v 4.0874 39.9646 38.7147
v 3.8732 37.7789 37.9775
v 5.1874 37.9415 38.4625
v 4.0874 39.9646 38.7147
v 5.1874 37.9415 38.4625
v 4.6933 37.9999 39.7821
v 3.8732 37.7789 37.9775
v 4.6933 37.9999 39.7821
v 5.1874 37.9415 38.4625
v 4.0874 39.9646 38.7147
v 4.6933 37.9999 39.7821
v 3.3790 37.8372 39.2971
v 3.8732 37.7789 37.9775
v 3.3790 37.8372 39.2971
v 4.6933 37.9999 39.7821
v 58.3208 34.5919 -34.8212
v 58.8634 32.2211 -33.1773
v 56.4518 32.4569 -34.0685
v 59.7520 32.1501 -35.6003
v 56.4518 32.4569 -34.0685
v 58.8634 32.2211 -33.1773
v 58.3208 34.5919 -34.8212
v 56.4518 32.4569 -34.0685
v 57.3404 32.3859 -36.4916
v 59.7520 32.1501 -35.6003
v 57.3404 32.3859 -36.4916
v 56.4518 32.4569 -34.0685
v 58.3208 34.5919 -34.8212
v 57.3404 32.3859 -36.4916
v 59.7520 32.1501 -35.6003
v 58.3208 34.5919 -34.8212
v 59.7520 32.1501 -35.6003
v 58.8634 32.2211 -33.1773
v 58.4367 35.8034 -34.8142
v 59.5067 33.6607 -34.3591
v 57.7782 33.8214 -33.5568
v 58.4367 35.8034 -34.8142
v 57.7782 33.8214 -33.5568
v 56.9804 33.9078 -35.2927
v 58.4367 35.8034 -34.8142
v 56.9804 33.9078 -35.2927
v 58.7090 33.7470 -36.0950
v 57.7782 33.8214 -33.5568
v 58.7090 33.7470 -36.0950
v 56.9804 33.9078 -35.2927
v 58.4367 35.8034 -34.8142
v 58.7090 33.7470 -36.0950
v 59.5067 33.6607 -34.3591
v 57.7782 33.8214 -33.5568
v 59.5067 33.6607 -34.3591
v 58.7090 33.7470 -36.0950
v 58.5398 36.8803 -34.8080
v 59.1555 35.0537 -34.5287
v 58.0838 35.1534 -34.0312
v 58.5398 36.8803 -34.8080
v 58.0838 35.1534 -34.0312
v 57.5892 35.2069 -35.1075
v 58.5398 36.8803 -34.8080
v 57.5892 35.2069 -35.1075
v 58.6609 35.1073 -35.6049
v 58.0838 35.1534 -34.0312
v 58.6609 35.1073 -35.6049
v 57.5892 35.2069 -35.1075
v 58.5398 36.8803 -34.8080
v 58.6609 35.1073 -35.6049
v 59.1555 35.0537 -34.5287
v 58.0838 35.1534 -34.0312
v 59.1555 35.0537 -34.5287
v 58.6609 35.1073 -35.6049
v -5.7656 37.1613 9.4034
v -4.2346 34.0734 7.7944
v -4.3733 34.0751 11.1368
v -7.5690 34.3044 7.6559
v -4.3733 34.0751 11.1368
v -4.2346 34.0734 7.7944
v -5.7656 37.1613 9.4034
v -4.3733 34.0751 11.1368
v -7.7077 34.3061 10.9983
v -7.5690 34.3044 7.6559
v -7.7077 34.3061 10.9983
v -4.3733 34.0751 11.1368
v -5.7656 37.1613 9.4034
v -7.7077 34.3061 10.9983
v -7.5690 34.3044 7.6559
v -5.7656 37.1613 9.4034
v -7.5690 34.3044 7.6559
v -4.2346 34.0734 7.7944
v -5.6567 38.7345 9.4071
v -5.7655 36.1116 7.6502
v -4.0916 35.9915 9.4734
v -5.6567 38.7345 9.4071
v -4.0916 35.9915 9.4734
v -5.9108 36.1134 11.1516
v -5.6567 38.7345 9.4071
v -5.9108 36.1134 11.1516
v -7.5846 36.2335 9.3284
v -4.0916 35.9915 9.4734
v -7.5846 36.2335 9.3284
v -5.9108 36.1134 11.1516
v -5.6567 38.7345 9.4071
v -7.5846 36.2335 9.3284
v -5.7655 36.1116 7.6502
v -4.0916 35.9915 9.4734
v -5.7655 36.1116 7.6502
v -7.5846 36.2335 9.3284
v -5.5600 40.1329 9.4104
v -5.6722 37.8599 8.3196
v -4.6344 37.7855 9.4500
v -5.5600 40.1329 9.4104
v -4.6344 37.7855 9.4500
v -5.7622 37.8610 10.4904
v -5.5600 40.1329 9.4104
v -5.7622 37.8610 10.4904
v -6.8000 37.9355 9.3600
v -4.6344 37.7855 9.4500
v -6.8000 37.9355 9.3600
v -5.7622 37.8610 10.4904
v -5.5600 40.1329 9.4104
v -6.8000 37.9355 9.3600
v -5.6722 37.8599 8.3196
v -4.6344 37.7855 9.4500
v -5.6722 37.8599 8.3196
v -6.8000 37.9355 9.3600
v 17.8332 36.2204 -63.3223
v 16.0482 34.2570 -62.4958
v 16.6627 34.2240 -64.8613
v 18.3886 33.9087 -61.8831
v 16.6627 34.2240 -64.8613
v 16.0482 34.2570 -62.4958
v 17.8332 36.2204 -63.3223
v 16.6627 34.2240 -64.8613
v 19.0031 33.8757 -64.2486
v 18.3886 33.9087 -61.8831
v 19.0031 33.8757 -64.2486
v 16.6627 34.2240 -64.8613
v 17.8332 36.2204 -63.3223
v 19.0031 33.8757 -64.2486
v 18.3886 33.9087 -61.8831
v 17.8332 36.2204 -63.3223
v 18.3886 33.9087 -61.8831
v 16.0482 34.2570 -62.4958
v 17.9960 37.3607 -63.2959
v 17.4028 35.4774 -62.1009
v 16.4988 35.6426 -63.6609
v 17.9960 37.3607 -63.2959
v 16.4988 35.6426 -63.6609
v 18.0464 35.4429 -64.5789
v 17.9960 37.3607 -63.2959
v 18.0464 35.4429 -64.5789
v 18.9505 35.2777 -63.0190
v 16.4988 35.6426 -63.6609
v 18.9505 35.2777 -63.0190
v 18.0464 35.4429 -64.5789
v 17.9960 37.3607 -63.2959
v 18.9505 35.2777 -63.0190
v 17.4028 35.4774 -62.1009
v 16.4988 35.6426 -63.6609
v 17.4028 35.4774 -62.1009
v 18.9505 35.2777 -63.0190
v 18.1407 38.3744 -63.2724
v 17.7060 36.7379 -62.5424
v 17.1455 36.8403 -63.5096
v 18.1407 38.3744 -63.2724
v 17.1455 36.8403 -63.5096
v 18.1050 36.7165 -64.0788
v 18.1407 38.3744 -63.2724
v 18.1050 36.7165 -64.0788
v 18.6656 36.6141 -63.1116
v 17.1455 36.8403 -63.5096
v 18.6656 36.6141 -63.1116
v 18.1050 36.7165 -64.0788
v 18.1407 38.3744 -63.2724
v 18.6656 36.6141 -63.1116
v 17.7060 36.7379 -62.5424
v 17.1455 36.8403 -63.5096
v 17.7060 36.7379 -62.5424
v 18.6656 36.6141 -63.1116
v 49.4530 34.5752 -47.3059
v 51.0712 32.3975 -47.1672
v 49.1484 32.3697 -45.7493
v 49.6542 32.5330 -49.0861
v 49.1484 32.3697 -45.7493
v 51.0712 32.3975 -47.1672
v 49.4530 34.5752 -47.3059
v 49.1484 32.3697 -45.7493
v 47.7314 32.5052 -47.6682
v 49.6542 32.5330 -49.0861
v 47.7314 32.5052 -47.6682
v 49.1484 32.3697 -45.7493
v 49.4530 34.5752 -47.3059
v 47.7314 32.5052 -47.6682
v 49.6542 32.5330 -49.0861
v 49.4530 34.5752 -47.3059
v 49.6542 32.5330 -49.0861
v 51.0712 32.3975 -47.1672
v 49.4804 35.6996 -47.2468
v 50.4419 33.8401 -48.0880
v 50.1769 33.7546 -46.3403
v 49.4804 35.6996 -47.2468
v 50.1769 33.7546 -46.3403
v 48.4276 33.8111 -46.6027
v 49.4804 35.6996 -47.2468
v 48.4276 33.8111 -46.6027
v 48.6926 33.8966 -48.3505
v 50.1769 33.7546 -46.3403
v 48.6926 33.8966 -48.3505
v 48.4276 33.8111 -46.6027
v 49.4804 35.6996 -47.2468
v 48.6926 33.8966 -48.3505
v 50.4419 33.8401 -48.0880
v 50.1769 33.7546 -46.3403
v 50.4419 33.8401 -48.0880
v 48.6926 33.8966 -48.3505
v 49.5048 36.6990 -47.1942
v 50.0896 35.0839 -47.7401
v 49.9254 35.0309 -46.6565
v 49.5048 36.6990 -47.1942
v 49.9254 35.0309 -46.6565
v 48.8408 35.0659 -46.8192
v 49.5048 36.6990 -47.1942
v 48.8408 35.0659 -46.8192
v 49.0051 35.1189 -47.9028
v 49.9254 35.0309 -46.6565
v 49.0051 35.1189 -47.9028
v 48.8408 35.0659 -46.8192
v 49.5048 36.6990 -47.1942
v 49.0051 35.1189 -47.9028
v 50.0896 35.0839 -47.7401
v 49.9254 35.0309 -46.6565
v 50.0896 35.0839 -47.7401
v 49.0051 35.1189 -47.9028
v 7.8055 37.3897 -33.2290
v 9.4596 34.2651 -34.1893
v 8.2111 34.3529 -31.2204
v 6.5298 34.7585 -35.4359
v 8.2111 34.3529 -31.2204
v 9.4596 34.2651 -34.1893
v 7.8055 37.3897 -33.2290
v 8.2111 34.3529 -31.2204
v 5.2814 34.8463 -32.4670
v 6.5298 34.7585 -35.4359
v 5.2814 34.8463 -32.4670
v 8.2111 34.3529 -31.2204
v 7.8055 37.3897 -33.2290
v 5.2814 34.8463 -32.4670
v 6.5298 34.7585 -35.4359
v 7.8055 37.3897 -33.2290
v 6.5298 34.7585 -35.4359
v 9.4596 34.2651 -34.1893
v 8.0359 38.8900 -33.1765
v 8.3059 36.3435 -34.8191
v 9.1865 36.1311 -32.6111
v 8.0359 38.8900 -33.1765
v 9.1865 36.1311 -32.6111
v 6.9981 36.4354 -31.7089
v 8.0359 38.8900 -33.1765
v 6.9981 36.4354 -31.7089
v 6.1174 36.6479 -33.9169
v 9.1865 36.1311 -32.6111
v 6.1174 36.6479 -33.9169
v 6.9981 36.4354 -31.7089
v 8.0359 38.8900 -33.1765
v 6.1174 36.6479 -33.9169
v 8.3059 36.3435 -34.8191
v 9.1865 36.1311 -32.6111
v 8.3059 36.3435 -34.8191
v 6.1174 36.6479 -33.9169
v 8.2406 40.2237 -33.1299
v 8.3133 38.0280 -34.1698
v 8.8593 37.8963 -32.8008
v 8.2406 40.2237 -33.1299
v 8.8593 37.8963 -32.8008
v 7.5025 38.0850 -32.2415
v 8.2406 40.2237 -33.1299
v 7.5025 38.0850 -32.2415
v 6.9565 38.2167 -33.6105
v 8.8593 37.8963 -32.8008
v 6.9565 38.2167 -33.6105
v 7.5025 38.0850 -32.2415
v 8.2406 40.2237 -33.1299
v 6.9565 38.2167 -33.6105
v 8.3133 38.0280 -34.1698
v 8.8593 37.8963 -32.8008
v 8.3133 38.0280 -34.1698
v 6.9565 38.2167 -33.6105
v 43.5806 35.9767 31.4604
v 42.8351 33.7485 30.0175
v 45.1269 33.7887 30.8091
v 42.0425 33.8507 32.3070
v 45.1269 33.7887 30.8091
v 42.8351 33.7485 30.0175
v 43.5806 35.9767 31.4604
v 45.1269 33.7887 30.8091
v 44.3343 33.8909 33.0986
v 42.0425 33.8507 32.3070
v 44.3343 33.8909 33.0986
v 45.1269 33.7887 30.8091
v 43.5806 35.9767 31.4604
v 44.3343 33.8909 33.0986
v 42.0425 33.8507 32.3070
v 43.5806 35.9767 31.4604
v 42.0425 33.8507 32.3070
v 42.8351 33.7485 30.0175
v 43.5784 37.1187 31.4087
v 42.3817 35.1943 31.0802
v 43.9972 35.1619 30.2957
v 43.5784 37.1187 31.4087
v 43.9972 35.1619 30.2957
v 44.7824 35.2365 31.9095
v 43.5784 37.1187 31.4087
v 44.7824 35.2365 31.9095
v 43.1669 35.2689 32.6940
v 43.9972 35.1619 30.2957
v 43.1669 35.2689 32.6940
v 44.7824 35.2365 31.9095
v 43.5784 37.1187 31.4087
v 43.1669 35.2689 32.6940
v 42.3817 35.1943 31.0802
v 43.9972 35.1619 30.2957
v 42.3817 35.1943 31.0802
v 43.1669 35.2689 32.6940
v 43.5765 38.1338 31.3627
v 42.8354 36.4712 31.1803
v 43.8370 36.4511 30.6939
v 43.5765 38.1338 31.3627
v 43.8370 36.4511 30.6939
v 44.3239 36.4973 31.6945
v 43.5765 38.1338 31.3627
v 44.3239 36.4973 31.6945
v 43.3222 36.5174 32.1809
v 43.8370 36.4511 30.6939
v 43.3222 36.5174 32.1809
v 44.3239 36.4973 31.6945
v 43.5765 38.1338 31.3627
v 43.3222 36.5174 32.1809
v 42.8354 36.4712 31.1803
v 43.8370 36.4511 30.6939
v 42.8354 36.4712 31.1803
v 43.3222 36.5174 32.1809
v 65.4815 34.3520 1.6636
v 64.4385 32.1343 3.1045
v 63.9807 32.1621 0.6466
v 66.8961 32.0902 2.6463
v 63.9807 32.1621 0.6466
v 64.4385 32.1343 3.1045
v 65.4815 34.3520 1.6636
v 63.9807 32.1621 0.6466
v 66.4383 32.1180 0.1884
v 66.8961 32.0902 2.6463
v 66.4383 32.1180 0.1884
v 63.9807 32.1621 0.6466
v 65.4815 34.3520 1.6636
v 66.4383 32.1180 0.1884
v 66.8961 32.0902 2.6463
v 65.4815 34.3520 1.6636
v 66.8961 32.0902 2.6463
v 64.4385 32.1343 3.1045
v 65.5044 35.5303 1.6727
v 65.7061 33.5518 2.9449
v 64.1791 33.5895 1.8976
v 65.5044 35.5303 1.6727
v 64.1791 33.5895 1.8976
v 65.2266 33.5810 0.3702
v 65.5044 35.5303 1.6727
v 65.2266 33.5810 0.3702
v 66.7535 33.5433 1.4176
v 64.1791 33.5895 1.8976
v 66.7535 33.5433 1.4176
v 65.2266 33.5810 0.3702
v 65.5044 35.5303 1.6727
v 66.7535 33.5433 1.4176
v 65.7061 33.5518 2.9449
v 64.1791 33.5895 1.8976
v 65.7061 33.5518 2.9449
v 66.7535 33.5433 1.4176
v 65.5247 36.5778 1.6808
v 65.6404 34.8667 2.4658
v 64.6936 34.8900 1.8164
v 65.5247 36.5778 1.6808
v 64.6936 34.8900 1.8164
v 65.3430 34.8847 0.8695
v 65.5247 36.5778 1.6808
v 65.3430 34.8847 0.8695
v 66.2898 34.8614 1.5189
v 64.6936 34.8900 1.8164
v 66.2898 34.8614 1.5189
v 65.3430 34.8847 0.8695
v 65.5247 36.5778 1.6808
v 66.2898 34.8614 1.5189
v 65.6404 34.8667 2.4658
v 64.6936 34.8900 1.8164
v 65.6404 34.8667 2.4658
v 66.2898 34.8614 1.5189
v -19.5989 38.9599 45.8084
v -17.8027 36.3093 44.5856
v -18.3344 36.2941 47.5526
v -20.7693 36.2584 44.0536
v -18.3344 36.2941 47.5526
v -17.8027 36.3093 44.5856
v -19.5989 38.9599 45.8084
v -18.3344 36.2941 47.5526
v -21.3011 36.2432 47.0206
v -20.7693 36.2584 44.0536
v -21.3011 36.2432 47.0206
v -18.3344 36.2941 47.5526
v -19.5989 38.9599 45.8084
v -21.3011 36.2432 47.0206
v -20.7693 36.2584 44.0536
v -19.5989 38.9599 45.8084
v -20.7693 36.2584 44.0536
v -17.8027 36.3093 44.5856
v -19.6238 40.3806 45.8112
v -19.3038 38.0207 44.2525
v -18.0284 38.0394 46.0852
v -19.6238 40.3806 45.8112
v -18.0284 38.0394 46.0852
v -19.8608 38.0048 47.3606
v -19.6238 40.3806 45.8112
v -19.8608 38.0048 47.3606
v -21.1361 37.9860 45.5279
v -18.0284 38.0394 46.0852
v -21.1361 37.9860 45.5279
v -19.8608 38.0048 47.3606
v -19.6238 40.3806 45.8112
v -21.1361 37.9860 45.5279
v -19.3038 38.0207 44.2525
v -18.0284 38.0394 46.0852
v -19.3038 38.0207 44.2525
v -21.1361 37.9860 45.5279
v -19.6459 41.6435 45.8137
v -19.4373 39.5963 44.8461
v -18.6466 39.6079 45.9824
v -19.6459 41.6435 45.8137
v -18.6466 39.6079 45.9824
v -19.7827 39.5864 46.7732
v -19.6459 41.6435 45.8137
v -19.7827 39.5864 46.7732
v -20.5734 39.5748 45.6369
v -18.6466 39.6079 45.9824
v -20.5734 39.5748 45.6369
v -19.7827 39.5864 46.7732
v -19.6459 41.6435 45.8137
v -20.5734 39.5748 45.6369
v -19.4373 39.5963 44.8461
v -18.6466 39.6079 45.9824
v -19.4373 39.5963 44.8461
v -20.5734 39.5748 45.6369
v 39.5302 37.0830 -7.4838
v 36.5789 33.5726 -8.3432
v 40.0329 33.6097 -10.5587
v 38.7907 33.2687 -4.9000
v 40.0329 33.6097 -10.5587
v 36.5789 33.5726 -8.3432
v 39.5302 37.0830 -7.4838
v 40.0329 33.6097 -10.5587
v 42.2448 33.3058 -7.1155
v 38.7907 33.2687 -4.9000
v 42.2448 33.3058 -7.1155
v 40.0329 33.6097 -10.5587
v 39.5302 37.0830 -7.4838
v 42.2448 33.3058 -7.1155
v 38.7907 33.2687 -4.9000
v 39.5302 37.0830 -7.4838
v 38.7907 33.2687 -4.9000
v 36.5789 33.5726 -8.3432
v 39.5929 39.0121 -7.3538
v 37.6793 35.7776 -6.4100
v 38.3299 35.9561 -9.3740
v 39.5929 39.0121 -7.3538
v 38.3299 35.9561 -9.3740
v 41.2975 35.8164 -8.7310
v 39.5929 39.0121 -7.3538
v 41.2975 35.8164 -8.7310
v 40.6469 35.6378 -5.7670
v 38.3299 35.9561 -9.3740
v 40.6469 35.6378 -5.7670
v 41.2975 35.8164 -8.7310
v 39.5929 39.0121 -7.3538
v 40.6469 35.6378 -5.7670
v 37.6793 35.7776 -6.4100
v 38.3299 35.9561 -9.3740
v 37.6793 35.7776 -6.4100
v 40.6469 35.6378 -5.7670
v 39.6486 40.7269 -7.2383
v 38.4364 37.9284 -6.7066
v 38.8398 38.0391 -8.5442
v 39.6486 40.7269 -7.2383
v 38.8398 38.0391 -8.5442
v 40.6797 37.9525 -8.1455
v 39.6486 40.7269 -7.2383
v 40.6797 37.9525 -8.1455
v 40.2763 37.8417 -6.3079
v 38.8398 38.0391 -8.5442
v 40.2763 37.8417 -6.3079
v 40.6797 37.9525 -8.1455
v 39.6486 40.7269 -7.2383
v 40.2763 37.8417 -6.3079
v 38.4364 37.9284 -6.7066
v 38.8398 38.0391 -8.5442
v 38.4364 37.9284 -6.7066
v 40.2763 37.8417 -6.3079
v 70.2509 34.1297 7.5216
v 68.7453 31.9601 6.6248
v 71.0489 32.0919 5.7928
v 69.5844 31.8135 8.9249
v 71.0489 32.0919 5.7928
v 68.7453 31.9601 6.6248
v 70.2509 34.1297 7.5216
v 71.0489 32.0919 5.7928
v 71.8880 31.9453 8.0930
v 69.5844 31.8135 8.9249
v 71.8880 31.9453 8.0930
v 71.0489 32.0919 5.7928
v 70.2509 34.1297 7.5216
v 71.8880 31.9453 8.0930
v 69.5844 31.8135 8.9249
v 70.2509 34.1297 7.5216
v 69.5844 31.8135 8.9249
v 68.7453 31.9601 6.6248
v 70.2161 35.2822 7.6078
v 69.0675 33.2923 7.9000
v 69.8346 33.4381 6.2594
v 70.2161 35.2822 7.6078
v 69.8346 33.4381 6.2594
v 71.4807 33.4303 7.0284
v 70.2161 35.2822 7.6078
v 71.4807 33.4303 7.0284
v 70.7136 33.2845 8.6689
v 69.8346 33.4381 6.2594
v 70.7136 33.2845 8.6689
v 71.4807 33.4303 7.0284
v 70.2161 35.2822 7.6078
v 70.7136 33.2845 8.6689
v 69.0675 33.2923 7.9000
v 69.8346 33.4381 6.2594
v 69.0675 33.2923 7.9000
v 70.7136 33.2845 8.6689
v 70.1852 36.3066 7.6844
v 69.4874 34.5991 7.8301
v 69.9630 34.6895 6.8130
v 70.1852 36.3066 7.6844
v 69.9630 34.6895 6.8130
v 70.9835 34.6847 7.2897
v 70.1852 36.3066 7.6844
v 70.9835 34.6847 7.2897
v 70.5079 34.5943 8.3069
v 69.9630 34.6895 6.8130
v 70.5079 34.5943 8.3069
v 70.9835 34.6847 7.2897
v 70.1852 36.3066 7.6844
v 70.5079 34.5943 8.3069
v 69.4874 34.5991 7.8301
v 69.9630 34.6895 6.8130
v 69.4874 34.5991 7.8301
v 70.5079 34.5943 8.3069
v 28.2816 35.6220 -67.1751
v 27.2403 33.7876 -68.5320
v 29.4380 33.7323 -68.3509
v 27.0551 33.5991 -66.3422
v 29.4380 33.7323 -68.3509
v 27.2403 33.7876 -68.5320
v 28.2816 35.6220 -67.1751
v 29.4380 33.7323 -68.3509
v 29.2527 33.5437 -66.1610
v 27.0551 33.5991 -66.3422
v 29.2527 33.5437 -66.1610
v 29.4380 33.7323 -68.3509
v 28.2816 35.6220 -67.1751
v 29.2527 33.5437 -66.1610
v 27.0551 33.5991 -66.3422
v 28.2816 35.6220 -67.1751
v 27.0551 33.5991 -66.3422
v 27.2403 33.7876 -68.5320
v 28.3002 36.6576 -67.0843
v 27.1181 34.9605 -67.3305
v 28.3663 35.0303 -68.3826
v 28.3002 36.6576 -67.0843
v 28.3663 35.0303 -68.3826
v 29.4203 34.9025 -67.1407
v 28.3002 36.6576 -67.0843
v 29.4203 34.9025 -67.1407
v 28.1722 34.8327 -66.0886
v 28.3663 35.0303 -68.3826
v 28.1722 34.8327 -66.0886
v 29.4203 34.9025 -67.1407
v 28.3002 36.6576 -67.0843
v 28.1722 34.8327 -66.0886
v 27.1181 34.9605 -67.3305
v 28.3663 35.0303 -68.3826
v 27.1181 34.9605 -67.3305
v 28.1722 34.8327 -66.0886
v 28.3167 37.5783 -67.0037
v 27.5762 36.1002 -67.1936
v 28.3500 36.1435 -67.8459
v 28.3167 37.5783 -67.0037
v 28.3500 36.1435 -67.8459
v 29.0036 36.0643 -67.0759
v 28.3167 37.5783 -67.0037
v 29.0036 36.0643 -67.0759
v 28.2297 36.0210 -66.4236
v 28.3500 36.1435 -67.8459
v 28.2297 36.0210 -66.4236
v 29.0036 36.0643 -67.0759
v 28.3167 37.5783 -67.0037
v 28.2297 36.0210 -66.4236
v 27.5762 36.1002 -67.1936
v 28.3500 36.1435 -67.8459
v 27.5762 36.1002 -67.1936
v 28.2297 36.0210 -66.4236
v -11.5413 35.6166 -18.7465
v -9.9130 33.9383 -18.7450
v -11.3180 33.8366 -17.2466
v -11.4008 33.7535 -20.1527
v -11.3180 33.8366 -17.2466
v -9.9130 33.9383 -18.7450
v -11.5413 35.6166 -18.7465
v -11.3180 33.8366 -17.2466
v -12.8058 33.6518 -18.6543
v -11.4008 33.7535 -20.1527
v -12.8058 33.6518 -18.6543
v -11.3180 33.8366 -17.2466
v -11.5413 35.6166 -18.7465
v -12.8058 33.6518 -18.6543
v -11.4008 33.7535 -20.1527
v -11.5413 35.6166 -18.7465
v -11.4008 33.7535 -20.1527
v -9.9130 33.9383 -18.7450
v -11.6375 36.5810 -18.7713
v -10.7412 35.0270 -19.5148
v -10.6978 35.0705 -17.9927
v -11.6375 36.5810 -18.7713
v -10.6978 35.0705 -17.9927
v -12.2130 34.9204 -17.9452
v -11.6375 36.5810 -18.7713
v -12.2130 34.9204 -17.9452
v -12.2564 34.8769 -19.4673
v -10.6978 35.0705 -17.9927
v -12.2564 34.8769 -19.4673
v -12.2130 34.9204 -17.9452
v -11.6375 36.5810 -18.7713
v -12.2564 34.8769 -19.4673
v -10.7412 35.0270 -19.5148
v -10.6978 35.0705 -17.9927
v -10.7412 35.0270 -19.5148
v -12.2564 34.8769 -19.4673
v -11.7231 37.4382 -18.7934
v -11.1278 36.0782 -19.2441
v -11.1009 36.1052 -18.3004
v -11.7231 37.4382 -18.7934
v -11.1009 36.1052 -18.3004
v -12.0403 36.0122 -18.2710
v -11.7231 37.4382 -18.7934
v -12.0403 36.0122 -18.2710
v -12.0672 35.9852 -19.2147
v -11.1009 36.1052 -18.3004
v -12.0672 35.9852 -19.2147
v -12.0403 36.0122 -18.2710
v -11.7231 37.4382 -18.7934
v -12.0672 35.9852 -19.2147
v -11.1278 36.0782 -19.2441
v -11.1009 36.1052 -18.3004
v -11.1278 36.0782 -19.2441
v -12.0672 35.9852 -19.2147
v 32.2593 35.8248 41.2559
v 32.4138 34.1949 40.0099
v 33.3509 34.1067 41.5552
v 30.8747 34.3339 40.9511
v 33.3509 34.1067 41.5552
v 32.4138 34.1949 40.0099
v 32.2593 35.8248 41.2559
v 33.3509 34.1067 41.5552
v 31.8118 34.2457 42.4965
v 30.8747 34.3339 40.9511
v 31.8118 34.2457 42.4965
v 33.3509 34.1067 41.5552
v 32.2593 35.8248 41.2559
v 31.8118 34.2457 42.4965
v 30.8747 34.3339 40.9511
v 32.2593 35.8248 41.2559
v 30.8747 34.3339 40.9511
v 32.4138 34.1949 40.0099
v 32.3369 36.6742 41.2573
v 31.7168 35.3047 40.4455
v 33.0138 35.1857 40.7619
v 32.3369 36.6742 41.2573
v 33.0138 35.1857 40.7619
v 32.6985 35.2123 42.0643
v 32.3369 36.6742 41.2573
v 32.6985 35.2123 42.0643
v 31.4015 35.3313 41.7479
v 33.0138 35.1857 40.7619
v 31.4015 35.3313 41.7479
v 32.6985 35.2123 42.0643
v 32.3369 36.6742 41.2573
v 31.4015 35.3313 41.7479
v 31.7168 35.3047 40.4455
v 33.0138 35.1857 40.7619
v 31.7168 35.3047 40.4455
v 31.4015 35.3313 41.7479
v 32.4059 37.4293 41.2586
v 31.9895 36.2309 40.7547
v 32.7936 36.1572 40.9508
v 32.4059 37.4293 41.2586
v 32.7936 36.1572 40.9508
v 32.5981 36.1737 41.7583
v 32.4059 37.4293 41.2586
v 32.5981 36.1737 41.7583
v 31.7940 36.2474 41.5622
v 32.7936 36.1572 40.9508
v 31.7940 36.2474 41.5622
v 32.5981 36.1737 41.7583
v 32.4059 37.4293 41.2586
v 31.7940 36.2474 41.5622
v 31.9895 36.2309 40.7547
v 32.7936 36.1572 40.9508
v 31.9895 36.2309 40.7547
v 31.7940 36.2474 41.5622
v -15.5266 39.9744 61.0911
v -13.8533 37.2189 60.3437
v -15.0717 37.2994 62.9857
v -16.4815 37.4910 59.1234
v -15.0717 37.2994 62.9857
v -13.8533 37.2189 60.3437
v -15.5266 39.9744 61.0911
v -15.0717 37.2994 62.9857
v -17.6999 37.5715 61.7653
v -16.4815 37.4910 59.1234
v -17.6999 37.5715 61.7653
v -15.0717 37.2994 62.9857
v -15.5266 39.9744 61.0911
v -17.6999 37.5715 61.7653
v -16.4815 37.4910 59.1234
v -15.5266 39.9744 61.0911
v -16.4815 37.4910 59.1234
v -13.8533 37.2189 60.3437
v -15.3942 41.3399 61.1105
v -14.9766 39.0219 59.6944
v -14.2382 38.9216 61.7174
v -15.3942 41.3399 61.1105
v -14.2382 38.9216 61.7174
v -16.2530 39.1063 62.4620
v -15.3942 41.3399 61.1105
v -16.2530 39.1063 62.4620
v -16.9914 39.2066 60.4390
v -14.2382 38.9216 61.7174
v -16.9914 39.2066 60.4390
v -16.2530 39.1063 62.4620
v -15.3942 41.3399 61.1105
v -16.9914 39.2066 60.4390
v -14.9766 39.0219 59.6944
v -14.2382 38.9216 61.7174
v -14.9766 39.0219 59.6944
v -16.9914 39.2066 60.4390
v -15.2766 42.5536 61.1278
v -15.0721 40.5551 60.2418
v -14.6142 40.4929 61.4961
v -15.2766 42.5536 61.1278
v -14.6142 40.4929 61.4961
v -15.8634 40.6074 61.9577
v -15.2766 42.5536 61.1278
v -15.8634 40.6074 61.9577
v -16.3212 40.6696 60.7035
v -14.6142 40.4929 61.4961
v -16.3212 40.6696 60.7035
v -15.8634 40.6074 61.9577
v -15.2766 42.5536 61.1278
v -16.3212 40.6696 60.7035
v -15.0721 40.5551 60.2418
v -14.6142 40.4929 61.4961
v -15.0721 40.5551 60.2418
v -16.3212 40.6696 60.7035
v 0.8969 35.2357 -21.0945
v -0.3559 33.7558 -21.4326
v 1.1066 33.7416 -22.3584
v 0.5676 33.6527 -19.9722
v 1.1066 33.7416 -22.3584
v -0.3559 33.7558 -21.4326
v 0.8969 35.2357 -21.0945
v 1.1066 33.7416 -22.3584
v 2.0301 33.6386 -20.8980
v 0.5676 33.6527 -19.9722
v 2.0301 33.6386 -20.8980
v 1.1066 33.7416 -22.3584
v 0.8969 35.2357 -21.0945
v 2.0301 33.6386 -20.8980
v 0.5676 33.6527 -19.9722
v 0.8969 35.2357 -21.0945
v 0.5676 33.6527 -19.9722
v -0.3559 33.7558 -21.4326
v 0.9285 36.0502 -21.0570
v 0.1097 34.7001 -20.6346
v 0.3921 34.7467 -21.8844
v 0.9285 36.0502 -21.0570
v 0.3921 34.7467 -21.8844
v 1.6418 34.6853 -21.6044
v 0.9285 36.0502 -21.0570
v 1.6418 34.6853 -21.6044
v 1.3595 34.6387 -20.3545
v 0.3921 34.7467 -21.8844
v 1.3595 34.6387 -20.3545
v 1.6418 34.6853 -21.6044
v 0.9285 36.0502 -21.0570
v 1.3595 34.6387 -20.3545
v 0.1097 34.7001 -20.6346
v 0.3921 34.7467 -21.8844
v 0.1097 34.7001 -20.6346
v 1.3595 34.6387 -20.3545
v 0.9566 36.7742 -21.0237
v 0.4360 35.6023 -20.7772
v 0.6110 35.6312 -21.5521
v 0.9566 36.7742 -21.0237
v 0.6110 35.6312 -21.5521
v 1.3858 35.5931 -21.3785
v 0.9566 36.7742 -21.0237
v 1.3858 35.5931 -21.3785
v 1.2108 35.5642 -20.6036
v 0.6110 35.6312 -21.5521
v 1.2108 35.5642 -20.6036
v 1.3858 35.5931 -21.3785
v 0.9566 36.7742 -21.0237
v 1.2108 35.5642 -20.6036
v 0.4360 35.6023 -20.7772
v 0.6110 35.6312 -21.5521
v 0.4360 35.6023 -20.7772
v 1.2108 35.5642 -20.6036
v 24.5976 34.6692 -1.2808
v 23.4741 32.8542 -0.5252
v 23.9563 32.8439 -2.4573
v 25.4041 32.9525 -0.0441
v 23.9563 32.8439 -2.4573
v 23.4741 32.8542 -0.5252
v 24.5976 34.6692 -1.2808
v 23.9563 32.8439 -2.4573
v 25.8863 32.9421 -1.9762
v 25.4041 32.9525 -0.0441
v 25.8863 32.9421 -1.9762
v 23.9563 32.8439 -2.4573
v 24.5976 34.6692 -1.2808
v 25.8863 32.9421 -1.9762
v 25.4041 32.9525 -0.0441
v 24.5976 34.6692 -1.2808
v 25.4041 32.9525 -0.0441
v 23.4741 32.8542 -0.5252
v 24.5538 35.6068 -1.2967
v 24.3741 34.0496 -0.2581
v 23.6158 33.9927 -1.5222
v 24.5538 35.6068 -1.2967
v 23.6158 33.9927 -1.5222
v 24.8793 34.0387 -2.2822
v 24.5538 35.6068 -1.2967
v 24.8793 34.0387 -2.2822
v 25.6376 34.0956 -1.0182
v 23.6158 33.9927 -1.5222
v 25.6376 34.0956 -1.0182
v 24.8793 34.0387 -2.2822
v 24.5538 35.6068 -1.2967
v 25.6376 34.0956 -1.0182
v 24.3741 34.0496 -0.2581
v 23.6158 33.9927 -1.5222
v 24.3741 34.0496 -0.2581
v 25.6376 34.0956 -1.0182
v 24.5149 36.4403 -1.3109
v 24.4215 35.0893 -0.6604
v 23.9514 35.0540 -1.4441
v 24.5149 36.4403 -1.3109
v 23.9514 35.0540 -1.4441
v 24.7347 35.0826 -1.9153
v 24.5149 36.4403 -1.3109
v 24.7347 35.0826 -1.9153
v 25.2048 35.1178 -1.1316
v 23.9514 35.0540 -1.4441
v 25.2048 35.1178 -1.1316
v 24.7347 35.0826 -1.9153
v 24.5149 36.4403 -1.3109
v 25.2048 35.1178 -1.1316
v 24.4215 35.0893 -0.6604
v 23.9514 35.0540 -1.4441
v 24.4215 35.0893 -0.6604
v 25.2048 35.1178 -1.1316
v 45.0296 36.9231 42.8286
v 46.2552 34.7753 44.4698
v 43.6738 34.6180 44.1159
v 46.6195 34.5988 41.8911
v 43.6738 34.6180 44.1159
v 46.2552 34.7753 44.4698
v 45.0296 36.9231 42.8286
v 43.6738 34.6180 44.1159
v 44.0381 34.4415 41.5372
v 46.6195 34.5988 41.8911
v 44.0381 34.4415 41.5372
v 43.6738 34.6180 44.1159
v 45.0296 36.9231 42.8286
v 44.0381 34.4415 41.5372
v 46.6195 34.5988 41.8911
v 45.0296 36.9231 42.8286
v 46.6195 34.5988 41.8911
v 46.2552 34.7753 44.4698
v 44.9677 38.1486 42.7359
v 46.4230 36.1885 43.0757
v 44.8801 36.1986 44.2410
v 44.9677 38.1486 42.7359
v 44.8801 36.1986 44.2410
v 43.7188 36.0238 42.7049
v 44.9677 38.1486 42.7359
v 43.7188 36.0238 42.7049
v 45.2617 36.0137 41.5396
v 44.8801 36.1986 44.2410
v 45.2617 36.0137 41.5396
v 43.7188 36.0238 42.7049
v 44.9677 38.1486 42.7359
v 45.2617 36.0137 41.5396
v 46.4230 36.1885 43.0757
v 44.8801 36.1986 44.2410
v 46.4230 36.1885 43.0757
v 45.2617 36.0137 41.5396
v 44.9126 39.2378 42.6536
v 45.8404 37.5188 42.9023
v 44.8838 37.5251 43.6248
v 44.9126 39.2378 42.6536
v 44.8838 37.5251 43.6248
v 44.1638 37.4167 42.6724
v 44.9126 39.2378 42.6536
v 44.1638 37.4167 42.6724
v 45.1204 37.4104 41.9500
v 44.8838 37.5251 43.6248
v 45.1204 37.4104 41.9500
v 44.1638 37.4167 42.6724
v 44.9126 39.2378 42.6536
v 45.1204 37.4104 41.9500
v 45.8404 37.5188 42.9023
v 44.8838 37.5251 43.6248
v 45.8404 37.5188 42.9023
v 45.1204 37.4104 41.9500
v 56.1901 35.6634 12.6892
v 57.2046 33.2214 14.8356
v 54.3843 33.0182 13.8473
v 58.2066 33.0012 12.0214
v 54.3843 33.0182 13.8473
v 57.2046 33.2214 14.8356
v 56.1901 35.6634 12.6892
v 54.3843 33.0182 13.8473
v 55.3863 32.7980 11.0331
v 58.2066 33.0012 12.0214
v 55.3863 32.7980 11.0331
v 54.3843 33.0182 13.8473
v 56.1901 35.6634 12.6892
v 55.3863 32.7980 11.0331
v 58.2066 33.0012 12.0214
v 56.1901 35.6634 12.6892
v 58.2066 33.0012 12.0214
v 57.2046 33.2214 14.8356
v 56.1343 37.0684 12.5594
v 57.7045 34.8333 13.2934
v 55.7024 34.8422 14.2497
v 56.1343 37.0684 12.5594
v 55.7024 34.8422 14.2497
v 54.7501 34.6204 12.2581
v 56.1343 37.0684 12.5594
v 54.7501 34.6204 12.2581
v 56.7521 34.6115 11.3017
v 55.7024 34.8422 14.2497
v 56.7521 34.6115 11.3017
v 54.7501 34.6204 12.2581
v 56.1343 37.0684 12.5594
v 56.7521 34.6115 11.3017
v 57.7045 34.8333 13.2934
v 55.7024 34.8422 14.2497
v 57.7045 34.8333 13.2934
v 56.7521 34.6115 11.3017
v 56.0848 38.3172 12.4440
v 57.0812 36.3538 12.9525
v 55.8399 36.3594 13.5454
v 56.0848 38.3172 12.4440
v 55.8399 36.3594 13.5454
v 55.2495 36.2218 12.3105
v 56.0848 38.3172 12.4440
v 55.2495 36.2218 12.3105
v 56.4907 36.2163 11.7176
v 55.8399 36.3594 13.5454
v 56.4907 36.2163 11.7176
v 55.2495 36.2218 12.3105
v 56.0848 38.3172 12.4440
v 56.4907 36.2163 11.7176
v 57.0812 36.3538 12.9525
v 55.8399 36.3594 13.5454
v 57.0812 36.3538 12.9525
v 56.4907 36.2163 11.7176
v -27.7788 39.1379 56.8676
v -27.5723 36.8158 55.1703
v -25.9847 36.8975 57.1464
v -29.5501 36.8650 56.7571
v -25.9847 36.8975 57.1464
v -27.5723 36.8158 55.1703
v -27.7788 39.1379 56.8676
v -25.9847 36.8975 57.1464
v -27.9625 36.9467 58.7333
v -29.5501 36.8650 56.7571
v -27.9625 36.9467 58.7333
v -25.9847 36.8975 57.1464
v -27.7788 39.1379 56.8676
v -27.9625 36.9467 58.7333
v -29.5501 36.8650 56.7571
v -27.7788 39.1379 56.8676
v -29.5501 36.8650 56.7571
v -27.5723 36.8158 55.1703
v -27.7848 40.3326 56.8230
v -28.6063 38.2986 55.8622
v -26.7388 38.3156 56.0661
v -27.7848 40.3326 56.8230
v -26.7388 38.3156 56.0661
v -26.9432 38.3842 57.9324
v -27.7848 40.3326 56.8230
v -26.9432 38.3842 57.9324
v -28.8107 38.3672 57.7285
v -26.7388 38.3156 56.0661
v -28.8107 38.3672 57.7285
v -26.9432 38.3842 57.9324
v -27.7848 40.3326 56.8230
v -28.8107 38.3672 57.7285
v -28.6063 38.2986 55.8622
v -26.7388 38.3156 56.0661
v -28.6063 38.2986 55.8622
v -28.8107 38.3672 57.7285
v -27.7901 41.3946 56.7834
v -28.2970 39.6424 56.2061
v -27.1392 39.6529 56.3325
v -27.7901 41.3946 56.7834
v -27.1392 39.6529 56.3325
v -27.2659 39.6954 57.4895
v -27.7901 41.3946 56.7834
v -27.2659 39.6954 57.4895
v -28.4237 39.6849 57.3631
v -27.1392 39.6529 56.3325
v -28.4237 39.6849 57.3631
v -27.2659 39.6954 57.4895
v -27.7901 41.3946 56.7834
v -28.4237 39.6849 57.3631
v -28.2970 39.6424 56.2061
v -27.1392 39.6529 56.3325
v -28.2970 39.6424 56.2061
v -28.4237 39.6849 57.3631
v -7.0701 35.2833 -74.4694
v -6.5593 33.3920 -75.6711
v -6.0236 33.3785 -73.7222
v -8.4966 33.6096 -75.1371
v -6.0236 33.3785 -73.7222
v -6.5593 33.3920 -75.6711
v -7.0701 35.2833 -74.4694
v -6.0236 33.3785 -73.7222
v -7.9608 33.5961 -73.1881
v -8.4966 33.6096 -75.1371
v -7.9608 33.5961 -73.1881
v -6.0236 33.3785 -73.7222
v -7.0701 35.2833 -74.4694
v -7.9608 33.5961 -73.1881
v -8.4966 33.6096 -75.1371
v -7.0701 35.2833 -74.4694
v -8.4966 33.6096 -75.1371
v -6.5593 33.3920 -75.6711
v -6.9695 36.2306 -74.4905
v -7.4177 34.6589 -75.4762
v -6.1224 34.5378 -74.7351
v -6.9695 36.2306 -74.4905
v -6.1224 34.5378 -74.7351
v -6.8565 34.6447 -73.4346
v -6.9695 36.2306 -74.4905
v -6.8565 34.6447 -73.4346
v -8.1518 34.7658 -74.1757
v -6.1224 34.5378 -74.7351
v -8.1518 34.7658 -74.1757
v -6.8565 34.6447 -73.4346
v -6.9695 36.2306 -74.4905
v -8.1518 34.7658 -74.1757
v -7.4177 34.6589 -75.4762
v -6.1224 34.5378 -74.7351
v -7.4177 34.6589 -75.4762
v -8.1518 34.7658 -74.1757
v -6.8800 37.0726 -74.5092
v -7.1993 35.7087 -75.1117
v -6.3962 35.6336 -74.6522
v -6.8800 37.0726 -74.5092
v -6.3962 35.6336 -74.6522
v -6.8514 35.6999 -73.8459
v -6.8800 37.0726 -74.5092
v -6.8514 35.6999 -73.8459
v -7.6544 35.7750 -74.3054
v -6.3962 35.6336 -74.6522
v -7.6544 35.7750 -74.3054
v -6.8514 35.6999 -73.8459
v -6.8800 37.0726 -74.5092
v -7.6544 35.7750 -74.3054
v -7.1993 35.7087 -75.1117
v -6.3962 35.6336 -74.6522
v -7.1993 35.7087 -75.1117
v -7.6544 35.7750 -74.3054
v -44.7062 35.4385 14.4284
v -43.1879 33.8818 14.5113
v -44.5529 33.7982 15.8502
v -44.5154 33.6908 13.1460
v -44.5529 33.7982 15.8502
v -43.1879 33.8818 14.5113
v -44.7062 35.4385 14.4284
v -44.5529 33.7982 15.8502
v -45.8804 33.6072 14.4849
v -44.5154 33.6908 13.1460
v -45.8804 33.6072 14.4849
v -44.5529 33.7982 15.8502
v -44.7062 35.4385 14.4284
v -45.8804 33.6072 14.4849
v -44.5154 33.6908 13.1460
v -44.7062 35.4385 14.4284
v -44.5154 33.6908 13.1460
v -43.1879 33.8818 14.5113
v -44.7973 36.3353 14.3916
v -43.9306 34.8844 13.7517
v -43.9502 34.9406 15.1682
v -44.7973 36.3353 14.3916
v -43.9502 34.9406 15.1682
v -45.3605 34.7968 15.1543
v -44.7973 36.3353 14.3916
v -45.3605 34.7968 15.1543
v -45.3409 34.7406 13.7379
v -43.9502 34.9406 15.1682
v -45.3409 34.7406 13.7379
v -45.3605 34.7968 15.1543
v -44.7973 36.3353 14.3916
v -45.3409 34.7406 13.7379
v -43.9306 34.8844 13.7517
v -43.9502 34.9406 15.1682
v -43.9306 34.8844 13.7517
v -45.3409 34.7406 13.7379
v -44.8783 37.1325 14.3588
v -44.3035 35.8642 13.9773
v -44.3156 35.8991 14.8554
v -44.8783 37.1325 14.3588
v -44.3156 35.8991 14.8554
v -45.1900 35.8099 14.8469
v -44.8783 37.1325 14.3588
v -45.1900 35.8099 14.8469
v -45.1778 35.7751 13.9687
v -44.3156 35.8991 14.8554
v -45.1778 35.7751 13.9687
v -45.1900 35.8099 14.8469
v -44.8783 37.1325 14.3588
v -45.1778 35.7751 13.9687
v -44.3035 35.8642 13.9773
v -44.3156 35.8991 14.8554
v -44.3035 35.8642 13.9773
v -45.1778 35.7751 13.9687
v 19.2614 35.2033 -14.9084
v 19.2746 33.4729 -13.5761
v 17.7773 33.6070 -14.7715
v 20.4673 33.3906 -15.0793
v 17.7773 33.6070 -14.7715
v 19.2746 33.4729 -13.5761
v 19.2614 35.2033 -14.9084
v 17.7773 33.6070 -14.7715
v 18.9699 33.5247 -16.2747
v 20.4673 33.3906 -15.0793
v 18.9699 33.5247 -16.2747
v 17.7773 33.6070 -14.7715
v 19.2614 35.2033 -14.9084
v 18.9699 33.5247 -16.2747
v 20.4673 33.3906 -15.0793
v 19.2614 35.2033 -14.9084
v 20.4673 33.3906 -15.0793
v 19.2746 33.4729 -13.5761
v 19.3350 36.1056 -14.8994
v 19.9966 34.5314 -14.2883
v 18.5876 34.6448 -14.1270
v 19.3350 36.1056 -14.8994
v 18.5876 34.6448 -14.1270
v 18.4279 34.6719 -15.5405
v 19.3350 36.1056 -14.8994
v 18.4279 34.6719 -15.5405
v 19.8370 34.5586 -15.7018
v 18.5876 34.6448 -14.1270
v 19.8370 34.5586 -15.7018
v 18.4279 34.6719 -15.5405
v 19.3350 36.1056 -14.8994
v 19.8370 34.5586 -15.7018
v 19.9966 34.5314 -14.2883
v 18.5876 34.6448 -14.1270
v 19.9966 34.5314 -14.2883
v 19.8370 34.5586 -15.7018
v 19.4004 36.9078 -14.8913
v 19.7803 35.5608 -14.5162
v 18.9067 35.6310 -14.4162
v 19.4004 36.9078 -14.8913
v 18.9067 35.6310 -14.4162
v 18.8078 35.6479 -15.2926
v 19.4004 36.9078 -14.8913
v 18.8078 35.6479 -15.2926
v 19.6814 35.5776 -15.3925
v 18.9067 35.6310 -14.4162
v 19.6814 35.5776 -15.3925
v 18.8078 35.6479 -15.2926
v 19.4004 36.9078 -14.8913
v 19.6814 35.5776 -15.3925
v 19.7803 35.5608 -14.5162
v 18.9067 35.6310 -14.4162
v 19.7803 35.5608 -14.5162
v 19.6814 35.5776 -15.3925
vt 0.00000 1.00000
vt 0.00000 1.00000
vt 0.00000 1.00000
vt 0.00000 1.00000
vt 0.00000 1.00000
vt 0.00000 1.00000
vt 0.00000 1.00000
vt 0.00000 1.00000
vt 0.00000 1.00000
vt 0.00000 1.00000
vt 0.00000 1.00000
vt 0.00000 1.00000
vt 0.00000 1.00000
vt 0.00000 1.00000
vt 0.00000 1.00000
vt 0.00000 1.00000
vt 0.00000 1.00000
vt 0.00000 1.00000
vt 0.00000 1.00000
vt 0.00000 1.00000
vt 0.00000 1.00000
vt 0.00000 1.00000
vt 0.00000 1.00000
vt 0.00000 1.00000
vt 0.00000 1.00000
vt 0.00000 1.00000
vt 0.00000 1.00000
vt 0.00000 1.00000
vt 0.00000 1.00000
vt 0.00000 1.00000
vt 0.00000 1.00000
vt 0.00000 1.00000
vt 0.00000 1.00000
vt 0.00000 1.00000
vt 0.00000 1.00000
vt 0.00000 1.00000
vt 0.00000 1.00000
vt 0.00000 1.00000
vt 0.00000 1.00000
vt 0.00000 1.00000
vt 0.00000 1.00000
vt 0.00000 1.00000
vt 0.00000 1.00000
vt 0.00000 1.00000
vt 0.00000 1.00000
vt 0.00000 1.00000
vt 0.00000 1.00000
vt 0.00000 1.00000
vt 0.00000 1.00000
vt 0.00000 1.00000
vt 0.00000 1.00000
vt 0.00000 1.00000
vt 0.00000 1.00000
vt 0.00000 1.00000
vt 0.00000 1.00000
vt 0.00000 1.00000
vt 0.00000 1.00000
vt 0.00000 1.00000
vt 0.00000 1.00000
vt 0.00000 1.00000
vt 0.00000 1.00000
vt 0.00000 1.00000
vt 0.00000 1.00000
vt 0.00000 1.00000
vt 0.00000 1.00000
vt 0.00000 1.00000
vt 0.00000 1.00000
vt 0.00000 1.00000
vt 0.00000 1.00000
vt 0.00000 1.00000
vt 0.00000 1.00000
vt 0.00000 1.00000
vt 0.00000 1.00000
vt 0.00000 1.00000
vt 0.00000 1.00000
vt 0.00000 1.00000
vt 0.00000 1.00000
vt 0.00000 1.00000
vt 0.00000 1.00000
vt 0.00000 1.00000
vt 0.00000 1.00000
vt 0.00000 1.00000
vt 0.00000 1.00000
vt 0.00000 1.00000
vt 0.00000 1.00000
vt 0.00000 1.00000
vt 0.00000 1.00000
vt 0.00000 1.00000
vt 0.00000 1.00000
vt 0.00000 1.00000
vt 0.00000 1.00000
vt 0.00000 1.00000
vt 0.00000 1.00000
vt 0.00000 1.00000
vt 0.00000 1.00000
vt 0.00000 1.00000
vt 0.00000 1.00000
vt 0.00000 1.00000
vt 0.00000 1.00000
vt 0.00000 1.00000
vt 0.00000 1.00000
vt 0.00000 1.00000
vt 0.00000 1.00000
vt 0.00000 1.00000
vt 0.00000 1.00000
vt 0.00000 1.00000
vt 0.00000 1.00000
vt 0.00000 1.00000
vt 0.00000 1.00000
vt 0.00000 1.00000
vt 0.00000 1.00000
vt 0.00000 1.00000
vt 0.00000 1.00000
vt 0.00000 1.00000
vt 0.00000 1.00000
vt 0.00000 1.00000
vt 0.00000 1.00000
vt 0.00000 1.00000
vt 0.00000 1.00000
vt 0.00000 1.00000
vt 0.00000 1.00000
vt 0.00000 1.00000
vt 0.00000 1.00000
vt 0.00000 1.00000
vt 0.00000 1.00000
vt 0.00000 1.00000
vt 0.00000 1.00000
vt 0.00000 1.00000
vt 0.00000 1.00000
vt 0.00000 1.00000
vt 0.00000 1.00000
vt 0.00000 1.00000
vt 0.00000 1.00000
vt 0.00000 1.00000
vt 0.00000 1.00000
vt 0.00000 1.00000
vt 0.00000 1.00000
vt 0.00000 1.00000
vt 0.00000 1.00000
vt 0.00000 1.00000
vt 0.00000 1.00000
vt 0.00000 1.00000
vt 0.00000 1.00000
vt 0.00000 1.00000
vt 0.00000 1.00000
vt 0.00000 1.00000
vt 0.00000 1.00000
vt 0.00000 1.00000
vt 0.00000 1.00000
vt 0.00000 1.00000
vt 0.00000 1.00000
vt 0.00000 1.00000
vt 0.00000 1.00000
vt 0.00000 1.00000
vt 0.00000 1.00000
vt 0.00000 1.00000
vt 0.00000 1.00000
vt 0.00000 1.00000
vt 0.00000 1.00000
vt 0.00000 1.00000
vt 0.00000 1.00000
vt 0.00000 1.00000
vt 0.00000 1.00000
vt 0.00000 1.00000
vt 0.00000 1.00000
vt 0.00000 1.00000
vt 0.00000 1.00000
vt 0.00000 1.00000
vt 0.00000 1.00000
vt 0.00000 1.00000
vt 0.00000 1.00000
vt 0.00000 1.00000
vt 0.00000 1.00000
vt 0.00000 1.00000
vt 0.00000 1.00000
vt 0.00000 1.00000
vt 0.00000 1.00000
vt 0.00000 1.00000
vt 0.00000 1.00000
vt 0.00000 1.00000
vt 0.00000 1.00000
vt 0.00000 1.00000
vt 0.00000 1.00000
vt 0.00000 1.00000
vt 0.00000 1.00000
vt 0.00000 1.00000
vt 0.00000 1.00000
vt 0.00000 1.00000
vt 0.00000 1.00000
vt 0.00000 1.00000
vt 0.00000 1.00000
vt 0.00000 1.00000
vt 0.00000 1.00000
vt 0.00000 1.00000
vt 0.00000 1.00000
vt 0.00000 1.00000
vt 0.00000 1.00000
vt 0.00000 1.00000
vt 0.00000 1.00000
vt 0.00000 1.00000
vt 0.00000 1.00000
vt 0.00000 1.00000
vt 0.00000 1.00000
vt 0.00000 1.00000
vt 0.00000 1.00000
vt 0.00000 1.00000
vt 0.00000 1.00000
vt 0.00000 1.00000
vt 0.00000 1.00000
vt 0.00000 1.00000
vt 0.00000 1.00000
vt 0.00000 1.00000
vt 0.00000 1.00000
vt 0.00000 1.00000
vt 0.00000 1.00000
vt 0.00000 1.00000
vt 0.00000 1.00000
vt 0.00000 1.00000
vt 0.00000 1.00000
vt 0.00000 1.00000
vt 0.00000 1.00000
vt 0.00000 1.00000
vt 0.00000 1.00000
vt 0.00000 1.00000
vt 0.00000 1.00000
vt 0.00000 1.00000
vt 0.00000 1.00000
vt 0.00000 1.00000
vt 0.00000 1.00000
vt 0.00000 1.00000
vt 0.00000 1.00000
vt 0.00000 1.00000
vt 0.00000 1.00000
vt 0.00000 1.00000
vt 0.00000 1.00000
vt 0.00000 1.00000
vt 0.00000 1.00000
vt 0.00000 1.00000
vt 0.00000 1.00000
vt 0.00000 1.00000
vt 0.00000 1.00000
vt 0.00000 1.00000
vt 0.00000 1.00000
vt 0.00000 1.00000
vt 0.00000 1.00000
vt 0.00000 1.00000
vt 0.00000 1.00000
vt 0.00000 1.00000
vt 0.00000 1.00000
vt 0.00000 1.00000
vt 0.00000 1.00000
vt 0.00000 1.00000
vt 0.00000 1.00000
vt 0.00000 1.00000
vt 0.00000 1.00000
vt 0.00000 1.00000
vt 0.00000 1.00000
vt 0.00000 1.00000
vt 0.00000 1.00000
vt 0.00000 1.00000
vt 0.00000 1.00000
vt 0.00000 1.00000
vt 0.00000 1.00000
vt 0.00000 1.00000
vt 0.00000 1.00000
vt 0.00000 1.00000
vt 0.00000 1.00000
vt 0.00000 1.00000
vt 0.00000 1.00000
vt 0.00000 1.00000
vt 0.00000 1.00000
vt 0.00000 1.00000
vt 0.00000 1.00000
vt 0.00000 1.00000
vt 0.00000 1.00000
vt 0.00000 1.00000
vt 0.00000 1.00000
vt 0.00000 1.00000
vt 0.00000 1.00000
vt 0.00000 1.00000
vt 0.00000 1.00000
vt 0.00000 1.00000
vt 0.00000 1.00000
vt 0.00000 1.00000
vt 0.00000 1.00000
vt 0.00000 1.00000
vt 0.00000 1.00000
vt 0.00000 1.00000
vt 0.00000 1.00000
vt 0.00000 1.00000
vt 0.00000 1.00000
vt 0.00000 1.00000
vt 0.00000 1.00000
vt 0.00000 1.00000
vt 0.00000 1.00000
vt 0.00000 1.00000
vt 0.00000 1.00000
vt 0.00000 1.00000
vt 0.00000 1.00000
vt 0.00000 1.00000
vt 0.00000 1.00000
vt 0.00000 1.00000
vt 0.00000 1.00000
vt 0.00000 1.00000
vt 0.00000 1.00000
vt 0.00000 1.00000
vt 0.00000 1.00000
vt 0.00000 1.00000
vt 0.00000 1.00000
vt 0.00000 1.00000
vt 0.00000 1.00000
vt 0.00000 1.00000
vt 0.00000 1.00000
vt 0.00000 1.00000
vt 0.00000 1.00000
vt 0.00000 1.00000
vt 0.00000 1.00000
vt 0.00000 1.00000
vt 0.00000 1.00000
vt 0.00000 1.00000
vt 0.00000 1.00000
vt 0.00000 1.00000
vt 0.00000 1.00000
vt 0.00000 1.00000
vt 0.00000 1.00000
vt 0.00000 1.00000
vt 0.00000 1.00000
vt 0.00000 1.00000
vt 0.00000 1.00000
vt 0.00000 1.00000
vt 0.00000 1.00000
vt 0.00000 1.00000
vt 0.00000 1.00000
vt 0.00000 1.00000
vt 0.00000 1.00000
vt 0.00000 1.00000
vt 0.00000 1.00000
vt 0.00000 1.00000
vt 0.00000 1.00000
vt 0.00000 1.00000
vt 0.00000 1.00000
vt 0.00000 1.00000
vt 0.00000 1.00000
vt 0.00000 1.00000
vt 0.00000 1.00000
vt 0.00000 1.00000
vt 0.00000 1.00000
vt 0.00000 1.00000
vt 0.00000 1.00000
vt 0.00000 1.00000
vt 0.00000 1.00000
vt 0.00000 1.00000
vt 0.00000 1.00000
vt 0.00000 1.00000
vt 0.00000 1.00000
vt 0.00000 1.00000
vt 0.00000 1.00000
vt 0.00000 1.00000
vt 0.00000 1.00000
vt 0.00000 1.00000
vt 0.00000 1.00000
vt 0.00000 1.00000
vt 0.00000 1.00000
vt 0.00000 1.00000
vt 0.00000 1.00000
vt 0.00000 1.00000
vt 0.00000 1.00000
vt 0.00000 1.00000
vt 0.00000 1.00000
vt 0.00000 1.00000
vt 0.00000 1.00000
vt 0.00000 1.00000
vt 0.00000 1.00000
vt 0.00000 1.00000
vt 0.00000 1.00000
vt 0.00000 1.00000
vt 0.00000 1.00000
vt 0.00000 1.00000
vt 0.00000 1.00000
vt 0.00000 1.00000
vt 0.00000 1.00000
vt 0.00000 1.00000
vt 0.00000 1.00000
vt 0.00000 1.00000
vt 0.00000 1.00000
vt 0.00000 1.00000
vt 0.00000 1.00000
vt 0.00000 1.00000
vt 0.00000 1.00000
vt 0.00000 1.00000
vt 0.00000 1.00000
vt 0.00000 1.00000
vt 0.00000 1.00000
vt 0.00000 1.00000
vt 0.00000 1.00000
vt 0.00000 1.00000
vt 0.00000 1.00000
vt 0.00000 1.00000
vt 0.00000 1.00000
vt 0.00000 1.00000
vt 0.00000 1.00000
vt 0.00000 1.00000
vt 0.00000 1.00000
vt 0.00000 1.00000
vt 0.00000 1.00000
vt 0.00000 1.00000
vt 0.00000 1.00000
vt 0.00000 1.00000
vt 0.00000 1.00000
vt 0.00000 1.00000
vt 0.00000 1.00000
vt 0.00000 1.00000
vt 0.00000 1.00000
vt 0.00000 1.00000
vt 0.00000 1.00000
vt 0.00000 1.00000
vt 0.00000 1.00000
vt 0.00000 1.00000
vt 0.00000 1.00000
vt 0.00000 1.00000
vt 0.00000 1.00000
vt 0.00000 1.00000
vt 0.00000 1.00000
vt 0.00000 1.00000
vt 0.00000 1.00000
vt 0.00000 1.00000
vt 0.00000 1.00000
vt 0.00000 1.00000
vt 0.00000 1.00000
vt 0.00000 1.00000
vt 0.00000 1.00000
vt 0.00000 1.00000
vt 0.00000 1.00000
vt 0.00000 1.00000
vt 0.00000 1.00000
vt 0.00000 1.00000
vt 0.00000 1.00000
vt 0.00000 1.00000
vt 0.00000 1.00000
vt 0.00000 1.00000
vt 0.00000 1.00000
vt 0.00000 1.00000
vt 0.00000 1.00000
vt 0.00000 1.00000
vt 0.00000 1.00000
vt 0.00000 1.00000
vt 0.00000 1.00000
vt 0.00000 1.00000
vt 0.00000 1.00000
vt 0.00000 1.00000
vt 0.00000 1.00000
vt 0.00000 1.00000
vt 0.00000 1.00000
vt 0.00000 1.00000
vt 0.00000 1.00000
vt 0.00000 1.00000
vt 0.00000 1.00000
vt 0.00000 1.00000
vt 0.00000 1.00000
vt 0.00000 1.00000
vt 0.00000 1.00000
vt 0.00000 1.00000
vt 0.00000 1.00000
vt 0.00000 1.00000
vt 0.00000 1.00000
vt 0.00000 1.00000
vt 0.00000 1.00000
vt 0.00000 1.00000
vt 0.00000 1.00000
vt 0.00000 1.00000
vt 0.00000 1.00000
vt 0.00000 1.00000
vt 0.00000 1.00000
vt 0.00000 1.00000
vt 0.00000 1.00000
vt 0.00000 1.00000
vt 0.00000 1.00000
vt 0.00000 1.00000
vt 0.00000 1.00000
vt 0.00000 1.00000
vt 0.00000 1.00000
vt 0.00000 1.00000
vt 0.00000 1.00000
vt 0.00000 1.00000
vt 0.00000 1.00000
vt 0.00000 1.00000
vt 0.00000 1.00000
vt 0.00000 1.00000
vt 0.00000 1.00000
vt 0.00000 1.00000
vt 0.00000 1.00000
vt 0.00000 1.00000
vt 0.00000 1.00000
vt 0.00000 1.00000
vt 0.00000 1.00000
vt 0.00000 1.00000
vt 0.00000 1.00000
vt 0.00000 1.00000
vt 0.00000 1.00000
vt 0.00000 1.00000
vt 0.00000 1.00000
vt 0.00000 1.00000
vt 0.00000 1.00000
vt 0.00000 1.00000
vt 0.00000 1.00000
vt 0.00000 1.00000
vt 0.00000 1.00000
vt 0.00000 1.00000
vt 0.00000 1.00000
vt 0.00000 1.00000
vt 0.00000 1.00000
vt 0.00000 1.00000
vt 0.00000 1.00000
vt 0.00000 1.00000
vt 0.00000 1.00000
vt 0.00000 1.00000
vt 0.00000 1.00000
vt 0.00000 1.00000
vt 0.00000 1.00000
vt 0.00000 1.00000
vt 0.00000 1.00000
vt 0.00000 1.00000
vt 0.00000 1.00000
vt 0.00000 1.00000
vt 0.00000 1.00000
vt 0.00000 1.00000
vt 0.00000 1.00000
vt 0.00000 1.00000
vt 0.00000 1.00000
vt 0.00000 1.00000
vt 0.00000 1.00000
vt 0.00000 1.00000
vt 0.00000 1.00000
vt 0.00000 1.00000
vt 0.00000 1.00000
vt 0.00000 1.00000
vt 0.00000 1.00000
vt 0.00000 1.00000
vt 0.00000 1.00000
vt 0.00000 1.00000
vt 0.00000 1.00000
vt 0.00000 1.00000
vt 0.00000 1.00000
vt 0.00000 1.00000
vt 0.00000 1.00000
vt 0.00000 1.00000
vt 0.00000 1.00000
vt 0.00000 1.00000
vt 0.00000 1.00000
vt 0.00000 1.00000
vt 0.00000 1.00000
vt 0.00000 1.00000
vt 0.00000 1.00000
vt 0.00000 1.00000
vt 0.00000 1.00000
vt 0.00000 1.00000
vt 0.00000 1.00000
vt 0.00000 1.00000
vt 0.00000 1.00000
vt 0.00000 1.00000
vt 0.00000 1.00000
vt 0.00000 1.00000
vt 0.00000 1.00000
vt 0.00000 1.00000
vt 0.00000 1.00000
vt 0.00000 1.00000
vt 0.00000 1.00000
vt 0.00000 1.00000
vt 0.00000 1.00000
vt 0.00000 1.00000
vt 0.00000 1.00000
vt 0.00000 1.00000
vt 0.00000 1.00000
vt 0.00000 1.00000
vt 0.00000 1.00000
vt 0.00000 1.00000
vt 0.00000 1.00000
vt 0.00000 1.00000
vt 0.00000 1.00000
vt 0.00000 1.00000
vt 0.00000 1.00000
vt 0.00000 1.00000
vt 0.00000 1.00000
vt 0.00000 1.00000
vt 0.00000 1.00000
vt 0.00000 1.00000
vt 0.00000 1.00000
vt 0.00000 1.00000
vt 0.00000 1.00000
vt 0.00000 1.00000
vt 0.00000 1.00000
vt 0.00000 1.00000
vt 0.00000 1.00000
vt 0.00000 1.00000
vt 0.00000 1.00000
vt 0.00000 1.00000
vt 0.00000 1.00000
vt 0.00000 1.00000
vt 0.00000 1.00000
vt 0.00000 1.00000
vt 0.00000 1.00000
vt 0.00000 1.00000
vt 0.00000 1.00000
vt 0.00000 1.00000
vt 0.00000 1.00000
vt 0.00000 1.00000
vt 0.00000 1.00000
vt 0.00000 1.00000
vt 0.00000 1.00000
vt 0.00000 1.00000
vt 0.00000 1.00000
vt 0.00000 1.00000
vt 0.00000 1.00000
vt 0.00000 1.00000
vt 0.00000 1.00000
vt 0.00000 1.00000
vt 0.00000 1.00000
vt 0.00000 1.00000
vt 0.00000 1.00000
vt 0.00000 1.00000
vt 0.00000 1.00000
vt 0.00000 1.00000
vt 0.00000 1.00000
vt 0.00000 1.00000
vt 0.00000 1.00000
vt 0.00000 1.00000
vt 0.00000 1.00000
vt 0.00000 1.00000
vt 0.00000 1.00000
vt 0.00000 1.00000
vt 0.00000 1.00000
vt 0.00000 1.00000
vt 0.00000 1.00000
vt 0.00000 1.00000
vt 0.00000 1.00000
vt 0.00000 1.00000
vt 0.00000 1.00000
vt 0.00000 1.00000
vt 0.00000 1.00000
vt 0.00000 1.00000
vt 0.00000 1.00000
vt 0.00000 1.00000
vt 0.00000 1.00000
vt 0.00000 1.00000
vt 0.00000 1.00000
vt 0.00000 1.00000
vt 0.00000 1.00000
vt 0.00000 1.00000
vt 0.00000 1.00000
vt 0.00000 1.00000
vt 0.00000 1.00000
vt 0.00000 1.00000
vt 0.00000 1.00000
vt 0.00000 1.00000
vt 0.00000 1.00000
vt 0.00000 1.00000
vt 0.00000 1.00000
vt 0.00000 1.00000
vt 0.00000 1.00000
vt 0.00000 1.00000
vt 0.00000 1.00000
vt 0.00000 1.00000
vt 0.00000 1.00000
vt 0.00000 1.00000
vt 0.00000 1.00000
vt 0.00000 1.00000
vt 0.00000 1.00000
vt 0.00000 1.00000
vt 0.00000 1.00000
vt 0.00000 1.00000
vt 0.00000 1.00000
vt 0.00000 1.00000
vt 0.00000 1.00000
vt 0.00000 1.00000
vt 0.00000 1.00000
vt 0.00000 1.00000
vt 0.00000 1.00000
vt 0.00000 1.00000
vt 0.00000 1.00000
vt 0.00000 1.00000
vt 0.00000 1.00000
vt 0.00000 1.00000
vt 0.00000 1.00000
vt 0.00000 1.00000
vt 0.00000 1.00000
vt 0.00000 1.00000
vt 0.00000 1.00000
vt 0.00000 1.00000
vt 0.00000 1.00000
vt 0.00000 1.00000
vt 0.00000 1.00000
vt 0.00000 1.00000
vt 0.00000 1.00000
vt 0.00000 1.00000
vt 0.00000 1.00000
vt 0.00000 1.00000
vt 0.00000 1.00000
vt 0.00000 1.00000
vt 0.00000 1.00000
vt 0.00000 1.00000
vt 0.00000 1.00000
vt 0.00000 1.00000
vt 0.00000 1.00000
vt 0.00000 1.00000
vt 0.00000 1.00000
vt 0.00000 1.00000
vt 0.00000 1.00000
vt 0.00000 1.00000
vt 0.00000 1.00000
vt 0.00000 1.00000
vt 0.00000 1.00000
vt 0.00000 1.00000
vt 0.00000 1.00000
vt 0.00000 1.00000
vt 0.00000 1.00000
vt 0.00000 1.00000
vt 0.00000 1.00000
vt 0.00000 1.00000
vt 0.00000 1.00000
vt 0.00000 1.00000
vt 0.00000 1.00000
vt 0.00000 1.00000
vt 0.00000 1.00000
vt 0.00000 1.00000
vt 0.00000 1.00000
vt 0.00000 1.00000
vt 0.00000 1.00000
vt 0.00000 1.00000
vt 0.00000 1.00000
vt 0.00000 1.00000
vt 0.00000 1.00000
vt 0.00000 1.00000
vt 0.00000 1.00000
vt 0.00000 1.00000
vt 0.00000 1.00000
vt 0.00000 1.00000
vt 0.00000 1.00000
vt 0.00000 1.00000
vt 0.00000 1.00000
vt 0.00000 1.00000
vt 0.00000 1.00000
vt 0.00000 1.00000
vt 0.00000 1.00000
vt 0.00000 1.00000
vt 0.00000 1.00000
vt 0.00000 1.00000
vt 0.00000 1.00000
vt 0.00000 1.00000
vt 0.00000 1.00000
vt 0.00000 1.00000
vt 0.00000 1.00000
vt 0.00000 1.00000
vt 0.00000 1.00000
vt 0.00000 1.00000
vt 0.00000 1.00000
vt 0.00000 1.00000
vt 0.00000 1.00000
vt 0.00000 1.00000
vt 0.00000 1.00000
vt 0.00000 1.00000
vt 0.00000 1.00000
vt 0.00000 1.00000
vt 0.00000 1.00000
vt 0.00000 1.00000
vt 0.00000 1.00000
vt 0.00000 1.00000
vt 0.00000 1.00000
vt 0.00000 1.00000
vt 0.00000 1.00000
vt 0.00000 1.00000
vt 0.00000 1.00000
vt 0.00000 1.00000
vt 0.00000 1.00000
vt 0.00000 1.00000
vt 0.00000 1.00000
vt 0.00000 1.00000
vt 0.00000 1.00000
vt 0.00000 1.00000
vt 0.00000 1.00000
vt 0.00000 1.00000
vt 0.00000 1.00000
vt 0.00000 1.00000
vt 0.00000 1.00000
vt 0.00000 1.00000
vt 0.00000 1.00000
vt 0.00000 1.00000
vt 0.00000 1.00000
vt 0.00000 1.00000
vt 0.00000 1.00000
vt 0.00000 1.00000
vt 0.00000 1.00000
vt 0.00000 1.00000
vt 0.00000 1.00000
vt 0.00000 1.00000
vt 0.00000 1.00000
vt 0.00000 1.00000
vt 0.00000 1.00000
vt 0.00000 1.00000
vt 0.00000 1.00000
vt 0.00000 1.00000
vt 0.00000 1.00000
vt 0.00000 1.00000
vt 0.00000 1.00000
vt 0.00000 1.00000
vt 0.00000 1.00000
vt 0.00000 1.00000
vt 0.00000 1.00000
vt 0.00000 1.00000
vt 0.00000 1.00000
vt 0.00000 1.00000
vt 0.00000 1.00000
vt 0.00000 1.00000
vt 0.00000 1.00000
vt 0.00000 1.00000
vt 0.00000 1.00000
vt 0.00000 1.00000
vt 0.00000 1.00000
vt 0.00000 1.00000
vt 0.00000 1.00000
vt 0.00000 1.00000
vt 0.00000 1.00000
vt 0.00000 1.00000
vt 0.00000 1.00000
vt 0.00000 1.00000
vt 0.00000 1.00000
vt 0.00000 1.00000
vt 0.00000 1.00000
vt 0.00000 1.00000
vt 0.00000 1.00000
vt 0.00000 1.00000
vt 0.00000 1.00000
vt 0.00000 1.00000
vt 0.00000 1.00000
vt 0.00000 1.00000
vt 0.00000 1.00000
vt 0.00000 1.00000
vt 0.00000 1.00000
vt 0.00000 1.00000
vt 0.00000 1.00000
vt 0.00000 1.00000
vt 0.00000 1.00000
vt 0.00000 1.00000
vt 0.00000 1.00000
vt 0.00000 1.00000
vt 0.00000 1.00000
vt 0.00000 1.00000
vt 0.00000 1.00000
vt 0.00000 1.00000
vt 0.00000 1.00000
vt 0.00000 1.00000
vt 0.00000 1.00000
vt 0.00000 1.00000
vt 0.00000 1.00000
vt 0.00000 1.00000
vt 0.00000 1.00000
vt 0.00000 1.00000
vt 0.00000 1.00000
vt 0.00000 1.00000
vt 0.00000 1.00000
vt 0.00000 1.00000
vt 0.00000 1.00000
vt 0.00000 1.00000
vt 0.00000 1.00000
vt 0.00000 1.00000
vt 0.00000 1.00000
vt 0.00000 1.00000
vt 0.00000 1.00000
vt 0.00000 1.00000
vt 0.00000 1.00000
vt 0.00000 1.00000
vt 0.00000 1.00000
vt 0.00000 1.00000
vt 0.00000 1.00000
vt 0.00000 1.00000
vt 0.00000 1.00000
vt 0.00000 1.00000
vt 0.00000 1.00000
vt 0.00000 1.00000
vt 0.00000 1.00000
vt 0.00000 1.00000
vt 0.00000 1.00000
vt 0.00000 1.00000
vt 0.00000 1.00000
vt 0.00000 1.00000
vt 0.00000 1.00000
vt 0.00000 1.00000
vt 0.00000 1.00000
vt 0.00000 1.00000
vt 0.00000 1.00000
vt 0.00000 1.00000
vt 0.00000 1.00000
vt 0.00000 1.00000
vt 0.00000 1.00000
vt 0.00000 1.00000
vt 0.00000 1.00000
vt 0.00000 1.00000
vt 0.00000 1.00000
vt 0.00000 1.00000
vt 0.00000 1.00000
vt 0.00000 1.00000
vt 0.00000 1.00000
vt 0.00000 1.00000
vt 0.00000 1.00000
vt 0.00000 1.00000
vt 0.00000 1.00000
vt 0.00000 1.00000
vt 0.00000 1.00000
vt 0.00000 1.00000
vt 0.00000 1.00000
vt 0.00000 1.00000
vt 0.00000 1.00000
vt 0.00000 1.00000
vt 0.00000 1.00000
vt 0.00000 1.00000
vt 0.00000 1.00000
vt 0.00000 1.00000
vt 0.00000 1.00000
vt 0.00000 1.00000
vt 0.00000 1.00000
vt 0.00000 1.00000
vt 0.00000 1.00000
vt 0.00000 1.00000
vt 0.00000 1.00000
vt 0.00000 1.00000
vt 0.00000 1.00000
vt 0.00000 1.00000
vt 0.00000 1.00000
vt 0.00000 1.00000
vt 0.00000 1.00000
vt 0.00000 1.00000
vt 0.00000 1.00000
vt 0.00000 1.00000
vt 0.00000 1.00000
vt 0.00000 1.00000
vt 0.00000 1.00000
vt 0.00000 1.00000
vt 0.00000 1.00000
vt 0.00000 1.00000
vt 0.00000 1.00000
vt 0.00000 1.00000
vt 0.00000 1.00000
vt 0.00000 1.00000
vt 0.00000 1.00000
vt 0.00000 1.00000
vt 0.00000 1.00000
vt 0.00000 1.00000
vt 0.00000 1.00000
vt 0.00000 1.00000
vt 0.00000 1.00000
vt 0.00000 1.00000
vt 0.00000 1.00000
vt 0.00000 1.00000
vt 0.00000 1.00000
vt 0.00000 1.00000
vt 0.00000 1.00000
vt 0.00000 1.00000
vt 0.00000 1.00000
vt 0.00000 1.00000
vt 0.00000 1.00000
vt 0.00000 1.00000
vt 0.00000 1.00000
vt 0.00000 1.00000
vt 0.00000 1.00000
vt 0.00000 1.00000
vt 0.00000 1.00000
vt 0.00000 1.00000
vt 0.00000 1.00000
vt 0.00000 1.00000
vt 0.00000 1.00000
vt 0.00000 1.00000
vt 0.00000 1.00000
vt 0.00000 1.00000
vt 0.00000 1.00000
vt 0.00000 1.00000
vt 0.00000 1.00000
vt 0.00000 1.00000
vt 0.00000 1.00000
vt 0.00000 1.00000
vt 0.00000 1.00000
vt 0.00000 1.00000
vt 0.00000 1.00000
vt 0.00000 1.00000
vt 0.00000 1.00000
vt 0.00000 1.00000
vt 0.00000 1.00000
vt 0.00000 1.00000
vt 0.00000 1.00000
vt 0.00000 1.00000
vt 0.00000 1.00000
vt 0.00000 1.00000
vt 0.00000 1.00000
vt 0.00000 1.00000
vt 0.00000 1.00000
vt 0.00000 1.00000
vt 0.00000 1.00000
vt 0.00000 1.00000
vt 0.00000 1.00000
vt 0.00000 1.00000
vt 0.00000 1.00000
vt 0.00000 1.00000
vt 0.00000 1.00000
vt 0.00000 1.00000
vt 0.00000 1.00000
vt 0.00000 1.00000
vt 0.00000 1.00000
vt 0.00000 1.00000
vt 0.00000 1.00000
vt 0.00000 1.00000
vt 0.00000 1.00000
vt 0.00000 1.00000
vt 0.00000 1.00000
vt 0.00000 1.00000
vt 0.00000 1.00000
vt 0.00000 1.00000
vt 0.00000 1.00000
vt 0.00000 1.00000
vt 0.00000 1.00000
vt 0.00000 1.00000
vt 0.00000 1.00000
vt 0.00000 1.00000
vt 0.00000 1.00000
vt 0.00000 1.00000
vt 0.00000 1.00000
vt 0.00000 1.00000
vt 0.00000 1.00000
vt 0.00000 1.00000
vt 0.00000 1.00000
vt 0.00000 1.00000
vt 0.00000 1.00000
vt 0.00000 1.00000
vt 0.00000 1.00000
vt 0.00000 1.00000
vt 0.00000 1.00000
vt 0.00000 1.00000
vt 0.00000 1.00000
vt 0.00000 1.00000
vt 0.00000 1.00000
vt 0.00000 1.00000
vt 0.00000 1.00000
vt 0.00000 1.00000
vt 0.00000 1.00000
vt 0.00000 1.00000
vt 0.00000 1.00000
vt 0.00000 1.00000
vt 0.00000 1.00000
vt 0.00000 1.00000
vt 0.00000 1.00000
vt 0.00000 1.00000
vt 0.00000 1.00000
vt 0.00000 1.00000
vt 0.00000 1.00000
vt 0.00000 1.00000
vt 0.00000 1.00000
vt 0.00000 1.00000
vt 0.00000 1.00000
vt 0.00000 1.00000
vt 0.00000 1.00000
vt 0.00000 1.00000
vt 0.00000 1.00000
vt 0.00000 1.00000
vt 0.00000 1.00000
vt 0.00000 1.00000
vt 0.00000 1.00000
vt 0.00000 1.00000
vt 0.00000 1.00000
vt 0.00000 1.00000
vt 0.00000 1.00000
vt 0.00000 1.00000
vt 0.00000 1.00000
vt 0.00000 1.00000
vt 0.00000 1.00000
vt 0.00000 1.00000
vt 0.00000 1.00000
vt 0.00000 1.00000
vt 0.00000 1.00000
vt 0.00000 1.00000
vt 0.00000 1.00000
vt 0.00000 1.00000
vt 0.00000 1.00000
vt 0.00000 1.00000
vt 0.00000 1.00000
vt 0.00000 1.00000
vt 0.00000 1.00000
vt 0.00000 1.00000
vt 0.00000 1.00000
vt 0.00000 1.00000
vt 0.00000 1.00000
vt 0.00000 1.00000
vt 0.00000 1.00000
vt 0.00000 1.00000
vt 0.00000 1.00000
vt 0.00000 1.00000
vt 0.00000 1.00000
vt 0.00000 1.00000
vt 0.00000 1.00000
vt 0.00000 1.00000
vt 0.00000 1.00000
vt 0.00000 1.00000
vt 0.00000 1.00000
vt 0.00000 1.00000
vt 0.00000 1.00000
vt 0.00000 1.00000
vt 0.00000 1.00000
vt 0.00000 1.00000
vt 0.00000 1.00000
vt 0.00000 1.00000
vt 0.00000 1.00000
vt 0.00000 1.00000
vt 0.00000 1.00000
vt 0.00000 1.00000
vt 0.00000 1.00000
vt 0.00000 1.00000
vt 0.00000 1.00000
vt 0.00000 1.00000
vt 0.00000 1.00000
vt 0.00000 1.00000
vt 0.00000 1.00000
vt 0.00000 1.00000
vt 0.00000 1.00000
vt 0.00000 1.00000
vt 0.00000 1.00000
vt 0.00000 1.00000
vt 0.00000 1.00000
vt 0.00000 1.00000
vt 0.00000 1.00000
vt 0.00000 1.00000
vt 0.00000 1.00000
vt 0.00000 1.00000
vt 0.00000 1.00000
vt 0.00000 1.00000
vt 0.00000 1.00000
vt 0.00000 1.00000
vt 0.00000 1.00000
vt 0.00000 1.00000
vt 0.00000 1.00000
vt 0.00000 1.00000
vt 0.00000 1.00000
vt 0.00000 1.00000
vt 0.00000 1.00000
vt 0.00000 1.00000
vt 0.00000 1.00000
vt 0.00000 1.00000
vt 0.00000 1.00000
vt 0.00000 1.00000
vt 0.00000 1.00000
vt 0.00000 1.00000
vt 0.00000 1.00000
vt 0.00000 1.00000
vt 0.00000 1.00000
vt 0.00000 1.00000
vt 0.00000 1.00000
vt 0.00000 1.00000
vt 0.00000 1.00000
vt 0.00000 1.00000
vt 0.00000 1.00000
vt 0.00000 1.00000
vt 0.00000 1.00000
vt 0.00000 1.00000
vt 0.00000 1.00000
vt 0.00000 1.00000
vt 0.00000 1.00000
vt 0.00000 1.00000
vt 0.00000 1.00000
vt 0.00000 1.00000
vt 0.00000 1.00000
vt 0.00000 1.00000
vt 0.00000 1.00000
vt 0.00000 1.00000
vt 0.00000 1.00000
vt 0.00000 1.00000
vt 0.00000 1.00000
vt 0.00000 1.00000
vt 0.00000 1.00000
vt 0.00000 1.00000
vt 0.00000 1.00000
vt 0.00000 1.00000
vt 0.00000 1.00000
vt 0.00000 1.00000
vt 0.00000 1.00000
vt 0.00000 1.00000
vt 0.00000 1.00000
vt 0.00000 1.00000
vt 0.00000 1.00000
vt 0.00000 1.00000
vt 0.00000 1.00000
vt 0.00000 1.00000
vt 0.00000 1.00000
vt 0.00000 1.00000
vt 0.00000 1.00000
vt 0.00000 1.00000
vt 0.00000 1.00000
vt 0.00000 1.00000
vt 0.00000 1.00000
vt 0.00000 1.00000
vt 0.00000 1.00000
vt 0.00000 1.00000
vt 0.00000 1.00000
vt 0.00000 1.00000
vt 0.00000 1.00000
vt 0.00000 1.00000
vt 0.00000 1.00000
vt 0.00000 1.00000
vt 0.00000 1.00000
vt 0.00000 1.00000
vt 0.00000 1.00000
vt 0.00000 1.00000
vt 0.00000 1.00000
vt 0.00000 1.00000
vt 0.00000 1.00000
vt 0.00000 1.00000
vt 0.00000 1.00000
vt 0.00000 1.00000
vt 0.00000 1.00000
vt 0.00000 1.00000
vt 0.00000 1.00000
vt 0.00000 1.00000
vt 0.00000 1.00000
vt 0.00000 1.00000
vt 0.00000 1.00000
vt 0.00000 1.00000
vt 0.00000 1.00000
vt 0.00000 1.00000
vt 0.00000 1.00000
vt 0.00000 1.00000
vt 0.00000 1.00000
vt 0.00000 1.00000
vt 0.00000 1.00000
vt 0.00000 1.00000
vt 0.00000 1.00000
vt 0.00000 1.00000
vt 0.00000 1.00000
vt 0.00000 1.00000
vt 0.00000 1.00000
vt 0.00000 1.00000
vt 0.00000 1.00000
vt 0.00000 1.00000
vt 0.00000 1.00000
vt 0.00000 1.00000
vt 0.00000 1.00000
vt 0.00000 1.00000
vt 0.00000 1.00000
vt 0.00000 1.00000
vt 0.00000 1.00000
vt 0.00000 1.00000
vt 0.00000 1.00000
vt 0.00000 1.00000
vt 0.00000 1.00000
vt 0.00000 1.00000
vt 0.00000 1.00000
vt 0.00000 1.00000
vt 0.00000 1.00000
vt 0.00000 1.00000
vt 0.00000 1.00000
vt 0.00000 1.00000
vt 0.00000 1.00000
vt 0.00000 1.00000
vt 0.00000 1.00000
vt 0.00000 1.00000
vt 0.00000 1.00000
vt 0.00000 1.00000
vt 0.00000 1.00000
vt 0.00000 1.00000
vt 0.00000 1.00000
vt 0.00000 1.00000
vt 0.00000 1.00000
vt 0.00000 1.00000
vt 0.00000 1.00000
vt 0.00000 1.00000
vt 0.00000 1.00000
vt 0.00000 1.00000
vt 0.00000 1.00000
vt 0.00000 1.00000
vt 0.00000 1.00000
vt 0.00000 1.00000
vt 0.00000 1.00000
vt 0.00000 1.00000
vt 0.00000 1.00000
vt 0.00000 1.00000
vt 0.00000 1.00000
vt 0.00000 1.00000
vt 0.00000 1.00000
vt 0.00000 1.00000
vt 0.00000 1.00000
vt 0.00000 1.00000
vt 0.00000 1.00000
vt 0.00000 1.00000
vt 0.00000 1.00000
vt 0.00000 1.00000
vt 0.00000 1.00000
vt 0.00000 1.00000
vt 0.00000 1.00000
vt 0.00000 1.00000
vt 0.00000 1.00000
vt 0.00000 1.00000
vt 0.00000 1.00000
vt 0.00000 1.00000
vt 0.00000 1.00000
vt 0.00000 1.00000
vt 0.00000 1.00000
vt 0.00000 1.00000
vt 0.00000 1.00000
vt 0.00000 1.00000
vt 0.00000 1.00000
vt 0.00000 1.00000
vt 0.00000 1.00000
vt 0.00000 1.00000
vt 0.00000 1.00000
vt 0.00000 1.00000
vt 0.00000 1.00000
vt 0.00000 1.00000
vt 0.00000 1.00000
vt 0.00000 1.00000
vt 0.00000 1.00000
vt 0.00000 1.00000
vt 0.00000 1.00000
vt 0.00000 1.00000
vt 0.00000 1.00000
vt 0.00000 1.00000
vt 0.00000 1.00000
vt 0.00000 1.00000
vt 0.00000 1.00000
vt 0.00000 1.00000
vt 0.00000 1.00000
vt 0.00000 1.00000
vt 0.00000 1.00000
vt 0.00000 1.00000
vt 0.00000 1.00000
vt 0.00000 1.00000
vt 0.00000 1.00000
vt 0.00000 1.00000
vt 0.00000 1.00000
vt 0.00000 1.00000
vt 0.00000 1.00000
vt 0.00000 1.00000
vt 0.00000 1.00000
vt 0.00000 1.00000
vt 0.00000 1.00000
vt 0.00000 1.00000
vt 0.00000 1.00000
vt 0.00000 1.00000
vt 0.00000 1.00000
vt 0.00000 1.00000
vt 0.00000 1.00000
vt 0.00000 1.00000
vt 0.00000 1.00000
vt 0.00000 1.00000
vt 0.00000 1.00000
vt 0.00000 1.00000
vt 0.00000 1.00000
vt 0.00000 1.00000
vt 0.00000 1.00000
vt 0.00000 1.00000
vt 0.00000 1.00000
vt 0.00000 1.00000
vt 0.00000 1.00000
vt 0.00000 1.00000
vt 0.00000 1.00000
vt 0.00000 1.00000
vt 0.00000 1.00000
vt 0.00000 1.00000
vt 0.00000 1.00000
vt 0.00000 1.00000
vt 0.00000 1.00000
vt 0.00000 1.00000
vt 0.00000 1.00000
vt 0.00000 1.00000
vt 0.00000 1.00000
vt 0.00000 1.00000
vt 0.00000 1.00000
vt 0.00000 1.00000
vt 0.00000 1.00000
vt 0.00000 1.00000
vt 0.00000 1.00000
vt 0.00000 1.00000
vt 0.00000 1.00000
vt 0.00000 1.00000
vt 0.00000 1.00000
vt 0.00000 1.00000
vt 0.00000 1.00000
vt 0.00000 1.00000
vt 0.00000 1.00000
vt 0.00000 1.00000
vt 0.00000 1.00000
vt 0.00000 1.00000
vt 0.00000 1.00000
vt 0.00000 1.00000
vt 0.00000 1.00000
vt 0.00000 1.00000
vt 0.00000 1.00000
vt 0.00000 1.00000
vt 0.00000 1.00000
vt 0.00000 1.00000
vt 0.00000 1.00000
vt 0.00000 1.00000
vt 0.00000 1.00000
vt 0.00000 1.00000
vt 0.00000 1.00000
vt 0.00000 1.00000
vt 0.00000 1.00000
vt 0.00000 1.00000
vt 0.00000 1.00000
vt 0.00000 1.00000
vt 0.00000 1.00000
vt 0.00000 1.00000
vt 0.00000 1.00000
vt 0.00000 1.00000
vt 0.00000 1.00000
vt 0.00000 1.00000
vt 0.00000 1.00000
vt 0.00000 1.00000
vt 0.00000 1.00000
vt 0.00000 1.00000
vt 0.00000 1.00000
vt 0.00000 1.00000
vt 0.00000 1.00000
vt 0.00000 1.00000
vt 0.00000 1.00000
vt 0.00000 1.00000
vt 0.00000 1.00000
vt 0.00000 1.00000
vt 0.00000 1.00000
vt 0.00000 1.00000
vt 0.00000 1.00000
vt 0.00000 1.00000
vt 0.00000 1.00000
vt 0.00000 1.00000
vt 0.00000 1.00000
vt 0.00000 1.00000
vt 0.00000 1.00000
vt 0.00000 1.00000
vt 0.00000 1.00000
vt 0.00000 1.00000
vt 0.00000 1.00000
vt 0.00000 1.00000
vt 0.00000 1.00000
vt 0.00000 1.00000
vt 0.00000 1.00000
vt 0.00000 1.00000
vt 0.00000 1.00000
vt 0.00000 1.00000
vt 0.00000 1.00000
vt 0.00000 1.00000
vt 0.00000 1.00000
vt 0.00000 1.00000
vt 0.00000 1.00000
vt 0.00000 1.00000
vt 0.00000 1.00000
vt 0.00000 1.00000
vt 0.00000 1.00000
vt 0.00000 1.00000
vt 0.00000 1.00000
vt 0.00000 1.00000
vt 0.00000 1.00000
vt 0.00000 1.00000
vt 0.00000 1.00000
vt 0.00000 1.00000
vt 0.00000 1.00000
vt 0.00000 1.00000
vt 0.00000 1.00000
vt 0.00000 1.00000
vt 0.00000 1.00000
vt 0.00000 1.00000
vt 0.00000 1.00000
vt 0.00000 1.00000
vt 0.00000 1.00000
vt 0.00000 1.00000
vt 0.00000 1.00000
vt 0.00000 1.00000
vt 0.00000 1.00000
vt 0.00000 1.00000
vt 0.00000 1.00000
vt 0.00000 1.00000
vt 0.00000 1.00000
vt 0.00000 1.00000
vt 0.00000 1.00000
vt 0.00000 1.00000
vt 0.00000 1.00000
vt 0.00000 1.00000
vt 0.00000 1.00000
vt 0.00000 1.00000
vt 0.00000 1.00000
vt 0.00000 1.00000
vt 0.00000 1.00000
vt 0.00000 1.00000
vt 0.00000 1.00000
vt 0.00000 1.00000
vt 0.00000 1.00000
vt 0.00000 1.00000
vt 0.00000 1.00000
vt 0.00000 1.00000
vt 0.00000 1.00000
vt 0.00000 1.00000
vt 0.00000 1.00000
vt 0.00000 1.00000
vt 0.00000 1.00000
vt 0.00000 1.00000
vt 0.00000 1.00000
vt 0.00000 1.00000
vt 0.00000 1.00000
vt 0.00000 1.00000
vt 0.00000 1.00000
vt 0.00000 1.00000
vt 0.00000 1.00000
vt 0.00000 1.00000
vt 0.00000 1.00000
vt 0.00000 1.00000
vt 0.00000 1.00000
vt 0.00000 1.00000
vt 0.00000 1.00000
vt 0.00000 1.00000
vt 0.00000 1.00000
vt 0.00000 1.00000
vt 0.00000 1.00000
vt 0.00000 1.00000
vt 0.00000 1.00000
vt 0.00000 1.00000
vt 0.00000 1.00000
vt 0.00000 1.00000
vt 0.00000 1.00000
vt 0.00000 1.00000
vt 0.00000 1.00000
vt 0.00000 1.00000
vt 0.00000 1.00000
vt 0.00000 1.00000
vt 0.00000 1.00000
vt 0.00000 1.00000
vt 0.00000 1.00000
vt 0.00000 1.00000
vt 0.00000 1.00000
vt 0.00000 1.00000
vt 0.00000 1.00000
vt 0.00000 1.00000
vt 0.00000 1.00000
vt 0.00000 1.00000
vt 0.00000 1.00000
vt 0.00000 1.00000
vt 0.00000 1.00000
vt 0.00000 1.00000
vt 0.00000 1.00000
vt 0.00000 1.00000
vt 0.00000 1.00000
vt 0.00000 1.00000
vt 0.00000 1.00000
vt 0.00000 1.00000
vt 0.00000 1.00000
vt 0.00000 1.00000
vt 0.00000 1.00000
vt 0.00000 1.00000
vt 0.00000 1.00000
vt 0.00000 1.00000
vt 0.00000 1.00000
vt 0.00000 1.00000
vt 0.00000 1.00000
vt 0.00000 1.00000
vt 0.00000 1.00000
vt 0.00000 1.00000
vt 0.00000 1.00000
vt 0.00000 1.00000
vt 0.00000 1.00000
vt 0.00000 1.00000
vt 0.00000 1.00000
vt 0.00000 1.00000
vt 0.00000 1.00000
vt 0.00000 1.00000
vt 0.00000 1.00000
vt 0.00000 1.00000
vt 0.00000 1.00000
vt 0.00000 1.00000
vt 0.00000 1.00000
vt 0.00000 1.00000
vt 0.00000 1.00000
vt 0.00000 1.00000
vt 0.00000 1.00000
vt 0.00000 1.00000
vt 0.00000 1.00000
vt 0.00000 1.00000
vt 0.00000 1.00000
vt 0.00000 1.00000
vt 0.00000 1.00000
vt 0.00000 1.00000
vt 0.00000 1.00000
vt 0.00000 1.00000
vt 0.00000 1.00000
vt 0.00000 1.00000
vt 0.00000 1.00000
vt 0.00000 1.00000
vt 0.00000 1.00000
vt 0.00000 1.00000
vt 0.00000 1.00000
vt 0.00000 1.00000
vt 0.00000 1.00000
vt 0.00000 1.00000
vt 0.00000 1.00000
vt 0.00000 1.00000
vt 0.00000 1.00000
vt 0.00000 1.00000
vt 0.00000 1.00000
vt 0.00000 1.00000
vt 0.00000 1.00000
vt 0.00000 1.00000
vt 0.00000 1.00000
vt 0.00000 1.00000
vt 0.00000 1.00000
vt 0.00000 1.00000
vt 0.00000 1.00000
vt 0.00000 1.00000
vt 0.00000 1.00000
vt 0.00000 1.00000
vt 0.00000 1.00000
vt 0.00000 1.00000
vt 0.00000 1.00000
vt 0.00000 1.00000
vt 0.00000 1.00000
vt 0.00000 1.00000
vt 0.00000 1.00000
vt 0.00000 1.00000
vt 0.00000 1.00000
vt 0.00000 1.00000
vt 0.00000 1.00000
vt 0.00000 1.00000
vt 0.00000 1.00000
vt 0.00000 1.00000
vt 0.00000 1.00000
vt 0.00000 1.00000
vt 0.00000 1.00000
vt 0.00000 1.00000
vt 0.00000 1.00000
vt 0.00000 1.00000
vt 0.00000 1.00000
vt 0.00000 1.00000
vt 0.00000 1.00000
vt 0.00000 1.00000
vt 0.00000 1.00000
vt 0.00000 1.00000
vt 0.00000 1.00000
vt 0.00000 1.00000
vt 0.00000 1.00000
vt 0.00000 1.00000
vt 0.00000 1.00000
vt 0.00000 1.00000
vt 0.00000 1.00000
vt 0.00000 1.00000
vt 0.00000 1.00000
vt 0.00000 1.00000
vt 0.00000 1.00000
vt 0.00000 1.00000
vt 0.00000 1.00000
vt 0.00000 1.00000
vt 0.00000 1.00000
vt 0.00000 1.00000
vt 0.00000 1.00000
vt 0.00000 1.00000
vt 0.00000 1.00000
vt 0.00000 1.00000
vt 0.00000 1.00000
vt 0.00000 1.00000
vt 0.00000 1.00000
vt 0.00000 1.00000
vt 0.00000 1.00000
vt 0.00000 1.00000
vt 0.00000 1.00000
vt 0.00000 1.00000
vt 0.00000 1.00000
vt 0.00000 1.00000
vt 0.00000 1.00000
vt 0.00000 1.00000
vt 0.00000 1.00000
vt 0.00000 1.00000
vt 0.00000 1.00000
vt 0.00000 1.00000
vt 0.00000 1.00000
vt 0.00000 1.00000
vt 0.00000 1.00000
vt 0.00000 1.00000
vt 0.00000 1.00000
vt 0.00000 1.00000
vt 0.00000 1.00000
vt 0.00000 1.00000
vt 0.00000 1.00000
vt 0.00000 1.00000
vt 0.00000 1.00000
vt 0.00000 1.00000
vt 0.00000 1.00000
vt 0.00000 1.00000
vt 0.00000 1.00000
vt 0.00000 1.00000
vt 0.00000 1.00000
vt 0.00000 1.00000
vt 0.00000 1.00000
vt 0.00000 1.00000
vt 0.00000 1.00000
vt 0.00000 1.00000
vt 0.00000 1.00000
vt 0.00000 1.00000
vt 0.00000 1.00000
vt 0.00000 1.00000
vt 0.00000 1.00000
vt 0.00000 1.00000
vt 0.00000 1.00000
vt 0.00000 1.00000
vt 0.00000 1.00000
vt 0.00000 1.00000
vt 0.00000 1.00000
vt 0.00000 1.00000
vt 0.00000 1.00000
vt 0.00000 1.00000
vt 0.00000 1.00000
vt 0.00000 1.00000
vt 0.00000 1.00000
vt 0.00000 1.00000
vt 0.00000 1.00000
vt 0.00000 1.00000
vt 0.00000 1.00000
vt 0.00000 1.00000
vt 0.00000 1.00000
vt 0.00000 1.00000
vt 0.00000 1.00000
vt 0.00000 1.00000
vt 0.00000 1.00000
vt 0.00000 1.00000
vt 0.00000 1.00000
vt 0.00000 1.00000
vt 0.00000 1.00000
vt 0.00000 1.00000
vt 0.00000 1.00000
vt 0.00000 1.00000
vt 0.00000 1.00000
vt 0.00000 1.00000
vt 0.00000 1.00000
vt 0.00000 1.00000
vt 0.00000 1.00000
vt 0.00000 1.00000
vt 0.00000 1.00000
vt 0.00000 1.00000
vt 0.00000 1.00000
vt 0.00000 1.00000
vt 0.00000 1.00000
vt 0.00000 1.00000
vt 0.00000 1.00000
vt 0.00000 1.00000
vt 0.00000 1.00000
vt 0.00000 1.00000
vt 0.00000 1.00000
vt 0.00000 1.00000
vt 0.00000 1.00000
vt 0.00000 1.00000
vt 0.00000 1.00000
vt 0.00000 1.00000
vt 0.00000 1.00000
vt 0.00000 1.00000
vt 0.00000 1.00000
vt 0.00000 1.00000
vt 0.00000 1.00000
vt 0.00000 1.00000
vt 0.00000 1.00000
vt 0.00000 1.00000
vt 0.00000 1.00000
vt 0.00000 1.00000
vt 0.00000 1.00000
vt 0.00000 1.00000
vt 0.00000 1.00000
vt 0.00000 1.00000
vt 0.00000 1.00000
vt 0.00000 1.00000
vt 0.00000 1.00000
vt 0.00000 1.00000
vt 0.00000 1.00000
vt 0.00000 1.00000
vt 0.00000 1.00000
vt 0.00000 1.00000
vt 0.00000 1.00000
vt 0.00000 1.00000
vt 0.00000 1.00000
vt 0.00000 1.00000
vt 0.00000 1.00000
vt 0.00000 1.00000
vt 0.00000 1.00000
vt 0.00000 1.00000
vt 0.00000 1.00000
vt 0.00000 1.00000
vt 0.00000 1.00000
vt 0.00000 1.00000
vt 0.00000 1.00000
vt 0.00000 1.00000
vt 0.00000 1.00000
vt 0.00000 1.00000
vt 0.00000 1.00000
vt 0.00000 1.00000
vt 0.00000 1.00000
vt 0.00000 1.00000
vt 0.00000 1.00000
vt 0.00000 1.00000
vt 0.00000 1.00000
vt 0.00000 1.00000
vt 0.00000 1.00000
vt 0.00000 1.00000
vt 0.00000 1.00000
vt 0.00000 1.00000
vt 0.00000 1.00000
vt 0.00000 1.00000
vt 0.00000 1.00000
vt 0.00000 1.00000
vt 0.00000 1.00000
vt 0.00000 1.00000
vt 0.00000 1.00000
vt 0.00000 1.00000
vt 0.00000 1.00000
vt 0.00000 1.00000
vt 0.00000 1.00000
vt 0.00000 1.00000
vt 0.00000 1.00000
vt 0.00000 1.00000
vt 0.00000 1.00000
vt 0.00000 1.00000
vt 0.00000 1.00000
vt 0.00000 1.00000
vt 0.00000 1.00000
vt 0.00000 1.00000
vt 0.00000 1.00000
vt 0.00000 1.00000
vt 0.00000 1.00000
vt 0.00000 1.00000
vt 0.00000 1.00000
vt 0.00000 1.00000
vt 0.00000 1.00000
vt 0.00000 1.00000
vt 0.00000 1.00000
vt 0.00000 1.00000
vt 0.00000 1.00000
vt 0.00000 1.00000
vt 0.00000 1.00000
vt 0.00000 1.00000
vt 0.00000 1.00000
vt 0.00000 1.00000
vt 0.00000 1.00000
vt 0.00000 1.00000
vt 0.00000 1.00000
vt 0.00000 1.00000
vt 0.00000 1.00000
vt 0.00000 1.00000
vt 0.00000 1.00000
vt 0.00000 1.00000
vt 0.00000 1.00000
vt 0.00000 1.00000
vt 0.00000 1.00000
vt 0.00000 1.00000
vt 0.00000 1.00000
vt 0.00000 1.00000
vt 0.00000 1.00000
vt 0.00000 1.00000
vt 0.00000 1.00000
vt 0.00000 1.00000
vt 0.00000 1.00000
vt 0.00000 1.00000
vt 0.00000 1.00000
vt 0.00000 1.00000
vt 0.00000 1.00000
vt 0.00000 1.00000
vt 0.00000 1.00000
vt 0.00000 1.00000
vt 0.00000 1.00000
vt 0.00000 1.00000
vt 0.00000 1.00000
vt 0.00000 1.00000
vt 0.00000 1.00000
vt 0.00000 1.00000
vt 0.00000 1.00000
vt 0.00000 1.00000
vt 0.00000 1.00000
vt 0.00000 1.00000
vt 0.00000 1.00000
vt 0.00000 1.00000
vt 0.00000 1.00000
vt 0.00000 1.00000
vt 0.00000 1.00000
vt 0.00000 1.00000
vt 0.00000 1.00000
vt 0.00000 1.00000
vt 0.00000 1.00000
vt 0.00000 1.00000
vt 0.00000 1.00000
vt 0.00000 1.00000
vt 0.00000 1.00000
vt 0.00000 1.00000
vt 0.00000 1.00000
vt 0.00000 1.00000
vt 0.00000 1.00000
vt 0.00000 1.00000
vt 0.00000 1.00000
vt 0.00000 1.00000
vt 0.00000 1.00000
vt 0.00000 1.00000
vt 0.00000 1.00000
vt 0.00000 1.00000
vt 0.00000 1.00000
vt 0.00000 1.00000
vt 0.00000 1.00000
vt 0.00000 1.00000
vt 0.00000 1.00000
vt 0.00000 1.00000
vt 0.00000 1.00000
vt 0.00000 1.00000
vt 0.00000 1.00000
vt 0.00000 1.00000
vt 0.00000 1.00000
vt 0.00000 1.00000
vt 0.00000 1.00000
vt 0.00000 1.00000
vt 0.00000 1.00000
vt 0.00000 1.00000
vt 0.00000 1.00000
vt 0.00000 1.00000
vt 0.00000 1.00000
vt 0.00000 1.00000
vt 0.00000 1.00000
vt 0.00000 1.00000
vt 0.00000 1.00000
vt 0.00000 1.00000
vt 0.00000 1.00000
vt 0.00000 1.00000
vt 0.00000 1.00000
vt 0.00000 1.00000
vt 0.00000 1.00000
vt 0.00000 1.00000
vt 0.00000 1.00000
vt 0.00000 1.00000
vt 0.00000 1.00000
vt 0.00000 1.00000
vt 0.00000 1.00000
vt 0.00000 1.00000
vt 0.00000 1.00000
vt 0.00000 1.00000
vt 0.00000 1.00000
vt 0.00000 1.00000
vt 0.00000 1.00000
vt 0.00000 1.00000
vt 0.00000 1.00000
vt 0.00000 1.00000
vt 0.00000 1.00000
vt 0.00000 1.00000
vt 0.00000 1.00000
vt 0.00000 1.00000
vt 0.00000 1.00000
vt 0.00000 1.00000
vt 0.00000 1.00000
vt 0.00000 1.00000
vt 0.00000 1.00000
vt 0.00000 1.00000
vt 0.00000 1.00000
vt 0.00000 1.00000
vt 0.00000 1.00000
vt 0.00000 1.00000
vt 0.00000 1.00000
vt 0.00000 1.00000
vt 0.00000 1.00000
vt 0.00000 1.00000
vt 0.00000 1.00000
vt 0.00000 1.00000
vt 0.00000 1.00000
vt 0.00000 1.00000
vt 0.00000 1.00000
vt 0.00000 1.00000
vt 0.00000 1.00000
vt 0.00000 1.00000
vt 0.00000 1.00000
vt 0.00000 1.00000
vt 0.00000 1.00000
vt 0.00000 1.00000
vt 0.00000 1.00000
vt 0.00000 1.00000
vt 0.00000 1.00000
vt 0.00000 1.00000
vt 0.00000 1.00000
vt 0.00000 1.00000
vt 0.00000 1.00000
vt 0.00000 1.00000
vt 0.00000 1.00000
vt 0.00000 1.00000
vt 0.00000 1.00000
vt 0.00000 1.00000
vt 0.00000 1.00000
vt 0.00000 1.00000
vt 0.00000 1.00000
vt 0.00000 1.00000
vt 0.00000 1.00000
vt 0.00000 1.00000
vt 0.00000 1.00000
vt 0.00000 1.00000
vt 0.00000 1.00000
vt 0.00000 1.00000
vt 0.00000 1.00000
vt 0.00000 1.00000
vt 0.00000 1.00000
vt 0.00000 1.00000
vt 0.00000 1.00000
vt 0.00000 1.00000
vt 0.00000 1.00000
vt 0.00000 1.00000
vt 0.00000 1.00000
vt 0.00000 1.00000
vt 0.00000 1.00000
vt 0.00000 1.00000
vt 0.00000 1.00000
vt 0.00000 1.00000
vt 0.00000 1.00000
vt 0.00000 1.00000
vt 0.00000 1.00000
vt 0.00000 1.00000
vt 0.00000 1.00000
vt 0.00000 1.00000
vt 0.00000 1.00000
vt 0.00000 1.00000
vt 0.00000 1.00000
vt 0.00000 1.00000
vt 0.00000 1.00000
vt 0.00000 1.00000
vt 0.00000 1.00000
vt 0.00000 1.00000
vt 0.00000 1.00000
vt 0.00000 1.00000
vt 0.00000 1.00000
vt 0.00000 1.00000
vt 0.00000 1.00000
vt 0.00000 1.00000
vt 0.00000 1.00000
vt 0.00000 1.00000
vt 0.00000 1.00000
vt 0.00000 1.00000
vt 0.00000 1.00000
vt 0.00000 1.00000
vt 0.00000 1.00000
vt 0.00000 1.00000
vt 0.00000 1.00000
vt 0.00000 1.00000
vt 0.00000 1.00000
vt 0.00000 1.00000
vt 0.00000 1.00000
vt 0.00000 1.00000
vt 0.00000 1.00000
vt 0.00000 1.00000
vt 0.00000 1.00000
vt 0.00000 1.00000
vt 0.00000 1.00000
vt 0.00000 1.00000
vt 0.00000 1.00000
vt 0.00000 1.00000
vt 0.00000 1.00000
vt 0.00000 1.00000
vt 0.00000 1.00000
vt 0.00000 1.00000
vt 0.00000 1.00000
vt 0.00000 1.00000
vt 0.00000 1.00000
vt 0.00000 1.00000
vt 0.00000 1.00000
vt 0.00000 1.00000
vt 0.00000 1.00000
vt 0.00000 1.00000
vt 0.00000 1.00000
vt 0.00000 1.00000
vt 0.00000 1.00000
vt 0.00000 1.00000
vt 0.00000 1.00000
vt 0.00000 1.00000
vt 0.00000 1.00000
vt 0.00000 1.00000
vt 0.00000 1.00000
vt 0.00000 1.00000
vt 0.00000 1.00000
vt 0.00000 1.00000
vt 0.00000 1.00000
vt 0.00000 1.00000
vt 0.00000 1.00000
vt 0.00000 1.00000
vt 0.00000 1.00000
vt 0.00000 1.00000
vt 0.00000 1.00000
vt 0.00000 1.00000
vt 0.00000 1.00000
vt 0.00000 1.00000
vt 0.00000 1.00000
vt 0.00000 1.00000
vt 0.00000 1.00000
vt 0.00000 1.00000
vt 0.00000 1.00000
vt 0.00000 1.00000
vt 0.00000 1.00000
vt 0.00000 1.00000
vt 0.00000 1.00000
vt 0.00000 1.00000
vt 0.00000 1.00000
vt 0.00000 1.00000
vt 0.00000 1.00000
vt 0.00000 1.00000
vt 0.00000 1.00000
vt 0.00000 1.00000
vt 0.00000 1.00000
vt 0.00000 1.00000
vt 0.00000 1.00000
vt 0.00000 1.00000
vt 0.00000 1.00000
vt 0.00000 1.00000
vt 0.00000 1.00000
vt 0.00000 1.00000
vt 0.00000 1.00000
vt 0.00000 1.00000
vt 0.00000 1.00000
vt 0.00000 1.00000
vt 0.00000 1.00000
vt 0.00000 1.00000
vt 0.00000 1.00000
vt 0.00000 1.00000
vt 0.00000 1.00000
vt 0.00000 1.00000
vt 0.00000 1.00000
vt 0.00000 1.00000
vt 0.00000 1.00000
vt 0.00000 1.00000
vt 0.00000 1.00000
vt 0.00000 1.00000
vt 0.00000 1.00000
vt 0.00000 1.00000
vt 0.00000 1.00000
vt 0.00000 1.00000
vt 0.00000 1.00000
vt 0.00000 1.00000
vt 0.00000 1.00000
vt 0.00000 1.00000
vt 0.00000 1.00000
vt 0.00000 1.00000
vt 0.00000 1.00000
vt 0.00000 1.00000
vt 0.00000 1.00000
vt 0.00000 1.00000
vt 0.00000 1.00000
vt 0.00000 1.00000
vt 0.00000 1.00000
vt 0.00000 1.00000
vt 0.00000 1.00000
vt 0.00000 1.00000
vt 0.00000 1.00000
vt 0.00000 1.00000
vt 0.00000 1.00000
vt 0.00000 1.00000
vt 0.00000 1.00000
vt 0.00000 1.00000
vt 0.00000 1.00000
vt 0.00000 1.00000
vt 0.00000 1.00000
vt 0.00000 1.00000
vt 0.00000 1.00000
vt 0.00000 1.00000
vt 0.00000 1.00000
vt 0.00000 1.00000
vt 0.00000 1.00000
vt 0.00000 1.00000
vt 0.00000 1.00000
vt 0.00000 1.00000
vt 0.00000 1.00000
vt 0.00000 1.00000
vt 0.00000 1.00000
vt 0.00000 1.00000
vt 0.00000 1.00000
vt 0.00000 1.00000
vt 0.00000 1.00000
vt 0.00000 1.00000
vt 0.00000 1.00000
vt 0.00000 1.00000
vt 0.00000 1.00000
vt 0.00000 1.00000
vt 0.00000 1.00000
vt 0.00000 1.00000
vt 0.00000 1.00000
vt 0.00000 1.00000
vt 0.00000 1.00000
vt 0.00000 1.00000
vt 0.00000 1.00000
vt 0.00000 1.00000
vt 0.00000 1.00000
vt 0.00000 1.00000
vt 0.00000 1.00000
vt 0.00000 1.00000
vt 0.00000 1.00000
vt 0.00000 1.00000
vt 0.00000 1.00000
vt 0.00000 1.00000
vt 0.00000 1.00000
vt 0.00000 1.00000
vt 0.00000 1.00000
vt 0.00000 1.00000
vt 0.00000 1.00000
vt 0.00000 1.00000
vt 0.00000 1.00000
vt 0.00000 1.00000
vt 0.00000 1.00000
vt 0.00000 1.00000
vt 0.00000 1.00000
vt 0.00000 1.00000
vt 0.00000 1.00000
vt 0.00000 1.00000
vt 0.00000 1.00000
vt 0.00000 1.00000
vt 0.00000 1.00000
vt 0.00000 1.00000
vt 0.00000 1.00000
vt 0.00000 1.00000
vt 0.00000 1.00000
vt 0.00000 1.00000
vt 0.00000 1.00000
vt 0.00000 1.00000
vt 0.00000 1.00000
vt 0.00000 1.00000
vt 0.00000 1.00000
vt 0.00000 1.00000
vt 0.00000 1.00000
vt 0.00000 1.00000
vt 0.00000 1.00000
vt 0.00000 1.00000
vt 0.00000 1.00000
vt 0.00000 1.00000
vt 0.00000 1.00000
vt 0.00000 1.00000
vt 0.00000 1.00000
vt 0.00000 1.00000
vt 0.00000 1.00000
vt 0.00000 1.00000
vt 0.00000 1.00000
vt 0.00000 1.00000
vt 0.00000 1.00000
vt 0.00000 1.00000
vt 0.00000 1.00000
vt 0.00000 1.00000
vt 0.00000 1.00000
vt 0.00000 1.00000
vt 0.00000 1.00000
vt 0.00000 1.00000
vt 0.00000 1.00000
vt 0.00000 1.00000
vt 0.00000 1.00000
vt 0.00000 1.00000
vt 0.00000 1.00000
vt 0.00000 1.00000
vt 0.00000 1.00000
vt 0.00000 1.00000
vt 0.00000 1.00000
vt 0.00000 1.00000
vt 0.00000 1.00000
vt 0.00000 1.00000
vt 0.00000 1.00000
vt 0.00000 1.00000
vt 0.00000 1.00000
vt 0.00000 1.00000
vt 0.00000 1.00000
vt 0.00000 1.00000
vt 0.00000 1.00000
vt 0.00000 1.00000
vt 0.00000 1.00000
vt 0.00000 1.00000
vt 0.00000 1.00000
vt 0.00000 1.00000
vt 0.00000 1.00000
vt 0.00000 1.00000
vt 0.00000 1.00000
vt 0.00000 1.00000
vt 0.00000 1.00000
vt 0.00000 1.00000
vt 0.00000 1.00000
vt 0.00000 1.00000
vt 0.00000 1.00000
vt 0.00000 1.00000
vt 0.00000 1.00000
vt 0.00000 1.00000
vt 0.00000 1.00000
vt 0.00000 1.00000
vt 0.00000 1.00000
vt 0.00000 1.00000
vt 0.00000 1.00000
vt 0.00000 1.00000
vt 0.00000 1.00000
vt 0.00000 1.00000
vt 0.00000 1.00000
vt 0.00000 1.00000
vt 0.00000 1.00000
vt 0.00000 1.00000
vt 0.00000 1.00000
vt 0.00000 1.00000
vt 0.00000 1.00000
vt 0.00000 1.00000
vt 0.00000 1.00000
vt 0.00000 1.00000
vt 0.00000 1.00000
vt 0.00000 1.00000
vt 0.00000 1.00000
vt 0.00000 1.00000
vt 0.00000 1.00000
vt 0.00000 1.00000
vt 0.00000 1.00000
vt 0.00000 1.00000
vt 0.00000 1.00000
vt 0.00000 1.00000
vt 0.00000 1.00000
vt 0.00000 1.00000
vt 0.00000 1.00000
vt 0.00000 1.00000
vt 0.00000 1.00000
vt 0.00000 1.00000
vt 0.00000 1.00000
vt 0.00000 1.00000
vt 0.00000 1.00000
vt 0.00000 1.00000
vt 0.00000 1.00000
vt 0.00000 1.00000
vt 0.00000 1.00000
vt 0.00000 1.00000
vt 0.00000 1.00000
vt 0.00000 1.00000
vt 0.00000 1.00000
vt 0.00000 1.00000
vt 0.00000 1.00000
vt 0.00000 1.00000
vt 0.00000 1.00000
vt 0.00000 1.00000
vt 0.00000 1.00000
vt 0.00000 1.00000
vt 0.00000 1.00000
vt 0.00000 1.00000
vt 0.00000 1.00000
vt 0.00000 1.00000
vt 0.00000 1.00000
vt 0.00000 1.00000
vt 0.00000 1.00000
vt 0.00000 1.00000
vt 0.00000 1.00000
vt 0.00000 1.00000
vt 0.00000 1.00000
vt 0.00000 1.00000
vt 0.00000 1.00000
vt 0.00000 1.00000
vt 0.00000 1.00000
vt 0.00000 1.00000
vt 0.00000 1.00000
vt 0.00000 1.00000
vt 0.00000 1.00000
vt 0.00000 1.00000
vt 0.00000 1.00000
vt 0.00000 1.00000
vt 0.00000 1.00000
vt 0.00000 1.00000
vt 0.00000 1.00000
vt 0.00000 1.00000
vt 0.00000 1.00000
vt 0.00000 1.00000
vt 0.00000 1.00000
vt 0.00000 1.00000
vt 0.00000 1.00000
vt 0.00000 1.00000
vt 0.00000 1.00000
vt 0.00000 1.00000
vt 0.00000 1.00000
vt 0.00000 1.00000
vt 0.00000 1.00000
vt 0.00000 1.00000
vt 0.00000 1.00000
vt 0.00000 1.00000
vt 0.00000 1.00000
vt 0.00000 1.00000
vt 0.00000 1.00000
vt 0.00000 1.00000
vt 0.00000 1.00000
vt 0.00000 1.00000
vt 0.00000 1.00000
vt 0.00000 1.00000
vt 0.00000 1.00000
vt 0.00000 1.00000
vt 0.00000 1.00000
vt 0.00000 1.00000
vt 0.00000 1.00000
vt 0.00000 1.00000
vt 0.00000 1.00000
vt 0.00000 1.00000
vt 0.00000 1.00000
vt 0.00000 1.00000
vt 0.00000 1.00000
vt 0.00000 1.00000
vt 0.00000 1.00000
vt 0.00000 1.00000
vt 0.00000 1.00000
vt 0.00000 1.00000
vt 0.00000 1.00000
vt 0.00000 1.00000
vt 0.00000 1.00000
vt 0.00000 1.00000
vt 0.00000 1.00000
vt 0.00000 1.00000
vt 0.00000 1.00000
vt 0.00000 1.00000
vt 0.00000 1.00000
vt 0.00000 1.00000
vt 0.00000 1.00000
vt 0.00000 1.00000
vt 0.00000 1.00000
vt 0.00000 1.00000
vt 0.00000 1.00000
vt 0.00000 1.00000
vt 0.00000 1.00000
vt 0.00000 1.00000
vt 0.00000 1.00000
vt 0.00000 1.00000
vt 0.00000 1.00000
vt 0.00000 1.00000
vt 0.00000 1.00000
vt 0.00000 1.00000
vt 0.00000 1.00000
vt 0.00000 1.00000
vt 0.00000 1.00000
vt 0.00000 1.00000
vt 0.00000 1.00000
vt 0.00000 1.00000
vt 0.00000 1.00000
vt 0.00000 1.00000
vt 0.00000 1.00000
vt 0.00000 1.00000
vt 0.00000 1.00000
vt 0.00000 1.00000
vt 0.00000 1.00000
vt 0.00000 1.00000
vt 0.00000 1.00000
vt 0.00000 1.00000
vt 0.00000 1.00000
vt 0.00000 1.00000
vt 0.00000 1.00000
vt 0.00000 1.00000
vt 0.00000 1.00000
vt 0.00000 1.00000
vt 0.00000 1.00000
vt 0.00000 1.00000
vt 0.00000 1.00000
vt 0.00000 1.00000
vt 0.00000 1.00000
vt 0.00000 1.00000
vt 0.00000 1.00000
vt 0.00000 1.00000
vt 0.00000 1.00000
vt 0.00000 1.00000
vt 0.00000 1.00000
vt 0.00000 1.00000
vt 0.00000 1.00000
vt 0.00000 1.00000
vt 0.00000 1.00000
vt 0.00000 1.00000
vt 0.00000 1.00000
vt 0.00000 1.00000
vt 0.00000 1.00000
vt 0.00000 1.00000
vt 0.00000 1.00000
vt 0.00000 1.00000
vt 0.00000 1.00000
vt 0.00000 1.00000
vt 0.00000 1.00000
vt 0.00000 1.00000
vt 0.00000 1.00000
vt 0.00000 1.00000
vt 0.00000 1.00000
vt 0.00000 1.00000
vt 0.00000 1.00000
vt 0.00000 1.00000
vt 0.00000 1.00000
vt 0.00000 1.00000
vt 0.00000 1.00000
vt 0.00000 1.00000
vt 0.00000 1.00000
vt 0.00000 1.00000
vt 0.00000 1.00000
vt 0.00000 1.00000
vt 0.00000 1.00000
vt 0.00000 1.00000
vt 0.00000 1.00000
vt 0.00000 1.00000
vt 0.00000 1.00000
vt 0.00000 1.00000
vt 0.00000 1.00000
vt 0.00000 1.00000
vt 0.00000 1.00000
vt 0.00000 1.00000
vt 0.00000 1.00000
vt 0.00000 1.00000
vt 0.00000 1.00000
vt 0.00000 1.00000
vt 0.00000 1.00000
vt 0.00000 1.00000
vt 0.00000 1.00000
vt 0.00000 1.00000
vt 0.00000 1.00000
vt 0.00000 1.00000
vt 0.00000 1.00000
vt 0.00000 1.00000
vt 0.00000 1.00000
vt 0.00000 1.00000
vt 0.00000 1.00000
vt 0.00000 1.00000
vt 0.00000 1.00000
vt 0.00000 1.00000
vt 0.00000 1.00000
vt 0.00000 1.00000
vt 0.00000 1.00000
vt 0.00000 1.00000
vt 0.00000 1.00000
vt 0.00000 1.00000
vt 0.00000 1.00000
vt 0.00000 1.00000
vt 0.00000 1.00000
vt 0.00000 1.00000
vt 0.00000 1.00000
vt 0.00000 1.00000
vt 0.00000 1.00000
vt 0.00000 1.00000
vt 0.00000 1.00000
vt 0.00000 1.00000
vt 0.00000 1.00000
vt 0.00000 1.00000
vt 0.00000 1.00000
vt 0.00000 1.00000
vt 0.00000 1.00000
vt 0.00000 1.00000
vt 0.00000 1.00000
vt 0.00000 1.00000
vt 0.00000 1.00000
vt 0.00000 1.00000
vt 0.00000 1.00000
vt 0.00000 1.00000
vt 0.00000 1.00000
vt 0.00000 1.00000
vt 0.00000 1.00000
vt 0.00000 1.00000
vt 0.00000 1.00000
vt 0.00000 1.00000
vt 0.00000 1.00000
vt 0.00000 1.00000
vt 0.00000 1.00000
vt 0.00000 1.00000
vt 0.00000 1.00000
vt 0.00000 1.00000
vt 0.00000 1.00000
vt 0.00000 1.00000
vt 0.00000 1.00000
vt 0.00000 1.00000
vt 0.00000 1.00000
vt 0.00000 1.00000
vt 0.00000 1.00000
vt 0.00000 1.00000
vt 0.00000 1.00000
vt 0.00000 1.00000
vt 0.00000 1.00000
vt 0.00000 1.00000
vt 0.00000 1.00000
vt 0.00000 1.00000
vt 0.00000 1.00000
vt 0.00000 1.00000
vt 0.00000 1.00000
vt 0.00000 1.00000
vt 0.00000 1.00000
vt 0.00000 1.00000
vt 0.00000 1.00000
vt 0.00000 1.00000
vt 0.00000 1.00000
vt 0.00000 1.00000
vt 0.00000 1.00000
vt 0.00000 1.00000
vt 0.00000 1.00000
vt 0.00000 1.00000
vt 0.00000 1.00000
vt 0.00000 1.00000
vt 0.00000 1.00000
vt 0.00000 1.00000
vt 0.00000 1.00000
vt 0.00000 1.00000
vt 0.00000 1.00000
vt 0.00000 1.00000
vt 0.00000 1.00000
vt 0.00000 1.00000
vt 0.00000 1.00000
vt 0.00000 1.00000
vt 0.00000 1.00000
vt 0.00000 1.00000
vt 0.00000 1.00000
vt 0.00000 1.00000
vt 0.00000 1.00000
vt 0.00000 1.00000
vt 0.00000 1.00000
vt 0.00000 1.00000
vt 0.00000 1.00000
vt 0.00000 1.00000
vt 0.00000 1.00000
vt 0.00000 1.00000
vt 0.00000 1.00000
vt 0.00000 1.00000
vt 0.00000 1.00000
vt 0.00000 1.00000
vt 0.00000 1.00000
vt 0.00000 1.00000
vt 0.00000 1.00000
vt 0.00000 1.00000
vt 0.00000 1.00000
vt 0.00000 1.00000
vt 0.00000 1.00000
vt 0.00000 1.00000
vt 0.00000 1.00000
vt 0.00000 1.00000
vt 0.00000 1.00000
vt 0.00000 1.00000
vt 0.00000 1.00000
vt 0.00000 1.00000
vt 0.00000 1.00000
vt 0.00000 1.00000
vt 0.00000 1.00000
vt 0.00000 1.00000
vt 0.00000 1.00000
vt 0.00000 1.00000
vt 0.00000 1.00000
vt 0.00000 1.00000
vt 0.00000 1.00000
vt 0.00000 1.00000
vt 0.00000 1.00000
vt 0.00000 1.00000
vt 0.00000 1.00000
vt 0.00000 1.00000
vt 0.00000 1.00000
vt 0.00000 1.00000
vt 0.00000 1.00000
vt 0.00000 1.00000
vt 0.00000 1.00000
vt 0.00000 1.00000
vt 0.00000 1.00000
vt 0.00000 1.00000
vt 0.00000 1.00000
vt 0.00000 1.00000
vt 0.00000 1.00000
vt 0.00000 1.00000
vt 0.00000 1.00000
vt 0.00000 1.00000
vt 0.00000 1.00000
vt 0.00000 1.00000
vt 0.00000 1.00000
vt 0.00000 1.00000
vt 0.00000 1.00000
vt 0.00000 1.00000
vt 0.00000 1.00000
vt 0.00000 1.00000
vt 0.00000 1.00000
vt 0.00000 1.00000
vt 0.00000 1.00000
vt 0.00000 1.00000
vt 0.00000 1.00000
vt 0.00000 1.00000
vt 0.00000 1.00000
vt 0.00000 1.00000
vt 0.00000 1.00000
vt 0.00000 1.00000
vt 0.00000 1.00000
vt 0.00000 1.00000
vt 0.00000 1.00000
vt 0.00000 1.00000
vt 0.00000 1.00000
vt 0.00000 1.00000
vt 0.00000 1.00000
vt 0.00000 1.00000
vt 0.00000 1.00000
vt 0.00000 1.00000
vt 0.00000 1.00000
vt 0.00000 1.00000
vt 0.00000 1.00000
vt 0.00000 1.00000
vt 0.00000 1.00000
vt 0.00000 1.00000
vt 0.00000 1.00000
vt 0.00000 1.00000
vt 0.00000 1.00000
vt 0.00000 1.00000
vt 0.00000 1.00000
vt 0.00000 1.00000
vt 0.00000 1.00000
vt 0.00000 1.00000
vt 0.00000 1.00000
vt 0.00000 1.00000
vt 0.00000 1.00000
vt 0.00000 1.00000
vt 0.00000 1.00000
vt 0.00000 1.00000
vt 0.00000 1.00000
vt 0.00000 1.00000
vt 0.00000 1.00000
vt 0.00000 1.00000
vt 0.00000 1.00000
vt 0.00000 1.00000
vt 0.00000 1.00000
vt 0.00000 1.00000
vt 0.00000 1.00000
vt 0.00000 1.00000
vt 0.00000 1.00000
vt 0.00000 1.00000
usemtl needles
f 601/601 602/602 603/603
f 604/604 605/605 606/606
f 607/607 608/608 609/609
f 610/610 611/611 612/612
f 613/613 614/614 615/615
f 616/616 617/617 618/618
f 619/619 620/620 621/621
f 622/622 623/623 624/624
f 625/625 626/626 627/627
f 628/628 629/629 630/630
f 631/631 632/632 633/633
f 634/634 635/635 636/636
f 637/637 638/638 639/639
f 640/640 641/641 642/642
f 643/643 644/644 645/645
f 646/646 647/647 648/648
f 649/649 650/650 651/651
f 652/652 653/653 654/654
f 655/655 656/656 657/657
f 658/658 659/659 660/660
f 661/661 662/662 663/663
f 664/664 665/665 666/666
f 667/667 668/668 669/669
f 670/670 671/671 672/672
f 673/673 674/674 675/675
f 676/676 677/677 678/678
f 679/679 680/680 681/681
f 682/682 683/683 684/684
f 685/685 686/686 687/687
f 688/688 689/689 690/690
f 691/691 692/692 693/693
f 694/694 695/695 696/696
f 697/697 698/698 699/699
f 700/700 701/701 702/702
f 703/703 704/704 705/705
f 706/706 707/707 708/708
f 709/709 710/710 711/711
f 712/712 713/713 714/714
f 715/715 716/716 717/717
f 718/718 719/719 720/720
f 721/721 722/722 723/723
f 724/724 725/725 726/726
f 727/727 728/728 729/729
f 730/730 731/731 732/732
f 733/733 734/734 735/735
f 736/736 737/737 738/738
f 739/739 740/740 741/741
f 742/742 743/743 744/744
f 745/745 746/746 747/747
f 748/748 749/749 750/750
f 751/751 752/752 753/753
f 754/754 755/755 756/756
f 757/757 758/758 759/759
f 760/760 761/761 762/762
f 763/763 764/764 765/765
f 766/766 767/767 768/768
f 769/769 770/770 771/771
f 772/772 773/773 774/774
f 775/775 776/776 777/777
f 778/778 779/779 780/780
f 781/781 782/782 783/783
f 784/784 785/785 786/786
f 787/787 788/788 789/789
f 790/790 791/791 792/792
f 793/793 794/794 795/795
f 796/796 797/797 798/798
f 799/799 800/800 801/801
f 802/802 803/803 804/804
f 805/805 806/806 807/807
f 808/808 809/809 810/810
f 811/811 812/812 813/813
f 814/814 815/815 816/816
f 817/817 818/818 819/819
f 820/820 821/821 822/822
f 823/823 824/824 825/825
f 826/826 827/827 828/828
f 829/829 830/830 831/831
f 832/832 833/833 834/834
f 835/835 836/836 837/837
f 838/838 839/839 840/840
f 841/841 842/842 843/843
f 844/844 845/845 846/846
f 847/847 848/848 849/849
f 850/850 851/851 852/852
f 853/853 854/854 855/855
f 856/856 857/857 858/858
f 859/859 860/860 861/861
f 862/862 863/863 864/864
f 865/865 866/866 867/867
f 868/868 869/869 870/870
f 871/871 872/872 873/873
f 874/874 875/875 876/876
f 877/877 878/878 879/879
f 880/880 881/881 882/882
f 883/883 884/884 885/885
f 886/886 887/887 888/888
f 889/889 890/890 891/891
f 892/892 893/893 894/894
f 895/895 896/896 897/897
f 898/898 899/899 900/900
f 901/901 902/902 903/903
f 904/904 905/905 906/906
f 907/907 908/908 909/909
f 910/910 911/911 912/912
f 913/913 914/914 915/915
f 916/916 917/917 918/918
f 919/919 920/920 921/921
f 922/922 923/923 924/924
f 925/925 926/926 927/927
f 928/928 929/929 930/930
f 931/931 932/932 933/933
f 934/934 935/935 936/936
f 937/937 938/938 939/939
f 940/940 941/941 942/942
f 943/943 944/944 945/945
f 946/946 947/947 948/948
f 949/949 950/950 951/951
f 952/952 953/953 954/954
f 955/955 956/956 957/957
f 958/958 959/959 960/960
f 961/961 962/962 963/963
f 964/964 965/965 966/966
f 967/967 968/968 969/969
f 970/970 971/971 972/972
f 973/973 974/974 975/975
f 976/976 977/977 978/978
f 979/979 980/980 981/981
f 982/982 983/983 984/984
f 985/985 986/986 987/987
f 988/988 989/989 990/990
f 991/991 992/992 993/993
f 994/994 995/995 996/996
f 997/997 998/998 999/999
f 1000/1000 1001/1001 1002/1002
f 1003/1003 1004/1004 1005/1005
f 1006/1006 1007/1007 1008/1008
f 1009/1009 1010/1010 1011/1011
f 1012/1012 1013/1013 1014/1014
f 1015/1015 1016/1016 1017/1017
f 1018/1018 1019/1019 1020/1020
f 1021/1021 1022/1022 1023/1023
f 1024/1024 1025/1025 1026/1026
f 1027/1027 1028/1028 1029/1029
f 1030/1030 1031/1031 1032/1032
f 1033/1033 1034/1034 1035/1035
f 1036/1036 1037/1037 1038/1038
f 1039/1039 1040/1040 1041/1041
f 1042/1042 1043/1043 1044/1044
f 1045/1045 1046/1046 1047/1047
f 1048/1048 1049/1049 1050/1050
f 1051/1051 1052/1052 1053/1053
f 1054/1054 1055/1055 1056/1056
f 1057/1057 1058/1058 1059/1059
f 1060/1060 1061/1061 1062/1062
f 1063/1063 1064/1064 1065/1065
f 1066/1066 1067/1067 1068/1068
f 1069/1069 1070/1070 1071/1071
f 1072/1072 1073/1073 1074/1074
f 1075/1075 1076/1076 1077/1077
f 1078/1078 1079/1079 1080/1080
f 1081/1081 1082/1082 1083/1083
f 1084/1084 1085/1085 1086/1086
f 1087/1087 1088/1088 1089/1089
f 1090/1090 1091/1091 1092/1092
f 1093/1093 1094/1094 1095/1095
f 1096/1096 1097/1097 1098/1098
f 1099/1099 1100/1100 1101/1101
f 1102/1102 1103/1103 1104/1104
f 1105/1105 1106/1106 1107/1107
f 1108/1108 1109/1109 1110/1110
f 1111/1111 1112/1112 1113/1113
f 1114/1114 1115/1115 1116/1116
f 1117/1117 1118/1118 1119/1119
f 1120/1120 1121/1121 1122/1122
f 1123/1123 1124/1124 1125/1125
f 1126/1126 1127/1127 1128/1128
f 1129/1129 1130/1130 1131/1131
f 1132/1132 1133/1133 1134/1134
f 1135/1135 1136/1136 1137/1137
f 1138/1138 1139/1139 1140/1140
f 1141/1141 1142/1142 1143/1143
f 1144/1144 1145/1145 1146/1146
f 1147/1147 1148/1148 1149/1149
f 1150/1150 1151/1151 1152/1152
f 1153/1153 1154/1154 1155/1155
f 1156/1156 1157/1157 1158/1158
f 1159/1159 1160/1160 1161/1161
f 1162/1162 1163/1163 1164/1164
f 1165/1165 1166/1166 1167/1167
f 1168/1168 1169/1169 1170/1170
f 1171/1171 1172/1172 1173/1173
f 1174/1174 1175/1175 1176/1176
f 1177/1177 1178/1178 1179/1179
f 1180/1180 1181/1181 1182/1182
f 1183/1183 1184/1184 1185/1185
f 1186/1186 1187/1187 1188/1188
f 1189/1189 1190/1190 1191/1191
f 1192/1192 1193/1193 1194/1194
f 1195/1195 1196/1196 1197/1197
f 1198/1198 1199/1199 1200/1200
f 1201/1201 1202/1202 1203/1203
f 1204/1204 1205/1205 1206/1206
f 1207/1207 1208/1208 1209/1209
f 1210/1210 1211/1211 1212/1212
f 1213/1213 1214/1214 1215/1215
f 1216/1216 1217/1217 1218/1218
f 1219/1219 1220/1220 1221/1221
f 1222/1222 1223/1223 1224/1224
f 1225/1225 1226/1226 1227/1227
f 1228/1228 1229/1229 1230/1230
f 1231/1231 1232/1232 1233/1233
f 1234/1234 1235/1235 1236/1236
f 1237/1237 1238/1238 1239/1239
f 1240/1240 1241/1241 1242/1242
f 1243/1243 1244/1244 1245/1245
f 1246/1246 1247/1247 1248/1248
f 1249/1249 1250/1250 1251/1251
f 1252/1252 1253/1253 1254/1254
f 1255/1255 1256/1256 1257/1257
f 1258/1258 1259/1259 1260/1260
f 1261/1261 1262/1262 1263/1263
f 1264/1264 1265/1265 1266/1266
f 1267/1267 1268/1268 1269/1269
f 1270/1270 1271/1271 1272/1272
f 1273/1273 1274/1274 1275/1275
f 1276/1276 1277/1277 1278/1278
f 1279/1279 1280/1280 1281/1281
f 1282/1282 1283/1283 1284/1284
f 1285/1285 1286/1286 1287/1287
f 1288/1288 1289/1289 1290/1290
f 1291/1291 1292/1292 1293/1293
f 1294/1294 1295/1295 1296/1296
f 1297/1297 1298/1298 1299/1299
f 1300/1300 1301/1301 1302/1302
f 1303/1303 1304/1304 1305/1305
f 1306/1306 1307/1307 1308/1308
f 1309/1309 1310/1310 1311/1311
f 1312/1312 1313/1313 1314/1314
f 1315/1315 1316/1316 1317/1317
f 1318/1318 1319/1319 1320/1320
f 1321/1321 1322/1322 1323/1323
f 1324/1324 1325/1325 1326/1326
f 1327/1327 1328/1328 1329/1329
f 1330/1330 1331/1331 1332/1332
f 1333/1333 1334/1334 1335/1335
f 1336/1336 1337/1337 1338/1338
f 1339/1339 1340/1340 1341/1341
f 1342/1342 1343/1343 1344/1344
f 1345/1345 1346/1346 1347/1347
f 1348/1348 1349/1349 1350/1350
f 1351/1351 1352/1352 1353/1353
f 1354/1354 1355/1355 1356/1356
f 1357/1357 1358/1358 1359/1359
f 1360/1360 1361/1361 1362/1362
f 1363/1363 1364/1364 1365/1365
f 1366/1366 1367/1367 1368/1368
f 1369/1369 1370/1370 1371/1371
f 1372/1372 1373/1373 1374/1374
f 1375/1375 1376/1376 1377/1377
f 1378/1378 1379/1379 1380/1380
f 1381/1381 1382/1382 1383/1383
f 1384/1384 1385/1385 1386/1386
f 1387/1387 1388/1388 1389/1389
f 1390/1390 1391/1391 1392/1392
f 1393/1393 1394/1394 1395/1395
f 1396/1396 1397/1397 1398/1398
f 1399/1399 1400/1400 1401/1401
f 1402/1402 1403/1403 1404/1404
f 1405/1405 1406/1406 1407/1407
f 1408/1408 1409/1409 1410/1410
f 1411/1411 1412/1412 1413/1413
f 1414/1414 1415/1415 1416/1416
f 1417/1417 1418/1418 1419/1419
f 1420/1420 1421/1421 1422/1422
f 1423/1423 1424/1424 1425/1425
f 1426/1426 1427/1427 1428/1428
f 1429/1429 1430/1430 1431/1431
f 1432/1432 1433/1433 1434/1434
f 1435/1435 1436/1436 1437/1437
f 1438/1438 1439/1439 1440/1440
f 1441/1441 1442/1442 1443/1443
f 1444/1444 1445/1445 1446/1446
f 1447/1447 1448/1448 1449/1449
f 1450/1450 1451/1451 1452/1452
f 1453/1453 1454/1454 1455/1455
f 1456/1456 1457/1457 1458/1458
f 1459/1459 1460/1460 1461/1461
f 1462/1462 1463/1463 1464/1464
f 1465/1465 1466/1466 1467/1467
f 1468/1468 1469/1469 1470/1470
f 1471/1471 1472/1472 1473/1473
f 1474/1474 1475/1475 1476/1476
f 1477/1477 1478/1478 1479/1479
f 1480/1480 1481/1481 1482/1482
f 1483/1483 1484/1484 1485/1485
f 1486/1486 1487/1487 1488/1488
f 1489/1489 1490/1490 1491/1491
f 1492/1492 1493/1493 1494/1494
f 1495/1495 1496/1496 1497/1497
f 1498/1498 1499/1499 1500/1500
f 1501/1501 1502/1502 1503/1503
f 1504/1504 1505/1505 1506/1506
f 1507/1507 1508/1508 1509/1509
f 1510/1510 1511/1511 1512/1512
f 1513/1513 1514/1514 1515/1515
f 1516/1516 1517/1517 1518/1518
f 1519/1519 1520/1520 1521/1521
f 1522/1522 1523/1523 1524/1524
f 1525/1525 1526/1526 1527/1527
f 1528/1528 1529/1529 1530/1530
f 1531/1531 1532/1532 1533/1533
f 1534/1534 1535/1535 1536/1536
f 1537/1537 1538/1538 1539/1539
f 1540/1540 1541/1541 1542/1542
f 1543/1543 1544/1544 1545/1545
f 1546/1546 1547/1547 1548/1548
f 1549/1549 1550/1550 1551/1551
f 1552/1552 1553/1553 1554/1554
f 1555/1555 1556/1556 1557/1557
f 1558/1558 1559/1559 1560/1560
f 1561/1561 1562/1562 1563/1563
f 1564/1564 1565/1565 1566/1566
f 1567/1567 1568/1568 1569/1569
f 1570/1570 1571/1571 1572/1572
f 1573/1573 1574/1574 1575/1575
f 1576/1576 1577/1577 1578/1578
f 1579/1579 1580/1580 1581/1581
f 1582/1582 1583/1583 1584/1584
f 1585/1585 1586/1586 1587/1587
f 1588/1588 1589/1589 1590/1590
f 1591/1591 1592/1592 1593/1593
f 1594/1594 1595/1595 1596/1596
f 1597/1597 1598/1598 1599/1599
f 1600/1600 1601/1601 1602/1602
f 1603/1603 1604/1604 1605/1605
f 1606/1606 1607/1607 1608/1608
f 1609/1609 1610/1610 1611/1611
f 1612/1612 1613/1613 1614/1614
f 1615/1615 1616/1616 1617/1617
f 1618/1618 1619/1619 1620/1620
f 1621/1621 1622/1622 1623/1623
f 1624/1624 1625/1625 1626/1626
f 1627/1627 1628/1628 1629/1629
f 1630/1630 1631/1631 1632/1632
f 1633/1633 1634/1634 1635/1635
f 1636/1636 1637/1637 1638/1638
f 1639/1639 1640/1640 1641/1641
f 1642/1642 1643/1643 1644/1644
f 1645/1645 1646/1646 1647/1647
f 1648/1648 1649/1649 1650/1650
f 1651/1651 1652/1652 1653/1653
f 1654/1654 1655/1655 1656/1656
f 1657/1657 1658/1658 1659/1659
f 1660/1660 1661/1661 1662/1662
f 1663/1663 1664/1664 1665/1665
f 1666/1666 1667/1667 1668/1668
f 1669/1669 1670/1670 1671/1671
f 1672/1672 1673/1673 1674/1674
f 1675/1675 1676/1676 1677/1677
f 1678/1678 1679/1679 1680/1680
f 1681/1681 1682/1682 1683/1683
f 1684/1684 1685/1685 1686/1686
f 1687/1687 1688/1688 1689/1689
f 1690/1690 1691/1691 1692/1692
f 1693/1693 1694/1694 1695/1695
f 1696/1696 1697/1697 1698/1698
f 1699/1699 1700/1700 1701/1701
f 1702/1702 1703/1703 1704/1704
f 1705/1705 1706/1706 1707/1707
f 1708/1708 1709/1709 1710/1710
f 1711/1711 1712/1712 1713/1713
f 1714/1714 1715/1715 1716/1716
f 1717/1717 1718/1718 1719/1719
f 1720/1720 1721/1721 1722/1722
f 1723/1723 1724/1724 1725/1725
f 1726/1726 1727/1727 1728/1728
f 1729/1729 1730/1730 1731/1731
f 1732/1732 1733/1733 1734/1734
f 1735/1735 1736/1736 1737/1737
f 1738/1738 1739/1739 1740/1740
f 1741/1741 1742/1742 1743/1743
f 1744/1744 1745/1745 1746/1746
f 1747/1747 1748/1748 1749/1749
f 1750/1750 1751/1751 1752/1752
f 1753/1753 1754/1754 1755/1755
f 1756/1756 1757/1757 1758/1758
f 1759/1759 1760/1760 1761/1761
f 1762/1762 1763/1763 1764/1764
f 1765/1765 1766/1766 1767/1767
f 1768/1768 1769/1769 1770/1770
f 1771/1771 1772/1772 1773/1773
f 1774/1774 1775/1775 1776/1776
f 1777/1777 1778/1778 1779/1779
f 1780/1780 1781/1781 1782/1782
f 1783/1783 1784/1784 1785/1785
f 1786/1786 1787/1787 1788/1788
f 1789/1789 1790/1790 1791/1791
f 1792/1792 1793/1793 1794/1794
f 1795/1795 1796/1796 1797/1797
f 1798/1798 1799/1799 1800/1800
f 1801/1801 1802/1802 1803/1803
f 1804/1804 1805/1805 1806/1806
f 1807/1807 1808/1808 1809/1809
f 1810/1810 1811/1811 1812/1812
f 1813/1813 1814/1814 1815/1815
f 1816/1816 1817/1817 1818/1818
f 1819/1819 1820/1820 1821/1821
f 1822/1822 1823/1823 1824/1824
f 1825/1825 1826/1826 1827/1827
f 1828/1828 1829/1829 1830/1830
f 1831/1831 1832/1832 1833/1833
f 1834/1834 1835/1835 1836/1836
f 1837/1837 1838/1838 1839/1839
f 1840/1840 1841/1841 1842/1842
f 1843/1843 1844/1844 1845/1845
f 1846/1846 1847/1847 1848/1848
f 1849/1849 1850/1850 1851/1851
f 1852/1852 1853/1853 1854/1854
f 1855/1855 1856/1856 1857/1857
f 1858/1858 1859/1859 1860/1860
f 1861/1861 1862/1862 1863/1863
f 1864/1864 1865/1865 1866/1866
f 1867/1867 1868/1868 1869/1869
f 1870/1870 1871/1871 1872/1872
f 1873/1873 1874/1874 1875/1875
f 1876/1876 1877/1877 1878/1878
f 1879/1879 1880/1880 1881/1881
f 1882/1882 1883/1883 1884/1884
f 1885/1885 1886/1886 1887/1887
f 1888/1888 1889/1889 1890/1890
f 1891/1891 1892/1892 1893/1893
f 1894/1894 1895/1895 1896/1896
f 1897/1897 1898/1898 1899/1899
f 1900/1900 1901/1901 1902/1902
f 1903/1903 1904/1904 1905/1905
f 1906/1906 1907/1907 1908/1908
f 1909/1909 1910/1910 1911/1911
f 1912/1912 1913/1913 1914/1914
f 1915/1915 1916/1916 1917/1917
f 1918/1918 1919/1919 1920/1920
f 1921/1921 1922/1922 1923/1923
f 1924/1924 1925/1925 1926/1926
f 1927/1927 1928/1928 1929/1929
f 1930/1930 1931/1931 1932/1932
f 1933/1933 1934/1934 1935/1935
f 1936/1936 1937/1937 1938/1938
f 1939/1939 1940/1940 1941/1941
f 1942/1942 1943/1943 1944/1944
f 1945/1945 1946/1946 1947/1947
f 1948/1948 1949/1949 1950/1950
f 1951/1951 1952/1952 1953/1953
f 1954/1954 1955/1955 1956/1956
f 1957/1957 1958/1958 1959/1959
f 1960/1960 1961/1961 1962/1962
f 1963/1963 1964/1964 1965/1965
f 1966/1966 1967/1967 1968/1968
f 1969/1969 1970/1970 1971/1971
f 1972/1972 1973/1973 1974/1974
f 1975/1975 1976/1976 1977/1977
f 1978/1978 1979/1979 1980/1980
f 1981/1981 1982/1982 1983/1983
f 1984/1984 1985/1985 1986/1986
f 1987/1987 1988/1988 1989/1989
f 1990/1990 1991/1991 1992/1992
f 1993/1993 1994/1994 1995/1995
f 1996/1996 1997/1997 1998/1998
f 1999/1999 2000/2000 2001/2001
f 2002/2002 2003/2003 2004/2004
f 2005/2005 2006/2006 2007/2007
f 2008/2008 2009/2009 2010/2010
f 2011/2011 2012/2012 2013/2013
f 2014/2014 2015/2015 2016/2016
f 2017/2017 2018/2018 2019/2019
f 2020/2020 2021/2021 2022/2022
f 2023/2023 2024/2024 2025/2025
f 2026/2026 2027/2027 2028/2028
f 2029/2029 2030/2030 2031/2031
f 2032/2032 2033/2033 2034/2034
f 2035/2035 2036/2036 2037/2037
f 2038/2038 2039/2039 2040/2040
f 2041/2041 2042/2042 2043/2043
f 2044/2044 2045/2045 2046/2046
f 2047/2047 2048/2048 2049/2049
f 2050/2050 2051/2051 2052/2052
f 2053/2053 2054/2054 2055/2055
f 2056/2056 2057/2057 2058/2058
f 2059/2059 2060/2060 2061/2061
f 2062/2062 2063/2063 2064/2064
f 2065/2065 2066/2066 2067/2067
f 2068/2068 2069/2069 2070/2070
f 2071/2071 2072/2072 2073/2073
f 2074/2074 2075/2075 2076/2076
f 2077/2077 2078/2078 2079/2079
f 2080/2080 2081/2081 2082/2082
f 2083/2083 2084/2084 2085/2085
f 2086/2086 2087/2087 2088/2088
f 2089/2089 2090/2090 2091/2091
f 2092/2092 2093/2093 2094/2094
f 2095/2095 2096/2096 2097/2097
f 2098/2098 2099/2099 2100/2100
f 2101/2101 2102/2102 2103/2103
f 2104/2104 2105/2105 2106/2106
f 2107/2107 2108/2108 2109/2109
f 2110/2110 2111/2111 2112/2112
f 2113/2113 2114/2114 2115/2115
f 2116/2116 2117/2117 2118/2118
f 2119/2119 2120/2120 2121/2121
f 2122/2122 2123/2123 2124/2124
f 2125/2125 2126/2126 2127/2127
f 2128/2128 2129/2129 2130/2130
f 2131/2131 2132/2132 2133/2133
f 2134/2134 2135/2135 2136/2136
f 2137/2137 2138/2138 2139/2139
f 2140/2140 2141/2141 2142/2142
f 2143/2143 2144/2144 2145/2145
f 2146/2146 2147/2147 2148/2148
f 2149/2149 2150/2150 2151/2151
f 2152/2152 2153/2153 2154/2154
f 2155/2155 2156/2156 2157/2157
f 2158/2158 2159/2159 2160/2160
f 2161/2161 2162/2162 2163/2163
f 2164/2164 2165/2165 2166/2166
f 2167/2167 2168/2168 2169/2169
f 2170/2170 2171/2171 2172/2172
f 2173/2173 2174/2174 2175/2175
f 2176/2176 2177/2177 2178/2178
f 2179/2179 2180/2180 2181/2181
f 2182/2182 2183/2183 2184/2184
f 2185/2185 2186/2186 2187/2187
f 2188/2188 2189/2189 2190/2190
f 2191/2191 2192/2192 2193/2193
f 2194/2194 2195/2195 2196/2196
f 2197/2197 2198/2198 2199/2199
f 2200/2200 2201/2201 2202/2202
f 2203/2203 2204/2204 2205/2205
f 2206/2206 2207/2207 2208/2208
f 2209/2209 2210/2210 2211/2211
f 2212/2212 2213/2213 2214/2214
f 2215/2215 2216/2216 2217/2217
f 2218/2218 2219/2219 2220/2220
f 2221/2221 2222/2222 2223/2223
f 2224/2224 2225/2225 2226/2226
f 2227/2227 2228/2228 2229/2229
f 2230/2230 2231/2231 2232/2232
f 2233/2233 2234/2234 2235/2235
f 2236/2236 2237/2237 2238/2238
f 2239/2239 2240/2240 2241/2241
f 2242/2242 2243/2243 2244/2244
f 2245/2245 2246/2246 2247/2247
f 2248/2248 2249/2249 2250/2250
f 2251/2251 2252/2252 2253/2253
f 2254/2254 2255/2255 2256/2256
f 2257/2257 2258/2258 2259/2259
f 2260/2260 2261/2261 2262/2262
f 2263/2263 2264/2264 2265/2265
f 2266/2266 2267/2267 2268/2268
f 2269/2269 2270/2270 2271/2271
f 2272/2272 2273/2273 2274/2274
f 2275/2275 2276/2276 2277/2277
f 2278/2278 2279/2279 2280/2280
f 2281/2281 2282/2282 2283/2283
f 2284/2284 2285/2285 2286/2286
f 2287/2287 2288/2288 2289/2289
f 2290/2290 2291/2291 2292/2292
f 2293/2293 2294/2294 2295/2295
f 2296/2296 2297/2297 2298/2298
f 2299/2299 2300/2300 2301/2301
f 2302/2302 2303/2303 2304/2304
f 2305/2305 2306/2306 2307/2307
f 2308/2308 2309/2309 2310/2310
f 2311/2311 2312/2312 2313/2313
f 2314/2314 2315/2315 2316/2316
f 2317/2317 2318/2318 2319/2319
f 2320/2320 2321/2321 2322/2322
f 2323/2323 2324/2324 2325/2325
f 2326/2326 2327/2327 2328/2328
f 2329/2329 2330/2330 2331/2331
f 2332/2332 2333/2333 2334/2334
f 2335/2335 2336/2336 2337/2337
f 2338/2338 2339/2339 2340/2340
f 2341/2341 2342/2342 2343/2343
f 2344/2344 2345/2345 2346/2346
f 2347/2347 2348/2348 2349/2349
f 2350/2350 2351/2351 2352/2352
f 2353/2353 2354/2354 2355/2355
f 2356/2356 2357/2357 2358/2358
f 2359/2359 2360/2360 2361/2361
f 2362/2362 2363/2363 2364/2364
f 2365/2365 2366/2366 2367/2367
f 2368/2368 2369/2369 2370/2370
f 2371/2371 2372/2372 2373/2373
f 2374/2374 2375/2375 2376/2376
f 2377/2377 2378/2378 2379/2379
f 2380/2380 2381/2381 2382/2382
f 2383/2383 2384/2384 2385/2385
f 2386/2386 2387/2387 2388/2388
f 2389/2389 2390/2390 2391/2391
f 2392/2392 2393/2393 2394/2394
f 2395/2395 2396/2396 2397/2397
f 2398/2398 2399/2399 2400/2400
f 2401/2401 2402/2402 2403/2403
f 2404/2404 2405/2405 2406/2406
f 2407/2407 2408/2408 2409/2409
f 2410/2410 2411/2411 2412/2412
f 2413/2413 2414/2414 2415/2415
f 2416/2416 2417/2417 2418/2418
f 2419/2419 2420/2420 2421/2421
f 2422/2422 2423/2423 2424/2424
f 2425/2425 2426/2426 2427/2427
f 2428/2428 2429/2429 2430/2430
f 2431/2431 2432/2432 2433/2433
f 2434/2434 2435/2435 2436/2436
f 2437/2437 2438/2438 2439/2439
f 2440/2440 2441/2441 2442/2442
f 2443/2443 2444/2444 2445/2445
f 2446/2446 2447/2447 2448/2448
f 2449/2449 2450/2450 2451/2451
f 2452/2452 2453/2453 2454/2454
f 2455/2455 2456/2456 2457/2457
f 2458/2458 2459/2459 2460/2460
f 2461/2461 2462/2462 2463/2463
f 2464/2464 2465/2465 2466/2466
f 2467/2467 2468/2468 2469/2469
f 2470/2470 2471/2471 2472/2472
f 2473/2473 2474/2474 2475/2475
f 2476/2476 2477/2477 2478/2478
f 2479/2479 2480/2480 2481/2481
f 2482/2482 2483/2483 2484/2484
f 2485/2485 2486/2486 2487/2487
f 2488/2488 2489/2489 2490/2490
f 2491/2491 2492/2492 2493/2493
f 2494/2494 2495/2495 2496/2496
f 2497/2497 2498/2498 2499/2499
f 2500/2500 2501/2501 2502/2502
f 2503/2503 2504/2504 2505/2505
f 2506/2506 2507/2507 2508/2508
f 2509/2509 2510/2510 2511/2511
f 2512/2512 2513/2513 2514/2514
f 2515/2515 2516/2516 2517/2517
f 2518/2518 2519/2519 2520/2520
f 2521/2521 2522/2522 2523/2523
f 2524/2524 2525/2525 2526/2526
f 2527/2527 2528/2528 2529/2529
f 2530/2530 2531/2531 2532/2532
f 2533/2533 2534/2534 2535/2535
f 2536/2536 2537/2537 2538/2538
f 2539/2539 2540/2540 2541/2541
f 2542/2542 2543/2543 2544/2544
f 2545/2545 2546/2546 2547/2547
f 2548/2548 2549/2549 2550/2550
f 2551/2551 2552/2552 2553/2553
f 2554/2554 2555/2555 2556/2556
f 2557/2557 2558/2558 2559/2559
f 2560/2560 2561/2561 2562/2562
f 2563/2563 2564/2564 2565/2565
f 2566/2566 2567/2567 2568/2568
f 2569/2569 2570/2570 2571/2571
f 2572/2572 2573/2573 2574/2574
f 2575/2575 2576/2576 2577/2577
f 2578/2578 2579/2579 2580/2580
f 2581/2581 2582/2582 2583/2583
f 2584/2584 2585/2585 2586/2586
f 2587/2587 2588/2588 2589/2589
f 2590/2590 2591/2591 2592/2592
f 2593/2593 2594/2594 2595/2595
f 2596/2596 2597/2597 2598/2598
f 2599/2599 2600/2600 2601/2601
f 2602/2602 2603/2603 2604/2604
f 2605/2605 2606/2606 2607/2607
f 2608/2608 2609/2609 2610/2610
f 2611/2611 2612/2612 2613/2613
f 2614/2614 2615/2615 2616/2616
f 2617/2617 2618/2618 2619/2619
f 2620/2620 2621/2621 2622/2622
f 2623/2623 2624/2624 2625/2625
f 2626/2626 2627/2627 2628/2628
f 2629/2629 2630/2630 2631/2631
f 2632/2632 2633/2633 2634/2634
f 2635/2635 2636/2636 2637/2637
f 2638/2638 2639/2639 2640/2640
f 2641/2641 2642/2642 2643/2643
f 2644/2644 2645/2645 2646/2646
f 2647/2647 2648/2648 2649/2649
f 2650/2650 2651/2651 2652/2652
f 2653/2653 2654/2654 2655/2655
f 2656/2656 2657/2657 2658/2658
f 2659/2659 2660/2660 2661/2661
f 2662/2662 2663/2663 2664/2664
f 2665/2665 2666/2666 2667/2667
f 2668/2668 2669/2669 2670/2670
f 2671/2671 2672/2672 2673/2673
f 2674/2674 2675/2675 2676/2676
f 2677/2677 2678/2678 2679/2679
f 2680/2680 2681/2681 2682/2682
f 2683/2683 2684/2684 2685/2685
f 2686/2686 2687/2687 2688/2688
f 2689/2689 2690/2690 2691/2691
f 2692/2692 2693/2693 2694/2694
f 2695/2695 2696/2696 2697/2697
f 2698/2698 2699/2699 2700/2700
f 2701/2701 2702/2702 2703/2703
f 2704/2704 2705/2705 2706/2706
f 2707/2707 2708/2708 2709/2709
f 2710/2710 2711/2711 2712/2712
f 2713/2713 2714/2714 2715/2715
f 2716/2716 2717/2717 2718/2718
f 2719/2719 2720/2720 2721/2721
f 2722/2722 2723/2723 2724/2724
f 2725/2725 2726/2726 2727/2727
f 2728/2728 2729/2729 2730/2730
f 2731/2731 2732/2732 2733/2733
f 2734/2734 2735/2735 2736/2736
f 2737/2737 2738/2738 2739/2739
f 2740/2740 2741/2741 2742/2742
f 2743/2743 2744/2744 2745/2745
f 2746/2746 2747/2747 2748/2748
f 2749/2749 2750/2750 2751/2751
f 2752/2752 2753/2753 2754/2754
f 2755/2755 2756/2756 2757/2757
f 2758/2758 2759/2759 2760/2760
f 2761/2761 2762/2762 2763/2763
f 2764/2764 2765/2765 2766/2766
f 2767/2767 2768/2768 2769/2769
f 2770/2770 2771/2771 2772/2772
f 2773/2773 2774/2774 2775/2775
f 2776/2776 2777/2777 2778/2778
f 2779/2779 2780/2780 2781/2781
f 2782/2782 2783/2783 2784/2784
f 2785/2785 2786/2786 2787/2787
f 2788/2788 2789/2789 2790/2790
f 2791/2791 2792/2792 2793/2793
f 2794/2794 2795/2795 2796/2796
f 2797/2797 2798/2798 2799/2799
f 2800/2800 2801/2801 2802/2802
f 2803/2803 2804/2804 2805/2805
f 2806/2806 2807/2807 2808/2808
f 2809/2809 2810/2810 2811/2811
f 2812/2812 2813/2813 2814/2814
f 2815/2815 2816/2816 2817/2817
f 2818/2818 2819/2819 2820/2820
f 2821/2821 2822/2822 2823/2823
f 2824/2824 2825/2825 2826/2826
f 2827/2827 2828/2828 2829/2829
f 2830/2830 2831/2831 2832/2832
f 2833/2833 2834/2834 2835/2835
f 2836/2836 2837/2837 2838/2838
f 2839/2839 2840/2840 2841/2841
f 2842/2842 2843/2843 2844/2844
f 2845/2845 2846/2846 2847/2847
f 2848/2848 2849/2849 2850/2850
f 2851/2851 2852/2852 2853/2853
f 2854/2854 2855/2855 2856/2856
f 2857/2857 2858/2858 2859/2859
f 2860/2860 2861/2861 2862/2862
f 2863/2863 2864/2864 2865/2865
f 2866/2866 2867/2867 2868/2868
f 2869/2869 2870/2870 2871/2871
f 2872/2872 2873/2873 2874/2874
f 2875/2875 2876/2876 2877/2877
f 2878/2878 2879/2879 2880/2880
f 2881/2881 2882/2882 2883/2883
f 2884/2884 2885/2885 2886/2886
f 2887/2887 2888/2888 2889/2889
f 2890/2890 2891/2891 2892/2892
f 2893/2893 2894/2894 2895/2895
f 2896/2896 2897/2897 2898/2898
f 2899/2899 2900/2900 2901/2901
f 2902/2902 2903/2903 2904/2904
f 2905/2905 2906/2906 2907/2907
f 2908/2908 2909/2909 2910/2910
f 2911/2911 2912/2912 2913/2913
f 2914/2914 2915/2915 2916/2916
f 2917/2917 2918/2918 2919/2919
f 2920/2920 2921/2921 2922/2922
f 2923/2923 2924/2924 2925/2925
f 2926/2926 2927/2927 2928/2928
f 2929/2929 2930/2930 2931/2931
f 2932/2932 2933/2933 2934/2934
f 2935/2935 2936/2936 2937/2937
f 2938/2938 2939/2939 2940/2940
f 2941/2941 2942/2942 2943/2943
f 2944/2944 2945/2945 2946/2946
f 2947/2947 2948/2948 2949/2949
f 2950/2950 2951/2951 2952/2952
f 2953/2953 2954/2954 2955/2955
f 2956/2956 2957/2957 2958/2958
f 2959/2959 2960/2960 2961/2961
f 2962/2962 2963/2963 2964/2964
f 2965/2965 2966/2966 2967/2967
f 2968/2968 2969/2969 2970/2970
f 2971/2971 2972/2972 2973/2973
f 2974/2974 2975/2975 2976/2976
f 2977/2977 2978/2978 2979/2979
f 2980/2980 2981/2981 2982/2982
f 2983/2983 2984/2984 2985/2985
f 2986/2986 2987/2987 2988/2988
f 2989/2989 2990/2990 2991/2991
f 2992/2992 2993/2993 2994/2994
f 2995/2995 2996/2996 2997/2997
f 2998/2998 2999/2999 3000/3000
f 3001/3001 3002/3002 3003/3003
f 3004/3004 3005/3005 3006/3006
f 3007/3007 3008/3008 3009/3009
f 3010/3010 3011/3011 3012/3012
f 3013/3013 3014/3014 3015/3015
f 3016/3016 3017/3017 3018/3018
f 3019/3019 3020/3020 3021/3021
f 3022/3022 3023/3023 3024/3024
f 3025/3025 3026/3026 3027/3027
f 3028/3028 3029/3029 3030/3030
f 3031/3031 3032/3032 3033/3033
f 3034/3034 3035/3035 3036/3036
f 3037/3037 3038/3038 3039/3039
f 3040/3040 3041/3041 3042/3042
f 3043/3043 3044/3044 3045/3045
f 3046/3046 3047/3047 3048/3048
f 3049/3049 3050/3050 3051/3051
f 3052/3052 3053/3053 3054/3054
f 3055/3055 3056/3056 3057/3057
f 3058/3058 3059/3059 3060/3060
f 3061/3061 3062/3062 3063/3063
f 3064/3064 3065/3065 3066/3066
f 3067/3067 3068/3068 3069/3069
f 3070/3070 3071/3071 3072/3072
f 3073/3073 3074/3074 3075/3075
f 3076/3076 3077/3077 3078/3078
f 3079/3079 3080/3080 3081/3081
f 3082/3082 3083/3083 3084/3084
f 3085/3085 3086/3086 3087/3087
f 3088/3088 3089/3089 3090/3090
f 3091/3091 3092/3092 3093/3093
f 3094/3094 3095/3095 3096/3096
f 3097/3097 3098/3098 3099/3099
f 3100/3100 3101/3101 3102/3102
f 3103/3103 3104/3104 3105/3105
f 3106/3106 3107/3107 3108/3108
f 3109/3109 3110/3110 3111/3111
f 3112/3112 3113/3113 3114/3114
f 3115/3115 3116/3116 3117/3117
f 3118/3118 3119/3119 3120/3120
f 3121/3121 3122/3122 3123/3123
f 3124/3124 3125/3125 3126/3126
f 3127/3127 3128/3128 3129/3129
f 3130/3130 3131/3131 3132/3132
f 3133/3133 3134/3134 3135/3135
f 3136/3136 3137/3137 3138/3138
f 3139/3139 3140/3140 3141/3141
f 3142/3142 3143/3143 3144/3144
f 3145/3145 3146/3146 3147/3147
f 3148/3148 3149/3149 3150/3150
f 3151/3151 3152/3152 3153/3153
f 3154/3154 3155/3155 3156/3156
f 3157/3157 3158/3158 3159/3159
f 3160/3160 3161/3161 3162/3162
f 3163/3163 3164/3164 3165/3165
f 3166/3166 3167/3167 3168/3168
f 3169/3169 3170/3170 3171/3171
f 3172/3172 3173/3173 3174/3174
f 3175/3175 3176/3176 3177/3177
f 3178/3178 3179/3179 3180/3180
f 3181/3181 3182/3182 3183/3183
f 3184/3184 3185/3185 3186/3186
f 3187/3187 3188/3188 3189/3189
f 3190/3190 3191/3191 3192/3192
f 3193/3193 3194/3194 3195/3195
f 3196/3196 3197/3197 3198/3198
f 3199/3199 3200/3200 3201/3201
f 3202/3202 3203/3203 3204/3204
f 3205/3205 3206/3206 3207/3207
f 3208/3208 3209/3209 3210/3210
f 3211/3211 3212/3212 3213/3213
f 3214/3214 3215/3215 3216/3216
f 3217/3217 3218/3218 3219/3219
f 3220/3220 3221/3221 3222/3222
f 3223/3223 3224/3224 3225/3225
f 3226/3226 3227/3227 3228/3228
f 3229/3229 3230/3230 3231/3231
f 3232/3232 3233/3233 3234/3234
f 3235/3235 3236/3236 3237/3237
f 3238/3238 3239/3239 3240/3240
f 3241/3241 3242/3242 3243/3243
f 3244/3244 3245/3245 3246/3246
f 3247/3247 3248/3248 3249/3249
f 3250/3250 3251/3251 3252/3252
f 3253/3253 3254/3254 3255/3255
f 3256/3256 3257/3257 3258/3258
f 3259/3259 3260/3260 3261/3261
f 3262/3262 3263/3263 3264/3264
f 3265/3265 3266/3266 3267/3267
f 3268/3268 3269/3269 3270/3270
f 3271/3271 3272/3272 3273/3273
f 3274/3274 3275/3275 3276/3276
f 3277/3277 3278/3278 3279/3279
f 3280/3280 3281/3281 3282/3282
f 3283/3283 3284/3284 3285/3285
f 3286/3286 3287/3287 3288/3288
f 3289/3289 3290/3290 3291/3291
f 3292/3292 3293/3293 3294/3294
f 3295/3295 3296/3296 3297/3297
f 3298/3298 3299/3299 3300/3300
