frame,phase,rsTotal_ms,rsHead_ms,rsEnvProbe_ms,rsPortal_ms,rsSky_ms,rsTerrain_ms,rsTerrainDraw_ms,rsBatches_ms,rsProc_ms,rsObjects_ms,rsObjSubmit_ms,rsWheels_ms,rsWheelSubmit_ms,rsAnim_ms,rsDecorate_ms,rsLightFx_ms,rsHighlight_ms,rsParticles_ms,dmPost_ms,dmHud_ms,spRender_ms,spHead_ms,spTail_ms,spCalls,spCulled,spPkgr_ms,spTex_ms,spProg_ms,spLight_ms,spBlss_ms,spObjData_ms,spGifWait_ms,bdSize_ms,bdProg_ms,bdSizeCalc_ms,bdXform_ms,bdCache_ms,bdPlanes_ms,bdMain_ms,bbHit,bbRecalc,bbFresh,bbProbe,bbEntries,bbFrameEnd_ms,bbRecalcT_ms,dsRetain_ms,dsDirect_ms,dsCreate_ms,dsClassify_ms,dsRender_ms,dsFlush_ms,dsDirectBags,dsPartialBags,dsPackages,dsMergeParts,dsMaskCalls
0,0,300.722734,23.106500,22.670247,0.000142,1.991014,9.118354,9.107378,64.918216,0.037832,194.809262,5.154175,0.525052,0.000000,0.000888,0.000298,3.702498,0.000349,1.254615,0.002506,15.723636,0.000000,0.000000,0.000000,0,0,0.000000,0.000000,0.000000,0.000000,0.000000,0.000000,0.000000,0.000000,0.000000,0.000000,0.000000,0.000000,0.000000,0.000000,0,0,0,0,0,0.000000,0.000000,0.000000,0.000000,0.000000,0.000000,0.000000,0.000000,0,0,0,0,0
1,0,10.468299,0.298123,0.000000,0.000163,0.601854,2.352885,2.342119,0.872884,0.009206,1.666426,1.078512,0.017836,0.000000,0.000732,0.000305,0.988393,0.000404,0.263824,0.002424,0.384545,0.000000,0.000000,0.000000,0,0,0.000000,0.000000,0.000000,0.000000,0.000000,0.000000,0.000000,0.000000,0.000000,0.000000,0.000000,0.000000,0.000000,0.000000,0,0,0,0,0,0.000000,0.000000,0.000000,0.000000,0.000000,0.000000,0.000000,0.000000,0,0,0,0,0
2,0,16.368995,6.585605,6.137980,0.000142,0.497050,2.370178,2.359127,0.076823,0.007358,5.428419,1.116720,0.018711,0.000000,0.000590,0.000305,0.980804,0.000404,0.264964,0.002533,0.433590,0.000000,0.000000,0.000000,0,0,0.000000,0.000000,0.000000,0.000000,0.000000,0.000000,0.000000,0.000000,0.000000,0.000000,0.000000,0.000000,0.000000,0.000000,0,0,0,0,0,0.000000,0.000000,0.000000,0.000000,0.000000,0.000000,0.000000,0.000000,0,0,0,0,0
3,0,12.030107,0.364407,0.000000,0.000163,0.560879,2.445211,2.434445,0.886400,0.009030,3.060835,2.396118,0.016846,0.000000,0.000732,0.000353,0.915117,0.000390,0.306251,0.002465,0.384057,0.000000,0.000000,0.000000,0,0,0.000000,0.000000,0.000000,0.000000,0.000000,0.000000,0.000000,0.000000,0.000000,0.000000,0.000000,0.000000,0.000000,0.000000,0,0,0,0,0,0.000000,0.000000,0.000000,0.000000,0.000000,0.000000,0.000000,0.000000,0,0,0,0,0
4,0,10.750200,0.419352,0.000000,0.000190,0.571669,2.376275,2.365007,0.077148,0.007487,5.577515,1.191471,0.018589,0.000000,0.000590,0.000305,1.300317,0.000404,0.265025,0.002472,0.391822,0.000000,0.000000,0.000000,0,0,0.000000,0.000000,0.000000,0.000000,0.000000,0.000000,0.000000,0.000000,0.000000,0.000000,0.000000,0.000000,0.000000,0.000000,0,0,0,0,0,0.000000,0.000000,0.000000,0.000000,0.000000,0.000000,0.000000,0.000000,0,0,0,0,0
5,0,10.474952,0.365485,0.000000,0.000163,0.560350,2.432563,2.421587,0.870490,0.009030,1.612627,1.030999,0.016337,0.000000,0.000868,0.000400,0.981639,0.000390,0.337460,0.002465,0.386437,0.000000,0.000000,0.000000,0,0,0.000000,0.000000,0.000000,0.000000,0.000000,0.000000,0.000000,0.000000,0.000000,0.000000,0.000000,0.000000,0.000000,0.000000,0,0,0,0,0,0.000000,0.000000,0.000000,0.000000,0.000000,0.000000,0.000000,0.000000,0,0,0,0,0
6,0,9.829627,0.123528,0.000000,0.000285,0.529019,2.336263,2.325361,0.076945,0.005527,5.419061,0.978021,0.018819,0.000000,0.000590,0.000305,0.908308,0.000349,0.310360,0.002485,0.391381,0.000000,0.000000,0.000000,0,0,0.000000,0.000000,0.000000,0.000000,0.000000,0.000000,0.000000,0.000000,0.000000,0.000000,0.000000,0.000000,0.000000,0.000000,0,0,0,0,0,0.000000,0.000000,0.000000,0.000000,0.000000,0.000000,0.000000,0.000000,0,0,0,0,0
7,0,10.153541,0.003866,0.000000,0.000163,0.543362,2.404480,2.393450,0.827983,0.009009,1.606279,0.974518,0.016785,0.000000,0.000726,0.000359,1.032433,0.000390,0.265154,0.002547,0.381839,0.000000,0.000000,0.000000,0,0,0.000000,0.000000,0.000000,0.000000,0.000000,0.000000,0.000000,0.000000,0.000000,0.000000,0.000000,0.000000,0.000000,0.000000,0,0,0,0,0,0.000000,0.000000,0.000000,0.000000,0.000000,0.000000,0.000000,0.000000,0,0,0,0,0
8,0,10.176246,0.124871,0.000000,0.000190,0.527174,2.332648,2.321794,0.077189,0.007860,5.349948,0.928958,0.019674,0.000000,0.000590,0.000305,1.287425,0.000404,0.310313,0.002418,0.342044,0.000000,0.000000,0.000000,0,0,0.000000,0.000000,0.000000,0.000000,0.000000,0.000000,0.000000,0.000000,0.000000,0.000000,0.000000,0.000000,0.000000,0.000000,0,0,0,0,0,0.000000,0.000000,0.000000,0.000000,0.000000,0.000000,0.000000,0.000000,0,0,0,0,0
9,0,10.138329,0.004035,0.000000,0.000163,0.541558,2.403673,2.392636,0.891093,0.009009,1.652340,1.012868,0.016561,0.000000,0.000726,0.000359,1.025577,0.000390,0.307573,0.002445,0.342621,0.000000,0.000000,0.000000,0,0,0.000000,0.000000,0.000000,0.000000,0.000000,0.000000,0.000000,0.000000,0.000000,0.000000,0.000000,0.000000,0.000000,0.000000,0,0,0,0,0,0.000000,0.000000,0.000000,0.000000,0.000000,0.000000,0.000000,0.000000,0,0,0,0,0
10,0,9.866065,0.087762,0.000000,0.000285,0.490913,2.375163,2.364234,0.121494,0.005534,5.432732,1.019657,0.018772,0.000000,0.000590,0.000305,0.971283,0.000404,0.263845,0.040517,0.374162,0.000000,0.000000,0.000000,0,0,0.000000,0.000000,0.000000,0.000000,0.000000,0.000000,0.000000,0.000000,0.000000,0.000000,0.000000,0.000000,0.000000,0.000000,0,0,0,0,0,0.000000,0.000000,0.000000,0.000000,0.000000,0.000000,0.000000,0.000000,0,0,0,0,0
11,0,10.139462,0.003805,0.000000,0.000163,0.538174,2.446899,2.435849,0.841926,0.009521,1.636634,1.001421,0.016852,0.000000,0.000827,0.000298,0.986840,0.000404,0.266795,0.002465,0.421329,0.000000,0.000000,0.000000,0,0,0.000000,0.000000,0.000000,0.000000,0.000000,0.000000,0.000000,0.000000,0.000000,0.000000,0.000000,0.000000,0.000000,0.000000,0,0,0,0,0,0.000000,0.000000,0.000000,0.000000,0.000000,0.000000,0.000000,0.000000,0,0,0,0,0
12,0,10.185849,0.088128,0.000000,0.000190,0.538723,2.370321,2.359256,0.080987,0.005608,5.391778,0.968028,0.018833,0.000000,0.000590,0.000305,1.327443,0.000404,0.264333,0.002424,0.390791,0.000000,0.000000,0.000000,0,0,0.000000,0.000000,0.000000,0.000000,0.000000,0.000000,0.000000,0.000000,0.000000,0.000000,0.000000,0.000000,0.000000,0.000000,0,0,0,0,0,0.000000,0.000000,0.000000,0.000000,0.000000,0.000000,0.000000,0.000000,0,0,0,0,0
13,0,10.125159,0.003845,0.000000,0.000163,0.542976,2.415263,2.403982,0.829766,0.008860,1.603004,0.968574,0.016459,0.000000,0.000834,0.000373,1.025177,0.000390,0.263445,0.002465,0.392663,0.000000,0.000000,0.000000,0,0,0.000000,0.000000,0.000000,0.000000,0.000000,0.000000,0.000000,0.000000,0.000000,0.000000,0.000000,0.000000,0.000000,0.000000,0,0,0,0,0,0.000000,0.000000,0.000000,0.000000,0.000000,0.000000,0.000000,0.000000,0,0,0,0,0
14,0,9.833696,0.123935,0.000000,0.000190,0.530979,2.344401,2.333310,0.076294,0.005568,5.334995,0.935170,0.059211,0.000000,0.000570,0.000353,0.947981,0.000349,0.308326,0.002587,0.387495,0.000000,0.000000,0.000000,0,0,0.000000,0.000000,0.000000,0.000000,0.000000,0.000000,0.000000,0.000000,0.000000,0.000000,0.000000,0.000000,0.000000,0.000000,0,0,0,0,0,0.000000,0.000000,0.000000,0.000000,0.000000,0.000000,0.000000,0.000000,0,0,0,0,0
15,0,10.375444,0.004049,0.000000,0.000163,0.536899,2.403056,2.392249,0.842801,0.009009,1.655901,1.015452,0.016642,0.000000,0.000834,0.000373,1.342858,0.000404,0.264699,0.002465,0.393578,0.000000,0.000000,0.000000,0,0,0.000000,0.000000,0.000000,0.000000,0.000000,0.000000,0.000000,0.000000,0.000000,0.000000,0.000000,0.000000,0.000000,0.000000,0,0,0,0,0,0.000000,0.000000,0.000000,0.000000,0.000000,0.000000,0.000000,0.000000,0,0,0,0,0
16,0,11.310733,0.088765,0.000000,0.000244,0.493503,2.362400,2.351491,0.844567,0.009382,1.625973,0.989065,0.016710,0.000000,0.000827,0.000495,1.025686,0.000404,0.265106,0.002547,0.392663,0.000000,0.000000,0.000000,0,0,0.000000,0.000000,0.000000,0.000000,0.000000,0.000000,0.000000,0.000000,0.000000,0.000000,0.000000,0.000000,0.000000,0.000000,0,0,0,0,0,0.000000,0.000000,0.000000,0.000000,0.000000,0.000000,0.000000,0.000000,0,0,0,0,0
17,0,10.079953,0.003845,0.000000,0.000163,0.510444,2.376038,2.365089,0.927497,0.008928,1.696937,1.056990,0.017578,0.000000,0.000610,0.000298,0.908939,0.000390,0.306739,0.002547,0.417402,0.000000,0.000000,0.000000,0,0,0.000000,0.000000,0.000000,0.000000,0.000000,0.000000,0.000000,0.000000,0.000000,0.000000,0.000000,0.000000,0.000000,0.000000,0,0,0,0,0,0.000000,0.000000,0.000000,0.000000,0.000000,0.000000,0.000000,0.000000,0,0,0,0,0
18,0,10.177975,0.088209,0.000000,0.000190,0.581089,2.366848,2.356035,0.834656,0.008989,1.634172,0.999610,0.016920,0.000000,0.000827,0.000393,0.972456,0.000404,0.264272,0.002547,0.387780,0.000000,0.000000,0.000000,0,0,0.000000,0.000000,0.000000,0.000000,0.000000,0.000000,0.000000,0.000000,0.000000,0.000000,0.000000,0.000000,0.000000,0.000000,0,0,0,0,0,0.000000,0.000000,0.000000,0.000000,0.000000,0.000000,0.000000,0.000000,0,0,0,0,0
19,0,10.420366,0.003967,0.000000,0.000163,0.541673,2.398885,2.387794,0.868001,0.008989,1.604984,0.973012,0.016771,0.000000,0.000909,0.000400,1.246504,0.000390,0.307777,0.002506,0.385583,0.000000,0.000000,0.000000,0,0,0.000000,0.000000,0.000000,0.000000,0.000000,0.000000,0.000000,0.000000,0.000000,0.000000,0.000000,0.000000,0.000000,0.000000,0,0,0,0,0,0.000000,0.000000,0.000000,0.000000,0.000000,0.000000,0.000000,0.000000,0,0,0,0,0
20,0,10.491106,0.088494,0.000000,0.000190,0.529453,2.396450,2.385474,0.834432,0.044596,1.629493,0.971619,0.017178,0.000000,0.000712,0.000373,1.286584,0.000404,0.313670,0.002506,0.340864,0.000000,0.000000,0.000000,0,0,0.000000,0.000000,0.000000,0.000000,0.000000,0.000000,0.000000,0.000000,0.000000,0.000000,0.000000,0.000000,0.000000,0.000000,0,0,0,0,0,0.000000,0.000000,0.000000,0.000000,0.000000,0.000000,0.000000,0.000000,0,0,0,0,0
21,0,9.965030,0.003947,0.000000,0.000163,0.530646,2.333910,2.322873,0.850023,0.008874,1.642249,0.973107,0.017049,0.000000,0.000854,0.000373,0.974748,0.000390,0.301876,0.002418,0.388106,0.000000,0.000000,0.000000,0,0,0.000000,0.000000,0.000000,0.000000,0.000000,0.000000,0.000000,0.000000,0.000000,0.000000,0.000000,0.000000,0.000000,0.000000,0,0,0,0,0,0.000000,0.000000,0.000000,0.000000,0.000000,0.000000,0.000000,0.000000,0,0,0,0,0
22,0,10.146440,0.087762,0.000000,0.000197,0.542833,2.382677,2.371701,0.837694,0.009030,1.637597,1.004551,0.016615,0.000000,0.000827,0.000359,0.970198,0.000404,0.259288,0.002397,0.393049,0.000000,0.000000,0.000000,0,0,0.000000,0.000000,0.000000,0.000000,0.000000,0.000000,0.000000,0.000000,0.000000,0.000000,0.000000,0.000000,0.000000,0.000000,0,0,0,0,0,0.000000,0.000000,0.000000,0.000000,0.000000,0.000000,0.000000,0.000000,0,0,0,0,0
23,0,10.152666,0.003886,0.000000,0.000163,0.538506,2.415758,2.404843,0.834249,0.008901,1.609127,0.975522,0.016744,0.000000,0.000827,0.000298,1.030663,0.000390,0.257300,0.002479,0.391442,0.000000,0.000000,0.000000,0,0,0.000000,0.000000,0.000000,0.000000,0.000000,0.000000,0.000000,0.000000,0.000000,0.000000,0.000000,0.000000,0.000000,0.000000,0,0,0,0,0,0.000000,0.000000,0.000000,0.000000,0.000000,0.000000,0.000000,0.000000,0,0,0,0,0
24,0,10.177141,0.124505,0.000000,0.000197,0.529270,2.311367,2.300391,0.906881,0.008881,1.642717,1.007050,0.016791,0.000000,0.000827,0.000400,1.013112,0.000404,0.302785,0.002397,0.341638,0.000000,0.000000,0.000000,0,0,0.000000,0.000000,0.000000,0.000000,0.000000,0.000000,0.000000,0.000000,0.000000,0.000000,0.000000,0.000000,0.000000,0.000000,0,0,0,0,0,0.000000,0.000000,0.000000,0.000000,0.000000,0.000000,0.000000,0.000000,0,0,0,0,0
25,0,10.159075,0.003927,0.000000,0.000163,0.522753,2.415629,2.368039,0.873481,0.008833,1.650631,1.012129,0.016724,0.000000,0.000977,0.000373,1.016808,0.000404,0.303538,0.002479,0.341353,0.000000,0.000000,0.000000,0,0,0.000000,0.000000,0.000000,0.000000,0.000000,0.000000,0.000000,0.000000,0.000000,0.000000,0.000000,0.000000,0.000000,0.000000,0,0,0,0,0,0.000000,0.000000,0.000000,0.000000,0.000000,0.000000,0.000000,0.000000,0,0,0,0,0
26,0,10.258440,0.088352,0.000000,0.000190,0.497810,2.404907,2.393856,0.917775,0.009450,1.644711,0.895833,0.016574,0.000000,0.000732,0.000359,0.967777,0.000417,0.295664,0.002458,0.392866,0.000000,0.000000,0.000000,0,0,0.000000,0.000000,0.000000,0.000000,0.000000,0.000000,0.000000,0.000000,0.000000,0.000000,0.000000,0.000000,0.000000,0.000000,0,0,0,0,0,0.000000,0.000000,0.000000,0.000000,0.000000,0.000000,0.000000,0.000000,0,0,0,0,0
27,0,10.137122,0.003967,0.000000,0.000163,0.570360,2.417406,2.406572,0.835273,0.008942,1.643490,1.011946,0.016446,0.000000,0.000834,0.000373,0.992130,0.000404,0.258698,0.002438,0.418196,0.000000,0.000000,0.000000,0,0,0.000000,0.000000,0.000000,0.000000,0.000000,0.000000,0.000000,0.000000,0.000000,0.000000,0.000000,0.000000,0.000000,0.000000,0,0,0,0,0,0.000000,0.000000,0.000000,0.000000,0.000000,0.000000,0.000000,0.000000,0,0,0,0,0
28,0,10.123145,0.087945,0.000000,0.000190,0.533108,2.374756,2.363848,0.826457,0.009138,1.630069,0.975535,0.018873,0.000000,0.000590,0.000305,0.976695,0.000404,0.256968,0.002397,0.391713,0.000000,0.000000,0.000000,0,0,0.000000,0.000000,0.000000,0.000000,0.000000,0.000000,0.000000,0.000000,0.000000,0.000000,0.000000,0.000000,0.000000,0.000000,0,0,0,0,0,0.000000,0.000000,0.000000,0.000000,0.000000,0.000000,0.000000,0.000000,0,0,0,0,0
29,0,10.090471,0.004008,0.000000,0.000163,0.531155,2.407572,2.396664,0.828491,0.008955,1.603187,0.972212,0.016805,0.000000,0.000854,0.000373,1.009810,0.000390,0.257870,0.002458,0.385013,0.000000,0.000000,0.000000,0,0,0.000000,0.000000,0.000000,0.000000,0.000000,0.000000,0.000000,0.000000,0.000000,0.000000,0.000000,0.000000,0.000000,0.000000,0,0,0,0,0,0.000000,0.000000,0.000000,0.000000,0.000000,0.000000,0.000000,0.000000,0,0,0,0,0
30,0,10.177487,0.124078,0.000000,0.000190,0.514553,2.394497,2.383745,0.873847,0.008908,1.640459,1.002207,0.016778,0.000000,0.000827,0.000359,0.977217,0.000404,0.301117,0.002519,0.341482,0.000000,0.000000,0.000000,0,0,0.000000,0.000000,0.000000,0.000000,0.000000,0.000000,0.000000,0.000000,0.000000,0.000000,0.000000,0.000000,0.000000,0.000000,0,0,0,0,0,0.000000,0.000000,0.000000,0.000000,0.000000,0.000000,0.000000,0.000000,0,0,0,0,0
31,0,10.338742,0.003906,0.000000,0.000285,0.514988,2.395094,2.383989,0.843302,0.009043,1.654090,1.014625,0.016669,0.000000,0.000834,0.000488,1.341848,0.000404,0.258820,0.002397,0.392927,0.000000,0.000000,0.000000,0,0,0.000000,0.000000,0.000000,0.000000,0.000000,0.000000,0.000000,0.000000,0.000000,0.000000,0.000000,0.000000,0.000000,0.000000,0,0,0,0,0,0.000000,0.000000,0.000000,0.000000,0.000000,0.000000,0.000000,0.000000,0,0,0,0,0
32,0,10.224932,0.088209,0.000000,0.000197,0.528795,2.383219,2.372297,0.832038,0.009213,1.642697,1.046227,0.016588,0.000000,0.000827,0.000644,0.981001,0.000404,0.300995,0.002540,0.392358,0.000000,0.000000,0.000000,0,0,0.000000,0.000000,0.000000,0.000000,0.000000,0.000000,0.000000,0.000000,0.000000,0.000000,0.000000,0.000000,0.000000,0.000000,0,0,0,0,0,0.000000,0.000000,0.000000,0.000000,0.000000,0.000000,0.000000,0.000000,0,0,0,0,0
33,0,10.106381,0.003967,0.000000,0.000163,0.555834,2.385417,2.374508,0.845913,0.009376,1.648353,0.938134,0.016798,0.000000,0.000854,0.000475,0.971419,0.000404,0.259043,0.002397,0.432804,0.000000,0.000000,0.000000,0,0,0.000000,0.000000,0.000000,0.000000,0.000000,0.000000,0.000000,0.000000,0.000000,0.000000,0.000000,0.000000,0.000000,0.000000,0,0,0,0,0,0.000000,0.000000,0.000000,0.000000,0.000000,0.000000,0.000000,0.000000,0,0,0,0,0
34,0,10.131548,0.088555,0.000000,0.000190,0.571120,2.354418,2.311459,0.869242,0.009043,1.644630,0.971266,0.016697,0.000000,0.000827,0.000400,0.972809,0.000404,0.257111,0.002397,0.388167,0.000000,0.000000,0.000000,0,0,0.000000,0.000000,0.000000,0.000000,0.000000,0.000000,0.000000,0.000000,0.000000,0.000000,0.000000,0.000000,0.000000,0.000000,0,0,0,0,0,0.000000,0.000000,0.000000,0.000000,0.000000,0.000000,0.000000,0.000000,0,0,0,0,0
35,0,10.470842,0.003886,0.000000,0.000163,0.534268,2.443685,2.432716,0.885396,0.008942,1.610430,0.934255,0.016663,0.000000,0.000834,0.000373,1.330122,0.000404,0.258962,0.002424,0.393985,0.000000,0.000000,0.000000,0,0,0.000000,0.000000,0.000000,0.000000,0.000000,0.000000,0.000000,0.000000,0.000000,0.000000,0.000000,0.000000,0.000000,0.000000,0,0,0,0,0,0.000000,0.000000,0.000000,0.000000,0.000000,0.000000,0.000000,0.000000,0,0,0,0,0
36,0,10.060605,0.089328,0.000000,0.000264,0.493625,2.357693,2.346839,0.882453,0.008901,1.621070,0.931325,0.016751,0.000000,0.000827,0.000400,0.998844,0.000404,0.304515,0.002377,0.342512,0.000000,0.000000,0.000000,0,0,0.000000,0.000000,0.000000,0.000000,0.000000,0.000000,0.000000,0.000000,0.000000,0.000000,0.000000,0.000000,0.000000,0.000000,0,0,0,0,0,0.000000,0.000000,0.000000,0.000000,0.000000,0.000000,0.000000,0.000000,0,0,0,0,0
37,0,10.027971,0.003947,0.000000,0.000163,0.492405,2.405077,2.394060,0.891690,0.008867,1.628964,0.998423,0.016744,0.000000,0.000854,0.000475,0.954695,0.000390,0.336911,0.002397,0.386844,0.000000,0.000000,0.000000,0,0,0.000000,0.000000,0.000000,0.000000,0.000000,0.000000,0.000000,0.000000,0.000000,0.000000,0.000000,0.000000,0.000000,0.000000,0,0,0,0,0,0.000000,0.000000,0.000000,0.000000,0.000000,0.000000,0.000000,0.000000,0,0,0,0,0
38,0,10.211483,0.088921,0.000000,0.000190,0.540209,2.389730,2.378740,0.828559,0.009030,1.622718,0.992957,0.016452,0.000000,0.000827,0.000359,0.971419,0.000404,0.302012,0.002438,0.379072,0.000000,0.000000,0.000000,0,0,0.000000,0.000000,0.000000,0.000000,0.000000,0.000000,0.000000,0.000000,0.000000,0.000000,0.000000,0.000000,0.000000,0.000000,0,0,0,0,0,0.000000,0.000000,0.000000,0.000000,0.000000,0.000000,0.000000,0.000000,0,0,0,0,0
39,0,10.395972,0.003886,0.000000,0.000163,0.536004,2.398838,2.387909,0.833008,0.009186,1.656843,1.017046,0.018697,0.000000,0.000570,0.000305,1.247460,0.000512,0.301917,0.002438,0.429976,0.000000,0.000000,0.000000,0,0,0.000000,0.000000,0.000000,0.000000,0.000000,0.000000,0.000000,0.000000,0.000000,0.000000,0.000000,0.000000,0.000000,0.000000,0,0,0,0,0,0.000000,0.000000,0.000000,0.000000,0.000000,0.000000,0.000000,0.000000,0,0,0,0,0
40,0,10.091651,0.087945,0.000000,0.000224,0.524950,2.358846,2.291724,0.861850,0.008820,1.602129,0.970578,0.016914,0.000000,0.000688,0.000305,0.983571,0.000404,0.257070,0.002404,0.385664,0.000000,0.000000,0.000000,0,0,0.000000,0.000000,0.000000,0.000000,0.000000,0.000000,0.000000,0.000000,0.000000,0.000000,0.000000,0.000000,0.000000,0.000000,0,0,0,0,0,0.000000,0.000000,0.000000,0.000000,0.000000,0.000000,0.000000,0.000000,0,0,0,0,0
41,0,10.084985,0.004137,0.000000,0.000163,0.530165,2.391018,2.380103,0.879747,0.009382,1.610959,0.933468,0.016703,0.000000,0.000854,0.000373,1.013574,0.000390,0.301429,0.002418,0.342024,0.000000,0.000000,0.000000,0,0,0.000000,0.000000,0.000000,0.000000,0.000000,0.000000,0.000000,0.000000,0.000000,0.000000,0.000000,0.000000,0.000000,0.000000,0,0,0,0,0,0.000000,0.000000,0.000000,0.000000,0.000000,0.000000,0.000000,0.000000,0,0,0,0,0
42,0,10.398624,0.088664,0.000000,0.000197,0.497837,2.366340,2.355391,0.882670,0.009071,1.653785,0.977068,0.016493,0.000000,0.000807,0.000359,1.318390,0.000404,0.256989,0.002397,0.390832,0.000000,0.000000,0.000000,0,0,0.000000,0.000000,0.000000,0.000000,0.000000,0.000000,0.000000,0.000000,0.000000,0.000000,0.000000,0.000000,0.000000,0.000000,0,0,0,0,0,0.000000,0.000000,0.000000,0.000000,0.000000,0.000000,0.000000,0.000000,0,0,0,0,0
43,0,10.200294,0.003947,0.000000,0.000163,0.540229,2.421631,2.410709,0.847256,0.008921,1.658613,0.985443,0.016581,0.000000,0.000807,0.000400,1.011810,0.000390,0.257646,0.002397,0.390018,0.000000,0.000000,0.000000,0,0,0.000000,0.000000,0.000000,0.000000,0.000000,0.000000,0.000000,0.000000,0.000000,0.000000,0.000000,0.000000,0.000000,0.000000,0,0,0,0,0,0.000000,0.000000,0.000000,0.000000,0.000000,0.000000,0.000000,0.000000,0,0,0,0,0
44,0,10.205319,0.121168,0.000000,0.000190,0.488878,2.351267,2.340268,0.868659,0.008799,1.619890,0.930020,0.017015,0.000000,0.000854,0.000373,0.976844,0.000390,0.330360,0.002397,0.341800,0.000000,0.000000,0.000000,0,0,0.000000,0.000000,0.000000,0.000000,0.000000,0.000000,0.000000,0.000000,0.000000,0.000000,0.000000,0.000000,0.000000,0.000000,0,0,0,0,0,0.000000,0.000000,0.000000,0.000000,0.000000,0.000000,0.000000,0.000000,0,0,0,0,0
45,0,10.301978,0.004069,0.000000,0.000163,0.530328,2.361844,2.350684,0.880683,0.008765,1.627764,0.994571,0.016683,0.000000,0.000719,0.000373,1.245731,0.000390,0.298621,0.002499,0.434838,0.000000,0.000000,0.000000,0,0,0.000000,0.000000,0.000000,0.000000,0.000000,0.000000,0.000000,0.000000,0.000000,0.000000,0.000000,0.000000,0.000000,0.000000,0,0,0,0,0,0.000000,0.000000,0.000000,0.000000,0.000000,0.000000,0.000000,0.000000,0,0,0,0,0
46,0,10.070655,0.089267,0.000000,0.000190,0.498162,2.413784,2.402930,0.879340,0.008948,1.641761,0.892520,0.018229,0.000000,0.000570,0.000305,0.931956,0.000404,0.302439,0.002418,0.386288,0.000000,0.000000,0.000000,0,0,0.000000,0.000000,0.000000,0.000000,0.000000,0.000000,0.000000,0.000000,0.000000,0.000000,0.000000,0.000000,0.000000,0.000000,0,0,0,0,0,0.000000,0.000000,0.000000,0.000000,0.000000,0.000000,0.000000,0.000000,0,0,0,0,0
47,0,10.470293,0.003947,0.000000,0.000163,0.496697,2.465664,2.454553,0.872721,0.009226,1.601071,0.930820,0.016554,0.000000,0.000705,0.000359,1.289771,0.000390,0.302629,0.002418,0.342431,0.000000,0.000000,0.000000,0,0,0.000000,0.000000,0.000000,0.000000,0.000000,0.000000,0.000000,0.000000,0.000000,0.000000,0.000000,0.000000,0.000000,0.000000,0,0,0,0,0,0.000000,0.000000,0.000000,0.000000,0.000000,0.000000,0.000000,0.000000,0,0,0,0,0
48,0,10.172075,0.088047,0.000000,0.000190,0.532396,2.363770,2.352922,0.840217,0.008826,1.651466,1.016503,0.016527,0.000000,0.000827,0.000359,1.012922,0.000404,0.257660,0.002418,0.384810,0.000000,0.000000,0.000000,0,0,0.000000,0.000000,0.000000,0.000000,0.000000,0.000000,0.000000,0.000000,0.000000,0.000000,0.000000,0.000000,0.000000,0.000000,0,0,0,0,0,0.000000,0.000000,0.000000,0.000000,0.000000,0.000000,0.000000,0.000000,0,0,0,0,0
49,0,10.154911,0.003974,0.000000,0.000163,0.533474,2.360094,2.349097,0.914778,0.008813,1.641334,0.971334,0.016500,0.000000,0.000712,0.000495,0.983185,0.000485,0.296539,0.002418,0.576521,0.000000,0.000000,0.000000,0,0,0.000000,0.000000,0.000000,0.000000,0.000000,0.000000,0.000000,0.000000,0.000000,0.000000,0.000000,0.000000,0.000000,0.000000,0,0,0,0,0,0.000000,0.000000,0.000000,0.000000,0.000000,0.000000,0.000000,0.000000,0,0,0,0,0
50,0,10.040239,0.088982,0.000000,0.000190,0.498203,2.371833,2.360857,0.848165,0.008928,1.650333,0.976478,0.016717,0.000000,0.000827,0.000400,0.963003,0.000404,0.302378,0.002499,0.509667,0.000000,0.000000,0.000000,0,0,0.000000,0.000000,0.000000,0.000000,0.000000,0.000000,0.000000,0.000000,0.000000,0.000000,0.000000,0.000000,0.000000,0.000000,0,0,0,0,0,0.000000,0.000000,0.000000,0.000000,0.000000,0.000000,0.000000,0.000000,0,0,0,0,0
51,0,10.056190,0.004028,0.000000,0.000163,0.526781,2.414388,2.403520,0.844611,0.008921,1.643049,1.007009,0.016317,0.000000,0.000807,0.000359,0.983999,0.000390,0.304243,0.002404,0.419803,0.000000,0.000000,0.000000,0,0,0.000000,0.000000,0.000000,0.000000,0.000000,0.000000,0.000000,0.000000,0.000000,0.000000,0.000000,0.000000,0.000000,0.000000,0,0,0,0,0,0.000000,0.000000,0.000000,0.000000,0.000000,0.000000,0.000000,0.000000,0,0,0,0,0
52,0,10.153032,0.088535,0.000000,0.000244,0.534532,2.364834,2.353831,0.834764,0.009443,1.599870,0.965583,0.016547,0.000000,0.000905,0.000298,0.975447,0.000404,0.259369,0.002404,0.471764,0.000000,0.000000,0.000000,0,0,0.000000,0.000000,0.000000,0.000000,0.000000,0.000000,0.000000,0.000000,0.000000,0.000000,0.000000,0.000000,0.000000,0.000000,0,0,0,0,0,0.000000,0.000000,0.000000,0.000000,0.000000,0.000000,0.000000,0.000000,0,0,0,0,0
53,0,10.128923,0.003906,0.000000,0.000163,0.529161,2.390747,2.379574,0.883626,0.009460,1.604468,1.007429,0.016622,0.000000,0.000909,0.000400,1.006337,0.000404,0.257728,0.002397,0.469404,0.000000,0.000000,0.000000,0,0,0.000000,0.000000,0.000000,0.000000,0.000000,0.000000,0.000000,0.000000,0.000000,0.000000,0.000000,0.000000,0.000000,0.000000,0,0,0,0,0,0.000000,0.000000,0.000000,0.000000,0.000000,0.000000,0.000000,0.000000,0,0,0,0,0
54,0,10.241187,0.087802,0.000000,0.000190,0.537720,2.416423,2.405575,0.917670,0.008962,1.621782,0.947361,0.016778,0.000000,0.000692,0.000387,0.993256,0.000404,0.303904,0.002499,0.419213,0.000000,0.000000,0.000000,0,0,0.000000,0.000000,0.000000,0.000000,0.000000,0.000000,0.000000,0.000000,0.000000,0.000000,0.000000,0.000000,0.000000,0.000000,0,0,0,0,0,0.000000,0.000000,0.000000,0.000000,0.000000,0.000000,0.000000,0.000000,0,0,0,0,0
55,0,10.201718,0.003927,0.000000,0.000163,0.539666,2.444465,2.433407,0.906501,0.008887,1.649187,1.010081,0.016568,0.000000,0.000712,0.000373,0.984297,0.000390,0.339942,0.002438,0.463281,0.000000,0.000000,0.000000,0,0,0.000000,0.000000,0.000000,0.000000,0.000000,0.000000,0.000000,0.000000,0.000000,0.000000,0.000000,0.000000,0.000000,0.000000,0,0,0,0,0,0.000000,0.000000,0.000000,0.000000,0.000000,0.000000,0.000000,0.000000,0,0,0,0,0
56,0,10.046587,0.120070,0.000000,0.000190,0.493659,2.322333,2.311418,0.848131,0.008942,1.649533,0.976017,0.016710,0.000000,0.000712,0.000393,0.974884,0.000404,0.304209,0.002499,0.510196,0.000000,0.000000,0.000000,0,0,0.000000,0.000000,0.000000,0.000000,0.000000,0.000000,0.000000,0.000000,0.000000,0.000000,0.000000,0.000000,0.000000,0.000000,0,0,0,0,0,0.000000,0.000000,0.000000,0.000000,0.000000,0.000000,0.000000,0.000000,0,0,0,0,0
57,0,9.985023,0.003927,0.000000,0.000163,0.511685,2.367472,2.356442,0.851135,0.008867,1.650123,0.971222,0.016798,0.000000,0.000888,0.000400,0.971792,0.000390,0.304589,0.002397,0.419193,0.000000,0.000000,0.000000,0,0,0.000000,0.000000,0.000000,0.000000,0.000000,0.000000,0.000000,0.000000,0.000000,0.000000,0.000000,0.000000,0.000000,0.000000,0,0,0,0,0,0.000000,0.000000,0.000000,0.000000,0.000000,0.000000,0.000000,0.000000,0,0,0,0,0
58,0,10.482113,0.088128,0.000000,0.000197,0.540127,2.394294,2.383474,0.828898,0.009043,1.595191,0.925066,0.016595,0.000000,0.000699,0.000373,1.276737,0.000390,0.300229,0.002499,0.463423,0.000000,0.000000,0.000000,0,0,0.000000,0.000000,0.000000,0.000000,0.000000,0.000000,0.000000,0.000000,0.000000,0.000000,0.000000,0.000000,0.000000,0.000000,0,0,0,0,0,0.000000,0.000000,0.000000,0.000000,0.000000,0.000000,0.000000,0.000000,0,0,0,0,0
59,0,10.224972,0.003845,0.000000,0.000163,0.537489,2.418688,2.407772,0.880541,0.009894,1.610226,0.977088,0.016812,0.000000,0.000712,0.000495,1.026126,0.000390,0.257972,0.002418,0.461836,0.000000,0.000000,0.000000,0,0,0.000000,0.000000,0.000000,0.000000,0.000000,0.000000,0.000000,0.000000,0.000000,0.000000,0.000000,0.000000,0.000000,0.000000,0,0,0,0,0,0.000000,0.000000,0.000000,0.000000,0.000000,0.000000,0.000000,0.000000,0,0,0,0,0
60,0,10.154883,0.088331,0.000000,0.000190,0.533054,2.364136,2.353105,0.918525,0.008908,1.620989,1.028595,0.016425,0.000000,0.000827,0.000400,1.004995,0.000404,0.257789,0.002397,0.459273,0.000000,0.000000,0.000000,0,0,0.000000,0.000000,0.000000,0.000000,0.000000,0.000000,0.000000,0.000000,0.000000,0.000000,0.000000,0.000000,0.000000,0.000000,0,0,0,0,0,0.000000,0.000000,0.000000,0.000000,0.000000,0.000000,0.000000,0.000000,0,0,0,0,0
61,0,10.162777,0.004028,0.000000,0.000163,0.532925,2.412394,2.401466,0.861491,0.008955,1.621850,0.930386,0.016439,0.000000,0.000692,0.000373,0.979909,0.000390,0.339820,0.002485,0.419010,0.000000,0.000000,0.000000,0,0,0.000000,0.000000,0.000000,0.000000,0.000000,0.000000,0.000000,0.000000,0.000000,0.000000,0.000000,0.000000,0.000000,0.000000,0,0,0,0,0,0.000000,0.000000,0.000000,0.000000,0.000000,0.000000,0.000000,0.000000,0,0,0,0,0
62,0,10.376055,0.088759,0.000000,0.000224,0.532545,2.357836,2.347002,0.846015,0.009023,1.644792,0.969625,0.016717,0.000000,0.000807,0.000400,1.277883,0.000404,0.304888,0.002418,0.468360,0.000000,0.000000,0.000000,0,0,0.000000,0.000000,0.000000,0.000000,0.000000,0.000000,0.000000,0.000000,0.000000,0.000000,0.000000,0.000000,0.000000,0.000000,0,0,0,0,0,0.000000,0.000000,0.000000,0.000000,0.000000,0.000000,0.000000,0.000000,0,0,0,0,0
63,0,9.999305,0.003967,0.000000,0.000292,0.533176,2.364041,2.352780,0.846503,0.008921,1.603126,0.968489,0.061815,0.000000,0.000570,0.000305,0.982737,0.000390,0.304216,0.002418,0.419844,0.000000,0.000000,0.000000,0,0,0.000000,0.000000,0.000000,0.000000,0.000000,0.000000,0.000000,0.000000,0.000000,0.000000,0.000000,0.000000,0.000000,0.000000,0,0,0,0,0,0.000000,0.000000,0.000000,0.000000,0.000000,0.000000,0.000000,0.000000,0,0,0,0,0
64,0,10.153113,0.088047,0.000000,0.000190,0.532722,2.380480,2.369402,0.836087,0.008881,1.597124,0.926263,0.016493,0.000000,0.000712,0.000495,1.019216,0.000404,0.258514,0.002397,0.466454,0.000000,0.000000,0.000000,0,0,0.000000,0.000000,0.000000,0.000000,0.000000,0.000000,0.000000,0.000000,0.000000,0.000000,0.000000,0.000000,0.000000,0.000000,0,0,0,0,0,0.000000,0.000000,0.000000,0.000000,0.000000,0.000000,0.000000,0.000000,0,0,0,0,0
65,0,10.129289,0.003967,0.000000,0.000163,0.534715,2.383423,2.372501,0.865872,0.008847,1.651757,1.013431,0.016866,0.000000,0.000746,0.000359,0.995039,0.000390,0.257612,0.002424,0.466678,0.000000,0.000000,0.000000,0,0,0.000000,0.000000,0.000000,0.000000,0.000000,0.000000,0.000000,0.000000,0.000000,0.000000,0.000000,0.000000,0.000000,0.000000,0,0,0,0,0,0.000000,0.000000,0.000000,0.000000,0.000000,0.000000,0.000000,0.000000,0,0,0,0,0
66,0,10.463233,0.123956,0.000000,0.000190,0.532627,2.396959,2.386105,0.883131,0.009030,1.656531,1.043928,0.016473,0.000000,0.000990,0.000359,1.291799,0.000404,0.259267,0.002397,0.471581,0.000000,0.000000,0.000000,0,0,0.000000,0.000000,0.000000,0.000000,0.000000,0.000000,0.000000,0.000000,0.000000,0.000000,0.000000,0.000000,0.000000,0.000000,0,0,0,0,0,0.000000,0.000000,0.000000,0.000000,0.000000,0.000000,0.000000,0.000000,0,0,0,0,0
67,0,10.110572,0.004015,0.000000,0.000163,0.512302,2.398566,2.387794,0.851040,0.009043,1.659400,1.020688,0.016588,0.000000,0.000834,0.000373,0.984765,0.000390,0.329871,0.002540,0.463708,0.000000,0.000000,0.000000,0,0,0.000000,0.000000,0.000000,0.000000,0.000000,0.000000,0.000000,0.000000,0.000000,0.000000,0.000000,0.000000,0.000000,0.000000,0,0,0,0,0,0.000000,0.000000,0.000000,0.000000,0.000000,0.000000,0.000000,0.000000,0,0,0,0,0
68,0,10.071387,0.088392,0.000000,0.000190,0.538418,2.346578,2.335690,0.876485,0.008779,1.644609,0.898421,0.016873,0.000000,0.000827,0.000400,0.972239,0.000404,0.302561,0.002424,0.477522,0.000000,0.000000,0.000000,0,0,0.000000,0.000000,0.000000,0.000000,0.000000,0.000000,0.000000,0.000000,0.000000,0.000000,0.000000,0.000000,0.000000,0.000000,0,0,0,0,0,0.000000,0.000000,0.000000,0.000000,0.000000,0.000000,0.000000,0.000000,0,0,0,0,0
69,0,10.321448,0.003947,0.000000,0.000163,0.493618,2.412801,2.401872,0.880676,0.008915,1.607975,1.015242,0.073859,0.000000,0.000570,0.000305,1.257416,0.000390,0.257077,0.040280,0.420414,0.000000,0.000000,0.000000,0,0,0.000000,0.000000,0.000000,0.000000,0.000000,0.000000,0.000000,0.000000,0.000000,0.000000,0.000000,0.000000,0.000000,0.000000,0,0,0,0,0,0.000000,0.000000,0.000000,0.000000,0.000000,0.000000,0.000000,0.000000,0,0,0,0,0
70,0,10.170834,0.088515,0.000000,0.000190,0.539252,2.410156,2.399248,0.830166,0.008962,1.599606,0.968916,0.017205,0.000000,0.000726,0.000359,1.001753,0.000404,0.256873,0.002397,0.466041,0.000000,0.000000,0.000000,0,0,0.000000,0.000000,0.000000,0.000000,0.000000,0.000000,0.000000,0.000000,0.000000,0.000000,0.000000,0.000000,0.000000,0.000000,0,0,0,0,0,0.000000,0.000000,0.000000,0.000000,0.000000,0.000000,0.000000,0.000000,0,0,0,0,0
71,0,10.199683,0.004028,0.000000,0.000163,0.538479,2.418538,2.407535,0.910387,0.008948,1.639991,1.004452,0.016398,0.000000,0.000888,0.000393,1.023000,0.000424,0.303057,0.002424,0.419396,0.000000,0.000000,0.000000,0,0,0.000000,0.000000,0.000000,0.000000,0.000000,0.000000,0.000000,0.000000,0.000000,0.000000,0.000000,0.000000,0.000000,0.000000,0,0,0,0,0,0.000000,0.000000,0.000000,0.000000,0.000000,0.000000,0.000000,0.000000,0,0,0,0,0
72,0,10.430966,0.123121,0.000000,0.000190,0.504930,2.346273,2.335303,0.862311,0.008799,1.651791,1.013479,0.016629,0.000000,0.000827,0.000400,1.334381,0.000404,0.258372,0.002397,0.469628,0.000000,0.000000,0.000000,0,0,0.000000,0.000000,0.000000,0.000000,0.000000,0.000000,0.000000,0.000000,0.000000,0.000000,0.000000,0.000000,0.000000,0.000000,0,0,0,0,0,0.000000,0.000000,0.000000,0.000000,0.000000,0.000000,0.000000,0.000000,0,0,0,0,0
73,0,9.992774,0.003954,0.000000,0.000163,0.494493,2.384501,2.373532,0.844930,0.008853,1.652564,0.977325,0.016520,0.000000,0.000807,0.000393,0.975128,0.000390,0.304684,0.002418,0.509179,0.000000,0.000000,0.000000,0,0,0.000000,0.000000,0.000000,0.000000,0.000000,0.000000,0.000000,0.000000,0.000000,0.000000,0.000000,0.000000,0.000000,0.000000,0,0,0,0,0,0.000000,0.000000,0.000000,0.000000,0.000000,0.000000,0.000000,0.000000,0,0,0,0,0
74,0,10.538795,0.088433,0.000000,0.000190,0.562697,2.387010,2.376217,0.847616,0.009457,1.646142,0.973775,0.016981,0.000000,0.000827,0.000400,1.238373,0.000404,0.331560,0.002519,0.463321,0.000000,0.000000,0.000000,0,0,0.000000,0.000000,0.000000,0.000000,0.000000,0.000000,0.000000,0.000000,0.000000,0.000000,0.000000,0.000000,0.000000,0.000000,0,0,0,0,0,0.000000,0.000000,0.000000,0.000000,0.000000,0.000000,0.000000,0.000000,0,0,0,0,0
75,0,10.149451,0.003927,0.000000,0.000163,0.500271,2.457784,2.446815,0.835436,0.009443,1.638919,0.967624,0.017002,0.000000,0.000590,0.000305,0.990590,0.000417,0.258616,0.002397,0.470462,0.000000,0.000000,0.000000,0,0,0.000000,0.000000,0.000000,0.000000,0.000000,0.000000,0.000000,0.000000,0.000000,0.000000,0.000000,0.000000,0.000000,0.000000,0,0,0,0,0,0.000000,0.000000,0.000000,0.000000,0.000000,0.000000,0.000000,0.000000,0,0,0,0,0
76,0,10.169390,0.088026,0.000000,0.000203,0.536207,2.366197,2.355099,0.866808,0.008887,1.604672,0.974714,0.016832,0.000000,0.000827,0.000515,0.995839,0.000404,0.257782,0.002397,0.467994,0.000000,0.000000,0.000000,0,0,0.000000,0.000000,0.000000,0.000000,0.000000,0.000000,0.000000,0.000000,0.000000,0.000000,0.000000,0.000000,0.000000,0.000000,0,0,0,0,0,0.000000,0.000000,0.000000,0.000000,0.000000,0.000000,0.000000,0.000000,0,0,0,0,0
77,0,10.121680,0.003988,0.000000,0.000163,0.532457,2.380154,2.369124,0.920190,0.008847,1.617489,0.967655,0.016615,0.000000,0.000854,0.000353,1.013716,0.000390,0.258297,0.002397,0.458540,0.000000,0.000000,0.000000,0,0,0.000000,0.000000,0.000000,0.000000,0.000000,0.000000,0.000000,0.000000,0.000000,0.000000,0.000000,0.000000,0.000000,0.000000,0,0,0,0,0,0.000000,0.000000,0.000000,0.000000,0.000000,0.000000,0.000000,0.000000,0,0,0,0,0
78,0,10.152625,0.122531,0.000000,0.000190,0.503384,2.394287,2.383257,0.863736,0.009003,1.646745,0.972331,0.016595,0.000000,0.000909,0.000359,0.963301,0.000404,0.339223,0.002397,0.462914,0.000000,0.000000,0.000000,0,0,0.000000,0.000000,0.000000,0.000000,0.000000,0.000000,0.000000,0.000000,0.000000,0.000000,0.000000,0.000000,0.000000,0.000000,0,0,0,0,0,0.000000,0.000000,0.000000,0.000000,0.000000,0.000000,0.000000,0.000000,0,0,0,0,0
79,0,10.015459,0.003906,0.000000,0.000190,0.536384,2.372172,2.361087,0.847168,0.008908,1.646257,0.971890,0.016398,0.000000,0.000692,0.000393,0.983612,0.000390,0.304298,0.002424,0.510868,0.000000,0.000000,0.000000,0,0,0.000000,0.000000,0.000000,0.000000,0.000000,0.000000,0.000000,0.000000,0.000000,0.000000,0.000000,0.000000,0.000000,0.000000,0,0,0,0,0,0.000000,0.000000,0.000000,0.000000,0.000000,0.000000,0.000000,0.000000,0,0,0,0,0
80,0,10.129778,0.088454,0.000000,0.000190,0.533664,2.372565,2.361630,0.834717,0.009437,1.643999,0.972422,0.016954,0.000000,0.000827,0.000502,0.975739,0.000404,0.259959,0.002458,0.511214,0.000000,0.000000,0.000000,0,0,0.000000,0.000000,0.000000,0.000000,0.000000,0.000000,0.000000,0.000000,0.000000,0.000000,0.000000,0.000000,0.000000,0.000000,0,0,0,0,0,0.000000,0.000000,0.000000,0.000000,0.000000,0.000000,0.000000,0.000000,0,0,0,0,0
81,0,10.095720,0.003866,0.000000,0.000163,0.533332,2.404588,2.393768,0.836121,0.008894,1.598141,0.924879,0.016622,0.000000,0.000827,0.000400,1.016551,0.000404,0.257843,0.002547,0.466495,0.000000,0.000000,0.000000,0,0,0.000000,0.000000,0.000000,0.000000,0.000000,0.000000,0.000000,0.000000,0.000000,0.000000,0.000000,0.000000,0.000000,0.000000,0,0,0,0,0,0.000000,0.000000,0.000000,0.000000,0.000000,0.000000,0.000000,0.000000,0,0,0,0,0
82,0,10.229346,0.088433,0.000000,0.000190,0.536241,2.410583,2.363217,0.881883,0.045091,1.613176,0.936683,0.016880,0.000000,0.000875,0.000373,1.003320,0.000404,0.302765,0.002418,0.457869,0.000000,0.000000,0.000000,0,0,0.000000,0.000000,0.000000,0.000000,0.000000,0.000000,0.000000,0.000000,0.000000,0.000000,0.000000,0.000000,0.000000,0.000000,0,0,0,0,0,0.000000,0.000000,0.000000,0.000000,0.000000,0.000000,0.000000,0.000000,0,0,0,0,0
83,0,10.135088,0.004110,0.000000,0.000163,0.538161,2.404236,2.393144,0.891669,0.009009,1.650591,1.012346,0.016656,0.000000,0.000977,0.000373,1.029707,0.000390,0.301897,0.002404,0.463504,0.000000,0.000000,0.000000,0,0,0.000000,0.000000,0.000000,0.000000,0.000000,0.000000,0.000000,0.000000,0.000000,0.000000,0.000000,0.000000,0.000000,0.000000,0,0,0,0,0,0.000000,0.000000,0.000000,0.000000,0.000000,0.000000,0.000000,0.000000,0,0,0,0,0
84,0,10.122481,0.088521,0.000000,0.000197,0.492805,2.365831,2.354896,0.838935,0.008840,1.642737,0.901147,0.016608,0.000000,0.000827,0.000359,0.975467,0.000404,0.332753,0.002397,0.461266,0.000000,0.000000,0.000000,0,0,0.000000,0.000000,0.000000,0.000000,0.000000,0.000000,0.000000,0.000000,0.000000,0.000000,0.000000,0.000000,0.000000,0.000000,0,0,0,0,0,0.000000,0.000000,0.000000,0.000000,0.000000,0.000000,0.000000,0.000000,0,0,0,0,0
85,0,10.457028,0.003947,0.000000,0.000163,0.537299,2.419807,2.408919,0.843859,0.009281,1.649248,0.978197,0.016541,0.000000,0.000929,0.000400,1.249135,0.000451,0.316199,0.002499,0.462263,0.000000,0.000000,0.000000,0,0,0.000000,0.000000,0.000000,0.000000,0.000000,0.000000,0.000000,0.000000,0.000000,0.000000,0.000000,0.000000,0.000000,0.000000,0,0,0,0,0,0.000000,0.000000,0.000000,0.000000,0.000000,0.000000,0.000000,0.000000,0,0,0,0,0
86,0,10.162330,0.088392,0.000000,0.000190,0.542759,2.391975,2.381080,0.836182,0.009226,1.634586,0.936917,0.018148,0.000000,0.000590,0.000298,0.963830,0.000404,0.256907,0.002438,0.463321,0.000000,0.000000,0.000000,0,0,0.000000,0.000000,0.000000,0.000000,0.000000,0.000000,0.000000,0.000000,0.000000,0.000000,0.000000,0.000000,0.000000,0.000000,0,0,0,0,0,0.000000,0.000000,0.000000,0.000000,0.000000,0.000000,0.000000,0.000000,0,0,0,0,0
87,0,10.120399,0.003927,0.000000,0.000163,0.541572,2.406074,2.394969,0.829875,0.008942,1.605282,0.974660,0.016296,0.000000,0.000814,0.000359,1.022953,0.000390,0.258691,0.002397,0.459171,0.000000,0.000000,0.000000,0,0,0.000000,0.000000,0.000000,0.000000,0.000000,0.000000,0.000000,0.000000,0.000000,0.000000,0.000000,0.000000,0.000000,0.000000,0,0,0,0,0,0.000000,0.000000,0.000000,0.000000,0.000000,0.000000,0.000000,0.000000,0,0,0,0,0
88,0,10.161170,0.124261,0.000000,0.000190,0.515537,2.347928,2.336931,0.875271,0.008921,1.652890,0.938955,0.017036,0.000000,0.000854,0.000373,0.988631,0.000404,0.304135,0.002404,0.458215,0.000000,0.000000,0.000000,0,0,0.000000,0.000000,0.000000,0.000000,0.000000,0.000000,0.000000,0.000000,0.000000,0.000000,0.000000,0.000000,0.000000,0.000000,0,0,0,0,0,0.000000,0.000000,0.000000,0.000000,0.000000,0.000000,0.000000,0.000000,0,0,0,0,0
89,0,10.339494,0.003927,0.000000,0.000163,0.519721,2.355876,2.344791,0.856676,0.008935,1.653588,1.014828,0.016764,0.000000,0.000726,0.000359,1.334049,0.000404,0.258514,0.002424,0.469079,0.000000,0.000000,0.000000,0,0,0.000000,0.000000,0.000000,0.000000,0.000000,0.000000,0.000000,0.000000,0.000000,0.000000,0.000000,0.000000,0.000000,0.000000,0,0,0,0,0,0.000000,0.000000,0.000000,0.000000,0.000000,0.000000,0.000000,0.000000,0,0,0,0,0
90,0,10.260074,0.088379,0.000000,0.000244,0.497606,2.433207,2.422360,0.843987,0.009254,1.642310,1.047299,0.016534,0.000000,0.000739,0.000373,0.971405,0.000505,0.300079,0.002458,0.468733,0.000000,0.000000,0.000000,0,0,0.000000,0.000000,0.000000,0.000000,0.000000,0.000000,0.000000,0.000000,0.000000,0.000000,0.000000,0.000000,0.000000,0.000000,0,0,0,0,0,0.000000,0.000000,0.000000,0.000000,0.000000,0.000000,0.000000,0.000000,0,0,0,0,0
91,0,10.146684,0.004028,0.000000,0.000190,0.561537,2.415921,2.404945,0.829617,0.009281,1.639523,0.971615,0.016507,0.000000,0.000787,0.000359,0.990299,0.000404,0.258372,0.002384,0.509694,0.000000,0.000000,0.000000,0,0,0.000000,0.000000,0.000000,0.000000,0.000000,0.000000,0.000000,0.000000,0.000000,0.000000,0.000000,0.000000,0.000000,0.000000,0,0,0,0,0,0.000000,0.000000,0.000000,0.000000,0.000000,0.000000,0.000000,0.000000,0,0,0,0,0
92,0,10.128944,0.087741,0.000000,0.000197,0.569166,2.326647,2.315772,0.830912,0.008840,1.644752,0.971768,0.016791,0.000000,0.000854,0.000373,0.984399,0.000404,0.258046,0.002397,0.466129,0.000000,0.000000,0.000000,0,0,0.000000,0.000000,0.000000,0.000000,0.000000,0.000000,0.000000,0.000000,0.000000,0.000000,0.000000,0.000000,0.000000,0.000000,0,0,0,0,0,0.000000,0.000000,0.000000,0.000000,0.000000,0.000000,0.000000,0.000000,0,0,0,0,0
93,0,10.376034,0.003927,0.000000,0.000163,0.532708,2.394986,2.384009,0.907294,0.008874,1.600155,1.007429,0.016541,0.000000,0.000827,0.000515,1.236196,0.000390,0.302121,0.002526,0.462765,0.000000,0.000000,0.000000,0,0,0.000000,0.000000,0.000000,0.000000,0.000000,0.000000,0.000000,0.000000,0.000000,0.000000,0.000000,0.000000,0.000000,0.000000,0,0,0,0,0,0.000000,0.000000,0.000000,0.000000,0.000000,0.000000,0.000000,0.000000,0,0,0,0,0
94,0,10.102129,0.089084,0.000000,0.000190,0.500760,2.373637,2.362606,0.889323,0.008948,1.635820,0.962233,0.016635,0.000000,0.000909,0.000359,0.996168,0.000404,0.303891,0.002547,0.418379,0.000000,0.000000,0.000000,0,0,0.000000,0.000000,0.000000,0.000000,0.000000,0.000000,0.000000,0.000000,0.000000,0.000000,0.000000,0.000000,0.000000,0.000000,0,0,0,0,0,0.000000,0.000000,0.000000,0.000000,0.000000,0.000000,0.000000,0.000000,0,0,0,0,0
95,0,10.065494,0.003940,0.000000,0.000163,0.514492,2.402995,2.392147,0.852729,0.008867,1.649919,0.974091,0.016541,0.000000,0.000793,0.000373,0.983971,0.000390,0.339047,0.002519,0.462914,0.000000,0.000000,0.000000,0,0,0.000000,0.000000,0.000000,0.000000,0.000000,0.000000,0.000000,0.000000,0.000000,0.000000,0.000000,0.000000,0.000000,0.000000,0,0,0,0,0,0.000000,0.000000,0.000000,0.000000,0.000000,0.000000,0.000000,0.000000,0,0,0,0,0
96,0,10.530636,0.089084,0.000000,0.000190,0.533332,2.360419,2.349341,0.836209,0.008840,1.638506,1.007056,0.016873,0.000000,0.000854,0.000590,1.294790,0.000404,0.302053,0.002506,0.461972,0.000000,0.000000,0.000000,0,0,0.000000,0.000000,0.000000,0.000000,0.000000,0.000000,0.000000,0.000000,0.000000,0.000000,0.000000,0.000000,0.000000,0.000000,0,0,0,0,0,0.000000,0.000000,0.000000,0.000000,0.000000,0.000000,0.000000,0.000000,0,0,0,0,0
97,0,10.092567,0.004028,0.000000,0.000163,0.558139,2.374295,2.363244,0.835490,0.008833,1.648577,0.975644,0.016764,0.000000,0.000726,0.000359,0.983178,0.000485,0.258209,0.002499,0.508223,0.000000,0.000000,0.000000,0,0,0.000000,0.000000,0.000000,0.000000,0.000000,0.000000,0.000000,0.000000,0.000000,0.000000,0.000000,0.000000,0.000000,0.000000,0,0,0,0,0,0.000000,0.000000,0.000000,0.000000,0.000000,0.000000,0.000000,0.000000,0,0,0,0,0
98,0,10.179318,0.123800,0.000000,0.000190,0.550449,2.362678,2.351376,0.877672,0.009009,1.642209,0.964586,0.016900,0.000000,0.000827,0.000400,0.964630,0.000404,0.301544,0.002397,0.418847,0.000000,0.000000,0.000000,0,0,0.000000,0.000000,0.000000,0.000000,0.000000,0.000000,0.000000,0.000000,0.000000,0.000000,0.000000,0.000000,0.000000,0.000000,0,0,0,0,0,0.000000,0.000000,0.000000,0.000000,0.000000,0.000000,0.000000,0.000000,0,0,0,0,0
99,0,10.440080,0.003927,0.000000,0.000163,0.531440,2.431396,2.383989,0.881009,0.009498,1.614214,0.938371,0.016479,0.000000,0.000834,0.000373,1.340803,0.000404,0.258636,0.002499,0.573998,0.000000,0.000000,0.000000,0,0,0.000000,0.000000,0.000000,0.000000,0.000000,0.000000,0.000000,0.000000,0.000000,0.000000,0.000000,0.000000,0.000000,0.000000,0,0,0,0,0,0.000000,0.000000,0.000000,0.000000,0.000000,0.000000,0.000000,0.000000,0,0,0,0,0
100,0,10.084551,0.088901,0.000000,0.000190,0.492459,2.333537,2.322608,0.886563,0.008820,1.652829,1.015361,0.016554,0.000000,0.000827,0.000495,1.008270,0.000404,0.299652,0.002424,0.457909,0.000000,0.000000,0.000000,0,0,0.000000,0.000000,0.000000,0.000000,0.000000,0.000000,0.000000,0.000000,0.000000,0.000000,0.000000,0.000000,0.000000,0.000000,0,0,0,0,0,0.000000,0.000000,0.000000,0.000000,0.000000,0.000000,0.000000,0.000000,0,0,0,0,0
101,0,10.311561,0.003967,0.000000,0.000163,0.494025,2.404928,2.394040,0.873671,0.008806,1.636736,1.000709,0.016479,0.000000,0.000970,0.000400,1.320302,0.000390,0.257056,0.002465,0.493534,0.000000,0.000000,0.000000,0,0,0.000000,0.000000,0.000000,0.000000,0.000000,0.000000,0.000000,0.000000,0.000000,0.000000,0.000000,0.000000,0.000000,0.000000,0,0,0,0,0,0.000000,0.000000,0.000000,0.000000,0.000000,0.000000,0.000000,0.000000,0,0,0,0,0
102,0,10.277320,0.088820,0.000000,0.000197,0.537387,2.396471,2.385576,0.828593,0.008969,1.620236,0.964044,0.016900,0.000000,0.000827,0.000400,0.970754,0.000424,0.332753,0.002438,0.415226,0.000000,0.000000,0.000000,0,0,0.000000,0.000000,0.000000,0.000000,0.000000,0.000000,0.000000,0.000000,0.000000,0.000000,0.000000,0.000000,0.000000,0.000000,0,0,0,0,0,0.000000,0.000000,0.000000,0.000000,0.000000,0.000000,0.000000,0.000000,0,0,0,0,0
103,0,10.135983,0.004008,0.000000,0.000163,0.545051,2.403483,2.392554,0.839335,0.009328,1.661482,0.946228,0.018840,0.000000,0.000590,0.000305,0.984426,0.000390,0.257443,0.002397,0.504764,0.000000,0.000000,0.000000,0,0,0.000000,0.000000,0.000000,0.000000,0.000000,0.000000,0.000000,0.000000,0.000000,0.000000,0.000000,0.000000,0.000000,0.000000,0,0,0,0,0,0.000000,0.000000,0.000000,0.000000,0.000000,0.000000,0.000000,0.000000,0,0,0,0,0
104,0,10.137590,0.125054,0.000000,0.000190,0.531440,2.353048,2.342261,0.877814,0.008847,1.597775,0.928040,0.016588,0.000000,0.000827,0.000359,1.024343,0.000404,0.302222,0.002397,0.413883,0.000000,0.000000,0.000000,0,0,0.000000,0.000000,0.000000,0.000000,0.000000,0.000000,0.000000,0.000000,0.000000,0.000000,0.000000,0.000000,0.000000,0.000000,0,0,0,0,0,0.000000,0.000000,0.000000,0.000000,0.000000,0.000000,0.000000,0.000000,0,0,0,0,0
105,0,10.088559,0.004089,0.000000,0.000163,0.531135,2.360636,2.349714,0.873617,0.008976,1.651221,0.974816,0.016805,0.000000,0.000827,0.000400,1.010590,0.000390,0.303931,0.002479,0.457808,0.000000,0.000000,0.000000,0,0,0.000000,0.000000,0.000000,0.000000,0.000000,0.000000,0.000000,0.000000,0.000000,0.000000,0.000000,0.000000,0.000000,0.000000,0,0,0,0,0,0.000000,0.000000,0.000000,0.000000,0.000000,0.000000,0.000000,0.000000,0,0,0,0,0
106,0,10.111528,0.088799,0.000000,0.000197,0.498522,2.353923,2.343055,0.882351,0.008962,1.652564,0.936537,0.016717,0.000000,0.000807,0.000400,1.002279,0.000404,0.308299,0.002397,0.457828,0.000000,0.000000,0.000000,0,0,0.000000,0.000000,0.000000,0.000000,0.000000,0.000000,0.000000,0.000000,0.000000,0.000000,0.000000,0.000000,0.000000,0.000000,0,0,0,0,0,0.000000,0.000000,0.000000,0.000000,0.000000,0.000000,0.000000,0.000000,0,0,0,0,0
107,0,10.114621,0.003886,0.000000,0.000163,0.496711,2.422485,2.411557,0.913232,0.008982,1.688989,1.055145,0.018127,0.000000,0.000692,0.000326,0.915883,0.000390,0.324317,0.002479,0.455061,0.000000,0.000000,0.000000,0,0,0.000000,0.000000,0.000000,0.000000,0.000000,0.000000,0.000000,0.000000,0.000000,0.000000,0.000000,0.000000,0.000000,0.000000,0,0,0,0,0,0.000000,0.000000,0.000000,0.000000,0.000000,0.000000,0.000000,0.000000,0,0,0,0,0
108,0,10.177283,0.125014,0.000000,0.000190,0.533637,2.372335,2.361332,0.827806,0.008901,1.630612,0.958788,0.016283,0.000000,0.000807,0.000359,0.982066,0.000404,0.257334,0.002519,0.489349,0.000000,0.000000,0.000000,0,0,0.000000,0.000000,0.000000,0.000000,0.000000,0.000000,0.000000,0.000000,0.000000,0.000000,0.000000,0.000000,0.000000,0.000000,0,0,0,0,0,0.000000,0.000000,0.000000,0.000000,0.000000,0.000000,0.000000,0.000000,0,0,0,0,0
109,0,10.101396,0.003947,0.000000,0.000203,0.536485,2.399618,2.388831,0.840380,0.008948,1.643863,0.974169,0.018819,0.000000,0.000590,0.000305,0.974355,0.000404,0.257884,0.002465,0.458411,0.000000,0.000000,0.000000,0,0,0.000000,0.000000,0.000000,0.000000,0.000000,0.000000,0.000000,0.000000,0.000000,0.000000,0.000000,0.000000,0.000000,0.000000,0,0,0,0,0,0.000000,0.000000,0.000000,0.000000,0.000000,0.000000,0.000000,0.000000,0,0,0,0,0
110,0,10.157555,0.124376,0.000000,0.000190,0.536811,2.393392,2.382484,0.843838,0.008982,1.603349,0.967855,0.016819,0.000000,0.000834,0.000373,1.000695,0.000404,0.301320,0.002418,0.413639,0.000000,0.000000,0.000000,0,0,0.000000,0.000000,0.000000,0.000000,0.000000,0.000000,0.000000,0.000000,0.000000,0.000000,0.000000,0.000000,0.000000,0.000000,0,0,0,0,0,0.000000,0.000000,0.000000,0.000000,0.000000,0.000000,0.000000,0.000000,0,0,0,0,0
111,0,10.042640,0.003886,0.000000,0.000163,0.512356,2.396016,2.385067,0.863756,0.008962,1.656233,0.941288,0.016622,0.000000,0.000726,0.000359,0.990448,0.000390,0.303992,0.002404,0.452701,0.000000,0.000000,0.000000,0,0,0.000000,0.000000,0.000000,0.000000,0.000000,0.000000,0.000000,0.000000,0.000000,0.000000,0.000000,0.000000,0.000000,0.000000,0,0,0,0,0,0.000000,0.000000,0.000000,0.000000,0.000000,0.000000,0.000000,0.000000,0,0,0,0,0
112,0,10.465186,0.088230,0.000000,0.000190,0.492662,2.359884,2.348853,0.907844,0.008989,1.687191,1.011614,0.018202,0.000000,0.000834,0.000373,1.286869,0.000404,0.303864,0.002418,0.413517,0.000000,0.000000,0.000000,0,0,0.000000,0.000000,0.000000,0.000000,0.000000,0.000000,0.000000,0.000000,0.000000,0.000000,0.000000,0.000000,0.000000,0.000000,0,0,0,0,0,0.000000,0.000000,0.000000,0.000000,0.000000,0.000000,0.000000,0.000000,0,0,0,0,0
113,0,10.175737,0.003845,0.000000,0.000163,0.491543,2.434916,2.424049,0.842862,0.009220,1.641293,1.045719,0.016663,0.000000,0.000712,0.000387,0.980031,0.000505,0.299530,0.002418,0.466943,0.000000,0.000000,0.000000,0,0,0.000000,0.000000,0.000000,0.000000,0.000000,0.000000,0.000000,0.000000,0.000000,0.000000,0.000000,0.000000,0.000000,0.000000,0,0,0,0,0,0.000000,0.000000,0.000000,0.000000,0.000000,0.000000,0.000000,0.000000,0,0,0,0,0
114,0,10.147803,0.088555,0.000000,0.000190,0.562364,2.394267,2.383257,0.862881,0.008928,1.649675,1.053697,0.016676,0.000000,0.000807,0.000393,0.972239,0.000404,0.257056,0.002424,0.501923,0.000000,0.000000,0.000000,0,0,0.000000,0.000000,0.000000,0.000000,0.000000,0.000000,0.000000,0.000000,0.000000,0.000000,0.000000,0.000000,0.000000,0.000000,0,0,0,0,0,0.000000,0.000000,0.000000,0.000000,0.000000,0.000000,0.000000,0.000000,0,0,0,0,0
115,0,10.174394,0.003886,0.000000,0.000163,0.573310,2.437948,2.395057,0.870809,0.009009,1.640581,0.969259,0.016357,0.000000,0.000814,0.000373,0.986501,0.000390,0.304053,0.002445,0.413883,0.000000,0.000000,0.000000,0,0,0.000000,0.000000,0.000000,0.000000,0.000000,0.000000,0.000000,0.000000,0.000000,0.000000,0.000000,0.000000,0.000000,0.000000,0,0,0,0,0,0.000000,0.000000,0.000000,0.000000,0.000000,0.000000,0.000000,0.000000,0,0,0,0,0
116,0,10.079912,0.089044,0.000000,0.000190,0.491340,2.339864,2.328996,0.079817,0.006795,5.351861,0.951538,0.018880,0.000000,0.000590,0.000305,1.272105,0.000444,0.301666,0.002404,0.457279,0.000000,0.000000,0.000000,0,0,0.000000,0.000000,0.000000,0.000000,0.000000,0.000000,0.000000,0.000000,0.000000,0.000000,0.000000,0.000000,0.000000,0.000000,0,0,0,0,0,0.000000,0.000000,0.000000,0.000000,0.000000,0.000000,0.000000,0.000000,0,0,0,0,0
117,0,10.122250,0.003967,0.000000,0.000163,0.495714,2.433919,2.423092,0.924059,0.008989,1.674089,1.043572,0.019409,0.000000,0.000570,0.000407,0.941254,0.000390,0.302324,0.002499,0.455448,0.000000,0.000000,0.000000,0,0,0.000000,0.000000,0.000000,0.000000,0.000000,0.000000,0.000000,0.000000,0.000000,0.000000,0.000000,0.000000,0.000000,0.000000,0,0,0,0,0,0.000000,0.000000,0.000000,0.000000,0.000000,0.000000,0.000000,0.000000,0,0,0,0,0
118,0,9.901404,0.088006,0.000000,0.000190,0.539096,2.345242,2.334327,0.080905,0.005649,5.432204,0.964929,0.018955,0.000000,0.000692,0.000305,0.964122,0.000404,0.328461,0.002465,0.459110,0.000000,0.000000,0.000000,0,0,0.000000,0.000000,0.000000,0.000000,0.000000,0.000000,0.000000,0.000000,0.000000,0.000000,0.000000,0.000000,0.000000,0.000000,0,0,0,0,0,0.000000,0.000000,0.000000,0.000000,0.000000,0.000000,0.000000,0.000000,0,0,0,0,0
119,0,10.194963,0.003927,0.000000,0.000190,0.541572,2.410807,2.399858,0.828084,0.009016,1.628089,0.997647,0.016649,0.000000,0.000827,0.000298,0.990991,0.000390,0.336219,0.002404,0.414412,0.000000,0.000000,0.000000,0,0,0.000000,0.000000,0.000000,0.000000,0.000000,0.000000,0.000000,0.000000,0.000000,0.000000,0.000000,0.000000,0.000000,0.000000,0,0,0,0,0,0.000000,0.000000,0.000000,0.000000,0.000000,0.000000,0.000000,0.000000,0,0,0,0,0
120,0,10.182858,0.123386,0.000000,0.000190,0.525906,2.372681,2.361610,0.076945,0.007487,5.372633,1.005008,0.018894,0.000000,0.000590,0.000305,1.242767,0.000553,0.303145,0.002397,0.503035,0.000000,0.000000,0.000000,0,0,0.000000,0.000000,0.000000,0.000000,0.000000,0.000000,0.000000,0.000000,0.000000,0.000000,0.000000,0.000000,0.000000,0.000000,0,0,0,0,0,0.000000,0.000000,0.000000,0.000000,0.000000,0.000000,0.000000,0.000000,0,0,0,0,0
121,0,10.045081,0.003947,0.000000,0.000163,0.547763,2.379869,2.368995,0.847989,0.008881,1.652035,0.973969,0.016846,0.000000,0.000834,0.000475,0.984806,0.000390,0.304196,0.002424,0.458269,0.000000,0.000000,0.000000,0,0,0.000000,0.000000,0.000000,0.000000,0.000000,0.000000,0.000000,0.000000,0.000000,0.000000,0.000000,0.000000,0.000000,0.000000,0,0,0,0,0,0.000000,0.000000,0.000000,0.000000,0.000000,0.000000,0.000000,0.000000,0,0,0,0,0
122,0,9.793250,0.088515,0.000000,0.000190,0.530443,2.386780,2.375953,0.076328,0.005771,5.328057,0.924971,0.018494,0.000000,0.000590,0.000305,1.000498,0.000363,0.258725,0.002519,0.461470,0.000000,0.000000,0.000000,0,0,0.000000,0.000000,0.000000,0.000000,0.000000,0.000000,0.000000,0.000000,0.000000,0.000000,0.000000,0.000000,0.000000,0.000000,0,0,0,0,0,0.000000,0.000000,0.000000,0.000000,0.000000,0.000000,0.000000,0.000000,0,0,0,0,0
123,0,10.467350,0.003913,0.000000,0.000163,0.497525,2.434231,2.423208,0.870639,0.009376,1.648597,1.047590,0.016547,0.000000,0.000793,0.000373,1.277808,0.000390,0.304196,0.002404,0.459212,0.000000,0.000000,0.000000,0,0,0.000000,0.000000,0.000000,0.000000,0.000000,0.000000,0.000000,0.000000,0.000000,0.000000,0.000000,0.000000,0.000000,0.000000,0,0,0,0,0,0.000000,0.000000,0.000000,0.000000,0.000000,0.000000,0.000000,0.000000,0,0,0,0,0
124,0,9.874454,0.087891,0.000000,0.000190,0.533990,2.362515,2.351444,0.076992,0.005534,5.402601,0.952742,0.018860,0.000000,0.000590,0.000305,0.955902,0.000404,0.327593,0.002397,0.457625,0.000000,0.000000,0.000000,0,0,0.000000,0.000000,0.000000,0.000000,0.000000,0.000000,0.000000,0.000000,0.000000,0.000000,0.000000,0.000000,0.000000,0.000000,0,0,0,0,0,0.000000,0.000000,0.000000,0.000000,0.000000,0.000000,0.000000,0.000000,0,0,0,0,0
125,0,10.202633,0.003893,0.000000,0.000163,0.533027,2.486186,2.438270,0.841783,0.009009,1.637550,0.972443,0.016805,0.000000,0.000834,0.000373,0.984127,0.000390,0.326067,0.002519,0.459802,0.000000,0.000000,0.000000,0,0,0.000000,0.000000,0.000000,0.000000,0.000000,0.000000,0.000000,0.000000,0.000000,0.000000,0.000000,0.000000,0.000000,0.000000,0,0,0,0,0,0.000000,0.000000,0.000000,0.000000,0.000000,0.000000,0.000000,0.000000,0,0,0,0,0
126,0,10.128089,0.089003,0.000000,0.000264,0.534899,2.327332,2.316362,0.078939,0.006673,5.394158,1.015540,0.018670,0.000000,0.000590,0.000305,1.237946,0.000404,0.301524,0.002465,0.495548,0.000000,0.000000,0.000000,0,0,0.000000,0.000000,0.000000,0.000000,0.000000,0.000000,0.000000,0.000000,0.000000,0.000000,0.000000,0.000000,0.000000,0.000000,0,0,0,0,0,0.000000,0.000000,0.000000,0.000000,0.000000,0.000000,0.000000,0.000000,0,0,0,0,0
127,0,10.022600,0.003967,0.000000,0.000163,0.500454,2.434713,2.423628,0.839851,0.008867,1.612037,0.971988,0.016473,0.000000,0.000814,0.000400,1.017893,0.000390,0.301551,0.002479,0.459395,0.000000,0.000000,0.000000,0,0,0.000000,0.000000,0.000000,0.000000,0.000000,0.000000,0.000000,0.000000,0.000000,0.000000,0.000000,0.000000,0.000000,0.000000,0,0,0,0,0,0.000000,0.000000,0.000000,0.000000,0.000000,0.000000,0.000000,0.000000,0,0,0,0,0
128,0,10.180620,0.088270,0.000000,0.000190,0.537482,2.394592,2.383725,0.079278,0.005588,5.370029,0.969208,0.018772,0.000000,0.000590,0.000305,1.329437,0.000404,0.257619,0.002404,0.460127,0.000000,0.000000,0.000000,0,0,0.000000,0.000000,0.000000,0.000000,0.000000,0.000000,0.000000,0.000000,0.000000,0.000000,0.000000,0.000000,0.000000,0.000000,0,0,0,0,0,0.000000,0.000000,0.000000,0.000000,0.000000,0.000000,0.000000,0.000000,0,0,0,0,0
129,0,10.173099,0.003933,0.000000,0.000163,0.543749,2.424845,2.413835,0.841132,0.009043,1.662126,0.937446,0.016398,0.000000,0.000807,0.000515,0.995819,0.000390,0.257653,0.002357,0.417165,0.000000,0.000000,0.000000,0,0,0.000000,0.000000,0.000000,0.000000,0.000000,0.000000,0.000000,0.000000,0.000000,0.000000,0.000000,0.000000,0.000000,0.000000,0,0,0,0,0,0.000000,0.000000,0.000000,0.000000,0.000000,0.000000,0.000000,0.000000,0,0,0,0,0
130,0,9.872921,0.123793,0.000000,0.000190,0.530084,2.317125,2.305932,0.076681,0.005527,5.447055,0.987159,0.018738,0.000000,0.000590,0.000305,0.907827,0.000349,0.344438,0.002519,0.463179,0.000000,0.000000,0.000000,0,0,0.000000,0.000000,0.000000,0.000000,0.000000,0.000000,0.000000,0.000000,0.000000,0.000000,0.000000,0.000000,0.000000,0.000000,0,0,0,0,0,0.000000,0.000000,0.000000,0.000000,0.000000,0.000000,0.000000,0.000000,0,0,0,0,0
131,0,10.060035,0.004096,0.000000,0.000163,0.537021,2.398465,2.387529,0.852729,0.008969,1.650692,0.976722,0.016398,0.000000,0.000692,0.000393,0.982351,0.000390,0.304426,0.002404,0.499393,0.000000,0.000000,0.000000,0,0,0.000000,0.000000,0.000000,0.000000,0.000000,0.000000,0.000000,0.000000,0.000000,0.000000,0.000000,0.000000,0.000000,0.000000,0,0,0,0,0,0.000000,0.000000,0.000000,0.000000,0.000000,0.000000,0.000000,0.000000,0,0,0,0,0
132,0,11.310950,0.088840,0.000000,0.000190,0.491143,2.375475,2.364465,0.898292,0.009423,1.640906,1.004635,0.016710,0.000000,0.000827,0.000400,0.989126,0.000404,0.258474,0.002465,0.466719,0.000000,0.000000,0.000000,0,0,0.000000,0.000000,0.000000,0.000000,0.000000,0.000000,0.000000,0.000000,0.000000,0.000000,0.000000,0.000000,0.000000,0.000000,0,0,0,0,0,0.000000,0.000000,0.000000,0.000000,0.000000,0.000000,0.000000,0.000000,0,0,0,0,0
133,0,10.131649,0.003845,0.000000,0.000163,0.491014,2.410807,2.399906,0.883552,0.009362,1.602983,0.968777,0.016717,0.000000,0.000827,0.000502,1.012522,0.000512,0.259559,0.002397,0.464827,0.000000,0.000000,0.000000,0,0,0.000000,0.000000,0.000000,0.000000,0.000000,0.000000,0.000000,0.000000,0.000000,0.000000,0.000000,0.000000,0.000000,0.000000,0,0,0,0,0,0.000000,0.000000,0.000000,0.000000,0.000000,0.000000,0.000000,0.000000,0,0,0,0,0
134,0,10.193885,0.087802,0.000000,0.000190,0.540955,2.396077,2.385115,0.915120,0.009050,1.598982,0.968550,0.016493,0.000000,0.000732,0.000373,0.995738,0.000404,0.257212,0.002445,0.461999,0.000000,0.000000,0.000000,0,0,0.000000,0.000000,0.000000,0.000000,0.000000,0.000000,0.000000,0.000000,0.000000,0.000000,0.000000,0.000000,0.000000,0.000000,0,0,0,0,0,0.000000,0.000000,0.000000,0.000000,0.000000,0.000000,0.000000,0.000000,0,0,0,0,0
135,0,10.138567,0.003947,0.000000,0.000163,0.542230,2.387234,2.376204,0.934191,0.009091,1.610246,0.981394,0.016764,0.000000,0.000929,0.000393,1.020050,0.000485,0.257701,0.002506,0.454159,0.000000,0.000000,0.000000,0,0,0.000000,0.000000,0.000000,0.000000,0.000000,0.000000,0.000000,0.000000,0.000000,0.000000,0.000000,0.000000,0.000000,0.000000,0,0,0,0,0,0.000000,0.000000,0.000000,0.000000,0.000000,0.000000,0.000000,0.000000,0,0,0,0,0
136,0,10.189612,0.124708,0.000000,0.000190,0.528917,2.352112,2.341203,0.899787,0.008779,1.641741,1.006548,0.016364,0.000000,0.000739,0.000454,0.974084,0.000404,0.339264,0.002397,0.459435,0.000000,0.000000,0.000000,0,0,0.000000,0.000000,0.000000,0.000000,0.000000,0.000000,0.000000,0.000000,0.000000,0.000000,0.000000,0.000000,0.000000,0.000000,0,0,0,0,0,0.000000,0.000000,0.000000,0.000000,0.000000,0.000000,0.000000,0.000000,0,0,0,0,0
137,0,10.037452,0.004130,0.000000,0.000163,0.542304,2.394389,2.383582,0.844571,0.008765,1.647885,0.972646,0.016744,0.000000,0.000732,0.000373,0.975427,0.000390,0.303097,0.002424,0.506019,0.000000,0.000000,0.000000,0,0,0.000000,0.000000,0.000000,0.000000,0.000000,0.000000,0.000000,0.000000,0.000000,0.000000,0.000000,0.000000,0.000000,0.000000,0,0,0,0,0,0.000000,0.000000,0.000000,0.000000,0.000000,0.000000,0.000000,0.000000,0,0,0,0,0
138,0,10.083310,0.088718,0.000000,0.000190,0.497647,2.387634,2.376726,0.872952,0.008948,1.649411,0.938778,0.016330,0.000000,0.000732,0.000373,0.968455,0.000417,0.303253,0.002479,0.459212,0.000000,0.000000,0.000000,0,0,0.000000,0.000000,0.000000,0.000000,0.000000,0.000000,0.000000,0.000000,0.000000,0.000000,0.000000,0.000000,0.000000,0.000000,0,0,0,0,0,0.000000,0.000000,0.000000,0.000000,0.000000,0.000000,0.000000,0.000000,0,0,0,0,0
139,0,10.472775,0.003927,0.000000,0.000163,0.499824,2.419902,2.408634,0.879727,0.009477,1.603736,0.968048,0.016446,0.000000,0.000956,0.000373,1.289981,0.000390,0.302100,0.002458,0.459944,0.000000,0.000000,0.000000,0,0,0.000000,0.000000,0.000000,0.000000,0.000000,0.000000,0.000000,0.000000,0.000000,0.000000,0.000000,0.000000,0.000000,0.000000,0,0,0,0,0,0.000000,0.000000,0.000000,0.000000,0.000000,0.000000,0.000000,0.000000,0,0,0,0,0
140,0,10.199276,0.088596,0.000000,0.000190,0.537103,2.348368,2.337338,0.877889,0.044956,1.607764,0.975569,0.016832,0.000000,0.000712,0.000393,1.019053,0.000404,0.257660,0.002418,0.463036,0.000000,0.000000,0.000000,0,0,0.000000,0.000000,0.000000,0.000000,0.000000,0.000000,0.000000,0.000000,0.000000,0.000000,0.000000,0.000000,0.000000,0.000000,0,0,0,0,0,0.000000,0.000000,0.000000,0.000000,0.000000,0.000000,0.000000,0.000000,0,0,0,0,0
141,0,10.093340,0.004008,0.000000,0.000163,0.536838,2.358792,2.347978,0.841003,0.008847,1.635535,0.934753,0.017008,0.000000,0.000732,0.000529,0.994904,0.000404,0.257517,0.002384,0.464237,0.000000,0.000000,0.000000,0,0,0.000000,0.000000,0.000000,0.000000,0.000000,0.000000,0.000000,0.000000,0.000000,0.000000,0.000000,0.000000,0.000000,0.000000,0,0,0,0,0,0.000000,0.000000,0.000000,0.000000,0.000000,0.000000,0.000000,0.000000,0,0,0,0,0
142,0,10.210019,0.124851,0.000000,0.000190,0.528775,2.391398,2.380476,0.887065,0.009030,1.636003,0.998335,0.016880,0.000000,0.000827,0.000543,0.957794,0.000404,0.338999,0.002506,0.458744,0.000000,0.000000,0.000000,0,0,0.000000,0.000000,0.000000,0.000000,0.000000,0.000000,0.000000,0.000000,0.000000,0.000000,0.000000,0.000000,0.000000,0.000000,0,0,0,0,0,0.000000,0.000000,0.000000,0.000000,0.000000,0.000000,0.000000,0.000000,0,0,0,0,0
143,0,10.372759,0.004049,0.000000,0.000163,0.551175,2.392436,2.381507,0.844204,0.009003,1.646237,0.974674,0.016486,0.000000,0.000692,0.000373,1.299082,0.000512,0.301022,0.002560,0.465457,0.000000,0.000000,0.000000,0,0,0.000000,0.000000,0.000000,0.000000,0.000000,0.000000,0.000000,0.000000,0.000000,0.000000,0.000000,0.000000,0.000000,0.000000,0,0,0,0,0,0.000000,0.000000,0.000000,0.000000,0.000000,0.000000,0.000000,0.000000,0,0,0,0,0
144,0,10.037804,0.088793,0.000000,0.000190,0.527276,2.328159,2.317217,0.844788,0.008881,1.636939,0.999915,0.016466,0.000000,0.000739,0.000373,0.988719,0.000404,0.302195,0.002506,0.458398,0.000000,0.000000,0.000000,0,0,0.000000,0.000000,0.000000,0.000000,0.000000,0.000000,0.000000,0.000000,0.000000,0.000000,0.000000,0.000000,0.000000,0.000000,0,0,0,0,0,0.000000,0.000000,0.000000,0.000000,0.000000,0.000000,0.000000,0.000000,0,0,0,0,0
145,0,10.147763,0.003845,0.000000,0.000163,0.492316,2.447347,2.436296,0.865323,0.009172,1.633440,0.959961,0.016608,0.000000,0.000949,0.000400,1.014008,0.000404,0.258480,0.002424,0.464583,0.000000,0.000000,0.000000,0,0,0.000000,0.000000,0.000000,0.000000,0.000000,0.000000,0.000000,0.000000,0.000000,0.000000,0.000000,0.000000,0.000000,0.000000,0,0,0,0,0,0.000000,0.000000,0.000000,0.000000,0.000000,0.000000,0.000000,0.000000,0,0,0,0,0
146,0,10.191098,0.087925,0.000000,0.000224,0.540866,2.382005,2.370975,0.897922,0.008969,1.640723,1.006863,0.017002,0.000000,0.000854,0.000373,0.972144,0.000404,0.301137,0.002597,0.415978,0.000000,0.000000,0.000000,0,0,0.000000,0.000000,0.000000,0.000000,0.000000,0.000000,0.000000,0.000000,0.000000,0.000000,0.000000,0.000000,0.000000,0.000000,0,0,0,0,0,0.000000,0.000000,0.000000,0.000000,0.000000,0.000000,0.000000,0.000000,0,0,0,0,0
147,0,10.489499,0.003927,0.000000,0.000163,0.563789,2.435791,2.424781,0.875332,0.009003,1.655290,0.979401,0.016317,0.000000,0.000956,0.000393,1.303151,0.000404,0.303497,0.002397,0.466027,0.000000,0.000000,0.000000,0,0,0.000000,0.000000,0.000000,0.000000,0.000000,0.000000,0.000000,0.000000,0.000000,0.000000,0.000000,0.000000,0.000000,0.000000,0,0,0,0,0,0.000000,0.000000,0.000000,0.000000,0.000000,0.000000,0.000000,0.000000,0,0,0,0,0
148,0,9.991716,0.089227,0.000000,0.000285,0.490709,2.330709,2.319739,0.848612,0.008779,1.640357,0.964403,0.016873,0.000000,0.000854,0.000373,0.974348,0.000424,0.303016,0.002418,0.415531,0.000000,0.000000,0.000000,0,0,0.000000,0.000000,0.000000,0.000000,0.000000,0.000000,0.000000,0.000000,0.000000,0.000000,0.000000,0.000000,0.000000,0.000000,0,0,0,0,0,0.000000,0.000000,0.000000,0.000000,0.000000,0.000000,0.000000,0.000000,0,0,0,0,0
149,0,10.390927,0.003866,0.000000,0.000163,0.500014,2.398933,2.387922,0.874519,0.008887,1.608497,1.015452,0.061388,0.000000,0.000570,0.000298,1.284264,0.000390,0.299659,0.002438,0.569299,0.000000,0.000000,0.000000,0,0,0.000000,0.000000,0.000000,0.000000,0.000000,0.000000,0.000000,0.000000,0.000000,0.000000,0.000000,0.000000,0.000000,0.000000,0,0,0,0,0,0.000000,0.000000,0.000000,0.000000,0.000000,0.000000,0.000000,0.000000,0,0,0,0,0
150,0,10.158525,0.124403,0.000000,0.000190,0.521166,2.375061,2.364031,0.900581,0.008982,1.609046,1.007416,0.016500,0.000000,0.000590,0.000305,1.005788,0.000404,0.304331,0.002526,0.415063,0.000000,0.000000,0.000000,0,0,0.000000,0.000000,0.000000,0.000000,0.000000,0.000000,0.000000,0.000000,0.000000,0.000000,0.000000,0.000000,0.000000,0.000000,0,0,0,0,0,0.000000,0.000000,0.000000,0.000000,0.000000,0.000000,0.000000,0.000000,0,0,0,0,0
151,0,10.087257,0.003988,0.000000,0.000163,0.504239,2.397237,2.386214,0.851746,0.009043,1.603878,0.972480,0.016073,0.000000,0.000732,0.000305,0.987213,0.000390,0.325809,0.002397,0.460005,0.000000,0.000000,0.000000,0,0,0.000000,0.000000,0.000000,0.000000,0.000000,0.000000,0.000000,0.000000,0.000000,0.000000,0.000000,0.000000,0.000000,0.000000,0,0,0,0,0,0.000000,0.000000,0.000000,0.000000,0.000000,0.000000,0.000000,0.000000,0,0,0,0,0
152,0,10.006955,0.088555,0.000000,0.000190,0.527581,2.360487,2.349586,0.834459,0.008779,1.590634,1.018175,0.015862,0.000000,0.000712,0.000353,0.974287,0.000404,0.304230,0.002404,0.489566,0.000000,0.000000,0.000000,0,0,0.000000,0.000000,0.000000,0.000000,0.000000,0.000000,0.000000,0.000000,0.000000,0.000000,0.000000,0.000000,0.000000,0.000000,0,0,0,0,0,0.000000,0.000000,0.000000,0.000000,0.000000,0.000000,0.000000,0.000000,0,0,0,0,0
153,0,10.372820,0.003947,0.000000,0.000163,0.484836,2.458611,2.447764,0.845445,0.009545,1.589556,0.926225,0.016927,0.000000,0.000712,0.000393,1.250370,0.000390,0.304298,0.002519,0.490991,0.000000,0.000000,0.000000,0,0,0.000000,0.000000,0.000000,0.000000,0.000000,0.000000,0.000000,0.000000,0.000000,0.000000,0.000000,0.000000,0.000000,0.000000,0,0,0,0,0,0.000000,0.000000,0.000000,0.000000,0.000000,0.000000,0.000000,0.000000,0,0,0,0,0
154,0,10.137773,0.088169,0.000000,0.000197,0.534329,2.389370,2.378387,0.828396,0.008921,1.558794,0.967478,0.017266,0.000000,0.000732,0.000373,1.004601,0.000404,0.257579,0.002397,0.464501,0.000000,0.000000,0.000000,0,0,0.000000,0.000000,0.000000,0.000000,0.000000,0.000000,0.000000,0.000000,0.000000,0.000000,0.000000,0.000000,0.000000,0.000000,0,0,0,0,0,0.000000,0.000000,0.000000,0.000000,0.000000,0.000000,0.000000,0.000000,0,0,0,0,0
155,0,10.460446,0.003927,0.000000,0.000163,0.532545,2.434726,2.423838,0.900092,0.009172,1.611589,0.937259,0.016581,0.000000,0.000753,0.000414,1.342601,0.000505,0.260088,0.002424,0.468733,0.000000,0.000000,0.000000,0,0,0.000000,0.000000,0.000000,0.000000,0.000000,0.000000,0.000000,0.000000,0.000000,0.000000,0.000000,0.000000,0.000000,0.000000,0,0,0,0,0,0.000000,0.000000,0.000000,0.000000,0.000000,0.000000,0.000000,0.000000,0,0,0,0,0
156,0,10.064775,0.089186,0.000000,0.000190,0.487847,2.327542,2.316464,0.865702,0.008847,1.606238,1.047326,0.016405,0.000000,0.000570,0.000305,1.019725,0.000512,0.303545,0.002506,0.415124,0.000000,0.000000,0.000000,0,0,0.000000,0.000000,0.000000,0.000000,0.000000,0.000000,0.000000,0.000000,0.000000,0.000000,0.000000,0.000000,0.000000,0.000000,0,0,0,0,0,0.000000,0.000000,0.000000,0.000000,0.000000,0.000000,0.000000,0.000000,0,0,0,0,0
157,0,9.912228,0.003954,0.000000,0.000163,0.504849,2.383870,2.372881,0.845011,0.008915,1.606645,0.973562,0.016941,0.000000,0.000827,0.000400,0.979197,0.000390,0.258155,0.002363,0.460860,0.000000,0.000000,0.000000,0,0,0.000000,0.000000,0.000000,0.000000,0.000000,0.000000,0.000000,0.000000,0.000000,0.000000,0.000000,0.000000,0.000000,0.000000,0,0,0,0,0,0.000000,0.000000,0.000000,0.000000,0.000000,0.000000,0.000000,0.000000,0,0,0,0,0
158,0,10.118547,0.088067,0.000000,0.000190,0.562995,2.390930,2.380001,0.837362,0.008962,1.592302,0.960731,0.016412,0.000000,0.000929,0.000502,0.967431,0.000404,0.260712,0.002479,0.505558,0.000000,0.000000,0.000000,0,0,0.000000,0.000000,0.000000,0.000000,0.000000,0.000000,0.000000,0.000000,0.000000,0.000000,0.000000,0.000000,0.000000,0.000000,0,0,0,0,0,0.000000,0.000000,0.000000,0.000000,0.000000,0.000000,0.000000,0.000000,0,0,0,0,0
159,0,10.105140,0.003967,0.000000,0.000163,0.529941,2.423435,2.412296,0.836039,0.009009,1.559791,0.922726,0.016439,0.000000,0.000834,0.000373,1.030724,0.000404,0.258616,0.002397,0.466922,0.000000,0.000000,0.000000,0,0,0.000000,0.000000,0.000000,0.000000,0.000000,0.000000,0.000000,0.000000,0.000000,0.000000,0.000000,0.000000,0.000000,0.000000,0,0,0,0,0,0.000000,0.000000,0.000000,0.000000,0.000000,0.000000,0.000000,0.000000,0,0,0,0,0
160,0,10.160336,0.124790,0.000000,0.000190,0.522800,2.349921,2.338986,0.885240,0.008921,1.562781,0.966604,0.016066,0.000000,0.000705,0.000359,1.014496,0.000404,0.301463,0.002424,0.414859,0.000000,0.000000,0.000000,0,0,0.000000,0.000000,0.000000,0.000000,0.000000,0.000000,0.000000,0.000000,0.000000,0.000000,0.000000,0.000000,0.000000,0.000000,0,0,0,0,0,0.000000,0.000000,0.000000,0.000000,0.000000,0.000000,0.000000,0.000000,0,0,0,0,0
161,0,10.026343,0.004028,0.000000,0.000163,0.520352,2.377909,2.366981,0.896383,0.008874,1.605913,1.009403,0.016134,0.000000,0.000787,0.000359,1.003632,0.000390,0.303057,0.002418,0.415917,0.000000,0.000000,0.000000,0,0,0.000000,0.000000,0.000000,0.000000,0.000000,0.000000,0.000000,0.000000,0.000000,0.000000,0.000000,0.000000,0.000000,0.000000,0,0,0,0,0,0.000000,0.000000,0.000000,0.000000,0.000000,0.000000,0.000000,0.000000,0,0,0,0,0
162,0,10.103960,0.088209,0.000000,0.000190,0.491326,2.432095,2.421322,0.853807,0.009457,1.579485,0.922312,0.017388,0.000000,0.000671,0.000373,0.899404,0.000404,0.325450,0.002479,0.463606,0.000000,0.000000,0.000000,0,0,0.000000,0.000000,0.000000,0.000000,0.000000,0.000000,0.000000,0.000000,0.000000,0.000000,0.000000,0.000000,0.000000,0.000000,0,0,0,0,0,0.000000,0.000000,0.000000,0.000000,0.000000,0.000000,0.000000,0.000000,0,0,0,0,0
163,0,10.048621,0.003947,0.000000,0.000163,0.530043,2.445977,2.435021,0.841702,0.044617,1.585893,0.992713,0.019328,0.000000,0.000570,0.000454,0.916874,0.000390,0.302812,0.002397,0.503259,0.000000,0.000000,0.000000,0,0,0.000000,0.000000,0.000000,0.000000,0.000000,0.000000,0.000000,0.000000,0.000000,0.000000,0.000000,0.000000,0.000000,0.000000,0,0,0,0,0,0.000000,0.000000,0.000000,0.000000,0.000000,0.000000,0.000000,0.000000,0,0,0,0,0
164,0,10.073422,0.088047,0.000000,0.000197,0.593784,2.319322,2.308122,0.870063,0.008840,1.592322,1.006297,0.016812,0.000000,0.000827,0.000400,0.979258,0.000404,0.257517,0.002479,0.502750,0.000000,0.000000,0.000000,0,0,0.000000,0.000000,0.000000,0.000000,0.000000,0.000000,0.000000,0.000000,0.000000,0.000000,0.000000,0.000000,0.000000,0.000000,0,0,0,0,0,0.000000,0.000000,0.000000,0.000000,0.000000,0.000000,0.000000,0.000000,0,0,0,0,0
165,0,10.296383,0.004028,0.000000,0.000163,0.520270,2.416565,2.405575,0.875515,0.008915,1.554318,0.885969,0.016459,0.000000,0.000732,0.000359,1.251875,0.000390,0.301632,0.002377,0.461104,0.000000,0.000000,0.000000,0,0,0.000000,0.000000,0.000000,0.000000,0.000000,0.000000,0.000000,0.000000,0.000000,0.000000,0.000000,0.000000,0.000000,0.000000,0,0,0,0,0,0.000000,0.000000,0.000000,0.000000,0.000000,0.000000,0.000000,0.000000,0,0,0,0,0
166,0,10.087643,0.089023,0.000000,0.000190,0.490106,2.398058,2.386939,0.899150,0.009359,1.555172,0.999342,0.016493,0.000000,0.000631,0.000305,1.004161,0.000526,0.303497,0.002465,0.459049,0.000000,0.000000,0.000000,0,0,0.000000,0.000000,0.000000,0.000000,0.000000,0.000000,0.000000,0.000000,0.000000,0.000000,0.000000,0.000000,0.000000,0.000000,0,0,0,0,0,0.000000,0.000000,0.000000,0.000000,0.000000,0.000000,0.000000,0.000000,0,0,0,0,0
167,0,10.147254,0.003866,0.000000,0.000163,0.490960,2.420275,2.409441,0.907579,0.009505,1.605465,0.928982,0.016785,0.000000,0.000827,0.000298,1.027998,0.000390,0.259599,0.002465,0.467431,0.000000,0.000000,0.000000,0,0,0.000000,0.000000,0.000000,0.000000,0.000000,0.000000,0.000000,0.000000,0.000000,0.000000,0.000000,0.000000,0.000000,0.000000,0,0,0,0,0,0.000000,0.000000,0.000000,0.000000,0.000000,0.000000,0.000000,0.000000,0,0,0,0,0
168,0,10.155433,0.088677,0.000000,0.000190,0.529833,2.342428,2.331458,0.835232,0.008928,1.617476,1.015957,0.018643,0.000000,0.000570,0.000305,0.974599,0.000404,0.301239,0.002418,0.461694,0.000000,0.000000,0.000000,0,0,0.000000,0.000000,0.000000,0.000000,0.000000,0.000000,0.000000,0.000000,0.000000,0.000000,0.000000,0.000000,0.000000,0.000000,0,0,0,0,0,0.000000,0.000000,0.000000,0.000000,0.000000,0.000000,0.000000,0.000000,0,0,0,0,0
169,0,10.053565,0.003906,0.000000,0.000163,0.543084,2.386726,2.375695,0.829536,0.008847,1.617286,0.983239,0.016886,0.000000,0.000732,0.000373,0.980167,0.000505,0.257172,0.002438,0.510325,0.000000,0.000000,0.000000,0,0,0.000000,0.000000,0.000000,0.000000,0.000000,0.000000,0.000000,0.000000,0.000000,0.000000,0.000000,0.000000,0.000000,0.000000,0,0,0,0,0,0.000000,0.000000,0.000000,0.000000,0.000000,0.000000,0.000000,0.000000,0,0,0,0,0
170,0,10.303219,0.124261,0.000000,0.000190,0.499932,2.394904,2.383908,0.843391,0.009050,1.591027,0.955848,0.016554,0.000000,0.000739,0.000373,1.209985,0.000404,0.300344,0.002397,0.491540,0.000000,0.000000,0.000000,0,0,0.000000,0.000000,0.000000,0.000000,0.000000,0.000000,0.000000,0.000000,0.000000,0.000000,0.000000,0.000000,0.000000,0.000000,0,0,0,0,0,0.000000,0.000000,0.000000,0.000000,0.000000,0.000000,0.000000,0.000000,0,0,0,0,0
171,0,10.003910,0.003988,0.000000,0.000163,0.493747,2.389431,2.378394,0.857795,0.009091,1.566749,0.932078,0.016663,0.000000,0.000590,0.000353,1.020416,0.000390,0.303911,0.002397,0.416100,0.000000,0.000000,0.000000,0,0,0.000000,0.000000,0.000000,0.000000,0.000000,0.000000,0.000000,0.000000,0.000000,0.000000,0.000000,0.000000,0.000000,0.000000,0,0,0,0,0,0.000000,0.000000,0.000000,0.000000,0.000000,0.000000,0.000000,0.000000,0,0,0,0,0
172,0,10.149879,0.088433,0.000000,0.000190,0.484450,2.379971,2.368934,0.925686,0.009477,1.561072,0.926602,0.016893,0.000000,0.000726,0.000481,0.997867,0.000404,0.260671,0.002458,0.466678,0.000000,0.000000,0.000000,0,0,0.000000,0.000000,0.000000,0.000000,0.000000,0.000000,0.000000,0.000000,0.000000,0.000000,0.000000,0.000000,0.000000,0.000000,0,0,0,0,0,0.000000,0.000000,0.000000,0.000000,0.000000,0.000000,0.000000,0.000000,0,0,0,0,0
173,0,10.035092,0.003886,0.000000,0.000163,0.489251,2.433824,2.422848,0.842692,0.009301,1.586341,0.989905,0.017232,0.000000,0.000909,0.000298,0.951664,0.000404,0.297007,0.002397,0.465661,0.000000,0.000000,0.000000,0,0,0.000000,0.000000,0.000000,0.000000,0.000000,0.000000,0.000000,0.000000,0.000000,0.000000,0.000000,0.000000,0.000000,0.000000,0,0,0,0,0,0.000000,0.000000,0.000000,0.000000,0.000000,0.000000,0.000000,0.000000,0,0,0,0,0
174,0,10.422584,0.088230,0.000000,0.000190,0.532138,2.393826,2.382952,0.824978,0.009152,1.587521,0.994090,0.016941,0.000000,0.000827,0.000393,1.257395,0.000404,0.300913,0.002377,0.459659,0.000000,0.000000,0.000000,0,0,0.000000,0.000000,0.000000,0.000000,0.000000,0.000000,0.000000,0.000000,0.000000,0.000000,0.000000,0.000000,0.000000,0.000000,0,0,0,0,0,0.000000,0.000000,0.000000,0.000000,0.000000,0.000000,0.000000,0.000000,0,0,0,0,0
175,0,10.053667,0.003947,0.000000,0.000264,0.562120,2.399150,2.388160,0.867357,0.009064,1.608436,1.013248,0.016507,0.000000,0.000807,0.000522,0.995962,0.000390,0.257219,0.002397,0.501183,0.000000,0.000000,0.000000,0,0,0.000000,0.000000,0.000000,0.000000,0.000000,0.000000,0.000000,0.000000,0.000000,0.000000,0.000000,0.000000,0.000000,0.000000,0,0,0,0,0,0.000000,0.000000,0.000000,0.000000,0.000000,0.000000,0.000000,0.000000,0,0,0,0,0
176,0,10.179643,0.089064,0.000000,0.000190,0.489007,2.330777,2.319699,0.846748,0.008840,1.553240,0.958676,0.061103,0.000000,0.000746,0.000298,1.213586,0.000404,0.302724,0.002404,0.458459,0.000000,0.000000,0.000000,0,0,0.000000,0.000000,0.000000,0.000000,0.000000,0.000000,0.000000,0.000000,0.000000,0.000000,0.000000,0.000000,0.000000,0.000000,0,0,0,0,0,0.000000,0.000000,0.000000,0.000000,0.000000,0.000000,0.000000,0.000000,0,0,0,0,0
177,0,10.013831,0.003866,0.000000,0.000183,0.484999,2.378472,2.367327,0.906087,0.008806,1.563982,1.009403,0.016093,0.000000,0.000590,0.000305,0.995758,0.000390,0.303850,0.002397,0.460432,0.000000,0.000000,0.000000,0,0,0.000000,0.000000,0.000000,0.000000,0.000000,0.000000,0.000000,0.000000,0.000000,0.000000,0.000000,0.000000,0.000000,0.000000,0,0,0,0,0,0.000000,0.000000,0.000000,0.000000,0.000000,0.000000,0.000000,0.000000,0,0,0,0,0
178,0,10.168155,0.088379,0.000000,0.000190,0.538554,2.384176,2.373003,0.873542,0.008969,1.602678,1.045417,0.016656,0.000000,0.000712,0.000387,0.984053,0.000417,0.258270,0.002438,0.465315,0.000000,0.000000,0.000000,0,0,0.000000,0.000000,0.000000,0.000000,0.000000,0.000000,0.000000,0.000000,0.000000,0.000000,0.000000,0.000000,0.000000,0.000000,0,0,0,0,0,0.000000,0.000000,0.000000,0.000000,0.000000,0.000000,0.000000,0.000000,0,0,0,0,0
179,0,10.118188,0.003954,0.000000,0.000163,0.536221,2.411011,2.400089,0.841227,0.009125,1.621626,0.981510,0.018860,0.000000,0.000590,0.000305,1.018707,0.000404,0.258128,0.002479,0.463260,0.000000,0.000000,0.000000,0,0,0.000000,0.000000,0.000000,0.000000,0.000000,0.000000,0.000000,0.000000,0.000000,0.000000,0.000000,0.000000,0.000000,0.000000,0,0,0,0,0,0.000000,0.000000,0.000000,0.000000,0.000000,0.000000,0.000000,0.000000,0,0,0,0,0
180,0,91.396725,3.844516,3.753611,0.000142,0.449592,9.737122,9.726112,8.249366,0.012146,37.279117,35.825195,8.519945,4.499457,0.000692,0.000305,4.265832,0.000404,1.756548,0.002547,0.605398,0.000000,0.000000,0.000000,0,0,0.000000,0.000000,0.000000,0.000000,0.000000,0.000000,0.000000,0.000000,0.000000,0.000000,0.000000,0.000000,0.000000,0.000000,0,0,0,0,0,0.000000,0.000000,0.000000,0.000000,0.000000,0.000000,0.000000,0.000000,0,0,0,0,0
181,0,20.351173,0.299242,0.000000,0.000163,0.511061,2.234070,2.223080,1.983510,0.010508,5.852966,4.936181,2.597059,2.186934,0.000712,0.000305,2.403310,0.000349,0.705773,0.002452,0.583405,0.000000,0.000000,0.000000,0,0,0.000000,0.000000,0.000000,0.000000,0.000000,0.000000,0.000000,0.000000,0.000000,0.000000,0.000000,0.000000,0.000000,0.000000,0,0,0,0,0,0.000000,0.000000,0.000000,0.000000,0.000000,0.000000,0.000000,0.000000,0,0,0,0,0
182,0,18.941606,0.422987,0.000000,0.000190,0.509671,2.319377,2.308156,1.942535,0.010779,5.762485,4.878116,1.657817,1.248922,0.000726,0.000298,1.906721,0.000349,0.617917,0.002465,0.629317,0.000000,0.000000,0.000000,0,0,0.000000,0.000000,0.000000,0.000000,0.000000,0.000000,0.000000,0.000000,0.000000,0.000000,0.000000,0.000000,0.000000,0.000000,0,0,0,0,0,0.000000,0.000000,0.000000,0.000000,0.000000,0.000000,0.000000,0.000000,0,0,0,0,0
183,0,18.630022,0.331082,0.000000,0.000346,0.505954,2.264730,2.253577,1.896888,0.010664,5.678596,4.794098,1.658095,1.224616,0.000712,0.000353,1.873071,0.000349,0.626909,0.002404,0.654246,0.000000,0.000000,0.000000,0,0,0.000000,0.000000,0.000000,0.000000,0.000000,0.000000,0.000000,0.000000,0.000000,0.000000,0.000000,0.000000,0.000000,0.000000,0,0,0,0,0,0.000000,0.000000,0.000000,0.000000,0.000000,0.000000,0.000000,0.000000,0,0,0,0,0
184,0,18.822181,0.383986,0.000000,0.000190,0.502801,2.305725,2.294613,1.935137,0.010569,5.722310,4.688870,1.687534,1.281949,0.000787,0.000332,1.866052,0.000349,0.625424,0.002384,0.660309,0.000000,0.000000,0.000000,0,0,0.000000,0.000000,0.000000,0.000000,0.000000,0.000000,0.000000,0.000000,0.000000,0.000000,0.000000,0.000000,0.000000,0.000000,0,0,0,0,0,0.000000,0.000000,0.000000,0.000000,0.000000,0.000000,0.000000,0.000000,0,0,0,0,0
185,0,19.306576,0.336188,0.000000,0.000163,0.525445,2.208069,2.196998,1.954607,0.010576,5.857897,4.969415,1.641018,1.228739,0.000712,0.000305,2.380035,0.000404,0.619253,0.002608,0.587494,0.000000,0.000000,0.000000,0,0,0.000000,0.000000,0.000000,0.000000,0.000000,0.000000,0.000000,0.000000,0.000000,0.000000,0.000000,0.000000,0.000000,0.000000,0,0,0,0,0,0.000000,0.000000,0.000000,0.000000,0.000000,0.000000,0.000000,0.000000,0,0,0,0,0
186,0,18.706987,0.418966,0.000000,0.000190,0.523492,2.277527,2.266415,1.891334,0.010305,5.679871,4.791785,1.659702,1.223721,0.000692,0.000305,1.871246,0.000349,0.625526,0.002445,0.648855,0.000000,0.000000,0.000000,0,0,0.000000,0.000000,0.000000,0.000000,0.000000,0.000000,0.000000,0.000000,0.000000,0.000000,0.000000,0.000000,0.000000,0.000000,0,0,0,0,0,0.000000,0.000000,0.000000,0.000000,0.000000,0.000000,0.000000,0.000000,0,0,0,0,0
187,0,18.869076,0.335802,0.000000,0.000163,0.512017,2.319316,2.307892,1.950172,0.010569,5.760464,4.875003,1.667609,1.262180,0.000712,0.000305,1.907033,0.000363,0.616452,0.002485,0.621850,0.000000,0.000000,0.000000,0,0,0.000000,0.000000,0.000000,0.000000,0.000000,0.000000,0.000000,0.000000,0.000000,0.000000,0.000000,0.000000,0.000000,0.000000,0,0,0,0,0,0.000000,0.000000,0.000000,0.000000,0.000000,0.000000,0.000000,0.000000,0,0,0,0,0
188,0,19.400998,0.421238,0.000000,0.000190,0.521966,2.217000,2.205970,1.969710,0.010915,5.857279,4.860691,1.638638,1.228956,0.000746,0.000298,2.390181,0.000363,0.619564,0.002485,0.586985,0.000000,0.000000,0.000000,0,0,0.000000,0.000000,0.000000,0.000000,0.000000,0.000000,0.000000,0.000000,0.000000,0.000000,0.000000,0.000000,0.000000,0.000000,0,0,0,0,0,0.000000,0.000000,0.000000,0.000000,0.000000,0.000000,0.000000,0.000000,0,0,0,0,0
189,0,18.748491,0.296678,0.000000,0.000163,0.507399,2.340413,2.329464,1.943478,0.010390,5.713182,4.830343,1.672065,1.265815,0.000692,0.000305,1.873732,0.000349,0.625729,0.002404,0.656314,0.000000,0.000000,0.000000,0,0,0.000000,0.000000,0.000000,0.000000,0.000000,0.000000,0.000000,0.000000,0.000000,0.000000,0.000000,0.000000,0.000000,0.000000,0,0,0,0,0,0.000000,0.000000,0.000000,0.000000,0.000000,0.000000,0.000000,0.000000,0,0,0,0,0
190,0,19.403236,0.423089,0.000000,0.000190,0.503493,2.254272,2.243140,2.009762,0.010691,5.846422,4.882487,1.642653,1.233812,0.000746,0.000298,2.341943,0.000349,0.617978,0.002485,0.586049,0.000000,0.000000,0.000000,0,0,0.000000,0.000000,0.000000,0.000000,0.000000,0.000000,0.000000,0.000000,0.000000,0.000000,0.000000,0.000000,0.000000,0.000000,0,0,0,0,0,0.000000,0.000000,0.000000,0.000000,0.000000,0.000000,0.000000,0.000000,0,0,0,0,0
191,0,19.154192,0.335782,0.000000,0.000163,0.501133,2.279561,2.268328,1.925025,0.010468,5.769538,4.762414,1.597860,1.225600,0.000712,0.000305,2.283478,0.000349,0.633033,0.002384,0.649851,0.000000,0.000000,0.000000,0,0,0.000000,0.000000,0.000000,0.000000,0.000000,0.000000,0.000000,0.000000,0.000000,0.000000,0.000000,0.000000,0.000000,0.000000,0,0,0,0,0,0.000000,0.000000,0.000000,0.000000,0.000000,0.000000,0.000000,0.000000,0,0,0,0,0
192,0,19.260434,0.384738,0.000000,0.000190,0.501343,2.335497,2.324134,1.905901,0.048950,5.715705,4.720032,1.687195,1.279751,0.000766,0.000298,2.291887,0.000349,0.619320,0.002547,0.607635,0.000000,0.000000,0.000000,0,0,0.000000,0.000000,0.000000,0.000000,0.000000,0.000000,0.000000,0.000000,0.000000,0.000000,0.000000,0.000000,0.000000,0.000000,0,0,0,0,0,0.000000,0.000000,0.000000,0.000000,0.000000,0.000000,0.000000,0.000000,0,0,0,0,0
193,0,18.621538,0.336005,0.000000,0.000163,0.522658,2.212891,2.201684,1.888465,0.010556,5.767402,4.877882,1.598402,1.226834,0.000746,0.000298,1.895552,0.000349,0.649492,0.002445,0.614858,0.000000,0.000000,0.000000,0,0,0.000000,0.000000,0.000000,0.000000,0.000000,0.000000,0.000000,0.000000,0.000000,0.000000,0.000000,0.000000,0.000000,0.000000,0,0,0,0,0,0.000000,0.000000,0.000000,0.000000,0.000000,0.000000,0.000000,0.000000,0,0,0,0,0
194,0,19.260393,0.382968,0.000000,0.000190,0.529555,2.280965,2.232954,1.923845,0.012217,5.674405,4.747657,1.689853,1.228767,0.000780,0.000468,2.317495,0.000349,0.668861,0.002404,0.583527,0.000000,0.000000,0.000000,0,0,0.000000,0.000000,0.000000,0.000000,0.000000,0.000000,0.000000,0.000000,0.000000,0.000000,0.000000,0.000000,0.000000,0.000000,0,0,0,0,0,0.000000,0.000000,0.000000,0.000000,0.000000,0.000000,0.000000,0.000000,0,0,0,0,0
195,0,18.872982,0.335741,0.000000,0.000163,0.523003,2.253520,2.242428,1.998837,0.010495,5.817200,4.814891,1.654785,1.244046,0.000712,0.000305,1.913483,0.000349,0.620378,0.002587,0.583601,0.000000,0.000000,0.000000,0,0,0.000000,0.000000,0.000000,0.000000,0.000000,0.000000,0.000000,0.000000,0.000000,0.000000,0.000000,0.000000,0.000000,0.000000,0,0,0,0,0,0.000000,0.000000,0.000000,0.000000,0.000000,0.000000,0.000000,0.000000,0,0,0,0,0
196,0,18.782732,0.418640,0.000000,0.000190,0.503554,2.291138,2.280046,1.937497,0.010630,5.717760,4.758314,1.652588,1.246053,0.000875,0.000305,1.866526,0.000349,0.673316,0.002418,0.627248,0.000000,0.000000,0.000000,0,0,0.000000,0.000000,0.000000,0.000000,0.000000,0.000000,0.000000,0.000000,0.000000,0.000000,0.000000,0.000000,0.000000,0.000000,0,0,0,0,0,0.000000,0.000000,0.000000,0.000000,0.000000,0.000000,0.000000,0.000000,0,0,0,0,0
197,0,18.814755,0.335822,0.000000,0.000163,0.519782,2.256822,2.245765,1.979387,0.010705,5.757487,4.837867,1.650791,1.193936,0.000692,0.000305,1.893565,0.000349,0.598406,0.002465,0.623586,0.000000,0.000000,0.000000,0,0,0.000000,0.000000,0.000000,0.000000,0.000000,0.000000,0.000000,0.000000,0.000000,0.000000,0.000000,0.000000,0.000000,0.000000,0,0,0,0,0,0.000000,0.000000,0.000000,0.000000,0.000000,0.000000,0.000000,0.000000,0,0,0,0,0
198,0,18.917640,0.419122,0.000000,0.000190,0.501221,2.296902,2.285804,1.978390,0.010318,5.767239,4.916467,1.593113,1.188775,0.000712,0.000305,1.969859,0.000383,0.602122,0.002485,0.582286,0.000000,0.000000,0.000000,0,0,0.000000,0.000000,0.000000,0.000000,0.000000,0.000000,0.000000,0.000000,0.000000,0.000000,0.000000,0.000000,0.000000,0.000000,0,0,0,0,0,0.000000,0.000000,0.000000,0.000000,0.000000,0.000000,0.000000,0.000000,0,0,0,0,0
199,0,19.262224,0.298469,0.000000,0.000163,0.506056,2.256877,2.245724,1.952776,0.010644,5.766222,4.882897,1.643202,1.233378,0.000692,0.000305,2.406199,0.000349,0.657067,0.002567,0.701216,0.000000,0.000000,0.000000,0,0,0.000000,0.000000,0.000000,0.000000,0.000000,0.000000,0.000000,0.000000,0.000000,0.000000,0.000000,0.000000,0.000000,0.000000,0,0,0,0,0,0.000000,0.000000,0.000000,0.000000,0.000000,0.000000,0.000000,0.000000,0,0,0,0,0
200,0,18.905962,0.421339,0.000000,0.000190,0.536309,2.254496,2.243432,1.974647,0.010779,5.765564,4.803928,1.661614,1.230347,0.000712,0.000305,1.888777,0.000363,0.585242,0.002485,0.629520,0.000000,0.000000,0.000000,0,0,0.000000,0.000000,0.000000,0.000000,0.000000,0.000000,0.000000,0.000000,0.000000,0.000000,0.000000,0.000000,0.000000,0.000000,0,0,0,0,0,0.000000,0.000000,0.000000,0.000000,0.000000,0.000000,0.000000,0.000000,0,0,0,0,0
201,0,19.129907,0.332954,0.000000,0.000163,0.502618,2.291097,2.279843,1.949744,0.010956,5.763902,4.839596,1.605638,1.238329,0.000692,0.000305,2.273953,0.000349,0.608212,0.002377,0.661530,0.000000,0.000000,0.000000,0,0,0.000000,0.000000,0.000000,0.000000,0.000000,0.000000,0.000000,0.000000,0.000000,0.000000,0.000000,0.000000,0.000000,0.000000,0,0,0,0,0,0.000000,0.000000,0.000000,0.000000,0.000000,0.000000,0.000000,0.000000,0,0,0,0,0
202,0,18.805179,0.384888,0.000000,0.000190,0.503852,2.264615,2.253496,1.917599,0.010590,5.766581,4.883040,1.644138,1.233860,0.000793,0.000332,1.932560,0.000349,0.638994,0.002465,0.606591,0.000000,0.000000,0.000000,0,0,0.000000,0.000000,0.000000,0.000000,0.000000,0.000000,0.000000,0.000000,0.000000,0.000000,0.000000,0.000000,0.000000,0.000000,0,0,0,0,0,0.000000,0.000000,0.000000,0.000000,0.000000,0.000000,0.000000,0.000000,0,0,0,0,0
203,0,19.272057,0.335768,0.000000,0.000163,0.533576,2.234687,2.223589,1.928647,0.010678,5.813870,4.927378,1.607558,1.191698,0.000712,0.000305,2.340159,0.000349,0.665361,0.002547,0.581675,0.000000,0.000000,0.000000,0,0,0.000000,0.000000,0.000000,0.000000,0.000000,0.000000,0.000000,0.000000,0.000000,0.000000,0.000000,0.000000,0.000000,0.000000,0,0,0,0,0,0.000000,0.000000,0.000000,0.000000,0.000000,0.000000,0.000000,0.000000,0,0,0,0,0
204,0,18.793942,0.383070,0.000000,0.000231,0.505934,2.282389,2.271284,1.906531,0.010427,5.770365,4.744466,1.236437,1.182339,0.000712,0.000305,2.312720,0.000349,0.641435,0.002485,0.631907,0.000000,0.000000,0.000000,0,0,0.000000,0.000000,0.000000,0.000000,0.000000,0.000000,0.000000,0.000000,0.000000,0.000000,0.000000,0.000000,0.000000,0.000000,0,0,0,0,0,0.000000,0.000000,0.000000,0.000000,0.000000,0.000000,0.000000,0.000000,0,0,0,0,0
205,0,18.350135,0.362495,0.000000,0.000163,0.509677,2.281108,2.270098,1.953081,0.010874,5.768697,4.858287,1.243117,1.186144,0.001051,0.000380,1.851647,0.000349,0.583879,0.002465,0.619456,0.000000,0.000000,0.000000,0,0,0.000000,0.000000,0.000000,0.000000,0.000000,0.000000,0.000000,0.000000,0.000000,0.000000,0.000000,0.000000,0.000000,0.000000,0,0,0,0,0,0.000000,0.000000,0.000000,0.000000,0.000000,0.000000,0.000000,0.000000,0,0,0,0,0
206,0,19.645443,0.419813,0.000000,0.000190,0.535536,2.216064,2.204953,1.929257,0.010834,5.791612,4.916595,1.996412,1.941155,0.000712,0.000305,2.307973,0.000349,0.640011,0.002465,0.589644,0.000000,0.000000,0.000000,0,0,0.000000,0.000000,0.000000,0.000000,0.000000,0.000000,0.000000,0.000000,0.000000,0.000000,0.000000,0.000000,0.000000,0.000000,0,0,0,0,0,0.000000,0.000000,0.000000,0.000000,0.000000,0.000000,0.000000,0.000000,0,0,0,0,0
207,0,18.344520,0.299730,0.000000,0.000163,0.510342,2.268724,2.257707,1.985043,0.010535,5.766893,4.858439,1.228977,1.175720,0.000712,0.000305,1.876495,0.000349,0.639401,0.002404,0.629100,0.000000,0.000000,0.000000,0,0,0.000000,0.000000,0.000000,0.000000,0.000000,0.000000,0.000000,0.000000,0.000000,0.000000,0.000000,0.000000,0.000000,0.000000,0,0,0,0,0,0.000000,0.000000,0.000000,0.000000,0.000000,0.000000,0.000000,0.000000,0,0,0,0,0
208,0,18.969581,0.436211,0.000000,0.000190,0.505568,2.272278,2.261105,1.976213,0.010562,5.765754,4.894277,1.235467,1.180888,0.001044,0.000359,2.323347,0.000349,0.637895,0.002397,0.580956,0.000000,0.000000,0.000000,0,0,0.000000,0.000000,0.000000,0.000000,0.000000,0.000000,0.000000,0.000000,0.000000,0.000000,0.000000,0.000000,0.000000,0.000000,0,0,0,0,0,0.000000,0.000000,0.000000,0.000000,0.000000,0.000000,0.000000,0.000000,0,0,0,0,0
209,0,18.227943,0.296821,0.000000,0.000163,0.569675,2.262214,2.250749,1.900001,0.047858,5.705939,4.831438,1.224664,1.170756,0.000746,0.000298,1.894881,0.000349,0.584978,0.002567,0.623708,0.000000,0.000000,0.000000,0,0,0.000000,0.000000,0.000000,0.000000,0.000000,0.000000,0.000000,0.000000,0.000000,0.000000,0.000000,0.000000,0.000000,0.000000,0,0,0,0,0,0.000000,0.000000,0.000000,0.000000,0.000000,0.000000,0.000000,0.000000,0,0,0,0,0
210,0,18.381588,0.431573,0.000000,0.000190,0.507134,2.257019,2.245867,1.950233,0.010434,5.765510,4.895796,1.237440,1.182414,0.001166,0.000359,1.873132,0.000349,0.596561,0.002513,0.617998,0.000000,0.000000,0.000000,0,0,0.000000,0.000000,0.000000,0.000000,0.000000,0.000000,0.000000,0.000000,0.000000,0.000000,0.000000,0.000000,0.000000,0.000000,0,0,0,0,0,0.000000,0.000000,0.000000,0.000000,0.000000,0.000000,0.000000,0.000000,0,0,0,0,0
211,0,18.372657,0.335720,0.000000,0.000163,0.559964,2.213447,2.202369,1.891239,0.010820,5.795390,4.877353,1.261956,1.169878,0.000712,0.000305,1.929474,0.000349,0.584958,0.002485,0.584863,0.000000,0.000000,0.000000,0,0,0.000000,0.000000,0.000000,0.000000,0.000000,0.000000,0.000000,0.000000,0.000000,0.000000,0.000000,0.000000,0.000000,0.000000,0,0,0,0,0,0.000000,0.000000,0.000000,0.000000,0.000000,0.000000,0.000000,0.000000,0,0,0,0,0
212,0,18.924049,0.416802,0.000000,0.000190,0.500909,2.308614,2.297584,1.902666,0.010902,5.736884,4.752852,1.269524,1.212958,0.000712,0.000305,2.399119,0.000404,0.591685,0.002567,0.585663,0.000000,0.000000,0.000000,0,0,0.000000,0.000000,0.000000,0.000000,0.000000,0.000000,0.000000,0.000000,0.000000,0.000000,0.000000,0.000000,0.000000,0.000000,0,0,0,0,0,0.000000,0.000000,0.000000,0.000000,0.000000,0.000000,0.000000,0.000000,0,0,0,0,0
213,0,18.436947,0.363959,0.000000,0.000163,0.508904,2.259013,2.247921,1.977434,0.010373,5.794807,4.806383,1.245558,1.190470,0.000692,0.000305,1.875153,0.000349,0.594649,0.002526,0.620270,0.000000,0.000000,0.000000,0,0,0.000000,0.000000,0.000000,0.000000,0.000000,0.000000,0.000000,0.000000,0.000000,0.000000,0.000000,0.000000,0.000000,0.000000,0,0,0,0,0,0.000000,0.000000,0.000000,0.000000,0.000000,0.000000,0.000000,0.000000,0,0,0,0,0
214,0,18.967634,0.420715,0.000000,0.000190,0.544345,2.228984,2.217831,1.919064,0.010752,5.794278,4.920515,1.278212,1.171963,0.000793,0.000305,2.376326,0.000444,0.590363,0.002506,0.626394,0.000000,0.000000,0.000000,0,0,0.000000,0.000000,0.000000,0.000000,0.000000,0.000000,0.000000,0.000000,0.000000,0.000000,0.000000,0.000000,0.000000,0.000000,0,0,0,0,0,0.000000,0.000000,0.000000,0.000000,0.000000,0.000000,0.000000,0.000000,0,0,0,0,0
215,0,18.235755,0.297485,0.000000,0.000163,0.510552,2.301107,2.289907,1.903195,0.010610,5.771654,4.860355,1.236382,1.181234,0.000800,0.000359,1.875838,0.000349,0.596453,0.002404,0.609643,0.000000,0.000000,0.000000,0,0,0.000000,0.000000,0.000000,0.000000,0.000000,0.000000,0.000000,0.000000,0.000000,0.000000,0.000000,0.000000,0.000000,0.000000,0,0,0,0,0,0.000000,0.000000,0.000000,0.000000,0.000000,0.000000,0.000000,0.000000,0,0,0,0,0
216,0,18.799177,0.385050,0.000000,0.000190,0.507433,2.272936,2.261858,1.947588,0.010481,5.830105,4.912435,1.225071,1.171353,0.000746,0.000298,2.318851,0.000349,0.595720,0.002404,0.587324,0.000000,0.000000,0.000000,0,0,0.000000,0.000000,0.000000,0.000000,0.000000,0.000000,0.000000,0.000000,0.000000,0.000000,0.000000,0.000000,0.000000,0.000000,0,0,0,0,0,0.000000,0.000000,0.000000,0.000000,0.000000,0.000000,0.000000,0.000000,0,0,0,0,0
217,0,18.039466,0.003947,0.000000,0.000163,0.446201,2.268419,2.257321,1.962704,0.010657,5.782640,4.946591,1.261834,1.207038,0.000712,0.000407,1.933624,0.000363,0.613522,0.002648,0.584524,0.000000,0.000000,0.000000,0,0,0.000000,0.000000,0.000000,0.000000,0.000000,0.000000,0.000000,0.000000,0.000000,0.000000,0.000000,0.000000,0.000000,0.000000,0,0,0,0,0,0.000000,0.000000,0.000000,0.000000,0.000000,0.000000,0.000000,0.000000,0,0,0,0,0
218,0,18.944902,0.436334,0.000000,0.000190,0.509718,2.279439,2.268307,1.952613,0.010732,5.761149,4.892331,1.235413,1.180976,0.000922,0.000420,2.323415,0.000349,0.638004,0.002506,0.579166,0.000000,0.000000,0.000000,0,0,0.000000,0.000000,0.000000,0.000000,0.000000,0.000000,0.000000,0.000000,0.000000,0.000000,0.000000,0.000000,0.000000,0.000000,0,0,0,0,0,0.000000,0.000000,0.000000,0.000000,0.000000,0.000000,0.000000,0.000000,0,0,0,0,0
219,0,18.614092,0.332954,0.000000,0.000163,0.529371,2.276367,2.265439,1.886919,0.010481,5.742133,4.838803,1.192817,1.141425,0.000692,0.000305,2.289615,0.000349,0.596025,0.002404,0.658213,0.000000,0.000000,0.000000,0,0,0.000000,0.000000,0.000000,0.000000,0.000000,0.000000,0.000000,0.000000,0.000000,0.000000,0.000000,0.000000,0.000000,0.000000,0,0,0,0,0,0.000000,0.000000,0.000000,0.000000,0.000000,0.000000,0.000000,0.000000,0,0,0,0,0
220,0,18.529578,0.419739,0.000000,0.000244,0.502984,2.296509,2.285316,1.941138,0.010393,5.752136,4.770009,1.274611,1.217658,0.000712,0.000387,1.961314,0.000349,0.586605,0.002526,0.585676,0.000000,0.000000,0.000000,0,0,0.000000,0.000000,0.000000,0.000000,0.000000,0.000000,0.000000,0.000000,0.000000,0.000000,0.000000,0.000000,0.000000,0.000000,0,0,0,0,0,0.000000,0.000000,0.000000,0.000000,0.000000,0.000000,0.000000,0.000000,0,0,0,0,0
221,0,18.846330,0.363797,0.000000,0.000163,0.508253,2.280884,2.269691,1.952918,0.010345,5.772590,4.861067,1.237203,1.182393,0.000922,0.000400,2.324290,0.000349,0.604977,0.002587,0.585398,0.000000,0.000000,0.000000,0,0,0.000000,0.000000,0.000000,0.000000,0.000000,0.000000,0.000000,0.000000,0.000000,0.000000,0.000000,0.000000,0.000000,0.000000,0,0,0,0,0,0.000000,0.000000,0.000000,0.000000,0.000000,0.000000,0.000000,0.000000,0,0,0,0,0
222,0,18.501055,0.419813,0.000000,0.000190,0.549554,2.213216,2.202145,1.914120,0.010807,5.846809,4.931142,1.248305,1.190918,0.000712,0.000305,1.916758,0.000349,0.586361,0.002485,0.585744,0.000000,0.000000,0.000000,0,0,0.000000,0.000000,0.000000,0.000000,0.000000,0.000000,0.000000,0.000000,0.000000,0.000000,0.000000,0.000000,0.000000,0.000000,0,0,0,0,0,0.000000,0.000000,0.000000,0.000000,0.000000,0.000000,0.000000,0.000000,0,0,0,0,0
223,0,18.334944,0.297594,0.000000,0.000163,0.506422,2.265930,2.254879,1.950141,0.010274,5.778015,4.807224,1.229953,1.175680,0.000712,0.000305,1.878387,0.000349,0.636939,0.002526,0.628652,0.000000,0.000000,0.000000,0,0,0.000000,0.000000,0.000000,0.000000,0.000000,0.000000,0.000000,0.000000,0.000000,0.000000,0.000000,0.000000,0.000000,0.000000,0,0,0,0,0,0.000000,0.000000,0.000000,0.000000,0.000000,0.000000,0.000000,0.000000,0,0,0,0,0
224,0,18.561907,0.444878,0.000000,0.000190,0.502028,2.261617,2.250485,1.975033,0.010569,5.771769,4.855255,1.256687,1.202413,0.000882,0.000448,1.876577,0.000349,0.637332,0.002445,0.586490,0.000000,0.000000,0.000000,0,0,0.000000,0.000000,0.000000,0.000000,0.000000,0.000000,0.000000,0.000000,0.000000,0.000000,0.000000,0.000000,0.000000,0.000000,0,0,0,0,0,0.000000,0.000000,0.000000,0.000000,0.000000,0.000000,0.000000,0.000000,0,0,0,0,0
225,0,18.643368,0.296353,0.000000,0.000163,0.544101,2.279161,2.267900,1.905412,0.010542,5.739244,4.754693,1.230448,1.176493,0.000773,0.000305,2.303721,0.000349,0.584083,0.002465,0.625532,0.000000,0.000000,0.000000,0,0,0.000000,0.000000,0.000000,0.000000,0.000000,0.000000,0.000000,0.000000,0.000000,0.000000,0.000000,0.000000,0.000000,0.000000,0,0,0,0,0,0.000000,0.000000,0.000000,0.000000,0.000000,0.000000,0.000000,0.000000,0,0,0,0,0
226,0,18.443139,0.421889,0.000000,0.000190,0.507236,2.299316,2.288205,1.950131,0.010671,5.754544,4.842716,1.230950,1.177287,0.000712,0.000305,1.878530,0.000349,0.640988,0.002526,0.632375,0.000000,0.000000,0.000000,0,0,0.000000,0.000000,0.000000,0.000000,0.000000,0.000000,0.000000,0.000000,0.000000,0.000000,0.000000,0.000000,0.000000,0.000000,0,0,0,0,0,0.000000,0.000000,0.000000,0.000000,0.000000,0.000000,0.000000,0.000000,0,0,0,0,0
227,0,18.272871,0.359938,0.000000,0.000163,0.503432,2.279073,2.267961,1.910967,0.010576,5.679688,4.773709,1.213989,1.130113,0.000712,0.000305,1.903788,0.000349,0.625688,0.002506,0.626468,0.000000,0.000000,0.000000,0,0,0.000000,0.000000,0.000000,0.000000,0.000000,0.000000,0.000000,0.000000,0.000000,0.000000,0.000000,0.000000,0.000000,0.000000,0,0,0,0,0,0.000000,0.000000,0.000000,0.000000,0.000000,0.000000,0.000000,0.000000,0,0,0,0,0
228,0,18.752072,0.419108,0.000000,0.000190,0.533461,2.301860,2.290605,1.918901,0.010474,5.740248,4.800273,1.191698,1.140347,0.000712,0.000305,2.290917,0.000349,0.596093,0.002513,0.662031,0.000000,0.000000,0.000000,0,0,0.000000,0.000000,0.000000,0.000000,0.000000,0.000000,0.000000,0.000000,0.000000,0.000000,0.000000,0.000000,0.000000,0.000000,0,0,0,0,0,0.000000,0.000000,0.000000,0.000000,0.000000,0.000000,0.000000,0.000000,0,0,0,0,0
229,0,19.063005,0.295824,0.000000,0.000163,0.522983,2.314596,2.303491,1.905372,0.010596,5.706177,4.718377,2.027418,0.982269,0.000692,0.000305,1.912886,0.000349,0.587155,0.002465,0.625858,0.000000,0.000000,0.000000,0,0,0.000000,0.000000,0.000000,0.000000,0.000000,0.000000,0.000000,0.000000,0.000000,0.000000,0.000000,0.000000,0.000000,0.000000,0,0,0,0,0,0.000000,0.000000,0.000000,0.000000,0.000000,0.000000,0.000000,0.000000,0,0,0,0,0
230,0,18.964576,0.418857,0.000000,0.000190,0.529351,2.232768,2.221595,1.928280,0.010610,5.796963,4.922902,1.276808,1.171800,0.000773,0.000305,2.384043,0.000349,0.588823,0.002465,0.627411,0.000000,0.000000,0.000000,0,0,0.000000,0.000000,0.000000,0.000000,0.000000,0.000000,0.000000,0.000000,0.000000,0.000000,0.000000,0.000000,0.000000,0.000000,0,0,0,0,0,0.000000,0.000000,0.000000,0.000000,0.000000,0.000000,0.000000,0.000000,0,0,0,0,0
231,0,18.738929,0.297207,0.000000,0.000251,0.510878,2.264201,2.253130,1.951063,0.010274,5.781013,4.842031,1.228834,1.174649,0.000746,0.000298,2.328596,0.000566,0.584524,0.002465,0.582909,0.000000,0.000000,0.000000,0,0,0.000000,0.000000,0.000000,0.000000,0.000000,0.000000,0.000000,0.000000,0.000000,0.000000,0.000000,0.000000,0.000000,0.000000,0,0,0,0,0,0.000000,0.000000,0.000000,0.000000,0.000000,0.000000,0.000000,0.000000,0,0,0,0,0
232,0,19.024594,0.447645,0.000000,0.000190,0.508823,2.265442,2.254378,0.121660,0.006463,11.629303,4.827752,1.275499,1.184943,0.000692,0.000305,2.007517,0.000390,0.632911,0.002567,0.587853,0.000000,0.000000,0.000000,0,0,0.000000,0.000000,0.000000,0.000000,0.000000,0.000000,0.000000,0.000000,0.000000,0.000000,0.000000,0.000000,0.000000,0.000000,0,0,0,0,0,0.000000,0.000000,0.000000,0.000000,0.000000,0.000000,0.000000,0.000000,0,0,0,0,0
233,0,18.623206,0.333828,0.000000,0.000163,0.529392,2.288859,2.277584,1.889218,0.010440,5.707303,4.760064,1.222568,1.138109,0.000726,0.000298,2.292647,0.000383,0.597707,0.002506,0.585663,0.000000,0.000000,0.000000,0,0,0.000000,0.000000,0.000000,0.000000,0.000000,0.000000,0.000000,0.000000,0.000000,0.000000,0.000000,0.000000,0.000000,0.000000,0,0,0,0,0,0.000000,0.000000,0.000000,0.000000,0.000000,0.000000,0.000000,0.000000,0,0,0,0,0
234,0,18.477210,0.448052,0.000000,0.000190,0.508877,2.264018,2.252947,0.085978,0.005656,10.782162,4.811863,1.237969,1.183478,0.000712,0.000305,2.392365,0.000349,0.635583,0.029870,0.581309,0.000000,0.000000,0.000000,0,0,0.000000,0.000000,0.000000,0.000000,0.000000,0.000000,0.000000,0.000000,0.000000,0.000000,0.000000,0.000000,0.000000,0.000000,0,0,0,0,0,0.000000,0.000000,0.000000,0.000000,0.000000,0.000000,0.000000,0.000000,0,0,0,0,0
235,0,18.254045,0.335985,0.000000,0.000163,0.516208,2.265700,2.254649,1.896847,0.010284,5.703600,4.753842,1.224121,1.139187,0.000746,0.000298,1.931217,0.000349,0.625058,0.002445,0.581892,0.000000,0.000000,0.000000,0,0,0.000000,0.000000,0.000000,0.000000,0.000000,0.000000,0.000000,0.000000,0.000000,0.000000,0.000000,0.000000,0.000000,0.000000,0,0,0,0,0,0.000000,0.000000,0.000000,0.000000,0.000000,0.000000,0.000000,0.000000,0,0,0,0,0
236,0,18.348772,0.384738,0.000000,0.000190,0.507114,2.298787,2.287886,0.086622,0.005781,11.067617,5.003893,1.256490,1.199653,0.000902,0.000441,2.036930,0.000383,0.588491,0.002567,0.622182,0.000000,0.000000,0.000000,0,0,0.000000,0.000000,0.000000,0.000000,0.000000,0.000000,0.000000,0.000000,0.000000,0.000000,0.000000,0.000000,0.000000,0.000000,0,0,0,0,0,0.000000,0.000000,0.000000,0.000000,0.000000,0.000000,0.000000,0.000000,0,0,0,0,0
237,0,18.431257,0.347602,0.000000,0.000163,0.499485,2.259745,2.248539,1.965308,0.010841,5.794922,4.849447,1.230916,1.176473,0.000746,0.000298,1.912621,0.000329,0.590939,0.002404,0.619619,0.000000,0.000000,0.000000,0,0,0.000000,0.000000,0.000000,0.000000,0.000000,0.000000,0.000000,0.000000,0.000000,0.000000,0.000000,0.000000,0.000000,0.000000,0,0,0,0,0,0.000000,0.000000,0.000000,0.000000,0.000000,0.000000,0.000000,0.000000,0,0,0,0,0
238,0,18.037920,0.420851,0.000000,0.000264,0.527724,2.227220,2.216176,0.082967,0.005608,10.897071,5.065118,1.239950,1.185981,0.000712,0.000305,1.936412,0.000363,0.583574,0.002506,0.586497,0.000000,0.000000,0.000000,0,0,0.000000,0.000000,0.000000,0.000000,0.000000,0.000000,0.000000,0.000000,0.000000,0.000000,0.000000,0.000000,0.000000,0.000000,0,0,0,0,0,0.000000,0.000000,0.000000,0.000000,0.000000,0.000000,0.000000,0.000000,0,0,0,0,0
239,0,18.687375,0.298245,0.000000,0.000163,0.503574,2.259399,2.248294,1.946571,0.010301,5.803046,4.930352,1.248976,1.193868,0.000692,0.000305,2.329091,0.000349,0.582964,0.002465,0.581289,0.000000,0.000000,0.000000,0,0,0.000000,0.000000,0.000000,0.000000,0.000000,0.000000,0.000000,0.000000,0.000000,0.000000,0.000000,0.000000,0.000000,0.000000,0,0,0,0,0,0.000000,0.000000,0.000000,0.000000,0.000000,0.000000,0.000000,0.000000,0,0,0,0,0
240,0,17.982886,0.451145,0.000000,0.000190,0.507765,2.259054,2.247949,0.124261,0.005669,10.817556,4.795220,1.238315,1.184326,0.000692,0.000305,1.863305,0.000383,0.600800,0.002404,0.663781,0.000000,0.000000,0.000000,0,0,0.000000,0.000000,0.000000,0.000000,0.000000,0.000000,0.000000,0.000000,0.000000,0.000000,0.000000,0.000000,0.000000,0.000000,0,0,0,0,0,0.000000,0.000000,0.000000,0.000000,0.000000,0.000000,0.000000,0.000000,0,0,0,0,0
241,0,18.894202,0.337246,0.000000,0.000163,0.503309,2.280972,2.269772,2.001665,0.010657,5.875353,4.927385,1.230279,1.175924,0.000692,0.000305,2.349755,0.000390,0.587216,0.002418,0.587046,0.000000,0.000000,0.000000,0,0,0.000000,0.000000,0.000000,0.000000,0.000000,0.000000,0.000000,0.000000,0.000000,0.000000,0.000000,0.000000,0.000000,0.000000,0,0,0,0,0,0.000000,0.000000,0.000000,0.000000,0.000000,0.000000,0.000000,0.000000,0,0,0,0,0
242,0,18.194434,0.419596,0.000000,0.000190,0.468031,2.277974,2.230167,0.086541,0.005615,11.020810,4.868540,1.236606,1.182393,0.000712,0.000305,1.959300,0.000349,0.604550,0.002384,0.586897,0.000000,0.000000,0.000000,0,0,0.000000,0.000000,0.000000,0.000000,0.000000,0.000000,0.000000,0.000000,0.000000,0.000000,0.000000,0.000000,0.000000,0.000000,0,0,0,0,0,0.000000,0.000000,0.000000,0.000000,0.000000,0.000000,0.000000,0.000000,0,0,0,0,0
243,0,18.863827,0.364671,0.000000,0.000163,0.507012,2.255432,2.244341,1.975054,0.010671,5.789354,4.839688,1.249023,1.193359,0.000746,0.000353,2.325226,0.000349,0.595679,0.002526,0.586965,0.000000,0.000000,0.000000,0,0,0.000000,0.000000,0.000000,0.000000,0.000000,0.000000,0.000000,0.000000,0.000000,0.000000,0.000000,0.000000,0.000000,0.000000,0,0,0,0,0,0.000000,0.000000,0.000000,0.000000,0.000000,0.000000,0.000000,0.000000,0,0,0,0,0
244,0,18.051999,0.422479,0.000000,0.000190,0.563714,2.212850,2.201820,0.083476,0.007365,10.858497,4.774214,1.233907,1.179830,0.000712,0.000305,1.917084,0.000329,0.598555,0.002472,0.588708,0.000000,0.000000,0.000000,0,0,0.000000,0.000000,0.000000,0.000000,0.000000,0.000000,0.000000,0.000000,0.000000,0.000000,0.000000,0.000000,0.000000,0.000000,0,0,0,0,0,0.000000,0.000000,0.000000,0.000000,0.000000,0.000000,0.000000,0.000000,0,0,0,0,0
245,0,18.648902,0.297146,0.000000,0.000163,0.497918,2.275004,2.263872,1.948320,0.010759,5.756110,4.845269,1.231350,1.177409,0.000732,0.000305,2.360036,0.000329,0.593604,0.002465,0.585826,0.000000,0.000000,0.000000,0,0,0.000000,0.000000,0.000000,0.000000,0.000000,0.000000,0.000000,0.000000,0.000000,0.000000,0.000000,0.000000,0.000000,0.000000,0,0,0,0,0,0.000000,0.000000,0.000000,0.000000,0.000000,0.000000,0.000000,0.000000,0,0,0,0,0
246,0,18.345272,0.452142,0.000000,0.000190,0.505202,2.245239,2.234066,0.125400,0.005697,10.791806,4.794756,1.228617,1.175117,0.000712,0.000305,2.288239,0.000349,0.587277,0.002628,0.597192,0.000000,0.000000,0.000000,0,0,0.000000,0.000000,0.000000,0.000000,0.000000,0.000000,0.000000,0.000000,0.000000,0.000000,0.000000,0.000000,0.000000,0.000000,0,0,0,0,0,0.000000,0.000000,0.000000,0.000000,0.000000,0.000000,0.000000,0.000000,0,0,0,0,0
247,0,18.426714,0.334439,0.000000,0.000163,0.503594,2.305216,2.294206,1.896278,0.010861,5.774828,4.825256,1.259474,1.204373,0.000692,0.000305,1.961049,0.000349,0.585514,0.002506,0.584157,0.000000,0.000000,0.000000,0,0,0.000000,0.000000,0.000000,0.000000,0.000000,0.000000,0.000000,0.000000,0.000000,0.000000,0.000000,0.000000,0.000000,0.000000,0,0,0,0,0,0.000000,0.000000,0.000000,0.000000,0.000000,0.000000,0.000000,0.000000,0,0,0,0,0
248,0,19.610877,0.420146,0.000000,0.000190,0.465162,2.297852,2.250505,0.080872,0.005615,10.967709,4.954800,1.274495,1.218614,0.000746,0.000298,2.325097,0.000390,0.586036,0.002526,0.600026,0.000000,0.000000,0.000000,0,0,0.000000,0.000000,0.000000,0.000000,0.000000,0.000000,0.000000,0.000000,0.000000,0.000000,0.000000,0.000000,0.000000,0.000000,0,0,0,0,0,0.000000,0.000000,0.000000,0.000000,0.000000,0.000000,0.000000,0.000000,0,0,0,0,0
249,0,18.009254,0.363573,0.000000,0.000163,0.524326,2.218079,2.207028,0.082462,0.005649,10.989519,4.923018,1.237115,1.183173,0.000712,0.000305,1.886444,0.000349,0.592831,0.002384,0.769399,0.000000,0.000000,0.000000,0,0,0.000000,0.000000,0.000000,0.000000,0.000000,0.000000,0.000000,0.000000,0.000000,0.000000,0.000000,0.000000,0.000000,0.000000,0,0,0,0,0,0.000000,0.000000,0.000000,0.000000,0.000000,0.000000,0.000000,0.000000,0,0,0,0,0
250,0,18.183821,0.443970,0.000000,0.000197,0.508864,2.257935,2.246965,0.084354,0.005629,11.056047,4.878947,1.239156,1.185262,0.000746,0.000298,1.883406,0.000329,0.594947,0.002404,0.662913,0.000000,0.000000,0.000000,0,0,0.000000,0.000000,0.000000,0.000000,0.000000,0.000000,0.000000,0.000000,0.000000,0.000000,0.000000,0.000000,0.000000,0.000000,0,0,0,0,0,0.000000,0.000000,0.000000,0.000000,0.000000,0.000000,0.000000,0.000000,0,0,0,0,0
251,0,17.915592,0.336500,0.000000,0.000163,0.498589,2.247030,2.235823,0.082848,0.006727,10.900591,4.863502,1.238993,1.185221,0.000746,0.000298,1.860375,0.000349,0.597063,0.002404,0.656545,0.000000,0.000000,0.000000,0,0,0.000000,0.000000,0.000000,0.000000,0.000000,0.000000,0.000000,0.000000,0.000000,0.000000,0.000000,0.000000,0.000000,0.000000,0,0,0,0,0,0.000000,0.000000,0.000000,0.000000,0.000000,0.000000,0.000000,0.000000,0,0,0,0,0
252,0,18.384172,0.436863,0.000000,0.000190,0.503940,2.258586,2.247494,0.083032,0.005873,10.826494,4.906932,1.237773,1.184021,0.000712,0.000305,2.298879,0.000451,0.585425,0.002377,0.627669,0.000000,0.000000,0.000000,0,0,0.000000,0.000000,0.000000,0.000000,0.000000,0.000000,0.000000,0.000000,0.000000,0.000000,0.000000,0.000000,0.000000,0.000000,0,0,0,0,0,0.000000,0.000000,0.000000,0.000000,0.000000,0.000000,0.000000,0.000000,0,0,0,0,0
253,0,18.024295,0.297004,0.000000,0.000163,0.503961,2.321899,2.310910,0.084659,0.005669,10.897234,4.912876,1.273417,1.183194,0.000746,0.000298,1.934574,0.000349,0.596717,0.002533,0.627445,0.000000,0.000000,0.000000,0,0,0.000000,0.000000,0.000000,0.000000,0.000000,0.000000,0.000000,0.000000,0.000000,0.000000,0.000000,0.000000,0.000000,0.000000,0,0,0,0,0,0.000000,0.000000,0.000000,0.000000,0.000000,0.000000,0.000000,0.000000,0,0,0,0,0
254,0,18.104774,0.385410,0.000000,0.000190,0.506972,2.298116,2.287045,0.084910,0.005615,10.908891,4.953739,1.272563,1.216498,0.000712,0.000305,1.945730,0.000329,0.586829,0.002526,0.589176,0.000000,0.000000,0.000000,0,0,0.000000,0.000000,0.000000,0.000000,0.000000,0.000000,0.000000,0.000000,0.000000,0.000000,0.000000,0.000000,0.000000,0.000000,0,0,0,0,0,0.000000,0.000000,0.000000,0.000000,0.000000,0.000000,0.000000,0.000000,0,0,0,0,0
255,0,18.452918,0.334866,0.000000,0.000163,0.500705,2.297404,2.256100,0.083255,0.005690,10.934770,4.935452,1.241353,1.187805,0.000712,0.000305,2.356598,0.000349,0.587806,0.002485,0.589671,0.000000,0.000000,0.000000,0,0,0.000000,0.000000,0.000000,0.000000,0.000000,0.000000,0.000000,0.000000,0.000000,0.000000,0.000000,0.000000,0.000000,0.000000,0,0,0,0,0,0.000000,0.000000,0.000000,0.000000,0.000000,0.000000,0.000000,0.000000,0,0,0,0,0
256,0,17.987891,0.385349,0.000000,0.000190,0.500115,2.299174,2.288144,0.085473,0.005636,10.788917,4.960849,1.235616,1.149546,0.000712,0.000305,1.930349,0.000492,0.647987,0.002452,0.583886,0.000000,0.000000,0.000000,0,0,0.000000,0.000000,0.000000,0.000000,0.000000,0.000000,0.000000,0.000000,0.000000,0.000000,0.000000,0.000000,0.000000,0.000000,0,0,0,0,0,0.000000,0.000000,0.000000,0.000000,0.000000,0.000000,0.000000,0.000000,0,0,0,0,0
257,0,18.472246,0.359565,0.000000,0.000190,0.505141,2.267029,2.255958,0.083316,0.005690,11.007952,4.854902,1.237522,1.182848,0.000712,0.000305,2.309662,0.000329,0.586605,0.002526,0.613190,0.000000,0.000000,0.000000,0,0,0.000000,0.000000,0.000000,0.000000,0.000000,0.000000,0.000000,0.000000,0.000000,0.000000,0.000000,0.000000,0.000000,0.000000,0,0,0,0,0,0.000000,0.000000,0.000000,0.000000,0.000000,0.000000,0.000000,0.000000,0,0,0,0,0
258,0,18.520749,0.419169,0.000000,0.000190,0.529575,2.263692,2.252377,0.084578,0.005656,10.866818,4.727726,1.274136,1.220561,0.000692,0.000305,2.379011,0.000329,0.588437,0.002404,0.586782,0.000000,0.000000,0.000000,0,0,0.000000,0.000000,0.000000,0.000000,0.000000,0.000000,0.000000,0.000000,0.000000,0.000000,0.000000,0.000000,0.000000,0.000000,0,0,0,0,0,0.000000,0.000000,0.000000,0.000000,0.000000,0.000000,0.000000,0.000000,0,0,0,0,0
259,0,17.930376,0.336127,0.000000,0.000163,0.514804,2.194607,2.183556,0.083093,0.005615,10.984412,4.895406,1.237705,1.183845,0.000712,0.000305,1.868256,0.000349,0.596310,0.002404,0.665395,0.000000,0.000000,0.000000,0,0,0.000000,0.000000,0.000000,0.000000,0.000000,0.000000,0.000000,0.000000,0.000000,0.000000,0.000000,0.000000,0.000000,0.000000,0,0,0,0,0,0.000000,0.000000,0.000000,0.000000,0.000000,0.000000,0.000000,0.000000,0,0,0,0,0
260,0,18.558306,0.429660,0.000000,0.000190,0.497104,2.269674,2.258460,0.082279,0.005636,11.040951,4.930806,1.238892,1.184672,0.000712,0.000305,2.298289,0.000390,0.586626,0.002418,0.629662,0.000000,0.000000,0.000000,0,0,0.000000,0.000000,0.000000,0.000000,0.000000,0.000000,0.000000,0.000000,0.000000,0.000000,0.000000,0.000000,0.000000,0.000000,0,0,0,0,0,0.000000,0.000000,0.000000,0.000000,0.000000,0.000000,0.000000,0.000000,0,0,0,0,0
261,0,18.364139,0.336758,0.000000,0.000163,0.511102,2.281047,2.269853,0.119327,0.005649,10.832570,4.901805,1.239210,1.184781,0.000746,0.000298,2.336246,0.000349,0.593625,0.002384,0.586063,0.000000,0.000000,0.000000,0,0,0.000000,0.000000,0.000000,0.000000,0.000000,0.000000,0.000000,0.000000,0.000000,0.000000,0.000000,0.000000,0.000000,0.000000,0,0,0,0,0,0.000000,0.000000,0.000000,0.000000,0.000000,0.000000,0.000000,0.000000,0,0,0,0,0
262,0,18.110531,0.419651,0.000000,0.000190,0.524611,2.192403,2.181312,0.082971,0.005595,10.972836,5.022207,1.238295,1.184326,0.000712,0.000305,1.933807,0.000349,0.630720,0.002424,0.584802,0.000000,0.000000,0.000000,0,0,0.000000,0.000000,0.000000,0.000000,0.000000,0.000000,0.000000,0.000000,0.000000,0.000000,0.000000,0.000000,0.000000,0.000000,0,0,0,0,0,0.000000,0.000000,0.000000,0.000000,0.000000,0.000000,0.000000,0.000000,0,0,0,0,0
263,0,17.418840,0.004069,0.000000,0.000163,0.402174,2.289571,2.218706,0.084598,0.005575,10.736894,4.880832,1.232910,1.150377,0.000712,0.000305,1.963328,0.000349,0.590308,0.002547,0.581757,0.000000,0.000000,0.000000,0,0,0.000000,0.000000,0.000000,0.000000,0.000000,0.000000,0.000000,0.000000,0.000000,0.000000,0.000000,0.000000,0.000000,0.000000,0,0,0,0,0,0.000000,0.000000,0.000000,0.000000,0.000000,0.000000,0.000000,0.000000,0,0,0,0,0
264,0,17.678199,0.088474,0.000000,0.000190,0.444892,2.309903,2.298886,0.085290,0.005615,10.807410,4.805478,1.237162,1.153829,0.000692,0.000305,1.963409,0.000329,0.626563,0.002431,0.587575,0.000000,0.000000,0.000000,0,0,0.000000,0.000000,0.000000,0.000000,0.000000,0.000000,0.000000,0.000000,0.000000,0.000000,0.000000,0.000000,0.000000,0.000000,0,0,0,0,0,0.000000,0.000000,0.000000,0.000000,0.000000,0.000000,0.000000,0.000000,0,0,0,0,0
265,0,18.492733,0.333015,0.000000,0.000163,0.466566,2.278646,2.267744,0.085107,0.005656,10.916575,4.872494,1.273458,1.217021,0.000746,0.000298,2.410567,0.000342,0.613481,0.002567,0.586856,0.000000,0.000000,0.000000,0,0,0.000000,0.000000,0.000000,0.000000,0.000000,0.000000,0.000000,0.000000,0.000000,0.000000,0.000000,0.000000,0.000000,0.000000,0,0,0,0,0,0.000000,0.000000,0.000000,0.000000,0.000000,0.000000,0.000000,0.000000,0,0,0,0,0
266,0,18.228899,0.420953,0.000000,0.000190,0.509332,2.278666,2.267582,0.083866,0.007304,11.023434,4.917447,1.236450,1.182007,0.000746,0.000298,1.885685,0.000329,0.636227,0.002485,0.629079,0.000000,0.000000,0.000000,0,0,0.000000,0.000000,0.000000,0.000000,0.000000,0.000000,0.000000,0.000000,0.000000,0.000000,0.000000,0.000000,0.000000,0.000000,0,0,0,0,0,0.000000,0.000000,0.000000,0.000000,0.000000,0.000000,0.000000,0.000000,0,0,0,0,0
267,0,17.996619,0.337206,0.000000,0.000163,0.496514,2.269552,2.258480,0.083194,0.006300,10.917660,4.951603,1.236877,1.182861,0.000692,0.000305,1.868846,0.000363,0.608314,0.002465,0.627635,0.000000,0.000000,0.000000,0,0,0.000000,0.000000,0.000000,0.000000,0.000000,0.000000,0.000000,0.000000,0.000000,0.000000,0.000000,0.000000,0.000000,0.000000,0,0,0,0,0,0.000000,0.000000,0.000000,0.000000,0.000000,0.000000,0.000000,0.000000,0,0,0,0,0
268,0,18.527523,0.419630,0.000000,0.000190,0.509311,2.268229,2.257117,0.082543,0.005636,10.970876,4.845723,1.236593,1.182034,0.000712,0.000305,2.327538,0.000390,0.598182,0.002438,0.586843,0.000000,0.000000,0.000000,0,0,0.000000,0.000000,0.000000,0.000000,0.000000,0.000000,0.000000,0.000000,0.000000,0.000000,0.000000,0.000000,0.000000,0.000000,0,0,0,0,0,0.000000,0.000000,0.000000,0.000000,0.000000,0.000000,0.000000,0.000000,0,0,0,0,0
269,0,17.881873,0.297879,0.000000,0.000163,0.543572,2.299886,2.288937,0.083662,0.005629,10.757178,4.889642,1.235514,1.181030,0.000746,0.000298,1.923669,0.000349,0.625471,0.002465,0.583059,0.000000,0.000000,0.000000,0,0,0.000000,0.000000,0.000000,0.000000,0.000000,0.000000,0.000000,0.000000,0.000000,0.000000,0.000000,0.000000,0.000000,0.000000,0,0,0,0,0,0.000000,0.000000,0.000000,0.000000,0.000000,0.000000,0.000000,0.000000,0,0,0,0,0
270,0,18.463335,0.422499,0.000000,0.000190,0.508416,2.266724,2.255653,0.133833,0.005710,10.846303,4.871443,1.235101,1.181159,0.000692,0.000305,2.337819,0.000349,0.598121,0.002547,0.588423,0.000000,0.000000,0.000000,0,0,0.000000,0.000000,0.000000,0.000000,0.000000,0.000000,0.000000,0.000000,0.000000,0.000000,0.000000,0.000000,0.000000,0.000000,0,0,0,0,0,0.000000,0.000000,0.000000,0.000000,0.000000,0.000000,0.000000,0.000000,0,0,0,0,0
271,0,17.955868,0.335151,0.000000,0.000163,0.501031,2.262533,2.251441,0.083540,0.005547,10.928972,5.001160,1.238776,1.184374,0.000712,0.000305,1.904504,0.000349,0.586138,0.002648,0.597076,0.000000,0.000000,0.000000,0,0,0.000000,0.000000,0.000000,0.000000,0.000000,0.000000,0.000000,0.000000,0.000000,0.000000,0.000000,0.000000,0.000000,0.000000,0,0,0,0,0,0.000000,0.000000,0.000000,0.000000,0.000000,0.000000,0.000000,0.000000,0,0,0,0,0
272,0,18.129127,0.089308,0.000000,0.000190,0.473626,2.266900,2.255429,0.083499,0.005649,10.908932,4.977726,1.237088,1.183275,0.000712,0.000305,2.366038,0.000390,0.588538,0.002418,0.590892,0.000000,0.000000,0.000000,0,0,0.000000,0.000000,0.000000,0.000000,0.000000,0.000000,0.000000,0.000000,0.000000,0.000000,0.000000,0.000000,0.000000,0.000000,0,0,0,0,0,0.000000,0.000000,0.000000,0.000000,0.000000,0.000000,0.000000,0.000000,0,0,0,0,0
273,0,17.943804,0.004008,0.000000,0.000163,0.452705,2.267320,2.256243,0.122643,0.005859,10.816525,4.914052,1.237773,1.182882,0.000746,0.000298,2.335005,0.000349,0.593177,0.002404,0.581587,0.000000,0.000000,0.000000,0,0,0.000000,0.000000,0.000000,0.000000,0.000000,0.000000,0.000000,0.000000,0.000000,0.000000,0.000000,0.000000,0.000000,0.000000,0,0,0,0,0,0.000000,0.000000,0.000000,0.000000,0.000000,0.000000,0.000000,0.000000,0,0,0,0,0
274,0,18.066993,0.419447,0.000000,0.000190,0.502984,2.255880,2.244707,0.083235,0.005758,10.941688,4.970218,1.237020,1.182719,0.000746,0.000298,1.926069,0.000329,0.585405,0.002424,0.610518,0.000000,0.000000,0.000000,0,0,0.000000,0.000000,0.000000,0.000000,0.000000,0.000000,0.000000,0.000000,0.000000,0.000000,0.000000,0.000000,0.000000,0.000000,0,0,0,0,0,0.000000,0.000000,0.000000,0.000000,0.000000,0.000000,0.000000,0.000000,0,0,0,0,0
275,0,18.190264,0.299140,0.000000,0.000163,0.536533,2.250895,2.239926,0.121952,0.005608,10.750363,4.812459,1.236674,1.182353,0.000712,0.000305,2.294525,0.000363,0.585853,0.002492,0.588253,0.000000,0.000000,0.000000,0,0,0.000000,0.000000,0.000000,0.000000,0.000000,0.000000,0.000000,0.000000,0.000000,0.000000,0.000000,0.000000,0.000000,0.000000,0,0,0,0,0,0.000000,0.000000,0.000000,0.000000,0.000000,0.000000,0.000000,0.000000,0,0,0,0,0
276,0,18.106523,0.422112,0.000000,0.000190,0.509006,2.303162,2.292138,0.143945,0.005737,10.823992,4.922563,1.234253,1.180501,0.000746,0.000298,1.900455,0.000390,0.655087,0.002479,0.585229,0.000000,0.000000,0.000000,0,0,0.000000,0.000000,0.000000,0.000000,0.000000,0.000000,0.000000,0.000000,0.000000,0.000000,0.000000,0.000000,0.000000,0.000000,0,0,0,0,0,0.000000,0.000000,0.000000,0.000000,0.000000,0.000000,0.000000,0.000000,0,0,0,0,0
277,0,17.563371,0.003791,0.000000,0.000163,0.459242,2.244853,2.233761,0.082550,0.008023,10.886837,4.792837,1.251845,1.199307,0.000692,0.000305,1.885793,0.000349,0.595313,0.002424,0.587975,0.000000,0.000000,0.000000,0,0,0.000000,0.000000,0.000000,0.000000,0.000000,0.000000,0.000000,0.000000,0.000000,0.000000,0.000000,0.000000,0.000000,0.000000,0,0,0,0,0,0.000000,0.000000,0.000000,0.000000,0.000000,0.000000,0.000000,0.000000,0,0,0,0,0
278,0,18.098385,0.420858,0.000000,0.000190,0.545729,2.240824,2.229753,0.085453,0.005663,10.882036,4.884786,1.273085,1.181247,0.000712,0.000305,1.948944,0.000329,0.586422,0.002411,0.587467,0.000000,0.000000,0.000000,0,0,0.000000,0.000000,0.000000,0.000000,0.000000,0.000000,0.000000,0.000000,0.000000,0.000000,0.000000,0.000000,0.000000,0.000000,0,0,0,0,0,0.000000,0.000000,0.000000,0.000000,0.000000,0.000000,0.000000,0.000000,0,0,0,0,0
279,0,19.044593,0.299995,0.000000,0.000163,0.501702,2.264913,2.253842,0.085412,0.005568,10.897315,4.831455,1.887655,0.993228,0.000793,0.000305,2.403656,0.000363,0.588843,0.002485,0.587941,0.000000,0.000000,0.000000,0,0,0.000000,0.000000,0.000000,0.000000,0.000000,0.000000,0.000000,0.000000,0.000000,0.000000,0.000000,0.000000,0.000000,0.000000,0,0,0,0,0,0.000000,0.000000,0.000000,0.000000,0.000000,0.000000,0.000000,0.000000,0,0,0,0,0
280,0,18.069129,0.420207,0.000000,0.000251,0.503737,2.279297,2.268328,0.083771,0.005771,10.930511,4.863332,1.237047,1.182678,0.000746,0.000298,1.912845,0.000390,0.586300,0.002499,0.615401,0.000000,0.000000,0.000000,0,0,0.000000,0.000000,0.000000,0.000000,0.000000,0.000000,0.000000,0.000000,0.000000,0.000000,0.000000,0.000000,0.000000,0.000000,0,0,0,0,0,0.000000,0.000000,0.000000,0.000000,0.000000,0.000000,0.000000,0.000000,0,0,0,0,0
281,0,17.900041,0.335639,0.000000,0.000163,0.543471,2.256924,2.245880,0.123579,0.005710,10.789385,4.843441,1.237162,1.181851,0.000746,0.000298,1.898773,0.000349,0.600752,0.002404,0.631317,0.000000,0.000000,0.000000,0,0,0.000000,0.000000,0.000000,0.000000,0.000000,0.000000,0.000000,0.000000,0.000000,0.000000,0.000000,0.000000,0.000000,0.000000,0,0,0,0,0,0.000000,0.000000,0.000000,0.000000,0.000000,0.000000,0.000000,0.000000,0,0,0,0,0
282,0,18.526689,0.421299,0.000000,0.000203,0.500848,2.273315,2.262224,0.082767,0.006198,10.915870,4.928555,1.237630,1.183004,0.000712,0.000305,2.325531,0.000349,0.592750,0.002404,0.586938,0.000000,0.000000,0.000000,0,0,0.000000,0.000000,0.000000,0.000000,0.000000,0.000000,0.000000,0.000000,0.000000,0.000000,0.000000,0.000000,0.000000,0.000000,0,0,0,0,0,0.000000,0.000000,0.000000,0.000000,0.000000,0.000000,0.000000,0.000000,0,0,0,0,0
283,0,17.733680,0.298408,0.000000,0.000163,0.499281,2.257935,2.246762,0.086470,0.005568,10.780941,4.847612,1.236667,1.182943,0.000712,0.000332,1.859616,0.000505,0.599538,0.002485,0.662465,0.000000,0.000000,0.000000,0,0,0.000000,0.000000,0.000000,0.000000,0.000000,0.000000,0.000000,0.000000,0.000000,0.000000,0.000000,0.000000,0.000000,0.000000,0,0,0,0,0,0.000000,0.000000,0.000000,0.000000,0.000000,0.000000,0.000000,0.000000,0,0,0,0,0
284,0,18.351213,0.423882,0.000000,0.000190,0.537164,2.255147,2.244219,0.124251,0.005751,10.774350,4.806654,1.236993,1.183133,0.000746,0.000298,2.299340,0.000390,0.585893,0.002418,0.587568,0.000000,0.000000,0.000000,0,0,0.000000,0.000000,0.000000,0.000000,0.000000,0.000000,0.000000,0.000000,0.000000,0.000000,0.000000,0.000000,0.000000,0.000000,0,0,0,0,0,0.000000,0.000000,0.000000,0.000000,0.000000,0.000000,0.000000,0.000000,0,0,0,0,0
285,0,18.539954,0.334764,0.000000,0.000163,0.506036,2.282633,2.271583,0.084232,0.005649,11.066505,5.066606,1.239868,1.185486,0.000732,0.000305,2.327037,0.000349,0.583778,0.002424,0.583588,0.000000,0.000000,0.000000,0,0,0.000000,0.000000,0.000000,0.000000,0.000000,0.000000,0.000000,0.000000,0.000000,0.000000,0.000000,0.000000,0.000000,0.000000,0,0,0,0,0,0.000000,0.000000,0.000000,0.000000,0.000000,0.000000,0.000000,0.000000,0,0,0,0,0
286,0,18.266761,0.385654,0.000000,0.000190,0.502394,2.247884,2.236711,0.085656,0.005669,10.781186,4.837507,1.239516,1.185520,0.000712,0.000305,2.316071,0.000329,0.593747,0.002465,0.628632,0.000000,0.000000,0.000000,0,0,0.000000,0.000000,0.000000,0.000000,0.000000,0.000000,0.000000,0.000000,0.000000,0.000000,0.000000,0.000000,0.000000,0.000000,0,0,0,0,0,0.000000,0.000000,0.000000,0.000000,0.000000,0.000000,0.000000,0.000000,0,0,0,0,0
287,0,17.972314,0.336134,0.000000,0.000163,0.517124,2.270142,2.258887,0.082306,0.005588,10.892290,5.022475,1.238770,1.184252,0.000692,0.000305,1.933902,0.000465,0.586578,0.002506,0.583845,0.000000,0.000000,0.000000,0,0,0.000000,0.000000,0.000000,0.000000,0.000000,0.000000,0.000000,0.000000,0.000000,0.000000,0.000000,0.000000,0.000000,0.000000,0,0,0,0,0,0.000000,0.000000,0.000000,0.000000,0.000000,0.000000,0.000000,0.000000,0,0,0,0,0
288,0,18.659136,0.383477,0.000000,0.000203,0.502231,2.335856,2.324744,0.084598,0.005669,11.053477,4.960992,1.264615,1.188036,0.000692,0.000366,2.334218,0.000390,0.585303,0.002424,0.583032,0.000000,0.000000,0.000000,0,0,0.000000,0.000000,0.000000,0.000000,0.000000,0.000000,0.000000,0.000000,0.000000,0.000000,0.000000,0.000000,0.000000,0.000000,0,0,0,0,0,0.000000,0.000000,0.000000,0.000000,0.000000,0.000000,0.000000,0.000000,0,0,0,0,0
289,0,17.992611,0.360331,0.000000,0.000163,0.524468,2.214681,2.203610,0.082706,0.005649,10.984656,4.816525,1.237562,1.182882,0.000712,0.000305,1.881032,0.000390,0.592038,0.002404,0.627567,0.000000,0.000000,0.000000,0,0,0.000000,0.000000,0.000000,0.000000,0.000000,0.000000,0.000000,0.000000,0.000000,0.000000,0.000000,0.000000,0.000000,0.000000,0,0,0,0,0,0.000000,0.000000,0.000000,0.000000,0.000000,0.000000,0.000000,0.000000,0,0,0,0,0
290,0,18.071204,0.420044,0.000000,0.000197,0.539198,2.252869,2.241635,0.083581,0.005649,10.846310,4.923550,1.272339,1.218797,0.000746,0.000298,1.955204,0.000329,0.586422,0.002526,0.588206,0.000000,0.000000,0.000000,0,0,0.000000,0.000000,0.000000,0.000000,0.000000,0.000000,0.000000,0.000000,0.000000,0.000000,0.000000,0.000000,0.000000,0.000000,0,0,0,0,0,0.000000,0.000000,0.000000,0.000000,0.000000,0.000000,0.000000,0.000000,0,0,0,0,0
291,0,17.818620,0.299791,0.000000,0.000163,0.534743,2.243123,2.232134,0.123742,0.005697,10.814572,4.797109,1.223877,1.169800,0.000678,0.000305,1.877757,0.000349,0.586321,0.002465,0.626048,0.000000,0.000000,0.000000,0,0,0.000000,0.000000,0.000000,0.000000,0.000000,0.000000,0.000000,0.000000,0.000000,0.000000,0.000000,0.000000,0.000000,0.000000,0,0,0,0,0,0.000000,0.000000,0.000000,0.000000,0.000000,0.000000,0.000000,0.000000,0,0,0,0,0
292,0,18.511776,0.443556,0.000000,0.000190,0.522597,2.212850,2.201738,0.083072,0.005595,11.012346,4.899431,1.236810,1.182617,0.000712,0.000305,2.300140,0.000390,0.585527,0.002391,0.627085,0.000000,0.000000,0.000000,0,0,0.000000,0.000000,0.000000,0.000000,0.000000,0.000000,0.000000,0.000000,0.000000,0.000000,0.000000,0.000000,0.000000,0.000000,0,0,0,0,0,0.000000,0.000000,0.000000,0.000000,0.000000,0.000000,0.000000,0.000000,0,0,0,0,0
293,0,17.836585,0.299486,0.000000,0.000190,0.510267,2.316264,2.305315,0.086233,0.005636,10.755937,4.852041,1.237976,1.183716,0.000807,0.000298,1.879106,0.000349,0.636492,0.002404,0.626495,0.000000,0.000000,0.000000,0,0,0.000000,0.000000,0.000000,0.000000,0.000000,0.000000,0.000000,0.000000,0.000000,0.000000,0.000000,0.000000,0.000000,0.000000,0,0,0,0,0,0.000000,0.000000,0.000000,0.000000,0.000000,0.000000,0.000000,0.000000,0,0,0,0,0
294,0,18.095659,0.423130,0.000000,0.000190,0.508192,2.252319,2.241187,0.084354,0.006015,10.881209,4.821292,1.237759,1.183865,0.000712,0.000305,1.914439,0.000349,0.640750,0.002445,0.582381,0.000000,0.000000,0.000000,0,0,0.000000,0.000000,0.000000,0.000000,0.000000,0.000000,0.000000,0.000000,0.000000,0.000000,0.000000,0.000000,0.000000,0.000000,0,0,0,0,0,0.000000,0.000000,0.000000,0.000000,0.000000,0.000000,0.000000,0.000000,0,0,0,0,0
295,0,18.435015,0.347595,0.000000,0.000163,0.462477,2.271654,2.224382,0.085941,0.005534,10.931129,4.771396,1.271362,1.217251,0.000746,0.000298,2.360396,0.000471,0.589210,0.002458,0.628367,0.000000,0.000000,0.000000,0,0,0.000000,0.000000,0.000000,0.000000,0.000000,0.000000,0.000000,0.000000,0.000000,0.000000,0.000000,0.000000,0.000000,0.000000,0,0,0,0,0,0.000000,0.000000,0.000000,0.000000,0.000000,0.000000,0.000000,0.000000,0,0,0,0,0
296,0,17.947974,0.385898,0.000000,0.000224,0.501946,2.299547,2.288367,0.086578,0.005669,10.777788,4.918559,1.238193,1.184469,0.000807,0.000298,1.895287,0.000390,0.648007,0.002533,0.583988,0.000000,0.000000,0.000000,0,0,0.000000,0.000000,0.000000,0.000000,0.000000,0.000000,0.000000,0.000000,0.000000,0.000000,0.000000,0.000000,0.000000,0.000000,0,0,0,0,0,0.000000,0.000000,0.000000,0.000000,0.000000,0.000000,0.000000,0.000000,0,0,0,0,0
297,0,18.454647,0.337002,0.000000,0.000163,0.524672,2.215312,2.204200,0.082665,0.005781,10.990699,4.931118,1.237895,1.183105,0.000692,0.000305,2.330821,0.000349,0.620731,0.002492,0.586199,0.000000,0.000000,0.000000,0,0,0.000000,0.000000,0.000000,0.000000,0.000000,0.000000,0.000000,0.000000,0.000000,0.000000,0.000000,0.000000,0.000000,0.000000,0,0,0,0,0,0.000000,0.000000,0.000000,0.000000,0.000000,0.000000,0.000000,0.000000,0,0,0,0,0
298,0,18.175676,0.438578,0.000000,0.000190,0.505914,2.269572,2.258501,0.084944,0.005568,11.043271,4.816050,1.238519,1.184760,0.000712,0.000305,1.886790,0.000329,0.593340,0.002506,0.658895,0.000000,0.000000,0.000000,0,0,0.000000,0.000000,0.000000,0.000000,0.000000,0.000000,0.000000,0.000000,0.000000,0.000000,0.000000,0.000000,0.000000,0.000000,0,0,0,0,0,0.000000,0.000000,0.000000,0.000000,0.000000,0.000000,0.000000,0.000000,0,0,0,0,0
299,0,18.362769,0.336799,0.000000,0.000163,0.499525,2.298503,2.287289,0.114424,0.005717,10.844337,4.857168,1.235677,1.181498,0.000766,0.000298,2.323164,0.000349,0.595150,0.002485,0.737518,0.000000,0.000000,0.000000,0,0,0.000000,0.000000,0.000000,0.000000,0.000000,0.000000,0.000000,0.000000,0.000000,0.000000,0.000000,0.000000,0.000000,0.000000,0,0,0,0,0,0.000000,0.000000,0.000000,0.000000,0.000000,0.000000,0.000000,0.000000,0,0,0,0,0
300,0,18.547034,0.419712,0.000000,0.000203,0.523349,2.216858,2.205726,0.083337,0.005575,10.954274,4.977098,1.236884,1.182502,0.000712,0.000305,2.360992,0.000390,0.636939,0.002465,0.588816,0.000000,0.000000,0.000000,0,0,0.000000,0.000000,0.000000,0.000000,0.000000,0.000000,0.000000,0.000000,0.000000,0.000000,0.000000,0.000000,0.000000,0.000000,0,0,0,0,0,0.000000,0.000000,0.000000,0.000000,0.000000,0.000000,0.000000,0.000000,0,0,0,0,0
301,0,17.831906,0.299466,0.000000,0.000163,0.529616,2.254089,2.243181,0.125512,0.005751,10.795671,4.825894,1.236776,1.182434,0.000773,0.000332,1.894535,0.000383,0.581635,0.002513,0.626855,0.000000,0.000000,0.000000,0,0,0.000000,0.000000,0.000000,0.000000,0.000000,0.000000,0.000000,0.000000,0.000000,0.000000,0.000000,0.000000,0.000000,0.000000,0,0,0,0,0,0.000000,0.000000,0.000000,0.000000,0.000000,0.000000,0.000000,0.000000,0,0,0,0,0
302,0,18.505530,0.422845,0.000000,0.000190,0.504123,2.263245,2.252153,0.150231,0.005690,10.868113,4.867889,1.236254,1.182007,0.000712,0.000305,2.351227,0.000329,0.593984,0.002404,0.586694,0.000000,0.000000,0.000000,0,0,0.000000,0.000000,0.000000,0.000000,0.000000,0.000000,0.000000,0.000000,0.000000,0.000000,0.000000,0.000000,0.000000,0.000000,0,0,0,0,0,0.000000,0.000000,0.000000,0.000000,0.000000,0.000000,0.000000,0.000000,0,0,0,0,0
303,0,17.817746,0.297594,0.000000,0.000163,0.503208,2.262817,2.251746,0.085758,0.005758,10.797889,4.752231,1.235263,1.181864,0.000671,0.000305,1.893321,0.000485,0.626821,0.002567,0.625471,0.000000,0.000000,0.000000,0,0,0.000000,0.000000,0.000000,0.000000,0.000000,0.000000,0.000000,0.000000,0.000000,0.000000,0.000000,0.000000,0.000000,0.000000,0,0,0,0,0,0.000000,0.000000,0.000000,0.000000,0.000000,0.000000,0.000000,0.000000,0,0,0,0,0
304,0,17.991350,0.418125,0.000000,0.000190,0.507907,2.303955,2.292857,0.085636,0.005547,10.783444,4.962674,1.238057,1.184001,0.000746,0.000298,1.888736,0.000390,0.650143,0.002418,0.635298,0.000000,0.000000,0.000000,0,0,0.000000,0.000000,0.000000,0.000000,0.000000,0.000000,0.000000,0.000000,0.000000,0.000000,0.000000,0.000000,0.000000,0.000000,0,0,0,0,0,0.000000,0.000000,0.000000,0.000000,0.000000,0.000000,0.000000,0.000000,0,0,0,0,0
305,0,18.471839,0.337653,0.000000,0.000163,0.524631,2.238607,2.227495,0.082848,0.008450,10.952328,4.783369,1.235677,1.180990,0.000712,0.000305,2.322866,0.000485,0.595164,0.002485,0.585175,0.000000,0.000000,0.000000,0,0,0.000000,0.000000,0.000000,0.000000,0.000000,0.000000,0.000000,0.000000,0.000000,0.000000,0.000000,0.000000,0.000000,0.000000,0,0,0,0,0,0.000000,0.000000,0.000000,0.000000,0.000000,0.000000,0.000000,0.000000,0,0,0,0,0
306,0,18.127906,0.421265,0.000000,0.000197,0.507073,2.271647,2.260535,0.084863,0.005568,10.961748,4.894687,1.257962,1.205119,0.000712,0.000305,1.923411,0.000329,0.584612,0.002506,0.584056,0.000000,0.000000,0.000000,0,0,0.000000,0.000000,0.000000,0.000000,0.000000,0.000000,0.000000,0.000000,0.000000,0.000000,0.000000,0.000000,0.000000,0.000000,0,0,0,0,0,0.000000,0.000000,0.000000,0.000000,0.000000,0.000000,0.000000,0.000000,0,0,0,0,0
307,0,17.957414,0.336697,0.000000,0.000285,0.499179,2.258362,2.247230,0.121016,0.005853,10.906674,4.911923,1.233487,1.179769,0.000692,0.000305,1.855296,0.000349,0.605730,0.002485,0.627187,0.000000,0.000000,0.000000,0,0,0.000000,0.000000,0.000000,0.000000,0.000000,0.000000,0.000000,0.000000,0.000000,0.000000,0.000000,0.000000,0.000000,0.000000,0,0,0,0,0,0.000000,0.000000,0.000000,0.000000,0.000000,0.000000,0.000000,0.000000,0,0,0,0,0
308,0,18.007890,0.423862,0.000000,0.000190,0.516656,2.213643,2.202491,0.082401,0.005731,10.947995,4.836667,1.239461,1.185499,0.000793,0.000305,1.874400,0.000383,0.594635,0.002363,0.602766,0.000000,0.000000,0.000000,0,0,0.000000,0.000000,0.000000,0.000000,0.000000,0.000000,0.000000,0.000000,0.000000,0.000000,0.000000,0.000000,0.000000,0.000000,0,0,0,0,0,0.000000,0.000000,0.000000,0.000000,0.000000,0.000000,0.000000,0.000000,0,0,0,0,0
309,0,18.460283,0.296963,0.000000,0.000163,0.543898,2.282430,2.235063,0.084639,0.005615,10.892209,4.896027,1.272583,1.216370,0.000692,0.000305,2.384084,0.000329,0.588416,0.002526,0.598317,0.000000,0.000000,0.000000,0,0,0.000000,0.000000,0.000000,0.000000,0.000000,0.000000,0.000000,0.000000,0.000000,0.000000,0.000000,0.000000,0.000000,0.000000,0,0,0,0,0,0.000000,0.000000,0.000000,0.000000,0.000000,0.000000,0.000000,0.000000,0,0,0,0,0
310,0,18.449968,0.421685,0.000000,0.000190,0.507562,2.325114,2.313921,0.083438,0.005615,10.813534,4.963450,1.233663,1.180237,0.000746,0.000298,2.337914,0.000349,0.612769,0.002384,0.633759,0.000000,0.000000,0.000000,0,0,0.000000,0.000000,0.000000,0.000000,0.000000,0.000000,0.000000,0.000000,0.000000,0.000000,0.000000,0.000000,0.000000,0.000000,0,0,0,0,0,0.000000,0.000000,0.000000,0.000000,0.000000,0.000000,0.000000,0.000000,0,0,0,0,0
311,0,17.954430,0.334323,0.000000,0.000190,0.500868,2.248881,2.237735,0.084334,0.005751,10.884823,4.803982,1.273153,1.182244,0.000712,0.000305,1.927012,0.000349,0.585059,0.002608,0.618900,0.000000,0.000000,0.000000,0,0,0.000000,0.000000,0.000000,0.000000,0.000000,0.000000,0.000000,0.000000,0.000000,0.000000,0.000000,0.000000,0.000000,0.000000,0,0,0,0,0,0.000000,0.000000,0.000000,0.000000,0.000000,0.000000,0.000000,0.000000,0,0,0,0,0
312,0,18.623837,0.384657,0.000000,0.000190,0.528619,2.312398,2.301409,0.084537,0.005669,10.950985,4.820262,1.295105,1.239807,0.000692,0.000305,2.365570,0.000383,0.586721,0.002397,0.624949,0.000000,0.000000,0.000000,0,0,0.000000,0.000000,0.000000,0.000000,0.000000,0.000000,0.000000,0.000000,0.000000,0.000000,0.000000,0.000000,0.000000,0.000000,0,0,0,0,0,0.000000,0.000000,0.000000,0.000000,0.000000,0.000000,0.000000,0.000000,0,0,0,0,0
313,0,18.512387,0.335632,0.000000,0.000163,0.506829,2.277201,2.266191,0.082340,0.007263,11.005415,4.922306,1.235555,1.180339,0.000746,0.000298,2.322595,0.000349,0.594092,0.002445,0.585656,0.000000,0.000000,0.000000,0,0,0.000000,0.000000,0.000000,0.000000,0.000000,0.000000,0.000000,0.000000,0.000000,0.000000,0.000000,0.000000,0.000000,0.000000,0,0,0,0,0,0.000000,0.000000,0.000000,0.000000,0.000000,0.000000,0.000000,0.000000,0,0,0,0,0
314,0,18.078183,0.419569,0.000000,0.000190,0.499607,2.263468,2.252262,0.082665,0.005731,10.949358,4.935944,1.237820,1.183716,0.000746,0.000298,1.924706,0.000329,0.586178,0.002424,0.595462,0.000000,0.000000,0.000000,0,0,0.000000,0.000000,0.000000,0.000000,0.000000,0.000000,0.000000,0.000000,0.000000,0.000000,0.000000,0.000000,0.000000,0.000000,0,0,0,0,0,0.000000,0.000000,0.000000,0.000000,0.000000,0.000000,0.000000,0.000000,0,0,0,0,0
315,0,18.232439,0.299608,0.000000,0.000163,0.529575,2.246114,2.235124,0.121382,0.005697,10.800351,4.889381,1.237061,1.182644,0.000814,0.000305,2.297068,0.000349,0.586524,0.002465,0.588104,0.000000,0.000000,0.000000,0,0,0.000000,0.000000,0.000000,0.000000,0.000000,0.000000,0.000000,0.000000,0.000000,0.000000,0.000000,0.000000,0.000000,0.000000,0,0,0,0,0,0.000000,0.000000,0.000000,0.000000,0.000000,0.000000,0.000000,0.000000,0,0,0,0,0
316,0,18.112444,0.417718,0.000000,0.000190,0.503716,2.300130,2.289018,0.084598,0.005507,10.894446,4.996507,1.275513,1.219828,0.000712,0.000305,1.931651,0.000390,0.589508,0.002397,0.601491,0.000000,0.000000,0.000000,0,0,0.000000,0.000000,0.000000,0.000000,0.000000,0.000000,0.000000,0.000000,0.000000,0.000000,0.000000,0.000000,0.000000,0.000000,0,0,0,0,0,0.000000,0.000000,0.000000,0.000000,0.000000,0.000000,0.000000,0.000000,0,0,0,0,0
317,0,17.965654,0.299710,0.000000,0.000163,0.501946,2.294657,2.283749,0.086368,0.005629,10.883989,4.932675,1.273783,1.217251,0.000692,0.000305,1.923452,0.000329,0.586911,0.002424,0.608788,0.000000,0.000000,0.000000,0,0,0.000000,0.000000,0.000000,0.000000,0.000000,0.000000,0.000000,0.000000,0.000000,0.000000,0.000000,0.000000,0.000000,0.000000,0,0,0,0,0,0.000000,0.000000,0.000000,0.000000,0.000000,0.000000,0.000000,0.000000,0,0,0,0,0
318,0,18.374223,0.423130,0.000000,0.000244,0.543613,2.240682,2.229550,0.123803,0.005649,10.789215,4.844455,1.238647,1.184089,0.000692,0.000305,2.317325,0.000329,0.583208,0.002445,0.588877,0.000000,0.000000,0.000000,0,0,0.000000,0.000000,0.000000,0.000000,0.000000,0.000000,0.000000,0.000000,0.000000,0.000000,0.000000,0.000000,0.000000,0.000000,0,0,0,0,0,0.000000,0.000000,0.000000,0.000000,0.000000,0.000000,0.000000,0.000000,0,0,0,0,0
319,0,18.125566,0.333849,0.000000,0.000163,0.501763,2.284424,2.273210,0.082828,0.005608,11.061032,5.001041,1.259766,1.203471,0.000739,0.000298,1.861881,0.000349,0.624325,0.002513,0.630863,0.000000,0.000000,0.000000,0,0,0.000000,0.000000,0.000000,0.000000,0.000000,0.000000,0.000000,0.000000,0.000000,0.000000,0.000000,0.000000,0.000000,0.000000,0,0,0,0,0,0.000000,0.000000,0.000000,0.000000,0.000000,0.000000,0.000000,0.000000,0,0,0,0,0
320,0,17.954709,0.415663,0.000000,0.000190,0.498915,2.276978,2.265825,0.085392,0.005758,10.797462,4.715162,1.237868,1.184028,0.000712,0.000305,1.901947,0.000390,0.625119,0.002424,0.614790,0.000000,0.000000,0.000000,0,0,0.000000,0.000000,0.000000,0.000000,0.000000,0.000000,0.000000,0.000000,0.000000,0.000000,0.000000,0.000000,0.000000,0.000000,0,0,0,0,0,0.000000,0.000000,0.000000,0.000000,0.000000,0.000000,0.000000,0.000000,0,0,0,0,0
321,0,18.027747,0.336494,0.000000,0.000163,0.536085,2.296570,2.285397,0.082665,0.007996,10.896379,4.884033,1.238790,1.184306,0.000746,0.000332,1.892073,0.000349,0.596032,0.002377,0.586165,0.000000,0.000000,0.000000,0,0,0.000000,0.000000,0.000000,0.000000,0.000000,0.000000,0.000000,0.000000,0.000000,0.000000,0.000000,0.000000,0.000000,0.000000,0,0,0,0,0,0.000000,0.000000,0.000000,0.000000,0.000000,0.000000,0.000000,0.000000,0,0,0,0,0
322,0,18.646420,0.420166,0.000000,0.000190,0.505100,2.256104,2.244849,0.085188,0.005649,11.059852,5.007704,1.253567,1.198303,0.000966,0.000298,2.339806,0.000329,0.585324,0.002465,0.586314,0.000000,0.000000,0.000000,0,0,0.000000,0.000000,0.000000,0.000000,0.000000,0.000000,0.000000,0.000000,0.000000,0.000000,0.000000,0.000000,0.000000,0.000000,0,0,0,0,0,0.000000,0.000000,0.000000,0.000000,0.000000,0.000000,0.000000,0.000000,0,0,0,0,0
323,0,17.891890,0.365668,0.000000,0.000163,0.502862,2.236593,2.225583,0.083255,0.006382,10.848507,4.957180,1.236715,1.182583,0.000712,0.000305,1.870392,0.000349,0.595069,0.002445,0.628387,0.000000,0.000000,0.000000,0,0,0.000000,0.000000,0.000000,0.000000,0.000000,0.000000,0.000000,0.000000,0.000000,0.000000,0.000000,0.000000,0.000000,0.000000,0,0,0,0,0,0.000000,0.000000,0.000000,0.000000,0.000000,0.000000,0.000000,0.000000,0,0,0,0,0
324,0,18.446998,0.420566,0.000000,0.000190,0.530918,2.230760,2.219635,0.082652,0.005697,10.894426,5.026299,1.237922,1.183458,0.000712,0.000305,2.346141,0.000390,0.587887,0.002424,0.589216,0.000000,0.000000,0.000000,0,0,0.000000,0.000000,0.000000,0.000000,0.000000,0.000000,0.000000,0.000000,0.000000,0.000000,0.000000,0.000000,0.000000,0.000000,0,0,0,0,0,0.000000,0.000000,0.000000,0.000000,0.000000,0.000000,0.000000,0.000000,0,0,0,0,0
325,0,18.279477,0.300259,0.000000,0.000163,0.506768,2.252848,2.241777,0.125858,0.005710,10.780758,5.044400,1.239054,1.184028,0.000712,0.000305,2.333011,0.000349,0.626706,0.002445,0.584300,0.000000,0.000000,0.000000,0,0,0.000000,0.000000,0.000000,0.000000,0.000000,0.000000,0.000000,0.000000,0.000000,0.000000,0.000000,0.000000,0.000000,0.000000,0,0,0,0,0,0.000000,0.000000,0.000000,0.000000,0.000000,0.000000,0.000000,0.000000,0,0,0,0,0
326,0,17.980065,0.451043,0.000000,0.000190,0.512383,2.257812,2.246680,0.120975,0.005588,10.815976,4.799483,1.229438,1.174967,0.000712,0.000305,1.884288,0.000329,0.593441,0.002465,0.630619,0.000000,0.000000,0.000000,0,0,0.000000,0.000000,0.000000,0.000000,0.000000,0.000000,0.000000,0.000000,0.000000,0.000000,0.000000,0.000000,0.000000,0.000000,0,0,0,0,0,0.000000,0.000000,0.000000,0.000000,0.000000,0.000000,0.000000,0.000000,0,0,0,0,0
327,0,18.454505,0.334642,0.000000,0.000163,0.500617,2.311001,2.299822,0.083357,0.005636,10.929440,4.974592,1.239048,1.184306,0.000712,0.000305,2.352610,0.000349,0.588620,0.002465,0.588986,0.000000,0.000000,0.000000,0,0,0.000000,0.000000,0.000000,0.000000,0.000000,0.000000,0.000000,0.000000,0.000000,0.000000,0.000000,0.000000,0.000000,0.000000,0,0,0,0,0,0.000000,0.000000,0.000000,0.000000,0.000000,0.000000,0.000000,0.000000,0,0,0,0,0
328,0,17.842973,0.385044,0.000000,0.000190,0.502455,2.283691,2.272702,0.083337,0.005737,10.754228,4.850962,1.236694,1.182536,0.000746,0.000298,1.895979,0.000390,0.586158,0.002418,0.647810,0.000000,0.000000,0.000000,0,0,0.000000,0.000000,0.000000,0.000000,0.000000,0.000000,0.000000,0.000000,0.000000,0.000000,0.000000,0.000000,0.000000,0.000000,0,0,0,0,0,0.000000,0.000000,0.000000,0.000000,0.000000,0.000000,0.000000,0.000000,0,0,0,0,0
329,0,19.125994,0.298306,0.000000,0.000163,0.514479,2.341980,2.330658,0.084049,0.005669,10.786577,4.823235,2.059170,1.027266,0.000712,0.000332,2.341122,0.000349,0.584571,0.002424,0.611176,0.000000,0.000000,0.000000,0,0,0.000000,0.000000,0.000000,0.000000,0.000000,0.000000,0.000000,0.000000,0.000000,0.000000,0.000000,0.000000,0.000000,0.000000,0,0,0,0,0,0.000000,0.000000,0.000000,0.000000,0.000000,0.000000,0.000000,0.000000,0,0,0,0,0
330,0,18.106218,0.420227,0.000000,0.000190,0.535882,2.254503,2.243045,0.083622,0.005608,10.929949,4.973328,1.238098,1.183553,0.000854,0.000332,1.943464,0.000329,0.584897,0.002547,0.587087,0.000000,0.000000,0.000000,0,0,0.000000,0.000000,0.000000,0.000000,0.000000,0.000000,0.000000,0.000000,0.000000,0.000000,0.000000,0.000000,0.000000,0.000000,0,0,0,0,0,0.000000,0.000000,0.000000,0.000000,0.000000,0.000000,0.000000,0.000000,0,0,0,0,0
331,0,18.333554,0.335069,0.000000,0.000251,0.505669,2.253866,2.242815,0.121036,0.005629,10.829668,4.880069,1.237623,1.183865,0.000712,0.000305,2.326548,0.000349,0.609616,0.002404,0.586246,0.000000,0.000000,0.000000,0,0,0.000000,0.000000,0.000000,0.000000,0.000000,0.000000,0.000000,0.000000,0.000000,0.000000,0.000000,0.000000,0.000000,0.000000,0,0,0,0,0,0.000000,0.000000,0.000000,0.000000,0.000000,0.000000,0.000000,0.000000,0,0,0,0,0
332,0,18.092099,0.443353,0.000000,0.000190,0.521959,2.211568,2.200517,0.083316,0.005629,10.990089,4.857229,1.255385,1.200094,0.001024,0.000441,1.876468,0.000383,0.594086,0.002506,0.630558,0.000000,0.000000,0.000000,0,0,0.000000,0.000000,0.000000,0.000000,0.000000,0.000000,0.000000,0.000000,0.000000,0.000000,0.000000,0.000000,0.000000,0.000000,0,0,0,0,0,0.000000,0.000000,0.000000,0.000000,0.000000,0.000000,0.000000,0.000000,0,0,0,0,0
333,0,17.887509,0.296902,0.000000,0.000163,0.506110,2.335415,2.324358,0.085941,0.005554,10.777500,4.850362,1.212775,1.159444,0.000746,0.000298,1.945309,0.000349,0.612688,0.002567,0.582408,0.000000,0.000000,0.000000,0,0,0.000000,0.000000,0.000000,0.000000,0.000000,0.000000,0.000000,0.000000,0.000000,0.000000,0.000000,0.000000,0.000000,0.000000,0,0,0,0,0,0.000000,0.000000,0.000000,0.000000,0.000000,0.000000,0.000000,0.000000,0,0,0,0,0
334,0,18.033240,0.422397,0.000000,0.000190,0.509800,2.250916,2.239763,0.120873,0.005792,10.852698,4.958398,1.240845,1.186991,0.000746,0.000298,1.885949,0.000329,0.635095,0.002465,0.619090,0.000000,0.000000,0.000000,0,0,0.000000,0.000000,0.000000,0.000000,0.000000,0.000000,0.000000,0.000000,0.000000,0.000000,0.000000,0.000000,0.000000,0.000000,0,0,0,0,0,0.000000,0.000000,0.000000,0.000000,0.000000,0.000000,0.000000,0.000000,0,0,0,0,0
335,0,17.992733,0.296963,0.000000,0.000163,0.514133,2.264567,2.253496,0.085758,0.005608,10.943661,4.919946,1.271647,1.216804,0.000712,0.000305,1.911916,0.000349,0.589128,0.002465,0.585921,0.000000,0.000000,0.000000,0,0,0.000000,0.000000,0.000000,0.000000,0.000000,0.000000,0.000000,0.000000,0.000000,0.000000,0.000000,0.000000,0.000000,0.000000,0,0,0,0,0,0.000000,0.000000,0.000000,0.000000,0.000000,0.000000,0.000000,0.000000,0,0,0,0,0
336,0,18.391808,0.422031,0.000000,0.000190,0.506158,2.334310,2.323015,0.085371,0.005649,10.760169,4.811927,1.238763,1.183797,0.000712,0.000305,2.335331,0.000383,0.594493,0.002465,0.587568,0.000000,0.000000,0.000000,0,0,0.000000,0.000000,0.000000,0.000000,0.000000,0.000000,0.000000,0.000000,0.000000,0.000000,0.000000,0.000000,0.000000,0.000000,0,0,0,0,0,0.000000,0.000000,0.000000,0.000000,0.000000,0.000000,0.000000,0.000000,0,0,0,0,0
337,0,18.551632,0.333706,0.000000,0.000163,0.504632,2.284851,2.273577,0.084415,0.005568,10.971900,5.043962,1.238322,1.183031,0.000746,0.000298,2.375777,0.000349,0.642921,0.002384,0.586700,0.000000,0.000000,0.000000,0,0,0.000000,0.000000,0.000000,0.000000,0.000000,0.000000,0.000000,0.000000,0.000000,0.000000,0.000000,0.000000,0.000000,0.000000,0,0,0,0,0,0.000000,0.000000,0.000000,0.000000,0.000000,0.000000,0.000000,0.000000,0,0,0,0,0
338,0,17.918128,0.419569,0.000000,0.000190,0.527093,2.263000,2.251909,0.086226,0.005758,10.800127,4.815379,1.225138,1.170959,0.000746,0.000298,1.897444,0.000349,0.583961,0.002485,0.627262,0.000000,0.000000,0.000000,0,0,0.000000,0.000000,0.000000,0.000000,0.000000,0.000000,0.000000,0.000000,0.000000,0.000000,0.000000,0.000000,0.000000,0.000000,0,0,0,0,0,0.000000,0.000000,0.000000,0.000000,0.000000,0.000000,0.000000,0.000000,0,0,0,0,0
339,0,18.456743,0.336148,0.000000,0.000163,0.504367,2.292948,2.281782,0.121090,0.007507,10.896420,4.909217,1.238071,1.183858,0.000712,0.000305,2.334991,0.000465,0.587555,0.002547,0.584964,0.000000,0.000000,0.000000,0,0,0.000000,0.000000,0.000000,0.000000,0.000000,0.000000,0.000000,0.000000,0.000000,0.000000,0.000000,0.000000,0.000000,0.000000,0,0,0,0,0,0.000000,0.000000,0.000000,0.000000,0.000000,0.000000,0.000000,0.000000,0,0,0,0,0
340,0,18.597375,0.420715,0.000000,0.000244,0.502862,2.278931,2.267636,0.083642,0.005615,10.938331,4.982741,1.237047,1.182699,0.000746,0.000298,2.377424,0.000390,0.642778,0.002492,0.587955,0.000000,0.000000,0.000000,0,0,0.000000,0.000000,0.000000,0.000000,0.000000,0.000000,0.000000,0.000000,0.000000,0.000000,0.000000,0.000000,0.000000,0.000000,0,0,0,0,0,0.000000,0.000000,0.000000,0.000000,0.000000,0.000000,0.000000,0.000000,0,0,0,0,0
341,0,17.958635,0.334927,0.000000,0.000163,0.512709,2.277222,2.266157,0.125044,0.005792,10.803463,4.850437,1.236891,1.181912,0.000712,0.000305,1.911936,0.000444,0.642303,0.002567,0.582855,0.000000,0.000000,0.000000,0,0,0.000000,0.000000,0.000000,0.000000,0.000000,0.000000,0.000000,0.000000,0.000000,0.000000,0.000000,0.000000,0.000000,0.000000,0,0,0,0,0,0.000000,0.000000,0.000000,0.000000,0.000000,0.000000,0.000000,0.000000,0,0,0,0,0
342,0,18.553572,0.426371,0.000000,0.000264,0.508172,2.312581,2.301056,0.082116,0.005649,10.928565,4.814606,1.238546,1.184570,0.000746,0.000298,2.358870,0.000329,0.583615,0.002424,0.588287,0.000000,0.000000,0.000000,0,0,0.000000,0.000000,0.000000,0.000000,0.000000,0.000000,0.000000,0.000000,0.000000,0.000000,0.000000,0.000000,0.000000,0.000000,0,0,0,0,0,0.000000,0.000000,0.000000,0.000000,0.000000,0.000000,0.000000,0.000000,0,0,0,0,0
343,0,17.754839,0.299059,0.000000,0.000163,0.505039,2.240194,2.229021,0.123050,0.005676,10.797014,4.856713,1.216885,1.163920,0.000787,0.000298,1.866072,0.000349,0.593285,0.002526,0.631554,0.000000,0.000000,0.000000,0,0,0.000000,0.000000,0.000000,0.000000,0.000000,0.000000,0.000000,0.000000,0.000000,0.000000,0.000000,0.000000,0.000000,0.000000,0,0,0,0,0,0.000000,0.000000,0.000000,0.000000,0.000000,0.000000,0.000000,0.000000,0,0,0,0,0
344,0,18.096961,0.421421,0.000000,0.000190,0.535550,2.300598,2.289466,0.082299,0.006768,10.865292,4.895677,1.238383,1.184028,0.000712,0.000305,1.905141,0.000397,0.595388,0.002506,0.586511,0.000000,0.000000,0.000000,0,0,0.000000,0.000000,0.000000,0.000000,0.000000,0.000000,0.000000,0.000000,0.000000,0.000000,0.000000,0.000000,0.000000,0.000000,0,0,0,0,0,0.000000,0.000000,0.000000,0.000000,0.000000,0.000000,0.000000,0.000000,0,0,0,0,0
345,0,18.558733,0.296861,0.000000,0.000163,0.500821,2.344754,2.333716,0.124413,0.005527,10.958615,4.905175,1.239115,1.183872,0.000834,0.000305,2.393077,0.000349,0.586361,0.002384,0.586877,0.000000,0.000000,0.000000,0,0,0.000000,0.000000,0.000000,0.000000,0.000000,0.000000,0.000000,0.000000,0.000000,0.000000,0.000000,0.000000,0.000000,0.000000,0,0,0,0,0,0.000000,0.000000,0.000000,0.000000,0.000000,0.000000,0.000000,0.000000,0,0,0,0,0
346,0,17.915049,0.422668,0.000000,0.000190,0.510166,2.261698,2.250709,0.125512,0.005615,10.758094,4.863441,1.237217,1.183173,0.000854,0.000305,1.889699,0.000329,0.595842,0.002547,0.678294,0.000000,0.000000,0.000000,0,0,0.000000,0.000000,0.000000,0.000000,0.000000,0.000000,0.000000,0.000000,0.000000,0.000000,0.000000,0.000000,0.000000,0.000000,0,0,0,0,0,0.000000,0.000000,0.000000,0.000000,0.000000,0.000000,0.000000,0.000000,0,0,0,0,0
347,0,17.995161,0.334893,0.000000,0.000190,0.538581,2.253933,2.242835,0.082848,0.005690,10.906816,4.872118,1.239332,1.185079,0.000712,0.000305,1.936656,0.000349,0.587541,0.002465,0.587568,0.000000,0.000000,0.000000,0,0,0.000000,0.000000,0.000000,0.000000,0.000000,0.000000,0.000000,0.000000,0.000000,0.000000,0.000000,0.000000,0.000000,0.000000,0,0,0,0,0,0.000000,0.000000,0.000000,0.000000,0.000000,0.000000,0.000000,0.000000,0,0,0,0,0
348,0,18.170081,0.420553,0.000000,0.000190,0.503411,2.300883,2.289493,0.123674,0.005636,10.927182,4.969547,1.239061,1.184455,0.000692,0.000305,1.946089,0.000349,0.595055,0.002384,0.587813,0.000000,0.000000,0.000000,0,0,0.000000,0.000000,0.000000,0.000000,0.000000,0.000000,0.000000,0.000000,0.000000,0.000000,0.000000,0.000000,0.000000,0.000000,0,0,0,0,0,0.000000,0.000000,0.000000,0.000000,0.000000,0.000000,0.000000,0.000000,0,0,0,0,0
349,0,18.866085,0.335253,0.000000,0.000163,0.498935,2.266276,2.255124,1.935523,0.010630,5.826823,4.954444,1.230055,1.175659,0.000746,0.000332,2.351322,0.000390,0.626767,0.002519,0.695214,0.000000,0.000000,0.000000,0,0,0.000000,0.000000,0.000000,0.000000,0.000000,0.000000,0.000000,0.000000,0.000000,0.000000,0.000000,0.000000,0.000000,0.000000,0,0,0,0,0,0.000000,0.000000,0.000000,0.000000,0.000000,0.000000,0.000000,0.000000,0,0,0,0,0
350,0,18.125675,0.419373,0.000000,0.000190,0.548475,2.244812,2.233660,0.083822,0.005710,10.940162,4.998094,1.236837,1.182454,0.000712,0.000305,1.948598,0.000349,0.581458,0.002452,0.583255,0.000000,0.000000,0.000000,0,0,0.000000,0.000000,0.000000,0.000000,0.000000,0.000000,0.000000,0.000000,0.000000,0.000000,0.000000,0.000000,0.000000,0.000000,0,0,0,0,0,0.000000,0.000000,0.000000,0.000000,0.000000,0.000000,0.000000,0.000000,0,0,0,0,0
351,0,18.739661,0.299079,0.000000,0.000163,0.509243,2.277981,2.266842,2.003862,0.010854,5.744107,4.873376,1.239007,1.184197,0.000692,0.000305,2.343957,0.000349,0.585202,0.002445,0.587548,0.000000,0.000000,0.000000,0,0,0.000000,0.000000,0.000000,0.000000,0.000000,0.000000,0.000000,0.000000,0.000000,0.000000,0.000000,0.000000,0.000000,0.000000,0,0,0,0,0,0.000000,0.000000,0.000000,0.000000,0.000000,0.000000,0.000000,0.000000,0,0,0,0,0
352,0,18.494185,0.417582,0.000000,0.000190,0.503818,2.249146,2.237993,0.084771,0.006978,10.858782,4.848826,1.237915,1.183960,0.000746,0.000298,2.363203,0.000329,0.618201,0.002485,0.586755,0.000000,0.000000,0.000000,0,0,0.000000,0.000000,0.000000,0.000000,0.000000,0.000000,0.000000,0.000000,0.000000,0.000000,0.000000,0.000000,0.000000,0.000000,0,0,0,0,0,0.000000,0.000000,0.000000,0.000000,0.000000,0.000000,0.000000,0.000000,0,0,0,0,0
353,0,18.237057,0.298754,0.000000,0.000163,0.538079,2.261759,2.250749,1.928585,0.010630,5.727620,4.853980,1.263319,1.208110,0.000712,0.000305,1.876977,0.000349,0.593753,0.002472,0.587073,0.000000,0.000000,0.000000,0,0,0.000000,0.000000,0.000000,0.000000,0.000000,0.000000,0.000000,0.000000,0.000000,0.000000,0.000000,0.000000,0.000000,0.000000,0,0,0,0,0,0.000000,0.000000,0.000000,0.000000,0.000000,0.000000,0.000000,0.000000,0,0,0,0,0
354,0,18.572405,0.419596,0.000000,0.000190,0.508538,2.252319,2.241309,0.085402,0.005690,10.976396,4.997616,1.238620,1.184455,0.000834,0.000305,2.367483,0.000349,0.602658,0.002506,0.586456,0.000000,0.000000,0.000000,0,0,0.000000,0.000000,0.000000,0.000000,0.000000,0.000000,0.000000,0.000000,0.000000,0.000000,0.000000,0.000000,0.000000,0.000000,0,0,0,0,0,0.000000,0.000000,0.000000,0.000000,0.000000,0.000000,0.000000,0.000000,0,0,0,0,0
355,0,18.174639,0.331868,0.000000,0.000210,0.465020,2.282633,2.271400,1.910275,0.010461,5.739305,4.834666,1.227878,1.173319,0.000746,0.000298,1.871870,0.000349,0.600135,0.002445,0.701175,0.000000,0.000000,0.000000,0,0,0.000000,0.000000,0.000000,0.000000,0.000000,0.000000,0.000000,0.000000,0.000000,0.000000,0.000000,0.000000,0.000000,0.000000,0,0,0,0,0,0.000000,0.000000,0.000000,0.000000,0.000000,0.000000,0.000000,0.000000,0,0,0,0,0
356,0,18.379757,0.423699,0.000000,0.000190,0.520379,2.269694,2.258603,0.123569,0.005737,10.800127,4.836124,1.235921,1.181824,0.000712,0.000305,2.302032,0.000383,0.583730,0.002431,0.628808,0.000000,0.000000,0.000000,0,0,0.000000,0.000000,0.000000,0.000000,0.000000,0.000000,0.000000,0.000000,0.000000,0.000000,0.000000,0.000000,0.000000,0.000000,0,0,0,0,0,0.000000,0.000000,0.000000,0.000000,0.000000,0.000000,0.000000,0.000000,0,0,0,0,0
357,0,18.452328,0.334378,0.000000,0.000163,0.505161,2.291470,2.280223,1.951962,0.010922,5.752909,4.809319,1.273716,1.217292,0.000746,0.000298,1.935062,0.000390,0.612790,0.002377,0.585012,0.000000,0.000000,0.000000,0,0,0.000000,0.000000,0.000000,0.000000,0.000000,0.000000,0.000000,0.000000,0.000000,0.000000,0.000000,0.000000,0.000000,0.000000,0,0,0,0,0,0.000000,0.000000,0.000000,0.000000,0.000000,0.000000,0.000000,0.000000,0,0,0,0,0
358,0,18.601098,0.384745,0.000000,0.000190,0.530897,2.283569,2.272580,0.085449,0.005649,10.937659,4.859212,1.289490,1.234178,0.000712,0.000305,2.378652,0.000329,0.589311,0.002513,0.623661,0.000000,0.000000,0.000000,0,0,0.000000,0.000000,0.000000,0.000000,0.000000,0.000000,0.000000,0.000000,0.000000,0.000000,0.000000,0.000000,0.000000,0.000000,0,0,0,0,0,0.000000,0.000000,0.000000,0.000000,0.000000,0.000000,0.000000,0.000000,0,0,0,0,0
359,0,18.460812,0.336717,0.000000,0.000163,0.497633,2.277018,2.265947,1.997820,0.010718,5.784139,4.912381,1.237793,1.182705,0.000712,0.000326,1.941274,0.000471,0.595110,0.002465,0.586029,0.000000,0.000000,0.000000,0,0,0.000000,0.000000,0.000000,0.000000,0.000000,0.000000,0.000000,0.000000,0.000000,0.000000,0.000000,0.000000,0.000000,0.000000,0,0,0,0,0,0.000000,0.000000,0.000000,0.000000,0.000000,0.000000,0.000000,0.000000,0,0,0,0,0
360,1,18.081865,0.418816,0.000000,0.000190,0.498447,2.259501,2.248369,0.083313,0.005669,10.937151,5.018592,1.237298,1.182807,0.000854,0.000305,1.934743,0.000349,0.590980,0.002445,0.626407,0.000000,0.000000,0.000000,0,0,0.000000,0.000000,0.000000,0.000000,0.000000,0.000000,0.000000,0.000000,0.000000,0.000000,0.000000,0.000000,0.000000,0.000000,0,0,0,0,0,0.000000,0.000000,0.000000,0.000000,0.000000,0.000000,0.000000,0.000000,0,0,0,0,0
361,1,18.378008,0.336514,0.000000,0.000163,0.532952,2.239604,2.228472,1.978736,0.010786,5.751716,4.802653,1.230557,1.175537,0.000712,0.000414,1.906335,0.000505,0.584198,0.002465,0.625248,0.000000,0.000000,0.000000,0,0,0.000000,0.000000,0.000000,0.000000,0.000000,0.000000,0.000000,0.000000,0.000000,0.000000,0.000000,0.000000,0.000000,0.000000,0,0,0,0,0,0.000000,0.000000,0.000000,0.000000,0.000000,0.000000,0.000000,0.000000,0,0,0,0,0
362,1,18.147078,0.420363,0.000000,0.000190,0.506171,2.296468,2.285302,0.118300,0.006951,10.902930,4.967417,1.240458,1.186571,0.000773,0.000305,1.868052,0.000349,0.641802,0.002404,0.631236,0.000000,0.000000,0.000000,0,0,0.000000,0.000000,0.000000,0.000000,0.000000,0.000000,0.000000,0.000000,0.000000,0.000000,0.000000,0.000000,0.000000,0.000000,0,0,0,0,0,0.000000,0.000000,0.000000,0.000000,0.000000,0.000000,0.000000,0.000000,0,0,0,0,0
363,1,18.765344,0.298821,0.000000,0.000163,0.508552,2.256314,2.245297,1.955054,0.010651,5.765306,4.824582,1.256090,1.200623,0.000746,0.000298,2.325382,0.000349,0.626461,0.002628,0.582258,0.000000,0.000000,0.000000,0,0,0.000000,0.000000,0.000000,0.000000,0.000000,0.000000,0.000000,0.000000,0.000000,0.000000,0.000000,0.000000,0.000000,0.000000,0,0,0,0,0,0.000000,0.000000,0.000000,0.000000,0.000000,0.000000,0.000000,0.000000,0,0,0,0,0
364,1,19.586002,0.421672,0.000000,0.000190,0.530307,2.270935,2.259864,0.080607,0.006483,10.859270,4.872345,1.237298,1.183289,0.000712,0.000305,2.324493,0.000390,0.637204,0.002506,0.585229,0.000000,0.000000,0.000000,0,0,0.000000,0.000000,0.000000,0.000000,0.000000,0.000000,0.000000,0.000000,0.000000,0.000000,0.000000,0.000000,0.000000,0.000000,0,0,0,0,0,0.000000,0.000000,0.000000,0.000000,0.000000,0.000000,0.000000,0.000000,0,0,0,0,0
365,1,18.172848,0.296922,0.000000,0.000163,0.503486,2.330349,2.319312,0.085290,0.005758,11.051225,4.954068,1.262553,1.184394,0.000726,0.000298,1.885501,0.000349,0.641930,0.002465,0.585025,0.000000,0.000000,0.000000,0,0,0.000000,0.000000,0.000000,0.000000,0.000000,0.000000,0.000000,0.000000,0.000000,0.000000,0.000000,0.000000,0.000000,0.000000,0,0,0,0,0,0.000000,0.000000,0.000000,0.000000,0.000000,0.000000,0.000000,0.000000,0,0,0,0,0
366,1,18.548174,0.383355,0.000000,0.000190,0.510410,2.286967,2.217309,0.085880,0.005710,10.906389,4.940338,1.273641,1.216634,0.000712,0.000305,2.397349,0.000329,0.588762,0.002424,0.588769,0.000000,0.000000,0.000000,0,0,0.000000,0.000000,0.000000,0.000000,0.000000,0.000000,0.000000,0.000000,0.000000,0.000000,0.000000,0.000000,0.000000,0.000000,0,0,0,0,0,0.000000,0.000000,0.000000,0.000000,0.000000,0.000000,0.000000,0.000000,0,0,0,0,0
367,1,18.355689,0.336962,0.000000,0.000163,0.538547,2.214199,2.203061,0.083255,0.005656,10.895559,5.011946,1.236789,1.183234,0.000712,0.000305,2.347056,0.000349,0.588376,0.002485,0.585025,0.000000,0.000000,0.000000,0,0,0.000000,0.000000,0.000000,0.000000,0.000000,0.000000,0.000000,0.000000,0.000000,0.000000,0.000000,0.000000,0.000000,0.000000,0,0,0,0,0,0.000000,0.000000,0.000000,0.000000,0.000000,0.000000,0.000000,0.000000,0,0,0,0,0
368,1,18.188439,0.419902,0.000000,0.000190,0.503208,2.281860,2.270728,0.083479,0.005615,11.064084,5.071889,1.238770,1.184150,0.000692,0.000305,1.868378,0.000383,0.613841,0.002411,0.628666,0.000000,0.000000,0.000000,0,0,0.000000,0.000000,0.000000,0.000000,0.000000,0.000000,0.000000,0.000000,0.000000,0.000000,0.000000,0.000000,0.000000,0.000000,0,0,0,0,0,0.000000,0.000000,0.000000,0.000000,0.000000,0.000000,0.000000,0.000000,0,0,0,0,0
369,1,18.284075,0.363146,0.000000,0.000190,0.509271,2.252584,2.241492,0.125003,0.005751,10.804318,4.799998,1.228326,1.174221,0.000692,0.000305,2.300100,0.000349,0.586809,0.002404,0.595483,0.000000,0.000000,0.000000,0,0,0.000000,0.000000,0.000000,0.000000,0.000000,0.000000,0.000000,0.000000,0.000000,0.000000,0.000000,0.000000,0.000000,0.000000,0,0,0,0,0,0.000000,0.000000,0.000000,0.000000,0.000000,0.000000,0.000000,0.000000,0,0,0,0,0
370,1,18.047774,0.422791,0.000000,0.000203,0.544651,2.253866,2.242659,0.082625,0.006015,10.846330,4.836056,1.230035,1.176086,0.000712,0.000305,1.918325,0.000329,0.596839,0.002472,0.629927,0.000000,0.000000,0.000000,0,0,0.000000,0.000000,0.000000,0.000000,0.000000,0.000000,0.000000,0.000000,0.000000,0.000000,0.000000,0.000000,0.000000,0.000000,0,0,0,0,0,0.000000,0.000000,0.000000,0.000000,0.000000,0.000000,0.000000,0.000000,0,0,0,0,0
371,1,17.828712,0.297268,0.000000,0.000190,0.500339,2.270162,2.258969,0.085982,0.005656,10.781002,4.902381,1.232944,1.149000,0.000712,0.000305,1.896579,0.000349,0.649370,0.002472,0.580068,0.000000,0.000000,0.000000,0,0,0.000000,0.000000,0.000000,0.000000,0.000000,0.000000,0.000000,0.000000,0.000000,0.000000,0.000000,0.000000,0.000000,0.000000,0,0,0,0,0,0.000000,0.000000,0.000000,0.000000,0.000000,0.000000,0.000000,0.000000,0,0,0,0,0
372,1,18.393836,0.450351,0.000000,0.000190,0.509067,2.273661,2.262638,0.124678,0.005656,10.812558,4.826385,1.230048,1.176249,0.000692,0.000305,2.294488,0.000390,0.584652,0.002418,0.612010,0.000000,0.000000,0.000000,0,0,0.000000,0.000000,0.000000,0.000000,0.000000,0.000000,0.000000,0.000000,0.000000,0.000000,0.000000,0.000000,0.000000,0.000000,0,0,0,0,0,0.000000,0.000000,0.000000,0.000000,0.000000,0.000000,0.000000,0.000000,0,0,0,0,0
373,1,17.993690,0.332682,0.000000,0.000163,0.467624,2.322408,2.252865,0.084557,0.005629,10.871965,4.856052,1.275187,1.184021,0.000692,0.000305,1.937775,0.000349,0.586321,0.002424,0.586639,0.000000,0.000000,0.000000,0,0,0.000000,0.000000,0.000000,0.000000,0.000000,0.000000,0.000000,0.000000,0.000000,0.000000,0.000000,0.000000,0.000000,0.000000,0,0,0,0,0,0.000000,0.000000,0.000000,0.000000,0.000000,0.000000,0.000000,0.000000,0,0,0,0,0
374,1,17.948544,0.423048,0.000000,0.000190,0.505507,2.246318,2.235226,0.121362,0.005669,10.780596,5.052524,1.239251,1.184204,0.000712,0.000305,1.879344,0.000329,0.639225,0.002594,0.613183,0.000000,0.000000,0.000000,0,0,0.000000,0.000000,0.000000,0.000000,0.000000,0.000000,0.000000,0.000000,0.000000,0.000000,0.000000,0.000000,0.000000,0.000000,0,0,0,0,0,0.000000,0.000000,0.000000,0.000000,0.000000,0.000000,0.000000,0.000000,0,0,0,0,0
375,1,18.005551,0.362210,0.000000,0.000163,0.505832,2.251912,2.240679,0.082909,0.005588,10.984779,4.838755,1.239882,1.186462,0.000692,0.000305,1.872440,0.000349,0.591203,0.002404,0.578339,0.000000,0.000000,0.000000,0,0,0.000000,0.000000,0.000000,0.000000,0.000000,0.000000,0.000000,0.000000,0.000000,0.000000,0.000000,0.000000,0.000000,0.000000,0,0,0,0,0,0.000000,0.000000,0.000000,0.000000,0.000000,0.000000,0.000000,0.000000,0,0,0,0,0
376,1,18.525489,0.419454,0.000000,0.000190,0.516697,2.269233,2.257714,0.084618,0.005595,10.867584,4.911618,1.272434,1.216553,0.000827,0.000298,2.392317,0.000390,0.587541,0.002479,0.590132,0.000000,0.000000,0.000000,0,0,0.000000,0.000000,0.000000,0.000000,0.000000,0.000000,0.000000,0.000000,0.000000,0.000000,0.000000,0.000000,0.000000,0.000000,0,0,0,0,0,0.000000,0.000000,0.000000,0.000000,0.000000,0.000000,0.000000,0.000000,0,0,0,0,0
377,1,17.917314,0.336270,0.000000,0.000163,0.511163,2.265747,2.254574,0.122101,0.005771,10.848243,4.964433,1.238946,1.184536,0.000692,0.000305,1.880544,0.000404,0.599464,0.002414,0.620412,0.000000,0.000000,0.000000,0,0,0.000000,0.000000,0.000000,0.000000,0.000000,0.000000,0.000000,0.000000,0.000000,0.000000,0.000000,0.000000,0.000000,0.000000,0,0,0,0,0,0.000000,0.000000,0.000000,0.000000,0.000000,0.000000,0.000000,0.000000,0,0,0,0,0
378,1,18.476539,0.445326,0.000000,0.000190,0.525140,2.189819,2.178667,0.082808,0.005568,10.976702,4.806814,1.239516,1.185628,0.000726,0.000298,2.315006,0.000329,0.587521,0.002424,0.612864,0.000000,0.000000,0.000000,0,0,0.000000,0.000000,0.000000,0.000000,0.000000,0.000000,0.000000,0.000000,0.000000,0.000000,0.000000,0.000000,0.000000,0.000000,0,0,0,0,0,0.000000,0.000000,0.000000,0.000000,0.000000,0.000000,0.000000,0.000000,0,0,0,0,0
379,1,18.980994,0.337694,0.000000,0.000285,0.493015,2.267219,2.256100,0.082686,0.007378,10.896339,4.970164,1.851522,0.958316,0.000746,0.000298,2.301754,0.000349,0.597470,0.002567,0.586029,0.000000,0.000000,0.000000,0,0,0.000000,0.000000,0.000000,0.000000,0.000000,0.000000,0.000000,0.000000,0.000000,0.000000,0.000000,0.000000,0.000000,0.000000,0,0,0,0,0,0.000000,0.000000,0.000000,0.000000,0.000000,0.000000,0.000000,0.000000,0,0,0,0,0
380,1,17.813229,0.385532,0.000000,0.000190,0.503106,2.279765,2.268633,0.083683,0.005568,10.746253,4.933248,1.236457,1.181281,0.000746,0.000298,1.865462,0.000390,0.598372,0.002472,0.647525,0.000000,0.000000,0.000000,0,0,0.000000,0.000000,0.000000,0.000000,0.000000,0.000000,0.000000,0.000000,0.000000,0.000000,0.000000,0.000000,0.000000,0.000000,0,0,0,0,0,0.000000,0.000000,0.000000,0.000000,0.000000,0.000000,0.000000,0.000000,0,0,0,0,0
381,1,18.495012,0.332506,0.000000,0.000163,0.528436,2.276978,2.265784,0.084110,0.005534,11.001645,4.895331,1.261820,1.187751,0.000726,0.000298,2.306339,0.000349,0.588111,0.002567,0.618113,0.000000,0.000000,0.000000,0,0,0.000000,0.000000,0.000000,0.000000,0.000000,0.000000,0.000000,0.000000,0.000000,0.000000,0.000000,0.000000,0.000000,0.000000,0,0,0,0,0,0.000000,0.000000,0.000000,0.000000,0.000000,0.000000,0.000000,0.000000,0,0,0,0,0
382,1,18.141069,0.421000,0.000000,0.000190,0.505710,2.304810,2.293616,0.083805,0.005744,10.933468,4.982151,1.238417,1.183512,0.000712,0.000305,1.955597,0.000329,0.583228,0.002384,0.584340,0.000000,0.000000,0.000000,0,0,0.000000,0.000000,0.000000,0.000000,0.000000,0.000000,0.000000,0.000000,0.000000,0.000000,0.000000,0.000000,0.000000,0.000000,0,0,0,0,0,0.000000,0.000000,0.000000,0.000000,0.000000,0.000000,0.000000,0.000000,0,0,0,0,0
383,1,18.319909,0.337131,0.000000,0.000163,0.502292,2.240295,2.229143,0.083499,0.006158,10.821571,4.841970,1.240451,1.186686,0.000671,0.000305,2.333181,0.000349,0.607459,0.002485,0.583357,0.000000,0.000000,0.000000,0,0,0.000000,0.000000,0.000000,0.000000,0.000000,0.000000,0.000000,0.000000,0.000000,0.000000,0.000000,0.000000,0.000000,0.000000,0,0,0,0,0,0.000000,0.000000,0.000000,0.000000,0.000000,0.000000,0.000000,0.000000,0,0,0,0,0
384,1,18.028642,0.451436,0.000000,0.000190,0.494642,2.260844,2.249732,0.082665,0.007548,10.866513,4.786760,1.249234,1.196330,0.000712,0.000305,1.874298,0.000471,0.595415,0.002384,0.586924,0.000000,0.000000,0.000000,0,0,0.000000,0.000000,0.000000,0.000000,0.000000,0.000000,0.000000,0.000000,0.000000,0.000000,0.000000,0.000000,0.000000,0.000000,0,0,0,0,0,0.000000,0.000000,0.000000,0.000000,0.000000,0.000000,0.000000,0.000000,0,0,0,0,0
385,1,18.517297,0.331902,0.000000,0.000163,0.467577,2.357449,2.346514,0.084456,0.005690,10.947608,4.897864,1.239414,1.184801,0.000712,0.000305,2.388255,0.000349,0.585568,0.002485,0.588186,0.000000,0.000000,0.000000,0,0,0.000000,0.000000,0.000000,0.000000,0.000000,0.000000,0.000000,0.000000,0.000000,0.000000,0.000000,0.000000,0.000000,0.000000,0,0,0,0,0,0.000000,0.000000,0.000000,0.000000,0.000000,0.000000,0.000000,0.000000,0,0,0,0,0
386,1,17.820133,0.385776,0.000000,0.000190,0.504449,2.268962,2.257789,0.086165,0.005649,10.738766,4.924489,1.238458,1.184469,0.000712,0.000305,1.884321,0.000329,0.598080,0.002445,0.667124,0.000000,0.000000,0.000000,0,0,0.000000,0.000000,0.000000,0.000000,0.000000,0.000000,0.000000,0.000000,0.000000,0.000000,0.000000,0.000000,0.000000,0.000000,0,0,0,0,0,0.000000,0.000000,0.000000,0.000000,0.000000,0.000000,0.000000,0.000000,0,0,0,0,0
387,1,18.015011,0.336148,0.000000,0.000163,0.552402,2.222921,2.211748,0.083377,0.005649,10.969662,4.862274,1.271803,1.216132,0.000712,0.000305,1.869639,0.000349,0.594052,0.002506,0.585331,0.000000,0.000000,0.000000,0,0,0.000000,0.000000,0.000000,0.000000,0.000000,0.000000,0.000000,0.000000,0.000000,0.000000,0.000000,0.000000,0.000000,0.000000,0,0,0,0,0,0.000000,0.000000,0.000000,0.000000,0.000000,0.000000,0.000000,0.000000,0,0,0,0,0
388,1,18.125078,0.418369,0.000000,0.000190,0.502923,2.319763,2.308814,0.083011,0.005636,10.918800,4.983276,1.262309,1.184007,0.000773,0.000305,1.908071,0.000383,0.596425,0.002404,0.587290,0.000000,0.000000,0.000000,0,0,0.000000,0.000000,0.000000,0.000000,0.000000,0.000000,0.000000,0.000000,0.000000,0.000000,0.000000,0.000000,0.000000,0.000000,0,0,0,0,0,0.000000,0.000000,0.000000,0.000000,0.000000,0.000000,0.000000,0.000000,0,0,0,0,0
389,1,17.782739,0.299099,0.000000,0.000163,0.507928,2.253316,2.242123,0.083740,0.005731,10.773515,4.885101,1.236104,1.180915,0.000712,0.000305,1.876251,0.000349,0.600013,0.002404,0.669769,0.000000,0.000000,0.000000,0,0,0.000000,0.000000,0.000000,0.000000,0.000000,0.000000,0.000000,0.000000,0.000000,0.000000,0.000000,0.000000,0.000000,0.000000,0,0,0,0,0,0.000000,0.000000,0.000000,0.000000,0.000000,0.000000,0.000000,0.000000,0,0,0,0,0
390,1,18.449622,0.452779,0.000000,0.000190,0.510715,2.240255,2.229163,0.084049,0.005778,10.836483,4.871423,1.272074,1.216417,0.000827,0.000298,2.316125,0.000329,0.584083,0.002404,0.627065,0.000000,0.000000,0.000000,0,0,0.000000,0.000000,0.000000,0.000000,0.000000,0.000000,0.000000,0.000000,0.000000,0.000000,0.000000,0.000000,0.000000,0.000000,0,0,0,0,0,0.000000,0.000000,0.000000,0.000000,0.000000,0.000000,0.000000,0.000000,0,0,0,0,0
391,1,18.433712,0.337145,0.000000,0.000163,0.521132,2.198222,2.187130,0.083479,0.005588,10.993222,4.865618,1.236850,1.182536,0.000712,0.000305,2.333649,0.000349,0.615068,0.002506,0.585249,0.000000,0.000000,0.000000,0,0,0.000000,0.000000,0.000000,0.000000,0.000000,0.000000,0.000000,0.000000,0.000000,0.000000,0.000000,0.000000,0.000000,0.000000,0,0,0,0,0,0.000000,0.000000,0.000000,0.000000,0.000000,0.000000,0.000000,0.000000,0,0,0,0,0
392,1,17.925147,0.385186,0.000000,0.000190,0.502821,2.285278,2.274126,0.085127,0.005751,10.792152,4.850786,1.235114,1.180874,0.000712,0.000305,1.896142,0.000390,0.627689,0.002411,0.625654,0.000000,0.000000,0.000000,0,0,0.000000,0.000000,0.000000,0.000000,0.000000,0.000000,0.000000,0.000000,0.000000,0.000000,0.000000,0.000000,0.000000,0.000000,0,0,0,0,0,0.000000,0.000000,0.000000,0.000000,0.000000,0.000000,0.000000,0.000000,0,0,0,0,0
393,1,18.470964,0.335049,0.000000,0.000163,0.542779,2.267232,2.256059,0.082523,0.005568,10.963396,4.804406,1.270060,1.185140,0.000753,0.000305,2.309601,0.000349,0.585832,0.002424,0.604970,0.000000,0.000000,0.000000,0,0,0.000000,0.000000,0.000000,0.000000,0.000000,0.000000,0.000000,0.000000,0.000000,0.000000,0.000000,0.000000,0.000000,0.000000,0,0,0,0,0,0.000000,0.000000,0.000000,0.000000,0.000000,0.000000,0.000000,0.000000,0,0,0,0,0
394,1,18.545190,0.418654,0.000000,0.000190,0.504652,2.303975,2.292823,0.083866,0.005669,10.925880,4.939809,1.236654,1.183004,0.000712,0.000305,2.371260,0.000329,0.585019,0.002424,0.587243,0.000000,0.000000,0.000000,0,0,0.000000,0.000000,0.000000,0.000000,0.000000,0.000000,0.000000,0.000000,0.000000,0.000000,0.000000,0.000000,0.000000,0.000000,0,0,0,0,0,0.000000,0.000000,0.000000,0.000000,0.000000,0.000000,0.000000,0.000000,0,0,0,0,0
395,1,17.773292,0.298733,0.000000,0.000163,0.503940,2.242818,2.231754,0.124312,0.005690,10.790036,4.919824,1.236728,1.182495,0.000827,0.000298,1.862593,0.000349,0.599647,0.002404,0.665354,0.000000,0.000000,0.000000,0,0,0.000000,0.000000,0.000000,0.000000,0.000000,0.000000,0.000000,0.000000,0.000000,0.000000,0.000000,0.000000,0.000000,0.000000,0,0,0,0,0,0.000000,0.000000,0.000000,0.000000,0.000000,0.000000,0.000000,0.000000,0,0,0,0,0
396,1,18.446265,0.449463,0.000000,0.000190,0.514011,2.215332,2.204119,0.082564,0.005608,10.948157,4.844126,1.237379,1.183167,0.000712,0.000305,2.298086,0.000390,0.586077,0.002418,0.604055,0.000000,0.000000,0.000000,0,0,0.000000,0.000000,0.000000,0.000000,0.000000,0.000000,0.000000,0.000000,0.000000,0.000000,0.000000,0.000000,0.000000,0.000000,0,0,0,0,0,0.000000,0.000000,0.000000,0.000000,0.000000,0.000000,0.000000,0.000000,0,0,0,0,0
397,1,17.733782,0.003845,0.000000,0.000163,0.462986,2.273132,2.262183,0.083805,0.005615,11.071428,4.992313,1.237257,1.182515,0.000712,0.000305,1.873260,0.000349,0.612240,0.002424,0.627160,0.000000,0.000000,0.000000,0,0,0.000000,0.000000,0.000000,0.000000,0.000000,0.000000,0.000000,0.000000,0.000000,0.000000,0.000000,0.000000,0.000000,0.000000,0,0,0,0,0,0.000000,0.000000,0.000000,0.000000,0.000000,0.000000,0.000000,0.000000,0,0,0,0,0
398,1,17.909441,0.088576,0.000000,0.000190,0.443373,2.256592,2.245419,0.086612,0.005629,10.780860,4.800988,1.238356,1.184733,0.000746,0.000298,2.315779,0.000342,0.584184,0.002547,0.627614,0.000000,0.000000,0.000000,0,0,0.000000,0.000000,0.000000,0.000000,0.000000,0.000000,0.000000,0.000000,0.000000,0.000000,0.000000,0.000000,0.000000,0.000000,0,0,0,0,0,0.000000,0.000000,0.000000,0.000000,0.000000,0.000000,0.000000,0.000000,0,0,0,0,0
399,1,18.006914,0.351997,0.000000,0.000163,0.463637,2.278463,2.267331,0.084802,0.005731,10.935299,4.849386,1.281447,1.172431,0.000712,0.000305,1.911265,0.000349,0.584978,0.002587,0.744904,0.000000,0.000000,0.000000,0,0,0.000000,0.000000,0.000000,0.000000,0.000000,0.000000,0.000000,0.000000,0.000000,0.000000,0.000000,0.000000,0.000000,0.000000,0,0,0,0,0,0.000000,0.000000,0.000000,0.000000,0.000000,0.000000,0.000000,0.000000,0,0,0,0,0
400,1,17.935876,0.422804,0.000000,0.000190,0.505832,2.314087,2.302914,0.086348,0.005615,10.750627,4.823849,1.238057,1.183960,0.000712,0.000305,1.868032,0.000390,0.635332,0.002567,0.628835,0.000000,0.000000,0.000000,0,0,0.000000,0.000000,0.000000,0.000000,0.000000,0.000000,0.000000,0.000000,0.000000,0.000000,0.000000,0.000000,0.000000,0.000000,0,0,0,0,0,0.000000,0.000000,0.000000,0.000000,0.000000,0.000000,0.000000,0.000000,0,0,0,0,0
401,1,18.059323,0.334968,0.000000,0.000163,0.504754,2.263062,2.252092,0.084069,0.005629,10.967831,5.001946,1.239502,1.184896,0.000753,0.000305,1.919973,0.000349,0.629846,0.002485,0.585290,0.000000,0.000000,0.000000,0,0,0.000000,0.000000,0.000000,0.000000,0.000000,0.000000,0.000000,0.000000,0.000000,0.000000,0.000000,0.000000,0.000000,0.000000,0,0,0,0,0,0.000000,0.000000,0.000000,0.000000,0.000000,0.000000,0.000000,0.000000,0,0,0,0,0
402,1,18.135861,0.418471,0.000000,0.000190,0.499342,2.258179,2.246972,0.085371,0.005676,10.959856,5.005788,1.293104,1.200121,0.000746,0.000298,1.921878,0.000329,0.583961,0.002424,0.631087,0.000000,0.000000,0.000000,0,0,0.000000,0.000000,0.000000,0.000000,0.000000,0.000000,0.000000,0.000000,0.000000,0.000000,0.000000,0.000000,0.000000,0.000000,0,0,0,0,0,0.000000,0.000000,0.000000,0.000000,0.000000,0.000000,0.000000,0.000000,0,0,0,0,0
403,1,18.397681,0.336717,0.000000,0.000163,0.513075,2.235942,2.224932,0.122643,0.006185,10.888892,4.891178,1.236104,1.182231,0.000746,0.000298,2.328617,0.000363,0.591936,0.002404,0.578868,0.000000,0.000000,0.000000,0,0,0.000000,0.000000,0.000000,0.000000,0.000000,0.000000,0.000000,0.000000,0.000000,0.000000,0.000000,0.000000,0.000000,0.000000,0,0,0,0,0,0.000000,0.000000,0.000000,0.000000,0.000000,0.000000,0.000000,0.000000,0,0,0,0,0
404,1,18.002621,0.088413,0.000000,0.000190,0.479709,2.282084,2.270979,0.124068,0.005608,10.798662,4.942457,1.237223,1.183350,0.000712,0.000305,2.294790,0.000383,0.583405,0.002540,0.582672,0.000000,0.000000,0.000000,0,0,0.000000,0.000000,0.000000,0.000000,0.000000,0.000000,0.000000,0.000000,0.000000,0.000000,0.000000,0.000000,0.000000,0.000000,0,0,0,0,0,0.000000,0.000000,0.000000,0.000000,0.000000,0.000000,0.000000,0.000000,0,0,0,0,0
405,1,18.102963,0.296882,0.000000,0.000163,0.540663,2.287598,2.276527,0.084802,0.005595,11.007131,4.891446,1.265896,1.210802,0.000712,0.000305,1.918467,0.000349,0.586158,0.002445,0.634939,0.000000,0.000000,0.000000,0,0,0.000000,0.000000,0.000000,0.000000,0.000000,0.000000,0.000000,0.000000,0.000000,0.000000,0.000000,0.000000,0.000000,0.000000,0,0,0,0,0,0.000000,0.000000,0.000000,0.000000,0.000000,0.000000,0.000000,0.000000,0,0,0,0,0
406,1,18.446435,0.423679,0.000000,0.000190,0.509087,2.283691,2.272349,0.115339,0.005731,10.826820,4.885712,1.237189,1.182875,0.000712,0.000305,2.338633,0.000342,0.596391,0.002526,0.587243,0.000000,0.000000,0.000000,0,0,0.000000,0.000000,0.000000,0.000000,0.000000,0.000000,0.000000,0.000000,0.000000,0.000000,0.000000,0.000000,0.000000,0.000000,0,0,0,0,0,0.000000,0.000000,0.000000,0.000000,0.000000,0.000000,0.000000,0.000000,0,0,0,0,0
407,1,18.427690,0.336127,0.000000,0.000163,0.501051,2.262349,2.251238,0.083357,0.005676,10.921722,4.929447,1.236952,1.183092,0.000712,0.000305,2.355838,0.000349,0.614641,0.002465,0.588023,0.000000,0.000000,0.000000,0,0,0.000000,0.000000,0.000000,0.000000,0.000000,0.000000,0.000000,0.000000,0.000000,0.000000,0.000000,0.000000,0.000000,0.000000,0,0,0,0,0,0.000000,0.000000,0.000000,0.000000,0.000000,0.000000,0.000000,0.000000,0,0,0,0,0
408,1,18.143816,0.420003,0.000000,0.000190,0.536024,2.286764,2.275774,0.083561,0.005554,10.962460,4.941152,1.248481,1.195068,0.000692,0.000305,1.907664,0.000383,0.583547,0.002485,0.586816,0.000000,0.000000,0.000000,0,0,0.000000,0.000000,0.000000,0.000000,0.000000,0.000000,0.000000,0.000000,0.000000,0.000000,0.000000,0.000000,0.000000,0.000000,0,0,0,0,0,0.000000,0.000000,0.000000,0.000000,0.000000,0.000000,0.000000,0.000000,0,0,0,0,0
409,1,17.977251,0.336921,0.000000,0.000163,0.505731,2.272909,2.261919,0.122169,0.005690,10.881955,4.827199,1.235284,1.180589,0.000712,0.000305,1.872101,0.000349,0.609860,0.002424,0.625295,0.000000,0.000000,0.000000,0,0,0.000000,0.000000,0.000000,0.000000,0.000000,0.000000,0.000000,0.000000,0.000000,0.000000,0.000000,0.000000,0.000000,0.000000,0,0,0,0,0,0.000000,0.000000,0.000000,0.000000,0.000000,0.000000,0.000000,0.000000,0,0,0,0,0
410,1,18.474911,0.421115,0.000000,0.000190,0.524367,2.192444,2.181352,0.082971,0.005690,10.909848,4.927236,1.236986,1.182800,0.000746,0.000298,2.377767,0.000329,0.614153,0.002567,0.588687,0.000000,0.000000,0.000000,0,0,0.000000,0.000000,0.000000,0.000000,0.000000,0.000000,0.000000,0.000000,0.000000,0.000000,0.000000,0.000000,0.000000,0.000000,0,0,0,0,0,0.000000,0.000000,0.000000,0.000000,0.000000,0.000000,0.000000,0.000000,0,0,0,0,0
411,1,17.774065,0.298509,0.000000,0.000163,0.535428,2.247769,2.236732,0.085656,0.005636,10.780514,4.884701,1.235575,1.181396,0.000712,0.000305,1.879628,0.000349,0.596066,0.002452,0.628299,0.000000,0.000000,0.000000,0,0,0.000000,0.000000,0.000000,0.000000,0.000000,0.000000,0.000000,0.000000,0.000000,0.000000,0.000000,0.000000,0.000000,0.000000,0,0,0,0,0,0.000000,0.000000,0.000000,0.000000,0.000000,0.000000,0.000000,0.000000,0,0,0,0,0
412,1,18.408410,0.421265,0.000000,0.000190,0.507745,2.322795,2.311418,0.085636,0.005615,10.803484,4.929698,1.232917,1.179287,0.000692,0.000305,2.321889,0.000383,0.596893,0.002424,0.586612,0.000000,0.000000,0.000000,0,0,0.000000,0.000000,0.000000,0.000000,0.000000,0.000000,0.000000,0.000000,0.000000,0.000000,0.000000,0.000000,0.000000,0.000000,0,0,0,0,0,0.000000,0.000000,0.000000,0.000000,0.000000,0.000000,0.000000,0.000000,0,0,0,0,0
413,1,17.970015,0.337009,0.000000,0.000163,0.503716,2.267320,2.256236,0.082381,0.005690,10.918962,4.990011,1.238356,1.183824,0.000712,0.000305,1.920156,0.000349,0.587073,0.002445,0.597741,0.000000,0.000000,0.000000,0,0,0.000000,0.000000,0.000000,0.000000,0.000000,0.000000,0.000000,0.000000,0.000000,0.000000,0.000000,0.000000,0.000000,0.000000,0,0,0,0,0,0.000000,0.000000,0.000000,0.000000,0.000000,0.000000,0.000000,0.000000,0,0,0,0,0
414,1,18.159346,0.384908,0.000000,0.000190,0.534783,2.288737,2.277768,0.084781,0.005676,10.947466,4.840797,1.295159,1.239326,0.000712,0.000305,1.921275,0.000329,0.587297,0.002424,0.587894,0.000000,0.000000,0.000000,0,0,0.000000,0.000000,0.000000,0.000000,0.000000,0.000000,0.000000,0.000000,0.000000,0.000000,0.000000,0.000000,0.000000,0.000000,0,0,0,0,0,0.000000,0.000000,0.000000,0.000000,0.000000,0.000000,0.000000,0.000000,0,0,0,0,0
415,1,17.414934,0.003947,0.000000,0.000163,0.446499,2.239041,2.227983,0.123925,0.005751,10.786475,4.887970,1.237223,1.183438,0.000712,0.000305,1.866926,0.000349,0.596724,0.002424,0.594350,0.000000,0.000000,0.000000,0,0,0.000000,0.000000,0.000000,0.000000,0.000000,0.000000,0.000000,0.000000,0.000000,0.000000,0.000000,0.000000,0.000000,0.000000,0,0,0,0,0,0.000000,0.000000,0.000000,0.000000,0.000000,0.000000,0.000000,0.000000,0,0,0,0,0
416,1,18.042843,0.422499,0.000000,0.000190,0.524753,2.259298,2.248023,0.083215,0.005792,10.869748,4.874929,1.238146,1.184170,0.000712,0.000305,1.890798,0.000390,0.601112,0.002404,0.632579,0.000000,0.000000,0.000000,0,0,0.000000,0.000000,0.000000,0.000000,0.000000,0.000000,0.000000,0.000000,0.000000,0.000000,0.000000,0.000000,0.000000,0.000000,0,0,0,0,0,0.000000,0.000000,0.000000,0.000000,0.000000,0.000000,0.000000,0.000000,0,0,0,0,0
417,1,18.248471,0.298916,0.000000,0.000163,0.538791,2.302063,2.290646,0.086409,0.005669,10.780575,4.838979,1.235819,1.181363,0.000746,0.000298,2.306786,0.000349,0.584083,0.002424,0.583811,0.000000,0.000000,0.000000,0,0,0.000000,0.000000,0.000000,0.000000,0.000000,0.000000,0.000000,0.000000,0.000000,0.000000,0.000000,0.000000,0.000000,0.000000,0,0,0,0,0,0.000000,0.000000,0.000000,0.000000,0.000000,0.000000,0.000000,0.000000,0,0,0,0,0
418,1,18.539100,0.421461,0.000000,0.000190,0.499708,2.262858,2.251753,0.082625,0.006056,10.918901,4.908335,1.237013,1.182861,0.000692,0.000332,2.335107,0.000349,0.603227,0.002397,0.587819,0.000000,0.000000,0.000000,0,0,0.000000,0.000000,0.000000,0.000000,0.000000,0.000000,0.000000,0.000000,0.000000,0.000000,0.000000,0.000000,0.000000,0.000000,0,0,0,0,0,0.000000,0.000000,0.000000,0.000000,0.000000,0.000000,0.000000,0.000000,0,0,0,0,0
419,1,18.004798,0.332506,0.000000,0.000163,0.539992,2.242371,2.231082,0.084659,0.005669,10.886146,4.886522,1.275269,1.184326,0.000712,0.000305,1.941538,0.000349,0.587501,0.002485,0.587189,0.000000,0.000000,0.000000,0,0,0.000000,0.000000,0.000000,0.000000,0.000000,0.000000,0.000000,0.000000,0.000000,0.000000,0.000000,0.000000,0.000000,0.000000,0,0,0,0,0,0.000000,0.000000,0.000000,0.000000,0.000000,0.000000,0.000000,0.000000,0,0,0,0,0
420,1,18.390744,0.420302,0.000000,0.000190,0.505588,2.303324,2.292192,0.085107,0.005669,10.808407,4.965366,1.234728,1.180834,0.000692,0.000305,2.321136,0.000383,0.596670,0.002384,0.587406,0.000000,0.000000,0.000000,0,0,0.000000,0.000000,0.000000,0.000000,0.000000,0.000000,0.000000,0.000000,0.000000,0.000000,0.000000,0.000000,0.000000,0.000000,0,0,0,0,0,0.000000,0.000000,0.000000,0.000000,0.000000,0.000000,0.000000,0.000000,0,0,0,0,0
421,1,18.412228,0.336412,0.000000,0.000163,0.509352,2.267212,2.256046,0.083235,0.005568,10.879757,4.930393,1.237671,1.182326,0.000712,0.000305,2.382802,0.000349,0.600583,0.002424,0.588003,0.000000,0.000000,0.000000,0,0,0.000000,0.000000,0.000000,0.000000,0.000000,0.000000,0.000000,0.000000,0.000000,0.000000,0.000000,0.000000,0.000000,0.000000,0,0,0,0,0,0.000000,0.000000,0.000000,0.000000,0.000000,0.000000,0.000000,0.000000,0,0,0,0,0
422,1,17.708438,0.088745,0.000000,0.000190,0.479872,2.255290,2.244158,0.082197,0.005629,10.913001,4.997325,1.236464,1.181824,0.000712,0.000305,1.947316,0.000329,0.590858,0.002567,0.586999,0.000000,0.000000,0.000000,0,0,0.000000,0.000000,0.000000,0.000000,0.000000,0.000000,0.000000,0.000000,0.000000,0.000000,0.000000,0.000000,0.000000,0.000000,0,0,0,0,0,0.000000,0.000000,0.000000,0.000000,0.000000,0.000000,0.000000,0.000000,0,0,0,0,0
423,1,17.863705,0.003927,0.000000,0.000163,0.442993,2.279344,2.268185,0.083988,0.005771,10.753781,4.889482,1.238600,1.183960,0.000712,0.000305,2.334483,0.000492,0.612566,0.002363,0.586673,0.000000,0.000000,0.000000,0,0,0.000000,0.000000,0.000000,0.000000,0.000000,0.000000,0.000000,0.000000,0.000000,0.000000,0.000000,0.000000,0.000000,0.000000,0,0,0,0,0,0.000000,0.000000,0.000000,0.000000,0.000000,0.000000,0.000000,0.000000,0,0,0,0,0
424,1,17.990719,0.421339,0.000000,0.000190,0.523655,2.208028,2.196896,0.082442,0.005649,10.905860,4.889041,1.238715,1.184055,0.000807,0.000332,1.911448,0.000390,0.583859,0.002424,0.601993,0.000000,0.000000,0.000000,0,0,0.000000,0.000000,0.000000,0.000000,0.000000,0.000000,0.000000,0.000000,0.000000,0.000000,0.000000,0.000000,0.000000,0.000000,0,0,0,0,0,0.000000,0.000000,0.000000,0.000000,0.000000,0.000000,0.000000,0.000000,0,0,0,0,0
425,1,18.255856,0.299038,0.000000,0.000163,0.535048,2.286458,2.275157,0.085900,0.005737,10.793026,4.924750,1.235677,1.181396,0.000746,0.000298,2.311283,0.000349,0.594337,0.002404,0.629927,0.000000,0.000000,0.000000,0,0,0.000000,0.000000,0.000000,0.000000,0.000000,0.000000,0.000000,0.000000,0.000000,0.000000,0.000000,0.000000,0.000000,0.000000,0,0,0,0,0,0.000000,0.000000,0.000000,0.000000,0.000000,0.000000,0.000000,0.000000,0,0,0,0,0
426,1,17.554786,0.088677,0.000000,0.000190,0.446058,2.239461,2.228370,0.126244,0.005778,10.782996,5.051253,1.238322,1.184163,0.000746,0.000298,1.881961,0.000505,0.636288,0.002465,0.616892,0.000000,0.000000,0.000000,0,0,0.000000,0.000000,0.000000,0.000000,0.000000,0.000000,0.000000,0.000000,0.000000,0.000000,0.000000,0.000000,0.000000,0.000000,0,0,0,0,0,0.000000,0.000000,0.000000,0.000000,0.000000,0.000000,0.000000,0.000000,0,0,0,0,0
427,1,17.725338,0.297431,0.000000,0.000163,0.499851,2.257670,2.246579,0.086002,0.005615,10.782020,4.767890,1.236443,1.182868,0.000753,0.000305,1.851003,0.000431,0.600243,0.002404,0.663395,0.000000,0.000000,0.000000,0,0,0.000000,0.000000,0.000000,0.000000,0.000000,0.000000,0.000000,0.000000,0.000000,0.000000,0.000000,0.000000,0.000000,0.000000,0,0,0,0,0,0.000000,0.000000,0.000000,0.000000,0.000000,0.000000,0.000000,0.000000,0,0,0,0,0
428,1,18.019914,0.424757,0.000000,0.000190,0.535434,2.287618,2.276628,0.126204,0.005710,10.792355,4.903768,1.236776,1.182800,0.000712,0.000305,1.902496,0.000390,0.599728,0.002384,0.632416,0.000000,0.000000,0.000000,0,0,0.000000,0.000000,0.000000,0.000000,0.000000,0.000000,0.000000,0.000000,0.000000,0.000000,0.000000,0.000000,0.000000,0.000000,0,0,0,0,0,0.000000,0.000000,0.000000,0.000000,0.000000,0.000000,0.000000,0.000000,0,0,0,0,0
429,1,18.696733,0.300218,0.000000,0.000163,0.544257,2.255079,2.243988,0.125756,0.005778,10.821489,4.783980,2.037855,0.985586,0.000712,0.000305,1.911082,0.000349,0.586524,0.002485,0.624441,0.000000,0.000000,0.000000,0,0,0.000000,0.000000,0.000000,0.000000,0.000000,0.000000,0.000000,0.000000,0.000000,0.000000,0.000000,0.000000,0.000000,0.000000,0,0,0,0,0,0.000000,0.000000,0.000000,0.000000,0.000000,0.000000,0.000000,0.000000,0,0,0,0,0
430,1,18.087969,0.419250,0.000000,0.000190,0.546414,2.249051,2.237952,0.083174,0.005629,10.862769,4.771372,1.272291,1.219347,0.000671,0.000305,1.953929,0.000329,0.586036,0.002404,0.589162,0.000000,0.000000,0.000000,0,0,0.000000,0.000000,0.000000,0.000000,0.000000,0.000000,0.000000,0.000000,0.000000,0.000000,0.000000,0.000000,0.000000,0.000000,0,0,0,0,0,0.000000,0.000000,0.000000,0.000000,0.000000,0.000000,0.000000,0.000000,0,0,0,0,0
431,1,17.995317,0.337429,0.000000,0.000163,0.531501,2.267239,2.256161,0.082421,0.007324,10.884538,4.736037,1.237020,1.183370,0.000712,0.000305,1.901784,0.000349,0.599864,0.002424,0.587040,0.000000,0.000000,0.000000,0,0,0.000000,0.000000,0.000000,0.000000,0.000000,0.000000,0.000000,0.000000,0.000000,0.000000,0.000000,0.000000,0.000000,0.000000,0,0,0,0,0,0.000000,0.000000,0.000000,0.000000,0.000000,0.000000,0.000000,0.000000,0,0,0,0,0
432,1,18.198605,0.421183,0.000000,0.000190,0.507236,2.300252,2.289100,0.083249,0.006850,10.951535,5.035139,1.236430,1.182421,0.000712,0.000305,1.905609,0.000485,0.638601,0.002465,0.589359,0.000000,0.000000,0.000000,0,0,0.000000,0.000000,0.000000,0.000000,0.000000,0.000000,0.000000,0.000000,0.000000,0.000000,0.000000,0.000000,0.000000,0.000000,0,0,0,0,0,0.000000,0.000000,0.000000,0.000000,0.000000,0.000000,0.000000,0.000000,0,0,0,0,0
433,1,18.385128,0.364163,0.000000,0.000163,0.516690,2.215705,2.204607,0.082421,0.005629,10.960785,4.872060,1.237298,1.182515,0.000834,0.000305,2.307810,0.000349,0.585385,0.002526,0.625797,0.000000,0.000000,0.000000,0,0,0.000000,0.000000,0.000000,0.000000,0.000000,0.000000,0.000000,0.000000,0.000000,0.000000,0.000000,0.000000,0.000000,0.000000,0,0,0,0,0,0.000000,0.000000,0.000000,0.000000,0.000000,0.000000,0.000000,0.000000,0,0,0,0,0
434,1,18.469031,0.420607,0.000000,0.000190,0.546577,2.206224,2.195126,0.082604,0.005629,10.909665,5.067668,1.237101,1.183255,0.000868,0.000332,2.365282,0.000329,0.585629,0.002594,0.586422,0.000000,0.000000,0.000000,0,0,0.000000,0.000000,0.000000,0.000000,0.000000,0.000000,0.000000,0.000000,0.000000,0.000000,0.000000,0.000000,0.000000,0.000000,0,0,0,0,0,0.000000,0.000000,0.000000,0.000000,0.000000,0.000000,0.000000,0.000000,0,0,0,0,0
435,1,17.819658,0.299262,0.000000,0.000163,0.503228,2.248474,2.237464,0.122806,0.005534,10.799822,4.980038,1.236186,1.182292,0.000712,0.000305,1.859399,0.000349,0.635278,0.002465,0.623281,0.000000,0.000000,0.000000,0,0,0.000000,0.000000,0.000000,0.000000,0.000000,0.000000,0.000000,0.000000,0.000000,0.000000,0.000000,0.000000,0.000000,0.000000,0,0,0,0,0,0.000000,0.000000,0.000000,0.000000,0.000000,0.000000,0.000000,0.000000,0,0,0,0,0
436,1,18.025374,0.432882,0.000000,0.000190,0.519904,2.236504,2.225277,0.082767,0.007894,10.894419,4.848378,1.238024,1.183729,0.000746,0.000298,1.871606,0.000383,0.595272,0.002526,0.630456,0.000000,0.000000,0.000000,0,0,0.000000,0.000000,0.000000,0.000000,0.000000,0.000000,0.000000,0.000000,0.000000,0.000000,0.000000,0.000000,0.000000,0.000000,0,0,0,0,0,0.000000,0.000000,0.000000,0.000000,0.000000,0.000000,0.000000,0.000000,0,0,0,0,0
437,1,18.472144,0.334296,0.000000,0.000251,0.504205,2.311768,2.300452,0.083316,0.005636,10.932532,4.973355,1.242513,1.187988,0.000712,0.000305,2.359439,0.000410,0.588009,0.002424,0.589379,0.000000,0.000000,0.000000,0,0,0.000000,0.000000,0.000000,0.000000,0.000000,0.000000,0.000000,0.000000,0.000000,0.000000,0.000000,0.000000,0.000000,0.000000,0,0,0,0,0,0.000000,0.000000,0.000000,0.000000,0.000000,0.000000,0.000000,0.000000,0,0,0,0,0
438,1,17.815955,0.385044,0.000000,0.000190,0.505154,2.260566,2.249481,0.083377,0.005676,10.757036,4.938449,1.237162,1.182312,0.000712,0.000305,1.875695,0.000349,0.597246,0.002445,0.655589,0.000000,0.000000,0.000000,0,0,0.000000,0.000000,0.000000,0.000000,0.000000,0.000000,0.000000,0.000000,0.000000,0.000000,0.000000,0.000000,0.000000,0.000000,0,0,0,0,0,0.000000,0.000000,0.000000,0.000000,0.000000,0.000000,0.000000,0.000000,0,0,0,0,0
439,1,18.399655,0.336636,0.000000,0.000251,0.539666,2.263997,2.252662,0.083438,0.005690,10.904395,4.820119,1.254395,1.199015,0.001126,0.000387,2.312734,0.000349,0.587786,0.002574,0.585303,0.000000,0.000000,0.000000,0,0,0.000000,0.000000,0.000000,0.000000,0.000000,0.000000,0.000000,0.000000,0.000000,0.000000,0.000000,0.000000,0.000000,0.000000,0,0,0,0,0,0.000000,0.000000,0.000000,0.000000,0.000000,0.000000,0.000000,0.000000,0,0,0,0,0
440,1,18.178463,0.418389,0.000000,0.000190,0.509854,2.276815,2.265927,0.083805,0.005629,11.008175,4.879913,1.238159,1.183675,0.000712,0.000305,1.891286,0.000431,0.636519,0.002404,0.620575,0.000000,0.000000,0.000000,0,0,0.000000,0.000000,0.000000,0.000000,0.000000,0.000000,0.000000,0.000000,0.000000,0.000000,0.000000,0.000000,0.000000,0.000000,0,0,0,0,0,0.000000,0.000000,0.000000,0.000000,0.000000,0.000000,0.000000,0.000000,0,0,0,0,0
441,1,17.926409,0.298326,0.000000,0.000163,0.508857,2.323005,2.311635,0.086083,0.005656,10.799557,4.925412,1.238037,1.183967,0.000712,0.000305,1.905548,0.000349,0.651832,0.002424,0.582509,0.000000,0.000000,0.000000,0,0,0.000000,0.000000,0.000000,0.000000,0.000000,0.000000,0.000000,0.000000,0.000000,0.000000,0.000000,0.000000,0.000000,0.000000,0,0,0,0,0,0.000000,0.000000,0.000000,0.000000,0.000000,0.000000,0.000000,0.000000,0,0,0,0,0
442,1,18.064267,0.419142,0.000000,0.000190,0.570299,2.191800,2.180661,0.082564,0.005608,10.908179,4.996925,1.236857,1.182278,0.000746,0.000298,1.948734,0.000444,0.591420,0.002485,0.586680,0.000000,0.000000,0.000000,0,0,0.000000,0.000000,0.000000,0.000000,0.000000,0.000000,0.000000,0.000000,0.000000,0.000000,0.000000,0.000000,0.000000,0.000000,0,0,0,0,0,0.000000,0.000000,0.000000,0.000000,0.000000,0.000000,0.000000,0.000000,0,0,0,0,0
443,1,17.560116,0.004049,0.000000,0.000163,0.442003,2.263923,2.252886,0.083154,0.005649,10.921648,5.021528,1.239271,1.185242,0.000712,0.000305,1.905246,0.000349,0.586056,0.002587,0.601566,0.000000,0.000000,0.000000,0,0,0.000000,0.000000,0.000000,0.000000,0.000000,0.000000,0.000000,0.000000,0.000000,0.000000,0.000000,0.000000,0.000000,0.000000,0,0,0,0,0,0.000000,0.000000,0.000000,0.000000,0.000000,0.000000,0.000000,0.000000,0,0,0,0,0
444,1,17.526038,0.088657,0.000000,0.000203,0.486057,2.274211,2.263004,0.085880,0.005615,10.770179,4.884294,1.235718,1.181783,0.000712,0.000305,1.872040,0.000390,0.598019,0.002411,0.630741,0.000000,0.000000,0.000000,0,0,0.000000,0.000000,0.000000,0.000000,0.000000,0.000000,0.000000,0.000000,0.000000,0.000000,0.000000,0.000000,0.000000,0.000000,0,0,0,0,0,0.000000,0.000000,0.000000,0.000000,0.000000,0.000000,0.000000,0.000000,0,0,0,0,0
445,1,18.039568,0.331143,0.000000,0.000163,0.465895,2.340312,2.329180,0.084822,0.005636,10.902340,4.802507,1.274109,1.220317,0.000746,0.000298,1.937910,0.000349,0.587297,0.002404,0.584524,0.000000,0.000000,0.000000,0,0,0.000000,0.000000,0.000000,0.000000,0.000000,0.000000,0.000000,0.000000,0.000000,0.000000,0.000000,0.000000,0.000000,0.000000,0,0,0,0,0,0.000000,0.000000,0.000000,0.000000,0.000000,0.000000,0.000000,0.000000,0,0,0,0,0
446,1,18.462338,0.423577,0.000000,0.000190,0.511685,2.245612,2.234582,0.122155,0.005656,10.824927,4.985450,1.238234,1.184353,0.000692,0.000305,2.345123,0.000349,0.636397,0.002533,0.588009,0.000000,0.000000,0.000000,0,0,0.000000,0.000000,0.000000,0.000000,0.000000,0.000000,0.000000,0.000000,0.000000,0.000000,0.000000,0.000000,0.000000,0.000000,0,0,0,0,0,0.000000,0.000000,0.000000,0.000000,0.000000,0.000000,0.000000,0.000000,0,0,0,0,0
447,1,17.989946,0.356798,0.000000,0.000163,0.503533,2.230292,2.219072,0.085147,0.005615,10.933387,4.732642,1.271606,1.189758,0.000854,0.000305,1.908295,0.000349,0.585344,0.002608,0.588247,0.000000,0.000000,0.000000,0,0,0.000000,0.000000,0.000000,0.000000,0.000000,0.000000,0.000000,0.000000,0.000000,0.000000,0.000000,0.000000,0.000000,0.000000,0,0,0,0,0,0.000000,0.000000,0.000000,0.000000,0.000000,0.000000,0.000000,0.000000,0,0,0,0,0
448,1,18.390276,0.421563,0.000000,0.000190,0.511766,2.310777,2.299740,0.085778,0.005676,10.786658,4.914334,1.234131,1.179972,0.000712,0.000305,2.325511,0.000383,0.599111,0.002424,0.589013,0.000000,0.000000,0.000000,0,0,0.000000,0.000000,0.000000,0.000000,0.000000,0.000000,0.000000,0.000000,0.000000,0.000000,0.000000,0.000000,0.000000,0.000000,0,0,0,0,0,0.000000,0.000000,0.000000,0.000000,0.000000,0.000000,0.000000,0.000000,0,0,0,0,0
449,1,18.048703,0.336860,0.000000,0.000163,0.502658,2.267415,2.256222,0.083113,0.005595,10.950721,5.005219,1.238017,1.183655,0.000712,0.000305,1.920176,0.000349,0.634688,0.002465,0.741486,0.000000,0.000000,0.000000,0,0,0.000000,0.000000,0.000000,0.000000,0.000000,0.000000,0.000000,0.000000,0.000000,0.000000,0.000000,0.000000,0.000000,0.000000,0,0,0,0,0,0.000000,0.000000,0.000000,0.000000,0.000000,0.000000,0.000000,0.000000,0,0,0,0,0
450,1,18.604394,0.430081,0.000000,0.000190,0.509691,2.270935,2.259871,0.084781,0.005676,11.055498,4.857452,1.237949,1.184082,0.000692,0.000305,2.314823,0.000329,0.585581,0.002424,0.619551,0.000000,0.000000,0.000000,0,0,0.000000,0.000000,0.000000,0.000000,0.000000,0.000000,0.000000,0.000000,0.000000,0.000000,0.000000,0.000000,0.000000,0.000000,0,0,0,0,0,0.000000,0.000000,0.000000,0.000000,0.000000,0.000000,0.000000,0.000000,0,0,0,0,0
451,1,17.801815,0.298652,0.000000,0.000251,0.499437,2.267748,2.256670,0.085154,0.005608,10.802466,4.918121,1.236694,1.182421,0.000854,0.000305,1.855377,0.000390,0.617896,0.002384,0.636132,0.000000,0.000000,0.000000,0,0,0.000000,0.000000,0.000000,0.000000,0.000000,0.000000,0.000000,0.000000,0.000000,0.000000,0.000000,0.000000,0.000000,0.000000,0,0,0,0,0,0.000000,0.000000,0.000000,0.000000,0.000000,0.000000,0.000000,0.000000,0,0,0,0,0
452,1,18.460344,0.449639,0.000000,0.000190,0.500353,2.275960,2.264828,0.082869,0.006938,10.874569,4.829749,1.239461,1.185404,0.000814,0.000305,2.296641,0.000390,0.587297,0.002418,0.621633,0.000000,0.000000,0.000000,0,0,0.000000,0.000000,0.000000,0.000000,0.000000,0.000000,0.000000,0.000000,0.000000,0.000000,0.000000,0.000000,0.000000,0.000000,0,0,0,0,0,0.000000,0.000000,0.000000,0.000000,0.000000,0.000000,0.000000,0.000000,0,0,0,0,0
453,1,18.013424,0.296861,0.000000,0.000190,0.500726,2.334622,2.323564,0.085270,0.005710,10.882463,4.951287,1.276713,1.184882,0.000692,0.000305,1.936161,0.000349,0.585364,0.002526,0.587453,0.000000,0.000000,0.000000,0,0,0.000000,0.000000,0.000000,0.000000,0.000000,0.000000,0.000000,0.000000,0.000000,0.000000,0.000000,0.000000,0.000000,0.000000,0,0,0,0,0,0.000000,0.000000,0.000000,0.000000,0.000000,0.000000,0.000000,0.000000,0,0,0,0,0
454,1,18.091265,0.446309,0.000000,0.000190,0.528354,2.189969,2.178748,0.083154,0.005608,11.012122,4.844581,1.237522,1.183716,0.000692,0.000305,1.884755,0.000349,0.594418,0.002404,0.632958,0.000000,0.000000,0.000000,0,0,0.000000,0.000000,0.000000,0.000000,0.000000,0.000000,0.000000,0.000000,0.000000,0.000000,0.000000,0.000000,0.000000,0.000000,0,0,0,0,0,0.000000,0.000000,0.000000,0.000000,0.000000,0.000000,0.000000,0.000000,0,0,0,0,0
455,1,18.000668,0.334703,0.000000,0.000163,0.529588,2.256192,2.245093,0.083154,0.005588,10.945472,4.935476,1.266683,1.186496,0.000692,0.000305,1.884430,0.000505,0.585215,0.002445,0.735436,0.000000,0.000000,0.000000,0,0,0.000000,0.000000,0.000000,0.000000,0.000000,0.000000,0.000000,0.000000,0.000000,0.000000,0.000000,0.000000,0.000000,0.000000,0,0,0,0,0,0.000000,0.000000,0.000000,0.000000,0.000000,0.000000,0.000000,0.000000,0,0,0,0,0
456,1,18.104123,0.419834,0.000000,0.000190,0.550876,2.292019,2.280616,0.082767,0.007629,10.839739,4.817400,1.262695,1.185371,0.000746,0.000298,1.904972,0.000485,0.596954,0.002445,0.590539,0.000000,0.000000,0.000000,0,0,0.000000,0.000000,0.000000,0.000000,0.000000,0.000000,0.000000,0.000000,0.000000,0.000000,0.000000,0.000000,0.000000,0.000000,0,0,0,0,0,0.000000,0.000000,0.000000,0.000000,0.000000,0.000000,0.000000,0.000000,0,0,0,0,0
457,1,17.873213,0.336073,0.000000,0.000163,0.503018,2.257236,2.246226,0.084089,0.005853,10.812456,4.880239,1.244568,1.189880,0.000848,0.000332,1.885705,0.000349,0.596778,0.002404,0.587426,0.000000,0.000000,0.000000,0,0,0.000000,0.000000,0.000000,0.000000,0.000000,0.000000,0.000000,0.000000,0.000000,0.000000,0.000000,0.000000,0.000000,0.000000,0,0,0,0,0,0.000000,0.000000,0.000000,0.000000,0.000000,0.000000,0.000000,0.000000,0,0,0,0,0
458,1,18.076433,0.420261,0.000000,0.000190,0.568597,2.191630,2.180478,0.082584,0.005588,10.915565,5.004215,1.237712,1.183078,0.000712,0.000305,1.951711,0.000349,0.594072,0.002465,0.588443,0.000000,0.000000,0.000000,0,0,0.000000,0.000000,0.000000,0.000000,0.000000,0.000000,0.000000,0.000000,0.000000,0.000000,0.000000,0.000000,0.000000,0.000000,0,0,0,0,0,0.000000,0.000000,0.000000,0.000000,0.000000,0.000000,0.000000,0.000000,0,0,0,0,0
459,1,17.593184,0.003899,0.000000,0.000210,0.458367,2.267171,2.256087,0.083466,0.005710,10.937456,4.988786,1.239746,1.185635,0.000712,0.000305,1.900258,0.000349,0.587521,0.002567,0.597056,0.000000,0.000000,0.000000,0,0,0.000000,0.000000,0.000000,0.000000,0.000000,0.000000,0.000000,0.000000,0.000000,0.000000,0.000000,0.000000,0.000000,0.000000,0,0,0,0,0,0.000000,0.000000,0.000000,0.000000,0.000000,0.000000,0.000000,0.000000,0,0,0,0,0
460,1,17.932451,0.088718,0.000000,0.000190,0.483778,2.261902,2.250912,0.086165,0.005568,10.779110,4.963023,1.237963,1.183695,0.000746,0.000298,2.295726,0.000383,0.584544,0.002519,0.586253,0.000000,0.000000,0.000000,0,0,0.000000,0.000000,0.000000,0.000000,0.000000,0.000000,0.000000,0.000000,0.000000,0.000000,0.000000,0.000000,0.000000,0.000000,0,0,0,0,0,0.000000,0.000000,0.000000,0.000000,0.000000,0.000000,0.000000,0.000000,0,0,0,0,0
461,1,18.493466,0.334154,0.000000,0.000163,0.505425,2.328837,2.317664,0.083723,0.005629,10.945329,5.031064,1.237996,1.183350,0.000692,0.000305,2.357751,0.000383,0.584524,0.002384,0.590152,0.000000,0.000000,0.000000,0,0,0.000000,0.000000,0.000000,0.000000,0.000000,0.000000,0.000000,0.000000,0.000000,0.000000,0.000000,0.000000,0.000000,0.000000,0,0,0,0,0,0.000000,0.000000,0.000000,0.000000,0.000000,0.000000,0.000000,0.000000,0,0,0,0,0
462,1,17.938758,0.384026,0.000000,0.000190,0.510281,2.266791,2.255714,0.083683,0.005656,10.780290,4.957594,1.234843,1.150153,0.000712,0.000305,1.913422,0.000329,0.650611,0.002431,0.600366,0.000000,0.000000,0.000000,0,0,0.000000,0.000000,0.000000,0.000000,0.000000,0.000000,0.000000,0.000000,0.000000,0.000000,0.000000,0.000000,0.000000,0.000000,0,0,0,0,0,0.000000,0.000000,0.000000,0.000000,0.000000,0.000000,0.000000,0.000000,0,0,0,0,0
463,1,18.026384,0.362108,0.000000,0.000163,0.503669,2.255859,2.244727,0.082787,0.005629,10.993486,4.852244,1.253398,1.198344,0.000746,0.000441,1.866269,0.000349,0.592655,0.002404,0.578291,0.000000,0.000000,0.000000,0,0,0.000000,0.000000,0.000000,0.000000,0.000000,0.000000,0.000000,0.000000,0.000000,0.000000,0.000000,0.000000,0.000000,0.000000,0,0,0,0,0,0.000000,0.000000,0.000000,0.000000,0.000000,0.000000,0.000000,0.000000,0,0,0,0,0
464,1,18.156348,0.088474,0.000000,0.000210,0.463921,2.233175,2.222063,0.082842,0.008179,10.968625,4.900896,1.234599,1.180284,0.000712,0.000305,2.312585,0.000397,0.595428,0.002506,0.588932,0.000000,0.000000,0.000000,0,0,0.000000,0.000000,0.000000,0.000000,0.000000,0.000000,0.000000,0.000000,0.000000,0.000000,0.000000,0.000000,0.000000,0.000000,0,0,0,0,0,0.000000,0.000000,0.000000,0.000000,0.000000,0.000000,0.000000,0.000000,0,0,0,0,0
465,1,18.744931,0.299995,0.000000,0.000163,0.515496,2.256212,2.245134,1.971066,0.010461,5.770148,4.860413,1.230055,1.175476,0.000726,0.000332,2.341543,0.000390,0.586036,0.002438,0.587589,0.000000,0.000000,0.000000,0,0,0.000000,0.000000,0.000000,0.000000,0.000000,0.000000,0.000000,0.000000,0.000000,0.000000,0.000000,0.000000,0.000000,0.000000,0,0,0,0,0,0.000000,0.000000,0.000000,0.000000,0.000000,0.000000,0.000000,0.000000,0,0,0,0,0
466,1,18.062924,0.424086,0.000000,0.000190,0.510674,2.259013,2.247677,0.139336,0.005676,10.825456,4.925812,1.234619,1.180216,0.000712,0.000407,1.897634,0.000349,0.650998,0.002526,0.584456,0.000000,0.000000,0.000000,0,0,0.000000,0.000000,0.000000,0.000000,0.000000,0.000000,0.000000,0.000000,0.000000,0.000000,0.000000,0.000000,0.000000,0.000000,0,0,0,0,0,0.000000,0.000000,0.000000,0.000000,0.000000,0.000000,0.000000,0.000000,0,0,0,0,0
467,1,18.249508,0.297451,0.000000,0.000163,0.510261,2.315091,2.304074,1.932105,0.010915,5.748515,4.768823,1.226935,1.171977,0.000712,0.000305,1.877574,0.000349,0.599606,0.002424,0.630463,0.000000,0.000000,0.000000,0,0,0.000000,0.000000,0.000000,0.000000,0.000000,0.000000,0.000000,0.000000,0.000000,0.000000,0.000000,0.000000,0.000000,0.000000,0,0,0,0,0,0.000000,0.000000,0.000000,0.000000,0.000000,0.000000,0.000000,0.000000,0,0,0,0,0
468,1,18.047991,0.423414,0.000000,0.000190,0.509983,2.258280,2.247189,0.123569,0.005697,10.854624,4.973446,1.236728,1.182617,0.000746,0.000298,1.880720,0.000329,0.639143,0.002485,0.614756,0.000000,0.000000,0.000000,0,0,0.000000,0.000000,0.000000,0.000000,0.000000,0.000000,0.000000,0.000000,0.000000,0.000000,0.000000,0.000000,0.000000,0.000000,0,0,0,0,0,0.000000,0.000000,0.000000,0.000000,0.000000,0.000000,0.000000,0.000000,0,0,0,0,0
469,1,18.154402,0.297085,0.000000,0.000163,0.520596,2.279365,2.268266,1.910397,0.010746,5.702460,4.759359,1.230109,1.175802,0.000712,0.000305,1.868968,0.000329,0.597246,0.002404,0.658776,0.000000,0.000000,0.000000,0,0,0.000000,0.000000,0.000000,0.000000,0.000000,0.000000,0.000000,0.000000,0.000000,0.000000,0.000000,0.000000,0.000000,0.000000,0,0,0,0,0,0.000000,0.000000,0.000000,0.000000,0.000000,0.000000,0.000000,0.000000,0,0,0,0,0
470,1,17.908078,0.384759,0.000000,0.000190,0.499702,2.291185,2.280006,0.086073,0.005669,10.754127,4.876567,1.234402,1.149970,0.000746,0.000298,1.895064,0.000349,0.641659,0.002587,0.583662,0.000000,0.000000,0.000000,0,0,0.000000,0.000000,0.000000,0.000000,0.000000,0.000000,0.000000,0.000000,0.000000,0.000000,0.000000,0.000000,0.000000,0.000000,0,0,0,0,0,0.000000,0.000000,0.000000,0.000000,0.000000,0.000000,0.000000,0.000000,0,0,0,0,0
471,1,18.460609,0.336880,0.000000,0.000163,0.508640,2.258993,2.247806,1.993954,0.010739,5.800137,4.812358,1.246501,1.191467,0.000712,0.000305,1.907664,0.000349,0.625912,0.002404,0.633494,0.000000,0.000000,0.000000,0,0,0.000000,0.000000,0.000000,0.000000,0.000000,0.000000,0.000000,0.000000,0.000000,0.000000,0.000000,0.000000,0.000000,0.000000,0,0,0,0,0,0.000000,0.000000,0.000000,0.000000,0.000000,0.000000,0.000000,0.000000,0,0,0,0,0
472,1,17.611650,0.088576,0.000000,0.000190,0.514981,2.245273,2.234107,0.123596,0.005829,10.786150,4.935733,1.228821,1.175415,0.000726,0.000298,1.899438,0.000390,0.602515,0.002404,0.634464,0.000000,0.000000,0.000000,0,0,0.000000,0.000000,0.000000,0.000000,0.000000,0.000000,0.000000,0.000000,0.000000,0.000000,0.000000,0.000000,0.000000,0.000000,0,0,0,0,0,0.000000,0.000000,0.000000,0.000000,0.000000,0.000000,0.000000,0.000000,0,0,0,0,0
473,1,18.293454,0.003988,0.000000,0.000163,0.453932,2.301188,2.289873,1.914812,0.010596,5.751770,4.872372,1.201253,1.147841,0.000692,0.000305,2.290782,0.000383,0.601329,0.002404,0.589305,0.000000,0.000000,0.000000,0,0,0.000000,0.000000,0.000000,0.000000,0.000000,0.000000,0.000000,0.000000,0.000000,0.000000,0.000000,0.000000,0.000000,0.000000,0,0,0,0,0,0.000000,0.000000,0.000000,0.000000,0.000000,0.000000,0.000000,0.000000,0,0,0,0,0
474,1,17.565481,0.088298,0.000000,0.000190,0.459364,2.235433,2.224403,0.127231,0.005588,10.821530,4.793888,1.239604,1.185527,0.000692,0.000305,1.873199,0.000349,0.600379,0.002384,0.664025,0.000000,0.000000,0.000000,0,0,0.000000,0.000000,0.000000,0.000000,0.000000,0.000000,0.000000,0.000000,0.000000,0.000000,0.000000,0.000000,0.000000,0.000000,0,0,0,0,0,0.000000,0.000000,0.000000,0.000000,0.000000,0.000000,0.000000,0.000000,0,0,0,0,0
475,1,18.218360,0.003933,0.000000,0.000163,0.468540,2.248108,2.236813,1.899431,0.010247,5.705336,4.831092,1.224250,1.169644,0.000712,0.000305,2.302602,0.000349,0.596391,0.002485,0.630402,0.000000,0.000000,0.000000,0,0,0.000000,0.000000,0.000000,0.000000,0.000000,0.000000,0.000000,0.000000,0.000000,0.000000,0.000000,0.000000,0.000000,0.000000,0,0,0,0,0,0.000000,0.000000,0.000000,0.000000,0.000000,0.000000,0.000000,0.000000,0,0,0,0,0
476,1,17.675737,0.088352,0.000000,0.000190,0.452060,2.283691,2.272559,0.085910,0.005676,10.821428,4.845283,1.235636,1.151218,0.000712,0.000346,1.972477,0.000471,0.613909,0.002526,0.587413,0.000000,0.000000,0.000000,0,0,0.000000,0.000000,0.000000,0.000000,0.000000,0.000000,0.000000,0.000000,0.000000,0.000000,0.000000,0.000000,0.000000,0.000000,0,0,0,0,0,0.000000,0.000000,0.000000,0.000000,0.000000,0.000000,0.000000,0.000000,0,0,0,0,0
477,1,18.642961,0.333706,0.000000,0.000163,0.459812,2.265951,2.218462,1.908830,0.010732,5.710246,4.801520,1.225043,1.170227,0.000746,0.000298,2.317183,0.000329,0.631365,0.002404,0.586416,0.000000,0.000000,0.000000,0,0,0.000000,0.000000,0.000000,0.000000,0.000000,0.000000,0.000000,0.000000,0.000000,0.000000,0.000000,0.000000,0.000000,0.000000,0,0,0,0,0,0.000000,0.000000,0.000000,0.000000,0.000000,0.000000,0.000000,0.000000,0,0,0,0,0
478,1,18.017209,0.422275,0.000000,0.000244,0.533095,2.271769,2.260562,0.087545,0.005554,10.803626,4.779795,1.236023,1.182197,0.000712,0.000305,1.915924,0.000349,0.625261,0.002485,0.584781,0.000000,0.000000,0.000000,0,0,0.000000,0.000000,0.000000,0.000000,0.000000,0.000000,0.000000,0.000000,0.000000,0.000000,0.000000,0.000000,0.000000,0.000000,0,0,0,0,0,0.000000,0.000000,0.000000,0.000000,0.000000,0.000000,0.000000,0.000000,0,0,0,0,0
479,1,19.302473,0.298123,0.000000,0.000163,0.508430,2.286241,2.275224,1.916155,0.010474,5.767259,4.861596,1.839322,0.944143,0.000712,0.000305,2.335693,0.000349,0.597694,0.002384,0.587880,0.000000,0.000000,0.000000,0,0,0.000000,0.000000,0.000000,0.000000,0.000000,0.000000,0.000000,0.000000,0.000000,0.000000,0.000000,0.000000,0.000000,0.000000,0,0,0,0,0,0.000000,0.000000,0.000000,0.000000,0.000000,0.000000,0.000000,0.000000,0,0,0,0,0
480,1,18.773719,0.088779,0.000000,0.000190,0.445591,2.271708,2.260617,0.105103,0.007277,10.885827,4.834469,1.237284,1.183173,0.000712,0.000305,1.870636,0.000383,0.642263,0.002384,0.635020,0.000000,0.000000,0.000000,0,0,0.000000,0.000000,0.000000,0.000000,0.000000,0.000000,0.000000,0.000000,0.000000,0.000000,0.000000,0.000000,0.000000,0.000000,0,0,0,0,0,0.000000,0.000000,0.000000,0.000000,0.000000,0.000000,0.000000,0.000000,0,0,0,0,0
481,1,17.447913,0.003947,0.000000,0.000163,0.447354,2.305393,2.294281,0.086511,0.005547,10.751217,4.777381,1.239563,1.185099,0.000712,0.000305,1.874400,0.000349,0.625241,0.002404,0.630985,0.000000,0.000000,0.000000,0,0,0.000000,0.000000,0.000000,0.000000,0.000000,0.000000,0.000000,0.000000,0.000000,0.000000,0.000000,0.000000,0.000000,0.000000,0,0,0,0,0,0.000000,0.000000,0.000000,0.000000,0.000000,0.000000,0.000000,0.000000,0,0,0,0,0
482,1,17.706763,0.088026,0.000000,0.000190,0.449877,2.254483,2.243466,0.124352,0.005608,10.838803,4.935123,1.237522,1.183248,0.000773,0.000305,1.934255,0.000349,0.664934,0.002608,0.583174,0.000000,0.000000,0.000000,0,0,0.000000,0.000000,0.000000,0.000000,0.000000,0.000000,0.000000,0.000000,0.000000,0.000000,0.000000,0.000000,0.000000,0.000000,0,0,0,0,0,0.000000,0.000000,0.000000,0.000000,0.000000,0.000000,0.000000,0.000000,0,0,0,0,0
483,1,17.589949,0.003981,0.000000,0.000163,0.439629,2.240112,2.228899,0.085676,0.005615,10.951433,4.853054,1.271952,1.217529,0.000692,0.000305,1.894663,0.000349,0.587277,0.002587,0.588226,0.000000,0.000000,0.000000,0,0,0.000000,0.000000,0.000000,0.000000,0.000000,0.000000,0.000000,0.000000,0.000000,0.000000,0.000000,0.000000,0.000000,0.000000,0,0,0,0,0,0.000000,0.000000,0.000000,0.000000,0.000000,0.000000,0.000000,0.000000,0,0,0,0,0
484,1,17.522620,0.088148,0.000000,0.000203,0.446214,2.302171,2.290911,0.086327,0.005669,10.757382,4.859636,1.236762,1.182583,0.000712,0.000407,1.865000,0.000390,0.625322,0.002458,0.629974,0.000000,0.000000,0.000000,0,0,0.000000,0.000000,0.000000,0.000000,0.000000,0.000000,0.000000,0.000000,0.000000,0.000000,0.000000,0.000000,0.000000,0.000000,0,0,0,0,0,0.000000,0.000000,0.000000,0.000000,0.000000,0.000000,0.000000,0.000000,0,0,0,0,0
485,1,17.983904,0.330648,0.000000,0.000163,0.471768,2.280891,2.269731,0.084449,0.005731,10.915402,4.875593,1.273010,1.216092,0.000746,0.000298,1.927188,0.000349,0.585670,0.002418,0.622399,0.000000,0.000000,0.000000,0,0,0.000000,0.000000,0.000000,0.000000,0.000000,0.000000,0.000000,0.000000,0.000000,0.000000,0.000000,0.000000,0.000000,0.000000,0,0,0,0,0,0.000000,0.000000,0.000000,0.000000,0.000000,0.000000,0.000000,0.000000,0,0,0,0,0
486,1,17.966292,0.384745,0.000000,0.000190,0.518589,2.276754,2.265622,0.083784,0.005669,10.784929,4.837406,1.238383,1.184631,0.000746,0.000332,1.938365,0.000329,0.625953,0.002526,0.583866,0.000000,0.000000,0.000000,0,0,0.000000,0.000000,0.000000,0.000000,0.000000,0.000000,0.000000,0.000000,0.000000,0.000000,0.000000,0.000000,0.000000,0.000000,0,0,0,0,0,0.000000,0.000000,0.000000,0.000000,0.000000,0.000000,0.000000,0.000000,0,0,0,0,0
487,1,18.423642,0.336595,0.000000,0.000163,0.519762,2.215502,2.204485,0.082604,0.007623,10.955339,4.906186,1.235040,1.181152,0.000712,0.000305,2.308502,0.000349,0.592445,0.002404,0.579112,0.000000,0.000000,0.000000,0,0,0.000000,0.000000,0.000000,0.000000,0.000000,0.000000,0.000000,0.000000,0.000000,0.000000,0.000000,0.000000,0.000000,0.000000,0,0,0,0,0,0.000000,0.000000,0.000000,0.000000,0.000000,0.000000,0.000000,0.000000,0,0,0,0,0
488,1,17.971642,0.089186,0.000000,0.000190,0.455960,2.278415,2.267229,0.119876,0.005690,10.783858,4.887373,1.246175,1.191508,0.000746,0.000298,2.297102,0.000390,0.586334,0.002418,0.598426,0.000000,0.000000,0.000000,0,0,0.000000,0.000000,0.000000,0.000000,0.000000,0.000000,0.000000,0.000000,0.000000,0.000000,0.000000,0.000000,0.000000,0.000000,0,0,0,0,0,0.000000,0.000000,0.000000,0.000000,0.000000,0.000000,0.000000,0.000000,0,0,0,0,0
489,1,17.635698,0.004110,0.000000,0.000163,0.413011,2.315498,2.304440,0.084313,0.005669,10.901608,4.929786,1.273132,1.217428,0.000834,0.000305,1.942373,0.000349,0.586544,0.002485,0.589101,0.000000,0.000000,0.000000,0,0,0.000000,0.000000,0.000000,0.000000,0.000000,0.000000,0.000000,0.000000,0.000000,0.000000,0.000000,0.000000,0.000000,0.000000,0,0,0,0,0,0.000000,0.000000,0.000000,0.000000,0.000000,0.000000,0.000000,0.000000,0,0,0,0,0
490,1,17.573022,0.123291,0.000000,0.000203,0.410834,2.258857,2.247901,0.085473,0.005629,10.780779,4.931152,1.237712,1.184285,0.000712,0.000305,1.914256,0.000349,0.647152,0.002547,0.584435,0.000000,0.000000,0.000000,0,0,0.000000,0.000000,0.000000,0.000000,0.000000,0.000000,0.000000,0.000000,0.000000,0.000000,0.000000,0.000000,0.000000,0.000000,0,0,0,0,0,0.000000,0.000000,0.000000,0.000000,0.000000,0.000000,0.000000,0.000000,0,0,0,0,0
491,1,18.389889,0.338650,0.000000,0.000163,0.540541,2.261414,2.250404,0.082828,0.005629,10.945024,4.749291,1.240533,1.185547,0.000787,0.000359,2.280073,0.000349,0.585141,0.002465,0.587880,0.000000,0.000000,0.000000,0,0,0.000000,0.000000,0.000000,0.000000,0.000000,0.000000,0.000000,0.000000,0.000000,0.000000,0.000000,0.000000,0.000000,0.000000,0,0,0,0,0,0.000000,0.000000,0.000000,0.000000,0.000000,0.000000,0.000000,0.000000,0,0,0,0,0
492,1,18.563127,0.384820,0.000000,0.000190,0.585320,2.264648,2.253374,0.084395,0.005629,10.897519,4.761817,1.272651,1.219082,0.000746,0.000332,2.369232,0.000383,0.589427,0.002397,0.609907,0.000000,0.000000,0.000000,0,0,0.000000,0.000000,0.000000,0.000000,0.000000,0.000000,0.000000,0.000000,0.000000,0.000000,0.000000,0.000000,0.000000,0.000000,0,0,0,0,0,0.000000,0.000000,0.000000,0.000000,0.000000,0.000000,0.000000,0.000000,0,0,0,0,0
493,1,17.416216,0.003886,0.000000,0.000163,0.452671,2.291158,2.280128,0.086165,0.005595,10.751299,4.925479,1.237122,1.182502,0.000692,0.000305,1.878855,0.000471,0.599633,0.002513,0.670841,0.000000,0.000000,0.000000,0,0,0.000000,0.000000,0.000000,0.000000,0.000000,0.000000,0.000000,0.000000,0.000000,0.000000,0.000000,0.000000,0.000000,0.000000,0,0,0,0,0,0.000000,0.000000,0.000000,0.000000,0.000000,0.000000,0.000000,0.000000,0,0,0,0,0
494,1,18.032488,0.418165,0.000000,0.000190,0.509142,2.253201,2.242143,0.082848,0.005649,10.907488,4.947106,1.237732,1.183370,0.000712,0.000305,1.924754,0.000329,0.583920,0.002424,0.597219,0.000000,0.000000,0.000000,0,0,0.000000,0.000000,0.000000,0.000000,0.000000,0.000000,0.000000,0.000000,0.000000,0.000000,0.000000,0.000000,0.000000,0.000000,0,0,0,0,0,0.000000,0.000000,0.000000,0.000000,0.000000,0.000000,0.000000,0.000000,0,0,0,0,0
495,1,17.807722,0.299832,0.000000,0.000264,0.537543,2.294074,2.282664,0.085493,0.005669,10.754249,4.770749,1.226725,1.172892,0.000712,0.000305,1.894182,0.000349,0.600094,0.002424,0.632538,0.000000,0.000000,0.000000,0,0,0.000000,0.000000,0.000000,0.000000,0.000000,0.000000,0.000000,0.000000,0.000000,0.000000,0.000000,0.000000,0.000000,0.000000,0,0,0,0,0,0.000000,0.000000,0.000000,0.000000,0.000000,0.000000,0.000000,0.000000,0,0,0,0,0
496,1,18.124386,0.422824,0.000000,0.000190,0.507840,2.295478,2.284359,0.152713,0.005676,10.770416,4.883175,1.237149,1.183017,0.000712,0.000305,1.937917,0.000404,0.685177,0.002465,0.584395,0.000000,0.000000,0.000000,0,0,0.000000,0.000000,0.000000,0.000000,0.000000,0.000000,0.000000,0.000000,0.000000,0.000000,0.000000,0.000000,0.000000,0.000000,0,0,0,0,0,0.000000,0.000000,0.000000,0.000000,0.000000,0.000000,0.000000,0.000000,0,0,0,0,0
497,1,17.596025,0.004096,0.000000,0.000163,0.459032,2.215013,2.203874,0.082197,0.005568,10.969520,4.805735,1.273539,1.217231,0.000712,0.000305,1.879771,0.000349,0.597958,0.002526,0.587853,0.000000,0.000000,0.000000,0,0,0.000000,0.000000,0.000000,0.000000,0.000000,0.000000,0.000000,0.000000,0.000000,0.000000,0.000000,0.000000,0.000000,0.000000,0,0,0,0,0,0.000000,0.000000,0.000000,0.000000,0.000000,0.000000,0.000000,0.000000,0,0,0,0,0
498,1,17.777747,0.089532,0.000000,0.000190,0.443590,2.307807,2.296485,0.085290,0.005717,10.948117,4.989414,1.237094,1.182210,0.000712,0.000305,1.956451,0.000329,0.594845,0.002465,0.588443,0.000000,0.000000,0.000000,0,0,0.000000,0.000000,0.000000,0.000000,0.000000,0.000000,0.000000,0.000000,0.000000,0.000000,0.000000,0.000000,0.000000,0.000000,0,0,0,0,0,0.000000,0.000000,0.000000,0.000000,0.000000,0.000000,0.000000,0.000000,0,0,0,0,0
499,1,17.463172,0.003906,0.000000,0.000163,0.446723,2.268521,2.257402,0.124800,0.005710,10.805884,4.962019,1.236837,1.182339,0.000712,0.000305,1.863963,0.000349,0.597917,0.002404,0.764693,0.000000,0.000000,0.000000,0,0,0.000000,0.000000,0.000000,0.000000,0.000000,0.000000,0.000000,0.000000,0.000000,0.000000,0.000000,0.000000,0.000000,0.000000,0,0,0,0,0,0.000000,0.000000,0.000000,0.000000,0.000000,0.000000,0.000000,0.000000,0,0,0,0,0
500,1,18.511369,0.417331,0.000000,0.000197,0.527432,2.214688,2.203590,0.082319,0.005669,10.929704,4.967048,1.237067,1.182583,0.000712,0.000305,2.376963,0.000390,0.611040,0.002540,0.586307,0.000000,0.000000,0.000000,0,0,0.000000,0.000000,0.000000,0.000000,0.000000,0.000000,0.000000,0.000000,0.000000,0.000000,0.000000,0.000000,0.000000,0.000000,0,0,0,0,0,0.000000,0.000000,0.000000,0.000000,0.000000,0.000000,0.000000,0.000000,0,0,0,0,0
501,1,17.798336,0.298815,0.000000,0.000163,0.540636,2.282111,2.271054,0.086816,0.005629,10.739492,4.734555,1.229424,1.175279,0.000712,0.000346,1.909414,0.000349,0.596697,0.002445,0.630096,0.000000,0.000000,0.000000,0,0,0.000000,0.000000,0.000000,0.000000,0.000000,0.000000,0.000000,0.000000,0.000000,0.000000,0.000000,0.000000,0.000000,0.000000,0,0,0,0,0,0.000000,0.000000,0.000000,0.000000,0.000000,0.000000,0.000000,0.000000,0,0,0,0,0
502,1,18.496294,0.423211,0.000000,0.000190,0.512811,2.277140,2.265886,0.150896,0.005615,10.828000,4.992659,1.233331,1.147712,0.000712,0.000305,2.370758,0.000349,0.585229,0.002485,0.630707,0.000000,0.000000,0.000000,0,0,0.000000,0.000000,0.000000,0.000000,0.000000,0.000000,0.000000,0.000000,0.000000,0.000000,0.000000,0.000000,0.000000,0.000000,0,0,0,0,0,0.000000,0.000000,0.000000,0.000000,0.000000,0.000000,0.000000,0.000000,0,0,0,0,0
503,1,17.542091,0.004116,0.000000,0.000163,0.444797,2.243815,2.232541,0.083384,0.007446,10.873735,4.850413,1.276937,1.221436,0.000692,0.000305,1.865204,0.000349,0.595883,0.002404,0.585215,0.000000,0.000000,0.000000,0,0,0.000000,0.000000,0.000000,0.000000,0.000000,0.000000,0.000000,0.000000,0.000000,0.000000,0.000000,0.000000,0.000000,0.000000,0,0,0,0,0,0.000000,0.000000,0.000000,0.000000,0.000000,0.000000,0.000000,0.000000,0,0,0,0,0
504,1,18.599728,0.420308,0.000000,0.000190,0.468146,2.357388,2.309974,0.084781,0.005710,10.958025,4.937659,1.237922,1.183614,0.000746,0.000298,2.370548,0.000390,0.586890,0.002418,0.589196,0.000000,0.000000,0.000000,0,0,0.000000,0.000000,0.000000,0.000000,0.000000,0.000000,0.000000,0.000000,0.000000,0.000000,0.000000,0.000000,0.000000,0.000000,0,0,0,0,0,0.000000,0.000000,0.000000,0.000000,0.000000,0.000000,0.000000,0.000000,0,0,0,0,0
505,1,18.066850,0.336433,0.000000,0.000163,0.513604,2.297323,2.286292,0.125207,0.006321,10.791216,4.846873,1.236810,1.182156,0.000712,0.000305,1.939199,0.000444,0.683163,0.002404,0.686452,0.000000,0.000000,0.000000,0,0,0.000000,0.000000,0.000000,0.000000,0.000000,0.000000,0.000000,0.000000,0.000000,0.000000,0.000000,0.000000,0.000000,0.000000,0,0,0,0,0,0.000000,0.000000,0.000000,0.000000,0.000000,0.000000,0.000000,0.000000,0,0,0,0,0
506,1,18.513140,0.417331,0.000000,0.000190,0.509894,2.251533,2.240455,0.082726,0.005690,10.908668,4.961863,1.238498,1.183824,0.000692,0.000305,2.388133,0.000329,0.600847,0.002424,0.588192,0.000000,0.000000,0.000000,0,0,0.000000,0.000000,0.000000,0.000000,0.000000,0.000000,0.000000,0.000000,0.000000,0.000000,0.000000,0.000000,0.000000,0.000000,0,0,0,0,0,0.000000,0.000000,0.000000,0.000000,0.000000,0.000000,0.000000,0.000000,0,0,0,0,0
507,1,17.803219,0.298815,0.000000,0.000163,0.536485,2.277208,2.266130,0.085229,0.005649,10.777056,4.920325,1.238749,1.185310,0.000712,0.000305,1.888072,0.000349,0.586687,0.002465,0.627289,0.000000,0.000000,0.000000,0,0,0.000000,0.000000,0.000000,0.000000,0.000000,0.000000,0.000000,0.000000,0.000000,0.000000,0.000000,0.000000,0.000000,0.000000,0,0,0,0,0,0.000000,0.000000,0.000000,0.000000,0.000000,0.000000,0.000000,0.000000,0,0,0,0,0
508,1,18.099708,0.423333,0.000000,0.000190,0.506009,2.291796,2.280514,0.109233,0.005568,10.823361,4.986064,1.237420,1.152818,0.000712,0.000305,1.898977,0.000390,0.658281,0.002533,0.582950,0.000000,0.000000,0.000000,0,0,0.000000,0.000000,0.000000,0.000000,0.000000,0.000000,0.000000,0.000000,0.000000,0.000000,0.000000,0.000000,0.000000,0.000000,0,0,0,0,0,0.000000,0.000000,0.000000,0.000000,0.000000,0.000000,0.000000,0.000000,0,0,0,0,0
509,1,17.532840,0.004001,0.000000,0.000190,0.444404,2.262010,2.250953,0.083093,0.006788,10.841265,4.882867,1.264893,1.183370,0.000712,0.000305,1.882762,0.000349,0.596269,0.002445,0.584727,0.000000,0.000000,0.000000,0,0,0.000000,0.000000,0.000000,0.000000,0.000000,0.000000,0.000000,0.000000,0.000000,0.000000,0.000000,0.000000,0.000000,0.000000,0,0,0,0,0,0.000000,0.000000,0.000000,0.000000,0.000000,0.000000,0.000000,0.000000,0,0,0,0,0
510,1,18.168698,0.419902,0.000000,0.000190,0.542331,2.264242,2.253130,0.084130,0.005751,10.946143,4.927697,1.277201,1.220642,0.000712,0.000305,1.927867,0.000329,0.591407,0.002404,0.580204,0.000000,0.000000,0.000000,0,0,0.000000,0.000000,0.000000,0.000000,0.000000,0.000000,0.000000,0.000000,0.000000,0.000000,0.000000,0.000000,0.000000,0.000000,0,0,0,0,0,0.000000,0.000000,0.000000,0.000000,0.000000,0.000000,0.000000,0.000000,0,0,0,0,0
511,1,18.075151,0.336514,0.000000,0.000163,0.497898,2.276550,2.265418,0.083316,0.006775,10.933346,4.892710,1.247762,1.194010,0.000753,0.000305,1.890147,0.000363,0.646189,0.002411,0.581051,0.000000,0.000000,0.000000,0,0,0.000000,0.000000,0.000000,0.000000,0.000000,0.000000,0.000000,0.000000,0.000000,0.000000,0.000000,0.000000,0.000000,0.000000,0,0,0,0,0,0.000000,0.000000,0.000000,0.000000,0.000000,0.000000,0.000000,0.000000,0,0,0,0,0
512,1,18.037472,0.417169,0.000000,0.000190,0.509250,2.266052,2.254961,0.083296,0.005629,10.916480,4.930389,1.236152,1.182197,0.000793,0.000305,1.908518,0.000390,0.585751,0.002479,0.615401,0.000000,0.000000,0.000000,0,0,0.000000,0.000000,0.000000,0.000000,0.000000,0.000000,0.000000,0.000000,0.000000,0.000000,0.000000,0.000000,0.000000,0.000000,0,0,0,0,0,0.000000,0.000000,0.000000,0.000000,0.000000,0.000000,0.000000,0.000000,0,0,0,0,0
513,1,17.929725,0.336534,0.000000,0.000163,0.519626,2.273376,2.262366,0.122562,0.005615,10.824419,4.961063,1.241597,1.186829,0.000692,0.000305,1.900218,0.000349,0.597144,0.002404,0.628835,0.000000,0.000000,0.000000,0,0,0.000000,0.000000,0.000000,0.000000,0.000000,0.000000,0.000000,0.000000,0.000000,0.000000,0.000000,0.000000,0.000000,0.000000,0,0,0,0,0,0.000000,0.000000,0.000000,0.000000,0.000000,0.000000,0.000000,0.000000,0,0,0,0,0
514,1,18.505429,0.423069,0.000000,0.000190,0.510837,2.273702,2.262631,0.146874,0.005615,10.876685,4.973982,1.235304,1.181600,0.000753,0.000305,2.330882,0.000349,0.593258,0.002404,0.587894,0.000000,0.000000,0.000000,0,0,0.000000,0.000000,0.000000,0.000000,0.000000,0.000000,0.000000,0.000000,0.000000,0.000000,0.000000,0.000000,0.000000,0.000000,0,0,0,0,0,0.000000,0.000000,0.000000,0.000000,0.000000,0.000000,0.000000,0.000000,0,0,0,0,0
515,1,18.456662,0.333828,0.000000,0.000163,0.502984,2.228000,2.216773,0.084781,0.005608,10.915524,4.850067,1.269891,1.178487,0.000692,0.000305,2.397105,0.000349,0.609290,0.002485,0.588260,0.000000,0.000000,0.000000,0,0,0.000000,0.000000,0.000000,0.000000,0.000000,0.000000,0.000000,0.000000,0.000000,0.000000,0.000000,0.000000,0.000000,0.000000,0,0,0,0,0,0.000000,0.000000,0.000000,0.000000,0.000000,0.000000,0.000000,0.000000,0,0,0,0,0
516,1,18.219560,0.421956,0.000000,0.000190,0.511773,2.288106,2.277103,0.083113,0.005595,11.071469,5.037465,1.249471,1.195638,0.000814,0.000305,1.861684,0.000390,0.616309,0.002506,0.631866,0.000000,0.000000,0.000000,0,0,0.000000,0.000000,0.000000,0.000000,0.000000,0.000000,0.000000,0.000000,0.000000,0.000000,0.000000,0.000000,0.000000,0.000000,0,0,0,0,0,0.000000,0.000000,0.000000,0.000000,0.000000,0.000000,0.000000,0.000000,0,0,0,0,0
517,1,18.540117,0.337307,0.000000,0.000163,0.524509,2.245117,2.234026,0.082665,0.005669,11.037269,4.837616,1.238037,1.183634,0.000746,0.000298,2.360518,0.000349,0.599511,0.002465,0.630320,0.000000,0.000000,0.000000,0,0,0.000000,0.000000,0.000000,0.000000,0.000000,0.000000,0.000000,0.000000,0.000000,0.000000,0.000000,0.000000,0.000000,0.000000,0,0,0,0,0,0.000000,0.000000,0.000000,0.000000,0.000000,0.000000,0.000000,0.000000,0,0,0,0,0
518,1,18.101844,0.414137,0.000000,0.000190,0.513441,2.253398,2.242327,0.083540,0.005792,10.994931,4.946326,1.241272,1.187642,0.000712,0.000305,1.889733,0.000329,0.596493,0.002404,0.662689,0.000000,0.000000,0.000000,0,0,0.000000,0.000000,0.000000,0.000000,0.000000,0.000000,0.000000,0.000000,0.000000,0.000000,0.000000,0.000000,0.000000,0.000000,0,0,0,0,0,0.000000,0.000000,0.000000,0.000000,0.000000,0.000000,0.000000,0.000000,0,0,0,0,0
519,1,18.215552,0.300015,0.000000,0.000163,0.531447,2.251919,2.240855,0.123355,0.005676,10.770159,4.862444,1.227702,1.174276,0.000712,0.000387,2.308801,0.000349,0.587745,0.002465,0.587914,0.000000,0.000000,0.000000,0,0,0.000000,0.000000,0.000000,0.000000,0.000000,0.000000,0.000000,0.000000,0.000000,0.000000,0.000000,0.000000,0.000000,0.000000,0,0,0,0,0,0.000000,0.000000,0.000000,0.000000,0.000000,0.000000,0.000000,0.000000,0,0,0,0,0
520,1,18.192949,0.424147,0.000000,0.000244,0.505032,2.294908,2.283912,0.083445,0.006327,10.919552,4.928043,1.245280,1.190748,0.000712,0.000305,1.901560,0.000390,0.652239,0.002533,0.583825,0.000000,0.000000,0.000000,0,0,0.000000,0.000000,0.000000,0.000000,0.000000,0.000000,0.000000,0.000000,0.000000,0.000000,0.000000,0.000000,0.000000,0.000000,0,0,0,0,0,0.000000,0.000000,0.000000,0.000000,0.000000,0.000000,0.000000,0.000000,0,0,0,0,0
521,1,17.929135,0.299242,0.000000,0.000163,0.500821,2.293098,2.281999,0.084863,0.005758,10.848548,4.880744,1.240173,1.145426,0.000746,0.000298,1.957991,0.000329,0.588721,0.002485,0.606883,0.000000,0.000000,0.000000,0,0,0.000000,0.000000,0.000000,0.000000,0.000000,0.000000,0.000000,0.000000,0.000000,0.000000,0.000000,0.000000,0.000000,0.000000,0,0,0,0,0,0.000000,0.000000,0.000000,0.000000,0.000000,0.000000,0.000000,0.000000,0,0,0,0,0
522,1,17.994178,0.423170,0.000000,0.000190,0.544746,2.252733,2.241574,0.124373,0.005697,10.798662,4.878008,1.241408,1.187141,0.000712,0.000305,1.893138,0.000349,0.601335,0.002445,0.631866,0.000000,0.000000,0.000000,0,0,0.000000,0.000000,0.000000,0.000000,0.000000,0.000000,0.000000,0.000000,0.000000,0.000000,0.000000,0.000000,0.000000,0.000000,0,0,0,0,0,0.000000,0.000000,0.000000,0.000000,0.000000,0.000000,0.000000,0.000000,0,0,0,0,0
523,1,18.105452,0.335843,0.000000,0.000163,0.499464,2.288961,2.277849,0.082971,0.005575,11.048899,4.998254,1.238166,1.184028,0.000678,0.000305,1.878123,0.000363,0.618134,0.002404,0.628286,0.000000,0.000000,0.000000,0,0,0.000000,0.000000,0.000000,0.000000,0.000000,0.000000,0.000000,0.000000,0.000000,0.000000,0.000000,0.000000,0.000000,0.000000,0,0,0,0,0,0.000000,0.000000,0.000000,0.000000,0.000000,0.000000,0.000000,0.000000,0,0,0,0,0
524,1,17.708194,0.088596,0.000000,0.000190,0.441359,2.265564,2.254398,0.083215,0.005751,10.986630,4.900862,1.260098,1.204264,0.000692,0.000305,1.874603,0.000383,0.592784,0.002384,0.582442,0.000000,0.000000,0.000000,0,0,0.000000,0.000000,0.000000,0.000000,0.000000,0.000000,0.000000,0.000000,0.000000,0.000000,0.000000,0.000000,0.000000,0.000000,0,0,0,0,0,0.000000,0.000000,0.000000,0.000000,0.000000,0.000000,0.000000,0.000000,0,0,0,0,0
525,1,17.587786,0.003886,0.000000,0.000163,0.449395,2.342102,2.330475,0.085697,0.005669,10.799374,4.959839,1.236674,1.182461,0.000712,0.000305,1.906911,0.000349,0.648699,0.002404,0.581696,0.000000,0.000000,0.000000,0,0,0.000000,0.000000,0.000000,0.000000,0.000000,0.000000,0.000000,0.000000,0.000000,0.000000,0.000000,0.000000,0.000000,0.000000,0,0,0,0,0,0.000000,0.000000,0.000000,0.000000,0.000000,0.000000,0.000000,0.000000,0,0,0,0,0
526,1,18.173906,0.419834,0.000000,0.000197,0.514940,2.263516,2.252499,0.082767,0.007880,11.018673,4.932838,1.235731,1.181315,0.000712,0.000305,1.876231,0.000349,0.608070,0.002424,0.622786,0.000000,0.000000,0.000000,0,0,0.000000,0.000000,0.000000,0.000000,0.000000,0.000000,0.000000,0.000000,0.000000,0.000000,0.000000,0.000000,0.000000,0.000000,0,0,0,0,0,0.000000,0.000000,0.000000,0.000000,0.000000,0.000000,0.000000,0.000000,0,0,0,0,0
527,1,18.212928,0.332119,0.000000,0.000163,0.500027,2.244168,2.233090,0.123091,0.005778,10.786231,4.803206,1.237684,1.184041,0.000746,0.000298,2.291161,0.000349,0.584103,0.002587,0.611786,0.000000,0.000000,0.000000,0,0,0.000000,0.000000,0.000000,0.000000,0.000000,0.000000,0.000000,0.000000,0.000000,0.000000,0.000000,0.000000,0.000000,0.000000,0,0,0,0,0,0.000000,0.000000,0.000000,0.000000,0.000000,0.000000,0.000000,0.000000,0,0,0,0,0
528,1,17.972002,0.423577,0.000000,0.000190,0.544644,2.260281,2.249244,0.124902,0.005751,10.769569,4.836616,1.238973,1.184733,0.000712,0.000305,1.894358,0.000492,0.601376,0.002384,0.633636,0.000000,0.000000,0.000000,0,0,0.000000,0.000000,0.000000,0.000000,0.000000,0.000000,0.000000,0.000000,0.000000,0.000000,0.000000,0.000000,0.000000,0.000000,0,0,0,0,0,0.000000,0.000000,0.000000,0.000000,0.000000,0.000000,0.000000,0.000000,0,0,0,0,0
529,1,18.883874,0.004110,0.000000,0.000163,0.488295,2.267626,2.256310,0.084191,0.005669,10.999915,4.897122,1.991577,0.945872,0.000712,0.000305,2.310333,0.000349,0.622291,0.002377,0.629669,0.000000,0.000000,0.000000,0,0,0.000000,0.000000,0.000000,0.000000,0.000000,0.000000,0.000000,0.000000,0.000000,0.000000,0.000000,0.000000,0.000000,0.000000,0,0,0,0,0,0.000000,0.000000,0.000000,0.000000,0.000000,0.000000,0.000000,0.000000,0,0,0,0,0
530,1,18.071143,0.417338,0.000000,0.000197,0.464891,2.258681,2.211239,0.084985,0.005880,10.931861,4.859209,1.272393,1.216621,0.000712,0.000305,1.940420,0.000329,0.585344,0.002384,0.622080,0.000000,0.000000,0.000000,0,0,0.000000,0.000000,0.000000,0.000000,0.000000,0.000000,0.000000,0.000000,0.000000,0.000000,0.000000,0.000000,0.000000,0.000000,0,0,0,0,0,0.000000,0.000000,0.000000,0.000000,0.000000,0.000000,0.000000,0.000000,0,0,0,0,0
531,1,18.315040,0.336595,0.000000,0.000163,0.556403,2.201402,2.190304,0.082401,0.007182,10.877438,4.851674,1.236471,1.182129,0.000800,0.000359,2.281877,0.000349,0.588437,0.002445,0.588654,0.000000,0.000000,0.000000,0,0,0.000000,0.000000,0.000000,0.000000,0.000000,0.000000,0.000000,0.000000,0.000000,0.000000,0.000000,0.000000,0.000000,0.000000,0,0,0,0,0,0.000000,0.000000,0.000000,0.000000,0.000000,0.000000,0.000000,0.000000,0,0,0,0,0
532,1,17.568234,0.088148,0.000000,0.000190,0.455492,2.254462,2.243384,0.122501,0.005710,10.831784,4.883175,1.238322,1.184123,0.000753,0.000305,1.864146,0.000390,0.598996,0.002547,0.641490,0.000000,0.000000,0.000000,0,0,0.000000,0.000000,0.000000,0.000000,0.000000,0.000000,0.000000,0.000000,0.000000,0.000000,0.000000,0.000000,0.000000,0.000000,0,0,0,0,0,0.000000,0.000000,0.000000,0.000000,0.000000,0.000000,0.000000,0.000000,0,0,0,0,0
533,1,18.400570,0.333788,0.000000,0.000163,0.499017,2.287496,2.276466,0.086083,0.005608,10.857886,4.862264,1.236348,1.182149,0.000746,0.000298,2.335290,0.000349,0.649309,0.002431,0.583242,0.000000,0.000000,0.000000,0,0,0.000000,0.000000,0.000000,0.000000,0.000000,0.000000,0.000000,0.000000,0.000000,0.000000,0.000000,0.000000,0.000000,0.000000,0,0,0,0,0,0.000000,0.000000,0.000000,0.000000,0.000000,0.000000,0.000000,0.000000,0,0,0,0,0
534,1,17.949398,0.423170,0.000000,0.000190,0.543525,2.288615,2.277008,0.085534,0.005669,10.756324,4.807512,1.228495,1.174649,0.000712,0.000448,1.911034,0.000349,0.597022,0.002363,0.629690,0.000000,0.000000,0.000000,0,0,0.000000,0.000000,0.000000,0.000000,0.000000,0.000000,0.000000,0.000000,0.000000,0.000000,0.000000,0.000000,0.000000,0.000000,0,0,0,0,0,0.000000,0.000000,0.000000,0.000000,0.000000,0.000000,0.000000,0.000000,0,0,0,0,0
535,1,18.094988,0.335741,0.000000,0.000190,0.498121,2.266357,2.255246,0.083072,0.005595,11.030107,5.021684,1.235474,1.182068,0.000712,0.000305,1.900848,0.000471,0.629676,0.002404,0.587474,0.000000,0.000000,0.000000,0,0,0.000000,0.000000,0.000000,0.000000,0.000000,0.000000,0.000000,0.000000,0.000000,0.000000,0.000000,0.000000,0.000000,0.000000,0,0,0,0,0,0.000000,0.000000,0.000000,0.000000,0.000000,0.000000,0.000000,0.000000,0,0,0,0,0
536,1,17.709876,0.119439,0.000000,0.000190,0.436354,2.273499,2.262448,0.082299,0.005527,10.940101,4.940854,1.266201,1.182841,0.000793,0.000305,1.892846,0.000383,0.584259,0.002560,0.584524,0.000000,0.000000,0.000000,0,0,0.000000,0.000000,0.000000,0.000000,0.000000,0.000000,0.000000,0.000000,0.000000,0.000000,0.000000,0.000000,0.000000,0.000000,0,0,0,0,0,0.000000,0.000000,0.000000,0.000000,0.000000,0.000000,0.000000,0.000000,0,0,0,0,0
537,1,17.998518,0.337145,0.000000,0.000163,0.567268,2.247036,2.235999,0.083093,0.007745,10.884152,4.882005,1.237929,1.183356,0.000746,0.000298,1.892012,0.000349,0.596107,0.002384,0.586151,0.000000,0.000000,0.000000,0,0,0.000000,0.000000,0.000000,0.000000,0.000000,0.000000,0.000000,0.000000,0.000000,0.000000,0.000000,0.000000,0.000000,0.000000,0,0,0,0,0,0.000000,0.000000,0.000000,0.000000,0.000000,0.000000,0.000000,0.000000,0,0,0,0,0
538,1,18.144894,0.419752,0.000000,0.000190,0.522820,2.222432,2.211307,0.083601,0.005568,10.994361,5.093628,1.244154,1.189643,0.000712,0.000305,1.923038,0.000349,0.619775,0.002377,0.634288,0.000000,0.000000,0.000000,0,0,0.000000,0.000000,0.000000,0.000000,0.000000,0.000000,0.000000,0.000000,0.000000,0.000000,0.000000,0.000000,0.000000,0.000000,0,0,0,0,0,0.000000,0.000000,0.000000,0.000000,0.000000,0.000000,0.000000,0.000000,0,0,0,0,0
539,1,17.834815,0.332425,0.000000,0.000163,0.509610,2.242581,2.231523,0.124637,0.005812,10.829037,4.781891,1.226868,1.172797,0.000692,0.000305,1.854462,0.000349,0.600562,0.002404,0.658430,0.000000,0.000000,0.000000,0,0,0.000000,0.000000,0.000000,0.000000,0.000000,0.000000,0.000000,0.000000,0.000000,0.000000,0.000000,0.000000,0.000000,0.000000,0,0,0,0,0,0.000000,0.000000,0.000000,0.000000,0.000000,0.000000,0.000000,0.000000,0,0,0,0,0
540,1,17.989682,0.423374,0.000000,0.000190,0.558770,2.202983,2.191817,0.083147,0.005853,10.845517,4.968584,1.227966,1.173787,0.000692,0.000305,1.893334,0.000383,0.600901,0.002404,0.633962,0.000000,0.000000,0.000000,0,0,0.000000,0.000000,0.000000,0.000000,0.000000,0.000000,0.000000,0.000000,0.000000,0.000000,0.000000,0.000000,0.000000,0.000000,0,0,0,0,0,0.000000,0.000000,0.000000,0.000000,0.000000,0.000000,0.000000,0.000000,0,0,0,0,0
541,1,18.389625,0.364095,0.000000,0.000163,0.503526,2.270921,2.259762,0.082503,0.007568,10.870602,4.840936,1.252211,1.199117,0.000712,0.000305,2.304569,0.000349,0.587338,0.002424,0.597782,0.000000,0.000000,0.000000,0,0,0.000000,0.000000,0.000000,0.000000,0.000000,0.000000,0.000000,0.000000,0.000000,0.000000,0.000000,0.000000,0.000000,0.000000,0,0,0,0,0,0.000000,0.000000,0.000000,0.000000,0.000000,0.000000,0.000000,0.000000,0,0,0,0,0
542,1,18.361528,0.448337,0.000000,0.000190,0.501614,2.277534,2.266456,0.086144,0.005595,10.782121,4.884657,1.237745,1.183885,0.000814,0.000305,2.318817,0.000349,0.593869,0.002506,0.618805,0.000000,0.000000,0.000000,0,0,0.000000,0.000000,0.000000,0.000000,0.000000,0.000000,0.000000,0.000000,0.000000,0.000000,0.000000,0.000000,0.000000,0.000000,0,0,0,0,0,0.000000,0.000000,0.000000,0.000000,0.000000,0.000000,0.000000,0.000000,0,0,0,0,0
543,1,17.955828,0.336772,0.000000,0.000190,0.573534,2.197496,2.186317,0.082340,0.005595,10.902808,4.990584,1.236430,1.182393,0.000793,0.000305,1.927378,0.000349,0.584212,0.002587,0.582442,0.000000,0.000000,0.000000,0,0,0.000000,0.000000,0.000000,0.000000,0.000000,0.000000,0.000000,0.000000,0.000000,0.000000,0.000000,0.000000,0.000000,0.000000,0,0,0,0,0,0.000000,0.000000,0.000000,0.000000,0.000000,0.000000,0.000000,0.000000,0,0,0,0,0
544,1,18.639706,0.420593,0.000000,0.000190,0.502170,2.295390,2.284237,0.082604,0.005608,11.061866,5.069265,1.249708,1.195279,0.000936,0.000441,2.317997,0.000383,0.593964,0.002411,0.582713,0.000000,0.000000,0.000000,0,0,0.000000,0.000000,0.000000,0.000000,0.000000,0.000000,0.000000,0.000000,0.000000,0.000000,0.000000,0.000000,0.000000,0.000000,0,0,0,0,0,0.000000,0.000000,0.000000,0.000000,0.000000,0.000000,0.000000,0.000000,0,0,0,0,0
545,1,17.949541,0.337328,0.000000,0.000163,0.568332,2.206604,2.195553,0.083683,0.006076,10.862762,4.958259,1.237644,1.183011,0.000868,0.000332,1.902408,0.000329,0.597165,0.002404,0.630910,0.000000,0.000000,0.000000,0,0,0.000000,0.000000,0.000000,0.000000,0.000000,0.000000,0.000000,0.000000,0.000000,0.000000,0.000000,0.000000,0.000000,0.000000,0,0,0,0,0,0.000000,0.000000,0.000000,0.000000,0.000000,0.000000,0.000000,0.000000,0,0,0,0,0
546,1,18.546180,0.423882,0.000000,0.000190,0.506687,2.277730,2.266700,0.083988,0.006063,10.882870,4.939741,1.233093,1.179491,0.000814,0.000305,2.362471,0.000349,0.596168,0.002363,0.631785,0.000000,0.000000,0.000000,0,0,0.000000,0.000000,0.000000,0.000000,0.000000,0.000000,0.000000,0.000000,0.000000,0.000000,0.000000,0.000000,0.000000,0.000000,0,0,0,0,0,0.000000,0.000000,0.000000,0.000000,0.000000,0.000000,0.000000,0.000000,0,0,0,0,0
547,1,17.889686,0.329780,0.000000,0.000163,0.466783,2.268114,2.257178,0.084334,0.005595,10.855201,4.879469,1.239475,1.183275,0.000712,0.000305,1.940806,0.000349,0.590084,0.002608,0.605920,0.000000,0.000000,0.000000,0,0,0.000000,0.000000,0.000000,0.000000,0.000000,0.000000,0.000000,0.000000,0.000000,0.000000,0.000000,0.000000,0.000000,0.000000,0,0,0,0,0,0.000000,0.000000,0.000000,0.000000,0.000000,0.000000,0.000000,0.000000,0,0,0,0,0
548,1,17.957557,0.424310,0.000000,0.000190,0.537075,2.255622,2.244463,0.123803,0.005819,10.780697,4.809099,1.236579,1.182339,0.000712,0.000305,1.885997,0.000383,0.599179,0.002465,0.588552,0.000000,0.000000,0.000000,0,0,0.000000,0.000000,0.000000,0.000000,0.000000,0.000000,0.000000,0.000000,0.000000,0.000000,0.000000,0.000000,0.000000,0.000000,0,0,0,0,0,0.000000,0.000000,0.000000,0.000000,0.000000,0.000000,0.000000,0.000000,0,0,0,0,0
549,1,18.137712,0.334866,0.000000,0.000163,0.510023,2.292521,2.281430,0.083011,0.005751,11.071021,5.106662,1.237284,1.182705,0.000814,0.000305,1.879459,0.000349,0.614336,0.002506,0.738759,0.000000,0.000000,0.000000,0,0,0.000000,0.000000,0.000000,0.000000,0.000000,0.000000,0.000000,0.000000,0.000000,0.000000,0.000000,0.000000,0.000000,0.000000,0,0,0,0,0,0.000000,0.000000,0.000000,0.000000,0.000000,0.000000,0.000000,0.000000,0,0,0,0,0
550,1,18.005232,0.385437,0.000000,0.000190,0.503181,2.258681,2.247515,0.085534,0.005676,10.871653,4.871772,1.234653,1.180305,0.000692,0.000305,1.961639,0.000329,0.588803,0.002424,0.615061,0.000000,0.000000,0.000000,0,0,0.000000,0.000000,0.000000,0.000000,0.000000,0.000000,0.000000,0.000000,0.000000,0.000000,0.000000,0.000000,0.000000,0.000000,0,0,0,0,0,0.000000,0.000000,0.000000,0.000000,0.000000,0.000000,0.000000,0.000000,0,0,0,0,0
551,1,17.932912,0.336358,0.000000,0.000190,0.560459,2.210286,2.199236,0.082374,0.006890,10.871253,4.880700,1.228373,1.174954,0.000712,0.000305,1.892480,0.000349,0.597856,0.002445,0.586938,0.000000,0.000000,0.000000,0,0,0.000000,0.000000,0.000000,0.000000,0.000000,0.000000,0.000000,0.000000,0.000000,0.000000,0.000000,0.000000,0.000000,0.000000,0,0,0,0,0,0.000000,0.000000,0.000000,0.000000,0.000000,0.000000,0.000000,0.000000,0,0,0,0,0
552,1,18.133074,0.420037,0.000000,0.000190,0.523878,2.238444,2.227278,0.082401,0.005636,11.047970,4.917070,1.236342,1.181485,0.000712,0.000305,1.857513,0.000390,0.610959,0.002404,0.629181,0.000000,0.000000,0.000000,0,0,0.000000,0.000000,0.000000,0.000000,0.000000,0.000000,0.000000,0.000000,0.000000,0.000000,0.000000,0.000000,0.000000,0.000000,0,0,0,0,0,0.000000,0.000000,0.000000,0.000000,0.000000,0.000000,0.000000,0.000000,0,0,0,0,0
553,1,17.811886,0.333645,0.000000,0.000163,0.509894,2.278103,2.266964,0.086246,0.005649,10.789039,4.776547,1.230245,1.175761,0.000712,0.000305,1.869090,0.000349,0.600379,0.002452,0.652584,0.000000,0.000000,0.000000,0,0,0.000000,0.000000,0.000000,0.000000,0.000000,0.000000,0.000000,0.000000,0.000000,0.000000,0.000000,0.000000,0.000000,0.000000,0,0,0,0,0,0.000000,0.000000,0.000000,0.000000,0.000000,0.000000,0.000000,0.000000,0,0,0,0,0
554,1,18.649031,0.419189,0.000000,0.000190,0.503750,2.285122,2.274024,0.082828,0.005636,11.061357,4.835202,1.261658,1.184875,0.000746,0.000298,2.323327,0.000349,0.596900,0.002526,0.585819,0.000000,0.000000,0.000000,0,0,0.000000,0.000000,0.000000,0.000000,0.000000,0.000000,0.000000,0.000000,0.000000,0.000000,0.000000,0.000000,0.000000,0.000000,0,0,0,0,0,0.000000,0.000000,0.000000,0.000000,0.000000,0.000000,0.000000,0.000000,0,0,0,0,0
555,1,18.515805,0.336087,0.000000,0.000190,0.507534,2.267158,2.256059,0.083479,0.005690,11.016008,4.936646,1.236891,1.182482,0.000692,0.000387,2.358185,0.000349,0.595096,0.002404,0.584869,0.000000,0.000000,0.000000,0,0,0.000000,0.000000,0.000000,0.000000,0.000000,0.000000,0.000000,0.000000,0.000000,0.000000,0.000000,0.000000,0.000000,0.000000,0,0,0,0,0,0.000000,0.000000,0.000000,0.000000,0.000000,0.000000,0.000000,0.000000,0,0,0,0,0
556,1,18.097246,0.453125,0.000000,0.000190,0.502496,2.282796,2.271705,0.083194,0.005568,10.955929,5.007375,1.209432,1.155382,0.000848,0.000298,1.909834,0.000404,0.585459,0.002397,0.707381,0.000000,0.000000,0.000000,0,0,0.000000,0.000000,0.000000,0.000000,0.000000,0.000000,0.000000,0.000000,0.000000,0.000000,0.000000,0.000000,0.000000,0.000000,0,0,0,0,0,0.000000,0.000000,0.000000,0.000000,0.000000,0.000000,0.000000,0.000000,0,0,0,0,0
557,1,17.971046,0.337226,0.000000,0.000163,0.543430,2.288330,2.277137,0.120222,0.005676,10.828000,4.807614,1.229655,1.175415,0.000712,0.000305,1.912181,0.000349,0.597517,0.002404,0.628571,0.000000,0.000000,0.000000,0,0,0.000000,0.000000,0.000000,0.000000,0.000000,0.000000,0.000000,0.000000,0.000000,0.000000,0.000000,0.000000,0.000000,0.000000,0,0,0,0,0,0.000000,0.000000,0.000000,0.000000,0.000000,0.000000,0.000000,0.000000,0,0,0,0,0
558,1,18.581601,0.423475,0.000000,0.000190,0.523180,2.226712,2.215695,0.083615,0.005649,10.993771,4.877207,1.237807,1.183662,0.000692,0.000305,2.381378,0.000329,0.596676,0.002513,0.586890,0.000000,0.000000,0.000000,0,0,0.000000,0.000000,0.000000,0.000000,0.000000,0.000000,0.000000,0.000000,0.000000,0.000000,0.000000,0.000000,0.000000,0.000000,0,0,0,0,0,0.000000,0.000000,0.000000,0.000000,0.000000,0.000000,0.000000,0.000000,0,0,0,0,0
559,1,18.220985,0.333320,0.000000,0.000190,0.507433,2.243069,2.232012,0.125553,0.005669,10.796587,4.900401,1.228027,1.174296,0.000692,0.000305,2.286143,0.000349,0.586707,0.002506,0.590912,0.000000,0.000000,0.000000,0,0,0.000000,0.000000,0.000000,0.000000,0.000000,0.000000,0.000000,0.000000,0.000000,0.000000,0.000000,0.000000,0.000000,0.000000,0,0,0,0,0,0.000000,0.000000,0.000000,0.000000,0.000000,0.000000,0.000000,0.000000,0,0,0,0,0
560,1,18.040117,0.422051,0.000000,0.000190,0.565416,2.231879,2.220598,0.082869,0.007399,10.867265,4.784519,1.229879,1.176371,0.000671,0.000305,1.889903,0.000397,0.597382,0.002384,0.588138,0.000000,0.000000,0.000000,0,0,0.000000,0.000000,0.000000,0.000000,0.000000,0.000000,0.000000,0.000000,0.000000,0.000000,0.000000,0.000000,0.000000,0.000000,0,0,0,0,0,0.000000,0.000000,0.000000,0.000000,0.000000,0.000000,0.000000,0.000000,0,0,0,0,0
561,1,18.142961,0.297329,0.000000,0.000163,0.507826,2.309652,2.298438,0.085066,0.005615,11.000871,4.916236,1.238078,1.183241,0.000746,0.000359,1.965132,0.000329,0.623654,0.002485,0.585676,0.000000,0.000000,0.000000,0,0,0.000000,0.000000,0.000000,0.000000,0.000000,0.000000,0.000000,0.000000,0.000000,0.000000,0.000000,0.000000,0.000000,0.000000,0,0,0,0,0,0.000000,0.000000,0.000000,0.000000,0.000000,0.000000,0.000000,0.000000,0,0,0,0,0
562,1,17.921689,0.449741,0.000000,0.000190,0.503282,2.271593,2.260556,0.086348,0.005575,10.794817,4.782772,1.227702,1.173604,0.000692,0.000305,1.878896,0.000349,0.594459,0.002445,0.644392,0.000000,0.000000,0.000000,0,0,0.000000,0.000000,0.000000,0.000000,0.000000,0.000000,0.000000,0.000000,0.000000,0.000000,0.000000,0.000000,0.000000,0.000000,0,0,0,0,0,0.000000,0.000000,0.000000,0.000000,0.000000,0.000000,0.000000,0.000000,0,0,0,0,0
563,1,18.027896,0.335537,0.000000,0.000163,0.500359,2.296631,2.285519,0.082930,0.005792,10.937714,5.017114,1.236688,1.182827,0.000712,0.000305,1.928945,0.000349,0.594194,0.002465,0.584822,0.000000,0.000000,0.000000,0,0,0.000000,0.000000,0.000000,0.000000,0.000000,0.000000,0.000000,0.000000,0.000000,0.000000,0.000000,0.000000,0.000000,0.000000,0,0,0,0,0,0.000000,0.000000,0.000000,0.000000,0.000000,0.000000,0.000000,0.000000,0,0,0,0,0
564,1,17.650170,0.089145,0.000000,0.000244,0.450955,2.268114,2.257077,0.083316,0.005588,10.911597,4.935950,1.237481,1.183309,0.000692,0.000305,1.907745,0.000390,0.586789,0.002418,0.604489,0.000000,0.000000,0.000000,0,0,0.000000,0.000000,0.000000,0.000000,0.000000,0.000000,0.000000,0.000000,0.000000,0.000000,0.000000,0.000000,0.000000,0.000000,0,0,0,0,0,0.000000,0.000000,0.000000,0.000000,0.000000,0.000000,0.000000,0.000000,0,0,0,0,0
565,1,17.522790,0.003845,0.000000,0.000224,0.482042,2.275865,2.264828,0.122420,0.005669,10.795102,4.836249,1.237142,1.182624,0.000712,0.000305,1.891042,0.000349,0.600867,0.002404,0.629540,0.000000,0.000000,0.000000,0,0,0.000000,0.000000,0.000000,0.000000,0.000000,0.000000,0.000000,0.000000,0.000000,0.000000,0.000000,0.000000,0.000000,0.000000,0,0,0,0,0,0.000000,0.000000,0.000000,0.000000,0.000000,0.000000,0.000000,0.000000,0,0,0,0,0
566,1,17.707842,0.088474,0.000000,0.000190,0.456550,2.266100,2.255103,0.085921,0.005615,10.910906,4.883165,1.237996,1.183797,0.000712,0.000305,1.956248,0.000329,0.590959,0.002506,0.596683,0.000000,0.000000,0.000000,0,0,0.000000,0.000000,0.000000,0.000000,0.000000,0.000000,0.000000,0.000000,0.000000,0.000000,0.000000,0.000000,0.000000,0.000000,0,0,0,0,0,0.000000,0.000000,0.000000,0.000000,0.000000,0.000000,0.000000,0.000000,0,0,0,0,0
567,1,17.708744,0.296922,0.000000,0.000163,0.499132,2.256171,2.245032,0.086104,0.005629,10.758338,5.007423,1.239861,1.185574,0.000692,0.000305,1.858795,0.000349,0.598487,0.002485,0.660716,0.000000,0.000000,0.000000,0,0,0.000000,0.000000,0.000000,0.000000,0.000000,0.000000,0.000000,0.000000,0.000000,0.000000,0.000000,0.000000,0.000000,0.000000,0,0,0,0,0,0.000000,0.000000,0.000000,0.000000,0.000000,0.000000,0.000000,0.000000,0,0,0,0,0
568,1,18.332028,0.452732,0.000000,0.000231,0.509732,2.255724,2.244666,0.125349,0.005731,10.744687,4.908925,1.243144,1.188219,0.000746,0.000298,2.299625,0.000390,0.586443,0.002397,0.598596,0.000000,0.000000,0.000000,0,0,0.000000,0.000000,0.000000,0.000000,0.000000,0.000000,0.000000,0.000000,0.000000,0.000000,0.000000,0.000000,0.000000,0.000000,0,0,0,0,0,0.000000,0.000000,0.000000,0.000000,0.000000,0.000000,0.000000,0.000000,0,0,0,0,0
569,1,18.471676,0.335782,0.000000,0.000163,0.499152,2.317491,2.306434,0.082442,0.005676,10.935659,4.974528,1.236905,1.181654,0.000712,0.000305,2.363332,0.000363,0.585405,0.002424,0.587209,0.000000,0.000000,0.000000,0,0,0.000000,0.000000,0.000000,0.000000,0.000000,0.000000,0.000000,0.000000,0.000000,0.000000,0.000000,0.000000,0.000000,0.000000,0,0,0,0,0,0.000000,0.000000,0.000000,0.000000,0.000000,0.000000,0.000000,0.000000,0,0,0,0,0
570,1,18.236433,0.420715,0.000000,0.000190,0.509840,2.242289,2.231055,0.085351,0.005554,11.027727,4.866581,1.237786,1.183940,0.000746,0.000298,1.963423,0.000505,0.634389,0.002445,0.633514,0.000000,0.000000,0.000000,0,0,0.000000,0.000000,0.000000,0.000000,0.000000,0.000000,0.000000,0.000000,0.000000,0.000000,0.000000,0.000000,0.000000,0.000000,0,0,0,0,0,0.000000,0.000000,0.000000,0.000000,0.000000,0.000000,0.000000,0.000000,0,0,0,0,0
571,1,17.847673,0.003967,0.000000,0.000163,0.505378,2.171678,2.160621,0.121911,0.005744,10.790829,4.856971,1.228366,1.174947,0.000692,0.000305,2.326731,0.000349,0.584774,0.002506,0.583934,0.000000,0.000000,0.000000,0,0,0.000000,0.000000,0.000000,0.000000,0.000000,0.000000,0.000000,0.000000,0.000000,0.000000,0.000000,0.000000,0.000000,0.000000,0,0,0,0,0,0.000000,0.000000,0.000000,0.000000,0.000000,0.000000,0.000000,0.000000,0,0,0,0,0
572,1,17.697710,0.087884,0.000000,0.000285,0.455926,2.293538,2.282393,0.084513,0.006809,10.746667,4.909922,1.238254,1.184184,0.000712,0.000305,1.940013,0.000390,0.668311,0.002492,0.584476,0.000000,0.000000,0.000000,0,0,0.000000,0.000000,0.000000,0.000000,0.000000,0.000000,0.000000,0.000000,0.000000,0.000000,0.000000,0.000000,0.000000,0.000000,0,0,0,0,0,0.000000,0.000000,0.000000,0.000000,0.000000,0.000000,0.000000,0.000000,0,0,0,0,0
573,1,18.547306,0.297214,0.000000,0.000163,0.505561,2.286343,2.275184,0.085066,0.005608,10.949561,4.975006,1.274902,1.182685,0.000712,0.000427,2.444204,0.000349,0.588782,0.002533,0.587040,0.000000,0.000000,0.000000,0,0,0.000000,0.000000,0.000000,0.000000,0.000000,0.000000,0.000000,0.000000,0.000000,0.000000,0.000000,0.000000,0.000000,0.000000,0,0,0,0,0,0.000000,0.000000,0.000000,0.000000,0.000000,0.000000,0.000000,0.000000,0,0,0,0,0
574,1,18.050839,0.449599,0.000000,0.000190,0.508864,2.242737,2.231727,0.123600,0.005697,10.804257,4.892680,1.261597,1.206706,0.000712,0.000305,1.919172,0.000349,0.626834,0.002526,0.584415,0.000000,0.000000,0.000000,0,0,0.000000,0.000000,0.000000,0.000000,0.000000,0.000000,0.000000,0.000000,0.000000,0.000000,0.000000,0.000000,0.000000,0.000000,0,0,0,0,0,0.000000,0.000000,0.000000,0.000000,0.000000,0.000000,0.000000,0.000000,0,0,0,0,0
575,1,18.002641,0.335944,0.000000,0.000251,0.503404,2.290195,2.279151,0.083052,0.005649,10.901398,4.983531,1.237807,1.184001,0.000732,0.000305,1.941193,0.000363,0.594296,0.002431,0.585961,0.000000,0.000000,0.000000,0,0,0.000000,0.000000,0.000000,0.000000,0.000000,0.000000,0.000000,0.000000,0.000000,0.000000,0.000000,0.000000,0.000000,0.000000,0,0,0,0,0,0.000000,0.000000,0.000000,0.000000,0.000000,0.000000,0.000000,0.000000,0,0,0,0,0
576,1,18.155684,0.420695,0.000000,0.000190,0.507277,2.269111,2.257850,0.083255,0.005636,10.940040,4.987203,1.236125,1.181688,0.000712,0.000305,1.942861,0.000397,0.641273,0.002506,0.634857,0.000000,0.000000,0.000000,0,0,0.000000,0.000000,0.000000,0.000000,0.000000,0.000000,0.000000,0.000000,0.000000,0.000000,0.000000,0.000000,0.000000,0.000000,0,0,0,0,0,0.000000,0.000000,0.000000,0.000000,0.000000,0.000000,0.000000,0.000000,0,0,0,0,0
577,1,17.920081,0.336087,0.000000,0.000163,0.539076,2.258124,2.246945,0.124454,0.005731,10.797279,4.843384,1.236911,1.182705,0.000746,0.000298,1.915388,0.000444,0.597951,0.002384,0.630280,0.000000,0.000000,0.000000,0,0,0.000000,0.000000,0.000000,0.000000,0.000000,0.000000,0.000000,0.000000,0.000000,0.000000,0.000000,0.000000,0.000000,0.000000,0,0,0,0,0,0.000000,0.000000,0.000000,0.000000,0.000000,0.000000,0.000000,0.000000,0,0,0,0,0
578,1,18.074317,0.422234,0.000000,0.000197,0.523709,2.267504,2.256297,0.082462,0.006734,10.867164,4.878350,1.237467,1.183695,0.000746,0.000298,1.928633,0.000329,0.599301,0.002472,0.632368,0.000000,0.000000,0.000000,0,0,0.000000,0.000000,0.000000,0.000000,0.000000,0.000000,0.000000,0.000000,0.000000,0.000000,0.000000,0.000000,0.000000,0.000000,0,0,0,0,0,0.000000,0.000000,0.000000,0.000000,0.000000,0.000000,0.000000,0.000000,0,0,0,0,0
579,1,18.208472,0.004211,0.000000,0.000312,0.451179,2.304206,2.293250,0.122074,0.005737,10.793108,4.906874,1.875773,0.979265,0.000692,0.000305,1.954926,0.000329,0.587663,0.002608,0.582177,0.000000,0.000000,0.000000,0,0,0.000000,0.000000,0.000000,0.000000,0.000000,0.000000,0.000000,0.000000,0.000000,0.000000,0.000000,0.000000,0.000000,0.000000,0,0,0,0,0,0.000000,0.000000,0.000000,0.000000,0.000000,0.000000,0.000000,0.000000,0,0,0,0,0
580,1,17.760291,0.124200,0.000000,0.000190,0.448663,2.306091,2.263323,0.084612,0.005615,10.878354,4.996097,1.272420,1.216763,0.000732,0.000298,1.943851,0.000390,0.587297,0.002540,0.587935,0.000000,0.000000,0.000000,0,0,0.000000,0.000000,0.000000,0.000000,0.000000,0.000000,0.000000,0.000000,0.000000,0.000000,0.000000,0.000000,0.000000,0.000000,0,0,0,0,0,0.000000,0.000000,0.000000,0.000000,0.000000,0.000000,0.000000,0.000000,0,0,0,0,0
581,1,18.430681,0.003866,0.000000,0.000163,0.458469,2.265361,2.254045,1.999000,0.010820,5.777045,4.841468,1.228529,1.174744,0.000692,0.000305,2.321747,0.000390,0.585568,0.002431,0.586653,0.000000,0.000000,0.000000,0,0,0.000000,0.000000,0.000000,0.000000,0.000000,0.000000,0.000000,0.000000,0.000000,0.000000,0.000000,0.000000,0.000000,0.000000,0,0,0,0,0,0.000000,0.000000,0.000000,0.000000,0.000000,0.000000,0.000000,0.000000,0,0,0,0,0
582,1,18.579953,0.419000,0.000000,0.000190,0.507311,2.242825,2.231747,0.082703,0.005710,10.968747,5.014872,1.237325,1.183031,0.000692,0.000305,2.363149,0.000349,0.636858,0.002506,0.585826,0.000000,0.000000,0.000000,0,0,0.000000,0.000000,0.000000,0.000000,0.000000,0.000000,0.000000,0.000000,0.000000,0.000000,0.000000,0.000000,0.000000,0.000000,0,0,0,0,0,0.000000,0.000000,0.000000,0.000000,0.000000,0.000000,0.000000,0.000000,0,0,0,0,0
583,1,18.291134,0.299567,0.000000,0.000163,0.523593,2.252645,2.241370,1.956946,0.010590,5.727722,4.895003,1.247633,1.192505,0.000793,0.000305,1.870656,0.000444,0.595490,0.002445,0.628849,0.000000,0.000000,0.000000,0,0,0.000000,0.000000,0.000000,0.000000,0.000000,0.000000,0.000000,0.000000,0.000000,0.000000,0.000000,0.000000,0.000000,0.000000,0,0,0,0,0,0.000000,0.000000,0.000000,0.000000,0.000000,0.000000,0.000000,0.000000,0,0,0,0,0
584,1,18.041317,0.423964,0.000000,0.000190,0.507067,2.256904,2.245744,0.149407,0.005608,10.863359,4.836002,1.236118,1.181824,0.000746,0.000298,1.874752,0.000329,0.608700,0.002445,0.625132,0.000000,0.000000,0.000000,0,0,0.000000,0.000000,0.000000,0.000000,0.000000,0.000000,0.000000,0.000000,0.000000,0.000000,0.000000,0.000000,0.000000,0.000000,0,0,0,0,0,0.000000,0.000000,0.000000,0.000000,0.000000,0.000000,0.000000,0.000000,0,0,0,0,0
585,1,18.648170,0.296577,0.000000,0.000163,0.505012,2.272644,2.261654,1.909237,0.010596,5.747945,4.840430,1.227776,1.173218,0.000712,0.000305,2.311045,0.000329,0.627519,0.002506,0.586049,0.000000,0.000000,0.000000,0,0,0.000000,0.000000,0.000000,0.000000,0.000000,0.000000,0.000000,0.000000,0.000000,0.000000,0.000000,0.000000,0.000000,0.000000,0,0,0,0,0,0.000000,0.000000,0.000000,0.000000,0.000000,0.000000,0.000000,0.000000,0,0,0,0,0
586,1,18.280535,0.386142,0.000000,0.000190,0.533373,2.267802,2.256731,0.086114,0.005629,10.773495,4.884488,1.236308,1.182278,0.000712,0.000305,2.290022,0.000465,0.585093,0.002485,0.584171,0.000000,0.000000,0.000000,0,0,0.000000,0.000000,0.000000,0.000000,0.000000,0.000000,0.000000,0.000000,0.000000,0.000000,0.000000,0.000000,0.000000,0.000000,0,0,0,0,0,0.000000,0.000000,0.000000,0.000000,0.000000,0.000000,0.000000,0.000000,0,0,0,0,0
587,1,18.434689,0.335517,0.000000,0.000163,0.500597,2.294108,2.283057,1.933550,0.010535,5.754666,4.771623,1.262221,1.207119,0.000726,0.000298,1.945397,0.000397,0.587819,0.002547,0.587874,0.000000,0.000000,0.000000,0,0,0.000000,0.000000,0.000000,0.000000,0.000000,0.000000,0.000000,0.000000,0.000000,0.000000,0.000000,0.000000,0.000000,0.000000,0,0,0,0,0,0.000000,0.000000,0.000000,0.000000,0.000000,0.000000,0.000000,0.000000,0,0,0,0,0
588,1,18.101050,0.420308,0.000000,0.000190,0.502577,2.289510,2.278256,0.084852,0.005649,10.949453,5.020952,1.237352,1.182380,0.000746,0.000298,1.911645,0.000390,0.583879,0.002397,0.618235,0.000000,0.000000,0.000000,0,0,0.000000,0.000000,0.000000,0.000000,0.000000,0.000000,0.000000,0.000000,0.000000,0.000000,0.000000,0.000000,0.000000,0.000000,0,0,0,0,0,0.000000,0.000000,0.000000,0.000000,0.000000,0.000000,0.000000,0.000000,0,0,0,0,0
589,1,18.354028,0.336419,0.000000,0.000163,0.546068,2.255134,2.244097,1.978817,0.010834,5.722968,4.893592,1.230659,1.176005,0.000692,0.000305,1.866079,0.000383,0.593943,0.002513,0.581648,0.000000,0.000000,0.000000,0,0,0.000000,0.000000,0.000000,0.000000,0.000000,0.000000,0.000000,0.000000,0.000000,0.000000,0.000000,0.000000,0.000000,0.000000,0,0,0,0,0,0.000000,0.000000,0.000000,0.000000,0.000000,0.000000,0.000000,0.000000,0,0,0,0,0
590,1,18.093218,0.422336,0.000000,0.000190,0.520596,2.212307,2.201107,0.082723,0.033512,10.959225,4.876543,1.236654,1.182095,0.000746,0.000298,1.868669,0.000349,0.602576,0.002424,0.636546,0.000000,0.000000,0.000000,0,0,0.000000,0.000000,0.000000,0.000000,0.000000,0.000000,0.000000,0.000000,0.000000,0.000000,0.000000,0.000000,0.000000,0.000000,0,0,0,0,0,0.000000,0.000000,0.000000,0.000000,0.000000,0.000000,0.000000,0.000000,0,0,0,0,0
591,1,18.035275,0.004028,0.000000,0.000163,0.447496,2.255561,2.244483,1.935747,0.010834,5.793728,4.957004,1.263190,1.172431,0.000712,0.000305,1.919559,0.000349,0.613359,0.002404,0.600413,0.000000,0.000000,0.000000,0,0,0.000000,0.000000,0.000000,0.000000,0.000000,0.000000,0.000000,0.000000,0.000000,0.000000,0.000000,0.000000,0.000000,0.000000,0,0,0,0,0,0.000000,0.000000,0.000000,0.000000,0.000000,0.000000,0.000000,0.000000,0,0,0,0,0
592,1,17.669837,0.088515,0.000000,0.000190,0.445462,2.245083,2.234087,0.084249,0.005649,10.811133,4.940555,1.234999,1.181308,0.000868,0.000298,1.980669,0.000363,0.618791,0.002424,0.582319,0.000000,0.000000,0.000000,0,0,0.000000,0.000000,0.000000,0.000000,0.000000,0.000000,0.000000,0.000000,0.000000,0.000000,0.000000,0.000000,0.000000,0.000000,0,0,0,0,0,0.000000,0.000000,0.000000,0.000000,0.000000,0.000000,0.000000,0.000000,0,0,0,0,0
593,1,18.203549,0.297146,0.000000,0.000163,0.501824,2.266724,2.255714,1.911251,0.010732,5.741489,4.801578,1.229485,1.174988,0.000746,0.000298,1.869571,0.000512,0.635807,0.002445,0.617015,0.000000,0.000000,0.000000,0,0,0.000000,0.000000,0.000000,0.000000,0.000000,0.000000,0.000000,0.000000,0.000000,0.000000,0.000000,0.000000,0.000000,0.000000,0,0,0,0,0,0.000000,0.000000,0.000000,0.000000,0.000000,0.000000,0.000000,0.000000,0,0,0,0,0
594,1,18.332930,0.422465,0.000000,0.000244,0.511746,2.246345,2.235226,0.125014,0.005710,10.789669,4.767168,1.237874,1.184007,0.000746,0.000298,2.292972,0.000349,0.585629,0.002465,0.588918,0.000000,0.000000,0.000000,0,0,0.000000,0.000000,0.000000,0.000000,0.000000,0.000000,0.000000,0.000000,0.000000,0.000000,0.000000,0.000000,0.000000,0.000000,0,0,0,0,0,0.000000,0.000000,0.000000,0.000000,0.000000,0.000000,0.000000,0.000000,0,0,0,0,0
595,1,18.463355,0.333869,0.000000,0.000163,0.507541,2.289510,2.278378,1.951657,0.010773,5.749756,4.835249,1.274183,1.217719,0.000746,0.000298,1.969303,0.000349,0.585710,0.002465,0.588145,0.000000,0.000000,0.000000,0,0,0.000000,0.000000,0.000000,0.000000,0.000000,0.000000,0.000000,0.000000,0.000000,0.000000,0.000000,0.000000,0.000000,0.000000,0,0,0,0,0,0.000000,0.000000,0.000000,0.000000,0.000000,0.000000,0.000000,0.000000,0,0,0,0,0
596,1,19.572730,0.417623,0.000000,0.000244,0.463793,2.283576,2.272600,0.080729,0.005629,10.899689,4.736291,1.273410,1.183601,0.000712,0.000305,2.369517,0.000390,0.589067,0.002526,0.589155,0.000000,0.000000,0.000000,0,0,0.000000,0.000000,0.000000,0.000000,0.000000,0.000000,0.000000,0.000000,0.000000,0.000000,0.000000,0.000000,0.000000,0.000000,0,0,0,0,0,0.000000,0.000000,0.000000,0.000000,0.000000,0.000000,0.000000,0.000000,0,0,0,0,0
597,1,17.976132,0.336473,0.000000,0.000163,0.539252,2.228007,2.216956,0.082889,0.005615,10.902523,5.104499,1.238681,1.183458,0.000712,0.000305,1.950687,0.000349,0.582984,0.002485,0.579254,0.000000,0.000000,0.000000,0,0,0.000000,0.000000,0.000000,0.000000,0.000000,0.000000,0.000000,0.000000,0.000000,0.000000,0.000000,0.000000,0.000000,0.000000,0,0,0,0,0,0.000000,0.000000,0.000000,0.000000,0.000000,0.000000,0.000000,0.000000,0,0,0,0,0
598,1,18.625749,0.418613,0.000000,0.000190,0.507290,2.263984,2.252804,0.083194,0.039856,11.029741,4.951952,1.238864,1.184631,0.000746,0.000298,2.339318,0.000383,0.595632,0.002404,0.587324,0.000000,0.000000,0.000000,0,0,0.000000,0.000000,0.000000,0.000000,0.000000,0.000000,0.000000,0.000000,0.000000,0.000000,0.000000,0.000000,0.000000,0.000000,0,0,0,0,0,0.000000,0.000000,0.000000,0.000000,0.000000,0.000000,0.000000,0.000000,0,0,0,0,0
599,1,17.867510,0.360352,0.000000,0.000163,0.514737,2.264920,2.253699,0.121850,0.005731,10.794105,4.905348,1.237623,1.183655,0.000712,0.000305,1.862857,0.000349,0.596249,0.002465,0.782739,0.000000,0.000000,0.000000,0,0,0.000000,0.000000,0.000000,0.000000,0.000000,0.000000,0.000000,0.000000,0.000000,0.000000,0.000000,0.000000,0.000000,0.000000,0,0,0,0,0,0.000000,0.000000,0.000000,0.000000,0.000000,0.000000,0.000000,0.000000,0,0,0,0,0
600,1,18.429155,0.423150,0.000000,0.000190,0.530145,2.212585,2.201230,0.082523,0.005608,10.893199,5.057895,1.239509,1.185228,0.000692,0.000305,2.343977,0.000390,0.589027,0.002418,0.589915,0.000000,0.000000,0.000000,0,0,0.000000,0.000000,0.000000,0.000000,0.000000,0.000000,0.000000,0.000000,0.000000,0.000000,0.000000,0.000000,0.000000,0.000000,0,0,0,0,0,0.000000,0.000000,0.000000,0.000000,0.000000,0.000000,0.000000,0.000000,0,0,0,0,0
601,1,17.943966,0.298225,0.000000,0.000163,0.515286,2.293016,2.281986,0.087182,0.005758,10.815935,4.974945,1.235372,1.180664,0.000712,0.000346,1.925710,0.000444,0.657603,0.002445,0.582286,0.000000,0.000000,0.000000,0,0,0.000000,0.000000,0.000000,0.000000,0.000000,0.000000,0.000000,0.000000,0.000000,0.000000,0.000000,0.000000,0.000000,0.000000,0,0,0,0,0,0.000000,0.000000,0.000000,0.000000,0.000000,0.000000,0.000000,0.000000,0,0,0,0,0
602,1,18.003259,0.448459,0.000000,0.000190,0.506775,2.257473,2.246497,0.083072,0.005771,10.835181,4.956913,1.239210,1.184964,0.000712,0.000305,1.884871,0.000329,0.596208,0.002445,0.661224,0.000000,0.000000,0.000000,0,0,0.000000,0.000000,0.000000,0.000000,0.000000,0.000000,0.000000,0.000000,0.000000,0.000000,0.000000,0.000000,0.000000,0.000000,0,0,0,0,0,0.000000,0.000000,0.000000,0.000000,0.000000,0.000000,0.000000,0.000000,0,0,0,0,0
603,1,17.808834,0.297045,0.000000,0.000163,0.503872,2.287096,2.220150,0.085595,0.005669,10.733232,4.796760,1.233894,1.149190,0.000746,0.000298,1.963240,0.000465,0.589528,0.002465,0.581614,0.000000,0.000000,0.000000,0,0,0.000000,0.000000,0.000000,0.000000,0.000000,0.000000,0.000000,0.000000,0.000000,0.000000,0.000000,0.000000,0.000000,0.000000,0,0,0,0,0,0.000000,0.000000,0.000000,0.000000,0.000000,0.000000,0.000000,0.000000,0,0,0,0,0
604,1,17.827715,0.385044,0.000000,0.000190,0.501411,2.276252,2.265133,0.085900,0.005649,10.778642,4.771040,1.234924,1.149353,0.000746,0.000298,1.851037,0.000404,0.599362,0.002547,0.673777,0.000000,0.000000,0.000000,0,0,0.000000,0.000000,0.000000,0.000000,0.000000,0.000000,0.000000,0.000000,0.000000,0.000000,0.000000,0.000000,0.000000,0.000000,0,0,0,0,0,0.000000,0.000000,0.000000,0.000000,0.000000,0.000000,0.000000,0.000000,0,0,0,0,0
605,1,18.068437,0.350613,0.000000,0.000163,0.506768,2.273234,2.262068,0.082869,0.005575,11.024716,4.973419,1.238627,1.184713,0.000793,0.000305,1.881073,0.000349,0.595768,0.002384,0.628320,0.000000,0.000000,0.000000,0,0,0.000000,0.000000,0.000000,0.000000,0.000000,0.000000,0.000000,0.000000,0.000000,0.000000,0.000000,0.000000,0.000000,0.000000,0,0,0,0,0,0.000000,0.000000,0.000000,0.000000,0.000000,0.000000,0.000000,0.000000,0,0,0,0,0
606,1,18.052107,0.417216,0.000000,0.000190,0.522088,2.255737,2.244768,0.082767,0.005778,10.903703,4.965329,1.236735,1.183200,0.000746,0.000298,1.932092,0.000329,0.587216,0.002506,0.675459,0.000000,0.000000,0.000000,0,0,0.000000,0.000000,0.000000,0.000000,0.000000,0.000000,0.000000,0.000000,0.000000,0.000000,0.000000,0.000000,0.000000,0.000000,0,0,0,0,0,0.000000,0.000000,0.000000,0.000000,0.000000,0.000000,0.000000,0.000000,0,0,0,0,0
607,1,17.785112,0.299527,0.000000,0.000163,0.510179,2.240078,2.228939,0.122399,0.005615,10.803036,4.905650,1.237847,1.183533,0.000712,0.000305,1.860606,0.000349,0.597124,0.002384,0.658539,0.000000,0.000000,0.000000,0,0,0.000000,0.000000,0.000000,0.000000,0.000000,0.000000,0.000000,0.000000,0.000000,0.000000,0.000000,0.000000,0.000000,0.000000,0,0,0,0,0,0.000000,0.000000,0.000000,0.000000,0.000000,0.000000,0.000000,0.000000,0,0,0,0,0
608,1,18.387041,0.450005,0.000000,0.000197,0.503716,2.268758,2.257667,0.083052,0.005731,10.806413,4.967360,1.239441,1.185452,0.000712,0.000305,2.296580,0.000390,0.586707,0.002424,0.601959,0.000000,0.000000,0.000000,0,0,0.000000,0.000000,0.000000,0.000000,0.000000,0.000000,0.000000,0.000000,0.000000,0.000000,0.000000,0.000000,0.000000,0.000000,0,0,0,0,0,0.000000,0.000000,0.000000,0.000000,0.000000,0.000000,0.000000,0.000000,0,0,0,0,0
609,1,18.505327,0.334825,0.000000,0.000163,0.509983,2.309672,2.298587,0.084435,0.005615,10.946103,4.986637,1.238810,1.184672,0.000692,0.000326,2.379154,0.000349,0.587094,0.002424,0.587691,0.000000,0.000000,0.000000,0,0,0.000000,0.000000,0.000000,0.000000,0.000000,0.000000,0.000000,0.000000,0.000000,0.000000,0.000000,0.000000,0.000000,0.000000,0,0,0,0,0,0.000000,0.000000,0.000000,0.000000,0.000000,0.000000,0.000000,0.000000,0,0,0,0,0
610,1,17.712643,0.089166,0.000000,0.000210,0.455594,2.254076,2.242917,0.082503,0.005656,10.990862,4.872860,1.240858,1.187080,0.000692,0.000305,1.888112,0.000349,0.596622,0.002404,0.658132,0.000000,0.000000,0.000000,0,0,0.000000,0.000000,0.000000,0.000000,0.000000,0.000000,0.000000,0.000000,0.000000,0.000000,0.000000,0.000000,0.000000,0.000000,0,0,0,0,0,0.000000,0.000000,0.000000,0.000000,0.000000,0.000000,0.000000,0.000000,0,0,0,0,0
611,1,17.482032,0.003866,0.000000,0.000163,0.484511,2.251607,2.240455,0.123091,0.005751,10.778744,4.899594,1.229838,1.176025,0.000746,0.000298,1.896793,0.000363,0.599179,0.002404,0.633881,0.000000,0.000000,0.000000,0,0,0.000000,0.000000,0.000000,0.000000,0.000000,0.000000,0.000000,0.000000,0.000000,0.000000,0.000000,0.000000,0.000000,0.000000,0,0,0,0,0,0.000000,0.000000,0.000000,0.000000,0.000000,0.000000,0.000000,0.000000,0,0,0,0,0
612,1,18.500261,0.418979,0.000000,0.000190,0.498237,2.309007,2.263770,0.082706,0.005615,10.898882,4.958537,1.239360,1.185486,0.000746,0.000298,2.351566,0.000390,0.586483,0.002499,0.590200,0.000000,0.000000,0.000000,0,0,0.000000,0.000000,0.000000,0.000000,0.000000,0.000000,0.000000,0.000000,0.000000,0.000000,0.000000,0.000000,0.000000,0.000000,0,0,0,0,0,0.000000,0.000000,0.000000,0.000000,0.000000,0.000000,0.000000,0.000000,0,0,0,0,0
613,1,18.391402,0.336582,0.000000,0.000163,0.509406,2.253282,2.242306,0.083032,0.005853,10.868995,4.861515,1.236857,1.182027,0.000712,0.000305,2.328420,0.000349,0.621748,0.002397,0.586314,0.000000,0.000000,0.000000,0,0,0.000000,0.000000,0.000000,0.000000,0.000000,0.000000,0.000000,0.000000,0.000000,0.000000,0.000000,0.000000,0.000000,0.000000,0,0,0,0,0,0.000000,0.000000,0.000000,0.000000,0.000000,0.000000,0.000000,0.000000,0,0,0,0,0
614,1,18.129846,0.441549,0.000000,0.000190,0.507785,2.251227,2.239946,0.082726,0.005527,11.001563,4.895471,1.239577,1.185425,0.000793,0.000332,1.894067,0.000390,0.596595,0.002424,0.660777,0.000000,0.000000,0.000000,0,0,0.000000,0.000000,0.000000,0.000000,0.000000,0.000000,0.000000,0.000000,0.000000,0.000000,0.000000,0.000000,0.000000,0.000000,0,0,0,0,0,0.000000,0.000000,0.000000,0.000000,0.000000,0.000000,0.000000,0.000000,0,0,0,0,0
615,1,17.826128,0.299547,0.000000,0.000163,0.508247,2.266262,2.255185,0.122053,0.005747,10.790829,4.836660,1.237895,1.183180,0.000712,0.000305,1.862159,0.000349,0.625119,0.002587,0.629791,0.000000,0.000000,0.000000,0,0,0.000000,0.000000,0.000000,0.000000,0.000000,0.000000,0.000000,0.000000,0.000000,0.000000,0.000000,0.000000,0.000000,0.000000,0,0,0,0,0,0.000000,0.000000,0.000000,0.000000,0.000000,0.000000,0.000000,0.000000,0,0,0,0,0
616,1,18.174557,0.442478,0.000000,0.000190,0.500583,2.266805,2.255693,0.083316,0.005690,11.059180,4.934167,1.236918,1.182678,0.000692,0.000305,1.874481,0.000397,0.595734,0.002424,0.664459,0.000000,0.000000,0.000000,0,0,0.000000,0.000000,0.000000,0.000000,0.000000,0.000000,0.000000,0.000000,0.000000,0.000000,0.000000,0.000000,0.000000,0.000000,0,0,0,0,0,0.000000,0.000000,0.000000,0.000000,0.000000,0.000000,0.000000,0.000000,0,0,0,0,0
617,1,18.024390,0.296943,0.000000,0.000163,0.523322,2.292243,2.281186,0.084781,0.005615,10.940019,4.925022,1.271457,1.217353,0.000814,0.000305,1.915273,0.000349,0.584897,0.002445,0.588077,0.000000,0.000000,0.000000,0,0,0.000000,0.000000,0.000000,0.000000,0.000000,0.000000,0.000000,0.000000,0.000000,0.000000,0.000000,0.000000,0.000000,0.000000,0,0,0,0,0,0.000000,0.000000,0.000000,0.000000,0.000000,0.000000,0.000000,0.000000,0,0,0,0,0
618,1,18.012814,0.422031,0.000000,0.000190,0.505073,2.254015,2.242998,0.114526,0.005710,10.811371,4.894236,1.239129,1.184896,0.000712,0.000305,1.906911,0.000349,0.645118,0.002424,0.583499,0.000000,0.000000,0.000000,0,0,0.000000,0.000000,0.000000,0.000000,0.000000,0.000000,0.000000,0.000000,0.000000,0.000000,0.000000,0.000000,0.000000,0.000000,0,0,0,0,0,0.000000,0.000000,0.000000,0.000000,0.000000,0.000000,0.000000,0.000000,0,0,0,0,0
619,1,18.002235,0.334683,0.000000,0.000163,0.505242,2.272115,2.261030,0.084069,0.005629,10.964840,4.994761,1.236240,1.182556,0.000678,0.000305,1.904246,0.000349,0.585548,0.002506,0.618500,0.000000,0.000000,0.000000,0,0,0.000000,0.000000,0.000000,0.000000,0.000000,0.000000,0.000000,0.000000,0.000000,0.000000,0.000000,0.000000,0.000000,0.000000,0,0,0,0,0,0.000000,0.000000,0.000000,0.000000,0.000000,0.000000,0.000000,0.000000,0,0,0,0,0
620,1,17.698117,0.088616,0.000000,0.000190,0.458550,2.288615,2.277401,0.082726,0.005669,10.902829,5.030599,1.236586,1.182746,0.000746,0.000298,1.941328,0.000383,0.584381,0.002485,0.588443,0.000000,0.000000,0.000000,0,0,0.000000,0.000000,0.000000,0.000000,0.000000,0.000000,0.000000,0.000000,0.000000,0.000000,0.000000,0.000000,0.000000,0.000000,0,0,0,0,0,0.000000,0.000000,0.000000,0.000000,0.000000,0.000000,0.000000,0.000000,0,0,0,0,0
621,1,18.502038,0.336480,0.000000,0.000163,0.508009,2.316467,2.305376,0.122175,0.006829,10.900503,4.891781,1.239332,1.185065,0.000712,0.000305,2.340641,0.000349,0.594194,0.002445,0.585398,0.000000,0.000000,0.000000,0,0,0.000000,0.000000,0.000000,0.000000,0.000000,0.000000,0.000000,0.000000,0.000000,0.000000,0.000000,0.000000,0.000000,0.000000,0,0,0,0,0,0.000000,0.000000,0.000000,0.000000,0.000000,0.000000,0.000000,0.000000,0,0,0,0,0
622,1,18.054582,0.419434,0.000000,0.000190,0.508009,2.220635,2.209327,0.084679,0.005710,10.921505,4.911336,1.271627,1.215339,0.000746,0.000298,1.928040,0.000329,0.584897,0.002424,0.629418,0.000000,0.000000,0.000000,0,0,0.000000,0.000000,0.000000,0.000000,0.000000,0.000000,0.000000,0.000000,0.000000,0.000000,0.000000,0.000000,0.000000,0.000000,0,0,0,0,0,0.000000,0.000000,0.000000,0.000000,0.000000,0.000000,0.000000,0.000000,0,0,0,0,0
623,1,18.376828,0.336616,0.000000,0.000163,0.522393,2.267395,2.255998,0.082604,0.007711,10.894162,4.792369,1.239848,1.185737,0.000712,0.000305,2.294647,0.000349,0.585853,0.002465,0.626943,0.000000,0.000000,0.000000,0,0,0.000000,0.000000,0.000000,0.000000,0.000000,0.000000,0.000000,0.000000,0.000000,0.000000,0.000000,0.000000,0.000000,0.000000,0,0,0,0,0,0.000000,0.000000,0.000000,0.000000,0.000000,0.000000,0.000000,0.000000,0,0,0,0,0
624,1,18.173316,0.416660,0.000000,0.000190,0.502374,2.300883,2.289771,0.083011,0.005812,10.966183,4.948405,1.238057,1.183980,0.000712,0.000305,1.874034,0.000383,0.640106,0.002404,0.631785,0.000000,0.000000,0.000000,0,0,0.000000,0.000000,0.000000,0.000000,0.000000,0.000000,0.000000,0.000000,0.000000,0.000000,0.000000,0.000000,0.000000,0.000000,0,0,0,0,0,0.000000,0.000000,0.000000,0.000000,0.000000,0.000000,0.000000,0.000000,0,0,0,0,0
625,1,18.307553,0.299364,0.000000,0.000163,0.511074,2.264187,2.253211,0.123905,0.005656,10.818417,4.788713,1.238932,1.185513,0.000814,0.000305,2.307566,0.000349,0.629459,0.002506,0.585127,0.000000,0.000000,0.000000,0,0,0.000000,0.000000,0.000000,0.000000,0.000000,0.000000,0.000000,0.000000,0.000000,0.000000,0.000000,0.000000,0.000000,0.000000,0,0,0,0,0,0.000000,0.000000,0.000000,0.000000,0.000000,0.000000,0.000000,0.000000,0,0,0,0,0
626,1,18.114505,0.420912,0.000000,0.000197,0.536899,2.269714,2.258609,0.082665,0.007568,10.894833,4.837646,1.238607,1.184835,0.000692,0.000305,1.918691,0.000505,0.598419,0.002404,0.631866,0.000000,0.000000,0.000000,0,0,0.000000,0.000000,0.000000,0.000000,0.000000,0.000000,0.000000,0.000000,0.000000,0.000000,0.000000,0.000000,0.000000,0.000000,0,0,0,0,0,0.000000,0.000000,0.000000,0.000000,0.000000,0.000000,0.000000,0.000000,0,0,0,0,0
627,1,18.536129,0.296597,0.000000,0.000163,0.499417,2.293118,2.282040,0.084517,0.005615,11.054989,5.065660,1.238315,1.184224,0.000712,0.000305,2.365462,0.000349,0.587887,0.002506,0.586660,0.000000,0.000000,0.000000,0,0,0.000000,0.000000,0.000000,0.000000,0.000000,0.000000,0.000000,0.000000,0.000000,0.000000,0.000000,0.000000,0.000000,0.000000,0,0,0,0,0,0.000000,0.000000,0.000000,0.000000,0.000000,0.000000,0.000000,0.000000,0,0,0,0,0
628,1,17.887434,0.438958,0.000000,0.000190,0.506097,2.261149,2.250078,0.085453,0.005547,10.785417,4.769684,1.238539,1.184211,0.000712,0.000305,1.854970,0.000390,0.602068,0.002404,0.665632,0.000000,0.000000,0.000000,0,0,0.000000,0.000000,0.000000,0.000000,0.000000,0.000000,0.000000,0.000000,0.000000,0.000000,0.000000,0.000000,0.000000,0.000000,0,0,0,0,0,0.000000,0.000000,0.000000,0.000000,0.000000,0.000000,0.000000,0.000000,0,0,0,0,0
629,1,18.874671,0.297655,0.000000,0.000285,0.506293,2.308865,2.297685,0.084456,0.005568,11.023312,4.957872,2.000088,0.955712,0.000712,0.000305,1.951721,0.000349,0.587277,0.002526,0.582570,0.000000,0.000000,0.000000,0,0,0.000000,0.000000,0.000000,0.000000,0.000000,0.000000,0.000000,0.000000,0.000000,0.000000,0.000000,0.000000,0.000000,0.000000,0,0,0,0,0,0.000000,0.000000,0.000000,0.000000,0.000000,0.000000,0.000000,0.000000,0,0,0,0,0
630,1,17.596330,0.088270,0.000000,0.000190,0.448717,2.255134,2.244015,0.121158,0.005792,10.846737,4.883840,1.238946,1.184977,0.000671,0.000305,1.880544,0.000329,0.601763,0.002465,0.648488,0.000000,0.000000,0.000000,0,0,0.000000,0.000000,0.000000,0.000000,0.000000,0.000000,0.000000,0.000000,0.000000,0.000000,0.000000,0.000000,0.000000,0.000000,0,0,0,0,0,0.000000,0.000000,0.000000,0.000000,0.000000,0.000000,0.000000,0.000000,0,0,0,0,0
631,1,17.753659,0.338060,0.000000,0.000163,0.497301,2.248420,2.237342,0.085961,0.005629,10.785478,4.784353,1.228963,1.175313,0.000732,0.000305,1.855214,0.000465,0.599091,0.002574,0.649248,0.000000,0.000000,0.000000,0,0,0.000000,0.000000,0.000000,0.000000,0.000000,0.000000,0.000000,0.000000,0.000000,0.000000,0.000000,0.000000,0.000000,0.000000,0,0,0,0,0,0.000000,0.000000,0.000000,0.000000,0.000000,0.000000,0.000000,0.000000,0,0,0,0,0
632,1,17.979041,0.423760,0.000000,0.000190,0.538439,2.262824,2.251550,0.121443,0.005819,10.795624,4.902028,1.229241,1.175836,0.000692,0.000427,1.892710,0.000383,0.600522,0.002404,0.636017,0.000000,0.000000,0.000000,0,0,0.000000,0.000000,0.000000,0.000000,0.000000,0.000000,0.000000,0.000000,0.000000,0.000000,0.000000,0.000000,0.000000,0.000000,0,0,0,0,0,0.000000,0.000000,0.000000,0.000000,0.000000,0.000000,0.000000,0.000000,0,0,0,0,0
633,1,18.131710,0.335904,0.000000,0.000190,0.505846,2.283725,2.272512,0.083581,0.005547,11.026323,4.918776,1.237264,1.182800,0.000692,0.000305,1.910431,0.000349,0.633623,0.002404,0.617950,0.000000,0.000000,0.000000,0,0,0.000000,0.000000,0.000000,0.000000,0.000000,0.000000,0.000000,0.000000,0.000000,0.000000,0.000000,0.000000,0.000000,0.000000,0,0,0,0,0,0.000000,0.000000,0.000000,0.000000,0.000000,0.000000,0.000000,0.000000,0,0,0,0,0
634,1,17.967024,0.418966,0.000000,0.000190,0.500909,2.257528,2.246518,0.086673,0.005629,10.809750,4.733025,1.238180,1.154185,0.000712,0.000305,1.914663,0.000329,0.625688,0.002404,0.608463,0.000000,0.000000,0.000000,0,0,0.000000,0.000000,0.000000,0.000000,0.000000,0.000000,0.000000,0.000000,0.000000,0.000000,0.000000,0.000000,0.000000,0.000000,0,0,0,0,0,0.000000,0.000000,0.000000,0.000000,0.000000,0.000000,0.000000,0.000000,0,0,0,0,0
635,1,18.389686,0.336249,0.000000,0.000163,0.561164,2.202847,2.191606,0.082726,0.005785,10.910641,5.019599,1.236979,1.182807,0.000712,0.000305,2.355092,0.000363,0.588559,0.002465,0.588687,0.000000,0.000000,0.000000,0,0,0.000000,0.000000,0.000000,0.000000,0.000000,0.000000,0.000000,0.000000,0.000000,0.000000,0.000000,0.000000,0.000000,0.000000,0,0,0,0,0,0.000000,0.000000,0.000000,0.000000,0.000000,0.000000,0.000000,0.000000,0,0,0,0,0
636,1,18.591373,0.418810,0.000000,0.000190,0.503309,2.263306,2.252051,0.084212,0.005595,10.993852,4.977132,1.239197,1.185323,0.000692,0.000407,2.365702,0.000390,0.607663,0.002411,0.585032,0.000000,0.000000,0.000000,0,0,0.000000,0.000000,0.000000,0.000000,0.000000,0.000000,0.000000,0.000000,0.000000,0.000000,0.000000,0.000000,0.000000,0.000000,0,0,0,0,0,0.000000,0.000000,0.000000,0.000000,0.000000,0.000000,0.000000,0.000000,0,0,0,0,0
637,1,17.943743,0.336324,0.000000,0.000163,0.536574,2.284465,2.273271,0.121687,0.005615,10.823849,4.926843,1.238180,1.183675,0.000712,0.000305,1.889509,0.000363,0.598406,0.002404,0.586273,0.000000,0.000000,0.000000,0,0,0.000000,0.000000,0.000000,0.000000,0.000000,0.000000,0.000000,0.000000,0.000000,0.000000,0.000000,0.000000,0.000000,0.000000,0,0,0,0,0,0.000000,0.000000,0.000000,0.000000,0.000000,0.000000,0.000000,0.000000,0,0,0,0,0
638,1,18.190345,0.422682,0.000000,0.000190,0.501675,2.282742,2.271766,0.084374,0.006605,10.930491,4.889048,1.239285,1.184448,0.000712,0.000305,1.917063,0.000329,0.649085,0.002506,0.581757,0.000000,0.000000,0.000000,0,0,0.000000,0.000000,0.000000,0.000000,0.000000,0.000000,0.000000,0.000000,0.000000,0.000000,0.000000,0.000000,0.000000,0.000000,0,0,0,0,0,0.000000,0.000000,0.000000,0.000000,0.000000,0.000000,0.000000,0.000000,0,0,0,0,0
639,1,18.037357,0.004205,0.000000,0.000163,0.440728,2.246643,2.235735,0.084117,0.005636,10.971534,4.882945,1.254985,1.174418,0.000766,0.000332,2.331777,0.000349,0.588660,0.002547,0.615929,0.000000,0.000000,0.000000,0,0,0.000000,0.000000,0.000000,0.000000,0.000000,0.000000,0.000000,0.000000,0.000000,0.000000,0.000000,0.000000,0.000000,0.000000,0,0,0,0,0,0.000000,0.000000,0.000000,0.000000,0.000000,0.000000,0.000000,0.000000,0,0,0,0,0
640,1,17.992001,0.088250,0.000000,0.000190,0.444655,2.322367,2.311310,0.085656,0.005629,10.779416,4.980174,1.236742,1.182292,0.000712,0.000448,2.321747,0.000383,0.597829,0.002384,0.586694,0.000000,0.000000,0.000000,0,0,0.000000,0.000000,0.000000,0.000000,0.000000,0.000000,0.000000,0.000000,0.000000,0.000000,0.000000,0.000000,0.000000,0.000000,0,0,0,0,0,0.000000,0.000000,0.000000,0.000000,0.000000,0.000000,0.000000,0.000000,0,0,0,0,0
641,1,17.521013,0.003866,0.000000,0.000163,0.478387,2.264709,2.253659,0.123762,0.005697,10.808997,4.839857,1.239848,1.185465,0.000746,0.000298,1.891076,0.000349,0.595801,0.002384,0.625092,0.000000,0.000000,0.000000,0,0,0.000000,0.000000,0.000000,0.000000,0.000000,0.000000,0.000000,0.000000,0.000000,0.000000,0.000000,0.000000,0.000000,0.000000,0,0,0,0,0,0.000000,0.000000,0.000000,0.000000,0.000000,0.000000,0.000000,0.000000,0,0,0,0,0
642,1,18.115482,0.419718,0.000000,0.000190,0.510145,2.249878,2.238664,0.085052,0.005629,10.991709,4.979401,1.235772,1.181376,0.000712,0.000305,1.925242,0.000329,0.583635,0.002424,0.607568,0.000000,0.000000,0.000000,0,0,0.000000,0.000000,0.000000,0.000000,0.000000,0.000000,0.000000,0.000000,0.000000,0.000000,0.000000,0.000000,0.000000,0.000000,0,0,0,0,0,0.000000,0.000000,0.000000,0.000000,0.000000,0.000000,0.000000,0.000000,0,0,0,0,0
643,1,17.891029,0.335049,0.000000,0.000326,0.531033,2.262580,2.251461,0.121423,0.005615,10.795834,4.842580,1.238180,1.184001,0.000712,0.000305,1.890615,0.000349,0.601437,0.002465,0.633169,0.000000,0.000000,0.000000,0,0,0.000000,0.000000,0.000000,0.000000,0.000000,0.000000,0.000000,0.000000,0.000000,0.000000,0.000000,0.000000,0.000000,0.000000,0,0,0,0,0,0.000000,0.000000,0.000000,0.000000,0.000000,0.000000,0.000000,0.000000,0,0,0,0,0
644,1,18.132585,0.422438,0.000000,0.000190,0.513373,2.291490,2.280514,0.145328,0.005731,10.840003,4.927697,1.253974,1.196927,0.000922,0.000441,1.898054,0.000390,0.652401,0.002452,0.583581,0.000000,0.000000,0.000000,0,0,0.000000,0.000000,0.000000,0.000000,0.000000,0.000000,0.000000,0.000000,0.000000,0.000000,0.000000,0.000000,0.000000,0.000000,0,0,0,0,0,0.000000,0.000000,0.000000,0.000000,0.000000,0.000000,0.000000,0.000000,0,0,0,0,0
645,1,17.969744,0.336283,0.000000,0.000163,0.505059,2.261943,2.250688,0.083622,0.005690,10.912140,4.824755,1.251458,1.198174,0.000712,0.000305,1.917796,0.000444,0.586131,0.002472,0.601586,0.000000,0.000000,0.000000,0,0,0.000000,0.000000,0.000000,0.000000,0.000000,0.000000,0.000000,0.000000,0.000000,0.000000,0.000000,0.000000,0.000000,0.000000,0,0,0,0,0,0.000000,0.000000,0.000000,0.000000,0.000000,0.000000,0.000000,0.000000,0,0,0,0,0
646,1,17.961951,0.422702,0.000000,0.000190,0.540887,2.267008,2.255856,0.085921,0.005595,10.789873,4.896515,1.235433,1.180976,0.000712,0.000305,1.921071,0.000329,0.583757,0.040327,0.583581,0.000000,0.000000,0.000000,0,0,0.000000,0.000000,0.000000,0.000000,0.000000,0.000000,0.000000,0.000000,0.000000,0.000000,0.000000,0.000000,0.000000,0.000000,0,0,0,0,0,0.000000,0.000000,0.000000,0.000000,0.000000,0.000000,0.000000,0.000000,0,0,0,0,0
647,1,18.100203,0.335192,0.000000,0.000163,0.500339,2.281148,2.269975,0.082564,0.005697,11.075273,4.927460,1.237305,1.183329,0.000712,0.000305,1.857941,0.000349,0.615231,0.002404,0.629500,0.000000,0.000000,0.000000,0,0,0.000000,0.000000,0.000000,0.000000,0.000000,0.000000,0.000000,0.000000,0.000000,0.000000,0.000000,0.000000,0.000000,0.000000,0,0,0,0,0,0.000000,0.000000,0.000000,0.000000,0.000000,0.000000,0.000000,0.000000,0,0,0,0,0
648,1,18.589128,0.385491,0.000000,0.000190,0.508165,2.284512,2.273292,0.085046,0.005669,10.924333,4.821869,1.272786,1.217034,0.000692,0.000305,2.398204,0.000390,0.615557,0.002411,0.590159,0.000000,0.000000,0.000000,0,0,0.000000,0.000000,0.000000,0.000000,0.000000,0.000000,0.000000,0.000000,0.000000,0.000000,0.000000,0.000000,0.000000,0.000000,0,0,0,0,0,0.000000,0.000000,0.000000,0.000000,0.000000,0.000000,0.000000,0.000000,0,0,0,0,0
649,1,17.566654,0.003893,0.000000,0.000190,0.452033,2.296617,2.285539,0.149824,0.005676,10.831377,4.915090,1.235514,1.180684,0.000827,0.000298,1.867842,0.000349,0.614865,0.002424,0.755564,0.000000,0.000000,0.000000,0,0,0.000000,0.000000,0.000000,0.000000,0.000000,0.000000,0.000000,0.000000,0.000000,0.000000,0.000000,0.000000,0.000000,0.000000,0,0,0,0,0,0.000000,0.000000,0.000000,0.000000,0.000000,0.000000,0.000000,0.000000,0,0,0,0,0
650,1,18.503821,0.420790,0.000000,0.000190,0.508314,2.255514,2.244422,0.082848,0.005690,10.897681,4.943804,1.238905,1.184496,0.000699,0.000305,2.389150,0.000329,0.595720,0.002424,0.589054,0.000000,0.000000,0.000000,0,0,0.000000,0.000000,0.000000,0.000000,0.000000,0.000000,0.000000,0.000000,0.000000,0.000000,0.000000,0.000000,0.000000,0.000000,0,0,0,0,0,0.000000,0.000000,0.000000,0.000000,0.000000,0.000000,0.000000,0.000000,0,0,0,0,0
651,1,17.917911,0.335910,0.000000,0.000163,0.532274,2.267259,2.255978,0.121830,0.005588,10.831329,4.884559,1.238003,1.183512,0.000712,0.000305,1.877079,0.000349,0.598874,0.002404,0.587894,0.000000,0.000000,0.000000,0,0,0.000000,0.000000,0.000000,0.000000,0.000000,0.000000,0.000000,0.000000,0.000000,0.000000,0.000000,0.000000,0.000000,0.000000,0,0,0,0,0,0.000000,0.000000,0.000000,0.000000,0.000000,0.000000,0.000000,0.000000,0,0,0,0,0
652,1,18.542701,0.422580,0.000000,0.000190,0.501316,2.288778,2.277666,0.083561,0.005832,10.915911,4.855818,1.236016,1.181763,0.000712,0.000305,2.324514,0.000383,0.601715,0.002492,0.589522,0.000000,0.000000,0.000000,0,0,0.000000,0.000000,0.000000,0.000000,0.000000,0.000000,0.000000,0.000000,0.000000,0.000000,0.000000,0.000000,0.000000,0.000000,0,0,0,0,0,0.000000,0.000000,0.000000,0.000000,0.000000,0.000000,0.000000,0.000000,0,0,0,0,0
653,1,17.953366,0.328674,0.000000,0.000163,0.471625,2.280463,2.269426,0.084476,0.005710,10.893307,4.818871,1.272807,1.215976,0.000712,0.000305,1.920603,0.000329,0.586748,0.002384,0.607791,0.000000,0.000000,0.000000,0,0,0.000000,0.000000,0.000000,0.000000,0.000000,0.000000,0.000000,0.000000,0.000000,0.000000,0.000000,0.000000,0.000000,0.000000,0,0,0,0,0,0.000000,0.000000,0.000000,0.000000,0.000000,0.000000,0.000000,0.000000,0,0,0,0,0
654,1,18.613848,0.420851,0.000000,0.000190,0.523512,2.220601,2.209429,0.082319,0.005629,11.060903,4.886851,1.235243,1.181010,0.000692,0.000305,2.356917,0.000329,0.598487,0.002526,0.634776,0.000000,0.000000,0.000000,0,0,0.000000,0.000000,0.000000,0.000000,0.000000,0.000000,0.000000,0.000000,0.000000,0.000000,0.000000,0.000000,0.000000,0.000000,0,0,0,0,0,0.000000,0.000000,0.000000,0.000000,0.000000,0.000000,0.000000,0.000000,0,0,0,0,0
655,1,18.039873,0.337104,0.000000,0.000163,0.519992,2.251811,2.240719,0.082625,0.007751,10.925391,4.867944,1.236708,1.183309,0.000712,0.000305,1.891998,0.000363,0.641225,0.002404,0.619985,0.000000,0.000000,0.000000,0,0,0.000000,0.000000,0.000000,0.000000,0.000000,0.000000,0.000000,0.000000,0.000000,0.000000,0.000000,0.000000,0.000000,0.000000,0,0,0,0,0,0.000000,0.000000,0.000000,0.000000,0.000000,0.000000,0.000000,0.000000,0,0,0,0,0
656,1,18.094703,0.450765,0.000000,0.000190,0.502516,2.277568,2.266557,0.083628,0.005649,10.934892,4.999230,1.236660,1.181898,0.000746,0.000298,1.908471,0.000390,0.585609,0.002411,0.695031,0.000000,0.000000,0.000000,0,0,0.000000,0.000000,0.000000,0.000000,0.000000,0.000000,0.000000,0.000000,0.000000,0.000000,0.000000,0.000000,0.000000,0.000000,0,0,0,0,0,0.000000,0.000000,0.000000,0.000000,0.000000,0.000000,0.000000,0.000000,0,0,0,0,0
657,1,17.954261,0.337897,0.000000,0.000163,0.564690,2.217672,2.206519,0.082326,0.006850,10.876034,4.916646,1.229485,1.175618,0.000746,0.000298,1.896508,0.000349,0.596663,0.002472,0.594649,0.000000,0.000000,0.000000,0,0,0.000000,0.000000,0.000000,0.000000,0.000000,0.000000,0.000000,0.000000,0.000000,0.000000,0.000000,0.000000,0.000000,0.000000,0,0,0,0,0,0.000000,0.000000,0.000000,0.000000,0.000000,0.000000,0.000000,0.000000,0,0,0,0,0
658,1,18.151242,0.422845,0.000000,0.000190,0.523878,2.211141,2.199934,0.082787,0.005608,11.052507,5.020864,1.238017,1.184530,0.000773,0.000305,1.882924,0.000383,0.622019,0.002574,0.629642,0.000000,0.000000,0.000000,0,0,0.000000,0.000000,0.000000,0.000000,0.000000,0.000000,0.000000,0.000000,0.000000,0.000000,0.000000,0.000000,0.000000,0.000000,0,0,0,0,0,0.000000,0.000000,0.000000,0.000000,0.000000,0.000000,0.000000,0.000000,0,0,0,0,0
659,1,17.862647,0.358873,0.000000,0.000163,0.511115,2.249234,2.238156,0.121931,0.005798,10.816423,4.848735,1.237501,1.183431,0.000753,0.000305,1.853811,0.000349,0.599484,0.002404,0.663401,0.000000,0.000000,0.000000,0,0,0.000000,0.000000,0.000000,0.000000,0.000000,0.000000,0.000000,0.000000,0.000000,0.000000,0.000000,0.000000,0.000000,0.000000,0,0,0,0,0,0.000000,0.000000,0.000000,0.000000,0.000000,0.000000,0.000000,0.000000,0,0,0,0,0
660,1,18.027381,0.422377,0.000000,0.000190,0.530307,2.215861,2.204688,0.082299,0.005608,10.895423,4.966522,1.236030,1.181688,0.000712,0.000305,1.935367,0.000383,0.594554,0.002485,0.587365,0.000000,0.000000,0.000000,0,0,0.000000,0.000000,0.000000,0.000000,0.000000,0.000000,0.000000,0.000000,0.000000,0.000000,0.000000,0.000000,0.000000,0.000000,0,0,0,0,0,0.000000,0.000000,0.000000,0.000000,0.000000,0.000000,0.000000,0.000000,0,0,0,0,0
661,1,17.630876,0.004008,0.000000,0.000163,0.450433,2.270610,2.259599,0.082828,0.005676,10.991065,4.896925,1.238749,1.183458,0.000746,0.000298,1.881188,0.000329,0.596941,0.002404,0.650869,0.000000,0.000000,0.000000,0,0,0.000000,0.000000,0.000000,0.000000,0.000000,0.000000,0.000000,0.000000,0.000000,0.000000,0.000000,0.000000,0.000000,0.000000,0,0,0,0,0,0.000000,0.000000,0.000000,0.000000,0.000000,0.000000,0.000000,0.000000,0,0,0,0,0
662,1,18.393192,0.446771,0.000000,0.000190,0.510383,2.240526,2.229428,0.123518,0.005798,10.807777,4.888197,1.237501,1.183411,0.000712,0.000305,2.317902,0.000329,0.594255,0.002465,0.628794,0.000000,0.000000,0.000000,0,0,0.000000,0.000000,0.000000,0.000000,0.000000,0.000000,0.000000,0.000000,0.000000,0.000000,0.000000,0.000000,0.000000,0.000000,0,0,0,0,0,0.000000,0.000000,0.000000,0.000000,0.000000,0.000000,0.000000,0.000000,0,0,0,0,0
663,1,18.413449,0.334195,0.000000,0.000163,0.514214,2.249715,2.238468,0.084252,0.005758,10.866920,4.857178,1.275960,1.185445,0.000712,0.000305,2.383887,0.000349,0.588803,0.002526,0.588735,0.000000,0.000000,0.000000,0,0,0.000000,0.000000,0.000000,0.000000,0.000000,0.000000,0.000000,0.000000,0.000000,0.000000,0.000000,0.000000,0.000000,0.000000,0,0,0,0,0,0.000000,0.000000,0.000000,0.000000,0.000000,0.000000,0.000000,0.000000,0,0,0,0,0
664,1,18.199236,0.418783,0.000000,0.000190,0.468926,2.293030,2.245080,0.084802,0.005690,11.025991,4.924906,1.238308,1.184475,0.000732,0.000305,1.944387,0.000383,0.610348,0.002404,0.588687,0.000000,0.000000,0.000000,0,0,0.000000,0.000000,0.000000,0.000000,0.000000,0.000000,0.000000,0.000000,0.000000,0.000000,0.000000,0.000000,0.000000,0.000000,0,0,0,0,0,0.000000,0.000000,0.000000,0.000000,0.000000,0.000000,0.000000,0.000000,0,0,0,0,0
665,1,17.947222,0.364366,0.000000,0.000163,0.498996,2.272644,2.261431,0.082767,0.006999,10.859290,4.874868,1.238241,1.184414,0.000712,0.000305,1.883331,0.000349,0.595008,0.002404,0.630069,0.000000,0.000000,0.000000,0,0,0.000000,0.000000,0.000000,0.000000,0.000000,0.000000,0.000000,0.000000,0.000000,0.000000,0.000000,0.000000,0.000000,0.000000,0,0,0,0,0,0.000000,0.000000,0.000000,0.000000,0.000000,0.000000,0.000000,0.000000,0,0,0,0,0
666,1,17.900821,0.088555,0.000000,0.000190,0.445889,2.246243,2.235192,0.085819,0.005615,10.775814,4.802816,1.236532,1.182665,0.000692,0.000305,2.311981,0.000451,0.594642,0.002384,0.608951,0.000000,0.000000,0.000000,0,0,0.000000,0.000000,0.000000,0.000000,0.000000,0.000000,0.000000,0.000000,0.000000,0.000000,0.000000,0.000000,0.000000,0.000000,0,0,0,0,0,0.000000,0.000000,0.000000,0.000000,0.000000,0.000000,0.000000,0.000000,0,0,0,0,0
667,1,18.210364,0.296651,0.000000,0.000163,0.503262,2.296739,2.285784,0.084293,0.005629,10.746050,4.889499,1.234829,1.150011,0.000746,0.000298,2.314233,0.000349,0.619409,0.002404,0.630720,0.000000,0.000000,0.000000,0,0,0.000000,0.000000,0.000000,0.000000,0.000000,0.000000,0.000000,0.000000,0.000000,0.000000,0.000000,0.000000,0.000000,0.000000,0,0,0,0,0,0.000000,0.000000,0.000000,0.000000,0.000000,0.000000,0.000000,0.000000,0,0,0,0,0
668,1,17.977068,0.450921,0.000000,0.000190,0.508714,2.272692,2.261641,0.121809,0.005690,10.816579,4.826162,1.230197,1.176168,0.000705,0.000298,1.864261,0.000383,0.597565,0.002445,0.660573,0.000000,0.000000,0.000000,0,0,0.000000,0.000000,0.000000,0.000000,0.000000,0.000000,0.000000,0.000000,0.000000,0.000000,0.000000,0.000000,0.000000,0.000000,0,0,0,0,0,0.000000,0.000000,0.000000,0.000000,0.000000,0.000000,0.000000,0.000000,0,0,0,0,0
669,1,18.036272,0.334540,0.000000,0.000163,0.510817,2.298808,2.287777,0.083459,0.005608,10.934770,4.975274,1.238098,1.183478,0.000712,0.000305,1.935781,0.000349,0.584347,0.002404,0.585778,0.000000,0.000000,0.000000,0,0,0.000000,0.000000,0.000000,0.000000,0.000000,0.000000,0.000000,0.000000,0.000000,0.000000,0.000000,0.000000,0.000000,0.000000,0,0,0,0,0,0.000000,0.000000,0.000000,0.000000,0.000000,0.000000,0.000000,0.000000,0,0,0,0,0
670,1,17.597958,0.088494,0.000000,0.000190,0.468418,2.189636,2.178565,0.083052,0.005690,10.903724,4.939650,1.238539,1.184679,0.000692,0.000305,1.923594,0.000363,0.587270,0.002424,0.597605,0.000000,0.000000,0.000000,0,0,0.000000,0.000000,0.000000,0.000000,0.000000,0.000000,0.000000,0.000000,0.000000,0.000000,0.000000,0.000000,0.000000,0.000000,0,0,0,0,0,0.000000,0.000000,0.000000,0.000000,0.000000,0.000000,0.000000,0.000000,0,0,0,0,0
671,1,17.440209,0.003967,0.000000,0.000163,0.482741,2.268473,2.257524,0.086144,0.005676,10.762672,4.774214,1.227295,1.173706,0.000712,0.000448,1.893524,0.000349,0.600644,0.002445,0.633942,0.000000,0.000000,0.000000,0,0,0.000000,0.000000,0.000000,0.000000,0.000000,0.000000,0.000000,0.000000,0.000000,0.000000,0.000000,0.000000,0.000000,0.000000,0,0,0,0,0,0.000000,0.000000,0.000000,0.000000,0.000000,0.000000,0.000000,0.000000,0,0,0,0,0
672,1,18.066918,0.421217,0.000000,0.000190,0.556837,2.221822,2.210588,0.082991,0.005629,10.907244,4.938510,1.238044,1.183818,0.000773,0.000305,1.930674,0.000390,0.593238,0.002506,0.587223,0.000000,0.000000,0.000000,0,0,0.000000,0.000000,0.000000,0.000000,0.000000,0.000000,0.000000,0.000000,0.000000,0.000000,0.000000,0.000000,0.000000,0.000000,0,0,0,0,0,0.000000,0.000000,0.000000,0.000000,0.000000,0.000000,0.000000,0.000000,0,0,0,0,0
673,1,17.807553,0.299398,0.000000,0.000163,0.514031,2.264872,2.253679,0.125241,0.005697,10.776343,4.968611,1.239095,1.184469,0.000746,0.000298,1.874366,0.000383,0.599640,0.002506,0.650116,0.000000,0.000000,0.000000,0,0,0.000000,0.000000,0.000000,0.000000,0.000000,0.000000,0.000000,0.000000,0.000000,0.000000,0.000000,0.000000,0.000000,0.000000,0,0,0,0,0,0.000000,0.000000,0.000000,0.000000,0.000000,0.000000,0.000000,0.000000,0,0,0,0,0
674,1,18.073503,0.445530,0.000000,0.000190,0.520033,2.189372,2.178321,0.082319,0.005731,10.998654,4.851579,1.238702,1.185242,0.000746,0.000298,1.888309,0.000349,0.596215,0.002363,0.663462,0.000000,0.000000,0.000000,0,0,0.000000,0.000000,0.000000,0.000000,0.000000,0.000000,0.000000,0.000000,0.000000,0.000000,0.000000,0.000000,0.000000,0.000000,0,0,0,0,0,0.000000,0.000000,0.000000,0.000000,0.000000,0.000000,0.000000,0.000000,0,0,0,0,0
675,1,18.172041,0.003967,0.000000,0.000163,0.464979,2.267680,2.256690,0.082991,0.005568,11.082862,4.958093,1.236003,1.181396,0.000848,0.000332,2.325531,0.000465,0.592601,0.002445,0.578929,0.000000,0.000000,0.000000,0,0,0.000000,0.000000,0.000000,0.000000,0.000000,0.000000,0.000000,0.000000,0.000000,0.000000,0.000000,0.000000,0.000000,0.000000,0,0,0,0,0,0.000000,0.000000,0.000000,0.000000,0.000000,0.000000,0.000000,0.000000,0,0,0,0,0
676,1,17.713281,0.124797,0.000000,0.000190,0.402554,2.282294,2.271176,0.084741,0.005608,10.931983,4.829566,1.274034,1.217414,0.000692,0.000305,1.908783,0.000390,0.588904,0.002479,0.618880,0.000000,0.000000,0.000000,0,0,0.000000,0.000000,0.000000,0.000000,0.000000,0.000000,0.000000,0.000000,0.000000,0.000000,0.000000,0.000000,0.000000,0.000000,0,0,0,0,0,0.000000,0.000000,0.000000,0.000000,0.000000,0.000000,0.000000,0.000000,0,0,0,0,0
677,1,17.941281,0.003927,0.000000,0.000163,0.500888,2.208496,2.197405,0.082319,0.006877,10.867896,4.954102,1.231628,1.177287,0.000692,0.000305,2.305847,0.000349,0.587175,0.002547,0.587758,0.000000,0.000000,0.000000,0,0,0.000000,0.000000,0.000000,0.000000,0.000000,0.000000,0.000000,0.000000,0.000000,0.000000,0.000000,0.000000,0.000000,0.000000,0,0,0,0,0,0.000000,0.000000,0.000000,0.000000,0.000000,0.000000,0.000000,0.000000,0,0,0,0,0
678,1,17.748878,0.089186,0.000000,0.000190,0.463135,2.209968,2.198931,0.082991,0.005547,11.050045,5.104258,1.239088,1.184577,0.000712,0.000305,1.881643,0.000383,0.618113,0.002567,0.629093,0.000000,0.000000,0.000000,0,0,0.000000,0.000000,0.000000,0.000000,0.000000,0.000000,0.000000,0.000000,0.000000,0.000000,0.000000,0.000000,0.000000,0.000000,0,0,0,0,0,0.000000,0.000000,0.000000,0.000000,0.000000,0.000000,0.000000,0.000000,0,0,0,0,0
679,1,18.590451,0.003866,0.000000,0.000163,0.444126,2.260783,2.249773,0.082625,0.005588,10.932471,5.014411,1.860128,0.956831,0.000712,0.000305,2.305796,0.000349,0.585995,0.002567,0.581696,0.000000,0.000000,0.000000,0,0,0.000000,0.000000,0.000000,0.000000,0.000000,0.000000,0.000000,0.000000,0.000000,0.000000,0.000000,0.000000,0.000000,0.000000,0,0,0,0,0,0.000000,0.000000,0.000000,0.000000,0.000000,0.000000,0.000000,0.000000,0,0,0,0,0
680,1,18.495690,0.418925,0.000000,0.000190,0.535265,2.269409,2.258399,0.082543,0.005669,10.905331,4.999847,1.238810,1.184855,0.000712,0.000305,2.344710,0.000390,0.585405,0.002418,0.587670,0.000000,0.000000,0.000000,0,0,0.000000,0.000000,0.000000,0.000000,0.000000,0.000000,0.000000,0.000000,0.000000,0.000000,0.000000,0.000000,0.000000,0.000000,0,0,0,0,0,0.000000,0.000000,0.000000,0.000000,0.000000,0.000000,0.000000,0.000000,0,0,0,0,0
681,1,17.905535,0.335171,0.000000,0.000163,0.505093,2.254686,2.243527,0.083032,0.005676,10.858883,4.915707,1.239048,1.184591,0.000746,0.000298,1.877709,0.000431,0.598962,0.039127,0.620616,0.000000,0.000000,0.000000,0,0,0.000000,0.000000,0.000000,0.000000,0.000000,0.000000,0.000000,0.000000,0.000000,0.000000,0.000000,0.000000,0.000000,0.000000,0,0,0,0,0,0.000000,0.000000,0.000000,0.000000,0.000000,0.000000,0.000000,0.000000,0,0,0,0,0
682,1,18.122806,0.432902,0.000000,0.000190,0.512132,2.251472,2.240414,0.082665,0.005690,11.012163,4.968536,1.238281,1.184475,0.000712,0.000305,1.882680,0.000349,0.595639,0.002377,0.665693,0.000000,0.000000,0.000000,0,0,0.000000,0.000000,0.000000,0.000000,0.000000,0.000000,0.000000,0.000000,0.000000,0.000000,0.000000,0.000000,0.000000,0.000000,0,0,0,0,0,0.000000,0.000000,0.000000,0.000000,0.000000,0.000000,0.000000,0.000000,0,0,0,0,0
683,1,17.831092,0.299506,0.000000,0.000163,0.505690,2.269124,2.257992,0.121707,0.005615,10.793901,4.880252,1.238200,1.184618,0.000712,0.000305,1.861359,0.000349,0.627235,0.002465,0.629873,0.000000,0.000000,0.000000,0,0,0.000000,0.000000,0.000000,0.000000,0.000000,0.000000,0.000000,0.000000,0.000000,0.000000,0.000000,0.000000,0.000000,0.000000,0,0,0,0,0,0.000000,0.000000,0.000000,0.000000,0.000000,0.000000,0.000000,0.000000,0,0,0,0,0
684,1,18.116574,0.423069,0.000000,0.000190,0.501268,2.270820,2.259647,0.082909,0.006951,10.900855,4.838206,1.238322,1.184130,0.000692,0.000305,1.902374,0.000390,0.643904,0.002401,0.583174,0.000000,0.000000,0.000000,0,0,0.000000,0.000000,0.000000,0.000000,0.000000,0.000000,0.000000,0.000000,0.000000,0.000000,0.000000,0.000000,0.000000,0.000000,0,0,0,0,0,0.000000,0.000000,0.000000,0.000000,0.000000,0.000000,0.000000,0.000000,0,0,0,0,0
685,1,17.589047,0.004035,0.000000,0.000163,0.512051,2.213833,2.202735,0.083011,0.005636,10.852475,4.905012,1.272115,1.181905,0.000712,0.000305,1.950124,0.000349,0.586544,0.002424,0.584951,0.000000,0.000000,0.000000,0,0,0.000000,0.000000,0.000000,0.000000,0.000000,0.000000,0.000000,0.000000,0.000000,0.000000,0.000000,0.000000,0.000000,0.000000,0,0,0,0,0,0.000000,0.000000,0.000000,0.000000,0.000000,0.000000,0.000000,0.000000,0,0,0,0,0
686,1,17.990841,0.423069,0.000000,0.000190,0.510708,2.281114,2.269874,0.124006,0.005649,10.777768,4.816098,1.240316,1.186808,0.000773,0.000305,1.921661,0.000363,0.597463,0.002404,0.627940,0.000000,0.000000,0.000000,0,0,0.000000,0.000000,0.000000,0.000000,0.000000,0.000000,0.000000,0.000000,0.000000,0.000000,0.000000,0.000000,0.000000,0.000000,0,0,0,0,0,0.000000,0.000000,0.000000,0.000000,0.000000,0.000000,0.000000,0.000000,0,0,0,0,0
687,1,17.939307,0.332323,0.000000,0.000163,0.504347,2.228217,2.216922,0.084768,0.005629,10.912248,4.898298,1.271661,1.215915,0.000712,0.000305,1.904633,0.000471,0.586524,0.002526,0.634688,0.000000,0.000000,0.000000,0,0,0.000000,0.000000,0.000000,0.000000,0.000000,0.000000,0.000000,0.000000,0.000000,0.000000,0.000000,0.000000,0.000000,0.000000,0,0,0,0,0,0.000000,0.000000,0.000000,0.000000,0.000000,0.000000,0.000000,0.000000,0,0,0,0,0
688,1,17.918189,0.451538,0.000000,0.000190,0.502021,2.282477,2.271216,0.086660,0.005669,10.759783,4.882253,1.229818,1.176107,0.000692,0.000305,1.893497,0.000383,0.597544,0.002404,0.631683,0.000000,0.000000,0.000000,0,0,0.000000,0.000000,0.000000,0.000000,0.000000,0.000000,0.000000,0.000000,0.000000,0.000000,0.000000,0.000000,0.000000,0.000000,0,0,0,0,0,0.000000,0.000000,0.000000,0.000000,0.000000,0.000000,0.000000,0.000000,0,0,0,0,0
689,1,18.483965,0.342292,0.000000,0.000163,0.508816,2.343886,2.332408,0.083296,0.033166,10.892819,4.798506,1.237345,1.182888,0.000712,0.000305,2.346256,0.000349,0.586931,0.002506,0.585839,0.000000,0.000000,0.000000,0,0,0.000000,0.000000,0.000000,0.000000,0.000000,0.000000,0.000000,0.000000,0.000000,0.000000,0.000000,0.000000,0.000000,0.000000,0,0,0,0,0,0.000000,0.000000,0.000000,0.000000,0.000000,0.000000,0.000000,0.000000,0,0,0,0,0
690,1,18.584042,0.418335,0.000000,0.000190,0.503608,2.255622,2.244727,0.084069,0.005629,10.958371,4.959089,1.238871,1.184550,0.000712,0.000305,2.379934,0.000329,0.630246,0.002424,0.587860,0.000000,0.000000,0.000000,0,0,0.000000,0.000000,0.000000,0.000000,0.000000,0.000000,0.000000,0.000000,0.000000,0.000000,0.000000,0.000000,0.000000,0.000000,0,0,0,0,0,0.000000,0.000000,0.000000,0.000000,0.000000,0.000000,0.000000,0.000000,0,0,0,0,0
691,1,17.949521,0.299486,0.000000,0.000163,0.513821,2.296353,2.285356,0.085819,0.005676,10.806820,4.859694,1.233134,1.150540,0.000712,0.000305,1.962819,0.000404,0.635935,0.002465,0.582014,0.000000,0.000000,0.000000,0,0,0.000000,0.000000,0.000000,0.000000,0.000000,0.000000,0.000000,0.000000,0.000000,0.000000,0.000000,0.000000,0.000000,0.000000,0,0,0,0,0,0.000000,0.000000,0.000000,0.000000,0.000000,0.000000,0.000000,0.000000,0,0,0,0,0
692,1,18.536028,0.422662,0.000000,0.000190,0.497281,2.265489,2.254493,0.083032,0.006972,10.918433,4.920041,1.236410,1.181769,0.000712,0.000305,2.320567,0.000397,0.639394,0.002445,0.588199,0.000000,0.000000,0.000000,0,0,0.000000,0.000000,0.000000,0.000000,0.000000,0.000000,0.000000,0.000000,0.000000,0.000000,0.000000,0.000000,0.000000,0.000000,0,0,0,0,0,0.000000,0.000000,0.000000,0.000000,0.000000,0.000000,0.000000,0.000000,0,0,0,0,0
693,1,17.637753,0.004069,0.000000,0.000190,0.464125,2.275635,2.264604,0.084151,0.005636,10.917009,4.969221,1.238770,1.183695,0.000712,0.000305,1.953583,0.000349,0.585039,0.002404,0.584334,0.000000,0.000000,0.000000,0,0,0.000000,0.000000,0.000000,0.000000,0.000000,0.000000,0.000000,0.000000,0.000000,0.000000,0.000000,0.000000,0.000000,0.000000,0,0,0,0,0,0.000000,0.000000,0.000000,0.000000,0.000000,0.000000,0.000000,0.000000,0,0,0,0,0
694,1,17.995683,0.123223,0.000000,0.000197,0.404738,2.282206,2.271176,0.085310,0.005588,10.840949,4.770769,1.207364,1.153931,0.000746,0.000298,2.315148,0.000329,0.621375,0.002445,0.623973,0.000000,0.000000,0.000000,0,0,0.000000,0.000000,0.000000,0.000000,0.000000,0.000000,0.000000,0.000000,0.000000,0.000000,0.000000,0.000000,0.000000,0.000000,0,0,0,0,0,0.000000,0.000000,0.000000,0.000000,0.000000,0.000000,0.000000,0.000000,0,0,0,0,0
695,1,17.954709,0.332547,0.000000,0.000163,0.467780,2.266432,2.255469,0.084415,0.005663,10.922645,4.995131,1.273071,1.217075,0.000814,0.000305,1.902802,0.000349,0.589556,0.002553,0.628740,0.000000,0.000000,0.000000,0,0,0.000000,0.000000,0.000000,0.000000,0.000000,0.000000,0.000000,0.000000,0.000000,0.000000,0.000000,0.000000,0.000000,0.000000,0,0,0,0,0,0.000000,0.000000,0.000000,0.000000,0.000000,0.000000,0.000000,0.000000,0,0,0,0,0
696,1,18.109189,0.384840,0.000000,0.000190,0.525486,2.285522,2.274451,0.085019,0.005656,10.940372,4.895860,1.281386,1.226854,0.000692,0.000305,1.904592,0.000390,0.586890,0.002519,0.589691,0.000000,0.000000,0.000000,0,0,0.000000,0.000000,0.000000,0.000000,0.000000,0.000000,0.000000,0.000000,0.000000,0.000000,0.000000,0.000000,0.000000,0.000000,0,0,0,0,0,0.000000,0.000000,0.000000,0.000000,0.000000,0.000000,0.000000,0.000000,0,0,0,0,0
697,1,18.380632,0.337409,0.000000,0.000163,0.529717,2.222961,2.211890,1.968299,0.010678,5.758993,4.924883,1.264560,1.210368,0.000726,0.000298,1.919105,0.000390,0.587440,0.002418,0.587229,0.000000,0.000000,0.000000,0,0,0.000000,0.000000,0.000000,0.000000,0.000000,0.000000,0.000000,0.000000,0.000000,0.000000,0.000000,0.000000,0.000000,0.000000,0,0,0,0,0,0.000000,0.000000,0.000000,0.000000,0.000000,0.000000,0.000000,0.000000,0,0,0,0,0
698,1,18.063982,0.420288,0.000000,0.000190,0.505141,2.233093,2.221941,0.085178,0.005771,10.957150,4.883938,1.238546,1.182766,0.000746,0.000298,1.915056,0.000349,0.587501,0.002424,0.629581,0.000000,0.000000,0.000000,0,0,0.000000,0.000000,0.000000,0.000000,0.000000,0.000000,0.000000,0.000000,0.000000,0.000000,0.000000,0.000000,0.000000,0.000000,0,0,0,0,0,0.000000,0.000000,0.000000,0.000000,0.000000,0.000000,0.000000,0.000000,0,0,0,0,0
699,1,18.402625,0.337714,0.000000,0.000163,0.536933,2.248094,2.236996,1.983741,0.010393,5.793281,4.919454,1.231215,1.176595,0.000692,0.000305,1.911082,0.000349,0.584897,0.002424,0.787486,0.000000,0.000000,0.000000,0,0,0.000000,0.000000,0.000000,0.000000,0.000000,0.000000,0.000000,0.000000,0.000000,0.000000,0.000000,0.000000,0.000000,0.000000,0,0,0,0,0,0.000000,0.000000,0.000000,0.000000,0.000000,0.000000,0.000000,0.000000,0,0,0,0,0
700,1,18.164629,0.419223,0.000000,0.000190,0.500780,2.291450,2.280392,0.082499,0.031080,10.948157,4.811622,1.237773,1.183594,0.000712,0.000305,1.877892,0.000383,0.620778,0.002526,0.630564,0.000000,0.000000,0.000000,0,0,0.000000,0.000000,0.000000,0.000000,0.000000,0.000000,0.000000,0.000000,0.000000,0.000000,0.000000,0.000000,0.000000,0.000000,0,0,0,0,0,0.000000,0.000000,0.000000,0.000000,0.000000,0.000000,0.000000,0.000000,0,0,0,0,0
701,1,18.330868,0.299811,0.000000,0.000163,0.510810,2.261217,2.250119,1.954444,0.010793,5.771206,4.899512,1.244785,1.189067,0.000793,0.000305,1.871206,0.000465,0.632077,0.002485,0.582889,0.000000,0.000000,0.000000,0,0,0.000000,0.000000,0.000000,0.000000,0.000000,0.000000,0.000000,0.000000,0.000000,0.000000,0.000000,0.000000,0.000000,0.000000,0,0,0,0,0,0.000000,0.000000,0.000000,0.000000,0.000000,0.000000,0.000000,0.000000,0,0,0,0,0
702,1,18.420875,0.423231,0.000000,0.000190,0.532030,2.244880,2.233836,0.083856,0.005690,10.856422,4.839901,1.236816,1.182841,0.000732,0.000332,2.295617,0.000349,0.587826,0.002465,0.587107,0.000000,0.000000,0.000000,0,0,0.000000,0.000000,0.000000,0.000000,0.000000,0.000000,0.000000,0.000000,0.000000,0.000000,0.000000,0.000000,0.000000,0.000000,0,0,0,0,0,0.000000,0.000000,0.000000,0.000000,0.000000,0.000000,0.000000,0.000000,0,0,0,0,0
703,1,18.502519,0.003988,0.000000,0.000163,0.440152,2.272529,2.261492,1.997433,0.010515,5.850633,4.973016,1.229323,1.175334,0.000712,0.000305,2.393097,0.000465,0.586029,0.002485,0.584944,0.000000,0.000000,0.000000,0,0,0.000000,0.000000,0.000000,0.000000,0.000000,0.000000,0.000000,0.000000,0.000000,0.000000,0.000000,0.000000,0.000000,0.000000,0,0,0,0,0,0.000000,0.000000,0.000000,0.000000,0.000000,0.000000,0.000000,0.000000,0,0,0,0,0
704,1,18.136451,0.384108,0.000000,0.000190,0.533963,2.313951,2.266232,0.084852,0.005636,10.981259,4.896562,1.231018,1.177653,0.000726,0.000298,1.899682,0.000390,0.586138,0.002391,0.584707,0.000000,0.000000,0.000000,0,0,0.000000,0.000000,0.000000,0.000000,0.000000,0.000000,0.000000,0.000000,0.000000,0.000000,0.000000,0.000000,0.000000,0.000000,0,0,0,0,0,0.000000,0.000000,0.000000,0.000000,0.000000,0.000000,0.000000,0.000000,0,0,0,0,0
705,1,18.412411,0.337226,0.000000,0.000163,0.552294,2.214199,2.202939,1.994748,0.010596,5.815335,4.830994,1.241096,1.185710,0.000692,0.000305,1.898814,0.000390,0.587480,0.002424,0.586002,0.000000,0.000000,0.000000,0,0,0.000000,0.000000,0.000000,0.000000,0.000000,0.000000,0.000000,0.000000,0.000000,0.000000,0.000000,0.000000,0.000000,0.000000,0,0,0,0,0,0.000000,0.000000,0.000000,0.000000,0.000000,0.000000,0.000000,0.000000,0,0,0,0,0
706,1,18.620765,0.418979,0.000000,0.000190,0.515388,2.256226,2.245338,0.083272,0.008179,11.020972,4.970764,1.237122,1.182983,0.000732,0.000298,2.333581,0.000349,0.593869,0.002404,0.721039,0.000000,0.000000,0.000000,0,0,0.000000,0.000000,0.000000,0.000000,0.000000,0.000000,0.000000,0.000000,0.000000,0.000000,0.000000,0.000000,0.000000,0.000000,0,0,0,0,0,0.000000,0.000000,0.000000,0.000000,0.000000,0.000000,0.000000,0.000000,0,0,0,0,0
707,1,18.745541,0.330899,0.000000,0.000163,0.507338,2.243286,2.232120,1.961524,0.010786,5.766018,4.852983,1.237054,1.182515,0.000882,0.000359,2.320540,0.000349,0.607439,0.002485,0.586592,0.000000,0.000000,0.000000,0,0,0.000000,0.000000,0.000000,0.000000,0.000000,0.000000,0.000000,0.000000,0.000000,0.000000,0.000000,0.000000,0.000000,0.000000,0,0,0,0,0,0.000000,0.000000,0.000000,0.000000,0.000000,0.000000,0.000000,0.000000,0,0,0,0,0
708,1,18.022851,0.422845,0.000000,0.000190,0.537835,2.264323,2.253170,0.123773,0.005690,10.821306,4.933807,1.237345,1.183004,0.000712,0.000326,1.895030,0.000329,0.598894,0.002404,0.633942,0.000000,0.000000,0.000000,0,0,0.000000,0.000000,0.000000,0.000000,0.000000,0.000000,0.000000,0.000000,0.000000,0.000000,0.000000,0.000000,0.000000,0.000000,0,0,0,0,0,0.000000,0.000000,0.000000,0.000000,0.000000,0.000000,0.000000,0.000000,0,0,0,0,0
709,1,18.218970,0.296414,0.000000,0.000163,0.498379,2.286648,2.275631,1.927161,0.010732,5.770589,4.838053,1.226291,1.171570,0.000807,0.000298,1.860945,0.000329,0.616106,0.002485,0.628245,0.000000,0.000000,0.000000,0,0,0.000000,0.000000,0.000000,0.000000,0.000000,0.000000,0.000000,0.000000,0.000000,0.000000,0.000000,0.000000,0.000000,0.000000,0,0,0,0,0,0.000000,0.000000,0.000000,0.000000,0.000000,0.000000,0.000000,0.000000,0,0,0,0,0
710,1,17.971371,0.431512,0.000000,0.000190,0.512200,2.269206,2.258196,0.125217,0.005758,10.824459,4.799713,1.236891,1.183153,0.000692,0.000305,1.852997,0.000349,0.598121,0.002404,0.662221,0.000000,0.000000,0.000000,0,0,0.000000,0.000000,0.000000,0.000000,0.000000,0.000000,0.000000,0.000000,0.000000,0.000000,0.000000,0.000000,0.000000,0.000000,0,0,0,0,0,0.000000,0.000000,0.000000,0.000000,0.000000,0.000000,0.000000,0.000000,0,0,0,0,0
711,1,18.418738,0.335904,0.000000,0.000163,0.518975,2.270325,2.259132,1.888465,0.010664,5.796658,4.849063,1.290398,1.234795,0.000787,0.000332,1.918684,0.000349,0.584693,0.002465,0.586985,0.000000,0.000000,0.000000,0,0,0.000000,0.000000,0.000000,0.000000,0.000000,0.000000,0.000000,0.000000,0.000000,0.000000,0.000000,0.000000,0.000000,0.000000,0,0,0,0,0,0.000000,0.000000,0.000000,0.000000,0.000000,0.000000,0.000000,0.000000,0,0,0,0,0
712,1,19.168698,0.419210,0.000000,0.000190,0.509671,2.288947,2.277890,0.080465,0.005608,10.987708,4.818017,1.229980,1.177090,0.000726,0.000298,1.858219,0.000383,0.596792,0.002506,0.631127,0.000000,0.000000,0.000000,0,0,0.000000,0.000000,0.000000,0.000000,0.000000,0.000000,0.000000,0.000000,0.000000,0.000000,0.000000,0.000000,0.000000,0.000000,0,0,0,0,0,0.000000,0.000000,0.000000,0.000000,0.000000,0.000000,0.000000,0.000000,0,0,0,0,0
713,1,17.905514,0.364685,0.000000,0.000163,0.509589,2.262824,2.251746,0.122542,0.005669,10.822323,4.799130,1.232090,1.178162,0.000793,0.000305,1.875410,0.000349,0.601403,0.002384,0.656986,0.000000,0.000000,0.000000,0,0,0.000000,0.000000,0.000000,0.000000,0.000000,0.000000,0.000000,0.000000,0.000000,0.000000,0.000000,0.000000,0.000000,0.000000,0,0,0,0,0,0.000000,0.000000,0.000000,0.000000,0.000000,0.000000,0.000000,0.000000,0,0,0,0,0
714,1,18.048865,0.422295,0.000000,0.000190,0.564806,2.210476,2.199398,0.082258,0.006687,10.879167,4.886275,1.229960,1.175313,0.000712,0.000305,1.906823,0.000505,0.599538,0.002424,0.632823,0.000000,0.000000,0.000000,0,0,0.000000,0.000000,0.000000,0.000000,0.000000,0.000000,0.000000,0.000000,0.000000,0.000000,0.000000,0.000000,0.000000,0.000000,0,0,0,0,0,0.000000,0.000000,0.000000,0.000000,0.000000,0.000000,0.000000,0.000000,0,0,0,0,0
715,1,18.514754,0.332370,0.000000,0.000163,0.460639,2.294562,2.283512,0.084781,0.005595,11.003313,4.952355,1.237094,1.182888,0.000692,0.000305,2.398549,0.000471,0.588314,0.002465,0.588287,0.000000,0.000000,0.000000,0,0,0.000000,0.000000,0.000000,0.000000,0.000000,0.000000,0.000000,0.000000,0.000000,0.000000,0.000000,0.000000,0.000000,0.000000,0,0,0,0,0,0.000000,0.000000,0.000000,0.000000,0.000000,0.000000,0.000000,0.000000,0,0,0,0,0
716,1,18.017310,0.421685,0.000000,0.000190,0.536587,2.216790,2.205665,0.082991,0.007772,10.886207,4.877896,1.237956,1.184041,0.000773,0.000305,1.883698,0.000383,0.597646,0.002445,0.589176,0.000000,0.000000,0.000000,0,0,0.000000,0.000000,0.000000,0.000000,0.000000,0.000000,0.000000,0.000000,0.000000,0.000000,0.000000,0.000000,0.000000,0.000000,0,0,0,0,0,0.000000,0.000000,0.000000,0.000000,0.000000,0.000000,0.000000,0.000000,0,0,0,0,0
717,1,18.464759,0.336310,0.000000,0.000163,0.504367,2.302856,2.291765,0.083235,0.005595,10.945574,4.946357,1.240526,1.185533,0.000712,0.000305,2.349060,0.000349,0.587663,0.002526,0.589155,0.000000,0.000000,0.000000,0,0,0.000000,0.000000,0.000000,0.000000,0.000000,0.000000,0.000000,0.000000,0.000000,0.000000,0.000000,0.000000,0.000000,0.000000,0,0,0,0,0,0.000000,0.000000,0.000000,0.000000,0.000000,0.000000,0.000000,0.000000,0,0,0,0,0
718,1,17.916846,0.385369,0.000000,0.000190,0.509203,2.266262,2.255144,0.083133,0.005710,10.760515,4.888438,1.236606,1.182719,0.000787,0.000298,1.914168,0.000383,0.646657,0.002418,0.584761,0.000000,0.000000,0.000000,0,0,0.000000,0.000000,0.000000,0.000000,0.000000,0.000000,0.000000,0.000000,0.000000,0.000000,0.000000,0.000000,0.000000,0.000000,0,0,0,0,0,0.000000,0.000000,0.000000,0.000000,0.000000,0.000000,0.000000,0.000000,0,0,0,0,0
719,1,18.379072,0.364617,0.000000,0.000292,0.495816,2.268561,2.257443,0.083235,0.007338,10.869937,4.800168,1.262180,1.209615,0.000692,0.000305,2.294179,0.000349,0.587175,0.002465,0.602692,0.000000,0.000000,0.000000,0,0,0.000000,0.000000,0.000000,0.000000,0.000000,0.000000,0.000000,0.000000,0.000000,0.000000,0.000000,0.000000,0.000000,0.000000,0,0,0,0,0,0.000000,0.000000,0.000000,0.000000,0.000000,0.000000,0.000000,0.000000,0,0,0,0,0
720,2,18.087385,0.419271,0.000000,0.000190,0.541294,2.271342,2.260128,0.083622,0.005547,10.904619,5.002089,1.237000,1.182665,0.000712,0.000305,1.931380,0.000390,0.584144,0.002397,0.584381,0.000000,0.000000,0.000000,0,0,0.000000,0.000000,0.000000,0.000000,0.000000,0.000000,0.000000,0.000000,0.000000,0.000000,0.000000,0.000000,0.000000,0.000000,0,0,0,0,0,0.000000,0.000000,0.000000,0.000000,0.000000,0.000000,0.000000,0.000000,0,0,0,0,0
721,2,18.290809,0.299425,0.000000,0.000163,0.508837,2.255663,2.244503,0.124352,0.005731,10.805105,4.967336,1.237210,1.182217,0.000746,0.000332,2.340729,0.000349,0.605248,0.002404,0.586083,0.000000,0.000000,0.000000,0,0,0.000000,0.000000,0.000000,0.000000,0.000000,0.000000,0.000000,0.000000,0.000000,0.000000,0.000000,0.000000,0.000000,0.000000,0,0,0,0,0,0.000000,0.000000,0.000000,0.000000,0.000000,0.000000,0.000000,0.000000,0,0,0,0,0
722,2,18.023638,0.449741,0.000000,0.000190,0.511481,2.259915,2.248939,0.083988,0.006565,10.842668,4.958513,1.236647,1.182597,0.000712,0.000305,1.889516,0.000465,0.596575,0.002526,0.588654,0.000000,0.000000,0.000000,0,0,0.000000,0.000000,0.000000,0.000000,0.000000,0.000000,0.000000,0.000000,0.000000,0.000000,0.000000,0.000000,0.000000,0.000000,0,0,0,0,0,0.000000,0.000000,0.000000,0.000000,0.000000,0.000000,0.000000,0.000000,0,0,0,0,0
723,2,18.053870,0.332893,0.000000,0.000163,0.497572,2.316576,2.305111,0.084720,0.005608,10.944021,4.935065,1.238614,1.184347,0.000712,0.000305,1.939626,0.000349,0.584795,0.002587,0.585615,0.000000,0.000000,0.000000,0,0,0.000000,0.000000,0.000000,0.000000,0.000000,0.000000,0.000000,0.000000,0.000000,0.000000,0.000000,0.000000,0.000000,0.000000,0,0,0,0,0,0.000000,0.000000,0.000000,0.000000,0.000000,0.000000,0.000000,0.000000,0,0,0,0,0
724,2,17.873213,0.420790,0.000000,0.000190,0.510423,2.285183,2.274126,0.085839,0.005737,10.753984,4.931312,1.236823,1.182719,0.000712,0.000305,1.866587,0.000383,0.598358,0.002404,0.602976,0.000000,0.000000,0.000000,0,0,0.000000,0.000000,0.000000,0.000000,0.000000,0.000000,0.000000,0.000000,0.000000,0.000000,0.000000,0.000000,0.000000,0.000000,0,0,0,0,0,0.000000,0.000000,0.000000,0.000000,0.000000,0.000000,0.000000,0.000000,0,0,0,0,0
725,2,18.080258,0.334398,0.000000,0.000163,0.528185,2.280199,2.269223,0.082950,0.005636,11.004900,4.897905,1.254632,1.199504,0.000949,0.000441,1.881534,0.000349,0.597185,0.002506,0.629479,0.000000,0.000000,0.000000,0,0,0.000000,0.000000,0.000000,0.000000,0.000000,0.000000,0.000000,0.000000,0.000000,0.000000,0.000000,0.000000,0.000000,0.000000,0,0,0,0,0,0.000000,0.000000,0.000000,0.000000,0.000000,0.000000,0.000000,0.000000,0,0,0,0,0
726,2,17.915951,0.386325,0.000000,0.000190,0.510078,2.290392,2.279314,0.084679,0.005676,10.731300,4.814612,1.235107,1.181261,0.000746,0.000298,1.973494,0.000383,0.588898,0.002445,0.583093,0.000000,0.000000,0.000000,0,0,0.000000,0.000000,0.000000,0.000000,0.000000,0.000000,0.000000,0.000000,0.000000,0.000000,0.000000,0.000000,0.000000,0.000000,0,0,0,0,0,0.000000,0.000000,0.000000,0.000000,0.000000,0.000000,0.000000,0.000000,0,0,0,0,0
727,2,17.434689,0.003988,0.000000,0.000163,0.452053,2.240404,2.229306,0.125329,0.005710,10.803606,4.794556,1.236864,1.182861,0.000712,0.000305,1.858727,0.000349,0.599077,0.002384,0.663971,0.000000,0.000000,0.000000,0,0,0.000000,0.000000,0.000000,0.000000,0.000000,0.000000,0.000000,0.000000,0.000000,0.000000,0.000000,0.000000,0.000000,0.000000,0,0,0,0,0,0.000000,0.000000,0.000000,0.000000,0.000000,0.000000,0.000000,0.000000,0,0,0,0,0
728,2,18.132728,0.431797,0.000000,0.000190,0.495673,2.269457,2.258257,0.083235,0.005669,11.035173,4.996952,1.237569,1.183377,0.000658,0.000305,1.866852,0.000410,0.597761,0.002404,0.662811,0.000000,0.000000,0.000000,0,0,0.000000,0.000000,0.000000,0.000000,0.000000,0.000000,0.000000,0.000000,0.000000,0.000000,0.000000,0.000000,0.000000,0.000000,0,0,0,0,0,0.000000,0.000000,0.000000,0.000000,0.000000,0.000000,0.000000,0.000000,0,0,0,0,0
729,2,19.333004,0.337328,0.000000,0.000163,0.513543,2.263875,2.252723,0.083174,0.005771,10.996762,4.974308,2.038038,0.991438,0.000753,0.000305,2.394318,0.000349,0.590654,0.002424,0.588450,0.000000,0.000000,0.000000,0,0,0.000000,0.000000,0.000000,0.000000,0.000000,0.000000,0.000000,0.000000,0.000000,0.000000,0.000000,0.000000,0.000000,0.000000,0,0,0,0,0,0.000000,0.000000,0.000000,0.000000,0.000000,0.000000,0.000000,0.000000,0,0,0,0,0
730,2,18.489010,0.423475,0.000000,0.000190,0.506599,2.239936,2.228838,0.084781,0.006361,10.882280,4.861928,1.236932,1.182943,0.000712,0.000305,2.330251,0.000329,0.631894,0.002404,0.587568,0.000000,0.000000,0.000000,0,0,0.000000,0.000000,0.000000,0.000000,0.000000,0.000000,0.000000,0.000000,0.000000,0.000000,0.000000,0.000000,0.000000,0.000000,0,0,0,0,0,0.000000,0.000000,0.000000,0.000000,0.000000,0.000000,0.000000,0.000000,0,0,0,0,0
731,2,18.019975,0.332893,0.000000,0.000163,0.530267,2.240601,2.229346,0.084598,0.005649,10.978729,4.915683,1.253215,1.199524,0.000834,0.000305,1.897227,0.000349,0.587094,0.002553,0.585270,0.000000,0.000000,0.000000,0,0,0.000000,0.000000,0.000000,0.000000,0.000000,0.000000,0.000000,0.000000,0.000000,0.000000,0.000000,0.000000,0.000000,0.000000,0,0,0,0,0,0.000000,0.000000,0.000000,0.000000,0.000000,0.000000,0.000000,0.000000,0,0,0,0,0
732,2,18.120277,0.384942,0.000000,0.000190,0.513801,2.320333,2.309079,0.084741,0.005669,10.901160,4.957862,1.274475,1.183146,0.000712,0.000305,1.938609,0.000390,0.586829,0.002424,0.588728,0.000000,0.000000,0.000000,0,0,0.000000,0.000000,0.000000,0.000000,0.000000,0.000000,0.000000,0.000000,0.000000,0.000000,0.000000,0.000000,0.000000,0.000000,0,0,0,0,0,0.000000,0.000000,0.000000,0.000000,0.000000,0.000000,0.000000,0.000000,0,0,0,0,0
733,2,18.433292,0.335741,0.000000,0.000163,0.506761,2.258592,2.247515,0.083730,0.006911,10.906002,4.862539,1.239461,1.184835,0.000712,0.000305,2.321136,0.000349,0.627845,0.002384,0.586416,0.000000,0.000000,0.000000,0,0,0.000000,0.000000,0.000000,0.000000,0.000000,0.000000,0.000000,0.000000,0.000000,0.000000,0.000000,0.000000,0.000000,0.000000,0,0,0,0,0,0.000000,0.000000,0.000000,0.000000,0.000000,0.000000,0.000000,0.000000,0,0,0,0,0
734,2,18.007158,0.088067,0.000000,0.000190,0.487861,2.252916,2.241703,0.121972,0.005690,10.804013,4.880632,1.241143,1.186815,0.000746,0.000298,2.313622,0.000329,0.583106,0.002404,0.588226,0.000000,0.000000,0.000000,0,0,0.000000,0.000000,0.000000,0.000000,0.000000,0.000000,0.000000,0.000000,0.000000,0.000000,0.000000,0.000000,0.000000,0.000000,0,0,0,0,0,0.000000,0.000000,0.000000,0.000000,0.000000,0.000000,0.000000,0.000000,0,0,0,0,0
735,2,17.742103,0.003947,0.000000,0.000163,0.469516,2.277832,2.266619,0.083649,0.005608,11.069821,5.066213,1.236918,1.183248,0.000671,0.000305,1.863027,0.000397,0.622528,0.002533,0.630781,0.000000,0.000000,0.000000,0,0,0.000000,0.000000,0.000000,0.000000,0.000000,0.000000,0.000000,0.000000,0.000000,0.000000,0.000000,0.000000,0.000000,0.000000,0,0,0,0,0,0.000000,0.000000,0.000000,0.000000,0.000000,0.000000,0.000000,0.000000,0,0,0,0,0
736,2,17.483029,0.088087,0.000000,0.000197,0.450731,2.262092,2.251055,0.086124,0.005608,10.784624,4.803206,1.239495,1.185242,0.000746,0.000298,1.858151,0.000390,0.598263,0.002424,0.659407,0.000000,0.000000,0.000000,0,0,0.000000,0.000000,0.000000,0.000000,0.000000,0.000000,0.000000,0.000000,0.000000,0.000000,0.000000,0.000000,0.000000,0.000000,0,0,0,0,0,0.000000,0.000000,0.000000,0.000000,0.000000,0.000000,0.000000,0.000000,0,0,0,0,0
737,2,18.050574,0.351284,0.000000,0.000163,0.465990,2.299750,2.252499,0.084171,0.005608,11.001319,4.944790,1.231479,1.177104,0.000712,0.000298,1.915246,0.000349,0.585710,0.002424,0.583967,0.000000,0.000000,0.000000,0,0,0.000000,0.000000,0.000000,0.000000,0.000000,0.000000,0.000000,0.000000,0.000000,0.000000,0.000000,0.000000,0.000000,0.000000,0,0,0,0,0,0.000000,0.000000,0.000000,0.000000,0.000000,0.000000,0.000000,0.000000,0,0,0,0,0
738,2,17.939084,0.384738,0.000000,0.000190,0.508775,2.285875,2.274797,0.084883,0.005751,10.759552,4.869486,1.234531,1.180759,0.000746,0.000298,1.975467,0.000397,0.590037,0.002567,0.583825,0.000000,0.000000,0.000000,0,0,0.000000,0.000000,0.000000,0.000000,0.000000,0.000000,0.000000,0.000000,0.000000,0.000000,0.000000,0.000000,0.000000,0.000000,0,0,0,0,0,0.000000,0.000000,0.000000,0.000000,0.000000,0.000000,0.000000,0.000000,0,0,0,0,0
739,2,17.931746,0.337253,0.000000,0.000163,0.496297,2.259488,2.248308,0.082462,0.007426,10.902340,4.939606,1.239190,1.185432,0.000692,0.000305,1.864288,0.000349,0.597232,0.002506,0.642500,0.000000,0.000000,0.000000,0,0,0.000000,0.000000,0.000000,0.000000,0.000000,0.000000,0.000000,0.000000,0.000000,0.000000,0.000000,0.000000,0.000000,0.000000,0,0,0,0,0,0.000000,0.000000,0.000000,0.000000,0.000000,0.000000,0.000000,0.000000,0,0,0,0,0
740,2,17.614885,0.088718,0.000000,0.000190,0.487800,2.260139,2.249101,0.122765,0.005771,10.809730,4.858788,1.230733,1.177226,0.000692,0.000305,1.898427,0.000390,0.602108,0.002363,0.632355,0.000000,0.000000,0.000000,0,0,0.000000,0.000000,0.000000,0.000000,0.000000,0.000000,0.000000,0.000000,0.000000,0.000000,0.000000,0.000000,0.000000,0.000000,0,0,0,0,0,0.000000,0.000000,0.000000,0.000000,0.000000,0.000000,0.000000,0.000000,0,0,0,0,0
741,2,17.567685,0.004096,0.000000,0.000163,0.450433,2.281108,2.269955,0.082421,0.007772,10.881080,4.828000,1.238586,1.184408,0.000712,0.000305,1.881093,0.000349,0.594893,0.002411,0.585758,0.000000,0.000000,0.000000,0,0,0.000000,0.000000,0.000000,0.000000,0.000000,0.000000,0.000000,0.000000,0.000000,0.000000,0.000000,0.000000,0.000000,0.000000,0,0,0,0,0,0.000000,0.000000,0.000000,0.000000,0.000000,0.000000,0.000000,0.000000,0,0,0,0,0
742,2,17.942278,0.088576,0.000000,0.000197,0.447035,2.244120,2.233212,0.125980,0.005751,10.801266,4.845910,1.229146,1.175395,0.000692,0.000305,2.307485,0.000329,0.584429,0.002424,0.612715,0.000000,0.000000,0.000000,0,0,0.000000,0.000000,0.000000,0.000000,0.000000,0.000000,0.000000,0.000000,0.000000,0.000000,0.000000,0.000000,0.000000,0.000000,0,0,0,0,0,0.000000,0.000000,0.000000,0.000000,0.000000,0.000000,0.000000,0.000000,0,0,0,0,0
743,2,17.764035,0.297207,0.000000,0.000163,0.527371,2.289537,2.278500,0.082787,0.005595,10.758806,4.887241,1.235514,1.181335,0.000712,0.000305,1.871775,0.000349,0.585771,0.002465,0.627757,0.000000,0.000000,0.000000,0,0,0.000000,0.000000,0.000000,0.000000,0.000000,0.000000,0.000000,0.000000,0.000000,0.000000,0.000000,0.000000,0.000000,0.000000,0,0,0,0,0,0.000000,0.000000,0.000000,0.000000,0.000000,0.000000,0.000000,0.000000,0,0,0,0,0
744,2,18.399906,0.421848,0.000000,0.000190,0.505242,2.262512,2.251400,0.114851,0.005669,10.825124,4.881263,1.236240,1.181559,0.000712,0.000305,2.324351,0.000383,0.595286,0.002465,0.587670,0.000000,0.000000,0.000000,0,0,0.000000,0.000000,0.000000,0.000000,0.000000,0.000000,0.000000,0.000000,0.000000,0.000000,0.000000,0.000000,0.000000,0.000000,0,0,0,0,0,0.000000,0.000000,0.000000,0.000000,0.000000,0.000000,0.000000,0.000000,0,0,0,0,0
745,2,17.995561,0.334717,0.000000,0.000163,0.510118,2.257189,2.246070,0.083744,0.005534,10.952511,4.989526,1.238912,1.184163,0.000712,0.000305,1.919891,0.000349,0.583147,0.002547,0.617889,0.000000,0.000000,0.000000,0,0,0.000000,0.000000,0.000000,0.000000,0.000000,0.000000,0.000000,0.000000,0.000000,0.000000,0.000000,0.000000,0.000000,0.000000,0,0,0,0,0,0.000000,0.000000,0.000000,0.000000,0.000000,0.000000,0.000000,0.000000,0,0,0,0,0
746,2,18.114824,0.088799,0.000000,0.000190,0.474046,2.256843,2.245724,0.083683,0.005649,10.907671,4.993985,1.247355,1.191996,0.000712,0.000366,2.356333,0.000329,0.584897,0.002526,0.589257,0.000000,0.000000,0.000000,0,0,0.000000,0.000000,0.000000,0.000000,0.000000,0.000000,0.000000,0.000000,0.000000,0.000000,0.000000,0.000000,0.000000,0.000000,0,0,0,0,0,0.000000,0.000000,0.000000,0.000000,0.000000,0.000000,0.000000,0.000000,0,0,0,0,0
747,2,17.463009,0.004171,0.000000,0.000163,0.452989,2.276130,2.265093,0.122664,0.005669,10.798031,4.929860,1.237522,1.183153,0.000658,0.000305,1.859609,0.000349,0.597470,0.002384,0.650523,0.000000,0.000000,0.000000,0,0,0.000000,0.000000,0.000000,0.000000,0.000000,0.000000,0.000000,0.000000,0.000000,0.000000,0.000000,0.000000,0.000000,0.000000,0,0,0,0,0,0.000000,0.000000,0.000000,0.000000,0.000000,0.000000,0.000000,0.000000,0,0,0,0,0
748,2,17.999936,0.088474,0.000000,0.000197,0.455736,2.290087,2.279009,0.124230,0.005615,10.819617,4.866255,1.230964,1.177999,0.000692,0.000305,2.290619,0.000390,0.585670,0.002560,0.613936,0.000000,0.000000,0.000000,0,0,0.000000,0.000000,0.000000,0.000000,0.000000,0.000000,0.000000,0.000000,0.000000,0.000000,0.000000,0.000000,0.000000,0.000000,0,0,0,0,0,0.000000,0.000000,0.000000,0.000000,0.000000,0.000000,0.000000,0.000000,0,0,0,0,0
749,2,17.662920,0.004089,0.000000,0.000163,0.412306,2.324972,2.313921,0.084293,0.005595,10.916785,4.915643,1.276937,1.184611,0.000746,0.000298,1.941471,0.000349,0.586768,0.002465,0.699426,0.000000,0.000000,0.000000,0,0,0.000000,0.000000,0.000000,0.000000,0.000000,0.000000,0.000000,0.000000,0.000000,0.000000,0.000000,0.000000,0.000000,0.000000,0,0,0,0,0,0.000000,0.000000,0.000000,0.000000,0.000000,0.000000,0.000000,0.000000,0,0,0,0,0
750,2,17.570838,0.088440,0.000000,0.000190,0.455397,2.250916,2.239722,0.123884,0.005778,10.790178,5.062951,1.235840,1.181702,0.000712,0.000305,1.874725,0.000349,0.636987,0.002404,0.613352,0.000000,0.000000,0.000000,0,0,0.000000,0.000000,0.000000,0.000000,0.000000,0.000000,0.000000,0.000000,0.000000,0.000000,0.000000,0.000000,0.000000,0.000000,0,0,0,0,0,0.000000,0.000000,0.000000,0.000000,0.000000,0.000000,0.000000,0.000000,0,0,0,0,0
751,2,17.731347,0.297390,0.000000,0.000163,0.498481,2.245470,2.234392,0.085961,0.005697,10.789059,4.804257,1.236565,1.183133,0.000712,0.000305,1.865868,0.000349,0.597226,0.002404,0.662303,0.000000,0.000000,0.000000,0,0,0.000000,0.000000,0.000000,0.000000,0.000000,0.000000,0.000000,0.000000,0.000000,0.000000,0.000000,0.000000,0.000000,0.000000,0,0,0,0,0,0.000000,0.000000,0.000000,0.000000,0.000000,0.000000,0.000000,0.000000,0,0,0,0,0
752,2,17.994585,0.425307,0.000000,0.000190,0.537503,2.258606,2.247596,0.123396,0.005649,10.801592,4.864268,1.239434,1.185628,0.000746,0.000298,1.896318,0.000390,0.597571,0.002384,0.631256,0.000000,0.000000,0.000000,0,0,0.000000,0.000000,0.000000,0.000000,0.000000,0.000000,0.000000,0.000000,0.000000,0.000000,0.000000,0.000000,0.000000,0.000000,0,0,0,0,0,0.000000,0.000000,0.000000,0.000000,0.000000,0.000000,0.000000,0.000000,0,0,0,0,0
753,2,18.152198,0.333767,0.000000,0.000163,0.501662,2.311632,2.300330,0.083276,0.006809,11.003008,5.048201,1.239088,1.184184,0.000746,0.000332,1.881473,0.000349,0.644758,0.002506,0.631724,0.000000,0.000000,0.000000,0,0,0.000000,0.000000,0.000000,0.000000,0.000000,0.000000,0.000000,0.000000,0.000000,0.000000,0.000000,0.000000,0.000000,0.000000,0,0,0,0,0,0.000000,0.000000,0.000000,0.000000,0.000000,0.000000,0.000000,0.000000,0,0,0,0,0
754,2,18.070553,0.421766,0.000000,0.000190,0.541558,2.245260,2.234127,0.084293,0.006850,10.891619,5.015947,1.236742,1.182109,0.000712,0.000305,1.899173,0.000349,0.595313,0.002485,0.628164,0.000000,0.000000,0.000000,0,0,0.000000,0.000000,0.000000,0.000000,0.000000,0.000000,0.000000,0.000000,0.000000,0.000000,0.000000,0.000000,0.000000,0.000000,0,0,0,0,0,0.000000,0.000000,0.000000,0.000000,0.000000,0.000000,0.000000,0.000000,0,0,0,0,0
755,2,17.935076,0.336860,0.000000,0.000163,0.530504,2.196147,2.185218,0.081974,0.005649,10.906755,5.071567,1.238261,1.184021,0.000746,0.000298,1.937158,0.000349,0.592567,0.002384,0.579274,0.000000,0.000000,0.000000,0,0,0.000000,0.000000,0.000000,0.000000,0.000000,0.000000,0.000000,0.000000,0.000000,0.000000,0.000000,0.000000,0.000000,0.000000,0,0,0,0,0,0.000000,0.000000,0.000000,0.000000,0.000000,0.000000,0.000000,0.000000,0,0,0,0,0
756,2,18.056841,0.088298,0.000000,0.000190,0.449632,2.298591,2.287452,0.123640,0.005595,10.795000,4.937863,1.238478,1.184082,0.000712,0.000305,2.330149,0.000383,0.618663,0.002363,0.720632,0.000000,0.000000,0.000000,0,0,0.000000,0.000000,0.000000,0.000000,0.000000,0.000000,0.000000,0.000000,0.000000,0.000000,0.000000,0.000000,0.000000,0.000000,0,0,0,0,0,0.000000,0.000000,0.000000,0.000000,0.000000,0.000000,0.000000,0.000000,0,0,0,0,0
757,2,18.514957,0.297987,0.000000,0.000163,0.505032,2.297329,2.286211,0.084944,0.005595,10.925649,4.822079,1.271864,1.215970,0.000692,0.000305,2.408315,0.000444,0.608531,0.002424,0.588159,0.000000,0.000000,0.000000,0,0,0.000000,0.000000,0.000000,0.000000,0.000000,0.000000,0.000000,0.000000,0.000000,0.000000,0.000000,0.000000,0.000000,0.000000,0,0,0,0,0,0.000000,0.000000,0.000000,0.000000,0.000000,0.000000,0.000000,0.000000,0,0,0,0,0
758,2,17.959001,0.423170,0.000000,0.000190,0.538255,2.243842,2.232866,0.124291,0.005710,10.793467,4.878961,1.237115,1.182983,0.000712,0.000326,1.888682,0.000329,0.596432,0.002404,0.629527,0.000000,0.000000,0.000000,0,0,0.000000,0.000000,0.000000,0.000000,0.000000,0.000000,0.000000,0.000000,0.000000,0.000000,0.000000,0.000000,0.000000,0.000000,0,0,0,0,0,0.000000,0.000000,0.000000,0.000000,0.000000,0.000000,0.000000,0.000000,0,0,0,0,0
759,2,18.152951,0.336107,0.000000,0.000163,0.510851,2.283332,2.272315,0.083113,0.005676,11.027212,4.928870,1.260186,1.204536,0.000712,0.000305,1.883901,0.000349,0.653032,0.002445,0.581553,0.000000,0.000000,0.000000,0,0,0.000000,0.000000,0.000000,0.000000,0.000000,0.000000,0.000000,0.000000,0.000000,0.000000,0.000000,0.000000,0.000000,0.000000,0,0,0,0,0,0.000000,0.000000,0.000000,0.000000,0.000000,0.000000,0.000000,0.000000,0,0,0,0,0
760,2,18.506392,0.414836,0.000000,0.000190,0.505113,2.269782,2.258623,0.082543,0.005629,10.908966,5.001997,1.239204,1.184943,0.000692,0.000305,2.371897,0.000390,0.599260,0.002397,0.587345,0.000000,0.000000,0.000000,0,0,0.000000,0.000000,0.000000,0.000000,0.000000,0.000000,0.000000,0.000000,0.000000,0.000000,0.000000,0.000000,0.000000,0.000000,0,0,0,0,0,0.000000,0.000000,0.000000,0.000000,0.000000,0.000000,0.000000,0.000000,0,0,0,0,0
761,2,18.221561,0.299635,0.000000,0.000163,0.547451,2.272244,2.261227,0.123457,0.005676,10.744442,4.699249,1.230604,1.176900,0.000692,0.000305,2.300852,0.000349,0.588172,0.002485,0.586226,0.000000,0.000000,0.000000,0,0,0.000000,0.000000,0.000000,0.000000,0.000000,0.000000,0.000000,0.000000,0.000000,0.000000,0.000000,0.000000,0.000000,0.000000,0,0,0,0,0,0.000000,0.000000,0.000000,0.000000,0.000000,0.000000,0.000000,0.000000,0,0,0,0,0
762,2,18.152083,0.422546,0.000000,0.000190,0.509813,2.288886,2.277869,0.126489,0.005629,10.789812,4.842153,1.240567,1.186659,0.000848,0.000332,1.953135,0.000349,0.680037,0.002547,0.584557,0.000000,0.000000,0.000000,0,0,0.000000,0.000000,0.000000,0.000000,0.000000,0.000000,0.000000,0.000000,0.000000,0.000000,0.000000,0.000000,0.000000,0.000000,0,0,0,0,0,0.000000,0.000000,0.000000,0.000000,0.000000,0.000000,0.000000,0.000000,0,0,0,0,0
763,2,17.589067,0.003906,0.000000,0.000163,0.487556,2.243354,2.232256,0.082625,0.007623,10.878516,4.813914,1.274916,1.218384,0.000712,0.000305,1.866770,0.000349,0.597856,0.002404,0.584015,0.000000,0.000000,0.000000,0,0,0.000000,0.000000,0.000000,0.000000,0.000000,0.000000,0.000000,0.000000,0.000000,0.000000,0.000000,0.000000,0.000000,0.000000,0,0,0,0,0,0.000000,0.000000,0.000000,0.000000,0.000000,0.000000,0.000000,0.000000,0,0,0,0,0
764,2,18.124142,0.384535,0.000000,0.000190,0.550300,2.298347,2.250648,0.084415,0.005629,10.888953,4.938460,1.273824,1.183601,0.000732,0.000298,1.942020,0.000383,0.586639,0.002411,0.587243,0.000000,0.000000,0.000000,0,0,0.000000,0.000000,0.000000,0.000000,0.000000,0.000000,0.000000,0.000000,0.000000,0.000000,0.000000,0.000000,0.000000,0.000000,0,0,0,0,0,0.000000,0.000000,0.000000,0.000000,0.000000,0.000000,0.000000,0.000000,0,0,0,0,0
765,2,18.164568,0.337307,0.000000,0.000163,0.518216,2.261298,2.250139,0.082971,0.007385,10.936622,4.947052,1.233955,1.179708,0.000746,0.000298,1.952369,0.000349,0.662533,0.002424,0.582286,0.000000,0.000000,0.000000,0,0,0.000000,0.000000,0.000000,0.000000,0.000000,0.000000,0.000000,0.000000,0.000000,0.000000,0.000000,0.000000,0.000000,0.000000,0,0,0,0,0,0.000000,0.000000,0.000000,0.000000,0.000000,0.000000,0.000000,0.000000,0,0,0,0,0
766,2,18.086036,0.421970,0.000000,0.000190,0.564134,2.228929,2.217756,0.082706,0.006951,10.890744,4.850379,1.238200,1.183587,0.000712,0.000305,1.905894,0.000349,0.600196,0.002445,0.632226,0.000000,0.000000,0.000000,0,0,0.000000,0.000000,0.000000,0.000000,0.000000,0.000000,0.000000,0.000000,0.000000,0.000000,0.000000,0.000000,0.000000,0.000000,0,0,0,0,0,0.000000,0.000000,0.000000,0.000000,0.000000,0.000000,0.000000,0.000000,0,0,0,0,0
767,2,17.814450,0.299303,0.000000,0.000163,0.536953,2.258308,2.247209,0.084351,0.005636,10.752072,4.817000,1.237671,1.183492,0.000712,0.000305,1.892324,0.000349,0.602108,0.002526,0.631419,0.000000,0.000000,0.000000,0,0,0.000000,0.000000,0.000000,0.000000,0.000000,0.000000,0.000000,0.000000,0.000000,0.000000,0.000000,0.000000,0.000000,0.000000,0,0,0,0,0,0.000000,0.000000,0.000000,0.000000,0.000000,0.000000,0.000000,0.000000,0,0,0,0,0
768,2,18.143816,0.423821,0.000000,0.000190,0.510776,2.321737,2.310652,0.117232,0.005636,10.837979,5.054030,1.210639,1.157206,0.000658,0.000305,1.970876,0.000349,0.635739,0.002452,0.587880,0.000000,0.000000,0.000000,0,0,0.000000,0.000000,0.000000,0.000000,0.000000,0.000000,0.000000,0.000000,0.000000,0.000000,0.000000,0.000000,0.000000,0.000000,0,0,0,0,0,0.000000,0.000000,0.000000,0.000000,0.000000,0.000000,0.000000,0.000000,0,0,0,0,0
769,2,18.498227,0.330471,0.000000,0.000163,0.504123,2.263590,2.252479,0.084354,0.005615,10.960466,4.955200,1.237691,1.182685,0.000712,0.000305,2.388947,0.000349,0.613481,0.002404,0.583377,0.000000,0.000000,0.000000,0,0,0.000000,0.000000,0.000000,0.000000,0.000000,0.000000,0.000000,0.000000,0.000000,0.000000,0.000000,0.000000,0.000000,0.000000,0,0,0,0,0,0.000000,0.000000,0.000000,0.000000,0.000000,0.000000,0.000000,0.000000,0,0,0,0,0
770,2,17.950016,0.385396,0.000000,0.000190,0.544468,2.268372,2.257321,0.083764,0.005636,10.752560,4.951480,1.240804,1.186849,0.000827,0.000298,1.933780,0.000349,0.625973,0.002553,0.582943,0.000000,0.000000,0.000000,0,0,0.000000,0.000000,0.000000,0.000000,0.000000,0.000000,0.000000,0.000000,0.000000,0.000000,0.000000,0.000000,0.000000,0.000000,0,0,0,0,0,0.000000,0.000000,0.000000,0.000000,0.000000,0.000000,0.000000,0.000000,0,0,0,0,0
771,2,18.494076,0.336941,0.000000,0.000163,0.503608,2.280545,2.269467,0.083357,0.005608,10.977637,4.786441,1.236850,1.182231,0.000746,0.000373,2.306061,0.000349,0.592024,0.002574,0.579363,0.000000,0.000000,0.000000,0,0,0.000000,0.000000,0.000000,0.000000,0.000000,0.000000,0.000000,0.000000,0.000000,0.000000,0.000000,0.000000,0.000000,0.000000,0,0,0,0,0,0.000000,0.000000,0.000000,0.000000,0.000000,0.000000,0.000000,0.000000,0,0,0,0,0
772,2,18.077837,0.416090,0.000000,0.000190,0.505202,2.266683,2.255632,0.083316,0.005781,10.967485,4.943539,1.236945,1.183261,0.000692,0.000305,1.903351,0.000383,0.583669,0.002424,0.605859,0.000000,0.000000,0.000000,0,0,0.000000,0.000000,0.000000,0.000000,0.000000,0.000000,0.000000,0.000000,0.000000,0.000000,0.000000,0.000000,0.000000,0.000000,0,0,0,0,0,0.000000,0.000000,0.000000,0.000000,0.000000,0.000000,0.000000,0.000000,0,0,0,0,0
773,2,18.277462,0.333299,0.000000,0.000163,0.536485,2.266608,2.255571,0.123274,0.005669,10.770626,4.832940,1.236932,1.182170,0.000868,0.000298,2.308882,0.000349,0.586789,0.002404,0.585290,0.000000,0.000000,0.000000,0,0,0.000000,0.000000,0.000000,0.000000,0.000000,0.000000,0.000000,0.000000,0.000000,0.000000,0.000000,0.000000,0.000000,0.000000,0,0,0,0,0,0.000000,0.000000,0.000000,0.000000,0.000000,0.000000,0.000000,0.000000,0,0,0,0,0
774,2,18.139869,0.422377,0.000000,0.000190,0.515184,2.279629,2.268511,0.124529,0.005649,10.792904,4.811879,1.236572,1.182427,0.000712,0.000305,1.942963,0.000329,0.684228,0.002465,0.582075,0.000000,0.000000,0.000000,0,0,0.000000,0.000000,0.000000,0.000000,0.000000,0.000000,0.000000,0.000000,0.000000,0.000000,0.000000,0.000000,0.000000,0.000000,0,0,0,0,0,0.000000,0.000000,0.000000,0.000000,0.000000,0.000000,0.000000,0.000000,0,0,0,0,0
775,2,18.465573,0.329841,0.000000,0.000163,0.460293,2.277106,2.266008,0.085086,0.005595,10.893531,4.777218,1.274556,1.218608,0.000692,0.000305,2.410431,0.000363,0.619456,0.002587,0.588097,0.000000,0.000000,0.000000,0,0,0.000000,0.000000,0.000000,0.000000,0.000000,0.000000,0.000000,0.000000,0.000000,0.000000,0.000000,0.000000,0.000000,0.000000,0,0,0,0,0,0.000000,0.000000,0.000000,0.000000,0.000000,0.000000,0.000000,0.000000,0,0,0,0,0
776,2,17.952796,0.423292,0.000000,0.000190,0.544176,2.289388,2.278378,0.086450,0.005656,10.763424,4.923811,1.238322,1.183824,0.000712,0.000305,1.894779,0.000390,0.598039,0.002404,0.625153,0.000000,0.000000,0.000000,0,0,0.000000,0.000000,0.000000,0.000000,0.000000,0.000000,0.000000,0.000000,0.000000,0.000000,0.000000,0.000000,0.000000,0.000000,0,0,0,0,0,0.000000,0.000000,0.000000,0.000000,0.000000,0.000000,0.000000,0.000000,0,0,0,0,0
777,2,18.149214,0.337348,0.000000,0.000163,0.502326,2.288418,2.277279,0.083730,0.005676,11.054399,5.136434,1.236877,1.182088,0.000712,0.000305,1.907983,0.000349,0.622453,0.002384,0.619680,0.000000,0.000000,0.000000,0,0,0.000000,0.000000,0.000000,0.000000,0.000000,0.000000,0.000000,0.000000,0.000000,0.000000,0.000000,0.000000,0.000000,0.000000,0,0,0,0,0,0.000000,0.000000,0.000000,0.000000,0.000000,0.000000,0.000000,0.000000,0,0,0,0,0
778,2,18.063921,0.451681,0.000000,0.000190,0.508579,2.217943,2.206560,0.085656,0.005588,10.897641,4.853770,1.272298,1.216370,0.000699,0.000305,1.930088,0.000329,0.585242,0.002424,0.607066,0.000000,0.000000,0.000000,0,0,0.000000,0.000000,0.000000,0.000000,0.000000,0.000000,0.000000,0.000000,0.000000,0.000000,0.000000,0.000000,0.000000,0.000000,0,0,0,0,0,0.000000,0.000000,0.000000,0.000000,0.000000,0.000000,0.000000,0.000000,0,0,0,0,0
779,2,18.577491,0.333421,0.000000,0.000163,0.502638,2.233751,2.222531,0.083418,0.005649,10.943478,4.912238,1.841797,0.984053,0.000712,0.000305,1.940013,0.000363,0.583554,0.002526,0.584476,0.000000,0.000000,0.000000,0,0,0.000000,0.000000,0.000000,0.000000,0.000000,0.000000,0.000000,0.000000,0.000000,0.000000,0.000000,0.000000,0.000000,0.000000,0,0,0,0,0,0.000000,0.000000,0.000000,0.000000,0.000000,0.000000,0.000000,0.000000,0,0,0,0,0
780,2,18.009091,0.421766,0.000000,0.000190,0.500888,2.297099,2.285845,0.082482,0.007338,10.820960,4.837301,1.239841,1.185160,0.000746,0.000298,1.869266,0.000383,0.597605,0.002397,0.620616,0.000000,0.000000,0.000000,0,0,0.000000,0.000000,0.000000,0.000000,0.000000,0.000000,0.000000,0.000000,0.000000,0.000000,0.000000,0.000000,0.000000,0.000000,0,0,0,0,0,0.000000,0.000000,0.000000,0.000000,0.000000,0.000000,0.000000,0.000000,0,0,0,0,0
781,2,17.836036,0.297038,0.000000,0.000163,0.542901,2.281352,2.270342,0.084924,0.005554,10.704953,4.733446,1.235046,1.180793,0.000692,0.000305,1.950409,0.000349,0.624427,0.002485,0.582279,0.000000,0.000000,0.000000,0,0,0.000000,0.000000,0.000000,0.000000,0.000000,0.000000,0.000000,0.000000,0.000000,0.000000,0.000000,0.000000,0.000000,0.000000,0,0,0,0,0,0.000000,0.000000,0.000000,0.000000,0.000000,0.000000,0.000000,0.000000,0,0,0,0,0
782,2,18.059587,0.384311,0.000000,0.000190,0.508823,2.299479,2.288388,0.084679,0.005547,10.778724,4.893182,1.210839,1.157104,0.000746,0.000298,1.990563,0.000329,0.649377,0.002445,0.589867,0.000000,0.000000,0.000000,0,0,0.000000,0.000000,0.000000,0.000000,0.000000,0.000000,0.000000,0.000000,0.000000,0.000000,0.000000,0.000000,0.000000,0.000000,0,0,0,0,0,0.000000,0.000000,0.000000,0.000000,0.000000,0.000000,0.000000,0.000000,0,0,0,0,0
783,2,18.387305,0.332730,0.000000,0.000163,0.513292,2.196967,2.185869,0.082625,0.005568,10.982357,4.819427,1.239278,1.153727,0.000712,0.000305,2.295447,0.000349,0.629981,0.002533,0.585453,0.000000,0.000000,0.000000,0,0,0.000000,0.000000,0.000000,0.000000,0.000000,0.000000,0.000000,0.000000,0.000000,0.000000,0.000000,0.000000,0.000000,0.000000,0,0,0,0,0,0.000000,0.000000,0.000000,0.000000,0.000000,0.000000,0.000000,0.000000,0,0,0,0,0
784,2,18.513241,0.417928,0.000000,0.000190,0.549974,2.268602,2.257402,0.082706,0.005629,10.922563,5.008535,1.238247,1.183634,0.000814,0.000305,2.332286,0.000390,0.586178,0.002424,0.627513,0.000000,0.000000,0.000000,0,0,0.000000,0.000000,0.000000,0.000000,0.000000,0.000000,0.000000,0.000000,0.000000,0.000000,0.000000,0.000000,0.000000,0.000000,0,0,0,0,0,0.000000,0.000000,0.000000,0.000000,0.000000,0.000000,0.000000,0.000000,0,0,0,0,0
785,2,17.965247,0.298225,0.000000,0.000163,0.502842,2.304626,2.293616,0.086578,0.005636,10.801815,4.961992,1.234884,1.180739,0.000692,0.000305,1.984324,0.000349,0.636532,0.002445,0.579858,0.000000,0.000000,0.000000,0,0,0.000000,0.000000,0.000000,0.000000,0.000000,0.000000,0.000000,0.000000,0.000000,0.000000,0.000000,0.000000,0.000000,0.000000,0,0,0,0,0,0.000000,0.000000,0.000000,0.000000,0.000000,0.000000,0.000000,0.000000,0,0,0,0,0
786,2,17.989600,0.438226,0.000000,0.000190,0.515272,2.264038,2.253028,0.123335,0.005778,10.824358,4.800432,1.236864,1.183316,0.000712,0.000305,1.873396,0.000329,0.599260,0.002465,0.664676,0.000000,0.000000,0.000000,0,0,0.000000,0.000000,0.000000,0.000000,0.000000,0.000000,0.000000,0.000000,0.000000,0.000000,0.000000,0.000000,0.000000,0.000000,0,0,0,0,0,0.000000,0.000000,0.000000,0.000000,0.000000,0.000000,0.000000,0.000000,0,0,0,0,0
787,2,18.420081,0.333374,0.000000,0.000163,0.525058,2.243225,2.232052,0.084944,0.005649,10.879574,4.870144,1.272400,1.182271,0.000692,0.000305,2.378815,0.000349,0.587155,0.002485,0.589522,0.000000,0.000000,0.000000,0,0,0.000000,0.000000,0.000000,0.000000,0.000000,0.000000,0.000000,0.000000,0.000000,0.000000,0.000000,0.000000,0.000000,0.000000,0,0,0,0,0,0.000000,0.000000,0.000000,0.000000,0.000000,0.000000,0.000000,0.000000,0,0,0,0,0
788,2,18.612342,0.385410,0.000000,0.000190,0.508179,2.294298,2.283383,0.084293,0.005608,10.951311,4.856235,1.272142,1.218913,0.000692,0.000305,2.414927,0.000424,0.586782,0.002438,0.585663,0.000000,0.000000,0.000000,0,0,0.000000,0.000000,0.000000,0.000000,0.000000,0.000000,0.000000,0.000000,0.000000,0.000000,0.000000,0.000000,0.000000,0.000000,0,0,0,0,0,0.000000,0.000000,0.000000,0.000000,0.000000,0.000000,0.000000,0.000000,0,0,0,0,0
789,2,17.945594,0.364061,0.000000,0.000163,0.501390,2.256721,2.245622,0.083052,0.006972,10.871775,4.949426,1.237013,1.183072,0.000712,0.000305,1.881799,0.000349,0.596337,0.002526,0.660973,0.000000,0.000000,0.000000,0,0,0.000000,0.000000,0.000000,0.000000,0.000000,0.000000,0.000000,0.000000,0.000000,0.000000,0.000000,0.000000,0.000000,0.000000,0,0,0,0,0,0.000000,0.000000,0.000000,0.000000,0.000000,0.000000,0.000000,0.000000,0,0,0,0,0
790,2,18.063839,0.422153,0.000000,0.000190,0.571547,2.185771,2.174720,0.083255,0.005588,10.905697,4.966600,1.238627,1.184489,0.000712,0.000305,1.946259,0.000329,0.595096,0.002485,0.588443,0.000000,0.000000,0.000000,0,0,0.000000,0.000000,0.000000,0.000000,0.000000,0.000000,0.000000,0.000000,0.000000,0.000000,0.000000,0.000000,0.000000,0.000000,0,0,0,0,0,0.000000,0.000000,0.000000,0.000000,0.000000,0.000000,0.000000,0.000000,0,0,0,0,0
791,2,18.033342,0.358507,0.000000,0.000163,0.493483,2.268595,2.257402,0.083194,0.005649,11.011431,4.925215,1.255188,1.199341,0.000888,0.000468,1.861888,0.000471,0.584795,0.002465,0.581506,0.000000,0.000000,0.000000,0,0,0.000000,0.000000,0.000000,0.000000,0.000000,0.000000,0.000000,0.000000,0.000000,0.000000,0.000000,0.000000,0.000000,0.000000,0,0,0,0,0,0.000000,0.000000,0.000000,0.000000,0.000000,0.000000,0.000000,0.000000,0,0,0,0,0
792,2,17.958147,0.451185,0.000000,0.000190,0.510098,2.256429,2.245419,0.125248,0.005744,10.812659,4.778615,1.228231,1.174235,0.000827,0.000332,1.860036,0.000390,0.599877,0.002526,0.657494,0.000000,0.000000,0.000000,0,0,0.000000,0.000000,0.000000,0.000000,0.000000,0.000000,0.000000,0.000000,0.000000,0.000000,0.000000,0.000000,0.000000,0.000000,0,0,0,0,0,0.000000,0.000000,0.000000,0.000000,0.000000,0.000000,0.000000,0.000000,0,0,0,0,0
793,2,18.033383,0.336453,0.000000,0.000163,0.507697,2.338732,2.292029,0.082482,0.007690,10.876929,4.808231,1.229696,1.175008,0.000712,0.000305,1.907888,0.000349,0.599898,0.002465,0.589183,0.000000,0.000000,0.000000,0,0,0.000000,0.000000,0.000000,0.000000,0.000000,0.000000,0.000000,0.000000,0.000000,0.000000,0.000000,0.000000,0.000000,0.000000,0,0,0,0,0,0.000000,0.000000,0.000000,0.000000,0.000000,0.000000,0.000000,0.000000,0,0,0,0,0
794,2,18.200151,0.418084,0.000000,0.000190,0.513496,2.256965,2.245765,0.083418,0.005608,11.023454,4.939752,1.238098,1.183763,0.000712,0.000305,1.914642,0.000349,0.636431,0.002404,0.621979,0.000000,0.000000,0.000000,0,0,0.000000,0.000000,0.000000,0.000000,0.000000,0.000000,0.000000,0.000000,0.000000,0.000000,0.000000,0.000000,0.000000,0.000000,0,0,0,0,0,0.000000,0.000000,0.000000,0.000000,0.000000,0.000000,0.000000,0.000000,0,0,0,0,0
795,2,17.893938,0.365445,0.000000,0.000163,0.503893,2.243646,2.232493,0.083669,0.005771,10.841326,4.889862,1.240818,1.187358,0.000746,0.000298,1.865950,0.000465,0.595964,0.002404,0.586266,0.000000,0.000000,0.000000,0,0,0.000000,0.000000,0.000000,0.000000,0.000000,0.000000,0.000000,0.000000,0.000000,0.000000,0.000000,0.000000,0.000000,0.000000,0,0,0,0,0,0.000000,0.000000,0.000000,0.000000,0.000000,0.000000,0.000000,0.000000,0,0,0,0,0
796,2,18.486976,0.419996,0.000000,0.000190,0.547763,2.303975,2.292986,0.082665,0.006877,10.864621,4.819292,1.231242,1.177538,0.000807,0.000298,2.296838,0.000390,0.586260,0.002391,0.588287,0.000000,0.000000,0.000000,0,0,0.000000,0.000000,0.000000,0.000000,0.000000,0.000000,0.000000,0.000000,0.000000,0.000000,0.000000,0.000000,0.000000,0.000000,0,0,0,0,0,0.000000,0.000000,0.000000,0.000000,0.000000,0.000000,0.000000,0.000000,0,0,0,0,0
797,2,17.801205,0.297838,0.000000,0.000163,0.508430,2.261013,2.249936,0.125715,0.005710,10.780148,4.970798,1.239929,1.185323,0.000746,0.000298,1.873579,0.000349,0.600135,0.002404,0.647085,0.000000,0.000000,0.000000,0,0,0.000000,0.000000,0.000000,0.000000,0.000000,0.000000,0.000000,0.000000,0.000000,0.000000,0.000000,0.000000,0.000000,0.000000,0,0,0,0,0,0.000000,0.000000,0.000000,0.000000,0.000000,0.000000,0.000000,0.000000,0,0,0,0,0
798,2,18.434099,0.447422,0.000000,0.000203,0.506538,2.245673,2.234697,0.083065,0.007039,10.861671,4.946116,1.236586,1.182787,0.000712,0.000305,2.313365,0.000329,0.586361,0.002526,0.615265,0.000000,0.000000,0.000000,0,0,0.000000,0.000000,0.000000,0.000000,0.000000,0.000000,0.000000,0.000000,0.000000,0.000000,0.000000,0.000000,0.000000,0.000000,0,0,0,0,0,0.000000,0.000000,0.000000,0.000000,0.000000,0.000000,0.000000,0.000000,0,0,0,0,0
799,2,17.822364,0.296841,0.000000,0.000163,0.500414,2.275926,2.264869,0.085819,0.005629,10.776669,4.884820,1.235650,1.181173,0.000746,0.000298,1.886071,0.000349,0.650306,0.002424,0.702193,0.000000,0.000000,0.000000,0,0,0.000000,0.000000,0.000000,0.000000,0.000000,0.000000,0.000000,0.000000,0.000000,0.000000,0.000000,0.000000,0.000000,0.000000,0,0,0,0,0,0.000000,0.000000,0.000000,0.000000,0.000000,0.000000,0.000000,0.000000,0,0,0,0,0
800,2,18.319617,0.384901,0.000000,0.000190,0.503791,2.278754,2.267758,0.085371,0.005608,10.779355,4.960453,1.235982,1.181783,0.000712,0.000305,2.322927,0.000383,0.613359,0.002533,0.587691,0.000000,0.000000,0.000000,0,0,0.000000,0.000000,0.000000,0.000000,0.000000,0.000000,0.000000,0.000000,0.000000,0.000000,0.000000,0.000000,0.000000,0.000000,0,0,0,0,0,0.000000,0.000000,0.000000,0.000000,0.000000,0.000000,0.000000,0.000000,0,0,0,0,0
801,2,18.410709,0.364963,0.000000,0.000163,0.522047,2.214233,2.203081,0.082435,0.005595,10.981971,4.883365,1.238729,1.184753,0.000692,0.000332,2.305220,0.000349,0.586341,0.002404,0.607893,0.000000,0.000000,0.000000,0,0,0.000000,0.000000,0.000000,0.000000,0.000000,0.000000,0.000000,0.000000,0.000000,0.000000,0.000000,0.000000,0.000000,0.000000,0,0,0,0,0,0.000000,0.000000,0.000000,0.000000,0.000000,0.000000,0.000000,0.000000,0,0,0,0,0
802,2,18.104367,0.420953,0.000000,0.000190,0.551080,2.280192,2.268999,0.082462,0.008138,10.873301,4.814704,1.236301,1.182007,0.000909,0.000359,1.909393,0.000349,0.596968,0.002424,0.586063,0.000000,0.000000,0.000000,0,0,0.000000,0.000000,0.000000,0.000000,0.000000,0.000000,0.000000,0.000000,0.000000,0.000000,0.000000,0.000000,0.000000,0.000000,0,0,0,0,0,0.000000,0.000000,0.000000,0.000000,0.000000,0.000000,0.000000,0.000000,0,0,0,0,0
803,2,17.733002,0.297641,0.000000,0.000163,0.502998,2.275296,2.264218,0.086470,0.005649,10.768633,4.819316,1.235182,1.181342,0.000726,0.000298,1.851369,0.000349,0.600054,0.002445,0.671309,0.000000,0.000000,0.000000,0,0,0.000000,0.000000,0.000000,0.000000,0.000000,0.000000,0.000000,0.000000,0.000000,0.000000,0.000000,0.000000,0.000000,0.000000,0,0,0,0,0,0.000000,0.000000,0.000000,0.000000,0.000000,0.000000,0.000000,0.000000,0,0,0,0,0
804,2,18.021705,0.422397,0.000000,0.000190,0.537584,2.263821,2.252764,0.120527,0.005629,10.838877,4.917453,1.238274,1.184530,0.000746,0.000298,1.883325,0.000390,0.602434,0.002424,0.630971,0.000000,0.000000,0.000000,0,0,0.000000,0.000000,0.000000,0.000000,0.000000,0.000000,0.000000,0.000000,0.000000,0.000000,0.000000,0.000000,0.000000,0.000000,0,0,0,0,0,0.000000,0.000000,0.000000,0.000000,0.000000,0.000000,0.000000,0.000000,0,0,0,0,0
805,2,18.029232,0.296346,0.000000,0.000163,0.503411,2.324422,2.313371,0.084456,0.005758,10.894792,4.982073,1.274862,1.218302,0.000692,0.000305,1.946747,0.000349,0.588538,0.002465,0.586253,0.000000,0.000000,0.000000,0,0,0.000000,0.000000,0.000000,0.000000,0.000000,0.000000,0.000000,0.000000,0.000000,0.000000,0.000000,0.000000,0.000000,0.000000,0,0,0,0,0,0.000000,0.000000,0.000000,0.000000,0.000000,0.000000,0.000000,0.000000,0,0,0,0,0
806,2,17.950334,0.421909,0.000000,0.000190,0.512336,2.242784,2.231544,0.122989,0.005629,10.819007,4.787564,1.238376,1.184408,0.000712,0.000305,1.877567,0.000349,0.600827,0.002404,0.755456,0.000000,0.000000,0.000000,0,0,0.000000,0.000000,0.000000,0.000000,0.000000,0.000000,0.000000,0.000000,0.000000,0.000000,0.000000,0.000000,0.000000,0.000000,0,0,0,0,0,0.000000,0.000000,0.000000,0.000000,0.000000,0.000000,0.000000,0.000000,0,0,0,0,0
807,2,17.956540,0.334357,0.000000,0.000163,0.518806,2.247213,2.235918,0.084476,0.005615,10.866838,4.859389,1.272359,1.181641,0.000746,0.000298,1.929097,0.000349,0.588294,0.002445,0.588226,0.000000,0.000000,0.000000,0,0,0.000000,0.000000,0.000000,0.000000,0.000000,0.000000,0.000000,0.000000,0.000000,0.000000,0.000000,0.000000,0.000000,0.000000,0,0,0,0,0,0.000000,0.000000,0.000000,0.000000,0.000000,0.000000,0.000000,0.000000,0,0,0,0,0
808,2,18.040829,0.385654,0.000000,0.000190,0.506822,2.306858,2.295787,0.085798,0.005534,10.839413,4.852678,1.208432,1.154344,0.000746,0.000298,1.965905,0.000329,0.626787,0.002540,0.587575,0.000000,0.000000,0.000000,0,0,0.000000,0.000000,0.000000,0.000000,0.000000,0.000000,0.000000,0.000000,0.000000,0.000000,0.000000,0.000000,0.000000,0.000000,0,0,0,0,0,0.000000,0.000000,0.000000,0.000000,0.000000,0.000000,0.000000,0.000000,0,0,0,0,0
809,2,18.084022,0.345852,0.000000,0.000163,0.498318,2.266439,2.255368,0.083561,0.005629,11.045366,4.946923,1.240458,1.185900,0.000692,0.000305,1.879344,0.000349,0.609087,0.002506,0.661489,0.000000,0.000000,0.000000,0,0,0.000000,0.000000,0.000000,0.000000,0.000000,0.000000,0.000000,0.000000,0.000000,0.000000,0.000000,0.000000,0.000000,0.000000,0,0,0,0,0,0.000000,0.000000,0.000000,0.000000,0.000000,0.000000,0.000000,0.000000,0,0,0,0,0
810,2,18.511532,0.418620,0.000000,0.000190,0.532071,2.255703,2.244626,0.082726,0.005615,10.919532,4.944573,1.237976,1.183411,0.000692,0.000305,2.365852,0.000329,0.584164,0.002418,0.589406,0.000000,0.000000,0.000000,0,0,0.000000,0.000000,0.000000,0.000000,0.000000,0.000000,0.000000,0.000000,0.000000,0.000000,0.000000,0.000000,0.000000,0.000000,0,0,0,0,0,0.000000,0.000000,0.000000,0.000000,0.000000,0.000000,0.000000,0.000000,0,0,0,0,0
811,2,18.362281,0.337023,0.000000,0.000163,0.505622,2.243273,2.232256,0.083154,0.005873,10.864682,4.924625,1.238437,1.184760,0.000692,0.000305,2.308339,0.000349,0.628557,0.002404,0.585887,0.000000,0.000000,0.000000,0,0,0.000000,0.000000,0.000000,0.000000,0.000000,0.000000,0.000000,0.000000,0.000000,0.000000,0.000000,0.000000,0.000000,0.000000,0,0,0,0,0,0.000000,0.000000,0.000000,0.000000,0.000000,0.000000,0.000000,0.000000,0,0,0,0,0
812,2,18.032162,0.446587,0.000000,0.000190,0.520067,2.235623,2.224484,0.082638,0.007806,10.878415,4.753157,1.245253,1.190999,0.000658,0.000305,1.877065,0.000383,0.592946,0.002485,0.624678,0.000000,0.000000,0.000000,0,0,0.000000,0.000000,0.000000,0.000000,0.000000,0.000000,0.000000,0.000000,0.000000,0.000000,0.000000,0.000000,0.000000,0.000000,0,0,0,0,0,0.000000,0.000000,0.000000,0.000000,0.000000,0.000000,0.000000,0.000000,0,0,0,0,0
813,2,18.063839,0.003967,0.000000,0.000163,0.468601,2.271240,2.260196,1.952654,0.010847,5.756816,4.775760,1.275363,1.218513,0.000712,0.000305,1.957184,0.000390,0.586483,0.002526,0.583967,0.000000,0.000000,0.000000,0,0,0.000000,0.000000,0.000000,0.000000,0.000000,0.000000,0.000000,0.000000,0.000000,0.000000,0.000000,0.000000,0.000000,0.000000,0,0,0,0,0,0.000000,0.000000,0.000000,0.000000,0.000000,0.000000,0.000000,0.000000,0,0,0,0,0
814,2,18.225440,0.124240,0.000000,0.000190,0.413174,2.260098,2.249068,0.086277,0.005629,10.927426,4.946652,1.270813,1.214973,0.000712,0.000305,2.405399,0.000329,0.616289,0.002404,0.588674,0.000000,0.000000,0.000000,0,0,0.000000,0.000000,0.000000,0.000000,0.000000,0.000000,0.000000,0.000000,0.000000,0.000000,0.000000,0.000000,0.000000,0.000000,0,0,0,0,0,0.000000,0.000000,0.000000,0.000000,0.000000,0.000000,0.000000,0.000000,0,0,0,0,0
815,2,18.478472,0.003886,0.000000,0.000163,0.508470,2.226447,2.215288,1.995012,0.010759,5.808275,4.816413,1.250678,1.194132,0.001380,0.000407,2.303775,0.000349,0.588233,0.002404,0.618330,0.000000,0.000000,0.000000,0,0,0.000000,0.000000,0.000000,0.000000,0.000000,0.000000,0.000000,0.000000,0.000000,0.000000,0.000000,0.000000,0.000000,0.000000,0,0,0,0,0,0.000000,0.000000,0.000000,0.000000,0.000000,0.000000,0.000000,0.000000,0,0,0,0,0
816,2,18.035356,0.422438,0.000000,0.000190,0.496270,2.260763,2.249651,0.084005,0.006931,10.898353,4.901777,1.240397,1.186523,0.000712,0.000305,1.874637,0.000349,0.597531,0.002526,0.648936,0.000000,0.000000,0.000000,0,0,0.000000,0.000000,0.000000,0.000000,0.000000,0.000000,0.000000,0.000000,0.000000,0.000000,0.000000,0.000000,0.000000,0.000000,0,0,0,0,0,0.000000,0.000000,0.000000,0.000000,0.000000,0.000000,0.000000,0.000000,0,0,0,0,0
817,2,18.421933,0.335497,0.000000,0.000197,0.512214,2.240662,2.229672,1.986711,0.010834,5.804606,4.855581,1.255914,1.199612,0.000712,0.000305,1.910533,0.000329,0.615197,0.002506,0.587589,0.000000,0.000000,0.000000,0,0,0.000000,0.000000,0.000000,0.000000,0.000000,0.000000,0.000000,0.000000,0.000000,0.000000,0.000000,0.000000,0.000000,0.000000,0,0,0,0,0,0.000000,0.000000,0.000000,0.000000,0.000000,0.000000,0.000000,0.000000,0,0,0,0,0
818,2,18.091610,0.447123,0.000000,0.000190,0.504768,2.257277,2.246151,0.083862,0.005656,10.977108,4.806793,1.237033,1.183017,0.000692,0.000305,1.869707,0.000465,0.592438,0.002445,0.580387,0.000000,0.000000,0.000000,0,0,0.000000,0.000000,0.000000,0.000000,0.000000,0.000000,0.000000,0.000000,0.000000,0.000000,0.000000,0.000000,0.000000,0.000000,0,0,0,0,0,0.000000,0.000000,0.000000,0.000000,0.000000,0.000000,0.000000,0.000000,0,0,0,0,0
819,2,18.275855,0.296821,0.000000,0.000190,0.507005,2.320787,2.309709,1.909034,0.010908,5.741319,4.723680,1.229180,1.174377,0.000746,0.000332,1.883372,0.000349,0.599830,0.002485,0.631948,0.000000,0.000000,0.000000,0,0,0.000000,0.000000,0.000000,0.000000,0.000000,0.000000,0.000000,0.000000,0.000000,0.000000,0.000000,0.000000,0.000000,0.000000,0,0,0,0,0,0.000000,0.000000,0.000000,0.000000,0.000000,0.000000,0.000000,0.000000,0,0,0,0,0
820,2,17.950782,0.423903,0.000000,0.000190,0.505785,2.255968,2.244910,0.125848,0.005669,10.813331,4.949229,1.238180,1.183899,0.000814,0.000305,1.865285,0.000390,0.601152,0.002465,0.648956,0.000000,0.000000,0.000000,0,0,0.000000,0.000000,0.000000,0.000000,0.000000,0.000000,0.000000,0.000000,0.000000,0.000000,0.000000,0.000000,0.000000,0.000000,0,0,0,0,0,0.000000,0.000000,0.000000,0.000000,0.000000,0.000000,0.000000,0.000000,0,0,0,0,0
821,2,18.069719,0.003906,0.000000,0.000163,0.490512,2.273478,2.262427,1.994768,0.048408,5.764086,4.849586,1.243924,1.187968,0.000692,0.000305,1.891066,0.000390,0.584083,0.002431,0.586673,0.000000,0.000000,0.000000,0,0,0.000000,0.000000,0.000000,0.000000,0.000000,0.000000,0.000000,0.000000,0.000000,0.000000,0.000000,0.000000,0.000000,0.000000,0,0,0,0,0,0.000000,0.000000,0.000000,0.000000,0.000000,0.000000,0.000000,0.000000,0,0,0,0,0
822,2,17.834958,0.088270,0.000000,0.000190,0.463813,2.223863,2.212847,0.082987,0.005676,11.053925,4.960025,1.255100,1.198710,0.001126,0.000359,1.902876,0.000444,0.640683,0.002384,0.584008,0.000000,0.000000,0.000000,0,0,0.000000,0.000000,0.000000,0.000000,0.000000,0.000000,0.000000,0.000000,0.000000,0.000000,0.000000,0.000000,0.000000,0.000000,0,0,0,0,0,0.000000,0.000000,0.000000,0.000000,0.000000,0.000000,0.000000,0.000000,0,0,0,0,0
823,2,18.343177,0.003927,0.000000,0.000163,0.444268,2.239034,2.227983,1.960710,0.010712,5.772610,4.863244,1.230855,1.176419,0.000746,0.000298,2.335405,0.000349,0.596514,0.002465,0.585107,0.000000,0.000000,0.000000,0,0,0.000000,0.000000,0.000000,0.000000,0.000000,0.000000,0.000000,0.000000,0.000000,0.000000,0.000000,0.000000,0.000000,0.000000,0,0,0,0,0,0.000000,0.000000,0.000000,0.000000,0.000000,0.000000,0.000000,0.000000,0,0,0,0,0
824,2,17.589115,0.088277,0.000000,0.000251,0.479743,2.250129,2.239010,0.123678,0.005568,10.787838,4.901584,1.229696,1.175700,0.000746,0.000298,1.911462,0.000329,0.596208,0.002404,0.630239,0.000000,0.000000,0.000000,0,0,0.000000,0.000000,0.000000,0.000000,0.000000,0.000000,0.000000,0.000000,0.000000,0.000000,0.000000,0.000000,0.000000,0.000000,0,0,0,0,0,0.000000,0.000000,0.000000,0.000000,0.000000,0.000000,0.000000,0.000000,0,0,0,0,0
825,2,18.660824,0.332913,0.000000,0.000163,0.471225,2.329712,2.282081,1.898434,0.010488,5.699137,4.829122,1.234205,1.151530,0.000834,0.000305,2.303579,0.000349,0.596215,0.002363,0.585398,0.000000,0.000000,0.000000,0,0,0.000000,0.000000,0.000000,0.000000,0.000000,0.000000,0.000000,0.000000,0.000000,0.000000,0.000000,0.000000,0.000000,0.000000,0,0,0,0,0,0.000000,0.000000,0.000000,0.000000,0.000000,0.000000,0.000000,0.000000,0,0,0,0,0
826,2,17.798479,0.385593,0.000000,0.000190,0.496446,2.258633,2.247582,0.085775,0.005575,10.748593,4.890561,1.237013,1.183112,0.000712,0.000305,1.865319,0.000349,0.598548,0.002404,0.662750,0.000000,0.000000,0.000000,0,0,0.000000,0.000000,0.000000,0.000000,0.000000,0.000000,0.000000,0.000000,0.000000,0.000000,0.000000,0.000000,0.000000,0.000000,0,0,0,0,0,0.000000,0.000000,0.000000,0.000000,0.000000,0.000000,0.000000,0.000000,0,0,0,0,0
827,2,18.559608,0.336290,0.000000,0.000163,0.560289,2.221198,2.210120,1.898739,0.010705,5.664659,4.792881,1.229506,1.144497,0.000692,0.000305,2.299835,0.000349,0.596859,0.002404,0.661848,0.000000,0.000000,0.000000,0,0,0.000000,0.000000,0.000000,0.000000,0.000000,0.000000,0.000000,0.000000,0.000000,0.000000,0.000000,0.000000,0.000000,0.000000,0,0,0,0,0,0.000000,0.000000,0.000000,0.000000,0.000000,0.000000,0.000000,0.000000,0,0,0,0,0
828,2,19.643633,0.420369,0.000000,0.000190,0.503330,2.309408,2.298194,0.080709,0.005636,10.939328,4.911882,1.239387,1.185432,0.024075,0.000305,2.330421,0.000390,0.600745,0.002391,0.584442,0.000000,0.000000,0.000000,0,0,0.000000,0.000000,0.000000,0.000000,0.000000,0.000000,0.000000,0.000000,0.000000,0.000000,0.000000,0.000000,0.000000,0.000000,0,0,0,0,0,0.000000,0.000000,0.000000,0.000000,0.000000,0.000000,0.000000,0.000000,0,0,0,0,0
829,2,18.910071,0.297187,0.000000,0.000163,0.587335,2.265652,2.254391,0.084741,0.005731,10.991513,4.878235,1.992364,0.944366,0.000746,0.000332,1.927500,0.000349,0.647783,0.002445,0.591420,0.000000,0.000000,0.000000,0,0,0.000000,0.000000,0.000000,0.000000,0.000000,0.000000,0.000000,0.000000,0.000000,0.000000,0.000000,0.000000,0.000000,0.000000,0,0,0,0,0,0.000000,0.000000,0.000000,0.000000,0.000000,0.000000,0.000000,0.000000,0,0,0,0,0
830,2,18.075233,0.451396,0.000000,0.000190,0.523810,2.189826,2.178647,0.083154,0.005547,10.963213,4.976284,1.268955,1.184662,0.000712,0.000305,1.887339,0.000329,0.592634,0.002384,0.586673,0.000000,0.000000,0.000000,0,0,0.000000,0.000000,0.000000,0.000000,0.000000,0.000000,0.000000,0.000000,0.000000,0.000000,0.000000,0.000000,0.000000,0.000000,0,0,0,0,0,0.000000,0.000000,0.000000,0.000000,0.000000,0.000000,0.000000,0.000000,0,0,0,0,0
831,2,17.715512,0.004171,0.000000,0.000163,0.440993,2.250556,2.239173,0.084598,0.005629,11.010678,5.003537,1.237257,1.183133,0.000807,0.000298,1.942101,0.000349,0.630144,0.002485,0.586538,0.000000,0.000000,0.000000,0,0,0.000000,0.000000,0.000000,0.000000,0.000000,0.000000,0.000000,0.000000,0.000000,0.000000,0.000000,0.000000,0.000000,0.000000,0,0,0,0,0,0.000000,0.000000,0.000000,0.000000,0.000000,0.000000,0.000000,0.000000,0,0,0,0,0
832,2,17.694027,0.125665,0.000000,0.000190,0.403965,2.289836,2.278602,0.084618,0.005629,10.892900,4.958533,1.271579,1.215685,0.000712,0.000305,1.921251,0.000390,0.588681,0.002499,0.630219,0.000000,0.000000,0.000000,0,0,0.000000,0.000000,0.000000,0.000000,0.000000,0.000000,0.000000,0.000000,0.000000,0.000000,0.000000,0.000000,0.000000,0.000000,0,0,0,0,0,0.000000,0.000000,0.000000,0.000000,0.000000,0.000000,0.000000,0.000000,0,0,0,0,0
833,2,17.599382,0.003906,0.000000,0.000163,0.443088,2.314107,2.302995,0.083194,0.006327,10.859453,4.876899,1.230706,1.176676,0.000692,0.000305,1.915070,0.000349,0.597063,0.002465,0.630646,0.000000,0.000000,0.000000,0,0,0.000000,0.000000,0.000000,0.000000,0.000000,0.000000,0.000000,0.000000,0.000000,0.000000,0.000000,0.000000,0.000000,0.000000,0,0,0,0,0,0.000000,0.000000,0.000000,0.000000,0.000000,0.000000,0.000000,0.000000,0,0,0,0,0
834,2,18.127397,0.418477,0.000000,0.000190,0.503506,2.286302,2.275224,0.083561,0.005636,10.921953,4.983771,1.236389,1.181444,0.000746,0.000298,1.967085,0.000410,0.594811,0.002404,0.587630,0.000000,0.000000,0.000000,0,0,0.000000,0.000000,0.000000,0.000000,0.000000,0.000000,0.000000,0.000000,0.000000,0.000000,0.000000,0.000000,0.000000,0.000000,0,0,0,0,0,0.000000,0.000000,0.000000,0.000000,0.000000,0.000000,0.000000,0.000000,0,0,0,0,0
835,2,17.771501,0.300300,0.000000,0.000163,0.505480,2.259142,2.248084,0.124535,0.005710,10.767514,4.832720,1.238634,1.184557,0.000712,0.000305,1.865835,0.000465,0.595774,0.002526,0.629222,0.000000,0.000000,0.000000,0,0,0.000000,0.000000,0.000000,0.000000,0.000000,0.000000,0.000000,0.000000,0.000000,0.000000,0.000000,0.000000,0.000000,0.000000,0,0,0,0,0,0.000000,0.000000,0.000000,0.000000,0.000000,0.000000,0.000000,0.000000,0,0,0,0,0
836,2,18.546729,0.420688,0.000000,0.000190,0.565667,2.209574,2.198402,0.082665,0.005690,10.991757,4.884752,1.275675,1.219265,0.000712,0.000305,2.298954,0.000410,0.586653,0.002479,0.629161,0.000000,0.000000,0.000000,0,0,0.000000,0.000000,0.000000,0.000000,0.000000,0.000000,0.000000,0.000000,0.000000,0.000000,0.000000,0.000000,0.000000,0.000000,0,0,0,0,0,0.000000,0.000000,0.000000,0.000000,0.000000,0.000000,0.000000,0.000000,0,0,0,0,0
837,2,17.532244,0.003967,0.000000,0.000210,0.413520,2.284756,2.273821,0.082197,0.005649,10.824412,4.962246,1.234266,1.180257,0.000827,0.000298,1.954770,0.000349,0.619320,0.002452,0.586280,0.000000,0.000000,0.000000,0,0,0.000000,0.000000,0.000000,0.000000,0.000000,0.000000,0.000000,0.000000,0.000000,0.000000,0.000000,0.000000,0.000000,0.000000,0,0,0,0,0,0.000000,0.000000,0.000000,0.000000,0.000000,0.000000,0.000000,0.000000,0,0,0,0,0
838,2,17.987200,0.088311,0.000000,0.000190,0.456265,2.250075,2.238786,0.125166,0.005731,10.833900,4.873410,1.228455,1.174730,0.000746,0.000373,2.305667,0.000329,0.584835,0.002445,0.617048,0.000000,0.000000,0.000000,0,0,0.000000,0.000000,0.000000,0.000000,0.000000,0.000000,0.000000,0.000000,0.000000,0.000000,0.000000,0.000000,0.000000,0.000000,0,0,0,0,0,0.000000,0.000000,0.000000,0.000000,0.000000,0.000000,0.000000,0.000000,0,0,0,0,0
839,2,17.782040,0.297472,0.000000,0.000163,0.535183,2.272610,2.261675,0.083337,0.005710,10.758542,4.808319,1.235901,1.181722,0.000692,0.000305,1.898244,0.000349,0.585751,0.040192,0.581546,0.000000,0.000000,0.000000,0,0,0.000000,0.000000,0.000000,0.000000,0.000000,0.000000,0.000000,0.000000,0.000000,0.000000,0.000000,0.000000,0.000000,0.000000,0,0,0,0,0,0.000000,0.000000,0.000000,0.000000,0.000000,0.000000,0.000000,0.000000,0,0,0,0,0
840,2,17.885291,0.385776,0.000000,0.000190,0.506300,2.311910,2.300798,0.085249,0.005554,10.774838,4.893945,1.234538,1.180366,0.000712,0.000305,1.859202,0.000390,0.612220,0.002384,0.630720,0.000000,0.000000,0.000000,0,0,0.000000,0.000000,0.000000,0.000000,0.000000,0.000000,0.000000,0.000000,0.000000,0.000000,0.000000,0.000000,0.000000,0.000000,0,0,0,0,0,0.000000,0.000000,0.000000,0.000000,0.000000,0.000000,0.000000,0.000000,0,0,0,0,0
841,2,18.333778,0.337043,0.000000,0.000163,0.559964,2.210273,2.199114,0.083174,0.006809,10.876441,4.925988,1.228753,1.174764,0.000692,0.000305,2.298635,0.000349,0.586789,0.002404,0.587229,0.000000,0.000000,0.000000,0,0,0.000000,0.000000,0.000000,0.000000,0.000000,0.000000,0.000000,0.000000,0.000000,0.000000,0.000000,0.000000,0.000000,0.000000,0,0,0,0,0,0.000000,0.000000,0.000000,0.000000,0.000000,0.000000,0.000000,0.000000,0,0,0,0,0
842,2,18.618059,0.385206,0.000000,0.000197,0.537103,2.278625,2.267561,0.085086,0.005656,10.963260,4.891815,1.297987,1.205532,0.000712,0.000305,2.365896,0.000329,0.589311,0.002404,0.616126,0.000000,0.000000,0.000000,0,0,0.000000,0.000000,0.000000,0.000000,0.000000,0.000000,0.000000,0.000000,0.000000,0.000000,0.000000,0.000000,0.000000,0.000000,0,0,0,0,0,0.000000,0.000000,0.000000,0.000000,0.000000,0.000000,0.000000,0.000000,0,0,0,0,0
843,2,18.060910,0.338203,0.000000,0.000163,0.496894,2.277818,2.266741,0.083581,0.006158,10.907020,4.849057,1.253499,1.197673,0.001065,0.000441,1.884627,0.000349,0.650469,0.002465,0.581323,0.000000,0.000000,0.000000,0,0,0.000000,0.000000,0.000000,0.000000,0.000000,0.000000,0.000000,0.000000,0.000000,0.000000,0.000000,0.000000,0.000000,0.000000,0,0,0,0,0,0.000000,0.000000,0.000000,0.000000,0.000000,0.000000,0.000000,0.000000,0,0,0,0,0
844,2,17.525062,0.089023,0.000000,0.000190,0.448636,2.256517,2.245500,0.123355,0.005751,10.766781,4.873830,1.255907,1.203091,0.000746,0.000359,1.872257,0.000383,0.597951,0.002404,0.588810,0.000000,0.000000,0.000000,0,0,0.000000,0.000000,0.000000,0.000000,0.000000,0.000000,0.000000,0.000000,0.000000,0.000000,0.000000,0.000000,0.000000,0.000000,0,0,0,0,0,0.000000,0.000000,0.000000,0.000000,0.000000,0.000000,0.000000,0.000000,0,0,0,0,0
845,2,17.715152,0.003994,0.000000,0.000163,0.405565,2.389045,2.340925,0.084151,0.005697,10.946530,5.012109,1.237278,1.183065,0.000712,0.000305,1.938833,0.000444,0.594635,0.002404,0.585683,0.000000,0.000000,0.000000,0,0,0.000000,0.000000,0.000000,0.000000,0.000000,0.000000,0.000000,0.000000,0.000000,0.000000,0.000000,0.000000,0.000000,0.000000,0,0,0,0,0,0.000000,0.000000,0.000000,0.000000,0.000000,0.000000,0.000000,0.000000,0,0,0,0,0
846,2,17.492021,0.088555,0.000000,0.000190,0.445970,2.280287,2.269202,0.082889,0.005649,10.765764,4.938117,1.240139,1.185750,0.000712,0.000305,1.876329,0.000329,0.597327,0.002404,0.645633,0.000000,0.000000,0.000000,0,0,0.000000,0.000000,0.000000,0.000000,0.000000,0.000000,0.000000,0.000000,0.000000,0.000000,0.000000,0.000000,0.000000,0.000000,0,0,0,0,0,0.000000,0.000000,0.000000,0.000000,0.000000,0.000000,0.000000,0.000000,0,0,0,0,0
847,2,17.966407,0.332058,0.000000,0.000163,0.466641,2.269918,2.258908,0.084720,0.005595,10.931576,4.821130,1.271898,1.215861,0.000712,0.000305,1.905060,0.000349,0.588966,0.002465,0.616282,0.000000,0.000000,0.000000,0,0,0.000000,0.000000,0.000000,0.000000,0.000000,0.000000,0.000000,0.000000,0.000000,0.000000,0.000000,0.000000,0.000000,0.000000,0,0,0,0,0,0.000000,0.000000,0.000000,0.000000,0.000000,0.000000,0.000000,0.000000,0,0,0,0,0
848,2,17.880612,0.385898,0.000000,0.000190,0.536648,2.283190,2.272132,0.083296,0.005792,10.772437,4.849542,1.235609,1.181118,0.000868,0.000332,1.870962,0.000404,0.597158,0.002465,0.629262,0.000000,0.000000,0.000000,0,0,0.000000,0.000000,0.000000,0.000000,0.000000,0.000000,0.000000,0.000000,0.000000,0.000000,0.000000,0.000000,0.000000,0.000000,0,0,0,0,0,0.000000,0.000000,0.000000,0.000000,0.000000,0.000000,0.000000,0.000000,0,0,0,0,0
849,2,18.128679,0.337484,0.000000,0.000163,0.522834,2.257148,2.245948,0.082258,0.007528,10.943336,4.825911,1.259054,1.203864,0.000712,0.000305,1.907840,0.000349,0.655453,0.002587,0.701989,0.000000,0.000000,0.000000,0,0,0.000000,0.000000,0.000000,0.000000,0.000000,0.000000,0.000000,0.000000,0.000000,0.000000,0.000000,0.000000,0.000000,0.000000,0,0,0,0,0,0.000000,0.000000,0.000000,0.000000,0.000000,0.000000,0.000000,0.000000,0,0,0,0,0
850,2,18.576867,0.419074,0.000000,0.000285,0.505507,2.267721,2.256792,0.084232,0.005629,10.959937,5.000017,1.237990,1.183539,0.000692,0.000305,2.378286,0.000329,0.608639,0.002547,0.589650,0.000000,0.000000,0.000000,0,0,0.000000,0.000000,0.000000,0.000000,0.000000,0.000000,0.000000,0.000000,0.000000,0.000000,0.000000,0.000000,0.000000,0.000000,0,0,0,0,0,0.000000,0.000000,0.000000,0.000000,0.000000,0.000000,0.000000,0.000000,0,0,0,0,0
851,2,17.882952,0.334235,0.000000,0.000163,0.543708,2.244636,2.233517,0.121158,0.005649,10.810381,4.925822,1.236972,1.183105,0.000712,0.000305,1.878245,0.000349,0.599118,0.002404,0.586816,0.000000,0.000000,0.000000,0,0,0.000000,0.000000,0.000000,0.000000,0.000000,0.000000,0.000000,0.000000,0.000000,0.000000,0.000000,0.000000,0.000000,0.000000,0,0,0,0,0,0.000000,0.000000,0.000000,0.000000,0.000000,0.000000,0.000000,0.000000,0,0,0,0,0
852,2,18.493222,0.425551,0.000000,0.000190,0.505174,2.292691,2.281592,0.139062,0.005636,10.862444,4.891307,1.237217,1.183390,0.000746,0.000332,2.313182,0.000390,0.602637,0.002363,0.587955,0.000000,0.000000,0.000000,0,0,0.000000,0.000000,0.000000,0.000000,0.000000,0.000000,0.000000,0.000000,0.000000,0.000000,0.000000,0.000000,0.000000,0.000000,0,0,0,0,0,0.000000,0.000000,0.000000,0.000000,0.000000,0.000000,0.000000,0.000000,0,0,0,0,0
853,2,18.005286,0.331692,0.000000,0.000163,0.510206,2.265625,2.254350,0.085086,0.005588,10.960927,4.912042,1.237684,1.183458,0.000712,0.000305,1.912214,0.000349,0.586809,0.002424,0.614221,0.000000,0.000000,0.000000,0,0,0.000000,0.000000,0.000000,0.000000,0.000000,0.000000,0.000000,0.000000,0.000000,0.000000,0.000000,0.000000,0.000000,0.000000,0,0,0,0,0,0.000000,0.000000,0.000000,0.000000,0.000000,0.000000,0.000000,0.000000,0,0,0,0,0
854,2,18.554908,0.422234,0.000000,0.000197,0.502923,2.283366,2.272335,0.082564,0.006714,10.934608,4.967621,1.235046,1.180691,0.000712,0.000305,2.322703,0.000329,0.593686,0.002404,0.588016,0.000000,0.000000,0.000000,0,0,0.000000,0.000000,0.000000,0.000000,0.000000,0.000000,0.000000,0.000000,0.000000,0.000000,0.000000,0.000000,0.000000,0.000000,0,0,0,0,0,0.000000,0.000000,0.000000,0.000000,0.000000,0.000000,0.000000,0.000000,0,0,0,0,0
855,2,18.480689,0.337307,0.000000,0.000163,0.499647,2.285624,2.274370,0.083316,0.007019,10.929298,4.896393,1.260111,1.204678,0.000712,0.000305,2.315989,0.000363,0.596432,0.002526,0.585642,0.000000,0.000000,0.000000,0,0,0.000000,0.000000,0.000000,0.000000,0.000000,0.000000,0.000000,0.000000,0.000000,0.000000,0.000000,0.000000,0.000000,0.000000,0,0,0,0,0,0.000000,0.000000,0.000000,0.000000,0.000000,0.000000,0.000000,0.000000,0,0,0,0,0
856,2,18.020749,0.419305,0.000000,0.000190,0.509616,2.266642,2.255510,0.082543,0.005669,10.893246,4.895694,1.239339,1.185181,0.000827,0.000298,1.908668,0.000390,0.586117,0.002391,0.602814,0.000000,0.000000,0.000000,0,0,0.000000,0.000000,0.000000,0.000000,0.000000,0.000000,0.000000,0.000000,0.000000,0.000000,0.000000,0.000000,0.000000,0.000000,0,0,0,0,0,0.000000,0.000000,0.000000,0.000000,0.000000,0.000000,0.000000,0.000000,0,0,0,0,0
857,2,17.534034,0.003947,0.000000,0.000163,0.441332,2.338515,2.327410,0.084659,0.005758,10.776496,4.850600,1.212728,1.159200,0.000692,0.000427,1.944895,0.000349,0.616350,0.002547,0.675913,0.000000,0.000000,0.000000,0,0,0.000000,0.000000,0.000000,0.000000,0.000000,0.000000,0.000000,0.000000,0.000000,0.000000,0.000000,0.000000,0.000000,0.000000,0,0,0,0,0,0.000000,0.000000,0.000000,0.000000,0.000000,0.000000,0.000000,0.000000,0,0,0,0,0
858,2,17.522478,0.088230,0.000000,0.000190,0.447238,2.250210,2.239065,0.125715,0.005669,10.788022,5.020915,1.236525,1.181607,0.000712,0.000305,1.874298,0.000349,0.598182,0.002384,0.655372,0.000000,0.000000,0.000000,0,0,0.000000,0.000000,0.000000,0.000000,0.000000,0.000000,0.000000,0.000000,0.000000,0.000000,0.000000,0.000000,0.000000,0.000000,0,0,0,0,0,0.000000,0.000000,0.000000,0.000000,0.000000,0.000000,0.000000,0.000000,0,0,0,0,0
859,2,18.015845,0.296739,0.000000,0.000163,0.545376,2.274746,2.263533,0.083276,0.005792,10.899411,4.920671,1.275675,1.219937,0.000712,0.000305,1.938921,0.000349,0.586443,0.002506,0.588084,0.000000,0.000000,0.000000,0,0,0.000000,0.000000,0.000000,0.000000,0.000000,0.000000,0.000000,0.000000,0.000000,0.000000,0.000000,0.000000,0.000000,0.000000,0,0,0,0,0,0.000000,0.000000,0.000000,0.000000,0.000000,0.000000,0.000000,0.000000,0,0,0,0,0
860,2,18.029680,0.385491,0.000000,0.000190,0.500448,2.346402,2.335256,0.085758,0.005629,10.795915,4.831319,1.220690,1.166185,0.000827,0.000298,1.943444,0.000329,0.635739,0.002533,0.588470,0.000000,0.000000,0.000000,0,0,0.000000,0.000000,0.000000,0.000000,0.000000,0.000000,0.000000,0.000000,0.000000,0.000000,0.000000,0.000000,0.000000,0.000000,0,0,0,0,0,0.000000,0.000000,0.000000,0.000000,0.000000,0.000000,0.000000,0.000000,0,0,0,0,0
861,2,17.950050,0.336575,0.000000,0.000163,0.521986,2.212280,2.201270,0.083072,0.005554,10.966488,4.843404,1.236572,1.181946,0.000746,0.000298,1.880456,0.000349,0.597721,0.002404,0.621484,0.000000,0.000000,0.000000,0,0,0.000000,0.000000,0.000000,0.000000,0.000000,0.000000,0.000000,0.000000,0.000000,0.000000,0.000000,0.000000,0.000000,0.000000,0,0,0,0,0,0.000000,0.000000,0.000000,0.000000,0.000000,0.000000,0.000000,0.000000,0,0,0,0,0
862,2,17.644630,0.088494,0.000000,0.000190,0.489922,2.250346,2.239092,0.122399,0.005649,10.836158,4.820218,1.228712,1.174906,0.000705,0.000298,1.916711,0.000329,0.596656,0.002547,0.630503,0.000000,0.000000,0.000000,0,0,0.000000,0.000000,0.000000,0.000000,0.000000,0.000000,0.000000,0.000000,0.000000,0.000000,0.000000,0.000000,0.000000,0.000000,0,0,0,0,0,0.000000,0.000000,0.000000,0.000000,0.000000,0.000000,0.000000,0.000000,0,0,0,0,0
863,2,18.088681,0.003845,0.000000,0.000163,0.444085,2.261047,2.249915,0.082665,0.005588,10.962134,5.003306,1.238057,1.183824,0.000712,0.000305,2.390859,0.000404,0.591156,0.002465,0.588708,0.000000,0.000000,0.000000,0,0,0.000000,0.000000,0.000000,0.000000,0.000000,0.000000,0.000000,0.000000,0.000000,0.000000,0.000000,0.000000,0.000000,0.000000,0,0,0,0,0,0.000000,0.000000,0.000000,0.000000,0.000000,0.000000,0.000000,0.000000,0,0,0,0,0
864,2,17.708276,0.125671,0.000000,0.000190,0.410712,2.281989,2.270810,0.085249,0.005656,10.922279,4.804396,1.266724,1.184584,0.000834,0.000305,1.912031,0.000390,0.588050,0.002526,0.629059,0.000000,0.000000,0.000000,0,0,0.000000,0.000000,0.000000,0.000000,0.000000,0.000000,0.000000,0.000000,0.000000,0.000000,0.000000,0.000000,0.000000,0.000000,0,0,0,0,0,0.000000,0.000000,0.000000,0.000000,0.000000,0.000000,0.000000,0.000000,0,0,0,0,0
865,2,17.978349,0.004008,0.000000,0.000190,0.454278,2.286987,2.275998,0.085046,0.005676,10.823707,4.814355,1.239461,1.184916,0.000712,0.000305,2.347280,0.000349,0.584937,0.002424,0.587568,0.000000,0.000000,0.000000,0,0,0.000000,0.000000,0.000000,0.000000,0.000000,0.000000,0.000000,0.000000,0.000000,0.000000,0.000000,0.000000,0.000000,0.000000,0,0,0,0,0,0.000000,0.000000,0.000000,0.000000,0.000000,0.000000,0.000000,0.000000,0,0,0,0,0
866,2,18.149051,0.419562,0.000000,0.000190,0.508070,2.289130,2.278032,0.104943,0.005547,10.918650,4.944645,1.237176,1.182787,0.000712,0.000305,1.961748,0.000329,0.595191,0.002445,0.587589,0.000000,0.000000,0.000000,0,0,0.000000,0.000000,0.000000,0.000000,0.000000,0.000000,0.000000,0.000000,0.000000,0.000000,0.000000,0.000000,0.000000,0.000000,0,0,0,0,0,0.000000,0.000000,0.000000,0.000000,0.000000,0.000000,0.000000,0.000000,0,0,0,0,0
867,2,18.420251,0.338250,0.000000,0.000163,0.501499,2.265015,2.253883,0.082991,0.007528,10.876095,4.884013,1.239516,1.185282,0.000712,0.000332,2.334679,0.000349,0.629066,0.002485,0.577884,0.000000,0.000000,0.000000,0,0,0.000000,0.000000,0.000000,0.000000,0.000000,0.000000,0.000000,0.000000,0.000000,0.000000,0.000000,0.000000,0.000000,0.000000,0,0,0,0,0,0.000000,0.000000,0.000000,0.000000,0.000000,0.000000,0.000000,0.000000,0,0,0,0,0
868,2,18.098792,0.419895,0.000000,0.000190,0.566088,2.212267,2.201046,0.082808,0.005636,10.918840,5.016059,1.239604,1.184998,0.000746,0.000298,1.949385,0.000390,0.595374,0.002404,0.586531,0.000000,0.000000,0.000000,0,0,0.000000,0.000000,0.000000,0.000000,0.000000,0.000000,0.000000,0.000000,0.000000,0.000000,0.000000,0.000000,0.000000,0.000000,0,0,0,0,0,0.000000,0.000000,0.000000,0.000000,0.000000,0.000000,0.000000,0.000000,0,0,0,0,0
869,2,18.598067,0.298028,0.000000,0.000271,0.509935,2.333421,2.322384,0.085453,0.006826,10.973033,4.957642,1.237637,1.182217,0.000712,0.000305,2.422760,0.000349,0.584347,0.002445,0.582937,0.000000,0.000000,0.000000,0,0,0.000000,0.000000,0.000000,0.000000,0.000000,0.000000,0.000000,0.000000,0.000000,0.000000,0.000000,0.000000,0.000000,0.000000,0,0,0,0,0,0.000000,0.000000,0.000000,0.000000,0.000000,0.000000,0.000000,0.000000,0,0,0,0,0
870,2,17.927738,0.419576,0.000000,0.000190,0.511163,2.266215,2.255124,0.121850,0.005595,10.768287,4.856181,1.240207,1.155809,0.000692,0.000305,1.889333,0.000505,0.596534,0.002526,0.676829,0.000000,0.000000,0.000000,0,0,0.000000,0.000000,0.000000,0.000000,0.000000,0.000000,0.000000,0.000000,0.000000,0.000000,0.000000,0.000000,0.000000,0.000000,0,0,0,0,0,0.000000,0.000000,0.000000,0.000000,0.000000,0.000000,0.000000,0.000000,0,0,0,0,0
871,2,17.603451,0.003866,0.000000,0.000163,0.446235,2.307888,2.296641,0.082401,0.007111,10.874000,4.871189,1.238444,1.184245,0.000712,0.000305,1.866608,0.000349,0.637773,0.002526,0.584890,0.000000,0.000000,0.000000,0,0,0.000000,0.000000,0.000000,0.000000,0.000000,0.000000,0.000000,0.000000,0.000000,0.000000,0.000000,0.000000,0.000000,0.000000,0,0,0,0,0,0.000000,0.000000,0.000000,0.000000,0.000000,0.000000,0.000000,0.000000,0,0,0,0,0
872,2,17.752174,0.089105,0.000000,0.000190,0.446181,2.265951,2.254825,0.082564,0.005547,10.928436,4.941467,1.240438,1.186279,0.000712,0.000305,1.943776,0.000383,0.641171,0.002485,0.634125,0.000000,0.000000,0.000000,0,0,0.000000,0.000000,0.000000,0.000000,0.000000,0.000000,0.000000,0.000000,0.000000,0.000000,0.000000,0.000000,0.000000,0.000000,0,0,0,0,0,0.000000,0.000000,0.000000,0.000000,0.000000,0.000000,0.000000,0.000000,0,0,0,0,0
873,2,17.593401,0.004089,0.000000,0.000163,0.476759,2.294718,2.283505,0.086517,0.005792,10.827613,4.916829,1.223504,1.170498,0.000773,0.000305,1.941091,0.000349,0.623837,0.002445,0.582001,0.000000,0.000000,0.000000,0,0,0.000000,0.000000,0.000000,0.000000,0.000000,0.000000,0.000000,0.000000,0.000000,0.000000,0.000000,0.000000,0.000000,0.000000,0,0,0,0,0,0.000000,0.000000,0.000000,0.000000,0.000000,0.000000,0.000000,0.000000,0,0,0,0,0
874,2,17.600094,0.088515,0.000000,0.000190,0.449700,2.265428,2.254445,0.116926,0.005751,10.835527,4.904002,1.237115,1.182699,0.000712,0.000305,1.874278,0.000349,0.618018,0.002404,0.625926,0.000000,0.000000,0.000000,0,0,0.000000,0.000000,0.000000,0.000000,0.000000,0.000000,0.000000,0.000000,0.000000,0.000000,0.000000,0.000000,0.000000,0.000000,0,0,0,0,0,0.000000,0.000000,0.000000,0.000000,0.000000,0.000000,0.000000,0.000000,0,0,0,0,0
875,2,18.080807,0.332479,0.000000,0.000163,0.467868,2.273824,2.262773,0.085595,0.005636,11.013872,4.987047,1.236647,1.182326,0.000699,0.000305,1.940399,0.000512,0.615190,0.002465,0.578495,0.000000,0.000000,0.000000,0,0,0.000000,0.000000,0.000000,0.000000,0.000000,0.000000,0.000000,0.000000,0.000000,0.000000,0.000000,0.000000,0.000000,0.000000,0,0,0,0,0,0.000000,0.000000,0.000000,0.000000,0.000000,0.000000,0.000000,0.000000,0,0,0,0,0
876,2,18.029945,0.418633,0.000000,0.000190,0.499539,2.281460,2.270430,0.084578,0.005568,10.859005,4.914971,1.236315,1.182170,0.000746,0.000298,1.943437,0.000383,0.591746,0.002533,0.613122,0.000000,0.000000,0.000000,0,0,0.000000,0.000000,0.000000,0.000000,0.000000,0.000000,0.000000,0.000000,0.000000,0.000000,0.000000,0.000000,0.000000,0.000000,0,0,0,0,0,0.000000,0.000000,0.000000,0.000000,0.000000,0.000000,0.000000,0.000000,0,0,0,0,0
877,2,18.372433,0.336982,0.000000,0.000163,0.566155,2.240295,2.229245,0.082564,0.006768,10.873159,4.847432,1.228258,1.174032,0.000712,0.000305,2.305715,0.000349,0.586199,0.002424,0.580997,0.000000,0.000000,0.000000,0,0,0.000000,0.000000,0.000000,0.000000,0.000000,0.000000,0.000000,0.000000,0.000000,0.000000,0.000000,0.000000,0.000000,0.000000,0,0,0,0,0,0.000000,0.000000,0.000000,0.000000,0.000000,0.000000,0.000000,0.000000,0,0,0,0,0
878,2,18.233375,0.421299,0.000000,0.000190,0.524441,2.225369,2.214108,0.082781,0.005547,11.003760,4.918566,1.237651,1.183641,0.000712,0.000305,1.943614,0.000349,0.679630,0.002452,0.583330,0.000000,0.000000,0.000000,0,0,0.000000,0.000000,0.000000,0.000000,0.000000,0.000000,0.000000,0.000000,0.000000,0.000000,0.000000,0.000000,0.000000,0.000000,0,0,0,0,0,0.000000,0.000000,0.000000,0.000000,0.000000,0.000000,0.000000,0.000000,0,0,0,0,0
879,2,18.651669,0.004008,0.000000,0.000210,0.441962,2.279751,2.268633,0.082848,0.007094,10.930193,4.899234,1.849284,0.957001,0.000773,0.000305,2.290212,0.000349,0.597097,0.002404,0.654483,0.000000,0.000000,0.000000,0,0,0.000000,0.000000,0.000000,0.000000,0.000000,0.000000,0.000000,0.000000,0.000000,0.000000,0.000000,0.000000,0.000000,0.000000,0,0,0,0,0,0.000000,0.000000,0.000000,0.000000,0.000000,0.000000,0.000000,0.000000,0,0,0,0,0
880,2,18.020308,0.423231,0.000000,0.000244,0.563707,2.206902,2.195818,0.082591,0.006911,10.866004,4.885461,1.231222,1.177497,0.000692,0.000353,1.894928,0.000397,0.598684,0.002485,0.586938,0.000000,0.000000,0.000000,0,0,0.000000,0.000000,0.000000,0.000000,0.000000,0.000000,0.000000,0.000000,0.000000,0.000000,0.000000,0.000000,0.000000,0.000000,0,0,0,0,0,0.000000,0.000000,0.000000,0.000000,0.000000,0.000000,0.000000,0.000000,0,0,0,0,0
881,2,18.570757,0.297350,0.000000,0.000163,0.506036,2.327494,2.316349,0.084632,0.005595,10.967994,4.903446,1.269511,1.215569,0.000712,0.000305,2.417674,0.000349,0.584693,0.002445,0.585636,0.000000,0.000000,0.000000,0,0,0.000000,0.000000,0.000000,0.000000,0.000000,0.000000,0.000000,0.000000,0.000000,0.000000,0.000000,0.000000,0.000000,0.000000,0,0,0,0,0,0.000000,0.000000,0.000000,0.000000,0.000000,0.000000,0.000000,0.000000,0,0,0,0,0
882,2,18.424496,0.445814,0.000000,0.000190,0.510939,2.255859,2.244931,0.082747,0.005893,10.836524,4.963152,1.238803,1.185031,0.000712,0.000305,2.315379,0.000342,0.585975,0.002506,0.619124,0.000000,0.000000,0.000000,0,0,0.000000,0.000000,0.000000,0.000000,0.000000,0.000000,0.000000,0.000000,0.000000,0.000000,0.000000,0.000000,0.000000,0.000000,0,0,0,0,0,0.000000,0.000000,0.000000,0.000000,0.000000,0.000000,0.000000,0.000000,0,0,0,0,0
883,2,17.992713,0.297187,0.000000,0.000163,0.496121,2.299371,2.288293,0.085432,0.005554,10.906511,4.891869,1.272203,1.216193,0.000712,0.000373,1.932292,0.000349,0.587867,0.002553,0.587833,0.000000,0.000000,0.000000,0,0,0.000000,0.000000,0.000000,0.000000,0.000000,0.000000,0.000000,0.000000,0.000000,0.000000,0.000000,0.000000,0.000000,0.000000,0,0,0,0,0,0.000000,0.000000,0.000000,0.000000,0.000000,0.000000,0.000000,0.000000,0,0,0,0,0
884,2,18.034949,0.420993,0.000000,0.000190,0.509752,2.290473,2.279436,0.086450,0.005676,10.801097,4.861209,1.238966,1.185065,0.000692,0.000305,1.914093,0.000390,0.657508,0.002452,0.582686,0.000000,0.000000,0.000000,0,0,0.000000,0.000000,0.000000,0.000000,0.000000,0.000000,0.000000,0.000000,0.000000,0.000000,0.000000,0.000000,0.000000,0.000000,0,0,0,0,0,0.000000,0.000000,0.000000,0.000000,0.000000,0.000000,0.000000,0.000000,0,0,0,0,0
885,2,18.094154,0.344306,0.000000,0.000190,0.505385,2.284003,2.272824,0.083276,0.005568,11.049293,4.931135,1.238831,1.184367,0.000746,0.000298,1.878218,0.000349,0.595354,0.002465,0.657027,0.000000,0.000000,0.000000,0,0,0.000000,0.000000,0.000000,0.000000,0.000000,0.000000,0.000000,0.000000,0.000000,0.000000,0.000000,0.000000,0.000000,0.000000,0,0,0,0,0,0.000000,0.000000,0.000000,0.000000,0.000000,0.000000,0.000000,0.000000,0,0,0,0,0
886,2,17.777279,0.088616,0.000000,0.000190,0.442247,2.284288,2.273251,0.082645,0.005819,10.957326,4.858598,1.237318,1.182868,0.000712,0.000326,1.880768,0.000349,0.625627,0.002485,0.628896,0.000000,0.000000,0.000000,0,0,0.000000,0.000000,0.000000,0.000000,0.000000,0.000000,0.000000,0.000000,0.000000,0.000000,0.000000,0.000000,0.000000,0.000000,0,0,0,0,0,0.000000,0.000000,0.000000,0.000000,0.000000,0.000000,0.000000,0.000000,0,0,0,0,0
887,2,17.460161,0.003906,0.000000,0.000163,0.446710,2.268758,2.257585,0.122013,0.005751,10.815304,4.791141,1.238946,1.185391,0.000712,0.000305,1.852997,0.000349,0.597395,0.002363,0.658959,0.000000,0.000000,0.000000,0,0,0.000000,0.000000,0.000000,0.000000,0.000000,0.000000,0.000000,0.000000,0.000000,0.000000,0.000000,0.000000,0.000000,0.000000,0,0,0,0,0,0.000000,0.000000,0.000000,0.000000,0.000000,0.000000,0.000000,0.000000,0,0,0,0,0
888,2,18.174516,0.445143,0.000000,0.000190,0.506687,2.268534,2.257443,0.082258,0.005649,11.043881,4.929159,1.237569,1.183695,0.000712,0.000305,1.878286,0.000397,0.597382,0.002384,0.662567,0.000000,0.000000,0.000000,0,0,0.000000,0.000000,0.000000,0.000000,0.000000,0.000000,0.000000,0.000000,0.000000,0.000000,0.000000,0.000000,0.000000,0.000000,0,0,0,0,0,0.000000,0.000000,0.000000,0.000000,0.000000,0.000000,0.000000,0.000000,0,0,0,0,0
889,2,17.950029,0.336168,0.000000,0.000163,0.504462,2.305040,2.294010,0.118473,0.005751,10.813249,4.873427,1.238464,1.184306,0.000827,0.000298,1.882836,0.000410,0.636247,0.002404,0.626611,0.000000,0.000000,0.000000,0,0,0.000000,0.000000,0.000000,0.000000,0.000000,0.000000,0.000000,0.000000,0.000000,0.000000,0.000000,0.000000,0.000000,0.000000,0,0,0,0,0,0.000000,0.000000,0.000000,0.000000,0.000000,0.000000,0.000000,0.000000,0,0,0,0,0
890,2,18.543738,0.420098,0.000000,0.000190,0.528327,2.188605,2.177568,0.082381,0.005669,10.951107,4.997921,1.236098,1.181742,0.000712,0.000305,2.381276,0.000329,0.641313,0.002465,0.588308,0.000000,0.000000,0.000000,0,0,0.000000,0.000000,0.000000,0.000000,0.000000,0.000000,0.000000,0.000000,0.000000,0.000000,0.000000,0.000000,0.000000,0.000000,0,0,0,0,0,0.000000,0.000000,0.000000,0.000000,0.000000,0.000000,0.000000,0.000000,0,0,0,0,0
891,2,17.665361,0.003825,0.000000,0.000163,0.453824,2.255764,2.244748,0.083113,0.005615,10.977922,4.852200,1.238336,1.184252,0.000848,0.000298,1.895118,0.000349,0.642561,0.002445,0.628408,0.000000,0.000000,0.000000,0,0,0.000000,0.000000,0.000000,0.000000,0.000000,0.000000,0.000000,0.000000,0.000000,0.000000,0.000000,0.000000,0.000000,0.000000,0,0,0,0,0,0.000000,0.000000,0.000000,0.000000,0.000000,0.000000,0.000000,0.000000,0,0,0,0,0
892,2,18.316037,0.124464,0.000000,0.000190,0.409383,2.320177,2.309018,0.084354,0.005629,11.046478,4.989760,1.237006,1.182949,0.026744,0.000302,2.365136,0.000383,0.587840,0.002540,0.587935,0.000000,0.000000,0.000000,0,0,0.000000,0.000000,0.000000,0.000000,0.000000,0.000000,0.000000,0.000000,0.000000,0.000000,0.000000,0.000000,0.000000,0.000000,0,0,0,0,0,0.000000,0.000000,0.000000,0.000000,0.000000,0.000000,0.000000,0.000000,0,0,0,0,0
893,2,18.067990,0.334602,0.000000,0.000163,0.505181,2.284932,2.273685,0.084069,0.005676,10.961097,4.993493,1.237915,1.182963,0.000712,0.000353,1.921370,0.000349,0.623539,0.002560,0.584340,0.000000,0.000000,0.000000,0,0,0.000000,0.000000,0.000000,0.000000,0.000000,0.000000,0.000000,0.000000,0.000000,0.000000,0.000000,0.000000,0.000000,0.000000,0,0,0,0,0,0.000000,0.000000,0.000000,0.000000,0.000000,0.000000,0.000000,0.000000,0,0,0,0,0
894,2,18.347266,0.422194,0.000000,0.000203,0.534675,2.266018,2.254940,0.085615,0.005758,10.793738,4.856357,1.225850,1.171590,0.000712,0.000305,2.310354,0.000329,0.593692,0.002526,0.634267,0.000000,0.000000,0.000000,0,0,0.000000,0.000000,0.000000,0.000000,0.000000,0.000000,0.000000,0.000000,0.000000,0.000000,0.000000,0.000000,0.000000,0.000000,0,0,0,0,0,0.000000,0.000000,0.000000,0.000000,0.000000,0.000000,0.000000,0.000000,0,0,0,0,0
895,2,18.063982,0.336677,0.000000,0.000163,0.498834,2.288784,2.277740,0.123294,0.005595,10.938839,4.923031,1.253526,1.198778,0.000990,0.000441,1.908329,0.000404,0.600399,0.002445,0.586653,0.000000,0.000000,0.000000,0,0,0.000000,0.000000,0.000000,0.000000,0.000000,0.000000,0.000000,0.000000,0.000000,0.000000,0.000000,0.000000,0.000000,0.000000,0,0,0,0,0,0.000000,0.000000,0.000000,0.000000,0.000000,0.000000,0.000000,0.000000,0,0,0,0,0
896,2,18.592221,0.420227,0.000000,0.000190,0.509250,2.281616,2.270464,0.083561,0.005534,10.933726,4.983636,1.239875,1.186022,0.000746,0.000298,2.377465,0.000404,0.631399,0.002397,0.587202,0.000000,0.000000,0.000000,0,0,0.000000,0.000000,0.000000,0.000000,0.000000,0.000000,0.000000,0.000000,0.000000,0.000000,0.000000,0.000000,0.000000,0.000000,0,0,0,0,0,0.000000,0.000000,0.000000,0.000000,0.000000,0.000000,0.000000,0.000000,0,0,0,0,0
897,2,17.973914,0.336290,0.000000,0.000163,0.538649,2.257345,2.246151,0.083357,0.006382,10.849769,4.925642,1.237793,1.183268,0.000712,0.000305,1.917667,0.000349,0.600257,0.002506,0.631337,0.000000,0.000000,0.000000,0,0,0.000000,0.000000,0.000000,0.000000,0.000000,0.000000,0.000000,0.000000,0.000000,0.000000,0.000000,0.000000,0.000000,0.000000,0,0,0,0,0,0.000000,0.000000,0.000000,0.000000,0.000000,0.000000,0.000000,0.000000,0,0,0,0,0
898,2,18.117937,0.420058,0.000000,0.000190,0.528334,2.222778,2.211734,0.122989,0.005690,10.923499,4.851047,1.241143,1.187120,0.000746,0.000298,1.920468,0.000329,0.597327,0.002485,0.629567,0.000000,0.000000,0.000000,0,0,0.000000,0.000000,0.000000,0.000000,0.000000,0.000000,0.000000,0.000000,0.000000,0.000000,0.000000,0.000000,0.000000,0.000000,0,0,0,0,0,0.000000,0.000000,0.000000,0.000000,0.000000,0.000000,0.000000,0.000000,0,0,0,0,0
899,2,17.690548,0.299120,0.000000,0.000163,0.499742,2.264859,2.253679,0.085514,0.005649,10.734901,4.804959,1.236220,1.150614,0.000692,0.000305,1.853987,0.000349,0.601234,0.002404,0.801097,0.000000,0.000000,0.000000,0,0,0.000000,0.000000,0.000000,0.000000,0.000000,0.000000,0.000000,0.000000,0.000000,0.000000,0.000000,0.000000,0.000000,0.000000,0,0,0,0,0,0.000000,0.000000,0.000000,0.000000,0.000000,0.000000,0.000000,0.000000,0,0,0,0,0
900,2,17.947710,0.422702,0.000000,0.000190,0.533393,2.278571,2.267412,0.085622,0.005656,10.822689,4.920790,1.223389,1.169881,0.000692,0.000305,1.881392,0.000390,0.585120,0.002519,0.626272,0.000000,0.000000,0.000000,0,0,0.000000,0.000000,0.000000,0.000000,0.000000,0.000000,0.000000,0.000000,0.000000,0.000000,0.000000,0.000000,0.000000,0.000000,0,0,0,0,0,0.000000,0.000000,0.000000,0.000000,0.000000,0.000000,0.000000,0.000000,0,0,0,0,0
901,2,18.039669,0.338182,0.000000,0.000163,0.523831,2.258206,2.246945,0.120914,0.006483,10.927955,4.920156,1.236389,1.182292,0.000692,0.000305,1.868880,0.000349,0.621802,0.002424,0.622101,0.000000,0.000000,0.000000,0,0,0.000000,0.000000,0.000000,0.000000,0.000000,0.000000,0.000000,0.000000,0.000000,0.000000,0.000000,0.000000,0.000000,0.000000,0,0,0,0,0,0.000000,0.000000,0.000000,0.000000,0.000000,0.000000,0.000000,0.000000,0,0,0,0,0
902,2,18.129208,0.417765,0.000000,0.000190,0.504706,2.256009,2.244836,0.084212,0.005615,10.988563,5.021345,1.236362,1.182556,0.000692,0.000305,1.933584,0.000349,0.592912,0.002404,0.620283,0.000000,0.000000,0.000000,0,0,0.000000,0.000000,0.000000,0.000000,0.000000,0.000000,0.000000,0.000000,0.000000,0.000000,0.000000,0.000000,0.000000,0.000000,0,0,0,0,0,0.000000,0.000000,0.000000,0.000000,0.000000,0.000000,0.000000,0.000000,0,0,0,0,0
903,2,17.853126,0.299506,0.000000,0.000163,0.520311,2.270535,2.259457,0.123010,0.005615,10.807207,4.834944,1.236552,1.182861,0.000746,0.000298,1.885440,0.000349,0.596385,0.002485,0.629018,0.000000,0.000000,0.000000,0,0,0.000000,0.000000,0.000000,0.000000,0.000000,0.000000,0.000000,0.000000,0.000000,0.000000,0.000000,0.000000,0.000000,0.000000,0,0,0,0,0,0.000000,0.000000,0.000000,0.000000,0.000000,0.000000,0.000000,0.000000,0,0,0,0,0
904,2,18.526038,0.423435,0.000000,0.000190,0.508796,2.281867,2.270816,0.083194,0.006158,10.876807,4.855865,1.239204,1.185221,0.000712,0.000305,2.319305,0.000410,0.639442,0.002424,0.586999,0.000000,0.000000,0.000000,0,0,0.000000,0.000000,0.000000,0.000000,0.000000,0.000000,0.000000,0.000000,0.000000,0.000000,0.000000,0.000000,0.000000,0.000000,0,0,0,0,0,0.000000,0.000000,0.000000,0.000000,0.000000,0.000000,0.000000,0.000000,0,0,0,0,0
905,2,18.511288,0.297736,0.000000,0.000163,0.505256,2.297519,2.286536,0.085107,0.005649,10.912676,4.868547,1.275024,1.218757,0.000766,0.000298,2.401676,0.000329,0.621314,0.002424,0.586212,0.000000,0.000000,0.000000,0,0,0.000000,0.000000,0.000000,0.000000,0.000000,0.000000,0.000000,0.000000,0.000000,0.000000,0.000000,0.000000,0.000000,0.000000,0,0,0,0,0,0.000000,0.000000,0.000000,0.000000,0.000000,0.000000,0.000000,0.000000,0,0,0,0,0
906,2,17.973487,0.422906,0.000000,0.000190,0.537177,2.254910,2.243812,0.123661,0.005751,10.791256,4.891005,1.237630,1.183228,0.000793,0.000305,1.895905,0.000349,0.595740,0.002404,0.625783,0.000000,0.000000,0.000000,0,0,0.000000,0.000000,0.000000,0.000000,0.000000,0.000000,0.000000,0.000000,0.000000,0.000000,0.000000,0.000000,0.000000,0.000000,0,0,0,0,0,0.000000,0.000000,0.000000,0.000000,0.000000,0.000000,0.000000,0.000000,0,0,0,0,0
907,2,18.055844,0.335883,0.000000,0.000163,0.503445,2.281501,2.270464,0.083194,0.005547,11.000302,4.841671,1.234273,1.180149,0.000692,0.000305,1.854563,0.000349,0.613135,0.002506,0.628204,0.000000,0.000000,0.000000,0,0,0.000000,0.000000,0.000000,0.000000,0.000000,0.000000,0.000000,0.000000,0.000000,0.000000,0.000000,0.000000,0.000000,0.000000,0,0,0,0,0,0.000000,0.000000,0.000000,0.000000,0.000000,0.000000,0.000000,0.000000,0,0,0,0,0
908,2,18.579444,0.419128,0.000000,0.000190,0.506809,2.260871,2.249508,0.084212,0.005568,10.974280,4.853387,1.238634,1.184455,0.000692,0.000305,2.365672,0.000390,0.614621,0.002411,0.665348,0.000000,0.000000,0.000000,0,0,0.000000,0.000000,0.000000,0.000000,0.000000,0.000000,0.000000,0.000000,0.000000,0.000000,0.000000,0.000000,0.000000,0.000000,0,0,0,0,0,0.000000,0.000000,0.000000,0.000000,0.000000,0.000000,0.000000,0.000000,0,0,0,0,0
909,2,17.931942,0.004049,0.000000,0.000163,0.456394,2.329061,2.317725,0.085615,0.005859,10.789771,4.906898,1.236572,1.181803,0.000746,0.000298,2.320255,0.000363,0.594601,0.002485,0.586171,0.000000,0.000000,0.000000,0,0,0.000000,0.000000,0.000000,0.000000,0.000000,0.000000,0.000000,0.000000,0.000000,0.000000,0.000000,0.000000,0.000000,0.000000,0,0,0,0,0,0.000000,0.000000,0.000000,0.000000,0.000000,0.000000,0.000000,0.000000,0,0,0,0,0
910,2,17.590471,0.088413,0.000000,0.000197,0.456387,2.245755,2.234677,0.121362,0.005731,10.842994,4.884728,1.237888,1.183662,0.000712,0.000305,1.882999,0.000329,0.599932,0.002397,0.643524,0.000000,0.000000,0.000000,0,0,0.000000,0.000000,0.000000,0.000000,0.000000,0.000000,0.000000,0.000000,0.000000,0.000000,0.000000,0.000000,0.000000,0.000000,0,0,0,0,0,0.000000,0.000000,0.000000,0.000000,0.000000,0.000000,0.000000,0.000000,0,0,0,0,0
911,2,18.097171,0.003899,0.000000,0.000190,0.483453,2.275940,2.265011,0.083235,0.005669,10.941098,4.935252,1.273749,1.217611,0.000726,0.000298,2.334334,0.000349,0.585812,0.002547,0.595117,0.000000,0.000000,0.000000,0,0,0.000000,0.000000,0.000000,0.000000,0.000000,0.000000,0.000000,0.000000,0.000000,0.000000,0.000000,0.000000,0.000000,0.000000,0,0,0,0,0,0.000000,0.000000,0.000000,0.000000,0.000000,0.000000,0.000000,0.000000,0,0,0,0,0
912,2,18.420854,0.423435,0.000000,0.000190,0.528510,2.292426,2.281287,0.121606,0.005629,10.816688,4.910526,1.239909,1.185974,0.000692,0.000305,2.297041,0.000431,0.585954,0.002418,0.588511,0.000000,0.000000,0.000000,0,0,0.000000,0.000000,0.000000,0.000000,0.000000,0.000000,0.000000,0.000000,0.000000,0.000000,0.000000,0.000000,0.000000,0.000000,0,0,0,0,0,0.000000,0.000000,0.000000,0.000000,0.000000,0.000000,0.000000,0.000000,0,0,0,0,0
913,2,18.132850,0.334418,0.000000,0.000163,0.511692,2.287557,2.276608,0.083886,0.005656,11.010067,5.043376,1.245714,1.190816,0.000658,0.000305,1.920624,0.000349,0.623613,0.002404,0.632701,0.000000,0.000000,0.000000,0,0,0.000000,0.000000,0.000000,0.000000,0.000000,0.000000,0.000000,0.000000,0.000000,0.000000,0.000000,0.000000,0.000000,0.000000,0,0,0,0,0,0.000000,0.000000,0.000000,0.000000,0.000000,0.000000,0.000000,0.000000,0,0,0,0,0
914,2,17.964047,0.419874,0.000000,0.000190,0.497145,2.257141,2.246009,0.084863,0.005636,10.827226,4.806736,1.216573,1.163208,0.000868,0.000332,1.956960,0.000376,0.589386,0.002445,0.606632,0.000000,0.000000,0.000000,0,0,0.000000,0.000000,0.000000,0.000000,0.000000,0.000000,0.000000,0.000000,0.000000,0.000000,0.000000,0.000000,0.000000,0.000000,0,0,0,0,0,0.000000,0.000000,0.000000,0.000000,0.000000,0.000000,0.000000,0.000000,0,0,0,0,0
915,2,17.969723,0.337043,0.000000,0.000163,0.569350,2.234741,2.223616,0.082801,0.007562,10.877947,4.785326,1.228739,1.174547,0.000692,0.000305,1.887705,0.000349,0.597721,0.002384,0.586863,0.000000,0.000000,0.000000,0,0,0.000000,0.000000,0.000000,0.000000,0.000000,0.000000,0.000000,0.000000,0.000000,0.000000,0.000000,0.000000,0.000000,0.000000,0,0,0,0,0,0.000000,0.000000,0.000000,0.000000,0.000000,0.000000,0.000000,0.000000,0,0,0,0,0
916,2,17.978756,0.451552,0.000000,0.000190,0.510973,2.254808,2.243710,0.122623,0.005690,10.840105,4.868384,1.228577,1.175578,0.000766,0.000298,1.852848,0.000383,0.602590,0.002424,0.664480,0.000000,0.000000,0.000000,0,0,0.000000,0.000000,0.000000,0.000000,0.000000,0.000000,0.000000,0.000000,0.000000,0.000000,0.000000,0.000000,0.000000,0.000000,0,0,0,0,0,0.000000,0.000000,0.000000,0.000000,0.000000,0.000000,0.000000,0.000000,0,0,0,0,0
917,2,18.206926,0.334134,0.000000,0.000163,0.508755,2.261054,2.249956,0.086124,0.005588,10.788774,4.778720,1.227478,1.173937,0.000746,0.000298,2.300520,0.000349,0.584958,0.002424,0.597680,0.000000,0.000000,0.000000,0,0,0.000000,0.000000,0.000000,0.000000,0.000000,0.000000,0.000000,0.000000,0.000000,0.000000,0.000000,0.000000,0.000000,0.000000,0,0,0,0,0,0.000000,0.000000,0.000000,0.000000,0.000000,0.000000,0.000000,0.000000,0,0,0,0,0
918,2,17.490272,0.088596,0.000000,0.000285,0.451992,2.280911,2.269786,0.082258,0.005690,10.749854,4.964098,1.240777,1.186408,0.000692,0.000427,1.884552,0.000349,0.596310,0.002384,0.647959,0.000000,0.000000,0.000000,0,0,0.000000,0.000000,0.000000,0.000000,0.000000,0.000000,0.000000,0.000000,0.000000,0.000000,0.000000,0.000000,0.000000,0.000000,0,0,0,0,0,0.000000,0.000000,0.000000,0.000000,0.000000,0.000000,0.000000,0.000000,0,0,0,0,0
919,2,18.495134,0.331468,0.000000,0.000197,0.462796,2.281481,2.270464,0.084273,0.005608,10.933753,4.825104,1.274095,1.218262,0.000692,0.000305,2.396115,0.000349,0.615841,0.002608,0.588850,0.000000,0.000000,0.000000,0,0,0.000000,0.000000,0.000000,0.000000,0.000000,0.000000,0.000000,0.000000,0.000000,0.000000,0.000000,0.000000,0.000000,0.000000,0,0,0,0,0,0.000000,0.000000,0.000000,0.000000,0.000000,0.000000,0.000000,0.000000,0,0,0,0,0
920,2,17.967241,0.422987,0.000000,0.000197,0.540622,2.311666,2.300479,0.086714,0.005629,10.777232,4.920807,1.239665,1.185228,0.000712,0.000305,1.875132,0.000390,0.598406,0.002445,0.630686,0.000000,0.000000,0.000000,0,0,0.000000,0.000000,0.000000,0.000000,0.000000,0.000000,0.000000,0.000000,0.000000,0.000000,0.000000,0.000000,0.000000,0.000000,0,0,0,0,0,0.000000,0.000000,0.000000,0.000000,0.000000,0.000000,0.000000,0.000000,0,0,0,0,0
921,2,18.578922,0.336453,0.000000,0.000163,0.507195,2.296326,2.285295,0.083194,0.005690,11.052690,4.986426,1.255412,1.198581,0.000922,0.000441,2.331607,0.000349,0.600176,0.002404,0.632619,0.000000,0.000000,0.000000,0,0,0.000000,0.000000,0.000000,0.000000,0.000000,0.000000,0.000000,0.000000,0.000000,0.000000,0.000000,0.000000,0.000000,0.000000,0,0,0,0,0,0.000000,0.000000,0.000000,0.000000,0.000000,0.000000,0.000000,0.000000,0,0,0,0,0
922,2,18.064836,0.414856,0.000000,0.000190,0.505561,2.263604,2.252397,0.084354,0.005656,10.931407,5.003157,1.237257,1.182929,0.000746,0.000298,1.925663,0.000329,0.586605,0.002424,0.600576,0.000000,0.000000,0.000000,0,0,0.000000,0.000000,0.000000,0.000000,0.000000,0.000000,0.000000,0.000000,0.000000,0.000000,0.000000,0.000000,0.000000,0.000000,0,0,0,0,0,0.000000,0.000000,0.000000,0.000000,0.000000,0.000000,0.000000,0.000000,0,0,0,0,0
923,2,18.290178,0.336555,0.000000,0.000163,0.560154,2.195801,2.184709,0.082523,0.006605,10.851878,4.839749,1.230340,1.176704,0.000787,0.000298,2.291914,0.000349,0.588030,0.002465,0.583364,0.000000,0.000000,0.000000,0,0,0.000000,0.000000,0.000000,0.000000,0.000000,0.000000,0.000000,0.000000,0.000000,0.000000,0.000000,0.000000,0.000000,0.000000,0,0,0,0,0,0.000000,0.000000,0.000000,0.000000,0.000000,0.000000,0.000000,0.000000,0,0,0,0,0
924,2,18.598263,0.420688,0.000000,0.000190,0.526842,2.241401,2.230201,0.083438,0.005778,11.036699,5.020688,1.257311,1.200548,0.000963,0.000441,2.319604,0.000390,0.596697,0.002404,0.586287,0.000000,0.000000,0.000000,0,0,0.000000,0.000000,0.000000,0.000000,0.000000,0.000000,0.000000,0.000000,0.000000,0.000000,0.000000,0.000000,0.000000,0.000000,0,0,0,0,0,0.000000,0.000000,0.000000,0.000000,0.000000,0.000000,0.000000,0.000000,0,0,0,0,0
925,2,18.133833,0.004055,0.000000,0.000163,0.441718,2.279487,2.231198,0.084985,0.005595,10.947303,4.854068,1.295614,1.203664,0.000712,0.000305,2.375899,0.000329,0.589291,0.002506,0.617564,0.000000,0.000000,0.000000,0,0,0.000000,0.000000,0.000000,0.000000,0.000000,0.000000,0.000000,0.000000,0.000000,0.000000,0.000000,0.000000,0.000000,0.000000,0,0,0,0,0,0.000000,0.000000,0.000000,0.000000,0.000000,0.000000,0.000000,0.000000,0,0,0,0,0
926,2,18.031253,0.424011,0.000000,0.000190,0.534743,2.267680,2.256527,0.123254,0.005669,10.834368,4.927534,1.237196,1.182888,0.000712,0.000305,1.895755,0.000329,0.599362,0.002404,0.632965,0.000000,0.000000,0.000000,0,0,0.000000,0.000000,0.000000,0.000000,0.000000,0.000000,0.000000,0.000000,0.000000,0.000000,0.000000,0.000000,0.000000,0.000000,0,0,0,0,0,0.000000,0.000000,0.000000,0.000000,0.000000,0.000000,0.000000,0.000000,0,0,0,0,0
927,2,18.084429,0.298774,0.000000,0.000163,0.513767,2.282817,2.271671,0.084700,0.005669,11.011980,4.952196,1.237732,1.183519,0.000712,0.000305,1.932322,0.000349,0.607480,0.002465,0.582611,0.000000,0.000000,0.000000,0,0,0.000000,0.000000,0.000000,0.000000,0.000000,0.000000,0.000000,0.000000,0.000000,0.000000,0.000000,0.000000,0.000000,0.000000,0,0,0,0,0,0.000000,0.000000,0.000000,0.000000,0.000000,0.000000,0.000000,0.000000,0,0,0,0,0
928,2,17.899356,0.451084,0.000000,0.000190,0.501980,2.276577,2.265500,0.085697,0.005676,10.782752,4.814100,1.230957,1.176921,0.000692,0.000305,1.858938,0.000383,0.596324,0.002485,0.659047,0.000000,0.000000,0.000000,0,0,0.000000,0.000000,0.000000,0.000000,0.000000,0.000000,0.000000,0.000000,0.000000,0.000000,0.000000,0.000000,0.000000,0.000000,0,0,0,0,0,0.000000,0.000000,0.000000,0.000000,0.000000,0.000000,0.000000,0.000000,0,0,0,0,0
929,2,19.132056,0.299527,0.000000,0.000163,0.515591,2.306383,2.295176,1.942847,0.010922,5.781969,4.843435,2.032016,0.987783,0.000692,0.000448,1.911814,0.000390,0.588925,0.002519,0.584964,0.000000,0.000000,0.000000,0,0,0.000000,0.000000,0.000000,0.000000,0.000000,0.000000,0.000000,0.000000,0.000000,0.000000,0.000000,0.000000,0.000000,0.000000,0,0,0,0,0,0.000000,0.000000,0.000000,0.000000,0.000000,0.000000,0.000000,0.000000,0,0,0,0,0
930,2,18.349430,0.385274,0.000000,0.000190,0.505866,2.281806,2.270626,0.086439,0.005615,10.806454,4.814060,1.235128,1.152432,0.000712,0.000346,2.309255,0.000349,0.618120,0.002424,0.627268,0.000000,0.000000,0.000000,0,0,0.000000,0.000000,0.000000,0.000000,0.000000,0.000000,0.000000,0.000000,0.000000,0.000000,0.000000,0.000000,0.000000,0.000000,0,0,0,0,0,0.000000,0.000000,0.000000,0.000000,0.000000,0.000000,0.000000,0.000000,0,0,0,0,0
931,2,18.209408,0.344672,0.000000,0.000285,0.508416,2.254361,2.243215,1.892392,0.010712,5.667948,4.798448,1.222663,1.127509,0.000712,0.000305,1.900543,0.000444,0.625702,0.002424,0.626814,0.000000,0.000000,0.000000,0,0,0.000000,0.000000,0.000000,0.000000,0.000000,0.000000,0.000000,0.000000,0.000000,0.000000,0.000000,0.000000,0.000000,0.000000,0,0,0,0,0,0.000000,0.000000,0.000000,0.000000,0.000000,0.000000,0.000000,0.000000,0,0,0,0,0
932,2,18.510156,0.417786,0.000000,0.000190,0.527900,2.265672,2.254615,0.083842,0.005690,10.924164,4.949476,1.236769,1.182841,0.000766,0.000298,2.345422,0.000329,0.587053,0.002485,0.587507,0.000000,0.000000,0.000000,0,0,0.000000,0.000000,0.000000,0.000000,0.000000,0.000000,0.000000,0.000000,0.000000,0.000000,0.000000,0.000000,0.000000,0.000000,0,0,0,0,0,0.000000,0.000000,0.000000,0.000000,0.000000,0.000000,0.000000,0.000000,0,0,0,0,0
933,2,18.324215,0.299567,0.000000,0.000163,0.508843,2.246480,2.235369,1.988868,0.010434,5.813477,4.868547,1.246901,1.191020,0.000692,0.000305,1.863413,0.000329,0.616126,0.002384,0.630971,0.000000,0.000000,0.000000,0,0,0.000000,0.000000,0.000000,0.000000,0.000000,0.000000,0.000000,0.000000,0.000000,0.000000,0.000000,0.000000,0.000000,0.000000,0,0,0,0,0,0.000000,0.000000,0.000000,0.000000,0.000000,0.000000,0.000000,0.000000,0,0,0,0,0
934,2,17.985023,0.449822,0.000000,0.000244,0.500719,2.243659,2.232480,0.083774,0.006348,10.845252,4.934207,1.238926,1.184835,0.000793,0.000332,1.866255,0.000349,0.596208,0.002526,0.632429,0.000000,0.000000,0.000000,0,0,0.000000,0.000000,0.000000,0.000000,0.000000,0.000000,0.000000,0.000000,0.000000,0.000000,0.000000,0.000000,0.000000,0.000000,0,0,0,0,0,0.000000,0.000000,0.000000,0.000000,0.000000,0.000000,0.000000,0.000000,0,0,0,0,0
935,2,18.476478,0.003866,0.000000,0.000163,0.441637,2.297065,2.285885,1.970822,0.010495,5.804220,4.926849,1.229465,1.175605,0.000692,0.000305,2.349667,0.000465,0.587087,0.002506,0.585948,0.000000,0.000000,0.000000,0,0,0.000000,0.000000,0.000000,0.000000,0.000000,0.000000,0.000000,0.000000,0.000000,0.000000,0.000000,0.000000,0.000000,0.000000,0,0,0,0,0,0.000000,0.000000,0.000000,0.000000,0.000000,0.000000,0.000000,0.000000,0,0,0,0,0
936,2,18.167660,0.088779,0.000000,0.000190,0.442763,2.280396,2.269304,0.084079,0.005690,10.944841,4.943512,1.237935,1.184075,0.000692,0.000305,2.370568,0.000390,0.596798,0.002391,0.585107,0.000000,0.000000,0.000000,0,0,0.000000,0.000000,0.000000,0.000000,0.000000,0.000000,0.000000,0.000000,0.000000,0.000000,0.000000,0.000000,0.000000,0.000000,0,0,0,0,0,0.000000,0.000000,0.000000,0.000000,0.000000,0.000000,0.000000,0.000000,0,0,0,0,0
937,2,18.000871,0.003947,0.000000,0.000163,0.492181,2.210592,2.199419,1.994381,0.048713,5.761827,4.809564,1.243198,1.187826,0.000726,0.000298,1.894501,0.000390,0.587948,0.002540,0.586653,0.000000,0.000000,0.000000,0,0,0.000000,0.000000,0.000000,0.000000,0.000000,0.000000,0.000000,0.000000,0.000000,0.000000,0.000000,0.000000,0.000000,0.000000,0,0,0,0,0,0.000000,0.000000,0.000000,0.000000,0.000000,0.000000,0.000000,0.000000,0,0,0,0,0
938,2,18.515377,0.417725,0.000000,0.000190,0.506253,2.288907,2.244503,0.083354,0.005608,10.923845,5.072096,1.238464,1.183702,0.000746,0.000298,2.349138,0.000349,0.585690,0.002424,0.588118,0.000000,0.000000,0.000000,0,0,0.000000,0.000000,0.000000,0.000000,0.000000,0.000000,0.000000,0.000000,0.000000,0.000000,0.000000,0.000000,0.000000,0.000000,0,0,0,0,0,0.000000,0.000000,0.000000,0.000000,0.000000,0.000000,0.000000,0.000000,0,0,0,0,0
939,2,18.763099,0.299730,0.000000,0.000163,0.507982,2.241218,2.230119,1.969608,0.010759,5.797546,4.883230,1.257114,1.201172,0.000692,0.000305,2.351003,0.000404,0.587250,0.002547,0.585676,0.000000,0.000000,0.000000,0,0,0.000000,0.000000,0.000000,0.000000,0.000000,0.000000,0.000000,0.000000,0.000000,0.000000,0.000000,0.000000,0.000000,0.000000,0,0,0,0,0,0.000000,0.000000,0.000000,0.000000,0.000000,0.000000,0.000000,0.000000,0,0,0,0,0
940,2,18.089128,0.445414,0.000000,0.000190,0.528205,2.196174,2.185157,0.083130,0.005656,10.993669,4.886532,1.236871,1.182746,0.000692,0.000305,1.888804,0.000329,0.594459,0.002404,0.632307,0.000000,0.000000,0.000000,0,0,0.000000,0.000000,0.000000,0.000000,0.000000,0.000000,0.000000,0.000000,0.000000,0.000000,0.000000,0.000000,0.000000,0.000000,0,0,0,0,0,0.000000,0.000000,0.000000,0.000000,0.000000,0.000000,0.000000,0.000000,0,0,0,0,0
941,2,18.280311,0.336656,0.000000,0.000163,0.500312,2.269396,2.258216,1.909502,0.010217,5.719889,4.841855,1.222439,1.139411,0.000712,0.000305,1.910451,0.000329,0.654395,0.002547,0.583296,0.000000,0.000000,0.000000,0,0,0.000000,0.000000,0.000000,0.000000,0.000000,0.000000,0.000000,0.000000,0.000000,0.000000,0.000000,0.000000,0.000000,0.000000,0,0,0,0,0,0.000000,0.000000,0.000000,0.000000,0.000000,0.000000,0.000000,0.000000,0,0,0,0,0
942,2,17.913123,0.422682,0.000000,0.000190,0.509596,2.248454,2.237301,0.123345,0.005758,10.795102,4.899092,1.236403,1.182156,0.000746,0.000298,1.860213,0.000349,0.596595,0.002424,0.655629,0.000000,0.000000,0.000000,0,0,0.000000,0.000000,0.000000,0.000000,0.000000,0.000000,0.000000,0.000000,0.000000,0.000000,0.000000,0.000000,0.000000,0.000000,0,0,0,0,0,0.000000,0.000000,0.000000,0.000000,0.000000,0.000000,0.000000,0.000000,0,0,0,0,0
943,2,18.251529,0.334452,0.000000,0.000163,0.531833,2.289062,2.278120,1.900062,0.010176,5.672858,4.836005,1.229180,1.174683,0.000746,0.000298,1.906762,0.000349,0.626136,0.002424,0.613983,0.000000,0.000000,0.000000,0,0,0.000000,0.000000,0.000000,0.000000,0.000000,0.000000,0.000000,0.000000,0.000000,0.000000,0.000000,0.000000,0.000000,0.000000,0,0,0,0,0,0.000000,0.000000,0.000000,0.000000,0.000000,0.000000,0.000000,0.000000,0,0,0,0,0
944,2,20.123756,0.420736,0.000000,0.000190,0.508253,2.306030,2.263492,1.976413,0.010617,5.859158,4.948839,1.230930,1.176005,0.000712,0.000346,2.378265,0.000349,0.587887,0.002465,0.588911,0.000000,0.000000,0.000000,0,0,0.000000,0.000000,0.000000,0.000000,0.000000,0.000000,0.000000,0.000000,0.000000,0.000000,0.000000,0.000000,0.000000,0.000000,0,0,0,0,0,0.000000,0.000000,0.000000,0.000000,0.000000,0.000000,0.000000,0.000000,0,0,0,0,0
945,2,18.484616,0.336222,0.000000,0.000190,0.499993,2.263000,2.251685,2.003272,0.010624,5.835232,4.808539,1.228794,1.174418,0.000746,0.000298,1.906559,0.000349,0.616784,0.002445,0.630931,0.000000,0.000000,0.000000,0,0,0.000000,0.000000,0.000000,0.000000,0.000000,0.000000,0.000000,0.000000,0.000000,0.000000,0.000000,0.000000,0.000000,0.000000,0,0,0,0,0,0.000000,0.000000,0.000000,0.000000,0.000000,0.000000,0.000000,0.000000,0,0,0,0,0
946,2,18.683773,0.443705,0.000000,0.000190,0.511746,2.270250,2.259213,1.898129,0.010895,5.670844,4.763401,1.227390,1.142904,0.000793,0.000305,2.299143,0.000349,0.597816,0.002452,0.655643,0.000000,0.000000,0.000000,0,0,0.000000,0.000000,0.000000,0.000000,0.000000,0.000000,0.000000,0.000000,0.000000,0.000000,0.000000,0.000000,0.000000,0.000000,0,0,0,0,0,0.000000,0.000000,0.000000,0.000000,0.000000,0.000000,0.000000,0.000000,0,0,0,0,0
947,2,18.334734,0.300096,0.000000,0.000163,0.510179,2.315070,2.303721,1.933936,0.010495,5.757874,4.845805,1.229628,1.175659,0.000712,0.000305,1.896162,0.000349,0.595829,0.002363,0.586205,0.000000,0.000000,0.000000,0,0,0.000000,0.000000,0.000000,0.000000,0.000000,0.000000,0.000000,0.000000,0.000000,0.000000,0.000000,0.000000,0.000000,0.000000,0,0,0,0,0,0.000000,0.000000,0.000000,0.000000,0.000000,0.000000,0.000000,0.000000,0,0,0,0,0
948,2,18.949887,0.421014,0.000000,0.000190,0.528958,2.214871,2.203508,1.969825,0.010685,5.790025,4.880225,1.262641,1.171231,0.000712,0.000305,2.416331,0.000363,0.587012,0.002506,0.588959,0.000000,0.000000,0.000000,0,0,0.000000,0.000000,0.000000,0.000000,0.000000,0.000000,0.000000,0.000000,0.000000,0.000000,0.000000,0.000000,0.000000,0.000000,0,0,0,0,0,0.000000,0.000000,0.000000,0.000000,0.000000,0.000000,0.000000,0.000000,0,0,0,0,0
949,2,18.252282,0.004137,0.000000,0.000163,0.411736,2.320435,2.309370,1.902361,0.048075,5.703905,4.789337,1.224521,1.170417,0.000746,0.000298,2.308353,0.000349,0.595727,0.002404,0.788049,0.000000,0.000000,0.000000,0,0,0.000000,0.000000,0.000000,0.000000,0.000000,0.000000,0.000000,0.000000,0.000000,0.000000,0.000000,0.000000,0.000000,0.000000,0,0,0,0,0,0.000000,0.000000,0.000000,0.000000,0.000000,0.000000,0.000000,0.000000,0,0,0,0,0
950,2,18.038184,0.088047,0.000000,0.000190,0.452582,2.272447,2.261288,1.957821,0.010881,5.778727,4.867188,1.230828,1.177090,0.000712,0.000305,1.869395,0.000349,0.635841,0.002404,0.628625,0.000000,0.000000,0.000000,0,0,0.000000,0.000000,0.000000,0.000000,0.000000,0.000000,0.000000,0.000000,0.000000,0.000000,0.000000,0.000000,0.000000,0.000000,0,0,0,0,0,0.000000,0.000000,0.000000,0.000000,0.000000,0.000000,0.000000,0.000000,0,0,0,0,0
951,2,18.681705,0.297126,0.000000,0.000163,0.499661,2.283278,2.272227,1.906409,0.010637,5.740221,4.799950,1.226956,1.173096,0.000712,0.000305,2.333282,0.000349,0.642290,0.002445,0.584659,0.000000,0.000000,0.000000,0,0,0.000000,0.000000,0.000000,0.000000,0.000000,0.000000,0.000000,0.000000,0.000000,0.000000,0.000000,0.000000,0.000000,0.000000,0,0,0,0,0,0.000000,0.000000,0.000000,0.000000,0.000000,0.000000,0.000000,0.000000,0,0,0,0,0
952,2,18.847673,0.423537,0.000000,0.000190,0.544176,2.263272,2.252133,1.950497,0.010630,5.731120,4.858443,1.229953,1.176337,0.000814,0.000305,2.301666,0.000349,0.586239,0.002465,0.628442,0.000000,0.000000,0.000000,0,0,0.000000,0.000000,0.000000,0.000000,0.000000,0.000000,0.000000,0.000000,0.000000,0.000000,0.000000,0.000000,0.000000,0.000000,0,0,0,0,0,0.000000,0.000000,0.000000,0.000000,0.000000,0.000000,0.000000,0.000000,0,0,0,0,0
953,2,18.468787,0.332499,0.000000,0.000163,0.502658,2.304104,2.292803,1.953895,0.010942,5.752326,4.765513,1.275282,1.218675,0.000712,0.000305,1.957733,0.000471,0.587663,0.002485,0.587901,0.000000,0.000000,0.000000,0,0,0.000000,0.000000,0.000000,0.000000,0.000000,0.000000,0.000000,0.000000,0.000000,0.000000,0.000000,0.000000,0.000000,0.000000,0,0,0,0,0,0.000000,0.000000,0.000000,0.000000,0.000000,0.000000,0.000000,0.000000,0,0,0,0,0
954,2,18.499393,0.419739,0.000000,0.000190,0.538439,2.277066,2.265845,1.936744,0.010657,5.794515,4.846436,1.230130,1.175700,0.000712,0.000305,1.910858,0.000349,0.586341,0.002465,0.632124,0.000000,0.000000,0.000000,0,0,0.000000,0.000000,0.000000,0.000000,0.000000,0.000000,0.000000,0.000000,0.000000,0.000000,0.000000,0.000000,0.000000,0.000000,0,0,0,0,0,0.000000,0.000000,0.000000,0.000000,0.000000,0.000000,0.000000,0.000000,0,0,0,0,0
955,2,18.251055,0.337979,0.000000,0.000163,0.562046,2.230387,2.219337,1.908037,0.010427,5.693746,4.822255,1.221842,1.136064,0.000753,0.000305,1.988963,0.000404,0.589956,0.002587,0.581370,0.000000,0.000000,0.000000,0,0,0.000000,0.000000,0.000000,0.000000,0.000000,0.000000,0.000000,0.000000,0.000000,0.000000,0.000000,0.000000,0.000000,0.000000,0,0,0,0,0,0.000000,0.000000,0.000000,0.000000,0.000000,0.000000,0.000000,0.000000,0,0,0,0,0
956,2,18.501278,0.421183,0.000000,0.000244,0.507948,2.297974,2.286984,1.944272,0.010678,5.718248,4.712250,1.236688,1.142504,0.000692,0.000305,1.996565,0.000363,0.588009,0.002465,0.589467,0.000000,0.000000,0.000000,0,0,0.000000,0.000000,0.000000,0.000000,0.000000,0.000000,0.000000,0.000000,0.000000,0.000000,0.000000,0.000000,0.000000,0.000000,0,0,0,0,0,0.000000,0.000000,0.000000,0.000000,0.000000,0.000000,0.000000,0.000000,0,0,0,0,0
957,2,18.860714,0.328457,0.000000,0.000163,0.504795,2.261780,2.250634,1.978492,0.010434,5.760362,4.848874,1.256422,1.202169,0.000902,0.000441,2.330529,0.000349,0.627479,0.002567,0.584212,0.000000,0.000000,0.000000,0,0,0.000000,0.000000,0.000000,0.000000,0.000000,0.000000,0.000000,0.000000,0.000000,0.000000,0.000000,0.000000,0.000000,0.000000,0,0,0,0,0,0.000000,0.000000,0.000000,0.000000,0.000000,0.000000,0.000000,0.000000,0,0,0,0,0
958,2,18.295122,0.418959,0.000000,0.000190,0.566271,2.210843,2.199663,1.907325,0.010379,5.639798,4.765367,1.224074,1.170593,0.000746,0.000298,1.947432,0.000349,0.626868,0.002404,0.583093,0.000000,0.000000,0.000000,0,0,0.000000,0.000000,0.000000,0.000000,0.000000,0.000000,0.000000,0.000000,0.000000,0.000000,0.000000,0.000000,0.000000,0.000000,0,0,0,0,0,0.000000,0.000000,0.000000,0.000000,0.000000,0.000000,0.000000,0.000000,0,0,0,0,0
959,2,18.685035,0.297797,0.000000,0.000163,0.504808,2.320136,2.309079,1.948564,0.010454,5.727254,4.856835,1.240085,1.185859,0.000712,0.000305,2.346466,0.000349,0.584368,0.002587,0.672760,0.000000,0.000000,0.000000,0,0,0.000000,0.000000,0.000000,0.000000,0.000000,0.000000,0.000000,0.000000,0.000000,0.000000,0.000000,0.000000,0.000000,0.000000,0,0,0,0,0,0.000000,0.000000,0.000000,0.000000,0.000000,0.000000,0.000000,0.000000,0,0,0,0,0
