# Generated by TyraX. Do not edit - rebaked from the procedural graph of 'pines'.
# 42 instances of res/models/pine.obj
mtllib props.mtl
v 49.4868 13.6426 15.1533
v 49.4755 13.6420 15.0098
v 49.3716 14.4789 15.0144
v 49.4868 13.6426 15.1533
v 49.3716 14.4789 15.0144
v 49.3829 14.4795 15.1580
v 49.4755 13.6420 15.0098
v 49.6179 13.6598 14.9984
v 49.5140 14.4966 15.0031
v 49.4755 13.6420 15.0098
v 49.5140 14.4966 15.0031
v 49.3716 14.4789 15.0144
v 49.6179 13.6598 14.9984
v 49.6292 13.6604 15.1419
v 49.5253 14.4972 15.1466
v 49.6179 13.6598 14.9984
v 49.5253 14.4972 15.1466
v 49.5140 14.4966 15.0031
v 49.6292 13.6604 15.1419
v 49.4868 13.6426 15.1533
v 49.3829 14.4795 15.1580
v 49.6292 13.6604 15.1419
v 49.3829 14.4795 15.1580
v 49.5253 14.4972 15.1466
v 33.5626 16.4407 -46.5481
v 33.7397 16.4442 -46.7077
v 33.6750 17.8392 -46.7482
v 33.5626 16.4407 -46.5481
v 33.6750 17.8392 -46.7482
v 33.4979 17.8356 -46.5885
v 33.7397 16.4442 -46.7077
v 33.8990 16.4568 -46.5307
v 33.8343 17.8517 -46.5711
v 33.7397 16.4442 -46.7077
v 33.8343 17.8517 -46.5711
v 33.6750 17.8392 -46.7482
v 33.8990 16.4568 -46.5307
v 33.7219 16.4532 -46.3711
v 33.6572 17.8482 -46.4115
v 33.8990 16.4568 -46.5307
v 33.6572 17.8482 -46.4115
v 33.8343 17.8517 -46.5711
v 33.7219 16.4532 -46.3711
v 33.5626 16.4407 -46.5481
v 33.4979 17.8356 -46.5885
v 33.7219 16.4532 -46.3711
v 33.4979 17.8356 -46.5885
v 33.6572 17.8482 -46.4115
v 45.4879 15.9080 -42.8481
v 45.5546 15.9143 -42.6926
v 45.5292 16.9054 -42.7219
v 45.4879 15.9080 -42.8481
v 45.5292 16.9054 -42.7219
v 45.4625 16.8990 -42.8774
v 45.5546 15.9143 -42.6926
v 45.3991 15.9123 -42.6258
v 45.3737 16.9033 -42.6551
v 45.5546 15.9143 -42.6926
v 45.3737 16.9033 -42.6551
v 45.5292 16.9054 -42.7219
v 45.3991 15.9123 -42.6258
v 45.3324 15.9060 -42.7813
v 45.3070 16.8970 -42.8106
v 45.3991 15.9123 -42.6258
v 45.3070 16.8970 -42.8106
v 45.3737 16.9033 -42.6551
v 45.3324 15.9060 -42.7813
v 45.4879 15.9080 -42.8481
v 45.4625 16.8990 -42.8774
v 45.3324 15.9060 -42.7813
v 45.4625 16.8990 -42.8774
v 45.3070 16.8970 -42.8106
v 25.8845 15.9109 -4.5052
v 25.6830 15.9289 -4.5101
v 25.7858 17.1062 -4.4180
v 25.8845 15.9109 -4.5052
v 25.7858 17.1062 -4.4180
v 25.9873 17.0883 -4.4131
v 25.6830 15.9289 -4.5101
v 25.6893 15.9441 -4.7118
v 25.7921 17.1215 -4.6197
v 25.6830 15.9289 -4.5101
v 25.7921 17.1215 -4.6197
v 25.7858 17.1062 -4.4180
v 25.6893 15.9441 -4.7118
v 25.8908 15.9261 -4.7069
v 25.9935 17.1035 -4.6148
v 25.6893 15.9441 -4.7118
v 25.9935 17.1035 -4.6148
v 25.7921 17.1215 -4.6197
v 25.8908 15.9261 -4.7069
v 25.8845 15.9109 -4.5052
v 25.9873 17.0883 -4.4131
v 25.8908 15.9261 -4.7069
v 25.9873 17.0883 -4.4131
v 25.9935 17.1035 -4.6148
v 0.4872 17.7592 12.2710
v 0.7670 17.7849 12.2315
v 0.6106 19.4394 12.1971
v 0.4872 17.7592 12.2710
v 0.6106 19.4394 12.1971
v 0.3308 19.4138 12.2366
v 0.7670 17.7849 12.2315
v 0.8058 17.7944 12.5124
v 0.6494 19.4489 12.4780
v 0.7670 17.7849 12.2315
v 0.6494 19.4489 12.4780
v 0.6106 19.4394 12.1971
v 0.8058 17.7944 12.5124
v 0.5260 17.7687 12.5519
v 0.3696 19.4233 12.5175
v 0.8058 17.7944 12.5124
v 0.3696 19.4233 12.5175
v 0.6494 19.4489 12.4780
v 0.5260 17.7687 12.5519
v 0.4872 17.7592 12.2710
v 0.3308 19.4138 12.2366
v 0.5260 17.7687 12.5519
v 0.3308 19.4138 12.2366
v 0.3696 19.4233 12.5175
v 51.3998 15.9010 -50.5070
v 51.1408 15.9060 -50.6402
v 51.1390 17.6115 -50.5730
v 51.3998 15.9010 -50.5070
v 51.1390 17.6115 -50.5730
v 51.3981 17.6065 -50.4398
v 51.1408 15.9060 -50.6402
v 51.2740 15.9163 -50.8990
v 51.2723 17.6219 -50.8318
v 51.1408 15.9060 -50.6402
v 51.2723 17.6219 -50.8318
v 51.1390 17.6115 -50.5730
v 51.2740 15.9163 -50.8990
v 51.5331 15.9113 -50.7658
v 51.5314 17.6169 -50.6986
v 51.2740 15.9163 -50.8990
v 51.5314 17.6169 -50.6986
v 51.2723 17.6219 -50.8318
v 51.5331 15.9113 -50.7658
v 51.3998 15.9010 -50.5070
v 51.3981 17.6065 -50.4398
v 51.5331 15.9113 -50.7658
v 51.3981 17.6065 -50.4398
v 51.5314 17.6169 -50.6986
v 15.4468 16.1959 9.0878
v 15.6640 16.1908 9.2042
v 15.6729 17.6346 9.2504
v 15.4468 16.1959 9.0878
v 15.6729 17.6346 9.2504
v 15.4556 17.6396 9.1340
v 15.6640 16.1908 9.2042
v 15.5475 16.1846 9.4214
v 15.5563 17.6283 9.4676
v 15.6640 16.1908 9.2042
v 15.5563 17.6283 9.4676
v 15.6729 17.6346 9.2504
v 15.5475 16.1846 9.4214
v 15.3302 16.1896 9.3050
v 15.3390 17.6334 9.3512
v 15.5475 16.1846 9.4214
v 15.3390 17.6334 9.3512
v 15.5563 17.6283 9.4676
v 15.3302 16.1896 9.3050
v 15.4468 16.1959 9.0878
v 15.4556 17.6396 9.1340
v 15.3302 16.1896 9.3050
v 15.4556 17.6396 9.1340
v 15.3390 17.6334 9.3512
v 47.1313 13.9702 -2.1151
v 47.4196 13.9800 -2.0358
v 47.3694 15.7313 -2.0683
v 47.1313 13.9702 -2.1151
v 47.3694 15.7313 -2.0683
v 47.0811 15.7216 -2.1475
v 47.4196 13.9800 -2.0358
v 47.3403 13.9831 -1.7474
v 47.2900 15.7344 -1.7799
v 47.4196 13.9800 -2.0358
v 47.2900 15.7344 -1.7799
v 47.3694 15.7313 -2.0683
v 47.3403 13.9831 -1.7474
v 47.0520 13.9733 -1.8267
v 47.0018 15.7247 -1.8591
v 47.3403 13.9831 -1.7474
v 47.0018 15.7247 -1.8591
v 47.2900 15.7344 -1.7799
v 47.0520 13.9733 -1.8267
v 47.1313 13.9702 -2.1151
v 47.0811 15.7216 -2.1475
v 47.0520 13.9733 -1.8267
v 47.0811 15.7216 -2.1475
v 47.0018 15.7247 -1.8591
v -37.3135 20.2507 -42.1653
v -37.2317 20.2477 -42.4379
v -37.0847 21.9088 -42.4124
v -37.3135 20.2507 -42.1653
v -37.0847 21.9088 -42.4124
v -37.1665 21.9118 -42.1397
v -37.2317 20.2477 -42.4379
v -36.9601 20.2224 -42.3561
v -36.8131 21.8835 -42.3306
v -37.2317 20.2477 -42.4379
v -36.8131 21.8835 -42.3306
v -37.0847 21.9088 -42.4124
v -36.9601 20.2224 -42.3561
v -37.0420 20.2254 -42.0835
v -36.8950 21.8865 -42.0580
v -36.9601 20.2224 -42.3561
v -36.8950 21.8865 -42.0580
v -36.8131 21.8835 -42.3306
v -37.0420 20.2254 -42.0835
v -37.3135 20.2507 -42.1653
v -37.1665 21.9118 -42.1397
v -37.0420 20.2254 -42.0835
v -37.1665 21.9118 -42.1397
v -36.8950 21.8865 -42.0580
v 17.4499 16.8415 -7.8060
v 17.2458 16.8342 -7.7267
v 17.2096 18.1171 -7.7019
v 17.4499 16.8415 -7.8060
v 17.2096 18.1171 -7.7019
v 17.4138 18.1244 -7.7811
v 17.2458 16.8342 -7.7267
v 17.1665 16.8359 -7.9310
v 17.1303 18.1188 -7.9061
v 17.2458 16.8342 -7.7267
v 17.1303 18.1188 -7.9061
v 17.2096 18.1171 -7.7019
v 17.1665 16.8359 -7.9310
v 17.3706 16.8432 -8.0102
v 17.3344 18.1261 -7.9854
v 17.1665 16.8359 -7.9310
v 17.3344 18.1261 -7.9854
v 17.1303 18.1188 -7.9061
v 17.3706 16.8432 -8.0102
v 17.4499 16.8415 -7.8060
v 17.4138 18.1244 -7.7811
v 17.3706 16.8432 -8.0102
v 17.4138 18.1244 -7.7811
v 17.3344 18.1261 -7.9854
v -41.6832 20.3314 -50.0160
v -41.4588 20.3207 -49.9488
v -41.3751 21.6907 -50.0087
v -41.6832 20.3314 -50.0160
v -41.3751 21.6907 -50.0087
v -41.5995 21.7015 -50.0760
v -41.4588 20.3207 -49.9488
v -41.5254 20.3346 -49.7243
v -41.4417 21.7046 -49.7843
v -41.4588 20.3207 -49.9488
v -41.4417 21.7046 -49.7843
v -41.3751 21.6907 -50.0087
v -41.5254 20.3346 -49.7243
v -41.7498 20.3453 -49.7916
v -41.6661 21.7154 -49.8516
v -41.5254 20.3346 -49.7243
v -41.6661 21.7154 -49.8516
v -41.4417 21.7046 -49.7843
v -41.7498 20.3453 -49.7916
v -41.6832 20.3314 -50.0160
v -41.5995 21.7015 -50.0760
v -41.7498 20.3453 -49.7916
v -41.5995 21.7015 -50.0760
v -41.6661 21.7154 -49.8516
v 24.9344 15.7688 0.3118
v 25.0030 15.7707 0.0865
v 25.1186 17.1449 0.1332
v 24.9344 15.7688 0.3118
v 25.1186 17.1449 0.1332
v 25.0500 17.1431 0.3585
v 25.0030 15.7707 0.0865
v 25.2274 15.7495 0.1546
v 25.3431 17.1237 0.2013
v 25.0030 15.7707 0.0865
v 25.3431 17.1237 0.2013
v 25.1186 17.1449 0.1332
v 25.2274 15.7495 0.1546
v 25.1589 15.7476 0.3799
v 25.2745 17.1219 0.4266
v 25.2274 15.7495 0.1546
v 25.2745 17.1219 0.4266
v 25.3431 17.1237 0.2013
v 25.1589 15.7476 0.3799
v 24.9344 15.7688 0.3118
v 25.0500 17.1431 0.3585
v 25.1589 15.7476 0.3799
v 25.0500 17.1431 0.3585
v 25.2745 17.1219 0.4266
v 33.9282 15.1497 -6.4521
v 33.7588 15.1421 -6.2720
v 33.7120 16.5906 -6.2555
v 33.9282 15.1497 -6.4521
v 33.7120 16.5906 -6.2555
v 33.8813 16.5982 -6.4357
v 33.7588 15.1421 -6.2720
v 33.5787 15.1382 -6.4415
v 33.5318 16.5867 -6.4251
v 33.7588 15.1421 -6.2720
v 33.5318 16.5867 -6.4251
v 33.7120 16.5906 -6.2555
v 33.5787 15.1382 -6.4415
v 33.7481 15.1458 -6.6217
v 33.7012 16.5943 -6.6052
v 33.5787 15.1382 -6.4415
v 33.7012 16.5943 -6.6052
v 33.5318 16.5867 -6.4251
v 33.7481 15.1458 -6.6217
v 33.9282 15.1497 -6.4521
v 33.8813 16.5982 -6.4357
v 33.7481 15.1458 -6.6217
v 33.8813 16.5982 -6.4357
v 33.7012 16.5943 -6.6052
v 19.0927 17.3154 -32.1076
v 19.3660 17.3396 -32.2142
v 19.2529 19.0579 -32.1140
v 19.0927 17.3154 -32.1076
v 19.2529 19.0579 -32.1140
v 18.9795 19.0337 -32.0074
v 19.3660 17.3396 -32.2142
v 19.4737 17.3308 -31.9403
v 19.3605 19.0490 -31.8401
v 19.3660 17.3396 -32.2142
v 19.3605 19.0490 -31.8401
v 19.2529 19.0579 -32.1140
v 19.4737 17.3308 -31.9403
v 19.2003 17.3065 -31.8337
v 19.0871 19.0248 -31.7334
v 19.4737 17.3308 -31.9403
v 19.0871 19.0248 -31.7334
v 19.3605 19.0490 -31.8401
v 19.2003 17.3065 -31.8337
v 19.0927 17.3154 -32.1076
v 18.9795 19.0337 -32.0074
v 19.2003 17.3065 -31.8337
v 18.9795 19.0337 -32.0074
v 19.0871 19.0248 -31.7334
v 42.3036 14.0818 1.7651
v 42.3429 14.0857 1.9400
v 42.3078 15.1352 1.9248
v 42.3036 14.0818 1.7651
v 42.3078 15.1352 1.9248
v 42.2685 15.1313 1.7499
v 42.3429 14.0857 1.9400
v 42.1681 14.0804 1.9793
v 42.1330 15.1299 1.9641
v 42.3429 14.0857 1.9400
v 42.1330 15.1299 1.9641
v 42.3078 15.1352 1.9248
v 42.1681 14.0804 1.9793
v 42.1288 14.0765 1.8045
v 42.0937 15.1260 1.7893
v 42.1681 14.0804 1.9793
v 42.0937 15.1260 1.7893
v 42.1330 15.1299 1.9641
v 42.1288 14.0765 1.8045
v 42.3036 14.0818 1.7651
v 42.2685 15.1313 1.7499
v 42.1288 14.0765 1.8045
v 42.2685 15.1313 1.7499
v 42.0937 15.1260 1.7893
v 21.5862 15.5014 8.4513
v 21.8275 15.4952 8.2229
v 21.8747 17.4415 8.2194
v 21.5862 15.5014 8.4513
v 21.8747 17.4415 8.2194
v 21.6334 17.4478 8.4478
v 21.8275 15.4952 8.2229
v 22.0558 15.4901 8.4643
v 22.1031 17.4364 8.4608
v 21.8275 15.4952 8.2229
v 22.1031 17.4364 8.4608
v 21.8747 17.4415 8.2194
v 22.0558 15.4901 8.4643
v 21.8145 15.4963 8.6927
v 21.8618 17.4427 8.6892
v 22.0558 15.4901 8.4643
v 21.8618 17.4427 8.6892
v 22.1031 17.4364 8.4608
v 21.8145 15.4963 8.6927
v 21.5862 15.5014 8.4513
v 21.6334 17.4478 8.4478
v 21.8145 15.4963 8.6927
v 21.6334 17.4478 8.4478
v 21.8618 17.4427 8.6892
v 35.7972 16.3041 -37.0128
v 35.6975 16.3133 -37.2688
v 35.9681 17.9002 -37.3177
v 35.7972 16.3041 -37.0128
v 35.9681 17.9002 -37.3177
v 36.0678 17.8911 -37.0617
v 35.6975 16.3133 -37.2688
v 35.9494 16.2672 -37.3686
v 36.2200 17.8542 -37.4175
v 35.6975 16.3133 -37.2688
v 36.2200 17.8542 -37.4175
v 35.9681 17.9002 -37.3177
v 35.9494 16.2672 -37.3686
v 36.0492 16.2581 -37.1126
v 36.3198 17.8450 -37.1615
v 35.9494 16.2672 -37.3686
v 36.3198 17.8450 -37.1615
v 36.2200 17.8542 -37.4175
v 36.0492 16.2581 -37.1126
v 35.7972 16.3041 -37.0128
v 36.0678 17.8911 -37.0617
v 36.0492 16.2581 -37.1126
v 36.0678 17.8911 -37.0617
v 36.3198 17.8450 -37.1615
v 45.1797 13.7041 11.5699
v 45.0704 13.6988 11.9198
v 45.0230 15.8458 11.9373
v 45.1797 13.7041 11.5699
v 45.0230 15.8458 11.9373
v 45.1322 15.8511 11.5874
v 45.0704 13.6988 11.9198
v 44.7206 13.6920 11.8105
v 44.6731 15.8390 11.8280
v 45.0704 13.6988 11.9198
v 44.6731 15.8390 11.8280
v 45.0230 15.8458 11.9373
v 44.7206 13.6920 11.8105
v 44.8299 13.6972 11.4606
v 44.7824 15.8442 11.4781
v 44.7206 13.6920 11.8105
v 44.7824 15.8442 11.4781
v 44.6731 15.8390 11.8280
v 44.8299 13.6972 11.4606
v 45.1797 13.7041 11.5699
v 45.1322 15.8511 11.5874
v 44.8299 13.6972 11.4606
v 45.1322 15.8511 11.5874
v 44.7824 15.8442 11.4781
v 40.9649 14.9254 -12.8129
v 41.0352 14.9314 -12.5889
v 40.9795 16.3059 -12.6084
v 40.9649 14.9254 -12.8129
v 40.9795 16.3059 -12.6084
v 40.9091 16.2999 -12.8323
v 41.0352 14.9314 -12.5889
v 40.8113 14.9233 -12.5184
v 40.7556 16.2978 -12.5379
v 41.0352 14.9314 -12.5889
v 40.7556 16.2978 -12.5379
v 40.9795 16.3059 -12.6084
v 40.8113 14.9233 -12.5184
v 40.7410 14.9173 -12.7424
v 40.6853 16.2918 -12.7618
v 40.8113 14.9233 -12.5184
v 40.6853 16.2918 -12.7618
v 40.7556 16.2978 -12.5379
v 40.7410 14.9173 -12.7424
v 40.9649 14.9254 -12.8129
v 40.9091 16.2999 -12.8323
v 40.7410 14.9173 -12.7424
v 40.9091 16.2999 -12.8323
v 40.6853 16.2918 -12.7618
v -44.5859 20.4287 -44.6032
v -44.5003 20.4359 -44.9692
v -44.5502 22.6377 -44.9377
v -44.5859 20.4287 -44.6032
v -44.5502 22.6377 -44.9377
v -44.6358 22.6305 -44.5716
v -44.5003 20.4359 -44.9692
v -44.1343 20.4429 -44.8835
v -44.1842 22.6448 -44.8519
v -44.5003 20.4359 -44.9692
v -44.1842 22.6448 -44.8519
v -44.5502 22.6377 -44.9377
v -44.1343 20.4429 -44.8835
v -44.2199 20.4357 -44.5175
v -44.2698 22.6376 -44.4859
v -44.1343 20.4429 -44.8835
v -44.2698 22.6376 -44.4859
v -44.1842 22.6448 -44.8519
v -44.2199 20.4357 -44.5175
v -44.5859 20.4287 -44.6032
v -44.6358 22.6305 -44.5716
v -44.2199 20.4357 -44.5175
v -44.6358 22.6305 -44.5716
v -44.2698 22.6376 -44.4859
v 37.8262 13.9463 9.8579
v 37.6801 13.9372 9.8216
v 37.6060 14.8142 9.9000
v 37.8262 13.9463 9.8579
v 37.6060 14.8142 9.9000
v 37.7521 14.8233 9.9363
v 37.6801 13.9372 9.8216
v 37.7154 13.9532 9.6758
v 37.6413 14.8302 9.7542
v 37.6801 13.9372 9.8216
v 37.6413 14.8302 9.7542
v 37.6060 14.8142 9.9000
v 37.7154 13.9532 9.6758
v 37.8615 13.9623 9.7122
v 37.7874 14.8393 9.7906
v 37.7154 13.9532 9.6758
v 37.7874 14.8393 9.7906
v 37.6413 14.8302 9.7542
v 37.8615 13.9623 9.7122
v 37.8262 13.9463 9.8579
v 37.7521 14.8233 9.9363
v 37.8615 13.9623 9.7122
v 37.7521 14.8233 9.9363
v 37.7874 14.8393 9.7906
v 28.0465 16.8722 -33.3566
v 27.9252 16.8824 -33.6161
v 28.0874 18.5540 -33.6257
v 28.0465 16.8722 -33.3566
v 28.0874 18.5540 -33.6257
v 28.2087 18.5437 -33.3662
v 27.9252 16.8824 -33.6161
v 28.1834 16.8567 -33.7379
v 28.3456 18.5282 -33.7475
v 27.9252 16.8824 -33.6161
v 28.3456 18.5282 -33.7475
v 28.0874 18.5540 -33.6257
v 28.1834 16.8567 -33.7379
v 28.3047 16.8464 -33.4784
v 28.4669 18.5180 -33.4880
v 28.1834 16.8567 -33.7379
v 28.4669 18.5180 -33.4880
v 28.3456 18.5282 -33.7475
v 28.3047 16.8464 -33.4784
v 28.0465 16.8722 -33.3566
v 28.2087 18.5437 -33.3662
v 28.3047 16.8464 -33.4784
v 28.2087 18.5437 -33.3662
v 28.4669 18.5180 -33.4880
v 46.8895 14.8961 -24.3905
v 46.7270 14.8881 -24.3998
v 46.6804 15.8420 -24.4065
v 46.8895 14.8961 -24.3905
v 46.6804 15.8420 -24.4065
v 46.8430 15.8500 -24.3972
v 46.7270 14.8881 -24.3998
v 46.7364 14.8874 -24.5626
v 46.6898 15.8413 -24.5692
v 46.7270 14.8881 -24.3998
v 46.6898 15.8413 -24.5692
v 46.6804 15.8420 -24.4065
v 46.7364 14.8874 -24.5626
v 46.8989 14.8954 -24.5532
v 46.8523 15.8493 -24.5599
v 46.7364 14.8874 -24.5626
v 46.8523 15.8493 -24.5599
v 46.6898 15.8413 -24.5692
v 46.8989 14.8954 -24.5532
v 46.8895 14.8961 -24.3905
v 46.8430 15.8500 -24.3972
v 46.8989 14.8954 -24.5532
v 46.8430 15.8500 -24.3972
v 46.8523 15.8493 -24.5599
v 23.2486 14.8212 13.4529
v 22.9152 14.8649 13.3573
v 23.1978 16.8925 13.2990
v 23.2486 14.8212 13.4529
v 23.1978 16.8925 13.2990
v 23.5312 16.8487 13.3947
v 22.9152 14.8649 13.3573
v 23.0086 14.8423 13.0212
v 23.2913 16.8698 12.9630
v 22.9152 14.8649 13.3573
v 23.2913 16.8698 12.9630
v 23.1978 16.8925 13.2990
v 23.0086 14.8423 13.0212
v 23.3420 14.7985 13.1169
v 23.6246 16.8261 13.0586
v 23.0086 14.8423 13.0212
v 23.6246 16.8261 13.0586
v 23.2913 16.8698 12.9630
v 23.3420 14.7985 13.1169
v 23.2486 14.8212 13.4529
v 23.5312 16.8487 13.3947
v 23.3420 14.7985 13.1169
v 23.5312 16.8487 13.3947
v 23.6246 16.8261 13.0586
v 42.6129 15.5383 -29.6102
v 42.7050 15.5329 -29.8403
v 42.7442 16.9850 -29.8589
v 42.6129 15.5383 -29.6102
v 42.7442 16.9850 -29.8589
v 42.6521 16.9905 -29.6288
v 42.7050 15.5329 -29.8403
v 42.9351 15.5279 -29.7481
v 42.9744 16.9800 -29.7667
v 42.7050 15.5329 -29.8403
v 42.9744 16.9800 -29.7667
v 42.7442 16.9850 -29.8589
v 42.9351 15.5279 -29.7481
v 42.8430 15.5333 -29.5180
v 42.8823 16.9854 -29.5365
v 42.9351 15.5279 -29.7481
v 42.8823 16.9854 -29.5365
v 42.9744 16.9800 -29.7667
v 42.8430 15.5333 -29.5180
v 42.6129 15.5383 -29.6102
v 42.6521 16.9905 -29.6288
v 42.8430 15.5333 -29.5180
v 42.6521 16.9905 -29.6288
v 42.8823 16.9854 -29.5365
v 30.7523 14.8828 4.0779
v 30.5758 14.8863 4.2032
v 30.6193 16.1537 4.2299
v 30.7523 14.8828 4.0779
v 30.6193 16.1537 4.2299
v 30.7958 16.1503 4.1045
v 30.5758 14.8863 4.2032
v 30.4506 14.8943 4.0267
v 30.4941 16.1617 4.0533
v 30.5758 14.8863 4.2032
v 30.4941 16.1617 4.0533
v 30.6193 16.1537 4.2299
v 30.4506 14.8943 4.0267
v 30.6271 14.8908 3.9014
v 30.6707 16.1583 3.9280
v 30.4506 14.8943 4.0267
v 30.6707 16.1583 3.9280
v 30.4941 16.1617 4.0533
v 30.6271 14.8908 3.9014
v 30.7523 14.8828 4.0779
v 30.7958 16.1503 4.1045
v 30.6271 14.8908 3.9014
v 30.7958 16.1503 4.1045
v 30.6707 16.1583 3.9280
v 16.7467 17.3839 -27.3939
v 16.8139 17.3826 -27.6614
v 16.8938 18.9968 -27.6488
v 16.7467 17.3839 -27.3939
v 16.8938 18.9968 -27.6488
v 16.8266 18.9980 -27.3813
v 16.8139 17.3826 -27.6614
v 17.0812 17.3689 -27.5942
v 17.1610 18.9831 -27.5816
v 16.8139 17.3826 -27.6614
v 17.1610 18.9831 -27.5816
v 16.8938 18.9968 -27.6488
v 17.0812 17.3689 -27.5942
v 17.0139 17.3701 -27.3267
v 17.0938 18.9843 -27.3141
v 17.0812 17.3689 -27.5942
v 17.0938 18.9843 -27.3141
v 17.1610 18.9831 -27.5816
v 17.0139 17.3701 -27.3267
v 16.7467 17.3839 -27.3939
v 16.8266 18.9980 -27.3813
v 17.0139 17.3701 -27.3267
v 16.8266 18.9980 -27.3813
v 17.0938 18.9843 -27.3141
v -24.0215 19.8085 -51.8290
v -23.7050 19.8316 -51.8793
v -23.8479 21.7085 -51.9157
v -24.0215 19.8085 -51.8290
v -23.8479 21.7085 -51.9157
v -24.1644 21.6854 -51.8654
v -23.7050 19.8316 -51.8793
v -23.6552 19.8416 -51.5620
v -23.7982 21.7184 -51.5984
v -23.7050 19.8316 -51.8793
v -23.7982 21.7184 -51.5984
v -23.8479 21.7085 -51.9157
v -23.6552 19.8416 -51.5620
v -23.9718 19.8184 -51.5117
v -24.1147 21.6953 -51.5481
v -23.6552 19.8416 -51.5620
v -24.1147 21.6953 -51.5481
v -23.7982 21.7184 -51.5984
v -23.9718 19.8184 -51.5117
v -24.0215 19.8085 -51.8290
v -24.1644 21.6854 -51.8654
v -23.9718 19.8184 -51.5117
v -24.1644 21.6854 -51.8654
v -24.1147 21.6953 -51.5481
v 35.4242 16.1651 -27.7032
v 35.1690 16.1544 -27.4459
v 35.0263 18.2727 -27.4991
v 35.4242 16.1651 -27.7032
v 35.0263 18.2727 -27.4991
v 35.2814 18.2834 -27.7564
v 35.1690 16.1544 -27.4459
v 34.9127 16.1307 -27.7011
v 34.7699 18.2490 -27.7544
v 35.1690 16.1544 -27.4459
v 34.7699 18.2490 -27.7544
v 35.0263 18.2727 -27.4991
v 34.9127 16.1307 -27.7011
v 35.1679 16.1414 -27.9584
v 35.0251 18.2598 -28.0116
v 34.9127 16.1307 -27.7011
v 35.0251 18.2598 -28.0116
v 34.7699 18.2490 -27.7544
v 35.1679 16.1414 -27.9584
v 35.4242 16.1651 -27.7032
v 35.2814 18.2834 -27.7564
v 35.1679 16.1414 -27.9584
v 35.2814 18.2834 -27.7564
v 35.0251 18.2598 -28.0116
v 22.2074 17.1788 -46.4959
v 22.0905 17.1849 -46.2759
v 22.1336 18.6440 -46.2937
v 22.2074 17.1788 -46.4959
v 22.1336 18.6440 -46.2937
v 22.2505 18.6379 -46.5137
v 22.0905 17.1849 -46.2759
v 21.8705 17.1900 -46.3929
v 21.9136 18.6491 -46.4106
v 22.0905 17.1849 -46.2759
v 21.9136 18.6491 -46.4106
v 22.1336 18.6440 -46.2937
v 21.8705 17.1900 -46.3929
v 21.9874 17.1838 -46.6129
v 22.0305 18.6430 -46.6307
v 21.8705 17.1900 -46.3929
v 22.0305 18.6430 -46.6307
v 21.9136 18.6491 -46.4106
v 21.9874 17.1838 -46.6129
v 22.2074 17.1788 -46.4959
v 22.2505 18.6379 -46.5137
v 21.9874 17.1838 -46.6129
v 22.2505 18.6379 -46.5137
v 22.0305 18.6430 -46.6307
v 50.5785 14.7979 -25.2639
v 50.7391 14.7938 -25.1637
v 50.7739 15.9026 -25.1746
v 50.5785 14.7979 -25.2639
v 50.7739 15.9026 -25.1746
v 50.6133 15.9067 -25.2749
v 50.7391 14.7938 -25.1637
v 50.6389 14.7986 -25.0031
v 50.6738 15.9074 -25.0140
v 50.7391 14.7938 -25.1637
v 50.6738 15.9074 -25.0140
v 50.7739 15.9026 -25.1746
v 50.6389 14.7986 -25.0031
v 50.4783 14.8026 -25.1033
v 50.5132 15.9114 -25.1142
v 50.6389 14.7986 -25.0031
v 50.5132 15.9114 -25.1142
v 50.6738 15.9074 -25.0140
v 50.4783 14.8026 -25.1033
v 50.5785 14.7979 -25.2639
v 50.6133 15.9067 -25.2749
v 50.4783 14.8026 -25.1033
v 50.6133 15.9067 -25.2749
v 50.5132 15.9114 -25.1142
v 40.1650 16.2047 -51.4242
v 39.8831 16.1878 -51.4675
v 39.7883 17.8582 -51.5014
v 40.1650 16.2047 -51.4242
v 39.7883 17.8582 -51.5014
v 40.0701 17.8751 -51.4581
v 39.8831 16.1878 -51.4675
v 39.9267 16.1845 -51.7497
v 39.8318 17.8550 -51.7837
v 39.8831 16.1878 -51.4675
v 39.8318 17.8550 -51.7837
v 39.7883 17.8582 -51.5014
v 39.9267 16.1845 -51.7497
v 40.2085 16.2014 -51.7065
v 40.1137 17.8718 -51.7404
v 39.9267 16.1845 -51.7497
v 40.1137 17.8718 -51.7404
v 39.8318 17.8550 -51.7837
v 40.2085 16.2014 -51.7065
v 40.1650 16.2047 -51.4242
v 40.0701 17.8751 -51.4581
v 40.2085 16.2014 -51.7065
v 40.0701 17.8751 -51.4581
v 40.1137 17.8718 -51.7404
v 21.9572 16.7760 -13.9159
v 21.8946 16.7751 -13.6283
v 21.8428 18.4993 -13.6344
v 21.9572 16.7760 -13.9159
v 21.8428 18.4993 -13.6344
v 21.9054 18.5001 -13.9221
v 21.8946 16.7751 -13.6283
v 21.6070 16.7662 -13.6908
v 21.5552 18.4904 -13.6970
v 21.8946 16.7751 -13.6283
v 21.5552 18.4904 -13.6970
v 21.8428 18.4993 -13.6344
v 21.6070 16.7662 -13.6908
v 21.6696 16.7671 -13.9785
v 21.6178 18.4912 -13.9847
v 21.6070 16.7662 -13.6908
v 21.6178 18.4912 -13.9847
v 21.5552 18.4904 -13.6970
v 21.6696 16.7671 -13.9785
v 21.9572 16.7760 -13.9159
v 21.9054 18.5001 -13.9221
v 21.6696 16.7671 -13.9785
v 21.9054 18.5001 -13.9221
v 21.6178 18.4912 -13.9847
v -18.3378 19.4538 -47.3053
v -18.1489 19.4624 -47.2408
v -18.1703 20.6289 -47.3347
v -18.3378 19.4538 -47.3053
v -18.1703 20.6289 -47.3347
v -18.3592 20.6203 -47.3992
v -18.1489 19.4624 -47.2408
v -18.2138 19.4764 -47.0524
v -18.2353 20.6429 -47.1463
v -18.1489 19.4624 -47.2408
v -18.2353 20.6429 -47.1463
v -18.1703 20.6289 -47.3347
v -18.2138 19.4764 -47.0524
v -18.4027 19.4678 -47.1169
v -18.4242 20.6342 -47.2108
v -18.2138 19.4764 -47.0524
v -18.4242 20.6342 -47.2108
v -18.2353 20.6429 -47.1463
v -18.4027 19.4678 -47.1169
v -18.3378 19.4538 -47.3053
v -18.3592 20.6203 -47.3992
v -18.4027 19.4678 -47.1169
v -18.3592 20.6203 -47.3992
v -18.4242 20.6342 -47.2108
v 45.0891 14.3577 -8.2882
v 45.4458 14.3429 -8.3454
v 45.5537 16.4549 -8.2213
v 45.0891 14.3577 -8.2882
v 45.5537 16.4549 -8.2213
v 45.1970 16.4697 -8.1641
v 45.4458 14.3429 -8.3454
v 45.5020 14.3191 -7.9890
v 45.6099 16.4311 -7.8649
v 45.4458 14.3429 -8.3454
v 45.6099 16.4311 -7.8649
v 45.5537 16.4549 -8.2213
v 45.5020 14.3191 -7.9890
v 45.1453 14.3339 -7.9318
v 45.2532 16.4459 -7.8077
v 45.5020 14.3191 -7.9890
v 45.2532 16.4459 -7.8077
v 45.6099 16.4311 -7.8649
v 45.1453 14.3339 -7.9318
v 45.0891 14.3577 -8.2882
v 45.1970 16.4697 -8.1641
v 45.1453 14.3339 -7.9318
v 45.1970 16.4697 -8.1641
v 45.2532 16.4459 -7.8077
v 26.6031 14.7046 10.7967
v 26.4728 14.6976 10.9356
v 26.5109 15.8095 11.0274
v 26.6031 14.7046 10.7967
v 26.5109 15.8095 11.0274
v 26.6411 15.8165 10.8885
v 26.4728 14.6976 10.9356
v 26.3339 14.7130 10.8061
v 26.3720 15.8249 10.8978
v 26.4728 14.6976 10.9356
v 26.3720 15.8249 10.8978
v 26.5109 15.8095 11.0274
v 26.3339 14.7130 10.8061
v 26.4642 14.7200 10.6672
v 26.5023 15.8319 10.7590
v 26.3339 14.7130 10.8061
v 26.5023 15.8319 10.7590
v 26.3720 15.8249 10.8978
v 26.4642 14.7200 10.6672
v 26.6031 14.7046 10.7967
v 26.6411 15.8165 10.8885
v 26.4642 14.7200 10.6672
v 26.6411 15.8165 10.8885
v 26.5023 15.8319 10.7590
v 52.1705 14.4147 -16.2054
v 52.0311 14.4179 -15.9490
v 52.0640 16.1271 -15.9521
v 52.1705 14.4147 -16.2054
v 52.0640 16.1271 -15.9521
v 52.2033 16.1239 -16.2084
v 52.0311 14.4179 -15.9490
v 51.7748 14.4225 -16.0884
v 51.8077 16.1317 -16.0914
v 52.0311 14.4179 -15.9490
v 51.8077 16.1317 -16.0914
v 52.0640 16.1271 -15.9521
v 51.7748 14.4225 -16.0884
v 51.9141 14.4194 -16.3448
v 51.9470 16.1286 -16.3478
v 51.7748 14.4225 -16.0884
v 51.9470 16.1286 -16.3478
v 51.8077 16.1317 -16.0914
v 51.9141 14.4194 -16.3448
v 52.1705 14.4147 -16.2054
v 52.2033 16.1239 -16.2084
v 51.9141 14.4194 -16.3448
v 52.2033 16.1239 -16.2084
v 51.9470 16.1286 -16.3478
v 10.5321 17.3055 0.3779
v 10.7689 17.3192 0.3967
v 10.6909 18.7103 0.3652
v 10.5321 17.3055 0.3779
v 10.6909 18.7103 0.3652
v 10.4542 18.6966 0.3464
v 10.7689 17.3192 0.3967
v 10.7498 17.3234 0.6338
v 10.6718 18.7146 0.6023
v 10.7689 17.3192 0.3967
v 10.6718 18.7146 0.6023
v 10.6909 18.7103 0.3652
v 10.7498 17.3234 0.6338
v 10.5130 17.3098 0.6150
v 10.4351 18.7009 0.5835
v 10.7498 17.3234 0.6338
v 10.4351 18.7009 0.5835
v 10.6718 18.7146 0.6023
v 10.5130 17.3098 0.6150
v 10.5321 17.3055 0.3779
v 10.4542 18.6966 0.3464
v 10.5130 17.3098 0.6150
v 10.4542 18.6966 0.3464
v 10.4351 18.7009 0.5835
v -35.5380 20.1193 -47.1716
v -35.7430 20.1358 -47.2711
v -35.6581 21.4706 -47.2249
v -35.5380 20.1193 -47.1716
v -35.6581 21.4706 -47.2249
v -35.4531 21.4541 -47.1255
v -35.7430 20.1358 -47.2711
v -35.6433 20.1365 -47.4766
v -35.5584 21.4713 -47.4304
v -35.7430 20.1358 -47.2711
v -35.5584 21.4713 -47.4304
v -35.6581 21.4706 -47.2249
v -35.6433 20.1365 -47.4766
v -35.4383 20.1200 -47.3772
v -35.3534 21.4549 -47.3310
v -35.6433 20.1365 -47.4766
v -35.3534 21.4549 -47.3310
v -35.5584 21.4713 -47.4304
v -35.4383 20.1200 -47.3772
v -35.5380 20.1193 -47.1716
v -35.4531 21.4541 -47.1255
v -35.4383 20.1200 -47.3772
v -35.4531 21.4541 -47.1255
v -35.3534 21.4549 -47.3310
v -47.7981 20.4637 -11.1890
v -47.6449 20.4554 -11.2825
v -47.5648 21.5041 -11.2447
v -47.7981 20.4637 -11.1890
v -47.5648 21.5041 -11.2447
v -47.7180 21.5124 -11.1512
v -47.6449 20.4554 -11.2825
v -47.5521 20.4427 -11.1293
v -47.4720 21.4915 -11.0915
v -47.6449 20.4554 -11.2825
v -47.4720 21.4915 -11.0915
v -47.5648 21.5041 -11.2447
v -47.5521 20.4427 -11.1293
v -47.7052 20.4511 -11.0358
v -47.6251 21.4998 -10.9980
v -47.5521 20.4427 -11.1293
v -47.6251 21.4998 -10.9980
v -47.4720 21.4915 -11.0915
v -47.7052 20.4511 -11.0358
v -47.7981 20.4637 -11.1890
v -47.7180 21.5124 -11.1512
v -47.7052 20.4511 -11.0358
v -47.7180 21.5124 -11.1512
v -47.6251 21.4998 -10.9980
v 34.4793 14.3180 8.0607
v 34.5165 14.3165 8.2482
v 34.5063 15.4362 8.2590
v 34.4793 14.3180 8.0607
v 34.5063 15.4362 8.2590
v 34.4692 15.4377 8.0715
v 34.5165 14.3165 8.2482
v 34.3290 14.3145 8.2853
v 34.3189 15.4341 8.2961
v 34.5165 14.3165 8.2482
v 34.3189 15.4341 8.2961
v 34.5063 15.4362 8.2590
v 34.3290 14.3145 8.2853
v 34.2918 14.3159 8.0979
v 34.2817 15.4356 8.1087
v 34.3290 14.3145 8.2853
v 34.2817 15.4356 8.1087
v 34.3189 15.4341 8.2961
v 34.2918 14.3159 8.0979
v 34.4793 14.3180 8.0607
v 34.4692 15.4377 8.0715
v 34.2918 14.3159 8.0979
v 34.4692 15.4377 8.0715
v 34.2817 15.4356 8.1087
v 19.8883 16.9846 -16.6204
v 19.7095 16.9777 -16.7948
v 19.7101 18.4401 -16.8537
v 19.8883 16.9846 -16.6204
v 19.7101 18.4401 -16.8537
v 19.8889 18.4470 -16.6794
v 19.7095 16.9777 -16.7948
v 19.8840 16.9704 -16.9734
v 19.8846 18.4328 -17.0323
v 19.7095 16.9777 -16.7948
v 19.8846 18.4328 -17.0323
v 19.7101 18.4401 -16.8537
v 19.8840 16.9704 -16.9734
v 20.0628 16.9774 -16.7991
v 20.0634 18.4397 -16.8580
v 19.8840 16.9704 -16.9734
v 20.0634 18.4397 -16.8580
v 19.8846 18.4328 -17.0323
v 20.0628 16.9774 -16.7991
v 19.8883 16.9846 -16.6204
v 19.8889 18.4470 -16.6794
v 20.0628 16.9774 -16.7991
v 19.8889 18.4470 -16.6794
v 20.0634 18.4397 -16.8580
vt 0.00000 1.00000
vt 0.00000 1.00000
vt 0.00000 1.00000
vt 0.00000 1.00000
vt 0.00000 1.00000
vt 0.00000 1.00000
vt 0.00000 1.00000
vt 0.00000 1.00000
vt 0.00000 1.00000
vt 0.00000 1.00000
vt 0.00000 1.00000
vt 0.00000 1.00000
vt 0.00000 1.00000
vt 0.00000 1.00000
vt 0.00000 1.00000
vt 0.00000 1.00000
vt 0.00000 1.00000
vt 0.00000 1.00000
vt 0.00000 1.00000
vt 0.00000 1.00000
vt 0.00000 1.00000
vt 0.00000 1.00000
vt 0.00000 1.00000
vt 0.00000 1.00000
vt 0.00000 1.00000
vt 0.00000 1.00000
vt 0.00000 1.00000
vt 0.00000 1.00000
vt 0.00000 1.00000
vt 0.00000 1.00000
vt 0.00000 1.00000
vt 0.00000 1.00000
vt 0.00000 1.00000
vt 0.00000 1.00000
vt 0.00000 1.00000
vt 0.00000 1.00000
vt 0.00000 1.00000
vt 0.00000 1.00000
vt 0.00000 1.00000
vt 0.00000 1.00000
vt 0.00000 1.00000
vt 0.00000 1.00000
vt 0.00000 1.00000
vt 0.00000 1.00000
vt 0.00000 1.00000
vt 0.00000 1.00000
vt 0.00000 1.00000
vt 0.00000 1.00000
vt 0.00000 1.00000
vt 0.00000 1.00000
vt 0.00000 1.00000
vt 0.00000 1.00000
vt 0.00000 1.00000
vt 0.00000 1.00000
vt 0.00000 1.00000
vt 0.00000 1.00000
vt 0.00000 1.00000
vt 0.00000 1.00000
vt 0.00000 1.00000
vt 0.00000 1.00000
vt 0.00000 1.00000
vt 0.00000 1.00000
vt 0.00000 1.00000
vt 0.00000 1.00000
vt 0.00000 1.00000
vt 0.00000 1.00000
vt 0.00000 1.00000
vt 0.00000 1.00000
vt 0.00000 1.00000
vt 0.00000 1.00000
vt 0.00000 1.00000
vt 0.00000 1.00000
vt 0.00000 1.00000
vt 0.00000 1.00000
vt 0.00000 1.00000
vt 0.00000 1.00000
vt 0.00000 1.00000
vt 0.00000 1.00000
vt 0.00000 1.00000
vt 0.00000 1.00000
vt 0.00000 1.00000
vt 0.00000 1.00000
vt 0.00000 1.00000
vt 0.00000 1.00000
vt 0.00000 1.00000
vt 0.00000 1.00000
vt 0.00000 1.00000
vt 0.00000 1.00000
vt 0.00000 1.00000
vt 0.00000 1.00000
vt 0.00000 1.00000
vt 0.00000 1.00000
vt 0.00000 1.00000
vt 0.00000 1.00000
vt 0.00000 1.00000
vt 0.00000 1.00000
vt 0.00000 1.00000
vt 0.00000 1.00000
vt 0.00000 1.00000
vt 0.00000 1.00000
vt 0.00000 1.00000
vt 0.00000 1.00000
vt 0.00000 1.00000
vt 0.00000 1.00000
vt 0.00000 1.00000
vt 0.00000 1.00000
vt 0.00000 1.00000
vt 0.00000 1.00000
vt 0.00000 1.00000
vt 0.00000 1.00000
vt 0.00000 1.00000
vt 0.00000 1.00000
vt 0.00000 1.00000
vt 0.00000 1.00000
vt 0.00000 1.00000
vt 0.00000 1.00000
vt 0.00000 1.00000
vt 0.00000 1.00000
vt 0.00000 1.00000
vt 0.00000 1.00000
vt 0.00000 1.00000
vt 0.00000 1.00000
vt 0.00000 1.00000
vt 0.00000 1.00000
vt 0.00000 1.00000
vt 0.00000 1.00000
vt 0.00000 1.00000
vt 0.00000 1.00000
vt 0.00000 1.00000
vt 0.00000 1.00000
vt 0.00000 1.00000
vt 0.00000 1.00000
vt 0.00000 1.00000
vt 0.00000 1.00000
vt 0.00000 1.00000
vt 0.00000 1.00000
vt 0.00000 1.00000
vt 0.00000 1.00000
vt 0.00000 1.00000
vt 0.00000 1.00000
vt 0.00000 1.00000
vt 0.00000 1.00000
vt 0.00000 1.00000
vt 0.00000 1.00000
vt 0.00000 1.00000
vt 0.00000 1.00000
vt 0.00000 1.00000
vt 0.00000 1.00000
vt 0.00000 1.00000
vt 0.00000 1.00000
vt 0.00000 1.00000
vt 0.00000 1.00000
vt 0.00000 1.00000
vt 0.00000 1.00000
vt 0.00000 1.00000
vt 0.00000 1.00000
vt 0.00000 1.00000
vt 0.00000 1.00000
vt 0.00000 1.00000
vt 0.00000 1.00000
vt 0.00000 1.00000
vt 0.00000 1.00000
vt 0.00000 1.00000
vt 0.00000 1.00000
vt 0.00000 1.00000
vt 0.00000 1.00000
vt 0.00000 1.00000
vt 0.00000 1.00000
vt 0.00000 1.00000
vt 0.00000 1.00000
vt 0.00000 1.00000
vt 0.00000 1.00000
vt 0.00000 1.00000
vt 0.00000 1.00000
vt 0.00000 1.00000
vt 0.00000 1.00000
vt 0.00000 1.00000
vt 0.00000 1.00000
vt 0.00000 1.00000
vt 0.00000 1.00000
vt 0.00000 1.00000
vt 0.00000 1.00000
vt 0.00000 1.00000
vt 0.00000 1.00000
vt 0.00000 1.00000
vt 0.00000 1.00000
vt 0.00000 1.00000
vt 0.00000 1.00000
vt 0.00000 1.00000
vt 0.00000 1.00000
vt 0.00000 1.00000
vt 0.00000 1.00000
vt 0.00000 1.00000
vt 0.00000 1.00000
vt 0.00000 1.00000
vt 0.00000 1.00000
vt 0.00000 1.00000
vt 0.00000 1.00000
vt 0.00000 1.00000
vt 0.00000 1.00000
vt 0.00000 1.00000
vt 0.00000 1.00000
vt 0.00000 1.00000
vt 0.00000 1.00000
vt 0.00000 1.00000
vt 0.00000 1.00000
vt 0.00000 1.00000
vt 0.00000 1.00000
vt 0.00000 1.00000
vt 0.00000 1.00000
vt 0.00000 1.00000
vt 0.00000 1.00000
vt 0.00000 1.00000
vt 0.00000 1.00000
vt 0.00000 1.00000
vt 0.00000 1.00000
vt 0.00000 1.00000
vt 0.00000 1.00000
vt 0.00000 1.00000
vt 0.00000 1.00000
vt 0.00000 1.00000
vt 0.00000 1.00000
vt 0.00000 1.00000
vt 0.00000 1.00000
vt 0.00000 1.00000
vt 0.00000 1.00000
vt 0.00000 1.00000
vt 0.00000 1.00000
vt 0.00000 1.00000
vt 0.00000 1.00000
vt 0.00000 1.00000
vt 0.00000 1.00000
vt 0.00000 1.00000
vt 0.00000 1.00000
vt 0.00000 1.00000
vt 0.00000 1.00000
vt 0.00000 1.00000
vt 0.00000 1.00000
vt 0.00000 1.00000
vt 0.00000 1.00000
vt 0.00000 1.00000
vt 0.00000 1.00000
vt 0.00000 1.00000
vt 0.00000 1.00000
vt 0.00000 1.00000
vt 0.00000 1.00000
vt 0.00000 1.00000
vt 0.00000 1.00000
vt 0.00000 1.00000
vt 0.00000 1.00000
vt 0.00000 1.00000
vt 0.00000 1.00000
vt 0.00000 1.00000
vt 0.00000 1.00000
vt 0.00000 1.00000
vt 0.00000 1.00000
vt 0.00000 1.00000
vt 0.00000 1.00000
vt 0.00000 1.00000
vt 0.00000 1.00000
vt 0.00000 1.00000
vt 0.00000 1.00000
vt 0.00000 1.00000
vt 0.00000 1.00000
vt 0.00000 1.00000
vt 0.00000 1.00000
vt 0.00000 1.00000
vt 0.00000 1.00000
vt 0.00000 1.00000
vt 0.00000 1.00000
vt 0.00000 1.00000
vt 0.00000 1.00000
vt 0.00000 1.00000
vt 0.00000 1.00000
vt 0.00000 1.00000
vt 0.00000 1.00000
vt 0.00000 1.00000
vt 0.00000 1.00000
vt 0.00000 1.00000
vt 0.00000 1.00000
vt 0.00000 1.00000
vt 0.00000 1.00000
vt 0.00000 1.00000
vt 0.00000 1.00000
vt 0.00000 1.00000
vt 0.00000 1.00000
vt 0.00000 1.00000
vt 0.00000 1.00000
vt 0.00000 1.00000
vt 0.00000 1.00000
vt 0.00000 1.00000
vt 0.00000 1.00000
vt 0.00000 1.00000
vt 0.00000 1.00000
vt 0.00000 1.00000
vt 0.00000 1.00000
vt 0.00000 1.00000
vt 0.00000 1.00000
vt 0.00000 1.00000
vt 0.00000 1.00000
vt 0.00000 1.00000
vt 0.00000 1.00000
vt 0.00000 1.00000
vt 0.00000 1.00000
vt 0.00000 1.00000
vt 0.00000 1.00000
vt 0.00000 1.00000
vt 0.00000 1.00000
vt 0.00000 1.00000
vt 0.00000 1.00000
vt 0.00000 1.00000
vt 0.00000 1.00000
vt 0.00000 1.00000
vt 0.00000 1.00000
vt 0.00000 1.00000
vt 0.00000 1.00000
vt 0.00000 1.00000
vt 0.00000 1.00000
vt 0.00000 1.00000
vt 0.00000 1.00000
vt 0.00000 1.00000
vt 0.00000 1.00000
vt 0.00000 1.00000
vt 0.00000 1.00000
vt 0.00000 1.00000
vt 0.00000 1.00000
vt 0.00000 1.00000
vt 0.00000 1.00000
vt 0.00000 1.00000
vt 0.00000 1.00000
vt 0.00000 1.00000
vt 0.00000 1.00000
vt 0.00000 1.00000
vt 0.00000 1.00000
vt 0.00000 1.00000
vt 0.00000 1.00000
vt 0.00000 1.00000
vt 0.00000 1.00000
vt 0.00000 1.00000
vt 0.00000 1.00000
vt 0.00000 1.00000
vt 0.00000 1.00000
vt 0.00000 1.00000
vt 0.00000 1.00000
vt 0.00000 1.00000
vt 0.00000 1.00000
vt 0.00000 1.00000
vt 0.00000 1.00000
vt 0.00000 1.00000
vt 0.00000 1.00000
vt 0.00000 1.00000
vt 0.00000 1.00000
vt 0.00000 1.00000
vt 0.00000 1.00000
vt 0.00000 1.00000
vt 0.00000 1.00000
vt 0.00000 1.00000
vt 0.00000 1.00000
vt 0.00000 1.00000
vt 0.00000 1.00000
vt 0.00000 1.00000
vt 0.00000 1.00000
vt 0.00000 1.00000
vt 0.00000 1.00000
vt 0.00000 1.00000
vt 0.00000 1.00000
vt 0.00000 1.00000
vt 0.00000 1.00000
vt 0.00000 1.00000
vt 0.00000 1.00000
vt 0.00000 1.00000
vt 0.00000 1.00000
vt 0.00000 1.00000
vt 0.00000 1.00000
vt 0.00000 1.00000
vt 0.00000 1.00000
vt 0.00000 1.00000
vt 0.00000 1.00000
vt 0.00000 1.00000
vt 0.00000 1.00000
vt 0.00000 1.00000
vt 0.00000 1.00000
vt 0.00000 1.00000
vt 0.00000 1.00000
vt 0.00000 1.00000
vt 0.00000 1.00000
vt 0.00000 1.00000
vt 0.00000 1.00000
vt 0.00000 1.00000
vt 0.00000 1.00000
vt 0.00000 1.00000
vt 0.00000 1.00000
vt 0.00000 1.00000
vt 0.00000 1.00000
vt 0.00000 1.00000
vt 0.00000 1.00000
vt 0.00000 1.00000
vt 0.00000 1.00000
vt 0.00000 1.00000
vt 0.00000 1.00000
vt 0.00000 1.00000
vt 0.00000 1.00000
vt 0.00000 1.00000
vt 0.00000 1.00000
vt 0.00000 1.00000
vt 0.00000 1.00000
vt 0.00000 1.00000
vt 0.00000 1.00000
vt 0.00000 1.00000
vt 0.00000 1.00000
vt 0.00000 1.00000
vt 0.00000 1.00000
vt 0.00000 1.00000
vt 0.00000 1.00000
vt 0.00000 1.00000
vt 0.00000 1.00000
vt 0.00000 1.00000
vt 0.00000 1.00000
vt 0.00000 1.00000
vt 0.00000 1.00000
vt 0.00000 1.00000
vt 0.00000 1.00000
vt 0.00000 1.00000
vt 0.00000 1.00000
vt 0.00000 1.00000
vt 0.00000 1.00000
vt 0.00000 1.00000
vt 0.00000 1.00000
vt 0.00000 1.00000
vt 0.00000 1.00000
vt 0.00000 1.00000
vt 0.00000 1.00000
vt 0.00000 1.00000
vt 0.00000 1.00000
vt 0.00000 1.00000
vt 0.00000 1.00000
vt 0.00000 1.00000
vt 0.00000 1.00000
vt 0.00000 1.00000
vt 0.00000 1.00000
vt 0.00000 1.00000
vt 0.00000 1.00000
vt 0.00000 1.00000
vt 0.00000 1.00000
vt 0.00000 1.00000
vt 0.00000 1.00000
vt 0.00000 1.00000
vt 0.00000 1.00000
vt 0.00000 1.00000
vt 0.00000 1.00000
vt 0.00000 1.00000
vt 0.00000 1.00000
vt 0.00000 1.00000
vt 0.00000 1.00000
vt 0.00000 1.00000
vt 0.00000 1.00000
vt 0.00000 1.00000
vt 0.00000 1.00000
vt 0.00000 1.00000
vt 0.00000 1.00000
vt 0.00000 1.00000
vt 0.00000 1.00000
vt 0.00000 1.00000
vt 0.00000 1.00000
vt 0.00000 1.00000
vt 0.00000 1.00000
vt 0.00000 1.00000
vt 0.00000 1.00000
vt 0.00000 1.00000
vt 0.00000 1.00000
vt 0.00000 1.00000
vt 0.00000 1.00000
vt 0.00000 1.00000
vt 0.00000 1.00000
vt 0.00000 1.00000
vt 0.00000 1.00000
vt 0.00000 1.00000
vt 0.00000 1.00000
vt 0.00000 1.00000
vt 0.00000 1.00000
vt 0.00000 1.00000
vt 0.00000 1.00000
vt 0.00000 1.00000
vt 0.00000 1.00000
vt 0.00000 1.00000
vt 0.00000 1.00000
vt 0.00000 1.00000
vt 0.00000 1.00000
vt 0.00000 1.00000
vt 0.00000 1.00000
vt 0.00000 1.00000
vt 0.00000 1.00000
vt 0.00000 1.00000
vt 0.00000 1.00000
vt 0.00000 1.00000
vt 0.00000 1.00000
vt 0.00000 1.00000
vt 0.00000 1.00000
vt 0.00000 1.00000
vt 0.00000 1.00000
vt 0.00000 1.00000
vt 0.00000 1.00000
vt 0.00000 1.00000
vt 0.00000 1.00000
vt 0.00000 1.00000
vt 0.00000 1.00000
vt 0.00000 1.00000
vt 0.00000 1.00000
vt 0.00000 1.00000
vt 0.00000 1.00000
vt 0.00000 1.00000
vt 0.00000 1.00000
vt 0.00000 1.00000
vt 0.00000 1.00000
vt 0.00000 1.00000
vt 0.00000 1.00000
vt 0.00000 1.00000
vt 0.00000 1.00000
vt 0.00000 1.00000
vt 0.00000 1.00000
vt 0.00000 1.00000
vt 0.00000 1.00000
vt 0.00000 1.00000
vt 0.00000 1.00000
vt 0.00000 1.00000
vt 0.00000 1.00000
vt 0.00000 1.00000
vt 0.00000 1.00000
vt 0.00000 1.00000
vt 0.00000 1.00000
vt 0.00000 1.00000
vt 0.00000 1.00000
vt 0.00000 1.00000
vt 0.00000 1.00000
vt 0.00000 1.00000
vt 0.00000 1.00000
vt 0.00000 1.00000
vt 0.00000 1.00000
vt 0.00000 1.00000
vt 0.00000 1.00000
vt 0.00000 1.00000
vt 0.00000 1.00000
vt 0.00000 1.00000
vt 0.00000 1.00000
vt 0.00000 1.00000
vt 0.00000 1.00000
vt 0.00000 1.00000
vt 0.00000 1.00000
vt 0.00000 1.00000
vt 0.00000 1.00000
vt 0.00000 1.00000
vt 0.00000 1.00000
vt 0.00000 1.00000
vt 0.00000 1.00000
vt 0.00000 1.00000
vt 0.00000 1.00000
vt 0.00000 1.00000
vt 0.00000 1.00000
vt 0.00000 1.00000
vt 0.00000 1.00000
vt 0.00000 1.00000
vt 0.00000 1.00000
vt 0.00000 1.00000
vt 0.00000 1.00000
vt 0.00000 1.00000
vt 0.00000 1.00000
vt 0.00000 1.00000
vt 0.00000 1.00000
vt 0.00000 1.00000
vt 0.00000 1.00000
vt 0.00000 1.00000
vt 0.00000 1.00000
vt 0.00000 1.00000
vt 0.00000 1.00000
vt 0.00000 1.00000
vt 0.00000 1.00000
vt 0.00000 1.00000
vt 0.00000 1.00000
vt 0.00000 1.00000
vt 0.00000 1.00000
vt 0.00000 1.00000
vt 0.00000 1.00000
vt 0.00000 1.00000
vt 0.00000 1.00000
vt 0.00000 1.00000
vt 0.00000 1.00000
vt 0.00000 1.00000
vt 0.00000 1.00000
vt 0.00000 1.00000
vt 0.00000 1.00000
vt 0.00000 1.00000
vt 0.00000 1.00000
vt 0.00000 1.00000
vt 0.00000 1.00000
vt 0.00000 1.00000
vt 0.00000 1.00000
vt 0.00000 1.00000
vt 0.00000 1.00000
vt 0.00000 1.00000
vt 0.00000 1.00000
vt 0.00000 1.00000
vt 0.00000 1.00000
vt 0.00000 1.00000
vt 0.00000 1.00000
vt 0.00000 1.00000
vt 0.00000 1.00000
vt 0.00000 1.00000
vt 0.00000 1.00000
vt 0.00000 1.00000
vt 0.00000 1.00000
vt 0.00000 1.00000
vt 0.00000 1.00000
vt 0.00000 1.00000
vt 0.00000 1.00000
vt 0.00000 1.00000
vt 0.00000 1.00000
vt 0.00000 1.00000
vt 0.00000 1.00000
vt 0.00000 1.00000
vt 0.00000 1.00000
vt 0.00000 1.00000
vt 0.00000 1.00000
vt 0.00000 1.00000
vt 0.00000 1.00000
vt 0.00000 1.00000
vt 0.00000 1.00000
vt 0.00000 1.00000
vt 0.00000 1.00000
vt 0.00000 1.00000
vt 0.00000 1.00000
vt 0.00000 1.00000
vt 0.00000 1.00000
vt 0.00000 1.00000
vt 0.00000 1.00000
vt 0.00000 1.00000
vt 0.00000 1.00000
vt 0.00000 1.00000
vt 0.00000 1.00000
vt 0.00000 1.00000
vt 0.00000 1.00000
vt 0.00000 1.00000
vt 0.00000 1.00000
vt 0.00000 1.00000
vt 0.00000 1.00000
vt 0.00000 1.00000
vt 0.00000 1.00000
vt 0.00000 1.00000
vt 0.00000 1.00000
vt 0.00000 1.00000
vt 0.00000 1.00000
vt 0.00000 1.00000
vt 0.00000 1.00000
vt 0.00000 1.00000
vt 0.00000 1.00000
vt 0.00000 1.00000
vt 0.00000 1.00000
vt 0.00000 1.00000
vt 0.00000 1.00000
vt 0.00000 1.00000
vt 0.00000 1.00000
vt 0.00000 1.00000
vt 0.00000 1.00000
vt 0.00000 1.00000
vt 0.00000 1.00000
vt 0.00000 1.00000
vt 0.00000 1.00000
vt 0.00000 1.00000
vt 0.00000 1.00000
vt 0.00000 1.00000
vt 0.00000 1.00000
vt 0.00000 1.00000
vt 0.00000 1.00000
vt 0.00000 1.00000
vt 0.00000 1.00000
vt 0.00000 1.00000
vt 0.00000 1.00000
vt 0.00000 1.00000
vt 0.00000 1.00000
vt 0.00000 1.00000
vt 0.00000 1.00000
vt 0.00000 1.00000
vt 0.00000 1.00000
vt 0.00000 1.00000
vt 0.00000 1.00000
vt 0.00000 1.00000
vt 0.00000 1.00000
vt 0.00000 1.00000
vt 0.00000 1.00000
vt 0.00000 1.00000
vt 0.00000 1.00000
vt 0.00000 1.00000
vt 0.00000 1.00000
vt 0.00000 1.00000
vt 0.00000 1.00000
vt 0.00000 1.00000
vt 0.00000 1.00000
vt 0.00000 1.00000
vt 0.00000 1.00000
vt 0.00000 1.00000
vt 0.00000 1.00000
vt 0.00000 1.00000
vt 0.00000 1.00000
vt 0.00000 1.00000
vt 0.00000 1.00000
vt 0.00000 1.00000
vt 0.00000 1.00000
vt 0.00000 1.00000
vt 0.00000 1.00000
vt 0.00000 1.00000
vt 0.00000 1.00000
vt 0.00000 1.00000
vt 0.00000 1.00000
vt 0.00000 1.00000
vt 0.00000 1.00000
vt 0.00000 1.00000
vt 0.00000 1.00000
vt 0.00000 1.00000
vt 0.00000 1.00000
vt 0.00000 1.00000
vt 0.00000 1.00000
vt 0.00000 1.00000
vt 0.00000 1.00000
vt 0.00000 1.00000
vt 0.00000 1.00000
vt 0.00000 1.00000
vt 0.00000 1.00000
vt 0.00000 1.00000
vt 0.00000 1.00000
vt 0.00000 1.00000
vt 0.00000 1.00000
vt 0.00000 1.00000
vt 0.00000 1.00000
vt 0.00000 1.00000
vt 0.00000 1.00000
vt 0.00000 1.00000
vt 0.00000 1.00000
vt 0.00000 1.00000
vt 0.00000 1.00000
vt 0.00000 1.00000
vt 0.00000 1.00000
vt 0.00000 1.00000
vt 0.00000 1.00000
vt 0.00000 1.00000
vt 0.00000 1.00000
vt 0.00000 1.00000
vt 0.00000 1.00000
vt 0.00000 1.00000
vt 0.00000 1.00000
vt 0.00000 1.00000
vt 0.00000 1.00000
vt 0.00000 1.00000
vt 0.00000 1.00000
vt 0.00000 1.00000
vt 0.00000 1.00000
vt 0.00000 1.00000
vt 0.00000 1.00000
vt 0.00000 1.00000
vt 0.00000 1.00000
vt 0.00000 1.00000
vt 0.00000 1.00000
vt 0.00000 1.00000
vt 0.00000 1.00000
vt 0.00000 1.00000
vt 0.00000 1.00000
vt 0.00000 1.00000
vt 0.00000 1.00000
vt 0.00000 1.00000
vt 0.00000 1.00000
vt 0.00000 1.00000
vt 0.00000 1.00000
vt 0.00000 1.00000
vt 0.00000 1.00000
vt 0.00000 1.00000
vt 0.00000 1.00000
vt 0.00000 1.00000
vt 0.00000 1.00000
vt 0.00000 1.00000
vt 0.00000 1.00000
vt 0.00000 1.00000
vt 0.00000 1.00000
vt 0.00000 1.00000
vt 0.00000 1.00000
vt 0.00000 1.00000
vt 0.00000 1.00000
vt 0.00000 1.00000
vt 0.00000 1.00000
vt 0.00000 1.00000
vt 0.00000 1.00000
vt 0.00000 1.00000
vt 0.00000 1.00000
vt 0.00000 1.00000
vt 0.00000 1.00000
vt 0.00000 1.00000
vt 0.00000 1.00000
vt 0.00000 1.00000
vt 0.00000 1.00000
vt 0.00000 1.00000
vt 0.00000 1.00000
vt 0.00000 1.00000
vt 0.00000 1.00000
vt 0.00000 1.00000
vt 0.00000 1.00000
vt 0.00000 1.00000
vt 0.00000 1.00000
vt 0.00000 1.00000
vt 0.00000 1.00000
vt 0.00000 1.00000
vt 0.00000 1.00000
vt 0.00000 1.00000
vt 0.00000 1.00000
vt 0.00000 1.00000
vt 0.00000 1.00000
vt 0.00000 1.00000
vt 0.00000 1.00000
vt 0.00000 1.00000
vt 0.00000 1.00000
vt 0.00000 1.00000
vt 0.00000 1.00000
vt 0.00000 1.00000
vt 0.00000 1.00000
vt 0.00000 1.00000
vt 0.00000 1.00000
vt 0.00000 1.00000
vt 0.00000 1.00000
vt 0.00000 1.00000
vt 0.00000 1.00000
vt 0.00000 1.00000
vt 0.00000 1.00000
vt 0.00000 1.00000
vt 0.00000 1.00000
vt 0.00000 1.00000
vt 0.00000 1.00000
vt 0.00000 1.00000
vt 0.00000 1.00000
vt 0.00000 1.00000
vt 0.00000 1.00000
vt 0.00000 1.00000
vt 0.00000 1.00000
vt 0.00000 1.00000
vt 0.00000 1.00000
vt 0.00000 1.00000
vt 0.00000 1.00000
vt 0.00000 1.00000
vt 0.00000 1.00000
vt 0.00000 1.00000
vt 0.00000 1.00000
vt 0.00000 1.00000
vt 0.00000 1.00000
vt 0.00000 1.00000
vt 0.00000 1.00000
vt 0.00000 1.00000
vt 0.00000 1.00000
vt 0.00000 1.00000
vt 0.00000 1.00000
vt 0.00000 1.00000
vt 0.00000 1.00000
vt 0.00000 1.00000
vt 0.00000 1.00000
vt 0.00000 1.00000
vt 0.00000 1.00000
vt 0.00000 1.00000
vt 0.00000 1.00000
vt 0.00000 1.00000
vt 0.00000 1.00000
vt 0.00000 1.00000
vt 0.00000 1.00000
vt 0.00000 1.00000
vt 0.00000 1.00000
vt 0.00000 1.00000
vt 0.00000 1.00000
vt 0.00000 1.00000
vt 0.00000 1.00000
vt 0.00000 1.00000
vt 0.00000 1.00000
vt 0.00000 1.00000
vt 0.00000 1.00000
vt 0.00000 1.00000
vt 0.00000 1.00000
vt 0.00000 1.00000
vt 0.00000 1.00000
vt 0.00000 1.00000
vt 0.00000 1.00000
vt 0.00000 1.00000
vt 0.00000 1.00000
vt 0.00000 1.00000
vt 0.00000 1.00000
vt 0.00000 1.00000
vt 0.00000 1.00000
vt 0.00000 1.00000
vt 0.00000 1.00000
vt 0.00000 1.00000
vt 0.00000 1.00000
vt 0.00000 1.00000
vt 0.00000 1.00000
vt 0.00000 1.00000
vt 0.00000 1.00000
vt 0.00000 1.00000
vt 0.00000 1.00000
vt 0.00000 1.00000
vt 0.00000 1.00000
vt 0.00000 1.00000
vt 0.00000 1.00000
vt 0.00000 1.00000
vt 0.00000 1.00000
vt 0.00000 1.00000
vt 0.00000 1.00000
vt 0.00000 1.00000
vt 0.00000 1.00000
vt 0.00000 1.00000
vt 0.00000 1.00000
vt 0.00000 1.00000
vt 0.00000 1.00000
vt 0.00000 1.00000
vt 0.00000 1.00000
vt 0.00000 1.00000
vt 0.00000 1.00000
vt 0.00000 1.00000
vt 0.00000 1.00000
vt 0.00000 1.00000
vt 0.00000 1.00000
vt 0.00000 1.00000
vt 0.00000 1.00000
vt 0.00000 1.00000
vt 0.00000 1.00000
vt 0.00000 1.00000
vt 0.00000 1.00000
vt 0.00000 1.00000
vt 0.00000 1.00000
vt 0.00000 1.00000
vt 0.00000 1.00000
vt 0.00000 1.00000
vt 0.00000 1.00000
vt 0.00000 1.00000
vt 0.00000 1.00000
vt 0.00000 1.00000
vt 0.00000 1.00000
vt 0.00000 1.00000
vt 0.00000 1.00000
vt 0.00000 1.00000
vt 0.00000 1.00000
vt 0.00000 1.00000
vt 0.00000 1.00000
vt 0.00000 1.00000
vt 0.00000 1.00000
vt 0.00000 1.00000
vt 0.00000 1.00000
vt 0.00000 1.00000
vt 0.00000 1.00000
vt 0.00000 1.00000
vt 0.00000 1.00000
vt 0.00000 1.00000
vt 0.00000 1.00000
vt 0.00000 1.00000
vt 0.00000 1.00000
vt 0.00000 1.00000
vt 0.00000 1.00000
vt 0.00000 1.00000
vt 0.00000 1.00000
vt 0.00000 1.00000
vt 0.00000 1.00000
vt 0.00000 1.00000
vt 0.00000 1.00000
vt 0.00000 1.00000
vt 0.00000 1.00000
vt 0.00000 1.00000
vt 0.00000 1.00000
vt 0.00000 1.00000
vt 0.00000 1.00000
vt 0.00000 1.00000
vt 0.00000 1.00000
vt 0.00000 1.00000
vt 0.00000 1.00000
vt 0.00000 1.00000
vt 0.00000 1.00000
vt 0.00000 1.00000
vt 0.00000 1.00000
vt 0.00000 1.00000
vt 0.00000 1.00000
vt 0.00000 1.00000
vt 0.00000 1.00000
vt 0.00000 1.00000
vt 0.00000 1.00000
vt 0.00000 1.00000
vt 0.00000 1.00000
vt 0.00000 1.00000
vt 0.00000 1.00000
vt 0.00000 1.00000
vt 0.00000 1.00000
vt 0.00000 1.00000
vt 0.00000 1.00000
vt 0.00000 1.00000
vt 0.00000 1.00000
vt 0.00000 1.00000
vt 0.00000 1.00000
vt 0.00000 1.00000
vt 0.00000 1.00000
vt 0.00000 1.00000
vt 0.00000 1.00000
vt 0.00000 1.00000
vt 0.00000 1.00000
vt 0.00000 1.00000
vt 0.00000 1.00000
vt 0.00000 1.00000
vt 0.00000 1.00000
vt 0.00000 1.00000
vt 0.00000 1.00000
vt 0.00000 1.00000
vt 0.00000 1.00000
usemtl bark
f 1/1 2/2 3/3
f 4/4 5/5 6/6
f 7/7 8/8 9/9
f 10/10 11/11 12/12
f 13/13 14/14 15/15
f 16/16 17/17 18/18
f 19/19 20/20 21/21
f 22/22 23/23 24/24
f 25/25 26/26 27/27
f 28/28 29/29 30/30
f 31/31 32/32 33/33
f 34/34 35/35 36/36
f 37/37 38/38 39/39
f 40/40 41/41 42/42
f 43/43 44/44 45/45
f 46/46 47/47 48/48
f 49/49 50/50 51/51
f 52/52 53/53 54/54
f 55/55 56/56 57/57
f 58/58 59/59 60/60
f 61/61 62/62 63/63
f 64/64 65/65 66/66
f 67/67 68/68 69/69
f 70/70 71/71 72/72
f 73/73 74/74 75/75
f 76/76 77/77 78/78
f 79/79 80/80 81/81
f 82/82 83/83 84/84
f 85/85 86/86 87/87
f 88/88 89/89 90/90
f 91/91 92/92 93/93
f 94/94 95/95 96/96
f 97/97 98/98 99/99
f 100/100 101/101 102/102
f 103/103 104/104 105/105
f 106/106 107/107 108/108
f 109/109 110/110 111/111
f 112/112 113/113 114/114
f 115/115 116/116 117/117
f 118/118 119/119 120/120
f 121/121 122/122 123/123
f 124/124 125/125 126/126
f 127/127 128/128 129/129
f 130/130 131/131 132/132
f 133/133 134/134 135/135
f 136/136 137/137 138/138
f 139/139 140/140 141/141
f 142/142 143/143 144/144
f 145/145 146/146 147/147
f 148/148 149/149 150/150
f 151/151 152/152 153/153
f 154/154 155/155 156/156
f 157/157 158/158 159/159
f 160/160 161/161 162/162
f 163/163 164/164 165/165
f 166/166 167/167 168/168
f 169/169 170/170 171/171
f 172/172 173/173 174/174
f 175/175 176/176 177/177
f 178/178 179/179 180/180
f 181/181 182/182 183/183
f 184/184 185/185 186/186
f 187/187 188/188 189/189
f 190/190 191/191 192/192
f 193/193 194/194 195/195
f 196/196 197/197 198/198
f 199/199 200/200 201/201
f 202/202 203/203 204/204
f 205/205 206/206 207/207
f 208/208 209/209 210/210
f 211/211 212/212 213/213
f 214/214 215/215 216/216
f 217/217 218/218 219/219
f 220/220 221/221 222/222
f 223/223 224/224 225/225
f 226/226 227/227 228/228
f 229/229 230/230 231/231
f 232/232 233/233 234/234
f 235/235 236/236 237/237
f 238/238 239/239 240/240
f 241/241 242/242 243/243
f 244/244 245/245 246/246
f 247/247 248/248 249/249
f 250/250 251/251 252/252
f 253/253 254/254 255/255
f 256/256 257/257 258/258
f 259/259 260/260 261/261
f 262/262 263/263 264/264
f 265/265 266/266 267/267
f 268/268 269/269 270/270
f 271/271 272/272 273/273
f 274/274 275/275 276/276
f 277/277 278/278 279/279
f 280/280 281/281 282/282
f 283/283 284/284 285/285
f 286/286 287/287 288/288
f 289/289 290/290 291/291
f 292/292 293/293 294/294
f 295/295 296/296 297/297
f 298/298 299/299 300/300
f 301/301 302/302 303/303
f 304/304 305/305 306/306
f 307/307 308/308 309/309
f 310/310 311/311 312/312
f 313/313 314/314 315/315
f 316/316 317/317 318/318
f 319/319 320/320 321/321
f 322/322 323/323 324/324
f 325/325 326/326 327/327
f 328/328 329/329 330/330
f 331/331 332/332 333/333
f 334/334 335/335 336/336
f 337/337 338/338 339/339
f 340/340 341/341 342/342
f 343/343 344/344 345/345
f 346/346 347/347 348/348
f 349/349 350/350 351/351
f 352/352 353/353 354/354
f 355/355 356/356 357/357
f 358/358 359/359 360/360
f 361/361 362/362 363/363
f 364/364 365/365 366/366
f 367/367 368/368 369/369
f 370/370 371/371 372/372
f 373/373 374/374 375/375
f 376/376 377/377 378/378
f 379/379 380/380 381/381
f 382/382 383/383 384/384
f 385/385 386/386 387/387
f 388/388 389/389 390/390
f 391/391 392/392 393/393
f 394/394 395/395 396/396
f 397/397 398/398 399/399
f 400/400 401/401 402/402
f 403/403 404/404 405/405
f 406/406 407/407 408/408
f 409/409 410/410 411/411
f 412/412 413/413 414/414
f 415/415 416/416 417/417
f 418/418 419/419 420/420
f 421/421 422/422 423/423
f 424/424 425/425 426/426
f 427/427 428/428 429/429
f 430/430 431/431 432/432
f 433/433 434/434 435/435
f 436/436 437/437 438/438
f 439/439 440/440 441/441
f 442/442 443/443 444/444
f 445/445 446/446 447/447
f 448/448 449/449 450/450
f 451/451 452/452 453/453
f 454/454 455/455 456/456
f 457/457 458/458 459/459
f 460/460 461/461 462/462
f 463/463 464/464 465/465
f 466/466 467/467 468/468
f 469/469 470/470 471/471
f 472/472 473/473 474/474
f 475/475 476/476 477/477
f 478/478 479/479 480/480
f 481/481 482/482 483/483
f 484/484 485/485 486/486
f 487/487 488/488 489/489
f 490/490 491/491 492/492
f 493/493 494/494 495/495
f 496/496 497/497 498/498
f 499/499 500/500 501/501
f 502/502 503/503 504/504
f 505/505 506/506 507/507
f 508/508 509/509 510/510
f 511/511 512/512 513/513
f 514/514 515/515 516/516
f 517/517 518/518 519/519
f 520/520 521/521 522/522
f 523/523 524/524 525/525
f 526/526 527/527 528/528
f 529/529 530/530 531/531
f 532/532 533/533 534/534
f 535/535 536/536 537/537
f 538/538 539/539 540/540
f 541/541 542/542 543/543
f 544/544 545/545 546/546
f 547/547 548/548 549/549
f 550/550 551/551 552/552
f 553/553 554/554 555/555
f 556/556 557/557 558/558
f 559/559 560/560 561/561
f 562/562 563/563 564/564
f 565/565 566/566 567/567
f 568/568 569/569 570/570
f 571/571 572/572 573/573
f 574/574 575/575 576/576
f 577/577 578/578 579/579
f 580/580 581/581 582/582
f 583/583 584/584 585/585
f 586/586 587/587 588/588
f 589/589 590/590 591/591
f 592/592 593/593 594/594
f 595/595 596/596 597/597
f 598/598 599/599 600/600
f 601/601 602/602 603/603
f 604/604 605/605 606/606
f 607/607 608/608 609/609
f 610/610 611/611 612/612
f 613/613 614/614 615/615
f 616/616 617/617 618/618
f 619/619 620/620 621/621
f 622/622 623/623 624/624
f 625/625 626/626 627/627
f 628/628 629/629 630/630
f 631/631 632/632 633/633
f 634/634 635/635 636/636
f 637/637 638/638 639/639
f 640/640 641/641 642/642
f 643/643 644/644 645/645
f 646/646 647/647 648/648
f 649/649 650/650 651/651
f 652/652 653/653 654/654
f 655/655 656/656 657/657
f 658/658 659/659 660/660
f 661/661 662/662 663/663
f 664/664 665/665 666/666
f 667/667 668/668 669/669
f 670/670 671/671 672/672
f 673/673 674/674 675/675
f 676/676 677/677 678/678
f 679/679 680/680 681/681
f 682/682 683/683 684/684
f 685/685 686/686 687/687
f 688/688 689/689 690/690
f 691/691 692/692 693/693
f 694/694 695/695 696/696
f 697/697 698/698 699/699
f 700/700 701/701 702/702
f 703/703 704/704 705/705
f 706/706 707/707 708/708
f 709/709 710/710 711/711
f 712/712 713/713 714/714
f 715/715 716/716 717/717
f 718/718 719/719 720/720
f 721/721 722/722 723/723
f 724/724 725/725 726/726
f 727/727 728/728 729/729
f 730/730 731/731 732/732
f 733/733 734/734 735/735
f 736/736 737/737 738/738
f 739/739 740/740 741/741
f 742/742 743/743 744/744
f 745/745 746/746 747/747
f 748/748 749/749 750/750
f 751/751 752/752 753/753
f 754/754 755/755 756/756
f 757/757 758/758 759/759
f 760/760 761/761 762/762
f 763/763 764/764 765/765
f 766/766 767/767 768/768
f 769/769 770/770 771/771
f 772/772 773/773 774/774
f 775/775 776/776 777/777
f 778/778 779/779 780/780
f 781/781 782/782 783/783
f 784/784 785/785 786/786
f 787/787 788/788 789/789
f 790/790 791/791 792/792
f 793/793 794/794 795/795
f 796/796 797/797 798/798
f 799/799 800/800 801/801
f 802/802 803/803 804/804
f 805/805 806/806 807/807
f 808/808 809/809 810/810
f 811/811 812/812 813/813
f 814/814 815/815 816/816
f 817/817 818/818 819/819
f 820/820 821/821 822/822
f 823/823 824/824 825/825
f 826/826 827/827 828/828
f 829/829 830/830 831/831
f 832/832 833/833 834/834
f 835/835 836/836 837/837
f 838/838 839/839 840/840
f 841/841 842/842 843/843
f 844/844 845/845 846/846
f 847/847 848/848 849/849
f 850/850 851/851 852/852
f 853/853 854/854 855/855
f 856/856 857/857 858/858
f 859/859 860/860 861/861
f 862/862 863/863 864/864
f 865/865 866/866 867/867
f 868/868 869/869 870/870
f 871/871 872/872 873/873
f 874/874 875/875 876/876
f 877/877 878/878 879/879
f 880/880 881/881 882/882
f 883/883 884/884 885/885
f 886/886 887/887 888/888
f 889/889 890/890 891/891
f 892/892 893/893 894/894
f 895/895 896/896 897/897
f 898/898 899/899 900/900
f 901/901 902/902 903/903
f 904/904 905/905 906/906
f 907/907 908/908 909/909
f 910/910 911/911 912/912
f 913/913 914/914 915/915
f 916/916 917/917 918/918
f 919/919 920/920 921/921
f 922/922 923/923 924/924
f 925/925 926/926 927/927
f 928/928 929/929 930/930
f 931/931 932/932 933/933
f 934/934 935/935 936/936
f 937/937 938/938 939/939
f 940/940 941/941 942/942
f 943/943 944/944 945/945
f 946/946 947/947 948/948
f 949/949 950/950 951/951
f 952/952 953/953 954/954
f 955/955 956/956 957/957
f 958/958 959/959 960/960
f 961/961 962/962 963/963
f 964/964 965/965 966/966
f 967/967 968/968 969/969
f 970/970 971/971 972/972
f 973/973 974/974 975/975
f 976/976 977/977 978/978
f 979/979 980/980 981/981
f 982/982 983/983 984/984
f 985/985 986/986 987/987
f 988/988 989/989 990/990
f 991/991 992/992 993/993
f 994/994 995/995 996/996
f 997/997 998/998 999/999
f 1000/1000 1001/1001 1002/1002
f 1003/1003 1004/1004 1005/1005
f 1006/1006 1007/1007 1008/1008
v 49.5313 14.3037 15.8332
v 48.9850 14.2368 15.6545
v 49.2925 15.7434 15.0876
v 48.9850 14.2368 15.6545
v 48.9007 14.2323 14.5886
v 49.2925 15.7434 15.0876
v 48.9007 14.2323 14.5886
v 49.9585 14.3642 14.5044
v 49.2925 15.7434 15.0876
v 49.9585 14.3642 14.5044
v 50.0427 14.3686 15.5703
v 49.2925 15.7434 15.0876
v 50.0427 14.3686 15.5703
v 49.5313 14.3037 15.8332
v 49.2925 15.7434 15.0876
v 49.5313 14.3037 15.8332
v 48.9007 14.2323 14.5886
v 48.9850 14.2368 15.6545
v 49.5313 14.3037 15.8332
v 49.9585 14.3642 14.5044
v 48.9007 14.2323 14.5886
v 49.5313 14.3037 15.8332
v 50.0427 14.3686 15.5703
v 49.9585 14.3642 14.5044
v 49.4291 15.0244 15.6778
v 48.7924 14.9484 15.1305
v 49.2029 16.4648 15.0916
v 48.7924 14.9484 15.1305
v 49.3351 15.0194 14.4893
v 49.2029 16.4648 15.0916
v 49.3351 15.0194 14.4893
v 49.9719 15.0954 15.0366
v 49.2029 16.4648 15.0916
v 49.9719 15.0954 15.0366
v 49.4291 15.0244 15.6778
v 49.2029 16.4648 15.0916
v 49.4291 15.0244 15.6778
v 49.3351 15.0194 14.4893
v 48.7924 14.9484 15.1305
v 49.4291 15.0244 15.6778
v 49.9719 15.0954 15.0366
v 49.3351 15.0194 14.4893
v 49.0210 15.7079 15.4083
v 48.9740 15.7054 14.8138
v 49.1133 17.1863 15.0957
v 48.9740 15.7054 14.8138
v 49.5640 15.7789 14.7668
v 49.1133 17.1863 15.0957
v 49.5640 15.7789 14.7668
v 49.6111 15.7814 15.3614
v 49.1133 17.1863 15.0957
v 49.6111 15.7814 15.3614
v 49.0210 15.7079 15.4083
v 49.1133 17.1863 15.0957
v 49.0210 15.7079 15.4083
v 49.5640 15.7789 14.7668
v 48.9740 15.7054 14.8138
v 49.0210 15.7079 15.4083
v 49.6111 15.7814 15.3614
v 49.5640 15.7789 14.7668
v 32.7503 17.5122 -45.7323
v 32.4312 17.4712 -46.6354
v 33.5691 19.9362 -46.6404
v 32.4312 17.4712 -46.6354
v 33.7468 17.4979 -47.8212
v 33.5691 19.9362 -46.6404
v 33.7468 17.4979 -47.8212
v 34.9301 17.5908 -46.5062
v 33.5691 19.9362 -46.6404
v 34.9301 17.5908 -46.5062
v 33.6144 17.5642 -45.3204
v 33.5691 19.9362 -46.6404
v 33.6144 17.5642 -45.3204
v 32.7503 17.5122 -45.7323
v 33.5691 19.9362 -46.6404
v 32.7503 17.5122 -45.7323
v 33.7468 17.4979 -47.8212
v 32.4312 17.4712 -46.6354
v 32.7503 17.5122 -45.7323
v 34.9301 17.5908 -46.5062
v 33.7468 17.4979 -47.8212
v 32.7503 17.5122 -45.7323
v 33.6144 17.5642 -45.3204
v 34.9301 17.5908 -46.5062
v 32.8913 18.7188 -45.9445
v 32.9652 18.6818 -47.3387
v 33.5134 21.1388 -46.6753
v 32.9652 18.6818 -47.3387
v 34.3584 18.7485 -47.2667
v 33.5134 21.1388 -46.6753
v 34.3584 18.7485 -47.2667
v 34.2845 18.7854 -45.8725
v 33.5134 21.1388 -46.6753
v 34.2845 18.7854 -45.8725
v 32.8913 18.7188 -45.9445
v 33.5134 21.1388 -46.6753
v 32.8913 18.7188 -45.9445
v 34.3584 18.7485 -47.2667
v 32.9652 18.6818 -47.3387
v 32.8913 18.7188 -45.9445
v 34.2845 18.7854 -45.8725
v 34.3584 18.7485 -47.2667
v 32.8722 19.9028 -46.6765
v 33.6061 19.9177 -47.3379
v 33.4576 22.3413 -46.7101
v 33.6061 19.9177 -47.3379
v 34.2661 19.9695 -46.6044
v 33.4576 22.3413 -46.7101
v 34.2661 19.9695 -46.6044
v 33.5322 19.9547 -45.9430
v 33.4576 22.3413 -46.7101
v 33.5322 19.9547 -45.9430
v 32.8722 19.9028 -46.6765
v 33.4576 22.3413 -46.7101
v 32.8722 19.9028 -46.6765
v 34.2661 19.9695 -46.6044
v 33.6061 19.9177 -47.3379
v 32.8722 19.9028 -46.6765
v 33.5322 19.9547 -45.9430
v 34.2661 19.9695 -46.6044
v 45.0734 16.6459 -43.5763
v 45.7537 16.6631 -43.5853
v 45.3799 18.3878 -42.8102
v 45.7537 16.6631 -43.5853
v 46.2492 16.7100 -42.4304
v 45.3799 18.3878 -42.8102
v 46.2492 16.7100 -42.4304
v 45.0938 16.6950 -41.9341
v 45.3799 18.3878 -42.8102
v 45.0938 16.6950 -41.9341
v 44.5983 16.6481 -43.0889
v 45.3799 18.3878 -42.8102
v 44.5983 16.6481 -43.0889
v 45.0734 16.6459 -43.5763
v 45.3799 18.3878 -42.8102
v 45.0734 16.6459 -43.5763
v 46.2492 16.7100 -42.4304
v 45.7537 16.6631 -43.5853
v 45.0734 16.6459 -43.5763
v 45.0938 16.6950 -41.9341
v 46.2492 16.7100 -42.4304
v 45.0734 16.6459 -43.5763
v 44.5983 16.6481 -43.0889
v 45.0938 16.6950 -41.9341
v 45.1256 17.5073 -43.4288
v 46.0460 17.5418 -43.0616
v 45.3580 19.2422 -42.8354
v 46.0460 17.5418 -43.0616
v 45.6781 17.5595 -42.1411
v 45.3580 19.2422 -42.8354
v 45.6781 17.5595 -42.1411
v 44.7577 17.5251 -42.5082
v 45.3580 19.2422 -42.8354
v 44.7577 17.5251 -42.5082
v 45.1256 17.5073 -43.4288
v 45.3580 19.2422 -42.8354
v 45.1256 17.5073 -43.4288
v 45.6781 17.5595 -42.1411
v 46.0460 17.5418 -43.0616
v 45.1256 17.5073 -43.4288
v 44.7577 17.5251 -42.5082
v 45.6781 17.5595 -42.1411
v 45.5640 18.3789 -43.2707
v 45.8404 18.4050 -42.6265
v 45.3361 20.0966 -42.8607
v 45.8404 18.4050 -42.6265
v 45.1959 18.3967 -42.3497
v 45.3361 20.0966 -42.8607
v 45.1959 18.3967 -42.3497
v 44.9195 18.3706 -42.9938
v 45.3361 20.0966 -42.8607
v 44.9195 18.3706 -42.9938
v 45.5640 18.3789 -43.2707
v 45.3361 20.0966 -42.8607
v 45.5640 18.3789 -43.2707
v 45.1959 18.3967 -42.3497
v 45.8404 18.4050 -42.6265
v 45.5640 18.3789 -43.2707
v 44.9195 18.3706 -42.9938
v 45.1959 18.3967 -42.3497
v 26.9249 16.7466 -4.5113
v 26.5917 16.7177 -3.7698
v 26.0438 18.8709 -4.3782
v 26.5917 16.7177 -3.7698
v 25.0951 16.8511 -3.8062
v 26.0438 18.8709 -4.3782
v 25.0951 16.8511 -3.8062
v 25.1415 16.9643 -5.3042
v 26.0438 18.8709 -4.3782
v 25.1415 16.9643 -5.3042
v 26.6382 16.8308 -5.2679
v 26.0438 18.8709 -4.3782
v 26.6382 16.8308 -5.2679
v 26.9249 16.7466 -4.5113
v 26.0438 18.8709 -4.3782
v 26.9249 16.7466 -4.5113
v 25.0951 16.8511 -3.8062
v 26.5917 16.7177 -3.7698
v 26.9249 16.7466 -4.5113
v 25.1415 16.9643 -5.3042
v 25.0951 16.8511 -3.8062
v 26.9249 16.7466 -4.5113
v 26.6382 16.8308 -5.2679
v 25.1415 16.9643 -5.3042
v 26.7896 17.7815 -4.4373
v 25.9293 17.7929 -3.6224
v 26.1324 19.8859 -4.2988
v 25.9293 17.7929 -3.6224
v 25.1208 17.9303 -4.4779
v 26.1324 19.8859 -4.2988
v 25.1208 17.9303 -4.4779
v 25.9811 17.9190 -5.2928
v 26.1324 19.8859 -4.2988
v 25.9811 17.9190 -5.2928
v 26.7896 17.7815 -4.4373
v 26.1324 19.8859 -4.2988
v 26.7896 17.7815 -4.4373
v 25.1208 17.9303 -4.4779
v 25.9293 17.7929 -3.6224
v 26.7896 17.7815 -4.4373
v 25.9811 17.9190 -5.2928
v 25.1208 17.9303 -4.4779
v 26.4482 18.8021 -3.9503
v 25.6134 18.8766 -3.9706
v 26.2209 20.9008 -4.2194
v 25.6134 18.8766 -3.9706
v 25.6393 18.9397 -4.8062
v 26.2209 20.9008 -4.2194
v 25.6393 18.9397 -4.8062
v 26.4742 18.8652 -4.7859
v 26.2209 20.9008 -4.2194
v 26.4742 18.8652 -4.7859
v 26.4482 18.8021 -3.9503
v 26.2209 20.9008 -4.2194
v 26.4482 18.8021 -3.9503
v 25.6393 18.9397 -4.8062
v 25.6134 18.8766 -3.9706
v 26.4482 18.8021 -3.9503
v 26.4742 18.8652 -4.7859
v 25.6393 18.9397 -4.8062
v -0.9445 18.9258 12.5725
v -0.6581 18.9300 11.4684
v 0.2554 21.9131 12.3058
v -0.6581 18.9300 11.4684
v 1.4203 19.1204 11.1750
v 0.2554 21.9131 12.3058
v 1.4203 19.1204 11.1750
v 1.7084 19.1910 13.2617
v 0.2554 21.9131 12.3058
v 1.7084 19.1910 13.2617
v -0.3700 19.0006 13.5551
v 0.2554 21.9131 12.3058
v -0.3700 19.0006 13.5551
v -0.9445 18.9258 12.5725
v 0.2554 21.9131 12.3058
v -0.9445 18.9258 12.5725
v 1.4203 19.1204 11.1750
v -0.6581 18.9300 11.4684
v -0.9445 18.9258 12.5725
v 1.7084 19.1910 13.2617
v 1.4203 19.1204 11.1750
v -0.9445 18.9258 12.5725
v -0.3700 19.0006 13.5551
v 1.7084 19.1910 13.2617
v -0.7685 20.3807 12.4990
v 0.2297 20.4475 11.1720
v 0.1206 23.3395 12.2761
v 0.2297 20.4475 11.1720
v 1.5491 20.5930 12.1718
v 0.1206 23.3395 12.2761
v 1.5491 20.5930 12.1718
v 0.5509 20.5262 13.4987
v 0.1206 23.3395 12.2761
v 0.5509 20.5262 13.4987
v -0.7685 20.3807 12.4990
v 0.1206 23.3395 12.2761
v -0.7685 20.3807 12.4990
v 1.5491 20.5930 12.1718
v 0.2297 20.4475 11.1720
v -0.7685 20.3807 12.4990
v 0.5509 20.5262 13.4987
v 1.5491 20.5930 12.1718
v -0.4046 21.8404 11.8056
v 0.7548 21.9466 11.6420
v -0.0143 24.7658 12.2465
v 0.7548 21.9466 11.6420
v 0.9155 21.9859 12.8059
v -0.0143 24.7658 12.2465
v 0.9155 21.9859 12.8059
v -0.2439 21.8797 12.9695
v -0.0143 24.7658 12.2465
v -0.2439 21.8797 12.9695
v -0.4046 21.8404 11.8056
v -0.0143 24.7658 12.2465
v -0.4046 21.8404 11.8056
v 0.9155 21.9859 12.8059
v 0.7548 21.9466 11.6420
v -0.4046 21.8404 11.8056
v -0.2439 21.8797 12.9695
v 0.9155 21.9859 12.8059
v 52.6963 17.2057 -49.9512
v 51.8027 17.1750 -49.1947
v 51.3326 20.1725 -50.5350
v 51.8027 17.1750 -49.1947
v 49.8783 17.2121 -50.1842
v 51.3326 20.1725 -50.5350
v 49.8783 17.2121 -50.1842
v 50.8685 17.2888 -52.1070
v 51.3326 20.1725 -50.5350
v 50.8685 17.2888 -52.1070
v 52.7929 17.2518 -51.1176
v 51.3326 20.1725 -50.5350
v 52.7929 17.2518 -51.1176
v 52.6963 17.2057 -49.9512
v 51.3326 20.1725 -50.5350
v 52.6963 17.2057 -49.9512
v 49.8783 17.2121 -50.1842
v 51.8027 17.1750 -49.1947
v 52.6963 17.2057 -49.9512
v 50.8685 17.2888 -52.1070
v 49.8783 17.2121 -50.1842
v 52.6963 17.2057 -49.9512
v 52.7929 17.2518 -51.1176
v 50.8685 17.2888 -52.1070
v 52.4070 18.6816 -50.0413
v 50.7821 18.6594 -49.5209
v 51.3312 21.6428 -50.4771
v 50.7821 18.6594 -49.5209
v 50.2612 18.7229 -51.1446
v 51.3312 21.6428 -50.4771
v 50.2612 18.7229 -51.1446
v 51.8862 18.7450 -51.6649
v 51.3312 21.6428 -50.4771
v 51.8862 18.7450 -51.6649
v 52.4070 18.6816 -50.0413
v 51.3312 21.6428 -50.4771
v 52.4070 18.6816 -50.0413
v 50.2612 18.7229 -51.1446
v 50.7821 18.6594 -49.5209
v 52.4070 18.6816 -50.0413
v 51.8862 18.7450 -51.6649
v 50.2612 18.7229 -51.1446
v 51.5932 20.1408 -49.7228
v 50.5198 20.1614 -50.2747
v 51.3297 23.1131 -50.4191
v 50.5198 20.1614 -50.2747
v 51.0721 20.2042 -51.3472
v 51.3297 23.1131 -50.4191
v 51.0721 20.2042 -51.3472
v 52.1455 20.1836 -50.7953
v 51.3297 23.1131 -50.4191
v 52.1455 20.1836 -50.7953
v 51.5932 20.1408 -49.7228
v 51.3297 23.1131 -50.4191
v 51.5932 20.1408 -49.7228
v 51.0721 20.2042 -51.3472
v 50.5198 20.1614 -50.2747
v 51.5932 20.1408 -49.7228
v 52.1455 20.1836 -50.7953
v 51.0721 20.2042 -51.3472
v 14.3627 17.3369 8.6788
v 15.1298 17.3523 8.0513
v 15.5192 19.7996 9.3701
v 15.1298 17.3523 8.0513
v 16.7438 17.3148 8.9162
v 15.5192 19.7996 9.3701
v 16.7438 17.3148 8.9162
v 15.8782 17.2684 10.5296
v 15.5192 19.7996 9.3701
v 15.8782 17.2684 10.5296
v 14.2641 17.3060 9.6647
v 15.5192 19.7996 9.3701
v 14.2641 17.3060 9.6647
v 14.3627 17.3369 8.6788
v 15.5192 19.7996 9.3701
v 14.3627 17.3369 8.6788
v 16.7438 17.3148 8.9162
v 15.1298 17.3523 8.0513
v 14.3627 17.3369 8.6788
v 15.8782 17.2684 10.5296
v 16.7438 17.3148 8.9162
v 14.3627 17.3369 8.6788
v 14.2641 17.3060 9.6647
v 15.8782 17.2684 10.5296
v 14.6117 18.5759 8.8481
v 15.9942 18.5808 8.4308
v 15.5268 21.0443 9.4099
v 15.9942 18.5808 8.4308
v 16.4114 18.5341 9.8125
v 15.5268 21.0443 9.4099
v 16.4114 18.5341 9.8125
v 15.0289 18.5292 10.2298
v 15.5268 21.0443 9.4099
v 15.0289 18.5292 10.2298
v 14.6117 18.5759 8.8481
v 15.5268 21.0443 9.4099
v 14.6117 18.5759 8.8481
v 16.4114 18.5341 9.8125
v 15.9942 18.5808 8.4308
v 14.6117 18.5759 8.8481
v 15.0289 18.5292 10.2298
v 16.4114 18.5341 9.8125
v 15.3105 19.8230 8.6789
v 16.2108 19.8021 9.1613
v 15.5344 22.2889 9.4497
v 16.2108 19.8021 9.1613
v 15.7279 19.7762 10.0613
v 15.5344 22.2889 9.4497
v 15.7279 19.7762 10.0613
v 14.8276 19.7972 9.5788
v 15.5344 22.2889 9.4497
v 14.8276 19.7972 9.5788
v 15.3105 19.8230 8.6789
v 15.5344 22.2889 9.4497
v 15.3105 19.8230 8.6789
v 15.7279 19.7762 10.0613
v 16.2108 19.8021 9.1613
v 15.3105 19.8230 8.6789
v 14.8276 19.7972 9.5788
v 15.7279 19.7762 10.0613
v 45.6827 15.2843 -2.3725
v 46.4209 15.2879 -3.3217
v 47.1103 18.3550 -2.0124
v 46.4209 15.2879 -3.3217
v 48.5622 15.3602 -2.7333
v 47.1103 18.3550 -2.0124
v 48.5622 15.3602 -2.7333
v 47.9728 15.3830 -0.5912
v 47.1103 18.3550 -2.0124
v 47.9728 15.3830 -0.5912
v 45.8315 15.3107 -1.1796
v 47.1103 18.3550 -2.0124
v 45.8315 15.3107 -1.1796
v 45.6827 15.2843 -2.3725
v 47.1103 18.3550 -2.0124
v 45.6827 15.2843 -2.3725
v 48.5622 15.3602 -2.7333
v 46.4209 15.2879 -3.3217
v 45.6827 15.2843 -2.3725
v 47.9728 15.3830 -0.5912
v 48.5622 15.3602 -2.7333
v 45.6827 15.2843 -2.3725
v 45.8315 15.3107 -1.1796
v 47.9728 15.3830 -0.5912
v 45.9597 16.8049 -2.3125
v 47.4821 16.8325 -3.1787
v 47.0670 19.8648 -2.0404
v 47.4821 16.8325 -3.1787
v 48.3474 16.8855 -1.6564
v 47.0670 19.8648 -2.0404
v 48.3474 16.8855 -1.6564
v 46.8249 16.8579 -0.7901
v 47.0670 19.8648 -2.0404
v 46.8249 16.8579 -0.7901
v 45.9597 16.8049 -2.3125
v 47.0670 19.8648 -2.0404
v 45.9597 16.8049 -2.3125
v 48.3474 16.8855 -1.6564
v 47.4821 16.8325 -3.1787
v 45.9597 16.8049 -2.3125
v 46.8249 16.8579 -0.7901
v 48.3474 16.8855 -1.6564
v 46.6774 18.3285 -2.7740
v 47.8718 18.3688 -2.4458
v 47.0237 21.3745 -2.0684
v 47.8718 18.3688 -2.4458
v 47.5431 18.3815 -1.2509
v 47.0237 21.3745 -2.0684
v 47.5431 18.3815 -1.2509
v 46.3487 18.3412 -1.5791
v 47.0237 21.3745 -2.0684
v 46.3487 18.3412 -1.5791
v 46.6774 18.3285 -2.7740
v 47.0237 21.3745 -2.0684
v 46.6774 18.3285 -2.7740
v 47.5431 18.3815 -1.2509
v 47.8718 18.3688 -2.4458
v 46.6774 18.3285 -2.7740
v 46.3487 18.3412 -1.5791
v 47.5431 18.3815 -1.2509
v -37.4525 21.5414 -40.8088
v -38.3351 21.6306 -41.5319
v -36.7693 24.3893 -42.1969
v -38.3351 21.6306 -41.5319
v -37.7273 21.6079 -43.5572
v -36.7693 24.3893 -42.1969
v -37.7273 21.6079 -43.5572
v -35.7105 21.4201 -42.9499
v -36.7693 24.3893 -42.1969
v -35.7105 21.4201 -42.9499
v -36.3182 21.4428 -40.9246
v -36.7693 24.3893 -42.1969
v -36.3182 21.4428 -40.9246
v -37.4525 21.5414 -40.8088
v -36.7693 24.3893 -42.1969
v -37.4525 21.5414 -40.8088
v -37.7273 21.6079 -43.5572
v -38.3351 21.6306 -41.5319
v -37.4525 21.5414 -40.8088
v -35.7105 21.4201 -42.9499
v -37.7273 21.6079 -43.5572
v -37.4525 21.5414 -40.8088
v -36.3182 21.4428 -40.9246
v -35.7105 21.4201 -42.9499
v -37.2349 22.9700 -41.0898
v -38.0204 23.0620 -42.5575
v -36.6426 25.8213 -42.1749
v -38.0204 23.0620 -42.5575
v -36.5572 22.9447 -43.3480
v -36.6426 25.8213 -42.1749
v -36.5572 22.9447 -43.3480
v -35.7716 22.8526 -41.8803
v -36.6426 25.8213 -42.1749
v -35.7716 22.8526 -41.8803
v -37.2349 22.9700 -41.0898
v -36.6426 25.8213 -42.1749
v -37.2349 22.9700 -41.0898
v -36.5572 22.9447 -43.3480
v -38.0204 23.0620 -42.5575
v -37.2349 22.9700 -41.0898
v -35.7716 22.8526 -41.8803
v -36.5572 22.9447 -43.3480
v -37.5013 24.4480 -41.8014
v -37.1623 24.4354 -42.9311
v -36.5159 27.2533 -42.1529
v -37.1623 24.4354 -42.9311
v -36.0373 24.3306 -42.5923
v -36.5159 27.2533 -42.1529
v -36.0373 24.3306 -42.5923
v -36.3763 24.3432 -41.4626
v -36.5159 27.2533 -42.1529
v -36.3763 24.3432 -41.4626
v -37.5013 24.4480 -41.8014
v -36.5159 27.2533 -42.1529
v -37.5013 24.4480 -41.8014
v -36.0373 24.3306 -42.5923
v -37.1623 24.4354 -42.9311
v -37.5013 24.4480 -41.8014
v -36.3763 24.3432 -41.4626
v -36.0373 24.3306 -42.5923
v 18.3524 17.8724 -8.2654
v 18.3331 17.8548 -7.3850
v 17.2178 20.0460 -7.8064
v 18.3331 17.8548 -7.3850
v 16.8166 17.8006 -6.7963
v 17.2178 20.0460 -7.8064
v 16.8166 17.8006 -6.7963
v 16.2272 17.8134 -8.3134
v 17.2178 20.0460 -7.8064
v 16.2272 17.8134 -8.3134
v 17.7437 17.8675 -8.9021
v 17.2178 20.0460 -7.8064
v 17.7437 17.8675 -8.9021
v 18.3524 17.8724 -8.2654
v 17.2178 20.0460 -7.8064
v 18.3524 17.8724 -8.2654
v 16.8166 17.8006 -6.7963
v 18.3331 17.8548 -7.3850
v 18.3524 17.8724 -8.2654
v 16.2272 17.8134 -8.3134
v 16.8166 17.8006 -6.7963
v 18.3524 17.8724 -8.2654
v 17.7437 17.8675 -8.9021
v 16.2272 17.8134 -8.3134
v 18.0944 18.9703 -8.1560
v 17.5775 18.9329 -6.9819
v 17.1866 21.1520 -7.7849
v 17.5775 18.9329 -6.9819
v 16.4035 18.9099 -7.4996
v 17.1866 21.1520 -7.7849
v 16.4035 18.9099 -7.4996
v 16.9203 18.9472 -8.6736
v 17.1866 21.1520 -7.7849
v 16.9203 18.9472 -8.6736
v 18.0944 18.9703 -8.1560
v 17.1866 21.1520 -7.7849
v 18.0944 18.9703 -8.1560
v 16.4035 18.9099 -7.4996
v 17.5775 18.9329 -6.9819
v 18.0944 18.9703 -8.1560
v 16.9203 18.9472 -8.6736
v 16.4035 18.9099 -7.4996
v 17.8051 20.0576 -7.5474
v 16.9592 20.0274 -7.2191
v 17.1554 22.2580 -7.7635
v 16.9592 20.0274 -7.2191
v 16.6304 20.0345 -8.0653
v 17.1554 22.2580 -7.7635
v 16.6304 20.0345 -8.0653
v 17.4763 20.0647 -8.3936
v 17.1554 22.2580 -7.7635
v 17.4763 20.0647 -8.3936
v 17.8051 20.0576 -7.5474
v 17.1554 22.2580 -7.7635
v 17.8051 20.0576 -7.5474
v 16.6304 20.0345 -8.0653
v 16.9592 20.0274 -7.2191
v 17.8051 20.0576 -7.5474
v 17.4763 20.0647 -8.3936
v 16.6304 20.0345 -8.0653
v -42.7180 21.4525 -50.2700
v -42.1254 21.3844 -51.0001
v -41.3950 23.7581 -50.0201
v -42.1254 21.3844 -51.0001
v -40.4585 21.3044 -50.5004
v -41.3950 23.7581 -50.0201
v -40.4585 21.3044 -50.5004
v -40.9533 21.4075 -48.8333
v -41.3950 23.7581 -50.0201
v -40.9533 21.4075 -48.8333
v -42.6202 21.4875 -49.3330
v -41.3950 23.7581 -50.0201
v -42.6202 21.4875 -49.3330
v -42.7180 21.4525 -50.2700
v -41.3950 23.7581 -50.0201
v -42.7180 21.4525 -50.2700
v -40.4585 21.3044 -50.5004
v -42.1254 21.3844 -51.0001
v -42.7180 21.4525 -50.2700
v -40.9533 21.4075 -48.8333
v -40.4585 21.3044 -50.5004
v -42.7180 21.4525 -50.2700
v -42.6202 21.4875 -49.3330
v -40.9533 21.4075 -48.8333
v -42.3965 22.6216 -50.2470
v -41.1913 22.5195 -50.8978
v -41.3228 24.9391 -50.0717
v -41.1913 22.5195 -50.8978
v -40.5379 22.5324 -49.6898
v -41.3228 24.9391 -50.0717
v -40.5379 22.5324 -49.6898
v -41.7430 22.6345 -49.0390
v -41.3228 24.9391 -50.0717
v -41.7430 22.6345 -49.0390
v -42.3965 22.6216 -50.2470
v -41.3228 24.9391 -50.0717
v -42.3965 22.6216 -50.2470
v -40.5379 22.5324 -49.6898
v -41.1913 22.5195 -50.8978
v -42.3965 22.6216 -50.2470
v -41.7430 22.6345 -49.0390
v -40.5379 22.5324 -49.6898
v -41.7219 23.7516 -50.6244
v -40.7921 23.7070 -50.3456
v -41.2507 26.1202 -50.1234
v -40.7921 23.7070 -50.3456
v -41.0681 23.7645 -49.4158
v -41.2507 26.1202 -50.1234
v -41.0681 23.7645 -49.4158
v -41.9979 23.8092 -49.6945
v -41.2507 26.1202 -50.1234
v -41.9979 23.8092 -49.6945
v -41.7219 23.7516 -50.6244
v -41.2507 26.1202 -50.1234
v -41.7219 23.7516 -50.6244
v -41.0681 23.7645 -49.4158
v -40.7921 23.7070 -50.3456
v -41.7219 23.7516 -50.6244
v -41.9979 23.8092 -49.6945
v -41.0681 23.7645 -49.4158
v 24.8104 16.8154 1.4530
v 24.0822 16.8971 0.8533
v 25.3700 19.1948 0.3500
v 24.0822 16.8971 0.8533
v 24.5916 16.9112 -0.8205
v 25.3700 19.1948 0.3500
v 24.5916 16.9112 -0.8205
v 26.2590 16.7537 -0.3144
v 25.3700 19.1948 0.3500
v 26.2590 16.7537 -0.3144
v 25.7496 16.7396 1.3594
v 25.3700 19.1948 0.3500
v 25.7496 16.7396 1.3594
v 24.8104 16.8154 1.4530
v 25.3700 19.1948 0.3500
v 24.8104 16.8154 1.4530
v 24.5916 16.9112 -0.8205
v 24.0822 16.8971 0.8533
v 24.8104 16.8154 1.4530
v 26.2590 16.7537 -0.3144
v 24.5916 16.9112 -0.8205
v 24.8104 16.8154 1.4530
v 25.7496 16.7396 1.3594
v 26.2590 16.7537 -0.3144
v 24.9863 18.0023 1.2429
v 24.3407 18.0979 0.0275
v 25.4696 20.3795 0.3903
v 24.3407 18.0979 0.0275
v 25.5543 18.0179 -0.6234
v 25.4696 20.3795 0.3903
v 25.5543 18.0179 -0.6234
v 26.1999 17.9223 0.5919
v 25.4696 20.3795 0.3903
v 26.1999 17.9223 0.5919
v 24.9863 18.0023 1.2429
v 25.4696 20.3795 0.3903
v 24.9863 18.0023 1.2429
v 25.5543 18.0179 -0.6234
v 24.3407 18.0979 0.0275
v 24.9863 18.0023 1.2429
v 26.1999 17.9223 0.5919
v 25.5543 18.0179 -0.6234
v 24.7628 19.2348 0.6757
v 25.0470 19.2426 -0.2580
v 25.5693 21.5642 0.4306
v 25.0470 19.2426 -0.2580
v 25.9771 19.1548 0.0244
v 25.5693 21.5642 0.4306
v 25.9771 19.1548 0.0244
v 25.6929 19.1470 0.9580
v 25.5693 21.5642 0.4306
v 25.6929 19.1470 0.9580
v 24.7628 19.2348 0.6757
v 25.5693 21.5642 0.4306
v 24.7628 19.2348 0.6757
v 25.9771 19.1548 0.0244
v 25.0470 19.2426 -0.2580
v 24.7628 19.2348 0.6757
v 25.6929 19.1470 0.9580
v 25.9771 19.1548 0.0244
v 34.6068 16.3073 -7.3803
v 35.0152 16.3102 -6.4735
v 33.6362 18.7652 -6.4057
v 35.0152 16.3102 -6.4735
v 33.7570 16.2543 -5.1353
v 33.6362 18.7652 -6.4057
v 33.7570 16.2543 -5.1353
v 32.4190 16.2253 -6.3947
v 33.6362 18.7652 -6.4057
v 32.4190 16.2253 -6.3947
v 33.6772 16.2812 -7.7328
v 33.6362 18.7652 -6.4057
v 33.6772 16.2812 -7.7328
v 34.6068 16.3073 -7.3803
v 33.6362 18.7652 -6.4057
v 34.6068 16.3073 -7.3803
v 33.7570 16.2543 -5.1353
v 35.0152 16.3102 -6.4735
v 34.6068 16.3073 -7.3803
v 32.4190 16.2253 -6.3947
v 33.7570 16.2543 -5.1353
v 34.6068 16.3073 -7.3803
v 33.6772 16.2812 -7.7328
v 32.4190 16.2253 -6.3947
v 34.3782 17.5477 -7.1659
v 34.4226 17.5326 -5.7178
v 33.5958 20.0139 -6.3915
v 34.4226 17.5326 -5.7178
v 32.9752 17.4853 -5.6738
v 33.5958 20.0139 -6.3915
v 32.9752 17.4853 -5.6738
v 32.9307 17.5003 -7.1220
v 33.5958 20.0139 -6.3915
v 32.9307 17.5003 -7.1220
v 34.3782 17.5477 -7.1659
v 33.5958 20.0139 -6.3915
v 34.3782 17.5477 -7.1659
v 32.9752 17.4853 -5.6738
v 34.4226 17.5326 -5.7178
v 34.3782 17.5477 -7.1659
v 32.9307 17.5003 -7.1220
v 32.9752 17.4853 -5.6738
v 34.3603 18.7889 -6.4277
v 33.6585 18.7577 -5.6812
v 33.5554 21.2626 -6.3773
v 33.6585 18.7577 -5.6812
v 32.9122 18.7415 -6.3837
v 33.5554 21.2626 -6.3773
v 32.9122 18.7415 -6.3837
v 33.6140 18.7727 -7.1301
v 33.5554 21.2626 -6.3773
v 33.6140 18.7727 -7.1301
v 34.3603 18.7889 -6.4277
v 33.5554 21.2626 -6.3773
v 34.3603 18.7889 -6.4277
v 32.9122 18.7415 -6.3837
v 33.6585 18.7577 -5.6812
v 34.3603 18.7889 -6.4277
v 33.6140 18.7727 -7.1301
v 32.9122 18.7415 -6.3837
v 17.7595 18.5290 -31.3862
v 17.7803 18.5993 -32.5675
v 19.0002 21.6187 -31.7733
v 17.7803 18.5993 -32.5675
v 19.8110 18.7792 -33.3595
v 19.0002 21.6187 -31.7733
v 19.8110 18.7792 -33.3595
v 20.6104 18.7132 -31.3248
v 19.0002 21.6187 -31.7733
v 20.6104 18.7132 -31.3248
v 18.5797 18.5332 -30.5329
v 19.0002 21.6187 -31.7733
v 18.5797 18.5332 -30.5329
v 17.7595 18.5290 -31.3862
v 19.0002 21.6187 -31.7733
v 17.7595 18.5290 -31.3862
v 19.8110 18.7792 -33.3595
v 17.7803 18.5993 -32.5675
v 17.7595 18.5290 -31.3862
v 20.6104 18.7132 -31.3248
v 19.8110 18.7792 -33.3595
v 17.7595 18.5290 -31.3862
v 18.5797 18.5332 -30.5329
v 20.6104 18.7132 -31.3248
v 17.9657 20.0371 -31.4182
v 18.6521 20.1743 -32.9941
v 18.9027 23.0999 -31.6869
v 18.6521 20.1743 -32.9941
v 20.2299 20.2378 -32.3013
v 18.9027 23.0999 -31.6869
v 20.2299 20.2378 -32.3013
v 19.5435 20.1006 -30.7254
v 18.9027 23.0999 -31.6869
v 19.5435 20.1006 -30.7254
v 17.9657 20.0371 -31.4182
v 18.9027 23.0999 -31.6869
v 17.9657 20.0371 -31.4182
v 20.2299 20.2378 -32.3013
v 18.6521 20.1743 -32.9941
v 17.9657 20.0371 -31.4182
v 19.5435 20.1006 -30.7254
v 20.2299 20.2378 -32.3013
v 18.2110 21.5869 -32.1199
v 19.3436 21.6873 -32.5617
v 18.8051 24.5812 -31.6005
v 19.3436 21.6873 -32.5617
v 19.7895 21.6505 -31.4268
v 18.8051 24.5812 -31.6005
v 19.7895 21.6505 -31.4268
v 18.6569 21.5501 -30.9850
v 18.8051 24.5812 -31.6005
v 18.6569 21.5501 -30.9850
v 18.2110 21.5869 -32.1199
v 18.8051 24.5812 -31.6005
v 18.2110 21.5869 -32.1199
v 19.7895 21.6505 -31.4268
v 19.3436 21.6873 -32.5617
v 18.2110 21.5869 -32.1199
v 18.6569 21.5501 -30.9850
v 19.7895 21.6505 -31.4268
v 42.0023 14.8752 0.9420
v 42.7120 14.9007 1.0647
v 42.1481 16.7048 1.8342
v 42.7120 14.9007 1.0647
v 43.0037 14.9293 2.3636
v 42.1481 16.7048 1.8342
v 43.0037 14.9293 2.3636
v 41.7053 14.8900 2.6561
v 42.1481 16.7048 1.8342
v 41.7053 14.8900 2.6561
v 41.4135 14.8615 1.3572
v 42.1481 16.7048 1.8342
v 41.4135 14.8615 1.3572
v 42.0023 14.8752 0.9420
v 42.1481 16.7048 1.8342
v 42.0023 14.8752 0.9420
v 43.0037 14.9293 2.3636
v 42.7120 14.9007 1.0647
v 42.0023 14.8752 0.9420
v 41.7053 14.8900 2.6561
v 43.0037 14.9293 2.3636
v 42.0023 14.8752 0.9420
v 41.4135 14.8615 1.3572
v 41.7053 14.8900 2.6561
v 42.0157 15.7842 1.1232
v 42.9023 15.8220 1.6842
v 42.1178 17.6095 1.8211
v 42.9023 15.8220 1.6842
v 42.3410 15.8160 2.5715
v 42.1178 17.6095 1.8211
v 42.3410 15.8160 2.5715
v 41.4544 15.7782 2.0104
v 42.1178 17.6095 1.8211
v 41.4544 15.7782 2.0104
v 42.0157 15.7842 1.1232
v 42.1178 17.6095 1.8211
v 42.0157 15.7842 1.1232
v 42.3410 15.8160 2.5715
v 42.9023 15.8220 1.6842
v 42.0157 15.7842 1.1232
v 41.4544 15.7782 2.0104
v 42.3410 15.8160 2.5715
v 42.4288 16.7078 1.3904
v 42.5916 16.7237 2.1149
v 42.0875 18.5143 1.8080
v 42.5916 16.7237 2.1149
v 41.8673 16.7019 2.2780
v 42.0875 18.5143 1.8080
v 41.8673 16.7019 2.2780
v 41.7046 16.6859 1.5536
v 42.0875 18.5143 1.8080
v 41.7046 16.6859 1.5536
v 42.4288 16.7078 1.3904
v 42.0875 18.5143 1.8080
v 42.4288 16.7078 1.3904
v 41.8673 16.7019 2.2780
v 42.5916 16.7237 2.1149
v 42.4288 16.7078 1.3904
v 41.7046 16.6859 1.5536
v 41.8673 16.7019 2.2780
v 20.5903 17.0388 9.6549
v 20.1133 17.0481 8.4070
v 21.9391 20.3616 8.4490
v 20.1133 17.0481 8.4070
v 21.9056 17.0015 6.7102
v 21.9391 20.3616 8.4490
v 21.9056 17.0015 6.7102
v 23.6020 16.9636 8.5031
v 21.9391 20.3616 8.4490
v 23.6020 16.9636 8.5031
v 21.8097 17.0102 10.2000
v 21.9391 20.3616 8.4490
v 21.8097 17.0102 10.2000
v 20.5903 17.0388 9.6549
v 21.9391 20.3616 8.4490
v 20.5903 17.0388 9.6549
v 21.9056 17.0015 6.7102
v 20.1133 17.0481 8.4070
v 20.5903 17.0388 9.6549
v 23.6020 16.9636 8.5031
v 21.9056 17.0015 6.7102
v 20.5903 17.0388 9.6549
v 21.8097 17.0102 10.2000
v 23.6020 16.9636 8.5031
v 20.8991 18.7097 9.3980
v 20.9526 18.7049 7.4524
v 21.9799 22.0395 8.4460
v 20.9526 18.7049 7.4524
v 22.8977 18.6578 7.5060
v 21.9799 22.0395 8.4460
v 22.8977 18.6578 7.5060
v 22.8442 18.6626 9.4516
v 21.9799 22.0395 8.4460
v 22.8442 18.6626 9.4516
v 20.8991 18.7097 9.3980
v 21.9799 22.0395 8.4460
v 20.8991 18.7097 9.3980
v 22.8977 18.6578 7.5060
v 20.9526 18.7049 7.4524
v 20.8991 18.7097 9.3980
v 22.8442 18.6626 9.4516
v 22.8977 18.6578 7.5060
v 20.9662 20.3852 8.4222
v 21.9659 20.3592 7.4757
v 22.0206 23.7174 8.4429
v 21.9659 20.3592 7.4757
v 22.9121 20.3380 8.4758
v 22.0206 23.7174 8.4429
v 22.9121 20.3380 8.4758
v 21.9124 20.3640 9.4223
v 22.0206 23.7174 8.4429
v 21.9124 20.3640 9.4223
v 20.9662 20.3852 8.4222
v 22.0206 23.7174 8.4429
v 20.9662 20.3852 8.4222
v 22.9121 20.3380 8.4758
v 21.9659 20.3592 7.4757
v 20.9662 20.3852 8.4222
v 21.9124 20.3640 9.4223
v 22.9121 20.3380 8.4758
v 36.6072 17.4690 -35.8840
v 35.5179 17.6541 -35.9071
v 36.5498 20.2530 -37.3130
v 35.5179 17.6541 -35.9071
v 34.7769 17.7218 -37.8088
v 36.5498 20.2530 -37.3130
v 34.7769 17.7218 -37.8088
v 36.6487 17.3798 -38.5503
v 36.5498 20.2530 -37.3130
v 36.6487 17.3798 -38.5503
v 37.3896 17.3120 -36.6485
v 36.5498 20.2530 -37.3130
v 37.3896 17.3120 -36.6485
v 36.6072 17.4690 -35.8840
v 36.5498 20.2530 -37.3130
v 36.6072 17.4690 -35.8840
v 34.7769 17.7218 -37.8088
v 35.5179 17.6541 -35.9071
v 36.6072 17.4690 -35.8840
v 36.6487 17.3798 -38.5503
v 34.7769 17.7218 -37.8088
v 36.6072 17.4690 -35.8840
v 37.3896 17.3120 -36.6485
v 36.6487 17.3798 -38.5503
v 36.7297 18.8472 -36.2106
v 35.2730 19.0757 -36.8575
v 36.7831 21.6211 -37.3552
v 35.2730 19.0757 -36.8575
v 35.9035 18.9227 -38.3311
v 36.7831 21.6211 -37.3552
v 35.9035 18.9227 -38.3311
v 37.3601 18.6943 -37.6842
v 36.7831 21.6211 -37.3552
v 37.3601 18.6943 -37.6842
v 36.7297 18.8472 -36.2106
v 36.7831 21.6211 -37.3552
v 36.7297 18.8472 -36.2106
v 35.9035 18.9227 -38.3311
v 35.2730 19.0757 -36.8575
v 36.7297 18.8472 -36.2106
v 37.3601 18.6943 -37.6842
v 35.9035 18.9227 -38.3311
v 36.2345 20.3295 -36.5758
v 35.8212 20.3673 -37.6366
v 37.0164 22.9891 -37.3973
v 35.8212 20.3673 -37.6366
v 36.8652 20.1765 -38.0502
v 37.0164 22.9891 -37.3973
v 36.8652 20.1765 -38.0502
v 37.2785 20.1387 -36.9894
v 37.0164 22.9891 -37.3973
v 37.2785 20.1387 -36.9894
v 36.2345 20.3295 -36.5758
v 37.0164 22.9891 -37.3973
v 36.2345 20.3295 -36.5758
v 36.8652 20.1765 -38.0502
v 35.8212 20.3673 -37.6366
v 36.2345 20.3295 -36.5758
v 37.2785 20.1387 -36.9894
v 36.8652 20.1765 -38.0502
v 45.4871 15.3915 9.8661
v 46.6183 15.4088 10.8104
v 44.8314 19.0655 11.7340
v 46.6183 15.4088 10.8104
v 45.8068 15.3696 13.4093
v 44.8314 19.0655 11.7340
v 45.8068 15.3696 13.4093
v 43.2083 15.3188 12.5972
v 44.8314 19.0655 11.7340
v 43.2083 15.3188 12.5972
v 44.0198 15.3580 9.9982
v 44.8314 19.0655 11.7340
v 44.0198 15.3580 9.9982
v 45.4871 15.3915 9.8661
v 44.8314 19.0655 11.7340
v 45.4871 15.3915 9.8661
v 45.8068 15.3696 13.4093
v 46.6183 15.4088 10.8104
v 45.4871 15.3915 9.8661
v 43.2083 15.3188 12.5972
v 45.8068 15.3696 13.4093
v 45.4871 15.3915 9.8661
v 44.0198 15.3580 9.9982
v 43.2083 15.3188 12.5972
v 45.3248 17.2365 10.2699
v 46.3211 17.2430 12.1717
v 44.7905 20.9164 11.7491
v 46.3211 17.2430 12.1717
v 44.4199 17.1928 13.1679
v 44.7905 20.9164 11.7491
v 44.4199 17.1928 13.1679
v 43.4236 17.1863 11.2661
v 44.7905 20.9164 11.7491
v 43.4236 17.1863 11.2661
v 45.3248 17.2365 10.2699
v 44.7905 20.9164 11.7491
v 45.3248 17.2365 10.2699
v 44.4199 17.1928 13.1679
v 46.3211 17.2430 12.1717
v 45.3248 17.2365 10.2699
v 43.4236 17.1863 11.2661
v 44.4199 17.1928 13.1679
v 45.7825 19.0906 11.2357
v 45.3298 19.0688 12.6854
v 44.7495 22.7672 11.7642
v 45.3298 19.0688 12.6854
v 43.8804 19.0404 12.2324
v 44.7495 22.7672 11.7642
v 43.8804 19.0404 12.2324
v 44.3330 19.0623 10.7827
v 44.7495 22.7672 11.7642
v 44.3330 19.0623 10.7827
v 45.7825 19.0906 11.2357
v 44.7495 22.7672 11.7642
v 45.7825 19.0906 11.2357
v 43.8804 19.0404 12.2324
v 45.3298 19.0688 12.6854
v 45.7825 19.0906 11.2357
v 44.3330 19.0623 10.7827
v 43.8804 19.0404 12.2324
v 40.4755 15.9591 -13.8571
v 41.4151 15.9984 -13.7744
v 40.7488 18.3605 -12.7143
v 41.4151 15.9984 -13.7744
v 41.9374 16.0431 -12.1107
v 40.7488 18.3605 -12.7143
v 41.9374 16.0431 -12.1107
v 40.2746 15.9831 -11.5871
v 40.7488 18.3605 -12.7143
v 40.2746 15.9831 -11.5871
v 39.7523 15.9384 -13.2507
v 40.7488 18.3605 -12.7143
v 39.7523 15.9384 -13.2507
v 40.4755 15.9591 -13.8571
v 40.7488 18.3605 -12.7143
v 40.4755 15.9591 -13.8571
v 41.9374 16.0431 -12.1107
v 41.4151 15.9984 -13.7744
v 40.4755 15.9591 -13.8571
v 40.2746 15.9831 -11.5871
v 41.9374 16.0431 -12.1107
v 40.4755 15.9591 -13.8571
v 39.7523 15.9384 -13.2507
v 40.2746 15.9831 -11.5871
v 40.5056 17.1507 -13.6250
v 41.7239 17.2091 -12.9895
v 40.7008 19.5454 -12.7311
v 41.7239 17.2091 -12.9895
v 41.0880 17.2006 -11.7700
v 40.7008 19.5454 -12.7311
v 41.0880 17.2006 -11.7700
v 39.8698 17.1422 -12.4056
v 40.7008 19.5454 -12.7311
v 39.8698 17.1422 -12.4056
v 40.5056 17.1507 -13.6250
v 40.7008 19.5454 -12.7311
v 40.5056 17.1507 -13.6250
v 41.0880 17.2006 -11.7700
v 41.7239 17.2091 -12.9895
v 40.5056 17.1507 -13.6250
v 39.8698 17.1422 -12.4056
v 41.0880 17.2006 -11.7700
v 41.0669 18.3648 -13.3243
v 41.3582 18.3897 -12.3963
v 40.6527 20.7303 -12.7479
v 41.3582 18.3897 -12.3963
v 40.4307 18.3563 -12.1042
v 40.6527 20.7303 -12.7479
v 40.4307 18.3563 -12.1042
v 40.1394 18.3313 -13.0322
v 40.6527 20.7303 -12.7479
v 40.1394 18.3313 -13.0322
v 41.0669 18.3648 -13.3243
v 40.6527 20.7303 -12.7479
v 41.0669 18.3648 -13.3243
v 40.4307 18.3563 -12.1042
v 41.3582 18.3897 -12.3963
v 41.0669 18.3648 -13.3243
v 40.1394 18.3313 -13.0322
v 40.4307 18.3563 -12.1042
v -44.8485 22.1064 -42.7963
v -46.0762 22.0912 -43.6779
v -44.4848 25.9404 -44.6644
v -46.0762 22.0912 -43.6779
v -45.4402 22.1446 -46.3968
v -44.4848 25.9404 -44.6644
v -45.4402 22.1446 -46.3968
v -42.7215 22.1971 -45.7598
v -44.4848 25.9404 -44.6644
v -42.7215 22.1971 -45.7598
v -43.3575 22.1437 -43.0409
v -44.4848 25.9404 -44.6644
v -43.3575 22.1437 -43.0409
v -44.8485 22.1064 -42.7963
v -44.4848 25.9404 -44.6644
v -44.8485 22.1064 -42.7963
v -45.4402 22.1446 -46.3968
v -46.0762 22.0912 -43.6779
v -44.8485 22.1064 -42.7963
v -42.7215 22.1971 -45.7598
v -45.4402 22.1446 -46.3968
v -44.8485 22.1064 -42.7963
v -43.3575 22.1437 -43.0409
v -42.7215 22.1971 -45.7598
v -44.7964 24.0125 -43.1758
v -45.9576 24.0130 -45.0468
v -44.5278 27.8386 -44.6372
v -45.9576 24.0130 -45.0468
v -44.0872 24.0721 -46.2075
v -44.5278 27.8386 -44.6372
v -44.0872 24.0721 -46.2075
v -42.9261 24.0715 -44.3365
v -44.5278 27.8386 -44.6372
v -42.9261 24.0715 -44.3365
v -44.7964 24.0125 -43.1758
v -44.5278 27.8386 -44.6372
v -44.7964 24.0125 -43.1758
v -44.0872 24.0721 -46.2075
v -45.9576 24.0130 -45.0468
v -44.7964 24.0125 -43.1758
v -42.9261 24.0715 -44.3365
v -44.0872 24.0721 -46.2075
v -45.4204 25.9109 -44.0838
v -45.0657 25.9407 -45.6003
v -44.5708 29.7367 -44.6100
v -45.0657 25.9407 -45.6003
v -43.5492 25.9700 -45.2450
v -44.5708 29.7367 -44.6100
v -43.5492 25.9700 -45.2450
v -43.9040 25.9402 -43.7285
v -44.5708 29.7367 -44.6100
v -43.9040 25.9402 -43.7285
v -45.4204 25.9109 -44.0838
v -44.5708 29.7367 -44.6100
v -45.4204 25.9109 -44.0838
v -43.5492 25.9700 -45.2450
v -45.0657 25.9407 -45.6003
v -45.4204 25.9109 -44.0838
v -43.9040 25.9402 -43.7285
v -43.5492 25.9700 -45.2450
v 38.4807 14.6780 10.0185
v 38.1250 14.6045 10.5040
v 37.5856 16.1422 9.9629
v 38.1250 14.6045 10.5040
v 37.0398 14.5369 10.2342
v 37.5856 16.1422 9.9629
v 37.0398 14.5369 10.2342
v 37.3016 14.6559 9.1514
v 37.5856 16.1422 9.9629
v 37.3016 14.6559 9.1514
v 38.3868 14.7234 9.4212
v 37.5856 16.1422 9.9629
v 38.3868 14.7234 9.4212
v 38.4807 14.6780 10.0185
v 37.5856 16.1422 9.9629
v 38.4807 14.6780 10.0185
v 37.0398 14.5369 10.2342
v 38.1250 14.6045 10.5040
v 38.4807 14.6780 10.0185
v 37.3016 14.6559 9.1514
v 37.0398 14.5369 10.2342
v 38.4807 14.6780 10.0185
v 38.3868 14.7234 9.4212
v 37.3016 14.6559 9.1514
v 38.2545 15.4239 10.0457
v 37.5035 15.3199 10.4990
v 37.5217 16.8982 10.0305
v 37.5035 15.3199 10.4990
v 37.0444 15.3485 9.7449
v 37.5217 16.8982 10.0305
v 37.0444 15.3485 9.7449
v 37.7954 15.4525 9.2916
v 37.5217 16.8982 10.0305
v 37.7954 15.4525 9.2916
v 38.2545 15.4239 10.0457
v 37.5217 16.8982 10.0305
v 38.2545 15.4239 10.0457
v 37.0444 15.3485 9.7449
v 37.5035 15.3199 10.4990
v 38.2545 15.4239 10.0457
v 37.7954 15.4525 9.2916
v 37.0444 15.3485 9.7449
v 37.8152 16.1279 10.3401
v 37.2099 16.0902 10.1896
v 37.4578 17.6542 10.0981
v 37.2099 16.0902 10.1896
v 37.3559 16.1565 9.5857
v 37.4578 17.6542 10.0981
v 37.3559 16.1565 9.5857
v 37.9613 16.1942 9.7362
v 37.4578 17.6542 10.0981
v 37.9613 16.1942 9.7362
v 37.8152 16.1279 10.3401
v 37.4578 17.6542 10.0981
v 37.8152 16.1279 10.3401
v 37.3559 16.1565 9.5857
v 37.2099 16.0902 10.1896
v 37.8152 16.1279 10.3401
v 37.9613 16.1942 9.7362
v 37.3559 16.1565 9.5857
v 28.8783 18.1073 -32.1917
v 27.7325 18.2188 -32.1386
v 28.5204 21.0433 -33.5713
v 27.7325 18.2188 -32.1386
v 26.8309 18.2952 -34.0662
v 28.5204 21.0433 -33.5713
v 26.8309 18.2952 -34.0662
v 28.7491 18.1038 -34.9709
v 28.5204 21.0433 -33.5713
v 28.7491 18.1038 -34.9709
v 29.6506 18.0275 -33.0432
v 28.5204 21.0433 -33.5713
v 29.6506 18.0275 -33.0432
v 28.8783 18.1073 -32.1917
v 28.5204 21.0433 -33.5713
v 28.8783 18.1073 -32.1917
v 26.8309 18.2952 -34.0662
v 27.7325 18.2188 -32.1386
v 28.8783 18.1073 -32.1917
v 28.7491 18.1038 -34.9709
v 26.8309 18.2952 -34.0662
v 28.8783 18.1073 -32.1917
v 29.6506 18.0275 -33.0432
v 28.7491 18.1038 -34.9709
v 28.8832 19.5598 -32.4883
v 27.3112 19.7090 -33.0587
v 28.6602 22.4843 -33.5797
v 27.3112 19.7090 -33.0587
v 27.8780 19.6449 -34.6377
v 28.6602 22.4843 -33.5797
v 27.8780 19.6449 -34.6377
v 29.4500 19.4957 -34.0674
v 28.6602 22.4843 -33.5797
v 29.4500 19.4957 -34.0674
v 28.8832 19.5598 -32.4883
v 28.6602 22.4843 -33.5797
v 28.8832 19.5598 -32.4883
v 27.8780 19.6449 -34.6377
v 27.3112 19.7090 -33.0587
v 28.8832 19.5598 -32.4883
v 29.4500 19.4957 -34.0674
v 27.8780 19.6449 -34.6377
v 28.2369 21.0754 -32.7814
v 27.7340 21.1180 -33.8566
v 28.8001 23.9253 -33.5880
v 27.7340 21.1180 -33.8566
v 28.8040 21.0113 -34.3613
v 28.8001 23.9253 -33.5880
v 28.8040 21.0113 -34.3613
v 29.3068 20.9687 -33.2860
v 28.8001 23.9253 -33.5880
v 29.3068 20.9687 -33.2860
v 28.2369 21.0754 -32.7814
v 28.8001 23.9253 -33.5880
v 28.2369 21.0754 -32.7814
v 28.8040 21.0113 -34.3613
v 27.7340 21.1180 -33.8566
v 28.2369 21.0754 -32.7814
v 29.3068 20.9687 -33.2860
v 28.8040 21.0113 -34.3613
v 47.6307 15.6739 -24.4327
v 47.3458 15.6641 -23.8426
v 46.6965 17.2766 -24.4932
v 47.3458 15.6641 -23.8426
v 46.1382 15.6047 -23.9118
v 46.6965 17.2766 -24.4932
v 46.1382 15.6047 -23.9118
v 46.2079 15.5996 -25.1208
v 46.6965 17.2766 -24.4932
v 46.2079 15.5996 -25.1208
v 47.4154 15.6591 -25.0515
v 46.6965 17.2766 -24.4932
v 47.4154 15.6591 -25.0515
v 47.6307 15.6739 -24.4327
v 46.6965 17.2766 -24.4932
v 47.6307 15.6739 -24.4327
v 46.1382 15.6047 -23.9118
v 47.3458 15.6641 -23.8426
v 47.6307 15.6739 -24.4327
v 46.2079 15.5996 -25.1208
v 46.1382 15.6047 -23.9118
v 47.6307 15.6739 -24.4327
v 47.4154 15.6591 -25.0515
v 46.2079 15.5996 -25.1208
v 47.4099 16.4874 -24.4488
v 46.6979 16.4571 -23.8134
v 46.6564 18.0989 -24.4990
v 46.6979 16.4571 -23.8134
v 46.0634 16.4211 -24.5261
v 46.6564 18.0989 -24.4990
v 46.0634 16.4211 -24.5261
v 46.7755 16.4514 -25.1615
v 46.6564 18.0989 -24.4990
v 46.7755 16.4514 -25.1615
v 47.4099 16.4874 -24.4488
v 46.6564 18.0989 -24.4990
v 47.4099 16.4874 -24.4488
v 46.0634 16.4211 -24.5261
v 46.6979 16.4571 -23.8134
v 47.4099 16.4874 -24.4488
v 46.7755 16.4514 -25.1615
v 46.0634 16.4211 -24.5261
v 47.0139 17.2946 -24.1367
v 46.3403 17.2614 -24.1754
v 46.6162 18.9213 -24.5047
v 46.3403 17.2614 -24.1754
v 46.3792 17.2586 -24.8497
v 46.6162 18.9213 -24.5047
v 46.3792 17.2586 -24.8497
v 47.0527 17.2918 -24.8111
v 46.6162 18.9213 -24.5047
v 47.0527 17.2918 -24.8111
v 47.0139 17.2946 -24.1367
v 46.6162 18.9213 -24.5047
v 47.0139 17.2946 -24.1367
v 46.3792 17.2586 -24.8497
v 46.3403 17.2614 -24.1754
v 47.0139 17.2946 -24.1367
v 47.0527 17.2918 -24.8111
v 46.3792 17.2586 -24.8497
v 25.0989 16.1752 13.6942
v 24.2390 16.3267 14.7953
v 23.8352 19.9005 13.0914
v 24.2390 16.3267 14.7953
v 21.7626 16.6514 14.0849
v 23.8352 19.9005 13.0914
v 21.7626 16.6514 14.0849
v 22.4568 16.4830 11.5884
v 23.8352 19.9005 13.0914
v 22.4568 16.4830 11.5884
v 24.9332 16.1582 12.2989
v 23.8352 19.9005 13.0914
v 24.9332 16.1582 12.2989
v 25.0989 16.1752 13.6942
v 23.8352 19.9005 13.0914
v 25.0989 16.1752 13.6942
v 21.7626 16.6514 14.0849
v 24.2390 16.3267 14.7953
v 25.0989 16.1752 13.6942
v 22.4568 16.4830 11.5884
v 21.7626 16.6514 14.0849
v 25.0989 16.1752 13.6942
v 24.9332 16.1582 12.2989
v 22.4568 16.4830 11.5884
v 24.9721 17.9716 13.5378
v 23.2045 18.2466 14.5335
v 24.0788 21.6484 13.0412
v 23.2045 18.2466 14.5335
v 22.2109 18.3337 12.7455
v 24.0788 21.6484 13.0412
v 22.2109 18.3337 12.7455
v 23.9785 18.0587 11.7498
v 24.0788 21.6484 13.0412
v 23.9785 18.0587 11.7498
v 24.9721 17.9716 13.5378
v 24.0788 21.6484 13.0412
v 24.9721 17.9716 13.5378
v 22.2109 18.3337 12.7455
v 23.2045 18.2466 14.5335
v 24.9721 17.9716 13.5378
v 23.9785 18.0587 11.7498
v 22.2109 18.3337 12.7455
v 24.3322 19.8570 13.9858
v 22.9509 20.0381 13.5895
v 24.3224 23.3963 12.9910
v 22.9509 20.0381 13.5895
v 23.3381 19.9441 12.1970
v 24.3224 23.3963 12.9910
v 23.3381 19.9441 12.1970
v 24.7194 19.7630 12.5933
v 24.3224 23.3963 12.9910
v 24.7194 19.7630 12.5933
v 24.3322 19.8570 13.9858
v 24.3224 23.3963 12.9910
v 24.3322 19.8570 13.9858
v 23.3381 19.9441 12.1970
v 22.9509 20.0381 13.5895
v 24.3322 19.8570 13.9858
v 24.7194 19.7630 12.5933
v 23.3381 19.9441 12.1970
v 42.3206 16.6883 -28.4846
v 41.6076 16.6986 -29.1812
v 42.8721 19.1635 -29.7256
v 41.6076 16.6986 -29.1812
v 42.2918 16.6583 -30.8910
v 42.8721 19.1635 -29.7256
v 42.2918 16.6583 -30.8910
v 44.0013 16.6209 -30.2060
v 42.8721 19.1635 -29.7256
v 44.0013 16.6209 -30.2060
v 43.3171 16.6612 -28.4962
v 42.8721 19.1635 -29.7256
v 43.3171 16.6612 -28.4962
v 42.3206 16.6883 -28.4846
v 42.8721 19.1635 -29.7256
v 42.3206 16.6883 -28.4846
v 42.2918 16.6583 -30.8910
v 41.6076 16.6986 -29.1812
v 42.3206 16.6883 -28.4846
v 44.0013 16.6209 -30.2060
v 42.2918 16.6583 -30.8910
v 42.3206 16.6883 -28.4846
v 43.3171 16.6612 -28.4962
v 44.0013 16.6209 -30.2060
v 42.4568 17.9341 -28.7563
v 41.8851 17.9325 -30.0915
v 42.9059 20.4153 -29.7416
v 41.8851 17.9325 -30.0915
v 43.2197 17.8891 -30.6628
v 42.9059 20.4153 -29.7416
v 43.2197 17.8891 -30.6628
v 43.7914 17.8908 -29.3277
v 42.9059 20.4153 -29.7416
v 43.7914 17.8908 -29.3277
v 42.4568 17.9341 -28.7563
v 42.9059 20.4153 -29.7416
v 42.4568 17.9341 -28.7563
v 43.2197 17.8891 -30.6628
v 41.8851 17.9325 -30.0915
v 42.4568 17.9341 -28.7563
v 43.7914 17.8908 -29.3277
v 43.2197 17.8891 -30.6628
v 42.2045 19.1852 -29.4398
v 42.5861 19.1627 -30.3935
v 42.9397 21.6672 -29.7577
v 42.5861 19.1627 -30.3935
v 43.5397 19.1418 -30.0114
v 42.9397 21.6672 -29.7577
v 43.5397 19.1418 -30.0114
v 43.1580 19.1643 -29.0577
v 42.9397 21.6672 -29.7577
v 43.1580 19.1643 -29.0577
v 42.2045 19.1852 -29.4398
v 42.9397 21.6672 -29.7577
v 42.2045 19.1852 -29.4398
v 43.5397 19.1418 -30.0114
v 42.5861 19.1627 -30.3935
v 42.2045 19.1852 -29.4398
v 43.1580 19.1643 -29.0577
v 43.5397 19.1418 -30.0114
v 31.5624 15.8539 3.4146
v 31.7557 15.8295 4.2629
v 30.7103 18.0572 4.1189
v 31.7557 15.8295 4.2629
v 30.4445 15.8549 5.1940
v 30.7103 18.0572 4.1189
v 30.4445 15.8549 5.1940
v 29.5147 15.9144 3.8830
v 30.7103 18.0572 4.1189
v 29.5147 15.9144 3.8830
v 30.8260 15.8890 2.9519
v 30.7103 18.0572 4.1189
v 30.8260 15.8890 2.9519
v 31.5624 15.8539 3.4146
v 30.7103 18.0572 4.1189
v 31.5624 15.8539 3.4146
v 30.4445 15.8549 5.1940
v 31.7557 15.8295 4.2629
v 31.5624 15.8539 3.4146
v 29.5147 15.9144 3.8830
v 30.4445 15.8549 5.1940
v 31.5624 15.8539 3.4146
v 30.8260 15.8890 2.9519
v 29.5147 15.9144 3.8830
v 31.4038 16.9504 3.5768
v 31.1911 16.9314 4.8269
v 30.7478 19.1498 4.1419
v 31.1911 16.9314 4.8269
v 29.9417 16.9787 4.6150
v 30.7478 19.1498 4.1419
v 29.9417 16.9787 4.6150
v 30.1544 16.9977 3.3650
v 30.7478 19.1498 4.1419
v 30.1544 16.9977 3.3650
v 31.4038 16.9504 3.5768
v 30.7478 19.1498 4.1419
v 31.4038 16.9504 3.5768
v 29.9417 16.9787 4.6150
v 31.1911 16.9314 4.8269
v 31.4038 16.9504 3.5768
v 30.1544 16.9977 3.3650
v 29.9417 16.9787 4.6150
v 31.3353 18.0335 4.2249
v 30.6039 18.0477 4.7442
v 30.7853 20.2425 4.1649
v 30.6039 18.0477 4.7442
v 30.0853 18.0809 4.0129
v 30.7853 20.2425 4.1649
v 30.0853 18.0809 4.0129
v 30.8167 18.0667 3.4936
v 30.7853 20.2425 4.1649
v 30.8167 18.0667 3.4936
v 31.3353 18.0335 4.2249
v 30.7853 20.2425 4.1649
v 31.3353 18.0335 4.2249
v 30.0853 18.0809 4.0129
v 30.6039 18.0477 4.7442
v 31.3353 18.0335 4.2249
v 30.8167 18.0667 3.4936
v 30.0853 18.0809 4.0129
v 16.6228 18.6353 -26.0790
v 15.7337 18.6844 -26.7402
v 17.1136 21.4118 -27.4626
v 15.7337 18.6844 -26.7402
v 16.2331 18.6752 -28.7276
v 17.1136 21.4118 -27.4626
v 16.2331 18.6752 -28.7276
v 18.2180 18.5731 -28.2284
v 17.1136 21.4118 -27.4626
v 18.2180 18.5731 -28.2284
v 17.7186 18.5823 -26.2410
v 17.1136 21.4118 -27.4626
v 17.7186 18.5823 -26.2410
v 16.6228 18.6353 -26.0790
v 17.1136 21.4118 -27.4626
v 16.6228 18.6353 -26.0790
v 16.2331 18.6752 -28.7276
v 15.7337 18.6844 -26.7402
v 16.6228 18.6353 -26.0790
v 18.2180 18.5731 -28.2284
v 16.2331 18.6752 -28.7276
v 16.6228 18.6353 -26.0790
v 17.7186 18.5823 -26.2410
v 18.2180 18.5731 -28.2284
v 16.7663 20.0254 -26.3654
v 15.9381 20.0772 -27.7518
v 17.1824 22.8034 -27.4518
v 15.9381 20.0772 -27.7518
v 17.3231 20.0151 -28.5815
v 17.1824 22.8034 -27.4518
v 17.3231 20.0151 -28.5815
v 18.1513 19.9634 -27.1951
v 17.1824 22.8034 -27.4518
v 18.1513 19.9634 -27.1951
v 16.7663 20.0254 -26.3654
v 17.1824 22.8034 -27.4518
v 16.7663 20.0254 -26.3654
v 17.3231 20.0151 -28.5815
v 15.9381 20.0772 -27.7518
v 16.7663 20.0254 -26.3654
v 18.1513 19.9634 -27.1951
v 17.3231 20.0151 -28.5815
v 16.4207 21.4429 -27.0475
v 16.6992 21.4377 -28.1561
v 17.2512 24.1949 -27.4409
v 16.6992 21.4377 -28.1561
v 17.8064 21.3808 -27.8777
v 17.2512 24.1949 -27.4409
v 17.8064 21.3808 -27.8777
v 17.5278 21.3859 -26.7691
v 17.2512 24.1949 -27.4409
v 17.5278 21.3859 -26.7691
v 16.4207 21.4429 -27.0475
v 17.2512 24.1949 -27.4409
v 16.4207 21.4429 -27.0475
v 17.8064 21.3808 -27.8777
v 16.6992 21.4377 -28.1561
v 16.4207 21.4429 -27.0475
v 17.5278 21.3859 -26.7691
v 17.8064 21.3808 -27.8777
v -25.6119 21.1597 -51.4594
v -25.3096 21.1584 -52.7154
v -24.1957 24.5172 -51.7866
v -25.3096 21.1584 -52.7154
v -22.9583 21.3302 -53.0892
v -24.1957 24.5172 -51.7866
v -22.9583 21.3302 -53.0892
v -22.5889 21.4041 -50.7321
v -24.1957 24.5172 -51.7866
v -22.5889 21.4041 -50.7321
v -24.9403 21.2323 -50.3583
v -24.1957 24.5172 -51.7866
v -24.9403 21.2323 -50.3583
v -25.6119 21.1597 -51.4594
v -24.1957 24.5172 -51.7866
v -25.6119 21.1597 -51.4594
v -22.9583 21.3302 -53.0892
v -25.3096 21.1584 -52.7154
v -25.6119 21.1597 -51.4594
v -22.5889 21.4041 -50.7321
v -22.9583 21.3302 -53.0892
v -25.6119 21.1597 -51.4594
v -24.9403 21.2323 -50.3583
v -22.5889 21.4041 -50.7321
v -25.3834 22.8034 -51.5468
v -24.2784 22.8580 -53.0694
v -24.3189 26.1352 -51.8180
v -24.2784 22.8580 -53.0694
v -22.7616 22.9950 -51.9636
v -24.3189 26.1352 -51.8180
v -22.7616 22.9950 -51.9636
v -23.8666 22.9404 -50.4410
v -24.3189 26.1352 -51.8180
v -23.8666 22.9404 -50.4410
v -25.3834 22.8034 -51.5468
v -24.3189 26.1352 -51.8180
v -25.3834 22.8034 -51.5468
v -22.7616 22.9950 -51.9636
v -24.2784 22.8580 -53.0694
v -25.3834 22.8034 -51.5468
v -23.8666 22.9404 -50.4410
v -22.7616 22.9950 -51.9636
v -24.9545 24.4487 -52.3397
v -23.6429 24.5445 -52.5482
v -24.4421 27.7532 -51.8494
v -23.6429 24.5445 -52.5482
v -23.4369 24.5857 -51.2334
v -24.4421 27.7532 -51.8494
v -23.4369 24.5857 -51.2334
v -24.7485 24.4899 -51.0249
v -24.4421 27.7532 -51.8494
v -24.7485 24.4899 -51.0249
v -24.9545 24.4487 -52.3397
v -24.4421 27.7532 -51.8494
v -24.9545 24.4487 -52.3397
v -23.4369 24.5857 -51.2334
v -23.6429 24.5445 -52.5482
v -24.9545 24.4487 -52.3397
v -24.7485 24.4899 -51.0249
v -23.4369 24.5857 -51.2334
v 36.3981 17.8478 -29.0947
v 36.9575 17.9193 -27.7509
v 34.8115 21.4437 -27.8352
v 36.9575 17.9193 -27.7509
v 35.0619 17.8396 -25.8400
v 34.8115 21.4437 -27.8352
v 35.0619 17.8396 -25.8400
v 33.1579 17.6636 -27.7360
v 34.8115 21.4437 -27.8352
v 33.1579 17.6636 -27.7360
v 35.0535 17.7433 -29.6470
v 34.8115 21.4437 -27.8352
v 35.0535 17.7433 -29.6470
v 36.3981 17.8478 -29.0947
v 34.8115 21.4437 -27.8352
v 36.3981 17.8478 -29.0947
v 35.0619 17.8396 -25.8400
v 36.9575 17.9193 -27.7509
v 36.3981 17.8478 -29.0947
v 33.1579 17.6636 -27.7360
v 35.0619 17.8396 -25.8400
v 36.3981 17.8478 -29.0947
v 35.0535 17.7433 -29.6470
v 33.1579 17.6636 -27.7360
v 35.9915 19.6620 -28.8547
v 35.9961 19.7157 -26.7322
v 34.6885 23.2699 -27.8811
v 35.9961 19.7157 -26.7322
v 33.8778 19.5731 -26.7240
v 34.6885 23.2699 -27.8811
v 33.8778 19.5731 -26.7240
v 33.8731 19.5195 -28.8464
v 34.6885 23.2699 -27.8811
v 33.8731 19.5195 -28.8464
v 35.9915 19.6620 -28.8547
v 34.6885 23.2699 -27.8811
v 35.9915 19.6620 -28.8547
v 33.8778 19.5731 -26.7240
v 35.9961 19.7157 -26.7322
v 35.9915 19.6620 -28.8547
v 33.8731 19.5195 -28.8464
v 33.8778 19.5731 -26.7240
v 35.8712 21.5150 -27.8394
v 34.8139 21.4706 -26.7735
v 34.5654 25.0960 -27.9270
v 34.8139 21.4706 -26.7735
v 33.7518 21.3724 -27.8311
v 34.5654 25.0960 -27.9270
v 33.7518 21.3724 -27.8311
v 34.8092 21.4169 -28.8970
v 34.5654 25.0960 -27.9270
v 34.8092 21.4169 -28.8970
v 35.8712 21.5150 -27.8394
v 34.5654 25.0960 -27.9270
v 35.8712 21.5150 -27.8394
v 33.7518 21.3724 -27.8311
v 34.8139 21.4706 -26.7735
v 35.8712 21.5150 -27.8394
v 34.8092 21.4169 -28.8970
v 33.7518 21.3724 -27.8311
v 22.6861 18.2842 -47.6138
v 23.3233 18.2748 -46.8409
v 22.1467 20.8322 -46.4888
v 23.3233 18.2748 -46.8409
v 22.4554 18.3204 -45.2066
v 22.1467 20.8322 -46.4888
v 22.4554 18.3204 -45.2066
v 20.8214 18.3581 -46.0755
v 22.1467 20.8322 -46.4888
v 20.8214 18.3581 -46.0755
v 21.6894 18.3125 -47.7097
v 22.1467 20.8322 -46.4888
v 21.6894 18.3125 -47.7097
v 22.6861 18.2842 -47.6138
v 22.1467 20.8322 -46.4888
v 22.6861 18.2842 -47.6138
v 22.4554 18.3204 -45.2066
v 23.3233 18.2748 -46.8409
v 22.6861 18.2842 -47.6138
v 20.8214 18.3581 -46.0755
v 22.4554 18.3204 -45.2066
v 22.6861 18.2842 -47.6138
v 21.6894 18.3125 -47.7097
v 20.8214 18.3581 -46.0755
v 22.5934 19.5489 -47.3846
v 23.0205 19.5533 -45.9891
v 22.1839 22.0900 -46.5041
v 23.0205 19.5533 -45.9891
v 21.6256 19.5997 -45.5624
v 22.1839 22.0900 -46.5041
v 21.6256 19.5997 -45.5624
v 21.1985 19.5953 -46.9579
v 22.1839 22.0900 -46.5041
v 21.1985 19.5953 -46.9579
v 22.5934 19.5489 -47.3846
v 22.1839 22.0900 -46.5041
v 22.5934 19.5489 -47.3846
v 21.6256 19.5997 -45.5624
v 23.0205 19.5533 -45.9891
v 22.5934 19.5489 -47.3846
v 21.1985 19.5953 -46.9579
v 21.6256 19.5997 -45.5624
v 22.8445 20.8090 -46.7023
v 22.3604 20.8344 -45.7907
v 22.2210 23.3479 -46.5194
v 22.3604 20.8344 -45.7907
v 21.4489 20.8554 -46.2753
v 22.2210 23.3479 -46.5194
v 21.4489 20.8554 -46.2753
v 21.9330 20.8300 -47.1869
v 22.2210 23.3479 -46.5194
v 21.9330 20.8300 -47.1869
v 22.8445 20.8090 -46.7023
v 22.2210 23.3479 -46.5194
v 22.8445 20.8090 -46.7023
v 21.4489 20.8554 -46.2753
v 22.3604 20.8344 -45.7907
v 22.8445 20.8090 -46.7023
v 21.9330 20.8300 -47.1869
v 21.4489 20.8554 -46.2753
v 49.7922 15.6798 -25.6686
v 50.4113 15.6560 -26.1109
v 50.6958 17.5702 -25.1608
v 50.4113 15.6560 -26.1109
v 51.6042 15.6258 -25.3662
v 50.6958 17.5702 -25.1608
v 51.6042 15.6258 -25.3662
v 50.8602 15.6610 -24.1730
v 50.6958 17.5702 -25.1608
v 50.8602 15.6610 -24.1730
v 49.6672 15.6912 -24.9177
v 50.6958 17.5702 -25.1608
v 49.6672 15.6912 -24.9177
v 49.7922 15.6798 -25.6686
v 50.6958 17.5702 -25.1608
v 49.7922 15.6798 -25.6686
v 51.6042 15.6258 -25.3662
v 50.4113 15.6560 -26.1109
v 49.7922 15.6798 -25.6686
v 50.8602 15.6610 -24.1730
v 51.6042 15.6258 -25.3662
v 49.7922 15.6798 -25.6686
v 49.6672 15.6912 -24.9177
v 50.8602 15.6610 -24.1730
v 50.0007 16.6312 -25.5666
v 51.0806 16.5948 -25.8166
v 50.7259 18.5260 -25.1702
v 51.0806 16.5948 -25.8166
v 51.3308 16.5975 -24.7362
v 50.7259 18.5260 -25.1702
v 51.3308 16.5975 -24.7362
v 50.2510 16.6339 -24.4861
v 50.7259 18.5260 -25.1702
v 50.2510 16.6339 -24.4861
v 50.0007 16.6312 -25.5666
v 50.7259 18.5260 -25.1702
v 50.0007 16.6312 -25.5666
v 51.3308 16.5975 -24.7362
v 51.0806 16.5948 -25.8166
v 50.0007 16.6312 -25.5666
v 50.2510 16.6339 -24.4861
v 51.3308 16.5975 -24.7362
v 50.5706 17.5688 -25.7013
v 51.2360 17.5520 -25.2859
v 50.7559 19.4819 -25.1796
v 51.2360 17.5520 -25.2859
v 50.8210 17.5716 -24.6203
v 50.7559 19.4819 -25.1796
v 50.8210 17.5716 -24.6203
v 50.1556 17.5884 -25.0357
v 50.7559 19.4819 -25.1796
v 50.1556 17.5884 -25.0357
v 50.5706 17.5688 -25.7013
v 50.7559 19.4819 -25.1796
v 50.5706 17.5688 -25.7013
v 50.8210 17.5716 -24.6203
v 51.2360 17.5520 -25.2859
v 50.5706 17.5688 -25.7013
v 50.1556 17.5884 -25.0357
v 50.8210 17.5716 -24.6203
v 41.4526 17.5793 -51.3859
v 40.8573 17.5654 -50.4041
v 39.8088 20.3707 -51.6718
v 40.8573 17.5654 -50.4041
v 38.7637 17.4400 -50.7256
v 39.8088 20.3707 -51.6718
v 38.7637 17.4400 -50.7256
v 39.0872 17.4158 -52.8225
v 39.8088 20.3707 -51.6718
v 39.0872 17.4158 -52.8225
v 41.1808 17.5412 -52.5010
v 39.8088 20.3707 -51.6718
v 41.1808 17.5412 -52.5010
v 41.4526 17.5793 -51.3859
v 39.8088 20.3707 -51.6718
v 41.4526 17.5793 -51.3859
v 38.7637 17.4400 -50.7256
v 40.8573 17.5654 -50.4041
v 41.4526 17.5793 -51.3859
v 39.0872 17.4158 -52.8225
v 38.7637 17.4400 -50.7256
v 41.4526 17.5793 -51.3859
v 41.1808 17.5412 -52.5010
v 39.0872 17.4158 -52.8225
v 41.0577 19.0006 -51.4633
v 39.7102 18.9442 -50.4735
v 39.7270 21.8107 -51.7010
v 39.7102 18.9442 -50.4735
v 38.7233 18.8608 -51.8218
v 39.7270 21.8107 -51.7010
v 38.7233 18.8608 -51.8218
v 40.0709 18.9171 -52.8116
v 39.7270 21.8107 -51.7010
v 40.0709 18.9171 -52.8116
v 41.0577 19.0006 -51.4633
v 39.7270 21.8107 -51.7010
v 41.0577 19.0006 -51.4633
v 38.7233 18.8608 -51.8218
v 39.7102 18.9442 -50.4735
v 41.0577 19.0006 -51.4633
v 40.0709 18.9171 -52.8116
v 38.7233 18.8608 -51.8218
v 40.3024 20.4124 -50.9973
v 39.1347 20.3425 -51.1766
v 39.6453 23.2508 -51.7303
v 39.1347 20.3425 -51.1766
v 39.3151 20.3290 -52.3463
v 39.6453 23.2508 -51.7303
v 39.3151 20.3290 -52.3463
v 40.4829 20.3989 -52.1669
v 39.6453 23.2508 -51.7303
v 40.4829 20.3989 -52.1669
v 40.3024 20.4124 -50.9973
v 39.6453 23.2508 -51.7303
v 40.3024 20.4124 -50.9973
v 39.3151 20.3290 -52.3463
v 39.1347 20.3425 -51.1766
v 40.3024 20.4124 -50.9973
v 40.4829 20.3989 -52.1669
v 39.3151 20.3290 -52.3463
v 22.0707 18.1132 -15.3193
v 23.0424 18.1449 -14.6443
v 21.6526 21.0815 -13.8189
v 23.0424 18.1449 -14.6443
v 22.5775 18.1386 -12.5072
v 21.6526 21.0815 -13.8189
v 22.5775 18.1386 -12.5072
v 20.4414 18.0727 -12.9721
v 21.6526 21.0815 -13.8189
v 20.4414 18.0727 -12.9721
v 20.9063 18.0790 -15.1092
v 21.6526 21.0815 -13.8189
v 20.9063 18.0790 -15.1092
v 22.0707 18.1132 -15.3193
v 21.6526 21.0815 -13.8189
v 22.0707 18.1132 -15.3193
v 22.5775 18.1386 -12.5072
v 23.0424 18.1449 -14.6443
v 22.0707 18.1132 -15.3193
v 20.4414 18.0727 -12.9721
v 22.5775 18.1386 -12.5072
v 22.0707 18.1132 -15.3193
v 20.9063 18.0790 -15.1092
v 20.4414 18.0727 -12.9721
v 21.9565 19.5986 -15.0050
v 22.8882 19.6318 -13.5543
v 21.6080 22.5678 -13.8242
v 22.8882 19.6318 -13.5543
v 21.4380 19.5916 -12.6221
v 21.6080 22.5678 -13.8242
v 21.4380 19.5916 -12.6221
v 20.5063 19.5584 -14.0728
v 21.6080 22.5678 -13.8242
v 20.5063 19.5584 -14.0728
v 21.9565 19.5986 -15.0050
v 21.6080 22.5678 -13.8242
v 21.9565 19.5986 -15.0050
v 21.4380 19.5916 -12.6221
v 22.8882 19.6318 -13.5543
v 21.9565 19.5986 -15.0050
v 20.5063 19.5584 -14.0728
v 21.4380 19.5916 -12.6221
v 22.3780 21.1016 -14.2852
v 22.1187 21.0981 -13.0932
v 21.5633 24.0542 -13.8296
v 22.1187 21.0981 -13.0932
v 20.9272 21.0614 -13.3525
v 21.5633 24.0542 -13.8296
v 20.9272 21.0614 -13.3525
v 21.1865 21.0649 -14.5446
v 21.5633 24.0542 -13.8296
v 21.1865 21.0649 -14.5446
v 22.3780 21.1016 -14.2852
v 21.5633 24.0542 -13.8296
v 22.3780 21.1016 -14.2852
v 20.9272 21.0614 -13.3525
v 22.1187 21.0981 -13.0932
v 22.3780 21.1016 -14.2852
v 21.1865 21.0649 -14.5446
v 20.9272 21.0614 -13.3525
v -19.2846 20.3246 -47.5905
v -18.7527 20.2861 -48.1910
v -18.3294 22.3813 -47.4136
v -18.7527 20.2861 -48.1910
v -17.3496 20.3504 -47.7119
v -18.3294 22.3813 -47.4136
v -17.3496 20.3504 -47.7119
v -17.8322 20.4542 -46.3124
v -18.3294 22.3813 -47.4136
v -17.8322 20.4542 -46.3124
v -19.2353 20.3899 -46.7915
v -18.3294 22.3813 -47.4136
v -19.2353 20.3899 -46.7915
v -19.2846 20.3246 -47.5905
v -18.3294 22.3813 -47.4136
v -19.2846 20.3246 -47.5905
v -17.3496 20.3504 -47.7119
v -18.7527 20.2861 -48.1910
v -19.2846 20.3246 -47.5905
v -17.8322 20.4542 -46.3124
v -17.3496 20.3504 -47.7119
v -19.2846 20.3246 -47.5905
v -19.2353 20.3899 -46.7915
v -17.8322 20.4542 -46.3124
v -19.0932 21.3399 -47.5997
v -18.0419 21.3179 -48.1129
v -18.3479 23.3869 -47.4945
v -18.0419 21.3179 -48.1129
v -17.5286 21.4116 -47.0655
v -18.3479 23.3869 -47.4945
v -17.5286 21.4116 -47.0655
v -18.5800 21.4336 -46.5524
v -18.3479 23.3869 -47.4945
v -18.5800 21.4336 -46.5524
v -19.0932 21.3399 -47.5997
v -18.3479 23.3869 -47.4945
v -19.0932 21.3399 -47.5997
v -17.5286 21.4116 -47.0655
v -18.0419 21.3179 -48.1129
v -19.0932 21.3399 -47.5997
v -18.5800 21.4336 -46.5524
v -17.5286 21.4116 -47.0655
v -18.5861 22.3344 -47.9375
v -17.8035 22.3703 -47.6703
v -18.3664 24.3925 -47.5755
v -17.8035 22.3703 -47.6703
v -18.0727 22.4282 -46.8896
v -18.3664 24.3925 -47.5755
v -18.0727 22.4282 -46.8896
v -18.8553 22.3923 -47.1569
v -18.3664 24.3925 -47.5755
v -18.8553 22.3923 -47.1569
v -18.5861 22.3344 -47.9375
v -18.3664 24.3925 -47.5755
v -18.5861 22.3344 -47.9375
v -18.0727 22.4282 -46.8896
v -17.8035 22.3703 -47.6703
v -18.5861 22.3344 -47.9375
v -18.8553 22.3923 -47.1569
v -18.0727 22.4282 -46.8896
v 43.5056 16.0551 -7.7418
v 43.8457 16.1207 -9.1536
v 45.5653 19.6184 -7.8284
v 43.8457 16.1207 -9.1536
v 46.4956 16.0102 -9.5785
v 45.5653 19.6184 -7.8284
v 46.4956 16.0102 -9.5785
v 46.9128 15.8334 -6.9311
v 45.5653 19.6184 -7.8284
v 46.9128 15.8334 -6.9311
v 44.2629 15.9438 -6.5061
v 45.5653 19.6184 -7.8284
v 44.2629 15.9438 -6.5061
v 43.5056 16.0551 -7.7418
v 45.5653 19.6184 -7.8284
v 43.5056 16.0551 -7.7418
v 46.4956 16.0102 -9.5785
v 43.8457 16.1207 -9.1536
v 43.5056 16.0551 -7.7418
v 46.9128 15.8334 -6.9311
v 46.4956 16.0102 -9.5785
v 43.5056 16.0551 -7.7418
v 44.2629 15.9438 -6.5061
v 46.9128 15.8334 -6.9311
v 43.9949 17.8593 -7.6984
v 45.2397 17.8963 -9.4113
v 45.6583 21.4391 -7.7214
v 45.2397 17.8963 -9.4113
v 46.9496 17.7361 -8.1723
v 45.6583 21.4391 -7.7214
v 46.9496 17.7361 -8.1723
v 45.7049 17.6991 -6.4593
v 45.6583 21.4391 -7.7214
v 45.7049 17.6991 -6.4593
v 43.9949 17.8593 -7.6984
v 45.6583 21.4391 -7.7214
v 43.9949 17.8593 -7.6984
v 46.9496 17.7361 -8.1723
v 45.2397 17.8963 -9.4113
v 43.9949 17.8593 -7.6984
v 45.7049 17.6991 -6.4593
v 46.9496 17.7361 -8.1723
v 44.7099 19.6985 -8.4482
v 46.1880 19.6369 -8.6853
v 45.7514 23.2597 -7.6144
v 46.1880 19.6369 -8.6853
v 46.4207 19.5383 -7.2085
v 45.7514 23.2597 -7.6144
v 46.4207 19.5383 -7.2085
v 44.9426 19.5999 -6.9715
v 45.7514 23.2597 -7.6144
v 44.9426 19.5999 -6.9715
v 44.7099 19.6985 -8.4482
v 45.7514 23.2597 -7.6144
v 44.7099 19.6985 -8.4482
v 46.4207 19.5383 -7.2085
v 46.1880 19.6369 -8.6853
v 44.7099 19.6985 -8.4482
v 44.9426 19.5999 -6.9715
v 46.4207 19.5383 -7.2085
v 27.1824 15.6082 10.1432
v 27.4978 15.5401 10.8379
v 26.5637 17.4886 11.0308
v 27.4978 15.5401 10.8379
v 26.5300 15.4881 11.8695
v 26.5637 17.4886 11.0308
v 26.5300 15.4881 11.8695
v 25.4982 15.6029 10.9073
v 26.5637 17.4886 11.0308
v 25.4982 15.6029 10.9073
v 26.4661 15.6548 9.8757
v 26.5637 17.4886 11.0308
v 26.4661 15.6548 9.8757
v 27.1824 15.6082 10.1432
v 26.5637 17.4886 11.0308
v 27.1824 15.6082 10.1432
v 26.5300 15.4881 11.8695
v 27.4978 15.5401 10.8379
v 27.1824 15.6082 10.1432
v 25.4982 15.6029 10.9073
v 26.5300 15.4881 11.8695
v 27.1824 15.6082 10.1432
v 26.4661 15.6548 9.8757
v 25.4982 15.6029 10.9073
v 27.0704 16.5590 10.3766
v 27.1061 16.4660 11.4882
v 26.5965 18.4471 11.1099
v 27.1061 16.4660 11.4882
v 25.9913 16.5010 11.5268
v 26.5965 18.4471 11.1099
v 25.9913 16.5010 11.5268
v 25.9556 16.5940 10.4153
v 26.5965 18.4471 11.1099
v 25.9556 16.5940 10.4153
v 27.0704 16.5590 10.3766
v 26.5965 18.4471 11.1099
v 27.0704 16.5590 10.3766
v 25.9913 16.5010 11.5268
v 27.1061 16.4660 11.4882
v 27.0704 16.5590 10.3766
v 25.9556 16.5940 10.4153
v 25.9913 16.5010 11.5268
v 27.1213 17.4711 11.0115
v 26.5815 17.4421 11.5869
v 26.6293 19.4056 11.1890
v 26.5815 17.4421 11.5869
v 26.0060 17.5061 11.0501
v 26.6293 19.4056 11.1890
v 26.0060 17.5061 11.0501
v 26.5459 17.5351 10.4748
v 26.6293 19.4056 11.1890
v 26.5459 17.5351 10.4748
v 27.1213 17.4711 11.0115
v 26.6293 19.4056 11.1890
v 27.1213 17.4711 11.0115
v 26.0060 17.5061 11.0501
v 26.5815 17.4421 11.5869
v 27.1213 17.4711 11.0115
v 26.5459 17.5351 10.4748
v 26.0060 17.5061 11.0501
v 52.7301 15.7283 -17.4958
v 53.4677 15.7157 -16.5837
v 52.0548 18.6916 -16.1545
v 53.4677 15.7157 -16.5837
v 52.4325 15.7390 -14.6794
v 52.0548 18.6916 -16.1545
v 52.4325 15.7390 -14.6794
v 50.5286 15.7738 -15.7148
v 52.0548 18.6916 -16.1545
v 50.5286 15.7738 -15.7148
v 51.5637 15.7505 -17.6191
v 52.0548 18.6916 -16.1545
v 51.5637 15.7505 -17.6191
v 52.7301 15.7283 -17.4958
v 52.0548 18.6916 -16.1545
v 52.7301 15.7283 -17.4958
v 52.4325 15.7390 -14.6794
v 53.4677 15.7157 -16.5837
v 52.7301 15.7283 -17.4958
v 50.5286 15.7738 -15.7148
v 52.4325 15.7390 -14.6794
v 52.7301 15.7283 -17.4958
v 51.5637 15.7505 -17.6191
v 50.5286 15.7738 -15.7148
v 52.6036 17.2052 -17.2135
v 53.0880 17.1988 -15.5746
v 52.0831 20.1651 -16.1571
v 53.0880 17.1988 -15.5746
v 51.4493 17.2312 -15.0902
v 52.0831 20.1651 -16.1571
v 51.4493 17.2312 -15.0902
v 50.9650 17.2376 -16.7291
v 52.0831 20.1651 -16.1571
v 50.9650 17.2376 -16.7291
v 52.6036 17.2052 -17.2135
v 52.0831 20.1651 -16.1571
v 52.6036 17.2052 -17.2135
v 51.4493 17.2312 -15.0902
v 53.0880 17.1988 -15.5746
v 52.6036 17.2052 -17.2135
v 50.9650 17.2376 -16.7291
v 51.4493 17.2312 -15.0902
v 52.8745 18.6755 -16.3968
v 52.2971 18.6884 -15.3346
v 52.1114 21.6385 -16.1598
v 52.2971 18.6884 -15.3346
v 51.2351 18.7078 -15.9122
v 52.1114 21.6385 -16.1598
v 51.2351 18.7078 -15.9122
v 51.8125 18.6948 -16.9744
v 52.1114 21.6385 -16.1598
v 51.8125 18.6948 -16.9744
v 52.8745 18.6755 -16.3968
v 52.1114 21.6385 -16.1598
v 52.8745 18.6755 -16.3968
v 51.2351 18.7078 -15.9122
v 52.2971 18.6884 -15.3346
v 52.8745 18.6755 -16.3968
v 51.8125 18.6948 -16.9744
v 51.2351 18.7078 -15.9122
v 9.3370 18.3219 0.3825
v 9.7722 18.3270 -0.4691
v 10.4460 20.7923 0.4272
v 9.7722 18.3270 -0.4691
v 11.5307 18.4287 -0.3291
v 10.4460 20.7923 0.4272
v 11.5307 18.4287 -0.3291
v 11.3887 18.4606 1.4319
v 10.4460 20.7923 0.4272
v 11.3887 18.4606 1.4319
v 9.6302 18.3589 1.2920
v 10.4460 20.7923 0.4272
v 9.6302 18.3589 1.2920
v 9.3370 18.3219 0.3825
v 10.4460 20.7923 0.4272
v 9.3370 18.3219 0.3825
v 11.5307 18.4287 -0.3291
v 9.7722 18.3270 -0.4691
v 9.3370 18.3219 0.3825
v 11.3887 18.4606 1.4319
v 11.5307 18.4287 -0.3291
v 9.3370 18.3219 0.3825
v 9.6302 18.3589 1.2920
v 11.3887 18.4606 1.4319
v 9.5328 19.5363 0.3763
v 10.5924 19.5753 -0.5275
v 10.3788 21.9915 0.4001
v 10.5924 19.5753 -0.5275
v 11.4937 19.6497 0.5323
v 10.3788 21.9915 0.4001
v 11.4937 19.6497 0.5323
v 10.4341 19.6108 1.4361
v 10.3788 21.9915 0.4001
v 10.4341 19.6108 1.4361
v 9.5328 19.5363 0.3763
v 10.3788 21.9915 0.4001
v 9.5328 19.5363 0.3763
v 11.4937 19.6497 0.5323
v 10.5924 19.5753 -0.5275
v 9.5328 19.5363 0.3763
v 10.4341 19.6108 1.4361
v 11.4937 19.6497 0.5323
v 9.9952 20.7550 -0.1030
v 10.9761 20.8117 -0.0250
v 10.3116 23.1908 0.3729
v 10.9761 20.8117 -0.0250
v 10.8969 20.8295 0.9574
v 10.3116 23.1908 0.3729
v 10.8969 20.8295 0.9574
v 9.9160 20.7728 0.8793
v 10.3116 23.1908 0.3729
v 9.9160 20.7728 0.8793
v 9.9952 20.7550 -0.1030
v 10.3116 23.1908 0.3729
v 9.9952 20.7550 -0.1030
v 10.8969 20.8295 0.9574
v 10.9761 20.8117 -0.0250
v 9.9952 20.7550 -0.1030
v 9.9160 20.7728 0.8793
v 10.8969 20.8295 0.9574
v -34.4480 21.0770 -46.7661
v -35.1338 21.0995 -46.1557
v -35.3784 23.4650 -47.2088
v -35.1338 21.0995 -46.1557
v -36.6566 21.2219 -46.8943
v -35.3784 23.4650 -47.2088
v -36.6566 21.2219 -46.8943
v -35.9158 21.2276 -48.4209
v -35.3784 23.4650 -47.2088
v -35.9158 21.2276 -48.4209
v -34.3929 21.1052 -47.6824
v -35.3784 23.4650 -47.2088
v -34.3929 21.1052 -47.6824
v -34.4480 21.0770 -46.7661
v -35.3784 23.4650 -47.2088
v -34.4480 21.0770 -46.7661
v -36.6566 21.2219 -46.8943
v -35.1338 21.0995 -46.1557
v -34.4480 21.0770 -46.7661
v -35.9158 21.2276 -48.4209
v -36.6566 21.2219 -46.8943
v -34.4480 21.0770 -46.7661
v -34.3929 21.1052 -47.6824
v -35.9158 21.2276 -48.4209
v -34.6026 22.2460 -46.8368
v -35.8646 22.3111 -46.3974
v -35.3052 24.6157 -47.1690
v -35.8646 22.3111 -46.3974
v -36.3006 22.3825 -47.6603
v -35.3052 24.6157 -47.1690
v -36.3006 22.3825 -47.6603
v -35.0386 22.3174 -48.0997
v -35.3052 24.6157 -47.1690
v -35.0386 22.3174 -48.0997
v -34.6026 22.2460 -46.8368
v -35.3052 24.6157 -47.1690
v -34.6026 22.2460 -46.8368
v -36.3006 22.3825 -47.6603
v -35.8646 22.3111 -46.3974
v -34.6026 22.2460 -46.8368
v -35.0386 22.3174 -48.0997
v -36.3006 22.3825 -47.6603
v -35.1603 23.4293 -46.5770
v -36.0097 23.4975 -46.9890
v -35.2320 25.7664 -47.1292
v -36.0097 23.4975 -46.9890
v -35.5965 23.5007 -47.8405
v -35.2320 25.7664 -47.1292
v -35.5965 23.5007 -47.8405
v -34.7471 23.4324 -47.4286
v -35.2320 25.7664 -47.1292
v -34.7471 23.4324 -47.4286
v -35.1603 23.4293 -46.5770
v -35.2320 25.7664 -47.1292
v -35.1603 23.4293 -46.5770
v -35.5965 23.5007 -47.8405
v -36.0097 23.4975 -46.9890
v -35.1603 23.4293 -46.5770
v -34.7471 23.4324 -47.4286
v -35.5965 23.5007 -47.8405
v -48.4175 21.3107 -10.6387
v -48.5267 21.3447 -11.3518
v -47.4748 23.0751 -11.0647
v -48.5267 21.3447 -11.3518
v -47.3889 21.2828 -12.0463
v -47.4748 23.0751 -11.0647
v -47.3889 21.2828 -12.0463
v -46.6991 21.1891 -10.9079
v -47.4748 23.0751 -11.0647
v -46.6991 21.1891 -10.9079
v -47.8369 21.2510 -10.2133
v -47.4748 23.0751 -11.0647
v -47.8369 21.2510 -10.2133
v -48.4175 21.3107 -10.6387
v -47.4748 23.0751 -11.0647
v -48.4175 21.3107 -10.6387
v -47.3889 21.2828 -12.0463
v -48.5267 21.3447 -11.3518
v -48.4175 21.3107 -10.6387
v -46.6991 21.1891 -10.9079
v -47.3889 21.2828 -12.0463
v -48.4175 21.3107 -10.6387
v -47.8369 21.2510 -10.2133
v -46.6991 21.1891 -10.9079
v -48.1782 22.2055 -10.7100
v -47.9285 22.2232 -11.7320
v -47.4057 23.9792 -11.0321
v -47.9285 22.2232 -11.7320
v -46.9095 22.1365 -11.4845
v -47.4057 23.9792 -11.0321
v -46.9095 22.1365 -11.4845
v -47.1593 22.1187 -10.4625
v -47.4057 23.9792 -11.0321
v -47.1593 22.1187 -10.4625
v -48.1782 22.2055 -10.7100
v -47.4057 23.9792 -11.0321
v -48.1782 22.2055 -10.7100
v -46.9095 22.1365 -11.4845
v -47.9285 22.2232 -11.7320
v -48.1782 22.2055 -10.7100
v -47.1593 22.1187 -10.4625
v -46.9095 22.1365 -11.4845
v -47.9845 23.1185 -11.1885
v -47.3499 23.0840 -11.5759
v -47.3367 24.8833 -10.9995
v -47.3499 23.0840 -11.5759
v -46.9651 23.0317 -10.9408
v -47.3367 24.8833 -10.9995
v -46.9651 23.0317 -10.9408
v -47.5997 23.0662 -10.5534
v -47.3367 24.8833 -10.9995
v -47.5997 23.0662 -10.5534
v -47.9845 23.1185 -11.1885
v -47.3367 24.8833 -10.9995
v -47.9845 23.1185 -11.1885
v -46.9651 23.0317 -10.9408
v -47.3499 23.0840 -11.5759
v -47.9845 23.1185 -11.1885
v -47.5997 23.0662 -10.5534
v -46.9651 23.0317 -10.9408
v 34.2010 15.1927 7.1967
v 34.9545 15.1980 7.3471
v 34.3788 17.1154 8.2000
v 34.9545 15.1980 7.3471
v 35.2307 15.1871 8.7397
v 34.3788 17.1154 8.2000
v 35.2307 15.1871 8.7397
v 33.8380 15.1718 9.0157
v 34.3788 17.1154 8.2000
v 33.8380 15.1718 9.0157
v 33.5619 15.1828 7.6231
v 34.3788 17.1154 8.2000
v 33.5619 15.1828 7.6231
v 34.2010 15.1927 7.1967
v 34.3788 17.1154 8.2000
v 34.2010 15.1927 7.1967
v 35.2307 15.1871 8.7397
v 34.9545 15.1980 7.3471
v 34.2010 15.1927 7.1967
v 33.8380 15.1718 9.0157
v 35.2307 15.1871 8.7397
v 34.2010 15.1927 7.1967
v 33.5619 15.1828 7.6231
v 33.8380 15.1718 9.0157
v 34.2336 16.1563 7.4143
v 35.1640 16.1587 8.0368
v 34.3701 18.0807 8.2093
v 35.1640 16.1587 8.0368
v 34.5415 16.1441 8.9672
v 34.3701 18.0807 8.2093
v 34.5415 16.1441 8.9672
v 33.6111 16.1417 8.3446
v 34.3701 18.0807 8.2093
v 33.6111 16.1417 8.3446
v 34.2336 16.1563 7.4143
v 34.3701 18.0807 8.2093
v 34.2336 16.1563 7.4143
v 34.5415 16.1441 8.9672
v 35.1640 16.1587 8.0368
v 34.2336 16.1563 7.4143
v 33.6111 16.1417 8.3446
v 34.5415 16.1441 8.9672
v 34.6902 17.1227 7.7346
v 34.8442 17.1166 8.5114
v 34.3614 19.0459 8.2186
v 34.8442 17.1166 8.5114
v 34.0674 17.1081 8.6654
v 34.3614 19.0459 8.2186
v 34.0674 17.1081 8.6654
v 33.9134 17.1142 7.8886
v 34.3614 19.0459 8.2186
v 33.9134 17.1142 7.8886
v 34.6902 17.1227 7.7346
v 34.3614 19.0459 8.2186
v 34.6902 17.1227 7.7346
v 34.0674 17.1081 8.6654
v 34.8442 17.1166 8.5114
v 34.6902 17.1227 7.7346
v 33.9134 17.1142 7.8886
v 34.0674 17.1081 8.6654
v 20.8257 18.1487 -15.9269
v 19.9026 18.1650 -15.5316
v 19.8876 20.6335 -16.9442
v 19.9026 18.1650 -15.5316
v 18.5746 18.1133 -16.8267
v 19.8876 20.6335 -16.9442
v 18.5746 18.1133 -16.8267
v 19.8707 18.0593 -18.1537
v 19.8876 20.6335 -16.9442
v 19.8707 18.0593 -18.1537
v 21.1987 18.1110 -16.8586
v 19.8876 20.6335 -16.9442
v 21.1987 18.1110 -16.8586
v 20.8257 18.1487 -15.9269
v 19.8876 20.6335 -16.9442
v 20.8257 18.1487 -15.9269
v 18.5746 18.1133 -16.8267
v 19.9026 18.1650 -15.5316
v 20.8257 18.1487 -15.9269
v 19.8707 18.0593 -18.1537
v 18.5746 18.1133 -16.8267
v 20.8257 18.1487 -15.9269
v 21.1987 18.1110 -16.8586
v 19.8707 18.0593 -18.1537
v 20.6275 19.4016 -16.1714
v 19.1645 19.4029 -16.1537
v 19.8881 21.8941 -16.9951
v 19.1645 19.4029 -16.1537
v 19.1467 19.3440 -17.6155
v 19.8881 21.8941 -16.9951
v 19.1467 19.3440 -17.6155
v 20.6097 19.3427 -17.6332
v 19.8881 21.8941 -16.9951
v 20.6097 19.3427 -17.6332
v 20.6275 19.4016 -16.1714
v 19.8881 21.8941 -16.9951
v 20.6275 19.4016 -16.1714
v 19.1467 19.3440 -17.6155
v 19.1645 19.4029 -16.1537
v 20.6275 19.4016 -16.1714
v 20.6097 19.3427 -17.6332
v 19.1467 19.3440 -17.6155
v 19.8965 20.6629 -16.2130
v 19.1558 20.6341 -16.9354
v 19.8886 23.1548 -17.0459
v 19.1558 20.6341 -16.9354
v 19.8787 20.6040 -17.6755
v 19.8886 23.1548 -17.0459
v 19.8787 20.6040 -17.6755
v 20.6195 20.6328 -16.9531
v 19.8886 23.1548 -17.0459
v 20.6195 20.6328 -16.9531
v 19.8965 20.6629 -16.2130
v 19.8886 23.1548 -17.0459
v 19.8965 20.6629 -16.2130
v 19.8787 20.6040 -17.6755
v 19.1558 20.6341 -16.9354
v 19.8965 20.6629 -16.2130
v 20.6195 20.6328 -16.9531
v 19.8787 20.6040 -17.6755
vt 0.00000 1.00000
vt 0.00000 1.00000
vt 0.00000 1.00000
vt 0.00000 1.00000
vt 0.00000 1.00000
vt 0.00000 1.00000
vt 0.00000 1.00000
vt 0.00000 1.00000
vt 0.00000 1.00000
vt 0.00000 1.00000
vt 0.00000 1.00000
vt 0.00000 1.00000
vt 0.00000 1.00000
vt 0.00000 1.00000
vt 0.00000 1.00000
vt 0.00000 1.00000
vt 0.00000 1.00000
vt 0.00000 1.00000
vt 0.00000 1.00000
vt 0.00000 1.00000
vt 0.00000 1.00000
vt 0.00000 1.00000
vt 0.00000 1.00000
vt 0.00000 1.00000
vt 0.00000 1.00000
vt 0.00000 1.00000
vt 0.00000 1.00000
vt 0.00000 1.00000
vt 0.00000 1.00000
vt 0.00000 1.00000
vt 0.00000 1.00000
vt 0.00000 1.00000
vt 0.00000 1.00000
vt 0.00000 1.00000
vt 0.00000 1.00000
vt 0.00000 1.00000
vt 0.00000 1.00000
vt 0.00000 1.00000
vt 0.00000 1.00000
vt 0.00000 1.00000
vt 0.00000 1.00000
vt 0.00000 1.00000
vt 0.00000 1.00000
vt 0.00000 1.00000
vt 0.00000 1.00000
vt 0.00000 1.00000
vt 0.00000 1.00000
vt 0.00000 1.00000
vt 0.00000 1.00000
vt 0.00000 1.00000
vt 0.00000 1.00000
vt 0.00000 1.00000
vt 0.00000 1.00000
vt 0.00000 1.00000
vt 0.00000 1.00000
vt 0.00000 1.00000
vt 0.00000 1.00000
vt 0.00000 1.00000
vt 0.00000 1.00000
vt 0.00000 1.00000
vt 0.00000 1.00000
vt 0.00000 1.00000
vt 0.00000 1.00000
vt 0.00000 1.00000
vt 0.00000 1.00000
vt 0.00000 1.00000
vt 0.00000 1.00000
vt 0.00000 1.00000
vt 0.00000 1.00000
vt 0.00000 1.00000
vt 0.00000 1.00000
vt 0.00000 1.00000
vt 0.00000 1.00000
vt 0.00000 1.00000
vt 0.00000 1.00000
vt 0.00000 1.00000
vt 0.00000 1.00000
vt 0.00000 1.00000
vt 0.00000 1.00000
vt 0.00000 1.00000
vt 0.00000 1.00000
vt 0.00000 1.00000
vt 0.00000 1.00000
vt 0.00000 1.00000
vt 0.00000 1.00000
vt 0.00000 1.00000
vt 0.00000 1.00000
vt 0.00000 1.00000
vt 0.00000 1.00000
vt 0.00000 1.00000
vt 0.00000 1.00000
vt 0.00000 1.00000
vt 0.00000 1.00000
vt 0.00000 1.00000
vt 0.00000 1.00000
vt 0.00000 1.00000
vt 0.00000 1.00000
vt 0.00000 1.00000
vt 0.00000 1.00000
vt 0.00000 1.00000
vt 0.00000 1.00000
vt 0.00000 1.00000
vt 0.00000 1.00000
vt 0.00000 1.00000
vt 0.00000 1.00000
vt 0.00000 1.00000
vt 0.00000 1.00000
vt 0.00000 1.00000
vt 0.00000 1.00000
vt 0.00000 1.00000
vt 0.00000 1.00000
vt 0.00000 1.00000
vt 0.00000 1.00000
vt 0.00000 1.00000
vt 0.00000 1.00000
vt 0.00000 1.00000
vt 0.00000 1.00000
vt 0.00000 1.00000
vt 0.00000 1.00000
vt 0.00000 1.00000
vt 0.00000 1.00000
vt 0.00000 1.00000
vt 0.00000 1.00000
vt 0.00000 1.00000
vt 0.00000 1.00000
vt 0.00000 1.00000
vt 0.00000 1.00000
vt 0.00000 1.00000
vt 0.00000 1.00000
vt 0.00000 1.00000
vt 0.00000 1.00000
vt 0.00000 1.00000
vt 0.00000 1.00000
vt 0.00000 1.00000
vt 0.00000 1.00000
vt 0.00000 1.00000
vt 0.00000 1.00000
vt 0.00000 1.00000
vt 0.00000 1.00000
vt 0.00000 1.00000
vt 0.00000 1.00000
vt 0.00000 1.00000
vt 0.00000 1.00000
vt 0.00000 1.00000
vt 0.00000 1.00000
vt 0.00000 1.00000
vt 0.00000 1.00000
vt 0.00000 1.00000
vt 0.00000 1.00000
vt 0.00000 1.00000
vt 0.00000 1.00000
vt 0.00000 1.00000
vt 0.00000 1.00000
vt 0.00000 1.00000
vt 0.00000 1.00000
vt 0.00000 1.00000
vt 0.00000 1.00000
vt 0.00000 1.00000
vt 0.00000 1.00000
vt 0.00000 1.00000
vt 0.00000 1.00000
vt 0.00000 1.00000
vt 0.00000 1.00000
vt 0.00000 1.00000
vt 0.00000 1.00000
vt 0.00000 1.00000
vt 0.00000 1.00000
vt 0.00000 1.00000
vt 0.00000 1.00000
vt 0.00000 1.00000
vt 0.00000 1.00000
vt 0.00000 1.00000
vt 0.00000 1.00000
vt 0.00000 1.00000
vt 0.00000 1.00000
vt 0.00000 1.00000
vt 0.00000 1.00000
vt 0.00000 1.00000
vt 0.00000 1.00000
vt 0.00000 1.00000
vt 0.00000 1.00000
vt 0.00000 1.00000
vt 0.00000 1.00000
vt 0.00000 1.00000
vt 0.00000 1.00000
vt 0.00000 1.00000
vt 0.00000 1.00000
vt 0.00000 1.00000
vt 0.00000 1.00000
vt 0.00000 1.00000
vt 0.00000 1.00000
vt 0.00000 1.00000
vt 0.00000 1.00000
vt 0.00000 1.00000
vt 0.00000 1.00000
vt 0.00000 1.00000
vt 0.00000 1.00000
vt 0.00000 1.00000
vt 0.00000 1.00000
vt 0.00000 1.00000
vt 0.00000 1.00000
vt 0.00000 1.00000
vt 0.00000 1.00000
vt 0.00000 1.00000
vt 0.00000 1.00000
vt 0.00000 1.00000
vt 0.00000 1.00000
vt 0.00000 1.00000
vt 0.00000 1.00000
vt 0.00000 1.00000
vt 0.00000 1.00000
vt 0.00000 1.00000
vt 0.00000 1.00000
vt 0.00000 1.00000
vt 0.00000 1.00000
vt 0.00000 1.00000
vt 0.00000 1.00000
vt 0.00000 1.00000
vt 0.00000 1.00000
vt 0.00000 1.00000
vt 0.00000 1.00000
vt 0.00000 1.00000
vt 0.00000 1.00000
vt 0.00000 1.00000
vt 0.00000 1.00000
vt 0.00000 1.00000
vt 0.00000 1.00000
vt 0.00000 1.00000
vt 0.00000 1.00000
vt 0.00000 1.00000
vt 0.00000 1.00000
vt 0.00000 1.00000
vt 0.00000 1.00000
vt 0.00000 1.00000
vt 0.00000 1.00000
vt 0.00000 1.00000
vt 0.00000 1.00000
vt 0.00000 1.00000
vt 0.00000 1.00000
vt 0.00000 1.00000
vt 0.00000 1.00000
vt 0.00000 1.00000
vt 0.00000 1.00000
vt 0.00000 1.00000
vt 0.00000 1.00000
vt 0.00000 1.00000
vt 0.00000 1.00000
vt 0.00000 1.00000
vt 0.00000 1.00000
vt 0.00000 1.00000
vt 0.00000 1.00000
vt 0.00000 1.00000
vt 0.00000 1.00000
vt 0.00000 1.00000
vt 0.00000 1.00000
vt 0.00000 1.00000
vt 0.00000 1.00000
vt 0.00000 1.00000
vt 0.00000 1.00000
vt 0.00000 1.00000
vt 0.00000 1.00000
vt 0.00000 1.00000
vt 0.00000 1.00000
vt 0.00000 1.00000
vt 0.00000 1.00000
vt 0.00000 1.00000
vt 0.00000 1.00000
vt 0.00000 1.00000
vt 0.00000 1.00000
vt 0.00000 1.00000
vt 0.00000 1.00000
vt 0.00000 1.00000
vt 0.00000 1.00000
vt 0.00000 1.00000
vt 0.00000 1.00000
vt 0.00000 1.00000
vt 0.00000 1.00000
vt 0.00000 1.00000
vt 0.00000 1.00000
vt 0.00000 1.00000
vt 0.00000 1.00000
vt 0.00000 1.00000
vt 0.00000 1.00000
vt 0.00000 1.00000
vt 0.00000 1.00000
vt 0.00000 1.00000
vt 0.00000 1.00000
vt 0.00000 1.00000
vt 0.00000 1.00000
vt 0.00000 1.00000
vt 0.00000 1.00000
vt 0.00000 1.00000
vt 0.00000 1.00000
vt 0.00000 1.00000
vt 0.00000 1.00000
vt 0.00000 1.00000
vt 0.00000 1.00000
vt 0.00000 1.00000
vt 0.00000 1.00000
vt 0.00000 1.00000
vt 0.00000 1.00000
vt 0.00000 1.00000
vt 0.00000 1.00000
vt 0.00000 1.00000
vt 0.00000 1.00000
vt 0.00000 1.00000
vt 0.00000 1.00000
vt 0.00000 1.00000
vt 0.00000 1.00000
vt 0.00000 1.00000
vt 0.00000 1.00000
vt 0.00000 1.00000
vt 0.00000 1.00000
vt 0.00000 1.00000
vt 0.00000 1.00000
vt 0.00000 1.00000
vt 0.00000 1.00000
vt 0.00000 1.00000
vt 0.00000 1.00000
vt 0.00000 1.00000
vt 0.00000 1.00000
vt 0.00000 1.00000
vt 0.00000 1.00000
vt 0.00000 1.00000
vt 0.00000 1.00000
vt 0.00000 1.00000
vt 0.00000 1.00000
vt 0.00000 1.00000
vt 0.00000 1.00000
vt 0.00000 1.00000
vt 0.00000 1.00000
vt 0.00000 1.00000
vt 0.00000 1.00000
vt 0.00000 1.00000
vt 0.00000 1.00000
vt 0.00000 1.00000
vt 0.00000 1.00000
vt 0.00000 1.00000
vt 0.00000 1.00000
vt 0.00000 1.00000
vt 0.00000 1.00000
vt 0.00000 1.00000
vt 0.00000 1.00000
vt 0.00000 1.00000
vt 0.00000 1.00000
vt 0.00000 1.00000
vt 0.00000 1.00000
vt 0.00000 1.00000
vt 0.00000 1.00000
vt 0.00000 1.00000
vt 0.00000 1.00000
vt 0.00000 1.00000
vt 0.00000 1.00000
vt 0.00000 1.00000
vt 0.00000 1.00000
vt 0.00000 1.00000
vt 0.00000 1.00000
vt 0.00000 1.00000
vt 0.00000 1.00000
vt 0.00000 1.00000
vt 0.00000 1.00000
vt 0.00000 1.00000
vt 0.00000 1.00000
vt 0.00000 1.00000
vt 0.00000 1.00000
vt 0.00000 1.00000
vt 0.00000 1.00000
vt 0.00000 1.00000
vt 0.00000 1.00000
vt 0.00000 1.00000
vt 0.00000 1.00000
vt 0.00000 1.00000
vt 0.00000 1.00000
vt 0.00000 1.00000
vt 0.00000 1.00000
vt 0.00000 1.00000
vt 0.00000 1.00000
vt 0.00000 1.00000
vt 0.00000 1.00000
vt 0.00000 1.00000
vt 0.00000 1.00000
vt 0.00000 1.00000
vt 0.00000 1.00000
vt 0.00000 1.00000
vt 0.00000 1.00000
vt 0.00000 1.00000
vt 0.00000 1.00000
vt 0.00000 1.00000
vt 0.00000 1.00000
vt 0.00000 1.00000
vt 0.00000 1.00000
vt 0.00000 1.00000
vt 0.00000 1.00000
vt 0.00000 1.00000
vt 0.00000 1.00000
vt 0.00000 1.00000
vt 0.00000 1.00000
vt 0.00000 1.00000
vt 0.00000 1.00000
vt 0.00000 1.00000
vt 0.00000 1.00000
vt 0.00000 1.00000
vt 0.00000 1.00000
vt 0.00000 1.00000
vt 0.00000 1.00000
vt 0.00000 1.00000
vt 0.00000 1.00000
vt 0.00000 1.00000
vt 0.00000 1.00000
vt 0.00000 1.00000
vt 0.00000 1.00000
vt 0.00000 1.00000
vt 0.00000 1.00000
vt 0.00000 1.00000
vt 0.00000 1.00000
vt 0.00000 1.00000
vt 0.00000 1.00000
vt 0.00000 1.00000
vt 0.00000 1.00000
vt 0.00000 1.00000
vt 0.00000 1.00000
vt 0.00000 1.00000
vt 0.00000 1.00000
vt 0.00000 1.00000
vt 0.00000 1.00000
vt 0.00000 1.00000
vt 0.00000 1.00000
vt 0.00000 1.00000
vt 0.00000 1.00000
vt 0.00000 1.00000
vt 0.00000 1.00000
vt 0.00000 1.00000
vt 0.00000 1.00000
vt 0.00000 1.00000
vt 0.00000 1.00000
vt 0.00000 1.00000
vt 0.00000 1.00000
vt 0.00000 1.00000
vt 0.00000 1.00000
vt 0.00000 1.00000
vt 0.00000 1.00000
vt 0.00000 1.00000
vt 0.00000 1.00000
vt 0.00000 1.00000
vt 0.00000 1.00000
vt 0.00000 1.00000
vt 0.00000 1.00000
vt 0.00000 1.00000
vt 0.00000 1.00000
vt 0.00000 1.00000
vt 0.00000 1.00000
vt 0.00000 1.00000
vt 0.00000 1.00000
vt 0.00000 1.00000
vt 0.00000 1.00000
vt 0.00000 1.00000
vt 0.00000 1.00000
vt 0.00000 1.00000
vt 0.00000 1.00000
vt 0.00000 1.00000
vt 0.00000 1.00000
vt 0.00000 1.00000
vt 0.00000 1.00000
vt 0.00000 1.00000
vt 0.00000 1.00000
vt 0.00000 1.00000
vt 0.00000 1.00000
vt 0.00000 1.00000
vt 0.00000 1.00000
vt 0.00000 1.00000
vt 0.00000 1.00000
vt 0.00000 1.00000
vt 0.00000 1.00000
vt 0.00000 1.00000
vt 0.00000 1.00000
vt 0.00000 1.00000
vt 0.00000 1.00000
vt 0.00000 1.00000
vt 0.00000 1.00000
vt 0.00000 1.00000
vt 0.00000 1.00000
vt 0.00000 1.00000
vt 0.00000 1.00000
vt 0.00000 1.00000
vt 0.00000 1.00000
vt 0.00000 1.00000
vt 0.00000 1.00000
vt 0.00000 1.00000
vt 0.00000 1.00000
vt 0.00000 1.00000
vt 0.00000 1.00000
vt 0.00000 1.00000
vt 0.00000 1.00000
vt 0.00000 1.00000
vt 0.00000 1.00000
vt 0.00000 1.00000
vt 0.00000 1.00000
vt 0.00000 1.00000
vt 0.00000 1.00000
vt 0.00000 1.00000
vt 0.00000 1.00000
vt 0.00000 1.00000
vt 0.00000 1.00000
vt 0.00000 1.00000
vt 0.00000 1.00000
vt 0.00000 1.00000
vt 0.00000 1.00000
vt 0.00000 1.00000
vt 0.00000 1.00000
vt 0.00000 1.00000
vt 0.00000 1.00000
vt 0.00000 1.00000
vt 0.00000 1.00000
vt 0.00000 1.00000
vt 0.00000 1.00000
vt 0.00000 1.00000
vt 0.00000 1.00000
vt 0.00000 1.00000
vt 0.00000 1.00000
vt 0.00000 1.00000
vt 0.00000 1.00000
vt 0.00000 1.00000
vt 0.00000 1.00000
vt 0.00000 1.00000
vt 0.00000 1.00000
vt 0.00000 1.00000
vt 0.00000 1.00000
vt 0.00000 1.00000
vt 0.00000 1.00000
vt 0.00000 1.00000
vt 0.00000 1.00000
vt 0.00000 1.00000
vt 0.00000 1.00000
vt 0.00000 1.00000
vt 0.00000 1.00000
vt 0.00000 1.00000
vt 0.00000 1.00000
vt 0.00000 1.00000
vt 0.00000 1.00000
vt 0.00000 1.00000
vt 0.00000 1.00000
vt 0.00000 1.00000
vt 0.00000 1.00000
vt 0.00000 1.00000
vt 0.00000 1.00000
vt 0.00000 1.00000
vt 0.00000 1.00000
vt 0.00000 1.00000
vt 0.00000 1.00000
vt 0.00000 1.00000
vt 0.00000 1.00000
vt 0.00000 1.00000
vt 0.00000 1.00000
vt 0.00000 1.00000
vt 0.00000 1.00000
vt 0.00000 1.00000
vt 0.00000 1.00000
vt 0.00000 1.00000
vt 0.00000 1.00000
vt 0.00000 1.00000
vt 0.00000 1.00000
vt 0.00000 1.00000
vt 0.00000 1.00000
vt 0.00000 1.00000
vt 0.00000 1.00000
vt 0.00000 1.00000
vt 0.00000 1.00000
vt 0.00000 1.00000
vt 0.00000 1.00000
vt 0.00000 1.00000
vt 0.00000 1.00000
vt 0.00000 1.00000
vt 0.00000 1.00000
vt 0.00000 1.00000
vt 0.00000 1.00000
vt 0.00000 1.00000
vt 0.00000 1.00000
vt 0.00000 1.00000
vt 0.00000 1.00000
vt 0.00000 1.00000
vt 0.00000 1.00000
vt 0.00000 1.00000
vt 0.00000 1.00000
vt 0.00000 1.00000
vt 0.00000 1.00000
vt 0.00000 1.00000
vt 0.00000 1.00000
vt 0.00000 1.00000
vt 0.00000 1.00000
vt 0.00000 1.00000
vt 0.00000 1.00000
vt 0.00000 1.00000
vt 0.00000 1.00000
vt 0.00000 1.00000
vt 0.00000 1.00000
vt 0.00000 1.00000
vt 0.00000 1.00000
vt 0.00000 1.00000
vt 0.00000 1.00000
vt 0.00000 1.00000
vt 0.00000 1.00000
vt 0.00000 1.00000
vt 0.00000 1.00000
vt 0.00000 1.00000
vt 0.00000 1.00000
vt 0.00000 1.00000
vt 0.00000 1.00000
vt 0.00000 1.00000
vt 0.00000 1.00000
vt 0.00000 1.00000
vt 0.00000 1.00000
vt 0.00000 1.00000
vt 0.00000 1.00000
vt 0.00000 1.00000
vt 0.00000 1.00000
vt 0.00000 1.00000
vt 0.00000 1.00000
vt 0.00000 1.00000
vt 0.00000 1.00000
vt 0.00000 1.00000
vt 0.00000 1.00000
vt 0.00000 1.00000
vt 0.00000 1.00000
vt 0.00000 1.00000
vt 0.00000 1.00000
vt 0.00000 1.00000
vt 0.00000 1.00000
vt 0.00000 1.00000
vt 0.00000 1.00000
vt 0.00000 1.00000
vt 0.00000 1.00000
vt 0.00000 1.00000
vt 0.00000 1.00000
vt 0.00000 1.00000
vt 0.00000 1.00000
vt 0.00000 1.00000
vt 0.00000 1.00000
vt 0.00000 1.00000
vt 0.00000 1.00000
vt 0.00000 1.00000
vt 0.00000 1.00000
vt 0.00000 1.00000
vt 0.00000 1.00000
vt 0.00000 1.00000
vt 0.00000 1.00000
vt 0.00000 1.00000
vt 0.00000 1.00000
vt 0.00000 1.00000
vt 0.00000 1.00000
vt 0.00000 1.00000
vt 0.00000 1.00000
vt 0.00000 1.00000
vt 0.00000 1.00000
vt 0.00000 1.00000
vt 0.00000 1.00000
vt 0.00000 1.00000
vt 0.00000 1.00000
vt 0.00000 1.00000
vt 0.00000 1.00000
vt 0.00000 1.00000
vt 0.00000 1.00000
vt 0.00000 1.00000
vt 0.00000 1.00000
vt 0.00000 1.00000
vt 0.00000 1.00000
vt 0.00000 1.00000
vt 0.00000 1.00000
vt 0.00000 1.00000
vt 0.00000 1.00000
vt 0.00000 1.00000
vt 0.00000 1.00000
vt 0.00000 1.00000
vt 0.00000 1.00000
vt 0.00000 1.00000
vt 0.00000 1.00000
vt 0.00000 1.00000
vt 0.00000 1.00000
vt 0.00000 1.00000
vt 0.00000 1.00000
vt 0.00000 1.00000
vt 0.00000 1.00000
vt 0.00000 1.00000
vt 0.00000 1.00000
vt 0.00000 1.00000
vt 0.00000 1.00000
vt 0.00000 1.00000
vt 0.00000 1.00000
vt 0.00000 1.00000
vt 0.00000 1.00000
vt 0.00000 1.00000
vt 0.00000 1.00000
vt 0.00000 1.00000
vt 0.00000 1.00000
vt 0.00000 1.00000
vt 0.00000 1.00000
vt 0.00000 1.00000
vt 0.00000 1.00000
vt 0.00000 1.00000
vt 0.00000 1.00000
vt 0.00000 1.00000
vt 0.00000 1.00000
vt 0.00000 1.00000
vt 0.00000 1.00000
vt 0.00000 1.00000
vt 0.00000 1.00000
vt 0.00000 1.00000
vt 0.00000 1.00000
vt 0.00000 1.00000
vt 0.00000 1.00000
vt 0.00000 1.00000
vt 0.00000 1.00000
vt 0.00000 1.00000
vt 0.00000 1.00000
vt 0.00000 1.00000
vt 0.00000 1.00000
vt 0.00000 1.00000
vt 0.00000 1.00000
vt 0.00000 1.00000
vt 0.00000 1.00000
vt 0.00000 1.00000
vt 0.00000 1.00000
vt 0.00000 1.00000
vt 0.00000 1.00000
vt 0.00000 1.00000
vt 0.00000 1.00000
vt 0.00000 1.00000
vt 0.00000 1.00000
vt 0.00000 1.00000
vt 0.00000 1.00000
vt 0.00000 1.00000
vt 0.00000 1.00000
vt 0.00000 1.00000
vt 0.00000 1.00000
vt 0.00000 1.00000
vt 0.00000 1.00000
vt 0.00000 1.00000
vt 0.00000 1.00000
vt 0.00000 1.00000
vt 0.00000 1.00000
vt 0.00000 1.00000
vt 0.00000 1.00000
vt 0.00000 1.00000
vt 0.00000 1.00000
vt 0.00000 1.00000
vt 0.00000 1.00000
vt 0.00000 1.00000
vt 0.00000 1.00000
vt 0.00000 1.00000
vt 0.00000 1.00000
vt 0.00000 1.00000
vt 0.00000 1.00000
vt 0.00000 1.00000
vt 0.00000 1.00000
vt 0.00000 1.00000
vt 0.00000 1.00000
vt 0.00000 1.00000
vt 0.00000 1.00000
vt 0.00000 1.00000
vt 0.00000 1.00000
vt 0.00000 1.00000
vt 0.00000 1.00000
vt 0.00000 1.00000
vt 0.00000 1.00000
vt 0.00000 1.00000
vt 0.00000 1.00000
vt 0.00000 1.00000
vt 0.00000 1.00000
vt 0.00000 1.00000
vt 0.00000 1.00000
vt 0.00000 1.00000
vt 0.00000 1.00000
vt 0.00000 1.00000
vt 0.00000 1.00000
vt 0.00000 1.00000
vt 0.00000 1.00000
vt 0.00000 1.00000
vt 0.00000 1.00000
vt 0.00000 1.00000
vt 0.00000 1.00000
vt 0.00000 1.00000
vt 0.00000 1.00000
vt 0.00000 1.00000
vt 0.00000 1.00000
vt 0.00000 1.00000
vt 0.00000 1.00000
vt 0.00000 1.00000
vt 0.00000 1.00000
vt 0.00000 1.00000
vt 0.00000 1.00000
vt 0.00000 1.00000
vt 0.00000 1.00000
vt 0.00000 1.00000
vt 0.00000 1.00000
vt 0.00000 1.00000
vt 0.00000 1.00000
vt 0.00000 1.00000
vt 0.00000 1.00000
vt 0.00000 1.00000
vt 0.00000 1.00000
vt 0.00000 1.00000
vt 0.00000 1.00000
vt 0.00000 1.00000
vt 0.00000 1.00000
vt 0.00000 1.00000
vt 0.00000 1.00000
vt 0.00000 1.00000
vt 0.00000 1.00000
vt 0.00000 1.00000
vt 0.00000 1.00000
vt 0.00000 1.00000
vt 0.00000 1.00000
vt 0.00000 1.00000
vt 0.00000 1.00000
vt 0.00000 1.00000
vt 0.00000 1.00000
vt 0.00000 1.00000
vt 0.00000 1.00000
vt 0.00000 1.00000
vt 0.00000 1.00000
vt 0.00000 1.00000
vt 0.00000 1.00000
vt 0.00000 1.00000
vt 0.00000 1.00000
vt 0.00000 1.00000
vt 0.00000 1.00000
vt 0.00000 1.00000
vt 0.00000 1.00000
vt 0.00000 1.00000
vt 0.00000 1.00000
vt 0.00000 1.00000
vt 0.00000 1.00000
vt 0.00000 1.00000
vt 0.00000 1.00000
vt 0.00000 1.00000
vt 0.00000 1.00000
vt 0.00000 1.00000
vt 0.00000 1.00000
vt 0.00000 1.00000
vt 0.00000 1.00000
vt 0.00000 1.00000
vt 0.00000 1.00000
vt 0.00000 1.00000
vt 0.00000 1.00000
vt 0.00000 1.00000
vt 0.00000 1.00000
vt 0.00000 1.00000
vt 0.00000 1.00000
vt 0.00000 1.00000
vt 0.00000 1.00000
vt 0.00000 1.00000
vt 0.00000 1.00000
vt 0.00000 1.00000
vt 0.00000 1.00000
vt 0.00000 1.00000
vt 0.00000 1.00000
vt 0.00000 1.00000
vt 0.00000 1.00000
vt 0.00000 1.00000
vt 0.00000 1.00000
vt 0.00000 1.00000
vt 0.00000 1.00000
vt 0.00000 1.00000
vt 0.00000 1.00000
vt 0.00000 1.00000
vt 0.00000 1.00000
vt 0.00000 1.00000
vt 0.00000 1.00000
vt 0.00000 1.00000
vt 0.00000 1.00000
vt 0.00000 1.00000
vt 0.00000 1.00000
vt 0.00000 1.00000
vt 0.00000 1.00000
vt 0.00000 1.00000
vt 0.00000 1.00000
vt 0.00000 1.00000
vt 0.00000 1.00000
vt 0.00000 1.00000
vt 0.00000 1.00000
vt 0.00000 1.00000
vt 0.00000 1.00000
vt 0.00000 1.00000
vt 0.00000 1.00000
vt 0.00000 1.00000
vt 0.00000 1.00000
vt 0.00000 1.00000
vt 0.00000 1.00000
vt 0.00000 1.00000
vt 0.00000 1.00000
vt 0.00000 1.00000
vt 0.00000 1.00000
vt 0.00000 1.00000
vt 0.00000 1.00000
vt 0.00000 1.00000
vt 0.00000 1.00000
vt 0.00000 1.00000
vt 0.00000 1.00000
vt 0.00000 1.00000
vt 0.00000 1.00000
vt 0.00000 1.00000
vt 0.00000 1.00000
vt 0.00000 1.00000
vt 0.00000 1.00000
vt 0.00000 1.00000
vt 0.00000 1.00000
vt 0.00000 1.00000
vt 0.00000 1.00000
vt 0.00000 1.00000
vt 0.00000 1.00000
vt 0.00000 1.00000
vt 0.00000 1.00000
vt 0.00000 1.00000
vt 0.00000 1.00000
vt 0.00000 1.00000
vt 0.00000 1.00000
vt 0.00000 1.00000
vt 0.00000 1.00000
vt 0.00000 1.00000
vt 0.00000 1.00000
vt 0.00000 1.00000
vt 0.00000 1.00000
vt 0.00000 1.00000
vt 0.00000 1.00000
vt 0.00000 1.00000
vt 0.00000 1.00000
vt 0.00000 1.00000
vt 0.00000 1.00000
vt 0.00000 1.00000
vt 0.00000 1.00000
vt 0.00000 1.00000
vt 0.00000 1.00000
vt 0.00000 1.00000
vt 0.00000 1.00000
vt 0.00000 1.00000
vt 0.00000 1.00000
vt 0.00000 1.00000
vt 0.00000 1.00000
vt 0.00000 1.00000
vt 0.00000 1.00000
vt 0.00000 1.00000
vt 0.00000 1.00000
vt 0.00000 1.00000
vt 0.00000 1.00000
vt 0.00000 1.00000
vt 0.00000 1.00000
vt 0.00000 1.00000
vt 0.00000 1.00000
vt 0.00000 1.00000
vt 0.00000 1.00000
vt 0.00000 1.00000
vt 0.00000 1.00000
vt 0.00000 1.00000
vt 0.00000 1.00000
vt 0.00000 1.00000
vt 0.00000 1.00000
vt 0.00000 1.00000
vt 0.00000 1.00000
vt 0.00000 1.00000
vt 0.00000 1.00000
vt 0.00000 1.00000
vt 0.00000 1.00000
vt 0.00000 1.00000
vt 0.00000 1.00000
vt 0.00000 1.00000
vt 0.00000 1.00000
vt 0.00000 1.00000
vt 0.00000 1.00000
vt 0.00000 1.00000
vt 0.00000 1.00000
vt 0.00000 1.00000
vt 0.00000 1.00000
vt 0.00000 1.00000
vt 0.00000 1.00000
vt 0.00000 1.00000
vt 0.00000 1.00000
vt 0.00000 1.00000
vt 0.00000 1.00000
vt 0.00000 1.00000
vt 0.00000 1.00000
vt 0.00000 1.00000
vt 0.00000 1.00000
vt 0.00000 1.00000
vt 0.00000 1.00000
vt 0.00000 1.00000
vt 0.00000 1.00000
vt 0.00000 1.00000
vt 0.00000 1.00000
vt 0.00000 1.00000
vt 0.00000 1.00000
vt 0.00000 1.00000
vt 0.00000 1.00000
vt 0.00000 1.00000
vt 0.00000 1.00000
vt 0.00000 1.00000
vt 0.00000 1.00000
vt 0.00000 1.00000
vt 0.00000 1.00000
vt 0.00000 1.00000
vt 0.00000 1.00000
vt 0.00000 1.00000
vt 0.00000 1.00000
vt 0.00000 1.00000
vt 0.00000 1.00000
vt 0.00000 1.00000
vt 0.00000 1.00000
vt 0.00000 1.00000
vt 0.00000 1.00000
vt 0.00000 1.00000
vt 0.00000 1.00000
vt 0.00000 1.00000
vt 0.00000 1.00000
vt 0.00000 1.00000
vt 0.00000 1.00000
vt 0.00000 1.00000
vt 0.00000 1.00000
vt 0.00000 1.00000
vt 0.00000 1.00000
vt 0.00000 1.00000
vt 0.00000 1.00000
vt 0.00000 1.00000
vt 0.00000 1.00000
vt 0.00000 1.00000
vt 0.00000 1.00000
vt 0.00000 1.00000
vt 0.00000 1.00000
vt 0.00000 1.00000
vt 0.00000 1.00000
vt 0.00000 1.00000
vt 0.00000 1.00000
vt 0.00000 1.00000
vt 0.00000 1.00000
vt 0.00000 1.00000
vt 0.00000 1.00000
vt 0.00000 1.00000
vt 0.00000 1.00000
vt 0.00000 1.00000
vt 0.00000 1.00000
vt 0.00000 1.00000
vt 0.00000 1.00000
vt 0.00000 1.00000
vt 0.00000 1.00000
vt 0.00000 1.00000
vt 0.00000 1.00000
vt 0.00000 1.00000
vt 0.00000 1.00000
vt 0.00000 1.00000
vt 0.00000 1.00000
vt 0.00000 1.00000
vt 0.00000 1.00000
vt 0.00000 1.00000
vt 0.00000 1.00000
vt 0.00000 1.00000
vt 0.00000 1.00000
vt 0.00000 1.00000
vt 0.00000 1.00000
vt 0.00000 1.00000
vt 0.00000 1.00000
vt 0.00000 1.00000
vt 0.00000 1.00000
vt 0.00000 1.00000
vt 0.00000 1.00000
vt 0.00000 1.00000
vt 0.00000 1.00000
vt 0.00000 1.00000
vt 0.00000 1.00000
vt 0.00000 1.00000
vt 0.00000 1.00000
vt 0.00000 1.00000
vt 0.00000 1.00000
vt 0.00000 1.00000
vt 0.00000 1.00000
vt 0.00000 1.00000
vt 0.00000 1.00000
vt 0.00000 1.00000
vt 0.00000 1.00000
vt 0.00000 1.00000
vt 0.00000 1.00000
vt 0.00000 1.00000
vt 0.00000 1.00000
vt 0.00000 1.00000
vt 0.00000 1.00000
vt 0.00000 1.00000
vt 0.00000 1.00000
vt 0.00000 1.00000
vt 0.00000 1.00000
vt 0.00000 1.00000
vt 0.00000 1.00000
vt 0.00000 1.00000
vt 0.00000 1.00000
vt 0.00000 1.00000
vt 0.00000 1.00000
vt 0.00000 1.00000
vt 0.00000 1.00000
vt 0.00000 1.00000
vt 0.00000 1.00000
vt 0.00000 1.00000
vt 0.00000 1.00000
vt 0.00000 1.00000
vt 0.00000 1.00000
vt 0.00000 1.00000
vt 0.00000 1.00000
vt 0.00000 1.00000
vt 0.00000 1.00000
vt 0.00000 1.00000
vt 0.00000 1.00000
vt 0.00000 1.00000
vt 0.00000 1.00000
vt 0.00000 1.00000
vt 0.00000 1.00000
vt 0.00000 1.00000
vt 0.00000 1.00000
vt 0.00000 1.00000
vt 0.00000 1.00000
vt 0.00000 1.00000
vt 0.00000 1.00000
vt 0.00000 1.00000
vt 0.00000 1.00000
vt 0.00000 1.00000
vt 0.00000 1.00000
vt 0.00000 1.00000
vt 0.00000 1.00000
vt 0.00000 1.00000
vt 0.00000 1.00000
vt 0.00000 1.00000
vt 0.00000 1.00000
vt 0.00000 1.00000
vt 0.00000 1.00000
vt 0.00000 1.00000
vt 0.00000 1.00000
vt 0.00000 1.00000
vt 0.00000 1.00000
vt 0.00000 1.00000
vt 0.00000 1.00000
vt 0.00000 1.00000
vt 0.00000 1.00000
vt 0.00000 1.00000
vt 0.00000 1.00000
vt 0.00000 1.00000
vt 0.00000 1.00000
vt 0.00000 1.00000
vt 0.00000 1.00000
vt 0.00000 1.00000
vt 0.00000 1.00000
vt 0.00000 1.00000
vt 0.00000 1.00000
vt 0.00000 1.00000
vt 0.00000 1.00000
vt 0.00000 1.00000
vt 0.00000 1.00000
vt 0.00000 1.00000
vt 0.00000 1.00000
vt 0.00000 1.00000
vt 0.00000 1.00000
vt 0.00000 1.00000
vt 0.00000 1.00000
vt 0.00000 1.00000
vt 0.00000 1.00000
vt 0.00000 1.00000
vt 0.00000 1.00000
vt 0.00000 1.00000
vt 0.00000 1.00000
vt 0.00000 1.00000
vt 0.00000 1.00000
vt 0.00000 1.00000
vt 0.00000 1.00000
vt 0.00000 1.00000
vt 0.00000 1.00000
vt 0.00000 1.00000
vt 0.00000 1.00000
vt 0.00000 1.00000
vt 0.00000 1.00000
vt 0.00000 1.00000
vt 0.00000 1.00000
vt 0.00000 1.00000
vt 0.00000 1.00000
vt 0.00000 1.00000
vt 0.00000 1.00000
vt 0.00000 1.00000
vt 0.00000 1.00000
vt 0.00000 1.00000
vt 0.00000 1.00000
vt 0.00000 1.00000
vt 0.00000 1.00000
vt 0.00000 1.00000
vt 0.00000 1.00000
vt 0.00000 1.00000
vt 0.00000 1.00000
vt 0.00000 1.00000
vt 0.00000 1.00000
vt 0.00000 1.00000
vt 0.00000 1.00000
vt 0.00000 1.00000
vt 0.00000 1.00000
vt 0.00000 1.00000
vt 0.00000 1.00000
vt 0.00000 1.00000
vt 0.00000 1.00000
vt 0.00000 1.00000
vt 0.00000 1.00000
vt 0.00000 1.00000
vt 0.00000 1.00000
vt 0.00000 1.00000
vt 0.00000 1.00000
vt 0.00000 1.00000
vt 0.00000 1.00000
vt 0.00000 1.00000
vt 0.00000 1.00000
vt 0.00000 1.00000
vt 0.00000 1.00000
vt 0.00000 1.00000
vt 0.00000 1.00000
vt 0.00000 1.00000
vt 0.00000 1.00000
vt 0.00000 1.00000
vt 0.00000 1.00000
vt 0.00000 1.00000
vt 0.00000 1.00000
vt 0.00000 1.00000
vt 0.00000 1.00000
vt 0.00000 1.00000
vt 0.00000 1.00000
vt 0.00000 1.00000
vt 0.00000 1.00000
vt 0.00000 1.00000
vt 0.00000 1.00000
vt 0.00000 1.00000
vt 0.00000 1.00000
vt 0.00000 1.00000
vt 0.00000 1.00000
vt 0.00000 1.00000
vt 0.00000 1.00000
vt 0.00000 1.00000
vt 0.00000 1.00000
vt 0.00000 1.00000
vt 0.00000 1.00000
vt 0.00000 1.00000
vt 0.00000 1.00000
vt 0.00000 1.00000
vt 0.00000 1.00000
vt 0.00000 1.00000
vt 0.00000 1.00000
vt 0.00000 1.00000
vt 0.00000 1.00000
vt 0.00000 1.00000
vt 0.00000 1.00000
vt 0.00000 1.00000
vt 0.00000 1.00000
vt 0.00000 1.00000
vt 0.00000 1.00000
vt 0.00000 1.00000
vt 0.00000 1.00000
vt 0.00000 1.00000
vt 0.00000 1.00000
vt 0.00000 1.00000
vt 0.00000 1.00000
vt 0.00000 1.00000
vt 0.00000 1.00000
vt 0.00000 1.00000
vt 0.00000 1.00000
vt 0.00000 1.00000
vt 0.00000 1.00000
vt 0.00000 1.00000
vt 0.00000 1.00000
vt 0.00000 1.00000
vt 0.00000 1.00000
vt 0.00000 1.00000
vt 0.00000 1.00000
vt 0.00000 1.00000
vt 0.00000 1.00000
vt 0.00000 1.00000
vt 0.00000 1.00000
vt 0.00000 1.00000
vt 0.00000 1.00000
vt 0.00000 1.00000
vt 0.00000 1.00000
vt 0.00000 1.00000
vt 0.00000 1.00000
vt 0.00000 1.00000
vt 0.00000 1.00000
vt 0.00000 1.00000
vt 0.00000 1.00000
vt 0.00000 1.00000
vt 0.00000 1.00000
vt 0.00000 1.00000
vt 0.00000 1.00000
vt 0.00000 1.00000
vt 0.00000 1.00000
vt 0.00000 1.00000
vt 0.00000 1.00000
vt 0.00000 1.00000
vt 0.00000 1.00000
vt 0.00000 1.00000
vt 0.00000 1.00000
vt 0.00000 1.00000
vt 0.00000 1.00000
vt 0.00000 1.00000
vt 0.00000 1.00000
vt 0.00000 1.00000
vt 0.00000 1.00000
vt 0.00000 1.00000
vt 0.00000 1.00000
vt 0.00000 1.00000
vt 0.00000 1.00000
vt 0.00000 1.00000
vt 0.00000 1.00000
vt 0.00000 1.00000
vt 0.00000 1.00000
vt 0.00000 1.00000
vt 0.00000 1.00000
vt 0.00000 1.00000
vt 0.00000 1.00000
vt 0.00000 1.00000
vt 0.00000 1.00000
vt 0.00000 1.00000
vt 0.00000 1.00000
vt 0.00000 1.00000
vt 0.00000 1.00000
vt 0.00000 1.00000
vt 0.00000 1.00000
vt 0.00000 1.00000
vt 0.00000 1.00000
vt 0.00000 1.00000
vt 0.00000 1.00000
vt 0.00000 1.00000
vt 0.00000 1.00000
vt 0.00000 1.00000
vt 0.00000 1.00000
vt 0.00000 1.00000
vt 0.00000 1.00000
vt 0.00000 1.00000
vt 0.00000 1.00000
vt 0.00000 1.00000
vt 0.00000 1.00000
vt 0.00000 1.00000
vt 0.00000 1.00000
vt 0.00000 1.00000
vt 0.00000 1.00000
vt 0.00000 1.00000
vt 0.00000 1.00000
vt 0.00000 1.00000
vt 0.00000 1.00000
vt 0.00000 1.00000
vt 0.00000 1.00000
vt 0.00000 1.00000
vt 0.00000 1.00000
vt 0.00000 1.00000
vt 0.00000 1.00000
vt 0.00000 1.00000
vt 0.00000 1.00000
vt 0.00000 1.00000
vt 0.00000 1.00000
vt 0.00000 1.00000
vt 0.00000 1.00000
vt 0.00000 1.00000
vt 0.00000 1.00000
vt 0.00000 1.00000
vt 0.00000 1.00000
vt 0.00000 1.00000
vt 0.00000 1.00000
vt 0.00000 1.00000
vt 0.00000 1.00000
vt 0.00000 1.00000
vt 0.00000 1.00000
vt 0.00000 1.00000
vt 0.00000 1.00000
vt 0.00000 1.00000
vt 0.00000 1.00000
vt 0.00000 1.00000
vt 0.00000 1.00000
vt 0.00000 1.00000
vt 0.00000 1.00000
vt 0.00000 1.00000
vt 0.00000 1.00000
vt 0.00000 1.00000
vt 0.00000 1.00000
vt 0.00000 1.00000
vt 0.00000 1.00000
vt 0.00000 1.00000
vt 0.00000 1.00000
vt 0.00000 1.00000
vt 0.00000 1.00000
vt 0.00000 1.00000
vt 0.00000 1.00000
vt 0.00000 1.00000
vt 0.00000 1.00000
vt 0.00000 1.00000
vt 0.00000 1.00000
vt 0.00000 1.00000
vt 0.00000 1.00000
vt 0.00000 1.00000
vt 0.00000 1.00000
vt 0.00000 1.00000
vt 0.00000 1.00000
vt 0.00000 1.00000
vt 0.00000 1.00000
vt 0.00000 1.00000
vt 0.00000 1.00000
vt 0.00000 1.00000
vt 0.00000 1.00000
vt 0.00000 1.00000
vt 0.00000 1.00000
vt 0.00000 1.00000
vt 0.00000 1.00000
vt 0.00000 1.00000
vt 0.00000 1.00000
vt 0.00000 1.00000
vt 0.00000 1.00000
vt 0.00000 1.00000
vt 0.00000 1.00000
vt 0.00000 1.00000
vt 0.00000 1.00000
vt 0.00000 1.00000
vt 0.00000 1.00000
vt 0.00000 1.00000
vt 0.00000 1.00000
vt 0.00000 1.00000
vt 0.00000 1.00000
vt 0.00000 1.00000
vt 0.00000 1.00000
vt 0.00000 1.00000
vt 0.00000 1.00000
vt 0.00000 1.00000
vt 0.00000 1.00000
vt 0.00000 1.00000
vt 0.00000 1.00000
vt 0.00000 1.00000
vt 0.00000 1.00000
vt 0.00000 1.00000
vt 0.00000 1.00000
vt 0.00000 1.00000
vt 0.00000 1.00000
vt 0.00000 1.00000
vt 0.00000 1.00000
vt 0.00000 1.00000
vt 0.00000 1.00000
vt 0.00000 1.00000
vt 0.00000 1.00000
vt 0.00000 1.00000
vt 0.00000 1.00000
vt 0.00000 1.00000
vt 0.00000 1.00000
vt 0.00000 1.00000
vt 0.00000 1.00000
vt 0.00000 1.00000
vt 0.00000 1.00000
vt 0.00000 1.00000
vt 0.00000 1.00000
vt 0.00000 1.00000
vt 0.00000 1.00000
vt 0.00000 1.00000
vt 0.00000 1.00000
vt 0.00000 1.00000
vt 0.00000 1.00000
vt 0.00000 1.00000
vt 0.00000 1.00000
vt 0.00000 1.00000
vt 0.00000 1.00000
vt 0.00000 1.00000
vt 0.00000 1.00000
vt 0.00000 1.00000
vt 0.00000 1.00000
vt 0.00000 1.00000
vt 0.00000 1.00000
vt 0.00000 1.00000
vt 0.00000 1.00000
vt 0.00000 1.00000
vt 0.00000 1.00000
vt 0.00000 1.00000
vt 0.00000 1.00000
vt 0.00000 1.00000
vt 0.00000 1.00000
vt 0.00000 1.00000
vt 0.00000 1.00000
vt 0.00000 1.00000
vt 0.00000 1.00000
vt 0.00000 1.00000
vt 0.00000 1.00000
vt 0.00000 1.00000
vt 0.00000 1.00000
vt 0.00000 1.00000
vt 0.00000 1.00000
vt 0.00000 1.00000
vt 0.00000 1.00000
vt 0.00000 1.00000
vt 0.00000 1.00000
vt 0.00000 1.00000
vt 0.00000 1.00000
vt 0.00000 1.00000
vt 0.00000 1.00000
vt 0.00000 1.00000
vt 0.00000 1.00000
vt 0.00000 1.00000
vt 0.00000 1.00000
vt 0.00000 1.00000
vt 0.00000 1.00000
vt 0.00000 1.00000
vt 0.00000 1.00000
vt 0.00000 1.00000
vt 0.00000 1.00000
vt 0.00000 1.00000
vt 0.00000 1.00000
vt 0.00000 1.00000
vt 0.00000 1.00000
vt 0.00000 1.00000
vt 0.00000 1.00000
vt 0.00000 1.00000
vt 0.00000 1.00000
vt 0.00000 1.00000
vt 0.00000 1.00000
vt 0.00000 1.00000
vt 0.00000 1.00000
vt 0.00000 1.00000
vt 0.00000 1.00000
vt 0.00000 1.00000
vt 0.00000 1.00000
vt 0.00000 1.00000
vt 0.00000 1.00000
vt 0.00000 1.00000
vt 0.00000 1.00000
vt 0.00000 1.00000
vt 0.00000 1.00000
vt 0.00000 1.00000
vt 0.00000 1.00000
vt 0.00000 1.00000
vt 0.00000 1.00000
vt 0.00000 1.00000
vt 0.00000 1.00000
vt 0.00000 1.00000
vt 0.00000 1.00000
vt 0.00000 1.00000
vt 0.00000 1.00000
vt 0.00000 1.00000
vt 0.00000 1.00000
vt 0.00000 1.00000
vt 0.00000 1.00000
vt 0.00000 1.00000
vt 0.00000 1.00000
vt 0.00000 1.00000
vt 0.00000 1.00000
vt 0.00000 1.00000
vt 0.00000 1.00000
vt 0.00000 1.00000
vt 0.00000 1.00000
vt 0.00000 1.00000
vt 0.00000 1.00000
vt 0.00000 1.00000
vt 0.00000 1.00000
vt 0.00000 1.00000
vt 0.00000 1.00000
vt 0.00000 1.00000
vt 0.00000 1.00000
vt 0.00000 1.00000
vt 0.00000 1.00000
vt 0.00000 1.00000
vt 0.00000 1.00000
vt 0.00000 1.00000
vt 0.00000 1.00000
vt 0.00000 1.00000
vt 0.00000 1.00000
vt 0.00000 1.00000
vt 0.00000 1.00000
vt 0.00000 1.00000
vt 0.00000 1.00000
vt 0.00000 1.00000
vt 0.00000 1.00000
vt 0.00000 1.00000
vt 0.00000 1.00000
vt 0.00000 1.00000
vt 0.00000 1.00000
vt 0.00000 1.00000
vt 0.00000 1.00000
vt 0.00000 1.00000
vt 0.00000 1.00000
vt 0.00000 1.00000
vt 0.00000 1.00000
vt 0.00000 1.00000
vt 0.00000 1.00000
vt 0.00000 1.00000
vt 0.00000 1.00000
vt 0.00000 1.00000
vt 0.00000 1.00000
vt 0.00000 1.00000
vt 0.00000 1.00000
vt 0.00000 1.00000
vt 0.00000 1.00000
vt 0.00000 1.00000
vt 0.00000 1.00000
vt 0.00000 1.00000
vt 0.00000 1.00000
vt 0.00000 1.00000
vt 0.00000 1.00000
vt 0.00000 1.00000
vt 0.00000 1.00000
vt 0.00000 1.00000
vt 0.00000 1.00000
vt 0.00000 1.00000
vt 0.00000 1.00000
vt 0.00000 1.00000
vt 0.00000 1.00000
vt 0.00000 1.00000
vt 0.00000 1.00000
vt 0.00000 1.00000
vt 0.00000 1.00000
vt 0.00000 1.00000
vt 0.00000 1.00000
vt 0.00000 1.00000
vt 0.00000 1.00000
vt 0.00000 1.00000
vt 0.00000 1.00000
vt 0.00000 1.00000
vt 0.00000 1.00000
vt 0.00000 1.00000
vt 0.00000 1.00000
vt 0.00000 1.00000
vt 0.00000 1.00000
vt 0.00000 1.00000
vt 0.00000 1.00000
vt 0.00000 1.00000
vt 0.00000 1.00000
vt 0.00000 1.00000
vt 0.00000 1.00000
vt 0.00000 1.00000
vt 0.00000 1.00000
vt 0.00000 1.00000
vt 0.00000 1.00000
vt 0.00000 1.00000
vt 0.00000 1.00000
vt 0.00000 1.00000
vt 0.00000 1.00000
vt 0.00000 1.00000
vt 0.00000 1.00000
vt 0.00000 1.00000
vt 0.00000 1.00000
vt 0.00000 1.00000
vt 0.00000 1.00000
vt 0.00000 1.00000
vt 0.00000 1.00000
vt 0.00000 1.00000
vt 0.00000 1.00000
vt 0.00000 1.00000
vt 0.00000 1.00000
vt 0.00000 1.00000
vt 0.00000 1.00000
vt 0.00000 1.00000
vt 0.00000 1.00000
vt 0.00000 1.00000
vt 0.00000 1.00000
vt 0.00000 1.00000
vt 0.00000 1.00000
vt 0.00000 1.00000
vt 0.00000 1.00000
vt 0.00000 1.00000
vt 0.00000 1.00000
vt 0.00000 1.00000
vt 0.00000 1.00000
vt 0.00000 1.00000
vt 0.00000 1.00000
vt 0.00000 1.00000
vt 0.00000 1.00000
vt 0.00000 1.00000
vt 0.00000 1.00000
vt 0.00000 1.00000
vt 0.00000 1.00000
vt 0.00000 1.00000
vt 0.00000 1.00000
vt 0.00000 1.00000
vt 0.00000 1.00000
vt 0.00000 1.00000
vt 0.00000 1.00000
vt 0.00000 1.00000
vt 0.00000 1.00000
vt 0.00000 1.00000
vt 0.00000 1.00000
vt 0.00000 1.00000
vt 0.00000 1.00000
vt 0.00000 1.00000
vt 0.00000 1.00000
vt 0.00000 1.00000
vt 0.00000 1.00000
vt 0.00000 1.00000
vt 0.00000 1.00000
vt 0.00000 1.00000
vt 0.00000 1.00000
vt 0.00000 1.00000
vt 0.00000 1.00000
vt 0.00000 1.00000
vt 0.00000 1.00000
vt 0.00000 1.00000
vt 0.00000 1.00000
vt 0.00000 1.00000
vt 0.00000 1.00000
vt 0.00000 1.00000
vt 0.00000 1.00000
vt 0.00000 1.00000
vt 0.00000 1.00000
vt 0.00000 1.00000
vt 0.00000 1.00000
vt 0.00000 1.00000
vt 0.00000 1.00000
vt 0.00000 1.00000
vt 0.00000 1.00000
vt 0.00000 1.00000
vt 0.00000 1.00000
vt 0.00000 1.00000
vt 0.00000 1.00000
vt 0.00000 1.00000
vt 0.00000 1.00000
vt 0.00000 1.00000
vt 0.00000 1.00000
vt 0.00000 1.00000
vt 0.00000 1.00000
vt 0.00000 1.00000
vt 0.00000 1.00000
vt 0.00000 1.00000
vt 0.00000 1.00000
vt 0.00000 1.00000
vt 0.00000 1.00000
vt 0.00000 1.00000
vt 0.00000 1.00000
vt 0.00000 1.00000
vt 0.00000 1.00000
vt 0.00000 1.00000
vt 0.00000 1.00000
vt 0.00000 1.00000
vt 0.00000 1.00000
vt 0.00000 1.00000
vt 0.00000 1.00000
vt 0.00000 1.00000
vt 0.00000 1.00000
vt 0.00000 1.00000
vt 0.00000 1.00000
vt 0.00000 1.00000
vt 0.00000 1.00000
vt 0.00000 1.00000
vt 0.00000 1.00000
vt 0.00000 1.00000
vt 0.00000 1.00000
vt 0.00000 1.00000
vt 0.00000 1.00000
vt 0.00000 1.00000
vt 0.00000 1.00000
vt 0.00000 1.00000
vt 0.00000 1.00000
vt 0.00000 1.00000
vt 0.00000 1.00000
vt 0.00000 1.00000
vt 0.00000 1.00000
vt 0.00000 1.00000
vt 0.00000 1.00000
vt 0.00000 1.00000
vt 0.00000 1.00000
vt 0.00000 1.00000
vt 0.00000 1.00000
vt 0.00000 1.00000
vt 0.00000 1.00000
vt 0.00000 1.00000
vt 0.00000 1.00000
vt 0.00000 1.00000
vt 0.00000 1.00000
vt 0.00000 1.00000
vt 0.00000 1.00000
vt 0.00000 1.00000
vt 0.00000 1.00000
vt 0.00000 1.00000
vt 0.00000 1.00000
vt 0.00000 1.00000
vt 0.00000 1.00000
vt 0.00000 1.00000
vt 0.00000 1.00000
vt 0.00000 1.00000
vt 0.00000 1.00000
vt 0.00000 1.00000
vt 0.00000 1.00000
vt 0.00000 1.00000
vt 0.00000 1.00000
vt 0.00000 1.00000
vt 0.00000 1.00000
vt 0.00000 1.00000
vt 0.00000 1.00000
vt 0.00000 1.00000
vt 0.00000 1.00000
vt 0.00000 1.00000
vt 0.00000 1.00000
vt 0.00000 1.00000
vt 0.00000 1.00000
vt 0.00000 1.00000
vt 0.00000 1.00000
vt 0.00000 1.00000
vt 0.00000 1.00000
vt 0.00000 1.00000
vt 0.00000 1.00000
vt 0.00000 1.00000
vt 0.00000 1.00000
vt 0.00000 1.00000
vt 0.00000 1.00000
vt 0.00000 1.00000
vt 0.00000 1.00000
vt 0.00000 1.00000
vt 0.00000 1.00000
vt 0.00000 1.00000
vt 0.00000 1.00000
vt 0.00000 1.00000
vt 0.00000 1.00000
vt 0.00000 1.00000
vt 0.00000 1.00000
vt 0.00000 1.00000
vt 0.00000 1.00000
vt 0.00000 1.00000
vt 0.00000 1.00000
vt 0.00000 1.00000
vt 0.00000 1.00000
vt 0.00000 1.00000
vt 0.00000 1.00000
vt 0.00000 1.00000
vt 0.00000 1.00000
vt 0.00000 1.00000
vt 0.00000 1.00000
vt 0.00000 1.00000
vt 0.00000 1.00000
vt 0.00000 1.00000
vt 0.00000 1.00000
vt 0.00000 1.00000
vt 0.00000 1.00000
vt 0.00000 1.00000
vt 0.00000 1.00000
vt 0.00000 1.00000
vt 0.00000 1.00000
vt 0.00000 1.00000
vt 0.00000 1.00000
vt 0.00000 1.00000
vt 0.00000 1.00000
vt 0.00000 1.00000
vt 0.00000 1.00000
vt 0.00000 1.00000
vt 0.00000 1.00000
vt 0.00000 1.00000
vt 0.00000 1.00000
vt 0.00000 1.00000
vt 0.00000 1.00000
vt 0.00000 1.00000
vt 0.00000 1.00000
vt 0.00000 1.00000
vt 0.00000 1.00000
vt 0.00000 1.00000
vt 0.00000 1.00000
vt 0.00000 1.00000
vt 0.00000 1.00000
vt 0.00000 1.00000
vt 0.00000 1.00000
vt 0.00000 1.00000
vt 0.00000 1.00000
vt 0.00000 1.00000
vt 0.00000 1.00000
vt 0.00000 1.00000
vt 0.00000 1.00000
vt 0.00000 1.00000
vt 0.00000 1.00000
vt 0.00000 1.00000
vt 0.00000 1.00000
vt 0.00000 1.00000
vt 0.00000 1.00000
vt 0.00000 1.00000
vt 0.00000 1.00000
vt 0.00000 1.00000
vt 0.00000 1.00000
vt 0.00000 1.00000
vt 0.00000 1.00000
vt 0.00000 1.00000
vt 0.00000 1.00000
vt 0.00000 1.00000
vt 0.00000 1.00000
vt 0.00000 1.00000
vt 0.00000 1.00000
vt 0.00000 1.00000
vt 0.00000 1.00000
vt 0.00000 1.00000
vt 0.00000 1.00000
vt 0.00000 1.00000
vt 0.00000 1.00000
vt 0.00000 1.00000
vt 0.00000 1.00000
vt 0.00000 1.00000
vt 0.00000 1.00000
vt 0.00000 1.00000
vt 0.00000 1.00000
vt 0.00000 1.00000
vt 0.00000 1.00000
vt 0.00000 1.00000
vt 0.00000 1.00000
vt 0.00000 1.00000
vt 0.00000 1.00000
vt 0.00000 1.00000
vt 0.00000 1.00000
vt 0.00000 1.00000
vt 0.00000 1.00000
vt 0.00000 1.00000
vt 0.00000 1.00000
vt 0.00000 1.00000
vt 0.00000 1.00000
vt 0.00000 1.00000
vt 0.00000 1.00000
vt 0.00000 1.00000
vt 0.00000 1.00000
vt 0.00000 1.00000
vt 0.00000 1.00000
vt 0.00000 1.00000
vt 0.00000 1.00000
vt 0.00000 1.00000
vt 0.00000 1.00000
vt 0.00000 1.00000
vt 0.00000 1.00000
vt 0.00000 1.00000
vt 0.00000 1.00000
vt 0.00000 1.00000
vt 0.00000 1.00000
vt 0.00000 1.00000
vt 0.00000 1.00000
vt 0.00000 1.00000
vt 0.00000 1.00000
vt 0.00000 1.00000
vt 0.00000 1.00000
vt 0.00000 1.00000
vt 0.00000 1.00000
vt 0.00000 1.00000
vt 0.00000 1.00000
vt 0.00000 1.00000
vt 0.00000 1.00000
vt 0.00000 1.00000
vt 0.00000 1.00000
vt 0.00000 1.00000
vt 0.00000 1.00000
vt 0.00000 1.00000
vt 0.00000 1.00000
vt 0.00000 1.00000
vt 0.00000 1.00000
vt 0.00000 1.00000
vt 0.00000 1.00000
vt 0.00000 1.00000
vt 0.00000 1.00000
vt 0.00000 1.00000
vt 0.00000 1.00000
vt 0.00000 1.00000
vt 0.00000 1.00000
vt 0.00000 1.00000
vt 0.00000 1.00000
vt 0.00000 1.00000
vt 0.00000 1.00000
vt 0.00000 1.00000
vt 0.00000 1.00000
vt 0.00000 1.00000
vt 0.00000 1.00000
vt 0.00000 1.00000
vt 0.00000 1.00000
vt 0.00000 1.00000
vt 0.00000 1.00000
vt 0.00000 1.00000
vt 0.00000 1.00000
vt 0.00000 1.00000
vt 0.00000 1.00000
vt 0.00000 1.00000
vt 0.00000 1.00000
vt 0.00000 1.00000
vt 0.00000 1.00000
vt 0.00000 1.00000
vt 0.00000 1.00000
vt 0.00000 1.00000
vt 0.00000 1.00000
vt 0.00000 1.00000
vt 0.00000 1.00000
vt 0.00000 1.00000
vt 0.00000 1.00000
vt 0.00000 1.00000
vt 0.00000 1.00000
vt 0.00000 1.00000
vt 0.00000 1.00000
vt 0.00000 1.00000
vt 0.00000 1.00000
vt 0.00000 1.00000
vt 0.00000 1.00000
vt 0.00000 1.00000
vt 0.00000 1.00000
vt 0.00000 1.00000
vt 0.00000 1.00000
vt 0.00000 1.00000
vt 0.00000 1.00000
vt 0.00000 1.00000
vt 0.00000 1.00000
vt 0.00000 1.00000
vt 0.00000 1.00000
vt 0.00000 1.00000
vt 0.00000 1.00000
vt 0.00000 1.00000
vt 0.00000 1.00000
vt 0.00000 1.00000
vt 0.00000 1.00000
vt 0.00000 1.00000
vt 0.00000 1.00000
vt 0.00000 1.00000
vt 0.00000 1.00000
vt 0.00000 1.00000
vt 0.00000 1.00000
vt 0.00000 1.00000
vt 0.00000 1.00000
vt 0.00000 1.00000
vt 0.00000 1.00000
vt 0.00000 1.00000
vt 0.00000 1.00000
vt 0.00000 1.00000
vt 0.00000 1.00000
vt 0.00000 1.00000
vt 0.00000 1.00000
vt 0.00000 1.00000
vt 0.00000 1.00000
vt 0.00000 1.00000
vt 0.00000 1.00000
vt 0.00000 1.00000
vt 0.00000 1.00000
vt 0.00000 1.00000
vt 0.00000 1.00000
vt 0.00000 1.00000
vt 0.00000 1.00000
vt 0.00000 1.00000
vt 0.00000 1.00000
vt 0.00000 1.00000
vt 0.00000 1.00000
vt 0.00000 1.00000
vt 0.00000 1.00000
vt 0.00000 1.00000
vt 0.00000 1.00000
vt 0.00000 1.00000
vt 0.00000 1.00000
vt 0.00000 1.00000
vt 0.00000 1.00000
vt 0.00000 1.00000
vt 0.00000 1.00000
vt 0.00000 1.00000
vt 0.00000 1.00000
vt 0.00000 1.00000
vt 0.00000 1.00000
vt 0.00000 1.00000
vt 0.00000 1.00000
vt 0.00000 1.00000
vt 0.00000 1.00000
vt 0.00000 1.00000
vt 0.00000 1.00000
vt 0.00000 1.00000
vt 0.00000 1.00000
vt 0.00000 1.00000
vt 0.00000 1.00000
vt 0.00000 1.00000
vt 0.00000 1.00000
vt 0.00000 1.00000
vt 0.00000 1.00000
vt 0.00000 1.00000
vt 0.00000 1.00000
vt 0.00000 1.00000
vt 0.00000 1.00000
vt 0.00000 1.00000
vt 0.00000 1.00000
vt 0.00000 1.00000
vt 0.00000 1.00000
vt 0.00000 1.00000
vt 0.00000 1.00000
vt 0.00000 1.00000
vt 0.00000 1.00000
vt 0.00000 1.00000
vt 0.00000 1.00000
vt 0.00000 1.00000
vt 0.00000 1.00000
vt 0.00000 1.00000
vt 0.00000 1.00000
vt 0.00000 1.00000
vt 0.00000 1.00000
vt 0.00000 1.00000
vt 0.00000 1.00000
vt 0.00000 1.00000
vt 0.00000 1.00000
vt 0.00000 1.00000
vt 0.00000 1.00000
vt 0.00000 1.00000
vt 0.00000 1.00000
vt 0.00000 1.00000
vt 0.00000 1.00000
vt 0.00000 1.00000
vt 0.00000 1.00000
vt 0.00000 1.00000
vt 0.00000 1.00000
vt 0.00000 1.00000
vt 0.00000 1.00000
vt 0.00000 1.00000
vt 0.00000 1.00000
vt 0.00000 1.00000
vt 0.00000 1.00000
vt 0.00000 1.00000
vt 0.00000 1.00000
vt 0.00000 1.00000
vt 0.00000 1.00000
vt 0.00000 1.00000
vt 0.00000 1.00000
vt 0.00000 1.00000
vt 0.00000 1.00000
vt 0.00000 1.00000
vt 0.00000 1.00000
vt 0.00000 1.00000
vt 0.00000 1.00000
vt 0.00000 1.00000
vt 0.00000 1.00000
vt 0.00000 1.00000
vt 0.00000 1.00000
vt 0.00000 1.00000
vt 0.00000 1.00000
vt 0.00000 1.00000
vt 0.00000 1.00000
vt 0.00000 1.00000
vt 0.00000 1.00000
vt 0.00000 1.00000
vt 0.00000 1.00000
vt 0.00000 1.00000
vt 0.00000 1.00000
vt 0.00000 1.00000
vt 0.00000 1.00000
vt 0.00000 1.00000
vt 0.00000 1.00000
vt 0.00000 1.00000
vt 0.00000 1.00000
vt 0.00000 1.00000
vt 0.00000 1.00000
vt 0.00000 1.00000
vt 0.00000 1.00000
vt 0.00000 1.00000
vt 0.00000 1.00000
vt 0.00000 1.00000
vt 0.00000 1.00000
vt 0.00000 1.00000
vt 0.00000 1.00000
vt 0.00000 1.00000
vt 0.00000 1.00000
vt 0.00000 1.00000
vt 0.00000 1.00000
vt 0.00000 1.00000
vt 0.00000 1.00000
vt 0.00000 1.00000
vt 0.00000 1.00000
vt 0.00000 1.00000
vt 0.00000 1.00000
vt 0.00000 1.00000
vt 0.00000 1.00000
vt 0.00000 1.00000
vt 0.00000 1.00000
vt 0.00000 1.00000
vt 0.00000 1.00000
vt 0.00000 1.00000
vt 0.00000 1.00000
vt 0.00000 1.00000
vt 0.00000 1.00000
vt 0.00000 1.00000
vt 0.00000 1.00000
vt 0.00000 1.00000
vt 0.00000 1.00000
vt 0.00000 1.00000
vt 0.00000 1.00000
vt 0.00000 1.00000
vt 0.00000 1.00000
vt 0.00000 1.00000
vt 0.00000 1.00000
vt 0.00000 1.00000
vt 0.00000 1.00000
vt 0.00000 1.00000
vt 0.00000 1.00000
vt 0.00000 1.00000
vt 0.00000 1.00000
vt 0.00000 1.00000
vt 0.00000 1.00000
vt 0.00000 1.00000
vt 0.00000 1.00000
vt 0.00000 1.00000
vt 0.00000 1.00000
vt 0.00000 1.00000
vt 0.00000 1.00000
vt 0.00000 1.00000
vt 0.00000 1.00000
vt 0.00000 1.00000
vt 0.00000 1.00000
vt 0.00000 1.00000
vt 0.00000 1.00000
vt 0.00000 1.00000
vt 0.00000 1.00000
vt 0.00000 1.00000
vt 0.00000 1.00000
vt 0.00000 1.00000
vt 0.00000 1.00000
vt 0.00000 1.00000
vt 0.00000 1.00000
vt 0.00000 1.00000
vt 0.00000 1.00000
vt 0.00000 1.00000
vt 0.00000 1.00000
vt 0.00000 1.00000
vt 0.00000 1.00000
vt 0.00000 1.00000
vt 0.00000 1.00000
vt 0.00000 1.00000
vt 0.00000 1.00000
vt 0.00000 1.00000
vt 0.00000 1.00000
vt 0.00000 1.00000
vt 0.00000 1.00000
vt 0.00000 1.00000
vt 0.00000 1.00000
vt 0.00000 1.00000
vt 0.00000 1.00000
vt 0.00000 1.00000
vt 0.00000 1.00000
vt 0.00000 1.00000
vt 0.00000 1.00000
vt 0.00000 1.00000
vt 0.00000 1.00000
vt 0.00000 1.00000
vt 0.00000 1.00000
vt 0.00000 1.00000
vt 0.00000 1.00000
vt 0.00000 1.00000
vt 0.00000 1.00000
vt 0.00000 1.00000
vt 0.00000 1.00000
vt 0.00000 1.00000
vt 0.00000 1.00000
vt 0.00000 1.00000
vt 0.00000 1.00000
vt 0.00000 1.00000
vt 0.00000 1.00000
vt 0.00000 1.00000
vt 0.00000 1.00000
vt 0.00000 1.00000
vt 0.00000 1.00000
vt 0.00000 1.00000
vt 0.00000 1.00000
vt 0.00000 1.00000
vt 0.00000 1.00000
vt 0.00000 1.00000
vt 0.00000 1.00000
vt 0.00000 1.00000
vt 0.00000 1.00000
vt 0.00000 1.00000
vt 0.00000 1.00000
vt 0.00000 1.00000
vt 0.00000 1.00000
vt 0.00000 1.00000
vt 0.00000 1.00000
vt 0.00000 1.00000
vt 0.00000 1.00000
vt 0.00000 1.00000
vt 0.00000 1.00000
vt 0.00000 1.00000
vt 0.00000 1.00000
vt 0.00000 1.00000
vt 0.00000 1.00000
vt 0.00000 1.00000
vt 0.00000 1.00000
vt 0.00000 1.00000
vt 0.00000 1.00000
vt 0.00000 1.00000
vt 0.00000 1.00000
vt 0.00000 1.00000
vt 0.00000 1.00000
vt 0.00000 1.00000
vt 0.00000 1.00000
vt 0.00000 1.00000
vt 0.00000 1.00000
vt 0.00000 1.00000
vt 0.00000 1.00000
vt 0.00000 1.00000
vt 0.00000 1.00000
vt 0.00000 1.00000
vt 0.00000 1.00000
vt 0.00000 1.00000
vt 0.00000 1.00000
vt 0.00000 1.00000
vt 0.00000 1.00000
vt 0.00000 1.00000
vt 0.00000 1.00000
vt 0.00000 1.00000
vt 0.00000 1.00000
vt 0.00000 1.00000
vt 0.00000 1.00000
vt 0.00000 1.00000
vt 0.00000 1.00000
vt 0.00000 1.00000
vt 0.00000 1.00000
vt 0.00000 1.00000
vt 0.00000 1.00000
vt 0.00000 1.00000
vt 0.00000 1.00000
vt 0.00000 1.00000
vt 0.00000 1.00000
vt 0.00000 1.00000
vt 0.00000 1.00000
vt 0.00000 1.00000
vt 0.00000 1.00000
vt 0.00000 1.00000
vt 0.00000 1.00000
vt 0.00000 1.00000
vt 0.00000 1.00000
vt 0.00000 1.00000
vt 0.00000 1.00000
vt 0.00000 1.00000
vt 0.00000 1.00000
vt 0.00000 1.00000
vt 0.00000 1.00000
vt 0.00000 1.00000
vt 0.00000 1.00000
vt 0.00000 1.00000
vt 0.00000 1.00000
vt 0.00000 1.00000
vt 0.00000 1.00000
vt 0.00000 1.00000
vt 0.00000 1.00000
vt 0.00000 1.00000
vt 0.00000 1.00000
vt 0.00000 1.00000
vt 0.00000 1.00000
vt 0.00000 1.00000
vt 0.00000 1.00000
vt 0.00000 1.00000
vt 0.00000 1.00000
vt 0.00000 1.00000
vt 0.00000 1.00000
vt 0.00000 1.00000
vt 0.00000 1.00000
vt 0.00000 1.00000
vt 0.00000 1.00000
vt 0.00000 1.00000
vt 0.00000 1.00000
vt 0.00000 1.00000
vt 0.00000 1.00000
vt 0.00000 1.00000
vt 0.00000 1.00000
vt 0.00000 1.00000
vt 0.00000 1.00000
vt 0.00000 1.00000
vt 0.00000 1.00000
vt 0.00000 1.00000
vt 0.00000 1.00000
vt 0.00000 1.00000
vt 0.00000 1.00000
vt 0.00000 1.00000
vt 0.00000 1.00000
vt 0.00000 1.00000
vt 0.00000 1.00000
vt 0.00000 1.00000
vt 0.00000 1.00000
vt 0.00000 1.00000
vt 0.00000 1.00000
vt 0.00000 1.00000
vt 0.00000 1.00000
vt 0.00000 1.00000
vt 0.00000 1.00000
vt 0.00000 1.00000
vt 0.00000 1.00000
vt 0.00000 1.00000
vt 0.00000 1.00000
vt 0.00000 1.00000
vt 0.00000 1.00000
vt 0.00000 1.00000
vt 0.00000 1.00000
vt 0.00000 1.00000
vt 0.00000 1.00000
vt 0.00000 1.00000
vt 0.00000 1.00000
vt 0.00000 1.00000
vt 0.00000 1.00000
vt 0.00000 1.00000
vt 0.00000 1.00000
vt 0.00000 1.00000
vt 0.00000 1.00000
vt 0.00000 1.00000
vt 0.00000 1.00000
vt 0.00000 1.00000
vt 0.00000 1.00000
vt 0.00000 1.00000
vt 0.00000 1.00000
vt 0.00000 1.00000
vt 0.00000 1.00000
vt 0.00000 1.00000
vt 0.00000 1.00000
vt 0.00000 1.00000
vt 0.00000 1.00000
vt 0.00000 1.00000
vt 0.00000 1.00000
vt 0.00000 1.00000
vt 0.00000 1.00000
vt 0.00000 1.00000
vt 0.00000 1.00000
vt 0.00000 1.00000
vt 0.00000 1.00000
vt 0.00000 1.00000
vt 0.00000 1.00000
vt 0.00000 1.00000
vt 0.00000 1.00000
vt 0.00000 1.00000
vt 0.00000 1.00000
vt 0.00000 1.00000
vt 0.00000 1.00000
vt 0.00000 1.00000
vt 0.00000 1.00000
vt 0.00000 1.00000
vt 0.00000 1.00000
vt 0.00000 1.00000
vt 0.00000 1.00000
vt 0.00000 1.00000
vt 0.00000 1.00000
vt 0.00000 1.00000
vt 0.00000 1.00000
vt 0.00000 1.00000
vt 0.00000 1.00000
vt 0.00000 1.00000
vt 0.00000 1.00000
vt 0.00000 1.00000
vt 0.00000 1.00000
vt 0.00000 1.00000
vt 0.00000 1.00000
vt 0.00000 1.00000
vt 0.00000 1.00000
vt 0.00000 1.00000
vt 0.00000 1.00000
vt 0.00000 1.00000
vt 0.00000 1.00000
vt 0.00000 1.00000
vt 0.00000 1.00000
vt 0.00000 1.00000
vt 0.00000 1.00000
vt 0.00000 1.00000
vt 0.00000 1.00000
vt 0.00000 1.00000
vt 0.00000 1.00000
vt 0.00000 1.00000
vt 0.00000 1.00000
vt 0.00000 1.00000
vt 0.00000 1.00000
vt 0.00000 1.00000
vt 0.00000 1.00000
vt 0.00000 1.00000
vt 0.00000 1.00000
vt 0.00000 1.00000
vt 0.00000 1.00000
vt 0.00000 1.00000
vt 0.00000 1.00000
vt 0.00000 1.00000
vt 0.00000 1.00000
vt 0.00000 1.00000
vt 0.00000 1.00000
vt 0.00000 1.00000
vt 0.00000 1.00000
vt 0.00000 1.00000
vt 0.00000 1.00000
vt 0.00000 1.00000
vt 0.00000 1.00000
vt 0.00000 1.00000
vt 0.00000 1.00000
vt 0.00000 1.00000
vt 0.00000 1.00000
vt 0.00000 1.00000
vt 0.00000 1.00000
vt 0.00000 1.00000
vt 0.00000 1.00000
vt 0.00000 1.00000
vt 0.00000 1.00000
vt 0.00000 1.00000
vt 0.00000 1.00000
vt 0.00000 1.00000
vt 0.00000 1.00000
vt 0.00000 1.00000
vt 0.00000 1.00000
vt 0.00000 1.00000
vt 0.00000 1.00000
vt 0.00000 1.00000
vt 0.00000 1.00000
vt 0.00000 1.00000
vt 0.00000 1.00000
vt 0.00000 1.00000
vt 0.00000 1.00000
vt 0.00000 1.00000
vt 0.00000 1.00000
vt 0.00000 1.00000
vt 0.00000 1.00000
vt 0.00000 1.00000
vt 0.00000 1.00000
vt 0.00000 1.00000
vt 0.00000 1.00000
vt 0.00000 1.00000
vt 0.00000 1.00000
vt 0.00000 1.00000
vt 0.00000 1.00000
vt 0.00000 1.00000
vt 0.00000 1.00000
vt 0.00000 1.00000
vt 0.00000 1.00000
vt 0.00000 1.00000
vt 0.00000 1.00000
vt 0.00000 1.00000
vt 0.00000 1.00000
vt 0.00000 1.00000
vt 0.00000 1.00000
vt 0.00000 1.00000
vt 0.00000 1.00000
vt 0.00000 1.00000
vt 0.00000 1.00000
vt 0.00000 1.00000
vt 0.00000 1.00000
vt 0.00000 1.00000
vt 0.00000 1.00000
vt 0.00000 1.00000
vt 0.00000 1.00000
vt 0.00000 1.00000
vt 0.00000 1.00000
vt 0.00000 1.00000
vt 0.00000 1.00000
vt 0.00000 1.00000
vt 0.00000 1.00000
vt 0.00000 1.00000
usemtl needles
f 1009/1009 1010/1010 1011/1011
f 1012/1012 1013/1013 1014/1014
f 1015/1015 1016/1016 1017/1017
f 1018/1018 1019/1019 1020/1020
f 1021/1021 1022/1022 1023/1023
f 1024/1024 1025/1025 1026/1026
f 1027/1027 1028/1028 1029/1029
f 1030/1030 1031/1031 1032/1032
f 1033/1033 1034/1034 1035/1035
f 1036/1036 1037/1037 1038/1038
f 1039/1039 1040/1040 1041/1041
f 1042/1042 1043/1043 1044/1044
f 1045/1045 1046/1046 1047/1047
f 1048/1048 1049/1049 1050/1050
f 1051/1051 1052/1052 1053/1053
f 1054/1054 1055/1055 1056/1056
f 1057/1057 1058/1058 1059/1059
f 1060/1060 1061/1061 1062/1062
f 1063/1063 1064/1064 1065/1065
f 1066/1066 1067/1067 1068/1068
f 1069/1069 1070/1070 1071/1071
f 1072/1072 1073/1073 1074/1074
f 1075/1075 1076/1076 1077/1077
f 1078/1078 1079/1079 1080/1080
f 1081/1081 1082/1082 1083/1083
f 1084/1084 1085/1085 1086/1086
f 1087/1087 1088/1088 1089/1089
f 1090/1090 1091/1091 1092/1092
f 1093/1093 1094/1094 1095/1095
f 1096/1096 1097/1097 1098/1098
f 1099/1099 1100/1100 1101/1101
f 1102/1102 1103/1103 1104/1104
f 1105/1105 1106/1106 1107/1107
f 1108/1108 1109/1109 1110/1110
f 1111/1111 1112/1112 1113/1113
f 1114/1114 1115/1115 1116/1116
f 1117/1117 1118/1118 1119/1119
f 1120/1120 1121/1121 1122/1122
f 1123/1123 1124/1124 1125/1125
f 1126/1126 1127/1127 1128/1128
f 1129/1129 1130/1130 1131/1131
f 1132/1132 1133/1133 1134/1134
f 1135/1135 1136/1136 1137/1137
f 1138/1138 1139/1139 1140/1140
f 1141/1141 1142/1142 1143/1143
f 1144/1144 1145/1145 1146/1146
f 1147/1147 1148/1148 1149/1149
f 1150/1150 1151/1151 1152/1152
f 1153/1153 1154/1154 1155/1155
f 1156/1156 1157/1157 1158/1158
f 1159/1159 1160/1160 1161/1161
f 1162/1162 1163/1163 1164/1164
f 1165/1165 1166/1166 1167/1167
f 1168/1168 1169/1169 1170/1170
f 1171/1171 1172/1172 1173/1173
f 1174/1174 1175/1175 1176/1176
f 1177/1177 1178/1178 1179/1179
f 1180/1180 1181/1181 1182/1182
f 1183/1183 1184/1184 1185/1185
f 1186/1186 1187/1187 1188/1188
f 1189/1189 1190/1190 1191/1191
f 1192/1192 1193/1193 1194/1194
f 1195/1195 1196/1196 1197/1197
f 1198/1198 1199/1199 1200/1200
f 1201/1201 1202/1202 1203/1203
f 1204/1204 1205/1205 1206/1206
f 1207/1207 1208/1208 1209/1209
f 1210/1210 1211/1211 1212/1212
f 1213/1213 1214/1214 1215/1215
f 1216/1216 1217/1217 1218/1218
f 1219/1219 1220/1220 1221/1221
f 1222/1222 1223/1223 1224/1224
f 1225/1225 1226/1226 1227/1227
f 1228/1228 1229/1229 1230/1230
f 1231/1231 1232/1232 1233/1233
f 1234/1234 1235/1235 1236/1236
f 1237/1237 1238/1238 1239/1239
f 1240/1240 1241/1241 1242/1242
f 1243/1243 1244/1244 1245/1245
f 1246/1246 1247/1247 1248/1248
f 1249/1249 1250/1250 1251/1251
f 1252/1252 1253/1253 1254/1254
f 1255/1255 1256/1256 1257/1257
f 1258/1258 1259/1259 1260/1260
f 1261/1261 1262/1262 1263/1263
f 1264/1264 1265/1265 1266/1266
f 1267/1267 1268/1268 1269/1269
f 1270/1270 1271/1271 1272/1272
f 1273/1273 1274/1274 1275/1275
f 1276/1276 1277/1277 1278/1278
f 1279/1279 1280/1280 1281/1281
f 1282/1282 1283/1283 1284/1284
f 1285/1285 1286/1286 1287/1287
f 1288/1288 1289/1289 1290/1290
f 1291/1291 1292/1292 1293/1293
f 1294/1294 1295/1295 1296/1296
f 1297/1297 1298/1298 1299/1299
f 1300/1300 1301/1301 1302/1302
f 1303/1303 1304/1304 1305/1305
f 1306/1306 1307/1307 1308/1308
f 1309/1309 1310/1310 1311/1311
f 1312/1312 1313/1313 1314/1314
f 1315/1315 1316/1316 1317/1317
f 1318/1318 1319/1319 1320/1320
f 1321/1321 1322/1322 1323/1323
f 1324/1324 1325/1325 1326/1326
f 1327/1327 1328/1328 1329/1329
f 1330/1330 1331/1331 1332/1332
f 1333/1333 1334/1334 1335/1335
f 1336/1336 1337/1337 1338/1338
f 1339/1339 1340/1340 1341/1341
f 1342/1342 1343/1343 1344/1344
f 1345/1345 1346/1346 1347/1347
f 1348/1348 1349/1349 1350/1350
f 1351/1351 1352/1352 1353/1353
f 1354/1354 1355/1355 1356/1356
f 1357/1357 1358/1358 1359/1359
f 1360/1360 1361/1361 1362/1362
f 1363/1363 1364/1364 1365/1365
f 1366/1366 1367/1367 1368/1368
f 1369/1369 1370/1370 1371/1371
f 1372/1372 1373/1373 1374/1374
f 1375/1375 1376/1376 1377/1377
f 1378/1378 1379/1379 1380/1380
f 1381/1381 1382/1382 1383/1383
f 1384/1384 1385/1385 1386/1386
f 1387/1387 1388/1388 1389/1389
f 1390/1390 1391/1391 1392/1392
f 1393/1393 1394/1394 1395/1395
f 1396/1396 1397/1397 1398/1398
f 1399/1399 1400/1400 1401/1401
f 1402/1402 1403/1403 1404/1404
f 1405/1405 1406/1406 1407/1407
f 1408/1408 1409/1409 1410/1410
f 1411/1411 1412/1412 1413/1413
f 1414/1414 1415/1415 1416/1416
f 1417/1417 1418/1418 1419/1419
f 1420/1420 1421/1421 1422/1422
f 1423/1423 1424/1424 1425/1425
f 1426/1426 1427/1427 1428/1428
f 1429/1429 1430/1430 1431/1431
f 1432/1432 1433/1433 1434/1434
f 1435/1435 1436/1436 1437/1437
f 1438/1438 1439/1439 1440/1440
f 1441/1441 1442/1442 1443/1443
f 1444/1444 1445/1445 1446/1446
f 1447/1447 1448/1448 1449/1449
f 1450/1450 1451/1451 1452/1452
f 1453/1453 1454/1454 1455/1455
f 1456/1456 1457/1457 1458/1458
f 1459/1459 1460/1460 1461/1461
f 1462/1462 1463/1463 1464/1464
f 1465/1465 1466/1466 1467/1467
f 1468/1468 1469/1469 1470/1470
f 1471/1471 1472/1472 1473/1473
f 1474/1474 1475/1475 1476/1476
f 1477/1477 1478/1478 1479/1479
f 1480/1480 1481/1481 1482/1482
f 1483/1483 1484/1484 1485/1485
f 1486/1486 1487/1487 1488/1488
f 1489/1489 1490/1490 1491/1491
f 1492/1492 1493/1493 1494/1494
f 1495/1495 1496/1496 1497/1497
f 1498/1498 1499/1499 1500/1500
f 1501/1501 1502/1502 1503/1503
f 1504/1504 1505/1505 1506/1506
f 1507/1507 1508/1508 1509/1509
f 1510/1510 1511/1511 1512/1512
f 1513/1513 1514/1514 1515/1515
f 1516/1516 1517/1517 1518/1518
f 1519/1519 1520/1520 1521/1521
f 1522/1522 1523/1523 1524/1524
f 1525/1525 1526/1526 1527/1527
f 1528/1528 1529/1529 1530/1530
f 1531/1531 1532/1532 1533/1533
f 1534/1534 1535/1535 1536/1536
f 1537/1537 1538/1538 1539/1539
f 1540/1540 1541/1541 1542/1542
f 1543/1543 1544/1544 1545/1545
f 1546/1546 1547/1547 1548/1548
f 1549/1549 1550/1550 1551/1551
f 1552/1552 1553/1553 1554/1554
f 1555/1555 1556/1556 1557/1557
f 1558/1558 1559/1559 1560/1560
f 1561/1561 1562/1562 1563/1563
f 1564/1564 1565/1565 1566/1566
f 1567/1567 1568/1568 1569/1569
f 1570/1570 1571/1571 1572/1572
f 1573/1573 1574/1574 1575/1575
f 1576/1576 1577/1577 1578/1578
f 1579/1579 1580/1580 1581/1581
f 1582/1582 1583/1583 1584/1584
f 1585/1585 1586/1586 1587/1587
f 1588/1588 1589/1589 1590/1590
f 1591/1591 1592/1592 1593/1593
f 1594/1594 1595/1595 1596/1596
f 1597/1597 1598/1598 1599/1599
f 1600/1600 1601/1601 1602/1602
f 1603/1603 1604/1604 1605/1605
f 1606/1606 1607/1607 1608/1608
f 1609/1609 1610/1610 1611/1611
f 1612/1612 1613/1613 1614/1614
f 1615/1615 1616/1616 1617/1617
f 1618/1618 1619/1619 1620/1620
f 1621/1621 1622/1622 1623/1623
f 1624/1624 1625/1625 1626/1626
f 1627/1627 1628/1628 1629/1629
f 1630/1630 1631/1631 1632/1632
f 1633/1633 1634/1634 1635/1635
f 1636/1636 1637/1637 1638/1638
f 1639/1639 1640/1640 1641/1641
f 1642/1642 1643/1643 1644/1644
f 1645/1645 1646/1646 1647/1647
f 1648/1648 1649/1649 1650/1650
f 1651/1651 1652/1652 1653/1653
f 1654/1654 1655/1655 1656/1656
f 1657/1657 1658/1658 1659/1659
f 1660/1660 1661/1661 1662/1662
f 1663/1663 1664/1664 1665/1665
f 1666/1666 1667/1667 1668/1668
f 1669/1669 1670/1670 1671/1671
f 1672/1672 1673/1673 1674/1674
f 1675/1675 1676/1676 1677/1677
f 1678/1678 1679/1679 1680/1680
f 1681/1681 1682/1682 1683/1683
f 1684/1684 1685/1685 1686/1686
f 1687/1687 1688/1688 1689/1689
f 1690/1690 1691/1691 1692/1692
f 1693/1693 1694/1694 1695/1695
f 1696/1696 1697/1697 1698/1698
f 1699/1699 1700/1700 1701/1701
f 1702/1702 1703/1703 1704/1704
f 1705/1705 1706/1706 1707/1707
f 1708/1708 1709/1709 1710/1710
f 1711/1711 1712/1712 1713/1713
f 1714/1714 1715/1715 1716/1716
f 1717/1717 1718/1718 1719/1719
f 1720/1720 1721/1721 1722/1722
f 1723/1723 1724/1724 1725/1725
f 1726/1726 1727/1727 1728/1728
f 1729/1729 1730/1730 1731/1731
f 1732/1732 1733/1733 1734/1734
f 1735/1735 1736/1736 1737/1737
f 1738/1738 1739/1739 1740/1740
f 1741/1741 1742/1742 1743/1743
f 1744/1744 1745/1745 1746/1746
f 1747/1747 1748/1748 1749/1749
f 1750/1750 1751/1751 1752/1752
f 1753/1753 1754/1754 1755/1755
f 1756/1756 1757/1757 1758/1758
f 1759/1759 1760/1760 1761/1761
f 1762/1762 1763/1763 1764/1764
f 1765/1765 1766/1766 1767/1767
f 1768/1768 1769/1769 1770/1770
f 1771/1771 1772/1772 1773/1773
f 1774/1774 1775/1775 1776/1776
f 1777/1777 1778/1778 1779/1779
f 1780/1780 1781/1781 1782/1782
f 1783/1783 1784/1784 1785/1785
f 1786/1786 1787/1787 1788/1788
f 1789/1789 1790/1790 1791/1791
f 1792/1792 1793/1793 1794/1794
f 1795/1795 1796/1796 1797/1797
f 1798/1798 1799/1799 1800/1800
f 1801/1801 1802/1802 1803/1803
f 1804/1804 1805/1805 1806/1806
f 1807/1807 1808/1808 1809/1809
f 1810/1810 1811/1811 1812/1812
f 1813/1813 1814/1814 1815/1815
f 1816/1816 1817/1817 1818/1818
f 1819/1819 1820/1820 1821/1821
f 1822/1822 1823/1823 1824/1824
f 1825/1825 1826/1826 1827/1827
f 1828/1828 1829/1829 1830/1830
f 1831/1831 1832/1832 1833/1833
f 1834/1834 1835/1835 1836/1836
f 1837/1837 1838/1838 1839/1839
f 1840/1840 1841/1841 1842/1842
f 1843/1843 1844/1844 1845/1845
f 1846/1846 1847/1847 1848/1848
f 1849/1849 1850/1850 1851/1851
f 1852/1852 1853/1853 1854/1854
f 1855/1855 1856/1856 1857/1857
f 1858/1858 1859/1859 1860/1860
f 1861/1861 1862/1862 1863/1863
f 1864/1864 1865/1865 1866/1866
f 1867/1867 1868/1868 1869/1869
f 1870/1870 1871/1871 1872/1872
f 1873/1873 1874/1874 1875/1875
f 1876/1876 1877/1877 1878/1878
f 1879/1879 1880/1880 1881/1881
f 1882/1882 1883/1883 1884/1884
f 1885/1885 1886/1886 1887/1887
f 1888/1888 1889/1889 1890/1890
f 1891/1891 1892/1892 1893/1893
f 1894/1894 1895/1895 1896/1896
f 1897/1897 1898/1898 1899/1899
f 1900/1900 1901/1901 1902/1902
f 1903/1903 1904/1904 1905/1905
f 1906/1906 1907/1907 1908/1908
f 1909/1909 1910/1910 1911/1911
f 1912/1912 1913/1913 1914/1914
f 1915/1915 1916/1916 1917/1917
f 1918/1918 1919/1919 1920/1920
f 1921/1921 1922/1922 1923/1923
f 1924/1924 1925/1925 1926/1926
f 1927/1927 1928/1928 1929/1929
f 1930/1930 1931/1931 1932/1932
f 1933/1933 1934/1934 1935/1935
f 1936/1936 1937/1937 1938/1938
f 1939/1939 1940/1940 1941/1941
f 1942/1942 1943/1943 1944/1944
f 1945/1945 1946/1946 1947/1947
f 1948/1948 1949/1949 1950/1950
f 1951/1951 1952/1952 1953/1953
f 1954/1954 1955/1955 1956/1956
f 1957/1957 1958/1958 1959/1959
f 1960/1960 1961/1961 1962/1962
f 1963/1963 1964/1964 1965/1965
f 1966/1966 1967/1967 1968/1968
f 1969/1969 1970/1970 1971/1971
f 1972/1972 1973/1973 1974/1974
f 1975/1975 1976/1976 1977/1977
f 1978/1978 1979/1979 1980/1980
f 1981/1981 1982/1982 1983/1983
f 1984/1984 1985/1985 1986/1986
f 1987/1987 1988/1988 1989/1989
f 1990/1990 1991/1991 1992/1992
f 1993/1993 1994/1994 1995/1995
f 1996/1996 1997/1997 1998/1998
f 1999/1999 2000/2000 2001/2001
f 2002/2002 2003/2003 2004/2004
f 2005/2005 2006/2006 2007/2007
f 2008/2008 2009/2009 2010/2010
f 2011/2011 2012/2012 2013/2013
f 2014/2014 2015/2015 2016/2016
f 2017/2017 2018/2018 2019/2019
f 2020/2020 2021/2021 2022/2022
f 2023/2023 2024/2024 2025/2025
f 2026/2026 2027/2027 2028/2028
f 2029/2029 2030/2030 2031/2031
f 2032/2032 2033/2033 2034/2034
f 2035/2035 2036/2036 2037/2037
f 2038/2038 2039/2039 2040/2040
f 2041/2041 2042/2042 2043/2043
f 2044/2044 2045/2045 2046/2046
f 2047/2047 2048/2048 2049/2049
f 2050/2050 2051/2051 2052/2052
f 2053/2053 2054/2054 2055/2055
f 2056/2056 2057/2057 2058/2058
f 2059/2059 2060/2060 2061/2061
f 2062/2062 2063/2063 2064/2064
f 2065/2065 2066/2066 2067/2067
f 2068/2068 2069/2069 2070/2070
f 2071/2071 2072/2072 2073/2073
f 2074/2074 2075/2075 2076/2076
f 2077/2077 2078/2078 2079/2079
f 2080/2080 2081/2081 2082/2082
f 2083/2083 2084/2084 2085/2085
f 2086/2086 2087/2087 2088/2088
f 2089/2089 2090/2090 2091/2091
f 2092/2092 2093/2093 2094/2094
f 2095/2095 2096/2096 2097/2097
f 2098/2098 2099/2099 2100/2100
f 2101/2101 2102/2102 2103/2103
f 2104/2104 2105/2105 2106/2106
f 2107/2107 2108/2108 2109/2109
f 2110/2110 2111/2111 2112/2112
f 2113/2113 2114/2114 2115/2115
f 2116/2116 2117/2117 2118/2118
f 2119/2119 2120/2120 2121/2121
f 2122/2122 2123/2123 2124/2124
f 2125/2125 2126/2126 2127/2127
f 2128/2128 2129/2129 2130/2130
f 2131/2131 2132/2132 2133/2133
f 2134/2134 2135/2135 2136/2136
f 2137/2137 2138/2138 2139/2139
f 2140/2140 2141/2141 2142/2142
f 2143/2143 2144/2144 2145/2145
f 2146/2146 2147/2147 2148/2148
f 2149/2149 2150/2150 2151/2151
f 2152/2152 2153/2153 2154/2154
f 2155/2155 2156/2156 2157/2157
f 2158/2158 2159/2159 2160/2160
f 2161/2161 2162/2162 2163/2163
f 2164/2164 2165/2165 2166/2166
f 2167/2167 2168/2168 2169/2169
f 2170/2170 2171/2171 2172/2172
f 2173/2173 2174/2174 2175/2175
f 2176/2176 2177/2177 2178/2178
f 2179/2179 2180/2180 2181/2181
f 2182/2182 2183/2183 2184/2184
f 2185/2185 2186/2186 2187/2187
f 2188/2188 2189/2189 2190/2190
f 2191/2191 2192/2192 2193/2193
f 2194/2194 2195/2195 2196/2196
f 2197/2197 2198/2198 2199/2199
f 2200/2200 2201/2201 2202/2202
f 2203/2203 2204/2204 2205/2205
f 2206/2206 2207/2207 2208/2208
f 2209/2209 2210/2210 2211/2211
f 2212/2212 2213/2213 2214/2214
f 2215/2215 2216/2216 2217/2217
f 2218/2218 2219/2219 2220/2220
f 2221/2221 2222/2222 2223/2223
f 2224/2224 2225/2225 2226/2226
f 2227/2227 2228/2228 2229/2229
f 2230/2230 2231/2231 2232/2232
f 2233/2233 2234/2234 2235/2235
f 2236/2236 2237/2237 2238/2238
f 2239/2239 2240/2240 2241/2241
f 2242/2242 2243/2243 2244/2244
f 2245/2245 2246/2246 2247/2247
f 2248/2248 2249/2249 2250/2250
f 2251/2251 2252/2252 2253/2253
f 2254/2254 2255/2255 2256/2256
f 2257/2257 2258/2258 2259/2259
f 2260/2260 2261/2261 2262/2262
f 2263/2263 2264/2264 2265/2265
f 2266/2266 2267/2267 2268/2268
f 2269/2269 2270/2270 2271/2271
f 2272/2272 2273/2273 2274/2274
f 2275/2275 2276/2276 2277/2277
f 2278/2278 2279/2279 2280/2280
f 2281/2281 2282/2282 2283/2283
f 2284/2284 2285/2285 2286/2286
f 2287/2287 2288/2288 2289/2289
f 2290/2290 2291/2291 2292/2292
f 2293/2293 2294/2294 2295/2295
f 2296/2296 2297/2297 2298/2298
f 2299/2299 2300/2300 2301/2301
f 2302/2302 2303/2303 2304/2304
f 2305/2305 2306/2306 2307/2307
f 2308/2308 2309/2309 2310/2310
f 2311/2311 2312/2312 2313/2313
f 2314/2314 2315/2315 2316/2316
f 2317/2317 2318/2318 2319/2319
f 2320/2320 2321/2321 2322/2322
f 2323/2323 2324/2324 2325/2325
f 2326/2326 2327/2327 2328/2328
f 2329/2329 2330/2330 2331/2331
f 2332/2332 2333/2333 2334/2334
f 2335/2335 2336/2336 2337/2337
f 2338/2338 2339/2339 2340/2340
f 2341/2341 2342/2342 2343/2343
f 2344/2344 2345/2345 2346/2346
f 2347/2347 2348/2348 2349/2349
f 2350/2350 2351/2351 2352/2352
f 2353/2353 2354/2354 2355/2355
f 2356/2356 2357/2357 2358/2358
f 2359/2359 2360/2360 2361/2361
f 2362/2362 2363/2363 2364/2364
f 2365/2365 2366/2366 2367/2367
f 2368/2368 2369/2369 2370/2370
f 2371/2371 2372/2372 2373/2373
f 2374/2374 2375/2375 2376/2376
f 2377/2377 2378/2378 2379/2379
f 2380/2380 2381/2381 2382/2382
f 2383/2383 2384/2384 2385/2385
f 2386/2386 2387/2387 2388/2388
f 2389/2389 2390/2390 2391/2391
f 2392/2392 2393/2393 2394/2394
f 2395/2395 2396/2396 2397/2397
f 2398/2398 2399/2399 2400/2400
f 2401/2401 2402/2402 2403/2403
f 2404/2404 2405/2405 2406/2406
f 2407/2407 2408/2408 2409/2409
f 2410/2410 2411/2411 2412/2412
f 2413/2413 2414/2414 2415/2415
f 2416/2416 2417/2417 2418/2418
f 2419/2419 2420/2420 2421/2421
f 2422/2422 2423/2423 2424/2424
f 2425/2425 2426/2426 2427/2427
f 2428/2428 2429/2429 2430/2430
f 2431/2431 2432/2432 2433/2433
f 2434/2434 2435/2435 2436/2436
f 2437/2437 2438/2438 2439/2439
f 2440/2440 2441/2441 2442/2442
f 2443/2443 2444/2444 2445/2445
f 2446/2446 2447/2447 2448/2448
f 2449/2449 2450/2450 2451/2451
f 2452/2452 2453/2453 2454/2454
f 2455/2455 2456/2456 2457/2457
f 2458/2458 2459/2459 2460/2460
f 2461/2461 2462/2462 2463/2463
f 2464/2464 2465/2465 2466/2466
f 2467/2467 2468/2468 2469/2469
f 2470/2470 2471/2471 2472/2472
f 2473/2473 2474/2474 2475/2475
f 2476/2476 2477/2477 2478/2478
f 2479/2479 2480/2480 2481/2481
f 2482/2482 2483/2483 2484/2484
f 2485/2485 2486/2486 2487/2487
f 2488/2488 2489/2489 2490/2490
f 2491/2491 2492/2492 2493/2493
f 2494/2494 2495/2495 2496/2496
f 2497/2497 2498/2498 2499/2499
f 2500/2500 2501/2501 2502/2502
f 2503/2503 2504/2504 2505/2505
f 2506/2506 2507/2507 2508/2508
f 2509/2509 2510/2510 2511/2511
f 2512/2512 2513/2513 2514/2514
f 2515/2515 2516/2516 2517/2517
f 2518/2518 2519/2519 2520/2520
f 2521/2521 2522/2522 2523/2523
f 2524/2524 2525/2525 2526/2526
f 2527/2527 2528/2528 2529/2529
f 2530/2530 2531/2531 2532/2532
f 2533/2533 2534/2534 2535/2535
f 2536/2536 2537/2537 2538/2538
f 2539/2539 2540/2540 2541/2541
f 2542/2542 2543/2543 2544/2544
f 2545/2545 2546/2546 2547/2547
f 2548/2548 2549/2549 2550/2550
f 2551/2551 2552/2552 2553/2553
f 2554/2554 2555/2555 2556/2556
f 2557/2557 2558/2558 2559/2559
f 2560/2560 2561/2561 2562/2562
f 2563/2563 2564/2564 2565/2565
f 2566/2566 2567/2567 2568/2568
f 2569/2569 2570/2570 2571/2571
f 2572/2572 2573/2573 2574/2574
f 2575/2575 2576/2576 2577/2577
f 2578/2578 2579/2579 2580/2580
f 2581/2581 2582/2582 2583/2583
f 2584/2584 2585/2585 2586/2586
f 2587/2587 2588/2588 2589/2589
f 2590/2590 2591/2591 2592/2592
f 2593/2593 2594/2594 2595/2595
f 2596/2596 2597/2597 2598/2598
f 2599/2599 2600/2600 2601/2601
f 2602/2602 2603/2603 2604/2604
f 2605/2605 2606/2606 2607/2607
f 2608/2608 2609/2609 2610/2610
f 2611/2611 2612/2612 2613/2613
f 2614/2614 2615/2615 2616/2616
f 2617/2617 2618/2618 2619/2619
f 2620/2620 2621/2621 2622/2622
f 2623/2623 2624/2624 2625/2625
f 2626/2626 2627/2627 2628/2628
f 2629/2629 2630/2630 2631/2631
f 2632/2632 2633/2633 2634/2634
f 2635/2635 2636/2636 2637/2637
f 2638/2638 2639/2639 2640/2640
f 2641/2641 2642/2642 2643/2643
f 2644/2644 2645/2645 2646/2646
f 2647/2647 2648/2648 2649/2649
f 2650/2650 2651/2651 2652/2652
f 2653/2653 2654/2654 2655/2655
f 2656/2656 2657/2657 2658/2658
f 2659/2659 2660/2660 2661/2661
f 2662/2662 2663/2663 2664/2664
f 2665/2665 2666/2666 2667/2667
f 2668/2668 2669/2669 2670/2670
f 2671/2671 2672/2672 2673/2673
f 2674/2674 2675/2675 2676/2676
f 2677/2677 2678/2678 2679/2679
f 2680/2680 2681/2681 2682/2682
f 2683/2683 2684/2684 2685/2685
f 2686/2686 2687/2687 2688/2688
f 2689/2689 2690/2690 2691/2691
f 2692/2692 2693/2693 2694/2694
f 2695/2695 2696/2696 2697/2697
f 2698/2698 2699/2699 2700/2700
f 2701/2701 2702/2702 2703/2703
f 2704/2704 2705/2705 2706/2706
f 2707/2707 2708/2708 2709/2709
f 2710/2710 2711/2711 2712/2712
f 2713/2713 2714/2714 2715/2715
f 2716/2716 2717/2717 2718/2718
f 2719/2719 2720/2720 2721/2721
f 2722/2722 2723/2723 2724/2724
f 2725/2725 2726/2726 2727/2727
f 2728/2728 2729/2729 2730/2730
f 2731/2731 2732/2732 2733/2733
f 2734/2734 2735/2735 2736/2736
f 2737/2737 2738/2738 2739/2739
f 2740/2740 2741/2741 2742/2742
f 2743/2743 2744/2744 2745/2745
f 2746/2746 2747/2747 2748/2748
f 2749/2749 2750/2750 2751/2751
f 2752/2752 2753/2753 2754/2754
f 2755/2755 2756/2756 2757/2757
f 2758/2758 2759/2759 2760/2760
f 2761/2761 2762/2762 2763/2763
f 2764/2764 2765/2765 2766/2766
f 2767/2767 2768/2768 2769/2769
f 2770/2770 2771/2771 2772/2772
f 2773/2773 2774/2774 2775/2775
f 2776/2776 2777/2777 2778/2778
f 2779/2779 2780/2780 2781/2781
f 2782/2782 2783/2783 2784/2784
f 2785/2785 2786/2786 2787/2787
f 2788/2788 2789/2789 2790/2790
f 2791/2791 2792/2792 2793/2793
f 2794/2794 2795/2795 2796/2796
f 2797/2797 2798/2798 2799/2799
f 2800/2800 2801/2801 2802/2802
f 2803/2803 2804/2804 2805/2805
f 2806/2806 2807/2807 2808/2808
f 2809/2809 2810/2810 2811/2811
f 2812/2812 2813/2813 2814/2814
f 2815/2815 2816/2816 2817/2817
f 2818/2818 2819/2819 2820/2820
f 2821/2821 2822/2822 2823/2823
f 2824/2824 2825/2825 2826/2826
f 2827/2827 2828/2828 2829/2829
f 2830/2830 2831/2831 2832/2832
f 2833/2833 2834/2834 2835/2835
f 2836/2836 2837/2837 2838/2838
f 2839/2839 2840/2840 2841/2841
f 2842/2842 2843/2843 2844/2844
f 2845/2845 2846/2846 2847/2847
f 2848/2848 2849/2849 2850/2850
f 2851/2851 2852/2852 2853/2853
f 2854/2854 2855/2855 2856/2856
f 2857/2857 2858/2858 2859/2859
f 2860/2860 2861/2861 2862/2862
f 2863/2863 2864/2864 2865/2865
f 2866/2866 2867/2867 2868/2868
f 2869/2869 2870/2870 2871/2871
f 2872/2872 2873/2873 2874/2874
f 2875/2875 2876/2876 2877/2877
f 2878/2878 2879/2879 2880/2880
f 2881/2881 2882/2882 2883/2883
f 2884/2884 2885/2885 2886/2886
f 2887/2887 2888/2888 2889/2889
f 2890/2890 2891/2891 2892/2892
f 2893/2893 2894/2894 2895/2895
f 2896/2896 2897/2897 2898/2898
f 2899/2899 2900/2900 2901/2901
f 2902/2902 2903/2903 2904/2904
f 2905/2905 2906/2906 2907/2907
f 2908/2908 2909/2909 2910/2910
f 2911/2911 2912/2912 2913/2913
f 2914/2914 2915/2915 2916/2916
f 2917/2917 2918/2918 2919/2919
f 2920/2920 2921/2921 2922/2922
f 2923/2923 2924/2924 2925/2925
f 2926/2926 2927/2927 2928/2928
f 2929/2929 2930/2930 2931/2931
f 2932/2932 2933/2933 2934/2934
f 2935/2935 2936/2936 2937/2937
f 2938/2938 2939/2939 2940/2940
f 2941/2941 2942/2942 2943/2943
f 2944/2944 2945/2945 2946/2946
f 2947/2947 2948/2948 2949/2949
f 2950/2950 2951/2951 2952/2952
f 2953/2953 2954/2954 2955/2955
f 2956/2956 2957/2957 2958/2958
f 2959/2959 2960/2960 2961/2961
f 2962/2962 2963/2963 2964/2964
f 2965/2965 2966/2966 2967/2967
f 2968/2968 2969/2969 2970/2970
f 2971/2971 2972/2972 2973/2973
f 2974/2974 2975/2975 2976/2976
f 2977/2977 2978/2978 2979/2979
f 2980/2980 2981/2981 2982/2982
f 2983/2983 2984/2984 2985/2985
f 2986/2986 2987/2987 2988/2988
f 2989/2989 2990/2990 2991/2991
f 2992/2992 2993/2993 2994/2994
f 2995/2995 2996/2996 2997/2997
f 2998/2998 2999/2999 3000/3000
f 3001/3001 3002/3002 3003/3003
f 3004/3004 3005/3005 3006/3006
f 3007/3007 3008/3008 3009/3009
f 3010/3010 3011/3011 3012/3012
f 3013/3013 3014/3014 3015/3015
f 3016/3016 3017/3017 3018/3018
f 3019/3019 3020/3020 3021/3021
f 3022/3022 3023/3023 3024/3024
f 3025/3025 3026/3026 3027/3027
f 3028/3028 3029/3029 3030/3030
f 3031/3031 3032/3032 3033/3033
f 3034/3034 3035/3035 3036/3036
f 3037/3037 3038/3038 3039/3039
f 3040/3040 3041/3041 3042/3042
f 3043/3043 3044/3044 3045/3045
f 3046/3046 3047/3047 3048/3048
f 3049/3049 3050/3050 3051/3051
f 3052/3052 3053/3053 3054/3054
f 3055/3055 3056/3056 3057/3057
f 3058/3058 3059/3059 3060/3060
f 3061/3061 3062/3062 3063/3063
f 3064/3064 3065/3065 3066/3066
f 3067/3067 3068/3068 3069/3069
f 3070/3070 3071/3071 3072/3072
f 3073/3073 3074/3074 3075/3075
f 3076/3076 3077/3077 3078/3078
f 3079/3079 3080/3080 3081/3081
f 3082/3082 3083/3083 3084/3084
f 3085/3085 3086/3086 3087/3087
f 3088/3088 3089/3089 3090/3090
f 3091/3091 3092/3092 3093/3093
f 3094/3094 3095/3095 3096/3096
f 3097/3097 3098/3098 3099/3099
f 3100/3100 3101/3101 3102/3102
f 3103/3103 3104/3104 3105/3105
f 3106/3106 3107/3107 3108/3108
f 3109/3109 3110/3110 3111/3111
f 3112/3112 3113/3113 3114/3114
f 3115/3115 3116/3116 3117/3117
f 3118/3118 3119/3119 3120/3120
f 3121/3121 3122/3122 3123/3123
f 3124/3124 3125/3125 3126/3126
f 3127/3127 3128/3128 3129/3129
f 3130/3130 3131/3131 3132/3132
f 3133/3133 3134/3134 3135/3135
f 3136/3136 3137/3137 3138/3138
f 3139/3139 3140/3140 3141/3141
f 3142/3142 3143/3143 3144/3144
f 3145/3145 3146/3146 3147/3147
f 3148/3148 3149/3149 3150/3150
f 3151/3151 3152/3152 3153/3153
f 3154/3154 3155/3155 3156/3156
f 3157/3157 3158/3158 3159/3159
f 3160/3160 3161/3161 3162/3162
f 3163/3163 3164/3164 3165/3165
f 3166/3166 3167/3167 3168/3168
f 3169/3169 3170/3170 3171/3171
f 3172/3172 3173/3173 3174/3174
f 3175/3175 3176/3176 3177/3177
f 3178/3178 3179/3179 3180/3180
f 3181/3181 3182/3182 3183/3183
f 3184/3184 3185/3185 3186/3186
f 3187/3187 3188/3188 3189/3189
f 3190/3190 3191/3191 3192/3192
f 3193/3193 3194/3194 3195/3195
f 3196/3196 3197/3197 3198/3198
f 3199/3199 3200/3200 3201/3201
f 3202/3202 3203/3203 3204/3204
f 3205/3205 3206/3206 3207/3207
f 3208/3208 3209/3209 3210/3210
f 3211/3211 3212/3212 3213/3213
f 3214/3214 3215/3215 3216/3216
f 3217/3217 3218/3218 3219/3219
f 3220/3220 3221/3221 3222/3222
f 3223/3223 3224/3224 3225/3225
f 3226/3226 3227/3227 3228/3228
f 3229/3229 3230/3230 3231/3231
f 3232/3232 3233/3233 3234/3234
f 3235/3235 3236/3236 3237/3237
f 3238/3238 3239/3239 3240/3240
f 3241/3241 3242/3242 3243/3243
f 3244/3244 3245/3245 3246/3246
f 3247/3247 3248/3248 3249/3249
f 3250/3250 3251/3251 3252/3252
f 3253/3253 3254/3254 3255/3255
f 3256/3256 3257/3257 3258/3258
f 3259/3259 3260/3260 3261/3261
f 3262/3262 3263/3263 3264/3264
f 3265/3265 3266/3266 3267/3267
f 3268/3268 3269/3269 3270/3270
f 3271/3271 3272/3272 3273/3273
f 3274/3274 3275/3275 3276/3276
f 3277/3277 3278/3278 3279/3279
f 3280/3280 3281/3281 3282/3282
f 3283/3283 3284/3284 3285/3285
f 3286/3286 3287/3287 3288/3288
f 3289/3289 3290/3290 3291/3291
f 3292/3292 3293/3293 3294/3294
f 3295/3295 3296/3296 3297/3297
f 3298/3298 3299/3299 3300/3300
f 3301/3301 3302/3302 3303/3303
f 3304/3304 3305/3305 3306/3306
f 3307/3307 3308/3308 3309/3309
f 3310/3310 3311/3311 3312/3312
f 3313/3313 3314/3314 3315/3315
f 3316/3316 3317/3317 3318/3318
f 3319/3319 3320/3320 3321/3321
f 3322/3322 3323/3323 3324/3324
f 3325/3325 3326/3326 3327/3327
f 3328/3328 3329/3329 3330/3330
f 3331/3331 3332/3332 3333/3333
f 3334/3334 3335/3335 3336/3336
f 3337/3337 3338/3338 3339/3339
f 3340/3340 3341/3341 3342/3342
f 3343/3343 3344/3344 3345/3345
f 3346/3346 3347/3347 3348/3348
f 3349/3349 3350/3350 3351/3351
f 3352/3352 3353/3353 3354/3354
f 3355/3355 3356/3356 3357/3357
f 3358/3358 3359/3359 3360/3360
f 3361/3361 3362/3362 3363/3363
f 3364/3364 3365/3365 3366/3366
f 3367/3367 3368/3368 3369/3369
f 3370/3370 3371/3371 3372/3372
f 3373/3373 3374/3374 3375/3375
f 3376/3376 3377/3377 3378/3378
f 3379/3379 3380/3380 3381/3381
f 3382/3382 3383/3383 3384/3384
f 3385/3385 3386/3386 3387/3387
f 3388/3388 3389/3389 3390/3390
f 3391/3391 3392/3392 3393/3393
f 3394/3394 3395/3395 3396/3396
f 3397/3397 3398/3398 3399/3399
f 3400/3400 3401/3401 3402/3402
f 3403/3403 3404/3404 3405/3405
f 3406/3406 3407/3407 3408/3408
f 3409/3409 3410/3410 3411/3411
f 3412/3412 3413/3413 3414/3414
f 3415/3415 3416/3416 3417/3417
f 3418/3418 3419/3419 3420/3420
f 3421/3421 3422/3422 3423/3423
f 3424/3424 3425/3425 3426/3426
f 3427/3427 3428/3428 3429/3429
f 3430/3430 3431/3431 3432/3432
f 3433/3433 3434/3434 3435/3435
f 3436/3436 3437/3437 3438/3438
f 3439/3439 3440/3440 3441/3441
f 3442/3442 3443/3443 3444/3444
f 3445/3445 3446/3446 3447/3447
f 3448/3448 3449/3449 3450/3450
f 3451/3451 3452/3452 3453/3453
f 3454/3454 3455/3455 3456/3456
f 3457/3457 3458/3458 3459/3459
f 3460/3460 3461/3461 3462/3462
f 3463/3463 3464/3464 3465/3465
f 3466/3466 3467/3467 3468/3468
f 3469/3469 3470/3470 3471/3471
f 3472/3472 3473/3473 3474/3474
f 3475/3475 3476/3476 3477/3477
f 3478/3478 3479/3479 3480/3480
f 3481/3481 3482/3482 3483/3483
f 3484/3484 3485/3485 3486/3486
f 3487/3487 3488/3488 3489/3489
f 3490/3490 3491/3491 3492/3492
f 3493/3493 3494/3494 3495/3495
f 3496/3496 3497/3497 3498/3498
f 3499/3499 3500/3500 3501/3501
f 3502/3502 3503/3503 3504/3504
f 3505/3505 3506/3506 3507/3507
f 3508/3508 3509/3509 3510/3510
f 3511/3511 3512/3512 3513/3513
f 3514/3514 3515/3515 3516/3516
f 3517/3517 3518/3518 3519/3519
f 3520/3520 3521/3521 3522/3522
f 3523/3523 3524/3524 3525/3525
f 3526/3526 3527/3527 3528/3528
