# Generated by TyraX. Do not edit - rebaked from the procedural graph of 'pines'.
# 26 instances of res/models/pine.obj
mtllib props.mtl
v 39.0878 21.9325 8.4045
v 39.1374 21.9385 8.6679
v 38.9485 23.4981 8.6680
v 39.0878 21.9325 8.4045
v 38.9485 23.4981 8.6680
v 38.8989 23.4921 8.4045
v 39.1374 21.9385 8.6679
v 38.8759 21.9068 8.7179
v 38.6869 23.4664 8.7179
v 39.1374 21.9385 8.6679
v 38.6869 23.4664 8.7179
v 38.9485 23.4981 8.6680
v 38.8759 21.9068 8.7179
v 38.8263 21.9008 8.4544
v 38.6373 23.4604 8.4545
v 38.8759 21.9068 8.7179
v 38.6373 23.4604 8.4545
v 38.6869 23.4664 8.7179
v 38.8263 21.9008 8.4544
v 39.0878 21.9325 8.4045
v 38.8989 23.4921 8.4045
v 38.8263 21.9008 8.4544
v 38.8989 23.4921 8.4045
v 38.6373 23.4604 8.4545
v -27.6466 23.6843 -9.3688
v -27.4471 23.6738 -9.3694
v -27.3857 24.8423 -9.3782
v -27.6466 23.6843 -9.3688
v -27.3857 24.8423 -9.3782
v -27.5852 24.8528 -9.3776
v -27.4471 23.6738 -9.3694
v -27.4465 23.6753 -9.1696
v -27.3851 24.8438 -9.1785
v -27.4471 23.6738 -9.3694
v -27.3851 24.8438 -9.1785
v -27.3857 24.8423 -9.3782
v -27.4465 23.6753 -9.1696
v -27.6459 23.6858 -9.1691
v -27.5845 24.8542 -9.1779
v -27.4465 23.6753 -9.1696
v -27.5845 24.8542 -9.1779
v -27.3851 24.8438 -9.1785
v -27.6459 23.6858 -9.1691
v -27.6466 23.6843 -9.3688
v -27.5852 24.8528 -9.3776
v -27.6459 23.6858 -9.1691
v -27.5852 24.8528 -9.3776
v -27.5845 24.8542 -9.1779
v -12.2890 23.3263 0.9705
v -12.4109 23.3270 0.7194
v -12.3432 24.9604 0.6912
v -12.2890 23.3263 0.9705
v -12.3432 24.9604 0.6912
v -12.2213 24.9597 0.9423
v -12.4109 23.3270 0.7194
v -12.1602 23.3145 0.5976
v -12.0924 24.9479 0.5694
v -12.4109 23.3270 0.7194
v -12.0924 24.9479 0.5694
v -12.3432 24.9604 0.6912
v -12.1602 23.3145 0.5976
v -12.0382 23.3138 0.8486
v -11.9705 24.9472 0.8204
v -12.1602 23.3145 0.5976
v -11.9705 24.9472 0.8204
v -12.0924 24.9479 0.5694
v -12.0382 23.3138 0.8486
v -12.2890 23.3263 0.9705
v -12.2213 24.9597 0.9423
v -12.0382 23.3138 0.8486
v -12.2213 24.9597 0.9423
v -11.9705 24.9472 0.8204
v -15.8126 19.3873 47.5313
v -16.0414 19.4021 47.5581
v -15.9563 20.7519 47.5423
v -15.8126 19.3873 47.5313
v -15.9563 20.7519 47.5423
v -15.7274 20.7371 47.5155
v -16.0414 19.4021 47.5581
v -16.0684 19.4011 47.3288
v -15.9832 20.7509 47.3130
v -16.0414 19.4021 47.5581
v -15.9832 20.7509 47.3130
v -15.9563 20.7519 47.5423
v -16.0684 19.4011 47.3288
v -15.8395 19.3863 47.3020
v -15.7543 20.7361 47.2862
v -16.0684 19.4011 47.3288
v -15.7543 20.7361 47.2862
v -15.9832 20.7509 47.3130
v -15.8395 19.3863 47.3020
v -15.8126 19.3873 47.5313
v -15.7274 20.7371 47.5155
v -15.8395 19.3863 47.3020
v -15.7274 20.7371 47.5155
v -15.7543 20.7361 47.2862
v -45.7622 19.7584 50.8376
v -45.8402 19.7615 51.0681
v -45.7924 21.1866 51.0651
v -45.7622 19.7584 50.8376
v -45.7924 21.1866 51.0651
v -45.7144 21.1835 50.8346
v -45.8402 19.7615 51.0681
v -46.0706 19.7690 50.9901
v -46.0228 21.1942 50.9871
v -45.8402 19.7615 51.0681
v -46.0228 21.1942 50.9871
v -45.7924 21.1866 51.0651
v -46.0706 19.7690 50.9901
v -45.9927 19.7659 50.7596
v -45.9449 21.1911 50.7566
v -46.0706 19.7690 50.9901
v -45.9449 21.1911 50.7566
v -46.0228 21.1942 50.9871
v -45.9927 19.7659 50.7596
v -45.7622 19.7584 50.8376
v -45.7144 21.1835 50.8346
v -45.9927 19.7659 50.7596
v -45.7144 21.1835 50.8346
v -45.9449 21.1911 50.7566
v 26.1525 23.2210 -2.2310
v 26.1788 23.2223 -1.8828
v 26.2518 25.2667 -1.8957
v 26.1525 23.2210 -2.2310
v 26.2518 25.2667 -1.8957
v 26.2255 25.2654 -2.2439
v 26.1788 23.2223 -1.8828
v 25.8308 23.2349 -1.8565
v 25.9038 25.2793 -1.8695
v 26.1788 23.2223 -1.8828
v 25.9038 25.2793 -1.8695
v 26.2518 25.2667 -1.8957
v 25.8308 23.2349 -1.8565
v 25.8045 23.2336 -2.2047
v 25.8776 25.2780 -2.2177
v 25.8308 23.2349 -1.8565
v 25.8776 25.2780 -2.2177
v 25.9038 25.2793 -1.8695
v 25.8045 23.2336 -2.2047
v 26.1525 23.2210 -2.2310
v 26.2255 25.2654 -2.2439
v 25.8045 23.2336 -2.2047
v 26.2255 25.2654 -2.2439
v 25.8776 25.2780 -2.2177
v -0.5182 20.3761 35.2820
v -0.7266 20.3858 35.3360
v -0.6674 21.6468 35.3371
v -0.5182 20.3761 35.2820
v -0.6674 21.6468 35.3371
v -0.4590 21.6371 35.2830
v -0.7266 20.3858 35.3360
v -0.7805 20.3885 35.1274
v -0.7214 21.6495 35.1284
v -0.7266 20.3858 35.3360
v -0.7214 21.6495 35.1284
v -0.6674 21.6468 35.3371
v -0.7805 20.3885 35.1274
v -0.5721 20.3788 35.0734
v -0.5130 21.6398 35.0744
v -0.7805 20.3885 35.1274
v -0.5130 21.6398 35.0744
v -0.7214 21.6495 35.1284
v -0.5721 20.3788 35.0734
v -0.5182 20.3761 35.2820
v -0.4590 21.6371 35.2830
v -0.5721 20.3788 35.0734
v -0.4590 21.6371 35.2830
v -0.5130 21.6398 35.0744
v -16.6269 24.2712 -12.8002
v -16.3116 24.2467 -12.7831
v -16.1656 26.0959 -12.8184
v -16.6269 24.2712 -12.8002
v -16.1656 26.0959 -12.8184
v -16.4808 26.1205 -12.8355
v -16.3116 24.2467 -12.7831
v -16.3282 24.2540 -12.4669
v -16.1821 26.1032 -12.5023
v -16.3116 24.2467 -12.7831
v -16.1821 26.1032 -12.5023
v -16.1656 26.0959 -12.8184
v -16.3282 24.2540 -12.4669
v -16.6434 24.2786 -12.4840
v -16.4974 26.1278 -12.5193
v -16.3282 24.2540 -12.4669
v -16.4974 26.1278 -12.5193
v -16.1821 26.1032 -12.5023
v -16.6434 24.2786 -12.4840
v -16.6269 24.2712 -12.8002
v -16.4808 26.1205 -12.8355
v -16.6434 24.2786 -12.4840
v -16.4808 26.1205 -12.8355
v -16.4974 26.1278 -12.5193
v -42.7856 22.1382 14.4673
v -42.9911 22.1387 14.5480
v -42.9631 23.4298 14.6116
v -42.7856 22.1382 14.4673
v -42.9631 23.4298 14.6116
v -42.7577 23.4294 14.5310
v -42.9911 22.1387 14.5480
v -43.0716 22.1506 14.3428
v -43.0436 23.4417 14.4065
v -42.9911 22.1387 14.5480
v -43.0436 23.4417 14.4065
v -42.9631 23.4298 14.6116
v -43.0716 22.1506 14.3428
v -42.8661 22.1501 14.2622
v -42.8382 23.4412 14.3258
v -43.0716 22.1506 14.3428
v -42.8382 23.4412 14.3258
v -43.0436 23.4417 14.4065
v -42.8661 22.1501 14.2622
v -42.7856 22.1382 14.4673
v -42.7577 23.4294 14.5310
v -42.8661 22.1501 14.2622
v -42.7577 23.4294 14.5310
v -42.8382 23.4412 14.3258
v -23.6391 20.8495 27.4084
v -23.8009 20.8459 27.2680
v -23.8393 22.1005 27.2800
v -23.6391 20.8495 27.4084
v -23.8393 22.1005 27.2800
v -23.6776 22.1041 27.4205
v -23.8009 20.8459 27.2680
v -23.6606 20.8517 27.1062
v -23.6990 22.1064 27.1182
v -23.8009 20.8459 27.2680
v -23.6990 22.1064 27.1182
v -23.8393 22.1005 27.2800
v -23.6606 20.8517 27.1062
v -23.4988 20.8553 27.2466
v -23.5372 22.1100 27.2587
v -23.6606 20.8517 27.1062
v -23.5372 22.1100 27.2587
v -23.6990 22.1064 27.1182
v -23.4988 20.8553 27.2466
v -23.6391 20.8495 27.4084
v -23.6776 22.1041 27.4205
v -23.4988 20.8553 27.2466
v -23.6776 22.1041 27.4205
v -23.5372 22.1100 27.2587
v 27.4670 21.1174 18.1108
v 27.5045 21.1198 18.3872
v 27.3082 22.7422 18.4002
v 27.4670 21.1174 18.1108
v 27.3082 22.7422 18.4002
v 27.2707 22.7398 18.1238
v 27.5045 21.1198 18.3872
v 27.2301 21.0863 18.4247
v 27.0339 22.7087 18.4377
v 27.5045 21.1198 18.3872
v 27.0339 22.7087 18.4377
v 27.3082 22.7422 18.4002
v 27.2301 21.0863 18.4247
v 27.1926 21.0839 18.1483
v 26.9963 22.7064 18.1613
v 27.2301 21.0863 18.4247
v 26.9963 22.7064 18.1613
v 27.0339 22.7087 18.4377
v 27.1926 21.0839 18.1483
v 27.4670 21.1174 18.1108
v 27.2707 22.7398 18.1238
v 27.1926 21.0839 18.1483
v 27.2707 22.7398 18.1238
v 26.9963 22.7064 18.1613
v -42.6175 20.2560 38.1349
v -42.3661 20.2828 38.2592
v -42.5546 21.9224 38.2879
v -42.6175 20.2560 38.1349
v -42.5546 21.9224 38.2879
v -42.8061 21.8956 38.1636
v -42.3661 20.2828 38.2592
v -42.4891 20.2642 38.5120
v -42.6777 21.9038 38.5407
v -42.3661 20.2828 38.2592
v -42.6777 21.9038 38.5407
v -42.5546 21.9224 38.2879
v -42.4891 20.2642 38.5120
v -42.7405 20.2375 38.3877
v -42.9291 21.8771 38.4164
v -42.4891 20.2642 38.5120
v -42.9291 21.8771 38.4164
v -42.6777 21.9038 38.5407
v -42.7405 20.2375 38.3877
v -42.6175 20.2560 38.1349
v -42.8061 21.8956 38.1636
v -42.7405 20.2375 38.3877
v -42.8061 21.8956 38.1636
v -42.9291 21.8771 38.4164
v -38.1891 24.0255 -13.0577
v -37.9215 24.0222 -13.0299
v -37.9138 25.5948 -12.9176
v -38.1891 24.0255 -13.0577
v -37.9138 25.5948 -12.9176
v -38.1814 25.5981 -12.9454
v -37.9215 24.0222 -13.0299
v -37.9494 24.0032 -12.7629
v -37.9417 25.5758 -12.6506
v -37.9215 24.0222 -13.0299
v -37.9417 25.5758 -12.6506
v -37.9138 25.5948 -12.9176
v -37.9494 24.0032 -12.7629
v -38.2171 24.0065 -12.7907
v -38.2094 25.5791 -12.6784
v -37.9494 24.0032 -12.7629
v -38.2094 25.5791 -12.6784
v -37.9417 25.5758 -12.6506
v -38.2171 24.0065 -12.7907
v -38.1891 24.0255 -13.0577
v -38.1814 25.5981 -12.9454
v -38.2171 24.0065 -12.7907
v -38.1814 25.5981 -12.9454
v -38.2094 25.5791 -12.6784
v -49.8412 20.9062 37.5052
v -50.0551 20.9231 37.6234
v -49.9568 22.3546 37.5965
v -49.8412 20.9062 37.5052
v -49.9568 22.3546 37.5965
v -49.7429 22.3377 37.4782
v -50.0551 20.9231 37.6234
v -50.1733 20.9271 37.4089
v -50.0750 22.3587 37.3819
v -50.0551 20.9231 37.6234
v -50.0750 22.3587 37.3819
v -49.9568 22.3546 37.5965
v -50.1733 20.9271 37.4089
v -49.9594 20.9102 37.2907
v -49.8611 22.3418 37.2637
v -50.1733 20.9271 37.4089
v -49.8611 22.3418 37.2637
v -50.0750 22.3587 37.3819
v -49.9594 20.9102 37.2907
v -49.8412 20.9062 37.5052
v -49.7429 22.3377 37.4782
v -49.9594 20.9102 37.2907
v -49.7429 22.3377 37.4782
v -49.8611 22.3418 37.2637
v -5.2803 20.5824 24.9275
v -5.0954 20.5918 24.9048
v -5.1601 21.6801 24.8263
v -5.2803 20.5824 24.9275
v -5.1601 21.6801 24.8263
v -5.3450 21.6707 24.8489
v -5.0954 20.5918 24.9048
v -5.0735 20.6064 25.0895
v -5.1382 21.6947 25.0110
v -5.0954 20.5918 24.9048
v -5.1382 21.6947 25.0110
v -5.1601 21.6801 24.8263
v -5.0735 20.6064 25.0895
v -5.2584 20.5970 25.1122
v -5.3231 21.6854 25.0336
v -5.0735 20.6064 25.0895
v -5.3231 21.6854 25.0336
v -5.1382 21.6947 25.0110
v -5.2584 20.5970 25.1122
v -5.2803 20.5824 24.9275
v -5.3450 21.6707 24.8489
v -5.2584 20.5970 25.1122
v -5.3450 21.6707 24.8489
v -5.3231 21.6854 25.0336
v 47.9161 23.8221 -14.0251
v 47.7360 23.8190 -14.0794
v 47.7005 24.9191 -14.0246
v 47.9161 23.8221 -14.0251
v 47.7005 24.9191 -14.0246
v 47.8806 24.9223 -13.9703
v 47.7360 23.8190 -14.0794
v 47.7901 23.8297 -14.2592
v 47.7546 24.9299 -14.2045
v 47.7360 23.8190 -14.0794
v 47.7546 24.9299 -14.2045
v 47.7005 24.9191 -14.0246
v 47.7901 23.8297 -14.2592
v 47.9702 23.8328 -14.2050
v 47.9347 24.9330 -14.1502
v 47.7901 23.8297 -14.2592
v 47.9347 24.9330 -14.1502
v 47.7546 24.9299 -14.2045
v 47.9702 23.8328 -14.2050
v 47.9161 23.8221 -14.0251
v 47.8806 24.9223 -13.9703
v 47.9702 23.8328 -14.2050
v 47.8806 24.9223 -13.9703
v 47.9347 24.9330 -14.1502
v -13.9455 24.5352 -16.3092
v -13.9052 24.5369 -16.5777
v -14.0227 26.1231 -16.5852
v -13.9455 24.5352 -16.3092
v -14.0227 26.1231 -16.5852
v -14.0631 26.1214 -16.3167
v -13.9052 24.5369 -16.5777
v -13.6375 24.5569 -16.5373
v -13.7550 26.1432 -16.5448
v -13.9052 24.5369 -16.5777
v -13.7550 26.1432 -16.5448
v -14.0227 26.1231 -16.5852
v -13.6375 24.5569 -16.5373
v -13.6778 24.5552 -16.2688
v -13.7953 26.1414 -16.2763
v -13.6375 24.5569 -16.5373
v -13.7953 26.1414 -16.2763
v -13.7550 26.1432 -16.5448
v -13.6778 24.5552 -16.2688
v -13.9455 24.5352 -16.3092
v -14.0631 26.1214 -16.3167
v -13.6778 24.5552 -16.2688
v -14.0631 26.1214 -16.3167
v -13.7953 26.1414 -16.2763
v 1.8423 19.9775 43.0324
v 2.0260 19.9680 43.0738
v 2.0669 21.0696 43.1442
v 1.8423 19.9775 43.0324
v 2.0669 21.0696 43.1442
v 1.8832 21.0791 43.1029
v 2.0260 19.9680 43.0738
v 1.9842 19.9578 43.2573
v 2.0250 21.0594 43.3278
v 2.0260 19.9680 43.0738
v 2.0250 21.0594 43.3278
v 2.0669 21.0696 43.1442
v 1.9842 19.9578 43.2573
v 1.8005 19.9673 43.2160
v 1.8413 21.0689 43.2864
v 1.9842 19.9578 43.2573
v 1.8413 21.0689 43.2864
v 2.0250 21.0594 43.3278
v 1.8005 19.9673 43.2160
v 1.8423 19.9775 43.0324
v 1.8832 21.0791 43.1029
v 1.8005 19.9673 43.2160
v 1.8832 21.0791 43.1029
v 1.8413 21.0689 43.2864
v -44.8192 22.5445 9.0941
v -44.7886 22.5456 9.2988
v -44.7676 23.7577 9.2889
v -44.8192 22.5445 9.0941
v -44.7676 23.7577 9.2889
v -44.7982 23.7565 9.0842
v -44.7886 22.5456 9.2988
v -44.9932 22.5494 9.3293
v -44.9722 23.7615 9.3195
v -44.7886 22.5456 9.2988
v -44.9722 23.7615 9.3195
v -44.7676 23.7577 9.2889
v -44.9932 22.5494 9.3293
v -45.0238 22.5483 9.1247
v -45.0028 23.7603 9.1148
v -44.9932 22.5494 9.3293
v -45.0028 23.7603 9.1148
v -44.9722 23.7615 9.3195
v -45.0238 22.5483 9.1247
v -44.8192 22.5445 9.0941
v -44.7982 23.7565 9.0842
v -45.0238 22.5483 9.1247
v -44.7982 23.7565 9.0842
v -45.0028 23.7603 9.1148
v 23.8670 20.1926 27.5104
v 23.9585 20.1983 27.7331
v 23.9732 21.6084 27.6909
v 23.8670 20.1926 27.5104
v 23.9732 21.6084 27.6909
v 23.8817 21.6027 27.4682
v 23.9585 20.1983 27.7331
v 23.7358 20.2034 27.8245
v 23.7504 21.6135 27.7823
v 23.9585 20.1983 27.7331
v 23.7504 21.6135 27.7823
v 23.9732 21.6084 27.6909
v 23.7358 20.2034 27.8245
v 23.6443 20.1977 27.6018
v 23.6590 21.6078 27.5596
v 23.7358 20.2034 27.8245
v 23.6590 21.6078 27.5596
v 23.7504 21.6135 27.7823
v 23.6443 20.1977 27.6018
v 23.8670 20.1926 27.5104
v 23.8817 21.6027 27.4682
v 23.6443 20.1977 27.6018
v 23.8817 21.6027 27.4682
v 23.6590 21.6078 27.5596
v -27.5968 22.7556 3.7745
v -27.5978 22.7556 4.0146
v -27.6593 24.1608 4.0145
v -27.5968 22.7556 3.7745
v -27.6593 24.1608 4.0145
v -27.6584 24.1608 3.7744
v -27.5978 22.7556 4.0146
v -27.8376 22.7451 4.0136
v -27.8992 24.1503 4.0135
v -27.5978 22.7556 4.0146
v -27.8992 24.1503 4.0135
v -27.6593 24.1608 4.0145
v -27.8376 22.7451 4.0136
v -27.8367 22.7451 3.7736
v -27.8982 24.1503 3.7735
v -27.8376 22.7451 4.0136
v -27.8982 24.1503 3.7735
v -27.8992 24.1503 4.0135
v -27.8367 22.7451 3.7736
v -27.5968 22.7556 3.7745
v -27.6584 24.1608 3.7744
v -27.8367 22.7451 3.7736
v -27.6584 24.1608 3.7744
v -27.8982 24.1503 3.7735
v -49.1082 21.9941 17.2586
v -49.3634 22.0097 17.1410
v -49.2603 23.6556 17.1346
v -49.1082 21.9941 17.2586
v -49.2603 23.6556 17.1346
v -49.0050 23.6400 17.2522
v -49.3634 22.0097 17.1410
v -49.2460 22.0013 16.8853
v -49.1429 23.6472 16.8788
v -49.3634 22.0097 17.1410
v -49.1429 23.6472 16.8788
v -49.2603 23.6556 17.1346
v -49.2460 22.0013 16.8853
v -48.9908 21.9858 17.0029
v -48.8876 23.6317 16.9965
v -49.2460 22.0013 16.8853
v -48.8876 23.6317 16.9965
v -49.1429 23.6472 16.8788
v -48.9908 21.9858 17.0029
v -49.1082 21.9941 17.2586
v -49.0050 23.6400 17.2522
v -48.9908 21.9858 17.0029
v -49.0050 23.6400 17.2522
v -48.8876 23.6317 16.9965
v -33.2261 21.1129 26.0047
v -33.4545 21.1245 25.8958
v -33.3712 22.6059 25.8793
v -33.2261 21.1129 26.0047
v -33.3712 22.6059 25.8793
v -33.1429 22.5943 25.9881
v -33.4545 21.1245 25.8958
v -33.3459 21.1158 25.6671
v -33.2627 22.5972 25.6506
v -33.4545 21.1245 25.8958
v -33.2627 22.5972 25.6506
v -33.3712 22.6059 25.8793
v -33.3459 21.1158 25.6671
v -33.1175 21.1042 25.7760
v -33.0343 22.5856 25.7595
v -33.3459 21.1158 25.6671
v -33.0343 22.5856 25.7595
v -33.2627 22.5972 25.6506
v -33.1175 21.1042 25.7760
v -33.2261 21.1129 26.0047
v -33.1429 22.5943 25.9881
v -33.1175 21.1042 25.7760
v -33.1429 22.5943 25.9881
v -33.0343 22.5856 25.7595
v -25.2635 21.5995 20.6543
v -25.3359 21.5970 20.9395
v -25.3307 23.3212 20.9555
v -25.2635 21.5995 20.6543
v -25.3307 23.3212 20.9555
v -25.2583 23.3236 20.6702
v -25.3359 21.5970 20.9395
v -25.6212 21.5986 20.8671
v -25.6160 23.3227 20.8831
v -25.3359 21.5970 20.9395
v -25.6160 23.3227 20.8831
v -25.3307 23.3212 20.9555
v -25.6212 21.5986 20.8671
v -25.5488 21.6010 20.5819
v -25.5436 23.3251 20.5978
v -25.6212 21.5986 20.8671
v -25.5436 23.3251 20.5978
v -25.6160 23.3227 20.8831
v -25.5488 21.6010 20.5819
v -25.2635 21.5995 20.6543
v -25.2583 23.3236 20.6702
v -25.5488 21.6010 20.5819
v -25.2583 23.3236 20.6702
v -25.5436 23.3251 20.5978
v -45.6399 20.8536 32.5235
v -45.8841 20.8723 32.5712
v -45.7572 22.3262 32.6526
v -45.6399 20.8536 32.5235
v -45.7572 22.3262 32.6526
v -45.5130 22.3076 32.6049
v -45.8841 20.8723 32.5712
v -45.9305 20.8900 32.3267
v -45.8037 22.3440 32.4082
v -45.8841 20.8723 32.5712
v -45.8037 22.3440 32.4082
v -45.7572 22.3262 32.6526
v -45.9305 20.8900 32.3267
v -45.6864 20.8714 32.2790
v -45.5595 22.3254 32.3604
v -45.9305 20.8900 32.3267
v -45.5595 22.3254 32.3604
v -45.8037 22.3440 32.4082
v -45.6864 20.8714 32.2790
v -45.6399 20.8536 32.5235
v -45.5130 22.3076 32.6049
v -45.6864 20.8714 32.2790
v -45.5130 22.3076 32.6049
v -45.5595 22.3254 32.3604
v -38.0780 23.6864 -9.1255
v -38.1086 23.6865 -8.8781
v -38.1470 25.1470 -8.8836
v -38.0780 23.6864 -9.1255
v -38.1470 25.1470 -8.8836
v -38.1165 25.1469 -9.1311
v -38.1086 23.6865 -8.8781
v -38.3560 23.6799 -8.9086
v -38.3944 25.1404 -8.9141
v -38.1086 23.6865 -8.8781
v -38.3944 25.1404 -8.9141
v -38.1470 25.1470 -8.8836
v -38.3560 23.6799 -8.9086
v -38.3255 23.6798 -9.1561
v -38.3639 25.1403 -9.1616
v -38.3560 23.6799 -8.9086
v -38.3639 25.1403 -9.1616
v -38.3944 25.1404 -8.9141
v -38.3255 23.6798 -9.1561
v -38.0780 23.6864 -9.1255
v -38.1165 25.1469 -9.1311
v -38.3255 23.6798 -9.1561
v -38.1165 25.1469 -9.1311
v -38.3639 25.1403 -9.1616
vt 0.00000 1.00000
vt 0.00000 1.00000
vt 0.00000 1.00000
vt 0.00000 1.00000
vt 0.00000 1.00000
vt 0.00000 1.00000
vt 0.00000 1.00000
vt 0.00000 1.00000
vt 0.00000 1.00000
vt 0.00000 1.00000
vt 0.00000 1.00000
vt 0.00000 1.00000
vt 0.00000 1.00000
vt 0.00000 1.00000
vt 0.00000 1.00000
vt 0.00000 1.00000
vt 0.00000 1.00000
vt 0.00000 1.00000
vt 0.00000 1.00000
vt 0.00000 1.00000
vt 0.00000 1.00000
vt 0.00000 1.00000
vt 0.00000 1.00000
vt 0.00000 1.00000
vt 0.00000 1.00000
vt 0.00000 1.00000
vt 0.00000 1.00000
vt 0.00000 1.00000
vt 0.00000 1.00000
vt 0.00000 1.00000
vt 0.00000 1.00000
vt 0.00000 1.00000
vt 0.00000 1.00000
vt 0.00000 1.00000
vt 0.00000 1.00000
vt 0.00000 1.00000
vt 0.00000 1.00000
vt 0.00000 1.00000
vt 0.00000 1.00000
vt 0.00000 1.00000
vt 0.00000 1.00000
vt 0.00000 1.00000
vt 0.00000 1.00000
vt 0.00000 1.00000
vt 0.00000 1.00000
vt 0.00000 1.00000
vt 0.00000 1.00000
vt 0.00000 1.00000
vt 0.00000 1.00000
vt 0.00000 1.00000
vt 0.00000 1.00000
vt 0.00000 1.00000
vt 0.00000 1.00000
vt 0.00000 1.00000
vt 0.00000 1.00000
vt 0.00000 1.00000
vt 0.00000 1.00000
vt 0.00000 1.00000
vt 0.00000 1.00000
vt 0.00000 1.00000
vt 0.00000 1.00000
vt 0.00000 1.00000
vt 0.00000 1.00000
vt 0.00000 1.00000
vt 0.00000 1.00000
vt 0.00000 1.00000
vt 0.00000 1.00000
vt 0.00000 1.00000
vt 0.00000 1.00000
vt 0.00000 1.00000
vt 0.00000 1.00000
vt 0.00000 1.00000
vt 0.00000 1.00000
vt 0.00000 1.00000
vt 0.00000 1.00000
vt 0.00000 1.00000
vt 0.00000 1.00000
vt 0.00000 1.00000
vt 0.00000 1.00000
vt 0.00000 1.00000
vt 0.00000 1.00000
vt 0.00000 1.00000
vt 0.00000 1.00000
vt 0.00000 1.00000
vt 0.00000 1.00000
vt 0.00000 1.00000
vt 0.00000 1.00000
vt 0.00000 1.00000
vt 0.00000 1.00000
vt 0.00000 1.00000
vt 0.00000 1.00000
vt 0.00000 1.00000
vt 0.00000 1.00000
vt 0.00000 1.00000
vt 0.00000 1.00000
vt 0.00000 1.00000
vt 0.00000 1.00000
vt 0.00000 1.00000
vt 0.00000 1.00000
vt 0.00000 1.00000
vt 0.00000 1.00000
vt 0.00000 1.00000
vt 0.00000 1.00000
vt 0.00000 1.00000
vt 0.00000 1.00000
vt 0.00000 1.00000
vt 0.00000 1.00000
vt 0.00000 1.00000
vt 0.00000 1.00000
vt 0.00000 1.00000
vt 0.00000 1.00000
vt 0.00000 1.00000
vt 0.00000 1.00000
vt 0.00000 1.00000
vt 0.00000 1.00000
vt 0.00000 1.00000
vt 0.00000 1.00000
vt 0.00000 1.00000
vt 0.00000 1.00000
vt 0.00000 1.00000
vt 0.00000 1.00000
vt 0.00000 1.00000
vt 0.00000 1.00000
vt 0.00000 1.00000
vt 0.00000 1.00000
vt 0.00000 1.00000
vt 0.00000 1.00000
vt 0.00000 1.00000
vt 0.00000 1.00000
vt 0.00000 1.00000
vt 0.00000 1.00000
vt 0.00000 1.00000
vt 0.00000 1.00000
vt 0.00000 1.00000
vt 0.00000 1.00000
vt 0.00000 1.00000
vt 0.00000 1.00000
vt 0.00000 1.00000
vt 0.00000 1.00000
vt 0.00000 1.00000
vt 0.00000 1.00000
vt 0.00000 1.00000
vt 0.00000 1.00000
vt 0.00000 1.00000
vt 0.00000 1.00000
vt 0.00000 1.00000
vt 0.00000 1.00000
vt 0.00000 1.00000
vt 0.00000 1.00000
vt 0.00000 1.00000
vt 0.00000 1.00000
vt 0.00000 1.00000
vt 0.00000 1.00000
vt 0.00000 1.00000
vt 0.00000 1.00000
vt 0.00000 1.00000
vt 0.00000 1.00000
vt 0.00000 1.00000
vt 0.00000 1.00000
vt 0.00000 1.00000
vt 0.00000 1.00000
vt 0.00000 1.00000
vt 0.00000 1.00000
vt 0.00000 1.00000
vt 0.00000 1.00000
vt 0.00000 1.00000
vt 0.00000 1.00000
vt 0.00000 1.00000
vt 0.00000 1.00000
vt 0.00000 1.00000
vt 0.00000 1.00000
vt 0.00000 1.00000
vt 0.00000 1.00000
vt 0.00000 1.00000
vt 0.00000 1.00000
vt 0.00000 1.00000
vt 0.00000 1.00000
vt 0.00000 1.00000
vt 0.00000 1.00000
vt 0.00000 1.00000
vt 0.00000 1.00000
vt 0.00000 1.00000
vt 0.00000 1.00000
vt 0.00000 1.00000
vt 0.00000 1.00000
vt 0.00000 1.00000
vt 0.00000 1.00000
vt 0.00000 1.00000
vt 0.00000 1.00000
vt 0.00000 1.00000
vt 0.00000 1.00000
vt 0.00000 1.00000
vt 0.00000 1.00000
vt 0.00000 1.00000
vt 0.00000 1.00000
vt 0.00000 1.00000
vt 0.00000 1.00000
vt 0.00000 1.00000
vt 0.00000 1.00000
vt 0.00000 1.00000
vt 0.00000 1.00000
vt 0.00000 1.00000
vt 0.00000 1.00000
vt 0.00000 1.00000
vt 0.00000 1.00000
vt 0.00000 1.00000
vt 0.00000 1.00000
vt 0.00000 1.00000
vt 0.00000 1.00000
vt 0.00000 1.00000
vt 0.00000 1.00000
vt 0.00000 1.00000
vt 0.00000 1.00000
vt 0.00000 1.00000
vt 0.00000 1.00000
vt 0.00000 1.00000
vt 0.00000 1.00000
vt 0.00000 1.00000
vt 0.00000 1.00000
vt 0.00000 1.00000
vt 0.00000 1.00000
vt 0.00000 1.00000
vt 0.00000 1.00000
vt 0.00000 1.00000
vt 0.00000 1.00000
vt 0.00000 1.00000
vt 0.00000 1.00000
vt 0.00000 1.00000
vt 0.00000 1.00000
vt 0.00000 1.00000
vt 0.00000 1.00000
vt 0.00000 1.00000
vt 0.00000 1.00000
vt 0.00000 1.00000
vt 0.00000 1.00000
vt 0.00000 1.00000
vt 0.00000 1.00000
vt 0.00000 1.00000
vt 0.00000 1.00000
vt 0.00000 1.00000
vt 0.00000 1.00000
vt 0.00000 1.00000
vt 0.00000 1.00000
vt 0.00000 1.00000
vt 0.00000 1.00000
vt 0.00000 1.00000
vt 0.00000 1.00000
vt 0.00000 1.00000
vt 0.00000 1.00000
vt 0.00000 1.00000
vt 0.00000 1.00000
vt 0.00000 1.00000
vt 0.00000 1.00000
vt 0.00000 1.00000
vt 0.00000 1.00000
vt 0.00000 1.00000
vt 0.00000 1.00000
vt 0.00000 1.00000
vt 0.00000 1.00000
vt 0.00000 1.00000
vt 0.00000 1.00000
vt 0.00000 1.00000
vt 0.00000 1.00000
vt 0.00000 1.00000
vt 0.00000 1.00000
vt 0.00000 1.00000
vt 0.00000 1.00000
vt 0.00000 1.00000
vt 0.00000 1.00000
vt 0.00000 1.00000
vt 0.00000 1.00000
vt 0.00000 1.00000
vt 0.00000 1.00000
vt 0.00000 1.00000
vt 0.00000 1.00000
vt 0.00000 1.00000
vt 0.00000 1.00000
vt 0.00000 1.00000
vt 0.00000 1.00000
vt 0.00000 1.00000
vt 0.00000 1.00000
vt 0.00000 1.00000
vt 0.00000 1.00000
vt 0.00000 1.00000
vt 0.00000 1.00000
vt 0.00000 1.00000
vt 0.00000 1.00000
vt 0.00000 1.00000
vt 0.00000 1.00000
vt 0.00000 1.00000
vt 0.00000 1.00000
vt 0.00000 1.00000
vt 0.00000 1.00000
vt 0.00000 1.00000
vt 0.00000 1.00000
vt 0.00000 1.00000
vt 0.00000 1.00000
vt 0.00000 1.00000
vt 0.00000 1.00000
vt 0.00000 1.00000
vt 0.00000 1.00000
vt 0.00000 1.00000
vt 0.00000 1.00000
vt 0.00000 1.00000
vt 0.00000 1.00000
vt 0.00000 1.00000
vt 0.00000 1.00000
vt 0.00000 1.00000
vt 0.00000 1.00000
vt 0.00000 1.00000
vt 0.00000 1.00000
vt 0.00000 1.00000
vt 0.00000 1.00000
vt 0.00000 1.00000
vt 0.00000 1.00000
vt 0.00000 1.00000
vt 0.00000 1.00000
vt 0.00000 1.00000
vt 0.00000 1.00000
vt 0.00000 1.00000
vt 0.00000 1.00000
vt 0.00000 1.00000
vt 0.00000 1.00000
vt 0.00000 1.00000
vt 0.00000 1.00000
vt 0.00000 1.00000
vt 0.00000 1.00000
vt 0.00000 1.00000
vt 0.00000 1.00000
vt 0.00000 1.00000
vt 0.00000 1.00000
vt 0.00000 1.00000
vt 0.00000 1.00000
vt 0.00000 1.00000
vt 0.00000 1.00000
vt 0.00000 1.00000
vt 0.00000 1.00000
vt 0.00000 1.00000
vt 0.00000 1.00000
vt 0.00000 1.00000
vt 0.00000 1.00000
vt 0.00000 1.00000
vt 0.00000 1.00000
vt 0.00000 1.00000
vt 0.00000 1.00000
vt 0.00000 1.00000
vt 0.00000 1.00000
vt 0.00000 1.00000
vt 0.00000 1.00000
vt 0.00000 1.00000
vt 0.00000 1.00000
vt 0.00000 1.00000
vt 0.00000 1.00000
vt 0.00000 1.00000
vt 0.00000 1.00000
vt 0.00000 1.00000
vt 0.00000 1.00000
vt 0.00000 1.00000
vt 0.00000 1.00000
vt 0.00000 1.00000
vt 0.00000 1.00000
vt 0.00000 1.00000
vt 0.00000 1.00000
vt 0.00000 1.00000
vt 0.00000 1.00000
vt 0.00000 1.00000
vt 0.00000 1.00000
vt 0.00000 1.00000
vt 0.00000 1.00000
vt 0.00000 1.00000
vt 0.00000 1.00000
vt 0.00000 1.00000
vt 0.00000 1.00000
vt 0.00000 1.00000
vt 0.00000 1.00000
vt 0.00000 1.00000
vt 0.00000 1.00000
vt 0.00000 1.00000
vt 0.00000 1.00000
vt 0.00000 1.00000
vt 0.00000 1.00000
vt 0.00000 1.00000
vt 0.00000 1.00000
vt 0.00000 1.00000
vt 0.00000 1.00000
vt 0.00000 1.00000
vt 0.00000 1.00000
vt 0.00000 1.00000
vt 0.00000 1.00000
vt 0.00000 1.00000
vt 0.00000 1.00000
vt 0.00000 1.00000
vt 0.00000 1.00000
vt 0.00000 1.00000
vt 0.00000 1.00000
vt 0.00000 1.00000
vt 0.00000 1.00000
vt 0.00000 1.00000
vt 0.00000 1.00000
vt 0.00000 1.00000
vt 0.00000 1.00000
vt 0.00000 1.00000
vt 0.00000 1.00000
vt 0.00000 1.00000
vt 0.00000 1.00000
vt 0.00000 1.00000
vt 0.00000 1.00000
vt 0.00000 1.00000
vt 0.00000 1.00000
vt 0.00000 1.00000
vt 0.00000 1.00000
vt 0.00000 1.00000
vt 0.00000 1.00000
vt 0.00000 1.00000
vt 0.00000 1.00000
vt 0.00000 1.00000
vt 0.00000 1.00000
vt 0.00000 1.00000
vt 0.00000 1.00000
vt 0.00000 1.00000
vt 0.00000 1.00000
vt 0.00000 1.00000
vt 0.00000 1.00000
vt 0.00000 1.00000
vt 0.00000 1.00000
vt 0.00000 1.00000
vt 0.00000 1.00000
vt 0.00000 1.00000
vt 0.00000 1.00000
vt 0.00000 1.00000
vt 0.00000 1.00000
vt 0.00000 1.00000
vt 0.00000 1.00000
vt 0.00000 1.00000
vt 0.00000 1.00000
vt 0.00000 1.00000
vt 0.00000 1.00000
vt 0.00000 1.00000
vt 0.00000 1.00000
vt 0.00000 1.00000
vt 0.00000 1.00000
vt 0.00000 1.00000
vt 0.00000 1.00000
vt 0.00000 1.00000
vt 0.00000 1.00000
vt 0.00000 1.00000
vt 0.00000 1.00000
vt 0.00000 1.00000
vt 0.00000 1.00000
vt 0.00000 1.00000
vt 0.00000 1.00000
vt 0.00000 1.00000
vt 0.00000 1.00000
vt 0.00000 1.00000
vt 0.00000 1.00000
vt 0.00000 1.00000
vt 0.00000 1.00000
vt 0.00000 1.00000
vt 0.00000 1.00000
vt 0.00000 1.00000
vt 0.00000 1.00000
vt 0.00000 1.00000
vt 0.00000 1.00000
vt 0.00000 1.00000
vt 0.00000 1.00000
vt 0.00000 1.00000
vt 0.00000 1.00000
vt 0.00000 1.00000
vt 0.00000 1.00000
vt 0.00000 1.00000
vt 0.00000 1.00000
vt 0.00000 1.00000
vt 0.00000 1.00000
vt 0.00000 1.00000
vt 0.00000 1.00000
vt 0.00000 1.00000
vt 0.00000 1.00000
vt 0.00000 1.00000
vt 0.00000 1.00000
vt 0.00000 1.00000
vt 0.00000 1.00000
vt 0.00000 1.00000
vt 0.00000 1.00000
vt 0.00000 1.00000
vt 0.00000 1.00000
vt 0.00000 1.00000
vt 0.00000 1.00000
vt 0.00000 1.00000
vt 0.00000 1.00000
vt 0.00000 1.00000
vt 0.00000 1.00000
vt 0.00000 1.00000
vt 0.00000 1.00000
vt 0.00000 1.00000
vt 0.00000 1.00000
vt 0.00000 1.00000
vt 0.00000 1.00000
vt 0.00000 1.00000
vt 0.00000 1.00000
vt 0.00000 1.00000
vt 0.00000 1.00000
vt 0.00000 1.00000
vt 0.00000 1.00000
vt 0.00000 1.00000
vt 0.00000 1.00000
vt 0.00000 1.00000
vt 0.00000 1.00000
vt 0.00000 1.00000
vt 0.00000 1.00000
vt 0.00000 1.00000
vt 0.00000 1.00000
vt 0.00000 1.00000
vt 0.00000 1.00000
vt 0.00000 1.00000
vt 0.00000 1.00000
vt 0.00000 1.00000
vt 0.00000 1.00000
vt 0.00000 1.00000
vt 0.00000 1.00000
vt 0.00000 1.00000
vt 0.00000 1.00000
vt 0.00000 1.00000
vt 0.00000 1.00000
vt 0.00000 1.00000
vt 0.00000 1.00000
vt 0.00000 1.00000
vt 0.00000 1.00000
vt 0.00000 1.00000
vt 0.00000 1.00000
vt 0.00000 1.00000
vt 0.00000 1.00000
vt 0.00000 1.00000
vt 0.00000 1.00000
vt 0.00000 1.00000
vt 0.00000 1.00000
vt 0.00000 1.00000
vt 0.00000 1.00000
vt 0.00000 1.00000
vt 0.00000 1.00000
vt 0.00000 1.00000
vt 0.00000 1.00000
vt 0.00000 1.00000
vt 0.00000 1.00000
vt 0.00000 1.00000
vt 0.00000 1.00000
vt 0.00000 1.00000
vt 0.00000 1.00000
vt 0.00000 1.00000
vt 0.00000 1.00000
vt 0.00000 1.00000
vt 0.00000 1.00000
vt 0.00000 1.00000
vt 0.00000 1.00000
vt 0.00000 1.00000
vt 0.00000 1.00000
vt 0.00000 1.00000
vt 0.00000 1.00000
vt 0.00000 1.00000
vt 0.00000 1.00000
vt 0.00000 1.00000
vt 0.00000 1.00000
vt 0.00000 1.00000
vt 0.00000 1.00000
vt 0.00000 1.00000
vt 0.00000 1.00000
vt 0.00000 1.00000
vt 0.00000 1.00000
vt 0.00000 1.00000
vt 0.00000 1.00000
vt 0.00000 1.00000
vt 0.00000 1.00000
vt 0.00000 1.00000
vt 0.00000 1.00000
vt 0.00000 1.00000
vt 0.00000 1.00000
vt 0.00000 1.00000
vt 0.00000 1.00000
vt 0.00000 1.00000
vt 0.00000 1.00000
vt 0.00000 1.00000
vt 0.00000 1.00000
vt 0.00000 1.00000
vt 0.00000 1.00000
vt 0.00000 1.00000
vt 0.00000 1.00000
vt 0.00000 1.00000
vt 0.00000 1.00000
vt 0.00000 1.00000
vt 0.00000 1.00000
vt 0.00000 1.00000
vt 0.00000 1.00000
vt 0.00000 1.00000
vt 0.00000 1.00000
vt 0.00000 1.00000
vt 0.00000 1.00000
vt 0.00000 1.00000
vt 0.00000 1.00000
vt 0.00000 1.00000
vt 0.00000 1.00000
vt 0.00000 1.00000
vt 0.00000 1.00000
vt 0.00000 1.00000
vt 0.00000 1.00000
vt 0.00000 1.00000
vt 0.00000 1.00000
vt 0.00000 1.00000
vt 0.00000 1.00000
vt 0.00000 1.00000
vt 0.00000 1.00000
vt 0.00000 1.00000
vt 0.00000 1.00000
vt 0.00000 1.00000
vt 0.00000 1.00000
vt 0.00000 1.00000
vt 0.00000 1.00000
vt 0.00000 1.00000
vt 0.00000 1.00000
vt 0.00000 1.00000
vt 0.00000 1.00000
vt 0.00000 1.00000
vt 0.00000 1.00000
vt 0.00000 1.00000
vt 0.00000 1.00000
vt 0.00000 1.00000
usemtl bark
f 1/1 2/2 3/3
f 4/4 5/5 6/6
f 7/7 8/8 9/9
f 10/10 11/11 12/12
f 13/13 14/14 15/15
f 16/16 17/17 18/18
f 19/19 20/20 21/21
f 22/22 23/23 24/24
f 25/25 26/26 27/27
f 28/28 29/29 30/30
f 31/31 32/32 33/33
f 34/34 35/35 36/36
f 37/37 38/38 39/39
f 40/40 41/41 42/42
f 43/43 44/44 45/45
f 46/46 47/47 48/48
f 49/49 50/50 51/51
f 52/52 53/53 54/54
f 55/55 56/56 57/57
f 58/58 59/59 60/60
f 61/61 62/62 63/63
f 64/64 65/65 66/66
f 67/67 68/68 69/69
f 70/70 71/71 72/72
f 73/73 74/74 75/75
f 76/76 77/77 78/78
f 79/79 80/80 81/81
f 82/82 83/83 84/84
f 85/85 86/86 87/87
f 88/88 89/89 90/90
f 91/91 92/92 93/93
f 94/94 95/95 96/96
f 97/97 98/98 99/99
f 100/100 101/101 102/102
f 103/103 104/104 105/105
f 106/106 107/107 108/108
f 109/109 110/110 111/111
f 112/112 113/113 114/114
f 115/115 116/116 117/117
f 118/118 119/119 120/120
f 121/121 122/122 123/123
f 124/124 125/125 126/126
f 127/127 128/128 129/129
f 130/130 131/131 132/132
f 133/133 134/134 135/135
f 136/136 137/137 138/138
f 139/139 140/140 141/141
f 142/142 143/143 144/144
f 145/145 146/146 147/147
f 148/148 149/149 150/150
f 151/151 152/152 153/153
f 154/154 155/155 156/156
f 157/157 158/158 159/159
f 160/160 161/161 162/162
f 163/163 164/164 165/165
f 166/166 167/167 168/168
f 169/169 170/170 171/171
f 172/172 173/173 174/174
f 175/175 176/176 177/177
f 178/178 179/179 180/180
f 181/181 182/182 183/183
f 184/184 185/185 186/186
f 187/187 188/188 189/189
f 190/190 191/191 192/192
f 193/193 194/194 195/195
f 196/196 197/197 198/198
f 199/199 200/200 201/201
f 202/202 203/203 204/204
f 205/205 206/206 207/207
f 208/208 209/209 210/210
f 211/211 212/212 213/213
f 214/214 215/215 216/216
f 217/217 218/218 219/219
f 220/220 221/221 222/222
f 223/223 224/224 225/225
f 226/226 227/227 228/228
f 229/229 230/230 231/231
f 232/232 233/233 234/234
f 235/235 236/236 237/237
f 238/238 239/239 240/240
f 241/241 242/242 243/243
f 244/244 245/245 246/246
f 247/247 248/248 249/249
f 250/250 251/251 252/252
f 253/253 254/254 255/255
f 256/256 257/257 258/258
f 259/259 260/260 261/261
f 262/262 263/263 264/264
f 265/265 266/266 267/267
f 268/268 269/269 270/270
f 271/271 272/272 273/273
f 274/274 275/275 276/276
f 277/277 278/278 279/279
f 280/280 281/281 282/282
f 283/283 284/284 285/285
f 286/286 287/287 288/288
f 289/289 290/290 291/291
f 292/292 293/293 294/294
f 295/295 296/296 297/297
f 298/298 299/299 300/300
f 301/301 302/302 303/303
f 304/304 305/305 306/306
f 307/307 308/308 309/309
f 310/310 311/311 312/312
f 313/313 314/314 315/315
f 316/316 317/317 318/318
f 319/319 320/320 321/321
f 322/322 323/323 324/324
f 325/325 326/326 327/327
f 328/328 329/329 330/330
f 331/331 332/332 333/333
f 334/334 335/335 336/336
f 337/337 338/338 339/339
f 340/340 341/341 342/342
f 343/343 344/344 345/345
f 346/346 347/347 348/348
f 349/349 350/350 351/351
f 352/352 353/353 354/354
f 355/355 356/356 357/357
f 358/358 359/359 360/360
f 361/361 362/362 363/363
f 364/364 365/365 366/366
f 367/367 368/368 369/369
f 370/370 371/371 372/372
f 373/373 374/374 375/375
f 376/376 377/377 378/378
f 379/379 380/380 381/381
f 382/382 383/383 384/384
f 385/385 386/386 387/387
f 388/388 389/389 390/390
f 391/391 392/392 393/393
f 394/394 395/395 396/396
f 397/397 398/398 399/399
f 400/400 401/401 402/402
f 403/403 404/404 405/405
f 406/406 407/407 408/408
f 409/409 410/410 411/411
f 412/412 413/413 414/414
f 415/415 416/416 417/417
f 418/418 419/419 420/420
f 421/421 422/422 423/423
f 424/424 425/425 426/426
f 427/427 428/428 429/429
f 430/430 431/431 432/432
f 433/433 434/434 435/435
f 436/436 437/437 438/438
f 439/439 440/440 441/441
f 442/442 443/443 444/444
f 445/445 446/446 447/447
f 448/448 449/449 450/450
f 451/451 452/452 453/453
f 454/454 455/455 456/456
f 457/457 458/458 459/459
f 460/460 461/461 462/462
f 463/463 464/464 465/465
f 466/466 467/467 468/468
f 469/469 470/470 471/471
f 472/472 473/473 474/474
f 475/475 476/476 477/477
f 478/478 479/479 480/480
f 481/481 482/482 483/483
f 484/484 485/485 486/486
f 487/487 488/488 489/489
f 490/490 491/491 492/492
f 493/493 494/494 495/495
f 496/496 497/497 498/498
f 499/499 500/500 501/501
f 502/502 503/503 504/504
f 505/505 506/506 507/507
f 508/508 509/509 510/510
f 511/511 512/512 513/513
f 514/514 515/515 516/516
f 517/517 518/518 519/519
f 520/520 521/521 522/522
f 523/523 524/524 525/525
f 526/526 527/527 528/528
f 529/529 530/530 531/531
f 532/532 533/533 534/534
f 535/535 536/536 537/537
f 538/538 539/539 540/540
f 541/541 542/542 543/543
f 544/544 545/545 546/546
f 547/547 548/548 549/549
f 550/550 551/551 552/552
f 553/553 554/554 555/555
f 556/556 557/557 558/558
f 559/559 560/560 561/561
f 562/562 563/563 564/564
f 565/565 566/566 567/567
f 568/568 569/569 570/570
f 571/571 572/572 573/573
f 574/574 575/575 576/576
f 577/577 578/578 579/579
f 580/580 581/581 582/582
f 583/583 584/584 585/585
f 586/586 587/587 588/588
f 589/589 590/590 591/591
f 592/592 593/593 594/594
f 595/595 596/596 597/597
f 598/598 599/599 600/600
f 601/601 602/602 603/603
f 604/604 605/605 606/606
f 607/607 608/608 609/609
f 610/610 611/611 612/612
f 613/613 614/614 615/615
f 616/616 617/617 618/618
f 619/619 620/620 621/621
f 622/622 623/623 624/624
v 38.5748 23.0981 7.1774
v 39.6225 23.2251 7.3971
v 38.5095 25.8187 8.5612
v 39.6225 23.2251 7.3971
v 39.9909 23.2697 9.3542
v 38.5095 25.8187 8.5612
v 39.9909 23.2697 9.3542
v 38.0480 23.0343 9.7253
v 38.5095 25.8187 8.5612
v 38.0480 23.0343 9.7253
v 37.6796 22.9897 7.7682
v 38.5095 25.8187 8.5612
v 37.6796 22.9897 7.7682
v 38.5748 23.0981 7.1774
v 38.5095 25.8187 8.5612
v 38.5748 23.0981 7.1774
v 39.9909 23.2697 9.3542
v 39.6225 23.2251 7.3971
v 38.5748 23.0981 7.1774
v 38.0480 23.0343 9.7253
v 39.9909 23.2697 9.3542
v 38.5748 23.0981 7.1774
v 37.6796 22.9897 7.7682
v 38.0480 23.0343 9.7253
v 38.4670 24.4493 7.4701
v 39.7556 24.6054 8.3543
v 38.3466 27.1632 8.5613
v 39.7556 24.6054 8.3543
v 38.8778 24.4991 9.6523
v 38.3466 27.1632 8.5613
v 38.8778 24.4991 9.6523
v 37.5892 24.3430 8.7681
v 38.3466 27.1632 8.5613
v 37.5892 24.3430 8.7681
v 38.4670 24.4493 7.4701
v 38.3466 27.1632 8.5613
v 38.4670 24.4493 7.4701
v 38.8778 24.4991 9.6523
v 39.7556 24.6054 8.3543
v 38.4670 24.4493 7.4701
v 37.5892 24.3430 8.7681
v 38.8778 24.4991 9.6523
v 38.9486 25.8719 7.9119
v 39.1541 25.8968 9.0036
v 38.1837 28.5077 8.5613
v 39.1541 25.8968 9.0036
v 38.0703 25.7655 9.2106
v 38.1837 28.5077 8.5613
v 38.0703 25.7655 9.2106
v 37.8648 25.7406 8.1189
v 38.1837 28.5077 8.5613
v 37.8648 25.7406 8.1189
v 38.9486 25.8719 7.9119
v 38.1837 28.5077 8.5613
v 38.9486 25.8719 7.9119
v 38.0703 25.7655 9.2106
v 39.1541 25.8968 9.0036
v 38.9486 25.8719 7.9119
v 37.8648 25.7406 8.1189
v 38.0703 25.7655 9.2106
v -28.5465 24.6414 -9.2732
v -28.2420 24.6198 -10.0158
v -27.3931 26.6010 -9.2913
v -28.2420 24.6198 -10.0158
v -26.7605 24.5420 -10.0199
v -27.3931 26.6010 -9.2913
v -26.7605 24.5420 -10.0199
v -26.7558 24.5529 -8.5363
v -27.3931 26.6010 -9.2913
v -26.7558 24.5529 -8.5363
v -28.2373 24.6308 -8.5322
v -27.3931 26.6010 -9.2913
v -28.2373 24.6308 -8.5322
v -28.5465 24.6414 -9.2732
v -27.3931 26.6010 -9.2913
v -28.5465 24.6414 -9.2732
v -26.7605 24.5420 -10.0199
v -28.2420 24.6198 -10.0158
v -28.5465 24.6414 -9.2732
v -26.7558 24.5529 -8.5363
v -26.7605 24.5420 -10.0199
v -28.5465 24.6414 -9.2732
v -28.2373 24.6308 -8.5322
v -26.7558 24.5529 -8.5363
v -28.2720 25.6371 -9.2814
v -27.4486 25.5876 -10.1108
v -27.3401 27.6083 -9.2989
v -27.4486 25.5876 -10.1108
v -26.6200 25.5503 -9.2860
v -27.3401 27.6083 -9.2989
v -26.6200 25.5503 -9.2860
v -27.4434 25.5998 -8.4566
v -27.3401 27.6083 -9.2989
v -27.4434 25.5998 -8.4566
v -28.2720 25.6371 -9.2814
v -27.3401 27.6083 -9.2989
v -28.2720 25.6371 -9.2814
v -26.6200 25.5503 -9.2860
v -27.4486 25.5876 -10.1108
v -28.2720 25.6371 -9.2814
v -27.4434 25.5998 -8.4566
v -26.6200 25.5503 -9.2860
v -27.8076 26.6196 -9.7039
v -26.9812 26.5762 -9.7062
v -27.2872 28.6156 -9.3065
v -26.9812 26.5762 -9.7062
v -26.9786 26.5823 -8.8787
v -27.2872 28.6156 -9.3065
v -26.9786 26.5823 -8.8787
v -27.8050 26.6257 -8.8764
v -27.2872 28.6156 -9.3065
v -27.8050 26.6257 -8.8764
v -27.8076 26.6196 -9.7039
v -27.2872 28.6156 -9.3065
v -27.8076 26.6196 -9.7039
v -26.9786 26.5823 -8.8787
v -26.9812 26.5762 -9.7062
v -27.8076 26.6196 -9.7039
v -27.8050 26.6257 -8.8764
v -26.9786 26.5823 -8.8787
v -11.5317 24.5839 2.0808
v -12.6507 24.6315 2.1471
v -12.0552 27.4040 0.7135
v -12.6507 24.6315 2.1471
v -13.5563 24.6368 0.2822
v -12.0552 27.4040 0.7135
v -13.5563 24.6368 0.2822
v -11.6934 24.5440 -0.6228
v -12.0552 27.4040 0.7135
v -11.6934 24.5440 -0.6228
v -10.7877 24.5386 1.2421
v -12.0552 27.4040 0.7135
v -10.7877 24.5386 1.2421
v -11.5317 24.5839 2.0808
v -12.0552 27.4040 0.7135
v -11.5317 24.5839 2.0808
v -13.5563 24.6368 0.2822
v -12.6507 24.6315 2.1471
v -11.5317 24.5839 2.0808
v -11.6934 24.5440 -0.6228
v -13.5563 24.6368 0.2822
v -11.5317 24.5839 2.0808
v -10.7877 24.5386 1.2421
v -11.6934 24.5440 -0.6228
v -11.6087 25.9929 1.7776
v -13.1523 26.0476 1.2424
v -11.9968 28.8121 0.6892
v -13.1523 26.0476 1.2424
v -12.6185 25.9988 -0.3019
v -11.9968 28.8121 0.6892
v -12.6185 25.9988 -0.3019
v -11.0750 25.9441 0.2333
v -11.9968 28.8121 0.6892
v -11.0750 25.9441 0.2333
v -11.6087 25.9929 1.7776
v -11.9968 28.8121 0.6892
v -11.6087 25.9929 1.7776
v -12.6185 25.9988 -0.3019
v -13.1523 26.0476 1.2424
v -11.6087 25.9929 1.7776
v -11.0750 25.9441 0.2333
v -12.6185 25.9988 -0.3019
v -12.3222 27.4284 1.4860
v -12.8274 27.4314 0.4458
v -11.9384 30.2203 0.6649
v -12.8274 27.4314 0.4458
v -11.7882 27.3796 -0.0590
v -11.9384 30.2203 0.6649
v -11.7882 27.3796 -0.0590
v -11.2831 27.3766 0.9813
v -11.9384 30.2203 0.6649
v -11.2831 27.3766 0.9813
v -12.3222 27.4284 1.4860
v -11.9384 30.2203 0.6649
v -12.3222 27.4284 1.4860
v -11.7882 27.3796 -0.0590
v -12.8274 27.4314 0.4458
v -12.3222 27.4284 1.4860
v -11.2831 27.3766 0.9813
v -11.7882 27.3796 -0.0590
v -14.6724 20.3640 47.2770
v -14.9245 20.3903 48.1699
v -15.7276 22.7687 47.3906
v -14.9245 20.3903 48.1699
v -16.6243 20.4999 48.3690
v -15.7276 22.7687 47.3906
v -16.6243 20.4999 48.3690
v -16.8243 20.4926 46.6657
v -15.7276 22.7687 47.3906
v -16.8243 20.4926 46.6657
v -15.1245 20.3830 46.4666
v -15.7276 22.7687 47.3906
v -15.1245 20.3830 46.4666
v -14.6724 20.3640 47.2770
v -15.7276 22.7687 47.3906
v -14.6724 20.3640 47.2770
v -16.6243 20.4999 48.3690
v -14.9245 20.3903 48.1699
v -14.6724 20.3640 47.2770
v -16.8243 20.4926 46.6657
v -16.6243 20.4999 48.3690
v -14.6724 20.3640 47.2770
v -15.1245 20.3830 46.4666
v -16.8243 20.4926 46.6657
v -14.8533 21.5440 47.2932
v -15.6895 21.6091 48.3538
v -15.6541 23.9323 47.3770
v -15.6895 21.6091 48.3538
v -16.7487 21.6662 47.5152
v -15.6541 23.9323 47.3770
v -16.7487 21.6662 47.5152
v -15.9125 21.6010 46.4546
v -15.6541 23.9323 47.3770
v -15.9125 21.6010 46.4546
v -14.8533 21.5440 47.2932
v -15.6541 23.9323 47.3770
v -14.8533 21.5440 47.2932
v -16.7487 21.6662 47.5152
v -15.6895 21.6091 48.3538
v -14.8533 21.5440 47.2932
v -15.9125 21.6010 46.4546
v -16.7487 21.6662 47.5152
v -15.1977 22.7401 47.8101
v -16.1459 22.8013 47.9211
v -15.5807 25.0959 47.3634
v -16.1459 22.8013 47.9211
v -16.2574 22.7972 46.9711
v -15.5807 25.0959 47.3634
v -16.2574 22.7972 46.9711
v -15.3092 22.7361 46.8600
v -15.5807 25.0959 47.3634
v -15.3092 22.7361 46.8600
v -15.1977 22.7401 47.8101
v -15.5807 25.0959 47.3634
v -15.1977 22.7401 47.8101
v -16.2574 22.7972 46.9711
v -16.1459 22.8013 47.9211
v -15.1977 22.7401 47.8101
v -15.3092 22.7361 46.8600
v -16.2574 22.7972 46.9711
v -45.4699 20.8531 49.7005
v -44.7340 20.8298 50.3449
v -45.7970 23.3265 50.9063
v -44.7340 20.8298 50.3449
v -45.3130 20.8528 52.0575
v -45.7970 23.3265 50.9063
v -45.3130 20.8528 52.0575
v -47.0247 20.9090 51.4781
v -45.7970 23.3265 50.9063
v -47.0247 20.9090 51.4781
v -46.4457 20.8860 49.7655
v -45.7970 23.3265 50.9063
v -46.4457 20.8860 49.7655
v -45.4699 20.8531 49.7005
v -45.7970 23.3265 50.9063
v -45.4699 20.8531 49.7005
v -45.3130 20.8528 52.0575
v -44.7340 20.8298 50.3449
v -45.4699 20.8531 49.7005
v -47.0247 20.9090 51.4781
v -45.3130 20.8528 52.0575
v -45.4699 20.8531 49.7005
v -46.4457 20.8860 49.7655
v -47.0247 20.9090 51.4781
v -45.5154 22.0851 49.9541
v -44.8839 22.0667 51.2320
v -45.7558 24.5551 50.9037
v -44.8839 22.0667 51.2320
v -46.1610 22.1108 51.8637
v -45.7558 24.5551 50.9037
v -46.1610 22.1108 51.8637
v -46.7924 22.1293 50.5859
v -45.7558 24.5551 50.9037
v -46.7924 22.1293 50.5859
v -45.5154 22.0851 49.9541
v -45.7558 24.5551 50.9037
v -45.5154 22.0851 49.9541
v -46.1610 22.1108 51.8637
v -44.8839 22.0667 51.2320
v -45.5154 22.0851 49.9541
v -46.7924 22.1293 50.5859
v -46.1610 22.1108 51.8637
v -45.1581 23.3044 50.5903
v -45.4811 23.3173 51.5456
v -45.7146 25.7836 50.9012
v -45.4811 23.3173 51.5456
v -46.4358 23.3486 51.2224
v -45.7146 25.7836 50.9012
v -46.4358 23.3486 51.2224
v -46.1129 23.3358 50.2671
v -45.7146 25.7836 50.9012
v -46.1129 23.3358 50.2671
v -45.1581 23.3044 50.5903
v -45.7146 25.7836 50.9012
v -45.1581 23.3044 50.5903
v -46.4358 23.3486 51.2224
v -45.4811 23.3173 51.5456
v -45.1581 23.3044 50.5903
v -46.1129 23.3358 50.2671
v -46.4358 23.3486 51.2224
v 25.9102 24.8075 -3.8827
v 27.2431 24.7627 -3.4445
v 26.1742 28.3390 -2.0761
v 27.2431 24.7627 -3.4445
v 27.4384 24.7721 -0.8579
v 26.1742 28.3390 -2.0761
v 27.4384 24.7721 -0.8579
v 24.8535 24.8656 -0.6631
v 26.1742 28.3390 -2.0761
v 24.8535 24.8656 -0.6631
v 24.6582 24.8562 -3.2496
v 26.1742 28.3390 -2.0761
v 24.6582 24.8562 -3.2496
v 25.9102 24.8075 -3.8827
v 26.1742 28.3390 -2.0761
v 25.9102 24.8075 -3.8827
v 27.4384 24.7721 -0.8579
v 27.2431 24.7627 -3.4445
v 25.9102 24.8075 -3.8827
v 24.8535 24.8656 -0.6631
v 27.4384 24.7721 -0.8579
v 25.9102 24.8075 -3.8827
v 24.6582 24.8562 -3.2496
v 24.8535 24.8656 -0.6631
v 26.0024 26.5714 -3.5070
v 27.5524 26.5244 -2.1736
v 26.2371 30.1015 -2.0872
v 27.5524 26.5244 -2.1736
v 26.2201 26.5818 -0.6229
v 26.2371 30.1015 -2.0872
v 26.2201 26.5818 -0.6229
v 24.6701 26.6287 -1.9563
v 26.2371 30.1015 -2.0872
v 24.6701 26.6287 -1.9563
v 26.0024 26.5714 -3.5070
v 26.2371 30.1015 -2.0872
v 26.0024 26.5714 -3.5070
v 26.2201 26.5818 -0.6229
v 27.5524 26.5244 -2.1736
v 26.0024 26.5714 -3.5070
v 24.6701 26.6287 -1.9563
v 26.2201 26.5818 -0.6229
v 26.8406 28.3103 -2.8518
v 26.9496 28.3156 -1.4090
v 26.3001 31.8639 -2.0984
v 26.9496 28.3156 -1.4090
v 25.5077 28.3677 -1.3004
v 26.3001 31.8639 -2.0984
v 25.5077 28.3677 -1.3004
v 25.3988 28.3625 -2.7431
v 26.3001 31.8639 -2.0984
v 25.3988 28.3625 -2.7431
v 26.8406 28.3103 -2.8518
v 26.3001 31.8639 -2.0984
v 26.8406 28.3103 -2.8518
v 25.5077 28.3677 -1.3004
v 26.9496 28.3156 -1.4090
v 26.8406 28.3103 -2.8518
v 25.3988 28.3625 -2.7431
v 25.5077 28.3677 -1.3004
v 0.4910 21.3095 34.9218
v 0.3708 21.3145 35.7796
v -0.5015 23.5347 35.2073
v 0.3708 21.3145 35.7796
v -1.1769 21.3868 36.1809
v -0.5015 23.5347 35.2073
v -1.1769 21.3868 36.1809
v -1.5777 21.4068 34.6314
v -0.5015 23.5347 35.2073
v -1.5777 21.4068 34.6314
v -0.0300 21.3345 34.2301
v -0.5015 23.5347 35.2073
v -0.0300 21.3345 34.2301
v 0.4910 21.3095 34.9218
v -0.5015 23.5347 35.2073
v 0.4910 21.3095 34.9218
v -1.1769 21.3868 36.1809
v 0.3708 21.3145 35.7796
v 0.4910 21.3095 34.9218
v -1.5777 21.4068 34.6314
v -1.1769 21.3868 36.1809
v 0.4910 21.3095 34.9218
v -0.0300 21.3345 34.2301
v -1.5777 21.4068 34.6314
v 0.3105 22.4074 34.9827
v -0.3290 22.4365 36.0703
v -0.4505 24.6218 35.2081
v -0.3290 22.4365 36.0703
v -1.4154 22.4880 35.4301
v -0.4505 24.6218 35.2081
v -1.4154 22.4880 35.4301
v -0.7759 22.4589 34.3425
v -0.4505 24.6218 35.2081
v -0.7759 22.4589 34.3425
v 0.3105 22.4074 34.9827
v -0.4505 24.6218 35.2081
v 0.3105 22.4074 34.9827
v -1.4154 22.4880 35.4301
v -0.3290 22.4365 36.0703
v 0.3105 22.4074 34.9827
v -0.7759 22.4589 34.3425
v -1.4154 22.4880 35.4301
v 0.0420 23.5090 35.5275
v -0.8214 23.5493 35.7513
v -0.3995 25.7088 35.2090
v -0.8214 23.5493 35.7513
v -1.0449 23.5605 34.8870
v -0.3995 25.7088 35.2090
v -1.0449 23.5605 34.8870
v -0.1816 23.5202 34.6632
v -0.3995 25.7088 35.2090
v -0.1816 23.5202 34.6632
v 0.0420 23.5090 35.5275
v -0.3995 25.7088 35.2090
v 0.0420 23.5090 35.5275
v -1.0449 23.5605 34.8870
v -0.8214 23.5493 35.7513
v 0.0420 23.5090 35.5275
v -0.1816 23.5202 34.6632
v -1.0449 23.5605 34.8870
v -18.0202 25.8265 -12.7506
v -17.4738 25.7614 -13.8986
v -16.1124 28.8857 -12.7219
v -17.4738 25.7614 -13.8986
v -15.1318 25.5788 -13.7719
v -16.1124 28.8857 -12.7219
v -15.1318 25.5788 -13.7719
v -15.2547 25.6334 -11.4233
v -16.1124 28.8857 -12.7219
v -15.2547 25.6334 -11.4233
v -17.5966 25.8159 -11.5500
v -16.1124 28.8857 -12.7219
v -17.5966 25.8159 -11.5500
v -18.0202 25.8265 -12.7506
v -16.1124 28.8857 -12.7219
v -18.0202 25.8265 -12.7506
v -15.1318 25.5788 -13.7719
v -17.4738 25.7614 -13.8986
v -18.0202 25.8265 -12.7506
v -15.2547 25.6334 -11.4233
v -15.1318 25.5788 -13.7719
v -18.0202 25.8265 -12.7506
v -17.5966 25.8159 -11.5500
v -15.2547 25.6334 -11.4233
v -17.5440 27.3933 -12.7621
v -16.1698 27.2611 -14.0008
v -15.9865 30.4799 -12.7523
v -16.1698 27.2611 -14.0008
v -14.9326 27.1898 -12.6208
v -15.9865 30.4799 -12.7523
v -14.9326 27.1898 -12.6208
v -16.3068 27.3220 -11.3820
v -15.9865 30.4799 -12.7523
v -16.3068 27.3220 -11.3820
v -17.5440 27.3933 -12.7621
v -15.9865 30.4799 -12.7523
v -17.5440 27.3933 -12.7621
v -14.9326 27.1898 -12.6208
v -16.1698 27.2611 -14.0008
v -17.5440 27.3933 -12.7621
v -16.3068 27.3220 -11.3820
v -14.9326 27.1898 -12.6208
v -16.7313 28.9214 -13.4122
v -15.4250 28.8196 -13.3415
v -15.8605 32.0741 -12.7828
v -15.4250 28.8196 -13.3415
v -15.4935 28.8500 -12.0315
v -15.8605 32.0741 -12.7828
v -15.4935 28.8500 -12.0315
v -16.7998 28.9519 -12.1022
v -15.8605 32.0741 -12.7828
v -16.7998 28.9519 -12.1022
v -16.7313 28.9214 -13.4122
v -15.8605 32.0741 -12.7828
v -16.7313 28.9214 -13.4122
v -15.4935 28.8500 -12.0315
v -15.4250 28.8196 -13.3415
v -16.7313 28.9214 -13.4122
v -16.7998 28.9519 -12.1022
v -15.4935 28.8500 -12.0315
v -41.8278 23.1437 14.0309
v -41.8449 23.1003 14.9169
v -42.8587 25.3722 14.5642
v -41.8449 23.1003 14.9169
v -43.3710 23.1039 15.5159
v -42.8587 25.3722 14.5642
v -43.3710 23.1039 15.5159
v -43.9690 23.1919 13.9920
v -42.8587 25.3722 14.5642
v -43.9690 23.1919 13.9920
v -42.4429 23.1884 13.3930
v -42.8587 25.3722 14.5642
v -42.4429 23.1884 13.3930
v -41.8278 23.1437 14.0309
v -42.8587 25.3722 14.5642
v -41.8278 23.1437 14.0309
v -43.3710 23.1039 15.5159
v -41.8449 23.1003 14.9169
v -41.8278 23.1437 14.0309
v -43.9690 23.1919 13.9920
v -43.3710 23.1039 15.5159
v -41.8278 23.1437 14.0309
v -42.4429 23.1884 13.3930
v -43.9690 23.1919 13.9920
v -42.0320 24.2572 14.1754
v -42.5494 24.2101 15.3590
v -42.8346 26.4853 14.6191
v -42.5494 24.2101 15.3590
v -43.7337 24.2611 14.8433
v -42.8346 26.4853 14.6191
v -43.7337 24.2611 14.8433
v -43.2162 24.3083 13.6597
v -42.8346 26.4853 14.6191
v -43.2162 24.3083 13.6597
v -42.0320 24.2572 14.1754
v -42.8346 26.4853 14.6191
v -42.0320 24.2572 14.1754
v -43.7337 24.2611 14.8433
v -42.5494 24.2101 15.3590
v -42.0320 24.2572 14.1754
v -43.2162 24.3083 13.6597
v -43.7337 24.2611 14.8433
v -42.2663 25.3467 14.8222
v -43.1176 25.3486 15.1563
v -42.8105 27.5983 14.6739
v -43.1176 25.3486 15.1563
v -43.4511 25.3978 14.3062
v -42.8105 27.5983 14.6739
v -43.4511 25.3978 14.3062
v -42.5999 25.3958 13.9721
v -42.8105 27.5983 14.6739
v -42.5999 25.3958 13.9721
v -42.2663 25.3467 14.8222
v -42.8105 27.5983 14.6739
v -42.2663 25.3467 14.8222
v -43.4511 25.3978 14.3062
v -43.1176 25.3486 15.1563
v -42.2663 25.3467 14.8222
v -42.5999 25.3958 13.9721
v -43.4511 25.3978 14.3062
v -22.8299 21.8430 28.0043
v -23.6000 21.8157 28.3892
v -23.7459 23.9872 27.2873
v -23.6000 21.8157 28.3892
v -24.8018 21.7889 27.3459
v -23.7459 23.9872 27.2873
v -24.8018 21.7889 27.3459
v -23.7593 21.8323 26.1440
v -23.7459 23.9872 27.2873
v -23.7593 21.8323 26.1440
v -22.5575 21.8592 27.1873
v -23.7459 23.9872 27.2873
v -22.5575 21.8592 27.1873
v -22.8299 21.8430 28.0043
v -23.7459 23.9872 27.2873
v -22.8299 21.8430 28.0043
v -24.8018 21.7889 27.3459
v -23.6000 21.8157 28.3892
v -22.8299 21.8430 28.0043
v -23.7593 21.8323 26.1440
v -24.8018 21.7889 27.3459
v -22.8299 21.8430 28.0043
v -22.5575 21.8592 27.1873
v -23.7593 21.8323 26.1440
v -23.0428 22.9206 27.8586
v -24.2940 22.8814 27.9471
v -23.7791 25.0688 27.2977
v -24.2940 22.8814 27.9471
v -24.3828 22.8907 26.6953
v -23.7791 25.0688 27.2977
v -24.3828 22.8907 26.6953
v -23.1316 22.9298 26.6069
v -23.7791 25.0688 27.2977
v -23.1316 22.9298 26.6069
v -23.0428 22.9206 27.8586
v -23.7791 25.0688 27.2977
v -23.0428 22.9206 27.8586
v -24.3828 22.8907 26.6953
v -24.2940 22.8814 27.9471
v -23.0428 22.9206 27.8586
v -23.1316 22.9298 26.6069
v -24.3828 22.8907 26.6953
v -23.7015 23.9826 27.9135
v -24.3718 23.9676 27.3316
v -23.8122 26.1504 27.3080
v -24.3718 23.9676 27.3316
v -23.7903 23.9919 26.6611
v -23.8122 26.1504 27.3080
v -23.7903 23.9919 26.6611
v -23.1200 24.0068 27.2431
v -23.8122 26.1504 27.3080
v -23.1200 24.0068 27.2431
v -23.7015 23.9826 27.9135
v -23.8122 26.1504 27.3080
v -23.7015 23.9826 27.9135
v -23.7903 23.9919 26.6611
v -24.3718 23.9676 27.3316
v -23.7015 23.9826 27.9135
v -23.1200 24.0068 27.2431
v -23.7903 23.9919 26.6611
v 26.9993 22.3484 16.8260
v 28.0761 22.4764 17.1119
v 26.8579 25.1579 18.3002
v 28.0761 22.4764 17.1119
v 28.3547 22.4936 19.1651
v 26.8579 25.1579 18.3002
v 28.3547 22.4936 19.1651
v 26.3165 22.2449 19.4438
v 26.8579 25.1579 18.3002
v 26.3165 22.2449 19.4438
v 26.0379 22.2276 17.3905
v 26.8579 25.1579 18.3002
v 26.0379 22.2276 17.3905
v 26.9993 22.3484 16.8260
v 26.8579 25.1579 18.3002
v 26.9993 22.3484 16.8260
v 28.3547 22.4936 19.1651
v 28.0761 22.4764 17.1119
v 26.9993 22.3484 16.8260
v 26.3165 22.2449 19.4438
v 28.3547 22.4936 19.1651
v 26.9993 22.3484 16.8260
v 26.0379 22.2276 17.3905
v 26.3165 22.2449 19.4438
v 26.8718 23.7496 17.1443
v 28.1635 23.8979 18.1337
v 26.6888 26.5565 18.3114
v 28.1635 23.8979 18.1337
v 27.1825 23.7689 19.4338
v 26.6888 26.5565 18.3114
v 27.1825 23.7689 19.4338
v 25.8908 23.6206 18.4444
v 26.6888 26.5565 18.3114
v 25.8908 23.6206 18.4444
v 26.8718 23.7496 17.1443
v 26.6888 26.5565 18.3114
v 26.8718 23.7496 17.1443
v 27.1825 23.7689 19.4338
v 28.1635 23.8979 18.1337
v 26.8718 23.7496 17.1443
v 25.8908 23.6206 18.4444
v 27.1825 23.7689 19.4338
v 27.3487 25.2225 17.6499
v 27.5041 25.2321 18.7952
v 26.5196 27.9552 18.3226
v 27.5041 25.2321 18.7952
v 26.3672 25.0933 18.9506
v 26.5196 27.9552 18.3226
v 26.3672 25.0933 18.9506
v 26.2118 25.0837 17.8053
v 26.5196 27.9552 18.3226
v 26.2118 25.0837 17.8053
v 27.3487 25.2225 17.6499
v 26.5196 27.9552 18.3226
v 27.3487 25.2225 17.6499
v 26.3672 25.0933 18.9506
v 27.5041 25.2321 18.7952
v 27.3487 25.2225 17.6499
v 26.2118 25.0837 17.8053
v 26.3672 25.0933 18.9506
v -44.0202 21.3918 37.6927
v -43.1765 21.5019 36.9451
v -43.0248 24.3592 38.3952
v -43.1765 21.5019 36.9451
v -41.3088 21.7006 37.8686
v -43.0248 24.3592 38.3952
v -41.3088 21.7006 37.8686
v -42.2227 21.5626 39.7464
v -43.0248 24.3592 38.3952
v -42.2227 21.5626 39.7464
v -44.0904 21.3639 38.8229
v -43.0248 24.3592 38.3952
v -44.0904 21.3639 38.8229
v -44.0202 21.3918 37.6927
v -43.0248 24.3592 38.3952
v -44.0202 21.3918 37.6927
v -41.3088 21.7006 37.8686
v -43.1765 21.5019 36.9451
v -44.0202 21.3918 37.6927
v -42.2227 21.5626 39.7464
v -41.3088 21.7006 37.8686
v -44.0202 21.3918 37.6927
v -44.0904 21.3639 38.8229
v -42.2227 21.5626 39.7464
v -43.9034 22.8349 37.8556
v -42.3527 23.0226 37.3235
v -43.1873 25.7726 38.4199
v -42.3527 23.0226 37.3235
v -41.8209 23.0565 38.8853
v -43.1873 25.7726 38.4199
v -41.8209 23.0565 38.8853
v -43.3717 22.8688 39.4174
v -43.1873 25.7726 38.4199
v -43.3717 22.8688 39.4174
v -43.9034 22.8349 37.8556
v -43.1873 25.7726 38.4199
v -43.9034 22.8349 37.8556
v -41.8209 23.0565 38.8853
v -42.3527 23.0226 37.3235
v -43.9034 22.8349 37.8556
v -43.3717 22.8688 39.4174
v -41.8209 23.0565 38.8853
v -43.2908 24.3422 37.6139
v -42.2490 24.4530 38.1290
v -43.3499 27.1861 38.4446
v -42.2490 24.4530 38.1290
v -42.7588 24.3761 39.1764
v -43.3499 27.1861 38.4446
v -42.7588 24.3761 39.1764
v -43.8005 24.2653 38.6613
v -43.3499 27.1861 38.4446
v -43.8005 24.2653 38.6613
v -43.2908 24.3422 37.6139
v -43.3499 27.1861 38.4446
v -43.2908 24.3422 37.6139
v -42.7588 24.3761 39.1764
v -42.2490 24.4530 38.1290
v -43.2908 24.3422 37.6139
v -43.8005 24.2653 38.6613
v -42.7588 24.3761 39.1764
v -39.4691 25.2518 -12.9691
v -38.9536 25.3170 -13.9180
v -38.0500 27.9458 -12.6296
v -38.9536 25.3170 -13.9180
v -36.9654 25.2925 -13.7116
v -38.0500 27.9458 -12.6296
v -36.9654 25.2925 -13.7116
v -37.1730 25.1519 -11.7284
v -38.0500 27.9458 -12.6296
v -37.1730 25.1519 -11.7284
v -39.1612 25.1764 -11.9348
v -38.0500 27.9458 -12.6296
v -39.1612 25.1764 -11.9348
v -39.4691 25.2518 -12.9691
v -38.0500 27.9458 -12.6296
v -39.4691 25.2518 -12.9691
v -36.9654 25.2925 -13.7116
v -38.9536 25.3170 -13.9180
v -39.4691 25.2518 -12.9691
v -37.1730 25.1519 -11.7284
v -36.9654 25.2925 -13.7116
v -39.4691 25.2518 -12.9691
v -39.1612 25.1764 -11.9348
v -37.1730 25.1519 -11.7284
v -39.1651 26.6038 -12.8415
v -37.9409 26.6685 -13.8321
v -38.0434 29.3015 -12.5328
v -37.9409 26.6685 -13.8321
v -36.9482 26.5765 -12.6113
v -38.0434 29.3015 -12.5328
v -36.9482 26.5765 -12.6113
v -38.1724 26.5118 -11.6207
v -38.0434 29.3015 -12.5328
v -38.1724 26.5118 -11.6207
v -39.1651 26.6038 -12.8415
v -38.0434 29.3015 -12.5328
v -39.1651 26.6038 -12.8415
v -36.9482 26.5765 -12.6113
v -37.9409 26.6685 -13.8321
v -39.1651 26.6038 -12.8415
v -38.1724 26.5118 -11.6207
v -36.9482 26.5765 -12.6113
v -38.5466 27.9919 -13.2403
v -37.4376 27.9782 -13.1251
v -38.0368 30.6572 -12.4360
v -37.4376 27.9782 -13.1251
v -37.5534 27.8998 -12.0189
v -38.0368 30.6572 -12.4360
v -37.5534 27.8998 -12.0189
v -38.6624 27.9134 -12.1340
v -38.0368 30.6572 -12.4360
v -38.6624 27.9134 -12.1340
v -38.5466 27.9919 -13.2403
v -38.0368 30.6572 -12.4360
v -38.5466 27.9919 -13.2403
v -37.5534 27.8998 -12.0189
v -37.4376 27.9782 -13.1251
v -38.5466 27.9919 -13.2403
v -38.6624 27.9134 -12.1340
v -37.5534 27.8998 -12.0189
v -48.8075 21.9385 36.8152
v -48.6974 21.9494 37.7938
v -49.7616 24.4955 37.3896
v -48.6974 21.9494 37.7938
v -50.2863 22.0750 38.6719
v -49.7616 24.4955 37.3896
v -50.2863 22.0750 38.6719
v -51.1646 22.1053 37.0785
v -49.7616 24.4955 37.3896
v -51.1646 22.1053 37.0785
v -49.5757 21.9797 36.2003
v -49.7616 24.4955 37.3896
v -49.5757 21.9797 36.2003
v -48.8075 21.9385 36.8152
v -49.7616 24.4955 37.3896
v -48.8075 21.9385 36.8152
v -50.2863 22.0750 38.6719
v -48.6974 21.9494 37.7938
v -48.8075 21.9385 36.8152
v -51.1646 22.1053 37.0785
v -50.2863 22.0750 38.6719
v -48.8075 21.9385 36.8152
v -49.5757 21.9797 36.2003
v -51.1646 22.1053 37.0785
v -48.9605 23.1914 36.9233
v -49.3566 23.2446 38.3013
v -49.6769 25.7296 37.3664
v -49.3566 23.2446 38.3013
v -50.7321 23.3315 37.9025
v -49.6769 25.7296 37.3664
v -50.7321 23.3315 37.9025
v -50.3360 23.2783 36.5245
v -49.6769 25.7296 37.3664
v -50.3360 23.2783 36.5245
v -48.9605 23.1914 36.9233
v -49.6769 25.7296 37.3664
v -48.9605 23.1914 36.9233
v -50.7321 23.3315 37.9025
v -49.3566 23.2446 38.3013
v -48.9605 23.1914 36.9233
v -50.3360 23.2783 36.5245
v -50.7321 23.3315 37.9025
v -49.0735 24.4521 37.5891
v -49.9597 24.5221 38.0789
v -49.5922 26.9637 37.3432
v -49.9597 24.5221 38.0789
v -50.4496 24.5390 37.1902
v -49.5922 26.9637 37.3432
v -50.4496 24.5390 37.1902
v -49.5634 24.4690 36.7003
v -49.5922 26.9637 37.3432
v -49.5634 24.4690 36.7003
v -49.0735 24.4521 37.5891
v -49.5922 26.9637 37.3432
v -49.0735 24.4521 37.5891
v -50.4496 24.5390 37.1902
v -49.9597 24.5221 38.0789
v -49.0735 24.4521 37.5891
v -49.5634 24.4690 36.7003
v -50.4496 24.5390 37.1902
v -6.1986 21.3896 25.0667
v -5.9954 21.3497 24.3458
v -5.3387 23.3152 24.8121
v -5.9954 21.3497 24.3458
v -4.6215 21.4192 24.1773
v -5.3387 23.3152 24.8121
v -4.6215 21.4192 24.1773
v -4.4588 21.5279 25.5493
v -5.3387 23.3152 24.8121
v -4.4588 21.5279 25.5493
v -5.8327 21.4584 25.7178
v -5.3387 23.3152 24.8121
v -5.8327 21.4584 25.7178
v -6.1986 21.3896 25.0667
v -5.3387 23.3152 24.8121
v -6.1986 21.3896 25.0667
v -4.6215 21.4192 24.1773
v -5.9954 21.3497 24.3458
v -6.1986 21.3896 25.0667
v -4.4588 21.5279 25.5493
v -4.6215 21.4192 24.1773
v -6.1986 21.3896 25.0667
v -5.8327 21.4584 25.7178
v -4.4588 21.5279 25.5493
v -6.0489 22.3382 24.9738
v -5.3736 22.3164 24.1149
v -5.3945 24.2534 24.7444
v -5.3736 22.3164 24.1149
v -4.5169 22.4157 24.7859
v -5.3945 24.2534 24.7444
v -4.5169 22.4157 24.7859
v -5.1922 22.4376 25.6448
v -5.3945 24.2534 24.7444
v -5.1922 22.4376 25.6448
v -6.0489 22.3382 24.9738
v -5.3945 24.2534 24.7444
v -6.0489 22.3382 24.9738
v -4.5169 22.4157 24.7859
v -5.3736 22.3164 24.1149
v -6.0489 22.3382 24.9738
v -5.1922 22.4376 25.6448
v -4.5169 22.4157 24.7859
v -5.7672 23.2655 24.4764
v -5.0009 23.3042 24.3825
v -5.4503 25.1916 24.6766
v -5.0009 23.3042 24.3825
v -4.9101 23.3649 25.1478
v -5.4503 25.1916 24.6766
v -4.9101 23.3649 25.1478
v -5.6765 23.3261 25.2417
v -5.4503 25.1916 24.6766
v -5.6765 23.3261 25.2417
v -5.7672 23.2655 24.4764
v -5.4503 25.1916 24.6766
v -5.7672 23.2655 24.4764
v -4.9101 23.3649 25.1478
v -5.0009 23.3042 24.3825
v -5.7672 23.2655 24.4764
v -5.6765 23.3261 25.2417
v -4.9101 23.3649 25.1478
v 48.7714 24.6958 -13.8145
v 48.2937 24.6513 -13.2300
v 47.7643 26.5763 -14.0052
v 48.2937 24.6513 -13.2300
v 46.9560 24.6282 -13.6332
v 47.7643 26.5763 -14.0052
v 46.9560 24.6282 -13.6332
v 47.3574 24.7077 -14.9693
v 47.7643 26.5763 -14.0052
v 47.3574 24.7077 -14.9693
v 48.6951 24.7308 -14.5661
v 47.7643 26.5763 -14.0052
v 48.6951 24.7308 -14.5661
v 48.7714 24.6958 -13.8145
v 47.7643 26.5763 -14.0052
v 48.7714 24.6958 -13.8145
v 46.9560 24.6282 -13.6332
v 48.2937 24.6513 -13.2300
v 48.7714 24.6958 -13.8145
v 47.3574 24.7077 -14.9693
v 46.9560 24.6282 -13.6332
v 48.7714 24.6958 -13.8145
v 48.6951 24.7308 -14.5661
v 47.3574 24.7077 -14.9693
v 48.5407 25.6407 -13.8276
v 47.5712 25.5835 -13.3075
v 47.7337 27.5247 -13.9580
v 47.5712 25.5835 -13.3075
v 47.0491 25.6150 -14.2773
v 47.7337 27.5247 -13.9580
v 47.0491 25.6150 -14.2773
v 48.0187 25.6722 -14.7973
v 47.7337 27.5247 -13.9580
v 48.0187 25.6722 -14.7973
v 48.5407 25.6407 -13.8276
v 47.7337 27.5247 -13.9580
v 48.5407 25.6407 -13.8276
v 47.0491 25.6150 -14.2773
v 47.5712 25.5835 -13.3075
v 48.5407 25.6407 -13.8276
v 48.0187 25.6722 -14.7973
v 47.0491 25.6150 -14.2773
v 48.0255 26.5605 -13.5201
v 47.2793 26.5476 -13.7450
v 47.7031 28.4730 -13.9107
v 47.2793 26.5476 -13.7450
v 47.5032 26.5920 -14.4903
v 47.7031 28.4730 -13.9107
v 47.5032 26.5920 -14.4903
v 48.2493 26.6049 -14.2654
v 47.7031 28.4730 -13.9107
v 48.2493 26.6049 -14.2654
v 48.0255 26.5605 -13.5201
v 47.7031 28.4730 -13.9107
v 48.0255 26.5605 -13.5201
v 47.5032 26.5920 -14.4903
v 47.2793 26.5476 -13.7450
v 48.0255 26.5605 -13.5201
v 48.2493 26.6049 -14.2654
v 47.5032 26.5920 -14.4903
v -14.0947 25.7677 -15.0189
v -15.0270 25.6960 -15.5818
v -14.0853 28.5116 -16.4420
v -15.0270 25.6960 -15.5818
v -14.7272 25.7088 -17.5762
v -14.0853 28.5116 -16.4420
v -14.7272 25.7088 -17.5762
v -12.7384 25.8575 -17.2763
v -14.0853 28.5116 -16.4420
v -12.7384 25.8575 -17.2763
v -13.0382 25.8447 -15.2820
v -14.0853 28.5116 -16.4420
v -13.0382 25.8447 -15.2820
v -14.0947 25.7677 -15.0189
v -14.0853 28.5116 -16.4420
v -14.0947 25.7677 -15.0189
v -14.7272 25.7088 -17.5762
v -15.0270 25.6960 -15.5818
v -14.0947 25.7677 -15.0189
v -12.7384 25.8575 -17.2763
v -14.7272 25.7088 -17.5762
v -14.0947 25.7677 -15.0189
v -13.0382 25.8447 -15.2820
v -12.7384 25.8575 -17.2763
v -14.1511 27.1371 -15.3236
v -15.0928 27.0613 -16.6027
v -14.1866 29.8791 -16.4484
v -15.0928 27.0613 -16.6027
v -13.8169 27.1513 -17.5474
v -14.1866 29.8791 -16.4484
v -13.8169 27.1513 -17.5474
v -12.8752 27.2271 -16.2683
v -14.1866 29.8791 -16.4484
v -12.8752 27.2271 -16.2683
v -14.1511 27.1371 -15.3236
v -14.1866 29.8791 -16.4484
v -14.1511 27.1371 -15.3236
v -13.8169 27.1513 -17.5474
v -15.0928 27.0613 -16.6027
v -14.1511 27.1371 -15.3236
v -12.8752 27.2271 -16.2683
v -13.8169 27.1513 -17.5474
v -14.7236 28.4666 -15.9694
v -14.5564 28.4737 -17.0818
v -14.2879 31.2465 -16.4549
v -14.5564 28.4737 -17.0818
v -13.4470 28.5567 -16.9145
v -14.2879 31.2465 -16.4549
v -13.4470 28.5567 -16.9145
v -13.6143 28.5496 -15.8021
v -14.2879 31.2465 -16.4549
v -13.6143 28.5496 -15.8021
v -14.7236 28.4666 -15.9694
v -14.2879 31.2465 -16.4549
v -14.7236 28.4666 -15.9694
v -13.4470 28.5567 -16.9145
v -14.5564 28.4737 -17.0818
v -14.7236 28.4666 -15.9694
v -13.6143 28.5496 -15.8021
v -13.4470 28.5567 -16.9145
v 0.9800 20.8720 42.9823
v 1.4181 20.8953 42.3642
v 2.0154 22.7216 43.3210
v 1.4181 20.8953 42.3642
v 2.7827 20.8251 42.6714
v 2.0154 22.7216 43.3210
v 2.7827 20.8251 42.6714
v 2.4718 20.7494 44.0349
v 2.0154 22.7216 43.3210
v 2.4718 20.7494 44.0349
v 1.1072 20.8196 43.7277
v 2.0154 22.7216 43.3210
v 1.1072 20.8196 43.7277
v 0.9800 20.8720 42.9823
v 2.0154 22.7216 43.3210
v 0.9800 20.8720 42.9823
v 2.7827 20.8251 42.6714
v 1.4181 20.8953 42.3642
v 0.9800 20.8720 42.9823
v 2.4718 20.7494 44.0349
v 2.7827 20.8251 42.6714
v 0.9800 20.8720 42.9823
v 1.1072 20.8196 43.7277
v 2.4718 20.7494 44.0349
v 1.2193 21.8112 43.0890
v 2.1535 21.8142 42.5001
v 2.0506 23.6713 43.3818
v 2.1535 21.8142 42.5001
v 2.7410 21.7328 43.4316
v 2.0506 23.6713 43.3818
v 2.7410 21.7328 43.4316
v 1.8068 21.7298 44.0205
v 2.0506 23.6713 43.3818
v 1.8068 21.7298 44.0205
v 1.2193 21.8112 43.0890
v 2.0506 23.6713 43.3818
v 1.2193 21.8112 43.0890
v 2.7410 21.7328 43.4316
v 2.1535 21.8142 42.5001
v 1.2193 21.8112 43.0890
v 1.8068 21.7298 44.0205
v 2.7410 21.7328 43.4316
v 1.7215 22.7623 42.8551
v 2.4827 22.7232 43.0265
v 2.0858 24.6209 43.4425
v 2.4827 22.7232 43.0265
v 2.3092 22.6809 43.7870
v 2.0858 24.6209 43.4425
v 2.3092 22.6809 43.7870
v 1.5480 22.7201 43.6156
v 2.0858 24.6209 43.4425
v 1.5480 22.7201 43.6156
v 1.7215 22.7623 42.8551
v 2.0858 24.6209 43.4425
v 1.7215 22.7623 42.8551
v 2.3092 22.6809 43.7870
v 2.4827 22.7232 43.0265
v 1.7215 22.7623 42.8551
v 1.5480 22.7201 43.6156
v 2.3092 22.6809 43.7870
v -45.0506 23.4813 8.1292
v -44.2436 23.4690 8.3304
v -44.8537 25.5771 9.1870
v -44.2436 23.4690 8.3304
v -44.0163 23.4775 9.8506
v -44.8537 25.5771 9.1870
v -44.0163 23.4775 9.8506
v -45.5363 23.5056 10.0777
v -44.8537 25.5771 9.1870
v -45.5363 23.5056 10.0777
v -45.7635 23.4972 8.5575
v -44.8537 25.5771 9.1870
v -45.7635 23.4972 8.5575
v -45.0506 23.4813 8.1292
v -44.8537 25.5771 9.1870
v -45.0506 23.4813 8.1292
v -44.0163 23.4775 9.8506
v -44.2436 23.4690 8.3304
v -45.0506 23.4813 8.1292
v -45.5363 23.5056 10.0777
v -44.0163 23.4775 9.8506
v -45.0506 23.4813 8.1292
v -45.7635 23.4972 8.5575
v -45.5363 23.5056 10.0777
v -44.9985 24.5275 8.3480
v -44.0244 24.5165 9.0689
v -44.8356 26.6219 9.1785
v -44.0244 24.5165 9.0689
v -44.7451 24.5369 10.0431
v -44.8356 26.6219 9.1785
v -44.7451 24.5369 10.0431
v -45.7192 24.5479 9.3221
v -44.8356 26.6219 9.1785
v -45.7192 24.5479 9.3221
v -44.9985 24.5275 8.3480
v -44.8356 26.6219 9.1785
v -44.9985 24.5275 8.3480
v -44.7451 24.5369 10.0431
v -44.0244 24.5165 9.0689
v -44.9985 24.5275 8.3480
v -45.7192 24.5479 9.3221
v -44.7451 24.5369 10.0431
v -44.4932 25.5669 8.6997
v -44.3664 25.5716 9.5477
v -44.8176 27.6668 9.1700
v -44.3664 25.5716 9.5477
v -45.2143 25.5873 9.6743
v -44.8176 27.6668 9.1700
v -45.2143 25.5873 9.6743
v -45.3410 25.5826 8.8264
v -44.8176 27.6668 9.1700
v -45.3410 25.5826 8.8264
v -44.4932 25.5669 8.6997
v -44.8176 27.6668 9.1700
v -44.4932 25.5669 8.6997
v -45.2143 25.5873 9.6743
v -44.3664 25.5716 9.5477
v -44.4932 25.5669 8.6997
v -45.3410 25.5826 8.8264
v -45.2143 25.5873 9.6743
v 23.3323 21.2621 26.4650
v 24.3003 21.2521 26.4682
v 23.8381 23.7233 27.5620
v 24.3003 21.2521 26.4682
v 24.9799 21.2945 28.1224
v 23.8381 23.7233 27.5620
v 24.9799 21.2945 28.1224
v 23.3253 21.3320 28.8012
v 23.8381 23.7233 27.5620
v 23.3253 21.3320 28.8012
v 22.6457 21.2896 27.1470
v 23.8381 23.7233 27.5620
v 22.6457 21.2896 27.1470
v 23.3323 21.2621 26.4650
v 23.8381 23.7233 27.5620
v 23.3323 21.2621 26.4650
v 24.9799 21.2945 28.1224
v 24.3003 21.2521 26.4682
v 23.3323 21.2621 26.4650
v 23.3253 21.3320 28.8012
v 24.9799 21.2945 28.1224
v 23.3323 21.2621 26.4650
v 22.6457 21.2896 27.1470
v 23.3253 21.3320 28.8012
v 23.4466 22.4840 26.6761
v 24.7479 22.4868 27.2199
v 23.8507 24.9390 27.5256
v 24.7479 22.4868 27.2199
v 24.2043 22.5313 28.5206
v 23.8507 24.9390 27.5256
v 24.2043 22.5313 28.5206
v 22.9029 22.5286 27.9768
v 23.8507 24.9390 27.5256
v 22.9029 22.5286 27.9768
v 23.4466 22.4840 26.6761
v 23.8507 24.9390 27.5256
v 23.4466 22.4840 26.6761
v 24.2043 22.5313 28.5206
v 24.7479 22.4868 27.2199
v 23.4466 22.4840 26.6761
v 22.9029 22.5286 27.9768
v 24.2043 22.5313 28.5206
v 24.1100 23.7010 26.9113
v 24.4891 23.7247 27.8340
v 23.8634 26.1546 27.4892
v 24.4891 23.7247 27.8340
v 23.5661 23.7456 28.2126
v 23.8634 26.1546 27.4892
v 23.5661 23.7456 28.2126
v 23.1871 23.7220 27.2899
v 23.8634 26.1546 27.4892
v 23.1871 23.7220 27.2899
v 24.1100 23.7010 26.9113
v 23.8634 26.1546 27.4892
v 24.1100 23.7010 26.9113
v 23.5661 23.7456 28.2126
v 24.4891 23.7247 27.8340
v 24.1100 23.7010 26.9113
v 23.1871 23.7220 27.2899
v 23.5661 23.7456 28.2126
v -27.7599 23.8407 2.6330
v -26.8705 23.8797 3.0059
v -27.8711 26.2634 3.8939
v -26.8705 23.8797 3.0059
v -26.8777 23.8795 4.7893
v -27.8711 26.2634 3.8939
v -26.8777 23.8795 4.7893
v -28.6594 23.8014 4.7821
v -27.8711 26.2634 3.8939
v -28.6594 23.8014 4.7821
v -28.6522 23.8017 2.9987
v -27.8711 26.2634 3.8939
v -28.6522 23.8017 2.9987
v -27.7599 23.8407 2.6330
v -27.8711 26.2634 3.8939
v -27.7599 23.8407 2.6330
v -26.8777 23.8795 4.7893
v -26.8705 23.8797 3.0059
v -27.7599 23.8407 2.6330
v -28.6594 23.8014 4.7821
v -26.8777 23.8795 4.7893
v -27.7599 23.8407 2.6330
v -28.6522 23.8017 2.9987
v -28.6594 23.8014 4.7821
v -27.8140 25.0521 2.8997
v -26.8247 25.0955 3.8979
v -27.9241 27.4747 3.8938
v -26.8247 25.0955 3.8979
v -27.8220 25.0518 4.8882
v -27.9241 27.4747 3.8938
v -27.8220 25.0518 4.8882
v -28.8114 25.0085 3.8899
v -27.9241 27.4747 3.8938
v -28.8114 25.0085 3.8899
v -27.8140 25.0521 2.8997
v -27.9241 27.4747 3.8938
v -27.8140 25.0521 2.8997
v -27.8220 25.0518 4.8882
v -26.8247 25.0955 3.8979
v -27.8140 25.0521 2.8997
v -28.8114 25.0085 3.8899
v -27.8220 25.0518 4.8882
v -27.3722 26.2852 3.3985
v -27.3762 26.2851 4.3932
v -27.9772 28.6861 3.8937
v -27.3762 26.2851 4.3932
v -28.3700 26.2415 4.3893
v -27.9772 28.6861 3.8937
v -28.3700 26.2415 4.3893
v -28.3660 26.2416 3.3945
v -27.9772 28.6861 3.8937
v -28.3660 26.2416 3.3945
v -27.3722 26.2852 3.3985
v -27.9772 28.6861 3.8937
v -27.3722 26.2852 3.3985
v -28.3700 26.2415 4.3893
v -27.3762 26.2851 4.3932
v -27.3722 26.2852 3.3985
v -28.3660 26.2416 3.3945
v -28.3700 26.2415 4.3893
v -47.7564 23.1931 17.6850
v -48.5850 23.2480 18.4538
v -48.9192 26.1125 17.0559
v -48.5850 23.2480 18.4538
v -50.4811 23.3635 17.5797
v -48.9192 26.1125 17.0559
v -50.4811 23.3635 17.5797
v -49.6092 23.3014 15.6802
v -48.9192 26.1125 17.0559
v -49.6092 23.3014 15.6802
v -47.7131 23.1860 16.5542
v -48.9192 26.1125 17.0559
v -47.7131 23.1860 16.5542
v -47.7564 23.1931 17.6850
v -48.9192 26.1125 17.0559
v -47.7564 23.1931 17.6850
v -50.4811 23.3635 17.5797
v -48.5850 23.2480 18.4538
v -47.7564 23.1931 17.6850
v -49.6092 23.3014 15.6802
v -50.4811 23.3635 17.5797
v -47.7564 23.1931 17.6850
v -47.7131 23.1860 16.5542
v -49.6092 23.3014 15.6802
v -47.9511 24.6293 17.5488
v -49.4943 24.7282 18.1205
v -48.8303 27.5314 17.0504
v -49.4943 24.7282 18.1205
v -50.0652 24.7580 16.5741
v -48.8303 27.5314 17.0504
v -50.0652 24.7580 16.5741
v -48.5220 24.6590 16.0024
v -48.8303 27.5314 17.0504
v -48.5220 24.6590 16.0024
v -47.9511 24.6293 17.5488
v -48.8303 27.5314 17.0504
v -47.9511 24.6293 17.5488
v -50.0652 24.7580 16.5741
v -49.4943 24.7282 18.1205
v -47.9511 24.6293 17.5488
v -48.5220 24.6590 16.0024
v -50.0652 24.7580 16.5741
v -48.6336 26.0976 17.8295
v -49.6912 26.1620 17.3419
v -48.7414 28.9503 17.0448
v -49.6912 26.1620 17.3419
v -49.2049 26.1274 16.2823
v -48.7414 28.9503 17.0448
v -49.2049 26.1274 16.2823
v -48.1473 26.0630 16.7699
v -48.7414 28.9503 17.0448
v -48.1473 26.0630 16.7699
v -48.6336 26.0976 17.8295
v -48.7414 28.9503 17.0448
v -48.6336 26.0976 17.8295
v -49.2049 26.1274 16.2823
v -49.6912 26.1620 17.3419
v -48.6336 26.0976 17.8295
v -48.1473 26.0630 16.7699
v -49.2049 26.1274 16.2823
v -32.0218 22.2027 26.3950
v -32.7765 22.2527 27.0768
v -33.0779 24.8179 25.7946
v -32.7765 22.2527 27.0768
v -34.4729 22.3390 26.2679
v -33.0779 24.8179 25.7946
v -34.4729 22.3390 26.2679
v -33.6664 22.2747 24.5694
v -33.0779 24.8179 25.7946
v -33.6664 22.2747 24.5694
v -31.9699 22.1884 25.3782
v -33.0779 24.8179 25.7946
v -31.9699 22.1884 25.3782
v -32.0218 22.2027 26.3950
v -33.0779 24.8179 25.7946
v -32.0218 22.2027 26.3950
v -34.4729 22.3390 26.2679
v -32.7765 22.2527 27.0768
v -32.0218 22.2027 26.3950
v -33.6664 22.2747 24.5694
v -34.4729 22.3390 26.2679
v -32.0218 22.2027 26.3950
v -31.9699 22.1884 25.3782
v -33.6664 22.2747 24.5694
v -32.2039 23.4927 26.2598
v -33.5993 23.5766 26.7558
v -33.0062 26.0949 25.7804
v -33.5993 23.5766 26.7558
v -34.0955 23.5889 25.3579
v -33.0062 26.0949 25.7804
v -34.0955 23.5889 25.3579
v -32.7000 23.5050 24.8619
v -33.0062 26.0949 25.7804
v -32.7000 23.5050 24.8619
v -32.2039 23.4927 26.2598
v -33.0062 26.0949 25.7804
v -32.2039 23.4927 26.2598
v -34.0955 23.5889 25.3579
v -33.5993 23.5766 26.7558
v -32.2039 23.4927 26.2598
v -32.7000 23.5050 24.8619
v -34.0955 23.5889 25.3579
v -32.8297 24.8117 26.4939
v -33.7760 24.8598 26.0427
v -32.9344 27.3720 25.7661
v -33.7760 24.8598 26.0427
v -33.3261 24.8240 25.0953
v -32.9344 27.3720 25.7661
v -33.3261 24.8240 25.0953
v -32.3798 24.7759 25.5465
v -32.9344 27.3720 25.7661
v -32.3798 24.7759 25.5465
v -32.8297 24.8117 26.4939
v -32.9344 27.3720 25.7661
v -32.8297 24.8117 26.4939
v -33.3261 24.8240 25.0953
v -33.7760 24.8598 26.0427
v -32.8297 24.8117 26.4939
v -32.3798 24.7759 25.5465
v -33.3261 24.8240 25.0953
v -25.0580 22.9495 19.2748
v -24.1099 22.9400 19.9825
v -25.4294 25.9094 20.8006
v -24.1099 22.9400 19.9825
v -24.6477 22.9220 22.1014
v -25.4294 25.9094 20.8006
v -24.6477 22.9220 22.1014
v -26.7667 22.9334 21.5637
v -25.4294 25.9094 20.8006
v -26.7667 22.9334 21.5637
v -26.2289 22.9514 19.4447
v -25.4294 25.9094 20.8006
v -26.2289 22.9514 19.4447
v -25.0580 22.9495 19.2748
v -25.4294 25.9094 20.8006
v -25.0580 22.9495 19.2748
v -24.6477 22.9220 22.1014
v -24.1099 22.9400 19.9825
v -25.0580 22.9495 19.2748
v -26.7667 22.9334 21.5637
v -24.6477 22.9220 22.1014
v -25.0580 22.9495 19.2748
v -26.2289 22.9514 19.4447
v -26.7667 22.9334 21.5637
v -25.1340 24.4331 19.6055
v -24.2525 24.4167 21.0867
v -25.4249 27.3957 20.8144
v -24.2525 24.4167 21.0867
v -25.7337 24.4130 21.9682
v -25.4249 27.3957 20.8144
v -25.7337 24.4130 21.9682
v -26.6152 24.4294 20.4870
v -25.4249 27.3957 20.8144
v -26.6152 24.4294 20.4870
v -25.1340 24.4331 19.6055
v -25.4249 27.3957 20.8144
v -25.1340 24.4331 19.6055
v -25.7337 24.4130 21.9682
v -24.2525 24.4167 21.0867
v -25.1340 24.4331 19.6055
v -26.6152 24.4294 20.4870
v -25.7337 24.4130 21.9682
v -24.6884 25.9113 20.3596
v -24.9884 25.9012 21.5416
v -25.4204 28.8821 20.8282
v -24.9884 25.9012 21.5416
v -26.1704 25.9075 21.2416
v -25.4204 28.8821 20.8282
v -26.1704 25.9075 21.2416
v -25.8704 25.9176 20.0597
v -25.4204 28.8821 20.8282
v -25.8704 25.9176 20.0597
v -24.6884 25.9113 20.3596
v -25.4204 28.8821 20.8282
v -24.6884 25.9113 20.3596
v -26.1704 25.9075 21.2416
v -24.9884 25.9012 21.5416
v -24.6884 25.9113 20.3596
v -25.8704 25.9176 20.0597
v -26.1704 25.9075 21.2416
v -44.4042 21.9021 32.2373
v -44.6072 21.8648 33.2189
v -45.4681 24.5068 32.6286
v -44.6072 21.8648 33.2189
v -46.4211 22.0032 33.5738
v -45.4681 24.5068 32.6286
v -46.4211 22.0032 33.5738
v -46.7664 22.1350 31.7576
v -45.4681 24.5068 32.6286
v -46.7664 22.1350 31.7576
v -44.9525 21.9966 31.4027
v -45.4681 24.5068 32.6286
v -44.9525 21.9966 31.4027
v -44.4042 21.9021 32.2373
v -45.4681 24.5068 32.6286
v -44.4042 21.9021 32.2373
v -46.4211 22.0032 33.5738
v -44.6072 21.8648 33.2189
v -44.4042 21.9021 32.2373
v -46.7664 22.1350 31.7576
v -46.4211 22.0032 33.5738
v -44.4042 21.9021 32.2373
v -44.9525 21.9966 31.4027
v -46.7664 22.1350 31.7576
v -44.5662 23.1762 32.3606
v -45.3849 23.1798 33.5710
v -45.3587 25.7602 32.6988
v -45.3849 23.1798 33.5710
v -46.5887 23.3305 32.7563
v -45.3587 25.7602 32.6988
v -46.5887 23.3305 32.7563
v -45.7699 23.3268 31.5459
v -45.3587 25.7602 32.6988
v -45.7699 23.3268 31.5459
v -44.5662 23.1762 32.3606
v -45.3587 25.7602 32.6988
v -44.5662 23.1762 32.3606
v -46.5887 23.3305 32.7563
v -45.3849 23.1798 33.5710
v -44.5662 23.1762 32.3606
v -45.7699 23.3268 31.5459
v -46.5887 23.3305 32.7563
v -44.8659 24.4314 33.0362
v -45.8776 24.5086 33.2341
v -45.2493 27.0136 32.7690
v -45.8776 24.5086 33.2341
v -46.0702 24.5821 32.2211
v -45.2493 27.0136 32.7690
v -46.0702 24.5821 32.2211
v -45.0585 24.5049 32.0231
v -45.2493 27.0136 32.7690
v -45.0585 24.5049 32.0231
v -44.8659 24.4314 33.0362
v -45.2493 27.0136 32.7690
v -44.8659 24.4314 33.0362
v -46.0702 24.5821 32.2211
v -45.8776 24.5086 33.2341
v -44.8659 24.4314 33.0362
v -45.0585 24.5049 32.0231
v -46.0702 24.5821 32.2211
v -38.0865 24.8156 -10.3214
v -37.2145 24.8404 -9.8273
v -38.3131 27.3344 -9.0308
v -37.2145 24.8404 -9.8273
v -37.4413 24.8414 -7.9887
v -38.3131 27.3344 -9.0308
v -37.4413 24.8414 -7.9887
v -39.2792 24.7922 -8.2154
v -38.3131 27.3344 -9.0308
v -39.2792 24.7922 -8.2154
v -39.0524 24.7912 -10.0539
v -38.3131 27.3344 -9.0308
v -39.0524 24.7912 -10.0539
v -38.0865 24.8156 -10.3214
v -38.3131 27.3344 -9.0308
v -38.0865 24.8156 -10.3214
v -37.4413 24.8414 -7.9887
v -37.2145 24.8404 -9.8273
v -38.0865 24.8156 -10.3214
v -39.2792 24.7922 -8.2154
v -37.4413 24.8414 -7.9887
v -38.0865 24.8156 -10.3214
v -39.0524 24.7912 -10.0539
v -39.2792 24.7922 -8.2154
v -38.1535 26.0748 -10.0511
v -37.2553 26.1028 -8.8997
v -38.3463 28.5934 -9.0356
v -37.2553 26.1028 -8.8997
v -38.4064 26.0759 -8.0011
v -38.3463 28.5934 -9.0356
v -38.4064 26.0759 -8.0011
v -39.3046 26.0479 -9.1525
v -38.3463 28.5934 -9.0356
v -39.3046 26.0479 -9.1525
v -38.1535 26.0748 -10.0511
v -38.3463 28.5934 -9.0356
v -38.1535 26.0748 -10.0511
v -38.4064 26.0759 -8.0011
v -37.2553 26.1028 -8.8997
v -38.1535 26.0748 -10.0511
v -39.3046 26.0479 -9.1525
v -38.4064 26.0759 -8.0011
v -37.7373 27.3478 -9.4804
v -37.8638 27.3484 -8.4549
v -38.3794 29.8525 -9.0403
v -37.8638 27.3484 -8.4549
v -38.8889 27.3209 -8.5813
v -38.3794 29.8525 -9.0403
v -38.8889 27.3209 -8.5813
v -38.7625 27.3204 -9.6068
v -38.3794 29.8525 -9.0403
v -38.7625 27.3204 -9.6068
v -37.7373 27.3478 -9.4804
v -38.3794 29.8525 -9.0403
v -37.7373 27.3478 -9.4804
v -38.8889 27.3209 -8.5813
v -37.8638 27.3484 -8.4549
v -37.7373 27.3478 -9.4804
v -38.7625 27.3204 -9.6068
v -38.8889 27.3209 -8.5813
vt 0.00000 1.00000
vt 0.00000 1.00000
vt 0.00000 1.00000
vt 0.00000 1.00000
vt 0.00000 1.00000
vt 0.00000 1.00000
vt 0.00000 1.00000
vt 0.00000 1.00000
vt 0.00000 1.00000
vt 0.00000 1.00000
vt 0.00000 1.00000
vt 0.00000 1.00000
vt 0.00000 1.00000
vt 0.00000 1.00000
vt 0.00000 1.00000
vt 0.00000 1.00000
vt 0.00000 1.00000
vt 0.00000 1.00000
vt 0.00000 1.00000
vt 0.00000 1.00000
vt 0.00000 1.00000
vt 0.00000 1.00000
vt 0.00000 1.00000
vt 0.00000 1.00000
vt 0.00000 1.00000
vt 0.00000 1.00000
vt 0.00000 1.00000
vt 0.00000 1.00000
vt 0.00000 1.00000
vt 0.00000 1.00000
vt 0.00000 1.00000
vt 0.00000 1.00000
vt 0.00000 1.00000
vt 0.00000 1.00000
vt 0.00000 1.00000
vt 0.00000 1.00000
vt 0.00000 1.00000
vt 0.00000 1.00000
vt 0.00000 1.00000
vt 0.00000 1.00000
vt 0.00000 1.00000
vt 0.00000 1.00000
vt 0.00000 1.00000
vt 0.00000 1.00000
vt 0.00000 1.00000
vt 0.00000 1.00000
vt 0.00000 1.00000
vt 0.00000 1.00000
vt 0.00000 1.00000
vt 0.00000 1.00000
vt 0.00000 1.00000
vt 0.00000 1.00000
vt 0.00000 1.00000
vt 0.00000 1.00000
vt 0.00000 1.00000
vt 0.00000 1.00000
vt 0.00000 1.00000
vt 0.00000 1.00000
vt 0.00000 1.00000
vt 0.00000 1.00000
vt 0.00000 1.00000
vt 0.00000 1.00000
vt 0.00000 1.00000
vt 0.00000 1.00000
vt 0.00000 1.00000
vt 0.00000 1.00000
vt 0.00000 1.00000
vt 0.00000 1.00000
vt 0.00000 1.00000
vt 0.00000 1.00000
vt 0.00000 1.00000
vt 0.00000 1.00000
vt 0.00000 1.00000
vt 0.00000 1.00000
vt 0.00000 1.00000
vt 0.00000 1.00000
vt 0.00000 1.00000
vt 0.00000 1.00000
vt 0.00000 1.00000
vt 0.00000 1.00000
vt 0.00000 1.00000
vt 0.00000 1.00000
vt 0.00000 1.00000
vt 0.00000 1.00000
vt 0.00000 1.00000
vt 0.00000 1.00000
vt 0.00000 1.00000
vt 0.00000 1.00000
vt 0.00000 1.00000
vt 0.00000 1.00000
vt 0.00000 1.00000
vt 0.00000 1.00000
vt 0.00000 1.00000
vt 0.00000 1.00000
vt 0.00000 1.00000
vt 0.00000 1.00000
vt 0.00000 1.00000
vt 0.00000 1.00000
vt 0.00000 1.00000
vt 0.00000 1.00000
vt 0.00000 1.00000
vt 0.00000 1.00000
vt 0.00000 1.00000
vt 0.00000 1.00000
vt 0.00000 1.00000
vt 0.00000 1.00000
vt 0.00000 1.00000
vt 0.00000 1.00000
vt 0.00000 1.00000
vt 0.00000 1.00000
vt 0.00000 1.00000
vt 0.00000 1.00000
vt 0.00000 1.00000
vt 0.00000 1.00000
vt 0.00000 1.00000
vt 0.00000 1.00000
vt 0.00000 1.00000
vt 0.00000 1.00000
vt 0.00000 1.00000
vt 0.00000 1.00000
vt 0.00000 1.00000
vt 0.00000 1.00000
vt 0.00000 1.00000
vt 0.00000 1.00000
vt 0.00000 1.00000
vt 0.00000 1.00000
vt 0.00000 1.00000
vt 0.00000 1.00000
vt 0.00000 1.00000
vt 0.00000 1.00000
vt 0.00000 1.00000
vt 0.00000 1.00000
vt 0.00000 1.00000
vt 0.00000 1.00000
vt 0.00000 1.00000
vt 0.00000 1.00000
vt 0.00000 1.00000
vt 0.00000 1.00000
vt 0.00000 1.00000
vt 0.00000 1.00000
vt 0.00000 1.00000
vt 0.00000 1.00000
vt 0.00000 1.00000
vt 0.00000 1.00000
vt 0.00000 1.00000
vt 0.00000 1.00000
vt 0.00000 1.00000
vt 0.00000 1.00000
vt 0.00000 1.00000
vt 0.00000 1.00000
vt 0.00000 1.00000
vt 0.00000 1.00000
vt 0.00000 1.00000
vt 0.00000 1.00000
vt 0.00000 1.00000
vt 0.00000 1.00000
vt 0.00000 1.00000
vt 0.00000 1.00000
vt 0.00000 1.00000
vt 0.00000 1.00000
vt 0.00000 1.00000
vt 0.00000 1.00000
vt 0.00000 1.00000
vt 0.00000 1.00000
vt 0.00000 1.00000
vt 0.00000 1.00000
vt 0.00000 1.00000
vt 0.00000 1.00000
vt 0.00000 1.00000
vt 0.00000 1.00000
vt 0.00000 1.00000
vt 0.00000 1.00000
vt 0.00000 1.00000
vt 0.00000 1.00000
vt 0.00000 1.00000
vt 0.00000 1.00000
vt 0.00000 1.00000
vt 0.00000 1.00000
vt 0.00000 1.00000
vt 0.00000 1.00000
vt 0.00000 1.00000
vt 0.00000 1.00000
vt 0.00000 1.00000
vt 0.00000 1.00000
vt 0.00000 1.00000
vt 0.00000 1.00000
vt 0.00000 1.00000
vt 0.00000 1.00000
vt 0.00000 1.00000
vt 0.00000 1.00000
vt 0.00000 1.00000
vt 0.00000 1.00000
vt 0.00000 1.00000
vt 0.00000 1.00000
vt 0.00000 1.00000
vt 0.00000 1.00000
vt 0.00000 1.00000
vt 0.00000 1.00000
vt 0.00000 1.00000
vt 0.00000 1.00000
vt 0.00000 1.00000
vt 0.00000 1.00000
vt 0.00000 1.00000
vt 0.00000 1.00000
vt 0.00000 1.00000
vt 0.00000 1.00000
vt 0.00000 1.00000
vt 0.00000 1.00000
vt 0.00000 1.00000
vt 0.00000 1.00000
vt 0.00000 1.00000
vt 0.00000 1.00000
vt 0.00000 1.00000
vt 0.00000 1.00000
vt 0.00000 1.00000
vt 0.00000 1.00000
vt 0.00000 1.00000
vt 0.00000 1.00000
vt 0.00000 1.00000
vt 0.00000 1.00000
vt 0.00000 1.00000
vt 0.00000 1.00000
vt 0.00000 1.00000
vt 0.00000 1.00000
vt 0.00000 1.00000
vt 0.00000 1.00000
vt 0.00000 1.00000
vt 0.00000 1.00000
vt 0.00000 1.00000
vt 0.00000 1.00000
vt 0.00000 1.00000
vt 0.00000 1.00000
vt 0.00000 1.00000
vt 0.00000 1.00000
vt 0.00000 1.00000
vt 0.00000 1.00000
vt 0.00000 1.00000
vt 0.00000 1.00000
vt 0.00000 1.00000
vt 0.00000 1.00000
vt 0.00000 1.00000
vt 0.00000 1.00000
vt 0.00000 1.00000
vt 0.00000 1.00000
vt 0.00000 1.00000
vt 0.00000 1.00000
vt 0.00000 1.00000
vt 0.00000 1.00000
vt 0.00000 1.00000
vt 0.00000 1.00000
vt 0.00000 1.00000
vt 0.00000 1.00000
vt 0.00000 1.00000
vt 0.00000 1.00000
vt 0.00000 1.00000
vt 0.00000 1.00000
vt 0.00000 1.00000
vt 0.00000 1.00000
vt 0.00000 1.00000
vt 0.00000 1.00000
vt 0.00000 1.00000
vt 0.00000 1.00000
vt 0.00000 1.00000
vt 0.00000 1.00000
vt 0.00000 1.00000
vt 0.00000 1.00000
vt 0.00000 1.00000
vt 0.00000 1.00000
vt 0.00000 1.00000
vt 0.00000 1.00000
vt 0.00000 1.00000
vt 0.00000 1.00000
vt 0.00000 1.00000
vt 0.00000 1.00000
vt 0.00000 1.00000
vt 0.00000 1.00000
vt 0.00000 1.00000
vt 0.00000 1.00000
vt 0.00000 1.00000
vt 0.00000 1.00000
vt 0.00000 1.00000
vt 0.00000 1.00000
vt 0.00000 1.00000
vt 0.00000 1.00000
vt 0.00000 1.00000
vt 0.00000 1.00000
vt 0.00000 1.00000
vt 0.00000 1.00000
vt 0.00000 1.00000
vt 0.00000 1.00000
vt 0.00000 1.00000
vt 0.00000 1.00000
vt 0.00000 1.00000
vt 0.00000 1.00000
vt 0.00000 1.00000
vt 0.00000 1.00000
vt 0.00000 1.00000
vt 0.00000 1.00000
vt 0.00000 1.00000
vt 0.00000 1.00000
vt 0.00000 1.00000
vt 0.00000 1.00000
vt 0.00000 1.00000
vt 0.00000 1.00000
vt 0.00000 1.00000
vt 0.00000 1.00000
vt 0.00000 1.00000
vt 0.00000 1.00000
vt 0.00000 1.00000
vt 0.00000 1.00000
vt 0.00000 1.00000
vt 0.00000 1.00000
vt 0.00000 1.00000
vt 0.00000 1.00000
vt 0.00000 1.00000
vt 0.00000 1.00000
vt 0.00000 1.00000
vt 0.00000 1.00000
vt 0.00000 1.00000
vt 0.00000 1.00000
vt 0.00000 1.00000
vt 0.00000 1.00000
vt 0.00000 1.00000
vt 0.00000 1.00000
vt 0.00000 1.00000
vt 0.00000 1.00000
vt 0.00000 1.00000
vt 0.00000 1.00000
vt 0.00000 1.00000
vt 0.00000 1.00000
vt 0.00000 1.00000
vt 0.00000 1.00000
vt 0.00000 1.00000
vt 0.00000 1.00000
vt 0.00000 1.00000
vt 0.00000 1.00000
vt 0.00000 1.00000
vt 0.00000 1.00000
vt 0.00000 1.00000
vt 0.00000 1.00000
vt 0.00000 1.00000
vt 0.00000 1.00000
vt 0.00000 1.00000
vt 0.00000 1.00000
vt 0.00000 1.00000
vt 0.00000 1.00000
vt 0.00000 1.00000
vt 0.00000 1.00000
vt 0.00000 1.00000
vt 0.00000 1.00000
vt 0.00000 1.00000
vt 0.00000 1.00000
vt 0.00000 1.00000
vt 0.00000 1.00000
vt 0.00000 1.00000
vt 0.00000 1.00000
vt 0.00000 1.00000
vt 0.00000 1.00000
vt 0.00000 1.00000
vt 0.00000 1.00000
vt 0.00000 1.00000
vt 0.00000 1.00000
vt 0.00000 1.00000
vt 0.00000 1.00000
vt 0.00000 1.00000
vt 0.00000 1.00000
vt 0.00000 1.00000
vt 0.00000 1.00000
vt 0.00000 1.00000
vt 0.00000 1.00000
vt 0.00000 1.00000
vt 0.00000 1.00000
vt 0.00000 1.00000
vt 0.00000 1.00000
vt 0.00000 1.00000
vt 0.00000 1.00000
vt 0.00000 1.00000
vt 0.00000 1.00000
vt 0.00000 1.00000
vt 0.00000 1.00000
vt 0.00000 1.00000
vt 0.00000 1.00000
vt 0.00000 1.00000
vt 0.00000 1.00000
vt 0.00000 1.00000
vt 0.00000 1.00000
vt 0.00000 1.00000
vt 0.00000 1.00000
vt 0.00000 1.00000
vt 0.00000 1.00000
vt 0.00000 1.00000
vt 0.00000 1.00000
vt 0.00000 1.00000
vt 0.00000 1.00000
vt 0.00000 1.00000
vt 0.00000 1.00000
vt 0.00000 1.00000
vt 0.00000 1.00000
vt 0.00000 1.00000
vt 0.00000 1.00000
vt 0.00000 1.00000
vt 0.00000 1.00000
vt 0.00000 1.00000
vt 0.00000 1.00000
vt 0.00000 1.00000
vt 0.00000 1.00000
vt 0.00000 1.00000
vt 0.00000 1.00000
vt 0.00000 1.00000
vt 0.00000 1.00000
vt 0.00000 1.00000
vt 0.00000 1.00000
vt 0.00000 1.00000
vt 0.00000 1.00000
vt 0.00000 1.00000
vt 0.00000 1.00000
vt 0.00000 1.00000
vt 0.00000 1.00000
vt 0.00000 1.00000
vt 0.00000 1.00000
vt 0.00000 1.00000
vt 0.00000 1.00000
vt 0.00000 1.00000
vt 0.00000 1.00000
vt 0.00000 1.00000
vt 0.00000 1.00000
vt 0.00000 1.00000
vt 0.00000 1.00000
vt 0.00000 1.00000
vt 0.00000 1.00000
vt 0.00000 1.00000
vt 0.00000 1.00000
vt 0.00000 1.00000
vt 0.00000 1.00000
vt 0.00000 1.00000
vt 0.00000 1.00000
vt 0.00000 1.00000
vt 0.00000 1.00000
vt 0.00000 1.00000
vt 0.00000 1.00000
vt 0.00000 1.00000
vt 0.00000 1.00000
vt 0.00000 1.00000
vt 0.00000 1.00000
vt 0.00000 1.00000
vt 0.00000 1.00000
vt 0.00000 1.00000
vt 0.00000 1.00000
vt 0.00000 1.00000
vt 0.00000 1.00000
vt 0.00000 1.00000
vt 0.00000 1.00000
vt 0.00000 1.00000
vt 0.00000 1.00000
vt 0.00000 1.00000
vt 0.00000 1.00000
vt 0.00000 1.00000
vt 0.00000 1.00000
vt 0.00000 1.00000
vt 0.00000 1.00000
vt 0.00000 1.00000
vt 0.00000 1.00000
vt 0.00000 1.00000
vt 0.00000 1.00000
vt 0.00000 1.00000
vt 0.00000 1.00000
vt 0.00000 1.00000
vt 0.00000 1.00000
vt 0.00000 1.00000
vt 0.00000 1.00000
vt 0.00000 1.00000
vt 0.00000 1.00000
vt 0.00000 1.00000
vt 0.00000 1.00000
vt 0.00000 1.00000
vt 0.00000 1.00000
vt 0.00000 1.00000
vt 0.00000 1.00000
vt 0.00000 1.00000
vt 0.00000 1.00000
vt 0.00000 1.00000
vt 0.00000 1.00000
vt 0.00000 1.00000
vt 0.00000 1.00000
vt 0.00000 1.00000
vt 0.00000 1.00000
vt 0.00000 1.00000
vt 0.00000 1.00000
vt 0.00000 1.00000
vt 0.00000 1.00000
vt 0.00000 1.00000
vt 0.00000 1.00000
vt 0.00000 1.00000
vt 0.00000 1.00000
vt 0.00000 1.00000
vt 0.00000 1.00000
vt 0.00000 1.00000
vt 0.00000 1.00000
vt 0.00000 1.00000
vt 0.00000 1.00000
vt 0.00000 1.00000
vt 0.00000 1.00000
vt 0.00000 1.00000
vt 0.00000 1.00000
vt 0.00000 1.00000
vt 0.00000 1.00000
vt 0.00000 1.00000
vt 0.00000 1.00000
vt 0.00000 1.00000
vt 0.00000 1.00000
vt 0.00000 1.00000
vt 0.00000 1.00000
vt 0.00000 1.00000
vt 0.00000 1.00000
vt 0.00000 1.00000
vt 0.00000 1.00000
vt 0.00000 1.00000
vt 0.00000 1.00000
vt 0.00000 1.00000
vt 0.00000 1.00000
vt 0.00000 1.00000
vt 0.00000 1.00000
vt 0.00000 1.00000
vt 0.00000 1.00000
vt 0.00000 1.00000
vt 0.00000 1.00000
vt 0.00000 1.00000
vt 0.00000 1.00000
vt 0.00000 1.00000
vt 0.00000 1.00000
vt 0.00000 1.00000
vt 0.00000 1.00000
vt 0.00000 1.00000
vt 0.00000 1.00000
vt 0.00000 1.00000
vt 0.00000 1.00000
vt 0.00000 1.00000
vt 0.00000 1.00000
vt 0.00000 1.00000
vt 0.00000 1.00000
vt 0.00000 1.00000
vt 0.00000 1.00000
vt 0.00000 1.00000
vt 0.00000 1.00000
vt 0.00000 1.00000
vt 0.00000 1.00000
vt 0.00000 1.00000
vt 0.00000 1.00000
vt 0.00000 1.00000
vt 0.00000 1.00000
vt 0.00000 1.00000
vt 0.00000 1.00000
vt 0.00000 1.00000
vt 0.00000 1.00000
vt 0.00000 1.00000
vt 0.00000 1.00000
vt 0.00000 1.00000
vt 0.00000 1.00000
vt 0.00000 1.00000
vt 0.00000 1.00000
vt 0.00000 1.00000
vt 0.00000 1.00000
vt 0.00000 1.00000
vt 0.00000 1.00000
vt 0.00000 1.00000
vt 0.00000 1.00000
vt 0.00000 1.00000
vt 0.00000 1.00000
vt 0.00000 1.00000
vt 0.00000 1.00000
vt 0.00000 1.00000
vt 0.00000 1.00000
vt 0.00000 1.00000
vt 0.00000 1.00000
vt 0.00000 1.00000
vt 0.00000 1.00000
vt 0.00000 1.00000
vt 0.00000 1.00000
vt 0.00000 1.00000
vt 0.00000 1.00000
vt 0.00000 1.00000
vt 0.00000 1.00000
vt 0.00000 1.00000
vt 0.00000 1.00000
vt 0.00000 1.00000
vt 0.00000 1.00000
vt 0.00000 1.00000
vt 0.00000 1.00000
vt 0.00000 1.00000
vt 0.00000 1.00000
vt 0.00000 1.00000
vt 0.00000 1.00000
vt 0.00000 1.00000
vt 0.00000 1.00000
vt 0.00000 1.00000
vt 0.00000 1.00000
vt 0.00000 1.00000
vt 0.00000 1.00000
vt 0.00000 1.00000
vt 0.00000 1.00000
vt 0.00000 1.00000
vt 0.00000 1.00000
vt 0.00000 1.00000
vt 0.00000 1.00000
vt 0.00000 1.00000
vt 0.00000 1.00000
vt 0.00000 1.00000
vt 0.00000 1.00000
vt 0.00000 1.00000
vt 0.00000 1.00000
vt 0.00000 1.00000
vt 0.00000 1.00000
vt 0.00000 1.00000
vt 0.00000 1.00000
vt 0.00000 1.00000
vt 0.00000 1.00000
vt 0.00000 1.00000
vt 0.00000 1.00000
vt 0.00000 1.00000
vt 0.00000 1.00000
vt 0.00000 1.00000
vt 0.00000 1.00000
vt 0.00000 1.00000
vt 0.00000 1.00000
vt 0.00000 1.00000
vt 0.00000 1.00000
vt 0.00000 1.00000
vt 0.00000 1.00000
vt 0.00000 1.00000
vt 0.00000 1.00000
vt 0.00000 1.00000
vt 0.00000 1.00000
vt 0.00000 1.00000
vt 0.00000 1.00000
vt 0.00000 1.00000
vt 0.00000 1.00000
vt 0.00000 1.00000
vt 0.00000 1.00000
vt 0.00000 1.00000
vt 0.00000 1.00000
vt 0.00000 1.00000
vt 0.00000 1.00000
vt 0.00000 1.00000
vt 0.00000 1.00000
vt 0.00000 1.00000
vt 0.00000 1.00000
vt 0.00000 1.00000
vt 0.00000 1.00000
vt 0.00000 1.00000
vt 0.00000 1.00000
vt 0.00000 1.00000
vt 0.00000 1.00000
vt 0.00000 1.00000
vt 0.00000 1.00000
vt 0.00000 1.00000
vt 0.00000 1.00000
vt 0.00000 1.00000
vt 0.00000 1.00000
vt 0.00000 1.00000
vt 0.00000 1.00000
vt 0.00000 1.00000
vt 0.00000 1.00000
vt 0.00000 1.00000
vt 0.00000 1.00000
vt 0.00000 1.00000
vt 0.00000 1.00000
vt 0.00000 1.00000
vt 0.00000 1.00000
vt 0.00000 1.00000
vt 0.00000 1.00000
vt 0.00000 1.00000
vt 0.00000 1.00000
vt 0.00000 1.00000
vt 0.00000 1.00000
vt 0.00000 1.00000
vt 0.00000 1.00000
vt 0.00000 1.00000
vt 0.00000 1.00000
vt 0.00000 1.00000
vt 0.00000 1.00000
vt 0.00000 1.00000
vt 0.00000 1.00000
vt 0.00000 1.00000
vt 0.00000 1.00000
vt 0.00000 1.00000
vt 0.00000 1.00000
vt 0.00000 1.00000
vt 0.00000 1.00000
vt 0.00000 1.00000
vt 0.00000 1.00000
vt 0.00000 1.00000
vt 0.00000 1.00000
vt 0.00000 1.00000
vt 0.00000 1.00000
vt 0.00000 1.00000
vt 0.00000 1.00000
vt 0.00000 1.00000
vt 0.00000 1.00000
vt 0.00000 1.00000
vt 0.00000 1.00000
vt 0.00000 1.00000
vt 0.00000 1.00000
vt 0.00000 1.00000
vt 0.00000 1.00000
vt 0.00000 1.00000
vt 0.00000 1.00000
vt 0.00000 1.00000
vt 0.00000 1.00000
vt 0.00000 1.00000
vt 0.00000 1.00000
vt 0.00000 1.00000
vt 0.00000 1.00000
vt 0.00000 1.00000
vt 0.00000 1.00000
vt 0.00000 1.00000
vt 0.00000 1.00000
vt 0.00000 1.00000
vt 0.00000 1.00000
vt 0.00000 1.00000
vt 0.00000 1.00000
vt 0.00000 1.00000
vt 0.00000 1.00000
vt 0.00000 1.00000
vt 0.00000 1.00000
vt 0.00000 1.00000
vt 0.00000 1.00000
vt 0.00000 1.00000
vt 0.00000 1.00000
vt 0.00000 1.00000
vt 0.00000 1.00000
vt 0.00000 1.00000
vt 0.00000 1.00000
vt 0.00000 1.00000
vt 0.00000 1.00000
vt 0.00000 1.00000
vt 0.00000 1.00000
vt 0.00000 1.00000
vt 0.00000 1.00000
vt 0.00000 1.00000
vt 0.00000 1.00000
vt 0.00000 1.00000
vt 0.00000 1.00000
vt 0.00000 1.00000
vt 0.00000 1.00000
vt 0.00000 1.00000
vt 0.00000 1.00000
vt 0.00000 1.00000
vt 0.00000 1.00000
vt 0.00000 1.00000
vt 0.00000 1.00000
vt 0.00000 1.00000
vt 0.00000 1.00000
vt 0.00000 1.00000
vt 0.00000 1.00000
vt 0.00000 1.00000
vt 0.00000 1.00000
vt 0.00000 1.00000
vt 0.00000 1.00000
vt 0.00000 1.00000
vt 0.00000 1.00000
vt 0.00000 1.00000
vt 0.00000 1.00000
vt 0.00000 1.00000
vt 0.00000 1.00000
vt 0.00000 1.00000
vt 0.00000 1.00000
vt 0.00000 1.00000
vt 0.00000 1.00000
vt 0.00000 1.00000
vt 0.00000 1.00000
vt 0.00000 1.00000
vt 0.00000 1.00000
vt 0.00000 1.00000
vt 0.00000 1.00000
vt 0.00000 1.00000
vt 0.00000 1.00000
vt 0.00000 1.00000
vt 0.00000 1.00000
vt 0.00000 1.00000
vt 0.00000 1.00000
vt 0.00000 1.00000
vt 0.00000 1.00000
vt 0.00000 1.00000
vt 0.00000 1.00000
vt 0.00000 1.00000
vt 0.00000 1.00000
vt 0.00000 1.00000
vt 0.00000 1.00000
vt 0.00000 1.00000
vt 0.00000 1.00000
vt 0.00000 1.00000
vt 0.00000 1.00000
vt 0.00000 1.00000
vt 0.00000 1.00000
vt 0.00000 1.00000
vt 0.00000 1.00000
vt 0.00000 1.00000
vt 0.00000 1.00000
vt 0.00000 1.00000
vt 0.00000 1.00000
vt 0.00000 1.00000
vt 0.00000 1.00000
vt 0.00000 1.00000
vt 0.00000 1.00000
vt 0.00000 1.00000
vt 0.00000 1.00000
vt 0.00000 1.00000
vt 0.00000 1.00000
vt 0.00000 1.00000
vt 0.00000 1.00000
vt 0.00000 1.00000
vt 0.00000 1.00000
vt 0.00000 1.00000
vt 0.00000 1.00000
vt 0.00000 1.00000
vt 0.00000 1.00000
vt 0.00000 1.00000
vt 0.00000 1.00000
vt 0.00000 1.00000
vt 0.00000 1.00000
vt 0.00000 1.00000
vt 0.00000 1.00000
vt 0.00000 1.00000
vt 0.00000 1.00000
vt 0.00000 1.00000
vt 0.00000 1.00000
vt 0.00000 1.00000
vt 0.00000 1.00000
vt 0.00000 1.00000
vt 0.00000 1.00000
vt 0.00000 1.00000
vt 0.00000 1.00000
vt 0.00000 1.00000
vt 0.00000 1.00000
vt 0.00000 1.00000
vt 0.00000 1.00000
vt 0.00000 1.00000
vt 0.00000 1.00000
vt 0.00000 1.00000
vt 0.00000 1.00000
vt 0.00000 1.00000
vt 0.00000 1.00000
vt 0.00000 1.00000
vt 0.00000 1.00000
vt 0.00000 1.00000
vt 0.00000 1.00000
vt 0.00000 1.00000
vt 0.00000 1.00000
vt 0.00000 1.00000
vt 0.00000 1.00000
vt 0.00000 1.00000
vt 0.00000 1.00000
vt 0.00000 1.00000
vt 0.00000 1.00000
vt 0.00000 1.00000
vt 0.00000 1.00000
vt 0.00000 1.00000
vt 0.00000 1.00000
vt 0.00000 1.00000
vt 0.00000 1.00000
vt 0.00000 1.00000
vt 0.00000 1.00000
vt 0.00000 1.00000
vt 0.00000 1.00000
vt 0.00000 1.00000
vt 0.00000 1.00000
vt 0.00000 1.00000
vt 0.00000 1.00000
vt 0.00000 1.00000
vt 0.00000 1.00000
vt 0.00000 1.00000
vt 0.00000 1.00000
vt 0.00000 1.00000
vt 0.00000 1.00000
vt 0.00000 1.00000
vt 0.00000 1.00000
vt 0.00000 1.00000
vt 0.00000 1.00000
vt 0.00000 1.00000
vt 0.00000 1.00000
vt 0.00000 1.00000
vt 0.00000 1.00000
vt 0.00000 1.00000
vt 0.00000 1.00000
vt 0.00000 1.00000
vt 0.00000 1.00000
vt 0.00000 1.00000
vt 0.00000 1.00000
vt 0.00000 1.00000
vt 0.00000 1.00000
vt 0.00000 1.00000
vt 0.00000 1.00000
vt 0.00000 1.00000
vt 0.00000 1.00000
vt 0.00000 1.00000
vt 0.00000 1.00000
vt 0.00000 1.00000
vt 0.00000 1.00000
vt 0.00000 1.00000
vt 0.00000 1.00000
vt 0.00000 1.00000
vt 0.00000 1.00000
vt 0.00000 1.00000
vt 0.00000 1.00000
vt 0.00000 1.00000
vt 0.00000 1.00000
vt 0.00000 1.00000
vt 0.00000 1.00000
vt 0.00000 1.00000
vt 0.00000 1.00000
vt 0.00000 1.00000
vt 0.00000 1.00000
vt 0.00000 1.00000
vt 0.00000 1.00000
vt 0.00000 1.00000
vt 0.00000 1.00000
vt 0.00000 1.00000
vt 0.00000 1.00000
vt 0.00000 1.00000
vt 0.00000 1.00000
vt 0.00000 1.00000
vt 0.00000 1.00000
vt 0.00000 1.00000
vt 0.00000 1.00000
vt 0.00000 1.00000
vt 0.00000 1.00000
vt 0.00000 1.00000
vt 0.00000 1.00000
vt 0.00000 1.00000
vt 0.00000 1.00000
vt 0.00000 1.00000
vt 0.00000 1.00000
vt 0.00000 1.00000
vt 0.00000 1.00000
vt 0.00000 1.00000
vt 0.00000 1.00000
vt 0.00000 1.00000
vt 0.00000 1.00000
vt 0.00000 1.00000
vt 0.00000 1.00000
vt 0.00000 1.00000
vt 0.00000 1.00000
vt 0.00000 1.00000
vt 0.00000 1.00000
vt 0.00000 1.00000
vt 0.00000 1.00000
vt 0.00000 1.00000
vt 0.00000 1.00000
vt 0.00000 1.00000
vt 0.00000 1.00000
vt 0.00000 1.00000
vt 0.00000 1.00000
vt 0.00000 1.00000
vt 0.00000 1.00000
vt 0.00000 1.00000
vt 0.00000 1.00000
vt 0.00000 1.00000
vt 0.00000 1.00000
vt 0.00000 1.00000
vt 0.00000 1.00000
vt 0.00000 1.00000
vt 0.00000 1.00000
vt 0.00000 1.00000
vt 0.00000 1.00000
vt 0.00000 1.00000
vt 0.00000 1.00000
vt 0.00000 1.00000
vt 0.00000 1.00000
vt 0.00000 1.00000
vt 0.00000 1.00000
vt 0.00000 1.00000
vt 0.00000 1.00000
vt 0.00000 1.00000
vt 0.00000 1.00000
vt 0.00000 1.00000
vt 0.00000 1.00000
vt 0.00000 1.00000
vt 0.00000 1.00000
vt 0.00000 1.00000
vt 0.00000 1.00000
vt 0.00000 1.00000
vt 0.00000 1.00000
vt 0.00000 1.00000
vt 0.00000 1.00000
vt 0.00000 1.00000
vt 0.00000 1.00000
vt 0.00000 1.00000
vt 0.00000 1.00000
vt 0.00000 1.00000
vt 0.00000 1.00000
vt 0.00000 1.00000
vt 0.00000 1.00000
vt 0.00000 1.00000
vt 0.00000 1.00000
vt 0.00000 1.00000
vt 0.00000 1.00000
vt 0.00000 1.00000
vt 0.00000 1.00000
vt 0.00000 1.00000
vt 0.00000 1.00000
vt 0.00000 1.00000
vt 0.00000 1.00000
vt 0.00000 1.00000
vt 0.00000 1.00000
vt 0.00000 1.00000
vt 0.00000 1.00000
vt 0.00000 1.00000
vt 0.00000 1.00000
vt 0.00000 1.00000
vt 0.00000 1.00000
vt 0.00000 1.00000
vt 0.00000 1.00000
vt 0.00000 1.00000
vt 0.00000 1.00000
vt 0.00000 1.00000
vt 0.00000 1.00000
vt 0.00000 1.00000
vt 0.00000 1.00000
vt 0.00000 1.00000
vt 0.00000 1.00000
vt 0.00000 1.00000
vt 0.00000 1.00000
vt 0.00000 1.00000
vt 0.00000 1.00000
vt 0.00000 1.00000
vt 0.00000 1.00000
vt 0.00000 1.00000
vt 0.00000 1.00000
vt 0.00000 1.00000
vt 0.00000 1.00000
vt 0.00000 1.00000
vt 0.00000 1.00000
vt 0.00000 1.00000
vt 0.00000 1.00000
vt 0.00000 1.00000
vt 0.00000 1.00000
vt 0.00000 1.00000
vt 0.00000 1.00000
vt 0.00000 1.00000
vt 0.00000 1.00000
vt 0.00000 1.00000
vt 0.00000 1.00000
vt 0.00000 1.00000
vt 0.00000 1.00000
vt 0.00000 1.00000
vt 0.00000 1.00000
vt 0.00000 1.00000
vt 0.00000 1.00000
vt 0.00000 1.00000
vt 0.00000 1.00000
vt 0.00000 1.00000
vt 0.00000 1.00000
vt 0.00000 1.00000
vt 0.00000 1.00000
vt 0.00000 1.00000
vt 0.00000 1.00000
vt 0.00000 1.00000
vt 0.00000 1.00000
vt 0.00000 1.00000
vt 0.00000 1.00000
vt 0.00000 1.00000
vt 0.00000 1.00000
vt 0.00000 1.00000
vt 0.00000 1.00000
vt 0.00000 1.00000
vt 0.00000 1.00000
vt 0.00000 1.00000
vt 0.00000 1.00000
vt 0.00000 1.00000
vt 0.00000 1.00000
vt 0.00000 1.00000
vt 0.00000 1.00000
vt 0.00000 1.00000
vt 0.00000 1.00000
vt 0.00000 1.00000
vt 0.00000 1.00000
vt 0.00000 1.00000
vt 0.00000 1.00000
vt 0.00000 1.00000
vt 0.00000 1.00000
vt 0.00000 1.00000
vt 0.00000 1.00000
vt 0.00000 1.00000
vt 0.00000 1.00000
vt 0.00000 1.00000
vt 0.00000 1.00000
vt 0.00000 1.00000
vt 0.00000 1.00000
vt 0.00000 1.00000
vt 0.00000 1.00000
vt 0.00000 1.00000
vt 0.00000 1.00000
vt 0.00000 1.00000
vt 0.00000 1.00000
vt 0.00000 1.00000
vt 0.00000 1.00000
vt 0.00000 1.00000
vt 0.00000 1.00000
vt 0.00000 1.00000
vt 0.00000 1.00000
vt 0.00000 1.00000
vt 0.00000 1.00000
vt 0.00000 1.00000
vt 0.00000 1.00000
vt 0.00000 1.00000
vt 0.00000 1.00000
vt 0.00000 1.00000
vt 0.00000 1.00000
vt 0.00000 1.00000
vt 0.00000 1.00000
vt 0.00000 1.00000
vt 0.00000 1.00000
vt 0.00000 1.00000
vt 0.00000 1.00000
vt 0.00000 1.00000
vt 0.00000 1.00000
vt 0.00000 1.00000
vt 0.00000 1.00000
vt 0.00000 1.00000
vt 0.00000 1.00000
vt 0.00000 1.00000
vt 0.00000 1.00000
vt 0.00000 1.00000
vt 0.00000 1.00000
vt 0.00000 1.00000
vt 0.00000 1.00000
vt 0.00000 1.00000
vt 0.00000 1.00000
vt 0.00000 1.00000
vt 0.00000 1.00000
vt 0.00000 1.00000
vt 0.00000 1.00000
vt 0.00000 1.00000
vt 0.00000 1.00000
vt 0.00000 1.00000
vt 0.00000 1.00000
vt 0.00000 1.00000
vt 0.00000 1.00000
vt 0.00000 1.00000
vt 0.00000 1.00000
vt 0.00000 1.00000
vt 0.00000 1.00000
vt 0.00000 1.00000
vt 0.00000 1.00000
vt 0.00000 1.00000
vt 0.00000 1.00000
vt 0.00000 1.00000
vt 0.00000 1.00000
vt 0.00000 1.00000
vt 0.00000 1.00000
vt 0.00000 1.00000
vt 0.00000 1.00000
vt 0.00000 1.00000
vt 0.00000 1.00000
vt 0.00000 1.00000
vt 0.00000 1.00000
vt 0.00000 1.00000
vt 0.00000 1.00000
vt 0.00000 1.00000
vt 0.00000 1.00000
vt 0.00000 1.00000
vt 0.00000 1.00000
vt 0.00000 1.00000
vt 0.00000 1.00000
vt 0.00000 1.00000
vt 0.00000 1.00000
vt 0.00000 1.00000
vt 0.00000 1.00000
vt 0.00000 1.00000
vt 0.00000 1.00000
vt 0.00000 1.00000
vt 0.00000 1.00000
vt 0.00000 1.00000
vt 0.00000 1.00000
vt 0.00000 1.00000
vt 0.00000 1.00000
vt 0.00000 1.00000
vt 0.00000 1.00000
vt 0.00000 1.00000
vt 0.00000 1.00000
vt 0.00000 1.00000
vt 0.00000 1.00000
vt 0.00000 1.00000
vt 0.00000 1.00000
vt 0.00000 1.00000
vt 0.00000 1.00000
vt 0.00000 1.00000
vt 0.00000 1.00000
vt 0.00000 1.00000
vt 0.00000 1.00000
vt 0.00000 1.00000
vt 0.00000 1.00000
vt 0.00000 1.00000
vt 0.00000 1.00000
vt 0.00000 1.00000
vt 0.00000 1.00000
vt 0.00000 1.00000
vt 0.00000 1.00000
vt 0.00000 1.00000
vt 0.00000 1.00000
vt 0.00000 1.00000
vt 0.00000 1.00000
vt 0.00000 1.00000
vt 0.00000 1.00000
vt 0.00000 1.00000
vt 0.00000 1.00000
vt 0.00000 1.00000
vt 0.00000 1.00000
vt 0.00000 1.00000
vt 0.00000 1.00000
vt 0.00000 1.00000
vt 0.00000 1.00000
vt 0.00000 1.00000
vt 0.00000 1.00000
vt 0.00000 1.00000
vt 0.00000 1.00000
vt 0.00000 1.00000
vt 0.00000 1.00000
vt 0.00000 1.00000
vt 0.00000 1.00000
vt 0.00000 1.00000
vt 0.00000 1.00000
vt 0.00000 1.00000
vt 0.00000 1.00000
vt 0.00000 1.00000
vt 0.00000 1.00000
vt 0.00000 1.00000
vt 0.00000 1.00000
vt 0.00000 1.00000
vt 0.00000 1.00000
vt 0.00000 1.00000
vt 0.00000 1.00000
vt 0.00000 1.00000
vt 0.00000 1.00000
vt 0.00000 1.00000
vt 0.00000 1.00000
vt 0.00000 1.00000
vt 0.00000 1.00000
vt 0.00000 1.00000
vt 0.00000 1.00000
vt 0.00000 1.00000
vt 0.00000 1.00000
vt 0.00000 1.00000
vt 0.00000 1.00000
vt 0.00000 1.00000
vt 0.00000 1.00000
vt 0.00000 1.00000
vt 0.00000 1.00000
vt 0.00000 1.00000
vt 0.00000 1.00000
vt 0.00000 1.00000
vt 0.00000 1.00000
vt 0.00000 1.00000
vt 0.00000 1.00000
vt 0.00000 1.00000
vt 0.00000 1.00000
vt 0.00000 1.00000
vt 0.00000 1.00000
vt 0.00000 1.00000
vt 0.00000 1.00000
vt 0.00000 1.00000
vt 0.00000 1.00000
vt 0.00000 1.00000
vt 0.00000 1.00000
vt 0.00000 1.00000
vt 0.00000 1.00000
vt 0.00000 1.00000
vt 0.00000 1.00000
vt 0.00000 1.00000
vt 0.00000 1.00000
vt 0.00000 1.00000
vt 0.00000 1.00000
vt 0.00000 1.00000
vt 0.00000 1.00000
vt 0.00000 1.00000
vt 0.00000 1.00000
vt 0.00000 1.00000
vt 0.00000 1.00000
vt 0.00000 1.00000
vt 0.00000 1.00000
vt 0.00000 1.00000
vt 0.00000 1.00000
vt 0.00000 1.00000
vt 0.00000 1.00000
vt 0.00000 1.00000
vt 0.00000 1.00000
vt 0.00000 1.00000
vt 0.00000 1.00000
vt 0.00000 1.00000
vt 0.00000 1.00000
vt 0.00000 1.00000
vt 0.00000 1.00000
vt 0.00000 1.00000
vt 0.00000 1.00000
vt 0.00000 1.00000
vt 0.00000 1.00000
vt 0.00000 1.00000
vt 0.00000 1.00000
vt 0.00000 1.00000
vt 0.00000 1.00000
vt 0.00000 1.00000
vt 0.00000 1.00000
vt 0.00000 1.00000
vt 0.00000 1.00000
vt 0.00000 1.00000
vt 0.00000 1.00000
vt 0.00000 1.00000
vt 0.00000 1.00000
vt 0.00000 1.00000
vt 0.00000 1.00000
vt 0.00000 1.00000
vt 0.00000 1.00000
vt 0.00000 1.00000
vt 0.00000 1.00000
vt 0.00000 1.00000
vt 0.00000 1.00000
vt 0.00000 1.00000
vt 0.00000 1.00000
vt 0.00000 1.00000
vt 0.00000 1.00000
vt 0.00000 1.00000
vt 0.00000 1.00000
vt 0.00000 1.00000
vt 0.00000 1.00000
vt 0.00000 1.00000
vt 0.00000 1.00000
vt 0.00000 1.00000
vt 0.00000 1.00000
vt 0.00000 1.00000
vt 0.00000 1.00000
vt 0.00000 1.00000
vt 0.00000 1.00000
vt 0.00000 1.00000
vt 0.00000 1.00000
vt 0.00000 1.00000
vt 0.00000 1.00000
vt 0.00000 1.00000
vt 0.00000 1.00000
vt 0.00000 1.00000
vt 0.00000 1.00000
vt 0.00000 1.00000
vt 0.00000 1.00000
vt 0.00000 1.00000
vt 0.00000 1.00000
vt 0.00000 1.00000
vt 0.00000 1.00000
vt 0.00000 1.00000
vt 0.00000 1.00000
vt 0.00000 1.00000
vt 0.00000 1.00000
vt 0.00000 1.00000
vt 0.00000 1.00000
vt 0.00000 1.00000
vt 0.00000 1.00000
vt 0.00000 1.00000
vt 0.00000 1.00000
vt 0.00000 1.00000
vt 0.00000 1.00000
vt 0.00000 1.00000
vt 0.00000 1.00000
vt 0.00000 1.00000
vt 0.00000 1.00000
vt 0.00000 1.00000
vt 0.00000 1.00000
vt 0.00000 1.00000
vt 0.00000 1.00000
vt 0.00000 1.00000
vt 0.00000 1.00000
vt 0.00000 1.00000
vt 0.00000 1.00000
vt 0.00000 1.00000
vt 0.00000 1.00000
vt 0.00000 1.00000
vt 0.00000 1.00000
vt 0.00000 1.00000
vt 0.00000 1.00000
vt 0.00000 1.00000
vt 0.00000 1.00000
vt 0.00000 1.00000
vt 0.00000 1.00000
vt 0.00000 1.00000
vt 0.00000 1.00000
vt 0.00000 1.00000
vt 0.00000 1.00000
vt 0.00000 1.00000
vt 0.00000 1.00000
vt 0.00000 1.00000
vt 0.00000 1.00000
vt 0.00000 1.00000
vt 0.00000 1.00000
vt 0.00000 1.00000
vt 0.00000 1.00000
vt 0.00000 1.00000
vt 0.00000 1.00000
vt 0.00000 1.00000
vt 0.00000 1.00000
vt 0.00000 1.00000
vt 0.00000 1.00000
vt 0.00000 1.00000
vt 0.00000 1.00000
vt 0.00000 1.00000
vt 0.00000 1.00000
vt 0.00000 1.00000
vt 0.00000 1.00000
vt 0.00000 1.00000
vt 0.00000 1.00000
vt 0.00000 1.00000
vt 0.00000 1.00000
vt 0.00000 1.00000
vt 0.00000 1.00000
vt 0.00000 1.00000
vt 0.00000 1.00000
vt 0.00000 1.00000
vt 0.00000 1.00000
vt 0.00000 1.00000
vt 0.00000 1.00000
vt 0.00000 1.00000
vt 0.00000 1.00000
vt 0.00000 1.00000
vt 0.00000 1.00000
vt 0.00000 1.00000
vt 0.00000 1.00000
vt 0.00000 1.00000
vt 0.00000 1.00000
vt 0.00000 1.00000
vt 0.00000 1.00000
vt 0.00000 1.00000
vt 0.00000 1.00000
vt 0.00000 1.00000
vt 0.00000 1.00000
vt 0.00000 1.00000
vt 0.00000 1.00000
vt 0.00000 1.00000
vt 0.00000 1.00000
vt 0.00000 1.00000
vt 0.00000 1.00000
vt 0.00000 1.00000
vt 0.00000 1.00000
vt 0.00000 1.00000
vt 0.00000 1.00000
vt 0.00000 1.00000
vt 0.00000 1.00000
vt 0.00000 1.00000
vt 0.00000 1.00000
vt 0.00000 1.00000
vt 0.00000 1.00000
vt 0.00000 1.00000
vt 0.00000 1.00000
vt 0.00000 1.00000
vt 0.00000 1.00000
vt 0.00000 1.00000
vt 0.00000 1.00000
vt 0.00000 1.00000
vt 0.00000 1.00000
vt 0.00000 1.00000
vt 0.00000 1.00000
vt 0.00000 1.00000
vt 0.00000 1.00000
vt 0.00000 1.00000
vt 0.00000 1.00000
vt 0.00000 1.00000
vt 0.00000 1.00000
vt 0.00000 1.00000
vt 0.00000 1.00000
vt 0.00000 1.00000
vt 0.00000 1.00000
vt 0.00000 1.00000
vt 0.00000 1.00000
vt 0.00000 1.00000
vt 0.00000 1.00000
vt 0.00000 1.00000
vt 0.00000 1.00000
vt 0.00000 1.00000
vt 0.00000 1.00000
vt 0.00000 1.00000
vt 0.00000 1.00000
vt 0.00000 1.00000
vt 0.00000 1.00000
vt 0.00000 1.00000
vt 0.00000 1.00000
vt 0.00000 1.00000
vt 0.00000 1.00000
vt 0.00000 1.00000
vt 0.00000 1.00000
vt 0.00000 1.00000
vt 0.00000 1.00000
vt 0.00000 1.00000
vt 0.00000 1.00000
vt 0.00000 1.00000
vt 0.00000 1.00000
vt 0.00000 1.00000
vt 0.00000 1.00000
vt 0.00000 1.00000
vt 0.00000 1.00000
vt 0.00000 1.00000
vt 0.00000 1.00000
vt 0.00000 1.00000
vt 0.00000 1.00000
vt 0.00000 1.00000
vt 0.00000 1.00000
vt 0.00000 1.00000
vt 0.00000 1.00000
vt 0.00000 1.00000
vt 0.00000 1.00000
vt 0.00000 1.00000
vt 0.00000 1.00000
vt 0.00000 1.00000
vt 0.00000 1.00000
vt 0.00000 1.00000
vt 0.00000 1.00000
vt 0.00000 1.00000
vt 0.00000 1.00000
vt 0.00000 1.00000
vt 0.00000 1.00000
vt 0.00000 1.00000
vt 0.00000 1.00000
vt 0.00000 1.00000
vt 0.00000 1.00000
vt 0.00000 1.00000
vt 0.00000 1.00000
vt 0.00000 1.00000
vt 0.00000 1.00000
vt 0.00000 1.00000
vt 0.00000 1.00000
vt 0.00000 1.00000
vt 0.00000 1.00000
vt 0.00000 1.00000
vt 0.00000 1.00000
vt 0.00000 1.00000
vt 0.00000 1.00000
vt 0.00000 1.00000
vt 0.00000 1.00000
vt 0.00000 1.00000
vt 0.00000 1.00000
vt 0.00000 1.00000
vt 0.00000 1.00000
vt 0.00000 1.00000
vt 0.00000 1.00000
vt 0.00000 1.00000
vt 0.00000 1.00000
vt 0.00000 1.00000
vt 0.00000 1.00000
vt 0.00000 1.00000
vt 0.00000 1.00000
vt 0.00000 1.00000
vt 0.00000 1.00000
vt 0.00000 1.00000
vt 0.00000 1.00000
vt 0.00000 1.00000
vt 0.00000 1.00000
vt 0.00000 1.00000
vt 0.00000 1.00000
vt 0.00000 1.00000
vt 0.00000 1.00000
vt 0.00000 1.00000
vt 0.00000 1.00000
vt 0.00000 1.00000
vt 0.00000 1.00000
vt 0.00000 1.00000
vt 0.00000 1.00000
usemtl needles
f 625/625 626/626 627/627
f 628/628 629/629 630/630
f 631/631 632/632 633/633
f 634/634 635/635 636/636
f 637/637 638/638 639/639
f 640/640 641/641 642/642
f 643/643 644/644 645/645
f 646/646 647/647 648/648
f 649/649 650/650 651/651
f 652/652 653/653 654/654
f 655/655 656/656 657/657
f 658/658 659/659 660/660
f 661/661 662/662 663/663
f 664/664 665/665 666/666
f 667/667 668/668 669/669
f 670/670 671/671 672/672
f 673/673 674/674 675/675
f 676/676 677/677 678/678
f 679/679 680/680 681/681
f 682/682 683/683 684/684
f 685/685 686/686 687/687
f 688/688 689/689 690/690
f 691/691 692/692 693/693
f 694/694 695/695 696/696
f 697/697 698/698 699/699
f 700/700 701/701 702/702
f 703/703 704/704 705/705
f 706/706 707/707 708/708
f 709/709 710/710 711/711
f 712/712 713/713 714/714
f 715/715 716/716 717/717
f 718/718 719/719 720/720
f 721/721 722/722 723/723
f 724/724 725/725 726/726
f 727/727 728/728 729/729
f 730/730 731/731 732/732
f 733/733 734/734 735/735
f 736/736 737/737 738/738
f 739/739 740/740 741/741
f 742/742 743/743 744/744
f 745/745 746/746 747/747
f 748/748 749/749 750/750
f 751/751 752/752 753/753
f 754/754 755/755 756/756
f 757/757 758/758 759/759
f 760/760 761/761 762/762
f 763/763 764/764 765/765
f 766/766 767/767 768/768
f 769/769 770/770 771/771
f 772/772 773/773 774/774
f 775/775 776/776 777/777
f 778/778 779/779 780/780
f 781/781 782/782 783/783
f 784/784 785/785 786/786
f 787/787 788/788 789/789
f 790/790 791/791 792/792
f 793/793 794/794 795/795
f 796/796 797/797 798/798
f 799/799 800/800 801/801
f 802/802 803/803 804/804
f 805/805 806/806 807/807
f 808/808 809/809 810/810
f 811/811 812/812 813/813
f 814/814 815/815 816/816
f 817/817 818/818 819/819
f 820/820 821/821 822/822
f 823/823 824/824 825/825
f 826/826 827/827 828/828
f 829/829 830/830 831/831
f 832/832 833/833 834/834
f 835/835 836/836 837/837
f 838/838 839/839 840/840
f 841/841 842/842 843/843
f 844/844 845/845 846/846
f 847/847 848/848 849/849
f 850/850 851/851 852/852
f 853/853 854/854 855/855
f 856/856 857/857 858/858
f 859/859 860/860 861/861
f 862/862 863/863 864/864
f 865/865 866/866 867/867
f 868/868 869/869 870/870
f 871/871 872/872 873/873
f 874/874 875/875 876/876
f 877/877 878/878 879/879
f 880/880 881/881 882/882
f 883/883 884/884 885/885
f 886/886 887/887 888/888
f 889/889 890/890 891/891
f 892/892 893/893 894/894
f 895/895 896/896 897/897
f 898/898 899/899 900/900
f 901/901 902/902 903/903
f 904/904 905/905 906/906
f 907/907 908/908 909/909
f 910/910 911/911 912/912
f 913/913 914/914 915/915
f 916/916 917/917 918/918
f 919/919 920/920 921/921
f 922/922 923/923 924/924
f 925/925 926/926 927/927
f 928/928 929/929 930/930
f 931/931 932/932 933/933
f 934/934 935/935 936/936
f 937/937 938/938 939/939
f 940/940 941/941 942/942
f 943/943 944/944 945/945
f 946/946 947/947 948/948
f 949/949 950/950 951/951
f 952/952 953/953 954/954
f 955/955 956/956 957/957
f 958/958 959/959 960/960
f 961/961 962/962 963/963
f 964/964 965/965 966/966
f 967/967 968/968 969/969
f 970/970 971/971 972/972
f 973/973 974/974 975/975
f 976/976 977/977 978/978
f 979/979 980/980 981/981
f 982/982 983/983 984/984
f 985/985 986/986 987/987
f 988/988 989/989 990/990
f 991/991 992/992 993/993
f 994/994 995/995 996/996
f 997/997 998/998 999/999
f 1000/1000 1001/1001 1002/1002
f 1003/1003 1004/1004 1005/1005
f 1006/1006 1007/1007 1008/1008
f 1009/1009 1010/1010 1011/1011
f 1012/1012 1013/1013 1014/1014
f 1015/1015 1016/1016 1017/1017
f 1018/1018 1019/1019 1020/1020
f 1021/1021 1022/1022 1023/1023
f 1024/1024 1025/1025 1026/1026
f 1027/1027 1028/1028 1029/1029
f 1030/1030 1031/1031 1032/1032
f 1033/1033 1034/1034 1035/1035
f 1036/1036 1037/1037 1038/1038
f 1039/1039 1040/1040 1041/1041
f 1042/1042 1043/1043 1044/1044
f 1045/1045 1046/1046 1047/1047
f 1048/1048 1049/1049 1050/1050
f 1051/1051 1052/1052 1053/1053
f 1054/1054 1055/1055 1056/1056
f 1057/1057 1058/1058 1059/1059
f 1060/1060 1061/1061 1062/1062
f 1063/1063 1064/1064 1065/1065
f 1066/1066 1067/1067 1068/1068
f 1069/1069 1070/1070 1071/1071
f 1072/1072 1073/1073 1074/1074
f 1075/1075 1076/1076 1077/1077
f 1078/1078 1079/1079 1080/1080
f 1081/1081 1082/1082 1083/1083
f 1084/1084 1085/1085 1086/1086
f 1087/1087 1088/1088 1089/1089
f 1090/1090 1091/1091 1092/1092
f 1093/1093 1094/1094 1095/1095
f 1096/1096 1097/1097 1098/1098
f 1099/1099 1100/1100 1101/1101
f 1102/1102 1103/1103 1104/1104
f 1105/1105 1106/1106 1107/1107
f 1108/1108 1109/1109 1110/1110
f 1111/1111 1112/1112 1113/1113
f 1114/1114 1115/1115 1116/1116
f 1117/1117 1118/1118 1119/1119
f 1120/1120 1121/1121 1122/1122
f 1123/1123 1124/1124 1125/1125
f 1126/1126 1127/1127 1128/1128
f 1129/1129 1130/1130 1131/1131
f 1132/1132 1133/1133 1134/1134
f 1135/1135 1136/1136 1137/1137
f 1138/1138 1139/1139 1140/1140
f 1141/1141 1142/1142 1143/1143
f 1144/1144 1145/1145 1146/1146
f 1147/1147 1148/1148 1149/1149
f 1150/1150 1151/1151 1152/1152
f 1153/1153 1154/1154 1155/1155
f 1156/1156 1157/1157 1158/1158
f 1159/1159 1160/1160 1161/1161
f 1162/1162 1163/1163 1164/1164
f 1165/1165 1166/1166 1167/1167
f 1168/1168 1169/1169 1170/1170
f 1171/1171 1172/1172 1173/1173
f 1174/1174 1175/1175 1176/1176
f 1177/1177 1178/1178 1179/1179
f 1180/1180 1181/1181 1182/1182
f 1183/1183 1184/1184 1185/1185
f 1186/1186 1187/1187 1188/1188
f 1189/1189 1190/1190 1191/1191
f 1192/1192 1193/1193 1194/1194
f 1195/1195 1196/1196 1197/1197
f 1198/1198 1199/1199 1200/1200
f 1201/1201 1202/1202 1203/1203
f 1204/1204 1205/1205 1206/1206
f 1207/1207 1208/1208 1209/1209
f 1210/1210 1211/1211 1212/1212
f 1213/1213 1214/1214 1215/1215
f 1216/1216 1217/1217 1218/1218
f 1219/1219 1220/1220 1221/1221
f 1222/1222 1223/1223 1224/1224
f 1225/1225 1226/1226 1227/1227
f 1228/1228 1229/1229 1230/1230
f 1231/1231 1232/1232 1233/1233
f 1234/1234 1235/1235 1236/1236
f 1237/1237 1238/1238 1239/1239
f 1240/1240 1241/1241 1242/1242
f 1243/1243 1244/1244 1245/1245
f 1246/1246 1247/1247 1248/1248
f 1249/1249 1250/1250 1251/1251
f 1252/1252 1253/1253 1254/1254
f 1255/1255 1256/1256 1257/1257
f 1258/1258 1259/1259 1260/1260
f 1261/1261 1262/1262 1263/1263
f 1264/1264 1265/1265 1266/1266
f 1267/1267 1268/1268 1269/1269
f 1270/1270 1271/1271 1272/1272
f 1273/1273 1274/1274 1275/1275
f 1276/1276 1277/1277 1278/1278
f 1279/1279 1280/1280 1281/1281
f 1282/1282 1283/1283 1284/1284
f 1285/1285 1286/1286 1287/1287
f 1288/1288 1289/1289 1290/1290
f 1291/1291 1292/1292 1293/1293
f 1294/1294 1295/1295 1296/1296
f 1297/1297 1298/1298 1299/1299
f 1300/1300 1301/1301 1302/1302
f 1303/1303 1304/1304 1305/1305
f 1306/1306 1307/1307 1308/1308
f 1309/1309 1310/1310 1311/1311
f 1312/1312 1313/1313 1314/1314
f 1315/1315 1316/1316 1317/1317
f 1318/1318 1319/1319 1320/1320
f 1321/1321 1322/1322 1323/1323
f 1324/1324 1325/1325 1326/1326
f 1327/1327 1328/1328 1329/1329
f 1330/1330 1331/1331 1332/1332
f 1333/1333 1334/1334 1335/1335
f 1336/1336 1337/1337 1338/1338
f 1339/1339 1340/1340 1341/1341
f 1342/1342 1343/1343 1344/1344
f 1345/1345 1346/1346 1347/1347
f 1348/1348 1349/1349 1350/1350
f 1351/1351 1352/1352 1353/1353
f 1354/1354 1355/1355 1356/1356
f 1357/1357 1358/1358 1359/1359
f 1360/1360 1361/1361 1362/1362
f 1363/1363 1364/1364 1365/1365
f 1366/1366 1367/1367 1368/1368
f 1369/1369 1370/1370 1371/1371
f 1372/1372 1373/1373 1374/1374
f 1375/1375 1376/1376 1377/1377
f 1378/1378 1379/1379 1380/1380
f 1381/1381 1382/1382 1383/1383
f 1384/1384 1385/1385 1386/1386
f 1387/1387 1388/1388 1389/1389
f 1390/1390 1391/1391 1392/1392
f 1393/1393 1394/1394 1395/1395
f 1396/1396 1397/1397 1398/1398
f 1399/1399 1400/1400 1401/1401
f 1402/1402 1403/1403 1404/1404
f 1405/1405 1406/1406 1407/1407
f 1408/1408 1409/1409 1410/1410
f 1411/1411 1412/1412 1413/1413
f 1414/1414 1415/1415 1416/1416
f 1417/1417 1418/1418 1419/1419
f 1420/1420 1421/1421 1422/1422
f 1423/1423 1424/1424 1425/1425
f 1426/1426 1427/1427 1428/1428
f 1429/1429 1430/1430 1431/1431
f 1432/1432 1433/1433 1434/1434
f 1435/1435 1436/1436 1437/1437
f 1438/1438 1439/1439 1440/1440
f 1441/1441 1442/1442 1443/1443
f 1444/1444 1445/1445 1446/1446
f 1447/1447 1448/1448 1449/1449
f 1450/1450 1451/1451 1452/1452
f 1453/1453 1454/1454 1455/1455
f 1456/1456 1457/1457 1458/1458
f 1459/1459 1460/1460 1461/1461
f 1462/1462 1463/1463 1464/1464
f 1465/1465 1466/1466 1467/1467
f 1468/1468 1469/1469 1470/1470
f 1471/1471 1472/1472 1473/1473
f 1474/1474 1475/1475 1476/1476
f 1477/1477 1478/1478 1479/1479
f 1480/1480 1481/1481 1482/1482
f 1483/1483 1484/1484 1485/1485
f 1486/1486 1487/1487 1488/1488
f 1489/1489 1490/1490 1491/1491
f 1492/1492 1493/1493 1494/1494
f 1495/1495 1496/1496 1497/1497
f 1498/1498 1499/1499 1500/1500
f 1501/1501 1502/1502 1503/1503
f 1504/1504 1505/1505 1506/1506
f 1507/1507 1508/1508 1509/1509
f 1510/1510 1511/1511 1512/1512
f 1513/1513 1514/1514 1515/1515
f 1516/1516 1517/1517 1518/1518
f 1519/1519 1520/1520 1521/1521
f 1522/1522 1523/1523 1524/1524
f 1525/1525 1526/1526 1527/1527
f 1528/1528 1529/1529 1530/1530
f 1531/1531 1532/1532 1533/1533
f 1534/1534 1535/1535 1536/1536
f 1537/1537 1538/1538 1539/1539
f 1540/1540 1541/1541 1542/1542
f 1543/1543 1544/1544 1545/1545
f 1546/1546 1547/1547 1548/1548
f 1549/1549 1550/1550 1551/1551
f 1552/1552 1553/1553 1554/1554
f 1555/1555 1556/1556 1557/1557
f 1558/1558 1559/1559 1560/1560
f 1561/1561 1562/1562 1563/1563
f 1564/1564 1565/1565 1566/1566
f 1567/1567 1568/1568 1569/1569
f 1570/1570 1571/1571 1572/1572
f 1573/1573 1574/1574 1575/1575
f 1576/1576 1577/1577 1578/1578
f 1579/1579 1580/1580 1581/1581
f 1582/1582 1583/1583 1584/1584
f 1585/1585 1586/1586 1587/1587
f 1588/1588 1589/1589 1590/1590
f 1591/1591 1592/1592 1593/1593
f 1594/1594 1595/1595 1596/1596
f 1597/1597 1598/1598 1599/1599
f 1600/1600 1601/1601 1602/1602
f 1603/1603 1604/1604 1605/1605
f 1606/1606 1607/1607 1608/1608
f 1609/1609 1610/1610 1611/1611
f 1612/1612 1613/1613 1614/1614
f 1615/1615 1616/1616 1617/1617
f 1618/1618 1619/1619 1620/1620
f 1621/1621 1622/1622 1623/1623
f 1624/1624 1625/1625 1626/1626
f 1627/1627 1628/1628 1629/1629
f 1630/1630 1631/1631 1632/1632
f 1633/1633 1634/1634 1635/1635
f 1636/1636 1637/1637 1638/1638
f 1639/1639 1640/1640 1641/1641
f 1642/1642 1643/1643 1644/1644
f 1645/1645 1646/1646 1647/1647
f 1648/1648 1649/1649 1650/1650
f 1651/1651 1652/1652 1653/1653
f 1654/1654 1655/1655 1656/1656
f 1657/1657 1658/1658 1659/1659
f 1660/1660 1661/1661 1662/1662
f 1663/1663 1664/1664 1665/1665
f 1666/1666 1667/1667 1668/1668
f 1669/1669 1670/1670 1671/1671
f 1672/1672 1673/1673 1674/1674
f 1675/1675 1676/1676 1677/1677
f 1678/1678 1679/1679 1680/1680
f 1681/1681 1682/1682 1683/1683
f 1684/1684 1685/1685 1686/1686
f 1687/1687 1688/1688 1689/1689
f 1690/1690 1691/1691 1692/1692
f 1693/1693 1694/1694 1695/1695
f 1696/1696 1697/1697 1698/1698
f 1699/1699 1700/1700 1701/1701
f 1702/1702 1703/1703 1704/1704
f 1705/1705 1706/1706 1707/1707
f 1708/1708 1709/1709 1710/1710
f 1711/1711 1712/1712 1713/1713
f 1714/1714 1715/1715 1716/1716
f 1717/1717 1718/1718 1719/1719
f 1720/1720 1721/1721 1722/1722
f 1723/1723 1724/1724 1725/1725
f 1726/1726 1727/1727 1728/1728
f 1729/1729 1730/1730 1731/1731
f 1732/1732 1733/1733 1734/1734
f 1735/1735 1736/1736 1737/1737
f 1738/1738 1739/1739 1740/1740
f 1741/1741 1742/1742 1743/1743
f 1744/1744 1745/1745 1746/1746
f 1747/1747 1748/1748 1749/1749
f 1750/1750 1751/1751 1752/1752
f 1753/1753 1754/1754 1755/1755
f 1756/1756 1757/1757 1758/1758
f 1759/1759 1760/1760 1761/1761
f 1762/1762 1763/1763 1764/1764
f 1765/1765 1766/1766 1767/1767
f 1768/1768 1769/1769 1770/1770
f 1771/1771 1772/1772 1773/1773
f 1774/1774 1775/1775 1776/1776
f 1777/1777 1778/1778 1779/1779
f 1780/1780 1781/1781 1782/1782
f 1783/1783 1784/1784 1785/1785
f 1786/1786 1787/1787 1788/1788
f 1789/1789 1790/1790 1791/1791
f 1792/1792 1793/1793 1794/1794
f 1795/1795 1796/1796 1797/1797
f 1798/1798 1799/1799 1800/1800
f 1801/1801 1802/1802 1803/1803
f 1804/1804 1805/1805 1806/1806
f 1807/1807 1808/1808 1809/1809
f 1810/1810 1811/1811 1812/1812
f 1813/1813 1814/1814 1815/1815
f 1816/1816 1817/1817 1818/1818
f 1819/1819 1820/1820 1821/1821
f 1822/1822 1823/1823 1824/1824
f 1825/1825 1826/1826 1827/1827
f 1828/1828 1829/1829 1830/1830
f 1831/1831 1832/1832 1833/1833
f 1834/1834 1835/1835 1836/1836
f 1837/1837 1838/1838 1839/1839
f 1840/1840 1841/1841 1842/1842
f 1843/1843 1844/1844 1845/1845
f 1846/1846 1847/1847 1848/1848
f 1849/1849 1850/1850 1851/1851
f 1852/1852 1853/1853 1854/1854
f 1855/1855 1856/1856 1857/1857
f 1858/1858 1859/1859 1860/1860
f 1861/1861 1862/1862 1863/1863
f 1864/1864 1865/1865 1866/1866
f 1867/1867 1868/1868 1869/1869
f 1870/1870 1871/1871 1872/1872
f 1873/1873 1874/1874 1875/1875
f 1876/1876 1877/1877 1878/1878
f 1879/1879 1880/1880 1881/1881
f 1882/1882 1883/1883 1884/1884
f 1885/1885 1886/1886 1887/1887
f 1888/1888 1889/1889 1890/1890
f 1891/1891 1892/1892 1893/1893
f 1894/1894 1895/1895 1896/1896
f 1897/1897 1898/1898 1899/1899
f 1900/1900 1901/1901 1902/1902
f 1903/1903 1904/1904 1905/1905
f 1906/1906 1907/1907 1908/1908
f 1909/1909 1910/1910 1911/1911
f 1912/1912 1913/1913 1914/1914
f 1915/1915 1916/1916 1917/1917
f 1918/1918 1919/1919 1920/1920
f 1921/1921 1922/1922 1923/1923
f 1924/1924 1925/1925 1926/1926
f 1927/1927 1928/1928 1929/1929
f 1930/1930 1931/1931 1932/1932
f 1933/1933 1934/1934 1935/1935
f 1936/1936 1937/1937 1938/1938
f 1939/1939 1940/1940 1941/1941
f 1942/1942 1943/1943 1944/1944
f 1945/1945 1946/1946 1947/1947
f 1948/1948 1949/1949 1950/1950
f 1951/1951 1952/1952 1953/1953
f 1954/1954 1955/1955 1956/1956
f 1957/1957 1958/1958 1959/1959
f 1960/1960 1961/1961 1962/1962
f 1963/1963 1964/1964 1965/1965
f 1966/1966 1967/1967 1968/1968
f 1969/1969 1970/1970 1971/1971
f 1972/1972 1973/1973 1974/1974
f 1975/1975 1976/1976 1977/1977
f 1978/1978 1979/1979 1980/1980
f 1981/1981 1982/1982 1983/1983
f 1984/1984 1985/1985 1986/1986
f 1987/1987 1988/1988 1989/1989
f 1990/1990 1991/1991 1992/1992
f 1993/1993 1994/1994 1995/1995
f 1996/1996 1997/1997 1998/1998
f 1999/1999 2000/2000 2001/2001
f 2002/2002 2003/2003 2004/2004
f 2005/2005 2006/2006 2007/2007
f 2008/2008 2009/2009 2010/2010
f 2011/2011 2012/2012 2013/2013
f 2014/2014 2015/2015 2016/2016
f 2017/2017 2018/2018 2019/2019
f 2020/2020 2021/2021 2022/2022
f 2023/2023 2024/2024 2025/2025
f 2026/2026 2027/2027 2028/2028
f 2029/2029 2030/2030 2031/2031
f 2032/2032 2033/2033 2034/2034
f 2035/2035 2036/2036 2037/2037
f 2038/2038 2039/2039 2040/2040
f 2041/2041 2042/2042 2043/2043
f 2044/2044 2045/2045 2046/2046
f 2047/2047 2048/2048 2049/2049
f 2050/2050 2051/2051 2052/2052
f 2053/2053 2054/2054 2055/2055
f 2056/2056 2057/2057 2058/2058
f 2059/2059 2060/2060 2061/2061
f 2062/2062 2063/2063 2064/2064
f 2065/2065 2066/2066 2067/2067
f 2068/2068 2069/2069 2070/2070
f 2071/2071 2072/2072 2073/2073
f 2074/2074 2075/2075 2076/2076
f 2077/2077 2078/2078 2079/2079
f 2080/2080 2081/2081 2082/2082
f 2083/2083 2084/2084 2085/2085
f 2086/2086 2087/2087 2088/2088
f 2089/2089 2090/2090 2091/2091
f 2092/2092 2093/2093 2094/2094
f 2095/2095 2096/2096 2097/2097
f 2098/2098 2099/2099 2100/2100
f 2101/2101 2102/2102 2103/2103
f 2104/2104 2105/2105 2106/2106
f 2107/2107 2108/2108 2109/2109
f 2110/2110 2111/2111 2112/2112
f 2113/2113 2114/2114 2115/2115
f 2116/2116 2117/2117 2118/2118
f 2119/2119 2120/2120 2121/2121
f 2122/2122 2123/2123 2124/2124
f 2125/2125 2126/2126 2127/2127
f 2128/2128 2129/2129 2130/2130
f 2131/2131 2132/2132 2133/2133
f 2134/2134 2135/2135 2136/2136
f 2137/2137 2138/2138 2139/2139
f 2140/2140 2141/2141 2142/2142
f 2143/2143 2144/2144 2145/2145
f 2146/2146 2147/2147 2148/2148
f 2149/2149 2150/2150 2151/2151
f 2152/2152 2153/2153 2154/2154
f 2155/2155 2156/2156 2157/2157
f 2158/2158 2159/2159 2160/2160
f 2161/2161 2162/2162 2163/2163
f 2164/2164 2165/2165 2166/2166
f 2167/2167 2168/2168 2169/2169
f 2170/2170 2171/2171 2172/2172
f 2173/2173 2174/2174 2175/2175
f 2176/2176 2177/2177 2178/2178
f 2179/2179 2180/2180 2181/2181
f 2182/2182 2183/2183 2184/2184
