# Generated by TyraX. Do not edit - rebaked from the procedural graph of 'pines'.
# 39 instances of res/models/pine.obj
mtllib props.mtl
v 0.6683 16.3660 28.4156
v 0.4905 16.3598 28.2271
v 0.4545 17.8782 28.2111
v 0.6683 16.3660 28.4156
v 0.4545 17.8782 28.2111
v 0.6324 17.8844 28.3996
v 0.4905 16.3598 28.2271
v 0.6790 16.3624 28.0492
v 0.6431 17.8808 28.0331
v 0.4905 16.3598 28.2271
v 0.6431 17.8808 28.0331
v 0.4545 17.8782 28.2111
v 0.6790 16.3624 28.0492
v 0.8569 16.3686 28.2377
v 0.8209 17.8870 28.2216
v 0.6790 16.3624 28.0492
v 0.8209 17.8870 28.2216
v 0.6431 17.8808 28.0331
v 0.8569 16.3686 28.2377
v 0.6683 16.3660 28.4156
v 0.6324 17.8844 28.3996
v 0.8569 16.3686 28.2377
v 0.6324 17.8844 28.3996
v 0.8209 17.8870 28.2216
v -8.8689 15.8833 15.1913
v -8.7030 15.8781 15.2953
v -8.6896 17.0249 15.3312
v -8.8689 15.8833 15.1913
v -8.6896 17.0249 15.3312
v -8.8555 17.0301 15.2272
v -8.7030 15.8781 15.2953
v -8.8071 15.8741 15.4612
v -8.7937 17.0209 15.4970
v -8.7030 15.8781 15.2953
v -8.7937 17.0209 15.4970
v -8.6896 17.0249 15.3312
v -8.8071 15.8741 15.4612
v -8.9730 15.8793 15.3572
v -8.9596 17.0261 15.3931
v -8.8071 15.8741 15.4612
v -8.9596 17.0261 15.3931
v -8.7937 17.0209 15.4970
v -8.9730 15.8793 15.3572
v -8.8689 15.8833 15.1913
v -8.8555 17.0301 15.2272
v -8.9730 15.8793 15.3572
v -8.8555 17.0301 15.2272
v -8.9596 17.0261 15.3931
v -51.5530 11.9762 7.3449
v -51.2792 11.9777 7.2401
v -51.3495 13.6864 7.0815
v -51.5530 11.9762 7.3449
v -51.3495 13.6864 7.0815
v -51.6233 13.6848 7.1863
v -51.2792 11.9777 7.2401
v -51.1750 12.0073 7.5125
v -51.2454 13.7160 7.3539
v -51.2792 11.9777 7.2401
v -51.2454 13.7160 7.3539
v -51.3495 13.6864 7.0815
v -51.1750 12.0073 7.5125
v -51.4488 12.0058 7.6174
v -51.5191 13.7144 7.4587
v -51.1750 12.0073 7.5125
v -51.5191 13.7144 7.4587
v -51.2454 13.7160 7.3539
v -51.4488 12.0058 7.6174
v -51.5530 11.9762 7.3449
v -51.6233 13.6848 7.1863
v -51.4488 12.0058 7.6174
v -51.6233 13.6848 7.1863
v -51.5191 13.7144 7.4587
v -11.4008 15.5491 -10.5000
v -11.3921 15.5497 -10.7471
v -11.5913 16.9842 -10.7505
v -11.4008 15.5491 -10.5000
v -11.5913 16.9842 -10.7505
v -11.6000 16.9836 -10.5034
v -11.3921 15.5497 -10.7471
v -11.1474 15.5837 -10.7384
v -11.3466 17.0182 -10.7418
v -11.3921 15.5497 -10.7471
v -11.3466 17.0182 -10.7418
v -11.5913 16.9842 -10.7505
v -11.1474 15.5837 -10.7384
v -11.1561 15.5831 -10.4913
v -11.3553 17.0176 -10.4948
v -11.1474 15.5837 -10.7384
v -11.3553 17.0176 -10.4948
v -11.3466 17.0182 -10.7418
v -11.1561 15.5831 -10.4913
v -11.4008 15.5491 -10.5000
v -11.6000 16.9836 -10.5034
v -11.1561 15.5831 -10.4913
v -11.6000 16.9836 -10.5034
v -11.3553 17.0176 -10.4948
v 14.7130 16.4317 26.6040
v 14.7122 16.4317 26.3839
v 14.5623 17.7125 26.3843
v 14.7130 16.4317 26.6040
v 14.5623 17.7125 26.3843
v 14.5630 17.7126 26.6044
v 14.7122 16.4317 26.3839
v 14.9308 16.4573 26.3832
v 14.7809 17.7381 26.3835
v 14.7122 16.4317 26.3839
v 14.7809 17.7381 26.3835
v 14.5623 17.7125 26.3843
v 14.9308 16.4573 26.3832
v 14.9316 16.4573 26.6033
v 14.7817 17.7382 26.6036
v 14.9308 16.4573 26.3832
v 14.7817 17.7382 26.6036
v 14.7809 17.7381 26.3835
v 14.9316 16.4573 26.6033
v 14.7130 16.4317 26.6040
v 14.5630 17.7126 26.6044
v 14.9316 16.4573 26.6033
v 14.5630 17.7126 26.6044
v 14.7817 17.7382 26.6036
v -44.1207 12.3704 -16.9395
v -44.3620 12.3651 -17.0750
v -44.4471 13.9824 -16.9868
v -44.1207 12.3704 -16.9395
v -44.4471 13.9824 -16.9868
v -44.2057 13.9877 -16.8513
v -44.3620 12.3651 -17.0750
v -44.2272 12.3853 -17.3159
v -44.3123 14.0026 -17.2278
v -44.3620 12.3651 -17.0750
v -44.3123 14.0026 -17.2278
v -44.4471 13.9824 -16.9868
v -44.2272 12.3853 -17.3159
v -43.9858 12.3906 -17.1804
v -44.0709 14.0079 -17.0923
v -44.2272 12.3853 -17.3159
v -44.0709 14.0079 -17.0923
v -44.3123 14.0026 -17.2278
v -43.9858 12.3906 -17.1804
v -44.1207 12.3704 -16.9395
v -44.2057 13.9877 -16.8513
v -43.9858 12.3906 -17.1804
v -44.2057 13.9877 -16.8513
v -44.0709 14.0079 -17.0923
v -7.2247 15.9374 32.5662
v -7.4088 15.9266 32.5987
v -7.4836 17.0192 32.5350
v -7.2247 15.9374 32.5662
v -7.4836 17.0192 32.5350
v -7.2995 17.0299 32.5025
v -7.4088 15.9266 32.5987
v -7.4405 15.9137 32.4146
v -7.5154 17.0062 32.3509
v -7.4088 15.9266 32.5987
v -7.5154 17.0062 32.3509
v -7.4836 17.0192 32.5350
v -7.4405 15.9137 32.4146
v -7.2564 15.9244 32.3821
v -7.3313 17.0170 32.3184
v -7.4405 15.9137 32.4146
v -7.3313 17.0170 32.3184
v -7.5154 17.0062 32.3509
v -7.2564 15.9244 32.3821
v -7.2247 15.9374 32.5662
v -7.2995 17.0299 32.5025
v -7.2564 15.9244 32.3821
v -7.2995 17.0299 32.5025
v -7.3313 17.0170 32.3184
v -46.7577 12.3283 -23.4731
v -46.9174 12.3168 -23.7481
v -46.9833 14.1797 -23.7873
v -46.7577 12.3283 -23.4731
v -46.9833 14.1797 -23.7873
v -46.8236 14.1911 -23.5122
v -46.9174 12.3168 -23.7481
v -46.6424 12.3232 -23.9081
v -46.7083 14.1861 -23.9472
v -46.9174 12.3168 -23.7481
v -46.7083 14.1861 -23.9472
v -46.9833 14.1797 -23.7873
v -46.6424 12.3232 -23.9081
v -46.4827 12.3346 -23.6330
v -46.5486 14.1975 -23.6722
v -46.6424 12.3232 -23.9081
v -46.5486 14.1975 -23.6722
v -46.7083 14.1861 -23.9472
v -46.4827 12.3346 -23.6330
v -46.7577 12.3283 -23.4731
v -46.8236 14.1911 -23.5122
v -46.4827 12.3346 -23.6330
v -46.8236 14.1911 -23.5122
v -46.5486 14.1975 -23.6722
v -1.5390 16.4169 3.8128
v -1.7681 16.4130 3.9165
v -1.7639 17.8847 3.9819
v -1.5390 16.4169 3.8128
v -1.7639 17.8847 3.9819
v -1.5349 17.8886 3.8781
v -1.7681 16.4130 3.9165
v -1.8719 16.4234 3.6877
v -1.8677 17.8951 3.7531
v -1.7681 16.4130 3.9165
v -1.8677 17.8951 3.7531
v -1.7639 17.8847 3.9819
v -1.8719 16.4234 3.6877
v -1.6428 16.4274 3.5840
v -1.6387 17.8991 3.6494
v -1.8719 16.4234 3.6877
v -1.6387 17.8991 3.6494
v -1.8677 17.8951 3.7531
v -1.6428 16.4274 3.5840
v -1.5390 16.4169 3.8128
v -1.5349 17.8886 3.8781
v -1.6428 16.4274 3.5840
v -1.5349 17.8886 3.8781
v -1.6387 17.8991 3.6494
v -37.8593 13.4972 40.2338
v -37.7586 13.4932 40.0224
v -37.7423 14.8655 40.0045
v -37.8593 13.4972 40.2338
v -37.7423 14.8655 40.0045
v -37.8431 14.8695 40.2160
v -37.7586 13.4932 40.0224
v -37.5471 13.4920 40.1231
v -37.5308 14.8643 40.1053
v -37.7586 13.4932 40.0224
v -37.5308 14.8643 40.1053
v -37.7423 14.8655 40.0045
v -37.5471 13.4920 40.1231
v -37.6478 13.4960 40.3346
v -37.6316 14.8683 40.3168
v -37.5471 13.4920 40.1231
v -37.6316 14.8683 40.3168
v -37.5308 14.8643 40.1053
v -37.6478 13.4960 40.3346
v -37.8593 13.4972 40.2338
v -37.8431 14.8695 40.2160
v -37.6478 13.4960 40.3346
v -37.8431 14.8695 40.2160
v -37.6316 14.8683 40.3168
v -33.5951 13.6879 28.2049
v -33.7928 13.6856 28.2964
v -33.8160 14.9612 28.2794
v -33.5951 13.6879 28.2049
v -33.8160 14.9612 28.2794
v -33.6183 14.9636 28.1880
v -33.7928 13.6856 28.2964
v -33.8842 13.6813 28.0987
v -33.9074 14.9569 28.0818
v -33.7928 13.6856 28.2964
v -33.9074 14.9569 28.0818
v -33.8160 14.9612 28.2794
v -33.8842 13.6813 28.0987
v -33.6865 13.6837 28.0073
v -33.7097 14.9593 27.9903
v -33.8842 13.6813 28.0987
v -33.7097 14.9593 27.9903
v -33.9074 14.9569 28.0818
v -33.6865 13.6837 28.0073
v -33.5951 13.6879 28.2049
v -33.6183 14.9636 28.1880
v -33.6865 13.6837 28.0073
v -33.6183 14.9636 28.1880
v -33.7097 14.9593 27.9903
v -12.5901 15.6303 19.6796
v -12.5165 15.6262 19.9022
v -12.5132 16.9996 19.9264
v -12.5901 15.6303 19.6796
v -12.5132 16.9996 19.9264
v -12.5867 17.0037 19.7038
v -12.5165 15.6262 19.9022
v -12.7391 15.6254 19.9757
v -12.7358 16.9988 20.0000
v -12.5165 15.6262 19.9022
v -12.7358 16.9988 20.0000
v -12.5132 16.9996 19.9264
v -12.7391 15.6254 19.9757
v -12.8127 15.6295 19.7531
v -12.8093 17.0029 19.7774
v -12.7391 15.6254 19.9757
v -12.8093 17.0029 19.7774
v -12.7358 16.9988 20.0000
v -12.8127 15.6295 19.7531
v -12.5901 15.6303 19.6796
v -12.5867 17.0037 19.7038
v -12.8127 15.6295 19.7531
v -12.5867 17.0037 19.7038
v -12.8093 17.0029 19.7774
v 13.1824 15.5005 49.4830
v 13.3275 15.4995 49.7141
v 13.2110 17.0920 49.7941
v 13.1824 15.5005 49.4830
v 13.2110 17.0920 49.7941
v 13.0660 17.0930 49.5629
v 13.3275 15.4995 49.7141
v 13.0972 15.4754 49.8585
v 12.9807 17.0679 49.9384
v 13.3275 15.4995 49.7141
v 12.9807 17.0679 49.9384
v 13.2110 17.0920 49.7941
v 13.0972 15.4754 49.8585
v 12.9521 15.4764 49.6274
v 12.8357 17.0689 49.7073
v 13.0972 15.4754 49.8585
v 12.8357 17.0689 49.7073
v 12.9807 17.0679 49.9384
v 12.9521 15.4764 49.6274
v 13.1824 15.5005 49.4830
v 13.0660 17.0930 49.5629
v 12.9521 15.4764 49.6274
v 13.0660 17.0930 49.5629
v 12.8357 17.0689 49.7073
v -45.4403 13.2028 31.2827
v -45.3334 13.1996 31.5158
v -45.3031 14.7017 31.5221
v -45.4403 13.2028 31.2827
v -45.3031 14.7017 31.5221
v -45.4100 14.7049 31.2891
v -45.3334 13.1996 31.5158
v -45.5665 13.2039 31.6227
v -45.5362 14.7060 31.6291
v -45.3334 13.1996 31.5158
v -45.5362 14.7060 31.6291
v -45.3031 14.7017 31.5221
v -45.5665 13.2039 31.6227
v -45.6734 13.2070 31.3896
v -45.6431 14.7091 31.3960
v -45.5665 13.2039 31.6227
v -45.6431 14.7091 31.3960
v -45.5362 14.7060 31.6291
v -45.6734 13.2070 31.3896
v -45.4403 13.2028 31.2827
v -45.4100 14.7049 31.2891
v -45.6734 13.2070 31.3896
v -45.4100 14.7049 31.2891
v -45.6431 14.7091 31.3960
v 3.2076 16.4218 26.4590
v 3.2764 16.4186 26.1892
v 3.2597 18.0500 26.1654
v 3.2076 16.4218 26.4590
v 3.2597 18.0500 26.1654
v 3.1909 18.0532 26.4353
v 3.2764 16.4186 26.1892
v 3.5463 16.4223 26.2579
v 3.5296 18.0537 26.2342
v 3.2764 16.4186 26.1892
v 3.5296 18.0537 26.2342
v 3.2597 18.0500 26.1654
v 3.5463 16.4223 26.2579
v 3.4775 16.4255 26.5278
v 3.4608 18.0569 26.5040
v 3.5463 16.4223 26.2579
v 3.4608 18.0569 26.5040
v 3.5296 18.0537 26.2342
v 3.4775 16.4255 26.5278
v 3.2076 16.4218 26.4590
v 3.1909 18.0532 26.4353
v 3.4775 16.4255 26.5278
v 3.1909 18.0532 26.4353
v 3.4608 18.0569 26.5040
v -21.4789 14.1434 36.4417
v -21.2329 14.1321 36.4408
v -21.1665 15.5729 36.4849
v -21.4789 14.1434 36.4417
v -21.1665 15.5729 36.4849
v -21.4125 15.5842 36.4857
v -21.2329 14.1321 36.4408
v -21.2324 14.1246 36.6870
v -21.1660 15.5653 36.7310
v -21.2329 14.1321 36.4408
v -21.1660 15.5653 36.7310
v -21.1665 15.5729 36.4849
v -21.2324 14.1246 36.6870
v -21.4784 14.1359 36.6878
v -21.4120 15.5767 36.7318
v -21.2324 14.1246 36.6870
v -21.4120 15.5767 36.7318
v -21.1660 15.5653 36.7310
v -21.4784 14.1359 36.6878
v -21.4789 14.1434 36.4417
v -21.4125 15.5842 36.4857
v -21.4784 14.1359 36.6878
v -21.4125 15.5842 36.4857
v -21.4120 15.5767 36.7318
v -27.0671 14.4749 17.7944
v -27.1531 14.4730 17.9993
v -27.1449 15.7750 18.0148
v -27.0671 14.4749 17.7944
v -27.1449 15.7750 18.0148
v -27.0589 15.7769 17.8098
v -27.1531 14.4730 17.9993
v -27.3580 14.4753 17.9133
v -27.3498 15.7773 17.9287
v -27.1531 14.4730 17.9993
v -27.3498 15.7773 17.9287
v -27.1449 15.7750 18.0148
v -27.3580 14.4753 17.9133
v -27.2720 14.4772 17.7083
v -27.2638 15.7792 17.7238
v -27.3580 14.4753 17.9133
v -27.2638 15.7792 17.7238
v -27.3498 15.7773 17.9287
v -27.2720 14.4772 17.7083
v -27.0671 14.4749 17.7944
v -27.0589 15.7769 17.8098
v -27.2720 14.4772 17.7083
v -27.0589 15.7769 17.8098
v -27.2638 15.7792 17.7238
v 8.7830 15.8856 -31.7832
v 8.5623 15.9010 -31.5850
v 8.6577 17.6387 -31.6140
v 8.7830 15.8856 -31.7832
v 8.6577 17.6387 -31.6140
v 8.8784 17.6233 -31.8123
v 8.5623 15.9010 -31.5850
v 8.3641 15.9082 -31.8062
v 8.4594 17.6459 -31.8352
v 8.5623 15.9010 -31.5850
v 8.4594 17.6459 -31.8352
v 8.6577 17.6387 -31.6140
v 8.3641 15.9082 -31.8062
v 8.5848 15.8927 -32.0045
v 8.6802 17.6304 -32.0335
v 8.3641 15.9082 -31.8062
v 8.6802 17.6304 -32.0335
v 8.4594 17.6459 -31.8352
v 8.5848 15.8927 -32.0045
v 8.7830 15.8856 -31.7832
v 8.8784 17.6233 -31.8123
v 8.5848 15.8927 -32.0045
v 8.8784 17.6233 -31.8123
v 8.6802 17.6304 -32.0335
v 5.3782 16.5233 14.2613
v 5.4794 16.5228 14.0827
v 5.4700 17.7253 14.0743
v 5.3782 16.5233 14.2613
v 5.4700 17.7253 14.0743
v 5.3688 17.7258 14.2529
v 5.4794 16.5228 14.0827
v 5.6580 16.5249 14.1839
v 5.6486 17.7274 14.1755
v 5.4794 16.5228 14.0827
v 5.6486 17.7274 14.1755
v 5.4700 17.7253 14.0743
v 5.6580 16.5249 14.1839
v 5.5568 16.5254 14.3625
v 5.5474 17.7279 14.3541
v 5.6580 16.5249 14.1839
v 5.5474 17.7279 14.3541
v 5.6486 17.7274 14.1755
v 5.5568 16.5254 14.3625
v 5.3782 16.5233 14.2613
v 5.3688 17.7258 14.2529
v 5.5568 16.5254 14.3625
v 5.3688 17.7258 14.2529
v 5.5474 17.7279 14.3541
v -5.5259 16.0356 27.7007
v -5.6591 16.0324 27.5032
v -5.7099 17.4272 27.5150
v -5.5259 16.0356 27.7007
v -5.7099 17.4272 27.5150
v -5.5768 17.4303 27.7125
v -5.6591 16.0324 27.5032
v -5.4617 16.0407 27.3700
v -5.5125 17.4355 27.3818
v -5.6591 16.0324 27.5032
v -5.5125 17.4355 27.3818
v -5.7099 17.4272 27.5150
v -5.4617 16.0407 27.3700
v -5.3286 16.0439 27.5675
v -5.3794 17.4387 27.5793
v -5.4617 16.0407 27.3700
v -5.3794 17.4387 27.5793
v -5.5125 17.4355 27.3818
v -5.3286 16.0439 27.5675
v -5.5259 16.0356 27.7007
v -5.5768 17.4303 27.7125
v -5.3286 16.0439 27.5675
v -5.5768 17.4303 27.7125
v -5.3794 17.4387 27.5793
v 11.9626 16.8111 12.2136
v 11.7127 16.7931 12.2614
v 11.5960 18.2819 12.2136
v 11.9626 16.8111 12.2136
v 11.5960 18.2819 12.2136
v 11.8459 18.3000 12.1658
v 11.7127 16.7931 12.2614
v 11.6657 16.7813 12.0110
v 11.5490 18.2702 11.9632
v 11.7127 16.7931 12.2614
v 11.5490 18.2702 11.9632
v 11.5960 18.2819 12.2136
v 11.6657 16.7813 12.0110
v 11.9156 16.7994 11.9632
v 11.7988 18.2883 11.9154
v 11.6657 16.7813 12.0110
v 11.7988 18.2883 11.9154
v 11.5490 18.2702 11.9632
v 11.9156 16.7994 11.9632
v 11.9626 16.8111 12.2136
v 11.8459 18.3000 12.1658
v 11.9156 16.7994 11.9632
v 11.8459 18.3000 12.1658
v 11.7988 18.2883 11.9154
v -24.7416 14.4093 24.8084
v -24.9603 14.4073 24.6124
v -25.0699 16.1212 24.7176
v -24.7416 14.4093 24.8084
v -25.0699 16.1212 24.7176
v -24.8512 16.1232 24.9136
v -24.9603 14.4073 24.6124
v -24.7652 14.4332 24.3944
v -24.8748 16.1471 24.4996
v -24.9603 14.4073 24.6124
v -24.8748 16.1471 24.4996
v -25.0699 16.1212 24.7176
v -24.7652 14.4332 24.3944
v -24.5465 14.4351 24.5904
v -24.6561 16.1490 24.6956
v -24.7652 14.4332 24.3944
v -24.6561 16.1490 24.6956
v -24.8748 16.1471 24.4996
v -24.5465 14.4351 24.5904
v -24.7416 14.4093 24.8084
v -24.8512 16.1232 24.9136
v -24.5465 14.4351 24.5904
v -24.8512 16.1232 24.9136
v -24.6561 16.1490 24.6956
v -31.5681 13.9261 6.6866
v -31.8439 13.9118 6.6201
v -31.9231 15.5742 6.5907
v -31.5681 13.9261 6.6866
v -31.9231 15.5742 6.5907
v -31.6472 15.5885 6.6571
v -31.8439 13.9118 6.6201
v -31.7773 13.9100 6.3439
v -31.8565 15.5725 6.3145
v -31.8439 13.9118 6.6201
v -31.8565 15.5725 6.3145
v -31.9231 15.5742 6.5907
v -31.7773 13.9100 6.3439
v -31.5015 13.9243 6.4104
v -31.5806 15.5868 6.3809
v -31.7773 13.9100 6.3439
v -31.5806 15.5868 6.3809
v -31.8565 15.5725 6.3145
v -31.5015 13.9243 6.4104
v -31.5681 13.9261 6.6866
v -31.6472 15.5885 6.6571
v -31.5015 13.9243 6.4104
v -31.6472 15.5885 6.6571
v -31.5806 15.5868 6.3809
v 13.0999 16.6099 23.1295
v 12.7901 16.6090 23.1078
v 12.7851 18.4282 23.0985
v 13.0999 16.6099 23.1295
v 12.7851 18.4282 23.0985
v 13.0948 18.4292 23.1202
v 12.7901 16.6090 23.1078
v 12.8118 16.6074 22.7980
v 12.8068 18.4267 22.7887
v 12.7901 16.6090 23.1078
v 12.8068 18.4267 22.7887
v 12.7851 18.4282 23.0985
v 12.8118 16.6074 22.7980
v 13.1216 16.6084 22.8197
v 13.1165 18.4276 22.8104
v 12.8118 16.6074 22.7980
v 13.1165 18.4276 22.8104
v 12.8068 18.4267 22.7887
v 13.1216 16.6084 22.8197
v 13.0999 16.6099 23.1295
v 13.0948 18.4292 23.1202
v 13.1216 16.6084 22.8197
v 13.0948 18.4292 23.1202
v 13.1165 18.4276 22.8104
v -20.2120 15.2372 16.7359
v -20.0504 15.2418 16.5491
v -20.1916 16.6794 16.4624
v -20.2120 15.2372 16.7359
v -20.1916 16.6794 16.4624
v -20.3531 16.6748 16.6492
v -20.0504 15.2418 16.5491
v -19.8651 15.2697 16.7101
v -20.0063 16.7073 16.6233
v -20.0504 15.2418 16.5491
v -20.0063 16.7073 16.6233
v -20.1916 16.6794 16.4624
v -19.8651 15.2697 16.7101
v -20.0267 15.2651 16.8968
v -20.1678 16.7027 16.8101
v -19.8651 15.2697 16.7101
v -20.1678 16.7027 16.8101
v -20.0063 16.7073 16.6233
v -20.0267 15.2651 16.8968
v -20.2120 15.2372 16.7359
v -20.3531 16.6748 16.6492
v -20.0267 15.2651 16.8968
v -20.3531 16.6748 16.6492
v -20.1678 16.7027 16.8101
v 1.5398 16.2315 38.0119
v 1.3062 16.2467 38.0051
v 1.3952 17.6154 38.0168
v 1.5398 16.2315 38.0119
v 1.3952 17.6154 38.0168
v 1.6288 17.6002 38.0236
v 1.3062 16.2467 38.0051
v 1.3131 16.2482 37.7711
v 1.4021 17.6170 37.7828
v 1.3062 16.2467 38.0051
v 1.4021 17.6170 37.7828
v 1.3952 17.6154 38.0168
v 1.3131 16.2482 37.7711
v 1.5466 16.2330 37.7779
v 1.6356 17.6017 37.7896
v 1.3131 16.2482 37.7711
v 1.6356 17.6017 37.7896
v 1.4021 17.6170 37.7828
v 1.5466 16.2330 37.7779
v 1.5398 16.2315 38.0119
v 1.6288 17.6002 38.0236
v 1.5466 16.2330 37.7779
v 1.6288 17.6002 38.0236
v 1.6356 17.6017 37.7896
v -37.8242 13.2721 9.8935
v -38.0573 13.2783 10.0345
v -38.0087 14.8737 10.0453
v -37.8242 13.2721 9.8935
v -38.0087 14.8737 10.0453
v -37.7756 14.8675 9.9044
v -38.0573 13.2783 10.0345
v -38.1981 13.2842 9.8013
v -38.1495 14.8796 9.8122
v -38.0573 13.2783 10.0345
v -38.1495 14.8796 9.8122
v -38.0087 14.8737 10.0453
v -38.1981 13.2842 9.8013
v -37.9650 13.2780 9.6604
v -37.9164 14.8734 9.6712
v -38.1981 13.2842 9.8013
v -37.9164 14.8734 9.6712
v -38.1495 14.8796 9.8122
v -37.9650 13.2780 9.6604
v -37.8242 13.2721 9.8935
v -37.7756 14.8675 9.9044
v -37.9650 13.2780 9.6604
v -37.7756 14.8675 9.9044
v -37.9164 14.8734 9.6712
v -49.0231 12.7566 -45.8893
v -49.1672 12.7504 -45.9588
v -49.1951 13.6876 -45.9840
v -49.0231 12.7566 -45.8893
v -49.1951 13.6876 -45.9840
v -49.0510 13.6937 -45.9145
v -49.1672 12.7504 -45.9588
v -49.0976 12.7486 -46.1029
v -49.1255 13.6858 -46.1281
v -49.1672 12.7504 -45.9588
v -49.1255 13.6858 -46.1281
v -49.1951 13.6876 -45.9840
v -49.0976 12.7486 -46.1029
v -48.9535 12.7548 -46.0334
v -48.9814 13.6919 -46.0586
v -49.0976 12.7486 -46.1029
v -48.9814 13.6919 -46.0586
v -49.1255 13.6858 -46.1281
v -48.9535 12.7548 -46.0334
v -49.0231 12.7566 -45.8893
v -49.0510 13.6937 -45.9145
v -48.9535 12.7548 -46.0334
v -49.0510 13.6937 -45.9145
v -48.9814 13.6919 -46.0586
v 10.0127 16.9487 0.1609
v 10.0095 16.9488 0.3414
v 10.0210 18.0064 0.3411
v 10.0127 16.9487 0.1609
v 10.0210 18.0064 0.3411
v 10.0242 18.0063 0.1606
v 10.0095 16.9488 0.3414
v 9.8290 16.9507 0.3382
v 9.8405 18.0083 0.3379
v 10.0095 16.9488 0.3414
v 9.8405 18.0083 0.3379
v 10.0210 18.0064 0.3411
v 9.8290 16.9507 0.3382
v 9.8322 16.9506 0.1577
v 9.8437 18.0082 0.1574
v 9.8290 16.9507 0.3382
v 9.8437 18.0082 0.1574
v 9.8405 18.0083 0.3379
v 9.8322 16.9506 0.1577
v 10.0127 16.9487 0.1609
v 10.0242 18.0063 0.1606
v 9.8322 16.9506 0.1577
v 10.0242 18.0063 0.1606
v 9.8437 18.0082 0.1574
v 6.6671 16.8003 -4.9356
v 6.7036 16.8015 -5.1269
v 6.6872 17.9424 -5.1233
v 6.6671 16.8003 -4.9356
v 6.6872 17.9424 -5.1233
v 6.6507 17.9413 -4.9320
v 6.7036 16.8015 -5.1269
v 6.8948 16.8041 -5.0903
v 6.8785 17.9450 -5.0868
v 6.7036 16.8015 -5.1269
v 6.8785 17.9450 -5.0868
v 6.6872 17.9424 -5.1233
v 6.8948 16.8041 -5.0903
v 6.8583 16.8030 -4.8990
v 6.8419 17.9439 -4.8955
v 6.8948 16.8041 -5.0903
v 6.8419 17.9439 -4.8955
v 6.8785 17.9450 -5.0868
v 6.8583 16.8030 -4.8990
v 6.6671 16.8003 -4.9356
v 6.6507 17.9413 -4.9320
v 6.8583 16.8030 -4.8990
v 6.6507 17.9413 -4.9320
v 6.8419 17.9439 -4.8955
v -29.8597 14.0938 -37.3371
v -30.0496 14.0963 -37.3236
v -30.0398 15.2093 -37.3954
v -29.8597 14.0938 -37.3371
v -30.0398 15.2093 -37.3954
v -29.8499 15.2067 -37.4089
v -30.0496 14.0963 -37.3236
v -30.0633 14.0842 -37.5130
v -30.0535 15.1972 -37.5849
v -30.0496 14.0963 -37.3236
v -30.0535 15.1972 -37.5849
v -30.0398 15.2093 -37.3954
v -30.0633 14.0842 -37.5130
v -29.8734 14.0817 -37.5266
v -29.8636 15.1946 -37.5984
v -30.0633 14.0842 -37.5130
v -29.8636 15.1946 -37.5984
v -30.0535 15.1972 -37.5849
v -29.8734 14.0817 -37.5266
v -29.8597 14.0938 -37.3371
v -29.8499 15.2067 -37.4089
v -29.8734 14.0817 -37.5266
v -29.8499 15.2067 -37.4089
v -29.8636 15.1946 -37.5984
v -20.3427 15.1227 11.0087
v -20.3701 15.1229 10.8116
v -20.3648 16.2885 10.8115
v -20.3427 15.1227 11.0087
v -20.3648 16.2885 10.8115
v -20.3374 16.2884 11.0086
v -20.3701 15.1229 10.8116
v -20.1731 15.1220 10.7842
v -20.1678 16.2876 10.7840
v -20.3701 15.1229 10.8116
v -20.1678 16.2876 10.7840
v -20.3648 16.2885 10.8115
v -20.1731 15.1220 10.7842
v -20.1456 15.1218 10.9812
v -20.1403 16.2875 10.9811
v -20.1731 15.1220 10.7842
v -20.1403 16.2875 10.9811
v -20.1678 16.2876 10.7840
v -20.1456 15.1218 10.9812
v -20.3427 15.1227 11.0087
v -20.3374 16.2884 11.0086
v -20.1456 15.1218 10.9812
v -20.3374 16.2884 11.0086
v -20.1403 16.2875 10.9811
v -50.3681 12.2746 -31.6651
v -50.3887 12.2743 -31.8124
v -50.4024 13.1461 -31.8123
v -50.3681 12.2746 -31.6651
v -50.4024 13.1461 -31.8123
v -50.3817 13.1464 -31.6649
v -50.3887 12.2743 -31.8124
v -50.2414 12.2766 -31.8331
v -50.2550 13.1484 -31.8330
v -50.3887 12.2743 -31.8124
v -50.2550 13.1484 -31.8330
v -50.4024 13.1461 -31.8123
v -50.2414 12.2766 -31.8331
v -50.2207 12.2769 -31.6857
v -50.2344 13.1487 -31.6856
v -50.2414 12.2766 -31.8331
v -50.2344 13.1487 -31.6856
v -50.2550 13.1484 -31.8330
v -50.2207 12.2769 -31.6857
v -50.3681 12.2746 -31.6651
v -50.3817 13.1464 -31.6649
v -50.2207 12.2769 -31.6857
v -50.3817 13.1464 -31.6649
v -50.2344 13.1487 -31.6856
v 15.8127 16.9617 8.5444
v 15.9790 16.9673 8.5690
v 15.9345 17.9485 8.6470
v 15.8127 16.9617 8.5444
v 15.9345 17.9485 8.6470
v 15.7682 17.9429 8.6224
v 15.9790 16.9673 8.5690
v 15.9549 16.9530 8.7349
v 15.9104 17.9342 8.8129
v 15.9790 16.9673 8.5690
v 15.9104 17.9342 8.8129
v 15.9345 17.9485 8.6470
v 15.9549 16.9530 8.7349
v 15.7886 16.9475 8.7102
v 15.7441 17.9287 8.7882
v 15.9549 16.9530 8.7349
v 15.7441 17.9287 8.7882
v 15.9104 17.9342 8.8129
v 15.7886 16.9475 8.7102
v 15.8127 16.9617 8.5444
v 15.7682 17.9429 8.6224
v 15.7886 16.9475 8.7102
v 15.7682 17.9429 8.6224
v 15.7441 17.9287 8.7882
v -46.4440 11.8984 -9.7429
v -46.2089 11.9108 -9.4549
v -46.4325 14.0765 -9.3656
v -46.4440 11.8984 -9.7429
v -46.4325 14.0765 -9.3656
v -46.6677 14.0641 -9.6536
v -46.2089 11.9108 -9.4549
v -46.4945 11.8716 -9.2200
v -46.7182 14.0373 -9.1307
v -46.2089 11.9108 -9.4549
v -46.7182 14.0373 -9.1307
v -46.4325 14.0765 -9.3656
v -46.4945 11.8716 -9.2200
v -46.7296 11.8592 -9.5079
v -46.9533 14.0249 -9.4186
v -46.4945 11.8716 -9.2200
v -46.9533 14.0249 -9.4186
v -46.7182 14.0373 -9.1307
v -46.7296 11.8592 -9.5079
v -46.4440 11.8984 -9.7429
v -46.6677 14.0641 -9.6536
v -46.7296 11.8592 -9.5079
v -46.6677 14.0641 -9.6536
v -46.9533 14.0249 -9.4186
v -19.9524 14.6660 26.5093
v -19.7313 14.6767 26.5072
v -19.7922 15.9675 26.6201
v -19.9524 14.6660 26.5093
v -19.7922 15.9675 26.6201
v -20.0134 15.9569 26.6222
v -19.7313 14.6767 26.5072
v -19.7283 14.6575 26.7278
v -19.7892 15.9484 26.8407
v -19.7313 14.6767 26.5072
v -19.7892 15.9484 26.8407
v -19.7922 15.9675 26.6201
v -19.7283 14.6575 26.7278
v -19.9494 14.6469 26.7299
v -20.0103 15.9378 26.8428
v -19.7283 14.6575 26.7278
v -20.0103 15.9378 26.8428
v -19.7892 15.9484 26.8407
v -19.9494 14.6469 26.7299
v -19.9524 14.6660 26.5093
v -20.0134 15.9569 26.6222
v -19.9494 14.6469 26.7299
v -20.0134 15.9569 26.6222
v -20.0103 15.9378 26.8428
v -26.9258 14.2485 2.5554
v -27.0034 14.2422 2.2988
v -27.1973 15.8011 2.3191
v -26.9258 14.2485 2.5554
v -27.1973 15.8011 2.3191
v -27.1196 15.8074 2.5757
v -27.0034 14.2422 2.2988
v -26.7489 14.2748 2.2210
v -26.9427 15.8338 2.2413
v -27.0034 14.2422 2.2988
v -26.9427 15.8338 2.2413
v -27.1973 15.8011 2.3191
v -26.7489 14.2748 2.2210
v -26.6712 14.2811 2.4776
v -26.8651 15.8401 2.4979
v -26.7489 14.2748 2.2210
v -26.8651 15.8401 2.4979
v -26.9427 15.8338 2.2413
v -26.6712 14.2811 2.4776
v -26.9258 14.2485 2.5554
v -27.1196 15.8074 2.5757
v -26.6712 14.2811 2.4776
v -27.1196 15.8074 2.5757
v -26.8651 15.8401 2.4979
v 3.4613 15.6421 -33.0213
v 3.4926 15.6408 -32.8502
v 3.4841 16.6593 -32.8406
v 3.4613 15.6421 -33.0213
v 3.4841 16.6593 -32.8406
v 3.4529 16.6606 -33.0117
v 3.4926 15.6408 -32.8502
v 3.3215 15.6391 -32.8190
v 3.3131 16.6576 -32.8094
v 3.4926 15.6408 -32.8502
v 3.3131 16.6576 -32.8094
v 3.4841 16.6593 -32.8406
v 3.3215 15.6391 -32.8190
v 3.2903 15.6404 -32.9900
v 3.2818 16.6589 -32.9804
v 3.3215 15.6391 -32.8190
v 3.2818 16.6589 -32.9804
v 3.3131 16.6576 -32.8094
v 3.2903 15.6404 -32.9900
v 3.4613 15.6421 -33.0213
v 3.4529 16.6606 -33.0117
v 3.2903 15.6404 -32.9900
v 3.4529 16.6606 -33.0117
v 3.2818 16.6589 -32.9804
v -11.9641 15.0275 42.2115
v -11.7797 15.0218 42.4131
v -11.7729 16.6222 42.4517
v -11.9641 15.0275 42.2115
v -11.7729 16.6222 42.4517
v -11.9572 16.6278 42.2501
v -11.7797 15.0218 42.4131
v -11.9814 15.0183 42.5974
v -11.9746 16.6186 42.6360
v -11.7797 15.0218 42.4131
v -11.9746 16.6186 42.6360
v -11.7729 16.6222 42.4517
v -11.9814 15.0183 42.5974
v -12.1657 15.0239 42.3958
v -12.1589 16.6242 42.4344
v -11.9814 15.0183 42.5974
v -12.1589 16.6242 42.4344
v -11.9746 16.6186 42.6360
v -12.1657 15.0239 42.3958
v -11.9641 15.0275 42.2115
v -11.9572 16.6278 42.2501
v -12.1657 15.0239 42.3958
v -11.9572 16.6278 42.2501
v -12.1589 16.6242 42.4344
vt 0.00000 1.00000
vt 0.00000 1.00000
vt 0.00000 1.00000
vt 0.00000 1.00000
vt 0.00000 1.00000
vt 0.00000 1.00000
vt 0.00000 1.00000
vt 0.00000 1.00000
vt 0.00000 1.00000
vt 0.00000 1.00000
vt 0.00000 1.00000
vt 0.00000 1.00000
vt 0.00000 1.00000
vt 0.00000 1.00000
vt 0.00000 1.00000
vt 0.00000 1.00000
vt 0.00000 1.00000
vt 0.00000 1.00000
vt 0.00000 1.00000
vt 0.00000 1.00000
vt 0.00000 1.00000
vt 0.00000 1.00000
vt 0.00000 1.00000
vt 0.00000 1.00000
vt 0.00000 1.00000
vt 0.00000 1.00000
vt 0.00000 1.00000
vt 0.00000 1.00000
vt 0.00000 1.00000
vt 0.00000 1.00000
vt 0.00000 1.00000
vt 0.00000 1.00000
vt 0.00000 1.00000
vt 0.00000 1.00000
vt 0.00000 1.00000
vt 0.00000 1.00000
vt 0.00000 1.00000
vt 0.00000 1.00000
vt 0.00000 1.00000
vt 0.00000 1.00000
vt 0.00000 1.00000
vt 0.00000 1.00000
vt 0.00000 1.00000
vt 0.00000 1.00000
vt 0.00000 1.00000
vt 0.00000 1.00000
vt 0.00000 1.00000
vt 0.00000 1.00000
vt 0.00000 1.00000
vt 0.00000 1.00000
vt 0.00000 1.00000
vt 0.00000 1.00000
vt 0.00000 1.00000
vt 0.00000 1.00000
vt 0.00000 1.00000
vt 0.00000 1.00000
vt 0.00000 1.00000
vt 0.00000 1.00000
vt 0.00000 1.00000
vt 0.00000 1.00000
vt 0.00000 1.00000
vt 0.00000 1.00000
vt 0.00000 1.00000
vt 0.00000 1.00000
vt 0.00000 1.00000
vt 0.00000 1.00000
vt 0.00000 1.00000
vt 0.00000 1.00000
vt 0.00000 1.00000
vt 0.00000 1.00000
vt 0.00000 1.00000
vt 0.00000 1.00000
vt 0.00000 1.00000
vt 0.00000 1.00000
vt 0.00000 1.00000
vt 0.00000 1.00000
vt 0.00000 1.00000
vt 0.00000 1.00000
vt 0.00000 1.00000
vt 0.00000 1.00000
vt 0.00000 1.00000
vt 0.00000 1.00000
vt 0.00000 1.00000
vt 0.00000 1.00000
vt 0.00000 1.00000
vt 0.00000 1.00000
vt 0.00000 1.00000
vt 0.00000 1.00000
vt 0.00000 1.00000
vt 0.00000 1.00000
vt 0.00000 1.00000
vt 0.00000 1.00000
vt 0.00000 1.00000
vt 0.00000 1.00000
vt 0.00000 1.00000
vt 0.00000 1.00000
vt 0.00000 1.00000
vt 0.00000 1.00000
vt 0.00000 1.00000
vt 0.00000 1.00000
vt 0.00000 1.00000
vt 0.00000 1.00000
vt 0.00000 1.00000
vt 0.00000 1.00000
vt 0.00000 1.00000
vt 0.00000 1.00000
vt 0.00000 1.00000
vt 0.00000 1.00000
vt 0.00000 1.00000
vt 0.00000 1.00000
vt 0.00000 1.00000
vt 0.00000 1.00000
vt 0.00000 1.00000
vt 0.00000 1.00000
vt 0.00000 1.00000
vt 0.00000 1.00000
vt 0.00000 1.00000
vt 0.00000 1.00000
vt 0.00000 1.00000
vt 0.00000 1.00000
vt 0.00000 1.00000
vt 0.00000 1.00000
vt 0.00000 1.00000
vt 0.00000 1.00000
vt 0.00000 1.00000
vt 0.00000 1.00000
vt 0.00000 1.00000
vt 0.00000 1.00000
vt 0.00000 1.00000
vt 0.00000 1.00000
vt 0.00000 1.00000
vt 0.00000 1.00000
vt 0.00000 1.00000
vt 0.00000 1.00000
vt 0.00000 1.00000
vt 0.00000 1.00000
vt 0.00000 1.00000
vt 0.00000 1.00000
vt 0.00000 1.00000
vt 0.00000 1.00000
vt 0.00000 1.00000
vt 0.00000 1.00000
vt 0.00000 1.00000
vt 0.00000 1.00000
vt 0.00000 1.00000
vt 0.00000 1.00000
vt 0.00000 1.00000
vt 0.00000 1.00000
vt 0.00000 1.00000
vt 0.00000 1.00000
vt 0.00000 1.00000
vt 0.00000 1.00000
vt 0.00000 1.00000
vt 0.00000 1.00000
vt 0.00000 1.00000
vt 0.00000 1.00000
vt 0.00000 1.00000
vt 0.00000 1.00000
vt 0.00000 1.00000
vt 0.00000 1.00000
vt 0.00000 1.00000
vt 0.00000 1.00000
vt 0.00000 1.00000
vt 0.00000 1.00000
vt 0.00000 1.00000
vt 0.00000 1.00000
vt 0.00000 1.00000
vt 0.00000 1.00000
vt 0.00000 1.00000
vt 0.00000 1.00000
vt 0.00000 1.00000
vt 0.00000 1.00000
vt 0.00000 1.00000
vt 0.00000 1.00000
vt 0.00000 1.00000
vt 0.00000 1.00000
vt 0.00000 1.00000
vt 0.00000 1.00000
vt 0.00000 1.00000
vt 0.00000 1.00000
vt 0.00000 1.00000
vt 0.00000 1.00000
vt 0.00000 1.00000
vt 0.00000 1.00000
vt 0.00000 1.00000
vt 0.00000 1.00000
vt 0.00000 1.00000
vt 0.00000 1.00000
vt 0.00000 1.00000
vt 0.00000 1.00000
vt 0.00000 1.00000
vt 0.00000 1.00000
vt 0.00000 1.00000
vt 0.00000 1.00000
vt 0.00000 1.00000
vt 0.00000 1.00000
vt 0.00000 1.00000
vt 0.00000 1.00000
vt 0.00000 1.00000
vt 0.00000 1.00000
vt 0.00000 1.00000
vt 0.00000 1.00000
vt 0.00000 1.00000
vt 0.00000 1.00000
vt 0.00000 1.00000
vt 0.00000 1.00000
vt 0.00000 1.00000
vt 0.00000 1.00000
vt 0.00000 1.00000
vt 0.00000 1.00000
vt 0.00000 1.00000
vt 0.00000 1.00000
vt 0.00000 1.00000
vt 0.00000 1.00000
vt 0.00000 1.00000
vt 0.00000 1.00000
vt 0.00000 1.00000
vt 0.00000 1.00000
vt 0.00000 1.00000
vt 0.00000 1.00000
vt 0.00000 1.00000
vt 0.00000 1.00000
vt 0.00000 1.00000
vt 0.00000 1.00000
vt 0.00000 1.00000
vt 0.00000 1.00000
vt 0.00000 1.00000
vt 0.00000 1.00000
vt 0.00000 1.00000
vt 0.00000 1.00000
vt 0.00000 1.00000
vt 0.00000 1.00000
vt 0.00000 1.00000
vt 0.00000 1.00000
vt 0.00000 1.00000
vt 0.00000 1.00000
vt 0.00000 1.00000
vt 0.00000 1.00000
vt 0.00000 1.00000
vt 0.00000 1.00000
vt 0.00000 1.00000
vt 0.00000 1.00000
vt 0.00000 1.00000
vt 0.00000 1.00000
vt 0.00000 1.00000
vt 0.00000 1.00000
vt 0.00000 1.00000
vt 0.00000 1.00000
vt 0.00000 1.00000
vt 0.00000 1.00000
vt 0.00000 1.00000
vt 0.00000 1.00000
vt 0.00000 1.00000
vt 0.00000 1.00000
vt 0.00000 1.00000
vt 0.00000 1.00000
vt 0.00000 1.00000
vt 0.00000 1.00000
vt 0.00000 1.00000
vt 0.00000 1.00000
vt 0.00000 1.00000
vt 0.00000 1.00000
vt 0.00000 1.00000
vt 0.00000 1.00000
vt 0.00000 1.00000
vt 0.00000 1.00000
vt 0.00000 1.00000
vt 0.00000 1.00000
vt 0.00000 1.00000
vt 0.00000 1.00000
vt 0.00000 1.00000
vt 0.00000 1.00000
vt 0.00000 1.00000
vt 0.00000 1.00000
vt 0.00000 1.00000
vt 0.00000 1.00000
vt 0.00000 1.00000
vt 0.00000 1.00000
vt 0.00000 1.00000
vt 0.00000 1.00000
vt 0.00000 1.00000
vt 0.00000 1.00000
vt 0.00000 1.00000
vt 0.00000 1.00000
vt 0.00000 1.00000
vt 0.00000 1.00000
vt 0.00000 1.00000
vt 0.00000 1.00000
vt 0.00000 1.00000
vt 0.00000 1.00000
vt 0.00000 1.00000
vt 0.00000 1.00000
vt 0.00000 1.00000
vt 0.00000 1.00000
vt 0.00000 1.00000
vt 0.00000 1.00000
vt 0.00000 1.00000
vt 0.00000 1.00000
vt 0.00000 1.00000
vt 0.00000 1.00000
vt 0.00000 1.00000
vt 0.00000 1.00000
vt 0.00000 1.00000
vt 0.00000 1.00000
vt 0.00000 1.00000
vt 0.00000 1.00000
vt 0.00000 1.00000
vt 0.00000 1.00000
vt 0.00000 1.00000
vt 0.00000 1.00000
vt 0.00000 1.00000
vt 0.00000 1.00000
vt 0.00000 1.00000
vt 0.00000 1.00000
vt 0.00000 1.00000
vt 0.00000 1.00000
vt 0.00000 1.00000
vt 0.00000 1.00000
vt 0.00000 1.00000
vt 0.00000 1.00000
vt 0.00000 1.00000
vt 0.00000 1.00000
vt 0.00000 1.00000
vt 0.00000 1.00000
vt 0.00000 1.00000
vt 0.00000 1.00000
vt 0.00000 1.00000
vt 0.00000 1.00000
vt 0.00000 1.00000
vt 0.00000 1.00000
vt 0.00000 1.00000
vt 0.00000 1.00000
vt 0.00000 1.00000
vt 0.00000 1.00000
vt 0.00000 1.00000
vt 0.00000 1.00000
vt 0.00000 1.00000
vt 0.00000 1.00000
vt 0.00000 1.00000
vt 0.00000 1.00000
vt 0.00000 1.00000
vt 0.00000 1.00000
vt 0.00000 1.00000
vt 0.00000 1.00000
vt 0.00000 1.00000
vt 0.00000 1.00000
vt 0.00000 1.00000
vt 0.00000 1.00000
vt 0.00000 1.00000
vt 0.00000 1.00000
vt 0.00000 1.00000
vt 0.00000 1.00000
vt 0.00000 1.00000
vt 0.00000 1.00000
vt 0.00000 1.00000
vt 0.00000 1.00000
vt 0.00000 1.00000
vt 0.00000 1.00000
vt 0.00000 1.00000
vt 0.00000 1.00000
vt 0.00000 1.00000
vt 0.00000 1.00000
vt 0.00000 1.00000
vt 0.00000 1.00000
vt 0.00000 1.00000
vt 0.00000 1.00000
vt 0.00000 1.00000
vt 0.00000 1.00000
vt 0.00000 1.00000
vt 0.00000 1.00000
vt 0.00000 1.00000
vt 0.00000 1.00000
vt 0.00000 1.00000
vt 0.00000 1.00000
vt 0.00000 1.00000
vt 0.00000 1.00000
vt 0.00000 1.00000
vt 0.00000 1.00000
vt 0.00000 1.00000
vt 0.00000 1.00000
vt 0.00000 1.00000
vt 0.00000 1.00000
vt 0.00000 1.00000
vt 0.00000 1.00000
vt 0.00000 1.00000
vt 0.00000 1.00000
vt 0.00000 1.00000
vt 0.00000 1.00000
vt 0.00000 1.00000
vt 0.00000 1.00000
vt 0.00000 1.00000
vt 0.00000 1.00000
vt 0.00000 1.00000
vt 0.00000 1.00000
vt 0.00000 1.00000
vt 0.00000 1.00000
vt 0.00000 1.00000
vt 0.00000 1.00000
vt 0.00000 1.00000
vt 0.00000 1.00000
vt 0.00000 1.00000
vt 0.00000 1.00000
vt 0.00000 1.00000
vt 0.00000 1.00000
vt 0.00000 1.00000
vt 0.00000 1.00000
vt 0.00000 1.00000
vt 0.00000 1.00000
vt 0.00000 1.00000
vt 0.00000 1.00000
vt 0.00000 1.00000
vt 0.00000 1.00000
vt 0.00000 1.00000
vt 0.00000 1.00000
vt 0.00000 1.00000
vt 0.00000 1.00000
vt 0.00000 1.00000
vt 0.00000 1.00000
vt 0.00000 1.00000
vt 0.00000 1.00000
vt 0.00000 1.00000
vt 0.00000 1.00000
vt 0.00000 1.00000
vt 0.00000 1.00000
vt 0.00000 1.00000
vt 0.00000 1.00000
vt 0.00000 1.00000
vt 0.00000 1.00000
vt 0.00000 1.00000
vt 0.00000 1.00000
vt 0.00000 1.00000
vt 0.00000 1.00000
vt 0.00000 1.00000
vt 0.00000 1.00000
vt 0.00000 1.00000
vt 0.00000 1.00000
vt 0.00000 1.00000
vt 0.00000 1.00000
vt 0.00000 1.00000
vt 0.00000 1.00000
vt 0.00000 1.00000
vt 0.00000 1.00000
vt 0.00000 1.00000
vt 0.00000 1.00000
vt 0.00000 1.00000
vt 0.00000 1.00000
vt 0.00000 1.00000
vt 0.00000 1.00000
vt 0.00000 1.00000
vt 0.00000 1.00000
vt 0.00000 1.00000
vt 0.00000 1.00000
vt 0.00000 1.00000
vt 0.00000 1.00000
vt 0.00000 1.00000
vt 0.00000 1.00000
vt 0.00000 1.00000
vt 0.00000 1.00000
vt 0.00000 1.00000
vt 0.00000 1.00000
vt 0.00000 1.00000
vt 0.00000 1.00000
vt 0.00000 1.00000
vt 0.00000 1.00000
vt 0.00000 1.00000
vt 0.00000 1.00000
vt 0.00000 1.00000
vt 0.00000 1.00000
vt 0.00000 1.00000
vt 0.00000 1.00000
vt 0.00000 1.00000
vt 0.00000 1.00000
vt 0.00000 1.00000
vt 0.00000 1.00000
vt 0.00000 1.00000
vt 0.00000 1.00000
vt 0.00000 1.00000
vt 0.00000 1.00000
vt 0.00000 1.00000
vt 0.00000 1.00000
vt 0.00000 1.00000
vt 0.00000 1.00000
vt 0.00000 1.00000
vt 0.00000 1.00000
vt 0.00000 1.00000
vt 0.00000 1.00000
vt 0.00000 1.00000
vt 0.00000 1.00000
vt 0.00000 1.00000
vt 0.00000 1.00000
vt 0.00000 1.00000
vt 0.00000 1.00000
vt 0.00000 1.00000
vt 0.00000 1.00000
vt 0.00000 1.00000
vt 0.00000 1.00000
vt 0.00000 1.00000
vt 0.00000 1.00000
vt 0.00000 1.00000
vt 0.00000 1.00000
vt 0.00000 1.00000
vt 0.00000 1.00000
vt 0.00000 1.00000
vt 0.00000 1.00000
vt 0.00000 1.00000
vt 0.00000 1.00000
vt 0.00000 1.00000
vt 0.00000 1.00000
vt 0.00000 1.00000
vt 0.00000 1.00000
vt 0.00000 1.00000
vt 0.00000 1.00000
vt 0.00000 1.00000
vt 0.00000 1.00000
vt 0.00000 1.00000
vt 0.00000 1.00000
vt 0.00000 1.00000
vt 0.00000 1.00000
vt 0.00000 1.00000
vt 0.00000 1.00000
vt 0.00000 1.00000
vt 0.00000 1.00000
vt 0.00000 1.00000
vt 0.00000 1.00000
vt 0.00000 1.00000
vt 0.00000 1.00000
vt 0.00000 1.00000
vt 0.00000 1.00000
vt 0.00000 1.00000
vt 0.00000 1.00000
vt 0.00000 1.00000
vt 0.00000 1.00000
vt 0.00000 1.00000
vt 0.00000 1.00000
vt 0.00000 1.00000
vt 0.00000 1.00000
vt 0.00000 1.00000
vt 0.00000 1.00000
vt 0.00000 1.00000
vt 0.00000 1.00000
vt 0.00000 1.00000
vt 0.00000 1.00000
vt 0.00000 1.00000
vt 0.00000 1.00000
vt 0.00000 1.00000
vt 0.00000 1.00000
vt 0.00000 1.00000
vt 0.00000 1.00000
vt 0.00000 1.00000
vt 0.00000 1.00000
vt 0.00000 1.00000
vt 0.00000 1.00000
vt 0.00000 1.00000
vt 0.00000 1.00000
vt 0.00000 1.00000
vt 0.00000 1.00000
vt 0.00000 1.00000
vt 0.00000 1.00000
vt 0.00000 1.00000
vt 0.00000 1.00000
vt 0.00000 1.00000
vt 0.00000 1.00000
vt 0.00000 1.00000
vt 0.00000 1.00000
vt 0.00000 1.00000
vt 0.00000 1.00000
vt 0.00000 1.00000
vt 0.00000 1.00000
vt 0.00000 1.00000
vt 0.00000 1.00000
vt 0.00000 1.00000
vt 0.00000 1.00000
vt 0.00000 1.00000
vt 0.00000 1.00000
vt 0.00000 1.00000
vt 0.00000 1.00000
vt 0.00000 1.00000
vt 0.00000 1.00000
vt 0.00000 1.00000
vt 0.00000 1.00000
vt 0.00000 1.00000
vt 0.00000 1.00000
vt 0.00000 1.00000
vt 0.00000 1.00000
vt 0.00000 1.00000
vt 0.00000 1.00000
vt 0.00000 1.00000
vt 0.00000 1.00000
vt 0.00000 1.00000
vt 0.00000 1.00000
vt 0.00000 1.00000
vt 0.00000 1.00000
vt 0.00000 1.00000
vt 0.00000 1.00000
vt 0.00000 1.00000
vt 0.00000 1.00000
vt 0.00000 1.00000
vt 0.00000 1.00000
vt 0.00000 1.00000
vt 0.00000 1.00000
vt 0.00000 1.00000
vt 0.00000 1.00000
vt 0.00000 1.00000
vt 0.00000 1.00000
vt 0.00000 1.00000
vt 0.00000 1.00000
vt 0.00000 1.00000
vt 0.00000 1.00000
vt 0.00000 1.00000
vt 0.00000 1.00000
vt 0.00000 1.00000
vt 0.00000 1.00000
vt 0.00000 1.00000
vt 0.00000 1.00000
vt 0.00000 1.00000
vt 0.00000 1.00000
vt 0.00000 1.00000
vt 0.00000 1.00000
vt 0.00000 1.00000
vt 0.00000 1.00000
vt 0.00000 1.00000
vt 0.00000 1.00000
vt 0.00000 1.00000
vt 0.00000 1.00000
vt 0.00000 1.00000
vt 0.00000 1.00000
vt 0.00000 1.00000
vt 0.00000 1.00000
vt 0.00000 1.00000
vt 0.00000 1.00000
vt 0.00000 1.00000
vt 0.00000 1.00000
vt 0.00000 1.00000
vt 0.00000 1.00000
vt 0.00000 1.00000
vt 0.00000 1.00000
vt 0.00000 1.00000
vt 0.00000 1.00000
vt 0.00000 1.00000
vt 0.00000 1.00000
vt 0.00000 1.00000
vt 0.00000 1.00000
vt 0.00000 1.00000
vt 0.00000 1.00000
vt 0.00000 1.00000
vt 0.00000 1.00000
vt 0.00000 1.00000
vt 0.00000 1.00000
vt 0.00000 1.00000
vt 0.00000 1.00000
vt 0.00000 1.00000
vt 0.00000 1.00000
vt 0.00000 1.00000
vt 0.00000 1.00000
vt 0.00000 1.00000
vt 0.00000 1.00000
vt 0.00000 1.00000
vt 0.00000 1.00000
vt 0.00000 1.00000
vt 0.00000 1.00000
vt 0.00000 1.00000
vt 0.00000 1.00000
vt 0.00000 1.00000
vt 0.00000 1.00000
vt 0.00000 1.00000
vt 0.00000 1.00000
vt 0.00000 1.00000
vt 0.00000 1.00000
vt 0.00000 1.00000
vt 0.00000 1.00000
vt 0.00000 1.00000
vt 0.00000 1.00000
vt 0.00000 1.00000
vt 0.00000 1.00000
vt 0.00000 1.00000
vt 0.00000 1.00000
vt 0.00000 1.00000
vt 0.00000 1.00000
vt 0.00000 1.00000
vt 0.00000 1.00000
vt 0.00000 1.00000
vt 0.00000 1.00000
vt 0.00000 1.00000
vt 0.00000 1.00000
vt 0.00000 1.00000
vt 0.00000 1.00000
vt 0.00000 1.00000
vt 0.00000 1.00000
vt 0.00000 1.00000
vt 0.00000 1.00000
vt 0.00000 1.00000
vt 0.00000 1.00000
vt 0.00000 1.00000
vt 0.00000 1.00000
vt 0.00000 1.00000
vt 0.00000 1.00000
vt 0.00000 1.00000
vt 0.00000 1.00000
vt 0.00000 1.00000
vt 0.00000 1.00000
vt 0.00000 1.00000
vt 0.00000 1.00000
vt 0.00000 1.00000
vt 0.00000 1.00000
vt 0.00000 1.00000
vt 0.00000 1.00000
vt 0.00000 1.00000
vt 0.00000 1.00000
vt 0.00000 1.00000
vt 0.00000 1.00000
vt 0.00000 1.00000
vt 0.00000 1.00000
vt 0.00000 1.00000
vt 0.00000 1.00000
vt 0.00000 1.00000
vt 0.00000 1.00000
vt 0.00000 1.00000
vt 0.00000 1.00000
vt 0.00000 1.00000
vt 0.00000 1.00000
vt 0.00000 1.00000
vt 0.00000 1.00000
vt 0.00000 1.00000
vt 0.00000 1.00000
vt 0.00000 1.00000
vt 0.00000 1.00000
vt 0.00000 1.00000
vt 0.00000 1.00000
vt 0.00000 1.00000
vt 0.00000 1.00000
vt 0.00000 1.00000
vt 0.00000 1.00000
vt 0.00000 1.00000
vt 0.00000 1.00000
vt 0.00000 1.00000
vt 0.00000 1.00000
vt 0.00000 1.00000
vt 0.00000 1.00000
vt 0.00000 1.00000
vt 0.00000 1.00000
vt 0.00000 1.00000
vt 0.00000 1.00000
vt 0.00000 1.00000
vt 0.00000 1.00000
vt 0.00000 1.00000
vt 0.00000 1.00000
vt 0.00000 1.00000
vt 0.00000 1.00000
vt 0.00000 1.00000
vt 0.00000 1.00000
vt 0.00000 1.00000
vt 0.00000 1.00000
vt 0.00000 1.00000
vt 0.00000 1.00000
vt 0.00000 1.00000
vt 0.00000 1.00000
vt 0.00000 1.00000
vt 0.00000 1.00000
vt 0.00000 1.00000
vt 0.00000 1.00000
vt 0.00000 1.00000
vt 0.00000 1.00000
vt 0.00000 1.00000
vt 0.00000 1.00000
vt 0.00000 1.00000
vt 0.00000 1.00000
vt 0.00000 1.00000
vt 0.00000 1.00000
vt 0.00000 1.00000
vt 0.00000 1.00000
vt 0.00000 1.00000
vt 0.00000 1.00000
vt 0.00000 1.00000
vt 0.00000 1.00000
vt 0.00000 1.00000
vt 0.00000 1.00000
vt 0.00000 1.00000
vt 0.00000 1.00000
vt 0.00000 1.00000
vt 0.00000 1.00000
vt 0.00000 1.00000
vt 0.00000 1.00000
vt 0.00000 1.00000
vt 0.00000 1.00000
vt 0.00000 1.00000
vt 0.00000 1.00000
vt 0.00000 1.00000
vt 0.00000 1.00000
vt 0.00000 1.00000
vt 0.00000 1.00000
vt 0.00000 1.00000
vt 0.00000 1.00000
vt 0.00000 1.00000
vt 0.00000 1.00000
vt 0.00000 1.00000
vt 0.00000 1.00000
vt 0.00000 1.00000
vt 0.00000 1.00000
vt 0.00000 1.00000
vt 0.00000 1.00000
vt 0.00000 1.00000
vt 0.00000 1.00000
vt 0.00000 1.00000
vt 0.00000 1.00000
vt 0.00000 1.00000
vt 0.00000 1.00000
vt 0.00000 1.00000
vt 0.00000 1.00000
vt 0.00000 1.00000
vt 0.00000 1.00000
vt 0.00000 1.00000
vt 0.00000 1.00000
vt 0.00000 1.00000
vt 0.00000 1.00000
vt 0.00000 1.00000
vt 0.00000 1.00000
vt 0.00000 1.00000
vt 0.00000 1.00000
vt 0.00000 1.00000
vt 0.00000 1.00000
vt 0.00000 1.00000
vt 0.00000 1.00000
vt 0.00000 1.00000
vt 0.00000 1.00000
vt 0.00000 1.00000
vt 0.00000 1.00000
vt 0.00000 1.00000
vt 0.00000 1.00000
vt 0.00000 1.00000
vt 0.00000 1.00000
vt 0.00000 1.00000
vt 0.00000 1.00000
vt 0.00000 1.00000
vt 0.00000 1.00000
vt 0.00000 1.00000
vt 0.00000 1.00000
vt 0.00000 1.00000
vt 0.00000 1.00000
vt 0.00000 1.00000
vt 0.00000 1.00000
vt 0.00000 1.00000
vt 0.00000 1.00000
vt 0.00000 1.00000
vt 0.00000 1.00000
vt 0.00000 1.00000
vt 0.00000 1.00000
vt 0.00000 1.00000
vt 0.00000 1.00000
vt 0.00000 1.00000
vt 0.00000 1.00000
vt 0.00000 1.00000
vt 0.00000 1.00000
vt 0.00000 1.00000
vt 0.00000 1.00000
vt 0.00000 1.00000
vt 0.00000 1.00000
vt 0.00000 1.00000
vt 0.00000 1.00000
vt 0.00000 1.00000
vt 0.00000 1.00000
vt 0.00000 1.00000
vt 0.00000 1.00000
vt 0.00000 1.00000
vt 0.00000 1.00000
vt 0.00000 1.00000
vt 0.00000 1.00000
vt 0.00000 1.00000
vt 0.00000 1.00000
vt 0.00000 1.00000
vt 0.00000 1.00000
vt 0.00000 1.00000
vt 0.00000 1.00000
vt 0.00000 1.00000
vt 0.00000 1.00000
vt 0.00000 1.00000
vt 0.00000 1.00000
vt 0.00000 1.00000
vt 0.00000 1.00000
vt 0.00000 1.00000
vt 0.00000 1.00000
vt 0.00000 1.00000
vt 0.00000 1.00000
vt 0.00000 1.00000
vt 0.00000 1.00000
vt 0.00000 1.00000
vt 0.00000 1.00000
vt 0.00000 1.00000
vt 0.00000 1.00000
vt 0.00000 1.00000
vt 0.00000 1.00000
vt 0.00000 1.00000
vt 0.00000 1.00000
vt 0.00000 1.00000
vt 0.00000 1.00000
vt 0.00000 1.00000
vt 0.00000 1.00000
vt 0.00000 1.00000
vt 0.00000 1.00000
vt 0.00000 1.00000
vt 0.00000 1.00000
vt 0.00000 1.00000
vt 0.00000 1.00000
vt 0.00000 1.00000
vt 0.00000 1.00000
vt 0.00000 1.00000
vt 0.00000 1.00000
vt 0.00000 1.00000
vt 0.00000 1.00000
vt 0.00000 1.00000
vt 0.00000 1.00000
vt 0.00000 1.00000
vt 0.00000 1.00000
vt 0.00000 1.00000
vt 0.00000 1.00000
vt 0.00000 1.00000
vt 0.00000 1.00000
vt 0.00000 1.00000
vt 0.00000 1.00000
vt 0.00000 1.00000
vt 0.00000 1.00000
vt 0.00000 1.00000
vt 0.00000 1.00000
vt 0.00000 1.00000
vt 0.00000 1.00000
vt 0.00000 1.00000
vt 0.00000 1.00000
vt 0.00000 1.00000
vt 0.00000 1.00000
vt 0.00000 1.00000
vt 0.00000 1.00000
vt 0.00000 1.00000
vt 0.00000 1.00000
vt 0.00000 1.00000
vt 0.00000 1.00000
vt 0.00000 1.00000
vt 0.00000 1.00000
usemtl bark
f 1/1 2/2 3/3
f 4/4 5/5 6/6
f 7/7 8/8 9/9
f 10/10 11/11 12/12
f 13/13 14/14 15/15
f 16/16 17/17 18/18
f 19/19 20/20 21/21
f 22/22 23/23 24/24
f 25/25 26/26 27/27
f 28/28 29/29 30/30
f 31/31 32/32 33/33
f 34/34 35/35 36/36
f 37/37 38/38 39/39
f 40/40 41/41 42/42
f 43/43 44/44 45/45
f 46/46 47/47 48/48
f 49/49 50/50 51/51
f 52/52 53/53 54/54
f 55/55 56/56 57/57
f 58/58 59/59 60/60
f 61/61 62/62 63/63
f 64/64 65/65 66/66
f 67/67 68/68 69/69
f 70/70 71/71 72/72
f 73/73 74/74 75/75
f 76/76 77/77 78/78
f 79/79 80/80 81/81
f 82/82 83/83 84/84
f 85/85 86/86 87/87
f 88/88 89/89 90/90
f 91/91 92/92 93/93
f 94/94 95/95 96/96
f 97/97 98/98 99/99
f 100/100 101/101 102/102
f 103/103 104/104 105/105
f 106/106 107/107 108/108
f 109/109 110/110 111/111
f 112/112 113/113 114/114
f 115/115 116/116 117/117
f 118/118 119/119 120/120
f 121/121 122/122 123/123
f 124/124 125/125 126/126
f 127/127 128/128 129/129
f 130/130 131/131 132/132
f 133/133 134/134 135/135
f 136/136 137/137 138/138
f 139/139 140/140 141/141
f 142/142 143/143 144/144
f 145/145 146/146 147/147
f 148/148 149/149 150/150
f 151/151 152/152 153/153
f 154/154 155/155 156/156
f 157/157 158/158 159/159
f 160/160 161/161 162/162
f 163/163 164/164 165/165
f 166/166 167/167 168/168
f 169/169 170/170 171/171
f 172/172 173/173 174/174
f 175/175 176/176 177/177
f 178/178 179/179 180/180
f 181/181 182/182 183/183
f 184/184 185/185 186/186
f 187/187 188/188 189/189
f 190/190 191/191 192/192
f 193/193 194/194 195/195
f 196/196 197/197 198/198
f 199/199 200/200 201/201
f 202/202 203/203 204/204
f 205/205 206/206 207/207
f 208/208 209/209 210/210
f 211/211 212/212 213/213
f 214/214 215/215 216/216
f 217/217 218/218 219/219
f 220/220 221/221 222/222
f 223/223 224/224 225/225
f 226/226 227/227 228/228
f 229/229 230/230 231/231
f 232/232 233/233 234/234
f 235/235 236/236 237/237
f 238/238 239/239 240/240
f 241/241 242/242 243/243
f 244/244 245/245 246/246
f 247/247 248/248 249/249
f 250/250 251/251 252/252
f 253/253 254/254 255/255
f 256/256 257/257 258/258
f 259/259 260/260 261/261
f 262/262 263/263 264/264
f 265/265 266/266 267/267
f 268/268 269/269 270/270
f 271/271 272/272 273/273
f 274/274 275/275 276/276
f 277/277 278/278 279/279
f 280/280 281/281 282/282
f 283/283 284/284 285/285
f 286/286 287/287 288/288
f 289/289 290/290 291/291
f 292/292 293/293 294/294
f 295/295 296/296 297/297
f 298/298 299/299 300/300
f 301/301 302/302 303/303
f 304/304 305/305 306/306
f 307/307 308/308 309/309
f 310/310 311/311 312/312
f 313/313 314/314 315/315
f 316/316 317/317 318/318
f 319/319 320/320 321/321
f 322/322 323/323 324/324
f 325/325 326/326 327/327
f 328/328 329/329 330/330
f 331/331 332/332 333/333
f 334/334 335/335 336/336
f 337/337 338/338 339/339
f 340/340 341/341 342/342
f 343/343 344/344 345/345
f 346/346 347/347 348/348
f 349/349 350/350 351/351
f 352/352 353/353 354/354
f 355/355 356/356 357/357
f 358/358 359/359 360/360
f 361/361 362/362 363/363
f 364/364 365/365 366/366
f 367/367 368/368 369/369
f 370/370 371/371 372/372
f 373/373 374/374 375/375
f 376/376 377/377 378/378
f 379/379 380/380 381/381
f 382/382 383/383 384/384
f 385/385 386/386 387/387
f 388/388 389/389 390/390
f 391/391 392/392 393/393
f 394/394 395/395 396/396
f 397/397 398/398 399/399
f 400/400 401/401 402/402
f 403/403 404/404 405/405
f 406/406 407/407 408/408
f 409/409 410/410 411/411
f 412/412 413/413 414/414
f 415/415 416/416 417/417
f 418/418 419/419 420/420
f 421/421 422/422 423/423
f 424/424 425/425 426/426
f 427/427 428/428 429/429
f 430/430 431/431 432/432
f 433/433 434/434 435/435
f 436/436 437/437 438/438
f 439/439 440/440 441/441
f 442/442 443/443 444/444
f 445/445 446/446 447/447
f 448/448 449/449 450/450
f 451/451 452/452 453/453
f 454/454 455/455 456/456
f 457/457 458/458 459/459
f 460/460 461/461 462/462
f 463/463 464/464 465/465
f 466/466 467/467 468/468
f 469/469 470/470 471/471
f 472/472 473/473 474/474
f 475/475 476/476 477/477
f 478/478 479/479 480/480
f 481/481 482/482 483/483
f 484/484 485/485 486/486
f 487/487 488/488 489/489
f 490/490 491/491 492/492
f 493/493 494/494 495/495
f 496/496 497/497 498/498
f 499/499 500/500 501/501
f 502/502 503/503 504/504
f 505/505 506/506 507/507
f 508/508 509/509 510/510
f 511/511 512/512 513/513
f 514/514 515/515 516/516
f 517/517 518/518 519/519
f 520/520 521/521 522/522
f 523/523 524/524 525/525
f 526/526 527/527 528/528
f 529/529 530/530 531/531
f 532/532 533/533 534/534
f 535/535 536/536 537/537
f 538/538 539/539 540/540
f 541/541 542/542 543/543
f 544/544 545/545 546/546
f 547/547 548/548 549/549
f 550/550 551/551 552/552
f 553/553 554/554 555/555
f 556/556 557/557 558/558
f 559/559 560/560 561/561
f 562/562 563/563 564/564
f 565/565 566/566 567/567
f 568/568 569/569 570/570
f 571/571 572/572 573/573
f 574/574 575/575 576/576
f 577/577 578/578 579/579
f 580/580 581/581 582/582
f 583/583 584/584 585/585
f 586/586 587/587 588/588
f 589/589 590/590 591/591
f 592/592 593/593 594/594
f 595/595 596/596 597/597
f 598/598 599/599 600/600
f 601/601 602/602 603/603
f 604/604 605/605 606/606
f 607/607 608/608 609/609
f 610/610 611/611 612/612
f 613/613 614/614 615/615
f 616/616 617/617 618/618
f 619/619 620/620 621/621
f 622/622 623/623 624/624
f 625/625 626/626 627/627
f 628/628 629/629 630/630
f 631/631 632/632 633/633
f 634/634 635/635 636/636
f 637/637 638/638 639/639
f 640/640 641/641 642/642
f 643/643 644/644 645/645
f 646/646 647/647 648/648
f 649/649 650/650 651/651
f 652/652 653/653 654/654
f 655/655 656/656 657/657
f 658/658 659/659 660/660
f 661/661 662/662 663/663
f 664/664 665/665 666/666
f 667/667 668/668 669/669
f 670/670 671/671 672/672
f 673/673 674/674 675/675
f 676/676 677/677 678/678
f 679/679 680/680 681/681
f 682/682 683/683 684/684
f 685/685 686/686 687/687
f 688/688 689/689 690/690
f 691/691 692/692 693/693
f 694/694 695/695 696/696
f 697/697 698/698 699/699
f 700/700 701/701 702/702
f 703/703 704/704 705/705
f 706/706 707/707 708/708
f 709/709 710/710 711/711
f 712/712 713/713 714/714
f 715/715 716/716 717/717
f 718/718 719/719 720/720
f 721/721 722/722 723/723
f 724/724 725/725 726/726
f 727/727 728/728 729/729
f 730/730 731/731 732/732
f 733/733 734/734 735/735
f 736/736 737/737 738/738
f 739/739 740/740 741/741
f 742/742 743/743 744/744
f 745/745 746/746 747/747
f 748/748 749/749 750/750
f 751/751 752/752 753/753
f 754/754 755/755 756/756
f 757/757 758/758 759/759
f 760/760 761/761 762/762
f 763/763 764/764 765/765
f 766/766 767/767 768/768
f 769/769 770/770 771/771
f 772/772 773/773 774/774
f 775/775 776/776 777/777
f 778/778 779/779 780/780
f 781/781 782/782 783/783
f 784/784 785/785 786/786
f 787/787 788/788 789/789
f 790/790 791/791 792/792
f 793/793 794/794 795/795
f 796/796 797/797 798/798
f 799/799 800/800 801/801
f 802/802 803/803 804/804
f 805/805 806/806 807/807
f 808/808 809/809 810/810
f 811/811 812/812 813/813
f 814/814 815/815 816/816
f 817/817 818/818 819/819
f 820/820 821/821 822/822
f 823/823 824/824 825/825
f 826/826 827/827 828/828
f 829/829 830/830 831/831
f 832/832 833/833 834/834
f 835/835 836/836 837/837
f 838/838 839/839 840/840
f 841/841 842/842 843/843
f 844/844 845/845 846/846
f 847/847 848/848 849/849
f 850/850 851/851 852/852
f 853/853 854/854 855/855
f 856/856 857/857 858/858
f 859/859 860/860 861/861
f 862/862 863/863 864/864
f 865/865 866/866 867/867
f 868/868 869/869 870/870
f 871/871 872/872 873/873
f 874/874 875/875 876/876
f 877/877 878/878 879/879
f 880/880 881/881 882/882
f 883/883 884/884 885/885
f 886/886 887/887 888/888
f 889/889 890/890 891/891
f 892/892 893/893 894/894
f 895/895 896/896 897/897
f 898/898 899/899 900/900
f 901/901 902/902 903/903
f 904/904 905/905 906/906
f 907/907 908/908 909/909
f 910/910 911/911 912/912
f 913/913 914/914 915/915
f 916/916 917/917 918/918
f 919/919 920/920 921/921
f 922/922 923/923 924/924
f 925/925 926/926 927/927
f 928/928 929/929 930/930
f 931/931 932/932 933/933
f 934/934 935/935 936/936
v 1.5800 17.5749 29.2102
v 0.6062 17.5557 29.5811
v 0.5838 20.1602 28.1922
v 0.6062 17.5557 29.5811
v -0.7151 17.5096 28.1807
v 0.5838 20.1602 28.1922
v -0.7151 17.5096 28.1807
v 0.6854 17.5288 26.8588
v 0.5838 20.1602 28.1922
v 0.6854 17.5288 26.8588
v 2.0067 17.5749 28.2592
v 0.5838 20.1602 28.1922
v 2.0067 17.5749 28.2592
v 1.5800 17.5749 29.2102
v 0.5838 20.1602 28.1922
v 1.5800 17.5749 29.2102
v -0.7151 17.5096 28.1807
v 0.6062 17.5557 29.5811
v 1.5800 17.5749 29.2102
v 0.6854 17.5288 26.8588
v -0.7151 17.5096 28.1807
v 1.5800 17.5749 29.2102
v 2.0067 17.5749 28.2592
v 0.6854 17.5288 26.8588
v 1.3514 18.8770 28.9869
v -0.1660 18.8406 28.9431
v 0.5528 21.4692 28.1784
v -0.1660 18.8406 28.9431
v -0.1219 18.8255 27.4253
v 0.5528 21.4692 28.1784
v -0.1219 18.8255 27.4253
v 1.3956 18.8619 27.4691
v 0.5528 21.4692 28.1784
v 1.3956 18.8619 27.4691
v 1.3514 18.8770 28.9869
v 0.5528 21.4692 28.1784
v 1.3514 18.8770 28.9869
v -0.1219 18.8255 27.4253
v -0.1660 18.8406 28.9431
v 1.3514 18.8770 28.9869
v 1.3956 18.8619 27.4691
v -0.1219 18.8255 27.4253
v 0.5617 20.1678 28.9515
v -0.1753 20.1420 28.1703
v 0.5218 22.7782 28.1645
v -0.1753 20.1420 28.1703
v 0.6059 20.1527 27.4330
v 0.5218 22.7782 28.1645
v 0.6059 20.1527 27.4330
v 1.3429 20.1784 28.2141
v 0.5218 22.7782 28.1645
v 1.3429 20.1784 28.2141
v 0.5617 20.1678 28.9515
v 0.5218 22.7782 28.1645
v 0.5617 20.1678 28.9515
v 0.6059 20.1527 27.4330
v -0.1753 20.1420 28.1703
v 0.5617 20.1678 28.9515
v 1.3429 20.1784 28.2141
v 0.6059 20.1527 27.4330
v -9.6990 16.7958 14.8079
v -9.0572 16.8025 14.3518
v -8.8045 18.7458 15.4159
v -9.0572 16.8025 14.3518
v -7.8248 16.7639 15.1242
v -8.8045 18.7458 15.4159
v -7.8248 16.7639 15.1242
v -8.5980 16.7344 16.3563
v -8.8045 18.7458 15.4159
v -8.5980 16.7344 16.3563
v -9.8304 16.7730 15.5839
v -8.8045 18.7458 15.4159
v -9.8304 16.7730 15.5839
v -9.6990 16.7958 14.8079
v -8.8045 18.7458 15.4159
v -9.6990 16.7958 14.8079
v -7.8248 16.7639 15.1242
v -9.0572 16.8025 14.3518
v -9.6990 16.7958 14.8079
v -8.5980 16.7344 16.3563
v -7.8248 16.7639 15.1242
v -9.6990 16.7958 14.8079
v -9.8304 16.7730 15.5839
v -8.5980 16.7344 16.3563
v -9.5031 17.7786 14.9544
v -8.3850 17.7736 14.6981
v -8.7929 19.7345 15.4468
v -8.3850 17.7736 14.6981
v -8.1290 17.7356 15.8156
v -8.7929 19.7345 15.4468
v -8.1290 17.7356 15.8156
v -9.2471 17.7407 16.0719
v -8.7929 19.7345 15.4468
v -9.2471 17.7407 16.0719
v -9.5031 17.7786 14.9544
v -8.7929 19.7345 15.4468
v -9.5031 17.7786 14.9544
v -8.1290 17.7356 15.8156
v -8.3850 17.7736 14.6981
v -9.5031 17.7786 14.9544
v -9.2471 17.7407 16.0719
v -8.1290 17.7356 15.8156
v -8.9325 18.7648 14.8569
v -8.2451 18.7433 15.2877
v -8.7813 20.7231 15.4778
v -8.2451 18.7433 15.2877
v -8.6764 18.7268 15.9750
v -8.7813 20.7231 15.4778
v -8.6764 18.7268 15.9750
v -9.3638 18.7483 15.5441
v -8.7813 20.7231 15.4778
v -9.3638 18.7483 15.5441
v -8.9325 18.7648 14.8569
v -8.7813 20.7231 15.4778
v -8.9325 18.7648 14.8569
v -8.6764 18.7268 15.9750
v -8.2451 18.7433 15.2877
v -8.9325 18.7648 14.8569
v -9.3638 18.7483 15.5441
v -8.6764 18.7268 15.9750
v -52.8565 13.3094 7.8563
v -52.8222 13.2019 6.6832
v -51.5398 16.2634 7.0321
v -52.8222 13.2019 6.6832
v -50.7886 13.2133 5.9045
v -51.5398 16.2634 7.0321
v -50.7886 13.2133 5.9045
v -50.0149 13.4330 7.9282
v -51.5398 16.2634 7.0321
v -50.0149 13.4330 7.9282
v -52.0486 13.4216 8.7068
v -51.5398 16.2634 7.0321
v -52.0486 13.4216 8.7068
v -52.8565 13.3094 7.8563
v -51.5398 16.2634 7.0321
v -52.8565 13.3094 7.8563
v -50.7886 13.2133 5.9045
v -52.8222 13.2019 6.6832
v -52.8565 13.3094 7.8563
v -50.0149 13.4330 7.9282
v -50.7886 13.2133 5.9045
v -52.8565 13.3094 7.8563
v -52.0486 13.4216 8.7068
v -50.0149 13.4330 7.9282
v -52.6130 14.7841 7.6030
v -51.9105 14.6679 6.0406
v -51.6004 17.7364 6.8954
v -51.9105 14.6679 6.0406
v -50.3454 14.7968 6.7348
v -51.6004 17.7364 6.8954
v -50.3454 14.7968 6.7348
v -51.0479 14.9129 8.2971
v -51.6004 17.7364 6.8954
v -51.0479 14.9129 8.2971
v -52.6130 14.7841 7.6030
v -51.6004 17.7364 6.8954
v -52.6130 14.7841 7.6030
v -50.3454 14.7968 6.7348
v -51.9105 14.6679 6.0406
v -52.6130 14.7841 7.6030
v -51.0479 14.9129 8.2971
v -50.3454 14.7968 6.7348
v -52.3228 16.1990 6.6849
v -51.1884 16.2053 6.2506
v -51.6611 19.2094 6.7586
v -51.1884 16.2053 6.2506
v -50.7569 16.3279 7.3794
v -51.6611 19.2094 6.7586
v -50.7569 16.3279 7.3794
v -51.8912 16.3215 7.8137
v -51.6611 19.2094 6.7586
v -51.8912 16.3215 7.8137
v -52.3228 16.1990 6.6849
v -51.6611 19.2094 6.7586
v -52.3228 16.1990 6.6849
v -50.7569 16.3279 7.3794
v -51.1884 16.2053 6.2506
v -52.3228 16.1990 6.6849
v -51.8912 16.3215 7.8137
v -50.7569 16.3279 7.3794
v -11.4741 16.6762 -9.3242
v -12.3697 16.5509 -9.7364
v -11.7721 19.1528 -10.6278
v -12.3697 16.5509 -9.7364
v -12.3053 16.5554 -11.5717
v -11.7721 19.1528 -10.6278
v -12.3053 16.5554 -11.5717
v -10.4876 16.8079 -11.5073
v -11.7721 19.1528 -10.6278
v -10.4876 16.8079 -11.5073
v -10.5519 16.8034 -9.6721
v -11.7721 19.1528 -10.6278
v -10.5519 16.8034 -9.6721
v -11.4741 16.6762 -9.3242
v -11.7721 19.1528 -10.6278
v -11.4741 16.6762 -9.3242
v -12.3053 16.5554 -11.5717
v -12.3697 16.5509 -9.7364
v -11.4741 16.6762 -9.3242
v -10.4876 16.8079 -11.5073
v -12.3053 16.5554 -11.5717
v -11.4741 16.6762 -9.3242
v -10.5519 16.8034 -9.6721
v -10.4876 16.8079 -11.5073
v -11.6362 17.9136 -9.6017
v -12.6138 17.7753 -10.6607
v -11.9438 20.3894 -10.6308
v -12.6138 17.7753 -10.6607
v -11.5645 17.9186 -11.6480
v -11.9438 20.3894 -10.6308
v -11.5645 17.9186 -11.6480
v -10.5869 18.0569 -10.5889
v -11.9438 20.3894 -10.6308
v -10.5869 18.0569 -10.5889
v -11.6362 17.9136 -9.6017
v -11.9438 20.3894 -10.6308
v -11.6362 17.9136 -9.6017
v -11.5645 17.9186 -11.6480
v -12.6138 17.7753 -10.6607
v -11.6362 17.9136 -9.6017
v -10.5869 18.0569 -10.5889
v -11.5645 17.9186 -11.6480
v -12.2970 19.0811 -10.1339
v -12.2611 19.0836 -11.1576
v -12.1155 21.6261 -10.6337
v -12.2611 19.0836 -11.1576
v -11.2471 19.2245 -11.1217
v -12.1155 21.6261 -10.6337
v -11.2471 19.2245 -11.1217
v -11.2830 19.2219 -10.0980
v -12.1155 21.6261 -10.6337
v -11.2830 19.2219 -10.0980
v -12.2970 19.0811 -10.1339
v -12.1155 21.6261 -10.6337
v -12.2970 19.0811 -10.1339
v -11.2471 19.2245 -11.1217
v -12.2611 19.0836 -11.1576
v -12.2970 19.0811 -10.1339
v -11.2830 19.2219 -10.0980
v -11.2471 19.2245 -11.1217
v 14.7096 17.4384 27.6501
v 13.8964 17.3433 27.3142
v 14.4471 19.6466 26.4945
v 13.8964 17.3433 27.3142
v 13.8907 17.3431 25.6791
v 14.4471 19.6466 26.4945
v 13.8907 17.3431 25.6791
v 15.5148 17.5332 25.6735
v 14.4471 19.6466 26.4945
v 15.5148 17.5332 25.6735
v 15.5204 17.5334 27.3086
v 14.4471 19.6466 26.4945
v 15.5204 17.5334 27.3086
v 14.7096 17.4384 27.6501
v 14.4471 19.6466 26.4945
v 14.7096 17.4384 27.6501
v 13.8907 17.3431 25.6791
v 13.8964 17.3433 27.3142
v 14.7096 17.4384 27.6501
v 15.5148 17.5332 25.6735
v 13.8907 17.3431 25.6791
v 14.7096 17.4384 27.6501
v 15.5204 17.5334 27.3086
v 15.5148 17.5332 25.6735
v 14.5795 18.5426 27.4058
v 13.6709 18.4365 26.4973
v 14.3178 20.7508 26.4948
v 13.6709 18.4365 26.4973
v 14.5732 18.5423 25.5826
v 14.3178 20.7508 26.4948
v 14.5732 18.5423 25.5826
v 15.4818 18.6484 26.4910
v 14.3178 20.7508 26.4948
v 15.4818 18.6484 26.4910
v 14.5795 18.5426 27.4058
v 14.3178 20.7508 26.4948
v 14.5795 18.5426 27.4058
v 14.5732 18.5423 25.5826
v 13.6709 18.4365 26.4973
v 14.5795 18.5426 27.4058
v 15.4818 18.6484 26.4910
v 14.5732 18.5423 25.5826
v 13.9957 19.5937 26.9521
v 13.9926 19.5936 26.0400
v 14.1886 21.8550 26.4951
v 13.9926 19.5936 26.0400
v 14.8984 19.6996 26.0369
v 14.1886 21.8550 26.4951
v 14.8984 19.6996 26.0369
v 14.9016 19.6997 26.9489
v 14.1886 21.8550 26.4951
v 14.9016 19.6997 26.9489
v 13.9957 19.5937 26.9521
v 14.1886 21.8550 26.4951
v 13.9957 19.5937 26.9521
v 14.8984 19.6996 26.0369
v 13.9926 19.5936 26.0400
v 13.9957 19.5937 26.9521
v 14.9016 19.6997 26.9489
v 14.8984 19.6996 26.0369
v -42.9721 13.6606 -16.3476
v -43.8442 13.5773 -15.6611
v -44.3866 16.4212 -16.9073
v -43.8442 13.5773 -15.6611
v -45.6372 13.5378 -16.6676
v -44.3866 16.4212 -16.9073
v -45.6372 13.5378 -16.6676
v -44.6357 13.6880 -18.4575
v -44.3866 16.4212 -16.9073
v -44.6357 13.6880 -18.4575
v -42.8427 13.7275 -17.4510
v -44.3866 16.4212 -16.9073
v -42.8427 13.7275 -17.4510
v -42.9721 13.6606 -16.3476
v -44.3866 16.4212 -16.9073
v -42.9721 13.6606 -16.3476
v -45.6372 13.5378 -16.6676
v -43.8442 13.5773 -15.6611
v -42.9721 13.6606 -16.3476
v -44.6357 13.6880 -18.4575
v -45.6372 13.5378 -16.6676
v -42.9721 13.6606 -16.3476
v -42.8427 13.7275 -17.4510
v -44.6357 13.6880 -18.4575
v -43.3137 15.0489 -16.4222
v -44.8716 14.9431 -15.9854
v -44.4600 17.8154 -16.8313
v -44.8716 14.9431 -15.9854
v -45.3129 15.0049 -17.5445
v -44.4600 17.8154 -16.8313
v -45.3129 15.0049 -17.5445
v -43.7549 15.1107 -17.9812
v -44.4600 17.8154 -16.8313
v -43.7549 15.1107 -17.9812
v -43.3137 15.0489 -16.4222
v -44.4600 17.8154 -16.8313
v -43.3137 15.0489 -16.4222
v -45.3129 15.0049 -17.5445
v -44.8716 14.9431 -15.9854
v -43.3137 15.0489 -16.4222
v -43.7549 15.1107 -17.9812
v -45.3129 15.0049 -17.5445
v -44.1659 16.3903 -16.1274
v -45.1660 16.3682 -16.6889
v -44.5333 19.2097 -16.7553
v -45.1660 16.3682 -16.6889
v -44.6074 16.4521 -17.6872
v -44.5333 19.2097 -16.7553
v -44.6074 16.4521 -17.6872
v -43.6073 16.4741 -17.1258
v -44.5333 19.2097 -16.7553
v -43.6073 16.4741 -17.1258
v -44.1659 16.3903 -16.1274
v -44.5333 19.2097 -16.7553
v -44.1659 16.3903 -16.1274
v -44.6074 16.4521 -17.6872
v -45.1660 16.3682 -16.6889
v -44.1659 16.3903 -16.1274
v -43.6073 16.4741 -17.1258
v -44.6074 16.4521 -17.6872
v -6.4238 16.8295 32.2702
v -6.5890 16.8609 33.0038
v -7.5197 18.6568 32.3311
v -6.5890 16.8609 33.0038
v -7.9564 16.7813 33.2454
v -7.5197 18.6568 32.3311
v -7.9564 16.7813 33.2454
v -8.1923 16.6854 31.8781
v -7.5197 18.6568 32.3311
v -8.1923 16.6854 31.8781
v -6.8250 16.7650 31.6365
v -7.5197 18.6568 32.3311
v -6.8250 16.7650 31.6365
v -6.4238 16.8295 32.2702
v -7.5197 18.6568 32.3311
v -6.4238 16.8295 32.2702
v -7.9564 16.7813 33.2454
v -6.5890 16.8609 33.0038
v -6.4238 16.8295 32.2702
v -8.1923 16.6854 31.8781
v -7.9564 16.7813 33.2454
v -6.4238 16.8295 32.2702
v -6.8250 16.7650 31.6365
v -8.1923 16.6854 31.8781
v -6.6929 17.7594 32.2514
v -7.3237 17.7685 33.1483
v -7.5843 19.5986 32.2761
v -7.3237 17.7685 33.1483
v -8.2175 17.6706 32.5207
v -7.5843 19.5986 32.2761
v -8.2175 17.6706 32.5207
v -7.5867 17.6615 31.6237
v -7.5843 19.5986 32.2761
v -7.5867 17.6615 31.6237
v -6.6929 17.7594 32.2514
v -7.5843 19.5986 32.2761
v -6.6929 17.7594 32.2514
v -8.2175 17.6706 32.5207
v -7.3237 17.7685 33.1483
v -6.6929 17.7594 32.2514
v -7.5867 17.6615 31.6237
v -8.2175 17.6706 32.5207
v -7.0726 18.7058 32.6451
v -7.8353 18.6614 32.7798
v -7.6488 20.5405 32.2212
v -7.8353 18.6614 32.7798
v -7.9669 18.6079 32.0171
v -7.6488 20.5405 32.2212
v -7.9669 18.6079 32.0171
v -7.2042 18.6523 31.8824
v -7.6488 20.5405 32.2212
v -7.2042 18.6523 31.8824
v -7.0726 18.7058 32.6451
v -7.6488 20.5405 32.2212
v -7.0726 18.7058 32.6451
v -7.9669 18.6079 32.0171
v -7.8353 18.6614 32.7798
v -7.0726 18.7058 32.6451
v -7.2042 18.6523 31.8824
v -7.9669 18.6079 32.0171
v -45.9124 13.8311 -22.2763
v -47.1796 13.7899 -22.1053
v -46.8648 16.9829 -23.7885
v -47.1796 13.7899 -22.1053
v -48.3659 13.7050 -24.1483
v -46.8648 16.9829 -23.7885
v -48.3659 13.7050 -24.1483
v -46.3228 13.7522 -25.3366
v -46.8648 16.9829 -23.7885
v -46.3228 13.7522 -25.3366
v -45.1365 13.8372 -23.2936
v -46.8648 16.9829 -23.7885
v -45.1365 13.8372 -23.2936
v -45.9124 13.8311 -22.2763
v -46.8648 16.9829 -23.7885
v -45.9124 13.8311 -22.2763
v -48.3659 13.7050 -24.1483
v -47.1796 13.7899 -22.1053
v -45.9124 13.8311 -22.2763
v -46.3228 13.7522 -25.3366
v -48.3659 13.7050 -24.1483
v -45.9124 13.8311 -22.2763
v -45.1365 13.8372 -23.2936
v -46.3228 13.7522 -25.3366
v -46.1466 15.4243 -22.6157
v -47.9470 15.3506 -23.0922
v -46.9216 18.5888 -23.8223
v -47.9470 15.3506 -23.0922
v -47.4694 15.3296 -24.8937
v -46.9216 18.5888 -23.8223
v -47.4694 15.3296 -24.8937
v -45.6689 15.4033 -24.4172
v -46.9216 18.5888 -23.8223
v -45.6689 15.4033 -24.4172
v -46.1466 15.4243 -22.6157
v -46.9216 18.5888 -23.8223
v -46.1466 15.4243 -22.6157
v -47.4694 15.3296 -24.8937
v -47.9470 15.3506 -23.0922
v -46.1466 15.4243 -22.6157
v -45.6689 15.4033 -24.4172
v -47.4694 15.3296 -24.8937
v -47.1037 16.9934 -22.8873
v -47.7654 16.9460 -24.0269
v -46.9783 20.1947 -23.8560
v -47.7654 16.9460 -24.0269
v -46.6258 16.9724 -24.6897
v -46.9783 20.1947 -23.8560
v -46.6258 16.9724 -24.6897
v -45.9641 17.0198 -23.5501
v -46.9783 20.1947 -23.8560
v -45.9641 17.0198 -23.5501
v -47.1037 16.9934 -22.8873
v -46.9783 20.1947 -23.8560
v -47.1037 16.9934 -22.8873
v -46.6258 16.9724 -24.6897
v -47.7654 16.9460 -24.0269
v -47.1037 16.9934 -22.8873
v -45.9641 17.0198 -23.5501
v -46.6258 16.9724 -24.6897
v -0.4992 17.5828 3.2561
v -0.4660 17.5379 4.2654
v -1.6950 20.0995 3.9137
v -0.4660 17.5379 4.2654
v -2.1673 17.5085 5.0360
v -1.6950 20.0995 3.9137
v -2.1673 17.5085 5.0360
v -2.9384 17.5862 3.3365
v -1.6950 20.0995 3.9137
v -2.9384 17.5862 3.3365
v -1.2371 17.6156 2.5659
v -1.6950 20.0995 3.9137
v -1.2371 17.6156 2.5659
v -0.4992 17.5828 3.2561
v -1.6950 20.0995 3.9137
v -0.4992 17.5828 3.2561
v -2.1673 17.5085 5.0360
v -0.4660 17.5379 4.2654
v -0.4992 17.5828 3.2561
v -2.9384 17.5862 3.3365
v -2.1673 17.5085 5.0360
v -0.4992 17.5828 3.2561
v -1.2371 17.6156 2.5659
v -2.9384 17.5862 3.3365
v -0.7501 18.8472 3.4277
v -1.2687 18.7874 4.8049
v -1.6914 21.3682 3.9701
v -1.2687 18.7874 4.8049
v -2.6471 18.8144 4.2870
v -1.6914 21.3682 3.9701
v -2.6471 18.8144 4.2870
v -2.1285 18.8741 2.9098
v -1.6914 21.3682 3.9701
v -2.1285 18.8741 2.9098
v -0.7501 18.8472 3.4277
v -1.6914 21.3682 3.9701
v -0.7501 18.8472 3.4277
v -2.6471 18.8144 4.2870
v -1.2687 18.7874 4.8049
v -0.7501 18.8472 3.4277
v -2.1285 18.8741 2.9098
v -2.6471 18.8144 4.2870
v -1.0055 20.0860 4.1728
v -1.9544 20.0696 4.6026
v -1.6878 22.6370 4.0265
v -1.9544 20.0696 4.6026
v -2.3846 20.1130 3.6546
v -1.6878 22.6370 4.0265
v -2.3846 20.1130 3.6546
v -1.4356 20.1294 3.2248
v -1.6878 22.6370 4.0265
v -1.4356 20.1294 3.2248
v -1.0055 20.0860 4.1728
v -1.6878 22.6370 4.0265
v -1.0055 20.0860 4.1728
v -2.3846 20.1130 3.6546
v -1.9544 20.0696 4.6026
v -1.0055 20.0860 4.1728
v -1.4356 20.1294 3.2248
v -2.3846 20.1130 3.6546
v -38.2197 14.5800 41.2754
v -38.8502 14.5784 40.5759
v -37.6626 16.9253 40.1339
v -38.8502 14.5784 40.5759
v -38.1020 14.5491 39.0050
v -37.6626 16.9253 40.1339
v -38.1020 14.5491 39.0050
v -36.5310 14.5402 39.7535
v -37.6626 16.9253 40.1339
v -36.5310 14.5402 39.7535
v -37.2792 14.5695 41.3243
v -37.6626 16.9253 40.1339
v -37.2792 14.5695 41.3243
v -38.2197 14.5800 41.2754
v -37.6626 16.9253 40.1339
v -38.2197 14.5800 41.2754
v -38.1020 14.5491 39.0050
v -38.8502 14.5784 40.5759
v -38.2197 14.5800 41.2754
v -36.5310 14.5402 39.7535
v -38.1020 14.5491 39.0050
v -38.2197 14.5800 41.2754
v -37.2792 14.5695 41.3243
v -36.5310 14.5402 39.7535
v -38.0938 15.7586 41.0251
v -38.5525 15.7473 39.7320
v -37.6486 18.1083 40.1186
v -38.5525 15.7473 39.7320
v -37.2594 15.7260 39.2735
v -37.6486 18.1083 40.1186
v -37.2594 15.7260 39.2735
v -36.8007 15.7374 40.5666
v -37.6486 18.1083 40.1186
v -36.8007 15.7374 40.5666
v -38.0938 15.7586 41.0251
v -37.6486 18.1083 40.1186
v -38.0938 15.7586 41.0251
v -37.2594 15.7260 39.2735
v -38.5525 15.7473 39.7320
v -38.0938 15.7586 41.0251
v -36.8007 15.7374 40.5666
v -37.2594 15.7260 39.2735
v -38.3094 16.9360 40.3633
v -37.8920 16.9196 39.4871
v -37.6346 19.2913 40.1032
v -37.8920 16.9196 39.4871
v -37.0157 16.9147 39.9046
v -37.6346 19.2913 40.1032
v -37.0157 16.9147 39.9046
v -37.4331 16.9310 40.7808
v -37.6346 19.2913 40.1032
v -37.4331 16.9310 40.7808
v -38.3094 16.9360 40.3633
v -37.6346 19.2913 40.1032
v -38.3094 16.9360 40.3633
v -37.0157 16.9147 39.9046
v -37.8920 16.9196 39.4871
v -38.3094 16.9360 40.3633
v -37.4331 16.9310 40.7808
v -37.0157 16.9147 39.9046
v -32.7194 14.6869 27.6584
v -32.6841 14.6992 28.5332
v -33.7977 16.8738 28.1094
v -32.6841 14.6992 28.5332
v -34.1525 14.6814 29.2124
v -33.7977 16.8738 28.1094
v -34.1525 14.6814 29.2124
v -34.8312 14.6496 27.7441
v -33.7977 16.8738 28.1094
v -34.8312 14.6496 27.7441
v -33.3629 14.6673 27.0649
v -33.7977 16.8738 28.1094
v -33.3629 14.6673 27.0649
v -32.7194 14.6869 27.6584
v -33.7977 16.8738 28.1094
v -32.7194 14.6869 27.6584
v -34.1525 14.6814 29.2124
v -32.6841 14.6992 28.5332
v -32.7194 14.6869 27.6584
v -34.8312 14.6496 27.7441
v -34.1525 14.6814 29.2124
v -32.7194 14.6869 27.6584
v -33.3629 14.6673 27.0649
v -34.8312 14.6496 27.7441
v -32.9591 15.7840 27.7454
v -33.3993 15.7919 28.9426
v -33.8177 17.9735 28.0948
v -33.3993 15.7919 28.9426
v -34.5963 15.7642 28.5027
v -33.8177 17.9735 28.0948
v -34.5963 15.7642 28.5027
v -34.1561 15.7563 27.3055
v -33.8177 17.9735 28.0948
v -34.1561 15.7563 27.3055
v -32.9591 15.7840 27.7454
v -33.8177 17.9735 28.0948
v -32.9591 15.7840 27.7454
v -34.5963 15.7642 28.5027
v -33.3993 15.7919 28.9426
v -32.9591 15.7840 27.7454
v -34.1561 15.7563 27.3055
v -34.5963 15.7642 28.5027
v -33.1989 16.8876 28.3295
v -34.0179 16.8778 28.7083
v -33.8378 19.0732 28.0802
v -34.0179 16.8778 28.7083
v -34.3965 16.8600 27.8894
v -33.8378 19.0732 28.0802
v -34.3965 16.8600 27.8894
v -33.5775 16.8699 27.5105
v -33.8378 19.0732 28.0802
v -33.5775 16.8699 27.5105
v -33.1989 16.8876 28.3295
v -33.8378 19.0732 28.0802
v -33.1989 16.8876 28.3295
v -34.3965 16.8600 27.8894
v -34.0179 16.8778 28.7083
v -33.1989 16.8876 28.3295
v -33.5775 16.8699 27.5105
v -34.3965 16.8600 27.8894
v -13.0483 16.7150 18.6773
v -12.1083 16.7115 18.7465
v -12.6562 19.0614 19.8882
v -12.1083 16.7115 18.7465
v -11.5619 16.6810 20.4000
v -12.6562 19.0614 19.8882
v -11.5619 16.6810 20.4000
v -13.2157 16.6754 20.9464
v -12.6562 19.0614 19.8882
v -13.2157 16.6754 20.9464
v -13.7621 16.7059 19.2929
v -12.6562 19.0614 19.8882
v -13.7621 16.7059 19.2929
v -13.0483 16.7150 18.6773
v -12.6562 19.0614 19.8882
v -13.0483 16.7150 18.6773
v -11.5619 16.6810 20.4000
v -12.1083 16.7115 18.7465
v -13.0483 16.7150 18.6773
v -13.2157 16.6754 20.9464
v -11.5619 16.6810 20.4000
v -13.0483 16.7150 18.6773
v -13.7621 16.7059 19.2929
v -13.2157 16.6754 20.9464
v -12.9637 17.8944 18.9455
v -11.7371 17.8805 19.5627
v -12.6533 20.2454 19.9091
v -11.7371 17.8805 19.5627
v -12.3545 17.8604 20.7892
v -12.6533 20.2454 19.9091
v -12.3545 17.8604 20.7892
v -13.5811 17.8743 20.1719
v -12.6533 20.2454 19.9091
v -13.5811 17.8743 20.1719
v -12.9637 17.8944 18.9455
v -12.6533 20.2454 19.9091
v -12.9637 17.8944 18.9455
v -12.3545 17.8604 20.7892
v -11.7371 17.8805 19.5627
v -12.9637 17.8944 18.9455
v -13.5811 17.8743 20.1719
v -12.3545 17.8604 20.7892
v -12.3474 19.0715 19.2747
v -12.0426 19.0545 20.1970
v -12.6504 21.4294 19.9300
v -12.0426 19.0545 20.1970
v -12.9651 19.0513 20.5017
v -12.6504 21.4294 19.9300
v -12.9651 19.0513 20.5017
v -13.2698 19.0683 19.5794
v -12.6504 21.4294 19.9300
v -13.2698 19.0683 19.5794
v -12.3474 19.0715 19.2747
v -12.6504 21.4294 19.9300
v -12.3474 19.0715 19.2747
v -12.9651 19.0513 20.5017
v -12.0426 19.0545 20.1970
v -12.3474 19.0715 19.2747
v -13.2698 19.0683 19.5794
v -12.9651 19.0513 20.5017
v 12.2877 16.7287 48.5186
v 13.3661 16.8167 48.3380
v 12.8487 19.4691 49.8706
v 13.3661 16.8167 48.3380
v 14.4435 16.8092 50.0550
v 12.8487 19.4691 49.8706
v 14.4435 16.8092 50.0550
v 12.7328 16.6303 51.1276
v 12.8487 19.4691 49.8706
v 12.7328 16.6303 51.1276
v 11.6555 16.6377 49.4105
v 12.8487 19.4691 49.8706
v 11.6555 16.6377 49.4105
v 12.2877 16.7287 48.5186
v 12.8487 19.4691 49.8706
v 12.2877 16.7287 48.5186
v 14.4435 16.8092 50.0550
v 13.3661 16.8167 48.3380
v 12.2877 16.7287 48.5186
v 12.7328 16.6303 51.1276
v 14.4435 16.8092 50.0550
v 12.2877 16.7287 48.5186
v 11.6555 16.6377 49.4105
v 12.7328 16.6303 51.1276
v 12.3485 18.1004 48.8444
v 13.9029 18.1960 49.2037
v 12.7484 20.8419 49.9395
v 13.9029 18.1960 49.2037
v 13.5497 18.0922 50.7590
v 12.7484 20.8419 49.9395
v 13.5497 18.0922 50.7590
v 11.9953 17.9965 50.3996
v 12.7484 20.8419 49.9395
v 11.9953 17.9965 50.3996
v 12.3485 18.1004 48.8444
v 12.7484 20.8419 49.9395
v 12.3485 18.1004 48.8444
v 13.5497 18.0922 50.7590
v 13.9029 18.1960 49.2037
v 12.3485 18.1004 48.8444
v 11.9953 17.9965 50.3996
v 13.5497 18.0922 50.7590
v 13.0254 19.5211 49.0926
v 13.6263 19.5169 50.0503
v 12.6480 22.2147 50.0084
v 13.6263 19.5169 50.0503
v 12.6721 19.4171 50.6486
v 12.6480 22.2147 50.0084
v 12.6721 19.4171 50.6486
v 12.0712 19.4213 49.6908
v 12.6480 22.2147 50.0084
v 12.0712 19.4213 49.6908
v 13.0254 19.5211 49.0926
v 12.6480 22.2147 50.0084
v 13.0254 19.5211 49.0926
v 12.6721 19.4171 50.6486
v 13.6263 19.5169 50.0503
v 13.0254 19.5211 49.0926
v 12.0712 19.4213 49.6908
v 12.6721 19.4171 50.6486
v -46.0413 14.3853 30.2333
v -45.0113 14.3646 30.1948
v -45.4276 16.9586 31.4686
v -45.0113 14.3646 30.1948
v -44.2173 14.3413 31.9262
v -45.4276 16.9586 31.4686
v -44.2173 14.3413 31.9262
v -45.9485 14.3729 32.7205
v -45.4276 16.9586 31.4686
v -45.9485 14.3729 32.7205
v -46.7424 14.3962 30.9891
v -45.4276 16.9586 31.4686
v -46.7424 14.3962 30.9891
v -46.0413 14.3853 30.2333
v -45.4276 16.9586 31.4686
v -46.0413 14.3853 30.2333
v -44.2173 14.3413 31.9262
v -45.0113 14.3646 30.1948
v -46.0413 14.3853 30.2333
v -45.9485 14.3729 32.7205
v -44.2173 14.3413 31.9262
v -46.0413 14.3853 30.2333
v -46.7424 14.3962 30.9891
v -45.9485 14.3729 32.7205
v -45.8964 15.6767 30.4978
v -44.4886 15.6460 31.0203
v -45.4014 18.2535 31.4741
v -44.4886 15.6460 31.0203
v -45.0111 15.6506 32.4284
v -45.4014 18.2535 31.4741
v -45.0111 15.6506 32.4284
v -46.4189 15.6813 31.9060
v -45.4014 18.2535 31.4741
v -46.4189 15.6813 31.9060
v -45.8964 15.6767 30.4978
v -45.4014 18.2535 31.4741
v -45.8964 15.6767 30.4978
v -45.0111 15.6506 32.4284
v -44.4886 15.6460 31.0203
v -45.8964 15.6767 30.4978
v -46.4189 15.6813 31.9060
v -45.0111 15.6506 32.4284
v -45.1662 16.9563 30.7642
v -44.7233 16.9432 31.7300
v -45.3753 19.5484 31.4796
v -44.7233 16.9432 31.7300
v -45.6890 16.9608 32.1730
v -45.3753 19.5484 31.4796
v -45.6890 16.9608 32.1730
v -46.1318 16.9739 31.2073
v -45.3753 19.5484 31.4796
v -46.1318 16.9739 31.2073
v -45.1662 16.9563 30.7642
v -45.3753 19.5484 31.4796
v -45.1662 16.9563 30.7642
v -45.6890 16.9608 32.1730
v -44.7233 16.9432 31.7300
v -45.1662 16.9563 30.7642
v -46.1318 16.9739 31.2073
v -45.6890 16.9608 32.1730
v 3.0027 17.7047 27.7575
v 2.1062 17.6858 27.0870
v 3.3353 20.5006 26.2991
v 2.1062 17.6858 27.0870
v 2.6172 17.6619 25.0824
v 3.3353 20.5006 26.2991
v 2.6172 17.6619 25.0824
v 4.6218 17.6898 25.5931
v 3.3353 20.5006 26.2991
v 4.6218 17.6898 25.5931
v 4.1108 17.7137 27.5977
v 3.3353 20.5006 26.2991
v 4.1108 17.7137 27.5977
v 3.0027 17.7047 27.7575
v 3.3353 20.5006 26.2991
v 3.0027 17.7047 27.7575
v 2.6172 17.6619 25.0824
v 2.1062 17.6858 27.0870
v 3.0027 17.7047 27.7575
v 4.6218 17.6898 25.5931
v 2.6172 17.6619 25.0824
v 3.0027 17.7047 27.7575
v 4.1108 17.7137 27.5977
v 4.6218 17.6898 25.5931
v 3.0648 19.1075 27.4372
v 2.2320 19.0786 26.0349
v 3.3209 21.9069 26.2787
v 2.2320 19.0786 26.0349
v 3.6345 19.0808 25.2020
v 3.3209 21.9069 26.2787
v 3.6345 19.0808 25.2020
v 4.4673 19.1097 26.6043
v 3.3209 21.9069 26.2787
v 4.4673 19.1097 26.6043
v 3.0648 19.1075 27.4372
v 3.3209 21.9069 26.2787
v 3.0648 19.1075 27.4372
v 3.6345 19.0808 25.2020
v 2.2320 19.0786 26.0349
v 3.0648 19.1075 27.4372
v 4.4673 19.1097 26.6043
v 3.6345 19.0808 25.2020
v 2.6337 20.4995 26.7158
v 2.9187 20.4861 25.5976
v 3.3065 23.3133 26.2582
v 2.9187 20.4861 25.5976
v 4.0368 20.5017 25.8825
v 3.3065 23.3133 26.2582
v 4.0368 20.5017 25.8825
v 3.7518 20.5150 27.0006
v 3.3065 23.3133 26.2582
v 3.7518 20.5150 27.0006
v 2.6337 20.4995 26.7158
v 3.3065 23.3133 26.2582
v 2.6337 20.4995 26.7158
v 4.0368 20.5017 25.8825
v 2.9187 20.4861 25.5976
v 2.6337 20.4995 26.7158
v 3.7518 20.5150 27.0006
v 4.0368 20.5017 25.8825
v -22.5965 15.3113 36.6027
v -22.2196 15.3219 35.6871
v -21.1897 17.7359 36.6744
v -22.2196 15.3219 35.6871
v -20.3920 15.2378 35.6812
v -21.1897 17.7359 36.6744
v -20.3920 15.2378 35.6812
v -20.3886 15.1818 37.5099
v -21.1897 17.7359 36.6744
v -20.3886 15.1818 37.5099
v -22.2163 15.2659 37.5158
v -21.1897 17.7359 36.6744
v -22.2163 15.2659 37.5158
v -22.5965 15.3113 36.6027
v -21.1897 17.7359 36.6744
v -22.5965 15.3113 36.6027
v -20.3920 15.2378 35.6812
v -22.2196 15.3219 35.6871
v -22.5965 15.3113 36.6027
v -20.3886 15.1818 37.5099
v -20.3920 15.2378 35.6812
v -22.5965 15.3113 36.6027
v -22.2163 15.2659 37.5158
v -20.3886 15.1818 37.5099
v -22.2658 16.5407 36.6397
v -21.2488 16.5251 35.6169
v -21.1324 18.9779 36.7123
v -21.2488 16.5251 35.6169
v -20.2280 16.4470 36.6331
v -21.1324 18.9779 36.7123
v -20.2280 16.4470 36.6331
v -21.2450 16.4626 37.6560
v -21.1324 18.9779 36.7123
v -21.2450 16.4626 37.6560
v -22.2658 16.5407 36.6397
v -21.1324 18.9779 36.7123
v -22.2658 16.5407 36.6397
v -20.2280 16.4470 36.6331
v -21.2488 16.5251 35.6169
v -22.2658 16.5407 36.6397
v -21.2450 16.4626 37.6560
v -20.2280 16.4470 36.6331
v -21.7003 17.7750 36.1660
v -20.6809 17.7281 36.1627
v -21.0752 20.2200 36.7503
v -20.6809 17.7281 36.1627
v -20.6790 17.6968 37.1827
v -21.0752 20.2200 36.7503
v -20.6790 17.6968 37.1827
v -21.6985 17.7437 37.1861
v -21.0752 20.2200 36.7503
v -21.6985 17.7437 37.1861
v -21.7003 17.7750 36.1660
v -21.0752 20.2200 36.7503
v -21.7003 17.7750 36.1660
v -20.6790 17.6968 37.1827
v -20.6809 17.7281 36.1627
v -21.7003 17.7750 36.1660
v -21.6985 17.7437 37.1861
v -20.6790 17.6968 37.1827
v -26.7543 15.4952 16.7895
v -26.1255 15.4837 17.4242
v -27.1920 17.7301 17.8925
v -26.1255 15.4837 17.4242
v -26.7646 15.4696 18.9464
v -27.1920 17.7301 17.8925
v -26.7646 15.4696 18.9464
v -28.2869 15.4868 18.3074
v -27.1920 17.7301 17.8925
v -28.2869 15.4868 18.3074
v -27.6478 15.5009 16.7852
v -27.1920 17.7301 17.8925
v -27.6478 15.5009 16.7852
v -26.7543 15.4952 16.7895
v -27.1920 17.7301 17.8925
v -26.7543 15.4952 16.7895
v -26.7646 15.4696 18.9464
v -26.1255 15.4837 17.4242
v -26.7543 15.4952 16.7895
v -28.2869 15.4868 18.3074
v -26.7646 15.4696 18.9464
v -26.7543 15.4952 16.7895
v -27.6478 15.5009 16.7852
v -28.2869 15.4868 18.3074
v -26.8428 16.6155 17.0305
v -26.3504 16.5981 18.2354
v -27.1850 18.8525 17.9058
v -26.3504 16.5981 18.2354
v -27.5554 16.5998 18.7278
v -27.1850 18.8525 17.9058
v -27.5554 16.5998 18.7278
v -28.0478 16.6172 17.5229
v -27.1850 18.8525 17.9058
v -28.0478 16.6172 17.5229
v -26.8428 16.6155 17.0305
v -27.1850 18.8525 17.9058
v -26.8428 16.6155 17.0305
v -27.5554 16.5998 18.7278
v -26.3504 16.5981 18.2354
v -26.8428 16.6155 17.0305
v -28.0478 16.6172 17.5229
v -27.5554 16.5998 18.7278
v -26.5892 17.7292 17.6462
v -26.9457 17.7213 18.4952
v -27.1779 19.9749 17.9192
v -26.9457 17.7213 18.4952
v -27.7948 17.7309 18.1388
v -27.1779 19.9749 17.9192
v -27.7948 17.7309 18.1388
v -27.4383 17.7388 17.2898
v -27.1779 19.9749 17.9192
v -27.4383 17.7388 17.2898
v -26.5892 17.7292 17.6462
v -27.1779 19.9749 17.9192
v -26.5892 17.7292 17.6462
v -27.7948 17.7309 18.1388
v -26.9457 17.7213 18.4952
v -26.5892 17.7292 17.6462
v -27.4383 17.7388 17.2898
v -27.7948 17.7309 18.1388
v 9.8069 17.1641 -32.8586
v 10.2035 17.1611 -31.7320
v 8.8120 20.2411 -31.8673
v 10.2035 17.1611 -31.7320
v 8.5638 17.2757 -30.2593
v 8.8120 20.2411 -31.8673
v 8.5638 17.2757 -30.2593
v 7.0916 17.3290 -31.9025
v 8.8120 20.2411 -31.8673
v 7.0916 17.3290 -31.9025
v 8.7312 17.2145 -33.3752
v 8.8120 20.2411 -31.8673
v 8.7312 17.2145 -33.3752
v 9.8069 17.1641 -32.8586
v 8.8120 20.2411 -31.8673
v 9.8069 17.1641 -32.8586
v 8.5638 17.2757 -30.2593
v 10.2035 17.1611 -31.7320
v 9.8069 17.1641 -32.8586
v 7.0916 17.3290 -31.9025
v 8.5638 17.2757 -30.2593
v 9.8069 17.1641 -32.8586
v 8.7312 17.2145 -33.3752
v 7.0916 17.3290 -31.9025
v 9.6439 18.6792 -32.6633
v 9.5505 18.7134 -30.9261
v 8.8942 21.7391 -31.8923
v 9.5505 18.7134 -30.9261
v 7.8156 18.8070 -31.0212
v 8.8942 21.7391 -31.8923
v 7.8156 18.8070 -31.0212
v 7.9090 18.7728 -32.7584
v 8.8942 21.7391 -31.8923
v 7.9090 18.7728 -32.7584
v 9.6439 18.6792 -32.6633
v 8.8942 21.7391 -31.8923
v 9.6439 18.6792 -32.6633
v 7.8156 18.8070 -31.0212
v 9.5505 18.7134 -30.9261
v 9.6439 18.6792 -32.6633
v 7.9090 18.7728 -32.7584
v 7.8156 18.8070 -31.0212
v 9.6798 20.1943 -31.8197
v 8.7653 20.2582 -30.9983
v 8.9764 23.2371 -31.9173
v 8.7653 20.2582 -30.9983
v 7.9441 20.2880 -31.9148
v 8.9764 23.2371 -31.9173
v 7.9441 20.2880 -31.9148
v 8.8586 20.2240 -32.7363
v 8.9764 23.2371 -31.9173
v 8.8586 20.2240 -32.7363
v 9.6798 20.1943 -31.8197
v 8.9764 23.2371 -31.9173
v 9.6798 20.1943 -31.8197
v 7.9441 20.2880 -31.9148
v 8.7653 20.2582 -30.9983
v 9.6798 20.1943 -31.8197
v 8.8586 20.2240 -32.7363
v 7.9441 20.2880 -31.9148
v 4.9793 17.4595 15.1541
v 4.4717 17.4509 14.5036
v 5.4945 19.5304 14.2015
v 4.4717 17.4509 14.5036
v 5.2234 17.4476 13.1770
v 5.4945 19.5304 14.2015
v 5.2234 17.4476 13.1770
v 6.5499 17.4632 13.9286
v 5.4945 19.5304 14.2015
v 6.5499 17.4632 13.9286
v 5.7982 17.4666 15.2552
v 5.4945 19.5304 14.2015
v 5.7982 17.4666 15.2552
v 4.9793 17.4595 15.1541
v 5.4945 19.5304 14.2015
v 4.9793 17.4595 15.1541
v 5.2234 17.4476 13.1770
v 4.4717 17.4509 14.5036
v 4.9793 17.4595 15.1541
v 6.5499 17.4632 13.9286
v 5.2234 17.4476 13.1770
v 4.9793 17.4595 15.1541
v 5.7982 17.4666 15.2552
v 6.5499 17.4632 13.9286
v 5.0836 18.4956 14.9484
v 4.7631 18.4850 13.7898
v 5.4864 20.5670 14.1943
v 4.7631 18.4850 13.7898
v 5.9217 18.4918 13.4692
v 5.4864 20.5670 14.1943
v 5.9217 18.4918 13.4692
v 6.2422 18.5025 14.6278
v 5.4864 20.5670 14.1943
v 6.2422 18.5025 14.6278
v 5.0836 18.4956 14.9484
v 5.4864 20.5670 14.1943
v 5.0836 18.4956 14.9484
v 5.9217 18.4918 13.4692
v 4.7631 18.4850 13.7898
v 5.0836 18.4956 14.9484
v 6.2422 18.5025 14.6278
v 5.9217 18.4918 13.4692
v 4.9149 19.5269 14.3619
v 5.3342 19.5251 13.6219
v 5.4782 21.6037 14.1870
v 5.3342 19.5251 13.6219
v 6.0741 19.5338 14.0412
v 5.4782 21.6037 14.1870
v 6.0741 19.5338 14.0412
v 5.6549 19.5357 14.7812
v 5.4782 21.6037 14.1870
v 5.6549 19.5357 14.7812
v 4.9149 19.5269 14.3619
v 5.4782 21.6037 14.1870
v 4.9149 19.5269 14.3619
v 6.0741 19.5338 14.0412
v 5.3342 19.5251 13.6219
v 4.9149 19.5269 14.3619
v 5.6549 19.5357 14.7812
v 6.0741 19.5338 14.0412
v -4.8339 17.1370 28.5820
v -5.7717 17.1012 28.7728
v -5.6209 19.5251 27.5648
v -5.7717 17.1012 28.7728
v -6.7609 17.0776 27.3055
v -5.6209 19.5251 27.5648
v -6.7609 17.0776 27.3055
v -5.2948 17.1394 26.3162
v -5.6209 19.5251 27.5648
v -5.2948 17.1394 26.3162
v -4.3057 17.1630 27.7835
v -5.6209 19.5251 27.5648
v -4.3057 17.1630 27.7835
v -4.8339 17.1370 28.5820
v -5.6209 19.5251 27.5648
v -4.8339 17.1370 28.5820
v -6.7609 17.0776 27.3055
v -5.7717 17.1012 28.7728
v -4.8339 17.1370 28.5820
v -5.2948 17.1394 26.3162
v -6.7609 17.0776 27.3055
v -4.8339 17.1370 28.5820
v -4.3057 17.1630 27.7835
v -5.2948 17.1394 26.3162
v -5.0256 18.3358 28.3727
v -6.3944 18.2882 28.1062
v -5.6647 20.7275 27.5750
v -6.3944 18.2882 28.1062
v -6.1285 18.3095 26.7366
v -5.6647 20.7275 27.5750
v -6.1285 18.3095 26.7366
v -4.7597 18.3571 27.0031
v -5.6647 20.7275 27.5750
v -4.7597 18.3571 27.0031
v -5.0256 18.3358 28.3727
v -5.6647 20.7275 27.5750
v -5.0256 18.3358 28.3727
v -6.1285 18.3095 26.7366
v -6.3944 18.2882 28.1062
v -5.0256 18.3358 28.3727
v -4.7597 18.3571 27.0031
v -6.1285 18.3095 26.7366
v -5.7539 19.5144 28.2500
v -6.3056 19.5012 27.4315
v -5.7085 21.9298 27.5852
v -6.3056 19.5012 27.4315
v -5.4879 19.5357 26.8797
v -5.7085 21.9298 27.5852
v -5.4879 19.5357 26.8797
v -4.9362 19.5489 27.6981
v -5.7085 21.9298 27.5852
v -4.9362 19.5489 27.6981
v -5.7539 19.5144 28.2500
v -5.7085 21.9298 27.5852
v -5.7539 19.5144 28.2500
v -5.4879 19.5357 26.8797
v -6.3056 19.5012 27.4315
v -5.7539 19.5144 28.2500
v -4.9362 19.5489 27.6981
v -5.4879 19.5357 26.8797
v 13.0361 18.0462 11.8242
v 12.8264 18.0620 12.8277
v 11.5223 20.5184 11.9928
v 12.8264 18.0620 12.8277
v 10.9702 17.9279 13.1827
v 11.5223 20.5184 11.9928
v 10.9702 17.9279 13.1827
v 10.6208 17.8408 11.3227
v 11.5223 20.5184 11.9928
v 10.6208 17.8408 11.3227
v 12.4769 17.9749 10.9677
v 11.5223 20.5184 11.9928
v 12.4769 17.9749 10.9677
v 13.0361 18.0462 11.8242
v 11.5223 20.5184 11.9928
v 13.0361 18.0462 11.8242
v 10.9702 17.9279 13.1827
v 12.8264 18.0620 12.8277
v 13.0361 18.0462 11.8242
v 10.6208 17.8408 11.3227
v 10.9702 17.9279 13.1827
v 13.0361 18.0462 11.8242
v 12.4769 17.9749 10.9677
v 10.6208 17.8408 11.3227
v 12.6578 19.3097 11.8360
v 11.8178 19.2835 13.0710
v 11.4217 21.8020 11.9516
v 11.8178 19.2835 13.0710
v 10.5881 19.1601 12.2319
v 11.4217 21.8020 11.9516
v 10.5881 19.1601 12.2319
v 11.4281 19.1863 10.9970
v 11.4217 21.8020 11.9516
v 11.4281 19.1863 10.9970
v 12.6578 19.3097 11.8360
v 11.4217 21.8020 11.9516
v 12.6578 19.3097 11.8360
v 10.5881 19.1601 12.2319
v 11.8178 19.2835 13.0710
v 12.6578 19.3097 11.8360
v 11.4281 19.1863 10.9970
v 10.5881 19.1601 12.2319
v 12.1375 20.5801 12.4125
v 11.1021 20.5053 12.6105
v 11.3210 23.0855 11.9103
v 11.1021 20.5053 12.6105
v 10.9072 20.4567 11.5730
v 11.3210 23.0855 11.9103
v 10.9072 20.4567 11.5730
v 11.9425 20.5316 11.3750
v 11.3210 23.0855 11.9103
v 11.9425 20.5316 11.3750
v 12.1375 20.5801 12.4125
v 11.3210 23.0855 11.9103
v 12.1375 20.5801 12.4125
v 10.9072 20.4567 11.5730
v 11.1021 20.5053 12.6105
v 12.1375 20.5801 12.4125
v 11.9425 20.5316 11.3750
v 10.9072 20.4567 11.5730
v -23.6897 15.7613 25.7126
v -24.7508 15.6622 26.2206
v -25.0274 18.7060 24.8644
v -24.7508 15.6622 26.2206
v -26.3755 15.6477 24.7647
v -25.0274 18.7060 24.8644
v -26.3755 15.6477 24.7647
v -24.9261 15.8398 23.1454
v -25.0274 18.7060 24.8644
v -24.9261 15.8398 23.1454
v -23.3014 15.8543 24.6014
v -25.0274 18.7060 24.8644
v -23.3014 15.8543 24.6014
v -23.6897 15.7613 25.7126
v -25.0274 18.7060 24.8644
v -23.6897 15.7613 25.7126
v -26.3755 15.6477 24.7647
v -24.7508 15.6622 26.2206
v -23.6897 15.7613 25.7126
v -24.9261 15.8398 23.1454
v -26.3755 15.6477 24.7647
v -23.6897 15.7613 25.7126
v -23.3014 15.8543 24.6014
v -24.9261 15.8398 23.1454
v -24.0272 17.2366 25.5855
v -25.7410 17.1214 25.6765
v -25.1219 20.1835 24.9551
v -25.7410 17.1214 25.6765
v -25.8387 17.2204 23.9620
v -25.1219 20.1835 24.9551
v -25.8387 17.2204 23.9620
v -24.1249 17.3356 23.8710
v -25.1219 20.1835 24.9551
v -24.1249 17.3356 23.8710
v -24.0272 17.2366 25.5855
v -25.1219 20.1835 24.9551
v -24.0272 17.2366 25.5855
v -25.8387 17.2204 23.9620
v -25.7410 17.1214 25.6765
v -24.0272 17.2366 25.5855
v -24.1249 17.3356 23.8710
v -25.8387 17.2204 23.9620
v -24.9786 18.6565 25.7221
v -25.8848 18.6484 24.9099
v -25.2164 21.6610 25.0458
v -25.8848 18.6484 24.9099
v -25.0763 18.7555 24.0067
v -25.2164 21.6610 25.0458
v -25.0763 18.7555 24.0067
v -24.1701 18.7636 24.8189
v -25.2164 21.6610 25.0458
v -24.1701 18.7636 24.8189
v -24.9786 18.6565 25.7221
v -25.2164 21.6610 25.0458
v -24.9786 18.6565 25.7221
v -25.0763 18.7555 24.0067
v -25.8848 18.6484 24.9099
v -24.9786 18.6565 25.7221
v -24.1701 18.7636 24.8189
v -25.0763 18.7555 24.0067
v -30.2850 15.2831 6.8413
v -30.9568 15.2675 7.7650
v -31.8706 18.0742 6.4416
v -30.9568 15.2675 7.7650
v -33.0061 15.1611 7.2716
v -31.8706 18.0742 6.4416
v -33.0061 15.1611 7.2716
v -32.5115 15.1483 5.2198
v -31.8706 18.0742 6.4416
v -32.5115 15.1483 5.2198
v -30.4621 15.2547 5.7132
v -31.8706 18.0742 6.4416
v -30.4621 15.2547 5.7132
v -30.2850 15.2831 6.8413
v -31.8706 18.0742 6.4416
v -30.2850 15.2831 6.8413
v -33.0061 15.1611 7.2716
v -30.9568 15.2675 7.7650
v -30.2850 15.2831 6.8413
v -32.5115 15.1483 5.2198
v -33.0061 15.1611 7.2716
v -30.2850 15.2831 6.8413
v -30.4621 15.2547 5.7132
v -32.5115 15.1483 5.2198
v -30.6598 16.7003 6.7421
v -32.0781 16.6482 7.6109
v -31.9389 19.5074 6.4162
v -32.0781 16.6482 7.6109
v -32.9449 16.5818 6.1919
v -31.9389 19.5074 6.4162
v -32.9449 16.5818 6.1919
v -31.5266 16.6339 5.3231
v -31.9389 19.5074 6.4162
v -31.5266 16.6339 5.3231
v -30.6598 16.7003 6.7421
v -31.9389 19.5074 6.4162
v -30.6598 16.7003 6.7421
v -32.9449 16.5818 6.1919
v -32.0781 16.6482 7.6109
v -30.6598 16.7003 6.7421
v -31.5266 16.6339 5.3231
v -32.9449 16.5818 6.1919
v -31.4370 18.1074 7.1515
v -32.5801 18.0481 6.8762
v -32.0071 20.9405 6.3908
v -32.5801 18.0481 6.8762
v -32.3042 18.0410 5.7318
v -32.0071 20.9405 6.3908
v -32.3042 18.0410 5.7318
v -31.1611 18.1003 6.0070
v -32.0071 20.9405 6.3908
v -31.1611 18.1003 6.0070
v -31.4370 18.1074 7.1515
v -32.0071 20.9405 6.3908
v -31.4370 18.1074 7.1515
v -32.3042 18.0410 5.7318
v -32.5801 18.0481 6.8762
v -31.4370 18.1074 7.1515
v -31.1611 18.1003 6.0070
v -32.3042 18.0410 5.7318
v 14.5790 18.0252 23.0704
v 14.0219 18.0294 24.1876
v 12.9433 21.1567 22.9405
v 14.0219 18.0294 24.1876
v 11.7209 18.0222 24.0265
v 12.9433 21.1567 22.9405
v 11.7209 18.0222 24.0265
v 11.8820 18.0109 21.7255
v 12.9433 21.1567 22.9405
v 11.8820 18.0109 21.7255
v 14.1830 18.0181 21.8866
v 12.9433 21.1567 22.9405
v 14.1830 18.0181 21.8866
v 14.5790 18.0252 23.0704
v 12.9433 21.1567 22.9405
v 14.5790 18.0252 23.0704
v 11.7209 18.0222 24.0265
v 14.0219 18.0294 24.1876
v 14.5790 18.0252 23.0704
v 11.8820 18.0109 21.7255
v 11.7209 18.0222 24.0265
v 14.5790 18.0252 23.0704
v 14.1830 18.0181 21.8866
v 11.8820 18.0109 21.7255
v 14.2305 19.5924 23.0383
v 12.8578 19.5948 24.2314
v 12.9390 22.7250 22.9325
v 12.8578 19.5948 24.2314
v 11.6647 19.5844 22.8587
v 12.9390 22.7250 22.9325
v 11.6647 19.5844 22.8587
v 13.0374 19.5821 21.6657
v 12.9390 22.7250 22.9325
v 13.0374 19.5821 21.6657
v 14.2305 19.5924 23.0383
v 12.9390 22.7250 22.9325
v 14.2305 19.5924 23.0383
v 11.6647 19.5844 22.8587
v 12.8578 19.5948 24.2314
v 14.2305 19.5924 23.0383
v 13.0374 19.5821 21.6657
v 11.6647 19.5844 22.8587
v 13.5401 21.1619 23.6272
v 12.2566 21.1579 23.5373
v 12.9346 24.2933 22.9244
v 12.2566 21.1579 23.5373
v 12.3465 21.1516 22.2538
v 12.9346 24.2933 22.9244
v 12.3465 21.1516 22.2538
v 13.6300 21.1556 22.3437
v 12.9346 24.2933 22.9244
v 13.6300 21.1556 22.3437
v 13.5401 21.1619 23.6272
v 12.9346 24.2933 22.9244
v 13.5401 21.1619 23.6272
v 12.3465 21.1516 22.2538
v 12.2566 21.1579 23.5373
v 13.5401 21.1619 23.6272
v 13.6300 21.1556 22.3437
v 12.3465 21.1516 22.2538
v -20.9965 16.3447 17.6369
v -21.4362 16.2481 16.7518
v -20.3914 18.8474 16.5062
v -21.4362 16.2481 16.7518
v -20.2363 16.2823 15.3642
v -20.3914 18.8474 16.5062
v -20.2363 16.2823 15.3642
v -18.8599 16.4895 16.5596
v -20.3914 18.8474 16.5062
v -18.8599 16.4895 16.5596
v -20.0598 16.4554 17.9472
v -20.3914 18.8474 16.5062
v -20.0598 16.4554 17.9472
v -20.9965 16.3447 17.6369
v -20.3914 18.8474 16.5062
v -20.9965 16.3447 17.6369
v -20.2363 16.2823 15.3642
v -21.4362 16.2481 16.7518
v -20.9965 16.3447 17.6369
v -18.8599 16.4895 16.5596
v -20.2363 16.2823 15.3642
v -20.9965 16.3447 17.6369
v -20.0598 16.4554 17.9472
v -18.8599 16.4895 16.5596
v -20.9387 17.5891 17.3546
v -21.0371 17.4926 15.9145
v -20.5131 20.0866 16.4315
v -21.0371 17.4926 15.9145
v -19.6007 17.6271 15.8074
v -20.5131 20.0866 16.4315
v -19.6007 17.6271 15.8074
v -19.5023 17.7236 17.2474
v -20.5131 20.0866 16.4315
v -19.5023 17.7236 17.2474
v -20.9387 17.5891 17.3546
v -20.5131 20.0866 16.4315
v -20.9387 17.5891 17.3546
v -19.6007 17.6271 15.8074
v -21.0371 17.4926 15.9145
v -20.9387 17.5891 17.3546
v -19.5023 17.7236 17.2474
v -19.6007 17.6271 15.8074
v -21.1099 18.7801 16.5598
v -20.4406 18.7991 15.7858
v -20.6348 21.3259 16.3567
v -20.4406 18.7991 15.7858
v -19.6729 18.9147 16.4526
v -20.6348 21.3259 16.3567
v -19.6729 18.9147 16.4526
v -20.3422 18.8957 17.2266
v -20.6348 21.3259 16.3567
v -20.3422 18.8957 17.2266
v -21.1099 18.7801 16.5598
v -20.6348 21.3259 16.3567
v -21.1099 18.7801 16.5598
v -19.6729 18.9147 16.4526
v -20.4406 18.7991 15.7858
v -21.1099 18.7801 16.5598
v -20.3422 18.8957 17.2266
v -19.6729 18.9147 16.4526
v 2.7221 17.2218 37.9361
v 2.3373 17.2394 38.7949
v 1.6489 19.6617 37.9207
v 2.3373 17.2394 38.7949
v 0.6025 17.3527 38.7447
v 1.6489 19.6617 37.9207
v 0.6025 17.3527 38.7447
v 0.6536 17.3642 37.0063
v 1.6489 19.6617 37.9207
v 0.6536 17.3642 37.0063
v 2.3884 17.2510 37.0565
v 1.6489 19.6617 37.9207
v 2.3884 17.2510 37.0565
v 2.7221 17.2218 37.9361
v 1.6489 19.6617 37.9207
v 2.7221 17.2218 37.9361
v 0.6025 17.3527 38.7447
v 2.3373 17.2394 38.7949
v 2.7221 17.2218 37.9361
v 0.6536 17.3642 37.0063
v 0.6025 17.3527 38.7447
v 2.7221 17.2218 37.9361
v 2.3884 17.2510 37.0565
v 0.6536 17.3642 37.0063
v 2.5394 18.4186 37.9386
v 1.5437 18.4753 38.8799
v 1.7256 20.8417 37.9308
v 1.5437 18.4753 38.8799
v 0.6050 18.5449 37.8827
v 1.7256 20.8417 37.9308
v 0.6050 18.5449 37.8827
v 1.6006 18.4882 36.9415
v 1.7256 20.8417 37.9308
v 1.6006 18.4882 36.9415
v 2.5394 18.4186 37.9386
v 1.7256 20.8417 37.9308
v 2.5394 18.4186 37.9386
v 0.6050 18.5449 37.8827
v 1.5437 18.4753 38.8799
v 2.5394 18.4186 37.9386
v 1.6006 18.4882 36.9415
v 0.6050 18.5449 37.8827
v 2.1185 19.6269 38.4196
v 1.1508 19.6901 38.3916
v 1.8023 22.0216 37.9409
v 1.1508 19.6901 38.3916
v 1.1793 19.6965 37.4219
v 1.8023 22.0216 37.9409
v 1.1793 19.6965 37.4219
v 2.1470 19.6333 37.4499
v 1.8023 22.0216 37.9409
v 2.1470 19.6333 37.4499
v 2.1185 19.6269 38.4196
v 1.8023 22.0216 37.9409
v 2.1185 19.6269 38.4196
v 1.1793 19.6965 37.4219
v 1.1508 19.6901 38.3916
v 2.1185 19.6269 38.4196
v 2.1470 19.6333 37.4499
v 1.1793 19.6965 37.4219
v -36.7490 14.4837 9.1157
v -36.5847 14.4713 10.1986
v -37.8895 17.2667 9.8746
v -36.5847 14.4713 10.1986
v -38.3163 14.5169 11.2453
v -37.8895 17.2667 9.8746
v -38.3163 14.5169 11.2453
v -39.3621 14.5607 9.5131
v -37.8895 17.2667 9.8746
v -39.3621 14.5607 9.5131
v -37.6306 14.5150 8.4664
v -37.8895 17.2667 9.8746
v -37.6306 14.5150 8.4664
v -36.7490 14.4837 9.1157
v -37.8895 17.2667 9.8746
v -36.7490 14.4837 9.1157
v -38.3163 14.5169 11.2453
v -36.5847 14.4713 10.1986
v -36.7490 14.4837 9.1157
v -39.3621 14.5607 9.5131
v -38.3163 14.5169 11.2453
v -36.7490 14.4837 9.1157
v -37.6306 14.5150 8.4664
v -39.3621 14.5607 9.5131
v -36.9661 15.8658 9.2817
v -37.3484 15.8669 10.8309
v -37.8475 18.6420 9.8840
v -37.3484 15.8669 10.8309
v -38.8969 15.9168 10.4488
v -37.8475 18.6420 9.8840
v -38.8969 15.9168 10.4488
v -38.5146 15.9157 8.8995
v -37.8475 18.6420 9.8840
v -38.5146 15.9157 8.8995
v -36.9661 15.8658 9.2817
v -37.8475 18.6420 9.8840
v -36.9661 15.8658 9.2817
v -38.8969 15.9168 10.4488
v -37.3484 15.8669 10.8309
v -36.9661 15.8658 9.2817
v -38.5146 15.9157 8.8995
v -38.8969 15.9168 10.4488
v -37.1149 17.2417 10.0658
v -38.0807 17.2672 10.6496
v -37.8056 20.0174 9.8934
v -38.0807 17.2672 10.6496
v -38.6641 17.2916 9.6835
v -37.8056 20.0174 9.8934
v -38.6641 17.2916 9.6835
v -37.6983 17.2661 9.0996
v -37.8056 20.0174 9.8934
v -37.6983 17.2661 9.0996
v -37.1149 17.2417 10.0658
v -37.8056 20.0174 9.8934
v -37.1149 17.2417 10.0658
v -38.6641 17.2916 9.6835
v -38.0807 17.2672 10.6496
v -37.1149 17.2417 10.0658
v -37.6983 17.2661 9.0996
v -38.6641 17.2916 9.6835
v -48.3252 13.5120 -45.6505
v -48.8055 13.5093 -45.2221
v -49.1301 15.0955 -46.0591
v -48.8055 13.5093 -45.2221
v -49.8757 13.4635 -45.7384
v -49.1301 15.0955 -46.0591
v -49.8757 13.4635 -45.7384
v -49.3586 13.4501 -46.8092
v -49.1301 15.0955 -46.0591
v -49.3586 13.4501 -46.8092
v -48.2883 13.4959 -46.2928
v -49.1301 15.0955 -46.0591
v -48.2883 13.4959 -46.2928
v -48.3252 13.5120 -45.6505
v -49.1301 15.0955 -46.0591
v -48.3252 13.5120 -45.6505
v -49.8757 13.4635 -45.7384
v -48.8055 13.5093 -45.2221
v -48.3252 13.5120 -45.6505
v -49.3586 13.4501 -46.8092
v -49.8757 13.4635 -45.7384
v -48.3252 13.5120 -45.6505
v -48.2883 13.4959 -46.2928
v -49.3586 13.4501 -46.8092
v -48.5094 14.3131 -45.7495
v -49.3944 14.2950 -45.4404
v -49.1541 15.9033 -46.0808
v -49.3944 14.2950 -45.4404
v -49.7027 14.2621 -46.3252
v -49.1541 15.9033 -46.0808
v -49.7027 14.2621 -46.3252
v -48.8177 14.2801 -46.6343
v -49.1541 15.9033 -46.0808
v -48.8177 14.2801 -46.6343
v -48.5094 14.3131 -45.7495
v -49.1541 15.9033 -46.0808
v -48.5094 14.3131 -45.7495
v -49.7027 14.2621 -46.3252
v -49.3944 14.2950 -45.4404
v -48.5094 14.3131 -45.7495
v -48.8177 14.2801 -46.6343
v -49.7027 14.2621 -46.3252
v -48.9758 15.1120 -45.6164
v -49.5728 15.0864 -45.9045
v -49.1782 16.7112 -46.1025
v -49.5728 15.0864 -45.9045
v -49.2843 15.0790 -46.5017
v -49.1782 16.7112 -46.1025
v -49.2843 15.0790 -46.5017
v -48.6874 15.1045 -46.2137
v -49.1782 16.7112 -46.1025
v -48.6874 15.1045 -46.2137
v -48.9758 15.1120 -45.6164
v -49.1782 16.7112 -46.1025
v -48.9758 15.1120 -45.6164
v -49.2843 15.0790 -46.5017
v -49.5728 15.0864 -45.9045
v -48.9758 15.1120 -45.6164
v -48.6874 15.1045 -46.2137
v -49.2843 15.0790 -46.5017
v 9.9466 17.7699 -0.6988
v 10.6120 17.7627 -0.4092
v 9.9495 19.5937 0.2489
v 10.6120 17.7627 -0.4092
v 10.5882 17.7633 0.9317
v 9.9495 19.5937 0.2489
v 10.5882 17.7633 0.9317
v 9.2475 17.7778 0.9078
v 9.9495 19.5937 0.2489
v 9.2475 17.7778 0.9078
v 9.2713 17.7772 -0.4330
v 9.9495 19.5937 0.2489
v 9.2713 17.7772 -0.4330
v 9.9466 17.7699 -0.6988
v 9.9495 19.5937 0.2489
v 9.9466 17.7699 -0.6988
v 10.5882 17.7633 0.9317
v 10.6120 17.7627 -0.4092
v 9.9466 17.7699 -0.6988
v 9.2475 17.7778 0.9078
v 10.5882 17.7633 0.9317
v 9.9466 17.7699 -0.6988
v 9.2713 17.7772 -0.4330
v 9.2475 17.7778 0.9078
v 9.9529 18.6817 -0.4984
v 10.6871 18.6739 0.2624
v 9.9594 20.5054 0.2488
v 10.6871 18.6739 0.2624
v 9.9264 18.6823 0.9967
v 9.9594 20.5054 0.2488
v 9.9264 18.6823 0.9967
v 9.1921 18.6901 0.2359
v 9.9594 20.5054 0.2488
v 9.1921 18.6901 0.2359
v 9.9529 18.6817 -0.4984
v 9.9594 20.5054 0.2488
v 9.9529 18.6817 -0.4984
v 9.9264 18.6823 0.9967
v 10.6871 18.6739 0.2624
v 9.9529 18.6817 -0.4984
v 9.1921 18.6901 0.2359
v 9.9264 18.6823 0.9967
v 10.3301 19.5895 -0.1184
v 10.3168 19.5898 0.6295
v 9.9693 21.4172 0.2486
v 10.3168 19.5898 0.6295
v 9.5689 19.5979 0.6163
v 9.9693 21.4172 0.2486
v 9.5689 19.5979 0.6163
v 9.5822 19.5976 -0.1316
v 9.9693 21.4172 0.2486
v 9.5822 19.5976 -0.1316
v 10.3301 19.5895 -0.1184
v 9.9693 21.4172 0.2486
v 10.3301 19.5895 -0.1184
v 9.5689 19.5979 0.6163
v 10.3168 19.5898 0.6295
v 10.3301 19.5895 -0.1184
v 9.5822 19.5976 -0.1316
v 9.5689 19.5979 0.6163
v 6.5764 17.6815 -4.0054
v 5.9221 17.6735 -4.4354
v 6.7400 19.6545 -5.0041
v 5.9221 17.6735 -4.4354
v 6.1934 17.6818 -5.8564
v 6.7400 19.6545 -5.0041
v 6.1934 17.6818 -5.8564
v 7.6143 17.7013 -5.5851
v 6.7400 19.6545 -5.0041
v 7.6143 17.7013 -5.5851
v 7.3431 17.6930 -4.1640
v 6.7400 19.6545 -5.0041
v 7.3431 17.6930 -4.1640
v 6.5764 17.6815 -4.0054
v 6.7400 19.6545 -5.0041
v 6.5764 17.6815 -4.0054
v 6.1934 17.6818 -5.8564
v 5.9221 17.6735 -4.4354
v 6.5764 17.6815 -4.0054
v 7.6143 17.7013 -5.5851
v 6.1934 17.6818 -5.8564
v 6.5764 17.6815 -4.0054
v 7.3431 17.6930 -4.1640
v 7.6143 17.7013 -5.5851
v 6.6029 18.6663 -4.2149
v 5.9619 18.6601 -5.1585
v 6.7259 20.6381 -5.0010
v 5.9619 18.6601 -5.1585
v 6.9054 18.6756 -5.7994
v 6.7259 20.6381 -5.0010
v 6.9054 18.6756 -5.7994
v 7.5463 18.6819 -4.8559
v 6.7259 20.6381 -5.0010
v 7.5463 18.6819 -4.8559
v 6.6029 18.6663 -4.2149
v 6.7259 20.6381 -5.0010
v 6.6029 18.6663 -4.2149
v 6.9054 18.6756 -5.7994
v 5.9619 18.6601 -5.1585
v 6.6029 18.6663 -4.2149
v 7.5463 18.6819 -4.8559
v 6.9054 18.6756 -5.7994
v 6.2681 19.6468 -4.6834
v 6.4194 19.6514 -5.4761
v 6.7118 21.6216 -4.9980
v 6.4194 19.6514 -5.4761
v 7.2120 19.6623 -5.3247
v 6.7118 21.6216 -4.9980
v 7.2120 19.6623 -5.3247
v 7.0606 19.6577 -4.5321
v 6.7118 21.6216 -4.9980
v 7.0606 19.6577 -4.5321
v 6.2681 19.6468 -4.6834
v 6.7118 21.6216 -4.9980
v 6.2681 19.6468 -4.6834
v 7.2120 19.6623 -5.3247
v 6.4194 19.6514 -5.4761
v 6.2681 19.6468 -4.6834
v 7.0606 19.6577 -4.5321
v 7.2120 19.6623 -5.3247
v -28.9566 14.9391 -37.5520
v -29.1978 14.9880 -36.8273
v -29.9370 16.8714 -37.6046
v -29.1978 14.9880 -36.8273
v -30.6082 15.0069 -36.7266
v -29.9370 16.8714 -37.6046
v -30.6082 15.0069 -36.7266
v -30.7100 14.9170 -38.1342
v -29.9370 16.8714 -37.6046
v -30.7100 14.9170 -38.1342
v -29.2995 14.8981 -38.2350
v -29.9370 16.8714 -37.6046
v -29.2995 14.8981 -38.2350
v -28.9566 14.9391 -37.5520
v -29.9370 16.8714 -37.6046
v -28.9566 14.9391 -37.5520
v -30.6082 15.0069 -36.7266
v -29.1978 14.9880 -36.8273
v -28.9566 14.9391 -37.5520
v -30.7100 14.9170 -38.1342
v -30.6082 15.0069 -36.7266
v -28.9566 14.9391 -37.5520
v -29.2995 14.8981 -38.2350
v -30.7100 14.9170 -38.1342
v -29.1591 15.9014 -37.5989
v -29.8887 15.9621 -36.7579
v -29.9286 17.8309 -37.6665
v -29.8887 15.9621 -36.7579
v -30.7318 15.9225 -37.4865
v -29.9286 17.8309 -37.6665
v -30.7318 15.9225 -37.4865
v -30.0022 15.8618 -38.3275
v -29.9286 17.8309 -37.6665
v -30.0022 15.8618 -38.3275
v -29.1591 15.9014 -37.5989
v -29.9286 17.8309 -37.6665
v -29.1591 15.9014 -37.5989
v -30.7318 15.9225 -37.4865
v -29.8887 15.9621 -36.7579
v -29.1591 15.9014 -37.5989
v -30.0022 15.8618 -38.3275
v -30.7318 15.9225 -37.4865
v -29.5153 16.8912 -37.2401
v -30.3020 16.9018 -37.1839
v -29.9202 18.7903 -37.7284
v -30.3020 16.9018 -37.1839
v -30.3587 16.8516 -37.9691
v -29.9202 18.7903 -37.7284
v -30.3587 16.8516 -37.9691
v -29.5720 16.8411 -38.0253
v -29.9202 18.7903 -37.7284
v -29.5720 16.8411 -38.0253
v -29.5153 16.8912 -37.2401
v -29.9202 18.7903 -37.7284
v -29.5153 16.8912 -37.2401
v -30.3587 16.8516 -37.9691
v -30.3020 16.9018 -37.1839
v -29.5153 16.8912 -37.2401
v -29.5720 16.8411 -38.0253
v -30.3587 16.8516 -37.9691
v -20.1094 16.0262 11.9314
v -20.8836 16.0297 11.7303
v -20.2446 18.0365 10.8961
v -20.8836 16.0297 11.7303
v -21.0877 16.0305 10.2665
v -20.2446 18.0365 10.8961
v -21.0877 16.0305 10.2665
v -19.6239 16.0238 10.0624
v -20.2446 18.0365 10.8961
v -19.6239 16.0238 10.0624
v -19.4198 16.0230 11.5262
v -20.2446 18.0365 10.8961
v -19.4198 16.0230 11.5262
v -20.1094 16.0262 11.9314
v -20.2446 18.0365 10.8961
v -20.1094 16.0262 11.9314
v -21.0877 16.0305 10.2665
v -20.8836 16.0297 11.7303
v -20.1094 16.0262 11.9314
v -19.6239 16.0238 10.0624
v -21.0877 16.0305 10.2665
v -20.1094 16.0262 11.9314
v -19.4198 16.0230 11.5262
v -19.6239 16.0238 10.0624
v -20.1354 17.0312 11.7124
v -21.0653 17.0354 11.0100
v -20.2400 19.0414 10.8960
v -21.0653 17.0354 11.0100
v -20.3630 17.0321 10.0801
v -20.2400 19.0414 10.8960
v -20.3630 17.0321 10.0801
v -19.4331 17.0279 10.7825
v -20.2400 19.0414 10.8960
v -19.4331 17.0279 10.7825
v -20.1354 17.0312 11.7124
v -20.2400 19.0414 10.8960
v -20.1354 17.0312 11.7124
v -20.3630 17.0321 10.0801
v -21.0653 17.0354 11.0100
v -20.1354 17.0312 11.7124
v -19.4331 17.0279 10.7825
v -20.3630 17.0321 10.0801
v -20.5959 18.0382 11.3613
v -20.7098 18.0386 10.5448
v -20.2354 20.0463 10.8959
v -20.7098 18.0386 10.5448
v -19.8932 18.0349 10.4310
v -20.2354 20.0463 10.8959
v -19.8932 18.0349 10.4310
v -19.7794 18.0344 11.2475
v -20.2354 20.0463 10.8959
v -19.7794 18.0344 11.2475
v -20.5959 18.0382 11.3613
v -20.2354 20.0463 10.8959
v -20.5959 18.0382 11.3613
v -19.8932 18.0349 10.4310
v -20.7098 18.0386 10.5448
v -20.5959 18.0382 11.3613
v -19.7794 18.0344 11.2475
v -19.8932 18.0349 10.4310
v -50.2068 12.9535 -30.9749
v -50.7859 12.9445 -31.1249
v -50.3389 14.4550 -31.7487
v -50.7859 12.9445 -31.1249
v -50.9394 12.9423 -32.2196
v -50.3389 14.4550 -31.7487
v -50.9394 12.9423 -32.2196
v -49.8448 12.9594 -32.3731
v -50.3389 14.4550 -31.7487
v -49.8448 12.9594 -32.3731
v -49.6913 12.9617 -31.2784
v -50.3389 14.4550 -31.7487
v -49.6913 12.9617 -31.2784
v -50.2068 12.9535 -30.9749
v -50.3389 14.4550 -31.7487
v -50.2068 12.9535 -30.9749
v -50.9394 12.9423 -32.2196
v -50.7859 12.9445 -31.1249
v -50.2068 12.9535 -30.9749
v -49.8448 12.9594 -32.3731
v -50.9394 12.9423 -32.2196
v -50.2068 12.9535 -30.9749
v -49.6913 12.9617 -31.2784
v -49.8448 12.9594 -32.3731
v -50.2415 13.7047 -31.1385
v -50.9373 13.6939 -31.6633
v -50.3506 15.2064 -31.7486
v -50.9373 13.6939 -31.6633
v -50.4127 13.7022 -32.3592
v -50.3506 15.2064 -31.7486
v -50.4127 13.7022 -32.3592
v -49.7168 13.7130 -31.8344
v -50.3506 15.2064 -31.7486
v -49.7168 13.7130 -31.8344
v -50.2415 13.7047 -31.1385
v -50.3506 15.2064 -31.7486
v -50.2415 13.7047 -31.1385
v -50.4127 13.7022 -32.3592
v -50.9373 13.6939 -31.6633
v -50.2415 13.7047 -31.1385
v -49.7168 13.7130 -31.8344
v -50.4127 13.7022 -32.3592
v -50.6013 14.4508 -31.4006
v -50.6869 14.4495 -32.0112
v -50.3624 15.9579 -31.7485
v -50.6869 14.4495 -32.0112
v -50.0764 14.4591 -32.0969
v -50.3624 15.9579 -31.7485
v -50.0764 14.4591 -32.0969
v -49.9908 14.4604 -31.4862
v -50.3624 15.9579 -31.7485
v -49.9908 14.4604 -31.4862
v -50.6013 14.4508 -31.4006
v -50.3624 15.9579 -31.7485
v -50.6013 14.4508 -31.4006
v -50.0764 14.4591 -32.0969
v -50.6869 14.4495 -32.0112
v -50.6013 14.4508 -31.4006
v -49.9908 14.4604 -31.4862
v -50.0764 14.4591 -32.0969
v 14.9759 17.6893 8.5708
v 15.3212 17.7509 7.9927
v 15.7725 19.4104 8.8346
v 15.3212 17.7509 7.9927
v 16.5563 17.7924 8.1757
v 15.7725 19.4104 8.8346
v 16.5563 17.7924 8.1757
v 16.3774 17.6864 9.4076
v 15.7725 19.4104 8.8346
v 16.3774 17.6864 9.4076
v 15.1423 17.6449 9.2246
v 15.7725 19.4104 8.8346
v 15.1423 17.6449 9.2246
v 14.9759 17.6893 8.5708
v 15.7725 19.4104 8.8346
v 14.9759 17.6893 8.5708
v 16.5563 17.7924 8.1757
v 15.3212 17.7509 7.9927
v 14.9759 17.6893 8.5708
v 16.3774 17.6864 9.4076
v 16.5563 17.7924 8.1757
v 14.9759 17.6893 8.5708
v 15.1423 17.6449 9.2246
v 16.3774 17.6864 9.4076
v 15.1223 18.5414 8.6654
v 15.9106 18.6236 8.0806
v 15.7341 20.2562 8.9018
v 15.9106 18.6236 8.0806
v 16.4995 18.5877 8.8694
v 15.7341 20.2562 8.9018
v 16.4995 18.5877 8.8694
v 15.7112 18.5054 9.4542
v 15.7341 20.2562 8.9018
v 15.7112 18.5054 9.4542
v 15.1223 18.5414 8.6654
v 15.7341 20.2562 8.9018
v 15.1223 18.5414 8.6654
v 16.4995 18.5877 8.8694
v 15.9106 18.6236 8.0806
v 15.1223 18.5414 8.6654
v 15.7112 18.5054 9.4542
v 16.4995 18.5877 8.8694
v 15.4779 19.4284 8.4400
v 16.1669 19.4515 8.5421
v 15.6958 21.1021 8.9691
v 16.1669 19.4515 8.5421
v 16.0671 19.3924 9.2292
v 15.6958 21.1021 8.9691
v 16.0671 19.3924 9.2292
v 15.3781 19.3692 9.1271
v 15.6958 21.1021 8.9691
v 15.3781 19.3692 9.1271
v 15.4779 19.4284 8.4400
v 15.6958 21.1021 8.9691
v 15.4779 19.4284 8.4400
v 16.0671 19.3924 9.2292
v 16.1669 19.4515 8.5421
v 15.4779 19.4284 8.4400
v 15.3781 19.3692 9.1271
v 16.0671 19.3924 9.2292
v -47.8778 13.5001 -10.9245
v -46.4551 13.6648 -11.3542
v -47.0285 17.2993 -9.2581
v -46.4551 13.6648 -11.3542
v -44.7085 13.7570 -9.2154
v -47.0285 17.2993 -9.2581
v -44.7085 13.7570 -9.2154
v -46.8305 13.4658 -7.4701
v -47.0285 17.2993 -9.2581
v -46.8305 13.4658 -7.4701
v -48.5770 13.3736 -9.6089
v -47.0285 17.2993 -9.2581
v -48.5770 13.3736 -9.6089
v -47.8778 13.5001 -10.9245
v -47.0285 17.2993 -9.2581
v -47.8778 13.5001 -10.9245
v -44.7085 13.7570 -9.2154
v -46.4551 13.6648 -11.3542
v -47.8778 13.5001 -10.9245
v -46.8305 13.4658 -7.4701
v -44.7085 13.7570 -9.2154
v -47.8778 13.5001 -10.9245
v -48.5770 13.3736 -9.6089
v -46.8305 13.4658 -7.4701
v -47.8094 15.3809 -10.5276
v -45.6526 15.5946 -10.3082
v -47.2213 19.1663 -9.1811
v -45.6526 15.5946 -10.3082
v -45.8619 15.4837 -8.1427
v -47.2213 19.1663 -9.1811
v -45.8619 15.4837 -8.1427
v -48.0186 15.2700 -8.3621
v -47.2213 19.1663 -9.1811
v -48.0186 15.2700 -8.3621
v -47.8094 15.3809 -10.5276
v -47.2213 19.1663 -9.1811
v -47.8094 15.3809 -10.5276
v -45.8619 15.4837 -8.1427
v -45.6526 15.5946 -10.3082
v -47.8094 15.3809 -10.5276
v -48.0186 15.2700 -8.3621
v -45.8619 15.4837 -8.1427
v -46.9238 17.3548 -10.3414
v -45.9495 17.4062 -9.1484
v -47.4141 21.0332 -9.1042
v -45.9495 17.4062 -9.1484
v -47.1331 17.2438 -8.1749
v -47.4141 21.0332 -9.1042
v -47.1331 17.2438 -8.1749
v -48.1074 17.1924 -9.3679
v -47.4141 21.0332 -9.1042
v -48.1074 17.1924 -9.3679
v -46.9238 17.3548 -10.3414
v -47.4141 21.0332 -9.1042
v -46.9238 17.3548 -10.3414
v -47.1331 17.2438 -8.1749
v -45.9495 17.4062 -9.1484
v -46.9238 17.3548 -10.3414
v -48.1074 17.1924 -9.3679
v -47.1331 17.2438 -8.1749
v -21.0493 15.6075 26.7171
v -20.7202 15.6950 25.8946
v -19.9926 17.8890 26.9008
v -20.7202 15.6950 25.8946
v -19.0773 15.7739 25.8791
v -19.9926 17.8890 26.9008
v -19.0773 15.7739 25.8791
v -19.0551 15.6316 27.5176
v -19.9926 17.8890 26.9008
v -19.0551 15.6316 27.5176
v -20.6979 15.5528 27.5331
v -19.9926 17.8890 26.9008
v -20.6979 15.5528 27.5331
v -21.0493 15.6075 26.7171
v -19.9926 17.8890 26.9008
v -21.0493 15.6075 26.7171
v -19.0773 15.7739 25.8791
v -20.7202 15.6950 25.8946
v -21.0493 15.6075 26.7171
v -19.0551 15.6316 27.5176
v -19.0773 15.7739 25.8791
v -21.0493 15.6075 26.7171
v -20.6979 15.5528 27.5331
v -19.0551 15.6316 27.5176
v -20.8560 16.7322 26.8121
v -19.9526 16.8554 25.8900
v -20.0452 19.0018 26.9981
v -19.9526 16.8554 25.8900
v -19.0242 16.8201 26.7948
v -20.0452 19.0018 26.9981
v -19.0242 16.8201 26.7948
v -19.9277 16.6968 27.7169
v -20.0452 19.0018 26.9981
v -19.9277 16.6968 27.7169
v -20.8560 16.7322 26.8121
v -20.0452 19.0018 26.9981
v -20.8560 16.7322 26.8121
v -19.0242 16.8201 26.7948
v -19.9526 16.8554 25.8900
v -20.8560 16.7322 26.8121
v -19.9277 16.6968 27.7169
v -19.0242 16.8201 26.7948
v -20.4570 17.9066 26.4481
v -19.5407 17.9506 26.4395
v -20.0977 20.1146 27.0954
v -19.5407 17.9506 26.4395
v -19.5282 17.8713 27.3534
v -20.0977 20.1146 27.0954
v -19.5282 17.8713 27.3534
v -20.4446 17.8273 27.3621
v -20.0977 20.1146 27.0954
v -20.4446 17.8273 27.3621
v -20.4570 17.9066 26.4481
v -20.0977 20.1146 27.0954
v -20.4570 17.9066 26.4481
v -19.5282 17.8713 27.3534
v -19.5407 17.9506 26.4395
v -20.4570 17.9066 26.4481
v -20.4446 17.8273 27.3621
v -19.5282 17.8713 27.3534
v -26.5798 15.5044 3.7517
v -27.6447 15.3733 3.6461
v -27.3220 18.1591 2.4389
v -27.6447 15.3733 3.6461
v -28.2216 15.3264 1.7400
v -27.3220 18.1591 2.4389
v -28.2216 15.3264 1.7400
v -26.3308 15.5691 1.1618
v -27.3220 18.1591 2.4389
v -26.3308 15.5691 1.1618
v -25.7539 15.6160 3.0679
v -27.3220 18.1591 2.4389
v -25.7539 15.6160 3.0679
v -26.5798 15.5044 3.7517
v -27.3220 18.1591 2.4389
v -26.5798 15.5044 3.7517
v -28.2216 15.3264 1.7400
v -27.6447 15.3733 3.6461
v -26.5798 15.5044 3.7517
v -26.3308 15.5691 1.1618
v -28.2216 15.3264 1.7400
v -26.5798 15.5044 3.7517
v -25.7539 15.6160 3.0679
v -26.3308 15.5691 1.1618
v -26.8332 16.8413 3.4841
v -28.2090 16.6798 2.7438
v -27.4891 19.5030 2.4564
v -28.2090 16.6798 2.7438
v -27.4765 16.7890 1.3587
v -27.4891 19.5030 2.4564
v -27.4765 16.7890 1.3587
v -26.1007 16.9504 2.0991
v -27.4891 19.5030 2.4564
v -26.1007 16.9504 2.0991
v -26.8332 16.8413 3.4841
v -27.4891 19.5030 2.4564
v -26.8332 16.8413 3.4841
v -27.4765 16.7890 1.3587
v -28.2090 16.6798 2.7438
v -26.8332 16.8413 3.4841
v -26.1007 16.9504 2.0991
v -27.4765 16.7890 1.3587
v -27.6884 18.1045 3.1318
v -28.0102 18.0783 2.0686
v -27.6563 20.8469 2.4739
v -28.0102 18.0783 2.0686
v -26.9556 18.2136 1.7460
v -27.6563 20.8469 2.4739
v -26.9556 18.2136 1.7460
v -26.6338 18.2398 2.8093
v -27.6563 20.8469 2.4739
v -26.6338 18.2398 2.8093
v -27.6884 18.1045 3.1318
v -27.6563 20.8469 2.4739
v -27.6884 18.1045 3.1318
v -26.9556 18.2136 1.7460
v -28.0102 18.0783 2.0686
v -27.6884 18.1045 3.1318
v -26.6338 18.2398 2.8093
v -26.9556 18.2136 1.7460
v 3.2207 16.4379 -33.8110
v 3.9040 16.4422 -33.6639
v 3.3703 18.1869 -32.8961
v 3.9040 16.4422 -33.6639
v 4.1362 16.4322 -32.3935
v 3.3703 18.1869 -32.8961
v 4.1362 16.4322 -32.3935
v 2.8657 16.4194 -32.1614
v 3.3703 18.1869 -32.8961
v 2.8657 16.4194 -32.1614
v 2.6336 16.4295 -33.4319
v 3.3703 18.1869 -32.8961
v 2.6336 16.4295 -33.4319
v 3.2207 16.4379 -33.8110
v 3.3703 18.1869 -32.8961
v 3.2207 16.4379 -33.8110
v 4.1362 16.4322 -32.3935
v 3.9040 16.4422 -33.6639
v 3.2207 16.4379 -33.8110
v 2.8657 16.4194 -32.1614
v 4.1362 16.4322 -32.3935
v 3.2207 16.4379 -33.8110
v 2.6336 16.4295 -33.4319
v 2.8657 16.4194 -32.1614
v 3.2481 17.3145 -33.6127
v 4.0859 17.3160 -33.0338
v 3.3630 19.0649 -32.8879
v 4.0859 17.3160 -33.0338
v 3.5070 17.3033 -32.1961
v 3.3630 19.0649 -32.8879
v 3.5070 17.3033 -32.1961
v 2.6693 17.3018 -32.7750
v 3.3630 19.0649 -32.8879
v 2.6693 17.3018 -32.7750
v 3.2481 17.3145 -33.6127
v 3.3630 19.0649 -32.8879
v 3.2481 17.3145 -33.6127
v 3.5070 17.3033 -32.1961
v 4.0859 17.3160 -33.0338
v 3.2481 17.3145 -33.6127
v 2.6693 17.3018 -32.7750
v 3.5070 17.3033 -32.1961
v 3.6599 18.1933 -33.3152
v 3.7894 18.1877 -32.6065
v 3.3557 19.9430 -32.8796
v 3.7894 18.1877 -32.6065
v 3.0807 18.1806 -32.4771
v 3.3557 19.9430 -32.8796
v 3.0807 18.1806 -32.4771
v 2.9512 18.1862 -33.1857
v 3.3557 19.9430 -32.8796
v 2.9512 18.1862 -33.1857
v 3.6599 18.1933 -33.3152
v 3.3557 19.9430 -32.8796
v 3.6599 18.1933 -33.3152
v 3.0807 18.1806 -32.4771
v 3.7894 18.1877 -32.6065
v 3.6599 18.1933 -33.3152
v 2.9512 18.1862 -33.1857
v 3.0807 18.1806 -32.4771
v -12.9358 16.2942 41.3755
v -11.9032 16.2988 41.0010
v -11.9557 19.0237 42.5010
v -11.9032 16.2988 41.0010
v -10.5337 16.2569 42.4985
v -11.9557 19.0237 42.5010
v -10.5337 16.2569 42.4985
v -12.0317 16.2302 43.8678
v -11.9557 19.0237 42.5010
v -12.0317 16.2302 43.8678
v -13.4012 16.2722 42.3703
v -11.9557 19.0237 42.5010
v -13.4012 16.2722 42.3703
v -12.9358 16.2942 41.3755
v -11.9557 19.0237 42.5010
v -12.9358 16.2942 41.3755
v -10.5337 16.2569 42.4985
v -11.9032 16.2988 41.0010
v -12.9358 16.2942 41.3755
v -12.0317 16.2302 43.8678
v -10.5337 16.2569 42.4985
v -12.9358 16.2942 41.3755
v -13.4012 16.2722 42.3703
v -12.0317 16.2302 43.8678
v -12.7251 17.6675 41.6328
v -11.1263 17.6590 41.7043
v -11.9498 20.4033 42.5343
v -11.1263 17.6590 41.7043
v -11.1980 17.6207 43.3026
v -11.9498 20.4033 42.5343
v -11.1980 17.6207 43.3026
v -12.7967 17.6293 43.2311
v -11.9498 20.4033 42.5343
v -12.7967 17.6293 43.2311
v -12.7251 17.6675 41.6328
v -11.9498 20.4033 42.5343
v -12.7251 17.6675 41.6328
v -11.1980 17.6207 43.3026
v -11.1263 17.6590 41.7043
v -12.7251 17.6675 41.6328
v -12.7967 17.6293 43.2311
v -11.1980 17.6207 43.3026
v -11.9198 19.0429 41.7015
v -11.1559 19.0194 42.5368
v -11.9439 21.7829 42.5676
v -11.1559 19.0194 42.5368
v -11.9915 19.0046 43.3005
v -11.9439 21.7829 42.5676
v -11.9915 19.0046 43.3005
v -12.7554 19.0280 42.4652
v -11.9439 21.7829 42.5676
v -12.7554 19.0280 42.4652
v -11.9198 19.0429 41.7015
v -11.9439 21.7829 42.5676
v -11.9198 19.0429 41.7015
v -11.9915 19.0046 43.3005
v -11.1559 19.0194 42.5368
v -11.9198 19.0429 41.7015
v -12.7554 19.0280 42.4652
v -11.9915 19.0046 43.3005
vt 0.00000 1.00000
vt 0.00000 1.00000
vt 0.00000 1.00000
vt 0.00000 1.00000
vt 0.00000 1.00000
vt 0.00000 1.00000
vt 0.00000 1.00000
vt 0.00000 1.00000
vt 0.00000 1.00000
vt 0.00000 1.00000
vt 0.00000 1.00000
vt 0.00000 1.00000
vt 0.00000 1.00000
vt 0.00000 1.00000
vt 0.00000 1.00000
vt 0.00000 1.00000
vt 0.00000 1.00000
vt 0.00000 1.00000
vt 0.00000 1.00000
vt 0.00000 1.00000
vt 0.00000 1.00000
vt 0.00000 1.00000
vt 0.00000 1.00000
vt 0.00000 1.00000
vt 0.00000 1.00000
vt 0.00000 1.00000
vt 0.00000 1.00000
vt 0.00000 1.00000
vt 0.00000 1.00000
vt 0.00000 1.00000
vt 0.00000 1.00000
vt 0.00000 1.00000
vt 0.00000 1.00000
vt 0.00000 1.00000
vt 0.00000 1.00000
vt 0.00000 1.00000
vt 0.00000 1.00000
vt 0.00000 1.00000
vt 0.00000 1.00000
vt 0.00000 1.00000
vt 0.00000 1.00000
vt 0.00000 1.00000
vt 0.00000 1.00000
vt 0.00000 1.00000
vt 0.00000 1.00000
vt 0.00000 1.00000
vt 0.00000 1.00000
vt 0.00000 1.00000
vt 0.00000 1.00000
vt 0.00000 1.00000
vt 0.00000 1.00000
vt 0.00000 1.00000
vt 0.00000 1.00000
vt 0.00000 1.00000
vt 0.00000 1.00000
vt 0.00000 1.00000
vt 0.00000 1.00000
vt 0.00000 1.00000
vt 0.00000 1.00000
vt 0.00000 1.00000
vt 0.00000 1.00000
vt 0.00000 1.00000
vt 0.00000 1.00000
vt 0.00000 1.00000
vt 0.00000 1.00000
vt 0.00000 1.00000
vt 0.00000 1.00000
vt 0.00000 1.00000
vt 0.00000 1.00000
vt 0.00000 1.00000
vt 0.00000 1.00000
vt 0.00000 1.00000
vt 0.00000 1.00000
vt 0.00000 1.00000
vt 0.00000 1.00000
vt 0.00000 1.00000
vt 0.00000 1.00000
vt 0.00000 1.00000
vt 0.00000 1.00000
vt 0.00000 1.00000
vt 0.00000 1.00000
vt 0.00000 1.00000
vt 0.00000 1.00000
vt 0.00000 1.00000
vt 0.00000 1.00000
vt 0.00000 1.00000
vt 0.00000 1.00000
vt 0.00000 1.00000
vt 0.00000 1.00000
vt 0.00000 1.00000
vt 0.00000 1.00000
vt 0.00000 1.00000
vt 0.00000 1.00000
vt 0.00000 1.00000
vt 0.00000 1.00000
vt 0.00000 1.00000
vt 0.00000 1.00000
vt 0.00000 1.00000
vt 0.00000 1.00000
vt 0.00000 1.00000
vt 0.00000 1.00000
vt 0.00000 1.00000
vt 0.00000 1.00000
vt 0.00000 1.00000
vt 0.00000 1.00000
vt 0.00000 1.00000
vt 0.00000 1.00000
vt 0.00000 1.00000
vt 0.00000 1.00000
vt 0.00000 1.00000
vt 0.00000 1.00000
vt 0.00000 1.00000
vt 0.00000 1.00000
vt 0.00000 1.00000
vt 0.00000 1.00000
vt 0.00000 1.00000
vt 0.00000 1.00000
vt 0.00000 1.00000
vt 0.00000 1.00000
vt 0.00000 1.00000
vt 0.00000 1.00000
vt 0.00000 1.00000
vt 0.00000 1.00000
vt 0.00000 1.00000
vt 0.00000 1.00000
vt 0.00000 1.00000
vt 0.00000 1.00000
vt 0.00000 1.00000
vt 0.00000 1.00000
vt 0.00000 1.00000
vt 0.00000 1.00000
vt 0.00000 1.00000
vt 0.00000 1.00000
vt 0.00000 1.00000
vt 0.00000 1.00000
vt 0.00000 1.00000
vt 0.00000 1.00000
vt 0.00000 1.00000
vt 0.00000 1.00000
vt 0.00000 1.00000
vt 0.00000 1.00000
vt 0.00000 1.00000
vt 0.00000 1.00000
vt 0.00000 1.00000
vt 0.00000 1.00000
vt 0.00000 1.00000
vt 0.00000 1.00000
vt 0.00000 1.00000
vt 0.00000 1.00000
vt 0.00000 1.00000
vt 0.00000 1.00000
vt 0.00000 1.00000
vt 0.00000 1.00000
vt 0.00000 1.00000
vt 0.00000 1.00000
vt 0.00000 1.00000
vt 0.00000 1.00000
vt 0.00000 1.00000
vt 0.00000 1.00000
vt 0.00000 1.00000
vt 0.00000 1.00000
vt 0.00000 1.00000
vt 0.00000 1.00000
vt 0.00000 1.00000
vt 0.00000 1.00000
vt 0.00000 1.00000
vt 0.00000 1.00000
vt 0.00000 1.00000
vt 0.00000 1.00000
vt 0.00000 1.00000
vt 0.00000 1.00000
vt 0.00000 1.00000
vt 0.00000 1.00000
vt 0.00000 1.00000
vt 0.00000 1.00000
vt 0.00000 1.00000
vt 0.00000 1.00000
vt 0.00000 1.00000
vt 0.00000 1.00000
vt 0.00000 1.00000
vt 0.00000 1.00000
vt 0.00000 1.00000
vt 0.00000 1.00000
vt 0.00000 1.00000
vt 0.00000 1.00000
vt 0.00000 1.00000
vt 0.00000 1.00000
vt 0.00000 1.00000
vt 0.00000 1.00000
vt 0.00000 1.00000
vt 0.00000 1.00000
vt 0.00000 1.00000
vt 0.00000 1.00000
vt 0.00000 1.00000
vt 0.00000 1.00000
vt 0.00000 1.00000
vt 0.00000 1.00000
vt 0.00000 1.00000
vt 0.00000 1.00000
vt 0.00000 1.00000
vt 0.00000 1.00000
vt 0.00000 1.00000
vt 0.00000 1.00000
vt 0.00000 1.00000
vt 0.00000 1.00000
vt 0.00000 1.00000
vt 0.00000 1.00000
vt 0.00000 1.00000
vt 0.00000 1.00000
vt 0.00000 1.00000
vt 0.00000 1.00000
vt 0.00000 1.00000
vt 0.00000 1.00000
vt 0.00000 1.00000
vt 0.00000 1.00000
vt 0.00000 1.00000
vt 0.00000 1.00000
vt 0.00000 1.00000
vt 0.00000 1.00000
vt 0.00000 1.00000
vt 0.00000 1.00000
vt 0.00000 1.00000
vt 0.00000 1.00000
vt 0.00000 1.00000
vt 0.00000 1.00000
vt 0.00000 1.00000
vt 0.00000 1.00000
vt 0.00000 1.00000
vt 0.00000 1.00000
vt 0.00000 1.00000
vt 0.00000 1.00000
vt 0.00000 1.00000
vt 0.00000 1.00000
vt 0.00000 1.00000
vt 0.00000 1.00000
vt 0.00000 1.00000
vt 0.00000 1.00000
vt 0.00000 1.00000
vt 0.00000 1.00000
vt 0.00000 1.00000
vt 0.00000 1.00000
vt 0.00000 1.00000
vt 0.00000 1.00000
vt 0.00000 1.00000
vt 0.00000 1.00000
vt 0.00000 1.00000
vt 0.00000 1.00000
vt 0.00000 1.00000
vt 0.00000 1.00000
vt 0.00000 1.00000
vt 0.00000 1.00000
vt 0.00000 1.00000
vt 0.00000 1.00000
vt 0.00000 1.00000
vt 0.00000 1.00000
vt 0.00000 1.00000
vt 0.00000 1.00000
vt 0.00000 1.00000
vt 0.00000 1.00000
vt 0.00000 1.00000
vt 0.00000 1.00000
vt 0.00000 1.00000
vt 0.00000 1.00000
vt 0.00000 1.00000
vt 0.00000 1.00000
vt 0.00000 1.00000
vt 0.00000 1.00000
vt 0.00000 1.00000
vt 0.00000 1.00000
vt 0.00000 1.00000
vt 0.00000 1.00000
vt 0.00000 1.00000
vt 0.00000 1.00000
vt 0.00000 1.00000
vt 0.00000 1.00000
vt 0.00000 1.00000
vt 0.00000 1.00000
vt 0.00000 1.00000
vt 0.00000 1.00000
vt 0.00000 1.00000
vt 0.00000 1.00000
vt 0.00000 1.00000
vt 0.00000 1.00000
vt 0.00000 1.00000
vt 0.00000 1.00000
vt 0.00000 1.00000
vt 0.00000 1.00000
vt 0.00000 1.00000
vt 0.00000 1.00000
vt 0.00000 1.00000
vt 0.00000 1.00000
vt 0.00000 1.00000
vt 0.00000 1.00000
vt 0.00000 1.00000
vt 0.00000 1.00000
vt 0.00000 1.00000
vt 0.00000 1.00000
vt 0.00000 1.00000
vt 0.00000 1.00000
vt 0.00000 1.00000
vt 0.00000 1.00000
vt 0.00000 1.00000
vt 0.00000 1.00000
vt 0.00000 1.00000
vt 0.00000 1.00000
vt 0.00000 1.00000
vt 0.00000 1.00000
vt 0.00000 1.00000
vt 0.00000 1.00000
vt 0.00000 1.00000
vt 0.00000 1.00000
vt 0.00000 1.00000
vt 0.00000 1.00000
vt 0.00000 1.00000
vt 0.00000 1.00000
vt 0.00000 1.00000
vt 0.00000 1.00000
vt 0.00000 1.00000
vt 0.00000 1.00000
vt 0.00000 1.00000
vt 0.00000 1.00000
vt 0.00000 1.00000
vt 0.00000 1.00000
vt 0.00000 1.00000
vt 0.00000 1.00000
vt 0.00000 1.00000
vt 0.00000 1.00000
vt 0.00000 1.00000
vt 0.00000 1.00000
vt 0.00000 1.00000
vt 0.00000 1.00000
vt 0.00000 1.00000
vt 0.00000 1.00000
vt 0.00000 1.00000
vt 0.00000 1.00000
vt 0.00000 1.00000
vt 0.00000 1.00000
vt 0.00000 1.00000
vt 0.00000 1.00000
vt 0.00000 1.00000
vt 0.00000 1.00000
vt 0.00000 1.00000
vt 0.00000 1.00000
vt 0.00000 1.00000
vt 0.00000 1.00000
vt 0.00000 1.00000
vt 0.00000 1.00000
vt 0.00000 1.00000
vt 0.00000 1.00000
vt 0.00000 1.00000
vt 0.00000 1.00000
vt 0.00000 1.00000
vt 0.00000 1.00000
vt 0.00000 1.00000
vt 0.00000 1.00000
vt 0.00000 1.00000
vt 0.00000 1.00000
vt 0.00000 1.00000
vt 0.00000 1.00000
vt 0.00000 1.00000
vt 0.00000 1.00000
vt 0.00000 1.00000
vt 0.00000 1.00000
vt 0.00000 1.00000
vt 0.00000 1.00000
vt 0.00000 1.00000
vt 0.00000 1.00000
vt 0.00000 1.00000
vt 0.00000 1.00000
vt 0.00000 1.00000
vt 0.00000 1.00000
vt 0.00000 1.00000
vt 0.00000 1.00000
vt 0.00000 1.00000
vt 0.00000 1.00000
vt 0.00000 1.00000
vt 0.00000 1.00000
vt 0.00000 1.00000
vt 0.00000 1.00000
vt 0.00000 1.00000
vt 0.00000 1.00000
vt 0.00000 1.00000
vt 0.00000 1.00000
vt 0.00000 1.00000
vt 0.00000 1.00000
vt 0.00000 1.00000
vt 0.00000 1.00000
vt 0.00000 1.00000
vt 0.00000 1.00000
vt 0.00000 1.00000
vt 0.00000 1.00000
vt 0.00000 1.00000
vt 0.00000 1.00000
vt 0.00000 1.00000
vt 0.00000 1.00000
vt 0.00000 1.00000
vt 0.00000 1.00000
vt 0.00000 1.00000
vt 0.00000 1.00000
vt 0.00000 1.00000
vt 0.00000 1.00000
vt 0.00000 1.00000
vt 0.00000 1.00000
vt 0.00000 1.00000
vt 0.00000 1.00000
vt 0.00000 1.00000
vt 0.00000 1.00000
vt 0.00000 1.00000
vt 0.00000 1.00000
vt 0.00000 1.00000
vt 0.00000 1.00000
vt 0.00000 1.00000
vt 0.00000 1.00000
vt 0.00000 1.00000
vt 0.00000 1.00000
vt 0.00000 1.00000
vt 0.00000 1.00000
vt 0.00000 1.00000
vt 0.00000 1.00000
vt 0.00000 1.00000
vt 0.00000 1.00000
vt 0.00000 1.00000
vt 0.00000 1.00000
vt 0.00000 1.00000
vt 0.00000 1.00000
vt 0.00000 1.00000
vt 0.00000 1.00000
vt 0.00000 1.00000
vt 0.00000 1.00000
vt 0.00000 1.00000
vt 0.00000 1.00000
vt 0.00000 1.00000
vt 0.00000 1.00000
vt 0.00000 1.00000
vt 0.00000 1.00000
vt 0.00000 1.00000
vt 0.00000 1.00000
vt 0.00000 1.00000
vt 0.00000 1.00000
vt 0.00000 1.00000
vt 0.00000 1.00000
vt 0.00000 1.00000
vt 0.00000 1.00000
vt 0.00000 1.00000
vt 0.00000 1.00000
vt 0.00000 1.00000
vt 0.00000 1.00000
vt 0.00000 1.00000
vt 0.00000 1.00000
vt 0.00000 1.00000
vt 0.00000 1.00000
vt 0.00000 1.00000
vt 0.00000 1.00000
vt 0.00000 1.00000
vt 0.00000 1.00000
vt 0.00000 1.00000
vt 0.00000 1.00000
vt 0.00000 1.00000
vt 0.00000 1.00000
vt 0.00000 1.00000
vt 0.00000 1.00000
vt 0.00000 1.00000
vt 0.00000 1.00000
vt 0.00000 1.00000
vt 0.00000 1.00000
vt 0.00000 1.00000
vt 0.00000 1.00000
vt 0.00000 1.00000
vt 0.00000 1.00000
vt 0.00000 1.00000
vt 0.00000 1.00000
vt 0.00000 1.00000
vt 0.00000 1.00000
vt 0.00000 1.00000
vt 0.00000 1.00000
vt 0.00000 1.00000
vt 0.00000 1.00000
vt 0.00000 1.00000
vt 0.00000 1.00000
vt 0.00000 1.00000
vt 0.00000 1.00000
vt 0.00000 1.00000
vt 0.00000 1.00000
vt 0.00000 1.00000
vt 0.00000 1.00000
vt 0.00000 1.00000
vt 0.00000 1.00000
vt 0.00000 1.00000
vt 0.00000 1.00000
vt 0.00000 1.00000
vt 0.00000 1.00000
vt 0.00000 1.00000
vt 0.00000 1.00000
vt 0.00000 1.00000
vt 0.00000 1.00000
vt 0.00000 1.00000
vt 0.00000 1.00000
vt 0.00000 1.00000
vt 0.00000 1.00000
vt 0.00000 1.00000
vt 0.00000 1.00000
vt 0.00000 1.00000
vt 0.00000 1.00000
vt 0.00000 1.00000
vt 0.00000 1.00000
vt 0.00000 1.00000
vt 0.00000 1.00000
vt 0.00000 1.00000
vt 0.00000 1.00000
vt 0.00000 1.00000
vt 0.00000 1.00000
vt 0.00000 1.00000
vt 0.00000 1.00000
vt 0.00000 1.00000
vt 0.00000 1.00000
vt 0.00000 1.00000
vt 0.00000 1.00000
vt 0.00000 1.00000
vt 0.00000 1.00000
vt 0.00000 1.00000
vt 0.00000 1.00000
vt 0.00000 1.00000
vt 0.00000 1.00000
vt 0.00000 1.00000
vt 0.00000 1.00000
vt 0.00000 1.00000
vt 0.00000 1.00000
vt 0.00000 1.00000
vt 0.00000 1.00000
vt 0.00000 1.00000
vt 0.00000 1.00000
vt 0.00000 1.00000
vt 0.00000 1.00000
vt 0.00000 1.00000
vt 0.00000 1.00000
vt 0.00000 1.00000
vt 0.00000 1.00000
vt 0.00000 1.00000
vt 0.00000 1.00000
vt 0.00000 1.00000
vt 0.00000 1.00000
vt 0.00000 1.00000
vt 0.00000 1.00000
vt 0.00000 1.00000
vt 0.00000 1.00000
vt 0.00000 1.00000
vt 0.00000 1.00000
vt 0.00000 1.00000
vt 0.00000 1.00000
vt 0.00000 1.00000
vt 0.00000 1.00000
vt 0.00000 1.00000
vt 0.00000 1.00000
vt 0.00000 1.00000
vt 0.00000 1.00000
vt 0.00000 1.00000
vt 0.00000 1.00000
vt 0.00000 1.00000
vt 0.00000 1.00000
vt 0.00000 1.00000
vt 0.00000 1.00000
vt 0.00000 1.00000
vt 0.00000 1.00000
vt 0.00000 1.00000
vt 0.00000 1.00000
vt 0.00000 1.00000
vt 0.00000 1.00000
vt 0.00000 1.00000
vt 0.00000 1.00000
vt 0.00000 1.00000
vt 0.00000 1.00000
vt 0.00000 1.00000
vt 0.00000 1.00000
vt 0.00000 1.00000
vt 0.00000 1.00000
vt 0.00000 1.00000
vt 0.00000 1.00000
vt 0.00000 1.00000
vt 0.00000 1.00000
vt 0.00000 1.00000
vt 0.00000 1.00000
vt 0.00000 1.00000
vt 0.00000 1.00000
vt 0.00000 1.00000
vt 0.00000 1.00000
vt 0.00000 1.00000
vt 0.00000 1.00000
vt 0.00000 1.00000
vt 0.00000 1.00000
vt 0.00000 1.00000
vt 0.00000 1.00000
vt 0.00000 1.00000
vt 0.00000 1.00000
vt 0.00000 1.00000
vt 0.00000 1.00000
vt 0.00000 1.00000
vt 0.00000 1.00000
vt 0.00000 1.00000
vt 0.00000 1.00000
vt 0.00000 1.00000
vt 0.00000 1.00000
vt 0.00000 1.00000
vt 0.00000 1.00000
vt 0.00000 1.00000
vt 0.00000 1.00000
vt 0.00000 1.00000
vt 0.00000 1.00000
vt 0.00000 1.00000
vt 0.00000 1.00000
vt 0.00000 1.00000
vt 0.00000 1.00000
vt 0.00000 1.00000
vt 0.00000 1.00000
vt 0.00000 1.00000
vt 0.00000 1.00000
vt 0.00000 1.00000
vt 0.00000 1.00000
vt 0.00000 1.00000
vt 0.00000 1.00000
vt 0.00000 1.00000
vt 0.00000 1.00000
vt 0.00000 1.00000
vt 0.00000 1.00000
vt 0.00000 1.00000
vt 0.00000 1.00000
vt 0.00000 1.00000
vt 0.00000 1.00000
vt 0.00000 1.00000
vt 0.00000 1.00000
vt 0.00000 1.00000
vt 0.00000 1.00000
vt 0.00000 1.00000
vt 0.00000 1.00000
vt 0.00000 1.00000
vt 0.00000 1.00000
vt 0.00000 1.00000
vt 0.00000 1.00000
vt 0.00000 1.00000
vt 0.00000 1.00000
vt 0.00000 1.00000
vt 0.00000 1.00000
vt 0.00000 1.00000
vt 0.00000 1.00000
vt 0.00000 1.00000
vt 0.00000 1.00000
vt 0.00000 1.00000
vt 0.00000 1.00000
vt 0.00000 1.00000
vt 0.00000 1.00000
vt 0.00000 1.00000
vt 0.00000 1.00000
vt 0.00000 1.00000
vt 0.00000 1.00000
vt 0.00000 1.00000
vt 0.00000 1.00000
vt 0.00000 1.00000
vt 0.00000 1.00000
vt 0.00000 1.00000
vt 0.00000 1.00000
vt 0.00000 1.00000
vt 0.00000 1.00000
vt 0.00000 1.00000
vt 0.00000 1.00000
vt 0.00000 1.00000
vt 0.00000 1.00000
vt 0.00000 1.00000
vt 0.00000 1.00000
vt 0.00000 1.00000
vt 0.00000 1.00000
vt 0.00000 1.00000
vt 0.00000 1.00000
vt 0.00000 1.00000
vt 0.00000 1.00000
vt 0.00000 1.00000
vt 0.00000 1.00000
vt 0.00000 1.00000
vt 0.00000 1.00000
vt 0.00000 1.00000
vt 0.00000 1.00000
vt 0.00000 1.00000
vt 0.00000 1.00000
vt 0.00000 1.00000
vt 0.00000 1.00000
vt 0.00000 1.00000
vt 0.00000 1.00000
vt 0.00000 1.00000
vt 0.00000 1.00000
vt 0.00000 1.00000
vt 0.00000 1.00000
vt 0.00000 1.00000
vt 0.00000 1.00000
vt 0.00000 1.00000
vt 0.00000 1.00000
vt 0.00000 1.00000
vt 0.00000 1.00000
vt 0.00000 1.00000
vt 0.00000 1.00000
vt 0.00000 1.00000
vt 0.00000 1.00000
vt 0.00000 1.00000
vt 0.00000 1.00000
vt 0.00000 1.00000
vt 0.00000 1.00000
vt 0.00000 1.00000
vt 0.00000 1.00000
vt 0.00000 1.00000
vt 0.00000 1.00000
vt 0.00000 1.00000
vt 0.00000 1.00000
vt 0.00000 1.00000
vt 0.00000 1.00000
vt 0.00000 1.00000
vt 0.00000 1.00000
vt 0.00000 1.00000
vt 0.00000 1.00000
vt 0.00000 1.00000
vt 0.00000 1.00000
vt 0.00000 1.00000
vt 0.00000 1.00000
vt 0.00000 1.00000
vt 0.00000 1.00000
vt 0.00000 1.00000
vt 0.00000 1.00000
vt 0.00000 1.00000
vt 0.00000 1.00000
vt 0.00000 1.00000
vt 0.00000 1.00000
vt 0.00000 1.00000
vt 0.00000 1.00000
vt 0.00000 1.00000
vt 0.00000 1.00000
vt 0.00000 1.00000
vt 0.00000 1.00000
vt 0.00000 1.00000
vt 0.00000 1.00000
vt 0.00000 1.00000
vt 0.00000 1.00000
vt 0.00000 1.00000
vt 0.00000 1.00000
vt 0.00000 1.00000
vt 0.00000 1.00000
vt 0.00000 1.00000
vt 0.00000 1.00000
vt 0.00000 1.00000
vt 0.00000 1.00000
vt 0.00000 1.00000
vt 0.00000 1.00000
vt 0.00000 1.00000
vt 0.00000 1.00000
vt 0.00000 1.00000
vt 0.00000 1.00000
vt 0.00000 1.00000
vt 0.00000 1.00000
vt 0.00000 1.00000
vt 0.00000 1.00000
vt 0.00000 1.00000
vt 0.00000 1.00000
vt 0.00000 1.00000
vt 0.00000 1.00000
vt 0.00000 1.00000
vt 0.00000 1.00000
vt 0.00000 1.00000
vt 0.00000 1.00000
vt 0.00000 1.00000
vt 0.00000 1.00000
vt 0.00000 1.00000
vt 0.00000 1.00000
vt 0.00000 1.00000
vt 0.00000 1.00000
vt 0.00000 1.00000
vt 0.00000 1.00000
vt 0.00000 1.00000
vt 0.00000 1.00000
vt 0.00000 1.00000
vt 0.00000 1.00000
vt 0.00000 1.00000
vt 0.00000 1.00000
vt 0.00000 1.00000
vt 0.00000 1.00000
vt 0.00000 1.00000
vt 0.00000 1.00000
vt 0.00000 1.00000
vt 0.00000 1.00000
vt 0.00000 1.00000
vt 0.00000 1.00000
vt 0.00000 1.00000
vt 0.00000 1.00000
vt 0.00000 1.00000
vt 0.00000 1.00000
vt 0.00000 1.00000
vt 0.00000 1.00000
vt 0.00000 1.00000
vt 0.00000 1.00000
vt 0.00000 1.00000
vt 0.00000 1.00000
vt 0.00000 1.00000
vt 0.00000 1.00000
vt 0.00000 1.00000
vt 0.00000 1.00000
vt 0.00000 1.00000
vt 0.00000 1.00000
vt 0.00000 1.00000
vt 0.00000 1.00000
vt 0.00000 1.00000
vt 0.00000 1.00000
vt 0.00000 1.00000
vt 0.00000 1.00000
vt 0.00000 1.00000
vt 0.00000 1.00000
vt 0.00000 1.00000
vt 0.00000 1.00000
vt 0.00000 1.00000
vt 0.00000 1.00000
vt 0.00000 1.00000
vt 0.00000 1.00000
vt 0.00000 1.00000
vt 0.00000 1.00000
vt 0.00000 1.00000
vt 0.00000 1.00000
vt 0.00000 1.00000
vt 0.00000 1.00000
vt 0.00000 1.00000
vt 0.00000 1.00000
vt 0.00000 1.00000
vt 0.00000 1.00000
vt 0.00000 1.00000
vt 0.00000 1.00000
vt 0.00000 1.00000
vt 0.00000 1.00000
vt 0.00000 1.00000
vt 0.00000 1.00000
vt 0.00000 1.00000
vt 0.00000 1.00000
vt 0.00000 1.00000
vt 0.00000 1.00000
vt 0.00000 1.00000
vt 0.00000 1.00000
vt 0.00000 1.00000
vt 0.00000 1.00000
vt 0.00000 1.00000
vt 0.00000 1.00000
vt 0.00000 1.00000
vt 0.00000 1.00000
vt 0.00000 1.00000
vt 0.00000 1.00000
vt 0.00000 1.00000
vt 0.00000 1.00000
vt 0.00000 1.00000
vt 0.00000 1.00000
vt 0.00000 1.00000
vt 0.00000 1.00000
vt 0.00000 1.00000
vt 0.00000 1.00000
vt 0.00000 1.00000
vt 0.00000 1.00000
vt 0.00000 1.00000
vt 0.00000 1.00000
vt 0.00000 1.00000
vt 0.00000 1.00000
vt 0.00000 1.00000
vt 0.00000 1.00000
vt 0.00000 1.00000
vt 0.00000 1.00000
vt 0.00000 1.00000
vt 0.00000 1.00000
vt 0.00000 1.00000
vt 0.00000 1.00000
vt 0.00000 1.00000
vt 0.00000 1.00000
vt 0.00000 1.00000
vt 0.00000 1.00000
vt 0.00000 1.00000
vt 0.00000 1.00000
vt 0.00000 1.00000
vt 0.00000 1.00000
vt 0.00000 1.00000
vt 0.00000 1.00000
vt 0.00000 1.00000
vt 0.00000 1.00000
vt 0.00000 1.00000
vt 0.00000 1.00000
vt 0.00000 1.00000
vt 0.00000 1.00000
vt 0.00000 1.00000
vt 0.00000 1.00000
vt 0.00000 1.00000
vt 0.00000 1.00000
vt 0.00000 1.00000
vt 0.00000 1.00000
vt 0.00000 1.00000
vt 0.00000 1.00000
vt 0.00000 1.00000
vt 0.00000 1.00000
vt 0.00000 1.00000
vt 0.00000 1.00000
vt 0.00000 1.00000
vt 0.00000 1.00000
vt 0.00000 1.00000
vt 0.00000 1.00000
vt 0.00000 1.00000
vt 0.00000 1.00000
vt 0.00000 1.00000
vt 0.00000 1.00000
vt 0.00000 1.00000
vt 0.00000 1.00000
vt 0.00000 1.00000
vt 0.00000 1.00000
vt 0.00000 1.00000
vt 0.00000 1.00000
vt 0.00000 1.00000
vt 0.00000 1.00000
vt 0.00000 1.00000
vt 0.00000 1.00000
vt 0.00000 1.00000
vt 0.00000 1.00000
vt 0.00000 1.00000
vt 0.00000 1.00000
vt 0.00000 1.00000
vt 0.00000 1.00000
vt 0.00000 1.00000
vt 0.00000 1.00000
vt 0.00000 1.00000
vt 0.00000 1.00000
vt 0.00000 1.00000
vt 0.00000 1.00000
vt 0.00000 1.00000
vt 0.00000 1.00000
vt 0.00000 1.00000
vt 0.00000 1.00000
vt 0.00000 1.00000
vt 0.00000 1.00000
vt 0.00000 1.00000
vt 0.00000 1.00000
vt 0.00000 1.00000
vt 0.00000 1.00000
vt 0.00000 1.00000
vt 0.00000 1.00000
vt 0.00000 1.00000
vt 0.00000 1.00000
vt 0.00000 1.00000
vt 0.00000 1.00000
vt 0.00000 1.00000
vt 0.00000 1.00000
vt 0.00000 1.00000
vt 0.00000 1.00000
vt 0.00000 1.00000
vt 0.00000 1.00000
vt 0.00000 1.00000
vt 0.00000 1.00000
vt 0.00000 1.00000
vt 0.00000 1.00000
vt 0.00000 1.00000
vt 0.00000 1.00000
vt 0.00000 1.00000
vt 0.00000 1.00000
vt 0.00000 1.00000
vt 0.00000 1.00000
vt 0.00000 1.00000
vt 0.00000 1.00000
vt 0.00000 1.00000
vt 0.00000 1.00000
vt 0.00000 1.00000
vt 0.00000 1.00000
vt 0.00000 1.00000
vt 0.00000 1.00000
vt 0.00000 1.00000
vt 0.00000 1.00000
vt 0.00000 1.00000
vt 0.00000 1.00000
vt 0.00000 1.00000
vt 0.00000 1.00000
vt 0.00000 1.00000
vt 0.00000 1.00000
vt 0.00000 1.00000
vt 0.00000 1.00000
vt 0.00000 1.00000
vt 0.00000 1.00000
vt 0.00000 1.00000
vt 0.00000 1.00000
vt 0.00000 1.00000
vt 0.00000 1.00000
vt 0.00000 1.00000
vt 0.00000 1.00000
vt 0.00000 1.00000
vt 0.00000 1.00000
vt 0.00000 1.00000
vt 0.00000 1.00000
vt 0.00000 1.00000
vt 0.00000 1.00000
vt 0.00000 1.00000
vt 0.00000 1.00000
vt 0.00000 1.00000
vt 0.00000 1.00000
vt 0.00000 1.00000
vt 0.00000 1.00000
vt 0.00000 1.00000
vt 0.00000 1.00000
vt 0.00000 1.00000
vt 0.00000 1.00000
vt 0.00000 1.00000
vt 0.00000 1.00000
vt 0.00000 1.00000
vt 0.00000 1.00000
vt 0.00000 1.00000
vt 0.00000 1.00000
vt 0.00000 1.00000
vt 0.00000 1.00000
vt 0.00000 1.00000
vt 0.00000 1.00000
vt 0.00000 1.00000
vt 0.00000 1.00000
vt 0.00000 1.00000
vt 0.00000 1.00000
vt 0.00000 1.00000
vt 0.00000 1.00000
vt 0.00000 1.00000
vt 0.00000 1.00000
vt 0.00000 1.00000
vt 0.00000 1.00000
vt 0.00000 1.00000
vt 0.00000 1.00000
vt 0.00000 1.00000
vt 0.00000 1.00000
vt 0.00000 1.00000
vt 0.00000 1.00000
vt 0.00000 1.00000
vt 0.00000 1.00000
vt 0.00000 1.00000
vt 0.00000 1.00000
vt 0.00000 1.00000
vt 0.00000 1.00000
vt 0.00000 1.00000
vt 0.00000 1.00000
vt 0.00000 1.00000
vt 0.00000 1.00000
vt 0.00000 1.00000
vt 0.00000 1.00000
vt 0.00000 1.00000
vt 0.00000 1.00000
vt 0.00000 1.00000
vt 0.00000 1.00000
vt 0.00000 1.00000
vt 0.00000 1.00000
vt 0.00000 1.00000
vt 0.00000 1.00000
vt 0.00000 1.00000
vt 0.00000 1.00000
vt 0.00000 1.00000
vt 0.00000 1.00000
vt 0.00000 1.00000
vt 0.00000 1.00000
vt 0.00000 1.00000
vt 0.00000 1.00000
vt 0.00000 1.00000
vt 0.00000 1.00000
vt 0.00000 1.00000
vt 0.00000 1.00000
vt 0.00000 1.00000
vt 0.00000 1.00000
vt 0.00000 1.00000
vt 0.00000 1.00000
vt 0.00000 1.00000
vt 0.00000 1.00000
vt 0.00000 1.00000
vt 0.00000 1.00000
vt 0.00000 1.00000
vt 0.00000 1.00000
vt 0.00000 1.00000
vt 0.00000 1.00000
vt 0.00000 1.00000
vt 0.00000 1.00000
vt 0.00000 1.00000
vt 0.00000 1.00000
vt 0.00000 1.00000
vt 0.00000 1.00000
vt 0.00000 1.00000
vt 0.00000 1.00000
vt 0.00000 1.00000
vt 0.00000 1.00000
vt 0.00000 1.00000
vt 0.00000 1.00000
vt 0.00000 1.00000
vt 0.00000 1.00000
vt 0.00000 1.00000
vt 0.00000 1.00000
vt 0.00000 1.00000
vt 0.00000 1.00000
vt 0.00000 1.00000
vt 0.00000 1.00000
vt 0.00000 1.00000
vt 0.00000 1.00000
vt 0.00000 1.00000
vt 0.00000 1.00000
vt 0.00000 1.00000
vt 0.00000 1.00000
vt 0.00000 1.00000
vt 0.00000 1.00000
vt 0.00000 1.00000
vt 0.00000 1.00000
vt 0.00000 1.00000
vt 0.00000 1.00000
vt 0.00000 1.00000
vt 0.00000 1.00000
vt 0.00000 1.00000
vt 0.00000 1.00000
vt 0.00000 1.00000
vt 0.00000 1.00000
vt 0.00000 1.00000
vt 0.00000 1.00000
vt 0.00000 1.00000
vt 0.00000 1.00000
vt 0.00000 1.00000
vt 0.00000 1.00000
vt 0.00000 1.00000
vt 0.00000 1.00000
vt 0.00000 1.00000
vt 0.00000 1.00000
vt 0.00000 1.00000
vt 0.00000 1.00000
vt 0.00000 1.00000
vt 0.00000 1.00000
vt 0.00000 1.00000
vt 0.00000 1.00000
vt 0.00000 1.00000
vt 0.00000 1.00000
vt 0.00000 1.00000
vt 0.00000 1.00000
vt 0.00000 1.00000
vt 0.00000 1.00000
vt 0.00000 1.00000
vt 0.00000 1.00000
vt 0.00000 1.00000
vt 0.00000 1.00000
vt 0.00000 1.00000
vt 0.00000 1.00000
vt 0.00000 1.00000
vt 0.00000 1.00000
vt 0.00000 1.00000
vt 0.00000 1.00000
vt 0.00000 1.00000
vt 0.00000 1.00000
vt 0.00000 1.00000
vt 0.00000 1.00000
vt 0.00000 1.00000
vt 0.00000 1.00000
vt 0.00000 1.00000
vt 0.00000 1.00000
vt 0.00000 1.00000
vt 0.00000 1.00000
vt 0.00000 1.00000
vt 0.00000 1.00000
vt 0.00000 1.00000
vt 0.00000 1.00000
vt 0.00000 1.00000
vt 0.00000 1.00000
vt 0.00000 1.00000
vt 0.00000 1.00000
vt 0.00000 1.00000
vt 0.00000 1.00000
vt 0.00000 1.00000
vt 0.00000 1.00000
vt 0.00000 1.00000
vt 0.00000 1.00000
vt 0.00000 1.00000
vt 0.00000 1.00000
vt 0.00000 1.00000
vt 0.00000 1.00000
vt 0.00000 1.00000
vt 0.00000 1.00000
vt 0.00000 1.00000
vt 0.00000 1.00000
vt 0.00000 1.00000
vt 0.00000 1.00000
vt 0.00000 1.00000
vt 0.00000 1.00000
vt 0.00000 1.00000
vt 0.00000 1.00000
vt 0.00000 1.00000
vt 0.00000 1.00000
vt 0.00000 1.00000
vt 0.00000 1.00000
vt 0.00000 1.00000
vt 0.00000 1.00000
vt 0.00000 1.00000
vt 0.00000 1.00000
vt 0.00000 1.00000
vt 0.00000 1.00000
vt 0.00000 1.00000
vt 0.00000 1.00000
vt 0.00000 1.00000
vt 0.00000 1.00000
vt 0.00000 1.00000
vt 0.00000 1.00000
vt 0.00000 1.00000
vt 0.00000 1.00000
vt 0.00000 1.00000
vt 0.00000 1.00000
vt 0.00000 1.00000
vt 0.00000 1.00000
vt 0.00000 1.00000
vt 0.00000 1.00000
vt 0.00000 1.00000
vt 0.00000 1.00000
vt 0.00000 1.00000
vt 0.00000 1.00000
vt 0.00000 1.00000
vt 0.00000 1.00000
vt 0.00000 1.00000
vt 0.00000 1.00000
vt 0.00000 1.00000
vt 0.00000 1.00000
vt 0.00000 1.00000
vt 0.00000 1.00000
vt 0.00000 1.00000
vt 0.00000 1.00000
vt 0.00000 1.00000
vt 0.00000 1.00000
vt 0.00000 1.00000
vt 0.00000 1.00000
vt 0.00000 1.00000
vt 0.00000 1.00000
vt 0.00000 1.00000
vt 0.00000 1.00000
vt 0.00000 1.00000
vt 0.00000 1.00000
vt 0.00000 1.00000
vt 0.00000 1.00000
vt 0.00000 1.00000
vt 0.00000 1.00000
vt 0.00000 1.00000
vt 0.00000 1.00000
vt 0.00000 1.00000
vt 0.00000 1.00000
vt 0.00000 1.00000
vt 0.00000 1.00000
vt 0.00000 1.00000
vt 0.00000 1.00000
vt 0.00000 1.00000
vt 0.00000 1.00000
vt 0.00000 1.00000
vt 0.00000 1.00000
vt 0.00000 1.00000
vt 0.00000 1.00000
vt 0.00000 1.00000
vt 0.00000 1.00000
vt 0.00000 1.00000
vt 0.00000 1.00000
vt 0.00000 1.00000
vt 0.00000 1.00000
vt 0.00000 1.00000
vt 0.00000 1.00000
vt 0.00000 1.00000
vt 0.00000 1.00000
vt 0.00000 1.00000
vt 0.00000 1.00000
vt 0.00000 1.00000
vt 0.00000 1.00000
vt 0.00000 1.00000
vt 0.00000 1.00000
vt 0.00000 1.00000
vt 0.00000 1.00000
vt 0.00000 1.00000
vt 0.00000 1.00000
vt 0.00000 1.00000
vt 0.00000 1.00000
vt 0.00000 1.00000
vt 0.00000 1.00000
vt 0.00000 1.00000
vt 0.00000 1.00000
vt 0.00000 1.00000
vt 0.00000 1.00000
vt 0.00000 1.00000
vt 0.00000 1.00000
vt 0.00000 1.00000
vt 0.00000 1.00000
vt 0.00000 1.00000
vt 0.00000 1.00000
vt 0.00000 1.00000
vt 0.00000 1.00000
vt 0.00000 1.00000
vt 0.00000 1.00000
vt 0.00000 1.00000
vt 0.00000 1.00000
vt 0.00000 1.00000
vt 0.00000 1.00000
vt 0.00000 1.00000
vt 0.00000 1.00000
vt 0.00000 1.00000
vt 0.00000 1.00000
vt 0.00000 1.00000
vt 0.00000 1.00000
vt 0.00000 1.00000
vt 0.00000 1.00000
vt 0.00000 1.00000
vt 0.00000 1.00000
vt 0.00000 1.00000
vt 0.00000 1.00000
vt 0.00000 1.00000
vt 0.00000 1.00000
vt 0.00000 1.00000
vt 0.00000 1.00000
vt 0.00000 1.00000
vt 0.00000 1.00000
vt 0.00000 1.00000
vt 0.00000 1.00000
vt 0.00000 1.00000
vt 0.00000 1.00000
vt 0.00000 1.00000
vt 0.00000 1.00000
vt 0.00000 1.00000
vt 0.00000 1.00000
vt 0.00000 1.00000
vt 0.00000 1.00000
vt 0.00000 1.00000
vt 0.00000 1.00000
vt 0.00000 1.00000
vt 0.00000 1.00000
vt 0.00000 1.00000
vt 0.00000 1.00000
vt 0.00000 1.00000
vt 0.00000 1.00000
vt 0.00000 1.00000
vt 0.00000 1.00000
vt 0.00000 1.00000
vt 0.00000 1.00000
vt 0.00000 1.00000
vt 0.00000 1.00000
vt 0.00000 1.00000
vt 0.00000 1.00000
vt 0.00000 1.00000
vt 0.00000 1.00000
vt 0.00000 1.00000
vt 0.00000 1.00000
vt 0.00000 1.00000
vt 0.00000 1.00000
vt 0.00000 1.00000
vt 0.00000 1.00000
vt 0.00000 1.00000
vt 0.00000 1.00000
vt 0.00000 1.00000
vt 0.00000 1.00000
vt 0.00000 1.00000
vt 0.00000 1.00000
vt 0.00000 1.00000
vt 0.00000 1.00000
vt 0.00000 1.00000
vt 0.00000 1.00000
vt 0.00000 1.00000
vt 0.00000 1.00000
vt 0.00000 1.00000
vt 0.00000 1.00000
vt 0.00000 1.00000
vt 0.00000 1.00000
vt 0.00000 1.00000
vt 0.00000 1.00000
vt 0.00000 1.00000
vt 0.00000 1.00000
vt 0.00000 1.00000
vt 0.00000 1.00000
vt 0.00000 1.00000
vt 0.00000 1.00000
vt 0.00000 1.00000
vt 0.00000 1.00000
vt 0.00000 1.00000
vt 0.00000 1.00000
vt 0.00000 1.00000
vt 0.00000 1.00000
vt 0.00000 1.00000
vt 0.00000 1.00000
vt 0.00000 1.00000
vt 0.00000 1.00000
vt 0.00000 1.00000
vt 0.00000 1.00000
vt 0.00000 1.00000
vt 0.00000 1.00000
vt 0.00000 1.00000
vt 0.00000 1.00000
vt 0.00000 1.00000
vt 0.00000 1.00000
vt 0.00000 1.00000
vt 0.00000 1.00000
vt 0.00000 1.00000
vt 0.00000 1.00000
vt 0.00000 1.00000
vt 0.00000 1.00000
vt 0.00000 1.00000
vt 0.00000 1.00000
vt 0.00000 1.00000
vt 0.00000 1.00000
vt 0.00000 1.00000
vt 0.00000 1.00000
vt 0.00000 1.00000
vt 0.00000 1.00000
vt 0.00000 1.00000
vt 0.00000 1.00000
vt 0.00000 1.00000
vt 0.00000 1.00000
vt 0.00000 1.00000
vt 0.00000 1.00000
vt 0.00000 1.00000
vt 0.00000 1.00000
vt 0.00000 1.00000
vt 0.00000 1.00000
vt 0.00000 1.00000
vt 0.00000 1.00000
vt 0.00000 1.00000
vt 0.00000 1.00000
vt 0.00000 1.00000
vt 0.00000 1.00000
vt 0.00000 1.00000
vt 0.00000 1.00000
vt 0.00000 1.00000
vt 0.00000 1.00000
vt 0.00000 1.00000
vt 0.00000 1.00000
vt 0.00000 1.00000
vt 0.00000 1.00000
vt 0.00000 1.00000
vt 0.00000 1.00000
vt 0.00000 1.00000
vt 0.00000 1.00000
vt 0.00000 1.00000
vt 0.00000 1.00000
vt 0.00000 1.00000
vt 0.00000 1.00000
vt 0.00000 1.00000
vt 0.00000 1.00000
vt 0.00000 1.00000
vt 0.00000 1.00000
vt 0.00000 1.00000
vt 0.00000 1.00000
vt 0.00000 1.00000
vt 0.00000 1.00000
vt 0.00000 1.00000
vt 0.00000 1.00000
vt 0.00000 1.00000
vt 0.00000 1.00000
vt 0.00000 1.00000
vt 0.00000 1.00000
vt 0.00000 1.00000
vt 0.00000 1.00000
vt 0.00000 1.00000
vt 0.00000 1.00000
vt 0.00000 1.00000
vt 0.00000 1.00000
vt 0.00000 1.00000
vt 0.00000 1.00000
vt 0.00000 1.00000
vt 0.00000 1.00000
vt 0.00000 1.00000
vt 0.00000 1.00000
vt 0.00000 1.00000
vt 0.00000 1.00000
vt 0.00000 1.00000
vt 0.00000 1.00000
vt 0.00000 1.00000
vt 0.00000 1.00000
vt 0.00000 1.00000
vt 0.00000 1.00000
vt 0.00000 1.00000
vt 0.00000 1.00000
vt 0.00000 1.00000
vt 0.00000 1.00000
vt 0.00000 1.00000
vt 0.00000 1.00000
vt 0.00000 1.00000
vt 0.00000 1.00000
vt 0.00000 1.00000
vt 0.00000 1.00000
vt 0.00000 1.00000
vt 0.00000 1.00000
vt 0.00000 1.00000
vt 0.00000 1.00000
vt 0.00000 1.00000
vt 0.00000 1.00000
vt 0.00000 1.00000
vt 0.00000 1.00000
vt 0.00000 1.00000
vt 0.00000 1.00000
vt 0.00000 1.00000
vt 0.00000 1.00000
vt 0.00000 1.00000
vt 0.00000 1.00000
vt 0.00000 1.00000
vt 0.00000 1.00000
vt 0.00000 1.00000
vt 0.00000 1.00000
vt 0.00000 1.00000
vt 0.00000 1.00000
vt 0.00000 1.00000
vt 0.00000 1.00000
vt 0.00000 1.00000
vt 0.00000 1.00000
vt 0.00000 1.00000
vt 0.00000 1.00000
vt 0.00000 1.00000
vt 0.00000 1.00000
vt 0.00000 1.00000
vt 0.00000 1.00000
vt 0.00000 1.00000
vt 0.00000 1.00000
vt 0.00000 1.00000
vt 0.00000 1.00000
vt 0.00000 1.00000
vt 0.00000 1.00000
vt 0.00000 1.00000
vt 0.00000 1.00000
vt 0.00000 1.00000
vt 0.00000 1.00000
vt 0.00000 1.00000
vt 0.00000 1.00000
vt 0.00000 1.00000
vt 0.00000 1.00000
vt 0.00000 1.00000
vt 0.00000 1.00000
vt 0.00000 1.00000
vt 0.00000 1.00000
vt 0.00000 1.00000
vt 0.00000 1.00000
vt 0.00000 1.00000
vt 0.00000 1.00000
vt 0.00000 1.00000
vt 0.00000 1.00000
vt 0.00000 1.00000
vt 0.00000 1.00000
vt 0.00000 1.00000
vt 0.00000 1.00000
vt 0.00000 1.00000
vt 0.00000 1.00000
vt 0.00000 1.00000
vt 0.00000 1.00000
vt 0.00000 1.00000
vt 0.00000 1.00000
vt 0.00000 1.00000
vt 0.00000 1.00000
vt 0.00000 1.00000
vt 0.00000 1.00000
vt 0.00000 1.00000
vt 0.00000 1.00000
vt 0.00000 1.00000
vt 0.00000 1.00000
vt 0.00000 1.00000
vt 0.00000 1.00000
vt 0.00000 1.00000
vt 0.00000 1.00000
vt 0.00000 1.00000
vt 0.00000 1.00000
vt 0.00000 1.00000
vt 0.00000 1.00000
vt 0.00000 1.00000
vt 0.00000 1.00000
vt 0.00000 1.00000
vt 0.00000 1.00000
vt 0.00000 1.00000
vt 0.00000 1.00000
vt 0.00000 1.00000
vt 0.00000 1.00000
vt 0.00000 1.00000
vt 0.00000 1.00000
vt 0.00000 1.00000
vt 0.00000 1.00000
vt 0.00000 1.00000
vt 0.00000 1.00000
vt 0.00000 1.00000
vt 0.00000 1.00000
vt 0.00000 1.00000
vt 0.00000 1.00000
vt 0.00000 1.00000
vt 0.00000 1.00000
vt 0.00000 1.00000
vt 0.00000 1.00000
vt 0.00000 1.00000
vt 0.00000 1.00000
vt 0.00000 1.00000
vt 0.00000 1.00000
vt 0.00000 1.00000
vt 0.00000 1.00000
vt 0.00000 1.00000
vt 0.00000 1.00000
vt 0.00000 1.00000
vt 0.00000 1.00000
vt 0.00000 1.00000
vt 0.00000 1.00000
vt 0.00000 1.00000
vt 0.00000 1.00000
vt 0.00000 1.00000
vt 0.00000 1.00000
vt 0.00000 1.00000
vt 0.00000 1.00000
vt 0.00000 1.00000
vt 0.00000 1.00000
vt 0.00000 1.00000
vt 0.00000 1.00000
vt 0.00000 1.00000
vt 0.00000 1.00000
vt 0.00000 1.00000
vt 0.00000 1.00000
vt 0.00000 1.00000
vt 0.00000 1.00000
vt 0.00000 1.00000
vt 0.00000 1.00000
vt 0.00000 1.00000
vt 0.00000 1.00000
vt 0.00000 1.00000
vt 0.00000 1.00000
vt 0.00000 1.00000
vt 0.00000 1.00000
vt 0.00000 1.00000
vt 0.00000 1.00000
vt 0.00000 1.00000
vt 0.00000 1.00000
vt 0.00000 1.00000
vt 0.00000 1.00000
vt 0.00000 1.00000
vt 0.00000 1.00000
vt 0.00000 1.00000
vt 0.00000 1.00000
vt 0.00000 1.00000
vt 0.00000 1.00000
vt 0.00000 1.00000
vt 0.00000 1.00000
vt 0.00000 1.00000
vt 0.00000 1.00000
vt 0.00000 1.00000
vt 0.00000 1.00000
vt 0.00000 1.00000
vt 0.00000 1.00000
vt 0.00000 1.00000
vt 0.00000 1.00000
vt 0.00000 1.00000
vt 0.00000 1.00000
vt 0.00000 1.00000
vt 0.00000 1.00000
vt 0.00000 1.00000
vt 0.00000 1.00000
vt 0.00000 1.00000
vt 0.00000 1.00000
vt 0.00000 1.00000
vt 0.00000 1.00000
vt 0.00000 1.00000
vt 0.00000 1.00000
vt 0.00000 1.00000
vt 0.00000 1.00000
vt 0.00000 1.00000
vt 0.00000 1.00000
vt 0.00000 1.00000
vt 0.00000 1.00000
vt 0.00000 1.00000
vt 0.00000 1.00000
vt 0.00000 1.00000
vt 0.00000 1.00000
vt 0.00000 1.00000
vt 0.00000 1.00000
vt 0.00000 1.00000
vt 0.00000 1.00000
vt 0.00000 1.00000
vt 0.00000 1.00000
vt 0.00000 1.00000
vt 0.00000 1.00000
vt 0.00000 1.00000
vt 0.00000 1.00000
vt 0.00000 1.00000
vt 0.00000 1.00000
vt 0.00000 1.00000
vt 0.00000 1.00000
vt 0.00000 1.00000
vt 0.00000 1.00000
vt 0.00000 1.00000
vt 0.00000 1.00000
vt 0.00000 1.00000
vt 0.00000 1.00000
vt 0.00000 1.00000
vt 0.00000 1.00000
vt 0.00000 1.00000
vt 0.00000 1.00000
vt 0.00000 1.00000
vt 0.00000 1.00000
vt 0.00000 1.00000
vt 0.00000 1.00000
vt 0.00000 1.00000
vt 0.00000 1.00000
vt 0.00000 1.00000
vt 0.00000 1.00000
vt 0.00000 1.00000
vt 0.00000 1.00000
vt 0.00000 1.00000
vt 0.00000 1.00000
vt 0.00000 1.00000
vt 0.00000 1.00000
vt 0.00000 1.00000
vt 0.00000 1.00000
vt 0.00000 1.00000
vt 0.00000 1.00000
vt 0.00000 1.00000
vt 0.00000 1.00000
vt 0.00000 1.00000
vt 0.00000 1.00000
vt 0.00000 1.00000
vt 0.00000 1.00000
vt 0.00000 1.00000
vt 0.00000 1.00000
vt 0.00000 1.00000
vt 0.00000 1.00000
vt 0.00000 1.00000
vt 0.00000 1.00000
vt 0.00000 1.00000
vt 0.00000 1.00000
vt 0.00000 1.00000
vt 0.00000 1.00000
vt 0.00000 1.00000
vt 0.00000 1.00000
vt 0.00000 1.00000
vt 0.00000 1.00000
vt 0.00000 1.00000
vt 0.00000 1.00000
vt 0.00000 1.00000
vt 0.00000 1.00000
vt 0.00000 1.00000
vt 0.00000 1.00000
vt 0.00000 1.00000
vt 0.00000 1.00000
vt 0.00000 1.00000
vt 0.00000 1.00000
vt 0.00000 1.00000
vt 0.00000 1.00000
vt 0.00000 1.00000
vt 0.00000 1.00000
vt 0.00000 1.00000
vt 0.00000 1.00000
vt 0.00000 1.00000
vt 0.00000 1.00000
vt 0.00000 1.00000
vt 0.00000 1.00000
vt 0.00000 1.00000
vt 0.00000 1.00000
vt 0.00000 1.00000
vt 0.00000 1.00000
vt 0.00000 1.00000
vt 0.00000 1.00000
vt 0.00000 1.00000
vt 0.00000 1.00000
vt 0.00000 1.00000
vt 0.00000 1.00000
vt 0.00000 1.00000
vt 0.00000 1.00000
vt 0.00000 1.00000
vt 0.00000 1.00000
vt 0.00000 1.00000
vt 0.00000 1.00000
vt 0.00000 1.00000
vt 0.00000 1.00000
vt 0.00000 1.00000
vt 0.00000 1.00000
vt 0.00000 1.00000
vt 0.00000 1.00000
vt 0.00000 1.00000
vt 0.00000 1.00000
vt 0.00000 1.00000
vt 0.00000 1.00000
vt 0.00000 1.00000
vt 0.00000 1.00000
vt 0.00000 1.00000
vt 0.00000 1.00000
vt 0.00000 1.00000
vt 0.00000 1.00000
vt 0.00000 1.00000
vt 0.00000 1.00000
vt 0.00000 1.00000
vt 0.00000 1.00000
vt 0.00000 1.00000
vt 0.00000 1.00000
vt 0.00000 1.00000
vt 0.00000 1.00000
vt 0.00000 1.00000
vt 0.00000 1.00000
vt 0.00000 1.00000
vt 0.00000 1.00000
vt 0.00000 1.00000
vt 0.00000 1.00000
vt 0.00000 1.00000
vt 0.00000 1.00000
vt 0.00000 1.00000
vt 0.00000 1.00000
vt 0.00000 1.00000
vt 0.00000 1.00000
vt 0.00000 1.00000
vt 0.00000 1.00000
vt 0.00000 1.00000
vt 0.00000 1.00000
vt 0.00000 1.00000
vt 0.00000 1.00000
vt 0.00000 1.00000
vt 0.00000 1.00000
vt 0.00000 1.00000
vt 0.00000 1.00000
vt 0.00000 1.00000
vt 0.00000 1.00000
vt 0.00000 1.00000
vt 0.00000 1.00000
vt 0.00000 1.00000
vt 0.00000 1.00000
vt 0.00000 1.00000
vt 0.00000 1.00000
vt 0.00000 1.00000
vt 0.00000 1.00000
vt 0.00000 1.00000
vt 0.00000 1.00000
vt 0.00000 1.00000
vt 0.00000 1.00000
vt 0.00000 1.00000
vt 0.00000 1.00000
vt 0.00000 1.00000
vt 0.00000 1.00000
vt 0.00000 1.00000
vt 0.00000 1.00000
vt 0.00000 1.00000
vt 0.00000 1.00000
vt 0.00000 1.00000
vt 0.00000 1.00000
vt 0.00000 1.00000
vt 0.00000 1.00000
vt 0.00000 1.00000
vt 0.00000 1.00000
vt 0.00000 1.00000
vt 0.00000 1.00000
vt 0.00000 1.00000
vt 0.00000 1.00000
vt 0.00000 1.00000
vt 0.00000 1.00000
vt 0.00000 1.00000
vt 0.00000 1.00000
vt 0.00000 1.00000
vt 0.00000 1.00000
vt 0.00000 1.00000
vt 0.00000 1.00000
vt 0.00000 1.00000
vt 0.00000 1.00000
vt 0.00000 1.00000
vt 0.00000 1.00000
vt 0.00000 1.00000
vt 0.00000 1.00000
vt 0.00000 1.00000
vt 0.00000 1.00000
vt 0.00000 1.00000
vt 0.00000 1.00000
vt 0.00000 1.00000
vt 0.00000 1.00000
vt 0.00000 1.00000
vt 0.00000 1.00000
vt 0.00000 1.00000
vt 0.00000 1.00000
vt 0.00000 1.00000
vt 0.00000 1.00000
vt 0.00000 1.00000
vt 0.00000 1.00000
vt 0.00000 1.00000
vt 0.00000 1.00000
vt 0.00000 1.00000
vt 0.00000 1.00000
vt 0.00000 1.00000
vt 0.00000 1.00000
vt 0.00000 1.00000
vt 0.00000 1.00000
vt 0.00000 1.00000
vt 0.00000 1.00000
vt 0.00000 1.00000
vt 0.00000 1.00000
vt 0.00000 1.00000
vt 0.00000 1.00000
vt 0.00000 1.00000
vt 0.00000 1.00000
vt 0.00000 1.00000
vt 0.00000 1.00000
vt 0.00000 1.00000
vt 0.00000 1.00000
vt 0.00000 1.00000
vt 0.00000 1.00000
vt 0.00000 1.00000
vt 0.00000 1.00000
vt 0.00000 1.00000
vt 0.00000 1.00000
vt 0.00000 1.00000
vt 0.00000 1.00000
vt 0.00000 1.00000
vt 0.00000 1.00000
vt 0.00000 1.00000
vt 0.00000 1.00000
vt 0.00000 1.00000
vt 0.00000 1.00000
vt 0.00000 1.00000
vt 0.00000 1.00000
vt 0.00000 1.00000
vt 0.00000 1.00000
vt 0.00000 1.00000
vt 0.00000 1.00000
vt 0.00000 1.00000
vt 0.00000 1.00000
vt 0.00000 1.00000
vt 0.00000 1.00000
vt 0.00000 1.00000
vt 0.00000 1.00000
vt 0.00000 1.00000
vt 0.00000 1.00000
vt 0.00000 1.00000
vt 0.00000 1.00000
vt 0.00000 1.00000
vt 0.00000 1.00000
vt 0.00000 1.00000
vt 0.00000 1.00000
vt 0.00000 1.00000
vt 0.00000 1.00000
vt 0.00000 1.00000
vt 0.00000 1.00000
vt 0.00000 1.00000
vt 0.00000 1.00000
vt 0.00000 1.00000
vt 0.00000 1.00000
vt 0.00000 1.00000
vt 0.00000 1.00000
vt 0.00000 1.00000
vt 0.00000 1.00000
vt 0.00000 1.00000
vt 0.00000 1.00000
vt 0.00000 1.00000
vt 0.00000 1.00000
vt 0.00000 1.00000
vt 0.00000 1.00000
vt 0.00000 1.00000
vt 0.00000 1.00000
vt 0.00000 1.00000
vt 0.00000 1.00000
vt 0.00000 1.00000
vt 0.00000 1.00000
vt 0.00000 1.00000
vt 0.00000 1.00000
vt 0.00000 1.00000
vt 0.00000 1.00000
vt 0.00000 1.00000
vt 0.00000 1.00000
vt 0.00000 1.00000
vt 0.00000 1.00000
vt 0.00000 1.00000
vt 0.00000 1.00000
vt 0.00000 1.00000
vt 0.00000 1.00000
vt 0.00000 1.00000
vt 0.00000 1.00000
vt 0.00000 1.00000
vt 0.00000 1.00000
vt 0.00000 1.00000
vt 0.00000 1.00000
vt 0.00000 1.00000
vt 0.00000 1.00000
vt 0.00000 1.00000
vt 0.00000 1.00000
vt 0.00000 1.00000
vt 0.00000 1.00000
vt 0.00000 1.00000
vt 0.00000 1.00000
vt 0.00000 1.00000
vt 0.00000 1.00000
vt 0.00000 1.00000
vt 0.00000 1.00000
vt 0.00000 1.00000
vt 0.00000 1.00000
vt 0.00000 1.00000
vt 0.00000 1.00000
vt 0.00000 1.00000
vt 0.00000 1.00000
vt 0.00000 1.00000
vt 0.00000 1.00000
vt 0.00000 1.00000
vt 0.00000 1.00000
vt 0.00000 1.00000
vt 0.00000 1.00000
vt 0.00000 1.00000
vt 0.00000 1.00000
vt 0.00000 1.00000
vt 0.00000 1.00000
vt 0.00000 1.00000
vt 0.00000 1.00000
vt 0.00000 1.00000
vt 0.00000 1.00000
vt 0.00000 1.00000
vt 0.00000 1.00000
vt 0.00000 1.00000
vt 0.00000 1.00000
vt 0.00000 1.00000
vt 0.00000 1.00000
vt 0.00000 1.00000
vt 0.00000 1.00000
vt 0.00000 1.00000
vt 0.00000 1.00000
vt 0.00000 1.00000
vt 0.00000 1.00000
vt 0.00000 1.00000
vt 0.00000 1.00000
vt 0.00000 1.00000
vt 0.00000 1.00000
vt 0.00000 1.00000
vt 0.00000 1.00000
vt 0.00000 1.00000
vt 0.00000 1.00000
vt 0.00000 1.00000
vt 0.00000 1.00000
vt 0.00000 1.00000
vt 0.00000 1.00000
vt 0.00000 1.00000
vt 0.00000 1.00000
vt 0.00000 1.00000
vt 0.00000 1.00000
vt 0.00000 1.00000
vt 0.00000 1.00000
vt 0.00000 1.00000
vt 0.00000 1.00000
vt 0.00000 1.00000
vt 0.00000 1.00000
vt 0.00000 1.00000
vt 0.00000 1.00000
vt 0.00000 1.00000
vt 0.00000 1.00000
vt 0.00000 1.00000
vt 0.00000 1.00000
vt 0.00000 1.00000
vt 0.00000 1.00000
vt 0.00000 1.00000
vt 0.00000 1.00000
vt 0.00000 1.00000
vt 0.00000 1.00000
vt 0.00000 1.00000
vt 0.00000 1.00000
vt 0.00000 1.00000
vt 0.00000 1.00000
vt 0.00000 1.00000
vt 0.00000 1.00000
vt 0.00000 1.00000
vt 0.00000 1.00000
vt 0.00000 1.00000
vt 0.00000 1.00000
vt 0.00000 1.00000
vt 0.00000 1.00000
vt 0.00000 1.00000
vt 0.00000 1.00000
vt 0.00000 1.00000
vt 0.00000 1.00000
vt 0.00000 1.00000
vt 0.00000 1.00000
vt 0.00000 1.00000
vt 0.00000 1.00000
vt 0.00000 1.00000
vt 0.00000 1.00000
vt 0.00000 1.00000
vt 0.00000 1.00000
vt 0.00000 1.00000
vt 0.00000 1.00000
vt 0.00000 1.00000
vt 0.00000 1.00000
vt 0.00000 1.00000
vt 0.00000 1.00000
vt 0.00000 1.00000
vt 0.00000 1.00000
vt 0.00000 1.00000
vt 0.00000 1.00000
vt 0.00000 1.00000
vt 0.00000 1.00000
vt 0.00000 1.00000
vt 0.00000 1.00000
vt 0.00000 1.00000
vt 0.00000 1.00000
vt 0.00000 1.00000
vt 0.00000 1.00000
vt 0.00000 1.00000
vt 0.00000 1.00000
vt 0.00000 1.00000
vt 0.00000 1.00000
vt 0.00000 1.00000
vt 0.00000 1.00000
vt 0.00000 1.00000
vt 0.00000 1.00000
vt 0.00000 1.00000
vt 0.00000 1.00000
vt 0.00000 1.00000
vt 0.00000 1.00000
vt 0.00000 1.00000
vt 0.00000 1.00000
vt 0.00000 1.00000
vt 0.00000 1.00000
vt 0.00000 1.00000
vt 0.00000 1.00000
vt 0.00000 1.00000
vt 0.00000 1.00000
vt 0.00000 1.00000
vt 0.00000 1.00000
vt 0.00000 1.00000
vt 0.00000 1.00000
vt 0.00000 1.00000
vt 0.00000 1.00000
vt 0.00000 1.00000
vt 0.00000 1.00000
vt 0.00000 1.00000
vt 0.00000 1.00000
vt 0.00000 1.00000
vt 0.00000 1.00000
vt 0.00000 1.00000
vt 0.00000 1.00000
vt 0.00000 1.00000
vt 0.00000 1.00000
vt 0.00000 1.00000
vt 0.00000 1.00000
vt 0.00000 1.00000
vt 0.00000 1.00000
vt 0.00000 1.00000
vt 0.00000 1.00000
vt 0.00000 1.00000
vt 0.00000 1.00000
vt 0.00000 1.00000
vt 0.00000 1.00000
vt 0.00000 1.00000
vt 0.00000 1.00000
vt 0.00000 1.00000
vt 0.00000 1.00000
vt 0.00000 1.00000
vt 0.00000 1.00000
vt 0.00000 1.00000
vt 0.00000 1.00000
vt 0.00000 1.00000
vt 0.00000 1.00000
vt 0.00000 1.00000
vt 0.00000 1.00000
vt 0.00000 1.00000
vt 0.00000 1.00000
vt 0.00000 1.00000
vt 0.00000 1.00000
vt 0.00000 1.00000
vt 0.00000 1.00000
vt 0.00000 1.00000
vt 0.00000 1.00000
vt 0.00000 1.00000
vt 0.00000 1.00000
vt 0.00000 1.00000
vt 0.00000 1.00000
vt 0.00000 1.00000
vt 0.00000 1.00000
vt 0.00000 1.00000
vt 0.00000 1.00000
vt 0.00000 1.00000
vt 0.00000 1.00000
vt 0.00000 1.00000
vt 0.00000 1.00000
vt 0.00000 1.00000
vt 0.00000 1.00000
vt 0.00000 1.00000
vt 0.00000 1.00000
vt 0.00000 1.00000
vt 0.00000 1.00000
vt 0.00000 1.00000
vt 0.00000 1.00000
vt 0.00000 1.00000
vt 0.00000 1.00000
vt 0.00000 1.00000
vt 0.00000 1.00000
vt 0.00000 1.00000
vt 0.00000 1.00000
vt 0.00000 1.00000
vt 0.00000 1.00000
vt 0.00000 1.00000
vt 0.00000 1.00000
vt 0.00000 1.00000
vt 0.00000 1.00000
vt 0.00000 1.00000
vt 0.00000 1.00000
vt 0.00000 1.00000
vt 0.00000 1.00000
vt 0.00000 1.00000
vt 0.00000 1.00000
vt 0.00000 1.00000
vt 0.00000 1.00000
vt 0.00000 1.00000
vt 0.00000 1.00000
vt 0.00000 1.00000
vt 0.00000 1.00000
vt 0.00000 1.00000
vt 0.00000 1.00000
vt 0.00000 1.00000
vt 0.00000 1.00000
vt 0.00000 1.00000
vt 0.00000 1.00000
vt 0.00000 1.00000
vt 0.00000 1.00000
vt 0.00000 1.00000
vt 0.00000 1.00000
vt 0.00000 1.00000
vt 0.00000 1.00000
vt 0.00000 1.00000
vt 0.00000 1.00000
vt 0.00000 1.00000
vt 0.00000 1.00000
vt 0.00000 1.00000
vt 0.00000 1.00000
vt 0.00000 1.00000
vt 0.00000 1.00000
vt 0.00000 1.00000
vt 0.00000 1.00000
vt 0.00000 1.00000
vt 0.00000 1.00000
vt 0.00000 1.00000
vt 0.00000 1.00000
vt 0.00000 1.00000
vt 0.00000 1.00000
vt 0.00000 1.00000
vt 0.00000 1.00000
vt 0.00000 1.00000
vt 0.00000 1.00000
vt 0.00000 1.00000
vt 0.00000 1.00000
vt 0.00000 1.00000
vt 0.00000 1.00000
vt 0.00000 1.00000
vt 0.00000 1.00000
vt 0.00000 1.00000
vt 0.00000 1.00000
vt 0.00000 1.00000
vt 0.00000 1.00000
vt 0.00000 1.00000
vt 0.00000 1.00000
vt 0.00000 1.00000
vt 0.00000 1.00000
vt 0.00000 1.00000
vt 0.00000 1.00000
vt 0.00000 1.00000
vt 0.00000 1.00000
vt 0.00000 1.00000
vt 0.00000 1.00000
vt 0.00000 1.00000
vt 0.00000 1.00000
vt 0.00000 1.00000
vt 0.00000 1.00000
vt 0.00000 1.00000
vt 0.00000 1.00000
vt 0.00000 1.00000
vt 0.00000 1.00000
vt 0.00000 1.00000
vt 0.00000 1.00000
vt 0.00000 1.00000
vt 0.00000 1.00000
vt 0.00000 1.00000
vt 0.00000 1.00000
vt 0.00000 1.00000
vt 0.00000 1.00000
vt 0.00000 1.00000
vt 0.00000 1.00000
vt 0.00000 1.00000
vt 0.00000 1.00000
vt 0.00000 1.00000
vt 0.00000 1.00000
vt 0.00000 1.00000
vt 0.00000 1.00000
vt 0.00000 1.00000
vt 0.00000 1.00000
vt 0.00000 1.00000
vt 0.00000 1.00000
vt 0.00000 1.00000
vt 0.00000 1.00000
vt 0.00000 1.00000
vt 0.00000 1.00000
vt 0.00000 1.00000
vt 0.00000 1.00000
vt 0.00000 1.00000
vt 0.00000 1.00000
vt 0.00000 1.00000
vt 0.00000 1.00000
vt 0.00000 1.00000
vt 0.00000 1.00000
vt 0.00000 1.00000
vt 0.00000 1.00000
vt 0.00000 1.00000
vt 0.00000 1.00000
vt 0.00000 1.00000
vt 0.00000 1.00000
vt 0.00000 1.00000
vt 0.00000 1.00000
vt 0.00000 1.00000
vt 0.00000 1.00000
vt 0.00000 1.00000
vt 0.00000 1.00000
vt 0.00000 1.00000
vt 0.00000 1.00000
vt 0.00000 1.00000
vt 0.00000 1.00000
vt 0.00000 1.00000
vt 0.00000 1.00000
vt 0.00000 1.00000
vt 0.00000 1.00000
vt 0.00000 1.00000
vt 0.00000 1.00000
vt 0.00000 1.00000
vt 0.00000 1.00000
vt 0.00000 1.00000
vt 0.00000 1.00000
vt 0.00000 1.00000
vt 0.00000 1.00000
vt 0.00000 1.00000
vt 0.00000 1.00000
vt 0.00000 1.00000
vt 0.00000 1.00000
vt 0.00000 1.00000
vt 0.00000 1.00000
vt 0.00000 1.00000
vt 0.00000 1.00000
vt 0.00000 1.00000
vt 0.00000 1.00000
vt 0.00000 1.00000
vt 0.00000 1.00000
vt 0.00000 1.00000
vt 0.00000 1.00000
vt 0.00000 1.00000
vt 0.00000 1.00000
vt 0.00000 1.00000
vt 0.00000 1.00000
vt 0.00000 1.00000
vt 0.00000 1.00000
vt 0.00000 1.00000
vt 0.00000 1.00000
vt 0.00000 1.00000
vt 0.00000 1.00000
vt 0.00000 1.00000
vt 0.00000 1.00000
vt 0.00000 1.00000
vt 0.00000 1.00000
vt 0.00000 1.00000
vt 0.00000 1.00000
vt 0.00000 1.00000
vt 0.00000 1.00000
vt 0.00000 1.00000
vt 0.00000 1.00000
vt 0.00000 1.00000
vt 0.00000 1.00000
vt 0.00000 1.00000
vt 0.00000 1.00000
vt 0.00000 1.00000
usemtl needles
f 937/937 938/938 939/939
f 940/940 941/941 942/942
f 943/943 944/944 945/945
f 946/946 947/947 948/948
f 949/949 950/950 951/951
f 952/952 953/953 954/954
f 955/955 956/956 957/957
f 958/958 959/959 960/960
f 961/961 962/962 963/963
f 964/964 965/965 966/966
f 967/967 968/968 969/969
f 970/970 971/971 972/972
f 973/973 974/974 975/975
f 976/976 977/977 978/978
f 979/979 980/980 981/981
f 982/982 983/983 984/984
f 985/985 986/986 987/987
f 988/988 989/989 990/990
f 991/991 992/992 993/993
f 994/994 995/995 996/996
f 997/997 998/998 999/999
f 1000/1000 1001/1001 1002/1002
f 1003/1003 1004/1004 1005/1005
f 1006/1006 1007/1007 1008/1008
f 1009/1009 1010/1010 1011/1011
f 1012/1012 1013/1013 1014/1014
f 1015/1015 1016/1016 1017/1017
f 1018/1018 1019/1019 1020/1020
f 1021/1021 1022/1022 1023/1023
f 1024/1024 1025/1025 1026/1026
f 1027/1027 1028/1028 1029/1029
f 1030/1030 1031/1031 1032/1032
f 1033/1033 1034/1034 1035/1035
f 1036/1036 1037/1037 1038/1038
f 1039/1039 1040/1040 1041/1041
f 1042/1042 1043/1043 1044/1044
f 1045/1045 1046/1046 1047/1047
f 1048/1048 1049/1049 1050/1050
f 1051/1051 1052/1052 1053/1053
f 1054/1054 1055/1055 1056/1056
f 1057/1057 1058/1058 1059/1059
f 1060/1060 1061/1061 1062/1062
f 1063/1063 1064/1064 1065/1065
f 1066/1066 1067/1067 1068/1068
f 1069/1069 1070/1070 1071/1071
f 1072/1072 1073/1073 1074/1074
f 1075/1075 1076/1076 1077/1077
f 1078/1078 1079/1079 1080/1080
f 1081/1081 1082/1082 1083/1083
f 1084/1084 1085/1085 1086/1086
f 1087/1087 1088/1088 1089/1089
f 1090/1090 1091/1091 1092/1092
f 1093/1093 1094/1094 1095/1095
f 1096/1096 1097/1097 1098/1098
f 1099/1099 1100/1100 1101/1101
f 1102/1102 1103/1103 1104/1104
f 1105/1105 1106/1106 1107/1107
f 1108/1108 1109/1109 1110/1110
f 1111/1111 1112/1112 1113/1113
f 1114/1114 1115/1115 1116/1116
f 1117/1117 1118/1118 1119/1119
f 1120/1120 1121/1121 1122/1122
f 1123/1123 1124/1124 1125/1125
f 1126/1126 1127/1127 1128/1128
f 1129/1129 1130/1130 1131/1131
f 1132/1132 1133/1133 1134/1134
f 1135/1135 1136/1136 1137/1137
f 1138/1138 1139/1139 1140/1140
f 1141/1141 1142/1142 1143/1143
f 1144/1144 1145/1145 1146/1146
f 1147/1147 1148/1148 1149/1149
f 1150/1150 1151/1151 1152/1152
f 1153/1153 1154/1154 1155/1155
f 1156/1156 1157/1157 1158/1158
f 1159/1159 1160/1160 1161/1161
f 1162/1162 1163/1163 1164/1164
f 1165/1165 1166/1166 1167/1167
f 1168/1168 1169/1169 1170/1170
f 1171/1171 1172/1172 1173/1173
f 1174/1174 1175/1175 1176/1176
f 1177/1177 1178/1178 1179/1179
f 1180/1180 1181/1181 1182/1182
f 1183/1183 1184/1184 1185/1185
f 1186/1186 1187/1187 1188/1188
f 1189/1189 1190/1190 1191/1191
f 1192/1192 1193/1193 1194/1194
f 1195/1195 1196/1196 1197/1197
f 1198/1198 1199/1199 1200/1200
f 1201/1201 1202/1202 1203/1203
f 1204/1204 1205/1205 1206/1206
f 1207/1207 1208/1208 1209/1209
f 1210/1210 1211/1211 1212/1212
f 1213/1213 1214/1214 1215/1215
f 1216/1216 1217/1217 1218/1218
f 1219/1219 1220/1220 1221/1221
f 1222/1222 1223/1223 1224/1224
f 1225/1225 1226/1226 1227/1227
f 1228/1228 1229/1229 1230/1230
f 1231/1231 1232/1232 1233/1233
f 1234/1234 1235/1235 1236/1236
f 1237/1237 1238/1238 1239/1239
f 1240/1240 1241/1241 1242/1242
f 1243/1243 1244/1244 1245/1245
f 1246/1246 1247/1247 1248/1248
f 1249/1249 1250/1250 1251/1251
f 1252/1252 1253/1253 1254/1254
f 1255/1255 1256/1256 1257/1257
f 1258/1258 1259/1259 1260/1260
f 1261/1261 1262/1262 1263/1263
f 1264/1264 1265/1265 1266/1266
f 1267/1267 1268/1268 1269/1269
f 1270/1270 1271/1271 1272/1272
f 1273/1273 1274/1274 1275/1275
f 1276/1276 1277/1277 1278/1278
f 1279/1279 1280/1280 1281/1281
f 1282/1282 1283/1283 1284/1284
f 1285/1285 1286/1286 1287/1287
f 1288/1288 1289/1289 1290/1290
f 1291/1291 1292/1292 1293/1293
f 1294/1294 1295/1295 1296/1296
f 1297/1297 1298/1298 1299/1299
f 1300/1300 1301/1301 1302/1302
f 1303/1303 1304/1304 1305/1305
f 1306/1306 1307/1307 1308/1308
f 1309/1309 1310/1310 1311/1311
f 1312/1312 1313/1313 1314/1314
f 1315/1315 1316/1316 1317/1317
f 1318/1318 1319/1319 1320/1320
f 1321/1321 1322/1322 1323/1323
f 1324/1324 1325/1325 1326/1326
f 1327/1327 1328/1328 1329/1329
f 1330/1330 1331/1331 1332/1332
f 1333/1333 1334/1334 1335/1335
f 1336/1336 1337/1337 1338/1338
f 1339/1339 1340/1340 1341/1341
f 1342/1342 1343/1343 1344/1344
f 1345/1345 1346/1346 1347/1347
f 1348/1348 1349/1349 1350/1350
f 1351/1351 1352/1352 1353/1353
f 1354/1354 1355/1355 1356/1356
f 1357/1357 1358/1358 1359/1359
f 1360/1360 1361/1361 1362/1362
f 1363/1363 1364/1364 1365/1365
f 1366/1366 1367/1367 1368/1368
f 1369/1369 1370/1370 1371/1371
f 1372/1372 1373/1373 1374/1374
f 1375/1375 1376/1376 1377/1377
f 1378/1378 1379/1379 1380/1380
f 1381/1381 1382/1382 1383/1383
f 1384/1384 1385/1385 1386/1386
f 1387/1387 1388/1388 1389/1389
f 1390/1390 1391/1391 1392/1392
f 1393/1393 1394/1394 1395/1395
f 1396/1396 1397/1397 1398/1398
f 1399/1399 1400/1400 1401/1401
f 1402/1402 1403/1403 1404/1404
f 1405/1405 1406/1406 1407/1407
f 1408/1408 1409/1409 1410/1410
f 1411/1411 1412/1412 1413/1413
f 1414/1414 1415/1415 1416/1416
f 1417/1417 1418/1418 1419/1419
f 1420/1420 1421/1421 1422/1422
f 1423/1423 1424/1424 1425/1425
f 1426/1426 1427/1427 1428/1428
f 1429/1429 1430/1430 1431/1431
f 1432/1432 1433/1433 1434/1434
f 1435/1435 1436/1436 1437/1437
f 1438/1438 1439/1439 1440/1440
f 1441/1441 1442/1442 1443/1443
f 1444/1444 1445/1445 1446/1446
f 1447/1447 1448/1448 1449/1449
f 1450/1450 1451/1451 1452/1452
f 1453/1453 1454/1454 1455/1455
f 1456/1456 1457/1457 1458/1458
f 1459/1459 1460/1460 1461/1461
f 1462/1462 1463/1463 1464/1464
f 1465/1465 1466/1466 1467/1467
f 1468/1468 1469/1469 1470/1470
f 1471/1471 1472/1472 1473/1473
f 1474/1474 1475/1475 1476/1476
f 1477/1477 1478/1478 1479/1479
f 1480/1480 1481/1481 1482/1482
f 1483/1483 1484/1484 1485/1485
f 1486/1486 1487/1487 1488/1488
f 1489/1489 1490/1490 1491/1491
f 1492/1492 1493/1493 1494/1494
f 1495/1495 1496/1496 1497/1497
f 1498/1498 1499/1499 1500/1500
f 1501/1501 1502/1502 1503/1503
f 1504/1504 1505/1505 1506/1506
f 1507/1507 1508/1508 1509/1509
f 1510/1510 1511/1511 1512/1512
f 1513/1513 1514/1514 1515/1515
f 1516/1516 1517/1517 1518/1518
f 1519/1519 1520/1520 1521/1521
f 1522/1522 1523/1523 1524/1524
f 1525/1525 1526/1526 1527/1527
f 1528/1528 1529/1529 1530/1530
f 1531/1531 1532/1532 1533/1533
f 1534/1534 1535/1535 1536/1536
f 1537/1537 1538/1538 1539/1539
f 1540/1540 1541/1541 1542/1542
f 1543/1543 1544/1544 1545/1545
f 1546/1546 1547/1547 1548/1548
f 1549/1549 1550/1550 1551/1551
f 1552/1552 1553/1553 1554/1554
f 1555/1555 1556/1556 1557/1557
f 1558/1558 1559/1559 1560/1560
f 1561/1561 1562/1562 1563/1563
f 1564/1564 1565/1565 1566/1566
f 1567/1567 1568/1568 1569/1569
f 1570/1570 1571/1571 1572/1572
f 1573/1573 1574/1574 1575/1575
f 1576/1576 1577/1577 1578/1578
f 1579/1579 1580/1580 1581/1581
f 1582/1582 1583/1583 1584/1584
f 1585/1585 1586/1586 1587/1587
f 1588/1588 1589/1589 1590/1590
f 1591/1591 1592/1592 1593/1593
f 1594/1594 1595/1595 1596/1596
f 1597/1597 1598/1598 1599/1599
f 1600/1600 1601/1601 1602/1602
f 1603/1603 1604/1604 1605/1605
f 1606/1606 1607/1607 1608/1608
f 1609/1609 1610/1610 1611/1611
f 1612/1612 1613/1613 1614/1614
f 1615/1615 1616/1616 1617/1617
f 1618/1618 1619/1619 1620/1620
f 1621/1621 1622/1622 1623/1623
f 1624/1624 1625/1625 1626/1626
f 1627/1627 1628/1628 1629/1629
f 1630/1630 1631/1631 1632/1632
f 1633/1633 1634/1634 1635/1635
f 1636/1636 1637/1637 1638/1638
f 1639/1639 1640/1640 1641/1641
f 1642/1642 1643/1643 1644/1644
f 1645/1645 1646/1646 1647/1647
f 1648/1648 1649/1649 1650/1650
f 1651/1651 1652/1652 1653/1653
f 1654/1654 1655/1655 1656/1656
f 1657/1657 1658/1658 1659/1659
f 1660/1660 1661/1661 1662/1662
f 1663/1663 1664/1664 1665/1665
f 1666/1666 1667/1667 1668/1668
f 1669/1669 1670/1670 1671/1671
f 1672/1672 1673/1673 1674/1674
f 1675/1675 1676/1676 1677/1677
f 1678/1678 1679/1679 1680/1680
f 1681/1681 1682/1682 1683/1683
f 1684/1684 1685/1685 1686/1686
f 1687/1687 1688/1688 1689/1689
f 1690/1690 1691/1691 1692/1692
f 1693/1693 1694/1694 1695/1695
f 1696/1696 1697/1697 1698/1698
f 1699/1699 1700/1700 1701/1701
f 1702/1702 1703/1703 1704/1704
f 1705/1705 1706/1706 1707/1707
f 1708/1708 1709/1709 1710/1710
f 1711/1711 1712/1712 1713/1713
f 1714/1714 1715/1715 1716/1716
f 1717/1717 1718/1718 1719/1719
f 1720/1720 1721/1721 1722/1722
f 1723/1723 1724/1724 1725/1725
f 1726/1726 1727/1727 1728/1728
f 1729/1729 1730/1730 1731/1731
f 1732/1732 1733/1733 1734/1734
f 1735/1735 1736/1736 1737/1737
f 1738/1738 1739/1739 1740/1740
f 1741/1741 1742/1742 1743/1743
f 1744/1744 1745/1745 1746/1746
f 1747/1747 1748/1748 1749/1749
f 1750/1750 1751/1751 1752/1752
f 1753/1753 1754/1754 1755/1755
f 1756/1756 1757/1757 1758/1758
f 1759/1759 1760/1760 1761/1761
f 1762/1762 1763/1763 1764/1764
f 1765/1765 1766/1766 1767/1767
f 1768/1768 1769/1769 1770/1770
f 1771/1771 1772/1772 1773/1773
f 1774/1774 1775/1775 1776/1776
f 1777/1777 1778/1778 1779/1779
f 1780/1780 1781/1781 1782/1782
f 1783/1783 1784/1784 1785/1785
f 1786/1786 1787/1787 1788/1788
f 1789/1789 1790/1790 1791/1791
f 1792/1792 1793/1793 1794/1794
f 1795/1795 1796/1796 1797/1797
f 1798/1798 1799/1799 1800/1800
f 1801/1801 1802/1802 1803/1803
f 1804/1804 1805/1805 1806/1806
f 1807/1807 1808/1808 1809/1809
f 1810/1810 1811/1811 1812/1812
f 1813/1813 1814/1814 1815/1815
f 1816/1816 1817/1817 1818/1818
f 1819/1819 1820/1820 1821/1821
f 1822/1822 1823/1823 1824/1824
f 1825/1825 1826/1826 1827/1827
f 1828/1828 1829/1829 1830/1830
f 1831/1831 1832/1832 1833/1833
f 1834/1834 1835/1835 1836/1836
f 1837/1837 1838/1838 1839/1839
f 1840/1840 1841/1841 1842/1842
f 1843/1843 1844/1844 1845/1845
f 1846/1846 1847/1847 1848/1848
f 1849/1849 1850/1850 1851/1851
f 1852/1852 1853/1853 1854/1854
f 1855/1855 1856/1856 1857/1857
f 1858/1858 1859/1859 1860/1860
f 1861/1861 1862/1862 1863/1863
f 1864/1864 1865/1865 1866/1866
f 1867/1867 1868/1868 1869/1869
f 1870/1870 1871/1871 1872/1872
f 1873/1873 1874/1874 1875/1875
f 1876/1876 1877/1877 1878/1878
f 1879/1879 1880/1880 1881/1881
f 1882/1882 1883/1883 1884/1884
f 1885/1885 1886/1886 1887/1887
f 1888/1888 1889/1889 1890/1890
f 1891/1891 1892/1892 1893/1893
f 1894/1894 1895/1895 1896/1896
f 1897/1897 1898/1898 1899/1899
f 1900/1900 1901/1901 1902/1902
f 1903/1903 1904/1904 1905/1905
f 1906/1906 1907/1907 1908/1908
f 1909/1909 1910/1910 1911/1911
f 1912/1912 1913/1913 1914/1914
f 1915/1915 1916/1916 1917/1917
f 1918/1918 1919/1919 1920/1920
f 1921/1921 1922/1922 1923/1923
f 1924/1924 1925/1925 1926/1926
f 1927/1927 1928/1928 1929/1929
f 1930/1930 1931/1931 1932/1932
f 1933/1933 1934/1934 1935/1935
f 1936/1936 1937/1937 1938/1938
f 1939/1939 1940/1940 1941/1941
f 1942/1942 1943/1943 1944/1944
f 1945/1945 1946/1946 1947/1947
f 1948/1948 1949/1949 1950/1950
f 1951/1951 1952/1952 1953/1953
f 1954/1954 1955/1955 1956/1956
f 1957/1957 1958/1958 1959/1959
f 1960/1960 1961/1961 1962/1962
f 1963/1963 1964/1964 1965/1965
f 1966/1966 1967/1967 1968/1968
f 1969/1969 1970/1970 1971/1971
f 1972/1972 1973/1973 1974/1974
f 1975/1975 1976/1976 1977/1977
f 1978/1978 1979/1979 1980/1980
f 1981/1981 1982/1982 1983/1983
f 1984/1984 1985/1985 1986/1986
f 1987/1987 1988/1988 1989/1989
f 1990/1990 1991/1991 1992/1992
f 1993/1993 1994/1994 1995/1995
f 1996/1996 1997/1997 1998/1998
f 1999/1999 2000/2000 2001/2001
f 2002/2002 2003/2003 2004/2004
f 2005/2005 2006/2006 2007/2007
f 2008/2008 2009/2009 2010/2010
f 2011/2011 2012/2012 2013/2013
f 2014/2014 2015/2015 2016/2016
f 2017/2017 2018/2018 2019/2019
f 2020/2020 2021/2021 2022/2022
f 2023/2023 2024/2024 2025/2025
f 2026/2026 2027/2027 2028/2028
f 2029/2029 2030/2030 2031/2031
f 2032/2032 2033/2033 2034/2034
f 2035/2035 2036/2036 2037/2037
f 2038/2038 2039/2039 2040/2040
f 2041/2041 2042/2042 2043/2043
f 2044/2044 2045/2045 2046/2046
f 2047/2047 2048/2048 2049/2049
f 2050/2050 2051/2051 2052/2052
f 2053/2053 2054/2054 2055/2055
f 2056/2056 2057/2057 2058/2058
f 2059/2059 2060/2060 2061/2061
f 2062/2062 2063/2063 2064/2064
f 2065/2065 2066/2066 2067/2067
f 2068/2068 2069/2069 2070/2070
f 2071/2071 2072/2072 2073/2073
f 2074/2074 2075/2075 2076/2076
f 2077/2077 2078/2078 2079/2079
f 2080/2080 2081/2081 2082/2082
f 2083/2083 2084/2084 2085/2085
f 2086/2086 2087/2087 2088/2088
f 2089/2089 2090/2090 2091/2091
f 2092/2092 2093/2093 2094/2094
f 2095/2095 2096/2096 2097/2097
f 2098/2098 2099/2099 2100/2100
f 2101/2101 2102/2102 2103/2103
f 2104/2104 2105/2105 2106/2106
f 2107/2107 2108/2108 2109/2109
f 2110/2110 2111/2111 2112/2112
f 2113/2113 2114/2114 2115/2115
f 2116/2116 2117/2117 2118/2118
f 2119/2119 2120/2120 2121/2121
f 2122/2122 2123/2123 2124/2124
f 2125/2125 2126/2126 2127/2127
f 2128/2128 2129/2129 2130/2130
f 2131/2131 2132/2132 2133/2133
f 2134/2134 2135/2135 2136/2136
f 2137/2137 2138/2138 2139/2139
f 2140/2140 2141/2141 2142/2142
f 2143/2143 2144/2144 2145/2145
f 2146/2146 2147/2147 2148/2148
f 2149/2149 2150/2150 2151/2151
f 2152/2152 2153/2153 2154/2154
f 2155/2155 2156/2156 2157/2157
f 2158/2158 2159/2159 2160/2160
f 2161/2161 2162/2162 2163/2163
f 2164/2164 2165/2165 2166/2166
f 2167/2167 2168/2168 2169/2169
f 2170/2170 2171/2171 2172/2172
f 2173/2173 2174/2174 2175/2175
f 2176/2176 2177/2177 2178/2178
f 2179/2179 2180/2180 2181/2181
f 2182/2182 2183/2183 2184/2184
f 2185/2185 2186/2186 2187/2187
f 2188/2188 2189/2189 2190/2190
f 2191/2191 2192/2192 2193/2193
f 2194/2194 2195/2195 2196/2196
f 2197/2197 2198/2198 2199/2199
f 2200/2200 2201/2201 2202/2202
f 2203/2203 2204/2204 2205/2205
f 2206/2206 2207/2207 2208/2208
f 2209/2209 2210/2210 2211/2211
f 2212/2212 2213/2213 2214/2214
f 2215/2215 2216/2216 2217/2217
f 2218/2218 2219/2219 2220/2220
f 2221/2221 2222/2222 2223/2223
f 2224/2224 2225/2225 2226/2226
f 2227/2227 2228/2228 2229/2229
f 2230/2230 2231/2231 2232/2232
f 2233/2233 2234/2234 2235/2235
f 2236/2236 2237/2237 2238/2238
f 2239/2239 2240/2240 2241/2241
f 2242/2242 2243/2243 2244/2244
f 2245/2245 2246/2246 2247/2247
f 2248/2248 2249/2249 2250/2250
f 2251/2251 2252/2252 2253/2253
f 2254/2254 2255/2255 2256/2256
f 2257/2257 2258/2258 2259/2259
f 2260/2260 2261/2261 2262/2262
f 2263/2263 2264/2264 2265/2265
f 2266/2266 2267/2267 2268/2268
f 2269/2269 2270/2270 2271/2271
f 2272/2272 2273/2273 2274/2274
f 2275/2275 2276/2276 2277/2277
f 2278/2278 2279/2279 2280/2280
f 2281/2281 2282/2282 2283/2283
f 2284/2284 2285/2285 2286/2286
f 2287/2287 2288/2288 2289/2289
f 2290/2290 2291/2291 2292/2292
f 2293/2293 2294/2294 2295/2295
f 2296/2296 2297/2297 2298/2298
f 2299/2299 2300/2300 2301/2301
f 2302/2302 2303/2303 2304/2304
f 2305/2305 2306/2306 2307/2307
f 2308/2308 2309/2309 2310/2310
f 2311/2311 2312/2312 2313/2313
f 2314/2314 2315/2315 2316/2316
f 2317/2317 2318/2318 2319/2319
f 2320/2320 2321/2321 2322/2322
f 2323/2323 2324/2324 2325/2325
f 2326/2326 2327/2327 2328/2328
f 2329/2329 2330/2330 2331/2331
f 2332/2332 2333/2333 2334/2334
f 2335/2335 2336/2336 2337/2337
f 2338/2338 2339/2339 2340/2340
f 2341/2341 2342/2342 2343/2343
f 2344/2344 2345/2345 2346/2346
f 2347/2347 2348/2348 2349/2349
f 2350/2350 2351/2351 2352/2352
f 2353/2353 2354/2354 2355/2355
f 2356/2356 2357/2357 2358/2358
f 2359/2359 2360/2360 2361/2361
f 2362/2362 2363/2363 2364/2364
f 2365/2365 2366/2366 2367/2367
f 2368/2368 2369/2369 2370/2370
f 2371/2371 2372/2372 2373/2373
f 2374/2374 2375/2375 2376/2376
f 2377/2377 2378/2378 2379/2379
f 2380/2380 2381/2381 2382/2382
f 2383/2383 2384/2384 2385/2385
f 2386/2386 2387/2387 2388/2388
f 2389/2389 2390/2390 2391/2391
f 2392/2392 2393/2393 2394/2394
f 2395/2395 2396/2396 2397/2397
f 2398/2398 2399/2399 2400/2400
f 2401/2401 2402/2402 2403/2403
f 2404/2404 2405/2405 2406/2406
f 2407/2407 2408/2408 2409/2409
f 2410/2410 2411/2411 2412/2412
f 2413/2413 2414/2414 2415/2415
f 2416/2416 2417/2417 2418/2418
f 2419/2419 2420/2420 2421/2421
f 2422/2422 2423/2423 2424/2424
f 2425/2425 2426/2426 2427/2427
f 2428/2428 2429/2429 2430/2430
f 2431/2431 2432/2432 2433/2433
f 2434/2434 2435/2435 2436/2436
f 2437/2437 2438/2438 2439/2439
f 2440/2440 2441/2441 2442/2442
f 2443/2443 2444/2444 2445/2445
f 2446/2446 2447/2447 2448/2448
f 2449/2449 2450/2450 2451/2451
f 2452/2452 2453/2453 2454/2454
f 2455/2455 2456/2456 2457/2457
f 2458/2458 2459/2459 2460/2460
f 2461/2461 2462/2462 2463/2463
f 2464/2464 2465/2465 2466/2466
f 2467/2467 2468/2468 2469/2469
f 2470/2470 2471/2471 2472/2472
f 2473/2473 2474/2474 2475/2475
f 2476/2476 2477/2477 2478/2478
f 2479/2479 2480/2480 2481/2481
f 2482/2482 2483/2483 2484/2484
f 2485/2485 2486/2486 2487/2487
f 2488/2488 2489/2489 2490/2490
f 2491/2491 2492/2492 2493/2493
f 2494/2494 2495/2495 2496/2496
f 2497/2497 2498/2498 2499/2499
f 2500/2500 2501/2501 2502/2502
f 2503/2503 2504/2504 2505/2505
f 2506/2506 2507/2507 2508/2508
f 2509/2509 2510/2510 2511/2511
f 2512/2512 2513/2513 2514/2514
f 2515/2515 2516/2516 2517/2517
f 2518/2518 2519/2519 2520/2520
f 2521/2521 2522/2522 2523/2523
f 2524/2524 2525/2525 2526/2526
f 2527/2527 2528/2528 2529/2529
f 2530/2530 2531/2531 2532/2532
f 2533/2533 2534/2534 2535/2535
f 2536/2536 2537/2537 2538/2538
f 2539/2539 2540/2540 2541/2541
f 2542/2542 2543/2543 2544/2544
f 2545/2545 2546/2546 2547/2547
f 2548/2548 2549/2549 2550/2550
f 2551/2551 2552/2552 2553/2553
f 2554/2554 2555/2555 2556/2556
f 2557/2557 2558/2558 2559/2559
f 2560/2560 2561/2561 2562/2562
f 2563/2563 2564/2564 2565/2565
f 2566/2566 2567/2567 2568/2568
f 2569/2569 2570/2570 2571/2571
f 2572/2572 2573/2573 2574/2574
f 2575/2575 2576/2576 2577/2577
f 2578/2578 2579/2579 2580/2580
f 2581/2581 2582/2582 2583/2583
f 2584/2584 2585/2585 2586/2586
f 2587/2587 2588/2588 2589/2589
f 2590/2590 2591/2591 2592/2592
f 2593/2593 2594/2594 2595/2595
f 2596/2596 2597/2597 2598/2598
f 2599/2599 2600/2600 2601/2601
f 2602/2602 2603/2603 2604/2604
f 2605/2605 2606/2606 2607/2607
f 2608/2608 2609/2609 2610/2610
f 2611/2611 2612/2612 2613/2613
f 2614/2614 2615/2615 2616/2616
f 2617/2617 2618/2618 2619/2619
f 2620/2620 2621/2621 2622/2622
f 2623/2623 2624/2624 2625/2625
f 2626/2626 2627/2627 2628/2628
f 2629/2629 2630/2630 2631/2631
f 2632/2632 2633/2633 2634/2634
f 2635/2635 2636/2636 2637/2637
f 2638/2638 2639/2639 2640/2640
f 2641/2641 2642/2642 2643/2643
f 2644/2644 2645/2645 2646/2646
f 2647/2647 2648/2648 2649/2649
f 2650/2650 2651/2651 2652/2652
f 2653/2653 2654/2654 2655/2655
f 2656/2656 2657/2657 2658/2658
f 2659/2659 2660/2660 2661/2661
f 2662/2662 2663/2663 2664/2664
f 2665/2665 2666/2666 2667/2667
f 2668/2668 2669/2669 2670/2670
f 2671/2671 2672/2672 2673/2673
f 2674/2674 2675/2675 2676/2676
f 2677/2677 2678/2678 2679/2679
f 2680/2680 2681/2681 2682/2682
f 2683/2683 2684/2684 2685/2685
f 2686/2686 2687/2687 2688/2688
f 2689/2689 2690/2690 2691/2691
f 2692/2692 2693/2693 2694/2694
f 2695/2695 2696/2696 2697/2697
f 2698/2698 2699/2699 2700/2700
f 2701/2701 2702/2702 2703/2703
f 2704/2704 2705/2705 2706/2706
f 2707/2707 2708/2708 2709/2709
f 2710/2710 2711/2711 2712/2712
f 2713/2713 2714/2714 2715/2715
f 2716/2716 2717/2717 2718/2718
f 2719/2719 2720/2720 2721/2721
f 2722/2722 2723/2723 2724/2724
f 2725/2725 2726/2726 2727/2727
f 2728/2728 2729/2729 2730/2730
f 2731/2731 2732/2732 2733/2733
f 2734/2734 2735/2735 2736/2736
f 2737/2737 2738/2738 2739/2739
f 2740/2740 2741/2741 2742/2742
f 2743/2743 2744/2744 2745/2745
f 2746/2746 2747/2747 2748/2748
f 2749/2749 2750/2750 2751/2751
f 2752/2752 2753/2753 2754/2754
f 2755/2755 2756/2756 2757/2757
f 2758/2758 2759/2759 2760/2760
f 2761/2761 2762/2762 2763/2763
f 2764/2764 2765/2765 2766/2766
f 2767/2767 2768/2768 2769/2769
f 2770/2770 2771/2771 2772/2772
f 2773/2773 2774/2774 2775/2775
f 2776/2776 2777/2777 2778/2778
f 2779/2779 2780/2780 2781/2781
f 2782/2782 2783/2783 2784/2784
f 2785/2785 2786/2786 2787/2787
f 2788/2788 2789/2789 2790/2790
f 2791/2791 2792/2792 2793/2793
f 2794/2794 2795/2795 2796/2796
f 2797/2797 2798/2798 2799/2799
f 2800/2800 2801/2801 2802/2802
f 2803/2803 2804/2804 2805/2805
f 2806/2806 2807/2807 2808/2808
f 2809/2809 2810/2810 2811/2811
f 2812/2812 2813/2813 2814/2814
f 2815/2815 2816/2816 2817/2817
f 2818/2818 2819/2819 2820/2820
f 2821/2821 2822/2822 2823/2823
f 2824/2824 2825/2825 2826/2826
f 2827/2827 2828/2828 2829/2829
f 2830/2830 2831/2831 2832/2832
f 2833/2833 2834/2834 2835/2835
f 2836/2836 2837/2837 2838/2838
f 2839/2839 2840/2840 2841/2841
f 2842/2842 2843/2843 2844/2844
f 2845/2845 2846/2846 2847/2847
f 2848/2848 2849/2849 2850/2850
f 2851/2851 2852/2852 2853/2853
f 2854/2854 2855/2855 2856/2856
f 2857/2857 2858/2858 2859/2859
f 2860/2860 2861/2861 2862/2862
f 2863/2863 2864/2864 2865/2865
f 2866/2866 2867/2867 2868/2868
f 2869/2869 2870/2870 2871/2871
f 2872/2872 2873/2873 2874/2874
f 2875/2875 2876/2876 2877/2877
f 2878/2878 2879/2879 2880/2880
f 2881/2881 2882/2882 2883/2883
f 2884/2884 2885/2885 2886/2886
f 2887/2887 2888/2888 2889/2889
f 2890/2890 2891/2891 2892/2892
f 2893/2893 2894/2894 2895/2895
f 2896/2896 2897/2897 2898/2898
f 2899/2899 2900/2900 2901/2901
f 2902/2902 2903/2903 2904/2904
f 2905/2905 2906/2906 2907/2907
f 2908/2908 2909/2909 2910/2910
f 2911/2911 2912/2912 2913/2913
f 2914/2914 2915/2915 2916/2916
f 2917/2917 2918/2918 2919/2919
f 2920/2920 2921/2921 2922/2922
f 2923/2923 2924/2924 2925/2925
f 2926/2926 2927/2927 2928/2928
f 2929/2929 2930/2930 2931/2931
f 2932/2932 2933/2933 2934/2934
f 2935/2935 2936/2936 2937/2937
f 2938/2938 2939/2939 2940/2940
f 2941/2941 2942/2942 2943/2943
f 2944/2944 2945/2945 2946/2946
f 2947/2947 2948/2948 2949/2949
f 2950/2950 2951/2951 2952/2952
f 2953/2953 2954/2954 2955/2955
f 2956/2956 2957/2957 2958/2958
f 2959/2959 2960/2960 2961/2961
f 2962/2962 2963/2963 2964/2964
f 2965/2965 2966/2966 2967/2967
f 2968/2968 2969/2969 2970/2970
f 2971/2971 2972/2972 2973/2973
f 2974/2974 2975/2975 2976/2976
f 2977/2977 2978/2978 2979/2979
f 2980/2980 2981/2981 2982/2982
f 2983/2983 2984/2984 2985/2985
f 2986/2986 2987/2987 2988/2988
f 2989/2989 2990/2990 2991/2991
f 2992/2992 2993/2993 2994/2994
f 2995/2995 2996/2996 2997/2997
f 2998/2998 2999/2999 3000/3000
f 3001/3001 3002/3002 3003/3003
f 3004/3004 3005/3005 3006/3006
f 3007/3007 3008/3008 3009/3009
f 3010/3010 3011/3011 3012/3012
f 3013/3013 3014/3014 3015/3015
f 3016/3016 3017/3017 3018/3018
f 3019/3019 3020/3020 3021/3021
f 3022/3022 3023/3023 3024/3024
f 3025/3025 3026/3026 3027/3027
f 3028/3028 3029/3029 3030/3030
f 3031/3031 3032/3032 3033/3033
f 3034/3034 3035/3035 3036/3036
f 3037/3037 3038/3038 3039/3039
f 3040/3040 3041/3041 3042/3042
f 3043/3043 3044/3044 3045/3045
f 3046/3046 3047/3047 3048/3048
f 3049/3049 3050/3050 3051/3051
f 3052/3052 3053/3053 3054/3054
f 3055/3055 3056/3056 3057/3057
f 3058/3058 3059/3059 3060/3060
f 3061/3061 3062/3062 3063/3063
f 3064/3064 3065/3065 3066/3066
f 3067/3067 3068/3068 3069/3069
f 3070/3070 3071/3071 3072/3072
f 3073/3073 3074/3074 3075/3075
f 3076/3076 3077/3077 3078/3078
f 3079/3079 3080/3080 3081/3081
f 3082/3082 3083/3083 3084/3084
f 3085/3085 3086/3086 3087/3087
f 3088/3088 3089/3089 3090/3090
f 3091/3091 3092/3092 3093/3093
f 3094/3094 3095/3095 3096/3096
f 3097/3097 3098/3098 3099/3099
f 3100/3100 3101/3101 3102/3102
f 3103/3103 3104/3104 3105/3105
f 3106/3106 3107/3107 3108/3108
f 3109/3109 3110/3110 3111/3111
f 3112/3112 3113/3113 3114/3114
f 3115/3115 3116/3116 3117/3117
f 3118/3118 3119/3119 3120/3120
f 3121/3121 3122/3122 3123/3123
f 3124/3124 3125/3125 3126/3126
f 3127/3127 3128/3128 3129/3129
f 3130/3130 3131/3131 3132/3132
f 3133/3133 3134/3134 3135/3135
f 3136/3136 3137/3137 3138/3138
f 3139/3139 3140/3140 3141/3141
f 3142/3142 3143/3143 3144/3144
f 3145/3145 3146/3146 3147/3147
f 3148/3148 3149/3149 3150/3150
f 3151/3151 3152/3152 3153/3153
f 3154/3154 3155/3155 3156/3156
f 3157/3157 3158/3158 3159/3159
f 3160/3160 3161/3161 3162/3162
f 3163/3163 3164/3164 3165/3165
f 3166/3166 3167/3167 3168/3168
f 3169/3169 3170/3170 3171/3171
f 3172/3172 3173/3173 3174/3174
f 3175/3175 3176/3176 3177/3177
f 3178/3178 3179/3179 3180/3180
f 3181/3181 3182/3182 3183/3183
f 3184/3184 3185/3185 3186/3186
f 3187/3187 3188/3188 3189/3189
f 3190/3190 3191/3191 3192/3192
f 3193/3193 3194/3194 3195/3195
f 3196/3196 3197/3197 3198/3198
f 3199/3199 3200/3200 3201/3201
f 3202/3202 3203/3203 3204/3204
f 3205/3205 3206/3206 3207/3207
f 3208/3208 3209/3209 3210/3210
f 3211/3211 3212/3212 3213/3213
f 3214/3214 3215/3215 3216/3216
f 3217/3217 3218/3218 3219/3219
f 3220/3220 3221/3221 3222/3222
f 3223/3223 3224/3224 3225/3225
f 3226/3226 3227/3227 3228/3228
f 3229/3229 3230/3230 3231/3231
f 3232/3232 3233/3233 3234/3234
f 3235/3235 3236/3236 3237/3237
f 3238/3238 3239/3239 3240/3240
f 3241/3241 3242/3242 3243/3243
f 3244/3244 3245/3245 3246/3246
f 3247/3247 3248/3248 3249/3249
f 3250/3250 3251/3251 3252/3252
f 3253/3253 3254/3254 3255/3255
f 3256/3256 3257/3257 3258/3258
f 3259/3259 3260/3260 3261/3261
f 3262/3262 3263/3263 3264/3264
f 3265/3265 3266/3266 3267/3267
f 3268/3268 3269/3269 3270/3270
f 3271/3271 3272/3272 3273/3273
f 3274/3274 3275/3275 3276/3276
