# Generated by TyraX. Do not edit - rebaked from the procedural graph of 'pines'.
# 41 instances of res/models/pine.obj
mtllib props.mtl
v -17.5105 20.7125 2.6335
v -17.3156 20.7009 2.3180
v -17.1907 22.8707 2.3147
v -17.5105 20.7125 2.6335
v -17.1907 22.8707 2.3147
v -17.3856 22.8823 2.6302
v -17.3156 20.7009 2.3180
v -17.0007 20.6830 2.5132
v -16.8758 22.8528 2.5099
v -17.3156 20.7009 2.3180
v -16.8758 22.8528 2.5099
v -17.1907 22.8707 2.3147
v -17.0007 20.6830 2.5132
v -17.1955 20.6947 2.8287
v -17.0706 22.8645 2.8254
v -17.0007 20.6830 2.5132
v -17.0706 22.8645 2.8254
v -16.8758 22.8528 2.5099
v -17.1955 20.6947 2.8287
v -17.5105 20.7125 2.6335
v -17.3856 22.8823 2.6302
v -17.1955 20.6947 2.8287
v -17.3856 22.8823 2.6302
v -17.0706 22.8645 2.8254
v -37.7457 18.6894 20.7499
v -37.5569 18.6800 21.0572
v -37.5690 20.7924 21.1295
v -37.7457 18.6894 20.7499
v -37.5690 20.7924 21.1295
v -37.7578 20.8018 20.8223
v -37.5569 18.6800 21.0572
v -37.8643 18.6717 21.2458
v -37.8764 20.7841 21.3182
v -37.5569 18.6800 21.0572
v -37.8764 20.7841 21.3182
v -37.5690 20.7924 21.1295
v -37.8643 18.6717 21.2458
v -38.0531 18.6812 20.9385
v -38.0652 20.7936 21.0109
v -37.8643 18.6717 21.2458
v -38.0652 20.7936 21.0109
v -37.8764 20.7841 21.3182
v -38.0531 18.6812 20.9385
v -37.7457 18.6894 20.7499
v -37.7578 20.8018 20.8223
v -38.0531 18.6812 20.9385
v -37.7578 20.8018 20.8223
v -38.0652 20.7936 21.0109
v 6.3733 22.6544 -17.0218
v 6.3036 22.6515 -17.2226
v 6.2746 23.8961 -17.2308
v 6.3733 22.6544 -17.0218
v 6.2746 23.8961 -17.2308
v 6.3443 23.8991 -17.0301
v 6.3036 22.6515 -17.2226
v 6.5043 22.6557 -17.2923
v 6.4753 23.9003 -17.3005
v 6.3036 22.6515 -17.2226
v 6.4753 23.9003 -17.3005
v 6.2746 23.8961 -17.2308
v 6.5043 22.6557 -17.2923
v 6.5740 22.6586 -17.0915
v 6.5450 23.9033 -17.0997
v 6.5043 22.6557 -17.2923
v 6.5450 23.9033 -17.0997
v 6.4753 23.9003 -17.3005
v 6.5740 22.6586 -17.0915
v 6.3733 22.6544 -17.0218
v 6.3443 23.8991 -17.0301
v 6.5740 22.6586 -17.0915
v 6.3443 23.8991 -17.0301
v 6.5450 23.9033 -17.0997
v -22.4168 17.0675 50.4490
v -22.5185 17.0732 50.2486
v -22.5223 18.3893 50.2877
v -22.4168 17.0675 50.4490
v -22.5223 18.3893 50.2877
v -22.4206 18.3837 50.4880
v -22.5185 17.0732 50.2486
v -22.3182 17.0768 50.1469
v -22.3219 18.3929 50.1860
v -22.5185 17.0732 50.2486
v -22.3219 18.3929 50.1860
v -22.5223 18.3893 50.2877
v -22.3182 17.0768 50.1469
v -22.2164 17.0711 50.3473
v -22.2202 18.3873 50.3863
v -22.3182 17.0768 50.1469
v -22.2202 18.3873 50.3863
v -22.3219 18.3929 50.1860
v -22.2164 17.0711 50.3473
v -22.4168 17.0675 50.4490
v -22.4206 18.3837 50.4880
v -22.2164 17.0711 50.3473
v -22.4206 18.3837 50.4880
v -22.2202 18.3873 50.3863
v -27.3919 18.4909 25.0304
v -27.3618 18.4911 25.2875
v -27.4377 20.0059 25.2956
v -27.3919 18.4909 25.0304
v -27.4377 20.0059 25.2956
v -27.4677 20.0058 25.0385
v -27.3618 18.4911 25.2875
v -27.6187 18.4780 25.3175
v -27.6945 19.9929 25.3256
v -27.3618 18.4911 25.2875
v -27.6945 19.9929 25.3256
v -27.4377 20.0059 25.2956
v -27.6187 18.4780 25.3175
v -27.6487 18.4779 25.0604
v -27.7245 19.9928 25.0685
v -27.6187 18.4780 25.3175
v -27.7245 19.9928 25.0685
v -27.6945 19.9929 25.3256
v -27.6487 18.4779 25.0604
v -27.3919 18.4909 25.0304
v -27.4677 20.0058 25.0385
v -27.6487 18.4779 25.0604
v -27.4677 20.0058 25.0385
v -27.7245 19.9928 25.0685
v -50.0080 18.3604 35.2260
v -49.9115 18.3667 35.4040
v -49.9226 19.5533 35.3677
v -50.0080 18.3604 35.2260
v -49.9226 19.5533 35.3677
v -50.0191 19.5469 35.1896
v -49.9115 18.3667 35.4040
v -50.0897 18.3680 35.5005
v -50.1008 19.5545 35.4642
v -49.9115 18.3667 35.4040
v -50.1008 19.5545 35.4642
v -49.9226 19.5533 35.3677
v -50.0897 18.3680 35.5005
v -50.1862 18.3616 35.3225
v -50.1973 19.5482 35.2861
v -50.0897 18.3680 35.5005
v -50.1973 19.5482 35.2861
v -50.1008 19.5545 35.4642
v -50.1862 18.3616 35.3225
v -50.0080 18.3604 35.2260
v -50.0191 19.5469 35.1896
v -50.1862 18.3616 35.3225
v -50.0191 19.5469 35.1896
v -50.1973 19.5482 35.2861
v 0.0449 22.7810 -13.6759
v 0.0742 22.7830 -13.4879
v 0.0253 23.8969 -13.4920
v 0.0449 22.7810 -13.6759
v 0.0253 23.8969 -13.4920
v -0.0040 23.8949 -13.6800
v 0.0742 22.7830 -13.4879
v -0.1136 22.7749 -13.4585
v -0.1626 23.8887 -13.4626
v 0.0742 22.7830 -13.4879
v -0.1626 23.8887 -13.4626
v 0.0253 23.8969 -13.4920
v -0.1136 22.7749 -13.4585
v -0.1430 22.7729 -13.6465
v -0.1919 23.8868 -13.6506
v -0.1136 22.7749 -13.4585
v -0.1919 23.8868 -13.6506
v -0.1626 23.8887 -13.4626
v -0.1430 22.7729 -13.6465
v 0.0449 22.7810 -13.6759
v -0.0040 23.8949 -13.6800
v -0.1430 22.7729 -13.6465
v -0.0040 23.8949 -13.6800
v -0.1919 23.8868 -13.6506
v 17.6588 20.7432 -0.4084
v 17.3443 20.7530 -0.3514
v 17.3938 22.6247 -0.4003
v 17.6588 20.7432 -0.4084
v 17.3938 22.6247 -0.4003
v 17.7082 22.6150 -0.4574
v 17.3443 20.7530 -0.3514
v 17.2871 20.7463 -0.6658
v 17.3365 22.6180 -0.7148
v 17.3443 20.7530 -0.3514
v 17.3365 22.6180 -0.7148
v 17.3938 22.6247 -0.4003
v 17.2871 20.7463 -0.6658
v 17.6015 20.7365 -0.7229
v 17.6509 22.6082 -0.7718
v 17.2871 20.7463 -0.6658
v 17.6509 22.6082 -0.7718
v 17.3365 22.6180 -0.7148
v 17.6015 20.7365 -0.7229
v 17.6588 20.7432 -0.4084
v 17.7082 22.6150 -0.4574
v 17.6015 20.7365 -0.7229
v 17.7082 22.6150 -0.4574
v 17.6509 22.6082 -0.7718
v -7.9217 20.1724 8.3722
v -8.0121 20.1758 8.1542
v -7.9776 21.5579 8.1616
v -7.9217 20.1724 8.3722
v -7.9776 21.5579 8.1616
v -7.8872 21.5544 8.3796
v -8.0121 20.1758 8.1542
v -7.7942 20.1709 8.0638
v -7.7597 21.5529 8.0712
v -8.0121 20.1758 8.1542
v -7.7597 21.5529 8.0712
v -7.9776 21.5579 8.1616
v -7.7942 20.1709 8.0638
v -7.7038 20.1675 8.2818
v -7.6693 21.5495 8.2892
v -7.7942 20.1709 8.0638
v -7.6693 21.5495 8.2892
v -7.7597 21.5529 8.0712
v -7.7038 20.1675 8.2818
v -7.9217 20.1724 8.3722
v -7.8872 21.5544 8.3796
v -7.7038 20.1675 8.2818
v -7.8872 21.5544 8.3796
v -7.6693 21.5495 8.2892
v -31.0487 18.1825 31.5424
v -31.3921 18.1847 31.4961
v -31.3975 20.2105 31.6306
v -31.0487 18.1825 31.5424
v -31.3975 20.2105 31.6306
v -31.0541 20.2084 31.6770
v -31.3921 18.1847 31.4961
v -31.3458 18.2076 31.1535
v -31.3512 20.2334 31.2880
v -31.3921 18.1847 31.4961
v -31.3512 20.2334 31.2880
v -31.3975 20.2105 31.6306
v -31.3458 18.2076 31.1535
v -31.0023 18.2054 31.1998
v -31.0077 20.2312 31.3343
v -31.3458 18.2076 31.1535
v -31.0077 20.2312 31.3343
v -31.3512 20.2334 31.2880
v -31.0023 18.2054 31.1998
v -31.0487 18.1825 31.5424
v -31.0541 20.2084 31.6770
v -31.0023 18.2054 31.1998
v -31.0541 20.2084 31.6770
v -31.0077 20.2312 31.3343
v -24.0615 20.3916 7.1667
v -24.3148 20.3956 7.2458
v -24.2802 21.9497 7.2766
v -24.0615 20.3916 7.1667
v -24.2802 21.9497 7.2766
v -24.0269 21.9456 7.1975
v -24.3148 20.3956 7.2458
v -24.3938 20.4024 6.9925
v -24.3592 21.9565 7.0233
v -24.3148 20.3956 7.2458
v -24.3592 21.9565 7.0233
v -24.2802 21.9497 7.2766
v -24.3938 20.4024 6.9925
v -24.1405 20.3983 6.9135
v -24.1059 21.9524 6.9442
v -24.3938 20.4024 6.9925
v -24.1059 21.9524 6.9442
v -24.3592 21.9565 7.0233
v -24.1405 20.3983 6.9135
v -24.0615 20.3916 7.1667
v -24.0269 21.9456 7.1975
v -24.1405 20.3983 6.9135
v -24.0269 21.9456 7.1975
v -24.1059 21.9524 6.9442
v -46.7236 18.0200 43.7602
v -46.3433 18.0300 43.7327
v -46.4092 20.2611 43.6317
v -46.7236 18.0200 43.7602
v -46.4092 20.2611 43.6317
v -46.7895 20.2511 43.6592
v -46.3433 18.0300 43.7327
v -46.3163 18.0479 44.1127
v -46.3822 20.2791 44.0117
v -46.3433 18.0300 43.7327
v -46.3822 20.2791 44.0117
v -46.4092 20.2611 43.6317
v -46.3163 18.0479 44.1127
v -46.6965 18.0380 44.1402
v -46.7625 20.2691 44.0392
v -46.3163 18.0479 44.1127
v -46.7625 20.2691 44.0392
v -46.3822 20.2791 44.0117
v -46.6965 18.0380 44.1402
v -46.7236 18.0200 43.7602
v -46.7895 20.2511 43.6592
v -46.6965 18.0380 44.1402
v -46.7895 20.2511 43.6592
v -46.7625 20.2691 44.0392
v -52.4667 18.6628 30.1180
v -52.5869 18.6719 29.8353
v -52.3896 20.4612 29.8091
v -52.4667 18.6628 30.1180
v -52.3896 20.4612 29.8091
v -52.2695 20.4521 30.0918
v -52.5869 18.6719 29.8353
v -52.3061 18.6392 29.7149
v -52.1088 20.4285 29.6887
v -52.5869 18.6719 29.8353
v -52.1088 20.4285 29.6887
v -52.3896 20.4612 29.8091
v -52.3061 18.6392 29.7149
v -52.1859 18.6301 29.9976
v -51.9887 20.4194 29.9714
v -52.3061 18.6392 29.7149
v -51.9887 20.4194 29.9714
v -52.1088 20.4285 29.6887
v -52.1859 18.6301 29.9976
v -52.4667 18.6628 30.1180
v -52.2695 20.4521 30.0918
v -52.1859 18.6301 29.9976
v -52.2695 20.4521 30.0918
v -51.9887 20.4194 29.9714
v 10.7336 20.6950 4.1766
v 10.8895 20.7018 4.1992
v 10.8500 21.6247 4.1908
v 10.7336 20.6950 4.1766
v 10.8500 21.6247 4.1908
v 10.6941 21.6178 4.1681
v 10.8895 20.7018 4.1992
v 10.8668 20.7023 4.3553
v 10.8273 21.6252 4.3468
v 10.8895 20.7018 4.1992
v 10.8273 21.6252 4.3468
v 10.8500 21.6247 4.1908
v 10.8668 20.7023 4.3553
v 10.7109 20.6954 4.3326
v 10.6714 21.6183 4.3242
v 10.8668 20.7023 4.3553
v 10.6714 21.6183 4.3242
v 10.8273 21.6252 4.3468
v 10.7109 20.6954 4.3326
v 10.7336 20.6950 4.1766
v 10.6941 21.6178 4.1681
v 10.7109 20.6954 4.3326
v 10.6941 21.6178 4.1681
v 10.6714 21.6183 4.3242
v 1.5089 17.4201 44.8846
v 1.3069 17.4286 44.9674
v 1.3890 18.7041 45.0368
v 1.5089 17.4201 44.8846
v 1.3890 18.7041 45.0368
v 1.5910 18.6956 44.9540
v 1.3069 17.4286 44.9674
v 1.2249 17.4448 44.7655
v 1.3069 18.7203 44.8350
v 1.3069 17.4286 44.9674
v 1.3069 18.7203 44.8350
v 1.3890 18.7041 45.0368
v 1.2249 17.4448 44.7655
v 1.4269 17.4364 44.6828
v 1.5089 18.7119 44.7522
v 1.2249 17.4448 44.7655
v 1.5089 18.7119 44.7522
v 1.3069 18.7203 44.8350
v 1.4269 17.4364 44.6828
v 1.5089 17.4201 44.8846
v 1.5910 18.6956 44.9540
v 1.4269 17.4364 44.6828
v 1.5910 18.6956 44.9540
v 1.5089 18.7119 44.7522
v 14.2818 18.7667 25.7799
v 14.4327 18.7598 25.8219
v 14.4614 19.6763 25.8687
v 14.2818 18.7667 25.7799
v 14.4614 19.6763 25.8687
v 14.3106 19.6831 25.8267
v 14.4327 18.7598 25.8219
v 14.3904 18.7534 25.9727
v 14.4191 19.6699 26.0195
v 14.4327 18.7598 25.8219
v 14.4191 19.6699 26.0195
v 14.4614 19.6763 25.8687
v 14.3904 18.7534 25.9727
v 14.2395 18.7603 25.9306
v 14.2683 19.6768 25.9774
v 14.3904 18.7534 25.9727
v 14.2683 19.6768 25.9774
v 14.4191 19.6699 26.0195
v 14.2395 18.7603 25.9306
v 14.2818 18.7667 25.7799
v 14.3106 19.6831 25.8267
v 14.2395 18.7603 25.9306
v 14.3106 19.6831 25.8267
v 14.2683 19.6768 25.9774
v -17.0772 22.9054 -17.0150
v -17.2863 22.9206 -16.9508
v -17.1695 24.1973 -16.8719
v -17.0772 22.9054 -17.0150
v -17.1695 24.1973 -16.8719
v -16.9604 24.1821 -16.9362
v -17.2863 22.9206 -16.9508
v -17.3492 22.9393 -17.1600
v -17.2324 24.2160 -17.0812
v -17.2863 22.9206 -16.9508
v -17.2324 24.2160 -17.0812
v -17.1695 24.1973 -16.8719
v -17.3492 22.9393 -17.1600
v -17.1401 22.9241 -17.2242
v -17.0233 24.2008 -17.1454
v -17.3492 22.9393 -17.1600
v -17.0233 24.2008 -17.1454
v -17.2324 24.2160 -17.0812
v -17.1401 22.9241 -17.2242
v -17.0772 22.9054 -17.0150
v -16.9604 24.1821 -16.9362
v -17.1401 22.9241 -17.2242
v -16.9604 24.1821 -16.9362
v -17.0233 24.2008 -17.1454
v -30.3317 17.9606 39.4149
v -30.4940 17.9701 39.2731
v -30.3803 19.2278 39.2274
v -30.3317 17.9606 39.4149
v -30.3803 19.2278 39.2274
v -30.2180 19.2183 39.3691
v -30.4940 17.9701 39.2731
v -30.3532 17.9515 39.1108
v -30.2395 19.2091 39.0650
v -30.4940 17.9701 39.2731
v -30.2395 19.2091 39.0650
v -30.3803 19.2278 39.2274
v -30.3532 17.9515 39.1108
v -30.1910 17.9420 39.2526
v -30.0773 19.1996 39.2068
v -30.3532 17.9515 39.1108
v -30.0773 19.1996 39.2068
v -30.2395 19.2091 39.0650
v -30.1910 17.9420 39.2526
v -30.3317 17.9606 39.4149
v -30.2180 19.2183 39.3691
v -30.1910 17.9420 39.2526
v -30.2180 19.2183 39.3691
v -30.0773 19.1996 39.2068
v -20.7848 19.6496 14.7723
v -20.7171 19.6518 14.4847
v -20.8961 21.3734 14.4559
v -20.7848 19.6496 14.7723
v -20.8961 21.3734 14.4559
v -20.9638 21.3712 14.7436
v -20.7171 19.6518 14.4847
v -20.4311 19.6827 14.5522
v -20.6101 21.4043 14.5235
v -20.7171 19.6518 14.4847
v -20.6101 21.4043 14.5235
v -20.8961 21.3734 14.4559
v -20.4311 19.6827 14.5522
v -20.4988 19.6804 14.8398
v -20.6778 21.4020 14.8111
v -20.4311 19.6827 14.5522
v -20.6778 21.4020 14.8111
v -20.6101 21.4043 14.5235
v -20.4988 19.6804 14.8398
v -20.7848 19.6496 14.7723
v -20.9638 21.3712 14.7436
v -20.4988 19.6804 14.8398
v -20.9638 21.3712 14.7436
v -20.6778 21.4020 14.8111
v 39.2864 17.3940 41.3859
v 39.5577 17.3784 41.4234
v 39.6299 18.9776 41.5662
v 39.2864 17.3940 41.3859
v 39.6299 18.9776 41.5662
v 39.3586 18.9932 41.5287
v 39.5577 17.3784 41.4234
v 39.5190 17.3560 41.6941
v 39.5912 18.9552 41.8369
v 39.5577 17.3784 41.4234
v 39.5912 18.9552 41.8369
v 39.6299 18.9776 41.5662
v 39.5190 17.3560 41.6941
v 39.2477 17.3716 41.6565
v 39.3199 18.9708 41.7993
v 39.5190 17.3560 41.6941
v 39.3199 18.9708 41.7993
v 39.5912 18.9552 41.8369
v 39.2477 17.3716 41.6565
v 39.2864 17.3940 41.3859
v 39.3586 18.9932 41.5287
v 39.2477 17.3716 41.6565
v 39.3586 18.9932 41.5287
v 39.3199 18.9708 41.7993
v -12.2108 20.4855 6.4365
v -12.0721 20.4885 6.7686
v -12.0562 22.5972 6.7427
v -12.2108 20.4855 6.4365
v -12.0562 22.5972 6.7427
v -12.1949 22.5941 6.4106
v -12.0721 20.4885 6.7686
v -12.4042 20.4927 6.9073
v -12.3883 22.6014 6.8814
v -12.0721 20.4885 6.7686
v -12.3883 22.6014 6.8814
v -12.0562 22.5972 6.7427
v -12.4042 20.4927 6.9073
v -12.5430 20.4897 6.5752
v -12.5271 22.5983 6.5493
v -12.4042 20.4927 6.9073
v -12.5271 22.5983 6.5493
v -12.3883 22.6014 6.8814
v -12.5430 20.4897 6.5752
v -12.2108 20.4855 6.4365
v -12.1949 22.5941 6.4106
v -12.5430 20.4897 6.5752
v -12.1949 22.5941 6.4106
v -12.5271 22.5983 6.5493
v 51.0277 18.3323 32.4536
v 50.8481 18.3151 32.4673
v 50.7475 19.3704 32.4724
v 51.0277 18.3323 32.4536
v 50.7475 19.3704 32.4724
v 50.9271 19.3876 32.4586
v 50.8481 18.3151 32.4673
v 50.8343 18.3146 32.2869
v 50.7337 19.3699 32.2920
v 50.8481 18.3151 32.4673
v 50.7337 19.3699 32.2920
v 50.7475 19.3704 32.4724
v 50.8343 18.3146 32.2869
v 51.0139 18.3318 32.2731
v 50.9133 19.3871 32.2782
v 50.8343 18.3146 32.2869
v 50.9133 19.3871 32.2782
v 50.7337 19.3699 32.2920
v 51.0139 18.3318 32.2731
v 51.0277 18.3323 32.4536
v 50.9271 19.3876 32.4586
v 51.0139 18.3318 32.2731
v 50.9271 19.3876 32.4586
v 50.9133 19.3871 32.2782
v -17.6358 21.2534 -2.1948
v -17.4455 21.2480 -2.1562
v -17.4075 22.3851 -2.1841
v -17.6358 21.2534 -2.1948
v -17.4075 22.3851 -2.1841
v -17.5978 22.3905 -2.2226
v -17.4455 21.2480 -2.1562
v -17.4839 21.2539 -1.9659
v -17.4459 22.3910 -1.9937
v -17.4455 21.2480 -2.1562
v -17.4459 22.3910 -1.9937
v -17.4075 22.3851 -2.1841
v -17.4839 21.2539 -1.9659
v -17.6742 21.2594 -2.0045
v -17.6362 22.3965 -2.0323
v -17.4839 21.2539 -1.9659
v -17.6362 22.3965 -2.0323
v -17.4459 22.3910 -1.9937
v -17.6742 21.2594 -2.0045
v -17.6358 21.2534 -2.1948
v -17.5978 22.3905 -2.2226
v -17.6742 21.2594 -2.0045
v -17.5978 22.3905 -2.2226
v -17.6362 22.3965 -2.0323
v 34.7663 20.2842 7.1434
v 34.7997 20.2852 6.9103
v 34.8235 21.6645 6.9197
v 34.7663 20.2842 7.1434
v 34.8235 21.6645 6.9197
v 34.7900 21.6635 7.1528
v 34.7997 20.2852 6.9103
v 35.0328 20.2810 6.9437
v 35.0565 21.6603 6.9531
v 34.7997 20.2852 6.9103
v 35.0565 21.6603 6.9531
v 34.8235 21.6645 6.9197
v 35.0328 20.2810 6.9437
v 34.9993 20.2800 7.1768
v 35.0231 21.6593 7.1862
v 35.0328 20.2810 6.9437
v 35.0231 21.6593 7.1862
v 35.0565 21.6603 6.9531
v 34.9993 20.2800 7.1768
v 34.7663 20.2842 7.1434
v 34.7900 21.6635 7.1528
v 34.9993 20.2800 7.1768
v 34.7900 21.6635 7.1528
v 35.0231 21.6593 7.1862
v -33.7845 18.3005 28.5088
v -34.0350 18.2929 28.3994
v -34.0459 19.8930 28.3130
v -33.7845 18.3005 28.5088
v -34.0459 19.8930 28.3130
v -33.7953 19.9006 28.4224
v -34.0350 18.2929 28.3994
v -33.9254 18.2801 28.1491
v -33.9363 19.8803 28.0627
v -34.0350 18.2929 28.3994
v -33.9363 19.8803 28.0627
v -34.0459 19.8930 28.3130
v -33.9254 18.2801 28.1491
v -33.6748 18.2877 28.2585
v -33.6857 19.8879 28.1721
v -33.9254 18.2801 28.1491
v -33.6857 19.8879 28.1721
v -33.9363 19.8803 28.0627
v -33.6748 18.2877 28.2585
v -33.7845 18.3005 28.5088
v -33.7953 19.9006 28.4224
v -33.6748 18.2877 28.2585
v -33.7953 19.9006 28.4224
v -33.6857 19.8879 28.1721
v -39.8979 23.3211 -18.1227
v -40.0202 23.3256 -17.7975
v -39.8607 25.3546 -17.7660
v -39.8979 23.3211 -18.1227
v -39.8607 25.3546 -17.7660
v -39.7383 25.3501 -18.0912
v -40.0202 23.3256 -17.7975
v -40.3443 23.3530 -17.9198
v -40.1847 25.3820 -17.8883
v -40.0202 23.3256 -17.7975
v -40.1847 25.3820 -17.8883
v -39.8607 25.3546 -17.7660
v -40.3443 23.3530 -17.9198
v -40.2219 23.3485 -18.2450
v -40.0624 25.3775 -18.2135
v -40.3443 23.3530 -17.9198
v -40.0624 25.3775 -18.2135
v -40.1847 25.3820 -17.8883
v -40.2219 23.3485 -18.2450
v -39.8979 23.3211 -18.1227
v -39.7383 25.3501 -18.0912
v -40.2219 23.3485 -18.2450
v -39.7383 25.3501 -18.0912
v -40.0624 25.3775 -18.2135
v 39.7854 18.4567 28.6434
v 39.7464 18.4611 28.4659
v 39.9177 19.5124 28.4541
v 39.7854 18.4567 28.6434
v 39.9177 19.5124 28.4541
v 39.9567 19.5081 28.6317
v 39.7464 18.4611 28.4659
v 39.9216 18.4321 28.4267
v 40.0929 19.4834 28.4149
v 39.7464 18.4611 28.4659
v 40.0929 19.4834 28.4149
v 39.9177 19.5124 28.4541
v 39.9216 18.4321 28.4267
v 39.9606 18.4277 28.6042
v 40.1319 19.4791 28.5925
v 39.9216 18.4321 28.4267
v 40.1319 19.4791 28.5925
v 40.0929 19.4834 28.4149
v 39.9606 18.4277 28.6042
v 39.7854 18.4567 28.6434
v 39.9567 19.5081 28.6317
v 39.9606 18.4277 28.6042
v 39.9567 19.5081 28.6317
v 40.1319 19.4791 28.5925
v -45.7108 18.3454 32.5043
v -45.7874 18.3490 32.3098
v -45.7781 19.5741 32.3288
v -45.7108 18.3454 32.5043
v -45.7781 19.5741 32.3288
v -45.7015 19.5705 32.5234
v -45.7874 18.3490 32.3098
v -45.5928 18.3487 32.2331
v -45.5835 19.5738 32.2522
v -45.7874 18.3490 32.3098
v -45.5835 19.5738 32.2522
v -45.7781 19.5741 32.3288
v -45.5928 18.3487 32.2331
v -45.5162 18.3451 32.4277
v -45.5069 19.5702 32.4467
v -45.5928 18.3487 32.2331
v -45.5069 19.5702 32.4467
v -45.5835 19.5738 32.2522
v -45.5162 18.3451 32.4277
v -45.7108 18.3454 32.5043
v -45.7015 19.5705 32.5234
v -45.5162 18.3451 32.4277
v -45.7015 19.5705 32.5234
v -45.5069 19.5702 32.4467
v 33.5269 21.8061 -14.9166
v 33.5135 21.8051 -14.6938
v 33.4025 23.1079 -14.6942
v 33.5269 21.8061 -14.9166
v 33.4025 23.1079 -14.6942
v 33.4158 23.1089 -14.9170
v 33.5135 21.8051 -14.6938
v 33.2915 21.7861 -14.7072
v 33.1805 23.0889 -14.7076
v 33.5135 21.8051 -14.6938
v 33.1805 23.0889 -14.7076
v 33.4025 23.1079 -14.6942
v 33.2915 21.7861 -14.7072
v 33.3049 21.7872 -14.9299
v 33.1939 23.0900 -14.9304
v 33.2915 21.7861 -14.7072
v 33.1939 23.0900 -14.9304
v 33.1805 23.0889 -14.7076
v 33.3049 21.7872 -14.9299
v 33.5269 21.8061 -14.9166
v 33.4158 23.1089 -14.9170
v 33.3049 21.7872 -14.9299
v 33.4158 23.1089 -14.9170
v 33.1939 23.0900 -14.9304
v -13.2538 17.4102 45.7594
v -13.6578 17.4288 45.7236
v -13.5525 19.8047 45.7672
v -13.2538 17.4102 45.7594
v -13.5525 19.8047 45.7672
v -13.1485 19.7861 45.8030
v -13.6578 17.4288 45.7236
v -13.6217 17.4346 45.3192
v -13.5164 19.8105 45.3628
v -13.6578 17.4288 45.7236
v -13.5164 19.8105 45.3628
v -13.5525 19.8047 45.7672
v -13.6217 17.4346 45.3192
v -13.2177 17.4161 45.3550
v -13.1124 19.7919 45.3986
v -13.6217 17.4346 45.3192
v -13.1124 19.7919 45.3986
v -13.5164 19.8105 45.3628
v -13.2177 17.4161 45.3550
v -13.2538 17.4102 45.7594
v -13.1485 19.7861 45.8030
v -13.2177 17.4161 45.3550
v -13.1485 19.7861 45.8030
v -13.1124 19.7919 45.3986
v -49.6919 18.2311 39.5383
v -49.5445 18.2386 39.6107
v -49.5845 19.2005 39.5926
v -49.6919 18.2311 39.5383
v -49.5845 19.2005 39.5926
v -49.7319 19.1930 39.5203
v -49.5445 18.2386 39.6107
v -49.6169 18.2384 39.7582
v -49.6569 19.2003 39.7402
v -49.5445 18.2386 39.6107
v -49.6569 19.2003 39.7402
v -49.5845 19.2005 39.5926
v -49.6169 18.2384 39.7582
v -49.7643 18.2309 39.6859
v -49.8043 19.1928 39.6679
v -49.6169 18.2384 39.7582
v -49.8043 19.1928 39.6679
v -49.6569 19.2003 39.7402
v -49.7643 18.2309 39.6859
v -49.6919 18.2311 39.5383
v -49.7319 19.1930 39.5203
v -49.7643 18.2309 39.6859
v -49.7319 19.1930 39.5203
v -49.8043 19.1928 39.6679
v -1.0233 22.3330 -5.8308
v -0.8417 22.3354 -5.7214
v -0.8257 23.5758 -5.7745
v -1.0233 22.3330 -5.8308
v -0.8257 23.5758 -5.7745
v -1.0072 23.5734 -5.8839
v -0.8417 22.3354 -5.7214
v -0.9511 22.3445 -5.5401
v -0.9350 23.5849 -5.5932
v -0.8417 22.3354 -5.7214
v -0.9350 23.5849 -5.5932
v -0.8257 23.5758 -5.7745
v -0.9511 22.3445 -5.5401
v -1.1326 22.3422 -5.6495
v -1.1166 23.5826 -5.7026
v -0.9511 22.3445 -5.5401
v -1.1166 23.5826 -5.7026
v -0.9350 23.5849 -5.5932
v -1.1326 22.3422 -5.6495
v -1.0233 22.3330 -5.8308
v -1.0072 23.5734 -5.8839
v -1.1326 22.3422 -5.6495
v -1.0072 23.5734 -5.8839
v -1.1166 23.5826 -5.7026
v 5.7223 17.2373 46.9244
v 5.9965 17.2298 46.8800
v 6.0438 18.8567 46.8977
v 5.7223 17.2373 46.9244
v 6.0438 18.8567 46.8977
v 5.7697 18.8642 46.9421
v 5.9965 17.2298 46.8800
v 6.0408 17.2255 47.1542
v 6.0881 18.8524 47.1719
v 5.9965 17.2298 46.8800
v 6.0881 18.8524 47.1719
v 6.0438 18.8567 46.8977
v 6.0408 17.2255 47.1542
v 5.7666 17.2330 47.1986
v 5.8140 18.8599 47.2164
v 6.0408 17.2255 47.1542
v 5.8140 18.8599 47.2164
v 6.0881 18.8524 47.1719
v 5.7666 17.2330 47.1986
v 5.7223 17.2373 46.9244
v 5.7697 18.8642 46.9421
v 5.7666 17.2330 47.1986
v 5.7697 18.8642 46.9421
v 5.8140 18.8599 47.2164
v -2.8377 17.9508 35.7875
v -3.0331 17.9464 36.0065
v -2.9546 19.6611 36.1112
v -2.8377 17.9508 35.7875
v -2.9546 19.6611 36.1112
v -2.7592 19.6655 35.8922
v -3.0331 17.9464 36.0065
v -3.2518 17.9683 35.8119
v -3.1732 19.6830 35.9166
v -3.0331 17.9464 36.0065
v -3.1732 19.6830 35.9166
v -2.9546 19.6611 36.1112
v -3.2518 17.9683 35.8119
v -3.0564 17.9727 35.5929
v -2.9778 19.6874 35.6976
v -3.2518 17.9683 35.8119
v -2.9778 19.6874 35.6976
v -3.1732 19.6830 35.9166
v -3.0564 17.9727 35.5929
v -2.8377 17.9508 35.7875
v -2.7592 19.6655 35.8922
v -3.0564 17.9727 35.5929
v -2.7592 19.6655 35.8922
v -2.9778 19.6874 35.6976
v -35.5493 17.6628 45.6723
v -35.5566 17.6624 45.4691
v -35.6767 18.8477 45.4710
v -35.5493 17.6628 45.6723
v -35.6767 18.8477 45.4710
v -35.6695 18.8481 45.6742
v -35.5566 17.6624 45.4691
v -35.3544 17.6829 45.4619
v -35.4745 18.8682 45.4637
v -35.5566 17.6624 45.4691
v -35.4745 18.8682 45.4637
v -35.6767 18.8477 45.4710
v -35.3544 17.6829 45.4619
v -35.3471 17.6833 45.6651
v -35.4673 18.8686 45.6670
v -35.3544 17.6829 45.4619
v -35.4673 18.8686 45.6670
v -35.4745 18.8682 45.4637
v -35.3471 17.6833 45.6651
v -35.5493 17.6628 45.6723
v -35.6695 18.8481 45.6742
v -35.3471 17.6833 45.6651
v -35.6695 18.8481 45.6742
v -35.4673 18.8686 45.6670
v -32.4772 20.5909 4.8831
v -32.3567 20.5988 5.0473
v -32.4587 21.7882 5.0646
v -32.4772 20.5909 4.8831
v -32.4587 21.7882 5.0646
v -32.5791 21.7803 4.9005
v -32.3567 20.5988 5.0473
v -32.5202 20.5830 5.1679
v -32.6221 21.7724 5.1853
v -32.3567 20.5988 5.0473
v -32.6221 21.7724 5.1853
v -32.4587 21.7882 5.0646
v -32.5202 20.5830 5.1679
v -32.6406 20.5751 5.0038
v -32.7426 21.7645 5.0211
v -32.5202 20.5830 5.1679
v -32.7426 21.7645 5.0211
v -32.6221 21.7724 5.1853
v -32.6406 20.5751 5.0038
v -32.4772 20.5909 4.8831
v -32.5791 21.7803 4.9005
v -32.6406 20.5751 5.0038
v -32.5791 21.7803 4.9005
v -32.7426 21.7645 5.0211
v 25.4224 21.2257 -10.1910
v 25.6057 21.2152 -10.2990
v 25.7016 22.4586 -10.2575
v 25.4224 21.2257 -10.1910
v 25.7016 22.4586 -10.2575
v 25.5183 22.4692 -10.1495
v 25.6057 21.2152 -10.2990
v 25.7130 21.2008 -10.1155
v 25.8089 22.4442 -10.0741
v 25.6057 21.2152 -10.2990
v 25.8089 22.4442 -10.0741
v 25.7016 22.4586 -10.2575
v 25.7130 21.2008 -10.1155
v 25.5297 21.2113 -10.0075
v 25.6256 22.4548 -9.9661
v 25.7130 21.2008 -10.1155
v 25.6256 22.4548 -9.9661
v 25.8089 22.4442 -10.0741
v 25.5297 21.2113 -10.0075
v 25.4224 21.2257 -10.1910
v 25.5183 22.4692 -10.1495
v 25.5297 21.2113 -10.0075
v 25.5183 22.4692 -10.1495
v 25.6256 22.4548 -9.9661
v -8.3234 17.7349 40.4179
v -8.4990 17.7400 40.2654
v -8.5314 19.1002 40.3481
v -8.3234 17.7349 40.4179
v -8.5314 19.1002 40.3481
v -8.3558 19.0951 40.5006
v -8.4990 17.7400 40.2654
v -8.3465 17.7542 40.0902
v -8.3790 19.1145 40.1730
v -8.4990 17.7400 40.2654
v -8.3790 19.1145 40.1730
v -8.5314 19.1002 40.3481
v -8.3465 17.7542 40.0902
v -8.1709 17.7492 40.2427
v -8.2033 19.1094 40.3255
v -8.3465 17.7542 40.0902
v -8.2033 19.1094 40.3255
v -8.3790 19.1145 40.1730
v -8.1709 17.7492 40.2427
v -8.3234 17.7349 40.4179
v -8.3558 19.0951 40.5006
v -8.1709 17.7492 40.2427
v -8.3558 19.0951 40.5006
v -8.2033 19.1094 40.3255
v 11.9108 21.3594 -1.7390
v 11.8016 21.3723 -1.9985
v 12.0290 23.0077 -2.0128
v 11.9108 21.3594 -1.7390
v 12.0290 23.0077 -2.0128
v 12.1381 22.9948 -1.7532
v 11.8016 21.3723 -1.9985
v 12.0586 21.3356 -2.1083
v 12.2859 22.9711 -2.1226
v 11.8016 21.3723 -1.9985
v 12.2859 22.9711 -2.1226
v 12.0290 23.0077 -2.0128
v 12.0586 21.3356 -2.1083
v 12.1677 21.3227 -1.8488
v 12.3951 22.9581 -1.8631
v 12.0586 21.3356 -2.1083
v 12.3951 22.9581 -1.8631
v 12.2859 22.9711 -2.1226
v 12.1677 21.3227 -1.8488
v 11.9108 21.3594 -1.7390
v 12.1381 22.9948 -1.7532
v 12.1677 21.3227 -1.8488
v 12.1381 22.9948 -1.7532
v 12.3951 22.9581 -1.8631
v -14.7998 18.1513 32.4455
v -14.7356 18.1483 32.7222
v -14.5594 19.8029 32.6994
v -14.7998 18.1513 32.4455
v -14.5594 19.8029 32.6994
v -14.6237 19.8059 32.4228
v -14.7356 18.1483 32.7222
v -15.0106 18.1784 32.7863
v -14.8345 19.8330 32.7636
v -14.7356 18.1483 32.7222
v -14.8345 19.8330 32.7636
v -14.5594 19.8029 32.6994
v -15.0106 18.1784 32.7863
v -15.0748 18.1814 32.5097
v -14.8987 19.8361 32.4869
v -15.0106 18.1784 32.7863
v -14.8987 19.8361 32.4869
v -14.8345 19.8330 32.7636
v -15.0748 18.1814 32.5097
v -14.7998 18.1513 32.4455
v -14.6237 19.8059 32.4228
v -15.0748 18.1814 32.5097
v -14.6237 19.8059 32.4228
v -14.8987 19.8361 32.4869
v 10.1108 17.3693 45.1841
v 10.2878 17.3678 45.3586
v 10.2423 18.8218 45.4172
v 10.1108 17.3693 45.1841
v 10.2423 18.8218 45.4172
v 10.0653 18.8233 45.2428
v 10.2878 17.3678 45.3586
v 10.1135 17.3552 45.5353
v 10.0680 18.8092 45.5939
v 10.2878 17.3678 45.3586
v 10.0680 18.8092 45.5939
v 10.2423 18.8218 45.4172
v 10.1135 17.3552 45.5353
v 9.9365 17.3567 45.3608
v 9.8911 18.8107 45.4195
v 10.1135 17.3552 45.5353
v 9.8911 18.8107 45.4195
v 10.0680 18.8092 45.5939
v 9.9365 17.3567 45.3608
v 10.1108 17.3693 45.1841
v 10.0653 18.8233 45.2428
v 9.9365 17.3567 45.3608
v 10.0653 18.8233 45.2428
v 9.8911 18.8107 45.4195
vt 0.00000 1.00000
vt 0.00000 1.00000
vt 0.00000 1.00000
vt 0.00000 1.00000
vt 0.00000 1.00000
vt 0.00000 1.00000
vt 0.00000 1.00000
vt 0.00000 1.00000
vt 0.00000 1.00000
vt 0.00000 1.00000
vt 0.00000 1.00000
vt 0.00000 1.00000
vt 0.00000 1.00000
vt 0.00000 1.00000
vt 0.00000 1.00000
vt 0.00000 1.00000
vt 0.00000 1.00000
vt 0.00000 1.00000
vt 0.00000 1.00000
vt 0.00000 1.00000
vt 0.00000 1.00000
vt 0.00000 1.00000
vt 0.00000 1.00000
vt 0.00000 1.00000
vt 0.00000 1.00000
vt 0.00000 1.00000
vt 0.00000 1.00000
vt 0.00000 1.00000
vt 0.00000 1.00000
vt 0.00000 1.00000
vt 0.00000 1.00000
vt 0.00000 1.00000
vt 0.00000 1.00000
vt 0.00000 1.00000
vt 0.00000 1.00000
vt 0.00000 1.00000
vt 0.00000 1.00000
vt 0.00000 1.00000
vt 0.00000 1.00000
vt 0.00000 1.00000
vt 0.00000 1.00000
vt 0.00000 1.00000
vt 0.00000 1.00000
vt 0.00000 1.00000
vt 0.00000 1.00000
vt 0.00000 1.00000
vt 0.00000 1.00000
vt 0.00000 1.00000
vt 0.00000 1.00000
vt 0.00000 1.00000
vt 0.00000 1.00000
vt 0.00000 1.00000
vt 0.00000 1.00000
vt 0.00000 1.00000
vt 0.00000 1.00000
vt 0.00000 1.00000
vt 0.00000 1.00000
vt 0.00000 1.00000
vt 0.00000 1.00000
vt 0.00000 1.00000
vt 0.00000 1.00000
vt 0.00000 1.00000
vt 0.00000 1.00000
vt 0.00000 1.00000
vt 0.00000 1.00000
vt 0.00000 1.00000
vt 0.00000 1.00000
vt 0.00000 1.00000
vt 0.00000 1.00000
vt 0.00000 1.00000
vt 0.00000 1.00000
vt 0.00000 1.00000
vt 0.00000 1.00000
vt 0.00000 1.00000
vt 0.00000 1.00000
vt 0.00000 1.00000
vt 0.00000 1.00000
vt 0.00000 1.00000
vt 0.00000 1.00000
vt 0.00000 1.00000
vt 0.00000 1.00000
vt 0.00000 1.00000
vt 0.00000 1.00000
vt 0.00000 1.00000
vt 0.00000 1.00000
vt 0.00000 1.00000
vt 0.00000 1.00000
vt 0.00000 1.00000
vt 0.00000 1.00000
vt 0.00000 1.00000
vt 0.00000 1.00000
vt 0.00000 1.00000
vt 0.00000 1.00000
vt 0.00000 1.00000
vt 0.00000 1.00000
vt 0.00000 1.00000
vt 0.00000 1.00000
vt 0.00000 1.00000
vt 0.00000 1.00000
vt 0.00000 1.00000
vt 0.00000 1.00000
vt 0.00000 1.00000
vt 0.00000 1.00000
vt 0.00000 1.00000
vt 0.00000 1.00000
vt 0.00000 1.00000
vt 0.00000 1.00000
vt 0.00000 1.00000
vt 0.00000 1.00000
vt 0.00000 1.00000
vt 0.00000 1.00000
vt 0.00000 1.00000
vt 0.00000 1.00000
vt 0.00000 1.00000
vt 0.00000 1.00000
vt 0.00000 1.00000
vt 0.00000 1.00000
vt 0.00000 1.00000
vt 0.00000 1.00000
vt 0.00000 1.00000
vt 0.00000 1.00000
vt 0.00000 1.00000
vt 0.00000 1.00000
vt 0.00000 1.00000
vt 0.00000 1.00000
vt 0.00000 1.00000
vt 0.00000 1.00000
vt 0.00000 1.00000
vt 0.00000 1.00000
vt 0.00000 1.00000
vt 0.00000 1.00000
vt 0.00000 1.00000
vt 0.00000 1.00000
vt 0.00000 1.00000
vt 0.00000 1.00000
vt 0.00000 1.00000
vt 0.00000 1.00000
vt 0.00000 1.00000
vt 0.00000 1.00000
vt 0.00000 1.00000
vt 0.00000 1.00000
vt 0.00000 1.00000
vt 0.00000 1.00000
vt 0.00000 1.00000
vt 0.00000 1.00000
vt 0.00000 1.00000
vt 0.00000 1.00000
vt 0.00000 1.00000
vt 0.00000 1.00000
vt 0.00000 1.00000
vt 0.00000 1.00000
vt 0.00000 1.00000
vt 0.00000 1.00000
vt 0.00000 1.00000
vt 0.00000 1.00000
vt 0.00000 1.00000
vt 0.00000 1.00000
vt 0.00000 1.00000
vt 0.00000 1.00000
vt 0.00000 1.00000
vt 0.00000 1.00000
vt 0.00000 1.00000
vt 0.00000 1.00000
vt 0.00000 1.00000
vt 0.00000 1.00000
vt 0.00000 1.00000
vt 0.00000 1.00000
vt 0.00000 1.00000
vt 0.00000 1.00000
vt 0.00000 1.00000
vt 0.00000 1.00000
vt 0.00000 1.00000
vt 0.00000 1.00000
vt 0.00000 1.00000
vt 0.00000 1.00000
vt 0.00000 1.00000
vt 0.00000 1.00000
vt 0.00000 1.00000
vt 0.00000 1.00000
vt 0.00000 1.00000
vt 0.00000 1.00000
vt 0.00000 1.00000
vt 0.00000 1.00000
vt 0.00000 1.00000
vt 0.00000 1.00000
vt 0.00000 1.00000
vt 0.00000 1.00000
vt 0.00000 1.00000
vt 0.00000 1.00000
vt 0.00000 1.00000
vt 0.00000 1.00000
vt 0.00000 1.00000
vt 0.00000 1.00000
vt 0.00000 1.00000
vt 0.00000 1.00000
vt 0.00000 1.00000
vt 0.00000 1.00000
vt 0.00000 1.00000
vt 0.00000 1.00000
vt 0.00000 1.00000
vt 0.00000 1.00000
vt 0.00000 1.00000
vt 0.00000 1.00000
vt 0.00000 1.00000
vt 0.00000 1.00000
vt 0.00000 1.00000
vt 0.00000 1.00000
vt 0.00000 1.00000
vt 0.00000 1.00000
vt 0.00000 1.00000
vt 0.00000 1.00000
vt 0.00000 1.00000
vt 0.00000 1.00000
vt 0.00000 1.00000
vt 0.00000 1.00000
vt 0.00000 1.00000
vt 0.00000 1.00000
vt 0.00000 1.00000
vt 0.00000 1.00000
vt 0.00000 1.00000
vt 0.00000 1.00000
vt 0.00000 1.00000
vt 0.00000 1.00000
vt 0.00000 1.00000
vt 0.00000 1.00000
vt 0.00000 1.00000
vt 0.00000 1.00000
vt 0.00000 1.00000
vt 0.00000 1.00000
vt 0.00000 1.00000
vt 0.00000 1.00000
vt 0.00000 1.00000
vt 0.00000 1.00000
vt 0.00000 1.00000
vt 0.00000 1.00000
vt 0.00000 1.00000
vt 0.00000 1.00000
vt 0.00000 1.00000
vt 0.00000 1.00000
vt 0.00000 1.00000
vt 0.00000 1.00000
vt 0.00000 1.00000
vt 0.00000 1.00000
vt 0.00000 1.00000
vt 0.00000 1.00000
vt 0.00000 1.00000
vt 0.00000 1.00000
vt 0.00000 1.00000
vt 0.00000 1.00000
vt 0.00000 1.00000
vt 0.00000 1.00000
vt 0.00000 1.00000
vt 0.00000 1.00000
vt 0.00000 1.00000
vt 0.00000 1.00000
vt 0.00000 1.00000
vt 0.00000 1.00000
vt 0.00000 1.00000
vt 0.00000 1.00000
vt 0.00000 1.00000
vt 0.00000 1.00000
vt 0.00000 1.00000
vt 0.00000 1.00000
vt 0.00000 1.00000
vt 0.00000 1.00000
vt 0.00000 1.00000
vt 0.00000 1.00000
vt 0.00000 1.00000
vt 0.00000 1.00000
vt 0.00000 1.00000
vt 0.00000 1.00000
vt 0.00000 1.00000
vt 0.00000 1.00000
vt 0.00000 1.00000
vt 0.00000 1.00000
vt 0.00000 1.00000
vt 0.00000 1.00000
vt 0.00000 1.00000
vt 0.00000 1.00000
vt 0.00000 1.00000
vt 0.00000 1.00000
vt 0.00000 1.00000
vt 0.00000 1.00000
vt 0.00000 1.00000
vt 0.00000 1.00000
vt 0.00000 1.00000
vt 0.00000 1.00000
vt 0.00000 1.00000
vt 0.00000 1.00000
vt 0.00000 1.00000
vt 0.00000 1.00000
vt 0.00000 1.00000
vt 0.00000 1.00000
vt 0.00000 1.00000
vt 0.00000 1.00000
vt 0.00000 1.00000
vt 0.00000 1.00000
vt 0.00000 1.00000
vt 0.00000 1.00000
vt 0.00000 1.00000
vt 0.00000 1.00000
vt 0.00000 1.00000
vt 0.00000 1.00000
vt 0.00000 1.00000
vt 0.00000 1.00000
vt 0.00000 1.00000
vt 0.00000 1.00000
vt 0.00000 1.00000
vt 0.00000 1.00000
vt 0.00000 1.00000
vt 0.00000 1.00000
vt 0.00000 1.00000
vt 0.00000 1.00000
vt 0.00000 1.00000
vt 0.00000 1.00000
vt 0.00000 1.00000
vt 0.00000 1.00000
vt 0.00000 1.00000
vt 0.00000 1.00000
vt 0.00000 1.00000
vt 0.00000 1.00000
vt 0.00000 1.00000
vt 0.00000 1.00000
vt 0.00000 1.00000
vt 0.00000 1.00000
vt 0.00000 1.00000
vt 0.00000 1.00000
vt 0.00000 1.00000
vt 0.00000 1.00000
vt 0.00000 1.00000
vt 0.00000 1.00000
vt 0.00000 1.00000
vt 0.00000 1.00000
vt 0.00000 1.00000
vt 0.00000 1.00000
vt 0.00000 1.00000
vt 0.00000 1.00000
vt 0.00000 1.00000
vt 0.00000 1.00000
vt 0.00000 1.00000
vt 0.00000 1.00000
vt 0.00000 1.00000
vt 0.00000 1.00000
vt 0.00000 1.00000
vt 0.00000 1.00000
vt 0.00000 1.00000
vt 0.00000 1.00000
vt 0.00000 1.00000
vt 0.00000 1.00000
vt 0.00000 1.00000
vt 0.00000 1.00000
vt 0.00000 1.00000
vt 0.00000 1.00000
vt 0.00000 1.00000
vt 0.00000 1.00000
vt 0.00000 1.00000
vt 0.00000 1.00000
vt 0.00000 1.00000
vt 0.00000 1.00000
vt 0.00000 1.00000
vt 0.00000 1.00000
vt 0.00000 1.00000
vt 0.00000 1.00000
vt 0.00000 1.00000
vt 0.00000 1.00000
vt 0.00000 1.00000
vt 0.00000 1.00000
vt 0.00000 1.00000
vt 0.00000 1.00000
vt 0.00000 1.00000
vt 0.00000 1.00000
vt 0.00000 1.00000
vt 0.00000 1.00000
vt 0.00000 1.00000
vt 0.00000 1.00000
vt 0.00000 1.00000
vt 0.00000 1.00000
vt 0.00000 1.00000
vt 0.00000 1.00000
vt 0.00000 1.00000
vt 0.00000 1.00000
vt 0.00000 1.00000
vt 0.00000 1.00000
vt 0.00000 1.00000
vt 0.00000 1.00000
vt 0.00000 1.00000
vt 0.00000 1.00000
vt 0.00000 1.00000
vt 0.00000 1.00000
vt 0.00000 1.00000
vt 0.00000 1.00000
vt 0.00000 1.00000
vt 0.00000 1.00000
vt 0.00000 1.00000
vt 0.00000 1.00000
vt 0.00000 1.00000
vt 0.00000 1.00000
vt 0.00000 1.00000
vt 0.00000 1.00000
vt 0.00000 1.00000
vt 0.00000 1.00000
vt 0.00000 1.00000
vt 0.00000 1.00000
vt 0.00000 1.00000
vt 0.00000 1.00000
vt 0.00000 1.00000
vt 0.00000 1.00000
vt 0.00000 1.00000
vt 0.00000 1.00000
vt 0.00000 1.00000
vt 0.00000 1.00000
vt 0.00000 1.00000
vt 0.00000 1.00000
vt 0.00000 1.00000
vt 0.00000 1.00000
vt 0.00000 1.00000
vt 0.00000 1.00000
vt 0.00000 1.00000
vt 0.00000 1.00000
vt 0.00000 1.00000
vt 0.00000 1.00000
vt 0.00000 1.00000
vt 0.00000 1.00000
vt 0.00000 1.00000
vt 0.00000 1.00000
vt 0.00000 1.00000
vt 0.00000 1.00000
vt 0.00000 1.00000
vt 0.00000 1.00000
vt 0.00000 1.00000
vt 0.00000 1.00000
vt 0.00000 1.00000
vt 0.00000 1.00000
vt 0.00000 1.00000
vt 0.00000 1.00000
vt 0.00000 1.00000
vt 0.00000 1.00000
vt 0.00000 1.00000
vt 0.00000 1.00000
vt 0.00000 1.00000
vt 0.00000 1.00000
vt 0.00000 1.00000
vt 0.00000 1.00000
vt 0.00000 1.00000
vt 0.00000 1.00000
vt 0.00000 1.00000
vt 0.00000 1.00000
vt 0.00000 1.00000
vt 0.00000 1.00000
vt 0.00000 1.00000
vt 0.00000 1.00000
vt 0.00000 1.00000
vt 0.00000 1.00000
vt 0.00000 1.00000
vt 0.00000 1.00000
vt 0.00000 1.00000
vt 0.00000 1.00000
vt 0.00000 1.00000
vt 0.00000 1.00000
vt 0.00000 1.00000
vt 0.00000 1.00000
vt 0.00000 1.00000
vt 0.00000 1.00000
vt 0.00000 1.00000
vt 0.00000 1.00000
vt 0.00000 1.00000
vt 0.00000 1.00000
vt 0.00000 1.00000
vt 0.00000 1.00000
vt 0.00000 1.00000
vt 0.00000 1.00000
vt 0.00000 1.00000
vt 0.00000 1.00000
vt 0.00000 1.00000
vt 0.00000 1.00000
vt 0.00000 1.00000
vt 0.00000 1.00000
vt 0.00000 1.00000
vt 0.00000 1.00000
vt 0.00000 1.00000
vt 0.00000 1.00000
vt 0.00000 1.00000
vt 0.00000 1.00000
vt 0.00000 1.00000
vt 0.00000 1.00000
vt 0.00000 1.00000
vt 0.00000 1.00000
vt 0.00000 1.00000
vt 0.00000 1.00000
vt 0.00000 1.00000
vt 0.00000 1.00000
vt 0.00000 1.00000
vt 0.00000 1.00000
vt 0.00000 1.00000
vt 0.00000 1.00000
vt 0.00000 1.00000
vt 0.00000 1.00000
vt 0.00000 1.00000
vt 0.00000 1.00000
vt 0.00000 1.00000
vt 0.00000 1.00000
vt 0.00000 1.00000
vt 0.00000 1.00000
vt 0.00000 1.00000
vt 0.00000 1.00000
vt 0.00000 1.00000
vt 0.00000 1.00000
vt 0.00000 1.00000
vt 0.00000 1.00000
vt 0.00000 1.00000
vt 0.00000 1.00000
vt 0.00000 1.00000
vt 0.00000 1.00000
vt 0.00000 1.00000
vt 0.00000 1.00000
vt 0.00000 1.00000
vt 0.00000 1.00000
vt 0.00000 1.00000
vt 0.00000 1.00000
vt 0.00000 1.00000
vt 0.00000 1.00000
vt 0.00000 1.00000
vt 0.00000 1.00000
vt 0.00000 1.00000
vt 0.00000 1.00000
vt 0.00000 1.00000
vt 0.00000 1.00000
vt 0.00000 1.00000
vt 0.00000 1.00000
vt 0.00000 1.00000
vt 0.00000 1.00000
vt 0.00000 1.00000
vt 0.00000 1.00000
vt 0.00000 1.00000
vt 0.00000 1.00000
vt 0.00000 1.00000
vt 0.00000 1.00000
vt 0.00000 1.00000
vt 0.00000 1.00000
vt 0.00000 1.00000
vt 0.00000 1.00000
vt 0.00000 1.00000
vt 0.00000 1.00000
vt 0.00000 1.00000
vt 0.00000 1.00000
vt 0.00000 1.00000
vt 0.00000 1.00000
vt 0.00000 1.00000
vt 0.00000 1.00000
vt 0.00000 1.00000
vt 0.00000 1.00000
vt 0.00000 1.00000
vt 0.00000 1.00000
vt 0.00000 1.00000
vt 0.00000 1.00000
vt 0.00000 1.00000
vt 0.00000 1.00000
vt 0.00000 1.00000
vt 0.00000 1.00000
vt 0.00000 1.00000
vt 0.00000 1.00000
vt 0.00000 1.00000
vt 0.00000 1.00000
vt 0.00000 1.00000
vt 0.00000 1.00000
vt 0.00000 1.00000
vt 0.00000 1.00000
vt 0.00000 1.00000
vt 0.00000 1.00000
vt 0.00000 1.00000
vt 0.00000 1.00000
vt 0.00000 1.00000
vt 0.00000 1.00000
vt 0.00000 1.00000
vt 0.00000 1.00000
vt 0.00000 1.00000
vt 0.00000 1.00000
vt 0.00000 1.00000
vt 0.00000 1.00000
vt 0.00000 1.00000
vt 0.00000 1.00000
vt 0.00000 1.00000
vt 0.00000 1.00000
vt 0.00000 1.00000
vt 0.00000 1.00000
vt 0.00000 1.00000
vt 0.00000 1.00000
vt 0.00000 1.00000
vt 0.00000 1.00000
vt 0.00000 1.00000
vt 0.00000 1.00000
vt 0.00000 1.00000
vt 0.00000 1.00000
vt 0.00000 1.00000
vt 0.00000 1.00000
vt 0.00000 1.00000
vt 0.00000 1.00000
vt 0.00000 1.00000
vt 0.00000 1.00000
vt 0.00000 1.00000
vt 0.00000 1.00000
vt 0.00000 1.00000
vt 0.00000 1.00000
vt 0.00000 1.00000
vt 0.00000 1.00000
vt 0.00000 1.00000
vt 0.00000 1.00000
vt 0.00000 1.00000
vt 0.00000 1.00000
vt 0.00000 1.00000
vt 0.00000 1.00000
vt 0.00000 1.00000
vt 0.00000 1.00000
vt 0.00000 1.00000
vt 0.00000 1.00000
vt 0.00000 1.00000
vt 0.00000 1.00000
vt 0.00000 1.00000
vt 0.00000 1.00000
vt 0.00000 1.00000
vt 0.00000 1.00000
vt 0.00000 1.00000
vt 0.00000 1.00000
vt 0.00000 1.00000
vt 0.00000 1.00000
vt 0.00000 1.00000
vt 0.00000 1.00000
vt 0.00000 1.00000
vt 0.00000 1.00000
vt 0.00000 1.00000
vt 0.00000 1.00000
vt 0.00000 1.00000
vt 0.00000 1.00000
vt 0.00000 1.00000
vt 0.00000 1.00000
vt 0.00000 1.00000
vt 0.00000 1.00000
vt 0.00000 1.00000
vt 0.00000 1.00000
vt 0.00000 1.00000
vt 0.00000 1.00000
vt 0.00000 1.00000
vt 0.00000 1.00000
vt 0.00000 1.00000
vt 0.00000 1.00000
vt 0.00000 1.00000
vt 0.00000 1.00000
vt 0.00000 1.00000
vt 0.00000 1.00000
vt 0.00000 1.00000
vt 0.00000 1.00000
vt 0.00000 1.00000
vt 0.00000 1.00000
vt 0.00000 1.00000
vt 0.00000 1.00000
vt 0.00000 1.00000
vt 0.00000 1.00000
vt 0.00000 1.00000
vt 0.00000 1.00000
vt 0.00000 1.00000
vt 0.00000 1.00000
vt 0.00000 1.00000
vt 0.00000 1.00000
vt 0.00000 1.00000
vt 0.00000 1.00000
vt 0.00000 1.00000
vt 0.00000 1.00000
vt 0.00000 1.00000
vt 0.00000 1.00000
vt 0.00000 1.00000
vt 0.00000 1.00000
vt 0.00000 1.00000
vt 0.00000 1.00000
vt 0.00000 1.00000
vt 0.00000 1.00000
vt 0.00000 1.00000
vt 0.00000 1.00000
vt 0.00000 1.00000
vt 0.00000 1.00000
vt 0.00000 1.00000
vt 0.00000 1.00000
vt 0.00000 1.00000
vt 0.00000 1.00000
vt 0.00000 1.00000
vt 0.00000 1.00000
vt 0.00000 1.00000
vt 0.00000 1.00000
vt 0.00000 1.00000
vt 0.00000 1.00000
vt 0.00000 1.00000
vt 0.00000 1.00000
vt 0.00000 1.00000
vt 0.00000 1.00000
vt 0.00000 1.00000
vt 0.00000 1.00000
vt 0.00000 1.00000
vt 0.00000 1.00000
vt 0.00000 1.00000
vt 0.00000 1.00000
vt 0.00000 1.00000
vt 0.00000 1.00000
vt 0.00000 1.00000
vt 0.00000 1.00000
vt 0.00000 1.00000
vt 0.00000 1.00000
vt 0.00000 1.00000
vt 0.00000 1.00000
vt 0.00000 1.00000
vt 0.00000 1.00000
vt 0.00000 1.00000
vt 0.00000 1.00000
vt 0.00000 1.00000
vt 0.00000 1.00000
vt 0.00000 1.00000
vt 0.00000 1.00000
vt 0.00000 1.00000
vt 0.00000 1.00000
vt 0.00000 1.00000
vt 0.00000 1.00000
vt 0.00000 1.00000
vt 0.00000 1.00000
vt 0.00000 1.00000
vt 0.00000 1.00000
vt 0.00000 1.00000
vt 0.00000 1.00000
vt 0.00000 1.00000
vt 0.00000 1.00000
vt 0.00000 1.00000
vt 0.00000 1.00000
vt 0.00000 1.00000
vt 0.00000 1.00000
vt 0.00000 1.00000
vt 0.00000 1.00000
vt 0.00000 1.00000
vt 0.00000 1.00000
vt 0.00000 1.00000
vt 0.00000 1.00000
vt 0.00000 1.00000
vt 0.00000 1.00000
vt 0.00000 1.00000
vt 0.00000 1.00000
vt 0.00000 1.00000
vt 0.00000 1.00000
vt 0.00000 1.00000
vt 0.00000 1.00000
vt 0.00000 1.00000
vt 0.00000 1.00000
vt 0.00000 1.00000
vt 0.00000 1.00000
vt 0.00000 1.00000
vt 0.00000 1.00000
vt 0.00000 1.00000
vt 0.00000 1.00000
vt 0.00000 1.00000
vt 0.00000 1.00000
vt 0.00000 1.00000
vt 0.00000 1.00000
vt 0.00000 1.00000
vt 0.00000 1.00000
vt 0.00000 1.00000
vt 0.00000 1.00000
vt 0.00000 1.00000
vt 0.00000 1.00000
vt 0.00000 1.00000
vt 0.00000 1.00000
vt 0.00000 1.00000
vt 0.00000 1.00000
vt 0.00000 1.00000
vt 0.00000 1.00000
vt 0.00000 1.00000
vt 0.00000 1.00000
vt 0.00000 1.00000
vt 0.00000 1.00000
vt 0.00000 1.00000
vt 0.00000 1.00000
vt 0.00000 1.00000
vt 0.00000 1.00000
vt 0.00000 1.00000
vt 0.00000 1.00000
vt 0.00000 1.00000
vt 0.00000 1.00000
vt 0.00000 1.00000
vt 0.00000 1.00000
vt 0.00000 1.00000
vt 0.00000 1.00000
vt 0.00000 1.00000
vt 0.00000 1.00000
vt 0.00000 1.00000
vt 0.00000 1.00000
vt 0.00000 1.00000
vt 0.00000 1.00000
vt 0.00000 1.00000
vt 0.00000 1.00000
vt 0.00000 1.00000
vt 0.00000 1.00000
vt 0.00000 1.00000
vt 0.00000 1.00000
vt 0.00000 1.00000
vt 0.00000 1.00000
vt 0.00000 1.00000
vt 0.00000 1.00000
vt 0.00000 1.00000
vt 0.00000 1.00000
vt 0.00000 1.00000
vt 0.00000 1.00000
vt 0.00000 1.00000
vt 0.00000 1.00000
vt 0.00000 1.00000
vt 0.00000 1.00000
vt 0.00000 1.00000
vt 0.00000 1.00000
vt 0.00000 1.00000
vt 0.00000 1.00000
vt 0.00000 1.00000
vt 0.00000 1.00000
vt 0.00000 1.00000
vt 0.00000 1.00000
vt 0.00000 1.00000
vt 0.00000 1.00000
vt 0.00000 1.00000
vt 0.00000 1.00000
vt 0.00000 1.00000
vt 0.00000 1.00000
vt 0.00000 1.00000
vt 0.00000 1.00000
vt 0.00000 1.00000
vt 0.00000 1.00000
vt 0.00000 1.00000
vt 0.00000 1.00000
vt 0.00000 1.00000
vt 0.00000 1.00000
vt 0.00000 1.00000
vt 0.00000 1.00000
vt 0.00000 1.00000
vt 0.00000 1.00000
vt 0.00000 1.00000
vt 0.00000 1.00000
vt 0.00000 1.00000
vt 0.00000 1.00000
vt 0.00000 1.00000
vt 0.00000 1.00000
vt 0.00000 1.00000
vt 0.00000 1.00000
vt 0.00000 1.00000
vt 0.00000 1.00000
vt 0.00000 1.00000
vt 0.00000 1.00000
vt 0.00000 1.00000
vt 0.00000 1.00000
vt 0.00000 1.00000
vt 0.00000 1.00000
vt 0.00000 1.00000
vt 0.00000 1.00000
vt 0.00000 1.00000
vt 0.00000 1.00000
vt 0.00000 1.00000
vt 0.00000 1.00000
vt 0.00000 1.00000
vt 0.00000 1.00000
vt 0.00000 1.00000
vt 0.00000 1.00000
vt 0.00000 1.00000
vt 0.00000 1.00000
vt 0.00000 1.00000
vt 0.00000 1.00000
vt 0.00000 1.00000
vt 0.00000 1.00000
vt 0.00000 1.00000
vt 0.00000 1.00000
vt 0.00000 1.00000
vt 0.00000 1.00000
vt 0.00000 1.00000
vt 0.00000 1.00000
vt 0.00000 1.00000
vt 0.00000 1.00000
vt 0.00000 1.00000
vt 0.00000 1.00000
vt 0.00000 1.00000
vt 0.00000 1.00000
vt 0.00000 1.00000
vt 0.00000 1.00000
vt 0.00000 1.00000
vt 0.00000 1.00000
vt 0.00000 1.00000
vt 0.00000 1.00000
vt 0.00000 1.00000
vt 0.00000 1.00000
vt 0.00000 1.00000
vt 0.00000 1.00000
vt 0.00000 1.00000
vt 0.00000 1.00000
vt 0.00000 1.00000
vt 0.00000 1.00000
vt 0.00000 1.00000
vt 0.00000 1.00000
vt 0.00000 1.00000
vt 0.00000 1.00000
vt 0.00000 1.00000
vt 0.00000 1.00000
vt 0.00000 1.00000
vt 0.00000 1.00000
vt 0.00000 1.00000
vt 0.00000 1.00000
vt 0.00000 1.00000
vt 0.00000 1.00000
vt 0.00000 1.00000
vt 0.00000 1.00000
vt 0.00000 1.00000
vt 0.00000 1.00000
vt 0.00000 1.00000
vt 0.00000 1.00000
vt 0.00000 1.00000
vt 0.00000 1.00000
vt 0.00000 1.00000
vt 0.00000 1.00000
vt 0.00000 1.00000
vt 0.00000 1.00000
vt 0.00000 1.00000
vt 0.00000 1.00000
vt 0.00000 1.00000
vt 0.00000 1.00000
vt 0.00000 1.00000
vt 0.00000 1.00000
vt 0.00000 1.00000
vt 0.00000 1.00000
vt 0.00000 1.00000
vt 0.00000 1.00000
vt 0.00000 1.00000
vt 0.00000 1.00000
vt 0.00000 1.00000
vt 0.00000 1.00000
vt 0.00000 1.00000
vt 0.00000 1.00000
vt 0.00000 1.00000
vt 0.00000 1.00000
vt 0.00000 1.00000
vt 0.00000 1.00000
vt 0.00000 1.00000
vt 0.00000 1.00000
vt 0.00000 1.00000
vt 0.00000 1.00000
vt 0.00000 1.00000
vt 0.00000 1.00000
vt 0.00000 1.00000
vt 0.00000 1.00000
vt 0.00000 1.00000
vt 0.00000 1.00000
vt 0.00000 1.00000
vt 0.00000 1.00000
vt 0.00000 1.00000
vt 0.00000 1.00000
vt 0.00000 1.00000
vt 0.00000 1.00000
vt 0.00000 1.00000
vt 0.00000 1.00000
vt 0.00000 1.00000
vt 0.00000 1.00000
vt 0.00000 1.00000
vt 0.00000 1.00000
vt 0.00000 1.00000
vt 0.00000 1.00000
vt 0.00000 1.00000
vt 0.00000 1.00000
vt 0.00000 1.00000
vt 0.00000 1.00000
vt 0.00000 1.00000
vt 0.00000 1.00000
vt 0.00000 1.00000
vt 0.00000 1.00000
vt 0.00000 1.00000
vt 0.00000 1.00000
vt 0.00000 1.00000
vt 0.00000 1.00000
vt 0.00000 1.00000
vt 0.00000 1.00000
vt 0.00000 1.00000
vt 0.00000 1.00000
vt 0.00000 1.00000
vt 0.00000 1.00000
vt 0.00000 1.00000
vt 0.00000 1.00000
vt 0.00000 1.00000
vt 0.00000 1.00000
vt 0.00000 1.00000
usemtl bark
f 1/1 2/2 3/3
f 4/4 5/5 6/6
f 7/7 8/8 9/9
f 10/10 11/11 12/12
f 13/13 14/14 15/15
f 16/16 17/17 18/18
f 19/19 20/20 21/21
f 22/22 23/23 24/24
f 25/25 26/26 27/27
f 28/28 29/29 30/30
f 31/31 32/32 33/33
f 34/34 35/35 36/36
f 37/37 38/38 39/39
f 40/40 41/41 42/42
f 43/43 44/44 45/45
f 46/46 47/47 48/48
f 49/49 50/50 51/51
f 52/52 53/53 54/54
f 55/55 56/56 57/57
f 58/58 59/59 60/60
f 61/61 62/62 63/63
f 64/64 65/65 66/66
f 67/67 68/68 69/69
f 70/70 71/71 72/72
f 73/73 74/74 75/75
f 76/76 77/77 78/78
f 79/79 80/80 81/81
f 82/82 83/83 84/84
f 85/85 86/86 87/87
f 88/88 89/89 90/90
f 91/91 92/92 93/93
f 94/94 95/95 96/96
f 97/97 98/98 99/99
f 100/100 101/101 102/102
f 103/103 104/104 105/105
f 106/106 107/107 108/108
f 109/109 110/110 111/111
f 112/112 113/113 114/114
f 115/115 116/116 117/117
f 118/118 119/119 120/120
f 121/121 122/122 123/123
f 124/124 125/125 126/126
f 127/127 128/128 129/129
f 130/130 131/131 132/132
f 133/133 134/134 135/135
f 136/136 137/137 138/138
f 139/139 140/140 141/141
f 142/142 143/143 144/144
f 145/145 146/146 147/147
f 148/148 149/149 150/150
f 151/151 152/152 153/153
f 154/154 155/155 156/156
f 157/157 158/158 159/159
f 160/160 161/161 162/162
f 163/163 164/164 165/165
f 166/166 167/167 168/168
f 169/169 170/170 171/171
f 172/172 173/173 174/174
f 175/175 176/176 177/177
f 178/178 179/179 180/180
f 181/181 182/182 183/183
f 184/184 185/185 186/186
f 187/187 188/188 189/189
f 190/190 191/191 192/192
f 193/193 194/194 195/195
f 196/196 197/197 198/198
f 199/199 200/200 201/201
f 202/202 203/203 204/204
f 205/205 206/206 207/207
f 208/208 209/209 210/210
f 211/211 212/212 213/213
f 214/214 215/215 216/216
f 217/217 218/218 219/219
f 220/220 221/221 222/222
f 223/223 224/224 225/225
f 226/226 227/227 228/228
f 229/229 230/230 231/231
f 232/232 233/233 234/234
f 235/235 236/236 237/237
f 238/238 239/239 240/240
f 241/241 242/242 243/243
f 244/244 245/245 246/246
f 247/247 248/248 249/249
f 250/250 251/251 252/252
f 253/253 254/254 255/255
f 256/256 257/257 258/258
f 259/259 260/260 261/261
f 262/262 263/263 264/264
f 265/265 266/266 267/267
f 268/268 269/269 270/270
f 271/271 272/272 273/273
f 274/274 275/275 276/276
f 277/277 278/278 279/279
f 280/280 281/281 282/282
f 283/283 284/284 285/285
f 286/286 287/287 288/288
f 289/289 290/290 291/291
f 292/292 293/293 294/294
f 295/295 296/296 297/297
f 298/298 299/299 300/300
f 301/301 302/302 303/303
f 304/304 305/305 306/306
f 307/307 308/308 309/309
f 310/310 311/311 312/312
f 313/313 314/314 315/315
f 316/316 317/317 318/318
f 319/319 320/320 321/321
f 322/322 323/323 324/324
f 325/325 326/326 327/327
f 328/328 329/329 330/330
f 331/331 332/332 333/333
f 334/334 335/335 336/336
f 337/337 338/338 339/339
f 340/340 341/341 342/342
f 343/343 344/344 345/345
f 346/346 347/347 348/348
f 349/349 350/350 351/351
f 352/352 353/353 354/354
f 355/355 356/356 357/357
f 358/358 359/359 360/360
f 361/361 362/362 363/363
f 364/364 365/365 366/366
f 367/367 368/368 369/369
f 370/370 371/371 372/372
f 373/373 374/374 375/375
f 376/376 377/377 378/378
f 379/379 380/380 381/381
f 382/382 383/383 384/384
f 385/385 386/386 387/387
f 388/388 389/389 390/390
f 391/391 392/392 393/393
f 394/394 395/395 396/396
f 397/397 398/398 399/399
f 400/400 401/401 402/402
f 403/403 404/404 405/405
f 406/406 407/407 408/408
f 409/409 410/410 411/411
f 412/412 413/413 414/414
f 415/415 416/416 417/417
f 418/418 419/419 420/420
f 421/421 422/422 423/423
f 424/424 425/425 426/426
f 427/427 428/428 429/429
f 430/430 431/431 432/432
f 433/433 434/434 435/435
f 436/436 437/437 438/438
f 439/439 440/440 441/441
f 442/442 443/443 444/444
f 445/445 446/446 447/447
f 448/448 449/449 450/450
f 451/451 452/452 453/453
f 454/454 455/455 456/456
f 457/457 458/458 459/459
f 460/460 461/461 462/462
f 463/463 464/464 465/465
f 466/466 467/467 468/468
f 469/469 470/470 471/471
f 472/472 473/473 474/474
f 475/475 476/476 477/477
f 478/478 479/479 480/480
f 481/481 482/482 483/483
f 484/484 485/485 486/486
f 487/487 488/488 489/489
f 490/490 491/491 492/492
f 493/493 494/494 495/495
f 496/496 497/497 498/498
f 499/499 500/500 501/501
f 502/502 503/503 504/504
f 505/505 506/506 507/507
f 508/508 509/509 510/510
f 511/511 512/512 513/513
f 514/514 515/515 516/516
f 517/517 518/518 519/519
f 520/520 521/521 522/522
f 523/523 524/524 525/525
f 526/526 527/527 528/528
f 529/529 530/530 531/531
f 532/532 533/533 534/534
f 535/535 536/536 537/537
f 538/538 539/539 540/540
f 541/541 542/542 543/543
f 544/544 545/545 546/546
f 547/547 548/548 549/549
f 550/550 551/551 552/552
f 553/553 554/554 555/555
f 556/556 557/557 558/558
f 559/559 560/560 561/561
f 562/562 563/563 564/564
f 565/565 566/566 567/567
f 568/568 569/569 570/570
f 571/571 572/572 573/573
f 574/574 575/575 576/576
f 577/577 578/578 579/579
f 580/580 581/581 582/582
f 583/583 584/584 585/585
f 586/586 587/587 588/588
f 589/589 590/590 591/591
f 592/592 593/593 594/594
f 595/595 596/596 597/597
f 598/598 599/599 600/600
f 601/601 602/602 603/603
f 604/604 605/605 606/606
f 607/607 608/608 609/609
f 610/610 611/611 612/612
f 613/613 614/614 615/615
f 616/616 617/617 618/618
f 619/619 620/620 621/621
f 622/622 623/623 624/624
f 625/625 626/626 627/627
f 628/628 629/629 630/630
f 631/631 632/632 633/633
f 634/634 635/635 636/636
f 637/637 638/638 639/639
f 640/640 641/641 642/642
f 643/643 644/644 645/645
f 646/646 647/647 648/648
f 649/649 650/650 651/651
f 652/652 653/653 654/654
f 655/655 656/656 657/657
f 658/658 659/659 660/660
f 661/661 662/662 663/663
f 664/664 665/665 666/666
f 667/667 668/668 669/669
f 670/670 671/671 672/672
f 673/673 674/674 675/675
f 676/676 677/677 678/678
f 679/679 680/680 681/681
f 682/682 683/683 684/684
f 685/685 686/686 687/687
f 688/688 689/689 690/690
f 691/691 692/692 693/693
f 694/694 695/695 696/696
f 697/697 698/698 699/699
f 700/700 701/701 702/702
f 703/703 704/704 705/705
f 706/706 707/707 708/708
f 709/709 710/710 711/711
f 712/712 713/713 714/714
f 715/715 716/716 717/717
f 718/718 719/719 720/720
f 721/721 722/722 723/723
f 724/724 725/725 726/726
f 727/727 728/728 729/729
f 730/730 731/731 732/732
f 733/733 734/734 735/735
f 736/736 737/737 738/738
f 739/739 740/740 741/741
f 742/742 743/743 744/744
f 745/745 746/746 747/747
f 748/748 749/749 750/750
f 751/751 752/752 753/753
f 754/754 755/755 756/756
f 757/757 758/758 759/759
f 760/760 761/761 762/762
f 763/763 764/764 765/765
f 766/766 767/767 768/768
f 769/769 770/770 771/771
f 772/772 773/773 774/774
f 775/775 776/776 777/777
f 778/778 779/779 780/780
f 781/781 782/782 783/783
f 784/784 785/785 786/786
f 787/787 788/788 789/789
f 790/790 791/791 792/792
f 793/793 794/794 795/795
f 796/796 797/797 798/798
f 799/799 800/800 801/801
f 802/802 803/803 804/804
f 805/805 806/806 807/807
f 808/808 809/809 810/810
f 811/811 812/812 813/813
f 814/814 815/815 816/816
f 817/817 818/818 819/819
f 820/820 821/821 822/822
f 823/823 824/824 825/825
f 826/826 827/827 828/828
f 829/829 830/830 831/831
f 832/832 833/833 834/834
f 835/835 836/836 837/837
f 838/838 839/839 840/840
f 841/841 842/842 843/843
f 844/844 845/845 846/846
f 847/847 848/848 849/849
f 850/850 851/851 852/852
f 853/853 854/854 855/855
f 856/856 857/857 858/858
f 859/859 860/860 861/861
f 862/862 863/863 864/864
f 865/865 866/866 867/867
f 868/868 869/869 870/870
f 871/871 872/872 873/873
f 874/874 875/875 876/876
f 877/877 878/878 879/879
f 880/880 881/881 882/882
f 883/883 884/884 885/885
f 886/886 887/887 888/888
f 889/889 890/890 891/891
f 892/892 893/893 894/894
f 895/895 896/896 897/897
f 898/898 899/899 900/900
f 901/901 902/902 903/903
f 904/904 905/905 906/906
f 907/907 908/908 909/909
f 910/910 911/911 912/912
f 913/913 914/914 915/915
f 916/916 917/917 918/918
f 919/919 920/920 921/921
f 922/922 923/923 924/924
f 925/925 926/926 927/927
f 928/928 929/929 930/930
f 931/931 932/932 933/933
f 934/934 935/935 936/936
f 937/937 938/938 939/939
f 940/940 941/941 942/942
f 943/943 944/944 945/945
f 946/946 947/947 948/948
f 949/949 950/950 951/951
f 952/952 953/953 954/954
f 955/955 956/956 957/957
f 958/958 959/959 960/960
f 961/961 962/962 963/963
f 964/964 965/965 966/966
f 967/967 968/968 969/969
f 970/970 971/971 972/972
f 973/973 974/974 975/975
f 976/976 977/977 978/978
f 979/979 980/980 981/981
f 982/982 983/983 984/984
v -18.1820 22.4427 4.2278
v -19.0522 22.4909 3.0176
v -16.9433 26.1223 2.5652
v -19.0522 22.4909 3.0176
v -17.6049 22.4041 0.6741
v -16.9433 26.1223 2.5652
v -17.6049 22.4041 0.6741
v -15.2652 22.2716 2.1240
v -16.9433 26.1223 2.5652
v -15.2652 22.2716 2.1240
v -16.7125 22.3584 4.4675
v -16.9433 26.1223 2.5652
v -16.7125 22.3584 4.4675
v -18.1820 22.4427 4.2278
v -16.9433 26.1223 2.5652
v -18.1820 22.4427 4.2278
v -17.6049 22.4041 0.6741
v -19.0522 22.4909 3.0176
v -18.1820 22.4427 4.2278
v -15.2652 22.2716 2.1240
v -17.6049 22.4041 0.6741
v -18.1820 22.4427 4.2278
v -16.7125 22.3584 4.4675
v -15.2652 22.2716 2.1240
v -17.8579 24.3002 3.8745
v -18.3554 24.3256 1.7596
v -16.8356 27.9928 2.5623
v -18.3554 24.3256 1.7596
v -16.2441 24.2034 1.2615
v -16.8356 27.9928 2.5623
v -16.2441 24.2034 1.2615
v -15.7466 24.1779 3.3763
v -16.8356 27.9928 2.5623
v -15.7466 24.1779 3.3763
v -17.8579 24.3002 3.8745
v -16.8356 27.9928 2.5623
v -17.8579 24.3002 3.8745
v -16.2441 24.2034 1.2615
v -18.3554 24.3256 1.7596
v -17.8579 24.3002 3.8745
v -15.7466 24.1779 3.3763
v -16.2441 24.2034 1.2615
v -17.9995 26.1835 2.8144
v -17.1922 26.1350 1.5072
v -16.7280 29.8633 2.5595
v -17.1922 26.1350 1.5072
v -15.8871 26.0611 2.3159
v -16.7280 29.8633 2.5595
v -15.8871 26.0611 2.3159
v -16.6944 26.1096 3.6231
v -16.7280 29.8633 2.5595
v -16.6944 26.1096 3.6231
v -17.9995 26.1835 2.8144
v -16.7280 29.8633 2.5595
v -17.9995 26.1835 2.8144
v -15.8871 26.0611 2.3159
v -17.1922 26.1350 1.5072
v -17.9995 26.1835 2.8144
v -16.6944 26.1096 3.6231
v -15.8871 26.0611 2.3159
v -38.8060 20.3692 19.4399
v -37.3737 20.3851 19.2121
v -37.8352 23.9616 21.1788
v -37.3737 20.3851 19.2121
v -35.9713 20.3149 21.4948
v -37.8352 23.9616 21.1788
v -35.9713 20.3149 21.4948
v -38.2551 20.2539 22.8959
v -37.8352 23.9616 21.1788
v -38.2551 20.2539 22.8959
v -39.6574 20.3241 20.6132
v -37.8352 23.9616 21.1788
v -39.6574 20.3241 20.6132
v -38.8060 20.3692 19.4399
v -37.8352 23.9616 21.1788
v -38.8060 20.3692 19.4399
v -35.9713 20.3149 21.4948
v -37.3737 20.3851 19.2121
v -38.8060 20.3692 19.4399
v -38.2551 20.2539 22.8959
v -35.9713 20.3149 21.4948
v -38.8060 20.3692 19.4399
v -39.6574 20.3241 20.6132
v -38.2551 20.2539 22.8959
v -38.6066 22.1797 19.8437
v -36.5515 22.1746 20.3353
v -37.8456 25.7826 21.2412
v -36.5515 22.1746 20.3353
v -37.0429 22.1014 22.3890
v -37.8456 25.7826 21.2412
v -37.0429 22.1014 22.3890
v -39.0980 22.1065 21.8975
v -37.8456 25.7826 21.2412
v -39.0980 22.1065 21.8975
v -38.6066 22.1797 19.8437
v -37.8456 25.7826 21.2412
v -38.6066 22.1797 19.8437
v -37.0429 22.1014 22.3890
v -36.5515 22.1746 20.3353
v -38.6066 22.1797 19.8437
v -39.0980 22.1065 21.8975
v -37.0429 22.1014 22.3890
v -37.5894 23.9982 20.1514
v -36.8071 23.9590 21.4247
v -37.8560 27.6036 21.3036
v -36.8071 23.9590 21.4247
v -38.0810 23.9249 22.2062
v -37.8560 27.6036 21.3036
v -38.0810 23.9249 22.2062
v -38.8632 23.9641 20.9329
v -37.8560 27.6036 21.3036
v -38.8632 23.9641 20.9329
v -37.5894 23.9982 20.1514
v -37.8560 27.6036 21.3036
v -37.5894 23.9982 20.1514
v -38.0810 23.9249 22.2062
v -36.8071 23.9590 21.4247
v -37.5894 23.9982 20.1514
v -38.8632 23.9641 20.9329
v -38.0810 23.9249 22.2062
v 6.7821 23.6362 -16.1089
v 5.9295 23.6160 -16.1589
v 6.3663 25.7667 -17.1776
v 5.9295 23.6160 -16.1589
v 5.4121 23.5941 -17.6502
v 6.3663 25.7667 -17.1776
v 5.4121 23.5941 -17.6502
v 6.9031 23.6254 -18.1679
v 6.3663 25.7667 -17.1776
v 6.9031 23.6254 -18.1679
v 7.4204 23.6473 -16.6766
v 6.3663 25.7667 -17.1776
v 7.4204 23.6473 -16.6766
v 6.7821 23.6362 -16.1089
v 6.3663 25.7667 -17.1776
v 6.7821 23.6362 -16.1089
v 5.4121 23.5941 -17.6502
v 5.9295 23.6160 -16.1589
v 6.7821 23.6362 -16.1089
v 6.9031 23.6254 -18.1679
v 5.4121 23.5941 -17.6502
v 6.7821 23.6362 -16.1089
v 7.4204 23.6473 -16.6766
v 6.9031 23.6254 -18.1679
v 6.6797 24.7059 -16.3391
v 5.5600 24.6763 -16.8819
v 6.3413 26.8397 -17.1847
v 5.5600 24.6763 -16.8819
v 6.1029 24.6815 -18.0019
v 6.3413 26.8397 -17.1847
v 6.1029 24.6815 -18.0019
v 7.2225 24.7112 -17.4591
v 6.3413 26.8397 -17.1847
v 7.2225 24.7112 -17.4591
v 6.6797 24.7059 -16.3391
v 6.3413 26.8397 -17.1847
v 6.6797 24.7059 -16.3391
v 6.1029 24.6815 -18.0019
v 5.5600 24.6763 -16.8819
v 6.6797 24.7059 -16.3391
v 7.2225 24.7112 -17.4591
v 6.1029 24.6815 -18.0019
v 6.0947 25.7641 -16.6173
v 5.8062 25.7519 -17.4491
v 6.3163 27.9127 -17.1918
v 5.8062 25.7519 -17.4491
v 6.6378 25.7693 -17.7379
v 6.3163 27.9127 -17.1918
v 6.6378 25.7693 -17.7379
v 6.9264 25.7815 -16.9061
v 6.3163 27.9127 -17.1918
v 6.9264 25.7815 -16.9061
v 6.0947 25.7641 -16.6173
v 6.3163 27.9127 -17.1918
v 6.0947 25.7641 -16.6173
v 6.6378 25.7693 -17.7379
v 5.8062 25.7519 -17.4491
v 6.0947 25.7641 -16.6173
v 6.9264 25.7815 -16.9061
v 6.6378 25.7693 -17.7379
v -21.8359 18.0637 51.3804
v -22.7367 18.0590 51.4500
v -22.3769 20.3626 50.3955
v -22.7367 18.0590 51.4500
v -23.4927 18.1009 49.9619
v -22.3769 20.3626 50.3955
v -23.4927 18.1009 49.9619
v -22.0041 18.1276 49.2065
v -22.3769 20.3626 50.3955
v -22.0041 18.1276 49.2065
v -21.2481 18.0857 50.6945
v -22.3769 20.3626 50.3955
v -21.2481 18.0857 50.6945
v -21.8359 18.0637 51.3804
v -22.3769 20.3626 50.3955
v -21.8359 18.0637 51.3804
v -23.4927 18.1009 49.9619
v -22.7367 18.0590 51.4500
v -21.8359 18.0637 51.3804
v -22.0041 18.1276 49.2065
v -23.4927 18.1009 49.9619
v -21.8359 18.0637 51.3804
v -21.2481 18.0857 50.6945
v -22.0041 18.1276 49.2065
v -21.9522 19.2045 51.1915
v -23.2036 19.2131 50.7830
v -22.3802 21.4972 50.4291
v -23.2036 19.2131 50.7830
v -22.7951 19.2513 49.5323
v -22.3802 21.4972 50.4291
v -22.7951 19.2513 49.5323
v -21.5437 19.2428 49.9407
v -22.3802 21.4972 50.4291
v -21.5437 19.2428 49.9407
v -21.9522 19.2045 51.1915
v -22.3802 21.4972 50.4291
v -21.9522 19.2045 51.1915
v -22.7951 19.2513 49.5323
v -23.2036 19.2131 50.7830
v -21.9522 19.2045 51.1915
v -21.5437 19.2428 49.9407
v -22.7951 19.2513 49.5323
v -22.5813 20.3434 51.0212
v -23.0029 20.3668 50.1912
v -22.3834 22.6318 50.4628
v -23.0029 20.3668 50.1912
v -22.1726 20.3817 49.7698
v -22.3834 22.6318 50.4628
v -22.1726 20.3817 49.7698
v -21.7509 20.3583 50.5998
v -22.3834 22.6318 50.4628
v -21.7509 20.3583 50.5998
v -22.5813 20.3434 51.0212
v -22.3834 22.6318 50.4628
v -22.5813 20.3434 51.0212
v -22.1726 20.3817 49.7698
v -23.0029 20.3668 50.1912
v -22.5813 20.3434 51.0212
v -21.7509 20.3583 50.5998
v -22.1726 20.3817 49.7698
v -27.7220 19.6591 23.8296
v -26.7219 19.7076 24.1137
v -27.6949 22.2716 25.1942
v -26.7219 19.7076 24.1137
v -26.4986 19.7086 26.0238
v -27.6949 22.2716 25.1942
v -26.4986 19.7086 26.0238
v -28.4064 19.6119 26.2468
v -27.6949 22.2716 25.1942
v -28.4064 19.6119 26.2468
v -28.6296 19.6110 24.3366
v -27.6949 22.2716 25.1942
v -28.6296 19.6110 24.3366
v -27.7220 19.6591 23.8296
v -27.6949 22.2716 25.1942
v -27.7220 19.6591 23.8296
v -26.4986 19.7086 26.0238
v -26.7219 19.7076 24.1137
v -27.7220 19.6591 23.8296
v -28.4064 19.6119 26.2468
v -26.4986 19.7086 26.0238
v -27.7220 19.6591 23.8296
v -28.6296 19.6110 24.3366
v -28.4064 19.6119 26.2468
v -27.7539 20.9651 24.1222
v -26.5659 21.0196 25.0629
v -27.7602 23.5775 25.2011
v -26.5659 21.0196 25.0629
v -27.5050 20.9662 26.2521
v -27.7602 23.5775 25.2011
v -27.5050 20.9662 26.2521
v -28.6931 20.9118 25.3115
v -27.7602 23.5775 25.2011
v -28.6931 20.9118 25.3115
v -27.7539 20.9651 24.1222
v -27.7602 23.5775 25.2011
v -27.7539 20.9651 24.1222
v -27.5050 20.9662 26.2521
v -26.5659 21.0196 25.0629
v -27.7539 20.9651 24.1222
v -28.6931 20.9118 25.3115
v -27.5050 20.9662 26.2521
v -27.2251 22.2983 24.5992
v -27.1006 22.2988 25.6647
v -27.8256 24.8834 25.2081
v -27.1006 22.2988 25.6647
v -28.1647 22.2449 25.7891
v -27.8256 24.8834 25.2081
v -28.1647 22.2449 25.7891
v -28.2892 22.2443 24.7236
v -27.8256 24.8834 25.2081
v -28.2892 22.2443 24.7236
v -27.2251 22.2983 24.5992
v -27.8256 24.8834 25.2081
v -27.2251 22.2983 24.5992
v -28.1647 22.2449 25.7891
v -27.1006 22.2988 25.6647
v -27.2251 22.2983 24.5992
v -28.2892 22.2443 24.7236
v -28.1647 22.2449 25.7891
v -50.5644 19.2514 34.3998
v -49.7542 19.2564 34.3152
v -50.0767 21.3305 35.2724
v -49.7542 19.2564 34.3152
v -49.0373 19.3036 35.6379
v -50.0767 21.3305 35.2724
v -49.0373 19.3036 35.6379
v -50.3608 19.3132 36.3549
v -50.0767 21.3305 35.2724
v -50.3608 19.3132 36.3549
v -51.0776 19.2659 35.0322
v -50.0767 21.3305 35.2724
v -51.0776 19.2659 35.0322
v -50.5644 19.2514 34.3998
v -50.0767 21.3305 35.2724
v -50.5644 19.2514 34.3998
v -49.0373 19.3036 35.6379
v -49.7542 19.2564 34.3152
v -50.5644 19.2514 34.3998
v -50.3608 19.3132 36.3549
v -49.0373 19.3036 35.6379
v -50.5644 19.2514 34.3998
v -51.0776 19.2659 35.0322
v -50.3608 19.3132 36.3549
v -50.4668 20.2813 34.5663
v -49.3292 20.3023 34.9040
v -50.0863 22.3534 35.2411
v -49.3292 20.3023 34.9040
v -49.6674 20.3340 36.0412
v -50.0863 22.3534 35.2411
v -49.6674 20.3340 36.0412
v -50.8049 20.3130 35.7034
v -50.0863 22.3534 35.2411
v -50.8049 20.3130 35.7034
v -50.4668 20.2813 34.5663
v -50.0863 22.3534 35.2411
v -50.4668 20.2813 34.5663
v -49.6674 20.3340 36.0412
v -49.3292 20.3023 34.9040
v -50.4668 20.2813 34.5663
v -50.8049 20.3130 35.7034
v -49.6674 20.3340 36.0412
v -49.9075 21.3147 34.7035
v -49.5076 21.3410 35.4413
v -50.0959 23.3763 35.2097
v -49.5076 21.3410 35.4413
v -50.2458 21.3464 35.8412
v -50.0959 23.3763 35.2097
v -50.2458 21.3464 35.8412
v -50.6457 21.3200 35.1035
v -50.0959 23.3763 35.2097
v -50.6457 21.3200 35.1035
v -49.9075 21.3147 34.7035
v -50.0959 23.3763 35.2097
v -49.9075 21.3147 34.7035
v -50.2458 21.3464 35.8412
v -49.5076 21.3410 35.4413
v -49.9075 21.3147 34.7035
v -50.6457 21.3200 35.1035
v -50.2458 21.3464 35.8412
v -0.2263 23.6318 -14.5580
v 0.5166 23.6650 -14.3778
v -0.1567 25.5627 -13.5775
v 0.5166 23.6650 -14.3778
v 0.7343 23.6797 -12.9810
v -0.1567 25.5627 -13.5775
v 0.7343 23.6797 -12.9810
v -0.6612 23.6193 -12.7629
v -0.1567 25.5627 -13.5775
v -0.6612 23.6193 -12.7629
v -0.8789 23.6046 -14.1597
v -0.1567 25.5627 -13.5775
v -0.8789 23.6046 -14.1597
v -0.2263 23.6318 -14.5580
v -0.1567 25.5627 -13.5775
v -0.2263 23.6318 -14.5580
v 0.7343 23.6797 -12.9810
v 0.5166 23.6650 -14.3778
v -0.2263 23.6318 -14.5580
v -0.6612 23.6193 -12.7629
v 0.7343 23.6797 -12.9810
v -0.2263 23.6318 -14.5580
v -0.8789 23.6046 -14.1597
v -0.6612 23.6193 -12.7629
v -0.2359 24.5942 -14.3526
v 0.6635 24.6361 -13.6955
v -0.1988 26.5229 -13.5810
v 0.6635 24.6361 -13.6955
v 0.0069 24.6106 -12.7952
v -0.1988 26.5229 -13.5810
v 0.0069 24.6106 -12.7952
v -0.8925 24.5687 -13.4523
v -0.1988 26.5229 -13.5810
v -0.8925 24.5687 -13.4523
v -0.2359 24.5942 -14.3526
v -0.1988 26.5229 -13.5810
v -0.2359 24.5942 -14.3526
v 0.0069 24.6106 -12.7952
v 0.6635 24.6361 -13.6955
v -0.2359 24.5942 -14.3526
v -0.8925 24.5687 -13.4523
v 0.0069 24.6106 -12.7952
v 0.1718 25.5754 -14.0278
v 0.2932 25.5836 -13.2487
v -0.2410 27.4831 -13.5845
v 0.2932 25.5836 -13.2487
v -0.4851 25.5499 -13.1271
v -0.2410 27.4831 -13.5845
v -0.4851 25.5499 -13.1271
v -0.6066 25.5417 -13.9062
v -0.2410 27.4831 -13.5845
v -0.6066 25.5417 -13.9062
v 0.1718 25.5754 -14.0278
v -0.2410 27.4831 -13.5845
v 0.1718 25.5754 -14.0278
v -0.4851 25.5499 -13.1271
v 0.2932 25.5836 -13.2487
v 0.1718 25.5754 -14.0278
v -0.6066 25.5417 -13.9062
v -0.4851 25.5499 -13.1271
v 19.1628 22.1455 -0.8748
v 18.8918 22.1855 0.3810
v 17.5965 25.4241 -0.6595
v 18.8918 22.1855 0.3810
v 16.5562 22.2583 0.8047
v 17.5965 25.4241 -0.6595
v 16.5562 22.2583 0.8047
v 16.1307 22.2084 -1.5312
v 17.5965 25.4241 -0.6595
v 16.1307 22.2084 -1.5312
v 18.4664 22.1357 -1.9550
v 17.5965 25.4241 -0.6595
v 18.4664 22.1357 -1.9550
v 19.1628 22.1455 -0.8748
v 17.5965 25.4241 -0.6595
v 19.1628 22.1455 -0.8748
v 16.5562 22.2583 0.8047
v 18.8918 22.1855 0.3810
v 19.1628 22.1455 -0.8748
v 16.1307 22.2084 -1.5312
v 16.5562 22.2583 0.8047
v 19.1628 22.1455 -0.8748
v 18.4664 22.1357 -1.9550
v 16.1307 22.2084 -1.5312
v 18.8560 23.7700 -0.8535
v 17.7910 23.8383 0.6850
v 17.6391 27.0377 -0.7016
v 17.7910 23.8383 0.6850
v 16.2517 23.8511 -0.3810
v 17.6391 27.0377 -0.7016
v 16.2517 23.8511 -0.3810
v 17.3167 23.7827 -1.9196
v 17.6391 27.0377 -0.7016
v 17.3167 23.7827 -1.9196
v 18.8560 23.7700 -0.8535
v 17.6391 27.0377 -0.7016
v 18.8560 23.7700 -0.8535
v 16.2517 23.8511 -0.3810
v 17.7910 23.8383 0.6850
v 18.8560 23.7700 -0.8535
v 17.3167 23.7827 -1.9196
v 16.2517 23.8511 -0.3810
v 18.3665 25.4177 -0.1262
v 17.0637 25.4583 0.1102
v 17.6817 28.6512 -0.7438
v 17.0637 25.4583 0.1102
v 16.8264 25.4305 -1.1927
v 17.6817 28.6512 -0.7438
v 16.8264 25.4305 -1.1927
v 18.1292 25.3899 -1.4291
v 17.6817 28.6512 -0.7438
v 18.1292 25.3899 -1.4291
v 18.3665 25.4177 -0.1262
v 17.6817 28.6512 -0.7438
v 18.3665 25.4177 -0.1262
v 16.8264 25.4305 -1.1927
v 17.0637 25.4583 0.1102
v 18.3665 25.4177 -0.1262
v 18.1292 25.3899 -1.4291
v 16.8264 25.4305 -1.1927
v -7.3566 21.2259 9.3686
v -8.3049 21.2496 9.3691
v -7.7717 23.6267 8.2366
v -8.3049 21.2496 9.3691
v -8.9761 21.2750 7.7500
v -7.7717 23.6267 8.2366
v -8.9761 21.2750 7.7500
v -7.3574 21.2382 7.0784
v -7.7717 23.6267 8.2366
v -7.3574 21.2382 7.0784
v -6.6862 21.2128 8.6975
v -7.7717 23.6267 8.2366
v -6.6862 21.2128 8.6975
v -7.3566 21.2259 9.3686
v -7.7717 23.6267 8.2366
v -7.3566 21.2259 9.3686
v -8.9761 21.2750 7.7500
v -8.3049 21.2496 9.3691
v -7.3566 21.2259 9.3686
v -7.3574 21.2382 7.0784
v -8.9761 21.2750 7.7500
v -7.3566 21.2259 9.3686
v -6.6862 21.2128 8.6975
v -7.3574 21.2382 7.0784
v -7.4272 22.4211 9.1328
v -8.7039 22.4558 8.6046
v -7.7419 24.8181 8.2430
v -8.7039 22.4558 8.6046
v -8.1756 22.4495 7.3275
v -7.7419 24.8181 8.2430
v -8.1756 22.4495 7.3275
v -6.8990 22.4148 7.8557
v -7.7419 24.8181 8.2430
v -6.8990 22.4148 7.8557
v -7.4272 22.4211 9.1328
v -7.7419 24.8181 8.2430
v -7.4272 22.4211 9.1328
v -8.1756 22.4495 7.3275
v -8.7039 22.4558 8.6046
v -7.4272 22.4211 9.1328
v -6.8990 22.4148 7.8557
v -8.1756 22.4495 7.3275
v -8.0359 23.6299 8.8754
v -8.4103 23.6441 7.9723
v -7.7122 26.0095 8.2494
v -8.4103 23.6441 7.9723
v -7.5074 23.6236 7.5977
v -7.7122 26.0095 8.2494
v -7.5074 23.6236 7.5977
v -7.1330 23.6094 8.5008
v -7.7122 26.0095 8.2494
v -7.1330 23.6094 8.5008
v -8.0359 23.6299 8.8754
v -7.7122 26.0095 8.2494
v -8.0359 23.6299 8.8754
v -7.5074 23.6236 7.5977
v -8.4103 23.6441 7.9723
v -8.0359 23.6299 8.8754
v -7.1330 23.6094 8.5008
v -7.5074 23.6236 7.5977
v -29.3975 19.7555 31.6956
v -30.0980 19.6738 32.8971
v -31.2108 23.2596 31.6842
v -30.0980 19.6738 32.8971
v -32.6492 19.6898 32.5530
v -31.2108 23.2596 31.6842
v -32.6492 19.6898 32.5530
v -32.3048 19.8598 30.0076
v -31.2108 23.2596 31.6842
v -32.3048 19.8598 30.0076
v -29.7537 19.8438 30.3516
v -31.2108 23.2596 31.6842
v -29.7537 19.8438 30.3516
v -29.3975 19.7555 31.6956
v -31.2108 23.2596 31.6842
v -29.3975 19.7555 31.6956
v -32.6492 19.6898 32.5530
v -30.0980 19.6738 32.8971
v -29.3975 19.7555 31.6956
v -32.3048 19.8598 30.0076
v -32.6492 19.6898 32.5530
v -29.3975 19.7555 31.6956
v -29.7537 19.8438 30.3516
v -32.3048 19.8598 30.0076
v -29.7838 21.5043 31.7601
v -31.3981 21.4185 32.9874
v -31.2155 25.0061 31.8002
v -31.3981 21.4185 32.9874
v -32.6284 21.5222 31.3765
v -31.2155 25.0061 31.8002
v -32.6284 21.5222 31.3765
v -31.0141 21.6080 30.1491
v -31.2155 25.0061 31.8002
v -31.0141 21.6080 30.1491
v -29.7838 21.5043 31.7601
v -31.2155 25.0061 31.8002
v -29.7838 21.5043 31.7601
v -32.6284 21.5222 31.3765
v -31.3981 21.4185 32.9874
v -29.7838 21.5043 31.7601
v -31.0141 21.6080 30.1491
v -32.6284 21.5222 31.3765
v -30.5953 23.2078 32.4901
v -32.0183 23.2167 32.2982
v -31.2201 26.7525 31.9162
v -32.0183 23.2167 32.2982
v -31.8263 23.3115 30.8784
v -31.2201 26.7525 31.9162
v -31.8263 23.3115 30.8784
v -30.4032 23.3026 31.0703
v -31.2201 26.7525 31.9162
v -30.4032 23.3026 31.0703
v -30.5953 23.2078 32.4901
v -31.2201 26.7525 31.9162
v -30.5953 23.2078 32.4901
v -31.8263 23.3115 30.8784
v -32.0183 23.2167 32.2982
v -30.5953 23.2078 32.4901
v -30.4032 23.3026 31.0703
v -31.8263 23.3115 30.8784
v -22.8703 21.5813 6.6882
v -22.9668 21.5624 7.7506
v -24.1411 24.2822 7.1565
v -22.9668 21.5624 7.7506
v -24.8484 21.5927 8.3379
v -24.1411 24.2822 7.1565
v -24.8484 21.5927 8.3379
v -25.4348 21.6430 6.4564
v -24.1411 24.2822 7.1565
v -25.4348 21.6430 6.4564
v -23.5532 21.6127 5.8691
v -24.1411 24.2822 7.1565
v -23.5532 21.6127 5.8691
v -22.8703 21.5813 6.6882
v -24.1411 24.2822 7.1565
v -22.8703 21.5813 6.6882
v -24.8484 21.5927 8.3379
v -22.9668 21.5624 7.7506
v -22.8703 21.5813 6.6882
v -25.4348 21.6430 6.4564
v -24.8484 21.5927 8.3379
v -22.8703 21.5813 6.6882
v -23.5532 21.6127 5.8691
v -25.4348 21.6430 6.4564
v -23.1219 22.9256 6.8026
v -23.8440 22.9144 8.1789
v -24.1112 25.6219 7.1830
v -23.8440 22.9144 8.1789
v -25.2200 22.9594 7.4574
v -24.1112 25.6219 7.1830
v -25.2200 22.9594 7.4574
v -24.4979 22.9705 6.0811
v -24.1112 25.6219 7.1830
v -24.4979 22.9705 6.0811
v -23.1219 22.9256 6.8026
v -24.1112 25.6219 7.1830
v -23.1219 22.9256 6.8026
v -25.2200 22.9594 7.4574
v -23.8440 22.9144 8.1789
v -23.1219 22.9256 6.8026
v -24.4979 22.9705 6.0811
v -25.2200 22.9594 7.4574
v -23.4528 24.2597 7.5174
v -24.5023 24.2766 7.8450
v -24.0814 26.9616 7.2095
v -24.5023 24.2766 7.8450
v -24.8294 24.3047 6.7956
v -24.0814 26.9616 7.2095
v -24.8294 24.3047 6.7956
v -23.7799 24.2878 6.4680
v -24.0814 26.9616 7.2095
v -23.7799 24.2878 6.4680
v -23.4528 24.2597 7.5174
v -24.0814 26.9616 7.2095
v -23.4528 24.2597 7.5174
v -24.8294 24.3047 6.7956
v -24.5023 24.2766 7.8450
v -23.4528 24.2597 7.5174
v -23.7799 24.2878 6.4680
v -24.8294 24.3047 6.7956
v -48.5685 19.7126 44.0026
v -48.0838 19.6611 42.5488
v -46.6848 23.6119 43.6839
v -48.0838 19.6611 42.5488
v -45.2591 19.7353 42.3444
v -46.6848 23.6119 43.6839
v -45.2591 19.7353 42.3444
v -45.0583 19.8690 45.1673
v -46.6848 23.6119 43.6839
v -45.0583 19.8690 45.1673
v -47.8831 19.7948 45.3717
v -46.6848 23.6119 43.6839
v -47.8831 19.7948 45.3717
v -48.5685 19.7126 44.0026
v -46.6848 23.6119 43.6839
v -48.5685 19.7126 44.0026
v -45.2591 19.7353 42.3444
v -48.0838 19.6611 42.5488
v -48.5685 19.7126 44.0026
v -45.0583 19.8690 45.1673
v -45.2591 19.7353 42.3444
v -48.5685 19.7126 44.0026
v -47.8831 19.7948 45.3717
v -45.0583 19.8690 45.1673
v -48.2028 21.6471 43.8850
v -46.7399 21.6139 42.1972
v -46.7416 25.5354 43.5969
v -46.7399 21.6139 42.1972
v -45.0531 21.7299 43.6570
v -46.7416 25.5354 43.5969
v -45.0531 21.7299 43.6570
v -46.5160 21.7630 45.3448
v -46.7416 25.5354 43.5969
v -46.5160 21.7630 45.3448
v -48.2028 21.6471 43.8850
v -46.7416 25.5354 43.5969
v -48.2028 21.6471 43.8850
v -45.0531 21.7299 43.6570
v -46.7399 21.6139 42.1972
v -48.2028 21.6471 43.8850
v -46.5160 21.7630 45.3448
v -45.0531 21.7299 43.6570
v -47.5286 23.5539 42.9537
v -45.9530 23.5954 42.8397
v -46.7985 27.4588 43.5098
v -45.9530 23.5954 42.8397
v -45.8410 23.6699 44.4142
v -46.7985 27.4588 43.5098
v -45.8410 23.6699 44.4142
v -47.4166 23.6285 44.5282
v -46.7985 27.4588 43.5098
v -47.4166 23.6285 44.5282
v -47.5286 23.5539 42.9537
v -46.7985 27.4588 43.5098
v -47.5286 23.5539 42.9537
v -45.8410 23.6699 44.4142
v -45.9530 23.5954 42.8397
v -47.5286 23.5539 42.9537
v -47.4166 23.6285 44.5282
v -45.8410 23.6699 44.4142
v -51.6022 19.9914 31.3809
v -52.8300 20.1270 31.3934
v -51.8933 23.1242 29.8510
v -52.8300 20.1270 31.3934
v -53.7227 20.1946 29.2935
v -51.8933 23.1242 29.8510
v -53.7227 20.1946 29.2935
v -51.6367 19.9516 28.3989
v -51.8933 23.1242 29.8510
v -51.6367 19.9516 28.3989
v -50.7441 19.8839 30.4987
v -51.8933 23.1242 29.8510
v -50.7441 19.8839 30.4987
v -51.6022 19.9914 31.3809
v -51.8933 23.1242 29.8510
v -51.6022 19.9914 31.3809
v -53.7227 20.1946 29.2935
v -52.8300 20.1270 31.3934
v -51.6022 19.9914 31.3809
v -51.6367 19.9516 28.3989
v -53.7227 20.1946 29.2935
v -51.6022 19.9914 31.3809
v -50.7441 19.8839 30.4987
v -51.6367 19.9516 28.3989
v -51.5656 21.5440 31.0443
v -53.2263 21.7173 30.3723
v -51.7232 24.6667 29.8284
v -53.2263 21.7173 30.3723
v -52.5610 21.6195 28.7029
v -51.7232 24.6667 29.8284
v -52.5610 21.6195 28.7029
v -50.9004 21.4462 29.3748
v -51.7232 24.6667 29.8284
v -50.9004 21.4462 29.3748
v -51.5656 21.5440 31.0443
v -51.7232 24.6667 29.8284
v -51.5656 21.5440 31.0443
v -52.5610 21.6195 28.7029
v -53.2263 21.7173 30.3723
v -51.5656 21.5440 31.0443
v -50.9004 21.4462 29.3748
v -52.5610 21.6195 28.7029
v -52.2261 23.1732 30.6861
v -52.7240 23.2109 29.5149
v -51.5532 26.2092 29.8058
v -52.7240 23.2109 29.5149
v -51.5605 23.0753 29.0159
v -51.5532 26.2092 29.8058
v -51.5605 23.0753 29.0159
v -51.0625 23.0376 30.1871
v -51.5532 26.2092 29.8058
v -51.0625 23.0376 30.1871
v -52.2261 23.1732 30.6861
v -51.5532 26.2092 29.8058
v -52.2261 23.1732 30.6861
v -51.5605 23.0753 29.0159
v -52.7240 23.2109 29.5149
v -52.2261 23.1732 30.6861
v -51.0625 23.0376 30.1871
v -51.5605 23.0753 29.0159
v 9.9508 21.3785 4.1403
v 10.2749 21.3874 3.5956
v 10.7015 23.0059 4.2448
v 10.2749 21.3874 3.5956
v 11.4329 21.4385 3.7640
v 10.7015 23.0059 4.2448
v 11.4329 21.4385 3.7640
v 11.2642 21.4419 4.9231
v 10.7015 23.0059 4.2448
v 11.2642 21.4419 4.9231
v 10.1062 21.3908 4.7547
v 10.7015 23.0059 4.2448
v 10.1062 21.3908 4.7547
v 9.9508 21.3785 4.1403
v 10.7015 23.0059 4.2448
v 9.9508 21.3785 4.1403
v 11.4329 21.4385 3.7640
v 10.2749 21.3874 3.5956
v 9.9508 21.3785 4.1403
v 11.2642 21.4419 4.9231
v 11.4329 21.4385 3.7640
v 9.9508 21.3785 4.1403
v 10.1062 21.3908 4.7547
v 11.2642 21.4419 4.9231
v 10.0899 22.1818 4.1582
v 10.8296 22.2084 3.6059
v 10.6675 23.8014 4.2375
v 10.8296 22.2084 3.6059
v 11.3811 22.2387 4.3459
v 10.6675 23.8014 4.2375
v 11.3811 22.2387 4.3459
v 10.6415 22.2122 4.8983
v 10.6675 23.8014 4.2375
v 10.6415 22.2122 4.8983
v 10.0899 22.1818 4.1582
v 10.6675 23.8014 4.2375
v 10.0899 22.1818 4.1582
v 11.3811 22.2387 4.3459
v 10.8296 22.2084 3.6059
v 10.0899 22.1818 4.1582
v 10.6415 22.2122 4.8983
v 11.3811 22.2387 4.3459
v 10.4256 22.9907 3.8745
v 11.0715 23.0191 3.9685
v 10.6335 24.5970 4.2302
v 11.0715 23.0191 3.9685
v 10.9774 23.0210 4.6150
v 10.6335 24.5970 4.2302
v 10.9774 23.0210 4.6150
v 10.3315 22.9926 4.5211
v 10.6335 24.5970 4.2302
v 10.3315 22.9926 4.5211
v 10.4256 22.9907 3.8745
v 10.6335 24.5970 4.2302
v 10.4256 22.9907 3.8745
v 10.9774 23.0210 4.6150
v 11.0715 23.0191 3.9685
v 10.4256 22.9907 3.8745
v 10.3315 22.9926 4.5211
v 10.9774 23.0210 4.6150
v 2.4916 18.3775 44.4441
v 2.4856 18.3302 45.3211
v 1.5720 20.6212 44.9987
v 2.4856 18.3302 45.3211
v 0.9850 18.3932 45.9361
v 1.5720 20.6212 44.9987
v 0.9850 18.3932 45.9361
v 0.3755 18.5140 44.4368
v 1.5720 20.6212 44.9987
v 0.3755 18.5140 44.4368
v 1.8762 18.4510 43.8218
v 1.5720 20.6212 44.9987
v 1.8762 18.4510 43.8218
v 2.4916 18.3775 44.4441
v 1.5720 20.6212 44.9987
v 2.4916 18.3775 44.4441
v 0.9850 18.3932 45.9361
v 2.4856 18.3302 45.3211
v 2.4916 18.3775 44.4441
v 0.3755 18.5140 44.4368
v 0.9850 18.3932 45.9361
v 2.4916 18.3775 44.4441
v 1.8762 18.4510 43.8218
v 0.3755 18.5140 44.4368
v 2.3379 19.4865 44.5959
v 1.8410 19.4543 45.7747
v 1.6427 21.7208 45.0585
v 1.8410 19.4543 45.7747
v 0.6646 19.5568 45.2817
v 1.6427 21.7208 45.0585
v 0.6646 19.5568 45.2817
v 1.1615 19.5890 44.1029
v 1.6427 21.7208 45.0585
v 1.1615 19.5890 44.1029
v 2.3379 19.4865 44.5959
v 1.6427 21.7208 45.0585
v 2.3379 19.4865 44.5959
v 0.6646 19.5568 45.2817
v 1.8410 19.4543 45.7747
v 2.3379 19.4865 44.5959
v 1.1615 19.5890 44.1029
v 0.6646 19.5568 45.2817
v 2.1605 20.5699 45.2453
v 1.3234 20.6051 45.5884
v 1.7134 22.8203 45.1184
v 1.3234 20.6051 45.5884
v 0.9835 20.6725 44.7520
v 1.7134 22.8203 45.1184
v 0.9835 20.6725 44.7520
v 1.8205 20.6373 44.4090
v 1.7134 22.8203 45.1184
v 1.8205 20.6373 44.4090
v 2.1605 20.5699 45.2453
v 1.7134 22.8203 45.1184
v 2.1605 20.5699 45.2453
v 0.9835 20.6725 44.7520
v 1.3234 20.6051 45.5884
v 2.1605 20.5699 45.2453
v 1.8205 20.6373 44.4090
v 0.9835 20.6725 44.7520
v 13.5662 19.5072 25.6918
v 13.9553 19.5203 25.1966
v 14.4079 21.0512 25.9933
v 13.9553 19.5203 25.1966
v 15.0756 19.4693 25.5087
v 14.4079 21.0512 25.9933
v 15.0756 19.4693 25.5087
v 14.7614 19.4219 26.6286
v 14.4079 21.0512 25.9933
v 14.7614 19.4219 26.6286
v 13.6411 19.4730 26.3164
v 14.4079 21.0512 25.9933
v 13.6411 19.4730 26.3164
v 13.5662 19.5072 25.6918
v 14.4079 21.0512 25.9933
v 13.5662 19.5072 25.6918
v 15.0756 19.4693 25.5087
v 13.9553 19.5203 25.1966
v 13.5662 19.5072 25.6918
v 14.7614 19.4219 26.6286
v 15.0756 19.4693 25.5087
v 13.5662 19.5072 25.6918
v 13.6411 19.4730 26.3164
v 14.7614 19.4219 26.6286
v 13.7586 20.2896 25.7789
v 14.5583 20.2875 25.3286
v 14.4326 21.8412 26.0336
v 14.5583 20.2875 25.3286
v 15.0077 20.2327 26.1269
v 14.4326 21.8412 26.0336
v 15.0077 20.2327 26.1269
v 14.2080 20.2348 26.5773
v 14.4326 21.8412 26.0336
v 14.2080 20.2348 26.5773
v 13.7586 20.2896 25.7789
v 14.4326 21.8412 26.0336
v 13.7586 20.2896 25.7789
v 15.0077 20.2327 26.1269
v 14.5583 20.2875 25.3286
v 13.7586 20.2896 25.7789
v 14.2080 20.2348 26.5773
v 15.0077 20.2327 26.1269
v 14.1831 21.0786 25.5939
v 14.8080 21.0502 25.7680
v 14.4574 22.6313 26.0739
v 14.8080 21.0502 25.7680
v 14.6327 21.0238 26.3926
v 14.4574 22.6313 26.0739
v 14.6327 21.0238 26.3926
v 14.0078 21.0522 26.2185
v 14.4574 22.6313 26.0739
v 14.0078 21.0522 26.2185
v 14.1831 21.0786 25.5939
v 14.4574 22.6313 26.0739
v 14.1831 21.0786 25.5939
v 14.6327 21.0238 26.3926
v 14.8080 21.0502 25.7680
v 14.1831 21.0786 25.5939
v 14.0078 21.0522 26.2185
v 14.6327 21.0238 26.3926
v -16.0244 23.8332 -17.3636
v -16.1124 23.7872 -16.4878
v -16.9212 26.1142 -16.8904
v -16.1124 23.7872 -16.4878
v -17.6656 23.8999 -16.0109
v -16.9212 26.1142 -16.8904
v -17.6656 23.8999 -16.0109
v -18.1328 24.0386 -17.5649
v -16.9212 26.1142 -16.8904
v -18.1328 24.0386 -17.5649
v -16.5796 23.9259 -18.0418
v -16.9212 26.1142 -16.8904
v -16.5796 23.9259 -18.0418
v -16.0244 23.8332 -17.3636
v -16.9212 26.1142 -16.8904
v -16.0244 23.8332 -17.3636
v -17.6656 23.8999 -16.0109
v -16.1124 23.7872 -16.4878
v -16.0244 23.8332 -17.3636
v -18.1328 24.0386 -17.5649
v -17.6656 23.8999 -16.0109
v -16.0244 23.8332 -17.3636
v -16.5796 23.9259 -18.0418
v -18.1328 24.0386 -17.5649
v -16.1560 24.9507 -17.2243
v -16.7614 24.9362 -16.0919
v -16.8205 27.2148 -16.8224
v -16.7614 24.9362 -16.0919
v -17.8878 25.0763 -16.6924
v -16.8205 27.2148 -16.8224
v -17.8878 25.0763 -16.6924
v -17.2823 25.0909 -17.8248
v -16.8205 27.2148 -16.8224
v -17.2823 25.0909 -17.8248
v -16.1560 24.9507 -17.2243
v -16.8205 27.2148 -16.8224
v -16.1560 24.9507 -17.2243
v -17.8878 25.0763 -16.6924
v -16.7614 24.9362 -16.0919
v -16.1560 24.9507 -17.2243
v -17.2823 25.0909 -17.8248
v -17.8878 25.0763 -16.6924
v -16.3577 26.0441 -16.5900
v -17.2241 26.1069 -16.3239
v -16.7198 28.3154 -16.7544
v -17.2241 26.1069 -16.3239
v -17.4846 26.1843 -17.1908
v -16.7198 28.3154 -16.7544
v -17.4846 26.1843 -17.1908
v -16.6183 26.1214 -17.4568
v -16.7198 28.3154 -16.7544
v -16.6183 26.1214 -17.4568
v -16.3577 26.0441 -16.5900
v -16.7198 28.3154 -16.7544
v -16.3577 26.0441 -16.5900
v -17.4846 26.1843 -17.1908
v -17.2241 26.1069 -16.3239
v -16.3577 26.0441 -16.5900
v -16.6183 26.1214 -17.4568
v -17.4846 26.1843 -17.1908
v -29.4020 18.8819 39.9721
v -30.1745 18.9657 40.3569
v -30.0582 21.1002 39.1484
v -30.1745 18.9657 40.3569
v -31.3798 19.0363 39.3037
v -30.0582 21.1002 39.1484
v -31.3798 19.0363 39.3037
v -30.3340 18.8979 38.0977
v -30.0582 21.1002 39.1484
v -30.3340 18.8979 38.0977
v -29.1287 18.8273 39.1510
v -30.0582 21.1002 39.1484
v -29.1287 18.8273 39.1510
v -29.4020 18.8819 39.9721
v -30.0582 21.1002 39.1484
v -29.4020 18.8819 39.9721
v -31.3798 19.0363 39.3037
v -30.1745 18.9657 40.3569
v -29.4020 18.8819 39.9721
v -30.3340 18.8979 38.0977
v -31.3798 19.0363 39.3037
v -29.4020 18.8819 39.9721
v -29.1287 18.8273 39.1510
v -30.3340 18.8979 38.0977
v -29.4843 19.9767 39.7751
v -30.7393 20.0932 39.8602
v -29.9602 22.1845 39.1089
v -30.7393 20.0932 39.8602
v -30.8282 20.0554 38.6006
v -29.9602 22.1845 39.1089
v -30.8282 20.0554 38.6006
v -29.5732 19.9389 38.5155
v -29.9602 22.1845 39.1089
v -29.5732 19.9389 38.5155
v -29.4843 19.9767 39.7751
v -29.9602 22.1845 39.1089
v -29.4843 19.9767 39.7751
v -30.8282 20.0554 38.6006
v -30.7393 20.0932 39.8602
v -29.4843 19.9767 39.7751
v -29.5732 19.9389 38.5155
v -30.8282 20.0554 38.6006
v -30.0137 21.1192 39.7785
v -30.6860 21.1585 39.1910
v -29.8622 23.2687 39.0694
v -30.6860 21.1585 39.1910
v -30.1027 21.0813 38.5183
v -29.8622 23.2687 39.0694
v -30.1027 21.0813 38.5183
v -29.4304 21.0419 39.1058
v -29.8622 23.2687 39.0694
v -29.4304 21.0419 39.1058
v -30.0137 21.1192 39.7785
v -29.8622 23.2687 39.0694
v -30.0137 21.1192 39.7785
v -30.1027 21.0813 38.5183
v -30.6860 21.1585 39.1910
v -30.0137 21.1192 39.7785
v -29.4304 21.0419 39.1058
v -30.1027 21.0813 38.5183
v -21.1025 20.9901 16.1507
v -22.0605 20.8789 15.4573
v -21.0555 23.9701 14.5904
v -22.0605 20.8789 15.4573
v -21.5576 20.8955 13.3208
v -21.0555 23.9701 14.5904
v -21.5576 20.8955 13.3208
v -19.4332 21.1248 13.8227
v -21.0555 23.9701 14.5904
v -19.4332 21.1248 13.8227
v -19.9361 21.1081 15.9592
v -21.0555 23.9701 14.5904
v -19.9361 21.1081 15.9592
v -21.1025 20.9901 16.1507
v -21.0555 23.9701 14.5904
v -21.1025 20.9901 16.1507
v -21.5576 20.8955 13.3208
v -22.0605 20.8789 15.4573
v -21.1025 20.9901 16.1507
v -19.4332 21.1248 13.8227
v -21.5576 20.8955 13.3208
v -21.1025 20.9901 16.1507
v -19.9361 21.1081 15.9592
v -19.4332 21.1248 13.8227
v -21.1815 22.4767 15.8063
v -22.0856 22.3581 14.3354
v -21.2098 25.4543 14.5657
v -22.0856 22.3581 14.3354
v -20.6208 22.4952 13.4241
v -21.2098 25.4543 14.5657
v -20.6208 22.4952 13.4241
v -19.7167 22.6138 14.8950
v -21.2098 25.4543 14.5657
v -19.7167 22.6138 14.8950
v -21.1815 22.4767 15.8063
v -21.2098 25.4543 14.5657
v -21.1815 22.4767 15.8063
v -20.6208 22.4952 13.4241
v -22.0856 22.3581 14.3354
v -21.1815 22.4767 15.8063
v -19.7167 22.6138 14.8950
v -20.6208 22.4952 13.4241
v -21.7882 23.9015 15.0463
v -21.5077 23.9108 13.8546
v -21.3641 26.9384 14.5409
v -21.5077 23.9108 13.8546
v -20.3227 24.0387 14.1346
v -21.3641 26.9384 14.5409
v -20.3227 24.0387 14.1346
v -20.6032 24.0294 15.3263
v -21.3641 26.9384 14.5409
v -20.6032 24.0294 15.3263
v -21.7882 23.9015 15.0463
v -21.3641 26.9384 14.5409
v -21.7882 23.9015 15.0463
v -20.3227 24.0387 14.1346
v -21.5077 23.9108 13.8546
v -21.7882 23.9015 15.0463
v -20.6032 24.0294 15.3263
v -20.3227 24.0387 14.1346
v 38.0337 18.6977 41.4535
v 38.5950 18.7570 40.5061
v 39.5832 21.3730 41.8970
v 38.5950 18.7570 40.5061
v 40.6103 18.6411 40.7850
v 39.5832 21.3730 41.8970
v 40.6103 18.6411 40.7850
v 40.3224 18.4746 42.7955
v 39.5832 21.3730 41.8970
v 40.3224 18.4746 42.7955
v 38.3071 18.5904 42.5165
v 39.5832 21.3730 41.8970
v 38.3071 18.5904 42.5165
v 38.0337 18.6977 41.4535
v 39.5832 21.3730 41.8970
v 38.0337 18.6977 41.4535
v 40.6103 18.6411 40.7850
v 38.5950 18.7570 40.5061
v 38.0337 18.6977 41.4535
v 40.3224 18.4746 42.7955
v 40.6103 18.6411 40.7850
v 38.0337 18.6977 41.4535
v 38.3071 18.5904 42.5165
v 40.3224 18.4746 42.7955
v 38.3974 20.0590 41.6184
v 39.6814 20.0872 40.6530
v 39.6454 22.7516 42.0201
v 39.6814 20.0872 40.6530
v 40.6445 19.9298 41.9294
v 39.6454 22.7516 42.0201
v 40.6445 19.9298 41.9294
v 39.3605 19.9015 42.8948
v 39.6454 22.7516 42.0201
v 39.3605 19.9015 42.8948
v 38.3974 20.0590 41.6184
v 39.6454 22.7516 42.0201
v 38.3974 20.0590 41.6184
v 40.6445 19.9298 41.9294
v 39.6814 20.0872 40.6530
v 38.3974 20.0590 41.6184
v 39.3605 19.9015 42.8948
v 40.6445 19.9298 41.9294
v 39.1014 21.4518 41.2585
v 40.2255 21.3871 41.4141
v 39.7076 24.1302 42.1432
v 40.2255 21.3871 41.4141
v 40.0649 21.2942 42.5355
v 39.7076 24.1302 42.1432
v 40.0649 21.2942 42.5355
v 38.9408 21.3589 42.3799
v 39.7076 24.1302 42.1432
v 38.9408 21.3589 42.3799
v 39.1014 21.4518 41.2585
v 39.7076 24.1302 42.1432
v 39.1014 21.4518 41.2585
v 40.0649 21.2942 42.5355
v 40.2255 21.3871 41.4141
v 39.1014 21.4518 41.2585
v 38.9408 21.3589 42.3799
v 40.0649 21.2942 42.5355
v -13.0240 22.1092 4.9073
v -11.5769 22.0983 4.9030
v -12.2678 25.7608 6.6072
v -11.5769 22.0983 4.9030
v -10.5462 22.1208 7.3702
v -12.2678 25.7608 6.6072
v -10.5462 22.1208 7.3702
v -13.0135 22.1520 8.4006
v -12.2678 25.7608 6.6072
v -13.0135 22.1520 8.4006
v -14.0442 22.1295 5.9334
v -12.2678 25.7608 6.6072
v -14.0442 22.1295 5.9334
v -13.0240 22.1092 4.9073
v -12.2678 25.7608 6.6072
v -13.0240 22.1092 4.9073
v -10.5462 22.1208 7.3702
v -11.5769 22.0983 4.9030
v -13.0240 22.1092 4.9073
v -13.0135 22.1520 8.4006
v -10.5462 22.1208 7.3702
v -13.0240 22.1092 4.9073
v -14.0442 22.1295 5.9334
v -13.0135 22.1520 8.4006
v -12.8561 23.9304 5.2540
v -10.9060 23.9255 6.0550
v -12.2542 27.5786 6.5849
v -10.9060 23.9255 6.0550
v -11.7069 23.9555 8.0050
v -12.2542 27.5786 6.5849
v -11.7069 23.9555 8.0050
v -13.6570 23.9603 7.2040
v -12.2542 27.5786 6.5849
v -13.6570 23.9603 7.2040
v -12.8561 23.9304 5.2540
v -12.2542 27.5786 6.5849
v -12.8561 23.9304 5.2540
v -11.7069 23.9555 8.0050
v -10.9060 23.9255 6.0550
v -12.8561 23.9304 5.2540
v -13.6570 23.9603 7.2040
v -11.7069 23.9555 8.0050
v -11.8672 25.7458 5.6317
v -11.2923 25.7583 7.0079
v -12.2405 29.3964 6.5626
v -11.2923 25.7583 7.0079
v -12.6685 25.7757 7.5827
v -12.2405 29.3964 6.5626
v -12.6685 25.7757 7.5827
v -13.2434 25.7632 6.2065
v -12.2405 29.3964 6.5626
v -13.2434 25.7632 6.2065
v -11.8672 25.7458 5.6317
v -12.2405 29.3964 6.5626
v -11.8672 25.7458 5.6317
v -12.6685 25.7757 7.5827
v -11.2923 25.7583 7.0079
v -11.8672 25.7458 5.6317
v -13.2434 25.7632 6.2065
v -12.6685 25.7757 7.5827
v 51.7963 19.2325 32.3018
v 51.5712 19.2077 32.9931
v 50.6794 20.9616 32.3829
v 51.5712 19.2077 32.9931
v 50.2371 19.0800 33.0954
v 50.6794 20.9616 32.3829
v 50.2371 19.0800 33.0954
v 50.1347 19.0767 31.7552
v 50.6794 20.9616 32.3829
v 50.1347 19.0767 31.7552
v 51.4688 19.2044 31.6529
v 50.6794 20.9616 32.3829
v 51.4688 19.2044 31.6529
v 51.7963 19.2325 32.3018
v 50.6794 20.9616 32.3829
v 51.7963 19.2325 32.3018
v 50.2371 19.0800 33.0954
v 51.5712 19.2077 32.9931
v 51.7963 19.2325 32.3018
v 50.1347 19.0767 31.7552
v 50.2371 19.0800 33.0954
v 51.7963 19.2325 32.3018
v 51.4688 19.2044 31.6529
v 50.1347 19.0767 31.7552
v 51.5100 20.1231 32.3215
v 50.8233 20.0538 33.1257
v 50.5927 21.8713 32.3873
v 50.8233 20.0538 33.1257
v 50.0224 19.9807 32.4355
v 50.5927 21.8713 32.3873
v 50.0224 19.9807 32.4355
v 50.7091 20.0501 31.6314
v 50.5927 21.8713 32.3873
v 50.7091 20.0501 31.6314
v 51.5100 20.1231 32.3215
v 50.5927 21.8713 32.3873
v 51.5100 20.1231 32.3215
v 50.0224 19.9807 32.4355
v 50.8233 20.0538 33.1257
v 51.5100 20.1231 32.3215
v 50.7091 20.0501 31.6314
v 50.0224 19.9807 32.4355
v 51.0801 20.9982 32.7281
v 50.3359 20.9269 32.7852
v 50.5059 22.7811 32.3916
v 50.3359 20.9269 32.7852
v 50.2788 20.9251 32.0377
v 50.5059 22.7811 32.3916
v 50.2788 20.9251 32.0377
v 51.0229 20.9963 31.9806
v 50.5059 22.7811 32.3916
v 51.0229 20.9963 31.9806
v 51.0801 20.9982 32.7281
v 50.5059 22.7811 32.3916
v 51.0801 20.9982 32.7281
v 50.2788 20.9251 32.0377
v 50.3359 20.9269 32.7852
v 51.0801 20.9982 32.7281
v 51.0229 20.9963 31.9806
v 50.2788 20.9251 32.0377
v -18.5300 22.1644 -2.3044
v -18.0947 22.1340 -2.9521
v -17.4648 24.0964 -2.1500
v -18.0947 22.1340 -2.9521
v -16.6810 22.0937 -2.6657
v -17.4648 24.0964 -2.1500
v -16.6810 22.0937 -2.6657
v -16.9661 22.1379 -1.2518
v -17.4648 24.0964 -2.1500
v -16.9661 22.1379 -1.2518
v -18.3798 22.1781 -1.5382
v -17.4648 24.0964 -2.1500
v -18.3798 22.1781 -1.5382
v -18.5300 22.1644 -2.3044
v -17.4648 24.0964 -2.1500
v -18.5300 22.1644 -2.3044
v -16.6810 22.0937 -2.6657
v -18.0947 22.1340 -2.9521
v -18.5300 22.1644 -2.3044
v -16.9661 22.1379 -1.2518
v -16.6810 22.0937 -2.6657
v -18.5300 22.1644 -2.3044
v -18.3798 22.1781 -1.5382
v -16.9661 22.1379 -1.2518
v -18.2858 23.1386 -2.2856
v -17.3387 23.0916 -2.9142
v -17.4321 25.0767 -2.1740
v -17.3387 23.0916 -2.9142
v -16.7094 23.0937 -1.9663
v -17.4321 25.0767 -2.1740
v -16.7094 23.0937 -1.9663
v -17.6566 23.1408 -1.3377
v -17.4321 25.0767 -2.1740
v -17.6566 23.1408 -1.3377
v -18.2858 23.1386 -2.2856
v -17.4321 25.0767 -2.1740
v -18.2858 23.1386 -2.2856
v -16.7094 23.0937 -1.9663
v -17.3387 23.0916 -2.9142
v -18.2858 23.1386 -2.2856
v -17.6566 23.1408 -1.3377
v -16.7094 23.0937 -1.9663
v -17.7796 24.0954 -2.6241
v -16.9910 24.0729 -2.4644
v -17.3993 26.0570 -2.1980
v -16.9910 24.0729 -2.4644
v -17.1501 24.0975 -1.6758
v -17.3993 26.0570 -2.1980
v -17.1501 24.0975 -1.6758
v -17.9386 24.1200 -1.8355
v -17.3993 26.0570 -2.1980
v -17.9386 24.1200 -1.8355
v -17.7796 24.0954 -2.6241
v -17.3993 26.0570 -2.1980
v -17.7796 24.0954 -2.6241
v -17.1501 24.0975 -1.6758
v -16.9910 24.0729 -2.4644
v -17.7796 24.0954 -2.6241
v -17.9386 24.1200 -1.8355
v -17.1501 24.0975 -1.6758
v 34.7423 21.3474 8.2751
v 33.9281 21.3648 7.7924
v 34.9589 23.7309 7.0670
v 33.9281 21.3648 7.7924
v 34.1766 21.3723 6.0610
v 34.9589 23.7309 7.0670
v 34.1766 21.3723 6.0610
v 35.9078 21.3408 6.3093
v 34.9589 23.7309 7.0670
v 35.9078 21.3408 6.3093
v 35.6593 21.3333 8.0407
v 34.9589 23.7309 7.0670
v 35.6593 21.3333 8.0407
v 34.7423 21.3474 8.2751
v 34.9589 23.7309 7.0670
v 34.7423 21.3474 8.2751
v 34.1766 21.3723 6.0610
v 33.9281 21.3648 7.7924
v 34.7423 21.3474 8.2751
v 35.9078 21.3408 6.3093
v 34.1766 21.3723 6.0610
v 34.7423 21.3474 8.2751
v 35.6593 21.3333 8.0407
v 35.9078 21.3408 6.3093
v 34.7999 22.5376 8.0242
v 33.9733 22.5594 6.9205
v 34.9794 24.9199 7.0751
v 33.9733 22.5594 6.9205
v 35.0770 22.5460 6.0936
v 34.9794 24.9199 7.0751
v 35.0770 22.5460 6.0936
v 35.9036 22.5243 7.1974
v 34.9794 24.9199 7.0751
v 35.9036 22.5243 7.1974
v 34.7999 22.5376 8.0242
v 34.9794 24.9199 7.0751
v 34.7999 22.5376 8.0242
v 35.0770 22.5460 6.0936
v 33.9733 22.5594 6.9205
v 34.7999 22.5376 8.0242
v 35.9036 22.5243 7.1974
v 35.0770 22.5460 6.0936
v 34.4068 23.7376 7.4807
v 34.5454 23.7418 6.5149
v 34.9998 26.1090 7.0833
v 34.5454 23.7418 6.5149
v 35.5110 23.7242 6.6534
v 34.9998 26.1090 7.0833
v 35.5110 23.7242 6.6534
v 35.3724 23.7200 7.6192
v 34.9998 26.1090 7.0833
v 35.3724 23.7200 7.6192
v 34.4068 23.7376 7.4807
v 34.9998 26.1090 7.0833
v 34.4068 23.7376 7.4807
v 35.5110 23.7242 6.6534
v 34.5454 23.7418 6.5149
v 34.4068 23.7376 7.4807
v 35.3724 23.7200 7.6192
v 35.5110 23.7242 6.6534
v -32.5471 19.5718 28.8365
v -33.3398 19.6075 29.5978
v -33.8821 22.2907 28.1129
v -33.3398 19.6075 29.5978
v -35.2013 19.5510 28.7852
v -33.8821 22.2907 28.1129
v -35.2013 19.5510 28.7852
v -34.3869 19.4561 26.9261
v -33.8821 22.2907 28.1129
v -34.3869 19.4561 26.9261
v -32.5254 19.5126 27.7386
v -33.8821 22.2907 28.1129
v -32.5254 19.5126 27.7386
v -32.5471 19.5718 28.8365
v -33.8821 22.2907 28.1129
v -32.5471 19.5718 28.8365
v -35.2013 19.5510 28.7852
v -33.3398 19.6075 29.5978
v -32.5471 19.5718 28.8365
v -34.3869 19.4561 26.9261
v -35.2013 19.5510 28.7852
v -32.5471 19.5718 28.8365
v -32.5254 19.5126 27.7386
v -34.3869 19.4561 26.9261
v -32.8349 20.9427 28.6404
v -34.3268 20.9641 29.2239
v -33.8915 23.6701 28.0384
v -34.3268 20.9641 29.2239
v -34.9106 20.8797 27.7344
v -33.8915 23.6701 28.0384
v -34.9106 20.8797 27.7344
v -33.4187 20.8583 27.1509
v -33.8915 23.6701 28.0384
v -33.4187 20.8583 27.1509
v -32.8349 20.9427 28.6404
v -33.8915 23.6701 28.0384
v -32.8349 20.9427 28.6404
v -34.9106 20.8797 27.7344
v -34.3268 20.9641 29.2239
v -32.8349 20.9427 28.6404
v -33.4187 20.8583 27.1509
v -34.9106 20.8797 27.7344
v -33.5901 22.3329 28.8580
v -34.6284 22.3014 28.4048
v -33.9008 25.0496 27.9639
v -34.6284 22.3014 28.4048
v -34.1741 22.2485 27.3678
v -33.9008 25.0496 27.9639
v -34.1741 22.2485 27.3678
v -33.1358 22.2800 27.8210
v -33.9008 25.0496 27.9639
v -33.1358 22.2800 27.8210
v -33.5901 22.3329 28.8580
v -33.9008 25.0496 27.9639
v -33.5901 22.3329 28.8580
v -34.1741 22.2485 27.3678
v -34.6284 22.3014 28.4048
v -33.5901 22.3329 28.8580
v -33.1358 22.2800 27.8210
v -34.1741 22.2485 27.3678
v -39.3547 24.8873 -19.7047
v -38.3394 24.7926 -18.7502
v -39.7222 28.4096 -17.9425
v -38.3394 24.7926 -18.7502
v -39.2481 24.8266 -16.3348
v -39.7222 28.4096 -17.9425
v -39.2481 24.8266 -16.3348
v -41.6552 25.0299 -17.2434
v -39.7222 28.4096 -17.9425
v -41.6552 25.0299 -17.2434
v -40.7465 24.9960 -19.6587
v -39.7222 28.4096 -17.9425
v -40.7465 24.9960 -19.6587
v -39.3547 24.8873 -19.7047
v -39.7222 28.4096 -17.9425
v -39.3547 24.8873 -19.7047
v -39.2481 24.8266 -16.3348
v -38.3394 24.7926 -18.7502
v -39.3547 24.8873 -19.7047
v -41.6552 25.0299 -17.2434
v -39.2481 24.8266 -16.3348
v -39.3547 24.8873 -19.7047
v -40.7465 24.9960 -19.6587
v -41.6552 25.0299 -17.2434
v -39.3531 26.6415 -19.3163
v -38.5177 26.5470 -17.4631
v -39.5847 30.1587 -17.9153
v -38.5177 26.5470 -17.4631
v -40.3664 26.6793 -16.6230
v -39.5847 30.1587 -17.9153
v -40.3664 26.6793 -16.6230
v -41.2018 26.7738 -18.4761
v -39.5847 30.1587 -17.9153
v -41.2018 26.7738 -18.4761
v -39.3531 26.6415 -19.3163
v -39.5847 30.1587 -17.9153
v -39.3531 26.6415 -19.3163
v -40.3664 26.6793 -16.6230
v -38.5177 26.5470 -17.4631
v -39.3531 26.6415 -19.3163
v -41.2018 26.7738 -18.4761
v -40.3664 26.6793 -16.6230
v -38.7974 28.3434 -18.3627
v -39.3043 28.3623 -17.0154
v -39.4471 31.9078 -17.8881
v -39.3043 28.3623 -17.0154
v -40.6470 28.4758 -17.5222
v -39.4471 31.9078 -17.8881
v -40.6470 28.4758 -17.5222
v -40.1401 28.4568 -18.8695
v -39.4471 31.9078 -17.8881
v -40.1401 28.4568 -18.8695
v -38.7974 28.3434 -18.3627
v -39.4471 31.9078 -17.8881
v -38.7974 28.3434 -18.3627
v -40.6470 28.4758 -17.5222
v -39.3043 28.3623 -17.0154
v -38.7974 28.3434 -18.3627
v -40.1401 28.4568 -18.8695
v -40.6470 28.4758 -17.5222
v 40.1912 19.2372 29.4585
v 39.4806 19.3515 29.3309
v 40.2817 21.0728 28.5057
v 39.4806 19.3515 29.3309
v 39.1910 19.3839 28.0120
v 40.2817 21.0728 28.5057
v 39.1910 19.3839 28.0120
v 40.4922 19.1687 27.7210
v 40.2817 21.0728 28.5057
v 40.4922 19.1687 27.7210
v 40.7818 19.1363 29.0399
v 40.2817 21.0728 28.5057
v 40.7818 19.1363 29.0399
v 40.1912 19.2372 29.4585
v 40.2817 21.0728 28.5057
v 40.1912 19.2372 29.4585
v 39.1910 19.3839 28.0120
v 39.4806 19.3515 29.3309
v 40.1912 19.2372 29.4585
v 40.4922 19.1687 27.7210
v 39.1910 19.3839 28.0120
v 40.1912 19.2372 29.4585
v 40.7818 19.1363 29.0399
v 40.4922 19.1687 27.7210
v 40.2955 20.1483 29.2511
v 39.4085 20.2864 28.6781
v 40.4293 21.9791 28.4956
v 39.4085 20.2864 28.6781
v 39.9726 20.1845 27.7805
v 40.4293 21.9791 28.4956
v 39.9726 20.1845 27.7805
v 40.8595 20.0464 28.3536
v 40.4293 21.9791 28.4956
v 40.8595 20.0464 28.3536
v 40.2955 20.1483 29.2511
v 40.4293 21.9791 28.4956
v 40.2955 20.1483 29.2511
v 39.9726 20.1845 27.7805
v 39.4085 20.2864 28.6781
v 40.2955 20.1483 29.2511
v 40.8595 20.0464 28.3536
v 39.9726 20.1845 27.7805
v 39.9995 21.1237 28.9547
v 39.8380 21.1418 28.2190
v 40.5770 22.8854 28.4854
v 39.8380 21.1418 28.2190
v 40.5638 21.0218 28.0567
v 40.5770 22.8854 28.4854
v 40.5638 21.0218 28.0567
v 40.7254 21.0037 28.7924
v 40.5770 22.8854 28.4854
v 40.7254 21.0037 28.7924
v 39.9995 21.1237 28.9547
v 40.5770 22.8854 28.4854
v 39.9995 21.1237 28.9547
v 40.5638 21.0218 28.0567
v 39.8380 21.1418 28.2190
v 39.9995 21.1237 28.9547
v 40.7254 21.0037 28.7924
v 40.5638 21.0218 28.0567
v -45.2421 19.2786 33.4054
v -46.0827 19.2852 33.3908
v -45.6286 21.4097 32.4164
v -46.0827 19.2852 33.3908
v -46.6519 19.3120 31.9456
v -45.6286 21.4097 32.4164
v -46.6519 19.3120 31.9456
v -45.2065 19.3099 31.3762
v -45.6286 21.4097 32.4164
v -45.2065 19.3099 31.3762
v -44.6373 19.2831 32.8215
v -45.6286 21.4097 32.4164
v -44.6373 19.2831 32.8215
v -45.2421 19.2786 33.4054
v -45.6286 21.4097 32.4164
v -45.2421 19.2786 33.4054
v -46.6519 19.3120 31.9456
v -46.0827 19.2852 33.3908
v -45.2421 19.2786 33.4054
v -45.2065 19.3099 31.3762
v -46.6519 19.3120 31.9456
v -45.2421 19.2786 33.4054
v -44.6373 19.2831 32.8215
v -45.2065 19.3099 31.3762
v -45.3192 20.3387 33.2057
v -46.4425 20.3548 32.7174
v -45.6206 22.4658 32.4328
v -46.4425 20.3548 32.7174
v -45.9540 20.3686 31.5942
v -45.6206 22.4658 32.4328
v -45.9540 20.3686 31.5942
v -44.8307 20.3525 32.0825
v -45.6206 22.4658 32.4328
v -44.8307 20.3525 32.0825
v -45.3192 20.3387 33.2057
v -45.6206 22.4658 32.4328
v -45.3192 20.3387 33.2057
v -45.9540 20.3686 31.5942
v -46.4425 20.3548 32.7174
v -45.3192 20.3387 33.2057
v -44.8307 20.3525 32.0825
v -45.9540 20.3686 31.5942
v -45.8730 21.4028 32.9782
v -46.1905 21.4178 32.1721
v -45.6126 23.5219 32.4492
v -46.1905 21.4178 32.1721
v -45.3842 21.4166 31.8545
v -45.6126 23.5219 32.4492
v -45.3842 21.4166 31.8545
v -45.0667 21.4017 32.6607
v -45.6126 23.5219 32.4492
v -45.0667 21.4017 32.6607
v -45.8730 21.4028 32.9782
v -45.6126 23.5219 32.4492
v -45.8730 21.4028 32.9782
v -45.3842 21.4166 31.8545
v -46.1905 21.4178 32.1721
v -45.8730 21.4028 32.9782
v -45.0667 21.4017 32.6607
v -45.3842 21.4166 31.8545
v 33.3931 22.8125 -15.9824
v 34.1970 22.8811 -15.5899
v 33.1316 25.0531 -14.8130
v 34.1970 22.8811 -15.5899
v 34.0980 22.8733 -13.9351
v 33.1316 25.0531 -14.8130
v 34.0980 22.8733 -13.9351
v 32.4491 22.7327 -14.0345
v 33.1316 25.0531 -14.8130
v 32.4491 22.7327 -14.0345
v 32.5482 22.7406 -15.6893
v 33.1316 25.0531 -14.8130
v 32.5482 22.7406 -15.6893
v 33.3931 22.8125 -15.9824
v 33.1316 25.0531 -14.8130
v 33.3931 22.8125 -15.9824
v 34.0980 22.8733 -13.9351
v 34.1970 22.8811 -15.5899
v 33.3931 22.8125 -15.9824
v 32.4491 22.7327 -14.0345
v 34.0980 22.8733 -13.9351
v 33.3931 22.8125 -15.9824
v 32.5482 22.7406 -15.6893
v 32.4491 22.7327 -14.0345
v 33.2826 23.9344 -15.7352
v 34.1466 24.0084 -14.7572
v 33.0359 26.1762 -14.8134
v 34.1466 24.0084 -14.7572
v 33.1721 23.9256 -13.8900
v 33.0359 26.1762 -14.8134
v 33.1721 23.9256 -13.8900
v 32.3081 23.8517 -14.8680
v 33.0359 26.1762 -14.8134
v 32.3081 23.8517 -14.8680
v 33.2826 23.9344 -15.7352
v 33.0359 26.1762 -14.8134
v 33.2826 23.9344 -15.7352
v 33.1721 23.9256 -13.8900
v 34.1466 24.0084 -14.7572
v 33.2826 23.9344 -15.7352
v 32.3081 23.8517 -14.8680
v 33.1721 23.9256 -13.8900
v 33.6191 25.0945 -15.2468
v 33.5639 25.0901 -14.3237
v 32.9402 27.2993 -14.8138
v 33.5639 25.0901 -14.3237
v 32.6441 25.0117 -14.3792
v 32.9402 27.2993 -14.8138
v 32.6441 25.0117 -14.3792
v 32.6994 25.0161 -15.3022
v 32.9402 27.2993 -14.8138
v 32.6994 25.0161 -15.3022
v 33.6191 25.0945 -15.2468
v 32.9402 27.2993 -14.8138
v 33.6191 25.0945 -15.2468
v 32.6441 25.0117 -14.3792
v 33.5639 25.0901 -14.3237
v 33.6191 25.0945 -15.2468
v 32.6994 25.0161 -15.3022
v 32.6441 25.0117 -14.3792
v -11.2341 19.1683 45.7611
v -11.9896 19.1752 47.2079
v -13.1745 23.3621 45.6483
v -11.9896 19.1752 47.2079
v -14.9906 19.3131 46.9420
v -13.1745 23.3621 45.6483
v -14.9906 19.3131 46.9420
v -14.7225 19.3563 43.9383
v -13.1745 23.3621 45.6483
v -14.7225 19.3563 43.9383
v -11.7215 19.2184 44.2042
v -13.1745 23.3621 45.6483
v -11.7215 19.2184 44.2042
v -11.2341 19.1683 45.7611
v -13.1745 23.3621 45.6483
v -11.2341 19.1683 45.7611
v -14.9906 19.3131 46.9420
v -11.9896 19.1752 47.2079
v -11.2341 19.1683 45.7611
v -14.7225 19.3563 43.9383
v -14.9906 19.3131 46.9420
v -11.2341 19.1683 45.7611
v -11.7215 19.2184 44.2042
v -14.7225 19.3563 43.9383
v -11.5921 21.2371 45.7589
v -13.4147 21.2899 47.2853
v -13.0837 25.4103 45.6858
v -13.4147 21.2899 47.2853
v -14.9384 21.3908 45.4624
v -13.0837 25.4103 45.6858
v -14.9384 21.3908 45.4624
v -13.1158 21.3380 43.9361
v -13.0837 25.4103 45.6858
v -13.1158 21.3380 43.9361
v -11.5921 21.2371 45.7589
v -13.0837 25.4103 45.6858
v -11.5921 21.2371 45.7589
v -14.9384 21.3908 45.4624
v -13.4147 21.2899 47.2853
v -11.5921 21.2371 45.7589
v -13.1158 21.3380 43.9361
v -14.9384 21.3908 45.4624
v -12.4123 23.3116 46.5601
v -14.0862 23.3885 46.4118
v -12.9929 27.4584 45.7234
v -14.0862 23.3885 46.4118
v -13.9366 23.4126 44.7364
v -12.9929 27.4584 45.7234
v -13.9366 23.4126 44.7364
v -12.2627 23.3357 44.8847
v -12.9929 27.4584 45.7234
v -12.2627 23.3357 44.8847
v -12.4123 23.3116 46.5601
v -12.9929 27.4584 45.7234
v -12.4123 23.3116 46.5601
v -13.9366 23.4126 44.7364
v -14.0862 23.3885 46.4118
v -12.4123 23.3116 46.5601
v -12.2627 23.3357 44.8847
v -13.9366 23.4126 44.7364
v -50.4596 18.9416 39.2544
v -49.9640 18.9541 38.8176
v -49.7546 20.6394 39.6032
v -49.9640 18.9541 38.8176
v -48.8691 19.0098 39.3549
v -49.7546 20.6394 39.6032
v -48.8691 19.0098 39.3549
v -49.4069 19.0080 40.4509
v -49.7546 20.6394 39.6032
v -49.4069 19.0080 40.4509
v -50.5018 18.9523 39.9137
v -49.7546 20.6394 39.6032
v -50.5018 18.9523 39.9137
v -50.4596 18.9416 39.2544
v -49.7546 20.6394 39.6032
v -50.4596 18.9416 39.2544
v -48.8691 19.0098 39.3549
v -49.9640 18.9541 38.8176
v -50.4596 18.9416 39.2544
v -49.4069 19.0080 40.4509
v -48.8691 19.0098 39.3549
v -50.4596 18.9416 39.2544
v -50.5018 18.9523 39.9137
v -49.4069 19.0080 40.4509
v -50.3304 19.7792 39.3192
v -49.4202 19.8113 39.0077
v -49.7891 21.4686 39.5876
v -49.4202 19.8113 39.0077
v -49.1096 19.8413 39.9183
v -49.7891 21.4686 39.5876
v -49.1096 19.8413 39.9183
v -50.0198 19.8092 40.2298
v -49.7891 21.4686 39.5876
v -50.0198 19.8092 40.2298
v -50.3304 19.7792 39.3192
v -49.7891 21.4686 39.5876
v -50.3304 19.7792 39.3192
v -49.1096 19.8413 39.9183
v -49.4202 19.8113 39.0077
v -50.3304 19.7792 39.3192
v -50.0198 19.8092 40.2298
v -49.1096 19.8413 39.9183
v -49.9099 20.6244 39.1477
v -49.2992 20.6555 39.4473
v -49.8237 22.2978 39.5721
v -49.2992 20.6555 39.4473
v -49.5992 20.6545 40.0587
v -49.8237 22.2978 39.5721
v -49.5992 20.6545 40.0587
v -50.2099 20.6234 39.7590
v -49.8237 22.2978 39.5721
v -50.2099 20.6234 39.7590
v -49.9099 20.6244 39.1477
v -49.8237 22.2978 39.5721
v -49.9099 20.6244 39.1477
v -49.5992 20.6545 40.0587
v -49.2992 20.6555 39.4473
v -49.9099 20.6244 39.1477
v -50.2099 20.6234 39.7590
v -49.5992 20.6545 40.0587
v -1.9282 23.2889 -6.3011
v -1.2428 23.2584 -6.8062
v -0.9471 25.4398 -5.8182
v -1.2428 23.2584 -6.8062
v 0.1056 23.2757 -5.9939
v -0.9471 25.4398 -5.8182
v 0.1056 23.2757 -5.9939
v -0.7066 23.3439 -4.6471
v -0.9471 25.4398 -5.8182
v -0.7066 23.3439 -4.6471
v -2.0551 23.3266 -5.4594
v -0.9471 25.4398 -5.8182
v -2.0551 23.3266 -5.4594
v -1.9282 23.2889 -6.3011
v -0.9471 25.4398 -5.8182
v -1.9282 23.2889 -6.3011
v 0.1056 23.2757 -5.9939
v -1.2428 23.2584 -6.8062
v -1.9282 23.2889 -6.3011
v -0.7066 23.3439 -4.6471
v 0.1056 23.2757 -5.9939
v -1.9282 23.2889 -6.3011
v -2.0551 23.3266 -5.4594
v -0.7066 23.3439 -4.6471
v -1.7127 24.3608 -6.2253
v -0.5081 24.3324 -6.5233
v -0.9332 26.5091 -5.8640
v -0.5081 24.3324 -6.5233
v -0.2091 24.3801 -5.3196
v -0.9332 26.5091 -5.8640
v -0.2091 24.3801 -5.3196
v -1.4137 24.4085 -5.0215
v -0.9332 26.5091 -5.8640
v -1.4137 24.4085 -5.0215
v -1.7127 24.3608 -6.2253
v -0.9332 26.5091 -5.8640
v -1.7127 24.3608 -6.2253
v -0.2091 24.3801 -5.3196
v -0.5081 24.3324 -6.5233
v -1.7127 24.3608 -6.2253
v -1.4137 24.4085 -5.0215
v -0.2091 24.3801 -5.3196
v -1.0966 25.4159 -6.4204
v -0.3445 25.4256 -5.9673
v -0.9194 27.5784 -5.9098
v -0.3445 25.4256 -5.9673
v -0.7975 25.4636 -5.2161
v -0.9194 27.5784 -5.9098
v -0.7975 25.4636 -5.2161
v -1.5497 25.4539 -5.6692
v -0.9194 27.5784 -5.9098
v -1.5497 25.4539 -5.6692
v -1.0966 25.4159 -6.4204
v -0.9194 27.5784 -5.9098
v -1.0966 25.4159 -6.4204
v -0.7975 25.4636 -5.2161
v -0.3445 25.4256 -5.9673
v -1.0966 25.4159 -6.4204
v -1.5497 25.4539 -5.6692
v -0.7975 25.4636 -5.2161
v 4.4783 18.5330 47.2864
v 4.7355 18.5374 46.1995
v 5.9999 21.2986 47.0836
v 4.7355 18.5374 46.1995
v 6.7719 18.4817 45.8695
v 5.9999 21.2986 47.0836
v 6.7719 18.4817 45.8695
v 7.1011 18.4499 47.9066
v 5.9999 21.2986 47.0836
v 7.1011 18.4499 47.9066
v 5.0647 18.5056 48.2366
v 5.9999 21.2986 47.0836
v 5.0647 18.5056 48.2366
v 4.4783 18.5330 47.2864
v 5.9999 21.2986 47.0836
v 4.4783 18.5330 47.2864
v 6.7719 18.4817 45.8695
v 4.7355 18.5374 46.1995
v 4.4783 18.5330 47.2864
v 7.1011 18.4499 47.9066
v 6.7719 18.4817 45.8695
v 4.4783 18.5330 47.2864
v 5.0647 18.5056 48.2366
v 7.1011 18.4499 47.9066
v 4.8238 19.9271 47.2523
v 5.7756 19.9138 45.9326
v 6.0408 22.7010 47.0989
v 5.7756 19.9138 45.9326
v 7.0944 19.8651 46.8844
v 6.0408 22.7010 47.0989
v 7.0944 19.8651 46.8844
v 6.1427 19.8784 48.2040
v 6.0408 22.7010 47.0989
v 6.1427 19.8784 48.2040
v 4.8238 19.9271 47.2523
v 6.0408 22.7010 47.0989
v 4.8238 19.9271 47.2523
v 7.0944 19.8651 46.8844
v 5.7756 19.9138 45.9326
v 4.8238 19.9271 47.2523
v 6.1427 19.8784 48.2040
v 7.0944 19.8651 46.8844
v 5.3402 21.3229 46.6075
v 6.4761 21.2919 46.4235
v 6.0816 24.1035 47.1142
v 6.4761 21.2919 46.4235
v 6.6597 21.2742 47.5597
v 6.0816 24.1035 47.1142
v 6.6597 21.2742 47.5597
v 5.5238 21.3052 47.7438
v 6.0816 24.1035 47.1142
v 5.5238 21.3052 47.7438
v 5.3402 21.3229 46.6075
v 6.0816 24.1035 47.1142
v 5.3402 21.3229 46.6075
v 6.6597 21.2742 47.5597
v 6.4761 21.2919 46.4235
v 5.3402 21.3229 46.6075
v 5.5238 21.3052 47.7438
v 6.6597 21.2742 47.5597
v -1.9574 19.3131 34.7307
v -1.4460 19.2250 35.7905
v -2.8484 22.2463 36.0614
v -1.4460 19.2250 35.7905
v -2.8976 19.1922 37.4172
v -2.8484 22.2463 36.0614
v -2.8976 19.1922 37.4172
v -4.5216 19.3549 35.9713
v -2.8484 22.2463 36.0614
v -4.5216 19.3549 35.9713
v -3.0700 19.3877 34.3447
v -2.8484 22.2463 36.0614
v -3.0700 19.3877 34.3447
v -1.9574 19.3131 34.7307
v -2.8484 22.2463 36.0614
v -1.9574 19.3131 34.7307
v -2.8976 19.1922 37.4172
v -1.4460 19.2250 35.7905
v -1.9574 19.3131 34.7307
v -4.5216 19.3549 35.9713
v -2.8976 19.1922 37.4172
v -1.9574 19.3131 34.7307
v -3.0700 19.3877 34.3447
v -4.5216 19.3549 35.9713
v -2.1068 20.7864 35.0643
v -2.0107 20.6774 36.7773
v -2.7807 23.7244 36.1517
v -2.0107 20.6774 36.7773
v -3.7254 20.7498 36.8781
v -2.7807 23.7244 36.1517
v -3.7254 20.7498 36.8781
v -3.8215 20.8588 35.1651
v -2.7807 23.7244 36.1517
v -3.8215 20.8588 35.1651
v -2.1068 20.7864 35.0643
v -2.7807 23.7244 36.1517
v -2.1068 20.7864 35.0643
v -3.7254 20.7498 36.8781
v -2.0107 20.6774 36.7773
v -2.1068 20.7864 35.0643
v -3.8215 20.8588 35.1651
v -3.7254 20.7498 36.8781
v -1.9906 22.2100 36.0110
v -2.8003 22.1917 36.9184
v -2.7129 25.2026 36.2420
v -2.8003 22.1917 36.9184
v -3.7061 22.2825 36.1119
v -2.7129 25.2026 36.2420
v -3.7061 22.2825 36.1119
v -2.8964 22.3008 35.2045
v -2.7129 25.2026 36.2420
v -2.8964 22.3008 35.2045
v -1.9906 22.2100 36.0110
v -2.7129 25.2026 36.2420
v -1.9906 22.2100 36.0110
v -3.7061 22.2825 36.1119
v -2.8003 22.1917 36.9184
v -1.9906 22.2100 36.0110
v -2.8964 22.3008 35.2045
v -3.7061 22.2825 36.1119
v -35.5072 18.5947 46.6360
v -36.2693 18.5178 46.3502
v -35.7523 20.6362 45.5717
v -36.2693 18.5178 46.3502
v -36.3229 18.5148 44.8405
v -35.7523 20.6362 45.5717
v -36.3229 18.5148 44.8405
v -34.8209 18.6671 44.7869
v -35.7523 20.6362 45.5717
v -34.8209 18.6671 44.7869
v -34.7673 18.6702 46.2966
v -35.7523 20.6362 45.5717
v -34.7673 18.6702 46.2966
v -35.5072 18.5947 46.6360
v -35.7523 20.6362 45.5717
v -35.5072 18.5947 46.6360
v -36.3229 18.5148 44.8405
v -36.2693 18.5178 46.3502
v -35.5072 18.5947 46.6360
v -34.8209 18.6671 44.7869
v -36.3229 18.5148 44.8405
v -35.5072 18.5947 46.6360
v -34.7673 18.6702 46.2966
v -34.8209 18.6671 44.7869
v -35.6188 19.6160 46.4118
v -36.4861 19.5294 45.6001
v -35.8559 21.6580 45.5733
v -36.4861 19.5294 45.6001
v -35.6786 19.6126 44.7285
v -35.8559 21.6580 45.5733
v -35.6786 19.6126 44.7285
v -34.8113 19.6993 45.5402
v -35.8559 21.6580 45.5733
v -34.8113 19.6993 45.5402
v -35.6188 19.6160 46.4118
v -35.8559 21.6580 45.5733
v -35.6188 19.6160 46.4118
v -35.6786 19.6126 44.7285
v -36.4861 19.5294 45.6001
v -35.6188 19.6160 46.4118
v -34.8113 19.6993 45.5402
v -35.6786 19.6126 44.7285
v -36.1562 20.5945 46.0078
v -36.1861 20.5928 45.1657
v -35.9595 22.6799 45.5750
v -36.1861 20.5928 45.1657
v -35.3484 20.6778 45.1357
v -35.9595 22.6799 45.5750
v -35.3484 20.6778 45.1357
v -35.3185 20.6795 45.9778
v -35.9595 22.6799 45.5750
v -35.3185 20.6795 45.9778
v -36.1562 20.5945 46.0078
v -35.9595 22.6799 45.5750
v -36.1562 20.5945 46.0078
v -35.3484 20.6778 45.1357
v -36.1861 20.5928 45.1657
v -36.1562 20.5945 46.0078
v -35.3185 20.6795 45.9778
v -35.3484 20.6778 45.1357
v -33.2104 21.4681 4.1766
v -32.4181 21.5389 3.9810
v -32.7535 23.5604 5.0689
v -32.4181 21.5389 3.9810
v -31.5233 21.5978 5.2006
v -32.7535 23.5604 5.0689
v -31.5233 21.5978 5.2006
v -32.7375 21.4806 6.0970
v -32.7535 23.5604 5.0689
v -32.7375 21.4806 6.0970
v -33.6322 21.4217 4.8774
v -32.7535 23.5604 5.0689
v -33.6322 21.4217 4.8774
v -33.2104 21.4681 4.1766
v -32.7535 23.5604 5.0689
v -33.2104 21.4681 4.1766
v -31.5233 21.5978 5.2006
v -32.4181 21.5389 3.9810
v -33.2104 21.4681 4.1766
v -32.7375 21.4806 6.0970
v -31.5233 21.5978 5.2006
v -33.2104 21.4681 4.1766
v -33.6322 21.4217 4.8774
v -32.7375 21.4806 6.0970
v -33.1645 22.5022 4.3740
v -31.9887 22.6004 4.5542
v -32.8414 24.5857 5.0839
v -31.9887 22.6004 4.5542
v -32.1668 22.5679 5.7339
v -32.8414 24.5857 5.0839
v -32.1668 22.5679 5.7339
v -33.3425 22.4698 5.5537
v -32.8414 24.5857 5.0839
v -33.3425 22.4698 5.5537
v -33.1645 22.5022 4.3740
v -32.8414 24.5857 5.0839
v -33.1645 22.5022 4.3740
v -32.1668 22.5679 5.7339
v -31.9887 22.6004 4.5542
v -33.1645 22.5022 4.3740
v -33.3425 22.4698 5.5537
v -32.1668 22.5679 5.7339
v -32.6644 23.5766 4.4788
v -32.1654 23.6095 5.1591
v -32.9292 25.6110 5.0989
v -32.1654 23.6095 5.1591
v -32.8426 23.5441 5.6591
v -32.9292 25.6110 5.0989
v -32.8426 23.5441 5.6591
v -33.3417 23.5113 4.9788
v -32.9292 25.6110 5.0989
v -33.3417 23.5113 4.9788
v -32.6644 23.5766 4.4788
v -32.9292 25.6110 5.0989
v -32.6644 23.5766 4.4788
v -32.8426 23.5441 5.6591
v -32.1654 23.6095 5.1591
v -32.6644 23.5766 4.4788
v -33.3417 23.5113 4.9788
v -32.8426 23.5441 5.6591
v 24.6795 22.2333 -9.5537
v 24.5629 22.2705 -10.4012
v 25.8074 24.3219 -10.0496
v 24.5629 22.2705 -10.4012
v 25.9243 22.1923 -11.2036
v 25.8074 24.3219 -10.0496
v 25.9243 22.1923 -11.2036
v 26.7213 22.0854 -9.8410
v 25.8074 24.3219 -10.0496
v 26.7213 22.0854 -9.8410
v 25.3599 22.1637 -9.0386
v 25.8074 24.3219 -10.0496
v 25.3599 22.1637 -9.0386
v 24.6795 22.2333 -9.5537
v 25.8074 24.3219 -10.0496
v 24.6795 22.2333 -9.5537
v 25.9243 22.1923 -11.2036
v 24.5629 22.2705 -10.4012
v 24.6795 22.2333 -9.5537
v 26.7213 22.0854 -9.8410
v 25.9243 22.1923 -11.2036
v 24.6795 22.2333 -9.5537
v 25.3599 22.1637 -9.0386
v 26.7213 22.0854 -9.8410
v 24.9658 23.2936 -9.6380
v 25.2804 23.3095 -10.8450
v 25.8901 25.3938 -10.0139
v 25.2804 23.3095 -10.8450
v 26.4837 23.2063 -10.5327
v 25.8901 25.3938 -10.0139
v 26.4837 23.2063 -10.5327
v 26.1691 23.1903 -9.3257
v 25.8901 25.3938 -10.0139
v 26.1691 23.1903 -9.3257
v 24.9658 23.2936 -9.6380
v 25.8901 25.3938 -10.0139
v 24.9658 23.2936 -9.6380
v 26.4837 23.2063 -10.5327
v 25.2804 23.3095 -10.8450
v 24.9658 23.2936 -9.6380
v 26.1691 23.1903 -9.3257
v 26.4837 23.2063 -10.5327
v 25.2055 24.3735 -10.2058
v 25.9648 24.3299 -10.6534
v 25.9727 26.4658 -9.9781
v 25.9648 24.3299 -10.6534
v 26.4094 24.2703 -9.8934
v 25.9727 26.4658 -9.9781
v 26.4094 24.2703 -9.8934
v 25.6500 24.3139 -9.4458
v 25.9727 26.4658 -9.9781
v 25.6500 24.3139 -9.4458
v 25.2055 24.3735 -10.2058
v 25.9727 26.4658 -9.9781
v 25.2055 24.3735 -10.2058
v 26.4094 24.2703 -9.8934
v 25.9648 24.3299 -10.6534
v 25.2055 24.3735 -10.2058
v 25.6500 24.3139 -9.4458
v 26.4094 24.2703 -9.8934
v -7.4374 18.7732 41.1192
v -8.2740 18.7279 41.5352
v -8.4160 21.1452 40.4610
v -8.2740 18.7279 41.5352
v -9.5789 18.7658 40.4025
v -8.4160 21.1452 40.4610
v -9.5789 18.7658 40.4025
v -8.4463 18.8719 39.1013
v -8.4160 21.1452 40.4610
v -8.4463 18.8719 39.1013
v -7.1413 18.8341 40.2340
v -8.4160 21.1452 40.4610
v -7.1413 18.8341 40.2340
v -7.4374 18.7732 41.1192
v -8.4160 21.1452 40.4610
v -7.4374 18.7732 41.1192
v -9.5789 18.7658 40.4025
v -8.2740 18.7279 41.5352
v -7.4374 18.7732 41.1192
v -8.4463 18.8719 39.1013
v -9.5789 18.7658 40.4025
v -7.4374 18.7732 41.1192
v -7.1413 18.8341 40.2340
v -8.4463 18.8719 39.1013
v -7.6605 19.9515 41.0211
v -9.0195 19.9134 41.1151
v -8.4439 22.3178 40.5323
v -9.0195 19.9134 41.1151
v -9.1156 19.9937 39.7581
v -8.4439 22.3178 40.5323
v -9.1156 19.9937 39.7581
v -7.7566 20.0318 39.6641
v -8.4439 22.3178 40.5323
v -7.7566 20.0318 39.6641
v -7.6605 19.9515 41.0211
v -8.4439 22.3178 40.5323
v -7.6605 19.9515 41.0211
v -9.1156 19.9937 39.7581
v -9.0195 19.9134 41.1151
v -7.6605 19.9515 41.0211
v -7.7566 20.0318 39.6641
v -9.1156 19.9937 39.7581
v -8.3679 21.1051 41.1398
v -9.0958 21.1261 40.5079
v -8.4719 23.4905 40.6037
v -9.0958 21.1261 40.5079
v -8.4640 21.1854 39.7821
v -8.4719 23.4905 40.6037
v -8.4640 21.1854 39.7821
v -7.7362 21.1643 40.4140
v -8.4719 23.4905 40.6037
v -7.7362 21.1643 40.4140
v -8.3679 21.1051 41.1398
v -8.4719 23.4905 40.6037
v -8.3679 21.1051 41.1398
v -8.4640 21.1854 39.7821
v -9.0958 21.1261 40.5079
v -8.3679 21.1051 41.1398
v -7.7362 21.1643 40.4140
v -8.4640 21.1854 39.7821
v 12.7342 22.5486 -0.5714
v 11.6120 22.7047 -0.5627
v 12.5531 25.4361 -1.9594
v 11.6120 22.7047 -0.5627
v 10.8014 22.8005 -2.4907
v 12.5531 25.4361 -1.9594
v 10.8014 22.8005 -2.4907
v 12.7101 22.5281 -3.3067
v 12.5531 25.4361 -1.9594
v 12.7101 22.5281 -3.3067
v 13.5207 22.4322 -1.3788
v 12.5531 25.4361 -1.9594
v 13.5207 22.4322 -1.3788
v 12.7342 22.5486 -0.5714
v 12.5531 25.4361 -1.9594
v 12.7342 22.5486 -0.5714
v 10.8014 22.8005 -2.4907
v 11.6120 22.7047 -0.5627
v 12.7342 22.5486 -0.5714
v 12.7101 22.5281 -3.3067
v 10.8014 22.8005 -2.4907
v 12.7342 22.5486 -0.5714
v 13.5207 22.4322 -1.3788
v 12.7101 22.5281 -3.3067
v 12.8090 23.9728 -0.8722
v 11.2929 24.1781 -1.4921
v 12.7491 26.8459 -1.9717
v 11.2929 24.1781 -1.4921
v 11.9052 24.0797 -3.0219
v 12.7491 26.8459 -1.9717
v 11.9052 24.0797 -3.0219
v 13.4212 23.8743 -2.4020
v 12.7491 26.8459 -1.9717
v 13.4212 23.8743 -2.4020
v 12.8090 23.9728 -0.8722
v 12.7491 26.8459 -1.9717
v 12.8090 23.9728 -0.8722
v 11.9052 24.0797 -3.0219
v 11.2929 24.1781 -1.4921
v 12.8090 23.9728 -0.8722
v 13.4212 23.8743 -2.4020
v 11.9052 24.0797 -3.0219
v 12.2468 25.4854 -1.1941
v 11.7947 25.5388 -2.2695
v 12.9451 28.2558 -1.9840
v 11.7947 25.5388 -2.2695
v 12.8593 25.3868 -2.7246
v 12.9451 28.2558 -1.9840
v 12.8593 25.3868 -2.7246
v 13.3115 25.3334 -1.6492
v 12.9451 28.2558 -1.9840
v 13.3115 25.3334 -1.6492
v 12.2468 25.4854 -1.1941
v 12.9451 28.2558 -1.9840
v 12.2468 25.4854 -1.1941
v 12.8593 25.3868 -2.7246
v 11.7947 25.5388 -2.2695
v 12.2468 25.4854 -1.1941
v 13.3115 25.3334 -1.6492
v 12.8593 25.3868 -2.7246
v -15.1058 19.4645 31.1450
v -13.9854 19.3479 31.3324
v -14.4649 22.3014 32.5591
v -13.9854 19.3479 31.3324
v -13.5085 19.3253 33.3876
v -14.4649 22.3014 32.5591
v -13.5085 19.3253 33.3876
v -15.5517 19.5493 33.8642
v -14.4649 22.3014 32.5591
v -15.5517 19.5493 33.8642
v -16.0286 19.5719 31.8089
v -14.4649 22.3014 32.5591
v -16.0286 19.5719 31.8089
v -15.1058 19.4645 31.1450
v -14.4649 22.3014 32.5591
v -15.1058 19.4645 31.1450
v -13.5085 19.3253 33.3876
v -13.9854 19.3479 31.3324
v -15.1058 19.4645 31.1450
v -15.5517 19.5493 33.8642
v -13.5085 19.3253 33.3876
v -15.1058 19.4645 31.1450
v -16.0286 19.5719 31.8089
v -15.5517 19.5493 33.8642
v -14.8826 20.8875 31.4328
v -13.4776 20.7501 32.3130
v -14.3131 23.7278 32.5395
v -13.4776 20.7501 32.3130
v -14.3508 20.8624 33.7245
v -14.3131 23.7278 32.5395
v -14.3508 20.8624 33.7245
v -15.7559 20.9999 32.8444
v -14.3131 23.7278 32.5395
v -15.7559 20.9999 32.8444
v -14.8826 20.8875 31.4328
v -14.3131 23.7278 32.5395
v -14.8826 20.8875 31.4328
v -14.3508 20.8624 33.7245
v -13.4776 20.7501 32.3130
v -14.8826 20.8875 31.4328
v -15.7559 20.9999 32.8444
v -14.3508 20.8624 33.7245
v -14.0281 22.2452 31.8530
v -13.7621 22.2326 32.9994
v -14.1613 25.1541 32.5199
v -13.7621 22.2326 32.9994
v -14.9017 22.3576 33.2652
v -14.1613 25.1541 32.5199
v -14.9017 22.3576 33.2652
v -15.1678 22.3701 32.1188
v -14.1613 25.1541 32.5199
v -15.1678 22.3701 32.1188
v -14.0281 22.2452 31.8530
v -14.1613 25.1541 32.5199
v -14.0281 22.2452 31.8530
v -14.9017 22.3576 33.2652
v -13.7621 22.2326 32.9994
v -14.0281 22.2452 31.8530
v -15.1678 22.3701 32.1188
v -14.9017 22.3576 33.2652
v 9.1473 18.4983 44.4889
v 10.0669 18.5427 44.1010
v 9.9985 20.9973 45.5063
v 10.0669 18.5427 44.1010
v 11.3815 18.5315 45.3968
v 9.9985 20.9973 45.5063
v 11.3815 18.5315 45.3968
v 10.0869 18.4381 46.7094
v 9.9985 20.9973 45.5063
v 10.0869 18.4381 46.7094
v 8.7722 18.4492 45.4136
v 9.9985 20.9973 45.5063
v 8.7722 18.4492 45.4136
v 9.1473 18.4983 44.4889
v 9.9985 20.9973 45.5063
v 9.1473 18.4983 44.4889
v 11.3815 18.5315 45.3968
v 10.0669 18.5427 44.1010
v 9.1473 18.4983 44.4889
v 10.0869 18.4381 46.7094
v 11.3815 18.5315 45.3968
v 9.1473 18.4983 44.4889
v 8.7722 18.4492 45.4136
v 10.0869 18.4381 46.7094
v 9.3047 19.7501 44.7333
v 10.7595 19.7959 44.7240
v 9.9593 22.2508 45.5569
v 10.7595 19.7959 44.7240
v 10.7706 19.7376 46.1782
v 9.9593 22.2508 45.5569
v 10.7706 19.7376 46.1782
v 9.3159 19.6917 46.1875
v 9.9593 22.2508 45.5569
v 9.3159 19.6917 46.1875
v 9.3047 19.7501 44.7333
v 9.9593 22.2508 45.5569
v 9.3047 19.7501 44.7333
v 10.7706 19.7376 46.1782
v 10.7595 19.7959 44.7240
v 9.3047 19.7501 44.7333
v 9.3159 19.6917 46.1875
v 10.7706 19.7376 46.1782
v 9.9929 21.0265 44.7788
v 10.7262 21.0202 45.5017
v 9.9201 23.5042 45.6075
v 10.7262 21.0202 45.5017
v 10.0041 20.9681 46.2338
v 9.9201 23.5042 45.6075
v 10.0041 20.9681 46.2338
v 9.2708 20.9744 45.5110
v 9.9201 23.5042 45.6075
v 9.2708 20.9744 45.5110
v 9.9929 21.0265 44.7788
v 9.9201 23.5042 45.6075
v 9.9929 21.0265 44.7788
v 10.0041 20.9681 46.2338
v 10.7262 21.0202 45.5017
v 9.9929 21.0265 44.7788
v 9.2708 20.9744 45.5110
v 10.0041 20.9681 46.2338
vt 0.00000 1.00000
vt 0.00000 1.00000
vt 0.00000 1.00000
vt 0.00000 1.00000
vt 0.00000 1.00000
vt 0.00000 1.00000
vt 0.00000 1.00000
vt 0.00000 1.00000
vt 0.00000 1.00000
vt 0.00000 1.00000
vt 0.00000 1.00000
vt 0.00000 1.00000
vt 0.00000 1.00000
vt 0.00000 1.00000
vt 0.00000 1.00000
vt 0.00000 1.00000
vt 0.00000 1.00000
vt 0.00000 1.00000
vt 0.00000 1.00000
vt 0.00000 1.00000
vt 0.00000 1.00000
vt 0.00000 1.00000
vt 0.00000 1.00000
vt 0.00000 1.00000
vt 0.00000 1.00000
vt 0.00000 1.00000
vt 0.00000 1.00000
vt 0.00000 1.00000
vt 0.00000 1.00000
vt 0.00000 1.00000
vt 0.00000 1.00000
vt 0.00000 1.00000
vt 0.00000 1.00000
vt 0.00000 1.00000
vt 0.00000 1.00000
vt 0.00000 1.00000
vt 0.00000 1.00000
vt 0.00000 1.00000
vt 0.00000 1.00000
vt 0.00000 1.00000
vt 0.00000 1.00000
vt 0.00000 1.00000
vt 0.00000 1.00000
vt 0.00000 1.00000
vt 0.00000 1.00000
vt 0.00000 1.00000
vt 0.00000 1.00000
vt 0.00000 1.00000
vt 0.00000 1.00000
vt 0.00000 1.00000
vt 0.00000 1.00000
vt 0.00000 1.00000
vt 0.00000 1.00000
vt 0.00000 1.00000
vt 0.00000 1.00000
vt 0.00000 1.00000
vt 0.00000 1.00000
vt 0.00000 1.00000
vt 0.00000 1.00000
vt 0.00000 1.00000
vt 0.00000 1.00000
vt 0.00000 1.00000
vt 0.00000 1.00000
vt 0.00000 1.00000
vt 0.00000 1.00000
vt 0.00000 1.00000
vt 0.00000 1.00000
vt 0.00000 1.00000
vt 0.00000 1.00000
vt 0.00000 1.00000
vt 0.00000 1.00000
vt 0.00000 1.00000
vt 0.00000 1.00000
vt 0.00000 1.00000
vt 0.00000 1.00000
vt 0.00000 1.00000
vt 0.00000 1.00000
vt 0.00000 1.00000
vt 0.00000 1.00000
vt 0.00000 1.00000
vt 0.00000 1.00000
vt 0.00000 1.00000
vt 0.00000 1.00000
vt 0.00000 1.00000
vt 0.00000 1.00000
vt 0.00000 1.00000
vt 0.00000 1.00000
vt 0.00000 1.00000
vt 0.00000 1.00000
vt 0.00000 1.00000
vt 0.00000 1.00000
vt 0.00000 1.00000
vt 0.00000 1.00000
vt 0.00000 1.00000
vt 0.00000 1.00000
vt 0.00000 1.00000
vt 0.00000 1.00000
vt 0.00000 1.00000
vt 0.00000 1.00000
vt 0.00000 1.00000
vt 0.00000 1.00000
vt 0.00000 1.00000
vt 0.00000 1.00000
vt 0.00000 1.00000
vt 0.00000 1.00000
vt 0.00000 1.00000
vt 0.00000 1.00000
vt 0.00000 1.00000
vt 0.00000 1.00000
vt 0.00000 1.00000
vt 0.00000 1.00000
vt 0.00000 1.00000
vt 0.00000 1.00000
vt 0.00000 1.00000
vt 0.00000 1.00000
vt 0.00000 1.00000
vt 0.00000 1.00000
vt 0.00000 1.00000
vt 0.00000 1.00000
vt 0.00000 1.00000
vt 0.00000 1.00000
vt 0.00000 1.00000
vt 0.00000 1.00000
vt 0.00000 1.00000
vt 0.00000 1.00000
vt 0.00000 1.00000
vt 0.00000 1.00000
vt 0.00000 1.00000
vt 0.00000 1.00000
vt 0.00000 1.00000
vt 0.00000 1.00000
vt 0.00000 1.00000
vt 0.00000 1.00000
vt 0.00000 1.00000
vt 0.00000 1.00000
vt 0.00000 1.00000
vt 0.00000 1.00000
vt 0.00000 1.00000
vt 0.00000 1.00000
vt 0.00000 1.00000
vt 0.00000 1.00000
vt 0.00000 1.00000
vt 0.00000 1.00000
vt 0.00000 1.00000
vt 0.00000 1.00000
vt 0.00000 1.00000
vt 0.00000 1.00000
vt 0.00000 1.00000
vt 0.00000 1.00000
vt 0.00000 1.00000
vt 0.00000 1.00000
vt 0.00000 1.00000
vt 0.00000 1.00000
vt 0.00000 1.00000
vt 0.00000 1.00000
vt 0.00000 1.00000
vt 0.00000 1.00000
vt 0.00000 1.00000
vt 0.00000 1.00000
vt 0.00000 1.00000
vt 0.00000 1.00000
vt 0.00000 1.00000
vt 0.00000 1.00000
vt 0.00000 1.00000
vt 0.00000 1.00000
vt 0.00000 1.00000
vt 0.00000 1.00000
vt 0.00000 1.00000
vt 0.00000 1.00000
vt 0.00000 1.00000
vt 0.00000 1.00000
vt 0.00000 1.00000
vt 0.00000 1.00000
vt 0.00000 1.00000
vt 0.00000 1.00000
vt 0.00000 1.00000
vt 0.00000 1.00000
vt 0.00000 1.00000
vt 0.00000 1.00000
vt 0.00000 1.00000
vt 0.00000 1.00000
vt 0.00000 1.00000
vt 0.00000 1.00000
vt 0.00000 1.00000
vt 0.00000 1.00000
vt 0.00000 1.00000
vt 0.00000 1.00000
vt 0.00000 1.00000
vt 0.00000 1.00000
vt 0.00000 1.00000
vt 0.00000 1.00000
vt 0.00000 1.00000
vt 0.00000 1.00000
vt 0.00000 1.00000
vt 0.00000 1.00000
vt 0.00000 1.00000
vt 0.00000 1.00000
vt 0.00000 1.00000
vt 0.00000 1.00000
vt 0.00000 1.00000
vt 0.00000 1.00000
vt 0.00000 1.00000
vt 0.00000 1.00000
vt 0.00000 1.00000
vt 0.00000 1.00000
vt 0.00000 1.00000
vt 0.00000 1.00000
vt 0.00000 1.00000
vt 0.00000 1.00000
vt 0.00000 1.00000
vt 0.00000 1.00000
vt 0.00000 1.00000
vt 0.00000 1.00000
vt 0.00000 1.00000
vt 0.00000 1.00000
vt 0.00000 1.00000
vt 0.00000 1.00000
vt 0.00000 1.00000
vt 0.00000 1.00000
vt 0.00000 1.00000
vt 0.00000 1.00000
vt 0.00000 1.00000
vt 0.00000 1.00000
vt 0.00000 1.00000
vt 0.00000 1.00000
vt 0.00000 1.00000
vt 0.00000 1.00000
vt 0.00000 1.00000
vt 0.00000 1.00000
vt 0.00000 1.00000
vt 0.00000 1.00000
vt 0.00000 1.00000
vt 0.00000 1.00000
vt 0.00000 1.00000
vt 0.00000 1.00000
vt 0.00000 1.00000
vt 0.00000 1.00000
vt 0.00000 1.00000
vt 0.00000 1.00000
vt 0.00000 1.00000
vt 0.00000 1.00000
vt 0.00000 1.00000
vt 0.00000 1.00000
vt 0.00000 1.00000
vt 0.00000 1.00000
vt 0.00000 1.00000
vt 0.00000 1.00000
vt 0.00000 1.00000
vt 0.00000 1.00000
vt 0.00000 1.00000
vt 0.00000 1.00000
vt 0.00000 1.00000
vt 0.00000 1.00000
vt 0.00000 1.00000
vt 0.00000 1.00000
vt 0.00000 1.00000
vt 0.00000 1.00000
vt 0.00000 1.00000
vt 0.00000 1.00000
vt 0.00000 1.00000
vt 0.00000 1.00000
vt 0.00000 1.00000
vt 0.00000 1.00000
vt 0.00000 1.00000
vt 0.00000 1.00000
vt 0.00000 1.00000
vt 0.00000 1.00000
vt 0.00000 1.00000
vt 0.00000 1.00000
vt 0.00000 1.00000
vt 0.00000 1.00000
vt 0.00000 1.00000
vt 0.00000 1.00000
vt 0.00000 1.00000
vt 0.00000 1.00000
vt 0.00000 1.00000
vt 0.00000 1.00000
vt 0.00000 1.00000
vt 0.00000 1.00000
vt 0.00000 1.00000
vt 0.00000 1.00000
vt 0.00000 1.00000
vt 0.00000 1.00000
vt 0.00000 1.00000
vt 0.00000 1.00000
vt 0.00000 1.00000
vt 0.00000 1.00000
vt 0.00000 1.00000
vt 0.00000 1.00000
vt 0.00000 1.00000
vt 0.00000 1.00000
vt 0.00000 1.00000
vt 0.00000 1.00000
vt 0.00000 1.00000
vt 0.00000 1.00000
vt 0.00000 1.00000
vt 0.00000 1.00000
vt 0.00000 1.00000
vt 0.00000 1.00000
vt 0.00000 1.00000
vt 0.00000 1.00000
vt 0.00000 1.00000
vt 0.00000 1.00000
vt 0.00000 1.00000
vt 0.00000 1.00000
vt 0.00000 1.00000
vt 0.00000 1.00000
vt 0.00000 1.00000
vt 0.00000 1.00000
vt 0.00000 1.00000
vt 0.00000 1.00000
vt 0.00000 1.00000
vt 0.00000 1.00000
vt 0.00000 1.00000
vt 0.00000 1.00000
vt 0.00000 1.00000
vt 0.00000 1.00000
vt 0.00000 1.00000
vt 0.00000 1.00000
vt 0.00000 1.00000
vt 0.00000 1.00000
vt 0.00000 1.00000
vt 0.00000 1.00000
vt 0.00000 1.00000
vt 0.00000 1.00000
vt 0.00000 1.00000
vt 0.00000 1.00000
vt 0.00000 1.00000
vt 0.00000 1.00000
vt 0.00000 1.00000
vt 0.00000 1.00000
vt 0.00000 1.00000
vt 0.00000 1.00000
vt 0.00000 1.00000
vt 0.00000 1.00000
vt 0.00000 1.00000
vt 0.00000 1.00000
vt 0.00000 1.00000
vt 0.00000 1.00000
vt 0.00000 1.00000
vt 0.00000 1.00000
vt 0.00000 1.00000
vt 0.00000 1.00000
vt 0.00000 1.00000
vt 0.00000 1.00000
vt 0.00000 1.00000
vt 0.00000 1.00000
vt 0.00000 1.00000
vt 0.00000 1.00000
vt 0.00000 1.00000
vt 0.00000 1.00000
vt 0.00000 1.00000
vt 0.00000 1.00000
vt 0.00000 1.00000
vt 0.00000 1.00000
vt 0.00000 1.00000
vt 0.00000 1.00000
vt 0.00000 1.00000
vt 0.00000 1.00000
vt 0.00000 1.00000
vt 0.00000 1.00000
vt 0.00000 1.00000
vt 0.00000 1.00000
vt 0.00000 1.00000
vt 0.00000 1.00000
vt 0.00000 1.00000
vt 0.00000 1.00000
vt 0.00000 1.00000
vt 0.00000 1.00000
vt 0.00000 1.00000
vt 0.00000 1.00000
vt 0.00000 1.00000
vt 0.00000 1.00000
vt 0.00000 1.00000
vt 0.00000 1.00000
vt 0.00000 1.00000
vt 0.00000 1.00000
vt 0.00000 1.00000
vt 0.00000 1.00000
vt 0.00000 1.00000
vt 0.00000 1.00000
vt 0.00000 1.00000
vt 0.00000 1.00000
vt 0.00000 1.00000
vt 0.00000 1.00000
vt 0.00000 1.00000
vt 0.00000 1.00000
vt 0.00000 1.00000
vt 0.00000 1.00000
vt 0.00000 1.00000
vt 0.00000 1.00000
vt 0.00000 1.00000
vt 0.00000 1.00000
vt 0.00000 1.00000
vt 0.00000 1.00000
vt 0.00000 1.00000
vt 0.00000 1.00000
vt 0.00000 1.00000
vt 0.00000 1.00000
vt 0.00000 1.00000
vt 0.00000 1.00000
vt 0.00000 1.00000
vt 0.00000 1.00000
vt 0.00000 1.00000
vt 0.00000 1.00000
vt 0.00000 1.00000
vt 0.00000 1.00000
vt 0.00000 1.00000
vt 0.00000 1.00000
vt 0.00000 1.00000
vt 0.00000 1.00000
vt 0.00000 1.00000
vt 0.00000 1.00000
vt 0.00000 1.00000
vt 0.00000 1.00000
vt 0.00000 1.00000
vt 0.00000 1.00000
vt 0.00000 1.00000
vt 0.00000 1.00000
vt 0.00000 1.00000
vt 0.00000 1.00000
vt 0.00000 1.00000
vt 0.00000 1.00000
vt 0.00000 1.00000
vt 0.00000 1.00000
vt 0.00000 1.00000
vt 0.00000 1.00000
vt 0.00000 1.00000
vt 0.00000 1.00000
vt 0.00000 1.00000
vt 0.00000 1.00000
vt 0.00000 1.00000
vt 0.00000 1.00000
vt 0.00000 1.00000
vt 0.00000 1.00000
vt 0.00000 1.00000
vt 0.00000 1.00000
vt 0.00000 1.00000
vt 0.00000 1.00000
vt 0.00000 1.00000
vt 0.00000 1.00000
vt 0.00000 1.00000
vt 0.00000 1.00000
vt 0.00000 1.00000
vt 0.00000 1.00000
vt 0.00000 1.00000
vt 0.00000 1.00000
vt 0.00000 1.00000
vt 0.00000 1.00000
vt 0.00000 1.00000
vt 0.00000 1.00000
vt 0.00000 1.00000
vt 0.00000 1.00000
vt 0.00000 1.00000
vt 0.00000 1.00000
vt 0.00000 1.00000
vt 0.00000 1.00000
vt 0.00000 1.00000
vt 0.00000 1.00000
vt 0.00000 1.00000
vt 0.00000 1.00000
vt 0.00000 1.00000
vt 0.00000 1.00000
vt 0.00000 1.00000
vt 0.00000 1.00000
vt 0.00000 1.00000
vt 0.00000 1.00000
vt 0.00000 1.00000
vt 0.00000 1.00000
vt 0.00000 1.00000
vt 0.00000 1.00000
vt 0.00000 1.00000
vt 0.00000 1.00000
vt 0.00000 1.00000
vt 0.00000 1.00000
vt 0.00000 1.00000
vt 0.00000 1.00000
vt 0.00000 1.00000
vt 0.00000 1.00000
vt 0.00000 1.00000
vt 0.00000 1.00000
vt 0.00000 1.00000
vt 0.00000 1.00000
vt 0.00000 1.00000
vt 0.00000 1.00000
vt 0.00000 1.00000
vt 0.00000 1.00000
vt 0.00000 1.00000
vt 0.00000 1.00000
vt 0.00000 1.00000
vt 0.00000 1.00000
vt 0.00000 1.00000
vt 0.00000 1.00000
vt 0.00000 1.00000
vt 0.00000 1.00000
vt 0.00000 1.00000
vt 0.00000 1.00000
vt 0.00000 1.00000
vt 0.00000 1.00000
vt 0.00000 1.00000
vt 0.00000 1.00000
vt 0.00000 1.00000
vt 0.00000 1.00000
vt 0.00000 1.00000
vt 0.00000 1.00000
vt 0.00000 1.00000
vt 0.00000 1.00000
vt 0.00000 1.00000
vt 0.00000 1.00000
vt 0.00000 1.00000
vt 0.00000 1.00000
vt 0.00000 1.00000
vt 0.00000 1.00000
vt 0.00000 1.00000
vt 0.00000 1.00000
vt 0.00000 1.00000
vt 0.00000 1.00000
vt 0.00000 1.00000
vt 0.00000 1.00000
vt 0.00000 1.00000
vt 0.00000 1.00000
vt 0.00000 1.00000
vt 0.00000 1.00000
vt 0.00000 1.00000
vt 0.00000 1.00000
vt 0.00000 1.00000
vt 0.00000 1.00000
vt 0.00000 1.00000
vt 0.00000 1.00000
vt 0.00000 1.00000
vt 0.00000 1.00000
vt 0.00000 1.00000
vt 0.00000 1.00000
vt 0.00000 1.00000
vt 0.00000 1.00000
vt 0.00000 1.00000
vt 0.00000 1.00000
vt 0.00000 1.00000
vt 0.00000 1.00000
vt 0.00000 1.00000
vt 0.00000 1.00000
vt 0.00000 1.00000
vt 0.00000 1.00000
vt 0.00000 1.00000
vt 0.00000 1.00000
vt 0.00000 1.00000
vt 0.00000 1.00000
vt 0.00000 1.00000
vt 0.00000 1.00000
vt 0.00000 1.00000
vt 0.00000 1.00000
vt 0.00000 1.00000
vt 0.00000 1.00000
vt 0.00000 1.00000
vt 0.00000 1.00000
vt 0.00000 1.00000
vt 0.00000 1.00000
vt 0.00000 1.00000
vt 0.00000 1.00000
vt 0.00000 1.00000
vt 0.00000 1.00000
vt 0.00000 1.00000
vt 0.00000 1.00000
vt 0.00000 1.00000
vt 0.00000 1.00000
vt 0.00000 1.00000
vt 0.00000 1.00000
vt 0.00000 1.00000
vt 0.00000 1.00000
vt 0.00000 1.00000
vt 0.00000 1.00000
vt 0.00000 1.00000
vt 0.00000 1.00000
vt 0.00000 1.00000
vt 0.00000 1.00000
vt 0.00000 1.00000
vt 0.00000 1.00000
vt 0.00000 1.00000
vt 0.00000 1.00000
vt 0.00000 1.00000
vt 0.00000 1.00000
vt 0.00000 1.00000
vt 0.00000 1.00000
vt 0.00000 1.00000
vt 0.00000 1.00000
vt 0.00000 1.00000
vt 0.00000 1.00000
vt 0.00000 1.00000
vt 0.00000 1.00000
vt 0.00000 1.00000
vt 0.00000 1.00000
vt 0.00000 1.00000
vt 0.00000 1.00000
vt 0.00000 1.00000
vt 0.00000 1.00000
vt 0.00000 1.00000
vt 0.00000 1.00000
vt 0.00000 1.00000
vt 0.00000 1.00000
vt 0.00000 1.00000
vt 0.00000 1.00000
vt 0.00000 1.00000
vt 0.00000 1.00000
vt 0.00000 1.00000
vt 0.00000 1.00000
vt 0.00000 1.00000
vt 0.00000 1.00000
vt 0.00000 1.00000
vt 0.00000 1.00000
vt 0.00000 1.00000
vt 0.00000 1.00000
vt 0.00000 1.00000
vt 0.00000 1.00000
vt 0.00000 1.00000
vt 0.00000 1.00000
vt 0.00000 1.00000
vt 0.00000 1.00000
vt 0.00000 1.00000
vt 0.00000 1.00000
vt 0.00000 1.00000
vt 0.00000 1.00000
vt 0.00000 1.00000
vt 0.00000 1.00000
vt 0.00000 1.00000
vt 0.00000 1.00000
vt 0.00000 1.00000
vt 0.00000 1.00000
vt 0.00000 1.00000
vt 0.00000 1.00000
vt 0.00000 1.00000
vt 0.00000 1.00000
vt 0.00000 1.00000
vt 0.00000 1.00000
vt 0.00000 1.00000
vt 0.00000 1.00000
vt 0.00000 1.00000
vt 0.00000 1.00000
vt 0.00000 1.00000
vt 0.00000 1.00000
vt 0.00000 1.00000
vt 0.00000 1.00000
vt 0.00000 1.00000
vt 0.00000 1.00000
vt 0.00000 1.00000
vt 0.00000 1.00000
vt 0.00000 1.00000
vt 0.00000 1.00000
vt 0.00000 1.00000
vt 0.00000 1.00000
vt 0.00000 1.00000
vt 0.00000 1.00000
vt 0.00000 1.00000
vt 0.00000 1.00000
vt 0.00000 1.00000
vt 0.00000 1.00000
vt 0.00000 1.00000
vt 0.00000 1.00000
vt 0.00000 1.00000
vt 0.00000 1.00000
vt 0.00000 1.00000
vt 0.00000 1.00000
vt 0.00000 1.00000
vt 0.00000 1.00000
vt 0.00000 1.00000
vt 0.00000 1.00000
vt 0.00000 1.00000
vt 0.00000 1.00000
vt 0.00000 1.00000
vt 0.00000 1.00000
vt 0.00000 1.00000
vt 0.00000 1.00000
vt 0.00000 1.00000
vt 0.00000 1.00000
vt 0.00000 1.00000
vt 0.00000 1.00000
vt 0.00000 1.00000
vt 0.00000 1.00000
vt 0.00000 1.00000
vt 0.00000 1.00000
vt 0.00000 1.00000
vt 0.00000 1.00000
vt 0.00000 1.00000
vt 0.00000 1.00000
vt 0.00000 1.00000
vt 0.00000 1.00000
vt 0.00000 1.00000
vt 0.00000 1.00000
vt 0.00000 1.00000
vt 0.00000 1.00000
vt 0.00000 1.00000
vt 0.00000 1.00000
vt 0.00000 1.00000
vt 0.00000 1.00000
vt 0.00000 1.00000
vt 0.00000 1.00000
vt 0.00000 1.00000
vt 0.00000 1.00000
vt 0.00000 1.00000
vt 0.00000 1.00000
vt 0.00000 1.00000
vt 0.00000 1.00000
vt 0.00000 1.00000
vt 0.00000 1.00000
vt 0.00000 1.00000
vt 0.00000 1.00000
vt 0.00000 1.00000
vt 0.00000 1.00000
vt 0.00000 1.00000
vt 0.00000 1.00000
vt 0.00000 1.00000
vt 0.00000 1.00000
vt 0.00000 1.00000
vt 0.00000 1.00000
vt 0.00000 1.00000
vt 0.00000 1.00000
vt 0.00000 1.00000
vt 0.00000 1.00000
vt 0.00000 1.00000
vt 0.00000 1.00000
vt 0.00000 1.00000
vt 0.00000 1.00000
vt 0.00000 1.00000
vt 0.00000 1.00000
vt 0.00000 1.00000
vt 0.00000 1.00000
vt 0.00000 1.00000
vt 0.00000 1.00000
vt 0.00000 1.00000
vt 0.00000 1.00000
vt 0.00000 1.00000
vt 0.00000 1.00000
vt 0.00000 1.00000
vt 0.00000 1.00000
vt 0.00000 1.00000
vt 0.00000 1.00000
vt 0.00000 1.00000
vt 0.00000 1.00000
vt 0.00000 1.00000
vt 0.00000 1.00000
vt 0.00000 1.00000
vt 0.00000 1.00000
vt 0.00000 1.00000
vt 0.00000 1.00000
vt 0.00000 1.00000
vt 0.00000 1.00000
vt 0.00000 1.00000
vt 0.00000 1.00000
vt 0.00000 1.00000
vt 0.00000 1.00000
vt 0.00000 1.00000
vt 0.00000 1.00000
vt 0.00000 1.00000
vt 0.00000 1.00000
vt 0.00000 1.00000
vt 0.00000 1.00000
vt 0.00000 1.00000
vt 0.00000 1.00000
vt 0.00000 1.00000
vt 0.00000 1.00000
vt 0.00000 1.00000
vt 0.00000 1.00000
vt 0.00000 1.00000
vt 0.00000 1.00000
vt 0.00000 1.00000
vt 0.00000 1.00000
vt 0.00000 1.00000
vt 0.00000 1.00000
vt 0.00000 1.00000
vt 0.00000 1.00000
vt 0.00000 1.00000
vt 0.00000 1.00000
vt 0.00000 1.00000
vt 0.00000 1.00000
vt 0.00000 1.00000
vt 0.00000 1.00000
vt 0.00000 1.00000
vt 0.00000 1.00000
vt 0.00000 1.00000
vt 0.00000 1.00000
vt 0.00000 1.00000
vt 0.00000 1.00000
vt 0.00000 1.00000
vt 0.00000 1.00000
vt 0.00000 1.00000
vt 0.00000 1.00000
vt 0.00000 1.00000
vt 0.00000 1.00000
vt 0.00000 1.00000
vt 0.00000 1.00000
vt 0.00000 1.00000
vt 0.00000 1.00000
vt 0.00000 1.00000
vt 0.00000 1.00000
vt 0.00000 1.00000
vt 0.00000 1.00000
vt 0.00000 1.00000
vt 0.00000 1.00000
vt 0.00000 1.00000
vt 0.00000 1.00000
vt 0.00000 1.00000
vt 0.00000 1.00000
vt 0.00000 1.00000
vt 0.00000 1.00000
vt 0.00000 1.00000
vt 0.00000 1.00000
vt 0.00000 1.00000
vt 0.00000 1.00000
vt 0.00000 1.00000
vt 0.00000 1.00000
vt 0.00000 1.00000
vt 0.00000 1.00000
vt 0.00000 1.00000
vt 0.00000 1.00000
vt 0.00000 1.00000
vt 0.00000 1.00000
vt 0.00000 1.00000
vt 0.00000 1.00000
vt 0.00000 1.00000
vt 0.00000 1.00000
vt 0.00000 1.00000
vt 0.00000 1.00000
vt 0.00000 1.00000
vt 0.00000 1.00000
vt 0.00000 1.00000
vt 0.00000 1.00000
vt 0.00000 1.00000
vt 0.00000 1.00000
vt 0.00000 1.00000
vt 0.00000 1.00000
vt 0.00000 1.00000
vt 0.00000 1.00000
vt 0.00000 1.00000
vt 0.00000 1.00000
vt 0.00000 1.00000
vt 0.00000 1.00000
vt 0.00000 1.00000
vt 0.00000 1.00000
vt 0.00000 1.00000
vt 0.00000 1.00000
vt 0.00000 1.00000
vt 0.00000 1.00000
vt 0.00000 1.00000
vt 0.00000 1.00000
vt 0.00000 1.00000
vt 0.00000 1.00000
vt 0.00000 1.00000
vt 0.00000 1.00000
vt 0.00000 1.00000
vt 0.00000 1.00000
vt 0.00000 1.00000
vt 0.00000 1.00000
vt 0.00000 1.00000
vt 0.00000 1.00000
vt 0.00000 1.00000
vt 0.00000 1.00000
vt 0.00000 1.00000
vt 0.00000 1.00000
vt 0.00000 1.00000
vt 0.00000 1.00000
vt 0.00000 1.00000
vt 0.00000 1.00000
vt 0.00000 1.00000
vt 0.00000 1.00000
vt 0.00000 1.00000
vt 0.00000 1.00000
vt 0.00000 1.00000
vt 0.00000 1.00000
vt 0.00000 1.00000
vt 0.00000 1.00000
vt 0.00000 1.00000
vt 0.00000 1.00000
vt 0.00000 1.00000
vt 0.00000 1.00000
vt 0.00000 1.00000
vt 0.00000 1.00000
vt 0.00000 1.00000
vt 0.00000 1.00000
vt 0.00000 1.00000
vt 0.00000 1.00000
vt 0.00000 1.00000
vt 0.00000 1.00000
vt 0.00000 1.00000
vt 0.00000 1.00000
vt 0.00000 1.00000
vt 0.00000 1.00000
vt 0.00000 1.00000
vt 0.00000 1.00000
vt 0.00000 1.00000
vt 0.00000 1.00000
vt 0.00000 1.00000
vt 0.00000 1.00000
vt 0.00000 1.00000
vt 0.00000 1.00000
vt 0.00000 1.00000
vt 0.00000 1.00000
vt 0.00000 1.00000
vt 0.00000 1.00000
vt 0.00000 1.00000
vt 0.00000 1.00000
vt 0.00000 1.00000
vt 0.00000 1.00000
vt 0.00000 1.00000
vt 0.00000 1.00000
vt 0.00000 1.00000
vt 0.00000 1.00000
vt 0.00000 1.00000
vt 0.00000 1.00000
vt 0.00000 1.00000
vt 0.00000 1.00000
vt 0.00000 1.00000
vt 0.00000 1.00000
vt 0.00000 1.00000
vt 0.00000 1.00000
vt 0.00000 1.00000
vt 0.00000 1.00000
vt 0.00000 1.00000
vt 0.00000 1.00000
vt 0.00000 1.00000
vt 0.00000 1.00000
vt 0.00000 1.00000
vt 0.00000 1.00000
vt 0.00000 1.00000
vt 0.00000 1.00000
vt 0.00000 1.00000
vt 0.00000 1.00000
vt 0.00000 1.00000
vt 0.00000 1.00000
vt 0.00000 1.00000
vt 0.00000 1.00000
vt 0.00000 1.00000
vt 0.00000 1.00000
vt 0.00000 1.00000
vt 0.00000 1.00000
vt 0.00000 1.00000
vt 0.00000 1.00000
vt 0.00000 1.00000
vt 0.00000 1.00000
vt 0.00000 1.00000
vt 0.00000 1.00000
vt 0.00000 1.00000
vt 0.00000 1.00000
vt 0.00000 1.00000
vt 0.00000 1.00000
vt 0.00000 1.00000
vt 0.00000 1.00000
vt 0.00000 1.00000
vt 0.00000 1.00000
vt 0.00000 1.00000
vt 0.00000 1.00000
vt 0.00000 1.00000
vt 0.00000 1.00000
vt 0.00000 1.00000
vt 0.00000 1.00000
vt 0.00000 1.00000
vt 0.00000 1.00000
vt 0.00000 1.00000
vt 0.00000 1.00000
vt 0.00000 1.00000
vt 0.00000 1.00000
vt 0.00000 1.00000
vt 0.00000 1.00000
vt 0.00000 1.00000
vt 0.00000 1.00000
vt 0.00000 1.00000
vt 0.00000 1.00000
vt 0.00000 1.00000
vt 0.00000 1.00000
vt 0.00000 1.00000
vt 0.00000 1.00000
vt 0.00000 1.00000
vt 0.00000 1.00000
vt 0.00000 1.00000
vt 0.00000 1.00000
vt 0.00000 1.00000
vt 0.00000 1.00000
vt 0.00000 1.00000
vt 0.00000 1.00000
vt 0.00000 1.00000
vt 0.00000 1.00000
vt 0.00000 1.00000
vt 0.00000 1.00000
vt 0.00000 1.00000
vt 0.00000 1.00000
vt 0.00000 1.00000
vt 0.00000 1.00000
vt 0.00000 1.00000
vt 0.00000 1.00000
vt 0.00000 1.00000
vt 0.00000 1.00000
vt 0.00000 1.00000
vt 0.00000 1.00000
vt 0.00000 1.00000
vt 0.00000 1.00000
vt 0.00000 1.00000
vt 0.00000 1.00000
vt 0.00000 1.00000
vt 0.00000 1.00000
vt 0.00000 1.00000
vt 0.00000 1.00000
vt 0.00000 1.00000
vt 0.00000 1.00000
vt 0.00000 1.00000
vt 0.00000 1.00000
vt 0.00000 1.00000
vt 0.00000 1.00000
vt 0.00000 1.00000
vt 0.00000 1.00000
vt 0.00000 1.00000
vt 0.00000 1.00000
vt 0.00000 1.00000
vt 0.00000 1.00000
vt 0.00000 1.00000
vt 0.00000 1.00000
vt 0.00000 1.00000
vt 0.00000 1.00000
vt 0.00000 1.00000
vt 0.00000 1.00000
vt 0.00000 1.00000
vt 0.00000 1.00000
vt 0.00000 1.00000
vt 0.00000 1.00000
vt 0.00000 1.00000
vt 0.00000 1.00000
vt 0.00000 1.00000
vt 0.00000 1.00000
vt 0.00000 1.00000
vt 0.00000 1.00000
vt 0.00000 1.00000
vt 0.00000 1.00000
vt 0.00000 1.00000
vt 0.00000 1.00000
vt 0.00000 1.00000
vt 0.00000 1.00000
vt 0.00000 1.00000
vt 0.00000 1.00000
vt 0.00000 1.00000
vt 0.00000 1.00000
vt 0.00000 1.00000
vt 0.00000 1.00000
vt 0.00000 1.00000
vt 0.00000 1.00000
vt 0.00000 1.00000
vt 0.00000 1.00000
vt 0.00000 1.00000
vt 0.00000 1.00000
vt 0.00000 1.00000
vt 0.00000 1.00000
vt 0.00000 1.00000
vt 0.00000 1.00000
vt 0.00000 1.00000
vt 0.00000 1.00000
vt 0.00000 1.00000
vt 0.00000 1.00000
vt 0.00000 1.00000
vt 0.00000 1.00000
vt 0.00000 1.00000
vt 0.00000 1.00000
vt 0.00000 1.00000
vt 0.00000 1.00000
vt 0.00000 1.00000
vt 0.00000 1.00000
vt 0.00000 1.00000
vt 0.00000 1.00000
vt 0.00000 1.00000
vt 0.00000 1.00000
vt 0.00000 1.00000
vt 0.00000 1.00000
vt 0.00000 1.00000
vt 0.00000 1.00000
vt 0.00000 1.00000
vt 0.00000 1.00000
vt 0.00000 1.00000
vt 0.00000 1.00000
vt 0.00000 1.00000
vt 0.00000 1.00000
vt 0.00000 1.00000
vt 0.00000 1.00000
vt 0.00000 1.00000
vt 0.00000 1.00000
vt 0.00000 1.00000
vt 0.00000 1.00000
vt 0.00000 1.00000
vt 0.00000 1.00000
vt 0.00000 1.00000
vt 0.00000 1.00000
vt 0.00000 1.00000
vt 0.00000 1.00000
vt 0.00000 1.00000
vt 0.00000 1.00000
vt 0.00000 1.00000
vt 0.00000 1.00000
vt 0.00000 1.00000
vt 0.00000 1.00000
vt 0.00000 1.00000
vt 0.00000 1.00000
vt 0.00000 1.00000
vt 0.00000 1.00000
vt 0.00000 1.00000
vt 0.00000 1.00000
vt 0.00000 1.00000
vt 0.00000 1.00000
vt 0.00000 1.00000
vt 0.00000 1.00000
vt 0.00000 1.00000
vt 0.00000 1.00000
vt 0.00000 1.00000
vt 0.00000 1.00000
vt 0.00000 1.00000
vt 0.00000 1.00000
vt 0.00000 1.00000
vt 0.00000 1.00000
vt 0.00000 1.00000
vt 0.00000 1.00000
vt 0.00000 1.00000
vt 0.00000 1.00000
vt 0.00000 1.00000
vt 0.00000 1.00000
vt 0.00000 1.00000
vt 0.00000 1.00000
vt 0.00000 1.00000
vt 0.00000 1.00000
vt 0.00000 1.00000
vt 0.00000 1.00000
vt 0.00000 1.00000
vt 0.00000 1.00000
vt 0.00000 1.00000
vt 0.00000 1.00000
vt 0.00000 1.00000
vt 0.00000 1.00000
vt 0.00000 1.00000
vt 0.00000 1.00000
vt 0.00000 1.00000
vt 0.00000 1.00000
vt 0.00000 1.00000
vt 0.00000 1.00000
vt 0.00000 1.00000
vt 0.00000 1.00000
vt 0.00000 1.00000
vt 0.00000 1.00000
vt 0.00000 1.00000
vt 0.00000 1.00000
vt 0.00000 1.00000
vt 0.00000 1.00000
vt 0.00000 1.00000
vt 0.00000 1.00000
vt 0.00000 1.00000
vt 0.00000 1.00000
vt 0.00000 1.00000
vt 0.00000 1.00000
vt 0.00000 1.00000
vt 0.00000 1.00000
vt 0.00000 1.00000
vt 0.00000 1.00000
vt 0.00000 1.00000
vt 0.00000 1.00000
vt 0.00000 1.00000
vt 0.00000 1.00000
vt 0.00000 1.00000
vt 0.00000 1.00000
vt 0.00000 1.00000
vt 0.00000 1.00000
vt 0.00000 1.00000
vt 0.00000 1.00000
vt 0.00000 1.00000
vt 0.00000 1.00000
vt 0.00000 1.00000
vt 0.00000 1.00000
vt 0.00000 1.00000
vt 0.00000 1.00000
vt 0.00000 1.00000
vt 0.00000 1.00000
vt 0.00000 1.00000
vt 0.00000 1.00000
vt 0.00000 1.00000
vt 0.00000 1.00000
vt 0.00000 1.00000
vt 0.00000 1.00000
vt 0.00000 1.00000
vt 0.00000 1.00000
vt 0.00000 1.00000
vt 0.00000 1.00000
vt 0.00000 1.00000
vt 0.00000 1.00000
vt 0.00000 1.00000
vt 0.00000 1.00000
vt 0.00000 1.00000
vt 0.00000 1.00000
vt 0.00000 1.00000
vt 0.00000 1.00000
vt 0.00000 1.00000
vt 0.00000 1.00000
vt 0.00000 1.00000
vt 0.00000 1.00000
vt 0.00000 1.00000
vt 0.00000 1.00000
vt 0.00000 1.00000
vt 0.00000 1.00000
vt 0.00000 1.00000
vt 0.00000 1.00000
vt 0.00000 1.00000
vt 0.00000 1.00000
vt 0.00000 1.00000
vt 0.00000 1.00000
vt 0.00000 1.00000
vt 0.00000 1.00000
vt 0.00000 1.00000
vt 0.00000 1.00000
vt 0.00000 1.00000
vt 0.00000 1.00000
vt 0.00000 1.00000
vt 0.00000 1.00000
vt 0.00000 1.00000
vt 0.00000 1.00000
vt 0.00000 1.00000
vt 0.00000 1.00000
vt 0.00000 1.00000
vt 0.00000 1.00000
vt 0.00000 1.00000
vt 0.00000 1.00000
vt 0.00000 1.00000
vt 0.00000 1.00000
vt 0.00000 1.00000
vt 0.00000 1.00000
vt 0.00000 1.00000
vt 0.00000 1.00000
vt 0.00000 1.00000
vt 0.00000 1.00000
vt 0.00000 1.00000
vt 0.00000 1.00000
vt 0.00000 1.00000
vt 0.00000 1.00000
vt 0.00000 1.00000
vt 0.00000 1.00000
vt 0.00000 1.00000
vt 0.00000 1.00000
vt 0.00000 1.00000
vt 0.00000 1.00000
vt 0.00000 1.00000
vt 0.00000 1.00000
vt 0.00000 1.00000
vt 0.00000 1.00000
vt 0.00000 1.00000
vt 0.00000 1.00000
vt 0.00000 1.00000
vt 0.00000 1.00000
vt 0.00000 1.00000
vt 0.00000 1.00000
vt 0.00000 1.00000
vt 0.00000 1.00000
vt 0.00000 1.00000
vt 0.00000 1.00000
vt 0.00000 1.00000
vt 0.00000 1.00000
vt 0.00000 1.00000
vt 0.00000 1.00000
vt 0.00000 1.00000
vt 0.00000 1.00000
vt 0.00000 1.00000
vt 0.00000 1.00000
vt 0.00000 1.00000
vt 0.00000 1.00000
vt 0.00000 1.00000
vt 0.00000 1.00000
vt 0.00000 1.00000
vt 0.00000 1.00000
vt 0.00000 1.00000
vt 0.00000 1.00000
vt 0.00000 1.00000
vt 0.00000 1.00000
vt 0.00000 1.00000
vt 0.00000 1.00000
vt 0.00000 1.00000
vt 0.00000 1.00000
vt 0.00000 1.00000
vt 0.00000 1.00000
vt 0.00000 1.00000
vt 0.00000 1.00000
vt 0.00000 1.00000
vt 0.00000 1.00000
vt 0.00000 1.00000
vt 0.00000 1.00000
vt 0.00000 1.00000
vt 0.00000 1.00000
vt 0.00000 1.00000
vt 0.00000 1.00000
vt 0.00000 1.00000
vt 0.00000 1.00000
vt 0.00000 1.00000
vt 0.00000 1.00000
vt 0.00000 1.00000
vt 0.00000 1.00000
vt 0.00000 1.00000
vt 0.00000 1.00000
vt 0.00000 1.00000
vt 0.00000 1.00000
vt 0.00000 1.00000
vt 0.00000 1.00000
vt 0.00000 1.00000
vt 0.00000 1.00000
vt 0.00000 1.00000
vt 0.00000 1.00000
vt 0.00000 1.00000
vt 0.00000 1.00000
vt 0.00000 1.00000
vt 0.00000 1.00000
vt 0.00000 1.00000
vt 0.00000 1.00000
vt 0.00000 1.00000
vt 0.00000 1.00000
vt 0.00000 1.00000
vt 0.00000 1.00000
vt 0.00000 1.00000
vt 0.00000 1.00000
vt 0.00000 1.00000
vt 0.00000 1.00000
vt 0.00000 1.00000
vt 0.00000 1.00000
vt 0.00000 1.00000
vt 0.00000 1.00000
vt 0.00000 1.00000
vt 0.00000 1.00000
vt 0.00000 1.00000
vt 0.00000 1.00000
vt 0.00000 1.00000
vt 0.00000 1.00000
vt 0.00000 1.00000
vt 0.00000 1.00000
vt 0.00000 1.00000
vt 0.00000 1.00000
vt 0.00000 1.00000
vt 0.00000 1.00000
vt 0.00000 1.00000
vt 0.00000 1.00000
vt 0.00000 1.00000
vt 0.00000 1.00000
vt 0.00000 1.00000
vt 0.00000 1.00000
vt 0.00000 1.00000
vt 0.00000 1.00000
vt 0.00000 1.00000
vt 0.00000 1.00000
vt 0.00000 1.00000
vt 0.00000 1.00000
vt 0.00000 1.00000
vt 0.00000 1.00000
vt 0.00000 1.00000
vt 0.00000 1.00000
vt 0.00000 1.00000
vt 0.00000 1.00000
vt 0.00000 1.00000
vt 0.00000 1.00000
vt 0.00000 1.00000
vt 0.00000 1.00000
vt 0.00000 1.00000
vt 0.00000 1.00000
vt 0.00000 1.00000
vt 0.00000 1.00000
vt 0.00000 1.00000
vt 0.00000 1.00000
vt 0.00000 1.00000
vt 0.00000 1.00000
vt 0.00000 1.00000
vt 0.00000 1.00000
vt 0.00000 1.00000
vt 0.00000 1.00000
vt 0.00000 1.00000
vt 0.00000 1.00000
vt 0.00000 1.00000
vt 0.00000 1.00000
vt 0.00000 1.00000
vt 0.00000 1.00000
vt 0.00000 1.00000
vt 0.00000 1.00000
vt 0.00000 1.00000
vt 0.00000 1.00000
vt 0.00000 1.00000
vt 0.00000 1.00000
vt 0.00000 1.00000
vt 0.00000 1.00000
vt 0.00000 1.00000
vt 0.00000 1.00000
vt 0.00000 1.00000
vt 0.00000 1.00000
vt 0.00000 1.00000
vt 0.00000 1.00000
vt 0.00000 1.00000
vt 0.00000 1.00000
vt 0.00000 1.00000
vt 0.00000 1.00000
vt 0.00000 1.00000
vt 0.00000 1.00000
vt 0.00000 1.00000
vt 0.00000 1.00000
vt 0.00000 1.00000
vt 0.00000 1.00000
vt 0.00000 1.00000
vt 0.00000 1.00000
vt 0.00000 1.00000
vt 0.00000 1.00000
vt 0.00000 1.00000
vt 0.00000 1.00000
vt 0.00000 1.00000
vt 0.00000 1.00000
vt 0.00000 1.00000
vt 0.00000 1.00000
vt 0.00000 1.00000
vt 0.00000 1.00000
vt 0.00000 1.00000
vt 0.00000 1.00000
vt 0.00000 1.00000
vt 0.00000 1.00000
vt 0.00000 1.00000
vt 0.00000 1.00000
vt 0.00000 1.00000
vt 0.00000 1.00000
vt 0.00000 1.00000
vt 0.00000 1.00000
vt 0.00000 1.00000
vt 0.00000 1.00000
vt 0.00000 1.00000
vt 0.00000 1.00000
vt 0.00000 1.00000
vt 0.00000 1.00000
vt 0.00000 1.00000
vt 0.00000 1.00000
vt 0.00000 1.00000
vt 0.00000 1.00000
vt 0.00000 1.00000
vt 0.00000 1.00000
vt 0.00000 1.00000
vt 0.00000 1.00000
vt 0.00000 1.00000
vt 0.00000 1.00000
vt 0.00000 1.00000
vt 0.00000 1.00000
vt 0.00000 1.00000
vt 0.00000 1.00000
vt 0.00000 1.00000
vt 0.00000 1.00000
vt 0.00000 1.00000
vt 0.00000 1.00000
vt 0.00000 1.00000
vt 0.00000 1.00000
vt 0.00000 1.00000
vt 0.00000 1.00000
vt 0.00000 1.00000
vt 0.00000 1.00000
vt 0.00000 1.00000
vt 0.00000 1.00000
vt 0.00000 1.00000
vt 0.00000 1.00000
vt 0.00000 1.00000
vt 0.00000 1.00000
vt 0.00000 1.00000
vt 0.00000 1.00000
vt 0.00000 1.00000
vt 0.00000 1.00000
vt 0.00000 1.00000
vt 0.00000 1.00000
vt 0.00000 1.00000
vt 0.00000 1.00000
vt 0.00000 1.00000
vt 0.00000 1.00000
vt 0.00000 1.00000
vt 0.00000 1.00000
vt 0.00000 1.00000
vt 0.00000 1.00000
vt 0.00000 1.00000
vt 0.00000 1.00000
vt 0.00000 1.00000
vt 0.00000 1.00000
vt 0.00000 1.00000
vt 0.00000 1.00000
vt 0.00000 1.00000
vt 0.00000 1.00000
vt 0.00000 1.00000
vt 0.00000 1.00000
vt 0.00000 1.00000
vt 0.00000 1.00000
vt 0.00000 1.00000
vt 0.00000 1.00000
vt 0.00000 1.00000
vt 0.00000 1.00000
vt 0.00000 1.00000
vt 0.00000 1.00000
vt 0.00000 1.00000
vt 0.00000 1.00000
vt 0.00000 1.00000
vt 0.00000 1.00000
vt 0.00000 1.00000
vt 0.00000 1.00000
vt 0.00000 1.00000
vt 0.00000 1.00000
vt 0.00000 1.00000
vt 0.00000 1.00000
vt 0.00000 1.00000
vt 0.00000 1.00000
vt 0.00000 1.00000
vt 0.00000 1.00000
vt 0.00000 1.00000
vt 0.00000 1.00000
vt 0.00000 1.00000
vt 0.00000 1.00000
vt 0.00000 1.00000
vt 0.00000 1.00000
vt 0.00000 1.00000
vt 0.00000 1.00000
vt 0.00000 1.00000
vt 0.00000 1.00000
vt 0.00000 1.00000
vt 0.00000 1.00000
vt 0.00000 1.00000
vt 0.00000 1.00000
vt 0.00000 1.00000
vt 0.00000 1.00000
vt 0.00000 1.00000
vt 0.00000 1.00000
vt 0.00000 1.00000
vt 0.00000 1.00000
vt 0.00000 1.00000
vt 0.00000 1.00000
vt 0.00000 1.00000
vt 0.00000 1.00000
vt 0.00000 1.00000
vt 0.00000 1.00000
vt 0.00000 1.00000
vt 0.00000 1.00000
vt 0.00000 1.00000
vt 0.00000 1.00000
vt 0.00000 1.00000
vt 0.00000 1.00000
vt 0.00000 1.00000
vt 0.00000 1.00000
vt 0.00000 1.00000
vt 0.00000 1.00000
vt 0.00000 1.00000
vt 0.00000 1.00000
vt 0.00000 1.00000
vt 0.00000 1.00000
vt 0.00000 1.00000
vt 0.00000 1.00000
vt 0.00000 1.00000
vt 0.00000 1.00000
vt 0.00000 1.00000
vt 0.00000 1.00000
vt 0.00000 1.00000
vt 0.00000 1.00000
vt 0.00000 1.00000
vt 0.00000 1.00000
vt 0.00000 1.00000
vt 0.00000 1.00000
vt 0.00000 1.00000
vt 0.00000 1.00000
vt 0.00000 1.00000
vt 0.00000 1.00000
vt 0.00000 1.00000
vt 0.00000 1.00000
vt 0.00000 1.00000
vt 0.00000 1.00000
vt 0.00000 1.00000
vt 0.00000 1.00000
vt 0.00000 1.00000
vt 0.00000 1.00000
vt 0.00000 1.00000
vt 0.00000 1.00000
vt 0.00000 1.00000
vt 0.00000 1.00000
vt 0.00000 1.00000
vt 0.00000 1.00000
vt 0.00000 1.00000
vt 0.00000 1.00000
vt 0.00000 1.00000
vt 0.00000 1.00000
vt 0.00000 1.00000
vt 0.00000 1.00000
vt 0.00000 1.00000
vt 0.00000 1.00000
vt 0.00000 1.00000
vt 0.00000 1.00000
vt 0.00000 1.00000
vt 0.00000 1.00000
vt 0.00000 1.00000
vt 0.00000 1.00000
vt 0.00000 1.00000
vt 0.00000 1.00000
vt 0.00000 1.00000
vt 0.00000 1.00000
vt 0.00000 1.00000
vt 0.00000 1.00000
vt 0.00000 1.00000
vt 0.00000 1.00000
vt 0.00000 1.00000
vt 0.00000 1.00000
vt 0.00000 1.00000
vt 0.00000 1.00000
vt 0.00000 1.00000
vt 0.00000 1.00000
vt 0.00000 1.00000
vt 0.00000 1.00000
vt 0.00000 1.00000
vt 0.00000 1.00000
vt 0.00000 1.00000
vt 0.00000 1.00000
vt 0.00000 1.00000
vt 0.00000 1.00000
vt 0.00000 1.00000
vt 0.00000 1.00000
vt 0.00000 1.00000
vt 0.00000 1.00000
vt 0.00000 1.00000
vt 0.00000 1.00000
vt 0.00000 1.00000
vt 0.00000 1.00000
vt 0.00000 1.00000
vt 0.00000 1.00000
vt 0.00000 1.00000
vt 0.00000 1.00000
vt 0.00000 1.00000
vt 0.00000 1.00000
vt 0.00000 1.00000
vt 0.00000 1.00000
vt 0.00000 1.00000
vt 0.00000 1.00000
vt 0.00000 1.00000
vt 0.00000 1.00000
vt 0.00000 1.00000
vt 0.00000 1.00000
vt 0.00000 1.00000
vt 0.00000 1.00000
vt 0.00000 1.00000
vt 0.00000 1.00000
vt 0.00000 1.00000
vt 0.00000 1.00000
vt 0.00000 1.00000
vt 0.00000 1.00000
vt 0.00000 1.00000
vt 0.00000 1.00000
vt 0.00000 1.00000
vt 0.00000 1.00000
vt 0.00000 1.00000
vt 0.00000 1.00000
vt 0.00000 1.00000
vt 0.00000 1.00000
vt 0.00000 1.00000
vt 0.00000 1.00000
vt 0.00000 1.00000
vt 0.00000 1.00000
vt 0.00000 1.00000
vt 0.00000 1.00000
vt 0.00000 1.00000
vt 0.00000 1.00000
vt 0.00000 1.00000
vt 0.00000 1.00000
vt 0.00000 1.00000
vt 0.00000 1.00000
vt 0.00000 1.00000
vt 0.00000 1.00000
vt 0.00000 1.00000
vt 0.00000 1.00000
vt 0.00000 1.00000
vt 0.00000 1.00000
vt 0.00000 1.00000
vt 0.00000 1.00000
vt 0.00000 1.00000
vt 0.00000 1.00000
vt 0.00000 1.00000
vt 0.00000 1.00000
vt 0.00000 1.00000
vt 0.00000 1.00000
vt 0.00000 1.00000
vt 0.00000 1.00000
vt 0.00000 1.00000
vt 0.00000 1.00000
vt 0.00000 1.00000
vt 0.00000 1.00000
vt 0.00000 1.00000
vt 0.00000 1.00000
vt 0.00000 1.00000
vt 0.00000 1.00000
vt 0.00000 1.00000
vt 0.00000 1.00000
vt 0.00000 1.00000
vt 0.00000 1.00000
vt 0.00000 1.00000
vt 0.00000 1.00000
vt 0.00000 1.00000
vt 0.00000 1.00000
vt 0.00000 1.00000
vt 0.00000 1.00000
vt 0.00000 1.00000
vt 0.00000 1.00000
vt 0.00000 1.00000
vt 0.00000 1.00000
vt 0.00000 1.00000
vt 0.00000 1.00000
vt 0.00000 1.00000
vt 0.00000 1.00000
vt 0.00000 1.00000
vt 0.00000 1.00000
vt 0.00000 1.00000
vt 0.00000 1.00000
vt 0.00000 1.00000
vt 0.00000 1.00000
vt 0.00000 1.00000
vt 0.00000 1.00000
vt 0.00000 1.00000
vt 0.00000 1.00000
vt 0.00000 1.00000
vt 0.00000 1.00000
vt 0.00000 1.00000
vt 0.00000 1.00000
vt 0.00000 1.00000
vt 0.00000 1.00000
vt 0.00000 1.00000
vt 0.00000 1.00000
vt 0.00000 1.00000
vt 0.00000 1.00000
vt 0.00000 1.00000
vt 0.00000 1.00000
vt 0.00000 1.00000
vt 0.00000 1.00000
vt 0.00000 1.00000
vt 0.00000 1.00000
vt 0.00000 1.00000
vt 0.00000 1.00000
vt 0.00000 1.00000
vt 0.00000 1.00000
vt 0.00000 1.00000
vt 0.00000 1.00000
vt 0.00000 1.00000
vt 0.00000 1.00000
vt 0.00000 1.00000
vt 0.00000 1.00000
vt 0.00000 1.00000
vt 0.00000 1.00000
vt 0.00000 1.00000
vt 0.00000 1.00000
vt 0.00000 1.00000
vt 0.00000 1.00000
vt 0.00000 1.00000
vt 0.00000 1.00000
vt 0.00000 1.00000
vt 0.00000 1.00000
vt 0.00000 1.00000
vt 0.00000 1.00000
vt 0.00000 1.00000
vt 0.00000 1.00000
vt 0.00000 1.00000
vt 0.00000 1.00000
vt 0.00000 1.00000
vt 0.00000 1.00000
vt 0.00000 1.00000
vt 0.00000 1.00000
vt 0.00000 1.00000
vt 0.00000 1.00000
vt 0.00000 1.00000
vt 0.00000 1.00000
vt 0.00000 1.00000
vt 0.00000 1.00000
vt 0.00000 1.00000
vt 0.00000 1.00000
vt 0.00000 1.00000
vt 0.00000 1.00000
vt 0.00000 1.00000
vt 0.00000 1.00000
vt 0.00000 1.00000
vt 0.00000 1.00000
vt 0.00000 1.00000
vt 0.00000 1.00000
vt 0.00000 1.00000
vt 0.00000 1.00000
vt 0.00000 1.00000
vt 0.00000 1.00000
vt 0.00000 1.00000
vt 0.00000 1.00000
vt 0.00000 1.00000
vt 0.00000 1.00000
vt 0.00000 1.00000
vt 0.00000 1.00000
vt 0.00000 1.00000
vt 0.00000 1.00000
vt 0.00000 1.00000
vt 0.00000 1.00000
vt 0.00000 1.00000
vt 0.00000 1.00000
vt 0.00000 1.00000
vt 0.00000 1.00000
vt 0.00000 1.00000
vt 0.00000 1.00000
vt 0.00000 1.00000
vt 0.00000 1.00000
vt 0.00000 1.00000
vt 0.00000 1.00000
vt 0.00000 1.00000
vt 0.00000 1.00000
vt 0.00000 1.00000
vt 0.00000 1.00000
vt 0.00000 1.00000
vt 0.00000 1.00000
vt 0.00000 1.00000
vt 0.00000 1.00000
vt 0.00000 1.00000
vt 0.00000 1.00000
vt 0.00000 1.00000
vt 0.00000 1.00000
vt 0.00000 1.00000
vt 0.00000 1.00000
vt 0.00000 1.00000
vt 0.00000 1.00000
vt 0.00000 1.00000
vt 0.00000 1.00000
vt 0.00000 1.00000
vt 0.00000 1.00000
vt 0.00000 1.00000
vt 0.00000 1.00000
vt 0.00000 1.00000
vt 0.00000 1.00000
vt 0.00000 1.00000
vt 0.00000 1.00000
vt 0.00000 1.00000
vt 0.00000 1.00000
vt 0.00000 1.00000
vt 0.00000 1.00000
vt 0.00000 1.00000
vt 0.00000 1.00000
vt 0.00000 1.00000
vt 0.00000 1.00000
vt 0.00000 1.00000
vt 0.00000 1.00000
vt 0.00000 1.00000
vt 0.00000 1.00000
vt 0.00000 1.00000
vt 0.00000 1.00000
vt 0.00000 1.00000
vt 0.00000 1.00000
vt 0.00000 1.00000
vt 0.00000 1.00000
vt 0.00000 1.00000
vt 0.00000 1.00000
vt 0.00000 1.00000
vt 0.00000 1.00000
vt 0.00000 1.00000
vt 0.00000 1.00000
vt 0.00000 1.00000
vt 0.00000 1.00000
vt 0.00000 1.00000
vt 0.00000 1.00000
vt 0.00000 1.00000
vt 0.00000 1.00000
vt 0.00000 1.00000
vt 0.00000 1.00000
vt 0.00000 1.00000
vt 0.00000 1.00000
vt 0.00000 1.00000
vt 0.00000 1.00000
vt 0.00000 1.00000
vt 0.00000 1.00000
vt 0.00000 1.00000
vt 0.00000 1.00000
vt 0.00000 1.00000
vt 0.00000 1.00000
vt 0.00000 1.00000
vt 0.00000 1.00000
vt 0.00000 1.00000
vt 0.00000 1.00000
vt 0.00000 1.00000
vt 0.00000 1.00000
vt 0.00000 1.00000
vt 0.00000 1.00000
vt 0.00000 1.00000
vt 0.00000 1.00000
vt 0.00000 1.00000
vt 0.00000 1.00000
vt 0.00000 1.00000
vt 0.00000 1.00000
vt 0.00000 1.00000
vt 0.00000 1.00000
vt 0.00000 1.00000
vt 0.00000 1.00000
vt 0.00000 1.00000
vt 0.00000 1.00000
vt 0.00000 1.00000
vt 0.00000 1.00000
vt 0.00000 1.00000
vt 0.00000 1.00000
vt 0.00000 1.00000
vt 0.00000 1.00000
vt 0.00000 1.00000
vt 0.00000 1.00000
vt 0.00000 1.00000
vt 0.00000 1.00000
vt 0.00000 1.00000
vt 0.00000 1.00000
vt 0.00000 1.00000
vt 0.00000 1.00000
vt 0.00000 1.00000
vt 0.00000 1.00000
vt 0.00000 1.00000
vt 0.00000 1.00000
vt 0.00000 1.00000
vt 0.00000 1.00000
vt 0.00000 1.00000
vt 0.00000 1.00000
vt 0.00000 1.00000
vt 0.00000 1.00000
vt 0.00000 1.00000
vt 0.00000 1.00000
vt 0.00000 1.00000
vt 0.00000 1.00000
vt 0.00000 1.00000
vt 0.00000 1.00000
vt 0.00000 1.00000
vt 0.00000 1.00000
vt 0.00000 1.00000
vt 0.00000 1.00000
vt 0.00000 1.00000
vt 0.00000 1.00000
vt 0.00000 1.00000
vt 0.00000 1.00000
vt 0.00000 1.00000
vt 0.00000 1.00000
vt 0.00000 1.00000
vt 0.00000 1.00000
vt 0.00000 1.00000
vt 0.00000 1.00000
vt 0.00000 1.00000
vt 0.00000 1.00000
vt 0.00000 1.00000
vt 0.00000 1.00000
vt 0.00000 1.00000
vt 0.00000 1.00000
vt 0.00000 1.00000
vt 0.00000 1.00000
vt 0.00000 1.00000
vt 0.00000 1.00000
vt 0.00000 1.00000
vt 0.00000 1.00000
vt 0.00000 1.00000
vt 0.00000 1.00000
vt 0.00000 1.00000
vt 0.00000 1.00000
vt 0.00000 1.00000
vt 0.00000 1.00000
vt 0.00000 1.00000
vt 0.00000 1.00000
vt 0.00000 1.00000
vt 0.00000 1.00000
vt 0.00000 1.00000
vt 0.00000 1.00000
vt 0.00000 1.00000
vt 0.00000 1.00000
vt 0.00000 1.00000
vt 0.00000 1.00000
vt 0.00000 1.00000
vt 0.00000 1.00000
vt 0.00000 1.00000
vt 0.00000 1.00000
vt 0.00000 1.00000
vt 0.00000 1.00000
vt 0.00000 1.00000
vt 0.00000 1.00000
vt 0.00000 1.00000
vt 0.00000 1.00000
vt 0.00000 1.00000
vt 0.00000 1.00000
vt 0.00000 1.00000
vt 0.00000 1.00000
vt 0.00000 1.00000
vt 0.00000 1.00000
vt 0.00000 1.00000
vt 0.00000 1.00000
vt 0.00000 1.00000
vt 0.00000 1.00000
vt 0.00000 1.00000
vt 0.00000 1.00000
vt 0.00000 1.00000
vt 0.00000 1.00000
vt 0.00000 1.00000
vt 0.00000 1.00000
vt 0.00000 1.00000
vt 0.00000 1.00000
vt 0.00000 1.00000
vt 0.00000 1.00000
vt 0.00000 1.00000
vt 0.00000 1.00000
vt 0.00000 1.00000
vt 0.00000 1.00000
vt 0.00000 1.00000
vt 0.00000 1.00000
vt 0.00000 1.00000
vt 0.00000 1.00000
vt 0.00000 1.00000
vt 0.00000 1.00000
vt 0.00000 1.00000
vt 0.00000 1.00000
vt 0.00000 1.00000
vt 0.00000 1.00000
vt 0.00000 1.00000
vt 0.00000 1.00000
vt 0.00000 1.00000
vt 0.00000 1.00000
vt 0.00000 1.00000
vt 0.00000 1.00000
vt 0.00000 1.00000
vt 0.00000 1.00000
vt 0.00000 1.00000
vt 0.00000 1.00000
vt 0.00000 1.00000
vt 0.00000 1.00000
vt 0.00000 1.00000
vt 0.00000 1.00000
vt 0.00000 1.00000
vt 0.00000 1.00000
vt 0.00000 1.00000
vt 0.00000 1.00000
vt 0.00000 1.00000
vt 0.00000 1.00000
vt 0.00000 1.00000
vt 0.00000 1.00000
vt 0.00000 1.00000
vt 0.00000 1.00000
vt 0.00000 1.00000
vt 0.00000 1.00000
vt 0.00000 1.00000
vt 0.00000 1.00000
vt 0.00000 1.00000
vt 0.00000 1.00000
vt 0.00000 1.00000
vt 0.00000 1.00000
vt 0.00000 1.00000
vt 0.00000 1.00000
vt 0.00000 1.00000
vt 0.00000 1.00000
vt 0.00000 1.00000
vt 0.00000 1.00000
vt 0.00000 1.00000
vt 0.00000 1.00000
vt 0.00000 1.00000
vt 0.00000 1.00000
vt 0.00000 1.00000
vt 0.00000 1.00000
vt 0.00000 1.00000
vt 0.00000 1.00000
vt 0.00000 1.00000
vt 0.00000 1.00000
vt 0.00000 1.00000
vt 0.00000 1.00000
vt 0.00000 1.00000
vt 0.00000 1.00000
vt 0.00000 1.00000
vt 0.00000 1.00000
vt 0.00000 1.00000
vt 0.00000 1.00000
vt 0.00000 1.00000
vt 0.00000 1.00000
vt 0.00000 1.00000
vt 0.00000 1.00000
vt 0.00000 1.00000
vt 0.00000 1.00000
vt 0.00000 1.00000
vt 0.00000 1.00000
vt 0.00000 1.00000
vt 0.00000 1.00000
vt 0.00000 1.00000
vt 0.00000 1.00000
vt 0.00000 1.00000
vt 0.00000 1.00000
vt 0.00000 1.00000
vt 0.00000 1.00000
vt 0.00000 1.00000
vt 0.00000 1.00000
vt 0.00000 1.00000
vt 0.00000 1.00000
vt 0.00000 1.00000
vt 0.00000 1.00000
vt 0.00000 1.00000
vt 0.00000 1.00000
vt 0.00000 1.00000
vt 0.00000 1.00000
vt 0.00000 1.00000
vt 0.00000 1.00000
vt 0.00000 1.00000
vt 0.00000 1.00000
vt 0.00000 1.00000
vt 0.00000 1.00000
vt 0.00000 1.00000
vt 0.00000 1.00000
vt 0.00000 1.00000
vt 0.00000 1.00000
vt 0.00000 1.00000
vt 0.00000 1.00000
vt 0.00000 1.00000
vt 0.00000 1.00000
vt 0.00000 1.00000
vt 0.00000 1.00000
vt 0.00000 1.00000
vt 0.00000 1.00000
vt 0.00000 1.00000
vt 0.00000 1.00000
vt 0.00000 1.00000
vt 0.00000 1.00000
vt 0.00000 1.00000
vt 0.00000 1.00000
vt 0.00000 1.00000
vt 0.00000 1.00000
vt 0.00000 1.00000
vt 0.00000 1.00000
vt 0.00000 1.00000
vt 0.00000 1.00000
vt 0.00000 1.00000
vt 0.00000 1.00000
vt 0.00000 1.00000
vt 0.00000 1.00000
vt 0.00000 1.00000
vt 0.00000 1.00000
vt 0.00000 1.00000
vt 0.00000 1.00000
vt 0.00000 1.00000
vt 0.00000 1.00000
vt 0.00000 1.00000
vt 0.00000 1.00000
vt 0.00000 1.00000
vt 0.00000 1.00000
vt 0.00000 1.00000
vt 0.00000 1.00000
vt 0.00000 1.00000
vt 0.00000 1.00000
vt 0.00000 1.00000
vt 0.00000 1.00000
vt 0.00000 1.00000
vt 0.00000 1.00000
vt 0.00000 1.00000
vt 0.00000 1.00000
vt 0.00000 1.00000
vt 0.00000 1.00000
vt 0.00000 1.00000
vt 0.00000 1.00000
vt 0.00000 1.00000
vt 0.00000 1.00000
vt 0.00000 1.00000
vt 0.00000 1.00000
vt 0.00000 1.00000
vt 0.00000 1.00000
vt 0.00000 1.00000
vt 0.00000 1.00000
vt 0.00000 1.00000
vt 0.00000 1.00000
vt 0.00000 1.00000
vt 0.00000 1.00000
vt 0.00000 1.00000
vt 0.00000 1.00000
vt 0.00000 1.00000
vt 0.00000 1.00000
vt 0.00000 1.00000
vt 0.00000 1.00000
vt 0.00000 1.00000
vt 0.00000 1.00000
vt 0.00000 1.00000
vt 0.00000 1.00000
vt 0.00000 1.00000
vt 0.00000 1.00000
vt 0.00000 1.00000
vt 0.00000 1.00000
vt 0.00000 1.00000
vt 0.00000 1.00000
vt 0.00000 1.00000
vt 0.00000 1.00000
vt 0.00000 1.00000
vt 0.00000 1.00000
vt 0.00000 1.00000
vt 0.00000 1.00000
vt 0.00000 1.00000
vt 0.00000 1.00000
vt 0.00000 1.00000
vt 0.00000 1.00000
vt 0.00000 1.00000
vt 0.00000 1.00000
vt 0.00000 1.00000
vt 0.00000 1.00000
vt 0.00000 1.00000
vt 0.00000 1.00000
vt 0.00000 1.00000
vt 0.00000 1.00000
vt 0.00000 1.00000
vt 0.00000 1.00000
vt 0.00000 1.00000
vt 0.00000 1.00000
vt 0.00000 1.00000
vt 0.00000 1.00000
vt 0.00000 1.00000
vt 0.00000 1.00000
vt 0.00000 1.00000
vt 0.00000 1.00000
vt 0.00000 1.00000
vt 0.00000 1.00000
vt 0.00000 1.00000
vt 0.00000 1.00000
vt 0.00000 1.00000
vt 0.00000 1.00000
vt 0.00000 1.00000
vt 0.00000 1.00000
vt 0.00000 1.00000
vt 0.00000 1.00000
vt 0.00000 1.00000
vt 0.00000 1.00000
vt 0.00000 1.00000
vt 0.00000 1.00000
vt 0.00000 1.00000
vt 0.00000 1.00000
vt 0.00000 1.00000
vt 0.00000 1.00000
vt 0.00000 1.00000
vt 0.00000 1.00000
vt 0.00000 1.00000
vt 0.00000 1.00000
vt 0.00000 1.00000
vt 0.00000 1.00000
vt 0.00000 1.00000
vt 0.00000 1.00000
vt 0.00000 1.00000
vt 0.00000 1.00000
vt 0.00000 1.00000
vt 0.00000 1.00000
vt 0.00000 1.00000
vt 0.00000 1.00000
vt 0.00000 1.00000
vt 0.00000 1.00000
vt 0.00000 1.00000
vt 0.00000 1.00000
vt 0.00000 1.00000
vt 0.00000 1.00000
vt 0.00000 1.00000
vt 0.00000 1.00000
vt 0.00000 1.00000
vt 0.00000 1.00000
vt 0.00000 1.00000
vt 0.00000 1.00000
vt 0.00000 1.00000
vt 0.00000 1.00000
vt 0.00000 1.00000
vt 0.00000 1.00000
vt 0.00000 1.00000
vt 0.00000 1.00000
vt 0.00000 1.00000
vt 0.00000 1.00000
vt 0.00000 1.00000
vt 0.00000 1.00000
vt 0.00000 1.00000
vt 0.00000 1.00000
vt 0.00000 1.00000
vt 0.00000 1.00000
vt 0.00000 1.00000
vt 0.00000 1.00000
vt 0.00000 1.00000
vt 0.00000 1.00000
vt 0.00000 1.00000
vt 0.00000 1.00000
vt 0.00000 1.00000
vt 0.00000 1.00000
vt 0.00000 1.00000
vt 0.00000 1.00000
vt 0.00000 1.00000
vt 0.00000 1.00000
vt 0.00000 1.00000
vt 0.00000 1.00000
vt 0.00000 1.00000
vt 0.00000 1.00000
vt 0.00000 1.00000
vt 0.00000 1.00000
vt 0.00000 1.00000
vt 0.00000 1.00000
vt 0.00000 1.00000
vt 0.00000 1.00000
vt 0.00000 1.00000
vt 0.00000 1.00000
vt 0.00000 1.00000
vt 0.00000 1.00000
vt 0.00000 1.00000
vt 0.00000 1.00000
vt 0.00000 1.00000
vt 0.00000 1.00000
vt 0.00000 1.00000
vt 0.00000 1.00000
vt 0.00000 1.00000
vt 0.00000 1.00000
vt 0.00000 1.00000
vt 0.00000 1.00000
vt 0.00000 1.00000
vt 0.00000 1.00000
vt 0.00000 1.00000
vt 0.00000 1.00000
vt 0.00000 1.00000
vt 0.00000 1.00000
vt 0.00000 1.00000
vt 0.00000 1.00000
vt 0.00000 1.00000
vt 0.00000 1.00000
vt 0.00000 1.00000
vt 0.00000 1.00000
vt 0.00000 1.00000
vt 0.00000 1.00000
vt 0.00000 1.00000
vt 0.00000 1.00000
vt 0.00000 1.00000
vt 0.00000 1.00000
vt 0.00000 1.00000
vt 0.00000 1.00000
vt 0.00000 1.00000
vt 0.00000 1.00000
vt 0.00000 1.00000
vt 0.00000 1.00000
vt 0.00000 1.00000
vt 0.00000 1.00000
vt 0.00000 1.00000
vt 0.00000 1.00000
vt 0.00000 1.00000
vt 0.00000 1.00000
vt 0.00000 1.00000
vt 0.00000 1.00000
vt 0.00000 1.00000
vt 0.00000 1.00000
vt 0.00000 1.00000
vt 0.00000 1.00000
vt 0.00000 1.00000
vt 0.00000 1.00000
vt 0.00000 1.00000
vt 0.00000 1.00000
vt 0.00000 1.00000
vt 0.00000 1.00000
vt 0.00000 1.00000
vt 0.00000 1.00000
vt 0.00000 1.00000
vt 0.00000 1.00000
vt 0.00000 1.00000
vt 0.00000 1.00000
vt 0.00000 1.00000
vt 0.00000 1.00000
vt 0.00000 1.00000
vt 0.00000 1.00000
vt 0.00000 1.00000
vt 0.00000 1.00000
vt 0.00000 1.00000
vt 0.00000 1.00000
vt 0.00000 1.00000
vt 0.00000 1.00000
vt 0.00000 1.00000
vt 0.00000 1.00000
vt 0.00000 1.00000
vt 0.00000 1.00000
vt 0.00000 1.00000
vt 0.00000 1.00000
vt 0.00000 1.00000
vt 0.00000 1.00000
vt 0.00000 1.00000
vt 0.00000 1.00000
vt 0.00000 1.00000
vt 0.00000 1.00000
vt 0.00000 1.00000
vt 0.00000 1.00000
vt 0.00000 1.00000
vt 0.00000 1.00000
vt 0.00000 1.00000
vt 0.00000 1.00000
vt 0.00000 1.00000
vt 0.00000 1.00000
vt 0.00000 1.00000
vt 0.00000 1.00000
vt 0.00000 1.00000
vt 0.00000 1.00000
vt 0.00000 1.00000
vt 0.00000 1.00000
vt 0.00000 1.00000
vt 0.00000 1.00000
vt 0.00000 1.00000
vt 0.00000 1.00000
vt 0.00000 1.00000
vt 0.00000 1.00000
vt 0.00000 1.00000
vt 0.00000 1.00000
vt 0.00000 1.00000
vt 0.00000 1.00000
vt 0.00000 1.00000
vt 0.00000 1.00000
vt 0.00000 1.00000
vt 0.00000 1.00000
vt 0.00000 1.00000
vt 0.00000 1.00000
vt 0.00000 1.00000
vt 0.00000 1.00000
vt 0.00000 1.00000
vt 0.00000 1.00000
vt 0.00000 1.00000
vt 0.00000 1.00000
vt 0.00000 1.00000
vt 0.00000 1.00000
vt 0.00000 1.00000
vt 0.00000 1.00000
vt 0.00000 1.00000
vt 0.00000 1.00000
vt 0.00000 1.00000
vt 0.00000 1.00000
vt 0.00000 1.00000
vt 0.00000 1.00000
vt 0.00000 1.00000
vt 0.00000 1.00000
vt 0.00000 1.00000
vt 0.00000 1.00000
vt 0.00000 1.00000
vt 0.00000 1.00000
vt 0.00000 1.00000
vt 0.00000 1.00000
vt 0.00000 1.00000
vt 0.00000 1.00000
vt 0.00000 1.00000
vt 0.00000 1.00000
vt 0.00000 1.00000
vt 0.00000 1.00000
vt 0.00000 1.00000
vt 0.00000 1.00000
vt 0.00000 1.00000
vt 0.00000 1.00000
vt 0.00000 1.00000
vt 0.00000 1.00000
vt 0.00000 1.00000
vt 0.00000 1.00000
vt 0.00000 1.00000
vt 0.00000 1.00000
vt 0.00000 1.00000
vt 0.00000 1.00000
vt 0.00000 1.00000
vt 0.00000 1.00000
vt 0.00000 1.00000
vt 0.00000 1.00000
vt 0.00000 1.00000
vt 0.00000 1.00000
vt 0.00000 1.00000
vt 0.00000 1.00000
vt 0.00000 1.00000
vt 0.00000 1.00000
vt 0.00000 1.00000
vt 0.00000 1.00000
vt 0.00000 1.00000
vt 0.00000 1.00000
vt 0.00000 1.00000
vt 0.00000 1.00000
vt 0.00000 1.00000
vt 0.00000 1.00000
vt 0.00000 1.00000
vt 0.00000 1.00000
vt 0.00000 1.00000
vt 0.00000 1.00000
vt 0.00000 1.00000
vt 0.00000 1.00000
vt 0.00000 1.00000
vt 0.00000 1.00000
vt 0.00000 1.00000
vt 0.00000 1.00000
vt 0.00000 1.00000
vt 0.00000 1.00000
vt 0.00000 1.00000
usemtl needles
f 985/985 986/986 987/987
f 988/988 989/989 990/990
f 991/991 992/992 993/993
f 994/994 995/995 996/996
f 997/997 998/998 999/999
f 1000/1000 1001/1001 1002/1002
f 1003/1003 1004/1004 1005/1005
f 1006/1006 1007/1007 1008/1008
f 1009/1009 1010/1010 1011/1011
f 1012/1012 1013/1013 1014/1014
f 1015/1015 1016/1016 1017/1017
f 1018/1018 1019/1019 1020/1020
f 1021/1021 1022/1022 1023/1023
f 1024/1024 1025/1025 1026/1026
f 1027/1027 1028/1028 1029/1029
f 1030/1030 1031/1031 1032/1032
f 1033/1033 1034/1034 1035/1035
f 1036/1036 1037/1037 1038/1038
f 1039/1039 1040/1040 1041/1041
f 1042/1042 1043/1043 1044/1044
f 1045/1045 1046/1046 1047/1047
f 1048/1048 1049/1049 1050/1050
f 1051/1051 1052/1052 1053/1053
f 1054/1054 1055/1055 1056/1056
f 1057/1057 1058/1058 1059/1059
f 1060/1060 1061/1061 1062/1062
f 1063/1063 1064/1064 1065/1065
f 1066/1066 1067/1067 1068/1068
f 1069/1069 1070/1070 1071/1071
f 1072/1072 1073/1073 1074/1074
f 1075/1075 1076/1076 1077/1077
f 1078/1078 1079/1079 1080/1080
f 1081/1081 1082/1082 1083/1083
f 1084/1084 1085/1085 1086/1086
f 1087/1087 1088/1088 1089/1089
f 1090/1090 1091/1091 1092/1092
f 1093/1093 1094/1094 1095/1095
f 1096/1096 1097/1097 1098/1098
f 1099/1099 1100/1100 1101/1101
f 1102/1102 1103/1103 1104/1104
f 1105/1105 1106/1106 1107/1107
f 1108/1108 1109/1109 1110/1110
f 1111/1111 1112/1112 1113/1113
f 1114/1114 1115/1115 1116/1116
f 1117/1117 1118/1118 1119/1119
f 1120/1120 1121/1121 1122/1122
f 1123/1123 1124/1124 1125/1125
f 1126/1126 1127/1127 1128/1128
f 1129/1129 1130/1130 1131/1131
f 1132/1132 1133/1133 1134/1134
f 1135/1135 1136/1136 1137/1137
f 1138/1138 1139/1139 1140/1140
f 1141/1141 1142/1142 1143/1143
f 1144/1144 1145/1145 1146/1146
f 1147/1147 1148/1148 1149/1149
f 1150/1150 1151/1151 1152/1152
f 1153/1153 1154/1154 1155/1155
f 1156/1156 1157/1157 1158/1158
f 1159/1159 1160/1160 1161/1161
f 1162/1162 1163/1163 1164/1164
f 1165/1165 1166/1166 1167/1167
f 1168/1168 1169/1169 1170/1170
f 1171/1171 1172/1172 1173/1173
f 1174/1174 1175/1175 1176/1176
f 1177/1177 1178/1178 1179/1179
f 1180/1180 1181/1181 1182/1182
f 1183/1183 1184/1184 1185/1185
f 1186/1186 1187/1187 1188/1188
f 1189/1189 1190/1190 1191/1191
f 1192/1192 1193/1193 1194/1194
f 1195/1195 1196/1196 1197/1197
f 1198/1198 1199/1199 1200/1200
f 1201/1201 1202/1202 1203/1203
f 1204/1204 1205/1205 1206/1206
f 1207/1207 1208/1208 1209/1209
f 1210/1210 1211/1211 1212/1212
f 1213/1213 1214/1214 1215/1215
f 1216/1216 1217/1217 1218/1218
f 1219/1219 1220/1220 1221/1221
f 1222/1222 1223/1223 1224/1224
f 1225/1225 1226/1226 1227/1227
f 1228/1228 1229/1229 1230/1230
f 1231/1231 1232/1232 1233/1233
f 1234/1234 1235/1235 1236/1236
f 1237/1237 1238/1238 1239/1239
f 1240/1240 1241/1241 1242/1242
f 1243/1243 1244/1244 1245/1245
f 1246/1246 1247/1247 1248/1248
f 1249/1249 1250/1250 1251/1251
f 1252/1252 1253/1253 1254/1254
f 1255/1255 1256/1256 1257/1257
f 1258/1258 1259/1259 1260/1260
f 1261/1261 1262/1262 1263/1263
f 1264/1264 1265/1265 1266/1266
f 1267/1267 1268/1268 1269/1269
f 1270/1270 1271/1271 1272/1272
f 1273/1273 1274/1274 1275/1275
f 1276/1276 1277/1277 1278/1278
f 1279/1279 1280/1280 1281/1281
f 1282/1282 1283/1283 1284/1284
f 1285/1285 1286/1286 1287/1287
f 1288/1288 1289/1289 1290/1290
f 1291/1291 1292/1292 1293/1293
f 1294/1294 1295/1295 1296/1296
f 1297/1297 1298/1298 1299/1299
f 1300/1300 1301/1301 1302/1302
f 1303/1303 1304/1304 1305/1305
f 1306/1306 1307/1307 1308/1308
f 1309/1309 1310/1310 1311/1311
f 1312/1312 1313/1313 1314/1314
f 1315/1315 1316/1316 1317/1317
f 1318/1318 1319/1319 1320/1320
f 1321/1321 1322/1322 1323/1323
f 1324/1324 1325/1325 1326/1326
f 1327/1327 1328/1328 1329/1329
f 1330/1330 1331/1331 1332/1332
f 1333/1333 1334/1334 1335/1335
f 1336/1336 1337/1337 1338/1338
f 1339/1339 1340/1340 1341/1341
f 1342/1342 1343/1343 1344/1344
f 1345/1345 1346/1346 1347/1347
f 1348/1348 1349/1349 1350/1350
f 1351/1351 1352/1352 1353/1353
f 1354/1354 1355/1355 1356/1356
f 1357/1357 1358/1358 1359/1359
f 1360/1360 1361/1361 1362/1362
f 1363/1363 1364/1364 1365/1365
f 1366/1366 1367/1367 1368/1368
f 1369/1369 1370/1370 1371/1371
f 1372/1372 1373/1373 1374/1374
f 1375/1375 1376/1376 1377/1377
f 1378/1378 1379/1379 1380/1380
f 1381/1381 1382/1382 1383/1383
f 1384/1384 1385/1385 1386/1386
f 1387/1387 1388/1388 1389/1389
f 1390/1390 1391/1391 1392/1392
f 1393/1393 1394/1394 1395/1395
f 1396/1396 1397/1397 1398/1398
f 1399/1399 1400/1400 1401/1401
f 1402/1402 1403/1403 1404/1404
f 1405/1405 1406/1406 1407/1407
f 1408/1408 1409/1409 1410/1410
f 1411/1411 1412/1412 1413/1413
f 1414/1414 1415/1415 1416/1416
f 1417/1417 1418/1418 1419/1419
f 1420/1420 1421/1421 1422/1422
f 1423/1423 1424/1424 1425/1425
f 1426/1426 1427/1427 1428/1428
f 1429/1429 1430/1430 1431/1431
f 1432/1432 1433/1433 1434/1434
f 1435/1435 1436/1436 1437/1437
f 1438/1438 1439/1439 1440/1440
f 1441/1441 1442/1442 1443/1443
f 1444/1444 1445/1445 1446/1446
f 1447/1447 1448/1448 1449/1449
f 1450/1450 1451/1451 1452/1452
f 1453/1453 1454/1454 1455/1455
f 1456/1456 1457/1457 1458/1458
f 1459/1459 1460/1460 1461/1461
f 1462/1462 1463/1463 1464/1464
f 1465/1465 1466/1466 1467/1467
f 1468/1468 1469/1469 1470/1470
f 1471/1471 1472/1472 1473/1473
f 1474/1474 1475/1475 1476/1476
f 1477/1477 1478/1478 1479/1479
f 1480/1480 1481/1481 1482/1482
f 1483/1483 1484/1484 1485/1485
f 1486/1486 1487/1487 1488/1488
f 1489/1489 1490/1490 1491/1491
f 1492/1492 1493/1493 1494/1494
f 1495/1495 1496/1496 1497/1497
f 1498/1498 1499/1499 1500/1500
f 1501/1501 1502/1502 1503/1503
f 1504/1504 1505/1505 1506/1506
f 1507/1507 1508/1508 1509/1509
f 1510/1510 1511/1511 1512/1512
f 1513/1513 1514/1514 1515/1515
f 1516/1516 1517/1517 1518/1518
f 1519/1519 1520/1520 1521/1521
f 1522/1522 1523/1523 1524/1524
f 1525/1525 1526/1526 1527/1527
f 1528/1528 1529/1529 1530/1530
f 1531/1531 1532/1532 1533/1533
f 1534/1534 1535/1535 1536/1536
f 1537/1537 1538/1538 1539/1539
f 1540/1540 1541/1541 1542/1542
f 1543/1543 1544/1544 1545/1545
f 1546/1546 1547/1547 1548/1548
f 1549/1549 1550/1550 1551/1551
f 1552/1552 1553/1553 1554/1554
f 1555/1555 1556/1556 1557/1557
f 1558/1558 1559/1559 1560/1560
f 1561/1561 1562/1562 1563/1563
f 1564/1564 1565/1565 1566/1566
f 1567/1567 1568/1568 1569/1569
f 1570/1570 1571/1571 1572/1572
f 1573/1573 1574/1574 1575/1575
f 1576/1576 1577/1577 1578/1578
f 1579/1579 1580/1580 1581/1581
f 1582/1582 1583/1583 1584/1584
f 1585/1585 1586/1586 1587/1587
f 1588/1588 1589/1589 1590/1590
f 1591/1591 1592/1592 1593/1593
f 1594/1594 1595/1595 1596/1596
f 1597/1597 1598/1598 1599/1599
f 1600/1600 1601/1601 1602/1602
f 1603/1603 1604/1604 1605/1605
f 1606/1606 1607/1607 1608/1608
f 1609/1609 1610/1610 1611/1611
f 1612/1612 1613/1613 1614/1614
f 1615/1615 1616/1616 1617/1617
f 1618/1618 1619/1619 1620/1620
f 1621/1621 1622/1622 1623/1623
f 1624/1624 1625/1625 1626/1626
f 1627/1627 1628/1628 1629/1629
f 1630/1630 1631/1631 1632/1632
f 1633/1633 1634/1634 1635/1635
f 1636/1636 1637/1637 1638/1638
f 1639/1639 1640/1640 1641/1641
f 1642/1642 1643/1643 1644/1644
f 1645/1645 1646/1646 1647/1647
f 1648/1648 1649/1649 1650/1650
f 1651/1651 1652/1652 1653/1653
f 1654/1654 1655/1655 1656/1656
f 1657/1657 1658/1658 1659/1659
f 1660/1660 1661/1661 1662/1662
f 1663/1663 1664/1664 1665/1665
f 1666/1666 1667/1667 1668/1668
f 1669/1669 1670/1670 1671/1671
f 1672/1672 1673/1673 1674/1674
f 1675/1675 1676/1676 1677/1677
f 1678/1678 1679/1679 1680/1680
f 1681/1681 1682/1682 1683/1683
f 1684/1684 1685/1685 1686/1686
f 1687/1687 1688/1688 1689/1689
f 1690/1690 1691/1691 1692/1692
f 1693/1693 1694/1694 1695/1695
f 1696/1696 1697/1697 1698/1698
f 1699/1699 1700/1700 1701/1701
f 1702/1702 1703/1703 1704/1704
f 1705/1705 1706/1706 1707/1707
f 1708/1708 1709/1709 1710/1710
f 1711/1711 1712/1712 1713/1713
f 1714/1714 1715/1715 1716/1716
f 1717/1717 1718/1718 1719/1719
f 1720/1720 1721/1721 1722/1722
f 1723/1723 1724/1724 1725/1725
f 1726/1726 1727/1727 1728/1728
f 1729/1729 1730/1730 1731/1731
f 1732/1732 1733/1733 1734/1734
f 1735/1735 1736/1736 1737/1737
f 1738/1738 1739/1739 1740/1740
f 1741/1741 1742/1742 1743/1743
f 1744/1744 1745/1745 1746/1746
f 1747/1747 1748/1748 1749/1749
f 1750/1750 1751/1751 1752/1752
f 1753/1753 1754/1754 1755/1755
f 1756/1756 1757/1757 1758/1758
f 1759/1759 1760/1760 1761/1761
f 1762/1762 1763/1763 1764/1764
f 1765/1765 1766/1766 1767/1767
f 1768/1768 1769/1769 1770/1770
f 1771/1771 1772/1772 1773/1773
f 1774/1774 1775/1775 1776/1776
f 1777/1777 1778/1778 1779/1779
f 1780/1780 1781/1781 1782/1782
f 1783/1783 1784/1784 1785/1785
f 1786/1786 1787/1787 1788/1788
f 1789/1789 1790/1790 1791/1791
f 1792/1792 1793/1793 1794/1794
f 1795/1795 1796/1796 1797/1797
f 1798/1798 1799/1799 1800/1800
f 1801/1801 1802/1802 1803/1803
f 1804/1804 1805/1805 1806/1806
f 1807/1807 1808/1808 1809/1809
f 1810/1810 1811/1811 1812/1812
f 1813/1813 1814/1814 1815/1815
f 1816/1816 1817/1817 1818/1818
f 1819/1819 1820/1820 1821/1821
f 1822/1822 1823/1823 1824/1824
f 1825/1825 1826/1826 1827/1827
f 1828/1828 1829/1829 1830/1830
f 1831/1831 1832/1832 1833/1833
f 1834/1834 1835/1835 1836/1836
f 1837/1837 1838/1838 1839/1839
f 1840/1840 1841/1841 1842/1842
f 1843/1843 1844/1844 1845/1845
f 1846/1846 1847/1847 1848/1848
f 1849/1849 1850/1850 1851/1851
f 1852/1852 1853/1853 1854/1854
f 1855/1855 1856/1856 1857/1857
f 1858/1858 1859/1859 1860/1860
f 1861/1861 1862/1862 1863/1863
f 1864/1864 1865/1865 1866/1866
f 1867/1867 1868/1868 1869/1869
f 1870/1870 1871/1871 1872/1872
f 1873/1873 1874/1874 1875/1875
f 1876/1876 1877/1877 1878/1878
f 1879/1879 1880/1880 1881/1881
f 1882/1882 1883/1883 1884/1884
f 1885/1885 1886/1886 1887/1887
f 1888/1888 1889/1889 1890/1890
f 1891/1891 1892/1892 1893/1893
f 1894/1894 1895/1895 1896/1896
f 1897/1897 1898/1898 1899/1899
f 1900/1900 1901/1901 1902/1902
f 1903/1903 1904/1904 1905/1905
f 1906/1906 1907/1907 1908/1908
f 1909/1909 1910/1910 1911/1911
f 1912/1912 1913/1913 1914/1914
f 1915/1915 1916/1916 1917/1917
f 1918/1918 1919/1919 1920/1920
f 1921/1921 1922/1922 1923/1923
f 1924/1924 1925/1925 1926/1926
f 1927/1927 1928/1928 1929/1929
f 1930/1930 1931/1931 1932/1932
f 1933/1933 1934/1934 1935/1935
f 1936/1936 1937/1937 1938/1938
f 1939/1939 1940/1940 1941/1941
f 1942/1942 1943/1943 1944/1944
f 1945/1945 1946/1946 1947/1947
f 1948/1948 1949/1949 1950/1950
f 1951/1951 1952/1952 1953/1953
f 1954/1954 1955/1955 1956/1956
f 1957/1957 1958/1958 1959/1959
f 1960/1960 1961/1961 1962/1962
f 1963/1963 1964/1964 1965/1965
f 1966/1966 1967/1967 1968/1968
f 1969/1969 1970/1970 1971/1971
f 1972/1972 1973/1973 1974/1974
f 1975/1975 1976/1976 1977/1977
f 1978/1978 1979/1979 1980/1980
f 1981/1981 1982/1982 1983/1983
f 1984/1984 1985/1985 1986/1986
f 1987/1987 1988/1988 1989/1989
f 1990/1990 1991/1991 1992/1992
f 1993/1993 1994/1994 1995/1995
f 1996/1996 1997/1997 1998/1998
f 1999/1999 2000/2000 2001/2001
f 2002/2002 2003/2003 2004/2004
f 2005/2005 2006/2006 2007/2007
f 2008/2008 2009/2009 2010/2010
f 2011/2011 2012/2012 2013/2013
f 2014/2014 2015/2015 2016/2016
f 2017/2017 2018/2018 2019/2019
f 2020/2020 2021/2021 2022/2022
f 2023/2023 2024/2024 2025/2025
f 2026/2026 2027/2027 2028/2028
f 2029/2029 2030/2030 2031/2031
f 2032/2032 2033/2033 2034/2034
f 2035/2035 2036/2036 2037/2037
f 2038/2038 2039/2039 2040/2040
f 2041/2041 2042/2042 2043/2043
f 2044/2044 2045/2045 2046/2046
f 2047/2047 2048/2048 2049/2049
f 2050/2050 2051/2051 2052/2052
f 2053/2053 2054/2054 2055/2055
f 2056/2056 2057/2057 2058/2058
f 2059/2059 2060/2060 2061/2061
f 2062/2062 2063/2063 2064/2064
f 2065/2065 2066/2066 2067/2067
f 2068/2068 2069/2069 2070/2070
f 2071/2071 2072/2072 2073/2073
f 2074/2074 2075/2075 2076/2076
f 2077/2077 2078/2078 2079/2079
f 2080/2080 2081/2081 2082/2082
f 2083/2083 2084/2084 2085/2085
f 2086/2086 2087/2087 2088/2088
f 2089/2089 2090/2090 2091/2091
f 2092/2092 2093/2093 2094/2094
f 2095/2095 2096/2096 2097/2097
f 2098/2098 2099/2099 2100/2100
f 2101/2101 2102/2102 2103/2103
f 2104/2104 2105/2105 2106/2106
f 2107/2107 2108/2108 2109/2109
f 2110/2110 2111/2111 2112/2112
f 2113/2113 2114/2114 2115/2115
f 2116/2116 2117/2117 2118/2118
f 2119/2119 2120/2120 2121/2121
f 2122/2122 2123/2123 2124/2124
f 2125/2125 2126/2126 2127/2127
f 2128/2128 2129/2129 2130/2130
f 2131/2131 2132/2132 2133/2133
f 2134/2134 2135/2135 2136/2136
f 2137/2137 2138/2138 2139/2139
f 2140/2140 2141/2141 2142/2142
f 2143/2143 2144/2144 2145/2145
f 2146/2146 2147/2147 2148/2148
f 2149/2149 2150/2150 2151/2151
f 2152/2152 2153/2153 2154/2154
f 2155/2155 2156/2156 2157/2157
f 2158/2158 2159/2159 2160/2160
f 2161/2161 2162/2162 2163/2163
f 2164/2164 2165/2165 2166/2166
f 2167/2167 2168/2168 2169/2169
f 2170/2170 2171/2171 2172/2172
f 2173/2173 2174/2174 2175/2175
f 2176/2176 2177/2177 2178/2178
f 2179/2179 2180/2180 2181/2181
f 2182/2182 2183/2183 2184/2184
f 2185/2185 2186/2186 2187/2187
f 2188/2188 2189/2189 2190/2190
f 2191/2191 2192/2192 2193/2193
f 2194/2194 2195/2195 2196/2196
f 2197/2197 2198/2198 2199/2199
f 2200/2200 2201/2201 2202/2202
f 2203/2203 2204/2204 2205/2205
f 2206/2206 2207/2207 2208/2208
f 2209/2209 2210/2210 2211/2211
f 2212/2212 2213/2213 2214/2214
f 2215/2215 2216/2216 2217/2217
f 2218/2218 2219/2219 2220/2220
f 2221/2221 2222/2222 2223/2223
f 2224/2224 2225/2225 2226/2226
f 2227/2227 2228/2228 2229/2229
f 2230/2230 2231/2231 2232/2232
f 2233/2233 2234/2234 2235/2235
f 2236/2236 2237/2237 2238/2238
f 2239/2239 2240/2240 2241/2241
f 2242/2242 2243/2243 2244/2244
f 2245/2245 2246/2246 2247/2247
f 2248/2248 2249/2249 2250/2250
f 2251/2251 2252/2252 2253/2253
f 2254/2254 2255/2255 2256/2256
f 2257/2257 2258/2258 2259/2259
f 2260/2260 2261/2261 2262/2262
f 2263/2263 2264/2264 2265/2265
f 2266/2266 2267/2267 2268/2268
f 2269/2269 2270/2270 2271/2271
f 2272/2272 2273/2273 2274/2274
f 2275/2275 2276/2276 2277/2277
f 2278/2278 2279/2279 2280/2280
f 2281/2281 2282/2282 2283/2283
f 2284/2284 2285/2285 2286/2286
f 2287/2287 2288/2288 2289/2289
f 2290/2290 2291/2291 2292/2292
f 2293/2293 2294/2294 2295/2295
f 2296/2296 2297/2297 2298/2298
f 2299/2299 2300/2300 2301/2301
f 2302/2302 2303/2303 2304/2304
f 2305/2305 2306/2306 2307/2307
f 2308/2308 2309/2309 2310/2310
f 2311/2311 2312/2312 2313/2313
f 2314/2314 2315/2315 2316/2316
f 2317/2317 2318/2318 2319/2319
f 2320/2320 2321/2321 2322/2322
f 2323/2323 2324/2324 2325/2325
f 2326/2326 2327/2327 2328/2328
f 2329/2329 2330/2330 2331/2331
f 2332/2332 2333/2333 2334/2334
f 2335/2335 2336/2336 2337/2337
f 2338/2338 2339/2339 2340/2340
f 2341/2341 2342/2342 2343/2343
f 2344/2344 2345/2345 2346/2346
f 2347/2347 2348/2348 2349/2349
f 2350/2350 2351/2351 2352/2352
f 2353/2353 2354/2354 2355/2355
f 2356/2356 2357/2357 2358/2358
f 2359/2359 2360/2360 2361/2361
f 2362/2362 2363/2363 2364/2364
f 2365/2365 2366/2366 2367/2367
f 2368/2368 2369/2369 2370/2370
f 2371/2371 2372/2372 2373/2373
f 2374/2374 2375/2375 2376/2376
f 2377/2377 2378/2378 2379/2379
f 2380/2380 2381/2381 2382/2382
f 2383/2383 2384/2384 2385/2385
f 2386/2386 2387/2387 2388/2388
f 2389/2389 2390/2390 2391/2391
f 2392/2392 2393/2393 2394/2394
f 2395/2395 2396/2396 2397/2397
f 2398/2398 2399/2399 2400/2400
f 2401/2401 2402/2402 2403/2403
f 2404/2404 2405/2405 2406/2406
f 2407/2407 2408/2408 2409/2409
f 2410/2410 2411/2411 2412/2412
f 2413/2413 2414/2414 2415/2415
f 2416/2416 2417/2417 2418/2418
f 2419/2419 2420/2420 2421/2421
f 2422/2422 2423/2423 2424/2424
f 2425/2425 2426/2426 2427/2427
f 2428/2428 2429/2429 2430/2430
f 2431/2431 2432/2432 2433/2433
f 2434/2434 2435/2435 2436/2436
f 2437/2437 2438/2438 2439/2439
f 2440/2440 2441/2441 2442/2442
f 2443/2443 2444/2444 2445/2445
f 2446/2446 2447/2447 2448/2448
f 2449/2449 2450/2450 2451/2451
f 2452/2452 2453/2453 2454/2454
f 2455/2455 2456/2456 2457/2457
f 2458/2458 2459/2459 2460/2460
f 2461/2461 2462/2462 2463/2463
f 2464/2464 2465/2465 2466/2466
f 2467/2467 2468/2468 2469/2469
f 2470/2470 2471/2471 2472/2472
f 2473/2473 2474/2474 2475/2475
f 2476/2476 2477/2477 2478/2478
f 2479/2479 2480/2480 2481/2481
f 2482/2482 2483/2483 2484/2484
f 2485/2485 2486/2486 2487/2487
f 2488/2488 2489/2489 2490/2490
f 2491/2491 2492/2492 2493/2493
f 2494/2494 2495/2495 2496/2496
f 2497/2497 2498/2498 2499/2499
f 2500/2500 2501/2501 2502/2502
f 2503/2503 2504/2504 2505/2505
f 2506/2506 2507/2507 2508/2508
f 2509/2509 2510/2510 2511/2511
f 2512/2512 2513/2513 2514/2514
f 2515/2515 2516/2516 2517/2517
f 2518/2518 2519/2519 2520/2520
f 2521/2521 2522/2522 2523/2523
f 2524/2524 2525/2525 2526/2526
f 2527/2527 2528/2528 2529/2529
f 2530/2530 2531/2531 2532/2532
f 2533/2533 2534/2534 2535/2535
f 2536/2536 2537/2537 2538/2538
f 2539/2539 2540/2540 2541/2541
f 2542/2542 2543/2543 2544/2544
f 2545/2545 2546/2546 2547/2547
f 2548/2548 2549/2549 2550/2550
f 2551/2551 2552/2552 2553/2553
f 2554/2554 2555/2555 2556/2556
f 2557/2557 2558/2558 2559/2559
f 2560/2560 2561/2561 2562/2562
f 2563/2563 2564/2564 2565/2565
f 2566/2566 2567/2567 2568/2568
f 2569/2569 2570/2570 2571/2571
f 2572/2572 2573/2573 2574/2574
f 2575/2575 2576/2576 2577/2577
f 2578/2578 2579/2579 2580/2580
f 2581/2581 2582/2582 2583/2583
f 2584/2584 2585/2585 2586/2586
f 2587/2587 2588/2588 2589/2589
f 2590/2590 2591/2591 2592/2592
f 2593/2593 2594/2594 2595/2595
f 2596/2596 2597/2597 2598/2598
f 2599/2599 2600/2600 2601/2601
f 2602/2602 2603/2603 2604/2604
f 2605/2605 2606/2606 2607/2607
f 2608/2608 2609/2609 2610/2610
f 2611/2611 2612/2612 2613/2613
f 2614/2614 2615/2615 2616/2616
f 2617/2617 2618/2618 2619/2619
f 2620/2620 2621/2621 2622/2622
f 2623/2623 2624/2624 2625/2625
f 2626/2626 2627/2627 2628/2628
f 2629/2629 2630/2630 2631/2631
f 2632/2632 2633/2633 2634/2634
f 2635/2635 2636/2636 2637/2637
f 2638/2638 2639/2639 2640/2640
f 2641/2641 2642/2642 2643/2643
f 2644/2644 2645/2645 2646/2646
f 2647/2647 2648/2648 2649/2649
f 2650/2650 2651/2651 2652/2652
f 2653/2653 2654/2654 2655/2655
f 2656/2656 2657/2657 2658/2658
f 2659/2659 2660/2660 2661/2661
f 2662/2662 2663/2663 2664/2664
f 2665/2665 2666/2666 2667/2667
f 2668/2668 2669/2669 2670/2670
f 2671/2671 2672/2672 2673/2673
f 2674/2674 2675/2675 2676/2676
f 2677/2677 2678/2678 2679/2679
f 2680/2680 2681/2681 2682/2682
f 2683/2683 2684/2684 2685/2685
f 2686/2686 2687/2687 2688/2688
f 2689/2689 2690/2690 2691/2691
f 2692/2692 2693/2693 2694/2694
f 2695/2695 2696/2696 2697/2697
f 2698/2698 2699/2699 2700/2700
f 2701/2701 2702/2702 2703/2703
f 2704/2704 2705/2705 2706/2706
f 2707/2707 2708/2708 2709/2709
f 2710/2710 2711/2711 2712/2712
f 2713/2713 2714/2714 2715/2715
f 2716/2716 2717/2717 2718/2718
f 2719/2719 2720/2720 2721/2721
f 2722/2722 2723/2723 2724/2724
f 2725/2725 2726/2726 2727/2727
f 2728/2728 2729/2729 2730/2730
f 2731/2731 2732/2732 2733/2733
f 2734/2734 2735/2735 2736/2736
f 2737/2737 2738/2738 2739/2739
f 2740/2740 2741/2741 2742/2742
f 2743/2743 2744/2744 2745/2745
f 2746/2746 2747/2747 2748/2748
f 2749/2749 2750/2750 2751/2751
f 2752/2752 2753/2753 2754/2754
f 2755/2755 2756/2756 2757/2757
f 2758/2758 2759/2759 2760/2760
f 2761/2761 2762/2762 2763/2763
f 2764/2764 2765/2765 2766/2766
f 2767/2767 2768/2768 2769/2769
f 2770/2770 2771/2771 2772/2772
f 2773/2773 2774/2774 2775/2775
f 2776/2776 2777/2777 2778/2778
f 2779/2779 2780/2780 2781/2781
f 2782/2782 2783/2783 2784/2784
f 2785/2785 2786/2786 2787/2787
f 2788/2788 2789/2789 2790/2790
f 2791/2791 2792/2792 2793/2793
f 2794/2794 2795/2795 2796/2796
f 2797/2797 2798/2798 2799/2799
f 2800/2800 2801/2801 2802/2802
f 2803/2803 2804/2804 2805/2805
f 2806/2806 2807/2807 2808/2808
f 2809/2809 2810/2810 2811/2811
f 2812/2812 2813/2813 2814/2814
f 2815/2815 2816/2816 2817/2817
f 2818/2818 2819/2819 2820/2820
f 2821/2821 2822/2822 2823/2823
f 2824/2824 2825/2825 2826/2826
f 2827/2827 2828/2828 2829/2829
f 2830/2830 2831/2831 2832/2832
f 2833/2833 2834/2834 2835/2835
f 2836/2836 2837/2837 2838/2838
f 2839/2839 2840/2840 2841/2841
f 2842/2842 2843/2843 2844/2844
f 2845/2845 2846/2846 2847/2847
f 2848/2848 2849/2849 2850/2850
f 2851/2851 2852/2852 2853/2853
f 2854/2854 2855/2855 2856/2856
f 2857/2857 2858/2858 2859/2859
f 2860/2860 2861/2861 2862/2862
f 2863/2863 2864/2864 2865/2865
f 2866/2866 2867/2867 2868/2868
f 2869/2869 2870/2870 2871/2871
f 2872/2872 2873/2873 2874/2874
f 2875/2875 2876/2876 2877/2877
f 2878/2878 2879/2879 2880/2880
f 2881/2881 2882/2882 2883/2883
f 2884/2884 2885/2885 2886/2886
f 2887/2887 2888/2888 2889/2889
f 2890/2890 2891/2891 2892/2892
f 2893/2893 2894/2894 2895/2895
f 2896/2896 2897/2897 2898/2898
f 2899/2899 2900/2900 2901/2901
f 2902/2902 2903/2903 2904/2904
f 2905/2905 2906/2906 2907/2907
f 2908/2908 2909/2909 2910/2910
f 2911/2911 2912/2912 2913/2913
f 2914/2914 2915/2915 2916/2916
f 2917/2917 2918/2918 2919/2919
f 2920/2920 2921/2921 2922/2922
f 2923/2923 2924/2924 2925/2925
f 2926/2926 2927/2927 2928/2928
f 2929/2929 2930/2930 2931/2931
f 2932/2932 2933/2933 2934/2934
f 2935/2935 2936/2936 2937/2937
f 2938/2938 2939/2939 2940/2940
f 2941/2941 2942/2942 2943/2943
f 2944/2944 2945/2945 2946/2946
f 2947/2947 2948/2948 2949/2949
f 2950/2950 2951/2951 2952/2952
f 2953/2953 2954/2954 2955/2955
f 2956/2956 2957/2957 2958/2958
f 2959/2959 2960/2960 2961/2961
f 2962/2962 2963/2963 2964/2964
f 2965/2965 2966/2966 2967/2967
f 2968/2968 2969/2969 2970/2970
f 2971/2971 2972/2972 2973/2973
f 2974/2974 2975/2975 2976/2976
f 2977/2977 2978/2978 2979/2979
f 2980/2980 2981/2981 2982/2982
f 2983/2983 2984/2984 2985/2985
f 2986/2986 2987/2987 2988/2988
f 2989/2989 2990/2990 2991/2991
f 2992/2992 2993/2993 2994/2994
f 2995/2995 2996/2996 2997/2997
f 2998/2998 2999/2999 3000/3000
f 3001/3001 3002/3002 3003/3003
f 3004/3004 3005/3005 3006/3006
f 3007/3007 3008/3008 3009/3009
f 3010/3010 3011/3011 3012/3012
f 3013/3013 3014/3014 3015/3015
f 3016/3016 3017/3017 3018/3018
f 3019/3019 3020/3020 3021/3021
f 3022/3022 3023/3023 3024/3024
f 3025/3025 3026/3026 3027/3027
f 3028/3028 3029/3029 3030/3030
f 3031/3031 3032/3032 3033/3033
f 3034/3034 3035/3035 3036/3036
f 3037/3037 3038/3038 3039/3039
f 3040/3040 3041/3041 3042/3042
f 3043/3043 3044/3044 3045/3045
f 3046/3046 3047/3047 3048/3048
f 3049/3049 3050/3050 3051/3051
f 3052/3052 3053/3053 3054/3054
f 3055/3055 3056/3056 3057/3057
f 3058/3058 3059/3059 3060/3060
f 3061/3061 3062/3062 3063/3063
f 3064/3064 3065/3065 3066/3066
f 3067/3067 3068/3068 3069/3069
f 3070/3070 3071/3071 3072/3072
f 3073/3073 3074/3074 3075/3075
f 3076/3076 3077/3077 3078/3078
f 3079/3079 3080/3080 3081/3081
f 3082/3082 3083/3083 3084/3084
f 3085/3085 3086/3086 3087/3087
f 3088/3088 3089/3089 3090/3090
f 3091/3091 3092/3092 3093/3093
f 3094/3094 3095/3095 3096/3096
f 3097/3097 3098/3098 3099/3099
f 3100/3100 3101/3101 3102/3102
f 3103/3103 3104/3104 3105/3105
f 3106/3106 3107/3107 3108/3108
f 3109/3109 3110/3110 3111/3111
f 3112/3112 3113/3113 3114/3114
f 3115/3115 3116/3116 3117/3117
f 3118/3118 3119/3119 3120/3120
f 3121/3121 3122/3122 3123/3123
f 3124/3124 3125/3125 3126/3126
f 3127/3127 3128/3128 3129/3129
f 3130/3130 3131/3131 3132/3132
f 3133/3133 3134/3134 3135/3135
f 3136/3136 3137/3137 3138/3138
f 3139/3139 3140/3140 3141/3141
f 3142/3142 3143/3143 3144/3144
f 3145/3145 3146/3146 3147/3147
f 3148/3148 3149/3149 3150/3150
f 3151/3151 3152/3152 3153/3153
f 3154/3154 3155/3155 3156/3156
f 3157/3157 3158/3158 3159/3159
f 3160/3160 3161/3161 3162/3162
f 3163/3163 3164/3164 3165/3165
f 3166/3166 3167/3167 3168/3168
f 3169/3169 3170/3170 3171/3171
f 3172/3172 3173/3173 3174/3174
f 3175/3175 3176/3176 3177/3177
f 3178/3178 3179/3179 3180/3180
f 3181/3181 3182/3182 3183/3183
f 3184/3184 3185/3185 3186/3186
f 3187/3187 3188/3188 3189/3189
f 3190/3190 3191/3191 3192/3192
f 3193/3193 3194/3194 3195/3195
f 3196/3196 3197/3197 3198/3198
f 3199/3199 3200/3200 3201/3201
f 3202/3202 3203/3203 3204/3204
f 3205/3205 3206/3206 3207/3207
f 3208/3208 3209/3209 3210/3210
f 3211/3211 3212/3212 3213/3213
f 3214/3214 3215/3215 3216/3216
f 3217/3217 3218/3218 3219/3219
f 3220/3220 3221/3221 3222/3222
f 3223/3223 3224/3224 3225/3225
f 3226/3226 3227/3227 3228/3228
f 3229/3229 3230/3230 3231/3231
f 3232/3232 3233/3233 3234/3234
f 3235/3235 3236/3236 3237/3237
f 3238/3238 3239/3239 3240/3240
f 3241/3241 3242/3242 3243/3243
f 3244/3244 3245/3245 3246/3246
f 3247/3247 3248/3248 3249/3249
f 3250/3250 3251/3251 3252/3252
f 3253/3253 3254/3254 3255/3255
f 3256/3256 3257/3257 3258/3258
f 3259/3259 3260/3260 3261/3261
f 3262/3262 3263/3263 3264/3264
f 3265/3265 3266/3266 3267/3267
f 3268/3268 3269/3269 3270/3270
f 3271/3271 3272/3272 3273/3273
f 3274/3274 3275/3275 3276/3276
f 3277/3277 3278/3278 3279/3279
f 3280/3280 3281/3281 3282/3282
f 3283/3283 3284/3284 3285/3285
f 3286/3286 3287/3287 3288/3288
f 3289/3289 3290/3290 3291/3291
f 3292/3292 3293/3293 3294/3294
f 3295/3295 3296/3296 3297/3297
f 3298/3298 3299/3299 3300/3300
f 3301/3301 3302/3302 3303/3303
f 3304/3304 3305/3305 3306/3306
f 3307/3307 3308/3308 3309/3309
f 3310/3310 3311/3311 3312/3312
f 3313/3313 3314/3314 3315/3315
f 3316/3316 3317/3317 3318/3318
f 3319/3319 3320/3320 3321/3321
f 3322/3322 3323/3323 3324/3324
f 3325/3325 3326/3326 3327/3327
f 3328/3328 3329/3329 3330/3330
f 3331/3331 3332/3332 3333/3333
f 3334/3334 3335/3335 3336/3336
f 3337/3337 3338/3338 3339/3339
f 3340/3340 3341/3341 3342/3342
f 3343/3343 3344/3344 3345/3345
f 3346/3346 3347/3347 3348/3348
f 3349/3349 3350/3350 3351/3351
f 3352/3352 3353/3353 3354/3354
f 3355/3355 3356/3356 3357/3357
f 3358/3358 3359/3359 3360/3360
f 3361/3361 3362/3362 3363/3363
f 3364/3364 3365/3365 3366/3366
f 3367/3367 3368/3368 3369/3369
f 3370/3370 3371/3371 3372/3372
f 3373/3373 3374/3374 3375/3375
f 3376/3376 3377/3377 3378/3378
f 3379/3379 3380/3380 3381/3381
f 3382/3382 3383/3383 3384/3384
f 3385/3385 3386/3386 3387/3387
f 3388/3388 3389/3389 3390/3390
f 3391/3391 3392/3392 3393/3393
f 3394/3394 3395/3395 3396/3396
f 3397/3397 3398/3398 3399/3399
f 3400/3400 3401/3401 3402/3402
f 3403/3403 3404/3404 3405/3405
f 3406/3406 3407/3407 3408/3408
f 3409/3409 3410/3410 3411/3411
f 3412/3412 3413/3413 3414/3414
f 3415/3415 3416/3416 3417/3417
f 3418/3418 3419/3419 3420/3420
f 3421/3421 3422/3422 3423/3423
f 3424/3424 3425/3425 3426/3426
f 3427/3427 3428/3428 3429/3429
f 3430/3430 3431/3431 3432/3432
f 3433/3433 3434/3434 3435/3435
f 3436/3436 3437/3437 3438/3438
f 3439/3439 3440/3440 3441/3441
f 3442/3442 3443/3443 3444/3444
