# Generated by TyraX. Do not edit - rebaked from the procedural graph of 'pines'.
# 27 instances of res/models/pine.obj
mtllib props.mtl
v -2.6630 15.1721 9.7628
v -2.5102 15.1841 9.7420
v -2.5748 16.0867 9.7889
v -2.6630 15.1721 9.7628
v -2.5748 16.0867 9.7889
v -2.7275 16.0747 9.8097
v -2.5102 15.1841 9.7420
v -2.4889 15.1776 9.8950
v -2.5534 16.0802 9.9420
v -2.5102 15.1841 9.7420
v -2.5534 16.0802 9.9420
v -2.5748 16.0867 9.7889
v -2.4889 15.1776 9.8950
v -2.6417 15.1656 9.9158
v -2.7062 16.0682 9.9627
v -2.4889 15.1776 9.8950
v -2.7062 16.0682 9.9627
v -2.5534 16.0802 9.9420
v -2.6417 15.1656 9.9158
v -2.6630 15.1721 9.7628
v -2.7275 16.0747 9.8097
v -2.6417 15.1656 9.9158
v -2.7275 16.0747 9.8097
v -2.7062 16.0682 9.9627
v -46.7603 12.9176 49.7908
v -46.7416 12.9181 50.0331
v -46.7996 14.3403 50.0347
v -46.7603 12.9176 49.7908
v -46.7996 14.3403 50.0347
v -46.8182 14.3398 49.7924
v -46.7416 12.9181 50.0331
v -46.9837 12.9082 50.0517
v -47.0416 14.3304 50.0533
v -46.7416 12.9181 50.0331
v -47.0416 14.3304 50.0533
v -46.7996 14.3403 50.0347
v -46.9837 12.9082 50.0517
v -47.0023 12.9077 49.8094
v -47.0602 14.3299 49.8111
v -46.9837 12.9082 50.0517
v -47.0602 14.3299 49.8111
v -47.0416 14.3304 50.0533
v -47.0023 12.9077 49.8094
v -46.7603 12.9176 49.7908
v -46.8182 14.3398 49.7924
v -47.0023 12.9077 49.8094
v -46.8182 14.3398 49.7924
v -47.0602 14.3299 49.8111
v 0.6953 15.3785 44.8166
v 0.5131 15.3685 45.0016
v 0.4374 16.8889 45.0098
v 0.6953 15.3785 44.8166
v 0.4374 16.8889 45.0098
v 0.6197 16.8990 44.8249
v 0.5131 15.3685 45.0016
v 0.3283 15.3603 44.8191
v 0.2527 16.8807 44.8273
v 0.5131 15.3685 45.0016
v 0.2527 16.8807 44.8273
v 0.4374 16.8889 45.0098
v 0.3283 15.3603 44.8191
v 0.5106 15.3703 44.6341
v 0.4349 16.8908 44.6423
v 0.3283 15.3603 44.8191
v 0.4349 16.8908 44.6423
v 0.2527 16.8807 44.8273
v 0.5106 15.3703 44.6341
v 0.6953 15.3785 44.8166
v 0.6197 16.8990 44.8249
v 0.5106 15.3703 44.6341
v 0.6197 16.8990 44.8249
v 0.4349 16.8908 44.6423
v -8.7687 14.8538 47.8386
v -9.0394 14.8525 48.0537
v -9.0106 16.8774 48.1023
v -8.7687 14.8538 47.8386
v -9.0106 16.8774 48.1023
v -8.7398 16.8787 47.8873
v -9.0394 14.8525 48.0537
v -9.2544 14.8621 47.7831
v -9.2256 16.8869 47.8317
v -9.0394 14.8525 48.0537
v -9.2256 16.8869 47.8317
v -9.0106 16.8774 48.1023
v -9.2544 14.8621 47.7831
v -8.9837 14.8634 47.5680
v -8.9548 16.8883 47.6167
v -9.2544 14.8621 47.7831
v -8.9548 16.8883 47.6167
v -9.2256 16.8869 47.8317
v -8.9837 14.8634 47.5680
v -8.7687 14.8538 47.8386
v -8.7398 16.8787 47.8873
v -8.9837 14.8634 47.5680
v -8.7398 16.8787 47.8873
v -8.9548 16.8883 47.6167
v -12.8540 13.9815 -25.6557
v -13.0090 13.9885 -25.9049
v -12.9667 15.7078 -25.8834
v -12.8540 13.9815 -25.6557
v -12.9667 15.7078 -25.8834
v -12.8117 15.7009 -25.6341
v -13.0090 13.9885 -25.9049
v -12.7597 13.9843 -26.0600
v -12.7174 15.7036 -26.0385
v -13.0090 13.9885 -25.9049
v -12.7174 15.7036 -26.0385
v -12.9667 15.7078 -25.8834
v -12.7597 13.9843 -26.0600
v -12.6048 13.9774 -25.8107
v -12.5625 15.6967 -25.7892
v -12.7597 13.9843 -26.0600
v -12.5625 15.6967 -25.7892
v -12.7174 15.7036 -26.0385
v -12.6048 13.9774 -25.8107
v -12.8540 13.9815 -25.6557
v -12.8117 15.7009 -25.6341
v -12.6048 13.9774 -25.8107
v -12.8117 15.7009 -25.6341
v -12.5625 15.6967 -25.7892
v -2.1169 14.6031 -49.6060
v -2.1251 14.6024 -49.4074
v -2.2454 15.7605 -49.4079
v -2.1169 14.6031 -49.6060
v -2.2454 15.7605 -49.4079
v -2.2372 15.7613 -49.6065
v -2.1251 14.6024 -49.4074
v -2.3226 14.5819 -49.4156
v -2.4429 15.7400 -49.4162
v -2.1251 14.6024 -49.4074
v -2.4429 15.7400 -49.4162
v -2.2454 15.7605 -49.4079
v -2.3226 14.5819 -49.4156
v -2.3144 14.5826 -49.6142
v -2.4347 15.7408 -49.6147
v -2.3226 14.5819 -49.4156
v -2.4347 15.7408 -49.6147
v -2.4429 15.7400 -49.4162
v -2.3144 14.5826 -49.6142
v -2.1169 14.6031 -49.6060
v -2.2372 15.7613 -49.6065
v -2.3144 14.5826 -49.6142
v -2.2372 15.7613 -49.6065
v -2.4347 15.7408 -49.6147
v 10.2045 16.5508 26.4849
v 10.4917 16.5243 26.4530
v 10.6536 18.2161 26.5087
v 10.2045 16.5508 26.4849
v 10.6536 18.2161 26.5087
v 10.3663 18.2426 26.5406
v 10.4917 16.5243 26.4530
v 10.5226 16.5119 26.7413
v 10.6845 18.2037 26.7971
v 10.4917 16.5243 26.4530
v 10.6845 18.2037 26.7971
v 10.6536 18.2161 26.5087
v 10.5226 16.5119 26.7413
v 10.2354 16.5383 26.7733
v 10.3972 18.2301 26.8290
v 10.5226 16.5119 26.7413
v 10.3972 18.2301 26.8290
v 10.6845 18.2037 26.7971
v 10.2354 16.5383 26.7733
v 10.2045 16.5508 26.4849
v 10.3663 18.2426 26.5406
v 10.2354 16.5383 26.7733
v 10.3663 18.2426 26.5406
v 10.3972 18.2301 26.8290
v 0.9524 14.4978 -46.9615
v 0.8376 14.4879 -46.7082
v 0.6667 16.1092 -46.7225
v 0.9524 14.4978 -46.9615
v 0.6667 16.1092 -46.7225
v 0.7815 16.1191 -46.9758
v 0.8376 14.4879 -46.7082
v 0.5857 14.4604 -46.8234
v 0.4149 16.0817 -46.8377
v 0.8376 14.4879 -46.7082
v 0.4149 16.0817 -46.8377
v 0.6667 16.1092 -46.7225
v 0.5857 14.4604 -46.8234
v 0.7005 14.4702 -47.0767
v 0.5297 16.0915 -47.0910
v 0.5857 14.4604 -46.8234
v 0.5297 16.0915 -47.0910
v 0.4149 16.0817 -46.8377
v 0.7005 14.4702 -47.0767
v 0.9524 14.4978 -46.9615
v 0.7815 16.1191 -46.9758
v 0.7005 14.4702 -47.0767
v 0.7815 16.1191 -46.9758
v 0.5297 16.0915 -47.0910
v -8.3417 14.9736 46.0413
v -8.1398 14.9846 45.9432
v -8.2263 16.2980 45.9122
v -8.3417 14.9736 46.0413
v -8.2263 16.2980 45.9122
v -8.4282 16.2870 46.0103
v -8.1398 14.9846 45.9432
v -8.0422 14.9958 46.1453
v -8.1287 16.3092 46.1143
v -8.1398 14.9846 45.9432
v -8.1287 16.3092 46.1143
v -8.2263 16.2980 45.9122
v -8.0422 14.9958 46.1453
v -8.2440 14.9848 46.2434
v -8.3306 16.2982 46.2124
v -8.0422 14.9958 46.1453
v -8.3306 16.2982 46.2124
v -8.1287 16.3092 46.1143
v -8.2440 14.9848 46.2434
v -8.3417 14.9736 46.0413
v -8.4282 16.2870 46.0103
v -8.2440 14.9848 46.2434
v -8.4282 16.2870 46.0103
v -8.3306 16.2982 46.2124
v -45.8524 13.6377 33.8826
v -45.8500 13.6376 33.5282
v -45.6133 15.7003 33.5291
v -45.8524 13.6377 33.8826
v -45.6133 15.7003 33.5291
v -45.6157 15.7004 33.8835
v -45.8500 13.6376 33.5282
v -45.4979 13.5972 33.5307
v -45.2612 15.6598 33.5316
v -45.8500 13.6376 33.5282
v -45.2612 15.6598 33.5316
v -45.6133 15.7003 33.5291
v -45.4979 13.5972 33.5307
v -45.5004 13.5973 33.8851
v -45.2637 15.6600 33.8860
v -45.4979 13.5972 33.5307
v -45.2637 15.6600 33.8860
v -45.2612 15.6598 33.5316
v -45.5004 13.5973 33.8851
v -45.8524 13.6377 33.8826
v -45.6157 15.7004 33.8835
v -45.5004 13.5973 33.8851
v -45.6157 15.7004 33.8835
v -45.2637 15.6600 33.8860
v -40.4178 12.9884 -48.9998
v -40.5165 12.9830 -49.1050
v -40.5258 13.8277 -49.1396
v -40.4178 12.9884 -48.9998
v -40.5258 13.8277 -49.1396
v -40.4271 13.8331 -49.0344
v -40.5165 12.9830 -49.1050
v -40.4111 12.9801 -49.2036
v -40.4204 13.8248 -49.2382
v -40.5165 12.9830 -49.1050
v -40.4204 13.8248 -49.2382
v -40.5258 13.8277 -49.1396
v -40.4111 12.9801 -49.2036
v -40.3125 12.9855 -49.0984
v -40.3218 13.8302 -49.1330
v -40.4111 12.9801 -49.2036
v -40.3218 13.8302 -49.1330
v -40.4204 13.8248 -49.2382
v -40.3125 12.9855 -49.0984
v -40.4178 12.9884 -48.9998
v -40.4271 13.8331 -49.0344
v -40.3125 12.9855 -49.0984
v -40.4271 13.8331 -49.0344
v -40.3218 13.8302 -49.1330
v -15.9896 13.5828 -36.7607
v -15.8840 13.5770 -36.5339
v -15.9002 15.0421 -36.4887
v -15.9896 13.5828 -36.7607
v -15.9002 15.0421 -36.4887
v -16.0057 15.0479 -36.7155
v -15.8840 13.5770 -36.5339
v -16.1108 13.5713 -36.4285
v -16.1270 15.0363 -36.3833
v -15.8840 13.5770 -36.5339
v -16.1270 15.0363 -36.3833
v -15.9002 15.0421 -36.4887
v -16.1108 13.5713 -36.4285
v -16.2164 13.5771 -36.6553
v -16.2326 15.0422 -36.6101
v -16.1108 13.5713 -36.4285
v -16.2326 15.0422 -36.6101
v -16.1270 15.0363 -36.3833
v -16.2164 13.5771 -36.6553
v -15.9896 13.5828 -36.7607
v -16.0057 15.0479 -36.7155
v -16.2164 13.5771 -36.6553
v -16.0057 15.0479 -36.7155
v -16.2326 15.0422 -36.6101
v -24.4985 13.3623 -44.7597
v -24.1601 13.3524 -44.7800
v -24.1114 15.3329 -44.9308
v -24.4985 13.3623 -44.7597
v -24.1114 15.3329 -44.9308
v -24.4498 15.3428 -44.9105
v -24.1601 13.3524 -44.7800
v -24.1392 13.3776 -44.4424
v -24.0905 15.3581 -44.5933
v -24.1601 13.3524 -44.7800
v -24.0905 15.3581 -44.5933
v -24.1114 15.3329 -44.9308
v -24.1392 13.3776 -44.4424
v -24.4775 13.3875 -44.4221
v -24.4288 15.3679 -44.5730
v -24.1392 13.3776 -44.4424
v -24.4288 15.3679 -44.5730
v -24.0905 15.3581 -44.5933
v -24.4775 13.3875 -44.4221
v -24.4985 13.3623 -44.7597
v -24.4498 15.3428 -44.9105
v -24.4775 13.3875 -44.4221
v -24.4498 15.3428 -44.9105
v -24.4288 15.3679 -44.5730
v 0.8043 14.2726 -41.0169
v 0.8559 14.2680 -41.1873
v 0.9724 15.3051 -41.1802
v 0.8043 14.2726 -41.0169
v 0.9724 15.3051 -41.1802
v 0.9207 15.3097 -41.0098
v 0.8559 14.2680 -41.1873
v 1.0252 14.2486 -41.1355
v 1.1417 15.2857 -41.1284
v 0.8559 14.2680 -41.1873
v 1.1417 15.2857 -41.1284
v 0.9724 15.3051 -41.1802
v 1.0252 14.2486 -41.1355
v 0.9736 14.2533 -40.9651
v 1.0901 15.2903 -40.9580
v 1.0252 14.2486 -41.1355
v 1.0901 15.2903 -40.9580
v 1.1417 15.2857 -41.1284
v 0.9736 14.2533 -40.9651
v 0.8043 14.2726 -41.0169
v 0.9207 15.3097 -41.0098
v 0.9736 14.2533 -40.9651
v 0.9207 15.3097 -41.0098
v 1.0901 15.2903 -40.9580
v -21.9274 14.3420 27.1024
v -21.7675 14.3307 26.8874
v -21.5694 15.8879 26.9529
v -21.9274 14.3420 27.1024
v -21.5694 15.8879 26.9529
v -21.7293 15.8992 27.1679
v -21.7675 14.3307 26.8874
v -21.5549 14.2969 27.0473
v -21.3568 15.8542 27.1128
v -21.7675 14.3307 26.8874
v -21.3568 15.8542 27.1128
v -21.5694 15.8879 26.9529
v -21.5549 14.2969 27.0473
v -21.7148 14.3082 27.2623
v -21.5167 15.8655 27.3278
v -21.5549 14.2969 27.0473
v -21.5167 15.8655 27.3278
v -21.3568 15.8542 27.1128
v -21.7148 14.3082 27.2623
v -21.9274 14.3420 27.1024
v -21.7293 15.8992 27.1679
v -21.7148 14.3082 27.2623
v -21.7293 15.8992 27.1679
v -21.5167 15.8655 27.3278
v -27.2072 14.0343 43.1048
v -27.0922 14.0324 43.2506
v -27.1429 15.1181 43.3044
v -27.2072 14.0343 43.1048
v -27.1429 15.1181 43.3044
v -27.2579 15.1200 43.1586
v -27.0922 14.0324 43.2506
v -27.2377 14.0199 43.3653
v -27.2884 15.1056 43.4192
v -27.0922 14.0324 43.2506
v -27.2884 15.1056 43.4192
v -27.1429 15.1181 43.3044
v -27.2377 14.0199 43.3653
v -27.3528 14.0218 43.2195
v -27.4035 15.1075 43.2733
v -27.2377 14.0199 43.3653
v -27.4035 15.1075 43.2733
v -27.2884 15.1056 43.4192
v -27.3528 14.0218 43.2195
v -27.2072 14.0343 43.1048
v -27.2579 15.1200 43.1586
v -27.3528 14.0218 43.2195
v -27.2579 15.1200 43.1586
v -27.4035 15.1075 43.2733
v 0.0386 16.0675 28.4897
v 0.1278 16.0655 28.7141
v 0.2133 17.4776 28.6928
v 0.0386 16.0675 28.4897
v 0.2133 17.4776 28.6928
v 0.1241 17.4796 28.4684
v 0.1278 16.0655 28.7141
v -0.0962 16.0804 28.8032
v -0.0106 17.4925 28.7819
v 0.1278 16.0655 28.7141
v -0.0106 17.4925 28.7819
v 0.2133 17.4776 28.6928
v -0.0962 16.0804 28.8032
v -0.1854 16.0824 28.5788
v -0.0998 17.4945 28.5575
v -0.0962 16.0804 28.8032
v -0.0998 17.4945 28.5575
v -0.0106 17.4925 28.7819
v -0.1854 16.0824 28.5788
v 0.0386 16.0675 28.4897
v 0.1241 17.4796 28.4684
v -0.1854 16.0824 28.5788
v 0.1241 17.4796 28.4684
v -0.0998 17.4945 28.5575
v 4.3029 15.6771 40.9469
v 4.0255 15.6960 40.9399
v 4.1342 17.3202 41.0145
v 4.3029 15.6771 40.9469
v 4.1342 17.3202 41.0145
v 4.4116 17.3013 41.0215
v 4.0255 15.6960 40.9399
v 4.0334 15.7082 40.6622
v 4.1421 17.3324 40.7367
v 4.0255 15.6960 40.9399
v 4.1421 17.3324 40.7367
v 4.1342 17.3202 41.0145
v 4.0334 15.7082 40.6622
v 4.3108 15.6893 40.6692
v 4.4195 17.3135 40.7437
v 4.0334 15.7082 40.6622
v 4.4195 17.3135 40.7437
v 4.1421 17.3324 40.7367
v 4.3108 15.6893 40.6692
v 4.3029 15.6771 40.9469
v 4.4116 17.3013 41.0215
v 4.3108 15.6893 40.6692
v 4.4116 17.3013 41.0215
v 4.4195 17.3135 40.7437
v -35.9527 13.5216 44.1648
v -35.7977 13.5144 44.0006
v -35.7245 14.8355 44.0117
v -35.9527 13.5216 44.1648
v -35.7245 14.8355 44.0117
v -35.8795 14.8427 44.1759
v -35.7977 13.5144 44.0006
v -35.6339 13.5040 44.1558
v -35.5607 14.8252 44.1668
v -35.7977 13.5144 44.0006
v -35.5607 14.8252 44.1668
v -35.7245 14.8355 44.0117
v -35.6339 13.5040 44.1558
v -35.7888 13.5112 44.3199
v -35.7157 14.8324 44.3310
v -35.6339 13.5040 44.1558
v -35.7157 14.8324 44.3310
v -35.5607 14.8252 44.1668
v -35.7888 13.5112 44.3199
v -35.9527 13.5216 44.1648
v -35.8795 14.8427 44.1759
v -35.7888 13.5112 44.3199
v -35.8795 14.8427 44.1759
v -35.7157 14.8324 44.3310
v -32.4756 13.7168 48.9657
v -32.4809 13.7168 48.6996
v -32.6041 15.2707 48.7020
v -32.4756 13.7168 48.9657
v -32.6041 15.2707 48.7020
v -32.5987 15.2707 48.9680
v -32.4809 13.7168 48.6996
v -32.2157 13.7378 48.6943
v -32.3389 15.2917 48.6967
v -32.4809 13.7168 48.6996
v -32.3389 15.2917 48.6967
v -32.6041 15.2707 48.7020
v -32.2157 13.7378 48.6943
v -32.2104 13.7378 48.9603
v -32.3335 15.2917 48.9627
v -32.2157 13.7378 48.6943
v -32.3335 15.2917 48.9627
v -32.3389 15.2917 48.6967
v -32.2104 13.7378 48.9603
v -32.4756 13.7168 48.9657
v -32.5987 15.2707 48.9680
v -32.2104 13.7378 48.9603
v -32.5987 15.2707 48.9680
v -32.3335 15.2917 48.9627
v -18.0531 14.4737 45.5317
v -18.1304 14.4780 45.3160
v -18.1756 15.8192 45.3584
v -18.0531 14.4737 45.5317
v -18.1756 15.8192 45.3584
v -18.0983 15.8150 45.5741
v -18.1304 14.4780 45.3160
v -17.9148 14.4877 45.2389
v -17.9600 15.8289 45.2813
v -18.1304 14.4780 45.3160
v -17.9600 15.8289 45.2813
v -18.1756 15.8192 45.3584
v -17.9148 14.4877 45.2389
v -17.8375 14.4834 45.4546
v -17.8827 15.8247 45.4970
v -17.9148 14.4877 45.2389
v -17.8827 15.8247 45.4970
v -17.9600 15.8289 45.2813
v -17.8375 14.4834 45.4546
v -18.0531 14.4737 45.5317
v -18.0983 15.8150 45.5741
v -17.8375 14.4834 45.4546
v -18.0983 15.8150 45.5741
v -17.8827 15.8247 45.4970
v -21.1519 13.3511 -34.1846
v -21.2969 13.3622 -34.0568
v -21.2025 14.4926 -34.0484
v -21.1519 13.3511 -34.1846
v -21.2025 14.4926 -34.0484
v -21.0575 14.4814 -34.1763
v -21.2969 13.3622 -34.0568
v -21.4242 13.3739 -34.2022
v -21.3298 14.5043 -34.1939
v -21.2969 13.3622 -34.0568
v -21.3298 14.5043 -34.1939
v -21.2025 14.4926 -34.0484
v -21.4242 13.3739 -34.2022
v -21.2792 13.3628 -34.3300
v -21.1848 14.4931 -34.3217
v -21.4242 13.3739 -34.2022
v -21.1848 14.4931 -34.3217
v -21.3298 14.5043 -34.1939
v -21.2792 13.3628 -34.3300
v -21.1519 13.3511 -34.1846
v -21.0575 14.4814 -34.1763
v -21.2792 13.3628 -34.3300
v -21.0575 14.4814 -34.1763
v -21.1848 14.4931 -34.3217
v -15.9849 14.6748 33.6975
v -16.1819 14.6694 33.8774
v -16.2513 16.2306 33.8478
v -15.9849 14.6748 33.6975
v -16.2513 16.2306 33.8478
v -16.0543 16.2360 33.6679
v -16.1819 14.6694 33.8774
v -16.3615 14.6577 33.6804
v -16.4308 16.2189 33.6508
v -16.1819 14.6694 33.8774
v -16.4308 16.2189 33.6508
v -16.2513 16.2306 33.8478
v -16.3615 14.6577 33.6804
v -16.1645 14.6630 33.5005
v -16.2339 16.2243 33.4709
v -16.3615 14.6577 33.6804
v -16.2339 16.2243 33.4709
v -16.4308 16.2189 33.6508
v -16.1645 14.6630 33.5005
v -15.9849 14.6748 33.6975
v -16.0543 16.2360 33.6679
v -16.1645 14.6630 33.5005
v -16.0543 16.2360 33.6679
v -16.2339 16.2243 33.4709
v -52.0835 13.7902 18.5996
v -52.0259 13.7944 18.4117
v -52.0925 14.9440 18.4167
v -52.0835 13.7902 18.5996
v -52.0925 14.9440 18.4167
v -52.1501 14.9399 18.6046
v -52.0259 13.7944 18.4117
v -51.8383 13.8050 18.4695
v -51.9049 14.9547 18.4745
v -52.0259 13.7944 18.4117
v -51.9049 14.9547 18.4745
v -52.0925 14.9440 18.4167
v -51.8383 13.8050 18.4695
v -51.8959 13.8009 18.6573
v -51.9625 14.9505 18.6624
v -51.8383 13.8050 18.4695
v -51.9625 14.9505 18.6624
v -51.9049 14.9547 18.4745
v -51.8959 13.8009 18.6573
v -52.0835 13.7902 18.5996
v -52.1501 14.9399 18.6046
v -51.8959 13.8009 18.6573
v -52.1501 14.9399 18.6046
v -51.9625 14.9505 18.6624
v -17.2019 14.7720 20.3361
v -16.9000 14.7496 20.1304
v -16.6743 16.8792 20.2297
v -17.2019 14.7720 20.3361
v -16.6743 16.8792 20.2297
v -16.9762 16.9016 20.4353
v -16.9000 14.7496 20.1304
v -16.6968 14.7140 20.4326
v -16.4711 16.8435 20.5319
v -16.9000 14.7496 20.1304
v -16.4711 16.8435 20.5319
v -16.6743 16.8792 20.2297
v -16.6968 14.7140 20.4326
v -16.9986 14.7364 20.6382
v -16.7729 16.8659 20.7375
v -16.6968 14.7140 20.4326
v -16.7729 16.8659 20.7375
v -16.4711 16.8435 20.5319
v -16.9986 14.7364 20.6382
v -17.2019 14.7720 20.3361
v -16.9762 16.9016 20.4353
v -16.9986 14.7364 20.6382
v -16.9762 16.9016 20.4353
v -16.7729 16.8659 20.7375
v 15.6845 15.9054 10.3775
v 15.5742 15.9027 10.2752
v 15.5396 16.7835 10.2894
v 15.6845 15.9054 10.3775
v 15.5396 16.7835 10.2894
v 15.6499 16.7862 10.3917
v 15.5742 15.9027 10.2752
v 15.6764 15.9085 10.1648
v 15.6417 16.7893 10.1791
v 15.5742 15.9027 10.2752
v 15.6417 16.7893 10.1791
v 15.5396 16.7835 10.2894
v 15.6764 15.9085 10.1648
v 15.7867 15.9112 10.2671
v 15.7520 16.7920 10.2814
v 15.6764 15.9085 10.1648
v 15.7520 16.7920 10.2814
v 15.6417 16.7893 10.1791
v 15.7867 15.9112 10.2671
v 15.6845 15.9054 10.3775
v 15.6499 16.7862 10.3917
v 15.7867 15.9112 10.2671
v 15.6499 16.7862 10.3917
v 15.7520 16.7920 10.2814
v -46.4240 14.0025 -9.4795
v -46.0963 14.0051 -9.4349
v -46.0995 15.9407 -9.5250
v -46.4240 14.0025 -9.4795
v -46.0995 15.9407 -9.5250
v -46.4272 15.9381 -9.5695
v -46.0963 14.0051 -9.4349
v -46.1409 14.0203 -9.1076
v -46.1441 15.9558 -9.1976
v -46.0963 14.0051 -9.4349
v -46.1441 15.9558 -9.1976
v -46.0995 15.9407 -9.5250
v -46.1409 14.0203 -9.1076
v -46.4686 14.0176 -9.1521
v -46.4718 15.9532 -9.2421
v -46.1409 14.0203 -9.1076
v -46.4718 15.9532 -9.2421
v -46.1441 15.9558 -9.1976
v -46.4686 14.0176 -9.1521
v -46.4240 14.0025 -9.4795
v -46.4272 15.9381 -9.5695
v -46.4686 14.0176 -9.1521
v -46.4272 15.9381 -9.5695
v -46.4718 15.9532 -9.2421
vt 0.00000 1.00000
vt 0.00000 1.00000
vt 0.00000 1.00000
vt 0.00000 1.00000
vt 0.00000 1.00000
vt 0.00000 1.00000
vt 0.00000 1.00000
vt 0.00000 1.00000
vt 0.00000 1.00000
vt 0.00000 1.00000
vt 0.00000 1.00000
vt 0.00000 1.00000
vt 0.00000 1.00000
vt 0.00000 1.00000
vt 0.00000 1.00000
vt 0.00000 1.00000
vt 0.00000 1.00000
vt 0.00000 1.00000
vt 0.00000 1.00000
vt 0.00000 1.00000
vt 0.00000 1.00000
vt 0.00000 1.00000
vt 0.00000 1.00000
vt 0.00000 1.00000
vt 0.00000 1.00000
vt 0.00000 1.00000
vt 0.00000 1.00000
vt 0.00000 1.00000
vt 0.00000 1.00000
vt 0.00000 1.00000
vt 0.00000 1.00000
vt 0.00000 1.00000
vt 0.00000 1.00000
vt 0.00000 1.00000
vt 0.00000 1.00000
vt 0.00000 1.00000
vt 0.00000 1.00000
vt 0.00000 1.00000
vt 0.00000 1.00000
vt 0.00000 1.00000
vt 0.00000 1.00000
vt 0.00000 1.00000
vt 0.00000 1.00000
vt 0.00000 1.00000
vt 0.00000 1.00000
vt 0.00000 1.00000
vt 0.00000 1.00000
vt 0.00000 1.00000
vt 0.00000 1.00000
vt 0.00000 1.00000
vt 0.00000 1.00000
vt 0.00000 1.00000
vt 0.00000 1.00000
vt 0.00000 1.00000
vt 0.00000 1.00000
vt 0.00000 1.00000
vt 0.00000 1.00000
vt 0.00000 1.00000
vt 0.00000 1.00000
vt 0.00000 1.00000
vt 0.00000 1.00000
vt 0.00000 1.00000
vt 0.00000 1.00000
vt 0.00000 1.00000
vt 0.00000 1.00000
vt 0.00000 1.00000
vt 0.00000 1.00000
vt 0.00000 1.00000
vt 0.00000 1.00000
vt 0.00000 1.00000
vt 0.00000 1.00000
vt 0.00000 1.00000
vt 0.00000 1.00000
vt 0.00000 1.00000
vt 0.00000 1.00000
vt 0.00000 1.00000
vt 0.00000 1.00000
vt 0.00000 1.00000
vt 0.00000 1.00000
vt 0.00000 1.00000
vt 0.00000 1.00000
vt 0.00000 1.00000
vt 0.00000 1.00000
vt 0.00000 1.00000
vt 0.00000 1.00000
vt 0.00000 1.00000
vt 0.00000 1.00000
vt 0.00000 1.00000
vt 0.00000 1.00000
vt 0.00000 1.00000
vt 0.00000 1.00000
vt 0.00000 1.00000
vt 0.00000 1.00000
vt 0.00000 1.00000
vt 0.00000 1.00000
vt 0.00000 1.00000
vt 0.00000 1.00000
vt 0.00000 1.00000
vt 0.00000 1.00000
vt 0.00000 1.00000
vt 0.00000 1.00000
vt 0.00000 1.00000
vt 0.00000 1.00000
vt 0.00000 1.00000
vt 0.00000 1.00000
vt 0.00000 1.00000
vt 0.00000 1.00000
vt 0.00000 1.00000
vt 0.00000 1.00000
vt 0.00000 1.00000
vt 0.00000 1.00000
vt 0.00000 1.00000
vt 0.00000 1.00000
vt 0.00000 1.00000
vt 0.00000 1.00000
vt 0.00000 1.00000
vt 0.00000 1.00000
vt 0.00000 1.00000
vt 0.00000 1.00000
vt 0.00000 1.00000
vt 0.00000 1.00000
vt 0.00000 1.00000
vt 0.00000 1.00000
vt 0.00000 1.00000
vt 0.00000 1.00000
vt 0.00000 1.00000
vt 0.00000 1.00000
vt 0.00000 1.00000
vt 0.00000 1.00000
vt 0.00000 1.00000
vt 0.00000 1.00000
vt 0.00000 1.00000
vt 0.00000 1.00000
vt 0.00000 1.00000
vt 0.00000 1.00000
vt 0.00000 1.00000
vt 0.00000 1.00000
vt 0.00000 1.00000
vt 0.00000 1.00000
vt 0.00000 1.00000
vt 0.00000 1.00000
vt 0.00000 1.00000
vt 0.00000 1.00000
vt 0.00000 1.00000
vt 0.00000 1.00000
vt 0.00000 1.00000
vt 0.00000 1.00000
vt 0.00000 1.00000
vt 0.00000 1.00000
vt 0.00000 1.00000
vt 0.00000 1.00000
vt 0.00000 1.00000
vt 0.00000 1.00000
vt 0.00000 1.00000
vt 0.00000 1.00000
vt 0.00000 1.00000
vt 0.00000 1.00000
vt 0.00000 1.00000
vt 0.00000 1.00000
vt 0.00000 1.00000
vt 0.00000 1.00000
vt 0.00000 1.00000
vt 0.00000 1.00000
vt 0.00000 1.00000
vt 0.00000 1.00000
vt 0.00000 1.00000
vt 0.00000 1.00000
vt 0.00000 1.00000
vt 0.00000 1.00000
vt 0.00000 1.00000
vt 0.00000 1.00000
vt 0.00000 1.00000
vt 0.00000 1.00000
vt 0.00000 1.00000
vt 0.00000 1.00000
vt 0.00000 1.00000
vt 0.00000 1.00000
vt 0.00000 1.00000
vt 0.00000 1.00000
vt 0.00000 1.00000
vt 0.00000 1.00000
vt 0.00000 1.00000
vt 0.00000 1.00000
vt 0.00000 1.00000
vt 0.00000 1.00000
vt 0.00000 1.00000
vt 0.00000 1.00000
vt 0.00000 1.00000
vt 0.00000 1.00000
vt 0.00000 1.00000
vt 0.00000 1.00000
vt 0.00000 1.00000
vt 0.00000 1.00000
vt 0.00000 1.00000
vt 0.00000 1.00000
vt 0.00000 1.00000
vt 0.00000 1.00000
vt 0.00000 1.00000
vt 0.00000 1.00000
vt 0.00000 1.00000
vt 0.00000 1.00000
vt 0.00000 1.00000
vt 0.00000 1.00000
vt 0.00000 1.00000
vt 0.00000 1.00000
vt 0.00000 1.00000
vt 0.00000 1.00000
vt 0.00000 1.00000
vt 0.00000 1.00000
vt 0.00000 1.00000
vt 0.00000 1.00000
vt 0.00000 1.00000
vt 0.00000 1.00000
vt 0.00000 1.00000
vt 0.00000 1.00000
vt 0.00000 1.00000
vt 0.00000 1.00000
vt 0.00000 1.00000
vt 0.00000 1.00000
vt 0.00000 1.00000
vt 0.00000 1.00000
vt 0.00000 1.00000
vt 0.00000 1.00000
vt 0.00000 1.00000
vt 0.00000 1.00000
vt 0.00000 1.00000
vt 0.00000 1.00000
vt 0.00000 1.00000
vt 0.00000 1.00000
vt 0.00000 1.00000
vt 0.00000 1.00000
vt 0.00000 1.00000
vt 0.00000 1.00000
vt 0.00000 1.00000
vt 0.00000 1.00000
vt 0.00000 1.00000
vt 0.00000 1.00000
vt 0.00000 1.00000
vt 0.00000 1.00000
vt 0.00000 1.00000
vt 0.00000 1.00000
vt 0.00000 1.00000
vt 0.00000 1.00000
vt 0.00000 1.00000
vt 0.00000 1.00000
vt 0.00000 1.00000
vt 0.00000 1.00000
vt 0.00000 1.00000
vt 0.00000 1.00000
vt 0.00000 1.00000
vt 0.00000 1.00000
vt 0.00000 1.00000
vt 0.00000 1.00000
vt 0.00000 1.00000
vt 0.00000 1.00000
vt 0.00000 1.00000
vt 0.00000 1.00000
vt 0.00000 1.00000
vt 0.00000 1.00000
vt 0.00000 1.00000
vt 0.00000 1.00000
vt 0.00000 1.00000
vt 0.00000 1.00000
vt 0.00000 1.00000
vt 0.00000 1.00000
vt 0.00000 1.00000
vt 0.00000 1.00000
vt 0.00000 1.00000
vt 0.00000 1.00000
vt 0.00000 1.00000
vt 0.00000 1.00000
vt 0.00000 1.00000
vt 0.00000 1.00000
vt 0.00000 1.00000
vt 0.00000 1.00000
vt 0.00000 1.00000
vt 0.00000 1.00000
vt 0.00000 1.00000
vt 0.00000 1.00000
vt 0.00000 1.00000
vt 0.00000 1.00000
vt 0.00000 1.00000
vt 0.00000 1.00000
vt 0.00000 1.00000
vt 0.00000 1.00000
vt 0.00000 1.00000
vt 0.00000 1.00000
vt 0.00000 1.00000
vt 0.00000 1.00000
vt 0.00000 1.00000
vt 0.00000 1.00000
vt 0.00000 1.00000
vt 0.00000 1.00000
vt 0.00000 1.00000
vt 0.00000 1.00000
vt 0.00000 1.00000
vt 0.00000 1.00000
vt 0.00000 1.00000
vt 0.00000 1.00000
vt 0.00000 1.00000
vt 0.00000 1.00000
vt 0.00000 1.00000
vt 0.00000 1.00000
vt 0.00000 1.00000
vt 0.00000 1.00000
vt 0.00000 1.00000
vt 0.00000 1.00000
vt 0.00000 1.00000
vt 0.00000 1.00000
vt 0.00000 1.00000
vt 0.00000 1.00000
vt 0.00000 1.00000
vt 0.00000 1.00000
vt 0.00000 1.00000
vt 0.00000 1.00000
vt 0.00000 1.00000
vt 0.00000 1.00000
vt 0.00000 1.00000
vt 0.00000 1.00000
vt 0.00000 1.00000
vt 0.00000 1.00000
vt 0.00000 1.00000
vt 0.00000 1.00000
vt 0.00000 1.00000
vt 0.00000 1.00000
vt 0.00000 1.00000
vt 0.00000 1.00000
vt 0.00000 1.00000
vt 0.00000 1.00000
vt 0.00000 1.00000
vt 0.00000 1.00000
vt 0.00000 1.00000
vt 0.00000 1.00000
vt 0.00000 1.00000
vt 0.00000 1.00000
vt 0.00000 1.00000
vt 0.00000 1.00000
vt 0.00000 1.00000
vt 0.00000 1.00000
vt 0.00000 1.00000
vt 0.00000 1.00000
vt 0.00000 1.00000
vt 0.00000 1.00000
vt 0.00000 1.00000
vt 0.00000 1.00000
vt 0.00000 1.00000
vt 0.00000 1.00000
vt 0.00000 1.00000
vt 0.00000 1.00000
vt 0.00000 1.00000
vt 0.00000 1.00000
vt 0.00000 1.00000
vt 0.00000 1.00000
vt 0.00000 1.00000
vt 0.00000 1.00000
vt 0.00000 1.00000
vt 0.00000 1.00000
vt 0.00000 1.00000
vt 0.00000 1.00000
vt 0.00000 1.00000
vt 0.00000 1.00000
vt 0.00000 1.00000
vt 0.00000 1.00000
vt 0.00000 1.00000
vt 0.00000 1.00000
vt 0.00000 1.00000
vt 0.00000 1.00000
vt 0.00000 1.00000
vt 0.00000 1.00000
vt 0.00000 1.00000
vt 0.00000 1.00000
vt 0.00000 1.00000
vt 0.00000 1.00000
vt 0.00000 1.00000
vt 0.00000 1.00000
vt 0.00000 1.00000
vt 0.00000 1.00000
vt 0.00000 1.00000
vt 0.00000 1.00000
vt 0.00000 1.00000
vt 0.00000 1.00000
vt 0.00000 1.00000
vt 0.00000 1.00000
vt 0.00000 1.00000
vt 0.00000 1.00000
vt 0.00000 1.00000
vt 0.00000 1.00000
vt 0.00000 1.00000
vt 0.00000 1.00000
vt 0.00000 1.00000
vt 0.00000 1.00000
vt 0.00000 1.00000
vt 0.00000 1.00000
vt 0.00000 1.00000
vt 0.00000 1.00000
vt 0.00000 1.00000
vt 0.00000 1.00000
vt 0.00000 1.00000
vt 0.00000 1.00000
vt 0.00000 1.00000
vt 0.00000 1.00000
vt 0.00000 1.00000
vt 0.00000 1.00000
vt 0.00000 1.00000
vt 0.00000 1.00000
vt 0.00000 1.00000
vt 0.00000 1.00000
vt 0.00000 1.00000
vt 0.00000 1.00000
vt 0.00000 1.00000
vt 0.00000 1.00000
vt 0.00000 1.00000
vt 0.00000 1.00000
vt 0.00000 1.00000
vt 0.00000 1.00000
vt 0.00000 1.00000
vt 0.00000 1.00000
vt 0.00000 1.00000
vt 0.00000 1.00000
vt 0.00000 1.00000
vt 0.00000 1.00000
vt 0.00000 1.00000
vt 0.00000 1.00000
vt 0.00000 1.00000
vt 0.00000 1.00000
vt 0.00000 1.00000
vt 0.00000 1.00000
vt 0.00000 1.00000
vt 0.00000 1.00000
vt 0.00000 1.00000
vt 0.00000 1.00000
vt 0.00000 1.00000
vt 0.00000 1.00000
vt 0.00000 1.00000
vt 0.00000 1.00000
vt 0.00000 1.00000
vt 0.00000 1.00000
vt 0.00000 1.00000
vt 0.00000 1.00000
vt 0.00000 1.00000
vt 0.00000 1.00000
vt 0.00000 1.00000
vt 0.00000 1.00000
vt 0.00000 1.00000
vt 0.00000 1.00000
vt 0.00000 1.00000
vt 0.00000 1.00000
vt 0.00000 1.00000
vt 0.00000 1.00000
vt 0.00000 1.00000
vt 0.00000 1.00000
vt 0.00000 1.00000
vt 0.00000 1.00000
vt 0.00000 1.00000
vt 0.00000 1.00000
vt 0.00000 1.00000
vt 0.00000 1.00000
vt 0.00000 1.00000
vt 0.00000 1.00000
vt 0.00000 1.00000
vt 0.00000 1.00000
vt 0.00000 1.00000
vt 0.00000 1.00000
vt 0.00000 1.00000
vt 0.00000 1.00000
vt 0.00000 1.00000
vt 0.00000 1.00000
vt 0.00000 1.00000
vt 0.00000 1.00000
vt 0.00000 1.00000
vt 0.00000 1.00000
vt 0.00000 1.00000
vt 0.00000 1.00000
vt 0.00000 1.00000
vt 0.00000 1.00000
vt 0.00000 1.00000
vt 0.00000 1.00000
vt 0.00000 1.00000
vt 0.00000 1.00000
vt 0.00000 1.00000
vt 0.00000 1.00000
vt 0.00000 1.00000
vt 0.00000 1.00000
vt 0.00000 1.00000
vt 0.00000 1.00000
vt 0.00000 1.00000
vt 0.00000 1.00000
vt 0.00000 1.00000
vt 0.00000 1.00000
vt 0.00000 1.00000
vt 0.00000 1.00000
vt 0.00000 1.00000
vt 0.00000 1.00000
vt 0.00000 1.00000
vt 0.00000 1.00000
vt 0.00000 1.00000
vt 0.00000 1.00000
vt 0.00000 1.00000
vt 0.00000 1.00000
vt 0.00000 1.00000
vt 0.00000 1.00000
vt 0.00000 1.00000
vt 0.00000 1.00000
vt 0.00000 1.00000
vt 0.00000 1.00000
vt 0.00000 1.00000
vt 0.00000 1.00000
vt 0.00000 1.00000
vt 0.00000 1.00000
vt 0.00000 1.00000
vt 0.00000 1.00000
vt 0.00000 1.00000
vt 0.00000 1.00000
vt 0.00000 1.00000
vt 0.00000 1.00000
vt 0.00000 1.00000
vt 0.00000 1.00000
vt 0.00000 1.00000
vt 0.00000 1.00000
vt 0.00000 1.00000
vt 0.00000 1.00000
vt 0.00000 1.00000
vt 0.00000 1.00000
vt 0.00000 1.00000
vt 0.00000 1.00000
vt 0.00000 1.00000
vt 0.00000 1.00000
vt 0.00000 1.00000
vt 0.00000 1.00000
vt 0.00000 1.00000
vt 0.00000 1.00000
vt 0.00000 1.00000
vt 0.00000 1.00000
vt 0.00000 1.00000
vt 0.00000 1.00000
vt 0.00000 1.00000
vt 0.00000 1.00000
vt 0.00000 1.00000
vt 0.00000 1.00000
vt 0.00000 1.00000
vt 0.00000 1.00000
vt 0.00000 1.00000
vt 0.00000 1.00000
vt 0.00000 1.00000
vt 0.00000 1.00000
vt 0.00000 1.00000
vt 0.00000 1.00000
vt 0.00000 1.00000
vt 0.00000 1.00000
vt 0.00000 1.00000
vt 0.00000 1.00000
vt 0.00000 1.00000
vt 0.00000 1.00000
vt 0.00000 1.00000
vt 0.00000 1.00000
vt 0.00000 1.00000
vt 0.00000 1.00000
vt 0.00000 1.00000
vt 0.00000 1.00000
vt 0.00000 1.00000
vt 0.00000 1.00000
vt 0.00000 1.00000
vt 0.00000 1.00000
vt 0.00000 1.00000
vt 0.00000 1.00000
vt 0.00000 1.00000
vt 0.00000 1.00000
vt 0.00000 1.00000
vt 0.00000 1.00000
vt 0.00000 1.00000
vt 0.00000 1.00000
vt 0.00000 1.00000
vt 0.00000 1.00000
vt 0.00000 1.00000
vt 0.00000 1.00000
vt 0.00000 1.00000
vt 0.00000 1.00000
vt 0.00000 1.00000
vt 0.00000 1.00000
vt 0.00000 1.00000
vt 0.00000 1.00000
vt 0.00000 1.00000
vt 0.00000 1.00000
vt 0.00000 1.00000
vt 0.00000 1.00000
vt 0.00000 1.00000
vt 0.00000 1.00000
vt 0.00000 1.00000
vt 0.00000 1.00000
vt 0.00000 1.00000
vt 0.00000 1.00000
vt 0.00000 1.00000
vt 0.00000 1.00000
vt 0.00000 1.00000
vt 0.00000 1.00000
vt 0.00000 1.00000
vt 0.00000 1.00000
vt 0.00000 1.00000
vt 0.00000 1.00000
vt 0.00000 1.00000
vt 0.00000 1.00000
vt 0.00000 1.00000
vt 0.00000 1.00000
vt 0.00000 1.00000
vt 0.00000 1.00000
vt 0.00000 1.00000
vt 0.00000 1.00000
vt 0.00000 1.00000
vt 0.00000 1.00000
vt 0.00000 1.00000
vt 0.00000 1.00000
vt 0.00000 1.00000
vt 0.00000 1.00000
vt 0.00000 1.00000
vt 0.00000 1.00000
vt 0.00000 1.00000
vt 0.00000 1.00000
vt 0.00000 1.00000
vt 0.00000 1.00000
vt 0.00000 1.00000
vt 0.00000 1.00000
vt 0.00000 1.00000
vt 0.00000 1.00000
vt 0.00000 1.00000
vt 0.00000 1.00000
vt 0.00000 1.00000
vt 0.00000 1.00000
vt 0.00000 1.00000
vt 0.00000 1.00000
vt 0.00000 1.00000
vt 0.00000 1.00000
vt 0.00000 1.00000
vt 0.00000 1.00000
vt 0.00000 1.00000
vt 0.00000 1.00000
vt 0.00000 1.00000
vt 0.00000 1.00000
vt 0.00000 1.00000
vt 0.00000 1.00000
vt 0.00000 1.00000
vt 0.00000 1.00000
vt 0.00000 1.00000
vt 0.00000 1.00000
vt 0.00000 1.00000
vt 0.00000 1.00000
vt 0.00000 1.00000
vt 0.00000 1.00000
vt 0.00000 1.00000
usemtl bark
f 1/1 2/2 3/3
f 4/4 5/5 6/6
f 7/7 8/8 9/9
f 10/10 11/11 12/12
f 13/13 14/14 15/15
f 16/16 17/17 18/18
f 19/19 20/20 21/21
f 22/22 23/23 24/24
f 25/25 26/26 27/27
f 28/28 29/29 30/30
f 31/31 32/32 33/33
f 34/34 35/35 36/36
f 37/37 38/38 39/39
f 40/40 41/41 42/42
f 43/43 44/44 45/45
f 46/46 47/47 48/48
f 49/49 50/50 51/51
f 52/52 53/53 54/54
f 55/55 56/56 57/57
f 58/58 59/59 60/60
f 61/61 62/62 63/63
f 64/64 65/65 66/66
f 67/67 68/68 69/69
f 70/70 71/71 72/72
f 73/73 74/74 75/75
f 76/76 77/77 78/78
f 79/79 80/80 81/81
f 82/82 83/83 84/84
f 85/85 86/86 87/87
f 88/88 89/89 90/90
f 91/91 92/92 93/93
f 94/94 95/95 96/96
f 97/97 98/98 99/99
f 100/100 101/101 102/102
f 103/103 104/104 105/105
f 106/106 107/107 108/108
f 109/109 110/110 111/111
f 112/112 113/113 114/114
f 115/115 116/116 117/117
f 118/118 119/119 120/120
f 121/121 122/122 123/123
f 124/124 125/125 126/126
f 127/127 128/128 129/129
f 130/130 131/131 132/132
f 133/133 134/134 135/135
f 136/136 137/137 138/138
f 139/139 140/140 141/141
f 142/142 143/143 144/144
f 145/145 146/146 147/147
f 148/148 149/149 150/150
f 151/151 152/152 153/153
f 154/154 155/155 156/156
f 157/157 158/158 159/159
f 160/160 161/161 162/162
f 163/163 164/164 165/165
f 166/166 167/167 168/168
f 169/169 170/170 171/171
f 172/172 173/173 174/174
f 175/175 176/176 177/177
f 178/178 179/179 180/180
f 181/181 182/182 183/183
f 184/184 185/185 186/186
f 187/187 188/188 189/189
f 190/190 191/191 192/192
f 193/193 194/194 195/195
f 196/196 197/197 198/198
f 199/199 200/200 201/201
f 202/202 203/203 204/204
f 205/205 206/206 207/207
f 208/208 209/209 210/210
f 211/211 212/212 213/213
f 214/214 215/215 216/216
f 217/217 218/218 219/219
f 220/220 221/221 222/222
f 223/223 224/224 225/225
f 226/226 227/227 228/228
f 229/229 230/230 231/231
f 232/232 233/233 234/234
f 235/235 236/236 237/237
f 238/238 239/239 240/240
f 241/241 242/242 243/243
f 244/244 245/245 246/246
f 247/247 248/248 249/249
f 250/250 251/251 252/252
f 253/253 254/254 255/255
f 256/256 257/257 258/258
f 259/259 260/260 261/261
f 262/262 263/263 264/264
f 265/265 266/266 267/267
f 268/268 269/269 270/270
f 271/271 272/272 273/273
f 274/274 275/275 276/276
f 277/277 278/278 279/279
f 280/280 281/281 282/282
f 283/283 284/284 285/285
f 286/286 287/287 288/288
f 289/289 290/290 291/291
f 292/292 293/293 294/294
f 295/295 296/296 297/297
f 298/298 299/299 300/300
f 301/301 302/302 303/303
f 304/304 305/305 306/306
f 307/307 308/308 309/309
f 310/310 311/311 312/312
f 313/313 314/314 315/315
f 316/316 317/317 318/318
f 319/319 320/320 321/321
f 322/322 323/323 324/324
f 325/325 326/326 327/327
f 328/328 329/329 330/330
f 331/331 332/332 333/333
f 334/334 335/335 336/336
f 337/337 338/338 339/339
f 340/340 341/341 342/342
f 343/343 344/344 345/345
f 346/346 347/347 348/348
f 349/349 350/350 351/351
f 352/352 353/353 354/354
f 355/355 356/356 357/357
f 358/358 359/359 360/360
f 361/361 362/362 363/363
f 364/364 365/365 366/366
f 367/367 368/368 369/369
f 370/370 371/371 372/372
f 373/373 374/374 375/375
f 376/376 377/377 378/378
f 379/379 380/380 381/381
f 382/382 383/383 384/384
f 385/385 386/386 387/387
f 388/388 389/389 390/390
f 391/391 392/392 393/393
f 394/394 395/395 396/396
f 397/397 398/398 399/399
f 400/400 401/401 402/402
f 403/403 404/404 405/405
f 406/406 407/407 408/408
f 409/409 410/410 411/411
f 412/412 413/413 414/414
f 415/415 416/416 417/417
f 418/418 419/419 420/420
f 421/421 422/422 423/423
f 424/424 425/425 426/426
f 427/427 428/428 429/429
f 430/430 431/431 432/432
f 433/433 434/434 435/435
f 436/436 437/437 438/438
f 439/439 440/440 441/441
f 442/442 443/443 444/444
f 445/445 446/446 447/447
f 448/448 449/449 450/450
f 451/451 452/452 453/453
f 454/454 455/455 456/456
f 457/457 458/458 459/459
f 460/460 461/461 462/462
f 463/463 464/464 465/465
f 466/466 467/467 468/468
f 469/469 470/470 471/471
f 472/472 473/473 474/474
f 475/475 476/476 477/477
f 478/478 479/479 480/480
f 481/481 482/482 483/483
f 484/484 485/485 486/486
f 487/487 488/488 489/489
f 490/490 491/491 492/492
f 493/493 494/494 495/495
f 496/496 497/497 498/498
f 499/499 500/500 501/501
f 502/502 503/503 504/504
f 505/505 506/506 507/507
f 508/508 509/509 510/510
f 511/511 512/512 513/513
f 514/514 515/515 516/516
f 517/517 518/518 519/519
f 520/520 521/521 522/522
f 523/523 524/524 525/525
f 526/526 527/527 528/528
f 529/529 530/530 531/531
f 532/532 533/533 534/534
f 535/535 536/536 537/537
f 538/538 539/539 540/540
f 541/541 542/542 543/543
f 544/544 545/545 546/546
f 547/547 548/548 549/549
f 550/550 551/551 552/552
f 553/553 554/554 555/555
f 556/556 557/557 558/558
f 559/559 560/560 561/561
f 562/562 563/563 564/564
f 565/565 566/566 567/567
f 568/568 569/569 570/570
f 571/571 572/572 573/573
f 574/574 575/575 576/576
f 577/577 578/578 579/579
f 580/580 581/581 582/582
f 583/583 584/584 585/585
f 586/586 587/587 588/588
f 589/589 590/590 591/591
f 592/592 593/593 594/594
f 595/595 596/596 597/597
f 598/598 599/599 600/600
f 601/601 602/602 603/603
f 604/604 605/605 606/606
f 607/607 608/608 609/609
f 610/610 611/611 612/612
f 613/613 614/614 615/615
f 616/616 617/617 618/618
f 619/619 620/620 621/621
f 622/622 623/623 624/624
f 625/625 626/626 627/627
f 628/628 629/629 630/630
f 631/631 632/632 633/633
f 634/634 635/635 636/636
f 637/637 638/638 639/639
f 640/640 641/641 642/642
f 643/643 644/644 645/645
f 646/646 647/647 648/648
v -3.4286 15.8121 9.9744
v -3.2727 15.8544 9.3740
v -2.7373 17.4313 9.9462
v -3.2727 15.8544 9.3740
v -2.1377 15.9436 9.2197
v -2.7373 17.4313 9.9462
v -2.1377 15.9436 9.2197
v -1.9794 15.8958 10.3566
v -2.7373 17.4313 9.9462
v -1.9794 15.8958 10.3566
v -3.1143 15.8067 10.5109
v -2.7373 17.4313 9.9462
v -3.1143 15.8067 10.5109
v -3.4286 15.8121 9.9744
v -2.7373 17.4313 9.9462
v -3.4286 15.8121 9.9744
v -2.1377 15.9436 9.2197
v -3.2727 15.8544 9.3740
v -3.4286 15.8121 9.9744
v -1.9794 15.8958 10.3566
v -2.1377 15.9436 9.2197
v -3.4286 15.8121 9.9744
v -3.1143 15.8067 10.5109
v -1.9794 15.8958 10.3566
v -3.3144 16.6035 9.9918
v -2.7699 16.6799 9.2719
v -2.7929 18.2094 9.9867
v -2.7699 16.6799 9.2719
v -2.0489 16.7029 9.8197
v -2.7929 18.2094 9.9867
v -2.0489 16.7029 9.8197
v -2.5934 16.6266 10.5396
v -2.7929 18.2094 9.9867
v -2.5934 16.6266 10.5396
v -3.3144 16.6035 9.9918
v -2.7929 18.2094 9.9867
v -3.3144 16.6035 9.9918
v -2.0489 16.7029 9.8197
v -2.7699 16.6799 9.2719
v -3.3144 16.6035 9.9918
v -2.5934 16.6266 10.5396
v -2.0489 16.7029 9.8197
v -3.0980 17.4198 9.6722
v -2.4649 17.4695 9.5861
v -2.8486 18.9875 10.0271
v -2.4649 17.4695 9.5861
v -2.3766 17.4429 10.2203
v -2.8486 18.9875 10.0271
v -2.3766 17.4429 10.2203
v -3.0097 17.3931 10.3063
v -2.8486 18.9875 10.0271
v -3.0097 17.3931 10.3063
v -3.0980 17.4198 9.6722
v -2.8486 18.9875 10.0271
v -3.0980 17.4198 9.6722
v -2.3766 17.4429 10.2203
v -2.4649 17.4695 9.5861
v -3.0980 17.4198 9.6722
v -3.0097 17.3931 10.3063
v -2.3766 17.4429 10.2203
v -47.0146 14.0138 48.6502
v -46.0871 14.0512 48.9537
v -47.0169 16.4683 49.9253
v -46.0871 14.0512 48.9537
v -45.9489 14.0548 50.7531
v -47.0169 16.4683 49.9253
v -45.9489 14.0548 50.7531
v -47.7468 13.9814 50.8913
v -47.0169 16.4683 49.9253
v -47.7468 13.9814 50.8913
v -47.8850 13.9778 49.0919
v -47.0169 16.4683 49.9253
v -47.8850 13.9778 49.0919
v -47.0146 14.0138 48.6502
v -47.0169 16.4683 49.9253
v -47.0146 14.0138 48.6502
v -45.9489 14.0548 50.7531
v -46.0871 14.0512 48.9537
v -47.0146 14.0138 48.6502
v -47.7468 13.9814 50.8913
v -45.9489 14.0548 50.7531
v -47.0146 14.0138 48.6502
v -47.8850 13.9778 49.0919
v -47.7468 13.9814 50.8913
v -47.0439 15.2403 48.9207
v -45.9645 15.2832 49.8468
v -47.0668 17.6943 49.9267
v -45.9645 15.2832 49.8468
v -46.8898 15.2443 50.9271
v -47.0668 17.6943 49.9267
v -46.8898 15.2443 50.9271
v -47.9693 15.2014 50.0010
v -47.0668 17.6943 49.9267
v -47.9693 15.2014 50.0010
v -47.0439 15.2403 48.9207
v -47.0668 17.6943 49.9267
v -47.0439 15.2403 48.9207
v -46.8898 15.2443 50.9271
v -45.9645 15.2832 49.8468
v -47.0439 15.2403 48.9207
v -47.9693 15.2014 50.0010
v -46.8898 15.2443 50.9271
v -46.5540 16.4878 49.3849
v -46.4769 16.4898 50.3886
v -47.1168 18.9203 49.9281
v -46.4769 16.4898 50.3886
v -47.4797 16.4488 50.4657
v -47.1168 18.9203 49.9281
v -47.4797 16.4488 50.4657
v -47.5568 16.4468 49.4620
v -47.1168 18.9203 49.9281
v -47.5568 16.4468 49.4620
v -46.5540 16.4878 49.3849
v -47.1168 18.9203 49.9281
v -46.5540 16.4878 49.3849
v -47.4797 16.4488 50.4657
v -46.4769 16.4898 50.3886
v -46.5540 16.4878 49.3849
v -47.5568 16.4468 49.4620
v -47.4797 16.4488 50.4657
v 1.4103 16.6020 43.8527
v 1.8163 16.6170 44.8151
v 0.3226 19.1705 44.8384
v 1.8163 16.6170 44.8151
v 0.4626 16.5421 46.1891
v 0.3226 19.1705 44.8384
v 0.4626 16.5421 46.1891
v -0.9100 16.4811 44.8333
v 0.3226 19.1705 44.8384
v -0.9100 16.4811 44.8333
v 0.4437 16.5560 43.4594
v 0.3226 19.1705 44.8384
v 0.4437 16.5560 43.4594
v 1.4103 16.6020 43.8527
v 0.3226 19.1705 44.8384
v 1.4103 16.6020 43.8527
v 0.4626 16.5421 46.1891
v 1.8163 16.6170 44.8151
v 1.4103 16.6020 43.8527
v -0.9100 16.4811 44.8333
v 0.4626 16.5421 46.1891
v 1.4103 16.6020 43.8527
v 0.4437 16.5560 43.4594
v -0.9100 16.4811 44.8333
v 1.1426 17.9015 44.0653
v 1.1531 17.8938 45.5872
v 0.2574 20.4812 44.8455
v 1.1531 17.8938 45.5872
v -0.3669 17.8180 45.5973
v 0.2574 20.4812 44.8455
v -0.3669 17.8180 45.5973
v -0.3774 17.8258 44.0755
v 0.2574 20.4812 44.8455
v -0.3774 17.8258 44.0755
v 1.1426 17.9015 44.0653
v 0.2574 20.4812 44.8455
v 1.1426 17.9015 44.0653
v -0.3669 17.8180 45.5973
v 1.1531 17.8938 45.5872
v 1.1426 17.9015 44.0653
v -0.3774 17.8258 44.0755
v -0.3669 17.8180 45.5973
v 1.0830 19.2084 44.8334
v 0.3279 19.1666 45.5997
v 0.1921 21.7919 44.8526
v 0.3279 19.1666 45.5997
v -0.4377 19.1326 44.8435
v 0.1921 21.7919 44.8526
v -0.4377 19.1326 44.8435
v 0.3174 19.1743 44.0771
v 0.1921 21.7919 44.8526
v 0.3174 19.1743 44.0771
v 1.0830 19.2084 44.8334
v 0.1921 21.7919 44.8526
v 1.0830 19.2084 44.8334
v -0.4377 19.1326 44.8435
v 0.3279 19.1666 45.5997
v 1.0830 19.2084 44.8334
v 0.3174 19.1743 44.0771
v -0.4377 19.1326 44.8435
v -7.5671 16.4359 46.7191
v -7.1851 16.3983 48.0550
v -8.9394 19.9201 47.9325
v -7.1851 16.3983 48.0550
v -9.1962 16.3886 49.6524
v -8.9394 19.9201 47.9325
v -9.1962 16.3886 49.6524
v -10.7932 16.4596 47.6422
v -8.9394 19.9201 47.9325
v -10.7932 16.4596 47.6422
v -8.7821 16.4694 46.0448
v -8.9394 19.9201 47.9325
v -8.7821 16.4694 46.0448
v -7.5671 16.4359 46.7191
v -8.9394 19.9201 47.9325
v -7.5671 16.4359 46.7191
v -9.1962 16.3886 49.6524
v -7.1851 16.3983 48.0550
v -7.5671 16.4359 46.7191
v -10.7932 16.4596 47.6422
v -9.1962 16.3886 49.6524
v -7.5671 16.4359 46.7191
v -8.7821 16.4694 46.0448
v -10.7932 16.4596 47.6422
v -7.8430 18.1800 47.0000
v -8.0739 18.1349 49.0113
v -8.9146 21.6656 47.9745
v -8.0739 18.1349 49.0113
v -10.0855 18.1691 48.7812
v -8.9146 21.6656 47.9745
v -10.0855 18.1691 48.7812
v -9.8547 18.2141 46.7698
v -8.9146 21.6656 47.9745
v -9.8547 18.2141 46.7698
v -7.8430 18.1800 47.0000
v -8.9146 21.6656 47.9745
v -7.8430 18.1800 47.0000
v -10.0855 18.1691 48.7812
v -8.0739 18.1349 49.0113
v -7.8430 18.1800 47.0000
v -9.8547 18.2141 46.7698
v -10.0855 18.1691 48.7812
v -7.9331 19.9030 48.0477
v -9.0549 19.8975 48.9387
v -8.8897 23.4112 48.0164
v -9.0549 19.8975 48.9387
v -9.9457 19.9372 47.8174
v -8.8897 23.4112 48.0164
v -9.9457 19.9372 47.8174
v -8.8239 19.9426 46.9264
v -8.8897 23.4112 48.0164
v -8.8239 19.9426 46.9264
v -7.9331 19.9030 48.0477
v -8.8897 23.4112 48.0164
v -7.9331 19.9030 48.0477
v -9.9457 19.9372 47.8174
v -9.0549 19.8975 48.9387
v -7.9331 19.9030 48.0477
v -8.8239 19.9426 46.9264
v -9.9457 19.9372 47.8174
v -11.9602 15.2805 -24.5318
v -13.1243 15.3067 -24.3394
v -12.7011 18.2813 -25.8040
v -13.1243 15.3067 -24.3394
v -14.2753 15.3582 -26.1910
v -12.7011 18.2813 -25.8040
v -14.2753 15.3582 -26.1910
v -12.4238 15.3271 -27.3429
v -12.7011 18.2813 -25.8040
v -12.4238 15.3271 -27.3429
v -11.2728 15.2756 -25.4912
v -12.7011 18.2813 -25.8040
v -11.2728 15.2756 -25.4912
v -11.9602 15.2805 -24.5318
v -12.7011 18.2813 -25.8040
v -11.9602 15.2805 -24.5318
v -14.2753 15.3582 -26.1910
v -13.1243 15.3067 -24.3394
v -11.9602 15.2805 -24.5318
v -12.4238 15.3271 -27.3429
v -14.2753 15.3582 -26.1910
v -11.9602 15.2805 -24.5318
v -11.2728 15.2756 -25.4912
v -12.4238 15.3271 -27.3429
v -12.0959 16.7704 -24.7902
v -13.7699 16.8164 -25.1804
v -12.6647 19.7635 -25.7854
v -13.7699 16.8164 -25.1804
v -13.3793 16.8278 -26.8549
v -12.6647 19.7635 -25.7854
v -13.3793 16.8278 -26.8549
v -11.7053 16.7817 -26.4647
v -12.6647 19.7635 -25.7854
v -11.7053 16.7817 -26.4647
v -12.0959 16.7704 -24.7902
v -12.6647 19.7635 -25.7854
v -12.0959 16.7704 -24.7902
v -13.3793 16.8278 -26.8549
v -13.7699 16.8164 -25.1804
v -12.0959 16.7704 -24.7902
v -11.7053 16.7817 -26.4647
v -13.3793 16.8278 -26.8549
v -12.8965 18.2756 -24.9663
v -13.5385 18.3043 -25.9992
v -12.6282 21.2457 -25.7669
v -13.5385 18.3043 -25.9992
v -12.5058 18.2870 -26.6417
v -12.6282 21.2457 -25.7669
v -12.5058 18.2870 -26.6417
v -11.8637 18.2582 -25.6088
v -12.6282 21.2457 -25.7669
v -11.8637 18.2582 -25.6088
v -12.8965 18.2756 -24.9663
v -12.6282 21.2457 -25.7669
v -12.8965 18.2756 -24.9663
v -12.5058 18.2870 -26.6417
v -13.5385 18.3043 -25.9992
v -12.8965 18.2756 -24.9663
v -11.8637 18.2582 -25.6088
v -12.5058 18.2870 -26.6417
v -2.2701 15.4950 -50.5543
v -1.5491 15.5701 -50.2183
v -2.5205 17.4879 -49.5122
v -1.5491 15.5701 -50.2183
v -1.6099 15.5645 -48.7432
v -2.5205 17.4879 -49.5122
v -1.6099 15.5645 -48.7432
v -3.0771 15.4120 -48.8042
v -2.5205 17.4879 -49.5122
v -3.0771 15.4120 -48.8042
v -3.0163 15.4176 -50.2793
v -2.5205 17.4879 -49.5122
v -3.0163 15.4176 -50.2793
v -2.2701 15.4950 -50.5543
v -2.5205 17.4879 -49.5122
v -2.2701 15.4950 -50.5543
v -1.6099 15.5645 -48.7432
v -1.5491 15.5701 -50.2183
v -2.2701 15.4950 -50.5543
v -3.0771 15.4120 -48.8042
v -1.6099 15.5645 -48.7432
v -2.2701 15.4950 -50.5543
v -3.0163 15.4176 -50.2793
v -3.0771 15.4120 -48.8042
v -2.3829 16.4926 -50.3341
v -1.5988 16.5745 -49.4777
v -2.6242 18.4863 -49.5126
v -1.5988 16.5745 -49.4777
v -2.4507 16.4863 -48.6893
v -2.6242 18.4863 -49.5126
v -2.4507 16.4863 -48.6893
v -3.2348 16.4045 -49.5457
v -2.6242 18.4863 -49.5126
v -3.2348 16.4045 -49.5457
v -2.3829 16.4926 -50.3341
v -2.6242 18.4863 -49.5126
v -2.3829 16.4926 -50.3341
v -2.4507 16.4863 -48.6893
v -1.5988 16.5745 -49.4777
v -2.3829 16.4926 -50.3341
v -3.2348 16.4045 -49.5457
v -2.4507 16.4863 -48.6893
v -2.0944 17.5320 -49.9065
v -2.1283 17.5288 -49.0837
v -2.7279 19.4847 -49.5131
v -2.1283 17.5288 -49.0837
v -2.9467 17.4438 -49.1178
v -2.7279 19.4847 -49.5131
v -2.9467 17.4438 -49.1178
v -2.9128 17.4469 -49.9406
v -2.7279 19.4847 -49.5131
v -2.9128 17.4469 -49.9406
v -2.0944 17.5320 -49.9065
v -2.7279 19.4847 -49.5131
v -2.0944 17.5320 -49.9065
v -2.9467 17.4438 -49.1178
v -2.1283 17.5288 -49.0837
v -2.0944 17.5320 -49.9065
v -2.9128 17.4469 -49.9406
v -2.9467 17.4438 -49.1178
v 8.9802 17.9828 26.8241
v 9.3074 17.9883 25.7040
v 10.7682 20.7608 26.7524
v 9.3074 17.9883 25.7040
v 11.4413 17.7920 25.4669
v 10.7682 20.7608 26.7524
v 11.4413 17.7920 25.4669
v 11.6709 17.6995 27.6087
v 10.7682 20.7608 26.7524
v 11.6709 17.6995 27.6087
v 9.5369 17.8958 27.8458
v 10.7682 20.7608 26.7524
v 9.5369 17.8958 27.8458
v 8.9802 17.9828 26.8241
v 10.7682 20.7608 26.7524
v 8.9802 17.9828 26.8241
v 11.4413 17.7920 25.4669
v 9.3074 17.9883 25.7040
v 8.9802 17.9828 26.8241
v 11.6709 17.6995 27.6087
v 11.4413 17.7920 25.4669
v 8.9802 17.9828 26.8241
v 9.5369 17.8958 27.8458
v 11.6709 17.6995 27.6087
v 9.4390 19.4118 26.8366
v 10.5007 19.3539 25.5103
v 10.9077 22.2192 26.8005
v 10.5007 19.3539 25.5103
v 11.8184 19.1929 26.5722
v 10.9077 22.2192 26.8005
v 11.8184 19.1929 26.5722
v 10.7566 19.2508 27.8985
v 10.9077 22.2192 26.8005
v 10.7566 19.2508 27.8985
v 9.4390 19.4118 26.8366
v 10.9077 22.2192 26.8005
v 9.4390 19.4118 26.8366
v 11.8184 19.1929 26.5722
v 10.5007 19.3539 25.5103
v 9.4390 19.4118 26.8366
v 10.7566 19.2508 27.8985
v 11.8184 19.1929 26.5722
v 10.1090 20.8414 26.2212
v 11.2993 20.7318 26.0890
v 11.0472 23.6777 26.8485
v 11.2993 20.7318 26.0890
v 11.4273 20.6802 27.2836
v 11.0472 23.6777 26.8485
v 11.4273 20.6802 27.2836
v 10.2371 20.7898 27.4159
v 11.0472 23.6777 26.8485
v 10.2371 20.7898 27.4159
v 10.1090 20.8414 26.2212
v 11.0472 23.6777 26.8485
v 10.1090 20.8414 26.2212
v 11.4273 20.6802 27.2836
v 11.2993 20.7318 26.0890
v 10.1090 20.8414 26.2212
v 10.2371 20.7898 27.4159
v 11.4273 20.6802 27.2836
v 1.2394 15.7888 -48.2340
v 1.9981 15.8760 -47.4165
v 0.3419 18.5323 -46.9281
v 1.9981 15.8760 -47.4165
v 1.1454 15.8027 -45.5349
v 0.3419 18.5323 -46.9281
v 1.1454 15.8027 -45.5349
v -0.7252 15.5980 -46.3905
v 0.3419 18.5323 -46.9281
v -0.7252 15.5980 -46.3905
v 0.1276 15.6713 -48.2722
v 0.3419 18.5323 -46.9281
v 0.1276 15.6713 -48.2722
v 1.2394 15.7888 -48.2340
v 0.3419 18.5323 -46.9281
v 1.2394 15.7888 -48.2340
v 1.1454 15.8027 -45.5349
v 1.9981 15.8760 -47.4165
v 1.2394 15.7888 -48.2340
v -0.7252 15.5980 -46.3905
v 1.1454 15.8027 -45.5349
v 1.2394 15.7888 -48.2340
v 0.1276 15.6713 -48.2722
v -0.7252 15.5980 -46.3905
v 0.9646 17.1755 -47.9649
v 1.5321 17.2488 -46.4388
v 0.1946 19.9300 -46.9404
v 1.5321 17.2488 -46.4388
v 0.0138 17.0938 -45.8668
v 0.1946 19.9300 -46.9404
v 0.0138 17.0938 -45.8668
v -0.5537 17.0206 -47.3929
v 0.1946 19.9300 -46.9404
v -0.5537 17.0206 -47.3929
v 0.9646 17.1755 -47.9649
v 0.1946 19.9300 -46.9404
v 0.9646 17.1755 -47.9649
v 0.0138 17.0938 -45.8668
v 1.5321 17.2488 -46.4388
v 0.9646 17.1755 -47.9649
v -0.5537 17.0206 -47.3929
v 0.0138 17.0938 -45.8668
v 1.1014 18.6099 -47.2143
v 0.6258 18.5690 -46.1647
v 0.0473 21.3277 -46.9527
v 0.6258 18.5690 -46.1647
v -0.4176 18.4548 -46.6420
v 0.0473 21.3277 -46.9527
v -0.4176 18.4548 -46.6420
v 0.0580 18.4957 -47.6916
v 0.0473 21.3277 -46.9527
v 0.0580 18.4957 -47.6916
v 1.1014 18.6099 -47.2143
v 0.0473 21.3277 -46.9527
v 1.1014 18.6099 -47.2143
v -0.4176 18.4548 -46.6420
v 0.6258 18.5690 -46.1647
v 1.1014 18.6099 -47.2143
v 0.0580 18.4957 -47.6916
v -0.4176 18.4548 -46.6420
v -9.3195 15.9460 46.5846
v -9.3715 15.9213 45.6830
v -8.4083 18.2682 46.0158
v -9.3715 15.9213 45.6830
v -7.8718 16.0030 44.9541
v -8.4083 18.2682 46.0158
v -7.8718 16.0030 44.9541
v -7.1467 16.0862 46.4555
v -8.4083 18.2682 46.0158
v -7.1467 16.0862 46.4555
v -8.6463 16.0045 47.1843
v -8.4083 18.2682 46.0158
v -8.6463 16.0045 47.1843
v -9.3195 15.9460 46.5846
v -8.4083 18.2682 46.0158
v -9.3195 15.9460 46.5846
v -7.8718 16.0030 44.9541
v -9.3715 15.9213 45.6830
v -9.3195 15.9460 46.5846
v -7.1467 16.0862 46.4555
v -7.8718 16.0030 44.9541
v -9.3195 15.9460 46.5846
v -8.6463 16.0045 47.1843
v -7.1467 16.0862 46.4555
v -9.1698 17.0905 46.4489
v -8.7380 17.0896 45.2055
v -8.4829 19.4005 45.9891
v -8.7380 17.0896 45.2055
v -7.4976 17.1815 45.6362
v -8.4829 19.4005 45.9891
v -7.4976 17.1815 45.6362
v -7.9294 17.1824 46.8796
v -8.4829 19.4005 45.9891
v -7.9294 17.1824 46.8796
v -9.1698 17.0905 46.4489
v -8.4829 19.4005 45.9891
v -9.1698 17.0905 46.4489
v -7.4976 17.1815 45.6362
v -8.7380 17.0896 45.2055
v -9.1698 17.0905 46.4489
v -7.9294 17.1824 46.8796
v -7.4976 17.1815 45.6362
v -9.0288 18.2222 45.8004
v -8.1923 18.2678 45.3938
v -8.5576 20.5327 45.9624
v -8.1923 18.2678 45.3938
v -7.7878 18.3142 46.2313
v -8.5576 20.5327 45.9624
v -7.7878 18.3142 46.2313
v -8.6243 18.2687 46.6378
v -8.5576 20.5327 45.9624
v -8.6243 18.2687 46.6378
v -9.0288 18.2222 45.8004
v -8.5576 20.5327 45.9624
v -9.0288 18.2222 45.8004
v -7.7878 18.3142 46.2313
v -8.1923 18.2678 45.3938
v -9.0288 18.2222 45.8004
v -8.6243 18.2687 46.6378
v -7.7878 18.3142 46.2313
v -45.5045 15.2185 35.5687
v -46.8083 15.3683 35.0144
v -45.0834 18.7741 33.7089
v -46.8083 15.3683 35.0144
v -46.7900 15.3674 32.3820
v -45.0834 18.7741 33.7089
v -46.7900 15.3674 32.3820
v -44.1747 15.0672 32.4003
v -45.0834 18.7741 33.7089
v -44.1747 15.0672 32.4003
v -44.1931 15.0682 35.0327
v -45.0834 18.7741 33.7089
v -44.1931 15.0682 35.0327
v -45.5045 15.2185 35.5687
v -45.0834 18.7741 33.7089
v -45.5045 15.2185 35.5687
v -46.7900 15.3674 32.3820
v -46.8083 15.3683 35.0144
v -45.5045 15.2185 35.5687
v -44.1747 15.0672 32.4003
v -46.7900 15.3674 32.3820
v -45.5045 15.2185 35.5687
v -44.1931 15.0682 35.0327
v -44.1747 15.0672 32.4003
v -45.2977 16.9965 35.1758
v -46.7455 17.1633 33.6979
v -44.8793 20.5523 33.7097
v -46.7455 17.1633 33.6979
v -45.2773 16.9954 32.2405
v -44.8793 20.5523 33.7097
v -45.2773 16.9954 32.2405
v -43.8294 16.8286 33.7183
v -44.8793 20.5523 33.7097
v -43.8294 16.8286 33.7183
v -45.2977 16.9965 35.1758
v -44.8793 20.5523 33.7097
v -45.2977 16.9965 35.1758
v -45.2773 16.9954 32.2405
v -46.7455 17.1633 33.6979
v -45.2977 16.9965 35.1758
v -43.8294 16.8286 33.7183
v -45.2773 16.9954 32.2405
v -45.8179 18.8581 34.4380
v -45.8077 18.8576 32.9696
v -44.6753 22.3305 33.7104
v -45.8077 18.8576 32.9696
v -44.3489 18.6902 32.9798
v -44.6753 22.3305 33.7104
v -44.3489 18.6902 32.9798
v -44.3591 18.6907 34.4482
v -44.6753 22.3305 33.7104
v -44.3591 18.6907 34.4482
v -45.8179 18.8581 34.4380
v -44.6753 22.3305 33.7104
v -45.8179 18.8581 34.4380
v -44.3489 18.6902 32.9798
v -45.8077 18.8576 32.9696
v -45.8179 18.8581 34.4380
v -44.3591 18.6907 34.4482
v -44.3489 18.6902 32.9798
v -39.9037 13.6679 -48.5759
v -40.4466 13.6703 -48.3715
v -40.4377 15.0960 -49.1881
v -40.4466 13.6703 -48.3715
v -41.1792 13.6303 -49.1531
v -40.4377 15.0960 -49.1881
v -41.1792 13.6303 -49.1531
v -40.3967 13.6089 -49.8855
v -40.4377 15.0960 -49.1881
v -40.3967 13.6089 -49.8855
v -39.6641 13.6490 -49.1039
v -40.4377 15.0960 -49.1881
v -39.6641 13.6490 -49.1039
v -39.9037 13.6679 -48.5759
v -40.4377 15.0960 -49.1881
v -39.9037 13.6679 -48.5759
v -41.1792 13.6303 -49.1531
v -40.4466 13.6703 -48.3715
v -39.9037 13.6679 -48.5759
v -40.3967 13.6089 -49.8855
v -41.1792 13.6303 -49.1531
v -39.9037 13.6679 -48.5759
v -39.6641 13.6490 -49.1039
v -40.3967 13.6089 -49.8855
v -40.0213 14.3901 -48.7226
v -40.8660 14.3797 -48.7500
v -40.4457 15.8242 -49.2179
v -40.8660 14.3797 -48.7500
v -40.8382 14.3455 -49.5940
v -40.4457 15.8242 -49.2179
v -40.8382 14.3455 -49.5940
v -39.9934 14.3559 -49.5666
v -40.4457 15.8242 -49.2179
v -39.9934 14.3559 -49.5666
v -40.0213 14.3901 -48.7226
v -40.4457 15.8242 -49.2179
v -40.0213 14.3901 -48.7226
v -40.8382 14.3455 -49.5940
v -40.8660 14.3797 -48.7500
v -40.0213 14.3901 -48.7226
v -39.9934 14.3559 -49.5666
v -40.8382 14.3455 -49.5940
v -40.4516 15.1131 -48.7659
v -40.8603 15.0908 -49.2018
v -40.4537 16.5524 -49.2477
v -40.8603 15.0908 -49.2018
v -40.4238 15.0789 -49.6103
v -40.4537 16.5524 -49.2477
v -40.4238 15.0789 -49.6103
v -40.0152 15.1012 -49.1744
v -40.4537 16.5524 -49.2477
v -40.0152 15.1012 -49.1744
v -40.4516 15.1131 -48.7659
v -40.4537 16.5524 -49.2477
v -40.4516 15.1131 -48.7659
v -40.4238 15.0789 -49.6103
v -40.8603 15.0908 -49.2018
v -40.4516 15.1131 -48.7659
v -40.0152 15.1012 -49.1744
v -40.4238 15.0789 -49.6103
v -16.6172 14.7444 -37.7507
v -15.6123 14.7568 -37.7934
v -16.0906 17.2398 -36.4816
v -15.6123 14.7568 -37.7934
v -14.8282 14.7135 -36.1089
v -16.0906 17.2398 -36.4816
v -14.8282 14.7135 -36.1089
v -16.5132 14.6707 -35.3256
v -16.0906 17.2398 -36.4816
v -16.5132 14.6707 -35.3256
v -17.2973 14.7140 -37.0102
v -16.0906 17.2398 -36.4816
v -17.2973 14.7140 -37.0102
v -16.6172 14.7444 -37.7507
v -16.0906 17.2398 -36.4816
v -16.6172 14.7444 -37.7507
v -14.8282 14.7135 -36.1089
v -15.6123 14.7568 -37.7934
v -16.6172 14.7444 -37.7507
v -16.5132 14.6707 -35.3256
v -14.8282 14.7135 -36.1089
v -16.6172 14.7444 -37.7507
v -17.2973 14.7140 -37.0102
v -16.5132 14.6707 -35.3256
v -16.5138 16.0009 -37.4597
v -15.1373 16.0006 -36.9572
v -16.1045 18.5028 -36.4426
v -15.1373 16.0006 -36.9572
v -15.6395 15.9526 -35.5814
v -16.1045 18.5028 -36.4426
v -15.6395 15.9526 -35.5814
v -17.0161 15.9529 -36.0839
v -16.1045 18.5028 -36.4426
v -17.0161 15.9529 -36.0839
v -16.5138 16.0009 -37.4597
v -16.1045 18.5028 -36.4426
v -16.5138 16.0009 -37.4597
v -15.6395 15.9526 -35.5814
v -15.1373 16.0006 -36.9572
v -16.5138 16.0009 -37.4597
v -17.0161 15.9529 -36.0839
v -15.6395 15.9526 -35.5814
v -15.8394 17.2638 -37.1699
v -15.4020 17.2396 -36.2302
v -16.1185 19.7658 -36.4037
v -15.4020 17.2396 -36.2302
v -16.3418 17.2158 -35.7934
v -16.1185 19.7658 -36.4037
v -16.3418 17.2158 -35.7934
v -16.7792 17.2399 -36.7330
v -16.1185 19.7658 -36.4037
v -16.7792 17.2399 -36.7330
v -15.8394 17.2638 -37.1699
v -16.1185 19.7658 -36.4037
v -15.8394 17.2638 -37.1699
v -16.3418 17.2158 -35.7934
v -15.4020 17.2396 -36.2302
v -15.8394 17.2638 -37.1699
v -16.7792 17.2399 -36.7330
v -16.3418 17.2158 -35.7934
v -26.0584 14.9583 -44.6116
v -25.6157 14.8496 -45.8964
v -24.1971 18.3212 -44.9781
v -25.6157 14.8496 -45.8964
v -23.1021 14.7763 -46.0471
v -24.1971 18.3212 -44.9781
v -23.1021 14.7763 -46.0471
v -22.9464 14.9634 -43.5397
v -24.1971 18.3212 -44.9781
v -22.9464 14.9634 -43.5397
v -25.4600 15.0367 -43.3891
v -24.1971 18.3212 -44.9781
v -25.4600 15.0367 -43.3891
v -26.0584 14.9583 -44.6116
v -24.1971 18.3212 -44.9781
v -26.0584 14.9583 -44.6116
v -23.1021 14.7763 -46.0471
v -25.6157 14.8496 -45.8964
v -26.0584 14.9583 -44.6116
v -22.9464 14.9634 -43.5397
v -23.1021 14.7763 -46.0471
v -26.0584 14.9583 -44.6116
v -25.4600 15.0367 -43.3891
v -22.9464 14.9634 -43.5397
v -25.6404 16.6547 -44.7641
v -24.3259 16.5095 -46.2460
v -24.1551 20.0285 -45.1082
v -24.3259 16.5095 -46.2460
v -22.8377 16.5730 -44.9321
v -24.1551 20.0285 -45.1082
v -22.8377 16.5730 -44.9321
v -24.1523 16.7182 -43.4502
v -24.1551 20.0285 -45.1082
v -24.1523 16.7182 -43.4502
v -25.6404 16.6547 -44.7641
v -24.1551 20.0285 -45.1082
v -25.6404 16.6547 -44.7641
v -22.8377 16.5730 -44.9321
v -24.3259 16.5095 -46.2460
v -25.6404 16.6547 -44.7641
v -24.1523 16.7182 -43.4502
v -22.8377 16.5730 -44.9321
v -24.9415 18.2894 -45.6354
v -23.5395 18.2485 -45.7194
v -24.1131 21.7358 -45.2382
v -23.5395 18.2485 -45.7194
v -23.4526 18.3529 -44.3209
v -24.1131 21.7358 -45.2382
v -23.4526 18.3529 -44.3209
v -24.8547 18.3938 -44.2368
v -24.1131 21.7358 -45.2382
v -24.8547 18.3938 -44.2368
v -24.9415 18.2894 -45.6354
v -24.1131 21.7358 -45.2382
v -24.9415 18.2894 -45.6354
v -23.4526 18.3529 -44.3209
v -23.5395 18.2485 -45.7194
v -24.9415 18.2894 -45.6354
v -24.8547 18.3938 -44.2368
v -23.4526 18.3529 -44.3209
v 0.7340 15.0896 -40.1755
v 0.1845 15.1544 -40.6301
v 1.2059 16.8533 -41.0584
v 0.1845 15.1544 -40.6301
v 0.5679 15.1200 -41.8961
v 1.2059 16.8533 -41.0584
v 0.5679 15.1200 -41.8961
v 1.8257 14.9761 -41.5112
v 1.2059 16.8533 -41.0584
v 1.8257 14.9761 -41.5112
v 1.4423 15.0105 -40.2453
v 1.2059 16.8533 -41.0584
v 1.4423 15.0105 -40.2453
v 0.7340 15.0896 -40.1755
v 1.2059 16.8533 -41.0584
v 0.7340 15.0896 -40.1755
v 0.5679 15.1200 -41.8961
v 0.1845 15.1544 -40.6301
v 0.7340 15.0896 -40.1755
v 1.8257 14.9761 -41.5112
v 0.5679 15.1200 -41.8961
v 0.7340 15.0896 -40.1755
v 1.4423 15.0105 -40.2453
v 1.8257 14.9761 -41.5112
v 0.8918 15.9784 -40.3587
v 0.4043 16.0395 -41.2791
v 1.3063 17.7473 -41.0523
v 0.4043 16.0395 -41.2791
v 1.3193 15.9401 -41.7703
v 1.3063 17.7473 -41.0523
v 1.3193 15.9401 -41.7703
v 1.8068 15.8790 -40.8500
v 1.3063 17.7473 -41.0523
v 1.8068 15.8790 -40.8500
v 0.8918 15.9784 -40.3587
v 1.3063 17.7473 -41.0523
v 0.8918 15.9784 -40.3587
v 1.3193 15.9401 -41.7703
v 0.4043 16.0395 -41.2791
v 0.8918 15.9784 -40.3587
v 1.8068 15.8790 -40.8500
v 1.3193 15.9401 -41.7703
v 0.7482 16.9030 -40.8127
v 0.9621 16.8838 -41.5188
v 1.4067 18.6413 -41.0462
v 0.9621 16.8838 -41.5188
v 1.6636 16.8035 -41.3041
v 1.4067 18.6413 -41.0462
v 1.6636 16.8035 -41.3041
v 1.4498 16.8227 -40.5980
v 1.4067 18.6413 -41.0462
v 1.4498 16.8227 -40.5980
v 0.7482 16.9030 -40.8127
v 1.4067 18.6413 -41.0462
v 0.7482 16.9030 -40.8127
v 1.6636 16.8035 -41.3041
v 0.9621 16.8838 -41.5188
v 0.7482 16.9030 -40.8127
v 1.4498 16.8227 -40.5980
v 1.6636 16.8035 -41.3041
v -22.4275 15.5871 28.2549
v -22.9711 15.6951 27.3301
v -21.2458 18.2126 27.2386
v -22.9711 15.6951 27.3301
v -21.7831 15.6111 25.7332
v -21.2458 18.2126 27.2386
v -21.7831 15.6111 25.7332
v -20.2038 15.3602 26.9213
v -21.2458 18.2126 27.2386
v -20.2038 15.3602 26.9213
v -21.3918 15.4442 28.5182
v -21.2458 18.2126 27.2386
v -21.3918 15.4442 28.5182
v -22.4275 15.5871 28.2549
v -21.2458 18.2126 27.2386
v -22.4275 15.5871 28.2549
v -21.7831 15.6111 25.7332
v -22.9711 15.6951 27.3301
v -22.4275 15.5871 28.2549
v -20.2038 15.3602 26.9213
v -21.7831 15.6111 25.7332
v -22.4275 15.5871 28.2549
v -21.3918 15.4442 28.5182
v -20.2038 15.3602 26.9213
v -22.0790 16.9170 28.0724
v -22.2971 17.0100 26.5197
v -21.0750 19.5550 27.2950
v -22.2971 17.0100 26.5197
v -20.7543 16.8233 26.2918
v -21.0750 19.5550 27.2950
v -20.7543 16.8233 26.2918
v -20.5361 16.7302 27.8445
v -21.0750 19.5550 27.2950
v -20.5361 16.7302 27.8445
v -22.0790 16.9170 28.0724
v -21.0750 19.5550 27.2950
v -22.0790 16.9170 28.0724
v -20.7543 16.8233 26.2918
v -22.2971 17.0100 26.5197
v -22.0790 16.9170 28.0724
v -20.5361 16.7302 27.8445
v -20.7543 16.8233 26.2918
v -22.0176 18.3060 27.3526
v -21.3549 18.2591 26.4619
v -20.9042 20.8975 27.3515
v -21.3549 18.2591 26.4619
v -20.4740 18.1192 27.1246
v -20.9042 20.8975 27.3515
v -20.4740 18.1192 27.1246
v -21.1367 18.1660 28.0153
v -20.9042 20.8975 27.3515
v -21.1367 18.1660 28.0153
v -22.0176 18.3060 27.3526
v -20.9042 20.8975 27.3515
v -22.0176 18.3060 27.3526
v -20.4740 18.1192 27.1246
v -21.3549 18.2591 26.4619
v -22.0176 18.3060 27.3526
v -21.1367 18.1660 28.0153
v -20.4740 18.1192 27.1246
v -27.8662 14.8792 42.5110
v -27.1486 14.9227 42.3092
v -27.3492 16.7414 43.3696
v -27.1486 14.9227 42.3092
v -26.2938 14.9089 43.3923
v -27.3492 16.7414 43.3696
v -26.2938 14.9089 43.3923
v -27.3750 14.8162 44.2444
v -27.3492 16.7414 43.3696
v -27.3750 14.8162 44.2444
v -28.2298 14.8300 43.1614
v -27.3492 16.7414 43.3696
v -28.2298 14.8300 43.1614
v -27.8662 14.8792 42.5110
v -27.3492 16.7414 43.3696
v -27.8662 14.8792 42.5110
v -26.2938 14.9089 43.3923
v -27.1486 14.9227 42.3092
v -27.8662 14.8792 42.5110
v -27.3750 14.8162 44.2444
v -26.2938 14.9089 43.3923
v -27.8662 14.8792 42.5110
v -28.2298 14.8300 43.1614
v -27.3750 14.8162 44.2444
v -27.7821 15.8131 42.7194
v -26.7027 15.8571 42.8481
v -27.3929 17.6773 43.4160
v -26.7027 15.8571 42.8481
v -26.8290 15.7977 43.9270
v -27.3929 17.6773 43.4160
v -26.8290 15.7977 43.9270
v -27.9083 15.7537 43.7983
v -27.3929 17.6773 43.4160
v -27.9083 15.7537 43.7983
v -27.7821 15.8131 42.7194
v -27.3929 17.6773 43.4160
v -27.7821 15.8131 42.7194
v -26.8290 15.7977 43.9270
v -26.7027 15.8571 42.8481
v -27.7821 15.8131 42.7194
v -27.9083 15.7537 43.7983
v -26.8290 15.7977 43.9270
v -27.2861 16.7711 42.8299
v -26.8093 16.7634 43.4340
v -27.4366 18.6133 43.4624
v -26.8093 16.7634 43.4340
v -27.4124 16.7117 43.9093
v -27.4366 18.6133 43.4624
v -27.4124 16.7117 43.9093
v -27.8892 16.7193 43.3052
v -27.4366 18.6133 43.4624
v -27.8892 16.7193 43.3052
v -27.2861 16.7711 42.8299
v -27.4366 18.6133 43.4624
v -27.2861 16.7711 42.8299
v -27.4124 16.7117 43.9093
v -26.8093 16.7634 43.4340
v -27.2861 16.7711 42.8299
v -27.8892 16.7193 43.3052
v -27.4124 16.7117 43.9093
v -0.4310 17.1802 27.4511
v 0.5381 17.1217 27.4653
v 0.1851 19.6043 28.5932
v 0.5381 17.1217 27.4653
v 1.2007 17.1067 29.1323
v 0.1851 19.6043 28.5932
v 1.2007 17.1067 29.1323
v -0.4629 17.2175 29.7946
v 0.1851 19.6043 28.5932
v -0.4629 17.2175 29.7946
v -1.1255 17.2325 28.1275
v 0.1851 19.6043 28.5932
v -1.1255 17.2325 28.1275
v -0.4310 17.1802 27.4511
v 0.1851 19.6043 28.5932
v -0.4310 17.1802 27.4511
v 1.2007 17.1067 29.1323
v 0.5381 17.1217 27.4653
v -0.4310 17.1802 27.4511
v -0.4629 17.2175 29.7946
v 1.2007 17.1067 29.1323
v -0.4310 17.1802 27.4511
v -1.1255 17.2325 28.1275
v -0.4629 17.2175 29.7946
v -0.2581 18.3953 27.6821
v 1.0388 18.3252 28.2423
v 0.2589 20.8217 28.5748
v 1.0388 18.3252 28.2423
v 0.4808 18.3786 29.5410
v 0.2589 20.8217 28.5748
v 0.4808 18.3786 29.5410
v -0.8162 18.4487 28.9808
v 0.2589 20.8217 28.5748
v -0.8162 18.4487 28.9808
v -0.2581 18.3953 27.6821
v 0.2589 20.8217 28.5748
v -0.2581 18.3953 27.6821
v 0.4808 18.3786 29.5410
v 1.0388 18.3252 28.2423
v -0.2581 18.3953 27.6821
v -0.8162 18.4487 28.9808
v 0.4808 18.3786 29.5410
v 0.4643 19.5776 27.9435
v 0.8339 19.5692 28.8734
v 0.3326 22.0390 28.5564
v 0.8339 19.5692 28.8734
v -0.0941 19.6310 29.2428
v 0.3326 22.0390 28.5564
v -0.0941 19.6310 29.2428
v -0.4637 19.6394 28.3130
v 0.3326 22.0390 28.5564
v -0.4637 19.6394 28.3130
v 0.4643 19.5776 27.9435
v 0.3326 22.0390 28.5564
v 0.4643 19.5776 27.9435
v -0.0941 19.6310 29.2428
v 0.8339 19.5692 28.8734
v 0.4643 19.5776 27.9435
v -0.4637 19.6394 28.3130
v -0.0941 19.6310 29.2428
v 5.7096 16.8536 40.8993
v 5.2537 16.8373 41.9201
v 4.4398 19.7532 40.9909
v 5.2537 16.8373 41.9201
v 3.1929 16.9775 41.8680
v 4.4398 19.7532 40.9909
v 3.1929 16.9775 41.8680
v 3.2513 17.0683 39.8046
v 4.4398 19.7532 40.9909
v 3.2513 17.0683 39.8046
v 5.3121 16.9281 39.8568
v 4.4398 19.7532 40.9909
v 5.3121 16.9281 39.8568
v 5.7096 16.8536 40.8993
v 4.4398 19.7532 40.9909
v 5.7096 16.8536 40.8993
v 3.1929 16.9775 41.8680
v 5.2537 16.8373 41.9201
v 5.7096 16.8536 40.8993
v 3.2513 17.0683 39.8046
v 3.1929 16.9775 41.8680
v 5.7096 16.8536 40.8993
v 5.3121 16.9281 39.8568
v 3.2513 17.0683 39.8046
v 5.4951 18.2748 40.9557
v 4.3136 18.3024 42.0770
v 4.5335 21.1534 41.0551
v 4.3136 18.3024 42.0770
v 3.1972 18.4312 40.8976
v 4.5335 21.1534 41.0551
v 3.1972 18.4312 40.8976
v 4.3787 18.4036 39.7763
v 4.5335 21.1534 41.0551
v 4.3787 18.4036 39.7763
v 5.4951 18.2748 40.9557
v 4.5335 21.1534 41.0551
v 5.4951 18.2748 40.9557
v 3.1972 18.4312 40.8976
v 4.3136 18.3024 42.0770
v 5.4951 18.2748 40.9557
v 4.3787 18.4036 39.7763
v 3.1972 18.4312 40.8976
v 4.9983 19.6888 41.5809
v 3.8488 19.7670 41.5518
v 4.6271 22.5536 41.1194
v 3.8488 19.7670 41.5518
v 3.8814 19.8176 40.4009
v 4.6271 22.5536 41.1194
v 3.8814 19.8176 40.4009
v 5.0308 19.7394 40.4300
v 4.6271 22.5536 41.1194
v 5.0308 19.7394 40.4300
v 4.9983 19.6888 41.5809
v 4.6271 22.5536 41.1194
v 4.9983 19.6888 41.5809
v 3.8814 19.8176 40.4009
v 3.8488 19.7670 41.5518
v 4.9983 19.6888 41.5809
v 5.0308 19.7394 40.4300
v 3.8814 19.8176 40.4009
v -36.5504 14.5757 45.0312
v -36.9206 14.6031 44.2025
v -35.6103 16.8157 44.1880
v -36.9206 14.6031 44.2025
v -35.7695 14.5496 42.9830
v -35.6103 16.8157 44.1880
v -35.7695 14.5496 42.9830
v -34.5524 14.4725 44.1353
v -35.6103 16.8157 44.1880
v -34.5524 14.4725 44.1353
v -35.7035 14.5261 45.3547
v -35.6103 16.8157 44.1880
v -35.7035 14.5261 45.3547
v -36.5504 14.5757 45.0312
v -35.6103 16.8157 44.1880
v -36.5504 14.5757 45.0312
v -35.7695 14.5496 42.9830
v -36.9206 14.6031 44.2025
v -36.5504 14.5757 45.0312
v -34.5524 14.4725 44.1353
v -35.7695 14.5496 42.9830
v -36.5504 14.5757 45.0312
v -35.7035 14.5261 45.3547
v -34.5524 14.4725 44.1353
v -36.3152 15.7066 44.8583
v -36.3520 15.7198 43.5360
v -35.5473 17.9547 44.1976
v -36.3520 15.7198 43.5360
v -35.0317 15.6469 43.4986
v -35.5473 17.9547 44.1976
v -35.0317 15.6469 43.4986
v -34.9949 15.6338 44.8208
v -35.5473 17.9547 44.1976
v -34.9949 15.6338 44.8208
v -36.3152 15.7066 44.8583
v -35.5473 17.9547 44.1976
v -36.3152 15.7066 44.8583
v -35.0317 15.6469 43.4986
v -36.3520 15.7198 43.5360
v -36.3152 15.7066 44.8583
v -34.9949 15.6338 44.8208
v -35.0317 15.6469 43.4986
v -36.2708 16.8521 44.2067
v -35.6288 16.8223 43.5265
v -35.4842 19.0936 44.2071
v -35.6288 16.8223 43.5265
v -34.9499 16.7793 44.1693
v -35.4842 19.0936 44.2071
v -34.9499 16.7793 44.1693
v -35.5919 16.8091 44.8495
v -35.4842 19.0936 44.2071
v -35.5919 16.8091 44.8495
v -36.2708 16.8521 44.2067
v -35.4842 19.0936 44.2071
v -36.2708 16.8521 44.2067
v -34.9499 16.7793 44.1693
v -35.6288 16.8223 43.5265
v -36.2708 16.8521 44.2067
v -35.5919 16.8091 44.8495
v -34.9499 16.7793 44.1693
v -32.4131 14.9330 50.2291
v -33.4062 14.8549 49.8397
v -32.6535 17.6121 48.8360
v -33.4062 14.8549 49.8397
v -33.4460 14.8548 47.8637
v -32.6535 17.6121 48.8360
v -33.4460 14.8548 47.8637
v -31.4762 15.0110 47.8240
v -32.6535 17.6121 48.8360
v -31.4762 15.0110 47.8240
v -31.4364 15.0111 49.8000
v -32.6535 17.6121 48.8360
v -31.4364 15.0111 49.8000
v -32.4131 14.9330 50.2291
v -32.6535 17.6121 48.8360
v -32.4131 14.9330 50.2291
v -33.4460 14.8548 47.8637
v -33.4062 14.8549 49.8397
v -32.4131 14.9330 50.2291
v -31.4762 15.0110 47.8240
v -33.4460 14.8548 47.8637
v -32.4131 14.9330 50.2291
v -31.4364 15.0111 49.8000
v -31.4762 15.0110 47.8240
v -32.5252 16.2726 49.9356
v -33.6456 16.1854 48.8560
v -32.7597 18.9517 48.8380
v -33.6456 16.1854 48.8560
v -32.5695 16.2725 47.7322
v -32.7597 18.9517 48.8380
v -32.5695 16.2725 47.7322
v -31.4491 16.3596 48.8118
v -32.7597 18.9517 48.8380
v -31.4491 16.3596 48.8118
v -32.5252 16.2726 49.9356
v -32.7597 18.9517 48.8380
v -32.5252 16.2726 49.9356
v -32.5695 16.2725 47.7322
v -33.6456 16.1854 48.8560
v -32.5252 16.2726 49.9356
v -31.4491 16.3596 48.8118
v -32.5695 16.2725 47.7322
v -33.1918 17.5686 49.3981
v -33.2140 17.5685 48.2959
v -32.8658 20.2912 48.8401
v -33.2140 17.5685 48.2959
v -32.1152 17.6556 48.2738
v -32.8658 20.2912 48.8401
v -32.1152 17.6556 48.2738
v -32.0930 17.6557 49.3760
v -32.8658 20.2912 48.8401
v -32.0930 17.6557 49.3760
v -33.1918 17.5686 49.3981
v -32.8658 20.2912 48.8401
v -33.1918 17.5686 49.3981
v -32.1152 17.6556 48.2738
v -33.2140 17.5685 48.2959
v -33.1918 17.5686 49.3981
v -32.0930 17.6557 49.3760
v -32.1152 17.6556 48.2738
v -17.6131 15.4992 46.5512
v -18.5328 15.4696 46.5056
v -18.0969 17.8338 45.4913
v -18.5328 15.4696 46.5056
v -19.1069 15.5010 44.9032
v -18.0969 17.8338 45.4913
v -19.1069 15.5010 44.9032
v -17.5052 15.5730 44.3308
v -18.0969 17.8338 45.4913
v -17.5052 15.5730 44.3308
v -16.9311 15.5417 45.9332
v -18.0969 17.8338 45.4913
v -16.9311 15.5417 45.9332
v -17.6131 15.4992 46.5512
v -18.0969 17.8338 45.4913
v -17.6131 15.4992 46.5512
v -19.1069 15.5010 44.9032
v -18.5328 15.4696 46.5056
v -17.6131 15.4992 46.5512
v -17.5052 15.5730 44.3308
v -19.1069 15.5010 44.9032
v -17.6131 15.4992 46.5512
v -16.9311 15.5417 45.9332
v -17.5052 15.5730 44.3308
v -17.7379 16.6601 46.3481
v -18.9509 16.6374 45.7739
v -18.1358 18.9901 45.5278
v -18.9509 16.6374 45.7739
v -18.3780 16.6950 44.5614
v -18.1358 18.9901 45.5278
v -18.3780 16.6950 44.5614
v -17.1650 16.7177 45.1356
v -18.1358 18.9901 45.5278
v -17.1650 16.7177 45.1356
v -17.7379 16.6601 46.3481
v -18.1358 18.9901 45.5278
v -17.7379 16.6601 46.3481
v -18.3780 16.6950 44.5614
v -18.9509 16.6374 45.7739
v -17.7379 16.6601 46.3481
v -17.1650 16.7177 45.1356
v -18.3780 16.6950 44.5614
v -18.3835 17.8050 46.0978
v -18.7037 17.8225 45.2040
v -18.1747 20.1463 45.5644
v -18.7037 17.8225 45.2040
v -17.8103 17.8626 44.8847
v -18.1747 20.1463 45.5644
v -17.8103 17.8626 44.8847
v -17.4901 17.8452 45.7785
v -18.1747 20.1463 45.5644
v -17.4901 17.8452 45.7785
v -18.3835 17.8050 46.0978
v -18.1747 20.1463 45.5644
v -18.3835 17.8050 46.0978
v -17.8103 17.8626 44.8847
v -18.7037 17.8225 45.2040
v -18.3835 17.8050 46.0978
v -17.4901 17.8452 45.7785
v -17.8103 17.8626 44.8847
v -20.4532 14.1809 -34.8583
v -20.2035 14.1546 -34.1215
v -21.0522 16.1884 -34.1726
v -20.2035 14.1546 -34.1215
v -21.2806 14.2375 -33.1721
v -21.0522 16.1884 -34.1726
v -21.2806 14.2375 -33.1721
v -22.2262 14.3244 -34.2523
v -21.0522 16.1884 -34.1726
v -22.2262 14.3244 -34.2523
v -21.1491 14.2415 -35.2018
v -21.0522 16.1884 -34.1726
v -21.1491 14.2415 -35.2018
v -20.4532 14.1809 -34.8583
v -21.0522 16.1884 -34.1726
v -20.4532 14.1809 -34.8583
v -21.2806 14.2375 -33.1721
v -20.2035 14.1546 -34.1215
v -20.4532 14.1809 -34.8583
v -22.2262 14.3244 -34.2523
v -21.2806 14.2375 -33.1721
v -20.4532 14.1809 -34.8583
v -21.1491 14.2415 -35.2018
v -22.2262 14.3244 -34.2523
v -20.5330 15.1677 -34.7091
v -20.6063 15.1655 -33.5775
v -20.9708 17.1629 -34.1654
v -20.6063 15.1655 -33.5775
v -21.7340 15.2602 -33.6504
v -20.9708 17.1629 -34.1654
v -21.7340 15.2602 -33.6504
v -21.6607 15.2624 -34.7820
v -20.9708 17.1629 -34.1654
v -21.6607 15.2624 -34.7820
v -20.5330 15.1677 -34.7091
v -20.9708 17.1629 -34.1654
v -20.5330 15.1677 -34.7091
v -21.7340 15.2602 -33.6504
v -20.6063 15.1655 -33.5775
v -20.5330 15.1677 -34.7091
v -21.6607 15.2624 -34.7820
v -21.7340 15.2602 -33.6504
v -20.4880 16.1410 -34.1361
v -21.0889 16.1873 -33.6065
v -20.8895 18.1373 -34.1582
v -21.0889 16.1873 -33.6065
v -21.6163 16.2358 -34.2090
v -20.8895 18.1373 -34.1582
v -21.6163 16.2358 -34.2090
v -21.0155 16.1895 -34.7387
v -20.8895 18.1373 -34.1582
v -21.0155 16.1895 -34.7387
v -20.4880 16.1410 -34.1361
v -20.8895 18.1373 -34.1582
v -20.4880 16.1410 -34.1361
v -21.6163 16.2358 -34.2090
v -21.0889 16.1873 -33.6065
v -20.4880 16.1410 -34.1361
v -21.0155 16.1895 -34.7387
v -21.6163 16.2358 -34.2090
v -15.1925 15.9056 32.7211
v -14.8285 15.9409 33.7294
v -16.3466 18.5693 33.6149
v -14.8285 15.9409 33.7294
v -16.2915 15.9012 35.0657
v -16.3466 18.5693 33.6149
v -16.2915 15.9012 35.0657
v -17.6255 15.8142 33.6026
v -16.3466 18.5693 33.6149
v -17.6255 15.8142 33.6026
v -16.1625 15.8538 32.2663
v -16.3466 18.5693 33.6149
v -16.1625 15.8538 32.2663
v -15.1925 15.9056 32.7211
v -16.3466 18.5693 33.6149
v -15.1925 15.9056 32.7211
v -16.2915 15.9012 35.0657
v -14.8285 15.9409 33.7294
v -15.1925 15.9056 32.7211
v -17.6255 15.8142 33.6026
v -16.2915 15.9012 35.0657
v -15.1925 15.9056 32.7211
v -16.1625 15.8538 32.2663
v -17.6255 15.8142 33.6026
v -15.4712 17.2455 32.8954
v -15.5431 17.2719 34.4561
v -16.4064 19.9151 33.5894
v -15.5431 17.2719 34.4561
v -17.1025 17.2013 34.3855
v -16.4064 19.9151 33.5894
v -17.1025 17.2013 34.3855
v -17.0305 17.1749 32.8248
v -16.4064 19.9151 33.5894
v -17.0305 17.1749 32.8248
v -15.4712 17.2455 32.8954
v -16.4064 19.9151 33.5894
v -15.4712 17.2455 32.8954
v -17.1025 17.2013 34.3855
v -15.5431 17.2719 34.4561
v -15.4712 17.2455 32.8954
v -17.0305 17.1749 32.8248
v -17.1025 17.2013 34.3855
v -15.5666 18.6046 33.6503
v -16.3826 18.5825 34.3956
v -16.4663 21.2610 33.5638
v -16.3826 18.5825 34.3956
v -17.1267 18.5339 33.5796
v -16.4663 21.2610 33.5638
v -17.1267 18.5339 33.5796
v -16.3107 18.5560 32.8342
v -16.4663 21.2610 33.5638
v -16.3107 18.5560 32.8342
v -15.5666 18.6046 33.6503
v -16.4663 21.2610 33.5638
v -15.5666 18.6046 33.6503
v -17.1267 18.5339 33.5796
v -16.3826 18.5825 34.3956
v -15.5666 18.6046 33.6503
v -16.3107 18.5560 32.8342
v -17.1267 18.5339 33.5796
v -52.3150 14.6678 19.5253
v -52.9232 14.6347 19.0219
v -52.1274 16.6717 18.5471
v -52.9232 14.6347 19.0219
v -52.4954 14.6656 17.6262
v -52.1274 16.6717 18.5471
v -52.4954 14.6656 17.6262
v -51.1020 14.7445 18.0550
v -52.1274 16.6717 18.5471
v -51.1020 14.7445 18.0550
v -51.5297 14.7136 19.4507
v -52.1274 16.6717 18.5471
v -51.5297 14.7136 19.4507
v -52.3150 14.6678 19.5253
v -52.1274 16.6717 18.5471
v -52.3150 14.6678 19.5253
v -52.4954 14.6656 17.6262
v -52.9232 14.6347 19.0219
v -52.3150 14.6678 19.5253
v -51.1020 14.7445 18.0550
v -52.4954 14.6656 17.6262
v -52.3150 14.6678 19.5253
v -51.5297 14.7136 19.4507
v -51.1020 14.7445 18.0550
v -52.3085 15.6634 19.3209
v -52.8469 15.6367 18.3037
v -52.1848 17.6628 18.5514
v -52.8469 15.6367 18.3037
v -51.8315 15.6979 17.7646
v -52.1848 17.6628 18.5514
v -51.8315 15.6979 17.7646
v -51.2931 15.7246 18.7818
v -52.1848 17.6628 18.5514
v -51.2931 15.7246 18.7818
v -52.3085 15.6634 19.3209
v -52.1848 17.6628 18.5514
v -52.3085 15.6634 19.3209
v -51.8315 15.6979 17.7646
v -52.8469 15.6367 18.3037
v -52.3085 15.6634 19.3209
v -51.2931 15.7246 18.7818
v -51.8315 15.6979 17.7646
v -52.6353 16.6411 18.8167
v -52.3967 16.6583 18.0382
v -52.2422 18.6538 18.5557
v -52.3967 16.6583 18.0382
v -51.6195 16.7023 18.2774
v -52.2422 18.6538 18.5557
v -51.6195 16.7023 18.2774
v -51.8581 16.6851 19.0559
v -52.2422 18.6538 18.5557
v -51.8581 16.6851 19.0559
v -52.6353 16.6411 18.8167
v -52.2422 18.6538 18.5557
v -52.6353 16.6411 18.8167
v -51.6195 16.7023 18.2774
v -52.3967 16.6583 18.0382
v -52.6353 16.6411 18.8167
v -51.8581 16.6851 19.0559
v -51.6195 16.7023 18.2774
v -18.3596 16.5129 21.5415
v -18.6501 16.6108 20.1027
v -16.3851 20.0669 20.6325
v -18.6501 16.6108 20.1027
v -16.4080 16.4444 18.5752
v -16.3851 20.0669 20.6325
v -16.4080 16.4444 18.5752
v -14.8983 16.1797 20.8200
v -16.3851 20.0669 20.6325
v -14.8983 16.1797 20.8200
v -17.1405 16.3461 22.3475
v -16.3851 20.0669 20.6325
v -17.1405 16.3461 22.3475
v -18.3596 16.5129 21.5415
v -16.3851 20.0669 20.6325
v -18.3596 16.5129 21.5415
v -16.4080 16.4444 18.5752
v -18.6501 16.6108 20.1027
v -18.3596 16.5129 21.5415
v -14.8983 16.1797 20.8200
v -16.4080 16.4444 18.5752
v -18.3596 16.5129 21.5415
v -17.1405 16.3461 22.3475
v -14.8983 16.1797 20.8200
v -17.8297 18.3238 21.3986
v -17.4213 18.3786 19.2954
v -16.1906 21.9027 20.7181
v -17.4213 18.3786 19.2954
v -15.3296 18.1383 19.6953
v -16.1906 21.9027 20.7181
v -15.3296 18.1383 19.6953
v -15.7380 18.0835 21.7985
v -16.1906 21.9027 20.7181
v -15.7380 18.0835 21.7985
v -17.8297 18.3238 21.3986
v -16.1906 21.9027 20.7181
v -17.8297 18.3238 21.3986
v -15.3296 18.1383 19.6953
v -17.4213 18.3786 19.2954
v -17.8297 18.3238 21.3986
v -15.7380 18.0835 21.7985
v -15.3296 18.1383 19.6953
v -17.4315 20.1871 20.4325
v -16.1808 20.0943 19.5804
v -15.9960 23.7385 20.8037
v -16.1808 20.0943 19.5804
v -15.3387 19.9466 20.8326
v -15.9960 23.7385 20.8037
v -15.3387 19.9466 20.8326
v -16.5894 20.0395 21.6846
v -15.9960 23.7385 20.8037
v -16.5894 20.0395 21.6846
v -17.4315 20.1871 20.4325
v -15.9960 23.7385 20.8037
v -17.4315 20.1871 20.4325
v -15.3387 19.9466 20.8326
v -16.1808 20.0943 19.5804
v -17.4315 20.1871 20.4325
v -16.5894 20.0395 21.6846
v -15.3387 19.9466 20.8326
v 16.2331 16.6044 10.8195
v 15.6839 16.5787 11.0719
v 15.5938 18.1089 10.3067
v 15.6839 16.5787 11.0719
v 14.8643 16.5588 10.3121
v 15.5938 18.1089 10.3067
v 14.8643 16.5588 10.3121
v 15.6232 16.6019 9.4925
v 15.5938 18.1089 10.3067
v 15.6232 16.6019 9.4925
v 16.4427 16.6219 10.2523
v 15.5938 18.1089 10.3067
v 16.4427 16.6219 10.2523
v 16.2331 16.6044 10.8195
v 15.5938 18.1089 10.3067
v 16.2331 16.6044 10.8195
v 14.8643 16.5588 10.3121
v 15.6839 16.5787 11.0719
v 16.2331 16.6044 10.8195
v 15.6232 16.6019 9.4925
v 14.8643 16.5588 10.3121
v 16.2331 16.6044 10.8195
v 16.4427 16.6219 10.2523
v 15.6232 16.6019 9.4925
v 16.0806 17.3608 10.7181
v 15.2006 17.3256 10.7514
v 15.5639 18.8682 10.3190
v 15.2006 17.3256 10.7514
v 15.1667 17.3385 9.8709
v 15.5639 18.8682 10.3190
v 15.1667 17.3385 9.8709
v 16.0467 17.3736 9.8375
v 15.5639 18.8682 10.3190
v 16.0467 17.3736 9.8375
v 16.0806 17.3608 10.7181
v 15.5639 18.8682 10.3190
v 16.0806 17.3608 10.7181
v 15.1667 17.3385 9.8709
v 15.2006 17.3256 10.7514
v 16.0806 17.3608 10.7181
v 16.0467 17.3736 9.8375
v 15.1667 17.3385 9.8709
v 15.6107 18.1025 10.7472
v 15.1536 18.0913 10.3234
v 15.5340 19.6275 10.3313
v 15.1536 18.0913 10.3234
v 15.5768 18.1154 9.8662
v 15.5340 19.6275 10.3313
v 15.5768 18.1154 9.8662
v 16.0340 18.1265 10.2901
v 15.5340 19.6275 10.3313
v 16.0340 18.1265 10.2901
v 15.6107 18.1025 10.7472
v 15.5340 19.6275 10.3313
v 15.6107 18.1025 10.7472
v 15.5768 18.1154 9.8662
v 15.1536 18.0913 10.3234
v 15.6107 18.1025 10.7472
v 16.0340 18.1265 10.2901
v 15.5768 18.1154 9.8662
v -48.0063 15.4994 -9.5973
v -47.3365 15.4471 -10.7446
v -46.2905 18.8503 -9.5186
v -47.3365 15.4471 -10.7446
v -44.9021 15.4665 -10.4139
v -46.2905 18.8503 -9.5186
v -44.9021 15.4665 -10.4139
v -45.2334 15.5791 -7.9821
v -46.2905 18.8503 -9.5186
v -45.2334 15.5791 -7.9821
v -47.6678 15.5597 -8.3129
v -46.2905 18.8503 -9.5186
v -47.6678 15.5597 -8.3129
v -48.0063 15.4994 -9.5973
v -46.2905 18.8503 -9.5186
v -48.0063 15.4994 -9.5973
v -44.9021 15.4665 -10.4139
v -47.3365 15.4471 -10.7446
v -48.0063 15.4994 -9.5973
v -45.2334 15.5791 -7.9821
v -44.9021 15.4665 -10.4139
v -48.0063 15.4994 -9.5973
v -47.6678 15.5597 -8.3129
v -45.2334 15.5791 -7.9821
v -47.6449 17.1709 -9.6254
v -46.1030 17.1190 -10.7967
v -46.2932 20.5189 -9.5962
v -46.1030 17.1190 -10.7967
v -44.9305 17.1925 -9.2565
v -46.2932 20.5189 -9.5962
v -44.9305 17.1925 -9.2565
v -46.4724 17.2445 -8.0852
v -46.2932 20.5189 -9.5962
v -46.4724 17.2445 -8.0852
v -47.6449 17.1709 -9.6254
v -46.2932 20.5189 -9.5962
v -47.6449 17.1709 -9.6254
v -44.9305 17.1925 -9.2565
v -46.1030 17.1190 -10.7967
v -47.6449 17.1709 -9.6254
v -46.4724 17.2445 -8.0852
v -44.9305 17.1925 -9.2565
v -46.8770 18.8135 -10.2890
v -45.5191 18.8243 -10.1045
v -46.2960 22.1875 -9.6738
v -45.5191 18.8243 -10.1045
v -45.7039 18.8871 -8.7481
v -46.2960 22.1875 -9.6738
v -45.7039 18.8871 -8.7481
v -47.0618 18.8763 -8.9326
v -46.2960 22.1875 -9.6738
v -47.0618 18.8763 -8.9326
v -46.8770 18.8135 -10.2890
v -46.2960 22.1875 -9.6738
v -46.8770 18.8135 -10.2890
v -45.7039 18.8871 -8.7481
v -45.5191 18.8243 -10.1045
v -46.8770 18.8135 -10.2890
v -47.0618 18.8763 -8.9326
v -45.7039 18.8871 -8.7481
vt 0.00000 1.00000
vt 0.00000 1.00000
vt 0.00000 1.00000
vt 0.00000 1.00000
vt 0.00000 1.00000
vt 0.00000 1.00000
vt 0.00000 1.00000
vt 0.00000 1.00000
vt 0.00000 1.00000
vt 0.00000 1.00000
vt 0.00000 1.00000
vt 0.00000 1.00000
vt 0.00000 1.00000
vt 0.00000 1.00000
vt 0.00000 1.00000
vt 0.00000 1.00000
vt 0.00000 1.00000
vt 0.00000 1.00000
vt 0.00000 1.00000
vt 0.00000 1.00000
vt 0.00000 1.00000
vt 0.00000 1.00000
vt 0.00000 1.00000
vt 0.00000 1.00000
vt 0.00000 1.00000
vt 0.00000 1.00000
vt 0.00000 1.00000
vt 0.00000 1.00000
vt 0.00000 1.00000
vt 0.00000 1.00000
vt 0.00000 1.00000
vt 0.00000 1.00000
vt 0.00000 1.00000
vt 0.00000 1.00000
vt 0.00000 1.00000
vt 0.00000 1.00000
vt 0.00000 1.00000
vt 0.00000 1.00000
vt 0.00000 1.00000
vt 0.00000 1.00000
vt 0.00000 1.00000
vt 0.00000 1.00000
vt 0.00000 1.00000
vt 0.00000 1.00000
vt 0.00000 1.00000
vt 0.00000 1.00000
vt 0.00000 1.00000
vt 0.00000 1.00000
vt 0.00000 1.00000
vt 0.00000 1.00000
vt 0.00000 1.00000
vt 0.00000 1.00000
vt 0.00000 1.00000
vt 0.00000 1.00000
vt 0.00000 1.00000
vt 0.00000 1.00000
vt 0.00000 1.00000
vt 0.00000 1.00000
vt 0.00000 1.00000
vt 0.00000 1.00000
vt 0.00000 1.00000
vt 0.00000 1.00000
vt 0.00000 1.00000
vt 0.00000 1.00000
vt 0.00000 1.00000
vt 0.00000 1.00000
vt 0.00000 1.00000
vt 0.00000 1.00000
vt 0.00000 1.00000
vt 0.00000 1.00000
vt 0.00000 1.00000
vt 0.00000 1.00000
vt 0.00000 1.00000
vt 0.00000 1.00000
vt 0.00000 1.00000
vt 0.00000 1.00000
vt 0.00000 1.00000
vt 0.00000 1.00000
vt 0.00000 1.00000
vt 0.00000 1.00000
vt 0.00000 1.00000
vt 0.00000 1.00000
vt 0.00000 1.00000
vt 0.00000 1.00000
vt 0.00000 1.00000
vt 0.00000 1.00000
vt 0.00000 1.00000
vt 0.00000 1.00000
vt 0.00000 1.00000
vt 0.00000 1.00000
vt 0.00000 1.00000
vt 0.00000 1.00000
vt 0.00000 1.00000
vt 0.00000 1.00000
vt 0.00000 1.00000
vt 0.00000 1.00000
vt 0.00000 1.00000
vt 0.00000 1.00000
vt 0.00000 1.00000
vt 0.00000 1.00000
vt 0.00000 1.00000
vt 0.00000 1.00000
vt 0.00000 1.00000
vt 0.00000 1.00000
vt 0.00000 1.00000
vt 0.00000 1.00000
vt 0.00000 1.00000
vt 0.00000 1.00000
vt 0.00000 1.00000
vt 0.00000 1.00000
vt 0.00000 1.00000
vt 0.00000 1.00000
vt 0.00000 1.00000
vt 0.00000 1.00000
vt 0.00000 1.00000
vt 0.00000 1.00000
vt 0.00000 1.00000
vt 0.00000 1.00000
vt 0.00000 1.00000
vt 0.00000 1.00000
vt 0.00000 1.00000
vt 0.00000 1.00000
vt 0.00000 1.00000
vt 0.00000 1.00000
vt 0.00000 1.00000
vt 0.00000 1.00000
vt 0.00000 1.00000
vt 0.00000 1.00000
vt 0.00000 1.00000
vt 0.00000 1.00000
vt 0.00000 1.00000
vt 0.00000 1.00000
vt 0.00000 1.00000
vt 0.00000 1.00000
vt 0.00000 1.00000
vt 0.00000 1.00000
vt 0.00000 1.00000
vt 0.00000 1.00000
vt 0.00000 1.00000
vt 0.00000 1.00000
vt 0.00000 1.00000
vt 0.00000 1.00000
vt 0.00000 1.00000
vt 0.00000 1.00000
vt 0.00000 1.00000
vt 0.00000 1.00000
vt 0.00000 1.00000
vt 0.00000 1.00000
vt 0.00000 1.00000
vt 0.00000 1.00000
vt 0.00000 1.00000
vt 0.00000 1.00000
vt 0.00000 1.00000
vt 0.00000 1.00000
vt 0.00000 1.00000
vt 0.00000 1.00000
vt 0.00000 1.00000
vt 0.00000 1.00000
vt 0.00000 1.00000
vt 0.00000 1.00000
vt 0.00000 1.00000
vt 0.00000 1.00000
vt 0.00000 1.00000
vt 0.00000 1.00000
vt 0.00000 1.00000
vt 0.00000 1.00000
vt 0.00000 1.00000
vt 0.00000 1.00000
vt 0.00000 1.00000
vt 0.00000 1.00000
vt 0.00000 1.00000
vt 0.00000 1.00000
vt 0.00000 1.00000
vt 0.00000 1.00000
vt 0.00000 1.00000
vt 0.00000 1.00000
vt 0.00000 1.00000
vt 0.00000 1.00000
vt 0.00000 1.00000
vt 0.00000 1.00000
vt 0.00000 1.00000
vt 0.00000 1.00000
vt 0.00000 1.00000
vt 0.00000 1.00000
vt 0.00000 1.00000
vt 0.00000 1.00000
vt 0.00000 1.00000
vt 0.00000 1.00000
vt 0.00000 1.00000
vt 0.00000 1.00000
vt 0.00000 1.00000
vt 0.00000 1.00000
vt 0.00000 1.00000
vt 0.00000 1.00000
vt 0.00000 1.00000
vt 0.00000 1.00000
vt 0.00000 1.00000
vt 0.00000 1.00000
vt 0.00000 1.00000
vt 0.00000 1.00000
vt 0.00000 1.00000
vt 0.00000 1.00000
vt 0.00000 1.00000
vt 0.00000 1.00000
vt 0.00000 1.00000
vt 0.00000 1.00000
vt 0.00000 1.00000
vt 0.00000 1.00000
vt 0.00000 1.00000
vt 0.00000 1.00000
vt 0.00000 1.00000
vt 0.00000 1.00000
vt 0.00000 1.00000
vt 0.00000 1.00000
vt 0.00000 1.00000
vt 0.00000 1.00000
vt 0.00000 1.00000
vt 0.00000 1.00000
vt 0.00000 1.00000
vt 0.00000 1.00000
vt 0.00000 1.00000
vt 0.00000 1.00000
vt 0.00000 1.00000
vt 0.00000 1.00000
vt 0.00000 1.00000
vt 0.00000 1.00000
vt 0.00000 1.00000
vt 0.00000 1.00000
vt 0.00000 1.00000
vt 0.00000 1.00000
vt 0.00000 1.00000
vt 0.00000 1.00000
vt 0.00000 1.00000
vt 0.00000 1.00000
vt 0.00000 1.00000
vt 0.00000 1.00000
vt 0.00000 1.00000
vt 0.00000 1.00000
vt 0.00000 1.00000
vt 0.00000 1.00000
vt 0.00000 1.00000
vt 0.00000 1.00000
vt 0.00000 1.00000
vt 0.00000 1.00000
vt 0.00000 1.00000
vt 0.00000 1.00000
vt 0.00000 1.00000
vt 0.00000 1.00000
vt 0.00000 1.00000
vt 0.00000 1.00000
vt 0.00000 1.00000
vt 0.00000 1.00000
vt 0.00000 1.00000
vt 0.00000 1.00000
vt 0.00000 1.00000
vt 0.00000 1.00000
vt 0.00000 1.00000
vt 0.00000 1.00000
vt 0.00000 1.00000
vt 0.00000 1.00000
vt 0.00000 1.00000
vt 0.00000 1.00000
vt 0.00000 1.00000
vt 0.00000 1.00000
vt 0.00000 1.00000
vt 0.00000 1.00000
vt 0.00000 1.00000
vt 0.00000 1.00000
vt 0.00000 1.00000
vt 0.00000 1.00000
vt 0.00000 1.00000
vt 0.00000 1.00000
vt 0.00000 1.00000
vt 0.00000 1.00000
vt 0.00000 1.00000
vt 0.00000 1.00000
vt 0.00000 1.00000
vt 0.00000 1.00000
vt 0.00000 1.00000
vt 0.00000 1.00000
vt 0.00000 1.00000
vt 0.00000 1.00000
vt 0.00000 1.00000
vt 0.00000 1.00000
vt 0.00000 1.00000
vt 0.00000 1.00000
vt 0.00000 1.00000
vt 0.00000 1.00000
vt 0.00000 1.00000
vt 0.00000 1.00000
vt 0.00000 1.00000
vt 0.00000 1.00000
vt 0.00000 1.00000
vt 0.00000 1.00000
vt 0.00000 1.00000
vt 0.00000 1.00000
vt 0.00000 1.00000
vt 0.00000 1.00000
vt 0.00000 1.00000
vt 0.00000 1.00000
vt 0.00000 1.00000
vt 0.00000 1.00000
vt 0.00000 1.00000
vt 0.00000 1.00000
vt 0.00000 1.00000
vt 0.00000 1.00000
vt 0.00000 1.00000
vt 0.00000 1.00000
vt 0.00000 1.00000
vt 0.00000 1.00000
vt 0.00000 1.00000
vt 0.00000 1.00000
vt 0.00000 1.00000
vt 0.00000 1.00000
vt 0.00000 1.00000
vt 0.00000 1.00000
vt 0.00000 1.00000
vt 0.00000 1.00000
vt 0.00000 1.00000
vt 0.00000 1.00000
vt 0.00000 1.00000
vt 0.00000 1.00000
vt 0.00000 1.00000
vt 0.00000 1.00000
vt 0.00000 1.00000
vt 0.00000 1.00000
vt 0.00000 1.00000
vt 0.00000 1.00000
vt 0.00000 1.00000
vt 0.00000 1.00000
vt 0.00000 1.00000
vt 0.00000 1.00000
vt 0.00000 1.00000
vt 0.00000 1.00000
vt 0.00000 1.00000
vt 0.00000 1.00000
vt 0.00000 1.00000
vt 0.00000 1.00000
vt 0.00000 1.00000
vt 0.00000 1.00000
vt 0.00000 1.00000
vt 0.00000 1.00000
vt 0.00000 1.00000
vt 0.00000 1.00000
vt 0.00000 1.00000
vt 0.00000 1.00000
vt 0.00000 1.00000
vt 0.00000 1.00000
vt 0.00000 1.00000
vt 0.00000 1.00000
vt 0.00000 1.00000
vt 0.00000 1.00000
vt 0.00000 1.00000
vt 0.00000 1.00000
vt 0.00000 1.00000
vt 0.00000 1.00000
vt 0.00000 1.00000
vt 0.00000 1.00000
vt 0.00000 1.00000
vt 0.00000 1.00000
vt 0.00000 1.00000
vt 0.00000 1.00000
vt 0.00000 1.00000
vt 0.00000 1.00000
vt 0.00000 1.00000
vt 0.00000 1.00000
vt 0.00000 1.00000
vt 0.00000 1.00000
vt 0.00000 1.00000
vt 0.00000 1.00000
vt 0.00000 1.00000
vt 0.00000 1.00000
vt 0.00000 1.00000
vt 0.00000 1.00000
vt 0.00000 1.00000
vt 0.00000 1.00000
vt 0.00000 1.00000
vt 0.00000 1.00000
vt 0.00000 1.00000
vt 0.00000 1.00000
vt 0.00000 1.00000
vt 0.00000 1.00000
vt 0.00000 1.00000
vt 0.00000 1.00000
vt 0.00000 1.00000
vt 0.00000 1.00000
vt 0.00000 1.00000
vt 0.00000 1.00000
vt 0.00000 1.00000
vt 0.00000 1.00000
vt 0.00000 1.00000
vt 0.00000 1.00000
vt 0.00000 1.00000
vt 0.00000 1.00000
vt 0.00000 1.00000
vt 0.00000 1.00000
vt 0.00000 1.00000
vt 0.00000 1.00000
vt 0.00000 1.00000
vt 0.00000 1.00000
vt 0.00000 1.00000
vt 0.00000 1.00000
vt 0.00000 1.00000
vt 0.00000 1.00000
vt 0.00000 1.00000
vt 0.00000 1.00000
vt 0.00000 1.00000
vt 0.00000 1.00000
vt 0.00000 1.00000
vt 0.00000 1.00000
vt 0.00000 1.00000
vt 0.00000 1.00000
vt 0.00000 1.00000
vt 0.00000 1.00000
vt 0.00000 1.00000
vt 0.00000 1.00000
vt 0.00000 1.00000
vt 0.00000 1.00000
vt 0.00000 1.00000
vt 0.00000 1.00000
vt 0.00000 1.00000
vt 0.00000 1.00000
vt 0.00000 1.00000
vt 0.00000 1.00000
vt 0.00000 1.00000
vt 0.00000 1.00000
vt 0.00000 1.00000
vt 0.00000 1.00000
vt 0.00000 1.00000
vt 0.00000 1.00000
vt 0.00000 1.00000
vt 0.00000 1.00000
vt 0.00000 1.00000
vt 0.00000 1.00000
vt 0.00000 1.00000
vt 0.00000 1.00000
vt 0.00000 1.00000
vt 0.00000 1.00000
vt 0.00000 1.00000
vt 0.00000 1.00000
vt 0.00000 1.00000
vt 0.00000 1.00000
vt 0.00000 1.00000
vt 0.00000 1.00000
vt 0.00000 1.00000
vt 0.00000 1.00000
vt 0.00000 1.00000
vt 0.00000 1.00000
vt 0.00000 1.00000
vt 0.00000 1.00000
vt 0.00000 1.00000
vt 0.00000 1.00000
vt 0.00000 1.00000
vt 0.00000 1.00000
vt 0.00000 1.00000
vt 0.00000 1.00000
vt 0.00000 1.00000
vt 0.00000 1.00000
vt 0.00000 1.00000
vt 0.00000 1.00000
vt 0.00000 1.00000
vt 0.00000 1.00000
vt 0.00000 1.00000
vt 0.00000 1.00000
vt 0.00000 1.00000
vt 0.00000 1.00000
vt 0.00000 1.00000
vt 0.00000 1.00000
vt 0.00000 1.00000
vt 0.00000 1.00000
vt 0.00000 1.00000
vt 0.00000 1.00000
vt 0.00000 1.00000
vt 0.00000 1.00000
vt 0.00000 1.00000
vt 0.00000 1.00000
vt 0.00000 1.00000
vt 0.00000 1.00000
vt 0.00000 1.00000
vt 0.00000 1.00000
vt 0.00000 1.00000
vt 0.00000 1.00000
vt 0.00000 1.00000
vt 0.00000 1.00000
vt 0.00000 1.00000
vt 0.00000 1.00000
vt 0.00000 1.00000
vt 0.00000 1.00000
vt 0.00000 1.00000
vt 0.00000 1.00000
vt 0.00000 1.00000
vt 0.00000 1.00000
vt 0.00000 1.00000
vt 0.00000 1.00000
vt 0.00000 1.00000
vt 0.00000 1.00000
vt 0.00000 1.00000
vt 0.00000 1.00000
vt 0.00000 1.00000
vt 0.00000 1.00000
vt 0.00000 1.00000
vt 0.00000 1.00000
vt 0.00000 1.00000
vt 0.00000 1.00000
vt 0.00000 1.00000
vt 0.00000 1.00000
vt 0.00000 1.00000
vt 0.00000 1.00000
vt 0.00000 1.00000
vt 0.00000 1.00000
vt 0.00000 1.00000
vt 0.00000 1.00000
vt 0.00000 1.00000
vt 0.00000 1.00000
vt 0.00000 1.00000
vt 0.00000 1.00000
vt 0.00000 1.00000
vt 0.00000 1.00000
vt 0.00000 1.00000
vt 0.00000 1.00000
vt 0.00000 1.00000
vt 0.00000 1.00000
vt 0.00000 1.00000
vt 0.00000 1.00000
vt 0.00000 1.00000
vt 0.00000 1.00000
vt 0.00000 1.00000
vt 0.00000 1.00000
vt 0.00000 1.00000
vt 0.00000 1.00000
vt 0.00000 1.00000
vt 0.00000 1.00000
vt 0.00000 1.00000
vt 0.00000 1.00000
vt 0.00000 1.00000
vt 0.00000 1.00000
vt 0.00000 1.00000
vt 0.00000 1.00000
vt 0.00000 1.00000
vt 0.00000 1.00000
vt 0.00000 1.00000
vt 0.00000 1.00000
vt 0.00000 1.00000
vt 0.00000 1.00000
vt 0.00000 1.00000
vt 0.00000 1.00000
vt 0.00000 1.00000
vt 0.00000 1.00000
vt 0.00000 1.00000
vt 0.00000 1.00000
vt 0.00000 1.00000
vt 0.00000 1.00000
vt 0.00000 1.00000
vt 0.00000 1.00000
vt 0.00000 1.00000
vt 0.00000 1.00000
vt 0.00000 1.00000
vt 0.00000 1.00000
vt 0.00000 1.00000
vt 0.00000 1.00000
vt 0.00000 1.00000
vt 0.00000 1.00000
vt 0.00000 1.00000
vt 0.00000 1.00000
vt 0.00000 1.00000
vt 0.00000 1.00000
vt 0.00000 1.00000
vt 0.00000 1.00000
vt 0.00000 1.00000
vt 0.00000 1.00000
vt 0.00000 1.00000
vt 0.00000 1.00000
vt 0.00000 1.00000
vt 0.00000 1.00000
vt 0.00000 1.00000
vt 0.00000 1.00000
vt 0.00000 1.00000
vt 0.00000 1.00000
vt 0.00000 1.00000
vt 0.00000 1.00000
vt 0.00000 1.00000
vt 0.00000 1.00000
vt 0.00000 1.00000
vt 0.00000 1.00000
vt 0.00000 1.00000
vt 0.00000 1.00000
vt 0.00000 1.00000
vt 0.00000 1.00000
vt 0.00000 1.00000
vt 0.00000 1.00000
vt 0.00000 1.00000
vt 0.00000 1.00000
vt 0.00000 1.00000
vt 0.00000 1.00000
vt 0.00000 1.00000
vt 0.00000 1.00000
vt 0.00000 1.00000
vt 0.00000 1.00000
vt 0.00000 1.00000
vt 0.00000 1.00000
vt 0.00000 1.00000
vt 0.00000 1.00000
vt 0.00000 1.00000
vt 0.00000 1.00000
vt 0.00000 1.00000
vt 0.00000 1.00000
vt 0.00000 1.00000
vt 0.00000 1.00000
vt 0.00000 1.00000
vt 0.00000 1.00000
vt 0.00000 1.00000
vt 0.00000 1.00000
vt 0.00000 1.00000
vt 0.00000 1.00000
vt 0.00000 1.00000
vt 0.00000 1.00000
vt 0.00000 1.00000
vt 0.00000 1.00000
vt 0.00000 1.00000
vt 0.00000 1.00000
vt 0.00000 1.00000
vt 0.00000 1.00000
vt 0.00000 1.00000
vt 0.00000 1.00000
vt 0.00000 1.00000
vt 0.00000 1.00000
vt 0.00000 1.00000
vt 0.00000 1.00000
vt 0.00000 1.00000
vt 0.00000 1.00000
vt 0.00000 1.00000
vt 0.00000 1.00000
vt 0.00000 1.00000
vt 0.00000 1.00000
vt 0.00000 1.00000
vt 0.00000 1.00000
vt 0.00000 1.00000
vt 0.00000 1.00000
vt 0.00000 1.00000
vt 0.00000 1.00000
vt 0.00000 1.00000
vt 0.00000 1.00000
vt 0.00000 1.00000
vt 0.00000 1.00000
vt 0.00000 1.00000
vt 0.00000 1.00000
vt 0.00000 1.00000
vt 0.00000 1.00000
vt 0.00000 1.00000
vt 0.00000 1.00000
vt 0.00000 1.00000
vt 0.00000 1.00000
vt 0.00000 1.00000
vt 0.00000 1.00000
vt 0.00000 1.00000
vt 0.00000 1.00000
vt 0.00000 1.00000
vt 0.00000 1.00000
vt 0.00000 1.00000
vt 0.00000 1.00000
vt 0.00000 1.00000
vt 0.00000 1.00000
vt 0.00000 1.00000
vt 0.00000 1.00000
vt 0.00000 1.00000
vt 0.00000 1.00000
vt 0.00000 1.00000
vt 0.00000 1.00000
vt 0.00000 1.00000
vt 0.00000 1.00000
vt 0.00000 1.00000
vt 0.00000 1.00000
vt 0.00000 1.00000
vt 0.00000 1.00000
vt 0.00000 1.00000
vt 0.00000 1.00000
vt 0.00000 1.00000
vt 0.00000 1.00000
vt 0.00000 1.00000
vt 0.00000 1.00000
vt 0.00000 1.00000
vt 0.00000 1.00000
vt 0.00000 1.00000
vt 0.00000 1.00000
vt 0.00000 1.00000
vt 0.00000 1.00000
vt 0.00000 1.00000
vt 0.00000 1.00000
vt 0.00000 1.00000
vt 0.00000 1.00000
vt 0.00000 1.00000
vt 0.00000 1.00000
vt 0.00000 1.00000
vt 0.00000 1.00000
vt 0.00000 1.00000
vt 0.00000 1.00000
vt 0.00000 1.00000
vt 0.00000 1.00000
vt 0.00000 1.00000
vt 0.00000 1.00000
vt 0.00000 1.00000
vt 0.00000 1.00000
vt 0.00000 1.00000
vt 0.00000 1.00000
vt 0.00000 1.00000
vt 0.00000 1.00000
vt 0.00000 1.00000
vt 0.00000 1.00000
vt 0.00000 1.00000
vt 0.00000 1.00000
vt 0.00000 1.00000
vt 0.00000 1.00000
vt 0.00000 1.00000
vt 0.00000 1.00000
vt 0.00000 1.00000
vt 0.00000 1.00000
vt 0.00000 1.00000
vt 0.00000 1.00000
vt 0.00000 1.00000
vt 0.00000 1.00000
vt 0.00000 1.00000
vt 0.00000 1.00000
vt 0.00000 1.00000
vt 0.00000 1.00000
vt 0.00000 1.00000
vt 0.00000 1.00000
vt 0.00000 1.00000
vt 0.00000 1.00000
vt 0.00000 1.00000
vt 0.00000 1.00000
vt 0.00000 1.00000
vt 0.00000 1.00000
vt 0.00000 1.00000
vt 0.00000 1.00000
vt 0.00000 1.00000
vt 0.00000 1.00000
vt 0.00000 1.00000
vt 0.00000 1.00000
vt 0.00000 1.00000
vt 0.00000 1.00000
vt 0.00000 1.00000
vt 0.00000 1.00000
vt 0.00000 1.00000
vt 0.00000 1.00000
vt 0.00000 1.00000
vt 0.00000 1.00000
vt 0.00000 1.00000
vt 0.00000 1.00000
vt 0.00000 1.00000
vt 0.00000 1.00000
vt 0.00000 1.00000
vt 0.00000 1.00000
vt 0.00000 1.00000
vt 0.00000 1.00000
vt 0.00000 1.00000
vt 0.00000 1.00000
vt 0.00000 1.00000
vt 0.00000 1.00000
vt 0.00000 1.00000
vt 0.00000 1.00000
vt 0.00000 1.00000
vt 0.00000 1.00000
vt 0.00000 1.00000
vt 0.00000 1.00000
vt 0.00000 1.00000
vt 0.00000 1.00000
vt 0.00000 1.00000
vt 0.00000 1.00000
vt 0.00000 1.00000
vt 0.00000 1.00000
vt 0.00000 1.00000
vt 0.00000 1.00000
vt 0.00000 1.00000
vt 0.00000 1.00000
vt 0.00000 1.00000
vt 0.00000 1.00000
vt 0.00000 1.00000
vt 0.00000 1.00000
vt 0.00000 1.00000
vt 0.00000 1.00000
vt 0.00000 1.00000
vt 0.00000 1.00000
vt 0.00000 1.00000
vt 0.00000 1.00000
vt 0.00000 1.00000
vt 0.00000 1.00000
vt 0.00000 1.00000
vt 0.00000 1.00000
vt 0.00000 1.00000
vt 0.00000 1.00000
vt 0.00000 1.00000
vt 0.00000 1.00000
vt 0.00000 1.00000
vt 0.00000 1.00000
vt 0.00000 1.00000
vt 0.00000 1.00000
vt 0.00000 1.00000
vt 0.00000 1.00000
vt 0.00000 1.00000
vt 0.00000 1.00000
vt 0.00000 1.00000
vt 0.00000 1.00000
vt 0.00000 1.00000
vt 0.00000 1.00000
vt 0.00000 1.00000
vt 0.00000 1.00000
vt 0.00000 1.00000
vt 0.00000 1.00000
vt 0.00000 1.00000
vt 0.00000 1.00000
vt 0.00000 1.00000
vt 0.00000 1.00000
vt 0.00000 1.00000
vt 0.00000 1.00000
vt 0.00000 1.00000
vt 0.00000 1.00000
vt 0.00000 1.00000
vt 0.00000 1.00000
vt 0.00000 1.00000
vt 0.00000 1.00000
vt 0.00000 1.00000
vt 0.00000 1.00000
vt 0.00000 1.00000
vt 0.00000 1.00000
vt 0.00000 1.00000
vt 0.00000 1.00000
vt 0.00000 1.00000
vt 0.00000 1.00000
vt 0.00000 1.00000
vt 0.00000 1.00000
vt 0.00000 1.00000
vt 0.00000 1.00000
vt 0.00000 1.00000
vt 0.00000 1.00000
vt 0.00000 1.00000
vt 0.00000 1.00000
vt 0.00000 1.00000
vt 0.00000 1.00000
vt 0.00000 1.00000
vt 0.00000 1.00000
vt 0.00000 1.00000
vt 0.00000 1.00000
vt 0.00000 1.00000
vt 0.00000 1.00000
vt 0.00000 1.00000
vt 0.00000 1.00000
vt 0.00000 1.00000
vt 0.00000 1.00000
vt 0.00000 1.00000
vt 0.00000 1.00000
vt 0.00000 1.00000
vt 0.00000 1.00000
vt 0.00000 1.00000
vt 0.00000 1.00000
vt 0.00000 1.00000
vt 0.00000 1.00000
vt 0.00000 1.00000
vt 0.00000 1.00000
vt 0.00000 1.00000
vt 0.00000 1.00000
vt 0.00000 1.00000
vt 0.00000 1.00000
vt 0.00000 1.00000
vt 0.00000 1.00000
vt 0.00000 1.00000
vt 0.00000 1.00000
vt 0.00000 1.00000
vt 0.00000 1.00000
vt 0.00000 1.00000
vt 0.00000 1.00000
vt 0.00000 1.00000
vt 0.00000 1.00000
vt 0.00000 1.00000
vt 0.00000 1.00000
vt 0.00000 1.00000
vt 0.00000 1.00000
vt 0.00000 1.00000
vt 0.00000 1.00000
vt 0.00000 1.00000
vt 0.00000 1.00000
vt 0.00000 1.00000
vt 0.00000 1.00000
vt 0.00000 1.00000
vt 0.00000 1.00000
vt 0.00000 1.00000
vt 0.00000 1.00000
vt 0.00000 1.00000
vt 0.00000 1.00000
vt 0.00000 1.00000
vt 0.00000 1.00000
vt 0.00000 1.00000
vt 0.00000 1.00000
vt 0.00000 1.00000
vt 0.00000 1.00000
vt 0.00000 1.00000
vt 0.00000 1.00000
vt 0.00000 1.00000
vt 0.00000 1.00000
vt 0.00000 1.00000
vt 0.00000 1.00000
vt 0.00000 1.00000
vt 0.00000 1.00000
vt 0.00000 1.00000
vt 0.00000 1.00000
vt 0.00000 1.00000
vt 0.00000 1.00000
vt 0.00000 1.00000
vt 0.00000 1.00000
vt 0.00000 1.00000
vt 0.00000 1.00000
vt 0.00000 1.00000
vt 0.00000 1.00000
vt 0.00000 1.00000
vt 0.00000 1.00000
vt 0.00000 1.00000
vt 0.00000 1.00000
vt 0.00000 1.00000
vt 0.00000 1.00000
vt 0.00000 1.00000
vt 0.00000 1.00000
vt 0.00000 1.00000
vt 0.00000 1.00000
vt 0.00000 1.00000
vt 0.00000 1.00000
vt 0.00000 1.00000
vt 0.00000 1.00000
vt 0.00000 1.00000
vt 0.00000 1.00000
vt 0.00000 1.00000
vt 0.00000 1.00000
vt 0.00000 1.00000
vt 0.00000 1.00000
vt 0.00000 1.00000
vt 0.00000 1.00000
vt 0.00000 1.00000
vt 0.00000 1.00000
vt 0.00000 1.00000
vt 0.00000 1.00000
vt 0.00000 1.00000
vt 0.00000 1.00000
vt 0.00000 1.00000
vt 0.00000 1.00000
vt 0.00000 1.00000
vt 0.00000 1.00000
vt 0.00000 1.00000
vt 0.00000 1.00000
vt 0.00000 1.00000
vt 0.00000 1.00000
vt 0.00000 1.00000
vt 0.00000 1.00000
vt 0.00000 1.00000
vt 0.00000 1.00000
vt 0.00000 1.00000
vt 0.00000 1.00000
vt 0.00000 1.00000
vt 0.00000 1.00000
vt 0.00000 1.00000
vt 0.00000 1.00000
vt 0.00000 1.00000
vt 0.00000 1.00000
vt 0.00000 1.00000
vt 0.00000 1.00000
vt 0.00000 1.00000
vt 0.00000 1.00000
vt 0.00000 1.00000
vt 0.00000 1.00000
vt 0.00000 1.00000
vt 0.00000 1.00000
vt 0.00000 1.00000
vt 0.00000 1.00000
vt 0.00000 1.00000
vt 0.00000 1.00000
vt 0.00000 1.00000
vt 0.00000 1.00000
vt 0.00000 1.00000
vt 0.00000 1.00000
vt 0.00000 1.00000
vt 0.00000 1.00000
vt 0.00000 1.00000
vt 0.00000 1.00000
vt 0.00000 1.00000
vt 0.00000 1.00000
vt 0.00000 1.00000
vt 0.00000 1.00000
vt 0.00000 1.00000
vt 0.00000 1.00000
vt 0.00000 1.00000
vt 0.00000 1.00000
vt 0.00000 1.00000
vt 0.00000 1.00000
vt 0.00000 1.00000
vt 0.00000 1.00000
vt 0.00000 1.00000
vt 0.00000 1.00000
vt 0.00000 1.00000
vt 0.00000 1.00000
vt 0.00000 1.00000
vt 0.00000 1.00000
vt 0.00000 1.00000
vt 0.00000 1.00000
vt 0.00000 1.00000
vt 0.00000 1.00000
vt 0.00000 1.00000
vt 0.00000 1.00000
vt 0.00000 1.00000
vt 0.00000 1.00000
vt 0.00000 1.00000
vt 0.00000 1.00000
vt 0.00000 1.00000
vt 0.00000 1.00000
vt 0.00000 1.00000
vt 0.00000 1.00000
vt 0.00000 1.00000
vt 0.00000 1.00000
vt 0.00000 1.00000
vt 0.00000 1.00000
vt 0.00000 1.00000
vt 0.00000 1.00000
vt 0.00000 1.00000
vt 0.00000 1.00000
vt 0.00000 1.00000
vt 0.00000 1.00000
vt 0.00000 1.00000
vt 0.00000 1.00000
vt 0.00000 1.00000
vt 0.00000 1.00000
vt 0.00000 1.00000
vt 0.00000 1.00000
vt 0.00000 1.00000
vt 0.00000 1.00000
vt 0.00000 1.00000
vt 0.00000 1.00000
vt 0.00000 1.00000
vt 0.00000 1.00000
vt 0.00000 1.00000
vt 0.00000 1.00000
vt 0.00000 1.00000
vt 0.00000 1.00000
vt 0.00000 1.00000
vt 0.00000 1.00000
vt 0.00000 1.00000
vt 0.00000 1.00000
vt 0.00000 1.00000
vt 0.00000 1.00000
vt 0.00000 1.00000
vt 0.00000 1.00000
vt 0.00000 1.00000
vt 0.00000 1.00000
vt 0.00000 1.00000
vt 0.00000 1.00000
vt 0.00000 1.00000
vt 0.00000 1.00000
vt 0.00000 1.00000
vt 0.00000 1.00000
vt 0.00000 1.00000
vt 0.00000 1.00000
vt 0.00000 1.00000
vt 0.00000 1.00000
vt 0.00000 1.00000
vt 0.00000 1.00000
vt 0.00000 1.00000
vt 0.00000 1.00000
vt 0.00000 1.00000
vt 0.00000 1.00000
vt 0.00000 1.00000
vt 0.00000 1.00000
vt 0.00000 1.00000
vt 0.00000 1.00000
vt 0.00000 1.00000
vt 0.00000 1.00000
vt 0.00000 1.00000
vt 0.00000 1.00000
vt 0.00000 1.00000
vt 0.00000 1.00000
vt 0.00000 1.00000
vt 0.00000 1.00000
vt 0.00000 1.00000
vt 0.00000 1.00000
vt 0.00000 1.00000
vt 0.00000 1.00000
vt 0.00000 1.00000
vt 0.00000 1.00000
vt 0.00000 1.00000
vt 0.00000 1.00000
vt 0.00000 1.00000
vt 0.00000 1.00000
vt 0.00000 1.00000
vt 0.00000 1.00000
vt 0.00000 1.00000
vt 0.00000 1.00000
vt 0.00000 1.00000
vt 0.00000 1.00000
vt 0.00000 1.00000
vt 0.00000 1.00000
vt 0.00000 1.00000
vt 0.00000 1.00000
vt 0.00000 1.00000
vt 0.00000 1.00000
vt 0.00000 1.00000
vt 0.00000 1.00000
vt 0.00000 1.00000
vt 0.00000 1.00000
vt 0.00000 1.00000
vt 0.00000 1.00000
vt 0.00000 1.00000
vt 0.00000 1.00000
vt 0.00000 1.00000
vt 0.00000 1.00000
vt 0.00000 1.00000
vt 0.00000 1.00000
vt 0.00000 1.00000
vt 0.00000 1.00000
vt 0.00000 1.00000
vt 0.00000 1.00000
vt 0.00000 1.00000
vt 0.00000 1.00000
vt 0.00000 1.00000
vt 0.00000 1.00000
vt 0.00000 1.00000
vt 0.00000 1.00000
vt 0.00000 1.00000
vt 0.00000 1.00000
vt 0.00000 1.00000
vt 0.00000 1.00000
vt 0.00000 1.00000
vt 0.00000 1.00000
vt 0.00000 1.00000
vt 0.00000 1.00000
vt 0.00000 1.00000
vt 0.00000 1.00000
vt 0.00000 1.00000
vt 0.00000 1.00000
vt 0.00000 1.00000
vt 0.00000 1.00000
vt 0.00000 1.00000
vt 0.00000 1.00000
vt 0.00000 1.00000
vt 0.00000 1.00000
vt 0.00000 1.00000
vt 0.00000 1.00000
vt 0.00000 1.00000
vt 0.00000 1.00000
vt 0.00000 1.00000
vt 0.00000 1.00000
vt 0.00000 1.00000
vt 0.00000 1.00000
vt 0.00000 1.00000
vt 0.00000 1.00000
vt 0.00000 1.00000
vt 0.00000 1.00000
vt 0.00000 1.00000
vt 0.00000 1.00000
vt 0.00000 1.00000
vt 0.00000 1.00000
vt 0.00000 1.00000
vt 0.00000 1.00000
vt 0.00000 1.00000
vt 0.00000 1.00000
vt 0.00000 1.00000
vt 0.00000 1.00000
vt 0.00000 1.00000
vt 0.00000 1.00000
vt 0.00000 1.00000
vt 0.00000 1.00000
vt 0.00000 1.00000
vt 0.00000 1.00000
vt 0.00000 1.00000
vt 0.00000 1.00000
vt 0.00000 1.00000
vt 0.00000 1.00000
vt 0.00000 1.00000
vt 0.00000 1.00000
vt 0.00000 1.00000
vt 0.00000 1.00000
vt 0.00000 1.00000
vt 0.00000 1.00000
vt 0.00000 1.00000
vt 0.00000 1.00000
vt 0.00000 1.00000
vt 0.00000 1.00000
vt 0.00000 1.00000
vt 0.00000 1.00000
vt 0.00000 1.00000
vt 0.00000 1.00000
vt 0.00000 1.00000
vt 0.00000 1.00000
vt 0.00000 1.00000
vt 0.00000 1.00000
vt 0.00000 1.00000
vt 0.00000 1.00000
vt 0.00000 1.00000
vt 0.00000 1.00000
vt 0.00000 1.00000
vt 0.00000 1.00000
vt 0.00000 1.00000
vt 0.00000 1.00000
vt 0.00000 1.00000
vt 0.00000 1.00000
vt 0.00000 1.00000
vt 0.00000 1.00000
vt 0.00000 1.00000
vt 0.00000 1.00000
vt 0.00000 1.00000
vt 0.00000 1.00000
vt 0.00000 1.00000
vt 0.00000 1.00000
vt 0.00000 1.00000
vt 0.00000 1.00000
vt 0.00000 1.00000
vt 0.00000 1.00000
vt 0.00000 1.00000
vt 0.00000 1.00000
vt 0.00000 1.00000
vt 0.00000 1.00000
vt 0.00000 1.00000
vt 0.00000 1.00000
vt 0.00000 1.00000
vt 0.00000 1.00000
vt 0.00000 1.00000
vt 0.00000 1.00000
vt 0.00000 1.00000
vt 0.00000 1.00000
vt 0.00000 1.00000
vt 0.00000 1.00000
vt 0.00000 1.00000
vt 0.00000 1.00000
vt 0.00000 1.00000
vt 0.00000 1.00000
vt 0.00000 1.00000
vt 0.00000 1.00000
vt 0.00000 1.00000
vt 0.00000 1.00000
vt 0.00000 1.00000
vt 0.00000 1.00000
vt 0.00000 1.00000
vt 0.00000 1.00000
vt 0.00000 1.00000
vt 0.00000 1.00000
vt 0.00000 1.00000
vt 0.00000 1.00000
vt 0.00000 1.00000
vt 0.00000 1.00000
vt 0.00000 1.00000
vt 0.00000 1.00000
vt 0.00000 1.00000
vt 0.00000 1.00000
vt 0.00000 1.00000
vt 0.00000 1.00000
vt 0.00000 1.00000
vt 0.00000 1.00000
vt 0.00000 1.00000
vt 0.00000 1.00000
vt 0.00000 1.00000
vt 0.00000 1.00000
vt 0.00000 1.00000
vt 0.00000 1.00000
vt 0.00000 1.00000
vt 0.00000 1.00000
vt 0.00000 1.00000
vt 0.00000 1.00000
vt 0.00000 1.00000
vt 0.00000 1.00000
vt 0.00000 1.00000
vt 0.00000 1.00000
vt 0.00000 1.00000
vt 0.00000 1.00000
vt 0.00000 1.00000
vt 0.00000 1.00000
vt 0.00000 1.00000
vt 0.00000 1.00000
vt 0.00000 1.00000
vt 0.00000 1.00000
vt 0.00000 1.00000
vt 0.00000 1.00000
vt 0.00000 1.00000
vt 0.00000 1.00000
vt 0.00000 1.00000
vt 0.00000 1.00000
vt 0.00000 1.00000
vt 0.00000 1.00000
vt 0.00000 1.00000
vt 0.00000 1.00000
vt 0.00000 1.00000
vt 0.00000 1.00000
vt 0.00000 1.00000
vt 0.00000 1.00000
vt 0.00000 1.00000
vt 0.00000 1.00000
vt 0.00000 1.00000
vt 0.00000 1.00000
vt 0.00000 1.00000
vt 0.00000 1.00000
vt 0.00000 1.00000
vt 0.00000 1.00000
vt 0.00000 1.00000
vt 0.00000 1.00000
vt 0.00000 1.00000
vt 0.00000 1.00000
vt 0.00000 1.00000
vt 0.00000 1.00000
vt 0.00000 1.00000
vt 0.00000 1.00000
vt 0.00000 1.00000
vt 0.00000 1.00000
vt 0.00000 1.00000
vt 0.00000 1.00000
vt 0.00000 1.00000
vt 0.00000 1.00000
vt 0.00000 1.00000
vt 0.00000 1.00000
vt 0.00000 1.00000
vt 0.00000 1.00000
vt 0.00000 1.00000
vt 0.00000 1.00000
vt 0.00000 1.00000
vt 0.00000 1.00000
vt 0.00000 1.00000
vt 0.00000 1.00000
vt 0.00000 1.00000
vt 0.00000 1.00000
vt 0.00000 1.00000
vt 0.00000 1.00000
vt 0.00000 1.00000
vt 0.00000 1.00000
vt 0.00000 1.00000
vt 0.00000 1.00000
vt 0.00000 1.00000
vt 0.00000 1.00000
vt 0.00000 1.00000
vt 0.00000 1.00000
vt 0.00000 1.00000
vt 0.00000 1.00000
vt 0.00000 1.00000
vt 0.00000 1.00000
vt 0.00000 1.00000
vt 0.00000 1.00000
vt 0.00000 1.00000
vt 0.00000 1.00000
vt 0.00000 1.00000
vt 0.00000 1.00000
vt 0.00000 1.00000
vt 0.00000 1.00000
vt 0.00000 1.00000
vt 0.00000 1.00000
vt 0.00000 1.00000
vt 0.00000 1.00000
vt 0.00000 1.00000
vt 0.00000 1.00000
vt 0.00000 1.00000
vt 0.00000 1.00000
vt 0.00000 1.00000
vt 0.00000 1.00000
vt 0.00000 1.00000
vt 0.00000 1.00000
vt 0.00000 1.00000
vt 0.00000 1.00000
vt 0.00000 1.00000
vt 0.00000 1.00000
vt 0.00000 1.00000
vt 0.00000 1.00000
vt 0.00000 1.00000
vt 0.00000 1.00000
vt 0.00000 1.00000
vt 0.00000 1.00000
vt 0.00000 1.00000
vt 0.00000 1.00000
vt 0.00000 1.00000
vt 0.00000 1.00000
vt 0.00000 1.00000
vt 0.00000 1.00000
vt 0.00000 1.00000
vt 0.00000 1.00000
vt 0.00000 1.00000
vt 0.00000 1.00000
vt 0.00000 1.00000
vt 0.00000 1.00000
vt 0.00000 1.00000
vt 0.00000 1.00000
vt 0.00000 1.00000
vt 0.00000 1.00000
vt 0.00000 1.00000
vt 0.00000 1.00000
vt 0.00000 1.00000
vt 0.00000 1.00000
vt 0.00000 1.00000
vt 0.00000 1.00000
vt 0.00000 1.00000
vt 0.00000 1.00000
vt 0.00000 1.00000
vt 0.00000 1.00000
vt 0.00000 1.00000
vt 0.00000 1.00000
vt 0.00000 1.00000
vt 0.00000 1.00000
vt 0.00000 1.00000
vt 0.00000 1.00000
vt 0.00000 1.00000
vt 0.00000 1.00000
vt 0.00000 1.00000
vt 0.00000 1.00000
vt 0.00000 1.00000
vt 0.00000 1.00000
vt 0.00000 1.00000
vt 0.00000 1.00000
vt 0.00000 1.00000
vt 0.00000 1.00000
vt 0.00000 1.00000
vt 0.00000 1.00000
vt 0.00000 1.00000
vt 0.00000 1.00000
vt 0.00000 1.00000
vt 0.00000 1.00000
vt 0.00000 1.00000
vt 0.00000 1.00000
vt 0.00000 1.00000
vt 0.00000 1.00000
vt 0.00000 1.00000
vt 0.00000 1.00000
vt 0.00000 1.00000
vt 0.00000 1.00000
vt 0.00000 1.00000
vt 0.00000 1.00000
vt 0.00000 1.00000
vt 0.00000 1.00000
vt 0.00000 1.00000
vt 0.00000 1.00000
vt 0.00000 1.00000
vt 0.00000 1.00000
vt 0.00000 1.00000
vt 0.00000 1.00000
vt 0.00000 1.00000
vt 0.00000 1.00000
vt 0.00000 1.00000
vt 0.00000 1.00000
vt 0.00000 1.00000
vt 0.00000 1.00000
vt 0.00000 1.00000
vt 0.00000 1.00000
vt 0.00000 1.00000
vt 0.00000 1.00000
vt 0.00000 1.00000
vt 0.00000 1.00000
vt 0.00000 1.00000
vt 0.00000 1.00000
vt 0.00000 1.00000
vt 0.00000 1.00000
vt 0.00000 1.00000
vt 0.00000 1.00000
vt 0.00000 1.00000
vt 0.00000 1.00000
vt 0.00000 1.00000
vt 0.00000 1.00000
vt 0.00000 1.00000
vt 0.00000 1.00000
vt 0.00000 1.00000
vt 0.00000 1.00000
vt 0.00000 1.00000
vt 0.00000 1.00000
vt 0.00000 1.00000
vt 0.00000 1.00000
vt 0.00000 1.00000
vt 0.00000 1.00000
vt 0.00000 1.00000
vt 0.00000 1.00000
vt 0.00000 1.00000
vt 0.00000 1.00000
vt 0.00000 1.00000
vt 0.00000 1.00000
vt 0.00000 1.00000
vt 0.00000 1.00000
vt 0.00000 1.00000
vt 0.00000 1.00000
vt 0.00000 1.00000
vt 0.00000 1.00000
vt 0.00000 1.00000
vt 0.00000 1.00000
vt 0.00000 1.00000
vt 0.00000 1.00000
vt 0.00000 1.00000
vt 0.00000 1.00000
vt 0.00000 1.00000
vt 0.00000 1.00000
vt 0.00000 1.00000
vt 0.00000 1.00000
vt 0.00000 1.00000
vt 0.00000 1.00000
vt 0.00000 1.00000
vt 0.00000 1.00000
vt 0.00000 1.00000
vt 0.00000 1.00000
vt 0.00000 1.00000
vt 0.00000 1.00000
vt 0.00000 1.00000
vt 0.00000 1.00000
vt 0.00000 1.00000
vt 0.00000 1.00000
vt 0.00000 1.00000
vt 0.00000 1.00000
vt 0.00000 1.00000
vt 0.00000 1.00000
vt 0.00000 1.00000
vt 0.00000 1.00000
vt 0.00000 1.00000
vt 0.00000 1.00000
vt 0.00000 1.00000
vt 0.00000 1.00000
vt 0.00000 1.00000
vt 0.00000 1.00000
vt 0.00000 1.00000
vt 0.00000 1.00000
vt 0.00000 1.00000
vt 0.00000 1.00000
vt 0.00000 1.00000
vt 0.00000 1.00000
vt 0.00000 1.00000
vt 0.00000 1.00000
vt 0.00000 1.00000
vt 0.00000 1.00000
vt 0.00000 1.00000
vt 0.00000 1.00000
vt 0.00000 1.00000
vt 0.00000 1.00000
vt 0.00000 1.00000
vt 0.00000 1.00000
vt 0.00000 1.00000
vt 0.00000 1.00000
vt 0.00000 1.00000
vt 0.00000 1.00000
vt 0.00000 1.00000
vt 0.00000 1.00000
vt 0.00000 1.00000
vt 0.00000 1.00000
vt 0.00000 1.00000
vt 0.00000 1.00000
vt 0.00000 1.00000
vt 0.00000 1.00000
vt 0.00000 1.00000
vt 0.00000 1.00000
vt 0.00000 1.00000
vt 0.00000 1.00000
vt 0.00000 1.00000
vt 0.00000 1.00000
vt 0.00000 1.00000
vt 0.00000 1.00000
vt 0.00000 1.00000
vt 0.00000 1.00000
vt 0.00000 1.00000
vt 0.00000 1.00000
vt 0.00000 1.00000
vt 0.00000 1.00000
vt 0.00000 1.00000
vt 0.00000 1.00000
vt 0.00000 1.00000
vt 0.00000 1.00000
vt 0.00000 1.00000
vt 0.00000 1.00000
vt 0.00000 1.00000
vt 0.00000 1.00000
vt 0.00000 1.00000
vt 0.00000 1.00000
vt 0.00000 1.00000
vt 0.00000 1.00000
vt 0.00000 1.00000
vt 0.00000 1.00000
vt 0.00000 1.00000
vt 0.00000 1.00000
vt 0.00000 1.00000
vt 0.00000 1.00000
vt 0.00000 1.00000
vt 0.00000 1.00000
vt 0.00000 1.00000
vt 0.00000 1.00000
vt 0.00000 1.00000
vt 0.00000 1.00000
vt 0.00000 1.00000
vt 0.00000 1.00000
vt 0.00000 1.00000
vt 0.00000 1.00000
vt 0.00000 1.00000
vt 0.00000 1.00000
vt 0.00000 1.00000
vt 0.00000 1.00000
vt 0.00000 1.00000
vt 0.00000 1.00000
vt 0.00000 1.00000
vt 0.00000 1.00000
vt 0.00000 1.00000
vt 0.00000 1.00000
vt 0.00000 1.00000
vt 0.00000 1.00000
vt 0.00000 1.00000
vt 0.00000 1.00000
vt 0.00000 1.00000
vt 0.00000 1.00000
vt 0.00000 1.00000
vt 0.00000 1.00000
vt 0.00000 1.00000
vt 0.00000 1.00000
vt 0.00000 1.00000
vt 0.00000 1.00000
vt 0.00000 1.00000
vt 0.00000 1.00000
vt 0.00000 1.00000
vt 0.00000 1.00000
vt 0.00000 1.00000
vt 0.00000 1.00000
vt 0.00000 1.00000
vt 0.00000 1.00000
vt 0.00000 1.00000
vt 0.00000 1.00000
vt 0.00000 1.00000
vt 0.00000 1.00000
vt 0.00000 1.00000
vt 0.00000 1.00000
vt 0.00000 1.00000
vt 0.00000 1.00000
vt 0.00000 1.00000
vt 0.00000 1.00000
vt 0.00000 1.00000
vt 0.00000 1.00000
usemtl needles
f 649/649 650/650 651/651
f 652/652 653/653 654/654
f 655/655 656/656 657/657
f 658/658 659/659 660/660
f 661/661 662/662 663/663
f 664/664 665/665 666/666
f 667/667 668/668 669/669
f 670/670 671/671 672/672
f 673/673 674/674 675/675
f 676/676 677/677 678/678
f 679/679 680/680 681/681
f 682/682 683/683 684/684
f 685/685 686/686 687/687
f 688/688 689/689 690/690
f 691/691 692/692 693/693
f 694/694 695/695 696/696
f 697/697 698/698 699/699
f 700/700 701/701 702/702
f 703/703 704/704 705/705
f 706/706 707/707 708/708
f 709/709 710/710 711/711
f 712/712 713/713 714/714
f 715/715 716/716 717/717
f 718/718 719/719 720/720
f 721/721 722/722 723/723
f 724/724 725/725 726/726
f 727/727 728/728 729/729
f 730/730 731/731 732/732
f 733/733 734/734 735/735
f 736/736 737/737 738/738
f 739/739 740/740 741/741
f 742/742 743/743 744/744
f 745/745 746/746 747/747
f 748/748 749/749 750/750
f 751/751 752/752 753/753
f 754/754 755/755 756/756
f 757/757 758/758 759/759
f 760/760 761/761 762/762
f 763/763 764/764 765/765
f 766/766 767/767 768/768
f 769/769 770/770 771/771
f 772/772 773/773 774/774
f 775/775 776/776 777/777
f 778/778 779/779 780/780
f 781/781 782/782 783/783
f 784/784 785/785 786/786
f 787/787 788/788 789/789
f 790/790 791/791 792/792
f 793/793 794/794 795/795
f 796/796 797/797 798/798
f 799/799 800/800 801/801
f 802/802 803/803 804/804
f 805/805 806/806 807/807
f 808/808 809/809 810/810
f 811/811 812/812 813/813
f 814/814 815/815 816/816
f 817/817 818/818 819/819
f 820/820 821/821 822/822
f 823/823 824/824 825/825
f 826/826 827/827 828/828
f 829/829 830/830 831/831
f 832/832 833/833 834/834
f 835/835 836/836 837/837
f 838/838 839/839 840/840
f 841/841 842/842 843/843
f 844/844 845/845 846/846
f 847/847 848/848 849/849
f 850/850 851/851 852/852
f 853/853 854/854 855/855
f 856/856 857/857 858/858
f 859/859 860/860 861/861
f 862/862 863/863 864/864
f 865/865 866/866 867/867
f 868/868 869/869 870/870
f 871/871 872/872 873/873
f 874/874 875/875 876/876
f 877/877 878/878 879/879
f 880/880 881/881 882/882
f 883/883 884/884 885/885
f 886/886 887/887 888/888
f 889/889 890/890 891/891
f 892/892 893/893 894/894
f 895/895 896/896 897/897
f 898/898 899/899 900/900
f 901/901 902/902 903/903
f 904/904 905/905 906/906
f 907/907 908/908 909/909
f 910/910 911/911 912/912
f 913/913 914/914 915/915
f 916/916 917/917 918/918
f 919/919 920/920 921/921
f 922/922 923/923 924/924
f 925/925 926/926 927/927
f 928/928 929/929 930/930
f 931/931 932/932 933/933
f 934/934 935/935 936/936
f 937/937 938/938 939/939
f 940/940 941/941 942/942
f 943/943 944/944 945/945
f 946/946 947/947 948/948
f 949/949 950/950 951/951
f 952/952 953/953 954/954
f 955/955 956/956 957/957
f 958/958 959/959 960/960
f 961/961 962/962 963/963
f 964/964 965/965 966/966
f 967/967 968/968 969/969
f 970/970 971/971 972/972
f 973/973 974/974 975/975
f 976/976 977/977 978/978
f 979/979 980/980 981/981
f 982/982 983/983 984/984
f 985/985 986/986 987/987
f 988/988 989/989 990/990
f 991/991 992/992 993/993
f 994/994 995/995 996/996
f 997/997 998/998 999/999
f 1000/1000 1001/1001 1002/1002
f 1003/1003 1004/1004 1005/1005
f 1006/1006 1007/1007 1008/1008
f 1009/1009 1010/1010 1011/1011
f 1012/1012 1013/1013 1014/1014
f 1015/1015 1016/1016 1017/1017
f 1018/1018 1019/1019 1020/1020
f 1021/1021 1022/1022 1023/1023
f 1024/1024 1025/1025 1026/1026
f 1027/1027 1028/1028 1029/1029
f 1030/1030 1031/1031 1032/1032
f 1033/1033 1034/1034 1035/1035
f 1036/1036 1037/1037 1038/1038
f 1039/1039 1040/1040 1041/1041
f 1042/1042 1043/1043 1044/1044
f 1045/1045 1046/1046 1047/1047
f 1048/1048 1049/1049 1050/1050
f 1051/1051 1052/1052 1053/1053
f 1054/1054 1055/1055 1056/1056
f 1057/1057 1058/1058 1059/1059
f 1060/1060 1061/1061 1062/1062
f 1063/1063 1064/1064 1065/1065
f 1066/1066 1067/1067 1068/1068
f 1069/1069 1070/1070 1071/1071
f 1072/1072 1073/1073 1074/1074
f 1075/1075 1076/1076 1077/1077
f 1078/1078 1079/1079 1080/1080
f 1081/1081 1082/1082 1083/1083
f 1084/1084 1085/1085 1086/1086
f 1087/1087 1088/1088 1089/1089
f 1090/1090 1091/1091 1092/1092
f 1093/1093 1094/1094 1095/1095
f 1096/1096 1097/1097 1098/1098
f 1099/1099 1100/1100 1101/1101
f 1102/1102 1103/1103 1104/1104
f 1105/1105 1106/1106 1107/1107
f 1108/1108 1109/1109 1110/1110
f 1111/1111 1112/1112 1113/1113
f 1114/1114 1115/1115 1116/1116
f 1117/1117 1118/1118 1119/1119
f 1120/1120 1121/1121 1122/1122
f 1123/1123 1124/1124 1125/1125
f 1126/1126 1127/1127 1128/1128
f 1129/1129 1130/1130 1131/1131
f 1132/1132 1133/1133 1134/1134
f 1135/1135 1136/1136 1137/1137
f 1138/1138 1139/1139 1140/1140
f 1141/1141 1142/1142 1143/1143
f 1144/1144 1145/1145 1146/1146
f 1147/1147 1148/1148 1149/1149
f 1150/1150 1151/1151 1152/1152
f 1153/1153 1154/1154 1155/1155
f 1156/1156 1157/1157 1158/1158
f 1159/1159 1160/1160 1161/1161
f 1162/1162 1163/1163 1164/1164
f 1165/1165 1166/1166 1167/1167
f 1168/1168 1169/1169 1170/1170
f 1171/1171 1172/1172 1173/1173
f 1174/1174 1175/1175 1176/1176
f 1177/1177 1178/1178 1179/1179
f 1180/1180 1181/1181 1182/1182
f 1183/1183 1184/1184 1185/1185
f 1186/1186 1187/1187 1188/1188
f 1189/1189 1190/1190 1191/1191
f 1192/1192 1193/1193 1194/1194
f 1195/1195 1196/1196 1197/1197
f 1198/1198 1199/1199 1200/1200
f 1201/1201 1202/1202 1203/1203
f 1204/1204 1205/1205 1206/1206
f 1207/1207 1208/1208 1209/1209
f 1210/1210 1211/1211 1212/1212
f 1213/1213 1214/1214 1215/1215
f 1216/1216 1217/1217 1218/1218
f 1219/1219 1220/1220 1221/1221
f 1222/1222 1223/1223 1224/1224
f 1225/1225 1226/1226 1227/1227
f 1228/1228 1229/1229 1230/1230
f 1231/1231 1232/1232 1233/1233
f 1234/1234 1235/1235 1236/1236
f 1237/1237 1238/1238 1239/1239
f 1240/1240 1241/1241 1242/1242
f 1243/1243 1244/1244 1245/1245
f 1246/1246 1247/1247 1248/1248
f 1249/1249 1250/1250 1251/1251
f 1252/1252 1253/1253 1254/1254
f 1255/1255 1256/1256 1257/1257
f 1258/1258 1259/1259 1260/1260
f 1261/1261 1262/1262 1263/1263
f 1264/1264 1265/1265 1266/1266
f 1267/1267 1268/1268 1269/1269
f 1270/1270 1271/1271 1272/1272
f 1273/1273 1274/1274 1275/1275
f 1276/1276 1277/1277 1278/1278
f 1279/1279 1280/1280 1281/1281
f 1282/1282 1283/1283 1284/1284
f 1285/1285 1286/1286 1287/1287
f 1288/1288 1289/1289 1290/1290
f 1291/1291 1292/1292 1293/1293
f 1294/1294 1295/1295 1296/1296
f 1297/1297 1298/1298 1299/1299
f 1300/1300 1301/1301 1302/1302
f 1303/1303 1304/1304 1305/1305
f 1306/1306 1307/1307 1308/1308
f 1309/1309 1310/1310 1311/1311
f 1312/1312 1313/1313 1314/1314
f 1315/1315 1316/1316 1317/1317
f 1318/1318 1319/1319 1320/1320
f 1321/1321 1322/1322 1323/1323
f 1324/1324 1325/1325 1326/1326
f 1327/1327 1328/1328 1329/1329
f 1330/1330 1331/1331 1332/1332
f 1333/1333 1334/1334 1335/1335
f 1336/1336 1337/1337 1338/1338
f 1339/1339 1340/1340 1341/1341
f 1342/1342 1343/1343 1344/1344
f 1345/1345 1346/1346 1347/1347
f 1348/1348 1349/1349 1350/1350
f 1351/1351 1352/1352 1353/1353
f 1354/1354 1355/1355 1356/1356
f 1357/1357 1358/1358 1359/1359
f 1360/1360 1361/1361 1362/1362
f 1363/1363 1364/1364 1365/1365
f 1366/1366 1367/1367 1368/1368
f 1369/1369 1370/1370 1371/1371
f 1372/1372 1373/1373 1374/1374
f 1375/1375 1376/1376 1377/1377
f 1378/1378 1379/1379 1380/1380
f 1381/1381 1382/1382 1383/1383
f 1384/1384 1385/1385 1386/1386
f 1387/1387 1388/1388 1389/1389
f 1390/1390 1391/1391 1392/1392
f 1393/1393 1394/1394 1395/1395
f 1396/1396 1397/1397 1398/1398
f 1399/1399 1400/1400 1401/1401
f 1402/1402 1403/1403 1404/1404
f 1405/1405 1406/1406 1407/1407
f 1408/1408 1409/1409 1410/1410
f 1411/1411 1412/1412 1413/1413
f 1414/1414 1415/1415 1416/1416
f 1417/1417 1418/1418 1419/1419
f 1420/1420 1421/1421 1422/1422
f 1423/1423 1424/1424 1425/1425
f 1426/1426 1427/1427 1428/1428
f 1429/1429 1430/1430 1431/1431
f 1432/1432 1433/1433 1434/1434
f 1435/1435 1436/1436 1437/1437
f 1438/1438 1439/1439 1440/1440
f 1441/1441 1442/1442 1443/1443
f 1444/1444 1445/1445 1446/1446
f 1447/1447 1448/1448 1449/1449
f 1450/1450 1451/1451 1452/1452
f 1453/1453 1454/1454 1455/1455
f 1456/1456 1457/1457 1458/1458
f 1459/1459 1460/1460 1461/1461
f 1462/1462 1463/1463 1464/1464
f 1465/1465 1466/1466 1467/1467
f 1468/1468 1469/1469 1470/1470
f 1471/1471 1472/1472 1473/1473
f 1474/1474 1475/1475 1476/1476
f 1477/1477 1478/1478 1479/1479
f 1480/1480 1481/1481 1482/1482
f 1483/1483 1484/1484 1485/1485
f 1486/1486 1487/1487 1488/1488
f 1489/1489 1490/1490 1491/1491
f 1492/1492 1493/1493 1494/1494
f 1495/1495 1496/1496 1497/1497
f 1498/1498 1499/1499 1500/1500
f 1501/1501 1502/1502 1503/1503
f 1504/1504 1505/1505 1506/1506
f 1507/1507 1508/1508 1509/1509
f 1510/1510 1511/1511 1512/1512
f 1513/1513 1514/1514 1515/1515
f 1516/1516 1517/1517 1518/1518
f 1519/1519 1520/1520 1521/1521
f 1522/1522 1523/1523 1524/1524
f 1525/1525 1526/1526 1527/1527
f 1528/1528 1529/1529 1530/1530
f 1531/1531 1532/1532 1533/1533
f 1534/1534 1535/1535 1536/1536
f 1537/1537 1538/1538 1539/1539
f 1540/1540 1541/1541 1542/1542
f 1543/1543 1544/1544 1545/1545
f 1546/1546 1547/1547 1548/1548
f 1549/1549 1550/1550 1551/1551
f 1552/1552 1553/1553 1554/1554
f 1555/1555 1556/1556 1557/1557
f 1558/1558 1559/1559 1560/1560
f 1561/1561 1562/1562 1563/1563
f 1564/1564 1565/1565 1566/1566
f 1567/1567 1568/1568 1569/1569
f 1570/1570 1571/1571 1572/1572
f 1573/1573 1574/1574 1575/1575
f 1576/1576 1577/1577 1578/1578
f 1579/1579 1580/1580 1581/1581
f 1582/1582 1583/1583 1584/1584
f 1585/1585 1586/1586 1587/1587
f 1588/1588 1589/1589 1590/1590
f 1591/1591 1592/1592 1593/1593
f 1594/1594 1595/1595 1596/1596
f 1597/1597 1598/1598 1599/1599
f 1600/1600 1601/1601 1602/1602
f 1603/1603 1604/1604 1605/1605
f 1606/1606 1607/1607 1608/1608
f 1609/1609 1610/1610 1611/1611
f 1612/1612 1613/1613 1614/1614
f 1615/1615 1616/1616 1617/1617
f 1618/1618 1619/1619 1620/1620
f 1621/1621 1622/1622 1623/1623
f 1624/1624 1625/1625 1626/1626
f 1627/1627 1628/1628 1629/1629
f 1630/1630 1631/1631 1632/1632
f 1633/1633 1634/1634 1635/1635
f 1636/1636 1637/1637 1638/1638
f 1639/1639 1640/1640 1641/1641
f 1642/1642 1643/1643 1644/1644
f 1645/1645 1646/1646 1647/1647
f 1648/1648 1649/1649 1650/1650
f 1651/1651 1652/1652 1653/1653
f 1654/1654 1655/1655 1656/1656
f 1657/1657 1658/1658 1659/1659
f 1660/1660 1661/1661 1662/1662
f 1663/1663 1664/1664 1665/1665
f 1666/1666 1667/1667 1668/1668
f 1669/1669 1670/1670 1671/1671
f 1672/1672 1673/1673 1674/1674
f 1675/1675 1676/1676 1677/1677
f 1678/1678 1679/1679 1680/1680
f 1681/1681 1682/1682 1683/1683
f 1684/1684 1685/1685 1686/1686
f 1687/1687 1688/1688 1689/1689
f 1690/1690 1691/1691 1692/1692
f 1693/1693 1694/1694 1695/1695
f 1696/1696 1697/1697 1698/1698
f 1699/1699 1700/1700 1701/1701
f 1702/1702 1703/1703 1704/1704
f 1705/1705 1706/1706 1707/1707
f 1708/1708 1709/1709 1710/1710
f 1711/1711 1712/1712 1713/1713
f 1714/1714 1715/1715 1716/1716
f 1717/1717 1718/1718 1719/1719
f 1720/1720 1721/1721 1722/1722
f 1723/1723 1724/1724 1725/1725
f 1726/1726 1727/1727 1728/1728
f 1729/1729 1730/1730 1731/1731
f 1732/1732 1733/1733 1734/1734
f 1735/1735 1736/1736 1737/1737
f 1738/1738 1739/1739 1740/1740
f 1741/1741 1742/1742 1743/1743
f 1744/1744 1745/1745 1746/1746
f 1747/1747 1748/1748 1749/1749
f 1750/1750 1751/1751 1752/1752
f 1753/1753 1754/1754 1755/1755
f 1756/1756 1757/1757 1758/1758
f 1759/1759 1760/1760 1761/1761
f 1762/1762 1763/1763 1764/1764
f 1765/1765 1766/1766 1767/1767
f 1768/1768 1769/1769 1770/1770
f 1771/1771 1772/1772 1773/1773
f 1774/1774 1775/1775 1776/1776
f 1777/1777 1778/1778 1779/1779
f 1780/1780 1781/1781 1782/1782
f 1783/1783 1784/1784 1785/1785
f 1786/1786 1787/1787 1788/1788
f 1789/1789 1790/1790 1791/1791
f 1792/1792 1793/1793 1794/1794
f 1795/1795 1796/1796 1797/1797
f 1798/1798 1799/1799 1800/1800
f 1801/1801 1802/1802 1803/1803
f 1804/1804 1805/1805 1806/1806
f 1807/1807 1808/1808 1809/1809
f 1810/1810 1811/1811 1812/1812
f 1813/1813 1814/1814 1815/1815
f 1816/1816 1817/1817 1818/1818
f 1819/1819 1820/1820 1821/1821
f 1822/1822 1823/1823 1824/1824
f 1825/1825 1826/1826 1827/1827
f 1828/1828 1829/1829 1830/1830
f 1831/1831 1832/1832 1833/1833
f 1834/1834 1835/1835 1836/1836
f 1837/1837 1838/1838 1839/1839
f 1840/1840 1841/1841 1842/1842
f 1843/1843 1844/1844 1845/1845
f 1846/1846 1847/1847 1848/1848
f 1849/1849 1850/1850 1851/1851
f 1852/1852 1853/1853 1854/1854
f 1855/1855 1856/1856 1857/1857
f 1858/1858 1859/1859 1860/1860
f 1861/1861 1862/1862 1863/1863
f 1864/1864 1865/1865 1866/1866
f 1867/1867 1868/1868 1869/1869
f 1870/1870 1871/1871 1872/1872
f 1873/1873 1874/1874 1875/1875
f 1876/1876 1877/1877 1878/1878
f 1879/1879 1880/1880 1881/1881
f 1882/1882 1883/1883 1884/1884
f 1885/1885 1886/1886 1887/1887
f 1888/1888 1889/1889 1890/1890
f 1891/1891 1892/1892 1893/1893
f 1894/1894 1895/1895 1896/1896
f 1897/1897 1898/1898 1899/1899
f 1900/1900 1901/1901 1902/1902
f 1903/1903 1904/1904 1905/1905
f 1906/1906 1907/1907 1908/1908
f 1909/1909 1910/1910 1911/1911
f 1912/1912 1913/1913 1914/1914
f 1915/1915 1916/1916 1917/1917
f 1918/1918 1919/1919 1920/1920
f 1921/1921 1922/1922 1923/1923
f 1924/1924 1925/1925 1926/1926
f 1927/1927 1928/1928 1929/1929
f 1930/1930 1931/1931 1932/1932
f 1933/1933 1934/1934 1935/1935
f 1936/1936 1937/1937 1938/1938
f 1939/1939 1940/1940 1941/1941
f 1942/1942 1943/1943 1944/1944
f 1945/1945 1946/1946 1947/1947
f 1948/1948 1949/1949 1950/1950
f 1951/1951 1952/1952 1953/1953
f 1954/1954 1955/1955 1956/1956
f 1957/1957 1958/1958 1959/1959
f 1960/1960 1961/1961 1962/1962
f 1963/1963 1964/1964 1965/1965
f 1966/1966 1967/1967 1968/1968
f 1969/1969 1970/1970 1971/1971
f 1972/1972 1973/1973 1974/1974
f 1975/1975 1976/1976 1977/1977
f 1978/1978 1979/1979 1980/1980
f 1981/1981 1982/1982 1983/1983
f 1984/1984 1985/1985 1986/1986
f 1987/1987 1988/1988 1989/1989
f 1990/1990 1991/1991 1992/1992
f 1993/1993 1994/1994 1995/1995
f 1996/1996 1997/1997 1998/1998
f 1999/1999 2000/2000 2001/2001
f 2002/2002 2003/2003 2004/2004
f 2005/2005 2006/2006 2007/2007
f 2008/2008 2009/2009 2010/2010
f 2011/2011 2012/2012 2013/2013
f 2014/2014 2015/2015 2016/2016
f 2017/2017 2018/2018 2019/2019
f 2020/2020 2021/2021 2022/2022
f 2023/2023 2024/2024 2025/2025
f 2026/2026 2027/2027 2028/2028
f 2029/2029 2030/2030 2031/2031
f 2032/2032 2033/2033 2034/2034
f 2035/2035 2036/2036 2037/2037
f 2038/2038 2039/2039 2040/2040
f 2041/2041 2042/2042 2043/2043
f 2044/2044 2045/2045 2046/2046
f 2047/2047 2048/2048 2049/2049
f 2050/2050 2051/2051 2052/2052
f 2053/2053 2054/2054 2055/2055
f 2056/2056 2057/2057 2058/2058
f 2059/2059 2060/2060 2061/2061
f 2062/2062 2063/2063 2064/2064
f 2065/2065 2066/2066 2067/2067
f 2068/2068 2069/2069 2070/2070
f 2071/2071 2072/2072 2073/2073
f 2074/2074 2075/2075 2076/2076
f 2077/2077 2078/2078 2079/2079
f 2080/2080 2081/2081 2082/2082
f 2083/2083 2084/2084 2085/2085
f 2086/2086 2087/2087 2088/2088
f 2089/2089 2090/2090 2091/2091
f 2092/2092 2093/2093 2094/2094
f 2095/2095 2096/2096 2097/2097
f 2098/2098 2099/2099 2100/2100
f 2101/2101 2102/2102 2103/2103
f 2104/2104 2105/2105 2106/2106
f 2107/2107 2108/2108 2109/2109
f 2110/2110 2111/2111 2112/2112
f 2113/2113 2114/2114 2115/2115
f 2116/2116 2117/2117 2118/2118
f 2119/2119 2120/2120 2121/2121
f 2122/2122 2123/2123 2124/2124
f 2125/2125 2126/2126 2127/2127
f 2128/2128 2129/2129 2130/2130
f 2131/2131 2132/2132 2133/2133
f 2134/2134 2135/2135 2136/2136
f 2137/2137 2138/2138 2139/2139
f 2140/2140 2141/2141 2142/2142
f 2143/2143 2144/2144 2145/2145
f 2146/2146 2147/2147 2148/2148
f 2149/2149 2150/2150 2151/2151
f 2152/2152 2153/2153 2154/2154
f 2155/2155 2156/2156 2157/2157
f 2158/2158 2159/2159 2160/2160
f 2161/2161 2162/2162 2163/2163
f 2164/2164 2165/2165 2166/2166
f 2167/2167 2168/2168 2169/2169
f 2170/2170 2171/2171 2172/2172
f 2173/2173 2174/2174 2175/2175
f 2176/2176 2177/2177 2178/2178
f 2179/2179 2180/2180 2181/2181
f 2182/2182 2183/2183 2184/2184
f 2185/2185 2186/2186 2187/2187
f 2188/2188 2189/2189 2190/2190
f 2191/2191 2192/2192 2193/2193
f 2194/2194 2195/2195 2196/2196
f 2197/2197 2198/2198 2199/2199
f 2200/2200 2201/2201 2202/2202
f 2203/2203 2204/2204 2205/2205
f 2206/2206 2207/2207 2208/2208
f 2209/2209 2210/2210 2211/2211
f 2212/2212 2213/2213 2214/2214
f 2215/2215 2216/2216 2217/2217
f 2218/2218 2219/2219 2220/2220
f 2221/2221 2222/2222 2223/2223
f 2224/2224 2225/2225 2226/2226
f 2227/2227 2228/2228 2229/2229
f 2230/2230 2231/2231 2232/2232
f 2233/2233 2234/2234 2235/2235
f 2236/2236 2237/2237 2238/2238
f 2239/2239 2240/2240 2241/2241
f 2242/2242 2243/2243 2244/2244
f 2245/2245 2246/2246 2247/2247
f 2248/2248 2249/2249 2250/2250
f 2251/2251 2252/2252 2253/2253
f 2254/2254 2255/2255 2256/2256
f 2257/2257 2258/2258 2259/2259
f 2260/2260 2261/2261 2262/2262
f 2263/2263 2264/2264 2265/2265
f 2266/2266 2267/2267 2268/2268
