# Generated by TyraX. Do not edit - rebaked from the procedural graph of 'pines'.
# 93 instances of res/models/pine.obj
mtllib props.mtl
v -0.2142 10.4379 1.2357
v -0.3522 10.4340 1.4868
v -0.2681 12.1093 1.5596
v -0.2142 10.4379 1.2357
v -0.2681 12.1093 1.5596
v -0.1301 12.1133 1.3084
v -0.3522 10.4340 1.4868
v -0.6030 10.4525 1.3494
v -0.5189 12.1279 1.4221
v -0.3522 10.4340 1.4868
v -0.5189 12.1279 1.4221
v -0.2681 12.1093 1.5596
v -0.6030 10.4525 1.3494
v -0.4650 10.4565 1.0982
v -0.3809 12.1319 1.1710
v -0.6030 10.4525 1.3494
v -0.3809 12.1319 1.1710
v -0.5189 12.1279 1.4221
v -0.4650 10.4565 1.0982
v -0.2142 10.4379 1.2357
v -0.1301 12.1133 1.3084
v -0.4650 10.4565 1.0982
v -0.1301 12.1133 1.3084
v -0.3809 12.1319 1.1710
v -38.7799 10.5757 -31.9482
v -38.7838 10.5754 -31.6776
v -38.8119 12.1602 -31.6764
v -38.7799 10.5757 -31.9482
v -38.8119 12.1602 -31.6764
v -38.8080 12.1605 -31.9469
v -38.7838 10.5754 -31.6776
v -39.0543 10.5706 -31.6815
v -39.0823 12.1554 -31.6803
v -38.7838 10.5754 -31.6776
v -39.0823 12.1554 -31.6803
v -38.8119 12.1602 -31.6764
v -39.0543 10.5706 -31.6815
v -39.0504 10.5709 -31.9520
v -39.0785 12.1557 -31.9508
v -39.0543 10.5706 -31.6815
v -39.0785 12.1557 -31.9508
v -39.0823 12.1554 -31.6803
v -39.0504 10.5709 -31.9520
v -38.7799 10.5757 -31.9482
v -38.8080 12.1605 -31.9469
v -39.0504 10.5709 -31.9520
v -38.8080 12.1605 -31.9469
v -39.0785 12.1557 -31.9508
v 19.5495 11.6919 37.2122
v 19.6133 11.6909 36.9680
v 19.6198 13.1696 36.9635
v 19.5495 11.6919 37.2122
v 19.6198 13.1696 36.9635
v 19.5560 13.1707 37.2077
v 19.6133 11.6909 36.9680
v 19.8575 11.6901 37.0319
v 19.8640 13.1688 37.0274
v 19.6133 11.6909 36.9680
v 19.8640 13.1688 37.0274
v 19.6198 13.1696 36.9635
v 19.8575 11.6901 37.0319
v 19.7937 11.6911 37.2761
v 19.8001 13.1698 37.2716
v 19.8575 11.6901 37.0319
v 19.8001 13.1698 37.2716
v 19.8640 13.1688 37.0274
v 19.7937 11.6911 37.2761
v 19.5495 11.6919 37.2122
v 19.5560 13.1707 37.2077
v 19.7937 11.6911 37.2761
v 19.5560 13.1707 37.2077
v 19.8001 13.1698 37.2716
v 32.6868 11.0187 18.7767
v 32.9371 11.0219 18.9385
v 32.9296 12.7677 18.9159
v 32.6868 11.0187 18.7767
v 32.9296 12.7677 18.9159
v 32.6794 12.7645 18.7541
v 32.9371 11.0219 18.9385
v 32.7752 11.0245 19.1887
v 32.7677 12.7702 19.1661
v 32.9371 11.0219 18.9385
v 32.7677 12.7702 19.1661
v 32.9296 12.7677 18.9159
v 32.7752 11.0245 19.1887
v 32.5250 11.0213 19.0269
v 32.5175 12.7671 19.0043
v 32.7752 11.0245 19.1887
v 32.5175 12.7671 19.0043
v 32.7677 12.7702 19.1661
v 32.5250 11.0213 19.0269
v 32.6868 11.0187 18.7767
v 32.6794 12.7645 18.7541
v 32.5250 11.0213 19.0269
v 32.6794 12.7645 18.7541
v 32.5175 12.7671 19.0043
v -19.5152 10.8018 -19.0552
v -19.3423 10.7995 -19.3496
v -19.2391 12.7966 -19.3041
v -19.5152 10.8018 -19.0552
v -19.2391 12.7966 -19.3041
v -19.4120 12.7989 -19.0097
v -19.3423 10.7995 -19.3496
v -19.0484 10.7804 -19.1768
v -18.9452 12.7775 -19.1313
v -19.3423 10.7995 -19.3496
v -18.9452 12.7775 -19.1313
v -19.2391 12.7966 -19.3041
v -19.0484 10.7804 -19.1768
v -19.2214 10.7827 -18.8824
v -19.1182 12.7797 -18.8369
v -19.0484 10.7804 -19.1768
v -19.1182 12.7797 -18.8369
v -18.9452 12.7775 -19.1313
v -19.2214 10.7827 -18.8824
v -19.5152 10.8018 -19.0552
v -19.4120 12.7989 -19.0097
v -19.2214 10.7827 -18.8824
v -19.4120 12.7989 -19.0097
v -19.1182 12.7797 -18.8369
v 5.1698 11.5062 -29.3526
v 5.1926 11.5051 -29.5759
v 5.3435 12.8114 -29.5665
v 5.1698 11.5062 -29.3526
v 5.3435 12.8114 -29.5665
v 5.3207 12.8124 -29.3432
v 5.1926 11.5051 -29.5759
v 5.4144 11.4794 -29.5531
v 5.5653 12.7856 -29.5437
v 5.1926 11.5051 -29.5759
v 5.5653 12.7856 -29.5437
v 5.3435 12.8114 -29.5665
v 5.4144 11.4794 -29.5531
v 5.3916 11.4804 -29.3298
v 5.5424 12.7866 -29.3204
v 5.4144 11.4794 -29.5531
v 5.5424 12.7866 -29.3204
v 5.5653 12.7856 -29.5437
v 5.3916 11.4804 -29.3298
v 5.1698 11.5062 -29.3526
v 5.3207 12.8124 -29.3432
v 5.3916 11.4804 -29.3298
v 5.3207 12.8124 -29.3432
v 5.5424 12.7866 -29.3204
v 37.3806 10.9438 7.0766
v 37.2712 10.9430 7.2896
v 37.2106 12.3439 7.2638
v 37.3806 10.9438 7.0766
v 37.2106 12.3439 7.2638
v 37.3200 12.3447 7.0508
v 37.2712 10.9430 7.2896
v 37.0585 10.9318 7.1803
v 36.9979 12.3327 7.1545
v 37.2712 10.9430 7.2896
v 36.9979 12.3327 7.1545
v 37.2106 12.3439 7.2638
v 37.0585 10.9318 7.1803
v 37.1679 10.9326 6.9674
v 37.1073 12.3335 6.9416
v 37.0585 10.9318 7.1803
v 37.1073 12.3335 6.9416
v 36.9979 12.3327 7.1545
v 37.1679 10.9326 6.9674
v 37.3806 10.9438 7.0766
v 37.3200 12.3447 7.0508
v 37.1679 10.9326 6.9674
v 37.3200 12.3447 7.0508
v 37.1073 12.3335 6.9416
v -44.9279 10.6525 -39.4954
v -44.7592 10.6403 -39.6212
v -44.6795 11.8725 -39.6336
v -44.9279 10.6525 -39.4954
v -44.6795 11.8725 -39.6336
v -44.8481 11.8847 -39.5078
v -44.7592 10.6403 -39.6212
v -44.6335 10.6339 -39.4522
v -44.5537 11.8661 -39.4646
v -44.7592 10.6403 -39.6212
v -44.5537 11.8661 -39.4646
v -44.6795 11.8725 -39.6336
v -44.6335 10.6339 -39.4522
v -44.8021 10.6461 -39.3263
v -44.7224 11.8783 -39.3387
v -44.6335 10.6339 -39.4522
v -44.7224 11.8783 -39.3387
v -44.5537 11.8661 -39.4646
v -44.8021 10.6461 -39.3263
v -44.9279 10.6525 -39.4954
v -44.8481 11.8847 -39.5078
v -44.8021 10.6461 -39.3263
v -44.8481 11.8847 -39.5078
v -44.7224 11.8783 -39.3387
v 34.8103 11.6352 29.8848
v 35.1175 11.6574 29.9779
v 34.9805 13.5378 29.9806
v 34.8103 11.6352 29.8848
v 34.9805 13.5378 29.9806
v 34.6732 13.5155 29.8876
v 35.1175 11.6574 29.9779
v 35.0248 11.6502 30.2859
v 34.8878 13.5306 30.2887
v 35.1175 11.6574 29.9779
v 34.8878 13.5306 30.2887
v 34.9805 13.5378 29.9806
v 35.0248 11.6502 30.2859
v 34.7175 11.6279 30.1929
v 34.5805 13.5083 30.1957
v 35.0248 11.6502 30.2859
v 34.5805 13.5083 30.1957
v 34.8878 13.5306 30.2887
v 34.7175 11.6279 30.1929
v 34.8103 11.6352 29.8848
v 34.6732 13.5155 29.8876
v 34.7175 11.6279 30.1929
v 34.6732 13.5155 29.8876
v 34.5805 13.5083 30.1957
v 48.7888 12.7630 48.0986
v 48.7416 12.7663 47.9110
v 48.7707 13.8989 47.9235
v 48.7888 12.7630 48.0986
v 48.7707 13.8989 47.9235
v 48.8179 13.8956 48.1110
v 48.7416 12.7663 47.9110
v 48.9291 12.7620 47.8638
v 48.9582 13.8946 47.8763
v 48.7416 12.7663 47.9110
v 48.9582 13.8946 47.8763
v 48.7707 13.8989 47.9235
v 48.9291 12.7620 47.8638
v 48.9763 12.7587 48.0514
v 49.0054 13.8913 48.0638
v 48.9291 12.7620 47.8638
v 49.0054 13.8913 48.0638
v 48.9582 13.8946 47.8763
v 48.9763 12.7587 48.0514
v 48.7888 12.7630 48.0986
v 48.8179 13.8956 48.1110
v 48.9763 12.7587 48.0514
v 48.8179 13.8956 48.1110
v 49.0054 13.8913 48.0638
v 2.3062 10.4538 -7.9038
v 2.0361 10.4378 -7.8705
v 1.9388 12.0314 -7.8910
v 2.3062 10.4538 -7.9038
v 1.9388 12.0314 -7.8910
v 2.2088 12.0475 -7.9243
v 2.0361 10.4378 -7.8705
v 2.0031 10.4323 -8.1409
v 1.9057 12.0259 -8.1615
v 2.0361 10.4378 -7.8705
v 1.9057 12.0259 -8.1615
v 1.9388 12.0314 -7.8910
v 2.0031 10.4323 -8.1409
v 2.2731 10.4483 -8.1743
v 2.1758 12.0420 -8.1948
v 2.0031 10.4323 -8.1409
v 2.1758 12.0420 -8.1948
v 1.9057 12.0259 -8.1615
v 2.2731 10.4483 -8.1743
v 2.3062 10.4538 -7.9038
v 2.2088 12.0475 -7.9243
v 2.2731 10.4483 -8.1743
v 2.2088 12.0475 -7.9243
v 2.1758 12.0420 -8.1948
v -36.1473 9.6363 8.6424
v -36.1193 9.6350 8.8532
v -35.9907 10.8743 8.8442
v -36.1473 9.6363 8.6424
v -35.9907 10.8743 8.8442
v -36.0187 10.8756 8.6333
v -36.1193 9.6350 8.8532
v -36.3290 9.6569 8.8812
v -36.2004 10.8962 8.8721
v -36.1193 9.6350 8.8532
v -36.2004 10.8962 8.8721
v -35.9907 10.8743 8.8442
v -36.3290 9.6569 8.8812
v -36.3570 9.6583 8.6704
v -36.2284 10.8976 8.6613
v -36.3290 9.6569 8.8812
v -36.2284 10.8976 8.6613
v -36.2004 10.8962 8.8721
v -36.3570 9.6583 8.6704
v -36.1473 9.6363 8.6424
v -36.0187 10.8756 8.6333
v -36.3570 9.6583 8.6704
v -36.0187 10.8756 8.6333
v -36.2284 10.8976 8.6613
v -51.3816 10.7917 -45.3203
v -51.4778 10.7880 -45.4831
v -51.6015 11.8881 -45.4353
v -51.3816 10.7917 -45.3203
v -51.6015 11.8881 -45.4353
v -51.5053 11.8918 -45.2724
v -51.4778 10.7880 -45.4831
v -51.3163 10.8103 -45.5790
v -51.4400 11.9104 -45.5311
v -51.4778 10.7880 -45.4831
v -51.4400 11.9104 -45.5311
v -51.6015 11.8881 -45.4353
v -51.3163 10.8103 -45.5790
v -51.2201 10.8140 -45.4162
v -51.3438 11.9141 -45.3683
v -51.3163 10.8103 -45.5790
v -51.3438 11.9141 -45.3683
v -51.4400 11.9104 -45.5311
v -51.2201 10.8140 -45.4162
v -51.3816 10.7917 -45.3203
v -51.5053 11.8918 -45.2724
v -51.2201 10.8140 -45.4162
v -51.5053 11.8918 -45.2724
v -51.3438 11.9141 -45.3683
v 31.1923 10.7118 -12.8854
v 31.3041 10.7164 -13.0802
v 31.1519 12.0224 -13.1368
v 31.1923 10.7118 -12.8854
v 31.1519 12.0224 -13.1368
v 31.0400 12.0178 -12.9421
v 31.3041 10.7164 -13.0802
v 31.4972 10.7437 -12.9686
v 31.3449 12.0497 -13.0253
v 31.3041 10.7164 -13.0802
v 31.3449 12.0497 -13.0253
v 31.1519 12.0224 -13.1368
v 31.4972 10.7437 -12.9686
v 31.3853 10.7391 -12.7739
v 31.2330 12.0451 -12.8305
v 31.4972 10.7437 -12.9686
v 31.2330 12.0451 -12.8305
v 31.3449 12.0497 -13.0253
v 31.3853 10.7391 -12.7739
v 31.1923 10.7118 -12.8854
v 31.0400 12.0178 -12.9421
v 31.3853 10.7391 -12.7739
v 31.0400 12.0178 -12.9421
v 31.2330 12.0451 -12.8305
v 38.4869 12.3711 41.9721
v 38.3161 12.3610 41.8094
v 38.2419 13.7422 41.8010
v 38.4869 12.3711 41.9721
v 38.2419 13.7422 41.8010
v 38.4127 13.7524 41.9638
v 38.3161 12.3610 41.8094
v 38.4787 12.3687 41.6383
v 38.4045 13.7499 41.6300
v 38.3161 12.3610 41.8094
v 38.4045 13.7499 41.6300
v 38.2419 13.7422 41.8010
v 38.4787 12.3687 41.6383
v 38.6494 12.3788 41.8011
v 38.5753 13.7601 41.7927
v 38.4787 12.3687 41.6383
v 38.5753 13.7601 41.7927
v 38.4045 13.7499 41.6300
v 38.6494 12.3788 41.8011
v 38.4869 12.3711 41.9721
v 38.4127 13.7524 41.9638
v 38.6494 12.3788 41.8011
v 38.4127 13.7524 41.9638
v 38.5753 13.7601 41.7927
v 51.0849 11.9563 14.4024
v 51.0928 11.9565 14.2575
v 51.0543 12.8055 14.2563
v 51.0849 11.9563 14.4024
v 51.0543 12.8055 14.2563
v 51.0465 12.8054 14.4012
v 51.0928 11.9565 14.2575
v 51.2375 11.9631 14.2654
v 51.1990 12.8121 14.2641
v 51.0928 11.9565 14.2575
v 51.1990 12.8121 14.2641
v 51.0543 12.8055 14.2563
v 51.2375 11.9631 14.2654
v 51.2296 11.9629 14.4102
v 51.1912 12.8119 14.4090
v 51.2375 11.9631 14.2654
v 51.1912 12.8119 14.4090
v 51.1990 12.8121 14.2641
v 51.2296 11.9629 14.4102
v 51.0849 11.9563 14.4024
v 51.0465 12.8054 14.4012
v 51.2296 11.9629 14.4102
v 51.0465 12.8054 14.4012
v 51.1912 12.8119 14.4090
v 20.3587 10.8284 -22.6200
v 20.6048 10.8284 -22.6621
v 20.6248 12.2864 -22.5451
v 20.3587 10.8284 -22.6200
v 20.6248 12.2864 -22.5451
v 20.3787 12.2864 -22.5030
v 20.6048 10.8284 -22.6621
v 20.6467 10.8081 -22.4168
v 20.6668 12.2661 -22.2998
v 20.6048 10.8284 -22.6621
v 20.6668 12.2661 -22.2998
v 20.6248 12.2864 -22.5451
v 20.6467 10.8081 -22.4168
v 20.4006 10.8081 -22.3747
v 20.4207 12.2662 -22.2577
v 20.6467 10.8081 -22.4168
v 20.4207 12.2662 -22.2577
v 20.6668 12.2661 -22.2998
v 20.4006 10.8081 -22.3747
v 20.3587 10.8284 -22.6200
v 20.3787 12.2864 -22.5030
v 20.4006 10.8081 -22.3747
v 20.3787 12.2864 -22.5030
v 20.4207 12.2662 -22.2577
v 25.5666 11.7555 -52.0172
v 25.3192 11.7700 -51.8380
v 25.4565 13.5556 -51.7938
v 25.5666 11.7555 -52.0172
v 25.4565 13.5556 -51.7938
v 25.7039 13.5410 -51.9730
v 25.3192 11.7700 -51.8380
v 25.1410 11.7899 -52.0857
v 25.2783 13.5754 -52.0415
v 25.3192 11.7700 -51.8380
v 25.2783 13.5754 -52.0415
v 25.4565 13.5556 -51.7938
v 25.1410 11.7899 -52.0857
v 25.3884 11.7753 -52.2649
v 25.5257 13.5608 -52.2207
v 25.1410 11.7899 -52.0857
v 25.5257 13.5608 -52.2207
v 25.2783 13.5754 -52.0415
v 25.3884 11.7753 -52.2649
v 25.5666 11.7555 -52.0172
v 25.7039 13.5410 -51.9730
v 25.3884 11.7753 -52.2649
v 25.7039 13.5410 -51.9730
v 25.5257 13.5608 -52.2207
v -9.0866 12.0687 39.2884
v -9.1283 12.0729 39.6358
v -8.9104 14.1113 39.6377
v -9.0866 12.0687 39.2884
v -8.9104 14.1113 39.6377
v -8.8688 14.1072 39.2903
v -9.1283 12.0729 39.6358
v -9.4737 12.1098 39.5940
v -9.2559 14.1483 39.5959
v -9.1283 12.0729 39.6358
v -9.2559 14.1483 39.5959
v -8.9104 14.1113 39.6377
v -9.4737 12.1098 39.5940
v -9.4321 12.1057 39.2465
v -9.2142 14.1442 39.2485
v -9.4737 12.1098 39.5940
v -9.2142 14.1442 39.2485
v -9.2559 14.1483 39.5959
v -9.4321 12.1057 39.2465
v -9.0866 12.0687 39.2884
v -8.8688 14.1072 39.2903
v -9.4321 12.1057 39.2465
v -8.8688 14.1072 39.2903
v -9.2142 14.1442 39.2485
v -39.6226 10.9752 -48.0212
v -39.7717 10.9711 -48.1277
v -39.8206 12.0432 -48.1000
v -39.6226 10.9752 -48.0212
v -39.8206 12.0432 -48.1000
v -39.6715 12.0473 -47.9936
v -39.7717 10.9711 -48.1277
v -39.6655 10.9798 -48.2768
v -39.7144 12.0519 -48.2491
v -39.7717 10.9711 -48.1277
v -39.7144 12.0519 -48.2491
v -39.8206 12.0432 -48.1000
v -39.6655 10.9798 -48.2768
v -39.5164 10.9839 -48.1703
v -39.5653 12.0560 -48.1427
v -39.6655 10.9798 -48.2768
v -39.5653 12.0560 -48.1427
v -39.7144 12.0519 -48.2491
v -39.5164 10.9839 -48.1703
v -39.6226 10.9752 -48.0212
v -39.6715 12.0473 -47.9936
v -39.5164 10.9839 -48.1703
v -39.6715 12.0473 -47.9936
v -39.5653 12.0560 -48.1427
v 1.1391 11.1625 -24.4897
v 1.2017 11.1654 -24.7537
v 1.1220 12.7536 -24.7549
v 1.1391 11.1625 -24.4897
v 1.1220 12.7536 -24.7549
v 1.0593 12.7507 -24.4908
v 1.2017 11.1654 -24.7537
v 1.4654 11.1787 -24.6910
v 1.3857 12.7669 -24.6922
v 1.2017 11.1654 -24.7537
v 1.3857 12.7669 -24.6922
v 1.1220 12.7536 -24.7549
v 1.4654 11.1787 -24.6910
v 1.4028 11.1758 -24.4269
v 1.3231 12.7640 -24.4281
v 1.4654 11.1787 -24.6910
v 1.3231 12.7640 -24.4281
v 1.3857 12.7669 -24.6922
v 1.4028 11.1758 -24.4269
v 1.1391 11.1625 -24.4897
v 1.0593 12.7507 -24.4908
v 1.4028 11.1758 -24.4269
v 1.0593 12.7507 -24.4908
v 1.3231 12.7640 -24.4281
v 34.1254 10.7779 -31.2671
v 34.4859 10.7967 -31.3801
v 34.3726 13.0100 -31.3739
v 34.1254 10.7779 -31.2671
v 34.3726 13.0100 -31.3739
v 34.0121 12.9912 -31.2608
v 34.4859 10.7967 -31.3801
v 34.5988 10.8014 -31.0191
v 34.4855 13.0148 -31.0128
v 34.4859 10.7967 -31.3801
v 34.4855 13.0148 -31.0128
v 34.3726 13.0100 -31.3739
v 34.5988 10.8014 -31.0191
v 34.2383 10.7826 -30.9061
v 34.1250 12.9960 -30.8998
v 34.5988 10.8014 -31.0191
v 34.1250 12.9960 -30.8998
v 34.4855 13.0148 -31.0128
v 34.2383 10.7826 -30.9061
v 34.1254 10.7779 -31.2671
v 34.0121 12.9912 -31.2608
v 34.2383 10.7826 -30.9061
v 34.0121 12.9912 -31.2608
v 34.1250 12.9960 -30.8998
v 9.6106 10.5992 6.9095
v 9.4259 10.5967 6.6750
v 9.5267 12.3400 6.5771
v 9.6106 10.5992 6.9095
v 9.5267 12.3400 6.5771
v 9.7113 12.3425 6.8117
v 9.4259 10.5967 6.6750
v 9.6598 10.5728 6.4910
v 9.7606 12.3162 6.3932
v 9.4259 10.5967 6.6750
v 9.7606 12.3162 6.3932
v 9.5267 12.3400 6.5771
v 9.6598 10.5728 6.4910
v 9.8445 10.5753 6.7256
v 9.9453 12.3186 6.6277
v 9.6598 10.5728 6.4910
v 9.9453 12.3186 6.6277
v 9.7606 12.3162 6.3932
v 9.8445 10.5753 6.7256
v 9.6106 10.5992 6.9095
v 9.7113 12.3425 6.8117
v 9.8445 10.5753 6.7256
v 9.7113 12.3425 6.8117
v 9.9453 12.3186 6.6277
v -49.2711 9.9503 -31.8645
v -48.9985 9.9332 -32.0212
v -48.8092 11.7637 -31.8920
v -49.2711 9.9503 -31.8645
v -48.8092 11.7637 -31.8920
v -49.0818 11.7808 -31.7353
v -48.9985 9.9332 -32.0212
v -48.8443 9.8980 -31.7490
v -48.6549 11.7285 -31.6198
v -48.9985 9.9332 -32.0212
v -48.6549 11.7285 -31.6198
v -48.8092 11.7637 -31.8920
v -48.8443 9.8980 -31.7490
v -49.1169 9.9151 -31.5923
v -48.9275 11.7457 -31.4631
v -48.8443 9.8980 -31.7490
v -48.9275 11.7457 -31.4631
v -48.6549 11.7285 -31.6198
v -49.1169 9.9151 -31.5923
v -49.2711 9.9503 -31.8645
v -49.0818 11.7808 -31.7353
v -49.1169 9.9151 -31.5923
v -49.0818 11.7808 -31.7353
v -48.9275 11.7457 -31.4631
v -0.1305 12.6175 46.3091
v -0.0259 12.6187 46.6650
v -0.1605 14.7879 46.6968
v -0.1305 12.6175 46.3091
v -0.1605 14.7879 46.6968
v -0.2651 14.7866 46.3409
v -0.0259 12.6187 46.6650
v -0.3811 12.5952 46.7695
v -0.5157 14.7643 46.8013
v -0.0259 12.6187 46.6650
v -0.5157 14.7643 46.8013
v -0.1605 14.7879 46.6968
v -0.3811 12.5952 46.7695
v -0.4857 12.5939 46.4136
v -0.6203 14.7630 46.4453
v -0.3811 12.5952 46.7695
v -0.6203 14.7630 46.4453
v -0.5157 14.7643 46.8013
v -0.4857 12.5939 46.4136
v -0.1305 12.6175 46.3091
v -0.2651 14.7866 46.3409
v -0.4857 12.5939 46.4136
v -0.2651 14.7866 46.3409
v -0.6203 14.7630 46.4453
v 39.7049 11.3972 21.6076
v 39.7218 11.3971 21.8297
v 39.7265 12.7021 21.8301
v 39.7049 11.3972 21.6076
v 39.7265 12.7021 21.8301
v 39.7097 12.7022 21.6080
v 39.7218 11.3971 21.8297
v 39.4996 11.3979 21.8465
v 39.5044 12.7029 21.8469
v 39.7218 11.3971 21.8297
v 39.5044 12.7029 21.8469
v 39.7265 12.7021 21.8301
v 39.4996 11.3979 21.8465
v 39.4828 11.3980 21.6244
v 39.4876 12.7030 21.6248
v 39.4996 11.3979 21.8465
v 39.4876 12.7030 21.6248
v 39.5044 12.7029 21.8469
v 39.4828 11.3980 21.6244
v 39.7049 11.3972 21.6076
v 39.7097 12.7022 21.6080
v 39.4828 11.3980 21.6244
v 39.7097 12.7022 21.6080
v 39.4876 12.7030 21.6248
v 46.9167 11.2804 3.2542
v 47.0558 11.2877 3.4081
v 47.0147 12.5026 3.3871
v 46.9167 11.2804 3.2542
v 47.0147 12.5026 3.3871
v 46.8757 12.4952 3.2332
v 47.0558 11.2877 3.4081
v 46.9019 11.2849 3.5473
v 46.8608 12.4998 3.5263
v 47.0558 11.2877 3.4081
v 46.8608 12.4998 3.5263
v 47.0147 12.5026 3.3871
v 46.9019 11.2849 3.5473
v 46.7628 11.2776 3.3934
v 46.7218 12.4924 3.3724
v 46.9019 11.2849 3.5473
v 46.7218 12.4924 3.3724
v 46.8608 12.4998 3.5263
v 46.7628 11.2776 3.3934
v 46.9167 11.2804 3.2542
v 46.8757 12.4952 3.2332
v 46.7628 11.2776 3.3934
v 46.8757 12.4952 3.2332
v 46.7218 12.4924 3.3724
v 42.9119 11.0454 -1.5923
v 42.9185 11.0455 -1.3252
v 42.8017 12.6060 -1.3229
v 42.9119 11.0454 -1.5923
v 42.8017 12.6060 -1.3229
v 42.7951 12.6059 -1.5899
v 42.9185 11.0455 -1.3252
v 42.6523 11.0256 -1.3186
v 42.5354 12.5861 -1.3162
v 42.9185 11.0455 -1.3252
v 42.5354 12.5861 -1.3162
v 42.8017 12.6060 -1.3229
v 42.6523 11.0256 -1.3186
v 42.6456 11.0255 -1.5856
v 42.5288 12.5860 -1.5832
v 42.6523 11.0256 -1.3186
v 42.5288 12.5860 -1.5832
v 42.5354 12.5861 -1.3162
v 42.6456 11.0255 -1.5856
v 42.9119 11.0454 -1.5923
v 42.7951 12.6059 -1.5899
v 42.6456 11.0255 -1.5856
v 42.7951 12.6059 -1.5899
v 42.5288 12.5860 -1.5832
v -35.7008 10.8842 -33.5444
v -35.7808 10.8838 -33.7434
v -35.8625 12.1374 -33.7132
v -35.7008 10.8842 -33.5444
v -35.8625 12.1374 -33.7132
v -35.7825 12.1379 -33.5142
v -35.7808 10.8838 -33.7434
v -35.5822 10.8987 -33.8233
v -35.6640 12.1523 -33.7931
v -35.7808 10.8838 -33.7434
v -35.6640 12.1523 -33.7931
v -35.8625 12.1374 -33.7132
v -35.5822 10.8987 -33.8233
v -35.5023 10.8991 -33.6242
v -35.5840 12.1527 -33.5940
v -35.5822 10.8987 -33.8233
v -35.5840 12.1527 -33.5940
v -35.6640 12.1523 -33.7931
v -35.5023 10.8991 -33.6242
v -35.7008 10.8842 -33.5444
v -35.7825 12.1379 -33.5142
v -35.5023 10.8991 -33.6242
v -35.7825 12.1379 -33.5142
v -35.5840 12.1527 -33.5940
v -7.2906 10.9327 -20.3761
v -7.5063 10.9453 -20.2653
v -7.4098 12.3640 -20.2384
v -7.2906 10.9327 -20.3761
v -7.4098 12.3640 -20.2384
v -7.1942 12.3514 -20.3492
v -7.5063 10.9453 -20.2653
v -7.6166 10.9569 -20.4812
v -7.5201 12.3755 -20.4544
v -7.5063 10.9453 -20.2653
v -7.5201 12.3755 -20.4544
v -7.4098 12.3640 -20.2384
v -7.6166 10.9569 -20.4812
v -7.4009 10.9443 -20.5920
v -7.3045 12.3630 -20.5652
v -7.6166 10.9569 -20.4812
v -7.3045 12.3630 -20.5652
v -7.5201 12.3755 -20.4544
v -7.4009 10.9443 -20.5920
v -7.2906 10.9327 -20.3761
v -7.1942 12.3514 -20.3492
v -7.4009 10.9443 -20.5920
v -7.1942 12.3514 -20.3492
v -7.3045 12.3630 -20.5652
v -21.3183 10.5200 -5.4438
v -21.4317 10.5258 -5.6698
v -21.4428 12.0065 -5.6261
v -21.3183 10.5200 -5.4438
v -21.4428 12.0065 -5.6261
v -21.3294 12.0007 -5.4002
v -21.4317 10.5258 -5.6698
v -21.2057 10.5308 -5.7831
v -21.2168 12.0116 -5.7394
v -21.4317 10.5258 -5.6698
v -21.2168 12.0116 -5.7394
v -21.4428 12.0065 -5.6261
v -21.2057 10.5308 -5.7831
v -21.0923 10.5250 -5.5572
v -21.1034 12.0058 -5.5135
v -21.2057 10.5308 -5.7831
v -21.1034 12.0058 -5.5135
v -21.2168 12.0116 -5.7394
v -21.0923 10.5250 -5.5572
v -21.3183 10.5200 -5.4438
v -21.3294 12.0007 -5.4002
v -21.0923 10.5250 -5.5572
v -21.3294 12.0007 -5.4002
v -21.1034 12.0058 -5.5135
v 37.4688 12.4438 44.6009
v 37.4299 12.4437 44.7597
v 37.4109 13.4014 44.7558
v 37.4688 12.4438 44.6009
v 37.4109 13.4014 44.7558
v 37.4499 13.4015 44.5970
v 37.4299 12.4437 44.7597
v 37.2711 12.4404 44.7207
v 37.2522 13.3981 44.7168
v 37.4299 12.4437 44.7597
v 37.2522 13.3981 44.7168
v 37.4109 13.4014 44.7558
v 37.2711 12.4404 44.7207
v 37.3101 12.4405 44.5619
v 37.2911 13.3982 44.5580
v 37.2711 12.4404 44.7207
v 37.2911 13.3982 44.5580
v 37.2522 13.3981 44.7168
v 37.3101 12.4405 44.5619
v 37.4688 12.4438 44.6009
v 37.4499 13.4015 44.5970
v 37.3101 12.4405 44.5619
v 37.4499 13.4015 44.5970
v 37.2911 13.3982 44.5580
v -50.5096 8.3856 12.9347
v -50.7210 8.3681 12.9353
v -50.8233 9.6065 12.9582
v -50.5096 8.3856 12.9347
v -50.8233 9.6065 12.9582
v -50.6119 9.6240 12.9576
v -50.7210 8.3681 12.9353
v -50.7220 8.3719 12.7232
v -50.8243 9.6104 12.7461
v -50.7210 8.3681 12.9353
v -50.8243 9.6104 12.7461
v -50.8233 9.6065 12.9582
v -50.7220 8.3719 12.7232
v -50.5106 8.3894 12.7225
v -50.6129 9.6279 12.7454
v -50.7220 8.3719 12.7232
v -50.6129 9.6279 12.7454
v -50.8243 9.6104 12.7461
v -50.5106 8.3894 12.7225
v -50.5096 8.3856 12.9347
v -50.6119 9.6240 12.9576
v -50.5106 8.3894 12.7225
v -50.6119 9.6240 12.9576
v -50.6129 9.6279 12.7454
v -41.5058 10.8128 -43.4338
v -41.2692 10.8273 -43.2788
v -41.3366 12.4844 -43.3307
v -41.5058 10.8128 -43.4338
v -41.3366 12.4844 -43.3307
v -41.5732 12.4699 -43.4857
v -41.2692 10.8273 -43.2788
v -41.4245 10.8284 -43.0419
v -41.4919 12.4855 -43.0938
v -41.2692 10.8273 -43.2788
v -41.4919 12.4855 -43.0938
v -41.3366 12.4844 -43.3307
v -41.4245 10.8284 -43.0419
v -41.6610 10.8139 -43.1970
v -41.7285 12.4710 -43.2488
v -41.4245 10.8284 -43.0419
v -41.7285 12.4710 -43.2488
v -41.4919 12.4855 -43.0938
v -41.6610 10.8139 -43.1970
v -41.5058 10.8128 -43.4338
v -41.5732 12.4699 -43.4857
v -41.6610 10.8139 -43.1970
v -41.5732 12.4699 -43.4857
v -41.7285 12.4710 -43.2488
v 22.1015 12.5098 52.1560
v 21.8900 12.4962 51.8673
v 21.9215 14.5903 51.7455
v 22.1015 12.5098 52.1560
v 21.9215 14.5903 51.7455
v 22.1330 14.6039 52.0342
v 21.8900 12.4962 51.8673
v 22.1790 12.4796 51.6565
v 22.2105 14.5737 51.5347
v 21.8900 12.4962 51.8673
v 22.2105 14.5737 51.5347
v 21.9215 14.5903 51.7455
v 22.1790 12.4796 51.6565
v 22.3904 12.4932 51.9451
v 22.4219 14.5873 51.8234
v 22.1790 12.4796 51.6565
v 22.4219 14.5873 51.8234
v 22.2105 14.5737 51.5347
v 22.3904 12.4932 51.9451
v 22.1015 12.5098 52.1560
v 22.1330 14.6039 52.0342
v 22.3904 12.4932 51.9451
v 22.1330 14.6039 52.0342
v 22.4219 14.5873 51.8234
v 29.1145 10.7037 -23.1243
v 29.0207 10.7044 -22.8906
v 29.1067 12.1774 -22.8605
v 29.1145 10.7037 -23.1243
v 29.1067 12.1774 -22.8605
v 29.2005 12.1767 -23.0942
v 29.0207 10.7044 -22.8906
v 28.7874 10.7199 -22.9843
v 28.8734 12.1929 -22.9542
v 29.0207 10.7044 -22.8906
v 28.8734 12.1929 -22.9542
v 29.1067 12.1774 -22.8605
v 28.7874 10.7199 -22.9843
v 28.8812 10.7192 -23.2180
v 28.9672 12.1922 -23.1880
v 28.7874 10.7199 -22.9843
v 28.9672 12.1922 -23.1880
v 28.8734 12.1929 -22.9542
v 28.8812 10.7192 -23.2180
v 29.1145 10.7037 -23.1243
v 29.2005 12.1767 -23.0942
v 28.8812 10.7192 -23.2180
v 29.2005 12.1767 -23.0942
v 28.9672 12.1922 -23.1880
v 15.5634 10.9716 13.3800
v 15.4887 10.9701 13.7548
v 15.4372 13.2086 13.7537
v 15.5634 10.9716 13.3800
v 15.4372 13.2086 13.7537
v 15.5119 13.2101 13.3789
v 15.4887 10.9701 13.7548
v 15.1140 10.9614 13.6800
v 15.0625 13.1999 13.6789
v 15.4887 10.9701 13.7548
v 15.0625 13.1999 13.6789
v 15.4372 13.2086 13.7537
v 15.1140 10.9614 13.6800
v 15.1887 10.9630 13.3052
v 15.1372 13.2015 13.3041
v 15.1140 10.9614 13.6800
v 15.1372 13.2015 13.3041
v 15.0625 13.1999 13.6789
v 15.1887 10.9630 13.3052
v 15.5634 10.9716 13.3800
v 15.5119 13.2101 13.3789
v 15.1887 10.9630 13.3052
v 15.5119 13.2101 13.3789
v 15.1372 13.2015 13.3041
v 45.6581 11.1083 -12.4064
v 45.8634 11.1068 -12.2979
v 45.8687 12.4671 -12.2887
v 45.6581 11.1083 -12.4064
v 45.8687 12.4671 -12.2887
v 45.6635 12.4686 -12.3972
v 45.8634 11.1068 -12.2979
v 45.7549 11.1058 -12.0926
v 45.7602 12.4661 -12.0834
v 45.8634 11.1068 -12.2979
v 45.7602 12.4661 -12.0834
v 45.8687 12.4671 -12.2887
v 45.7549 11.1058 -12.0926
v 45.5496 11.1074 -12.2011
v 45.5549 12.4677 -12.1919
v 45.7549 11.1058 -12.0926
v 45.5549 12.4677 -12.1919
v 45.7602 12.4661 -12.0834
v 45.5496 11.1074 -12.2011
v 45.6581 11.1083 -12.4064
v 45.6635 12.4686 -12.3972
v 45.5496 11.1074 -12.2011
v 45.6635 12.4686 -12.3972
v 45.5549 12.4677 -12.1919
v 31.2387 11.2568 23.7434
v 31.0860 11.2461 23.9808
v 30.9253 12.8929 23.9518
v 31.2387 11.2568 23.7434
v 30.9253 12.8929 23.9518
v 31.0780 12.9036 23.7144
v 31.0860 11.2461 23.9808
v 30.8499 11.2204 23.8278
v 30.6893 12.8672 23.7988
v 31.0860 11.2461 23.9808
v 30.6893 12.8672 23.7988
v 30.9253 12.8929 23.9518
v 30.8499 11.2204 23.8278
v 31.0026 11.2311 23.5904
v 30.8420 12.8779 23.5614
v 30.8499 11.2204 23.8278
v 30.8420 12.8779 23.5614
v 30.6893 12.8672 23.7988
v 31.0026 11.2311 23.5904
v 31.2387 11.2568 23.7434
v 31.0780 12.9036 23.7144
v 31.0026 11.2311 23.5904
v 31.0780 12.9036 23.7144
v 30.8420 12.8779 23.5614
v 33.7999 10.7726 -1.4891
v 33.6648 10.7682 -1.3964
v 33.6391 11.7283 -1.3887
v 33.7999 10.7726 -1.4891
v 33.6391 11.7283 -1.3887
v 33.7742 11.7327 -1.4815
v 33.6648 10.7682 -1.3964
v 33.5720 10.7668 -1.5315
v 33.5464 11.7269 -1.5239
v 33.6648 10.7682 -1.3964
v 33.5464 11.7269 -1.5239
v 33.6391 11.7283 -1.3887
v 33.5720 10.7668 -1.5315
v 33.7071 10.7712 -1.6243
v 33.6815 11.7313 -1.6167
v 33.5720 10.7668 -1.5315
v 33.6815 11.7313 -1.6167
v 33.5464 11.7269 -1.5239
v 33.7071 10.7712 -1.6243
v 33.7999 10.7726 -1.4891
v 33.7742 11.7327 -1.4815
v 33.7071 10.7712 -1.6243
v 33.7742 11.7327 -1.4815
v 33.6815 11.7313 -1.6167
v 49.3550 11.7297 10.8061
v 49.5167 11.7308 11.0025
v 49.5286 13.2212 10.9841
v 49.3550 11.7297 10.8061
v 49.5286 13.2212 10.9841
v 49.3668 13.2201 10.7877
v 49.5167 11.7308 11.0025
v 49.3203 11.7344 11.1642
v 49.3322 13.2248 11.1458
v 49.5167 11.7308 11.0025
v 49.3322 13.2248 11.1458
v 49.5286 13.2212 10.9841
v 49.3203 11.7344 11.1642
v 49.1586 11.7332 10.9678
v 49.1704 13.2236 10.9495
v 49.3203 11.7344 11.1642
v 49.1704 13.2236 10.9495
v 49.3322 13.2248 11.1458
v 49.1586 11.7332 10.9678
v 49.3550 11.7297 10.8061
v 49.3668 13.2201 10.7877
v 49.1586 11.7332 10.9678
v 49.3668 13.2201 10.7877
v 49.1704 13.2236 10.9495
v 29.2276 12.4168 47.8808
v 29.3959 12.4199 47.6577
v 29.4167 14.0562 47.6961
v 29.2276 12.4168 47.8808
v 29.4167 14.0562 47.6961
v 29.2485 14.0531 47.9192
v 29.3959 12.4199 47.6577
v 29.6189 12.4131 47.8258
v 29.6398 14.0495 47.8642
v 29.3959 12.4199 47.6577
v 29.6398 14.0495 47.8642
v 29.4167 14.0562 47.6961
v 29.6189 12.4131 47.8258
v 29.4507 12.4100 48.0489
v 29.4715 14.0464 48.0873
v 29.6189 12.4131 47.8258
v 29.4715 14.0464 48.0873
v 29.6398 14.0495 47.8642
v 29.4507 12.4100 48.0489
v 29.2276 12.4168 47.8808
v 29.2485 14.0531 47.9192
v 29.4507 12.4100 48.0489
v 29.2485 14.0531 47.9192
v 29.4715 14.0464 48.0873
v 17.3376 11.3671 -34.2649
v 17.5304 11.3556 -34.2647
v 17.5976 12.4817 -34.3493
v 17.3376 11.3671 -34.2649
v 17.5976 12.4817 -34.3493
v 17.4049 12.4932 -34.3495
v 17.5304 11.3556 -34.2647
v 17.5311 11.3700 -34.0722
v 17.5983 12.4962 -34.1568
v 17.5304 11.3556 -34.2647
v 17.5983 12.4962 -34.1568
v 17.5976 12.4817 -34.3493
v 17.5311 11.3700 -34.0722
v 17.3383 11.3815 -34.0723
v 17.4055 12.5076 -34.1570
v 17.5311 11.3700 -34.0722
v 17.4055 12.5076 -34.1570
v 17.5983 12.4962 -34.1568
v 17.3383 11.3815 -34.0723
v 17.3376 11.3671 -34.2649
v 17.4049 12.4932 -34.3495
v 17.3383 11.3815 -34.0723
v 17.4049 12.4932 -34.3495
v 17.4055 12.5076 -34.1570
v -26.2827 11.6892 -47.8349
v -26.0264 11.6777 -47.8202
v -25.9538 13.1787 -47.9144
v -26.2827 11.6892 -47.8349
v -25.9538 13.1787 -47.9144
v -26.2102 13.1902 -47.9292
v -26.0264 11.6777 -47.8202
v -26.0404 11.6945 -47.5641
v -25.9678 13.1955 -47.6583
v -26.0264 11.6777 -47.8202
v -25.9678 13.1955 -47.6583
v -25.9538 13.1787 -47.9144
v -26.0404 11.6945 -47.5641
v -26.2967 11.7059 -47.5789
v -26.2242 13.2069 -47.6731
v -26.0404 11.6945 -47.5641
v -26.2242 13.2069 -47.6731
v -25.9678 13.1955 -47.6583
v -26.2967 11.7059 -47.5789
v -26.2827 11.6892 -47.8349
v -26.2102 13.1902 -47.9292
v -26.2967 11.7059 -47.5789
v -26.2102 13.1902 -47.9292
v -26.2242 13.2069 -47.6731
v 14.4060 10.2534 -2.5002
v 14.1881 10.2423 -2.6229
v 14.1018 11.7059 -2.6020
v 14.4060 10.2534 -2.5002
v 14.1018 11.7059 -2.6020
v 14.3197 11.7170 -2.4794
v 14.1881 10.2423 -2.6229
v 14.3104 10.2526 -2.8410
v 14.2241 11.7162 -2.8202
v 14.1881 10.2423 -2.6229
v 14.2241 11.7162 -2.8202
v 14.1018 11.7059 -2.6020
v 14.3104 10.2526 -2.8410
v 14.5283 10.2637 -2.7184
v 14.4419 11.7273 -2.6975
v 14.3104 10.2526 -2.8410
v 14.4419 11.7273 -2.6975
v 14.2241 11.7162 -2.8202
v 14.5283 10.2637 -2.7184
v 14.4060 10.2534 -2.5002
v 14.3197 11.7170 -2.4794
v 14.5283 10.2637 -2.7184
v 14.3197 11.7170 -2.4794
v 14.4419 11.7273 -2.6975
v -16.6353 10.2298 8.8073
v -16.4278 10.2384 8.8064
v -16.4780 11.4537 8.7814
v -16.6353 10.2298 8.8073
v -16.4780 11.4537 8.7814
v -16.6855 11.4451 8.7823
v -16.4278 10.2384 8.8064
v -16.4270 10.2427 9.0140
v -16.4772 11.4580 8.9890
v -16.4278 10.2384 8.8064
v -16.4772 11.4580 8.9890
v -16.4780 11.4537 8.7814
v -16.4270 10.2427 9.0140
v -16.6345 10.2341 9.0149
v -16.6847 11.4494 8.9899
v -16.4270 10.2427 9.0140
v -16.6847 11.4494 8.9899
v -16.4772 11.4580 8.9890
v -16.6345 10.2341 9.0149
v -16.6353 10.2298 8.8073
v -16.6855 11.4451 8.7823
v -16.6345 10.2341 9.0149
v -16.6855 11.4451 8.7823
v -16.6847 11.4494 8.9899
v 22.1452 10.4424 -8.5227
v 22.2829 10.4461 -8.4172
v 22.2565 11.4624 -8.4184
v 22.1452 10.4424 -8.5227
v 22.2565 11.4624 -8.4184
v 22.1187 11.4587 -8.5238
v 22.2829 10.4461 -8.4172
v 22.1775 10.4436 -8.2794
v 22.1511 11.4598 -8.2805
v 22.2829 10.4461 -8.4172
v 22.1511 11.4598 -8.2805
v 22.2565 11.4624 -8.4184
v 22.1775 10.4436 -8.2794
v 22.0398 10.4398 -8.3849
v 22.0133 11.4561 -8.3860
v 22.1775 10.4436 -8.2794
v 22.0133 11.4561 -8.3860
v 22.1511 11.4598 -8.2805
v 22.0398 10.4398 -8.3849
v 22.1452 10.4424 -8.5227
v 22.1187 11.4587 -8.5238
v 22.0398 10.4398 -8.3849
v 22.1187 11.4587 -8.5238
v 22.0133 11.4561 -8.3860
v 2.8684 11.3400 -26.6398
v 2.7164 11.3440 -26.3501
v 2.6966 13.2602 -26.3866
v 2.8684 11.3400 -26.6398
v 2.6966 13.2602 -26.3866
v 2.8486 13.2563 -26.6763
v 2.7164 11.3440 -26.3501
v 2.4268 11.3381 -26.5020
v 2.4069 13.2543 -26.5385
v 2.7164 11.3440 -26.3501
v 2.4069 13.2543 -26.5385
v 2.6966 13.2602 -26.3866
v 2.4268 11.3381 -26.5020
v 2.5788 11.3341 -26.7917
v 2.5589 13.2504 -26.8282
v 2.4268 11.3381 -26.5020
v 2.5589 13.2504 -26.8282
v 2.4069 13.2543 -26.5385
v 2.5788 11.3341 -26.7917
v 2.8684 11.3400 -26.6398
v 2.8486 13.2563 -26.6763
v 2.5788 11.3341 -26.7917
v 2.8486 13.2563 -26.6763
v 2.5589 13.2504 -26.8282
v -36.8777 10.1871 -12.8921
v -36.9537 10.1856 -12.5841
v -37.1188 12.0365 -12.6161
v -36.8777 10.1871 -12.8921
v -37.1188 12.0365 -12.6161
v -37.0428 12.0380 -12.9241
v -36.9537 10.1856 -12.5841
v -37.2604 10.1569 -12.6599
v -37.4255 12.0079 -12.6919
v -36.9537 10.1856 -12.5841
v -37.4255 12.0079 -12.6919
v -37.1188 12.0365 -12.6161
v -37.2604 10.1569 -12.6599
v -37.1844 10.1584 -12.9679
v -37.3496 12.0093 -12.9999
v -37.2604 10.1569 -12.6599
v -37.3496 12.0093 -12.9999
v -37.4255 12.0079 -12.6919
v -37.1844 10.1584 -12.9679
v -36.8777 10.1871 -12.8921
v -37.0428 12.0380 -12.9241
v -37.1844 10.1584 -12.9679
v -37.0428 12.0380 -12.9241
v -37.3496 12.0093 -12.9999
v 51.9691 11.4531 -4.4709
v 52.1614 11.4526 -4.4173
v 52.1498 12.6213 -4.3658
v 51.9691 11.4531 -4.4709
v 52.1498 12.6213 -4.3658
v 51.9574 12.6217 -4.4194
v 52.1614 11.4526 -4.4173
v 52.1079 11.4436 -4.2252
v 52.0963 12.6123 -4.1737
v 52.1614 11.4526 -4.4173
v 52.0963 12.6123 -4.1737
v 52.1498 12.6213 -4.3658
v 52.1079 11.4436 -4.2252
v 51.9155 11.4441 -4.2787
v 51.9039 12.6127 -4.2272
v 52.1079 11.4436 -4.2252
v 51.9039 12.6127 -4.2272
v 52.0963 12.6123 -4.1737
v 51.9155 11.4441 -4.2787
v 51.9691 11.4531 -4.4709
v 51.9574 12.6217 -4.4194
v 51.9155 11.4441 -4.2787
v 51.9574 12.6217 -4.4194
v 51.9039 12.6127 -4.2272
v -29.7513 12.0028 49.5966
v -29.8885 11.9934 49.8282
v -30.0325 13.5647 49.8067
v -29.7513 12.0028 49.5966
v -30.0325 13.5647 49.8067
v -29.8952 13.5741 49.5751
v -29.8885 11.9934 49.8282
v -30.1190 11.9704 49.6906
v -30.2630 13.5417 49.6691
v -29.8885 11.9934 49.8282
v -30.2630 13.5417 49.6691
v -30.0325 13.5647 49.8067
v -30.1190 11.9704 49.6906
v -29.9817 11.9798 49.4591
v -30.1257 13.5511 49.4376
v -30.1190 11.9704 49.6906
v -30.1257 13.5511 49.4376
v -30.2630 13.5417 49.6691
v -29.9817 11.9798 49.4591
v -29.7513 12.0028 49.5966
v -29.8952 13.5741 49.5751
v -29.9817 11.9798 49.4591
v -29.8952 13.5741 49.5751
v -30.1257 13.5511 49.4376
v -22.4405 11.2469 -33.1871
v -22.3175 11.2508 -33.3457
v -22.3725 12.4253 -33.3595
v -22.4405 11.2469 -33.1871
v -22.3725 12.4253 -33.3595
v -22.4956 12.4214 -33.2009
v -22.3175 11.2508 -33.3457
v -22.1592 11.2597 -33.2226
v -22.2142 12.4342 -33.2364
v -22.3175 11.2508 -33.3457
v -22.2142 12.4342 -33.2364
v -22.3725 12.4253 -33.3595
v -22.1592 11.2597 -33.2226
v -22.2822 11.2558 -33.0641
v -22.3372 12.4303 -33.0779
v -22.1592 11.2597 -33.2226
v -22.3372 12.4303 -33.0779
v -22.2142 12.4342 -33.2364
v -22.2822 11.2558 -33.0641
v -22.4405 11.2469 -33.1871
v -22.4956 12.4214 -33.2009
v -22.2822 11.2558 -33.0641
v -22.4956 12.4214 -33.2009
v -22.3372 12.4303 -33.0779
v 44.4960 11.4248 16.3370
v 44.6333 11.4118 16.5488
v 44.8398 12.8771 16.5048
v 44.4960 11.4248 16.3370
v 44.8398 12.8771 16.5048
v 44.7025 12.8901 16.2930
v 44.6333 11.4118 16.5488
v 44.4241 11.4455 16.6865
v 44.6306 12.9107 16.6424
v 44.6333 11.4118 16.5488
v 44.6306 12.9107 16.6424
v 44.8398 12.8771 16.5048
v 44.4241 11.4455 16.6865
v 44.2868 11.4585 16.4747
v 44.4933 12.9237 16.4307
v 44.4241 11.4455 16.6865
v 44.4933 12.9237 16.4307
v 44.6306 12.9107 16.6424
v 44.2868 11.4585 16.4747
v 44.4960 11.4248 16.3370
v 44.7025 12.8901 16.2930
v 44.2868 11.4585 16.4747
v 44.7025 12.8901 16.2930
v 44.4933 12.9237 16.4307
v -47.8194 9.3694 -15.5142
v -47.6453 9.3536 -15.4234
v -47.5748 10.5037 -15.3585
v -47.8194 9.3694 -15.5142
v -47.5748 10.5037 -15.3585
v -47.7489 10.5195 -15.4493
v -47.6453 9.3536 -15.4234
v -47.7367 9.3493 -15.2489
v -47.6662 10.4995 -15.1841
v -47.6453 9.3536 -15.4234
v -47.6662 10.4995 -15.1841
v -47.5748 10.5037 -15.3585
v -47.7367 9.3493 -15.2489
v -47.9108 9.3651 -15.3397
v -47.8403 10.5153 -15.2749
v -47.7367 9.3493 -15.2489
v -47.8403 10.5153 -15.2749
v -47.6662 10.4995 -15.1841
v -47.9108 9.3651 -15.3397
v -47.8194 9.3694 -15.5142
v -47.7489 10.5195 -15.4493
v -47.9108 9.3651 -15.3397
v -47.7489 10.5195 -15.4493
v -47.8403 10.5153 -15.2749
v 25.5224 10.8234 -25.8441
v 25.2230 10.8461 -25.8814
v 25.3375 12.6083 -25.7290
v 25.5224 10.8234 -25.8441
v 25.3375 12.6083 -25.7290
v 25.6369 12.5856 -25.6918
v 25.2230 10.8461 -25.8814
v 25.2620 10.8694 -26.1805
v 25.3765 12.6316 -26.0282
v 25.2230 10.8461 -25.8814
v 25.3765 12.6316 -26.0282
v 25.3375 12.6083 -25.7290
v 25.2620 10.8694 -26.1805
v 25.5614 10.8467 -26.1432
v 25.6759 12.6090 -25.9909
v 25.2620 10.8694 -26.1805
v 25.6759 12.6090 -25.9909
v 25.3765 12.6316 -26.0282
v 25.5614 10.8467 -26.1432
v 25.5224 10.8234 -25.8441
v 25.6369 12.5856 -25.6918
v 25.5614 10.8467 -26.1432
v 25.6369 12.5856 -25.6918
v 25.6759 12.6090 -25.9909
v -26.8351 10.1852 15.0855
v -27.0177 10.1751 15.2080
v -27.0576 11.4634 15.2552
v -26.8351 10.1852 15.0855
v -27.0576 11.4634 15.2552
v -26.8749 11.4735 15.1327
v -27.0177 10.1751 15.2080
v -27.1404 10.1780 15.0252
v -27.1803 11.4663 15.0725
v -27.0177 10.1751 15.2080
v -27.1803 11.4663 15.0725
v -27.0576 11.4634 15.2552
v -27.1404 10.1780 15.0252
v -26.9578 10.1881 14.9027
v -26.9977 11.4764 14.9500
v -27.1404 10.1780 15.0252
v -26.9977 11.4764 14.9500
v -27.1803 11.4663 15.0725
v -26.9578 10.1881 14.9027
v -26.8351 10.1852 15.0855
v -26.8749 11.4735 15.1327
v -26.9578 10.1881 14.9027
v -26.8749 11.4735 15.1327
v -26.9977 11.4764 14.9500
v 11.0498 12.0964 -45.1644
v 11.1847 12.0950 -44.9542
v 11.2541 13.5559 -44.9889
v 11.0498 12.0964 -45.1644
v 11.2541 13.5559 -44.9889
v 11.1192 13.5573 -45.1990
v 11.1847 12.0950 -44.9542
v 10.9749 12.1081 -44.8194
v 11.0443 13.5691 -44.8541
v 11.1847 12.0950 -44.9542
v 11.0443 13.5691 -44.8541
v 11.2541 13.5559 -44.9889
v 10.9749 12.1081 -44.8194
v 10.8400 12.1095 -45.0296
v 10.9093 13.5705 -45.0642
v 10.9749 12.1081 -44.8194
v 10.9093 13.5705 -45.0642
v 11.0443 13.5691 -44.8541
v 10.8400 12.1095 -45.0296
v 11.0498 12.0964 -45.1644
v 11.1192 13.5573 -45.1990
v 10.8400 12.1095 -45.0296
v 11.1192 13.5573 -45.1990
v 10.9093 13.5705 -45.0642
v 35.3892 10.8332 4.5599
v 35.1836 10.8384 4.3272
v 35.3003 12.6534 4.2646
v 35.3892 10.8332 4.5599
v 35.3003 12.6534 4.2646
v 35.5059 12.6482 4.4974
v 35.1836 10.8384 4.3272
v 35.4156 10.8164 4.1218
v 35.5322 12.6314 4.0592
v 35.1836 10.8384 4.3272
v 35.5322 12.6314 4.0592
v 35.3003 12.6534 4.2646
v 35.4156 10.8164 4.1218
v 35.6212 10.8112 4.3545
v 35.7378 12.6262 4.2920
v 35.4156 10.8164 4.1218
v 35.7378 12.6262 4.2920
v 35.5322 12.6314 4.0592
v 35.6212 10.8112 4.3545
v 35.3892 10.8332 4.5599
v 35.5059 12.6482 4.4974
v 35.6212 10.8112 4.3545
v 35.5059 12.6482 4.4974
v 35.7378 12.6262 4.2920
v -3.9510 12.2106 40.7747
v -4.1780 12.2004 40.8272
v -4.2431 13.5653 40.8111
v -3.9510 12.2106 40.7747
v -4.2431 13.5653 40.8111
v -4.0161 13.5755 40.7586
v -4.1780 12.2004 40.8272
v -4.2303 12.1952 40.5999
v -4.2954 13.5601 40.5838
v -4.1780 12.2004 40.8272
v -4.2954 13.5601 40.5838
v -4.2431 13.5653 40.8111
v -4.2303 12.1952 40.5999
v -4.0033 12.2054 40.5475
v -4.0683 13.5703 40.5314
v -4.2303 12.1952 40.5999
v -4.0683 13.5703 40.5314
v -4.2954 13.5601 40.5838
v -4.0033 12.2054 40.5475
v -3.9510 12.2106 40.7747
v -4.0161 13.5755 40.7586
v -4.0033 12.2054 40.5475
v -4.0161 13.5755 40.7586
v -4.0683 13.5703 40.5314
v 16.1037 12.5905 50.9181
v 16.1065 12.5903 51.1440
v 16.1367 13.9138 51.1450
v 16.1037 12.5905 50.9181
v 16.1367 13.9138 51.1450
v 16.1339 13.9141 50.9190
v 16.1065 12.5903 51.1440
v 15.8806 12.5954 51.1469
v 15.9108 13.9190 51.1478
v 16.1065 12.5903 51.1440
v 15.9108 13.9190 51.1478
v 16.1367 13.9138 51.1450
v 15.8806 12.5954 51.1469
v 15.8778 12.5956 50.9209
v 15.9080 13.9192 50.9219
v 15.8806 12.5954 51.1469
v 15.9080 13.9192 50.9219
v 15.9108 13.9190 51.1478
v 15.8778 12.5956 50.9209
v 16.1037 12.5905 50.9181
v 16.1339 13.9141 50.9190
v 15.8778 12.5956 50.9209
v 16.1339 13.9141 50.9190
v 15.9080 13.9192 50.9219
v 10.7264 11.4971 -29.6628
v 10.9823 11.5099 -29.8872
v 11.0081 13.4995 -29.7441
v 10.7264 11.4971 -29.6628
v 11.0081 13.4995 -29.7441
v 10.7523 13.4867 -29.5197
v 10.9823 11.5099 -29.8872
v 11.2070 11.4886 -29.6322
v 11.2328 13.4783 -29.4891
v 10.9823 11.5099 -29.8872
v 11.2328 13.4783 -29.4891
v 11.0081 13.4995 -29.7441
v 11.2070 11.4886 -29.6322
v 10.9511 11.4758 -29.4079
v 10.9769 13.4655 -29.2647
v 11.2070 11.4886 -29.6322
v 10.9769 13.4655 -29.2647
v 11.2328 13.4783 -29.4891
v 10.9511 11.4758 -29.4079
v 10.7264 11.4971 -29.6628
v 10.7523 13.4867 -29.5197
v 10.9511 11.4758 -29.4079
v 10.7523 13.4867 -29.5197
v 10.9769 13.4655 -29.2647
v 50.3436 11.6196 5.9312
v 50.3385 11.6196 6.1821
v 50.4161 13.0878 6.1838
v 50.3436 11.6196 5.9312
v 50.4161 13.0878 6.1838
v 50.4212 13.0878 5.9328
v 50.3385 11.6196 6.1821
v 50.0879 11.6328 6.1770
v 50.1655 13.1011 6.1786
v 50.3385 11.6196 6.1821
v 50.1655 13.1011 6.1786
v 50.4161 13.0878 6.1838
v 50.0879 11.6328 6.1770
v 50.0930 11.6328 5.9261
v 50.1707 13.1011 5.9277
v 50.0879 11.6328 6.1770
v 50.1707 13.1011 5.9277
v 50.1655 13.1011 6.1786
v 50.0930 11.6328 5.9261
v 50.3436 11.6196 5.9312
v 50.4212 13.0878 5.9328
v 50.0930 11.6328 5.9261
v 50.4212 13.0878 5.9328
v 50.1707 13.1011 5.9277
v -50.8668 8.7331 -7.2441
v -50.6367 8.7185 -7.2208
v -50.5514 10.0738 -7.2116
v -50.8668 8.7331 -7.2441
v -50.5514 10.0738 -7.2116
v -50.7816 10.0885 -7.2349
v -50.6367 8.7185 -7.2208
v -50.6600 8.7184 -6.9902
v -50.5748 10.0737 -6.9810
v -50.6367 8.7185 -7.2208
v -50.5748 10.0737 -6.9810
v -50.5514 10.0738 -7.2116
v -50.6600 8.7184 -6.9902
v -50.8902 8.7330 -7.0135
v -50.8049 10.0884 -7.0043
v -50.6600 8.7184 -6.9902
v -50.8049 10.0884 -7.0043
v -50.5748 10.0737 -6.9810
v -50.8902 8.7330 -7.0135
v -50.8668 8.7331 -7.2441
v -50.7816 10.0885 -7.2349
v -50.8902 8.7330 -7.0135
v -50.7816 10.0885 -7.2349
v -50.8049 10.0884 -7.0043
v 20.7127 11.3112 -35.8680
v 21.1243 11.3295 -35.8753
v 21.0152 13.7381 -36.0018
v 20.7127 11.3112 -35.8680
v 21.0152 13.7381 -36.0018
v 20.6036 13.7198 -35.9944
v 21.1243 11.3295 -35.8753
v 21.1307 11.3514 -35.4638
v 21.0216 13.7600 -35.5903
v 21.1243 11.3295 -35.8753
v 21.0216 13.7600 -35.5903
v 21.0152 13.7381 -36.0018
v 21.1307 11.3514 -35.4638
v 20.7191 11.3331 -35.4565
v 20.6099 13.7417 -35.5830
v 21.1307 11.3514 -35.4638
v 20.6099 13.7417 -35.5830
v 21.0216 13.7600 -35.5903
v 20.7191 11.3331 -35.4565
v 20.7127 11.3112 -35.8680
v 20.6036 13.7198 -35.9944
v 20.7191 11.3331 -35.4565
v 20.6036 13.7198 -35.9944
v 20.6099 13.7417 -35.5830
v -31.3397 9.9657 4.4871
v -31.3441 9.9655 4.7353
v -31.5271 11.4081 4.7336
v -31.3397 9.9657 4.4871
v -31.5271 11.4081 4.7336
v -31.5227 11.4083 4.4854
v -31.3441 9.9655 4.7353
v -31.5903 9.9342 4.7309
v -31.7733 11.3768 4.7292
v -31.3441 9.9655 4.7353
v -31.7733 11.3768 4.7292
v -31.5271 11.4081 4.7336
v -31.5903 9.9342 4.7309
v -31.5859 9.9345 4.4827
v -31.7689 11.3771 4.4810
v -31.5903 9.9342 4.7309
v -31.7689 11.3771 4.4810
v -31.7733 11.3768 4.7292
v -31.5859 9.9345 4.4827
v -31.3397 9.9657 4.4871
v -31.5227 11.4083 4.4854
v -31.5859 9.9345 4.4827
v -31.5227 11.4083 4.4854
v -31.7689 11.3771 4.4810
v 22.5910 11.3494 28.4309
v 22.6069 11.3501 28.1564
v 22.6500 12.9604 28.1629
v 22.5910 11.3494 28.4309
v 22.6500 12.9604 28.1629
v 22.6342 12.9597 28.4374
v 22.6069 11.3501 28.1564
v 22.8813 11.3426 28.1722
v 22.9244 12.9530 28.1787
v 22.6069 11.3501 28.1564
v 22.9244 12.9530 28.1787
v 22.6500 12.9604 28.1629
v 22.8813 11.3426 28.1722
v 22.8655 11.3420 28.4467
v 22.9086 12.9523 28.4532
v 22.8813 11.3426 28.1722
v 22.9086 12.9523 28.4532
v 22.9244 12.9530 28.1787
v 22.8655 11.3420 28.4467
v 22.5910 11.3494 28.4309
v 22.6342 12.9597 28.4374
v 22.8655 11.3420 28.4467
v 22.6342 12.9597 28.4374
v 22.9086 12.9523 28.4532
v -45.9846 8.7274 7.8801
v -46.1755 8.7173 7.6239
v -46.4282 10.5691 7.7391
v -45.9846 8.7274 7.8801
v -46.4282 10.5691 7.7391
v -46.2374 10.5792 7.9953
v -46.1755 8.7173 7.6239
v -45.9227 8.7637 7.4338
v -46.1754 10.6154 7.5490
v -46.1755 8.7173 7.6239
v -46.1754 10.6154 7.5490
v -46.4282 10.5691 7.7391
v -45.9227 8.7637 7.4338
v -45.7319 8.7738 7.6900
v -45.9846 10.6255 7.8053
v -45.9227 8.7637 7.4338
v -45.9846 10.6255 7.8053
v -46.1754 10.6154 7.5490
v -45.7319 8.7738 7.6900
v -45.9846 8.7274 7.8801
v -46.2374 10.5792 7.9953
v -45.7319 8.7738 7.6900
v -46.2374 10.5792 7.9953
v -45.9846 10.6255 7.8053
v 25.3225 10.6257 -14.1280
v 25.6151 10.6120 -14.3697
v 25.7645 12.8312 -14.3144
v 25.3225 10.6257 -14.1280
v 25.7645 12.8312 -14.3144
v 25.4719 12.8449 -14.0727
v 25.6151 10.6120 -14.3697
v 25.8558 10.5885 -14.0769
v 26.0052 12.8077 -14.0216
v 25.6151 10.6120 -14.3697
v 26.0052 12.8077 -14.0216
v 25.7645 12.8312 -14.3144
v 25.8558 10.5885 -14.0769
v 25.5632 10.6022 -13.8352
v 25.7126 12.8214 -13.7799
v 25.8558 10.5885 -14.0769
v 25.7126 12.8214 -13.7799
v 26.0052 12.8077 -14.0216
v 25.5632 10.6022 -13.8352
v 25.3225 10.6257 -14.1280
v 25.4719 12.8449 -14.0727
v 25.5632 10.6022 -13.8352
v 25.4719 12.8449 -14.0727
v 25.7126 12.8214 -13.7799
v -26.1758 10.9127 -28.9337
v -26.4592 10.9195 -29.0378
v -26.4142 12.6880 -29.0433
v -26.1758 10.9127 -28.9337
v -26.4142 12.6880 -29.0433
v -26.1308 12.6811 -28.9392
v -26.4592 10.9195 -29.0378
v -26.3552 10.9160 -29.3213
v -26.3102 12.6844 -29.3268
v -26.4592 10.9195 -29.0378
v -26.3102 12.6844 -29.3268
v -26.4142 12.6880 -29.0433
v -26.3552 10.9160 -29.3213
v -26.0718 10.9091 -29.2172
v -26.0268 12.6775 -29.2227
v -26.3552 10.9160 -29.3213
v -26.0268 12.6775 -29.2227
v -26.3102 12.6844 -29.3268
v -26.0718 10.9091 -29.2172
v -26.1758 10.9127 -28.9337
v -26.1308 12.6811 -28.9392
v -26.0718 10.9091 -29.2172
v -26.1308 12.6811 -28.9392
v -26.0268 12.6775 -29.2227
v 52.5219 13.0086 39.6795
v 52.6898 13.0143 39.9825
v 52.6763 15.0438 39.9521
v 52.5219 13.0086 39.6795
v 52.6763 15.0438 39.9521
v 52.5084 15.0382 39.6491
v 52.6898 13.0143 39.9825
v 52.3868 13.0147 40.1505
v 52.3732 15.0443 40.1201
v 52.6898 13.0143 39.9825
v 52.3732 15.0443 40.1201
v 52.6763 15.0438 39.9521
v 52.3868 13.0147 40.1505
v 52.2189 13.0091 39.8475
v 52.2053 15.0387 39.8170
v 52.3868 13.0147 40.1505
v 52.2053 15.0387 39.8170
v 52.3732 15.0443 40.1201
v 52.2189 13.0091 39.8475
v 52.5219 13.0086 39.6795
v 52.5084 15.0382 39.6491
v 52.2189 13.0091 39.8475
v 52.5084 15.0382 39.6491
v 52.2053 15.0387 39.8170
v -38.7928 10.0560 -16.1175
v -39.0387 10.0608 -16.3642
v -38.9976 12.1015 -16.3655
v -38.7928 10.0560 -16.1175
v -38.9976 12.1015 -16.3655
v -38.7516 12.0967 -16.1188
v -39.0387 10.0608 -16.3642
v -38.7921 10.0557 -16.6102
v -38.7510 12.0964 -16.6115
v -39.0387 10.0608 -16.3642
v -38.7510 12.0964 -16.6115
v -38.9976 12.1015 -16.3655
v -38.7921 10.0557 -16.6102
v -38.5461 10.0509 -16.3635
v -38.5050 12.0916 -16.3648
v -38.7921 10.0557 -16.6102
v -38.5050 12.0916 -16.3648
v -38.7510 12.0964 -16.6115
v -38.5461 10.0509 -16.3635
v -38.7928 10.0560 -16.1175
v -38.7516 12.0967 -16.1188
v -38.5461 10.0509 -16.3635
v -38.7516 12.0967 -16.1188
v -38.5050 12.0916 -16.3648
v -44.1440 10.9491 -49.2501
v -44.3005 10.9615 -49.0047
v -44.2527 12.6666 -49.0603
v -44.1440 10.9491 -49.2501
v -44.2527 12.6666 -49.0603
v -44.0962 12.6542 -49.3057
v -44.3005 10.9615 -49.0047
v -44.5460 10.9633 -49.1614
v -44.4983 12.6684 -49.2170
v -44.3005 10.9615 -49.0047
v -44.4983 12.6684 -49.2170
v -44.2527 12.6666 -49.0603
v -44.5460 10.9633 -49.1614
v -44.3896 10.9509 -49.4068
v -44.3418 12.6560 -49.4624
v -44.5460 10.9633 -49.1614
v -44.3418 12.6560 -49.4624
v -44.4983 12.6684 -49.2170
v -44.3896 10.9509 -49.4068
v -44.1440 10.9491 -49.2501
v -44.0962 12.6542 -49.3057
v -44.3896 10.9509 -49.4068
v -44.0962 12.6542 -49.3057
v -44.3418 12.6560 -49.4624
v 1.8823 12.8993 51.5106
v 1.9416 12.8944 51.7210
v 2.0767 14.1687 51.7125
v 1.8823 12.8993 51.5106
v 2.0767 14.1687 51.7125
v 2.0174 14.1735 51.5020
v 1.9416 12.8944 51.7210
v 1.7323 12.9170 51.7806
v 1.8675 14.1912 51.7720
v 1.9416 12.8944 51.7210
v 1.8675 14.1912 51.7720
v 2.0767 14.1687 51.7125
v 1.7323 12.9170 51.7806
v 1.6730 12.9219 51.5701
v 1.8081 14.1961 51.5615
v 1.7323 12.9170 51.7806
v 1.8081 14.1961 51.5615
v 1.8675 14.1912 51.7720
v 1.6730 12.9219 51.5701
v 1.8823 12.8993 51.5106
v 2.0174 14.1735 51.5020
v 1.6730 12.9219 51.5701
v 2.0174 14.1735 51.5020
v 1.8081 14.1961 51.5615
v -16.6854 10.7716 -13.0537
v -16.9086 10.7584 -13.2255
v -16.9563 12.4084 -13.2900
v -16.6854 10.7716 -13.0537
v -16.9563 12.4084 -13.2900
v -16.7331 12.4215 -13.1183
v -16.9086 10.7584 -13.2255
v -16.7365 10.7546 -13.4488
v -16.7843 12.4046 -13.5134
v -16.9086 10.7584 -13.2255
v -16.7843 12.4046 -13.5134
v -16.9563 12.4084 -13.2900
v -16.7365 10.7546 -13.4488
v -16.5133 10.7678 -13.2771
v -16.5610 12.4178 -13.3416
v -16.7365 10.7546 -13.4488
v -16.5610 12.4178 -13.3416
v -16.7843 12.4046 -13.5134
v -16.5133 10.7678 -13.2771
v -16.6854 10.7716 -13.0537
v -16.7331 12.4215 -13.1183
v -16.5133 10.7678 -13.2771
v -16.7331 12.4215 -13.1183
v -16.5610 12.4178 -13.3416
v 11.0581 12.2695 -49.9284
v 11.2610 12.2703 -50.0449
v 11.2597 13.6410 -50.0377
v 11.0581 12.2695 -49.9284
v 11.2597 13.6410 -50.0377
v 11.0568 13.6402 -49.9212
v 11.2610 12.2703 -50.0449
v 11.3775 12.2693 -49.8420
v 11.3763 13.6400 -49.8348
v 11.2610 12.2703 -50.0449
v 11.3763 13.6400 -49.8348
v 11.2597 13.6410 -50.0377
v 11.3775 12.2693 -49.8420
v 11.1746 12.2685 -49.7255
v 11.1734 13.6392 -49.7183
v 11.3775 12.2693 -49.8420
v 11.1734 13.6392 -49.7183
v 11.3763 13.6400 -49.8348
v 11.1746 12.2685 -49.7255
v 11.0581 12.2695 -49.9284
v 11.0568 13.6402 -49.9212
v 11.1746 12.2685 -49.7255
v 11.0568 13.6402 -49.9212
v 11.1734 13.6392 -49.7183
v -7.4771 11.7033 -37.7398
v -7.6496 11.7127 -37.6020
v -7.6198 13.0057 -37.6528
v -7.4771 11.7033 -37.7398
v -7.6198 13.0057 -37.6528
v -7.4474 12.9963 -37.7906
v -7.6496 11.7127 -37.6020
v -7.7876 11.7091 -37.7745
v -7.7578 13.0021 -37.8253
v -7.6496 11.7127 -37.6020
v -7.7578 13.0021 -37.8253
v -7.6198 13.0057 -37.6528
v -7.7876 11.7091 -37.7745
v -7.6151 11.6997 -37.9123
v -7.5854 12.9927 -37.9630
v -7.7876 11.7091 -37.7745
v -7.5854 12.9927 -37.9630
v -7.7578 13.0021 -37.8253
v -7.6151 11.6997 -37.9123
v -7.4771 11.7033 -37.7398
v -7.4474 12.9963 -37.7906
v -7.6151 11.6997 -37.9123
v -7.4474 12.9963 -37.7906
v -7.5854 12.9927 -37.9630
v 50.6752 11.8419 -25.5189
v 50.9248 11.8555 -25.4962
v 50.8401 13.3225 -25.4450
v 50.6752 11.8419 -25.5189
v 50.8401 13.3225 -25.4450
v 50.5906 13.3089 -25.4677
v 50.9248 11.8555 -25.4962
v 50.9026 11.8455 -25.2464
v 50.8179 13.3125 -25.1952
v 50.9248 11.8555 -25.4962
v 50.8179 13.3125 -25.1952
v 50.8401 13.3225 -25.4450
v 50.9026 11.8455 -25.2464
v 50.6530 11.8319 -25.2691
v 50.5684 13.2989 -25.2179
v 50.9026 11.8455 -25.2464
v 50.5684 13.2989 -25.2179
v 50.8179 13.3125 -25.1952
v 50.6530 11.8319 -25.2691
v 50.6752 11.8419 -25.5189
v 50.5906 13.3089 -25.4677
v 50.6530 11.8319 -25.2691
v 50.5906 13.3089 -25.4677
v 50.5684 13.2989 -25.2179
v 21.1601 10.3600 -6.4330
v 20.9641 10.3755 -6.6156
v 21.1427 11.9363 -6.6745
v 21.1601 10.3600 -6.4330
v 21.1427 11.9363 -6.6745
v 21.3387 11.9207 -6.4919
v 20.9641 10.3755 -6.6156
v 21.1447 10.3474 -6.8120
v 21.3233 11.9082 -6.8709
v 20.9641 10.3755 -6.6156
v 21.3233 11.9082 -6.8709
v 21.1427 11.9363 -6.6745
v 21.1447 10.3474 -6.8120
v 21.3408 10.3319 -6.6294
v 21.5194 11.8927 -6.6883
v 21.1447 10.3474 -6.8120
v 21.5194 11.8927 -6.6883
v 21.3233 11.9082 -6.8709
v 21.3408 10.3319 -6.6294
v 21.1601 10.3600 -6.4330
v 21.3387 11.9207 -6.4919
v 21.3408 10.3319 -6.6294
v 21.3387 11.9207 -6.4919
v 21.5194 11.8927 -6.6883
v -31.5480 10.5309 -20.4272
v -31.3661 10.5390 -20.4573
v -31.4195 11.6183 -20.4914
v -31.5480 10.5309 -20.4272
v -31.4195 11.6183 -20.4914
v -31.6014 11.6102 -20.4613
v -31.3661 10.5390 -20.4573
v -31.3363 10.5462 -20.2753
v -31.3898 11.6255 -20.3094
v -31.3661 10.5390 -20.4573
v -31.3898 11.6255 -20.3094
v -31.4195 11.6183 -20.4914
v -31.3363 10.5462 -20.2753
v -31.5182 10.5382 -20.2452
v -31.5716 11.6175 -20.2793
v -31.3363 10.5462 -20.2753
v -31.5716 11.6175 -20.2793
v -31.3898 11.6255 -20.3094
v -31.5182 10.5382 -20.2452
v -31.5480 10.5309 -20.4272
v -31.6014 11.6102 -20.4613
v -31.5182 10.5382 -20.2452
v -31.6014 11.6102 -20.4613
v -31.5716 11.6175 -20.2793
v 46.9112 11.7374 21.8910
v 47.1797 11.7296 21.8564
v 47.2054 13.3083 21.6983
v 46.9112 11.7374 21.8910
v 47.2054 13.3083 21.6983
v 46.9369 13.3162 21.7328
v 47.1797 11.7296 21.8564
v 47.2149 11.7558 22.1237
v 47.2406 13.3345 21.9655
v 47.1797 11.7296 21.8564
v 47.2406 13.3345 21.9655
v 47.2054 13.3083 21.6983
v 47.2149 11.7558 22.1237
v 46.9464 11.7636 22.1583
v 46.9721 13.3424 22.0001
v 47.2149 11.7558 22.1237
v 46.9721 13.3424 22.0001
v 47.2406 13.3345 21.9655
v 46.9464 11.7636 22.1583
v 46.9112 11.7374 21.8910
v 46.9369 13.3162 21.7328
v 46.9464 11.7636 22.1583
v 46.9369 13.3162 21.7328
v 46.9721 13.3424 22.0001
v 30.9279 11.8683 33.9824
v 30.6590 11.8534 33.8178
v 30.6167 13.6996 33.7189
v 30.9279 11.8683 33.9824
v 30.6167 13.6996 33.7189
v 30.8856 13.7145 33.8835
v 30.6590 11.8534 33.8178
v 30.8240 11.8427 33.5490
v 30.7818 13.6889 33.4501
v 30.6590 11.8534 33.8178
v 30.7818 13.6889 33.4501
v 30.6167 13.6996 33.7189
v 30.8240 11.8427 33.5490
v 31.0930 11.8577 33.7135
v 31.0507 13.7039 33.6146
v 30.8240 11.8427 33.5490
v 31.0507 13.7039 33.6146
v 30.7818 13.6889 33.4501
v 31.0930 11.8577 33.7135
v 30.9279 11.8683 33.9824
v 30.8856 13.7145 33.8835
v 31.0930 11.8577 33.7135
v 30.8856 13.7145 33.8835
v 31.0507 13.7039 33.6146
v -27.7940 10.3219 -4.0249
v -27.5435 10.3186 -4.0247
v -27.5245 11.7825 -3.9191
v -27.7940 10.3219 -4.0249
v -27.5245 11.7825 -3.9191
v -27.7750 11.7857 -3.9192
v -27.5435 10.3186 -4.0247
v -27.5439 10.3006 -3.7748
v -27.5249 11.7644 -3.6692
v -27.5435 10.3186 -4.0247
v -27.5249 11.7644 -3.6692
v -27.5245 11.7825 -3.9191
v -27.5439 10.3006 -3.7748
v -27.7944 10.3039 -3.7750
v -27.7754 11.7677 -3.6694
v -27.5439 10.3006 -3.7748
v -27.7754 11.7677 -3.6694
v -27.5249 11.7644 -3.6692
v -27.7944 10.3039 -3.7750
v -27.7940 10.3219 -4.0249
v -27.7750 11.7857 -3.9192
v -27.7944 10.3039 -3.7750
v -27.7750 11.7857 -3.9192
v -27.7754 11.7677 -3.6694
v -48.1425 10.5717 -41.9081
v -48.2982 10.5678 -41.8440
v -48.3368 11.5531 -41.8780
v -48.1425 10.5717 -41.9081
v -48.3368 11.5531 -41.8780
v -48.1811 11.5570 -41.9420
v -48.2982 10.5678 -41.8440
v -48.3620 10.5599 -41.9997
v -48.4006 11.5452 -42.0336
v -48.2982 10.5678 -41.8440
v -48.4006 11.5452 -42.0336
v -48.3368 11.5531 -41.8780
v -48.3620 10.5599 -41.9997
v -48.2063 10.5638 -42.0637
v -48.2449 11.5491 -42.0977
v -48.3620 10.5599 -41.9997
v -48.2449 11.5491 -42.0977
v -48.4006 11.5452 -42.0336
v -48.2063 10.5638 -42.0637
v -48.1425 10.5717 -41.9081
v -48.1811 11.5570 -41.9420
v -48.2063 10.5638 -42.0637
v -48.1811 11.5570 -41.9420
v -48.2449 11.5491 -42.0977
v 33.6755 10.7567 -17.9328
v 33.9124 10.7665 -17.9066
v 33.8454 12.1603 -17.8216
v 33.6755 10.7567 -17.9328
v 33.8454 12.1603 -17.8216
v 33.6084 12.1505 -17.8479
v 33.9124 10.7665 -17.9066
v 33.8869 10.7509 -17.6699
v 33.8198 12.1446 -17.5849
v 33.9124 10.7665 -17.9066
v 33.8198 12.1446 -17.5849
v 33.8454 12.1603 -17.8216
v 33.8869 10.7509 -17.6699
v 33.6499 10.7410 -17.6961
v 33.5828 12.1348 -17.6111
v 33.8869 10.7509 -17.6699
v 33.5828 12.1348 -17.6111
v 33.8198 12.1446 -17.5849
v 33.6499 10.7410 -17.6961
v 33.6755 10.7567 -17.9328
v 33.6084 12.1505 -17.8479
v 33.6499 10.7410 -17.6961
v 33.6084 12.1505 -17.8479
v 33.5828 12.1348 -17.6111
v -18.5495 11.1419 -31.2120
v -18.6751 11.1468 -31.3235
v -18.6108 12.1284 -31.3527
v -18.5495 11.1419 -31.2120
v -18.6108 12.1284 -31.3527
v -18.4852 12.1235 -31.2413
v -18.6751 11.1468 -31.3235
v -18.5641 11.1358 -31.4491
v -18.4998 12.1174 -31.4783
v -18.6751 11.1468 -31.3235
v -18.4998 12.1174 -31.4783
v -18.6108 12.1284 -31.3527
v -18.5641 11.1358 -31.4491
v -18.4385 11.1309 -31.3377
v -18.3742 12.1125 -31.3669
v -18.5641 11.1358 -31.4491
v -18.3742 12.1125 -31.3669
v -18.4998 12.1174 -31.4783
v -18.4385 11.1309 -31.3377
v -18.5495 11.1419 -31.2120
v -18.4852 12.1235 -31.2413
v -18.4385 11.1309 -31.3377
v -18.4852 12.1235 -31.2413
v -18.3742 12.1125 -31.3669
v 35.9789 12.1800 38.4325
v 36.1633 12.1956 38.3517
v 36.0931 13.3744 38.4196
v 35.9789 12.1800 38.4325
v 36.0931 13.3744 38.4196
v 35.9088 13.3588 38.5003
v 36.1633 12.1956 38.3517
v 36.2447 12.1898 38.5364
v 36.1745 13.3686 38.6042
v 36.1633 12.1956 38.3517
v 36.1745 13.3686 38.6042
v 36.0931 13.3744 38.4196
v 36.2447 12.1898 38.5364
v 36.0603 12.1742 38.6172
v 35.9901 13.3530 38.6850
v 36.2447 12.1898 38.5364
v 35.9901 13.3530 38.6850
v 36.1745 13.3686 38.6042
v 36.0603 12.1742 38.6172
v 35.9789 12.1800 38.4325
v 35.9088 13.3588 38.5003
v 36.0603 12.1742 38.6172
v 35.9088 13.3588 38.5003
v 35.9901 13.3530 38.6850
v 48.8690 11.8547 20.4567
v 48.6552 11.8560 20.3366
v 48.6326 13.2920 20.3929
v 48.8690 11.8547 20.4567
v 48.6326 13.2920 20.3929
v 48.8465 13.2906 20.5131
v 48.6552 11.8560 20.3366
v 48.7753 11.8663 20.1229
v 48.7527 13.3023 20.1792
v 48.6552 11.8560 20.3366
v 48.7527 13.3023 20.1792
v 48.6326 13.2920 20.3929
v 48.7753 11.8663 20.1229
v 48.9891 11.8649 20.2431
v 48.9666 13.3009 20.2994
v 48.7753 11.8663 20.1229
v 48.9666 13.3009 20.2994
v 48.7527 13.3023 20.1792
v 48.9891 11.8649 20.2431
v 48.8690 11.8547 20.4567
v 48.8465 13.2906 20.5131
v 48.9891 11.8649 20.2431
v 48.8465 13.2906 20.5131
v 48.9666 13.3009 20.2994
v -0.3022 11.3722 -30.2895
v -0.3899 11.3725 -30.4661
v -0.4256 12.5266 -30.4467
v -0.3022 11.3722 -30.2895
v -0.4256 12.5266 -30.4467
v -0.3378 12.5263 -30.2702
v -0.3899 11.3725 -30.4661
v -0.2135 11.3794 -30.5537
v -0.2491 12.5335 -30.5344
v -0.3899 11.3725 -30.4661
v -0.2491 12.5335 -30.5344
v -0.4256 12.5266 -30.4467
v -0.2135 11.3794 -30.5537
v -0.1258 11.3791 -30.3772
v -0.1614 12.5332 -30.3578
v -0.2135 11.3794 -30.5537
v -0.1614 12.5332 -30.3578
v -0.2491 12.5335 -30.5344
v -0.1258 11.3791 -30.3772
v -0.3022 11.3722 -30.2895
v -0.3378 12.5263 -30.2702
v -0.1258 11.3791 -30.3772
v -0.3378 12.5263 -30.2702
v -0.1614 12.5332 -30.3578
v -36.5551 11.0918 -51.6457
v -36.4710 11.0861 -51.9223
v -36.2324 12.7624 -51.8837
v -36.5551 11.0918 -51.6457
v -36.2324 12.7624 -51.8837
v -36.3164 12.7680 -51.6072
v -36.4710 11.0861 -51.9223
v -36.1975 11.0453 -51.8383
v -35.9588 12.7215 -51.7998
v -36.4710 11.0861 -51.9223
v -35.9588 12.7215 -51.7998
v -36.2324 12.7624 -51.8837
v -36.1975 11.0453 -51.8383
v -36.2815 11.0509 -51.5618
v -36.0429 12.7271 -51.5232
v -36.1975 11.0453 -51.8383
v -36.0429 12.7271 -51.5232
v -35.9588 12.7215 -51.7998
v -36.2815 11.0509 -51.5618
v -36.5551 11.0918 -51.6457
v -36.3164 12.7680 -51.6072
v -36.2815 11.0509 -51.5618
v -36.3164 12.7680 -51.6072
v -36.0429 12.7271 -51.5232
v 41.9414 11.2296 10.8990
v 42.0142 11.2318 10.6436
v 42.0606 12.7871 10.6707
v 41.9414 11.2296 10.8990
v 42.0606 12.7871 10.6707
v 41.9879 12.7848 10.9261
v 42.0142 11.2318 10.6436
v 42.2695 11.2229 10.7162
v 42.3160 12.7782 10.7433
v 42.0142 11.2318 10.6436
v 42.3160 12.7782 10.7433
v 42.0606 12.7871 10.6707
v 42.2695 11.2229 10.7162
v 42.1968 11.2207 10.9717
v 42.2432 12.7759 10.9987
v 42.2695 11.2229 10.7162
v 42.2432 12.7759 10.9987
v 42.3160 12.7782 10.7433
v 42.1968 11.2207 10.9717
v 41.9414 11.2296 10.8990
v 41.9879 12.7848 10.9261
v 42.1968 11.2207 10.9717
v 41.9879 12.7848 10.9261
v 42.2432 12.7759 10.9987
v -36.7719 9.8650 -3.2506
v -36.5533 9.8697 -3.3591
v -36.6247 11.2951 -3.4409
v -36.7719 9.8650 -3.2506
v -36.6247 11.2951 -3.4409
v -36.8432 11.2904 -3.3324
v -36.5533 9.8697 -3.3591
v -36.4454 9.8876 -3.1410
v -36.5168 11.3130 -3.2228
v -36.5533 9.8697 -3.3591
v -36.5168 11.3130 -3.2228
v -36.6247 11.2951 -3.4409
v -36.4454 9.8876 -3.1410
v -36.6639 9.8829 -3.0325
v -36.7353 11.3083 -3.1142
v -36.4454 9.8876 -3.1410
v -36.7353 11.3083 -3.1142
v -36.5168 11.3130 -3.2228
v -36.6639 9.8829 -3.0325
v -36.7719 9.8650 -3.2506
v -36.8432 11.2904 -3.3324
v -36.6639 9.8829 -3.0325
v -36.8432 11.2904 -3.3324
v -36.7353 11.3083 -3.1142
v 4.8011 11.1193 24.5212
v 4.4931 11.1386 24.5060
v 4.6100 12.9439 24.4375
v 4.8011 11.1193 24.5212
v 4.6100 12.9439 24.4375
v 4.9180 12.9245 24.4526
v 4.4931 11.1386 24.5060
v 4.5075 11.1260 24.1976
v 4.6244 12.9313 24.1290
v 4.4931 11.1386 24.5060
v 4.6244 12.9313 24.1290
v 4.6100 12.9439 24.4375
v 4.5075 11.1260 24.1976
v 4.8155 11.1066 24.2128
v 4.9324 12.9119 24.1442
v 4.5075 11.1260 24.1976
v 4.9324 12.9119 24.1442
v 4.6244 12.9313 24.1290
v 4.8155 11.1066 24.2128
v 4.8011 11.1193 24.5212
v 4.9180 12.9245 24.4526
v 4.8155 11.1066 24.2128
v 4.9180 12.9245 24.4526
v 4.9324 12.9119 24.1442
v -31.8177 11.2198 -44.6802
v -32.0476 11.2316 -44.7160
v -31.9695 12.5928 -44.7694
v -31.8177 11.2198 -44.6802
v -31.9695 12.5928 -44.7694
v -31.7396 12.5810 -44.7336
v -32.0476 11.2316 -44.7160
v -32.0123 11.2206 -44.9459
v -31.9342 12.5817 -44.9994
v -32.0476 11.2316 -44.7160
v -31.9342 12.5817 -44.9994
v -31.9695 12.5928 -44.7694
v -32.0123 11.2206 -44.9459
v -31.7825 11.2088 -44.9101
v -31.7044 12.5700 -44.9636
v -32.0123 11.2206 -44.9459
v -31.7044 12.5700 -44.9636
v -31.9342 12.5817 -44.9994
v -31.7825 11.2088 -44.9101
v -31.8177 11.2198 -44.6802
v -31.7396 12.5810 -44.7336
v -31.7825 11.2088 -44.9101
v -31.7396 12.5810 -44.7336
v -31.7044 12.5700 -44.9636
vt 0.00000 1.00000
vt 0.00000 1.00000
vt 0.00000 1.00000
vt 0.00000 1.00000
vt 0.00000 1.00000
vt 0.00000 1.00000
vt 0.00000 1.00000
vt 0.00000 1.00000
vt 0.00000 1.00000
vt 0.00000 1.00000
vt 0.00000 1.00000
vt 0.00000 1.00000
vt 0.00000 1.00000
vt 0.00000 1.00000
vt 0.00000 1.00000
vt 0.00000 1.00000
vt 0.00000 1.00000
vt 0.00000 1.00000
vt 0.00000 1.00000
vt 0.00000 1.00000
vt 0.00000 1.00000
vt 0.00000 1.00000
vt 0.00000 1.00000
vt 0.00000 1.00000
vt 0.00000 1.00000
vt 0.00000 1.00000
vt 0.00000 1.00000
vt 0.00000 1.00000
vt 0.00000 1.00000
vt 0.00000 1.00000
vt 0.00000 1.00000
vt 0.00000 1.00000
vt 0.00000 1.00000
vt 0.00000 1.00000
vt 0.00000 1.00000
vt 0.00000 1.00000
vt 0.00000 1.00000
vt 0.00000 1.00000
vt 0.00000 1.00000
vt 0.00000 1.00000
vt 0.00000 1.00000
vt 0.00000 1.00000
vt 0.00000 1.00000
vt 0.00000 1.00000
vt 0.00000 1.00000
vt 0.00000 1.00000
vt 0.00000 1.00000
vt 0.00000 1.00000
vt 0.00000 1.00000
vt 0.00000 1.00000
vt 0.00000 1.00000
vt 0.00000 1.00000
vt 0.00000 1.00000
vt 0.00000 1.00000
vt 0.00000 1.00000
vt 0.00000 1.00000
vt 0.00000 1.00000
vt 0.00000 1.00000
vt 0.00000 1.00000
vt 0.00000 1.00000
vt 0.00000 1.00000
vt 0.00000 1.00000
vt 0.00000 1.00000
vt 0.00000 1.00000
vt 0.00000 1.00000
vt 0.00000 1.00000
vt 0.00000 1.00000
vt 0.00000 1.00000
vt 0.00000 1.00000
vt 0.00000 1.00000
vt 0.00000 1.00000
vt 0.00000 1.00000
vt 0.00000 1.00000
vt 0.00000 1.00000
vt 0.00000 1.00000
vt 0.00000 1.00000
vt 0.00000 1.00000
vt 0.00000 1.00000
vt 0.00000 1.00000
vt 0.00000 1.00000
vt 0.00000 1.00000
vt 0.00000 1.00000
vt 0.00000 1.00000
vt 0.00000 1.00000
vt 0.00000 1.00000
vt 0.00000 1.00000
vt 0.00000 1.00000
vt 0.00000 1.00000
vt 0.00000 1.00000
vt 0.00000 1.00000
vt 0.00000 1.00000
vt 0.00000 1.00000
vt 0.00000 1.00000
vt 0.00000 1.00000
vt 0.00000 1.00000
vt 0.00000 1.00000
vt 0.00000 1.00000
vt 0.00000 1.00000
vt 0.00000 1.00000
vt 0.00000 1.00000
vt 0.00000 1.00000
vt 0.00000 1.00000
vt 0.00000 1.00000
vt 0.00000 1.00000
vt 0.00000 1.00000
vt 0.00000 1.00000
vt 0.00000 1.00000
vt 0.00000 1.00000
vt 0.00000 1.00000
vt 0.00000 1.00000
vt 0.00000 1.00000
vt 0.00000 1.00000
vt 0.00000 1.00000
vt 0.00000 1.00000
vt 0.00000 1.00000
vt 0.00000 1.00000
vt 0.00000 1.00000
vt 0.00000 1.00000
vt 0.00000 1.00000
vt 0.00000 1.00000
vt 0.00000 1.00000
vt 0.00000 1.00000
vt 0.00000 1.00000
vt 0.00000 1.00000
vt 0.00000 1.00000
vt 0.00000 1.00000
vt 0.00000 1.00000
vt 0.00000 1.00000
vt 0.00000 1.00000
vt 0.00000 1.00000
vt 0.00000 1.00000
vt 0.00000 1.00000
vt 0.00000 1.00000
vt 0.00000 1.00000
vt 0.00000 1.00000
vt 0.00000 1.00000
vt 0.00000 1.00000
vt 0.00000 1.00000
vt 0.00000 1.00000
vt 0.00000 1.00000
vt 0.00000 1.00000
vt 0.00000 1.00000
vt 0.00000 1.00000
vt 0.00000 1.00000
vt 0.00000 1.00000
vt 0.00000 1.00000
vt 0.00000 1.00000
vt 0.00000 1.00000
vt 0.00000 1.00000
vt 0.00000 1.00000
vt 0.00000 1.00000
vt 0.00000 1.00000
vt 0.00000 1.00000
vt 0.00000 1.00000
vt 0.00000 1.00000
vt 0.00000 1.00000
vt 0.00000 1.00000
vt 0.00000 1.00000
vt 0.00000 1.00000
vt 0.00000 1.00000
vt 0.00000 1.00000
vt 0.00000 1.00000
vt 0.00000 1.00000
vt 0.00000 1.00000
vt 0.00000 1.00000
vt 0.00000 1.00000
vt 0.00000 1.00000
vt 0.00000 1.00000
vt 0.00000 1.00000
vt 0.00000 1.00000
vt 0.00000 1.00000
vt 0.00000 1.00000
vt 0.00000 1.00000
vt 0.00000 1.00000
vt 0.00000 1.00000
vt 0.00000 1.00000
vt 0.00000 1.00000
vt 0.00000 1.00000
vt 0.00000 1.00000
vt 0.00000 1.00000
vt 0.00000 1.00000
vt 0.00000 1.00000
vt 0.00000 1.00000
vt 0.00000 1.00000
vt 0.00000 1.00000
vt 0.00000 1.00000
vt 0.00000 1.00000
vt 0.00000 1.00000
vt 0.00000 1.00000
vt 0.00000 1.00000
vt 0.00000 1.00000
vt 0.00000 1.00000
vt 0.00000 1.00000
vt 0.00000 1.00000
vt 0.00000 1.00000
vt 0.00000 1.00000
vt 0.00000 1.00000
vt 0.00000 1.00000
vt 0.00000 1.00000
vt 0.00000 1.00000
vt 0.00000 1.00000
vt 0.00000 1.00000
vt 0.00000 1.00000
vt 0.00000 1.00000
vt 0.00000 1.00000
vt 0.00000 1.00000
vt 0.00000 1.00000
vt 0.00000 1.00000
vt 0.00000 1.00000
vt 0.00000 1.00000
vt 0.00000 1.00000
vt 0.00000 1.00000
vt 0.00000 1.00000
vt 0.00000 1.00000
vt 0.00000 1.00000
vt 0.00000 1.00000
vt 0.00000 1.00000
vt 0.00000 1.00000
vt 0.00000 1.00000
vt 0.00000 1.00000
vt 0.00000 1.00000
vt 0.00000 1.00000
vt 0.00000 1.00000
vt 0.00000 1.00000
vt 0.00000 1.00000
vt 0.00000 1.00000
vt 0.00000 1.00000
vt 0.00000 1.00000
vt 0.00000 1.00000
vt 0.00000 1.00000
vt 0.00000 1.00000
vt 0.00000 1.00000
vt 0.00000 1.00000
vt 0.00000 1.00000
vt 0.00000 1.00000
vt 0.00000 1.00000
vt 0.00000 1.00000
vt 0.00000 1.00000
vt 0.00000 1.00000
vt 0.00000 1.00000
vt 0.00000 1.00000
vt 0.00000 1.00000
vt 0.00000 1.00000
vt 0.00000 1.00000
vt 0.00000 1.00000
vt 0.00000 1.00000
vt 0.00000 1.00000
vt 0.00000 1.00000
vt 0.00000 1.00000
vt 0.00000 1.00000
vt 0.00000 1.00000
vt 0.00000 1.00000
vt 0.00000 1.00000
vt 0.00000 1.00000
vt 0.00000 1.00000
vt 0.00000 1.00000
vt 0.00000 1.00000
vt 0.00000 1.00000
vt 0.00000 1.00000
vt 0.00000 1.00000
vt 0.00000 1.00000
vt 0.00000 1.00000
vt 0.00000 1.00000
vt 0.00000 1.00000
vt 0.00000 1.00000
vt 0.00000 1.00000
vt 0.00000 1.00000
vt 0.00000 1.00000
vt 0.00000 1.00000
vt 0.00000 1.00000
vt 0.00000 1.00000
vt 0.00000 1.00000
vt 0.00000 1.00000
vt 0.00000 1.00000
vt 0.00000 1.00000
vt 0.00000 1.00000
vt 0.00000 1.00000
vt 0.00000 1.00000
vt 0.00000 1.00000
vt 0.00000 1.00000
vt 0.00000 1.00000
vt 0.00000 1.00000
vt 0.00000 1.00000
vt 0.00000 1.00000
vt 0.00000 1.00000
vt 0.00000 1.00000
vt 0.00000 1.00000
vt 0.00000 1.00000
vt 0.00000 1.00000
vt 0.00000 1.00000
vt 0.00000 1.00000
vt 0.00000 1.00000
vt 0.00000 1.00000
vt 0.00000 1.00000
vt 0.00000 1.00000
vt 0.00000 1.00000
vt 0.00000 1.00000
vt 0.00000 1.00000
vt 0.00000 1.00000
vt 0.00000 1.00000
vt 0.00000 1.00000
vt 0.00000 1.00000
vt 0.00000 1.00000
vt 0.00000 1.00000
vt 0.00000 1.00000
vt 0.00000 1.00000
vt 0.00000 1.00000
vt 0.00000 1.00000
vt 0.00000 1.00000
vt 0.00000 1.00000
vt 0.00000 1.00000
vt 0.00000 1.00000
vt 0.00000 1.00000
vt 0.00000 1.00000
vt 0.00000 1.00000
vt 0.00000 1.00000
vt 0.00000 1.00000
vt 0.00000 1.00000
vt 0.00000 1.00000
vt 0.00000 1.00000
vt 0.00000 1.00000
vt 0.00000 1.00000
vt 0.00000 1.00000
vt 0.00000 1.00000
vt 0.00000 1.00000
vt 0.00000 1.00000
vt 0.00000 1.00000
vt 0.00000 1.00000
vt 0.00000 1.00000
vt 0.00000 1.00000
vt 0.00000 1.00000
vt 0.00000 1.00000
vt 0.00000 1.00000
vt 0.00000 1.00000
vt 0.00000 1.00000
vt 0.00000 1.00000
vt 0.00000 1.00000
vt 0.00000 1.00000
vt 0.00000 1.00000
vt 0.00000 1.00000
vt 0.00000 1.00000
vt 0.00000 1.00000
vt 0.00000 1.00000
vt 0.00000 1.00000
vt 0.00000 1.00000
vt 0.00000 1.00000
vt 0.00000 1.00000
vt 0.00000 1.00000
vt 0.00000 1.00000
vt 0.00000 1.00000
vt 0.00000 1.00000
vt 0.00000 1.00000
vt 0.00000 1.00000
vt 0.00000 1.00000
vt 0.00000 1.00000
vt 0.00000 1.00000
vt 0.00000 1.00000
vt 0.00000 1.00000
vt 0.00000 1.00000
vt 0.00000 1.00000
vt 0.00000 1.00000
vt 0.00000 1.00000
vt 0.00000 1.00000
vt 0.00000 1.00000
vt 0.00000 1.00000
vt 0.00000 1.00000
vt 0.00000 1.00000
vt 0.00000 1.00000
vt 0.00000 1.00000
vt 0.00000 1.00000
vt 0.00000 1.00000
vt 0.00000 1.00000
vt 0.00000 1.00000
vt 0.00000 1.00000
vt 0.00000 1.00000
vt 0.00000 1.00000
vt 0.00000 1.00000
vt 0.00000 1.00000
vt 0.00000 1.00000
vt 0.00000 1.00000
vt 0.00000 1.00000
vt 0.00000 1.00000
vt 0.00000 1.00000
vt 0.00000 1.00000
vt 0.00000 1.00000
vt 0.00000 1.00000
vt 0.00000 1.00000
vt 0.00000 1.00000
vt 0.00000 1.00000
vt 0.00000 1.00000
vt 0.00000 1.00000
vt 0.00000 1.00000
vt 0.00000 1.00000
vt 0.00000 1.00000
vt 0.00000 1.00000
vt 0.00000 1.00000
vt 0.00000 1.00000
vt 0.00000 1.00000
vt 0.00000 1.00000
vt 0.00000 1.00000
vt 0.00000 1.00000
vt 0.00000 1.00000
vt 0.00000 1.00000
vt 0.00000 1.00000
vt 0.00000 1.00000
vt 0.00000 1.00000
vt 0.00000 1.00000
vt 0.00000 1.00000
vt 0.00000 1.00000
vt 0.00000 1.00000
vt 0.00000 1.00000
vt 0.00000 1.00000
vt 0.00000 1.00000
vt 0.00000 1.00000
vt 0.00000 1.00000
vt 0.00000 1.00000
vt 0.00000 1.00000
vt 0.00000 1.00000
vt 0.00000 1.00000
vt 0.00000 1.00000
vt 0.00000 1.00000
vt 0.00000 1.00000
vt 0.00000 1.00000
vt 0.00000 1.00000
vt 0.00000 1.00000
vt 0.00000 1.00000
vt 0.00000 1.00000
vt 0.00000 1.00000
vt 0.00000 1.00000
vt 0.00000 1.00000
vt 0.00000 1.00000
vt 0.00000 1.00000
vt 0.00000 1.00000
vt 0.00000 1.00000
vt 0.00000 1.00000
vt 0.00000 1.00000
vt 0.00000 1.00000
vt 0.00000 1.00000
vt 0.00000 1.00000
vt 0.00000 1.00000
vt 0.00000 1.00000
vt 0.00000 1.00000
vt 0.00000 1.00000
vt 0.00000 1.00000
vt 0.00000 1.00000
vt 0.00000 1.00000
vt 0.00000 1.00000
vt 0.00000 1.00000
vt 0.00000 1.00000
vt 0.00000 1.00000
vt 0.00000 1.00000
vt 0.00000 1.00000
vt 0.00000 1.00000
vt 0.00000 1.00000
vt 0.00000 1.00000
vt 0.00000 1.00000
vt 0.00000 1.00000
vt 0.00000 1.00000
vt 0.00000 1.00000
vt 0.00000 1.00000
vt 0.00000 1.00000
vt 0.00000 1.00000
vt 0.00000 1.00000
vt 0.00000 1.00000
vt 0.00000 1.00000
vt 0.00000 1.00000
vt 0.00000 1.00000
vt 0.00000 1.00000
vt 0.00000 1.00000
vt 0.00000 1.00000
vt 0.00000 1.00000
vt 0.00000 1.00000
vt 0.00000 1.00000
vt 0.00000 1.00000
vt 0.00000 1.00000
vt 0.00000 1.00000
vt 0.00000 1.00000
vt 0.00000 1.00000
vt 0.00000 1.00000
vt 0.00000 1.00000
vt 0.00000 1.00000
vt 0.00000 1.00000
vt 0.00000 1.00000
vt 0.00000 1.00000
vt 0.00000 1.00000
vt 0.00000 1.00000
vt 0.00000 1.00000
vt 0.00000 1.00000
vt 0.00000 1.00000
vt 0.00000 1.00000
vt 0.00000 1.00000
vt 0.00000 1.00000
vt 0.00000 1.00000
vt 0.00000 1.00000
vt 0.00000 1.00000
vt 0.00000 1.00000
vt 0.00000 1.00000
vt 0.00000 1.00000
vt 0.00000 1.00000
vt 0.00000 1.00000
vt 0.00000 1.00000
vt 0.00000 1.00000
vt 0.00000 1.00000
vt 0.00000 1.00000
vt 0.00000 1.00000
vt 0.00000 1.00000
vt 0.00000 1.00000
vt 0.00000 1.00000
vt 0.00000 1.00000
vt 0.00000 1.00000
vt 0.00000 1.00000
vt 0.00000 1.00000
vt 0.00000 1.00000
vt 0.00000 1.00000
vt 0.00000 1.00000
vt 0.00000 1.00000
vt 0.00000 1.00000
vt 0.00000 1.00000
vt 0.00000 1.00000
vt 0.00000 1.00000
vt 0.00000 1.00000
vt 0.00000 1.00000
vt 0.00000 1.00000
vt 0.00000 1.00000
vt 0.00000 1.00000
vt 0.00000 1.00000
vt 0.00000 1.00000
vt 0.00000 1.00000
vt 0.00000 1.00000
vt 0.00000 1.00000
vt 0.00000 1.00000
vt 0.00000 1.00000
vt 0.00000 1.00000
vt 0.00000 1.00000
vt 0.00000 1.00000
vt 0.00000 1.00000
vt 0.00000 1.00000
vt 0.00000 1.00000
vt 0.00000 1.00000
vt 0.00000 1.00000
vt 0.00000 1.00000
vt 0.00000 1.00000
vt 0.00000 1.00000
vt 0.00000 1.00000
vt 0.00000 1.00000
vt 0.00000 1.00000
vt 0.00000 1.00000
vt 0.00000 1.00000
vt 0.00000 1.00000
vt 0.00000 1.00000
vt 0.00000 1.00000
vt 0.00000 1.00000
vt 0.00000 1.00000
vt 0.00000 1.00000
vt 0.00000 1.00000
vt 0.00000 1.00000
vt 0.00000 1.00000
vt 0.00000 1.00000
vt 0.00000 1.00000
vt 0.00000 1.00000
vt 0.00000 1.00000
vt 0.00000 1.00000
vt 0.00000 1.00000
vt 0.00000 1.00000
vt 0.00000 1.00000
vt 0.00000 1.00000
vt 0.00000 1.00000
vt 0.00000 1.00000
vt 0.00000 1.00000
vt 0.00000 1.00000
vt 0.00000 1.00000
vt 0.00000 1.00000
vt 0.00000 1.00000
vt 0.00000 1.00000
vt 0.00000 1.00000
vt 0.00000 1.00000
vt 0.00000 1.00000
vt 0.00000 1.00000
vt 0.00000 1.00000
vt 0.00000 1.00000
vt 0.00000 1.00000
vt 0.00000 1.00000
vt 0.00000 1.00000
vt 0.00000 1.00000
vt 0.00000 1.00000
vt 0.00000 1.00000
vt 0.00000 1.00000
vt 0.00000 1.00000
vt 0.00000 1.00000
vt 0.00000 1.00000
vt 0.00000 1.00000
vt 0.00000 1.00000
vt 0.00000 1.00000
vt 0.00000 1.00000
vt 0.00000 1.00000
vt 0.00000 1.00000
vt 0.00000 1.00000
vt 0.00000 1.00000
vt 0.00000 1.00000
vt 0.00000 1.00000
vt 0.00000 1.00000
vt 0.00000 1.00000
vt 0.00000 1.00000
vt 0.00000 1.00000
vt 0.00000 1.00000
vt 0.00000 1.00000
vt 0.00000 1.00000
vt 0.00000 1.00000
vt 0.00000 1.00000
vt 0.00000 1.00000
vt 0.00000 1.00000
vt 0.00000 1.00000
vt 0.00000 1.00000
vt 0.00000 1.00000
vt 0.00000 1.00000
vt 0.00000 1.00000
vt 0.00000 1.00000
vt 0.00000 1.00000
vt 0.00000 1.00000
vt 0.00000 1.00000
vt 0.00000 1.00000
vt 0.00000 1.00000
vt 0.00000 1.00000
vt 0.00000 1.00000
vt 0.00000 1.00000
vt 0.00000 1.00000
vt 0.00000 1.00000
vt 0.00000 1.00000
vt 0.00000 1.00000
vt 0.00000 1.00000
vt 0.00000 1.00000
vt 0.00000 1.00000
vt 0.00000 1.00000
vt 0.00000 1.00000
vt 0.00000 1.00000
vt 0.00000 1.00000
vt 0.00000 1.00000
vt 0.00000 1.00000
vt 0.00000 1.00000
vt 0.00000 1.00000
vt 0.00000 1.00000
vt 0.00000 1.00000
vt 0.00000 1.00000
vt 0.00000 1.00000
vt 0.00000 1.00000
vt 0.00000 1.00000
vt 0.00000 1.00000
vt 0.00000 1.00000
vt 0.00000 1.00000
vt 0.00000 1.00000
vt 0.00000 1.00000
vt 0.00000 1.00000
vt 0.00000 1.00000
vt 0.00000 1.00000
vt 0.00000 1.00000
vt 0.00000 1.00000
vt 0.00000 1.00000
vt 0.00000 1.00000
vt 0.00000 1.00000
vt 0.00000 1.00000
vt 0.00000 1.00000
vt 0.00000 1.00000
vt 0.00000 1.00000
vt 0.00000 1.00000
vt 0.00000 1.00000
vt 0.00000 1.00000
vt 0.00000 1.00000
vt 0.00000 1.00000
vt 0.00000 1.00000
vt 0.00000 1.00000
vt 0.00000 1.00000
vt 0.00000 1.00000
vt 0.00000 1.00000
vt 0.00000 1.00000
vt 0.00000 1.00000
vt 0.00000 1.00000
vt 0.00000 1.00000
vt 0.00000 1.00000
vt 0.00000 1.00000
vt 0.00000 1.00000
vt 0.00000 1.00000
vt 0.00000 1.00000
vt 0.00000 1.00000
vt 0.00000 1.00000
vt 0.00000 1.00000
vt 0.00000 1.00000
vt 0.00000 1.00000
vt 0.00000 1.00000
vt 0.00000 1.00000
vt 0.00000 1.00000
vt 0.00000 1.00000
vt 0.00000 1.00000
vt 0.00000 1.00000
vt 0.00000 1.00000
vt 0.00000 1.00000
vt 0.00000 1.00000
vt 0.00000 1.00000
vt 0.00000 1.00000
vt 0.00000 1.00000
vt 0.00000 1.00000
vt 0.00000 1.00000
vt 0.00000 1.00000
vt 0.00000 1.00000
vt 0.00000 1.00000
vt 0.00000 1.00000
vt 0.00000 1.00000
vt 0.00000 1.00000
vt 0.00000 1.00000
vt 0.00000 1.00000
vt 0.00000 1.00000
vt 0.00000 1.00000
vt 0.00000 1.00000
vt 0.00000 1.00000
vt 0.00000 1.00000
vt 0.00000 1.00000
vt 0.00000 1.00000
vt 0.00000 1.00000
vt 0.00000 1.00000
vt 0.00000 1.00000
vt 0.00000 1.00000
vt 0.00000 1.00000
vt 0.00000 1.00000
vt 0.00000 1.00000
vt 0.00000 1.00000
vt 0.00000 1.00000
vt 0.00000 1.00000
vt 0.00000 1.00000
vt 0.00000 1.00000
vt 0.00000 1.00000
vt 0.00000 1.00000
vt 0.00000 1.00000
vt 0.00000 1.00000
vt 0.00000 1.00000
vt 0.00000 1.00000
vt 0.00000 1.00000
vt 0.00000 1.00000
vt 0.00000 1.00000
vt 0.00000 1.00000
vt 0.00000 1.00000
vt 0.00000 1.00000
vt 0.00000 1.00000
vt 0.00000 1.00000
vt 0.00000 1.00000
vt 0.00000 1.00000
vt 0.00000 1.00000
vt 0.00000 1.00000
vt 0.00000 1.00000
vt 0.00000 1.00000
vt 0.00000 1.00000
vt 0.00000 1.00000
vt 0.00000 1.00000
vt 0.00000 1.00000
vt 0.00000 1.00000
vt 0.00000 1.00000
vt 0.00000 1.00000
vt 0.00000 1.00000
vt 0.00000 1.00000
vt 0.00000 1.00000
vt 0.00000 1.00000
vt 0.00000 1.00000
vt 0.00000 1.00000
vt 0.00000 1.00000
vt 0.00000 1.00000
vt 0.00000 1.00000
vt 0.00000 1.00000
vt 0.00000 1.00000
vt 0.00000 1.00000
vt 0.00000 1.00000
vt 0.00000 1.00000
vt 0.00000 1.00000
vt 0.00000 1.00000
vt 0.00000 1.00000
vt 0.00000 1.00000
vt 0.00000 1.00000
vt 0.00000 1.00000
vt 0.00000 1.00000
vt 0.00000 1.00000
vt 0.00000 1.00000
vt 0.00000 1.00000
vt 0.00000 1.00000
vt 0.00000 1.00000
vt 0.00000 1.00000
vt 0.00000 1.00000
vt 0.00000 1.00000
vt 0.00000 1.00000
vt 0.00000 1.00000
vt 0.00000 1.00000
vt 0.00000 1.00000
vt 0.00000 1.00000
vt 0.00000 1.00000
vt 0.00000 1.00000
vt 0.00000 1.00000
vt 0.00000 1.00000
vt 0.00000 1.00000
vt 0.00000 1.00000
vt 0.00000 1.00000
vt 0.00000 1.00000
vt 0.00000 1.00000
vt 0.00000 1.00000
vt 0.00000 1.00000
vt 0.00000 1.00000
vt 0.00000 1.00000
vt 0.00000 1.00000
vt 0.00000 1.00000
vt 0.00000 1.00000
vt 0.00000 1.00000
vt 0.00000 1.00000
vt 0.00000 1.00000
vt 0.00000 1.00000
vt 0.00000 1.00000
vt 0.00000 1.00000
vt 0.00000 1.00000
vt 0.00000 1.00000
vt 0.00000 1.00000
vt 0.00000 1.00000
vt 0.00000 1.00000
vt 0.00000 1.00000
vt 0.00000 1.00000
vt 0.00000 1.00000
vt 0.00000 1.00000
vt 0.00000 1.00000
vt 0.00000 1.00000
vt 0.00000 1.00000
vt 0.00000 1.00000
vt 0.00000 1.00000
vt 0.00000 1.00000
vt 0.00000 1.00000
vt 0.00000 1.00000
vt 0.00000 1.00000
vt 0.00000 1.00000
vt 0.00000 1.00000
vt 0.00000 1.00000
vt 0.00000 1.00000
vt 0.00000 1.00000
vt 0.00000 1.00000
vt 0.00000 1.00000
vt 0.00000 1.00000
vt 0.00000 1.00000
vt 0.00000 1.00000
vt 0.00000 1.00000
vt 0.00000 1.00000
vt 0.00000 1.00000
vt 0.00000 1.00000
vt 0.00000 1.00000
vt 0.00000 1.00000
vt 0.00000 1.00000
vt 0.00000 1.00000
vt 0.00000 1.00000
vt 0.00000 1.00000
vt 0.00000 1.00000
vt 0.00000 1.00000
vt 0.00000 1.00000
vt 0.00000 1.00000
vt 0.00000 1.00000
vt 0.00000 1.00000
vt 0.00000 1.00000
vt 0.00000 1.00000
vt 0.00000 1.00000
vt 0.00000 1.00000
vt 0.00000 1.00000
vt 0.00000 1.00000
vt 0.00000 1.00000
vt 0.00000 1.00000
vt 0.00000 1.00000
vt 0.00000 1.00000
vt 0.00000 1.00000
vt 0.00000 1.00000
vt 0.00000 1.00000
vt 0.00000 1.00000
vt 0.00000 1.00000
vt 0.00000 1.00000
vt 0.00000 1.00000
vt 0.00000 1.00000
vt 0.00000 1.00000
vt 0.00000 1.00000
vt 0.00000 1.00000
vt 0.00000 1.00000
vt 0.00000 1.00000
vt 0.00000 1.00000
vt 0.00000 1.00000
vt 0.00000 1.00000
vt 0.00000 1.00000
vt 0.00000 1.00000
vt 0.00000 1.00000
vt 0.00000 1.00000
vt 0.00000 1.00000
vt 0.00000 1.00000
vt 0.00000 1.00000
vt 0.00000 1.00000
vt 0.00000 1.00000
vt 0.00000 1.00000
vt 0.00000 1.00000
vt 0.00000 1.00000
vt 0.00000 1.00000
vt 0.00000 1.00000
vt 0.00000 1.00000
vt 0.00000 1.00000
vt 0.00000 1.00000
vt 0.00000 1.00000
vt 0.00000 1.00000
vt 0.00000 1.00000
vt 0.00000 1.00000
vt 0.00000 1.00000
vt 0.00000 1.00000
vt 0.00000 1.00000
vt 0.00000 1.00000
vt 0.00000 1.00000
vt 0.00000 1.00000
vt 0.00000 1.00000
vt 0.00000 1.00000
vt 0.00000 1.00000
vt 0.00000 1.00000
vt 0.00000 1.00000
vt 0.00000 1.00000
vt 0.00000 1.00000
vt 0.00000 1.00000
vt 0.00000 1.00000
vt 0.00000 1.00000
vt 0.00000 1.00000
vt 0.00000 1.00000
vt 0.00000 1.00000
vt 0.00000 1.00000
vt 0.00000 1.00000
vt 0.00000 1.00000
vt 0.00000 1.00000
vt 0.00000 1.00000
vt 0.00000 1.00000
vt 0.00000 1.00000
vt 0.00000 1.00000
vt 0.00000 1.00000
vt 0.00000 1.00000
vt 0.00000 1.00000
vt 0.00000 1.00000
vt 0.00000 1.00000
vt 0.00000 1.00000
vt 0.00000 1.00000
vt 0.00000 1.00000
vt 0.00000 1.00000
vt 0.00000 1.00000
vt 0.00000 1.00000
vt 0.00000 1.00000
vt 0.00000 1.00000
vt 0.00000 1.00000
vt 0.00000 1.00000
vt 0.00000 1.00000
vt 0.00000 1.00000
vt 0.00000 1.00000
vt 0.00000 1.00000
vt 0.00000 1.00000
vt 0.00000 1.00000
vt 0.00000 1.00000
vt 0.00000 1.00000
vt 0.00000 1.00000
vt 0.00000 1.00000
vt 0.00000 1.00000
vt 0.00000 1.00000
vt 0.00000 1.00000
vt 0.00000 1.00000
vt 0.00000 1.00000
vt 0.00000 1.00000
vt 0.00000 1.00000
vt 0.00000 1.00000
vt 0.00000 1.00000
vt 0.00000 1.00000
vt 0.00000 1.00000
vt 0.00000 1.00000
vt 0.00000 1.00000
vt 0.00000 1.00000
vt 0.00000 1.00000
vt 0.00000 1.00000
vt 0.00000 1.00000
vt 0.00000 1.00000
vt 0.00000 1.00000
vt 0.00000 1.00000
vt 0.00000 1.00000
vt 0.00000 1.00000
vt 0.00000 1.00000
vt 0.00000 1.00000
vt 0.00000 1.00000
vt 0.00000 1.00000
vt 0.00000 1.00000
vt 0.00000 1.00000
vt 0.00000 1.00000
vt 0.00000 1.00000
vt 0.00000 1.00000
vt 0.00000 1.00000
vt 0.00000 1.00000
vt 0.00000 1.00000
vt 0.00000 1.00000
vt 0.00000 1.00000
vt 0.00000 1.00000
vt 0.00000 1.00000
vt 0.00000 1.00000
vt 0.00000 1.00000
vt 0.00000 1.00000
vt 0.00000 1.00000
vt 0.00000 1.00000
vt 0.00000 1.00000
vt 0.00000 1.00000
vt 0.00000 1.00000
vt 0.00000 1.00000
vt 0.00000 1.00000
vt 0.00000 1.00000
vt 0.00000 1.00000
vt 0.00000 1.00000
vt 0.00000 1.00000
vt 0.00000 1.00000
vt 0.00000 1.00000
vt 0.00000 1.00000
vt 0.00000 1.00000
vt 0.00000 1.00000
vt 0.00000 1.00000
vt 0.00000 1.00000
vt 0.00000 1.00000
vt 0.00000 1.00000
vt 0.00000 1.00000
vt 0.00000 1.00000
vt 0.00000 1.00000
vt 0.00000 1.00000
vt 0.00000 1.00000
vt 0.00000 1.00000
vt 0.00000 1.00000
vt 0.00000 1.00000
vt 0.00000 1.00000
vt 0.00000 1.00000
vt 0.00000 1.00000
vt 0.00000 1.00000
vt 0.00000 1.00000
vt 0.00000 1.00000
vt 0.00000 1.00000
vt 0.00000 1.00000
vt 0.00000 1.00000
vt 0.00000 1.00000
vt 0.00000 1.00000
vt 0.00000 1.00000
vt 0.00000 1.00000
vt 0.00000 1.00000
vt 0.00000 1.00000
vt 0.00000 1.00000
vt 0.00000 1.00000
vt 0.00000 1.00000
vt 0.00000 1.00000
vt 0.00000 1.00000
vt 0.00000 1.00000
vt 0.00000 1.00000
vt 0.00000 1.00000
vt 0.00000 1.00000
vt 0.00000 1.00000
vt 0.00000 1.00000
vt 0.00000 1.00000
vt 0.00000 1.00000
vt 0.00000 1.00000
vt 0.00000 1.00000
vt 0.00000 1.00000
vt 0.00000 1.00000
vt 0.00000 1.00000
vt 0.00000 1.00000
vt 0.00000 1.00000
vt 0.00000 1.00000
vt 0.00000 1.00000
vt 0.00000 1.00000
vt 0.00000 1.00000
vt 0.00000 1.00000
vt 0.00000 1.00000
vt 0.00000 1.00000
vt 0.00000 1.00000
vt 0.00000 1.00000
vt 0.00000 1.00000
vt 0.00000 1.00000
vt 0.00000 1.00000
vt 0.00000 1.00000
vt 0.00000 1.00000
vt 0.00000 1.00000
vt 0.00000 1.00000
vt 0.00000 1.00000
vt 0.00000 1.00000
vt 0.00000 1.00000
vt 0.00000 1.00000
vt 0.00000 1.00000
vt 0.00000 1.00000
vt 0.00000 1.00000
vt 0.00000 1.00000
vt 0.00000 1.00000
vt 0.00000 1.00000
vt 0.00000 1.00000
vt 0.00000 1.00000
vt 0.00000 1.00000
vt 0.00000 1.00000
vt 0.00000 1.00000
vt 0.00000 1.00000
vt 0.00000 1.00000
vt 0.00000 1.00000
vt 0.00000 1.00000
vt 0.00000 1.00000
vt 0.00000 1.00000
vt 0.00000 1.00000
vt 0.00000 1.00000
vt 0.00000 1.00000
vt 0.00000 1.00000
vt 0.00000 1.00000
vt 0.00000 1.00000
vt 0.00000 1.00000
vt 0.00000 1.00000
vt 0.00000 1.00000
vt 0.00000 1.00000
vt 0.00000 1.00000
vt 0.00000 1.00000
vt 0.00000 1.00000
vt 0.00000 1.00000
vt 0.00000 1.00000
vt 0.00000 1.00000
vt 0.00000 1.00000
vt 0.00000 1.00000
vt 0.00000 1.00000
vt 0.00000 1.00000
vt 0.00000 1.00000
vt 0.00000 1.00000
vt 0.00000 1.00000
vt 0.00000 1.00000
vt 0.00000 1.00000
vt 0.00000 1.00000
vt 0.00000 1.00000
vt 0.00000 1.00000
vt 0.00000 1.00000
vt 0.00000 1.00000
vt 0.00000 1.00000
vt 0.00000 1.00000
vt 0.00000 1.00000
vt 0.00000 1.00000
vt 0.00000 1.00000
vt 0.00000 1.00000
vt 0.00000 1.00000
vt 0.00000 1.00000
vt 0.00000 1.00000
vt 0.00000 1.00000
vt 0.00000 1.00000
vt 0.00000 1.00000
vt 0.00000 1.00000
vt 0.00000 1.00000
vt 0.00000 1.00000
vt 0.00000 1.00000
vt 0.00000 1.00000
vt 0.00000 1.00000
vt 0.00000 1.00000
vt 0.00000 1.00000
vt 0.00000 1.00000
vt 0.00000 1.00000
vt 0.00000 1.00000
vt 0.00000 1.00000
vt 0.00000 1.00000
vt 0.00000 1.00000
vt 0.00000 1.00000
vt 0.00000 1.00000
vt 0.00000 1.00000
vt 0.00000 1.00000
vt 0.00000 1.00000
vt 0.00000 1.00000
vt 0.00000 1.00000
vt 0.00000 1.00000
vt 0.00000 1.00000
vt 0.00000 1.00000
vt 0.00000 1.00000
vt 0.00000 1.00000
vt 0.00000 1.00000
vt 0.00000 1.00000
vt 0.00000 1.00000
vt 0.00000 1.00000
vt 0.00000 1.00000
vt 0.00000 1.00000
vt 0.00000 1.00000
vt 0.00000 1.00000
vt 0.00000 1.00000
vt 0.00000 1.00000
vt 0.00000 1.00000
vt 0.00000 1.00000
vt 0.00000 1.00000
vt 0.00000 1.00000
vt 0.00000 1.00000
vt 0.00000 1.00000
vt 0.00000 1.00000
vt 0.00000 1.00000
vt 0.00000 1.00000
vt 0.00000 1.00000
vt 0.00000 1.00000
vt 0.00000 1.00000
vt 0.00000 1.00000
vt 0.00000 1.00000
vt 0.00000 1.00000
vt 0.00000 1.00000
vt 0.00000 1.00000
vt 0.00000 1.00000
vt 0.00000 1.00000
vt 0.00000 1.00000
vt 0.00000 1.00000
vt 0.00000 1.00000
vt 0.00000 1.00000
vt 0.00000 1.00000
vt 0.00000 1.00000
vt 0.00000 1.00000
vt 0.00000 1.00000
vt 0.00000 1.00000
vt 0.00000 1.00000
vt 0.00000 1.00000
vt 0.00000 1.00000
vt 0.00000 1.00000
vt 0.00000 1.00000
vt 0.00000 1.00000
vt 0.00000 1.00000
vt 0.00000 1.00000
vt 0.00000 1.00000
vt 0.00000 1.00000
vt 0.00000 1.00000
vt 0.00000 1.00000
vt 0.00000 1.00000
vt 0.00000 1.00000
vt 0.00000 1.00000
vt 0.00000 1.00000
vt 0.00000 1.00000
vt 0.00000 1.00000
vt 0.00000 1.00000
vt 0.00000 1.00000
vt 0.00000 1.00000
vt 0.00000 1.00000
vt 0.00000 1.00000
vt 0.00000 1.00000
vt 0.00000 1.00000
vt 0.00000 1.00000
vt 0.00000 1.00000
vt 0.00000 1.00000
vt 0.00000 1.00000
vt 0.00000 1.00000
vt 0.00000 1.00000
vt 0.00000 1.00000
vt 0.00000 1.00000
vt 0.00000 1.00000
vt 0.00000 1.00000
vt 0.00000 1.00000
vt 0.00000 1.00000
vt 0.00000 1.00000
vt 0.00000 1.00000
vt 0.00000 1.00000
vt 0.00000 1.00000
vt 0.00000 1.00000
vt 0.00000 1.00000
vt 0.00000 1.00000
vt 0.00000 1.00000
vt 0.00000 1.00000
vt 0.00000 1.00000
vt 0.00000 1.00000
vt 0.00000 1.00000
vt 0.00000 1.00000
vt 0.00000 1.00000
vt 0.00000 1.00000
vt 0.00000 1.00000
vt 0.00000 1.00000
vt 0.00000 1.00000
vt 0.00000 1.00000
vt 0.00000 1.00000
vt 0.00000 1.00000
vt 0.00000 1.00000
vt 0.00000 1.00000
vt 0.00000 1.00000
vt 0.00000 1.00000
vt 0.00000 1.00000
vt 0.00000 1.00000
vt 0.00000 1.00000
vt 0.00000 1.00000
vt 0.00000 1.00000
vt 0.00000 1.00000
vt 0.00000 1.00000
vt 0.00000 1.00000
vt 0.00000 1.00000
vt 0.00000 1.00000
vt 0.00000 1.00000
vt 0.00000 1.00000
vt 0.00000 1.00000
vt 0.00000 1.00000
vt 0.00000 1.00000
vt 0.00000 1.00000
vt 0.00000 1.00000
vt 0.00000 1.00000
vt 0.00000 1.00000
vt 0.00000 1.00000
vt 0.00000 1.00000
vt 0.00000 1.00000
vt 0.00000 1.00000
vt 0.00000 1.00000
vt 0.00000 1.00000
vt 0.00000 1.00000
vt 0.00000 1.00000
vt 0.00000 1.00000
vt 0.00000 1.00000
vt 0.00000 1.00000
vt 0.00000 1.00000
vt 0.00000 1.00000
vt 0.00000 1.00000
vt 0.00000 1.00000
vt 0.00000 1.00000
vt 0.00000 1.00000
vt 0.00000 1.00000
vt 0.00000 1.00000
vt 0.00000 1.00000
vt 0.00000 1.00000
vt 0.00000 1.00000
vt 0.00000 1.00000
vt 0.00000 1.00000
vt 0.00000 1.00000
vt 0.00000 1.00000
vt 0.00000 1.00000
vt 0.00000 1.00000
vt 0.00000 1.00000
vt 0.00000 1.00000
vt 0.00000 1.00000
vt 0.00000 1.00000
vt 0.00000 1.00000
vt 0.00000 1.00000
vt 0.00000 1.00000
vt 0.00000 1.00000
vt 0.00000 1.00000
vt 0.00000 1.00000
vt 0.00000 1.00000
vt 0.00000 1.00000
vt 0.00000 1.00000
vt 0.00000 1.00000
vt 0.00000 1.00000
vt 0.00000 1.00000
vt 0.00000 1.00000
vt 0.00000 1.00000
vt 0.00000 1.00000
vt 0.00000 1.00000
vt 0.00000 1.00000
vt 0.00000 1.00000
vt 0.00000 1.00000
vt 0.00000 1.00000
vt 0.00000 1.00000
vt 0.00000 1.00000
vt 0.00000 1.00000
vt 0.00000 1.00000
vt 0.00000 1.00000
vt 0.00000 1.00000
vt 0.00000 1.00000
vt 0.00000 1.00000
vt 0.00000 1.00000
vt 0.00000 1.00000
vt 0.00000 1.00000
vt 0.00000 1.00000
vt 0.00000 1.00000
vt 0.00000 1.00000
vt 0.00000 1.00000
vt 0.00000 1.00000
vt 0.00000 1.00000
vt 0.00000 1.00000
vt 0.00000 1.00000
vt 0.00000 1.00000
vt 0.00000 1.00000
vt 0.00000 1.00000
vt 0.00000 1.00000
vt 0.00000 1.00000
vt 0.00000 1.00000
vt 0.00000 1.00000
vt 0.00000 1.00000
vt 0.00000 1.00000
vt 0.00000 1.00000
vt 0.00000 1.00000
vt 0.00000 1.00000
vt 0.00000 1.00000
vt 0.00000 1.00000
vt 0.00000 1.00000
vt 0.00000 1.00000
vt 0.00000 1.00000
vt 0.00000 1.00000
vt 0.00000 1.00000
vt 0.00000 1.00000
vt 0.00000 1.00000
vt 0.00000 1.00000
vt 0.00000 1.00000
vt 0.00000 1.00000
vt 0.00000 1.00000
vt 0.00000 1.00000
vt 0.00000 1.00000
vt 0.00000 1.00000
vt 0.00000 1.00000
vt 0.00000 1.00000
vt 0.00000 1.00000
vt 0.00000 1.00000
vt 0.00000 1.00000
vt 0.00000 1.00000
vt 0.00000 1.00000
vt 0.00000 1.00000
vt 0.00000 1.00000
vt 0.00000 1.00000
vt 0.00000 1.00000
vt 0.00000 1.00000
vt 0.00000 1.00000
vt 0.00000 1.00000
vt 0.00000 1.00000
vt 0.00000 1.00000
vt 0.00000 1.00000
vt 0.00000 1.00000
vt 0.00000 1.00000
vt 0.00000 1.00000
vt 0.00000 1.00000
vt 0.00000 1.00000
vt 0.00000 1.00000
vt 0.00000 1.00000
vt 0.00000 1.00000
vt 0.00000 1.00000
vt 0.00000 1.00000
vt 0.00000 1.00000
vt 0.00000 1.00000
vt 0.00000 1.00000
vt 0.00000 1.00000
vt 0.00000 1.00000
vt 0.00000 1.00000
vt 0.00000 1.00000
vt 0.00000 1.00000
vt 0.00000 1.00000
vt 0.00000 1.00000
vt 0.00000 1.00000
vt 0.00000 1.00000
vt 0.00000 1.00000
vt 0.00000 1.00000
vt 0.00000 1.00000
vt 0.00000 1.00000
vt 0.00000 1.00000
vt 0.00000 1.00000
vt 0.00000 1.00000
vt 0.00000 1.00000
vt 0.00000 1.00000
vt 0.00000 1.00000
vt 0.00000 1.00000
vt 0.00000 1.00000
vt 0.00000 1.00000
vt 0.00000 1.00000
vt 0.00000 1.00000
vt 0.00000 1.00000
vt 0.00000 1.00000
vt 0.00000 1.00000
vt 0.00000 1.00000
vt 0.00000 1.00000
vt 0.00000 1.00000
vt 0.00000 1.00000
vt 0.00000 1.00000
vt 0.00000 1.00000
vt 0.00000 1.00000
vt 0.00000 1.00000
vt 0.00000 1.00000
vt 0.00000 1.00000
vt 0.00000 1.00000
vt 0.00000 1.00000
vt 0.00000 1.00000
vt 0.00000 1.00000
vt 0.00000 1.00000
vt 0.00000 1.00000
vt 0.00000 1.00000
vt 0.00000 1.00000
vt 0.00000 1.00000
vt 0.00000 1.00000
vt 0.00000 1.00000
vt 0.00000 1.00000
vt 0.00000 1.00000
vt 0.00000 1.00000
vt 0.00000 1.00000
vt 0.00000 1.00000
vt 0.00000 1.00000
vt 0.00000 1.00000
vt 0.00000 1.00000
vt 0.00000 1.00000
vt 0.00000 1.00000
vt 0.00000 1.00000
vt 0.00000 1.00000
vt 0.00000 1.00000
vt 0.00000 1.00000
vt 0.00000 1.00000
vt 0.00000 1.00000
vt 0.00000 1.00000
vt 0.00000 1.00000
vt 0.00000 1.00000
vt 0.00000 1.00000
vt 0.00000 1.00000
vt 0.00000 1.00000
vt 0.00000 1.00000
vt 0.00000 1.00000
vt 0.00000 1.00000
vt 0.00000 1.00000
vt 0.00000 1.00000
vt 0.00000 1.00000
vt 0.00000 1.00000
vt 0.00000 1.00000
vt 0.00000 1.00000
vt 0.00000 1.00000
vt 0.00000 1.00000
vt 0.00000 1.00000
vt 0.00000 1.00000
vt 0.00000 1.00000
vt 0.00000 1.00000
vt 0.00000 1.00000
vt 0.00000 1.00000
vt 0.00000 1.00000
vt 0.00000 1.00000
vt 0.00000 1.00000
vt 0.00000 1.00000
vt 0.00000 1.00000
vt 0.00000 1.00000
vt 0.00000 1.00000
vt 0.00000 1.00000
vt 0.00000 1.00000
vt 0.00000 1.00000
vt 0.00000 1.00000
vt 0.00000 1.00000
vt 0.00000 1.00000
vt 0.00000 1.00000
vt 0.00000 1.00000
vt 0.00000 1.00000
vt 0.00000 1.00000
vt 0.00000 1.00000
vt 0.00000 1.00000
vt 0.00000 1.00000
vt 0.00000 1.00000
vt 0.00000 1.00000
vt 0.00000 1.00000
vt 0.00000 1.00000
vt 0.00000 1.00000
vt 0.00000 1.00000
vt 0.00000 1.00000
vt 0.00000 1.00000
vt 0.00000 1.00000
vt 0.00000 1.00000
vt 0.00000 1.00000
vt 0.00000 1.00000
vt 0.00000 1.00000
vt 0.00000 1.00000
vt 0.00000 1.00000
vt 0.00000 1.00000
vt 0.00000 1.00000
vt 0.00000 1.00000
vt 0.00000 1.00000
vt 0.00000 1.00000
vt 0.00000 1.00000
vt 0.00000 1.00000
vt 0.00000 1.00000
vt 0.00000 1.00000
vt 0.00000 1.00000
vt 0.00000 1.00000
vt 0.00000 1.00000
vt 0.00000 1.00000
vt 0.00000 1.00000
vt 0.00000 1.00000
vt 0.00000 1.00000
vt 0.00000 1.00000
vt 0.00000 1.00000
vt 0.00000 1.00000
vt 0.00000 1.00000
vt 0.00000 1.00000
vt 0.00000 1.00000
vt 0.00000 1.00000
vt 0.00000 1.00000
vt 0.00000 1.00000
vt 0.00000 1.00000
vt 0.00000 1.00000
vt 0.00000 1.00000
vt 0.00000 1.00000
vt 0.00000 1.00000
vt 0.00000 1.00000
vt 0.00000 1.00000
vt 0.00000 1.00000
vt 0.00000 1.00000
vt 0.00000 1.00000
vt 0.00000 1.00000
vt 0.00000 1.00000
vt 0.00000 1.00000
vt 0.00000 1.00000
vt 0.00000 1.00000
vt 0.00000 1.00000
vt 0.00000 1.00000
vt 0.00000 1.00000
vt 0.00000 1.00000
vt 0.00000 1.00000
vt 0.00000 1.00000
vt 0.00000 1.00000
vt 0.00000 1.00000
vt 0.00000 1.00000
vt 0.00000 1.00000
vt 0.00000 1.00000
vt 0.00000 1.00000
vt 0.00000 1.00000
vt 0.00000 1.00000
vt 0.00000 1.00000
vt 0.00000 1.00000
vt 0.00000 1.00000
vt 0.00000 1.00000
vt 0.00000 1.00000
vt 0.00000 1.00000
vt 0.00000 1.00000
vt 0.00000 1.00000
vt 0.00000 1.00000
vt 0.00000 1.00000
vt 0.00000 1.00000
vt 0.00000 1.00000
vt 0.00000 1.00000
vt 0.00000 1.00000
vt 0.00000 1.00000
vt 0.00000 1.00000
vt 0.00000 1.00000
vt 0.00000 1.00000
vt 0.00000 1.00000
vt 0.00000 1.00000
vt 0.00000 1.00000
vt 0.00000 1.00000
vt 0.00000 1.00000
vt 0.00000 1.00000
vt 0.00000 1.00000
vt 0.00000 1.00000
vt 0.00000 1.00000
vt 0.00000 1.00000
vt 0.00000 1.00000
vt 0.00000 1.00000
vt 0.00000 1.00000
vt 0.00000 1.00000
vt 0.00000 1.00000
vt 0.00000 1.00000
vt 0.00000 1.00000
vt 0.00000 1.00000
vt 0.00000 1.00000
vt 0.00000 1.00000
vt 0.00000 1.00000
vt 0.00000 1.00000
vt 0.00000 1.00000
vt 0.00000 1.00000
vt 0.00000 1.00000
vt 0.00000 1.00000
vt 0.00000 1.00000
vt 0.00000 1.00000
vt 0.00000 1.00000
vt 0.00000 1.00000
vt 0.00000 1.00000
vt 0.00000 1.00000
vt 0.00000 1.00000
vt 0.00000 1.00000
vt 0.00000 1.00000
vt 0.00000 1.00000
vt 0.00000 1.00000
vt 0.00000 1.00000
vt 0.00000 1.00000
vt 0.00000 1.00000
vt 0.00000 1.00000
vt 0.00000 1.00000
vt 0.00000 1.00000
vt 0.00000 1.00000
vt 0.00000 1.00000
vt 0.00000 1.00000
vt 0.00000 1.00000
vt 0.00000 1.00000
vt 0.00000 1.00000
vt 0.00000 1.00000
vt 0.00000 1.00000
vt 0.00000 1.00000
vt 0.00000 1.00000
vt 0.00000 1.00000
vt 0.00000 1.00000
vt 0.00000 1.00000
vt 0.00000 1.00000
vt 0.00000 1.00000
vt 0.00000 1.00000
vt 0.00000 1.00000
vt 0.00000 1.00000
vt 0.00000 1.00000
vt 0.00000 1.00000
vt 0.00000 1.00000
vt 0.00000 1.00000
vt 0.00000 1.00000
vt 0.00000 1.00000
vt 0.00000 1.00000
vt 0.00000 1.00000
vt 0.00000 1.00000
vt 0.00000 1.00000
vt 0.00000 1.00000
vt 0.00000 1.00000
vt 0.00000 1.00000
vt 0.00000 1.00000
vt 0.00000 1.00000
vt 0.00000 1.00000
vt 0.00000 1.00000
vt 0.00000 1.00000
vt 0.00000 1.00000
vt 0.00000 1.00000
vt 0.00000 1.00000
vt 0.00000 1.00000
vt 0.00000 1.00000
vt 0.00000 1.00000
vt 0.00000 1.00000
vt 0.00000 1.00000
vt 0.00000 1.00000
vt 0.00000 1.00000
vt 0.00000 1.00000
vt 0.00000 1.00000
vt 0.00000 1.00000
vt 0.00000 1.00000
vt 0.00000 1.00000
vt 0.00000 1.00000
vt 0.00000 1.00000
vt 0.00000 1.00000
vt 0.00000 1.00000
vt 0.00000 1.00000
vt 0.00000 1.00000
vt 0.00000 1.00000
vt 0.00000 1.00000
vt 0.00000 1.00000
vt 0.00000 1.00000
vt 0.00000 1.00000
vt 0.00000 1.00000
vt 0.00000 1.00000
vt 0.00000 1.00000
vt 0.00000 1.00000
vt 0.00000 1.00000
vt 0.00000 1.00000
vt 0.00000 1.00000
vt 0.00000 1.00000
vt 0.00000 1.00000
vt 0.00000 1.00000
vt 0.00000 1.00000
vt 0.00000 1.00000
vt 0.00000 1.00000
vt 0.00000 1.00000
vt 0.00000 1.00000
vt 0.00000 1.00000
vt 0.00000 1.00000
vt 0.00000 1.00000
vt 0.00000 1.00000
vt 0.00000 1.00000
vt 0.00000 1.00000
vt 0.00000 1.00000
vt 0.00000 1.00000
vt 0.00000 1.00000
vt 0.00000 1.00000
vt 0.00000 1.00000
vt 0.00000 1.00000
vt 0.00000 1.00000
vt 0.00000 1.00000
vt 0.00000 1.00000
vt 0.00000 1.00000
vt 0.00000 1.00000
vt 0.00000 1.00000
vt 0.00000 1.00000
vt 0.00000 1.00000
vt 0.00000 1.00000
vt 0.00000 1.00000
vt 0.00000 1.00000
vt 0.00000 1.00000
vt 0.00000 1.00000
vt 0.00000 1.00000
vt 0.00000 1.00000
vt 0.00000 1.00000
vt 0.00000 1.00000
vt 0.00000 1.00000
vt 0.00000 1.00000
vt 0.00000 1.00000
vt 0.00000 1.00000
vt 0.00000 1.00000
vt 0.00000 1.00000
vt 0.00000 1.00000
vt 0.00000 1.00000
vt 0.00000 1.00000
vt 0.00000 1.00000
vt 0.00000 1.00000
vt 0.00000 1.00000
vt 0.00000 1.00000
vt 0.00000 1.00000
vt 0.00000 1.00000
vt 0.00000 1.00000
vt 0.00000 1.00000
vt 0.00000 1.00000
vt 0.00000 1.00000
vt 0.00000 1.00000
vt 0.00000 1.00000
vt 0.00000 1.00000
vt 0.00000 1.00000
vt 0.00000 1.00000
vt 0.00000 1.00000
vt 0.00000 1.00000
vt 0.00000 1.00000
vt 0.00000 1.00000
vt 0.00000 1.00000
vt 0.00000 1.00000
vt 0.00000 1.00000
vt 0.00000 1.00000
vt 0.00000 1.00000
vt 0.00000 1.00000
vt 0.00000 1.00000
vt 0.00000 1.00000
vt 0.00000 1.00000
vt 0.00000 1.00000
vt 0.00000 1.00000
vt 0.00000 1.00000
vt 0.00000 1.00000
vt 0.00000 1.00000
vt 0.00000 1.00000
vt 0.00000 1.00000
vt 0.00000 1.00000
vt 0.00000 1.00000
vt 0.00000 1.00000
vt 0.00000 1.00000
vt 0.00000 1.00000
vt 0.00000 1.00000
vt 0.00000 1.00000
vt 0.00000 1.00000
vt 0.00000 1.00000
vt 0.00000 1.00000
vt 0.00000 1.00000
vt 0.00000 1.00000
vt 0.00000 1.00000
vt 0.00000 1.00000
vt 0.00000 1.00000
vt 0.00000 1.00000
vt 0.00000 1.00000
vt 0.00000 1.00000
vt 0.00000 1.00000
vt 0.00000 1.00000
vt 0.00000 1.00000
vt 0.00000 1.00000
vt 0.00000 1.00000
vt 0.00000 1.00000
vt 0.00000 1.00000
vt 0.00000 1.00000
vt 0.00000 1.00000
vt 0.00000 1.00000
vt 0.00000 1.00000
vt 0.00000 1.00000
vt 0.00000 1.00000
vt 0.00000 1.00000
vt 0.00000 1.00000
vt 0.00000 1.00000
vt 0.00000 1.00000
vt 0.00000 1.00000
vt 0.00000 1.00000
vt 0.00000 1.00000
vt 0.00000 1.00000
vt 0.00000 1.00000
vt 0.00000 1.00000
vt 0.00000 1.00000
vt 0.00000 1.00000
vt 0.00000 1.00000
vt 0.00000 1.00000
vt 0.00000 1.00000
vt 0.00000 1.00000
vt 0.00000 1.00000
vt 0.00000 1.00000
vt 0.00000 1.00000
vt 0.00000 1.00000
vt 0.00000 1.00000
vt 0.00000 1.00000
vt 0.00000 1.00000
vt 0.00000 1.00000
vt 0.00000 1.00000
vt 0.00000 1.00000
vt 0.00000 1.00000
vt 0.00000 1.00000
vt 0.00000 1.00000
vt 0.00000 1.00000
vt 0.00000 1.00000
vt 0.00000 1.00000
vt 0.00000 1.00000
vt 0.00000 1.00000
vt 0.00000 1.00000
vt 0.00000 1.00000
vt 0.00000 1.00000
vt 0.00000 1.00000
vt 0.00000 1.00000
vt 0.00000 1.00000
vt 0.00000 1.00000
vt 0.00000 1.00000
vt 0.00000 1.00000
vt 0.00000 1.00000
vt 0.00000 1.00000
vt 0.00000 1.00000
vt 0.00000 1.00000
vt 0.00000 1.00000
vt 0.00000 1.00000
vt 0.00000 1.00000
vt 0.00000 1.00000
vt 0.00000 1.00000
vt 0.00000 1.00000
vt 0.00000 1.00000
vt 0.00000 1.00000
vt 0.00000 1.00000
vt 0.00000 1.00000
vt 0.00000 1.00000
vt 0.00000 1.00000
vt 0.00000 1.00000
vt 0.00000 1.00000
vt 0.00000 1.00000
vt 0.00000 1.00000
vt 0.00000 1.00000
vt 0.00000 1.00000
vt 0.00000 1.00000
vt 0.00000 1.00000
vt 0.00000 1.00000
vt 0.00000 1.00000
vt 0.00000 1.00000
vt 0.00000 1.00000
vt 0.00000 1.00000
vt 0.00000 1.00000
vt 0.00000 1.00000
vt 0.00000 1.00000
vt 0.00000 1.00000
vt 0.00000 1.00000
vt 0.00000 1.00000
vt 0.00000 1.00000
vt 0.00000 1.00000
vt 0.00000 1.00000
vt 0.00000 1.00000
vt 0.00000 1.00000
vt 0.00000 1.00000
vt 0.00000 1.00000
vt 0.00000 1.00000
vt 0.00000 1.00000
vt 0.00000 1.00000
vt 0.00000 1.00000
vt 0.00000 1.00000
vt 0.00000 1.00000
vt 0.00000 1.00000
vt 0.00000 1.00000
vt 0.00000 1.00000
vt 0.00000 1.00000
vt 0.00000 1.00000
vt 0.00000 1.00000
vt 0.00000 1.00000
vt 0.00000 1.00000
vt 0.00000 1.00000
vt 0.00000 1.00000
vt 0.00000 1.00000
vt 0.00000 1.00000
vt 0.00000 1.00000
vt 0.00000 1.00000
vt 0.00000 1.00000
vt 0.00000 1.00000
vt 0.00000 1.00000
vt 0.00000 1.00000
vt 0.00000 1.00000
vt 0.00000 1.00000
vt 0.00000 1.00000
vt 0.00000 1.00000
vt 0.00000 1.00000
vt 0.00000 1.00000
vt 0.00000 1.00000
vt 0.00000 1.00000
vt 0.00000 1.00000
vt 0.00000 1.00000
vt 0.00000 1.00000
vt 0.00000 1.00000
vt 0.00000 1.00000
vt 0.00000 1.00000
vt 0.00000 1.00000
vt 0.00000 1.00000
vt 0.00000 1.00000
vt 0.00000 1.00000
vt 0.00000 1.00000
vt 0.00000 1.00000
vt 0.00000 1.00000
vt 0.00000 1.00000
vt 0.00000 1.00000
vt 0.00000 1.00000
vt 0.00000 1.00000
vt 0.00000 1.00000
vt 0.00000 1.00000
vt 0.00000 1.00000
vt 0.00000 1.00000
vt 0.00000 1.00000
vt 0.00000 1.00000
vt 0.00000 1.00000
vt 0.00000 1.00000
vt 0.00000 1.00000
vt 0.00000 1.00000
vt 0.00000 1.00000
vt 0.00000 1.00000
vt 0.00000 1.00000
vt 0.00000 1.00000
vt 0.00000 1.00000
vt 0.00000 1.00000
vt 0.00000 1.00000
vt 0.00000 1.00000
vt 0.00000 1.00000
vt 0.00000 1.00000
vt 0.00000 1.00000
vt 0.00000 1.00000
vt 0.00000 1.00000
vt 0.00000 1.00000
vt 0.00000 1.00000
vt 0.00000 1.00000
vt 0.00000 1.00000
vt 0.00000 1.00000
vt 0.00000 1.00000
vt 0.00000 1.00000
vt 0.00000 1.00000
vt 0.00000 1.00000
vt 0.00000 1.00000
vt 0.00000 1.00000
vt 0.00000 1.00000
vt 0.00000 1.00000
vt 0.00000 1.00000
vt 0.00000 1.00000
vt 0.00000 1.00000
vt 0.00000 1.00000
vt 0.00000 1.00000
vt 0.00000 1.00000
vt 0.00000 1.00000
vt 0.00000 1.00000
vt 0.00000 1.00000
vt 0.00000 1.00000
vt 0.00000 1.00000
vt 0.00000 1.00000
vt 0.00000 1.00000
vt 0.00000 1.00000
vt 0.00000 1.00000
vt 0.00000 1.00000
vt 0.00000 1.00000
vt 0.00000 1.00000
vt 0.00000 1.00000
vt 0.00000 1.00000
vt 0.00000 1.00000
vt 0.00000 1.00000
vt 0.00000 1.00000
vt 0.00000 1.00000
vt 0.00000 1.00000
vt 0.00000 1.00000
vt 0.00000 1.00000
vt 0.00000 1.00000
vt 0.00000 1.00000
vt 0.00000 1.00000
vt 0.00000 1.00000
vt 0.00000 1.00000
vt 0.00000 1.00000
vt 0.00000 1.00000
vt 0.00000 1.00000
vt 0.00000 1.00000
vt 0.00000 1.00000
vt 0.00000 1.00000
vt 0.00000 1.00000
vt 0.00000 1.00000
vt 0.00000 1.00000
vt 0.00000 1.00000
vt 0.00000 1.00000
vt 0.00000 1.00000
vt 0.00000 1.00000
vt 0.00000 1.00000
vt 0.00000 1.00000
vt 0.00000 1.00000
vt 0.00000 1.00000
vt 0.00000 1.00000
vt 0.00000 1.00000
vt 0.00000 1.00000
vt 0.00000 1.00000
vt 0.00000 1.00000
vt 0.00000 1.00000
vt 0.00000 1.00000
vt 0.00000 1.00000
vt 0.00000 1.00000
vt 0.00000 1.00000
vt 0.00000 1.00000
vt 0.00000 1.00000
vt 0.00000 1.00000
vt 0.00000 1.00000
vt 0.00000 1.00000
vt 0.00000 1.00000
vt 0.00000 1.00000
vt 0.00000 1.00000
vt 0.00000 1.00000
vt 0.00000 1.00000
vt 0.00000 1.00000
vt 0.00000 1.00000
vt 0.00000 1.00000
vt 0.00000 1.00000
vt 0.00000 1.00000
vt 0.00000 1.00000
vt 0.00000 1.00000
vt 0.00000 1.00000
vt 0.00000 1.00000
vt 0.00000 1.00000
vt 0.00000 1.00000
vt 0.00000 1.00000
vt 0.00000 1.00000
vt 0.00000 1.00000
vt 0.00000 1.00000
vt 0.00000 1.00000
vt 0.00000 1.00000
vt 0.00000 1.00000
vt 0.00000 1.00000
vt 0.00000 1.00000
vt 0.00000 1.00000
vt 0.00000 1.00000
vt 0.00000 1.00000
vt 0.00000 1.00000
vt 0.00000 1.00000
vt 0.00000 1.00000
vt 0.00000 1.00000
vt 0.00000 1.00000
vt 0.00000 1.00000
vt 0.00000 1.00000
vt 0.00000 1.00000
vt 0.00000 1.00000
vt 0.00000 1.00000
vt 0.00000 1.00000
vt 0.00000 1.00000
vt 0.00000 1.00000
vt 0.00000 1.00000
vt 0.00000 1.00000
vt 0.00000 1.00000
vt 0.00000 1.00000
vt 0.00000 1.00000
vt 0.00000 1.00000
vt 0.00000 1.00000
vt 0.00000 1.00000
vt 0.00000 1.00000
vt 0.00000 1.00000
vt 0.00000 1.00000
vt 0.00000 1.00000
vt 0.00000 1.00000
vt 0.00000 1.00000
vt 0.00000 1.00000
vt 0.00000 1.00000
vt 0.00000 1.00000
vt 0.00000 1.00000
vt 0.00000 1.00000
vt 0.00000 1.00000
vt 0.00000 1.00000
vt 0.00000 1.00000
vt 0.00000 1.00000
vt 0.00000 1.00000
vt 0.00000 1.00000
vt 0.00000 1.00000
vt 0.00000 1.00000
vt 0.00000 1.00000
vt 0.00000 1.00000
vt 0.00000 1.00000
vt 0.00000 1.00000
vt 0.00000 1.00000
vt 0.00000 1.00000
vt 0.00000 1.00000
vt 0.00000 1.00000
vt 0.00000 1.00000
vt 0.00000 1.00000
vt 0.00000 1.00000
vt 0.00000 1.00000
vt 0.00000 1.00000
vt 0.00000 1.00000
vt 0.00000 1.00000
vt 0.00000 1.00000
vt 0.00000 1.00000
vt 0.00000 1.00000
vt 0.00000 1.00000
vt 0.00000 1.00000
vt 0.00000 1.00000
vt 0.00000 1.00000
vt 0.00000 1.00000
vt 0.00000 1.00000
vt 0.00000 1.00000
vt 0.00000 1.00000
vt 0.00000 1.00000
vt 0.00000 1.00000
vt 0.00000 1.00000
vt 0.00000 1.00000
vt 0.00000 1.00000
vt 0.00000 1.00000
vt 0.00000 1.00000
vt 0.00000 1.00000
vt 0.00000 1.00000
vt 0.00000 1.00000
vt 0.00000 1.00000
vt 0.00000 1.00000
vt 0.00000 1.00000
vt 0.00000 1.00000
vt 0.00000 1.00000
vt 0.00000 1.00000
vt 0.00000 1.00000
vt 0.00000 1.00000
vt 0.00000 1.00000
vt 0.00000 1.00000
vt 0.00000 1.00000
vt 0.00000 1.00000
vt 0.00000 1.00000
vt 0.00000 1.00000
vt 0.00000 1.00000
vt 0.00000 1.00000
vt 0.00000 1.00000
vt 0.00000 1.00000
vt 0.00000 1.00000
vt 0.00000 1.00000
vt 0.00000 1.00000
vt 0.00000 1.00000
vt 0.00000 1.00000
vt 0.00000 1.00000
vt 0.00000 1.00000
vt 0.00000 1.00000
vt 0.00000 1.00000
vt 0.00000 1.00000
vt 0.00000 1.00000
vt 0.00000 1.00000
vt 0.00000 1.00000
vt 0.00000 1.00000
vt 0.00000 1.00000
vt 0.00000 1.00000
vt 0.00000 1.00000
vt 0.00000 1.00000
vt 0.00000 1.00000
vt 0.00000 1.00000
vt 0.00000 1.00000
vt 0.00000 1.00000
vt 0.00000 1.00000
vt 0.00000 1.00000
vt 0.00000 1.00000
vt 0.00000 1.00000
vt 0.00000 1.00000
vt 0.00000 1.00000
vt 0.00000 1.00000
vt 0.00000 1.00000
vt 0.00000 1.00000
vt 0.00000 1.00000
vt 0.00000 1.00000
vt 0.00000 1.00000
vt 0.00000 1.00000
vt 0.00000 1.00000
vt 0.00000 1.00000
vt 0.00000 1.00000
vt 0.00000 1.00000
vt 0.00000 1.00000
vt 0.00000 1.00000
vt 0.00000 1.00000
vt 0.00000 1.00000
vt 0.00000 1.00000
vt 0.00000 1.00000
vt 0.00000 1.00000
vt 0.00000 1.00000
usemtl bark
f 1/1 2/2 3/3
f 4/4 5/5 6/6
f 7/7 8/8 9/9
f 10/10 11/11 12/12
f 13/13 14/14 15/15
f 16/16 17/17 18/18
f 19/19 20/20 21/21
f 22/22 23/23 24/24
f 25/25 26/26 27/27
f 28/28 29/29 30/30
f 31/31 32/32 33/33
f 34/34 35/35 36/36
f 37/37 38/38 39/39
f 40/40 41/41 42/42
f 43/43 44/44 45/45
f 46/46 47/47 48/48
f 49/49 50/50 51/51
f 52/52 53/53 54/54
f 55/55 56/56 57/57
f 58/58 59/59 60/60
f 61/61 62/62 63/63
f 64/64 65/65 66/66
f 67/67 68/68 69/69
f 70/70 71/71 72/72
f 73/73 74/74 75/75
f 76/76 77/77 78/78
f 79/79 80/80 81/81
f 82/82 83/83 84/84
f 85/85 86/86 87/87
f 88/88 89/89 90/90
f 91/91 92/92 93/93
f 94/94 95/95 96/96
f 97/97 98/98 99/99
f 100/100 101/101 102/102
f 103/103 104/104 105/105
f 106/106 107/107 108/108
f 109/109 110/110 111/111
f 112/112 113/113 114/114
f 115/115 116/116 117/117
f 118/118 119/119 120/120
f 121/121 122/122 123/123
f 124/124 125/125 126/126
f 127/127 128/128 129/129
f 130/130 131/131 132/132
f 133/133 134/134 135/135
f 136/136 137/137 138/138
f 139/139 140/140 141/141
f 142/142 143/143 144/144
f 145/145 146/146 147/147
f 148/148 149/149 150/150
f 151/151 152/152 153/153
f 154/154 155/155 156/156
f 157/157 158/158 159/159
f 160/160 161/161 162/162
f 163/163 164/164 165/165
f 166/166 167/167 168/168
f 169/169 170/170 171/171
f 172/172 173/173 174/174
f 175/175 176/176 177/177
f 178/178 179/179 180/180
f 181/181 182/182 183/183
f 184/184 185/185 186/186
f 187/187 188/188 189/189
f 190/190 191/191 192/192
f 193/193 194/194 195/195
f 196/196 197/197 198/198
f 199/199 200/200 201/201
f 202/202 203/203 204/204
f 205/205 206/206 207/207
f 208/208 209/209 210/210
f 211/211 212/212 213/213
f 214/214 215/215 216/216
f 217/217 218/218 219/219
f 220/220 221/221 222/222
f 223/223 224/224 225/225
f 226/226 227/227 228/228
f 229/229 230/230 231/231
f 232/232 233/233 234/234
f 235/235 236/236 237/237
f 238/238 239/239 240/240
f 241/241 242/242 243/243
f 244/244 245/245 246/246
f 247/247 248/248 249/249
f 250/250 251/251 252/252
f 253/253 254/254 255/255
f 256/256 257/257 258/258
f 259/259 260/260 261/261
f 262/262 263/263 264/264
f 265/265 266/266 267/267
f 268/268 269/269 270/270
f 271/271 272/272 273/273
f 274/274 275/275 276/276
f 277/277 278/278 279/279
f 280/280 281/281 282/282
f 283/283 284/284 285/285
f 286/286 287/287 288/288
f 289/289 290/290 291/291
f 292/292 293/293 294/294
f 295/295 296/296 297/297
f 298/298 299/299 300/300
f 301/301 302/302 303/303
f 304/304 305/305 306/306
f 307/307 308/308 309/309
f 310/310 311/311 312/312
f 313/313 314/314 315/315
f 316/316 317/317 318/318
f 319/319 320/320 321/321
f 322/322 323/323 324/324
f 325/325 326/326 327/327
f 328/328 329/329 330/330
f 331/331 332/332 333/333
f 334/334 335/335 336/336
f 337/337 338/338 339/339
f 340/340 341/341 342/342
f 343/343 344/344 345/345
f 346/346 347/347 348/348
f 349/349 350/350 351/351
f 352/352 353/353 354/354
f 355/355 356/356 357/357
f 358/358 359/359 360/360
f 361/361 362/362 363/363
f 364/364 365/365 366/366
f 367/367 368/368 369/369
f 370/370 371/371 372/372
f 373/373 374/374 375/375
f 376/376 377/377 378/378
f 379/379 380/380 381/381
f 382/382 383/383 384/384
f 385/385 386/386 387/387
f 388/388 389/389 390/390
f 391/391 392/392 393/393
f 394/394 395/395 396/396
f 397/397 398/398 399/399
f 400/400 401/401 402/402
f 403/403 404/404 405/405
f 406/406 407/407 408/408
f 409/409 410/410 411/411
f 412/412 413/413 414/414
f 415/415 416/416 417/417
f 418/418 419/419 420/420
f 421/421 422/422 423/423
f 424/424 425/425 426/426
f 427/427 428/428 429/429
f 430/430 431/431 432/432
f 433/433 434/434 435/435
f 436/436 437/437 438/438
f 439/439 440/440 441/441
f 442/442 443/443 444/444
f 445/445 446/446 447/447
f 448/448 449/449 450/450
f 451/451 452/452 453/453
f 454/454 455/455 456/456
f 457/457 458/458 459/459
f 460/460 461/461 462/462
f 463/463 464/464 465/465
f 466/466 467/467 468/468
f 469/469 470/470 471/471
f 472/472 473/473 474/474
f 475/475 476/476 477/477
f 478/478 479/479 480/480
f 481/481 482/482 483/483
f 484/484 485/485 486/486
f 487/487 488/488 489/489
f 490/490 491/491 492/492
f 493/493 494/494 495/495
f 496/496 497/497 498/498
f 499/499 500/500 501/501
f 502/502 503/503 504/504
f 505/505 506/506 507/507
f 508/508 509/509 510/510
f 511/511 512/512 513/513
f 514/514 515/515 516/516
f 517/517 518/518 519/519
f 520/520 521/521 522/522
f 523/523 524/524 525/525
f 526/526 527/527 528/528
f 529/529 530/530 531/531
f 532/532 533/533 534/534
f 535/535 536/536 537/537
f 538/538 539/539 540/540
f 541/541 542/542 543/543
f 544/544 545/545 546/546
f 547/547 548/548 549/549
f 550/550 551/551 552/552
f 553/553 554/554 555/555
f 556/556 557/557 558/558
f 559/559 560/560 561/561
f 562/562 563/563 564/564
f 565/565 566/566 567/567
f 568/568 569/569 570/570
f 571/571 572/572 573/573
f 574/574 575/575 576/576
f 577/577 578/578 579/579
f 580/580 581/581 582/582
f 583/583 584/584 585/585
f 586/586 587/587 588/588
f 589/589 590/590 591/591
f 592/592 593/593 594/594
f 595/595 596/596 597/597
f 598/598 599/599 600/600
f 601/601 602/602 603/603
f 604/604 605/605 606/606
f 607/607 608/608 609/609
f 610/610 611/611 612/612
f 613/613 614/614 615/615
f 616/616 617/617 618/618
f 619/619 620/620 621/621
f 622/622 623/623 624/624
f 625/625 626/626 627/627
f 628/628 629/629 630/630
f 631/631 632/632 633/633
f 634/634 635/635 636/636
f 637/637 638/638 639/639
f 640/640 641/641 642/642
f 643/643 644/644 645/645
f 646/646 647/647 648/648
f 649/649 650/650 651/651
f 652/652 653/653 654/654
f 655/655 656/656 657/657
f 658/658 659/659 660/660
f 661/661 662/662 663/663
f 664/664 665/665 666/666
f 667/667 668/668 669/669
f 670/670 671/671 672/672
f 673/673 674/674 675/675
f 676/676 677/677 678/678
f 679/679 680/680 681/681
f 682/682 683/683 684/684
f 685/685 686/686 687/687
f 688/688 689/689 690/690
f 691/691 692/692 693/693
f 694/694 695/695 696/696
f 697/697 698/698 699/699
f 700/700 701/701 702/702
f 703/703 704/704 705/705
f 706/706 707/707 708/708
f 709/709 710/710 711/711
f 712/712 713/713 714/714
f 715/715 716/716 717/717
f 718/718 719/719 720/720
f 721/721 722/722 723/723
f 724/724 725/725 726/726
f 727/727 728/728 729/729
f 730/730 731/731 732/732
f 733/733 734/734 735/735
f 736/736 737/737 738/738
f 739/739 740/740 741/741
f 742/742 743/743 744/744
f 745/745 746/746 747/747
f 748/748 749/749 750/750
f 751/751 752/752 753/753
f 754/754 755/755 756/756
f 757/757 758/758 759/759
f 760/760 761/761 762/762
f 763/763 764/764 765/765
f 766/766 767/767 768/768
f 769/769 770/770 771/771
f 772/772 773/773 774/774
f 775/775 776/776 777/777
f 778/778 779/779 780/780
f 781/781 782/782 783/783
f 784/784 785/785 786/786
f 787/787 788/788 789/789
f 790/790 791/791 792/792
f 793/793 794/794 795/795
f 796/796 797/797 798/798
f 799/799 800/800 801/801
f 802/802 803/803 804/804
f 805/805 806/806 807/807
f 808/808 809/809 810/810
f 811/811 812/812 813/813
f 814/814 815/815 816/816
f 817/817 818/818 819/819
f 820/820 821/821 822/822
f 823/823 824/824 825/825
f 826/826 827/827 828/828
f 829/829 830/830 831/831
f 832/832 833/833 834/834
f 835/835 836/836 837/837
f 838/838 839/839 840/840
f 841/841 842/842 843/843
f 844/844 845/845 846/846
f 847/847 848/848 849/849
f 850/850 851/851 852/852
f 853/853 854/854 855/855
f 856/856 857/857 858/858
f 859/859 860/860 861/861
f 862/862 863/863 864/864
f 865/865 866/866 867/867
f 868/868 869/869 870/870
f 871/871 872/872 873/873
f 874/874 875/875 876/876
f 877/877 878/878 879/879
f 880/880 881/881 882/882
f 883/883 884/884 885/885
f 886/886 887/887 888/888
f 889/889 890/890 891/891
f 892/892 893/893 894/894
f 895/895 896/896 897/897
f 898/898 899/899 900/900
f 901/901 902/902 903/903
f 904/904 905/905 906/906
f 907/907 908/908 909/909
f 910/910 911/911 912/912
f 913/913 914/914 915/915
f 916/916 917/917 918/918
f 919/919 920/920 921/921
f 922/922 923/923 924/924
f 925/925 926/926 927/927
f 928/928 929/929 930/930
f 931/931 932/932 933/933
f 934/934 935/935 936/936
f 937/937 938/938 939/939
f 940/940 941/941 942/942
f 943/943 944/944 945/945
f 946/946 947/947 948/948
f 949/949 950/950 951/951
f 952/952 953/953 954/954
f 955/955 956/956 957/957
f 958/958 959/959 960/960
f 961/961 962/962 963/963
f 964/964 965/965 966/966
f 967/967 968/968 969/969
f 970/970 971/971 972/972
f 973/973 974/974 975/975
f 976/976 977/977 978/978
f 979/979 980/980 981/981
f 982/982 983/983 984/984
f 985/985 986/986 987/987
f 988/988 989/989 990/990
f 991/991 992/992 993/993
f 994/994 995/995 996/996
f 997/997 998/998 999/999
f 1000/1000 1001/1001 1002/1002
f 1003/1003 1004/1004 1005/1005
f 1006/1006 1007/1007 1008/1008
f 1009/1009 1010/1010 1011/1011
f 1012/1012 1013/1013 1014/1014
f 1015/1015 1016/1016 1017/1017
f 1018/1018 1019/1019 1020/1020
f 1021/1021 1022/1022 1023/1023
f 1024/1024 1025/1025 1026/1026
f 1027/1027 1028/1028 1029/1029
f 1030/1030 1031/1031 1032/1032
f 1033/1033 1034/1034 1035/1035
f 1036/1036 1037/1037 1038/1038
f 1039/1039 1040/1040 1041/1041
f 1042/1042 1043/1043 1044/1044
f 1045/1045 1046/1046 1047/1047
f 1048/1048 1049/1049 1050/1050
f 1051/1051 1052/1052 1053/1053
f 1054/1054 1055/1055 1056/1056
f 1057/1057 1058/1058 1059/1059
f 1060/1060 1061/1061 1062/1062
f 1063/1063 1064/1064 1065/1065
f 1066/1066 1067/1067 1068/1068
f 1069/1069 1070/1070 1071/1071
f 1072/1072 1073/1073 1074/1074
f 1075/1075 1076/1076 1077/1077
f 1078/1078 1079/1079 1080/1080
f 1081/1081 1082/1082 1083/1083
f 1084/1084 1085/1085 1086/1086
f 1087/1087 1088/1088 1089/1089
f 1090/1090 1091/1091 1092/1092
f 1093/1093 1094/1094 1095/1095
f 1096/1096 1097/1097 1098/1098
f 1099/1099 1100/1100 1101/1101
f 1102/1102 1103/1103 1104/1104
f 1105/1105 1106/1106 1107/1107
f 1108/1108 1109/1109 1110/1110
f 1111/1111 1112/1112 1113/1113
f 1114/1114 1115/1115 1116/1116
f 1117/1117 1118/1118 1119/1119
f 1120/1120 1121/1121 1122/1122
f 1123/1123 1124/1124 1125/1125
f 1126/1126 1127/1127 1128/1128
f 1129/1129 1130/1130 1131/1131
f 1132/1132 1133/1133 1134/1134
f 1135/1135 1136/1136 1137/1137
f 1138/1138 1139/1139 1140/1140
f 1141/1141 1142/1142 1143/1143
f 1144/1144 1145/1145 1146/1146
f 1147/1147 1148/1148 1149/1149
f 1150/1150 1151/1151 1152/1152
f 1153/1153 1154/1154 1155/1155
f 1156/1156 1157/1157 1158/1158
f 1159/1159 1160/1160 1161/1161
f 1162/1162 1163/1163 1164/1164
f 1165/1165 1166/1166 1167/1167
f 1168/1168 1169/1169 1170/1170
f 1171/1171 1172/1172 1173/1173
f 1174/1174 1175/1175 1176/1176
f 1177/1177 1178/1178 1179/1179
f 1180/1180 1181/1181 1182/1182
f 1183/1183 1184/1184 1185/1185
f 1186/1186 1187/1187 1188/1188
f 1189/1189 1190/1190 1191/1191
f 1192/1192 1193/1193 1194/1194
f 1195/1195 1196/1196 1197/1197
f 1198/1198 1199/1199 1200/1200
f 1201/1201 1202/1202 1203/1203
f 1204/1204 1205/1205 1206/1206
f 1207/1207 1208/1208 1209/1209
f 1210/1210 1211/1211 1212/1212
f 1213/1213 1214/1214 1215/1215
f 1216/1216 1217/1217 1218/1218
f 1219/1219 1220/1220 1221/1221
f 1222/1222 1223/1223 1224/1224
f 1225/1225 1226/1226 1227/1227
f 1228/1228 1229/1229 1230/1230
f 1231/1231 1232/1232 1233/1233
f 1234/1234 1235/1235 1236/1236
f 1237/1237 1238/1238 1239/1239
f 1240/1240 1241/1241 1242/1242
f 1243/1243 1244/1244 1245/1245
f 1246/1246 1247/1247 1248/1248
f 1249/1249 1250/1250 1251/1251
f 1252/1252 1253/1253 1254/1254
f 1255/1255 1256/1256 1257/1257
f 1258/1258 1259/1259 1260/1260
f 1261/1261 1262/1262 1263/1263
f 1264/1264 1265/1265 1266/1266
f 1267/1267 1268/1268 1269/1269
f 1270/1270 1271/1271 1272/1272
f 1273/1273 1274/1274 1275/1275
f 1276/1276 1277/1277 1278/1278
f 1279/1279 1280/1280 1281/1281
f 1282/1282 1283/1283 1284/1284
f 1285/1285 1286/1286 1287/1287
f 1288/1288 1289/1289 1290/1290
f 1291/1291 1292/1292 1293/1293
f 1294/1294 1295/1295 1296/1296
f 1297/1297 1298/1298 1299/1299
f 1300/1300 1301/1301 1302/1302
f 1303/1303 1304/1304 1305/1305
f 1306/1306 1307/1307 1308/1308
f 1309/1309 1310/1310 1311/1311
f 1312/1312 1313/1313 1314/1314
f 1315/1315 1316/1316 1317/1317
f 1318/1318 1319/1319 1320/1320
f 1321/1321 1322/1322 1323/1323
f 1324/1324 1325/1325 1326/1326
f 1327/1327 1328/1328 1329/1329
f 1330/1330 1331/1331 1332/1332
f 1333/1333 1334/1334 1335/1335
f 1336/1336 1337/1337 1338/1338
f 1339/1339 1340/1340 1341/1341
f 1342/1342 1343/1343 1344/1344
f 1345/1345 1346/1346 1347/1347
f 1348/1348 1349/1349 1350/1350
f 1351/1351 1352/1352 1353/1353
f 1354/1354 1355/1355 1356/1356
f 1357/1357 1358/1358 1359/1359
f 1360/1360 1361/1361 1362/1362
f 1363/1363 1364/1364 1365/1365
f 1366/1366 1367/1367 1368/1368
f 1369/1369 1370/1370 1371/1371
f 1372/1372 1373/1373 1374/1374
f 1375/1375 1376/1376 1377/1377
f 1378/1378 1379/1379 1380/1380
f 1381/1381 1382/1382 1383/1383
f 1384/1384 1385/1385 1386/1386
f 1387/1387 1388/1388 1389/1389
f 1390/1390 1391/1391 1392/1392
f 1393/1393 1394/1394 1395/1395
f 1396/1396 1397/1397 1398/1398
f 1399/1399 1400/1400 1401/1401
f 1402/1402 1403/1403 1404/1404
f 1405/1405 1406/1406 1407/1407
f 1408/1408 1409/1409 1410/1410
f 1411/1411 1412/1412 1413/1413
f 1414/1414 1415/1415 1416/1416
f 1417/1417 1418/1418 1419/1419
f 1420/1420 1421/1421 1422/1422
f 1423/1423 1424/1424 1425/1425
f 1426/1426 1427/1427 1428/1428
f 1429/1429 1430/1430 1431/1431
f 1432/1432 1433/1433 1434/1434
f 1435/1435 1436/1436 1437/1437
f 1438/1438 1439/1439 1440/1440
f 1441/1441 1442/1442 1443/1443
f 1444/1444 1445/1445 1446/1446
f 1447/1447 1448/1448 1449/1449
f 1450/1450 1451/1451 1452/1452
f 1453/1453 1454/1454 1455/1455
f 1456/1456 1457/1457 1458/1458
f 1459/1459 1460/1460 1461/1461
f 1462/1462 1463/1463 1464/1464
f 1465/1465 1466/1466 1467/1467
f 1468/1468 1469/1469 1470/1470
f 1471/1471 1472/1472 1473/1473
f 1474/1474 1475/1475 1476/1476
f 1477/1477 1478/1478 1479/1479
f 1480/1480 1481/1481 1482/1482
f 1483/1483 1484/1484 1485/1485
f 1486/1486 1487/1487 1488/1488
f 1489/1489 1490/1490 1491/1491
f 1492/1492 1493/1493 1494/1494
f 1495/1495 1496/1496 1497/1497
f 1498/1498 1499/1499 1500/1500
f 1501/1501 1502/1502 1503/1503
f 1504/1504 1505/1505 1506/1506
f 1507/1507 1508/1508 1509/1509
f 1510/1510 1511/1511 1512/1512
f 1513/1513 1514/1514 1515/1515
f 1516/1516 1517/1517 1518/1518
f 1519/1519 1520/1520 1521/1521
f 1522/1522 1523/1523 1524/1524
f 1525/1525 1526/1526 1527/1527
f 1528/1528 1529/1529 1530/1530
f 1531/1531 1532/1532 1533/1533
f 1534/1534 1535/1535 1536/1536
f 1537/1537 1538/1538 1539/1539
f 1540/1540 1541/1541 1542/1542
f 1543/1543 1544/1544 1545/1545
f 1546/1546 1547/1547 1548/1548
f 1549/1549 1550/1550 1551/1551
f 1552/1552 1553/1553 1554/1554
f 1555/1555 1556/1556 1557/1557
f 1558/1558 1559/1559 1560/1560
f 1561/1561 1562/1562 1563/1563
f 1564/1564 1565/1565 1566/1566
f 1567/1567 1568/1568 1569/1569
f 1570/1570 1571/1571 1572/1572
f 1573/1573 1574/1574 1575/1575
f 1576/1576 1577/1577 1578/1578
f 1579/1579 1580/1580 1581/1581
f 1582/1582 1583/1583 1584/1584
f 1585/1585 1586/1586 1587/1587
f 1588/1588 1589/1589 1590/1590
f 1591/1591 1592/1592 1593/1593
f 1594/1594 1595/1595 1596/1596
f 1597/1597 1598/1598 1599/1599
f 1600/1600 1601/1601 1602/1602
f 1603/1603 1604/1604 1605/1605
f 1606/1606 1607/1607 1608/1608
f 1609/1609 1610/1610 1611/1611
f 1612/1612 1613/1613 1614/1614
f 1615/1615 1616/1616 1617/1617
f 1618/1618 1619/1619 1620/1620
f 1621/1621 1622/1622 1623/1623
f 1624/1624 1625/1625 1626/1626
f 1627/1627 1628/1628 1629/1629
f 1630/1630 1631/1631 1632/1632
f 1633/1633 1634/1634 1635/1635
f 1636/1636 1637/1637 1638/1638
f 1639/1639 1640/1640 1641/1641
f 1642/1642 1643/1643 1644/1644
f 1645/1645 1646/1646 1647/1647
f 1648/1648 1649/1649 1650/1650
f 1651/1651 1652/1652 1653/1653
f 1654/1654 1655/1655 1656/1656
f 1657/1657 1658/1658 1659/1659
f 1660/1660 1661/1661 1662/1662
f 1663/1663 1664/1664 1665/1665
f 1666/1666 1667/1667 1668/1668
f 1669/1669 1670/1670 1671/1671
f 1672/1672 1673/1673 1674/1674
f 1675/1675 1676/1676 1677/1677
f 1678/1678 1679/1679 1680/1680
f 1681/1681 1682/1682 1683/1683
f 1684/1684 1685/1685 1686/1686
f 1687/1687 1688/1688 1689/1689
f 1690/1690 1691/1691 1692/1692
f 1693/1693 1694/1694 1695/1695
f 1696/1696 1697/1697 1698/1698
f 1699/1699 1700/1700 1701/1701
f 1702/1702 1703/1703 1704/1704
f 1705/1705 1706/1706 1707/1707
f 1708/1708 1709/1709 1710/1710
f 1711/1711 1712/1712 1713/1713
f 1714/1714 1715/1715 1716/1716
f 1717/1717 1718/1718 1719/1719
f 1720/1720 1721/1721 1722/1722
f 1723/1723 1724/1724 1725/1725
f 1726/1726 1727/1727 1728/1728
f 1729/1729 1730/1730 1731/1731
f 1732/1732 1733/1733 1734/1734
f 1735/1735 1736/1736 1737/1737
f 1738/1738 1739/1739 1740/1740
f 1741/1741 1742/1742 1743/1743
f 1744/1744 1745/1745 1746/1746
f 1747/1747 1748/1748 1749/1749
f 1750/1750 1751/1751 1752/1752
f 1753/1753 1754/1754 1755/1755
f 1756/1756 1757/1757 1758/1758
f 1759/1759 1760/1760 1761/1761
f 1762/1762 1763/1763 1764/1764
f 1765/1765 1766/1766 1767/1767
f 1768/1768 1769/1769 1770/1770
f 1771/1771 1772/1772 1773/1773
f 1774/1774 1775/1775 1776/1776
f 1777/1777 1778/1778 1779/1779
f 1780/1780 1781/1781 1782/1782
f 1783/1783 1784/1784 1785/1785
f 1786/1786 1787/1787 1788/1788
f 1789/1789 1790/1790 1791/1791
f 1792/1792 1793/1793 1794/1794
f 1795/1795 1796/1796 1797/1797
f 1798/1798 1799/1799 1800/1800
f 1801/1801 1802/1802 1803/1803
f 1804/1804 1805/1805 1806/1806
f 1807/1807 1808/1808 1809/1809
f 1810/1810 1811/1811 1812/1812
f 1813/1813 1814/1814 1815/1815
f 1816/1816 1817/1817 1818/1818
f 1819/1819 1820/1820 1821/1821
f 1822/1822 1823/1823 1824/1824
f 1825/1825 1826/1826 1827/1827
f 1828/1828 1829/1829 1830/1830
f 1831/1831 1832/1832 1833/1833
f 1834/1834 1835/1835 1836/1836
f 1837/1837 1838/1838 1839/1839
f 1840/1840 1841/1841 1842/1842
f 1843/1843 1844/1844 1845/1845
f 1846/1846 1847/1847 1848/1848
f 1849/1849 1850/1850 1851/1851
f 1852/1852 1853/1853 1854/1854
f 1855/1855 1856/1856 1857/1857
f 1858/1858 1859/1859 1860/1860
f 1861/1861 1862/1862 1863/1863
f 1864/1864 1865/1865 1866/1866
f 1867/1867 1868/1868 1869/1869
f 1870/1870 1871/1871 1872/1872
f 1873/1873 1874/1874 1875/1875
f 1876/1876 1877/1877 1878/1878
f 1879/1879 1880/1880 1881/1881
f 1882/1882 1883/1883 1884/1884
f 1885/1885 1886/1886 1887/1887
f 1888/1888 1889/1889 1890/1890
f 1891/1891 1892/1892 1893/1893
f 1894/1894 1895/1895 1896/1896
f 1897/1897 1898/1898 1899/1899
f 1900/1900 1901/1901 1902/1902
f 1903/1903 1904/1904 1905/1905
f 1906/1906 1907/1907 1908/1908
f 1909/1909 1910/1910 1911/1911
f 1912/1912 1913/1913 1914/1914
f 1915/1915 1916/1916 1917/1917
f 1918/1918 1919/1919 1920/1920
f 1921/1921 1922/1922 1923/1923
f 1924/1924 1925/1925 1926/1926
f 1927/1927 1928/1928 1929/1929
f 1930/1930 1931/1931 1932/1932
f 1933/1933 1934/1934 1935/1935
f 1936/1936 1937/1937 1938/1938
f 1939/1939 1940/1940 1941/1941
f 1942/1942 1943/1943 1944/1944
f 1945/1945 1946/1946 1947/1947
f 1948/1948 1949/1949 1950/1950
f 1951/1951 1952/1952 1953/1953
f 1954/1954 1955/1955 1956/1956
f 1957/1957 1958/1958 1959/1959
f 1960/1960 1961/1961 1962/1962
f 1963/1963 1964/1964 1965/1965
f 1966/1966 1967/1967 1968/1968
f 1969/1969 1970/1970 1971/1971
f 1972/1972 1973/1973 1974/1974
f 1975/1975 1976/1976 1977/1977
f 1978/1978 1979/1979 1980/1980
f 1981/1981 1982/1982 1983/1983
f 1984/1984 1985/1985 1986/1986
f 1987/1987 1988/1988 1989/1989
f 1990/1990 1991/1991 1992/1992
f 1993/1993 1994/1994 1995/1995
f 1996/1996 1997/1997 1998/1998
f 1999/1999 2000/2000 2001/2001
f 2002/2002 2003/2003 2004/2004
f 2005/2005 2006/2006 2007/2007
f 2008/2008 2009/2009 2010/2010
f 2011/2011 2012/2012 2013/2013
f 2014/2014 2015/2015 2016/2016
f 2017/2017 2018/2018 2019/2019
f 2020/2020 2021/2021 2022/2022
f 2023/2023 2024/2024 2025/2025
f 2026/2026 2027/2027 2028/2028
f 2029/2029 2030/2030 2031/2031
f 2032/2032 2033/2033 2034/2034
f 2035/2035 2036/2036 2037/2037
f 2038/2038 2039/2039 2040/2040
f 2041/2041 2042/2042 2043/2043
f 2044/2044 2045/2045 2046/2046
f 2047/2047 2048/2048 2049/2049
f 2050/2050 2051/2051 2052/2052
f 2053/2053 2054/2054 2055/2055
f 2056/2056 2057/2057 2058/2058
f 2059/2059 2060/2060 2061/2061
f 2062/2062 2063/2063 2064/2064
f 2065/2065 2066/2066 2067/2067
f 2068/2068 2069/2069 2070/2070
f 2071/2071 2072/2072 2073/2073
f 2074/2074 2075/2075 2076/2076
f 2077/2077 2078/2078 2079/2079
f 2080/2080 2081/2081 2082/2082
f 2083/2083 2084/2084 2085/2085
f 2086/2086 2087/2087 2088/2088
f 2089/2089 2090/2090 2091/2091
f 2092/2092 2093/2093 2094/2094
f 2095/2095 2096/2096 2097/2097
f 2098/2098 2099/2099 2100/2100
f 2101/2101 2102/2102 2103/2103
f 2104/2104 2105/2105 2106/2106
f 2107/2107 2108/2108 2109/2109
f 2110/2110 2111/2111 2112/2112
f 2113/2113 2114/2114 2115/2115
f 2116/2116 2117/2117 2118/2118
f 2119/2119 2120/2120 2121/2121
f 2122/2122 2123/2123 2124/2124
f 2125/2125 2126/2126 2127/2127
f 2128/2128 2129/2129 2130/2130
f 2131/2131 2132/2132 2133/2133
f 2134/2134 2135/2135 2136/2136
f 2137/2137 2138/2138 2139/2139
f 2140/2140 2141/2141 2142/2142
f 2143/2143 2144/2144 2145/2145
f 2146/2146 2147/2147 2148/2148
f 2149/2149 2150/2150 2151/2151
f 2152/2152 2153/2153 2154/2154
f 2155/2155 2156/2156 2157/2157
f 2158/2158 2159/2159 2160/2160
f 2161/2161 2162/2162 2163/2163
f 2164/2164 2165/2165 2166/2166
f 2167/2167 2168/2168 2169/2169
f 2170/2170 2171/2171 2172/2172
f 2173/2173 2174/2174 2175/2175
f 2176/2176 2177/2177 2178/2178
f 2179/2179 2180/2180 2181/2181
f 2182/2182 2183/2183 2184/2184
f 2185/2185 2186/2186 2187/2187
f 2188/2188 2189/2189 2190/2190
f 2191/2191 2192/2192 2193/2193
f 2194/2194 2195/2195 2196/2196
f 2197/2197 2198/2198 2199/2199
f 2200/2200 2201/2201 2202/2202
f 2203/2203 2204/2204 2205/2205
f 2206/2206 2207/2207 2208/2208
f 2209/2209 2210/2210 2211/2211
f 2212/2212 2213/2213 2214/2214
f 2215/2215 2216/2216 2217/2217
f 2218/2218 2219/2219 2220/2220
f 2221/2221 2222/2222 2223/2223
f 2224/2224 2225/2225 2226/2226
f 2227/2227 2228/2228 2229/2229
f 2230/2230 2231/2231 2232/2232
v 0.3814 11.7660 0.0297
v 1.1006 11.6910 0.9267
v -0.1984 14.6337 1.4744
v 1.1006 11.6910 0.9267
v 0.0757 11.6614 2.7924
v -0.1984 14.6337 1.4744
v 0.0757 11.6614 2.7924
v -1.7873 11.7992 1.7713
v -0.1984 14.6337 1.4744
v -1.7873 11.7992 1.7713
v -0.7624 11.8288 -0.0945
v -0.1984 14.6337 1.4744
v -0.7624 11.8288 -0.0945
v 0.3814 11.7660 0.0297
v -0.1984 14.6337 1.4744
v 0.3814 11.7660 0.0297
v 0.0757 11.6614 2.7924
v 1.1006 11.6910 0.9267
v 0.3814 11.7660 0.0297
v -1.7873 11.7992 1.7713
v 0.0757 11.6614 2.7924
v 0.3814 11.7660 0.0297
v -0.7624 11.8288 -0.0945
v -1.7873 11.7992 1.7713
v 0.3006 13.2059 0.3715
v 0.7678 13.1125 1.9810
v -0.1259 16.0780 1.5371
v 0.7678 13.1125 1.9810
v -0.8423 13.1729 2.4519
v -0.1259 16.0780 1.5371
v -0.8423 13.1729 2.4519
v -1.3095 13.2662 0.8424
v -0.1259 16.0780 1.5371
v -1.3095 13.2662 0.8424
v 0.3006 13.2059 0.3715
v -0.1259 16.0780 1.5371
v 0.3006 13.2059 0.3715
v -0.8423 13.1729 2.4519
v 0.7678 13.1125 1.9810
v 0.3006 13.2059 0.3715
v -1.3095 13.2662 0.8424
v -0.8423 13.1729 2.4519
v 0.6070 14.6035 1.2389
v 0.0354 14.5870 2.2796
v -0.0534 17.5223 1.5999
v 0.0354 14.5870 2.2796
v -1.0038 14.6639 1.7100
v -0.0534 17.5223 1.5999
v -1.0038 14.6639 1.7100
v -0.4321 14.6804 0.6693
v -0.0534 17.5223 1.5999
v -0.4321 14.6804 0.6693
v 0.6070 14.6035 1.2389
v -0.0534 17.5223 1.5999
v 0.6070 14.6035 1.2389
v -1.0038 14.6639 1.7100
v 0.0354 14.5870 2.2796
v 0.6070 14.6035 1.2389
v -0.4321 14.6804 0.6693
v -1.0038 14.6639 1.7100
v -38.9185 11.8042 -33.2348
v -37.9199 11.8215 -32.8042
v -38.9873 14.5351 -31.8117
v -37.9199 11.8215 -32.8042
v -37.9487 11.8194 -30.7947
v -38.9873 14.5351 -31.8117
v -37.9487 11.8194 -30.7947
v -39.9578 11.7839 -30.8235
v -38.9873 14.5351 -31.8117
v -39.9578 11.7839 -30.8235
v -39.9291 11.7860 -32.8330
v -38.9873 14.5351 -31.8117
v -39.9291 11.7860 -32.8330
v -38.9185 11.8042 -33.2348
v -38.9873 14.5351 -31.8117
v -38.9185 11.8042 -33.2348
v -37.9487 11.8194 -30.7947
v -37.9199 11.8215 -32.8042
v -38.9185 11.8042 -33.2348
v -39.9578 11.7839 -30.8235
v -37.9487 11.8194 -30.7947
v -38.9185 11.8042 -33.2348
v -39.9291 11.7860 -32.8330
v -39.9578 11.7839 -30.8235
v -38.9471 13.1701 -32.9331
v -37.8429 13.1887 -31.7967
v -39.0115 15.9013 -31.8106
v -37.8429 13.1887 -31.7967
v -38.9791 13.1677 -30.6924
v -39.0115 15.9013 -31.8106
v -38.9791 13.1677 -30.6924
v -40.0832 13.1491 -31.8288
v -39.0115 15.9013 -31.8106
v -40.0832 13.1491 -31.8288
v -38.9471 13.1701 -32.9331
v -39.0115 15.9013 -31.8106
v -38.9471 13.1701 -32.9331
v -38.9791 13.1677 -30.6924
v -37.8429 13.1887 -31.7967
v -38.9471 13.1701 -32.9331
v -40.0832 13.1491 -31.8288
v -38.9791 13.1677 -30.6924
v -38.4189 14.5456 -32.3641
v -38.4350 14.5444 -31.2432
v -39.0357 17.2675 -31.8095
v -38.4350 14.5444 -31.2432
v -39.5557 14.5246 -31.2593
v -39.0357 17.2675 -31.8095
v -39.5557 14.5246 -31.2593
v -39.5396 14.5257 -32.3802
v -39.0357 17.2675 -31.8095
v -39.5396 14.5257 -32.3802
v -38.4189 14.5456 -32.3641
v -39.0357 17.2675 -31.8095
v -38.4189 14.5456 -32.3641
v -39.5557 14.5246 -31.2593
v -38.4350 14.5444 -31.2432
v -38.4189 14.5456 -32.3641
v -39.5396 14.5257 -32.3802
v -39.5557 14.5246 -31.2593
v 19.3730 12.8436 38.4012
v 18.5643 12.8453 37.7883
v 19.7197 15.3878 37.1109
v 18.5643 12.8453 37.7883
v 19.0388 12.8377 35.9744
v 19.7197 15.3878 37.1109
v 19.0388 12.8377 35.9744
v 20.8527 12.8312 36.4489
v 19.7197 15.3878 37.1109
v 20.8527 12.8312 36.4489
v 20.3782 12.8388 38.2628
v 19.7197 15.3878 37.1109
v 20.3782 12.8388 38.2628
v 19.3730 12.8436 38.4012
v 19.7197 15.3878 37.1109
v 19.3730 12.8436 38.4012
v 19.0388 12.8377 35.9744
v 18.5643 12.8453 37.7883
v 19.3730 12.8436 38.4012
v 20.8527 12.8312 36.4489
v 19.0388 12.8377 35.9744
v 19.3730 12.8436 38.4012
v 20.3782 12.8388 38.2628
v 20.8527 12.8312 36.4489
v 19.4496 14.1173 38.1260
v 18.7028 14.1167 36.8502
v 19.7253 16.6625 37.1070
v 18.7028 14.1167 36.8502
v 19.9786 14.1088 36.1034
v 19.7253 16.6625 37.1070
v 19.9786 14.1088 36.1034
v 20.7254 14.1094 37.3793
v 19.7253 16.6625 37.1070
v 20.7254 14.1094 37.3793
v 19.4496 14.1173 38.1260
v 19.7253 16.6625 37.1070
v 19.4496 14.1173 38.1260
v 19.9786 14.1088 36.1034
v 18.7028 14.1167 36.8502
v 19.4496 14.1173 38.1260
v 20.7254 14.1094 37.3793
v 19.9786 14.1088 36.1034
v 19.0815 15.3917 37.4844
v 19.3461 15.3875 36.4726
v 19.7309 17.9373 37.1031
v 19.3461 15.3875 36.4726
v 20.3579 15.3839 36.7373
v 19.7309 17.9373 37.1031
v 20.3579 15.3839 36.7373
v 20.0933 15.3881 37.7491
v 19.7309 17.9373 37.1031
v 20.0933 15.3881 37.7491
v 19.0815 15.3917 37.4844
v 19.7309 17.9373 37.1031
v 19.0815 15.3917 37.4844
v 20.3579 15.3839 36.7373
v 19.3461 15.3875 36.4726
v 19.0815 15.3917 37.4844
v 20.0933 15.3881 37.7491
v 20.3579 15.3839 36.7373
v 31.4109 12.3595 18.1151
v 32.3970 12.3549 17.4348
v 32.7123 15.3860 18.9263
v 32.3970 12.3549 17.4348
v 34.2558 12.3784 18.6369
v 32.7123 15.3860 18.9263
v 34.2558 12.3784 18.6369
v 33.0534 12.3973 20.4956
v 32.7123 15.3860 18.9263
v 33.0534 12.3973 20.4956
v 31.1947 12.3738 19.2934
v 32.7123 15.3860 18.9263
v 31.1947 12.3738 19.2934
v 31.4109 12.3595 18.1151
v 32.7123 15.3860 18.9263
v 31.4109 12.3595 18.1151
v 34.2558 12.3784 18.6369
v 32.3970 12.3549 17.4348
v 31.4109 12.3595 18.1151
v 33.0534 12.3973 20.4956
v 34.2558 12.3784 18.6369
v 31.4109 12.3595 18.1151
v 31.1947 12.3738 19.2934
v 33.0534 12.3973 20.4956
v 31.6825 13.8680 18.2755
v 33.3891 13.8705 17.9095
v 32.7059 16.8910 18.9068
v 33.3891 13.8705 17.9095
v 33.7550 13.8942 19.6159
v 32.7059 16.8910 18.9068
v 33.7550 13.8942 19.6159
v 32.0484 13.8916 19.9819
v 32.7059 16.8910 18.9068
v 32.0484 13.8916 19.9819
v 31.6825 13.8680 18.2755
v 32.7059 16.8910 18.9068
v 31.6825 13.8680 18.2755
v 33.7550 13.8942 19.6159
v 33.3891 13.8705 17.9095
v 31.6825 13.8680 18.2755
v 32.0484 13.8916 19.9819
v 33.7550 13.8942 19.6159
v 32.5293 15.3742 18.0726
v 33.5660 15.3873 18.7432
v 32.6994 18.3960 18.8873
v 33.5660 15.3873 18.7432
v 32.8954 15.3979 19.7799
v 32.6994 18.3960 18.8873
v 32.8954 15.3979 19.7799
v 31.8586 15.3848 19.1093
v 32.6994 18.3960 18.8873
v 31.8586 15.3848 19.1093
v 32.5293 15.3742 18.0726
v 32.6994 18.3960 18.8873
v 32.5293 15.3742 18.0726
v 32.8954 15.3979 19.7799
v 33.5660 15.3873 18.7432
v 32.5293 15.3742 18.0726
v 31.8586 15.3848 19.1093
v 32.8954 15.3979 19.7799
v -20.1103 12.3523 -17.5346
v -20.9356 12.4199 -18.6293
v -19.0238 15.7838 -19.0023
v -20.9356 12.4199 -18.6293
v -19.6507 12.4032 -20.8158
v -19.0238 15.7838 -19.0023
v -19.6507 12.4032 -20.8158
v -17.4680 12.2612 -19.5321
v -19.0238 15.7838 -19.0023
v -17.4680 12.2612 -19.5321
v -18.7529 12.2779 -17.3456
v -19.0238 15.7838 -19.0023
v -18.7529 12.2779 -17.3456
v -20.1103 12.3523 -17.5346
v -19.0238 15.7838 -19.0023
v -20.1103 12.3523 -17.5346
v -19.6507 12.4032 -20.8158
v -20.9356 12.4199 -18.6293
v -20.1103 12.3523 -17.5346
v -17.4680 12.2612 -19.5321
v -19.6507 12.4032 -20.8158
v -20.1103 12.3523 -17.5346
v -18.7529 12.2779 -17.3456
v -17.4680 12.2612 -19.5321
v -19.8291 14.0714 -17.8225
v -20.3297 14.1413 -19.7572
v -18.9349 17.5054 -18.9631
v -20.3297 14.1413 -19.7572
v -18.3965 14.0529 -20.2606
v -18.9349 17.5054 -18.9631
v -18.3965 14.0529 -20.2606
v -17.8959 13.9830 -18.3258
v -18.9349 17.5054 -18.9631
v -17.8959 13.9830 -18.3258
v -19.8291 14.0714 -17.8225
v -18.9349 17.5054 -18.9631
v -19.8291 14.0714 -17.8225
v -18.3965 14.0529 -20.2606
v -20.3297 14.1413 -19.7572
v -19.8291 14.0714 -17.8225
v -17.8959 13.9830 -18.3258
v -18.3965 14.0529 -20.2606
v -19.9909 15.8280 -18.7505
v -19.2742 15.8188 -19.9702
v -18.8459 19.2270 -18.9240
v -19.2742 15.8188 -19.9702
v -18.0567 15.7395 -19.2541
v -18.8459 19.2270 -18.9240
v -18.0567 15.7395 -19.2541
v -18.7734 15.7488 -18.0345
v -18.8459 19.2270 -18.9240
v -18.7734 15.7488 -18.0345
v -19.9909 15.8280 -18.7505
v -18.8459 19.2270 -18.9240
v -19.9909 15.8280 -18.7505
v -18.0567 15.7395 -19.2541
v -19.2742 15.8188 -19.9702
v -19.9909 15.8280 -18.7505
v -18.7734 15.7488 -18.0345
v -18.0567 15.7395 -19.2541
v 5.2891 12.5117 -28.2728
v 4.5005 12.6058 -28.7011
v 5.6693 14.7583 -29.4295
v 4.5005 12.6058 -28.7011
v 4.6703 12.5981 -30.3596
v 5.6693 14.7583 -29.4295
v 4.6703 12.5981 -30.3596
v 6.3178 12.4066 -30.1901
v 5.6693 14.7583 -29.4295
v 6.3178 12.4066 -30.1901
v 6.1480 12.4143 -28.5315
v 5.6693 14.7583 -29.4295
v 6.1480 12.4143 -28.5315
v 5.2891 12.5117 -28.2728
v 5.6693 14.7583 -29.4295
v 5.2891 12.5117 -28.2728
v 4.6703 12.5981 -30.3596
v 4.5005 12.6058 -28.7011
v 5.2891 12.5117 -28.2728
v 6.3178 12.4066 -30.1901
v 4.6703 12.5981 -30.3596
v 5.2891 12.5117 -28.2728
v 6.1480 12.4143 -28.5315
v 6.3178 12.4066 -30.1901
v 5.4446 13.6366 -28.5128
v 4.6207 13.7390 -29.5320
v 5.7993 15.8844 -29.4214
v 4.6207 13.7390 -29.5320
v 5.6339 13.6279 -30.3622
v 5.7993 15.8844 -29.4214
v 5.6339 13.6279 -30.3622
v 6.4577 13.5255 -29.3430
v 5.7993 15.8844 -29.4214
v 6.4577 13.5255 -29.3430
v 5.4446 13.6366 -28.5128
v 5.7993 15.8844 -29.4214
v 5.4446 13.6366 -28.5128
v 5.6339 13.6279 -30.3622
v 4.6207 13.7390 -29.5320
v 5.4446 13.6366 -28.5128
v 6.4577 13.5255 -29.3430
v 5.6339 13.6279 -30.3622
v 5.1624 14.8139 -29.0142
v 5.2572 14.8096 -29.9393
v 5.9294 17.0104 -29.4133
v 5.2572 14.8096 -29.9393
v 6.1761 14.7027 -29.8447
v 5.9294 17.0104 -29.4133
v 6.1761 14.7027 -29.8447
v 6.0814 14.7071 -28.9196
v 5.9294 17.0104 -29.4133
v 6.0814 14.7071 -28.9196
v 5.1624 14.8139 -29.0142
v 5.9294 17.0104 -29.4133
v 5.1624 14.8139 -29.0142
v 6.1761 14.7027 -29.8447
v 5.2572 14.8096 -29.9393
v 5.1624 14.8139 -29.0142
v 6.0814 14.7071 -28.9196
v 6.1761 14.7027 -29.8447
v 37.7469 12.0289 5.9899
v 38.3687 12.0693 6.7233
v 37.0681 14.4400 7.0640
v 38.3687 12.0693 6.7233
v 37.5564 12.0633 8.3052
v 37.0681 14.4400 7.0640
v 37.5564 12.0633 8.3052
v 35.9764 11.9800 7.4936
v 37.0681 14.4400 7.0640
v 35.9764 11.9800 7.4936
v 36.7887 11.9860 5.9118
v 37.0681 14.4400 7.0640
v 36.7887 11.9860 5.9118
v 37.7469 12.0289 5.9899
v 37.0681 14.4400 7.0640
v 37.7469 12.0289 5.9899
v 37.5564 12.0633 8.3052
v 38.3687 12.0693 6.7233
v 37.7469 12.0289 5.9899
v 35.9764 11.9800 7.4936
v 37.5564 12.0633 8.3052
v 37.7469 12.0289 5.9899
v 36.7887 11.9860 5.9118
v 35.9764 11.9800 7.4936
v 37.5731 13.2357 6.2043
v 38.0012 13.2788 7.5387
v 37.0158 15.6477 7.0418
v 38.0012 13.2788 7.5387
v 36.6675 13.2290 7.9682
v 37.0158 15.6477 7.0418
v 36.6675 13.2290 7.9682
v 36.2394 13.1859 6.6338
v 37.0158 15.6477 7.0418
v 36.2394 13.1859 6.6338
v 37.5731 13.2357 6.2043
v 37.0158 15.6477 7.0418
v 37.5731 13.2357 6.2043
v 36.6675 13.2290 7.9682
v 38.0012 13.2788 7.5387
v 37.5731 13.2357 6.2043
v 36.2394 13.1859 6.6338
v 36.6675 13.2290 7.9682
v 37.7352 14.4649 6.8492
v 37.2822 14.4616 7.7315
v 36.9636 16.8554 7.0195
v 37.2822 14.4616 7.7315
v 36.4009 14.4151 7.2788
v 36.9636 16.8554 7.0195
v 36.4009 14.4151 7.2788
v 36.8539 14.4185 6.3965
v 36.9636 16.8554 7.0195
v 36.8539 14.4185 6.3965
v 37.7352 14.4649 6.8492
v 36.9636 16.8554 7.0195
v 37.7352 14.4649 6.8492
v 36.4009 14.4151 7.2788
v 37.2822 14.4616 7.7315
v 37.7352 14.4649 6.8492
v 36.8539 14.4185 6.3965
v 36.4009 14.4151 7.2788
v -45.6045 11.6632 -38.8223
v -45.8120 11.6684 -39.6438
v -44.5813 13.7237 -39.5048
v -45.8120 11.6684 -39.6438
v -44.5594 11.5779 -40.5788
v -44.5813 13.7237 -39.5048
v -44.5594 11.5779 -40.5788
v -43.6255 11.5300 -39.3230
v -44.5813 13.7237 -39.5048
v -43.6255 11.5300 -39.3230
v -44.8782 11.6206 -38.3880
v -44.5813 13.7237 -39.5048
v -44.8782 11.6206 -38.3880
v -45.6045 11.6632 -38.8223
v -44.5813 13.7237 -39.5048
v -45.6045 11.6632 -38.8223
v -44.5594 11.5779 -40.5788
v -45.8120 11.6684 -39.6438
v -45.6045 11.6632 -38.8223
v -43.6255 11.5300 -39.3230
v -44.5594 11.5779 -40.5788
v -45.6045 11.6632 -38.8223
v -44.8782 11.6206 -38.3880
v -43.6255 11.5300 -39.3230
v -45.3484 12.7119 -38.9728
v -45.1707 12.6881 -40.1942
v -44.5125 14.7860 -39.5155
v -45.1707 12.6881 -40.1942
v -43.9517 12.6110 -40.0154
v -44.5125 14.7860 -39.5155
v -43.9517 12.6110 -40.0154
v -44.1294 12.6348 -38.7940
v -44.5125 14.7860 -39.5155
v -44.1294 12.6348 -38.7940
v -45.3484 12.7119 -38.9728
v -44.5125 14.7860 -39.5155
v -45.3484 12.7119 -38.9728
v -43.9517 12.6110 -40.0154
v -45.1707 12.6881 -40.1942
v -45.3484 12.7119 -38.9728
v -44.1294 12.6348 -38.7940
v -43.9517 12.6110 -40.0154
v -45.1911 13.7623 -39.5943
v -44.4924 13.7118 -40.1158
v -44.4437 15.8482 -39.5262
v -44.4924 13.7118 -40.1158
v -43.9714 13.6851 -39.4153
v -44.4437 15.8482 -39.5262
v -43.9714 13.6851 -39.4153
v -44.6701 13.7356 -38.8938
v -44.4437 15.8482 -39.5262
v -44.6701 13.7356 -38.8938
v -45.1911 13.7623 -39.5943
v -44.4437 15.8482 -39.5262
v -45.1911 13.7623 -39.5943
v -43.9714 13.6851 -39.4153
v -44.4924 13.7118 -40.1158
v -45.1911 13.7623 -39.5943
v -44.6701 13.7356 -38.8938
v -43.9714 13.6851 -39.4153
v 33.1973 12.9847 29.5990
v 34.0144 13.0457 28.5978
v 34.5749 16.3435 30.0923
v 34.0144 13.0457 28.5978
v 36.2969 13.2110 29.2887
v 34.5749 16.3435 30.0923
v 36.2969 13.2110 29.2887
v 35.6080 13.1575 31.5772
v 34.5749 16.3435 30.0923
v 35.6080 13.1575 31.5772
v 33.3256 12.9921 30.8863
v 34.5749 16.3435 30.0923
v 33.3256 12.9921 30.8863
v 33.1973 12.9847 29.5990
v 34.5749 16.3435 30.0923
v 33.1973 12.9847 29.5990
v 36.2969 13.2110 29.2887
v 34.0144 13.0457 28.5978
v 33.1973 12.9847 29.5990
v 35.6080 13.1575 31.5772
v 36.2969 13.2110 29.2887
v 33.1973 12.9847 29.5990
v 33.3256 12.9921 30.8863
v 35.6080 13.1575 31.5772
v 33.4205 14.6304 29.7047
v 35.0771 14.7524 28.8140
v 34.4568 17.9645 30.0946
v 35.0771 14.7524 28.8140
v 35.9656 14.8147 30.4751
v 34.4568 17.9645 30.0946
v 35.9656 14.8147 30.4751
v 34.3090 14.6927 31.3657
v 34.4568 17.9645 30.0946
v 34.3090 14.6927 31.3657
v 33.4205 14.6304 29.7047
v 34.4568 17.9645 30.0946
v 33.4205 14.6304 29.7047
v 35.9656 14.8147 30.4751
v 35.0771 14.7524 28.8140
v 33.4205 14.6304 29.7047
v 34.3090 14.6927 31.3657
v 35.9656 14.8147 30.4751
v 34.1305 16.3124 29.2613
v 35.4036 16.4046 29.6467
v 34.3386 19.5855 30.0970
v 35.4036 16.4046 29.6467
v 35.0194 16.3747 30.9232
v 34.3386 19.5855 30.0970
v 35.0194 16.3747 30.9232
v 33.7462 16.2825 30.5378
v 34.3386 19.5855 30.0970
v 33.7462 16.2825 30.5378
v 34.1305 16.3124 29.2613
v 34.3386 19.5855 30.0970
v 34.1305 16.3124 29.2613
v 35.0194 16.3747 30.9232
v 35.4036 16.4046 29.6467
v 34.1305 16.3124 29.2613
v 33.7462 16.2825 30.5378
v 35.0194 16.3747 30.9232
v 49.1292 13.6241 48.9760
v 48.3602 13.6451 48.8628
v 48.9317 15.5941 48.0124
v 48.3602 13.6451 48.8628
v 48.0100 13.6694 47.4696
v 48.9317 15.5941 48.0124
v 48.0100 13.6694 47.4696
v 49.4029 13.6375 47.1189
v 48.9317 15.5941 48.0124
v 49.4029 13.6375 47.1189
v 49.7531 13.6131 48.5121
v 48.9317 15.5941 48.0124
v 49.7531 13.6131 48.5121
v 49.1292 13.6241 48.9760
v 48.9317 15.5941 48.0124
v 49.1292 13.6241 48.9760
v 48.0100 13.6694 47.4696
v 48.3602 13.6451 48.8628
v 49.1292 13.6241 48.9760
v 49.4029 13.6375 47.1189
v 48.0100 13.6694 47.4696
v 49.1292 13.6241 48.9760
v 49.7531 13.6131 48.5121
v 49.4029 13.6375 47.1189
v 49.1019 14.6041 48.7783
v 48.1301 14.6355 48.1971
v 48.9568 16.5706 48.0231
v 48.1301 14.6355 48.1971
v 48.7114 14.6313 47.2249
v 48.9568 16.5706 48.0231
v 48.7114 14.6313 47.2249
v 49.6832 14.5999 47.8061
v 48.9568 16.5706 48.0231
v 49.6832 14.5999 47.8061
v 49.1019 14.6041 48.7783
v 48.9568 16.5706 48.0231
v 49.1019 14.6041 48.7783
v 48.7114 14.6313 47.2249
v 48.1301 14.6355 48.1971
v 49.1019 14.6041 48.7783
v 49.6832 14.5999 47.8061
v 48.7114 14.6313 47.2249
v 48.6409 15.5962 48.4987
v 48.4456 15.6098 47.7216
v 48.9819 17.5470 48.0339
v 48.4456 15.6098 47.7216
v 49.2225 15.5920 47.5260
v 48.9819 17.5470 48.0339
v 49.2225 15.5920 47.5260
v 49.4178 15.5784 48.3031
v 48.9819 17.5470 48.0339
v 49.4178 15.5784 48.3031
v 48.6409 15.5962 48.4987
v 48.9819 17.5470 48.0339
v 48.6409 15.5962 48.4987
v 49.2225 15.5920 47.5260
v 48.4456 15.6098 47.7216
v 48.6409 15.5962 48.4987
v 49.4178 15.5784 48.3031
v 49.2225 15.5920 47.5260
v 3.4974 11.7639 -8.2135
v 3.2049 11.7596 -7.1575
v 1.9113 14.4273 -8.0737
v 3.2049 11.7596 -7.1575
v 1.1990 11.6403 -6.9098
v 1.9113 14.4273 -8.0737
v 1.1990 11.6403 -6.9098
v 0.9533 11.5994 -8.9191
v 1.9113 14.4273 -8.0737
v 0.9533 11.5994 -8.9191
v 2.9592 11.7187 -9.1668
v 1.9113 14.4273 -8.0737
v 2.9592 11.7187 -9.1668
v 3.4974 11.7639 -8.2135
v 1.9113 14.4273 -8.0737
v 3.4974 11.7639 -8.2135
v 1.1990 11.6403 -6.9098
v 3.2049 11.7596 -7.1575
v 3.4974 11.7639 -8.2135
v 0.9533 11.5994 -8.9191
v 1.1990 11.6403 -6.9098
v 3.4974 11.7639 -8.2135
v 2.9592 11.7187 -9.1668
v 0.9533 11.5994 -8.9191
v 3.1135 13.1199 -8.1941
v 2.1321 13.0762 -6.9358
v 1.8273 15.8011 -8.0914
v 2.1321 13.0762 -6.9358
v 0.8769 12.9869 -7.9179
v 1.8273 15.8011 -8.0914
v 0.8769 12.9869 -7.9179
v 1.8582 13.0306 -9.1762
v 1.8273 15.8011 -8.0914
v 1.8582 13.0306 -9.1762
v 3.1135 13.1199 -8.1941
v 1.8273 15.8011 -8.0914
v 3.1135 13.1199 -8.1941
v 0.8769 12.9869 -7.9179
v 2.1321 13.0762 -6.9358
v 3.1135 13.1199 -8.1941
v 1.8582 13.0306 -9.1762
v 0.8769 12.9869 -7.9179
v 2.5392 14.4719 -7.5824
v 1.4203 14.4054 -7.4442
v 1.7434 17.1750 -8.1091
v 1.4203 14.4054 -7.4442
v 1.2833 14.3826 -8.5650
v 1.7434 17.1750 -8.1091
v 1.2833 14.3826 -8.5650
v 2.4022 14.4491 -8.7031
v 1.7434 17.1750 -8.1091
v 2.4022 14.4491 -8.7031
v 2.5392 14.4719 -7.5824
v 1.7434 17.1750 -8.1091
v 2.5392 14.4719 -7.5824
v 1.2833 14.3826 -8.5650
v 1.4203 14.4054 -7.4442
v 2.5392 14.4719 -7.5824
v 2.4022 14.4491 -8.7031
v 1.2833 14.3826 -8.5650
v -36.2853 10.6153 7.6474
v -35.4635 10.5316 7.8679
v -35.9166 12.7448 8.7391
v -35.4635 10.5316 7.8679
v -35.2557 10.5215 9.4339
v -35.9166 12.7448 8.7391
v -35.2557 10.5215 9.4339
v -36.8132 10.6847 9.6417
v -35.9166 12.7448 8.7391
v -36.8132 10.6847 9.6417
v -37.0211 10.6948 8.0756
v -35.9166 12.7448 8.7391
v -37.0211 10.6948 8.0756
v -36.2853 10.6153 7.6474
v -35.9166 12.7448 8.7391
v -36.2853 10.6153 7.6474
v -35.2557 10.5215 9.4339
v -35.4635 10.5316 7.8679
v -36.2853 10.6153 7.6474
v -36.8132 10.6847 9.6417
v -35.2557 10.5215 9.4339
v -36.2853 10.6153 7.6474
v -37.0211 10.6948 8.0756
v -36.8132 10.6847 9.6417
v -36.1433 11.6821 7.8738
v -35.1591 11.5855 8.6311
v -35.8057 13.8132 8.7313
v -35.1591 11.5855 8.6311
v -35.9116 11.6709 9.6200
v -35.8057 13.8132 8.7313
v -35.9116 11.6709 9.6200
v -36.8959 11.7675 8.8628
v -35.8057 13.8132 8.7313
v -36.8959 11.7675 8.8628
v -36.1433 11.6821 7.8738
v -35.8057 13.8132 8.7313
v -36.1433 11.6821 7.8738
v -35.9116 11.6709 9.6200
v -35.1591 11.5855 8.6311
v -36.1433 11.6821 7.8738
v -36.8959 11.7675 8.8628
v -35.9116 11.6709 9.6200
v -35.5402 12.7022 8.2444
v -35.4242 12.6965 9.1179
v -35.6948 14.8816 8.7235
v -35.4242 12.6965 9.1179
v -36.2930 12.7875 9.2338
v -35.6948 14.8816 8.7235
v -36.2930 12.7875 9.2338
v -36.4090 12.7932 8.3603
v -35.6948 14.8816 8.7235
v -36.4090 12.7932 8.3603
v -35.5402 12.7022 8.2444
v -35.6948 14.8816 8.7235
v -35.5402 12.7022 8.2444
v -36.2930 12.7875 9.2338
v -35.4242 12.6965 9.1179
v -35.5402 12.7022 8.2444
v -36.4090 12.7932 8.3603
v -36.2930 12.7875 9.2338
v -50.9400 11.6741 -44.5572
v -51.6877 11.5854 -44.4517
v -51.6582 13.5513 -45.3299
v -51.6877 11.5854 -44.4517
v -52.4019 11.5578 -45.6613
v -51.6582 13.5513 -45.3299
v -52.4019 11.5578 -45.6613
v -51.2021 11.7237 -46.3734
v -51.6582 13.5513 -45.3299
v -51.2021 11.7237 -46.3734
v -50.4880 11.7513 -45.1637
v -51.6582 13.5513 -45.3299
v -50.4880 11.7513 -45.1637
v -50.9400 11.6741 -44.5572
v -51.6582 13.5513 -45.3299
v -50.9400 11.6741 -44.5572
v -52.4019 11.5578 -45.6613
v -51.6877 11.5854 -44.4517
v -50.9400 11.6741 -44.5572
v -51.2021 11.7237 -46.3734
v -52.4019 11.5578 -45.6613
v -50.9400 11.6741 -44.5572
v -50.4880 11.7513 -45.1637
v -51.2021 11.7237 -46.3734
v -51.1534 12.6183 -44.6968
v -52.2204 12.5104 -44.9742
v -51.7648 14.4996 -45.2887
v -52.2204 12.5104 -44.9742
v -51.9497 12.5875 -46.0456
v -51.7648 14.4996 -45.2887
v -51.9497 12.5875 -46.0456
v -50.8827 12.6954 -45.7682
v -51.7648 14.4996 -45.2887
v -50.8827 12.6954 -45.7682
v -51.1534 12.6183 -44.6968
v -51.7648 14.4996 -45.2887
v -51.1534 12.6183 -44.6968
v -51.9497 12.5875 -46.0456
v -52.2204 12.5104 -44.9742
v -51.1534 12.6183 -44.6968
v -50.8827 12.6954 -45.7682
v -51.9497 12.5875 -46.0456
v -51.7936 13.5127 -44.7940
v -52.1920 13.4973 -45.4687
v -51.8715 15.4480 -45.2474
v -52.1920 13.4973 -45.4687
v -51.5228 13.5898 -45.8659
v -51.8715 15.4480 -45.2474
v -51.5228 13.5898 -45.8659
v -51.1244 13.6052 -45.1912
v -51.8715 15.4480 -45.2474
v -51.1244 13.6052 -45.1912
v -51.7936 13.5127 -44.7940
v -51.8715 15.4480 -45.2474
v -51.7936 13.5127 -44.7940
v -51.5228 13.5898 -45.8659
v -52.1920 13.4973 -45.4687
v -51.7936 13.5127 -44.7940
v -51.1244 13.6052 -45.1912
v -51.5228 13.5898 -45.8659
v 30.6390 11.7168 -11.9481
v 30.0940 11.6224 -12.6620
v 30.9640 13.9927 -13.0686
v 30.0940 11.6224 -12.6620
v 30.9250 11.6565 -14.1086
v 30.9640 13.9927 -13.0686
v 30.9250 11.6565 -14.1086
v 32.3591 11.8597 -13.2800
v 30.9640 13.9927 -13.0686
v 32.3591 11.8597 -13.2800
v 31.5281 11.8255 -11.8334
v 30.9640 13.9927 -13.0686
v 31.5281 11.8255 -11.8334
v 30.6390 11.7168 -11.9481
v 30.9640 13.9927 -13.0686
v 30.6390 11.7168 -11.9481
v 30.9250 11.6565 -14.1086
v 30.0940 11.6224 -12.6620
v 30.6390 11.7168 -11.9481
v 32.3591 11.8597 -13.2800
v 30.9250 11.6565 -14.1086
v 30.6390 11.7168 -11.9481
v 31.5281 11.8255 -11.8334
v 32.3591 11.8597 -13.2800
v 30.6320 12.8478 -12.2133
v 30.2958 12.7536 -13.4817
v 30.8328 15.1186 -13.1174
v 30.2958 12.7536 -13.4817
v 31.5586 12.8859 -13.8263
v 30.8328 15.1186 -13.1174
v 31.5586 12.8859 -13.8263
v 31.8949 12.9801 -12.5578
v 30.8328 15.1186 -13.1174
v 31.8949 12.9801 -12.5578
v 30.6320 12.8478 -12.2133
v 30.8328 15.1186 -13.1174
v 30.6320 12.8478 -12.2133
v 31.5586 12.8859 -13.8263
v 30.2958 12.7536 -13.4817
v 30.6320 12.8478 -12.2133
v 31.8949 12.9801 -12.5578
v 31.5586 12.8859 -13.8263
v 30.3323 13.9265 -12.8962
v 30.7958 13.9456 -13.7031
v 30.7015 16.2444 -13.1662
v 30.7958 13.9456 -13.7031
v 31.5958 14.0589 -13.2410
v 30.7015 16.2444 -13.1662
v 31.5958 14.0589 -13.2410
v 31.1322 14.0398 -12.4340
v 30.7015 16.2444 -13.1662
v 31.1322 14.0398 -12.4340
v 30.3323 13.9265 -12.8962
v 30.7015 16.2444 -13.1662
v 30.3323 13.9265 -12.8962
v 31.5958 14.0589 -13.2410
v 30.7958 13.9456 -13.7031
v 30.3323 13.9265 -12.8962
v 31.1322 14.0398 -12.4340
v 31.5958 14.0589 -13.2410
v 39.3221 13.4949 42.6536
v 38.4556 13.4506 43.0385
v 38.2973 15.8230 41.7844
v 38.4556 13.4506 43.0385
v 37.1872 13.3752 41.8296
v 38.2973 15.8230 41.7844
v 37.1872 13.3752 41.8296
v 38.3948 13.4324 40.5590
v 38.2973 15.8230 41.7844
v 38.3948 13.4324 40.5590
v 39.6633 13.5078 41.7679
v 38.2973 15.8230 41.7844
v 39.6633 13.5078 41.7679
v 39.3221 13.4949 42.6536
v 38.2973 15.8230 41.7844
v 39.3221 13.4949 42.6536
v 37.1872 13.3752 41.8296
v 38.4556 13.4506 43.0385
v 39.3221 13.4949 42.6536
v 38.3948 13.4324 40.5590
v 37.1872 13.3752 41.8296
v 39.3221 13.4949 42.6536
v 39.6633 13.5078 41.7679
v 38.3948 13.4324 40.5590
v 39.0684 14.6743 42.4656
v 37.6880 14.6004 42.5000
v 38.2334 17.0138 41.7772
v 37.6880 14.6004 42.5000
v 37.6541 14.5902 41.1176
v 38.2334 17.0138 41.7772
v 37.6541 14.5902 41.1176
v 39.0346 14.6642 41.0832
v 38.2334 17.0138 41.7772
v 39.0346 14.6642 41.0832
v 39.0684 14.6743 42.4656
v 38.2334 17.0138 41.7772
v 39.0684 14.6743 42.4656
v 37.6541 14.5902 41.1176
v 37.6880 14.6004 42.5000
v 39.0684 14.6743 42.4656
v 39.0346 14.6642 41.0832
v 37.6541 14.5902 41.1176
v 38.3143 15.8281 42.4760
v 37.6068 15.7860 41.8016
v 38.1694 18.2045 41.7701
v 37.6068 15.7860 41.8016
v 38.2804 15.8179 41.0929
v 38.1694 18.2045 41.7701
v 38.2804 15.8179 41.0929
v 38.9879 15.8600 41.7672
v 38.1694 18.2045 41.7701
v 38.9879 15.8600 41.7672
v 38.3143 15.8281 42.4760
v 38.1694 18.2045 41.7701
v 38.3143 15.8281 42.4760
v 38.2804 15.8179 41.0929
v 37.6068 15.7860 41.8016
v 38.3143 15.8281 42.4760
v 38.9879 15.8600 41.7672
v 38.2804 15.8179 41.0929
v 51.0902 12.6176 15.0938
v 50.5648 12.5935 14.8419
v 51.0651 14.0822 14.3309
v 50.5648 12.5935 14.8419
v 50.6230 12.5946 13.7658
v 51.0651 14.0822 14.3309
v 50.6230 12.5946 13.7658
v 51.6979 12.6433 13.8240
v 51.0651 14.0822 14.3309
v 51.6979 12.6433 13.8240
v 51.6397 12.6422 14.9000
v 51.0651 14.0822 14.3309
v 51.6397 12.6422 14.9000
v 51.0902 12.6176 15.0938
v 51.0651 14.0822 14.3309
v 51.0902 12.6176 15.0938
v 50.6230 12.5946 13.7658
v 50.5648 12.5935 14.8419
v 51.0902 12.6176 15.0938
v 51.6979 12.6433 13.8240
v 50.6230 12.5946 13.7658
v 51.0902 12.6176 15.0938
v 51.6397 12.6422 14.9000
v 51.6979 12.6433 13.8240
v 51.0658 13.3497 14.9318
v 50.4989 13.3231 14.2995
v 51.0320 14.8141 14.3298
v 50.4989 13.3231 14.2995
v 51.1307 13.3509 13.7320
v 51.0320 14.8141 14.3298
v 51.1307 13.3509 13.7320
v 51.6975 13.3775 14.3643
v 51.0320 14.8141 14.3298
v 51.6975 13.3775 14.3643
v 51.0658 13.3497 14.9318
v 51.0320 14.8141 14.3298
v 51.0658 13.3497 14.9318
v 51.1307 13.3509 13.7320
v 50.4989 13.3231 14.2995
v 51.0658 13.3497 14.9318
v 51.6975 13.3775 14.3643
v 51.1307 13.3509 13.7320
v 50.7491 14.0683 14.6147
v 50.7815 14.0689 14.0145
v 50.9988 15.5460 14.3288
v 50.7815 14.0689 14.0145
v 51.3811 14.0961 14.0470
v 50.9988 15.5460 14.3288
v 51.3811 14.0961 14.0470
v 51.3487 14.0955 14.6472
v 50.9988 15.5460 14.3288
v 51.3487 14.0955 14.6472
v 50.7491 14.0683 14.6147
v 50.9988 15.5460 14.3288
v 50.7491 14.0683 14.6147
v 51.3811 14.0961 14.0470
v 50.7815 14.0689 14.0145
v 50.7491 14.0683 14.6147
v 51.3487 14.0955 14.6472
v 51.3811 14.0961 14.0470
v 19.2255 11.9495 -22.2066
v 19.4483 12.0248 -23.1825
v 20.5528 14.4634 -22.2259
v 19.4483 12.0248 -23.1825
v 21.2767 12.0247 -23.4950
v 20.5528 14.4634 -22.2259
v 21.2767 12.0247 -23.4950
v 21.5882 11.8742 -21.6728
v 20.5528 14.4634 -22.2259
v 21.5882 11.8742 -21.6728
v 19.7599 11.8742 -21.3602
v 20.5528 14.4634 -22.2259
v 19.7599 11.8742 -21.3602
v 19.2255 11.9495 -22.2066
v 20.5528 14.4634 -22.2259
v 19.2255 11.9495 -22.2066
v 21.2767 12.0247 -23.4950
v 19.4483 12.0248 -23.1825
v 19.2255 11.9495 -22.2066
v 21.5882 11.8742 -21.6728
v 21.2767 12.0247 -23.4950
v 19.2255 11.9495 -22.2066
v 19.7599 11.8742 -21.3602
v 21.5882 11.8742 -21.6728
v 19.5162 13.2064 -22.1525
v 20.3619 13.2903 -23.3427
v 20.5701 15.7203 -22.1250
v 20.3619 13.2903 -23.3427
v 21.5549 13.2064 -22.5010
v 20.5701 15.7203 -22.1250
v 21.5549 13.2064 -22.5010
v 20.7092 13.1225 -21.3108
v 20.5701 15.7203 -22.1250
v 20.7092 13.1225 -21.3108
v 19.5162 13.2064 -22.1525
v 20.5701 15.7203 -22.1250
v 19.5162 13.2064 -22.1525
v 21.5549 13.2064 -22.5010
v 20.3619 13.2903 -23.3427
v 19.5162 13.2064 -22.1525
v 20.7092 13.1225 -21.3108
v 21.5549 13.2064 -22.5010
v 19.9560 14.5054 -22.6469
v 20.9758 14.5053 -22.8213
v 20.5874 16.9773 -22.0242
v 20.9758 14.5053 -22.8213
v 21.1496 14.4214 -21.8048
v 20.5874 16.9773 -22.0242
v 21.1496 14.4214 -21.8048
v 20.1298 14.4214 -21.6305
v 20.5874 16.9773 -22.0242
v 20.1298 14.4214 -21.6305
v 19.9560 14.5054 -22.6469
v 20.5874 16.9773 -22.0242
v 19.9560 14.5054 -22.6469
v 21.1496 14.4214 -21.8048
v 20.9758 14.5053 -22.8213
v 19.9560 14.5054 -22.6469
v 20.1298 14.4214 -21.6305
v 21.1496 14.4214 -21.8048
v 26.7596 13.0814 -52.9582
v 27.0410 13.0302 -51.7627
v 25.6971 16.2366 -51.9410
v 27.0410 13.0302 -51.7627
v 25.2035 13.1385 -50.4319
v 25.6971 16.2366 -51.9410
v 25.2035 13.1385 -50.4319
v 23.8797 13.2859 -52.2716
v 25.6971 16.2366 -51.9410
v 23.8797 13.2859 -52.2716
v 25.7171 13.1775 -53.6025
v 25.6971 16.2366 -51.9410
v 25.7171 13.1775 -53.6025
v 26.7596 13.0814 -52.9582
v 25.6971 16.2366 -51.9410
v 26.7596 13.0814 -52.9582
v 25.2035 13.1385 -50.4319
v 27.0410 13.0302 -51.7627
v 26.7596 13.0814 -52.9582
v 23.8797 13.2859 -52.2716
v 25.2035 13.1385 -50.4319
v 26.7596 13.0814 -52.9582
v 25.7171 13.1775 -53.6025
v 23.8797 13.2859 -52.2716
v 26.6031 14.6369 -52.7210
v 26.3168 14.6152 -50.9534
v 25.8154 17.7758 -51.9029
v 26.3168 14.6152 -50.9534
v 24.5543 14.7577 -51.2371
v 25.8154 17.7758 -51.9029
v 24.5543 14.7577 -51.2371
v 24.8406 14.7794 -53.0048
v 25.8154 17.7758 -51.9029
v 24.8406 14.7794 -53.0048
v 26.6031 14.6369 -52.7210
v 25.8154 17.7758 -51.9029
v 26.6031 14.6369 -52.7210
v 24.5543 14.7577 -51.2371
v 26.3168 14.6152 -50.9534
v 26.6031 14.6369 -52.7210
v 24.8406 14.7794 -53.0048
v 24.5543 14.7577 -51.2371
v 26.5787 16.1653 -51.7990
v 25.5538 16.2257 -51.0567
v 25.9338 19.3151 -51.8648
v 25.5538 16.2257 -51.0567
v 24.8154 16.3079 -52.0829
v 25.9338 19.3151 -51.8648
v 24.8154 16.3079 -52.0829
v 25.8403 16.2474 -52.8252
v 25.9338 19.3151 -51.8648
v 25.8403 16.2474 -52.8252
v 26.5787 16.1653 -51.7990
v 25.9338 19.3151 -51.8648
v 26.5787 16.1653 -51.7990
v 24.8154 16.3079 -52.0829
v 25.5538 16.2257 -51.0567
v 26.5787 16.1653 -51.7990
v 25.8403 16.2474 -52.8252
v 24.8154 16.3079 -52.0829
v -8.8926 13.6492 37.6178
v -7.6735 13.5183 38.3076
v -8.7356 17.1855 39.4460
v -7.6735 13.5183 38.3076
v -7.9827 13.5489 40.8884
v -8.7356 17.1855 39.4460
v -7.9827 13.5489 40.8884
v -10.5488 13.8234 40.5777
v -8.7356 17.1855 39.4460
v -10.5488 13.8234 40.5777
v -10.2397 13.7928 37.9970
v -8.7356 17.1855 39.4460
v -10.2397 13.7928 37.9970
v -8.8926 13.6492 37.6178
v -8.7356 17.1855 39.4460
v -8.8926 13.6492 37.6178
v -7.9827 13.5489 40.8884
v -7.6735 13.5183 38.3076
v -8.8926 13.6492 37.6178
v -10.5488 13.8234 40.5777
v -7.9827 13.5489 40.8884
v -8.8926 13.6492 37.6178
v -10.2397 13.7928 37.9970
v -10.5488 13.8234 40.5777
v -8.7510 15.4111 38.0055
v -7.4927 15.2751 39.6175
v -8.5478 18.9428 39.4477
v -7.4927 15.2751 39.6175
v -9.0957 15.4452 40.8832
v -8.5478 18.9428 39.4477
v -9.0957 15.4452 40.8832
v -10.3540 15.5812 39.2712
v -8.5478 18.9428 39.4477
v -10.3540 15.5812 39.2712
v -8.7510 15.4111 38.0055
v -8.5478 18.9428 39.4477
v -8.7510 15.4111 38.0055
v -9.0957 15.4452 40.8832
v -7.4927 15.2751 39.6175
v -8.7510 15.4111 38.0055
v -10.3540 15.5812 39.2712
v -9.0957 15.4452 40.8832
v -7.9337 17.1004 38.8129
v -8.1061 17.1175 40.2524
v -8.3600 20.7001 39.4493
v -8.1061 17.1175 40.2524
v -9.5375 17.2706 40.0791
v -8.3600 20.7001 39.4493
v -9.5375 17.2706 40.0791
v -9.3651 17.2535 38.6396
v -8.3600 20.7001 39.4493
v -9.3651 17.2535 38.6396
v -7.9337 17.1004 38.8129
v -8.3600 20.7001 39.4493
v -7.9337 17.1004 38.8129
v -9.5375 17.2706 40.0791
v -8.1061 17.1175 40.2524
v -7.9337 17.1004 38.8129
v -9.3651 17.2535 38.6396
v -9.5375 17.2706 40.0791
v -38.8988 11.8305 -47.5685
v -39.5226 11.7921 -47.1785
v -39.7662 13.6577 -48.0798
v -39.5226 11.7921 -47.1785
v -40.6302 11.7620 -47.9691
v -39.7662 13.6577 -48.0798
v -40.6302 11.7620 -47.9691
v -39.8414 11.8265 -49.0766
v -39.7662 13.6577 -48.0798
v -39.8414 11.8265 -49.0766
v -38.7338 11.8566 -48.2859
v -39.7662 13.6577 -48.0798
v -38.7338 11.8566 -48.2859
v -38.8988 11.8305 -47.5685
v -39.7662 13.6577 -48.0798
v -38.8988 11.8305 -47.5685
v -40.6302 11.7620 -47.9691
v -39.5226 11.7921 -47.1785
v -38.8988 11.8305 -47.5685
v -39.8414 11.8265 -49.0766
v -40.6302 11.7620 -47.9691
v -38.8988 11.8305 -47.5685
v -38.7338 11.8566 -48.2859
v -39.8414 11.8265 -49.0766
v -39.1066 12.7503 -47.6629
v -40.1638 12.6975 -47.4862
v -39.8083 14.5819 -48.0560
v -40.1638 12.6975 -47.4862
v -40.3416 12.7168 -48.5445
v -39.8083 14.5819 -48.0560
v -40.3416 12.7168 -48.5445
v -39.2843 12.7695 -48.7211
v -39.8083 14.5819 -48.0560
v -39.2843 12.7695 -48.7211
v -39.1066 12.7503 -47.6629
v -39.8083 14.5819 -48.0560
v -39.1066 12.7503 -47.6629
v -40.3416 12.7168 -48.5445
v -40.1638 12.6975 -47.4862
v -39.1066 12.7503 -47.6629
v -39.2843 12.7695 -48.7211
v -40.3416 12.7168 -48.5445
v -39.6773 13.6481 -47.5505
v -40.2951 13.6313 -47.9915
v -39.8504 15.5061 -48.0321
v -40.2951 13.6313 -47.9915
v -39.8551 13.6673 -48.6092
v -39.8504 15.5061 -48.0321
v -39.8551 13.6673 -48.6092
v -39.2373 13.6841 -48.1682
v -39.8504 15.5061 -48.0321
v -39.2373 13.6841 -48.1682
v -39.6773 13.6481 -47.5505
v -39.8504 15.5061 -48.0321
v -39.6773 13.6481 -47.5505
v -39.8551 13.6673 -48.6092
v -40.2951 13.6313 -47.9915
v -39.6773 13.6481 -47.5505
v -39.2373 13.6841 -48.1682
v -39.8551 13.6673 -48.6092
v 0.9114 12.3873 -23.2041
v 0.0281 12.3425 -23.8433
v 1.1030 15.1411 -24.5931
v 0.0281 12.3425 -23.8433
v 0.4934 12.3645 -25.8050
v 1.1030 15.1411 -24.5931
v 0.4934 12.3645 -25.8050
v 2.4527 12.4631 -25.3392
v 1.1030 15.1411 -24.5931
v 2.4527 12.4631 -25.3392
v 1.9874 12.4412 -23.3774
v 1.1030 15.1411 -24.5931
v 1.9874 12.4412 -23.3774
v 0.9114 12.3873 -23.2041
v 1.1030 15.1411 -24.5931
v 0.9114 12.3873 -23.2041
v 0.4934 12.3645 -25.8050
v 0.0281 12.3425 -23.8433
v 0.9114 12.3873 -23.2041
v 2.4527 12.4631 -25.3392
v 0.4934 12.3645 -25.8050
v 0.9114 12.3873 -23.2041
v 1.9874 12.4412 -23.3774
v 2.4527 12.4631 -25.3392
v 0.9122 13.7597 -23.4985
v 0.0794 13.7169 -24.8519
v 1.0342 16.5102 -24.5941
v 0.0794 13.7169 -24.8519
v 1.4311 13.7842 -25.6859
v 1.0342 16.5102 -24.5941
v 1.4311 13.7842 -25.6859
v 2.2640 13.8270 -24.3325
v 1.0342 16.5102 -24.5941
v 2.2640 13.8270 -24.3325
v 0.9122 13.7597 -23.4985
v 1.0342 16.5102 -24.5941
v 0.9122 13.7597 -23.4985
v 1.4311 13.7842 -25.6859
v 0.0794 13.7169 -24.8519
v 0.9122 13.7597 -23.4985
v 2.2640 13.8270 -24.3325
v 1.4311 13.7842 -25.6859
v 0.4267 15.1075 -24.1760
v 0.6863 15.1197 -25.2702
v 0.9655 17.8794 -24.5951
v 0.6863 15.1197 -25.2702
v 1.7791 15.1748 -25.0103
v 0.9655 17.8794 -24.5951
v 1.7791 15.1748 -25.0103
v 1.5196 15.1625 -23.9161
v 0.9655 17.8794 -24.5951
v 1.5196 15.1625 -23.9161
v 0.4267 15.1075 -24.1760
v 0.9655 17.8794 -24.5951
v 0.4267 15.1075 -24.1760
v 1.7791 15.1748 -25.0103
v 0.6863 15.1197 -25.2702
v 0.4267 15.1075 -24.1760
v 1.5196 15.1625 -23.9161
v 1.7791 15.1748 -25.0103
v 32.3805 12.4083 -30.5446
v 32.5157 12.4195 -32.0593
v 34.0788 16.3230 -31.1274
v 32.5157 12.4195 -32.0593
v 35.1938 12.5590 -32.8989
v 34.0788 16.3230 -31.1274
v 35.1938 12.5590 -32.8989
v 36.0327 12.5943 -30.2171
v 34.0788 16.3230 -31.1274
v 36.0327 12.5943 -30.2171
v 33.3546 12.4548 -29.3776
v 34.0788 16.3230 -31.1274
v 33.3546 12.4548 -29.3776
v 32.3805 12.4083 -30.5446
v 34.0788 16.3230 -31.1274
v 32.3805 12.4083 -30.5446
v 35.1938 12.5590 -32.8989
v 32.5157 12.4195 -32.0593
v 32.3805 12.4083 -30.5446
v 36.0327 12.5943 -30.2171
v 35.1938 12.5590 -32.8989
v 32.3805 12.4083 -30.5446
v 33.3546 12.4548 -29.3776
v 36.0327 12.5943 -30.2171
v 32.6834 14.3372 -30.6648
v 33.7088 14.3953 -32.6280
v 33.9811 18.2311 -31.1220
v 33.7088 14.3953 -32.6280
v 35.6696 14.4927 -31.6009
v 33.9811 18.2311 -31.1220
v 35.6696 14.4927 -31.6009
v 34.6441 14.4347 -29.6377
v 33.9811 18.2311 -31.1220
v 34.6441 14.4347 -29.6377
v 32.6834 14.3372 -30.6648
v 33.9811 18.2311 -31.1220
v 32.6834 14.3372 -30.6648
v 35.6696 14.4927 -31.6009
v 33.7088 14.3953 -32.6280
v 32.6834 14.3372 -30.6648
v 34.6441 14.4347 -29.6377
v 35.6696 14.4927 -31.6009
v 33.0979 16.2743 -31.6412
v 34.5918 16.3521 -32.1095
v 33.8834 20.1392 -31.1166
v 34.5918 16.3521 -32.1095
v 35.0596 16.3718 -30.6137
v 33.8834 20.1392 -31.1166
v 35.0596 16.3718 -30.6137
v 33.5658 16.2940 -30.1454
v 33.8834 20.1392 -31.1166
v 33.5658 16.2940 -30.1454
v 33.0979 16.2743 -31.6412
v 33.8834 20.1392 -31.1166
v 33.0979 16.2743 -31.6412
v 35.0596 16.3718 -30.6137
v 34.5918 16.3521 -32.1095
v 33.0979 16.2743 -31.6412
v 33.5658 16.2940 -30.1454
v 35.0596 16.3718 -30.6137
v 10.6834 11.9517 7.8563
v 9.5305 12.0364 8.1786
v 9.8871 14.9443 6.4557
v 9.5305 12.0364 8.1786
v 8.1586 12.0179 6.4365
v 9.8871 14.9443 6.4557
v 8.1586 12.0179 6.4365
v 9.8962 11.8408 5.0701
v 9.8871 14.9443 6.4557
v 9.8962 11.8408 5.0701
v 11.2681 11.8593 6.8123
v 9.8871 14.9443 6.4557
v 11.2681 11.8593 6.8123
v 10.6834 11.9517 7.8563
v 9.8871 14.9443 6.4557
v 10.6834 11.9517 7.8563
v 8.1586 12.0179 6.4365
v 9.5305 12.0364 8.1786
v 10.6834 11.9517 7.8563
v 9.8962 11.8408 5.0701
v 8.1586 12.0179 6.4365
v 10.6834 11.9517 7.8563
v 11.2681 11.8593 6.8123
v 9.8962 11.8408 5.0701
v 10.5651 13.4517 7.5113
v 8.8315 13.5402 7.3018
v 9.9739 16.4471 6.3713
v 8.8315 13.5402 7.3018
v 9.0354 13.4311 5.5687
v 9.9739 16.4471 6.3713
v 9.0354 13.4311 5.5687
v 10.7690 13.3427 5.7782
v 9.9739 16.4471 6.3713
v 10.7690 13.3427 5.7782
v 10.5651 13.4517 7.5113
v 9.9739 16.4471 6.3713
v 10.5651 13.4517 7.5113
v 9.0354 13.4311 5.5687
v 8.8315 13.5402 7.3018
v 10.5651 13.4517 7.5113
v 10.7690 13.3427 5.7782
v 9.0354 13.4311 5.5687
v 9.7851 14.9988 7.3226
v 9.0199 14.9885 6.3509
v 10.0608 17.9500 6.2870
v 9.0199 14.9885 6.3509
v 9.9891 14.8897 5.5887
v 10.0608 17.9500 6.2870
v 9.9891 14.8897 5.5887
v 10.7543 14.9000 6.5605
v 10.0608 17.9500 6.2870
v 10.7543 14.9000 6.5605
v 9.7851 14.9988 7.3226
v 10.0608 17.9500 6.2870
v 9.7851 14.9988 7.3226
v 9.9891 14.8897 5.5887
v 9.0199 14.9885 6.3509
v 9.7851 14.9988 7.3226
v 10.7543 14.9000 6.5605
v 9.9891 14.8897 5.5887
v -50.3426 11.4344 -30.8835
v -50.4963 11.5387 -32.1357
v -48.5843 14.5005 -31.4838
v -50.4963 11.5387 -32.1357
v -48.4713 11.4114 -33.2997
v -48.5843 14.5005 -31.4838
v -48.4713 11.4114 -33.2997
v -47.3253 11.1501 -31.2773
v -48.5843 14.5005 -31.4838
v -47.3253 11.1501 -31.2773
v -49.3503 11.2774 -30.1134
v -48.5843 14.5005 -31.4838
v -49.3503 11.2774 -30.1134
v -50.3426 11.4344 -30.8835
v -48.5843 14.5005 -31.4838
v -50.3426 11.4344 -30.8835
v -48.4713 11.4114 -33.2997
v -50.4963 11.5387 -32.1357
v -50.3426 11.4344 -30.8835
v -47.3253 11.1501 -31.2773
v -48.4713 11.4114 -33.2997
v -50.3426 11.4344 -30.8835
v -49.3503 11.2774 -30.1134
v -47.3253 11.1501 -31.2773
v -49.8765 12.9934 -30.9462
v -49.3865 13.0681 -32.7226
v -48.4211 16.0785 -31.3724
v -49.3865 13.0681 -32.7226
v -47.6186 12.8515 -32.2441
v -48.4211 16.0785 -31.3724
v -47.6186 12.8515 -32.2441
v -48.1086 12.7768 -30.4676
v -48.4211 16.0785 -31.3724
v -48.1086 12.7768 -30.4676
v -49.8765 12.9934 -30.9462
v -48.4211 16.0785 -31.3724
v -49.8765 12.9934 -30.9462
v -47.6186 12.8515 -32.2441
v -49.3865 13.0681 -32.7226
v -49.8765 12.9934 -30.9462
v -48.1086 12.7768 -30.4676
v -47.6186 12.8515 -32.2441
v -49.4687 14.6089 -31.7232
v -48.3392 14.5378 -32.3724
v -48.2579 17.6566 -31.2610
v -48.3392 14.5378 -32.3724
v -47.7000 14.3921 -31.2444
v -48.2579 17.6566 -31.2610
v -47.7000 14.3921 -31.2444
v -48.8295 14.4631 -30.5951
v -48.2579 17.6566 -31.2610
v -48.8295 14.4631 -30.5951
v -49.4687 14.6089 -31.7232
v -48.2579 17.6566 -31.2610
v -49.4687 14.6089 -31.7232
v -47.7000 14.3921 -31.2444
v -48.3392 14.5378 -32.3724
v -49.4687 14.6089 -31.7232
v -48.8295 14.4631 -30.5951
v -47.7000 14.3921 -31.2444
v -0.9096 14.2826 44.6943
v 0.5706 14.3721 44.8539
v -0.5923 18.0291 46.6188
v 0.5706 14.3721 44.8539
v 1.3475 14.3816 47.4980
v -0.5923 18.0291 46.6188
v 1.3475 14.3816 47.4980
v -1.2911 14.2064 48.2740
v -0.5923 18.0291 46.6188
v -1.2911 14.2064 48.2740
v -2.0680 14.1970 45.6299
v -0.5923 18.0291 46.6188
v -2.0680 14.1970 45.6299
v -0.9096 14.2826 44.6943
v -0.5923 18.0291 46.6188
v -0.9096 14.2826 44.6943
v 1.3475 14.3816 47.4980
v 0.5706 14.3721 44.8539
v -0.9096 14.2826 44.6943
v -1.2911 14.2064 48.2740
v 1.3475 14.3816 47.4980
v -0.9096 14.2826 44.6943
v -2.0680 14.1970 45.6299
v -1.2911 14.2064 48.2740
v -0.9094 16.1539 45.1172
v 0.9948 16.2568 46.1588
v -0.7084 19.8991 46.6462
v 0.9948 16.2568 46.1588
v -0.0431 16.1645 48.0655
v -0.7084 19.8991 46.6462
v -0.0431 16.1645 48.0655
v -1.9473 16.0616 47.0240
v -0.7084 19.8991 46.6462
v -1.9473 16.0616 47.0240
v -0.9094 16.1539 45.1172
v -0.7084 19.8991 46.6462
v -0.9094 16.1539 45.1172
v -0.0431 16.1645 48.0655
v 0.9948 16.2568 46.1588
v -0.9094 16.1539 45.1172
v -1.9473 16.0616 47.0240
v -0.0431 16.1645 48.0655
v -0.0731 18.0753 45.6649
v 0.3603 18.0806 47.1398
v -0.8244 21.7690 46.6735
v 0.3603 18.0806 47.1398
v -1.1115 17.9829 47.5726
v -0.8244 21.7690 46.6735
v -1.1115 17.9829 47.5726
v -1.5449 17.9777 46.0977
v -0.8244 21.7690 46.6735
v -1.5449 17.9777 46.0977
v -0.0731 18.0753 45.6649
v -0.8244 21.7690 46.6735
v -0.0731 18.0753 45.6649
v -1.1115 17.9829 47.5726
v 0.3603 18.0806 47.1398
v -0.0731 18.0753 45.6649
v -1.5449 17.9777 46.0977
v -1.1115 17.9829 47.5726
v 39.5177 12.4107 20.5607
v 40.3685 12.4075 20.8399
v 39.6142 14.6601 21.7280
v 40.3685 12.4075 20.8399
v 40.4934 12.4066 22.4899
v 39.6142 14.6601 21.7280
v 40.4934 12.4066 22.4899
v 38.8435 12.4126 22.6148
v 39.6142 14.6601 21.7280
v 38.8435 12.4126 22.6148
v 38.7186 12.4135 20.9649
v 39.6142 14.6601 21.7280
v 38.7186 12.4135 20.9649
v 39.5177 12.4107 20.5607
v 39.6142 14.6601 21.7280
v 39.5177 12.4107 20.5607
v 40.4934 12.4066 22.4899
v 40.3685 12.4075 20.8399
v 39.5177 12.4107 20.5607
v 38.8435 12.4126 22.6148
v 40.4934 12.4066 22.4899
v 39.5177 12.4107 20.5607
v 38.7186 12.4135 20.9649
v 38.8435 12.4126 22.6148
v 39.5405 13.5356 20.8078
v 40.5300 13.5317 21.6580
v 39.6184 15.7851 21.7283
v 40.5300 13.5317 21.6580
v 39.6798 13.5345 22.6476
v 39.6184 15.7851 21.7283
v 39.6798 13.5345 22.6476
v 38.6903 13.5384 21.7973
v 39.6184 15.7851 21.7283
v 38.6903 13.5384 21.7973
v 39.5405 13.5356 20.8078
v 39.6184 15.7851 21.7283
v 39.5405 13.5356 20.8078
v 39.6798 13.5345 22.6476
v 40.5300 13.5317 21.6580
v 39.5405 13.5356 20.8078
v 38.6903 13.5384 21.7973
v 39.6798 13.5345 22.6476
v 40.0396 14.6586 21.2330
v 40.1093 14.6581 22.1533
v 39.6225 16.9100 21.7287
v 40.1093 14.6581 22.1533
v 39.1889 14.6615 22.2230
v 39.6225 16.9100 21.7287
v 39.1889 14.6615 22.2230
v 39.1192 14.6620 21.3027
v 39.6225 16.9100 21.7287
v 39.1192 14.6620 21.3027
v 40.0396 14.6586 21.2330
v 39.6225 16.9100 21.7287
v 40.0396 14.6586 21.2330
v 39.1889 14.6615 22.2230
v 40.1093 14.6581 22.1533
v 40.0396 14.6586 21.2330
v 39.1192 14.6620 21.3027
v 39.1889 14.6615 22.2230
v 46.1470 12.1866 2.5763
v 46.9325 12.2082 2.2960
v 46.8067 14.3198 3.3482
v 46.9325 12.2082 2.2960
v 47.9654 12.2629 3.4388
v 46.8067 14.3198 3.3482
v 47.9654 12.2629 3.4388
v 46.8224 12.2422 4.4729
v 46.8067 14.3198 3.3482
v 46.8224 12.2422 4.4729
v 45.7895 12.1875 3.3300
v 46.8067 14.3198 3.3482
v 45.7895 12.1875 3.3300
v 46.1470 12.1866 2.5763
v 46.8067 14.3198 3.3482
v 46.1470 12.1866 2.5763
v 47.9654 12.2629 3.4388
v 46.9325 12.2082 2.2960
v 46.1470 12.1866 2.5763
v 46.8224 12.2422 4.4729
v 47.9654 12.2629 3.4388
v 46.1470 12.1866 2.5763
v 45.7895 12.1875 3.3300
v 46.8224 12.2422 4.4729
v 46.2662 13.2420 2.7291
v 47.4793 13.2841 2.7898
v 46.7713 15.3671 3.3300
v 47.4793 13.2841 2.7898
v 47.4180 13.3030 4.0035
v 46.7713 15.3671 3.3300
v 47.4180 13.3030 4.0035
v 46.2048 13.2610 3.9428
v 46.7713 15.3671 3.3300
v 46.2048 13.2610 3.9428
v 46.2662 13.2420 2.7291
v 46.7713 15.3671 3.3300
v 46.2662 13.2420 2.7291
v 47.4180 13.3030 4.0035
v 47.4793 13.2841 2.7898
v 46.2662 13.2420 2.7291
v 46.2048 13.2610 3.9428
v 47.4180 13.3030 4.0035
v 46.8374 14.3103 2.7410
v 47.4136 14.3408 3.3785
v 46.7359 16.4144 3.3119
v 47.4136 14.3408 3.3785
v 46.7760 14.3293 3.9553
v 46.7359 16.4144 3.3119
v 46.7760 14.3293 3.9553
v 46.1998 14.2988 3.3178
v 46.7359 16.4144 3.3119
v 46.1998 14.2988 3.3178
v 46.8374 14.3103 2.7410
v 46.7359 16.4144 3.3119
v 46.8374 14.3103 2.7410
v 46.7760 14.3293 3.9553
v 47.4136 14.3408 3.3785
v 46.8374 14.3103 2.7410
v 46.1998 14.2988 3.3178
v 46.7760 14.3293 3.9553
v 42.6565 12.2457 -2.8561
v 43.6557 12.3200 -2.4701
v 42.4901 14.9368 -1.4495
v 43.6557 12.3200 -2.4701
v 43.7052 12.3207 -0.4865
v 42.4901 14.9368 -1.4495
v 43.7052 12.3207 -0.4865
v 41.7272 12.1725 -0.4371
v 42.4901 14.9368 -1.4495
v 41.7272 12.1725 -0.4371
v 41.6777 12.1718 -2.4207
v 42.4901 14.9368 -1.4495
v 41.6777 12.1718 -2.4207
v 42.6565 12.2457 -2.8561
v 42.4901 14.9368 -1.4495
v 42.6565 12.2457 -2.8561
v 43.7052 12.3207 -0.4865
v 43.6557 12.3200 -2.4701
v 42.6565 12.2457 -2.8561
v 41.7272 12.1725 -0.4371
v 43.7052 12.3207 -0.4865
v 42.6565 12.2457 -2.8561
v 41.6777 12.1718 -2.4207
v 41.7272 12.1725 -0.4371
v 42.5632 13.5911 -2.5574
v 43.6935 13.6741 -1.4791
v 42.3893 16.2820 -1.4475
v 43.6935 13.6741 -1.4791
v 42.6183 13.5919 -0.3457
v 42.3893 16.2820 -1.4475
v 42.6183 13.5919 -0.3457
v 41.4880 13.5089 -1.4240
v 42.3893 16.2820 -1.4475
v 41.4880 13.5089 -1.4240
v 42.5632 13.5911 -2.5574
v 42.3893 16.2820 -1.4475
v 42.5632 13.5911 -2.5574
v 42.6183 13.5919 -0.3457
v 43.6935 13.6741 -1.4791
v 42.5632 13.5911 -2.5574
v 41.4880 13.5089 -1.4240
v 42.6183 13.5919 -0.3457
v 43.0279 14.9779 -2.0165
v 43.0555 14.9783 -0.9101
v 42.2887 17.6273 -1.4454
v 43.0555 14.9783 -0.9101
v 41.9522 14.8956 -0.8825
v 42.2887 17.6273 -1.4454
v 41.9522 14.8956 -0.8825
v 41.9246 14.8953 -1.9889
v 42.2887 17.6273 -1.4454
v 41.9246 14.8953 -1.9889
v 43.0279 14.9779 -2.0165
v 42.2887 17.6273 -1.4454
v 43.0279 14.9779 -2.0165
v 41.9522 14.8956 -0.8825
v 43.0555 14.9783 -0.9101
v 43.0279 14.9779 -2.0165
v 41.9246 14.8953 -1.9889
v 41.9522 14.8956 -0.8825
v -35.2848 11.8663 -32.6150
v -36.1453 11.8104 -32.6247
v -35.8459 14.0255 -33.6083
v -36.1453 11.8104 -32.6247
v -36.7394 11.8073 -34.1031
v -35.8459 14.0255 -33.6083
v -36.7394 11.8073 -34.1031
v -35.2646 11.9178 -34.6961
v -35.8459 14.0255 -33.6083
v -35.2646 11.9178 -34.6961
v -34.6705 11.9209 -33.2177
v -35.8459 14.0255 -33.6083
v -34.6705 11.9209 -33.2177
v -35.2848 11.8663 -32.6150
v -35.8459 14.0255 -33.6083
v -35.2848 11.8663 -32.6150
v -36.7394 11.8073 -34.1031
v -36.1453 11.8104 -32.6247
v -35.2848 11.8663 -32.6150
v -35.2646 11.9178 -34.6961
v -36.7394 11.8073 -34.1031
v -35.2848 11.8663 -32.6150
v -34.6705 11.9209 -33.2177
v -35.2646 11.9178 -34.6961
v -35.4442 12.9466 -32.8101
v -36.5976 12.8832 -33.3038
v -35.9164 15.1063 -33.5823
v -36.5976 12.8832 -33.3038
v -36.1067 12.9431 -34.4586
v -35.9164 15.1063 -33.5823
v -36.1067 12.9431 -34.4586
v -34.9532 13.0064 -33.9649
v -35.9164 15.1063 -33.5823
v -34.9532 13.0064 -33.9649
v -35.4442 12.9466 -32.8101
v -35.9164 15.1063 -33.5823
v -35.4442 12.9466 -32.8101
v -36.1067 12.9431 -34.4586
v -36.5976 12.8832 -33.3038
v -35.4442 12.9466 -32.8101
v -34.9532 13.0064 -33.9649
v -36.1067 12.9431 -34.4586
v -36.0915 13.9956 -33.0306
v -36.4229 13.9939 -33.8553
v -35.9869 16.1870 -33.5562
v -36.4229 13.9939 -33.8553
v -35.6003 14.0555 -34.1860
v -35.9869 16.1870 -33.5562
v -35.6003 14.0555 -34.1860
v -35.2689 14.0572 -33.3614
v -35.9869 16.1870 -33.5562
v -35.2689 14.0572 -33.3614
v -36.0915 13.9956 -33.0306
v -35.9869 16.1870 -33.5562
v -36.0915 13.9956 -33.0306
v -35.6003 14.0555 -34.1860
v -36.4229 13.9939 -33.8553
v -36.0915 13.9956 -33.0306
v -35.2689 14.0572 -33.3614
v -35.6003 14.0555 -34.1860
v -6.2462 11.9795 -20.9898
v -6.1683 11.9558 -20.0173
v -7.2125 14.4915 -20.3615
v -6.1683 11.9558 -20.0173
v -7.7700 12.0491 -19.1942
v -7.2125 14.4915 -20.3615
v -7.7700 12.0491 -19.1942
v -8.5893 12.1352 -20.7983
v -7.2125 14.4915 -20.3615
v -8.5893 12.1352 -20.7983
v -6.9875 12.0419 -21.6214
v -7.2125 14.4915 -20.3615
v -6.9875 12.0419 -21.6214
v -6.2462 11.9795 -20.9898
v -7.2125 14.4915 -20.3615
v -6.2462 11.9795 -20.9898
v -7.7700 12.0491 -19.1942
v -6.1683 11.9558 -20.0173
v -6.2462 11.9795 -20.9898
v -8.5893 12.1352 -20.7983
v -7.7700 12.0491 -19.1942
v -6.2462 11.9795 -20.9898
v -6.9875 12.0419 -21.6214
v -8.5893 12.1352 -20.7983
v -6.4026 13.2165 -20.8435
v -6.8389 13.2205 -19.4903
v -7.1294 15.7145 -20.3383
v -6.8389 13.2205 -19.4903
v -8.1887 13.3205 -19.9258
v -7.1294 15.7145 -20.3383
v -8.1887 13.3205 -19.9258
v -7.7524 13.3165 -21.2790
v -7.1294 15.7145 -20.3383
v -7.7524 13.3165 -21.2790
v -6.4026 13.2165 -20.8435
v -7.1294 15.7145 -20.3383
v -6.4026 13.2165 -20.8435
v -8.1887 13.3205 -19.9258
v -6.8389 13.2205 -19.4903
v -6.4026 13.2165 -20.8435
v -7.7524 13.3165 -21.2790
v -8.1887 13.3205 -19.9258
v -6.5373 14.4415 -20.1437
v -7.4307 14.4935 -19.6846
v -7.0462 16.9375 -20.3152
v -7.4307 14.4935 -19.6846
v -7.8877 14.5415 -20.5793
v -7.0462 16.9375 -20.3152
v -7.8877 14.5415 -20.5793
v -6.9943 14.4895 -21.0384
v -7.0462 16.9375 -20.3152
v -6.9943 14.4895 -21.0384
v -6.5373 14.4415 -20.1437
v -7.0462 16.9375 -20.3152
v -6.5373 14.4415 -20.1437
v -7.8877 14.5415 -20.5793
v -7.4307 14.4935 -19.6846
v -6.5373 14.4415 -20.1437
v -6.9943 14.4895 -21.0384
v -7.8877 14.5415 -20.5793
v -20.6749 11.6437 -4.3929
v -21.6887 11.6340 -4.3195
v -21.2897 14.2273 -5.5042
v -21.6887 11.6340 -4.3195
v -22.5312 11.6772 -5.9978
v -21.2897 14.2273 -5.5042
v -22.5312 11.6772 -5.9978
v -20.8524 11.7146 -6.8396
v -21.2897 14.2273 -5.5042
v -20.8524 11.7146 -6.8396
v -20.0100 11.6714 -5.1613
v -21.2897 14.2273 -5.5042
v -20.0100 11.6714 -5.1613
v -20.6749 11.6437 -4.3929
v -21.2897 14.2273 -5.5042
v -20.6749 11.6437 -4.3929
v -22.5312 11.6772 -5.9978
v -21.6887 11.6340 -4.3195
v -20.6749 11.6437 -4.3929
v -20.8524 11.7146 -6.8396
v -22.5312 11.6772 -5.9978
v -20.6749 11.6437 -4.3929
v -20.0100 11.6714 -5.1613
v -20.8524 11.7146 -6.8396
v -20.8104 12.9267 -4.6062
v -22.2161 12.9299 -5.0726
v -21.2992 15.5038 -5.4666
v -22.2161 12.9299 -5.0726
v -21.7498 12.9749 -6.4776
v -21.2992 15.5038 -5.4666
v -21.7498 12.9749 -6.4776
v -20.3442 12.9716 -6.0112
v -21.2992 15.5038 -5.4666
v -20.3442 12.9716 -6.0112
v -20.8104 12.9267 -4.6062
v -21.2992 15.5038 -5.4666
v -20.8104 12.9267 -4.6062
v -21.7498 12.9749 -6.4776
v -22.2161 12.9299 -5.0726
v -20.8104 12.9267 -4.6062
v -20.3442 12.9716 -6.0112
v -21.7498 12.9749 -6.4776
v -21.5229 14.2048 -4.8014
v -21.9929 14.2289 -5.7375
v -21.3088 16.7803 -5.4289
v -21.9929 14.2289 -5.7375
v -21.0564 14.2498 -6.2071
v -21.3088 16.7803 -5.4289
v -21.0564 14.2498 -6.2071
v -20.5865 14.2257 -5.2709
v -21.3088 16.7803 -5.4289
v -20.5865 14.2257 -5.2709
v -21.5229 14.2048 -4.8014
v -21.3088 16.7803 -5.4289
v -21.5229 14.2048 -4.8014
v -21.0564 14.2498 -6.2071
v -21.9929 14.2289 -5.7375
v -21.5229 14.2048 -4.8014
v -20.5865 14.2257 -5.2709
v -21.0564 14.2498 -6.2071
v 37.5598 13.1858 43.8237
v 38.0896 13.1978 44.2126
v 37.3226 14.8363 44.6511
v 38.0896 13.1978 44.2126
v 37.8003 13.1969 45.3922
v 37.3226 14.8363 44.6511
v 37.8003 13.1969 45.3922
v 36.6210 13.1724 45.1029
v 37.3226 14.8363 44.6511
v 36.6210 13.1724 45.1029
v 36.9102 13.1733 43.9234
v 37.3226 14.8363 44.6511
v 36.9102 13.1733 43.9234
v 37.5598 13.1858 43.8237
v 37.3226 14.8363 44.6511
v 37.5598 13.1858 43.8237
v 37.8003 13.1969 45.3922
v 38.0896 13.1978 44.2126
v 37.5598 13.1858 43.8237
v 36.6210 13.1724 45.1029
v 37.8003 13.1969 45.3922
v 37.5598 13.1858 43.8237
v 36.9102 13.1733 43.9234
v 36.6210 13.1724 45.1029
v 37.5002 14.0112 43.9968
v 37.9964 14.0244 44.8157
v 37.3063 15.6619 44.6477
v 37.9964 14.0244 44.8157
v 37.1777 14.0102 45.3120
v 37.3063 15.6619 44.6477
v 37.1777 14.0102 45.3120
v 36.6814 13.9970 44.4932
v 37.3063 15.6619 44.6477
v 36.6814 13.9970 44.4932
v 37.5002 14.0112 43.9968
v 37.3063 15.6619 44.6477
v 37.5002 14.0112 43.9968
v 37.1777 14.0102 45.3120
v 37.9964 14.0244 44.8157
v 37.5002 14.0112 43.9968
v 36.6814 13.9970 44.4932
v 37.1777 14.0102 45.3120
v 37.7322 14.8434 44.4027
v 37.5708 14.8429 45.0607
v 37.2899 16.4874 44.6443
v 37.5708 14.8429 45.0607
v 36.9130 14.8292 44.8994
v 37.2899 16.4874 44.6443
v 36.9130 14.8292 44.8994
v 37.0744 14.8297 44.2414
v 37.2899 16.4874 44.6443
v 37.0744 14.8297 44.2414
v 37.7322 14.8434 44.4027
v 37.2899 16.4874 44.6443
v 37.7322 14.8434 44.4027
v 36.9130 14.8292 44.8994
v 37.5708 14.8429 45.0607
v 37.7322 14.8434 44.4027
v 37.0744 14.8297 44.2414
v 36.9130 14.8292 44.8994
v -49.5847 9.4314 12.8431
v -49.9062 9.3903 13.6320
v -50.8716 11.4749 12.8862
v -49.9062 9.3903 13.6320
v -51.4767 9.2604 13.6370
v -50.8716 11.4749 12.8862
v -51.4767 9.2604 13.6370
v -51.4842 9.2890 12.0614
v -50.8716 11.4749 12.8862
v -51.4842 9.2890 12.0614
v -49.9137 9.4188 12.0564
v -50.8716 11.4749 12.8862
v -49.9137 9.4188 12.0564
v -49.5847 9.4314 12.8431
v -50.8716 11.4749 12.8862
v -49.5847 9.4314 12.8431
v -51.4767 9.2604 13.6370
v -49.9062 9.3903 13.6320
v -49.5847 9.4314 12.8431
v -51.4842 9.2890 12.0614
v -51.4767 9.2604 13.6370
v -49.5847 9.4314 12.8431
v -49.9137 9.4188 12.0564
v -51.4842 9.2890 12.0614
v -49.9078 10.4796 12.8636
v -50.7792 10.3913 13.7449
v -50.9598 12.5425 12.9060
v -50.7792 10.3913 13.7449
v -51.6590 10.3349 12.8693
v -50.9598 12.5425 12.9060
v -51.6590 10.3349 12.8693
v -50.7875 10.4231 11.9880
v -50.9598 12.5425 12.9060
v -50.7875 10.4231 11.9880
v -49.9078 10.4796 12.8636
v -50.9598 12.5425 12.9060
v -49.9078 10.4796 12.8636
v -51.6590 10.3349 12.8693
v -50.7792 10.3913 13.7449
v -49.9078 10.4796 12.8636
v -50.7875 10.4231 11.9880
v -51.6590 10.3349 12.8693
v -50.4315 11.5031 13.3242
v -51.3075 11.4307 13.3270
v -51.0479 13.6101 12.9257
v -51.3075 11.4307 13.3270
v -51.3117 11.4466 12.4482
v -51.0479 13.6101 12.9257
v -51.3117 11.4466 12.4482
v -50.4356 11.5190 12.4454
v -51.0479 13.6101 12.9257
v -50.4356 11.5190 12.4454
v -50.4315 11.5031 13.3242
v -51.0479 13.6101 12.9257
v -50.4315 11.5031 13.3242
v -51.3117 11.4466 12.4482
v -51.3075 11.4307 13.3270
v -50.4315 11.5031 13.3242
v -50.4356 11.5190 12.4454
v -51.3117 11.4466 12.4482
v -42.7600 12.0302 -44.0925
v -41.8193 12.0484 -44.7337
v -41.6336 14.9633 -43.3676
v -41.8193 12.0484 -44.7337
v -40.0620 12.1559 -43.5819
v -41.6336 14.9633 -43.3676
v -40.0620 12.1559 -43.5819
v -41.2155 12.1641 -41.8226
v -41.6336 14.9633 -43.3676
v -41.2155 12.1641 -41.8226
v -42.9729 12.0566 -42.9743
v -41.6336 14.9633 -43.3676
v -42.9729 12.0566 -42.9743
v -42.7600 12.0302 -44.0925
v -41.6336 14.9633 -43.3676
v -42.7600 12.0302 -44.0925
v -40.0620 12.1559 -43.5819
v -41.8193 12.0484 -44.7337
v -42.7600 12.0302 -44.0925
v -41.2155 12.1641 -41.8226
v -40.0620 12.1559 -43.5819
v -42.7600 12.0302 -44.0925
v -42.9729 12.0566 -42.9743
v -41.2155 12.1641 -41.8226
v -42.5553 13.4748 -43.9650
v -40.9324 13.5302 -44.3037
v -41.6917 16.3919 -43.4123
v -40.9324 13.5302 -44.3037
v -40.5958 13.5947 -42.6807
v -41.6917 16.3919 -43.4123
v -40.5958 13.5947 -42.6807
v -42.2187 13.5394 -42.3420
v -41.6917 16.3919 -43.4123
v -42.2187 13.5394 -42.3420
v -42.5553 13.4748 -43.9650
v -41.6917 16.3919 -43.4123
v -42.5553 13.4748 -43.9650
v -40.5958 13.5947 -42.6807
v -40.9324 13.5302 -44.3037
v -42.5553 13.4748 -43.9650
v -42.2187 13.5394 -42.3420
v -40.5958 13.5947 -42.6807
v -41.8020 14.9311 -44.1795
v -40.8218 14.9910 -43.5371
v -41.7498 17.8204 -43.4571
v -40.8218 14.9910 -43.5371
v -41.4652 14.9956 -42.5557
v -41.7498 17.8204 -43.4571
v -41.4652 14.9956 -42.5557
v -42.4454 14.9356 -43.1981
v -41.7498 17.8204 -43.4571
v -42.4454 14.9356 -43.1981
v -41.8020 14.9311 -44.1795
v -41.7498 17.8204 -43.4571
v -41.8020 14.9311 -44.1795
v -41.4652 14.9956 -42.5557
v -40.8218 14.9910 -43.5371
v -41.8020 14.9311 -44.1795
v -42.4454 14.9356 -43.1981
v -41.4652 14.9956 -42.5557
v 23.2752 14.1909 53.3280
v 21.8768 14.2316 53.6670
v 22.2190 17.7299 51.6018
v 21.8768 14.2316 53.6670
v 20.3062 14.1306 51.5227
v 22.2190 17.7299 51.6018
v 20.3062 14.1306 51.5227
v 22.4526 14.0072 49.9565
v 22.2190 17.7299 51.6018
v 22.4526 14.0072 49.9565
v 24.0231 14.1083 52.1008
v 22.2190 17.7299 51.6018
v 24.0231 14.1083 52.1008
v 23.2752 14.1909 53.3280
v 22.2190 17.7299 51.6018
v 23.2752 14.1909 53.3280
v 20.3062 14.1306 51.5227
v 21.8768 14.2316 53.6670
v 23.2752 14.1909 53.3280
v 22.4526 14.0072 49.9565
v 20.3062 14.1306 51.5227
v 23.2752 14.1909 53.3280
v 24.0231 14.1083 52.1008
v 22.4526 14.0072 49.9565
v 23.0674 15.9810 52.9023
v 20.9952 15.9934 52.5800
v 22.2461 19.5351 51.4969
v 20.9952 15.9934 52.5800
v 21.3162 15.8683 50.5113
v 22.2461 19.5351 51.4969
v 21.3162 15.8683 50.5113
v 23.3885 15.8559 50.8336
v 22.2461 19.5351 51.4969
v 23.3885 15.8559 50.8336
v 23.0674 15.9810 52.9023
v 22.2461 19.5351 51.4969
v 23.0674 15.9810 52.9023
v 21.3162 15.8683 50.5113
v 20.9952 15.9934 52.5800
v 23.0674 15.9810 52.9023
v 23.3885 15.8559 50.8336
v 21.3162 15.8683 50.5113
v 22.0584 17.7925 52.6367
v 21.1823 17.7361 51.4406
v 22.2733 21.3403 51.3919
v 21.1823 17.7361 51.4406
v 22.3796 17.6673 50.5670
v 22.2733 21.3403 51.3919
v 22.3796 17.6673 50.5670
v 23.2556 17.7237 51.7631
v 22.2733 21.3403 51.3919
v 23.2556 17.7237 51.7631
v 22.0584 17.7925 52.6367
v 22.2733 21.3403 51.3919
v 22.0584 17.7925 52.6367
v 22.3796 17.6673 50.5670
v 21.1823 17.7361 51.4406
v 22.0584 17.7925 52.6367
v 23.2556 17.7237 51.7631
v 22.3796 17.6673 50.5670
v 29.5106 11.8510 -24.2589
v 30.2328 11.7944 -23.5512
v 29.1659 14.3943 -22.9791
v 30.2328 11.7944 -23.5512
v 29.5357 11.7996 -21.8147
v 29.1659 14.3943 -22.9791
v 29.5357 11.7996 -21.8147
v 27.8026 11.9149 -22.5107
v 29.1659 14.3943 -22.9791
v 27.8026 11.9149 -22.5107
v 28.4996 11.9097 -24.2473
v 29.1659 14.3943 -22.9791
v 28.4996 11.9097 -24.2473
v 29.5106 11.8510 -24.2589
v 29.1659 14.3943 -22.9791
v 29.5106 11.8510 -24.2589
v 29.5357 11.7996 -21.8147
v 30.2328 11.7944 -23.5512
v 29.5106 11.8510 -24.2589
v 27.8026 11.9149 -22.5107
v 29.5357 11.7996 -21.8147
v 29.5106 11.8510 -24.2589
v 28.4996 11.9097 -24.2473
v 27.8026 11.9149 -22.5107
v 29.4804 13.1216 -23.9732
v 30.0580 13.0602 -22.6169
v 29.2400 15.6642 -22.9531
v 30.0580 13.0602 -22.6169
v 28.7031 13.1274 -22.0368
v 29.2400 15.6642 -22.9531
v 28.7031 13.1274 -22.0368
v 28.1255 13.1888 -23.3931
v 29.2400 15.6642 -22.9531
v 28.1255 13.1888 -23.3931
v 29.4804 13.1216 -23.9732
v 29.2400 15.6642 -22.9531
v 29.4804 13.1216 -23.9732
v 28.7031 13.1274 -22.0368
v 30.0580 13.0602 -22.6169
v 29.4804 13.1216 -23.9732
v 28.1255 13.1888 -23.3931
v 28.7031 13.1274 -22.0368
v 29.8437 14.3607 -23.2693
v 29.4548 14.3636 -22.3006
v 29.3141 16.9340 -22.9272
v 29.4548 14.3636 -22.3006
v 28.4881 14.4280 -22.6889
v 29.3141 16.9340 -22.9272
v 28.4881 14.4280 -22.6889
v 28.8769 14.4251 -23.6575
v 29.3141 16.9340 -22.9272
v 28.8769 14.4251 -23.6575
v 29.8437 14.3607 -23.2693
v 29.3141 16.9340 -22.9272
v 29.8437 14.3607 -23.2693
v 28.4881 14.4280 -22.6889
v 29.4548 14.3636 -22.3006
v 29.8437 14.3607 -23.2693
v 28.8769 14.4251 -23.6575
v 28.4881 14.4280 -22.6889
v 15.6914 12.7114 11.5605
v 16.9681 12.7412 12.4148
v 15.2099 16.5628 13.5273
v 16.9681 12.7412 12.4148
v 16.4128 12.7297 15.1989
v 15.2099 16.5628 13.5273
v 16.4128 12.7297 15.1989
v 13.6294 12.6654 14.6435
v 15.2099 16.5628 13.5273
v 13.6294 12.6654 14.6435
v 14.1847 12.6769 11.8593
v 15.2099 16.5628 13.5273
v 14.1847 12.6769 11.8593
v 15.6914 12.7114 11.5605
v 15.2099 16.5628 13.5273
v 15.6914 12.7114 11.5605
v 16.4128 12.7297 15.1989
v 16.9681 12.7412 12.4148
v 15.6914 12.7114 11.5605
v 13.6294 12.6654 14.6435
v 16.4128 12.7297 15.1989
v 15.6914 12.7114 11.5605
v 14.1847 12.6769 11.8593
v 13.6294 12.6654 14.6435
v 15.5639 14.6394 11.9760
v 16.8061 14.6689 13.8379
v 15.1655 18.4925 13.5264
v 16.8061 14.6689 13.8379
v 14.9447 14.6267 15.0804
v 15.1655 18.4925 13.5264
v 14.9447 14.6267 15.0804
v 13.7025 14.5972 13.2185
v 15.1655 18.4925 13.5264
v 13.7025 14.5972 13.2185
v 15.5639 14.6394 11.9760
v 15.1655 18.4925 13.5264
v 15.5639 14.6394 11.9760
v 14.9447 14.6267 15.0804
v 16.8061 14.6689 13.8379
v 15.5639 14.6394 11.9760
v 13.7025 14.5972 13.2185
v 14.9447 14.6267 15.0804
v 16.1411 16.5839 12.9057
v 15.8313 16.5775 14.4587
v 15.1211 20.4223 13.5254
v 15.8313 16.5775 14.4587
v 14.2788 16.5417 14.1489
v 15.1211 20.4223 13.5254
v 14.2788 16.5417 14.1489
v 14.5885 16.5481 12.5959
v 15.1211 20.4223 13.5254
v 14.5885 16.5481 12.5959
v 16.1411 16.5839 12.9057
v 15.1211 20.4223 13.5254
v 16.1411 16.5839 12.9057
v 14.2788 16.5417 14.1489
v 15.8313 16.5775 14.4587
v 16.1411 16.5839 12.9057
v 14.5885 16.5481 12.5959
v 14.2788 16.5417 14.1489
v 44.6324 12.1705 -12.8123
v 45.3513 12.1717 -13.4078
v 45.7198 14.5078 -12.2266
v 45.3513 12.1717 -13.4078
v 46.8761 12.1603 -12.6018
v 45.7198 14.5078 -12.2266
v 46.8761 12.1603 -12.6018
v 46.0700 12.1532 -11.0769
v 45.7198 14.5078 -12.2266
v 46.0700 12.1532 -11.0769
v 44.5452 12.1646 -11.8830
v 45.7198 14.5078 -12.2266
v 44.5452 12.1646 -11.8830
v 44.6324 12.1705 -12.8123
v 45.7198 14.5078 -12.2266
v 44.6324 12.1705 -12.8123
v 46.8761 12.1603 -12.6018
v 45.3513 12.1717 -13.4078
v 44.6324 12.1705 -12.8123
v 46.0700 12.1532 -11.0769
v 46.8761 12.1603 -12.6018
v 44.6324 12.1705 -12.8123
v 44.5452 12.1646 -11.8830
v 46.0700 12.1532 -11.0769
v 44.8651 13.3415 -12.6839
v 46.1647 13.3391 -13.0846
v 45.7245 15.6805 -12.2187
v 46.1647 13.3391 -13.0846
v 46.5654 13.3288 -11.7851
v 45.7245 15.6805 -12.2187
v 46.5654 13.3288 -11.7851
v 45.2659 13.3312 -11.3844
v 45.7245 15.6805 -12.2187
v 45.2659 13.3312 -11.3844
v 44.8651 13.3415 -12.6839
v 45.7245 15.6805 -12.2187
v 44.8651 13.3415 -12.6839
v 46.5654 13.3288 -11.7851
v 46.1647 13.3391 -13.0846
v 44.8651 13.3415 -12.6839
v 45.2659 13.3312 -11.3844
v 46.5654 13.3288 -11.7851
v 45.5194 14.5130 -12.8767
v 46.3699 14.5066 -12.4271
v 45.7290 16.8531 -12.2108
v 46.3699 14.5066 -12.4271
v 45.9203 14.5027 -11.5765
v 45.7290 16.8531 -12.2108
v 45.9203 14.5027 -11.5765
v 45.0698 14.5090 -12.0261
v 45.7290 16.8531 -12.2108
v 45.0698 14.5090 -12.0261
v 45.5194 14.5130 -12.8767
v 45.7290 16.8531 -12.2108
v 45.5194 14.5130 -12.8767
v 45.9203 14.5027 -11.5765
v 46.3699 14.5066 -12.4271
v 45.5194 14.5130 -12.8767
v 45.0698 14.5090 -12.0261
v 45.9203 14.5027 -11.5765
v 31.7217 12.5726 22.5162
v 32.3635 12.6516 23.4497
v 30.6427 15.3556 23.7131
v 32.3635 12.6516 23.4497
v 31.2292 12.5721 25.2131
v 30.6427 15.3556 23.7131
v 31.2292 12.5721 25.2131
v 29.4758 12.3810 24.0766
v 30.6427 15.3556 23.7131
v 29.4758 12.3810 24.0766
v 30.6101 12.4606 22.3131
v 30.6427 15.3556 23.7131
v 30.6101 12.4606 22.3131
v 31.7217 12.5726 22.5162
v 30.6427 15.3556 23.7131
v 31.7217 12.5726 22.5162
v 31.2292 12.5721 25.2131
v 32.3635 12.6516 23.4497
v 31.7217 12.5726 22.5162
v 29.4758 12.3810 24.0766
v 31.2292 12.5721 25.2131
v 31.7217 12.5726 22.5162
v 30.6101 12.4606 22.3131
v 29.4758 12.3810 24.0766
v 31.4136 13.9803 22.7549
v 31.7588 14.0425 24.3717
v 30.5042 16.7753 23.6880
v 31.7588 14.0425 24.3717
v 30.1488 13.8916 24.7212
v 30.5042 16.7753 23.6880
v 30.1488 13.8916 24.7212
v 29.8036 13.8295 23.1045
v 30.5042 16.7753 23.6880
v 29.8036 13.8295 23.1045
v 31.4136 13.9803 22.7549
v 30.5042 16.7753 23.6880
v 31.4136 13.9803 22.7549
v 30.1488 13.8916 24.7212
v 31.7588 14.0425 24.3717
v 31.4136 13.9803 22.7549
v 29.8036 13.8295 23.1045
v 30.1488 13.8916 24.7212
v 31.4481 15.4311 23.5382
v 30.8154 15.3867 24.5218
v 30.3658 18.1949 23.6630
v 30.8154 15.3867 24.5218
v 29.8373 15.2802 23.8879
v 30.3658 18.1949 23.6630
v 29.8373 15.2802 23.8879
v 30.4700 15.3245 22.9043
v 30.3658 18.1949 23.6630
v 30.4700 15.3245 22.9043
v 31.4481 15.4311 23.5382
v 30.3658 18.1949 23.6630
v 31.4481 15.4311 23.5382
v 29.8373 15.2802 23.8879
v 30.8154 15.3867 24.5218
v 31.4481 15.4311 23.5382
v 30.4700 15.3245 22.9043
v 29.8373 15.2802 23.8879
v 34.3757 11.5374 -1.9916
v 34.5124 11.5360 -1.3469
v 33.6218 13.1700 -1.4913
v 34.5124 11.5360 -1.3469
v 33.5087 11.5037 -0.6578
v 33.6218 13.1700 -1.4913
v 33.5087 11.5037 -0.6578
v 32.8197 11.4932 -1.6620
v 33.6218 13.1700 -1.4913
v 32.8197 11.4932 -1.6620
v 33.8233 11.5255 -2.3510
v 33.6218 13.1700 -1.4913
v 33.8233 11.5255 -2.3510
v 34.3757 11.5374 -1.9916
v 33.6218 13.1700 -1.4913
v 34.3757 11.5374 -1.9916
v 33.5087 11.5037 -0.6578
v 34.5124 11.5360 -1.3469
v 34.3757 11.5374 -1.9916
v 32.8197 11.4932 -1.6620
v 33.5087 11.5037 -0.6578
v 34.3757 11.5374 -1.9916
v 33.8233 11.5255 -2.3510
v 32.8197 11.4932 -1.6620
v 34.2035 12.3603 -1.8820
v 34.0281 12.3481 -0.9380
v 33.5997 13.9977 -1.4847
v 34.0281 12.3481 -0.9380
v 33.0844 12.3243 -1.1137
v 33.5997 13.9977 -1.4847
v 33.0844 12.3243 -1.1137
v 33.2598 12.3365 -2.0577
v 33.5997 13.9977 -1.4847
v 33.2598 12.3365 -2.0577
v 34.2035 12.3603 -1.8820
v 33.5997 13.9977 -1.4847
v 34.2035 12.3603 -1.8820
v 33.0844 12.3243 -1.1137
v 34.0281 12.3481 -0.9380
v 34.2035 12.3603 -1.8820
v 33.2598 12.3365 -2.0577
v 33.0844 12.3243 -1.1137
v 34.0939 13.1819 -1.4034
v 33.5341 13.1639 -1.0191
v 33.5776 14.8254 -1.4782
v 33.5341 13.1639 -1.0191
v 33.1497 13.1581 -1.5792
v 33.5776 14.8254 -1.4782
v 33.1497 13.1581 -1.5792
v 33.7095 13.1761 -1.9635
v 33.5776 14.8254 -1.4782
v 33.7095 13.1761 -1.9635
v 34.0939 13.1819 -1.4034
v 33.5776 14.8254 -1.4782
v 34.0939 13.1819 -1.4034
v 33.1497 13.1581 -1.5792
v 33.5341 13.1639 -1.0191
v 34.0939 13.1819 -1.4034
v 33.7095 13.1761 -1.9635
v 33.1497 13.1581 -1.5792
v 48.4973 12.8824 9.9394
v 49.4755 12.8709 9.6409
v 49.3673 15.4580 10.9392
v 49.4755 12.8709 9.6409
v 50.6770 12.8794 11.0997
v 49.3673 15.4580 10.9392
v 50.6770 12.8794 11.0997
v 49.2182 12.9058 12.3010
v 49.3673 15.4580 10.9392
v 49.2182 12.9058 12.3010
v 48.0167 12.8973 10.8421
v 49.3673 15.4580 10.9392
v 48.0167 12.8973 10.8421
v 48.4973 12.8824 9.9394
v 49.3673 15.4580 10.9392
v 48.4973 12.8824 9.9394
v 50.6770 12.8794 11.0997
v 49.4755 12.8709 9.6409
v 48.4973 12.8824 9.9394
v 49.2182 12.9058 12.3010
v 50.6770 12.8794 11.0997
v 48.4973 12.8824 9.9394
v 48.0167 12.8973 10.8421
v 49.2182 12.9058 12.3010
v 48.6872 14.1685 10.1417
v 50.1704 14.1585 10.2853
v 49.3775 16.7428 10.9233
v 50.1704 14.1585 10.2853
v 50.0269 14.1779 11.7684
v 49.3775 16.7428 10.9233
v 50.0269 14.1779 11.7684
v 48.5438 14.1879 11.6248
v 49.3775 16.7428 10.9233
v 48.5438 14.1879 11.6248
v 48.6872 14.1685 10.1417
v 49.3775 16.7428 10.9233
v 48.6872 14.1685 10.1417
v 50.0269 14.1779 11.7684
v 50.1704 14.1585 10.2853
v 48.6872 14.1685 10.1417
v 48.5438 14.1879 11.6248
v 50.0269 14.1779 11.7684
v 49.4390 15.4483 10.1973
v 50.1092 15.4530 11.0110
v 49.3877 18.0277 10.9075
v 50.1092 15.4530 11.0110
v 49.2955 15.4677 11.6811
v 49.3877 18.0277 10.9075
v 49.2955 15.4677 11.6811
v 48.6253 15.4630 10.8674
v 49.3877 18.0277 10.9075
v 48.6253 15.4630 10.8674
v 49.4390 15.4483 10.1973
v 49.3877 18.0277 10.9075
v 49.4390 15.4483 10.1973
v 49.2955 15.4677 11.6811
v 50.1092 15.4530 11.0110
v 49.4390 15.4483 10.1973
v 48.6253 15.4630 10.8674
v 49.2955 15.4677 11.6811
v 28.5559 13.6683 49.0548
v 27.9861 13.6982 48.0872
v 29.4754 16.5059 47.9493
v 27.9861 13.6982 48.0872
v 29.2357 13.7212 46.4302
v 29.4754 16.5059 47.9493
v 29.2357 13.7212 46.4302
v 30.8928 13.6708 47.6790
v 29.4754 16.5059 47.9493
v 30.8928 13.6708 47.6790
v 29.6432 13.6478 49.3361
v 29.4754 16.5059 47.9493
v 29.6432 13.6478 49.3361
v 28.5559 13.6683 49.0548
v 29.4754 16.5059 47.9493
v 28.5559 13.6683 49.0548
v 29.2357 13.7212 46.4302
v 27.9861 13.6982 48.0872
v 28.5559 13.6683 49.0548
v 30.8928 13.6708 47.6790
v 29.2357 13.7212 46.4302
v 28.5559 13.6683 49.0548
v 29.6432 13.6478 49.3361
v 30.8928 13.6708 47.6790
v 28.7607 15.0824 48.8401
v 28.5336 15.1233 47.2200
v 29.4933 17.9165 47.9824
v 28.5336 15.1233 47.2200
v 30.1541 15.1080 46.9924
v 29.4933 17.9165 47.9824
v 30.1541 15.1080 46.9924
v 30.3812 15.0671 48.6125
v 29.4933 17.9165 47.9824
v 30.3812 15.0671 48.6125
v 28.7607 15.0824 48.8401
v 29.4933 17.9165 47.9824
v 28.7607 15.0824 48.8401
v 30.1541 15.1080 46.9924
v 28.5336 15.1233 47.2200
v 28.7607 15.0824 48.8401
v 30.3812 15.0671 48.6125
v 30.1541 15.1080 46.9924
v 28.6647 16.5135 48.0632
v 29.3617 16.5263 47.1389
v 29.5113 19.3272 48.0155
v 29.3617 16.5263 47.1389
v 30.2860 16.4982 47.8355
v 29.5113 19.3272 48.0155
v 30.2860 16.4982 47.8355
v 29.5890 16.4854 48.7598
v 29.5113 19.3272 48.0155
v 29.5890 16.4854 48.7598
v 28.6647 16.5135 48.0632
v 29.5113 19.3272 48.0155
v 28.6647 16.5135 48.0632
v 30.2860 16.4982 47.8355
v 29.3617 16.5263 47.1389
v 28.6647 16.5135 48.0632
v 29.5890 16.4854 48.7598
v 30.2860 16.4982 47.8355
v 16.4740 12.3026 -34.2352
v 16.7681 12.2314 -34.9501
v 17.6024 14.1839 -34.3801
v 16.7681 12.2314 -34.9501
v 18.2000 12.1460 -34.9487
v 17.6024 14.1839 -34.3801
v 18.2000 12.1460 -34.9487
v 18.2050 12.2532 -33.5183
v 17.6024 14.1839 -34.3801
v 18.2050 12.2532 -33.5183
v 16.7731 12.3386 -33.5197
v 17.6024 14.1839 -34.3801
v 16.7731 12.3386 -33.5197
v 16.4740 12.3026 -34.2352
v 17.6024 14.1839 -34.3801
v 16.4740 12.3026 -34.2352
v 18.2000 12.1460 -34.9487
v 16.7681 12.2314 -34.9501
v 16.4740 12.3026 -34.2352
v 18.2050 12.2532 -33.5183
v 18.2000 12.1460 -34.9487
v 16.4740 12.3026 -34.2352
v 16.7731 12.3386 -33.5197
v 18.2050 12.2532 -33.5183
v 16.7462 13.2607 -34.3079
v 17.5417 13.1533 -35.1046
v 17.6604 15.1547 -34.4530
v 17.5417 13.1533 -35.1046
v 18.3428 13.1655 -34.3064
v 17.6604 15.1547 -34.4530
v 18.3428 13.1655 -34.3064
v 17.5473 13.2728 -33.5097
v 17.6604 15.1547 -34.4530
v 17.5473 13.2728 -33.5097
v 16.7462 13.2607 -34.3079
v 17.6604 15.1547 -34.4530
v 16.7462 13.2607 -34.3079
v 18.3428 13.1655 -34.3064
v 17.5417 13.1533 -35.1046
v 16.7462 13.2607 -34.3079
v 17.5473 13.2728 -33.5097
v 18.3428 13.1655 -34.3064
v 17.2017 14.1778 -34.7794
v 18.0004 14.1302 -34.7786
v 17.7183 16.1255 -34.5260
v 18.0004 14.1302 -34.7786
v 18.0032 14.1900 -33.9808
v 17.7183 16.1255 -34.5260
v 18.0032 14.1900 -33.9808
v 17.2045 14.2376 -33.9815
v 17.7183 16.1255 -34.5260
v 17.2045 14.2376 -33.9815
v 17.2017 14.1778 -34.7794
v 17.7183 16.1255 -34.5260
v 17.2017 14.1778 -34.7794
v 18.0032 14.1900 -33.9808
v 18.0004 14.1302 -34.7786
v 17.2017 14.1778 -34.7794
v 17.2045 14.2376 -33.9815
v 18.0032 14.1900 -33.9808
v -27.4516 12.9166 -47.8503
v -27.0052 12.8367 -48.7787
v -25.9802 15.4443 -47.9352
v -27.0052 12.8367 -48.7787
v -25.1012 12.7516 -48.6688
v -25.9802 15.4443 -47.9352
v -25.1012 12.7516 -48.6688
v -25.2053 12.8761 -46.7666
v -25.9802 15.4443 -47.9352
v -25.2053 12.8761 -46.7666
v -27.1094 12.9612 -46.8765
v -25.9802 15.4443 -47.9352
v -27.1094 12.9612 -46.8765
v -27.4516 12.9166 -47.8503
v -25.9802 15.4443 -47.9352
v -27.4516 12.9166 -47.8503
v -25.1012 12.7516 -48.6688
v -27.0052 12.8367 -48.7787
v -27.4516 12.9166 -47.8503
v -25.2053 12.8761 -46.7666
v -25.1012 12.7516 -48.6688
v -27.4516 12.9166 -47.8503
v -27.1094 12.9612 -46.8765
v -25.2053 12.8761 -46.7666
v -27.1043 14.1978 -47.9151
v -25.9846 14.0809 -48.9144
v -25.9176 16.7383 -48.0164
v -25.9846 14.0809 -48.9144
v -24.9812 14.1029 -47.7927
v -25.9176 16.7383 -48.0164
v -24.9812 14.1029 -47.7927
v -26.1008 14.2197 -46.7934
v -25.9176 16.7383 -48.0164
v -26.1008 14.2197 -46.7934
v -27.1043 14.1978 -47.9151
v -25.9176 16.7383 -48.0164
v -27.1043 14.1978 -47.9151
v -24.9812 14.1029 -47.7927
v -25.9846 14.0809 -48.9144
v -27.1043 14.1978 -47.9151
v -26.1008 14.2197 -46.7934
v -24.9812 14.1029 -47.7927
v -26.4822 15.4333 -48.4963
v -25.4201 15.3858 -48.4350
v -25.8551 18.0322 -48.0977
v -25.4201 15.3858 -48.4350
v -25.4782 15.4553 -47.3740
v -25.8551 18.0322 -48.0977
v -25.4782 15.4553 -47.3740
v -26.5403 15.5028 -47.4353
v -25.8551 18.0322 -48.0977
v -26.5403 15.5028 -47.4353
v -26.4822 15.4333 -48.4963
v -25.8551 18.0322 -48.0977
v -26.4822 15.4333 -48.4963
v -25.4782 15.4553 -47.3740
v -25.4201 15.3858 -48.4350
v -26.4822 15.4333 -48.4963
v -26.5403 15.5028 -47.4353
v -25.4782 15.4553 -47.3740
v 15.4356 11.4469 -2.0102
v 14.6463 11.3914 -1.3887
v 14.1424 13.9120 -2.6185
v 14.6463 11.3914 -1.3887
v 13.0278 11.3090 -2.2999
v 14.1424 13.9120 -2.6185
v 13.0278 11.3090 -2.2999
v 13.9362 11.3857 -3.9202
v 14.1424 13.9120 -2.6185
v 13.9362 11.3857 -3.9202
v 15.5546 11.4681 -3.0090
v 14.1424 13.9120 -2.6185
v 15.5546 11.4681 -3.0090
v 15.4356 11.4469 -2.0102
v 14.1424 13.9120 -2.6185
v 15.4356 11.4469 -2.0102
v 13.0278 11.3090 -2.2999
v 14.6463 11.3914 -1.3887
v 15.4356 11.4469 -2.0102
v 13.9362 11.3857 -3.9202
v 13.0278 11.3090 -2.2999
v 15.4356 11.4469 -2.0102
v 15.5546 11.4681 -3.0090
v 13.9362 11.3857 -3.9202
v 15.1191 12.6962 -2.1284
v 13.7104 12.6075 -1.7331
v 14.0679 15.1737 -2.6005
v 13.7104 12.6075 -1.7331
v 13.3145 12.6043 -3.1444
v 14.0679 15.1737 -2.6005
v 13.3145 12.6043 -3.1444
v 14.7232 12.6930 -3.5398
v 14.0679 15.1737 -2.6005
v 14.7232 12.6930 -3.5398
v 15.1191 12.6962 -2.1284
v 14.0679 15.1737 -2.6005
v 15.1191 12.6962 -2.1284
v 13.3145 12.6043 -3.1444
v 13.7104 12.6075 -1.7331
v 15.1191 12.6962 -2.1284
v 14.7232 12.6930 -3.5398
v 13.3145 12.6043 -3.1444
v 14.3404 13.9136 -1.9124
v 13.4377 13.8676 -2.4207
v 13.9935 16.4354 -2.5825
v 13.4377 13.8676 -2.4207
v 13.9443 13.9103 -3.3245
v 13.9935 16.4354 -2.5825
v 13.9443 13.9103 -3.3245
v 14.8471 13.9563 -2.8162
v 13.9935 16.4354 -2.5825
v 14.8471 13.9563 -2.8162
v 14.3404 13.9136 -1.9124
v 13.9935 16.4354 -2.5825
v 14.3404 13.9136 -1.9124
v 13.9443 13.9103 -3.3245
v 13.4377 13.8676 -2.4207
v 14.3404 13.9136 -1.9124
v 14.8471 13.9563 -2.8162
v 13.9443 13.9103 -3.3245
v -17.6599 11.1343 8.8960
v -17.3435 11.1314 8.1235
v -16.6566 13.2746 8.8481
v -17.3435 11.1314 8.1235
v -15.8022 11.1949 8.1167
v -16.6566 13.2746 8.8481
v -15.8022 11.1949 8.1167
v -15.7967 11.2269 9.6590
v -16.6566 13.2746 8.8481
v -15.7967 11.2269 9.6590
v -17.3380 11.1634 9.6657
v -16.6566 13.2746 8.8481
v -17.3380 11.1634 9.6657
v -17.6599 11.1343 8.8960
v -16.6566 13.2746 8.8481
v -17.6599 11.1343 8.8960
v -15.8022 11.1949 8.1167
v -17.3435 11.1314 8.1235
v -17.6599 11.1343 8.8960
v -15.7967 11.2269 9.6590
v -15.8022 11.1949 8.1167
v -17.6599 11.1343 8.8960
v -17.3380 11.1634 9.6657
v -15.7967 11.2269 9.6590
v -17.4726 12.1915 8.8735
v -16.6164 12.2090 8.0098
v -16.6999 14.3222 8.8266
v -16.6164 12.2090 8.0098
v -15.7541 12.2623 8.8659
v -16.6999 14.3222 8.8266
v -15.7541 12.2623 8.8659
v -16.6103 12.2447 9.7295
v -16.6999 14.3222 8.8266
v -16.6103 12.2447 9.7295
v -17.4726 12.1915 8.8735
v -16.6999 14.3222 8.8266
v -17.4726 12.1915 8.8735
v -15.7541 12.2623 8.8659
v -16.6164 12.2090 8.0098
v -17.4726 12.1915 8.8735
v -16.6103 12.2447 9.7295
v -15.7541 12.2623 8.8659
v -17.0880 13.2479 8.4199
v -16.2283 13.2834 8.4161
v -16.7431 15.3699 8.8050
v -16.2283 13.2834 8.4161
v -16.2252 13.3012 9.2764
v -16.7431 15.3699 8.8050
v -16.2252 13.3012 9.2764
v -17.0849 13.2658 9.2801
v -16.7431 15.3699 8.8050
v -17.0849 13.2658 9.2801
v -17.0880 13.2479 8.4199
v -16.7431 15.3699 8.8050
v -17.0880 13.2479 8.4199
v -16.2252 13.3012 9.2764
v -16.2283 13.2834 8.4161
v -17.0880 13.2479 8.4199
v -17.0849 13.2658 9.2801
v -16.2252 13.3012 9.2764
v 21.4173 11.2120 -8.9557
v 22.0207 11.2273 -9.3054
v 22.0952 12.9835 -8.4038
v 22.0207 11.2273 -9.3054
v 23.0440 11.2548 -8.5221
v 22.0952 12.9835 -8.4038
v 23.0440 11.2548 -8.5221
v 22.2610 11.2356 -7.4985
v 22.0952 12.9835 -8.4038
v 22.2610 11.2356 -7.4985
v 21.2377 11.2081 -8.2817
v 22.0952 12.9835 -8.4038
v 21.2377 11.2081 -8.2817
v 21.4173 11.2120 -8.9557
v 22.0952 12.9835 -8.4038
v 21.4173 11.2120 -8.9557
v 23.0440 11.2548 -8.5221
v 22.0207 11.2273 -9.3054
v 21.4173 11.2120 -8.9557
v 22.2610 11.2356 -7.4985
v 23.0440 11.2548 -8.5221
v 21.4173 11.2120 -8.9557
v 21.2377 11.2081 -8.2817
v 22.2610 11.2356 -7.4985
v 21.5475 12.0922 -8.8395
v 22.5546 12.1182 -8.9736
v 22.0724 13.8596 -8.4048
v 22.5546 12.1182 -8.9736
v 22.6885 12.1228 -7.9662
v 22.0724 13.8596 -8.4048
v 22.6885 12.1228 -7.9662
v 21.6815 12.0967 -7.8322
v 22.0724 13.8596 -8.4048
v 21.6815 12.0967 -7.8322
v 21.5475 12.0922 -8.8395
v 22.0724 13.8596 -8.4048
v 21.5475 12.0922 -8.8395
v 22.6885 12.1228 -7.9662
v 22.5546 12.1182 -8.9736
v 21.5475 12.0922 -8.8395
v 21.6815 12.0967 -7.8322
v 22.6885 12.1228 -7.9662
v 22.0282 12.9812 -8.9078
v 22.5990 12.9966 -8.4709
v 22.0496 14.7356 -8.4058
v 22.5990 12.9966 -8.4709
v 22.1622 12.9858 -7.8999
v 22.0496 14.7356 -8.4058
v 22.1622 12.9858 -7.8999
v 21.5914 12.9705 -8.3368
v 22.0496 14.7356 -8.4058
v 21.5914 12.9705 -8.3368
v 22.0282 12.9812 -8.9078
v 22.0496 14.7356 -8.4058
v 22.0282 12.9812 -8.9078
v 22.1622 12.9858 -7.8999
v 22.5990 12.9966 -8.4709
v 22.0282 12.9812 -8.9078
v 21.5914 12.9705 -8.3368
v 22.1622 12.9858 -7.8999
v 3.4306 12.8051 -28.1208
v 4.2727 12.8330 -27.1109
v 2.5980 16.1297 -26.6622
v 4.2727 12.8330 -27.1109
v 3.1436 12.8623 -24.9591
v 2.5980 16.1297 -26.6622
v 3.1436 12.8623 -24.9591
v 0.9917 12.8185 -26.0875
v 2.5980 16.1297 -26.6622
v 0.9917 12.8185 -26.0875
v 2.1208 12.7893 -28.2394
v 2.5980 16.1297 -26.6622
v 2.1208 12.7893 -28.2394
v 3.4306 12.8051 -28.1208
v 2.5980 16.1297 -26.6622
v 3.4306 12.8051 -28.1208
v 3.1436 12.8623 -24.9591
v 4.2727 12.8330 -27.1109
v 3.4306 12.8051 -28.1208
v 0.9917 12.8185 -26.0875
v 3.1436 12.8623 -24.9591
v 3.4306 12.8051 -28.1208
v 2.1208 12.7893 -28.2394
v 0.9917 12.8185 -26.0875
v 3.2446 14.4614 -27.8304
v 3.8148 14.5022 -26.0015
v 2.5809 17.7817 -26.6936
v 3.8148 14.5022 -26.0015
v 1.9856 14.4941 -25.4310
v 2.5809 17.7817 -26.6936
v 1.9856 14.4941 -25.4310
v 1.4153 14.4533 -27.2599
v 2.5809 17.7817 -26.6936
v 1.4153 14.4533 -27.2599
v 3.2446 14.4614 -27.8304
v 2.5809 17.7817 -26.6936
v 3.2446 14.4614 -27.8304
v 1.9856 14.4941 -25.4310
v 3.8148 14.5022 -26.0015
v 3.2446 14.4614 -27.8304
v 1.4153 14.4533 -27.2599
v 1.9856 14.4941 -25.4310
v 3.5130 16.1337 -26.9476
v 2.8833 16.1501 -25.7473
v 2.5638 19.4336 -26.7251
v 2.8833 16.1501 -25.7473
v 1.6829 16.1257 -26.3767
v 2.5638 19.4336 -26.7251
v 1.6829 16.1257 -26.3767
v 2.3127 16.1093 -27.5770
v 2.5638 19.4336 -26.7251
v 2.3127 16.1093 -27.5770
v 3.5130 16.1337 -26.9476
v 2.5638 19.4336 -26.7251
v 3.5130 16.1337 -26.9476
v 1.6829 16.1257 -26.3767
v 2.8833 16.1501 -25.7473
v 3.5130 16.1337 -26.9476
v 2.3127 16.1093 -27.5770
v 1.6829 16.1257 -26.3767
v -36.7981 11.6158 -14.4186
v -35.7758 11.7200 -13.6632
v -37.4819 14.7994 -12.8558
v -35.7758 11.7200 -13.6632
v -36.3402 11.7091 -11.3753
v -37.4819 14.7994 -12.8558
v -36.3402 11.7091 -11.3753
v -38.6186 11.4961 -11.9384
v -37.4819 14.7994 -12.8558
v -38.6186 11.4961 -11.9384
v -38.0541 11.5070 -14.2263
v -37.4819 14.7994 -12.8558
v -38.0541 11.5070 -14.2263
v -36.7981 11.6158 -14.4186
v -37.4819 14.7994 -12.8558
v -36.7981 11.6158 -14.4186
v -36.3402 11.7091 -11.3753
v -35.7758 11.7200 -13.6632
v -36.7981 11.6158 -14.4186
v -38.6186 11.4961 -11.9384
v -36.3402 11.7091 -11.3753
v -36.7981 11.6158 -14.4186
v -38.0541 11.5070 -14.2263
v -38.6186 11.4961 -11.9384
v -37.0249 13.2098 -14.1039
v -36.0693 13.3225 -12.5144
v -37.6243 16.3950 -12.8834
v -36.0693 13.3225 -12.5144
v -37.6542 13.1976 -11.5527
v -37.6243 16.3950 -12.8834
v -37.6542 13.1976 -11.5527
v -38.6098 13.0850 -13.1422
v -37.6243 16.3950 -12.8834
v -38.6098 13.0850 -13.1422
v -37.0249 13.2098 -14.1039
v -37.6243 16.3950 -12.8834
v -37.0249 13.2098 -14.1039
v -37.6542 13.1976 -11.5527
v -36.0693 13.3225 -12.5144
v -37.0249 13.2098 -14.1039
v -38.6098 13.0850 -13.1422
v -37.6542 13.1976 -11.5527
v -36.6891 14.8618 -13.3369
v -37.0039 14.8557 -12.0607
v -37.7667 17.9907 -12.9109
v -37.0039 14.8557 -12.0607
v -38.2748 14.7369 -12.3748
v -37.7667 17.9907 -12.9109
v -38.2748 14.7369 -12.3748
v -37.9599 14.7430 -13.6510
v -37.7667 17.9907 -12.9109
v -37.9599 14.7430 -13.6510
v -36.6891 14.8618 -13.3369
v -37.7667 17.9907 -12.9109
v -36.6891 14.8618 -13.3369
v -38.2748 14.7369 -12.3748
v -37.0039 14.8557 -12.0607
v -36.6891 14.8618 -13.3369
v -37.9599 14.7430 -13.6510
v -38.2748 14.7369 -12.3748
v 51.0191 12.3574 -4.5895
v 51.5139 12.3901 -5.2208
v 52.0094 14.3699 -4.2193
v 51.5139 12.3901 -5.2208
v 52.9428 12.3868 -4.8227
v 52.0094 14.3699 -4.2193
v 52.9428 12.3868 -4.8227
v 52.5450 12.3200 -3.3954
v 52.0094 14.3699 -4.2193
v 52.5450 12.3200 -3.3954
v 51.1161 12.3233 -3.7934
v 52.0094 14.3699 -4.2193
v 51.1161 12.3233 -3.7934
v 51.0191 12.3574 -4.5895
v 52.0094 14.3699 -4.2193
v 51.0191 12.3574 -4.5895
v 52.9428 12.3868 -4.8227
v 51.5139 12.3901 -5.2208
v 51.0191 12.3574 -4.5895
v 52.5450 12.3200 -3.3954
v 52.9428 12.3868 -4.8227
v 51.0191 12.3574 -4.5895
v 51.1161 12.3233 -3.7934
v 52.5450 12.3200 -3.3954
v 51.2228 13.3643 -4.4856
v 52.2412 13.3998 -5.0595
v 51.9994 15.3774 -4.1749
v 52.2412 13.3998 -5.0595
v 52.8160 13.3606 -4.0418
v 51.9994 15.3774 -4.1749
v 52.8160 13.3606 -4.0418
v 51.7977 13.3252 -3.4679
v 51.9994 15.3774 -4.1749
v 51.7977 13.3252 -3.4679
v 51.2228 13.3643 -4.4856
v 51.9994 15.3774 -4.1749
v 51.2228 13.3643 -4.4856
v 52.8160 13.3606 -4.0418
v 52.2412 13.3998 -5.0595
v 51.2228 13.3643 -4.4856
v 51.7977 13.3252 -3.4679
v 52.8160 13.3606 -4.0418
v 51.7218 14.3895 -4.7284
v 52.5188 14.3876 -4.5064
v 51.9893 16.3848 -4.1305
v 52.5188 14.3876 -4.5064
v 52.2970 14.3504 -3.7102
v 51.9893 16.3848 -4.1305
v 52.2970 14.3504 -3.7102
v 51.5000 14.3522 -3.9322
v 51.9893 16.3848 -4.1305
v 51.5000 14.3522 -3.9322
v 51.7218 14.3895 -4.7284
v 51.9893 16.3848 -4.1305
v 51.7218 14.3895 -4.7284
v 52.2970 14.3504 -3.7102
v 52.5188 14.3876 -4.5064
v 51.7218 14.3895 -4.7284
v 51.5000 14.3522 -3.9322
v 52.2970 14.3504 -3.7102
v -29.3258 13.2551 48.4107
v -28.6810 13.3261 49.2778
v -30.2950 15.9149 49.5898
v -28.6810 13.3261 49.2778
v -29.7008 13.2562 50.9979
v -30.2950 15.9149 49.5898
v -29.7008 13.2562 50.9979
v -31.4126 13.0854 49.9761
v -30.2950 15.9149 49.5898
v -31.4126 13.0854 49.9761
v -30.3929 13.1552 48.2560
v -30.2950 15.9149 49.5898
v -30.3929 13.1552 48.2560
v -29.3258 13.2551 48.4107
v -30.2950 15.9149 49.5898
v -29.3258 13.2551 48.4107
v -29.7008 13.2562 50.9979
v -28.6810 13.3261 49.2778
v -29.3258 13.2551 48.4107
v -31.4126 13.0854 49.9761
v -29.7008 13.2562 50.9979
v -29.3258 13.2551 48.4107
v -30.3929 13.1552 48.2560
v -31.4126 13.0854 49.9761
v -29.6024 14.5993 48.6494
v -29.2166 14.6556 50.1780
v -30.4191 17.2695 49.5713
v -29.2166 14.6556 50.1780
v -30.7395 14.5214 50.5674
v -30.4191 17.2695 49.5713
v -30.7395 14.5214 50.5674
v -31.1253 14.4651 49.0387
v -30.4191 17.2695 49.5713
v -31.1253 14.4651 49.0387
v -29.6024 14.5993 48.6494
v -30.4191 17.2695 49.5713
v -29.6024 14.5993 48.6494
v -30.7395 14.5214 50.5674
v -29.2166 14.6556 50.1780
v -29.6024 14.5993 48.6494
v -31.1253 14.4651 49.0387
v -30.7395 14.5214 50.5674
v -29.5332 15.9820 49.3951
v -30.1020 15.9431 50.3545
v -30.5432 18.6241 49.5527
v -30.1020 15.9431 50.3545
v -31.0569 15.8478 49.7846
v -30.5432 18.6241 49.5527
v -31.0569 15.8478 49.7846
v -30.4880 15.8868 48.8251
v -30.5432 18.6241 49.5527
v -30.4880 15.8868 48.8251
v -29.5332 15.9820 49.3951
v -30.5432 18.6241 49.5527
v -29.5332 15.9820 49.3951
v -31.0569 15.8478 49.7846
v -30.1020 15.9431 50.3545
v -29.5332 15.9820 49.3951
v -30.4880 15.8868 48.8251
v -31.0569 15.8478 49.7846
v -22.9888 12.1441 -32.3829
v -23.3875 12.1171 -33.0838
v -22.4375 14.1896 -33.2394
v -23.3875 12.1171 -33.0838
v -22.4736 12.1461 -34.2615
v -22.4375 14.1896 -33.2394
v -22.4736 12.1461 -34.2615
v -21.2976 12.2120 -33.3473
v -22.4375 14.1896 -33.2394
v -21.2976 12.2120 -33.3473
v -22.2115 12.1830 -32.1697
v -22.4375 14.1896 -33.2394
v -22.2115 12.1830 -32.1697
v -22.9888 12.1441 -32.3829
v -22.4375 14.1896 -33.2394
v -22.9888 12.1441 -32.3829
v -22.4736 12.1461 -34.2615
v -23.3875 12.1171 -33.0838
v -22.9888 12.1441 -32.3829
v -21.2976 12.2120 -33.3473
v -22.4736 12.1461 -34.2615
v -22.9888 12.1441 -32.3829
v -22.2115 12.1830 -32.1697
v -21.2976 12.2120 -33.3473
v -22.8995 13.1609 -32.5709
v -23.0456 13.1404 -33.7372
v -22.4849 15.2021 -33.2513
v -23.0456 13.1404 -33.7372
v -21.8805 13.1932 -33.8841
v -22.4849 15.2021 -33.2513
v -21.8805 13.1932 -33.8841
v -21.7344 13.2138 -32.7178
v -22.4849 15.2021 -33.2513
v -21.7344 13.2138 -32.7178
v -22.8995 13.1609 -32.5709
v -22.4849 15.2021 -33.2513
v -22.8995 13.1609 -32.5709
v -21.8805 13.1932 -33.8841
v -23.0456 13.1404 -33.7372
v -22.8995 13.1609 -32.5709
v -21.7344 13.2138 -32.7178
v -21.8805 13.1932 -33.8841
v -23.0203 14.1631 -33.1659
v -22.5105 14.1793 -33.8228
v -22.5323 16.2146 -33.2632
v -22.5105 14.1793 -33.8228
v -21.8546 14.2160 -33.3129
v -22.5323 16.2146 -33.2632
v -21.8546 14.2160 -33.3129
v -22.3644 14.1999 -32.6560
v -22.5323 16.2146 -33.2632
v -22.3644 14.1999 -32.6560
v -23.0203 14.1631 -33.1659
v -22.5323 16.2146 -33.2632
v -23.0203 14.1631 -33.1659
v -21.8546 14.2160 -33.3129
v -22.5105 14.1793 -33.8228
v -23.0203 14.1631 -33.1659
v -22.3644 14.1999 -32.6560
v -21.8546 14.2160 -33.3129
v 43.8992 12.6402 15.3654
v 44.8874 12.4953 15.1798
v 44.9763 15.0983 16.4017
v 44.8874 12.4953 15.1798
v 45.9071 12.3989 16.7527
v 44.9763 15.0983 16.4017
v 45.9071 12.3989 16.7527
v 44.3531 12.6486 17.7754
v 44.9763 15.0983 16.4017
v 44.3531 12.6486 17.7754
v 43.3334 12.7451 16.2025
v 44.9763 15.0983 16.4017
v 43.3334 12.7451 16.2025
v 43.8992 12.6402 15.3654
v 44.9763 15.0983 16.4017
v 43.8992 12.6402 15.3654
v 45.9071 12.3989 16.7527
v 44.8874 12.4953 15.1798
v 43.8992 12.6402 15.3654
v 44.3531 12.6486 17.7754
v 45.9071 12.3989 16.7527
v 43.8992 12.6402 15.3654
v 43.3334 12.7451 16.2025
v 44.3531 12.6486 17.7754
v 44.2298 13.8889 15.5627
v 45.6647 13.6959 15.8694
v 45.1544 16.3614 16.3637
v 45.6647 13.6959 15.8694
v 45.3668 13.7814 17.3166
v 45.1544 16.3614 16.3637
v 45.3668 13.7814 17.3166
v 43.9319 13.9744 17.0098
v 45.1544 16.3614 16.3637
v 43.9319 13.9744 17.0098
v 44.2298 13.8889 15.5627
v 45.1544 16.3614 16.3637
v 44.2298 13.8889 15.5627
v 45.3668 13.7814 17.3166
v 45.6647 13.6959 15.8694
v 44.2298 13.8889 15.5627
v 43.9319 13.9744 17.0098
v 45.3668 13.7814 17.3166
v 45.1253 15.0555 15.6777
v 45.6941 15.0017 16.5551
v 45.3324 17.6246 16.3257
v 45.6941 15.0017 16.5551
v 44.8273 15.1410 17.1256
v 45.3324 17.6246 16.3257
v 44.8273 15.1410 17.1256
v 44.2585 15.1948 16.2482
v 45.3324 17.6246 16.3257
v 44.2585 15.1948 16.2482
v 45.1253 15.0555 15.6777
v 45.3324 17.6246 16.3257
v 45.1253 15.0555 15.6777
v 44.8273 15.1410 17.1256
v 45.6941 15.0017 16.5551
v 45.1253 15.0555 15.6777
v 44.2585 15.1948 16.2482
v 44.8273 15.1410 17.1256
v -48.6378 10.3346 -15.8082
v -48.0306 10.3261 -16.3165
v -47.6018 12.2347 -15.2194
v -48.0306 10.3261 -16.3165
v -46.7373 10.2087 -15.6420
v -47.6018 12.2347 -15.2194
v -46.7373 10.2087 -15.6420
v -47.4161 10.1773 -14.3460
v -47.6018 12.2347 -15.2194
v -47.4161 10.1773 -14.3460
v -48.7094 10.2946 -15.0205
v -47.6018 12.2347 -15.2194
v -48.7094 10.2946 -15.0205
v -48.6378 10.3346 -15.8082
v -47.6018 12.2347 -15.2194
v -48.6378 10.3346 -15.8082
v -46.7373 10.2087 -15.6420
v -48.0306 10.3261 -16.3165
v -48.6378 10.3346 -15.8082
v -47.4161 10.1773 -14.3460
v -46.7373 10.2087 -15.6420
v -48.6378 10.3346 -15.8082
v -48.7094 10.2946 -15.0205
v -47.4161 10.1773 -14.3460
v -48.3836 11.3086 -15.6514
v -47.2841 11.2607 -15.9979
v -47.5410 13.2262 -15.1635
v -47.2841 11.2607 -15.9979
v -46.9415 11.1778 -14.8993
v -47.5410 13.2262 -15.1635
v -46.9415 11.1778 -14.8993
v -48.0410 11.2256 -14.5528
v -47.5410 13.2262 -15.1635
v -48.0410 11.2256 -14.5528
v -48.3836 11.3086 -15.6514
v -47.5410 13.2262 -15.1635
v -48.3836 11.3086 -15.6514
v -46.9415 11.1778 -14.8993
v -47.2841 11.2607 -15.9979
v -48.3836 11.3086 -15.6514
v -48.0410 11.2256 -14.5528
v -46.9415 11.1778 -14.8993
v -47.7731 12.2762 -15.7690
v -47.0518 12.2107 -15.3928
v -47.4802 14.2177 -15.1076
v -47.0518 12.2107 -15.3928
v -47.4304 12.1932 -14.6699
v -47.4802 14.2177 -15.1076
v -47.4304 12.1932 -14.6699
v -48.1517 12.2586 -15.0461
v -47.4802 14.2177 -15.1076
v -48.1517 12.2586 -15.0461
v -47.7731 12.2762 -15.7690
v -47.4802 14.2177 -15.1076
v -47.7731 12.2762 -15.7690
v -47.4304 12.1932 -14.6699
v -47.0518 12.2107 -15.3928
v -47.7731 12.2762 -15.7690
v -48.1517 12.2586 -15.0461
v -47.4304 12.1932 -14.6699
v 27.0536 12.0946 -25.6983
v 26.4481 12.0428 -24.6447
v 25.6783 15.2520 -25.6315
v 26.4481 12.0428 -24.6447
v 24.2242 12.2112 -24.9216
v 25.6783 15.2520 -25.6315
v 24.2242 12.2112 -24.9216
v 24.5139 12.3845 -27.1435
v 25.6783 15.2520 -25.6315
v 24.5139 12.3845 -27.1435
v 26.7379 12.2161 -26.8666
v 25.6783 15.2520 -25.6315
v 26.7379 12.2161 -26.8666
v 27.0536 12.0946 -25.6983
v 25.6783 15.2520 -25.6315
v 27.0536 12.0946 -25.6983
v 24.2242 12.2112 -24.9216
v 26.4481 12.0428 -24.6447
v 27.0536 12.0946 -25.6983
v 24.5139 12.3845 -27.1435
v 24.2242 12.2112 -24.9216
v 27.0536 12.0946 -25.6983
v 26.7379 12.2161 -26.8666
v 24.5139 12.3845 -27.1435
v 26.8196 13.6390 -25.6084
v 25.4181 13.6362 -24.5240
v 25.7770 16.7712 -25.5001
v 25.4181 13.6362 -24.5240
v 24.3398 13.8267 -25.9172
v 25.7770 16.7712 -25.5001
v 24.3398 13.8267 -25.9172
v 25.7412 13.8294 -27.0015
v 25.7770 16.7712 -25.5001
v 25.7412 13.8294 -27.0015
v 26.8196 13.6390 -25.6084
v 25.7770 16.7712 -25.5001
v 26.8196 13.6390 -25.6084
v 24.3398 13.8267 -25.9172
v 25.4181 13.6362 -24.5240
v 26.8196 13.6390 -25.6084
v 25.7412 13.8294 -27.0015
v 24.3398 13.8267 -25.9172
v 26.2177 15.1567 -24.9345
v 24.9772 15.2506 -25.0890
v 25.8756 18.2904 -25.3688
v 24.9772 15.2506 -25.0890
v 25.1389 15.3473 -26.3284
v 25.8756 18.2904 -25.3688
v 25.1389 15.3473 -26.3284
v 26.3794 15.2534 -26.1739
v 25.8756 18.2904 -25.3688
v 26.3794 15.2534 -26.1739
v 26.2177 15.1567 -24.9345
v 25.8756 18.2904 -25.3688
v 26.2177 15.1567 -24.9345
v 25.1389 15.3473 -26.3284
v 24.9772 15.2506 -25.0890
v 26.2177 15.1567 -24.9345
v 26.3794 15.2534 -26.1739
v 25.1389 15.3473 -26.3284
v -26.0593 11.2344 14.4486
v -25.8845 11.2080 15.3158
v -27.0874 13.4023 15.1735
v -25.8845 11.2080 15.3158
v -27.2412 11.1327 16.2257
v -27.0874 13.4023 15.1735
v -27.2412 11.1327 16.2257
v -28.1529 11.1542 14.8682
v -27.0874 13.4023 15.1735
v -28.1529 11.1542 14.8682
v -26.7961 11.2296 13.9583
v -27.0874 13.4023 15.1735
v -26.7961 11.2296 13.9583
v -26.0593 11.2344 14.4486
v -27.0874 13.4023 15.1735
v -26.0593 11.2344 14.4486
v -27.2412 11.1327 16.2257
v -25.8845 11.2080 15.3158
v -26.0593 11.2344 14.4486
v -28.1529 11.1542 14.8682
v -27.2412 11.1327 16.2257
v -26.0593 11.2344 14.4486
v -26.7961 11.2296 13.9583
v -28.1529 11.1542 14.8682
v -26.2966 12.3337 14.6254
v -26.5448 12.2797 15.8896
v -27.1218 14.5129 15.2142
v -26.5448 12.2797 15.8896
v -27.8094 12.2497 15.6401
v -27.1218 14.5129 15.2142
v -27.8094 12.2497 15.6401
v -27.5613 12.3038 14.3759
v -27.1218 14.5129 15.2142
v -27.5613 12.3038 14.3759
v -26.2966 12.3337 14.6254
v -27.1218 14.5129 15.2142
v -26.2966 12.3337 14.6254
v -27.8094 12.2497 15.6401
v -26.5448 12.2797 15.8896
v -26.2966 12.3337 14.6254
v -27.5613 12.3038 14.3759
v -27.8094 12.2497 15.6401
v -26.4548 13.4173 15.2983
v -27.2115 13.3753 15.8059
v -27.1561 15.6235 15.2550
v -27.2115 13.3753 15.8059
v -27.7200 13.3873 15.0487
v -27.1561 15.6235 15.2550
v -27.7200 13.3873 15.0487
v -26.9633 13.4294 14.5411
v -27.1561 15.6235 15.2550
v -26.9633 13.4294 14.5411
v -26.4548 13.4173 15.2983
v -27.1561 15.6235 15.2550
v -26.4548 13.4173 15.2983
v -27.7200 13.3873 15.0487
v -27.2115 13.3753 15.8059
v -26.4548 13.4173 15.2983
v -26.9633 13.4294 14.5411
v -27.7200 13.3873 15.0487
v 10.3576 13.2432 -46.1226
v 11.3445 13.1921 -46.2999
v 11.1858 15.7547 -45.0786
v 11.3445 13.1921 -46.2999
v 12.3465 13.1816 -44.7388
v 11.1858 15.7547 -45.0786
v 12.3465 13.1816 -44.7388
v 10.7879 13.2794 -43.7377
v 11.1858 15.7547 -45.0786
v 10.7879 13.2794 -43.7377
v 9.7858 13.2899 -45.2988
v 11.1858 15.7547 -45.0786
v 9.7858 13.2899 -45.2988
v 10.3576 13.2432 -46.1226
v 11.1858 15.7547 -45.0786
v 10.3576 13.2432 -46.1226
v 12.3465 13.1816 -44.7388
v 11.3445 13.1921 -46.2999
v 10.3576 13.2432 -46.1226
v 10.7879 13.2794 -43.7377
v 12.3465 13.1816 -44.7388
v 10.3576 13.2432 -46.1226
v 9.7858 13.2899 -45.2988
v 10.7879 13.2794 -43.7377
v 10.5673 14.5011 -45.9190
v 11.9949 14.4407 -45.6068
v 11.2456 17.0141 -45.1084
v 11.9949 14.4407 -45.6068
v 11.6846 14.4893 -44.1784
v 11.2456 17.0141 -45.1084
v 11.6846 14.4893 -44.1784
v 10.2570 14.5497 -44.4905
v 11.2456 17.0141 -45.1084
v 10.2570 14.5497 -44.4905
v 10.5673 14.5011 -45.9190
v 11.2456 17.0141 -45.1084
v 10.5673 14.5011 -45.9190
v 11.6846 14.4893 -44.1784
v 11.9949 14.4407 -45.6068
v 10.5673 14.5011 -45.9190
v 10.2570 14.5497 -44.4905
v 11.6846 14.4893 -44.1784
v 11.3410 15.7303 -45.7931
v 11.8999 15.7245 -44.9224
v 11.3054 18.2736 -45.1383
v 11.8999 15.7245 -44.9224
v 11.0305 15.7790 -44.3640
v 11.3054 18.2736 -45.1383
v 11.0305 15.7790 -44.3640
v 10.4716 15.7849 -45.2347
v 11.3054 18.2736 -45.1383
v 10.4716 15.7849 -45.2347
v 11.3410 15.7303 -45.7931
v 11.3054 18.2736 -45.1383
v 11.3410 15.7303 -45.7931
v 11.0305 15.7790 -44.3640
v 11.8999 15.7245 -44.9224
v 11.3410 15.7303 -45.7931
v 10.4716 15.7849 -45.2347
v 11.0305 15.7790 -44.3640
v 36.5729 12.2057 5.5149
v 35.3951 12.2954 5.9197
v 35.6940 15.3622 4.1844
v 35.3951 12.2954 5.9197
v 33.8677 12.3339 4.1907
v 35.6940 15.3622 4.1844
v 33.8677 12.3339 4.1907
v 35.5907 12.1706 2.6649
v 35.6940 15.3622 4.1844
v 35.5907 12.1706 2.6649
v 37.1181 12.1320 4.3939
v 35.6940 15.3622 4.1844
v 37.1181 12.1320 4.3939
v 36.5729 12.2057 5.5149
v 35.6940 15.3622 4.1844
v 36.5729 12.2057 5.5149
v 33.8677 12.3339 4.1907
v 35.3951 12.2954 5.9197
v 36.5729 12.2057 5.5149
v 35.5907 12.1706 2.6649
v 33.8677 12.3339 4.1907
v 36.5729 12.2057 5.5149
v 37.1181 12.1320 4.3939
v 35.5907 12.1706 2.6649
v 36.4450 13.7761 5.2023
v 34.6328 13.8887 5.0890
v 35.7946 16.9268 4.1304
v 34.6328 13.8887 5.0890
v 34.7419 13.8191 3.2744
v 35.7946 16.9268 4.1304
v 34.7419 13.8191 3.2744
v 36.5541 13.7065 3.3877
v 35.7946 16.9268 4.1304
v 36.5541 13.7065 3.3877
v 36.4450 13.7761 5.2023
v 35.7946 16.9268 4.1304
v 36.4450 13.7761 5.2023
v 34.7419 13.8191 3.2744
v 34.6328 13.8887 5.0890
v 36.4450 13.7761 5.2023
v 36.5541 13.7065 3.3877
v 34.7419 13.8191 3.2744
v 35.6395 15.3970 5.0921
v 34.7875 15.4185 4.1277
v 35.8952 18.4914 4.0765
v 34.7875 15.4185 4.1277
v 35.7486 15.3274 3.2766
v 35.8952 18.4914 4.0765
v 35.7486 15.3274 3.2766
v 36.6006 15.3059 4.2411
v 35.8952 18.4914 4.0765
v 36.6006 15.3059 4.2411
v 35.6395 15.3970 5.0921
v 35.8952 18.4914 4.0765
v 35.6395 15.3970 5.0921
v 35.7486 15.3274 3.2766
v 34.7875 15.4185 4.1277
v 35.6395 15.3970 5.0921
v 36.6006 15.3059 4.2411
v 35.7486 15.3274 3.2766
v -2.9486 13.3155 40.3993
v -3.1037 13.3190 41.3241
v -4.2533 15.6151 40.6471
v -3.1037 13.3190 41.3241
v -4.7903 13.2432 41.7137
v -4.2533 15.6151 40.6471
v -4.7903 13.2432 41.7137
v -5.1786 13.2048 40.0256
v -4.2533 15.6151 40.6471
v -5.1786 13.2048 40.0256
v -3.4920 13.2806 39.6359
v -4.2533 15.6151 40.6471
v -3.4920 13.2806 39.6359
v -2.9486 13.3155 40.3993
v -4.2533 15.6151 40.6471
v -2.9486 13.3155 40.3993
v -4.7903 13.2432 41.7137
v -3.1037 13.3190 41.3241
v -2.9486 13.3155 40.3993
v -5.1786 13.2048 40.0256
v -4.7903 13.2432 41.7137
v -2.9486 13.3155 40.3993
v -3.4920 13.2806 39.6359
v -5.1786 13.2048 40.0256
v -3.2570 14.4807 40.4437
v -3.9808 14.4599 41.6021
v -4.3094 16.7917 40.6332
v -3.9808 14.4599 41.6021
v -5.1375 14.3962 40.8782
v -4.3094 16.7917 40.6332
v -5.1375 14.3962 40.8782
v -4.4137 14.4170 39.7198
v -4.3094 16.7917 40.6332
v -4.4137 14.4170 39.7198
v -3.2570 14.4807 40.4437
v -4.3094 16.7917 40.6332
v -3.2570 14.4807 40.4437
v -5.1375 14.3962 40.8782
v -3.9808 14.4599 41.6021
v -3.2570 14.4807 40.4437
v -4.4137 14.4170 39.7198
v -5.1375 14.3962 40.8782
v -3.6747 15.6469 41.0092
v -4.6154 15.6046 41.2266
v -4.3655 17.9683 40.6194
v -4.6154 15.6046 41.2266
v -4.8320 15.5832 40.2850
v -4.3655 17.9683 40.6194
v -4.8320 15.5832 40.2850
v -3.8913 15.6255 40.0676
v -4.3655 17.9683 40.6194
v -3.8913 15.6255 40.0676
v -3.6747 15.6469 41.0092
v -4.3655 17.9683 40.6194
v -3.6747 15.6469 41.0092
v -4.8320 15.5832 40.2850
v -4.6154 15.6046 41.2266
v -3.6747 15.6469 41.0092
v -3.8913 15.6255 40.0676
v -4.8320 15.5832 40.2850
v 16.0007 13.6211 49.8464
v 16.8441 13.6016 50.1834
v 16.0677 15.9019 51.0349
v 16.8441 13.6016 50.1834
v 16.8652 13.5999 51.8619
v 16.0677 15.9019 51.0349
v 16.8652 13.5999 51.8619
v 15.1871 13.6382 51.8830
v 16.0677 15.9019 51.0349
v 15.1871 13.6382 51.8830
v 15.1660 13.6398 50.2045
v 16.0677 15.9019 51.0349
v 15.1660 13.6398 50.2045
v 16.0007 13.6211 49.8464
v 16.0677 15.9019 51.0349
v 16.0007 13.6211 49.8464
v 16.8652 13.5999 51.8619
v 16.8441 13.6016 50.1834
v 16.0007 13.6211 49.8464
v 15.1871 13.6382 51.8830
v 16.8652 13.5999 51.8619
v 16.0007 13.6211 49.8464
v 15.1660 13.6398 50.2045
v 15.1871 13.6382 51.8830
v 16.0299 14.7618 50.0982
v 16.9772 14.7395 51.0223
v 16.0937 17.0429 51.0357
v 16.9772 14.7395 51.0223
v 16.0534 14.7599 51.9698
v 16.0937 17.0429 51.0357
v 16.0534 14.7599 51.9698
v 15.1061 14.7822 51.0458
v 16.0937 17.0429 51.0357
v 15.1061 14.7822 51.0458
v 16.0299 14.7618 50.0982
v 16.0937 17.0429 51.0357
v 16.0299 14.7618 50.0982
v 16.0534 14.7599 51.9698
v 16.9772 14.7395 51.0223
v 16.0299 14.7618 50.0982
v 15.1061 14.7822 51.0458
v 16.0534 14.7599 51.9698
v 16.5298 15.8917 50.5609
v 16.5415 15.8907 51.4971
v 16.1197 18.1839 51.0365
v 16.5415 15.8907 51.4971
v 15.6055 15.9121 51.5089
v 16.1197 18.1839 51.0365
v 15.6055 15.9121 51.5089
v 15.5938 15.9130 50.5726
v 16.1197 18.1839 51.0365
v 15.5938 15.9130 50.5726
v 16.5298 15.8917 50.5609
v 16.1197 18.1839 51.0365
v 16.5298 15.8917 50.5609
v 15.6055 15.9121 51.5089
v 16.5415 15.8907 51.4971
v 16.5298 15.8917 50.5609
v 15.5938 15.9130 50.5726
v 15.6055 15.9121 51.5089
v 9.6430 12.9692 -28.3580
v 9.2020 13.0679 -29.6503
v 11.0312 16.4670 -29.2898
v 9.2020 13.0679 -29.6503
v 11.1024 13.1631 -31.3169
v 11.0312 16.4670 -29.2898
v 11.1024 13.1631 -31.3169
v 12.7714 13.0052 -29.4227
v 11.0312 16.4670 -29.2898
v 12.7714 13.0052 -29.4227
v 10.8710 12.9100 -27.7561
v 11.0312 16.4670 -29.2898
v 10.8710 12.9100 -27.7561
v 9.6430 12.9692 -28.3580
v 11.0312 16.4670 -29.2898
v 9.6430 12.9692 -28.3580
v 11.1024 13.1631 -31.3169
v 9.2020 13.0679 -29.6503
v 9.6430 12.9692 -28.3580
v 12.7714 13.0052 -29.4227
v 11.1024 13.1631 -31.3169
v 9.6430 12.9692 -28.3580
v 10.8710 12.9100 -27.7561
v 12.7714 13.0052 -29.4227
v 9.9495 14.6987 -28.4840
v 10.0785 14.8398 -30.4691
v 11.0535 18.1822 -29.1664
v 10.0785 14.8398 -30.4691
v 12.0685 14.8048 -30.3423
v 11.0535 18.1822 -29.1664
v 12.0685 14.8048 -30.3423
v 11.9395 14.6637 -28.3571
v 11.0535 18.1822 -29.1664
v 11.9395 14.6637 -28.3571
v 9.9495 14.6987 -28.4840
v 11.0535 18.1822 -29.1664
v 9.9495 14.6987 -28.4840
v 12.0685 14.8048 -30.3423
v 10.0785 14.8398 -30.4691
v 9.9495 14.6987 -28.4840
v 11.9395 14.6637 -28.3571
v 12.0685 14.8048 -30.3423
v 10.0358 16.4844 -29.3532
v 11.0958 16.5376 -30.2828
v 11.0757 19.8974 -29.0430
v 11.0958 16.5376 -30.2828
v 12.0267 16.4495 -29.2263
v 11.0757 19.8974 -29.0430
v 12.0267 16.4495 -29.2263
v 10.9667 16.3964 -28.2967
v 11.0757 19.8974 -29.0430
v 10.9667 16.3964 -28.2967
v 10.0358 16.4844 -29.3532
v 11.0757 19.8974 -29.0430
v 10.0358 16.4844 -29.3532
v 12.0267 16.4495 -29.2263
v 11.0958 16.5376 -30.2828
v 10.0358 16.4844 -29.3532
v 10.9667 16.3964 -28.2967
v 12.0267 16.4495 -29.2263
v 50.3030 12.7654 4.7374
v 51.2257 12.7162 5.1425
v 50.4099 15.2968 6.0582
v 51.2257 12.7162 5.1425
v 51.1875 12.7161 7.0063
v 50.4099 15.2968 6.0582
v 51.1875 12.7161 7.0063
v 49.3263 12.8146 6.9682
v 50.4099 15.2968 6.0582
v 49.3263 12.8146 6.9682
v 49.3645 12.8146 5.1044
v 50.4099 15.2968 6.0582
v 49.3645 12.8146 5.1044
v 50.3030 12.7654 4.7374
v 50.4099 15.2968 6.0582
v 50.3030 12.7654 4.7374
v 51.1875 12.7161 7.0063
v 51.2257 12.7162 5.1425
v 50.3030 12.7654 4.7374
v 49.3263 12.8146 6.9682
v 51.1875 12.7161 7.0063
v 50.3030 12.7654 4.7374
v 49.3645 12.8146 5.1044
v 49.3263 12.8146 6.9682
v 50.3642 14.0311 5.0177
v 51.3806 13.9762 6.0780
v 50.4768 16.5625 6.0596
v 51.3806 13.9762 6.0780
v 50.3216 14.0310 7.0959
v 50.4768 16.5625 6.0596
v 50.3216 14.0310 7.0959
v 49.3053 14.0860 6.0355
v 50.4768 16.5625 6.0596
v 49.3053 14.0860 6.0355
v 50.3642 14.0311 5.0177
v 50.4768 16.5625 6.0596
v 50.3642 14.0311 5.0177
v 50.3216 14.0310 7.0959
v 51.3806 13.9762 6.0780
v 50.3642 14.0311 5.0177
v 49.3053 14.0860 6.0355
v 50.3216 14.0310 7.0959
v 50.9396 15.2694 5.5490
v 50.9183 15.2693 6.5887
v 50.5437 17.8283 6.0611
v 50.9183 15.2693 6.5887
v 49.8801 15.3243 6.5674
v 50.5437 17.8283 6.0611
v 49.8801 15.3243 6.5674
v 49.9014 15.3243 5.5278
v 50.5437 17.8283 6.0611
v 49.9014 15.3243 5.5278
v 50.9396 15.2694 5.5490
v 50.5437 17.8283 6.0611
v 50.9396 15.2694 5.5490
v 49.8801 15.3243 6.5674
v 50.9183 15.2693 6.5887
v 50.9396 15.2694 5.5490
v 49.9014 15.3243 5.5278
v 49.8801 15.3243 6.5674
v -51.9063 9.8542 -7.2324
v -51.4655 9.8320 -8.0532
v -50.5503 12.1142 -7.0942
v -51.4655 9.8320 -8.0532
v -49.7557 9.7233 -7.8801
v -50.5503 12.1142 -7.0942
v -49.7557 9.7233 -7.8801
v -49.9291 9.7226 -6.1669
v -50.5503 12.1142 -7.0942
v -49.9291 9.7226 -6.1669
v -51.6389 9.8313 -6.3400
v -50.5503 12.1142 -7.0942
v -51.6389 9.8313 -6.3400
v -51.9063 9.8542 -7.2324
v -50.5503 12.1142 -7.0942
v -51.9063 9.8542 -7.2324
v -49.7557 9.7233 -7.8801
v -51.4655 9.8320 -8.0532
v -51.9063 9.8542 -7.2324
v -49.9291 9.7226 -6.1669
v -49.7557 9.7233 -7.8801
v -51.9063 9.8542 -7.2324
v -51.6389 9.8313 -6.3400
v -49.9291 9.7226 -6.1669
v -51.5770 11.0063 -7.1986
v -50.5271 10.9461 -8.0573
v -50.4768 13.2826 -7.0863
v -50.5271 10.9461 -8.0573
v -49.6706 10.8851 -7.0056
v -50.4768 13.2826 -7.0863
v -49.6706 10.8851 -7.0056
v -50.7205 10.9454 -6.1470
v -50.4768 13.2826 -7.0863
v -50.7205 10.9454 -6.1470
v -51.5770 11.0063 -7.1986
v -50.4768 13.2826 -7.0863
v -51.5770 11.0063 -7.1986
v -49.6706 10.8851 -7.0056
v -50.5271 10.9461 -8.0573
v -51.5770 11.0063 -7.1986
v -50.7205 10.9454 -6.1470
v -49.6706 10.8851 -7.0056
v -50.9788 12.1447 -7.6203
v -50.0251 12.0841 -7.5237
v -50.4034 14.4510 -7.0783
v -50.0251 12.0841 -7.5237
v -50.1218 12.0837 -6.5681
v -50.4034 14.4510 -7.0783
v -50.1218 12.0837 -6.5681
v -51.0756 12.1443 -6.6646
v -50.4034 14.4510 -7.0783
v -51.0756 12.1443 -6.6646
v -50.9788 12.1447 -7.6203
v -50.4034 14.4510 -7.0783
v -50.9788 12.1447 -7.6203
v -50.1218 12.0837 -6.5681
v -50.0251 12.0841 -7.5237
v -50.9788 12.1447 -7.6203
v -51.0756 12.1443 -6.6646
v -50.1218 12.0837 -6.5681
v 18.6749 13.1041 -35.7255
v 19.2846 13.0509 -37.2651
v 20.6489 17.3528 -35.9821
v 19.2846 13.0509 -37.2651
v 22.3423 13.1866 -37.3195
v 20.6489 17.3528 -35.9821
v 22.3423 13.1866 -37.3195
v 22.3895 13.3492 -34.2629
v 20.6489 17.3528 -35.9821
v 22.3895 13.3492 -34.2629
v 19.3317 13.2135 -34.2085
v 20.6489 17.3528 -35.9821
v 19.3317 13.2135 -34.2085
v 18.6749 13.1041 -35.7255
v 20.6489 17.3528 -35.9821
v 18.6749 13.1041 -35.7255
v 22.3423 13.1866 -37.3195
v 19.2846 13.0509 -37.2651
v 18.6749 13.1041 -35.7255
v 22.3895 13.3492 -34.2629
v 22.3423 13.1866 -37.3195
v 18.6749 13.1041 -35.7255
v 19.3317 13.2135 -34.2085
v 22.3895 13.3492 -34.2629
v 19.0382 15.2007 -35.8427
v 20.7166 15.1857 -37.5771
v 20.5548 19.4291 -36.0911
v 20.7166 15.1857 -37.5771
v 22.4477 15.3520 -35.9034
v 20.5548 19.4291 -36.0911
v 22.4477 15.3520 -35.9034
v 20.7692 15.3671 -34.1690
v 20.5548 19.4291 -36.0911
v 20.7692 15.3671 -34.1690
v 19.0382 15.2007 -35.8427
v 20.5548 19.4291 -36.0911
v 19.0382 15.2007 -35.8427
v 22.4477 15.3520 -35.9034
v 20.7166 15.1857 -37.5771
v 19.0382 15.2007 -35.8427
v 20.7692 15.3671 -34.1690
v 22.4477 15.3520 -35.9034
v 19.7829 17.2696 -36.8194
v 21.4885 17.3452 -36.8497
v 20.4607 21.5055 -36.2001
v 21.4885 17.3452 -36.8497
v 21.5148 17.4360 -35.1448
v 20.4607 21.5055 -36.2001
v 21.5148 17.4360 -35.1448
v 19.8092 17.3603 -35.1144
v 20.4607 21.5055 -36.2001
v 19.8092 17.3603 -35.1144
v 19.7829 17.2696 -36.8194
v 20.4607 21.5055 -36.2001
v 19.7829 17.2696 -36.8194
v 21.5148 17.4360 -35.1448
v 21.4885 17.3452 -36.8497
v 19.7829 17.2696 -36.8194
v 19.8092 17.3603 -35.1144
v 21.5148 17.4360 -35.1448
v -31.5840 11.0706 3.3041
v -30.6763 11.1862 3.7021
v -31.9224 13.5565 4.6047
v -30.6763 11.1862 3.7021
v -30.7088 11.1843 5.5457
v -31.9224 13.5565 4.6047
v -30.7088 11.1843 5.5457
v -32.5376 10.9523 5.5132
v -31.9224 13.5565 4.6047
v -32.5376 10.9523 5.5132
v -32.5052 10.9542 3.6697
v -31.9224 13.5565 4.6047
v -32.5052 10.9542 3.6697
v -31.5840 11.0706 3.3041
v -31.9224 13.5565 4.6047
v -31.5840 11.0706 3.3041
v -30.7088 11.1843 5.5457
v -30.6763 11.1862 3.7021
v -31.5840 11.0706 3.3041
v -32.5376 10.9523 5.5132
v -30.7088 11.1843 5.5457
v -31.5840 11.0706 3.3041
v -32.5052 10.9542 3.6697
v -32.5376 10.9523 5.5132
v -31.7466 12.3140 3.5784
v -30.7451 12.4422 4.6243
v -32.0802 14.8002 4.6033
v -30.7451 12.4422 4.6243
v -31.7828 12.3118 5.6340
v -32.0802 14.8002 4.6033
v -31.7828 12.3118 5.6340
v -32.7843 12.1835 4.5881
v -32.0802 14.8002 4.6033
v -32.7843 12.1835 4.5881
v -31.7466 12.3140 3.5784
v -32.0802 14.8002 4.6033
v -31.7466 12.3140 3.5784
v -31.7828 12.3118 5.6340
v -30.7451 12.4422 4.6243
v -31.7466 12.3140 3.5784
v -32.7843 12.1835 4.5881
v -31.7828 12.3118 5.6340
v -31.4033 13.6218 4.0996
v -31.4214 13.6207 5.1279
v -32.2379 16.0438 4.6018
v -31.4214 13.6207 5.1279
v -32.4416 13.4913 5.1098
v -32.2379 16.0438 4.6018
v -32.4416 13.4913 5.1098
v -32.4234 13.4924 4.0815
v -32.2379 16.0438 4.6018
v -32.4234 13.4924 4.0815
v -31.4033 13.6218 4.0996
v -32.2379 16.0438 4.6018
v -31.4033 13.6218 4.0996
v -32.4416 13.4913 5.1098
v -31.4214 13.6207 5.1279
v -31.4033 13.6218 4.0996
v -32.4234 13.4924 4.0815
v -32.4416 13.4913 5.1098
v 22.6865 12.5918 29.7485
v 21.6916 12.6204 29.2675
v 22.8440 15.3719 28.3179
v 21.6916 12.6204 29.2675
v 21.8092 12.6255 27.2283
v 22.8440 15.3719 28.3179
v 21.8092 12.6255 27.2283
v 23.8476 12.5705 27.3457
v 22.8440 15.3719 28.3179
v 23.8476 12.5705 27.3457
v 23.7301 12.5653 29.3849
v 22.8440 15.3719 28.3179
v 23.7301 12.5653 29.3849
v 22.6865 12.5918 29.7485
v 22.8440 15.3719 28.3179
v 22.6865 12.5918 29.7485
v 21.8092 12.6255 27.2283
v 21.6916 12.6204 29.2675
v 22.6865 12.5918 29.7485
v 23.8476 12.5705 27.3457
v 21.8092 12.6255 27.2283
v 22.6865 12.5918 29.7485
v 23.7301 12.5653 29.3849
v 23.8476 12.5705 27.3457
v 22.7412 13.9808 29.4491
v 21.6703 14.0144 28.2468
v 22.8811 16.7602 28.3235
v 21.6703 14.0144 28.2468
v 22.8723 13.9865 27.1753
v 22.8811 16.7602 28.3235
v 22.8723 13.9865 27.1753
v 23.9433 13.9530 28.3777
v 22.8811 16.7602 28.3235
v 23.9433 13.9530 28.3777
v 22.7412 13.9808 29.4491
v 22.8811 16.7602 28.3235
v 22.7412 13.9808 29.4491
v 22.8723 13.9865 27.1753
v 21.6703 14.0144 28.2468
v 22.7412 13.9808 29.4491
v 23.9433 13.9530 28.3777
v 22.8723 13.9865 27.1753
v 22.2427 15.3859 28.8538
v 22.3082 15.3887 27.7164
v 22.9183 18.1485 28.3291
v 22.3082 15.3887 27.7164
v 23.4453 15.3580 27.7819
v 22.9183 18.1485 28.3291
v 23.4453 15.3580 27.7819
v 23.3797 15.3552 28.9193
v 22.9183 18.1485 28.3291
v 23.3797 15.3552 28.9193
v 22.2427 15.3859 28.8538
v 22.9183 18.1485 28.3291
v 22.2427 15.3859 28.8538
v 23.4453 15.3580 27.7819
v 22.3082 15.3887 27.7164
v 22.2427 15.3859 28.8538
v 23.3797 15.3552 28.9193
v 23.4453 15.3580 27.7819
v -45.1475 10.2353 9.0921
v -46.3797 10.0477 9.4039
v -46.5855 13.3750 7.9451
v -46.3797 10.0477 9.4039
v -47.7972 9.9727 7.5008
v -46.5855 13.3750 7.9451
v -47.7972 9.9727 7.5008
v -45.9198 10.3168 6.0888
v -46.5855 13.3750 7.9451
v -45.9198 10.3168 6.0888
v -44.5023 10.3918 7.9920
v -46.5855 13.3750 7.9451
v -44.5023 10.3918 7.9920
v -45.1475 10.2353 9.0921
v -46.5855 13.3750 7.9451
v -45.1475 10.2353 9.0921
v -47.7972 9.9727 7.5008
v -46.3797 10.0477 9.4039
v -45.1475 10.2353 9.0921
v -45.9198 10.3168 6.0888
v -47.7972 9.9727 7.5008
v -45.1475 10.2353 9.0921
v -44.5023 10.3918 7.9920
v -45.9198 10.3168 6.0888
v -45.5773 11.8205 8.9068
v -47.4143 11.5868 8.6329
v -46.8033 14.9714 8.0444
v -47.4143 11.5868 8.6329
v -47.1579 11.7368 6.7847
v -46.8033 14.9714 8.0444
v -47.1579 11.7368 6.7847
v -45.3209 11.9705 7.0585
v -46.8033 14.9714 8.0444
v -45.3209 11.9705 7.0585
v -45.5773 11.8205 8.9068
v -46.8033 14.9714 8.0444
v -45.5773 11.8205 8.9068
v -47.1579 11.7368 6.7847
v -47.4143 11.5868 8.6329
v -45.5773 11.8205 8.9068
v -45.3209 11.9705 7.0585
v -47.1579 11.7368 6.7847
v -46.7138 13.3000 8.8696
v -47.5044 13.2581 7.8081
v -47.0212 16.5678 8.1438
v -47.5044 13.2581 7.8081
v -46.4572 13.4501 7.0205
v -47.0212 16.5678 8.1438
v -46.4572 13.4501 7.0205
v -45.6665 13.4919 8.0821
v -47.0212 16.5678 8.1438
v -45.6665 13.4919 8.0821
v -46.7138 13.3000 8.8696
v -47.0212 16.5678 8.1438
v -46.7138 13.3000 8.8696
v -46.4572 13.4501 7.0205
v -47.5044 13.2581 7.8081
v -46.7138 13.3000 8.8696
v -45.6665 13.4919 8.0821
v -46.4572 13.4501 7.0205
v 24.1680 12.4007 -12.7902
v 23.7242 12.4670 -14.2495
v 25.9627 16.1550 -13.9642
v 23.7242 12.4670 -14.2495
v 25.8979 12.3653 -16.0446
v 25.9627 16.1550 -13.9642
v 25.8979 12.3653 -16.0446
v 27.6859 12.1907 -13.8696
v 25.9627 16.1550 -13.9642
v 27.6859 12.1907 -13.8696
v 25.5122 12.2924 -12.0745
v 25.9627 16.1550 -13.9642
v 25.5122 12.2924 -12.0745
v 24.1680 12.4007 -12.7902
v 25.9627 16.1550 -13.9642
v 24.1680 12.4007 -12.7902
v 25.8979 12.3653 -16.0446
v 23.7242 12.4670 -14.2495
v 24.1680 12.4007 -12.7902
v 27.6859 12.1907 -13.8696
v 25.8979 12.3653 -16.0446
v 24.1680 12.4007 -12.7902
v 25.5122 12.2924 -12.0745
v 27.6859 12.1907 -13.8696
v 24.6220 14.2986 -13.0111
v 24.8371 14.3393 -15.2245
v 26.0916 18.0681 -13.9166
v 24.8371 14.3393 -15.2245
v 27.0458 14.1853 -15.0127
v 26.0916 18.0681 -13.9166
v 27.0458 14.1853 -15.0127
v 26.8307 14.1446 -12.7993
v 26.0916 18.0681 -13.9166
v 26.8307 14.1446 -12.7993
v 24.6220 14.2986 -13.0111
v 26.0916 18.0681 -13.9166
v 24.6220 14.2986 -13.0111
v 27.0458 14.1853 -15.0127
v 24.8371 14.3393 -15.2245
v 24.6220 14.2986 -13.0111
v 26.8307 14.1446 -12.7993
v 27.0458 14.1853 -15.0127
v 24.8578 16.2321 -14.0702
v 26.0703 16.1754 -15.0715
v 26.2204 19.9812 -13.8689
v 26.0703 16.1754 -15.0715
v 27.0676 16.0780 -13.8583
v 26.2204 19.9812 -13.8689
v 27.0676 16.0780 -13.8583
v 25.8551 16.1347 -12.8570
v 26.2204 19.9812 -13.8689
v 25.8551 16.1347 -12.8570
v 24.8578 16.2321 -14.0702
v 26.2204 19.9812 -13.8689
v 24.8578 16.2321 -14.0702
v 27.0676 16.0780 -13.8583
v 26.0703 16.1754 -15.0715
v 24.8578 16.2321 -14.0702
v 25.8551 16.1347 -12.8570
v 27.0676 16.0780 -13.8583
v -24.7422 12.2502 -28.5852
v -25.5644 12.2739 -27.6925
v -26.1530 15.3354 -29.1413
v -25.5644 12.2739 -27.6925
v -27.6693 12.3251 -28.4655
v -26.1530 15.3354 -29.1413
v -27.6693 12.3251 -28.4655
v -26.8968 12.2989 -30.5710
v -26.1530 15.3354 -29.1413
v -26.8968 12.2989 -30.5710
v -24.7918 12.2477 -29.7981
v -26.1530 15.3354 -29.1413
v -24.7918 12.2477 -29.7981
v -24.7422 12.2502 -28.5852
v -26.1530 15.3354 -29.1413
v -24.7422 12.2502 -28.5852
v -27.6693 12.3251 -28.4655
v -25.5644 12.2739 -27.6925
v -24.7422 12.2502 -28.5852
v -26.8968 12.2989 -30.5710
v -27.6693 12.3251 -28.4655
v -24.7422 12.2502 -28.5852
v -24.7918 12.2477 -29.7981
v -26.8968 12.2989 -30.5710
v -25.0183 13.7824 -28.7056
v -26.6225 13.8255 -27.9626
v -26.1142 16.8599 -29.1460
v -26.6225 13.8255 -27.9626
v -27.3654 13.8394 -29.5675
v -26.1142 16.8599 -29.1460
v -27.3654 13.8394 -29.5675
v -25.7611 13.7963 -30.3104
v -26.1142 16.8599 -29.1460
v -25.7611 13.7963 -30.3104
v -25.0183 13.7824 -28.7056
v -26.1142 16.8599 -29.1460
v -25.0183 13.7824 -28.7056
v -27.3654 13.8394 -29.5675
v -26.6225 13.8255 -27.9626
v -25.0183 13.7824 -28.7056
v -25.7611 13.7963 -30.3104
v -27.3654 13.8394 -29.5675
v -25.7814 15.3284 -28.3384
v -26.9555 15.3569 -28.7696
v -26.0754 18.3844 -29.1507
v -26.9555 15.3569 -28.7696
v -26.5246 15.3423 -29.9441
v -26.0754 18.3844 -29.1507
v -26.5246 15.3423 -29.9441
v -25.3505 15.3138 -29.5129
v -26.0754 18.3844 -29.1507
v -25.3505 15.3138 -29.5129
v -25.7814 15.3284 -28.3384
v -26.0754 18.3844 -29.1507
v -25.7814 15.3284 -28.3384
v -26.5246 15.3423 -29.9441
v -26.9555 15.3569 -28.7696
v -25.7814 15.3284 -28.3384
v -25.3505 15.3138 -29.5129
v -26.5246 15.3423 -29.9441
v 51.5618 14.5566 38.2998
v 52.9458 14.5635 38.1422
v 52.4205 18.0856 39.8390
v 52.9458 14.5635 38.1422
v 54.1931 14.6056 40.3931
v 52.4205 18.0856 39.8390
v 54.1931 14.6056 40.3931
v 51.9419 14.6092 41.6406
v 52.4205 18.0856 39.8390
v 51.9419 14.6092 41.6406
v 50.6946 14.5671 39.3897
v 52.4205 18.0856 39.8390
v 50.6946 14.5671 39.3897
v 51.5618 14.5566 38.2998
v 52.4205 18.0856 39.8390
v 51.5618 14.5566 38.2998
v 54.1931 14.6056 40.3931
v 52.9458 14.5635 38.1422
v 51.5618 14.5566 38.2998
v 51.9419 14.6092 41.6406
v 54.1931 14.6056 40.3931
v 51.5618 14.5566 38.2998
v 50.6946 14.5671 39.3897
v 51.9419 14.6092 41.6406
v 51.7367 16.3125 38.6103
v 53.6872 16.3340 39.1697
v 52.4088 19.8353 39.8127
v 53.6872 16.3340 39.1697
v 53.1275 16.3594 41.1201
v 52.4088 19.8353 39.8127
v 53.1275 16.3594 41.1201
v 51.1770 16.3380 40.5606
v 52.4088 19.8353 39.8127
v 51.1770 16.3380 40.5606
v 51.7367 16.3125 38.6103
v 52.4088 19.8353 39.8127
v 51.7367 16.3125 38.6103
v 53.1275 16.3594 41.1201
v 53.6872 16.3340 39.1697
v 51.7367 16.3125 38.6103
v 51.1770 16.3380 40.5606
v 53.1275 16.3594 41.1201
v 52.7004 18.0729 38.8633
v 53.3962 18.0963 40.1188
v 52.3971 21.5849 39.7865
v 53.3962 18.0963 40.1188
v 52.1405 18.0984 40.8146
v 52.3971 21.5849 39.7865
v 52.1405 18.0984 40.8146
v 51.4447 18.0749 39.5591
v 52.3971 21.5849 39.7865
v 51.4447 18.0749 39.5591
v 52.7004 18.0729 38.8633
v 52.3971 21.5849 39.7865
v 52.7004 18.0729 38.8633
v 52.1405 18.0984 40.8146
v 53.3962 18.0963 40.1188
v 52.7004 18.0729 38.8633
v 51.4447 18.0749 39.5591
v 52.1405 18.0984 40.8146
v -37.4685 11.6139 -15.0691
v -38.7630 11.6403 -14.5349
v -38.6896 15.1576 -16.3671
v -38.7630 11.6403 -14.5349
v -40.5901 11.6760 -16.3674
v -38.6896 15.1576 -16.3671
v -40.5901 11.6760 -16.3674
v -38.7580 11.6379 -18.1949
v -38.6896 15.1576 -16.3671
v -38.7580 11.6379 -18.1949
v -36.9309 11.6022 -16.3624
v -38.6896 15.1576 -16.3671
v -36.9309 11.6022 -16.3624
v -37.4685 11.6139 -15.0691
v -38.6896 15.1576 -16.3671
v -37.4685 11.6139 -15.0691
v -40.5901 11.6760 -16.3674
v -38.7630 11.6403 -14.5349
v -37.4685 11.6139 -15.0691
v -38.7580 11.6379 -18.1949
v -40.5901 11.6760 -16.3674
v -37.4685 11.6139 -15.0691
v -36.9309 11.6022 -16.3624
v -38.7580 11.6379 -18.1949
v -37.7064 13.3785 -15.3443
v -39.7465 13.4196 -15.3471
v -38.6541 16.9168 -16.3682
v -39.7465 13.4196 -15.3471
v -39.7437 13.4183 -17.3876
v -38.6541 16.9168 -16.3682
v -39.7437 13.4183 -17.3876
v -37.7036 13.3771 -17.3848
v -38.6541 16.9168 -16.3682
v -37.7036 13.3771 -17.3848
v -37.7064 13.3785 -15.3443
v -38.6541 16.9168 -16.3682
v -37.7064 13.3785 -15.3443
v -39.7437 13.4183 -17.3876
v -39.7465 13.4196 -15.3471
v -37.7064 13.3785 -15.3443
v -37.7036 13.3771 -17.3848
v -39.7437 13.4183 -17.3876
v -38.6909 15.1583 -15.3463
v -39.7101 15.1782 -16.3685
v -38.6186 18.6761 -16.3693
v -39.7101 15.1782 -16.3685
v -38.6882 15.1569 -17.3878
v -38.6186 18.6761 -16.3693
v -38.6882 15.1569 -17.3878
v -37.6690 15.1370 -16.3657
v -38.6186 18.6761 -16.3693
v -37.6690 15.1370 -16.3657
v -38.6909 15.1583 -15.3463
v -38.6186 18.6761 -16.3693
v -38.6909 15.1583 -15.3463
v -38.6882 15.1569 -17.3878
v -39.7101 15.1782 -16.3685
v -38.6909 15.1583 -15.3463
v -37.6690 15.1370 -16.3657
v -38.6882 15.1569 -17.3878
v -43.4860 12.2141 -50.5379
v -42.8146 12.2266 -49.5783
v -44.2256 15.2190 -49.3447
v -42.8146 12.2266 -49.5783
v -43.9771 12.3186 -47.7554
v -44.2256 15.2190 -49.3447
v -43.9771 12.3186 -47.7554
v -45.8013 12.3317 -48.9194
v -44.2256 15.2190 -49.3447
v -45.8013 12.3317 -48.9194
v -44.6388 12.2397 -50.7423
v -44.2256 15.2190 -49.3447
v -44.6388 12.2397 -50.7423
v -43.4860 12.2141 -50.5379
v -44.2256 15.2190 -49.3447
v -43.4860 12.2141 -50.5379
v -43.9771 12.3186 -47.7554
v -42.8146 12.2266 -49.5783
v -43.4860 12.2141 -50.5379
v -45.8013 12.3317 -48.9194
v -43.9771 12.3186 -47.7554
v -43.4860 12.2141 -50.5379
v -44.6388 12.2397 -50.7423
v -45.8013 12.3317 -48.9194
v -43.6187 13.6978 -50.3131
v -43.2497 13.7418 -48.6478
v -44.1844 16.6890 -49.3926
v -43.2497 13.7418 -48.6478
v -44.9149 13.8004 -48.2805
v -44.1844 16.6890 -49.3926
v -44.9149 13.8004 -48.2805
v -45.2838 13.7564 -49.9457
v -44.1844 16.6890 -49.3926
v -45.2838 13.7564 -49.9457
v -43.6187 13.6978 -50.3131
v -44.1844 16.6890 -49.3926
v -43.6187 13.6978 -50.3131
v -44.9149 13.8004 -48.2805
v -43.2497 13.7418 -48.6478
v -43.6187 13.6978 -50.3131
v -45.2838 13.7564 -49.9457
v -44.9149 13.8004 -48.2805
v -43.3926 15.1897 -49.5285
v -44.0410 15.2410 -48.5117
v -44.1432 18.1589 -49.4405
v -44.0410 15.2410 -48.5117
v -45.0586 15.2484 -49.1609
v -44.1432 18.1589 -49.4405
v -45.0586 15.2484 -49.1609
v -44.4102 15.1971 -50.1777
v -44.1432 18.1589 -49.4405
v -44.4102 15.1971 -50.1777
v -43.3926 15.1897 -49.5285
v -44.1432 18.1589 -49.4405
v -43.3926 15.1897 -49.5285
v -45.0586 15.2484 -49.1609
v -44.0410 15.2410 -48.5117
v -43.3926 15.1897 -49.5285
v -44.4102 15.1971 -50.1777
v -45.0586 15.2484 -49.1609
v 1.6005 13.9224 50.5334
v 2.4690 13.8310 50.6362
v 2.1451 16.0938 51.6242
v 2.4690 13.8310 50.6362
v 2.9097 13.7948 52.1996
v 2.1451 16.0938 51.6242
v 2.9097 13.7948 52.1996
v 1.3553 13.9625 52.6417
v 2.1451 16.0938 51.6242
v 1.3553 13.9625 52.6417
v 0.9145 13.9988 51.0783
v 2.1451 16.0938 51.6242
v 0.9145 13.9988 51.0783
v 1.6005 13.9224 50.5334
v 2.1451 16.0938 51.6242
v 1.6005 13.9224 50.5334
v 2.9097 13.7948 52.1996
v 2.4690 13.8310 50.6362
v 1.6005 13.9224 50.5334
v 1.3553 13.9625 52.6417
v 2.9097 13.7948 52.1996
v 1.6005 13.9224 50.5334
v 0.9145 13.9988 51.0783
v 1.3553 13.9625 52.6417
v 1.7829 15.0155 50.7599
v 2.8952 14.9017 51.3851
v 2.2616 17.1923 51.6168
v 2.8952 14.9017 51.3851
v 2.2744 14.9751 52.5032
v 2.2616 17.1923 51.6168
v 2.2744 14.9751 52.5032
v 1.1620 15.0888 51.8781
v 2.2616 17.1923 51.6168
v 1.1620 15.0888 51.8781
v 1.7829 15.0155 50.7599
v 2.2616 17.1923 51.6168
v 1.7829 15.0155 50.7599
v 2.2744 14.9751 52.5032
v 2.8952 14.9017 51.3851
v 1.7829 15.0155 50.7599
v 1.1620 15.0888 51.8781
v 2.2744 14.9751 52.5032
v 2.4557 16.0571 51.0649
v 2.7016 16.0369 51.9369
v 2.3781 18.2908 51.6095
v 2.7016 16.0369 51.9369
v 1.8345 16.1305 52.1835
v 2.3781 18.2908 51.6095
v 1.8345 16.1305 52.1835
v 1.5886 16.1507 51.3115
v 2.3781 18.2908 51.6095
v 1.5886 16.1507 51.3115
v 2.4557 16.0571 51.0649
v 2.3781 18.2908 51.6095
v 2.4557 16.0571 51.0649
v 1.8345 16.1305 52.1835
v 2.7016 16.0369 51.9369
v 2.4557 16.0571 51.0649
v 1.5886 16.1507 51.3115
v 1.8345 16.1305 52.1835
v -15.5754 12.1125 -12.3993
v -16.5579 12.1062 -11.8339
v -16.8303 14.8880 -13.4126
v -16.5579 12.1062 -11.8339
v -18.2162 12.0083 -13.1097
v -16.8303 14.8880 -13.4126
v -18.2162 12.0083 -13.1097
v -16.9381 11.9803 -14.7688
v -16.8303 14.8880 -13.4126
v -16.9381 11.9803 -14.7688
v -15.2798 12.0782 -13.4930
v -16.8303 14.8880 -13.4126
v -15.2798 12.0782 -13.4930
v -15.5754 12.1125 -12.3993
v -16.8303 14.8880 -13.4126
v -15.5754 12.1125 -12.3993
v -18.2162 12.0083 -13.1097
v -16.5579 12.1062 -11.8339
v -15.5754 12.1125 -12.3993
v -16.9381 11.9803 -14.7688
v -18.2162 12.0083 -13.1097
v -15.5754 12.1125 -12.3993
v -15.2798 12.0782 -13.4930
v -16.9381 11.9803 -14.7688
v -15.8646 13.5202 -12.6457
v -17.5017 13.4812 -12.4320
v -16.8714 16.3104 -13.4683
v -17.5017 13.4812 -12.4320
v -17.7137 13.4111 -14.0683
v -16.8714 16.3104 -13.4683
v -17.7137 13.4111 -14.0683
v -16.0766 13.4501 -14.2820
v -16.8714 16.3104 -13.4683
v -16.0766 13.4501 -14.2820
v -15.8646 13.5202 -12.6457
v -16.8714 16.3104 -13.4683
v -15.8646 13.5202 -12.6457
v -17.7137 13.4111 -14.0683
v -17.5017 13.4812 -12.4320
v -15.8646 13.5202 -12.6457
v -16.0766 13.4501 -14.2820
v -17.7137 13.4111 -14.0683
v -16.7242 14.9231 -12.5941
v -17.6492 14.8685 -13.3057
v -16.9126 17.7328 -13.5239
v -17.6492 14.8685 -13.3057
v -16.9363 14.8529 -14.2312
v -16.9126 17.7328 -13.5239
v -16.9363 14.8529 -14.2312
v -16.0113 14.9075 -13.5196
v -16.9126 17.7328 -13.5239
v -16.0113 14.9075 -13.5196
v -16.7242 14.9231 -12.5941
v -16.9126 17.7328 -13.5239
v -16.7242 14.9231 -12.5941
v -16.9363 14.8529 -14.2312
v -17.6492 14.8685 -13.3057
v -16.7242 14.9231 -12.5941
v -16.0113 14.9075 -13.5196
v -16.9363 14.8529 -14.2312
v 10.1511 13.3286 -49.2676
v 10.0305 13.3335 -50.2004
v 11.2146 15.6962 -49.8671
v 10.0305 13.3335 -50.2004
v 11.5377 13.3394 -51.0659
v 11.2146 15.6962 -49.8671
v 11.5377 13.3394 -51.0659
v 12.4032 13.3323 -49.5587
v 11.2146 15.6962 -49.8671
v 12.4032 13.3323 -49.5587
v 10.8960 13.3263 -48.6933
v 11.2146 15.6962 -49.8671
v 10.8960 13.3263 -48.6933
v 10.1511 13.3286 -49.2676
v 11.2146 15.6962 -49.8671
v 10.1511 13.3286 -49.2676
v 11.5377 13.3394 -51.0659
v 10.0305 13.3335 -50.2004
v 10.1511 13.3286 -49.2676
v 12.4032 13.3323 -49.5587
v 11.5377 13.3394 -51.0659
v 10.1511 13.3286 -49.2676
v 10.8960 13.3263 -48.6933
v 12.4032 13.3323 -49.5587
v 10.3754 14.5112 -49.3908
v 10.7332 14.5185 -50.7136
v 11.2135 16.8778 -49.8609
v 10.7332 14.5185 -50.7136
v 12.0560 14.5179 -50.3559
v 11.2135 16.8778 -49.8609
v 12.0560 14.5179 -50.3559
v 11.6982 14.5105 -49.0331
v 11.2135 16.8778 -49.8609
v 11.6982 14.5105 -49.0331
v 10.3754 14.5112 -49.3908
v 11.2135 16.8778 -49.8609
v 10.3754 14.5112 -49.3908
v 12.0560 14.5179 -50.3559
v 10.7332 14.5185 -50.7136
v 10.3754 14.5112 -49.3908
v 11.6982 14.5105 -49.0331
v 12.0560 14.5179 -50.3559
v 10.5529 15.6965 -50.0461
v 11.3936 15.6998 -50.5288
v 11.2124 18.0595 -49.8546
v 11.3936 15.6998 -50.5288
v 11.8763 15.6959 -49.6881
v 11.2124 18.0595 -49.8546
v 11.8763 15.6959 -49.6881
v 11.0356 15.6925 -49.2054
v 11.2124 18.0595 -49.8546
v 11.0356 15.6925 -49.2054
v 10.5529 15.6965 -50.0461
v 11.2124 18.0595 -49.8546
v 10.5529 15.6965 -50.0461
v 11.8763 15.6959 -49.6881
v 11.3936 15.6998 -50.5288
v 10.5529 15.6965 -50.0461
v 11.0356 15.6925 -49.2054
v 11.8763 15.6959 -49.6881
v -6.7034 12.6601 -38.5202
v -6.4562 12.6879 -37.6676
v -7.5579 14.9388 -37.8841
v -6.4562 12.6879 -37.6676
v -7.7372 12.7576 -36.6441
v -7.5579 14.9388 -37.8841
v -7.7372 12.7576 -36.6441
v -8.7624 12.7309 -37.9254
v -7.5579 14.9388 -37.8841
v -8.7624 12.7309 -37.9254
v -7.4813 12.6612 -38.9489
v -7.5579 14.9388 -37.8841
v -7.4813 12.6612 -38.9489
v -6.7034 12.6601 -38.5202
v -7.5579 14.9388 -37.8841
v -6.7034 12.6601 -38.5202
v -7.7372 12.7576 -36.6441
v -6.4562 12.6879 -37.6676
v -6.7034 12.6601 -38.5202
v -8.7624 12.7309 -37.9254
v -7.7372 12.7576 -36.6441
v -6.7034 12.6601 -38.5202
v -7.4813 12.6612 -38.9489
v -8.7624 12.7309 -37.9254
v -6.8694 13.7852 -38.4109
v -7.0121 13.8390 -37.1259
v -7.5323 16.0535 -37.9278
v -7.0121 13.8390 -37.1259
v -8.2978 13.8629 -37.2697
v -7.5323 16.0535 -37.9278
v -8.2978 13.8629 -37.2697
v -8.1552 13.8092 -38.5546
v -7.5323 16.0535 -37.9278
v -8.1552 13.8092 -38.5546
v -6.8694 13.7852 -38.4109
v -7.5323 16.0535 -37.9278
v -6.8694 13.7852 -38.4109
v -8.2978 13.8629 -37.2697
v -7.0121 13.8390 -37.1259
v -6.8694 13.7852 -38.4109
v -8.1552 13.8092 -38.5546
v -8.2978 13.8629 -37.2697
v -6.9147 14.9268 -37.8122
v -7.6293 14.9657 -37.2413
v -7.5066 17.1681 -37.9716
v -7.6293 14.9657 -37.2413
v -8.2011 14.9508 -37.9560
v -7.5066 17.1681 -37.9716
v -8.2011 14.9508 -37.9560
v -7.4866 14.9119 -38.5269
v -7.5066 17.1681 -37.9716
v -7.4866 14.9119 -38.5269
v -6.9147 14.9268 -37.8122
v -7.5066 17.1681 -37.9716
v -6.9147 14.9268 -37.8122
v -8.2011 14.9508 -37.9560
v -7.6293 14.9657 -37.2413
v -6.9147 14.9268 -37.8122
v -7.4866 14.9119 -38.5269
v -8.2011 14.9508 -37.9560
v 49.4123 12.9104 -25.4623
v 49.8788 12.9685 -26.3551
v 50.5773 15.5113 -25.2546
v 49.8788 12.9685 -26.3551
v 51.7327 13.0696 -26.1863
v 50.5773 15.5113 -25.2546
v 51.7327 13.0696 -26.1863
v 51.5677 12.9953 -24.3307
v 50.5773 15.5113 -25.2546
v 51.5677 12.9953 -24.3307
v 49.7138 12.8942 -24.4996
v 50.5773 15.5113 -25.2546
v 49.7138 12.8942 -24.4996
v 49.4123 12.9104 -25.4623
v 50.5773 15.5113 -25.2546
v 49.4123 12.9104 -25.4623
v 51.7327 13.0696 -26.1863
v 49.8788 12.9685 -26.3551
v 49.4123 12.9104 -25.4623
v 51.5677 12.9953 -24.3307
v 51.7327 13.0696 -26.1863
v 49.4123 12.9104 -25.4623
v 49.7138 12.8942 -24.4996
v 51.5677 12.9953 -24.3307
v 49.6166 14.1902 -25.3929
v 50.7422 14.2880 -26.3333
v 50.5043 16.7760 -25.2105
v 50.7422 14.2880 -26.3333
v 51.6838 14.3030 -25.2046
v 50.5043 16.7760 -25.2105
v 51.6838 14.3030 -25.2046
v 50.5583 14.2052 -24.2643
v 50.5043 16.7760 -25.2105
v 50.5583 14.2052 -24.2643
v 49.6166 14.1902 -25.3929
v 50.5043 16.7760 -25.2105
v 49.6166 14.1902 -25.3929
v 51.6838 14.3030 -25.2046
v 50.7422 14.2880 -26.3333
v 49.6166 14.1902 -25.3929
v 50.5583 14.2052 -24.2643
v 51.6838 14.3030 -25.2046
v 50.1062 15.5038 -25.8192
v 51.1403 15.5602 -25.7250
v 50.4313 18.0407 -25.1664
v 51.1403 15.5602 -25.7250
v 51.0483 15.5188 -24.6900
v 50.4313 18.0407 -25.1664
v 51.0483 15.5188 -24.6900
v 50.0142 15.4624 -24.7842
v 50.4313 18.0407 -25.1664
v 50.0142 15.4624 -24.7842
v 50.1062 15.5038 -25.8192
v 50.4313 18.0407 -25.1664
v 50.1062 15.5038 -25.8192
v 51.0483 15.5188 -24.6900
v 51.1403 15.5602 -25.7250
v 50.1062 15.5038 -25.8192
v 50.0142 15.4624 -24.7842
v 51.0483 15.5188 -24.6900
v 22.3206 11.4830 -5.7092
v 21.3480 11.6112 -5.2607
v 21.5989 14.2556 -6.7697
v 21.3480 11.6112 -5.2607
v 19.8918 11.7267 -6.6169
v 21.5989 14.2556 -6.7697
v 19.8918 11.7267 -6.6169
v 21.2339 11.5181 -8.0757
v 21.5989 14.2556 -6.7697
v 21.2339 11.5181 -8.0757
v 22.6901 11.4026 -6.7195
v 21.5989 14.2556 -6.7697
v 22.6901 11.4026 -6.7195
v 22.3206 11.4830 -5.7092
v 21.5989 14.2556 -6.7697
v 22.3206 11.4830 -5.7092
v 19.8918 11.7267 -6.6169
v 21.3480 11.6112 -5.2607
v 22.3206 11.4830 -5.7092
v 21.2339 11.5181 -8.0757
v 19.8918 11.7267 -6.6169
v 22.3206 11.4830 -5.7092
v 22.6901 11.4026 -6.7195
v 21.2339 11.5181 -8.0757
v 22.2568 12.8458 -5.9628
v 20.6967 13.0264 -5.9056
v 21.7528 15.6011 -6.8205
v 20.6967 13.0264 -5.9056
v 20.6331 12.9745 -7.4751
v 21.7528 15.6011 -6.8205
v 20.6331 12.9745 -7.4751
v 22.1932 12.7938 -7.5323
v 21.7528 15.6011 -6.8205
v 22.1932 12.7938 -7.5323
v 22.2568 12.8458 -5.9628
v 21.7528 15.6011 -6.8205
v 22.2568 12.8458 -5.9628
v 20.6331 12.9745 -7.4751
v 20.6967 13.0264 -5.9056
v 22.2568 12.8458 -5.9628
v 22.1932 12.7938 -7.5323
v 20.6331 12.9745 -7.4751
v 21.6307 14.2816 -5.9846
v 20.8184 14.3460 -6.7411
v 21.9068 16.9466 -6.8712
v 20.8184 14.3460 -6.7411
v 21.5671 14.2297 -7.5548
v 21.9068 16.9466 -6.8712
v 21.5671 14.2297 -7.5548
v 22.3793 14.1653 -6.7983
v 21.9068 16.9466 -6.8712
v 22.3793 14.1653 -6.7983
v 21.6307 14.2816 -5.9846
v 21.9068 16.9466 -6.8712
v 21.6307 14.2816 -5.9846
v 21.5671 14.2297 -7.5548
v 20.8184 14.3460 -6.7411
v 21.6307 14.2816 -5.9846
v 22.3793 14.1653 -6.7983
v 21.5671 14.2297 -7.5548
v -32.4390 11.3337 -20.2196
v -32.2699 11.3192 -20.9418
v -31.5757 13.2368 -20.4366
v -32.2699 11.3192 -20.9418
v -30.9187 11.3790 -21.1654
v -31.5757 13.2368 -20.4366
v -30.9187 11.3790 -21.1654
v -30.6974 11.4327 -19.8136
v -31.5757 13.2368 -20.4366
v -30.6974 11.4327 -19.8136
v -32.0485 11.3729 -19.5900
v -31.5757 13.2368 -20.4366
v -32.0485 11.3729 -19.5900
v -32.4390 11.3337 -20.2196
v -31.5757 13.2368 -20.4366
v -32.4390 11.3337 -20.2196
v -30.9187 11.3790 -21.1654
v -32.2699 11.3192 -20.9418
v -32.4390 11.3337 -20.2196
v -30.6974 11.4327 -19.8136
v -30.9187 11.3790 -21.1654
v -32.4390 11.3337 -20.2196
v -32.0485 11.3729 -19.5900
v -30.6974 11.4327 -19.8136
v -32.2830 12.2730 -20.2825
v -31.6531 12.2764 -21.1608
v -31.6218 14.1672 -20.4660
v -31.6531 12.2764 -21.1608
v -30.7764 12.3397 -20.5318
v -31.6218 14.1672 -20.4660
v -30.7764 12.3397 -20.5318
v -31.4063 12.3363 -19.6535
v -31.6218 14.1672 -20.4660
v -31.4063 12.3363 -19.6535
v -32.2830 12.2730 -20.2825
v -31.6218 14.1672 -20.4660
v -32.2830 12.2730 -20.2825
v -30.7764 12.3397 -20.5318
v -31.6531 12.2764 -21.1608
v -32.2830 12.2730 -20.2825
v -31.4063 12.3363 -19.6535
v -30.7764 12.3397 -20.5318
v -32.0143 13.2051 -20.7512
v -31.2606 13.2385 -20.8759
v -31.6678 15.0976 -20.4955
v -31.2606 13.2385 -20.8759
v -31.1372 13.2685 -20.1219
v -31.6678 15.0976 -20.4955
v -31.1372 13.2685 -20.1219
v -31.8908 13.2351 -19.9972
v -31.6678 15.0976 -20.4955
v -31.8908 13.2351 -19.9972
v -32.0143 13.2051 -20.7512
v -31.6678 15.0976 -20.4955
v -32.0143 13.2051 -20.7512
v -31.1372 13.2685 -20.1219
v -31.2606 13.2385 -20.8759
v -32.0143 13.2051 -20.7512
v -31.8908 13.2351 -19.9972
v -31.1372 13.2685 -20.1219
v 45.6725 13.0126 22.0662
v 45.9550 12.9033 21.0203
v 47.1273 15.6934 21.6119
v 45.9550 12.9033 21.0203
v 47.9497 12.8451 20.7635
v 47.1273 15.6934 21.6119
v 47.9497 12.8451 20.7635
v 48.2110 13.0397 22.7490
v 47.1273 15.6934 21.6119
v 48.2110 13.0397 22.7490
v 46.2163 13.0979 23.0058
v 47.1273 15.6934 21.6119
v 46.2163 13.0979 23.0058
v 45.6725 13.0126 22.0662
v 47.1273 15.6934 21.6119
v 45.6725 13.0126 22.0662
v 47.9497 12.8451 20.7635
v 45.9550 12.9033 21.0203
v 45.6725 13.0126 22.0662
v 48.2110 13.0397 22.7490
v 47.9497 12.8451 20.7635
v 45.6725 13.0126 22.0662
v 46.2163 13.0979 23.0058
v 48.2110 13.0397 22.7490
v 45.9930 14.3649 21.8915
v 46.9595 14.2239 20.6414
v 47.1494 17.0544 21.4756
v 46.9595 14.2239 20.6414
v 48.2172 14.3000 21.6051
v 47.1494 17.0544 21.4756
v 48.2172 14.3000 21.6051
v 47.2508 14.4410 22.8552
v 47.1494 17.0544 21.4756
v 47.2508 14.4410 22.8552
v 45.9930 14.3649 21.8915
v 47.1494 17.0544 21.4756
v 45.9930 14.3649 21.8915
v 48.2172 14.3000 21.6051
v 46.9595 14.2239 20.6414
v 45.9930 14.3649 21.8915
v 47.2508 14.4410 22.8552
v 48.2172 14.3000 21.6051
v 46.4981 15.6554 21.1298
v 47.6107 15.6229 20.9866
v 47.1716 18.4154 21.3392
v 47.6107 15.6229 20.9866
v 47.7565 15.7315 22.0940
v 47.1716 18.4154 21.3392
v 47.7565 15.7315 22.0940
v 46.6438 15.7640 22.2373
v 47.1716 18.4154 21.3392
v 46.6438 15.7640 22.2373
v 46.4981 15.6554 21.1298
v 47.1716 18.4154 21.3392
v 46.4981 15.6554 21.1298
v 47.7565 15.7315 22.0940
v 47.6107 15.6229 20.9866
v 46.4981 15.6554 21.1298
v 46.6438 15.7640 22.2373
v 47.7565 15.7315 22.0940
v 32.2559 13.3666 34.5533
v 31.2290 13.3830 35.2987
v 30.7702 16.4711 33.5184
v 31.2290 13.3830 35.2987
v 29.2311 13.2718 34.0763
v 30.7702 16.4711 33.5184
v 29.2311 13.2718 34.0763
v 30.4574 13.1929 32.0792
v 30.7702 16.4711 33.5184
v 30.4574 13.1929 32.0792
v 32.4553 13.3041 33.3016
v 30.7702 16.4711 33.5184
v 32.4553 13.3041 33.3016
v 32.2559 13.3666 34.5533
v 30.7702 16.4711 33.5184
v 32.2559 13.3666 34.5533
v 29.2311 13.2718 34.0763
v 31.2290 13.3830 35.2987
v 32.2559 13.3666 34.5533
v 30.4574 13.1929 32.0792
v 29.2311 13.2718 34.0763
v 32.2559 13.3666 34.5533
v 32.4553 13.3041 33.3016
v 30.4574 13.1929 32.0792
v 31.9206 14.9415 34.2852
v 30.1230 14.9235 34.7171
v 30.7338 18.0626 33.4331
v 30.1230 14.9235 34.7171
v 29.6928 14.8175 32.9221
v 30.7338 18.0626 33.4331
v 29.6928 14.8175 32.9221
v 31.4904 14.8355 32.4903
v 30.7338 18.0626 33.4331
v 31.4904 14.8355 32.4903
v 31.9206 14.9415 34.2852
v 30.7338 18.0626 33.4331
v 31.9206 14.9415 34.2852
v 29.6928 14.8175 32.9221
v 30.1230 14.9235 34.7171
v 31.9206 14.9415 34.2852
v 31.4904 14.8355 32.4903
v 29.6928 14.8175 32.9221
v 30.9854 16.5241 34.4163
v 29.8710 16.4620 33.7344
v 30.6973 19.6542 33.3478
v 29.8710 16.4620 33.7344
v 30.5551 16.4180 32.6205
v 30.6973 19.6542 33.3478
v 30.5551 16.4180 32.6205
v 31.6695 16.4801 33.3023
v 30.6973 19.6542 33.3478
v 31.6695 16.4801 33.3023
v 30.9854 16.5241 34.4163
v 30.6973 19.6542 33.3478
v 30.9854 16.5241 34.4163
v 30.5551 16.4180 32.6205
v 29.8710 16.4620 33.7344
v 30.9854 16.5241 34.4163
v 31.6695 16.4801 33.3023
v 30.5551 16.4180 32.6205
v -28.9701 11.4642 -3.8188
v -28.5831 11.5261 -4.7467
v -27.6214 13.9709 -3.6357
v -28.5831 11.5261 -4.7467
v -26.7223 11.5018 -4.7453
v -27.6214 13.9709 -3.6357
v -26.7223 11.5018 -4.7453
v -26.7253 11.3679 -2.8891
v -27.6214 13.9709 -3.6357
v -26.7253 11.3679 -2.8891
v -28.5862 11.3922 -2.8905
v -27.6214 13.9709 -3.6357
v -28.5862 11.3922 -2.8905
v -28.9701 11.4642 -3.8188
v -27.6214 13.9709 -3.6357
v -28.9701 11.4642 -3.8188
v -26.7223 11.5018 -4.7453
v -28.5831 11.5261 -4.7467
v -28.9701 11.4642 -3.8188
v -26.7253 11.3679 -2.8891
v -26.7223 11.5018 -4.7453
v -28.9701 11.4642 -3.8188
v -28.5862 11.3922 -2.8905
v -26.7253 11.3679 -2.8891
v -28.6753 12.7225 -3.7276
v -27.6361 12.7836 -4.7617
v -27.6051 15.2328 -3.5446
v -27.6361 12.7836 -4.7617
v -26.6004 12.6954 -3.7261
v -27.6051 15.2328 -3.5446
v -26.6004 12.6954 -3.7261
v -27.6396 12.6342 -2.6919
v -27.6051 15.2328 -3.5446
v -27.6396 12.6342 -2.6919
v -28.6753 12.7225 -3.7276
v -27.6051 15.2328 -3.5446
v -28.6753 12.7225 -3.7276
v -26.6004 12.6954 -3.7261
v -27.6361 12.7836 -4.7617
v -28.6753 12.7225 -3.7276
v -27.6396 12.6342 -2.6919
v -26.6004 12.6954 -3.7261
v -28.1396 14.0150 -4.1538
v -27.1016 14.0014 -4.1530
v -27.5887 16.4947 -3.4535
v -27.1016 14.0014 -4.1530
v -27.1033 13.9267 -3.1177
v -27.5887 16.4947 -3.4535
v -27.1033 13.9267 -3.1177
v -28.1413 13.9403 -3.1184
v -27.5887 16.4947 -3.4535
v -28.1413 13.9403 -3.1184
v -28.1396 14.0150 -4.1538
v -27.5887 16.4947 -3.4535
v -28.1396 14.0150 -4.1538
v -27.1033 13.9267 -3.1177
v -27.1016 14.0014 -4.1530
v -28.1396 14.0150 -4.1538
v -28.1413 13.9403 -3.1184
v -27.1033 13.9267 -3.1177
v -47.4643 11.3507 -42.3165
v -47.4668 11.3739 -41.6399
v -48.3488 13.0292 -42.0387
v -47.4668 11.3739 -41.6399
v -48.6236 11.3450 -41.1642
v -48.3488 13.0292 -42.0387
v -48.6236 11.3450 -41.1642
v -49.0976 11.2866 -42.3206
v -48.3488 13.0292 -42.0387
v -49.0976 11.2866 -42.3206
v -47.9408 11.3155 -42.7962
v -48.3488 13.0292 -42.0387
v -47.9408 11.3155 -42.7962
v -47.4643 11.3507 -42.3165
v -48.3488 13.0292 -42.0387
v -47.4643 11.3507 -42.3165
v -48.6236 11.3450 -41.1642
v -47.4668 11.3739 -41.6399
v -47.4643 11.3507 -42.3165
v -49.0976 11.2866 -42.3206
v -48.6236 11.3450 -41.1642
v -47.4643 11.3507 -42.3165
v -47.9408 11.3155 -42.7962
v -49.0976 11.2866 -42.3206
v -47.6706 12.1958 -42.2746
v -48.0512 12.2123 -41.3648
v -48.3820 13.8786 -42.0680
v -48.0512 12.2123 -41.3648
v -48.9604 12.1636 -41.7443
v -48.3820 13.8786 -42.0680
v -48.9604 12.1636 -41.7443
v -48.5797 12.1472 -42.6541
v -48.3820 13.8786 -42.0680
v -48.5797 12.1472 -42.6541
v -47.6706 12.1958 -42.2746
v -48.3820 13.8786 -42.0680
v -47.6706 12.1958 -42.2746
v -48.9604 12.1636 -41.7443
v -48.0512 12.2123 -41.3648
v -47.6706 12.1958 -42.2746
v -48.5797 12.1472 -42.6541
v -48.9604 12.1636 -41.7443
v -47.8940 13.0535 -41.8489
v -48.5392 13.0374 -41.5836
v -48.4153 14.7280 -42.0972
v -48.5392 13.0374 -41.5836
v -48.8036 13.0048 -42.2286
v -48.4153 14.7280 -42.0972
v -48.8036 13.0048 -42.2286
v -48.1583 13.0209 -42.4939
v -48.4153 14.7280 -42.0972
v -48.1583 13.0209 -42.4939
v -47.8940 13.0535 -41.8489
v -48.4153 14.7280 -42.0972
v -47.8940 13.0535 -41.8489
v -48.8036 13.0048 -42.2286
v -48.5392 13.0374 -41.5836
v -47.8940 13.0535 -41.8489
v -48.1583 13.0209 -42.4939
v -48.8036 13.0048 -42.2286
v 32.4845 11.7836 -17.8732
v 32.9439 11.8569 -18.7121
v 33.6134 14.2382 -17.5890
v 32.9439 11.8569 -18.7121
v 34.7042 11.9297 -18.5172
v 33.6134 14.2382 -17.5890
v 34.7042 11.9297 -18.5172
v 34.5143 11.8134 -16.7588
v 33.6134 14.2382 -17.5890
v 34.5143 11.8134 -16.7588
v 32.7541 11.7405 -16.9536
v 33.6134 14.2382 -17.5890
v 32.7541 11.7405 -16.9536
v 32.4845 11.7836 -17.8732
v 33.6134 14.2382 -17.5890
v 32.4845 11.7836 -17.8732
v 34.7042 11.9297 -18.5172
v 32.9439 11.8569 -18.7121
v 32.4845 11.7836 -17.8732
v 34.5143 11.8134 -16.7588
v 34.7042 11.9297 -18.5172
v 32.4845 11.7836 -17.8732
v 32.7541 11.7405 -16.9536
v 34.5143 11.8134 -16.7588
v 32.6899 12.9960 -17.7708
v 33.7771 13.1015 -18.6426
v 33.5556 15.4397 -17.5157
v 33.7771 13.1015 -18.6426
v 34.6527 13.0773 -17.5536
v 33.5556 15.4397 -17.5157
v 34.6527 13.0773 -17.5536
v 33.5654 12.9718 -16.6818
v 33.5556 15.4397 -17.5157
v 33.5654 12.9718 -16.6818
v 32.6899 12.9960 -17.7708
v 33.5556 15.4397 -17.5157
v 32.6899 12.9960 -17.7708
v 34.6527 13.0773 -17.5536
v 33.7771 13.1015 -18.6426
v 32.6899 12.9960 -17.7708
v 33.5654 12.9718 -16.6818
v 34.6527 13.0773 -17.5536
v 33.1754 14.2503 -18.1337
v 34.1573 14.2909 -18.0250
v 33.4977 16.6412 -17.4425
v 34.1573 14.2909 -18.0250
v 34.0514 14.2261 -17.0442
v 33.4977 16.6412 -17.4425
v 34.0514 14.2261 -17.0442
v 33.0695 14.1854 -17.1529
v 33.4977 16.6412 -17.4425
v 33.0695 14.1854 -17.1529
v 33.1754 14.2503 -18.1337
v 33.4977 16.6412 -17.4425
v 33.1754 14.2503 -18.1337
v 34.0514 14.2261 -17.0442
v 34.1573 14.2909 -18.0250
v 33.1754 14.2503 -18.1337
v 33.0695 14.1854 -17.1529
v 34.0514 14.2261 -17.0442
v -17.8471 11.8746 -30.7680
v -18.4526 11.9231 -30.4729
v -18.3960 13.5929 -31.4037
v -18.4526 11.9231 -30.4729
v -19.3857 11.9596 -31.3006
v -18.3960 13.5929 -31.4037
v -19.3857 11.9596 -31.3006
v -18.5612 11.8778 -32.2336
v -18.3960 13.5929 -31.4037
v -18.5612 11.8778 -32.2336
v -17.6281 11.8413 -31.4060
v -18.3960 13.5929 -31.4037
v -17.6281 11.8413 -31.4060
v -17.8471 11.8746 -30.7680
v -18.3960 13.5929 -31.4037
v -17.8471 11.8746 -30.7680
v -19.3857 11.9596 -31.3006
v -18.4526 11.9231 -30.4729
v -17.8471 11.8746 -30.7680
v -18.5612 11.8778 -32.2336
v -19.3857 11.9596 -31.3006
v -17.8471 11.8746 -30.7680
v -17.6281 11.8413 -31.4060
v -18.5612 11.8778 -32.2336
v -17.9312 12.7263 -30.9170
v -18.9111 12.7923 -30.8583
v -18.3405 14.4391 -31.4289
v -18.9111 12.7923 -30.8583
v -18.9716 12.7670 -31.8399
v -18.3405 14.4391 -31.4289
v -18.9716 12.7670 -31.8399
v -17.9918 12.7010 -31.8987
v -18.3405 14.4391 -31.4289
v -17.9918 12.7010 -31.8987
v -17.9312 12.7263 -30.9170
v -18.3405 14.4391 -31.4289
v -17.9312 12.7263 -30.9170
v -18.9716 12.7670 -31.8399
v -18.9111 12.7923 -30.8583
v -17.9312 12.7263 -30.9170
v -17.9918 12.7010 -31.8987
v -18.9716 12.7670 -31.8399
v -18.3657 13.6055 -30.9126
v -18.8861 13.6259 -31.3743
v -18.2850 15.2853 -31.4541
v -18.8861 13.6259 -31.3743
v -18.4263 13.5802 -31.8948
v -18.2850 15.2853 -31.4541
v -18.4263 13.5802 -31.8948
v -17.9058 13.5599 -31.4331
v -18.2850 15.2853 -31.4541
v -17.9058 13.5599 -31.4331
v -18.3657 13.6055 -30.9126
v -18.2850 15.2853 -31.4541
v -18.3657 13.6055 -30.9126
v -18.4263 13.5802 -31.8948
v -18.8861 13.6259 -31.3743
v -18.3657 13.6055 -30.9126
v -17.9058 13.5599 -31.4331
v -18.4263 13.5802 -31.8948
v 35.0889 13.0174 38.9613
v 35.0703 13.0629 38.1512
v 35.9364 15.1319 38.6540
v 35.0703 13.0629 38.1512
v 36.4399 13.1790 37.5512
v 35.9364 15.1319 38.6540
v 36.4399 13.1790 37.5512
v 37.0444 13.1360 38.9230
v 35.9364 15.1319 38.6540
v 37.0444 13.1360 38.9230
v 35.6749 13.0200 39.5230
v 35.9364 15.1319 38.6540
v 35.6749 13.0200 39.5230
v 35.0889 13.0174 38.9613
v 35.9364 15.1319 38.6540
v 35.0889 13.0174 38.9613
v 36.4399 13.1790 37.5512
v 35.0703 13.0629 38.1512
v 35.0889 13.0174 38.9613
v 37.0444 13.1360 38.9230
v 36.4399 13.1790 37.5512
v 35.0889 13.0174 38.9613
v 35.6749 13.0200 39.5230
v 37.0444 13.1360 38.9230
v 35.2333 14.0510 38.9301
v 35.6598 14.1396 37.8307
v 35.8759 16.1481 38.7125
v 35.6598 14.1396 37.8307
v 36.7605 14.1804 38.2611
v 35.8759 16.1481 38.7125
v 36.7605 14.1804 38.2611
v 36.3339 14.0917 39.3604
v 35.8759 16.1481 38.7125
v 36.3339 14.0917 39.3604
v 35.2333 14.0510 38.9301
v 35.8759 16.1481 38.7125
v 35.2333 14.0510 38.9301
v 36.7605 14.1804 38.2611
v 35.6598 14.1396 37.8307
v 35.2333 14.0510 38.9301
v 36.3339 14.0917 39.3604
v 36.7605 14.1804 38.2611
v 35.3858 15.1115 38.4388
v 36.1497 15.1762 38.1041
v 35.8154 17.1643 38.7710
v 36.1497 15.1762 38.1041
v 36.4870 15.1523 38.8693
v 35.8154 17.1643 38.7710
v 36.4870 15.1523 38.8693
v 35.7230 15.0875 39.2040
v 35.8154 17.1643 38.7710
v 35.7230 15.0875 39.2040
v 35.3858 15.1115 38.4388
v 35.8154 17.1643 38.7710
v 35.3858 15.1115 38.4388
v 36.4870 15.1523 38.8693
v 36.1497 15.1762 38.1041
v 35.3858 15.1115 38.4388
v 35.7230 15.0875 39.2040
v 36.4870 15.1523 38.8693
v 49.9280 12.9675 20.9648
v 49.1528 12.9314 21.5734
v 48.7658 15.4504 20.4307
v 49.1528 12.9314 21.5734
v 47.5642 12.9415 20.6807
v 48.7658 15.4504 20.4307
v 47.5642 12.9415 20.6807
v 48.4565 13.0178 19.0936
v 48.7658 15.4504 20.4307
v 48.4565 13.0178 19.0936
v 50.0451 13.0077 19.9863
v 48.7658 15.4504 20.4307
v 50.0451 13.0077 19.9863
v 49.9280 12.9675 20.9648
v 48.7658 15.4504 20.4307
v 49.9280 12.9675 20.9648
v 47.5642 12.9415 20.6807
v 49.1528 12.9314 21.5734
v 49.9280 12.9675 20.9648
v 48.4565 13.0178 19.0936
v 47.5642 12.9415 20.6807
v 49.9280 12.9675 20.9648
v 50.0451 13.0077 19.9863
v 48.4565 13.0178 19.0936
v 49.6709 14.2069 20.8798
v 48.2877 14.1700 21.2669
v 48.7463 16.6883 20.4792
v 48.2877 14.1700 21.2669
v 47.8995 14.2181 19.8844
v 48.7463 16.6883 20.4792
v 47.8995 14.2181 19.8844
v 49.2827 14.2550 19.4972
v 48.7463 16.6883 20.4792
v 49.2827 14.2550 19.4972
v 49.6709 14.2069 20.8798
v 48.7463 16.6883 20.4792
v 49.6709 14.2069 20.8798
v 47.8995 14.2181 19.8844
v 48.2877 14.1700 21.2669
v 49.6709 14.2069 20.8798
v 49.2827 14.2550 19.4972
v 47.8995 14.2181 19.8844
v 48.9600 15.4263 21.1223
v 48.0738 15.4320 20.6243
v 48.7269 17.9262 20.5278
v 48.0738 15.4320 20.6243
v 48.5716 15.4745 19.7391
v 48.7269 17.9262 20.5278
v 48.5716 15.4745 19.7391
v 49.4577 15.4689 20.2370
v 48.7269 17.9262 20.5278
v 49.4577 15.4689 20.2370
v 48.9600 15.4263 21.1223
v 48.7269 17.9262 20.5278
v 48.9600 15.4263 21.1223
v 48.5716 15.4745 19.7391
v 48.0738 15.4320 20.6243
v 48.9600 15.4263 21.1223
v 49.4577 15.4689 20.2370
v 48.5716 15.4745 19.7391
v 0.1752 12.2699 -29.4794
v -0.6150 12.2446 -29.4254
v -0.3469 14.2610 -30.3733
v -0.6150 12.2446 -29.4254
v -1.2665 12.2465 -30.7367
v -0.3469 14.2610 -30.3733
v -1.2665 12.2465 -30.7367
v 0.0440 12.2978 -31.3878
v -0.3469 14.2610 -30.3733
v 0.0440 12.2978 -31.3878
v 0.6955 12.2960 -30.0765
v -0.3469 14.2610 -30.3733
v 0.6955 12.2960 -30.0765
v 0.1752 12.2699 -29.4794
v -0.3469 14.2610 -30.3733
v 0.1752 12.2699 -29.4794
v -1.2665 12.2465 -30.7367
v -0.6150 12.2446 -29.4254
v 0.1752 12.2699 -29.4794
v 0.0440 12.2978 -31.3878
v -1.2665 12.2465 -30.7367
v 0.1752 12.2699 -29.4794
v 0.6955 12.2960 -30.0765
v 0.0440 12.2978 -31.3878
v 0.0470 13.2651 -29.6589
v -1.0468 13.2375 -30.0270
v -0.3777 15.2559 -30.3566
v -1.0468 13.2375 -30.0270
v -0.6794 13.2672 -31.1210
v -0.3777 15.2559 -30.3566
v -0.6794 13.2672 -31.1210
v 0.4144 13.2948 -30.7529
v -0.3777 15.2559 -30.3566
v 0.4144 13.2948 -30.7529
v 0.0470 13.2651 -29.6589
v -0.3777 15.2559 -30.3566
v 0.0470 13.2651 -29.6589
v -0.6794 13.2672 -31.1210
v -1.0468 13.2375 -30.0270
v 0.0470 13.2651 -29.6589
v 0.4144 13.2948 -30.7529
v -0.6794 13.2672 -31.1210
v -0.5307 14.2462 -29.8260
v -0.8941 14.2472 -30.5574
v -0.4084 16.2508 -30.3399
v -0.8941 14.2472 -30.5574
v -0.1632 14.2759 -30.9205
v -0.4084 16.2508 -30.3399
v -0.1632 14.2759 -30.9205
v 0.2003 14.2748 -30.1891
v -0.4084 16.2508 -30.3399
v 0.2003 14.2748 -30.1891
v -0.5307 14.2462 -29.8260
v -0.4084 16.2508 -30.3399
v -0.5307 14.2462 -29.8260
v -0.1632 14.2759 -30.9205
v -0.8941 14.2472 -30.5574
v -0.5307 14.2462 -29.8260
v 0.2003 14.2748 -30.1891
v -0.1632 14.2759 -30.9205
v -36.6325 12.3985 -50.2596
v -37.5193 12.5417 -50.9969
v -35.7796 15.2591 -51.6457
v -37.5193 12.5417 -50.9969
v -36.8951 12.5000 -53.0511
v -35.7796 15.2591 -51.6457
v -36.8951 12.5000 -53.0511
v -34.8629 12.1964 -52.4274
v -35.7796 15.2591 -51.6457
v -34.8629 12.1964 -52.4274
v -35.4871 12.2380 -50.3732
v -35.7796 15.2591 -51.6457
v -35.4871 12.2380 -50.3732
v -36.6325 12.3985 -50.2596
v -35.7796 15.2591 -51.6457
v -36.6325 12.3985 -50.2596
v -36.8951 12.5000 -53.0511
v -37.5193 12.5417 -50.9969
v -36.6325 12.3985 -50.2596
v -34.8629 12.1964 -52.4274
v -36.8951 12.5000 -53.0511
v -36.6325 12.3985 -50.2596
v -35.4871 12.2380 -50.3732
v -34.8629 12.1964 -52.4274
v -36.3334 13.8373 -50.5337
v -37.1184 13.9834 -52.0266
v -35.5739 16.7041 -51.6125
v -37.1184 13.9834 -52.0266
v -35.6374 13.7908 -52.8242
v -35.5739 16.7041 -51.6125
v -35.6374 13.7908 -52.8242
v -34.8524 13.6448 -51.3312
v -35.5739 16.7041 -51.6125
v -34.8524 13.6448 -51.3312
v -36.3334 13.8373 -50.5337
v -35.5739 16.7041 -51.6125
v -36.3334 13.8373 -50.5337
v -35.6374 13.7908 -52.8242
v -37.1184 13.9834 -52.0266
v -36.3334 13.8373 -50.5337
v -34.8524 13.6448 -51.3312
v -35.6374 13.7908 -52.8242
v -36.5205 15.3554 -51.2467
v -36.1723 15.3322 -52.3925
v -35.3682 18.1491 -51.5792
v -36.1723 15.3322 -52.3925
v -35.0388 15.1628 -52.0446
v -35.3682 18.1491 -51.5792
v -35.0388 15.1628 -52.0446
v -35.3870 15.1860 -50.8988
v -35.3682 18.1491 -51.5792
v -35.3870 15.1860 -50.8988
v -36.5205 15.3554 -51.2467
v -35.3682 18.1491 -51.5792
v -36.5205 15.3554 -51.2467
v -35.0388 15.1628 -52.0446
v -36.1723 15.3322 -52.3925
v -36.5205 15.3554 -51.2467
v -35.3870 15.1860 -50.8988
v -35.0388 15.1628 -52.0446
v 41.7594 12.4210 12.1704
v 40.9229 12.4575 11.5076
v 42.2216 15.1143 10.8753
v 40.9229 12.4575 11.5076
v 41.4634 12.4744 9.6100
v 42.2216 15.1143 10.8753
v 41.4634 12.4744 9.6100
v 43.3601 12.4083 10.1496
v 42.2216 15.1143 10.8753
v 43.3601 12.4083 10.1496
v 42.8197 12.3914 12.0472
v 42.2216 15.1143 10.8753
v 42.8197 12.3914 12.0472
v 41.7594 12.4210 12.1704
v 42.2216 15.1143 10.8753
v 41.7594 12.4210 12.1704
v 41.4634 12.4744 9.6100
v 40.9229 12.4575 11.5076
v 41.7594 12.4210 12.1704
v 43.3601 12.4083 10.1496
v 41.4634 12.4744 9.6100
v 41.7594 12.4210 12.1704
v 42.8197 12.3914 12.0472
v 43.3601 12.4083 10.1496
v 41.8803 13.7642 11.9099
v 41.1241 13.8104 10.5511
v 42.2617 16.4551 10.8986
v 41.1241 13.8104 10.5511
v 42.4829 13.7830 9.7940
v 42.2617 16.4551 10.8986
v 42.4829 13.7830 9.7940
v 43.2390 13.7368 11.1528
v 42.2617 16.4551 10.8986
v 43.2390 13.7368 11.1528
v 41.8803 13.7642 11.9099
v 42.2617 16.4551 10.8986
v 41.8803 13.7642 11.9099
v 42.4829 13.7830 9.7940
v 41.1241 13.8104 10.5511
v 41.8803 13.7642 11.9099
v 43.2390 13.7368 11.1528
v 42.4829 13.7830 9.7940
v 41.5419 15.1281 11.2540
v 41.8433 15.1375 10.1956
v 42.3017 17.7958 10.9220
v 41.8433 15.1375 10.1956
v 42.9013 15.1006 10.4966
v 42.3017 17.7958 10.9220
v 42.9013 15.1006 10.4966
v 42.5999 15.0912 11.5550
v 42.3017 17.7958 10.9220
v 42.5999 15.0912 11.5550
v 41.5419 15.1281 11.2540
v 42.3017 17.7958 10.9220
v 41.5419 15.1281 11.2540
v 42.9013 15.1006 10.4966
v 41.8433 15.1375 10.1956
v 41.5419 15.1281 11.2540
v 42.5999 15.0912 11.5550
v 42.9013 15.1006 10.4966
v -37.8117 10.9575 -2.6893
v -37.8764 10.8982 -3.6663
v -36.7870 13.4398 -3.4002
v -37.8764 10.8982 -3.6663
v -36.2533 10.9332 -4.4723
v -36.7870 13.4398 -3.4002
v -36.2533 10.9332 -4.4723
v -35.4516 11.0662 -2.8521
v -36.7870 13.4398 -3.4002
v -35.4516 11.0662 -2.8521
v -37.0747 11.0312 -2.0461
v -36.7870 13.4398 -3.4002
v -37.0747 11.0312 -2.0461
v -37.8117 10.9575 -2.6893
v -36.7870 13.4398 -3.4002
v -37.8117 10.9575 -2.6893
v -36.2533 10.9332 -4.4723
v -37.8764 10.8982 -3.6663
v -37.8117 10.9575 -2.6893
v -35.4516 11.0662 -2.8521
v -36.2533 10.9332 -4.4723
v -37.8117 10.9575 -2.6893
v -37.0747 11.0312 -2.0461
v -35.4516 11.0662 -2.8521
v -37.6304 12.1915 -2.8803
v -37.1724 12.1368 -4.2330
v -36.8485 14.6686 -3.4706
v -37.1724 12.1368 -4.2330
v -35.8206 12.2305 -3.7791
v -36.8485 14.6686 -3.4706
v -35.8206 12.2305 -3.7791
v -36.2785 12.2852 -2.4264
v -36.8485 14.6686 -3.4706
v -36.2785 12.2852 -2.4264
v -37.6304 12.1915 -2.8803
v -36.8485 14.6686 -3.4706
v -37.6304 12.1915 -2.8803
v -35.8206 12.2305 -3.7791
v -37.1724 12.1368 -4.2330
v -37.6304 12.1915 -2.8803
v -36.2785 12.2852 -2.4264
v -35.8206 12.2305 -3.7791
v -37.4632 13.3930 -3.6272
v -36.5579 13.4125 -4.0768
v -36.9100 15.8974 -3.5411
v -36.5579 13.4125 -4.0768
v -36.1107 13.4867 -3.1731
v -36.9100 15.8974 -3.5411
v -36.1107 13.4867 -3.1731
v -37.0161 13.4672 -2.7235
v -36.9100 15.8974 -3.5411
v -37.0161 13.4672 -2.7235
v -37.4632 13.3930 -3.6272
v -36.9100 15.8974 -3.5411
v -37.4632 13.3930 -3.6272
v -36.1107 13.4867 -3.1731
v -36.5579 13.4125 -4.0768
v -37.4632 13.3930 -3.6272
v -37.0161 13.4672 -2.7235
v -36.1107 13.4867 -3.1731
v 6.3629 12.4215 24.3859
v 5.8356 12.4983 25.5080
v 4.9466 15.6358 24.1880
v 5.8356 12.4983 25.5080
v 3.5475 12.6422 25.3954
v 4.9466 15.6358 24.1880
v 3.5475 12.6422 25.3954
v 3.6544 12.5483 23.1044
v 4.9466 15.6358 24.1880
v 3.6544 12.5483 23.1044
v 5.9425 12.4043 23.2170
v 4.9466 15.6358 24.1880
v 5.9425 12.4043 23.2170
v 6.3629 12.4215 24.3859
v 4.9466 15.6358 24.1880
v 6.3629 12.4215 24.3859
v 3.5475 12.6422 25.3954
v 5.8356 12.4983 25.5080
v 6.3629 12.4215 24.3859
v 3.6544 12.5483 23.1044
v 3.5475 12.6422 25.3954
v 6.3629 12.4215 24.3859
v 5.9425 12.4043 23.2170
v 3.6544 12.5483 23.1044
v 6.1215 13.9993 24.3099
v 4.7862 14.1319 25.5244
v 5.0474 17.1920 24.1289
v 4.7862 14.1319 25.5244
v 3.5702 14.1598 24.1843
v 5.0474 17.1920 24.1289
v 3.5702 14.1598 24.1843
v 4.9054 14.0272 22.9698
v 5.0474 17.1920 24.1289
v 4.9054 14.0272 22.9698
v 6.1215 13.9993 24.3099
v 5.0474 17.1920 24.1289
v 6.1215 13.9993 24.3099
v 3.5702 14.1598 24.1843
v 4.7862 14.1319 25.5244
v 6.1215 13.9993 24.3099
v 4.9054 14.0272 22.9698
v 3.5702 14.1598 24.1843
v 5.5550 15.6218 24.8584
v 4.2787 15.7021 24.7955
v 5.1483 18.7483 24.0698
v 4.2787 15.7021 24.7955
v 4.3383 15.6497 23.5176
v 5.1483 18.7483 24.0698
v 4.3383 15.6497 23.5176
v 5.6146 15.5694 23.5805
v 5.1483 18.7483 24.0698
v 5.6146 15.5694 23.5805
v 5.5550 15.6218 24.8584
v 5.1483 18.7483 24.0698
v 5.5550 15.6218 24.8584
v 4.3383 15.6497 23.5176
v 4.2787 15.7021 24.7955
v 5.5550 15.6218 24.8584
v 5.6146 15.5694 23.5805
v 4.3383 15.6497 23.5176
v -30.6472 12.2144 -44.6666
v -31.1317 12.2736 -43.8676
v -31.7198 14.6231 -44.9466
v -31.1317 12.2736 -43.8676
v -32.8389 12.3611 -44.1333
v -31.7198 14.6231 -44.9466
v -32.8389 12.3611 -44.1333
v -32.5772 12.2790 -45.8415
v -31.7198 14.6231 -44.9466
v -32.5772 12.2790 -45.8415
v -30.8700 12.1915 -45.5757
v -31.7198 14.6231 -44.9466
v -30.8700 12.1915 -45.5757
v -30.6472 12.2144 -44.6666
v -31.7198 14.6231 -44.9466
v -30.6472 12.2144 -44.6666
v -32.8389 12.3611 -44.1333
v -31.1317 12.2736 -43.8676
v -30.6472 12.2144 -44.6666
v -32.5772 12.2790 -45.8415
v -32.8389 12.3611 -44.1333
v -30.6472 12.2144 -44.6666
v -30.8700 12.1915 -45.5757
v -32.5772 12.2790 -45.8415
v -30.8353 13.4009 -44.7524
v -31.9330 13.4955 -43.9482
v -31.6525 15.7965 -44.9927
v -31.9330 13.4955 -43.9482
v -32.7390 13.4985 -45.0487
v -31.6525 15.7965 -44.9927
v -32.7390 13.4985 -45.0487
v -31.6412 13.4040 -45.8529
v -31.6525 15.7965 -44.9927
v -31.6412 13.4040 -45.8529
v -30.8353 13.4009 -44.7524
v -31.6525 15.7965 -44.9927
v -30.8353 13.4009 -44.7524
v -32.7390 13.4985 -45.0487
v -31.9330 13.4955 -43.9482
v -30.8353 13.4009 -44.7524
v -31.6412 13.4040 -45.8529
v -32.7390 13.4985 -45.0487
v -31.3166 14.6216 -44.3961
v -32.2689 14.6704 -44.5443
v -31.5852 16.9700 -45.0387
v -32.2689 14.6704 -44.5443
v -32.1230 14.6246 -45.4971
v -31.5852 16.9700 -45.0387
v -32.1230 14.6246 -45.4971
v -31.1707 14.5758 -45.3489
v -31.5852 16.9700 -45.0387
v -31.1707 14.5758 -45.3489
v -31.3166 14.6216 -44.3961
v -31.5852 16.9700 -45.0387
v -31.3166 14.6216 -44.3961
v -32.1230 14.6246 -45.4971
v -32.2689 14.6704 -44.5443
v -31.3166 14.6216 -44.3961
v -31.1707 14.5758 -45.3489
v -32.1230 14.6246 -45.4971
vt 0.00000 1.00000
vt 0.00000 1.00000
vt 0.00000 1.00000
vt 0.00000 1.00000
vt 0.00000 1.00000
vt 0.00000 1.00000
vt 0.00000 1.00000
vt 0.00000 1.00000
vt 0.00000 1.00000
vt 0.00000 1.00000
vt 0.00000 1.00000
vt 0.00000 1.00000
vt 0.00000 1.00000
vt 0.00000 1.00000
vt 0.00000 1.00000
vt 0.00000 1.00000
vt 0.00000 1.00000
vt 0.00000 1.00000
vt 0.00000 1.00000
vt 0.00000 1.00000
vt 0.00000 1.00000
vt 0.00000 1.00000
vt 0.00000 1.00000
vt 0.00000 1.00000
vt 0.00000 1.00000
vt 0.00000 1.00000
vt 0.00000 1.00000
vt 0.00000 1.00000
vt 0.00000 1.00000
vt 0.00000 1.00000
vt 0.00000 1.00000
vt 0.00000 1.00000
vt 0.00000 1.00000
vt 0.00000 1.00000
vt 0.00000 1.00000
vt 0.00000 1.00000
vt 0.00000 1.00000
vt 0.00000 1.00000
vt 0.00000 1.00000
vt 0.00000 1.00000
vt 0.00000 1.00000
vt 0.00000 1.00000
vt 0.00000 1.00000
vt 0.00000 1.00000
vt 0.00000 1.00000
vt 0.00000 1.00000
vt 0.00000 1.00000
vt 0.00000 1.00000
vt 0.00000 1.00000
vt 0.00000 1.00000
vt 0.00000 1.00000
vt 0.00000 1.00000
vt 0.00000 1.00000
vt 0.00000 1.00000
vt 0.00000 1.00000
vt 0.00000 1.00000
vt 0.00000 1.00000
vt 0.00000 1.00000
vt 0.00000 1.00000
vt 0.00000 1.00000
vt 0.00000 1.00000
vt 0.00000 1.00000
vt 0.00000 1.00000
vt 0.00000 1.00000
vt 0.00000 1.00000
vt 0.00000 1.00000
vt 0.00000 1.00000
vt 0.00000 1.00000
vt 0.00000 1.00000
vt 0.00000 1.00000
vt 0.00000 1.00000
vt 0.00000 1.00000
vt 0.00000 1.00000
vt 0.00000 1.00000
vt 0.00000 1.00000
vt 0.00000 1.00000
vt 0.00000 1.00000
vt 0.00000 1.00000
vt 0.00000 1.00000
vt 0.00000 1.00000
vt 0.00000 1.00000
vt 0.00000 1.00000
vt 0.00000 1.00000
vt 0.00000 1.00000
vt 0.00000 1.00000
vt 0.00000 1.00000
vt 0.00000 1.00000
vt 0.00000 1.00000
vt 0.00000 1.00000
vt 0.00000 1.00000
vt 0.00000 1.00000
vt 0.00000 1.00000
vt 0.00000 1.00000
vt 0.00000 1.00000
vt 0.00000 1.00000
vt 0.00000 1.00000
vt 0.00000 1.00000
vt 0.00000 1.00000
vt 0.00000 1.00000
vt 0.00000 1.00000
vt 0.00000 1.00000
vt 0.00000 1.00000
vt 0.00000 1.00000
vt 0.00000 1.00000
vt 0.00000 1.00000
vt 0.00000 1.00000
vt 0.00000 1.00000
vt 0.00000 1.00000
vt 0.00000 1.00000
vt 0.00000 1.00000
vt 0.00000 1.00000
vt 0.00000 1.00000
vt 0.00000 1.00000
vt 0.00000 1.00000
vt 0.00000 1.00000
vt 0.00000 1.00000
vt 0.00000 1.00000
vt 0.00000 1.00000
vt 0.00000 1.00000
vt 0.00000 1.00000
vt 0.00000 1.00000
vt 0.00000 1.00000
vt 0.00000 1.00000
vt 0.00000 1.00000
vt 0.00000 1.00000
vt 0.00000 1.00000
vt 0.00000 1.00000
vt 0.00000 1.00000
vt 0.00000 1.00000
vt 0.00000 1.00000
vt 0.00000 1.00000
vt 0.00000 1.00000
vt 0.00000 1.00000
vt 0.00000 1.00000
vt 0.00000 1.00000
vt 0.00000 1.00000
vt 0.00000 1.00000
vt 0.00000 1.00000
vt 0.00000 1.00000
vt 0.00000 1.00000
vt 0.00000 1.00000
vt 0.00000 1.00000
vt 0.00000 1.00000
vt 0.00000 1.00000
vt 0.00000 1.00000
vt 0.00000 1.00000
vt 0.00000 1.00000
vt 0.00000 1.00000
vt 0.00000 1.00000
vt 0.00000 1.00000
vt 0.00000 1.00000
vt 0.00000 1.00000
vt 0.00000 1.00000
vt 0.00000 1.00000
vt 0.00000 1.00000
vt 0.00000 1.00000
vt 0.00000 1.00000
vt 0.00000 1.00000
vt 0.00000 1.00000
vt 0.00000 1.00000
vt 0.00000 1.00000
vt 0.00000 1.00000
vt 0.00000 1.00000
vt 0.00000 1.00000
vt 0.00000 1.00000
vt 0.00000 1.00000
vt 0.00000 1.00000
vt 0.00000 1.00000
vt 0.00000 1.00000
vt 0.00000 1.00000
vt 0.00000 1.00000
vt 0.00000 1.00000
vt 0.00000 1.00000
vt 0.00000 1.00000
vt 0.00000 1.00000
vt 0.00000 1.00000
vt 0.00000 1.00000
vt 0.00000 1.00000
vt 0.00000 1.00000
vt 0.00000 1.00000
vt 0.00000 1.00000
vt 0.00000 1.00000
vt 0.00000 1.00000
vt 0.00000 1.00000
vt 0.00000 1.00000
vt 0.00000 1.00000
vt 0.00000 1.00000
vt 0.00000 1.00000
vt 0.00000 1.00000
vt 0.00000 1.00000
vt 0.00000 1.00000
vt 0.00000 1.00000
vt 0.00000 1.00000
vt 0.00000 1.00000
vt 0.00000 1.00000
vt 0.00000 1.00000
vt 0.00000 1.00000
vt 0.00000 1.00000
vt 0.00000 1.00000
vt 0.00000 1.00000
vt 0.00000 1.00000
vt 0.00000 1.00000
vt 0.00000 1.00000
vt 0.00000 1.00000
vt 0.00000 1.00000
vt 0.00000 1.00000
vt 0.00000 1.00000
vt 0.00000 1.00000
vt 0.00000 1.00000
vt 0.00000 1.00000
vt 0.00000 1.00000
vt 0.00000 1.00000
vt 0.00000 1.00000
vt 0.00000 1.00000
vt 0.00000 1.00000
vt 0.00000 1.00000
vt 0.00000 1.00000
vt 0.00000 1.00000
vt 0.00000 1.00000
vt 0.00000 1.00000
vt 0.00000 1.00000
vt 0.00000 1.00000
vt 0.00000 1.00000
vt 0.00000 1.00000
vt 0.00000 1.00000
vt 0.00000 1.00000
vt 0.00000 1.00000
vt 0.00000 1.00000
vt 0.00000 1.00000
vt 0.00000 1.00000
vt 0.00000 1.00000
vt 0.00000 1.00000
vt 0.00000 1.00000
vt 0.00000 1.00000
vt 0.00000 1.00000
vt 0.00000 1.00000
vt 0.00000 1.00000
vt 0.00000 1.00000
vt 0.00000 1.00000
vt 0.00000 1.00000
vt 0.00000 1.00000
vt 0.00000 1.00000
vt 0.00000 1.00000
vt 0.00000 1.00000
vt 0.00000 1.00000
vt 0.00000 1.00000
vt 0.00000 1.00000
vt 0.00000 1.00000
vt 0.00000 1.00000
vt 0.00000 1.00000
vt 0.00000 1.00000
vt 0.00000 1.00000
vt 0.00000 1.00000
vt 0.00000 1.00000
vt 0.00000 1.00000
vt 0.00000 1.00000
vt 0.00000 1.00000
vt 0.00000 1.00000
vt 0.00000 1.00000
vt 0.00000 1.00000
vt 0.00000 1.00000
vt 0.00000 1.00000
vt 0.00000 1.00000
vt 0.00000 1.00000
vt 0.00000 1.00000
vt 0.00000 1.00000
vt 0.00000 1.00000
vt 0.00000 1.00000
vt 0.00000 1.00000
vt 0.00000 1.00000
vt 0.00000 1.00000
vt 0.00000 1.00000
vt 0.00000 1.00000
vt 0.00000 1.00000
vt 0.00000 1.00000
vt 0.00000 1.00000
vt 0.00000 1.00000
vt 0.00000 1.00000
vt 0.00000 1.00000
vt 0.00000 1.00000
vt 0.00000 1.00000
vt 0.00000 1.00000
vt 0.00000 1.00000
vt 0.00000 1.00000
vt 0.00000 1.00000
vt 0.00000 1.00000
vt 0.00000 1.00000
vt 0.00000 1.00000
vt 0.00000 1.00000
vt 0.00000 1.00000
vt 0.00000 1.00000
vt 0.00000 1.00000
vt 0.00000 1.00000
vt 0.00000 1.00000
vt 0.00000 1.00000
vt 0.00000 1.00000
vt 0.00000 1.00000
vt 0.00000 1.00000
vt 0.00000 1.00000
vt 0.00000 1.00000
vt 0.00000 1.00000
vt 0.00000 1.00000
vt 0.00000 1.00000
vt 0.00000 1.00000
vt 0.00000 1.00000
vt 0.00000 1.00000
vt 0.00000 1.00000
vt 0.00000 1.00000
vt 0.00000 1.00000
vt 0.00000 1.00000
vt 0.00000 1.00000
vt 0.00000 1.00000
vt 0.00000 1.00000
vt 0.00000 1.00000
vt 0.00000 1.00000
vt 0.00000 1.00000
vt 0.00000 1.00000
vt 0.00000 1.00000
vt 0.00000 1.00000
vt 0.00000 1.00000
vt 0.00000 1.00000
vt 0.00000 1.00000
vt 0.00000 1.00000
vt 0.00000 1.00000
vt 0.00000 1.00000
vt 0.00000 1.00000
vt 0.00000 1.00000
vt 0.00000 1.00000
vt 0.00000 1.00000
vt 0.00000 1.00000
vt 0.00000 1.00000
vt 0.00000 1.00000
vt 0.00000 1.00000
vt 0.00000 1.00000
vt 0.00000 1.00000
vt 0.00000 1.00000
vt 0.00000 1.00000
vt 0.00000 1.00000
vt 0.00000 1.00000
vt 0.00000 1.00000
vt 0.00000 1.00000
vt 0.00000 1.00000
vt 0.00000 1.00000
vt 0.00000 1.00000
vt 0.00000 1.00000
vt 0.00000 1.00000
vt 0.00000 1.00000
vt 0.00000 1.00000
vt 0.00000 1.00000
vt 0.00000 1.00000
vt 0.00000 1.00000
vt 0.00000 1.00000
vt 0.00000 1.00000
vt 0.00000 1.00000
vt 0.00000 1.00000
vt 0.00000 1.00000
vt 0.00000 1.00000
vt 0.00000 1.00000
vt 0.00000 1.00000
vt 0.00000 1.00000
vt 0.00000 1.00000
vt 0.00000 1.00000
vt 0.00000 1.00000
vt 0.00000 1.00000
vt 0.00000 1.00000
vt 0.00000 1.00000
vt 0.00000 1.00000
vt 0.00000 1.00000
vt 0.00000 1.00000
vt 0.00000 1.00000
vt 0.00000 1.00000
vt 0.00000 1.00000
vt 0.00000 1.00000
vt 0.00000 1.00000
vt 0.00000 1.00000
vt 0.00000 1.00000
vt 0.00000 1.00000
vt 0.00000 1.00000
vt 0.00000 1.00000
vt 0.00000 1.00000
vt 0.00000 1.00000
vt 0.00000 1.00000
vt 0.00000 1.00000
vt 0.00000 1.00000
vt 0.00000 1.00000
vt 0.00000 1.00000
vt 0.00000 1.00000
vt 0.00000 1.00000
vt 0.00000 1.00000
vt 0.00000 1.00000
vt 0.00000 1.00000
vt 0.00000 1.00000
vt 0.00000 1.00000
vt 0.00000 1.00000
vt 0.00000 1.00000
vt 0.00000 1.00000
vt 0.00000 1.00000
vt 0.00000 1.00000
vt 0.00000 1.00000
vt 0.00000 1.00000
vt 0.00000 1.00000
vt 0.00000 1.00000
vt 0.00000 1.00000
vt 0.00000 1.00000
vt 0.00000 1.00000
vt 0.00000 1.00000
vt 0.00000 1.00000
vt 0.00000 1.00000
vt 0.00000 1.00000
vt 0.00000 1.00000
vt 0.00000 1.00000
vt 0.00000 1.00000
vt 0.00000 1.00000
vt 0.00000 1.00000
vt 0.00000 1.00000
vt 0.00000 1.00000
vt 0.00000 1.00000
vt 0.00000 1.00000
vt 0.00000 1.00000
vt 0.00000 1.00000
vt 0.00000 1.00000
vt 0.00000 1.00000
vt 0.00000 1.00000
vt 0.00000 1.00000
vt 0.00000 1.00000
vt 0.00000 1.00000
vt 0.00000 1.00000
vt 0.00000 1.00000
vt 0.00000 1.00000
vt 0.00000 1.00000
vt 0.00000 1.00000
vt 0.00000 1.00000
vt 0.00000 1.00000
vt 0.00000 1.00000
vt 0.00000 1.00000
vt 0.00000 1.00000
vt 0.00000 1.00000
vt 0.00000 1.00000
vt 0.00000 1.00000
vt 0.00000 1.00000
vt 0.00000 1.00000
vt 0.00000 1.00000
vt 0.00000 1.00000
vt 0.00000 1.00000
vt 0.00000 1.00000
vt 0.00000 1.00000
vt 0.00000 1.00000
vt 0.00000 1.00000
vt 0.00000 1.00000
vt 0.00000 1.00000
vt 0.00000 1.00000
vt 0.00000 1.00000
vt 0.00000 1.00000
vt 0.00000 1.00000
vt 0.00000 1.00000
vt 0.00000 1.00000
vt 0.00000 1.00000
vt 0.00000 1.00000
vt 0.00000 1.00000
vt 0.00000 1.00000
vt 0.00000 1.00000
vt 0.00000 1.00000
vt 0.00000 1.00000
vt 0.00000 1.00000
vt 0.00000 1.00000
vt 0.00000 1.00000
vt 0.00000 1.00000
vt 0.00000 1.00000
vt 0.00000 1.00000
vt 0.00000 1.00000
vt 0.00000 1.00000
vt 0.00000 1.00000
vt 0.00000 1.00000
vt 0.00000 1.00000
vt 0.00000 1.00000
vt 0.00000 1.00000
vt 0.00000 1.00000
vt 0.00000 1.00000
vt 0.00000 1.00000
vt 0.00000 1.00000
vt 0.00000 1.00000
vt 0.00000 1.00000
vt 0.00000 1.00000
vt 0.00000 1.00000
vt 0.00000 1.00000
vt 0.00000 1.00000
vt 0.00000 1.00000
vt 0.00000 1.00000
vt 0.00000 1.00000
vt 0.00000 1.00000
vt 0.00000 1.00000
vt 0.00000 1.00000
vt 0.00000 1.00000
vt 0.00000 1.00000
vt 0.00000 1.00000
vt 0.00000 1.00000
vt 0.00000 1.00000
vt 0.00000 1.00000
vt 0.00000 1.00000
vt 0.00000 1.00000
vt 0.00000 1.00000
vt 0.00000 1.00000
vt 0.00000 1.00000
vt 0.00000 1.00000
vt 0.00000 1.00000
vt 0.00000 1.00000
vt 0.00000 1.00000
vt 0.00000 1.00000
vt 0.00000 1.00000
vt 0.00000 1.00000
vt 0.00000 1.00000
vt 0.00000 1.00000
vt 0.00000 1.00000
vt 0.00000 1.00000
vt 0.00000 1.00000
vt 0.00000 1.00000
vt 0.00000 1.00000
vt 0.00000 1.00000
vt 0.00000 1.00000
vt 0.00000 1.00000
vt 0.00000 1.00000
vt 0.00000 1.00000
vt 0.00000 1.00000
vt 0.00000 1.00000
vt 0.00000 1.00000
vt 0.00000 1.00000
vt 0.00000 1.00000
vt 0.00000 1.00000
vt 0.00000 1.00000
vt 0.00000 1.00000
vt 0.00000 1.00000
vt 0.00000 1.00000
vt 0.00000 1.00000
vt 0.00000 1.00000
vt 0.00000 1.00000
vt 0.00000 1.00000
vt 0.00000 1.00000
vt 0.00000 1.00000
vt 0.00000 1.00000
vt 0.00000 1.00000
vt 0.00000 1.00000
vt 0.00000 1.00000
vt 0.00000 1.00000
vt 0.00000 1.00000
vt 0.00000 1.00000
vt 0.00000 1.00000
vt 0.00000 1.00000
vt 0.00000 1.00000
vt 0.00000 1.00000
vt 0.00000 1.00000
vt 0.00000 1.00000
vt 0.00000 1.00000
vt 0.00000 1.00000
vt 0.00000 1.00000
vt 0.00000 1.00000
vt 0.00000 1.00000
vt 0.00000 1.00000
vt 0.00000 1.00000
vt 0.00000 1.00000
vt 0.00000 1.00000
vt 0.00000 1.00000
vt 0.00000 1.00000
vt 0.00000 1.00000
vt 0.00000 1.00000
vt 0.00000 1.00000
vt 0.00000 1.00000
vt 0.00000 1.00000
vt 0.00000 1.00000
vt 0.00000 1.00000
vt 0.00000 1.00000
vt 0.00000 1.00000
vt 0.00000 1.00000
vt 0.00000 1.00000
vt 0.00000 1.00000
vt 0.00000 1.00000
vt 0.00000 1.00000
vt 0.00000 1.00000
vt 0.00000 1.00000
vt 0.00000 1.00000
vt 0.00000 1.00000
vt 0.00000 1.00000
vt 0.00000 1.00000
vt 0.00000 1.00000
vt 0.00000 1.00000
vt 0.00000 1.00000
vt 0.00000 1.00000
vt 0.00000 1.00000
vt 0.00000 1.00000
vt 0.00000 1.00000
vt 0.00000 1.00000
vt 0.00000 1.00000
vt 0.00000 1.00000
vt 0.00000 1.00000
vt 0.00000 1.00000
vt 0.00000 1.00000
vt 0.00000 1.00000
vt 0.00000 1.00000
vt 0.00000 1.00000
vt 0.00000 1.00000
vt 0.00000 1.00000
vt 0.00000 1.00000
vt 0.00000 1.00000
vt 0.00000 1.00000
vt 0.00000 1.00000
vt 0.00000 1.00000
vt 0.00000 1.00000
vt 0.00000 1.00000
vt 0.00000 1.00000
vt 0.00000 1.00000
vt 0.00000 1.00000
vt 0.00000 1.00000
vt 0.00000 1.00000
vt 0.00000 1.00000
vt 0.00000 1.00000
vt 0.00000 1.00000
vt 0.00000 1.00000
vt 0.00000 1.00000
vt 0.00000 1.00000
vt 0.00000 1.00000
vt 0.00000 1.00000
vt 0.00000 1.00000
vt 0.00000 1.00000
vt 0.00000 1.00000
vt 0.00000 1.00000
vt 0.00000 1.00000
vt 0.00000 1.00000
vt 0.00000 1.00000
vt 0.00000 1.00000
vt 0.00000 1.00000
vt 0.00000 1.00000
vt 0.00000 1.00000
vt 0.00000 1.00000
vt 0.00000 1.00000
vt 0.00000 1.00000
vt 0.00000 1.00000
vt 0.00000 1.00000
vt 0.00000 1.00000
vt 0.00000 1.00000
vt 0.00000 1.00000
vt 0.00000 1.00000
vt 0.00000 1.00000
vt 0.00000 1.00000
vt 0.00000 1.00000
vt 0.00000 1.00000
vt 0.00000 1.00000
vt 0.00000 1.00000
vt 0.00000 1.00000
vt 0.00000 1.00000
vt 0.00000 1.00000
vt 0.00000 1.00000
vt 0.00000 1.00000
vt 0.00000 1.00000
vt 0.00000 1.00000
vt 0.00000 1.00000
vt 0.00000 1.00000
vt 0.00000 1.00000
vt 0.00000 1.00000
vt 0.00000 1.00000
vt 0.00000 1.00000
vt 0.00000 1.00000
vt 0.00000 1.00000
vt 0.00000 1.00000
vt 0.00000 1.00000
vt 0.00000 1.00000
vt 0.00000 1.00000
vt 0.00000 1.00000
vt 0.00000 1.00000
vt 0.00000 1.00000
vt 0.00000 1.00000
vt 0.00000 1.00000
vt 0.00000 1.00000
vt 0.00000 1.00000
vt 0.00000 1.00000
vt 0.00000 1.00000
vt 0.00000 1.00000
vt 0.00000 1.00000
vt 0.00000 1.00000
vt 0.00000 1.00000
vt 0.00000 1.00000
vt 0.00000 1.00000
vt 0.00000 1.00000
vt 0.00000 1.00000
vt 0.00000 1.00000
vt 0.00000 1.00000
vt 0.00000 1.00000
vt 0.00000 1.00000
vt 0.00000 1.00000
vt 0.00000 1.00000
vt 0.00000 1.00000
vt 0.00000 1.00000
vt 0.00000 1.00000
vt 0.00000 1.00000
vt 0.00000 1.00000
vt 0.00000 1.00000
vt 0.00000 1.00000
vt 0.00000 1.00000
vt 0.00000 1.00000
vt 0.00000 1.00000
vt 0.00000 1.00000
vt 0.00000 1.00000
vt 0.00000 1.00000
vt 0.00000 1.00000
vt 0.00000 1.00000
vt 0.00000 1.00000
vt 0.00000 1.00000
vt 0.00000 1.00000
vt 0.00000 1.00000
vt 0.00000 1.00000
vt 0.00000 1.00000
vt 0.00000 1.00000
vt 0.00000 1.00000
vt 0.00000 1.00000
vt 0.00000 1.00000
vt 0.00000 1.00000
vt 0.00000 1.00000
vt 0.00000 1.00000
vt 0.00000 1.00000
vt 0.00000 1.00000
vt 0.00000 1.00000
vt 0.00000 1.00000
vt 0.00000 1.00000
vt 0.00000 1.00000
vt 0.00000 1.00000
vt 0.00000 1.00000
vt 0.00000 1.00000
vt 0.00000 1.00000
vt 0.00000 1.00000
vt 0.00000 1.00000
vt 0.00000 1.00000
vt 0.00000 1.00000
vt 0.00000 1.00000
vt 0.00000 1.00000
vt 0.00000 1.00000
vt 0.00000 1.00000
vt 0.00000 1.00000
vt 0.00000 1.00000
vt 0.00000 1.00000
vt 0.00000 1.00000
vt 0.00000 1.00000
vt 0.00000 1.00000
vt 0.00000 1.00000
vt 0.00000 1.00000
vt 0.00000 1.00000
vt 0.00000 1.00000
vt 0.00000 1.00000
vt 0.00000 1.00000
vt 0.00000 1.00000
vt 0.00000 1.00000
vt 0.00000 1.00000
vt 0.00000 1.00000
vt 0.00000 1.00000
vt 0.00000 1.00000
vt 0.00000 1.00000
vt 0.00000 1.00000
vt 0.00000 1.00000
vt 0.00000 1.00000
vt 0.00000 1.00000
vt 0.00000 1.00000
vt 0.00000 1.00000
vt 0.00000 1.00000
vt 0.00000 1.00000
vt 0.00000 1.00000
vt 0.00000 1.00000
vt 0.00000 1.00000
vt 0.00000 1.00000
vt 0.00000 1.00000
vt 0.00000 1.00000
vt 0.00000 1.00000
vt 0.00000 1.00000
vt 0.00000 1.00000
vt 0.00000 1.00000
vt 0.00000 1.00000
vt 0.00000 1.00000
vt 0.00000 1.00000
vt 0.00000 1.00000
vt 0.00000 1.00000
vt 0.00000 1.00000
vt 0.00000 1.00000
vt 0.00000 1.00000
vt 0.00000 1.00000
vt 0.00000 1.00000
vt 0.00000 1.00000
vt 0.00000 1.00000
vt 0.00000 1.00000
vt 0.00000 1.00000
vt 0.00000 1.00000
vt 0.00000 1.00000
vt 0.00000 1.00000
vt 0.00000 1.00000
vt 0.00000 1.00000
vt 0.00000 1.00000
vt 0.00000 1.00000
vt 0.00000 1.00000
vt 0.00000 1.00000
vt 0.00000 1.00000
vt 0.00000 1.00000
vt 0.00000 1.00000
vt 0.00000 1.00000
vt 0.00000 1.00000
vt 0.00000 1.00000
vt 0.00000 1.00000
vt 0.00000 1.00000
vt 0.00000 1.00000
vt 0.00000 1.00000
vt 0.00000 1.00000
vt 0.00000 1.00000
vt 0.00000 1.00000
vt 0.00000 1.00000
vt 0.00000 1.00000
vt 0.00000 1.00000
vt 0.00000 1.00000
vt 0.00000 1.00000
vt 0.00000 1.00000
vt 0.00000 1.00000
vt 0.00000 1.00000
vt 0.00000 1.00000
vt 0.00000 1.00000
vt 0.00000 1.00000
vt 0.00000 1.00000
vt 0.00000 1.00000
vt 0.00000 1.00000
vt 0.00000 1.00000
vt 0.00000 1.00000
vt 0.00000 1.00000
vt 0.00000 1.00000
vt 0.00000 1.00000
vt 0.00000 1.00000
vt 0.00000 1.00000
vt 0.00000 1.00000
vt 0.00000 1.00000
vt 0.00000 1.00000
vt 0.00000 1.00000
vt 0.00000 1.00000
vt 0.00000 1.00000
vt 0.00000 1.00000
vt 0.00000 1.00000
vt 0.00000 1.00000
vt 0.00000 1.00000
vt 0.00000 1.00000
vt 0.00000 1.00000
vt 0.00000 1.00000
vt 0.00000 1.00000
vt 0.00000 1.00000
vt 0.00000 1.00000
vt 0.00000 1.00000
vt 0.00000 1.00000
vt 0.00000 1.00000
vt 0.00000 1.00000
vt 0.00000 1.00000
vt 0.00000 1.00000
vt 0.00000 1.00000
vt 0.00000 1.00000
vt 0.00000 1.00000
vt 0.00000 1.00000
vt 0.00000 1.00000
vt 0.00000 1.00000
vt 0.00000 1.00000
vt 0.00000 1.00000
vt 0.00000 1.00000
vt 0.00000 1.00000
vt 0.00000 1.00000
vt 0.00000 1.00000
vt 0.00000 1.00000
vt 0.00000 1.00000
vt 0.00000 1.00000
vt 0.00000 1.00000
vt 0.00000 1.00000
vt 0.00000 1.00000
vt 0.00000 1.00000
vt 0.00000 1.00000
vt 0.00000 1.00000
vt 0.00000 1.00000
vt 0.00000 1.00000
vt 0.00000 1.00000
vt 0.00000 1.00000
vt 0.00000 1.00000
vt 0.00000 1.00000
vt 0.00000 1.00000
vt 0.00000 1.00000
vt 0.00000 1.00000
vt 0.00000 1.00000
vt 0.00000 1.00000
vt 0.00000 1.00000
vt 0.00000 1.00000
vt 0.00000 1.00000
vt 0.00000 1.00000
vt 0.00000 1.00000
vt 0.00000 1.00000
vt 0.00000 1.00000
vt 0.00000 1.00000
vt 0.00000 1.00000
vt 0.00000 1.00000
vt 0.00000 1.00000
vt 0.00000 1.00000
vt 0.00000 1.00000
vt 0.00000 1.00000
vt 0.00000 1.00000
vt 0.00000 1.00000
vt 0.00000 1.00000
vt 0.00000 1.00000
vt 0.00000 1.00000
vt 0.00000 1.00000
vt 0.00000 1.00000
vt 0.00000 1.00000
vt 0.00000 1.00000
vt 0.00000 1.00000
vt 0.00000 1.00000
vt 0.00000 1.00000
vt 0.00000 1.00000
vt 0.00000 1.00000
vt 0.00000 1.00000
vt 0.00000 1.00000
vt 0.00000 1.00000
vt 0.00000 1.00000
vt 0.00000 1.00000
vt 0.00000 1.00000
vt 0.00000 1.00000
vt 0.00000 1.00000
vt 0.00000 1.00000
vt 0.00000 1.00000
vt 0.00000 1.00000
vt 0.00000 1.00000
vt 0.00000 1.00000
vt 0.00000 1.00000
vt 0.00000 1.00000
vt 0.00000 1.00000
vt 0.00000 1.00000
vt 0.00000 1.00000
vt 0.00000 1.00000
vt 0.00000 1.00000
vt 0.00000 1.00000
vt 0.00000 1.00000
vt 0.00000 1.00000
vt 0.00000 1.00000
vt 0.00000 1.00000
vt 0.00000 1.00000
vt 0.00000 1.00000
vt 0.00000 1.00000
vt 0.00000 1.00000
vt 0.00000 1.00000
vt 0.00000 1.00000
vt 0.00000 1.00000
vt 0.00000 1.00000
vt 0.00000 1.00000
vt 0.00000 1.00000
vt 0.00000 1.00000
vt 0.00000 1.00000
vt 0.00000 1.00000
vt 0.00000 1.00000
vt 0.00000 1.00000
vt 0.00000 1.00000
vt 0.00000 1.00000
vt 0.00000 1.00000
vt 0.00000 1.00000
vt 0.00000 1.00000
vt 0.00000 1.00000
vt 0.00000 1.00000
vt 0.00000 1.00000
vt 0.00000 1.00000
vt 0.00000 1.00000
vt 0.00000 1.00000
vt 0.00000 1.00000
vt 0.00000 1.00000
vt 0.00000 1.00000
vt 0.00000 1.00000
vt 0.00000 1.00000
vt 0.00000 1.00000
vt 0.00000 1.00000
vt 0.00000 1.00000
vt 0.00000 1.00000
vt 0.00000 1.00000
vt 0.00000 1.00000
vt 0.00000 1.00000
vt 0.00000 1.00000
vt 0.00000 1.00000
vt 0.00000 1.00000
vt 0.00000 1.00000
vt 0.00000 1.00000
vt 0.00000 1.00000
vt 0.00000 1.00000
vt 0.00000 1.00000
vt 0.00000 1.00000
vt 0.00000 1.00000
vt 0.00000 1.00000
vt 0.00000 1.00000
vt 0.00000 1.00000
vt 0.00000 1.00000
vt 0.00000 1.00000
vt 0.00000 1.00000
vt 0.00000 1.00000
vt 0.00000 1.00000
vt 0.00000 1.00000
vt 0.00000 1.00000
vt 0.00000 1.00000
vt 0.00000 1.00000
vt 0.00000 1.00000
vt 0.00000 1.00000
vt 0.00000 1.00000
vt 0.00000 1.00000
vt 0.00000 1.00000
vt 0.00000 1.00000
vt 0.00000 1.00000
vt 0.00000 1.00000
vt 0.00000 1.00000
vt 0.00000 1.00000
vt 0.00000 1.00000
vt 0.00000 1.00000
vt 0.00000 1.00000
vt 0.00000 1.00000
vt 0.00000 1.00000
vt 0.00000 1.00000
vt 0.00000 1.00000
vt 0.00000 1.00000
vt 0.00000 1.00000
vt 0.00000 1.00000
vt 0.00000 1.00000
vt 0.00000 1.00000
vt 0.00000 1.00000
vt 0.00000 1.00000
vt 0.00000 1.00000
vt 0.00000 1.00000
vt 0.00000 1.00000
vt 0.00000 1.00000
vt 0.00000 1.00000
vt 0.00000 1.00000
vt 0.00000 1.00000
vt 0.00000 1.00000
vt 0.00000 1.00000
vt 0.00000 1.00000
vt 0.00000 1.00000
vt 0.00000 1.00000
vt 0.00000 1.00000
vt 0.00000 1.00000
vt 0.00000 1.00000
vt 0.00000 1.00000
vt 0.00000 1.00000
vt 0.00000 1.00000
vt 0.00000 1.00000
vt 0.00000 1.00000
vt 0.00000 1.00000
vt 0.00000 1.00000
vt 0.00000 1.00000
vt 0.00000 1.00000
vt 0.00000 1.00000
vt 0.00000 1.00000
vt 0.00000 1.00000
vt 0.00000 1.00000
vt 0.00000 1.00000
vt 0.00000 1.00000
vt 0.00000 1.00000
vt 0.00000 1.00000
vt 0.00000 1.00000
vt 0.00000 1.00000
vt 0.00000 1.00000
vt 0.00000 1.00000
vt 0.00000 1.00000
vt 0.00000 1.00000
vt 0.00000 1.00000
vt 0.00000 1.00000
vt 0.00000 1.00000
vt 0.00000 1.00000
vt 0.00000 1.00000
vt 0.00000 1.00000
vt 0.00000 1.00000
vt 0.00000 1.00000
vt 0.00000 1.00000
vt 0.00000 1.00000
vt 0.00000 1.00000
vt 0.00000 1.00000
vt 0.00000 1.00000
vt 0.00000 1.00000
vt 0.00000 1.00000
vt 0.00000 1.00000
vt 0.00000 1.00000
vt 0.00000 1.00000
vt 0.00000 1.00000
vt 0.00000 1.00000
vt 0.00000 1.00000
vt 0.00000 1.00000
vt 0.00000 1.00000
vt 0.00000 1.00000
vt 0.00000 1.00000
vt 0.00000 1.00000
vt 0.00000 1.00000
vt 0.00000 1.00000
vt 0.00000 1.00000
vt 0.00000 1.00000
vt 0.00000 1.00000
vt 0.00000 1.00000
vt 0.00000 1.00000
vt 0.00000 1.00000
vt 0.00000 1.00000
vt 0.00000 1.00000
vt 0.00000 1.00000
vt 0.00000 1.00000
vt 0.00000 1.00000
vt 0.00000 1.00000
vt 0.00000 1.00000
vt 0.00000 1.00000
vt 0.00000 1.00000
vt 0.00000 1.00000
vt 0.00000 1.00000
vt 0.00000 1.00000
vt 0.00000 1.00000
vt 0.00000 1.00000
vt 0.00000 1.00000
vt 0.00000 1.00000
vt 0.00000 1.00000
vt 0.00000 1.00000
vt 0.00000 1.00000
vt 0.00000 1.00000
vt 0.00000 1.00000
vt 0.00000 1.00000
vt 0.00000 1.00000
vt 0.00000 1.00000
vt 0.00000 1.00000
vt 0.00000 1.00000
vt 0.00000 1.00000
vt 0.00000 1.00000
vt 0.00000 1.00000
vt 0.00000 1.00000
vt 0.00000 1.00000
vt 0.00000 1.00000
vt 0.00000 1.00000
vt 0.00000 1.00000
vt 0.00000 1.00000
vt 0.00000 1.00000
vt 0.00000 1.00000
vt 0.00000 1.00000
vt 0.00000 1.00000
vt 0.00000 1.00000
vt 0.00000 1.00000
vt 0.00000 1.00000
vt 0.00000 1.00000
vt 0.00000 1.00000
vt 0.00000 1.00000
vt 0.00000 1.00000
vt 0.00000 1.00000
vt 0.00000 1.00000
vt 0.00000 1.00000
vt 0.00000 1.00000
vt 0.00000 1.00000
vt 0.00000 1.00000
vt 0.00000 1.00000
vt 0.00000 1.00000
vt 0.00000 1.00000
vt 0.00000 1.00000
vt 0.00000 1.00000
vt 0.00000 1.00000
vt 0.00000 1.00000
vt 0.00000 1.00000
vt 0.00000 1.00000
vt 0.00000 1.00000
vt 0.00000 1.00000
vt 0.00000 1.00000
vt 0.00000 1.00000
vt 0.00000 1.00000
vt 0.00000 1.00000
vt 0.00000 1.00000
vt 0.00000 1.00000
vt 0.00000 1.00000
vt 0.00000 1.00000
vt 0.00000 1.00000
vt 0.00000 1.00000
vt 0.00000 1.00000
vt 0.00000 1.00000
vt 0.00000 1.00000
vt 0.00000 1.00000
vt 0.00000 1.00000
vt 0.00000 1.00000
vt 0.00000 1.00000
vt 0.00000 1.00000
vt 0.00000 1.00000
vt 0.00000 1.00000
vt 0.00000 1.00000
vt 0.00000 1.00000
vt 0.00000 1.00000
vt 0.00000 1.00000
vt 0.00000 1.00000
vt 0.00000 1.00000
vt 0.00000 1.00000
vt 0.00000 1.00000
vt 0.00000 1.00000
vt 0.00000 1.00000
vt 0.00000 1.00000
vt 0.00000 1.00000
vt 0.00000 1.00000
vt 0.00000 1.00000
vt 0.00000 1.00000
vt 0.00000 1.00000
vt 0.00000 1.00000
vt 0.00000 1.00000
vt 0.00000 1.00000
vt 0.00000 1.00000
vt 0.00000 1.00000
vt 0.00000 1.00000
vt 0.00000 1.00000
vt 0.00000 1.00000
vt 0.00000 1.00000
vt 0.00000 1.00000
vt 0.00000 1.00000
vt 0.00000 1.00000
vt 0.00000 1.00000
vt 0.00000 1.00000
vt 0.00000 1.00000
vt 0.00000 1.00000
vt 0.00000 1.00000
vt 0.00000 1.00000
vt 0.00000 1.00000
vt 0.00000 1.00000
vt 0.00000 1.00000
vt 0.00000 1.00000
vt 0.00000 1.00000
vt 0.00000 1.00000
vt 0.00000 1.00000
vt 0.00000 1.00000
vt 0.00000 1.00000
vt 0.00000 1.00000
vt 0.00000 1.00000
vt 0.00000 1.00000
vt 0.00000 1.00000
vt 0.00000 1.00000
vt 0.00000 1.00000
vt 0.00000 1.00000
vt 0.00000 1.00000
vt 0.00000 1.00000
vt 0.00000 1.00000
vt 0.00000 1.00000
vt 0.00000 1.00000
vt 0.00000 1.00000
vt 0.00000 1.00000
vt 0.00000 1.00000
vt 0.00000 1.00000
vt 0.00000 1.00000
vt 0.00000 1.00000
vt 0.00000 1.00000
vt 0.00000 1.00000
vt 0.00000 1.00000
vt 0.00000 1.00000
vt 0.00000 1.00000
vt 0.00000 1.00000
vt 0.00000 1.00000
vt 0.00000 1.00000
vt 0.00000 1.00000
vt 0.00000 1.00000
vt 0.00000 1.00000
vt 0.00000 1.00000
vt 0.00000 1.00000
vt 0.00000 1.00000
vt 0.00000 1.00000
vt 0.00000 1.00000
vt 0.00000 1.00000
vt 0.00000 1.00000
vt 0.00000 1.00000
vt 0.00000 1.00000
vt 0.00000 1.00000
vt 0.00000 1.00000
vt 0.00000 1.00000
vt 0.00000 1.00000
vt 0.00000 1.00000
vt 0.00000 1.00000
vt 0.00000 1.00000
vt 0.00000 1.00000
vt 0.00000 1.00000
vt 0.00000 1.00000
vt 0.00000 1.00000
vt 0.00000 1.00000
vt 0.00000 1.00000
vt 0.00000 1.00000
vt 0.00000 1.00000
vt 0.00000 1.00000
vt 0.00000 1.00000
vt 0.00000 1.00000
vt 0.00000 1.00000
vt 0.00000 1.00000
vt 0.00000 1.00000
vt 0.00000 1.00000
vt 0.00000 1.00000
vt 0.00000 1.00000
vt 0.00000 1.00000
vt 0.00000 1.00000
vt 0.00000 1.00000
vt 0.00000 1.00000
vt 0.00000 1.00000
vt 0.00000 1.00000
vt 0.00000 1.00000
vt 0.00000 1.00000
vt 0.00000 1.00000
vt 0.00000 1.00000
vt 0.00000 1.00000
vt 0.00000 1.00000
vt 0.00000 1.00000
vt 0.00000 1.00000
vt 0.00000 1.00000
vt 0.00000 1.00000
vt 0.00000 1.00000
vt 0.00000 1.00000
vt 0.00000 1.00000
vt 0.00000 1.00000
vt 0.00000 1.00000
vt 0.00000 1.00000
vt 0.00000 1.00000
vt 0.00000 1.00000
vt 0.00000 1.00000
vt 0.00000 1.00000
vt 0.00000 1.00000
vt 0.00000 1.00000
vt 0.00000 1.00000
vt 0.00000 1.00000
vt 0.00000 1.00000
vt 0.00000 1.00000
vt 0.00000 1.00000
vt 0.00000 1.00000
vt 0.00000 1.00000
vt 0.00000 1.00000
vt 0.00000 1.00000
vt 0.00000 1.00000
vt 0.00000 1.00000
vt 0.00000 1.00000
vt 0.00000 1.00000
vt 0.00000 1.00000
vt 0.00000 1.00000
vt 0.00000 1.00000
vt 0.00000 1.00000
vt 0.00000 1.00000
vt 0.00000 1.00000
vt 0.00000 1.00000
vt 0.00000 1.00000
vt 0.00000 1.00000
vt 0.00000 1.00000
vt 0.00000 1.00000
vt 0.00000 1.00000
vt 0.00000 1.00000
vt 0.00000 1.00000
vt 0.00000 1.00000
vt 0.00000 1.00000
vt 0.00000 1.00000
vt 0.00000 1.00000
vt 0.00000 1.00000
vt 0.00000 1.00000
vt 0.00000 1.00000
vt 0.00000 1.00000
vt 0.00000 1.00000
vt 0.00000 1.00000
vt 0.00000 1.00000
vt 0.00000 1.00000
vt 0.00000 1.00000
vt 0.00000 1.00000
vt 0.00000 1.00000
vt 0.00000 1.00000
vt 0.00000 1.00000
vt 0.00000 1.00000
vt 0.00000 1.00000
vt 0.00000 1.00000
vt 0.00000 1.00000
vt 0.00000 1.00000
vt 0.00000 1.00000
vt 0.00000 1.00000
vt 0.00000 1.00000
vt 0.00000 1.00000
vt 0.00000 1.00000
vt 0.00000 1.00000
vt 0.00000 1.00000
vt 0.00000 1.00000
vt 0.00000 1.00000
vt 0.00000 1.00000
vt 0.00000 1.00000
vt 0.00000 1.00000
vt 0.00000 1.00000
vt 0.00000 1.00000
vt 0.00000 1.00000
vt 0.00000 1.00000
vt 0.00000 1.00000
vt 0.00000 1.00000
vt 0.00000 1.00000
vt 0.00000 1.00000
vt 0.00000 1.00000
vt 0.00000 1.00000
vt 0.00000 1.00000
vt 0.00000 1.00000
vt 0.00000 1.00000
vt 0.00000 1.00000
vt 0.00000 1.00000
vt 0.00000 1.00000
vt 0.00000 1.00000
vt 0.00000 1.00000
vt 0.00000 1.00000
vt 0.00000 1.00000
vt 0.00000 1.00000
vt 0.00000 1.00000
vt 0.00000 1.00000
vt 0.00000 1.00000
vt 0.00000 1.00000
vt 0.00000 1.00000
vt 0.00000 1.00000
vt 0.00000 1.00000
vt 0.00000 1.00000
vt 0.00000 1.00000
vt 0.00000 1.00000
vt 0.00000 1.00000
vt 0.00000 1.00000
vt 0.00000 1.00000
vt 0.00000 1.00000
vt 0.00000 1.00000
vt 0.00000 1.00000
vt 0.00000 1.00000
vt 0.00000 1.00000
vt 0.00000 1.00000
vt 0.00000 1.00000
vt 0.00000 1.00000
vt 0.00000 1.00000
vt 0.00000 1.00000
vt 0.00000 1.00000
vt 0.00000 1.00000
vt 0.00000 1.00000
vt 0.00000 1.00000
vt 0.00000 1.00000
vt 0.00000 1.00000
vt 0.00000 1.00000
vt 0.00000 1.00000
vt 0.00000 1.00000
vt 0.00000 1.00000
vt 0.00000 1.00000
vt 0.00000 1.00000
vt 0.00000 1.00000
vt 0.00000 1.00000
vt 0.00000 1.00000
vt 0.00000 1.00000
vt 0.00000 1.00000
vt 0.00000 1.00000
vt 0.00000 1.00000
vt 0.00000 1.00000
vt 0.00000 1.00000
vt 0.00000 1.00000
vt 0.00000 1.00000
vt 0.00000 1.00000
vt 0.00000 1.00000
vt 0.00000 1.00000
vt 0.00000 1.00000
vt 0.00000 1.00000
vt 0.00000 1.00000
vt 0.00000 1.00000
vt 0.00000 1.00000
vt 0.00000 1.00000
vt 0.00000 1.00000
vt 0.00000 1.00000
vt 0.00000 1.00000
vt 0.00000 1.00000
vt 0.00000 1.00000
vt 0.00000 1.00000
vt 0.00000 1.00000
vt 0.00000 1.00000
vt 0.00000 1.00000
vt 0.00000 1.00000
vt 0.00000 1.00000
vt 0.00000 1.00000
vt 0.00000 1.00000
vt 0.00000 1.00000
vt 0.00000 1.00000
vt 0.00000 1.00000
vt 0.00000 1.00000
vt 0.00000 1.00000
vt 0.00000 1.00000
vt 0.00000 1.00000
vt 0.00000 1.00000
vt 0.00000 1.00000
vt 0.00000 1.00000
vt 0.00000 1.00000
vt 0.00000 1.00000
vt 0.00000 1.00000
vt 0.00000 1.00000
vt 0.00000 1.00000
vt 0.00000 1.00000
vt 0.00000 1.00000
vt 0.00000 1.00000
vt 0.00000 1.00000
vt 0.00000 1.00000
vt 0.00000 1.00000
vt 0.00000 1.00000
vt 0.00000 1.00000
vt 0.00000 1.00000
vt 0.00000 1.00000
vt 0.00000 1.00000
vt 0.00000 1.00000
vt 0.00000 1.00000
vt 0.00000 1.00000
vt 0.00000 1.00000
vt 0.00000 1.00000
vt 0.00000 1.00000
vt 0.00000 1.00000
vt 0.00000 1.00000
vt 0.00000 1.00000
vt 0.00000 1.00000
vt 0.00000 1.00000
vt 0.00000 1.00000
vt 0.00000 1.00000
vt 0.00000 1.00000
vt 0.00000 1.00000
vt 0.00000 1.00000
vt 0.00000 1.00000
vt 0.00000 1.00000
vt 0.00000 1.00000
vt 0.00000 1.00000
vt 0.00000 1.00000
vt 0.00000 1.00000
vt 0.00000 1.00000
vt 0.00000 1.00000
vt 0.00000 1.00000
vt 0.00000 1.00000
vt 0.00000 1.00000
vt 0.00000 1.00000
vt 0.00000 1.00000
vt 0.00000 1.00000
vt 0.00000 1.00000
vt 0.00000 1.00000
vt 0.00000 1.00000
vt 0.00000 1.00000
vt 0.00000 1.00000
vt 0.00000 1.00000
vt 0.00000 1.00000
vt 0.00000 1.00000
vt 0.00000 1.00000
vt 0.00000 1.00000
vt 0.00000 1.00000
vt 0.00000 1.00000
vt 0.00000 1.00000
vt 0.00000 1.00000
vt 0.00000 1.00000
vt 0.00000 1.00000
vt 0.00000 1.00000
vt 0.00000 1.00000
vt 0.00000 1.00000
vt 0.00000 1.00000
vt 0.00000 1.00000
vt 0.00000 1.00000
vt 0.00000 1.00000
vt 0.00000 1.00000
vt 0.00000 1.00000
vt 0.00000 1.00000
vt 0.00000 1.00000
vt 0.00000 1.00000
vt 0.00000 1.00000
vt 0.00000 1.00000
vt 0.00000 1.00000
vt 0.00000 1.00000
vt 0.00000 1.00000
vt 0.00000 1.00000
vt 0.00000 1.00000
vt 0.00000 1.00000
vt 0.00000 1.00000
vt 0.00000 1.00000
vt 0.00000 1.00000
vt 0.00000 1.00000
vt 0.00000 1.00000
vt 0.00000 1.00000
vt 0.00000 1.00000
vt 0.00000 1.00000
vt 0.00000 1.00000
vt 0.00000 1.00000
vt 0.00000 1.00000
vt 0.00000 1.00000
vt 0.00000 1.00000
vt 0.00000 1.00000
vt 0.00000 1.00000
vt 0.00000 1.00000
vt 0.00000 1.00000
vt 0.00000 1.00000
vt 0.00000 1.00000
vt 0.00000 1.00000
vt 0.00000 1.00000
vt 0.00000 1.00000
vt 0.00000 1.00000
vt 0.00000 1.00000
vt 0.00000 1.00000
vt 0.00000 1.00000
vt 0.00000 1.00000
vt 0.00000 1.00000
vt 0.00000 1.00000
vt 0.00000 1.00000
vt 0.00000 1.00000
vt 0.00000 1.00000
vt 0.00000 1.00000
vt 0.00000 1.00000
vt 0.00000 1.00000
vt 0.00000 1.00000
vt 0.00000 1.00000
vt 0.00000 1.00000
vt 0.00000 1.00000
vt 0.00000 1.00000
vt 0.00000 1.00000
vt 0.00000 1.00000
vt 0.00000 1.00000
vt 0.00000 1.00000
vt 0.00000 1.00000
vt 0.00000 1.00000
vt 0.00000 1.00000
vt 0.00000 1.00000
vt 0.00000 1.00000
vt 0.00000 1.00000
vt 0.00000 1.00000
vt 0.00000 1.00000
vt 0.00000 1.00000
vt 0.00000 1.00000
vt 0.00000 1.00000
vt 0.00000 1.00000
vt 0.00000 1.00000
vt 0.00000 1.00000
vt 0.00000 1.00000
vt 0.00000 1.00000
vt 0.00000 1.00000
vt 0.00000 1.00000
vt 0.00000 1.00000
vt 0.00000 1.00000
vt 0.00000 1.00000
vt 0.00000 1.00000
vt 0.00000 1.00000
vt 0.00000 1.00000
vt 0.00000 1.00000
vt 0.00000 1.00000
vt 0.00000 1.00000
vt 0.00000 1.00000
vt 0.00000 1.00000
vt 0.00000 1.00000
vt 0.00000 1.00000
vt 0.00000 1.00000
vt 0.00000 1.00000
vt 0.00000 1.00000
vt 0.00000 1.00000
vt 0.00000 1.00000
vt 0.00000 1.00000
vt 0.00000 1.00000
vt 0.00000 1.00000
vt 0.00000 1.00000
vt 0.00000 1.00000
vt 0.00000 1.00000
vt 0.00000 1.00000
vt 0.00000 1.00000
vt 0.00000 1.00000
vt 0.00000 1.00000
vt 0.00000 1.00000
vt 0.00000 1.00000
vt 0.00000 1.00000
vt 0.00000 1.00000
vt 0.00000 1.00000
vt 0.00000 1.00000
vt 0.00000 1.00000
vt 0.00000 1.00000
vt 0.00000 1.00000
vt 0.00000 1.00000
vt 0.00000 1.00000
vt 0.00000 1.00000
vt 0.00000 1.00000
vt 0.00000 1.00000
vt 0.00000 1.00000
vt 0.00000 1.00000
vt 0.00000 1.00000
vt 0.00000 1.00000
vt 0.00000 1.00000
vt 0.00000 1.00000
vt 0.00000 1.00000
vt 0.00000 1.00000
vt 0.00000 1.00000
vt 0.00000 1.00000
vt 0.00000 1.00000
vt 0.00000 1.00000
vt 0.00000 1.00000
vt 0.00000 1.00000
vt 0.00000 1.00000
vt 0.00000 1.00000
vt 0.00000 1.00000
vt 0.00000 1.00000
vt 0.00000 1.00000
vt 0.00000 1.00000
vt 0.00000 1.00000
vt 0.00000 1.00000
vt 0.00000 1.00000
vt 0.00000 1.00000
vt 0.00000 1.00000
vt 0.00000 1.00000
vt 0.00000 1.00000
vt 0.00000 1.00000
vt 0.00000 1.00000
vt 0.00000 1.00000
vt 0.00000 1.00000
vt 0.00000 1.00000
vt 0.00000 1.00000
vt 0.00000 1.00000
vt 0.00000 1.00000
vt 0.00000 1.00000
vt 0.00000 1.00000
vt 0.00000 1.00000
vt 0.00000 1.00000
vt 0.00000 1.00000
vt 0.00000 1.00000
vt 0.00000 1.00000
vt 0.00000 1.00000
vt 0.00000 1.00000
vt 0.00000 1.00000
vt 0.00000 1.00000
vt 0.00000 1.00000
vt 0.00000 1.00000
vt 0.00000 1.00000
vt 0.00000 1.00000
vt 0.00000 1.00000
vt 0.00000 1.00000
vt 0.00000 1.00000
vt 0.00000 1.00000
vt 0.00000 1.00000
vt 0.00000 1.00000
vt 0.00000 1.00000
vt 0.00000 1.00000
vt 0.00000 1.00000
vt 0.00000 1.00000
vt 0.00000 1.00000
vt 0.00000 1.00000
vt 0.00000 1.00000
vt 0.00000 1.00000
vt 0.00000 1.00000
vt 0.00000 1.00000
vt 0.00000 1.00000
vt 0.00000 1.00000
vt 0.00000 1.00000
vt 0.00000 1.00000
vt 0.00000 1.00000
vt 0.00000 1.00000
vt 0.00000 1.00000
vt 0.00000 1.00000
vt 0.00000 1.00000
vt 0.00000 1.00000
vt 0.00000 1.00000
vt 0.00000 1.00000
vt 0.00000 1.00000
vt 0.00000 1.00000
vt 0.00000 1.00000
vt 0.00000 1.00000
vt 0.00000 1.00000
vt 0.00000 1.00000
vt 0.00000 1.00000
vt 0.00000 1.00000
vt 0.00000 1.00000
vt 0.00000 1.00000
vt 0.00000 1.00000
vt 0.00000 1.00000
vt 0.00000 1.00000
vt 0.00000 1.00000
vt 0.00000 1.00000
vt 0.00000 1.00000
vt 0.00000 1.00000
vt 0.00000 1.00000
vt 0.00000 1.00000
vt 0.00000 1.00000
vt 0.00000 1.00000
vt 0.00000 1.00000
vt 0.00000 1.00000
vt 0.00000 1.00000
vt 0.00000 1.00000
vt 0.00000 1.00000
vt 0.00000 1.00000
vt 0.00000 1.00000
vt 0.00000 1.00000
vt 0.00000 1.00000
vt 0.00000 1.00000
vt 0.00000 1.00000
vt 0.00000 1.00000
vt 0.00000 1.00000
vt 0.00000 1.00000
vt 0.00000 1.00000
vt 0.00000 1.00000
vt 0.00000 1.00000
vt 0.00000 1.00000
vt 0.00000 1.00000
vt 0.00000 1.00000
vt 0.00000 1.00000
vt 0.00000 1.00000
vt 0.00000 1.00000
vt 0.00000 1.00000
vt 0.00000 1.00000
vt 0.00000 1.00000
vt 0.00000 1.00000
vt 0.00000 1.00000
vt 0.00000 1.00000
vt 0.00000 1.00000
vt 0.00000 1.00000
vt 0.00000 1.00000
vt 0.00000 1.00000
vt 0.00000 1.00000
vt 0.00000 1.00000
vt 0.00000 1.00000
vt 0.00000 1.00000
vt 0.00000 1.00000
vt 0.00000 1.00000
vt 0.00000 1.00000
vt 0.00000 1.00000
vt 0.00000 1.00000
vt 0.00000 1.00000
vt 0.00000 1.00000
vt 0.00000 1.00000
vt 0.00000 1.00000
vt 0.00000 1.00000
vt 0.00000 1.00000
vt 0.00000 1.00000
vt 0.00000 1.00000
vt 0.00000 1.00000
vt 0.00000 1.00000
vt 0.00000 1.00000
vt 0.00000 1.00000
vt 0.00000 1.00000
vt 0.00000 1.00000
vt 0.00000 1.00000
vt 0.00000 1.00000
vt 0.00000 1.00000
vt 0.00000 1.00000
vt 0.00000 1.00000
vt 0.00000 1.00000
vt 0.00000 1.00000
vt 0.00000 1.00000
vt 0.00000 1.00000
vt 0.00000 1.00000
vt 0.00000 1.00000
vt 0.00000 1.00000
vt 0.00000 1.00000
vt 0.00000 1.00000
vt 0.00000 1.00000
vt 0.00000 1.00000
vt 0.00000 1.00000
vt 0.00000 1.00000
vt 0.00000 1.00000
vt 0.00000 1.00000
vt 0.00000 1.00000
vt 0.00000 1.00000
vt 0.00000 1.00000
vt 0.00000 1.00000
vt 0.00000 1.00000
vt 0.00000 1.00000
vt 0.00000 1.00000
vt 0.00000 1.00000
vt 0.00000 1.00000
vt 0.00000 1.00000
vt 0.00000 1.00000
vt 0.00000 1.00000
vt 0.00000 1.00000
vt 0.00000 1.00000
vt 0.00000 1.00000
vt 0.00000 1.00000
vt 0.00000 1.00000
vt 0.00000 1.00000
vt 0.00000 1.00000
vt 0.00000 1.00000
vt 0.00000 1.00000
vt 0.00000 1.00000
vt 0.00000 1.00000
vt 0.00000 1.00000
vt 0.00000 1.00000
vt 0.00000 1.00000
vt 0.00000 1.00000
vt 0.00000 1.00000
vt 0.00000 1.00000
vt 0.00000 1.00000
vt 0.00000 1.00000
vt 0.00000 1.00000
vt 0.00000 1.00000
vt 0.00000 1.00000
vt 0.00000 1.00000
vt 0.00000 1.00000
vt 0.00000 1.00000
vt 0.00000 1.00000
vt 0.00000 1.00000
vt 0.00000 1.00000
vt 0.00000 1.00000
vt 0.00000 1.00000
vt 0.00000 1.00000
vt 0.00000 1.00000
vt 0.00000 1.00000
vt 0.00000 1.00000
vt 0.00000 1.00000
vt 0.00000 1.00000
vt 0.00000 1.00000
vt 0.00000 1.00000
vt 0.00000 1.00000
vt 0.00000 1.00000
vt 0.00000 1.00000
vt 0.00000 1.00000
vt 0.00000 1.00000
vt 0.00000 1.00000
vt 0.00000 1.00000
vt 0.00000 1.00000
vt 0.00000 1.00000
vt 0.00000 1.00000
vt 0.00000 1.00000
vt 0.00000 1.00000
vt 0.00000 1.00000
vt 0.00000 1.00000
vt 0.00000 1.00000
vt 0.00000 1.00000
vt 0.00000 1.00000
vt 0.00000 1.00000
vt 0.00000 1.00000
vt 0.00000 1.00000
vt 0.00000 1.00000
vt 0.00000 1.00000
vt 0.00000 1.00000
vt 0.00000 1.00000
vt 0.00000 1.00000
vt 0.00000 1.00000
vt 0.00000 1.00000
vt 0.00000 1.00000
vt 0.00000 1.00000
vt 0.00000 1.00000
vt 0.00000 1.00000
vt 0.00000 1.00000
vt 0.00000 1.00000
vt 0.00000 1.00000
vt 0.00000 1.00000
vt 0.00000 1.00000
vt 0.00000 1.00000
vt 0.00000 1.00000
vt 0.00000 1.00000
vt 0.00000 1.00000
vt 0.00000 1.00000
vt 0.00000 1.00000
vt 0.00000 1.00000
vt 0.00000 1.00000
vt 0.00000 1.00000
vt 0.00000 1.00000
vt 0.00000 1.00000
vt 0.00000 1.00000
vt 0.00000 1.00000
vt 0.00000 1.00000
vt 0.00000 1.00000
vt 0.00000 1.00000
vt 0.00000 1.00000
vt 0.00000 1.00000
vt 0.00000 1.00000
vt 0.00000 1.00000
vt 0.00000 1.00000
vt 0.00000 1.00000
vt 0.00000 1.00000
vt 0.00000 1.00000
vt 0.00000 1.00000
vt 0.00000 1.00000
vt 0.00000 1.00000
vt 0.00000 1.00000
vt 0.00000 1.00000
vt 0.00000 1.00000
vt 0.00000 1.00000
vt 0.00000 1.00000
vt 0.00000 1.00000
vt 0.00000 1.00000
vt 0.00000 1.00000
vt 0.00000 1.00000
vt 0.00000 1.00000
vt 0.00000 1.00000
vt 0.00000 1.00000
vt 0.00000 1.00000
vt 0.00000 1.00000
vt 0.00000 1.00000
vt 0.00000 1.00000
vt 0.00000 1.00000
vt 0.00000 1.00000
vt 0.00000 1.00000
vt 0.00000 1.00000
vt 0.00000 1.00000
vt 0.00000 1.00000
vt 0.00000 1.00000
vt 0.00000 1.00000
vt 0.00000 1.00000
vt 0.00000 1.00000
vt 0.00000 1.00000
vt 0.00000 1.00000
vt 0.00000 1.00000
vt 0.00000 1.00000
vt 0.00000 1.00000
vt 0.00000 1.00000
vt 0.00000 1.00000
vt 0.00000 1.00000
vt 0.00000 1.00000
vt 0.00000 1.00000
vt 0.00000 1.00000
vt 0.00000 1.00000
vt 0.00000 1.00000
vt 0.00000 1.00000
vt 0.00000 1.00000
vt 0.00000 1.00000
vt 0.00000 1.00000
vt 0.00000 1.00000
vt 0.00000 1.00000
vt 0.00000 1.00000
vt 0.00000 1.00000
vt 0.00000 1.00000
vt 0.00000 1.00000
vt 0.00000 1.00000
vt 0.00000 1.00000
vt 0.00000 1.00000
vt 0.00000 1.00000
vt 0.00000 1.00000
vt 0.00000 1.00000
vt 0.00000 1.00000
vt 0.00000 1.00000
vt 0.00000 1.00000
vt 0.00000 1.00000
vt 0.00000 1.00000
vt 0.00000 1.00000
vt 0.00000 1.00000
vt 0.00000 1.00000
vt 0.00000 1.00000
vt 0.00000 1.00000
vt 0.00000 1.00000
vt 0.00000 1.00000
vt 0.00000 1.00000
vt 0.00000 1.00000
vt 0.00000 1.00000
vt 0.00000 1.00000
vt 0.00000 1.00000
vt 0.00000 1.00000
vt 0.00000 1.00000
vt 0.00000 1.00000
vt 0.00000 1.00000
vt 0.00000 1.00000
vt 0.00000 1.00000
vt 0.00000 1.00000
vt 0.00000 1.00000
vt 0.00000 1.00000
vt 0.00000 1.00000
vt 0.00000 1.00000
vt 0.00000 1.00000
vt 0.00000 1.00000
vt 0.00000 1.00000
vt 0.00000 1.00000
vt 0.00000 1.00000
vt 0.00000 1.00000
vt 0.00000 1.00000
vt 0.00000 1.00000
vt 0.00000 1.00000
vt 0.00000 1.00000
vt 0.00000 1.00000
vt 0.00000 1.00000
vt 0.00000 1.00000
vt 0.00000 1.00000
vt 0.00000 1.00000
vt 0.00000 1.00000
vt 0.00000 1.00000
vt 0.00000 1.00000
vt 0.00000 1.00000
vt 0.00000 1.00000
vt 0.00000 1.00000
vt 0.00000 1.00000
vt 0.00000 1.00000
vt 0.00000 1.00000
vt 0.00000 1.00000
vt 0.00000 1.00000
vt 0.00000 1.00000
vt 0.00000 1.00000
vt 0.00000 1.00000
vt 0.00000 1.00000
vt 0.00000 1.00000
vt 0.00000 1.00000
vt 0.00000 1.00000
vt 0.00000 1.00000
vt 0.00000 1.00000
vt 0.00000 1.00000
vt 0.00000 1.00000
vt 0.00000 1.00000
vt 0.00000 1.00000
vt 0.00000 1.00000
vt 0.00000 1.00000
vt 0.00000 1.00000
vt 0.00000 1.00000
vt 0.00000 1.00000
vt 0.00000 1.00000
vt 0.00000 1.00000
vt 0.00000 1.00000
vt 0.00000 1.00000
vt 0.00000 1.00000
vt 0.00000 1.00000
vt 0.00000 1.00000
vt 0.00000 1.00000
vt 0.00000 1.00000
vt 0.00000 1.00000
vt 0.00000 1.00000
vt 0.00000 1.00000
vt 0.00000 1.00000
vt 0.00000 1.00000
vt 0.00000 1.00000
vt 0.00000 1.00000
vt 0.00000 1.00000
vt 0.00000 1.00000
vt 0.00000 1.00000
vt 0.00000 1.00000
vt 0.00000 1.00000
vt 0.00000 1.00000
vt 0.00000 1.00000
vt 0.00000 1.00000
vt 0.00000 1.00000
vt 0.00000 1.00000
vt 0.00000 1.00000
vt 0.00000 1.00000
vt 0.00000 1.00000
vt 0.00000 1.00000
vt 0.00000 1.00000
vt 0.00000 1.00000
vt 0.00000 1.00000
vt 0.00000 1.00000
vt 0.00000 1.00000
vt 0.00000 1.00000
vt 0.00000 1.00000
vt 0.00000 1.00000
vt 0.00000 1.00000
vt 0.00000 1.00000
vt 0.00000 1.00000
vt 0.00000 1.00000
vt 0.00000 1.00000
vt 0.00000 1.00000
vt 0.00000 1.00000
vt 0.00000 1.00000
vt 0.00000 1.00000
vt 0.00000 1.00000
vt 0.00000 1.00000
vt 0.00000 1.00000
vt 0.00000 1.00000
vt 0.00000 1.00000
vt 0.00000 1.00000
vt 0.00000 1.00000
vt 0.00000 1.00000
vt 0.00000 1.00000
vt 0.00000 1.00000
vt 0.00000 1.00000
vt 0.00000 1.00000
vt 0.00000 1.00000
vt 0.00000 1.00000
vt 0.00000 1.00000
vt 0.00000 1.00000
vt 0.00000 1.00000
vt 0.00000 1.00000
vt 0.00000 1.00000
vt 0.00000 1.00000
vt 0.00000 1.00000
vt 0.00000 1.00000
vt 0.00000 1.00000
vt 0.00000 1.00000
vt 0.00000 1.00000
vt 0.00000 1.00000
vt 0.00000 1.00000
vt 0.00000 1.00000
vt 0.00000 1.00000
vt 0.00000 1.00000
vt 0.00000 1.00000
vt 0.00000 1.00000
vt 0.00000 1.00000
vt 0.00000 1.00000
vt 0.00000 1.00000
vt 0.00000 1.00000
vt 0.00000 1.00000
vt 0.00000 1.00000
vt 0.00000 1.00000
vt 0.00000 1.00000
vt 0.00000 1.00000
vt 0.00000 1.00000
vt 0.00000 1.00000
vt 0.00000 1.00000
vt 0.00000 1.00000
vt 0.00000 1.00000
vt 0.00000 1.00000
vt 0.00000 1.00000
vt 0.00000 1.00000
vt 0.00000 1.00000
vt 0.00000 1.00000
vt 0.00000 1.00000
vt 0.00000 1.00000
vt 0.00000 1.00000
vt 0.00000 1.00000
vt 0.00000 1.00000
vt 0.00000 1.00000
vt 0.00000 1.00000
vt 0.00000 1.00000
vt 0.00000 1.00000
vt 0.00000 1.00000
vt 0.00000 1.00000
vt 0.00000 1.00000
vt 0.00000 1.00000
vt 0.00000 1.00000
vt 0.00000 1.00000
vt 0.00000 1.00000
vt 0.00000 1.00000
vt 0.00000 1.00000
vt 0.00000 1.00000
vt 0.00000 1.00000
vt 0.00000 1.00000
vt 0.00000 1.00000
vt 0.00000 1.00000
vt 0.00000 1.00000
vt 0.00000 1.00000
vt 0.00000 1.00000
vt 0.00000 1.00000
vt 0.00000 1.00000
vt 0.00000 1.00000
vt 0.00000 1.00000
vt 0.00000 1.00000
vt 0.00000 1.00000
vt 0.00000 1.00000
vt 0.00000 1.00000
vt 0.00000 1.00000
vt 0.00000 1.00000
vt 0.00000 1.00000
vt 0.00000 1.00000
vt 0.00000 1.00000
vt 0.00000 1.00000
vt 0.00000 1.00000
vt 0.00000 1.00000
vt 0.00000 1.00000
vt 0.00000 1.00000
vt 0.00000 1.00000
vt 0.00000 1.00000
vt 0.00000 1.00000
vt 0.00000 1.00000
vt 0.00000 1.00000
vt 0.00000 1.00000
vt 0.00000 1.00000
vt 0.00000 1.00000
vt 0.00000 1.00000
vt 0.00000 1.00000
vt 0.00000 1.00000
vt 0.00000 1.00000
vt 0.00000 1.00000
vt 0.00000 1.00000
vt 0.00000 1.00000
vt 0.00000 1.00000
vt 0.00000 1.00000
vt 0.00000 1.00000
vt 0.00000 1.00000
vt 0.00000 1.00000
vt 0.00000 1.00000
vt 0.00000 1.00000
vt 0.00000 1.00000
vt 0.00000 1.00000
vt 0.00000 1.00000
vt 0.00000 1.00000
vt 0.00000 1.00000
vt 0.00000 1.00000
vt 0.00000 1.00000
vt 0.00000 1.00000
vt 0.00000 1.00000
vt 0.00000 1.00000
vt 0.00000 1.00000
vt 0.00000 1.00000
vt 0.00000 1.00000
vt 0.00000 1.00000
vt 0.00000 1.00000
vt 0.00000 1.00000
vt 0.00000 1.00000
vt 0.00000 1.00000
vt 0.00000 1.00000
vt 0.00000 1.00000
vt 0.00000 1.00000
vt 0.00000 1.00000
vt 0.00000 1.00000
vt 0.00000 1.00000
vt 0.00000 1.00000
vt 0.00000 1.00000
vt 0.00000 1.00000
vt 0.00000 1.00000
vt 0.00000 1.00000
vt 0.00000 1.00000
vt 0.00000 1.00000
vt 0.00000 1.00000
vt 0.00000 1.00000
vt 0.00000 1.00000
vt 0.00000 1.00000
vt 0.00000 1.00000
vt 0.00000 1.00000
vt 0.00000 1.00000
vt 0.00000 1.00000
vt 0.00000 1.00000
vt 0.00000 1.00000
vt 0.00000 1.00000
vt 0.00000 1.00000
vt 0.00000 1.00000
vt 0.00000 1.00000
vt 0.00000 1.00000
vt 0.00000 1.00000
vt 0.00000 1.00000
vt 0.00000 1.00000
vt 0.00000 1.00000
vt 0.00000 1.00000
vt 0.00000 1.00000
vt 0.00000 1.00000
vt 0.00000 1.00000
vt 0.00000 1.00000
vt 0.00000 1.00000
vt 0.00000 1.00000
vt 0.00000 1.00000
vt 0.00000 1.00000
vt 0.00000 1.00000
vt 0.00000 1.00000
vt 0.00000 1.00000
vt 0.00000 1.00000
vt 0.00000 1.00000
vt 0.00000 1.00000
vt 0.00000 1.00000
vt 0.00000 1.00000
vt 0.00000 1.00000
vt 0.00000 1.00000
vt 0.00000 1.00000
vt 0.00000 1.00000
vt 0.00000 1.00000
vt 0.00000 1.00000
vt 0.00000 1.00000
vt 0.00000 1.00000
vt 0.00000 1.00000
vt 0.00000 1.00000
vt 0.00000 1.00000
vt 0.00000 1.00000
vt 0.00000 1.00000
vt 0.00000 1.00000
vt 0.00000 1.00000
vt 0.00000 1.00000
vt 0.00000 1.00000
vt 0.00000 1.00000
vt 0.00000 1.00000
vt 0.00000 1.00000
vt 0.00000 1.00000
vt 0.00000 1.00000
vt 0.00000 1.00000
vt 0.00000 1.00000
vt 0.00000 1.00000
vt 0.00000 1.00000
vt 0.00000 1.00000
vt 0.00000 1.00000
vt 0.00000 1.00000
vt 0.00000 1.00000
vt 0.00000 1.00000
vt 0.00000 1.00000
vt 0.00000 1.00000
vt 0.00000 1.00000
vt 0.00000 1.00000
vt 0.00000 1.00000
vt 0.00000 1.00000
vt 0.00000 1.00000
vt 0.00000 1.00000
vt 0.00000 1.00000
vt 0.00000 1.00000
vt 0.00000 1.00000
vt 0.00000 1.00000
vt 0.00000 1.00000
vt 0.00000 1.00000
vt 0.00000 1.00000
vt 0.00000 1.00000
vt 0.00000 1.00000
vt 0.00000 1.00000
vt 0.00000 1.00000
vt 0.00000 1.00000
vt 0.00000 1.00000
vt 0.00000 1.00000
vt 0.00000 1.00000
vt 0.00000 1.00000
vt 0.00000 1.00000
vt 0.00000 1.00000
vt 0.00000 1.00000
vt 0.00000 1.00000
vt 0.00000 1.00000
vt 0.00000 1.00000
vt 0.00000 1.00000
vt 0.00000 1.00000
vt 0.00000 1.00000
vt 0.00000 1.00000
vt 0.00000 1.00000
vt 0.00000 1.00000
vt 0.00000 1.00000
vt 0.00000 1.00000
vt 0.00000 1.00000
vt 0.00000 1.00000
vt 0.00000 1.00000
vt 0.00000 1.00000
vt 0.00000 1.00000
vt 0.00000 1.00000
vt 0.00000 1.00000
vt 0.00000 1.00000
vt 0.00000 1.00000
vt 0.00000 1.00000
vt 0.00000 1.00000
vt 0.00000 1.00000
vt 0.00000 1.00000
vt 0.00000 1.00000
vt 0.00000 1.00000
vt 0.00000 1.00000
vt 0.00000 1.00000
vt 0.00000 1.00000
vt 0.00000 1.00000
vt 0.00000 1.00000
vt 0.00000 1.00000
vt 0.00000 1.00000
vt 0.00000 1.00000
vt 0.00000 1.00000
vt 0.00000 1.00000
vt 0.00000 1.00000
vt 0.00000 1.00000
vt 0.00000 1.00000
vt 0.00000 1.00000
vt 0.00000 1.00000
vt 0.00000 1.00000
vt 0.00000 1.00000
vt 0.00000 1.00000
vt 0.00000 1.00000
vt 0.00000 1.00000
vt 0.00000 1.00000
vt 0.00000 1.00000
vt 0.00000 1.00000
vt 0.00000 1.00000
vt 0.00000 1.00000
vt 0.00000 1.00000
vt 0.00000 1.00000
vt 0.00000 1.00000
vt 0.00000 1.00000
vt 0.00000 1.00000
vt 0.00000 1.00000
vt 0.00000 1.00000
vt 0.00000 1.00000
vt 0.00000 1.00000
vt 0.00000 1.00000
vt 0.00000 1.00000
vt 0.00000 1.00000
vt 0.00000 1.00000
vt 0.00000 1.00000
vt 0.00000 1.00000
vt 0.00000 1.00000
vt 0.00000 1.00000
vt 0.00000 1.00000
vt 0.00000 1.00000
vt 0.00000 1.00000
vt 0.00000 1.00000
vt 0.00000 1.00000
vt 0.00000 1.00000
vt 0.00000 1.00000
vt 0.00000 1.00000
vt 0.00000 1.00000
vt 0.00000 1.00000
vt 0.00000 1.00000
vt 0.00000 1.00000
vt 0.00000 1.00000
vt 0.00000 1.00000
vt 0.00000 1.00000
vt 0.00000 1.00000
vt 0.00000 1.00000
vt 0.00000 1.00000
vt 0.00000 1.00000
vt 0.00000 1.00000
vt 0.00000 1.00000
vt 0.00000 1.00000
vt 0.00000 1.00000
vt 0.00000 1.00000
vt 0.00000 1.00000
vt 0.00000 1.00000
vt 0.00000 1.00000
vt 0.00000 1.00000
vt 0.00000 1.00000
vt 0.00000 1.00000
vt 0.00000 1.00000
vt 0.00000 1.00000
vt 0.00000 1.00000
vt 0.00000 1.00000
vt 0.00000 1.00000
vt 0.00000 1.00000
vt 0.00000 1.00000
vt 0.00000 1.00000
vt 0.00000 1.00000
vt 0.00000 1.00000
vt 0.00000 1.00000
vt 0.00000 1.00000
vt 0.00000 1.00000
vt 0.00000 1.00000
vt 0.00000 1.00000
vt 0.00000 1.00000
vt 0.00000 1.00000
vt 0.00000 1.00000
vt 0.00000 1.00000
vt 0.00000 1.00000
vt 0.00000 1.00000
vt 0.00000 1.00000
vt 0.00000 1.00000
vt 0.00000 1.00000
vt 0.00000 1.00000
vt 0.00000 1.00000
vt 0.00000 1.00000
vt 0.00000 1.00000
vt 0.00000 1.00000
vt 0.00000 1.00000
vt 0.00000 1.00000
vt 0.00000 1.00000
vt 0.00000 1.00000
vt 0.00000 1.00000
vt 0.00000 1.00000
vt 0.00000 1.00000
vt 0.00000 1.00000
vt 0.00000 1.00000
vt 0.00000 1.00000
vt 0.00000 1.00000
vt 0.00000 1.00000
vt 0.00000 1.00000
vt 0.00000 1.00000
vt 0.00000 1.00000
vt 0.00000 1.00000
vt 0.00000 1.00000
vt 0.00000 1.00000
vt 0.00000 1.00000
vt 0.00000 1.00000
vt 0.00000 1.00000
vt 0.00000 1.00000
vt 0.00000 1.00000
vt 0.00000 1.00000
vt 0.00000 1.00000
vt 0.00000 1.00000
vt 0.00000 1.00000
vt 0.00000 1.00000
vt 0.00000 1.00000
vt 0.00000 1.00000
vt 0.00000 1.00000
vt 0.00000 1.00000
vt 0.00000 1.00000
vt 0.00000 1.00000
vt 0.00000 1.00000
vt 0.00000 1.00000
vt 0.00000 1.00000
vt 0.00000 1.00000
vt 0.00000 1.00000
vt 0.00000 1.00000
vt 0.00000 1.00000
vt 0.00000 1.00000
vt 0.00000 1.00000
vt 0.00000 1.00000
vt 0.00000 1.00000
vt 0.00000 1.00000
vt 0.00000 1.00000
vt 0.00000 1.00000
vt 0.00000 1.00000
vt 0.00000 1.00000
vt 0.00000 1.00000
vt 0.00000 1.00000
vt 0.00000 1.00000
vt 0.00000 1.00000
vt 0.00000 1.00000
vt 0.00000 1.00000
vt 0.00000 1.00000
vt 0.00000 1.00000
vt 0.00000 1.00000
vt 0.00000 1.00000
vt 0.00000 1.00000
vt 0.00000 1.00000
vt 0.00000 1.00000
vt 0.00000 1.00000
vt 0.00000 1.00000
vt 0.00000 1.00000
vt 0.00000 1.00000
vt 0.00000 1.00000
vt 0.00000 1.00000
vt 0.00000 1.00000
vt 0.00000 1.00000
vt 0.00000 1.00000
vt 0.00000 1.00000
vt 0.00000 1.00000
vt 0.00000 1.00000
vt 0.00000 1.00000
vt 0.00000 1.00000
vt 0.00000 1.00000
vt 0.00000 1.00000
vt 0.00000 1.00000
vt 0.00000 1.00000
vt 0.00000 1.00000
vt 0.00000 1.00000
vt 0.00000 1.00000
vt 0.00000 1.00000
vt 0.00000 1.00000
vt 0.00000 1.00000
vt 0.00000 1.00000
vt 0.00000 1.00000
vt 0.00000 1.00000
vt 0.00000 1.00000
vt 0.00000 1.00000
vt 0.00000 1.00000
vt 0.00000 1.00000
vt 0.00000 1.00000
vt 0.00000 1.00000
vt 0.00000 1.00000
vt 0.00000 1.00000
vt 0.00000 1.00000
vt 0.00000 1.00000
vt 0.00000 1.00000
vt 0.00000 1.00000
vt 0.00000 1.00000
vt 0.00000 1.00000
vt 0.00000 1.00000
vt 0.00000 1.00000
vt 0.00000 1.00000
vt 0.00000 1.00000
vt 0.00000 1.00000
vt 0.00000 1.00000
vt 0.00000 1.00000
vt 0.00000 1.00000
vt 0.00000 1.00000
vt 0.00000 1.00000
vt 0.00000 1.00000
vt 0.00000 1.00000
vt 0.00000 1.00000
vt 0.00000 1.00000
vt 0.00000 1.00000
vt 0.00000 1.00000
vt 0.00000 1.00000
vt 0.00000 1.00000
vt 0.00000 1.00000
vt 0.00000 1.00000
vt 0.00000 1.00000
vt 0.00000 1.00000
vt 0.00000 1.00000
vt 0.00000 1.00000
vt 0.00000 1.00000
vt 0.00000 1.00000
vt 0.00000 1.00000
vt 0.00000 1.00000
vt 0.00000 1.00000
vt 0.00000 1.00000
vt 0.00000 1.00000
vt 0.00000 1.00000
vt 0.00000 1.00000
vt 0.00000 1.00000
vt 0.00000 1.00000
vt 0.00000 1.00000
vt 0.00000 1.00000
vt 0.00000 1.00000
vt 0.00000 1.00000
vt 0.00000 1.00000
vt 0.00000 1.00000
vt 0.00000 1.00000
vt 0.00000 1.00000
vt 0.00000 1.00000
vt 0.00000 1.00000
vt 0.00000 1.00000
vt 0.00000 1.00000
vt 0.00000 1.00000
vt 0.00000 1.00000
vt 0.00000 1.00000
vt 0.00000 1.00000
vt 0.00000 1.00000
vt 0.00000 1.00000
vt 0.00000 1.00000
vt 0.00000 1.00000
vt 0.00000 1.00000
vt 0.00000 1.00000
vt 0.00000 1.00000
vt 0.00000 1.00000
vt 0.00000 1.00000
vt 0.00000 1.00000
vt 0.00000 1.00000
vt 0.00000 1.00000
vt 0.00000 1.00000
vt 0.00000 1.00000
vt 0.00000 1.00000
vt 0.00000 1.00000
vt 0.00000 1.00000
vt 0.00000 1.00000
vt 0.00000 1.00000
vt 0.00000 1.00000
vt 0.00000 1.00000
vt 0.00000 1.00000
vt 0.00000 1.00000
vt 0.00000 1.00000
vt 0.00000 1.00000
vt 0.00000 1.00000
vt 0.00000 1.00000
vt 0.00000 1.00000
vt 0.00000 1.00000
vt 0.00000 1.00000
vt 0.00000 1.00000
vt 0.00000 1.00000
vt 0.00000 1.00000
vt 0.00000 1.00000
vt 0.00000 1.00000
vt 0.00000 1.00000
vt 0.00000 1.00000
vt 0.00000 1.00000
vt 0.00000 1.00000
vt 0.00000 1.00000
vt 0.00000 1.00000
vt 0.00000 1.00000
vt 0.00000 1.00000
vt 0.00000 1.00000
vt 0.00000 1.00000
vt 0.00000 1.00000
vt 0.00000 1.00000
vt 0.00000 1.00000
vt 0.00000 1.00000
vt 0.00000 1.00000
vt 0.00000 1.00000
vt 0.00000 1.00000
vt 0.00000 1.00000
vt 0.00000 1.00000
vt 0.00000 1.00000
vt 0.00000 1.00000
vt 0.00000 1.00000
vt 0.00000 1.00000
vt 0.00000 1.00000
vt 0.00000 1.00000
vt 0.00000 1.00000
vt 0.00000 1.00000
vt 0.00000 1.00000
vt 0.00000 1.00000
vt 0.00000 1.00000
vt 0.00000 1.00000
vt 0.00000 1.00000
vt 0.00000 1.00000
vt 0.00000 1.00000
vt 0.00000 1.00000
vt 0.00000 1.00000
vt 0.00000 1.00000
vt 0.00000 1.00000
vt 0.00000 1.00000
vt 0.00000 1.00000
vt 0.00000 1.00000
vt 0.00000 1.00000
vt 0.00000 1.00000
vt 0.00000 1.00000
vt 0.00000 1.00000
vt 0.00000 1.00000
vt 0.00000 1.00000
vt 0.00000 1.00000
vt 0.00000 1.00000
vt 0.00000 1.00000
vt 0.00000 1.00000
vt 0.00000 1.00000
vt 0.00000 1.00000
vt 0.00000 1.00000
vt 0.00000 1.00000
vt 0.00000 1.00000
vt 0.00000 1.00000
vt 0.00000 1.00000
vt 0.00000 1.00000
vt 0.00000 1.00000
vt 0.00000 1.00000
vt 0.00000 1.00000
vt 0.00000 1.00000
vt 0.00000 1.00000
vt 0.00000 1.00000
vt 0.00000 1.00000
vt 0.00000 1.00000
vt 0.00000 1.00000
vt 0.00000 1.00000
vt 0.00000 1.00000
vt 0.00000 1.00000
vt 0.00000 1.00000
vt 0.00000 1.00000
vt 0.00000 1.00000
vt 0.00000 1.00000
vt 0.00000 1.00000
vt 0.00000 1.00000
vt 0.00000 1.00000
vt 0.00000 1.00000
vt 0.00000 1.00000
vt 0.00000 1.00000
vt 0.00000 1.00000
vt 0.00000 1.00000
vt 0.00000 1.00000
vt 0.00000 1.00000
vt 0.00000 1.00000
vt 0.00000 1.00000
vt 0.00000 1.00000
vt 0.00000 1.00000
vt 0.00000 1.00000
vt 0.00000 1.00000
vt 0.00000 1.00000
vt 0.00000 1.00000
vt 0.00000 1.00000
vt 0.00000 1.00000
vt 0.00000 1.00000
vt 0.00000 1.00000
vt 0.00000 1.00000
vt 0.00000 1.00000
vt 0.00000 1.00000
vt 0.00000 1.00000
vt 0.00000 1.00000
vt 0.00000 1.00000
vt 0.00000 1.00000
vt 0.00000 1.00000
vt 0.00000 1.00000
vt 0.00000 1.00000
vt 0.00000 1.00000
vt 0.00000 1.00000
vt 0.00000 1.00000
vt 0.00000 1.00000
vt 0.00000 1.00000
vt 0.00000 1.00000
vt 0.00000 1.00000
vt 0.00000 1.00000
vt 0.00000 1.00000
vt 0.00000 1.00000
vt 0.00000 1.00000
vt 0.00000 1.00000
vt 0.00000 1.00000
vt 0.00000 1.00000
vt 0.00000 1.00000
vt 0.00000 1.00000
vt 0.00000 1.00000
vt 0.00000 1.00000
vt 0.00000 1.00000
vt 0.00000 1.00000
vt 0.00000 1.00000
vt 0.00000 1.00000
vt 0.00000 1.00000
vt 0.00000 1.00000
vt 0.00000 1.00000
vt 0.00000 1.00000
vt 0.00000 1.00000
vt 0.00000 1.00000
vt 0.00000 1.00000
vt 0.00000 1.00000
vt 0.00000 1.00000
vt 0.00000 1.00000
vt 0.00000 1.00000
vt 0.00000 1.00000
vt 0.00000 1.00000
vt 0.00000 1.00000
vt 0.00000 1.00000
vt 0.00000 1.00000
vt 0.00000 1.00000
vt 0.00000 1.00000
vt 0.00000 1.00000
vt 0.00000 1.00000
vt 0.00000 1.00000
vt 0.00000 1.00000
vt 0.00000 1.00000
vt 0.00000 1.00000
vt 0.00000 1.00000
vt 0.00000 1.00000
vt 0.00000 1.00000
vt 0.00000 1.00000
vt 0.00000 1.00000
vt 0.00000 1.00000
vt 0.00000 1.00000
vt 0.00000 1.00000
vt 0.00000 1.00000
vt 0.00000 1.00000
vt 0.00000 1.00000
vt 0.00000 1.00000
vt 0.00000 1.00000
vt 0.00000 1.00000
vt 0.00000 1.00000
vt 0.00000 1.00000
vt 0.00000 1.00000
vt 0.00000 1.00000
vt 0.00000 1.00000
vt 0.00000 1.00000
vt 0.00000 1.00000
vt 0.00000 1.00000
vt 0.00000 1.00000
vt 0.00000 1.00000
vt 0.00000 1.00000
vt 0.00000 1.00000
vt 0.00000 1.00000
vt 0.00000 1.00000
vt 0.00000 1.00000
vt 0.00000 1.00000
vt 0.00000 1.00000
vt 0.00000 1.00000
vt 0.00000 1.00000
vt 0.00000 1.00000
vt 0.00000 1.00000
vt 0.00000 1.00000
vt 0.00000 1.00000
vt 0.00000 1.00000
vt 0.00000 1.00000
vt 0.00000 1.00000
vt 0.00000 1.00000
vt 0.00000 1.00000
vt 0.00000 1.00000
vt 0.00000 1.00000
vt 0.00000 1.00000
vt 0.00000 1.00000
vt 0.00000 1.00000
vt 0.00000 1.00000
vt 0.00000 1.00000
vt 0.00000 1.00000
vt 0.00000 1.00000
vt 0.00000 1.00000
vt 0.00000 1.00000
vt 0.00000 1.00000
vt 0.00000 1.00000
vt 0.00000 1.00000
vt 0.00000 1.00000
vt 0.00000 1.00000
vt 0.00000 1.00000
vt 0.00000 1.00000
vt 0.00000 1.00000
vt 0.00000 1.00000
vt 0.00000 1.00000
vt 0.00000 1.00000
vt 0.00000 1.00000
vt 0.00000 1.00000
vt 0.00000 1.00000
vt 0.00000 1.00000
vt 0.00000 1.00000
vt 0.00000 1.00000
vt 0.00000 1.00000
vt 0.00000 1.00000
vt 0.00000 1.00000
vt 0.00000 1.00000
vt 0.00000 1.00000
vt 0.00000 1.00000
vt 0.00000 1.00000
vt 0.00000 1.00000
vt 0.00000 1.00000
vt 0.00000 1.00000
vt 0.00000 1.00000
vt 0.00000 1.00000
vt 0.00000 1.00000
vt 0.00000 1.00000
vt 0.00000 1.00000
vt 0.00000 1.00000
vt 0.00000 1.00000
vt 0.00000 1.00000
vt 0.00000 1.00000
vt 0.00000 1.00000
vt 0.00000 1.00000
vt 0.00000 1.00000
vt 0.00000 1.00000
vt 0.00000 1.00000
vt 0.00000 1.00000
vt 0.00000 1.00000
vt 0.00000 1.00000
vt 0.00000 1.00000
vt 0.00000 1.00000
vt 0.00000 1.00000
vt 0.00000 1.00000
vt 0.00000 1.00000
vt 0.00000 1.00000
vt 0.00000 1.00000
vt 0.00000 1.00000
vt 0.00000 1.00000
vt 0.00000 1.00000
vt 0.00000 1.00000
vt 0.00000 1.00000
vt 0.00000 1.00000
vt 0.00000 1.00000
vt 0.00000 1.00000
vt 0.00000 1.00000
vt 0.00000 1.00000
vt 0.00000 1.00000
vt 0.00000 1.00000
vt 0.00000 1.00000
vt 0.00000 1.00000
vt 0.00000 1.00000
vt 0.00000 1.00000
vt 0.00000 1.00000
vt 0.00000 1.00000
vt 0.00000 1.00000
vt 0.00000 1.00000
vt 0.00000 1.00000
vt 0.00000 1.00000
vt 0.00000 1.00000
vt 0.00000 1.00000
vt 0.00000 1.00000
vt 0.00000 1.00000
vt 0.00000 1.00000
vt 0.00000 1.00000
vt 0.00000 1.00000
vt 0.00000 1.00000
vt 0.00000 1.00000
vt 0.00000 1.00000
vt 0.00000 1.00000
vt 0.00000 1.00000
vt 0.00000 1.00000
vt 0.00000 1.00000
vt 0.00000 1.00000
vt 0.00000 1.00000
vt 0.00000 1.00000
vt 0.00000 1.00000
vt 0.00000 1.00000
vt 0.00000 1.00000
vt 0.00000 1.00000
vt 0.00000 1.00000
vt 0.00000 1.00000
vt 0.00000 1.00000
vt 0.00000 1.00000
vt 0.00000 1.00000
vt 0.00000 1.00000
vt 0.00000 1.00000
vt 0.00000 1.00000
vt 0.00000 1.00000
vt 0.00000 1.00000
vt 0.00000 1.00000
vt 0.00000 1.00000
vt 0.00000 1.00000
vt 0.00000 1.00000
vt 0.00000 1.00000
vt 0.00000 1.00000
vt 0.00000 1.00000
vt 0.00000 1.00000
vt 0.00000 1.00000
vt 0.00000 1.00000
vt 0.00000 1.00000
vt 0.00000 1.00000
vt 0.00000 1.00000
vt 0.00000 1.00000
vt 0.00000 1.00000
vt 0.00000 1.00000
vt 0.00000 1.00000
vt 0.00000 1.00000
vt 0.00000 1.00000
vt 0.00000 1.00000
vt 0.00000 1.00000
vt 0.00000 1.00000
vt 0.00000 1.00000
vt 0.00000 1.00000
vt 0.00000 1.00000
vt 0.00000 1.00000
vt 0.00000 1.00000
vt 0.00000 1.00000
vt 0.00000 1.00000
vt 0.00000 1.00000
vt 0.00000 1.00000
vt 0.00000 1.00000
vt 0.00000 1.00000
vt 0.00000 1.00000
vt 0.00000 1.00000
vt 0.00000 1.00000
vt 0.00000 1.00000
vt 0.00000 1.00000
vt 0.00000 1.00000
vt 0.00000 1.00000
vt 0.00000 1.00000
vt 0.00000 1.00000
vt 0.00000 1.00000
vt 0.00000 1.00000
vt 0.00000 1.00000
vt 0.00000 1.00000
vt 0.00000 1.00000
vt 0.00000 1.00000
vt 0.00000 1.00000
vt 0.00000 1.00000
vt 0.00000 1.00000
vt 0.00000 1.00000
vt 0.00000 1.00000
vt 0.00000 1.00000
vt 0.00000 1.00000
vt 0.00000 1.00000
vt 0.00000 1.00000
vt 0.00000 1.00000
vt 0.00000 1.00000
vt 0.00000 1.00000
vt 0.00000 1.00000
vt 0.00000 1.00000
vt 0.00000 1.00000
vt 0.00000 1.00000
vt 0.00000 1.00000
vt 0.00000 1.00000
vt 0.00000 1.00000
vt 0.00000 1.00000
vt 0.00000 1.00000
vt 0.00000 1.00000
vt 0.00000 1.00000
vt 0.00000 1.00000
vt 0.00000 1.00000
vt 0.00000 1.00000
vt 0.00000 1.00000
vt 0.00000 1.00000
vt 0.00000 1.00000
vt 0.00000 1.00000
vt 0.00000 1.00000
vt 0.00000 1.00000
vt 0.00000 1.00000
vt 0.00000 1.00000
vt 0.00000 1.00000
vt 0.00000 1.00000
vt 0.00000 1.00000
vt 0.00000 1.00000
vt 0.00000 1.00000
vt 0.00000 1.00000
vt 0.00000 1.00000
vt 0.00000 1.00000
vt 0.00000 1.00000
vt 0.00000 1.00000
vt 0.00000 1.00000
vt 0.00000 1.00000
vt 0.00000 1.00000
vt 0.00000 1.00000
vt 0.00000 1.00000
vt 0.00000 1.00000
vt 0.00000 1.00000
vt 0.00000 1.00000
vt 0.00000 1.00000
vt 0.00000 1.00000
vt 0.00000 1.00000
vt 0.00000 1.00000
vt 0.00000 1.00000
vt 0.00000 1.00000
vt 0.00000 1.00000
vt 0.00000 1.00000
vt 0.00000 1.00000
vt 0.00000 1.00000
vt 0.00000 1.00000
vt 0.00000 1.00000
vt 0.00000 1.00000
vt 0.00000 1.00000
vt 0.00000 1.00000
vt 0.00000 1.00000
vt 0.00000 1.00000
vt 0.00000 1.00000
vt 0.00000 1.00000
vt 0.00000 1.00000
vt 0.00000 1.00000
vt 0.00000 1.00000
vt 0.00000 1.00000
vt 0.00000 1.00000
vt 0.00000 1.00000
vt 0.00000 1.00000
vt 0.00000 1.00000
vt 0.00000 1.00000
vt 0.00000 1.00000
vt 0.00000 1.00000
vt 0.00000 1.00000
vt 0.00000 1.00000
vt 0.00000 1.00000
vt 0.00000 1.00000
vt 0.00000 1.00000
vt 0.00000 1.00000
vt 0.00000 1.00000
vt 0.00000 1.00000
vt 0.00000 1.00000
vt 0.00000 1.00000
vt 0.00000 1.00000
vt 0.00000 1.00000
vt 0.00000 1.00000
vt 0.00000 1.00000
vt 0.00000 1.00000
vt 0.00000 1.00000
vt 0.00000 1.00000
vt 0.00000 1.00000
vt 0.00000 1.00000
vt 0.00000 1.00000
vt 0.00000 1.00000
vt 0.00000 1.00000
vt 0.00000 1.00000
vt 0.00000 1.00000
vt 0.00000 1.00000
vt 0.00000 1.00000
vt 0.00000 1.00000
vt 0.00000 1.00000
vt 0.00000 1.00000
vt 0.00000 1.00000
vt 0.00000 1.00000
vt 0.00000 1.00000
vt 0.00000 1.00000
vt 0.00000 1.00000
vt 0.00000 1.00000
vt 0.00000 1.00000
vt 0.00000 1.00000
vt 0.00000 1.00000
vt 0.00000 1.00000
vt 0.00000 1.00000
vt 0.00000 1.00000
vt 0.00000 1.00000
vt 0.00000 1.00000
vt 0.00000 1.00000
vt 0.00000 1.00000
vt 0.00000 1.00000
vt 0.00000 1.00000
vt 0.00000 1.00000
vt 0.00000 1.00000
vt 0.00000 1.00000
vt 0.00000 1.00000
vt 0.00000 1.00000
vt 0.00000 1.00000
vt 0.00000 1.00000
vt 0.00000 1.00000
vt 0.00000 1.00000
vt 0.00000 1.00000
vt 0.00000 1.00000
vt 0.00000 1.00000
vt 0.00000 1.00000
vt 0.00000 1.00000
vt 0.00000 1.00000
vt 0.00000 1.00000
vt 0.00000 1.00000
vt 0.00000 1.00000
vt 0.00000 1.00000
vt 0.00000 1.00000
vt 0.00000 1.00000
vt 0.00000 1.00000
vt 0.00000 1.00000
vt 0.00000 1.00000
vt 0.00000 1.00000
vt 0.00000 1.00000
vt 0.00000 1.00000
vt 0.00000 1.00000
vt 0.00000 1.00000
vt 0.00000 1.00000
vt 0.00000 1.00000
vt 0.00000 1.00000
vt 0.00000 1.00000
vt 0.00000 1.00000
vt 0.00000 1.00000
vt 0.00000 1.00000
vt 0.00000 1.00000
vt 0.00000 1.00000
vt 0.00000 1.00000
vt 0.00000 1.00000
vt 0.00000 1.00000
vt 0.00000 1.00000
vt 0.00000 1.00000
vt 0.00000 1.00000
vt 0.00000 1.00000
vt 0.00000 1.00000
vt 0.00000 1.00000
vt 0.00000 1.00000
vt 0.00000 1.00000
vt 0.00000 1.00000
vt 0.00000 1.00000
vt 0.00000 1.00000
vt 0.00000 1.00000
vt 0.00000 1.00000
vt 0.00000 1.00000
vt 0.00000 1.00000
vt 0.00000 1.00000
vt 0.00000 1.00000
vt 0.00000 1.00000
vt 0.00000 1.00000
vt 0.00000 1.00000
vt 0.00000 1.00000
vt 0.00000 1.00000
vt 0.00000 1.00000
vt 0.00000 1.00000
vt 0.00000 1.00000
vt 0.00000 1.00000
vt 0.00000 1.00000
vt 0.00000 1.00000
vt 0.00000 1.00000
vt 0.00000 1.00000
vt 0.00000 1.00000
vt 0.00000 1.00000
vt 0.00000 1.00000
vt 0.00000 1.00000
vt 0.00000 1.00000
vt 0.00000 1.00000
vt 0.00000 1.00000
vt 0.00000 1.00000
vt 0.00000 1.00000
vt 0.00000 1.00000
vt 0.00000 1.00000
vt 0.00000 1.00000
vt 0.00000 1.00000
vt 0.00000 1.00000
vt 0.00000 1.00000
vt 0.00000 1.00000
vt 0.00000 1.00000
vt 0.00000 1.00000
vt 0.00000 1.00000
vt 0.00000 1.00000
vt 0.00000 1.00000
vt 0.00000 1.00000
vt 0.00000 1.00000
vt 0.00000 1.00000
vt 0.00000 1.00000
vt 0.00000 1.00000
vt 0.00000 1.00000
vt 0.00000 1.00000
vt 0.00000 1.00000
vt 0.00000 1.00000
vt 0.00000 1.00000
vt 0.00000 1.00000
vt 0.00000 1.00000
vt 0.00000 1.00000
vt 0.00000 1.00000
vt 0.00000 1.00000
vt 0.00000 1.00000
vt 0.00000 1.00000
vt 0.00000 1.00000
vt 0.00000 1.00000
vt 0.00000 1.00000
vt 0.00000 1.00000
vt 0.00000 1.00000
vt 0.00000 1.00000
vt 0.00000 1.00000
vt 0.00000 1.00000
vt 0.00000 1.00000
vt 0.00000 1.00000
vt 0.00000 1.00000
vt 0.00000 1.00000
vt 0.00000 1.00000
vt 0.00000 1.00000
vt 0.00000 1.00000
vt 0.00000 1.00000
vt 0.00000 1.00000
vt 0.00000 1.00000
vt 0.00000 1.00000
vt 0.00000 1.00000
vt 0.00000 1.00000
vt 0.00000 1.00000
vt 0.00000 1.00000
vt 0.00000 1.00000
vt 0.00000 1.00000
vt 0.00000 1.00000
vt 0.00000 1.00000
vt 0.00000 1.00000
vt 0.00000 1.00000
vt 0.00000 1.00000
vt 0.00000 1.00000
vt 0.00000 1.00000
vt 0.00000 1.00000
vt 0.00000 1.00000
vt 0.00000 1.00000
vt 0.00000 1.00000
vt 0.00000 1.00000
vt 0.00000 1.00000
vt 0.00000 1.00000
vt 0.00000 1.00000
vt 0.00000 1.00000
vt 0.00000 1.00000
vt 0.00000 1.00000
vt 0.00000 1.00000
vt 0.00000 1.00000
vt 0.00000 1.00000
vt 0.00000 1.00000
vt 0.00000 1.00000
vt 0.00000 1.00000
vt 0.00000 1.00000
vt 0.00000 1.00000
vt 0.00000 1.00000
vt 0.00000 1.00000
vt 0.00000 1.00000
vt 0.00000 1.00000
vt 0.00000 1.00000
vt 0.00000 1.00000
vt 0.00000 1.00000
vt 0.00000 1.00000
vt 0.00000 1.00000
vt 0.00000 1.00000
vt 0.00000 1.00000
vt 0.00000 1.00000
vt 0.00000 1.00000
vt 0.00000 1.00000
vt 0.00000 1.00000
vt 0.00000 1.00000
vt 0.00000 1.00000
vt 0.00000 1.00000
vt 0.00000 1.00000
vt 0.00000 1.00000
vt 0.00000 1.00000
vt 0.00000 1.00000
vt 0.00000 1.00000
vt 0.00000 1.00000
vt 0.00000 1.00000
vt 0.00000 1.00000
vt 0.00000 1.00000
vt 0.00000 1.00000
vt 0.00000 1.00000
vt 0.00000 1.00000
vt 0.00000 1.00000
vt 0.00000 1.00000
vt 0.00000 1.00000
vt 0.00000 1.00000
vt 0.00000 1.00000
vt 0.00000 1.00000
vt 0.00000 1.00000
vt 0.00000 1.00000
vt 0.00000 1.00000
vt 0.00000 1.00000
vt 0.00000 1.00000
vt 0.00000 1.00000
vt 0.00000 1.00000
vt 0.00000 1.00000
vt 0.00000 1.00000
vt 0.00000 1.00000
vt 0.00000 1.00000
vt 0.00000 1.00000
vt 0.00000 1.00000
vt 0.00000 1.00000
vt 0.00000 1.00000
vt 0.00000 1.00000
vt 0.00000 1.00000
vt 0.00000 1.00000
vt 0.00000 1.00000
vt 0.00000 1.00000
vt 0.00000 1.00000
vt 0.00000 1.00000
vt 0.00000 1.00000
vt 0.00000 1.00000
vt 0.00000 1.00000
vt 0.00000 1.00000
vt 0.00000 1.00000
vt 0.00000 1.00000
vt 0.00000 1.00000
vt 0.00000 1.00000
vt 0.00000 1.00000
vt 0.00000 1.00000
vt 0.00000 1.00000
vt 0.00000 1.00000
vt 0.00000 1.00000
vt 0.00000 1.00000
vt 0.00000 1.00000
vt 0.00000 1.00000
vt 0.00000 1.00000
vt 0.00000 1.00000
vt 0.00000 1.00000
vt 0.00000 1.00000
vt 0.00000 1.00000
vt 0.00000 1.00000
vt 0.00000 1.00000
vt 0.00000 1.00000
vt 0.00000 1.00000
vt 0.00000 1.00000
vt 0.00000 1.00000
vt 0.00000 1.00000
vt 0.00000 1.00000
vt 0.00000 1.00000
vt 0.00000 1.00000
vt 0.00000 1.00000
vt 0.00000 1.00000
vt 0.00000 1.00000
vt 0.00000 1.00000
vt 0.00000 1.00000
vt 0.00000 1.00000
vt 0.00000 1.00000
vt 0.00000 1.00000
vt 0.00000 1.00000
vt 0.00000 1.00000
vt 0.00000 1.00000
vt 0.00000 1.00000
vt 0.00000 1.00000
vt 0.00000 1.00000
vt 0.00000 1.00000
vt 0.00000 1.00000
vt 0.00000 1.00000
vt 0.00000 1.00000
vt 0.00000 1.00000
vt 0.00000 1.00000
vt 0.00000 1.00000
vt 0.00000 1.00000
vt 0.00000 1.00000
vt 0.00000 1.00000
vt 0.00000 1.00000
vt 0.00000 1.00000
vt 0.00000 1.00000
vt 0.00000 1.00000
vt 0.00000 1.00000
vt 0.00000 1.00000
vt 0.00000 1.00000
vt 0.00000 1.00000
vt 0.00000 1.00000
vt 0.00000 1.00000
vt 0.00000 1.00000
vt 0.00000 1.00000
vt 0.00000 1.00000
vt 0.00000 1.00000
vt 0.00000 1.00000
vt 0.00000 1.00000
vt 0.00000 1.00000
vt 0.00000 1.00000
vt 0.00000 1.00000
vt 0.00000 1.00000
vt 0.00000 1.00000
vt 0.00000 1.00000
vt 0.00000 1.00000
vt 0.00000 1.00000
vt 0.00000 1.00000
vt 0.00000 1.00000
vt 0.00000 1.00000
vt 0.00000 1.00000
vt 0.00000 1.00000
vt 0.00000 1.00000
vt 0.00000 1.00000
vt 0.00000 1.00000
vt 0.00000 1.00000
vt 0.00000 1.00000
vt 0.00000 1.00000
vt 0.00000 1.00000
vt 0.00000 1.00000
vt 0.00000 1.00000
vt 0.00000 1.00000
vt 0.00000 1.00000
vt 0.00000 1.00000
vt 0.00000 1.00000
vt 0.00000 1.00000
vt 0.00000 1.00000
vt 0.00000 1.00000
vt 0.00000 1.00000
vt 0.00000 1.00000
vt 0.00000 1.00000
vt 0.00000 1.00000
vt 0.00000 1.00000
vt 0.00000 1.00000
vt 0.00000 1.00000
vt 0.00000 1.00000
vt 0.00000 1.00000
vt 0.00000 1.00000
vt 0.00000 1.00000
vt 0.00000 1.00000
vt 0.00000 1.00000
vt 0.00000 1.00000
vt 0.00000 1.00000
vt 0.00000 1.00000
vt 0.00000 1.00000
vt 0.00000 1.00000
vt 0.00000 1.00000
vt 0.00000 1.00000
vt 0.00000 1.00000
vt 0.00000 1.00000
vt 0.00000 1.00000
vt 0.00000 1.00000
vt 0.00000 1.00000
vt 0.00000 1.00000
vt 0.00000 1.00000
vt 0.00000 1.00000
vt 0.00000 1.00000
vt 0.00000 1.00000
vt 0.00000 1.00000
vt 0.00000 1.00000
vt 0.00000 1.00000
vt 0.00000 1.00000
vt 0.00000 1.00000
vt 0.00000 1.00000
vt 0.00000 1.00000
vt 0.00000 1.00000
vt 0.00000 1.00000
vt 0.00000 1.00000
vt 0.00000 1.00000
vt 0.00000 1.00000
vt 0.00000 1.00000
vt 0.00000 1.00000
vt 0.00000 1.00000
vt 0.00000 1.00000
vt 0.00000 1.00000
vt 0.00000 1.00000
vt 0.00000 1.00000
vt 0.00000 1.00000
vt 0.00000 1.00000
vt 0.00000 1.00000
vt 0.00000 1.00000
vt 0.00000 1.00000
vt 0.00000 1.00000
vt 0.00000 1.00000
vt 0.00000 1.00000
vt 0.00000 1.00000
vt 0.00000 1.00000
vt 0.00000 1.00000
vt 0.00000 1.00000
vt 0.00000 1.00000
vt 0.00000 1.00000
vt 0.00000 1.00000
vt 0.00000 1.00000
vt 0.00000 1.00000
vt 0.00000 1.00000
vt 0.00000 1.00000
vt 0.00000 1.00000
vt 0.00000 1.00000
vt 0.00000 1.00000
vt 0.00000 1.00000
vt 0.00000 1.00000
vt 0.00000 1.00000
vt 0.00000 1.00000
vt 0.00000 1.00000
vt 0.00000 1.00000
vt 0.00000 1.00000
vt 0.00000 1.00000
vt 0.00000 1.00000
vt 0.00000 1.00000
vt 0.00000 1.00000
vt 0.00000 1.00000
vt 0.00000 1.00000
vt 0.00000 1.00000
vt 0.00000 1.00000
vt 0.00000 1.00000
vt 0.00000 1.00000
vt 0.00000 1.00000
vt 0.00000 1.00000
vt 0.00000 1.00000
vt 0.00000 1.00000
vt 0.00000 1.00000
vt 0.00000 1.00000
vt 0.00000 1.00000
vt 0.00000 1.00000
vt 0.00000 1.00000
vt 0.00000 1.00000
vt 0.00000 1.00000
vt 0.00000 1.00000
vt 0.00000 1.00000
vt 0.00000 1.00000
vt 0.00000 1.00000
vt 0.00000 1.00000
vt 0.00000 1.00000
vt 0.00000 1.00000
vt 0.00000 1.00000
vt 0.00000 1.00000
vt 0.00000 1.00000
vt 0.00000 1.00000
vt 0.00000 1.00000
vt 0.00000 1.00000
vt 0.00000 1.00000
vt 0.00000 1.00000
vt 0.00000 1.00000
vt 0.00000 1.00000
vt 0.00000 1.00000
vt 0.00000 1.00000
vt 0.00000 1.00000
vt 0.00000 1.00000
vt 0.00000 1.00000
vt 0.00000 1.00000
vt 0.00000 1.00000
vt 0.00000 1.00000
vt 0.00000 1.00000
vt 0.00000 1.00000
vt 0.00000 1.00000
vt 0.00000 1.00000
vt 0.00000 1.00000
vt 0.00000 1.00000
vt 0.00000 1.00000
vt 0.00000 1.00000
vt 0.00000 1.00000
vt 0.00000 1.00000
vt 0.00000 1.00000
vt 0.00000 1.00000
vt 0.00000 1.00000
vt 0.00000 1.00000
vt 0.00000 1.00000
vt 0.00000 1.00000
vt 0.00000 1.00000
vt 0.00000 1.00000
vt 0.00000 1.00000
vt 0.00000 1.00000
vt 0.00000 1.00000
vt 0.00000 1.00000
vt 0.00000 1.00000
vt 0.00000 1.00000
vt 0.00000 1.00000
vt 0.00000 1.00000
vt 0.00000 1.00000
vt 0.00000 1.00000
vt 0.00000 1.00000
vt 0.00000 1.00000
vt 0.00000 1.00000
vt 0.00000 1.00000
vt 0.00000 1.00000
vt 0.00000 1.00000
vt 0.00000 1.00000
vt 0.00000 1.00000
vt 0.00000 1.00000
vt 0.00000 1.00000
vt 0.00000 1.00000
vt 0.00000 1.00000
vt 0.00000 1.00000
vt 0.00000 1.00000
vt 0.00000 1.00000
vt 0.00000 1.00000
vt 0.00000 1.00000
vt 0.00000 1.00000
vt 0.00000 1.00000
vt 0.00000 1.00000
vt 0.00000 1.00000
vt 0.00000 1.00000
vt 0.00000 1.00000
vt 0.00000 1.00000
vt 0.00000 1.00000
vt 0.00000 1.00000
vt 0.00000 1.00000
vt 0.00000 1.00000
vt 0.00000 1.00000
vt 0.00000 1.00000
vt 0.00000 1.00000
vt 0.00000 1.00000
vt 0.00000 1.00000
vt 0.00000 1.00000
vt 0.00000 1.00000
vt 0.00000 1.00000
vt 0.00000 1.00000
vt 0.00000 1.00000
vt 0.00000 1.00000
vt 0.00000 1.00000
vt 0.00000 1.00000
vt 0.00000 1.00000
vt 0.00000 1.00000
vt 0.00000 1.00000
vt 0.00000 1.00000
vt 0.00000 1.00000
vt 0.00000 1.00000
vt 0.00000 1.00000
vt 0.00000 1.00000
vt 0.00000 1.00000
vt 0.00000 1.00000
vt 0.00000 1.00000
vt 0.00000 1.00000
vt 0.00000 1.00000
vt 0.00000 1.00000
vt 0.00000 1.00000
vt 0.00000 1.00000
vt 0.00000 1.00000
vt 0.00000 1.00000
vt 0.00000 1.00000
vt 0.00000 1.00000
vt 0.00000 1.00000
vt 0.00000 1.00000
vt 0.00000 1.00000
vt 0.00000 1.00000
vt 0.00000 1.00000
vt 0.00000 1.00000
vt 0.00000 1.00000
vt 0.00000 1.00000
vt 0.00000 1.00000
vt 0.00000 1.00000
vt 0.00000 1.00000
vt 0.00000 1.00000
vt 0.00000 1.00000
vt 0.00000 1.00000
vt 0.00000 1.00000
vt 0.00000 1.00000
vt 0.00000 1.00000
vt 0.00000 1.00000
vt 0.00000 1.00000
vt 0.00000 1.00000
vt 0.00000 1.00000
vt 0.00000 1.00000
vt 0.00000 1.00000
vt 0.00000 1.00000
vt 0.00000 1.00000
vt 0.00000 1.00000
vt 0.00000 1.00000
vt 0.00000 1.00000
vt 0.00000 1.00000
vt 0.00000 1.00000
vt 0.00000 1.00000
vt 0.00000 1.00000
vt 0.00000 1.00000
vt 0.00000 1.00000
vt 0.00000 1.00000
vt 0.00000 1.00000
vt 0.00000 1.00000
vt 0.00000 1.00000
vt 0.00000 1.00000
vt 0.00000 1.00000
vt 0.00000 1.00000
vt 0.00000 1.00000
vt 0.00000 1.00000
vt 0.00000 1.00000
vt 0.00000 1.00000
vt 0.00000 1.00000
vt 0.00000 1.00000
vt 0.00000 1.00000
vt 0.00000 1.00000
vt 0.00000 1.00000
vt 0.00000 1.00000
vt 0.00000 1.00000
vt 0.00000 1.00000
vt 0.00000 1.00000
vt 0.00000 1.00000
vt 0.00000 1.00000
vt 0.00000 1.00000
vt 0.00000 1.00000
vt 0.00000 1.00000
vt 0.00000 1.00000
vt 0.00000 1.00000
vt 0.00000 1.00000
vt 0.00000 1.00000
vt 0.00000 1.00000
vt 0.00000 1.00000
vt 0.00000 1.00000
vt 0.00000 1.00000
vt 0.00000 1.00000
vt 0.00000 1.00000
vt 0.00000 1.00000
vt 0.00000 1.00000
vt 0.00000 1.00000
vt 0.00000 1.00000
vt 0.00000 1.00000
vt 0.00000 1.00000
vt 0.00000 1.00000
vt 0.00000 1.00000
vt 0.00000 1.00000
vt 0.00000 1.00000
vt 0.00000 1.00000
vt 0.00000 1.00000
vt 0.00000 1.00000
vt 0.00000 1.00000
vt 0.00000 1.00000
vt 0.00000 1.00000
vt 0.00000 1.00000
vt 0.00000 1.00000
vt 0.00000 1.00000
vt 0.00000 1.00000
vt 0.00000 1.00000
vt 0.00000 1.00000
vt 0.00000 1.00000
vt 0.00000 1.00000
vt 0.00000 1.00000
vt 0.00000 1.00000
vt 0.00000 1.00000
vt 0.00000 1.00000
vt 0.00000 1.00000
vt 0.00000 1.00000
vt 0.00000 1.00000
vt 0.00000 1.00000
vt 0.00000 1.00000
vt 0.00000 1.00000
vt 0.00000 1.00000
vt 0.00000 1.00000
vt 0.00000 1.00000
vt 0.00000 1.00000
vt 0.00000 1.00000
vt 0.00000 1.00000
vt 0.00000 1.00000
vt 0.00000 1.00000
vt 0.00000 1.00000
vt 0.00000 1.00000
vt 0.00000 1.00000
vt 0.00000 1.00000
vt 0.00000 1.00000
vt 0.00000 1.00000
vt 0.00000 1.00000
vt 0.00000 1.00000
vt 0.00000 1.00000
vt 0.00000 1.00000
vt 0.00000 1.00000
vt 0.00000 1.00000
vt 0.00000 1.00000
vt 0.00000 1.00000
vt 0.00000 1.00000
vt 0.00000 1.00000
vt 0.00000 1.00000
vt 0.00000 1.00000
vt 0.00000 1.00000
vt 0.00000 1.00000
vt 0.00000 1.00000
vt 0.00000 1.00000
vt 0.00000 1.00000
vt 0.00000 1.00000
vt 0.00000 1.00000
vt 0.00000 1.00000
vt 0.00000 1.00000
vt 0.00000 1.00000
vt 0.00000 1.00000
vt 0.00000 1.00000
vt 0.00000 1.00000
vt 0.00000 1.00000
vt 0.00000 1.00000
vt 0.00000 1.00000
vt 0.00000 1.00000
vt 0.00000 1.00000
vt 0.00000 1.00000
vt 0.00000 1.00000
vt 0.00000 1.00000
vt 0.00000 1.00000
vt 0.00000 1.00000
vt 0.00000 1.00000
vt 0.00000 1.00000
vt 0.00000 1.00000
vt 0.00000 1.00000
vt 0.00000 1.00000
vt 0.00000 1.00000
vt 0.00000 1.00000
vt 0.00000 1.00000
vt 0.00000 1.00000
vt 0.00000 1.00000
vt 0.00000 1.00000
vt 0.00000 1.00000
vt 0.00000 1.00000
vt 0.00000 1.00000
vt 0.00000 1.00000
vt 0.00000 1.00000
vt 0.00000 1.00000
vt 0.00000 1.00000
vt 0.00000 1.00000
vt 0.00000 1.00000
vt 0.00000 1.00000
vt 0.00000 1.00000
vt 0.00000 1.00000
vt 0.00000 1.00000
vt 0.00000 1.00000
vt 0.00000 1.00000
vt 0.00000 1.00000
vt 0.00000 1.00000
vt 0.00000 1.00000
vt 0.00000 1.00000
vt 0.00000 1.00000
vt 0.00000 1.00000
vt 0.00000 1.00000
vt 0.00000 1.00000
vt 0.00000 1.00000
vt 0.00000 1.00000
vt 0.00000 1.00000
vt 0.00000 1.00000
vt 0.00000 1.00000
vt 0.00000 1.00000
vt 0.00000 1.00000
vt 0.00000 1.00000
vt 0.00000 1.00000
vt 0.00000 1.00000
vt 0.00000 1.00000
vt 0.00000 1.00000
vt 0.00000 1.00000
vt 0.00000 1.00000
vt 0.00000 1.00000
vt 0.00000 1.00000
vt 0.00000 1.00000
vt 0.00000 1.00000
vt 0.00000 1.00000
vt 0.00000 1.00000
vt 0.00000 1.00000
vt 0.00000 1.00000
vt 0.00000 1.00000
vt 0.00000 1.00000
vt 0.00000 1.00000
vt 0.00000 1.00000
vt 0.00000 1.00000
vt 0.00000 1.00000
vt 0.00000 1.00000
vt 0.00000 1.00000
vt 0.00000 1.00000
vt 0.00000 1.00000
vt 0.00000 1.00000
vt 0.00000 1.00000
vt 0.00000 1.00000
vt 0.00000 1.00000
vt 0.00000 1.00000
vt 0.00000 1.00000
vt 0.00000 1.00000
vt 0.00000 1.00000
vt 0.00000 1.00000
vt 0.00000 1.00000
vt 0.00000 1.00000
vt 0.00000 1.00000
vt 0.00000 1.00000
vt 0.00000 1.00000
vt 0.00000 1.00000
vt 0.00000 1.00000
vt 0.00000 1.00000
vt 0.00000 1.00000
vt 0.00000 1.00000
vt 0.00000 1.00000
vt 0.00000 1.00000
vt 0.00000 1.00000
vt 0.00000 1.00000
vt 0.00000 1.00000
vt 0.00000 1.00000
vt 0.00000 1.00000
vt 0.00000 1.00000
vt 0.00000 1.00000
vt 0.00000 1.00000
vt 0.00000 1.00000
vt 0.00000 1.00000
vt 0.00000 1.00000
vt 0.00000 1.00000
vt 0.00000 1.00000
vt 0.00000 1.00000
vt 0.00000 1.00000
vt 0.00000 1.00000
vt 0.00000 1.00000
vt 0.00000 1.00000
vt 0.00000 1.00000
vt 0.00000 1.00000
vt 0.00000 1.00000
vt 0.00000 1.00000
vt 0.00000 1.00000
vt 0.00000 1.00000
vt 0.00000 1.00000
vt 0.00000 1.00000
vt 0.00000 1.00000
vt 0.00000 1.00000
vt 0.00000 1.00000
vt 0.00000 1.00000
vt 0.00000 1.00000
vt 0.00000 1.00000
vt 0.00000 1.00000
vt 0.00000 1.00000
vt 0.00000 1.00000
vt 0.00000 1.00000
vt 0.00000 1.00000
vt 0.00000 1.00000
vt 0.00000 1.00000
vt 0.00000 1.00000
vt 0.00000 1.00000
vt 0.00000 1.00000
vt 0.00000 1.00000
vt 0.00000 1.00000
vt 0.00000 1.00000
vt 0.00000 1.00000
vt 0.00000 1.00000
vt 0.00000 1.00000
vt 0.00000 1.00000
vt 0.00000 1.00000
vt 0.00000 1.00000
vt 0.00000 1.00000
vt 0.00000 1.00000
vt 0.00000 1.00000
vt 0.00000 1.00000
vt 0.00000 1.00000
vt 0.00000 1.00000
vt 0.00000 1.00000
vt 0.00000 1.00000
vt 0.00000 1.00000
vt 0.00000 1.00000
vt 0.00000 1.00000
vt 0.00000 1.00000
vt 0.00000 1.00000
vt 0.00000 1.00000
vt 0.00000 1.00000
vt 0.00000 1.00000
vt 0.00000 1.00000
vt 0.00000 1.00000
vt 0.00000 1.00000
vt 0.00000 1.00000
vt 0.00000 1.00000
vt 0.00000 1.00000
vt 0.00000 1.00000
vt 0.00000 1.00000
vt 0.00000 1.00000
vt 0.00000 1.00000
vt 0.00000 1.00000
vt 0.00000 1.00000
vt 0.00000 1.00000
vt 0.00000 1.00000
vt 0.00000 1.00000
vt 0.00000 1.00000
vt 0.00000 1.00000
vt 0.00000 1.00000
vt 0.00000 1.00000
vt 0.00000 1.00000
vt 0.00000 1.00000
vt 0.00000 1.00000
vt 0.00000 1.00000
vt 0.00000 1.00000
vt 0.00000 1.00000
vt 0.00000 1.00000
vt 0.00000 1.00000
vt 0.00000 1.00000
vt 0.00000 1.00000
vt 0.00000 1.00000
vt 0.00000 1.00000
vt 0.00000 1.00000
vt 0.00000 1.00000
vt 0.00000 1.00000
vt 0.00000 1.00000
vt 0.00000 1.00000
vt 0.00000 1.00000
vt 0.00000 1.00000
vt 0.00000 1.00000
vt 0.00000 1.00000
vt 0.00000 1.00000
vt 0.00000 1.00000
vt 0.00000 1.00000
vt 0.00000 1.00000
vt 0.00000 1.00000
vt 0.00000 1.00000
vt 0.00000 1.00000
vt 0.00000 1.00000
vt 0.00000 1.00000
vt 0.00000 1.00000
vt 0.00000 1.00000
vt 0.00000 1.00000
vt 0.00000 1.00000
vt 0.00000 1.00000
vt 0.00000 1.00000
vt 0.00000 1.00000
vt 0.00000 1.00000
vt 0.00000 1.00000
vt 0.00000 1.00000
vt 0.00000 1.00000
vt 0.00000 1.00000
vt 0.00000 1.00000
vt 0.00000 1.00000
vt 0.00000 1.00000
vt 0.00000 1.00000
vt 0.00000 1.00000
vt 0.00000 1.00000
vt 0.00000 1.00000
vt 0.00000 1.00000
vt 0.00000 1.00000
vt 0.00000 1.00000
vt 0.00000 1.00000
vt 0.00000 1.00000
vt 0.00000 1.00000
vt 0.00000 1.00000
vt 0.00000 1.00000
vt 0.00000 1.00000
vt 0.00000 1.00000
vt 0.00000 1.00000
vt 0.00000 1.00000
vt 0.00000 1.00000
vt 0.00000 1.00000
vt 0.00000 1.00000
vt 0.00000 1.00000
vt 0.00000 1.00000
vt 0.00000 1.00000
vt 0.00000 1.00000
vt 0.00000 1.00000
vt 0.00000 1.00000
vt 0.00000 1.00000
vt 0.00000 1.00000
vt 0.00000 1.00000
vt 0.00000 1.00000
vt 0.00000 1.00000
vt 0.00000 1.00000
vt 0.00000 1.00000
vt 0.00000 1.00000
vt 0.00000 1.00000
vt 0.00000 1.00000
vt 0.00000 1.00000
vt 0.00000 1.00000
vt 0.00000 1.00000
vt 0.00000 1.00000
vt 0.00000 1.00000
vt 0.00000 1.00000
vt 0.00000 1.00000
vt 0.00000 1.00000
vt 0.00000 1.00000
vt 0.00000 1.00000
vt 0.00000 1.00000
vt 0.00000 1.00000
vt 0.00000 1.00000
vt 0.00000 1.00000
vt 0.00000 1.00000
vt 0.00000 1.00000
vt 0.00000 1.00000
vt 0.00000 1.00000
vt 0.00000 1.00000
vt 0.00000 1.00000
vt 0.00000 1.00000
vt 0.00000 1.00000
vt 0.00000 1.00000
vt 0.00000 1.00000
vt 0.00000 1.00000
vt 0.00000 1.00000
vt 0.00000 1.00000
vt 0.00000 1.00000
vt 0.00000 1.00000
vt 0.00000 1.00000
vt 0.00000 1.00000
vt 0.00000 1.00000
vt 0.00000 1.00000
vt 0.00000 1.00000
vt 0.00000 1.00000
vt 0.00000 1.00000
vt 0.00000 1.00000
vt 0.00000 1.00000
vt 0.00000 1.00000
vt 0.00000 1.00000
vt 0.00000 1.00000
vt 0.00000 1.00000
vt 0.00000 1.00000
vt 0.00000 1.00000
vt 0.00000 1.00000
vt 0.00000 1.00000
vt 0.00000 1.00000
vt 0.00000 1.00000
vt 0.00000 1.00000
vt 0.00000 1.00000
vt 0.00000 1.00000
vt 0.00000 1.00000
vt 0.00000 1.00000
vt 0.00000 1.00000
vt 0.00000 1.00000
vt 0.00000 1.00000
vt 0.00000 1.00000
vt 0.00000 1.00000
vt 0.00000 1.00000
vt 0.00000 1.00000
vt 0.00000 1.00000
vt 0.00000 1.00000
vt 0.00000 1.00000
vt 0.00000 1.00000
vt 0.00000 1.00000
vt 0.00000 1.00000
vt 0.00000 1.00000
vt 0.00000 1.00000
vt 0.00000 1.00000
vt 0.00000 1.00000
vt 0.00000 1.00000
vt 0.00000 1.00000
vt 0.00000 1.00000
vt 0.00000 1.00000
vt 0.00000 1.00000
vt 0.00000 1.00000
vt 0.00000 1.00000
vt 0.00000 1.00000
vt 0.00000 1.00000
vt 0.00000 1.00000
vt 0.00000 1.00000
vt 0.00000 1.00000
vt 0.00000 1.00000
vt 0.00000 1.00000
vt 0.00000 1.00000
vt 0.00000 1.00000
vt 0.00000 1.00000
vt 0.00000 1.00000
vt 0.00000 1.00000
vt 0.00000 1.00000
vt 0.00000 1.00000
vt 0.00000 1.00000
vt 0.00000 1.00000
vt 0.00000 1.00000
vt 0.00000 1.00000
vt 0.00000 1.00000
vt 0.00000 1.00000
vt 0.00000 1.00000
vt 0.00000 1.00000
vt 0.00000 1.00000
vt 0.00000 1.00000
vt 0.00000 1.00000
vt 0.00000 1.00000
vt 0.00000 1.00000
vt 0.00000 1.00000
vt 0.00000 1.00000
vt 0.00000 1.00000
vt 0.00000 1.00000
vt 0.00000 1.00000
vt 0.00000 1.00000
vt 0.00000 1.00000
vt 0.00000 1.00000
vt 0.00000 1.00000
vt 0.00000 1.00000
vt 0.00000 1.00000
vt 0.00000 1.00000
vt 0.00000 1.00000
vt 0.00000 1.00000
vt 0.00000 1.00000
vt 0.00000 1.00000
vt 0.00000 1.00000
vt 0.00000 1.00000
vt 0.00000 1.00000
vt 0.00000 1.00000
vt 0.00000 1.00000
vt 0.00000 1.00000
vt 0.00000 1.00000
vt 0.00000 1.00000
vt 0.00000 1.00000
vt 0.00000 1.00000
vt 0.00000 1.00000
vt 0.00000 1.00000
vt 0.00000 1.00000
vt 0.00000 1.00000
vt 0.00000 1.00000
vt 0.00000 1.00000
vt 0.00000 1.00000
vt 0.00000 1.00000
vt 0.00000 1.00000
vt 0.00000 1.00000
vt 0.00000 1.00000
vt 0.00000 1.00000
vt 0.00000 1.00000
vt 0.00000 1.00000
vt 0.00000 1.00000
vt 0.00000 1.00000
vt 0.00000 1.00000
vt 0.00000 1.00000
vt 0.00000 1.00000
vt 0.00000 1.00000
vt 0.00000 1.00000
vt 0.00000 1.00000
vt 0.00000 1.00000
vt 0.00000 1.00000
vt 0.00000 1.00000
vt 0.00000 1.00000
vt 0.00000 1.00000
vt 0.00000 1.00000
vt 0.00000 1.00000
vt 0.00000 1.00000
vt 0.00000 1.00000
vt 0.00000 1.00000
vt 0.00000 1.00000
vt 0.00000 1.00000
vt 0.00000 1.00000
vt 0.00000 1.00000
vt 0.00000 1.00000
vt 0.00000 1.00000
vt 0.00000 1.00000
vt 0.00000 1.00000
vt 0.00000 1.00000
vt 0.00000 1.00000
vt 0.00000 1.00000
vt 0.00000 1.00000
vt 0.00000 1.00000
vt 0.00000 1.00000
vt 0.00000 1.00000
vt 0.00000 1.00000
vt 0.00000 1.00000
vt 0.00000 1.00000
vt 0.00000 1.00000
vt 0.00000 1.00000
vt 0.00000 1.00000
vt 0.00000 1.00000
vt 0.00000 1.00000
vt 0.00000 1.00000
vt 0.00000 1.00000
vt 0.00000 1.00000
vt 0.00000 1.00000
vt 0.00000 1.00000
vt 0.00000 1.00000
vt 0.00000 1.00000
vt 0.00000 1.00000
vt 0.00000 1.00000
vt 0.00000 1.00000
vt 0.00000 1.00000
vt 0.00000 1.00000
vt 0.00000 1.00000
vt 0.00000 1.00000
vt 0.00000 1.00000
vt 0.00000 1.00000
vt 0.00000 1.00000
vt 0.00000 1.00000
vt 0.00000 1.00000
vt 0.00000 1.00000
vt 0.00000 1.00000
vt 0.00000 1.00000
vt 0.00000 1.00000
vt 0.00000 1.00000
vt 0.00000 1.00000
vt 0.00000 1.00000
vt 0.00000 1.00000
vt 0.00000 1.00000
vt 0.00000 1.00000
vt 0.00000 1.00000
vt 0.00000 1.00000
vt 0.00000 1.00000
vt 0.00000 1.00000
vt 0.00000 1.00000
vt 0.00000 1.00000
vt 0.00000 1.00000
vt 0.00000 1.00000
vt 0.00000 1.00000
vt 0.00000 1.00000
vt 0.00000 1.00000
vt 0.00000 1.00000
vt 0.00000 1.00000
vt 0.00000 1.00000
vt 0.00000 1.00000
vt 0.00000 1.00000
vt 0.00000 1.00000
vt 0.00000 1.00000
vt 0.00000 1.00000
vt 0.00000 1.00000
vt 0.00000 1.00000
vt 0.00000 1.00000
vt 0.00000 1.00000
vt 0.00000 1.00000
vt 0.00000 1.00000
vt 0.00000 1.00000
vt 0.00000 1.00000
vt 0.00000 1.00000
vt 0.00000 1.00000
vt 0.00000 1.00000
vt 0.00000 1.00000
vt 0.00000 1.00000
vt 0.00000 1.00000
vt 0.00000 1.00000
vt 0.00000 1.00000
vt 0.00000 1.00000
vt 0.00000 1.00000
vt 0.00000 1.00000
vt 0.00000 1.00000
vt 0.00000 1.00000
vt 0.00000 1.00000
vt 0.00000 1.00000
vt 0.00000 1.00000
vt 0.00000 1.00000
vt 0.00000 1.00000
vt 0.00000 1.00000
vt 0.00000 1.00000
vt 0.00000 1.00000
vt 0.00000 1.00000
vt 0.00000 1.00000
vt 0.00000 1.00000
vt 0.00000 1.00000
vt 0.00000 1.00000
vt 0.00000 1.00000
vt 0.00000 1.00000
vt 0.00000 1.00000
vt 0.00000 1.00000
vt 0.00000 1.00000
vt 0.00000 1.00000
vt 0.00000 1.00000
vt 0.00000 1.00000
vt 0.00000 1.00000
vt 0.00000 1.00000
vt 0.00000 1.00000
vt 0.00000 1.00000
vt 0.00000 1.00000
vt 0.00000 1.00000
vt 0.00000 1.00000
vt 0.00000 1.00000
vt 0.00000 1.00000
vt 0.00000 1.00000
vt 0.00000 1.00000
vt 0.00000 1.00000
vt 0.00000 1.00000
vt 0.00000 1.00000
vt 0.00000 1.00000
vt 0.00000 1.00000
vt 0.00000 1.00000
vt 0.00000 1.00000
vt 0.00000 1.00000
vt 0.00000 1.00000
vt 0.00000 1.00000
vt 0.00000 1.00000
vt 0.00000 1.00000
vt 0.00000 1.00000
vt 0.00000 1.00000
vt 0.00000 1.00000
vt 0.00000 1.00000
vt 0.00000 1.00000
vt 0.00000 1.00000
vt 0.00000 1.00000
vt 0.00000 1.00000
vt 0.00000 1.00000
vt 0.00000 1.00000
vt 0.00000 1.00000
vt 0.00000 1.00000
vt 0.00000 1.00000
vt 0.00000 1.00000
vt 0.00000 1.00000
vt 0.00000 1.00000
vt 0.00000 1.00000
vt 0.00000 1.00000
vt 0.00000 1.00000
vt 0.00000 1.00000
vt 0.00000 1.00000
vt 0.00000 1.00000
vt 0.00000 1.00000
vt 0.00000 1.00000
vt 0.00000 1.00000
vt 0.00000 1.00000
vt 0.00000 1.00000
vt 0.00000 1.00000
vt 0.00000 1.00000
vt 0.00000 1.00000
vt 0.00000 1.00000
vt 0.00000 1.00000
vt 0.00000 1.00000
vt 0.00000 1.00000
vt 0.00000 1.00000
vt 0.00000 1.00000
vt 0.00000 1.00000
vt 0.00000 1.00000
vt 0.00000 1.00000
vt 0.00000 1.00000
vt 0.00000 1.00000
vt 0.00000 1.00000
vt 0.00000 1.00000
vt 0.00000 1.00000
vt 0.00000 1.00000
vt 0.00000 1.00000
vt 0.00000 1.00000
vt 0.00000 1.00000
vt 0.00000 1.00000
vt 0.00000 1.00000
vt 0.00000 1.00000
vt 0.00000 1.00000
vt 0.00000 1.00000
vt 0.00000 1.00000
vt 0.00000 1.00000
vt 0.00000 1.00000
vt 0.00000 1.00000
vt 0.00000 1.00000
vt 0.00000 1.00000
vt 0.00000 1.00000
vt 0.00000 1.00000
vt 0.00000 1.00000
vt 0.00000 1.00000
vt 0.00000 1.00000
vt 0.00000 1.00000
vt 0.00000 1.00000
vt 0.00000 1.00000
vt 0.00000 1.00000
vt 0.00000 1.00000
vt 0.00000 1.00000
vt 0.00000 1.00000
vt 0.00000 1.00000
vt 0.00000 1.00000
vt 0.00000 1.00000
vt 0.00000 1.00000
vt 0.00000 1.00000
vt 0.00000 1.00000
vt 0.00000 1.00000
vt 0.00000 1.00000
vt 0.00000 1.00000
vt 0.00000 1.00000
vt 0.00000 1.00000
vt 0.00000 1.00000
vt 0.00000 1.00000
vt 0.00000 1.00000
vt 0.00000 1.00000
vt 0.00000 1.00000
vt 0.00000 1.00000
vt 0.00000 1.00000
vt 0.00000 1.00000
vt 0.00000 1.00000
vt 0.00000 1.00000
vt 0.00000 1.00000
vt 0.00000 1.00000
vt 0.00000 1.00000
vt 0.00000 1.00000
vt 0.00000 1.00000
vt 0.00000 1.00000
vt 0.00000 1.00000
vt 0.00000 1.00000
vt 0.00000 1.00000
vt 0.00000 1.00000
vt 0.00000 1.00000
vt 0.00000 1.00000
vt 0.00000 1.00000
vt 0.00000 1.00000
vt 0.00000 1.00000
vt 0.00000 1.00000
vt 0.00000 1.00000
vt 0.00000 1.00000
vt 0.00000 1.00000
vt 0.00000 1.00000
vt 0.00000 1.00000
vt 0.00000 1.00000
vt 0.00000 1.00000
vt 0.00000 1.00000
vt 0.00000 1.00000
vt 0.00000 1.00000
vt 0.00000 1.00000
vt 0.00000 1.00000
vt 0.00000 1.00000
vt 0.00000 1.00000
vt 0.00000 1.00000
vt 0.00000 1.00000
vt 0.00000 1.00000
vt 0.00000 1.00000
vt 0.00000 1.00000
vt 0.00000 1.00000
vt 0.00000 1.00000
vt 0.00000 1.00000
vt 0.00000 1.00000
vt 0.00000 1.00000
vt 0.00000 1.00000
vt 0.00000 1.00000
vt 0.00000 1.00000
vt 0.00000 1.00000
vt 0.00000 1.00000
vt 0.00000 1.00000
vt 0.00000 1.00000
vt 0.00000 1.00000
vt 0.00000 1.00000
vt 0.00000 1.00000
vt 0.00000 1.00000
vt 0.00000 1.00000
vt 0.00000 1.00000
vt 0.00000 1.00000
vt 0.00000 1.00000
vt 0.00000 1.00000
vt 0.00000 1.00000
vt 0.00000 1.00000
vt 0.00000 1.00000
vt 0.00000 1.00000
vt 0.00000 1.00000
vt 0.00000 1.00000
vt 0.00000 1.00000
vt 0.00000 1.00000
vt 0.00000 1.00000
vt 0.00000 1.00000
vt 0.00000 1.00000
vt 0.00000 1.00000
vt 0.00000 1.00000
vt 0.00000 1.00000
vt 0.00000 1.00000
vt 0.00000 1.00000
vt 0.00000 1.00000
vt 0.00000 1.00000
vt 0.00000 1.00000
vt 0.00000 1.00000
vt 0.00000 1.00000
vt 0.00000 1.00000
vt 0.00000 1.00000
vt 0.00000 1.00000
vt 0.00000 1.00000
vt 0.00000 1.00000
vt 0.00000 1.00000
vt 0.00000 1.00000
vt 0.00000 1.00000
vt 0.00000 1.00000
vt 0.00000 1.00000
vt 0.00000 1.00000
vt 0.00000 1.00000
vt 0.00000 1.00000
vt 0.00000 1.00000
vt 0.00000 1.00000
vt 0.00000 1.00000
vt 0.00000 1.00000
vt 0.00000 1.00000
vt 0.00000 1.00000
vt 0.00000 1.00000
vt 0.00000 1.00000
vt 0.00000 1.00000
vt 0.00000 1.00000
vt 0.00000 1.00000
vt 0.00000 1.00000
vt 0.00000 1.00000
vt 0.00000 1.00000
vt 0.00000 1.00000
vt 0.00000 1.00000
vt 0.00000 1.00000
vt 0.00000 1.00000
vt 0.00000 1.00000
vt 0.00000 1.00000
vt 0.00000 1.00000
vt 0.00000 1.00000
vt 0.00000 1.00000
vt 0.00000 1.00000
vt 0.00000 1.00000
vt 0.00000 1.00000
vt 0.00000 1.00000
vt 0.00000 1.00000
vt 0.00000 1.00000
vt 0.00000 1.00000
vt 0.00000 1.00000
vt 0.00000 1.00000
vt 0.00000 1.00000
vt 0.00000 1.00000
vt 0.00000 1.00000
vt 0.00000 1.00000
vt 0.00000 1.00000
vt 0.00000 1.00000
vt 0.00000 1.00000
vt 0.00000 1.00000
vt 0.00000 1.00000
vt 0.00000 1.00000
vt 0.00000 1.00000
vt 0.00000 1.00000
vt 0.00000 1.00000
vt 0.00000 1.00000
vt 0.00000 1.00000
vt 0.00000 1.00000
vt 0.00000 1.00000
vt 0.00000 1.00000
vt 0.00000 1.00000
vt 0.00000 1.00000
vt 0.00000 1.00000
vt 0.00000 1.00000
vt 0.00000 1.00000
vt 0.00000 1.00000
vt 0.00000 1.00000
vt 0.00000 1.00000
vt 0.00000 1.00000
vt 0.00000 1.00000
vt 0.00000 1.00000
vt 0.00000 1.00000
vt 0.00000 1.00000
vt 0.00000 1.00000
vt 0.00000 1.00000
vt 0.00000 1.00000
vt 0.00000 1.00000
vt 0.00000 1.00000
vt 0.00000 1.00000
vt 0.00000 1.00000
vt 0.00000 1.00000
vt 0.00000 1.00000
vt 0.00000 1.00000
vt 0.00000 1.00000
vt 0.00000 1.00000
vt 0.00000 1.00000
vt 0.00000 1.00000
vt 0.00000 1.00000
vt 0.00000 1.00000
vt 0.00000 1.00000
vt 0.00000 1.00000
vt 0.00000 1.00000
vt 0.00000 1.00000
vt 0.00000 1.00000
vt 0.00000 1.00000
vt 0.00000 1.00000
vt 0.00000 1.00000
vt 0.00000 1.00000
vt 0.00000 1.00000
vt 0.00000 1.00000
vt 0.00000 1.00000
vt 0.00000 1.00000
vt 0.00000 1.00000
vt 0.00000 1.00000
vt 0.00000 1.00000
vt 0.00000 1.00000
vt 0.00000 1.00000
vt 0.00000 1.00000
vt 0.00000 1.00000
vt 0.00000 1.00000
vt 0.00000 1.00000
vt 0.00000 1.00000
vt 0.00000 1.00000
vt 0.00000 1.00000
vt 0.00000 1.00000
vt 0.00000 1.00000
vt 0.00000 1.00000
vt 0.00000 1.00000
vt 0.00000 1.00000
vt 0.00000 1.00000
vt 0.00000 1.00000
vt 0.00000 1.00000
vt 0.00000 1.00000
vt 0.00000 1.00000
vt 0.00000 1.00000
vt 0.00000 1.00000
vt 0.00000 1.00000
vt 0.00000 1.00000
vt 0.00000 1.00000
vt 0.00000 1.00000
vt 0.00000 1.00000
vt 0.00000 1.00000
vt 0.00000 1.00000
vt 0.00000 1.00000
vt 0.00000 1.00000
vt 0.00000 1.00000
vt 0.00000 1.00000
vt 0.00000 1.00000
vt 0.00000 1.00000
vt 0.00000 1.00000
vt 0.00000 1.00000
vt 0.00000 1.00000
vt 0.00000 1.00000
vt 0.00000 1.00000
vt 0.00000 1.00000
vt 0.00000 1.00000
vt 0.00000 1.00000
vt 0.00000 1.00000
vt 0.00000 1.00000
vt 0.00000 1.00000
vt 0.00000 1.00000
vt 0.00000 1.00000
vt 0.00000 1.00000
vt 0.00000 1.00000
vt 0.00000 1.00000
vt 0.00000 1.00000
vt 0.00000 1.00000
vt 0.00000 1.00000
vt 0.00000 1.00000
vt 0.00000 1.00000
vt 0.00000 1.00000
vt 0.00000 1.00000
vt 0.00000 1.00000
vt 0.00000 1.00000
vt 0.00000 1.00000
vt 0.00000 1.00000
vt 0.00000 1.00000
vt 0.00000 1.00000
vt 0.00000 1.00000
vt 0.00000 1.00000
vt 0.00000 1.00000
vt 0.00000 1.00000
vt 0.00000 1.00000
vt 0.00000 1.00000
vt 0.00000 1.00000
vt 0.00000 1.00000
vt 0.00000 1.00000
vt 0.00000 1.00000
vt 0.00000 1.00000
vt 0.00000 1.00000
vt 0.00000 1.00000
vt 0.00000 1.00000
vt 0.00000 1.00000
vt 0.00000 1.00000
vt 0.00000 1.00000
vt 0.00000 1.00000
vt 0.00000 1.00000
vt 0.00000 1.00000
vt 0.00000 1.00000
vt 0.00000 1.00000
vt 0.00000 1.00000
vt 0.00000 1.00000
vt 0.00000 1.00000
vt 0.00000 1.00000
vt 0.00000 1.00000
vt 0.00000 1.00000
vt 0.00000 1.00000
vt 0.00000 1.00000
vt 0.00000 1.00000
vt 0.00000 1.00000
vt 0.00000 1.00000
vt 0.00000 1.00000
vt 0.00000 1.00000
vt 0.00000 1.00000
vt 0.00000 1.00000
vt 0.00000 1.00000
vt 0.00000 1.00000
vt 0.00000 1.00000
vt 0.00000 1.00000
vt 0.00000 1.00000
vt 0.00000 1.00000
vt 0.00000 1.00000
vt 0.00000 1.00000
vt 0.00000 1.00000
vt 0.00000 1.00000
vt 0.00000 1.00000
vt 0.00000 1.00000
vt 0.00000 1.00000
vt 0.00000 1.00000
vt 0.00000 1.00000
vt 0.00000 1.00000
vt 0.00000 1.00000
vt 0.00000 1.00000
vt 0.00000 1.00000
vt 0.00000 1.00000
vt 0.00000 1.00000
vt 0.00000 1.00000
vt 0.00000 1.00000
vt 0.00000 1.00000
vt 0.00000 1.00000
vt 0.00000 1.00000
vt 0.00000 1.00000
vt 0.00000 1.00000
vt 0.00000 1.00000
vt 0.00000 1.00000
vt 0.00000 1.00000
vt 0.00000 1.00000
vt 0.00000 1.00000
vt 0.00000 1.00000
vt 0.00000 1.00000
vt 0.00000 1.00000
vt 0.00000 1.00000
vt 0.00000 1.00000
vt 0.00000 1.00000
vt 0.00000 1.00000
vt 0.00000 1.00000
vt 0.00000 1.00000
vt 0.00000 1.00000
vt 0.00000 1.00000
vt 0.00000 1.00000
vt 0.00000 1.00000
vt 0.00000 1.00000
vt 0.00000 1.00000
vt 0.00000 1.00000
vt 0.00000 1.00000
vt 0.00000 1.00000
vt 0.00000 1.00000
vt 0.00000 1.00000
vt 0.00000 1.00000
vt 0.00000 1.00000
vt 0.00000 1.00000
vt 0.00000 1.00000
vt 0.00000 1.00000
vt 0.00000 1.00000
vt 0.00000 1.00000
vt 0.00000 1.00000
vt 0.00000 1.00000
vt 0.00000 1.00000
vt 0.00000 1.00000
vt 0.00000 1.00000
vt 0.00000 1.00000
vt 0.00000 1.00000
vt 0.00000 1.00000
vt 0.00000 1.00000
vt 0.00000 1.00000
vt 0.00000 1.00000
vt 0.00000 1.00000
vt 0.00000 1.00000
vt 0.00000 1.00000
vt 0.00000 1.00000
vt 0.00000 1.00000
vt 0.00000 1.00000
vt 0.00000 1.00000
vt 0.00000 1.00000
vt 0.00000 1.00000
vt 0.00000 1.00000
vt 0.00000 1.00000
vt 0.00000 1.00000
vt 0.00000 1.00000
vt 0.00000 1.00000
vt 0.00000 1.00000
vt 0.00000 1.00000
vt 0.00000 1.00000
vt 0.00000 1.00000
vt 0.00000 1.00000
vt 0.00000 1.00000
vt 0.00000 1.00000
vt 0.00000 1.00000
vt 0.00000 1.00000
vt 0.00000 1.00000
vt 0.00000 1.00000
vt 0.00000 1.00000
vt 0.00000 1.00000
vt 0.00000 1.00000
vt 0.00000 1.00000
vt 0.00000 1.00000
vt 0.00000 1.00000
vt 0.00000 1.00000
vt 0.00000 1.00000
vt 0.00000 1.00000
vt 0.00000 1.00000
vt 0.00000 1.00000
vt 0.00000 1.00000
vt 0.00000 1.00000
vt 0.00000 1.00000
vt 0.00000 1.00000
vt 0.00000 1.00000
vt 0.00000 1.00000
vt 0.00000 1.00000
vt 0.00000 1.00000
vt 0.00000 1.00000
vt 0.00000 1.00000
vt 0.00000 1.00000
vt 0.00000 1.00000
vt 0.00000 1.00000
vt 0.00000 1.00000
vt 0.00000 1.00000
vt 0.00000 1.00000
vt 0.00000 1.00000
vt 0.00000 1.00000
vt 0.00000 1.00000
vt 0.00000 1.00000
vt 0.00000 1.00000
vt 0.00000 1.00000
vt 0.00000 1.00000
vt 0.00000 1.00000
vt 0.00000 1.00000
vt 0.00000 1.00000
vt 0.00000 1.00000
vt 0.00000 1.00000
vt 0.00000 1.00000
vt 0.00000 1.00000
vt 0.00000 1.00000
vt 0.00000 1.00000
vt 0.00000 1.00000
vt 0.00000 1.00000
vt 0.00000 1.00000
vt 0.00000 1.00000
vt 0.00000 1.00000
vt 0.00000 1.00000
vt 0.00000 1.00000
vt 0.00000 1.00000
vt 0.00000 1.00000
vt 0.00000 1.00000
vt 0.00000 1.00000
vt 0.00000 1.00000
vt 0.00000 1.00000
vt 0.00000 1.00000
vt 0.00000 1.00000
vt 0.00000 1.00000
vt 0.00000 1.00000
vt 0.00000 1.00000
vt 0.00000 1.00000
vt 0.00000 1.00000
vt 0.00000 1.00000
vt 0.00000 1.00000
vt 0.00000 1.00000
vt 0.00000 1.00000
vt 0.00000 1.00000
vt 0.00000 1.00000
vt 0.00000 1.00000
vt 0.00000 1.00000
vt 0.00000 1.00000
vt 0.00000 1.00000
vt 0.00000 1.00000
vt 0.00000 1.00000
vt 0.00000 1.00000
vt 0.00000 1.00000
vt 0.00000 1.00000
vt 0.00000 1.00000
vt 0.00000 1.00000
vt 0.00000 1.00000
vt 0.00000 1.00000
vt 0.00000 1.00000
vt 0.00000 1.00000
vt 0.00000 1.00000
vt 0.00000 1.00000
vt 0.00000 1.00000
vt 0.00000 1.00000
vt 0.00000 1.00000
vt 0.00000 1.00000
vt 0.00000 1.00000
vt 0.00000 1.00000
vt 0.00000 1.00000
vt 0.00000 1.00000
vt 0.00000 1.00000
vt 0.00000 1.00000
vt 0.00000 1.00000
vt 0.00000 1.00000
vt 0.00000 1.00000
vt 0.00000 1.00000
vt 0.00000 1.00000
vt 0.00000 1.00000
vt 0.00000 1.00000
vt 0.00000 1.00000
vt 0.00000 1.00000
vt 0.00000 1.00000
vt 0.00000 1.00000
vt 0.00000 1.00000
vt 0.00000 1.00000
vt 0.00000 1.00000
vt 0.00000 1.00000
vt 0.00000 1.00000
vt 0.00000 1.00000
vt 0.00000 1.00000
vt 0.00000 1.00000
vt 0.00000 1.00000
vt 0.00000 1.00000
vt 0.00000 1.00000
vt 0.00000 1.00000
vt 0.00000 1.00000
vt 0.00000 1.00000
vt 0.00000 1.00000
vt 0.00000 1.00000
vt 0.00000 1.00000
vt 0.00000 1.00000
vt 0.00000 1.00000
vt 0.00000 1.00000
vt 0.00000 1.00000
vt 0.00000 1.00000
vt 0.00000 1.00000
vt 0.00000 1.00000
vt 0.00000 1.00000
vt 0.00000 1.00000
vt 0.00000 1.00000
vt 0.00000 1.00000
vt 0.00000 1.00000
vt 0.00000 1.00000
vt 0.00000 1.00000
vt 0.00000 1.00000
vt 0.00000 1.00000
vt 0.00000 1.00000
vt 0.00000 1.00000
vt 0.00000 1.00000
vt 0.00000 1.00000
vt 0.00000 1.00000
vt 0.00000 1.00000
vt 0.00000 1.00000
vt 0.00000 1.00000
vt 0.00000 1.00000
vt 0.00000 1.00000
vt 0.00000 1.00000
vt 0.00000 1.00000
vt 0.00000 1.00000
vt 0.00000 1.00000
vt 0.00000 1.00000
vt 0.00000 1.00000
vt 0.00000 1.00000
vt 0.00000 1.00000
vt 0.00000 1.00000
vt 0.00000 1.00000
vt 0.00000 1.00000
vt 0.00000 1.00000
vt 0.00000 1.00000
vt 0.00000 1.00000
vt 0.00000 1.00000
vt 0.00000 1.00000
vt 0.00000 1.00000
vt 0.00000 1.00000
vt 0.00000 1.00000
vt 0.00000 1.00000
vt 0.00000 1.00000
vt 0.00000 1.00000
vt 0.00000 1.00000
vt 0.00000 1.00000
vt 0.00000 1.00000
vt 0.00000 1.00000
vt 0.00000 1.00000
vt 0.00000 1.00000
vt 0.00000 1.00000
vt 0.00000 1.00000
vt 0.00000 1.00000
vt 0.00000 1.00000
vt 0.00000 1.00000
vt 0.00000 1.00000
vt 0.00000 1.00000
vt 0.00000 1.00000
vt 0.00000 1.00000
vt 0.00000 1.00000
vt 0.00000 1.00000
vt 0.00000 1.00000
vt 0.00000 1.00000
vt 0.00000 1.00000
vt 0.00000 1.00000
vt 0.00000 1.00000
vt 0.00000 1.00000
vt 0.00000 1.00000
vt 0.00000 1.00000
vt 0.00000 1.00000
vt 0.00000 1.00000
vt 0.00000 1.00000
vt 0.00000 1.00000
vt 0.00000 1.00000
vt 0.00000 1.00000
vt 0.00000 1.00000
vt 0.00000 1.00000
vt 0.00000 1.00000
vt 0.00000 1.00000
vt 0.00000 1.00000
vt 0.00000 1.00000
vt 0.00000 1.00000
vt 0.00000 1.00000
vt 0.00000 1.00000
vt 0.00000 1.00000
vt 0.00000 1.00000
vt 0.00000 1.00000
vt 0.00000 1.00000
vt 0.00000 1.00000
vt 0.00000 1.00000
vt 0.00000 1.00000
vt 0.00000 1.00000
vt 0.00000 1.00000
vt 0.00000 1.00000
vt 0.00000 1.00000
vt 0.00000 1.00000
vt 0.00000 1.00000
vt 0.00000 1.00000
vt 0.00000 1.00000
vt 0.00000 1.00000
vt 0.00000 1.00000
vt 0.00000 1.00000
vt 0.00000 1.00000
vt 0.00000 1.00000
vt 0.00000 1.00000
vt 0.00000 1.00000
vt 0.00000 1.00000
vt 0.00000 1.00000
vt 0.00000 1.00000
vt 0.00000 1.00000
vt 0.00000 1.00000
vt 0.00000 1.00000
vt 0.00000 1.00000
vt 0.00000 1.00000
vt 0.00000 1.00000
vt 0.00000 1.00000
vt 0.00000 1.00000
vt 0.00000 1.00000
vt 0.00000 1.00000
vt 0.00000 1.00000
vt 0.00000 1.00000
vt 0.00000 1.00000
vt 0.00000 1.00000
vt 0.00000 1.00000
vt 0.00000 1.00000
vt 0.00000 1.00000
vt 0.00000 1.00000
vt 0.00000 1.00000
vt 0.00000 1.00000
vt 0.00000 1.00000
vt 0.00000 1.00000
vt 0.00000 1.00000
vt 0.00000 1.00000
vt 0.00000 1.00000
vt 0.00000 1.00000
vt 0.00000 1.00000
vt 0.00000 1.00000
vt 0.00000 1.00000
vt 0.00000 1.00000
vt 0.00000 1.00000
vt 0.00000 1.00000
vt 0.00000 1.00000
vt 0.00000 1.00000
vt 0.00000 1.00000
vt 0.00000 1.00000
vt 0.00000 1.00000
vt 0.00000 1.00000
vt 0.00000 1.00000
vt 0.00000 1.00000
vt 0.00000 1.00000
vt 0.00000 1.00000
vt 0.00000 1.00000
vt 0.00000 1.00000
vt 0.00000 1.00000
vt 0.00000 1.00000
vt 0.00000 1.00000
vt 0.00000 1.00000
vt 0.00000 1.00000
vt 0.00000 1.00000
vt 0.00000 1.00000
vt 0.00000 1.00000
vt 0.00000 1.00000
vt 0.00000 1.00000
vt 0.00000 1.00000
vt 0.00000 1.00000
vt 0.00000 1.00000
vt 0.00000 1.00000
vt 0.00000 1.00000
vt 0.00000 1.00000
vt 0.00000 1.00000
vt 0.00000 1.00000
vt 0.00000 1.00000
vt 0.00000 1.00000
vt 0.00000 1.00000
vt 0.00000 1.00000
vt 0.00000 1.00000
vt 0.00000 1.00000
vt 0.00000 1.00000
vt 0.00000 1.00000
vt 0.00000 1.00000
vt 0.00000 1.00000
vt 0.00000 1.00000
vt 0.00000 1.00000
vt 0.00000 1.00000
vt 0.00000 1.00000
vt 0.00000 1.00000
vt 0.00000 1.00000
vt 0.00000 1.00000
vt 0.00000 1.00000
vt 0.00000 1.00000
vt 0.00000 1.00000
vt 0.00000 1.00000
vt 0.00000 1.00000
vt 0.00000 1.00000
vt 0.00000 1.00000
vt 0.00000 1.00000
vt 0.00000 1.00000
vt 0.00000 1.00000
vt 0.00000 1.00000
vt 0.00000 1.00000
vt 0.00000 1.00000
vt 0.00000 1.00000
vt 0.00000 1.00000
vt 0.00000 1.00000
vt 0.00000 1.00000
vt 0.00000 1.00000
vt 0.00000 1.00000
vt 0.00000 1.00000
vt 0.00000 1.00000
vt 0.00000 1.00000
vt 0.00000 1.00000
vt 0.00000 1.00000
vt 0.00000 1.00000
vt 0.00000 1.00000
vt 0.00000 1.00000
vt 0.00000 1.00000
vt 0.00000 1.00000
vt 0.00000 1.00000
vt 0.00000 1.00000
vt 0.00000 1.00000
vt 0.00000 1.00000
vt 0.00000 1.00000
vt 0.00000 1.00000
vt 0.00000 1.00000
vt 0.00000 1.00000
vt 0.00000 1.00000
vt 0.00000 1.00000
vt 0.00000 1.00000
vt 0.00000 1.00000
vt 0.00000 1.00000
vt 0.00000 1.00000
vt 0.00000 1.00000
vt 0.00000 1.00000
vt 0.00000 1.00000
vt 0.00000 1.00000
vt 0.00000 1.00000
vt 0.00000 1.00000
vt 0.00000 1.00000
vt 0.00000 1.00000
vt 0.00000 1.00000
vt 0.00000 1.00000
vt 0.00000 1.00000
vt 0.00000 1.00000
vt 0.00000 1.00000
vt 0.00000 1.00000
vt 0.00000 1.00000
vt 0.00000 1.00000
vt 0.00000 1.00000
vt 0.00000 1.00000
vt 0.00000 1.00000
vt 0.00000 1.00000
vt 0.00000 1.00000
vt 0.00000 1.00000
vt 0.00000 1.00000
vt 0.00000 1.00000
vt 0.00000 1.00000
vt 0.00000 1.00000
vt 0.00000 1.00000
vt 0.00000 1.00000
vt 0.00000 1.00000
vt 0.00000 1.00000
vt 0.00000 1.00000
vt 0.00000 1.00000
vt 0.00000 1.00000
vt 0.00000 1.00000
vt 0.00000 1.00000
vt 0.00000 1.00000
vt 0.00000 1.00000
vt 0.00000 1.00000
vt 0.00000 1.00000
vt 0.00000 1.00000
vt 0.00000 1.00000
vt 0.00000 1.00000
vt 0.00000 1.00000
vt 0.00000 1.00000
vt 0.00000 1.00000
vt 0.00000 1.00000
vt 0.00000 1.00000
vt 0.00000 1.00000
vt 0.00000 1.00000
vt 0.00000 1.00000
vt 0.00000 1.00000
vt 0.00000 1.00000
vt 0.00000 1.00000
vt 0.00000 1.00000
vt 0.00000 1.00000
vt 0.00000 1.00000
vt 0.00000 1.00000
vt 0.00000 1.00000
vt 0.00000 1.00000
vt 0.00000 1.00000
vt 0.00000 1.00000
vt 0.00000 1.00000
vt 0.00000 1.00000
vt 0.00000 1.00000
vt 0.00000 1.00000
vt 0.00000 1.00000
vt 0.00000 1.00000
vt 0.00000 1.00000
vt 0.00000 1.00000
vt 0.00000 1.00000
vt 0.00000 1.00000
vt 0.00000 1.00000
vt 0.00000 1.00000
vt 0.00000 1.00000
vt 0.00000 1.00000
vt 0.00000 1.00000
vt 0.00000 1.00000
vt 0.00000 1.00000
vt 0.00000 1.00000
vt 0.00000 1.00000
vt 0.00000 1.00000
vt 0.00000 1.00000
vt 0.00000 1.00000
vt 0.00000 1.00000
vt 0.00000 1.00000
vt 0.00000 1.00000
vt 0.00000 1.00000
vt 0.00000 1.00000
vt 0.00000 1.00000
vt 0.00000 1.00000
vt 0.00000 1.00000
vt 0.00000 1.00000
vt 0.00000 1.00000
vt 0.00000 1.00000
vt 0.00000 1.00000
vt 0.00000 1.00000
vt 0.00000 1.00000
vt 0.00000 1.00000
vt 0.00000 1.00000
vt 0.00000 1.00000
vt 0.00000 1.00000
vt 0.00000 1.00000
vt 0.00000 1.00000
vt 0.00000 1.00000
vt 0.00000 1.00000
vt 0.00000 1.00000
vt 0.00000 1.00000
vt 0.00000 1.00000
vt 0.00000 1.00000
vt 0.00000 1.00000
vt 0.00000 1.00000
vt 0.00000 1.00000
vt 0.00000 1.00000
vt 0.00000 1.00000
vt 0.00000 1.00000
vt 0.00000 1.00000
vt 0.00000 1.00000
vt 0.00000 1.00000
vt 0.00000 1.00000
vt 0.00000 1.00000
vt 0.00000 1.00000
vt 0.00000 1.00000
vt 0.00000 1.00000
vt 0.00000 1.00000
vt 0.00000 1.00000
vt 0.00000 1.00000
vt 0.00000 1.00000
vt 0.00000 1.00000
vt 0.00000 1.00000
vt 0.00000 1.00000
vt 0.00000 1.00000
vt 0.00000 1.00000
vt 0.00000 1.00000
vt 0.00000 1.00000
vt 0.00000 1.00000
vt 0.00000 1.00000
vt 0.00000 1.00000
vt 0.00000 1.00000
vt 0.00000 1.00000
vt 0.00000 1.00000
vt 0.00000 1.00000
vt 0.00000 1.00000
vt 0.00000 1.00000
vt 0.00000 1.00000
vt 0.00000 1.00000
vt 0.00000 1.00000
vt 0.00000 1.00000
vt 0.00000 1.00000
vt 0.00000 1.00000
vt 0.00000 1.00000
vt 0.00000 1.00000
vt 0.00000 1.00000
vt 0.00000 1.00000
vt 0.00000 1.00000
vt 0.00000 1.00000
vt 0.00000 1.00000
vt 0.00000 1.00000
vt 0.00000 1.00000
vt 0.00000 1.00000
vt 0.00000 1.00000
vt 0.00000 1.00000
vt 0.00000 1.00000
vt 0.00000 1.00000
vt 0.00000 1.00000
vt 0.00000 1.00000
vt 0.00000 1.00000
vt 0.00000 1.00000
vt 0.00000 1.00000
vt 0.00000 1.00000
vt 0.00000 1.00000
vt 0.00000 1.00000
vt 0.00000 1.00000
vt 0.00000 1.00000
vt 0.00000 1.00000
vt 0.00000 1.00000
vt 0.00000 1.00000
vt 0.00000 1.00000
vt 0.00000 1.00000
vt 0.00000 1.00000
vt 0.00000 1.00000
vt 0.00000 1.00000
vt 0.00000 1.00000
vt 0.00000 1.00000
vt 0.00000 1.00000
vt 0.00000 1.00000
vt 0.00000 1.00000
vt 0.00000 1.00000
vt 0.00000 1.00000
vt 0.00000 1.00000
vt 0.00000 1.00000
vt 0.00000 1.00000
vt 0.00000 1.00000
vt 0.00000 1.00000
vt 0.00000 1.00000
vt 0.00000 1.00000
vt 0.00000 1.00000
vt 0.00000 1.00000
vt 0.00000 1.00000
vt 0.00000 1.00000
vt 0.00000 1.00000
vt 0.00000 1.00000
vt 0.00000 1.00000
vt 0.00000 1.00000
vt 0.00000 1.00000
vt 0.00000 1.00000
vt 0.00000 1.00000
vt 0.00000 1.00000
vt 0.00000 1.00000
vt 0.00000 1.00000
vt 0.00000 1.00000
vt 0.00000 1.00000
vt 0.00000 1.00000
vt 0.00000 1.00000
vt 0.00000 1.00000
vt 0.00000 1.00000
vt 0.00000 1.00000
vt 0.00000 1.00000
vt 0.00000 1.00000
vt 0.00000 1.00000
vt 0.00000 1.00000
vt 0.00000 1.00000
vt 0.00000 1.00000
vt 0.00000 1.00000
vt 0.00000 1.00000
vt 0.00000 1.00000
vt 0.00000 1.00000
vt 0.00000 1.00000
vt 0.00000 1.00000
vt 0.00000 1.00000
vt 0.00000 1.00000
vt 0.00000 1.00000
vt 0.00000 1.00000
vt 0.00000 1.00000
vt 0.00000 1.00000
vt 0.00000 1.00000
vt 0.00000 1.00000
vt 0.00000 1.00000
vt 0.00000 1.00000
vt 0.00000 1.00000
vt 0.00000 1.00000
vt 0.00000 1.00000
vt 0.00000 1.00000
vt 0.00000 1.00000
vt 0.00000 1.00000
vt 0.00000 1.00000
vt 0.00000 1.00000
vt 0.00000 1.00000
vt 0.00000 1.00000
vt 0.00000 1.00000
vt 0.00000 1.00000
vt 0.00000 1.00000
vt 0.00000 1.00000
vt 0.00000 1.00000
vt 0.00000 1.00000
vt 0.00000 1.00000
vt 0.00000 1.00000
vt 0.00000 1.00000
vt 0.00000 1.00000
vt 0.00000 1.00000
vt 0.00000 1.00000
vt 0.00000 1.00000
vt 0.00000 1.00000
vt 0.00000 1.00000
vt 0.00000 1.00000
vt 0.00000 1.00000
vt 0.00000 1.00000
vt 0.00000 1.00000
vt 0.00000 1.00000
vt 0.00000 1.00000
vt 0.00000 1.00000
vt 0.00000 1.00000
vt 0.00000 1.00000
vt 0.00000 1.00000
vt 0.00000 1.00000
vt 0.00000 1.00000
vt 0.00000 1.00000
vt 0.00000 1.00000
vt 0.00000 1.00000
vt 0.00000 1.00000
vt 0.00000 1.00000
vt 0.00000 1.00000
vt 0.00000 1.00000
vt 0.00000 1.00000
vt 0.00000 1.00000
vt 0.00000 1.00000
vt 0.00000 1.00000
vt 0.00000 1.00000
vt 0.00000 1.00000
vt 0.00000 1.00000
vt 0.00000 1.00000
vt 0.00000 1.00000
vt 0.00000 1.00000
vt 0.00000 1.00000
vt 0.00000 1.00000
vt 0.00000 1.00000
vt 0.00000 1.00000
vt 0.00000 1.00000
vt 0.00000 1.00000
vt 0.00000 1.00000
vt 0.00000 1.00000
vt 0.00000 1.00000
vt 0.00000 1.00000
vt 0.00000 1.00000
vt 0.00000 1.00000
vt 0.00000 1.00000
vt 0.00000 1.00000
vt 0.00000 1.00000
vt 0.00000 1.00000
vt 0.00000 1.00000
vt 0.00000 1.00000
vt 0.00000 1.00000
vt 0.00000 1.00000
vt 0.00000 1.00000
vt 0.00000 1.00000
vt 0.00000 1.00000
vt 0.00000 1.00000
vt 0.00000 1.00000
vt 0.00000 1.00000
vt 0.00000 1.00000
vt 0.00000 1.00000
vt 0.00000 1.00000
vt 0.00000 1.00000
vt 0.00000 1.00000
vt 0.00000 1.00000
vt 0.00000 1.00000
vt 0.00000 1.00000
vt 0.00000 1.00000
vt 0.00000 1.00000
vt 0.00000 1.00000
vt 0.00000 1.00000
vt 0.00000 1.00000
vt 0.00000 1.00000
vt 0.00000 1.00000
vt 0.00000 1.00000
vt 0.00000 1.00000
vt 0.00000 1.00000
vt 0.00000 1.00000
vt 0.00000 1.00000
vt 0.00000 1.00000
vt 0.00000 1.00000
vt 0.00000 1.00000
vt 0.00000 1.00000
vt 0.00000 1.00000
vt 0.00000 1.00000
vt 0.00000 1.00000
vt 0.00000 1.00000
vt 0.00000 1.00000
vt 0.00000 1.00000
vt 0.00000 1.00000
vt 0.00000 1.00000
vt 0.00000 1.00000
vt 0.00000 1.00000
vt 0.00000 1.00000
usemtl needles
f 2233/2233 2234/2234 2235/2235
f 2236/2236 2237/2237 2238/2238
f 2239/2239 2240/2240 2241/2241
f 2242/2242 2243/2243 2244/2244
f 2245/2245 2246/2246 2247/2247
f 2248/2248 2249/2249 2250/2250
f 2251/2251 2252/2252 2253/2253
f 2254/2254 2255/2255 2256/2256
f 2257/2257 2258/2258 2259/2259
f 2260/2260 2261/2261 2262/2262
f 2263/2263 2264/2264 2265/2265
f 2266/2266 2267/2267 2268/2268
f 2269/2269 2270/2270 2271/2271
f 2272/2272 2273/2273 2274/2274
f 2275/2275 2276/2276 2277/2277
f 2278/2278 2279/2279 2280/2280
f 2281/2281 2282/2282 2283/2283
f 2284/2284 2285/2285 2286/2286
f 2287/2287 2288/2288 2289/2289
f 2290/2290 2291/2291 2292/2292
f 2293/2293 2294/2294 2295/2295
f 2296/2296 2297/2297 2298/2298
f 2299/2299 2300/2300 2301/2301
f 2302/2302 2303/2303 2304/2304
f 2305/2305 2306/2306 2307/2307
f 2308/2308 2309/2309 2310/2310
f 2311/2311 2312/2312 2313/2313
f 2314/2314 2315/2315 2316/2316
f 2317/2317 2318/2318 2319/2319
f 2320/2320 2321/2321 2322/2322
f 2323/2323 2324/2324 2325/2325
f 2326/2326 2327/2327 2328/2328
f 2329/2329 2330/2330 2331/2331
f 2332/2332 2333/2333 2334/2334
f 2335/2335 2336/2336 2337/2337
f 2338/2338 2339/2339 2340/2340
f 2341/2341 2342/2342 2343/2343
f 2344/2344 2345/2345 2346/2346
f 2347/2347 2348/2348 2349/2349
f 2350/2350 2351/2351 2352/2352
f 2353/2353 2354/2354 2355/2355
f 2356/2356 2357/2357 2358/2358
f 2359/2359 2360/2360 2361/2361
f 2362/2362 2363/2363 2364/2364
f 2365/2365 2366/2366 2367/2367
f 2368/2368 2369/2369 2370/2370
f 2371/2371 2372/2372 2373/2373
f 2374/2374 2375/2375 2376/2376
f 2377/2377 2378/2378 2379/2379
f 2380/2380 2381/2381 2382/2382
f 2383/2383 2384/2384 2385/2385
f 2386/2386 2387/2387 2388/2388
f 2389/2389 2390/2390 2391/2391
f 2392/2392 2393/2393 2394/2394
f 2395/2395 2396/2396 2397/2397
f 2398/2398 2399/2399 2400/2400
f 2401/2401 2402/2402 2403/2403
f 2404/2404 2405/2405 2406/2406
f 2407/2407 2408/2408 2409/2409
f 2410/2410 2411/2411 2412/2412
f 2413/2413 2414/2414 2415/2415
f 2416/2416 2417/2417 2418/2418
f 2419/2419 2420/2420 2421/2421
f 2422/2422 2423/2423 2424/2424
f 2425/2425 2426/2426 2427/2427
f 2428/2428 2429/2429 2430/2430
f 2431/2431 2432/2432 2433/2433
f 2434/2434 2435/2435 2436/2436
f 2437/2437 2438/2438 2439/2439
f 2440/2440 2441/2441 2442/2442
f 2443/2443 2444/2444 2445/2445
f 2446/2446 2447/2447 2448/2448
f 2449/2449 2450/2450 2451/2451
f 2452/2452 2453/2453 2454/2454
f 2455/2455 2456/2456 2457/2457
f 2458/2458 2459/2459 2460/2460
f 2461/2461 2462/2462 2463/2463
f 2464/2464 2465/2465 2466/2466
f 2467/2467 2468/2468 2469/2469
f 2470/2470 2471/2471 2472/2472
f 2473/2473 2474/2474 2475/2475
f 2476/2476 2477/2477 2478/2478
f 2479/2479 2480/2480 2481/2481
f 2482/2482 2483/2483 2484/2484
f 2485/2485 2486/2486 2487/2487
f 2488/2488 2489/2489 2490/2490
f 2491/2491 2492/2492 2493/2493
f 2494/2494 2495/2495 2496/2496
f 2497/2497 2498/2498 2499/2499
f 2500/2500 2501/2501 2502/2502
f 2503/2503 2504/2504 2505/2505
f 2506/2506 2507/2507 2508/2508
f 2509/2509 2510/2510 2511/2511
f 2512/2512 2513/2513 2514/2514
f 2515/2515 2516/2516 2517/2517
f 2518/2518 2519/2519 2520/2520
f 2521/2521 2522/2522 2523/2523
f 2524/2524 2525/2525 2526/2526
f 2527/2527 2528/2528 2529/2529
f 2530/2530 2531/2531 2532/2532
f 2533/2533 2534/2534 2535/2535
f 2536/2536 2537/2537 2538/2538
f 2539/2539 2540/2540 2541/2541
f 2542/2542 2543/2543 2544/2544
f 2545/2545 2546/2546 2547/2547
f 2548/2548 2549/2549 2550/2550
f 2551/2551 2552/2552 2553/2553
f 2554/2554 2555/2555 2556/2556
f 2557/2557 2558/2558 2559/2559
f 2560/2560 2561/2561 2562/2562
f 2563/2563 2564/2564 2565/2565
f 2566/2566 2567/2567 2568/2568
f 2569/2569 2570/2570 2571/2571
f 2572/2572 2573/2573 2574/2574
f 2575/2575 2576/2576 2577/2577
f 2578/2578 2579/2579 2580/2580
f 2581/2581 2582/2582 2583/2583
f 2584/2584 2585/2585 2586/2586
f 2587/2587 2588/2588 2589/2589
f 2590/2590 2591/2591 2592/2592
f 2593/2593 2594/2594 2595/2595
f 2596/2596 2597/2597 2598/2598
f 2599/2599 2600/2600 2601/2601
f 2602/2602 2603/2603 2604/2604
f 2605/2605 2606/2606 2607/2607
f 2608/2608 2609/2609 2610/2610
f 2611/2611 2612/2612 2613/2613
f 2614/2614 2615/2615 2616/2616
f 2617/2617 2618/2618 2619/2619
f 2620/2620 2621/2621 2622/2622
f 2623/2623 2624/2624 2625/2625
f 2626/2626 2627/2627 2628/2628
f 2629/2629 2630/2630 2631/2631
f 2632/2632 2633/2633 2634/2634
f 2635/2635 2636/2636 2637/2637
f 2638/2638 2639/2639 2640/2640
f 2641/2641 2642/2642 2643/2643
f 2644/2644 2645/2645 2646/2646
f 2647/2647 2648/2648 2649/2649
f 2650/2650 2651/2651 2652/2652
f 2653/2653 2654/2654 2655/2655
f 2656/2656 2657/2657 2658/2658
f 2659/2659 2660/2660 2661/2661
f 2662/2662 2663/2663 2664/2664
f 2665/2665 2666/2666 2667/2667
f 2668/2668 2669/2669 2670/2670
f 2671/2671 2672/2672 2673/2673
f 2674/2674 2675/2675 2676/2676
f 2677/2677 2678/2678 2679/2679
f 2680/2680 2681/2681 2682/2682
f 2683/2683 2684/2684 2685/2685
f 2686/2686 2687/2687 2688/2688
f 2689/2689 2690/2690 2691/2691
f 2692/2692 2693/2693 2694/2694
f 2695/2695 2696/2696 2697/2697
f 2698/2698 2699/2699 2700/2700
f 2701/2701 2702/2702 2703/2703
f 2704/2704 2705/2705 2706/2706
f 2707/2707 2708/2708 2709/2709
f 2710/2710 2711/2711 2712/2712
f 2713/2713 2714/2714 2715/2715
f 2716/2716 2717/2717 2718/2718
f 2719/2719 2720/2720 2721/2721
f 2722/2722 2723/2723 2724/2724
f 2725/2725 2726/2726 2727/2727
f 2728/2728 2729/2729 2730/2730
f 2731/2731 2732/2732 2733/2733
f 2734/2734 2735/2735 2736/2736
f 2737/2737 2738/2738 2739/2739
f 2740/2740 2741/2741 2742/2742
f 2743/2743 2744/2744 2745/2745
f 2746/2746 2747/2747 2748/2748
f 2749/2749 2750/2750 2751/2751
f 2752/2752 2753/2753 2754/2754
f 2755/2755 2756/2756 2757/2757
f 2758/2758 2759/2759 2760/2760
f 2761/2761 2762/2762 2763/2763
f 2764/2764 2765/2765 2766/2766
f 2767/2767 2768/2768 2769/2769
f 2770/2770 2771/2771 2772/2772
f 2773/2773 2774/2774 2775/2775
f 2776/2776 2777/2777 2778/2778
f 2779/2779 2780/2780 2781/2781
f 2782/2782 2783/2783 2784/2784
f 2785/2785 2786/2786 2787/2787
f 2788/2788 2789/2789 2790/2790
f 2791/2791 2792/2792 2793/2793
f 2794/2794 2795/2795 2796/2796
f 2797/2797 2798/2798 2799/2799
f 2800/2800 2801/2801 2802/2802
f 2803/2803 2804/2804 2805/2805
f 2806/2806 2807/2807 2808/2808
f 2809/2809 2810/2810 2811/2811
f 2812/2812 2813/2813 2814/2814
f 2815/2815 2816/2816 2817/2817
f 2818/2818 2819/2819 2820/2820
f 2821/2821 2822/2822 2823/2823
f 2824/2824 2825/2825 2826/2826
f 2827/2827 2828/2828 2829/2829
f 2830/2830 2831/2831 2832/2832
f 2833/2833 2834/2834 2835/2835
f 2836/2836 2837/2837 2838/2838
f 2839/2839 2840/2840 2841/2841
f 2842/2842 2843/2843 2844/2844
f 2845/2845 2846/2846 2847/2847
f 2848/2848 2849/2849 2850/2850
f 2851/2851 2852/2852 2853/2853
f 2854/2854 2855/2855 2856/2856
f 2857/2857 2858/2858 2859/2859
f 2860/2860 2861/2861 2862/2862
f 2863/2863 2864/2864 2865/2865
f 2866/2866 2867/2867 2868/2868
f 2869/2869 2870/2870 2871/2871
f 2872/2872 2873/2873 2874/2874
f 2875/2875 2876/2876 2877/2877
f 2878/2878 2879/2879 2880/2880
f 2881/2881 2882/2882 2883/2883
f 2884/2884 2885/2885 2886/2886
f 2887/2887 2888/2888 2889/2889
f 2890/2890 2891/2891 2892/2892
f 2893/2893 2894/2894 2895/2895
f 2896/2896 2897/2897 2898/2898
f 2899/2899 2900/2900 2901/2901
f 2902/2902 2903/2903 2904/2904
f 2905/2905 2906/2906 2907/2907
f 2908/2908 2909/2909 2910/2910
f 2911/2911 2912/2912 2913/2913
f 2914/2914 2915/2915 2916/2916
f 2917/2917 2918/2918 2919/2919
f 2920/2920 2921/2921 2922/2922
f 2923/2923 2924/2924 2925/2925
f 2926/2926 2927/2927 2928/2928
f 2929/2929 2930/2930 2931/2931
f 2932/2932 2933/2933 2934/2934
f 2935/2935 2936/2936 2937/2937
f 2938/2938 2939/2939 2940/2940
f 2941/2941 2942/2942 2943/2943
f 2944/2944 2945/2945 2946/2946
f 2947/2947 2948/2948 2949/2949
f 2950/2950 2951/2951 2952/2952
f 2953/2953 2954/2954 2955/2955
f 2956/2956 2957/2957 2958/2958
f 2959/2959 2960/2960 2961/2961
f 2962/2962 2963/2963 2964/2964
f 2965/2965 2966/2966 2967/2967
f 2968/2968 2969/2969 2970/2970
f 2971/2971 2972/2972 2973/2973
f 2974/2974 2975/2975 2976/2976
f 2977/2977 2978/2978 2979/2979
f 2980/2980 2981/2981 2982/2982
f 2983/2983 2984/2984 2985/2985
f 2986/2986 2987/2987 2988/2988
f 2989/2989 2990/2990 2991/2991
f 2992/2992 2993/2993 2994/2994
f 2995/2995 2996/2996 2997/2997
f 2998/2998 2999/2999 3000/3000
f 3001/3001 3002/3002 3003/3003
f 3004/3004 3005/3005 3006/3006
f 3007/3007 3008/3008 3009/3009
f 3010/3010 3011/3011 3012/3012
f 3013/3013 3014/3014 3015/3015
f 3016/3016 3017/3017 3018/3018
f 3019/3019 3020/3020 3021/3021
f 3022/3022 3023/3023 3024/3024
f 3025/3025 3026/3026 3027/3027
f 3028/3028 3029/3029 3030/3030
f 3031/3031 3032/3032 3033/3033
f 3034/3034 3035/3035 3036/3036
f 3037/3037 3038/3038 3039/3039
f 3040/3040 3041/3041 3042/3042
f 3043/3043 3044/3044 3045/3045
f 3046/3046 3047/3047 3048/3048
f 3049/3049 3050/3050 3051/3051
f 3052/3052 3053/3053 3054/3054
f 3055/3055 3056/3056 3057/3057
f 3058/3058 3059/3059 3060/3060
f 3061/3061 3062/3062 3063/3063
f 3064/3064 3065/3065 3066/3066
f 3067/3067 3068/3068 3069/3069
f 3070/3070 3071/3071 3072/3072
f 3073/3073 3074/3074 3075/3075
f 3076/3076 3077/3077 3078/3078
f 3079/3079 3080/3080 3081/3081
f 3082/3082 3083/3083 3084/3084
f 3085/3085 3086/3086 3087/3087
f 3088/3088 3089/3089 3090/3090
f 3091/3091 3092/3092 3093/3093
f 3094/3094 3095/3095 3096/3096
f 3097/3097 3098/3098 3099/3099
f 3100/3100 3101/3101 3102/3102
f 3103/3103 3104/3104 3105/3105
f 3106/3106 3107/3107 3108/3108
f 3109/3109 3110/3110 3111/3111
f 3112/3112 3113/3113 3114/3114
f 3115/3115 3116/3116 3117/3117
f 3118/3118 3119/3119 3120/3120
f 3121/3121 3122/3122 3123/3123
f 3124/3124 3125/3125 3126/3126
f 3127/3127 3128/3128 3129/3129
f 3130/3130 3131/3131 3132/3132
f 3133/3133 3134/3134 3135/3135
f 3136/3136 3137/3137 3138/3138
f 3139/3139 3140/3140 3141/3141
f 3142/3142 3143/3143 3144/3144
f 3145/3145 3146/3146 3147/3147
f 3148/3148 3149/3149 3150/3150
f 3151/3151 3152/3152 3153/3153
f 3154/3154 3155/3155 3156/3156
f 3157/3157 3158/3158 3159/3159
f 3160/3160 3161/3161 3162/3162
f 3163/3163 3164/3164 3165/3165
f 3166/3166 3167/3167 3168/3168
f 3169/3169 3170/3170 3171/3171
f 3172/3172 3173/3173 3174/3174
f 3175/3175 3176/3176 3177/3177
f 3178/3178 3179/3179 3180/3180
f 3181/3181 3182/3182 3183/3183
f 3184/3184 3185/3185 3186/3186
f 3187/3187 3188/3188 3189/3189
f 3190/3190 3191/3191 3192/3192
f 3193/3193 3194/3194 3195/3195
f 3196/3196 3197/3197 3198/3198
f 3199/3199 3200/3200 3201/3201
f 3202/3202 3203/3203 3204/3204
f 3205/3205 3206/3206 3207/3207
f 3208/3208 3209/3209 3210/3210
f 3211/3211 3212/3212 3213/3213
f 3214/3214 3215/3215 3216/3216
f 3217/3217 3218/3218 3219/3219
f 3220/3220 3221/3221 3222/3222
f 3223/3223 3224/3224 3225/3225
f 3226/3226 3227/3227 3228/3228
f 3229/3229 3230/3230 3231/3231
f 3232/3232 3233/3233 3234/3234
f 3235/3235 3236/3236 3237/3237
f 3238/3238 3239/3239 3240/3240
f 3241/3241 3242/3242 3243/3243
f 3244/3244 3245/3245 3246/3246
f 3247/3247 3248/3248 3249/3249
f 3250/3250 3251/3251 3252/3252
f 3253/3253 3254/3254 3255/3255
f 3256/3256 3257/3257 3258/3258
f 3259/3259 3260/3260 3261/3261
f 3262/3262 3263/3263 3264/3264
f 3265/3265 3266/3266 3267/3267
f 3268/3268 3269/3269 3270/3270
f 3271/3271 3272/3272 3273/3273
f 3274/3274 3275/3275 3276/3276
f 3277/3277 3278/3278 3279/3279
f 3280/3280 3281/3281 3282/3282
f 3283/3283 3284/3284 3285/3285
f 3286/3286 3287/3287 3288/3288
f 3289/3289 3290/3290 3291/3291
f 3292/3292 3293/3293 3294/3294
f 3295/3295 3296/3296 3297/3297
f 3298/3298 3299/3299 3300/3300
f 3301/3301 3302/3302 3303/3303
f 3304/3304 3305/3305 3306/3306
f 3307/3307 3308/3308 3309/3309
f 3310/3310 3311/3311 3312/3312
f 3313/3313 3314/3314 3315/3315
f 3316/3316 3317/3317 3318/3318
f 3319/3319 3320/3320 3321/3321
f 3322/3322 3323/3323 3324/3324
f 3325/3325 3326/3326 3327/3327
f 3328/3328 3329/3329 3330/3330
f 3331/3331 3332/3332 3333/3333
f 3334/3334 3335/3335 3336/3336
f 3337/3337 3338/3338 3339/3339
f 3340/3340 3341/3341 3342/3342
f 3343/3343 3344/3344 3345/3345
f 3346/3346 3347/3347 3348/3348
f 3349/3349 3350/3350 3351/3351
f 3352/3352 3353/3353 3354/3354
f 3355/3355 3356/3356 3357/3357
f 3358/3358 3359/3359 3360/3360
f 3361/3361 3362/3362 3363/3363
f 3364/3364 3365/3365 3366/3366
f 3367/3367 3368/3368 3369/3369
f 3370/3370 3371/3371 3372/3372
f 3373/3373 3374/3374 3375/3375
f 3376/3376 3377/3377 3378/3378
f 3379/3379 3380/3380 3381/3381
f 3382/3382 3383/3383 3384/3384
f 3385/3385 3386/3386 3387/3387
f 3388/3388 3389/3389 3390/3390
f 3391/3391 3392/3392 3393/3393
f 3394/3394 3395/3395 3396/3396
f 3397/3397 3398/3398 3399/3399
f 3400/3400 3401/3401 3402/3402
f 3403/3403 3404/3404 3405/3405
f 3406/3406 3407/3407 3408/3408
f 3409/3409 3410/3410 3411/3411
f 3412/3412 3413/3413 3414/3414
f 3415/3415 3416/3416 3417/3417
f 3418/3418 3419/3419 3420/3420
f 3421/3421 3422/3422 3423/3423
f 3424/3424 3425/3425 3426/3426
f 3427/3427 3428/3428 3429/3429
f 3430/3430 3431/3431 3432/3432
f 3433/3433 3434/3434 3435/3435
f 3436/3436 3437/3437 3438/3438
f 3439/3439 3440/3440 3441/3441
f 3442/3442 3443/3443 3444/3444
f 3445/3445 3446/3446 3447/3447
f 3448/3448 3449/3449 3450/3450
f 3451/3451 3452/3452 3453/3453
f 3454/3454 3455/3455 3456/3456
f 3457/3457 3458/3458 3459/3459
f 3460/3460 3461/3461 3462/3462
f 3463/3463 3464/3464 3465/3465
f 3466/3466 3467/3467 3468/3468
f 3469/3469 3470/3470 3471/3471
f 3472/3472 3473/3473 3474/3474
f 3475/3475 3476/3476 3477/3477
f 3478/3478 3479/3479 3480/3480
f 3481/3481 3482/3482 3483/3483
f 3484/3484 3485/3485 3486/3486
f 3487/3487 3488/3488 3489/3489
f 3490/3490 3491/3491 3492/3492
f 3493/3493 3494/3494 3495/3495
f 3496/3496 3497/3497 3498/3498
f 3499/3499 3500/3500 3501/3501
f 3502/3502 3503/3503 3504/3504
f 3505/3505 3506/3506 3507/3507
f 3508/3508 3509/3509 3510/3510
f 3511/3511 3512/3512 3513/3513
f 3514/3514 3515/3515 3516/3516
f 3517/3517 3518/3518 3519/3519
f 3520/3520 3521/3521 3522/3522
f 3523/3523 3524/3524 3525/3525
f 3526/3526 3527/3527 3528/3528
f 3529/3529 3530/3530 3531/3531
f 3532/3532 3533/3533 3534/3534
f 3535/3535 3536/3536 3537/3537
f 3538/3538 3539/3539 3540/3540
f 3541/3541 3542/3542 3543/3543
f 3544/3544 3545/3545 3546/3546
f 3547/3547 3548/3548 3549/3549
f 3550/3550 3551/3551 3552/3552
f 3553/3553 3554/3554 3555/3555
f 3556/3556 3557/3557 3558/3558
f 3559/3559 3560/3560 3561/3561
f 3562/3562 3563/3563 3564/3564
f 3565/3565 3566/3566 3567/3567
f 3568/3568 3569/3569 3570/3570
f 3571/3571 3572/3572 3573/3573
f 3574/3574 3575/3575 3576/3576
f 3577/3577 3578/3578 3579/3579
f 3580/3580 3581/3581 3582/3582
f 3583/3583 3584/3584 3585/3585
f 3586/3586 3587/3587 3588/3588
f 3589/3589 3590/3590 3591/3591
f 3592/3592 3593/3593 3594/3594
f 3595/3595 3596/3596 3597/3597
f 3598/3598 3599/3599 3600/3600
f 3601/3601 3602/3602 3603/3603
f 3604/3604 3605/3605 3606/3606
f 3607/3607 3608/3608 3609/3609
f 3610/3610 3611/3611 3612/3612
f 3613/3613 3614/3614 3615/3615
f 3616/3616 3617/3617 3618/3618
f 3619/3619 3620/3620 3621/3621
f 3622/3622 3623/3623 3624/3624
f 3625/3625 3626/3626 3627/3627
f 3628/3628 3629/3629 3630/3630
f 3631/3631 3632/3632 3633/3633
f 3634/3634 3635/3635 3636/3636
f 3637/3637 3638/3638 3639/3639
f 3640/3640 3641/3641 3642/3642
f 3643/3643 3644/3644 3645/3645
f 3646/3646 3647/3647 3648/3648
f 3649/3649 3650/3650 3651/3651
f 3652/3652 3653/3653 3654/3654
f 3655/3655 3656/3656 3657/3657
f 3658/3658 3659/3659 3660/3660
f 3661/3661 3662/3662 3663/3663
f 3664/3664 3665/3665 3666/3666
f 3667/3667 3668/3668 3669/3669
f 3670/3670 3671/3671 3672/3672
f 3673/3673 3674/3674 3675/3675
f 3676/3676 3677/3677 3678/3678
f 3679/3679 3680/3680 3681/3681
f 3682/3682 3683/3683 3684/3684
f 3685/3685 3686/3686 3687/3687
f 3688/3688 3689/3689 3690/3690
f 3691/3691 3692/3692 3693/3693
f 3694/3694 3695/3695 3696/3696
f 3697/3697 3698/3698 3699/3699
f 3700/3700 3701/3701 3702/3702
f 3703/3703 3704/3704 3705/3705
f 3706/3706 3707/3707 3708/3708
f 3709/3709 3710/3710 3711/3711
f 3712/3712 3713/3713 3714/3714
f 3715/3715 3716/3716 3717/3717
f 3718/3718 3719/3719 3720/3720
f 3721/3721 3722/3722 3723/3723
f 3724/3724 3725/3725 3726/3726
f 3727/3727 3728/3728 3729/3729
f 3730/3730 3731/3731 3732/3732
f 3733/3733 3734/3734 3735/3735
f 3736/3736 3737/3737 3738/3738
f 3739/3739 3740/3740 3741/3741
f 3742/3742 3743/3743 3744/3744
f 3745/3745 3746/3746 3747/3747
f 3748/3748 3749/3749 3750/3750
f 3751/3751 3752/3752 3753/3753
f 3754/3754 3755/3755 3756/3756
f 3757/3757 3758/3758 3759/3759
f 3760/3760 3761/3761 3762/3762
f 3763/3763 3764/3764 3765/3765
f 3766/3766 3767/3767 3768/3768
f 3769/3769 3770/3770 3771/3771
f 3772/3772 3773/3773 3774/3774
f 3775/3775 3776/3776 3777/3777
f 3778/3778 3779/3779 3780/3780
f 3781/3781 3782/3782 3783/3783
f 3784/3784 3785/3785 3786/3786
f 3787/3787 3788/3788 3789/3789
f 3790/3790 3791/3791 3792/3792
f 3793/3793 3794/3794 3795/3795
f 3796/3796 3797/3797 3798/3798
f 3799/3799 3800/3800 3801/3801
f 3802/3802 3803/3803 3804/3804
f 3805/3805 3806/3806 3807/3807
f 3808/3808 3809/3809 3810/3810
f 3811/3811 3812/3812 3813/3813
f 3814/3814 3815/3815 3816/3816
f 3817/3817 3818/3818 3819/3819
f 3820/3820 3821/3821 3822/3822
f 3823/3823 3824/3824 3825/3825
f 3826/3826 3827/3827 3828/3828
f 3829/3829 3830/3830 3831/3831
f 3832/3832 3833/3833 3834/3834
f 3835/3835 3836/3836 3837/3837
f 3838/3838 3839/3839 3840/3840
f 3841/3841 3842/3842 3843/3843
f 3844/3844 3845/3845 3846/3846
f 3847/3847 3848/3848 3849/3849
f 3850/3850 3851/3851 3852/3852
f 3853/3853 3854/3854 3855/3855
f 3856/3856 3857/3857 3858/3858
f 3859/3859 3860/3860 3861/3861
f 3862/3862 3863/3863 3864/3864
f 3865/3865 3866/3866 3867/3867
f 3868/3868 3869/3869 3870/3870
f 3871/3871 3872/3872 3873/3873
f 3874/3874 3875/3875 3876/3876
f 3877/3877 3878/3878 3879/3879
f 3880/3880 3881/3881 3882/3882
f 3883/3883 3884/3884 3885/3885
f 3886/3886 3887/3887 3888/3888
f 3889/3889 3890/3890 3891/3891
f 3892/3892 3893/3893 3894/3894
f 3895/3895 3896/3896 3897/3897
f 3898/3898 3899/3899 3900/3900
f 3901/3901 3902/3902 3903/3903
f 3904/3904 3905/3905 3906/3906
f 3907/3907 3908/3908 3909/3909
f 3910/3910 3911/3911 3912/3912
f 3913/3913 3914/3914 3915/3915
f 3916/3916 3917/3917 3918/3918
f 3919/3919 3920/3920 3921/3921
f 3922/3922 3923/3923 3924/3924
f 3925/3925 3926/3926 3927/3927
f 3928/3928 3929/3929 3930/3930
f 3931/3931 3932/3932 3933/3933
f 3934/3934 3935/3935 3936/3936
f 3937/3937 3938/3938 3939/3939
f 3940/3940 3941/3941 3942/3942
f 3943/3943 3944/3944 3945/3945
f 3946/3946 3947/3947 3948/3948
f 3949/3949 3950/3950 3951/3951
f 3952/3952 3953/3953 3954/3954
f 3955/3955 3956/3956 3957/3957
f 3958/3958 3959/3959 3960/3960
f 3961/3961 3962/3962 3963/3963
f 3964/3964 3965/3965 3966/3966
f 3967/3967 3968/3968 3969/3969
f 3970/3970 3971/3971 3972/3972
f 3973/3973 3974/3974 3975/3975
f 3976/3976 3977/3977 3978/3978
f 3979/3979 3980/3980 3981/3981
f 3982/3982 3983/3983 3984/3984
f 3985/3985 3986/3986 3987/3987
f 3988/3988 3989/3989 3990/3990
f 3991/3991 3992/3992 3993/3993
f 3994/3994 3995/3995 3996/3996
f 3997/3997 3998/3998 3999/3999
f 4000/4000 4001/4001 4002/4002
f 4003/4003 4004/4004 4005/4005
f 4006/4006 4007/4007 4008/4008
f 4009/4009 4010/4010 4011/4011
f 4012/4012 4013/4013 4014/4014
f 4015/4015 4016/4016 4017/4017
f 4018/4018 4019/4019 4020/4020
f 4021/4021 4022/4022 4023/4023
f 4024/4024 4025/4025 4026/4026
f 4027/4027 4028/4028 4029/4029
f 4030/4030 4031/4031 4032/4032
f 4033/4033 4034/4034 4035/4035
f 4036/4036 4037/4037 4038/4038
f 4039/4039 4040/4040 4041/4041
f 4042/4042 4043/4043 4044/4044
f 4045/4045 4046/4046 4047/4047
f 4048/4048 4049/4049 4050/4050
f 4051/4051 4052/4052 4053/4053
f 4054/4054 4055/4055 4056/4056
f 4057/4057 4058/4058 4059/4059
f 4060/4060 4061/4061 4062/4062
f 4063/4063 4064/4064 4065/4065
f 4066/4066 4067/4067 4068/4068
f 4069/4069 4070/4070 4071/4071
f 4072/4072 4073/4073 4074/4074
f 4075/4075 4076/4076 4077/4077
f 4078/4078 4079/4079 4080/4080
f 4081/4081 4082/4082 4083/4083
f 4084/4084 4085/4085 4086/4086
f 4087/4087 4088/4088 4089/4089
f 4090/4090 4091/4091 4092/4092
f 4093/4093 4094/4094 4095/4095
f 4096/4096 4097/4097 4098/4098
f 4099/4099 4100/4100 4101/4101
f 4102/4102 4103/4103 4104/4104
f 4105/4105 4106/4106 4107/4107
f 4108/4108 4109/4109 4110/4110
f 4111/4111 4112/4112 4113/4113
f 4114/4114 4115/4115 4116/4116
f 4117/4117 4118/4118 4119/4119
f 4120/4120 4121/4121 4122/4122
f 4123/4123 4124/4124 4125/4125
f 4126/4126 4127/4127 4128/4128
f 4129/4129 4130/4130 4131/4131
f 4132/4132 4133/4133 4134/4134
f 4135/4135 4136/4136 4137/4137
f 4138/4138 4139/4139 4140/4140
f 4141/4141 4142/4142 4143/4143
f 4144/4144 4145/4145 4146/4146
f 4147/4147 4148/4148 4149/4149
f 4150/4150 4151/4151 4152/4152
f 4153/4153 4154/4154 4155/4155
f 4156/4156 4157/4157 4158/4158
f 4159/4159 4160/4160 4161/4161
f 4162/4162 4163/4163 4164/4164
f 4165/4165 4166/4166 4167/4167
f 4168/4168 4169/4169 4170/4170
f 4171/4171 4172/4172 4173/4173
f 4174/4174 4175/4175 4176/4176
f 4177/4177 4178/4178 4179/4179
f 4180/4180 4181/4181 4182/4182
f 4183/4183 4184/4184 4185/4185
f 4186/4186 4187/4187 4188/4188
f 4189/4189 4190/4190 4191/4191
f 4192/4192 4193/4193 4194/4194
f 4195/4195 4196/4196 4197/4197
f 4198/4198 4199/4199 4200/4200
f 4201/4201 4202/4202 4203/4203
f 4204/4204 4205/4205 4206/4206
f 4207/4207 4208/4208 4209/4209
f 4210/4210 4211/4211 4212/4212
f 4213/4213 4214/4214 4215/4215
f 4216/4216 4217/4217 4218/4218
f 4219/4219 4220/4220 4221/4221
f 4222/4222 4223/4223 4224/4224
f 4225/4225 4226/4226 4227/4227
f 4228/4228 4229/4229 4230/4230
f 4231/4231 4232/4232 4233/4233
f 4234/4234 4235/4235 4236/4236
f 4237/4237 4238/4238 4239/4239
f 4240/4240 4241/4241 4242/4242
f 4243/4243 4244/4244 4245/4245
f 4246/4246 4247/4247 4248/4248
f 4249/4249 4250/4250 4251/4251
f 4252/4252 4253/4253 4254/4254
f 4255/4255 4256/4256 4257/4257
f 4258/4258 4259/4259 4260/4260
f 4261/4261 4262/4262 4263/4263
f 4264/4264 4265/4265 4266/4266
f 4267/4267 4268/4268 4269/4269
f 4270/4270 4271/4271 4272/4272
f 4273/4273 4274/4274 4275/4275
f 4276/4276 4277/4277 4278/4278
f 4279/4279 4280/4280 4281/4281
f 4282/4282 4283/4283 4284/4284
f 4285/4285 4286/4286 4287/4287
f 4288/4288 4289/4289 4290/4290
f 4291/4291 4292/4292 4293/4293
f 4294/4294 4295/4295 4296/4296
f 4297/4297 4298/4298 4299/4299
f 4300/4300 4301/4301 4302/4302
f 4303/4303 4304/4304 4305/4305
f 4306/4306 4307/4307 4308/4308
f 4309/4309 4310/4310 4311/4311
f 4312/4312 4313/4313 4314/4314
f 4315/4315 4316/4316 4317/4317
f 4318/4318 4319/4319 4320/4320
f 4321/4321 4322/4322 4323/4323
f 4324/4324 4325/4325 4326/4326
f 4327/4327 4328/4328 4329/4329
f 4330/4330 4331/4331 4332/4332
f 4333/4333 4334/4334 4335/4335
f 4336/4336 4337/4337 4338/4338
f 4339/4339 4340/4340 4341/4341
f 4342/4342 4343/4343 4344/4344
f 4345/4345 4346/4346 4347/4347
f 4348/4348 4349/4349 4350/4350
f 4351/4351 4352/4352 4353/4353
f 4354/4354 4355/4355 4356/4356
f 4357/4357 4358/4358 4359/4359
f 4360/4360 4361/4361 4362/4362
f 4363/4363 4364/4364 4365/4365
f 4366/4366 4367/4367 4368/4368
f 4369/4369 4370/4370 4371/4371
f 4372/4372 4373/4373 4374/4374
f 4375/4375 4376/4376 4377/4377
f 4378/4378 4379/4379 4380/4380
f 4381/4381 4382/4382 4383/4383
f 4384/4384 4385/4385 4386/4386
f 4387/4387 4388/4388 4389/4389
f 4390/4390 4391/4391 4392/4392
f 4393/4393 4394/4394 4395/4395
f 4396/4396 4397/4397 4398/4398
f 4399/4399 4400/4400 4401/4401
f 4402/4402 4403/4403 4404/4404
f 4405/4405 4406/4406 4407/4407
f 4408/4408 4409/4409 4410/4410
f 4411/4411 4412/4412 4413/4413
f 4414/4414 4415/4415 4416/4416
f 4417/4417 4418/4418 4419/4419
f 4420/4420 4421/4421 4422/4422
f 4423/4423 4424/4424 4425/4425
f 4426/4426 4427/4427 4428/4428
f 4429/4429 4430/4430 4431/4431
f 4432/4432 4433/4433 4434/4434
f 4435/4435 4436/4436 4437/4437
f 4438/4438 4439/4439 4440/4440
f 4441/4441 4442/4442 4443/4443
f 4444/4444 4445/4445 4446/4446
f 4447/4447 4448/4448 4449/4449
f 4450/4450 4451/4451 4452/4452
f 4453/4453 4454/4454 4455/4455
f 4456/4456 4457/4457 4458/4458
f 4459/4459 4460/4460 4461/4461
f 4462/4462 4463/4463 4464/4464
f 4465/4465 4466/4466 4467/4467
f 4468/4468 4469/4469 4470/4470
f 4471/4471 4472/4472 4473/4473
f 4474/4474 4475/4475 4476/4476
f 4477/4477 4478/4478 4479/4479
f 4480/4480 4481/4481 4482/4482
f 4483/4483 4484/4484 4485/4485
f 4486/4486 4487/4487 4488/4488
f 4489/4489 4490/4490 4491/4491
f 4492/4492 4493/4493 4494/4494
f 4495/4495 4496/4496 4497/4497
f 4498/4498 4499/4499 4500/4500
f 4501/4501 4502/4502 4503/4503
f 4504/4504 4505/4505 4506/4506
f 4507/4507 4508/4508 4509/4509
f 4510/4510 4511/4511 4512/4512
f 4513/4513 4514/4514 4515/4515
f 4516/4516 4517/4517 4518/4518
f 4519/4519 4520/4520 4521/4521
f 4522/4522 4523/4523 4524/4524
f 4525/4525 4526/4526 4527/4527
f 4528/4528 4529/4529 4530/4530
f 4531/4531 4532/4532 4533/4533
f 4534/4534 4535/4535 4536/4536
f 4537/4537 4538/4538 4539/4539
f 4540/4540 4541/4541 4542/4542
f 4543/4543 4544/4544 4545/4545
f 4546/4546 4547/4547 4548/4548
f 4549/4549 4550/4550 4551/4551
f 4552/4552 4553/4553 4554/4554
f 4555/4555 4556/4556 4557/4557
f 4558/4558 4559/4559 4560/4560
f 4561/4561 4562/4562 4563/4563
f 4564/4564 4565/4565 4566/4566
f 4567/4567 4568/4568 4569/4569
f 4570/4570 4571/4571 4572/4572
f 4573/4573 4574/4574 4575/4575
f 4576/4576 4577/4577 4578/4578
f 4579/4579 4580/4580 4581/4581
f 4582/4582 4583/4583 4584/4584
f 4585/4585 4586/4586 4587/4587
f 4588/4588 4589/4589 4590/4590
f 4591/4591 4592/4592 4593/4593
f 4594/4594 4595/4595 4596/4596
f 4597/4597 4598/4598 4599/4599
f 4600/4600 4601/4601 4602/4602
f 4603/4603 4604/4604 4605/4605
f 4606/4606 4607/4607 4608/4608
f 4609/4609 4610/4610 4611/4611
f 4612/4612 4613/4613 4614/4614
f 4615/4615 4616/4616 4617/4617
f 4618/4618 4619/4619 4620/4620
f 4621/4621 4622/4622 4623/4623
f 4624/4624 4625/4625 4626/4626
f 4627/4627 4628/4628 4629/4629
f 4630/4630 4631/4631 4632/4632
f 4633/4633 4634/4634 4635/4635
f 4636/4636 4637/4637 4638/4638
f 4639/4639 4640/4640 4641/4641
f 4642/4642 4643/4643 4644/4644
f 4645/4645 4646/4646 4647/4647
f 4648/4648 4649/4649 4650/4650
f 4651/4651 4652/4652 4653/4653
f 4654/4654 4655/4655 4656/4656
f 4657/4657 4658/4658 4659/4659
f 4660/4660 4661/4661 4662/4662
f 4663/4663 4664/4664 4665/4665
f 4666/4666 4667/4667 4668/4668
f 4669/4669 4670/4670 4671/4671
f 4672/4672 4673/4673 4674/4674
f 4675/4675 4676/4676 4677/4677
f 4678/4678 4679/4679 4680/4680
f 4681/4681 4682/4682 4683/4683
f 4684/4684 4685/4685 4686/4686
f 4687/4687 4688/4688 4689/4689
f 4690/4690 4691/4691 4692/4692
f 4693/4693 4694/4694 4695/4695
f 4696/4696 4697/4697 4698/4698
f 4699/4699 4700/4700 4701/4701
f 4702/4702 4703/4703 4704/4704
f 4705/4705 4706/4706 4707/4707
f 4708/4708 4709/4709 4710/4710
f 4711/4711 4712/4712 4713/4713
f 4714/4714 4715/4715 4716/4716
f 4717/4717 4718/4718 4719/4719
f 4720/4720 4721/4721 4722/4722
f 4723/4723 4724/4724 4725/4725
f 4726/4726 4727/4727 4728/4728
f 4729/4729 4730/4730 4731/4731
f 4732/4732 4733/4733 4734/4734
f 4735/4735 4736/4736 4737/4737
f 4738/4738 4739/4739 4740/4740
f 4741/4741 4742/4742 4743/4743
f 4744/4744 4745/4745 4746/4746
f 4747/4747 4748/4748 4749/4749
f 4750/4750 4751/4751 4752/4752
f 4753/4753 4754/4754 4755/4755
f 4756/4756 4757/4757 4758/4758
f 4759/4759 4760/4760 4761/4761
f 4762/4762 4763/4763 4764/4764
f 4765/4765 4766/4766 4767/4767
f 4768/4768 4769/4769 4770/4770
f 4771/4771 4772/4772 4773/4773
f 4774/4774 4775/4775 4776/4776
f 4777/4777 4778/4778 4779/4779
f 4780/4780 4781/4781 4782/4782
f 4783/4783 4784/4784 4785/4785
f 4786/4786 4787/4787 4788/4788
f 4789/4789 4790/4790 4791/4791
f 4792/4792 4793/4793 4794/4794
f 4795/4795 4796/4796 4797/4797
f 4798/4798 4799/4799 4800/4800
f 4801/4801 4802/4802 4803/4803
f 4804/4804 4805/4805 4806/4806
f 4807/4807 4808/4808 4809/4809
f 4810/4810 4811/4811 4812/4812
f 4813/4813 4814/4814 4815/4815
f 4816/4816 4817/4817 4818/4818
f 4819/4819 4820/4820 4821/4821
f 4822/4822 4823/4823 4824/4824
f 4825/4825 4826/4826 4827/4827
f 4828/4828 4829/4829 4830/4830
f 4831/4831 4832/4832 4833/4833
f 4834/4834 4835/4835 4836/4836
f 4837/4837 4838/4838 4839/4839
f 4840/4840 4841/4841 4842/4842
f 4843/4843 4844/4844 4845/4845
f 4846/4846 4847/4847 4848/4848
f 4849/4849 4850/4850 4851/4851
f 4852/4852 4853/4853 4854/4854
f 4855/4855 4856/4856 4857/4857
f 4858/4858 4859/4859 4860/4860
f 4861/4861 4862/4862 4863/4863
f 4864/4864 4865/4865 4866/4866
f 4867/4867 4868/4868 4869/4869
f 4870/4870 4871/4871 4872/4872
f 4873/4873 4874/4874 4875/4875
f 4876/4876 4877/4877 4878/4878
f 4879/4879 4880/4880 4881/4881
f 4882/4882 4883/4883 4884/4884
f 4885/4885 4886/4886 4887/4887
f 4888/4888 4889/4889 4890/4890
f 4891/4891 4892/4892 4893/4893
f 4894/4894 4895/4895 4896/4896
f 4897/4897 4898/4898 4899/4899
f 4900/4900 4901/4901 4902/4902
f 4903/4903 4904/4904 4905/4905
f 4906/4906 4907/4907 4908/4908
f 4909/4909 4910/4910 4911/4911
f 4912/4912 4913/4913 4914/4914
f 4915/4915 4916/4916 4917/4917
f 4918/4918 4919/4919 4920/4920
f 4921/4921 4922/4922 4923/4923
f 4924/4924 4925/4925 4926/4926
f 4927/4927 4928/4928 4929/4929
f 4930/4930 4931/4931 4932/4932
f 4933/4933 4934/4934 4935/4935
f 4936/4936 4937/4937 4938/4938
f 4939/4939 4940/4940 4941/4941
f 4942/4942 4943/4943 4944/4944
f 4945/4945 4946/4946 4947/4947
f 4948/4948 4949/4949 4950/4950
f 4951/4951 4952/4952 4953/4953
f 4954/4954 4955/4955 4956/4956
f 4957/4957 4958/4958 4959/4959
f 4960/4960 4961/4961 4962/4962
f 4963/4963 4964/4964 4965/4965
f 4966/4966 4967/4967 4968/4968
f 4969/4969 4970/4970 4971/4971
f 4972/4972 4973/4973 4974/4974
f 4975/4975 4976/4976 4977/4977
f 4978/4978 4979/4979 4980/4980
f 4981/4981 4982/4982 4983/4983
f 4984/4984 4985/4985 4986/4986
f 4987/4987 4988/4988 4989/4989
f 4990/4990 4991/4991 4992/4992
f 4993/4993 4994/4994 4995/4995
f 4996/4996 4997/4997 4998/4998
f 4999/4999 5000/5000 5001/5001
f 5002/5002 5003/5003 5004/5004
f 5005/5005 5006/5006 5007/5007
f 5008/5008 5009/5009 5010/5010
f 5011/5011 5012/5012 5013/5013
f 5014/5014 5015/5015 5016/5016
f 5017/5017 5018/5018 5019/5019
f 5020/5020 5021/5021 5022/5022
f 5023/5023 5024/5024 5025/5025
f 5026/5026 5027/5027 5028/5028
f 5029/5029 5030/5030 5031/5031
f 5032/5032 5033/5033 5034/5034
f 5035/5035 5036/5036 5037/5037
f 5038/5038 5039/5039 5040/5040
f 5041/5041 5042/5042 5043/5043
f 5044/5044 5045/5045 5046/5046
f 5047/5047 5048/5048 5049/5049
f 5050/5050 5051/5051 5052/5052
f 5053/5053 5054/5054 5055/5055
f 5056/5056 5057/5057 5058/5058
f 5059/5059 5060/5060 5061/5061
f 5062/5062 5063/5063 5064/5064
f 5065/5065 5066/5066 5067/5067
f 5068/5068 5069/5069 5070/5070
f 5071/5071 5072/5072 5073/5073
f 5074/5074 5075/5075 5076/5076
f 5077/5077 5078/5078 5079/5079
f 5080/5080 5081/5081 5082/5082
f 5083/5083 5084/5084 5085/5085
f 5086/5086 5087/5087 5088/5088
f 5089/5089 5090/5090 5091/5091
f 5092/5092 5093/5093 5094/5094
f 5095/5095 5096/5096 5097/5097
f 5098/5098 5099/5099 5100/5100
f 5101/5101 5102/5102 5103/5103
f 5104/5104 5105/5105 5106/5106
f 5107/5107 5108/5108 5109/5109
f 5110/5110 5111/5111 5112/5112
f 5113/5113 5114/5114 5115/5115
f 5116/5116 5117/5117 5118/5118
f 5119/5119 5120/5120 5121/5121
f 5122/5122 5123/5123 5124/5124
f 5125/5125 5126/5126 5127/5127
f 5128/5128 5129/5129 5130/5130
f 5131/5131 5132/5132 5133/5133
f 5134/5134 5135/5135 5136/5136
f 5137/5137 5138/5138 5139/5139
f 5140/5140 5141/5141 5142/5142
f 5143/5143 5144/5144 5145/5145
f 5146/5146 5147/5147 5148/5148
f 5149/5149 5150/5150 5151/5151
f 5152/5152 5153/5153 5154/5154
f 5155/5155 5156/5156 5157/5157
f 5158/5158 5159/5159 5160/5160
f 5161/5161 5162/5162 5163/5163
f 5164/5164 5165/5165 5166/5166
f 5167/5167 5168/5168 5169/5169
f 5170/5170 5171/5171 5172/5172
f 5173/5173 5174/5174 5175/5175
f 5176/5176 5177/5177 5178/5178
f 5179/5179 5180/5180 5181/5181
f 5182/5182 5183/5183 5184/5184
f 5185/5185 5186/5186 5187/5187
f 5188/5188 5189/5189 5190/5190
f 5191/5191 5192/5192 5193/5193
f 5194/5194 5195/5195 5196/5196
f 5197/5197 5198/5198 5199/5199
f 5200/5200 5201/5201 5202/5202
f 5203/5203 5204/5204 5205/5205
f 5206/5206 5207/5207 5208/5208
f 5209/5209 5210/5210 5211/5211
f 5212/5212 5213/5213 5214/5214
f 5215/5215 5216/5216 5217/5217
f 5218/5218 5219/5219 5220/5220
f 5221/5221 5222/5222 5223/5223
f 5224/5224 5225/5225 5226/5226
f 5227/5227 5228/5228 5229/5229
f 5230/5230 5231/5231 5232/5232
f 5233/5233 5234/5234 5235/5235
f 5236/5236 5237/5237 5238/5238
f 5239/5239 5240/5240 5241/5241
f 5242/5242 5243/5243 5244/5244
f 5245/5245 5246/5246 5247/5247
f 5248/5248 5249/5249 5250/5250
f 5251/5251 5252/5252 5253/5253
f 5254/5254 5255/5255 5256/5256
f 5257/5257 5258/5258 5259/5259
f 5260/5260 5261/5261 5262/5262
f 5263/5263 5264/5264 5265/5265
f 5266/5266 5267/5267 5268/5268
f 5269/5269 5270/5270 5271/5271
f 5272/5272 5273/5273 5274/5274
f 5275/5275 5276/5276 5277/5277
f 5278/5278 5279/5279 5280/5280
f 5281/5281 5282/5282 5283/5283
f 5284/5284 5285/5285 5286/5286
f 5287/5287 5288/5288 5289/5289
f 5290/5290 5291/5291 5292/5292
f 5293/5293 5294/5294 5295/5295
f 5296/5296 5297/5297 5298/5298
f 5299/5299 5300/5300 5301/5301
f 5302/5302 5303/5303 5304/5304
f 5305/5305 5306/5306 5307/5307
f 5308/5308 5309/5309 5310/5310
f 5311/5311 5312/5312 5313/5313
f 5314/5314 5315/5315 5316/5316
f 5317/5317 5318/5318 5319/5319
f 5320/5320 5321/5321 5322/5322
f 5323/5323 5324/5324 5325/5325
f 5326/5326 5327/5327 5328/5328
f 5329/5329 5330/5330 5331/5331
f 5332/5332 5333/5333 5334/5334
f 5335/5335 5336/5336 5337/5337
f 5338/5338 5339/5339 5340/5340
f 5341/5341 5342/5342 5343/5343
f 5344/5344 5345/5345 5346/5346
f 5347/5347 5348/5348 5349/5349
f 5350/5350 5351/5351 5352/5352
f 5353/5353 5354/5354 5355/5355
f 5356/5356 5357/5357 5358/5358
f 5359/5359 5360/5360 5361/5361
f 5362/5362 5363/5363 5364/5364
f 5365/5365 5366/5366 5367/5367
f 5368/5368 5369/5369 5370/5370
f 5371/5371 5372/5372 5373/5373
f 5374/5374 5375/5375 5376/5376
f 5377/5377 5378/5378 5379/5379
f 5380/5380 5381/5381 5382/5382
f 5383/5383 5384/5384 5385/5385
f 5386/5386 5387/5387 5388/5388
f 5389/5389 5390/5390 5391/5391
f 5392/5392 5393/5393 5394/5394
f 5395/5395 5396/5396 5397/5397
f 5398/5398 5399/5399 5400/5400
f 5401/5401 5402/5402 5403/5403
f 5404/5404 5405/5405 5406/5406
f 5407/5407 5408/5408 5409/5409
f 5410/5410 5411/5411 5412/5412
f 5413/5413 5414/5414 5415/5415
f 5416/5416 5417/5417 5418/5418
f 5419/5419 5420/5420 5421/5421
f 5422/5422 5423/5423 5424/5424
f 5425/5425 5426/5426 5427/5427
f 5428/5428 5429/5429 5430/5430
f 5431/5431 5432/5432 5433/5433
f 5434/5434 5435/5435 5436/5436
f 5437/5437 5438/5438 5439/5439
f 5440/5440 5441/5441 5442/5442
f 5443/5443 5444/5444 5445/5445
f 5446/5446 5447/5447 5448/5448
f 5449/5449 5450/5450 5451/5451
f 5452/5452 5453/5453 5454/5454
f 5455/5455 5456/5456 5457/5457
f 5458/5458 5459/5459 5460/5460
f 5461/5461 5462/5462 5463/5463
f 5464/5464 5465/5465 5466/5466
f 5467/5467 5468/5468 5469/5469
f 5470/5470 5471/5471 5472/5472
f 5473/5473 5474/5474 5475/5475
f 5476/5476 5477/5477 5478/5478
f 5479/5479 5480/5480 5481/5481
f 5482/5482 5483/5483 5484/5484
f 5485/5485 5486/5486 5487/5487
f 5488/5488 5489/5489 5490/5490
f 5491/5491 5492/5492 5493/5493
f 5494/5494 5495/5495 5496/5496
f 5497/5497 5498/5498 5499/5499
f 5500/5500 5501/5501 5502/5502
f 5503/5503 5504/5504 5505/5505
f 5506/5506 5507/5507 5508/5508
f 5509/5509 5510/5510 5511/5511
f 5512/5512 5513/5513 5514/5514
f 5515/5515 5516/5516 5517/5517
f 5518/5518 5519/5519 5520/5520
f 5521/5521 5522/5522 5523/5523
f 5524/5524 5525/5525 5526/5526
f 5527/5527 5528/5528 5529/5529
f 5530/5530 5531/5531 5532/5532
f 5533/5533 5534/5534 5535/5535
f 5536/5536 5537/5537 5538/5538
f 5539/5539 5540/5540 5541/5541
f 5542/5542 5543/5543 5544/5544
f 5545/5545 5546/5546 5547/5547
f 5548/5548 5549/5549 5550/5550
f 5551/5551 5552/5552 5553/5553
f 5554/5554 5555/5555 5556/5556
f 5557/5557 5558/5558 5559/5559
f 5560/5560 5561/5561 5562/5562
f 5563/5563 5564/5564 5565/5565
f 5566/5566 5567/5567 5568/5568
f 5569/5569 5570/5570 5571/5571
f 5572/5572 5573/5573 5574/5574
f 5575/5575 5576/5576 5577/5577
f 5578/5578 5579/5579 5580/5580
f 5581/5581 5582/5582 5583/5583
f 5584/5584 5585/5585 5586/5586
f 5587/5587 5588/5588 5589/5589
f 5590/5590 5591/5591 5592/5592
f 5593/5593 5594/5594 5595/5595
f 5596/5596 5597/5597 5598/5598
f 5599/5599 5600/5600 5601/5601
f 5602/5602 5603/5603 5604/5604
f 5605/5605 5606/5606 5607/5607
f 5608/5608 5609/5609 5610/5610
f 5611/5611 5612/5612 5613/5613
f 5614/5614 5615/5615 5616/5616
f 5617/5617 5618/5618 5619/5619
f 5620/5620 5621/5621 5622/5622
f 5623/5623 5624/5624 5625/5625
f 5626/5626 5627/5627 5628/5628
f 5629/5629 5630/5630 5631/5631
f 5632/5632 5633/5633 5634/5634
f 5635/5635 5636/5636 5637/5637
f 5638/5638 5639/5639 5640/5640
f 5641/5641 5642/5642 5643/5643
f 5644/5644 5645/5645 5646/5646
f 5647/5647 5648/5648 5649/5649
f 5650/5650 5651/5651 5652/5652
f 5653/5653 5654/5654 5655/5655
f 5656/5656 5657/5657 5658/5658
f 5659/5659 5660/5660 5661/5661
f 5662/5662 5663/5663 5664/5664
f 5665/5665 5666/5666 5667/5667
f 5668/5668 5669/5669 5670/5670
f 5671/5671 5672/5672 5673/5673
f 5674/5674 5675/5675 5676/5676
f 5677/5677 5678/5678 5679/5679
f 5680/5680 5681/5681 5682/5682
f 5683/5683 5684/5684 5685/5685
f 5686/5686 5687/5687 5688/5688
f 5689/5689 5690/5690 5691/5691
f 5692/5692 5693/5693 5694/5694
f 5695/5695 5696/5696 5697/5697
f 5698/5698 5699/5699 5700/5700
f 5701/5701 5702/5702 5703/5703
f 5704/5704 5705/5705 5706/5706
f 5707/5707 5708/5708 5709/5709
f 5710/5710 5711/5711 5712/5712
f 5713/5713 5714/5714 5715/5715
f 5716/5716 5717/5717 5718/5718
f 5719/5719 5720/5720 5721/5721
f 5722/5722 5723/5723 5724/5724
f 5725/5725 5726/5726 5727/5727
f 5728/5728 5729/5729 5730/5730
f 5731/5731 5732/5732 5733/5733
f 5734/5734 5735/5735 5736/5736
f 5737/5737 5738/5738 5739/5739
f 5740/5740 5741/5741 5742/5742
f 5743/5743 5744/5744 5745/5745
f 5746/5746 5747/5747 5748/5748
f 5749/5749 5750/5750 5751/5751
f 5752/5752 5753/5753 5754/5754
f 5755/5755 5756/5756 5757/5757
f 5758/5758 5759/5759 5760/5760
f 5761/5761 5762/5762 5763/5763
f 5764/5764 5765/5765 5766/5766
f 5767/5767 5768/5768 5769/5769
f 5770/5770 5771/5771 5772/5772
f 5773/5773 5774/5774 5775/5775
f 5776/5776 5777/5777 5778/5778
f 5779/5779 5780/5780 5781/5781
f 5782/5782 5783/5783 5784/5784
f 5785/5785 5786/5786 5787/5787
f 5788/5788 5789/5789 5790/5790
f 5791/5791 5792/5792 5793/5793
f 5794/5794 5795/5795 5796/5796
f 5797/5797 5798/5798 5799/5799
f 5800/5800 5801/5801 5802/5802
f 5803/5803 5804/5804 5805/5805
f 5806/5806 5807/5807 5808/5808
f 5809/5809 5810/5810 5811/5811
f 5812/5812 5813/5813 5814/5814
f 5815/5815 5816/5816 5817/5817
f 5818/5818 5819/5819 5820/5820
f 5821/5821 5822/5822 5823/5823
f 5824/5824 5825/5825 5826/5826
f 5827/5827 5828/5828 5829/5829
f 5830/5830 5831/5831 5832/5832
f 5833/5833 5834/5834 5835/5835
f 5836/5836 5837/5837 5838/5838
f 5839/5839 5840/5840 5841/5841
f 5842/5842 5843/5843 5844/5844
f 5845/5845 5846/5846 5847/5847
f 5848/5848 5849/5849 5850/5850
f 5851/5851 5852/5852 5853/5853
f 5854/5854 5855/5855 5856/5856
f 5857/5857 5858/5858 5859/5859
f 5860/5860 5861/5861 5862/5862
f 5863/5863 5864/5864 5865/5865
f 5866/5866 5867/5867 5868/5868
f 5869/5869 5870/5870 5871/5871
f 5872/5872 5873/5873 5874/5874
f 5875/5875 5876/5876 5877/5877
f 5878/5878 5879/5879 5880/5880
f 5881/5881 5882/5882 5883/5883
f 5884/5884 5885/5885 5886/5886
f 5887/5887 5888/5888 5889/5889
f 5890/5890 5891/5891 5892/5892
f 5893/5893 5894/5894 5895/5895
f 5896/5896 5897/5897 5898/5898
f 5899/5899 5900/5900 5901/5901
f 5902/5902 5903/5903 5904/5904
f 5905/5905 5906/5906 5907/5907
f 5908/5908 5909/5909 5910/5910
f 5911/5911 5912/5912 5913/5913
f 5914/5914 5915/5915 5916/5916
f 5917/5917 5918/5918 5919/5919
f 5920/5920 5921/5921 5922/5922
f 5923/5923 5924/5924 5925/5925
f 5926/5926 5927/5927 5928/5928
f 5929/5929 5930/5930 5931/5931
f 5932/5932 5933/5933 5934/5934
f 5935/5935 5936/5936 5937/5937
f 5938/5938 5939/5939 5940/5940
f 5941/5941 5942/5942 5943/5943
f 5944/5944 5945/5945 5946/5946
f 5947/5947 5948/5948 5949/5949
f 5950/5950 5951/5951 5952/5952
f 5953/5953 5954/5954 5955/5955
f 5956/5956 5957/5957 5958/5958
f 5959/5959 5960/5960 5961/5961
f 5962/5962 5963/5963 5964/5964
f 5965/5965 5966/5966 5967/5967
f 5968/5968 5969/5969 5970/5970
f 5971/5971 5972/5972 5973/5973
f 5974/5974 5975/5975 5976/5976
f 5977/5977 5978/5978 5979/5979
f 5980/5980 5981/5981 5982/5982
f 5983/5983 5984/5984 5985/5985
f 5986/5986 5987/5987 5988/5988
f 5989/5989 5990/5990 5991/5991
f 5992/5992 5993/5993 5994/5994
f 5995/5995 5996/5996 5997/5997
f 5998/5998 5999/5999 6000/6000
f 6001/6001 6002/6002 6003/6003
f 6004/6004 6005/6005 6006/6006
f 6007/6007 6008/6008 6009/6009
f 6010/6010 6011/6011 6012/6012
f 6013/6013 6014/6014 6015/6015
f 6016/6016 6017/6017 6018/6018
f 6019/6019 6020/6020 6021/6021
f 6022/6022 6023/6023 6024/6024
f 6025/6025 6026/6026 6027/6027
f 6028/6028 6029/6029 6030/6030
f 6031/6031 6032/6032 6033/6033
f 6034/6034 6035/6035 6036/6036
f 6037/6037 6038/6038 6039/6039
f 6040/6040 6041/6041 6042/6042
f 6043/6043 6044/6044 6045/6045
f 6046/6046 6047/6047 6048/6048
f 6049/6049 6050/6050 6051/6051
f 6052/6052 6053/6053 6054/6054
f 6055/6055 6056/6056 6057/6057
f 6058/6058 6059/6059 6060/6060
f 6061/6061 6062/6062 6063/6063
f 6064/6064 6065/6065 6066/6066
f 6067/6067 6068/6068 6069/6069
f 6070/6070 6071/6071 6072/6072
f 6073/6073 6074/6074 6075/6075
f 6076/6076 6077/6077 6078/6078
f 6079/6079 6080/6080 6081/6081
f 6082/6082 6083/6083 6084/6084
f 6085/6085 6086/6086 6087/6087
f 6088/6088 6089/6089 6090/6090
f 6091/6091 6092/6092 6093/6093
f 6094/6094 6095/6095 6096/6096
f 6097/6097 6098/6098 6099/6099
f 6100/6100 6101/6101 6102/6102
f 6103/6103 6104/6104 6105/6105
f 6106/6106 6107/6107 6108/6108
f 6109/6109 6110/6110 6111/6111
f 6112/6112 6113/6113 6114/6114
f 6115/6115 6116/6116 6117/6117
f 6118/6118 6119/6119 6120/6120
f 6121/6121 6122/6122 6123/6123
f 6124/6124 6125/6125 6126/6126
f 6127/6127 6128/6128 6129/6129
f 6130/6130 6131/6131 6132/6132
f 6133/6133 6134/6134 6135/6135
f 6136/6136 6137/6137 6138/6138
f 6139/6139 6140/6140 6141/6141
f 6142/6142 6143/6143 6144/6144
f 6145/6145 6146/6146 6147/6147
f 6148/6148 6149/6149 6150/6150
f 6151/6151 6152/6152 6153/6153
f 6154/6154 6155/6155 6156/6156
f 6157/6157 6158/6158 6159/6159
f 6160/6160 6161/6161 6162/6162
f 6163/6163 6164/6164 6165/6165
f 6166/6166 6167/6167 6168/6168
f 6169/6169 6170/6170 6171/6171
f 6172/6172 6173/6173 6174/6174
f 6175/6175 6176/6176 6177/6177
f 6178/6178 6179/6179 6180/6180
f 6181/6181 6182/6182 6183/6183
f 6184/6184 6185/6185 6186/6186
f 6187/6187 6188/6188 6189/6189
f 6190/6190 6191/6191 6192/6192
f 6193/6193 6194/6194 6195/6195
f 6196/6196 6197/6197 6198/6198
f 6199/6199 6200/6200 6201/6201
f 6202/6202 6203/6203 6204/6204
f 6205/6205 6206/6206 6207/6207
f 6208/6208 6209/6209 6210/6210
f 6211/6211 6212/6212 6213/6213
f 6214/6214 6215/6215 6216/6216
f 6217/6217 6218/6218 6219/6219
f 6220/6220 6221/6221 6222/6222
f 6223/6223 6224/6224 6225/6225
f 6226/6226 6227/6227 6228/6228
f 6229/6229 6230/6230 6231/6231
f 6232/6232 6233/6233 6234/6234
f 6235/6235 6236/6236 6237/6237
f 6238/6238 6239/6239 6240/6240
f 6241/6241 6242/6242 6243/6243
f 6244/6244 6245/6245 6246/6246
f 6247/6247 6248/6248 6249/6249
f 6250/6250 6251/6251 6252/6252
f 6253/6253 6254/6254 6255/6255
f 6256/6256 6257/6257 6258/6258
f 6259/6259 6260/6260 6261/6261
f 6262/6262 6263/6263 6264/6264
f 6265/6265 6266/6266 6267/6267
f 6268/6268 6269/6269 6270/6270
f 6271/6271 6272/6272 6273/6273
f 6274/6274 6275/6275 6276/6276
f 6277/6277 6278/6278 6279/6279
f 6280/6280 6281/6281 6282/6282
f 6283/6283 6284/6284 6285/6285
f 6286/6286 6287/6287 6288/6288
f 6289/6289 6290/6290 6291/6291
f 6292/6292 6293/6293 6294/6294
f 6295/6295 6296/6296 6297/6297
f 6298/6298 6299/6299 6300/6300
f 6301/6301 6302/6302 6303/6303
f 6304/6304 6305/6305 6306/6306
f 6307/6307 6308/6308 6309/6309
f 6310/6310 6311/6311 6312/6312
f 6313/6313 6314/6314 6315/6315
f 6316/6316 6317/6317 6318/6318
f 6319/6319 6320/6320 6321/6321
f 6322/6322 6323/6323 6324/6324
f 6325/6325 6326/6326 6327/6327
f 6328/6328 6329/6329 6330/6330
f 6331/6331 6332/6332 6333/6333
f 6334/6334 6335/6335 6336/6336
f 6337/6337 6338/6338 6339/6339
f 6340/6340 6341/6341 6342/6342
f 6343/6343 6344/6344 6345/6345
f 6346/6346 6347/6347 6348/6348
f 6349/6349 6350/6350 6351/6351
f 6352/6352 6353/6353 6354/6354
f 6355/6355 6356/6356 6357/6357
f 6358/6358 6359/6359 6360/6360
f 6361/6361 6362/6362 6363/6363
f 6364/6364 6365/6365 6366/6366
f 6367/6367 6368/6368 6369/6369
f 6370/6370 6371/6371 6372/6372
f 6373/6373 6374/6374 6375/6375
f 6376/6376 6377/6377 6378/6378
f 6379/6379 6380/6380 6381/6381
f 6382/6382 6383/6383 6384/6384
f 6385/6385 6386/6386 6387/6387
f 6388/6388 6389/6389 6390/6390
f 6391/6391 6392/6392 6393/6393
f 6394/6394 6395/6395 6396/6396
f 6397/6397 6398/6398 6399/6399
f 6400/6400 6401/6401 6402/6402
f 6403/6403 6404/6404 6405/6405
f 6406/6406 6407/6407 6408/6408
f 6409/6409 6410/6410 6411/6411
f 6412/6412 6413/6413 6414/6414
f 6415/6415 6416/6416 6417/6417
f 6418/6418 6419/6419 6420/6420
f 6421/6421 6422/6422 6423/6423
f 6424/6424 6425/6425 6426/6426
f 6427/6427 6428/6428 6429/6429
f 6430/6430 6431/6431 6432/6432
f 6433/6433 6434/6434 6435/6435
f 6436/6436 6437/6437 6438/6438
f 6439/6439 6440/6440 6441/6441
f 6442/6442 6443/6443 6444/6444
f 6445/6445 6446/6446 6447/6447
f 6448/6448 6449/6449 6450/6450
f 6451/6451 6452/6452 6453/6453
f 6454/6454 6455/6455 6456/6456
f 6457/6457 6458/6458 6459/6459
f 6460/6460 6461/6461 6462/6462
f 6463/6463 6464/6464 6465/6465
f 6466/6466 6467/6467 6468/6468
f 6469/6469 6470/6470 6471/6471
f 6472/6472 6473/6473 6474/6474
f 6475/6475 6476/6476 6477/6477
f 6478/6478 6479/6479 6480/6480
f 6481/6481 6482/6482 6483/6483
f 6484/6484 6485/6485 6486/6486
f 6487/6487 6488/6488 6489/6489
f 6490/6490 6491/6491 6492/6492
f 6493/6493 6494/6494 6495/6495
f 6496/6496 6497/6497 6498/6498
f 6499/6499 6500/6500 6501/6501
f 6502/6502 6503/6503 6504/6504
f 6505/6505 6506/6506 6507/6507
f 6508/6508 6509/6509 6510/6510
f 6511/6511 6512/6512 6513/6513
f 6514/6514 6515/6515 6516/6516
f 6517/6517 6518/6518 6519/6519
f 6520/6520 6521/6521 6522/6522
f 6523/6523 6524/6524 6525/6525
f 6526/6526 6527/6527 6528/6528
f 6529/6529 6530/6530 6531/6531
f 6532/6532 6533/6533 6534/6534
f 6535/6535 6536/6536 6537/6537
f 6538/6538 6539/6539 6540/6540
f 6541/6541 6542/6542 6543/6543
f 6544/6544 6545/6545 6546/6546
f 6547/6547 6548/6548 6549/6549
f 6550/6550 6551/6551 6552/6552
f 6553/6553 6554/6554 6555/6555
f 6556/6556 6557/6557 6558/6558
f 6559/6559 6560/6560 6561/6561
f 6562/6562 6563/6563 6564/6564
f 6565/6565 6566/6566 6567/6567
f 6568/6568 6569/6569 6570/6570
f 6571/6571 6572/6572 6573/6573
f 6574/6574 6575/6575 6576/6576
f 6577/6577 6578/6578 6579/6579
f 6580/6580 6581/6581 6582/6582
f 6583/6583 6584/6584 6585/6585
f 6586/6586 6587/6587 6588/6588
f 6589/6589 6590/6590 6591/6591
f 6592/6592 6593/6593 6594/6594
f 6595/6595 6596/6596 6597/6597
f 6598/6598 6599/6599 6600/6600
f 6601/6601 6602/6602 6603/6603
f 6604/6604 6605/6605 6606/6606
f 6607/6607 6608/6608 6609/6609
f 6610/6610 6611/6611 6612/6612
f 6613/6613 6614/6614 6615/6615
f 6616/6616 6617/6617 6618/6618
f 6619/6619 6620/6620 6621/6621
f 6622/6622 6623/6623 6624/6624
f 6625/6625 6626/6626 6627/6627
f 6628/6628 6629/6629 6630/6630
f 6631/6631 6632/6632 6633/6633
f 6634/6634 6635/6635 6636/6636
f 6637/6637 6638/6638 6639/6639
f 6640/6640 6641/6641 6642/6642
f 6643/6643 6644/6644 6645/6645
f 6646/6646 6647/6647 6648/6648
f 6649/6649 6650/6650 6651/6651
f 6652/6652 6653/6653 6654/6654
f 6655/6655 6656/6656 6657/6657
f 6658/6658 6659/6659 6660/6660
f 6661/6661 6662/6662 6663/6663
f 6664/6664 6665/6665 6666/6666
f 6667/6667 6668/6668 6669/6669
f 6670/6670 6671/6671 6672/6672
f 6673/6673 6674/6674 6675/6675
f 6676/6676 6677/6677 6678/6678
f 6679/6679 6680/6680 6681/6681
f 6682/6682 6683/6683 6684/6684
f 6685/6685 6686/6686 6687/6687
f 6688/6688 6689/6689 6690/6690
f 6691/6691 6692/6692 6693/6693
f 6694/6694 6695/6695 6696/6696
f 6697/6697 6698/6698 6699/6699
f 6700/6700 6701/6701 6702/6702
f 6703/6703 6704/6704 6705/6705
f 6706/6706 6707/6707 6708/6708
f 6709/6709 6710/6710 6711/6711
f 6712/6712 6713/6713 6714/6714
f 6715/6715 6716/6716 6717/6717
f 6718/6718 6719/6719 6720/6720
f 6721/6721 6722/6722 6723/6723
f 6724/6724 6725/6725 6726/6726
f 6727/6727 6728/6728 6729/6729
f 6730/6730 6731/6731 6732/6732
f 6733/6733 6734/6734 6735/6735
f 6736/6736 6737/6737 6738/6738
f 6739/6739 6740/6740 6741/6741
f 6742/6742 6743/6743 6744/6744
f 6745/6745 6746/6746 6747/6747
f 6748/6748 6749/6749 6750/6750
f 6751/6751 6752/6752 6753/6753
f 6754/6754 6755/6755 6756/6756
f 6757/6757 6758/6758 6759/6759
f 6760/6760 6761/6761 6762/6762
f 6763/6763 6764/6764 6765/6765
f 6766/6766 6767/6767 6768/6768
f 6769/6769 6770/6770 6771/6771
f 6772/6772 6773/6773 6774/6774
f 6775/6775 6776/6776 6777/6777
f 6778/6778 6779/6779 6780/6780
f 6781/6781 6782/6782 6783/6783
f 6784/6784 6785/6785 6786/6786
f 6787/6787 6788/6788 6789/6789
f 6790/6790 6791/6791 6792/6792
f 6793/6793 6794/6794 6795/6795
f 6796/6796 6797/6797 6798/6798
f 6799/6799 6800/6800 6801/6801
f 6802/6802 6803/6803 6804/6804
f 6805/6805 6806/6806 6807/6807
f 6808/6808 6809/6809 6810/6810
f 6811/6811 6812/6812 6813/6813
f 6814/6814 6815/6815 6816/6816
f 6817/6817 6818/6818 6819/6819
f 6820/6820 6821/6821 6822/6822
f 6823/6823 6824/6824 6825/6825
f 6826/6826 6827/6827 6828/6828
f 6829/6829 6830/6830 6831/6831
f 6832/6832 6833/6833 6834/6834
f 6835/6835 6836/6836 6837/6837
f 6838/6838 6839/6839 6840/6840
f 6841/6841 6842/6842 6843/6843
f 6844/6844 6845/6845 6846/6846
f 6847/6847 6848/6848 6849/6849
f 6850/6850 6851/6851 6852/6852
f 6853/6853 6854/6854 6855/6855
f 6856/6856 6857/6857 6858/6858
f 6859/6859 6860/6860 6861/6861
f 6862/6862 6863/6863 6864/6864
f 6865/6865 6866/6866 6867/6867
f 6868/6868 6869/6869 6870/6870
f 6871/6871 6872/6872 6873/6873
f 6874/6874 6875/6875 6876/6876
f 6877/6877 6878/6878 6879/6879
f 6880/6880 6881/6881 6882/6882
f 6883/6883 6884/6884 6885/6885
f 6886/6886 6887/6887 6888/6888
f 6889/6889 6890/6890 6891/6891
f 6892/6892 6893/6893 6894/6894
f 6895/6895 6896/6896 6897/6897
f 6898/6898 6899/6899 6900/6900
f 6901/6901 6902/6902 6903/6903
f 6904/6904 6905/6905 6906/6906
f 6907/6907 6908/6908 6909/6909
f 6910/6910 6911/6911 6912/6912
f 6913/6913 6914/6914 6915/6915
f 6916/6916 6917/6917 6918/6918
f 6919/6919 6920/6920 6921/6921
f 6922/6922 6923/6923 6924/6924
f 6925/6925 6926/6926 6927/6927
f 6928/6928 6929/6929 6930/6930
f 6931/6931 6932/6932 6933/6933
f 6934/6934 6935/6935 6936/6936
f 6937/6937 6938/6938 6939/6939
f 6940/6940 6941/6941 6942/6942
f 6943/6943 6944/6944 6945/6945
f 6946/6946 6947/6947 6948/6948
f 6949/6949 6950/6950 6951/6951
f 6952/6952 6953/6953 6954/6954
f 6955/6955 6956/6956 6957/6957
f 6958/6958 6959/6959 6960/6960
f 6961/6961 6962/6962 6963/6963
f 6964/6964 6965/6965 6966/6966
f 6967/6967 6968/6968 6969/6969
f 6970/6970 6971/6971 6972/6972
f 6973/6973 6974/6974 6975/6975
f 6976/6976 6977/6977 6978/6978
f 6979/6979 6980/6980 6981/6981
f 6982/6982 6983/6983 6984/6984
f 6985/6985 6986/6986 6987/6987
f 6988/6988 6989/6989 6990/6990
f 6991/6991 6992/6992 6993/6993
f 6994/6994 6995/6995 6996/6996
f 6997/6997 6998/6998 6999/6999
f 7000/7000 7001/7001 7002/7002
f 7003/7003 7004/7004 7005/7005
f 7006/7006 7007/7007 7008/7008
f 7009/7009 7010/7010 7011/7011
f 7012/7012 7013/7013 7014/7014
f 7015/7015 7016/7016 7017/7017
f 7018/7018 7019/7019 7020/7020
f 7021/7021 7022/7022 7023/7023
f 7024/7024 7025/7025 7026/7026
f 7027/7027 7028/7028 7029/7029
f 7030/7030 7031/7031 7032/7032
f 7033/7033 7034/7034 7035/7035
f 7036/7036 7037/7037 7038/7038
f 7039/7039 7040/7040 7041/7041
f 7042/7042 7043/7043 7044/7044
f 7045/7045 7046/7046 7047/7047
f 7048/7048 7049/7049 7050/7050
f 7051/7051 7052/7052 7053/7053
f 7054/7054 7055/7055 7056/7056
f 7057/7057 7058/7058 7059/7059
f 7060/7060 7061/7061 7062/7062
f 7063/7063 7064/7064 7065/7065
f 7066/7066 7067/7067 7068/7068
f 7069/7069 7070/7070 7071/7071
f 7072/7072 7073/7073 7074/7074
f 7075/7075 7076/7076 7077/7077
f 7078/7078 7079/7079 7080/7080
f 7081/7081 7082/7082 7083/7083
f 7084/7084 7085/7085 7086/7086
f 7087/7087 7088/7088 7089/7089
f 7090/7090 7091/7091 7092/7092
f 7093/7093 7094/7094 7095/7095
f 7096/7096 7097/7097 7098/7098
f 7099/7099 7100/7100 7101/7101
f 7102/7102 7103/7103 7104/7104
f 7105/7105 7106/7106 7107/7107
f 7108/7108 7109/7109 7110/7110
f 7111/7111 7112/7112 7113/7113
f 7114/7114 7115/7115 7116/7116
f 7117/7117 7118/7118 7119/7119
f 7120/7120 7121/7121 7122/7122
f 7123/7123 7124/7124 7125/7125
f 7126/7126 7127/7127 7128/7128
f 7129/7129 7130/7130 7131/7131
f 7132/7132 7133/7133 7134/7134
f 7135/7135 7136/7136 7137/7137
f 7138/7138 7139/7139 7140/7140
f 7141/7141 7142/7142 7143/7143
f 7144/7144 7145/7145 7146/7146
f 7147/7147 7148/7148 7149/7149
f 7150/7150 7151/7151 7152/7152
f 7153/7153 7154/7154 7155/7155
f 7156/7156 7157/7157 7158/7158
f 7159/7159 7160/7160 7161/7161
f 7162/7162 7163/7163 7164/7164
f 7165/7165 7166/7166 7167/7167
f 7168/7168 7169/7169 7170/7170
f 7171/7171 7172/7172 7173/7173
f 7174/7174 7175/7175 7176/7176
f 7177/7177 7178/7178 7179/7179
f 7180/7180 7181/7181 7182/7182
f 7183/7183 7184/7184 7185/7185
f 7186/7186 7187/7187 7188/7188
f 7189/7189 7190/7190 7191/7191
f 7192/7192 7193/7193 7194/7194
f 7195/7195 7196/7196 7197/7197
f 7198/7198 7199/7199 7200/7200
f 7201/7201 7202/7202 7203/7203
f 7204/7204 7205/7205 7206/7206
f 7207/7207 7208/7208 7209/7209
f 7210/7210 7211/7211 7212/7212
f 7213/7213 7214/7214 7215/7215
f 7216/7216 7217/7217 7218/7218
f 7219/7219 7220/7220 7221/7221
f 7222/7222 7223/7223 7224/7224
f 7225/7225 7226/7226 7227/7227
f 7228/7228 7229/7229 7230/7230
f 7231/7231 7232/7232 7233/7233
f 7234/7234 7235/7235 7236/7236
f 7237/7237 7238/7238 7239/7239
f 7240/7240 7241/7241 7242/7242
f 7243/7243 7244/7244 7245/7245
f 7246/7246 7247/7247 7248/7248
f 7249/7249 7250/7250 7251/7251
f 7252/7252 7253/7253 7254/7254
f 7255/7255 7256/7256 7257/7257
f 7258/7258 7259/7259 7260/7260
f 7261/7261 7262/7262 7263/7263
f 7264/7264 7265/7265 7266/7266
f 7267/7267 7268/7268 7269/7269
f 7270/7270 7271/7271 7272/7272
f 7273/7273 7274/7274 7275/7275
f 7276/7276 7277/7277 7278/7278
f 7279/7279 7280/7280 7281/7281
f 7282/7282 7283/7283 7284/7284
f 7285/7285 7286/7286 7287/7287
f 7288/7288 7289/7289 7290/7290
f 7291/7291 7292/7292 7293/7293
f 7294/7294 7295/7295 7296/7296
f 7297/7297 7298/7298 7299/7299
f 7300/7300 7301/7301 7302/7302
f 7303/7303 7304/7304 7305/7305
f 7306/7306 7307/7307 7308/7308
f 7309/7309 7310/7310 7311/7311
f 7312/7312 7313/7313 7314/7314
f 7315/7315 7316/7316 7317/7317
f 7318/7318 7319/7319 7320/7320
f 7321/7321 7322/7322 7323/7323
f 7324/7324 7325/7325 7326/7326
f 7327/7327 7328/7328 7329/7329
f 7330/7330 7331/7331 7332/7332
f 7333/7333 7334/7334 7335/7335
f 7336/7336 7337/7337 7338/7338
f 7339/7339 7340/7340 7341/7341
f 7342/7342 7343/7343 7344/7344
f 7345/7345 7346/7346 7347/7347
f 7348/7348 7349/7349 7350/7350
f 7351/7351 7352/7352 7353/7353
f 7354/7354 7355/7355 7356/7356
f 7357/7357 7358/7358 7359/7359
f 7360/7360 7361/7361 7362/7362
f 7363/7363 7364/7364 7365/7365
f 7366/7366 7367/7367 7368/7368
f 7369/7369 7370/7370 7371/7371
f 7372/7372 7373/7373 7374/7374
f 7375/7375 7376/7376 7377/7377
f 7378/7378 7379/7379 7380/7380
f 7381/7381 7382/7382 7383/7383
f 7384/7384 7385/7385 7386/7386
f 7387/7387 7388/7388 7389/7389
f 7390/7390 7391/7391 7392/7392
f 7393/7393 7394/7394 7395/7395
f 7396/7396 7397/7397 7398/7398
f 7399/7399 7400/7400 7401/7401
f 7402/7402 7403/7403 7404/7404
f 7405/7405 7406/7406 7407/7407
f 7408/7408 7409/7409 7410/7410
f 7411/7411 7412/7412 7413/7413
f 7414/7414 7415/7415 7416/7416
f 7417/7417 7418/7418 7419/7419
f 7420/7420 7421/7421 7422/7422
f 7423/7423 7424/7424 7425/7425
f 7426/7426 7427/7427 7428/7428
f 7429/7429 7430/7430 7431/7431
f 7432/7432 7433/7433 7434/7434
f 7435/7435 7436/7436 7437/7437
f 7438/7438 7439/7439 7440/7440
f 7441/7441 7442/7442 7443/7443
f 7444/7444 7445/7445 7446/7446
f 7447/7447 7448/7448 7449/7449
f 7450/7450 7451/7451 7452/7452
f 7453/7453 7454/7454 7455/7455
f 7456/7456 7457/7457 7458/7458
f 7459/7459 7460/7460 7461/7461
f 7462/7462 7463/7463 7464/7464
f 7465/7465 7466/7466 7467/7467
f 7468/7468 7469/7469 7470/7470
f 7471/7471 7472/7472 7473/7473
f 7474/7474 7475/7475 7476/7476
f 7477/7477 7478/7478 7479/7479
f 7480/7480 7481/7481 7482/7482
f 7483/7483 7484/7484 7485/7485
f 7486/7486 7487/7487 7488/7488
f 7489/7489 7490/7490 7491/7491
f 7492/7492 7493/7493 7494/7494
f 7495/7495 7496/7496 7497/7497
f 7498/7498 7499/7499 7500/7500
f 7501/7501 7502/7502 7503/7503
f 7504/7504 7505/7505 7506/7506
f 7507/7507 7508/7508 7509/7509
f 7510/7510 7511/7511 7512/7512
f 7513/7513 7514/7514 7515/7515
f 7516/7516 7517/7517 7518/7518
f 7519/7519 7520/7520 7521/7521
f 7522/7522 7523/7523 7524/7524
f 7525/7525 7526/7526 7527/7527
f 7528/7528 7529/7529 7530/7530
f 7531/7531 7532/7532 7533/7533
f 7534/7534 7535/7535 7536/7536
f 7537/7537 7538/7538 7539/7539
f 7540/7540 7541/7541 7542/7542
f 7543/7543 7544/7544 7545/7545
f 7546/7546 7547/7547 7548/7548
f 7549/7549 7550/7550 7551/7551
f 7552/7552 7553/7553 7554/7554
f 7555/7555 7556/7556 7557/7557
f 7558/7558 7559/7559 7560/7560
f 7561/7561 7562/7562 7563/7563
f 7564/7564 7565/7565 7566/7566
f 7567/7567 7568/7568 7569/7569
f 7570/7570 7571/7571 7572/7572
f 7573/7573 7574/7574 7575/7575
f 7576/7576 7577/7577 7578/7578
f 7579/7579 7580/7580 7581/7581
f 7582/7582 7583/7583 7584/7584
f 7585/7585 7586/7586 7587/7587
f 7588/7588 7589/7589 7590/7590
f 7591/7591 7592/7592 7593/7593
f 7594/7594 7595/7595 7596/7596
f 7597/7597 7598/7598 7599/7599
f 7600/7600 7601/7601 7602/7602
f 7603/7603 7604/7604 7605/7605
f 7606/7606 7607/7607 7608/7608
f 7609/7609 7610/7610 7611/7611
f 7612/7612 7613/7613 7614/7614
f 7615/7615 7616/7616 7617/7617
f 7618/7618 7619/7619 7620/7620
f 7621/7621 7622/7622 7623/7623
f 7624/7624 7625/7625 7626/7626
f 7627/7627 7628/7628 7629/7629
f 7630/7630 7631/7631 7632/7632
f 7633/7633 7634/7634 7635/7635
f 7636/7636 7637/7637 7638/7638
f 7639/7639 7640/7640 7641/7641
f 7642/7642 7643/7643 7644/7644
f 7645/7645 7646/7646 7647/7647
f 7648/7648 7649/7649 7650/7650
f 7651/7651 7652/7652 7653/7653
f 7654/7654 7655/7655 7656/7656
f 7657/7657 7658/7658 7659/7659
f 7660/7660 7661/7661 7662/7662
f 7663/7663 7664/7664 7665/7665
f 7666/7666 7667/7667 7668/7668
f 7669/7669 7670/7670 7671/7671
f 7672/7672 7673/7673 7674/7674
f 7675/7675 7676/7676 7677/7677
f 7678/7678 7679/7679 7680/7680
f 7681/7681 7682/7682 7683/7683
f 7684/7684 7685/7685 7686/7686
f 7687/7687 7688/7688 7689/7689
f 7690/7690 7691/7691 7692/7692
f 7693/7693 7694/7694 7695/7695
f 7696/7696 7697/7697 7698/7698
f 7699/7699 7700/7700 7701/7701
f 7702/7702 7703/7703 7704/7704
f 7705/7705 7706/7706 7707/7707
f 7708/7708 7709/7709 7710/7710
f 7711/7711 7712/7712 7713/7713
f 7714/7714 7715/7715 7716/7716
f 7717/7717 7718/7718 7719/7719
f 7720/7720 7721/7721 7722/7722
f 7723/7723 7724/7724 7725/7725
f 7726/7726 7727/7727 7728/7728
f 7729/7729 7730/7730 7731/7731
f 7732/7732 7733/7733 7734/7734
f 7735/7735 7736/7736 7737/7737
f 7738/7738 7739/7739 7740/7740
f 7741/7741 7742/7742 7743/7743
f 7744/7744 7745/7745 7746/7746
f 7747/7747 7748/7748 7749/7749
f 7750/7750 7751/7751 7752/7752
f 7753/7753 7754/7754 7755/7755
f 7756/7756 7757/7757 7758/7758
f 7759/7759 7760/7760 7761/7761
f 7762/7762 7763/7763 7764/7764
f 7765/7765 7766/7766 7767/7767
f 7768/7768 7769/7769 7770/7770
f 7771/7771 7772/7772 7773/7773
f 7774/7774 7775/7775 7776/7776
f 7777/7777 7778/7778 7779/7779
f 7780/7780 7781/7781 7782/7782
f 7783/7783 7784/7784 7785/7785
f 7786/7786 7787/7787 7788/7788
f 7789/7789 7790/7790 7791/7791
f 7792/7792 7793/7793 7794/7794
f 7795/7795 7796/7796 7797/7797
f 7798/7798 7799/7799 7800/7800
f 7801/7801 7802/7802 7803/7803
f 7804/7804 7805/7805 7806/7806
f 7807/7807 7808/7808 7809/7809
f 7810/7810 7811/7811 7812/7812
