# Generated by TyraX. Do not edit - rebaked from the procedural graph of 'pines'.
# 38 instances of res/models/pine.obj
mtllib props.mtl
v -47.3968 16.9187 -10.5217
v -47.7063 16.9168 -10.3143
v -47.8329 19.0890 -10.4834
v -47.3968 16.9187 -10.5217
v -47.8329 19.0890 -10.4834
v -47.5234 19.0909 -10.6907
v -47.7063 16.9168 -10.3143
v -47.9125 16.8807 -10.6224
v -48.0392 19.0530 -10.7915
v -47.7063 16.9168 -10.3143
v -48.0392 19.0530 -10.7915
v -47.8329 19.0890 -10.4834
v -47.9125 16.8807 -10.6224
v -47.6030 16.8827 -10.8298
v -47.7297 19.0549 -10.9989
v -47.9125 16.8807 -10.6224
v -47.7297 19.0549 -10.9989
v -48.0392 19.0530 -10.7915
v -47.6030 16.8827 -10.8298
v -47.3968 16.9187 -10.5217
v -47.5234 19.0909 -10.6907
v -47.6030 16.8827 -10.8298
v -47.5234 19.0909 -10.6907
v -47.7297 19.0549 -10.9989
v -27.9234 19.7508 8.1128
v -27.9578 19.7511 7.9032
v -27.9359 20.9951 7.9015
v -27.9234 19.7508 8.1128
v -27.9359 20.9951 7.9015
v -27.9016 20.9948 8.1111
v -27.9578 19.7511 7.9032
v -27.7482 19.7474 7.8689
v -27.7263 20.9914 7.8672
v -27.9578 19.7511 7.9032
v -27.7263 20.9914 7.8672
v -27.9359 20.9951 7.9015
v -27.7482 19.7474 7.8689
v -27.7139 19.7470 8.0785
v -27.6920 20.9911 8.0768
v -27.7482 19.7474 7.8689
v -27.6920 20.9911 8.0768
v -27.7263 20.9914 7.8672
v -27.7139 19.7470 8.0785
v -27.9234 19.7508 8.1128
v -27.9016 20.9948 8.1111
v -27.7139 19.7470 8.0785
v -27.9016 20.9948 8.1111
v -27.6920 20.9911 8.0768
v -39.0969 16.4957 -34.9930
v -38.8224 16.4839 -34.8507
v -38.6942 18.2896 -34.9475
v -39.0969 16.4957 -34.9930
v -38.6942 18.2896 -34.9475
v -38.9687 18.3015 -35.0898
v -38.8224 16.4839 -34.8507
v -38.9635 16.5086 -34.5764
v -38.8353 18.3143 -34.6732
v -38.8224 16.4839 -34.8507
v -38.8353 18.3143 -34.6732
v -38.6942 18.2896 -34.9475
v -38.9635 16.5086 -34.5764
v -39.2381 16.5204 -34.7188
v -39.1098 18.3262 -34.8155
v -38.9635 16.5086 -34.5764
v -39.1098 18.3262 -34.8155
v -38.8353 18.3143 -34.6732
v -39.2381 16.5204 -34.7188
v -39.0969 16.4957 -34.9930
v -38.9687 18.3015 -35.0898
v -39.2381 16.5204 -34.7188
v -38.9687 18.3015 -35.0898
v -39.1098 18.3262 -34.8155
v -0.5474 17.8129 -37.0742
v -0.7809 17.8195 -36.9319
v -0.7338 19.4212 -36.9296
v -0.5474 17.8129 -37.0742
v -0.7338 19.4212 -36.9296
v -0.5003 19.4145 -37.0718
v -0.7809 17.8195 -36.9319
v -0.9231 17.8240 -37.1655
v -0.8760 19.4257 -37.1631
v -0.7809 17.8195 -36.9319
v -0.8760 19.4257 -37.1631
v -0.7338 19.4212 -36.9296
v -0.9231 17.8240 -37.1655
v -0.6896 17.8174 -37.3078
v -0.6426 19.4190 -37.3054
v -0.9231 17.8240 -37.1655
v -0.6426 19.4190 -37.3054
v -0.8760 19.4257 -37.1631
v -0.6896 17.8174 -37.3078
v -0.5474 17.8129 -37.0742
v -0.5003 19.4145 -37.0718
v -0.6896 17.8174 -37.3078
v -0.5003 19.4145 -37.0718
v -0.6426 19.4190 -37.3054
v -15.2795 20.8908 12.7910
v -15.1688 20.8814 13.0350
v -15.0749 22.4492 13.0527
v -15.2795 20.8908 12.7910
v -15.0749 22.4492 13.0527
v -15.1856 22.4585 12.8087
v -15.1688 20.8814 13.0350
v -15.4124 20.8948 13.1461
v -15.3186 22.4625 13.1638
v -15.1688 20.8814 13.0350
v -15.3186 22.4625 13.1638
v -15.0749 22.4492 13.0527
v -15.4124 20.8948 13.1461
v -15.5231 20.9041 12.9021
v -15.4293 22.4719 12.9198
v -15.4124 20.8948 13.1461
v -15.4293 22.4719 12.9198
v -15.3186 22.4625 13.1638
v -15.5231 20.9041 12.9021
v -15.2795 20.8908 12.7910
v -15.1856 22.4585 12.8087
v -15.5231 20.9041 12.9021
v -15.1856 22.4585 12.8087
v -15.4293 22.4719 12.9198
v 17.2455 18.3216 -50.9341
v 17.1371 18.3320 -50.7336
v 17.2294 19.6655 -50.7528
v 17.2455 18.3216 -50.9341
v 17.2294 19.6655 -50.7528
v 17.3378 19.6551 -50.9533
v 17.1371 18.3320 -50.7336
v 16.9369 18.3443 -50.8424
v 17.0293 19.6778 -50.8617
v 17.1371 18.3320 -50.7336
v 17.0293 19.6778 -50.8617
v 17.2294 19.6655 -50.7528
v 16.9369 18.3443 -50.8424
v 17.0453 18.3339 -51.0429
v 17.1377 19.6674 -51.0622
v 16.9369 18.3443 -50.8424
v 17.1377 19.6674 -51.0622
v 17.0293 19.6778 -50.8617
v 17.0453 18.3339 -51.0429
v 17.2455 18.3216 -50.9341
v 17.3378 19.6551 -50.9533
v 17.0453 18.3339 -51.0429
v 17.3378 19.6551 -50.9533
v 17.1377 19.6674 -51.0622
v -18.4252 20.2198 7.4827
v -18.2733 20.2288 7.2645
v -18.3749 21.7840 7.2579
v -18.4252 20.2198 7.4827
v -18.3749 21.7840 7.2579
v -18.5267 21.7750 7.4761
v -18.2733 20.2288 7.2645
v -18.0556 20.2436 7.4166
v -18.1572 21.7989 7.4100
v -18.2733 20.2288 7.2645
v -18.1572 21.7989 7.4100
v -18.3749 21.7840 7.2579
v -18.0556 20.2436 7.4166
v -18.2074 20.2346 7.6348
v -18.3090 21.7899 7.6282
v -18.0556 20.2436 7.4166
v -18.3090 21.7899 7.6282
v -18.1572 21.7989 7.4100
v -18.2074 20.2346 7.6348
v -18.4252 20.2198 7.4827
v -18.5267 21.7750 7.4761
v -18.2074 20.2346 7.6348
v -18.5267 21.7750 7.4761
v -18.3090 21.7899 7.6282
v -40.6757 19.1511 12.3026
v -40.8065 19.1529 12.0602
v -40.8007 20.7665 12.0692
v -40.6757 19.1511 12.3026
v -40.8007 20.7665 12.0692
v -40.6699 20.7647 12.3116
v -40.8065 19.1529 12.0602
v -40.5641 19.1528 11.9294
v -40.5583 20.7664 11.9384
v -40.8065 19.1529 12.0602
v -40.5583 20.7664 11.9384
v -40.8007 20.7665 12.0692
v -40.5641 19.1528 11.9294
v -40.4333 19.1510 12.1718
v -40.4276 20.7646 12.1808
v -40.5641 19.1528 11.9294
v -40.4276 20.7646 12.1808
v -40.5583 20.7664 11.9384
v -40.4333 19.1510 12.1718
v -40.6757 19.1511 12.3026
v -40.6699 20.7647 12.3116
v -40.4333 19.1510 12.1718
v -40.6699 20.7647 12.3116
v -40.4276 20.7646 12.1808
v -31.9529 15.9329 -50.2317
v -32.1121 15.9262 -50.4168
v -32.2121 17.3530 -50.3826
v -31.9529 15.9329 -50.2317
v -32.2121 17.3530 -50.3826
v -32.0530 17.3597 -50.1975
v -32.1121 15.9262 -50.4168
v -31.9276 15.9429 -50.5760
v -32.0277 17.3697 -50.5418
v -32.1121 15.9262 -50.4168
v -32.0277 17.3697 -50.5418
v -32.2121 17.3530 -50.3826
v -31.9276 15.9429 -50.5760
v -31.7685 15.9497 -50.3909
v -31.8686 17.3764 -50.3567
v -31.9276 15.9429 -50.5760
v -31.8686 17.3764 -50.3567
v -32.0277 17.3697 -50.5418
v -31.7685 15.9497 -50.3909
v -31.9529 15.9329 -50.2317
v -32.0530 17.3597 -50.1975
v -31.7685 15.9497 -50.3909
v -32.0530 17.3597 -50.1975
v -31.8686 17.3764 -50.3567
v -30.2712 18.7344 -2.7573
v -30.4593 18.7461 -2.5661
v -30.3688 20.3162 -2.5731
v -30.2712 18.7344 -2.7573
v -30.3688 20.3162 -2.5731
v -30.1808 20.3046 -2.7643
v -30.4593 18.7461 -2.5661
v -30.6503 18.7562 -2.7545
v -30.5598 20.3264 -2.7614
v -30.4593 18.7461 -2.5661
v -30.5598 20.3264 -2.7614
v -30.3688 20.3162 -2.5731
v -30.6503 18.7562 -2.7545
v -30.4622 18.7445 -2.9457
v -30.3718 20.3147 -2.9527
v -30.6503 18.7562 -2.7545
v -30.3718 20.3147 -2.9527
v -30.5598 20.3264 -2.7614
v -30.4622 18.7445 -2.9457
v -30.2712 18.7344 -2.7573
v -30.1808 20.3046 -2.7643
v -30.4622 18.7445 -2.9457
v -30.1808 20.3046 -2.7643
v -30.3718 20.3147 -2.9527
v 7.3893 21.5547 3.0831
v 7.1088 21.5701 3.1839
v 7.1914 23.3160 3.1470
v 7.3893 21.5547 3.0831
v 7.1914 23.3160 3.1470
v 7.4719 23.3006 3.0461
v 7.1088 21.5701 3.1839
v 7.0078 21.5690 2.9031
v 7.0904 23.3149 2.8662
v 7.1088 21.5701 3.1839
v 7.0904 23.3149 2.8662
v 7.1914 23.3160 3.1470
v 7.0078 21.5690 2.9031
v 7.2882 21.5536 2.8023
v 7.3709 23.2995 2.7654
v 7.0078 21.5690 2.9031
v 7.3709 23.2995 2.7654
v 7.0904 23.3149 2.8662
v 7.2882 21.5536 2.8023
v 7.3893 21.5547 3.0831
v 7.4719 23.3006 3.0461
v 7.2882 21.5536 2.8023
v 7.4719 23.3006 3.0461
v 7.3709 23.2995 2.7654
v -15.1706 20.4160 7.1370
v -15.1498 20.4156 6.8354
v -15.0475 22.1839 6.8405
v -15.1706 20.4160 7.1370
v -15.0475 22.1839 6.8405
v -15.0684 22.1842 7.1421
v -15.1498 20.4156 6.8354
v -14.8487 20.3982 6.8562
v -14.7464 22.1664 6.8614
v -15.1498 20.4156 6.8354
v -14.7464 22.1664 6.8614
v -15.0475 22.1839 6.8405
v -14.8487 20.3982 6.8562
v -14.8695 20.3985 7.1578
v -14.7673 22.1668 7.1630
v -14.8487 20.3982 6.8562
v -14.7673 22.1668 7.1630
v -14.7464 22.1664 6.8614
v -14.8695 20.3985 7.1578
v -15.1706 20.4160 7.1370
v -15.0684 22.1842 7.1421
v -14.8695 20.3985 7.1578
v -15.0684 22.1842 7.1421
v -14.7673 22.1668 7.1630
v -41.4281 15.5181 -47.8096
v -41.5154 15.5220 -48.0141
v -41.5266 16.8247 -47.9840
v -41.4281 15.5181 -47.8096
v -41.5266 16.8247 -47.9840
v -41.4393 16.8207 -47.7795
v -41.5154 15.5220 -48.0141
v -41.3109 15.5258 -48.1014
v -41.3221 16.8285 -48.0713
v -41.5154 15.5220 -48.0141
v -41.3221 16.8285 -48.0713
v -41.5266 16.8247 -47.9840
v -41.3109 15.5258 -48.1014
v -41.2235 15.5218 -47.8968
v -41.2348 16.8245 -47.8667
v -41.3109 15.5258 -48.1014
v -41.2348 16.8245 -47.8667
v -41.3221 16.8285 -48.0713
v -41.2235 15.5218 -47.8968
v -41.4281 15.5181 -47.8096
v -41.4393 16.8207 -47.7795
v -41.2235 15.5218 -47.8968
v -41.4393 16.8207 -47.7795
v -41.2348 16.8245 -47.8667
v -27.8460 18.3352 -11.0535
v -28.0358 18.3278 -10.9101
v -28.1730 19.7110 -11.0204
v -27.8460 18.3352 -11.0535
v -28.1730 19.7110 -11.0204
v -27.9832 19.7184 -11.1638
v -28.0358 18.3278 -10.9101
v -28.1774 18.2987 -11.0991
v -28.3147 19.6818 -11.2094
v -28.0358 18.3278 -10.9101
v -28.3147 19.6818 -11.2094
v -28.1730 19.7110 -11.0204
v -28.1774 18.2987 -11.0991
v -27.9876 18.3061 -11.2425
v -28.1248 19.6892 -11.3528
v -28.1774 18.2987 -11.0991
v -28.1248 19.6892 -11.3528
v -28.3147 19.6818 -11.2094
v -27.9876 18.3061 -11.2425
v -27.8460 18.3352 -11.0535
v -27.9832 19.7184 -11.1638
v -27.9876 18.3061 -11.2425
v -27.9832 19.7184 -11.1638
v -28.1248 19.6892 -11.3528
v -37.2524 18.2130 1.1762
v -37.4288 18.2216 1.0084
v -37.3807 19.6480 1.0308
v -37.2524 18.2130 1.1762
v -37.3807 19.6480 1.0308
v -37.2043 19.6394 1.1986
v -37.4288 18.2216 1.0084
v -37.2610 18.2187 0.8318
v -37.2129 19.6451 0.8542
v -37.4288 18.2216 1.0084
v -37.2129 19.6451 0.8542
v -37.3807 19.6480 1.0308
v -37.2610 18.2187 0.8318
v -37.0846 18.2101 0.9997
v -37.0365 19.6365 1.0220
v -37.2610 18.2187 0.8318
v -37.0365 19.6365 1.0220
v -37.2129 19.6451 0.8542
v -37.0846 18.2101 0.9997
v -37.2524 18.2130 1.1762
v -37.2043 19.6394 1.1986
v -37.0846 18.2101 0.9997
v -37.2043 19.6394 1.1986
v -37.0365 19.6365 1.0220
v 9.0746 22.4744 10.5622
v 8.8171 22.4788 10.6412
v 8.8571 24.0561 10.6821
v 9.0746 22.4744 10.5622
v 8.8571 24.0561 10.6821
v 9.1146 24.0516 10.6031
v 8.8171 22.4788 10.6412
v 8.7383 22.4875 10.3837
v 8.7783 24.0648 10.4247
v 8.8171 22.4788 10.6412
v 8.7783 24.0648 10.4247
v 8.8571 24.0561 10.6821
v 8.7383 22.4875 10.3837
v 8.9958 22.4830 10.3047
v 9.0358 24.0603 10.3456
v 8.7383 22.4875 10.3837
v 9.0358 24.0603 10.3456
v 8.7783 24.0648 10.4247
v 8.9958 22.4830 10.3047
v 9.0746 22.4744 10.5622
v 9.1146 24.0516 10.6031
v 8.9958 22.4830 10.3047
v 9.1146 24.0516 10.6031
v 9.0358 24.0603 10.3456
v -32.9674 19.0110 4.1868
v -33.1186 19.0042 4.4292
v -33.2820 20.6698 4.3740
v -32.9674 19.0110 4.1868
v -33.2820 20.6698 4.3740
v -33.1308 20.6766 4.1316
v -33.1186 19.0042 4.4292
v -33.3595 18.9756 4.2781
v -33.5229 20.6411 4.2230
v -33.1186 19.0042 4.4292
v -33.5229 20.6411 4.2230
v -33.2820 20.6698 4.3740
v -33.3595 18.9756 4.2781
v -33.2083 18.9824 4.0357
v -33.3717 20.6479 3.9805
v -33.3595 18.9756 4.2781
v -33.3717 20.6479 3.9805
v -33.5229 20.6411 4.2230
v -33.2083 18.9824 4.0357
v -32.9674 19.0110 4.1868
v -33.1308 20.6766 4.1316
v -33.2083 18.9824 4.0357
v -33.1308 20.6766 4.1316
v -33.3717 20.6479 3.9805
v -6.8082 16.8777 -50.7709
v -6.7418 16.8807 -50.9330
v -6.7736 17.9064 -50.9272
v -6.8082 16.8777 -50.7709
v -6.7736 17.9064 -50.9272
v -6.8400 17.9034 -50.7652
v -6.7418 16.8807 -50.9330
v -6.5798 16.8853 -50.8665
v -6.6116 17.9111 -50.8608
v -6.7418 16.8807 -50.9330
v -6.6116 17.9111 -50.8608
v -6.7736 17.9064 -50.9272
v -6.5798 16.8853 -50.8665
v -6.6462 16.8824 -50.7045
v -6.6780 17.9081 -50.6987
v -6.5798 16.8853 -50.8665
v -6.6780 17.9081 -50.6987
v -6.6116 17.9111 -50.8608
v -6.6462 16.8824 -50.7045
v -6.8082 16.8777 -50.7709
v -6.8400 17.9034 -50.7652
v -6.6462 16.8824 -50.7045
v -6.8400 17.9034 -50.7652
v -6.6780 17.9081 -50.6987
v -28.6206 17.3940 -27.1611
v -28.6887 17.3919 -27.2838
v -28.7100 18.2138 -27.2859
v -28.6206 17.3940 -27.1611
v -28.7100 18.2138 -27.2859
v -28.6419 18.2158 -27.1632
v -28.6887 17.3919 -27.2838
v -28.5661 17.3949 -27.3519
v -28.5873 18.2167 -27.3540
v -28.6887 17.3919 -27.2838
v -28.5873 18.2167 -27.3540
v -28.7100 18.2138 -27.2859
v -28.5661 17.3949 -27.3519
v -28.4980 17.3970 -27.2292
v -28.5192 18.2188 -27.2314
v -28.5661 17.3949 -27.3519
v -28.5192 18.2188 -27.2314
v -28.5873 18.2167 -27.3540
v -28.4980 17.3970 -27.2292
v -28.6206 17.3940 -27.1611
v -28.6419 18.2158 -27.1632
v -28.4980 17.3970 -27.2292
v -28.6419 18.2158 -27.1632
v -28.5192 18.2188 -27.2314
v -7.7917 17.5901 -33.6765
v -7.9793 17.5931 -33.7262
v -7.9793 18.7282 -33.6579
v -7.7917 17.5901 -33.6765
v -7.9793 18.7282 -33.6579
v -7.7917 18.7251 -33.6082
v -7.9793 17.5931 -33.7262
v -7.9295 17.6044 -33.9135
v -7.9295 18.7394 -33.8451
v -7.9793 17.5931 -33.7262
v -7.9295 18.7394 -33.8451
v -7.9793 18.7282 -33.6579
v -7.9295 17.6044 -33.9135
v -7.7419 17.6014 -33.8638
v -7.7419 18.7364 -33.7954
v -7.9295 17.6044 -33.9135
v -7.7419 18.7364 -33.7954
v -7.9295 18.7394 -33.8451
v -7.7419 17.6014 -33.8638
v -7.7917 17.5901 -33.6765
v -7.7917 18.7251 -33.6082
v -7.7419 17.6014 -33.8638
v -7.7917 18.7251 -33.6082
v -7.7419 18.7364 -33.7954
v -14.9184 16.5427 -52.0835
v -15.0670 16.5388 -52.2753
v -15.1573 17.9571 -52.2337
v -14.9184 16.5427 -52.0835
v -15.1573 17.9571 -52.2337
v -15.0086 17.9609 -52.0419
v -15.0670 16.5388 -52.2753
v -14.8759 16.5554 -52.4238
v -14.9661 17.9736 -52.3822
v -15.0670 16.5388 -52.2753
v -14.9661 17.9736 -52.3822
v -15.1573 17.9571 -52.2337
v -14.8759 16.5554 -52.4238
v -14.7272 16.5592 -52.2321
v -14.8174 17.9775 -52.1904
v -14.8759 16.5554 -52.4238
v -14.8174 17.9775 -52.1904
v -14.9661 17.9736 -52.3822
v -14.7272 16.5592 -52.2321
v -14.9184 16.5427 -52.0835
v -15.0086 17.9609 -52.0419
v -14.7272 16.5592 -52.2321
v -15.0086 17.9609 -52.0419
v -14.8174 17.9775 -52.1904
v -50.6915 15.3618 -40.7972
v -50.8500 15.3727 -40.6264
v -50.8563 16.7359 -40.7188
v -50.6915 15.3618 -40.7972
v -50.8563 16.7359 -40.7188
v -50.6978 16.7251 -40.8896
v -50.8500 15.3727 -40.6264
v -51.0211 15.3612 -40.7845
v -51.0274 16.7244 -40.8769
v -50.8500 15.3727 -40.6264
v -51.0274 16.7244 -40.8769
v -50.8563 16.7359 -40.7188
v -51.0211 15.3612 -40.7845
v -50.8627 15.3503 -40.9553
v -50.8689 16.7136 -41.0476
v -51.0211 15.3612 -40.7845
v -50.8689 16.7136 -41.0476
v -51.0274 16.7244 -40.8769
v -50.8627 15.3503 -40.9553
v -50.6915 15.3618 -40.7972
v -50.6978 16.7251 -40.8896
v -50.8627 15.3503 -40.9553
v -50.6978 16.7251 -40.8896
v -50.8689 16.7136 -41.0476
v -3.2441 19.2186 -11.6693
v -3.2653 19.2164 -11.8518
v -3.3123 20.2918 -11.8598
v -3.2441 19.2186 -11.6693
v -3.3123 20.2918 -11.8598
v -3.2912 20.2941 -11.6772
v -3.2653 19.2164 -11.8518
v -3.0829 19.2242 -11.8730
v -3.1300 20.2997 -11.8810
v -3.2653 19.2164 -11.8518
v -3.1300 20.2997 -11.8810
v -3.3123 20.2918 -11.8598
v -3.0829 19.2242 -11.8730
v -3.0618 19.2265 -11.6905
v -3.1089 20.3019 -11.6984
v -3.0829 19.2242 -11.8730
v -3.1089 20.3019 -11.6984
v -3.1300 20.2997 -11.8810
v -3.0618 19.2265 -11.6905
v -3.2441 19.2186 -11.6693
v -3.2912 20.2941 -11.6772
v -3.0618 19.2265 -11.6905
v -3.2912 20.2941 -11.6772
v -3.1089 20.3019 -11.6984
v -23.2183 17.0236 -36.4626
v -23.4339 17.0042 -36.3742
v -23.6104 18.3559 -36.5083
v -23.2183 17.0236 -36.4626
v -23.6104 18.3559 -36.5083
v -23.3948 18.3753 -36.5967
v -23.4339 17.0042 -36.3742
v -23.5192 16.9717 -36.5895
v -23.6957 18.3234 -36.7236
v -23.4339 17.0042 -36.3742
v -23.6957 18.3234 -36.7236
v -23.6104 18.3559 -36.5083
v -23.5192 16.9717 -36.5895
v -23.3036 16.9911 -36.6778
v -23.4801 18.3428 -36.8119
v -23.5192 16.9717 -36.5895
v -23.4801 18.3428 -36.8119
v -23.6957 18.3234 -36.7236
v -23.3036 16.9911 -36.6778
v -23.2183 17.0236 -36.4626
v -23.3948 18.3753 -36.5967
v -23.3036 16.9911 -36.6778
v -23.3948 18.3753 -36.5967
v -23.4801 18.3428 -36.8119
v -52.2781 15.6648 -34.0353
v -52.2864 15.6648 -34.3812
v -52.2848 17.6921 -34.3810
v -52.2781 15.6648 -34.0353
v -52.2848 17.6921 -34.3810
v -52.2764 17.6921 -34.0350
v -52.2864 15.6648 -34.3812
v -51.9405 15.6646 -34.3896
v -51.9388 17.6918 -34.3893
v -52.2864 15.6648 -34.3812
v -51.9388 17.6918 -34.3893
v -52.2848 17.6921 -34.3810
v -51.9405 15.6646 -34.3896
v -51.9321 15.6645 -34.0436
v -51.9305 17.6918 -34.0434
v -51.9405 15.6646 -34.3896
v -51.9305 17.6918 -34.0434
v -51.9388 17.6918 -34.3893
v -51.9321 15.6645 -34.0436
v -52.2781 15.6648 -34.0353
v -52.2764 17.6921 -34.0350
v -51.9321 15.6645 -34.0436
v -52.2764 17.6921 -34.0350
v -51.9305 17.6918 -34.0434
v -49.6683 17.0432 -1.8386
v -49.3510 17.0125 -1.8854
v -49.1819 18.8907 -1.9715
v -49.6683 17.0432 -1.8386
v -49.1819 18.8907 -1.9715
v -49.4992 18.9214 -1.9247
v -49.3510 17.0125 -1.8854
v -49.3030 17.0228 -1.5670
v -49.1339 18.9009 -1.6530
v -49.3510 17.0125 -1.8854
v -49.1339 18.9009 -1.6530
v -49.1819 18.8907 -1.9715
v -49.3030 17.0228 -1.5670
v -49.6203 17.0535 -1.5202
v -49.4512 18.9316 -1.6062
v -49.3030 17.0228 -1.5670
v -49.4512 18.9316 -1.6062
v -49.1339 18.9009 -1.6530
v -49.6203 17.0535 -1.5202
v -49.6683 17.0432 -1.8386
v -49.4992 18.9214 -1.9247
v -49.6203 17.0535 -1.5202
v -49.4992 18.9214 -1.9247
v -49.4512 18.9316 -1.6062
v -39.8907 17.5016 -8.5131
v -39.9127 17.5031 -8.7722
v -39.9232 19.0264 -8.7624
v -39.8907 17.5016 -8.5131
v -39.9232 19.0264 -8.7624
v -39.9012 19.0249 -8.5033
v -39.9127 17.5031 -8.7722
v -39.6536 17.5050 -8.7941
v -39.6641 19.0283 -8.7844
v -39.9127 17.5031 -8.7722
v -39.6641 19.0283 -8.7844
v -39.9232 19.0264 -8.7624
v -39.6536 17.5050 -8.7941
v -39.6316 17.5035 -8.5351
v -39.6421 19.0268 -8.5253
v -39.6536 17.5050 -8.7941
v -39.6421 19.0268 -8.5253
v -39.6641 19.0283 -8.7844
v -39.6316 17.5035 -8.5351
v -39.8907 17.5016 -8.5131
v -39.9012 19.0249 -8.5033
v -39.6316 17.5035 -8.5351
v -39.9012 19.0249 -8.5033
v -39.6421 19.0268 -8.5253
v -29.9956 17.6056 -22.6602
v -29.8068 17.5936 -22.7584
v -29.7343 18.8404 -22.7714
v -29.9956 17.6056 -22.6602
v -29.7343 18.8404 -22.7714
v -29.9231 18.8524 -22.6732
v -29.8068 17.5936 -22.7584
v -29.7086 17.5899 -22.5692
v -29.6361 18.8367 -22.5822
v -29.8068 17.5936 -22.7584
v -29.6361 18.8367 -22.5822
v -29.7343 18.8404 -22.7714
v -29.7086 17.5899 -22.5692
v -29.8975 17.6019 -22.4710
v -29.8250 18.8487 -22.4840
v -29.7086 17.5899 -22.5692
v -29.8250 18.8487 -22.4840
v -29.6361 18.8367 -22.5822
v -29.8975 17.6019 -22.4710
v -29.9956 17.6056 -22.6602
v -29.9231 18.8524 -22.6732
v -29.8975 17.6019 -22.4710
v -29.9231 18.8524 -22.6732
v -29.8250 18.8487 -22.4840
v -51.6627 16.6308 -10.9772
v -51.4504 16.6180 -10.6926
v -51.4982 18.6951 -10.5634
v -51.6627 16.6308 -10.9772
v -51.4982 18.6951 -10.5634
v -51.7106 18.7079 -10.8480
v -51.4504 16.6180 -10.6926
v -51.7352 16.5983 -10.4810
v -51.7830 18.6754 -10.3519
v -51.4504 16.6180 -10.6926
v -51.7830 18.6754 -10.3519
v -51.4982 18.6951 -10.5634
v -51.7352 16.5983 -10.4810
v -51.9475 16.6111 -10.7656
v -51.9953 18.6882 -10.6365
v -51.7352 16.5983 -10.4810
v -51.9953 18.6882 -10.6365
v -51.7830 18.6754 -10.3519
v -51.9475 16.6111 -10.7656
v -51.6627 16.6308 -10.9772
v -51.7106 18.7079 -10.8480
v -51.9475 16.6111 -10.7656
v -51.7106 18.7079 -10.8480
v -51.9953 18.6882 -10.6365
v -26.1218 16.5390 -42.3483
v -26.1135 16.5384 -42.0307
v -25.9226 18.3898 -42.0322
v -26.1218 16.5390 -42.3483
v -25.9226 18.3898 -42.0322
v -25.9308 18.3904 -42.3498
v -26.1135 16.5384 -42.0307
v -26.4294 16.5710 -42.0225
v -26.2385 18.4224 -42.0239
v -26.1135 16.5384 -42.0307
v -26.2385 18.4224 -42.0239
v -25.9226 18.3898 -42.0322
v -26.4294 16.5710 -42.0225
v -26.4377 16.5716 -42.3401
v -26.2467 18.4230 -42.3415
v -26.4294 16.5710 -42.0225
v -26.2467 18.4230 -42.3415
v -26.2385 18.4224 -42.0239
v -26.4377 16.5716 -42.3401
v -26.1218 16.5390 -42.3483
v -25.9308 18.3904 -42.3498
v -26.4377 16.5716 -42.3401
v -25.9308 18.3904 -42.3498
v -26.2467 18.4230 -42.3415
v -3.6895 17.8430 -32.2717
v -3.4521 17.8600 -32.3220
v -3.5431 19.2815 -32.2717
v -3.6895 17.8430 -32.2717
v -3.5431 19.2815 -32.2717
v -3.7805 19.2645 -32.2213
v -3.4521 17.8600 -32.3220
v -3.4013 17.8548 -32.0841
v -3.4923 19.2763 -32.0338
v -3.4521 17.8600 -32.3220
v -3.4923 19.2763 -32.0338
v -3.5431 19.2815 -32.2717
v -3.4013 17.8548 -32.0841
v -3.6387 17.8379 -32.0338
v -3.7297 19.2593 -31.9835
v -3.4013 17.8548 -32.0841
v -3.7297 19.2593 -31.9835
v -3.4923 19.2763 -32.0338
v -3.6387 17.8379 -32.0338
v -3.6895 17.8430 -32.2717
v -3.7805 19.2645 -32.2213
v -3.6387 17.8379 -32.0338
v -3.7805 19.2645 -32.2213
v -3.7297 19.2593 -31.9835
v -46.6901 15.8150 -38.3503
v -46.3667 15.7930 -38.3617
v -46.2339 17.6854 -38.2501
v -46.6901 15.8150 -38.3503
v -46.2339 17.6854 -38.2501
v -46.5573 17.7074 -38.2387
v -46.3667 15.7930 -38.3617
v -46.3566 15.7732 -38.0381
v -46.2238 17.6656 -37.9265
v -46.3667 15.7930 -38.3617
v -46.2238 17.6656 -37.9265
v -46.2339 17.6854 -38.2501
v -46.3566 15.7732 -38.0381
v -46.6801 15.7952 -38.0267
v -46.5473 17.6876 -37.9151
v -46.3566 15.7732 -38.0381
v -46.5473 17.6876 -37.9151
v -46.2238 17.6656 -37.9265
v -46.6801 15.7952 -38.0267
v -46.6901 15.8150 -38.3503
v -46.5573 17.7074 -38.2387
v -46.6801 15.7952 -38.0267
v -46.5573 17.7074 -38.2387
v -46.5473 17.6876 -37.9151
v -13.0479 21.5677 17.4075
v -13.3255 21.5513 17.3484
v -13.4124 23.2141 17.2953
v -13.0479 21.5677 17.4075
v -13.4124 23.2141 17.2953
v -13.1347 23.2305 17.3544
v -13.3255 21.5513 17.3484
v -13.2660 21.5456 17.0704
v -13.3528 23.2084 17.0173
v -13.3255 21.5513 17.3484
v -13.3528 23.2084 17.0173
v -13.4124 23.2141 17.2953
v -13.2660 21.5456 17.0704
v -12.9883 21.5620 17.1295
v -13.0752 23.2247 17.0764
v -13.2660 21.5456 17.0704
v -13.0752 23.2247 17.0764
v -13.3528 23.2084 17.0173
v -12.9883 21.5620 17.1295
v -13.0479 21.5677 17.4075
v -13.1347 23.2305 17.3544
v -12.9883 21.5620 17.1295
v -13.1347 23.2305 17.3544
v -13.0752 23.2247 17.0764
v 14.3126 18.4816 -46.2685
v 14.5868 18.4757 -46.0762
v 14.5949 20.4373 -46.0276
v 14.3126 18.4816 -46.2685
v 14.5949 20.4373 -46.0276
v 14.3207 20.4432 -46.2199
v 14.5868 18.4757 -46.0762
v 14.3944 18.4697 -45.8021
v 14.4025 20.4314 -45.7535
v 14.5868 18.4757 -46.0762
v 14.4025 20.4314 -45.7535
v 14.5949 20.4373 -46.0276
v 14.3944 18.4697 -45.8021
v 14.1202 18.4756 -45.9944
v 14.1284 20.4372 -45.9458
v 14.3944 18.4697 -45.8021
v 14.1284 20.4372 -45.9458
v 14.4025 20.4314 -45.7535
v 14.1202 18.4756 -45.9944
v 14.3126 18.4816 -46.2685
v 14.3207 20.4432 -46.2199
v 14.1202 18.4756 -45.9944
v 14.3207 20.4432 -46.2199
v 14.1284 20.4372 -45.9458
v -1.9824 21.1496 6.5385
v -1.8957 21.1528 6.2233
v -1.9648 23.0666 6.2236
v -1.9824 21.1496 6.5385
v -1.9648 23.0666 6.2236
v -2.0514 23.0635 6.5388
v -1.8957 21.1528 6.2233
v -1.5807 21.1641 6.3100
v -1.6498 23.0780 6.3103
v -1.8957 21.1528 6.2233
v -1.6498 23.0780 6.3103
v -1.9648 23.0666 6.2236
v -1.5807 21.1641 6.3100
v -1.6674 21.1610 6.6252
v -1.7365 23.0748 6.6255
v -1.5807 21.1641 6.3100
v -1.7365 23.0748 6.6255
v -1.6498 23.0780 6.3103
v -1.6674 21.1610 6.6252
v -1.9824 21.1496 6.5385
v -2.0514 23.0635 6.5388
v -1.6674 21.1610 6.6252
v -2.0514 23.0635 6.5388
v -1.7365 23.0748 6.6255
v -29.9660 16.3235 -43.4233
v -29.6714 16.3274 -43.2974
v -29.6871 18.2042 -43.3186
v -29.9660 16.3235 -43.4233
v -29.6871 18.2042 -43.3186
v -29.9816 18.2003 -43.4445
v -29.6714 16.3274 -43.2974
v -29.7973 16.3297 -43.0028
v -29.8130 18.2065 -43.0240
v -29.6714 16.3274 -43.2974
v -29.8130 18.2065 -43.0240
v -29.6871 18.2042 -43.3186
v -29.7973 16.3297 -43.0028
v -30.0919 16.3258 -43.1287
v -30.1076 18.2026 -43.1499
v -29.7973 16.3297 -43.0028
v -30.1076 18.2026 -43.1499
v -29.8130 18.2065 -43.0240
v -30.0919 16.3258 -43.1287
v -29.9660 16.3235 -43.4233
v -29.9816 18.2003 -43.4445
v -30.0919 16.3258 -43.1287
v -29.9816 18.2003 -43.4445
v -30.1076 18.2026 -43.1499
v -36.1944 17.9620 -5.8205
v -35.9969 17.9688 -5.7142
v -36.0887 19.2771 -5.6273
v -36.1944 17.9620 -5.8205
v -36.0887 19.2771 -5.6273
v -36.2862 19.2703 -5.7336
v -35.9969 17.9688 -5.7142
v -36.1023 17.9483 -5.5172
v -36.1940 19.2566 -5.4303
v -35.9969 17.9688 -5.7142
v -36.1940 19.2566 -5.4303
v -36.0887 19.2771 -5.6273
v -36.1023 17.9483 -5.5172
v -36.2997 17.9415 -5.6235
v -36.3915 19.2498 -5.5366
v -36.1023 17.9483 -5.5172
v -36.3915 19.2498 -5.5366
v -36.1940 19.2566 -5.4303
v -36.2997 17.9415 -5.6235
v -36.1944 17.9620 -5.8205
v -36.2862 19.2703 -5.7336
v -36.2997 17.9415 -5.6235
v -36.2862 19.2703 -5.7336
v -36.3915 19.2498 -5.5366
v -20.3161 19.8246 3.2359
v -20.4305 19.8308 3.0527
v -20.3064 21.0902 3.0180
v -20.3161 19.8246 3.2359
v -20.3064 21.0902 3.0180
v -20.1920 21.0840 3.2012
v -20.4305 19.8308 3.0527
v -20.2484 19.8097 2.9383
v -20.1243 21.0691 2.9036
v -20.4305 19.8308 3.0527
v -20.1243 21.0691 2.9036
v -20.3064 21.0902 3.0180
v -20.2484 19.8097 2.9383
v -20.1340 19.8035 3.1215
v -20.0099 21.0629 3.0868
v -20.2484 19.8097 2.9383
v -20.0099 21.0629 3.0868
v -20.1243 21.0691 2.9036
v -20.1340 19.8035 3.1215
v -20.3161 19.8246 3.2359
v -20.1920 21.0840 3.2012
v -20.1340 19.8035 3.1215
v -20.1920 21.0840 3.2012
v -20.0099 21.0629 3.0868
vt 0.00000 1.00000
vt 0.00000 1.00000
vt 0.00000 1.00000
vt 0.00000 1.00000
vt 0.00000 1.00000
vt 0.00000 1.00000
vt 0.00000 1.00000
vt 0.00000 1.00000
vt 0.00000 1.00000
vt 0.00000 1.00000
vt 0.00000 1.00000
vt 0.00000 1.00000
vt 0.00000 1.00000
vt 0.00000 1.00000
vt 0.00000 1.00000
vt 0.00000 1.00000
vt 0.00000 1.00000
vt 0.00000 1.00000
vt 0.00000 1.00000
vt 0.00000 1.00000
vt 0.00000 1.00000
vt 0.00000 1.00000
vt 0.00000 1.00000
vt 0.00000 1.00000
vt 0.00000 1.00000
vt 0.00000 1.00000
vt 0.00000 1.00000
vt 0.00000 1.00000
vt 0.00000 1.00000
vt 0.00000 1.00000
vt 0.00000 1.00000
vt 0.00000 1.00000
vt 0.00000 1.00000
vt 0.00000 1.00000
vt 0.00000 1.00000
vt 0.00000 1.00000
vt 0.00000 1.00000
vt 0.00000 1.00000
vt 0.00000 1.00000
vt 0.00000 1.00000
vt 0.00000 1.00000
vt 0.00000 1.00000
vt 0.00000 1.00000
vt 0.00000 1.00000
vt 0.00000 1.00000
vt 0.00000 1.00000
vt 0.00000 1.00000
vt 0.00000 1.00000
vt 0.00000 1.00000
vt 0.00000 1.00000
vt 0.00000 1.00000
vt 0.00000 1.00000
vt 0.00000 1.00000
vt 0.00000 1.00000
vt 0.00000 1.00000
vt 0.00000 1.00000
vt 0.00000 1.00000
vt 0.00000 1.00000
vt 0.00000 1.00000
vt 0.00000 1.00000
vt 0.00000 1.00000
vt 0.00000 1.00000
vt 0.00000 1.00000
vt 0.00000 1.00000
vt 0.00000 1.00000
vt 0.00000 1.00000
vt 0.00000 1.00000
vt 0.00000 1.00000
vt 0.00000 1.00000
vt 0.00000 1.00000
vt 0.00000 1.00000
vt 0.00000 1.00000
vt 0.00000 1.00000
vt 0.00000 1.00000
vt 0.00000 1.00000
vt 0.00000 1.00000
vt 0.00000 1.00000
vt 0.00000 1.00000
vt 0.00000 1.00000
vt 0.00000 1.00000
vt 0.00000 1.00000
vt 0.00000 1.00000
vt 0.00000 1.00000
vt 0.00000 1.00000
vt 0.00000 1.00000
vt 0.00000 1.00000
vt 0.00000 1.00000
vt 0.00000 1.00000
vt 0.00000 1.00000
vt 0.00000 1.00000
vt 0.00000 1.00000
vt 0.00000 1.00000
vt 0.00000 1.00000
vt 0.00000 1.00000
vt 0.00000 1.00000
vt 0.00000 1.00000
vt 0.00000 1.00000
vt 0.00000 1.00000
vt 0.00000 1.00000
vt 0.00000 1.00000
vt 0.00000 1.00000
vt 0.00000 1.00000
vt 0.00000 1.00000
vt 0.00000 1.00000
vt 0.00000 1.00000
vt 0.00000 1.00000
vt 0.00000 1.00000
vt 0.00000 1.00000
vt 0.00000 1.00000
vt 0.00000 1.00000
vt 0.00000 1.00000
vt 0.00000 1.00000
vt 0.00000 1.00000
vt 0.00000 1.00000
vt 0.00000 1.00000
vt 0.00000 1.00000
vt 0.00000 1.00000
vt 0.00000 1.00000
vt 0.00000 1.00000
vt 0.00000 1.00000
vt 0.00000 1.00000
vt 0.00000 1.00000
vt 0.00000 1.00000
vt 0.00000 1.00000
vt 0.00000 1.00000
vt 0.00000 1.00000
vt 0.00000 1.00000
vt 0.00000 1.00000
vt 0.00000 1.00000
vt 0.00000 1.00000
vt 0.00000 1.00000
vt 0.00000 1.00000
vt 0.00000 1.00000
vt 0.00000 1.00000
vt 0.00000 1.00000
vt 0.00000 1.00000
vt 0.00000 1.00000
vt 0.00000 1.00000
vt 0.00000 1.00000
vt 0.00000 1.00000
vt 0.00000 1.00000
vt 0.00000 1.00000
vt 0.00000 1.00000
vt 0.00000 1.00000
vt 0.00000 1.00000
vt 0.00000 1.00000
vt 0.00000 1.00000
vt 0.00000 1.00000
vt 0.00000 1.00000
vt 0.00000 1.00000
vt 0.00000 1.00000
vt 0.00000 1.00000
vt 0.00000 1.00000
vt 0.00000 1.00000
vt 0.00000 1.00000
vt 0.00000 1.00000
vt 0.00000 1.00000
vt 0.00000 1.00000
vt 0.00000 1.00000
vt 0.00000 1.00000
vt 0.00000 1.00000
vt 0.00000 1.00000
vt 0.00000 1.00000
vt 0.00000 1.00000
vt 0.00000 1.00000
vt 0.00000 1.00000
vt 0.00000 1.00000
vt 0.00000 1.00000
vt 0.00000 1.00000
vt 0.00000 1.00000
vt 0.00000 1.00000
vt 0.00000 1.00000
vt 0.00000 1.00000
vt 0.00000 1.00000
vt 0.00000 1.00000
vt 0.00000 1.00000
vt 0.00000 1.00000
vt 0.00000 1.00000
vt 0.00000 1.00000
vt 0.00000 1.00000
vt 0.00000 1.00000
vt 0.00000 1.00000
vt 0.00000 1.00000
vt 0.00000 1.00000
vt 0.00000 1.00000
vt 0.00000 1.00000
vt 0.00000 1.00000
vt 0.00000 1.00000
vt 0.00000 1.00000
vt 0.00000 1.00000
vt 0.00000 1.00000
vt 0.00000 1.00000
vt 0.00000 1.00000
vt 0.00000 1.00000
vt 0.00000 1.00000
vt 0.00000 1.00000
vt 0.00000 1.00000
vt 0.00000 1.00000
vt 0.00000 1.00000
vt 0.00000 1.00000
vt 0.00000 1.00000
vt 0.00000 1.00000
vt 0.00000 1.00000
vt 0.00000 1.00000
vt 0.00000 1.00000
vt 0.00000 1.00000
vt 0.00000 1.00000
vt 0.00000 1.00000
vt 0.00000 1.00000
vt 0.00000 1.00000
vt 0.00000 1.00000
vt 0.00000 1.00000
vt 0.00000 1.00000
vt 0.00000 1.00000
vt 0.00000 1.00000
vt 0.00000 1.00000
vt 0.00000 1.00000
vt 0.00000 1.00000
vt 0.00000 1.00000
vt 0.00000 1.00000
vt 0.00000 1.00000
vt 0.00000 1.00000
vt 0.00000 1.00000
vt 0.00000 1.00000
vt 0.00000 1.00000
vt 0.00000 1.00000
vt 0.00000 1.00000
vt 0.00000 1.00000
vt 0.00000 1.00000
vt 0.00000 1.00000
vt 0.00000 1.00000
vt 0.00000 1.00000
vt 0.00000 1.00000
vt 0.00000 1.00000
vt 0.00000 1.00000
vt 0.00000 1.00000
vt 0.00000 1.00000
vt 0.00000 1.00000
vt 0.00000 1.00000
vt 0.00000 1.00000
vt 0.00000 1.00000
vt 0.00000 1.00000
vt 0.00000 1.00000
vt 0.00000 1.00000
vt 0.00000 1.00000
vt 0.00000 1.00000
vt 0.00000 1.00000
vt 0.00000 1.00000
vt 0.00000 1.00000
vt 0.00000 1.00000
vt 0.00000 1.00000
vt 0.00000 1.00000
vt 0.00000 1.00000
vt 0.00000 1.00000
vt 0.00000 1.00000
vt 0.00000 1.00000
vt 0.00000 1.00000
vt 0.00000 1.00000
vt 0.00000 1.00000
vt 0.00000 1.00000
vt 0.00000 1.00000
vt 0.00000 1.00000
vt 0.00000 1.00000
vt 0.00000 1.00000
vt 0.00000 1.00000
vt 0.00000 1.00000
vt 0.00000 1.00000
vt 0.00000 1.00000
vt 0.00000 1.00000
vt 0.00000 1.00000
vt 0.00000 1.00000
vt 0.00000 1.00000
vt 0.00000 1.00000
vt 0.00000 1.00000
vt 0.00000 1.00000
vt 0.00000 1.00000
vt 0.00000 1.00000
vt 0.00000 1.00000
vt 0.00000 1.00000
vt 0.00000 1.00000
vt 0.00000 1.00000
vt 0.00000 1.00000
vt 0.00000 1.00000
vt 0.00000 1.00000
vt 0.00000 1.00000
vt 0.00000 1.00000
vt 0.00000 1.00000
vt 0.00000 1.00000
vt 0.00000 1.00000
vt 0.00000 1.00000
vt 0.00000 1.00000
vt 0.00000 1.00000
vt 0.00000 1.00000
vt 0.00000 1.00000
vt 0.00000 1.00000
vt 0.00000 1.00000
vt 0.00000 1.00000
vt 0.00000 1.00000
vt 0.00000 1.00000
vt 0.00000 1.00000
vt 0.00000 1.00000
vt 0.00000 1.00000
vt 0.00000 1.00000
vt 0.00000 1.00000
vt 0.00000 1.00000
vt 0.00000 1.00000
vt 0.00000 1.00000
vt 0.00000 1.00000
vt 0.00000 1.00000
vt 0.00000 1.00000
vt 0.00000 1.00000
vt 0.00000 1.00000
vt 0.00000 1.00000
vt 0.00000 1.00000
vt 0.00000 1.00000
vt 0.00000 1.00000
vt 0.00000 1.00000
vt 0.00000 1.00000
vt 0.00000 1.00000
vt 0.00000 1.00000
vt 0.00000 1.00000
vt 0.00000 1.00000
vt 0.00000 1.00000
vt 0.00000 1.00000
vt 0.00000 1.00000
vt 0.00000 1.00000
vt 0.00000 1.00000
vt 0.00000 1.00000
vt 0.00000 1.00000
vt 0.00000 1.00000
vt 0.00000 1.00000
vt 0.00000 1.00000
vt 0.00000 1.00000
vt 0.00000 1.00000
vt 0.00000 1.00000
vt 0.00000 1.00000
vt 0.00000 1.00000
vt 0.00000 1.00000
vt 0.00000 1.00000
vt 0.00000 1.00000
vt 0.00000 1.00000
vt 0.00000 1.00000
vt 0.00000 1.00000
vt 0.00000 1.00000
vt 0.00000 1.00000
vt 0.00000 1.00000
vt 0.00000 1.00000
vt 0.00000 1.00000
vt 0.00000 1.00000
vt 0.00000 1.00000
vt 0.00000 1.00000
vt 0.00000 1.00000
vt 0.00000 1.00000
vt 0.00000 1.00000
vt 0.00000 1.00000
vt 0.00000 1.00000
vt 0.00000 1.00000
vt 0.00000 1.00000
vt 0.00000 1.00000
vt 0.00000 1.00000
vt 0.00000 1.00000
vt 0.00000 1.00000
vt 0.00000 1.00000
vt 0.00000 1.00000
vt 0.00000 1.00000
vt 0.00000 1.00000
vt 0.00000 1.00000
vt 0.00000 1.00000
vt 0.00000 1.00000
vt 0.00000 1.00000
vt 0.00000 1.00000
vt 0.00000 1.00000
vt 0.00000 1.00000
vt 0.00000 1.00000
vt 0.00000 1.00000
vt 0.00000 1.00000
vt 0.00000 1.00000
vt 0.00000 1.00000
vt 0.00000 1.00000
vt 0.00000 1.00000
vt 0.00000 1.00000
vt 0.00000 1.00000
vt 0.00000 1.00000
vt 0.00000 1.00000
vt 0.00000 1.00000
vt 0.00000 1.00000
vt 0.00000 1.00000
vt 0.00000 1.00000
vt 0.00000 1.00000
vt 0.00000 1.00000
vt 0.00000 1.00000
vt 0.00000 1.00000
vt 0.00000 1.00000
vt 0.00000 1.00000
vt 0.00000 1.00000
vt 0.00000 1.00000
vt 0.00000 1.00000
vt 0.00000 1.00000
vt 0.00000 1.00000
vt 0.00000 1.00000
vt 0.00000 1.00000
vt 0.00000 1.00000
vt 0.00000 1.00000
vt 0.00000 1.00000
vt 0.00000 1.00000
vt 0.00000 1.00000
vt 0.00000 1.00000
vt 0.00000 1.00000
vt 0.00000 1.00000
vt 0.00000 1.00000
vt 0.00000 1.00000
vt 0.00000 1.00000
vt 0.00000 1.00000
vt 0.00000 1.00000
vt 0.00000 1.00000
vt 0.00000 1.00000
vt 0.00000 1.00000
vt 0.00000 1.00000
vt 0.00000 1.00000
vt 0.00000 1.00000
vt 0.00000 1.00000
vt 0.00000 1.00000
vt 0.00000 1.00000
vt 0.00000 1.00000
vt 0.00000 1.00000
vt 0.00000 1.00000
vt 0.00000 1.00000
vt 0.00000 1.00000
vt 0.00000 1.00000
vt 0.00000 1.00000
vt 0.00000 1.00000
vt 0.00000 1.00000
vt 0.00000 1.00000
vt 0.00000 1.00000
vt 0.00000 1.00000
vt 0.00000 1.00000
vt 0.00000 1.00000
vt 0.00000 1.00000
vt 0.00000 1.00000
vt 0.00000 1.00000
vt 0.00000 1.00000
vt 0.00000 1.00000
vt 0.00000 1.00000
vt 0.00000 1.00000
vt 0.00000 1.00000
vt 0.00000 1.00000
vt 0.00000 1.00000
vt 0.00000 1.00000
vt 0.00000 1.00000
vt 0.00000 1.00000
vt 0.00000 1.00000
vt 0.00000 1.00000
vt 0.00000 1.00000
vt 0.00000 1.00000
vt 0.00000 1.00000
vt 0.00000 1.00000
vt 0.00000 1.00000
vt 0.00000 1.00000
vt 0.00000 1.00000
vt 0.00000 1.00000
vt 0.00000 1.00000
vt 0.00000 1.00000
vt 0.00000 1.00000
vt 0.00000 1.00000
vt 0.00000 1.00000
vt 0.00000 1.00000
vt 0.00000 1.00000
vt 0.00000 1.00000
vt 0.00000 1.00000
vt 0.00000 1.00000
vt 0.00000 1.00000
vt 0.00000 1.00000
vt 0.00000 1.00000
vt 0.00000 1.00000
vt 0.00000 1.00000
vt 0.00000 1.00000
vt 0.00000 1.00000
vt 0.00000 1.00000
vt 0.00000 1.00000
vt 0.00000 1.00000
vt 0.00000 1.00000
vt 0.00000 1.00000
vt 0.00000 1.00000
vt 0.00000 1.00000
vt 0.00000 1.00000
vt 0.00000 1.00000
vt 0.00000 1.00000
vt 0.00000 1.00000
vt 0.00000 1.00000
vt 0.00000 1.00000
vt 0.00000 1.00000
vt 0.00000 1.00000
vt 0.00000 1.00000
vt 0.00000 1.00000
vt 0.00000 1.00000
vt 0.00000 1.00000
vt 0.00000 1.00000
vt 0.00000 1.00000
vt 0.00000 1.00000
vt 0.00000 1.00000
vt 0.00000 1.00000
vt 0.00000 1.00000
vt 0.00000 1.00000
vt 0.00000 1.00000
vt 0.00000 1.00000
vt 0.00000 1.00000
vt 0.00000 1.00000
vt 0.00000 1.00000
vt 0.00000 1.00000
vt 0.00000 1.00000
vt 0.00000 1.00000
vt 0.00000 1.00000
vt 0.00000 1.00000
vt 0.00000 1.00000
vt 0.00000 1.00000
vt 0.00000 1.00000
vt 0.00000 1.00000
vt 0.00000 1.00000
vt 0.00000 1.00000
vt 0.00000 1.00000
vt 0.00000 1.00000
vt 0.00000 1.00000
vt 0.00000 1.00000
vt 0.00000 1.00000
vt 0.00000 1.00000
vt 0.00000 1.00000
vt 0.00000 1.00000
vt 0.00000 1.00000
vt 0.00000 1.00000
vt 0.00000 1.00000
vt 0.00000 1.00000
vt 0.00000 1.00000
vt 0.00000 1.00000
vt 0.00000 1.00000
vt 0.00000 1.00000
vt 0.00000 1.00000
vt 0.00000 1.00000
vt 0.00000 1.00000
vt 0.00000 1.00000
vt 0.00000 1.00000
vt 0.00000 1.00000
vt 0.00000 1.00000
vt 0.00000 1.00000
vt 0.00000 1.00000
vt 0.00000 1.00000
vt 0.00000 1.00000
vt 0.00000 1.00000
vt 0.00000 1.00000
vt 0.00000 1.00000
vt 0.00000 1.00000
vt 0.00000 1.00000
vt 0.00000 1.00000
vt 0.00000 1.00000
vt 0.00000 1.00000
vt 0.00000 1.00000
vt 0.00000 1.00000
vt 0.00000 1.00000
vt 0.00000 1.00000
vt 0.00000 1.00000
vt 0.00000 1.00000
vt 0.00000 1.00000
vt 0.00000 1.00000
vt 0.00000 1.00000
vt 0.00000 1.00000
vt 0.00000 1.00000
vt 0.00000 1.00000
vt 0.00000 1.00000
vt 0.00000 1.00000
vt 0.00000 1.00000
vt 0.00000 1.00000
vt 0.00000 1.00000
vt 0.00000 1.00000
vt 0.00000 1.00000
vt 0.00000 1.00000
vt 0.00000 1.00000
vt 0.00000 1.00000
vt 0.00000 1.00000
vt 0.00000 1.00000
vt 0.00000 1.00000
vt 0.00000 1.00000
vt 0.00000 1.00000
vt 0.00000 1.00000
vt 0.00000 1.00000
vt 0.00000 1.00000
vt 0.00000 1.00000
vt 0.00000 1.00000
vt 0.00000 1.00000
vt 0.00000 1.00000
vt 0.00000 1.00000
vt 0.00000 1.00000
vt 0.00000 1.00000
vt 0.00000 1.00000
vt 0.00000 1.00000
vt 0.00000 1.00000
vt 0.00000 1.00000
vt 0.00000 1.00000
vt 0.00000 1.00000
vt 0.00000 1.00000
vt 0.00000 1.00000
vt 0.00000 1.00000
vt 0.00000 1.00000
vt 0.00000 1.00000
vt 0.00000 1.00000
vt 0.00000 1.00000
vt 0.00000 1.00000
vt 0.00000 1.00000
vt 0.00000 1.00000
vt 0.00000 1.00000
vt 0.00000 1.00000
vt 0.00000 1.00000
vt 0.00000 1.00000
vt 0.00000 1.00000
vt 0.00000 1.00000
vt 0.00000 1.00000
vt 0.00000 1.00000
vt 0.00000 1.00000
vt 0.00000 1.00000
vt 0.00000 1.00000
vt 0.00000 1.00000
vt 0.00000 1.00000
vt 0.00000 1.00000
vt 0.00000 1.00000
vt 0.00000 1.00000
vt 0.00000 1.00000
vt 0.00000 1.00000
vt 0.00000 1.00000
vt 0.00000 1.00000
vt 0.00000 1.00000
vt 0.00000 1.00000
vt 0.00000 1.00000
vt 0.00000 1.00000
vt 0.00000 1.00000
vt 0.00000 1.00000
vt 0.00000 1.00000
vt 0.00000 1.00000
vt 0.00000 1.00000
vt 0.00000 1.00000
vt 0.00000 1.00000
vt 0.00000 1.00000
vt 0.00000 1.00000
vt 0.00000 1.00000
vt 0.00000 1.00000
vt 0.00000 1.00000
vt 0.00000 1.00000
vt 0.00000 1.00000
vt 0.00000 1.00000
vt 0.00000 1.00000
vt 0.00000 1.00000
vt 0.00000 1.00000
vt 0.00000 1.00000
vt 0.00000 1.00000
vt 0.00000 1.00000
vt 0.00000 1.00000
vt 0.00000 1.00000
vt 0.00000 1.00000
vt 0.00000 1.00000
vt 0.00000 1.00000
vt 0.00000 1.00000
vt 0.00000 1.00000
vt 0.00000 1.00000
vt 0.00000 1.00000
vt 0.00000 1.00000
vt 0.00000 1.00000
vt 0.00000 1.00000
vt 0.00000 1.00000
vt 0.00000 1.00000
vt 0.00000 1.00000
vt 0.00000 1.00000
vt 0.00000 1.00000
vt 0.00000 1.00000
vt 0.00000 1.00000
vt 0.00000 1.00000
vt 0.00000 1.00000
vt 0.00000 1.00000
vt 0.00000 1.00000
vt 0.00000 1.00000
vt 0.00000 1.00000
vt 0.00000 1.00000
vt 0.00000 1.00000
vt 0.00000 1.00000
vt 0.00000 1.00000
vt 0.00000 1.00000
vt 0.00000 1.00000
vt 0.00000 1.00000
vt 0.00000 1.00000
vt 0.00000 1.00000
vt 0.00000 1.00000
vt 0.00000 1.00000
vt 0.00000 1.00000
vt 0.00000 1.00000
vt 0.00000 1.00000
vt 0.00000 1.00000
vt 0.00000 1.00000
vt 0.00000 1.00000
vt 0.00000 1.00000
vt 0.00000 1.00000
vt 0.00000 1.00000
vt 0.00000 1.00000
vt 0.00000 1.00000
vt 0.00000 1.00000
vt 0.00000 1.00000
vt 0.00000 1.00000
vt 0.00000 1.00000
vt 0.00000 1.00000
vt 0.00000 1.00000
vt 0.00000 1.00000
vt 0.00000 1.00000
vt 0.00000 1.00000
vt 0.00000 1.00000
vt 0.00000 1.00000
vt 0.00000 1.00000
vt 0.00000 1.00000
vt 0.00000 1.00000
vt 0.00000 1.00000
vt 0.00000 1.00000
vt 0.00000 1.00000
vt 0.00000 1.00000
vt 0.00000 1.00000
vt 0.00000 1.00000
vt 0.00000 1.00000
vt 0.00000 1.00000
vt 0.00000 1.00000
vt 0.00000 1.00000
vt 0.00000 1.00000
vt 0.00000 1.00000
vt 0.00000 1.00000
vt 0.00000 1.00000
vt 0.00000 1.00000
vt 0.00000 1.00000
vt 0.00000 1.00000
vt 0.00000 1.00000
vt 0.00000 1.00000
vt 0.00000 1.00000
vt 0.00000 1.00000
vt 0.00000 1.00000
vt 0.00000 1.00000
vt 0.00000 1.00000
vt 0.00000 1.00000
vt 0.00000 1.00000
vt 0.00000 1.00000
vt 0.00000 1.00000
vt 0.00000 1.00000
vt 0.00000 1.00000
vt 0.00000 1.00000
vt 0.00000 1.00000
vt 0.00000 1.00000
vt 0.00000 1.00000
vt 0.00000 1.00000
vt 0.00000 1.00000
vt 0.00000 1.00000
vt 0.00000 1.00000
vt 0.00000 1.00000
vt 0.00000 1.00000
vt 0.00000 1.00000
vt 0.00000 1.00000
vt 0.00000 1.00000
vt 0.00000 1.00000
vt 0.00000 1.00000
vt 0.00000 1.00000
vt 0.00000 1.00000
vt 0.00000 1.00000
vt 0.00000 1.00000
vt 0.00000 1.00000
vt 0.00000 1.00000
vt 0.00000 1.00000
vt 0.00000 1.00000
vt 0.00000 1.00000
vt 0.00000 1.00000
vt 0.00000 1.00000
vt 0.00000 1.00000
vt 0.00000 1.00000
vt 0.00000 1.00000
vt 0.00000 1.00000
vt 0.00000 1.00000
vt 0.00000 1.00000
vt 0.00000 1.00000
vt 0.00000 1.00000
vt 0.00000 1.00000
vt 0.00000 1.00000
vt 0.00000 1.00000
vt 0.00000 1.00000
vt 0.00000 1.00000
vt 0.00000 1.00000
vt 0.00000 1.00000
vt 0.00000 1.00000
vt 0.00000 1.00000
vt 0.00000 1.00000
vt 0.00000 1.00000
vt 0.00000 1.00000
vt 0.00000 1.00000
vt 0.00000 1.00000
vt 0.00000 1.00000
vt 0.00000 1.00000
vt 0.00000 1.00000
vt 0.00000 1.00000
vt 0.00000 1.00000
vt 0.00000 1.00000
vt 0.00000 1.00000
vt 0.00000 1.00000
vt 0.00000 1.00000
vt 0.00000 1.00000
vt 0.00000 1.00000
vt 0.00000 1.00000
vt 0.00000 1.00000
vt 0.00000 1.00000
vt 0.00000 1.00000
vt 0.00000 1.00000
vt 0.00000 1.00000
vt 0.00000 1.00000
vt 0.00000 1.00000
vt 0.00000 1.00000
vt 0.00000 1.00000
vt 0.00000 1.00000
vt 0.00000 1.00000
vt 0.00000 1.00000
vt 0.00000 1.00000
vt 0.00000 1.00000
vt 0.00000 1.00000
vt 0.00000 1.00000
vt 0.00000 1.00000
vt 0.00000 1.00000
vt 0.00000 1.00000
vt 0.00000 1.00000
vt 0.00000 1.00000
vt 0.00000 1.00000
vt 0.00000 1.00000
vt 0.00000 1.00000
vt 0.00000 1.00000
vt 0.00000 1.00000
vt 0.00000 1.00000
vt 0.00000 1.00000
vt 0.00000 1.00000
vt 0.00000 1.00000
vt 0.00000 1.00000
vt 0.00000 1.00000
vt 0.00000 1.00000
vt 0.00000 1.00000
vt 0.00000 1.00000
vt 0.00000 1.00000
vt 0.00000 1.00000
vt 0.00000 1.00000
vt 0.00000 1.00000
vt 0.00000 1.00000
vt 0.00000 1.00000
vt 0.00000 1.00000
vt 0.00000 1.00000
vt 0.00000 1.00000
vt 0.00000 1.00000
vt 0.00000 1.00000
vt 0.00000 1.00000
vt 0.00000 1.00000
vt 0.00000 1.00000
vt 0.00000 1.00000
vt 0.00000 1.00000
vt 0.00000 1.00000
vt 0.00000 1.00000
vt 0.00000 1.00000
vt 0.00000 1.00000
vt 0.00000 1.00000
vt 0.00000 1.00000
vt 0.00000 1.00000
vt 0.00000 1.00000
vt 0.00000 1.00000
vt 0.00000 1.00000
vt 0.00000 1.00000
vt 0.00000 1.00000
vt 0.00000 1.00000
vt 0.00000 1.00000
vt 0.00000 1.00000
vt 0.00000 1.00000
vt 0.00000 1.00000
vt 0.00000 1.00000
vt 0.00000 1.00000
vt 0.00000 1.00000
vt 0.00000 1.00000
vt 0.00000 1.00000
vt 0.00000 1.00000
vt 0.00000 1.00000
vt 0.00000 1.00000
vt 0.00000 1.00000
vt 0.00000 1.00000
vt 0.00000 1.00000
vt 0.00000 1.00000
vt 0.00000 1.00000
vt 0.00000 1.00000
vt 0.00000 1.00000
vt 0.00000 1.00000
vt 0.00000 1.00000
vt 0.00000 1.00000
vt 0.00000 1.00000
vt 0.00000 1.00000
vt 0.00000 1.00000
vt 0.00000 1.00000
vt 0.00000 1.00000
vt 0.00000 1.00000
vt 0.00000 1.00000
vt 0.00000 1.00000
vt 0.00000 1.00000
vt 0.00000 1.00000
vt 0.00000 1.00000
vt 0.00000 1.00000
vt 0.00000 1.00000
vt 0.00000 1.00000
vt 0.00000 1.00000
vt 0.00000 1.00000
vt 0.00000 1.00000
vt 0.00000 1.00000
vt 0.00000 1.00000
vt 0.00000 1.00000
vt 0.00000 1.00000
vt 0.00000 1.00000
vt 0.00000 1.00000
usemtl bark
f 1/1 2/2 3/3
f 4/4 5/5 6/6
f 7/7 8/8 9/9
f 10/10 11/11 12/12
f 13/13 14/14 15/15
f 16/16 17/17 18/18
f 19/19 20/20 21/21
f 22/22 23/23 24/24
f 25/25 26/26 27/27
f 28/28 29/29 30/30
f 31/31 32/32 33/33
f 34/34 35/35 36/36
f 37/37 38/38 39/39
f 40/40 41/41 42/42
f 43/43 44/44 45/45
f 46/46 47/47 48/48
f 49/49 50/50 51/51
f 52/52 53/53 54/54
f 55/55 56/56 57/57
f 58/58 59/59 60/60
f 61/61 62/62 63/63
f 64/64 65/65 66/66
f 67/67 68/68 69/69
f 70/70 71/71 72/72
f 73/73 74/74 75/75
f 76/76 77/77 78/78
f 79/79 80/80 81/81
f 82/82 83/83 84/84
f 85/85 86/86 87/87
f 88/88 89/89 90/90
f 91/91 92/92 93/93
f 94/94 95/95 96/96
f 97/97 98/98 99/99
f 100/100 101/101 102/102
f 103/103 104/104 105/105
f 106/106 107/107 108/108
f 109/109 110/110 111/111
f 112/112 113/113 114/114
f 115/115 116/116 117/117
f 118/118 119/119 120/120
f 121/121 122/122 123/123
f 124/124 125/125 126/126
f 127/127 128/128 129/129
f 130/130 131/131 132/132
f 133/133 134/134 135/135
f 136/136 137/137 138/138
f 139/139 140/140 141/141
f 142/142 143/143 144/144
f 145/145 146/146 147/147
f 148/148 149/149 150/150
f 151/151 152/152 153/153
f 154/154 155/155 156/156
f 157/157 158/158 159/159
f 160/160 161/161 162/162
f 163/163 164/164 165/165
f 166/166 167/167 168/168
f 169/169 170/170 171/171
f 172/172 173/173 174/174
f 175/175 176/176 177/177
f 178/178 179/179 180/180
f 181/181 182/182 183/183
f 184/184 185/185 186/186
f 187/187 188/188 189/189
f 190/190 191/191 192/192
f 193/193 194/194 195/195
f 196/196 197/197 198/198
f 199/199 200/200 201/201
f 202/202 203/203 204/204
f 205/205 206/206 207/207
f 208/208 209/209 210/210
f 211/211 212/212 213/213
f 214/214 215/215 216/216
f 217/217 218/218 219/219
f 220/220 221/221 222/222
f 223/223 224/224 225/225
f 226/226 227/227 228/228
f 229/229 230/230 231/231
f 232/232 233/233 234/234
f 235/235 236/236 237/237
f 238/238 239/239 240/240
f 241/241 242/242 243/243
f 244/244 245/245 246/246
f 247/247 248/248 249/249
f 250/250 251/251 252/252
f 253/253 254/254 255/255
f 256/256 257/257 258/258
f 259/259 260/260 261/261
f 262/262 263/263 264/264
f 265/265 266/266 267/267
f 268/268 269/269 270/270
f 271/271 272/272 273/273
f 274/274 275/275 276/276
f 277/277 278/278 279/279
f 280/280 281/281 282/282
f 283/283 284/284 285/285
f 286/286 287/287 288/288
f 289/289 290/290 291/291
f 292/292 293/293 294/294
f 295/295 296/296 297/297
f 298/298 299/299 300/300
f 301/301 302/302 303/303
f 304/304 305/305 306/306
f 307/307 308/308 309/309
f 310/310 311/311 312/312
f 313/313 314/314 315/315
f 316/316 317/317 318/318
f 319/319 320/320 321/321
f 322/322 323/323 324/324
f 325/325 326/326 327/327
f 328/328 329/329 330/330
f 331/331 332/332 333/333
f 334/334 335/335 336/336
f 337/337 338/338 339/339
f 340/340 341/341 342/342
f 343/343 344/344 345/345
f 346/346 347/347 348/348
f 349/349 350/350 351/351
f 352/352 353/353 354/354
f 355/355 356/356 357/357
f 358/358 359/359 360/360
f 361/361 362/362 363/363
f 364/364 365/365 366/366
f 367/367 368/368 369/369
f 370/370 371/371 372/372
f 373/373 374/374 375/375
f 376/376 377/377 378/378
f 379/379 380/380 381/381
f 382/382 383/383 384/384
f 385/385 386/386 387/387
f 388/388 389/389 390/390
f 391/391 392/392 393/393
f 394/394 395/395 396/396
f 397/397 398/398 399/399
f 400/400 401/401 402/402
f 403/403 404/404 405/405
f 406/406 407/407 408/408
f 409/409 410/410 411/411
f 412/412 413/413 414/414
f 415/415 416/416 417/417
f 418/418 419/419 420/420
f 421/421 422/422 423/423
f 424/424 425/425 426/426
f 427/427 428/428 429/429
f 430/430 431/431 432/432
f 433/433 434/434 435/435
f 436/436 437/437 438/438
f 439/439 440/440 441/441
f 442/442 443/443 444/444
f 445/445 446/446 447/447
f 448/448 449/449 450/450
f 451/451 452/452 453/453
f 454/454 455/455 456/456
f 457/457 458/458 459/459
f 460/460 461/461 462/462
f 463/463 464/464 465/465
f 466/466 467/467 468/468
f 469/469 470/470 471/471
f 472/472 473/473 474/474
f 475/475 476/476 477/477
f 478/478 479/479 480/480
f 481/481 482/482 483/483
f 484/484 485/485 486/486
f 487/487 488/488 489/489
f 490/490 491/491 492/492
f 493/493 494/494 495/495
f 496/496 497/497 498/498
f 499/499 500/500 501/501
f 502/502 503/503 504/504
f 505/505 506/506 507/507
f 508/508 509/509 510/510
f 511/511 512/512 513/513
f 514/514 515/515 516/516
f 517/517 518/518 519/519
f 520/520 521/521 522/522
f 523/523 524/524 525/525
f 526/526 527/527 528/528
f 529/529 530/530 531/531
f 532/532 533/533 534/534
f 535/535 536/536 537/537
f 538/538 539/539 540/540
f 541/541 542/542 543/543
f 544/544 545/545 546/546
f 547/547 548/548 549/549
f 550/550 551/551 552/552
f 553/553 554/554 555/555
f 556/556 557/557 558/558
f 559/559 560/560 561/561
f 562/562 563/563 564/564
f 565/565 566/566 567/567
f 568/568 569/569 570/570
f 571/571 572/572 573/573
f 574/574 575/575 576/576
f 577/577 578/578 579/579
f 580/580 581/581 582/582
f 583/583 584/584 585/585
f 586/586 587/587 588/588
f 589/589 590/590 591/591
f 592/592 593/593 594/594
f 595/595 596/596 597/597
f 598/598 599/599 600/600
f 601/601 602/602 603/603
f 604/604 605/605 606/606
f 607/607 608/608 609/609
f 610/610 611/611 612/612
f 613/613 614/614 615/615
f 616/616 617/617 618/618
f 619/619 620/620 621/621
f 622/622 623/623 624/624
f 625/625 626/626 627/627
f 628/628 629/629 630/630
f 631/631 632/632 633/633
f 634/634 635/635 636/636
f 637/637 638/638 639/639
f 640/640 641/641 642/642
f 643/643 644/644 645/645
f 646/646 647/647 648/648
f 649/649 650/650 651/651
f 652/652 653/653 654/654
f 655/655 656/656 657/657
f 658/658 659/659 660/660
f 661/661 662/662 663/663
f 664/664 665/665 666/666
f 667/667 668/668 669/669
f 670/670 671/671 672/672
f 673/673 674/674 675/675
f 676/676 677/677 678/678
f 679/679 680/680 681/681
f 682/682 683/683 684/684
f 685/685 686/686 687/687
f 688/688 689/689 690/690
f 691/691 692/692 693/693
f 694/694 695/695 696/696
f 697/697 698/698 699/699
f 700/700 701/701 702/702
f 703/703 704/704 705/705
f 706/706 707/707 708/708
f 709/709 710/710 711/711
f 712/712 713/713 714/714
f 715/715 716/716 717/717
f 718/718 719/719 720/720
f 721/721 722/722 723/723
f 724/724 725/725 726/726
f 727/727 728/728 729/729
f 730/730 731/731 732/732
f 733/733 734/734 735/735
f 736/736 737/737 738/738
f 739/739 740/740 741/741
f 742/742 743/743 744/744
f 745/745 746/746 747/747
f 748/748 749/749 750/750
f 751/751 752/752 753/753
f 754/754 755/755 756/756
f 757/757 758/758 759/759
f 760/760 761/761 762/762
f 763/763 764/764 765/765
f 766/766 767/767 768/768
f 769/769 770/770 771/771
f 772/772 773/773 774/774
f 775/775 776/776 777/777
f 778/778 779/779 780/780
f 781/781 782/782 783/783
f 784/784 785/785 786/786
f 787/787 788/788 789/789
f 790/790 791/791 792/792
f 793/793 794/794 795/795
f 796/796 797/797 798/798
f 799/799 800/800 801/801
f 802/802 803/803 804/804
f 805/805 806/806 807/807
f 808/808 809/809 810/810
f 811/811 812/812 813/813
f 814/814 815/815 816/816
f 817/817 818/818 819/819
f 820/820 821/821 822/822
f 823/823 824/824 825/825
f 826/826 827/827 828/828
f 829/829 830/830 831/831
f 832/832 833/833 834/834
f 835/835 836/836 837/837
f 838/838 839/839 840/840
f 841/841 842/842 843/843
f 844/844 845/845 846/846
f 847/847 848/848 849/849
f 850/850 851/851 852/852
f 853/853 854/854 855/855
f 856/856 857/857 858/858
f 859/859 860/860 861/861
f 862/862 863/863 864/864
f 865/865 866/866 867/867
f 868/868 869/869 870/870
f 871/871 872/872 873/873
f 874/874 875/875 876/876
f 877/877 878/878 879/879
f 880/880 881/881 882/882
f 883/883 884/884 885/885
f 886/886 887/887 888/888
f 889/889 890/890 891/891
f 892/892 893/893 894/894
f 895/895 896/896 897/897
f 898/898 899/899 900/900
f 901/901 902/902 903/903
f 904/904 905/905 906/906
f 907/907 908/908 909/909
f 910/910 911/911 912/912
v -46.1273 18.5951 -11.7924
v -45.8375 18.7259 -10.3289
v -47.9713 22.3303 -10.9948
v -45.8375 18.7259 -10.3289
v -48.1364 18.7117 -8.7886
v -47.9713 22.3303 -10.9948
v -48.1364 18.7117 -8.7886
v -49.6684 18.4443 -11.0775
v -47.9713 22.3303 -10.9948
v -49.6684 18.4443 -11.0775
v -47.3694 18.4584 -12.6178
v -47.9713 22.3303 -10.9948
v -47.3694 18.4584 -12.6178
v -46.1273 18.5951 -11.7924
v -47.9713 22.3303 -10.9948
v -46.1273 18.5951 -11.7924
v -48.1364 18.7117 -8.7886
v -45.8375 18.7259 -10.3289
v -46.1273 18.5951 -11.7924
v -49.6684 18.4443 -11.0775
v -48.1364 18.7117 -8.7886
v -46.1273 18.5951 -11.7924
v -47.3694 18.4584 -12.6178
v -49.6684 18.4443 -11.0775
v -46.5804 20.4656 -11.7077
v -47.0080 20.6068 -9.5729
v -48.0804 24.2029 -11.1405
v -47.0080 20.6068 -9.5729
v -49.1438 20.4498 -9.9903
v -48.0804 24.2029 -11.1405
v -49.1438 20.4498 -9.9903
v -48.7162 20.3086 -12.1251
v -48.0804 24.2029 -11.1405
v -48.7162 20.3086 -12.1251
v -46.5804 20.4656 -11.7077
v -48.0804 24.2029 -11.1405
v -46.5804 20.4656 -11.7077
v -49.1438 20.4498 -9.9903
v -47.0080 20.6068 -9.5729
v -46.5804 20.4656 -11.7077
v -48.7162 20.3086 -12.1251
v -49.1438 20.4498 -9.9903
v -46.9029 22.4089 -10.7860
v -48.1852 22.4010 -9.9268
v -48.1896 26.0756 -11.2863
v -48.1852 22.4010 -9.9268
v -49.0397 22.2518 -11.2036
v -48.1896 26.0756 -11.2863
v -49.0397 22.2518 -11.2036
v -47.7574 22.2596 -12.0627
v -48.1896 26.0756 -11.2863
v -47.7574 22.2596 -12.0627
v -46.9029 22.4089 -10.7860
v -48.1896 26.0756 -11.2863
v -46.9029 22.4089 -10.7860
v -49.0397 22.2518 -11.2036
v -48.1852 22.4010 -9.9268
v -46.9029 22.4089 -10.7860
v -47.7574 22.2596 -12.0627
v -49.0397 22.2518 -11.2036
v -27.6387 20.7126 9.0904
v -28.4697 20.7269 8.8954
v -27.7811 22.8591 7.9866
v -28.4697 20.7269 8.8954
v -28.7246 20.7293 7.3385
v -27.7811 22.8591 7.9866
v -28.7246 20.7293 7.3385
v -27.1680 20.7016 7.0836
v -27.7811 22.8591 7.9866
v -27.1680 20.7016 7.0836
v -26.9131 20.6992 8.6405
v -27.7811 22.8591 7.9866
v -26.9131 20.6992 8.6405
v -27.6387 20.7126 9.0904
v -27.7811 22.8591 7.9866
v -27.6387 20.7126 9.0904
v -28.7246 20.7293 7.3385
v -28.4697 20.7269 8.8954
v -27.6387 20.7126 9.0904
v -27.1680 20.7016 7.0836
v -28.7246 20.7293 7.3385
v -27.6387 20.7126 9.0904
v -26.9131 20.6992 8.6405
v -27.1680 20.7016 7.0836
v -27.6579 21.7854 8.8560
v -28.6678 21.8021 8.1301
v -27.7623 23.9315 7.9851
v -28.6678 21.8021 8.1301
v -27.9421 21.7880 7.1201
v -27.7623 23.9315 7.9851
v -27.9421 21.7880 7.1201
v -26.9321 21.7712 7.8460
v -27.7623 23.9315 7.9851
v -26.9321 21.7712 7.8460
v -27.6579 21.7854 8.8560
v -27.7623 23.9315 7.9851
v -27.6579 21.7854 8.8560
v -27.9421 21.7880 7.1201
v -28.6678 21.8021 8.1301
v -27.6579 21.7854 8.8560
v -26.9321 21.7712 7.8460
v -27.9421 21.7880 7.1201
v -28.1442 22.8662 8.4919
v -28.2863 22.8675 7.6235
v -27.7434 25.0040 7.9837
v -28.2863 22.8675 7.6235
v -27.4181 22.8520 7.4813
v -27.7434 25.0040 7.9837
v -27.4181 22.8520 7.4813
v -27.2759 22.8507 8.3497
v -27.7434 25.0040 7.9837
v -27.2759 22.8507 8.3497
v -28.1442 22.8662 8.4919
v -27.7434 25.0040 7.9837
v -28.1442 22.8662 8.4919
v -27.4181 22.8520 7.4813
v -28.2863 22.8675 7.6235
v -28.1442 22.8662 8.4919
v -27.2759 22.8507 8.3497
v -27.4181 22.8520 7.4813
v -40.3727 17.9655 -35.6073
v -39.4262 17.8554 -36.4071
v -38.7097 21.0166 -35.0266
v -39.4262 17.8554 -36.4071
v -37.3870 17.7673 -35.3499
v -38.7097 21.0166 -35.0266
v -37.3870 17.7673 -35.3499
v -38.4353 17.9509 -33.3125
v -38.7097 21.0166 -35.0266
v -38.4353 17.9509 -33.3125
v -40.4745 18.0391 -34.3697
v -38.7097 21.0166 -35.0266
v -40.4745 18.0391 -34.3697
v -40.3727 17.9655 -35.6073
v -38.7097 21.0166 -35.0266
v -40.3727 17.9655 -35.6073
v -37.3870 17.7673 -35.3499
v -39.4262 17.8554 -36.4071
v -40.3727 17.9655 -35.6073
v -38.4353 17.9509 -33.3125
v -37.3870 17.7673 -35.3499
v -40.3727 17.9655 -35.6073
v -40.4745 18.0391 -34.3697
v -38.4353 17.9509 -33.3125
v -39.9571 19.5090 -35.5326
v -38.2357 19.3575 -36.0791
v -38.5991 22.5732 -35.1100
v -38.2357 19.3575 -36.0791
v -37.6833 19.4107 -34.3538
v -38.5991 22.5732 -35.1100
v -37.6833 19.4107 -34.3538
v -39.4047 19.5622 -33.8073
v -38.5991 22.5732 -35.1100
v -39.4047 19.5622 -33.8073
v -39.9571 19.5090 -35.5326
v -38.5991 22.5732 -35.1100
v -39.9571 19.5090 -35.5326
v -37.6833 19.4107 -34.3538
v -38.2357 19.3575 -36.0791
v -39.9571 19.5090 -35.5326
v -39.4047 19.5622 -33.8073
v -37.6833 19.4107 -34.3538
v -38.9860 20.9899 -35.8897
v -37.8486 20.9408 -35.3000
v -38.4886 24.1299 -35.1935
v -37.8486 20.9408 -35.3000
v -38.4333 21.0432 -34.1636
v -38.4886 24.1299 -35.1935
v -38.4333 21.0432 -34.1636
v -39.5708 21.0924 -34.7533
v -38.4886 24.1299 -35.1935
v -39.5708 21.0924 -34.7533
v -38.9860 20.9899 -35.8897
v -38.4886 24.1299 -35.1935
v -38.9860 20.9899 -35.8897
v -38.4333 21.0432 -34.1636
v -37.8486 20.9408 -35.3000
v -38.9860 20.9899 -35.8897
v -39.5708 21.0924 -34.7533
v -38.4333 21.0432 -34.1636
v 0.5276 19.0262 -37.8654
v 0.6967 19.0196 -36.7789
v -0.6176 21.8226 -37.1139
v 0.6967 19.0196 -36.7789
v -1.0377 19.0690 -35.7220
v -0.6176 21.8226 -37.1139
v -1.0377 19.0690 -35.7220
v -2.0941 19.1026 -37.4571
v -0.6176 21.8226 -37.1139
v -2.0941 19.1026 -37.4571
v -0.3598 19.0532 -38.5140
v -0.6176 21.8226 -37.1139
v -0.3598 19.0532 -38.5140
v 0.5276 19.0262 -37.8654
v -0.6176 21.8226 -37.1139
v 0.5276 19.0262 -37.8654
v -1.0377 19.0690 -35.7220
v 0.6967 19.0196 -36.7789
v 0.5276 19.0262 -37.8654
v -2.0941 19.1026 -37.4571
v -1.0377 19.0690 -35.7220
v 0.5276 19.0262 -37.8654
v -0.3598 19.0532 -38.5140
v -2.0941 19.1026 -37.4571
v 0.3087 20.4143 -37.7053
v -0.0692 20.4231 -36.1486
v -0.5771 23.2033 -37.1119
v -0.0692 20.4231 -36.1486
v -1.6252 20.4694 -36.5267
v -0.5771 23.2033 -37.1119
v -1.6252 20.4694 -36.5267
v -1.2472 20.4606 -38.0833
v -0.5771 23.2033 -37.1119
v -1.2472 20.4606 -38.0833
v 0.3087 20.4143 -37.7053
v -0.5771 23.2033 -37.1119
v 0.3087 20.4143 -37.7053
v -1.6252 20.4694 -36.5267
v -0.0692 20.4231 -36.1486
v 0.3087 20.4143 -37.7053
v -1.2472 20.4606 -38.0833
v -1.6252 20.4694 -36.5267
v 0.1607 21.7995 -36.9248
v -0.8067 21.8270 -36.3353
v -0.5366 24.5841 -37.1099
v -0.8067 21.8270 -36.3353
v -1.3960 21.8457 -37.3031
v -0.5366 24.5841 -37.1099
v -1.3960 21.8457 -37.3031
v -0.4286 21.8182 -37.8926
v -0.5366 24.5841 -37.1099
v -0.4286 21.8182 -37.8926
v 0.1607 21.7995 -36.9248
v -0.5366 24.5841 -37.1099
v 0.1607 21.7995 -36.9248
v -1.3960 21.8457 -37.3031
v -0.8067 21.8270 -36.3353
v 0.1607 21.7995 -36.9248
v -0.4286 21.8182 -37.8926
v -1.3960 21.8457 -37.3031
v -15.8546 22.1584 11.7007
v -14.7794 22.0944 11.6636
v -15.1113 24.8121 13.0127
v -14.7794 22.0944 11.6636
v -13.9571 22.0248 13.4760
v -15.1113 24.8121 13.0127
v -13.9571 22.0248 13.4760
v -15.7669 22.1238 14.3010
v -15.1113 24.8121 13.0127
v -15.7669 22.1238 14.3010
v -16.5892 22.1935 12.4885
v -15.1113 24.8121 13.0127
v -16.5892 22.1935 12.4885
v -15.8546 22.1584 11.7007
v -15.1113 24.8121 13.0127
v -15.8546 22.1584 11.7007
v -13.9571 22.0248 13.4760
v -14.7794 22.0944 11.6636
v -15.8546 22.1584 11.7007
v -15.7669 22.1238 14.3010
v -13.9571 22.0248 13.4760
v -15.8546 22.1584 11.7007
v -16.5892 22.1935 12.4885
v -15.7669 22.1238 14.3010
v -15.6507 23.4994 11.9871
v -14.1832 23.4054 12.5376
v -15.0304 26.1636 13.0280
v -14.1832 23.4054 12.5376
v -14.7338 23.4218 14.0080
v -15.0304 26.1636 13.0280
v -14.7338 23.4218 14.0080
v -16.2013 23.5158 13.4574
v -15.0304 26.1636 13.0280
v -16.2013 23.5158 13.4574
v -15.6507 23.4994 11.9871
v -15.0304 26.1636 13.0280
v -15.6507 23.4994 11.9871
v -14.7338 23.4218 14.0080
v -14.1832 23.4054 12.5376
v -15.6507 23.4994 11.9871
v -16.2013 23.5158 13.4574
v -14.7338 23.4218 14.0080
v -14.8359 24.8039 12.2772
v -14.3772 24.7650 13.2881
v -14.9495 27.5151 13.0432
v -14.3772 24.7650 13.2881
v -15.3867 24.8203 13.7483
v -14.9495 27.5151 13.0432
v -15.3867 24.8203 13.7483
v -15.8454 24.8591 12.7373
v -14.9495 27.5151 13.0432
v -15.8454 24.8591 12.7373
v -14.8359 24.8039 12.2772
v -14.9495 27.5151 13.0432
v -14.8359 24.8039 12.2772
v -15.3867 24.8203 13.7483
v -14.3772 24.7650 13.2881
v -14.8359 24.8039 12.2772
v -15.8454 24.8591 12.7373
v -15.3867 24.8203 13.7483
v 17.7323 19.3129 -51.9563
v 18.3089 19.2832 -51.2436
v 17.3221 21.6666 -50.9364
v 18.3089 19.2832 -51.2436
v 17.5036 19.3605 -49.7542
v 17.3221 21.6666 -50.9364
v 17.5036 19.3605 -49.7542
v 16.0168 19.4518 -50.5628
v 17.3221 21.6666 -50.9364
v 16.0168 19.4518 -50.5628
v 16.8221 19.3745 -52.0522
v 17.3221 21.6666 -50.9364
v 16.8221 19.3745 -52.0522
v 17.7323 19.3129 -51.9563
v 17.3221 21.6666 -50.9364
v 17.7323 19.3129 -51.9563
v 17.5036 19.3605 -49.7542
v 18.3089 19.2832 -51.2436
v 17.7323 19.3129 -51.9563
v 16.0168 19.4518 -50.5628
v 17.5036 19.3605 -49.7542
v 17.7323 19.3129 -51.9563
v 16.8221 19.3745 -52.0522
v 16.0168 19.4518 -50.5628
v 17.6915 20.4739 -51.7502
v 18.0714 20.4661 -50.4690
v 17.4018 22.8161 -50.9530
v 18.0714 20.4661 -50.4690
v 16.7935 20.5601 -50.0894
v 17.4018 22.8161 -50.9530
v 16.7935 20.5601 -50.0894
v 16.4136 20.5680 -51.3706
v 17.4018 22.8161 -50.9530
v 16.4136 20.5680 -51.3706
v 17.6915 20.4739 -51.7502
v 17.4018 22.8161 -50.9530
v 17.6915 20.4739 -51.7502
v 16.7935 20.5601 -50.0894
v 18.0714 20.4661 -50.4690
v 17.6915 20.4739 -51.7502
v 16.4136 20.5680 -51.3706
v 16.7935 20.5601 -50.0894
v 17.9614 21.6195 -51.1263
v 17.5122 21.6626 -50.2955
v 17.4814 23.9656 -50.9696
v 17.5122 21.6626 -50.2955
v 16.6829 21.7136 -50.7465
v 17.4814 23.9656 -50.9696
v 16.6829 21.7136 -50.7465
v 17.1320 21.6705 -51.5773
v 17.4814 23.9656 -50.9696
v 17.1320 21.6705 -51.5773
v 17.9614 21.6195 -51.1263
v 17.4814 23.9656 -50.9696
v 17.9614 21.6195 -51.1263
v 16.6829 21.7136 -50.7465
v 17.5122 21.6626 -50.2955
v 17.9614 21.6195 -51.1263
v 17.1320 21.6705 -51.5773
v 16.6829 21.7136 -50.7465
v -19.1169 21.3911 8.5909
v -19.6919 21.3497 7.6901
v -18.4943 24.1198 7.4332
v -19.6919 21.3497 7.6901
v -18.5638 21.4165 6.0689
v -18.4943 24.1198 7.4332
v -18.5638 21.4165 6.0689
v -16.9464 21.5270 7.1990
v -18.4943 24.1198 7.4332
v -16.9464 21.5270 7.1990
v -18.0745 21.4602 8.8201
v -18.4943 24.1198 7.4332
v -18.0745 21.4602 8.8201
v -19.1169 21.3911 8.5909
v -18.4943 24.1198 7.4332
v -19.1169 21.3911 8.5909
v -18.5638 21.4165 6.0689
v -19.6919 21.3497 7.6901
v -19.1169 21.3911 8.5909
v -16.9464 21.5270 7.1990
v -18.5638 21.4165 6.0689
v -19.1169 21.3911 8.5909
v -18.0745 21.4602 8.8201
v -16.9464 21.5270 7.1990
v -19.0357 22.7418 8.3427
v -19.3085 22.7175 6.8088
v -18.5819 25.4605 7.4275
v -19.3085 22.7175 6.8088
v -17.7778 22.8163 6.5350
v -18.5819 25.4605 7.4275
v -17.7778 22.8163 6.5350
v -17.5050 22.8406 8.0689
v -18.5819 25.4605 7.4275
v -17.5050 22.8406 8.0689
v -19.0357 22.7418 8.3427
v -18.5819 25.4605 7.4275
v -19.0357 22.7418 8.3427
v -17.7778 22.8163 6.5350
v -19.3085 22.7175 6.8088
v -19.0357 22.7418 8.3427
v -17.5050 22.8406 8.0689
v -17.7778 22.8163 6.5350
v -19.2600 24.0704 7.5701
v -18.6308 24.1076 6.6659
v -18.6694 26.8012 7.4218
v -18.6308 24.1076 6.6659
v -17.7286 24.1692 7.2962
v -18.6694 26.8012 7.4218
v -17.7286 24.1692 7.2962
v -18.3578 24.1320 8.2005
v -18.6694 26.8012 7.4218
v -18.3578 24.1320 8.2005
v -19.2600 24.0704 7.5701
v -18.6694 26.8012 7.4218
v -19.2600 24.0704 7.5701
v -17.7286 24.1692 7.2962
v -18.6308 24.1076 6.6659
v -19.2600 24.0704 7.5701
v -18.3578 24.1320 8.2005
v -17.7286 24.1692 7.2962
v -39.9284 20.3943 13.3961
v -41.0299 20.3976 13.5091
v -40.6055 23.1859 12.1386
v -41.0299 20.3976 13.5091
v -42.0015 20.4111 11.7086
v -40.6055 23.1859 12.1386
v -42.0015 20.4111 11.7086
v -40.2010 20.4102 10.7369
v -40.6055 23.1859 12.1386
v -40.2010 20.4102 10.7369
v -39.2294 20.3966 12.5374
v -40.6055 23.1859 12.1386
v -39.2294 20.3966 12.5374
v -39.9284 20.3943 13.3961
v -40.6055 23.1859 12.1386
v -39.9284 20.3943 13.3961
v -42.0015 20.4111 11.7086
v -41.0299 20.3976 13.5091
v -39.9284 20.3943 13.3961
v -40.2010 20.4102 10.7369
v -42.0015 20.4111 11.7086
v -39.9284 20.3943 13.3961
v -39.2294 20.3966 12.5374
v -40.2010 20.4102 10.7369
v -40.0688 21.7873 13.1346
v -41.6143 21.7954 12.6725
v -40.6006 24.5770 12.1464
v -41.6143 21.7954 12.6725
v -41.1522 21.8024 11.1270
v -40.6006 24.5770 12.1464
v -41.1522 21.8024 11.1270
v -39.6067 21.7944 11.5891
v -40.6006 24.5770 12.1464
v -39.6067 21.7944 11.5891
v -40.0688 21.7873 13.1346
v -40.6006 24.5770 12.1464
v -40.0688 21.7873 13.1346
v -41.1522 21.8024 11.1270
v -41.6143 21.7954 12.6725
v -40.0688 21.7873 13.1346
v -39.6067 21.7944 11.5891
v -41.1522 21.8024 11.1270
v -40.8367 23.1824 12.9117
v -41.3787 23.1900 11.9074
v -40.5956 25.9680 12.1542
v -41.3787 23.1900 11.9074
v -40.3744 23.1894 11.3654
v -40.5956 25.9680 12.1542
v -40.3744 23.1894 11.3654
v -39.8324 23.1819 12.3697
v -40.5956 25.9680 12.1542
v -39.8324 23.1819 12.3697
v -40.8367 23.1824 12.9117
v -40.5956 25.9680 12.1542
v -40.8367 23.1824 12.9117
v -40.3744 23.1894 11.3654
v -41.3787 23.1900 11.9074
v -40.8367 23.1824 12.9117
v -39.8324 23.1819 12.3697
v -40.3744 23.1894 11.3654
v -31.1821 17.0802 -49.4050
v -32.1119 17.0077 -49.0986
v -32.1905 19.5048 -50.3183
v -32.1119 17.0077 -49.0986
v -33.2940 16.9577 -50.4736
v -32.1905 19.5048 -50.3183
v -33.2940 16.9577 -50.4736
v -31.9240 17.0821 -51.6560
v -32.1905 19.5048 -50.3183
v -31.9240 17.0821 -51.6560
v -30.7418 17.1321 -50.2810
v -32.1905 19.5048 -50.3183
v -30.7418 17.1321 -50.2810
v -31.1821 17.0802 -49.4050
v -32.1905 19.5048 -50.3183
v -31.1821 17.0802 -49.4050
v -33.2940 16.9577 -50.4736
v -32.1119 17.0077 -49.0986
v -31.1821 17.0802 -49.4050
v -31.9240 17.0821 -51.6560
v -33.2940 16.9577 -50.4736
v -31.1821 17.0802 -49.4050
v -30.7418 17.1321 -50.2810
v -31.9240 17.0821 -51.6560
v -31.4451 18.3027 -49.5812
v -32.8680 18.2055 -49.6886
v -32.2767 20.7348 -50.2889
v -32.8680 18.2055 -49.6886
v -32.7632 18.2470 -51.1144
v -32.2767 20.7348 -50.2889
v -32.7632 18.2470 -51.1144
v -31.3403 18.3442 -51.0070
v -32.2767 20.7348 -50.2889
v -31.3403 18.3442 -51.0070
v -31.4451 18.3027 -49.5812
v -32.2767 20.7348 -50.2889
v -31.4451 18.3027 -49.5812
v -32.7632 18.2470 -51.1144
v -32.8680 18.2055 -49.6886
v -31.4451 18.3027 -49.5812
v -31.3403 18.3442 -51.0070
v -32.7632 18.2470 -51.1144
v -32.2429 19.4841 -49.6051
v -32.9023 19.4562 -50.3721
v -32.3630 21.9648 -50.2594
v -32.9023 19.4562 -50.3721
v -32.1380 19.5256 -51.0316
v -32.3630 21.9648 -50.2594
v -32.1380 19.5256 -51.0316
v -31.4787 19.5535 -50.2646
v -32.3630 21.9648 -50.2594
v -31.4787 19.5535 -50.2646
v -32.2429 19.4841 -49.6051
v -32.3630 21.9648 -50.2594
v -32.2429 19.4841 -49.6051
v -32.1380 19.5256 -51.0316
v -32.9023 19.4562 -50.3721
v -32.2429 19.4841 -49.6051
v -31.4787 19.5535 -50.2646
v -32.1380 19.5256 -51.0316
v -29.4030 19.9022 -3.7659
v -28.9828 19.8824 -2.7720
v -30.2346 22.6708 -2.7733
v -28.9828 19.8824 -2.7720
v -30.3795 19.9692 -1.3513
v -30.2346 22.6708 -2.7733
v -30.3795 19.9692 -1.3513
v -31.7983 20.0447 -2.7506
v -30.2346 22.6708 -2.7733
v -31.7983 20.0447 -2.7506
v -30.4016 19.9579 -4.1714
v -30.2346 22.6708 -2.7733
v -30.4016 19.9579 -4.1714
v -29.4030 19.9022 -3.7659
v -30.2346 22.6708 -2.7733
v -29.4030 19.9022 -3.7659
v -30.3795 19.9692 -1.3513
v -28.9828 19.8824 -2.7720
v -29.4030 19.9022 -3.7659
v -31.7983 20.0447 -2.7506
v -30.3795 19.9692 -1.3513
v -29.4030 19.9022 -3.7659
v -30.4016 19.9579 -4.1714
v -31.7983 20.0447 -2.7506
v -29.5339 21.2688 -3.5594
v -29.5216 21.2750 -1.9872
v -30.1566 24.0244 -2.7794
v -29.5216 21.2750 -1.9872
v -31.0912 21.3655 -1.9752
v -30.1566 24.0244 -2.7794
v -31.0912 21.3655 -1.9752
v -31.1036 21.3593 -3.5475
v -30.1566 24.0244 -2.7794
v -31.1036 21.3593 -3.5475
v -29.5339 21.2688 -3.5594
v -30.1566 24.0244 -2.7794
v -29.5339 21.2688 -3.5594
v -31.0912 21.3655 -1.9752
v -29.5216 21.2750 -1.9872
v -29.5339 21.2688 -3.5594
v -31.1036 21.3593 -3.5475
v -31.0912 21.3655 -1.9752
v -29.4494 22.6255 -2.7793
v -30.2284 22.6739 -1.9868
v -30.0786 25.3780 -2.7854
v -30.2284 22.6739 -1.9868
v -31.0198 22.7160 -2.7673
v -30.0786 25.3780 -2.7854
v -31.0198 22.7160 -2.7673
v -30.2408 22.6676 -3.5598
v -30.0786 25.3780 -2.7854
v -30.2408 22.6676 -3.5598
v -29.4494 22.6255 -2.7793
v -30.0786 25.3780 -2.7854
v -29.4494 22.6255 -2.7793
v -31.0198 22.7160 -2.7673
v -30.2284 22.6739 -1.9868
v -29.4494 22.6255 -2.7793
v -30.2408 22.6676 -3.5598
v -31.0198 22.7160 -2.7673
v 8.7356 22.8355 2.4349
v 8.6794 22.8635 3.6328
v 7.4051 25.9266 2.9008
v 8.6794 22.8635 3.6328
v 6.5963 22.9779 4.3818
v 7.4051 25.9266 2.9008
v 6.5963 22.9779 4.3818
v 5.8459 22.9693 2.2961
v 7.4051 25.9266 2.9008
v 5.8459 22.9693 2.2961
v 7.9290 22.8549 1.5471
v 7.4051 25.9266 2.9008
v 7.9290 22.8549 1.5471
v 8.7356 22.8355 2.4349
v 7.4051 25.9266 2.9008
v 8.7356 22.8355 2.4349
v 6.5963 22.9779 4.3818
v 8.6794 22.8635 3.6328
v 8.7356 22.8355 2.4349
v 5.8459 22.9693 2.2961
v 6.5963 22.9779 4.3818
v 8.7356 22.8355 2.4349
v 7.9290 22.8549 1.5471
v 5.8459 22.9693 2.2961
v 8.4953 24.3577 2.5151
v 7.7522 24.4263 4.0955
v 7.4763 27.4316 2.8690
v 7.7522 24.4263 4.0955
v 6.1725 24.4853 3.3502
v 7.4763 27.4316 2.8690
v 6.1725 24.4853 3.3502
v 6.9155 24.4167 1.7698
v 7.4763 27.4316 2.8690
v 6.9155 24.4167 1.7698
v 8.4953 24.3577 2.5151
v 7.4763 27.4316 2.8690
v 8.4953 24.3577 2.5151
v 6.1725 24.4853 3.3502
v 7.7522 24.4263 4.0955
v 8.4953 24.3577 2.5151
v 6.9155 24.4167 1.7698
v 6.1725 24.4853 3.3502
v 8.1954 25.8970 3.2736
v 7.0334 25.9609 3.6914
v 7.5476 28.9367 2.8371
v 7.0334 25.9609 3.6914
v 6.6149 25.9561 2.5280
v 7.5476 28.9367 2.8371
v 6.6149 25.9561 2.5280
v 7.7768 25.8923 2.1102
v 7.5476 28.9367 2.8371
v 7.7768 25.8923 2.1102
v 8.1954 25.8970 3.2736
v 7.5476 28.9367 2.8371
v 8.1954 25.8970 3.2736
v 6.6149 25.9561 2.5280
v 7.0334 25.9609 3.6914
v 8.1954 25.8970 3.2736
v 7.7768 25.8923 2.1102
v 6.6149 25.9561 2.5280
v -15.0399 21.7807 8.5848
v -16.1261 21.8451 8.0434
v -14.7540 24.8277 7.0094
v -16.1261 21.8451 8.0434
v -15.9712 21.8427 5.8029
v -14.7540 24.8277 7.0094
v -15.9712 21.8427 5.8029
v -13.7345 21.7128 5.9578
v -14.7540 24.8277 7.0094
v -13.7345 21.7128 5.9578
v -13.8894 21.7153 8.1982
v -14.7540 24.8277 7.0094
v -13.8894 21.7153 8.1982
v -15.0399 21.7807 8.5848
v -14.7540 24.8277 7.0094
v -15.0399 21.7807 8.5848
v -15.9712 21.8427 5.8029
v -16.1261 21.8451 8.0434
v -15.0399 21.7807 8.5848
v -13.7345 21.7128 5.9578
v -15.9712 21.8427 5.8029
v -15.0399 21.7807 8.5848
v -13.8894 21.7153 8.1982
v -13.7345 21.7128 5.9578
v -14.9285 23.3047 8.2541
v -16.0891 23.3757 6.9187
v -14.6658 26.3521 7.0139
v -16.0891 23.3757 6.9187
v -14.7557 23.3020 5.7559
v -14.6658 26.3521 7.0139
v -14.7557 23.3020 5.7559
v -13.5951 23.2310 7.0913
v -14.6658 26.3521 7.0139
v -13.5951 23.2310 7.0913
v -14.9285 23.3047 8.2541
v -14.6658 26.3521 7.0139
v -14.9285 23.3047 8.2541
v -14.7557 23.3020 5.7559
v -16.0891 23.3757 6.9187
v -14.9285 23.3047 8.2541
v -13.5951 23.2310 7.0913
v -14.7557 23.3020 5.7559
v -15.4210 24.8646 7.5911
v -15.3345 24.8633 6.3414
v -14.5776 27.8765 7.0183
v -15.3345 24.8633 6.3414
v -14.0869 24.7908 6.4278
v -14.5776 27.8765 7.0183
v -14.0869 24.7908 6.4278
v -14.1734 24.7922 7.6775
v -14.5776 27.8765 7.0183
v -14.1734 24.7922 7.6775
v -15.4210 24.8646 7.5911
v -14.5776 27.8765 7.0183
v -15.4210 24.8646 7.5911
v -14.0869 24.7908 6.4278
v -15.3345 24.8633 6.3414
v -15.4210 24.8646 7.5911
v -14.1734 24.7922 7.6775
v -14.0869 24.7908 6.4278
v -40.9196 16.5118 -46.8579
v -41.8137 16.5038 -46.8485
v -41.3976 18.7785 -47.8803
v -41.8137 16.5038 -46.8485
v -42.4622 16.5333 -48.3677
v -41.3976 18.7785 -47.8803
v -42.4622 16.5333 -48.3677
v -40.9427 16.5614 -49.0158
v -41.3976 18.7785 -47.8803
v -40.9427 16.5614 -49.0158
v -40.2942 16.5319 -47.4966
v -41.3976 18.7785 -47.8803
v -40.2942 16.5319 -47.4966
v -40.9196 16.5118 -46.8579
v -41.3976 18.7785 -47.8803
v -40.9196 16.5118 -46.8579
v -42.4622 16.5333 -48.3677
v -41.8137 16.5038 -46.8485
v -40.9196 16.5118 -46.8579
v -40.9427 16.5614 -49.0158
v -42.4622 16.5333 -48.3677
v -40.9196 16.5118 -46.8579
v -40.2942 16.5319 -47.4966
v -40.9427 16.5614 -49.0158
v -41.0263 17.6391 -47.0592
v -42.2350 17.6399 -47.5449
v -41.4073 19.9015 -47.8543
v -42.2350 17.6399 -47.5449
v -41.7495 17.6720 -48.7532
v -41.4073 19.9015 -47.8543
v -41.7495 17.6720 -48.7532
v -40.5407 17.6712 -48.2675
v -41.4073 19.9015 -47.8543
v -40.5407 17.6712 -48.2675
v -41.0263 17.6391 -47.0592
v -41.4073 19.9015 -47.8543
v -41.0263 17.6391 -47.0592
v -41.7495 17.6720 -48.7532
v -42.2350 17.6399 -47.5449
v -41.0263 17.6391 -47.0592
v -40.5407 17.6712 -48.2675
v -41.7495 17.6720 -48.7532
v -41.6405 18.7625 -47.2758
v -42.0022 18.7789 -48.1232
v -41.4170 21.0245 -47.8284
v -42.0022 18.7789 -48.1232
v -41.1547 18.7946 -48.4847
v -41.4170 21.0245 -47.8284
v -41.1547 18.7946 -48.4847
v -40.7929 18.7781 -47.6373
v -41.4170 21.0245 -47.8284
v -40.7929 18.7781 -47.6373
v -41.6405 18.7625 -47.2758
v -41.4170 21.0245 -47.8284
v -41.6405 18.7625 -47.2758
v -41.1547 18.7946 -48.4847
v -42.0022 18.7789 -48.1232
v -41.6405 18.7625 -47.2758
v -40.7929 18.7781 -47.6373
v -41.1547 18.7946 -48.4847
v -27.1213 19.4289 -11.9151
v -26.8871 19.5257 -10.9925
v -28.3547 21.7748 -11.3520
v -26.8871 19.5257 -10.9925
v -28.2969 19.4708 -9.9273
v -28.3547 21.7748 -11.3520
v -28.2969 19.4708 -9.9273
v -29.3492 19.2545 -11.3312
v -28.3547 21.7748 -11.3520
v -29.3492 19.2545 -11.3312
v -27.9394 19.3094 -12.3964
v -28.3547 21.7748 -11.3520
v -27.9394 19.3094 -12.3964
v -27.1213 19.4289 -11.9151
v -28.3547 21.7748 -11.3520
v -27.1213 19.4289 -11.9151
v -28.2969 19.4708 -9.9273
v -26.8871 19.5257 -10.9925
v -27.1213 19.4289 -11.9151
v -29.3492 19.2545 -11.3312
v -28.2969 19.4708 -9.9273
v -27.1213 19.4289 -11.9151
v -27.9394 19.3094 -12.3964
v -29.3492 19.2545 -11.3312
v -27.4504 20.6131 -11.8508
v -27.6497 20.7031 -10.4742
v -28.4730 22.9671 -11.4471
v -27.6497 20.7031 -10.4742
v -29.0225 20.5518 -10.6631
v -28.4730 22.9671 -11.4471
v -29.0225 20.5518 -10.6631
v -28.8232 20.4618 -12.0397
v -28.4730 22.9671 -11.4471
v -28.8232 20.4618 -12.0397
v -27.4504 20.6131 -11.8508
v -28.4730 22.9671 -11.4471
v -27.4504 20.6131 -11.8508
v -29.0225 20.5518 -10.6631
v -27.6497 20.7031 -10.4742
v -27.4504 20.6131 -11.8508
v -28.8232 20.4618 -12.0397
v -29.0225 20.5518 -10.6631
v -27.6680 21.8504 -11.2575
v -28.4544 21.8198 -10.6634
v -28.5913 24.1595 -11.5421
v -28.4544 21.8198 -10.6634
v -29.0414 21.6991 -11.4465
v -28.5913 24.1595 -11.5421
v -29.0414 21.6991 -11.4465
v -28.2550 21.7298 -12.0406
v -28.5913 24.1595 -11.5421
v -28.2550 21.7298 -12.0406
v -27.6680 21.8504 -11.2575
v -28.5913 24.1595 -11.5421
v -27.6680 21.8504 -11.2575
v -29.0414 21.6991 -11.4465
v -28.4544 21.8198 -10.6634
v -27.6680 21.8504 -11.2575
v -28.2550 21.7298 -12.0406
v -29.0414 21.6991 -11.4465
v -36.2928 19.2775 1.9029
v -37.1875 19.3014 2.3005
v -37.1364 21.7819 1.0599
v -37.1875 19.3014 2.3005
v -38.4980 19.3652 1.0539
v -37.1364 21.7819 1.0599
v -38.4980 19.3652 1.0539
v -37.2512 19.3437 -0.2578
v -37.1364 21.7819 1.0599
v -37.2512 19.3437 -0.2578
v -35.9408 19.2800 0.9889
v -37.1364 21.7819 1.0599
v -35.9408 19.2800 0.9889
v -36.2928 19.2775 1.9029
v -37.1364 21.7819 1.0599
v -36.2928 19.2775 1.9029
v -38.4980 19.3652 1.0539
v -37.1875 19.3014 2.3005
v -36.2928 19.2775 1.9029
v -37.2512 19.3437 -0.2578
v -38.4980 19.3652 1.0539
v -36.2928 19.2775 1.9029
v -35.9408 19.2800 0.9889
v -37.2512 19.3437 -0.2578
v -36.4473 20.5167 1.7357
v -37.8730 20.5642 1.7719
v -37.0949 23.0115 1.0792
v -37.8730 20.5642 1.7719
v -37.9085 20.5878 0.3456
v -37.0949 23.0115 1.0792
v -37.9085 20.5878 0.3456
v -36.4828 20.5402 0.3094
v -37.0949 23.0115 1.0792
v -36.4828 20.5402 0.3094
v -36.4473 20.5167 1.7357
v -37.0949 23.0115 1.0792
v -36.4473 20.5167 1.7357
v -37.9085 20.5878 0.3456
v -37.8730 20.5642 1.7719
v -36.4473 20.5167 1.7357
v -36.4828 20.5402 0.3094
v -37.9085 20.5878 0.3456
v -37.1187 21.7701 1.7734
v -37.8496 21.8056 1.0781
v -37.0535 24.2411 1.0985
v -37.8496 21.8056 1.0781
v -37.1542 21.7936 0.3464
v -37.0535 24.2411 1.0985
v -37.1542 21.7936 0.3464
v -36.4232 21.7581 1.0418
v -37.0535 24.2411 1.0985
v -36.4232 21.7581 1.0418
v -37.1187 21.7701 1.7734
v -37.0535 24.2411 1.0985
v -37.1187 21.7701 1.7734
v -37.1542 21.7936 0.3464
v -37.8496 21.8056 1.0781
v -37.1187 21.7701 1.7734
v -36.4232 21.7581 1.0418
v -37.1542 21.7936 0.3464
v 10.2901 23.6811 10.0898
v 10.1867 23.6558 11.1675
v 9.0064 26.4240 10.5752
v 10.1867 23.6558 11.1675
v 8.2738 23.6891 11.7544
v 9.0064 26.4240 10.5752
v 8.2738 23.6891 11.7544
v 7.6882 23.7535 9.8419
v 9.0064 26.4240 10.5752
v 7.6882 23.7535 9.8419
v 9.6011 23.7202 9.2550
v 9.0064 26.4240 10.5752
v 9.6011 23.7202 9.2550
v 10.2901 23.6811 10.0898
v 9.0064 26.4240 10.5752
v 10.2901 23.6811 10.0898
v 8.2738 23.6891 11.7544
v 10.1867 23.6558 11.1675
v 10.2901 23.6811 10.0898
v 7.6882 23.7535 9.8419
v 8.2738 23.6891 11.7544
v 10.2901 23.6811 10.0898
v 9.6011 23.7202 9.2550
v 7.6882 23.7535 9.8419
v 10.0384 25.0458 10.2128
v 9.2984 25.0284 11.6062
v 9.0409 27.7837 10.6105
v 9.2984 25.0284 11.6062
v 7.9055 25.0829 10.8672
v 9.0409 27.7837 10.6105
v 7.9055 25.0829 10.8672
v 8.6455 25.1003 9.4737
v 9.0409 27.7837 10.6105
v 8.6455 25.1003 9.4737
v 10.0384 25.0458 10.2128
v 9.0409 27.7837 10.6105
v 10.0384 25.0458 10.2128
v 7.9055 25.0829 10.8672
v 9.2984 25.0284 11.6062
v 10.0384 25.0458 10.2128
v 8.6455 25.1003 9.4737
v 7.9055 25.0829 10.8672
v 9.7032 26.3968 10.9449
v 8.6363 26.4153 11.2723
v 9.0754 29.1434 10.6458
v 8.6363 26.4153 11.2723
v 8.3096 26.4513 10.2055
v 9.0754 29.1434 10.6458
v 8.3096 26.4513 10.2055
v 9.3766 26.4327 9.8782
v 9.0754 29.1434 10.6458
v 9.3766 26.4327 9.8782
v 9.7032 26.3968 10.9449
v 9.0754 29.1434 10.6458
v 9.7032 26.3968 10.9449
v 8.3096 26.4513 10.2055
v 8.6363 26.4153 11.2723
v 9.7032 26.3968 10.9449
v 9.3766 26.4327 9.8782
v 8.3096 26.4513 10.2055
v -32.4959 20.3213 2.9162
v -31.8337 20.4171 3.8503
v -33.5719 23.1572 4.0945
v -31.8337 20.4171 3.8503
v -32.9570 20.3666 5.6512
v -33.5719 23.1572 4.0945
v -32.9570 20.3666 5.6512
v -34.7467 20.1539 4.5290
v -33.5719 23.1572 4.0945
v -34.7467 20.1539 4.5290
v -33.6234 20.2044 2.7281
v -33.5719 23.1572 4.0945
v -33.6234 20.2044 2.7281
v -32.4959 20.3213 2.9162
v -33.5719 23.1572 4.0945
v -32.4959 20.3213 2.9162
v -32.9570 20.3666 5.6512
v -31.8337 20.4171 3.8503
v -32.4959 20.3213 2.9162
v -34.7467 20.1539 4.5290
v -32.9570 20.3666 5.6512
v -32.4959 20.3213 2.9162
v -33.6234 20.2044 2.7281
v -34.7467 20.1539 4.5290
v -32.8048 21.7495 3.1380
v -32.4333 21.8400 4.7678
v -33.7127 24.5930 4.0469
v -32.4333 21.8400 4.7678
v -34.0573 21.6932 5.1461
v -33.7127 24.5930 4.0469
v -34.0573 21.6932 5.1461
v -34.4288 21.6028 3.5164
v -33.7127 24.5930 4.0469
v -34.4288 21.6028 3.5164
v -32.8048 21.7495 3.1380
v -33.7127 24.5930 4.0469
v -32.8048 21.7495 3.1380
v -34.0573 21.6932 5.1461
v -32.4333 21.8400 4.7678
v -32.8048 21.7495 3.1380
v -34.4288 21.6028 3.5164
v -34.0573 21.6932 5.1461
v -32.7595 23.2306 3.9052
v -33.3860 23.2024 4.9098
v -33.8535 26.0289 3.9994
v -33.3860 23.2024 4.9098
v -34.3843 23.0838 4.2838
v -33.8535 26.0289 3.9994
v -34.3843 23.0838 4.2838
v -33.7577 23.1120 3.2792
v -33.8535 26.0289 3.9994
v -33.7577 23.1120 3.2792
v -32.7595 23.2306 3.9052
v -33.8535 26.0289 3.9994
v -32.7595 23.2306 3.9052
v -34.3843 23.0838 4.2838
v -33.3860 23.2024 4.9098
v -32.7595 23.2306 3.9052
v -33.7577 23.1120 3.2792
v -34.3843 23.0838 4.2838
v -7.0674 17.6618 -49.9630
v -7.5670 17.6491 -50.4592
v -6.7735 19.4459 -50.8043
v -7.5670 17.6491 -50.4592
v -7.0737 17.6711 -51.6630
v -6.7735 19.4459 -50.8043
v -7.0737 17.6711 -51.6630
v -5.8703 17.7056 -51.1694
v -6.7735 19.4459 -50.8043
v -5.8703 17.7056 -51.1694
v -6.3636 17.6836 -49.9655
v -6.7735 19.4459 -50.8043
v -6.3636 17.6836 -49.9655
v -7.0674 17.6618 -49.9630
v -6.7735 19.4459 -50.8043
v -7.0674 17.6618 -49.9630
v -7.0737 17.6711 -51.6630
v -7.5670 17.6491 -50.4592
v -7.0674 17.6618 -49.9630
v -5.8703 17.7056 -51.1694
v -7.0737 17.6711 -51.6630
v -7.0674 17.6618 -49.9630
v -6.3636 17.6836 -49.9655
v -5.8703 17.7056 -51.1694
v -7.0211 18.5493 -50.1381
v -7.4170 18.5423 -51.0845
v -6.8009 20.3301 -50.7994
v -7.4170 18.5423 -51.0845
v -6.4711 18.5739 -51.4805
v -6.8009 20.3301 -50.7994
v -6.4711 18.5739 -51.4805
v -6.0752 18.5809 -50.5340
v -6.8009 20.3301 -50.7994
v -6.0752 18.5809 -50.5340
v -7.0211 18.5493 -50.1381
v -6.8009 20.3301 -50.7994
v -7.0211 18.5493 -50.1381
v -6.4711 18.5739 -51.4805
v -7.4170 18.5423 -51.0845
v -7.0211 18.5493 -50.1381
v -6.0752 18.5809 -50.5340
v -6.4711 18.5739 -51.4805
v -7.2467 19.4301 -50.6063
v -6.9716 19.4424 -51.2778
v -6.8283 21.2144 -50.7944
v -6.9716 19.4424 -51.2778
v -6.3003 19.4616 -51.0024
v -6.8283 21.2144 -50.7944
v -6.3003 19.4616 -51.0024
v -6.5754 19.4493 -50.3309
v -6.8283 21.2144 -50.7944
v -6.5754 19.4493 -50.3309
v -7.2467 19.4301 -50.6063
v -6.8283 21.2144 -50.7944
v -7.2467 19.4301 -50.6063
v -6.3003 19.4616 -51.0024
v -6.9716 19.4424 -51.2778
v -7.2467 19.4301 -50.6063
v -6.5754 19.4493 -50.3309
v -6.3003 19.4616 -51.0024
v -28.2521 18.0430 -26.6138
v -28.8124 18.0287 -26.5494
v -28.6465 19.4491 -27.2619
v -28.8124 18.0287 -26.5494
v -29.3183 18.0132 -27.4607
v -28.6465 19.4491 -27.2619
v -29.3183 18.0132 -27.4607
v -28.4073 18.0355 -27.9669
v -28.6465 19.4491 -27.2619
v -28.4073 18.0355 -27.9669
v -27.9014 18.0510 -27.0556
v -28.6465 19.4491 -27.2619
v -27.9014 18.0510 -27.0556
v -28.2521 18.0430 -26.6138
v -28.6465 19.4491 -27.2619
v -28.2521 18.0430 -26.6138
v -29.3183 18.0132 -27.4607
v -28.8124 18.0287 -26.5494
v -28.2521 18.0430 -26.6138
v -28.4073 18.0355 -27.9669
v -29.3183 18.0132 -27.4607
v -28.2521 18.0430 -26.6138
v -27.9014 18.0510 -27.0556
v -28.4073 18.0355 -27.9669
v -28.3461 18.7492 -26.7520
v -29.1361 18.7282 -26.9778
v -28.6649 20.1576 -27.2637
v -29.1361 18.7282 -26.9778
v -28.9103 18.7320 -27.7681
v -28.6649 20.1576 -27.2637
v -28.9103 18.7320 -27.7681
v -28.1203 18.7530 -27.5422
v -28.6649 20.1576 -27.2637
v -28.1203 18.7530 -27.5422
v -28.3461 18.7492 -26.7520
v -28.6649 20.1576 -27.2637
v -28.3461 18.7492 -26.7520
v -28.9103 18.7320 -27.7681
v -29.1361 18.7282 -26.9778
v -28.3461 18.7492 -26.7520
v -28.1203 18.7530 -27.5422
v -28.9103 18.7320 -27.7681
v -28.7595 19.4472 -26.8665
v -29.0417 19.4386 -27.3748
v -28.6832 20.8661 -27.2656
v -29.0417 19.4386 -27.3748
v -28.5336 19.4510 -27.6572
v -28.6832 20.8661 -27.2656
v -28.5336 19.4510 -27.6572
v -28.2513 19.4596 -27.1489
v -28.6832 20.8661 -27.2656
v -28.2513 19.4596 -27.1489
v -28.7595 19.4472 -26.8665
v -28.6832 20.8661 -27.2656
v -28.7595 19.4472 -26.8665
v -28.5336 19.4510 -27.6572
v -29.0417 19.4386 -27.3748
v -28.7595 19.4472 -26.8665
v -28.2513 19.4596 -27.1489
v -28.5336 19.4510 -27.6572
v -6.8753 18.4621 -33.4809
v -7.3488 18.4249 -32.8619
v -7.8605 20.4348 -33.6241
v -7.3488 18.4249 -32.8619
v -8.7423 18.4472 -33.2311
v -7.8605 20.4348 -33.6241
v -8.7423 18.4472 -33.2311
v -8.3724 18.5309 -34.6221
v -7.8605 20.4348 -33.6241
v -8.3724 18.5309 -34.6221
v -6.9789 18.5086 -34.2528
v -7.8605 20.4348 -33.6241
v -6.9789 18.5086 -34.2528
v -6.8753 18.4621 -33.4809
v -7.8605 20.4348 -33.6241
v -6.8753 18.4621 -33.4809
v -8.7423 18.4472 -33.2311
v -7.3488 18.4249 -32.8619
v -6.8753 18.4621 -33.4809
v -8.3724 18.5309 -34.6221
v -8.7423 18.4472 -33.2311
v -6.8753 18.4621 -33.4809
v -6.9789 18.5086 -34.2528
v -8.3724 18.5309 -34.6221
v -7.0836 19.4439 -33.4772
v -8.0668 19.4097 -32.9075
v -7.8604 21.4133 -33.5652
v -8.0668 19.4097 -32.9075
v -8.6374 19.4688 -33.8889
v -7.8604 21.4133 -33.5652
v -8.6374 19.4688 -33.8889
v -7.6543 19.5030 -34.4585
v -7.8604 21.4133 -33.5652
v -7.6543 19.5030 -34.4585
v -7.0836 19.4439 -33.4772
v -7.8604 21.4133 -33.5652
v -7.0836 19.4439 -33.4772
v -8.6374 19.4688 -33.8889
v -8.0668 19.4097 -32.9075
v -7.0836 19.4439 -33.4772
v -7.6543 19.5030 -34.4585
v -8.6374 19.4688 -33.8889
v -7.5750 20.4053 -33.1332
v -8.3523 20.4177 -33.3392
v -7.8604 22.3918 -33.5063
v -8.3523 20.4177 -33.3392
v -8.1460 20.4644 -34.1150
v -7.8604 22.3918 -33.5063
v -8.1460 20.4644 -34.1150
v -7.3687 20.4520 -33.9091
v -7.8604 22.3918 -33.5063
v -7.3687 20.4520 -33.9091
v -7.5750 20.4053 -33.1332
v -7.8604 22.3918 -33.5063
v -7.5750 20.4053 -33.1332
v -8.1460 20.4644 -34.1150
v -8.3523 20.4177 -33.3392
v -7.5750 20.4053 -33.1332
v -7.3687 20.4520 -33.9091
v -8.1460 20.4644 -34.1150
v -14.1863 17.6695 -51.2141
v -15.1252 17.6023 -50.9574
v -15.1227 20.0947 -52.1497
v -15.1252 17.6023 -50.9574
v -16.2294 17.5738 -52.3820
v -15.1227 20.0947 -52.1497
v -16.2294 17.5738 -52.3820
v -14.8091 17.6965 -53.4854
v -15.1227 20.0947 -52.1497
v -14.8091 17.6965 -53.4854
v -13.7048 17.7250 -52.0607
v -15.1227 20.0947 -52.1497
v -13.7048 17.7250 -52.0607
v -14.1863 17.6695 -51.2141
v -15.1227 20.0947 -52.1497
v -14.1863 17.6695 -51.2141
v -16.2294 17.5738 -52.3820
v -15.1252 17.6023 -50.9574
v -14.1863 17.6695 -51.2141
v -14.8091 17.6965 -53.4854
v -16.2294 17.5738 -52.3820
v -14.1863 17.6695 -51.2141
v -13.7048 17.7250 -52.0607
v -14.8091 17.6965 -53.4854
v -14.4293 18.8879 -51.3913
v -15.8367 18.8036 -51.5704
v -15.2004 21.3174 -52.1138
v -15.8367 18.8036 -51.5704
v -15.6605 18.8562 -52.9798
v -15.2004 21.3174 -52.1138
v -15.6605 18.8562 -52.9798
v -14.2530 18.9405 -52.8007
v -15.2004 21.3174 -52.1138
v -14.2530 18.9405 -52.8007
v -14.4293 18.8879 -51.3913
v -15.2004 21.3174 -52.1138
v -14.4293 18.8879 -51.3913
v -15.6605 18.8562 -52.9798
v -15.8367 18.8036 -51.5704
v -14.4293 18.8879 -51.3913
v -14.2530 18.9405 -52.8007
v -15.6605 18.8562 -52.9798
v -15.2108 20.0684 -51.4446
v -15.8268 20.0525 -52.2393
v -15.2782 22.5400 -52.0779
v -15.8268 20.0525 -52.2393
v -15.0345 20.1210 -52.8547
v -15.2782 22.5400 -52.0779
v -15.0345 20.1210 -52.8547
v -14.4186 20.1369 -52.0600
v -15.2782 22.5400 -52.0779
v -14.4186 20.1369 -52.0600
v -15.2108 20.0684 -51.4446
v -15.2782 22.5400 -52.0779
v -15.2108 20.0684 -51.4446
v -15.0345 20.1210 -52.8547
v -15.8268 20.0525 -52.2393
v -15.2108 20.0684 -51.4446
v -14.4186 20.1369 -52.0600
v -15.0345 20.1210 -52.8547
v -50.0289 16.3622 -41.7596
v -49.6371 16.4216 -40.9098
v -50.8720 18.7696 -41.0218
v -49.6371 16.4216 -40.9098
v -50.8142 16.5021 -39.6412
v -50.8720 18.7696 -41.0218
v -50.8142 16.5021 -39.6412
v -52.0853 16.4168 -40.8152
v -50.8720 18.7696 -41.0218
v -52.0853 16.4168 -40.8152
v -50.9082 16.3362 -42.0838
v -50.8720 18.7696 -41.0218
v -50.9082 16.3362 -42.0838
v -50.0289 16.3622 -41.7596
v -50.8720 18.7696 -41.0218
v -50.0289 16.3622 -41.7596
v -50.8142 16.5021 -39.6412
v -49.6371 16.4216 -40.9098
v -50.0289 16.3622 -41.7596
v -52.0853 16.4168 -40.8152
v -50.8142 16.5021 -39.6412
v -50.0289 16.3622 -41.7596
v -50.9082 16.3362 -42.0838
v -52.0853 16.4168 -40.8152
v -50.2103 17.5495 -41.6494
v -50.1579 17.6420 -40.2876
v -50.8774 19.9448 -41.1014
v -50.1579 17.6420 -40.2876
v -51.5229 17.6393 -40.2349
v -50.8774 19.9448 -41.1014
v -51.5229 17.6393 -40.2349
v -51.5753 17.5468 -41.5967
v -50.8774 19.9448 -41.1014
v -51.5753 17.5468 -41.5967
v -50.2103 17.5495 -41.6494
v -50.8774 19.9448 -41.1014
v -50.2103 17.5495 -41.6494
v -51.5229 17.6393 -40.2349
v -50.1579 17.6420 -40.2876
v -50.2103 17.5495 -41.6494
v -51.5753 17.5468 -41.5967
v -51.5229 17.6393 -40.2349
v -50.1892 18.7709 -41.0481
v -50.8458 18.8159 -40.3405
v -50.8828 21.1200 -41.1810
v -50.8458 18.8159 -40.3405
v -51.5548 18.7682 -40.9954
v -50.8828 21.1200 -41.1810
v -51.5548 18.7682 -40.9954
v -50.8982 18.7233 -41.7030
v -50.8828 21.1200 -41.1810
v -50.8982 18.7233 -41.7030
v -50.1892 18.7709 -41.0481
v -50.8828 21.1200 -41.1810
v -50.1892 18.7709 -41.0481
v -51.5548 18.7682 -40.9954
v -50.8458 18.8159 -40.3405
v -50.1892 18.7709 -41.0481
v -50.8982 18.7233 -41.7030
v -51.5548 18.7682 -40.9954
v -3.0891 20.0678 -10.8186
v -3.7989 20.0352 -11.0207
v -3.2812 21.9101 -11.7911
v -3.7989 20.0352 -11.0207
v -3.9558 20.0183 -12.3765
v -3.2812 21.9101 -11.7911
v -3.9558 20.0183 -12.3765
v -2.6012 20.0764 -12.5340
v -3.2812 21.9101 -11.7911
v -2.6012 20.0764 -12.5340
v -2.4443 20.0934 -11.1781
v -3.2812 21.9101 -11.7911
v -2.4443 20.0934 -11.1781
v -3.0891 20.0678 -10.8186
v -3.2812 21.9101 -11.7911
v -3.0891 20.0678 -10.8186
v -3.9558 20.0183 -12.3765
v -3.7989 20.0352 -11.0207
v -3.0891 20.0678 -10.8186
v -2.6012 20.0764 -12.5340
v -3.9558 20.0183 -12.3765
v -3.0891 20.0678 -10.8186
v -2.4443 20.0934 -11.1781
v -2.6012 20.0764 -12.5340
v -3.1531 20.9924 -11.0283
v -3.9958 20.9506 -11.6964
v -3.3218 22.8373 -11.7980
v -3.9958 20.9506 -11.6964
v -3.3281 20.9735 -12.5401
v -3.3218 22.8373 -11.7980
v -3.3281 20.9735 -12.5401
v -2.4854 21.0154 -11.8720
v -3.3218 22.8373 -11.7980
v -2.4854 21.0154 -11.8720
v -3.1531 20.9924 -11.0283
v -3.3218 22.8373 -11.7980
v -3.1531 20.9924 -11.0283
v -3.3281 20.9735 -12.5401
v -3.9958 20.9506 -11.6964
v -3.1531 20.9924 -11.0283
v -2.4854 21.0154 -11.8720
v -3.3281 20.9735 -12.5401
v -3.6152 21.8986 -11.3690
v -3.7028 21.8892 -12.1253
v -3.3623 23.7644 -11.8048
v -3.7028 21.8892 -12.1253
v -2.9471 21.9216 -12.2131
v -3.3623 23.7644 -11.8048
v -2.9471 21.9216 -12.2131
v -2.8596 21.9310 -11.4569
v -3.3623 23.7644 -11.8048
v -2.8596 21.9310 -11.4569
v -3.6152 21.8986 -11.3690
v -3.3623 23.7644 -11.8048
v -3.6152 21.8986 -11.3690
v -2.9471 21.9216 -12.2131
v -3.7028 21.8892 -12.1253
v -3.6152 21.8986 -11.3690
v -2.8596 21.9310 -11.4569
v -2.9471 21.9216 -12.2131
v -22.3734 18.1482 -37.0941
v -22.3882 18.2391 -36.1588
v -23.8101 20.3768 -36.8613
v -22.3882 18.2391 -36.1588
v -23.9896 18.0950 -35.5025
v -23.8101 20.3768 -36.8613
v -23.9896 18.0950 -35.5025
v -24.6232 17.8537 -37.1013
v -23.8101 20.3768 -36.8613
v -24.6232 17.8537 -37.1013
v -23.0218 17.9977 -37.7576
v -23.8101 20.3768 -36.8613
v -23.0218 17.9977 -37.7576
v -22.3734 18.1482 -37.0941
v -23.8101 20.3768 -36.8613
v -22.3734 18.1482 -37.0941
v -23.9896 18.0950 -35.5025
v -22.3882 18.2391 -36.1588
v -22.3734 18.1482 -37.0941
v -24.6232 17.8537 -37.1013
v -23.9896 18.0950 -35.5025
v -22.3734 18.1482 -37.0941
v -23.0218 17.9977 -37.7576
v -24.6232 17.8537 -37.1013
v -22.7651 19.2919 -37.1116
v -23.3047 19.3461 -35.8543
v -23.9622 21.5420 -36.9769
v -23.3047 19.3461 -35.8543
v -24.5507 19.1313 -36.3797
v -23.9622 21.5420 -36.9769
v -24.5507 19.1313 -36.3797
v -24.0111 19.0770 -37.6370
v -23.9622 21.5420 -36.9769
v -24.0111 19.0770 -37.6370
v -22.7651 19.2919 -37.1116
v -23.9622 21.5420 -36.9769
v -22.7651 19.2919 -37.1116
v -24.5507 19.1313 -36.3797
v -23.3047 19.3461 -35.8543
v -22.7651 19.2919 -37.1116
v -24.0111 19.0770 -37.6370
v -24.5507 19.1313 -36.3797
v -23.1867 20.4842 -36.5984
v -24.0800 20.4039 -36.2323
v -24.1144 22.7072 -37.0924
v -24.0800 20.4039 -36.2323
v -24.4334 20.2693 -37.1241
v -24.1144 22.7072 -37.0924
v -24.4334 20.2693 -37.1241
v -23.5401 20.3496 -37.4902
v -24.1144 22.7072 -37.0924
v -23.5401 20.3496 -37.4902
v -23.1867 20.4842 -36.5984
v -24.1144 22.7072 -37.0924
v -23.1867 20.4842 -36.5984
v -24.4334 20.2693 -37.1241
v -24.0800 20.4039 -36.2323
v -23.1867 20.4842 -36.5984
v -23.5401 20.3496 -37.4902
v -24.4334 20.2693 -37.1241
v -52.0642 17.2373 -32.3952
v -53.3619 17.2384 -32.8964
v -52.1052 20.7329 -34.2118
v -53.3619 17.2384 -32.8964
v -53.4239 17.2388 -35.4661
v -52.1052 20.7329 -34.2118
v -53.4239 17.2388 -35.4661
v -50.8542 17.2367 -35.5281
v -52.1052 20.7329 -34.2118
v -50.8542 17.2367 -35.5281
v -50.7922 17.2364 -32.9584
v -52.1052 20.7329 -34.2118
v -50.7922 17.2364 -32.9584
v -52.0642 17.2373 -32.3952
v -52.1052 20.7329 -34.2118
v -52.0642 17.2373 -32.3952
v -53.4239 17.2388 -35.4661
v -53.3619 17.2384 -32.8964
v -52.0642 17.2373 -32.3952
v -50.8542 17.2367 -35.5281
v -53.4239 17.2388 -35.4661
v -52.0642 17.2373 -32.3952
v -50.7922 17.2364 -32.9584
v -50.8542 17.2367 -35.5281
v -52.0720 18.9850 -32.7794
v -53.5393 18.9864 -34.1775
v -52.1038 22.4806 -34.2116
v -53.5393 18.9864 -34.1775
v -52.1412 18.9854 -35.6447
v -52.1038 22.4806 -34.2116
v -52.1412 18.9854 -35.6447
v -50.6739 18.9841 -34.2466
v -52.1038 22.4806 -34.2116
v -50.6739 18.9841 -34.2466
v -52.0720 18.9850 -32.7794
v -52.1038 22.4806 -34.2116
v -52.0720 18.9850 -32.7794
v -52.1412 18.9854 -35.6447
v -53.5393 18.9864 -34.1775
v -52.0720 18.9850 -32.7794
v -50.6739 18.9841 -34.2466
v -52.1412 18.9854 -35.6447
v -52.8046 20.7334 -33.4778
v -52.8392 20.7336 -34.9112
v -52.1024 24.2282 -34.2114
v -52.8392 20.7336 -34.9112
v -51.4058 20.7324 -34.9458
v -52.1024 24.2282 -34.2114
v -51.4058 20.7324 -34.9458
v -51.3712 20.7322 -33.5124
v -52.1024 24.2282 -34.2114
v -51.3712 20.7322 -33.5124
v -52.8046 20.7334 -33.4778
v -52.1024 24.2282 -34.2114
v -52.8046 20.7334 -33.4778
v -51.4058 20.7324 -34.9458
v -52.8392 20.7336 -34.9112
v -52.8046 20.7334 -33.4778
v -51.3712 20.7322 -33.5124
v -51.4058 20.7324 -34.9458
v -51.0211 18.6515 -1.5238
v -50.7111 18.5661 -2.7786
v -49.0629 21.7283 -1.9179
v -50.7111 18.5661 -2.7786
v -48.3540 18.3380 -3.1262
v -49.0629 21.7283 -1.9179
v -48.3540 18.3380 -3.1262
v -47.9978 18.4143 -0.7606
v -49.0629 21.7283 -1.9179
v -47.9978 18.4143 -0.7606
v -50.3549 18.6424 -0.4130
v -49.0629 21.7283 -1.9179
v -50.3549 18.6424 -0.4130
v -51.0211 18.6515 -1.5238
v -49.0629 21.7283 -1.9179
v -51.0211 18.6515 -1.5238
v -48.3540 18.3380 -3.1262
v -50.7111 18.5661 -2.7786
v -51.0211 18.6515 -1.5238
v -47.9978 18.4143 -0.7606
v -48.3540 18.3380 -3.1262
v -51.0211 18.6515 -1.5238
v -50.3549 18.6424 -0.4130
v -47.9978 18.4143 -0.7606
v -50.5228 20.2365 -1.6500
v -49.4073 20.0667 -3.1626
v -48.9171 23.3474 -1.9921
v -49.4073 20.0667 -3.1626
v -47.8946 19.9821 -2.0375
v -48.9171 23.3474 -1.9921
v -47.8946 19.9821 -2.0375
v -49.0101 20.1518 -0.5249
v -48.9171 23.3474 -1.9921
v -49.0101 20.1518 -0.5249
v -50.5228 20.2365 -1.6500
v -48.9171 23.3474 -1.9921
v -50.5228 20.2365 -1.6500
v -47.8946 19.9821 -2.0375
v -49.4073 20.0667 -3.1626
v -50.5228 20.2365 -1.6500
v -49.0101 20.1518 -0.5249
v -47.8946 19.9821 -2.0375
v -49.8196 21.7707 -2.4807
v -48.5049 21.6434 -2.6746
v -48.7714 24.9665 -2.0663
v -48.5049 21.6434 -2.6746
v -48.3062 21.6860 -1.3551
v -48.7714 24.9665 -2.0663
v -48.3062 21.6860 -1.3551
v -49.6209 21.8133 -1.1613
v -48.7714 24.9665 -2.0663
v -49.6209 21.8133 -1.1613
v -49.8196 21.7707 -2.4807
v -48.7714 24.9665 -2.0663
v -49.8196 21.7707 -2.4807
v -48.3062 21.6860 -1.3551
v -48.5049 21.6434 -2.6746
v -49.8196 21.7707 -2.4807
v -49.6209 21.8133 -1.1613
v -48.3062 21.6860 -1.3551
v -39.6648 18.6772 -7.2852
v -40.6609 18.6724 -7.6021
v -39.7984 21.3115 -8.6292
v -40.6609 18.6724 -7.6021
v -40.8242 18.6836 -9.5267
v -39.7984 21.3115 -8.6292
v -40.8242 18.6836 -9.5267
v -38.8997 18.6979 -9.6899
v -39.7984 21.3115 -8.6292
v -38.8997 18.6979 -9.6899
v -38.7364 18.6867 -7.7654
v -39.7984 21.3115 -8.6292
v -38.7364 18.6867 -7.7654
v -39.6648 18.6772 -7.2852
v -39.7984 21.3115 -8.6292
v -39.6648 18.6772 -7.2852
v -40.8242 18.6836 -9.5267
v -40.6609 18.6724 -7.6021
v -39.6648 18.6772 -7.2852
v -38.8997 18.6979 -9.6899
v -40.8242 18.6836 -9.5267
v -39.6648 18.6772 -7.2852
v -38.7364 18.6867 -7.7654
v -38.8997 18.6979 -9.6899
v -39.6983 19.9921 -7.5646
v -40.8623 19.9903 -8.5466
v -39.8075 22.6246 -8.6207
v -40.8623 19.9903 -8.5466
v -39.8804 20.0046 -9.7106
v -39.8075 22.6246 -8.6207
v -39.8804 20.0046 -9.7106
v -38.7164 20.0063 -8.7286
v -39.8075 22.6246 -8.6207
v -38.7164 20.0063 -8.7286
v -39.6983 19.9921 -7.5646
v -39.8075 22.6246 -8.6207
v -39.6983 19.9921 -7.5646
v -39.8804 20.0046 -9.7106
v -40.8623 19.9903 -8.5466
v -39.6983 19.9921 -7.5646
v -38.7164 20.0063 -8.7286
v -39.8804 20.0046 -9.7106
v -40.2896 21.3044 -8.0469
v -40.3807 21.3106 -9.1204
v -39.8165 23.9378 -8.6123
v -40.3807 21.3106 -9.1204
v -39.3072 21.3186 -9.2114
v -39.8165 23.9378 -8.6123
v -39.3072 21.3186 -9.2114
v -39.2161 21.3123 -8.1380
v -39.8165 23.9378 -8.6123
v -39.2161 21.3123 -8.1380
v -40.2896 21.3044 -8.0469
v -39.8165 23.9378 -8.6123
v -40.2896 21.3044 -8.0469
v -39.3072 21.3186 -9.2114
v -40.3807 21.3106 -9.1204
v -40.2896 21.3044 -8.0469
v -39.2161 21.3123 -8.1380
v -39.3072 21.3186 -9.2114
v -30.7878 18.6282 -22.1090
v -30.8618 18.6236 -22.9628
v -29.6709 20.7148 -22.6472
v -30.8618 18.6236 -22.9628
v -29.4590 18.5344 -23.6923
v -29.6709 20.7148 -22.6472
v -29.4590 18.5344 -23.6923
v -28.7299 18.5067 -22.2867
v -29.6709 20.7148 -22.6472
v -28.7299 18.5067 -22.2867
v -30.1327 18.5958 -21.5573
v -29.6709 20.7148 -22.6472
v -30.1327 18.5958 -21.5573
v -30.7878 18.6282 -22.1090
v -29.6709 20.7148 -22.6472
v -30.7878 18.6282 -22.1090
v -29.4590 18.5344 -23.6923
v -30.8618 18.6236 -22.9628
v -30.7878 18.6282 -22.1090
v -28.7299 18.5067 -22.2867
v -29.4590 18.5344 -23.6923
v -30.7878 18.6282 -22.1090
v -30.1327 18.5958 -21.5573
v -28.7299 18.5067 -22.2867
v -30.5155 19.6897 -22.2293
v -30.1399 19.6554 -23.4196
v -29.6084 21.7897 -22.6584
v -30.1399 19.6554 -23.4196
v -28.9513 19.5903 -23.0427
v -29.6084 21.7897 -22.6584
v -28.9513 19.5903 -23.0427
v -29.3269 19.6245 -21.8524
v -29.6084 21.7897 -22.6584
v -29.3269 19.6245 -21.8524
v -30.5155 19.6897 -22.2293
v -29.6084 21.7897 -22.6584
v -30.5155 19.6897 -22.2293
v -28.9513 19.5903 -23.0427
v -30.1399 19.6554 -23.4196
v -30.5155 19.6897 -22.2293
v -29.3269 19.6245 -21.8524
v -28.9513 19.5903 -23.0427
v -30.2655 20.7474 -22.8358
v -29.4830 20.6977 -23.2427
v -29.5459 22.8646 -22.6697
v -29.4830 20.6977 -23.2427
v -29.0763 20.6822 -22.4587
v -29.5459 22.8646 -22.6697
v -29.0763 20.6822 -22.4587
v -29.8588 20.7320 -22.0518
v -29.5459 22.8646 -22.6697
v -29.8588 20.7320 -22.0518
v -30.2655 20.7474 -22.8358
v -29.5459 22.8646 -22.6697
v -30.2655 20.7474 -22.8358
v -29.0763 20.6822 -22.4587
v -29.4830 20.6977 -23.2427
v -30.2655 20.7474 -22.8358
v -29.8588 20.7320 -22.0518
v -29.0763 20.6822 -22.4587
v -52.8514 18.2934 -12.1238
v -51.4671 18.3469 -12.4718
v -51.8186 21.8073 -10.4062
v -51.4671 18.3469 -12.4718
v -49.8897 18.2518 -10.3577
v -51.8186 21.8073 -10.4062
v -49.8897 18.2518 -10.3577
v -52.0051 18.1053 -8.7860
v -51.8186 21.8073 -10.4062
v -52.0051 18.1053 -8.7860
v -53.5824 18.2004 -10.9001
v -51.8186 21.8073 -10.4062
v -53.5824 18.2004 -10.9001
v -52.8514 18.2934 -12.1238
v -51.8186 21.8073 -10.4062
v -52.8514 18.2934 -12.1238
v -49.8897 18.2518 -10.3577
v -51.4671 18.3469 -12.4718
v -52.8514 18.2934 -12.1238
v -52.0051 18.1053 -8.7860
v -49.8897 18.2518 -10.3577
v -52.8514 18.2934 -12.1238
v -53.5824 18.2004 -10.9001
v -52.0051 18.1053 -8.7860
v -52.6567 20.0698 -11.6962
v -50.5979 20.0984 -11.3938
v -51.8598 23.5980 -10.2949
v -50.5979 20.0984 -11.3938
v -50.8979 19.9637 -9.3389
v -51.8598 23.5980 -10.2949
v -50.8979 19.9637 -9.3389
v -52.9567 19.9351 -9.6413
v -51.8598 23.5980 -10.2949
v -52.9567 19.9351 -9.6413
v -52.6567 20.0698 -11.6962
v -51.8598 23.5980 -10.2949
v -52.6567 20.0698 -11.6962
v -50.8979 19.9637 -9.3389
v -50.5979 20.0984 -11.3938
v -52.6567 20.0698 -11.6962
v -52.9567 19.9351 -9.6413
v -50.8979 19.9637 -9.3389
v -51.6685 21.8747 -11.4342
v -50.7887 21.8217 -10.2549
v -51.9010 25.3886 -10.1835
v -50.7887 21.8217 -10.2549
v -51.9686 21.7400 -9.3782
v -51.9010 25.3886 -10.1835
v -51.9686 21.7400 -9.3782
v -52.8484 21.7930 -10.5575
v -51.9010 25.3886 -10.1835
v -52.8484 21.7930 -10.5575
v -51.6685 21.8747 -11.4342
v -51.9010 25.3886 -10.1835
v -51.6685 21.8747 -11.4342
v -51.9686 21.7400 -9.3782
v -50.7887 21.8217 -10.2549
v -51.6685 21.8747 -11.4342
v -52.8484 21.7930 -10.5575
v -51.9686 21.7400 -9.3782
v -26.1707 17.9946 -43.8547
v -24.9847 17.8726 -43.3967
v -25.7982 21.1836 -42.1890
v -24.9847 17.8726 -43.3967
v -24.9235 17.8682 -41.0376
v -25.7982 21.1836 -42.1890
v -24.9235 17.8682 -41.0376
v -27.2702 18.1102 -40.9763
v -25.7982 21.1836 -42.1890
v -27.2702 18.1102 -40.9763
v -27.3314 18.1147 -43.3354
v -25.7982 21.1836 -42.1890
v -27.3314 18.1147 -43.3354
v -26.1707 17.9946 -43.8547
v -25.7982 21.1836 -42.1890
v -26.1707 17.9946 -43.8547
v -24.9235 17.8682 -41.0376
v -24.9847 17.8726 -43.3967
v -26.1707 17.9946 -43.8547
v -27.2702 18.1102 -40.9763
v -24.9235 17.8682 -41.0376
v -26.1707 17.9946 -43.8547
v -27.3314 18.1147 -43.3354
v -27.2702 18.1102 -40.9763
v -25.9969 19.5900 -43.5031
v -24.6545 19.4525 -42.2220
v -25.6336 22.7796 -42.1903
v -24.6545 19.4525 -42.2220
v -25.9287 19.5850 -40.8725
v -25.6336 22.7796 -42.1903
v -25.9287 19.5850 -40.8725
v -27.2711 19.7225 -42.1536
v -25.6336 22.7796 -42.1903
v -27.2711 19.7225 -42.1536
v -25.9969 19.5900 -43.5031
v -25.6336 22.7796 -42.1903
v -25.9969 19.5900 -43.5031
v -25.9287 19.5850 -40.8725
v -24.6545 19.4525 -42.2220
v -25.9969 19.5900 -43.5031
v -27.2711 19.7225 -42.1536
v -25.9287 19.5850 -40.8725
v -25.1608 21.1173 -42.8641
v -25.1267 21.1148 -41.5482
v -25.4690 24.3757 -42.1915
v -25.1267 21.1148 -41.5482
v -26.4356 21.2498 -41.5140
v -25.4690 24.3757 -42.1915
v -26.4356 21.2498 -41.5140
v -26.4697 21.2523 -42.8299
v -25.4690 24.3757 -42.1915
v -26.4697 21.2523 -42.8299
v -25.1608 21.1173 -42.8641
v -25.4690 24.3757 -42.1915
v -25.1608 21.1173 -42.8641
v -26.4356 21.2498 -41.5140
v -25.1267 21.1148 -41.5482
v -25.1608 21.1173 -42.8641
v -26.4697 21.2523 -42.8299
v -26.4356 21.2498 -41.5140
v -4.8630 18.8626 -31.8745
v -4.6864 18.9079 -32.8354
v -3.7729 21.4026 -32.0521
v -4.6864 18.9079 -32.8354
v -2.9229 19.0341 -33.2092
v -3.7729 21.4026 -32.0521
v -2.9229 19.0341 -33.2092
v -2.5456 18.9957 -31.4423
v -3.7729 21.4026 -32.0521
v -2.5456 18.9957 -31.4423
v -4.3091 18.8695 -31.0685
v -3.7729 21.4026 -32.0521
v -4.3091 18.8695 -31.0685
v -4.8630 18.8626 -31.8745
v -3.7729 21.4026 -32.0521
v -4.8630 18.8626 -31.8745
v -2.9229 19.0341 -33.2092
v -4.6864 18.9079 -32.8354
v -4.8630 18.8626 -31.8745
v -2.5456 18.9957 -31.4423
v -2.9229 19.0341 -33.2092
v -4.8630 18.8626 -31.8745
v -4.3091 18.8695 -31.0685
v -2.5456 18.9957 -31.4423
v -4.6776 20.1069 -31.8871
v -3.9048 20.1986 -33.0806
v -3.8513 22.6280 -32.0087
v -3.9048 20.1986 -33.0806
v -2.7112 20.2475 -32.3039
v -3.8513 22.6280 -32.0087
v -2.7112 20.2475 -32.3039
v -3.4841 20.1558 -31.1104
v -3.8513 22.6280 -32.0087
v -3.4841 20.1558 -31.1104
v -4.6776 20.1069 -31.8871
v -3.8513 22.6280 -32.0087
v -4.6776 20.1069 -31.8871
v -2.7112 20.2475 -32.3039
v -3.9048 20.1986 -33.0806
v -4.6776 20.1069 -31.8871
v -3.4841 20.1558 -31.1104
v -2.7112 20.2475 -32.3039
v -4.3700 21.3781 -32.4406
v -3.3863 21.4485 -32.6491
v -3.9298 23.8534 -31.9653
v -3.3863 21.4485 -32.6491
v -3.1758 21.4271 -31.6636
v -3.9298 23.8534 -31.9653
v -3.1758 21.4271 -31.6636
v -4.1595 21.3567 -31.4551
v -3.9298 23.8534 -31.9653
v -4.1595 21.3567 -31.4551
v -4.3700 21.3781 -32.4406
v -3.9298 23.8534 -31.9653
v -4.3700 21.3781 -32.4406
v -3.1758 21.4271 -31.6636
v -3.3863 21.4485 -32.6491
v -4.3700 21.3781 -32.4406
v -4.1595 21.3567 -31.4551
v -3.1758 21.4271 -31.6636
v -48.1191 17.3780 -38.0476
v -47.6591 17.4177 -39.2671
v -46.1914 20.5251 -37.9152
v -47.6591 17.4177 -39.2671
v -45.2566 17.2541 -39.3520
v -46.1914 20.5251 -37.9152
v -45.2566 17.2541 -39.3520
v -45.1817 17.1071 -36.9482
v -46.1914 20.5251 -37.9152
v -45.1817 17.1071 -36.9482
v -47.5841 17.2707 -36.8633
v -46.1914 20.5251 -37.9152
v -47.5841 17.2707 -36.8633
v -48.1191 17.3780 -38.0476
v -46.1914 20.5251 -37.9152
v -48.1191 17.3780 -38.0476
v -45.2566 17.2541 -39.3520
v -47.6591 17.4177 -39.2671
v -48.1191 17.3780 -38.0476
v -45.1817 17.1071 -36.9482
v -45.2566 17.2541 -39.3520
v -48.1191 17.3780 -38.0476
v -47.5841 17.2707 -36.8633
v -45.1817 17.1071 -36.9482
v -47.6453 18.9850 -37.9641
v -46.3477 18.9757 -39.3516
v -46.0769 22.1565 -37.8190
v -46.3477 18.9757 -39.3516
v -44.9665 18.8026 -38.0587
v -46.0769 22.1565 -37.8190
v -44.9665 18.8026 -38.0587
v -46.2641 18.8118 -36.6712
v -46.0769 22.1565 -37.8190
v -46.2641 18.8118 -36.6712
v -47.6453 18.9850 -37.9641
v -46.0769 22.1565 -37.8190
v -47.6453 18.9850 -37.9641
v -44.9665 18.8026 -38.0587
v -46.3477 18.9757 -39.3516
v -47.6453 18.9850 -37.9641
v -46.2641 18.8118 -36.6712
v -44.9665 18.8026 -38.0587
v -46.8823 20.6118 -38.5620
v -45.5423 20.5205 -38.6093
v -45.9624 23.7879 -37.7228
v -45.5423 20.5205 -38.6093
v -45.5005 20.4385 -37.2685
v -45.9624 23.7879 -37.7228
v -45.5005 20.4385 -37.2685
v -46.8405 20.5298 -37.2211
v -45.9624 23.7879 -37.7228
v -46.8405 20.5298 -37.2211
v -46.8823 20.6118 -38.5620
v -45.9624 23.7879 -37.7228
v -46.8823 20.6118 -38.5620
v -45.5005 20.4385 -37.2685
v -45.5423 20.5205 -38.6093
v -46.8823 20.6118 -38.5620
v -46.8405 20.5298 -37.2211
v -45.5005 20.4385 -37.2685
v -11.7660 22.9328 17.5083
v -12.4142 22.9290 18.4499
v -13.3741 25.7136 17.1064
v -12.4142 22.9290 18.4499
v -14.4767 22.8072 18.0107
v -13.3741 25.7136 17.1064
v -14.4767 22.8072 18.0107
v -14.0344 22.7645 15.9457
v -13.3741 25.7136 17.1064
v -14.0344 22.7645 15.9457
v -11.9720 22.8863 16.3849
v -13.3741 25.7136 17.1064
v -11.9720 22.8863 16.3849
v -11.7660 22.9328 17.5083
v -13.3741 25.7136 17.1064
v -11.7660 22.9328 17.5083
v -14.4767 22.8072 18.0107
v -12.4142 22.9290 18.4499
v -11.7660 22.9328 17.5083
v -14.0344 22.7645 15.9457
v -14.4767 22.8072 18.0107
v -11.7660 22.9328 17.5083
v -11.9720 22.8863 16.3849
v -14.0344 22.7645 15.9457
v -12.1494 24.3480 17.3969
v -13.5458 24.3040 18.3033
v -13.4490 27.1470 17.0606
v -13.5458 24.3040 18.3033
v -14.4491 24.2123 16.9072
v -13.4490 27.1470 17.0606
v -14.4491 24.2123 16.9072
v -13.0526 24.2563 16.0008
v -13.4490 27.1470 17.0606
v -13.0526 24.2563 16.0008
v -12.1494 24.3480 17.3969
v -13.4490 27.1470 17.0606
v -12.1494 24.3480 17.3969
v -14.4491 24.2123 16.9072
v -13.5458 24.3040 18.3033
v -12.1494 24.3480 17.3969
v -13.0526 24.2563 16.0008
v -14.4491 24.2123 16.9072
v -12.9222 25.7595 17.8047
v -14.0727 25.6915 17.5598
v -13.5239 28.5804 17.0149
v -14.0727 25.6915 17.5598
v -13.8260 25.6677 16.4079
v -13.5239 28.5804 17.0149
v -13.8260 25.6677 16.4079
v -12.6756 25.7356 16.6529
v -13.5239 28.5804 17.0149
v -12.6756 25.7356 16.6529
v -12.9222 25.7595 17.8047
v -13.5239 28.5804 17.0149
v -12.9222 25.7595 17.8047
v -13.8260 25.6677 16.4079
v -14.0727 25.6915 17.5598
v -12.9222 25.7595 17.8047
v -12.6756 25.7356 16.6529
v -13.8260 25.6677 16.4079
v 12.9197 20.0286 -47.0076
v 14.0560 20.0417 -47.7299
v 14.3738 23.3797 -45.9140
v 14.0560 20.0417 -47.7299
v 16.0926 19.9980 -46.3015
v 14.3738 23.3797 -45.9140
v 16.0926 19.9980 -46.3015
v 14.6636 19.9535 -44.2654
v 14.3738 23.3797 -45.9140
v 14.6636 19.9535 -44.2654
v 12.6270 19.9973 -45.6937
v 14.3738 23.3797 -45.9140
v 12.6270 19.9973 -45.6937
v 12.9197 20.0286 -47.0076
v 14.3738 23.3797 -45.9140
v 12.9197 20.0286 -47.0076
v 16.0926 19.9980 -46.3015
v 14.0560 20.0417 -47.7299
v 12.9197 20.0286 -47.0076
v 14.6636 19.9535 -44.2654
v 16.0926 19.9980 -46.3015
v 12.9197 20.0286 -47.0076
v 12.6270 19.9973 -45.6937
v 14.6636 19.9535 -44.2654
v 13.2314 21.7131 -46.7521
v 15.1635 21.7135 -47.0910
v 14.3808 25.0708 -45.8721
v 15.1635 21.7135 -47.0910
v 15.5023 21.6643 -45.1594
v 14.3808 25.0708 -45.8721
v 15.5023 21.6643 -45.1594
v 13.5701 21.6639 -44.8206
v 14.3808 25.0708 -45.8721
v 13.5701 21.6639 -44.8206
v 13.2314 21.7131 -46.7521
v 14.3808 25.0708 -45.8721
v 13.2314 21.7131 -46.7521
v 15.5023 21.6643 -45.1594
v 15.1635 21.7135 -47.0910
v 13.2314 21.7131 -46.7521
v 13.5701 21.6639 -44.8206
v 15.5023 21.6643 -45.1594
v 14.2043 23.4043 -46.8802
v 15.3404 23.3799 -46.0835
v 14.3878 26.7618 -45.8303
v 15.3404 23.3799 -46.0835
v 14.5433 23.3551 -44.9477
v 14.3878 26.7618 -45.8303
v 14.5433 23.3551 -44.9477
v 13.4073 23.3795 -45.7444
v 14.3878 26.7618 -45.8303
v 13.4073 23.3795 -45.7444
v 14.2043 23.4043 -46.8802
v 14.3878 26.7618 -45.8303
v 14.2043 23.4043 -46.8802
v 14.5433 23.3551 -44.9477
v 15.3404 23.3799 -46.0835
v 14.2043 23.4043 -46.8802
v 13.4073 23.3795 -45.7444
v 14.5433 23.3551 -44.9477
v -2.2903 22.6251 8.0800
v -3.3268 22.5878 7.2730
v -1.9542 25.9415 6.4250
v -3.3268 22.5878 7.2730
v -2.6832 22.6114 4.9318
v -1.9542 25.9415 6.4250
v -2.6832 22.6114 4.9318
v -0.3434 22.6957 5.5759
v -1.9542 25.9415 6.4250
v -0.3434 22.6957 5.5759
v -0.9871 22.6721 7.9171
v -1.9542 25.9415 6.4250
v -0.9871 22.6721 7.9171
v -2.2903 22.6251 8.0800
v -1.9542 25.9415 6.4250
v -2.2903 22.6251 8.0800
v -2.6832 22.6114 4.9318
v -3.3268 22.5878 7.2730
v -2.2903 22.6251 8.0800
v -0.3434 22.6957 5.5759
v -2.6832 22.6114 4.9318
v -2.2903 22.6251 8.0800
v -0.9871 22.6721 7.9171
v -0.3434 22.6957 5.5759
v -2.2535 24.2785 7.7300
v -3.1991 24.2446 6.0656
v -2.0137 27.5914 6.4252
v -3.1991 24.2446 6.0656
v -1.5358 24.3048 5.1194
v -2.0137 27.5914 6.4252
v -1.5358 24.3048 5.1194
v -0.5902 24.3386 6.7838
v -2.0137 27.5914 6.4252
v -0.5902 24.3386 6.7838
v -2.2535 24.2785 7.7300
v -2.0137 27.5914 6.4252
v -2.2535 24.2785 7.7300
v -1.5358 24.3048 5.1194
v -3.1991 24.2446 6.0656
v -2.2535 24.2785 7.7300
v -0.5902 24.3386 6.7838
v -1.5358 24.3048 5.1194
v -2.7862 25.9114 6.8983
v -2.4272 25.9246 5.5924
v -2.0732 29.2413 6.4255
v -2.4272 25.9246 5.5924
v -1.1221 25.9716 5.9516
v -2.0732 29.2413 6.4255
v -1.1221 25.9716 5.9516
v -1.4812 25.9585 7.2576
v -2.0732 29.2413 6.4255
v -1.4812 25.9585 7.2576
v -2.7862 25.9114 6.8983
v -2.0732 29.2413 6.4255
v -2.7862 25.9114 6.8983
v -1.1221 25.9716 5.9516
v -2.4272 25.9246 5.5924
v -2.7862 25.9114 6.8983
v -1.4812 25.9585 7.2576
v -1.1221 25.9716 5.9516
v -31.4411 17.7624 -43.8907
v -30.5203 17.7599 -44.7912
v -29.9208 21.0186 -43.2660
v -30.5203 17.7599 -44.7912
v -28.3320 17.7887 -43.8561
v -29.9208 21.0186 -43.2660
v -28.3320 17.7887 -43.8561
v -29.2673 17.8056 -41.6678
v -29.9208 21.0186 -43.2660
v -29.2673 17.8056 -41.6678
v -31.4556 17.7768 -42.6029
v -29.9208 21.0186 -43.2660
v -31.4556 17.7768 -42.6029
v -31.4411 17.7624 -43.8907
v -29.9208 21.0186 -43.2660
v -31.4411 17.7624 -43.8907
v -28.3320 17.7887 -43.8561
v -30.5203 17.7599 -44.7912
v -31.4411 17.7624 -43.8907
v -29.2673 17.8056 -41.6678
v -28.3320 17.7887 -43.8561
v -31.4411 17.7624 -43.8907
v -31.4556 17.7768 -42.6029
v -29.2673 17.8056 -41.6678
v -31.1273 19.3846 -43.7691
v -29.3858 19.3913 -44.4678
v -29.9342 22.6366 -43.2843
v -29.3858 19.3913 -44.4678
v -28.6873 19.4167 -42.7264
v -29.9342 22.6366 -43.2843
v -28.6873 19.4167 -42.7264
v -30.4287 19.4101 -42.0277
v -29.9342 22.6366 -43.2843
v -30.4287 19.4101 -42.0277
v -31.1273 19.3846 -43.7691
v -29.9342 22.6366 -43.2843
v -31.1273 19.3846 -43.7691
v -28.6873 19.4167 -42.7264
v -29.3858 19.3913 -44.4678
v -31.1273 19.3846 -43.7691
v -30.4287 19.4101 -42.0277
v -28.6873 19.4167 -42.7264
v -30.2702 21.0059 -44.1371
v -29.0496 21.0219 -43.6155
v -29.9477 24.2545 -43.3026
v -29.0496 21.0219 -43.6155
v -29.5713 21.0314 -42.3949
v -29.9477 24.2545 -43.3026
v -29.5713 21.0314 -42.3949
v -30.7919 21.0153 -42.9165
v -29.9477 24.2545 -43.3026
v -30.7919 21.0153 -42.9165
v -30.2702 21.0059 -44.1371
v -29.9477 24.2545 -43.3026
v -30.2702 21.0059 -44.1371
v -29.5713 21.0314 -42.3949
v -29.0496 21.0219 -43.6155
v -30.2702 21.0059 -44.1371
v -30.7919 21.0153 -42.9165
v -29.5713 21.0314 -42.3949
v -37.2567 18.9345 -6.1597
v -36.5617 19.0210 -6.7279
v -36.3777 21.2258 -5.4517
v -36.5617 19.0210 -6.7279
v -35.0949 19.0715 -5.9384
v -36.3777 21.2258 -5.4517
v -35.0949 19.0715 -5.9384
v -35.8774 18.9194 -4.4749
v -36.3777 21.2258 -5.4517
v -35.8774 18.9194 -4.4749
v -37.3442 18.8690 -5.2644
v -36.3777 21.2258 -5.4517
v -37.3442 18.8690 -5.2644
v -37.2567 18.9345 -6.1597
v -36.3777 21.2258 -5.4517
v -37.2567 18.9345 -6.1597
v -35.0949 19.0715 -5.9384
v -36.5617 19.0210 -6.7279
v -37.2567 18.9345 -6.1597
v -35.8774 18.9194 -4.4749
v -35.0949 19.0715 -5.9384
v -37.2567 18.9345 -6.1597
v -37.3442 18.8690 -5.2644
v -35.8774 18.9194 -4.4749
v -37.1164 20.0699 -5.9667
v -35.8624 20.1828 -6.3425
v -36.4568 22.3536 -5.3768
v -35.8624 20.1828 -6.3425
v -35.4809 20.1261 -5.0864
v -36.4568 22.3536 -5.3768
v -35.4809 20.1261 -5.0864
v -36.7349 20.0132 -4.7106
v -36.4568 22.3536 -5.3768
v -36.7349 20.0132 -4.7106
v -37.1164 20.0699 -5.9667
v -36.4568 22.3536 -5.3768
v -37.1164 20.0699 -5.9667
v -35.4809 20.1261 -5.0864
v -35.8624 20.1828 -6.3425
v -37.1164 20.0699 -5.9667
v -36.7349 20.0132 -4.7106
v -35.4809 20.1261 -5.0864
v -36.5686 21.2542 -6.0800
v -35.7504 21.2823 -5.6396
v -36.5359 23.4814 -5.3018
v -35.7504 21.2823 -5.6396
v -36.1869 21.1975 -4.8233
v -36.5359 23.4814 -5.3018
v -36.1869 21.1975 -4.8233
v -37.0051 21.1693 -5.2637
v -36.5359 23.4814 -5.3018
v -37.0051 21.1693 -5.2637
v -36.5686 21.2542 -6.0800
v -36.5359 23.4814 -5.3018
v -36.5686 21.2542 -6.0800
v -36.1869 21.1975 -4.8233
v -35.7504 21.2823 -5.6396
v -36.5686 21.2542 -6.0800
v -37.0051 21.1693 -5.2637
v -36.1869 21.1975 -4.8233
v -19.5851 20.7616 4.0225
v -20.4374 20.8495 4.1656
v -19.9721 22.9657 3.0004
v -20.4374 20.8495 4.1656
v -21.2872 20.8957 2.8047
v -19.9721 22.9657 3.0004
v -21.2872 20.8957 2.8047
v -19.9346 20.7391 1.9547
v -19.9721 22.9657 3.0004
v -19.9346 20.7391 1.9547
v -19.0848 20.6929 3.3157
v -19.9721 22.9657 3.0004
v -19.0848 20.6929 3.3157
v -19.5851 20.7616 4.0225
v -19.9721 22.9657 3.0004
v -19.5851 20.7616 4.0225
v -21.2872 20.8957 2.8047
v -20.4374 20.8495 4.1656
v -19.5851 20.7616 4.0225
v -19.9346 20.7391 1.9547
v -21.2872 20.8957 2.8047
v -19.5851 20.7616 4.0225
v -19.0848 20.6929 3.3157
v -19.9346 20.7391 1.9547
v -19.6053 21.8542 3.7891
v -20.8332 21.9673 3.5042
v -19.8652 24.0514 2.9705
v -20.8332 21.9673 3.5042
v -20.5529 21.9057 2.2715
v -19.8652 24.0514 2.9705
v -20.5529 21.9057 2.2715
v -19.3249 21.7927 2.5564
v -19.8652 24.0514 2.9705
v -19.3249 21.7927 2.5564
v -19.6053 21.8542 3.7891
v -19.8652 24.0514 2.9705
v -19.6053 21.8542 3.7891
v -20.5529 21.9057 2.2715
v -20.8332 21.9673 3.5042
v -19.6053 21.8542 3.7891
v -19.3249 21.7927 2.5564
v -20.5529 21.9057 2.2715
v -20.1124 22.9965 3.6170
v -20.5864 23.0222 2.8578
v -19.7583 25.1371 2.9406
v -20.5864 23.0222 2.8578
v -19.8319 22.9349 2.3838
v -19.7583 25.1371 2.9406
v -19.8319 22.9349 2.3838
v -19.3579 22.9091 3.1429
v -19.7583 25.1371 2.9406
v -19.3579 22.9091 3.1429
v -20.1124 22.9965 3.6170
v -19.7583 25.1371 2.9406
v -20.1124 22.9965 3.6170
v -19.8319 22.9349 2.3838
v -20.5864 23.0222 2.8578
v -20.1124 22.9965 3.6170
v -19.3579 22.9091 3.1429
v -19.8319 22.9349 2.3838
vt 0.00000 1.00000
vt 0.00000 1.00000
vt 0.00000 1.00000
vt 0.00000 1.00000
vt 0.00000 1.00000
vt 0.00000 1.00000
vt 0.00000 1.00000
vt 0.00000 1.00000
vt 0.00000 1.00000
vt 0.00000 1.00000
vt 0.00000 1.00000
vt 0.00000 1.00000
vt 0.00000 1.00000
vt 0.00000 1.00000
vt 0.00000 1.00000
vt 0.00000 1.00000
vt 0.00000 1.00000
vt 0.00000 1.00000
vt 0.00000 1.00000
vt 0.00000 1.00000
vt 0.00000 1.00000
vt 0.00000 1.00000
vt 0.00000 1.00000
vt 0.00000 1.00000
vt 0.00000 1.00000
vt 0.00000 1.00000
vt 0.00000 1.00000
vt 0.00000 1.00000
vt 0.00000 1.00000
vt 0.00000 1.00000
vt 0.00000 1.00000
vt 0.00000 1.00000
vt 0.00000 1.00000
vt 0.00000 1.00000
vt 0.00000 1.00000
vt 0.00000 1.00000
vt 0.00000 1.00000
vt 0.00000 1.00000
vt 0.00000 1.00000
vt 0.00000 1.00000
vt 0.00000 1.00000
vt 0.00000 1.00000
vt 0.00000 1.00000
vt 0.00000 1.00000
vt 0.00000 1.00000
vt 0.00000 1.00000
vt 0.00000 1.00000
vt 0.00000 1.00000
vt 0.00000 1.00000
vt 0.00000 1.00000
vt 0.00000 1.00000
vt 0.00000 1.00000
vt 0.00000 1.00000
vt 0.00000 1.00000
vt 0.00000 1.00000
vt 0.00000 1.00000
vt 0.00000 1.00000
vt 0.00000 1.00000
vt 0.00000 1.00000
vt 0.00000 1.00000
vt 0.00000 1.00000
vt 0.00000 1.00000
vt 0.00000 1.00000
vt 0.00000 1.00000
vt 0.00000 1.00000
vt 0.00000 1.00000
vt 0.00000 1.00000
vt 0.00000 1.00000
vt 0.00000 1.00000
vt 0.00000 1.00000
vt 0.00000 1.00000
vt 0.00000 1.00000
vt 0.00000 1.00000
vt 0.00000 1.00000
vt 0.00000 1.00000
vt 0.00000 1.00000
vt 0.00000 1.00000
vt 0.00000 1.00000
vt 0.00000 1.00000
vt 0.00000 1.00000
vt 0.00000 1.00000
vt 0.00000 1.00000
vt 0.00000 1.00000
vt 0.00000 1.00000
vt 0.00000 1.00000
vt 0.00000 1.00000
vt 0.00000 1.00000
vt 0.00000 1.00000
vt 0.00000 1.00000
vt 0.00000 1.00000
vt 0.00000 1.00000
vt 0.00000 1.00000
vt 0.00000 1.00000
vt 0.00000 1.00000
vt 0.00000 1.00000
vt 0.00000 1.00000
vt 0.00000 1.00000
vt 0.00000 1.00000
vt 0.00000 1.00000
vt 0.00000 1.00000
vt 0.00000 1.00000
vt 0.00000 1.00000
vt 0.00000 1.00000
vt 0.00000 1.00000
vt 0.00000 1.00000
vt 0.00000 1.00000
vt 0.00000 1.00000
vt 0.00000 1.00000
vt 0.00000 1.00000
vt 0.00000 1.00000
vt 0.00000 1.00000
vt 0.00000 1.00000
vt 0.00000 1.00000
vt 0.00000 1.00000
vt 0.00000 1.00000
vt 0.00000 1.00000
vt 0.00000 1.00000
vt 0.00000 1.00000
vt 0.00000 1.00000
vt 0.00000 1.00000
vt 0.00000 1.00000
vt 0.00000 1.00000
vt 0.00000 1.00000
vt 0.00000 1.00000
vt 0.00000 1.00000
vt 0.00000 1.00000
vt 0.00000 1.00000
vt 0.00000 1.00000
vt 0.00000 1.00000
vt 0.00000 1.00000
vt 0.00000 1.00000
vt 0.00000 1.00000
vt 0.00000 1.00000
vt 0.00000 1.00000
vt 0.00000 1.00000
vt 0.00000 1.00000
vt 0.00000 1.00000
vt 0.00000 1.00000
vt 0.00000 1.00000
vt 0.00000 1.00000
vt 0.00000 1.00000
vt 0.00000 1.00000
vt 0.00000 1.00000
vt 0.00000 1.00000
vt 0.00000 1.00000
vt 0.00000 1.00000
vt 0.00000 1.00000
vt 0.00000 1.00000
vt 0.00000 1.00000
vt 0.00000 1.00000
vt 0.00000 1.00000
vt 0.00000 1.00000
vt 0.00000 1.00000
vt 0.00000 1.00000
vt 0.00000 1.00000
vt 0.00000 1.00000
vt 0.00000 1.00000
vt 0.00000 1.00000
vt 0.00000 1.00000
vt 0.00000 1.00000
vt 0.00000 1.00000
vt 0.00000 1.00000
vt 0.00000 1.00000
vt 0.00000 1.00000
vt 0.00000 1.00000
vt 0.00000 1.00000
vt 0.00000 1.00000
vt 0.00000 1.00000
vt 0.00000 1.00000
vt 0.00000 1.00000
vt 0.00000 1.00000
vt 0.00000 1.00000
vt 0.00000 1.00000
vt 0.00000 1.00000
vt 0.00000 1.00000
vt 0.00000 1.00000
vt 0.00000 1.00000
vt 0.00000 1.00000
vt 0.00000 1.00000
vt 0.00000 1.00000
vt 0.00000 1.00000
vt 0.00000 1.00000
vt 0.00000 1.00000
vt 0.00000 1.00000
vt 0.00000 1.00000
vt 0.00000 1.00000
vt 0.00000 1.00000
vt 0.00000 1.00000
vt 0.00000 1.00000
vt 0.00000 1.00000
vt 0.00000 1.00000
vt 0.00000 1.00000
vt 0.00000 1.00000
vt 0.00000 1.00000
vt 0.00000 1.00000
vt 0.00000 1.00000
vt 0.00000 1.00000
vt 0.00000 1.00000
vt 0.00000 1.00000
vt 0.00000 1.00000
vt 0.00000 1.00000
vt 0.00000 1.00000
vt 0.00000 1.00000
vt 0.00000 1.00000
vt 0.00000 1.00000
vt 0.00000 1.00000
vt 0.00000 1.00000
vt 0.00000 1.00000
vt 0.00000 1.00000
vt 0.00000 1.00000
vt 0.00000 1.00000
vt 0.00000 1.00000
vt 0.00000 1.00000
vt 0.00000 1.00000
vt 0.00000 1.00000
vt 0.00000 1.00000
vt 0.00000 1.00000
vt 0.00000 1.00000
vt 0.00000 1.00000
vt 0.00000 1.00000
vt 0.00000 1.00000
vt 0.00000 1.00000
vt 0.00000 1.00000
vt 0.00000 1.00000
vt 0.00000 1.00000
vt 0.00000 1.00000
vt 0.00000 1.00000
vt 0.00000 1.00000
vt 0.00000 1.00000
vt 0.00000 1.00000
vt 0.00000 1.00000
vt 0.00000 1.00000
vt 0.00000 1.00000
vt 0.00000 1.00000
vt 0.00000 1.00000
vt 0.00000 1.00000
vt 0.00000 1.00000
vt 0.00000 1.00000
vt 0.00000 1.00000
vt 0.00000 1.00000
vt 0.00000 1.00000
vt 0.00000 1.00000
vt 0.00000 1.00000
vt 0.00000 1.00000
vt 0.00000 1.00000
vt 0.00000 1.00000
vt 0.00000 1.00000
vt 0.00000 1.00000
vt 0.00000 1.00000
vt 0.00000 1.00000
vt 0.00000 1.00000
vt 0.00000 1.00000
vt 0.00000 1.00000
vt 0.00000 1.00000
vt 0.00000 1.00000
vt 0.00000 1.00000
vt 0.00000 1.00000
vt 0.00000 1.00000
vt 0.00000 1.00000
vt 0.00000 1.00000
vt 0.00000 1.00000
vt 0.00000 1.00000
vt 0.00000 1.00000
vt 0.00000 1.00000
vt 0.00000 1.00000
vt 0.00000 1.00000
vt 0.00000 1.00000
vt 0.00000 1.00000
vt 0.00000 1.00000
vt 0.00000 1.00000
vt 0.00000 1.00000
vt 0.00000 1.00000
vt 0.00000 1.00000
vt 0.00000 1.00000
vt 0.00000 1.00000
vt 0.00000 1.00000
vt 0.00000 1.00000
vt 0.00000 1.00000
vt 0.00000 1.00000
vt 0.00000 1.00000
vt 0.00000 1.00000
vt 0.00000 1.00000
vt 0.00000 1.00000
vt 0.00000 1.00000
vt 0.00000 1.00000
vt 0.00000 1.00000
vt 0.00000 1.00000
vt 0.00000 1.00000
vt 0.00000 1.00000
vt 0.00000 1.00000
vt 0.00000 1.00000
vt 0.00000 1.00000
vt 0.00000 1.00000
vt 0.00000 1.00000
vt 0.00000 1.00000
vt 0.00000 1.00000
vt 0.00000 1.00000
vt 0.00000 1.00000
vt 0.00000 1.00000
vt 0.00000 1.00000
vt 0.00000 1.00000
vt 0.00000 1.00000
vt 0.00000 1.00000
vt 0.00000 1.00000
vt 0.00000 1.00000
vt 0.00000 1.00000
vt 0.00000 1.00000
vt 0.00000 1.00000
vt 0.00000 1.00000
vt 0.00000 1.00000
vt 0.00000 1.00000
vt 0.00000 1.00000
vt 0.00000 1.00000
vt 0.00000 1.00000
vt 0.00000 1.00000
vt 0.00000 1.00000
vt 0.00000 1.00000
vt 0.00000 1.00000
vt 0.00000 1.00000
vt 0.00000 1.00000
vt 0.00000 1.00000
vt 0.00000 1.00000
vt 0.00000 1.00000
vt 0.00000 1.00000
vt 0.00000 1.00000
vt 0.00000 1.00000
vt 0.00000 1.00000
vt 0.00000 1.00000
vt 0.00000 1.00000
vt 0.00000 1.00000
vt 0.00000 1.00000
vt 0.00000 1.00000
vt 0.00000 1.00000
vt 0.00000 1.00000
vt 0.00000 1.00000
vt 0.00000 1.00000
vt 0.00000 1.00000
vt 0.00000 1.00000
vt 0.00000 1.00000
vt 0.00000 1.00000
vt 0.00000 1.00000
vt 0.00000 1.00000
vt 0.00000 1.00000
vt 0.00000 1.00000
vt 0.00000 1.00000
vt 0.00000 1.00000
vt 0.00000 1.00000
vt 0.00000 1.00000
vt 0.00000 1.00000
vt 0.00000 1.00000
vt 0.00000 1.00000
vt 0.00000 1.00000
vt 0.00000 1.00000
vt 0.00000 1.00000
vt 0.00000 1.00000
vt 0.00000 1.00000
vt 0.00000 1.00000
vt 0.00000 1.00000
vt 0.00000 1.00000
vt 0.00000 1.00000
vt 0.00000 1.00000
vt 0.00000 1.00000
vt 0.00000 1.00000
vt 0.00000 1.00000
vt 0.00000 1.00000
vt 0.00000 1.00000
vt 0.00000 1.00000
vt 0.00000 1.00000
vt 0.00000 1.00000
vt 0.00000 1.00000
vt 0.00000 1.00000
vt 0.00000 1.00000
vt 0.00000 1.00000
vt 0.00000 1.00000
vt 0.00000 1.00000
vt 0.00000 1.00000
vt 0.00000 1.00000
vt 0.00000 1.00000
vt 0.00000 1.00000
vt 0.00000 1.00000
vt 0.00000 1.00000
vt 0.00000 1.00000
vt 0.00000 1.00000
vt 0.00000 1.00000
vt 0.00000 1.00000
vt 0.00000 1.00000
vt 0.00000 1.00000
vt 0.00000 1.00000
vt 0.00000 1.00000
vt 0.00000 1.00000
vt 0.00000 1.00000
vt 0.00000 1.00000
vt 0.00000 1.00000
vt 0.00000 1.00000
vt 0.00000 1.00000
vt 0.00000 1.00000
vt 0.00000 1.00000
vt 0.00000 1.00000
vt 0.00000 1.00000
vt 0.00000 1.00000
vt 0.00000 1.00000
vt 0.00000 1.00000
vt 0.00000 1.00000
vt 0.00000 1.00000
vt 0.00000 1.00000
vt 0.00000 1.00000
vt 0.00000 1.00000
vt 0.00000 1.00000
vt 0.00000 1.00000
vt 0.00000 1.00000
vt 0.00000 1.00000
vt 0.00000 1.00000
vt 0.00000 1.00000
vt 0.00000 1.00000
vt 0.00000 1.00000
vt 0.00000 1.00000
vt 0.00000 1.00000
vt 0.00000 1.00000
vt 0.00000 1.00000
vt 0.00000 1.00000
vt 0.00000 1.00000
vt 0.00000 1.00000
vt 0.00000 1.00000
vt 0.00000 1.00000
vt 0.00000 1.00000
vt 0.00000 1.00000
vt 0.00000 1.00000
vt 0.00000 1.00000
vt 0.00000 1.00000
vt 0.00000 1.00000
vt 0.00000 1.00000
vt 0.00000 1.00000
vt 0.00000 1.00000
vt 0.00000 1.00000
vt 0.00000 1.00000
vt 0.00000 1.00000
vt 0.00000 1.00000
vt 0.00000 1.00000
vt 0.00000 1.00000
vt 0.00000 1.00000
vt 0.00000 1.00000
vt 0.00000 1.00000
vt 0.00000 1.00000
vt 0.00000 1.00000
vt 0.00000 1.00000
vt 0.00000 1.00000
vt 0.00000 1.00000
vt 0.00000 1.00000
vt 0.00000 1.00000
vt 0.00000 1.00000
vt 0.00000 1.00000
vt 0.00000 1.00000
vt 0.00000 1.00000
vt 0.00000 1.00000
vt 0.00000 1.00000
vt 0.00000 1.00000
vt 0.00000 1.00000
vt 0.00000 1.00000
vt 0.00000 1.00000
vt 0.00000 1.00000
vt 0.00000 1.00000
vt 0.00000 1.00000
vt 0.00000 1.00000
vt 0.00000 1.00000
vt 0.00000 1.00000
vt 0.00000 1.00000
vt 0.00000 1.00000
vt 0.00000 1.00000
vt 0.00000 1.00000
vt 0.00000 1.00000
vt 0.00000 1.00000
vt 0.00000 1.00000
vt 0.00000 1.00000
vt 0.00000 1.00000
vt 0.00000 1.00000
vt 0.00000 1.00000
vt 0.00000 1.00000
vt 0.00000 1.00000
vt 0.00000 1.00000
vt 0.00000 1.00000
vt 0.00000 1.00000
vt 0.00000 1.00000
vt 0.00000 1.00000
vt 0.00000 1.00000
vt 0.00000 1.00000
vt 0.00000 1.00000
vt 0.00000 1.00000
vt 0.00000 1.00000
vt 0.00000 1.00000
vt 0.00000 1.00000
vt 0.00000 1.00000
vt 0.00000 1.00000
vt 0.00000 1.00000
vt 0.00000 1.00000
vt 0.00000 1.00000
vt 0.00000 1.00000
vt 0.00000 1.00000
vt 0.00000 1.00000
vt 0.00000 1.00000
vt 0.00000 1.00000
vt 0.00000 1.00000
vt 0.00000 1.00000
vt 0.00000 1.00000
vt 0.00000 1.00000
vt 0.00000 1.00000
vt 0.00000 1.00000
vt 0.00000 1.00000
vt 0.00000 1.00000
vt 0.00000 1.00000
vt 0.00000 1.00000
vt 0.00000 1.00000
vt 0.00000 1.00000
vt 0.00000 1.00000
vt 0.00000 1.00000
vt 0.00000 1.00000
vt 0.00000 1.00000
vt 0.00000 1.00000
vt 0.00000 1.00000
vt 0.00000 1.00000
vt 0.00000 1.00000
vt 0.00000 1.00000
vt 0.00000 1.00000
vt 0.00000 1.00000
vt 0.00000 1.00000
vt 0.00000 1.00000
vt 0.00000 1.00000
vt 0.00000 1.00000
vt 0.00000 1.00000
vt 0.00000 1.00000
vt 0.00000 1.00000
vt 0.00000 1.00000
vt 0.00000 1.00000
vt 0.00000 1.00000
vt 0.00000 1.00000
vt 0.00000 1.00000
vt 0.00000 1.00000
vt 0.00000 1.00000
vt 0.00000 1.00000
vt 0.00000 1.00000
vt 0.00000 1.00000
vt 0.00000 1.00000
vt 0.00000 1.00000
vt 0.00000 1.00000
vt 0.00000 1.00000
vt 0.00000 1.00000
vt 0.00000 1.00000
vt 0.00000 1.00000
vt 0.00000 1.00000
vt 0.00000 1.00000
vt 0.00000 1.00000
vt 0.00000 1.00000
vt 0.00000 1.00000
vt 0.00000 1.00000
vt 0.00000 1.00000
vt 0.00000 1.00000
vt 0.00000 1.00000
vt 0.00000 1.00000
vt 0.00000 1.00000
vt 0.00000 1.00000
vt 0.00000 1.00000
vt 0.00000 1.00000
vt 0.00000 1.00000
vt 0.00000 1.00000
vt 0.00000 1.00000
vt 0.00000 1.00000
vt 0.00000 1.00000
vt 0.00000 1.00000
vt 0.00000 1.00000
vt 0.00000 1.00000
vt 0.00000 1.00000
vt 0.00000 1.00000
vt 0.00000 1.00000
vt 0.00000 1.00000
vt 0.00000 1.00000
vt 0.00000 1.00000
vt 0.00000 1.00000
vt 0.00000 1.00000
vt 0.00000 1.00000
vt 0.00000 1.00000
vt 0.00000 1.00000
vt 0.00000 1.00000
vt 0.00000 1.00000
vt 0.00000 1.00000
vt 0.00000 1.00000
vt 0.00000 1.00000
vt 0.00000 1.00000
vt 0.00000 1.00000
vt 0.00000 1.00000
vt 0.00000 1.00000
vt 0.00000 1.00000
vt 0.00000 1.00000
vt 0.00000 1.00000
vt 0.00000 1.00000
vt 0.00000 1.00000
vt 0.00000 1.00000
vt 0.00000 1.00000
vt 0.00000 1.00000
vt 0.00000 1.00000
vt 0.00000 1.00000
vt 0.00000 1.00000
vt 0.00000 1.00000
vt 0.00000 1.00000
vt 0.00000 1.00000
vt 0.00000 1.00000
vt 0.00000 1.00000
vt 0.00000 1.00000
vt 0.00000 1.00000
vt 0.00000 1.00000
vt 0.00000 1.00000
vt 0.00000 1.00000
vt 0.00000 1.00000
vt 0.00000 1.00000
vt 0.00000 1.00000
vt 0.00000 1.00000
vt 0.00000 1.00000
vt 0.00000 1.00000
vt 0.00000 1.00000
vt 0.00000 1.00000
vt 0.00000 1.00000
vt 0.00000 1.00000
vt 0.00000 1.00000
vt 0.00000 1.00000
vt 0.00000 1.00000
vt 0.00000 1.00000
vt 0.00000 1.00000
vt 0.00000 1.00000
vt 0.00000 1.00000
vt 0.00000 1.00000
vt 0.00000 1.00000
vt 0.00000 1.00000
vt 0.00000 1.00000
vt 0.00000 1.00000
vt 0.00000 1.00000
vt 0.00000 1.00000
vt 0.00000 1.00000
vt 0.00000 1.00000
vt 0.00000 1.00000
vt 0.00000 1.00000
vt 0.00000 1.00000
vt 0.00000 1.00000
vt 0.00000 1.00000
vt 0.00000 1.00000
vt 0.00000 1.00000
vt 0.00000 1.00000
vt 0.00000 1.00000
vt 0.00000 1.00000
vt 0.00000 1.00000
vt 0.00000 1.00000
vt 0.00000 1.00000
vt 0.00000 1.00000
vt 0.00000 1.00000
vt 0.00000 1.00000
vt 0.00000 1.00000
vt 0.00000 1.00000
vt 0.00000 1.00000
vt 0.00000 1.00000
vt 0.00000 1.00000
vt 0.00000 1.00000
vt 0.00000 1.00000
vt 0.00000 1.00000
vt 0.00000 1.00000
vt 0.00000 1.00000
vt 0.00000 1.00000
vt 0.00000 1.00000
vt 0.00000 1.00000
vt 0.00000 1.00000
vt 0.00000 1.00000
vt 0.00000 1.00000
vt 0.00000 1.00000
vt 0.00000 1.00000
vt 0.00000 1.00000
vt 0.00000 1.00000
vt 0.00000 1.00000
vt 0.00000 1.00000
vt 0.00000 1.00000
vt 0.00000 1.00000
vt 0.00000 1.00000
vt 0.00000 1.00000
vt 0.00000 1.00000
vt 0.00000 1.00000
vt 0.00000 1.00000
vt 0.00000 1.00000
vt 0.00000 1.00000
vt 0.00000 1.00000
vt 0.00000 1.00000
vt 0.00000 1.00000
vt 0.00000 1.00000
vt 0.00000 1.00000
vt 0.00000 1.00000
vt 0.00000 1.00000
vt 0.00000 1.00000
vt 0.00000 1.00000
vt 0.00000 1.00000
vt 0.00000 1.00000
vt 0.00000 1.00000
vt 0.00000 1.00000
vt 0.00000 1.00000
vt 0.00000 1.00000
vt 0.00000 1.00000
vt 0.00000 1.00000
vt 0.00000 1.00000
vt 0.00000 1.00000
vt 0.00000 1.00000
vt 0.00000 1.00000
vt 0.00000 1.00000
vt 0.00000 1.00000
vt 0.00000 1.00000
vt 0.00000 1.00000
vt 0.00000 1.00000
vt 0.00000 1.00000
vt 0.00000 1.00000
vt 0.00000 1.00000
vt 0.00000 1.00000
vt 0.00000 1.00000
vt 0.00000 1.00000
vt 0.00000 1.00000
vt 0.00000 1.00000
vt 0.00000 1.00000
vt 0.00000 1.00000
vt 0.00000 1.00000
vt 0.00000 1.00000
vt 0.00000 1.00000
vt 0.00000 1.00000
vt 0.00000 1.00000
vt 0.00000 1.00000
vt 0.00000 1.00000
vt 0.00000 1.00000
vt 0.00000 1.00000
vt 0.00000 1.00000
vt 0.00000 1.00000
vt 0.00000 1.00000
vt 0.00000 1.00000
vt 0.00000 1.00000
vt 0.00000 1.00000
vt 0.00000 1.00000
vt 0.00000 1.00000
vt 0.00000 1.00000
vt 0.00000 1.00000
vt 0.00000 1.00000
vt 0.00000 1.00000
vt 0.00000 1.00000
vt 0.00000 1.00000
vt 0.00000 1.00000
vt 0.00000 1.00000
vt 0.00000 1.00000
vt 0.00000 1.00000
vt 0.00000 1.00000
vt 0.00000 1.00000
vt 0.00000 1.00000
vt 0.00000 1.00000
vt 0.00000 1.00000
vt 0.00000 1.00000
vt 0.00000 1.00000
vt 0.00000 1.00000
vt 0.00000 1.00000
vt 0.00000 1.00000
vt 0.00000 1.00000
vt 0.00000 1.00000
vt 0.00000 1.00000
vt 0.00000 1.00000
vt 0.00000 1.00000
vt 0.00000 1.00000
vt 0.00000 1.00000
vt 0.00000 1.00000
vt 0.00000 1.00000
vt 0.00000 1.00000
vt 0.00000 1.00000
vt 0.00000 1.00000
vt 0.00000 1.00000
vt 0.00000 1.00000
vt 0.00000 1.00000
vt 0.00000 1.00000
vt 0.00000 1.00000
vt 0.00000 1.00000
vt 0.00000 1.00000
vt 0.00000 1.00000
vt 0.00000 1.00000
vt 0.00000 1.00000
vt 0.00000 1.00000
vt 0.00000 1.00000
vt 0.00000 1.00000
vt 0.00000 1.00000
vt 0.00000 1.00000
vt 0.00000 1.00000
vt 0.00000 1.00000
vt 0.00000 1.00000
vt 0.00000 1.00000
vt 0.00000 1.00000
vt 0.00000 1.00000
vt 0.00000 1.00000
vt 0.00000 1.00000
vt 0.00000 1.00000
vt 0.00000 1.00000
vt 0.00000 1.00000
vt 0.00000 1.00000
vt 0.00000 1.00000
vt 0.00000 1.00000
vt 0.00000 1.00000
vt 0.00000 1.00000
vt 0.00000 1.00000
vt 0.00000 1.00000
vt 0.00000 1.00000
vt 0.00000 1.00000
vt 0.00000 1.00000
vt 0.00000 1.00000
vt 0.00000 1.00000
vt 0.00000 1.00000
vt 0.00000 1.00000
vt 0.00000 1.00000
vt 0.00000 1.00000
vt 0.00000 1.00000
vt 0.00000 1.00000
vt 0.00000 1.00000
vt 0.00000 1.00000
vt 0.00000 1.00000
vt 0.00000 1.00000
vt 0.00000 1.00000
vt 0.00000 1.00000
vt 0.00000 1.00000
vt 0.00000 1.00000
vt 0.00000 1.00000
vt 0.00000 1.00000
vt 0.00000 1.00000
vt 0.00000 1.00000
vt 0.00000 1.00000
vt 0.00000 1.00000
vt 0.00000 1.00000
vt 0.00000 1.00000
vt 0.00000 1.00000
vt 0.00000 1.00000
vt 0.00000 1.00000
vt 0.00000 1.00000
vt 0.00000 1.00000
vt 0.00000 1.00000
vt 0.00000 1.00000
vt 0.00000 1.00000
vt 0.00000 1.00000
vt 0.00000 1.00000
vt 0.00000 1.00000
vt 0.00000 1.00000
vt 0.00000 1.00000
vt 0.00000 1.00000
vt 0.00000 1.00000
vt 0.00000 1.00000
vt 0.00000 1.00000
vt 0.00000 1.00000
vt 0.00000 1.00000
vt 0.00000 1.00000
vt 0.00000 1.00000
vt 0.00000 1.00000
vt 0.00000 1.00000
vt 0.00000 1.00000
vt 0.00000 1.00000
vt 0.00000 1.00000
vt 0.00000 1.00000
vt 0.00000 1.00000
vt 0.00000 1.00000
vt 0.00000 1.00000
vt 0.00000 1.00000
vt 0.00000 1.00000
vt 0.00000 1.00000
vt 0.00000 1.00000
vt 0.00000 1.00000
vt 0.00000 1.00000
vt 0.00000 1.00000
vt 0.00000 1.00000
vt 0.00000 1.00000
vt 0.00000 1.00000
vt 0.00000 1.00000
vt 0.00000 1.00000
vt 0.00000 1.00000
vt 0.00000 1.00000
vt 0.00000 1.00000
vt 0.00000 1.00000
vt 0.00000 1.00000
vt 0.00000 1.00000
vt 0.00000 1.00000
vt 0.00000 1.00000
vt 0.00000 1.00000
vt 0.00000 1.00000
vt 0.00000 1.00000
vt 0.00000 1.00000
vt 0.00000 1.00000
vt 0.00000 1.00000
vt 0.00000 1.00000
vt 0.00000 1.00000
vt 0.00000 1.00000
vt 0.00000 1.00000
vt 0.00000 1.00000
vt 0.00000 1.00000
vt 0.00000 1.00000
vt 0.00000 1.00000
vt 0.00000 1.00000
vt 0.00000 1.00000
vt 0.00000 1.00000
vt 0.00000 1.00000
vt 0.00000 1.00000
vt 0.00000 1.00000
vt 0.00000 1.00000
vt 0.00000 1.00000
vt 0.00000 1.00000
vt 0.00000 1.00000
vt 0.00000 1.00000
vt 0.00000 1.00000
vt 0.00000 1.00000
vt 0.00000 1.00000
vt 0.00000 1.00000
vt 0.00000 1.00000
vt 0.00000 1.00000
vt 0.00000 1.00000
vt 0.00000 1.00000
vt 0.00000 1.00000
vt 0.00000 1.00000
vt 0.00000 1.00000
vt 0.00000 1.00000
vt 0.00000 1.00000
vt 0.00000 1.00000
vt 0.00000 1.00000
vt 0.00000 1.00000
vt 0.00000 1.00000
vt 0.00000 1.00000
vt 0.00000 1.00000
vt 0.00000 1.00000
vt 0.00000 1.00000
vt 0.00000 1.00000
vt 0.00000 1.00000
vt 0.00000 1.00000
vt 0.00000 1.00000
vt 0.00000 1.00000
vt 0.00000 1.00000
vt 0.00000 1.00000
vt 0.00000 1.00000
vt 0.00000 1.00000
vt 0.00000 1.00000
vt 0.00000 1.00000
vt 0.00000 1.00000
vt 0.00000 1.00000
vt 0.00000 1.00000
vt 0.00000 1.00000
vt 0.00000 1.00000
vt 0.00000 1.00000
vt 0.00000 1.00000
vt 0.00000 1.00000
vt 0.00000 1.00000
vt 0.00000 1.00000
vt 0.00000 1.00000
vt 0.00000 1.00000
vt 0.00000 1.00000
vt 0.00000 1.00000
vt 0.00000 1.00000
vt 0.00000 1.00000
vt 0.00000 1.00000
vt 0.00000 1.00000
vt 0.00000 1.00000
vt 0.00000 1.00000
vt 0.00000 1.00000
vt 0.00000 1.00000
vt 0.00000 1.00000
vt 0.00000 1.00000
vt 0.00000 1.00000
vt 0.00000 1.00000
vt 0.00000 1.00000
vt 0.00000 1.00000
vt 0.00000 1.00000
vt 0.00000 1.00000
vt 0.00000 1.00000
vt 0.00000 1.00000
vt 0.00000 1.00000
vt 0.00000 1.00000
vt 0.00000 1.00000
vt 0.00000 1.00000
vt 0.00000 1.00000
vt 0.00000 1.00000
vt 0.00000 1.00000
vt 0.00000 1.00000
vt 0.00000 1.00000
vt 0.00000 1.00000
vt 0.00000 1.00000
vt 0.00000 1.00000
vt 0.00000 1.00000
vt 0.00000 1.00000
vt 0.00000 1.00000
vt 0.00000 1.00000
vt 0.00000 1.00000
vt 0.00000 1.00000
vt 0.00000 1.00000
vt 0.00000 1.00000
vt 0.00000 1.00000
vt 0.00000 1.00000
vt 0.00000 1.00000
vt 0.00000 1.00000
vt 0.00000 1.00000
vt 0.00000 1.00000
vt 0.00000 1.00000
vt 0.00000 1.00000
vt 0.00000 1.00000
vt 0.00000 1.00000
vt 0.00000 1.00000
vt 0.00000 1.00000
vt 0.00000 1.00000
vt 0.00000 1.00000
vt 0.00000 1.00000
vt 0.00000 1.00000
vt 0.00000 1.00000
vt 0.00000 1.00000
vt 0.00000 1.00000
vt 0.00000 1.00000
vt 0.00000 1.00000
vt 0.00000 1.00000
vt 0.00000 1.00000
vt 0.00000 1.00000
vt 0.00000 1.00000
vt 0.00000 1.00000
vt 0.00000 1.00000
vt 0.00000 1.00000
vt 0.00000 1.00000
vt 0.00000 1.00000
vt 0.00000 1.00000
vt 0.00000 1.00000
vt 0.00000 1.00000
vt 0.00000 1.00000
vt 0.00000 1.00000
vt 0.00000 1.00000
vt 0.00000 1.00000
vt 0.00000 1.00000
vt 0.00000 1.00000
vt 0.00000 1.00000
vt 0.00000 1.00000
vt 0.00000 1.00000
vt 0.00000 1.00000
vt 0.00000 1.00000
vt 0.00000 1.00000
vt 0.00000 1.00000
vt 0.00000 1.00000
vt 0.00000 1.00000
vt 0.00000 1.00000
vt 0.00000 1.00000
vt 0.00000 1.00000
vt 0.00000 1.00000
vt 0.00000 1.00000
vt 0.00000 1.00000
vt 0.00000 1.00000
vt 0.00000 1.00000
vt 0.00000 1.00000
vt 0.00000 1.00000
vt 0.00000 1.00000
vt 0.00000 1.00000
vt 0.00000 1.00000
vt 0.00000 1.00000
vt 0.00000 1.00000
vt 0.00000 1.00000
vt 0.00000 1.00000
vt 0.00000 1.00000
vt 0.00000 1.00000
vt 0.00000 1.00000
vt 0.00000 1.00000
vt 0.00000 1.00000
vt 0.00000 1.00000
vt 0.00000 1.00000
vt 0.00000 1.00000
vt 0.00000 1.00000
vt 0.00000 1.00000
vt 0.00000 1.00000
vt 0.00000 1.00000
vt 0.00000 1.00000
vt 0.00000 1.00000
vt 0.00000 1.00000
vt 0.00000 1.00000
vt 0.00000 1.00000
vt 0.00000 1.00000
vt 0.00000 1.00000
vt 0.00000 1.00000
vt 0.00000 1.00000
vt 0.00000 1.00000
vt 0.00000 1.00000
vt 0.00000 1.00000
vt 0.00000 1.00000
vt 0.00000 1.00000
vt 0.00000 1.00000
vt 0.00000 1.00000
vt 0.00000 1.00000
vt 0.00000 1.00000
vt 0.00000 1.00000
vt 0.00000 1.00000
vt 0.00000 1.00000
vt 0.00000 1.00000
vt 0.00000 1.00000
vt 0.00000 1.00000
vt 0.00000 1.00000
vt 0.00000 1.00000
vt 0.00000 1.00000
vt 0.00000 1.00000
vt 0.00000 1.00000
vt 0.00000 1.00000
vt 0.00000 1.00000
vt 0.00000 1.00000
vt 0.00000 1.00000
vt 0.00000 1.00000
vt 0.00000 1.00000
vt 0.00000 1.00000
vt 0.00000 1.00000
vt 0.00000 1.00000
vt 0.00000 1.00000
vt 0.00000 1.00000
vt 0.00000 1.00000
vt 0.00000 1.00000
vt 0.00000 1.00000
vt 0.00000 1.00000
vt 0.00000 1.00000
vt 0.00000 1.00000
vt 0.00000 1.00000
vt 0.00000 1.00000
vt 0.00000 1.00000
vt 0.00000 1.00000
vt 0.00000 1.00000
vt 0.00000 1.00000
vt 0.00000 1.00000
vt 0.00000 1.00000
vt 0.00000 1.00000
vt 0.00000 1.00000
vt 0.00000 1.00000
vt 0.00000 1.00000
vt 0.00000 1.00000
vt 0.00000 1.00000
vt 0.00000 1.00000
vt 0.00000 1.00000
vt 0.00000 1.00000
vt 0.00000 1.00000
vt 0.00000 1.00000
vt 0.00000 1.00000
vt 0.00000 1.00000
vt 0.00000 1.00000
vt 0.00000 1.00000
vt 0.00000 1.00000
vt 0.00000 1.00000
vt 0.00000 1.00000
vt 0.00000 1.00000
vt 0.00000 1.00000
vt 0.00000 1.00000
vt 0.00000 1.00000
vt 0.00000 1.00000
vt 0.00000 1.00000
vt 0.00000 1.00000
vt 0.00000 1.00000
vt 0.00000 1.00000
vt 0.00000 1.00000
vt 0.00000 1.00000
vt 0.00000 1.00000
vt 0.00000 1.00000
vt 0.00000 1.00000
vt 0.00000 1.00000
vt 0.00000 1.00000
vt 0.00000 1.00000
vt 0.00000 1.00000
vt 0.00000 1.00000
vt 0.00000 1.00000
vt 0.00000 1.00000
vt 0.00000 1.00000
vt 0.00000 1.00000
vt 0.00000 1.00000
vt 0.00000 1.00000
vt 0.00000 1.00000
vt 0.00000 1.00000
vt 0.00000 1.00000
vt 0.00000 1.00000
vt 0.00000 1.00000
vt 0.00000 1.00000
vt 0.00000 1.00000
vt 0.00000 1.00000
vt 0.00000 1.00000
vt 0.00000 1.00000
vt 0.00000 1.00000
vt 0.00000 1.00000
vt 0.00000 1.00000
vt 0.00000 1.00000
vt 0.00000 1.00000
vt 0.00000 1.00000
vt 0.00000 1.00000
vt 0.00000 1.00000
vt 0.00000 1.00000
vt 0.00000 1.00000
vt 0.00000 1.00000
vt 0.00000 1.00000
vt 0.00000 1.00000
vt 0.00000 1.00000
vt 0.00000 1.00000
vt 0.00000 1.00000
vt 0.00000 1.00000
vt 0.00000 1.00000
vt 0.00000 1.00000
vt 0.00000 1.00000
vt 0.00000 1.00000
vt 0.00000 1.00000
vt 0.00000 1.00000
vt 0.00000 1.00000
vt 0.00000 1.00000
vt 0.00000 1.00000
vt 0.00000 1.00000
vt 0.00000 1.00000
vt 0.00000 1.00000
vt 0.00000 1.00000
vt 0.00000 1.00000
vt 0.00000 1.00000
vt 0.00000 1.00000
vt 0.00000 1.00000
vt 0.00000 1.00000
vt 0.00000 1.00000
vt 0.00000 1.00000
vt 0.00000 1.00000
vt 0.00000 1.00000
vt 0.00000 1.00000
vt 0.00000 1.00000
vt 0.00000 1.00000
vt 0.00000 1.00000
vt 0.00000 1.00000
vt 0.00000 1.00000
vt 0.00000 1.00000
vt 0.00000 1.00000
vt 0.00000 1.00000
vt 0.00000 1.00000
vt 0.00000 1.00000
vt 0.00000 1.00000
vt 0.00000 1.00000
vt 0.00000 1.00000
vt 0.00000 1.00000
vt 0.00000 1.00000
vt 0.00000 1.00000
vt 0.00000 1.00000
vt 0.00000 1.00000
vt 0.00000 1.00000
vt 0.00000 1.00000
vt 0.00000 1.00000
vt 0.00000 1.00000
vt 0.00000 1.00000
vt 0.00000 1.00000
vt 0.00000 1.00000
vt 0.00000 1.00000
vt 0.00000 1.00000
vt 0.00000 1.00000
vt 0.00000 1.00000
vt 0.00000 1.00000
vt 0.00000 1.00000
vt 0.00000 1.00000
vt 0.00000 1.00000
vt 0.00000 1.00000
vt 0.00000 1.00000
vt 0.00000 1.00000
vt 0.00000 1.00000
vt 0.00000 1.00000
vt 0.00000 1.00000
vt 0.00000 1.00000
vt 0.00000 1.00000
vt 0.00000 1.00000
vt 0.00000 1.00000
vt 0.00000 1.00000
vt 0.00000 1.00000
vt 0.00000 1.00000
vt 0.00000 1.00000
vt 0.00000 1.00000
vt 0.00000 1.00000
vt 0.00000 1.00000
vt 0.00000 1.00000
vt 0.00000 1.00000
vt 0.00000 1.00000
vt 0.00000 1.00000
vt 0.00000 1.00000
vt 0.00000 1.00000
vt 0.00000 1.00000
vt 0.00000 1.00000
vt 0.00000 1.00000
vt 0.00000 1.00000
vt 0.00000 1.00000
vt 0.00000 1.00000
vt 0.00000 1.00000
vt 0.00000 1.00000
vt 0.00000 1.00000
vt 0.00000 1.00000
vt 0.00000 1.00000
vt 0.00000 1.00000
vt 0.00000 1.00000
vt 0.00000 1.00000
vt 0.00000 1.00000
vt 0.00000 1.00000
vt 0.00000 1.00000
vt 0.00000 1.00000
vt 0.00000 1.00000
vt 0.00000 1.00000
vt 0.00000 1.00000
vt 0.00000 1.00000
vt 0.00000 1.00000
vt 0.00000 1.00000
vt 0.00000 1.00000
vt 0.00000 1.00000
vt 0.00000 1.00000
vt 0.00000 1.00000
vt 0.00000 1.00000
vt 0.00000 1.00000
vt 0.00000 1.00000
vt 0.00000 1.00000
vt 0.00000 1.00000
vt 0.00000 1.00000
vt 0.00000 1.00000
vt 0.00000 1.00000
vt 0.00000 1.00000
vt 0.00000 1.00000
vt 0.00000 1.00000
vt 0.00000 1.00000
vt 0.00000 1.00000
vt 0.00000 1.00000
vt 0.00000 1.00000
vt 0.00000 1.00000
vt 0.00000 1.00000
vt 0.00000 1.00000
vt 0.00000 1.00000
vt 0.00000 1.00000
vt 0.00000 1.00000
vt 0.00000 1.00000
vt 0.00000 1.00000
vt 0.00000 1.00000
vt 0.00000 1.00000
vt 0.00000 1.00000
vt 0.00000 1.00000
vt 0.00000 1.00000
vt 0.00000 1.00000
vt 0.00000 1.00000
vt 0.00000 1.00000
vt 0.00000 1.00000
vt 0.00000 1.00000
vt 0.00000 1.00000
vt 0.00000 1.00000
vt 0.00000 1.00000
vt 0.00000 1.00000
vt 0.00000 1.00000
vt 0.00000 1.00000
vt 0.00000 1.00000
vt 0.00000 1.00000
vt 0.00000 1.00000
vt 0.00000 1.00000
vt 0.00000 1.00000
vt 0.00000 1.00000
vt 0.00000 1.00000
vt 0.00000 1.00000
vt 0.00000 1.00000
vt 0.00000 1.00000
vt 0.00000 1.00000
vt 0.00000 1.00000
vt 0.00000 1.00000
vt 0.00000 1.00000
vt 0.00000 1.00000
vt 0.00000 1.00000
vt 0.00000 1.00000
vt 0.00000 1.00000
vt 0.00000 1.00000
vt 0.00000 1.00000
vt 0.00000 1.00000
vt 0.00000 1.00000
vt 0.00000 1.00000
vt 0.00000 1.00000
vt 0.00000 1.00000
vt 0.00000 1.00000
vt 0.00000 1.00000
vt 0.00000 1.00000
vt 0.00000 1.00000
vt 0.00000 1.00000
vt 0.00000 1.00000
vt 0.00000 1.00000
vt 0.00000 1.00000
vt 0.00000 1.00000
vt 0.00000 1.00000
vt 0.00000 1.00000
vt 0.00000 1.00000
vt 0.00000 1.00000
vt 0.00000 1.00000
vt 0.00000 1.00000
vt 0.00000 1.00000
vt 0.00000 1.00000
vt 0.00000 1.00000
vt 0.00000 1.00000
vt 0.00000 1.00000
vt 0.00000 1.00000
vt 0.00000 1.00000
vt 0.00000 1.00000
vt 0.00000 1.00000
vt 0.00000 1.00000
vt 0.00000 1.00000
vt 0.00000 1.00000
vt 0.00000 1.00000
vt 0.00000 1.00000
vt 0.00000 1.00000
vt 0.00000 1.00000
vt 0.00000 1.00000
vt 0.00000 1.00000
vt 0.00000 1.00000
vt 0.00000 1.00000
vt 0.00000 1.00000
vt 0.00000 1.00000
vt 0.00000 1.00000
vt 0.00000 1.00000
vt 0.00000 1.00000
vt 0.00000 1.00000
vt 0.00000 1.00000
vt 0.00000 1.00000
vt 0.00000 1.00000
vt 0.00000 1.00000
vt 0.00000 1.00000
vt 0.00000 1.00000
vt 0.00000 1.00000
vt 0.00000 1.00000
vt 0.00000 1.00000
vt 0.00000 1.00000
vt 0.00000 1.00000
vt 0.00000 1.00000
vt 0.00000 1.00000
vt 0.00000 1.00000
vt 0.00000 1.00000
vt 0.00000 1.00000
vt 0.00000 1.00000
vt 0.00000 1.00000
vt 0.00000 1.00000
vt 0.00000 1.00000
vt 0.00000 1.00000
vt 0.00000 1.00000
vt 0.00000 1.00000
vt 0.00000 1.00000
vt 0.00000 1.00000
vt 0.00000 1.00000
vt 0.00000 1.00000
vt 0.00000 1.00000
vt 0.00000 1.00000
vt 0.00000 1.00000
vt 0.00000 1.00000
vt 0.00000 1.00000
vt 0.00000 1.00000
vt 0.00000 1.00000
vt 0.00000 1.00000
vt 0.00000 1.00000
vt 0.00000 1.00000
vt 0.00000 1.00000
vt 0.00000 1.00000
vt 0.00000 1.00000
vt 0.00000 1.00000
vt 0.00000 1.00000
vt 0.00000 1.00000
vt 0.00000 1.00000
vt 0.00000 1.00000
vt 0.00000 1.00000
vt 0.00000 1.00000
vt 0.00000 1.00000
vt 0.00000 1.00000
vt 0.00000 1.00000
vt 0.00000 1.00000
vt 0.00000 1.00000
vt 0.00000 1.00000
vt 0.00000 1.00000
vt 0.00000 1.00000
vt 0.00000 1.00000
vt 0.00000 1.00000
vt 0.00000 1.00000
vt 0.00000 1.00000
vt 0.00000 1.00000
vt 0.00000 1.00000
vt 0.00000 1.00000
vt 0.00000 1.00000
vt 0.00000 1.00000
vt 0.00000 1.00000
vt 0.00000 1.00000
vt 0.00000 1.00000
vt 0.00000 1.00000
vt 0.00000 1.00000
vt 0.00000 1.00000
vt 0.00000 1.00000
vt 0.00000 1.00000
vt 0.00000 1.00000
vt 0.00000 1.00000
vt 0.00000 1.00000
vt 0.00000 1.00000
vt 0.00000 1.00000
vt 0.00000 1.00000
vt 0.00000 1.00000
vt 0.00000 1.00000
vt 0.00000 1.00000
vt 0.00000 1.00000
vt 0.00000 1.00000
vt 0.00000 1.00000
vt 0.00000 1.00000
vt 0.00000 1.00000
vt 0.00000 1.00000
vt 0.00000 1.00000
vt 0.00000 1.00000
vt 0.00000 1.00000
vt 0.00000 1.00000
vt 0.00000 1.00000
vt 0.00000 1.00000
vt 0.00000 1.00000
vt 0.00000 1.00000
vt 0.00000 1.00000
vt 0.00000 1.00000
vt 0.00000 1.00000
vt 0.00000 1.00000
vt 0.00000 1.00000
vt 0.00000 1.00000
vt 0.00000 1.00000
vt 0.00000 1.00000
vt 0.00000 1.00000
vt 0.00000 1.00000
vt 0.00000 1.00000
vt 0.00000 1.00000
vt 0.00000 1.00000
vt 0.00000 1.00000
vt 0.00000 1.00000
vt 0.00000 1.00000
vt 0.00000 1.00000
vt 0.00000 1.00000
vt 0.00000 1.00000
vt 0.00000 1.00000
vt 0.00000 1.00000
vt 0.00000 1.00000
vt 0.00000 1.00000
vt 0.00000 1.00000
vt 0.00000 1.00000
vt 0.00000 1.00000
vt 0.00000 1.00000
vt 0.00000 1.00000
vt 0.00000 1.00000
vt 0.00000 1.00000
vt 0.00000 1.00000
vt 0.00000 1.00000
vt 0.00000 1.00000
vt 0.00000 1.00000
vt 0.00000 1.00000
vt 0.00000 1.00000
vt 0.00000 1.00000
vt 0.00000 1.00000
vt 0.00000 1.00000
vt 0.00000 1.00000
vt 0.00000 1.00000
vt 0.00000 1.00000
vt 0.00000 1.00000
vt 0.00000 1.00000
vt 0.00000 1.00000
vt 0.00000 1.00000
vt 0.00000 1.00000
vt 0.00000 1.00000
vt 0.00000 1.00000
vt 0.00000 1.00000
vt 0.00000 1.00000
vt 0.00000 1.00000
vt 0.00000 1.00000
vt 0.00000 1.00000
vt 0.00000 1.00000
vt 0.00000 1.00000
vt 0.00000 1.00000
vt 0.00000 1.00000
vt 0.00000 1.00000
vt 0.00000 1.00000
vt 0.00000 1.00000
vt 0.00000 1.00000
vt 0.00000 1.00000
vt 0.00000 1.00000
vt 0.00000 1.00000
vt 0.00000 1.00000
vt 0.00000 1.00000
vt 0.00000 1.00000
vt 0.00000 1.00000
vt 0.00000 1.00000
vt 0.00000 1.00000
vt 0.00000 1.00000
vt 0.00000 1.00000
vt 0.00000 1.00000
vt 0.00000 1.00000
vt 0.00000 1.00000
vt 0.00000 1.00000
vt 0.00000 1.00000
vt 0.00000 1.00000
vt 0.00000 1.00000
vt 0.00000 1.00000
vt 0.00000 1.00000
vt 0.00000 1.00000
vt 0.00000 1.00000
vt 0.00000 1.00000
vt 0.00000 1.00000
vt 0.00000 1.00000
vt 0.00000 1.00000
vt 0.00000 1.00000
vt 0.00000 1.00000
vt 0.00000 1.00000
vt 0.00000 1.00000
vt 0.00000 1.00000
vt 0.00000 1.00000
vt 0.00000 1.00000
vt 0.00000 1.00000
vt 0.00000 1.00000
vt 0.00000 1.00000
vt 0.00000 1.00000
vt 0.00000 1.00000
vt 0.00000 1.00000
vt 0.00000 1.00000
vt 0.00000 1.00000
vt 0.00000 1.00000
vt 0.00000 1.00000
vt 0.00000 1.00000
vt 0.00000 1.00000
vt 0.00000 1.00000
vt 0.00000 1.00000
vt 0.00000 1.00000
vt 0.00000 1.00000
vt 0.00000 1.00000
vt 0.00000 1.00000
vt 0.00000 1.00000
vt 0.00000 1.00000
vt 0.00000 1.00000
vt 0.00000 1.00000
vt 0.00000 1.00000
vt 0.00000 1.00000
vt 0.00000 1.00000
vt 0.00000 1.00000
vt 0.00000 1.00000
vt 0.00000 1.00000
vt 0.00000 1.00000
vt 0.00000 1.00000
vt 0.00000 1.00000
vt 0.00000 1.00000
vt 0.00000 1.00000
vt 0.00000 1.00000
vt 0.00000 1.00000
vt 0.00000 1.00000
vt 0.00000 1.00000
vt 0.00000 1.00000
vt 0.00000 1.00000
vt 0.00000 1.00000
vt 0.00000 1.00000
vt 0.00000 1.00000
vt 0.00000 1.00000
vt 0.00000 1.00000
vt 0.00000 1.00000
vt 0.00000 1.00000
vt 0.00000 1.00000
vt 0.00000 1.00000
vt 0.00000 1.00000
vt 0.00000 1.00000
vt 0.00000 1.00000
vt 0.00000 1.00000
vt 0.00000 1.00000
vt 0.00000 1.00000
vt 0.00000 1.00000
vt 0.00000 1.00000
vt 0.00000 1.00000
vt 0.00000 1.00000
vt 0.00000 1.00000
vt 0.00000 1.00000
vt 0.00000 1.00000
vt 0.00000 1.00000
vt 0.00000 1.00000
vt 0.00000 1.00000
vt 0.00000 1.00000
vt 0.00000 1.00000
vt 0.00000 1.00000
vt 0.00000 1.00000
vt 0.00000 1.00000
vt 0.00000 1.00000
vt 0.00000 1.00000
vt 0.00000 1.00000
vt 0.00000 1.00000
vt 0.00000 1.00000
vt 0.00000 1.00000
vt 0.00000 1.00000
vt 0.00000 1.00000
vt 0.00000 1.00000
vt 0.00000 1.00000
vt 0.00000 1.00000
vt 0.00000 1.00000
vt 0.00000 1.00000
vt 0.00000 1.00000
vt 0.00000 1.00000
vt 0.00000 1.00000
vt 0.00000 1.00000
vt 0.00000 1.00000
vt 0.00000 1.00000
vt 0.00000 1.00000
vt 0.00000 1.00000
vt 0.00000 1.00000
vt 0.00000 1.00000
vt 0.00000 1.00000
vt 0.00000 1.00000
vt 0.00000 1.00000
vt 0.00000 1.00000
vt 0.00000 1.00000
vt 0.00000 1.00000
vt 0.00000 1.00000
vt 0.00000 1.00000
vt 0.00000 1.00000
vt 0.00000 1.00000
vt 0.00000 1.00000
vt 0.00000 1.00000
vt 0.00000 1.00000
vt 0.00000 1.00000
vt 0.00000 1.00000
vt 0.00000 1.00000
vt 0.00000 1.00000
vt 0.00000 1.00000
vt 0.00000 1.00000
vt 0.00000 1.00000
vt 0.00000 1.00000
vt 0.00000 1.00000
vt 0.00000 1.00000
vt 0.00000 1.00000
vt 0.00000 1.00000
vt 0.00000 1.00000
vt 0.00000 1.00000
vt 0.00000 1.00000
vt 0.00000 1.00000
vt 0.00000 1.00000
vt 0.00000 1.00000
vt 0.00000 1.00000
vt 0.00000 1.00000
vt 0.00000 1.00000
vt 0.00000 1.00000
vt 0.00000 1.00000
vt 0.00000 1.00000
vt 0.00000 1.00000
vt 0.00000 1.00000
vt 0.00000 1.00000
vt 0.00000 1.00000
vt 0.00000 1.00000
vt 0.00000 1.00000
vt 0.00000 1.00000
vt 0.00000 1.00000
vt 0.00000 1.00000
vt 0.00000 1.00000
vt 0.00000 1.00000
vt 0.00000 1.00000
vt 0.00000 1.00000
vt 0.00000 1.00000
vt 0.00000 1.00000
vt 0.00000 1.00000
vt 0.00000 1.00000
vt 0.00000 1.00000
vt 0.00000 1.00000
vt 0.00000 1.00000
vt 0.00000 1.00000
vt 0.00000 1.00000
vt 0.00000 1.00000
vt 0.00000 1.00000
vt 0.00000 1.00000
vt 0.00000 1.00000
vt 0.00000 1.00000
vt 0.00000 1.00000
vt 0.00000 1.00000
vt 0.00000 1.00000
vt 0.00000 1.00000
vt 0.00000 1.00000
vt 0.00000 1.00000
vt 0.00000 1.00000
vt 0.00000 1.00000
vt 0.00000 1.00000
vt 0.00000 1.00000
vt 0.00000 1.00000
vt 0.00000 1.00000
vt 0.00000 1.00000
vt 0.00000 1.00000
vt 0.00000 1.00000
vt 0.00000 1.00000
vt 0.00000 1.00000
vt 0.00000 1.00000
vt 0.00000 1.00000
vt 0.00000 1.00000
vt 0.00000 1.00000
vt 0.00000 1.00000
vt 0.00000 1.00000
vt 0.00000 1.00000
vt 0.00000 1.00000
vt 0.00000 1.00000
vt 0.00000 1.00000
vt 0.00000 1.00000
vt 0.00000 1.00000
vt 0.00000 1.00000
vt 0.00000 1.00000
vt 0.00000 1.00000
vt 0.00000 1.00000
vt 0.00000 1.00000
vt 0.00000 1.00000
vt 0.00000 1.00000
vt 0.00000 1.00000
vt 0.00000 1.00000
vt 0.00000 1.00000
vt 0.00000 1.00000
vt 0.00000 1.00000
vt 0.00000 1.00000
vt 0.00000 1.00000
vt 0.00000 1.00000
vt 0.00000 1.00000
vt 0.00000 1.00000
vt 0.00000 1.00000
vt 0.00000 1.00000
vt 0.00000 1.00000
vt 0.00000 1.00000
vt 0.00000 1.00000
vt 0.00000 1.00000
vt 0.00000 1.00000
vt 0.00000 1.00000
vt 0.00000 1.00000
vt 0.00000 1.00000
vt 0.00000 1.00000
vt 0.00000 1.00000
vt 0.00000 1.00000
vt 0.00000 1.00000
vt 0.00000 1.00000
vt 0.00000 1.00000
vt 0.00000 1.00000
vt 0.00000 1.00000
vt 0.00000 1.00000
vt 0.00000 1.00000
vt 0.00000 1.00000
vt 0.00000 1.00000
vt 0.00000 1.00000
vt 0.00000 1.00000
vt 0.00000 1.00000
vt 0.00000 1.00000
vt 0.00000 1.00000
vt 0.00000 1.00000
vt 0.00000 1.00000
vt 0.00000 1.00000
vt 0.00000 1.00000
vt 0.00000 1.00000
vt 0.00000 1.00000
vt 0.00000 1.00000
vt 0.00000 1.00000
vt 0.00000 1.00000
vt 0.00000 1.00000
vt 0.00000 1.00000
vt 0.00000 1.00000
vt 0.00000 1.00000
vt 0.00000 1.00000
vt 0.00000 1.00000
vt 0.00000 1.00000
vt 0.00000 1.00000
vt 0.00000 1.00000
vt 0.00000 1.00000
vt 0.00000 1.00000
vt 0.00000 1.00000
vt 0.00000 1.00000
vt 0.00000 1.00000
vt 0.00000 1.00000
vt 0.00000 1.00000
vt 0.00000 1.00000
vt 0.00000 1.00000
vt 0.00000 1.00000
vt 0.00000 1.00000
vt 0.00000 1.00000
vt 0.00000 1.00000
vt 0.00000 1.00000
vt 0.00000 1.00000
vt 0.00000 1.00000
vt 0.00000 1.00000
vt 0.00000 1.00000
vt 0.00000 1.00000
vt 0.00000 1.00000
vt 0.00000 1.00000
vt 0.00000 1.00000
vt 0.00000 1.00000
vt 0.00000 1.00000
vt 0.00000 1.00000
vt 0.00000 1.00000
vt 0.00000 1.00000
vt 0.00000 1.00000
vt 0.00000 1.00000
vt 0.00000 1.00000
vt 0.00000 1.00000
vt 0.00000 1.00000
vt 0.00000 1.00000
vt 0.00000 1.00000
vt 0.00000 1.00000
vt 0.00000 1.00000
vt 0.00000 1.00000
vt 0.00000 1.00000
vt 0.00000 1.00000
vt 0.00000 1.00000
vt 0.00000 1.00000
vt 0.00000 1.00000
vt 0.00000 1.00000
vt 0.00000 1.00000
vt 0.00000 1.00000
vt 0.00000 1.00000
vt 0.00000 1.00000
vt 0.00000 1.00000
vt 0.00000 1.00000
vt 0.00000 1.00000
vt 0.00000 1.00000
vt 0.00000 1.00000
vt 0.00000 1.00000
vt 0.00000 1.00000
vt 0.00000 1.00000
vt 0.00000 1.00000
vt 0.00000 1.00000
vt 0.00000 1.00000
vt 0.00000 1.00000
vt 0.00000 1.00000
vt 0.00000 1.00000
vt 0.00000 1.00000
vt 0.00000 1.00000
vt 0.00000 1.00000
vt 0.00000 1.00000
vt 0.00000 1.00000
vt 0.00000 1.00000
vt 0.00000 1.00000
vt 0.00000 1.00000
vt 0.00000 1.00000
vt 0.00000 1.00000
vt 0.00000 1.00000
vt 0.00000 1.00000
vt 0.00000 1.00000
vt 0.00000 1.00000
vt 0.00000 1.00000
vt 0.00000 1.00000
vt 0.00000 1.00000
vt 0.00000 1.00000
vt 0.00000 1.00000
vt 0.00000 1.00000
vt 0.00000 1.00000
vt 0.00000 1.00000
vt 0.00000 1.00000
vt 0.00000 1.00000
vt 0.00000 1.00000
vt 0.00000 1.00000
vt 0.00000 1.00000
vt 0.00000 1.00000
vt 0.00000 1.00000
vt 0.00000 1.00000
vt 0.00000 1.00000
vt 0.00000 1.00000
vt 0.00000 1.00000
vt 0.00000 1.00000
vt 0.00000 1.00000
vt 0.00000 1.00000
vt 0.00000 1.00000
vt 0.00000 1.00000
vt 0.00000 1.00000
vt 0.00000 1.00000
vt 0.00000 1.00000
vt 0.00000 1.00000
vt 0.00000 1.00000
vt 0.00000 1.00000
vt 0.00000 1.00000
vt 0.00000 1.00000
vt 0.00000 1.00000
vt 0.00000 1.00000
vt 0.00000 1.00000
vt 0.00000 1.00000
vt 0.00000 1.00000
vt 0.00000 1.00000
vt 0.00000 1.00000
vt 0.00000 1.00000
vt 0.00000 1.00000
vt 0.00000 1.00000
vt 0.00000 1.00000
vt 0.00000 1.00000
vt 0.00000 1.00000
vt 0.00000 1.00000
vt 0.00000 1.00000
vt 0.00000 1.00000
vt 0.00000 1.00000
vt 0.00000 1.00000
vt 0.00000 1.00000
vt 0.00000 1.00000
vt 0.00000 1.00000
vt 0.00000 1.00000
vt 0.00000 1.00000
vt 0.00000 1.00000
vt 0.00000 1.00000
vt 0.00000 1.00000
vt 0.00000 1.00000
vt 0.00000 1.00000
vt 0.00000 1.00000
vt 0.00000 1.00000
vt 0.00000 1.00000
vt 0.00000 1.00000
vt 0.00000 1.00000
vt 0.00000 1.00000
vt 0.00000 1.00000
vt 0.00000 1.00000
vt 0.00000 1.00000
vt 0.00000 1.00000
vt 0.00000 1.00000
vt 0.00000 1.00000
vt 0.00000 1.00000
vt 0.00000 1.00000
vt 0.00000 1.00000
vt 0.00000 1.00000
vt 0.00000 1.00000
vt 0.00000 1.00000
vt 0.00000 1.00000
vt 0.00000 1.00000
vt 0.00000 1.00000
vt 0.00000 1.00000
vt 0.00000 1.00000
vt 0.00000 1.00000
vt 0.00000 1.00000
vt 0.00000 1.00000
vt 0.00000 1.00000
vt 0.00000 1.00000
vt 0.00000 1.00000
vt 0.00000 1.00000
vt 0.00000 1.00000
vt 0.00000 1.00000
vt 0.00000 1.00000
vt 0.00000 1.00000
vt 0.00000 1.00000
vt 0.00000 1.00000
vt 0.00000 1.00000
vt 0.00000 1.00000
vt 0.00000 1.00000
vt 0.00000 1.00000
vt 0.00000 1.00000
vt 0.00000 1.00000
vt 0.00000 1.00000
vt 0.00000 1.00000
vt 0.00000 1.00000
vt 0.00000 1.00000
vt 0.00000 1.00000
vt 0.00000 1.00000
vt 0.00000 1.00000
vt 0.00000 1.00000
vt 0.00000 1.00000
vt 0.00000 1.00000
vt 0.00000 1.00000
vt 0.00000 1.00000
vt 0.00000 1.00000
vt 0.00000 1.00000
vt 0.00000 1.00000
vt 0.00000 1.00000
vt 0.00000 1.00000
vt 0.00000 1.00000
vt 0.00000 1.00000
vt 0.00000 1.00000
vt 0.00000 1.00000
vt 0.00000 1.00000
vt 0.00000 1.00000
vt 0.00000 1.00000
vt 0.00000 1.00000
vt 0.00000 1.00000
vt 0.00000 1.00000
vt 0.00000 1.00000
vt 0.00000 1.00000
vt 0.00000 1.00000
vt 0.00000 1.00000
vt 0.00000 1.00000
vt 0.00000 1.00000
vt 0.00000 1.00000
vt 0.00000 1.00000
vt 0.00000 1.00000
vt 0.00000 1.00000
vt 0.00000 1.00000
vt 0.00000 1.00000
vt 0.00000 1.00000
vt 0.00000 1.00000
vt 0.00000 1.00000
vt 0.00000 1.00000
vt 0.00000 1.00000
vt 0.00000 1.00000
vt 0.00000 1.00000
vt 0.00000 1.00000
vt 0.00000 1.00000
vt 0.00000 1.00000
vt 0.00000 1.00000
vt 0.00000 1.00000
vt 0.00000 1.00000
vt 0.00000 1.00000
vt 0.00000 1.00000
vt 0.00000 1.00000
vt 0.00000 1.00000
vt 0.00000 1.00000
vt 0.00000 1.00000
vt 0.00000 1.00000
vt 0.00000 1.00000
vt 0.00000 1.00000
vt 0.00000 1.00000
vt 0.00000 1.00000
vt 0.00000 1.00000
vt 0.00000 1.00000
vt 0.00000 1.00000
vt 0.00000 1.00000
vt 0.00000 1.00000
vt 0.00000 1.00000
vt 0.00000 1.00000
vt 0.00000 1.00000
vt 0.00000 1.00000
vt 0.00000 1.00000
vt 0.00000 1.00000
vt 0.00000 1.00000
vt 0.00000 1.00000
vt 0.00000 1.00000
vt 0.00000 1.00000
vt 0.00000 1.00000
vt 0.00000 1.00000
vt 0.00000 1.00000
vt 0.00000 1.00000
vt 0.00000 1.00000
vt 0.00000 1.00000
vt 0.00000 1.00000
vt 0.00000 1.00000
vt 0.00000 1.00000
vt 0.00000 1.00000
vt 0.00000 1.00000
vt 0.00000 1.00000
vt 0.00000 1.00000
vt 0.00000 1.00000
vt 0.00000 1.00000
vt 0.00000 1.00000
vt 0.00000 1.00000
vt 0.00000 1.00000
vt 0.00000 1.00000
vt 0.00000 1.00000
vt 0.00000 1.00000
vt 0.00000 1.00000
vt 0.00000 1.00000
vt 0.00000 1.00000
vt 0.00000 1.00000
vt 0.00000 1.00000
vt 0.00000 1.00000
vt 0.00000 1.00000
vt 0.00000 1.00000
vt 0.00000 1.00000
vt 0.00000 1.00000
vt 0.00000 1.00000
vt 0.00000 1.00000
vt 0.00000 1.00000
vt 0.00000 1.00000
vt 0.00000 1.00000
vt 0.00000 1.00000
vt 0.00000 1.00000
vt 0.00000 1.00000
vt 0.00000 1.00000
vt 0.00000 1.00000
vt 0.00000 1.00000
vt 0.00000 1.00000
vt 0.00000 1.00000
vt 0.00000 1.00000
vt 0.00000 1.00000
vt 0.00000 1.00000
vt 0.00000 1.00000
vt 0.00000 1.00000
vt 0.00000 1.00000
vt 0.00000 1.00000
vt 0.00000 1.00000
vt 0.00000 1.00000
vt 0.00000 1.00000
vt 0.00000 1.00000
vt 0.00000 1.00000
vt 0.00000 1.00000
vt 0.00000 1.00000
vt 0.00000 1.00000
vt 0.00000 1.00000
vt 0.00000 1.00000
vt 0.00000 1.00000
vt 0.00000 1.00000
vt 0.00000 1.00000
vt 0.00000 1.00000
vt 0.00000 1.00000
vt 0.00000 1.00000
vt 0.00000 1.00000
vt 0.00000 1.00000
vt 0.00000 1.00000
vt 0.00000 1.00000
vt 0.00000 1.00000
vt 0.00000 1.00000
vt 0.00000 1.00000
vt 0.00000 1.00000
vt 0.00000 1.00000
vt 0.00000 1.00000
vt 0.00000 1.00000
vt 0.00000 1.00000
vt 0.00000 1.00000
vt 0.00000 1.00000
vt 0.00000 1.00000
vt 0.00000 1.00000
vt 0.00000 1.00000
vt 0.00000 1.00000
vt 0.00000 1.00000
vt 0.00000 1.00000
vt 0.00000 1.00000
vt 0.00000 1.00000
vt 0.00000 1.00000
vt 0.00000 1.00000
vt 0.00000 1.00000
vt 0.00000 1.00000
vt 0.00000 1.00000
vt 0.00000 1.00000
vt 0.00000 1.00000
vt 0.00000 1.00000
vt 0.00000 1.00000
vt 0.00000 1.00000
vt 0.00000 1.00000
vt 0.00000 1.00000
vt 0.00000 1.00000
vt 0.00000 1.00000
vt 0.00000 1.00000
vt 0.00000 1.00000
vt 0.00000 1.00000
vt 0.00000 1.00000
vt 0.00000 1.00000
vt 0.00000 1.00000
vt 0.00000 1.00000
vt 0.00000 1.00000
vt 0.00000 1.00000
vt 0.00000 1.00000
vt 0.00000 1.00000
vt 0.00000 1.00000
vt 0.00000 1.00000
vt 0.00000 1.00000
vt 0.00000 1.00000
vt 0.00000 1.00000
vt 0.00000 1.00000
vt 0.00000 1.00000
vt 0.00000 1.00000
vt 0.00000 1.00000
vt 0.00000 1.00000
vt 0.00000 1.00000
vt 0.00000 1.00000
vt 0.00000 1.00000
vt 0.00000 1.00000
vt 0.00000 1.00000
vt 0.00000 1.00000
vt 0.00000 1.00000
vt 0.00000 1.00000
vt 0.00000 1.00000
vt 0.00000 1.00000
vt 0.00000 1.00000
vt 0.00000 1.00000
vt 0.00000 1.00000
vt 0.00000 1.00000
vt 0.00000 1.00000
vt 0.00000 1.00000
vt 0.00000 1.00000
vt 0.00000 1.00000
vt 0.00000 1.00000
vt 0.00000 1.00000
vt 0.00000 1.00000
vt 0.00000 1.00000
vt 0.00000 1.00000
vt 0.00000 1.00000
vt 0.00000 1.00000
vt 0.00000 1.00000
vt 0.00000 1.00000
vt 0.00000 1.00000
vt 0.00000 1.00000
vt 0.00000 1.00000
vt 0.00000 1.00000
vt 0.00000 1.00000
vt 0.00000 1.00000
vt 0.00000 1.00000
vt 0.00000 1.00000
vt 0.00000 1.00000
vt 0.00000 1.00000
vt 0.00000 1.00000
vt 0.00000 1.00000
vt 0.00000 1.00000
vt 0.00000 1.00000
vt 0.00000 1.00000
vt 0.00000 1.00000
vt 0.00000 1.00000
vt 0.00000 1.00000
vt 0.00000 1.00000
vt 0.00000 1.00000
vt 0.00000 1.00000
vt 0.00000 1.00000
vt 0.00000 1.00000
vt 0.00000 1.00000
vt 0.00000 1.00000
vt 0.00000 1.00000
vt 0.00000 1.00000
vt 0.00000 1.00000
vt 0.00000 1.00000
vt 0.00000 1.00000
vt 0.00000 1.00000
vt 0.00000 1.00000
vt 0.00000 1.00000
vt 0.00000 1.00000
vt 0.00000 1.00000
vt 0.00000 1.00000
vt 0.00000 1.00000
usemtl needles
f 913/913 914/914 915/915
f 916/916 917/917 918/918
f 919/919 920/920 921/921
f 922/922 923/923 924/924
f 925/925 926/926 927/927
f 928/928 929/929 930/930
f 931/931 932/932 933/933
f 934/934 935/935 936/936
f 937/937 938/938 939/939
f 940/940 941/941 942/942
f 943/943 944/944 945/945
f 946/946 947/947 948/948
f 949/949 950/950 951/951
f 952/952 953/953 954/954
f 955/955 956/956 957/957
f 958/958 959/959 960/960
f 961/961 962/962 963/963
f 964/964 965/965 966/966
f 967/967 968/968 969/969
f 970/970 971/971 972/972
f 973/973 974/974 975/975
f 976/976 977/977 978/978
f 979/979 980/980 981/981
f 982/982 983/983 984/984
f 985/985 986/986 987/987
f 988/988 989/989 990/990
f 991/991 992/992 993/993
f 994/994 995/995 996/996
f 997/997 998/998 999/999
f 1000/1000 1001/1001 1002/1002
f 1003/1003 1004/1004 1005/1005
f 1006/1006 1007/1007 1008/1008
f 1009/1009 1010/1010 1011/1011
f 1012/1012 1013/1013 1014/1014
f 1015/1015 1016/1016 1017/1017
f 1018/1018 1019/1019 1020/1020
f 1021/1021 1022/1022 1023/1023
f 1024/1024 1025/1025 1026/1026
f 1027/1027 1028/1028 1029/1029
f 1030/1030 1031/1031 1032/1032
f 1033/1033 1034/1034 1035/1035
f 1036/1036 1037/1037 1038/1038
f 1039/1039 1040/1040 1041/1041
f 1042/1042 1043/1043 1044/1044
f 1045/1045 1046/1046 1047/1047
f 1048/1048 1049/1049 1050/1050
f 1051/1051 1052/1052 1053/1053
f 1054/1054 1055/1055 1056/1056
f 1057/1057 1058/1058 1059/1059
f 1060/1060 1061/1061 1062/1062
f 1063/1063 1064/1064 1065/1065
f 1066/1066 1067/1067 1068/1068
f 1069/1069 1070/1070 1071/1071
f 1072/1072 1073/1073 1074/1074
f 1075/1075 1076/1076 1077/1077
f 1078/1078 1079/1079 1080/1080
f 1081/1081 1082/1082 1083/1083
f 1084/1084 1085/1085 1086/1086
f 1087/1087 1088/1088 1089/1089
f 1090/1090 1091/1091 1092/1092
f 1093/1093 1094/1094 1095/1095
f 1096/1096 1097/1097 1098/1098
f 1099/1099 1100/1100 1101/1101
f 1102/1102 1103/1103 1104/1104
f 1105/1105 1106/1106 1107/1107
f 1108/1108 1109/1109 1110/1110
f 1111/1111 1112/1112 1113/1113
f 1114/1114 1115/1115 1116/1116
f 1117/1117 1118/1118 1119/1119
f 1120/1120 1121/1121 1122/1122
f 1123/1123 1124/1124 1125/1125
f 1126/1126 1127/1127 1128/1128
f 1129/1129 1130/1130 1131/1131
f 1132/1132 1133/1133 1134/1134
f 1135/1135 1136/1136 1137/1137
f 1138/1138 1139/1139 1140/1140
f 1141/1141 1142/1142 1143/1143
f 1144/1144 1145/1145 1146/1146
f 1147/1147 1148/1148 1149/1149
f 1150/1150 1151/1151 1152/1152
f 1153/1153 1154/1154 1155/1155
f 1156/1156 1157/1157 1158/1158
f 1159/1159 1160/1160 1161/1161
f 1162/1162 1163/1163 1164/1164
f 1165/1165 1166/1166 1167/1167
f 1168/1168 1169/1169 1170/1170
f 1171/1171 1172/1172 1173/1173
f 1174/1174 1175/1175 1176/1176
f 1177/1177 1178/1178 1179/1179
f 1180/1180 1181/1181 1182/1182
f 1183/1183 1184/1184 1185/1185
f 1186/1186 1187/1187 1188/1188
f 1189/1189 1190/1190 1191/1191
f 1192/1192 1193/1193 1194/1194
f 1195/1195 1196/1196 1197/1197
f 1198/1198 1199/1199 1200/1200
f 1201/1201 1202/1202 1203/1203
f 1204/1204 1205/1205 1206/1206
f 1207/1207 1208/1208 1209/1209
f 1210/1210 1211/1211 1212/1212
f 1213/1213 1214/1214 1215/1215
f 1216/1216 1217/1217 1218/1218
f 1219/1219 1220/1220 1221/1221
f 1222/1222 1223/1223 1224/1224
f 1225/1225 1226/1226 1227/1227
f 1228/1228 1229/1229 1230/1230
f 1231/1231 1232/1232 1233/1233
f 1234/1234 1235/1235 1236/1236
f 1237/1237 1238/1238 1239/1239
f 1240/1240 1241/1241 1242/1242
f 1243/1243 1244/1244 1245/1245
f 1246/1246 1247/1247 1248/1248
f 1249/1249 1250/1250 1251/1251
f 1252/1252 1253/1253 1254/1254
f 1255/1255 1256/1256 1257/1257
f 1258/1258 1259/1259 1260/1260
f 1261/1261 1262/1262 1263/1263
f 1264/1264 1265/1265 1266/1266
f 1267/1267 1268/1268 1269/1269
f 1270/1270 1271/1271 1272/1272
f 1273/1273 1274/1274 1275/1275
f 1276/1276 1277/1277 1278/1278
f 1279/1279 1280/1280 1281/1281
f 1282/1282 1283/1283 1284/1284
f 1285/1285 1286/1286 1287/1287
f 1288/1288 1289/1289 1290/1290
f 1291/1291 1292/1292 1293/1293
f 1294/1294 1295/1295 1296/1296
f 1297/1297 1298/1298 1299/1299
f 1300/1300 1301/1301 1302/1302
f 1303/1303 1304/1304 1305/1305
f 1306/1306 1307/1307 1308/1308
f 1309/1309 1310/1310 1311/1311
f 1312/1312 1313/1313 1314/1314
f 1315/1315 1316/1316 1317/1317
f 1318/1318 1319/1319 1320/1320
f 1321/1321 1322/1322 1323/1323
f 1324/1324 1325/1325 1326/1326
f 1327/1327 1328/1328 1329/1329
f 1330/1330 1331/1331 1332/1332
f 1333/1333 1334/1334 1335/1335
f 1336/1336 1337/1337 1338/1338
f 1339/1339 1340/1340 1341/1341
f 1342/1342 1343/1343 1344/1344
f 1345/1345 1346/1346 1347/1347
f 1348/1348 1349/1349 1350/1350
f 1351/1351 1352/1352 1353/1353
f 1354/1354 1355/1355 1356/1356
f 1357/1357 1358/1358 1359/1359
f 1360/1360 1361/1361 1362/1362
f 1363/1363 1364/1364 1365/1365
f 1366/1366 1367/1367 1368/1368
f 1369/1369 1370/1370 1371/1371
f 1372/1372 1373/1373 1374/1374
f 1375/1375 1376/1376 1377/1377
f 1378/1378 1379/1379 1380/1380
f 1381/1381 1382/1382 1383/1383
f 1384/1384 1385/1385 1386/1386
f 1387/1387 1388/1388 1389/1389
f 1390/1390 1391/1391 1392/1392
f 1393/1393 1394/1394 1395/1395
f 1396/1396 1397/1397 1398/1398
f 1399/1399 1400/1400 1401/1401
f 1402/1402 1403/1403 1404/1404
f 1405/1405 1406/1406 1407/1407
f 1408/1408 1409/1409 1410/1410
f 1411/1411 1412/1412 1413/1413
f 1414/1414 1415/1415 1416/1416
f 1417/1417 1418/1418 1419/1419
f 1420/1420 1421/1421 1422/1422
f 1423/1423 1424/1424 1425/1425
f 1426/1426 1427/1427 1428/1428
f 1429/1429 1430/1430 1431/1431
f 1432/1432 1433/1433 1434/1434
f 1435/1435 1436/1436 1437/1437
f 1438/1438 1439/1439 1440/1440
f 1441/1441 1442/1442 1443/1443
f 1444/1444 1445/1445 1446/1446
f 1447/1447 1448/1448 1449/1449
f 1450/1450 1451/1451 1452/1452
f 1453/1453 1454/1454 1455/1455
f 1456/1456 1457/1457 1458/1458
f 1459/1459 1460/1460 1461/1461
f 1462/1462 1463/1463 1464/1464
f 1465/1465 1466/1466 1467/1467
f 1468/1468 1469/1469 1470/1470
f 1471/1471 1472/1472 1473/1473
f 1474/1474 1475/1475 1476/1476
f 1477/1477 1478/1478 1479/1479
f 1480/1480 1481/1481 1482/1482
f 1483/1483 1484/1484 1485/1485
f 1486/1486 1487/1487 1488/1488
f 1489/1489 1490/1490 1491/1491
f 1492/1492 1493/1493 1494/1494
f 1495/1495 1496/1496 1497/1497
f 1498/1498 1499/1499 1500/1500
f 1501/1501 1502/1502 1503/1503
f 1504/1504 1505/1505 1506/1506
f 1507/1507 1508/1508 1509/1509
f 1510/1510 1511/1511 1512/1512
f 1513/1513 1514/1514 1515/1515
f 1516/1516 1517/1517 1518/1518
f 1519/1519 1520/1520 1521/1521
f 1522/1522 1523/1523 1524/1524
f 1525/1525 1526/1526 1527/1527
f 1528/1528 1529/1529 1530/1530
f 1531/1531 1532/1532 1533/1533
f 1534/1534 1535/1535 1536/1536
f 1537/1537 1538/1538 1539/1539
f 1540/1540 1541/1541 1542/1542
f 1543/1543 1544/1544 1545/1545
f 1546/1546 1547/1547 1548/1548
f 1549/1549 1550/1550 1551/1551
f 1552/1552 1553/1553 1554/1554
f 1555/1555 1556/1556 1557/1557
f 1558/1558 1559/1559 1560/1560
f 1561/1561 1562/1562 1563/1563
f 1564/1564 1565/1565 1566/1566
f 1567/1567 1568/1568 1569/1569
f 1570/1570 1571/1571 1572/1572
f 1573/1573 1574/1574 1575/1575
f 1576/1576 1577/1577 1578/1578
f 1579/1579 1580/1580 1581/1581
f 1582/1582 1583/1583 1584/1584
f 1585/1585 1586/1586 1587/1587
f 1588/1588 1589/1589 1590/1590
f 1591/1591 1592/1592 1593/1593
f 1594/1594 1595/1595 1596/1596
f 1597/1597 1598/1598 1599/1599
f 1600/1600 1601/1601 1602/1602
f 1603/1603 1604/1604 1605/1605
f 1606/1606 1607/1607 1608/1608
f 1609/1609 1610/1610 1611/1611
f 1612/1612 1613/1613 1614/1614
f 1615/1615 1616/1616 1617/1617
f 1618/1618 1619/1619 1620/1620
f 1621/1621 1622/1622 1623/1623
f 1624/1624 1625/1625 1626/1626
f 1627/1627 1628/1628 1629/1629
f 1630/1630 1631/1631 1632/1632
f 1633/1633 1634/1634 1635/1635
f 1636/1636 1637/1637 1638/1638
f 1639/1639 1640/1640 1641/1641
f 1642/1642 1643/1643 1644/1644
f 1645/1645 1646/1646 1647/1647
f 1648/1648 1649/1649 1650/1650
f 1651/1651 1652/1652 1653/1653
f 1654/1654 1655/1655 1656/1656
f 1657/1657 1658/1658 1659/1659
f 1660/1660 1661/1661 1662/1662
f 1663/1663 1664/1664 1665/1665
f 1666/1666 1667/1667 1668/1668
f 1669/1669 1670/1670 1671/1671
f 1672/1672 1673/1673 1674/1674
f 1675/1675 1676/1676 1677/1677
f 1678/1678 1679/1679 1680/1680
f 1681/1681 1682/1682 1683/1683
f 1684/1684 1685/1685 1686/1686
f 1687/1687 1688/1688 1689/1689
f 1690/1690 1691/1691 1692/1692
f 1693/1693 1694/1694 1695/1695
f 1696/1696 1697/1697 1698/1698
f 1699/1699 1700/1700 1701/1701
f 1702/1702 1703/1703 1704/1704
f 1705/1705 1706/1706 1707/1707
f 1708/1708 1709/1709 1710/1710
f 1711/1711 1712/1712 1713/1713
f 1714/1714 1715/1715 1716/1716
f 1717/1717 1718/1718 1719/1719
f 1720/1720 1721/1721 1722/1722
f 1723/1723 1724/1724 1725/1725
f 1726/1726 1727/1727 1728/1728
f 1729/1729 1730/1730 1731/1731
f 1732/1732 1733/1733 1734/1734
f 1735/1735 1736/1736 1737/1737
f 1738/1738 1739/1739 1740/1740
f 1741/1741 1742/1742 1743/1743
f 1744/1744 1745/1745 1746/1746
f 1747/1747 1748/1748 1749/1749
f 1750/1750 1751/1751 1752/1752
f 1753/1753 1754/1754 1755/1755
f 1756/1756 1757/1757 1758/1758
f 1759/1759 1760/1760 1761/1761
f 1762/1762 1763/1763 1764/1764
f 1765/1765 1766/1766 1767/1767
f 1768/1768 1769/1769 1770/1770
f 1771/1771 1772/1772 1773/1773
f 1774/1774 1775/1775 1776/1776
f 1777/1777 1778/1778 1779/1779
f 1780/1780 1781/1781 1782/1782
f 1783/1783 1784/1784 1785/1785
f 1786/1786 1787/1787 1788/1788
f 1789/1789 1790/1790 1791/1791
f 1792/1792 1793/1793 1794/1794
f 1795/1795 1796/1796 1797/1797
f 1798/1798 1799/1799 1800/1800
f 1801/1801 1802/1802 1803/1803
f 1804/1804 1805/1805 1806/1806
f 1807/1807 1808/1808 1809/1809
f 1810/1810 1811/1811 1812/1812
f 1813/1813 1814/1814 1815/1815
f 1816/1816 1817/1817 1818/1818
f 1819/1819 1820/1820 1821/1821
f 1822/1822 1823/1823 1824/1824
f 1825/1825 1826/1826 1827/1827
f 1828/1828 1829/1829 1830/1830
f 1831/1831 1832/1832 1833/1833
f 1834/1834 1835/1835 1836/1836
f 1837/1837 1838/1838 1839/1839
f 1840/1840 1841/1841 1842/1842
f 1843/1843 1844/1844 1845/1845
f 1846/1846 1847/1847 1848/1848
f 1849/1849 1850/1850 1851/1851
f 1852/1852 1853/1853 1854/1854
f 1855/1855 1856/1856 1857/1857
f 1858/1858 1859/1859 1860/1860
f 1861/1861 1862/1862 1863/1863
f 1864/1864 1865/1865 1866/1866
f 1867/1867 1868/1868 1869/1869
f 1870/1870 1871/1871 1872/1872
f 1873/1873 1874/1874 1875/1875
f 1876/1876 1877/1877 1878/1878
f 1879/1879 1880/1880 1881/1881
f 1882/1882 1883/1883 1884/1884
f 1885/1885 1886/1886 1887/1887
f 1888/1888 1889/1889 1890/1890
f 1891/1891 1892/1892 1893/1893
f 1894/1894 1895/1895 1896/1896
f 1897/1897 1898/1898 1899/1899
f 1900/1900 1901/1901 1902/1902
f 1903/1903 1904/1904 1905/1905
f 1906/1906 1907/1907 1908/1908
f 1909/1909 1910/1910 1911/1911
f 1912/1912 1913/1913 1914/1914
f 1915/1915 1916/1916 1917/1917
f 1918/1918 1919/1919 1920/1920
f 1921/1921 1922/1922 1923/1923
f 1924/1924 1925/1925 1926/1926
f 1927/1927 1928/1928 1929/1929
f 1930/1930 1931/1931 1932/1932
f 1933/1933 1934/1934 1935/1935
f 1936/1936 1937/1937 1938/1938
f 1939/1939 1940/1940 1941/1941
f 1942/1942 1943/1943 1944/1944
f 1945/1945 1946/1946 1947/1947
f 1948/1948 1949/1949 1950/1950
f 1951/1951 1952/1952 1953/1953
f 1954/1954 1955/1955 1956/1956
f 1957/1957 1958/1958 1959/1959
f 1960/1960 1961/1961 1962/1962
f 1963/1963 1964/1964 1965/1965
f 1966/1966 1967/1967 1968/1968
f 1969/1969 1970/1970 1971/1971
f 1972/1972 1973/1973 1974/1974
f 1975/1975 1976/1976 1977/1977
f 1978/1978 1979/1979 1980/1980
f 1981/1981 1982/1982 1983/1983
f 1984/1984 1985/1985 1986/1986
f 1987/1987 1988/1988 1989/1989
f 1990/1990 1991/1991 1992/1992
f 1993/1993 1994/1994 1995/1995
f 1996/1996 1997/1997 1998/1998
f 1999/1999 2000/2000 2001/2001
f 2002/2002 2003/2003 2004/2004
f 2005/2005 2006/2006 2007/2007
f 2008/2008 2009/2009 2010/2010
f 2011/2011 2012/2012 2013/2013
f 2014/2014 2015/2015 2016/2016
f 2017/2017 2018/2018 2019/2019
f 2020/2020 2021/2021 2022/2022
f 2023/2023 2024/2024 2025/2025
f 2026/2026 2027/2027 2028/2028
f 2029/2029 2030/2030 2031/2031
f 2032/2032 2033/2033 2034/2034
f 2035/2035 2036/2036 2037/2037
f 2038/2038 2039/2039 2040/2040
f 2041/2041 2042/2042 2043/2043
f 2044/2044 2045/2045 2046/2046
f 2047/2047 2048/2048 2049/2049
f 2050/2050 2051/2051 2052/2052
f 2053/2053 2054/2054 2055/2055
f 2056/2056 2057/2057 2058/2058
f 2059/2059 2060/2060 2061/2061
f 2062/2062 2063/2063 2064/2064
f 2065/2065 2066/2066 2067/2067
f 2068/2068 2069/2069 2070/2070
f 2071/2071 2072/2072 2073/2073
f 2074/2074 2075/2075 2076/2076
f 2077/2077 2078/2078 2079/2079
f 2080/2080 2081/2081 2082/2082
f 2083/2083 2084/2084 2085/2085
f 2086/2086 2087/2087 2088/2088
f 2089/2089 2090/2090 2091/2091
f 2092/2092 2093/2093 2094/2094
f 2095/2095 2096/2096 2097/2097
f 2098/2098 2099/2099 2100/2100
f 2101/2101 2102/2102 2103/2103
f 2104/2104 2105/2105 2106/2106
f 2107/2107 2108/2108 2109/2109
f 2110/2110 2111/2111 2112/2112
f 2113/2113 2114/2114 2115/2115
f 2116/2116 2117/2117 2118/2118
f 2119/2119 2120/2120 2121/2121
f 2122/2122 2123/2123 2124/2124
f 2125/2125 2126/2126 2127/2127
f 2128/2128 2129/2129 2130/2130
f 2131/2131 2132/2132 2133/2133
f 2134/2134 2135/2135 2136/2136
f 2137/2137 2138/2138 2139/2139
f 2140/2140 2141/2141 2142/2142
f 2143/2143 2144/2144 2145/2145
f 2146/2146 2147/2147 2148/2148
f 2149/2149 2150/2150 2151/2151
f 2152/2152 2153/2153 2154/2154
f 2155/2155 2156/2156 2157/2157
f 2158/2158 2159/2159 2160/2160
f 2161/2161 2162/2162 2163/2163
f 2164/2164 2165/2165 2166/2166
f 2167/2167 2168/2168 2169/2169
f 2170/2170 2171/2171 2172/2172
f 2173/2173 2174/2174 2175/2175
f 2176/2176 2177/2177 2178/2178
f 2179/2179 2180/2180 2181/2181
f 2182/2182 2183/2183 2184/2184
f 2185/2185 2186/2186 2187/2187
f 2188/2188 2189/2189 2190/2190
f 2191/2191 2192/2192 2193/2193
f 2194/2194 2195/2195 2196/2196
f 2197/2197 2198/2198 2199/2199
f 2200/2200 2201/2201 2202/2202
f 2203/2203 2204/2204 2205/2205
f 2206/2206 2207/2207 2208/2208
f 2209/2209 2210/2210 2211/2211
f 2212/2212 2213/2213 2214/2214
f 2215/2215 2216/2216 2217/2217
f 2218/2218 2219/2219 2220/2220
f 2221/2221 2222/2222 2223/2223
f 2224/2224 2225/2225 2226/2226
f 2227/2227 2228/2228 2229/2229
f 2230/2230 2231/2231 2232/2232
f 2233/2233 2234/2234 2235/2235
f 2236/2236 2237/2237 2238/2238
f 2239/2239 2240/2240 2241/2241
f 2242/2242 2243/2243 2244/2244
f 2245/2245 2246/2246 2247/2247
f 2248/2248 2249/2249 2250/2250
f 2251/2251 2252/2252 2253/2253
f 2254/2254 2255/2255 2256/2256
f 2257/2257 2258/2258 2259/2259
f 2260/2260 2261/2261 2262/2262
f 2263/2263 2264/2264 2265/2265
f 2266/2266 2267/2267 2268/2268
f 2269/2269 2270/2270 2271/2271
f 2272/2272 2273/2273 2274/2274
f 2275/2275 2276/2276 2277/2277
f 2278/2278 2279/2279 2280/2280
f 2281/2281 2282/2282 2283/2283
f 2284/2284 2285/2285 2286/2286
f 2287/2287 2288/2288 2289/2289
f 2290/2290 2291/2291 2292/2292
f 2293/2293 2294/2294 2295/2295
f 2296/2296 2297/2297 2298/2298
f 2299/2299 2300/2300 2301/2301
f 2302/2302 2303/2303 2304/2304
f 2305/2305 2306/2306 2307/2307
f 2308/2308 2309/2309 2310/2310
f 2311/2311 2312/2312 2313/2313
f 2314/2314 2315/2315 2316/2316
f 2317/2317 2318/2318 2319/2319
f 2320/2320 2321/2321 2322/2322
f 2323/2323 2324/2324 2325/2325
f 2326/2326 2327/2327 2328/2328
f 2329/2329 2330/2330 2331/2331
f 2332/2332 2333/2333 2334/2334
f 2335/2335 2336/2336 2337/2337
f 2338/2338 2339/2339 2340/2340
f 2341/2341 2342/2342 2343/2343
f 2344/2344 2345/2345 2346/2346
f 2347/2347 2348/2348 2349/2349
f 2350/2350 2351/2351 2352/2352
f 2353/2353 2354/2354 2355/2355
f 2356/2356 2357/2357 2358/2358
f 2359/2359 2360/2360 2361/2361
f 2362/2362 2363/2363 2364/2364
f 2365/2365 2366/2366 2367/2367
f 2368/2368 2369/2369 2370/2370
f 2371/2371 2372/2372 2373/2373
f 2374/2374 2375/2375 2376/2376
f 2377/2377 2378/2378 2379/2379
f 2380/2380 2381/2381 2382/2382
f 2383/2383 2384/2384 2385/2385
f 2386/2386 2387/2387 2388/2388
f 2389/2389 2390/2390 2391/2391
f 2392/2392 2393/2393 2394/2394
f 2395/2395 2396/2396 2397/2397
f 2398/2398 2399/2399 2400/2400
f 2401/2401 2402/2402 2403/2403
f 2404/2404 2405/2405 2406/2406
f 2407/2407 2408/2408 2409/2409
f 2410/2410 2411/2411 2412/2412
f 2413/2413 2414/2414 2415/2415
f 2416/2416 2417/2417 2418/2418
f 2419/2419 2420/2420 2421/2421
f 2422/2422 2423/2423 2424/2424
f 2425/2425 2426/2426 2427/2427
f 2428/2428 2429/2429 2430/2430
f 2431/2431 2432/2432 2433/2433
f 2434/2434 2435/2435 2436/2436
f 2437/2437 2438/2438 2439/2439
f 2440/2440 2441/2441 2442/2442
f 2443/2443 2444/2444 2445/2445
f 2446/2446 2447/2447 2448/2448
f 2449/2449 2450/2450 2451/2451
f 2452/2452 2453/2453 2454/2454
f 2455/2455 2456/2456 2457/2457
f 2458/2458 2459/2459 2460/2460
f 2461/2461 2462/2462 2463/2463
f 2464/2464 2465/2465 2466/2466
f 2467/2467 2468/2468 2469/2469
f 2470/2470 2471/2471 2472/2472
f 2473/2473 2474/2474 2475/2475
f 2476/2476 2477/2477 2478/2478
f 2479/2479 2480/2480 2481/2481
f 2482/2482 2483/2483 2484/2484
f 2485/2485 2486/2486 2487/2487
f 2488/2488 2489/2489 2490/2490
f 2491/2491 2492/2492 2493/2493
f 2494/2494 2495/2495 2496/2496
f 2497/2497 2498/2498 2499/2499
f 2500/2500 2501/2501 2502/2502
f 2503/2503 2504/2504 2505/2505
f 2506/2506 2507/2507 2508/2508
f 2509/2509 2510/2510 2511/2511
f 2512/2512 2513/2513 2514/2514
f 2515/2515 2516/2516 2517/2517
f 2518/2518 2519/2519 2520/2520
f 2521/2521 2522/2522 2523/2523
f 2524/2524 2525/2525 2526/2526
f 2527/2527 2528/2528 2529/2529
f 2530/2530 2531/2531 2532/2532
f 2533/2533 2534/2534 2535/2535
f 2536/2536 2537/2537 2538/2538
f 2539/2539 2540/2540 2541/2541
f 2542/2542 2543/2543 2544/2544
f 2545/2545 2546/2546 2547/2547
f 2548/2548 2549/2549 2550/2550
f 2551/2551 2552/2552 2553/2553
f 2554/2554 2555/2555 2556/2556
f 2557/2557 2558/2558 2559/2559
f 2560/2560 2561/2561 2562/2562
f 2563/2563 2564/2564 2565/2565
f 2566/2566 2567/2567 2568/2568
f 2569/2569 2570/2570 2571/2571
f 2572/2572 2573/2573 2574/2574
f 2575/2575 2576/2576 2577/2577
f 2578/2578 2579/2579 2580/2580
f 2581/2581 2582/2582 2583/2583
f 2584/2584 2585/2585 2586/2586
f 2587/2587 2588/2588 2589/2589
f 2590/2590 2591/2591 2592/2592
f 2593/2593 2594/2594 2595/2595
f 2596/2596 2597/2597 2598/2598
f 2599/2599 2600/2600 2601/2601
f 2602/2602 2603/2603 2604/2604
f 2605/2605 2606/2606 2607/2607
f 2608/2608 2609/2609 2610/2610
f 2611/2611 2612/2612 2613/2613
f 2614/2614 2615/2615 2616/2616
f 2617/2617 2618/2618 2619/2619
f 2620/2620 2621/2621 2622/2622
f 2623/2623 2624/2624 2625/2625
f 2626/2626 2627/2627 2628/2628
f 2629/2629 2630/2630 2631/2631
f 2632/2632 2633/2633 2634/2634
f 2635/2635 2636/2636 2637/2637
f 2638/2638 2639/2639 2640/2640
f 2641/2641 2642/2642 2643/2643
f 2644/2644 2645/2645 2646/2646
f 2647/2647 2648/2648 2649/2649
f 2650/2650 2651/2651 2652/2652
f 2653/2653 2654/2654 2655/2655
f 2656/2656 2657/2657 2658/2658
f 2659/2659 2660/2660 2661/2661
f 2662/2662 2663/2663 2664/2664
f 2665/2665 2666/2666 2667/2667
f 2668/2668 2669/2669 2670/2670
f 2671/2671 2672/2672 2673/2673
f 2674/2674 2675/2675 2676/2676
f 2677/2677 2678/2678 2679/2679
f 2680/2680 2681/2681 2682/2682
f 2683/2683 2684/2684 2685/2685
f 2686/2686 2687/2687 2688/2688
f 2689/2689 2690/2690 2691/2691
f 2692/2692 2693/2693 2694/2694
f 2695/2695 2696/2696 2697/2697
f 2698/2698 2699/2699 2700/2700
f 2701/2701 2702/2702 2703/2703
f 2704/2704 2705/2705 2706/2706
f 2707/2707 2708/2708 2709/2709
f 2710/2710 2711/2711 2712/2712
f 2713/2713 2714/2714 2715/2715
f 2716/2716 2717/2717 2718/2718
f 2719/2719 2720/2720 2721/2721
f 2722/2722 2723/2723 2724/2724
f 2725/2725 2726/2726 2727/2727
f 2728/2728 2729/2729 2730/2730
f 2731/2731 2732/2732 2733/2733
f 2734/2734 2735/2735 2736/2736
f 2737/2737 2738/2738 2739/2739
f 2740/2740 2741/2741 2742/2742
f 2743/2743 2744/2744 2745/2745
f 2746/2746 2747/2747 2748/2748
f 2749/2749 2750/2750 2751/2751
f 2752/2752 2753/2753 2754/2754
f 2755/2755 2756/2756 2757/2757
f 2758/2758 2759/2759 2760/2760
f 2761/2761 2762/2762 2763/2763
f 2764/2764 2765/2765 2766/2766
f 2767/2767 2768/2768 2769/2769
f 2770/2770 2771/2771 2772/2772
f 2773/2773 2774/2774 2775/2775
f 2776/2776 2777/2777 2778/2778
f 2779/2779 2780/2780 2781/2781
f 2782/2782 2783/2783 2784/2784
f 2785/2785 2786/2786 2787/2787
f 2788/2788 2789/2789 2790/2790
f 2791/2791 2792/2792 2793/2793
f 2794/2794 2795/2795 2796/2796
f 2797/2797 2798/2798 2799/2799
f 2800/2800 2801/2801 2802/2802
f 2803/2803 2804/2804 2805/2805
f 2806/2806 2807/2807 2808/2808
f 2809/2809 2810/2810 2811/2811
f 2812/2812 2813/2813 2814/2814
f 2815/2815 2816/2816 2817/2817
f 2818/2818 2819/2819 2820/2820
f 2821/2821 2822/2822 2823/2823
f 2824/2824 2825/2825 2826/2826
f 2827/2827 2828/2828 2829/2829
f 2830/2830 2831/2831 2832/2832
f 2833/2833 2834/2834 2835/2835
f 2836/2836 2837/2837 2838/2838
f 2839/2839 2840/2840 2841/2841
f 2842/2842 2843/2843 2844/2844
f 2845/2845 2846/2846 2847/2847
f 2848/2848 2849/2849 2850/2850
f 2851/2851 2852/2852 2853/2853
f 2854/2854 2855/2855 2856/2856
f 2857/2857 2858/2858 2859/2859
f 2860/2860 2861/2861 2862/2862
f 2863/2863 2864/2864 2865/2865
f 2866/2866 2867/2867 2868/2868
f 2869/2869 2870/2870 2871/2871
f 2872/2872 2873/2873 2874/2874
f 2875/2875 2876/2876 2877/2877
f 2878/2878 2879/2879 2880/2880
f 2881/2881 2882/2882 2883/2883
f 2884/2884 2885/2885 2886/2886
f 2887/2887 2888/2888 2889/2889
f 2890/2890 2891/2891 2892/2892
f 2893/2893 2894/2894 2895/2895
f 2896/2896 2897/2897 2898/2898
f 2899/2899 2900/2900 2901/2901
f 2902/2902 2903/2903 2904/2904
f 2905/2905 2906/2906 2907/2907
f 2908/2908 2909/2909 2910/2910
f 2911/2911 2912/2912 2913/2913
f 2914/2914 2915/2915 2916/2916
f 2917/2917 2918/2918 2919/2919
f 2920/2920 2921/2921 2922/2922
f 2923/2923 2924/2924 2925/2925
f 2926/2926 2927/2927 2928/2928
f 2929/2929 2930/2930 2931/2931
f 2932/2932 2933/2933 2934/2934
f 2935/2935 2936/2936 2937/2937
f 2938/2938 2939/2939 2940/2940
f 2941/2941 2942/2942 2943/2943
f 2944/2944 2945/2945 2946/2946
f 2947/2947 2948/2948 2949/2949
f 2950/2950 2951/2951 2952/2952
f 2953/2953 2954/2954 2955/2955
f 2956/2956 2957/2957 2958/2958
f 2959/2959 2960/2960 2961/2961
f 2962/2962 2963/2963 2964/2964
f 2965/2965 2966/2966 2967/2967
f 2968/2968 2969/2969 2970/2970
f 2971/2971 2972/2972 2973/2973
f 2974/2974 2975/2975 2976/2976
f 2977/2977 2978/2978 2979/2979
f 2980/2980 2981/2981 2982/2982
f 2983/2983 2984/2984 2985/2985
f 2986/2986 2987/2987 2988/2988
f 2989/2989 2990/2990 2991/2991
f 2992/2992 2993/2993 2994/2994
f 2995/2995 2996/2996 2997/2997
f 2998/2998 2999/2999 3000/3000
f 3001/3001 3002/3002 3003/3003
f 3004/3004 3005/3005 3006/3006
f 3007/3007 3008/3008 3009/3009
f 3010/3010 3011/3011 3012/3012
f 3013/3013 3014/3014 3015/3015
f 3016/3016 3017/3017 3018/3018
f 3019/3019 3020/3020 3021/3021
f 3022/3022 3023/3023 3024/3024
f 3025/3025 3026/3026 3027/3027
f 3028/3028 3029/3029 3030/3030
f 3031/3031 3032/3032 3033/3033
f 3034/3034 3035/3035 3036/3036
f 3037/3037 3038/3038 3039/3039
f 3040/3040 3041/3041 3042/3042
f 3043/3043 3044/3044 3045/3045
f 3046/3046 3047/3047 3048/3048
f 3049/3049 3050/3050 3051/3051
f 3052/3052 3053/3053 3054/3054
f 3055/3055 3056/3056 3057/3057
f 3058/3058 3059/3059 3060/3060
f 3061/3061 3062/3062 3063/3063
f 3064/3064 3065/3065 3066/3066
f 3067/3067 3068/3068 3069/3069
f 3070/3070 3071/3071 3072/3072
f 3073/3073 3074/3074 3075/3075
f 3076/3076 3077/3077 3078/3078
f 3079/3079 3080/3080 3081/3081
f 3082/3082 3083/3083 3084/3084
f 3085/3085 3086/3086 3087/3087
f 3088/3088 3089/3089 3090/3090
f 3091/3091 3092/3092 3093/3093
f 3094/3094 3095/3095 3096/3096
f 3097/3097 3098/3098 3099/3099
f 3100/3100 3101/3101 3102/3102
f 3103/3103 3104/3104 3105/3105
f 3106/3106 3107/3107 3108/3108
f 3109/3109 3110/3110 3111/3111
f 3112/3112 3113/3113 3114/3114
f 3115/3115 3116/3116 3117/3117
f 3118/3118 3119/3119 3120/3120
f 3121/3121 3122/3122 3123/3123
f 3124/3124 3125/3125 3126/3126
f 3127/3127 3128/3128 3129/3129
f 3130/3130 3131/3131 3132/3132
f 3133/3133 3134/3134 3135/3135
f 3136/3136 3137/3137 3138/3138
f 3139/3139 3140/3140 3141/3141
f 3142/3142 3143/3143 3144/3144
f 3145/3145 3146/3146 3147/3147
f 3148/3148 3149/3149 3150/3150
f 3151/3151 3152/3152 3153/3153
f 3154/3154 3155/3155 3156/3156
f 3157/3157 3158/3158 3159/3159
f 3160/3160 3161/3161 3162/3162
f 3163/3163 3164/3164 3165/3165
f 3166/3166 3167/3167 3168/3168
f 3169/3169 3170/3170 3171/3171
f 3172/3172 3173/3173 3174/3174
f 3175/3175 3176/3176 3177/3177
f 3178/3178 3179/3179 3180/3180
f 3181/3181 3182/3182 3183/3183
f 3184/3184 3185/3185 3186/3186
f 3187/3187 3188/3188 3189/3189
f 3190/3190 3191/3191 3192/3192
