# Generated by TyraX. Do not edit - rebaked from the procedural graph of 'pines'.
# 64 instances of res/models/pine.obj
mtllib props.mtl
v -5.6427 20.8695 35.6313
v -5.9519 20.8871 35.6263
v -5.8495 22.6987 35.6694
v -5.6427 20.8695 35.6313
v -5.8495 22.6987 35.6694
v -5.5403 22.6811 35.6745
v -5.9519 20.8871 35.6263
v -5.9464 20.8942 35.3166
v -5.8441 22.7058 35.3598
v -5.9519 20.8871 35.6263
v -5.8441 22.7058 35.3598
v -5.8495 22.6987 35.6694
v -5.9464 20.8942 35.3166
v -5.6372 20.8766 35.3217
v -5.5348 22.6882 35.3648
v -5.9464 20.8942 35.3166
v -5.5348 22.6882 35.3648
v -5.8441 22.7058 35.3598
v -5.6372 20.8766 35.3217
v -5.6427 20.8695 35.6313
v -5.5403 22.6811 35.6745
v -5.6372 20.8766 35.3217
v -5.5403 22.6811 35.6745
v -5.5348 22.6882 35.3648
v 46.1204 13.7460 -37.1894
v 46.0590 13.7477 -37.0464
v 46.1537 14.6542 -37.0167
v 46.1204 13.7460 -37.1894
v 46.1537 14.6542 -37.0167
v 46.2151 14.6525 -37.1597
v 46.0590 13.7477 -37.0464
v 45.9168 13.7646 -37.1076
v 46.0116 14.6711 -37.0779
v 46.0590 13.7477 -37.0464
v 46.0116 14.6711 -37.0779
v 46.1537 14.6542 -37.0167
v 45.9168 13.7646 -37.1076
v 45.9782 13.7629 -37.2506
v 46.0730 14.6694 -37.2209
v 45.9168 13.7646 -37.1076
v 46.0730 14.6694 -37.2209
v 46.0116 14.6711 -37.0779
v 45.9782 13.7629 -37.2506
v 46.1204 13.7460 -37.1894
v 46.2151 14.6525 -37.1597
v 45.9782 13.7629 -37.2506
v 46.2151 14.6525 -37.1597
v 46.0730 14.6694 -37.2209
v -9.8969 20.1890 11.8340
v -9.5761 20.1798 11.7303
v -9.4999 22.1529 11.7907
v -9.8969 20.1890 11.8340
v -9.4999 22.1529 11.7907
v -9.8206 22.1621 11.8944
v -9.5761 20.1798 11.7303
v -9.4728 20.1660 12.0510
v -9.3966 22.1391 12.1114
v -9.5761 20.1798 11.7303
v -9.3966 22.1391 12.1114
v -9.4999 22.1529 11.7907
v -9.4728 20.1660 12.0510
v -9.7935 20.1752 12.1547
v -9.7173 22.1483 12.2151
v -9.4728 20.1660 12.0510
v -9.7173 22.1483 12.2151
v -9.3966 22.1391 12.1114
v -9.7935 20.1752 12.1547
v -9.8969 20.1890 11.8340
v -9.8206 22.1621 11.8944
v -9.7935 20.1752 12.1547
v -9.8206 22.1621 11.8944
v -9.7173 22.1483 12.2151
v 43.2635 14.0343 -42.7839
v 43.0566 14.0317 -42.8473
v 43.0724 15.2956 -42.9507
v 43.2635 14.0343 -42.7839
v 43.0724 15.2956 -42.9507
v 43.2794 15.2982 -42.8873
v 43.0566 14.0317 -42.8473
v 43.1199 14.0140 -43.0536
v 43.1358 15.2780 -43.1569
v 43.0566 14.0317 -42.8473
v 43.1358 15.2780 -43.1569
v 43.0724 15.2956 -42.9507
v 43.1199 14.0140 -43.0536
v 43.3269 14.0166 -42.9902
v 43.3428 15.2805 -43.0935
v 43.1199 14.0140 -43.0536
v 43.3428 15.2805 -43.0935
v 43.1358 15.2780 -43.1569
v 43.3269 14.0166 -42.9902
v 43.2635 14.0343 -42.7839
v 43.2794 15.2982 -42.8873
v 43.3269 14.0166 -42.9902
v 43.2794 15.2982 -42.8873
v 43.3428 15.2805 -43.0935
v 11.4408 16.0760 -49.6754
v 11.7410 16.0671 -49.4151
v 11.7122 18.3925 -49.3028
v 11.4408 16.0760 -49.6754
v 11.7122 18.3925 -49.3028
v 11.4120 18.4014 -49.5631
v 11.7410 16.0671 -49.4151
v 11.4806 16.0494 -49.1154
v 11.4518 18.3748 -49.0031
v 11.7410 16.0671 -49.4151
v 11.4518 18.3748 -49.0031
v 11.7122 18.3925 -49.3028
v 11.4806 16.0494 -49.1154
v 11.1805 16.0583 -49.3757
v 11.1516 18.3837 -49.2634
v 11.4806 16.0494 -49.1154
v 11.1516 18.3837 -49.2634
v 11.4518 18.3748 -49.0031
v 11.1805 16.0583 -49.3757
v 11.4408 16.0760 -49.6754
v 11.4120 18.4014 -49.5631
v 11.1805 16.0583 -49.3757
v 11.4120 18.4014 -49.5631
v 11.1516 18.3837 -49.2634
v 46.8723 12.7396 -2.5016
v 46.8917 12.7389 -2.7540
v 47.0875 14.2092 -2.7434
v 46.8723 12.7396 -2.5016
v 47.0875 14.2092 -2.7434
v 47.0681 14.2100 -2.4909
v 46.8917 12.7389 -2.7540
v 47.1420 12.7054 -2.7346
v 47.3378 14.1758 -2.7240
v 46.8917 12.7389 -2.7540
v 47.3378 14.1758 -2.7240
v 47.0875 14.2092 -2.7434
v 47.1420 12.7054 -2.7346
v 47.1225 12.7062 -2.4822
v 47.3183 14.1765 -2.4715
v 47.1420 12.7054 -2.7346
v 47.3183 14.1765 -2.4715
v 47.3378 14.1758 -2.7240
v 47.1225 12.7062 -2.4822
v 46.8723 12.7396 -2.5016
v 47.0681 14.2100 -2.4909
v 47.1225 12.7062 -2.4822
v 47.0681 14.2100 -2.4909
v 47.3183 14.1765 -2.4715
v -16.6418 21.7521 27.5347
v -16.9087 21.7563 27.7434
v -16.8236 23.7382 27.8122
v -16.6418 21.7521 27.5347
v -16.8236 23.7382 27.8122
v -16.5567 23.7340 27.6035
v -16.9087 21.7563 27.7434
v -17.1169 21.7746 27.4767
v -17.0318 23.7564 27.5455
v -16.9087 21.7563 27.7434
v -17.0318 23.7564 27.5455
v -16.8236 23.7382 27.8122
v -17.1169 21.7746 27.4767
v -16.8501 21.7703 27.2681
v -16.7649 23.7522 27.3369
v -17.1169 21.7746 27.4767
v -16.7649 23.7522 27.3369
v -17.0318 23.7564 27.5455
v -16.8501 21.7703 27.2681
v -16.6418 21.7521 27.5347
v -16.5567 23.7340 27.6035
v -16.8501 21.7703 27.2681
v -16.5567 23.7340 27.6035
v -16.7649 23.7522 27.3369
v -3.7046 17.8956 -45.6437
v -3.8866 17.8942 -45.5302
v -3.8971 19.1508 -45.5315
v -3.7046 17.8956 -45.6437
v -3.8971 19.1508 -45.5315
v -3.7150 19.1522 -45.6449
v -3.8866 17.8942 -45.5302
v -4.0001 17.8931 -45.7122
v -4.0105 19.1497 -45.7135
v -3.8866 17.8942 -45.5302
v -4.0105 19.1497 -45.7135
v -3.8971 19.1508 -45.5315
v -4.0001 17.8931 -45.7122
v -3.8180 17.8945 -45.8257
v -3.8285 19.1511 -45.8270
v -4.0001 17.8931 -45.7122
v -3.8285 19.1511 -45.8270
v -4.0105 19.1497 -45.7135
v -3.8180 17.8945 -45.8257
v -3.7046 17.8956 -45.6437
v -3.7150 19.1522 -45.6449
v -3.8180 17.8945 -45.8257
v -3.7150 19.1522 -45.6449
v -3.8285 19.1511 -45.8270
v 13.0474 18.2068 46.0672
v 13.2270 18.2228 45.8272
v 13.1263 19.9781 45.8689
v 13.0474 18.2068 46.0672
v 13.1263 19.9781 45.8689
v 12.9468 19.9621 46.1089
v 13.2270 18.2228 45.8272
v 13.4669 18.2322 46.0073
v 13.3663 19.9875 46.0490
v 13.2270 18.2228 45.8272
v 13.3663 19.9875 46.0490
v 13.1263 19.9781 45.8689
v 13.4669 18.2322 46.0073
v 13.2873 18.2163 46.2474
v 13.1867 19.9715 46.2890
v 13.4669 18.2322 46.0073
v 13.1867 19.9715 46.2890
v 13.3663 19.9875 46.0490
v 13.2873 18.2163 46.2474
v 13.0474 18.2068 46.0672
v 12.9468 19.9621 46.1089
v 13.2873 18.2163 46.2474
v 12.9468 19.9621 46.1089
v 13.1867 19.9715 46.2890
v 11.8295 18.1146 40.0131
v 11.8267 18.1147 40.3665
v 11.9518 20.1817 40.3669
v 11.8295 18.1146 40.0131
v 11.9518 20.1817 40.3669
v 11.9547 20.1816 40.0135
v 11.8267 18.1147 40.3665
v 11.4739 18.1361 40.3637
v 11.5990 20.2030 40.3641
v 11.8267 18.1147 40.3665
v 11.5990 20.2030 40.3641
v 11.9518 20.1817 40.3669
v 11.4739 18.1361 40.3637
v 11.4767 18.1360 40.0102
v 11.6019 20.2029 40.0107
v 11.4739 18.1361 40.3637
v 11.6019 20.2029 40.0107
v 11.5990 20.2030 40.3641
v 11.4767 18.1360 40.0102
v 11.8295 18.1146 40.0131
v 11.9547 20.1816 40.0135
v 11.4767 18.1360 40.0102
v 11.9547 20.1816 40.0135
v 11.6019 20.2029 40.0107
v 34.0881 14.3887 -47.7916
v 33.7998 14.3782 -47.5795
v 33.7385 16.4753 -47.5587
v 34.0881 14.3887 -47.7916
v 33.7385 16.4753 -47.5587
v 34.0268 16.4858 -47.7709
v 33.7998 14.3782 -47.5795
v 33.5876 14.3748 -47.8679
v 33.5263 16.4719 -47.8472
v 33.7998 14.3782 -47.5795
v 33.5263 16.4719 -47.8472
v 33.7385 16.4753 -47.5587
v 33.5876 14.3748 -47.8679
v 33.8759 14.3854 -48.0801
v 33.8146 16.4824 -48.0594
v 33.5876 14.3748 -47.8679
v 33.8146 16.4824 -48.0594
v 33.5263 16.4719 -47.8472
v 33.8759 14.3854 -48.0801
v 34.0881 14.3887 -47.7916
v 34.0268 16.4858 -47.7709
v 33.8759 14.3854 -48.0801
v 34.0268 16.4858 -47.7709
v 33.8146 16.4824 -48.0594
v -2.5312 19.6324 25.8862
v -2.3462 19.6256 25.9270
v -2.2818 20.7290 25.8208
v -2.5312 19.6324 25.8862
v -2.2818 20.7290 25.8208
v -2.4668 20.7359 25.7800
v -2.3462 19.6256 25.9270
v -2.3861 19.6456 26.1112
v -2.3217 20.7491 26.0050
v -2.3462 19.6256 25.9270
v -2.3217 20.7491 26.0050
v -2.2818 20.7290 25.8208
v -2.3861 19.6456 26.1112
v -2.5710 19.6525 26.0704
v -2.5067 20.7560 25.9642
v -2.3861 19.6456 26.1112
v -2.5067 20.7560 25.9642
v -2.3217 20.7491 26.0050
v -2.5710 19.6525 26.0704
v -2.5312 19.6324 25.8862
v -2.4668 20.7359 25.7800
v -2.5710 19.6525 26.0704
v -2.4668 20.7359 25.7800
v -2.5067 20.7560 25.9642
v 4.4425 17.1015 -35.4234
v 4.5213 17.1015 -35.1590
v 4.5009 18.7175 -35.1535
v 4.4425 17.1015 -35.4234
v 4.5009 18.7175 -35.1535
v 4.4221 18.7174 -35.4178
v 4.5213 17.1015 -35.1590
v 4.2570 17.0979 -35.0802
v 4.2366 18.7139 -35.0747
v 4.5213 17.1015 -35.1590
v 4.2366 18.7139 -35.0747
v 4.5009 18.7175 -35.1535
v 4.2570 17.0979 -35.0802
v 4.1782 17.0979 -35.3446
v 4.1578 18.7138 -35.3390
v 4.2570 17.0979 -35.0802
v 4.1578 18.7138 -35.3390
v 4.2366 18.7139 -35.0747
v 4.1782 17.0979 -35.3446
v 4.4425 17.1015 -35.4234
v 4.4221 18.7174 -35.4178
v 4.1782 17.0979 -35.3446
v 4.4221 18.7174 -35.4178
v 4.1578 18.7138 -35.3390
v -15.5811 21.1414 20.1438
v -15.3830 21.1508 20.1877
v -15.4266 22.3388 20.1307
v -15.5811 21.1414 20.1438
v -15.4266 22.3388 20.1307
v -15.6247 22.3294 20.0868
v -15.3830 21.1508 20.1877
v -15.4272 21.1587 20.3858
v -15.4709 22.3466 20.3288
v -15.3830 21.1508 20.1877
v -15.4709 22.3466 20.3288
v -15.4266 22.3388 20.1307
v -15.4272 21.1587 20.3858
v -15.6254 21.1493 20.3419
v -15.6690 22.3373 20.2849
v -15.4272 21.1587 20.3858
v -15.6690 22.3373 20.2849
v -15.4709 22.3466 20.3288
v -15.6254 21.1493 20.3419
v -15.5811 21.1414 20.1438
v -15.6247 22.3294 20.0868
v -15.6254 21.1493 20.3419
v -15.6247 22.3294 20.0868
v -15.6690 22.3373 20.2849
v 26.5779 15.1024 -25.9672
v 26.5658 15.1032 -26.2223
v 26.6469 16.5973 -26.2217
v 26.5779 15.1024 -25.9672
v 26.6469 16.5973 -26.2217
v 26.6590 16.5965 -25.9666
v 26.5658 15.1032 -26.2223
v 26.8205 15.0894 -26.2344
v 26.9016 16.5835 -26.2338
v 26.5658 15.1032 -26.2223
v 26.9016 16.5835 -26.2338
v 26.6469 16.5973 -26.2217
v 26.8205 15.0894 -26.2344
v 26.8327 15.0886 -25.9793
v 26.9137 16.5827 -25.9787
v 26.8205 15.0894 -26.2344
v 26.9137 16.5827 -25.9787
v 26.9016 16.5835 -26.2338
v 26.8327 15.0886 -25.9793
v 26.5779 15.1024 -25.9672
v 26.6590 16.5965 -25.9666
v 26.8327 15.0886 -25.9793
v 26.6590 16.5965 -25.9666
v 26.9137 16.5827 -25.9787
v 15.1343 15.6413 -44.8980
v 14.9242 15.6456 -45.0509
v 14.9553 17.1675 -45.0514
v 15.1343 15.6413 -44.8980
v 14.9553 17.1675 -45.0514
v 15.1654 17.1632 -44.8986
v 14.9242 15.6456 -45.0509
v 15.0770 15.6424 -45.2610
v 15.1081 17.1643 -45.2615
v 14.9242 15.6456 -45.0509
v 15.1081 17.1643 -45.2615
v 14.9553 17.1675 -45.0514
v 15.0770 15.6424 -45.2610
v 15.2871 15.6382 -45.1082
v 15.3182 17.1601 -45.1087
v 15.0770 15.6424 -45.2610
v 15.3182 17.1601 -45.1087
v 15.1081 17.1643 -45.2615
v 15.2871 15.6382 -45.1082
v 15.1343 15.6413 -44.8980
v 15.1654 17.1632 -44.8986
v 15.2871 15.6382 -45.1082
v 15.1654 17.1632 -44.8986
v 15.3182 17.1601 -45.1087
v 49.2310 13.0399 -20.1682
v 49.0299 13.0334 -20.1663
v 48.9912 14.2114 -20.1970
v 49.2310 13.0399 -20.1682
v 48.9912 14.2114 -20.1970
v 49.1924 14.2180 -20.1989
v 49.0299 13.0334 -20.1663
v 49.0281 13.0281 -20.3674
v 48.9895 14.2061 -20.3982
v 49.0299 13.0334 -20.1663
v 48.9895 14.2061 -20.3982
v 48.9912 14.2114 -20.1970
v 49.0281 13.0281 -20.3674
v 49.2293 13.0346 -20.3693
v 49.1907 14.2127 -20.4001
v 49.0281 13.0281 -20.3674
v 49.1907 14.2127 -20.4001
v 48.9895 14.2061 -20.3982
v 49.2293 13.0346 -20.3693
v 49.2310 13.0399 -20.1682
v 49.1924 14.2180 -20.1989
v 49.2293 13.0346 -20.3693
v 49.1924 14.2180 -20.1989
v 49.1907 14.2127 -20.4001
v -10.3897 21.2875 35.3595
v -10.3434 21.2851 35.5746
v -10.2981 22.5736 35.5790
v -10.3897 21.2875 35.3595
v -10.2981 22.5736 35.5790
v -10.3444 22.5760 35.3639
v -10.3434 21.2851 35.5746
v -10.5584 21.2925 35.6209
v -10.5131 22.5810 35.6254
v -10.3434 21.2851 35.5746
v -10.5131 22.5810 35.6254
v -10.2981 22.5736 35.5790
v -10.5584 21.2925 35.6209
v -10.6047 21.2949 35.4058
v -10.5594 22.5834 35.4102
v -10.5584 21.2925 35.6209
v -10.5594 22.5834 35.4102
v -10.5131 22.5810 35.6254
v -10.6047 21.2949 35.4058
v -10.3897 21.2875 35.3595
v -10.3444 22.5760 35.3639
v -10.6047 21.2949 35.4058
v -10.3444 22.5760 35.3639
v -10.5594 22.5834 35.4102
v 38.0843 13.6363 27.9689
v 38.1649 13.6375 27.7751
v 38.1742 14.8673 27.7866
v 38.0843 13.6363 27.9689
v 38.1742 14.8673 27.7866
v 38.0937 14.8661 27.9805
v 38.1649 13.6375 27.7751
v 38.3587 13.6353 27.8556
v 38.3681 14.8650 27.8672
v 38.1649 13.6375 27.7751
v 38.3681 14.8650 27.8672
v 38.1742 14.8673 27.7866
v 38.3587 13.6353 27.8556
v 38.2781 13.6341 28.0494
v 38.2875 14.8638 28.0610
v 38.3587 13.6353 27.8556
v 38.2875 14.8638 28.0610
v 38.3681 14.8650 27.8672
v 38.2781 13.6341 28.0494
v 38.0843 13.6363 27.9689
v 38.0937 14.8661 27.9805
v 38.2781 13.6341 28.0494
v 38.0937 14.8661 27.9805
v 38.2875 14.8638 28.0610
v 6.6004 16.7162 -51.9543
v 6.4466 16.7164 -51.7489
v 6.4271 18.2195 -51.7651
v 6.6004 16.7162 -51.9543
v 6.4271 18.2195 -51.7651
v 6.5809 18.2193 -51.9705
v 6.4466 16.7164 -51.7489
v 6.2412 16.7121 -51.9028
v 6.2217 18.2152 -51.9190
v 6.4466 16.7164 -51.7489
v 6.2217 18.2152 -51.9190
v 6.4271 18.2195 -51.7651
v 6.2412 16.7121 -51.9028
v 6.3951 16.7119 -52.1081
v 6.3756 18.2150 -52.1243
v 6.2412 16.7121 -51.9028
v 6.3756 18.2150 -52.1243
v 6.2217 18.2152 -51.9190
v 6.3951 16.7119 -52.1081
v 6.6004 16.7162 -51.9543
v 6.5809 18.2193 -51.9705
v 6.3951 16.7119 -52.1081
v 6.5809 18.2193 -51.9705
v 6.3756 18.2150 -52.1243
v 24.0442 16.6125 38.9118
v 24.2676 16.6267 39.1191
v 24.0925 18.4043 39.1863
v 24.0442 16.6125 38.9118
v 24.0925 18.4043 39.1863
v 23.8691 18.3901 38.9790
v 24.2676 16.6267 39.1191
v 24.0619 16.5980 39.3426
v 23.8868 18.3755 39.4098
v 24.2676 16.6267 39.1191
v 23.8868 18.3755 39.4098
v 24.0925 18.4043 39.1863
v 24.0619 16.5980 39.3426
v 23.8386 16.5838 39.1353
v 23.6634 18.3614 39.2025
v 24.0619 16.5980 39.3426
v 23.6634 18.3614 39.2025
v 23.8868 18.3755 39.4098
v 23.8386 16.5838 39.1353
v 24.0442 16.6125 38.9118
v 23.8691 18.3901 38.9790
v 23.8386 16.5838 39.1353
v 23.8691 18.3901 38.9790
v 23.6634 18.3614 39.2025
v 45.2420 13.4075 -21.0768
v 45.0576 13.3950 -20.8564
v 44.9532 15.0766 -20.8485
v 45.2420 13.4075 -21.0768
v 44.9532 15.0766 -20.8485
v 45.1375 15.0891 -21.0689
v 45.0576 13.3950 -20.8564
v 44.8376 13.3822 -21.0411
v 44.7332 15.0638 -21.0332
v 45.0576 13.3950 -20.8564
v 44.7332 15.0638 -21.0332
v 44.9532 15.0766 -20.8485
v 44.8376 13.3822 -21.0411
v 45.0219 13.3947 -21.2615
v 44.9175 15.0763 -21.2536
v 44.8376 13.3822 -21.0411
v 44.9175 15.0763 -21.2536
v 44.7332 15.0638 -21.0332
v 45.0219 13.3947 -21.2615
v 45.2420 13.4075 -21.0768
v 45.1375 15.0891 -21.0689
v 45.0219 13.3947 -21.2615
v 45.1375 15.0891 -21.0689
v 44.9175 15.0763 -21.2536
v 31.2981 14.4206 6.5981
v 31.0855 14.4399 6.5186
v 31.2204 15.7672 6.4815
v 31.2981 14.4206 6.5981
v 31.2204 15.7672 6.4815
v 31.4330 15.7478 6.5610
v 31.0855 14.4399 6.5186
v 31.1640 14.4260 6.3052
v 31.2989 15.7533 6.2681
v 31.0855 14.4399 6.5186
v 31.2989 15.7533 6.2681
v 31.2204 15.7672 6.4815
v 31.1640 14.4260 6.3052
v 31.3766 14.4066 6.3847
v 31.5115 15.7339 6.3476
v 31.1640 14.4260 6.3052
v 31.5115 15.7339 6.3476
v 31.2989 15.7533 6.2681
v 31.3766 14.4066 6.3847
v 31.2981 14.4206 6.5981
v 31.4330 15.7478 6.5610
v 31.3766 14.4066 6.3847
v 31.4330 15.7478 6.5610
v 31.5115 15.7339 6.3476
v 7.8619 18.6647 37.3882
v 7.6667 18.6789 37.2553
v 7.8322 20.0512 37.1586
v 7.8619 18.6647 37.3882
v 7.8322 20.0512 37.1586
v 8.0274 20.0370 37.2915
v 7.6667 18.6789 37.2553
v 7.7974 18.6494 37.0604
v 7.9628 20.0217 36.9636
v 7.6667 18.6789 37.2553
v 7.9628 20.0217 36.9636
v 7.8322 20.0512 37.1586
v 7.7974 18.6494 37.0604
v 7.9925 18.6352 37.1932
v 8.1580 20.0075 37.0965
v 7.7974 18.6494 37.0604
v 8.1580 20.0075 37.0965
v 7.9628 20.0217 36.9636
v 7.9925 18.6352 37.1932
v 7.8619 18.6647 37.3882
v 8.0274 20.0370 37.2915
v 7.9925 18.6352 37.1932
v 8.0274 20.0370 37.2915
v 8.1580 20.0075 37.0965
v 35.1431 14.4954 -35.6981
v 35.3232 14.5058 -35.6243
v 35.2915 15.6441 -35.7067
v 35.1431 14.4954 -35.6981
v 35.2915 15.6441 -35.7067
v 35.1115 15.6338 -35.7806
v 35.3232 14.5058 -35.6243
v 35.2488 14.5168 -35.4445
v 35.2172 15.6551 -35.5269
v 35.3232 14.5058 -35.6243
v 35.2172 15.6551 -35.5269
v 35.2915 15.6441 -35.7067
v 35.2488 14.5168 -35.4445
v 35.0688 14.5064 -35.5183
v 35.0371 15.6447 -35.6007
v 35.2488 14.5168 -35.4445
v 35.0371 15.6447 -35.6007
v 35.2172 15.6551 -35.5269
v 35.0688 14.5064 -35.5183
v 35.1431 14.4954 -35.6981
v 35.1115 15.6338 -35.7806
v 35.0688 14.5064 -35.5183
v 35.1115 15.6338 -35.7806
v 35.0371 15.6447 -35.6007
v 16.2180 16.6920 12.4415
v 16.1202 16.6923 12.7524
v 16.0291 18.5994 12.7219
v 16.2180 16.6920 12.4415
v 16.0291 18.5994 12.7219
v 16.1270 18.5991 12.4110
v 16.1202 16.6923 12.7524
v 15.8097 16.6759 12.6547
v 15.7186 18.5830 12.6242
v 16.1202 16.6923 12.7524
v 15.7186 18.5830 12.6242
v 16.0291 18.5994 12.7219
v 15.8097 16.6759 12.6547
v 15.9075 16.6756 12.3438
v 15.8165 18.5827 12.3133
v 15.8097 16.6759 12.6547
v 15.8165 18.5827 12.3133
v 15.7186 18.5830 12.6242
v 15.9075 16.6756 12.3438
v 16.2180 16.6920 12.4415
v 16.1270 18.5991 12.4110
v 15.9075 16.6756 12.3438
v 16.1270 18.5991 12.4110
v 15.8165 18.5827 12.3133
v 0.9226 17.7589 -21.2855
v 1.0656 17.7588 -21.1428
v 1.0438 18.9422 -21.1199
v 0.9226 17.7589 -21.2855
v 1.0438 18.9422 -21.1199
v 0.9008 18.9423 -21.2626
v 1.0656 17.7588 -21.1428
v 0.9229 17.7534 -20.9998
v 0.9011 18.9368 -20.9769
v 1.0656 17.7588 -21.1428
v 0.9011 18.9368 -20.9769
v 1.0438 18.9422 -21.1199
v 0.9229 17.7534 -20.9998
v 0.7799 17.7535 -21.1425
v 0.7581 18.9369 -21.1196
v 0.9229 17.7534 -20.9998
v 0.7581 18.9369 -21.1196
v 0.9011 18.9368 -20.9769
v 0.7799 17.7535 -21.1425
v 0.9226 17.7589 -21.2855
v 0.9008 18.9423 -21.2626
v 0.7799 17.7535 -21.1425
v 0.9008 18.9423 -21.2626
v 0.7581 18.9369 -21.1196
v 13.8949 15.9292 -38.3265
v 13.9286 15.9283 -38.5232
v 14.0800 17.0878 -38.5027
v 13.8949 15.9292 -38.3265
v 14.0800 17.0878 -38.5027
v 14.0463 17.0887 -38.3060
v 13.9286 15.9283 -38.5232
v 14.1237 15.9022 -38.4897
v 14.2751 17.0618 -38.4692
v 13.9286 15.9283 -38.5232
v 14.2751 17.0618 -38.4692
v 14.0800 17.0878 -38.5027
v 14.1237 15.9022 -38.4897
v 14.0899 15.9032 -38.2929
v 14.2413 17.0627 -38.2724
v 14.1237 15.9022 -38.4897
v 14.2413 17.0627 -38.2724
v 14.2751 17.0618 -38.4692
v 14.0899 15.9032 -38.2929
v 13.8949 15.9292 -38.3265
v 14.0463 17.0887 -38.3060
v 14.0899 15.9032 -38.2929
v 14.0463 17.0887 -38.3060
v 14.2413 17.0627 -38.2724
v 34.0222 14.2015 -1.3901
v 33.9787 14.1984 -1.1750
v 33.9589 15.4836 -1.1604
v 34.0222 14.2015 -1.3901
v 33.9589 15.4836 -1.1604
v 34.0023 15.4867 -1.3754
v 33.9787 14.1984 -1.1750
v 33.7637 14.1956 -1.2185
v 33.7439 15.4808 -1.2038
v 33.9787 14.1984 -1.1750
v 33.7439 15.4808 -1.2038
v 33.9589 15.4836 -1.1604
v 33.7637 14.1956 -1.2185
v 33.8071 14.1987 -1.4336
v 33.7873 15.4839 -1.4189
v 33.7637 14.1956 -1.2185
v 33.7873 15.4839 -1.4189
v 33.7439 15.4808 -1.2038
v 33.8071 14.1987 -1.4336
v 34.0222 14.2015 -1.3901
v 34.0023 15.4867 -1.3754
v 33.8071 14.1987 -1.4336
v 34.0023 15.4867 -1.3754
v 33.7873 15.4839 -1.4189
v 23.4553 15.5159 -27.3044
v 23.5192 15.5169 -27.4910
v 23.5744 16.6708 -27.4661
v 23.4553 15.5159 -27.3044
v 23.5744 16.6708 -27.4661
v 23.5105 16.6698 -27.2795
v 23.5192 15.5169 -27.4910
v 23.7056 15.5066 -27.4272
v 23.7607 16.6605 -27.4023
v 23.5192 15.5169 -27.4910
v 23.7607 16.6605 -27.4023
v 23.5744 16.6708 -27.4661
v 23.7056 15.5066 -27.4272
v 23.6417 15.5057 -27.2406
v 23.6968 16.6595 -27.2158
v 23.7056 15.5066 -27.4272
v 23.6968 16.6595 -27.2158
v 23.7607 16.6605 -27.4023
v 23.6417 15.5057 -27.2406
v 23.4553 15.5159 -27.3044
v 23.5105 16.6698 -27.2795
v 23.6417 15.5057 -27.2406
v 23.5105 16.6698 -27.2795
v 23.6968 16.6595 -27.2158
v 4.0817 16.8952 -44.1810
v 4.2376 16.9049 -44.4673
v 4.1001 18.8108 -44.4771
v 4.0817 16.8952 -44.1810
v 4.1001 18.8108 -44.4771
v 3.9442 18.8011 -44.1908
v 4.2376 16.9049 -44.4673
v 4.5231 16.9263 -44.3111
v 4.3857 18.8322 -44.3209
v 4.2376 16.9049 -44.4673
v 4.3857 18.8322 -44.3209
v 4.1001 18.8108 -44.4771
v 4.5231 16.9263 -44.3111
v 4.3672 16.9166 -44.0248
v 4.2297 18.8225 -44.0346
v 4.5231 16.9263 -44.3111
v 4.2297 18.8225 -44.0346
v 4.3857 18.8322 -44.3209
v 4.3672 16.9166 -44.0248
v 4.0817 16.8952 -44.1810
v 3.9442 18.8011 -44.1908
v 4.3672 16.9166 -44.0248
v 3.9442 18.8011 -44.1908
v 4.2297 18.8225 -44.0346
v -1.3238 20.4545 38.9902
v -1.2972 20.4552 38.7415
v -1.2789 21.9204 38.7478
v -1.3238 20.4545 38.9902
v -1.2789 21.9204 38.7478
v -1.3055 21.9197 38.9965
v -1.2972 20.4552 38.7415
v -1.0485 20.4520 38.7681
v -1.0303 21.9172 38.7744
v -1.2972 20.4552 38.7415
v -1.0303 21.9172 38.7744
v -1.2789 21.9204 38.7478
v -1.0485 20.4520 38.7681
v -1.0751 20.4513 39.0168
v -1.0569 21.9164 39.0231
v -1.0485 20.4520 38.7681
v -1.0569 21.9164 39.0231
v -1.0303 21.9172 38.7744
v -1.0751 20.4513 39.0168
v -1.3238 20.4545 38.9902
v -1.3055 21.9197 38.9965
v -1.0751 20.4513 39.0168
v -1.3055 21.9197 38.9965
v -1.0569 21.9164 39.0231
v 5.3999 20.1316 51.9721
v 5.2533 20.1360 51.7027
v 5.2895 21.9322 51.7125
v 5.3999 20.1316 51.9721
v 5.2895 21.9322 51.7125
v 5.4361 21.9278 51.9818
v 5.2533 20.1360 51.7027
v 5.5226 20.1314 51.5561
v 5.5588 21.9276 51.5658
v 5.2533 20.1360 51.7027
v 5.5588 21.9276 51.5658
v 5.2895 21.9322 51.7125
v 5.5226 20.1314 51.5561
v 5.6692 20.1270 51.8254
v 5.7054 21.9231 51.8352
v 5.5226 20.1314 51.5561
v 5.7054 21.9231 51.8352
v 5.5588 21.9276 51.5658
v 5.6692 20.1270 51.8254
v 5.3999 20.1316 51.9721
v 5.4361 21.9278 51.9818
v 5.6692 20.1270 51.8254
v 5.4361 21.9278 51.9818
v 5.7054 21.9231 51.8352
v 28.9130 14.8609 -27.9235
v 28.9501 14.8634 -28.2094
v 28.7424 16.5395 -28.2218
v 28.9130 14.8609 -27.9235
v 28.7424 16.5395 -28.2218
v 28.7054 16.5371 -27.9359
v 28.9501 14.8634 -28.2094
v 29.2338 14.8988 -28.1723
v 29.0261 16.5750 -28.1848
v 28.9501 14.8634 -28.2094
v 29.0261 16.5750 -28.1848
v 28.7424 16.5395 -28.2218
v 29.2338 14.8988 -28.1723
v 29.1967 14.8963 -27.8864
v 28.9891 16.5725 -27.8989
v 29.2338 14.8988 -28.1723
v 28.9891 16.5725 -27.8989
v 29.0261 16.5750 -28.1848
v 29.1967 14.8963 -27.8864
v 28.9130 14.8609 -27.9235
v 28.7054 16.5371 -27.9359
v 29.1967 14.8963 -27.8864
v 28.7054 16.5371 -27.9359
v 28.9891 16.5725 -27.8989
v 51.6408 12.2778 -6.0443
v 51.7299 12.2838 -6.2235
v 51.6342 13.4527 -6.2315
v 51.6408 12.2778 -6.0443
v 51.6342 13.4527 -6.2315
v 51.5451 13.4466 -6.0524
v 51.7299 12.2838 -6.2235
v 51.9084 12.2991 -6.1341
v 51.8127 13.4679 -6.1422
v 51.7299 12.2838 -6.2235
v 51.8127 13.4679 -6.1422
v 51.6342 13.4527 -6.2315
v 51.9084 12.2991 -6.1341
v 51.8193 12.2930 -5.9550
v 51.7235 13.4618 -5.9630
v 51.9084 12.2991 -6.1341
v 51.7235 13.4618 -5.9630
v 51.8127 13.4679 -6.1422
v 51.8193 12.2930 -5.9550
v 51.6408 12.2778 -6.0443
v 51.5451 13.4466 -6.0524
v 51.8193 12.2930 -5.9550
v 51.5451 13.4466 -6.0524
v 51.7235 13.4618 -5.9630
v -13.3419 21.3128 30.0602
v -13.4427 21.3142 30.3102
v -13.3861 22.8924 30.3245
v -13.3419 21.3128 30.0602
v -13.3861 22.8924 30.3245
v -13.2853 22.8911 30.0745
v -13.4427 21.3142 30.3102
v -13.6925 21.3241 30.2094
v -13.6360 22.9023 30.2237
v -13.4427 21.3142 30.3102
v -13.6360 22.9023 30.2237
v -13.3861 22.8924 30.3245
v -13.6925 21.3241 30.2094
v -13.5917 21.3227 29.9594
v -13.5352 22.9009 29.9737
v -13.6925 21.3241 30.2094
v -13.5352 22.9009 29.9737
v -13.6360 22.9023 30.2237
v -13.5917 21.3227 29.9594
v -13.3419 21.3128 30.0602
v -13.2853 22.8911 30.0745
v -13.5917 21.3227 29.9594
v -13.2853 22.8911 30.0745
v -13.5352 22.9009 29.9737
v -7.0804 18.1915 -42.9374
v -6.9262 18.1977 -42.7072
v -6.9860 19.8198 -42.7107
v -7.0804 18.1915 -42.9374
v -6.9860 19.8198 -42.7107
v -7.1402 19.8137 -42.9409
v -6.9262 18.1977 -42.7072
v -7.1562 18.1895 -42.5529
v -7.2160 19.8117 -42.5564
v -6.9262 18.1977 -42.7072
v -7.2160 19.8117 -42.5564
v -6.9860 19.8198 -42.7107
v -7.1562 18.1895 -42.5529
v -7.3104 18.1833 -42.7831
v -7.3702 19.8055 -42.7866
v -7.1562 18.1895 -42.5529
v -7.3702 19.8055 -42.7866
v -7.2160 19.8117 -42.5564
v -7.3104 18.1833 -42.7831
v -7.0804 18.1915 -42.9374
v -7.1402 19.8137 -42.9409
v -7.3104 18.1833 -42.7831
v -7.1402 19.8137 -42.9409
v -7.3702 19.8055 -42.7866
v 6.4946 17.3184 -11.3727
v 6.4034 17.3125 -11.5298
v 6.2915 18.3709 -11.5047
v 6.4946 17.3184 -11.3727
v 6.2915 18.3709 -11.5047
v 6.3827 18.3769 -11.3476
v 6.4034 17.3125 -11.5298
v 6.5594 17.3311 -11.6211
v 6.4475 18.3896 -11.5960
v 6.4034 17.3125 -11.5298
v 6.4475 18.3896 -11.5960
v 6.2915 18.3709 -11.5047
v 6.5594 17.3311 -11.6211
v 6.6506 17.3371 -11.4641
v 6.5387 18.3955 -11.4389
v 6.5594 17.3311 -11.6211
v 6.5387 18.3955 -11.4389
v 6.4475 18.3896 -11.5960
v 6.6506 17.3371 -11.4641
v 6.4946 17.3184 -11.3727
v 6.3827 18.3769 -11.3476
v 6.6506 17.3371 -11.4641
v 6.3827 18.3769 -11.3476
v 6.5387 18.3955 -11.4389
v 9.7362 16.7613 -31.4706
v 9.9129 16.7689 -31.4577
v 9.8649 17.8054 -31.4094
v 9.7362 16.7613 -31.4706
v 9.8649 17.8054 -31.4094
v 9.6882 17.7978 -31.4222
v 9.9129 16.7689 -31.4577
v 9.9004 16.7601 -31.2811
v 9.8524 17.7966 -31.2327
v 9.9129 16.7689 -31.4577
v 9.8524 17.7966 -31.2327
v 9.8649 17.8054 -31.4094
v 9.9004 16.7601 -31.2811
v 9.7237 16.7525 -31.2939
v 9.6757 17.7890 -31.2456
v 9.9004 16.7601 -31.2811
v 9.6757 17.7890 -31.2456
v 9.8524 17.7966 -31.2327
v 9.7237 16.7525 -31.2939
v 9.7362 16.7613 -31.4706
v 9.6882 17.7978 -31.4222
v 9.7237 16.7525 -31.2939
v 9.6882 17.7978 -31.4222
v 9.6757 17.7890 -31.2456
v -2.4262 19.0884 5.9803
v -2.5762 19.0949 6.2332
v -2.3702 20.8039 6.3112
v -2.4262 19.0884 5.9803
v -2.3702 20.8039 6.3112
v -2.2202 20.7973 6.0583
v -2.5762 19.0949 6.2332
v -2.8268 19.1319 6.0837
v -2.6208 20.8409 6.1617
v -2.5762 19.0949 6.2332
v -2.6208 20.8409 6.1617
v -2.3702 20.8039 6.3112
v -2.8268 19.1319 6.0837
v -2.6768 19.1254 5.8308
v -2.4708 20.8344 5.9088
v -2.8268 19.1319 6.0837
v -2.4708 20.8344 5.9088
v -2.6208 20.8409 6.1617
v -2.6768 19.1254 5.8308
v -2.4262 19.0884 5.9803
v -2.2202 20.7973 6.0583
v -2.6768 19.1254 5.8308
v -2.2202 20.7973 6.0583
v -2.4708 20.8344 5.9088
v 29.2072 14.8500 -21.0773
v 29.4520 14.8624 -21.2997
v 29.4623 16.7977 -21.1805
v 29.2072 14.8500 -21.0773
v 29.4623 16.7977 -21.1805
v 29.2175 16.7854 -20.9581
v 29.4520 14.8624 -21.2997
v 29.6747 14.8462 -21.0554
v 29.6851 16.7815 -20.9363
v 29.4520 14.8624 -21.2997
v 29.6851 16.7815 -20.9363
v 29.4623 16.7977 -21.1805
v 29.6747 14.8462 -21.0554
v 29.4299 14.8338 -20.8330
v 29.4403 16.7691 -20.7139
v 29.6747 14.8462 -21.0554
v 29.4403 16.7691 -20.7139
v 29.6851 16.7815 -20.9363
v 29.4299 14.8338 -20.8330
v 29.2072 14.8500 -21.0773
v 29.2175 16.7854 -20.9581
v 29.4299 14.8338 -20.8330
v 29.2175 16.7854 -20.9581
v 29.4403 16.7691 -20.7139
v 18.0087 15.3548 -38.9749
v 17.7550 15.3670 -39.1615
v 17.9074 17.2053 -39.2483
v 18.0087 15.3548 -38.9749
v 17.9074 17.2053 -39.2483
v 18.1611 17.1930 -39.0617
v 17.7550 15.3670 -39.1615
v 17.9402 15.3397 -39.4151
v 18.0926 17.1779 -39.5019
v 17.7550 15.3670 -39.1615
v 18.0926 17.1779 -39.5019
v 17.9074 17.2053 -39.2483
v 17.9402 15.3397 -39.4151
v 18.1939 15.3274 -39.2285
v 18.3463 17.1657 -39.3153
v 17.9402 15.3397 -39.4151
v 18.3463 17.1657 -39.3153
v 18.0926 17.1779 -39.5019
v 18.1939 15.3274 -39.2285
v 18.0087 15.3548 -38.9749
v 18.1611 17.1930 -39.0617
v 18.1939 15.3274 -39.2285
v 18.1611 17.1930 -39.0617
v 18.3463 17.1657 -39.3153
v 46.9901 13.5215 -33.5754
v 47.2610 13.5184 -33.4176
v 47.3411 15.3508 -33.5195
v 46.9901 13.5215 -33.5754
v 47.3411 15.3508 -33.5195
v 47.0702 15.3539 -33.6773
v 47.2610 13.5184 -33.4176
v 47.1037 13.5403 -33.1472
v 47.1839 15.3727 -33.2491
v 47.2610 13.5184 -33.4176
v 47.1839 15.3727 -33.2491
v 47.3411 15.3508 -33.5195
v 47.1037 13.5403 -33.1472
v 46.8328 13.5434 -33.3050
v 46.9130 15.3758 -33.4069
v 47.1037 13.5403 -33.1472
v 46.9130 15.3758 -33.4069
v 47.1839 15.3727 -33.2491
v 46.8328 13.5434 -33.3050
v 46.9901 13.5215 -33.5754
v 47.0702 15.3539 -33.6773
v 46.8328 13.5434 -33.3050
v 47.0702 15.3539 -33.6773
v 46.9130 15.3758 -33.4069
v -16.8570 19.6102 -51.5798
v -16.7666 19.6057 -51.7601
v -16.7052 20.7860 -51.7586
v -16.8570 19.6102 -51.5798
v -16.7052 20.7860 -51.7586
v -16.7956 20.7905 -51.5783
v -16.7666 19.6057 -51.7601
v -16.5865 19.5962 -51.6697
v -16.5251 20.7765 -51.6681
v -16.7666 19.6057 -51.7601
v -16.5251 20.7765 -51.6681
v -16.7052 20.7860 -51.7586
v -16.5865 19.5962 -51.6697
v -16.6769 19.6007 -51.4894
v -16.6155 20.7810 -51.4878
v -16.5865 19.5962 -51.6697
v -16.6155 20.7810 -51.4878
v -16.5251 20.7765 -51.6681
v -16.6769 19.6007 -51.4894
v -16.8570 19.6102 -51.5798
v -16.7956 20.7905 -51.5783
v -16.6769 19.6007 -51.4894
v -16.7956 20.7905 -51.5783
v -16.6155 20.7810 -51.4878
v 3.3520 17.1271 -40.9645
v 3.0561 17.1618 -41.1071
v 3.3644 19.0638 -41.2846
v 3.3520 17.1271 -40.9645
v 3.3644 19.0638 -41.2846
v 3.6603 19.0291 -41.1420
v 3.0561 17.1618 -41.1071
v 3.1931 17.1119 -41.4035
v 3.5014 19.0139 -41.5809
v 3.0561 17.1618 -41.1071
v 3.5014 19.0139 -41.5809
v 3.3644 19.0638 -41.2846
v 3.1931 17.1119 -41.4035
v 3.4890 17.0773 -41.2609
v 3.7973 18.9792 -41.4383
v 3.1931 17.1119 -41.4035
v 3.7973 18.9792 -41.4383
v 3.5014 19.0139 -41.5809
v 3.4890 17.0773 -41.2609
v 3.3520 17.1271 -40.9645
v 3.6603 19.0291 -41.1420
v 3.4890 17.0773 -41.2609
v 3.6603 19.0291 -41.1420
v 3.7973 18.9792 -41.4383
v 32.4954 14.6001 -22.5951
v 32.4751 14.6015 -22.8468
v 32.6857 16.0660 -22.8557
v 32.4954 14.6001 -22.5951
v 32.6857 16.0660 -22.8557
v 32.7060 16.0646 -22.6040
v 32.4751 14.6015 -22.8468
v 32.7243 14.5656 -22.8671
v 32.9349 16.0300 -22.8760
v 32.4751 14.6015 -22.8468
v 32.9349 16.0300 -22.8760
v 32.6857 16.0660 -22.8557
v 32.7243 14.5656 -22.8671
v 32.7445 14.5642 -22.6154
v 32.9552 16.0287 -22.6243
v 32.7243 14.5656 -22.8671
v 32.9552 16.0287 -22.6243
v 32.9349 16.0300 -22.8760
v 32.7445 14.5642 -22.6154
v 32.4954 14.6001 -22.5951
v 32.7060 16.0646 -22.6040
v 32.7445 14.5642 -22.6154
v 32.7060 16.0646 -22.6040
v 32.9552 16.0287 -22.6243
v -12.6840 19.2477 -29.6745
v -12.9422 19.2416 -29.7094
v -12.9788 20.7679 -29.7095
v -12.6840 19.2477 -29.6745
v -12.9788 20.7679 -29.7095
v -12.7206 20.7741 -29.6746
v -12.9422 19.2416 -29.7094
v -12.9072 19.2424 -29.9677
v -12.9438 20.7688 -29.9678
v -12.9422 19.2416 -29.7094
v -12.9438 20.7688 -29.9678
v -12.9788 20.7679 -29.7095
v -12.9072 19.2424 -29.9677
v -12.6490 19.2486 -29.9327
v -12.6856 20.7750 -29.9328
v -12.9072 19.2424 -29.9677
v -12.6856 20.7750 -29.9328
v -12.9438 20.7688 -29.9678
v -12.6490 19.2486 -29.9327
v -12.6840 19.2477 -29.6745
v -12.7206 20.7741 -29.6746
v -12.6490 19.2486 -29.9327
v -12.7206 20.7741 -29.6746
v -12.6856 20.7750 -29.9328
v 17.3355 16.2557 -26.0247
v 17.3786 16.2548 -25.8311
v 17.5151 17.4081 -25.8564
v 17.3355 16.2557 -26.0247
v 17.5151 17.4081 -25.8564
v 17.4720 17.4089 -26.0499
v 17.3786 16.2548 -25.8311
v 17.1865 16.2785 -25.7883
v 17.3230 17.4317 -25.8135
v 17.3786 16.2548 -25.8311
v 17.3230 17.4317 -25.8135
v 17.5151 17.4081 -25.8564
v 17.1865 16.2785 -25.7883
v 17.1434 16.2794 -25.9818
v 17.2799 17.4326 -26.0070
v 17.1865 16.2785 -25.7883
v 17.2799 17.4326 -26.0070
v 17.3230 17.4317 -25.8135
v 17.1434 16.2794 -25.9818
v 17.3355 16.2557 -26.0247
v 17.4720 17.4089 -26.0499
v 17.1434 16.2794 -25.9818
v 17.4720 17.4089 -26.0499
v 17.2799 17.4326 -26.0070
v 30.1136 14.6163 -12.9322
v 30.0418 14.6194 -13.0993
v 30.0681 15.6844 -13.0903
v 30.1136 14.6163 -12.9322
v 30.0681 15.6844 -13.0903
v 30.1399 15.6813 -12.9232
v 30.0418 14.6194 -13.0993
v 30.2088 14.6159 -13.1711
v 30.2351 15.6809 -13.1621
v 30.0418 14.6194 -13.0993
v 30.2351 15.6809 -13.1621
v 30.0681 15.6844 -13.0903
v 30.2088 14.6159 -13.1711
v 30.2806 14.6127 -13.0041
v 30.3069 15.6777 -12.9950
v 30.2088 14.6159 -13.1711
v 30.3069 15.6777 -12.9950
v 30.2351 15.6809 -13.1621
v 30.2806 14.6127 -13.0041
v 30.1136 14.6163 -12.9322
v 30.1399 15.6813 -12.9232
v 30.2806 14.6127 -13.0041
v 30.1399 15.6813 -12.9232
v 30.3069 15.6777 -12.9950
v 23.3219 15.2593 -30.7241
v 23.4309 15.2695 -31.0197
v 23.3074 17.1122 -31.0016
v 23.3219 15.2593 -30.7241
v 23.3074 17.1122 -31.0016
v 23.1985 17.1020 -30.7060
v 23.4309 15.2695 -31.0197
v 23.7259 15.2882 -30.9103
v 23.6025 17.1309 -30.8922
v 23.4309 15.2695 -31.0197
v 23.6025 17.1309 -30.8922
v 23.3074 17.1122 -31.0016
v 23.7259 15.2882 -30.9103
v 23.6169 15.2780 -30.6147
v 23.4935 17.1207 -30.5966
v 23.7259 15.2882 -30.9103
v 23.4935 17.1207 -30.5966
v 23.6025 17.1309 -30.8922
v 23.6169 15.2780 -30.6147
v 23.3219 15.2593 -30.7241
v 23.1985 17.1020 -30.7060
v 23.6169 15.2780 -30.6147
v 23.1985 17.1020 -30.7060
v 23.4935 17.1207 -30.5966
v 50.6919 12.3167 5.1882
v 50.4848 12.3192 5.0989
v 50.5332 13.6379 5.0229
v 50.6919 12.3167 5.1882
v 50.5332 13.6379 5.0229
v 50.7404 13.6355 5.1122
v 50.4848 12.3192 5.0989
v 50.5737 12.3040 4.8921
v 50.6221 13.6227 4.8161
v 50.4848 12.3192 5.0989
v 50.6221 13.6227 4.8161
v 50.5332 13.6379 5.0229
v 50.5737 12.3040 4.8921
v 50.7809 12.3015 4.9814
v 50.8293 13.6203 4.9054
v 50.5737 12.3040 4.8921
v 50.8293 13.6203 4.9054
v 50.6221 13.6227 4.8161
v 50.7809 12.3015 4.9814
v 50.6919 12.3167 5.1882
v 50.7404 13.6355 5.1122
v 50.7809 12.3015 4.9814
v 50.7404 13.6355 5.1122
v 50.8293 13.6203 4.9054
v 0.6587 17.3447 -50.1707
v 0.4840 17.3456 -50.3260
v 0.4833 18.7153 -50.3172
v 0.6587 17.3447 -50.1707
v 0.4833 18.7153 -50.3172
v 0.6580 18.7144 -50.1618
v 0.4840 17.3456 -50.3260
v 0.6394 17.3469 -50.5007
v 0.6387 18.7165 -50.4918
v 0.4840 17.3456 -50.3260
v 0.6387 18.7165 -50.4918
v 0.4833 18.7153 -50.3172
v 0.6394 17.3469 -50.5007
v 0.8141 17.3459 -50.3454
v 0.8134 18.7156 -50.3365
v 0.6394 17.3469 -50.5007
v 0.8134 18.7156 -50.3365
v 0.6387 18.7165 -50.4918
v 0.8141 17.3459 -50.3454
v 0.6587 17.3447 -50.1707
v 0.6580 18.7144 -50.1618
v 0.8141 17.3459 -50.3454
v 0.6580 18.7144 -50.1618
v 0.8134 18.7156 -50.3365
v -14.1683 20.4052 2.4011
v -14.3745 20.4093 2.5688
v -14.3423 21.9665 2.5703
v -14.1683 20.4052 2.4011
v -14.3423 21.9665 2.5703
v -14.1360 21.9624 2.4026
v -14.3745 20.4093 2.5688
v -14.5422 20.4130 2.3625
v -14.5099 21.9702 2.3640
v -14.3745 20.4093 2.5688
v -14.5099 21.9702 2.3640
v -14.3423 21.9665 2.5703
v -14.5422 20.4130 2.3625
v -14.3359 20.4089 2.1948
v -14.3036 21.9661 2.1963
v -14.5422 20.4130 2.3625
v -14.3036 21.9661 2.1963
v -14.5099 21.9702 2.3640
v -14.3359 20.4089 2.1948
v -14.1683 20.4052 2.4011
v -14.1360 21.9624 2.4026
v -14.3359 20.4089 2.1948
v -14.1360 21.9624 2.4026
v -14.3036 21.9661 2.1963
v 39.0356 13.3821 14.2378
v 39.2141 13.3927 13.9737
v 39.1140 15.2588 13.9805
v 39.0356 13.3821 14.2378
v 39.1140 15.2588 13.9805
v 38.9354 15.2483 14.2446
v 39.2141 13.3927 13.9737
v 39.4779 13.4062 14.1526
v 39.3777 15.2723 14.1594
v 39.2141 13.3927 13.9737
v 39.3777 15.2723 14.1594
v 39.1140 15.2588 13.9805
v 39.4779 13.4062 14.1526
v 39.2993 13.3957 14.4167
v 39.1992 15.2618 14.4235
v 39.4779 13.4062 14.1526
v 39.1992 15.2618 14.4235
v 39.3777 15.2723 14.1594
v 39.2993 13.3957 14.4167
v 39.0356 13.3821 14.2378
v 38.9354 15.2483 14.2446
v 39.2993 13.3957 14.4167
v 38.9354 15.2483 14.2446
v 39.1992 15.2618 14.4235
v 22.8791 14.8403 -48.9926
v 22.6599 14.8329 -48.9675
v 22.6089 16.1232 -49.0362
v 22.8791 14.8403 -48.9926
v 22.6089 16.1232 -49.0362
v 22.8281 16.1305 -49.0612
v 22.6599 14.8329 -48.9675
v 22.6353 14.8203 -49.1865
v 22.5843 16.1105 -49.2552
v 22.6599 14.8329 -48.9675
v 22.5843 16.1105 -49.2552
v 22.6089 16.1232 -49.0362
v 22.6353 14.8203 -49.1865
v 22.8545 14.8276 -49.2115
v 22.8035 16.1179 -49.2802
v 22.6353 14.8203 -49.1865
v 22.8035 16.1179 -49.2802
v 22.5843 16.1105 -49.2552
v 22.8545 14.8276 -49.2115
v 22.8791 14.8403 -48.9926
v 22.8281 16.1305 -49.0612
v 22.8545 14.8276 -49.2115
v 22.8281 16.1305 -49.0612
v 22.8035 16.1179 -49.2802
v -4.5064 18.1274 -32.9258
v -4.5362 18.1255 -32.6499
v -4.5786 19.7508 -32.6429
v -4.5064 18.1274 -32.9258
v -4.5786 19.7508 -32.6429
v -4.5489 19.7527 -32.9188
v -4.5362 18.1255 -32.6499
v -4.8120 18.1184 -32.6796
v -4.8545 19.7437 -32.6727
v -4.5362 18.1255 -32.6499
v -4.8545 19.7437 -32.6727
v -4.5786 19.7508 -32.6429
v -4.8120 18.1184 -32.6796
v -4.7823 18.1204 -32.9555
v -4.8247 19.7457 -32.9486
v -4.8120 18.1184 -32.6796
v -4.8247 19.7457 -32.9486
v -4.8545 19.7437 -32.6727
v -4.7823 18.1204 -32.9555
v -4.5064 18.1274 -32.9258
v -4.5489 19.7527 -32.9188
v -4.7823 18.1204 -32.9555
v -4.5489 19.7527 -32.9188
v -4.8247 19.7457 -32.9486
v -9.8425 19.5975 -6.7568
v -9.6126 19.6020 -6.8302
v -9.6385 21.0158 -6.8244
v -9.8425 19.5975 -6.7568
v -9.6385 21.0158 -6.8244
v -9.8684 21.0113 -6.7509
v -9.6126 19.6020 -6.8302
v -9.5392 19.6024 -6.6003
v -9.5650 21.0162 -6.5945
v -9.6126 19.6020 -6.8302
v -9.5650 21.0162 -6.5945
v -9.6385 21.0158 -6.8244
v -9.5392 19.6024 -6.6003
v -9.7690 19.5979 -6.5269
v -9.7949 21.0117 -6.5210
v -9.5392 19.6024 -6.6003
v -9.7949 21.0117 -6.5210
v -9.5650 21.0162 -6.5945
v -9.7690 19.5979 -6.5269
v -9.8425 19.5975 -6.7568
v -9.8684 21.0113 -6.7509
v -9.7690 19.5979 -6.5269
v -9.8684 21.0113 -6.7509
v -9.7949 21.0117 -6.5210
v 20.0105 17.0699 30.3431
v 19.7431 17.1038 30.4652
v 19.9284 18.8261 30.3923
v 20.0105 17.0699 30.3431
v 19.9284 18.8261 30.3923
v 20.1959 18.7922 30.2702
v 19.7431 17.1038 30.4652
v 19.6204 17.1056 30.1959
v 19.8057 18.8279 30.1230
v 19.7431 17.1038 30.4652
v 19.8057 18.8279 30.1230
v 19.9284 18.8261 30.3923
v 19.6204 17.1056 30.1959
v 19.8879 17.0717 30.0738
v 20.0732 18.7940 30.0009
v 19.6204 17.1056 30.1959
v 20.0732 18.7940 30.0009
v 19.8057 18.8279 30.1230
v 19.8879 17.0717 30.0738
v 20.0105 17.0699 30.3431
v 20.1959 18.7922 30.2702
v 19.8879 17.0717 30.0738
v 20.1959 18.7922 30.2702
v 20.0732 18.7940 30.0009
v -7.0735 18.5069 -24.6302
v -6.9413 18.5201 -24.4025
v -7.0858 20.0578 -24.4082
v -7.0735 18.5069 -24.6302
v -7.0858 20.0578 -24.4082
v -7.2180 20.0445 -24.6359
v -6.9413 18.5201 -24.4025
v -7.1681 18.4993 -24.2697
v -7.3126 20.0369 -24.2753
v -6.9413 18.5201 -24.4025
v -7.3126 20.0369 -24.2753
v -7.0858 20.0578 -24.4082
v -7.1681 18.4993 -24.2697
v -7.3002 18.4860 -24.4974
v -7.4447 20.0237 -24.5031
v -7.1681 18.4993 -24.2697
v -7.4447 20.0237 -24.5031
v -7.3126 20.0369 -24.2753
v -7.3002 18.4860 -24.4974
v -7.0735 18.5069 -24.6302
v -7.2180 20.0445 -24.6359
v -7.3002 18.4860 -24.4974
v -7.2180 20.0445 -24.6359
v -7.4447 20.0237 -24.5031
v 32.5154 14.5416 -42.8593
v 32.7722 14.5459 -42.8737
v 32.7469 16.0529 -42.8721
v 32.5154 14.5416 -42.8593
v 32.7469 16.0529 -42.8721
v 32.4901 16.0486 -42.8577
v 32.7722 14.5459 -42.8737
v 32.7866 14.5459 -42.6168
v 32.7612 16.0529 -42.6153
v 32.7722 14.5459 -42.8737
v 32.7612 16.0529 -42.6153
v 32.7469 16.0529 -42.8721
v 32.7866 14.5459 -42.6168
v 32.5298 14.5416 -42.6025
v 32.5044 16.0485 -42.6009
v 32.7866 14.5459 -42.6168
v 32.5044 16.0485 -42.6009
v 32.7612 16.0529 -42.6153
v 32.5298 14.5416 -42.6025
v 32.5154 14.5416 -42.8593
v 32.4901 16.0486 -42.8577
v 32.5298 14.5416 -42.6025
v 32.4901 16.0486 -42.8577
v 32.5044 16.0485 -42.6009
v 26.4822 14.9275 6.1075
v 26.4802 14.9274 6.3220
v 26.5222 16.1832 6.3228
v 26.4822 14.9275 6.1075
v 26.5222 16.1832 6.3228
v 26.5242 16.1833 6.1083
v 26.4802 14.9274 6.3220
v 26.2658 14.9346 6.3200
v 26.3078 16.1904 6.3207
v 26.4802 14.9274 6.3220
v 26.3078 16.1904 6.3207
v 26.5222 16.1832 6.3228
v 26.2658 14.9346 6.3200
v 26.2679 14.9347 6.1055
v 26.3099 16.1905 6.1063
v 26.2658 14.9346 6.3200
v 26.3099 16.1905 6.1063
v 26.3078 16.1904 6.3207
v 26.2679 14.9347 6.1055
v 26.4822 14.9275 6.1075
v 26.5242 16.1833 6.1083
v 26.2679 14.9347 6.1055
v 26.5242 16.1833 6.1083
v 26.3099 16.1905 6.1063
v 12.7223 16.8313 -19.9817
v 12.6871 16.8342 -20.2986
v 13.0060 18.6746 -20.3172
v 12.7223 16.8313 -19.9817
v 13.0060 18.6746 -20.3172
v 13.0412 18.6717 -20.0003
v 12.6871 16.8342 -20.2986
v 12.9993 16.7797 -20.3338
v 13.3182 18.6202 -20.3524
v 12.6871 16.8342 -20.2986
v 13.3182 18.6202 -20.3524
v 13.0060 18.6746 -20.3172
v 12.9993 16.7797 -20.3338
v 13.0345 16.7768 -20.0169
v 13.3534 18.6173 -20.0355
v 12.9993 16.7797 -20.3338
v 13.3534 18.6173 -20.0355
v 13.3182 18.6202 -20.3524
v 13.0345 16.7768 -20.0169
v 12.7223 16.8313 -19.9817
v 13.0412 18.6717 -20.0003
v 13.0345 16.7768 -20.0169
v 13.0412 18.6717 -20.0003
v 13.3534 18.6173 -20.0355
v 3.7894 19.0338 28.2396
v 3.9561 19.0227 28.4491
v 4.1570 20.5779 28.3713
v 3.7894 19.0338 28.2396
v 4.1570 20.5779 28.3713
v 3.9904 20.5890 28.1617
v 3.9561 19.0227 28.4491
v 3.7490 19.0578 28.6156
v 3.9500 20.6130 28.5378
v 3.9561 19.0227 28.4491
v 3.9500 20.6130 28.5378
v 4.1570 20.5779 28.3713
v 3.7490 19.0578 28.6156
v 3.5824 19.0689 28.4061
v 3.7833 20.6240 28.3282
v 3.7490 19.0578 28.6156
v 3.7833 20.6240 28.3282
v 3.9500 20.6130 28.5378
v 3.5824 19.0689 28.4061
v 3.7894 19.0338 28.2396
v 3.9904 20.5890 28.1617
v 3.5824 19.0689 28.4061
v 3.9904 20.5890 28.1617
v 3.7833 20.6240 28.3282
v -14.8553 19.5613 -33.2260
v -15.1382 19.5534 -33.4181
v -15.0804 21.5501 -33.5855
v -14.8553 19.5613 -33.2260
v -15.0804 21.5501 -33.5855
v -14.7974 21.5580 -33.3933
v -15.1382 19.5534 -33.4181
v -14.9462 19.5242 -33.6998
v -14.8883 21.5209 -33.8671
v -15.1382 19.5534 -33.4181
v -14.8883 21.5209 -33.8671
v -15.0804 21.5501 -33.5855
v -14.9462 19.5242 -33.6998
v -14.6632 19.5322 -33.5076
v -14.6053 21.5288 -33.6750
v -14.9462 19.5242 -33.6998
v -14.6053 21.5288 -33.6750
v -14.8883 21.5209 -33.8671
v -14.6632 19.5322 -33.5076
v -14.8553 19.5613 -33.2260
v -14.7974 21.5580 -33.3933
v -14.6632 19.5322 -33.5076
v -14.7974 21.5580 -33.3933
v -14.6053 21.5288 -33.6750
vt 0.00000 1.00000
vt 0.00000 1.00000
vt 0.00000 1.00000
vt 0.00000 1.00000
vt 0.00000 1.00000
vt 0.00000 1.00000
vt 0.00000 1.00000
vt 0.00000 1.00000
vt 0.00000 1.00000
vt 0.00000 1.00000
vt 0.00000 1.00000
vt 0.00000 1.00000
vt 0.00000 1.00000
vt 0.00000 1.00000
vt 0.00000 1.00000
vt 0.00000 1.00000
vt 0.00000 1.00000
vt 0.00000 1.00000
vt 0.00000 1.00000
vt 0.00000 1.00000
vt 0.00000 1.00000
vt 0.00000 1.00000
vt 0.00000 1.00000
vt 0.00000 1.00000
vt 0.00000 1.00000
vt 0.00000 1.00000
vt 0.00000 1.00000
vt 0.00000 1.00000
vt 0.00000 1.00000
vt 0.00000 1.00000
vt 0.00000 1.00000
vt 0.00000 1.00000
vt 0.00000 1.00000
vt 0.00000 1.00000
vt 0.00000 1.00000
vt 0.00000 1.00000
vt 0.00000 1.00000
vt 0.00000 1.00000
vt 0.00000 1.00000
vt 0.00000 1.00000
vt 0.00000 1.00000
vt 0.00000 1.00000
vt 0.00000 1.00000
vt 0.00000 1.00000
vt 0.00000 1.00000
vt 0.00000 1.00000
vt 0.00000 1.00000
vt 0.00000 1.00000
vt 0.00000 1.00000
vt 0.00000 1.00000
vt 0.00000 1.00000
vt 0.00000 1.00000
vt 0.00000 1.00000
vt 0.00000 1.00000
vt 0.00000 1.00000
vt 0.00000 1.00000
vt 0.00000 1.00000
vt 0.00000 1.00000
vt 0.00000 1.00000
vt 0.00000 1.00000
vt 0.00000 1.00000
vt 0.00000 1.00000
vt 0.00000 1.00000
vt 0.00000 1.00000
vt 0.00000 1.00000
vt 0.00000 1.00000
vt 0.00000 1.00000
vt 0.00000 1.00000
vt 0.00000 1.00000
vt 0.00000 1.00000
vt 0.00000 1.00000
vt 0.00000 1.00000
vt 0.00000 1.00000
vt 0.00000 1.00000
vt 0.00000 1.00000
vt 0.00000 1.00000
vt 0.00000 1.00000
vt 0.00000 1.00000
vt 0.00000 1.00000
vt 0.00000 1.00000
vt 0.00000 1.00000
vt 0.00000 1.00000
vt 0.00000 1.00000
vt 0.00000 1.00000
vt 0.00000 1.00000
vt 0.00000 1.00000
vt 0.00000 1.00000
vt 0.00000 1.00000
vt 0.00000 1.00000
vt 0.00000 1.00000
vt 0.00000 1.00000
vt 0.00000 1.00000
vt 0.00000 1.00000
vt 0.00000 1.00000
vt 0.00000 1.00000
vt 0.00000 1.00000
vt 0.00000 1.00000
vt 0.00000 1.00000
vt 0.00000 1.00000
vt 0.00000 1.00000
vt 0.00000 1.00000
vt 0.00000 1.00000
vt 0.00000 1.00000
vt 0.00000 1.00000
vt 0.00000 1.00000
vt 0.00000 1.00000
vt 0.00000 1.00000
vt 0.00000 1.00000
vt 0.00000 1.00000
vt 0.00000 1.00000
vt 0.00000 1.00000
vt 0.00000 1.00000
vt 0.00000 1.00000
vt 0.00000 1.00000
vt 0.00000 1.00000
vt 0.00000 1.00000
vt 0.00000 1.00000
vt 0.00000 1.00000
vt 0.00000 1.00000
vt 0.00000 1.00000
vt 0.00000 1.00000
vt 0.00000 1.00000
vt 0.00000 1.00000
vt 0.00000 1.00000
vt 0.00000 1.00000
vt 0.00000 1.00000
vt 0.00000 1.00000
vt 0.00000 1.00000
vt 0.00000 1.00000
vt 0.00000 1.00000
vt 0.00000 1.00000
vt 0.00000 1.00000
vt 0.00000 1.00000
vt 0.00000 1.00000
vt 0.00000 1.00000
vt 0.00000 1.00000
vt 0.00000 1.00000
vt 0.00000 1.00000
vt 0.00000 1.00000
vt 0.00000 1.00000
vt 0.00000 1.00000
vt 0.00000 1.00000
vt 0.00000 1.00000
vt 0.00000 1.00000
vt 0.00000 1.00000
vt 0.00000 1.00000
vt 0.00000 1.00000
vt 0.00000 1.00000
vt 0.00000 1.00000
vt 0.00000 1.00000
vt 0.00000 1.00000
vt 0.00000 1.00000
vt 0.00000 1.00000
vt 0.00000 1.00000
vt 0.00000 1.00000
vt 0.00000 1.00000
vt 0.00000 1.00000
vt 0.00000 1.00000
vt 0.00000 1.00000
vt 0.00000 1.00000
vt 0.00000 1.00000
vt 0.00000 1.00000
vt 0.00000 1.00000
vt 0.00000 1.00000
vt 0.00000 1.00000
vt 0.00000 1.00000
vt 0.00000 1.00000
vt 0.00000 1.00000
vt 0.00000 1.00000
vt 0.00000 1.00000
vt 0.00000 1.00000
vt 0.00000 1.00000
vt 0.00000 1.00000
vt 0.00000 1.00000
vt 0.00000 1.00000
vt 0.00000 1.00000
vt 0.00000 1.00000
vt 0.00000 1.00000
vt 0.00000 1.00000
vt 0.00000 1.00000
vt 0.00000 1.00000
vt 0.00000 1.00000
vt 0.00000 1.00000
vt 0.00000 1.00000
vt 0.00000 1.00000
vt 0.00000 1.00000
vt 0.00000 1.00000
vt 0.00000 1.00000
vt 0.00000 1.00000
vt 0.00000 1.00000
vt 0.00000 1.00000
vt 0.00000 1.00000
vt 0.00000 1.00000
vt 0.00000 1.00000
vt 0.00000 1.00000
vt 0.00000 1.00000
vt 0.00000 1.00000
vt 0.00000 1.00000
vt 0.00000 1.00000
vt 0.00000 1.00000
vt 0.00000 1.00000
vt 0.00000 1.00000
vt 0.00000 1.00000
vt 0.00000 1.00000
vt 0.00000 1.00000
vt 0.00000 1.00000
vt 0.00000 1.00000
vt 0.00000 1.00000
vt 0.00000 1.00000
vt 0.00000 1.00000
vt 0.00000 1.00000
vt 0.00000 1.00000
vt 0.00000 1.00000
vt 0.00000 1.00000
vt 0.00000 1.00000
vt 0.00000 1.00000
vt 0.00000 1.00000
vt 0.00000 1.00000
vt 0.00000 1.00000
vt 0.00000 1.00000
vt 0.00000 1.00000
vt 0.00000 1.00000
vt 0.00000 1.00000
vt 0.00000 1.00000
vt 0.00000 1.00000
vt 0.00000 1.00000
vt 0.00000 1.00000
vt 0.00000 1.00000
vt 0.00000 1.00000
vt 0.00000 1.00000
vt 0.00000 1.00000
vt 0.00000 1.00000
vt 0.00000 1.00000
vt 0.00000 1.00000
vt 0.00000 1.00000
vt 0.00000 1.00000
vt 0.00000 1.00000
vt 0.00000 1.00000
vt 0.00000 1.00000
vt 0.00000 1.00000
vt 0.00000 1.00000
vt 0.00000 1.00000
vt 0.00000 1.00000
vt 0.00000 1.00000
vt 0.00000 1.00000
vt 0.00000 1.00000
vt 0.00000 1.00000
vt 0.00000 1.00000
vt 0.00000 1.00000
vt 0.00000 1.00000
vt 0.00000 1.00000
vt 0.00000 1.00000
vt 0.00000 1.00000
vt 0.00000 1.00000
vt 0.00000 1.00000
vt 0.00000 1.00000
vt 0.00000 1.00000
vt 0.00000 1.00000
vt 0.00000 1.00000
vt 0.00000 1.00000
vt 0.00000 1.00000
vt 0.00000 1.00000
vt 0.00000 1.00000
vt 0.00000 1.00000
vt 0.00000 1.00000
vt 0.00000 1.00000
vt 0.00000 1.00000
vt 0.00000 1.00000
vt 0.00000 1.00000
vt 0.00000 1.00000
vt 0.00000 1.00000
vt 0.00000 1.00000
vt 0.00000 1.00000
vt 0.00000 1.00000
vt 0.00000 1.00000
vt 0.00000 1.00000
vt 0.00000 1.00000
vt 0.00000 1.00000
vt 0.00000 1.00000
vt 0.00000 1.00000
vt 0.00000 1.00000
vt 0.00000 1.00000
vt 0.00000 1.00000
vt 0.00000 1.00000
vt 0.00000 1.00000
vt 0.00000 1.00000
vt 0.00000 1.00000
vt 0.00000 1.00000
vt 0.00000 1.00000
vt 0.00000 1.00000
vt 0.00000 1.00000
vt 0.00000 1.00000
vt 0.00000 1.00000
vt 0.00000 1.00000
vt 0.00000 1.00000
vt 0.00000 1.00000
vt 0.00000 1.00000
vt 0.00000 1.00000
vt 0.00000 1.00000
vt 0.00000 1.00000
vt 0.00000 1.00000
vt 0.00000 1.00000
vt 0.00000 1.00000
vt 0.00000 1.00000
vt 0.00000 1.00000
vt 0.00000 1.00000
vt 0.00000 1.00000
vt 0.00000 1.00000
vt 0.00000 1.00000
vt 0.00000 1.00000
vt 0.00000 1.00000
vt 0.00000 1.00000
vt 0.00000 1.00000
vt 0.00000 1.00000
vt 0.00000 1.00000
vt 0.00000 1.00000
vt 0.00000 1.00000
vt 0.00000 1.00000
vt 0.00000 1.00000
vt 0.00000 1.00000
vt 0.00000 1.00000
vt 0.00000 1.00000
vt 0.00000 1.00000
vt 0.00000 1.00000
vt 0.00000 1.00000
vt 0.00000 1.00000
vt 0.00000 1.00000
vt 0.00000 1.00000
vt 0.00000 1.00000
vt 0.00000 1.00000
vt 0.00000 1.00000
vt 0.00000 1.00000
vt 0.00000 1.00000
vt 0.00000 1.00000
vt 0.00000 1.00000
vt 0.00000 1.00000
vt 0.00000 1.00000
vt 0.00000 1.00000
vt 0.00000 1.00000
vt 0.00000 1.00000
vt 0.00000 1.00000
vt 0.00000 1.00000
vt 0.00000 1.00000
vt 0.00000 1.00000
vt 0.00000 1.00000
vt 0.00000 1.00000
vt 0.00000 1.00000
vt 0.00000 1.00000
vt 0.00000 1.00000
vt 0.00000 1.00000
vt 0.00000 1.00000
vt 0.00000 1.00000
vt 0.00000 1.00000
vt 0.00000 1.00000
vt 0.00000 1.00000
vt 0.00000 1.00000
vt 0.00000 1.00000
vt 0.00000 1.00000
vt 0.00000 1.00000
vt 0.00000 1.00000
vt 0.00000 1.00000
vt 0.00000 1.00000
vt 0.00000 1.00000
vt 0.00000 1.00000
vt 0.00000 1.00000
vt 0.00000 1.00000
vt 0.00000 1.00000
vt 0.00000 1.00000
vt 0.00000 1.00000
vt 0.00000 1.00000
vt 0.00000 1.00000
vt 0.00000 1.00000
vt 0.00000 1.00000
vt 0.00000 1.00000
vt 0.00000 1.00000
vt 0.00000 1.00000
vt 0.00000 1.00000
vt 0.00000 1.00000
vt 0.00000 1.00000
vt 0.00000 1.00000
vt 0.00000 1.00000
vt 0.00000 1.00000
vt 0.00000 1.00000
vt 0.00000 1.00000
vt 0.00000 1.00000
vt 0.00000 1.00000
vt 0.00000 1.00000
vt 0.00000 1.00000
vt 0.00000 1.00000
vt 0.00000 1.00000
vt 0.00000 1.00000
vt 0.00000 1.00000
vt 0.00000 1.00000
vt 0.00000 1.00000
vt 0.00000 1.00000
vt 0.00000 1.00000
vt 0.00000 1.00000
vt 0.00000 1.00000
vt 0.00000 1.00000
vt 0.00000 1.00000
vt 0.00000 1.00000
vt 0.00000 1.00000
vt 0.00000 1.00000
vt 0.00000 1.00000
vt 0.00000 1.00000
vt 0.00000 1.00000
vt 0.00000 1.00000
vt 0.00000 1.00000
vt 0.00000 1.00000
vt 0.00000 1.00000
vt 0.00000 1.00000
vt 0.00000 1.00000
vt 0.00000 1.00000
vt 0.00000 1.00000
vt 0.00000 1.00000
vt 0.00000 1.00000
vt 0.00000 1.00000
vt 0.00000 1.00000
vt 0.00000 1.00000
vt 0.00000 1.00000
vt 0.00000 1.00000
vt 0.00000 1.00000
vt 0.00000 1.00000
vt 0.00000 1.00000
vt 0.00000 1.00000
vt 0.00000 1.00000
vt 0.00000 1.00000
vt 0.00000 1.00000
vt 0.00000 1.00000
vt 0.00000 1.00000
vt 0.00000 1.00000
vt 0.00000 1.00000
vt 0.00000 1.00000
vt 0.00000 1.00000
vt 0.00000 1.00000
vt 0.00000 1.00000
vt 0.00000 1.00000
vt 0.00000 1.00000
vt 0.00000 1.00000
vt 0.00000 1.00000
vt 0.00000 1.00000
vt 0.00000 1.00000
vt 0.00000 1.00000
vt 0.00000 1.00000
vt 0.00000 1.00000
vt 0.00000 1.00000
vt 0.00000 1.00000
vt 0.00000 1.00000
vt 0.00000 1.00000
vt 0.00000 1.00000
vt 0.00000 1.00000
vt 0.00000 1.00000
vt 0.00000 1.00000
vt 0.00000 1.00000
vt 0.00000 1.00000
vt 0.00000 1.00000
vt 0.00000 1.00000
vt 0.00000 1.00000
vt 0.00000 1.00000
vt 0.00000 1.00000
vt 0.00000 1.00000
vt 0.00000 1.00000
vt 0.00000 1.00000
vt 0.00000 1.00000
vt 0.00000 1.00000
vt 0.00000 1.00000
vt 0.00000 1.00000
vt 0.00000 1.00000
vt 0.00000 1.00000
vt 0.00000 1.00000
vt 0.00000 1.00000
vt 0.00000 1.00000
vt 0.00000 1.00000
vt 0.00000 1.00000
vt 0.00000 1.00000
vt 0.00000 1.00000
vt 0.00000 1.00000
vt 0.00000 1.00000
vt 0.00000 1.00000
vt 0.00000 1.00000
vt 0.00000 1.00000
vt 0.00000 1.00000
vt 0.00000 1.00000
vt 0.00000 1.00000
vt 0.00000 1.00000
vt 0.00000 1.00000
vt 0.00000 1.00000
vt 0.00000 1.00000
vt 0.00000 1.00000
vt 0.00000 1.00000
vt 0.00000 1.00000
vt 0.00000 1.00000
vt 0.00000 1.00000
vt 0.00000 1.00000
vt 0.00000 1.00000
vt 0.00000 1.00000
vt 0.00000 1.00000
vt 0.00000 1.00000
vt 0.00000 1.00000
vt 0.00000 1.00000
vt 0.00000 1.00000
vt 0.00000 1.00000
vt 0.00000 1.00000
vt 0.00000 1.00000
vt 0.00000 1.00000
vt 0.00000 1.00000
vt 0.00000 1.00000
vt 0.00000 1.00000
vt 0.00000 1.00000
vt 0.00000 1.00000
vt 0.00000 1.00000
vt 0.00000 1.00000
vt 0.00000 1.00000
vt 0.00000 1.00000
vt 0.00000 1.00000
vt 0.00000 1.00000
vt 0.00000 1.00000
vt 0.00000 1.00000
vt 0.00000 1.00000
vt 0.00000 1.00000
vt 0.00000 1.00000
vt 0.00000 1.00000
vt 0.00000 1.00000
vt 0.00000 1.00000
vt 0.00000 1.00000
vt 0.00000 1.00000
vt 0.00000 1.00000
vt 0.00000 1.00000
vt 0.00000 1.00000
vt 0.00000 1.00000
vt 0.00000 1.00000
vt 0.00000 1.00000
vt 0.00000 1.00000
vt 0.00000 1.00000
vt 0.00000 1.00000
vt 0.00000 1.00000
vt 0.00000 1.00000
vt 0.00000 1.00000
vt 0.00000 1.00000
vt 0.00000 1.00000
vt 0.00000 1.00000
vt 0.00000 1.00000
vt 0.00000 1.00000
vt 0.00000 1.00000
vt 0.00000 1.00000
vt 0.00000 1.00000
vt 0.00000 1.00000
vt 0.00000 1.00000
vt 0.00000 1.00000
vt 0.00000 1.00000
vt 0.00000 1.00000
vt 0.00000 1.00000
vt 0.00000 1.00000
vt 0.00000 1.00000
vt 0.00000 1.00000
vt 0.00000 1.00000
vt 0.00000 1.00000
vt 0.00000 1.00000
vt 0.00000 1.00000
vt 0.00000 1.00000
vt 0.00000 1.00000
vt 0.00000 1.00000
vt 0.00000 1.00000
vt 0.00000 1.00000
vt 0.00000 1.00000
vt 0.00000 1.00000
vt 0.00000 1.00000
vt 0.00000 1.00000
vt 0.00000 1.00000
vt 0.00000 1.00000
vt 0.00000 1.00000
vt 0.00000 1.00000
vt 0.00000 1.00000
vt 0.00000 1.00000
vt 0.00000 1.00000
vt 0.00000 1.00000
vt 0.00000 1.00000
vt 0.00000 1.00000
vt 0.00000 1.00000
vt 0.00000 1.00000
vt 0.00000 1.00000
vt 0.00000 1.00000
vt 0.00000 1.00000
vt 0.00000 1.00000
vt 0.00000 1.00000
vt 0.00000 1.00000
vt 0.00000 1.00000
vt 0.00000 1.00000
vt 0.00000 1.00000
vt 0.00000 1.00000
vt 0.00000 1.00000
vt 0.00000 1.00000
vt 0.00000 1.00000
vt 0.00000 1.00000
vt 0.00000 1.00000
vt 0.00000 1.00000
vt 0.00000 1.00000
vt 0.00000 1.00000
vt 0.00000 1.00000
vt 0.00000 1.00000
vt 0.00000 1.00000
vt 0.00000 1.00000
vt 0.00000 1.00000
vt 0.00000 1.00000
vt 0.00000 1.00000
vt 0.00000 1.00000
vt 0.00000 1.00000
vt 0.00000 1.00000
vt 0.00000 1.00000
vt 0.00000 1.00000
vt 0.00000 1.00000
vt 0.00000 1.00000
vt 0.00000 1.00000
vt 0.00000 1.00000
vt 0.00000 1.00000
vt 0.00000 1.00000
vt 0.00000 1.00000
vt 0.00000 1.00000
vt 0.00000 1.00000
vt 0.00000 1.00000
vt 0.00000 1.00000
vt 0.00000 1.00000
vt 0.00000 1.00000
vt 0.00000 1.00000
vt 0.00000 1.00000
vt 0.00000 1.00000
vt 0.00000 1.00000
vt 0.00000 1.00000
vt 0.00000 1.00000
vt 0.00000 1.00000
vt 0.00000 1.00000
vt 0.00000 1.00000
vt 0.00000 1.00000
vt 0.00000 1.00000
vt 0.00000 1.00000
vt 0.00000 1.00000
vt 0.00000 1.00000
vt 0.00000 1.00000
vt 0.00000 1.00000
vt 0.00000 1.00000
vt 0.00000 1.00000
vt 0.00000 1.00000
vt 0.00000 1.00000
vt 0.00000 1.00000
vt 0.00000 1.00000
vt 0.00000 1.00000
vt 0.00000 1.00000
vt 0.00000 1.00000
vt 0.00000 1.00000
vt 0.00000 1.00000
vt 0.00000 1.00000
vt 0.00000 1.00000
vt 0.00000 1.00000
vt 0.00000 1.00000
vt 0.00000 1.00000
vt 0.00000 1.00000
vt 0.00000 1.00000
vt 0.00000 1.00000
vt 0.00000 1.00000
vt 0.00000 1.00000
vt 0.00000 1.00000
vt 0.00000 1.00000
vt 0.00000 1.00000
vt 0.00000 1.00000
vt 0.00000 1.00000
vt 0.00000 1.00000
vt 0.00000 1.00000
vt 0.00000 1.00000
vt 0.00000 1.00000
vt 0.00000 1.00000
vt 0.00000 1.00000
vt 0.00000 1.00000
vt 0.00000 1.00000
vt 0.00000 1.00000
vt 0.00000 1.00000
vt 0.00000 1.00000
vt 0.00000 1.00000
vt 0.00000 1.00000
vt 0.00000 1.00000
vt 0.00000 1.00000
vt 0.00000 1.00000
vt 0.00000 1.00000
vt 0.00000 1.00000
vt 0.00000 1.00000
vt 0.00000 1.00000
vt 0.00000 1.00000
vt 0.00000 1.00000
vt 0.00000 1.00000
vt 0.00000 1.00000
vt 0.00000 1.00000
vt 0.00000 1.00000
vt 0.00000 1.00000
vt 0.00000 1.00000
vt 0.00000 1.00000
vt 0.00000 1.00000
vt 0.00000 1.00000
vt 0.00000 1.00000
vt 0.00000 1.00000
vt 0.00000 1.00000
vt 0.00000 1.00000
vt 0.00000 1.00000
vt 0.00000 1.00000
vt 0.00000 1.00000
vt 0.00000 1.00000
vt 0.00000 1.00000
vt 0.00000 1.00000
vt 0.00000 1.00000
vt 0.00000 1.00000
vt 0.00000 1.00000
vt 0.00000 1.00000
vt 0.00000 1.00000
vt 0.00000 1.00000
vt 0.00000 1.00000
vt 0.00000 1.00000
vt 0.00000 1.00000
vt 0.00000 1.00000
vt 0.00000 1.00000
vt 0.00000 1.00000
vt 0.00000 1.00000
vt 0.00000 1.00000
vt 0.00000 1.00000
vt 0.00000 1.00000
vt 0.00000 1.00000
vt 0.00000 1.00000
vt 0.00000 1.00000
vt 0.00000 1.00000
vt 0.00000 1.00000
vt 0.00000 1.00000
vt 0.00000 1.00000
vt 0.00000 1.00000
vt 0.00000 1.00000
vt 0.00000 1.00000
vt 0.00000 1.00000
vt 0.00000 1.00000
vt 0.00000 1.00000
vt 0.00000 1.00000
vt 0.00000 1.00000
vt 0.00000 1.00000
vt 0.00000 1.00000
vt 0.00000 1.00000
vt 0.00000 1.00000
vt 0.00000 1.00000
vt 0.00000 1.00000
vt 0.00000 1.00000
vt 0.00000 1.00000
vt 0.00000 1.00000
vt 0.00000 1.00000
vt 0.00000 1.00000
vt 0.00000 1.00000
vt 0.00000 1.00000
vt 0.00000 1.00000
vt 0.00000 1.00000
vt 0.00000 1.00000
vt 0.00000 1.00000
vt 0.00000 1.00000
vt 0.00000 1.00000
vt 0.00000 1.00000
vt 0.00000 1.00000
vt 0.00000 1.00000
vt 0.00000 1.00000
vt 0.00000 1.00000
vt 0.00000 1.00000
vt 0.00000 1.00000
vt 0.00000 1.00000
vt 0.00000 1.00000
vt 0.00000 1.00000
vt 0.00000 1.00000
vt 0.00000 1.00000
vt 0.00000 1.00000
vt 0.00000 1.00000
vt 0.00000 1.00000
vt 0.00000 1.00000
vt 0.00000 1.00000
vt 0.00000 1.00000
vt 0.00000 1.00000
vt 0.00000 1.00000
vt 0.00000 1.00000
vt 0.00000 1.00000
vt 0.00000 1.00000
vt 0.00000 1.00000
vt 0.00000 1.00000
vt 0.00000 1.00000
vt 0.00000 1.00000
vt 0.00000 1.00000
vt 0.00000 1.00000
vt 0.00000 1.00000
vt 0.00000 1.00000
vt 0.00000 1.00000
vt 0.00000 1.00000
vt 0.00000 1.00000
vt 0.00000 1.00000
vt 0.00000 1.00000
vt 0.00000 1.00000
vt 0.00000 1.00000
vt 0.00000 1.00000
vt 0.00000 1.00000
vt 0.00000 1.00000
vt 0.00000 1.00000
vt 0.00000 1.00000
vt 0.00000 1.00000
vt 0.00000 1.00000
vt 0.00000 1.00000
vt 0.00000 1.00000
vt 0.00000 1.00000
vt 0.00000 1.00000
vt 0.00000 1.00000
vt 0.00000 1.00000
vt 0.00000 1.00000
vt 0.00000 1.00000
vt 0.00000 1.00000
vt 0.00000 1.00000
vt 0.00000 1.00000
vt 0.00000 1.00000
vt 0.00000 1.00000
vt 0.00000 1.00000
vt 0.00000 1.00000
vt 0.00000 1.00000
vt 0.00000 1.00000
vt 0.00000 1.00000
vt 0.00000 1.00000
vt 0.00000 1.00000
vt 0.00000 1.00000
vt 0.00000 1.00000
vt 0.00000 1.00000
vt 0.00000 1.00000
vt 0.00000 1.00000
vt 0.00000 1.00000
vt 0.00000 1.00000
vt 0.00000 1.00000
vt 0.00000 1.00000
vt 0.00000 1.00000
vt 0.00000 1.00000
vt 0.00000 1.00000
vt 0.00000 1.00000
vt 0.00000 1.00000
vt 0.00000 1.00000
vt 0.00000 1.00000
vt 0.00000 1.00000
vt 0.00000 1.00000
vt 0.00000 1.00000
vt 0.00000 1.00000
vt 0.00000 1.00000
vt 0.00000 1.00000
vt 0.00000 1.00000
vt 0.00000 1.00000
vt 0.00000 1.00000
vt 0.00000 1.00000
vt 0.00000 1.00000
vt 0.00000 1.00000
vt 0.00000 1.00000
vt 0.00000 1.00000
vt 0.00000 1.00000
vt 0.00000 1.00000
vt 0.00000 1.00000
vt 0.00000 1.00000
vt 0.00000 1.00000
vt 0.00000 1.00000
vt 0.00000 1.00000
vt 0.00000 1.00000
vt 0.00000 1.00000
vt 0.00000 1.00000
vt 0.00000 1.00000
vt 0.00000 1.00000
vt 0.00000 1.00000
vt 0.00000 1.00000
vt 0.00000 1.00000
vt 0.00000 1.00000
vt 0.00000 1.00000
vt 0.00000 1.00000
vt 0.00000 1.00000
vt 0.00000 1.00000
vt 0.00000 1.00000
vt 0.00000 1.00000
vt 0.00000 1.00000
vt 0.00000 1.00000
vt 0.00000 1.00000
vt 0.00000 1.00000
vt 0.00000 1.00000
vt 0.00000 1.00000
vt 0.00000 1.00000
vt 0.00000 1.00000
vt 0.00000 1.00000
vt 0.00000 1.00000
vt 0.00000 1.00000
vt 0.00000 1.00000
vt 0.00000 1.00000
vt 0.00000 1.00000
vt 0.00000 1.00000
vt 0.00000 1.00000
vt 0.00000 1.00000
vt 0.00000 1.00000
vt 0.00000 1.00000
vt 0.00000 1.00000
vt 0.00000 1.00000
vt 0.00000 1.00000
vt 0.00000 1.00000
vt 0.00000 1.00000
vt 0.00000 1.00000
vt 0.00000 1.00000
vt 0.00000 1.00000
vt 0.00000 1.00000
vt 0.00000 1.00000
vt 0.00000 1.00000
vt 0.00000 1.00000
vt 0.00000 1.00000
vt 0.00000 1.00000
vt 0.00000 1.00000
vt 0.00000 1.00000
vt 0.00000 1.00000
vt 0.00000 1.00000
vt 0.00000 1.00000
vt 0.00000 1.00000
vt 0.00000 1.00000
vt 0.00000 1.00000
vt 0.00000 1.00000
vt 0.00000 1.00000
vt 0.00000 1.00000
vt 0.00000 1.00000
vt 0.00000 1.00000
vt 0.00000 1.00000
vt 0.00000 1.00000
vt 0.00000 1.00000
vt 0.00000 1.00000
vt 0.00000 1.00000
vt 0.00000 1.00000
vt 0.00000 1.00000
vt 0.00000 1.00000
vt 0.00000 1.00000
vt 0.00000 1.00000
vt 0.00000 1.00000
vt 0.00000 1.00000
vt 0.00000 1.00000
vt 0.00000 1.00000
vt 0.00000 1.00000
vt 0.00000 1.00000
vt 0.00000 1.00000
vt 0.00000 1.00000
vt 0.00000 1.00000
vt 0.00000 1.00000
vt 0.00000 1.00000
vt 0.00000 1.00000
vt 0.00000 1.00000
vt 0.00000 1.00000
vt 0.00000 1.00000
vt 0.00000 1.00000
vt 0.00000 1.00000
vt 0.00000 1.00000
vt 0.00000 1.00000
vt 0.00000 1.00000
vt 0.00000 1.00000
vt 0.00000 1.00000
vt 0.00000 1.00000
vt 0.00000 1.00000
vt 0.00000 1.00000
vt 0.00000 1.00000
vt 0.00000 1.00000
vt 0.00000 1.00000
vt 0.00000 1.00000
vt 0.00000 1.00000
vt 0.00000 1.00000
vt 0.00000 1.00000
vt 0.00000 1.00000
vt 0.00000 1.00000
vt 0.00000 1.00000
vt 0.00000 1.00000
vt 0.00000 1.00000
vt 0.00000 1.00000
vt 0.00000 1.00000
vt 0.00000 1.00000
vt 0.00000 1.00000
vt 0.00000 1.00000
vt 0.00000 1.00000
vt 0.00000 1.00000
vt 0.00000 1.00000
vt 0.00000 1.00000
vt 0.00000 1.00000
vt 0.00000 1.00000
vt 0.00000 1.00000
vt 0.00000 1.00000
vt 0.00000 1.00000
vt 0.00000 1.00000
vt 0.00000 1.00000
vt 0.00000 1.00000
vt 0.00000 1.00000
vt 0.00000 1.00000
vt 0.00000 1.00000
vt 0.00000 1.00000
vt 0.00000 1.00000
vt 0.00000 1.00000
vt 0.00000 1.00000
vt 0.00000 1.00000
vt 0.00000 1.00000
vt 0.00000 1.00000
vt 0.00000 1.00000
vt 0.00000 1.00000
vt 0.00000 1.00000
vt 0.00000 1.00000
vt 0.00000 1.00000
vt 0.00000 1.00000
vt 0.00000 1.00000
vt 0.00000 1.00000
vt 0.00000 1.00000
vt 0.00000 1.00000
vt 0.00000 1.00000
vt 0.00000 1.00000
vt 0.00000 1.00000
vt 0.00000 1.00000
vt 0.00000 1.00000
vt 0.00000 1.00000
vt 0.00000 1.00000
vt 0.00000 1.00000
vt 0.00000 1.00000
vt 0.00000 1.00000
vt 0.00000 1.00000
vt 0.00000 1.00000
vt 0.00000 1.00000
vt 0.00000 1.00000
vt 0.00000 1.00000
vt 0.00000 1.00000
vt 0.00000 1.00000
vt 0.00000 1.00000
vt 0.00000 1.00000
vt 0.00000 1.00000
vt 0.00000 1.00000
vt 0.00000 1.00000
vt 0.00000 1.00000
vt 0.00000 1.00000
vt 0.00000 1.00000
vt 0.00000 1.00000
vt 0.00000 1.00000
vt 0.00000 1.00000
vt 0.00000 1.00000
vt 0.00000 1.00000
vt 0.00000 1.00000
vt 0.00000 1.00000
vt 0.00000 1.00000
vt 0.00000 1.00000
vt 0.00000 1.00000
vt 0.00000 1.00000
vt 0.00000 1.00000
vt 0.00000 1.00000
vt 0.00000 1.00000
vt 0.00000 1.00000
vt 0.00000 1.00000
vt 0.00000 1.00000
vt 0.00000 1.00000
vt 0.00000 1.00000
vt 0.00000 1.00000
vt 0.00000 1.00000
vt 0.00000 1.00000
vt 0.00000 1.00000
vt 0.00000 1.00000
vt 0.00000 1.00000
vt 0.00000 1.00000
vt 0.00000 1.00000
vt 0.00000 1.00000
vt 0.00000 1.00000
vt 0.00000 1.00000
vt 0.00000 1.00000
vt 0.00000 1.00000
vt 0.00000 1.00000
vt 0.00000 1.00000
vt 0.00000 1.00000
vt 0.00000 1.00000
vt 0.00000 1.00000
vt 0.00000 1.00000
vt 0.00000 1.00000
vt 0.00000 1.00000
vt 0.00000 1.00000
vt 0.00000 1.00000
vt 0.00000 1.00000
vt 0.00000 1.00000
vt 0.00000 1.00000
vt 0.00000 1.00000
vt 0.00000 1.00000
vt 0.00000 1.00000
vt 0.00000 1.00000
vt 0.00000 1.00000
vt 0.00000 1.00000
vt 0.00000 1.00000
vt 0.00000 1.00000
vt 0.00000 1.00000
vt 0.00000 1.00000
vt 0.00000 1.00000
vt 0.00000 1.00000
vt 0.00000 1.00000
vt 0.00000 1.00000
vt 0.00000 1.00000
vt 0.00000 1.00000
vt 0.00000 1.00000
vt 0.00000 1.00000
vt 0.00000 1.00000
vt 0.00000 1.00000
vt 0.00000 1.00000
vt 0.00000 1.00000
vt 0.00000 1.00000
vt 0.00000 1.00000
vt 0.00000 1.00000
vt 0.00000 1.00000
vt 0.00000 1.00000
vt 0.00000 1.00000
vt 0.00000 1.00000
vt 0.00000 1.00000
vt 0.00000 1.00000
vt 0.00000 1.00000
vt 0.00000 1.00000
vt 0.00000 1.00000
vt 0.00000 1.00000
vt 0.00000 1.00000
vt 0.00000 1.00000
vt 0.00000 1.00000
vt 0.00000 1.00000
vt 0.00000 1.00000
vt 0.00000 1.00000
vt 0.00000 1.00000
vt 0.00000 1.00000
vt 0.00000 1.00000
vt 0.00000 1.00000
vt 0.00000 1.00000
vt 0.00000 1.00000
vt 0.00000 1.00000
vt 0.00000 1.00000
vt 0.00000 1.00000
vt 0.00000 1.00000
vt 0.00000 1.00000
vt 0.00000 1.00000
vt 0.00000 1.00000
vt 0.00000 1.00000
vt 0.00000 1.00000
vt 0.00000 1.00000
vt 0.00000 1.00000
vt 0.00000 1.00000
vt 0.00000 1.00000
vt 0.00000 1.00000
vt 0.00000 1.00000
vt 0.00000 1.00000
vt 0.00000 1.00000
vt 0.00000 1.00000
vt 0.00000 1.00000
vt 0.00000 1.00000
vt 0.00000 1.00000
vt 0.00000 1.00000
vt 0.00000 1.00000
vt 0.00000 1.00000
vt 0.00000 1.00000
vt 0.00000 1.00000
vt 0.00000 1.00000
vt 0.00000 1.00000
vt 0.00000 1.00000
vt 0.00000 1.00000
vt 0.00000 1.00000
vt 0.00000 1.00000
vt 0.00000 1.00000
vt 0.00000 1.00000
vt 0.00000 1.00000
vt 0.00000 1.00000
vt 0.00000 1.00000
vt 0.00000 1.00000
vt 0.00000 1.00000
vt 0.00000 1.00000
vt 0.00000 1.00000
vt 0.00000 1.00000
vt 0.00000 1.00000
vt 0.00000 1.00000
vt 0.00000 1.00000
vt 0.00000 1.00000
vt 0.00000 1.00000
vt 0.00000 1.00000
vt 0.00000 1.00000
vt 0.00000 1.00000
vt 0.00000 1.00000
vt 0.00000 1.00000
vt 0.00000 1.00000
vt 0.00000 1.00000
vt 0.00000 1.00000
vt 0.00000 1.00000
vt 0.00000 1.00000
vt 0.00000 1.00000
vt 0.00000 1.00000
vt 0.00000 1.00000
vt 0.00000 1.00000
vt 0.00000 1.00000
vt 0.00000 1.00000
vt 0.00000 1.00000
vt 0.00000 1.00000
vt 0.00000 1.00000
vt 0.00000 1.00000
vt 0.00000 1.00000
vt 0.00000 1.00000
vt 0.00000 1.00000
vt 0.00000 1.00000
vt 0.00000 1.00000
vt 0.00000 1.00000
vt 0.00000 1.00000
vt 0.00000 1.00000
vt 0.00000 1.00000
vt 0.00000 1.00000
vt 0.00000 1.00000
vt 0.00000 1.00000
vt 0.00000 1.00000
vt 0.00000 1.00000
vt 0.00000 1.00000
vt 0.00000 1.00000
vt 0.00000 1.00000
vt 0.00000 1.00000
vt 0.00000 1.00000
vt 0.00000 1.00000
vt 0.00000 1.00000
vt 0.00000 1.00000
vt 0.00000 1.00000
vt 0.00000 1.00000
vt 0.00000 1.00000
vt 0.00000 1.00000
vt 0.00000 1.00000
vt 0.00000 1.00000
vt 0.00000 1.00000
vt 0.00000 1.00000
vt 0.00000 1.00000
vt 0.00000 1.00000
vt 0.00000 1.00000
vt 0.00000 1.00000
vt 0.00000 1.00000
vt 0.00000 1.00000
vt 0.00000 1.00000
vt 0.00000 1.00000
vt 0.00000 1.00000
vt 0.00000 1.00000
vt 0.00000 1.00000
vt 0.00000 1.00000
vt 0.00000 1.00000
vt 0.00000 1.00000
vt 0.00000 1.00000
vt 0.00000 1.00000
vt 0.00000 1.00000
vt 0.00000 1.00000
vt 0.00000 1.00000
vt 0.00000 1.00000
vt 0.00000 1.00000
vt 0.00000 1.00000
vt 0.00000 1.00000
vt 0.00000 1.00000
vt 0.00000 1.00000
vt 0.00000 1.00000
vt 0.00000 1.00000
vt 0.00000 1.00000
vt 0.00000 1.00000
vt 0.00000 1.00000
vt 0.00000 1.00000
vt 0.00000 1.00000
vt 0.00000 1.00000
vt 0.00000 1.00000
vt 0.00000 1.00000
vt 0.00000 1.00000
vt 0.00000 1.00000
vt 0.00000 1.00000
vt 0.00000 1.00000
vt 0.00000 1.00000
vt 0.00000 1.00000
vt 0.00000 1.00000
vt 0.00000 1.00000
vt 0.00000 1.00000
vt 0.00000 1.00000
vt 0.00000 1.00000
vt 0.00000 1.00000
vt 0.00000 1.00000
vt 0.00000 1.00000
vt 0.00000 1.00000
vt 0.00000 1.00000
vt 0.00000 1.00000
vt 0.00000 1.00000
vt 0.00000 1.00000
vt 0.00000 1.00000
vt 0.00000 1.00000
vt 0.00000 1.00000
vt 0.00000 1.00000
vt 0.00000 1.00000
vt 0.00000 1.00000
vt 0.00000 1.00000
vt 0.00000 1.00000
vt 0.00000 1.00000
vt 0.00000 1.00000
vt 0.00000 1.00000
vt 0.00000 1.00000
vt 0.00000 1.00000
vt 0.00000 1.00000
vt 0.00000 1.00000
vt 0.00000 1.00000
vt 0.00000 1.00000
vt 0.00000 1.00000
vt 0.00000 1.00000
vt 0.00000 1.00000
vt 0.00000 1.00000
vt 0.00000 1.00000
vt 0.00000 1.00000
vt 0.00000 1.00000
vt 0.00000 1.00000
vt 0.00000 1.00000
vt 0.00000 1.00000
vt 0.00000 1.00000
vt 0.00000 1.00000
vt 0.00000 1.00000
vt 0.00000 1.00000
vt 0.00000 1.00000
vt 0.00000 1.00000
vt 0.00000 1.00000
vt 0.00000 1.00000
vt 0.00000 1.00000
vt 0.00000 1.00000
vt 0.00000 1.00000
vt 0.00000 1.00000
vt 0.00000 1.00000
vt 0.00000 1.00000
vt 0.00000 1.00000
vt 0.00000 1.00000
vt 0.00000 1.00000
vt 0.00000 1.00000
vt 0.00000 1.00000
vt 0.00000 1.00000
vt 0.00000 1.00000
vt 0.00000 1.00000
vt 0.00000 1.00000
vt 0.00000 1.00000
vt 0.00000 1.00000
vt 0.00000 1.00000
vt 0.00000 1.00000
vt 0.00000 1.00000
vt 0.00000 1.00000
vt 0.00000 1.00000
vt 0.00000 1.00000
vt 0.00000 1.00000
vt 0.00000 1.00000
vt 0.00000 1.00000
vt 0.00000 1.00000
vt 0.00000 1.00000
vt 0.00000 1.00000
vt 0.00000 1.00000
vt 0.00000 1.00000
vt 0.00000 1.00000
vt 0.00000 1.00000
vt 0.00000 1.00000
vt 0.00000 1.00000
vt 0.00000 1.00000
vt 0.00000 1.00000
vt 0.00000 1.00000
vt 0.00000 1.00000
vt 0.00000 1.00000
vt 0.00000 1.00000
vt 0.00000 1.00000
vt 0.00000 1.00000
vt 0.00000 1.00000
vt 0.00000 1.00000
vt 0.00000 1.00000
vt 0.00000 1.00000
vt 0.00000 1.00000
vt 0.00000 1.00000
vt 0.00000 1.00000
vt 0.00000 1.00000
vt 0.00000 1.00000
vt 0.00000 1.00000
vt 0.00000 1.00000
vt 0.00000 1.00000
vt 0.00000 1.00000
vt 0.00000 1.00000
vt 0.00000 1.00000
vt 0.00000 1.00000
vt 0.00000 1.00000
vt 0.00000 1.00000
vt 0.00000 1.00000
vt 0.00000 1.00000
vt 0.00000 1.00000
vt 0.00000 1.00000
vt 0.00000 1.00000
vt 0.00000 1.00000
vt 0.00000 1.00000
vt 0.00000 1.00000
vt 0.00000 1.00000
vt 0.00000 1.00000
vt 0.00000 1.00000
vt 0.00000 1.00000
vt 0.00000 1.00000
vt 0.00000 1.00000
vt 0.00000 1.00000
vt 0.00000 1.00000
vt 0.00000 1.00000
vt 0.00000 1.00000
vt 0.00000 1.00000
vt 0.00000 1.00000
vt 0.00000 1.00000
vt 0.00000 1.00000
vt 0.00000 1.00000
vt 0.00000 1.00000
vt 0.00000 1.00000
vt 0.00000 1.00000
vt 0.00000 1.00000
vt 0.00000 1.00000
vt 0.00000 1.00000
vt 0.00000 1.00000
vt 0.00000 1.00000
vt 0.00000 1.00000
vt 0.00000 1.00000
vt 0.00000 1.00000
vt 0.00000 1.00000
vt 0.00000 1.00000
vt 0.00000 1.00000
vt 0.00000 1.00000
vt 0.00000 1.00000
vt 0.00000 1.00000
vt 0.00000 1.00000
vt 0.00000 1.00000
vt 0.00000 1.00000
vt 0.00000 1.00000
vt 0.00000 1.00000
vt 0.00000 1.00000
vt 0.00000 1.00000
vt 0.00000 1.00000
vt 0.00000 1.00000
vt 0.00000 1.00000
vt 0.00000 1.00000
vt 0.00000 1.00000
vt 0.00000 1.00000
vt 0.00000 1.00000
vt 0.00000 1.00000
vt 0.00000 1.00000
vt 0.00000 1.00000
vt 0.00000 1.00000
vt 0.00000 1.00000
vt 0.00000 1.00000
vt 0.00000 1.00000
vt 0.00000 1.00000
vt 0.00000 1.00000
vt 0.00000 1.00000
vt 0.00000 1.00000
vt 0.00000 1.00000
vt 0.00000 1.00000
vt 0.00000 1.00000
vt 0.00000 1.00000
vt 0.00000 1.00000
vt 0.00000 1.00000
vt 0.00000 1.00000
vt 0.00000 1.00000
vt 0.00000 1.00000
vt 0.00000 1.00000
vt 0.00000 1.00000
vt 0.00000 1.00000
vt 0.00000 1.00000
vt 0.00000 1.00000
vt 0.00000 1.00000
vt 0.00000 1.00000
vt 0.00000 1.00000
vt 0.00000 1.00000
vt 0.00000 1.00000
vt 0.00000 1.00000
vt 0.00000 1.00000
vt 0.00000 1.00000
vt 0.00000 1.00000
vt 0.00000 1.00000
vt 0.00000 1.00000
vt 0.00000 1.00000
vt 0.00000 1.00000
vt 0.00000 1.00000
vt 0.00000 1.00000
vt 0.00000 1.00000
vt 0.00000 1.00000
vt 0.00000 1.00000
vt 0.00000 1.00000
vt 0.00000 1.00000
vt 0.00000 1.00000
vt 0.00000 1.00000
vt 0.00000 1.00000
vt 0.00000 1.00000
vt 0.00000 1.00000
vt 0.00000 1.00000
vt 0.00000 1.00000
vt 0.00000 1.00000
vt 0.00000 1.00000
vt 0.00000 1.00000
vt 0.00000 1.00000
vt 0.00000 1.00000
vt 0.00000 1.00000
vt 0.00000 1.00000
vt 0.00000 1.00000
vt 0.00000 1.00000
vt 0.00000 1.00000
vt 0.00000 1.00000
vt 0.00000 1.00000
vt 0.00000 1.00000
vt 0.00000 1.00000
vt 0.00000 1.00000
vt 0.00000 1.00000
vt 0.00000 1.00000
vt 0.00000 1.00000
vt 0.00000 1.00000
vt 0.00000 1.00000
vt 0.00000 1.00000
vt 0.00000 1.00000
vt 0.00000 1.00000
vt 0.00000 1.00000
vt 0.00000 1.00000
vt 0.00000 1.00000
vt 0.00000 1.00000
vt 0.00000 1.00000
vt 0.00000 1.00000
vt 0.00000 1.00000
vt 0.00000 1.00000
vt 0.00000 1.00000
vt 0.00000 1.00000
vt 0.00000 1.00000
vt 0.00000 1.00000
vt 0.00000 1.00000
vt 0.00000 1.00000
vt 0.00000 1.00000
vt 0.00000 1.00000
vt 0.00000 1.00000
vt 0.00000 1.00000
vt 0.00000 1.00000
vt 0.00000 1.00000
vt 0.00000 1.00000
vt 0.00000 1.00000
vt 0.00000 1.00000
vt 0.00000 1.00000
vt 0.00000 1.00000
vt 0.00000 1.00000
vt 0.00000 1.00000
vt 0.00000 1.00000
vt 0.00000 1.00000
vt 0.00000 1.00000
vt 0.00000 1.00000
vt 0.00000 1.00000
vt 0.00000 1.00000
vt 0.00000 1.00000
vt 0.00000 1.00000
vt 0.00000 1.00000
vt 0.00000 1.00000
vt 0.00000 1.00000
vt 0.00000 1.00000
vt 0.00000 1.00000
usemtl bark
f 1/1 2/2 3/3
f 4/4 5/5 6/6
f 7/7 8/8 9/9
f 10/10 11/11 12/12
f 13/13 14/14 15/15
f 16/16 17/17 18/18
f 19/19 20/20 21/21
f 22/22 23/23 24/24
f 25/25 26/26 27/27
f 28/28 29/29 30/30
f 31/31 32/32 33/33
f 34/34 35/35 36/36
f 37/37 38/38 39/39
f 40/40 41/41 42/42
f 43/43 44/44 45/45
f 46/46 47/47 48/48
f 49/49 50/50 51/51
f 52/52 53/53 54/54
f 55/55 56/56 57/57
f 58/58 59/59 60/60
f 61/61 62/62 63/63
f 64/64 65/65 66/66
f 67/67 68/68 69/69
f 70/70 71/71 72/72
f 73/73 74/74 75/75
f 76/76 77/77 78/78
f 79/79 80/80 81/81
f 82/82 83/83 84/84
f 85/85 86/86 87/87
f 88/88 89/89 90/90
f 91/91 92/92 93/93
f 94/94 95/95 96/96
f 97/97 98/98 99/99
f 100/100 101/101 102/102
f 103/103 104/104 105/105
f 106/106 107/107 108/108
f 109/109 110/110 111/111
f 112/112 113/113 114/114
f 115/115 116/116 117/117
f 118/118 119/119 120/120
f 121/121 122/122 123/123
f 124/124 125/125 126/126
f 127/127 128/128 129/129
f 130/130 131/131 132/132
f 133/133 134/134 135/135
f 136/136 137/137 138/138
f 139/139 140/140 141/141
f 142/142 143/143 144/144
f 145/145 146/146 147/147
f 148/148 149/149 150/150
f 151/151 152/152 153/153
f 154/154 155/155 156/156
f 157/157 158/158 159/159
f 160/160 161/161 162/162
f 163/163 164/164 165/165
f 166/166 167/167 168/168
f 169/169 170/170 171/171
f 172/172 173/173 174/174
f 175/175 176/176 177/177
f 178/178 179/179 180/180
f 181/181 182/182 183/183
f 184/184 185/185 186/186
f 187/187 188/188 189/189
f 190/190 191/191 192/192
f 193/193 194/194 195/195
f 196/196 197/197 198/198
f 199/199 200/200 201/201
f 202/202 203/203 204/204
f 205/205 206/206 207/207
f 208/208 209/209 210/210
f 211/211 212/212 213/213
f 214/214 215/215 216/216
f 217/217 218/218 219/219
f 220/220 221/221 222/222
f 223/223 224/224 225/225
f 226/226 227/227 228/228
f 229/229 230/230 231/231
f 232/232 233/233 234/234
f 235/235 236/236 237/237
f 238/238 239/239 240/240
f 241/241 242/242 243/243
f 244/244 245/245 246/246
f 247/247 248/248 249/249
f 250/250 251/251 252/252
f 253/253 254/254 255/255
f 256/256 257/257 258/258
f 259/259 260/260 261/261
f 262/262 263/263 264/264
f 265/265 266/266 267/267
f 268/268 269/269 270/270
f 271/271 272/272 273/273
f 274/274 275/275 276/276
f 277/277 278/278 279/279
f 280/280 281/281 282/282
f 283/283 284/284 285/285
f 286/286 287/287 288/288
f 289/289 290/290 291/291
f 292/292 293/293 294/294
f 295/295 296/296 297/297
f 298/298 299/299 300/300
f 301/301 302/302 303/303
f 304/304 305/305 306/306
f 307/307 308/308 309/309
f 310/310 311/311 312/312
f 313/313 314/314 315/315
f 316/316 317/317 318/318
f 319/319 320/320 321/321
f 322/322 323/323 324/324
f 325/325 326/326 327/327
f 328/328 329/329 330/330
f 331/331 332/332 333/333
f 334/334 335/335 336/336
f 337/337 338/338 339/339
f 340/340 341/341 342/342
f 343/343 344/344 345/345
f 346/346 347/347 348/348
f 349/349 350/350 351/351
f 352/352 353/353 354/354
f 355/355 356/356 357/357
f 358/358 359/359 360/360
f 361/361 362/362 363/363
f 364/364 365/365 366/366
f 367/367 368/368 369/369
f 370/370 371/371 372/372
f 373/373 374/374 375/375
f 376/376 377/377 378/378
f 379/379 380/380 381/381
f 382/382 383/383 384/384
f 385/385 386/386 387/387
f 388/388 389/389 390/390
f 391/391 392/392 393/393
f 394/394 395/395 396/396
f 397/397 398/398 399/399
f 400/400 401/401 402/402
f 403/403 404/404 405/405
f 406/406 407/407 408/408
f 409/409 410/410 411/411
f 412/412 413/413 414/414
f 415/415 416/416 417/417
f 418/418 419/419 420/420
f 421/421 422/422 423/423
f 424/424 425/425 426/426
f 427/427 428/428 429/429
f 430/430 431/431 432/432
f 433/433 434/434 435/435
f 436/436 437/437 438/438
f 439/439 440/440 441/441
f 442/442 443/443 444/444
f 445/445 446/446 447/447
f 448/448 449/449 450/450
f 451/451 452/452 453/453
f 454/454 455/455 456/456
f 457/457 458/458 459/459
f 460/460 461/461 462/462
f 463/463 464/464 465/465
f 466/466 467/467 468/468
f 469/469 470/470 471/471
f 472/472 473/473 474/474
f 475/475 476/476 477/477
f 478/478 479/479 480/480
f 481/481 482/482 483/483
f 484/484 485/485 486/486
f 487/487 488/488 489/489
f 490/490 491/491 492/492
f 493/493 494/494 495/495
f 496/496 497/497 498/498
f 499/499 500/500 501/501
f 502/502 503/503 504/504
f 505/505 506/506 507/507
f 508/508 509/509 510/510
f 511/511 512/512 513/513
f 514/514 515/515 516/516
f 517/517 518/518 519/519
f 520/520 521/521 522/522
f 523/523 524/524 525/525
f 526/526 527/527 528/528
f 529/529 530/530 531/531
f 532/532 533/533 534/534
f 535/535 536/536 537/537
f 538/538 539/539 540/540
f 541/541 542/542 543/543
f 544/544 545/545 546/546
f 547/547 548/548 549/549
f 550/550 551/551 552/552
f 553/553 554/554 555/555
f 556/556 557/557 558/558
f 559/559 560/560 561/561
f 562/562 563/563 564/564
f 565/565 566/566 567/567
f 568/568 569/569 570/570
f 571/571 572/572 573/573
f 574/574 575/575 576/576
f 577/577 578/578 579/579
f 580/580 581/581 582/582
f 583/583 584/584 585/585
f 586/586 587/587 588/588
f 589/589 590/590 591/591
f 592/592 593/593 594/594
f 595/595 596/596 597/597
f 598/598 599/599 600/600
f 601/601 602/602 603/603
f 604/604 605/605 606/606
f 607/607 608/608 609/609
f 610/610 611/611 612/612
f 613/613 614/614 615/615
f 616/616 617/617 618/618
f 619/619 620/620 621/621
f 622/622 623/623 624/624
f 625/625 626/626 627/627
f 628/628 629/629 630/630
f 631/631 632/632 633/633
f 634/634 635/635 636/636
f 637/637 638/638 639/639
f 640/640 641/641 642/642
f 643/643 644/644 645/645
f 646/646 647/647 648/648
f 649/649 650/650 651/651
f 652/652 653/653 654/654
f 655/655 656/656 657/657
f 658/658 659/659 660/660
f 661/661 662/662 663/663
f 664/664 665/665 666/666
f 667/667 668/668 669/669
f 670/670 671/671 672/672
f 673/673 674/674 675/675
f 676/676 677/677 678/678
f 679/679 680/680 681/681
f 682/682 683/683 684/684
f 685/685 686/686 687/687
f 688/688 689/689 690/690
f 691/691 692/692 693/693
f 694/694 695/695 696/696
f 697/697 698/698 699/699
f 700/700 701/701 702/702
f 703/703 704/704 705/705
f 706/706 707/707 708/708
f 709/709 710/710 711/711
f 712/712 713/713 714/714
f 715/715 716/716 717/717
f 718/718 719/719 720/720
f 721/721 722/722 723/723
f 724/724 725/725 726/726
f 727/727 728/728 729/729
f 730/730 731/731 732/732
f 733/733 734/734 735/735
f 736/736 737/737 738/738
f 739/739 740/740 741/741
f 742/742 743/743 744/744
f 745/745 746/746 747/747
f 748/748 749/749 750/750
f 751/751 752/752 753/753
f 754/754 755/755 756/756
f 757/757 758/758 759/759
f 760/760 761/761 762/762
f 763/763 764/764 765/765
f 766/766 767/767 768/768
f 769/769 770/770 771/771
f 772/772 773/773 774/774
f 775/775 776/776 777/777
f 778/778 779/779 780/780
f 781/781 782/782 783/783
f 784/784 785/785 786/786
f 787/787 788/788 789/789
f 790/790 791/791 792/792
f 793/793 794/794 795/795
f 796/796 797/797 798/798
f 799/799 800/800 801/801
f 802/802 803/803 804/804
f 805/805 806/806 807/807
f 808/808 809/809 810/810
f 811/811 812/812 813/813
f 814/814 815/815 816/816
f 817/817 818/818 819/819
f 820/820 821/821 822/822
f 823/823 824/824 825/825
f 826/826 827/827 828/828
f 829/829 830/830 831/831
f 832/832 833/833 834/834
f 835/835 836/836 837/837
f 838/838 839/839 840/840
f 841/841 842/842 843/843
f 844/844 845/845 846/846
f 847/847 848/848 849/849
f 850/850 851/851 852/852
f 853/853 854/854 855/855
f 856/856 857/857 858/858
f 859/859 860/860 861/861
f 862/862 863/863 864/864
f 865/865 866/866 867/867
f 868/868 869/869 870/870
f 871/871 872/872 873/873
f 874/874 875/875 876/876
f 877/877 878/878 879/879
f 880/880 881/881 882/882
f 883/883 884/884 885/885
f 886/886 887/887 888/888
f 889/889 890/890 891/891
f 892/892 893/893 894/894
f 895/895 896/896 897/897
f 898/898 899/899 900/900
f 901/901 902/902 903/903
f 904/904 905/905 906/906
f 907/907 908/908 909/909
f 910/910 911/911 912/912
f 913/913 914/914 915/915
f 916/916 917/917 918/918
f 919/919 920/920 921/921
f 922/922 923/923 924/924
f 925/925 926/926 927/927
f 928/928 929/929 930/930
f 931/931 932/932 933/933
f 934/934 935/935 936/936
f 937/937 938/938 939/939
f 940/940 941/941 942/942
f 943/943 944/944 945/945
f 946/946 947/947 948/948
f 949/949 950/950 951/951
f 952/952 953/953 954/954
f 955/955 956/956 957/957
f 958/958 959/959 960/960
f 961/961 962/962 963/963
f 964/964 965/965 966/966
f 967/967 968/968 969/969
f 970/970 971/971 972/972
f 973/973 974/974 975/975
f 976/976 977/977 978/978
f 979/979 980/980 981/981
f 982/982 983/983 984/984
f 985/985 986/986 987/987
f 988/988 989/989 990/990
f 991/991 992/992 993/993
f 994/994 995/995 996/996
f 997/997 998/998 999/999
f 1000/1000 1001/1001 1002/1002
f 1003/1003 1004/1004 1005/1005
f 1006/1006 1007/1007 1008/1008
f 1009/1009 1010/1010 1011/1011
f 1012/1012 1013/1013 1014/1014
f 1015/1015 1016/1016 1017/1017
f 1018/1018 1019/1019 1020/1020
f 1021/1021 1022/1022 1023/1023
f 1024/1024 1025/1025 1026/1026
f 1027/1027 1028/1028 1029/1029
f 1030/1030 1031/1031 1032/1032
f 1033/1033 1034/1034 1035/1035
f 1036/1036 1037/1037 1038/1038
f 1039/1039 1040/1040 1041/1041
f 1042/1042 1043/1043 1044/1044
f 1045/1045 1046/1046 1047/1047
f 1048/1048 1049/1049 1050/1050
f 1051/1051 1052/1052 1053/1053
f 1054/1054 1055/1055 1056/1056
f 1057/1057 1058/1058 1059/1059
f 1060/1060 1061/1061 1062/1062
f 1063/1063 1064/1064 1065/1065
f 1066/1066 1067/1067 1068/1068
f 1069/1069 1070/1070 1071/1071
f 1072/1072 1073/1073 1074/1074
f 1075/1075 1076/1076 1077/1077
f 1078/1078 1079/1079 1080/1080
f 1081/1081 1082/1082 1083/1083
f 1084/1084 1085/1085 1086/1086
f 1087/1087 1088/1088 1089/1089
f 1090/1090 1091/1091 1092/1092
f 1093/1093 1094/1094 1095/1095
f 1096/1096 1097/1097 1098/1098
f 1099/1099 1100/1100 1101/1101
f 1102/1102 1103/1103 1104/1104
f 1105/1105 1106/1106 1107/1107
f 1108/1108 1109/1109 1110/1110
f 1111/1111 1112/1112 1113/1113
f 1114/1114 1115/1115 1116/1116
f 1117/1117 1118/1118 1119/1119
f 1120/1120 1121/1121 1122/1122
f 1123/1123 1124/1124 1125/1125
f 1126/1126 1127/1127 1128/1128
f 1129/1129 1130/1130 1131/1131
f 1132/1132 1133/1133 1134/1134
f 1135/1135 1136/1136 1137/1137
f 1138/1138 1139/1139 1140/1140
f 1141/1141 1142/1142 1143/1143
f 1144/1144 1145/1145 1146/1146
f 1147/1147 1148/1148 1149/1149
f 1150/1150 1151/1151 1152/1152
f 1153/1153 1154/1154 1155/1155
f 1156/1156 1157/1157 1158/1158
f 1159/1159 1160/1160 1161/1161
f 1162/1162 1163/1163 1164/1164
f 1165/1165 1166/1166 1167/1167
f 1168/1168 1169/1169 1170/1170
f 1171/1171 1172/1172 1173/1173
f 1174/1174 1175/1175 1176/1176
f 1177/1177 1178/1178 1179/1179
f 1180/1180 1181/1181 1182/1182
f 1183/1183 1184/1184 1185/1185
f 1186/1186 1187/1187 1188/1188
f 1189/1189 1190/1190 1191/1191
f 1192/1192 1193/1193 1194/1194
f 1195/1195 1196/1196 1197/1197
f 1198/1198 1199/1199 1200/1200
f 1201/1201 1202/1202 1203/1203
f 1204/1204 1205/1205 1206/1206
f 1207/1207 1208/1208 1209/1209
f 1210/1210 1211/1211 1212/1212
f 1213/1213 1214/1214 1215/1215
f 1216/1216 1217/1217 1218/1218
f 1219/1219 1220/1220 1221/1221
f 1222/1222 1223/1223 1224/1224
f 1225/1225 1226/1226 1227/1227
f 1228/1228 1229/1229 1230/1230
f 1231/1231 1232/1232 1233/1233
f 1234/1234 1235/1235 1236/1236
f 1237/1237 1238/1238 1239/1239
f 1240/1240 1241/1241 1242/1242
f 1243/1243 1244/1244 1245/1245
f 1246/1246 1247/1247 1248/1248
f 1249/1249 1250/1250 1251/1251
f 1252/1252 1253/1253 1254/1254
f 1255/1255 1256/1256 1257/1257
f 1258/1258 1259/1259 1260/1260
f 1261/1261 1262/1262 1263/1263
f 1264/1264 1265/1265 1266/1266
f 1267/1267 1268/1268 1269/1269
f 1270/1270 1271/1271 1272/1272
f 1273/1273 1274/1274 1275/1275
f 1276/1276 1277/1277 1278/1278
f 1279/1279 1280/1280 1281/1281
f 1282/1282 1283/1283 1284/1284
f 1285/1285 1286/1286 1287/1287
f 1288/1288 1289/1289 1290/1290
f 1291/1291 1292/1292 1293/1293
f 1294/1294 1295/1295 1296/1296
f 1297/1297 1298/1298 1299/1299
f 1300/1300 1301/1301 1302/1302
f 1303/1303 1304/1304 1305/1305
f 1306/1306 1307/1307 1308/1308
f 1309/1309 1310/1310 1311/1311
f 1312/1312 1313/1313 1314/1314
f 1315/1315 1316/1316 1317/1317
f 1318/1318 1319/1319 1320/1320
f 1321/1321 1322/1322 1323/1323
f 1324/1324 1325/1325 1326/1326
f 1327/1327 1328/1328 1329/1329
f 1330/1330 1331/1331 1332/1332
f 1333/1333 1334/1334 1335/1335
f 1336/1336 1337/1337 1338/1338
f 1339/1339 1340/1340 1341/1341
f 1342/1342 1343/1343 1344/1344
f 1345/1345 1346/1346 1347/1347
f 1348/1348 1349/1349 1350/1350
f 1351/1351 1352/1352 1353/1353
f 1354/1354 1355/1355 1356/1356
f 1357/1357 1358/1358 1359/1359
f 1360/1360 1361/1361 1362/1362
f 1363/1363 1364/1364 1365/1365
f 1366/1366 1367/1367 1368/1368
f 1369/1369 1370/1370 1371/1371
f 1372/1372 1373/1373 1374/1374
f 1375/1375 1376/1376 1377/1377
f 1378/1378 1379/1379 1380/1380
f 1381/1381 1382/1382 1383/1383
f 1384/1384 1385/1385 1386/1386
f 1387/1387 1388/1388 1389/1389
f 1390/1390 1391/1391 1392/1392
f 1393/1393 1394/1394 1395/1395
f 1396/1396 1397/1397 1398/1398
f 1399/1399 1400/1400 1401/1401
f 1402/1402 1403/1403 1404/1404
f 1405/1405 1406/1406 1407/1407
f 1408/1408 1409/1409 1410/1410
f 1411/1411 1412/1412 1413/1413
f 1414/1414 1415/1415 1416/1416
f 1417/1417 1418/1418 1419/1419
f 1420/1420 1421/1421 1422/1422
f 1423/1423 1424/1424 1425/1425
f 1426/1426 1427/1427 1428/1428
f 1429/1429 1430/1430 1431/1431
f 1432/1432 1433/1433 1434/1434
f 1435/1435 1436/1436 1437/1437
f 1438/1438 1439/1439 1440/1440
f 1441/1441 1442/1442 1443/1443
f 1444/1444 1445/1445 1446/1446
f 1447/1447 1448/1448 1449/1449
f 1450/1450 1451/1451 1452/1452
f 1453/1453 1454/1454 1455/1455
f 1456/1456 1457/1457 1458/1458
f 1459/1459 1460/1460 1461/1461
f 1462/1462 1463/1463 1464/1464
f 1465/1465 1466/1466 1467/1467
f 1468/1468 1469/1469 1470/1470
f 1471/1471 1472/1472 1473/1473
f 1474/1474 1475/1475 1476/1476
f 1477/1477 1478/1478 1479/1479
f 1480/1480 1481/1481 1482/1482
f 1483/1483 1484/1484 1485/1485
f 1486/1486 1487/1487 1488/1488
f 1489/1489 1490/1490 1491/1491
f 1492/1492 1493/1493 1494/1494
f 1495/1495 1496/1496 1497/1497
f 1498/1498 1499/1499 1500/1500
f 1501/1501 1502/1502 1503/1503
f 1504/1504 1505/1505 1506/1506
f 1507/1507 1508/1508 1509/1509
f 1510/1510 1511/1511 1512/1512
f 1513/1513 1514/1514 1515/1515
f 1516/1516 1517/1517 1518/1518
f 1519/1519 1520/1520 1521/1521
f 1522/1522 1523/1523 1524/1524
f 1525/1525 1526/1526 1527/1527
f 1528/1528 1529/1529 1530/1530
f 1531/1531 1532/1532 1533/1533
f 1534/1534 1535/1535 1536/1536
v -4.0907 22.1949 35.5341
v -4.5869 22.1958 36.6765
v -5.5386 25.4108 35.5819
v -4.5869 22.1958 36.6765
v -6.8841 22.3265 36.6387
v -5.5386 25.4108 35.5819
v -6.8841 22.3265 36.6387
v -6.8434 22.3790 34.3384
v -5.5386 25.4108 35.5819
v -6.8434 22.3790 34.3384
v -4.5461 22.2483 34.3762
v -5.5386 25.4108 35.5819
v -4.5461 22.2483 34.3762
v -4.0907 22.1949 35.5341
v -5.5386 25.4108 35.5819
v -4.0907 22.1949 35.5341
v -6.8841 22.3265 36.6387
v -4.5869 22.1958 36.6765
v -4.0907 22.1949 35.5341
v -6.8434 22.3790 34.3384
v -6.8841 22.3265 36.6387
v -4.0907 22.1949 35.5341
v -4.5461 22.2483 34.3762
v -6.8434 22.3790 34.3384
v -4.3461 23.7762 35.5657
v -5.6496 23.8198 36.8271
v -5.4503 26.9725 35.6191
v -5.6496 23.8198 36.8271
v -6.9076 23.9220 35.5236
v -5.4503 26.9725 35.6191
v -6.9076 23.9220 35.5236
v -5.6041 23.8784 34.2622
v -5.4503 26.9725 35.6191
v -5.6041 23.8784 34.2622
v -4.3461 23.7762 35.5657
v -5.4503 26.9725 35.6191
v -4.3461 23.7762 35.5657
v -6.9076 23.9220 35.5236
v -5.6496 23.8198 36.8271
v -4.3461 23.7762 35.5657
v -5.6041 23.8784 34.2622
v -6.9076 23.9220 35.5236
v -4.9092 25.3597 36.2340
v -6.1906 25.4326 36.2129
v -5.3620 28.5342 35.6563
v -6.1906 25.4326 36.2129
v -6.1679 25.4619 34.9298
v -5.3620 28.5342 35.6563
v -6.1679 25.4619 34.9298
v -4.8865 25.3890 34.9509
v -5.3620 28.5342 35.6563
v -4.8865 25.3890 34.9509
v -4.9092 25.3597 36.2340
v -5.3620 28.5342 35.6563
v -4.9092 25.3597 36.2340
v -6.1679 25.4619 34.9298
v -6.1906 25.4326 36.2129
v -4.9092 25.3597 36.2340
v -4.8865 25.3890 34.9509
v -6.1679 25.4619 34.9298
v 46.4147 14.4495 -37.8767
v 46.8480 14.3896 -37.4293
v 46.2555 16.0215 -37.0742
v 46.8480 14.3896 -37.4293
v 46.3919 14.4024 -36.3669
v 46.2555 16.0215 -37.0742
v 46.3919 14.4024 -36.3669
v 45.3362 14.5277 -36.8217
v 46.2555 16.0215 -37.0742
v 45.3362 14.5277 -36.8217
v 45.7924 14.5148 -37.8840
v 46.2555 16.0215 -37.0742
v 45.7924 14.5148 -37.8840
v 46.4147 14.4495 -37.8767
v 46.2555 16.0215 -37.0742
v 46.4147 14.4495 -37.8767
v 46.3919 14.4024 -36.3669
v 46.8480 14.3896 -37.4293
v 46.4147 14.4495 -37.8767
v 45.3362 14.5277 -36.8217
v 46.3919 14.4024 -36.3669
v 46.4147 14.4495 -37.8767
v 45.7924 14.5148 -37.8840
v 45.3362 14.5277 -36.8217
v 46.4281 15.2329 -37.6921
v 46.7624 15.1702 -36.8463
v 46.3372 16.8030 -37.0486
v 46.7624 15.1702 -36.8463
v 45.9195 15.2472 -36.5075
v 46.3372 16.8030 -37.0486
v 45.9195 15.2472 -36.5075
v 45.5853 15.3099 -37.3534
v 46.3372 16.8030 -37.0486
v 45.5853 15.3099 -37.3534
v 46.4281 15.2329 -37.6921
v 46.3372 16.8030 -37.0486
v 46.4281 15.2329 -37.6921
v 45.9195 15.2472 -36.5075
v 46.7624 15.1702 -36.8463
v 46.4281 15.2329 -37.6921
v 45.5853 15.3099 -37.3534
v 45.9195 15.2472 -36.5075
v 46.6772 15.9830 -37.2437
v 46.4227 15.9902 -36.6511
v 46.4189 17.5845 -37.0230
v 46.4227 15.9902 -36.6511
v 45.8339 16.0601 -36.9047
v 46.4189 17.5845 -37.0230
v 45.8339 16.0601 -36.9047
v 46.0883 16.0529 -37.4973
v 46.4189 17.5845 -37.0230
v 46.0883 16.0529 -37.4973
v 46.6772 15.9830 -37.2437
v 46.4189 17.5845 -37.0230
v 46.6772 15.9830 -37.2437
v 45.8339 16.0601 -36.9047
v 46.4227 15.9902 -36.6511
v 46.6772 15.9830 -37.2437
v 46.0883 16.0529 -37.4973
v 45.8339 16.0601 -36.9047
v -11.3103 21.7567 12.5342
v -11.2007 21.7938 11.1836
v -9.4943 25.1103 12.0934
v -11.2007 21.7938 11.1836
v -8.8183 21.7254 10.4130
v -9.4943 25.1103 12.0934
v -8.8183 21.7254 10.4130
v -8.0508 21.6229 12.7951
v -9.4943 25.1103 12.0934
v -8.0508 21.6229 12.7951
v -10.4331 21.6913 13.5657
v -9.4943 25.1103 12.0934
v -10.4331 21.6913 13.5657
v -11.3103 21.7567 12.5342
v -9.4943 25.1103 12.0934
v -11.3103 21.7567 12.5342
v -8.8183 21.7254 10.4130
v -11.2007 21.7938 11.1836
v -11.3103 21.7567 12.5342
v -8.0508 21.6229 12.7951
v -8.8183 21.7254 10.4130
v -11.3103 21.7567 12.5342
v -10.4331 21.6913 13.5657
v -8.0508 21.6229 12.7951
v -10.8882 23.4475 12.4710
v -9.9879 23.4665 10.7133
v -9.4286 26.8112 12.1455
v -9.9879 23.4665 10.7133
v -8.2318 23.3711 11.6118
v -9.4286 26.8112 12.1455
v -8.2318 23.3711 11.6118
v -9.1321 23.3521 13.3695
v -9.4286 26.8112 12.1455
v -9.1321 23.3521 13.3695
v -10.8882 23.4475 12.4710
v -9.4286 26.8112 12.1455
v -10.8882 23.4475 12.4710
v -8.2318 23.3711 11.6118
v -9.9879 23.4665 10.7133
v -10.8882 23.4475 12.4710
v -9.1321 23.3521 13.3695
v -8.2318 23.3711 11.6118
v -10.3728 25.1579 11.6440
v -9.0440 25.1198 11.2142
v -9.3629 28.5122 12.1975
v -9.0440 25.1198 11.2142
v -8.6158 25.0626 12.5429
v -9.3629 28.5122 12.1975
v -8.6158 25.0626 12.5429
v -9.9447 25.1007 12.9727
v -9.3629 28.5122 12.1975
v -9.9447 25.1007 12.9727
v -10.3728 25.1579 11.6440
v -9.3629 28.5122 12.1975
v -10.3728 25.1579 11.6440
v -8.6158 25.0626 12.5429
v -9.0440 25.1198 11.2142
v -10.3728 25.1579 11.6440
v -9.9447 25.1007 12.9727
v -8.6158 25.0626 12.5429
v 44.2912 15.0184 -42.6659
v 43.7373 15.0800 -41.9975
v 43.2314 17.1840 -43.1771
v 43.7373 15.0800 -41.9975
v 42.1999 15.0608 -42.4684
v 43.2314 17.1840 -43.1771
v 42.1999 15.0608 -42.4684
v 42.6708 14.9296 -44.0004
v 43.2314 17.1840 -43.1771
v 42.6708 14.9296 -44.0004
v 44.2082 14.9488 -43.5294
v 43.2314 17.1840 -43.1771
v 44.2082 14.9488 -43.5294
v 44.2912 15.0184 -42.6659
v 43.2314 17.1840 -43.1771
v 44.2912 15.0184 -42.6659
v 42.1999 15.0608 -42.4684
v 43.7373 15.0800 -41.9975
v 44.2912 15.0184 -42.6659
v 42.6708 14.9296 -44.0004
v 42.1999 15.0608 -42.4684
v 44.2912 15.0184 -42.6659
v 44.2082 14.9488 -43.5294
v 42.6708 14.9296 -44.0004
v 44.0749 16.1051 -42.8255
v 42.9552 16.1675 -42.2339
v 43.2451 18.2736 -43.2662
v 42.9552 16.1675 -42.2339
v 42.3606 16.0837 -43.3505
v 43.2451 18.2736 -43.2662
v 42.3606 16.0837 -43.3505
v 43.4803 16.0212 -43.9421
v 43.2451 18.2736 -43.2662
v 43.4803 16.0212 -43.9421
v 44.0749 16.1051 -42.8255
v 43.2451 18.2736 -43.2662
v 44.0749 16.1051 -42.8255
v 42.3606 16.0837 -43.3505
v 42.9552 16.1675 -42.2339
v 44.0749 16.1051 -42.8255
v 43.4803 16.0212 -43.9421
v 42.3606 16.0837 -43.3505
v 43.5289 17.2259 -42.6185
v 42.6713 17.2152 -42.8812
v 43.2588 19.3632 -43.3553
v 42.6713 17.2152 -42.8812
v 42.9340 17.1420 -43.7357
v 43.2588 19.3632 -43.3553
v 42.9340 17.1420 -43.7357
v 43.7915 17.1527 -43.4730
v 43.2588 19.3632 -43.3553
v 43.7915 17.1527 -43.4730
v 43.5289 17.2259 -42.6185
v 43.2588 19.3632 -43.3553
v 43.5289 17.2259 -42.6185
v 42.9340 17.1420 -43.7357
v 42.6713 17.2152 -42.8812
v 43.5289 17.2259 -42.6185
v 43.7915 17.1527 -43.4730
v 42.9340 17.1420 -43.7357
v 9.8616 17.9134 -50.6754
v 11.2905 17.9655 -51.3882
v 11.3887 21.8762 -49.1147
v 11.2905 17.9655 -51.3882
v 13.5204 17.8998 -49.4547
v 11.3887 21.8762 -49.1147
v 13.5204 17.8998 -49.4547
v 11.5862 17.7683 -47.2284
v 11.3887 21.8762 -49.1147
v 11.5862 17.7683 -47.2284
v 9.3563 17.8340 -49.1619
v 11.3887 21.8762 -49.1147
v 9.3563 17.8340 -49.1619
v 9.8616 17.9134 -50.6754
v 11.3887 21.8762 -49.1147
v 9.8616 17.9134 -50.6754
v 13.5204 17.8998 -49.4547
v 11.2905 17.9655 -51.3882
v 9.8616 17.9134 -50.6754
v 11.5862 17.7683 -47.2284
v 13.5204 17.8998 -49.4547
v 9.8616 17.9134 -50.6754
v 9.3563 17.8340 -49.1619
v 11.5862 17.7683 -47.2284
v 10.1703 19.9082 -50.2894
v 12.4919 19.9449 -50.4527
v 11.3639 23.8809 -49.0179
v 12.4919 19.9449 -50.4527
v 12.6568 19.8349 -48.1336
v 11.3639 23.8809 -49.0179
v 12.6568 19.8349 -48.1336
v 10.3352 19.7982 -47.9703
v 11.3639 23.8809 -49.0179
v 10.3352 19.7982 -47.9703
v 10.1703 19.9082 -50.2894
v 11.3639 23.8809 -49.0179
v 10.1703 19.9082 -50.2894
v 12.6568 19.8349 -48.1336
v 12.4919 19.9449 -50.4527
v 10.1703 19.9082 -50.2894
v 10.3352 19.7982 -47.9703
v 12.6568 19.8349 -48.1336
v 11.3062 21.9312 -50.2748
v 12.5501 21.8945 -49.1964
v 11.3391 25.8855 -48.9210
v 12.5501 21.8945 -49.1964
v 11.4712 21.8212 -47.9545
v 11.3391 25.8855 -48.9210
v 11.4712 21.8212 -47.9545
v 10.2274 21.8579 -49.0330
v 11.3391 25.8855 -48.9210
v 10.2274 21.8579 -49.0330
v 11.3062 21.9312 -50.2748
v 11.3391 25.8855 -48.9210
v 11.3062 21.9312 -50.2748
v 11.4712 21.8212 -47.9545
v 12.5501 21.8945 -49.1964
v 11.3062 21.9312 -50.2748
v 10.2274 21.8579 -49.0330
v 11.4712 21.8212 -47.9545
v 47.0569 13.8673 -1.2839
v 46.1574 13.9904 -1.7442
v 47.4966 16.3984 -2.5914
v 46.1574 13.9904 -1.7442
v 46.3019 13.9848 -3.6194
v 47.4966 16.3984 -2.5914
v 46.3019 13.9848 -3.6194
v 48.1606 13.7362 -3.4755
v 47.4966 16.3984 -2.5914
v 48.1606 13.7362 -3.4755
v 48.0161 13.7418 -1.6002
v 47.4966 16.3984 -2.5914
v 48.0161 13.7418 -1.6002
v 47.0569 13.8673 -1.2839
v 47.4966 16.3984 -2.5914
v 47.0569 13.8673 -1.2839
v 46.3019 13.9848 -3.6194
v 46.1574 13.9904 -1.7442
v 47.0569 13.8673 -1.2839
v 48.1606 13.7362 -3.4755
v 46.3019 13.9848 -3.6194
v 47.0569 13.8673 -1.2839
v 48.0161 13.7418 -1.6002
v 48.1606 13.7362 -3.4755
v 47.2472 15.1340 -1.5552
v 46.2915 15.2694 -2.6809
v 47.6654 17.6659 -2.5822
v 46.2915 15.2694 -2.6809
v 47.4084 15.1277 -3.6461
v 47.6654 17.6659 -2.5822
v 47.4084 15.1277 -3.6461
v 48.3641 14.9923 -2.5204
v 47.6654 17.6659 -2.5822
v 48.3641 14.9923 -2.5204
v 47.2472 15.1340 -1.5552
v 47.6654 17.6659 -2.5822
v 47.2472 15.1340 -1.5552
v 47.4084 15.1277 -3.6461
v 46.2915 15.2694 -2.6809
v 47.2472 15.1340 -1.5552
v 48.3641 14.9923 -2.5204
v 47.4084 15.1277 -3.6461
v 46.9379 16.4693 -2.1086
v 47.0185 16.4661 -3.1546
v 47.8341 18.9334 -2.5731
v 47.0185 16.4661 -3.1546
v 48.0553 16.3275 -3.0743
v 47.8341 18.9334 -2.5731
v 48.0553 16.3275 -3.0743
v 47.9747 16.3306 -2.0283
v 47.8341 18.9334 -2.5731
v 47.9747 16.3306 -2.0283
v 46.9379 16.4693 -2.1086
v 47.8341 18.9334 -2.5731
v 46.9379 16.4693 -2.1086
v 48.0553 16.3275 -3.0743
v 47.0185 16.4661 -3.1546
v 46.9379 16.4693 -2.1086
v 47.9747 16.3306 -2.0283
v 48.0553 16.3275 -3.0743
v -15.4116 23.2788 26.4630
v -15.0488 23.2177 27.7744
v -16.6665 26.7180 27.6777
v -15.0488 23.2177 27.7744
v -17.0311 23.2490 29.3245
v -16.6665 26.7180 27.6777
v -17.0311 23.2490 29.3245
v -18.5779 23.3843 27.3438
v -16.6665 26.7180 27.6777
v -18.5779 23.3843 27.3438
v -16.5955 23.3529 25.7937
v -16.6665 26.7180 27.6777
v -16.5955 23.3529 25.7937
v -15.4116 23.2788 26.4630
v -16.6665 26.7180 27.6777
v -15.4116 23.2788 26.4630
v -17.0311 23.2490 29.3245
v -15.0488 23.2177 27.7744
v -15.4116 23.2788 26.4630
v -18.5779 23.3843 27.3438
v -17.0311 23.2490 29.3245
v -15.4116 23.2788 26.4630
v -16.5955 23.3529 25.7937
v -18.5779 23.3843 27.3438
v -15.6347 24.9920 26.7542
v -15.8776 24.9341 28.7227
v -16.5931 28.4265 27.7371
v -15.8776 24.9341 28.7227
v -17.8451 25.0270 28.4827
v -16.5931 28.4265 27.7371
v -17.8451 25.0270 28.4827
v -17.6022 25.0849 26.5142
v -16.5931 28.4265 27.7371
v -17.6022 25.0849 26.5142
v -15.6347 24.9920 26.7542
v -16.5931 28.4265 27.7371
v -15.6347 24.9920 26.7542
v -17.8451 25.0270 28.4827
v -15.8776 24.9341 28.7227
v -15.6347 24.9920 26.7542
v -17.6022 25.0849 26.5142
v -17.8451 25.0270 28.4827
v -15.6823 26.6715 27.7978
v -16.7880 26.6890 28.6625
v -16.5197 30.1350 27.7964
v -16.7880 26.6890 28.6625
v -17.6508 26.7644 27.5577
v -16.5197 30.1350 27.7964
v -17.6508 26.7644 27.5577
v -16.5450 26.7469 26.6930
v -16.5197 30.1350 27.7964
v -16.5450 26.7469 26.6930
v -15.6823 26.6715 27.7978
v -16.5197 30.1350 27.7964
v -15.6823 26.6715 27.7978
v -17.6508 26.7644 27.5577
v -16.7880 26.6890 28.6625
v -15.6823 26.6715 27.7978
v -16.5450 26.7469 26.6930
v -17.6508 26.7644 27.5577
v -2.9043 18.8766 -46.2749
v -2.7630 18.8787 -45.4242
v -3.8784 21.0359 -45.6812
v -2.7630 18.8787 -45.4242
v -4.1152 18.8683 -44.5814
v -3.8784 21.0359 -45.6812
v -4.1152 18.8683 -44.5814
v -4.9579 18.8599 -45.9337
v -3.8784 21.0359 -45.6812
v -4.9579 18.8599 -45.9337
v -3.6057 18.8703 -46.7765
v -3.8784 21.0359 -45.6812
v -3.6057 18.8703 -46.7765
v -2.9043 18.8766 -46.2749
v -3.8784 21.0359 -45.6812
v -2.9043 18.8766 -46.2749
v -4.1152 18.8683 -44.5814
v -2.7630 18.8787 -45.4242
v -2.9043 18.8766 -46.2749
v -4.9579 18.8599 -45.9337
v -4.1152 18.8683 -44.5814
v -2.9043 18.8766 -46.2749
v -3.6057 18.8703 -46.7765
v -4.9579 18.8599 -45.9337
v -3.1156 19.9584 -46.1499
v -3.3996 19.9573 -44.9262
v -3.8875 22.1192 -45.6823
v -3.3996 19.9573 -44.9262
v -4.6233 19.9468 -45.2102
v -3.8875 22.1192 -45.6823
v -4.6233 19.9468 -45.2102
v -4.3393 19.9479 -46.4340
v -3.8875 22.1192 -45.6823
v -4.3393 19.9479 -46.4340
v -3.1156 19.9584 -46.1499
v -3.8875 22.1192 -45.6823
v -3.1156 19.9584 -46.1499
v -4.6233 19.9468 -45.2102
v -3.3996 19.9573 -44.9262
v -3.1156 19.9584 -46.1499
v -4.3393 19.9479 -46.4340
v -4.6233 19.9468 -45.2102
v -3.2663 21.0412 -45.5391
v -4.0205 21.0354 -45.0690
v -3.8965 23.2025 -45.6834
v -4.0205 21.0354 -45.0690
v -4.4906 21.0307 -45.8233
v -3.8965 23.2025 -45.6834
v -4.4906 21.0307 -45.8233
v -3.7364 21.0365 -46.2934
v -3.8965 23.2025 -45.6834
v -3.7364 21.0365 -46.2934
v -3.2663 21.0412 -45.5391
v -3.8965 23.2025 -45.6834
v -3.2663 21.0412 -45.5391
v -4.4906 21.0307 -45.8233
v -4.0205 21.0354 -45.0690
v -3.2663 21.0412 -45.5391
v -3.7364 21.0365 -46.2934
v -4.4906 21.0307 -45.8233
v 12.2359 19.4974 47.3303
v 11.6210 19.4868 46.2920
v 13.0056 22.6077 46.1415
v 11.6210 19.4868 46.2920
v 12.9549 19.6056 44.5091
v 13.0056 22.6077 46.1415
v 12.9549 19.6056 44.5091
v 14.7372 19.6760 45.8472
v 13.0056 22.6077 46.1415
v 14.7372 19.6760 45.8472
v 13.4033 19.5572 47.6302
v 13.0056 22.6077 46.1415
v 13.4033 19.5572 47.6302
v 12.2359 19.4974 47.3303
v 13.0056 22.6077 46.1415
v 12.2359 19.4974 47.3303
v 12.9549 19.6056 44.5091
v 11.6210 19.4868 46.2920
v 12.2359 19.4974 47.3303
v 14.7372 19.6760 45.8472
v 12.9549 19.6056 44.5091
v 12.2359 19.4974 47.3303
v 13.4033 19.5572 47.6302
v 14.7372 19.6760 45.8472
v 12.3486 21.0283 47.0996
v 12.0987 21.0553 45.3595
v 12.9188 24.1209 46.1774
v 12.0987 21.0553 45.3595
v 13.8360 21.1608 45.1115
v 12.9188 24.1209 46.1774
v 13.8360 21.1608 45.1115
v 14.0860 21.1338 46.8516
v 12.9188 24.1209 46.1774
v 14.0860 21.1338 46.8516
v 12.3486 21.0283 47.0996
v 12.9188 24.1209 46.1774
v 12.3486 21.0283 47.0996
v 13.8360 21.1608 45.1115
v 12.0987 21.0553 45.3595
v 12.3486 21.0283 47.0996
v 14.0860 21.1338 46.8516
v 13.8360 21.1608 45.1115
v 12.1365 22.5550 46.2655
v 12.8805 22.6212 45.2710
v 12.8321 25.6341 46.2134
v 12.8805 22.6212 45.2710
v 13.8747 22.6605 46.0175
v 12.8321 25.6341 46.2134
v 13.8747 22.6605 46.0175
v 13.1306 22.5942 47.0119
v 12.8321 25.6341 46.2134
v 13.1306 22.5942 47.0119
v 12.1365 22.5550 46.2655
v 12.8321 25.6341 46.2134
v 12.1365 22.5550 46.2655
v 13.8747 22.6605 46.0175
v 12.8805 22.6212 45.2710
v 12.1365 22.5550 46.2655
v 13.1306 22.5942 47.0119
v 13.8747 22.6605 46.0175
v 11.7637 19.7285 38.3323
v 13.0697 19.6493 38.8865
v 11.9645 23.2927 40.1894
v 13.0697 19.6493 38.8865
v 13.0486 19.6500 41.5120
v 11.9645 23.2927 40.1894
v 13.0486 19.6500 41.5120
v 10.4279 19.8087 41.4909
v 11.9645 23.2927 40.1894
v 10.4279 19.8087 41.4909
v 10.4490 19.8080 38.8654
v 11.9645 23.2927 40.1894
v 10.4490 19.8080 38.8654
v 11.7637 19.7285 38.3323
v 11.9645 23.2927 40.1894
v 11.7637 19.7285 38.3323
v 13.0486 19.6500 41.5120
v 13.0697 19.6493 38.8865
v 11.7637 19.7285 38.3323
v 10.4279 19.8087 41.4909
v 13.0486 19.6500 41.5120
v 11.7637 19.7285 38.3323
v 10.4490 19.8080 38.8654
v 10.4279 19.8087 41.4909
v 11.8684 21.5104 38.7253
v 13.3177 21.4224 40.2008
v 12.0724 25.0745 40.1898
v 13.3177 21.4224 40.2008
v 11.8449 21.5112 41.6528
v 12.0724 25.0745 40.1898
v 11.8449 21.5112 41.6528
v 10.3956 21.5993 40.1773
v 12.0724 25.0745 40.1898
v 10.3956 21.5993 40.1773
v 11.8684 21.5104 38.7253
v 12.0724 25.0745 40.1898
v 11.8684 21.5104 38.7253
v 11.8449 21.5112 41.6528
v 13.3177 21.4224 40.2008
v 11.8684 21.5104 38.7253
v 10.3956 21.5993 40.1773
v 11.8449 21.5112 41.6528
v 12.7013 23.2482 39.4631
v 12.6895 23.2486 40.9275
v 12.1803 26.8563 40.1901
v 12.6895 23.2486 40.9275
v 11.2278 23.3371 40.9158
v 12.1803 26.8563 40.1901
v 11.2278 23.3371 40.9158
v 11.2395 23.3367 39.4513
v 12.1803 26.8563 40.1901
v 11.2395 23.3367 39.4513
v 12.7013 23.2482 39.4631
v 12.1803 26.8563 40.1901
v 12.7013 23.2482 39.4631
v 11.2278 23.3371 40.9158
v 12.6895 23.2486 40.9275
v 12.7013 23.2482 39.4631
v 11.2395 23.3367 39.4513
v 11.2278 23.3371 40.9158
v 35.3046 16.0641 -48.9282
v 35.6492 16.0603 -47.5304
v 33.6846 19.6244 -47.7780
v 35.6492 16.0603 -47.5304
v 33.5076 15.9822 -45.9542
v 33.6846 19.6244 -47.7780
v 33.5076 15.9822 -45.9542
v 31.9314 15.9573 -48.0970
v 33.6846 19.6244 -47.7780
v 31.9314 15.9573 -48.0970
v 34.0729 16.0354 -49.6732
v 33.6846 19.6244 -47.7780
v 34.0729 16.0354 -49.6732
v 35.3046 16.0641 -48.9282
v 33.6846 19.6244 -47.7780
v 35.3046 16.0641 -48.9282
v 33.5076 15.9822 -45.9542
v 35.6492 16.0603 -47.5304
v 35.3046 16.0641 -48.9282
v 31.9314 15.9573 -48.0970
v 33.5076 15.9822 -45.9542
v 35.3046 16.0641 -48.9282
v 34.0729 16.0354 -49.6732
v 31.9314 15.9573 -48.0970
v 34.9314 17.8602 -48.6746
v 34.6162 17.8305 -46.6012
v 33.6318 21.4323 -47.7601
v 34.6162 17.8305 -46.6012
v 32.5435 17.7731 -46.9171
v 33.6318 21.4323 -47.7601
v 32.5435 17.7731 -46.9171
v 32.8587 17.8028 -48.9905
v 33.6318 21.4323 -47.7601
v 32.8587 17.8028 -48.9905
v 34.9314 17.8602 -48.6746
v 33.6318 21.4323 -47.7601
v 34.9314 17.8602 -48.6746
v 32.5435 17.7731 -46.9171
v 34.6162 17.8305 -46.6012
v 34.9314 17.8602 -48.6746
v 32.8587 17.8028 -48.9905
v 32.5435 17.7731 -46.9171
v 34.7215 19.6532 -47.6200
v 33.5270 19.6096 -46.7408
v 33.5790 23.2401 -47.7423
v 33.5270 19.6096 -46.7408
v 32.6478 19.5957 -47.9360
v 33.5790 23.2401 -47.7423
v 32.6478 19.5957 -47.9360
v 33.8423 19.6393 -48.8152
v 33.5790 23.2401 -47.7423
v 33.8423 19.6393 -48.8152
v 34.7215 19.6532 -47.6200
v 33.5790 23.2401 -47.7423
v 34.7215 19.6532 -47.6200
v 32.6478 19.5957 -47.9360
v 33.5270 19.6096 -46.7408
v 34.7215 19.6532 -47.6200
v 33.8423 19.6393 -48.8152
v 32.6478 19.5957 -47.9360
v -3.3803 20.5312 25.7021
v -2.9476 20.4462 25.0807
v -2.2978 22.3977 25.7333
v -2.9476 20.4462 25.0807
v -1.5735 20.3952 25.3836
v -2.2978 22.3977 25.7333
v -1.5735 20.3952 25.3836
v -1.8698 20.5442 26.7520
v -2.2978 22.3977 25.7333
v -1.8698 20.5442 26.7520
v -3.2438 20.5951 26.4490
v -2.2978 22.3977 25.7333
v -3.2438 20.5951 26.4490
v -3.3803 20.5312 25.7021
v -2.2978 22.3977 25.7333
v -3.3803 20.5312 25.7021
v -1.5735 20.3952 25.3836
v -2.9476 20.4462 25.0807
v -3.3803 20.5312 25.7021
v -1.8698 20.5442 26.7520
v -1.5735 20.3952 25.3836
v -3.3803 20.5312 25.7021
v -3.2438 20.5951 26.4490
v -1.8698 20.5442 26.7520
v -3.1193 21.4749 25.6559
v -2.1881 21.3634 25.0619
v -2.2423 23.3490 25.6417
v -2.1881 21.3634 25.0619
v -1.5872 21.4180 25.9937
v -2.2423 23.3490 25.6417
v -1.5872 21.4180 25.9937
v -2.5184 21.5295 26.5877
v -2.2423 23.3490 25.6417
v -2.5184 21.5295 26.5877
v -3.1193 21.4749 25.6559
v -2.2423 23.3490 25.6417
v -3.1193 21.4749 25.6559
v -1.5872 21.4180 25.9937
v -2.1881 21.3634 25.0619
v -3.1193 21.4749 25.6559
v -2.5184 21.5295 26.5877
v -1.5872 21.4180 25.9937
v -2.5984 22.3704 25.2671
v -1.8319 22.3420 25.4361
v -2.1868 24.3003 25.5502
v -1.8319 22.3420 25.4361
v -1.9972 22.4251 26.1994
v -2.1868 24.3003 25.5502
v -1.9972 22.4251 26.1994
v -2.7636 22.4535 26.0304
v -2.1868 24.3003 25.5502
v -2.7636 22.4535 26.0304
v -2.5984 22.3704 25.2671
v -2.1868 24.3003 25.5502
v -2.5984 22.3704 25.2671
v -1.9972 22.4251 26.1994
v -1.8319 22.3420 25.4361
v -2.5984 22.3704 25.2671
v -2.7636 22.4535 26.0304
v -1.9972 22.4251 26.1994
v 3.9200 18.3530 -36.6360
v 5.0229 18.3665 -36.5220
v 4.2988 21.1395 -35.2379
v 5.0229 18.3665 -36.5220
v 5.6084 18.3671 -34.5584
v 4.2988 21.1395 -35.2379
v 5.6084 18.3671 -34.5584
v 3.6449 18.3404 -33.9730
v 4.2988 21.1395 -35.2379
v 3.6449 18.3404 -33.9730
v 3.0594 18.3397 -35.9366
v 4.2988 21.1395 -35.2379
v 3.0594 18.3397 -35.9366
v 3.9200 18.3530 -36.6360
v 4.2988 21.1395 -35.2379
v 3.9200 18.3530 -36.6360
v 5.6084 18.3671 -34.5584
v 5.0229 18.3665 -36.5220
v 3.9200 18.3530 -36.6360
v 3.6449 18.3404 -33.9730
v 5.6084 18.3671 -34.5584
v 3.9200 18.3530 -36.6360
v 3.0594 18.3397 -35.9366
v 3.6449 18.3404 -33.9730
v 3.9899 19.7461 -36.3375
v 5.4110 19.7614 -35.5691
v 4.2812 22.5325 -35.2332
v 5.4110 19.7614 -35.5691
v 4.6427 19.7468 -34.1480
v 4.2812 22.5325 -35.2332
v 4.6427 19.7468 -34.1480
v 3.2217 19.7315 -34.9163
v 4.2812 22.5325 -35.2332
v 3.2217 19.7315 -34.9163
v 3.9899 19.7461 -36.3375
v 4.2812 22.5325 -35.2332
v 3.9899 19.7461 -36.3375
v 4.6427 19.7468 -34.1480
v 5.4110 19.7614 -35.5691
v 3.9899 19.7461 -36.3375
v 3.2217 19.7315 -34.9163
v 4.6427 19.7468 -34.1480
v 4.6831 21.1468 -35.9489
v 5.0096 21.1472 -34.8536
v 4.2636 23.9256 -35.2284
v 5.0096 21.1472 -34.8536
v 3.9144 21.1322 -34.5270
v 4.2636 23.9256 -35.2284
v 3.9144 21.1322 -34.5270
v 3.5879 21.1319 -35.6223
v 4.2636 23.9256 -35.2284
v 3.5879 21.1319 -35.6223
v 4.6831 21.1468 -35.9489
v 4.2636 23.9256 -35.2284
v 4.6831 21.1468 -35.9489
v 3.9144 21.1322 -34.5270
v 5.0096 21.1472 -34.8536
v 4.6831 21.1468 -35.9489
v 3.5879 21.1319 -35.6223
v 3.9144 21.1322 -34.5270
v -16.5787 22.0225 19.9900
v -16.1095 22.0076 19.3217
v -15.6133 24.1200 20.1222
v -16.1095 22.0076 19.3217
v -14.6378 22.0773 19.6478
v -15.6133 24.1200 20.1222
v -14.6378 22.0773 19.6478
v -14.9666 22.1359 21.1194
v -15.6133 24.1200 20.1222
v -14.9666 22.1359 21.1194
v -16.4383 22.0662 20.7933
v -15.6133 24.1200 20.1222
v -16.4383 22.0662 20.7933
v -16.5787 22.0225 19.9900
v -15.6133 24.1200 20.1222
v -16.5787 22.0225 19.9900
v -14.6378 22.0773 19.6478
v -16.1095 22.0076 19.3217
v -16.5787 22.0225 19.9900
v -14.9666 22.1359 21.1194
v -14.6378 22.0773 19.6478
v -16.5787 22.0225 19.9900
v -16.4383 22.0662 20.7933
v -14.9666 22.1359 21.1194
v -16.3961 23.0570 19.9896
v -15.3923 23.0632 19.3510
v -15.6508 25.1441 20.0731
v -15.3923 23.0632 19.3510
v -14.7551 23.1347 20.3532
v -15.6508 25.1441 20.0731
v -14.7551 23.1347 20.3532
v -15.7589 23.1285 20.9918
v -15.6508 25.1441 20.0731
v -15.7589 23.1285 20.9918
v -16.3961 23.0570 19.9896
v -15.6508 25.1441 20.0731
v -16.3961 23.0570 19.9896
v -14.7551 23.1347 20.3532
v -15.3923 23.0632 19.3510
v -16.3961 23.0570 19.9896
v -15.7589 23.1285 20.9918
v -14.7551 23.1347 20.3532
v -15.9320 24.0842 19.6209
v -15.1111 24.1231 19.8027
v -15.6884 26.1682 20.0239
v -15.1111 24.1231 19.8027
v -15.2945 24.1557 20.6236
v -15.6884 26.1682 20.0239
v -15.2945 24.1557 20.6236
v -16.1154 24.1168 20.4417
v -15.6884 26.1682 20.0239
v -16.1154 24.1168 20.4417
v -15.9320 24.0842 19.6209
v -15.6884 26.1682 20.0239
v -15.9320 24.0842 19.6209
v -15.2945 24.1557 20.6236
v -15.1111 24.1231 19.8027
v -15.9320 24.0842 19.6209
v -16.1154 24.1168 20.4417
v -15.2945 24.1557 20.6236
v 26.8259 16.2511 -24.7604
v 25.8611 16.3036 -25.1077
v 26.9020 18.8311 -26.0993
v 25.8611 16.3036 -25.1077
v 25.7710 16.3093 -27.0027
v 26.9020 18.8311 -26.0993
v 25.7710 16.3093 -27.0027
v 27.6632 16.2066 -27.0930
v 26.9020 18.8311 -26.0993
v 27.6632 16.2066 -27.0930
v 27.7533 16.2009 -25.1980
v 26.9020 18.8311 -26.0993
v 27.7533 16.2009 -25.1980
v 26.8259 16.2511 -24.7604
v 26.9020 18.8311 -26.0993
v 26.8259 16.2511 -24.7604
v 25.7710 16.3093 -27.0027
v 25.8611 16.3036 -25.1077
v 26.8259 16.2511 -24.7604
v 27.6632 16.2066 -27.0930
v 25.7710 16.3093 -27.0027
v 26.8259 16.2511 -24.7604
v 27.7533 16.2009 -25.1980
v 27.6632 16.2066 -27.0930
v 26.8823 17.5399 -25.0433
v 25.7771 17.6003 -26.0495
v 26.9719 20.1191 -26.0988
v 25.7771 17.6003 -26.0495
v 26.7818 17.5463 -27.1563
v 26.9719 20.1191 -26.0988
v 26.7818 17.5463 -27.1563
v 27.8870 17.4859 -26.1501
v 26.9719 20.1191 -26.0988
v 27.8870 17.4859 -26.1501
v 26.8823 17.5399 -25.0433
v 26.9719 20.1191 -26.0988
v 26.8823 17.5399 -25.0433
v 26.7818 17.5463 -27.1563
v 25.7771 17.6003 -26.0495
v 26.8823 17.5399 -25.0433
v 27.8870 17.4859 -26.1501
v 26.7818 17.5463 -27.1563
v 26.3994 18.8581 -25.5456
v 26.3491 18.8613 -26.6026
v 27.0418 21.4071 -26.0982
v 26.3491 18.8613 -26.6026
v 27.4046 18.8040 -26.6530
v 27.0418 21.4071 -26.0982
v 27.4046 18.8040 -26.6530
v 27.4548 18.8009 -25.5960
v 27.0418 21.4071 -26.0982
v 27.4548 18.8009 -25.5960
v 26.3994 18.8581 -25.5456
v 27.0418 21.4071 -26.0982
v 26.3994 18.8581 -25.5456
v 27.4046 18.8040 -26.6530
v 26.3491 18.8613 -26.6026
v 26.3994 18.8581 -25.5456
v 27.4548 18.8009 -25.5960
v 27.4046 18.8040 -26.6530
v 16.2333 16.8004 -44.2772
v 15.3426 16.8188 -43.7319
v 15.1833 19.4466 -45.0808
v 15.3426 16.8188 -43.7319
v 13.7820 16.8503 -44.8671
v 15.1833 19.4466 -45.0808
v 13.7820 16.8503 -44.8671
v 14.9169 16.8265 -46.4280
v 15.1833 19.4466 -45.0808
v 14.9169 16.8265 -46.4280
v 16.4776 16.7951 -45.2928
v 15.1833 19.4466 -45.0808
v 16.4776 16.7951 -45.2928
v 16.2333 16.8004 -44.2772
v 15.1833 19.4466 -45.0808
v 16.2333 16.8004 -44.2772
v 13.7820 16.8503 -44.8671
v 15.3426 16.8188 -43.7319
v 16.2333 16.8004 -44.2772
v 14.9169 16.8265 -46.4280
v 13.7820 16.8503 -44.8671
v 16.2333 16.8004 -44.2772
v 16.4776 16.7951 -45.2928
v 14.9169 16.8265 -46.4280
v 16.0266 18.1171 -44.4475
v 14.5238 18.1479 -44.2101
v 15.2101 20.7586 -45.0813
v 14.5238 18.1479 -44.2101
v 14.2865 18.1522 -45.7133
v 15.2101 20.7586 -45.0813
v 14.2865 18.1522 -45.7133
v 15.7893 18.1214 -45.9506
v 15.2101 20.7586 -45.0813
v 15.7893 18.1214 -45.9506
v 16.0266 18.1171 -44.4475
v 15.2101 20.7586 -45.0813
v 16.0266 18.1171 -44.4475
v 14.2865 18.1522 -45.7133
v 14.5238 18.1479 -44.2101
v 16.0266 18.1171 -44.4475
v 15.7893 18.1214 -45.9506
v 14.2865 18.1522 -45.7133
v 15.3020 19.4445 -44.3289
v 14.4316 19.4620 -44.9621
v 15.2369 22.0706 -45.0818
v 14.4316 19.4620 -44.9621
v 15.0646 19.4488 -45.8328
v 15.2369 22.0706 -45.0818
v 15.0646 19.4488 -45.8328
v 15.9351 19.4312 -45.1996
v 15.2369 22.0706 -45.0818
v 15.9351 19.4312 -45.1996
v 15.3020 19.4445 -44.3289
v 15.2369 22.0706 -45.0818
v 15.3020 19.4445 -44.3289
v 15.0646 19.4488 -45.8328
v 14.4316 19.4620 -44.9621
v 15.3020 19.4445 -44.3289
v 15.9351 19.4312 -45.1996
v 15.0646 19.4488 -45.8328
v 50.1561 13.9824 -20.3016
v 49.8531 13.9920 -19.5515
v 49.0330 15.9791 -20.3446
v 49.8531 13.9920 -19.5515
v 48.3590 13.9434 -19.5374
v 49.0330 15.9791 -20.3446
v 48.3590 13.9434 -19.5374
v 48.3461 13.9040 -21.0318
v 49.0330 15.9791 -20.3446
v 48.3461 13.9040 -21.0318
v 49.8402 13.9526 -21.0459
v 49.0330 15.9791 -20.3446
v 49.8402 13.9526 -21.0459
v 50.1561 13.9824 -20.3016
v 49.0330 15.9791 -20.3446
v 50.1561 13.9824 -20.3016
v 48.3590 13.9434 -19.5374
v 49.8531 13.9920 -19.5515
v 50.1561 13.9824 -20.3016
v 48.3461 13.9040 -21.0318
v 48.3590 13.9434 -19.5374
v 50.1561 13.9824 -20.3016
v 49.8402 13.9526 -21.0459
v 48.3461 13.9040 -21.0318
v 49.8993 14.9907 -20.3260
v 49.0735 14.9855 -19.4850
v 48.9997 16.9946 -20.3711
v 49.0735 14.9855 -19.4850
v 48.2333 14.9365 -20.3103
v 48.9997 16.9946 -20.3711
v 48.2333 14.9365 -20.3103
v 49.0592 14.9416 -21.1513
v 48.9997 16.9946 -20.3711
v 49.0592 14.9416 -21.1513
v 49.8993 14.9907 -20.3260
v 48.9997 16.9946 -20.3711
v 49.8993 14.9907 -20.3260
v 48.2333 14.9365 -20.3103
v 49.0735 14.9855 -19.4850
v 49.8993 14.9907 -20.3260
v 49.0592 14.9416 -21.1513
v 48.2333 14.9365 -20.3103
v 49.4533 16.0036 -19.9318
v 48.6199 15.9765 -19.9239
v 48.9664 18.0102 -20.3976
v 48.6199 15.9765 -19.9239
v 48.6127 15.9546 -20.7575
v 48.9664 18.0102 -20.3976
v 48.6127 15.9546 -20.7575
v 49.4461 15.9817 -20.7653
v 48.9664 18.0102 -20.3976
v 49.4461 15.9817 -20.7653
v 49.4533 16.0036 -19.9318
v 48.9664 18.0102 -20.3976
v 49.4533 16.0036 -19.9318
v 48.6127 15.9546 -20.7575
v 48.6199 15.9765 -19.9239
v 49.4533 16.0036 -19.9318
v 49.4461 15.9817 -20.7653
v 48.6127 15.9546 -20.7575
v -10.6820 22.3021 34.3637
v -9.8122 22.2710 34.5225
v -10.3607 24.5112 35.5013
v -9.8122 22.2710 34.5225
v -9.4684 22.2534 36.1206
v -10.3607 24.5112 35.5013
v -9.4684 22.2534 36.1206
v -11.0656 22.3084 36.4648
v -10.3607 24.5112 35.5013
v -11.0656 22.3084 36.4648
v -11.4094 22.3260 34.8667
v -10.3607 24.5112 35.5013
v -11.4094 22.3260 34.8667
v -10.6820 22.3021 34.3637
v -10.3607 24.5112 35.5013
v -10.6820 22.3021 34.3637
v -9.4684 22.2534 36.1206
v -9.8122 22.2710 34.5225
v -10.6820 22.3021 34.3637
v -11.0656 22.3084 36.4648
v -9.4684 22.2534 36.1206
v -10.6820 22.3021 34.3637
v -11.4094 22.3260 34.8667
v -11.0656 22.3084 36.4648
v -10.5915 23.4103 34.6065
v -9.5093 23.3698 35.3056
v -10.3216 25.6220 35.5051
v -9.5093 23.3698 35.3056
v -10.2081 23.3906 36.3884
v -10.3216 25.6220 35.5051
v -10.2081 23.3906 36.3884
v -11.2902 23.4311 35.6894
v -10.3216 25.6220 35.5051
v -11.2902 23.4311 35.6894
v -10.5915 23.4103 34.6065
v -10.3216 25.6220 35.5051
v -10.5915 23.4103 34.6065
v -10.2081 23.3906 36.3884
v -9.5093 23.3698 35.3056
v -10.5915 23.4103 34.6065
v -11.2902 23.4311 35.6894
v -10.2081 23.3906 36.3884
v -10.0111 24.5008 34.9596
v -9.8194 24.4909 35.8510
v -10.2825 26.7327 35.5089
v -9.8194 24.4909 35.8510
v -10.7102 24.5217 36.0430
v -10.2825 26.7327 35.5089
v -10.7102 24.5217 36.0430
v -10.9020 24.5315 35.1516
v -10.2825 26.7327 35.5089
v -10.9020 24.5315 35.1516
v -10.0111 24.5008 34.9596
v -10.2825 26.7327 35.5089
v -10.0111 24.5008 34.9596
v -10.7102 24.5217 36.0430
v -9.8194 24.4909 35.8510
v -10.0111 24.5008 34.9596
v -10.9020 24.5315 35.1516
v -10.7102 24.5217 36.0430
v 37.8057 14.5836 28.9394
v 37.2096 14.5937 28.3421
v 38.2449 16.7102 27.9412
v 37.2096 14.5937 28.3421
v 37.8080 14.6027 26.9021
v 38.2449 16.7102 27.9412
v 37.8080 14.6027 26.9021
v 39.2479 14.5861 27.5004
v 38.2449 16.7102 27.9412
v 39.2479 14.5861 27.5004
v 38.6495 14.5771 28.9403
v 38.2449 16.7102 27.9412
v 38.6495 14.5771 28.9403
v 37.8057 14.5836 28.9394
v 38.2449 16.7102 27.9412
v 37.8057 14.5836 28.9394
v 37.8080 14.6027 26.9021
v 37.2096 14.5937 28.3421
v 37.8057 14.5836 28.9394
v 39.2479 14.5861 27.5004
v 37.8080 14.6027 26.9021
v 37.8057 14.5836 28.9394
v 38.6495 14.5771 28.9403
v 39.2479 14.5861 27.5004
v 37.9032 15.6450 28.7340
v 37.4341 15.6593 27.5977
v 38.2530 17.7703 27.9512
v 37.4341 15.6593 27.5977
v 38.5704 15.6551 27.1284
v 38.2530 17.7703 27.9512
v 38.5704 15.6551 27.1284
v 39.0396 15.6408 28.2647
v 38.2530 17.7703 27.9512
v 39.0396 15.6408 28.2647
v 37.9032 15.6450 28.7340
v 38.2530 17.7703 27.9512
v 37.9032 15.6450 28.7340
v 38.5704 15.6551 27.1284
v 37.4341 15.6593 27.5977
v 37.9032 15.6450 28.7340
v 39.0396 15.6408 28.2647
v 38.5704 15.6551 27.1284
v 37.6764 16.7123 28.1759
v 38.0102 16.7173 27.3728
v 38.2610 18.8304 27.9612
v 38.0102 16.7173 27.3728
v 38.8134 16.7080 27.7065
v 38.2610 18.8304 27.9612
v 38.8134 16.7080 27.7065
v 38.4796 16.7030 28.5096
v 38.2610 18.8304 27.9612
v 38.4796 16.7030 28.5096
v 37.6764 16.7123 28.1759
v 38.2610 18.8304 27.9612
v 37.6764 16.7123 28.1759
v 38.8134 16.7080 27.7065
v 38.0102 16.7173 27.3728
v 37.6764 16.7123 28.1759
v 38.4796 16.7030 28.5096
v 38.8134 16.7080 27.7065
v 7.2140 17.8792 -53.0197
v 7.7398 17.8956 -52.1323
v 6.3721 20.4720 -51.9690
v 7.7398 17.8956 -52.1323
v 6.5968 17.8972 -50.6069
v 6.3721 20.4720 -51.9690
v 6.5968 17.8972 -50.6069
v 5.0716 17.8651 -51.7499
v 6.3721 20.4720 -51.9690
v 5.0716 17.8651 -51.7499
v 6.2147 17.8635 -53.2752
v 6.3721 20.4720 -51.9690
v 6.2147 17.8635 -53.2752
v 7.2140 17.8792 -53.0197
v 6.3721 20.4720 -51.9690
v 7.2140 17.8792 -53.0197
v 6.5968 17.8972 -50.6069
v 7.7398 17.8956 -52.1323
v 7.2140 17.8792 -53.0197
v 5.0716 17.8651 -51.7499
v 6.5968 17.8972 -50.6069
v 7.2140 17.8792 -53.0197
v 6.2147 17.8635 -53.2752
v 5.0716 17.8651 -51.7499
v 7.0262 19.1753 -52.8055
v 7.2392 19.1941 -51.3178
v 6.3553 21.7678 -51.9829
v 7.2392 19.1941 -51.3178
v 5.7516 19.1771 -51.1046
v 6.3553 21.7678 -51.9829
v 5.7516 19.1771 -51.1046
v 5.5386 19.1583 -52.5922
v 6.3553 21.7678 -51.9829
v 5.5386 19.1583 -52.5922
v 7.0262 19.1753 -52.8055
v 6.3553 21.7678 -51.9829
v 7.0262 19.1753 -52.8055
v 5.7516 19.1771 -51.1046
v 7.2392 19.1941 -51.3178
v 7.0262 19.1753 -52.8055
v 5.5386 19.1583 -52.5922
v 5.7516 19.1771 -51.1046
v 7.1163 20.4805 -52.0757
v 6.4786 20.4814 -51.2248
v 6.3385 23.0636 -51.9969
v 6.4786 20.4814 -51.2248
v 5.6279 20.4635 -51.8623
v 6.3385 23.0636 -51.9969
v 5.6279 20.4635 -51.8623
v 6.2655 20.4626 -52.7132
v 6.3385 23.0636 -51.9969
v 6.2655 20.4626 -52.7132
v 7.1163 20.4805 -52.0757
v 6.3385 23.0636 -51.9969
v 7.1163 20.4805 -52.0757
v 5.6279 20.4635 -51.8623
v 6.4786 20.4814 -51.2248
v 7.1163 20.4805 -52.0757
v 6.2655 20.4626 -52.7132
v 5.6279 20.4635 -51.8623
v 22.7439 17.9100 38.0903
v 23.8514 18.0384 37.5790
v 23.6153 21.0492 39.2952
v 23.8514 18.0384 37.5790
v 25.5107 18.1437 39.1192
v 23.6153 21.0492 39.2952
v 25.5107 18.1437 39.1192
v 23.9830 17.9304 40.7796
v 23.6153 21.0492 39.2952
v 23.9830 17.9304 40.7796
v 22.3237 17.8251 39.2395
v 23.6153 21.0492 39.2952
v 22.3237 17.8251 39.2395
v 22.7439 17.9100 38.0903
v 23.6153 21.0492 39.2952
v 22.7439 17.9100 38.0903
v 25.5107 18.1437 39.1192
v 23.8514 18.0384 37.5790
v 22.7439 17.9100 38.0903
v 23.9830 17.9304 40.7796
v 25.5107 18.1437 39.1192
v 22.7439 17.9100 38.0903
v 22.3237 17.8251 39.2395
v 23.9830 17.9304 40.7796
v 22.8412 19.4581 38.3786
v 24.6180 19.6357 38.3115
v 23.4643 22.5816 39.3531
v 24.6180 19.6357 38.3115
v 24.6913 19.5755 40.0959
v 23.4643 22.5816 39.3531
v 24.6913 19.5755 40.0959
v 22.9145 19.3979 40.1630
v 23.4643 22.5816 39.3531
v 22.9145 19.3979 40.1630
v 22.8412 19.4581 38.3786
v 23.4643 22.5816 39.3531
v 22.8412 19.4581 38.3786
v 24.6913 19.5755 40.0959
v 24.6180 19.6357 38.3115
v 22.8412 19.4581 38.3786
v 22.9145 19.3979 40.1630
v 24.6913 19.5755 40.0959
v 23.5786 21.0793 38.4025
v 24.5041 21.1380 39.2616
v 23.3133 24.1139 39.4110
v 24.5041 21.1380 39.2616
v 23.6520 21.0191 40.1878
v 23.3133 24.1139 39.4110
v 23.6520 21.0191 40.1878
v 22.7264 20.9603 39.3287
v 23.3133 24.1139 39.4110
v 22.7264 20.9603 39.3287
v 23.5786 21.0793 38.4025
v 23.3133 24.1139 39.4110
v 23.5786 21.0793 38.4025
v 23.6520 21.0191 40.1878
v 24.5041 21.1380 39.2616
v 23.5786 21.0793 38.4025
v 22.7264 20.9603 39.3287
v 23.6520 21.0191 40.1878
v 45.9269 14.7651 -22.2105
v 46.4606 14.7934 -21.1853
v 44.7787 17.5989 -21.0392
v 46.4606 14.7934 -21.1853
v 45.0914 14.7007 -19.5480
v 44.7787 17.5989 -21.0392
v 45.0914 14.7007 -19.5480
v 43.4569 14.6057 -20.9204
v 44.7787 17.5989 -21.0392
v 43.4569 14.6057 -20.9204
v 44.8261 14.6984 -22.5576
v 44.7787 17.5989 -21.0392
v 44.8261 14.6984 -22.5576
v 45.9269 14.7651 -22.2105
v 44.7787 17.5989 -21.0392
v 45.9269 14.7651 -22.2105
v 45.0914 14.7007 -19.5480
v 46.4606 14.7934 -21.1853
v 45.9269 14.7651 -22.2105
v 43.4569 14.6057 -20.9204
v 45.0914 14.7007 -19.5480
v 45.9269 14.7651 -22.2105
v 44.8261 14.6984 -22.5576
v 43.4569 14.6057 -20.9204
v 45.6321 16.2009 -21.9588
v 45.7800 16.2022 -20.2809
v 44.6887 19.0486 -21.0324
v 45.7800 16.2022 -20.2809
v 44.1054 16.0976 -20.1332
v 44.6887 19.0486 -21.0324
v 44.1054 16.0976 -20.1332
v 43.9575 16.0962 -21.8111
v 44.6887 19.0486 -21.0324
v 43.9575 16.0962 -21.8111
v 45.6321 16.2009 -21.9588
v 44.6887 19.0486 -21.0324
v 45.6321 16.2009 -21.9588
v 44.1054 16.0976 -20.1332
v 45.7800 16.2022 -20.2809
v 45.6321 16.2009 -21.9588
v 43.9575 16.0962 -21.8111
v 44.1054 16.0976 -20.1332
v 45.6165 17.6513 -21.1131
v 44.8527 17.5996 -20.1999
v 44.5987 20.4983 -21.0256
v 44.8527 17.5996 -20.1999
v 43.9410 17.5465 -20.9653
v 44.5987 20.4983 -21.0256
v 43.9410 17.5465 -20.9653
v 44.7048 17.5982 -21.8786
v 44.5987 20.4983 -21.0256
v 44.7048 17.5982 -21.8786
v 45.6165 17.6513 -21.1131
v 44.5987 20.4983 -21.0256
v 45.6165 17.6513 -21.1131
v 43.9410 17.5465 -20.9653
v 44.8527 17.5996 -20.1999
v 45.6165 17.6513 -21.1131
v 44.7048 17.5982 -21.8786
v 43.9410 17.5465 -20.9653
v 32.4524 15.3512 6.8404
v 31.8337 15.4328 7.5107
v 31.5682 17.7414 6.3590
v 31.8337 15.4328 7.5107
v 30.2544 15.5768 6.9202
v 31.5682 17.7414 6.3590
v 30.2544 15.5768 6.9202
v 30.8377 15.4733 5.3351
v 31.5682 17.7414 6.3590
v 30.8377 15.4733 5.3351
v 32.4169 15.3293 5.9256
v 31.5682 17.7414 6.3590
v 32.4169 15.3293 5.9256
v 32.4524 15.3512 6.8404
v 31.5682 17.7414 6.3590
v 32.4524 15.3512 6.8404
v 30.2544 15.5768 6.9202
v 31.8337 15.4328 7.5107
v 32.4524 15.3512 6.8404
v 30.8377 15.4733 5.3351
v 30.2544 15.5768 6.9202
v 32.4524 15.3512 6.8404
v 32.4169 15.3293 5.9256
v 30.8377 15.4733 5.3351
v 32.3324 16.5170 6.7201
v 31.1268 16.6550 7.2747
v 31.6845 18.8856 6.3270
v 31.1268 16.6550 7.2747
v 30.5715 16.6775 6.0617
v 31.6845 18.8856 6.3270
v 30.5715 16.6775 6.0617
v 31.7771 16.5395 5.5072
v 31.6845 18.8856 6.3270
v 31.7771 16.5395 5.5072
v 32.3324 16.5170 6.7201
v 31.6845 18.8856 6.3270
v 32.3324 16.5170 6.7201
v 30.5715 16.6775 6.0617
v 31.1268 16.6550 7.2747
v 32.3324 16.5170 6.7201
v 31.7771 16.5395 5.5072
v 30.5715 16.6775 6.0617
v 31.8460 17.7302 6.9657
v 30.9651 17.8105 6.6364
v 31.8008 20.0298 6.2950
v 30.9651 17.8105 6.6364
v 31.2904 17.7527 5.7522
v 31.8008 20.0298 6.2950
v 31.2904 17.7527 5.7522
v 32.1714 17.6724 6.0816
v 31.8008 20.0298 6.2950
v 32.1714 17.6724 6.0816
v 31.8460 17.7302 6.9657
v 31.8008 20.0298 6.2950
v 31.8460 17.7302 6.9657
v 31.2904 17.7527 5.7522
v 30.9651 17.8105 6.6364
v 31.8460 17.7302 6.9657
v 32.1714 17.6724 6.0816
v 31.2904 17.7527 5.7522
v 8.9830 19.6474 37.8472
v 8.1976 19.7787 38.3669
v 8.2433 22.0878 36.9824
v 8.1976 19.7787 38.3669
v 6.7481 19.8839 37.3798
v 8.2433 22.0878 36.9824
v 6.7481 19.8839 37.3798
v 7.7184 19.6648 35.9316
v 8.2433 22.0878 36.9824
v 7.7184 19.6648 35.9316
v 9.1679 19.5596 36.9187
v 8.2433 22.0878 36.9824
v 9.1679 19.5596 36.9187
v 8.9830 19.6474 37.8472
v 8.2433 22.0878 36.9824
v 8.9830 19.6474 37.8472
v 6.7481 19.8839 37.3798
v 8.1976 19.7787 38.3669
v 8.9830 19.6474 37.8472
v 7.7184 19.6648 35.9316
v 6.7481 19.8839 37.3798
v 8.9830 19.6474 37.8472
v 9.1679 19.5596 36.9187
v 7.7184 19.6648 35.9316
v 8.9088 20.8461 37.6161
v 7.5597 21.0269 37.8732
v 8.3860 23.2708 36.8990
v 7.5597 21.0269 37.8732
v 7.2925 20.9634 36.5155
v 8.3860 23.2708 36.8990
v 7.2925 20.9634 36.5155
v 8.6416 20.7826 36.2584
v 8.3860 23.2708 36.8990
v 8.6416 20.7826 36.2584
v 8.9088 20.8461 37.6161
v 8.3860 23.2708 36.8990
v 8.9088 20.8461 37.6161
v 7.2925 20.9634 36.5155
v 7.5597 21.0269 37.8732
v 8.9088 20.8461 37.6161
v 8.6416 20.7826 36.2584
v 7.2925 20.9634 36.5155
v 8.3770 22.1196 37.6616
v 7.5685 22.1782 37.1110
v 8.5287 24.4538 36.8156
v 7.5685 22.1782 37.1110
v 8.1097 22.0560 36.3032
v 8.5287 24.4538 36.8156
v 8.1097 22.0560 36.3032
v 8.9182 21.9974 36.8538
v 8.5287 24.4538 36.8156
v 8.9182 21.9974 36.8538
v 8.3770 22.1196 37.6616
v 8.5287 24.4538 36.8156
v 8.3770 22.1196 37.6616
v 8.1097 22.0560 36.3032
v 7.5685 22.1782 37.1110
v 8.3770 22.1196 37.6616
v 8.9182 21.9974 36.8538
v 8.1097 22.0560 36.3032
v 34.2256 15.3349 -36.0230
v 34.7788 15.3102 -36.5773
v 35.1168 17.3519 -35.7774
v 34.7788 15.3102 -36.5773
v 36.1163 15.3870 -36.0289
v 35.1168 17.3519 -35.7774
v 36.1163 15.3870 -36.0289
v 35.5640 15.4684 -34.6932
v 35.1168 17.3519 -35.7774
v 35.5640 15.4684 -34.6932
v 34.2265 15.3915 -35.2416
v 35.1168 17.3519 -35.7774
v 34.2265 15.3915 -35.2416
v 34.2256 15.3349 -36.0230
v 35.1168 17.3519 -35.7774
v 34.2256 15.3349 -36.0230
v 36.1163 15.3870 -36.0289
v 34.7788 15.3102 -36.5773
v 34.2256 15.3349 -36.0230
v 35.5640 15.4684 -34.6932
v 36.1163 15.3870 -36.0289
v 34.2256 15.3349 -36.0230
v 34.2265 15.3915 -35.2416
v 35.5640 15.4684 -34.6932
v 34.3984 16.3277 -36.0120
v 35.4520 16.3252 -36.4510
v 35.0896 18.3332 -35.8484
v 35.4520 16.3252 -36.4510
v 35.8898 16.4135 -35.4006
v 35.0896 18.3332 -35.8484
v 35.8898 16.4135 -35.4006
v 34.8362 16.4159 -34.9617
v 35.0896 18.3332 -35.8484
v 34.8362 16.4159 -34.9617
v 34.3984 16.3277 -36.0120
v 35.0896 18.3332 -35.8484
v 34.3984 16.3277 -36.0120
v 35.8898 16.4135 -35.4006
v 35.4520 16.3252 -36.4510
v 34.3984 16.3277 -36.0120
v 34.8362 16.4159 -34.9617
v 35.8898 16.4135 -35.4006
v 34.8978 17.3078 -36.3028
v 35.6439 17.3506 -35.9969
v 35.0623 19.3145 -35.9195
v 35.6439 17.3506 -35.9969
v 35.3358 17.3960 -35.2519
v 35.0623 19.3145 -35.9195
v 35.3358 17.3960 -35.2519
v 34.5898 17.3531 -35.5578
v 35.0623 19.3145 -35.9195
v 34.5898 17.3531 -35.5578
v 34.8978 17.3078 -36.3028
v 35.0623 19.3145 -35.9195
v 34.8978 17.3078 -36.3028
v 35.3358 17.3960 -35.2519
v 35.6439 17.3506 -35.9969
v 34.8978 17.3078 -36.3028
v 34.5898 17.3531 -35.5578
v 35.3358 17.3960 -35.2519
v 16.4572 18.1620 10.8914
v 17.4599 18.2234 11.7326
v 15.7862 21.4517 12.4719
v 17.4599 18.2234 11.7326
v 16.7330 18.2256 14.0421
v 15.7862 21.4517 12.4719
v 16.7330 18.2256 14.0421
v 14.4265 18.1038 13.3162
v 15.7862 21.4517 12.4719
v 14.4265 18.1038 13.3162
v 15.1534 18.1016 11.0068
v 15.7862 21.4517 12.4719
v 15.1534 18.1016 11.0068
v 16.4572 18.1620 10.8914
v 15.7862 21.4517 12.4719
v 16.4572 18.1620 10.8914
v 16.7330 18.2256 14.0421
v 17.4599 18.2234 11.7326
v 16.4572 18.1620 10.8914
v 14.4265 18.1038 13.3162
v 16.7330 18.2256 14.0421
v 16.4572 18.1620 10.8914
v 15.1534 18.1016 11.0068
v 14.4265 18.1038 13.3162
v 16.2700 19.8064 11.2106
v 17.1507 19.8755 12.9028
v 15.7077 23.0958 12.4456
v 17.1507 19.8755 12.9028
v 15.4594 19.8089 13.7857
v 15.7077 23.0958 12.4456
v 15.4594 19.8089 13.7857
v 14.5788 19.7398 12.0934
v 15.7077 23.0958 12.4456
v 14.5788 19.7398 12.0934
v 16.2700 19.8064 11.2106
v 15.7077 23.0958 12.4456
v 16.2700 19.8064 11.2106
v 15.4594 19.8089 13.7857
v 17.1507 19.8755 12.9028
v 16.2700 19.8064 11.2106
v 14.5788 19.7398 12.0934
v 15.4594 19.8089 13.7857
v 16.6322 21.4850 12.0302
v 16.2268 21.4863 13.3184
v 15.6292 24.7398 12.4193
v 16.2268 21.4863 13.3184
v 14.9402 21.4184 12.9135
v 15.6292 24.7398 12.4193
v 14.9402 21.4184 12.9135
v 15.3457 21.4171 11.6253
v 15.6292 24.7398 12.4193
v 15.3457 21.4171 11.6253
v 16.6322 21.4850 12.0302
v 15.6292 24.7398 12.4193
v 16.6322 21.4850 12.0302
v 14.9402 21.4184 12.9135
v 16.2268 21.4863 13.3184
v 16.6322 21.4850 12.0302
v 15.3457 21.4171 11.6253
v 14.9402 21.4184 12.9135
v 0.1545 18.6750 -21.8744
v 0.9044 18.6948 -22.1860
v 0.8682 20.7145 -21.0853
v 0.9044 18.6948 -22.1860
v 1.9670 18.6939 -21.1259
v 0.8682 20.7145 -21.0853
v 1.9670 18.6939 -21.1259
v 0.9073 18.6537 -20.0637
v 0.8682 20.7145 -21.0853
v 0.9073 18.6537 -20.0637
v -0.1553 18.6547 -21.1238
v 0.8682 20.7145 -21.0853
v -0.1553 18.6547 -21.1238
v 0.1545 18.6750 -21.8744
v 0.8682 20.7145 -21.0853
v 0.1545 18.6750 -21.8744
v 1.9670 18.6939 -21.1259
v 0.9044 18.6948 -22.1860
v 0.1545 18.6750 -21.8744
v 0.9073 18.6537 -20.0637
v 1.9670 18.6939 -21.1259
v 0.1545 18.6750 -21.8744
v -0.1553 18.6547 -21.1238
v 0.9073 18.6537 -20.0637
v 0.2946 19.6949 -21.6961
v 1.4778 19.7168 -21.6973
v 0.8494 21.7347 -21.0655
v 1.4778 19.7168 -21.6973
v 1.4794 19.6939 -20.5141
v 0.8494 21.7347 -21.0655
v 1.4794 19.6939 -20.5141
v 0.2962 19.6720 -20.5129
v 0.8494 21.7347 -21.0655
v 0.2962 19.6720 -20.5129
v 0.2946 19.6949 -21.6961
v 0.8494 21.7347 -21.0655
v 0.2946 19.6949 -21.6961
v 1.4794 19.6939 -20.5141
v 1.4778 19.7168 -21.6973
v 0.2946 19.6949 -21.6961
v 0.2962 19.6720 -20.5129
v 1.4794 19.6939 -20.5141
v 0.8674 20.7260 -21.6772
v 1.4601 20.7255 -21.0859
v 0.8306 22.7548 -21.0457
v 1.4601 20.7255 -21.0859
v 0.8690 20.7031 -20.4934
v 0.8306 22.7548 -21.0457
v 0.8690 20.7031 -20.4934
v 0.2763 20.7036 -21.0847
v 0.8306 22.7548 -21.0457
v 0.2763 20.7036 -21.0847
v 0.8674 20.7260 -21.6772
v 0.8306 22.7548 -21.0457
v 0.8674 20.7260 -21.6772
v 0.8690 20.7031 -20.4934
v 1.4601 20.7255 -21.0859
v 0.8674 20.7260 -21.6772
v 0.2763 20.7036 -21.0847
v 0.8690 20.7031 -20.4934
v 13.9494 16.8202 -37.3587
v 13.2769 16.9156 -37.7862
v 14.3877 18.8145 -38.3568
v 13.2769 16.9156 -37.7862
v 13.5277 16.9087 -39.2477
v 14.3877 18.8145 -38.3568
v 13.5277 16.9087 -39.2477
v 14.9765 16.7151 -38.9982
v 14.3877 18.8145 -38.3568
v 14.9765 16.7151 -38.9982
v 14.7258 16.7220 -37.5367
v 14.3877 18.8145 -38.3568
v 14.7258 16.7220 -37.5367
v 13.9494 16.8202 -37.3587
v 14.3877 18.8145 -38.3568
v 13.9494 16.8202 -37.3587
v 13.5277 16.9087 -39.2477
v 13.2769 16.9156 -37.7862
v 13.9494 16.8202 -37.3587
v 14.9765 16.7151 -38.9982
v 13.5277 16.9087 -39.2477
v 13.9494 16.8202 -37.3587
v 14.7258 16.7220 -37.5367
v 14.9765 16.7151 -38.9982
v 14.1174 17.8188 -37.5597
v 13.4494 17.9228 -38.5136
v 14.5182 19.8141 -38.3392
v 13.4494 17.9228 -38.5136
v 14.3970 17.8111 -39.1893
v 14.5182 19.8141 -38.3392
v 14.3970 17.8111 -39.1893
v 15.0650 17.7070 -38.2354
v 14.5182 19.8141 -38.3392
v 15.0650 17.7070 -38.2354
v 14.1174 17.8188 -37.5597
v 14.5182 19.8141 -38.3392
v 14.1174 17.8188 -37.5597
v 14.3970 17.8111 -39.1893
v 13.4494 17.9228 -38.5136
v 14.1174 17.8188 -37.5597
v 15.0650 17.7070 -38.2354
v 14.3970 17.8111 -39.1893
v 13.9137 18.8704 -38.0188
v 14.0536 18.8666 -38.8340
v 14.6487 20.8137 -38.3215
v 14.0536 18.8666 -38.8340
v 14.8617 18.7586 -38.6949
v 14.6487 20.8137 -38.3215
v 14.8617 18.7586 -38.6949
v 14.7219 18.7625 -37.8796
v 14.6487 20.8137 -38.3215
v 14.7219 18.7625 -37.8796
v 13.9137 18.8704 -38.0188
v 14.6487 20.8137 -38.3215
v 13.9137 18.8704 -38.0188
v 14.8617 18.7586 -38.6949
v 14.0536 18.8666 -38.8340
v 13.9137 18.8704 -38.0188
v 14.7219 18.7625 -37.8796
v 14.8617 18.7586 -38.6949
v 34.1057 15.2121 -2.4224
v 34.8375 15.2177 -1.9302
v 33.8434 17.4115 -1.2676
v 34.8375 15.2177 -1.9302
v 34.5149 15.1945 -0.3328
v 33.8434 17.4115 -1.2676
v 34.5149 15.1945 -0.3328
v 32.9176 15.1736 -0.6557
v 33.8434 17.4115 -1.2676
v 32.9176 15.1736 -0.6557
v 33.2402 15.1968 -2.2531
v 33.8434 17.4115 -1.2676
v 33.2402 15.1968 -2.2531
v 34.1057 15.2121 -2.4224
v 33.8434 17.4115 -1.2676
v 34.1057 15.2121 -2.4224
v 34.5149 15.1945 -0.3328
v 34.8375 15.2177 -1.9302
v 34.1057 15.2121 -2.4224
v 32.9176 15.1736 -0.6557
v 34.5149 15.1945 -0.3328
v 34.1057 15.2121 -2.4224
v 33.2402 15.1968 -2.2531
v 32.9176 15.1736 -0.6557
v 34.0403 16.3165 -2.1709
v 34.7511 16.3153 -1.1002
v 33.8263 18.5194 -1.2550
v 34.7511 16.3153 -1.1002
v 33.6806 16.2906 -0.3897
v 33.8263 18.5194 -1.2550
v 33.6806 16.2906 -0.3897
v 32.9699 16.2919 -1.4603
v 33.8263 18.5194 -1.2550
v 32.9699 16.2919 -1.4603
v 34.0403 16.3165 -2.1709
v 33.8263 18.5194 -1.2550
v 34.0403 16.3165 -2.1709
v 33.6806 16.2906 -0.3897
v 34.7511 16.3153 -1.1002
v 34.0403 16.3165 -2.1709
v 32.9699 16.2919 -1.4603
v 33.6806 16.2906 -0.3897
v 34.3789 17.4238 -1.6231
v 34.1989 17.4109 -0.7320
v 33.8093 19.6273 -1.2423
v 34.1989 17.4109 -0.7320
v 33.3079 17.3992 -0.9122
v 33.8093 19.6273 -1.2423
v 33.3079 17.3992 -0.9122
v 33.4879 17.4121 -1.8032
v 33.8093 19.6273 -1.2423
v 33.4879 17.4121 -1.8032
v 34.3789 17.4238 -1.6231
v 33.8093 19.6273 -1.2423
v 34.3789 17.4238 -1.6231
v 33.3079 17.3992 -0.9122
v 34.1989 17.4109 -0.7320
v 34.3789 17.4238 -1.6231
v 33.4879 17.4121 -1.8032
v 33.3079 17.3992 -0.9122
v 23.2877 16.4014 -26.3665
v 22.6938 16.4411 -26.8903
v 23.7183 18.3959 -27.3036
v 22.6938 16.4411 -26.8903
v 23.1684 16.4483 -28.2763
v 23.7183 18.3959 -27.3036
v 23.1684 16.4483 -28.2763
v 24.5526 16.3719 -27.8027
v 23.7183 18.3959 -27.3036
v 24.5526 16.3719 -27.8027
v 24.0781 16.3647 -26.4167
v 23.7183 18.3959 -27.3036
v 24.0781 16.3647 -26.4167
v 23.2877 16.4014 -26.3665
v 23.7183 18.3959 -27.3036
v 23.2877 16.4014 -26.3665
v 23.1684 16.4483 -28.2763
v 22.6938 16.4411 -26.8903
v 23.2877 16.4014 -26.3665
v 24.5526 16.3719 -27.8027
v 23.1684 16.4483 -28.2763
v 23.2877 16.4014 -26.3665
v 24.0781 16.3647 -26.4167
v 24.5526 16.3719 -27.8027
v 23.4062 17.3972 -26.5523
v 22.8990 17.4438 -27.5891
v 23.7659 19.3906 -27.2822
v 22.8990 17.4438 -27.5891
v 23.9353 17.4052 -28.0978
v 23.7659 19.3906 -27.2822
v 23.9353 17.4052 -28.0978
v 24.4425 17.3586 -27.0610
v 23.7659 19.3906 -27.2822
v 24.4425 17.3586 -27.0610
v 23.4062 17.3972 -26.5523
v 23.7659 19.3906 -27.2822
v 23.4062 17.3972 -26.5523
v 23.9353 17.4052 -28.0978
v 22.8990 17.4438 -27.5891
v 23.4062 17.3972 -26.5523
v 24.4425 17.3586 -27.0610
v 23.9353 17.4052 -28.0978
v 23.1999 18.4152 -27.0491
v 23.4646 18.4192 -27.8222
v 23.8134 20.3853 -27.2607
v 23.4646 18.4192 -27.8222
v 24.2367 18.3766 -27.5581
v 23.8134 20.3853 -27.2607
v 24.2367 18.3766 -27.5581
v 23.9720 18.3726 -26.7850
v 23.8134 20.3853 -27.2607
v 23.9720 18.3726 -26.7850
v 23.1999 18.4152 -27.0491
v 23.8134 20.3853 -27.2607
v 23.1999 18.4152 -27.0491
v 24.2367 18.3766 -27.5581
v 23.4646 18.4192 -27.8222
v 23.1999 18.4152 -27.0491
v 23.9720 18.3726 -26.7850
v 24.2367 18.3766 -27.5581
v 3.3768 18.3381 -42.7498
v 2.5562 18.2737 -43.7704
v 3.9587 21.6755 -44.2706
v 2.5562 18.2737 -43.7704
v 3.7144 18.3463 -45.8973
v 3.9587 21.6755 -44.2706
v 3.7144 18.3463 -45.8973
v 5.8353 18.5053 -44.7369
v 3.9587 21.6755 -44.2706
v 5.8353 18.5053 -44.7369
v 4.6772 18.4327 -42.6101
v 3.9587 21.6755 -44.2706
v 4.6772 18.4327 -42.6101
v 3.3768 18.3381 -42.7498
v 3.9587 21.6755 -44.2706
v 3.3768 18.3381 -42.7498
v 3.7144 18.3463 -45.8973
v 2.5562 18.2737 -43.7704
v 3.3768 18.3381 -42.7498
v 5.8353 18.5053 -44.7369
v 3.7144 18.3463 -45.8973
v 3.3768 18.3381 -42.7498
v 4.6772 18.4327 -42.6101
v 5.8353 18.5053 -44.7369
v 3.4315 19.9920 -43.0764
v 2.8947 19.9438 -44.9091
v 3.8401 23.3185 -44.2791
v 2.8947 19.9438 -44.9091
v 4.7229 20.0729 -45.4479
v 3.8401 23.3185 -44.2791
v 4.7229 20.0729 -45.4479
v 5.2597 20.1211 -43.6152
v 3.8401 23.3185 -44.2791
v 5.2597 20.1211 -43.6152
v 3.4315 19.9920 -43.0764
v 3.8401 23.3185 -44.2791
v 3.4315 19.9920 -43.0764
v 4.7229 20.0729 -45.4479
v 2.8947 19.9438 -44.9091
v 3.4315 19.9920 -43.0764
v 5.2597 20.1211 -43.6152
v 4.7229 20.0729 -45.4479
v 3.0441 21.6109 -44.0010
v 3.6902 21.6514 -45.1874
v 3.7216 24.9615 -44.2875
v 3.6902 21.6514 -45.1874
v 4.8732 21.7401 -44.5401
v 3.7216 24.9615 -44.2875
v 4.8732 21.7401 -44.5401
v 4.2272 21.6996 -43.3538
v 3.7216 24.9615 -44.2875
v 4.2272 21.6996 -43.3538
v 3.0441 21.6109 -44.0010
v 3.7216 24.9615 -44.2875
v 3.0441 21.6109 -44.0010
v 4.8732 21.7401 -44.5401
v 3.6902 21.6514 -45.1874
v 3.0441 21.6109 -44.0010
v 4.2272 21.6996 -43.3538
v 4.8732 21.7401 -44.5401
v -1.3117 21.5861 40.1903
v -2.1944 21.5992 39.7090
v -1.1405 24.1162 38.8949
v -2.1944 21.5992 39.7090
v -1.9968 21.6047 37.8616
v -1.1405 24.1162 38.8949
v -1.9968 21.6047 37.8616
v -0.1496 21.5808 38.0591
v -1.1405 24.1162 38.8949
v -0.1496 21.5808 38.0591
v -0.3471 21.5753 39.9064
v -1.1405 24.1162 38.8949
v -0.3471 21.5753 39.9064
v -1.3117 21.5861 40.1903
v -1.1405 24.1162 38.8949
v -1.3117 21.5861 40.1903
v -1.9968 21.6047 37.8616
v -2.1944 21.5992 39.7090
v -1.3117 21.5861 40.1903
v -0.1496 21.5808 38.0591
v -1.9968 21.6047 37.8616
v -1.3117 21.5861 40.1903
v -0.3471 21.5753 39.9064
v -0.1496 21.5808 38.0591
v -1.2664 22.8500 39.9194
v -2.1861 22.8664 38.7794
v -1.1248 25.3793 38.9004
v -2.1861 22.8664 38.7794
v -1.0461 22.8562 37.8595
v -1.1248 25.3793 38.9004
v -1.0461 22.8562 37.8595
v -0.1264 22.8398 38.9996
v -1.1248 25.3793 38.9004
v -0.1264 22.8398 38.9996
v -1.2664 22.8500 39.9194
v -1.1248 25.3793 38.9004
v -1.2664 22.8500 39.9194
v -1.0461 22.8562 37.8595
v -2.1861 22.8664 38.7794
v -1.2664 22.8500 39.9194
v -0.1264 22.8398 38.9996
v -1.0461 22.8562 37.8595
v -1.7108 24.1213 39.3551
v -1.6006 24.1244 38.3246
v -1.1090 26.6424 38.9058
v -1.6006 24.1244 38.3246
v -0.5702 24.1111 38.4348
v -1.1090 26.6424 38.9058
v -0.5702 24.1111 38.4348
v -0.6804 24.1080 39.4652
v -1.1090 26.6424 38.9058
v -0.6804 24.1080 39.4652
v -1.7108 24.1213 39.3551
v -1.1090 26.6424 38.9058
v -1.7108 24.1213 39.3551
v -0.5702 24.1111 38.4348
v -1.6006 24.1244 38.3246
v -1.7108 24.1213 39.3551
v -0.6804 24.1080 39.4652
v -0.5702 24.1111 38.4348
v 6.2593 21.5019 53.1862
v 5.0336 21.5259 53.3166
v 5.5517 24.6220 51.7884
v 5.0336 21.5259 53.3166
v 3.9447 21.5587 51.3160
v 5.5517 24.6220 51.7884
v 3.9447 21.5587 51.3160
v 5.9450 21.5243 50.2267
v 5.5517 24.6220 51.7884
v 5.9450 21.5243 50.2267
v 7.0339 21.4915 52.2272
v 5.5517 24.6220 51.7884
v 7.0339 21.4915 52.2272
v 6.2593 21.5019 53.1862
v 5.5517 24.6220 51.7884
v 6.2593 21.5019 53.1862
v 3.9447 21.5587 51.3160
v 5.0336 21.5259 53.3166
v 6.2593 21.5019 53.1862
v 5.9450 21.5243 50.2267
v 3.9447 21.5587 51.3160
v 6.2593 21.5019 53.1862
v 7.0339 21.4915 52.2272
v 5.9450 21.5243 50.2267
v 6.1276 23.0552 52.8954
v 4.4053 23.0927 52.3874
v 5.5829 26.1704 51.7969
v 4.4053 23.0927 52.3874
v 4.9134 23.0918 50.6647
v 5.5829 26.1704 51.7969
v 4.9134 23.0918 50.6647
v 6.6357 23.0543 51.1727
v 5.5829 26.1704 51.7969
v 6.6357 23.0543 51.1727
v 6.1276 23.0552 52.8954
v 5.5829 26.1704 51.7969
v 6.1276 23.0552 52.8954
v 4.9134 23.0918 50.6647
v 4.4053 23.0927 52.3874
v 6.1276 23.0552 52.8954
v 6.6357 23.0543 51.1727
v 4.9134 23.0918 50.6647
v 5.2975 24.6224 52.6502
v 4.6902 24.6407 51.5343
v 5.6141 27.7188 51.8053
v 4.6902 24.6407 51.5343
v 5.8059 24.6215 50.9267
v 5.6141 27.7188 51.8053
v 5.8059 24.6215 50.9267
v 6.4133 24.6032 52.0426
v 5.6141 27.7188 51.8053
v 6.4133 24.6032 52.0426
v 5.2975 24.6224 52.6502
v 5.6141 27.7188 51.8053
v 5.2975 24.6224 52.6502
v 5.8059 24.6215 50.9267
v 4.6902 24.6407 51.5343
v 5.2975 24.6224 52.6502
v 6.4133 24.6032 52.0426
v 5.8059 24.6215 50.9267
v 28.7177 16.1674 -26.5559
v 27.7210 16.0396 -27.1333
v 28.5543 19.0703 -28.0791
v 27.7210 16.0396 -27.1333
v 27.9962 16.0579 -29.2571
v 28.5543 19.0703 -28.0791
v 27.9962 16.0579 -29.2571
v 30.1036 16.3210 -28.9818
v 28.5543 19.0703 -28.0791
v 30.1036 16.3210 -28.9818
v 29.8284 16.3028 -26.8580
v 28.5543 19.0703 -28.0791
v 29.8284 16.3028 -26.8580
v 28.7177 16.1674 -26.5559
v 28.5543 19.0703 -28.0791
v 28.7177 16.1674 -26.5559
v 27.9962 16.0579 -29.2571
v 27.7210 16.0396 -27.1333
v 28.7177 16.1674 -26.5559
v 30.1036 16.3210 -28.9818
v 27.9962 16.0579 -29.2571
v 28.7177 16.1674 -26.5559
v 29.8284 16.3028 -26.8580
v 30.1036 16.3210 -28.9818
v 28.5799 17.6151 -26.8843
v 27.5583 17.4786 -28.2218
v 28.3753 20.5153 -28.0898
v 27.5583 17.4786 -28.2218
v 28.8867 17.6355 -29.2523
v 28.3753 20.5153 -28.0898
v 28.8867 17.6355 -29.2523
v 29.9082 17.7720 -27.9148
v 28.3753 20.5153 -28.0898
v 29.9082 17.7720 -27.9148
v 28.5799 17.6151 -26.8843
v 28.3753 20.5153 -28.0898
v 28.5799 17.6151 -26.8843
v 28.8867 17.6355 -29.2523
v 27.5583 17.4786 -28.2218
v 28.5799 17.6151 -26.8843
v 29.9082 17.7720 -27.9148
v 28.8867 17.6355 -29.2523
v 27.8898 18.9918 -27.5636
v 28.0433 19.0020 -28.7482
v 28.1962 21.9602 -28.1006
v 28.0433 19.0020 -28.7482
v 29.2188 19.1488 -28.5946
v 28.1962 21.9602 -28.1006
v 29.2188 19.1488 -28.5946
v 29.0653 19.1386 -27.4100
v 28.1962 21.9602 -28.1006
v 29.0653 19.1386 -27.4100
v 27.8898 18.9918 -27.5636
v 28.1962 21.9602 -28.1006
v 27.8898 18.9918 -27.5636
v 29.2188 19.1488 -28.5946
v 28.0433 19.0020 -28.7482
v 27.8898 18.9918 -27.5636
v 29.0653 19.1386 -27.4100
v 29.2188 19.1488 -28.5946
v 51.2320 13.1634 -5.1547
v 50.7063 13.1161 -5.7621
v 51.5353 15.2105 -6.1094
v 50.7063 13.1161 -5.7621
v 51.3686 13.1612 -7.0926
v 51.5353 15.2105 -6.1094
v 51.3686 13.1612 -7.0926
v 52.6944 13.2744 -6.4289
v 51.5353 15.2105 -6.1094
v 52.6944 13.2744 -6.4289
v 52.0320 13.2293 -5.0983
v 51.5353 15.2105 -6.1094
v 52.0320 13.2293 -5.0983
v 51.2320 13.1634 -5.1547
v 51.5353 15.2105 -6.1094
v 51.2320 13.1634 -5.1547
v 51.3686 13.1612 -7.0926
v 50.7063 13.1161 -5.7621
v 51.2320 13.1634 -5.1547
v 52.6944 13.2744 -6.4289
v 51.3686 13.1612 -7.0926
v 51.2320 13.1634 -5.1547
v 52.0320 13.2293 -5.0983
v 52.6944 13.2744 -6.4289
v 51.2485 14.1777 -5.3606
v 50.8787 14.1398 -6.4725
v 51.4527 16.2180 -6.1163
v 50.8787 14.1398 -6.4725
v 51.9871 14.2280 -6.8442
v 51.4527 16.2180 -6.1163
v 51.9871 14.2280 -6.8442
v 52.3569 14.2659 -5.7323
v 51.4527 16.2180 -6.1163
v 52.3569 14.2659 -5.7323
v 51.2485 14.1777 -5.3606
v 51.4527 16.2180 -6.1163
v 51.2485 14.1777 -5.3606
v 51.9871 14.2280 -6.8442
v 50.8787 14.1398 -6.4725
v 51.2485 14.1777 -5.3606
v 52.3569 14.2659 -5.7323
v 51.9871 14.2280 -6.8442
v 50.9808 15.1663 -5.9234
v 51.3503 15.1915 -6.6656
v 51.3702 17.2256 -6.1232
v 51.3503 15.1915 -6.6656
v 52.0898 15.2546 -6.2953
v 51.3702 17.2256 -6.1232
v 52.0898 15.2546 -6.2953
v 51.7203 15.2294 -5.5531
v 51.3702 17.2256 -6.1232
v 51.7203 15.2294 -5.5531
v 50.9808 15.1663 -5.9234
v 51.3702 17.2256 -6.1232
v 50.9808 15.1663 -5.9234
v 52.0898 15.2546 -6.2953
v 51.3503 15.1915 -6.6656
v 50.9808 15.1663 -5.9234
v 51.7203 15.2294 -5.5531
v 52.0898 15.2546 -6.2953
v -12.9438 22.5358 28.8327
v -12.1711 22.5013 29.5916
v -13.3759 25.2640 30.1705
v -12.1711 22.5013 29.5916
v -12.9198 22.5113 31.4488
v -13.3759 25.2640 30.1705
v -12.9198 22.5113 31.4488
v -14.7756 22.5846 30.7001
v -13.3759 25.2640 30.1705
v -14.7756 22.5846 30.7001
v -14.0268 22.5745 28.8430
v -13.3759 25.2640 30.1705
v -14.0268 22.5745 28.8430
v -12.9438 22.5358 28.8327
v -13.3759 25.2640 30.1705
v -12.9438 22.5358 28.8327
v -12.9198 22.5113 31.4488
v -12.1711 22.5013 29.5916
v -12.9438 22.5358 28.8327
v -14.7756 22.5846 30.7001
v -12.9198 22.5113 31.4488
v -12.9438 22.5358 28.8327
v -14.0268 22.5745 28.8430
v -14.7756 22.5846 30.7001
v -13.0071 23.8979 29.1228
v -12.3900 23.8626 30.5755
v -13.3271 26.6245 30.1828
v -12.3900 23.8626 30.5755
v -13.8420 23.9090 31.1936
v -13.3271 26.6245 30.1828
v -13.8420 23.9090 31.1936
v -14.4592 23.9443 29.7408
v -13.3271 26.6245 30.1828
v -14.4592 23.9443 29.7408
v -13.0071 23.8979 29.1228
v -13.3271 26.6245 30.1828
v -13.0071 23.8979 29.1228
v -13.8420 23.9090 31.1936
v -12.3900 23.8626 30.5755
v -13.0071 23.8979 29.1228
v -14.4592 23.9443 29.7408
v -13.8420 23.9090 31.1936
v -12.6494 25.2407 29.8613
v -13.0671 25.2463 30.8972
v -13.2784 27.9850 30.1951
v -13.0671 25.2463 30.8972
v -14.1022 25.2872 30.4796
v -13.2784 27.9850 30.1951
v -14.1022 25.2872 30.4796
v -13.6846 25.2816 29.4437
v -13.2784 27.9850 30.1951
v -13.6846 25.2816 29.4437
v -12.6494 25.2407 29.8613
v -13.2784 27.9850 30.1951
v -12.6494 25.2407 29.8613
v -14.1022 25.2872 30.4796
v -13.0671 25.2463 30.8972
v -12.6494 25.2407 29.8613
v -13.6846 25.2816 29.4437
v -14.1022 25.2872 30.4796
v -7.9746 19.4166 -43.9566
v -6.8831 19.4564 -44.1757
v -7.2678 22.2460 -42.7539
v -6.8831 19.4564 -44.1757
v -5.7378 19.5023 -42.4663
v -7.2678 22.2460 -42.7539
v -5.7378 19.5023 -42.4663
v -7.4462 19.4418 -41.3200
v -7.2678 22.2460 -42.7539
v -7.4462 19.4418 -41.3200
v -8.5916 19.3959 -43.0295
v -7.2678 22.2460 -42.7539
v -8.5916 19.3959 -43.0295
v -7.9746 19.4166 -43.9566
v -7.2678 22.2460 -42.7539
v -7.9746 19.4166 -43.9566
v -5.7378 19.5023 -42.4663
v -6.8831 19.4564 -44.1757
v -7.9746 19.4166 -43.9566
v -7.4462 19.4418 -41.3200
v -5.7378 19.5023 -42.4663
v -7.9746 19.4166 -43.9566
v -8.5916 19.3959 -43.0295
v -7.4462 19.4418 -41.3200
v -7.8548 20.8219 -43.7040
v -6.2638 20.8813 -43.3900
v -7.3194 23.6444 -42.7569
v -6.2638 20.8813 -43.3900
v -6.5777 20.8731 -41.7978
v -7.3194 23.6444 -42.7569
v -6.5777 20.8731 -41.7978
v -8.1687 20.8138 -42.1118
v -7.3194 23.6444 -42.7569
v -8.1687 20.8138 -42.1118
v -7.8548 20.8219 -43.7040
v -7.3194 23.6444 -42.7569
v -7.8548 20.8219 -43.7040
v -6.5777 20.8731 -41.7978
v -6.2638 20.8813 -43.3900
v -7.8548 20.8219 -43.7040
v -8.1687 20.8138 -42.1118
v -6.5777 20.8731 -41.7978
v -7.1108 22.2500 -43.5504
v -6.4719 22.2757 -42.5968
v -7.3709 25.0428 -42.7600
v -6.4719 22.2757 -42.5968
v -7.4248 22.2419 -41.9575
v -7.3709 25.0428 -42.7600
v -7.4248 22.2419 -41.9575
v -8.0637 22.2163 -42.9110
v -7.3709 25.0428 -42.7600
v -8.0637 22.2163 -42.9110
v -7.1108 22.2500 -43.5504
v -7.3709 25.0428 -42.7600
v -7.1108 22.2500 -43.5504
v -7.4248 22.2419 -41.9575
v -6.4719 22.2757 -42.5968
v -7.1108 22.2500 -43.5504
v -8.0637 22.2163 -42.9110
v -7.4248 22.2419 -41.9575
v 6.9194 18.1771 -10.6525
v 6.1996 18.0987 -10.5549
v 6.2472 19.9709 -11.4342
v 6.1996 18.0987 -10.5549
v 5.5219 18.0547 -11.7216
v 6.2472 19.9709 -11.4342
v 5.5219 18.0547 -11.7216
v 6.6808 18.1933 -12.4000
v 6.2472 19.9709 -11.4342
v 6.6808 18.1933 -12.4000
v 7.3584 18.2373 -11.2333
v 6.2472 19.9709 -11.4342
v 7.3584 18.2373 -11.2333
v 6.9194 18.1771 -10.6525
v 6.2472 19.9709 -11.4342
v 6.9194 18.1771 -10.6525
v 5.5219 18.0547 -11.7216
v 6.1996 18.0987 -10.5549
v 6.9194 18.1771 -10.6525
v 6.6808 18.1933 -12.4000
v 5.5219 18.0547 -11.7216
v 6.9194 18.1771 -10.6525
v 7.3584 18.2373 -11.2333
v 6.6808 18.1933 -12.4000
v 6.7215 19.0830 -10.8054
v 5.6976 18.9812 -11.0776
v 6.1507 20.8834 -11.4125
v 5.6976 18.9812 -11.0776
v 5.9659 19.0339 -12.1063
v 6.1507 20.8834 -11.4125
v 5.9659 19.0339 -12.1063
v 6.9898 19.1358 -11.8340
v 6.1507 20.8834 -11.4125
v 6.9898 19.1358 -11.8340
v 6.7215 19.0830 -10.8054
v 6.1507 20.8834 -11.4125
v 6.7215 19.0830 -10.8054
v 5.9659 19.0339 -12.1063
v 5.6976 18.9812 -11.0776
v 6.7215 19.0830 -10.8054
v 6.9898 19.1358 -11.8340
v 5.9659 19.0339 -12.1063
v 6.1130 19.9446 -10.9196
v 5.7350 19.9200 -11.5704
v 6.0542 21.7959 -11.3909
v 5.7350 19.9200 -11.5704
v 6.3814 19.9973 -11.9487
v 6.0542 21.7959 -11.3909
v 6.3814 19.9973 -11.9487
v 6.7594 20.0219 -11.2980
v 6.0542 21.7959 -11.3909
v 6.7594 20.0219 -11.2980
v 6.1130 19.9446 -10.9196
v 6.0542 21.7959 -11.3909
v 6.1130 19.9446 -10.9196
v 6.3814 19.9973 -11.9487
v 5.7350 19.9200 -11.5704
v 6.1130 19.9446 -10.9196
v 6.7594 20.0219 -11.2980
v 6.3814 19.9973 -11.9487
v 8.8531 17.5250 -31.4058
v 9.1712 17.5694 -32.0421
v 9.6983 19.3519 -31.2550
v 9.1712 17.5694 -32.0421
v 10.4835 17.6258 -31.9467
v 9.6983 19.3519 -31.2550
v 10.4835 17.6258 -31.9467
v 10.3909 17.5603 -30.6345
v 9.6983 19.3519 -31.2550
v 10.3909 17.5603 -30.6345
v 9.0786 17.5039 -30.7300
v 9.6983 19.3519 -31.2550
v 9.0786 17.5039 -30.7300
v 8.8531 17.5250 -31.4058
v 9.6983 19.3519 -31.2550
v 8.8531 17.5250 -31.4058
v 10.4835 17.6258 -31.9467
v 9.1712 17.5694 -32.0421
v 8.8531 17.5250 -31.4058
v 10.3909 17.5603 -30.6345
v 10.4835 17.6258 -31.9467
v 8.8531 17.5250 -31.4058
v 9.0786 17.5039 -30.7300
v 10.3909 17.5603 -30.6345
v 9.0080 18.4270 -31.3498
v 9.7913 18.4949 -32.0282
v 9.6569 20.2454 -31.2133
v 9.7913 18.4949 -32.0282
v 10.4713 18.4898 -31.2434
v 9.6569 20.2454 -31.2133
v 10.4713 18.4898 -31.2434
v 9.6880 18.4219 -30.5651
v 9.6569 20.2454 -31.2133
v 9.6880 18.4219 -30.5651
v 9.0080 18.4270 -31.3498
v 9.6569 20.2454 -31.2133
v 9.0080 18.4270 -31.3498
v 10.4713 18.4898 -31.2434
v 9.7913 18.4949 -32.0282
v 9.0080 18.4270 -31.3498
v 9.6880 18.4219 -30.5651
v 10.4713 18.4898 -31.2434
v 9.3581 19.3544 -31.6475
v 10.0901 19.3859 -31.5943
v 9.6155 21.1389 -31.1716
v 10.0901 19.3859 -31.5943
v 10.0385 19.3493 -30.8624
v 9.6155 21.1389 -31.1716
v 10.0385 19.3493 -30.8624
v 9.3064 19.3179 -30.9156
v 9.6155 21.1389 -31.1716
v 9.3064 19.3179 -30.9156
v 9.3581 19.3544 -31.6475
v 9.6155 21.1389 -31.1716
v 9.3581 19.3544 -31.6475
v 10.0385 19.3493 -30.8624
v 10.0901 19.3859 -31.5943
v 9.3581 19.3544 -31.6475
v 9.3064 19.3179 -30.9156
v 10.0385 19.3493 -30.8624
v -1.6791 20.4018 4.7639
v -0.9791 20.2743 5.7083
v -2.1115 23.3826 6.2270
v -0.9791 20.2743 5.7083
v -2.0929 20.3228 7.5872
v -2.1115 23.3826 6.2270
v -2.0929 20.3228 7.5872
v -3.9543 20.5978 6.4767
v -2.1115 23.3826 6.2270
v -3.9543 20.5978 6.4767
v -2.8404 20.5494 4.5978
v -2.1115 23.3826 6.2270
v -2.8404 20.5494 4.5978
v -1.6791 20.4018 4.7639
v -2.1115 23.3826 6.2270
v -1.6791 20.4018 4.7639
v -2.0929 20.3228 7.5872
v -0.9791 20.2743 5.7083
v -1.6791 20.4018 4.7639
v -3.9543 20.5978 6.4767
v -2.0929 20.3228 7.5872
v -1.6791 20.4018 4.7639
v -2.8404 20.5494 4.5978
v -3.9543 20.5978 6.4767
v -1.6681 21.8823 5.1122
v -1.2514 21.7560 6.7789
v -1.9340 24.8558 6.2943
v -1.2514 21.7560 6.7789
v -2.9101 21.9363 7.2073
v -1.9340 24.8558 6.2943
v -2.9101 21.9363 7.2073
v -3.3268 22.0627 5.5407
v -1.9340 24.8558 6.2943
v -3.3268 22.0627 5.5407
v -1.6681 21.8823 5.1122
v -1.9340 24.8558 6.2943
v -1.6681 21.8823 5.1122
v -2.9101 21.9363 7.2073
v -1.2514 21.7560 6.7789
v -1.6681 21.8823 5.1122
v -3.3268 22.0627 5.5407
v -2.9101 21.9363 7.2073
v -1.2818 23.2923 6.0127
v -1.9030 23.3194 7.0608
v -1.7564 26.3291 6.3615
v -1.9030 23.3194 7.0608
v -2.9413 23.4728 6.4413
v -1.7564 26.3291 6.3615
v -2.9413 23.4728 6.4413
v -2.3200 23.4458 5.3933
v -1.7564 26.3291 6.3615
v -2.3200 23.4458 5.3933
v -1.2818 23.2923 6.0127
v -1.7564 26.3291 6.3615
v -1.2818 23.2923 6.0127
v -2.9413 23.4728 6.4413
v -1.9030 23.3194 7.0608
v -1.2818 23.2923 6.0127
v -2.3200 23.4458 5.3933
v -2.9413 23.4728 6.4413
v 28.1631 16.2847 -19.8058
v 27.7125 16.3640 -21.0552
v 29.4669 19.6864 -20.7685
v 27.7125 16.3640 -21.0552
v 29.5309 16.4559 -22.7072
v 29.4669 19.6864 -20.7685
v 29.5309 16.4559 -22.7072
v 31.1855 16.3354 -20.8927
v 29.4669 19.6864 -20.7685
v 31.1855 16.3354 -20.8927
v 29.3670 16.2434 -19.2406
v 29.4669 19.6864 -20.7685
v 29.3670 16.2434 -19.2406
v 28.1631 16.2847 -19.8058
v 29.4669 19.6864 -20.7685
v 28.1631 16.2847 -19.8058
v 29.5309 16.4559 -22.7072
v 27.7125 16.3640 -21.0552
v 28.1631 16.2847 -19.8058
v 31.1855 16.3354 -20.8927
v 29.5309 16.4559 -22.7072
v 28.1631 16.2847 -19.8058
v 29.3670 16.2434 -19.2406
v 31.1855 16.3354 -20.8927
v 28.4441 17.9668 -19.9502
v 28.5355 18.0853 -21.8829
v 29.4758 21.3548 -20.6659
v 28.5355 18.0853 -21.8829
v 30.4718 18.0693 -21.7922
v 29.4758 21.3548 -20.6659
v 30.4718 18.0693 -21.7922
v 30.3803 17.9508 -19.8596
v 29.4758 21.3548 -20.6659
v 30.3803 17.9508 -19.8596
v 28.4441 17.9668 -19.9502
v 29.4758 21.3548 -20.6659
v 28.4441 17.9668 -19.9502
v 30.4718 18.0693 -21.7922
v 28.5355 18.0853 -21.8829
v 28.4441 17.9668 -19.9502
v 30.3803 17.9508 -19.8596
v 30.4718 18.0693 -21.7922
v 28.4983 19.6944 -20.8139
v 29.5126 19.7457 -21.7353
v 29.4848 23.0232 -20.5632
v 29.5126 19.7457 -21.7353
v 30.4355 19.6784 -20.7232
v 29.4848 23.0232 -20.5632
v 30.4355 19.6784 -20.7232
v 29.4211 19.6272 -19.8017
v 29.4848 23.0232 -20.5632
v 29.4211 19.6272 -19.8017
v 28.4983 19.6944 -20.8139
v 29.4848 23.0232 -20.5632
v 28.4983 19.6944 -20.8139
v 30.4355 19.6784 -20.7232
v 29.5126 19.7457 -21.7353
v 28.4983 19.6944 -20.8139
v 29.4211 19.6272 -19.8017
v 30.4355 19.6784 -20.7232
v 19.4254 16.7092 -38.2822
v 18.3473 16.8295 -37.6273
v 18.3555 19.9429 -39.4119
v 18.3473 16.8295 -37.6273
v 16.4625 16.9204 -39.0135
v 18.3555 19.9429 -39.4119
v 16.4625 16.9204 -39.0135
v 17.8381 16.7174 -40.8973
v 18.3555 19.9429 -39.4119
v 17.8381 16.7174 -40.8973
v 19.7229 16.6266 -39.5111
v 18.3555 19.9429 -39.4119
v 19.7229 16.6266 -39.5111
v 19.4254 16.7092 -38.2822
v 18.3555 19.9429 -39.4119
v 19.4254 16.7092 -38.2822
v 16.4625 16.9204 -39.0135
v 18.3473 16.8295 -37.6273
v 19.4254 16.7092 -38.2822
v 17.8381 16.7174 -40.8973
v 16.4625 16.9204 -39.0135
v 19.4254 16.7092 -38.2822
v 19.7229 16.6266 -39.5111
v 17.8381 16.7174 -40.8973
v 19.2749 18.3075 -38.5643
v 17.4572 18.4713 -38.2869
v 18.4869 21.5276 -39.4867
v 17.4572 18.4713 -38.2869
v 17.1733 18.4088 -40.1099
v 18.4869 21.5276 -39.4867
v 17.1733 18.4088 -40.1099
v 18.9910 18.2450 -40.3873
v 18.4869 21.5276 -39.4867
v 18.9910 18.2450 -40.3873
v 19.2749 18.3075 -38.5643
v 18.4869 21.5276 -39.4867
v 19.2749 18.3075 -38.5643
v 17.1733 18.4088 -40.1099
v 17.4572 18.4713 -38.2869
v 19.2749 18.3075 -38.5643
v 18.9910 18.2450 -40.3873
v 17.1733 18.4088 -40.1099
v 18.4975 19.9742 -38.4999
v 17.4462 20.0249 -39.2731
v 18.6183 23.1124 -39.5615
v 17.4462 20.0249 -39.2731
v 18.2135 19.9117 -40.3239
v 18.6183 23.1124 -39.5615
v 18.2135 19.9117 -40.3239
v 19.2648 19.8610 -39.5507
v 18.6183 23.1124 -39.5615
v 19.2648 19.8610 -39.5507
v 18.4975 19.9742 -38.4999
v 18.6183 23.1124 -39.5615
v 18.4975 19.9742 -38.4999
v 18.2135 19.9117 -40.3239
v 17.4462 20.0249 -39.2731
v 18.4975 19.9742 -38.4999
v 19.2648 19.8610 -39.5507
v 18.2135 19.9117 -40.3239
v 45.6861 14.9687 -34.2692
v 46.6869 14.8826 -35.0307
v 47.2473 18.1119 -33.6160
v 46.6869 14.8826 -35.0307
v 48.6994 14.8598 -33.8585
v 47.2473 18.1119 -33.6160
v 48.6994 14.8598 -33.8585
v 47.5313 15.0226 -31.8500
v 47.2473 18.1119 -33.6160
v 47.5313 15.0226 -31.8500
v 45.5188 15.0454 -33.0222
v 47.2473 18.1119 -33.6160
v 45.5188 15.0454 -33.0222
v 45.6861 14.9687 -34.2692
v 47.2473 18.1119 -33.6160
v 45.6861 14.9687 -34.2692
v 48.6994 14.8598 -33.8585
v 46.6869 14.8826 -35.0307
v 45.6861 14.9687 -34.2692
v 47.5313 15.0226 -31.8500
v 48.6994 14.8598 -33.8585
v 45.6861 14.9687 -34.2692
v 45.5188 15.0454 -33.0222
v 47.5313 15.0226 -31.8500
v 46.0562 16.5450 -34.1817
v 47.8294 16.4415 -34.6479
v 47.3164 19.6915 -33.7039
v 47.8294 16.4415 -34.6479
v 48.3002 16.5195 -32.8746
v 47.3164 19.6915 -33.7039
v 48.3002 16.5195 -32.8746
v 46.5269 16.6230 -32.4084
v 47.3164 19.6915 -33.7039
v 46.5269 16.6230 -32.4084
v 46.0562 16.5450 -34.1817
v 47.3164 19.6915 -33.7039
v 46.0562 16.5450 -34.1817
v 48.3002 16.5195 -32.8746
v 47.8294 16.4415 -34.6479
v 46.0562 16.5450 -34.1817
v 46.5269 16.6230 -32.4084
v 48.3002 16.5195 -32.8746
v 47.0117 18.0728 -34.5031
v 48.1343 18.0601 -33.8492
v 47.3854 21.2712 -33.7917
v 48.1343 18.0601 -33.8492
v 47.4828 18.1509 -32.7289
v 47.3854 21.2712 -33.7917
v 47.4828 18.1509 -32.7289
v 46.3602 18.1636 -33.3828
v 47.3854 21.2712 -33.7917
v 46.3602 18.1636 -33.3828
v 47.0117 18.0728 -34.5031
v 47.3854 21.2712 -33.7917
v 47.0117 18.0728 -34.5031
v 47.4828 18.1509 -32.7289
v 48.1343 18.0601 -33.8492
v 47.0117 18.0728 -34.5031
v 46.3602 18.1636 -33.3828
v 47.4828 18.1509 -32.7289
v -17.1488 20.5424 -50.6765
v -17.6785 20.5708 -51.2899
v -16.5682 22.5540 -51.6209
v -17.6785 20.5708 -51.2899
v -17.0072 20.5376 -52.6293
v -16.5682 22.5540 -51.6209
v -17.0072 20.5376 -52.6293
v -15.6697 20.4672 -51.9572
v -16.5682 22.5540 -51.6209
v -15.6697 20.4672 -51.9572
v -16.3410 20.5003 -50.6178
v -16.5682 22.5540 -51.6209
v -16.3410 20.5003 -50.6178
v -17.1488 20.5424 -50.6765
v -16.5682 22.5540 -51.6209
v -17.1488 20.5424 -50.6765
v -17.0072 20.5376 -52.6293
v -17.6785 20.5708 -51.2899
v -17.1488 20.5424 -50.6765
v -15.6697 20.4672 -51.9572
v -17.0072 20.5376 -52.6293
v -17.1488 20.5424 -50.6765
v -16.3410 20.5003 -50.6178
v -15.6697 20.4672 -51.9572
v -16.9955 21.5550 -50.8755
v -17.3669 21.5757 -51.9970
v -16.5153 23.5715 -51.6196
v -17.3669 21.5757 -51.9970
v -16.2469 21.5180 -52.3689
v -16.5153 23.5715 -51.6196
v -16.2469 21.5180 -52.3689
v -15.8755 21.4972 -51.2475
v -16.5153 23.5715 -51.6196
v -15.8755 21.4972 -51.2475
v -16.9955 21.5550 -50.8755
v -16.5153 23.5715 -51.6196
v -16.9955 21.5550 -50.8755
v -16.2469 21.5180 -52.3689
v -17.3669 21.5757 -51.9970
v -16.9955 21.5550 -50.8755
v -15.8755 21.4972 -51.2475
v -16.2469 21.5180 -52.3689
v -17.1285 22.5829 -51.4348
v -16.7540 22.5644 -52.1819
v -16.4624 24.5890 -51.6182
v -16.7540 22.5644 -52.1819
v -16.0080 22.5251 -51.8070
v -16.4624 24.5890 -51.6182
v -16.0080 22.5251 -51.8070
v -16.3824 22.5436 -51.0599
v -16.4624 24.5890 -51.6182
v -16.3824 22.5436 -51.0599
v -17.1285 22.5829 -51.4348
v -16.4624 24.5890 -51.6182
v -17.1285 22.5829 -51.4348
v -16.0080 22.5251 -51.8070
v -16.7540 22.5644 -52.1819
v -17.1285 22.5829 -51.4348
v -16.3824 22.5436 -51.0599
v -16.0080 22.5251 -51.8070
v 5.0659 18.4132 -40.5726
v 4.1018 18.6517 -39.6913
v 4.0433 21.8744 -41.6276
v 4.1018 18.6517 -39.6913
v 1.9040 18.9091 -40.7507
v 4.0433 21.8744 -41.6276
v 1.9040 18.9091 -40.7507
v 2.9217 18.5387 -42.9521
v 4.0433 21.8744 -41.6276
v 2.9217 18.5387 -42.9521
v 5.1195 18.2813 -41.8927
v 4.0433 21.8744 -41.6276
v 5.1195 18.2813 -41.8927
v 5.0659 18.4132 -40.5726
v 4.0433 21.8744 -41.6276
v 5.0659 18.4132 -40.5726
v 1.9040 18.9091 -40.7507
v 4.1018 18.6517 -39.6913
v 5.0659 18.4132 -40.5726
v 2.9217 18.5387 -42.9521
v 1.9040 18.9091 -40.7507
v 5.0659 18.4132 -40.5726
v 5.1195 18.2813 -41.8927
v 2.9217 18.5387 -42.9521
v 5.0029 20.0913 -40.8841
v 3.2101 20.4413 -40.2473
v 4.3091 23.5141 -41.7806
v 3.2101 20.4413 -40.2473
v 2.5522 20.3783 -42.0653
v 4.3091 23.5141 -41.7806
v 2.5522 20.3783 -42.0653
v 4.3449 20.0283 -42.7020
v 4.3091 23.5141 -41.7806
v 4.3449 20.0283 -42.7020
v 5.0029 20.0913 -40.8841
v 4.3091 23.5141 -41.7806
v 5.0029 20.0913 -40.8841
v 2.5522 20.3783 -42.0653
v 3.2101 20.4413 -40.2473
v 5.0029 20.0913 -40.8841
v 4.3449 20.0283 -42.7020
v 2.5522 20.3783 -42.0653
v 4.3724 21.9059 -40.7182
v 3.1465 22.0495 -41.3091
v 4.5749 25.1537 -41.9336
v 3.1465 22.0495 -41.3091
v 3.7142 21.8429 -42.5371
v 4.5749 25.1537 -41.9336
v 3.7142 21.8429 -42.5371
v 4.9401 21.6994 -41.9462
v 4.5749 25.1537 -41.9336
v 4.9401 21.6994 -41.9462
v 4.3724 21.9059 -40.7182
v 4.5749 25.1537 -41.9336
v 4.3724 21.9059 -40.7182
v 3.7142 21.8429 -42.5371
v 3.1465 22.0495 -41.3091
v 4.3724 21.9059 -40.7182
v 4.9401 21.6994 -41.9462
v 3.7142 21.8429 -42.5371
v 32.8796 15.7118 -21.4158
v 31.9230 15.8475 -21.7279
v 33.1364 18.2440 -22.7533
v 31.9230 15.8475 -21.7279
v 31.7727 15.8578 -23.5978
v 33.1364 18.2440 -22.7533
v 31.7727 15.8578 -23.5978
v 33.6234 15.5907 -23.7481
v 33.1364 18.2440 -22.7533
v 33.6234 15.5907 -23.7481
v 33.7738 15.5804 -21.8782
v 33.1364 18.2440 -22.7533
v 33.7738 15.5804 -21.8782
v 32.8796 15.7118 -21.4158
v 33.1364 18.2440 -22.7533
v 32.8796 15.7118 -21.4158
v 31.7727 15.8578 -23.5978
v 31.9230 15.8475 -21.7279
v 32.8796 15.7118 -21.4158
v 33.6234 15.5907 -23.7481
v 31.7727 15.8578 -23.5978
v 32.8796 15.7118 -21.4158
v 33.7738 15.5804 -21.8782
v 33.6234 15.5907 -23.7481
v 33.0387 16.9758 -21.7032
v 31.9230 17.1305 -22.6619
v 33.3179 19.5065 -22.7610
v 31.9230 17.1305 -22.6619
v 32.8710 16.9873 -23.7882
v 33.3179 19.5065 -22.7610
v 32.8710 16.9873 -23.7882
v 33.9866 16.8326 -22.8295
v 33.3179 19.5065 -22.7610
v 33.9866 16.8326 -22.8295
v 33.0387 16.9758 -21.7032
v 33.3179 19.5065 -22.7610
v 33.0387 16.9758 -21.7032
v 32.8710 16.9873 -23.7882
v 31.9230 17.1305 -22.6619
v 33.0387 16.9758 -21.7032
v 33.9866 16.8326 -22.8295
v 32.8710 16.9873 -23.7882
v 32.6621 18.3156 -22.1899
v 32.5783 18.3214 -23.2329
v 33.4995 20.7689 -22.7687
v 32.5783 18.3214 -23.2329
v 33.6106 18.1724 -23.3168
v 33.4995 20.7689 -22.7687
v 33.6106 18.1724 -23.3168
v 33.6945 18.1667 -22.2738
v 33.4995 20.7689 -22.7687
v 33.6945 18.1667 -22.2738
v 32.6621 18.3156 -22.1899
v 33.4995 20.7689 -22.7687
v 32.6621 18.3156 -22.1899
v 33.6106 18.1724 -23.3168
v 32.5783 18.3214 -23.2329
v 32.6621 18.3156 -22.1899
v 33.6945 18.1667 -22.2738
v 33.6106 18.1724 -23.3168
v -11.4679 20.4618 -29.6375
v -11.9949 20.4493 -28.7321
v -12.8871 23.0610 -29.8213
v -11.9949 20.4493 -28.7321
v -13.9128 20.4033 -28.9918
v -12.8871 23.0610 -29.8213
v -13.9128 20.4033 -28.9918
v -13.6531 20.4094 -30.9102
v -12.8871 23.0610 -29.8213
v -13.6531 20.4094 -30.9102
v -11.7353 20.4554 -30.6505
v -12.8871 23.0610 -29.8213
v -11.7353 20.4554 -30.6505
v -11.4679 20.4618 -29.6375
v -12.8871 23.0610 -29.8213
v -11.4679 20.4618 -29.6375
v -13.9128 20.4033 -28.9918
v -11.9949 20.4493 -28.7321
v -11.4679 20.4618 -29.6375
v -13.6531 20.4094 -30.9102
v -13.9128 20.4033 -28.9918
v -11.4679 20.4618 -29.6375
v -11.7353 20.4554 -30.6505
v -13.6531 20.4094 -30.9102
v -11.7863 21.7708 -29.6764
v -13.0003 21.7418 -28.7517
v -12.9187 24.3769 -29.8214
v -13.0003 21.7418 -28.7517
v -13.9248 21.7195 -29.9660
v -12.9187 24.3769 -29.8214
v -13.9248 21.7195 -29.9660
v -12.7108 21.7486 -30.8908
v -12.9187 24.3769 -29.8214
v -12.7108 21.7486 -30.8908
v -11.7863 21.7708 -29.6764
v -12.9187 24.3769 -29.8214
v -11.7863 21.7708 -29.6764
v -13.9248 21.7195 -29.9660
v -13.0003 21.7418 -28.7517
v -11.7863 21.7708 -29.6764
v -12.7108 21.7486 -30.8908
v -13.9248 21.7195 -29.9660
v -12.4247 23.0721 -29.2138
v -13.4944 23.0465 -29.3587
v -12.9502 25.6927 -29.8214
v -13.4944 23.0465 -29.3587
v -13.3496 23.0499 -30.4288
v -12.9502 25.6927 -29.8214
v -13.3496 23.0499 -30.4288
v -12.2798 23.0756 -30.2839
v -12.9502 25.6927 -29.8214
v -12.2798 23.0756 -30.2839
v -12.4247 23.0721 -29.2138
v -12.9502 25.6927 -29.8214
v -12.4247 23.0721 -29.2138
v -13.3496 23.0499 -30.4288
v -13.4944 23.0465 -29.3587
v -12.4247 23.0721 -29.2138
v -12.2798 23.0756 -30.2839
v -13.3496 23.0499 -30.4288
v 17.1405 17.1664 -26.9425
v 17.9204 17.0771 -26.8041
v 17.6021 19.1502 -25.9696
v 17.9204 17.0771 -26.8041
v 18.2405 17.0708 -25.3666
v 17.6021 19.1502 -25.9696
v 18.2405 17.0708 -25.3666
v 16.8134 17.2466 -25.0480
v 17.6021 19.1502 -25.9696
v 16.8134 17.2466 -25.0480
v 16.4933 17.2530 -26.4855
v 17.6021 19.1502 -25.9696
v 16.4933 17.2530 -26.4855
v 17.1405 17.1664 -26.9425
v 17.6021 19.1502 -25.9696
v 17.1405 17.1664 -26.9425
v 18.2405 17.0708 -25.3666
v 17.9204 17.0771 -26.8041
v 17.1405 17.1664 -26.9425
v 16.8134 17.2466 -25.0480
v 18.2405 17.0708 -25.3666
v 17.1405 17.1664 -26.9425
v 16.4933 17.2530 -26.4855
v 16.8134 17.2466 -25.0480
v 17.3060 18.1596 -26.7493
v 18.2802 18.0580 -26.1254
v 17.7197 20.1443 -25.9914
v 18.2802 18.0580 -26.1254
v 17.6630 18.1525 -25.1464
v 17.7197 20.1443 -25.9914
v 17.6630 18.1525 -25.1464
v 16.6889 18.2540 -25.7702
v 17.7197 20.1443 -25.9914
v 16.6889 18.2540 -25.7702
v 17.3060 18.1596 -26.7493
v 17.7197 20.1443 -25.9914
v 17.3060 18.1596 -26.7493
v 17.6630 18.1525 -25.1464
v 18.2802 18.0580 -26.1254
v 17.3060 18.1596 -26.7493
v 16.6889 18.2540 -25.7702
v 17.6630 18.1525 -25.1464
v 17.9109 19.1029 -26.4594
v 18.0894 19.0994 -25.6575
v 17.8374 21.1385 -26.0132
v 18.0894 19.0994 -25.6575
v 17.2934 19.1974 -25.4798
v 17.8374 21.1385 -26.0132
v 17.2934 19.1974 -25.4798
v 17.1148 19.2010 -26.2817
v 17.8374 21.1385 -26.0132
v 17.1148 19.2010 -26.2817
v 17.9109 19.1029 -26.4594
v 17.8374 21.1385 -26.0132
v 17.9109 19.1029 -26.4594
v 17.2934 19.1974 -25.4798
v 18.0894 19.0994 -25.6575
v 17.9109 19.1029 -26.4594
v 17.1148 19.2010 -26.2817
v 17.2934 19.1974 -25.4798
v 30.5586 15.4256 -12.1672
v 29.8278 15.4436 -12.1574
v 30.2270 17.2786 -13.0291
v 29.8278 15.4436 -12.1574
v 29.2947 15.4673 -13.3984
v 30.2270 17.2786 -13.0291
v 29.2947 15.4673 -13.3984
v 30.5354 15.4411 -13.9319
v 30.2270 17.2786 -13.0291
v 30.5354 15.4411 -13.9319
v 31.0685 15.4175 -12.6910
v 30.2270 17.2786 -13.0291
v 31.0685 15.4175 -12.6910
v 30.5586 15.4256 -12.1672
v 30.2270 17.2786 -13.0291
v 30.5586 15.4256 -12.1672
v 29.2947 15.4673 -13.3984
v 29.8278 15.4436 -12.1574
v 30.5586 15.4256 -12.1672
v 30.5354 15.4411 -13.9319
v 29.2947 15.4673 -13.3984
v 30.5586 15.4256 -12.1672
v 31.0685 15.4175 -12.6910
v 30.5354 15.4411 -13.9319
v 30.5015 16.3473 -12.3451
v 29.5126 16.3751 -12.7395
v 30.2496 18.1967 -13.0214
v 29.5126 16.3751 -12.7395
v 29.9071 16.3737 -13.7288
v 30.2496 18.1967 -13.0214
v 29.9071 16.3737 -13.7288
v 30.8960 16.3459 -13.3344
v 30.2496 18.1967 -13.0214
v 30.8960 16.3459 -13.3344
v 30.5015 16.3473 -12.3451
v 30.2496 18.1967 -13.0214
v 30.5015 16.3473 -12.3451
v 29.9071 16.3737 -13.7288
v 29.5126 16.3751 -12.7395
v 30.5015 16.3473 -12.3451
v 30.8960 16.3459 -13.3344
v 29.9071 16.3737 -13.7288
v 30.0296 17.2793 -12.5343
v 29.7323 17.2925 -13.2264
v 30.2723 19.1148 -13.0136
v 29.7323 17.2925 -13.2264
v 30.4243 17.2779 -13.5240
v 30.2723 19.1148 -13.0136
v 30.4243 17.2779 -13.5240
v 30.7217 17.2647 -12.8319
v 30.2723 19.1148 -13.0136
v 30.7217 17.2647 -12.8319
v 30.0296 17.2793 -12.5343
v 30.2723 19.1148 -13.0136
v 30.0296 17.2793 -12.5343
v 30.4243 17.2779 -13.5240
v 29.7323 17.2925 -13.2264
v 30.0296 17.2793 -12.5343
v 30.7217 17.2647 -12.8319
v 30.4243 17.2779 -13.5240
v 22.8557 16.6498 -29.2503
v 21.9274 16.5961 -30.1115
v 23.2153 19.8806 -30.7719
v 21.9274 16.5961 -30.1115
v 22.7370 16.6719 -32.3076
v 23.2153 19.8806 -30.7719
v 22.7370 16.6719 -32.3076
v 24.9289 16.8107 -31.4948
v 23.2153 19.8806 -30.7719
v 24.9289 16.8107 -31.4948
v 24.1193 16.7350 -29.2987
v 23.2153 19.8806 -30.7719
v 24.1193 16.7350 -29.2987
v 22.8557 16.6498 -29.2503
v 23.2153 19.8806 -30.7719
v 22.8557 16.6498 -29.2503
v 22.7370 16.6719 -32.3076
v 21.9274 16.5961 -30.1115
v 22.8557 16.6498 -29.2503
v 24.9289 16.8107 -31.4948
v 22.7370 16.6719 -32.3076
v 22.8557 16.6498 -29.2503
v 24.1193 16.7350 -29.2987
v 24.9289 16.8107 -31.4948
v 22.8704 18.2497 -29.5632
v 22.0997 18.2146 -31.2407
v 23.1089 21.4691 -30.7563
v 22.0997 18.2146 -31.2407
v 23.7731 18.3343 -32.0119
v 23.1089 21.4691 -30.7563
v 23.7731 18.3343 -32.0119
v 24.5437 18.3694 -30.3344
v 23.1089 21.4691 -30.7563
v 24.5437 18.3694 -30.3344
v 22.8704 18.2497 -29.5632
v 23.1089 21.4691 -30.7563
v 22.8704 18.2497 -29.5632
v 23.7731 18.3343 -32.0119
v 22.0997 18.2146 -31.2407
v 22.8704 18.2497 -29.5632
v 24.5437 18.3694 -30.3344
v 23.7731 18.3343 -32.0119
v 22.3783 19.8207 -30.3861
v 22.8298 19.8630 -31.6111
v 23.0025 23.0577 -30.7407
v 22.8298 19.8630 -31.6111
v 24.0524 19.9404 -31.1577
v 23.0025 23.0577 -30.7407
v 24.0524 19.9404 -31.1577
v 23.6008 19.8981 -29.9328
v 23.0025 23.0577 -30.7407
v 23.6008 19.8981 -29.9328
v 22.3783 19.8207 -30.3861
v 23.0025 23.0577 -30.7407
v 22.3783 19.8207 -30.3861
v 24.0524 19.9404 -31.1577
v 22.8298 19.8630 -31.6111
v 22.3783 19.8207 -30.3861
v 23.6008 19.8981 -29.9328
v 24.0524 19.9404 -31.1577
v 51.7586 13.3206 5.4502
v 51.1095 13.3808 6.0809
v 50.7538 15.6072 4.8500
v 51.1095 13.3808 6.0809
v 49.5705 13.3990 5.4175
v 50.7538 15.6072 4.8500
v 49.5705 13.3990 5.4175
v 50.2313 13.2862 3.8815
v 50.7538 15.6072 4.8500
v 50.2313 13.2862 3.8815
v 51.7702 13.2680 4.5448
v 50.7538 15.6072 4.8500
v 51.7702 13.2680 4.5448
v 51.7586 13.3206 5.4502
v 50.7538 15.6072 4.8500
v 51.7586 13.3206 5.4502
v 49.5705 13.3990 5.4175
v 51.1095 13.3808 6.0809
v 51.7586 13.3206 5.4502
v 50.2313 13.2862 3.8815
v 49.5705 13.3990 5.4175
v 51.7586 13.3206 5.4502
v 51.7702 13.2680 4.5448
v 50.2313 13.2862 3.8815
v 51.5701 14.4602 5.2854
v 50.3437 14.5332 5.7720
v 50.7956 16.7440 4.7845
v 50.3437 14.5332 5.7720
v 49.8541 14.4805 4.5458
v 50.7956 16.7440 4.7845
v 49.8541 14.4805 4.5458
v 51.0805 14.4074 4.0592
v 50.7956 16.7440 4.7845
v 51.0805 14.4074 4.0592
v 51.5701 14.4602 5.2854
v 50.7956 16.7440 4.7845
v 51.5701 14.4602 5.2854
v 49.8541 14.4805 4.5458
v 50.3437 14.5332 5.7720
v 51.5701 14.4602 5.2854
v 51.0805 14.4074 4.0592
v 49.8541 14.4805 4.5458
v 50.9988 15.6335 5.4634
v 50.1404 15.6437 5.0934
v 50.8373 17.8808 4.7189
v 50.1404 15.6437 5.0934
v 50.5089 15.5808 4.2366
v 50.8373 17.8808 4.7189
v 50.5089 15.5808 4.2366
v 51.3673 15.5706 4.6066
v 50.8373 17.8808 4.7189
v 51.3673 15.5706 4.6066
v 50.9988 15.6335 5.4634
v 50.8373 17.8808 4.7189
v 50.9988 15.6335 5.4634
v 50.5089 15.5808 4.2366
v 50.1404 15.6437 5.0934
v 50.9988 15.6335 5.4634
v 51.3673 15.5706 4.6066
v 50.5089 15.5808 4.2366
v 1.5661 18.4036 -49.5127
v 0.7202 18.4005 -49.1029
v 0.6473 20.7699 -50.3135
v 0.7202 18.4005 -49.1029
v -0.5774 18.4073 -50.2571
v 0.6473 20.7699 -50.3135
v -0.5774 18.4073 -50.2571
v 0.5768 18.4164 -51.5547
v 0.6473 20.7699 -50.3135
v 0.5768 18.4164 -51.5547
v 1.8744 18.4096 -50.4005
v 0.6473 20.7699 -50.3135
v 1.8744 18.4096 -50.4005
v 1.5661 18.4036 -49.5127
v 0.6473 20.7699 -50.3135
v 1.5661 18.4036 -49.5127
v -0.5774 18.4073 -50.2571
v 0.7202 18.4005 -49.1029
v 1.5661 18.4036 -49.5127
v 0.5768 18.4164 -51.5547
v -0.5774 18.4073 -50.2571
v 1.5661 18.4036 -49.5127
v 1.8744 18.4096 -50.4005
v 0.5768 18.4164 -51.5547
v 1.3714 19.5854 -49.6777
v 0.0044 19.5842 -49.5977
v 0.6466 21.9507 -50.3058
v 0.0044 19.5842 -49.5977
v -0.0756 19.5930 -50.9646
v 0.6466 21.9507 -50.3058
v -0.0756 19.5930 -50.9646
v 1.2914 19.5942 -51.0446
v 0.6466 21.9507 -50.3058
v 1.2914 19.5942 -51.0446
v 1.3714 19.5854 -49.6777
v 0.6466 21.9507 -50.3058
v 1.3714 19.5854 -49.6777
v -0.0756 19.5930 -50.9646
v 0.0044 19.5842 -49.5977
v 1.3714 19.5854 -49.6777
v 1.2914 19.5942 -51.0446
v -0.0756 19.5930 -50.9646
v 0.6873 20.7655 -49.6297
v -0.0365 20.7693 -50.2735
v 0.6460 23.1314 -50.2981
v -0.0365 20.7693 -50.2735
v 0.6073 20.7743 -50.9973
v 0.6460 23.1314 -50.2981
v 0.6073 20.7743 -50.9973
v 1.3311 20.7705 -50.3535
v 0.6460 23.1314 -50.2981
v 1.3311 20.7705 -50.3535
v 0.6873 20.7655 -49.6297
v 0.6460 23.1314 -50.2981
v 0.6873 20.7655 -49.6297
v 0.6073 20.7743 -50.9973
v -0.0365 20.7693 -50.2735
v 0.6873 20.7655 -49.6297
v 1.3311 20.7705 -50.3535
v 0.6073 20.7743 -50.9973
v -13.2468 21.5957 1.5022
v -12.9415 21.5883 2.5264
v -14.2746 24.3020 2.3857
v -12.9415 21.5883 2.5264
v -14.4736 21.6189 3.7720
v -14.2746 24.3020 2.3857
v -14.4736 21.6189 3.7720
v -15.7189 21.6462 2.2396
v -14.2746 24.3020 2.3857
v -15.7189 21.6462 2.2396
v -14.1868 21.6157 0.9940
v -14.2746 24.3020 2.3857
v -14.1868 21.6157 0.9940
v -13.2468 21.5957 1.5022
v -14.2746 24.3020 2.3857
v -13.2468 21.5957 1.5022
v -14.4736 21.6189 3.7720
v -12.9415 21.5883 2.5264
v -13.2468 21.5957 1.5022
v -15.7189 21.6462 2.2396
v -14.4736 21.6189 3.7720
v -13.2468 21.5957 1.5022
v -14.1868 21.6157 0.9940
v -15.7189 21.6462 2.2396
v -13.4482 22.9426 1.6899
v -13.6081 22.9444 3.2387
v -14.2467 25.6444 2.3870
v -13.6081 22.9444 3.2387
v -15.1566 22.9766 3.0788
v -14.2467 25.6444 2.3870
v -15.1566 22.9766 3.0788
v -14.9966 22.9749 1.5300
v -14.2467 25.6444 2.3870
v -14.9966 22.9749 1.5300
v -13.4482 22.9426 1.6899
v -14.2467 25.6444 2.3870
v -13.4482 22.9426 1.6899
v -15.1566 22.9766 3.0788
v -13.6081 22.9444 3.2387
v -13.4482 22.9426 1.6899
v -14.9966 22.9749 1.5300
v -15.1566 22.9766 3.0788
v -13.5000 24.2859 2.4656
v -14.3546 24.3029 3.1604
v -14.2189 26.9868 2.3883
v -14.3546 24.3029 3.1604
v -15.0492 24.3181 2.3057
v -14.2189 26.9868 2.3883
v -15.0492 24.3181 2.3057
v -14.1946 24.3011 1.6109
v -14.2189 26.9868 2.3883
v -14.1946 24.3011 1.6109
v -13.5000 24.2859 2.4656
v -14.2189 26.9868 2.3883
v -13.5000 24.2859 2.4656
v -15.0492 24.3181 2.3057
v -14.3546 24.3029 3.1604
v -13.5000 24.2859 2.4656
v -14.1946 24.3011 1.6109
v -15.0492 24.3181 2.3057
v 38.2411 14.7866 15.5877
v 37.5361 14.7527 14.5171
v 39.0063 18.0595 14.2122
v 37.5361 14.7527 14.5171
v 38.8626 14.8310 12.5551
v 39.0063 18.0595 14.2122
v 38.8626 14.8310 12.5551
v 40.8219 14.9314 13.8839
v 39.0063 18.0595 14.2122
v 40.8219 14.9314 13.8839
v 39.4955 14.8530 15.8458
v 39.0063 18.0595 14.2122
v 39.4955 14.8530 15.8458
v 38.2411 14.7866 15.5877
v 39.0063 18.0595 14.2122
v 38.2411 14.7866 15.5877
v 38.8626 14.8310 12.5551
v 37.5361 14.7527 14.5171
v 38.2411 14.7866 15.5877
v 40.8219 14.9314 13.8839
v 38.8626 14.8310 12.5551
v 38.2411 14.7866 15.5877
v 39.4955 14.8530 15.8458
v 40.8219 14.9314 13.8839
v 38.3531 16.4071 15.3001
v 38.0003 16.3948 13.4655
v 38.9200 19.6682 14.2180
v 38.0003 16.3948 13.4655
v 39.8322 16.4944 13.1125
v 38.9200 19.6682 14.2180
v 39.8322 16.4944 13.1125
v 40.1851 16.5067 14.9471
v 38.9200 19.6682 14.2180
v 40.1851 16.5067 14.9471
v 38.3531 16.4071 15.3001
v 38.9200 19.6682 14.2180
v 38.3531 16.4071 15.3001
v 39.8322 16.4944 13.1125
v 38.0003 16.3948 13.4655
v 38.3531 16.4071 15.3001
v 40.1851 16.5067 14.9471
v 39.8322 16.4944 13.1125
v 38.0899 18.0097 14.3888
v 38.8298 18.0534 13.2944
v 38.8337 21.2770 14.2239
v 38.8298 18.0534 13.2944
v 39.9227 18.1093 14.0356
v 38.8337 21.2770 14.2239
v 39.9227 18.1093 14.0356
v 39.1829 18.0656 15.1299
v 38.8337 21.2770 14.2239
v 39.1829 18.0656 15.1299
v 38.0899 18.0097 14.3888
v 38.8337 21.2770 14.2239
v 38.0899 18.0097 14.3888
v 39.9227 18.1093 14.0356
v 38.8298 18.0534 13.2944
v 38.0899 18.0097 14.3888
v 39.1829 18.0656 15.1299
v 39.9227 18.1093 14.0356
v 23.8688 15.8698 -49.2743
v 23.6230 15.9054 -48.4225
v 22.6297 18.0559 -49.2612
v 23.6230 15.9054 -48.4225
v 21.9949 15.8510 -48.2365
v 22.6297 18.0559 -49.2612
v 21.9949 15.8510 -48.2365
v 21.8123 15.7572 -49.8632
v 22.6297 18.0559 -49.2612
v 21.8123 15.7572 -49.8632
v 23.4403 15.8117 -50.0491
v 22.6297 18.0559 -49.2612
v 23.4403 15.8117 -50.0491
v 23.8688 15.8698 -49.2743
v 22.6297 18.0559 -49.2612
v 23.8688 15.8698 -49.2743
v 21.9949 15.8510 -48.2365
v 23.6230 15.9054 -48.4225
v 23.8688 15.8698 -49.2743
v 21.8123 15.7572 -49.8632
v 21.9949 15.8510 -48.2365
v 23.8688 15.8698 -49.2743
v 23.4403 15.8117 -50.0491
v 21.8123 15.7572 -49.8632
v 23.5813 16.9740 -49.3057
v 22.7755 16.9959 -48.2951
v 22.5858 19.1682 -49.3204
v 22.7755 16.9959 -48.2951
v 21.7660 16.9133 -49.0983
v 22.5858 19.1682 -49.3204
v 21.7660 16.9133 -49.0983
v 22.5718 16.8913 -50.1089
v 22.5858 19.1682 -49.3204
v 22.5718 16.8913 -50.1089
v 23.5813 16.9740 -49.3057
v 22.5858 19.1682 -49.3204
v 23.5813 16.9740 -49.3057
v 21.7660 16.9133 -49.0983
v 22.7755 16.9959 -48.2951
v 23.5813 16.9740 -49.3057
v 22.5718 16.8913 -50.1089
v 21.7660 16.9133 -49.0983
v 23.1347 18.0972 -48.8594
v 22.2266 18.0669 -48.7557
v 22.5418 20.2805 -49.3795
v 22.2266 18.0669 -48.7557
v 22.1247 18.0146 -49.6630
v 22.5418 20.2805 -49.3795
v 22.1247 18.0146 -49.6630
v 23.0328 18.0449 -49.7667
v 22.5418 20.2805 -49.3795
v 23.0328 18.0449 -49.7667
v 23.1347 18.0972 -48.8594
v 22.5418 20.2805 -49.3795
v 23.1347 18.0972 -48.8594
v 22.1247 18.0146 -49.6630
v 22.2266 18.0669 -48.7557
v 23.1347 18.0972 -48.8594
v 23.0328 18.0449 -49.7667
v 22.1247 18.0146 -49.6630
v -4.5360 19.3942 -34.2466
v -3.5573 19.4175 -33.7116
v -4.7654 22.1862 -32.7854
v -3.5573 19.4175 -33.7116
v -3.7781 19.4030 -31.6620
v -4.7654 22.1862 -32.7854
v -3.7781 19.4030 -31.6620
v -5.8270 19.3504 -31.8831
v -4.7654 22.1862 -32.7854
v -5.8270 19.3504 -31.8831
v -5.6062 19.3649 -33.9327
v -4.7654 22.1862 -32.7854
v -5.6062 19.3649 -33.9327
v -4.5360 19.3942 -34.2466
v -4.7654 22.1862 -32.7854
v -4.5360 19.3942 -34.2466
v -3.7781 19.4030 -31.6620
v -3.5573 19.4175 -33.7116
v -4.5360 19.3942 -34.2466
v -5.8270 19.3504 -31.8831
v -3.7781 19.4030 -31.6620
v -4.5360 19.3942 -34.2466
v -5.6062 19.3649 -33.9327
v -5.8270 19.3504 -31.8831
v -4.6057 20.7931 -33.9340
v -3.5865 20.8144 -32.6681
v -4.8020 23.5873 -32.7794
v -3.5865 20.8144 -32.6681
v -4.8519 20.7770 -31.6487
v -4.8020 23.5873 -32.7794
v -4.8519 20.7770 -31.6487
v -5.8711 20.7557 -32.9146
v -4.8020 23.5873 -32.7794
v -5.8711 20.7557 -32.9146
v -4.6057 20.7931 -33.9340
v -4.8020 23.5873 -32.7794
v -4.6057 20.7931 -33.9340
v -4.8519 20.7770 -31.6487
v -3.5865 20.8144 -32.6681
v -4.6057 20.7931 -33.9340
v -5.8711 20.7557 -32.9146
v -4.8519 20.7770 -31.6487
v -4.1324 22.2049 -33.2953
v -4.2555 22.1968 -32.1521
v -4.8386 24.9884 -32.7734
v -4.2555 22.1968 -32.1521
v -5.3984 22.1674 -32.2754
v -4.8386 24.9884 -32.7734
v -5.3984 22.1674 -32.2754
v -5.2752 22.1755 -33.4187
v -4.8386 24.9884 -32.7734
v -5.2752 22.1755 -33.4187
v -4.1324 22.2049 -33.2953
v -4.8386 24.9884 -32.7734
v -4.1324 22.2049 -33.2953
v -5.3984 22.1674 -32.2754
v -4.2555 22.1968 -32.1521
v -4.1324 22.2049 -33.2953
v -5.2752 22.1755 -33.4187
v -5.3984 22.1674 -32.2754
v -10.9183 20.6732 -6.2880
v -10.8376 20.6787 -7.2550
v -9.7556 23.1345 -6.6639
v -10.8376 20.6787 -7.2550
v -9.1301 20.7122 -7.8008
v -9.7556 23.1345 -6.6639
v -9.1301 20.7122 -7.8008
v -8.5842 20.7151 -6.0931
v -9.7556 23.1345 -6.6639
v -8.5842 20.7151 -6.0931
v -10.2917 20.6816 -5.5472
v -9.7556 23.1345 -6.6639
v -10.2917 20.6816 -5.5472
v -10.9183 20.6732 -6.2880
v -9.7556 23.1345 -6.6639
v -10.9183 20.6732 -6.2880
v -9.1301 20.7122 -7.8008
v -10.8376 20.6787 -7.2550
v -10.9183 20.6732 -6.2880
v -8.5842 20.7151 -6.0931
v -9.1301 20.7122 -7.8008
v -10.9183 20.6732 -6.2880
v -10.2917 20.6816 -5.5472
v -8.5842 20.7151 -6.0931
v -10.6852 21.8970 -6.3646
v -10.0376 21.9141 -7.6211
v -9.7779 24.3533 -6.6589
v -10.0376 21.9141 -7.6211
v -8.7813 21.9344 -6.9733
v -9.7779 24.3533 -6.6589
v -8.7813 21.9344 -6.9733
v -9.4289 21.9173 -5.7169
v -9.7779 24.3533 -6.6589
v -9.4289 21.9173 -5.7169
v -10.6852 21.8970 -6.3646
v -9.7779 24.3533 -6.6589
v -10.6852 21.8970 -6.3646
v -8.7813 21.9344 -6.9733
v -10.0376 21.9141 -7.6211
v -10.6852 21.8970 -6.3646
v -9.4289 21.9173 -5.7169
v -8.7813 21.9344 -6.9733
v -10.3840 23.1243 -6.9880
v -9.4316 23.1430 -7.2925
v -9.8002 25.5721 -6.6539
v -9.4316 23.1430 -7.2925
v -9.1271 23.1447 -6.3399
v -9.8002 25.5721 -6.6539
v -9.1271 23.1447 -6.3399
v -10.0795 23.1260 -6.0354
v -9.8002 25.5721 -6.6539
v -10.0795 23.1260 -6.0354
v -10.3840 23.1243 -6.9880
v -9.8002 25.5721 -6.6539
v -10.3840 23.1243 -6.9880
v -9.1271 23.1447 -6.3399
v -9.4316 23.1430 -7.2925
v -10.3840 23.1243 -6.9880
v -10.0795 23.1260 -6.0354
v -9.1271 23.1447 -6.3399
v 21.3640 18.2457 29.5718
v 21.4083 18.2913 30.7598
v 20.2788 21.3935 30.0873
v 21.4083 18.2913 30.7598
v 19.4216 18.5434 31.6665
v 20.2788 21.3935 30.0873
v 19.4216 18.5434 31.6665
v 18.5103 18.5568 29.6661
v 20.2788 21.3935 30.0873
v 18.5103 18.5568 29.6661
v 20.4969 18.3047 28.7593
v 20.2788 21.3935 30.0873
v 20.4969 18.3047 28.7593
v 21.3640 18.2457 29.5718
v 20.2788 21.3935 30.0873
v 21.3640 18.2457 29.5718
v 19.4216 18.5434 31.6665
v 21.4083 18.2913 30.7598
v 21.3640 18.2457 29.5718
v 18.5103 18.5568 29.6661
v 19.4216 18.5434 31.6665
v 21.3640 18.2457 29.5718
v 20.4969 18.3047 28.7593
v 18.5103 18.5568 29.6661
v 21.2266 19.7682 29.6446
v 20.6271 19.9013 31.2654
v 20.4385 22.8783 30.0245
v 20.6271 19.9013 31.2654
v 19.0114 20.0494 30.6556
v 20.4385 22.8783 30.0245
v 19.0114 20.0494 30.6556
v 19.6109 19.9163 29.0348
v 20.4385 22.8783 30.0245
v 19.6109 19.9163 29.0348
v 21.2266 19.7682 29.6446
v 20.4385 22.8783 30.0245
v 21.2266 19.7682 29.6446
v 19.0114 20.0494 30.6556
v 20.6271 19.9013 31.2654
v 21.2266 19.7682 29.6446
v 19.6109 19.9163 29.0348
v 19.0114 20.0494 30.6556
v 21.0870 21.3195 30.3923
v 19.9789 21.4601 30.8981
v 20.5983 24.3631 29.9616
v 19.9789 21.4601 30.8981
v 19.4705 21.4676 29.7822
v 20.5983 24.3631 29.9616
v 19.4705 21.4676 29.7822
v 20.5787 21.3270 29.2765
v 20.5983 24.3631 29.9616
v 20.5787 21.3270 29.2765
v 21.0870 21.3195 30.3923
v 20.5983 24.3631 29.9616
v 21.0870 21.3195 30.3923
v 19.4705 21.4676 29.7822
v 19.9789 21.4601 30.8981
v 21.0870 21.3195 30.3923
v 20.5787 21.3270 29.2765
v 19.4705 21.4676 29.7822
v -7.9270 19.6264 -25.6504
v -6.8815 19.7241 -25.7934
v -7.4821 22.3472 -24.4641
v -6.8815 19.7241 -25.7934
v -5.8998 19.8227 -24.1019
v -7.4821 22.3472 -24.4641
v -5.8998 19.8227 -24.1019
v -7.5843 19.6680 -23.1153
v -7.4821 22.3472 -24.4641
v -7.5843 19.6680 -23.1153
v -8.5659 19.5695 -24.8068
v -7.4821 22.3472 -24.4641
v -8.5659 19.5695 -24.8068
v -7.9270 19.6264 -25.6504
v -7.4821 22.3472 -24.4641
v -7.9270 19.6264 -25.6504
v -5.8998 19.8227 -24.1019
v -6.8815 19.7241 -25.7934
v -7.9270 19.6264 -25.6504
v -7.5843 19.6680 -23.1153
v -5.8998 19.8227 -24.1019
v -7.9270 19.6264 -25.6504
v -8.5659 19.5695 -24.8068
v -7.5843 19.6680 -23.1153
v -7.9048 20.9667 -25.4023
v -6.4184 21.1079 -25.0093
v -7.6067 23.6727 -24.4690
v -6.4184 21.1079 -25.0093
v -6.8102 21.0765 -23.5162
v -7.6067 23.6727 -24.4690
v -6.8102 21.0765 -23.5162
v -8.2966 20.9354 -23.9092
v -7.6067 23.6727 -24.4690
v -8.2966 20.9354 -23.9092
v -7.9048 20.9667 -25.4023
v -7.6067 23.6727 -24.4690
v -7.9048 20.9667 -25.4023
v -6.8102 21.0765 -23.5162
v -6.4184 21.1079 -25.0093
v -7.9048 20.9667 -25.4023
v -8.2966 20.9354 -23.9092
v -6.8102 21.0765 -23.5162
v -7.2861 22.3628 -25.2110
v -6.7385 22.4178 -24.2675
v -7.7313 24.9983 -24.4739
v -6.7385 22.4178 -24.2675
v -7.6781 22.3315 -23.7172
v -7.7313 24.9983 -24.4739
v -7.6781 22.3315 -23.7172
v -8.2256 22.2765 -24.6607
v -7.7313 24.9983 -24.4739
v -8.2256 22.2765 -24.6607
v -7.2861 22.3628 -25.2110
v -7.7313 24.9983 -24.4739
v -7.2861 22.3628 -25.2110
v -7.6781 22.3315 -23.7172
v -6.7385 22.4178 -24.2675
v -7.2861 22.3628 -25.2110
v -8.2256 22.2765 -24.6607
v -7.6781 22.3315 -23.7172
v 31.2824 15.6902 -42.6614
v 31.6241 15.6970 -43.6375
v 32.5877 18.3112 -42.7342
v 31.6241 15.6970 -43.6375
v 33.5318 15.7291 -43.7442
v 32.5877 18.3112 -42.7342
v 33.5318 15.7291 -43.7442
v 33.6386 15.7289 -41.8362
v 32.5877 18.3112 -42.7342
v 33.6386 15.7289 -41.8362
v 31.7308 15.6968 -41.7295
v 32.5877 18.3112 -42.7342
v 31.7308 15.6968 -41.7295
v 31.2824 15.6902 -42.6614
v 32.5877 18.3112 -42.7342
v 31.2824 15.6902 -42.6614
v 33.5318 15.7291 -43.7442
v 31.6241 15.6970 -43.6375
v 31.2824 15.6902 -42.6614
v 33.6386 15.7289 -41.8362
v 33.5318 15.7291 -43.7442
v 31.2824 15.6902 -42.6614
v 31.7308 15.6968 -41.7295
v 33.6386 15.7289 -41.8362
v 31.5459 16.9941 -42.6760
v 32.5500 17.0122 -43.7993
v 32.5658 19.6103 -42.7328
v 32.5500 17.0122 -43.7993
v 33.6731 17.0300 -42.7950
v 32.5658 19.6103 -42.7328
v 33.6731 17.0300 -42.7950
v 32.6690 17.0120 -41.6717
v 32.5658 19.6103 -42.7328
v 32.6690 17.0120 -41.6717
v 31.5459 16.9941 -42.6760
v 32.5658 19.6103 -42.7328
v 31.5459 16.9941 -42.6760
v 33.6731 17.0300 -42.7950
v 32.5500 17.0122 -43.7993
v 31.5459 16.9941 -42.6760
v 32.6690 17.0120 -41.6717
v 33.6731 17.0300 -42.7950
v 32.0258 18.3022 -43.2365
v 33.0899 18.3202 -43.2961
v 32.5440 20.9094 -42.7315
v 33.0899 18.3202 -43.2961
v 33.1495 18.3201 -42.2318
v 32.5440 20.9094 -42.7315
v 33.1495 18.3201 -42.2318
v 32.0854 18.3021 -42.1722
v 32.5440 20.9094 -42.7315
v 32.0854 18.3021 -42.1722
v 32.0258 18.3022 -43.2365
v 32.5440 20.9094 -42.7315
v 32.0258 18.3022 -43.2365
v 33.1495 18.3201 -42.2318
v 33.0899 18.3202 -43.2961
v 32.0258 18.3022 -43.2365
v 32.0854 18.3021 -42.1722
v 33.1495 18.3201 -42.2318
v 26.4172 15.9057 5.0879
v 27.2102 15.8790 5.4253
v 26.4791 18.0706 6.2156
v 27.2102 15.8790 5.4253
v 27.1952 15.8785 7.0184
v 26.4791 18.0706 6.2156
v 27.1952 15.8785 7.0184
v 25.6030 15.9318 7.0034
v 26.4791 18.0706 6.2156
v 25.6030 15.9318 7.0034
v 25.6180 15.9323 5.4103
v 26.4791 18.0706 6.2156
v 25.6180 15.9323 5.4103
v 26.4172 15.9057 5.0879
v 26.4791 18.0706 6.2156
v 26.4172 15.9057 5.0879
v 27.1952 15.8785 7.0184
v 27.2102 15.8790 5.4253
v 26.4172 15.9057 5.0879
v 25.6030 15.9318 7.0034
v 27.1952 15.8785 7.0184
v 26.4172 15.9057 5.0879
v 25.6180 15.9323 5.4103
v 25.6030 15.9318 7.0034
v 26.4512 16.9882 5.3268
v 27.3305 16.9583 6.2233
v 26.5153 19.1532 6.2163
v 27.3305 16.9583 6.2233
v 26.4345 16.9877 7.1032
v 26.5153 19.1532 6.2163
v 26.4345 16.9877 7.1032
v 25.5552 17.0177 6.2066
v 26.5153 19.1532 6.2163
v 25.5552 17.0177 6.2066
v 26.4512 16.9882 5.3268
v 26.5153 19.1532 6.2163
v 26.4512 16.9882 5.3268
v 26.4345 16.9877 7.1032
v 27.3305 16.9583 6.2233
v 26.4512 16.9882 5.3268
v 25.5552 17.0177 6.2066
v 26.4345 16.9877 7.1032
v 26.9273 18.0558 5.7755
v 26.9189 18.0556 6.6641
v 26.5515 20.2358 6.2169
v 26.9189 18.0556 6.6641
v 26.0308 18.0853 6.6558
v 26.5515 20.2358 6.2169
v 26.0308 18.0853 6.6558
v 26.0392 18.0856 5.7672
v 26.5515 20.2358 6.2169
v 26.0392 18.0856 5.7672
v 26.9273 18.0558 5.7755
v 26.5515 20.2358 6.2169
v 26.9273 18.0558 5.7755
v 26.0308 18.0853 6.6558
v 26.9189 18.0556 6.6641
v 26.9273 18.0558 5.7755
v 26.0392 18.0856 5.7672
v 26.0308 18.0853 6.6558
v 13.2931 18.2182 -18.5078
v 12.0795 18.4249 -18.8646
v 13.6580 21.4066 -20.2043
v 12.0795 18.4249 -18.8646
v 11.8180 18.4464 -21.2185
v 13.6580 21.4066 -20.2043
v 11.8180 18.4464 -21.2185
v 14.1369 18.0420 -21.4798
v 13.6580 21.4066 -20.2043
v 14.1369 18.0420 -21.4798
v 14.3984 18.0205 -19.1259
v 13.6580 21.4066 -20.2043
v 14.3984 18.0205 -19.1259
v 13.2931 18.2182 -18.5078
v 13.6580 21.4066 -20.2043
v 13.2931 18.2182 -18.5078
v 11.8180 18.4464 -21.2185
v 12.0795 18.4249 -18.8646
v 13.2931 18.2182 -18.5078
v 14.1369 18.0420 -21.4798
v 11.8180 18.4464 -21.2185
v 13.2931 18.2182 -18.5078
v 14.3984 18.0205 -19.1259
v 14.1369 18.0420 -21.4798
v 13.5289 19.8080 -18.8759
v 12.0902 20.0455 -20.0425
v 13.9329 22.9932 -20.2203
v 12.0902 20.0455 -20.0425
v 13.2373 19.8320 -21.5005
v 13.9329 22.9932 -20.2203
v 13.2373 19.8320 -21.5005
v 14.6760 19.5945 -20.3339
v 13.9329 22.9932 -20.2203
v 14.6760 19.5945 -20.3339
v 13.5289 19.8080 -18.8759
v 13.9329 22.9932 -20.2203
v 13.5289 19.8080 -18.8759
v 13.2373 19.8320 -21.5005
v 12.0902 20.0455 -20.0425
v 13.5289 19.8080 -18.8759
v 14.6760 19.5945 -20.3339
v 13.2373 19.8320 -21.5005
v 13.0842 21.5134 -19.4749
v 12.9383 21.5254 -20.7879
v 14.2078 24.5798 -20.2364
v 12.9383 21.5254 -20.7879
v 14.2318 21.2998 -20.9336
v 14.2078 24.5798 -20.2364
v 14.2318 21.2998 -20.9336
v 14.3777 21.2878 -19.6207
v 14.2078 24.5798 -20.2364
v 14.3777 21.2878 -19.6207
v 13.0842 21.5134 -19.4749
v 14.2078 24.5798 -20.2364
v 13.0842 21.5134 -19.4749
v 14.2318 21.2998 -20.9336
v 12.9383 21.5254 -20.7879
v 13.0842 21.5134 -19.4749
v 14.3777 21.2878 -19.6207
v 14.2318 21.2998 -20.9336
v 3.0497 20.3104 27.2664
v 4.0751 20.1631 26.9704
v 4.2716 22.9337 28.2330
v 4.0751 20.1631 26.9704
v 5.3131 20.0811 28.5272
v 4.2716 22.9337 28.2330
v 5.3131 20.0811 28.5272
v 3.7751 20.3417 29.7640
v 4.2716 22.9337 28.2330
v 3.7751 20.3417 29.7640
v 2.5371 20.4237 28.2072
v 4.2716 22.9337 28.2330
v 2.5371 20.4237 28.2072
v 3.0497 20.3104 27.2664
v 4.2716 22.9337 28.2330
v 3.0497 20.3104 27.2664
v 5.3131 20.0811 28.5272
v 4.0751 20.1631 26.9704
v 3.0497 20.3104 27.2664
v 3.7751 20.3417 29.7640
v 5.3131 20.0811 28.5272
v 3.0497 20.3104 27.2664
v 2.5371 20.4237 28.2072
v 3.7751 20.3417 29.7640
v 3.4081 21.6388 27.4322
v 4.9558 21.4478 27.6106
v 4.4448 24.2744 28.1659
v 4.9558 21.4478 27.6106
v 4.7885 21.5473 29.1680
v 4.4448 24.2744 28.1659
v 4.7885 21.5473 29.1680
v 3.2409 21.7384 28.9896
v 4.4448 24.2744 28.1659
v 3.2409 21.7384 28.9896
v 3.4081 21.6388 27.4322
v 4.4448 24.2744 28.1659
v 3.4081 21.6388 27.4322
v 4.7885 21.5473 29.1680
v 4.9558 21.4478 27.6106
v 3.4081 21.6388 27.4322
v 3.2409 21.7384 28.9896
v 4.7885 21.5473 29.1680
v 4.3552 22.8839 27.4539
v 5.0458 22.8382 28.3222
v 4.6180 25.6151 28.0988
v 5.0458 22.8382 28.3222
v 4.1879 22.9835 29.0121
v 4.6180 25.6151 28.0988
v 4.1879 22.9835 29.0121
v 3.4973 23.0293 28.1438
v 4.6180 25.6151 28.0988
v 3.4973 23.0293 28.1438
v 4.3552 22.8839 27.4539
v 4.6180 25.6151 28.0988
v 4.3552 22.8839 27.4539
v 4.1879 22.9835 29.0121
v 5.0458 22.8382 28.3222
v 4.3552 22.8839 27.4539
v 3.4973 23.0293 28.1438
v 4.1879 22.9835 29.0121
v -13.3695 21.1335 -32.5834
v -14.5182 21.2296 -31.8329
v -14.7561 24.5344 -33.8813
v -14.5182 21.2296 -31.8329
v -16.6202 21.1709 -33.2604
v -14.7561 24.5344 -33.8813
v -16.6202 21.1709 -33.2604
v -15.1935 20.9542 -35.3525
v -14.7561 24.5344 -33.8813
v -15.1935 20.9542 -35.3525
v -13.0914 21.0129 -33.9251
v -14.7561 24.5344 -33.8813
v -13.0914 21.0129 -33.9251
v -13.3695 21.1335 -32.5834
v -14.7561 24.5344 -33.8813
v -13.3695 21.1335 -32.5834
v -16.6202 21.1709 -33.2604
v -14.5182 21.2296 -31.8329
v -13.3695 21.1335 -32.5834
v -15.1935 20.9542 -35.3525
v -16.6202 21.1709 -33.2604
v -13.3695 21.1335 -32.5834
v -13.0914 21.0129 -33.9251
v -15.1935 20.9542 -35.3525
v -13.6340 22.8459 -32.9412
v -15.6014 22.9340 -32.5706
v -14.7062 26.2557 -34.0256
v -15.6014 22.9340 -32.5706
v -15.9779 22.7804 -34.5328
v -14.7062 26.2557 -34.0256
v -15.9779 22.7804 -34.5328
v -14.0105 22.6924 -34.9034
v -14.7062 26.2557 -34.0256
v -14.0105 22.6924 -34.9034
v -13.6340 22.8459 -32.9412
v -14.7062 26.2557 -34.0256
v -13.6340 22.8459 -32.9412
v -15.9779 22.7804 -34.5328
v -15.6014 22.9340 -32.5706
v -13.6340 22.8459 -32.9412
v -14.0105 22.6924 -34.9034
v -15.9779 22.7804 -34.5328
v -14.5677 24.6113 -32.8997
v -15.7403 24.5785 -33.6959
v -14.6563 27.9770 -34.1698
v -15.7403 24.5785 -33.6959
v -14.9444 24.4576 -34.8629
v -14.6563 27.9770 -34.1698
v -14.9444 24.4576 -34.8629
v -13.7719 24.4904 -34.0667
v -14.6563 27.9770 -34.1698
v -13.7719 24.4904 -34.0667
v -14.5677 24.6113 -32.8997
v -14.6563 27.9770 -34.1698
v -14.5677 24.6113 -32.8997
v -14.9444 24.4576 -34.8629
v -15.7403 24.5785 -33.6959
v -14.5677 24.6113 -32.8997
v -13.7719 24.4904 -34.0667
v -14.9444 24.4576 -34.8629
vt 0.00000 1.00000
vt 0.00000 1.00000
vt 0.00000 1.00000
vt 0.00000 1.00000
vt 0.00000 1.00000
vt 0.00000 1.00000
vt 0.00000 1.00000
vt 0.00000 1.00000
vt 0.00000 1.00000
vt 0.00000 1.00000
vt 0.00000 1.00000
vt 0.00000 1.00000
vt 0.00000 1.00000
vt 0.00000 1.00000
vt 0.00000 1.00000
vt 0.00000 1.00000
vt 0.00000 1.00000
vt 0.00000 1.00000
vt 0.00000 1.00000
vt 0.00000 1.00000
vt 0.00000 1.00000
vt 0.00000 1.00000
vt 0.00000 1.00000
vt 0.00000 1.00000
vt 0.00000 1.00000
vt 0.00000 1.00000
vt 0.00000 1.00000
vt 0.00000 1.00000
vt 0.00000 1.00000
vt 0.00000 1.00000
vt 0.00000 1.00000
vt 0.00000 1.00000
vt 0.00000 1.00000
vt 0.00000 1.00000
vt 0.00000 1.00000
vt 0.00000 1.00000
vt 0.00000 1.00000
vt 0.00000 1.00000
vt 0.00000 1.00000
vt 0.00000 1.00000
vt 0.00000 1.00000
vt 0.00000 1.00000
vt 0.00000 1.00000
vt 0.00000 1.00000
vt 0.00000 1.00000
vt 0.00000 1.00000
vt 0.00000 1.00000
vt 0.00000 1.00000
vt 0.00000 1.00000
vt 0.00000 1.00000
vt 0.00000 1.00000
vt 0.00000 1.00000
vt 0.00000 1.00000
vt 0.00000 1.00000
vt 0.00000 1.00000
vt 0.00000 1.00000
vt 0.00000 1.00000
vt 0.00000 1.00000
vt 0.00000 1.00000
vt 0.00000 1.00000
vt 0.00000 1.00000
vt 0.00000 1.00000
vt 0.00000 1.00000
vt 0.00000 1.00000
vt 0.00000 1.00000
vt 0.00000 1.00000
vt 0.00000 1.00000
vt 0.00000 1.00000
vt 0.00000 1.00000
vt 0.00000 1.00000
vt 0.00000 1.00000
vt 0.00000 1.00000
vt 0.00000 1.00000
vt 0.00000 1.00000
vt 0.00000 1.00000
vt 0.00000 1.00000
vt 0.00000 1.00000
vt 0.00000 1.00000
vt 0.00000 1.00000
vt 0.00000 1.00000
vt 0.00000 1.00000
vt 0.00000 1.00000
vt 0.00000 1.00000
vt 0.00000 1.00000
vt 0.00000 1.00000
vt 0.00000 1.00000
vt 0.00000 1.00000
vt 0.00000 1.00000
vt 0.00000 1.00000
vt 0.00000 1.00000
vt 0.00000 1.00000
vt 0.00000 1.00000
vt 0.00000 1.00000
vt 0.00000 1.00000
vt 0.00000 1.00000
vt 0.00000 1.00000
vt 0.00000 1.00000
vt 0.00000 1.00000
vt 0.00000 1.00000
vt 0.00000 1.00000
vt 0.00000 1.00000
vt 0.00000 1.00000
vt 0.00000 1.00000
vt 0.00000 1.00000
vt 0.00000 1.00000
vt 0.00000 1.00000
vt 0.00000 1.00000
vt 0.00000 1.00000
vt 0.00000 1.00000
vt 0.00000 1.00000
vt 0.00000 1.00000
vt 0.00000 1.00000
vt 0.00000 1.00000
vt 0.00000 1.00000
vt 0.00000 1.00000
vt 0.00000 1.00000
vt 0.00000 1.00000
vt 0.00000 1.00000
vt 0.00000 1.00000
vt 0.00000 1.00000
vt 0.00000 1.00000
vt 0.00000 1.00000
vt 0.00000 1.00000
vt 0.00000 1.00000
vt 0.00000 1.00000
vt 0.00000 1.00000
vt 0.00000 1.00000
vt 0.00000 1.00000
vt 0.00000 1.00000
vt 0.00000 1.00000
vt 0.00000 1.00000
vt 0.00000 1.00000
vt 0.00000 1.00000
vt 0.00000 1.00000
vt 0.00000 1.00000
vt 0.00000 1.00000
vt 0.00000 1.00000
vt 0.00000 1.00000
vt 0.00000 1.00000
vt 0.00000 1.00000
vt 0.00000 1.00000
vt 0.00000 1.00000
vt 0.00000 1.00000
vt 0.00000 1.00000
vt 0.00000 1.00000
vt 0.00000 1.00000
vt 0.00000 1.00000
vt 0.00000 1.00000
vt 0.00000 1.00000
vt 0.00000 1.00000
vt 0.00000 1.00000
vt 0.00000 1.00000
vt 0.00000 1.00000
vt 0.00000 1.00000
vt 0.00000 1.00000
vt 0.00000 1.00000
vt 0.00000 1.00000
vt 0.00000 1.00000
vt 0.00000 1.00000
vt 0.00000 1.00000
vt 0.00000 1.00000
vt 0.00000 1.00000
vt 0.00000 1.00000
vt 0.00000 1.00000
vt 0.00000 1.00000
vt 0.00000 1.00000
vt 0.00000 1.00000
vt 0.00000 1.00000
vt 0.00000 1.00000
vt 0.00000 1.00000
vt 0.00000 1.00000
vt 0.00000 1.00000
vt 0.00000 1.00000
vt 0.00000 1.00000
vt 0.00000 1.00000
vt 0.00000 1.00000
vt 0.00000 1.00000
vt 0.00000 1.00000
vt 0.00000 1.00000
vt 0.00000 1.00000
vt 0.00000 1.00000
vt 0.00000 1.00000
vt 0.00000 1.00000
vt 0.00000 1.00000
vt 0.00000 1.00000
vt 0.00000 1.00000
vt 0.00000 1.00000
vt 0.00000 1.00000
vt 0.00000 1.00000
vt 0.00000 1.00000
vt 0.00000 1.00000
vt 0.00000 1.00000
vt 0.00000 1.00000
vt 0.00000 1.00000
vt 0.00000 1.00000
vt 0.00000 1.00000
vt 0.00000 1.00000
vt 0.00000 1.00000
vt 0.00000 1.00000
vt 0.00000 1.00000
vt 0.00000 1.00000
vt 0.00000 1.00000
vt 0.00000 1.00000
vt 0.00000 1.00000
vt 0.00000 1.00000
vt 0.00000 1.00000
vt 0.00000 1.00000
vt 0.00000 1.00000
vt 0.00000 1.00000
vt 0.00000 1.00000
vt 0.00000 1.00000
vt 0.00000 1.00000
vt 0.00000 1.00000
vt 0.00000 1.00000
vt 0.00000 1.00000
vt 0.00000 1.00000
vt 0.00000 1.00000
vt 0.00000 1.00000
vt 0.00000 1.00000
vt 0.00000 1.00000
vt 0.00000 1.00000
vt 0.00000 1.00000
vt 0.00000 1.00000
vt 0.00000 1.00000
vt 0.00000 1.00000
vt 0.00000 1.00000
vt 0.00000 1.00000
vt 0.00000 1.00000
vt 0.00000 1.00000
vt 0.00000 1.00000
vt 0.00000 1.00000
vt 0.00000 1.00000
vt 0.00000 1.00000
vt 0.00000 1.00000
vt 0.00000 1.00000
vt 0.00000 1.00000
vt 0.00000 1.00000
vt 0.00000 1.00000
vt 0.00000 1.00000
vt 0.00000 1.00000
vt 0.00000 1.00000
vt 0.00000 1.00000
vt 0.00000 1.00000
vt 0.00000 1.00000
vt 0.00000 1.00000
vt 0.00000 1.00000
vt 0.00000 1.00000
vt 0.00000 1.00000
vt 0.00000 1.00000
vt 0.00000 1.00000
vt 0.00000 1.00000
vt 0.00000 1.00000
vt 0.00000 1.00000
vt 0.00000 1.00000
vt 0.00000 1.00000
vt 0.00000 1.00000
vt 0.00000 1.00000
vt 0.00000 1.00000
vt 0.00000 1.00000
vt 0.00000 1.00000
vt 0.00000 1.00000
vt 0.00000 1.00000
vt 0.00000 1.00000
vt 0.00000 1.00000
vt 0.00000 1.00000
vt 0.00000 1.00000
vt 0.00000 1.00000
vt 0.00000 1.00000
vt 0.00000 1.00000
vt 0.00000 1.00000
vt 0.00000 1.00000
vt 0.00000 1.00000
vt 0.00000 1.00000
vt 0.00000 1.00000
vt 0.00000 1.00000
vt 0.00000 1.00000
vt 0.00000 1.00000
vt 0.00000 1.00000
vt 0.00000 1.00000
vt 0.00000 1.00000
vt 0.00000 1.00000
vt 0.00000 1.00000
vt 0.00000 1.00000
vt 0.00000 1.00000
vt 0.00000 1.00000
vt 0.00000 1.00000
vt 0.00000 1.00000
vt 0.00000 1.00000
vt 0.00000 1.00000
vt 0.00000 1.00000
vt 0.00000 1.00000
vt 0.00000 1.00000
vt 0.00000 1.00000
vt 0.00000 1.00000
vt 0.00000 1.00000
vt 0.00000 1.00000
vt 0.00000 1.00000
vt 0.00000 1.00000
vt 0.00000 1.00000
vt 0.00000 1.00000
vt 0.00000 1.00000
vt 0.00000 1.00000
vt 0.00000 1.00000
vt 0.00000 1.00000
vt 0.00000 1.00000
vt 0.00000 1.00000
vt 0.00000 1.00000
vt 0.00000 1.00000
vt 0.00000 1.00000
vt 0.00000 1.00000
vt 0.00000 1.00000
vt 0.00000 1.00000
vt 0.00000 1.00000
vt 0.00000 1.00000
vt 0.00000 1.00000
vt 0.00000 1.00000
vt 0.00000 1.00000
vt 0.00000 1.00000
vt 0.00000 1.00000
vt 0.00000 1.00000
vt 0.00000 1.00000
vt 0.00000 1.00000
vt 0.00000 1.00000
vt 0.00000 1.00000
vt 0.00000 1.00000
vt 0.00000 1.00000
vt 0.00000 1.00000
vt 0.00000 1.00000
vt 0.00000 1.00000
vt 0.00000 1.00000
vt 0.00000 1.00000
vt 0.00000 1.00000
vt 0.00000 1.00000
vt 0.00000 1.00000
vt 0.00000 1.00000
vt 0.00000 1.00000
vt 0.00000 1.00000
vt 0.00000 1.00000
vt 0.00000 1.00000
vt 0.00000 1.00000
vt 0.00000 1.00000
vt 0.00000 1.00000
vt 0.00000 1.00000
vt 0.00000 1.00000
vt 0.00000 1.00000
vt 0.00000 1.00000
vt 0.00000 1.00000
vt 0.00000 1.00000
vt 0.00000 1.00000
vt 0.00000 1.00000
vt 0.00000 1.00000
vt 0.00000 1.00000
vt 0.00000 1.00000
vt 0.00000 1.00000
vt 0.00000 1.00000
vt 0.00000 1.00000
vt 0.00000 1.00000
vt 0.00000 1.00000
vt 0.00000 1.00000
vt 0.00000 1.00000
vt 0.00000 1.00000
vt 0.00000 1.00000
vt 0.00000 1.00000
vt 0.00000 1.00000
vt 0.00000 1.00000
vt 0.00000 1.00000
vt 0.00000 1.00000
vt 0.00000 1.00000
vt 0.00000 1.00000
vt 0.00000 1.00000
vt 0.00000 1.00000
vt 0.00000 1.00000
vt 0.00000 1.00000
vt 0.00000 1.00000
vt 0.00000 1.00000
vt 0.00000 1.00000
vt 0.00000 1.00000
vt 0.00000 1.00000
vt 0.00000 1.00000
vt 0.00000 1.00000
vt 0.00000 1.00000
vt 0.00000 1.00000
vt 0.00000 1.00000
vt 0.00000 1.00000
vt 0.00000 1.00000
vt 0.00000 1.00000
vt 0.00000 1.00000
vt 0.00000 1.00000
vt 0.00000 1.00000
vt 0.00000 1.00000
vt 0.00000 1.00000
vt 0.00000 1.00000
vt 0.00000 1.00000
vt 0.00000 1.00000
vt 0.00000 1.00000
vt 0.00000 1.00000
vt 0.00000 1.00000
vt 0.00000 1.00000
vt 0.00000 1.00000
vt 0.00000 1.00000
vt 0.00000 1.00000
vt 0.00000 1.00000
vt 0.00000 1.00000
vt 0.00000 1.00000
vt 0.00000 1.00000
vt 0.00000 1.00000
vt 0.00000 1.00000
vt 0.00000 1.00000
vt 0.00000 1.00000
vt 0.00000 1.00000
vt 0.00000 1.00000
vt 0.00000 1.00000
vt 0.00000 1.00000
vt 0.00000 1.00000
vt 0.00000 1.00000
vt 0.00000 1.00000
vt 0.00000 1.00000
vt 0.00000 1.00000
vt 0.00000 1.00000
vt 0.00000 1.00000
vt 0.00000 1.00000
vt 0.00000 1.00000
vt 0.00000 1.00000
vt 0.00000 1.00000
vt 0.00000 1.00000
vt 0.00000 1.00000
vt 0.00000 1.00000
vt 0.00000 1.00000
vt 0.00000 1.00000
vt 0.00000 1.00000
vt 0.00000 1.00000
vt 0.00000 1.00000
vt 0.00000 1.00000
vt 0.00000 1.00000
vt 0.00000 1.00000
vt 0.00000 1.00000
vt 0.00000 1.00000
vt 0.00000 1.00000
vt 0.00000 1.00000
vt 0.00000 1.00000
vt 0.00000 1.00000
vt 0.00000 1.00000
vt 0.00000 1.00000
vt 0.00000 1.00000
vt 0.00000 1.00000
vt 0.00000 1.00000
vt 0.00000 1.00000
vt 0.00000 1.00000
vt 0.00000 1.00000
vt 0.00000 1.00000
vt 0.00000 1.00000
vt 0.00000 1.00000
vt 0.00000 1.00000
vt 0.00000 1.00000
vt 0.00000 1.00000
vt 0.00000 1.00000
vt 0.00000 1.00000
vt 0.00000 1.00000
vt 0.00000 1.00000
vt 0.00000 1.00000
vt 0.00000 1.00000
vt 0.00000 1.00000
vt 0.00000 1.00000
vt 0.00000 1.00000
vt 0.00000 1.00000
vt 0.00000 1.00000
vt 0.00000 1.00000
vt 0.00000 1.00000
vt 0.00000 1.00000
vt 0.00000 1.00000
vt 0.00000 1.00000
vt 0.00000 1.00000
vt 0.00000 1.00000
vt 0.00000 1.00000
vt 0.00000 1.00000
vt 0.00000 1.00000
vt 0.00000 1.00000
vt 0.00000 1.00000
vt 0.00000 1.00000
vt 0.00000 1.00000
vt 0.00000 1.00000
vt 0.00000 1.00000
vt 0.00000 1.00000
vt 0.00000 1.00000
vt 0.00000 1.00000
vt 0.00000 1.00000
vt 0.00000 1.00000
vt 0.00000 1.00000
vt 0.00000 1.00000
vt 0.00000 1.00000
vt 0.00000 1.00000
vt 0.00000 1.00000
vt 0.00000 1.00000
vt 0.00000 1.00000
vt 0.00000 1.00000
vt 0.00000 1.00000
vt 0.00000 1.00000
vt 0.00000 1.00000
vt 0.00000 1.00000
vt 0.00000 1.00000
vt 0.00000 1.00000
vt 0.00000 1.00000
vt 0.00000 1.00000
vt 0.00000 1.00000
vt 0.00000 1.00000
vt 0.00000 1.00000
vt 0.00000 1.00000
vt 0.00000 1.00000
vt 0.00000 1.00000
vt 0.00000 1.00000
vt 0.00000 1.00000
vt 0.00000 1.00000
vt 0.00000 1.00000
vt 0.00000 1.00000
vt 0.00000 1.00000
vt 0.00000 1.00000
vt 0.00000 1.00000
vt 0.00000 1.00000
vt 0.00000 1.00000
vt 0.00000 1.00000
vt 0.00000 1.00000
vt 0.00000 1.00000
vt 0.00000 1.00000
vt 0.00000 1.00000
vt 0.00000 1.00000
vt 0.00000 1.00000
vt 0.00000 1.00000
vt 0.00000 1.00000
vt 0.00000 1.00000
vt 0.00000 1.00000
vt 0.00000 1.00000
vt 0.00000 1.00000
vt 0.00000 1.00000
vt 0.00000 1.00000
vt 0.00000 1.00000
vt 0.00000 1.00000
vt 0.00000 1.00000
vt 0.00000 1.00000
vt 0.00000 1.00000
vt 0.00000 1.00000
vt 0.00000 1.00000
vt 0.00000 1.00000
vt 0.00000 1.00000
vt 0.00000 1.00000
vt 0.00000 1.00000
vt 0.00000 1.00000
vt 0.00000 1.00000
vt 0.00000 1.00000
vt 0.00000 1.00000
vt 0.00000 1.00000
vt 0.00000 1.00000
vt 0.00000 1.00000
vt 0.00000 1.00000
vt 0.00000 1.00000
vt 0.00000 1.00000
vt 0.00000 1.00000
vt 0.00000 1.00000
vt 0.00000 1.00000
vt 0.00000 1.00000
vt 0.00000 1.00000
vt 0.00000 1.00000
vt 0.00000 1.00000
vt 0.00000 1.00000
vt 0.00000 1.00000
vt 0.00000 1.00000
vt 0.00000 1.00000
vt 0.00000 1.00000
vt 0.00000 1.00000
vt 0.00000 1.00000
vt 0.00000 1.00000
vt 0.00000 1.00000
vt 0.00000 1.00000
vt 0.00000 1.00000
vt 0.00000 1.00000
vt 0.00000 1.00000
vt 0.00000 1.00000
vt 0.00000 1.00000
vt 0.00000 1.00000
vt 0.00000 1.00000
vt 0.00000 1.00000
vt 0.00000 1.00000
vt 0.00000 1.00000
vt 0.00000 1.00000
vt 0.00000 1.00000
vt 0.00000 1.00000
vt 0.00000 1.00000
vt 0.00000 1.00000
vt 0.00000 1.00000
vt 0.00000 1.00000
vt 0.00000 1.00000
vt 0.00000 1.00000
vt 0.00000 1.00000
vt 0.00000 1.00000
vt 0.00000 1.00000
vt 0.00000 1.00000
vt 0.00000 1.00000
vt 0.00000 1.00000
vt 0.00000 1.00000
vt 0.00000 1.00000
vt 0.00000 1.00000
vt 0.00000 1.00000
vt 0.00000 1.00000
vt 0.00000 1.00000
vt 0.00000 1.00000
vt 0.00000 1.00000
vt 0.00000 1.00000
vt 0.00000 1.00000
vt 0.00000 1.00000
vt 0.00000 1.00000
vt 0.00000 1.00000
vt 0.00000 1.00000
vt 0.00000 1.00000
vt 0.00000 1.00000
vt 0.00000 1.00000
vt 0.00000 1.00000
vt 0.00000 1.00000
vt 0.00000 1.00000
vt 0.00000 1.00000
vt 0.00000 1.00000
vt 0.00000 1.00000
vt 0.00000 1.00000
vt 0.00000 1.00000
vt 0.00000 1.00000
vt 0.00000 1.00000
vt 0.00000 1.00000
vt 0.00000 1.00000
vt 0.00000 1.00000
vt 0.00000 1.00000
vt 0.00000 1.00000
vt 0.00000 1.00000
vt 0.00000 1.00000
vt 0.00000 1.00000
vt 0.00000 1.00000
vt 0.00000 1.00000
vt 0.00000 1.00000
vt 0.00000 1.00000
vt 0.00000 1.00000
vt 0.00000 1.00000
vt 0.00000 1.00000
vt 0.00000 1.00000
vt 0.00000 1.00000
vt 0.00000 1.00000
vt 0.00000 1.00000
vt 0.00000 1.00000
vt 0.00000 1.00000
vt 0.00000 1.00000
vt 0.00000 1.00000
vt 0.00000 1.00000
vt 0.00000 1.00000
vt 0.00000 1.00000
vt 0.00000 1.00000
vt 0.00000 1.00000
vt 0.00000 1.00000
vt 0.00000 1.00000
vt 0.00000 1.00000
vt 0.00000 1.00000
vt 0.00000 1.00000
vt 0.00000 1.00000
vt 0.00000 1.00000
vt 0.00000 1.00000
vt 0.00000 1.00000
vt 0.00000 1.00000
vt 0.00000 1.00000
vt 0.00000 1.00000
vt 0.00000 1.00000
vt 0.00000 1.00000
vt 0.00000 1.00000
vt 0.00000 1.00000
vt 0.00000 1.00000
vt 0.00000 1.00000
vt 0.00000 1.00000
vt 0.00000 1.00000
vt 0.00000 1.00000
vt 0.00000 1.00000
vt 0.00000 1.00000
vt 0.00000 1.00000
vt 0.00000 1.00000
vt 0.00000 1.00000
vt 0.00000 1.00000
vt 0.00000 1.00000
vt 0.00000 1.00000
vt 0.00000 1.00000
vt 0.00000 1.00000
vt 0.00000 1.00000
vt 0.00000 1.00000
vt 0.00000 1.00000
vt 0.00000 1.00000
vt 0.00000 1.00000
vt 0.00000 1.00000
vt 0.00000 1.00000
vt 0.00000 1.00000
vt 0.00000 1.00000
vt 0.00000 1.00000
vt 0.00000 1.00000
vt 0.00000 1.00000
vt 0.00000 1.00000
vt 0.00000 1.00000
vt 0.00000 1.00000
vt 0.00000 1.00000
vt 0.00000 1.00000
vt 0.00000 1.00000
vt 0.00000 1.00000
vt 0.00000 1.00000
vt 0.00000 1.00000
vt 0.00000 1.00000
vt 0.00000 1.00000
vt 0.00000 1.00000
vt 0.00000 1.00000
vt 0.00000 1.00000
vt 0.00000 1.00000
vt 0.00000 1.00000
vt 0.00000 1.00000
vt 0.00000 1.00000
vt 0.00000 1.00000
vt 0.00000 1.00000
vt 0.00000 1.00000
vt 0.00000 1.00000
vt 0.00000 1.00000
vt 0.00000 1.00000
vt 0.00000 1.00000
vt 0.00000 1.00000
vt 0.00000 1.00000
vt 0.00000 1.00000
vt 0.00000 1.00000
vt 0.00000 1.00000
vt 0.00000 1.00000
vt 0.00000 1.00000
vt 0.00000 1.00000
vt 0.00000 1.00000
vt 0.00000 1.00000
vt 0.00000 1.00000
vt 0.00000 1.00000
vt 0.00000 1.00000
vt 0.00000 1.00000
vt 0.00000 1.00000
vt 0.00000 1.00000
vt 0.00000 1.00000
vt 0.00000 1.00000
vt 0.00000 1.00000
vt 0.00000 1.00000
vt 0.00000 1.00000
vt 0.00000 1.00000
vt 0.00000 1.00000
vt 0.00000 1.00000
vt 0.00000 1.00000
vt 0.00000 1.00000
vt 0.00000 1.00000
vt 0.00000 1.00000
vt 0.00000 1.00000
vt 0.00000 1.00000
vt 0.00000 1.00000
vt 0.00000 1.00000
vt 0.00000 1.00000
vt 0.00000 1.00000
vt 0.00000 1.00000
vt 0.00000 1.00000
vt 0.00000 1.00000
vt 0.00000 1.00000
vt 0.00000 1.00000
vt 0.00000 1.00000
vt 0.00000 1.00000
vt 0.00000 1.00000
vt 0.00000 1.00000
vt 0.00000 1.00000
vt 0.00000 1.00000
vt 0.00000 1.00000
vt 0.00000 1.00000
vt 0.00000 1.00000
vt 0.00000 1.00000
vt 0.00000 1.00000
vt 0.00000 1.00000
vt 0.00000 1.00000
vt 0.00000 1.00000
vt 0.00000 1.00000
vt 0.00000 1.00000
vt 0.00000 1.00000
vt 0.00000 1.00000
vt 0.00000 1.00000
vt 0.00000 1.00000
vt 0.00000 1.00000
vt 0.00000 1.00000
vt 0.00000 1.00000
vt 0.00000 1.00000
vt 0.00000 1.00000
vt 0.00000 1.00000
vt 0.00000 1.00000
vt 0.00000 1.00000
vt 0.00000 1.00000
vt 0.00000 1.00000
vt 0.00000 1.00000
vt 0.00000 1.00000
vt 0.00000 1.00000
vt 0.00000 1.00000
vt 0.00000 1.00000
vt 0.00000 1.00000
vt 0.00000 1.00000
vt 0.00000 1.00000
vt 0.00000 1.00000
vt 0.00000 1.00000
vt 0.00000 1.00000
vt 0.00000 1.00000
vt 0.00000 1.00000
vt 0.00000 1.00000
vt 0.00000 1.00000
vt 0.00000 1.00000
vt 0.00000 1.00000
vt 0.00000 1.00000
vt 0.00000 1.00000
vt 0.00000 1.00000
vt 0.00000 1.00000
vt 0.00000 1.00000
vt 0.00000 1.00000
vt 0.00000 1.00000
vt 0.00000 1.00000
vt 0.00000 1.00000
vt 0.00000 1.00000
vt 0.00000 1.00000
vt 0.00000 1.00000
vt 0.00000 1.00000
vt 0.00000 1.00000
vt 0.00000 1.00000
vt 0.00000 1.00000
vt 0.00000 1.00000
vt 0.00000 1.00000
vt 0.00000 1.00000
vt 0.00000 1.00000
vt 0.00000 1.00000
vt 0.00000 1.00000
vt 0.00000 1.00000
vt 0.00000 1.00000
vt 0.00000 1.00000
vt 0.00000 1.00000
vt 0.00000 1.00000
vt 0.00000 1.00000
vt 0.00000 1.00000
vt 0.00000 1.00000
vt 0.00000 1.00000
vt 0.00000 1.00000
vt 0.00000 1.00000
vt 0.00000 1.00000
vt 0.00000 1.00000
vt 0.00000 1.00000
vt 0.00000 1.00000
vt 0.00000 1.00000
vt 0.00000 1.00000
vt 0.00000 1.00000
vt 0.00000 1.00000
vt 0.00000 1.00000
vt 0.00000 1.00000
vt 0.00000 1.00000
vt 0.00000 1.00000
vt 0.00000 1.00000
vt 0.00000 1.00000
vt 0.00000 1.00000
vt 0.00000 1.00000
vt 0.00000 1.00000
vt 0.00000 1.00000
vt 0.00000 1.00000
vt 0.00000 1.00000
vt 0.00000 1.00000
vt 0.00000 1.00000
vt 0.00000 1.00000
vt 0.00000 1.00000
vt 0.00000 1.00000
vt 0.00000 1.00000
vt 0.00000 1.00000
vt 0.00000 1.00000
vt 0.00000 1.00000
vt 0.00000 1.00000
vt 0.00000 1.00000
vt 0.00000 1.00000
vt 0.00000 1.00000
vt 0.00000 1.00000
vt 0.00000 1.00000
vt 0.00000 1.00000
vt 0.00000 1.00000
vt 0.00000 1.00000
vt 0.00000 1.00000
vt 0.00000 1.00000
vt 0.00000 1.00000
vt 0.00000 1.00000
vt 0.00000 1.00000
vt 0.00000 1.00000
vt 0.00000 1.00000
vt 0.00000 1.00000
vt 0.00000 1.00000
vt 0.00000 1.00000
vt 0.00000 1.00000
vt 0.00000 1.00000
vt 0.00000 1.00000
vt 0.00000 1.00000
vt 0.00000 1.00000
vt 0.00000 1.00000
vt 0.00000 1.00000
vt 0.00000 1.00000
vt 0.00000 1.00000
vt 0.00000 1.00000
vt 0.00000 1.00000
vt 0.00000 1.00000
vt 0.00000 1.00000
vt 0.00000 1.00000
vt 0.00000 1.00000
vt 0.00000 1.00000
vt 0.00000 1.00000
vt 0.00000 1.00000
vt 0.00000 1.00000
vt 0.00000 1.00000
vt 0.00000 1.00000
vt 0.00000 1.00000
vt 0.00000 1.00000
vt 0.00000 1.00000
vt 0.00000 1.00000
vt 0.00000 1.00000
vt 0.00000 1.00000
vt 0.00000 1.00000
vt 0.00000 1.00000
vt 0.00000 1.00000
vt 0.00000 1.00000
vt 0.00000 1.00000
vt 0.00000 1.00000
vt 0.00000 1.00000
vt 0.00000 1.00000
vt 0.00000 1.00000
vt 0.00000 1.00000
vt 0.00000 1.00000
vt 0.00000 1.00000
vt 0.00000 1.00000
vt 0.00000 1.00000
vt 0.00000 1.00000
vt 0.00000 1.00000
vt 0.00000 1.00000
vt 0.00000 1.00000
vt 0.00000 1.00000
vt 0.00000 1.00000
vt 0.00000 1.00000
vt 0.00000 1.00000
vt 0.00000 1.00000
vt 0.00000 1.00000
vt 0.00000 1.00000
vt 0.00000 1.00000
vt 0.00000 1.00000
vt 0.00000 1.00000
vt 0.00000 1.00000
vt 0.00000 1.00000
vt 0.00000 1.00000
vt 0.00000 1.00000
vt 0.00000 1.00000
vt 0.00000 1.00000
vt 0.00000 1.00000
vt 0.00000 1.00000
vt 0.00000 1.00000
vt 0.00000 1.00000
vt 0.00000 1.00000
vt 0.00000 1.00000
vt 0.00000 1.00000
vt 0.00000 1.00000
vt 0.00000 1.00000
vt 0.00000 1.00000
vt 0.00000 1.00000
vt 0.00000 1.00000
vt 0.00000 1.00000
vt 0.00000 1.00000
vt 0.00000 1.00000
vt 0.00000 1.00000
vt 0.00000 1.00000
vt 0.00000 1.00000
vt 0.00000 1.00000
vt 0.00000 1.00000
vt 0.00000 1.00000
vt 0.00000 1.00000
vt 0.00000 1.00000
vt 0.00000 1.00000
vt 0.00000 1.00000
vt 0.00000 1.00000
vt 0.00000 1.00000
vt 0.00000 1.00000
vt 0.00000 1.00000
vt 0.00000 1.00000
vt 0.00000 1.00000
vt 0.00000 1.00000
vt 0.00000 1.00000
vt 0.00000 1.00000
vt 0.00000 1.00000
vt 0.00000 1.00000
vt 0.00000 1.00000
vt 0.00000 1.00000
vt 0.00000 1.00000
vt 0.00000 1.00000
vt 0.00000 1.00000
vt 0.00000 1.00000
vt 0.00000 1.00000
vt 0.00000 1.00000
vt 0.00000 1.00000
vt 0.00000 1.00000
vt 0.00000 1.00000
vt 0.00000 1.00000
vt 0.00000 1.00000
vt 0.00000 1.00000
vt 0.00000 1.00000
vt 0.00000 1.00000
vt 0.00000 1.00000
vt 0.00000 1.00000
vt 0.00000 1.00000
vt 0.00000 1.00000
vt 0.00000 1.00000
vt 0.00000 1.00000
vt 0.00000 1.00000
vt 0.00000 1.00000
vt 0.00000 1.00000
vt 0.00000 1.00000
vt 0.00000 1.00000
vt 0.00000 1.00000
vt 0.00000 1.00000
vt 0.00000 1.00000
vt 0.00000 1.00000
vt 0.00000 1.00000
vt 0.00000 1.00000
vt 0.00000 1.00000
vt 0.00000 1.00000
vt 0.00000 1.00000
vt 0.00000 1.00000
vt 0.00000 1.00000
vt 0.00000 1.00000
vt 0.00000 1.00000
vt 0.00000 1.00000
vt 0.00000 1.00000
vt 0.00000 1.00000
vt 0.00000 1.00000
vt 0.00000 1.00000
vt 0.00000 1.00000
vt 0.00000 1.00000
vt 0.00000 1.00000
vt 0.00000 1.00000
vt 0.00000 1.00000
vt 0.00000 1.00000
vt 0.00000 1.00000
vt 0.00000 1.00000
vt 0.00000 1.00000
vt 0.00000 1.00000
vt 0.00000 1.00000
vt 0.00000 1.00000
vt 0.00000 1.00000
vt 0.00000 1.00000
vt 0.00000 1.00000
vt 0.00000 1.00000
vt 0.00000 1.00000
vt 0.00000 1.00000
vt 0.00000 1.00000
vt 0.00000 1.00000
vt 0.00000 1.00000
vt 0.00000 1.00000
vt 0.00000 1.00000
vt 0.00000 1.00000
vt 0.00000 1.00000
vt 0.00000 1.00000
vt 0.00000 1.00000
vt 0.00000 1.00000
vt 0.00000 1.00000
vt 0.00000 1.00000
vt 0.00000 1.00000
vt 0.00000 1.00000
vt 0.00000 1.00000
vt 0.00000 1.00000
vt 0.00000 1.00000
vt 0.00000 1.00000
vt 0.00000 1.00000
vt 0.00000 1.00000
vt 0.00000 1.00000
vt 0.00000 1.00000
vt 0.00000 1.00000
vt 0.00000 1.00000
vt 0.00000 1.00000
vt 0.00000 1.00000
vt 0.00000 1.00000
vt 0.00000 1.00000
vt 0.00000 1.00000
vt 0.00000 1.00000
vt 0.00000 1.00000
vt 0.00000 1.00000
vt 0.00000 1.00000
vt 0.00000 1.00000
vt 0.00000 1.00000
vt 0.00000 1.00000
vt 0.00000 1.00000
vt 0.00000 1.00000
vt 0.00000 1.00000
vt 0.00000 1.00000
vt 0.00000 1.00000
vt 0.00000 1.00000
vt 0.00000 1.00000
vt 0.00000 1.00000
vt 0.00000 1.00000
vt 0.00000 1.00000
vt 0.00000 1.00000
vt 0.00000 1.00000
vt 0.00000 1.00000
vt 0.00000 1.00000
vt 0.00000 1.00000
vt 0.00000 1.00000
vt 0.00000 1.00000
vt 0.00000 1.00000
vt 0.00000 1.00000
vt 0.00000 1.00000
vt 0.00000 1.00000
vt 0.00000 1.00000
vt 0.00000 1.00000
vt 0.00000 1.00000
vt 0.00000 1.00000
vt 0.00000 1.00000
vt 0.00000 1.00000
vt 0.00000 1.00000
vt 0.00000 1.00000
vt 0.00000 1.00000
vt 0.00000 1.00000
vt 0.00000 1.00000
vt 0.00000 1.00000
vt 0.00000 1.00000
vt 0.00000 1.00000
vt 0.00000 1.00000
vt 0.00000 1.00000
vt 0.00000 1.00000
vt 0.00000 1.00000
vt 0.00000 1.00000
vt 0.00000 1.00000
vt 0.00000 1.00000
vt 0.00000 1.00000
vt 0.00000 1.00000
vt 0.00000 1.00000
vt 0.00000 1.00000
vt 0.00000 1.00000
vt 0.00000 1.00000
vt 0.00000 1.00000
vt 0.00000 1.00000
vt 0.00000 1.00000
vt 0.00000 1.00000
vt 0.00000 1.00000
vt 0.00000 1.00000
vt 0.00000 1.00000
vt 0.00000 1.00000
vt 0.00000 1.00000
vt 0.00000 1.00000
vt 0.00000 1.00000
vt 0.00000 1.00000
vt 0.00000 1.00000
vt 0.00000 1.00000
vt 0.00000 1.00000
vt 0.00000 1.00000
vt 0.00000 1.00000
vt 0.00000 1.00000
vt 0.00000 1.00000
vt 0.00000 1.00000
vt 0.00000 1.00000
vt 0.00000 1.00000
vt 0.00000 1.00000
vt 0.00000 1.00000
vt 0.00000 1.00000
vt 0.00000 1.00000
vt 0.00000 1.00000
vt 0.00000 1.00000
vt 0.00000 1.00000
vt 0.00000 1.00000
vt 0.00000 1.00000
vt 0.00000 1.00000
vt 0.00000 1.00000
vt 0.00000 1.00000
vt 0.00000 1.00000
vt 0.00000 1.00000
vt 0.00000 1.00000
vt 0.00000 1.00000
vt 0.00000 1.00000
vt 0.00000 1.00000
vt 0.00000 1.00000
vt 0.00000 1.00000
vt 0.00000 1.00000
vt 0.00000 1.00000
vt 0.00000 1.00000
vt 0.00000 1.00000
vt 0.00000 1.00000
vt 0.00000 1.00000
vt 0.00000 1.00000
vt 0.00000 1.00000
vt 0.00000 1.00000
vt 0.00000 1.00000
vt 0.00000 1.00000
vt 0.00000 1.00000
vt 0.00000 1.00000
vt 0.00000 1.00000
vt 0.00000 1.00000
vt 0.00000 1.00000
vt 0.00000 1.00000
vt 0.00000 1.00000
vt 0.00000 1.00000
vt 0.00000 1.00000
vt 0.00000 1.00000
vt 0.00000 1.00000
vt 0.00000 1.00000
vt 0.00000 1.00000
vt 0.00000 1.00000
vt 0.00000 1.00000
vt 0.00000 1.00000
vt 0.00000 1.00000
vt 0.00000 1.00000
vt 0.00000 1.00000
vt 0.00000 1.00000
vt 0.00000 1.00000
vt 0.00000 1.00000
vt 0.00000 1.00000
vt 0.00000 1.00000
vt 0.00000 1.00000
vt 0.00000 1.00000
vt 0.00000 1.00000
vt 0.00000 1.00000
vt 0.00000 1.00000
vt 0.00000 1.00000
vt 0.00000 1.00000
vt 0.00000 1.00000
vt 0.00000 1.00000
vt 0.00000 1.00000
vt 0.00000 1.00000
vt 0.00000 1.00000
vt 0.00000 1.00000
vt 0.00000 1.00000
vt 0.00000 1.00000
vt 0.00000 1.00000
vt 0.00000 1.00000
vt 0.00000 1.00000
vt 0.00000 1.00000
vt 0.00000 1.00000
vt 0.00000 1.00000
vt 0.00000 1.00000
vt 0.00000 1.00000
vt 0.00000 1.00000
vt 0.00000 1.00000
vt 0.00000 1.00000
vt 0.00000 1.00000
vt 0.00000 1.00000
vt 0.00000 1.00000
vt 0.00000 1.00000
vt 0.00000 1.00000
vt 0.00000 1.00000
vt 0.00000 1.00000
vt 0.00000 1.00000
vt 0.00000 1.00000
vt 0.00000 1.00000
vt 0.00000 1.00000
vt 0.00000 1.00000
vt 0.00000 1.00000
vt 0.00000 1.00000
vt 0.00000 1.00000
vt 0.00000 1.00000
vt 0.00000 1.00000
vt 0.00000 1.00000
vt 0.00000 1.00000
vt 0.00000 1.00000
vt 0.00000 1.00000
vt 0.00000 1.00000
vt 0.00000 1.00000
vt 0.00000 1.00000
vt 0.00000 1.00000
vt 0.00000 1.00000
vt 0.00000 1.00000
vt 0.00000 1.00000
vt 0.00000 1.00000
vt 0.00000 1.00000
vt 0.00000 1.00000
vt 0.00000 1.00000
vt 0.00000 1.00000
vt 0.00000 1.00000
vt 0.00000 1.00000
vt 0.00000 1.00000
vt 0.00000 1.00000
vt 0.00000 1.00000
vt 0.00000 1.00000
vt 0.00000 1.00000
vt 0.00000 1.00000
vt 0.00000 1.00000
vt 0.00000 1.00000
vt 0.00000 1.00000
vt 0.00000 1.00000
vt 0.00000 1.00000
vt 0.00000 1.00000
vt 0.00000 1.00000
vt 0.00000 1.00000
vt 0.00000 1.00000
vt 0.00000 1.00000
vt 0.00000 1.00000
vt 0.00000 1.00000
vt 0.00000 1.00000
vt 0.00000 1.00000
vt 0.00000 1.00000
vt 0.00000 1.00000
vt 0.00000 1.00000
vt 0.00000 1.00000
vt 0.00000 1.00000
vt 0.00000 1.00000
vt 0.00000 1.00000
vt 0.00000 1.00000
vt 0.00000 1.00000
vt 0.00000 1.00000
vt 0.00000 1.00000
vt 0.00000 1.00000
vt 0.00000 1.00000
vt 0.00000 1.00000
vt 0.00000 1.00000
vt 0.00000 1.00000
vt 0.00000 1.00000
vt 0.00000 1.00000
vt 0.00000 1.00000
vt 0.00000 1.00000
vt 0.00000 1.00000
vt 0.00000 1.00000
vt 0.00000 1.00000
vt 0.00000 1.00000
vt 0.00000 1.00000
vt 0.00000 1.00000
vt 0.00000 1.00000
vt 0.00000 1.00000
vt 0.00000 1.00000
vt 0.00000 1.00000
vt 0.00000 1.00000
vt 0.00000 1.00000
vt 0.00000 1.00000
vt 0.00000 1.00000
vt 0.00000 1.00000
vt 0.00000 1.00000
vt 0.00000 1.00000
vt 0.00000 1.00000
vt 0.00000 1.00000
vt 0.00000 1.00000
vt 0.00000 1.00000
vt 0.00000 1.00000
vt 0.00000 1.00000
vt 0.00000 1.00000
vt 0.00000 1.00000
vt 0.00000 1.00000
vt 0.00000 1.00000
vt 0.00000 1.00000
vt 0.00000 1.00000
vt 0.00000 1.00000
vt 0.00000 1.00000
vt 0.00000 1.00000
vt 0.00000 1.00000
vt 0.00000 1.00000
vt 0.00000 1.00000
vt 0.00000 1.00000
vt 0.00000 1.00000
vt 0.00000 1.00000
vt 0.00000 1.00000
vt 0.00000 1.00000
vt 0.00000 1.00000
vt 0.00000 1.00000
vt 0.00000 1.00000
vt 0.00000 1.00000
vt 0.00000 1.00000
vt 0.00000 1.00000
vt 0.00000 1.00000
vt 0.00000 1.00000
vt 0.00000 1.00000
vt 0.00000 1.00000
vt 0.00000 1.00000
vt 0.00000 1.00000
vt 0.00000 1.00000
vt 0.00000 1.00000
vt 0.00000 1.00000
vt 0.00000 1.00000
vt 0.00000 1.00000
vt 0.00000 1.00000
vt 0.00000 1.00000
vt 0.00000 1.00000
vt 0.00000 1.00000
vt 0.00000 1.00000
vt 0.00000 1.00000
vt 0.00000 1.00000
vt 0.00000 1.00000
vt 0.00000 1.00000
vt 0.00000 1.00000
vt 0.00000 1.00000
vt 0.00000 1.00000
vt 0.00000 1.00000
vt 0.00000 1.00000
vt 0.00000 1.00000
vt 0.00000 1.00000
vt 0.00000 1.00000
vt 0.00000 1.00000
vt 0.00000 1.00000
vt 0.00000 1.00000
vt 0.00000 1.00000
vt 0.00000 1.00000
vt 0.00000 1.00000
vt 0.00000 1.00000
vt 0.00000 1.00000
vt 0.00000 1.00000
vt 0.00000 1.00000
vt 0.00000 1.00000
vt 0.00000 1.00000
vt 0.00000 1.00000
vt 0.00000 1.00000
vt 0.00000 1.00000
vt 0.00000 1.00000
vt 0.00000 1.00000
vt 0.00000 1.00000
vt 0.00000 1.00000
vt 0.00000 1.00000
vt 0.00000 1.00000
vt 0.00000 1.00000
vt 0.00000 1.00000
vt 0.00000 1.00000
vt 0.00000 1.00000
vt 0.00000 1.00000
vt 0.00000 1.00000
vt 0.00000 1.00000
vt 0.00000 1.00000
vt 0.00000 1.00000
vt 0.00000 1.00000
vt 0.00000 1.00000
vt 0.00000 1.00000
vt 0.00000 1.00000
vt 0.00000 1.00000
vt 0.00000 1.00000
vt 0.00000 1.00000
vt 0.00000 1.00000
vt 0.00000 1.00000
vt 0.00000 1.00000
vt 0.00000 1.00000
vt 0.00000 1.00000
vt 0.00000 1.00000
vt 0.00000 1.00000
vt 0.00000 1.00000
vt 0.00000 1.00000
vt 0.00000 1.00000
vt 0.00000 1.00000
vt 0.00000 1.00000
vt 0.00000 1.00000
vt 0.00000 1.00000
vt 0.00000 1.00000
vt 0.00000 1.00000
vt 0.00000 1.00000
vt 0.00000 1.00000
vt 0.00000 1.00000
vt 0.00000 1.00000
vt 0.00000 1.00000
vt 0.00000 1.00000
vt 0.00000 1.00000
vt 0.00000 1.00000
vt 0.00000 1.00000
vt 0.00000 1.00000
vt 0.00000 1.00000
vt 0.00000 1.00000
vt 0.00000 1.00000
vt 0.00000 1.00000
vt 0.00000 1.00000
vt 0.00000 1.00000
vt 0.00000 1.00000
vt 0.00000 1.00000
vt 0.00000 1.00000
vt 0.00000 1.00000
vt 0.00000 1.00000
vt 0.00000 1.00000
vt 0.00000 1.00000
vt 0.00000 1.00000
vt 0.00000 1.00000
vt 0.00000 1.00000
vt 0.00000 1.00000
vt 0.00000 1.00000
vt 0.00000 1.00000
vt 0.00000 1.00000
vt 0.00000 1.00000
vt 0.00000 1.00000
vt 0.00000 1.00000
vt 0.00000 1.00000
vt 0.00000 1.00000
vt 0.00000 1.00000
vt 0.00000 1.00000
vt 0.00000 1.00000
vt 0.00000 1.00000
vt 0.00000 1.00000
vt 0.00000 1.00000
vt 0.00000 1.00000
vt 0.00000 1.00000
vt 0.00000 1.00000
vt 0.00000 1.00000
vt 0.00000 1.00000
vt 0.00000 1.00000
vt 0.00000 1.00000
vt 0.00000 1.00000
vt 0.00000 1.00000
vt 0.00000 1.00000
vt 0.00000 1.00000
vt 0.00000 1.00000
vt 0.00000 1.00000
vt 0.00000 1.00000
vt 0.00000 1.00000
vt 0.00000 1.00000
vt 0.00000 1.00000
vt 0.00000 1.00000
vt 0.00000 1.00000
vt 0.00000 1.00000
vt 0.00000 1.00000
vt 0.00000 1.00000
vt 0.00000 1.00000
vt 0.00000 1.00000
vt 0.00000 1.00000
vt 0.00000 1.00000
vt 0.00000 1.00000
vt 0.00000 1.00000
vt 0.00000 1.00000
vt 0.00000 1.00000
vt 0.00000 1.00000
vt 0.00000 1.00000
vt 0.00000 1.00000
vt 0.00000 1.00000
vt 0.00000 1.00000
vt 0.00000 1.00000
vt 0.00000 1.00000
vt 0.00000 1.00000
vt 0.00000 1.00000
vt 0.00000 1.00000
vt 0.00000 1.00000
vt 0.00000 1.00000
vt 0.00000 1.00000
vt 0.00000 1.00000
vt 0.00000 1.00000
vt 0.00000 1.00000
vt 0.00000 1.00000
vt 0.00000 1.00000
vt 0.00000 1.00000
vt 0.00000 1.00000
vt 0.00000 1.00000
vt 0.00000 1.00000
vt 0.00000 1.00000
vt 0.00000 1.00000
vt 0.00000 1.00000
vt 0.00000 1.00000
vt 0.00000 1.00000
vt 0.00000 1.00000
vt 0.00000 1.00000
vt 0.00000 1.00000
vt 0.00000 1.00000
vt 0.00000 1.00000
vt 0.00000 1.00000
vt 0.00000 1.00000
vt 0.00000 1.00000
vt 0.00000 1.00000
vt 0.00000 1.00000
vt 0.00000 1.00000
vt 0.00000 1.00000
vt 0.00000 1.00000
vt 0.00000 1.00000
vt 0.00000 1.00000
vt 0.00000 1.00000
vt 0.00000 1.00000
vt 0.00000 1.00000
vt 0.00000 1.00000
vt 0.00000 1.00000
vt 0.00000 1.00000
vt 0.00000 1.00000
vt 0.00000 1.00000
vt 0.00000 1.00000
vt 0.00000 1.00000
vt 0.00000 1.00000
vt 0.00000 1.00000
vt 0.00000 1.00000
vt 0.00000 1.00000
vt 0.00000 1.00000
vt 0.00000 1.00000
vt 0.00000 1.00000
vt 0.00000 1.00000
vt 0.00000 1.00000
vt 0.00000 1.00000
vt 0.00000 1.00000
vt 0.00000 1.00000
vt 0.00000 1.00000
vt 0.00000 1.00000
vt 0.00000 1.00000
vt 0.00000 1.00000
vt 0.00000 1.00000
vt 0.00000 1.00000
vt 0.00000 1.00000
vt 0.00000 1.00000
vt 0.00000 1.00000
vt 0.00000 1.00000
vt 0.00000 1.00000
vt 0.00000 1.00000
vt 0.00000 1.00000
vt 0.00000 1.00000
vt 0.00000 1.00000
vt 0.00000 1.00000
vt 0.00000 1.00000
vt 0.00000 1.00000
vt 0.00000 1.00000
vt 0.00000 1.00000
vt 0.00000 1.00000
vt 0.00000 1.00000
vt 0.00000 1.00000
vt 0.00000 1.00000
vt 0.00000 1.00000
vt 0.00000 1.00000
vt 0.00000 1.00000
vt 0.00000 1.00000
vt 0.00000 1.00000
vt 0.00000 1.00000
vt 0.00000 1.00000
vt 0.00000 1.00000
vt 0.00000 1.00000
vt 0.00000 1.00000
vt 0.00000 1.00000
vt 0.00000 1.00000
vt 0.00000 1.00000
vt 0.00000 1.00000
vt 0.00000 1.00000
vt 0.00000 1.00000
vt 0.00000 1.00000
vt 0.00000 1.00000
vt 0.00000 1.00000
vt 0.00000 1.00000
vt 0.00000 1.00000
vt 0.00000 1.00000
vt 0.00000 1.00000
vt 0.00000 1.00000
vt 0.00000 1.00000
vt 0.00000 1.00000
vt 0.00000 1.00000
vt 0.00000 1.00000
vt 0.00000 1.00000
vt 0.00000 1.00000
vt 0.00000 1.00000
vt 0.00000 1.00000
vt 0.00000 1.00000
vt 0.00000 1.00000
vt 0.00000 1.00000
vt 0.00000 1.00000
vt 0.00000 1.00000
vt 0.00000 1.00000
vt 0.00000 1.00000
vt 0.00000 1.00000
vt 0.00000 1.00000
vt 0.00000 1.00000
vt 0.00000 1.00000
vt 0.00000 1.00000
vt 0.00000 1.00000
vt 0.00000 1.00000
vt 0.00000 1.00000
vt 0.00000 1.00000
vt 0.00000 1.00000
vt 0.00000 1.00000
vt 0.00000 1.00000
vt 0.00000 1.00000
vt 0.00000 1.00000
vt 0.00000 1.00000
vt 0.00000 1.00000
vt 0.00000 1.00000
vt 0.00000 1.00000
vt 0.00000 1.00000
vt 0.00000 1.00000
vt 0.00000 1.00000
vt 0.00000 1.00000
vt 0.00000 1.00000
vt 0.00000 1.00000
vt 0.00000 1.00000
vt 0.00000 1.00000
vt 0.00000 1.00000
vt 0.00000 1.00000
vt 0.00000 1.00000
vt 0.00000 1.00000
vt 0.00000 1.00000
vt 0.00000 1.00000
vt 0.00000 1.00000
vt 0.00000 1.00000
vt 0.00000 1.00000
vt 0.00000 1.00000
vt 0.00000 1.00000
vt 0.00000 1.00000
vt 0.00000 1.00000
vt 0.00000 1.00000
vt 0.00000 1.00000
vt 0.00000 1.00000
vt 0.00000 1.00000
vt 0.00000 1.00000
vt 0.00000 1.00000
vt 0.00000 1.00000
vt 0.00000 1.00000
vt 0.00000 1.00000
vt 0.00000 1.00000
vt 0.00000 1.00000
vt 0.00000 1.00000
vt 0.00000 1.00000
vt 0.00000 1.00000
vt 0.00000 1.00000
vt 0.00000 1.00000
vt 0.00000 1.00000
vt 0.00000 1.00000
vt 0.00000 1.00000
vt 0.00000 1.00000
vt 0.00000 1.00000
vt 0.00000 1.00000
vt 0.00000 1.00000
vt 0.00000 1.00000
vt 0.00000 1.00000
vt 0.00000 1.00000
vt 0.00000 1.00000
vt 0.00000 1.00000
vt 0.00000 1.00000
vt 0.00000 1.00000
vt 0.00000 1.00000
vt 0.00000 1.00000
vt 0.00000 1.00000
vt 0.00000 1.00000
vt 0.00000 1.00000
vt 0.00000 1.00000
vt 0.00000 1.00000
vt 0.00000 1.00000
vt 0.00000 1.00000
vt 0.00000 1.00000
vt 0.00000 1.00000
vt 0.00000 1.00000
vt 0.00000 1.00000
vt 0.00000 1.00000
vt 0.00000 1.00000
vt 0.00000 1.00000
vt 0.00000 1.00000
vt 0.00000 1.00000
vt 0.00000 1.00000
vt 0.00000 1.00000
vt 0.00000 1.00000
vt 0.00000 1.00000
vt 0.00000 1.00000
vt 0.00000 1.00000
vt 0.00000 1.00000
vt 0.00000 1.00000
vt 0.00000 1.00000
vt 0.00000 1.00000
vt 0.00000 1.00000
vt 0.00000 1.00000
vt 0.00000 1.00000
vt 0.00000 1.00000
vt 0.00000 1.00000
vt 0.00000 1.00000
vt 0.00000 1.00000
vt 0.00000 1.00000
vt 0.00000 1.00000
vt 0.00000 1.00000
vt 0.00000 1.00000
vt 0.00000 1.00000
vt 0.00000 1.00000
vt 0.00000 1.00000
vt 0.00000 1.00000
vt 0.00000 1.00000
vt 0.00000 1.00000
vt 0.00000 1.00000
vt 0.00000 1.00000
vt 0.00000 1.00000
vt 0.00000 1.00000
vt 0.00000 1.00000
vt 0.00000 1.00000
vt 0.00000 1.00000
vt 0.00000 1.00000
vt 0.00000 1.00000
vt 0.00000 1.00000
vt 0.00000 1.00000
vt 0.00000 1.00000
vt 0.00000 1.00000
vt 0.00000 1.00000
vt 0.00000 1.00000
vt 0.00000 1.00000
vt 0.00000 1.00000
vt 0.00000 1.00000
vt 0.00000 1.00000
vt 0.00000 1.00000
vt 0.00000 1.00000
vt 0.00000 1.00000
vt 0.00000 1.00000
vt 0.00000 1.00000
vt 0.00000 1.00000
vt 0.00000 1.00000
vt 0.00000 1.00000
vt 0.00000 1.00000
vt 0.00000 1.00000
vt 0.00000 1.00000
vt 0.00000 1.00000
vt 0.00000 1.00000
vt 0.00000 1.00000
vt 0.00000 1.00000
vt 0.00000 1.00000
vt 0.00000 1.00000
vt 0.00000 1.00000
vt 0.00000 1.00000
vt 0.00000 1.00000
vt 0.00000 1.00000
vt 0.00000 1.00000
vt 0.00000 1.00000
vt 0.00000 1.00000
vt 0.00000 1.00000
vt 0.00000 1.00000
vt 0.00000 1.00000
vt 0.00000 1.00000
vt 0.00000 1.00000
vt 0.00000 1.00000
vt 0.00000 1.00000
vt 0.00000 1.00000
vt 0.00000 1.00000
vt 0.00000 1.00000
vt 0.00000 1.00000
vt 0.00000 1.00000
vt 0.00000 1.00000
vt 0.00000 1.00000
vt 0.00000 1.00000
vt 0.00000 1.00000
vt 0.00000 1.00000
vt 0.00000 1.00000
vt 0.00000 1.00000
vt 0.00000 1.00000
vt 0.00000 1.00000
vt 0.00000 1.00000
vt 0.00000 1.00000
vt 0.00000 1.00000
vt 0.00000 1.00000
vt 0.00000 1.00000
vt 0.00000 1.00000
vt 0.00000 1.00000
vt 0.00000 1.00000
vt 0.00000 1.00000
vt 0.00000 1.00000
vt 0.00000 1.00000
vt 0.00000 1.00000
vt 0.00000 1.00000
vt 0.00000 1.00000
vt 0.00000 1.00000
vt 0.00000 1.00000
vt 0.00000 1.00000
vt 0.00000 1.00000
vt 0.00000 1.00000
vt 0.00000 1.00000
vt 0.00000 1.00000
vt 0.00000 1.00000
vt 0.00000 1.00000
vt 0.00000 1.00000
vt 0.00000 1.00000
vt 0.00000 1.00000
vt 0.00000 1.00000
vt 0.00000 1.00000
vt 0.00000 1.00000
vt 0.00000 1.00000
vt 0.00000 1.00000
vt 0.00000 1.00000
vt 0.00000 1.00000
vt 0.00000 1.00000
vt 0.00000 1.00000
vt 0.00000 1.00000
vt 0.00000 1.00000
vt 0.00000 1.00000
vt 0.00000 1.00000
vt 0.00000 1.00000
vt 0.00000 1.00000
vt 0.00000 1.00000
vt 0.00000 1.00000
vt 0.00000 1.00000
vt 0.00000 1.00000
vt 0.00000 1.00000
vt 0.00000 1.00000
vt 0.00000 1.00000
vt 0.00000 1.00000
vt 0.00000 1.00000
vt 0.00000 1.00000
vt 0.00000 1.00000
vt 0.00000 1.00000
vt 0.00000 1.00000
vt 0.00000 1.00000
vt 0.00000 1.00000
vt 0.00000 1.00000
vt 0.00000 1.00000
vt 0.00000 1.00000
vt 0.00000 1.00000
vt 0.00000 1.00000
vt 0.00000 1.00000
vt 0.00000 1.00000
vt 0.00000 1.00000
vt 0.00000 1.00000
vt 0.00000 1.00000
vt 0.00000 1.00000
vt 0.00000 1.00000
vt 0.00000 1.00000
vt 0.00000 1.00000
vt 0.00000 1.00000
vt 0.00000 1.00000
vt 0.00000 1.00000
vt 0.00000 1.00000
vt 0.00000 1.00000
vt 0.00000 1.00000
vt 0.00000 1.00000
vt 0.00000 1.00000
vt 0.00000 1.00000
vt 0.00000 1.00000
vt 0.00000 1.00000
vt 0.00000 1.00000
vt 0.00000 1.00000
vt 0.00000 1.00000
vt 0.00000 1.00000
vt 0.00000 1.00000
vt 0.00000 1.00000
vt 0.00000 1.00000
vt 0.00000 1.00000
vt 0.00000 1.00000
vt 0.00000 1.00000
vt 0.00000 1.00000
vt 0.00000 1.00000
vt 0.00000 1.00000
vt 0.00000 1.00000
vt 0.00000 1.00000
vt 0.00000 1.00000
vt 0.00000 1.00000
vt 0.00000 1.00000
vt 0.00000 1.00000
vt 0.00000 1.00000
vt 0.00000 1.00000
vt 0.00000 1.00000
vt 0.00000 1.00000
vt 0.00000 1.00000
vt 0.00000 1.00000
vt 0.00000 1.00000
vt 0.00000 1.00000
vt 0.00000 1.00000
vt 0.00000 1.00000
vt 0.00000 1.00000
vt 0.00000 1.00000
vt 0.00000 1.00000
vt 0.00000 1.00000
vt 0.00000 1.00000
vt 0.00000 1.00000
vt 0.00000 1.00000
vt 0.00000 1.00000
vt 0.00000 1.00000
vt 0.00000 1.00000
vt 0.00000 1.00000
vt 0.00000 1.00000
vt 0.00000 1.00000
vt 0.00000 1.00000
vt 0.00000 1.00000
vt 0.00000 1.00000
vt 0.00000 1.00000
vt 0.00000 1.00000
vt 0.00000 1.00000
vt 0.00000 1.00000
vt 0.00000 1.00000
vt 0.00000 1.00000
vt 0.00000 1.00000
vt 0.00000 1.00000
vt 0.00000 1.00000
vt 0.00000 1.00000
vt 0.00000 1.00000
vt 0.00000 1.00000
vt 0.00000 1.00000
vt 0.00000 1.00000
vt 0.00000 1.00000
vt 0.00000 1.00000
vt 0.00000 1.00000
vt 0.00000 1.00000
vt 0.00000 1.00000
vt 0.00000 1.00000
vt 0.00000 1.00000
vt 0.00000 1.00000
vt 0.00000 1.00000
vt 0.00000 1.00000
vt 0.00000 1.00000
vt 0.00000 1.00000
vt 0.00000 1.00000
vt 0.00000 1.00000
vt 0.00000 1.00000
vt 0.00000 1.00000
vt 0.00000 1.00000
vt 0.00000 1.00000
vt 0.00000 1.00000
vt 0.00000 1.00000
vt 0.00000 1.00000
vt 0.00000 1.00000
vt 0.00000 1.00000
vt 0.00000 1.00000
vt 0.00000 1.00000
vt 0.00000 1.00000
vt 0.00000 1.00000
vt 0.00000 1.00000
vt 0.00000 1.00000
vt 0.00000 1.00000
vt 0.00000 1.00000
vt 0.00000 1.00000
vt 0.00000 1.00000
vt 0.00000 1.00000
vt 0.00000 1.00000
vt 0.00000 1.00000
vt 0.00000 1.00000
vt 0.00000 1.00000
vt 0.00000 1.00000
vt 0.00000 1.00000
vt 0.00000 1.00000
vt 0.00000 1.00000
vt 0.00000 1.00000
vt 0.00000 1.00000
vt 0.00000 1.00000
vt 0.00000 1.00000
vt 0.00000 1.00000
vt 0.00000 1.00000
vt 0.00000 1.00000
vt 0.00000 1.00000
vt 0.00000 1.00000
vt 0.00000 1.00000
vt 0.00000 1.00000
vt 0.00000 1.00000
vt 0.00000 1.00000
vt 0.00000 1.00000
vt 0.00000 1.00000
vt 0.00000 1.00000
vt 0.00000 1.00000
vt 0.00000 1.00000
vt 0.00000 1.00000
vt 0.00000 1.00000
vt 0.00000 1.00000
vt 0.00000 1.00000
vt 0.00000 1.00000
vt 0.00000 1.00000
vt 0.00000 1.00000
vt 0.00000 1.00000
vt 0.00000 1.00000
vt 0.00000 1.00000
vt 0.00000 1.00000
vt 0.00000 1.00000
vt 0.00000 1.00000
vt 0.00000 1.00000
vt 0.00000 1.00000
vt 0.00000 1.00000
vt 0.00000 1.00000
vt 0.00000 1.00000
vt 0.00000 1.00000
vt 0.00000 1.00000
vt 0.00000 1.00000
vt 0.00000 1.00000
vt 0.00000 1.00000
vt 0.00000 1.00000
vt 0.00000 1.00000
vt 0.00000 1.00000
vt 0.00000 1.00000
vt 0.00000 1.00000
vt 0.00000 1.00000
vt 0.00000 1.00000
vt 0.00000 1.00000
vt 0.00000 1.00000
vt 0.00000 1.00000
vt 0.00000 1.00000
vt 0.00000 1.00000
vt 0.00000 1.00000
vt 0.00000 1.00000
vt 0.00000 1.00000
vt 0.00000 1.00000
vt 0.00000 1.00000
vt 0.00000 1.00000
vt 0.00000 1.00000
vt 0.00000 1.00000
vt 0.00000 1.00000
vt 0.00000 1.00000
vt 0.00000 1.00000
vt 0.00000 1.00000
vt 0.00000 1.00000
vt 0.00000 1.00000
vt 0.00000 1.00000
vt 0.00000 1.00000
vt 0.00000 1.00000
vt 0.00000 1.00000
vt 0.00000 1.00000
vt 0.00000 1.00000
vt 0.00000 1.00000
vt 0.00000 1.00000
vt 0.00000 1.00000
vt 0.00000 1.00000
vt 0.00000 1.00000
vt 0.00000 1.00000
vt 0.00000 1.00000
vt 0.00000 1.00000
vt 0.00000 1.00000
vt 0.00000 1.00000
vt 0.00000 1.00000
vt 0.00000 1.00000
vt 0.00000 1.00000
vt 0.00000 1.00000
vt 0.00000 1.00000
vt 0.00000 1.00000
vt 0.00000 1.00000
vt 0.00000 1.00000
vt 0.00000 1.00000
vt 0.00000 1.00000
vt 0.00000 1.00000
vt 0.00000 1.00000
vt 0.00000 1.00000
vt 0.00000 1.00000
vt 0.00000 1.00000
vt 0.00000 1.00000
vt 0.00000 1.00000
vt 0.00000 1.00000
vt 0.00000 1.00000
vt 0.00000 1.00000
vt 0.00000 1.00000
vt 0.00000 1.00000
vt 0.00000 1.00000
vt 0.00000 1.00000
vt 0.00000 1.00000
vt 0.00000 1.00000
vt 0.00000 1.00000
vt 0.00000 1.00000
vt 0.00000 1.00000
vt 0.00000 1.00000
vt 0.00000 1.00000
vt 0.00000 1.00000
vt 0.00000 1.00000
vt 0.00000 1.00000
vt 0.00000 1.00000
vt 0.00000 1.00000
vt 0.00000 1.00000
vt 0.00000 1.00000
vt 0.00000 1.00000
vt 0.00000 1.00000
vt 0.00000 1.00000
vt 0.00000 1.00000
vt 0.00000 1.00000
vt 0.00000 1.00000
vt 0.00000 1.00000
vt 0.00000 1.00000
vt 0.00000 1.00000
vt 0.00000 1.00000
vt 0.00000 1.00000
vt 0.00000 1.00000
vt 0.00000 1.00000
vt 0.00000 1.00000
vt 0.00000 1.00000
vt 0.00000 1.00000
vt 0.00000 1.00000
vt 0.00000 1.00000
vt 0.00000 1.00000
vt 0.00000 1.00000
vt 0.00000 1.00000
vt 0.00000 1.00000
vt 0.00000 1.00000
vt 0.00000 1.00000
vt 0.00000 1.00000
vt 0.00000 1.00000
vt 0.00000 1.00000
vt 0.00000 1.00000
vt 0.00000 1.00000
vt 0.00000 1.00000
vt 0.00000 1.00000
vt 0.00000 1.00000
vt 0.00000 1.00000
vt 0.00000 1.00000
vt 0.00000 1.00000
vt 0.00000 1.00000
vt 0.00000 1.00000
vt 0.00000 1.00000
vt 0.00000 1.00000
vt 0.00000 1.00000
vt 0.00000 1.00000
vt 0.00000 1.00000
vt 0.00000 1.00000
vt 0.00000 1.00000
vt 0.00000 1.00000
vt 0.00000 1.00000
vt 0.00000 1.00000
vt 0.00000 1.00000
vt 0.00000 1.00000
vt 0.00000 1.00000
vt 0.00000 1.00000
vt 0.00000 1.00000
vt 0.00000 1.00000
vt 0.00000 1.00000
vt 0.00000 1.00000
vt 0.00000 1.00000
vt 0.00000 1.00000
vt 0.00000 1.00000
vt 0.00000 1.00000
vt 0.00000 1.00000
vt 0.00000 1.00000
vt 0.00000 1.00000
vt 0.00000 1.00000
vt 0.00000 1.00000
vt 0.00000 1.00000
vt 0.00000 1.00000
vt 0.00000 1.00000
vt 0.00000 1.00000
vt 0.00000 1.00000
vt 0.00000 1.00000
vt 0.00000 1.00000
vt 0.00000 1.00000
vt 0.00000 1.00000
vt 0.00000 1.00000
vt 0.00000 1.00000
vt 0.00000 1.00000
vt 0.00000 1.00000
vt 0.00000 1.00000
vt 0.00000 1.00000
vt 0.00000 1.00000
vt 0.00000 1.00000
vt 0.00000 1.00000
vt 0.00000 1.00000
vt 0.00000 1.00000
vt 0.00000 1.00000
vt 0.00000 1.00000
vt 0.00000 1.00000
vt 0.00000 1.00000
vt 0.00000 1.00000
vt 0.00000 1.00000
vt 0.00000 1.00000
vt 0.00000 1.00000
vt 0.00000 1.00000
vt 0.00000 1.00000
vt 0.00000 1.00000
vt 0.00000 1.00000
vt 0.00000 1.00000
vt 0.00000 1.00000
vt 0.00000 1.00000
vt 0.00000 1.00000
vt 0.00000 1.00000
vt 0.00000 1.00000
vt 0.00000 1.00000
vt 0.00000 1.00000
vt 0.00000 1.00000
vt 0.00000 1.00000
vt 0.00000 1.00000
vt 0.00000 1.00000
vt 0.00000 1.00000
vt 0.00000 1.00000
vt 0.00000 1.00000
vt 0.00000 1.00000
vt 0.00000 1.00000
vt 0.00000 1.00000
vt 0.00000 1.00000
vt 0.00000 1.00000
vt 0.00000 1.00000
vt 0.00000 1.00000
vt 0.00000 1.00000
vt 0.00000 1.00000
vt 0.00000 1.00000
vt 0.00000 1.00000
vt 0.00000 1.00000
vt 0.00000 1.00000
vt 0.00000 1.00000
vt 0.00000 1.00000
vt 0.00000 1.00000
vt 0.00000 1.00000
vt 0.00000 1.00000
vt 0.00000 1.00000
vt 0.00000 1.00000
vt 0.00000 1.00000
vt 0.00000 1.00000
vt 0.00000 1.00000
vt 0.00000 1.00000
vt 0.00000 1.00000
vt 0.00000 1.00000
vt 0.00000 1.00000
vt 0.00000 1.00000
vt 0.00000 1.00000
vt 0.00000 1.00000
vt 0.00000 1.00000
vt 0.00000 1.00000
vt 0.00000 1.00000
vt 0.00000 1.00000
vt 0.00000 1.00000
vt 0.00000 1.00000
vt 0.00000 1.00000
vt 0.00000 1.00000
vt 0.00000 1.00000
vt 0.00000 1.00000
vt 0.00000 1.00000
vt 0.00000 1.00000
vt 0.00000 1.00000
vt 0.00000 1.00000
vt 0.00000 1.00000
vt 0.00000 1.00000
vt 0.00000 1.00000
vt 0.00000 1.00000
vt 0.00000 1.00000
vt 0.00000 1.00000
vt 0.00000 1.00000
vt 0.00000 1.00000
vt 0.00000 1.00000
vt 0.00000 1.00000
vt 0.00000 1.00000
vt 0.00000 1.00000
vt 0.00000 1.00000
vt 0.00000 1.00000
vt 0.00000 1.00000
vt 0.00000 1.00000
vt 0.00000 1.00000
vt 0.00000 1.00000
vt 0.00000 1.00000
vt 0.00000 1.00000
vt 0.00000 1.00000
vt 0.00000 1.00000
vt 0.00000 1.00000
vt 0.00000 1.00000
vt 0.00000 1.00000
vt 0.00000 1.00000
vt 0.00000 1.00000
vt 0.00000 1.00000
vt 0.00000 1.00000
vt 0.00000 1.00000
vt 0.00000 1.00000
vt 0.00000 1.00000
vt 0.00000 1.00000
vt 0.00000 1.00000
vt 0.00000 1.00000
vt 0.00000 1.00000
vt 0.00000 1.00000
vt 0.00000 1.00000
vt 0.00000 1.00000
vt 0.00000 1.00000
vt 0.00000 1.00000
vt 0.00000 1.00000
vt 0.00000 1.00000
vt 0.00000 1.00000
vt 0.00000 1.00000
vt 0.00000 1.00000
vt 0.00000 1.00000
vt 0.00000 1.00000
vt 0.00000 1.00000
vt 0.00000 1.00000
vt 0.00000 1.00000
vt 0.00000 1.00000
vt 0.00000 1.00000
vt 0.00000 1.00000
vt 0.00000 1.00000
vt 0.00000 1.00000
vt 0.00000 1.00000
vt 0.00000 1.00000
vt 0.00000 1.00000
vt 0.00000 1.00000
vt 0.00000 1.00000
vt 0.00000 1.00000
vt 0.00000 1.00000
vt 0.00000 1.00000
vt 0.00000 1.00000
vt 0.00000 1.00000
vt 0.00000 1.00000
vt 0.00000 1.00000
vt 0.00000 1.00000
vt 0.00000 1.00000
vt 0.00000 1.00000
vt 0.00000 1.00000
vt 0.00000 1.00000
vt 0.00000 1.00000
vt 0.00000 1.00000
vt 0.00000 1.00000
vt 0.00000 1.00000
vt 0.00000 1.00000
vt 0.00000 1.00000
vt 0.00000 1.00000
vt 0.00000 1.00000
vt 0.00000 1.00000
vt 0.00000 1.00000
vt 0.00000 1.00000
vt 0.00000 1.00000
vt 0.00000 1.00000
vt 0.00000 1.00000
vt 0.00000 1.00000
vt 0.00000 1.00000
vt 0.00000 1.00000
vt 0.00000 1.00000
vt 0.00000 1.00000
vt 0.00000 1.00000
vt 0.00000 1.00000
vt 0.00000 1.00000
vt 0.00000 1.00000
vt 0.00000 1.00000
vt 0.00000 1.00000
vt 0.00000 1.00000
vt 0.00000 1.00000
vt 0.00000 1.00000
vt 0.00000 1.00000
vt 0.00000 1.00000
vt 0.00000 1.00000
vt 0.00000 1.00000
vt 0.00000 1.00000
vt 0.00000 1.00000
vt 0.00000 1.00000
vt 0.00000 1.00000
vt 0.00000 1.00000
vt 0.00000 1.00000
vt 0.00000 1.00000
vt 0.00000 1.00000
vt 0.00000 1.00000
vt 0.00000 1.00000
vt 0.00000 1.00000
vt 0.00000 1.00000
vt 0.00000 1.00000
vt 0.00000 1.00000
vt 0.00000 1.00000
vt 0.00000 1.00000
vt 0.00000 1.00000
vt 0.00000 1.00000
vt 0.00000 1.00000
vt 0.00000 1.00000
vt 0.00000 1.00000
vt 0.00000 1.00000
vt 0.00000 1.00000
vt 0.00000 1.00000
vt 0.00000 1.00000
vt 0.00000 1.00000
vt 0.00000 1.00000
vt 0.00000 1.00000
vt 0.00000 1.00000
vt 0.00000 1.00000
vt 0.00000 1.00000
vt 0.00000 1.00000
vt 0.00000 1.00000
vt 0.00000 1.00000
vt 0.00000 1.00000
vt 0.00000 1.00000
vt 0.00000 1.00000
vt 0.00000 1.00000
vt 0.00000 1.00000
vt 0.00000 1.00000
vt 0.00000 1.00000
vt 0.00000 1.00000
vt 0.00000 1.00000
vt 0.00000 1.00000
vt 0.00000 1.00000
vt 0.00000 1.00000
vt 0.00000 1.00000
vt 0.00000 1.00000
vt 0.00000 1.00000
vt 0.00000 1.00000
vt 0.00000 1.00000
vt 0.00000 1.00000
vt 0.00000 1.00000
vt 0.00000 1.00000
vt 0.00000 1.00000
vt 0.00000 1.00000
vt 0.00000 1.00000
vt 0.00000 1.00000
vt 0.00000 1.00000
vt 0.00000 1.00000
vt 0.00000 1.00000
vt 0.00000 1.00000
vt 0.00000 1.00000
vt 0.00000 1.00000
vt 0.00000 1.00000
vt 0.00000 1.00000
vt 0.00000 1.00000
vt 0.00000 1.00000
vt 0.00000 1.00000
vt 0.00000 1.00000
vt 0.00000 1.00000
vt 0.00000 1.00000
vt 0.00000 1.00000
vt 0.00000 1.00000
vt 0.00000 1.00000
vt 0.00000 1.00000
vt 0.00000 1.00000
vt 0.00000 1.00000
vt 0.00000 1.00000
vt 0.00000 1.00000
vt 0.00000 1.00000
vt 0.00000 1.00000
vt 0.00000 1.00000
vt 0.00000 1.00000
vt 0.00000 1.00000
vt 0.00000 1.00000
vt 0.00000 1.00000
vt 0.00000 1.00000
vt 0.00000 1.00000
vt 0.00000 1.00000
vt 0.00000 1.00000
vt 0.00000 1.00000
vt 0.00000 1.00000
vt 0.00000 1.00000
vt 0.00000 1.00000
vt 0.00000 1.00000
vt 0.00000 1.00000
vt 0.00000 1.00000
vt 0.00000 1.00000
vt 0.00000 1.00000
vt 0.00000 1.00000
vt 0.00000 1.00000
vt 0.00000 1.00000
vt 0.00000 1.00000
vt 0.00000 1.00000
vt 0.00000 1.00000
vt 0.00000 1.00000
vt 0.00000 1.00000
vt 0.00000 1.00000
vt 0.00000 1.00000
vt 0.00000 1.00000
vt 0.00000 1.00000
vt 0.00000 1.00000
vt 0.00000 1.00000
vt 0.00000 1.00000
vt 0.00000 1.00000
vt 0.00000 1.00000
vt 0.00000 1.00000
vt 0.00000 1.00000
vt 0.00000 1.00000
vt 0.00000 1.00000
vt 0.00000 1.00000
vt 0.00000 1.00000
vt 0.00000 1.00000
vt 0.00000 1.00000
vt 0.00000 1.00000
vt 0.00000 1.00000
vt 0.00000 1.00000
vt 0.00000 1.00000
vt 0.00000 1.00000
vt 0.00000 1.00000
vt 0.00000 1.00000
vt 0.00000 1.00000
vt 0.00000 1.00000
vt 0.00000 1.00000
vt 0.00000 1.00000
vt 0.00000 1.00000
vt 0.00000 1.00000
vt 0.00000 1.00000
vt 0.00000 1.00000
vt 0.00000 1.00000
vt 0.00000 1.00000
vt 0.00000 1.00000
vt 0.00000 1.00000
vt 0.00000 1.00000
vt 0.00000 1.00000
vt 0.00000 1.00000
vt 0.00000 1.00000
vt 0.00000 1.00000
vt 0.00000 1.00000
vt 0.00000 1.00000
vt 0.00000 1.00000
vt 0.00000 1.00000
vt 0.00000 1.00000
vt 0.00000 1.00000
vt 0.00000 1.00000
vt 0.00000 1.00000
vt 0.00000 1.00000
vt 0.00000 1.00000
vt 0.00000 1.00000
vt 0.00000 1.00000
vt 0.00000 1.00000
vt 0.00000 1.00000
vt 0.00000 1.00000
vt 0.00000 1.00000
vt 0.00000 1.00000
vt 0.00000 1.00000
vt 0.00000 1.00000
vt 0.00000 1.00000
vt 0.00000 1.00000
vt 0.00000 1.00000
vt 0.00000 1.00000
vt 0.00000 1.00000
vt 0.00000 1.00000
vt 0.00000 1.00000
vt 0.00000 1.00000
vt 0.00000 1.00000
vt 0.00000 1.00000
vt 0.00000 1.00000
vt 0.00000 1.00000
vt 0.00000 1.00000
vt 0.00000 1.00000
vt 0.00000 1.00000
vt 0.00000 1.00000
vt 0.00000 1.00000
vt 0.00000 1.00000
vt 0.00000 1.00000
vt 0.00000 1.00000
vt 0.00000 1.00000
vt 0.00000 1.00000
vt 0.00000 1.00000
vt 0.00000 1.00000
vt 0.00000 1.00000
vt 0.00000 1.00000
vt 0.00000 1.00000
vt 0.00000 1.00000
vt 0.00000 1.00000
vt 0.00000 1.00000
vt 0.00000 1.00000
vt 0.00000 1.00000
vt 0.00000 1.00000
vt 0.00000 1.00000
vt 0.00000 1.00000
vt 0.00000 1.00000
vt 0.00000 1.00000
vt 0.00000 1.00000
vt 0.00000 1.00000
vt 0.00000 1.00000
vt 0.00000 1.00000
vt 0.00000 1.00000
vt 0.00000 1.00000
vt 0.00000 1.00000
vt 0.00000 1.00000
vt 0.00000 1.00000
vt 0.00000 1.00000
vt 0.00000 1.00000
vt 0.00000 1.00000
vt 0.00000 1.00000
vt 0.00000 1.00000
vt 0.00000 1.00000
vt 0.00000 1.00000
vt 0.00000 1.00000
vt 0.00000 1.00000
vt 0.00000 1.00000
vt 0.00000 1.00000
vt 0.00000 1.00000
vt 0.00000 1.00000
vt 0.00000 1.00000
vt 0.00000 1.00000
vt 0.00000 1.00000
vt 0.00000 1.00000
vt 0.00000 1.00000
vt 0.00000 1.00000
vt 0.00000 1.00000
vt 0.00000 1.00000
vt 0.00000 1.00000
vt 0.00000 1.00000
vt 0.00000 1.00000
vt 0.00000 1.00000
vt 0.00000 1.00000
vt 0.00000 1.00000
vt 0.00000 1.00000
vt 0.00000 1.00000
vt 0.00000 1.00000
vt 0.00000 1.00000
vt 0.00000 1.00000
vt 0.00000 1.00000
vt 0.00000 1.00000
vt 0.00000 1.00000
vt 0.00000 1.00000
vt 0.00000 1.00000
vt 0.00000 1.00000
vt 0.00000 1.00000
vt 0.00000 1.00000
vt 0.00000 1.00000
vt 0.00000 1.00000
vt 0.00000 1.00000
vt 0.00000 1.00000
vt 0.00000 1.00000
vt 0.00000 1.00000
vt 0.00000 1.00000
vt 0.00000 1.00000
vt 0.00000 1.00000
vt 0.00000 1.00000
vt 0.00000 1.00000
vt 0.00000 1.00000
vt 0.00000 1.00000
vt 0.00000 1.00000
vt 0.00000 1.00000
vt 0.00000 1.00000
vt 0.00000 1.00000
vt 0.00000 1.00000
vt 0.00000 1.00000
vt 0.00000 1.00000
vt 0.00000 1.00000
vt 0.00000 1.00000
vt 0.00000 1.00000
vt 0.00000 1.00000
vt 0.00000 1.00000
vt 0.00000 1.00000
vt 0.00000 1.00000
vt 0.00000 1.00000
vt 0.00000 1.00000
vt 0.00000 1.00000
vt 0.00000 1.00000
vt 0.00000 1.00000
vt 0.00000 1.00000
vt 0.00000 1.00000
vt 0.00000 1.00000
vt 0.00000 1.00000
vt 0.00000 1.00000
vt 0.00000 1.00000
vt 0.00000 1.00000
vt 0.00000 1.00000
vt 0.00000 1.00000
vt 0.00000 1.00000
vt 0.00000 1.00000
vt 0.00000 1.00000
vt 0.00000 1.00000
vt 0.00000 1.00000
vt 0.00000 1.00000
vt 0.00000 1.00000
vt 0.00000 1.00000
vt 0.00000 1.00000
vt 0.00000 1.00000
vt 0.00000 1.00000
vt 0.00000 1.00000
vt 0.00000 1.00000
vt 0.00000 1.00000
vt 0.00000 1.00000
vt 0.00000 1.00000
vt 0.00000 1.00000
vt 0.00000 1.00000
vt 0.00000 1.00000
vt 0.00000 1.00000
vt 0.00000 1.00000
vt 0.00000 1.00000
vt 0.00000 1.00000
vt 0.00000 1.00000
vt 0.00000 1.00000
vt 0.00000 1.00000
vt 0.00000 1.00000
vt 0.00000 1.00000
vt 0.00000 1.00000
vt 0.00000 1.00000
vt 0.00000 1.00000
vt 0.00000 1.00000
vt 0.00000 1.00000
vt 0.00000 1.00000
vt 0.00000 1.00000
vt 0.00000 1.00000
vt 0.00000 1.00000
vt 0.00000 1.00000
vt 0.00000 1.00000
vt 0.00000 1.00000
vt 0.00000 1.00000
vt 0.00000 1.00000
vt 0.00000 1.00000
vt 0.00000 1.00000
vt 0.00000 1.00000
vt 0.00000 1.00000
vt 0.00000 1.00000
vt 0.00000 1.00000
vt 0.00000 1.00000
vt 0.00000 1.00000
vt 0.00000 1.00000
vt 0.00000 1.00000
vt 0.00000 1.00000
vt 0.00000 1.00000
vt 0.00000 1.00000
vt 0.00000 1.00000
vt 0.00000 1.00000
vt 0.00000 1.00000
vt 0.00000 1.00000
vt 0.00000 1.00000
vt 0.00000 1.00000
vt 0.00000 1.00000
vt 0.00000 1.00000
vt 0.00000 1.00000
vt 0.00000 1.00000
vt 0.00000 1.00000
vt 0.00000 1.00000
vt 0.00000 1.00000
vt 0.00000 1.00000
vt 0.00000 1.00000
vt 0.00000 1.00000
vt 0.00000 1.00000
vt 0.00000 1.00000
vt 0.00000 1.00000
vt 0.00000 1.00000
vt 0.00000 1.00000
vt 0.00000 1.00000
vt 0.00000 1.00000
vt 0.00000 1.00000
vt 0.00000 1.00000
vt 0.00000 1.00000
vt 0.00000 1.00000
vt 0.00000 1.00000
vt 0.00000 1.00000
vt 0.00000 1.00000
vt 0.00000 1.00000
vt 0.00000 1.00000
vt 0.00000 1.00000
vt 0.00000 1.00000
vt 0.00000 1.00000
vt 0.00000 1.00000
vt 0.00000 1.00000
vt 0.00000 1.00000
vt 0.00000 1.00000
vt 0.00000 1.00000
vt 0.00000 1.00000
vt 0.00000 1.00000
vt 0.00000 1.00000
vt 0.00000 1.00000
vt 0.00000 1.00000
vt 0.00000 1.00000
vt 0.00000 1.00000
vt 0.00000 1.00000
vt 0.00000 1.00000
vt 0.00000 1.00000
vt 0.00000 1.00000
vt 0.00000 1.00000
vt 0.00000 1.00000
vt 0.00000 1.00000
vt 0.00000 1.00000
vt 0.00000 1.00000
vt 0.00000 1.00000
vt 0.00000 1.00000
vt 0.00000 1.00000
vt 0.00000 1.00000
vt 0.00000 1.00000
vt 0.00000 1.00000
vt 0.00000 1.00000
vt 0.00000 1.00000
vt 0.00000 1.00000
vt 0.00000 1.00000
vt 0.00000 1.00000
vt 0.00000 1.00000
vt 0.00000 1.00000
vt 0.00000 1.00000
vt 0.00000 1.00000
vt 0.00000 1.00000
vt 0.00000 1.00000
vt 0.00000 1.00000
vt 0.00000 1.00000
vt 0.00000 1.00000
vt 0.00000 1.00000
vt 0.00000 1.00000
vt 0.00000 1.00000
vt 0.00000 1.00000
vt 0.00000 1.00000
vt 0.00000 1.00000
vt 0.00000 1.00000
vt 0.00000 1.00000
vt 0.00000 1.00000
vt 0.00000 1.00000
vt 0.00000 1.00000
vt 0.00000 1.00000
vt 0.00000 1.00000
vt 0.00000 1.00000
vt 0.00000 1.00000
vt 0.00000 1.00000
vt 0.00000 1.00000
vt 0.00000 1.00000
vt 0.00000 1.00000
vt 0.00000 1.00000
vt 0.00000 1.00000
vt 0.00000 1.00000
vt 0.00000 1.00000
vt 0.00000 1.00000
vt 0.00000 1.00000
vt 0.00000 1.00000
vt 0.00000 1.00000
vt 0.00000 1.00000
vt 0.00000 1.00000
vt 0.00000 1.00000
vt 0.00000 1.00000
vt 0.00000 1.00000
vt 0.00000 1.00000
vt 0.00000 1.00000
vt 0.00000 1.00000
vt 0.00000 1.00000
vt 0.00000 1.00000
vt 0.00000 1.00000
vt 0.00000 1.00000
vt 0.00000 1.00000
vt 0.00000 1.00000
vt 0.00000 1.00000
vt 0.00000 1.00000
vt 0.00000 1.00000
vt 0.00000 1.00000
vt 0.00000 1.00000
vt 0.00000 1.00000
vt 0.00000 1.00000
vt 0.00000 1.00000
vt 0.00000 1.00000
vt 0.00000 1.00000
vt 0.00000 1.00000
vt 0.00000 1.00000
vt 0.00000 1.00000
vt 0.00000 1.00000
vt 0.00000 1.00000
vt 0.00000 1.00000
vt 0.00000 1.00000
vt 0.00000 1.00000
vt 0.00000 1.00000
vt 0.00000 1.00000
vt 0.00000 1.00000
vt 0.00000 1.00000
vt 0.00000 1.00000
vt 0.00000 1.00000
vt 0.00000 1.00000
vt 0.00000 1.00000
vt 0.00000 1.00000
vt 0.00000 1.00000
vt 0.00000 1.00000
vt 0.00000 1.00000
vt 0.00000 1.00000
vt 0.00000 1.00000
vt 0.00000 1.00000
vt 0.00000 1.00000
vt 0.00000 1.00000
vt 0.00000 1.00000
vt 0.00000 1.00000
vt 0.00000 1.00000
vt 0.00000 1.00000
vt 0.00000 1.00000
vt 0.00000 1.00000
vt 0.00000 1.00000
vt 0.00000 1.00000
vt 0.00000 1.00000
vt 0.00000 1.00000
vt 0.00000 1.00000
vt 0.00000 1.00000
vt 0.00000 1.00000
vt 0.00000 1.00000
vt 0.00000 1.00000
vt 0.00000 1.00000
vt 0.00000 1.00000
vt 0.00000 1.00000
vt 0.00000 1.00000
vt 0.00000 1.00000
vt 0.00000 1.00000
vt 0.00000 1.00000
vt 0.00000 1.00000
vt 0.00000 1.00000
vt 0.00000 1.00000
vt 0.00000 1.00000
vt 0.00000 1.00000
vt 0.00000 1.00000
vt 0.00000 1.00000
vt 0.00000 1.00000
vt 0.00000 1.00000
vt 0.00000 1.00000
vt 0.00000 1.00000
vt 0.00000 1.00000
vt 0.00000 1.00000
vt 0.00000 1.00000
vt 0.00000 1.00000
vt 0.00000 1.00000
vt 0.00000 1.00000
vt 0.00000 1.00000
vt 0.00000 1.00000
vt 0.00000 1.00000
vt 0.00000 1.00000
vt 0.00000 1.00000
vt 0.00000 1.00000
vt 0.00000 1.00000
vt 0.00000 1.00000
vt 0.00000 1.00000
vt 0.00000 1.00000
vt 0.00000 1.00000
vt 0.00000 1.00000
vt 0.00000 1.00000
vt 0.00000 1.00000
vt 0.00000 1.00000
vt 0.00000 1.00000
vt 0.00000 1.00000
vt 0.00000 1.00000
vt 0.00000 1.00000
vt 0.00000 1.00000
vt 0.00000 1.00000
vt 0.00000 1.00000
vt 0.00000 1.00000
vt 0.00000 1.00000
vt 0.00000 1.00000
vt 0.00000 1.00000
vt 0.00000 1.00000
vt 0.00000 1.00000
vt 0.00000 1.00000
vt 0.00000 1.00000
vt 0.00000 1.00000
vt 0.00000 1.00000
vt 0.00000 1.00000
vt 0.00000 1.00000
vt 0.00000 1.00000
vt 0.00000 1.00000
vt 0.00000 1.00000
vt 0.00000 1.00000
vt 0.00000 1.00000
vt 0.00000 1.00000
vt 0.00000 1.00000
vt 0.00000 1.00000
vt 0.00000 1.00000
vt 0.00000 1.00000
vt 0.00000 1.00000
vt 0.00000 1.00000
vt 0.00000 1.00000
vt 0.00000 1.00000
vt 0.00000 1.00000
vt 0.00000 1.00000
vt 0.00000 1.00000
vt 0.00000 1.00000
vt 0.00000 1.00000
vt 0.00000 1.00000
vt 0.00000 1.00000
vt 0.00000 1.00000
vt 0.00000 1.00000
vt 0.00000 1.00000
vt 0.00000 1.00000
vt 0.00000 1.00000
vt 0.00000 1.00000
vt 0.00000 1.00000
vt 0.00000 1.00000
vt 0.00000 1.00000
vt 0.00000 1.00000
vt 0.00000 1.00000
vt 0.00000 1.00000
vt 0.00000 1.00000
vt 0.00000 1.00000
vt 0.00000 1.00000
vt 0.00000 1.00000
vt 0.00000 1.00000
vt 0.00000 1.00000
vt 0.00000 1.00000
vt 0.00000 1.00000
vt 0.00000 1.00000
vt 0.00000 1.00000
vt 0.00000 1.00000
vt 0.00000 1.00000
vt 0.00000 1.00000
vt 0.00000 1.00000
vt 0.00000 1.00000
vt 0.00000 1.00000
vt 0.00000 1.00000
vt 0.00000 1.00000
vt 0.00000 1.00000
vt 0.00000 1.00000
vt 0.00000 1.00000
vt 0.00000 1.00000
vt 0.00000 1.00000
vt 0.00000 1.00000
vt 0.00000 1.00000
vt 0.00000 1.00000
vt 0.00000 1.00000
vt 0.00000 1.00000
vt 0.00000 1.00000
vt 0.00000 1.00000
vt 0.00000 1.00000
vt 0.00000 1.00000
vt 0.00000 1.00000
vt 0.00000 1.00000
vt 0.00000 1.00000
vt 0.00000 1.00000
vt 0.00000 1.00000
vt 0.00000 1.00000
vt 0.00000 1.00000
vt 0.00000 1.00000
vt 0.00000 1.00000
vt 0.00000 1.00000
vt 0.00000 1.00000
vt 0.00000 1.00000
vt 0.00000 1.00000
vt 0.00000 1.00000
vt 0.00000 1.00000
vt 0.00000 1.00000
vt 0.00000 1.00000
vt 0.00000 1.00000
vt 0.00000 1.00000
vt 0.00000 1.00000
vt 0.00000 1.00000
vt 0.00000 1.00000
vt 0.00000 1.00000
vt 0.00000 1.00000
vt 0.00000 1.00000
vt 0.00000 1.00000
vt 0.00000 1.00000
vt 0.00000 1.00000
vt 0.00000 1.00000
vt 0.00000 1.00000
vt 0.00000 1.00000
vt 0.00000 1.00000
vt 0.00000 1.00000
vt 0.00000 1.00000
vt 0.00000 1.00000
vt 0.00000 1.00000
vt 0.00000 1.00000
vt 0.00000 1.00000
vt 0.00000 1.00000
vt 0.00000 1.00000
vt 0.00000 1.00000
vt 0.00000 1.00000
vt 0.00000 1.00000
vt 0.00000 1.00000
vt 0.00000 1.00000
vt 0.00000 1.00000
vt 0.00000 1.00000
vt 0.00000 1.00000
vt 0.00000 1.00000
vt 0.00000 1.00000
vt 0.00000 1.00000
vt 0.00000 1.00000
vt 0.00000 1.00000
vt 0.00000 1.00000
vt 0.00000 1.00000
vt 0.00000 1.00000
vt 0.00000 1.00000
vt 0.00000 1.00000
vt 0.00000 1.00000
vt 0.00000 1.00000
vt 0.00000 1.00000
vt 0.00000 1.00000
vt 0.00000 1.00000
vt 0.00000 1.00000
vt 0.00000 1.00000
vt 0.00000 1.00000
vt 0.00000 1.00000
vt 0.00000 1.00000
vt 0.00000 1.00000
vt 0.00000 1.00000
vt 0.00000 1.00000
vt 0.00000 1.00000
vt 0.00000 1.00000
vt 0.00000 1.00000
vt 0.00000 1.00000
vt 0.00000 1.00000
vt 0.00000 1.00000
vt 0.00000 1.00000
vt 0.00000 1.00000
vt 0.00000 1.00000
vt 0.00000 1.00000
vt 0.00000 1.00000
vt 0.00000 1.00000
vt 0.00000 1.00000
vt 0.00000 1.00000
vt 0.00000 1.00000
vt 0.00000 1.00000
vt 0.00000 1.00000
vt 0.00000 1.00000
vt 0.00000 1.00000
vt 0.00000 1.00000
vt 0.00000 1.00000
vt 0.00000 1.00000
vt 0.00000 1.00000
vt 0.00000 1.00000
vt 0.00000 1.00000
vt 0.00000 1.00000
vt 0.00000 1.00000
vt 0.00000 1.00000
vt 0.00000 1.00000
vt 0.00000 1.00000
vt 0.00000 1.00000
vt 0.00000 1.00000
vt 0.00000 1.00000
vt 0.00000 1.00000
vt 0.00000 1.00000
vt 0.00000 1.00000
vt 0.00000 1.00000
vt 0.00000 1.00000
vt 0.00000 1.00000
vt 0.00000 1.00000
vt 0.00000 1.00000
vt 0.00000 1.00000
vt 0.00000 1.00000
vt 0.00000 1.00000
vt 0.00000 1.00000
vt 0.00000 1.00000
vt 0.00000 1.00000
vt 0.00000 1.00000
vt 0.00000 1.00000
vt 0.00000 1.00000
vt 0.00000 1.00000
vt 0.00000 1.00000
vt 0.00000 1.00000
vt 0.00000 1.00000
vt 0.00000 1.00000
vt 0.00000 1.00000
vt 0.00000 1.00000
vt 0.00000 1.00000
vt 0.00000 1.00000
vt 0.00000 1.00000
vt 0.00000 1.00000
vt 0.00000 1.00000
vt 0.00000 1.00000
vt 0.00000 1.00000
vt 0.00000 1.00000
vt 0.00000 1.00000
vt 0.00000 1.00000
vt 0.00000 1.00000
vt 0.00000 1.00000
vt 0.00000 1.00000
vt 0.00000 1.00000
vt 0.00000 1.00000
vt 0.00000 1.00000
vt 0.00000 1.00000
vt 0.00000 1.00000
vt 0.00000 1.00000
vt 0.00000 1.00000
vt 0.00000 1.00000
vt 0.00000 1.00000
vt 0.00000 1.00000
vt 0.00000 1.00000
vt 0.00000 1.00000
vt 0.00000 1.00000
vt 0.00000 1.00000
vt 0.00000 1.00000
vt 0.00000 1.00000
vt 0.00000 1.00000
vt 0.00000 1.00000
vt 0.00000 1.00000
vt 0.00000 1.00000
vt 0.00000 1.00000
vt 0.00000 1.00000
vt 0.00000 1.00000
vt 0.00000 1.00000
vt 0.00000 1.00000
vt 0.00000 1.00000
vt 0.00000 1.00000
vt 0.00000 1.00000
vt 0.00000 1.00000
vt 0.00000 1.00000
vt 0.00000 1.00000
vt 0.00000 1.00000
vt 0.00000 1.00000
vt 0.00000 1.00000
vt 0.00000 1.00000
vt 0.00000 1.00000
vt 0.00000 1.00000
vt 0.00000 1.00000
vt 0.00000 1.00000
vt 0.00000 1.00000
vt 0.00000 1.00000
vt 0.00000 1.00000
vt 0.00000 1.00000
vt 0.00000 1.00000
vt 0.00000 1.00000
vt 0.00000 1.00000
vt 0.00000 1.00000
vt 0.00000 1.00000
vt 0.00000 1.00000
vt 0.00000 1.00000
vt 0.00000 1.00000
vt 0.00000 1.00000
vt 0.00000 1.00000
vt 0.00000 1.00000
vt 0.00000 1.00000
vt 0.00000 1.00000
vt 0.00000 1.00000
vt 0.00000 1.00000
vt 0.00000 1.00000
vt 0.00000 1.00000
vt 0.00000 1.00000
vt 0.00000 1.00000
vt 0.00000 1.00000
vt 0.00000 1.00000
vt 0.00000 1.00000
vt 0.00000 1.00000
vt 0.00000 1.00000
vt 0.00000 1.00000
vt 0.00000 1.00000
vt 0.00000 1.00000
vt 0.00000 1.00000
vt 0.00000 1.00000
vt 0.00000 1.00000
vt 0.00000 1.00000
vt 0.00000 1.00000
vt 0.00000 1.00000
vt 0.00000 1.00000
vt 0.00000 1.00000
vt 0.00000 1.00000
vt 0.00000 1.00000
vt 0.00000 1.00000
vt 0.00000 1.00000
vt 0.00000 1.00000
vt 0.00000 1.00000
vt 0.00000 1.00000
vt 0.00000 1.00000
vt 0.00000 1.00000
vt 0.00000 1.00000
vt 0.00000 1.00000
vt 0.00000 1.00000
vt 0.00000 1.00000
vt 0.00000 1.00000
vt 0.00000 1.00000
vt 0.00000 1.00000
vt 0.00000 1.00000
vt 0.00000 1.00000
vt 0.00000 1.00000
vt 0.00000 1.00000
vt 0.00000 1.00000
vt 0.00000 1.00000
vt 0.00000 1.00000
vt 0.00000 1.00000
vt 0.00000 1.00000
vt 0.00000 1.00000
vt 0.00000 1.00000
vt 0.00000 1.00000
vt 0.00000 1.00000
vt 0.00000 1.00000
vt 0.00000 1.00000
vt 0.00000 1.00000
vt 0.00000 1.00000
vt 0.00000 1.00000
vt 0.00000 1.00000
vt 0.00000 1.00000
vt 0.00000 1.00000
vt 0.00000 1.00000
vt 0.00000 1.00000
vt 0.00000 1.00000
vt 0.00000 1.00000
vt 0.00000 1.00000
vt 0.00000 1.00000
vt 0.00000 1.00000
vt 0.00000 1.00000
vt 0.00000 1.00000
vt 0.00000 1.00000
vt 0.00000 1.00000
vt 0.00000 1.00000
vt 0.00000 1.00000
vt 0.00000 1.00000
vt 0.00000 1.00000
vt 0.00000 1.00000
vt 0.00000 1.00000
vt 0.00000 1.00000
vt 0.00000 1.00000
vt 0.00000 1.00000
vt 0.00000 1.00000
vt 0.00000 1.00000
vt 0.00000 1.00000
vt 0.00000 1.00000
vt 0.00000 1.00000
vt 0.00000 1.00000
vt 0.00000 1.00000
vt 0.00000 1.00000
vt 0.00000 1.00000
vt 0.00000 1.00000
vt 0.00000 1.00000
vt 0.00000 1.00000
vt 0.00000 1.00000
vt 0.00000 1.00000
vt 0.00000 1.00000
vt 0.00000 1.00000
vt 0.00000 1.00000
vt 0.00000 1.00000
vt 0.00000 1.00000
vt 0.00000 1.00000
vt 0.00000 1.00000
vt 0.00000 1.00000
vt 0.00000 1.00000
vt 0.00000 1.00000
vt 0.00000 1.00000
vt 0.00000 1.00000
vt 0.00000 1.00000
vt 0.00000 1.00000
vt 0.00000 1.00000
vt 0.00000 1.00000
vt 0.00000 1.00000
vt 0.00000 1.00000
vt 0.00000 1.00000
vt 0.00000 1.00000
vt 0.00000 1.00000
vt 0.00000 1.00000
vt 0.00000 1.00000
vt 0.00000 1.00000
vt 0.00000 1.00000
vt 0.00000 1.00000
vt 0.00000 1.00000
vt 0.00000 1.00000
vt 0.00000 1.00000
vt 0.00000 1.00000
vt 0.00000 1.00000
vt 0.00000 1.00000
vt 0.00000 1.00000
vt 0.00000 1.00000
vt 0.00000 1.00000
vt 0.00000 1.00000
vt 0.00000 1.00000
vt 0.00000 1.00000
vt 0.00000 1.00000
vt 0.00000 1.00000
vt 0.00000 1.00000
vt 0.00000 1.00000
vt 0.00000 1.00000
vt 0.00000 1.00000
vt 0.00000 1.00000
vt 0.00000 1.00000
vt 0.00000 1.00000
vt 0.00000 1.00000
vt 0.00000 1.00000
vt 0.00000 1.00000
vt 0.00000 1.00000
vt 0.00000 1.00000
vt 0.00000 1.00000
vt 0.00000 1.00000
vt 0.00000 1.00000
vt 0.00000 1.00000
vt 0.00000 1.00000
vt 0.00000 1.00000
vt 0.00000 1.00000
vt 0.00000 1.00000
vt 0.00000 1.00000
vt 0.00000 1.00000
vt 0.00000 1.00000
vt 0.00000 1.00000
vt 0.00000 1.00000
vt 0.00000 1.00000
vt 0.00000 1.00000
vt 0.00000 1.00000
vt 0.00000 1.00000
vt 0.00000 1.00000
vt 0.00000 1.00000
vt 0.00000 1.00000
vt 0.00000 1.00000
vt 0.00000 1.00000
vt 0.00000 1.00000
vt 0.00000 1.00000
vt 0.00000 1.00000
vt 0.00000 1.00000
vt 0.00000 1.00000
vt 0.00000 1.00000
vt 0.00000 1.00000
vt 0.00000 1.00000
vt 0.00000 1.00000
vt 0.00000 1.00000
vt 0.00000 1.00000
vt 0.00000 1.00000
vt 0.00000 1.00000
vt 0.00000 1.00000
vt 0.00000 1.00000
vt 0.00000 1.00000
vt 0.00000 1.00000
vt 0.00000 1.00000
vt 0.00000 1.00000
vt 0.00000 1.00000
vt 0.00000 1.00000
vt 0.00000 1.00000
vt 0.00000 1.00000
vt 0.00000 1.00000
vt 0.00000 1.00000
vt 0.00000 1.00000
vt 0.00000 1.00000
vt 0.00000 1.00000
vt 0.00000 1.00000
vt 0.00000 1.00000
vt 0.00000 1.00000
vt 0.00000 1.00000
vt 0.00000 1.00000
vt 0.00000 1.00000
vt 0.00000 1.00000
vt 0.00000 1.00000
vt 0.00000 1.00000
vt 0.00000 1.00000
vt 0.00000 1.00000
vt 0.00000 1.00000
vt 0.00000 1.00000
vt 0.00000 1.00000
vt 0.00000 1.00000
vt 0.00000 1.00000
vt 0.00000 1.00000
vt 0.00000 1.00000
vt 0.00000 1.00000
vt 0.00000 1.00000
vt 0.00000 1.00000
vt 0.00000 1.00000
vt 0.00000 1.00000
vt 0.00000 1.00000
vt 0.00000 1.00000
vt 0.00000 1.00000
vt 0.00000 1.00000
vt 0.00000 1.00000
vt 0.00000 1.00000
vt 0.00000 1.00000
vt 0.00000 1.00000
vt 0.00000 1.00000
vt 0.00000 1.00000
vt 0.00000 1.00000
vt 0.00000 1.00000
vt 0.00000 1.00000
vt 0.00000 1.00000
vt 0.00000 1.00000
vt 0.00000 1.00000
vt 0.00000 1.00000
vt 0.00000 1.00000
vt 0.00000 1.00000
vt 0.00000 1.00000
vt 0.00000 1.00000
vt 0.00000 1.00000
vt 0.00000 1.00000
vt 0.00000 1.00000
vt 0.00000 1.00000
vt 0.00000 1.00000
vt 0.00000 1.00000
vt 0.00000 1.00000
vt 0.00000 1.00000
vt 0.00000 1.00000
vt 0.00000 1.00000
vt 0.00000 1.00000
vt 0.00000 1.00000
vt 0.00000 1.00000
vt 0.00000 1.00000
vt 0.00000 1.00000
vt 0.00000 1.00000
vt 0.00000 1.00000
vt 0.00000 1.00000
vt 0.00000 1.00000
vt 0.00000 1.00000
vt 0.00000 1.00000
vt 0.00000 1.00000
vt 0.00000 1.00000
vt 0.00000 1.00000
vt 0.00000 1.00000
vt 0.00000 1.00000
vt 0.00000 1.00000
vt 0.00000 1.00000
vt 0.00000 1.00000
vt 0.00000 1.00000
vt 0.00000 1.00000
vt 0.00000 1.00000
vt 0.00000 1.00000
vt 0.00000 1.00000
vt 0.00000 1.00000
vt 0.00000 1.00000
vt 0.00000 1.00000
vt 0.00000 1.00000
vt 0.00000 1.00000
vt 0.00000 1.00000
vt 0.00000 1.00000
vt 0.00000 1.00000
vt 0.00000 1.00000
vt 0.00000 1.00000
vt 0.00000 1.00000
vt 0.00000 1.00000
vt 0.00000 1.00000
vt 0.00000 1.00000
vt 0.00000 1.00000
vt 0.00000 1.00000
vt 0.00000 1.00000
vt 0.00000 1.00000
vt 0.00000 1.00000
vt 0.00000 1.00000
vt 0.00000 1.00000
vt 0.00000 1.00000
vt 0.00000 1.00000
vt 0.00000 1.00000
vt 0.00000 1.00000
vt 0.00000 1.00000
vt 0.00000 1.00000
vt 0.00000 1.00000
vt 0.00000 1.00000
vt 0.00000 1.00000
vt 0.00000 1.00000
vt 0.00000 1.00000
vt 0.00000 1.00000
vt 0.00000 1.00000
vt 0.00000 1.00000
vt 0.00000 1.00000
vt 0.00000 1.00000
vt 0.00000 1.00000
vt 0.00000 1.00000
vt 0.00000 1.00000
vt 0.00000 1.00000
vt 0.00000 1.00000
vt 0.00000 1.00000
vt 0.00000 1.00000
vt 0.00000 1.00000
vt 0.00000 1.00000
vt 0.00000 1.00000
vt 0.00000 1.00000
vt 0.00000 1.00000
vt 0.00000 1.00000
vt 0.00000 1.00000
vt 0.00000 1.00000
vt 0.00000 1.00000
vt 0.00000 1.00000
vt 0.00000 1.00000
vt 0.00000 1.00000
vt 0.00000 1.00000
vt 0.00000 1.00000
vt 0.00000 1.00000
vt 0.00000 1.00000
vt 0.00000 1.00000
vt 0.00000 1.00000
vt 0.00000 1.00000
vt 0.00000 1.00000
vt 0.00000 1.00000
vt 0.00000 1.00000
vt 0.00000 1.00000
vt 0.00000 1.00000
vt 0.00000 1.00000
vt 0.00000 1.00000
vt 0.00000 1.00000
vt 0.00000 1.00000
vt 0.00000 1.00000
vt 0.00000 1.00000
vt 0.00000 1.00000
vt 0.00000 1.00000
vt 0.00000 1.00000
vt 0.00000 1.00000
vt 0.00000 1.00000
vt 0.00000 1.00000
vt 0.00000 1.00000
vt 0.00000 1.00000
vt 0.00000 1.00000
vt 0.00000 1.00000
vt 0.00000 1.00000
vt 0.00000 1.00000
vt 0.00000 1.00000
vt 0.00000 1.00000
vt 0.00000 1.00000
vt 0.00000 1.00000
vt 0.00000 1.00000
vt 0.00000 1.00000
vt 0.00000 1.00000
vt 0.00000 1.00000
vt 0.00000 1.00000
vt 0.00000 1.00000
vt 0.00000 1.00000
vt 0.00000 1.00000
vt 0.00000 1.00000
vt 0.00000 1.00000
vt 0.00000 1.00000
vt 0.00000 1.00000
vt 0.00000 1.00000
vt 0.00000 1.00000
vt 0.00000 1.00000
vt 0.00000 1.00000
vt 0.00000 1.00000
vt 0.00000 1.00000
vt 0.00000 1.00000
vt 0.00000 1.00000
vt 0.00000 1.00000
vt 0.00000 1.00000
vt 0.00000 1.00000
vt 0.00000 1.00000
vt 0.00000 1.00000
vt 0.00000 1.00000
vt 0.00000 1.00000
vt 0.00000 1.00000
vt 0.00000 1.00000
vt 0.00000 1.00000
vt 0.00000 1.00000
vt 0.00000 1.00000
vt 0.00000 1.00000
vt 0.00000 1.00000
vt 0.00000 1.00000
vt 0.00000 1.00000
vt 0.00000 1.00000
vt 0.00000 1.00000
vt 0.00000 1.00000
vt 0.00000 1.00000
vt 0.00000 1.00000
vt 0.00000 1.00000
vt 0.00000 1.00000
vt 0.00000 1.00000
vt 0.00000 1.00000
vt 0.00000 1.00000
vt 0.00000 1.00000
vt 0.00000 1.00000
vt 0.00000 1.00000
vt 0.00000 1.00000
vt 0.00000 1.00000
vt 0.00000 1.00000
vt 0.00000 1.00000
vt 0.00000 1.00000
vt 0.00000 1.00000
vt 0.00000 1.00000
vt 0.00000 1.00000
vt 0.00000 1.00000
vt 0.00000 1.00000
vt 0.00000 1.00000
vt 0.00000 1.00000
vt 0.00000 1.00000
vt 0.00000 1.00000
vt 0.00000 1.00000
vt 0.00000 1.00000
vt 0.00000 1.00000
vt 0.00000 1.00000
vt 0.00000 1.00000
vt 0.00000 1.00000
vt 0.00000 1.00000
vt 0.00000 1.00000
vt 0.00000 1.00000
vt 0.00000 1.00000
vt 0.00000 1.00000
vt 0.00000 1.00000
vt 0.00000 1.00000
vt 0.00000 1.00000
vt 0.00000 1.00000
vt 0.00000 1.00000
vt 0.00000 1.00000
vt 0.00000 1.00000
vt 0.00000 1.00000
vt 0.00000 1.00000
vt 0.00000 1.00000
vt 0.00000 1.00000
vt 0.00000 1.00000
vt 0.00000 1.00000
vt 0.00000 1.00000
vt 0.00000 1.00000
vt 0.00000 1.00000
vt 0.00000 1.00000
vt 0.00000 1.00000
vt 0.00000 1.00000
vt 0.00000 1.00000
vt 0.00000 1.00000
vt 0.00000 1.00000
vt 0.00000 1.00000
vt 0.00000 1.00000
vt 0.00000 1.00000
vt 0.00000 1.00000
vt 0.00000 1.00000
vt 0.00000 1.00000
vt 0.00000 1.00000
vt 0.00000 1.00000
vt 0.00000 1.00000
vt 0.00000 1.00000
vt 0.00000 1.00000
vt 0.00000 1.00000
vt 0.00000 1.00000
vt 0.00000 1.00000
vt 0.00000 1.00000
vt 0.00000 1.00000
vt 0.00000 1.00000
vt 0.00000 1.00000
vt 0.00000 1.00000
vt 0.00000 1.00000
vt 0.00000 1.00000
vt 0.00000 1.00000
vt 0.00000 1.00000
vt 0.00000 1.00000
vt 0.00000 1.00000
vt 0.00000 1.00000
vt 0.00000 1.00000
vt 0.00000 1.00000
vt 0.00000 1.00000
vt 0.00000 1.00000
vt 0.00000 1.00000
vt 0.00000 1.00000
vt 0.00000 1.00000
vt 0.00000 1.00000
vt 0.00000 1.00000
vt 0.00000 1.00000
vt 0.00000 1.00000
vt 0.00000 1.00000
vt 0.00000 1.00000
vt 0.00000 1.00000
vt 0.00000 1.00000
vt 0.00000 1.00000
vt 0.00000 1.00000
vt 0.00000 1.00000
vt 0.00000 1.00000
vt 0.00000 1.00000
vt 0.00000 1.00000
vt 0.00000 1.00000
vt 0.00000 1.00000
vt 0.00000 1.00000
vt 0.00000 1.00000
vt 0.00000 1.00000
vt 0.00000 1.00000
vt 0.00000 1.00000
vt 0.00000 1.00000
vt 0.00000 1.00000
vt 0.00000 1.00000
vt 0.00000 1.00000
vt 0.00000 1.00000
vt 0.00000 1.00000
vt 0.00000 1.00000
vt 0.00000 1.00000
vt 0.00000 1.00000
vt 0.00000 1.00000
vt 0.00000 1.00000
vt 0.00000 1.00000
vt 0.00000 1.00000
vt 0.00000 1.00000
vt 0.00000 1.00000
vt 0.00000 1.00000
vt 0.00000 1.00000
vt 0.00000 1.00000
vt 0.00000 1.00000
vt 0.00000 1.00000
vt 0.00000 1.00000
vt 0.00000 1.00000
vt 0.00000 1.00000
vt 0.00000 1.00000
vt 0.00000 1.00000
vt 0.00000 1.00000
vt 0.00000 1.00000
vt 0.00000 1.00000
vt 0.00000 1.00000
vt 0.00000 1.00000
vt 0.00000 1.00000
vt 0.00000 1.00000
vt 0.00000 1.00000
vt 0.00000 1.00000
vt 0.00000 1.00000
vt 0.00000 1.00000
vt 0.00000 1.00000
vt 0.00000 1.00000
vt 0.00000 1.00000
vt 0.00000 1.00000
vt 0.00000 1.00000
vt 0.00000 1.00000
vt 0.00000 1.00000
vt 0.00000 1.00000
vt 0.00000 1.00000
vt 0.00000 1.00000
vt 0.00000 1.00000
vt 0.00000 1.00000
vt 0.00000 1.00000
vt 0.00000 1.00000
vt 0.00000 1.00000
vt 0.00000 1.00000
vt 0.00000 1.00000
vt 0.00000 1.00000
vt 0.00000 1.00000
vt 0.00000 1.00000
vt 0.00000 1.00000
vt 0.00000 1.00000
vt 0.00000 1.00000
vt 0.00000 1.00000
vt 0.00000 1.00000
vt 0.00000 1.00000
vt 0.00000 1.00000
vt 0.00000 1.00000
vt 0.00000 1.00000
vt 0.00000 1.00000
vt 0.00000 1.00000
vt 0.00000 1.00000
vt 0.00000 1.00000
vt 0.00000 1.00000
vt 0.00000 1.00000
vt 0.00000 1.00000
vt 0.00000 1.00000
vt 0.00000 1.00000
vt 0.00000 1.00000
vt 0.00000 1.00000
vt 0.00000 1.00000
vt 0.00000 1.00000
vt 0.00000 1.00000
vt 0.00000 1.00000
vt 0.00000 1.00000
vt 0.00000 1.00000
vt 0.00000 1.00000
vt 0.00000 1.00000
vt 0.00000 1.00000
vt 0.00000 1.00000
vt 0.00000 1.00000
vt 0.00000 1.00000
vt 0.00000 1.00000
vt 0.00000 1.00000
vt 0.00000 1.00000
vt 0.00000 1.00000
vt 0.00000 1.00000
vt 0.00000 1.00000
vt 0.00000 1.00000
vt 0.00000 1.00000
vt 0.00000 1.00000
vt 0.00000 1.00000
vt 0.00000 1.00000
vt 0.00000 1.00000
vt 0.00000 1.00000
vt 0.00000 1.00000
vt 0.00000 1.00000
vt 0.00000 1.00000
vt 0.00000 1.00000
vt 0.00000 1.00000
vt 0.00000 1.00000
vt 0.00000 1.00000
vt 0.00000 1.00000
vt 0.00000 1.00000
vt 0.00000 1.00000
vt 0.00000 1.00000
vt 0.00000 1.00000
vt 0.00000 1.00000
vt 0.00000 1.00000
usemtl needles
f 1537/1537 1538/1538 1539/1539
f 1540/1540 1541/1541 1542/1542
f 1543/1543 1544/1544 1545/1545
f 1546/1546 1547/1547 1548/1548
f 1549/1549 1550/1550 1551/1551
f 1552/1552 1553/1553 1554/1554
f 1555/1555 1556/1556 1557/1557
f 1558/1558 1559/1559 1560/1560
f 1561/1561 1562/1562 1563/1563
f 1564/1564 1565/1565 1566/1566
f 1567/1567 1568/1568 1569/1569
f 1570/1570 1571/1571 1572/1572
f 1573/1573 1574/1574 1575/1575
f 1576/1576 1577/1577 1578/1578
f 1579/1579 1580/1580 1581/1581
f 1582/1582 1583/1583 1584/1584
f 1585/1585 1586/1586 1587/1587
f 1588/1588 1589/1589 1590/1590
f 1591/1591 1592/1592 1593/1593
f 1594/1594 1595/1595 1596/1596
f 1597/1597 1598/1598 1599/1599
f 1600/1600 1601/1601 1602/1602
f 1603/1603 1604/1604 1605/1605
f 1606/1606 1607/1607 1608/1608
f 1609/1609 1610/1610 1611/1611
f 1612/1612 1613/1613 1614/1614
f 1615/1615 1616/1616 1617/1617
f 1618/1618 1619/1619 1620/1620
f 1621/1621 1622/1622 1623/1623
f 1624/1624 1625/1625 1626/1626
f 1627/1627 1628/1628 1629/1629
f 1630/1630 1631/1631 1632/1632
f 1633/1633 1634/1634 1635/1635
f 1636/1636 1637/1637 1638/1638
f 1639/1639 1640/1640 1641/1641
f 1642/1642 1643/1643 1644/1644
f 1645/1645 1646/1646 1647/1647
f 1648/1648 1649/1649 1650/1650
f 1651/1651 1652/1652 1653/1653
f 1654/1654 1655/1655 1656/1656
f 1657/1657 1658/1658 1659/1659
f 1660/1660 1661/1661 1662/1662
f 1663/1663 1664/1664 1665/1665
f 1666/1666 1667/1667 1668/1668
f 1669/1669 1670/1670 1671/1671
f 1672/1672 1673/1673 1674/1674
f 1675/1675 1676/1676 1677/1677
f 1678/1678 1679/1679 1680/1680
f 1681/1681 1682/1682 1683/1683
f 1684/1684 1685/1685 1686/1686
f 1687/1687 1688/1688 1689/1689
f 1690/1690 1691/1691 1692/1692
f 1693/1693 1694/1694 1695/1695
f 1696/1696 1697/1697 1698/1698
f 1699/1699 1700/1700 1701/1701
f 1702/1702 1703/1703 1704/1704
f 1705/1705 1706/1706 1707/1707
f 1708/1708 1709/1709 1710/1710
f 1711/1711 1712/1712 1713/1713
f 1714/1714 1715/1715 1716/1716
f 1717/1717 1718/1718 1719/1719
f 1720/1720 1721/1721 1722/1722
f 1723/1723 1724/1724 1725/1725
f 1726/1726 1727/1727 1728/1728
f 1729/1729 1730/1730 1731/1731
f 1732/1732 1733/1733 1734/1734
f 1735/1735 1736/1736 1737/1737
f 1738/1738 1739/1739 1740/1740
f 1741/1741 1742/1742 1743/1743
f 1744/1744 1745/1745 1746/1746
f 1747/1747 1748/1748 1749/1749
f 1750/1750 1751/1751 1752/1752
f 1753/1753 1754/1754 1755/1755
f 1756/1756 1757/1757 1758/1758
f 1759/1759 1760/1760 1761/1761
f 1762/1762 1763/1763 1764/1764
f 1765/1765 1766/1766 1767/1767
f 1768/1768 1769/1769 1770/1770
f 1771/1771 1772/1772 1773/1773
f 1774/1774 1775/1775 1776/1776
f 1777/1777 1778/1778 1779/1779
f 1780/1780 1781/1781 1782/1782
f 1783/1783 1784/1784 1785/1785
f 1786/1786 1787/1787 1788/1788
f 1789/1789 1790/1790 1791/1791
f 1792/1792 1793/1793 1794/1794
f 1795/1795 1796/1796 1797/1797
f 1798/1798 1799/1799 1800/1800
f 1801/1801 1802/1802 1803/1803
f 1804/1804 1805/1805 1806/1806
f 1807/1807 1808/1808 1809/1809
f 1810/1810 1811/1811 1812/1812
f 1813/1813 1814/1814 1815/1815
f 1816/1816 1817/1817 1818/1818
f 1819/1819 1820/1820 1821/1821
f 1822/1822 1823/1823 1824/1824
f 1825/1825 1826/1826 1827/1827
f 1828/1828 1829/1829 1830/1830
f 1831/1831 1832/1832 1833/1833
f 1834/1834 1835/1835 1836/1836
f 1837/1837 1838/1838 1839/1839
f 1840/1840 1841/1841 1842/1842
f 1843/1843 1844/1844 1845/1845
f 1846/1846 1847/1847 1848/1848
f 1849/1849 1850/1850 1851/1851
f 1852/1852 1853/1853 1854/1854
f 1855/1855 1856/1856 1857/1857
f 1858/1858 1859/1859 1860/1860
f 1861/1861 1862/1862 1863/1863
f 1864/1864 1865/1865 1866/1866
f 1867/1867 1868/1868 1869/1869
f 1870/1870 1871/1871 1872/1872
f 1873/1873 1874/1874 1875/1875
f 1876/1876 1877/1877 1878/1878
f 1879/1879 1880/1880 1881/1881
f 1882/1882 1883/1883 1884/1884
f 1885/1885 1886/1886 1887/1887
f 1888/1888 1889/1889 1890/1890
f 1891/1891 1892/1892 1893/1893
f 1894/1894 1895/1895 1896/1896
f 1897/1897 1898/1898 1899/1899
f 1900/1900 1901/1901 1902/1902
f 1903/1903 1904/1904 1905/1905
f 1906/1906 1907/1907 1908/1908
f 1909/1909 1910/1910 1911/1911
f 1912/1912 1913/1913 1914/1914
f 1915/1915 1916/1916 1917/1917
f 1918/1918 1919/1919 1920/1920
f 1921/1921 1922/1922 1923/1923
f 1924/1924 1925/1925 1926/1926
f 1927/1927 1928/1928 1929/1929
f 1930/1930 1931/1931 1932/1932
f 1933/1933 1934/1934 1935/1935
f 1936/1936 1937/1937 1938/1938
f 1939/1939 1940/1940 1941/1941
f 1942/1942 1943/1943 1944/1944
f 1945/1945 1946/1946 1947/1947
f 1948/1948 1949/1949 1950/1950
f 1951/1951 1952/1952 1953/1953
f 1954/1954 1955/1955 1956/1956
f 1957/1957 1958/1958 1959/1959
f 1960/1960 1961/1961 1962/1962
f 1963/1963 1964/1964 1965/1965
f 1966/1966 1967/1967 1968/1968
f 1969/1969 1970/1970 1971/1971
f 1972/1972 1973/1973 1974/1974
f 1975/1975 1976/1976 1977/1977
f 1978/1978 1979/1979 1980/1980
f 1981/1981 1982/1982 1983/1983
f 1984/1984 1985/1985 1986/1986
f 1987/1987 1988/1988 1989/1989
f 1990/1990 1991/1991 1992/1992
f 1993/1993 1994/1994 1995/1995
f 1996/1996 1997/1997 1998/1998
f 1999/1999 2000/2000 2001/2001
f 2002/2002 2003/2003 2004/2004
f 2005/2005 2006/2006 2007/2007
f 2008/2008 2009/2009 2010/2010
f 2011/2011 2012/2012 2013/2013
f 2014/2014 2015/2015 2016/2016
f 2017/2017 2018/2018 2019/2019
f 2020/2020 2021/2021 2022/2022
f 2023/2023 2024/2024 2025/2025
f 2026/2026 2027/2027 2028/2028
f 2029/2029 2030/2030 2031/2031
f 2032/2032 2033/2033 2034/2034
f 2035/2035 2036/2036 2037/2037
f 2038/2038 2039/2039 2040/2040
f 2041/2041 2042/2042 2043/2043
f 2044/2044 2045/2045 2046/2046
f 2047/2047 2048/2048 2049/2049
f 2050/2050 2051/2051 2052/2052
f 2053/2053 2054/2054 2055/2055
f 2056/2056 2057/2057 2058/2058
f 2059/2059 2060/2060 2061/2061
f 2062/2062 2063/2063 2064/2064
f 2065/2065 2066/2066 2067/2067
f 2068/2068 2069/2069 2070/2070
f 2071/2071 2072/2072 2073/2073
f 2074/2074 2075/2075 2076/2076
f 2077/2077 2078/2078 2079/2079
f 2080/2080 2081/2081 2082/2082
f 2083/2083 2084/2084 2085/2085
f 2086/2086 2087/2087 2088/2088
f 2089/2089 2090/2090 2091/2091
f 2092/2092 2093/2093 2094/2094
f 2095/2095 2096/2096 2097/2097
f 2098/2098 2099/2099 2100/2100
f 2101/2101 2102/2102 2103/2103
f 2104/2104 2105/2105 2106/2106
f 2107/2107 2108/2108 2109/2109
f 2110/2110 2111/2111 2112/2112
f 2113/2113 2114/2114 2115/2115
f 2116/2116 2117/2117 2118/2118
f 2119/2119 2120/2120 2121/2121
f 2122/2122 2123/2123 2124/2124
f 2125/2125 2126/2126 2127/2127
f 2128/2128 2129/2129 2130/2130
f 2131/2131 2132/2132 2133/2133
f 2134/2134 2135/2135 2136/2136
f 2137/2137 2138/2138 2139/2139
f 2140/2140 2141/2141 2142/2142
f 2143/2143 2144/2144 2145/2145
f 2146/2146 2147/2147 2148/2148
f 2149/2149 2150/2150 2151/2151
f 2152/2152 2153/2153 2154/2154
f 2155/2155 2156/2156 2157/2157
f 2158/2158 2159/2159 2160/2160
f 2161/2161 2162/2162 2163/2163
f 2164/2164 2165/2165 2166/2166
f 2167/2167 2168/2168 2169/2169
f 2170/2170 2171/2171 2172/2172
f 2173/2173 2174/2174 2175/2175
f 2176/2176 2177/2177 2178/2178
f 2179/2179 2180/2180 2181/2181
f 2182/2182 2183/2183 2184/2184
f 2185/2185 2186/2186 2187/2187
f 2188/2188 2189/2189 2190/2190
f 2191/2191 2192/2192 2193/2193
f 2194/2194 2195/2195 2196/2196
f 2197/2197 2198/2198 2199/2199
f 2200/2200 2201/2201 2202/2202
f 2203/2203 2204/2204 2205/2205
f 2206/2206 2207/2207 2208/2208
f 2209/2209 2210/2210 2211/2211
f 2212/2212 2213/2213 2214/2214
f 2215/2215 2216/2216 2217/2217
f 2218/2218 2219/2219 2220/2220
f 2221/2221 2222/2222 2223/2223
f 2224/2224 2225/2225 2226/2226
f 2227/2227 2228/2228 2229/2229
f 2230/2230 2231/2231 2232/2232
f 2233/2233 2234/2234 2235/2235
f 2236/2236 2237/2237 2238/2238
f 2239/2239 2240/2240 2241/2241
f 2242/2242 2243/2243 2244/2244
f 2245/2245 2246/2246 2247/2247
f 2248/2248 2249/2249 2250/2250
f 2251/2251 2252/2252 2253/2253
f 2254/2254 2255/2255 2256/2256
f 2257/2257 2258/2258 2259/2259
f 2260/2260 2261/2261 2262/2262
f 2263/2263 2264/2264 2265/2265
f 2266/2266 2267/2267 2268/2268
f 2269/2269 2270/2270 2271/2271
f 2272/2272 2273/2273 2274/2274
f 2275/2275 2276/2276 2277/2277
f 2278/2278 2279/2279 2280/2280
f 2281/2281 2282/2282 2283/2283
f 2284/2284 2285/2285 2286/2286
f 2287/2287 2288/2288 2289/2289
f 2290/2290 2291/2291 2292/2292
f 2293/2293 2294/2294 2295/2295
f 2296/2296 2297/2297 2298/2298
f 2299/2299 2300/2300 2301/2301
f 2302/2302 2303/2303 2304/2304
f 2305/2305 2306/2306 2307/2307
f 2308/2308 2309/2309 2310/2310
f 2311/2311 2312/2312 2313/2313
f 2314/2314 2315/2315 2316/2316
f 2317/2317 2318/2318 2319/2319
f 2320/2320 2321/2321 2322/2322
f 2323/2323 2324/2324 2325/2325
f 2326/2326 2327/2327 2328/2328
f 2329/2329 2330/2330 2331/2331
f 2332/2332 2333/2333 2334/2334
f 2335/2335 2336/2336 2337/2337
f 2338/2338 2339/2339 2340/2340
f 2341/2341 2342/2342 2343/2343
f 2344/2344 2345/2345 2346/2346
f 2347/2347 2348/2348 2349/2349
f 2350/2350 2351/2351 2352/2352
f 2353/2353 2354/2354 2355/2355
f 2356/2356 2357/2357 2358/2358
f 2359/2359 2360/2360 2361/2361
f 2362/2362 2363/2363 2364/2364
f 2365/2365 2366/2366 2367/2367
f 2368/2368 2369/2369 2370/2370
f 2371/2371 2372/2372 2373/2373
f 2374/2374 2375/2375 2376/2376
f 2377/2377 2378/2378 2379/2379
f 2380/2380 2381/2381 2382/2382
f 2383/2383 2384/2384 2385/2385
f 2386/2386 2387/2387 2388/2388
f 2389/2389 2390/2390 2391/2391
f 2392/2392 2393/2393 2394/2394
f 2395/2395 2396/2396 2397/2397
f 2398/2398 2399/2399 2400/2400
f 2401/2401 2402/2402 2403/2403
f 2404/2404 2405/2405 2406/2406
f 2407/2407 2408/2408 2409/2409
f 2410/2410 2411/2411 2412/2412
f 2413/2413 2414/2414 2415/2415
f 2416/2416 2417/2417 2418/2418
f 2419/2419 2420/2420 2421/2421
f 2422/2422 2423/2423 2424/2424
f 2425/2425 2426/2426 2427/2427
f 2428/2428 2429/2429 2430/2430
f 2431/2431 2432/2432 2433/2433
f 2434/2434 2435/2435 2436/2436
f 2437/2437 2438/2438 2439/2439
f 2440/2440 2441/2441 2442/2442
f 2443/2443 2444/2444 2445/2445
f 2446/2446 2447/2447 2448/2448
f 2449/2449 2450/2450 2451/2451
f 2452/2452 2453/2453 2454/2454
f 2455/2455 2456/2456 2457/2457
f 2458/2458 2459/2459 2460/2460
f 2461/2461 2462/2462 2463/2463
f 2464/2464 2465/2465 2466/2466
f 2467/2467 2468/2468 2469/2469
f 2470/2470 2471/2471 2472/2472
f 2473/2473 2474/2474 2475/2475
f 2476/2476 2477/2477 2478/2478
f 2479/2479 2480/2480 2481/2481
f 2482/2482 2483/2483 2484/2484
f 2485/2485 2486/2486 2487/2487
f 2488/2488 2489/2489 2490/2490
f 2491/2491 2492/2492 2493/2493
f 2494/2494 2495/2495 2496/2496
f 2497/2497 2498/2498 2499/2499
f 2500/2500 2501/2501 2502/2502
f 2503/2503 2504/2504 2505/2505
f 2506/2506 2507/2507 2508/2508
f 2509/2509 2510/2510 2511/2511
f 2512/2512 2513/2513 2514/2514
f 2515/2515 2516/2516 2517/2517
f 2518/2518 2519/2519 2520/2520
f 2521/2521 2522/2522 2523/2523
f 2524/2524 2525/2525 2526/2526
f 2527/2527 2528/2528 2529/2529
f 2530/2530 2531/2531 2532/2532
f 2533/2533 2534/2534 2535/2535
f 2536/2536 2537/2537 2538/2538
f 2539/2539 2540/2540 2541/2541
f 2542/2542 2543/2543 2544/2544
f 2545/2545 2546/2546 2547/2547
f 2548/2548 2549/2549 2550/2550
f 2551/2551 2552/2552 2553/2553
f 2554/2554 2555/2555 2556/2556
f 2557/2557 2558/2558 2559/2559
f 2560/2560 2561/2561 2562/2562
f 2563/2563 2564/2564 2565/2565
f 2566/2566 2567/2567 2568/2568
f 2569/2569 2570/2570 2571/2571
f 2572/2572 2573/2573 2574/2574
f 2575/2575 2576/2576 2577/2577
f 2578/2578 2579/2579 2580/2580
f 2581/2581 2582/2582 2583/2583
f 2584/2584 2585/2585 2586/2586
f 2587/2587 2588/2588 2589/2589
f 2590/2590 2591/2591 2592/2592
f 2593/2593 2594/2594 2595/2595
f 2596/2596 2597/2597 2598/2598
f 2599/2599 2600/2600 2601/2601
f 2602/2602 2603/2603 2604/2604
f 2605/2605 2606/2606 2607/2607
f 2608/2608 2609/2609 2610/2610
f 2611/2611 2612/2612 2613/2613
f 2614/2614 2615/2615 2616/2616
f 2617/2617 2618/2618 2619/2619
f 2620/2620 2621/2621 2622/2622
f 2623/2623 2624/2624 2625/2625
f 2626/2626 2627/2627 2628/2628
f 2629/2629 2630/2630 2631/2631
f 2632/2632 2633/2633 2634/2634
f 2635/2635 2636/2636 2637/2637
f 2638/2638 2639/2639 2640/2640
f 2641/2641 2642/2642 2643/2643
f 2644/2644 2645/2645 2646/2646
f 2647/2647 2648/2648 2649/2649
f 2650/2650 2651/2651 2652/2652
f 2653/2653 2654/2654 2655/2655
f 2656/2656 2657/2657 2658/2658
f 2659/2659 2660/2660 2661/2661
f 2662/2662 2663/2663 2664/2664
f 2665/2665 2666/2666 2667/2667
f 2668/2668 2669/2669 2670/2670
f 2671/2671 2672/2672 2673/2673
f 2674/2674 2675/2675 2676/2676
f 2677/2677 2678/2678 2679/2679
f 2680/2680 2681/2681 2682/2682
f 2683/2683 2684/2684 2685/2685
f 2686/2686 2687/2687 2688/2688
f 2689/2689 2690/2690 2691/2691
f 2692/2692 2693/2693 2694/2694
f 2695/2695 2696/2696 2697/2697
f 2698/2698 2699/2699 2700/2700
f 2701/2701 2702/2702 2703/2703
f 2704/2704 2705/2705 2706/2706
f 2707/2707 2708/2708 2709/2709
f 2710/2710 2711/2711 2712/2712
f 2713/2713 2714/2714 2715/2715
f 2716/2716 2717/2717 2718/2718
f 2719/2719 2720/2720 2721/2721
f 2722/2722 2723/2723 2724/2724
f 2725/2725 2726/2726 2727/2727
f 2728/2728 2729/2729 2730/2730
f 2731/2731 2732/2732 2733/2733
f 2734/2734 2735/2735 2736/2736
f 2737/2737 2738/2738 2739/2739
f 2740/2740 2741/2741 2742/2742
f 2743/2743 2744/2744 2745/2745
f 2746/2746 2747/2747 2748/2748
f 2749/2749 2750/2750 2751/2751
f 2752/2752 2753/2753 2754/2754
f 2755/2755 2756/2756 2757/2757
f 2758/2758 2759/2759 2760/2760
f 2761/2761 2762/2762 2763/2763
f 2764/2764 2765/2765 2766/2766
f 2767/2767 2768/2768 2769/2769
f 2770/2770 2771/2771 2772/2772
f 2773/2773 2774/2774 2775/2775
f 2776/2776 2777/2777 2778/2778
f 2779/2779 2780/2780 2781/2781
f 2782/2782 2783/2783 2784/2784
f 2785/2785 2786/2786 2787/2787
f 2788/2788 2789/2789 2790/2790
f 2791/2791 2792/2792 2793/2793
f 2794/2794 2795/2795 2796/2796
f 2797/2797 2798/2798 2799/2799
f 2800/2800 2801/2801 2802/2802
f 2803/2803 2804/2804 2805/2805
f 2806/2806 2807/2807 2808/2808
f 2809/2809 2810/2810 2811/2811
f 2812/2812 2813/2813 2814/2814
f 2815/2815 2816/2816 2817/2817
f 2818/2818 2819/2819 2820/2820
f 2821/2821 2822/2822 2823/2823
f 2824/2824 2825/2825 2826/2826
f 2827/2827 2828/2828 2829/2829
f 2830/2830 2831/2831 2832/2832
f 2833/2833 2834/2834 2835/2835
f 2836/2836 2837/2837 2838/2838
f 2839/2839 2840/2840 2841/2841
f 2842/2842 2843/2843 2844/2844
f 2845/2845 2846/2846 2847/2847
f 2848/2848 2849/2849 2850/2850
f 2851/2851 2852/2852 2853/2853
f 2854/2854 2855/2855 2856/2856
f 2857/2857 2858/2858 2859/2859
f 2860/2860 2861/2861 2862/2862
f 2863/2863 2864/2864 2865/2865
f 2866/2866 2867/2867 2868/2868
f 2869/2869 2870/2870 2871/2871
f 2872/2872 2873/2873 2874/2874
f 2875/2875 2876/2876 2877/2877
f 2878/2878 2879/2879 2880/2880
f 2881/2881 2882/2882 2883/2883
f 2884/2884 2885/2885 2886/2886
f 2887/2887 2888/2888 2889/2889
f 2890/2890 2891/2891 2892/2892
f 2893/2893 2894/2894 2895/2895
f 2896/2896 2897/2897 2898/2898
f 2899/2899 2900/2900 2901/2901
f 2902/2902 2903/2903 2904/2904
f 2905/2905 2906/2906 2907/2907
f 2908/2908 2909/2909 2910/2910
f 2911/2911 2912/2912 2913/2913
f 2914/2914 2915/2915 2916/2916
f 2917/2917 2918/2918 2919/2919
f 2920/2920 2921/2921 2922/2922
f 2923/2923 2924/2924 2925/2925
f 2926/2926 2927/2927 2928/2928
f 2929/2929 2930/2930 2931/2931
f 2932/2932 2933/2933 2934/2934
f 2935/2935 2936/2936 2937/2937
f 2938/2938 2939/2939 2940/2940
f 2941/2941 2942/2942 2943/2943
f 2944/2944 2945/2945 2946/2946
f 2947/2947 2948/2948 2949/2949
f 2950/2950 2951/2951 2952/2952
f 2953/2953 2954/2954 2955/2955
f 2956/2956 2957/2957 2958/2958
f 2959/2959 2960/2960 2961/2961
f 2962/2962 2963/2963 2964/2964
f 2965/2965 2966/2966 2967/2967
f 2968/2968 2969/2969 2970/2970
f 2971/2971 2972/2972 2973/2973
f 2974/2974 2975/2975 2976/2976
f 2977/2977 2978/2978 2979/2979
f 2980/2980 2981/2981 2982/2982
f 2983/2983 2984/2984 2985/2985
f 2986/2986 2987/2987 2988/2988
f 2989/2989 2990/2990 2991/2991
f 2992/2992 2993/2993 2994/2994
f 2995/2995 2996/2996 2997/2997
f 2998/2998 2999/2999 3000/3000
f 3001/3001 3002/3002 3003/3003
f 3004/3004 3005/3005 3006/3006
f 3007/3007 3008/3008 3009/3009
f 3010/3010 3011/3011 3012/3012
f 3013/3013 3014/3014 3015/3015
f 3016/3016 3017/3017 3018/3018
f 3019/3019 3020/3020 3021/3021
f 3022/3022 3023/3023 3024/3024
f 3025/3025 3026/3026 3027/3027
f 3028/3028 3029/3029 3030/3030
f 3031/3031 3032/3032 3033/3033
f 3034/3034 3035/3035 3036/3036
f 3037/3037 3038/3038 3039/3039
f 3040/3040 3041/3041 3042/3042
f 3043/3043 3044/3044 3045/3045
f 3046/3046 3047/3047 3048/3048
f 3049/3049 3050/3050 3051/3051
f 3052/3052 3053/3053 3054/3054
f 3055/3055 3056/3056 3057/3057
f 3058/3058 3059/3059 3060/3060
f 3061/3061 3062/3062 3063/3063
f 3064/3064 3065/3065 3066/3066
f 3067/3067 3068/3068 3069/3069
f 3070/3070 3071/3071 3072/3072
f 3073/3073 3074/3074 3075/3075
f 3076/3076 3077/3077 3078/3078
f 3079/3079 3080/3080 3081/3081
f 3082/3082 3083/3083 3084/3084
f 3085/3085 3086/3086 3087/3087
f 3088/3088 3089/3089 3090/3090
f 3091/3091 3092/3092 3093/3093
f 3094/3094 3095/3095 3096/3096
f 3097/3097 3098/3098 3099/3099
f 3100/3100 3101/3101 3102/3102
f 3103/3103 3104/3104 3105/3105
f 3106/3106 3107/3107 3108/3108
f 3109/3109 3110/3110 3111/3111
f 3112/3112 3113/3113 3114/3114
f 3115/3115 3116/3116 3117/3117
f 3118/3118 3119/3119 3120/3120
f 3121/3121 3122/3122 3123/3123
f 3124/3124 3125/3125 3126/3126
f 3127/3127 3128/3128 3129/3129
f 3130/3130 3131/3131 3132/3132
f 3133/3133 3134/3134 3135/3135
f 3136/3136 3137/3137 3138/3138
f 3139/3139 3140/3140 3141/3141
f 3142/3142 3143/3143 3144/3144
f 3145/3145 3146/3146 3147/3147
f 3148/3148 3149/3149 3150/3150
f 3151/3151 3152/3152 3153/3153
f 3154/3154 3155/3155 3156/3156
f 3157/3157 3158/3158 3159/3159
f 3160/3160 3161/3161 3162/3162
f 3163/3163 3164/3164 3165/3165
f 3166/3166 3167/3167 3168/3168
f 3169/3169 3170/3170 3171/3171
f 3172/3172 3173/3173 3174/3174
f 3175/3175 3176/3176 3177/3177
f 3178/3178 3179/3179 3180/3180
f 3181/3181 3182/3182 3183/3183
f 3184/3184 3185/3185 3186/3186
f 3187/3187 3188/3188 3189/3189
f 3190/3190 3191/3191 3192/3192
f 3193/3193 3194/3194 3195/3195
f 3196/3196 3197/3197 3198/3198
f 3199/3199 3200/3200 3201/3201
f 3202/3202 3203/3203 3204/3204
f 3205/3205 3206/3206 3207/3207
f 3208/3208 3209/3209 3210/3210
f 3211/3211 3212/3212 3213/3213
f 3214/3214 3215/3215 3216/3216
f 3217/3217 3218/3218 3219/3219
f 3220/3220 3221/3221 3222/3222
f 3223/3223 3224/3224 3225/3225
f 3226/3226 3227/3227 3228/3228
f 3229/3229 3230/3230 3231/3231
f 3232/3232 3233/3233 3234/3234
f 3235/3235 3236/3236 3237/3237
f 3238/3238 3239/3239 3240/3240
f 3241/3241 3242/3242 3243/3243
f 3244/3244 3245/3245 3246/3246
f 3247/3247 3248/3248 3249/3249
f 3250/3250 3251/3251 3252/3252
f 3253/3253 3254/3254 3255/3255
f 3256/3256 3257/3257 3258/3258
f 3259/3259 3260/3260 3261/3261
f 3262/3262 3263/3263 3264/3264
f 3265/3265 3266/3266 3267/3267
f 3268/3268 3269/3269 3270/3270
f 3271/3271 3272/3272 3273/3273
f 3274/3274 3275/3275 3276/3276
f 3277/3277 3278/3278 3279/3279
f 3280/3280 3281/3281 3282/3282
f 3283/3283 3284/3284 3285/3285
f 3286/3286 3287/3287 3288/3288
f 3289/3289 3290/3290 3291/3291
f 3292/3292 3293/3293 3294/3294
f 3295/3295 3296/3296 3297/3297
f 3298/3298 3299/3299 3300/3300
f 3301/3301 3302/3302 3303/3303
f 3304/3304 3305/3305 3306/3306
f 3307/3307 3308/3308 3309/3309
f 3310/3310 3311/3311 3312/3312
f 3313/3313 3314/3314 3315/3315
f 3316/3316 3317/3317 3318/3318
f 3319/3319 3320/3320 3321/3321
f 3322/3322 3323/3323 3324/3324
f 3325/3325 3326/3326 3327/3327
f 3328/3328 3329/3329 3330/3330
f 3331/3331 3332/3332 3333/3333
f 3334/3334 3335/3335 3336/3336
f 3337/3337 3338/3338 3339/3339
f 3340/3340 3341/3341 3342/3342
f 3343/3343 3344/3344 3345/3345
f 3346/3346 3347/3347 3348/3348
f 3349/3349 3350/3350 3351/3351
f 3352/3352 3353/3353 3354/3354
f 3355/3355 3356/3356 3357/3357
f 3358/3358 3359/3359 3360/3360
f 3361/3361 3362/3362 3363/3363
f 3364/3364 3365/3365 3366/3366
f 3367/3367 3368/3368 3369/3369
f 3370/3370 3371/3371 3372/3372
f 3373/3373 3374/3374 3375/3375
f 3376/3376 3377/3377 3378/3378
f 3379/3379 3380/3380 3381/3381
f 3382/3382 3383/3383 3384/3384
f 3385/3385 3386/3386 3387/3387
f 3388/3388 3389/3389 3390/3390
f 3391/3391 3392/3392 3393/3393
f 3394/3394 3395/3395 3396/3396
f 3397/3397 3398/3398 3399/3399
f 3400/3400 3401/3401 3402/3402
f 3403/3403 3404/3404 3405/3405
f 3406/3406 3407/3407 3408/3408
f 3409/3409 3410/3410 3411/3411
f 3412/3412 3413/3413 3414/3414
f 3415/3415 3416/3416 3417/3417
f 3418/3418 3419/3419 3420/3420
f 3421/3421 3422/3422 3423/3423
f 3424/3424 3425/3425 3426/3426
f 3427/3427 3428/3428 3429/3429
f 3430/3430 3431/3431 3432/3432
f 3433/3433 3434/3434 3435/3435
f 3436/3436 3437/3437 3438/3438
f 3439/3439 3440/3440 3441/3441
f 3442/3442 3443/3443 3444/3444
f 3445/3445 3446/3446 3447/3447
f 3448/3448 3449/3449 3450/3450
f 3451/3451 3452/3452 3453/3453
f 3454/3454 3455/3455 3456/3456
f 3457/3457 3458/3458 3459/3459
f 3460/3460 3461/3461 3462/3462
f 3463/3463 3464/3464 3465/3465
f 3466/3466 3467/3467 3468/3468
f 3469/3469 3470/3470 3471/3471
f 3472/3472 3473/3473 3474/3474
f 3475/3475 3476/3476 3477/3477
f 3478/3478 3479/3479 3480/3480
f 3481/3481 3482/3482 3483/3483
f 3484/3484 3485/3485 3486/3486
f 3487/3487 3488/3488 3489/3489
f 3490/3490 3491/3491 3492/3492
f 3493/3493 3494/3494 3495/3495
f 3496/3496 3497/3497 3498/3498
f 3499/3499 3500/3500 3501/3501
f 3502/3502 3503/3503 3504/3504
f 3505/3505 3506/3506 3507/3507
f 3508/3508 3509/3509 3510/3510
f 3511/3511 3512/3512 3513/3513
f 3514/3514 3515/3515 3516/3516
f 3517/3517 3518/3518 3519/3519
f 3520/3520 3521/3521 3522/3522
f 3523/3523 3524/3524 3525/3525
f 3526/3526 3527/3527 3528/3528
f 3529/3529 3530/3530 3531/3531
f 3532/3532 3533/3533 3534/3534
f 3535/3535 3536/3536 3537/3537
f 3538/3538 3539/3539 3540/3540
f 3541/3541 3542/3542 3543/3543
f 3544/3544 3545/3545 3546/3546
f 3547/3547 3548/3548 3549/3549
f 3550/3550 3551/3551 3552/3552
f 3553/3553 3554/3554 3555/3555
f 3556/3556 3557/3557 3558/3558
f 3559/3559 3560/3560 3561/3561
f 3562/3562 3563/3563 3564/3564
f 3565/3565 3566/3566 3567/3567
f 3568/3568 3569/3569 3570/3570
f 3571/3571 3572/3572 3573/3573
f 3574/3574 3575/3575 3576/3576
f 3577/3577 3578/3578 3579/3579
f 3580/3580 3581/3581 3582/3582
f 3583/3583 3584/3584 3585/3585
f 3586/3586 3587/3587 3588/3588
f 3589/3589 3590/3590 3591/3591
f 3592/3592 3593/3593 3594/3594
f 3595/3595 3596/3596 3597/3597
f 3598/3598 3599/3599 3600/3600
f 3601/3601 3602/3602 3603/3603
f 3604/3604 3605/3605 3606/3606
f 3607/3607 3608/3608 3609/3609
f 3610/3610 3611/3611 3612/3612
f 3613/3613 3614/3614 3615/3615
f 3616/3616 3617/3617 3618/3618
f 3619/3619 3620/3620 3621/3621
f 3622/3622 3623/3623 3624/3624
f 3625/3625 3626/3626 3627/3627
f 3628/3628 3629/3629 3630/3630
f 3631/3631 3632/3632 3633/3633
f 3634/3634 3635/3635 3636/3636
f 3637/3637 3638/3638 3639/3639
f 3640/3640 3641/3641 3642/3642
f 3643/3643 3644/3644 3645/3645
f 3646/3646 3647/3647 3648/3648
f 3649/3649 3650/3650 3651/3651
f 3652/3652 3653/3653 3654/3654
f 3655/3655 3656/3656 3657/3657
f 3658/3658 3659/3659 3660/3660
f 3661/3661 3662/3662 3663/3663
f 3664/3664 3665/3665 3666/3666
f 3667/3667 3668/3668 3669/3669
f 3670/3670 3671/3671 3672/3672
f 3673/3673 3674/3674 3675/3675
f 3676/3676 3677/3677 3678/3678
f 3679/3679 3680/3680 3681/3681
f 3682/3682 3683/3683 3684/3684
f 3685/3685 3686/3686 3687/3687
f 3688/3688 3689/3689 3690/3690
f 3691/3691 3692/3692 3693/3693
f 3694/3694 3695/3695 3696/3696
f 3697/3697 3698/3698 3699/3699
f 3700/3700 3701/3701 3702/3702
f 3703/3703 3704/3704 3705/3705
f 3706/3706 3707/3707 3708/3708
f 3709/3709 3710/3710 3711/3711
f 3712/3712 3713/3713 3714/3714
f 3715/3715 3716/3716 3717/3717
f 3718/3718 3719/3719 3720/3720
f 3721/3721 3722/3722 3723/3723
f 3724/3724 3725/3725 3726/3726
f 3727/3727 3728/3728 3729/3729
f 3730/3730 3731/3731 3732/3732
f 3733/3733 3734/3734 3735/3735
f 3736/3736 3737/3737 3738/3738
f 3739/3739 3740/3740 3741/3741
f 3742/3742 3743/3743 3744/3744
f 3745/3745 3746/3746 3747/3747
f 3748/3748 3749/3749 3750/3750
f 3751/3751 3752/3752 3753/3753
f 3754/3754 3755/3755 3756/3756
f 3757/3757 3758/3758 3759/3759
f 3760/3760 3761/3761 3762/3762
f 3763/3763 3764/3764 3765/3765
f 3766/3766 3767/3767 3768/3768
f 3769/3769 3770/3770 3771/3771
f 3772/3772 3773/3773 3774/3774
f 3775/3775 3776/3776 3777/3777
f 3778/3778 3779/3779 3780/3780
f 3781/3781 3782/3782 3783/3783
f 3784/3784 3785/3785 3786/3786
f 3787/3787 3788/3788 3789/3789
f 3790/3790 3791/3791 3792/3792
f 3793/3793 3794/3794 3795/3795
f 3796/3796 3797/3797 3798/3798
f 3799/3799 3800/3800 3801/3801
f 3802/3802 3803/3803 3804/3804
f 3805/3805 3806/3806 3807/3807
f 3808/3808 3809/3809 3810/3810
f 3811/3811 3812/3812 3813/3813
f 3814/3814 3815/3815 3816/3816
f 3817/3817 3818/3818 3819/3819
f 3820/3820 3821/3821 3822/3822
f 3823/3823 3824/3824 3825/3825
f 3826/3826 3827/3827 3828/3828
f 3829/3829 3830/3830 3831/3831
f 3832/3832 3833/3833 3834/3834
f 3835/3835 3836/3836 3837/3837
f 3838/3838 3839/3839 3840/3840
f 3841/3841 3842/3842 3843/3843
f 3844/3844 3845/3845 3846/3846
f 3847/3847 3848/3848 3849/3849
f 3850/3850 3851/3851 3852/3852
f 3853/3853 3854/3854 3855/3855
f 3856/3856 3857/3857 3858/3858
f 3859/3859 3860/3860 3861/3861
f 3862/3862 3863/3863 3864/3864
f 3865/3865 3866/3866 3867/3867
f 3868/3868 3869/3869 3870/3870
f 3871/3871 3872/3872 3873/3873
f 3874/3874 3875/3875 3876/3876
f 3877/3877 3878/3878 3879/3879
f 3880/3880 3881/3881 3882/3882
f 3883/3883 3884/3884 3885/3885
f 3886/3886 3887/3887 3888/3888
f 3889/3889 3890/3890 3891/3891
f 3892/3892 3893/3893 3894/3894
f 3895/3895 3896/3896 3897/3897
f 3898/3898 3899/3899 3900/3900
f 3901/3901 3902/3902 3903/3903
f 3904/3904 3905/3905 3906/3906
f 3907/3907 3908/3908 3909/3909
f 3910/3910 3911/3911 3912/3912
f 3913/3913 3914/3914 3915/3915
f 3916/3916 3917/3917 3918/3918
f 3919/3919 3920/3920 3921/3921
f 3922/3922 3923/3923 3924/3924
f 3925/3925 3926/3926 3927/3927
f 3928/3928 3929/3929 3930/3930
f 3931/3931 3932/3932 3933/3933
f 3934/3934 3935/3935 3936/3936
f 3937/3937 3938/3938 3939/3939
f 3940/3940 3941/3941 3942/3942
f 3943/3943 3944/3944 3945/3945
f 3946/3946 3947/3947 3948/3948
f 3949/3949 3950/3950 3951/3951
f 3952/3952 3953/3953 3954/3954
f 3955/3955 3956/3956 3957/3957
f 3958/3958 3959/3959 3960/3960
f 3961/3961 3962/3962 3963/3963
f 3964/3964 3965/3965 3966/3966
f 3967/3967 3968/3968 3969/3969
f 3970/3970 3971/3971 3972/3972
f 3973/3973 3974/3974 3975/3975
f 3976/3976 3977/3977 3978/3978
f 3979/3979 3980/3980 3981/3981
f 3982/3982 3983/3983 3984/3984
f 3985/3985 3986/3986 3987/3987
f 3988/3988 3989/3989 3990/3990
f 3991/3991 3992/3992 3993/3993
f 3994/3994 3995/3995 3996/3996
f 3997/3997 3998/3998 3999/3999
f 4000/4000 4001/4001 4002/4002
f 4003/4003 4004/4004 4005/4005
f 4006/4006 4007/4007 4008/4008
f 4009/4009 4010/4010 4011/4011
f 4012/4012 4013/4013 4014/4014
f 4015/4015 4016/4016 4017/4017
f 4018/4018 4019/4019 4020/4020
f 4021/4021 4022/4022 4023/4023
f 4024/4024 4025/4025 4026/4026
f 4027/4027 4028/4028 4029/4029
f 4030/4030 4031/4031 4032/4032
f 4033/4033 4034/4034 4035/4035
f 4036/4036 4037/4037 4038/4038
f 4039/4039 4040/4040 4041/4041
f 4042/4042 4043/4043 4044/4044
f 4045/4045 4046/4046 4047/4047
f 4048/4048 4049/4049 4050/4050
f 4051/4051 4052/4052 4053/4053
f 4054/4054 4055/4055 4056/4056
f 4057/4057 4058/4058 4059/4059
f 4060/4060 4061/4061 4062/4062
f 4063/4063 4064/4064 4065/4065
f 4066/4066 4067/4067 4068/4068
f 4069/4069 4070/4070 4071/4071
f 4072/4072 4073/4073 4074/4074
f 4075/4075 4076/4076 4077/4077
f 4078/4078 4079/4079 4080/4080
f 4081/4081 4082/4082 4083/4083
f 4084/4084 4085/4085 4086/4086
f 4087/4087 4088/4088 4089/4089
f 4090/4090 4091/4091 4092/4092
f 4093/4093 4094/4094 4095/4095
f 4096/4096 4097/4097 4098/4098
f 4099/4099 4100/4100 4101/4101
f 4102/4102 4103/4103 4104/4104
f 4105/4105 4106/4106 4107/4107
f 4108/4108 4109/4109 4110/4110
f 4111/4111 4112/4112 4113/4113
f 4114/4114 4115/4115 4116/4116
f 4117/4117 4118/4118 4119/4119
f 4120/4120 4121/4121 4122/4122
f 4123/4123 4124/4124 4125/4125
f 4126/4126 4127/4127 4128/4128
f 4129/4129 4130/4130 4131/4131
f 4132/4132 4133/4133 4134/4134
f 4135/4135 4136/4136 4137/4137
f 4138/4138 4139/4139 4140/4140
f 4141/4141 4142/4142 4143/4143
f 4144/4144 4145/4145 4146/4146
f 4147/4147 4148/4148 4149/4149
f 4150/4150 4151/4151 4152/4152
f 4153/4153 4154/4154 4155/4155
f 4156/4156 4157/4157 4158/4158
f 4159/4159 4160/4160 4161/4161
f 4162/4162 4163/4163 4164/4164
f 4165/4165 4166/4166 4167/4167
f 4168/4168 4169/4169 4170/4170
f 4171/4171 4172/4172 4173/4173
f 4174/4174 4175/4175 4176/4176
f 4177/4177 4178/4178 4179/4179
f 4180/4180 4181/4181 4182/4182
f 4183/4183 4184/4184 4185/4185
f 4186/4186 4187/4187 4188/4188
f 4189/4189 4190/4190 4191/4191
f 4192/4192 4193/4193 4194/4194
f 4195/4195 4196/4196 4197/4197
f 4198/4198 4199/4199 4200/4200
f 4201/4201 4202/4202 4203/4203
f 4204/4204 4205/4205 4206/4206
f 4207/4207 4208/4208 4209/4209
f 4210/4210 4211/4211 4212/4212
f 4213/4213 4214/4214 4215/4215
f 4216/4216 4217/4217 4218/4218
f 4219/4219 4220/4220 4221/4221
f 4222/4222 4223/4223 4224/4224
f 4225/4225 4226/4226 4227/4227
f 4228/4228 4229/4229 4230/4230
f 4231/4231 4232/4232 4233/4233
f 4234/4234 4235/4235 4236/4236
f 4237/4237 4238/4238 4239/4239
f 4240/4240 4241/4241 4242/4242
f 4243/4243 4244/4244 4245/4245
f 4246/4246 4247/4247 4248/4248
f 4249/4249 4250/4250 4251/4251
f 4252/4252 4253/4253 4254/4254
f 4255/4255 4256/4256 4257/4257
f 4258/4258 4259/4259 4260/4260
f 4261/4261 4262/4262 4263/4263
f 4264/4264 4265/4265 4266/4266
f 4267/4267 4268/4268 4269/4269
f 4270/4270 4271/4271 4272/4272
f 4273/4273 4274/4274 4275/4275
f 4276/4276 4277/4277 4278/4278
f 4279/4279 4280/4280 4281/4281
f 4282/4282 4283/4283 4284/4284
f 4285/4285 4286/4286 4287/4287
f 4288/4288 4289/4289 4290/4290
f 4291/4291 4292/4292 4293/4293
f 4294/4294 4295/4295 4296/4296
f 4297/4297 4298/4298 4299/4299
f 4300/4300 4301/4301 4302/4302
f 4303/4303 4304/4304 4305/4305
f 4306/4306 4307/4307 4308/4308
f 4309/4309 4310/4310 4311/4311
f 4312/4312 4313/4313 4314/4314
f 4315/4315 4316/4316 4317/4317
f 4318/4318 4319/4319 4320/4320
f 4321/4321 4322/4322 4323/4323
f 4324/4324 4325/4325 4326/4326
f 4327/4327 4328/4328 4329/4329
f 4330/4330 4331/4331 4332/4332
f 4333/4333 4334/4334 4335/4335
f 4336/4336 4337/4337 4338/4338
f 4339/4339 4340/4340 4341/4341
f 4342/4342 4343/4343 4344/4344
f 4345/4345 4346/4346 4347/4347
f 4348/4348 4349/4349 4350/4350
f 4351/4351 4352/4352 4353/4353
f 4354/4354 4355/4355 4356/4356
f 4357/4357 4358/4358 4359/4359
f 4360/4360 4361/4361 4362/4362
f 4363/4363 4364/4364 4365/4365
f 4366/4366 4367/4367 4368/4368
f 4369/4369 4370/4370 4371/4371
f 4372/4372 4373/4373 4374/4374
f 4375/4375 4376/4376 4377/4377
f 4378/4378 4379/4379 4380/4380
f 4381/4381 4382/4382 4383/4383
f 4384/4384 4385/4385 4386/4386
f 4387/4387 4388/4388 4389/4389
f 4390/4390 4391/4391 4392/4392
f 4393/4393 4394/4394 4395/4395
f 4396/4396 4397/4397 4398/4398
f 4399/4399 4400/4400 4401/4401
f 4402/4402 4403/4403 4404/4404
f 4405/4405 4406/4406 4407/4407
f 4408/4408 4409/4409 4410/4410
f 4411/4411 4412/4412 4413/4413
f 4414/4414 4415/4415 4416/4416
f 4417/4417 4418/4418 4419/4419
f 4420/4420 4421/4421 4422/4422
f 4423/4423 4424/4424 4425/4425
f 4426/4426 4427/4427 4428/4428
f 4429/4429 4430/4430 4431/4431
f 4432/4432 4433/4433 4434/4434
f 4435/4435 4436/4436 4437/4437
f 4438/4438 4439/4439 4440/4440
f 4441/4441 4442/4442 4443/4443
f 4444/4444 4445/4445 4446/4446
f 4447/4447 4448/4448 4449/4449
f 4450/4450 4451/4451 4452/4452
f 4453/4453 4454/4454 4455/4455
f 4456/4456 4457/4457 4458/4458
f 4459/4459 4460/4460 4461/4461
f 4462/4462 4463/4463 4464/4464
f 4465/4465 4466/4466 4467/4467
f 4468/4468 4469/4469 4470/4470
f 4471/4471 4472/4472 4473/4473
f 4474/4474 4475/4475 4476/4476
f 4477/4477 4478/4478 4479/4479
f 4480/4480 4481/4481 4482/4482
f 4483/4483 4484/4484 4485/4485
f 4486/4486 4487/4487 4488/4488
f 4489/4489 4490/4490 4491/4491
f 4492/4492 4493/4493 4494/4494
f 4495/4495 4496/4496 4497/4497
f 4498/4498 4499/4499 4500/4500
f 4501/4501 4502/4502 4503/4503
f 4504/4504 4505/4505 4506/4506
f 4507/4507 4508/4508 4509/4509
f 4510/4510 4511/4511 4512/4512
f 4513/4513 4514/4514 4515/4515
f 4516/4516 4517/4517 4518/4518
f 4519/4519 4520/4520 4521/4521
f 4522/4522 4523/4523 4524/4524
f 4525/4525 4526/4526 4527/4527
f 4528/4528 4529/4529 4530/4530
f 4531/4531 4532/4532 4533/4533
f 4534/4534 4535/4535 4536/4536
f 4537/4537 4538/4538 4539/4539
f 4540/4540 4541/4541 4542/4542
f 4543/4543 4544/4544 4545/4545
f 4546/4546 4547/4547 4548/4548
f 4549/4549 4550/4550 4551/4551
f 4552/4552 4553/4553 4554/4554
f 4555/4555 4556/4556 4557/4557
f 4558/4558 4559/4559 4560/4560
f 4561/4561 4562/4562 4563/4563
f 4564/4564 4565/4565 4566/4566
f 4567/4567 4568/4568 4569/4569
f 4570/4570 4571/4571 4572/4572
f 4573/4573 4574/4574 4575/4575
f 4576/4576 4577/4577 4578/4578
f 4579/4579 4580/4580 4581/4581
f 4582/4582 4583/4583 4584/4584
f 4585/4585 4586/4586 4587/4587
f 4588/4588 4589/4589 4590/4590
f 4591/4591 4592/4592 4593/4593
f 4594/4594 4595/4595 4596/4596
f 4597/4597 4598/4598 4599/4599
f 4600/4600 4601/4601 4602/4602
f 4603/4603 4604/4604 4605/4605
f 4606/4606 4607/4607 4608/4608
f 4609/4609 4610/4610 4611/4611
f 4612/4612 4613/4613 4614/4614
f 4615/4615 4616/4616 4617/4617
f 4618/4618 4619/4619 4620/4620
f 4621/4621 4622/4622 4623/4623
f 4624/4624 4625/4625 4626/4626
f 4627/4627 4628/4628 4629/4629
f 4630/4630 4631/4631 4632/4632
f 4633/4633 4634/4634 4635/4635
f 4636/4636 4637/4637 4638/4638
f 4639/4639 4640/4640 4641/4641
f 4642/4642 4643/4643 4644/4644
f 4645/4645 4646/4646 4647/4647
f 4648/4648 4649/4649 4650/4650
f 4651/4651 4652/4652 4653/4653
f 4654/4654 4655/4655 4656/4656
f 4657/4657 4658/4658 4659/4659
f 4660/4660 4661/4661 4662/4662
f 4663/4663 4664/4664 4665/4665
f 4666/4666 4667/4667 4668/4668
f 4669/4669 4670/4670 4671/4671
f 4672/4672 4673/4673 4674/4674
f 4675/4675 4676/4676 4677/4677
f 4678/4678 4679/4679 4680/4680
f 4681/4681 4682/4682 4683/4683
f 4684/4684 4685/4685 4686/4686
f 4687/4687 4688/4688 4689/4689
f 4690/4690 4691/4691 4692/4692
f 4693/4693 4694/4694 4695/4695
f 4696/4696 4697/4697 4698/4698
f 4699/4699 4700/4700 4701/4701
f 4702/4702 4703/4703 4704/4704
f 4705/4705 4706/4706 4707/4707
f 4708/4708 4709/4709 4710/4710
f 4711/4711 4712/4712 4713/4713
f 4714/4714 4715/4715 4716/4716
f 4717/4717 4718/4718 4719/4719
f 4720/4720 4721/4721 4722/4722
f 4723/4723 4724/4724 4725/4725
f 4726/4726 4727/4727 4728/4728
f 4729/4729 4730/4730 4731/4731
f 4732/4732 4733/4733 4734/4734
f 4735/4735 4736/4736 4737/4737
f 4738/4738 4739/4739 4740/4740
f 4741/4741 4742/4742 4743/4743
f 4744/4744 4745/4745 4746/4746
f 4747/4747 4748/4748 4749/4749
f 4750/4750 4751/4751 4752/4752
f 4753/4753 4754/4754 4755/4755
f 4756/4756 4757/4757 4758/4758
f 4759/4759 4760/4760 4761/4761
f 4762/4762 4763/4763 4764/4764
f 4765/4765 4766/4766 4767/4767
f 4768/4768 4769/4769 4770/4770
f 4771/4771 4772/4772 4773/4773
f 4774/4774 4775/4775 4776/4776
f 4777/4777 4778/4778 4779/4779
f 4780/4780 4781/4781 4782/4782
f 4783/4783 4784/4784 4785/4785
f 4786/4786 4787/4787 4788/4788
f 4789/4789 4790/4790 4791/4791
f 4792/4792 4793/4793 4794/4794
f 4795/4795 4796/4796 4797/4797
f 4798/4798 4799/4799 4800/4800
f 4801/4801 4802/4802 4803/4803
f 4804/4804 4805/4805 4806/4806
f 4807/4807 4808/4808 4809/4809
f 4810/4810 4811/4811 4812/4812
f 4813/4813 4814/4814 4815/4815
f 4816/4816 4817/4817 4818/4818
f 4819/4819 4820/4820 4821/4821
f 4822/4822 4823/4823 4824/4824
f 4825/4825 4826/4826 4827/4827
f 4828/4828 4829/4829 4830/4830
f 4831/4831 4832/4832 4833/4833
f 4834/4834 4835/4835 4836/4836
f 4837/4837 4838/4838 4839/4839
f 4840/4840 4841/4841 4842/4842
f 4843/4843 4844/4844 4845/4845
f 4846/4846 4847/4847 4848/4848
f 4849/4849 4850/4850 4851/4851
f 4852/4852 4853/4853 4854/4854
f 4855/4855 4856/4856 4857/4857
f 4858/4858 4859/4859 4860/4860
f 4861/4861 4862/4862 4863/4863
f 4864/4864 4865/4865 4866/4866
f 4867/4867 4868/4868 4869/4869
f 4870/4870 4871/4871 4872/4872
f 4873/4873 4874/4874 4875/4875
f 4876/4876 4877/4877 4878/4878
f 4879/4879 4880/4880 4881/4881
f 4882/4882 4883/4883 4884/4884
f 4885/4885 4886/4886 4887/4887
f 4888/4888 4889/4889 4890/4890
f 4891/4891 4892/4892 4893/4893
f 4894/4894 4895/4895 4896/4896
f 4897/4897 4898/4898 4899/4899
f 4900/4900 4901/4901 4902/4902
f 4903/4903 4904/4904 4905/4905
f 4906/4906 4907/4907 4908/4908
f 4909/4909 4910/4910 4911/4911
f 4912/4912 4913/4913 4914/4914
f 4915/4915 4916/4916 4917/4917
f 4918/4918 4919/4919 4920/4920
f 4921/4921 4922/4922 4923/4923
f 4924/4924 4925/4925 4926/4926
f 4927/4927 4928/4928 4929/4929
f 4930/4930 4931/4931 4932/4932
f 4933/4933 4934/4934 4935/4935
f 4936/4936 4937/4937 4938/4938
f 4939/4939 4940/4940 4941/4941
f 4942/4942 4943/4943 4944/4944
f 4945/4945 4946/4946 4947/4947
f 4948/4948 4949/4949 4950/4950
f 4951/4951 4952/4952 4953/4953
f 4954/4954 4955/4955 4956/4956
f 4957/4957 4958/4958 4959/4959
f 4960/4960 4961/4961 4962/4962
f 4963/4963 4964/4964 4965/4965
f 4966/4966 4967/4967 4968/4968
f 4969/4969 4970/4970 4971/4971
f 4972/4972 4973/4973 4974/4974
f 4975/4975 4976/4976 4977/4977
f 4978/4978 4979/4979 4980/4980
f 4981/4981 4982/4982 4983/4983
f 4984/4984 4985/4985 4986/4986
f 4987/4987 4988/4988 4989/4989
f 4990/4990 4991/4991 4992/4992
f 4993/4993 4994/4994 4995/4995
f 4996/4996 4997/4997 4998/4998
f 4999/4999 5000/5000 5001/5001
f 5002/5002 5003/5003 5004/5004
f 5005/5005 5006/5006 5007/5007
f 5008/5008 5009/5009 5010/5010
f 5011/5011 5012/5012 5013/5013
f 5014/5014 5015/5015 5016/5016
f 5017/5017 5018/5018 5019/5019
f 5020/5020 5021/5021 5022/5022
f 5023/5023 5024/5024 5025/5025
f 5026/5026 5027/5027 5028/5028
f 5029/5029 5030/5030 5031/5031
f 5032/5032 5033/5033 5034/5034
f 5035/5035 5036/5036 5037/5037
f 5038/5038 5039/5039 5040/5040
f 5041/5041 5042/5042 5043/5043
f 5044/5044 5045/5045 5046/5046
f 5047/5047 5048/5048 5049/5049
f 5050/5050 5051/5051 5052/5052
f 5053/5053 5054/5054 5055/5055
f 5056/5056 5057/5057 5058/5058
f 5059/5059 5060/5060 5061/5061
f 5062/5062 5063/5063 5064/5064
f 5065/5065 5066/5066 5067/5067
f 5068/5068 5069/5069 5070/5070
f 5071/5071 5072/5072 5073/5073
f 5074/5074 5075/5075 5076/5076
f 5077/5077 5078/5078 5079/5079
f 5080/5080 5081/5081 5082/5082
f 5083/5083 5084/5084 5085/5085
f 5086/5086 5087/5087 5088/5088
f 5089/5089 5090/5090 5091/5091
f 5092/5092 5093/5093 5094/5094
f 5095/5095 5096/5096 5097/5097
f 5098/5098 5099/5099 5100/5100
f 5101/5101 5102/5102 5103/5103
f 5104/5104 5105/5105 5106/5106
f 5107/5107 5108/5108 5109/5109
f 5110/5110 5111/5111 5112/5112
f 5113/5113 5114/5114 5115/5115
f 5116/5116 5117/5117 5118/5118
f 5119/5119 5120/5120 5121/5121
f 5122/5122 5123/5123 5124/5124
f 5125/5125 5126/5126 5127/5127
f 5128/5128 5129/5129 5130/5130
f 5131/5131 5132/5132 5133/5133
f 5134/5134 5135/5135 5136/5136
f 5137/5137 5138/5138 5139/5139
f 5140/5140 5141/5141 5142/5142
f 5143/5143 5144/5144 5145/5145
f 5146/5146 5147/5147 5148/5148
f 5149/5149 5150/5150 5151/5151
f 5152/5152 5153/5153 5154/5154
f 5155/5155 5156/5156 5157/5157
f 5158/5158 5159/5159 5160/5160
f 5161/5161 5162/5162 5163/5163
f 5164/5164 5165/5165 5166/5166
f 5167/5167 5168/5168 5169/5169
f 5170/5170 5171/5171 5172/5172
f 5173/5173 5174/5174 5175/5175
f 5176/5176 5177/5177 5178/5178
f 5179/5179 5180/5180 5181/5181
f 5182/5182 5183/5183 5184/5184
f 5185/5185 5186/5186 5187/5187
f 5188/5188 5189/5189 5190/5190
f 5191/5191 5192/5192 5193/5193
f 5194/5194 5195/5195 5196/5196
f 5197/5197 5198/5198 5199/5199
f 5200/5200 5201/5201 5202/5202
f 5203/5203 5204/5204 5205/5205
f 5206/5206 5207/5207 5208/5208
f 5209/5209 5210/5210 5211/5211
f 5212/5212 5213/5213 5214/5214
f 5215/5215 5216/5216 5217/5217
f 5218/5218 5219/5219 5220/5220
f 5221/5221 5222/5222 5223/5223
f 5224/5224 5225/5225 5226/5226
f 5227/5227 5228/5228 5229/5229
f 5230/5230 5231/5231 5232/5232
f 5233/5233 5234/5234 5235/5235
f 5236/5236 5237/5237 5238/5238
f 5239/5239 5240/5240 5241/5241
f 5242/5242 5243/5243 5244/5244
f 5245/5245 5246/5246 5247/5247
f 5248/5248 5249/5249 5250/5250
f 5251/5251 5252/5252 5253/5253
f 5254/5254 5255/5255 5256/5256
f 5257/5257 5258/5258 5259/5259
f 5260/5260 5261/5261 5262/5262
f 5263/5263 5264/5264 5265/5265
f 5266/5266 5267/5267 5268/5268
f 5269/5269 5270/5270 5271/5271
f 5272/5272 5273/5273 5274/5274
f 5275/5275 5276/5276 5277/5277
f 5278/5278 5279/5279 5280/5280
f 5281/5281 5282/5282 5283/5283
f 5284/5284 5285/5285 5286/5286
f 5287/5287 5288/5288 5289/5289
f 5290/5290 5291/5291 5292/5292
f 5293/5293 5294/5294 5295/5295
f 5296/5296 5297/5297 5298/5298
f 5299/5299 5300/5300 5301/5301
f 5302/5302 5303/5303 5304/5304
f 5305/5305 5306/5306 5307/5307
f 5308/5308 5309/5309 5310/5310
f 5311/5311 5312/5312 5313/5313
f 5314/5314 5315/5315 5316/5316
f 5317/5317 5318/5318 5319/5319
f 5320/5320 5321/5321 5322/5322
f 5323/5323 5324/5324 5325/5325
f 5326/5326 5327/5327 5328/5328
f 5329/5329 5330/5330 5331/5331
f 5332/5332 5333/5333 5334/5334
f 5335/5335 5336/5336 5337/5337
f 5338/5338 5339/5339 5340/5340
f 5341/5341 5342/5342 5343/5343
f 5344/5344 5345/5345 5346/5346
f 5347/5347 5348/5348 5349/5349
f 5350/5350 5351/5351 5352/5352
f 5353/5353 5354/5354 5355/5355
f 5356/5356 5357/5357 5358/5358
f 5359/5359 5360/5360 5361/5361
f 5362/5362 5363/5363 5364/5364
f 5365/5365 5366/5366 5367/5367
f 5368/5368 5369/5369 5370/5370
f 5371/5371 5372/5372 5373/5373
f 5374/5374 5375/5375 5376/5376
