# Generated by TyraX. Do not edit - rebaked from the procedural graph of 'pines'.
# 67 instances of res/models/pine.obj
mtllib props.mtl
v -44.3837 20.6282 -32.7789
v -44.3126 20.6341 -32.5366
v -44.3866 22.1118 -32.5511
v -44.3837 20.6282 -32.7789
v -44.3866 22.1118 -32.5511
v -44.4576 22.1058 -32.7934
v -44.3126 20.6341 -32.5366
v -44.5547 20.6227 -32.4654
v -44.6286 22.1004 -32.4799
v -44.3126 20.6341 -32.5366
v -44.6286 22.1004 -32.4799
v -44.3866 22.1118 -32.5511
v -44.5547 20.6227 -32.4654
v -44.6257 20.6168 -32.7077
v -44.6996 22.0944 -32.7222
v -44.5547 20.6227 -32.4654
v -44.6996 22.0944 -32.7222
v -44.6286 22.1004 -32.4799
v -44.6257 20.6168 -32.7077
v -44.3837 20.6282 -32.7789
v -44.4576 22.1058 -32.7934
v -44.6257 20.6168 -32.7077
v -44.4576 22.1058 -32.7934
v -44.6996 22.0944 -32.7222
v -24.3524 20.2410 -13.8065
v -24.1265 20.2183 -13.7987
v -23.9967 21.5398 -13.7062
v -24.3524 20.2410 -13.8065
v -23.9967 21.5398 -13.7062
v -24.2227 21.5626 -13.7140
v -24.1265 20.2183 -13.7987
v -24.1358 20.2033 -13.5721
v -24.0061 21.5249 -13.4797
v -24.1265 20.2183 -13.7987
v -24.0061 21.5249 -13.4797
v -23.9967 21.5398 -13.7062
v -24.1358 20.2033 -13.5721
v -24.3617 20.2261 -13.5799
v -24.2320 21.5476 -13.4875
v -24.1358 20.2033 -13.5721
v -24.2320 21.5476 -13.4875
v -24.0061 21.5249 -13.4797
v -24.3617 20.2261 -13.5799
v -24.3524 20.2410 -13.8065
v -24.2227 21.5626 -13.7140
v -24.3617 20.2261 -13.5799
v -24.2227 21.5626 -13.7140
v -24.2320 21.5476 -13.4875
v -27.2995 20.5230 -20.8995
v -27.5772 20.4991 -21.0583
v -27.7509 22.3701 -21.0366
v -27.2995 20.5230 -20.8995
v -27.7509 22.3701 -21.0366
v -27.4732 22.3940 -20.8779
v -27.5772 20.4991 -21.0583
v -27.4194 20.5169 -21.3370
v -27.5931 22.3879 -21.3153
v -27.5772 20.4991 -21.0583
v -27.5931 22.3879 -21.3153
v -27.7509 22.3701 -21.0366
v -27.4194 20.5169 -21.3370
v -27.1418 20.5409 -21.1782
v -27.3154 22.4119 -21.1566
v -27.4194 20.5169 -21.3370
v -27.3154 22.4119 -21.1566
v -27.5931 22.3879 -21.3153
v -27.1418 20.5409 -21.1782
v -27.2995 20.5230 -20.8995
v -27.4732 22.3940 -20.8779
v -27.1418 20.5409 -21.1782
v -27.4732 22.3940 -20.8779
v -27.3154 22.4119 -21.1566
v -39.5102 18.8658 -8.6511
v -39.3591 18.8775 -8.5050
v -39.5123 20.1000 -8.4450
v -39.5102 18.8658 -8.6511
v -39.5123 20.1000 -8.4450
v -39.6634 20.0883 -8.5911
v -39.3591 18.8775 -8.5050
v -39.5033 18.8520 -8.3537
v -39.6565 20.0745 -8.2937
v -39.3591 18.8775 -8.5050
v -39.6565 20.0745 -8.2937
v -39.5123 20.1000 -8.4450
v -39.5033 18.8520 -8.3537
v -39.6545 18.8403 -8.4999
v -39.8076 20.0628 -8.4399
v -39.5033 18.8520 -8.3537
v -39.8076 20.0628 -8.4399
v -39.6565 20.0745 -8.2937
v -39.6545 18.8403 -8.4999
v -39.5102 18.8658 -8.6511
v -39.6634 20.0883 -8.5911
v -39.6545 18.8403 -8.4999
v -39.6634 20.0883 -8.5911
v -39.8076 20.0628 -8.4399
v 9.8475 22.0332 -15.9472
v 9.9551 22.0306 -16.2031
v 9.9224 23.6564 -16.2335
v 9.8475 22.0332 -15.9472
v 9.9224 23.6564 -16.2335
v 9.8148 23.6590 -15.9776
v 9.9551 22.0306 -16.2031
v 10.2110 22.0377 -16.0956
v 10.1783 23.6635 -16.1260
v 9.9551 22.0306 -16.2031
v 10.1783 23.6635 -16.1260
v 9.9224 23.6564 -16.2335
v 10.2110 22.0377 -16.0956
v 10.1034 22.0403 -15.8397
v 10.0706 23.6662 -15.8701
v 10.2110 22.0377 -16.0956
v 10.0706 23.6662 -15.8701
v 10.1783 23.6635 -16.1260
v 10.1034 22.0403 -15.8397
v 9.8475 22.0332 -15.9472
v 9.8148 23.6590 -15.9776
v 10.1034 22.0403 -15.8397
v 9.8148 23.6590 -15.9776
v 10.0706 23.6662 -15.8701
v -34.9841 18.7272 -4.1901
v -35.1893 18.7351 -4.2734
v -35.1493 20.0329 -4.2491
v -34.9841 18.7272 -4.1901
v -35.1493 20.0329 -4.2491
v -34.9441 20.0250 -4.1658
v -35.1893 18.7351 -4.2734
v -35.1059 18.7364 -4.4788
v -35.0659 20.0342 -4.4545
v -35.1893 18.7351 -4.2734
v -35.0659 20.0342 -4.4545
v -35.1493 20.0329 -4.2491
v -35.1059 18.7364 -4.4788
v -34.9006 18.7285 -4.3954
v -34.8606 20.0263 -4.3711
v -35.1059 18.7364 -4.4788
v -34.8606 20.0263 -4.3711
v -35.0659 20.0342 -4.4545
v -34.9006 18.7285 -4.3954
v -34.9841 18.7272 -4.1901
v -34.9441 20.0250 -4.1658
v -34.9006 18.7285 -4.3954
v -34.9441 20.0250 -4.1658
v -34.8606 20.0263 -4.3711
v 4.5517 22.4715 -21.9261
v 4.7516 22.4685 -22.0122
v 4.7911 23.7420 -21.9654
v 4.5517 22.4715 -21.9261
v 4.7911 23.7420 -21.9654
v 4.5913 23.7450 -21.8793
v 4.7516 22.4685 -22.0122
v 4.8374 22.4585 -21.8125
v 4.8770 23.7320 -21.7657
v 4.7516 22.4685 -22.0122
v 4.8770 23.7320 -21.7657
v 4.7911 23.7420 -21.9654
v 4.8374 22.4585 -21.8125
v 4.6376 22.4615 -21.7264
v 4.6772 23.7350 -21.6796
v 4.8374 22.4585 -21.8125
v 4.6772 23.7350 -21.6796
v 4.8770 23.7320 -21.7657
v 4.6376 22.4615 -21.7264
v 4.5517 22.4715 -21.9261
v 4.5913 23.7450 -21.8793
v 4.6376 22.4615 -21.7264
v 4.5913 23.7450 -21.8793
v 4.6772 23.7350 -21.6796
v -1.6917 21.3834 -9.7527
v -1.5205 21.3777 -10.0097
v -1.3322 23.1749 -9.9240
v -1.6917 21.3834 -9.7527
v -1.3322 23.1749 -9.9240
v -1.5034 23.1806 -9.6671
v -1.5205 21.3777 -10.0097
v -1.2655 21.3428 -9.8390
v -1.0772 23.1400 -9.7533
v -1.5205 21.3777 -10.0097
v -1.0772 23.1400 -9.7533
v -1.3322 23.1749 -9.9240
v -1.2655 21.3428 -9.8390
v -1.4367 21.3485 -9.5821
v -1.2484 23.1457 -9.4964
v -1.2655 21.3428 -9.8390
v -1.2484 23.1457 -9.4964
v -1.0772 23.1400 -9.7533
v -1.4367 21.3485 -9.5821
v -1.6917 21.3834 -9.7527
v -1.5034 23.1806 -9.6671
v -1.4367 21.3485 -9.5821
v -1.5034 23.1806 -9.6671
v -1.2484 23.1457 -9.4964
v -10.0556 16.3131 31.0264
v -10.1974 16.3020 31.1560
v -10.2560 17.4275 31.1880
v -10.0556 16.3131 31.0264
v -10.2560 17.4275 31.1880
v -10.1141 17.4385 31.0584
v -10.1974 16.3020 31.1560
v -10.3271 16.2993 31.0139
v -10.3857 17.4248 31.0459
v -10.1974 16.3020 31.1560
v -10.3857 17.4248 31.0459
v -10.2560 17.4275 31.1880
v -10.3271 16.2993 31.0139
v -10.1853 16.3104 30.8843
v -10.2438 17.4358 30.9163
v -10.3271 16.2993 31.0139
v -10.2438 17.4358 30.9163
v -10.3857 17.4248 31.0459
v -10.1853 16.3104 30.8843
v -10.0556 16.3131 31.0264
v -10.1141 17.4385 31.0584
v -10.1853 16.3104 30.8843
v -10.1141 17.4385 31.0584
v -10.2438 17.4358 30.9163
v -35.5395 20.2360 -23.8120
v -35.6787 20.2398 -23.5509
v -35.6168 21.9724 -23.5429
v -35.5395 20.2360 -23.8120
v -35.6168 21.9724 -23.5429
v -35.4776 21.9686 -23.8040
v -35.6787 20.2398 -23.5509
v -35.9397 20.2498 -23.6902
v -35.8777 21.9824 -23.6822
v -35.6787 20.2398 -23.5509
v -35.8777 21.9824 -23.6822
v -35.6168 21.9724 -23.5429
v -35.9397 20.2498 -23.6902
v -35.8004 20.2460 -23.9512
v -35.7385 21.9786 -23.9433
v -35.9397 20.2498 -23.6902
v -35.7385 21.9786 -23.9433
v -35.8777 21.9824 -23.6822
v -35.8004 20.2460 -23.9512
v -35.5395 20.2360 -23.8120
v -35.4776 21.9686 -23.8040
v -35.8004 20.2460 -23.9512
v -35.4776 21.9686 -23.8040
v -35.7385 21.9786 -23.9433
v -32.6456 17.1442 11.6758
v -32.7587 17.1371 12.0133
v -32.7900 19.2223 12.0469
v -32.6456 17.1442 11.6758
v -32.7900 19.2223 12.0469
v -32.6769 19.2294 11.7094
v -32.7587 17.1371 12.0133
v -33.0962 17.1338 11.9001
v -33.1275 19.2190 11.9337
v -32.7587 17.1371 12.0133
v -33.1275 19.2190 11.9337
v -32.7900 19.2223 12.0469
v -33.0962 17.1338 11.9001
v -32.9831 17.1409 11.5626
v -33.0144 19.2262 11.5962
v -33.0962 17.1338 11.9001
v -33.0144 19.2262 11.5962
v -33.1275 19.2190 11.9337
v -32.9831 17.1409 11.5626
v -32.6456 17.1442 11.6758
v -32.6769 19.2294 11.7094
v -32.9831 17.1409 11.5626
v -32.6769 19.2294 11.7094
v -33.0144 19.2262 11.5962
v 13.7468 16.4632 44.0135
v 13.5163 16.4676 44.0946
v 13.5844 17.8932 44.2107
v 13.7468 16.4632 44.0135
v 13.5844 17.8932 44.2107
v 13.8149 17.8888 44.1296
v 13.5163 16.4676 44.0946
v 13.4359 16.4902 43.8649
v 13.5040 17.9157 43.9810
v 13.5163 16.4676 44.0946
v 13.5040 17.9157 43.9810
v 13.5844 17.8932 44.2107
v 13.4359 16.4902 43.8649
v 13.6664 16.4858 43.7838
v 13.7345 17.9113 43.8999
v 13.4359 16.4902 43.8649
v 13.7345 17.9113 43.8999
v 13.5040 17.9157 43.9810
v 13.6664 16.4858 43.7838
v 13.7468 16.4632 44.0135
v 13.8149 17.8888 44.1296
v 13.6664 16.4858 43.7838
v 13.8149 17.8888 44.1296
v 13.7345 17.9113 43.8999
v 3.5728 19.3291 9.1440
v 3.6826 19.3209 8.8337
v 3.8600 21.2418 8.8457
v 3.5728 19.3291 9.1440
v 3.8600 21.2418 8.8457
v 3.7502 21.2500 9.1561
v 3.6826 19.3209 8.8337
v 3.9915 19.2917 8.9437
v 4.1690 21.2126 8.9558
v 3.6826 19.3209 8.8337
v 4.1690 21.2126 8.9558
v 3.8600 21.2418 8.8457
v 3.9915 19.2917 8.9437
v 3.8818 19.2999 9.2541
v 4.0592 21.2208 9.2661
v 3.9915 19.2917 8.9437
v 4.0592 21.2208 9.2661
v 4.1690 21.2126 8.9558
v 3.8818 19.2999 9.2541
v 3.5728 19.3291 9.1440
v 3.7502 21.2500 9.1561
v 3.8818 19.2999 9.2541
v 3.7502 21.2500 9.1561
v 4.0592 21.2208 9.2661
v -14.5333 23.4675 -51.3006
v -14.3773 23.4640 -51.1090
v -14.2903 24.9086 -51.1530
v -14.5333 23.4675 -51.3006
v -14.2903 24.9086 -51.1530
v -14.4464 24.9121 -51.3447
v -14.3773 23.4640 -51.1090
v -14.5683 23.4802 -50.9531
v -14.4814 24.9248 -50.9971
v -14.3773 23.4640 -51.1090
v -14.4814 24.9248 -50.9971
v -14.2903 24.9086 -51.1530
v -14.5683 23.4802 -50.9531
v -14.7244 23.4838 -51.1447
v -14.6375 24.9284 -51.1888
v -14.5683 23.4802 -50.9531
v -14.6375 24.9284 -51.1888
v -14.4814 24.9248 -50.9971
v -14.7244 23.4838 -51.1447
v -14.5333 23.4675 -51.3006
v -14.4464 24.9121 -51.3447
v -14.7244 23.4838 -51.1447
v -14.4464 24.9121 -51.3447
v -14.6375 24.9284 -51.1888
v -28.1937 20.0855 -15.4623
v -28.0276 20.0729 -15.4919
v -27.9474 21.0602 -15.4601
v -28.1937 20.0855 -15.4623
v -27.9474 21.0602 -15.4601
v -28.1135 21.0727 -15.4305
v -28.0276 20.0729 -15.4919
v -27.9986 20.0652 -15.3254
v -27.9184 21.0525 -15.2936
v -28.0276 20.0729 -15.4919
v -27.9184 21.0525 -15.2936
v -27.9474 21.0602 -15.4601
v -27.9986 20.0652 -15.3254
v -28.1647 20.0777 -15.2959
v -28.0845 21.0650 -15.2641
v -27.9986 20.0652 -15.3254
v -28.0845 21.0650 -15.2641
v -27.9184 21.0525 -15.2936
v -28.1647 20.0777 -15.2959
v -28.1937 20.0855 -15.4623
v -28.1135 21.0727 -15.4305
v -28.1647 20.0777 -15.2959
v -28.1135 21.0727 -15.4305
v -28.0845 21.0650 -15.2641
v -11.0397 17.1472 22.6802
v -10.8209 17.1258 22.6708
v -10.6976 18.4085 22.6298
v -11.0397 17.1472 22.6802
v -10.6976 18.4085 22.6298
v -10.9164 18.4298 22.6393
v -10.8209 17.1258 22.6708
v -10.8108 17.1319 22.8905
v -10.6875 18.4145 22.8496
v -10.8209 17.1258 22.6708
v -10.6875 18.4145 22.8496
v -10.6976 18.4085 22.6298
v -10.8108 17.1319 22.8905
v -11.0296 17.1532 22.9000
v -10.9063 18.4359 22.8590
v -10.8108 17.1319 22.8905
v -10.9063 18.4359 22.8590
v -10.6875 18.4145 22.8496
v -11.0296 17.1532 22.9000
v -11.0397 17.1472 22.6802
v -10.9164 18.4298 22.6393
v -11.0296 17.1532 22.9000
v -10.9164 18.4298 22.6393
v -10.9063 18.4359 22.8590
v -17.1426 21.3378 -23.6708
v -17.0440 21.3428 -23.4600
v -17.2320 22.6926 -23.4043
v -17.1426 21.3378 -23.6708
v -17.2320 22.6926 -23.4043
v -17.3307 22.6876 -23.6151
v -17.0440 21.3428 -23.4600
v -17.2524 21.3097 -23.3616
v -17.4404 22.6595 -23.3060
v -17.0440 21.3428 -23.4600
v -17.4404 22.6595 -23.3060
v -17.2320 22.6926 -23.4043
v -17.2524 21.3097 -23.3616
v -17.3511 21.3047 -23.5725
v -17.5391 22.6545 -23.5168
v -17.2524 21.3097 -23.3616
v -17.5391 22.6545 -23.5168
v -17.4404 22.6595 -23.3060
v -17.3511 21.3047 -23.5725
v -17.1426 21.3378 -23.6708
v -17.3307 22.6876 -23.6151
v -17.3511 21.3047 -23.5725
v -17.3307 22.6876 -23.6151
v -17.5391 22.6545 -23.5168
v -10.3882 22.2216 -28.7453
v -10.4291 22.2179 -28.5604
v -10.4569 23.3274 -28.5444
v -10.3882 22.2216 -28.7453
v -10.4569 23.3274 -28.5444
v -10.4161 23.3311 -28.7294
v -10.4291 22.2179 -28.5604
v -10.6140 22.2139 -28.6013
v -10.6419 23.3233 -28.5854
v -10.4291 22.2179 -28.5604
v -10.6419 23.3233 -28.5854
v -10.4569 23.3274 -28.5444
v -10.6140 22.2139 -28.6013
v -10.5732 22.2176 -28.7863
v -10.6010 23.3270 -28.7703
v -10.6140 22.2139 -28.6013
v -10.6010 23.3270 -28.7703
v -10.6419 23.3233 -28.5854
v -10.5732 22.2176 -28.7863
v -10.3882 22.2216 -28.7453
v -10.4161 23.3311 -28.7294
v -10.5732 22.2176 -28.7863
v -10.4161 23.3311 -28.7294
v -10.6010 23.3270 -28.7703
v -15.1891 20.0387 -7.4115
v -15.0555 20.0343 -7.1699
v -14.9719 21.6498 -7.1866
v -15.1891 20.0387 -7.4115
v -14.9719 21.6498 -7.1866
v -15.1056 21.6542 -7.4282
v -15.0555 20.0343 -7.1699
v -15.2967 20.0482 -7.0362
v -15.2131 21.6637 -7.0529
v -15.0555 20.0343 -7.1699
v -15.2131 21.6637 -7.0529
v -14.9719 21.6498 -7.1866
v -15.2967 20.0482 -7.0362
v -15.4303 20.0526 -7.2778
v -15.3468 21.6681 -7.2945
v -15.2967 20.0482 -7.0362
v -15.3468 21.6681 -7.2945
v -15.2131 21.6637 -7.0529
v -15.4303 20.0526 -7.2778
v -15.1891 20.0387 -7.4115
v -15.1056 21.6542 -7.4282
v -15.4303 20.0526 -7.2778
v -15.1056 21.6542 -7.4282
v -15.3468 21.6681 -7.2945
v -35.6521 19.4200 -13.1598
v -35.8167 19.4299 -13.4100
v -35.6610 21.1783 -13.4433
v -35.6521 19.4200 -13.1598
v -35.6610 21.1783 -13.4433
v -35.4964 21.1684 -13.1931
v -35.8167 19.4299 -13.4100
v -35.5676 19.4046 -13.5748
v -35.4120 21.1529 -13.6081
v -35.8167 19.4299 -13.4100
v -35.4120 21.1529 -13.6081
v -35.6610 21.1783 -13.4433
v -35.5676 19.4046 -13.5748
v -35.4030 19.3947 -13.3246
v -35.2474 21.1431 -13.3579
v -35.5676 19.4046 -13.5748
v -35.2474 21.1431 -13.3579
v -35.4120 21.1529 -13.6081
v -35.4030 19.3947 -13.3246
v -35.6521 19.4200 -13.1598
v -35.4964 21.1684 -13.1931
v -35.4030 19.3947 -13.3246
v -35.4964 21.1684 -13.1931
v -35.2474 21.1431 -13.3579
v -8.1454 22.7169 -37.1964
v -8.3459 22.7035 -37.2279
v -8.4372 23.8893 -37.1497
v -8.1454 22.7169 -37.1964
v -8.4372 23.8893 -37.1497
v -8.2366 23.9026 -37.1183
v -8.3459 22.7035 -37.2279
v -8.3155 22.7190 -37.4284
v -8.4068 23.9048 -37.3503
v -8.3459 22.7035 -37.2279
v -8.4068 23.9048 -37.3503
v -8.4372 23.8893 -37.1497
v -8.3155 22.7190 -37.4284
v -8.1150 22.7324 -37.3970
v -8.2063 23.9182 -37.3188
v -8.3155 22.7190 -37.4284
v -8.2063 23.9182 -37.3188
v -8.4068 23.9048 -37.3503
v -8.1150 22.7324 -37.3970
v -8.1454 22.7169 -37.1964
v -8.2366 23.9026 -37.1183
v -8.1150 22.7324 -37.3970
v -8.2366 23.9026 -37.1183
v -8.2063 23.9182 -37.3188
v -1.7237 16.2534 36.4594
v -1.8408 16.2594 36.2005
v -1.8569 17.9237 36.2463
v -1.7237 16.2534 36.4594
v -1.8569 17.9237 36.2463
v -1.7399 17.9177 36.5052
v -1.8408 16.2594 36.2005
v -1.5818 16.2652 36.0835
v -1.5980 17.9295 36.1293
v -1.8408 16.2594 36.2005
v -1.5980 17.9295 36.1293
v -1.8569 17.9237 36.2463
v -1.5818 16.2652 36.0835
v -1.4648 16.2592 36.3425
v -1.4809 17.9235 36.3883
v -1.5818 16.2652 36.0835
v -1.4809 17.9235 36.3883
v -1.5980 17.9295 36.1293
v -1.4648 16.2592 36.3425
v -1.7237 16.2534 36.4594
v -1.7399 17.9177 36.5052
v -1.4648 16.2592 36.3425
v -1.7399 17.9177 36.5052
v -1.4809 17.9235 36.3883
v -51.0255 18.7404 -19.3021
v -50.8078 18.7309 -19.2673
v -50.7493 20.0222 -19.2803
v -51.0255 18.7404 -19.3021
v -50.7493 20.0222 -19.2803
v -50.9670 20.0317 -19.3150
v -50.8078 18.7309 -19.2673
v -50.8425 18.7347 -19.0495
v -50.7840 20.0259 -19.0624
v -50.8078 18.7309 -19.2673
v -50.7840 20.0259 -19.0624
v -50.7493 20.0222 -19.2803
v -50.8425 18.7347 -19.0495
v -51.0602 18.7442 -19.0843
v -51.0016 20.0354 -19.0972
v -50.8425 18.7347 -19.0495
v -51.0016 20.0354 -19.0972
v -50.7840 20.0259 -19.0624
v -51.0602 18.7442 -19.0843
v -51.0255 18.7404 -19.3021
v -50.9670 20.0317 -19.3150
v -51.0602 18.7442 -19.0843
v -50.9670 20.0317 -19.3150
v -51.0016 20.0354 -19.0972
v -25.6275 17.6632 8.6713
v -25.4914 17.6546 8.3780
v -25.5137 19.5485 8.3122
v -25.6275 17.6632 8.6713
v -25.5137 19.5485 8.3122
v -25.6498 19.5571 8.6055
v -25.4914 17.6546 8.3780
v -25.1980 17.6628 8.5140
v -25.2203 19.5567 8.4482
v -25.4914 17.6546 8.3780
v -25.2203 19.5567 8.4482
v -25.5137 19.5485 8.3122
v -25.1980 17.6628 8.5140
v -25.3342 17.6714 8.8073
v -25.3564 19.5653 8.7415
v -25.1980 17.6628 8.5140
v -25.3564 19.5653 8.7415
v -25.2203 19.5567 8.4482
v -25.3342 17.6714 8.8073
v -25.6275 17.6632 8.6713
v -25.6498 19.5571 8.6055
v -25.3342 17.6714 8.8073
v -25.6498 19.5571 8.6055
v -25.3564 19.5653 8.7415
v -31.4085 19.3466 -8.9303
v -31.4664 19.3490 -8.6924
v -31.3021 20.7739 -8.6669
v -31.4085 19.3466 -8.9303
v -31.3021 20.7739 -8.6669
v -31.2442 20.7714 -8.9048
v -31.4664 19.3490 -8.6924
v -31.7026 19.3772 -8.7502
v -31.5383 20.8021 -8.7246
v -31.4664 19.3490 -8.6924
v -31.5383 20.8021 -8.7246
v -31.3021 20.7739 -8.6669
v -31.7026 19.3772 -8.7502
v -31.6448 19.3748 -8.9881
v -31.4805 20.7997 -8.9625
v -31.7026 19.3772 -8.7502
v -31.4805 20.7997 -8.9625
v -31.5383 20.8021 -8.7246
v -31.6448 19.3748 -8.9881
v -31.4085 19.3466 -8.9303
v -31.2442 20.7714 -8.9048
v -31.6448 19.3748 -8.9881
v -31.2442 20.7714 -8.9048
v -31.4805 20.7997 -8.9625
v -46.5619 18.2413 -4.0228
v -46.4368 18.2490 -3.7123
v -46.4905 20.2094 -3.7390
v -46.5619 18.2413 -4.0228
v -46.4905 20.2094 -3.7390
v -46.6155 20.2017 -4.0495
v -46.4368 18.2490 -3.7123
v -46.7473 18.2422 -3.5871
v -46.8009 20.2026 -3.6139
v -46.4368 18.2490 -3.7123
v -46.8009 20.2026 -3.6139
v -46.4905 20.2094 -3.7390
v -46.7473 18.2422 -3.5871
v -46.8723 18.2345 -3.8976
v -46.9259 20.1949 -3.9243
v -46.7473 18.2422 -3.5871
v -46.9259 20.1949 -3.9243
v -46.8009 20.2026 -3.6139
v -46.8723 18.2345 -3.8976
v -46.5619 18.2413 -4.0228
v -46.6155 20.2017 -4.0495
v -46.8723 18.2345 -3.8976
v -46.6155 20.2017 -4.0495
v -46.9259 20.1949 -3.9243
v -26.8691 22.3595 -39.9195
v -26.6536 22.3625 -39.8555
v -26.6735 23.6797 -39.8498
v -26.8691 22.3595 -39.9195
v -26.6735 23.6797 -39.8498
v -26.8890 23.6767 -39.9138
v -26.6536 22.3625 -39.8555
v -26.7175 22.3606 -39.6400
v -26.7374 23.6778 -39.6343
v -26.6536 22.3625 -39.8555
v -26.7374 23.6778 -39.6343
v -26.6735 23.6797 -39.8498
v -26.7175 22.3606 -39.6400
v -26.9331 22.3576 -39.7039
v -26.9530 23.6748 -39.6982
v -26.7175 22.3606 -39.6400
v -26.9530 23.6748 -39.6982
v -26.7374 23.6778 -39.6343
v -26.9331 22.3576 -39.7039
v -26.8691 22.3595 -39.9195
v -26.8890 23.6767 -39.9138
v -26.9331 22.3576 -39.7039
v -26.8890 23.6767 -39.9138
v -26.9530 23.6748 -39.6982
v -31.8343 17.6823 7.3186
v -31.9079 17.6870 7.0973
v -31.7625 19.0456 7.0778
v -31.8343 17.6823 7.3186
v -31.7625 19.0456 7.0778
v -31.6888 19.0409 7.2991
v -31.9079 17.6870 7.0973
v -31.6880 17.6624 7.0236
v -31.5425 19.0210 7.0041
v -31.9079 17.6870 7.0973
v -31.5425 19.0210 7.0041
v -31.7625 19.0456 7.0778
v -31.6880 17.6624 7.0236
v -31.6144 17.6577 7.2449
v -31.4689 19.0163 7.2254
v -31.6880 17.6624 7.0236
v -31.4689 19.0163 7.2254
v -31.5425 19.0210 7.0041
v -31.6144 17.6577 7.2449
v -31.8343 17.6823 7.3186
v -31.6888 19.0409 7.2991
v -31.6144 17.6577 7.2449
v -31.6888 19.0409 7.2991
v -31.4689 19.0163 7.2254
v -19.2780 20.7942 -18.0327
v -19.2825 20.7940 -17.8416
v -19.4290 21.9043 -17.8440
v -19.2780 20.7942 -18.0327
v -19.4290 21.9043 -17.8440
v -19.4244 21.9044 -18.0351
v -19.2825 20.7940 -17.8416
v -19.4720 20.7690 -17.8462
v -19.6184 21.8793 -17.8485
v -19.2825 20.7940 -17.8416
v -19.6184 21.8793 -17.8485
v -19.4290 21.9043 -17.8440
v -19.4720 20.7690 -17.8462
v -19.4674 20.7692 -18.0372
v -19.6139 21.8794 -18.0396
v -19.4720 20.7690 -17.8462
v -19.6139 21.8794 -18.0396
v -19.6184 21.8793 -17.8485
v -19.4674 20.7692 -18.0372
v -19.2780 20.7942 -18.0327
v -19.4244 21.9044 -18.0351
v -19.4674 20.7692 -18.0372
v -19.4244 21.9044 -18.0351
v -19.6139 21.8794 -18.0396
v 10.2053 23.0178 -36.0028
v 10.2423 23.0188 -36.2307
v 10.2350 24.3712 -36.2261
v 10.2053 23.0178 -36.0028
v 10.2350 24.3712 -36.2261
v 10.1980 24.3702 -35.9982
v 10.2423 23.0188 -36.2307
v 10.4702 23.0199 -36.1936
v 10.4629 24.3723 -36.1890
v 10.2423 23.0188 -36.2307
v 10.4629 24.3723 -36.1890
v 10.2350 24.3712 -36.2261
v 10.4702 23.0199 -36.1936
v 10.4331 23.0189 -35.9657
v 10.4258 24.3713 -35.9611
v 10.4702 23.0199 -36.1936
v 10.4258 24.3713 -35.9611
v 10.4629 24.3723 -36.1890
v 10.4331 23.0189 -35.9657
v 10.2053 23.0178 -36.0028
v 10.1980 24.3702 -35.9982
v 10.4331 23.0189 -35.9657
v 10.1980 24.3702 -35.9982
v 10.4258 24.3713 -35.9611
v -9.9165 19.6220 0.2800
v -9.8729 19.6206 0.0466
v -9.9052 21.0111 0.0324
v -9.9165 19.6220 0.2800
v -9.9052 21.0111 0.0324
v -9.9487 21.0125 0.2658
v -9.8729 19.6206 0.0466
v -9.6396 19.6265 0.0901
v -9.6718 21.0170 0.0759
v -9.8729 19.6206 0.0466
v -9.6718 21.0170 0.0759
v -9.9052 21.0111 0.0324
v -9.6396 19.6265 0.0901
v -9.6831 19.6279 0.3235
v -9.7154 21.0184 0.3093
v -9.6396 19.6265 0.0901
v -9.7154 21.0184 0.3093
v -9.6718 21.0170 0.0759
v -9.6831 19.6279 0.3235
v -9.9165 19.6220 0.2800
v -9.9487 21.0125 0.2658
v -9.6831 19.6279 0.3235
v -9.9487 21.0125 0.2658
v -9.7154 21.0184 0.3093
v 16.4237 17.1242 31.9694
v 16.5221 17.1235 32.2460
v 16.4771 18.8432 32.2663
v 16.4237 17.1242 31.9694
v 16.4771 18.8432 32.2663
v 16.3788 18.8439 31.9896
v 16.5221 17.1235 32.2460
v 16.2455 17.1151 32.3443
v 16.2005 18.8348 32.3646
v 16.5221 17.1235 32.2460
v 16.2005 18.8348 32.3646
v 16.4771 18.8432 32.2663
v 16.2455 17.1151 32.3443
v 16.1472 17.1158 32.0676
v 16.1021 18.8355 32.0879
v 16.2455 17.1151 32.3443
v 16.1021 18.8355 32.0879
v 16.2005 18.8348 32.3646
v 16.1472 17.1158 32.0676
v 16.4237 17.1242 31.9694
v 16.3788 18.8439 31.9896
v 16.1472 17.1158 32.0676
v 16.3788 18.8439 31.9896
v 16.1021 18.8355 32.0879
v 5.1200 23.3463 -41.8367
v 5.0638 23.3488 -41.6121
v 5.0263 24.7043 -41.6370
v 5.1200 23.3463 -41.8367
v 5.0263 24.7043 -41.6370
v 5.0826 24.7017 -41.8616
v 5.0638 23.3488 -41.6121
v 4.8393 23.3416 -41.6683
v 4.8019 24.6971 -41.6932
v 5.0638 23.3488 -41.6121
v 4.8019 24.6971 -41.6932
v 5.0263 24.7043 -41.6370
v 4.8393 23.3416 -41.6683
v 4.8956 23.3390 -41.8928
v 4.8582 24.6945 -41.9177
v 4.8393 23.3416 -41.6683
v 4.8582 24.6945 -41.9177
v 4.8019 24.6971 -41.6932
v 4.8956 23.3390 -41.8928
v 5.1200 23.3463 -41.8367
v 5.0826 24.7017 -41.8616
v 4.8956 23.3390 -41.8928
v 5.0826 24.7017 -41.8616
v 4.8582 24.6945 -41.9177
v -40.9722 18.5987 -5.4612
v -41.2268 18.5817 -5.4222
v -41.3043 20.0847 -5.2727
v -40.9722 18.5987 -5.4612
v -41.3043 20.0847 -5.2727
v -41.0497 20.1017 -5.3117
v -41.2268 18.5817 -5.4222
v -41.2672 18.6049 -5.6761
v -41.3447 20.1079 -5.5266
v -41.2268 18.5817 -5.4222
v -41.3447 20.1079 -5.5266
v -41.3043 20.0847 -5.2727
v -41.2672 18.6049 -5.6761
v -41.0126 18.6219 -5.7151
v -41.0901 20.1249 -5.5656
v -41.2672 18.6049 -5.6761
v -41.0901 20.1249 -5.5656
v -41.3447 20.1079 -5.5266
v -41.0126 18.6219 -5.7151
v -40.9722 18.5987 -5.4612
v -41.0497 20.1017 -5.3117
v -41.0126 18.6219 -5.7151
v -41.0497 20.1017 -5.3117
v -41.0901 20.1249 -5.5656
v -7.8436 20.7382 -7.4718
v -7.6562 20.7474 -7.5244
v -7.7223 21.8863 -7.5589
v -7.8436 20.7382 -7.4718
v -7.7223 21.8863 -7.5589
v -7.9096 21.8770 -7.5064
v -7.6562 20.7474 -7.5244
v -7.6041 20.7562 -7.3369
v -7.6701 21.8950 -7.3715
v -7.6562 20.7474 -7.5244
v -7.6701 21.8950 -7.3715
v -7.7223 21.8863 -7.5589
v -7.6041 20.7562 -7.3369
v -7.7914 20.7469 -7.2844
v -7.8574 21.8857 -7.3189
v -7.6041 20.7562 -7.3369
v -7.8574 21.8857 -7.3189
v -7.6701 21.8950 -7.3715
v -7.7914 20.7469 -7.2844
v -7.8436 20.7382 -7.4718
v -7.9096 21.8770 -7.5064
v -7.7914 20.7469 -7.2844
v -7.9096 21.8770 -7.5064
v -7.8574 21.8857 -7.3189
v 6.6534 20.9395 -4.5125
v 6.9009 20.9149 -4.6504
v 7.1062 22.5668 -4.5767
v 6.6534 20.9395 -4.5125
v 7.1062 22.5668 -4.5767
v 6.8587 22.5914 -4.4387
v 6.9009 20.9149 -4.6504
v 7.0366 20.8870 -4.4021
v 7.2419 22.5388 -4.3283
v 6.9009 20.9149 -4.6504
v 7.2419 22.5388 -4.3283
v 7.1062 22.5668 -4.5767
v 7.0366 20.8870 -4.4021
v 6.7891 20.9116 -4.2641
v 6.9944 22.5634 -4.1903
v 7.0366 20.8870 -4.4021
v 6.9944 22.5634 -4.1903
v 7.2419 22.5388 -4.3283
v 6.7891 20.9116 -4.2641
v 6.6534 20.9395 -4.5125
v 6.8587 22.5914 -4.4387
v 6.7891 20.9116 -4.2641
v 6.8587 22.5914 -4.4387
v 6.9944 22.5634 -4.1903
v -41.0939 19.6228 -21.7930
v -41.2725 19.6161 -21.8346
v -41.3073 20.6901 -21.8586
v -41.0939 19.6228 -21.7930
v -41.3073 20.6901 -21.8586
v -41.1287 20.6969 -21.8170
v -41.2725 19.6161 -21.8346
v -41.2308 19.6134 -22.0133
v -41.2656 20.6875 -22.0372
v -41.2725 19.6161 -21.8346
v -41.2656 20.6875 -22.0372
v -41.3073 20.6901 -21.8586
v -41.2308 19.6134 -22.0133
v -41.0522 19.6201 -21.9717
v -41.0870 20.6942 -21.9957
v -41.2308 19.6134 -22.0133
v -41.0870 20.6942 -21.9957
v -41.2656 20.6875 -22.0372
v -41.0522 19.6201 -21.9717
v -41.0939 19.6228 -21.7930
v -41.1287 20.6969 -21.8170
v -41.0522 19.6201 -21.9717
v -41.1287 20.6969 -21.8170
v -41.0870 20.6942 -21.9957
v -22.1491 19.9415 -9.7091
v -22.4211 19.9324 -9.9431
v -22.5538 22.0293 -9.8700
v -22.1491 19.9415 -9.7091
v -22.5538 22.0293 -9.8700
v -22.2819 22.0384 -9.6361
v -22.4211 19.9324 -9.9431
v -22.1881 19.9567 -10.2149
v -22.3208 22.0535 -10.1419
v -22.4211 19.9324 -9.9431
v -22.3208 22.0535 -10.1419
v -22.5538 22.0293 -9.8700
v -22.1881 19.9567 -10.2149
v -21.9161 19.9657 -9.9810
v -22.0489 22.0626 -9.9079
v -22.1881 19.9567 -10.2149
v -22.0489 22.0626 -9.9079
v -22.3208 22.0535 -10.1419
v -21.9161 19.9657 -9.9810
v -22.1491 19.9415 -9.7091
v -22.2819 22.0384 -9.6361
v -21.9161 19.9657 -9.9810
v -22.2819 22.0384 -9.6361
v -22.0489 22.0626 -9.9079
v -50.5451 16.0691 18.8595
v -50.7195 16.0521 18.9480
v -50.7861 17.1966 19.0365
v -50.5451 16.0691 18.8595
v -50.7861 17.1966 19.0365
v -50.6118 17.2136 18.9480
v -50.7195 16.0521 18.9480
v -50.8089 16.0604 18.7734
v -50.8755 17.2049 18.8620
v -50.7195 16.0521 18.9480
v -50.8755 17.2049 18.8620
v -50.7861 17.1966 19.0365
v -50.8089 16.0604 18.7734
v -50.6345 16.0774 18.6849
v -50.7012 17.2219 18.7734
v -50.8089 16.0604 18.7734
v -50.7012 17.2219 18.7734
v -50.8755 17.2049 18.8620
v -50.6345 16.0774 18.6849
v -50.5451 16.0691 18.8595
v -50.6118 17.2136 18.9480
v -50.6345 16.0774 18.6849
v -50.6118 17.2136 18.9480
v -50.7012 17.2219 18.7734
v -37.3423 18.2951 -0.1515
v -37.0968 18.2953 -0.1412
v -37.0968 19.7341 -0.1799
v -37.3423 18.2951 -0.1515
v -37.0968 19.7341 -0.1799
v -37.3422 19.7338 -0.1902
v -37.0968 18.2953 -0.1412
v -37.1070 18.3019 0.1041
v -37.1070 19.7407 0.0654
v -37.0968 18.2953 -0.1412
v -37.1070 19.7407 0.0654
v -37.0968 19.7341 -0.1799
v -37.1070 18.3019 0.1041
v -37.3525 18.3017 0.0939
v -37.3524 19.7404 0.0552
v -37.1070 18.3019 0.1041
v -37.3524 19.7404 0.0552
v -37.1070 19.7407 0.0654
v -37.3525 18.3017 0.0939
v -37.3423 18.2951 -0.1515
v -37.3422 19.7338 -0.1902
v -37.3525 18.3017 0.0939
v -37.3422 19.7338 -0.1902
v -37.3524 19.7404 0.0552
v 9.8105 21.1545 -5.4806
v 9.9777 21.1451 -5.6122
v 10.0955 22.3858 -5.5510
v 9.8105 21.1545 -5.4806
v 10.0955 22.3858 -5.5510
v 9.9283 22.3952 -5.4194
v 9.9777 21.1451 -5.6122
v 10.1081 21.1245 -5.4451
v 10.2259 22.3652 -5.3839
v 9.9777 21.1451 -5.6122
v 10.2259 22.3652 -5.3839
v 10.0955 22.3858 -5.5510
v 10.1081 21.1245 -5.4451
v 9.9409 21.1339 -5.3134
v 10.0587 22.3746 -5.2523
v 10.1081 21.1245 -5.4451
v 10.0587 22.3746 -5.2523
v 10.2259 22.3652 -5.3839
v 9.9409 21.1339 -5.3134
v 9.8105 21.1545 -5.4806
v 9.9283 22.3952 -5.4194
v 9.9409 21.1339 -5.3134
v 9.9283 22.3952 -5.4194
v 10.0587 22.3746 -5.2523
v -10.8583 23.5427 -50.1037
v -10.5043 23.5099 -50.0431
v -10.3104 25.6137 -50.0376
v -10.8583 23.5427 -50.1037
v -10.3104 25.6137 -50.0376
v -10.6644 25.6465 -50.0982
v -10.5043 23.5099 -50.0431
v -10.5647 23.5146 -49.6876
v -10.3708 25.6183 -49.6822
v -10.5043 23.5099 -50.0431
v -10.3708 25.6183 -49.6822
v -10.3104 25.6137 -50.0376
v -10.5647 23.5146 -49.6876
v -10.9187 23.5473 -49.7482
v -10.7248 25.6511 -49.7427
v -10.5647 23.5146 -49.6876
v -10.7248 25.6511 -49.7427
v -10.3708 25.6183 -49.6822
v -10.9187 23.5473 -49.7482
v -10.8583 23.5427 -50.1037
v -10.6644 25.6465 -50.0982
v -10.9187 23.5473 -49.7482
v -10.6644 25.6465 -50.0982
v -10.7248 25.6511 -49.7427
v -46.6998 18.4904 -8.0938
v -46.6433 18.4940 -8.3948
v -46.7064 20.2870 -8.3849
v -46.6998 18.4904 -8.0938
v -46.7064 20.2870 -8.3849
v -46.7628 20.2833 -8.0839
v -46.6433 18.4940 -8.3948
v -46.3425 18.5043 -8.3382
v -46.4056 20.2972 -8.3284
v -46.6433 18.4940 -8.3948
v -46.4056 20.2972 -8.3284
v -46.7064 20.2870 -8.3849
v -46.3425 18.5043 -8.3382
v -46.3990 18.5006 -8.0373
v -46.4620 20.2936 -8.0274
v -46.3425 18.5043 -8.3382
v -46.4620 20.2936 -8.0274
v -46.4056 20.2972 -8.3284
v -46.3990 18.5006 -8.0373
v -46.6998 18.4904 -8.0938
v -46.7628 20.2833 -8.0839
v -46.3990 18.5006 -8.0373
v -46.7628 20.2833 -8.0839
v -46.4620 20.2936 -8.0274
v -16.8243 21.7301 -26.0580
v -16.6995 21.7326 -26.2780
v -16.7415 23.2142 -26.2850
v -16.8243 21.7301 -26.0580
v -16.7415 23.2142 -26.2850
v -16.8663 23.2117 -26.0649
v -16.6995 21.7326 -26.2780
v -16.4795 21.7394 -26.1532
v -16.5215 23.2210 -26.1601
v -16.6995 21.7326 -26.2780
v -16.5215 23.2210 -26.1601
v -16.7415 23.2142 -26.2850
v -16.4795 21.7394 -26.1532
v -16.6044 21.7369 -25.9331
v -16.6464 23.2185 -25.9401
v -16.4795 21.7394 -26.1532
v -16.6464 23.2185 -25.9401
v -16.5215 23.2210 -26.1601
v -16.6044 21.7369 -25.9331
v -16.8243 21.7301 -26.0580
v -16.8663 23.2117 -26.0649
v -16.6044 21.7369 -25.9331
v -16.8663 23.2117 -26.0649
v -16.6464 23.2185 -25.9401
v 3.8345 21.9209 -15.1746
v 4.1952 21.9066 -15.0930
v 4.3064 24.0688 -15.2064
v 3.8345 21.9209 -15.1746
v 4.3064 24.0688 -15.2064
v 3.9457 24.0830 -15.2879
v 4.1952 21.9066 -15.0930
v 4.1146 21.9297 -14.7326
v 4.2259 24.0918 -14.8460
v 4.1952 21.9066 -15.0930
v 4.2259 24.0918 -14.8460
v 4.3064 24.0688 -15.2064
v 4.1146 21.9297 -14.7326
v 3.7539 21.9440 -14.8141
v 3.8652 24.1061 -14.9275
v 4.1146 21.9297 -14.7326
v 3.8652 24.1061 -14.9275
v 4.2259 24.0918 -14.8460
v 3.7539 21.9440 -14.8141
v 3.8345 21.9209 -15.1746
v 3.9457 24.0830 -15.2879
v 3.7539 21.9440 -14.8141
v 3.9457 24.0830 -15.2879
v 3.8652 24.1061 -14.9275
v -41.0986 15.1098 32.6464
v -41.2428 15.1147 32.7825
v -41.1725 16.2737 32.8147
v -41.0986 15.1098 32.6464
v -41.1725 16.2737 32.8147
v -41.0284 16.2688 32.6786
v -41.2428 15.1147 32.7825
v -41.3784 15.1269 32.6384
v -41.3082 16.2860 32.6706
v -41.2428 15.1147 32.7825
v -41.3082 16.2860 32.6706
v -41.1725 16.2737 32.8147
v -41.3784 15.1269 32.6384
v -41.2342 15.1220 32.5023
v -41.1640 16.2810 32.5345
v -41.3784 15.1269 32.6384
v -41.1640 16.2810 32.5345
v -41.3082 16.2860 32.6706
v -41.2342 15.1220 32.5023
v -41.0986 15.1098 32.6464
v -41.0284 16.2688 32.6786
v -41.2342 15.1220 32.5023
v -41.0284 16.2688 32.6786
v -41.1640 16.2810 32.5345
v 10.9561 22.4661 -23.5249
v 10.8755 22.4630 -23.3064
v 10.8336 23.8273 -23.3022
v 10.9561 22.4661 -23.5249
v 10.8336 23.8273 -23.3022
v 10.9142 23.8304 -23.5208
v 10.8755 22.4630 -23.3064
v 10.6570 22.4565 -23.3871
v 10.6151 23.8208 -23.3829
v 10.8755 22.4630 -23.3064
v 10.6151 23.8208 -23.3829
v 10.8336 23.8273 -23.3022
v 10.6570 22.4565 -23.3871
v 10.7376 22.4596 -23.6056
v 10.6957 23.8240 -23.6015
v 10.6570 22.4565 -23.3871
v 10.6957 23.8240 -23.6015
v 10.6151 23.8208 -23.3829
v 10.7376 22.4596 -23.6056
v 10.9561 22.4661 -23.5249
v 10.9142 23.8304 -23.5208
v 10.7376 22.4596 -23.6056
v 10.9142 23.8304 -23.5208
v 10.6957 23.8240 -23.6015
v -51.4082 20.8846 -41.0876
v -51.2180 20.8882 -41.0680
v -51.2346 22.0078 -41.1093
v -51.4082 20.8846 -41.0876
v -51.2346 22.0078 -41.1093
v -51.4249 22.0043 -41.1288
v -51.2180 20.8882 -41.0680
v -51.2377 20.8949 -40.8779
v -51.2543 22.0145 -40.9191
v -51.2180 20.8882 -41.0680
v -51.2543 22.0145 -40.9191
v -51.2346 22.0078 -41.1093
v -51.2377 20.8949 -40.8779
v -51.4279 20.8913 -40.8975
v -51.4446 22.0110 -40.9387
v -51.2377 20.8949 -40.8779
v -51.4446 22.0110 -40.9387
v -51.2543 22.0145 -40.9191
v -51.4279 20.8913 -40.8975
v -51.4082 20.8846 -41.0876
v -51.4249 22.0043 -41.1288
v -51.4279 20.8913 -40.8975
v -51.4249 22.0043 -41.1288
v -51.4446 22.0110 -40.9387
v -11.5453 20.8808 -10.4818
v -11.7086 20.8652 -10.1495
v -12.0913 23.0007 -10.2369
v -11.5453 20.8808 -10.4818
v -12.0913 23.0007 -10.2369
v -11.9281 23.0163 -10.5693
v -11.7086 20.8652 -10.1495
v -12.0348 20.8000 -10.3127
v -12.4176 22.9355 -10.4001
v -11.7086 20.8652 -10.1495
v -12.4176 22.9355 -10.4001
v -12.0913 23.0007 -10.2369
v -12.0348 20.8000 -10.3127
v -11.8716 20.8157 -10.6451
v -12.2544 22.9512 -10.7325
v -12.0348 20.8000 -10.3127
v -12.2544 22.9512 -10.7325
v -12.4176 22.9355 -10.4001
v -11.8716 20.8157 -10.6451
v -11.5453 20.8808 -10.4818
v -11.9281 23.0163 -10.5693
v -11.8716 20.8157 -10.6451
v -11.9281 23.0163 -10.5693
v -12.2544 22.9512 -10.7325
v -43.6344 17.4340 7.6966
v -43.8038 17.4254 7.7834
v -43.8239 18.5391 7.8547
v -43.6344 17.4340 7.6966
v -43.8239 18.5391 7.8547
v -43.6545 18.5477 7.7679
v -43.8038 17.4254 7.7834
v -43.8909 17.4346 7.6142
v -43.9110 18.5483 7.6855
v -43.8038 17.4254 7.7834
v -43.9110 18.5483 7.6855
v -43.8239 18.5391 7.8547
v -43.8909 17.4346 7.6142
v -43.7215 17.4433 7.5275
v -43.7416 18.5569 7.5988
v -43.8909 17.4346 7.6142
v -43.7416 18.5569 7.5988
v -43.9110 18.5483 7.6855
v -43.7215 17.4433 7.5275
v -43.6344 17.4340 7.6966
v -43.6545 18.5477 7.7679
v -43.7215 17.4433 7.5275
v -43.6545 18.5477 7.7679
v -43.7416 18.5569 7.5988
v -43.4283 19.0631 -17.5712
v -43.1172 19.0705 -17.5462
v -43.1588 20.8989 -17.5678
v -43.4283 19.0631 -17.5712
v -43.1588 20.8989 -17.5678
v -43.4700 20.8915 -17.5928
v -43.1172 19.0705 -17.5462
v -43.1422 19.0736 -17.2351
v -43.1839 20.9020 -17.2567
v -43.1172 19.0705 -17.5462
v -43.1839 20.9020 -17.2567
v -43.1588 20.8989 -17.5678
v -43.1422 19.0736 -17.2351
v -43.4533 19.0662 -17.2600
v -43.4950 20.8946 -17.2816
v -43.1422 19.0736 -17.2351
v -43.4950 20.8946 -17.2816
v -43.1839 20.9020 -17.2567
v -43.4533 19.0662 -17.2600
v -43.4283 19.0631 -17.5712
v -43.4700 20.8915 -17.5928
v -43.4533 19.0662 -17.2600
v -43.4700 20.8915 -17.5928
v -43.4950 20.8946 -17.2816
v 16.1589 20.4087 1.5323
v 15.9516 20.4096 1.4110
v 15.9502 21.8166 1.4249
v 16.1589 20.4087 1.5323
v 15.9502 21.8166 1.4249
v 16.1574 21.8156 1.5462
v 15.9516 20.4096 1.4110
v 16.0729 20.4118 1.2037
v 16.0715 21.8188 1.2176
v 15.9516 20.4096 1.4110
v 16.0715 21.8188 1.2176
v 15.9502 21.8166 1.4249
v 16.0729 20.4118 1.2037
v 16.2802 20.4108 1.3250
v 16.2788 21.8178 1.3389
v 16.0729 20.4118 1.2037
v 16.2788 21.8178 1.3389
v 16.0715 21.8188 1.2176
v 16.2802 20.4108 1.3250
v 16.1589 20.4087 1.5323
v 16.1574 21.8156 1.5462
v 16.2802 20.4108 1.3250
v 16.1574 21.8156 1.5462
v 16.2788 21.8178 1.3389
v -12.3188 18.9222 5.8125
v -12.1054 18.9092 6.0366
v -12.0974 20.7211 6.1341
v -12.3188 18.9222 5.8125
v -12.0974 20.7211 6.1341
v -12.3107 20.7341 5.9100
v -12.1054 18.9092 6.0366
v -12.3299 18.8988 6.2497
v -12.3219 20.7106 6.3472
v -12.1054 18.9092 6.0366
v -12.3219 20.7106 6.3472
v -12.0974 20.7211 6.1341
v -12.3299 18.8988 6.2497
v -12.5432 18.9118 6.0256
v -12.5352 20.7236 6.1231
v -12.3299 18.8988 6.2497
v -12.5352 20.7236 6.1231
v -12.3219 20.7106 6.3472
v -12.5432 18.9118 6.0256
v -12.3188 18.9222 5.8125
v -12.3107 20.7341 5.9100
v -12.5432 18.9118 6.0256
v -12.3107 20.7341 5.9100
v -12.5352 20.7236 6.1231
v -5.5524 21.4634 -12.3006
v -5.5436 21.4633 -12.5420
v -5.6039 22.8767 -12.5450
v -5.5524 21.4634 -12.3006
v -5.6039 22.8767 -12.5450
v -5.6127 22.8768 -12.3036
v -5.5436 21.4633 -12.5420
v -5.3025 21.4736 -12.5332
v -5.3628 22.8870 -12.5361
v -5.5436 21.4633 -12.5420
v -5.3628 22.8870 -12.5361
v -5.6039 22.8767 -12.5450
v -5.3025 21.4736 -12.5332
v -5.3113 21.4737 -12.2918
v -5.3716 22.8871 -12.2948
v -5.3025 21.4736 -12.5332
v -5.3716 22.8871 -12.2948
v -5.3628 22.8870 -12.5361
v -5.3113 21.4737 -12.2918
v -5.5524 21.4634 -12.3006
v -5.6127 22.8768 -12.3036
v -5.3113 21.4737 -12.2918
v -5.6127 22.8768 -12.3036
v -5.3716 22.8871 -12.2948
v -34.6581 22.0672 -45.4960
v -34.8016 22.0677 -45.7149
v -34.8104 23.6018 -45.7059
v -34.6581 22.0672 -45.4960
v -34.8104 23.6018 -45.7059
v -34.6668 23.6013 -45.4869
v -34.8016 22.0677 -45.7149
v -34.5827 22.0698 -45.8585
v -34.5914 23.6039 -45.8495
v -34.8016 22.0677 -45.7149
v -34.5914 23.6039 -45.8495
v -34.8104 23.6018 -45.7059
v -34.5827 22.0698 -45.8585
v -34.4391 22.0693 -45.6395
v -34.4479 23.6034 -45.6305
v -34.5827 22.0698 -45.8585
v -34.4479 23.6034 -45.6305
v -34.5914 23.6039 -45.8495
v -34.4391 22.0693 -45.6395
v -34.6581 22.0672 -45.4960
v -34.6668 23.6013 -45.4869
v -34.4391 22.0693 -45.6395
v -34.6668 23.6013 -45.4869
v -34.4479 23.6034 -45.6305
v 4.6030 21.4125 -8.4718
v 4.7977 21.4011 -8.5266
v 4.8942 22.5799 -8.4301
v 4.6030 21.4125 -8.4718
v 4.8942 22.5799 -8.4301
v 4.6995 22.5913 -8.3753
v 4.7977 21.4011 -8.5266
v 4.8512 21.3808 -8.3323
v 4.9477 22.5596 -8.2358
v 4.7977 21.4011 -8.5266
v 4.9477 22.5596 -8.2358
v 4.8942 22.5799 -8.4301
v 4.8512 21.3808 -8.3323
v 4.6566 21.3923 -8.2775
v 4.7531 22.5711 -8.1810
v 4.8512 21.3808 -8.3323
v 4.7531 22.5711 -8.1810
v 4.9477 22.5596 -8.2358
v 4.6566 21.3923 -8.2775
v 4.6030 21.4125 -8.4718
v 4.6995 22.5913 -8.3753
v 4.6566 21.3923 -8.2775
v 4.6995 22.5913 -8.3753
v 4.7531 22.5711 -8.1810
v -41.3576 20.1903 -27.1872
v -41.5098 20.1893 -27.3230
v -41.4868 21.3837 -27.3572
v -41.3576 20.1903 -27.1872
v -41.4868 21.3837 -27.3572
v -41.3345 21.3846 -27.2215
v -41.5098 20.1893 -27.3230
v -41.3741 20.1823 -27.4751
v -41.3511 21.3767 -27.5094
v -41.5098 20.1893 -27.3230
v -41.3511 21.3767 -27.5094
v -41.4868 21.3837 -27.3572
v -41.3741 20.1823 -27.4751
v -41.2219 20.1833 -27.3394
v -41.1989 21.3776 -27.3736
v -41.3741 20.1823 -27.4751
v -41.1989 21.3776 -27.3736
v -41.3511 21.3767 -27.5094
v -41.2219 20.1833 -27.3394
v -41.3576 20.1903 -27.1872
v -41.3345 21.3846 -27.2215
v -41.2219 20.1833 -27.3394
v -41.3345 21.3846 -27.2215
v -41.1989 21.3776 -27.3736
v 3.0063 23.1234 -39.8714
v 3.1355 23.1184 -39.6294
v 3.2670 24.7198 -39.6667
v 3.0063 23.1234 -39.8714
v 3.2670 24.7198 -39.6667
v 3.1378 24.7248 -39.9087
v 3.1355 23.1184 -39.6294
v 2.8945 23.1412 -39.5003
v 3.0260 24.7426 -39.5376
v 3.1355 23.1184 -39.6294
v 3.0260 24.7426 -39.5376
v 3.2670 24.7198 -39.6667
v 2.8945 23.1412 -39.5003
v 2.7654 23.1462 -39.7423
v 2.8969 24.7476 -39.7796
v 2.8945 23.1412 -39.5003
v 2.8969 24.7476 -39.7796
v 3.0260 24.7426 -39.5376
v 2.7654 23.1462 -39.7423
v 3.0063 23.1234 -39.8714
v 3.1378 24.7248 -39.9087
v 2.7654 23.1462 -39.7423
v 3.1378 24.7248 -39.9087
v 2.8969 24.7476 -39.7796
v -33.4636 15.9806 25.9189
v -33.5457 15.9763 26.0317
v -33.6167 16.7909 26.0108
v -33.4636 15.9806 25.9189
v -33.6167 16.7909 26.0108
v -33.5346 16.7952 25.8979
v -33.5457 15.9763 26.0317
v -33.6580 15.9644 25.9495
v -33.7289 16.7790 25.9286
v -33.5457 15.9763 26.0317
v -33.7289 16.7790 25.9286
v -33.6167 16.7909 26.0108
v -33.6580 15.9644 25.9495
v -33.5758 15.9687 25.8367
v -33.6468 16.7833 25.8158
v -33.6580 15.9644 25.9495
v -33.6468 16.7833 25.8158
v -33.7289 16.7790 25.9286
v -33.5758 15.9687 25.8367
v -33.4636 15.9806 25.9189
v -33.5346 16.7952 25.8979
v -33.5758 15.9687 25.8367
v -33.5346 16.7952 25.8979
v -33.6468 16.7833 25.8158
v -16.5219 17.8445 13.2068
v -16.6425 17.8473 13.4045
v -16.5156 19.1970 13.4627
v -16.5219 17.8445 13.2068
v -16.5156 19.1970 13.4627
v -16.3950 19.1942 13.2650
v -16.6425 17.8473 13.4045
v -16.8391 17.8710 13.2842
v -16.7122 19.2207 13.3425
v -16.6425 17.8473 13.4045
v -16.7122 19.2207 13.3425
v -16.5156 19.1970 13.4627
v -16.8391 17.8710 13.2842
v -16.7184 17.8681 13.0865
v -16.5915 19.2179 13.1448
v -16.8391 17.8710 13.2842
v -16.5915 19.2179 13.1448
v -16.7122 19.2207 13.3425
v -16.7184 17.8681 13.0865
v -16.5219 17.8445 13.2068
v -16.3950 19.1942 13.2650
v -16.7184 17.8681 13.0865
v -16.3950 19.1942 13.2650
v -16.5915 19.2179 13.1448
v -36.3941 17.8689 4.7555
v -36.5397 17.8681 4.6293
v -36.5464 18.9972 4.6296
v -36.3941 17.8689 4.7555
v -36.5464 18.9972 4.6296
v -36.4008 18.9981 4.7559
v -36.5397 17.8681 4.6293
v -36.4135 17.8689 4.4836
v -36.4201 18.9980 4.4840
v -36.5397 17.8681 4.6293
v -36.4201 18.9980 4.4840
v -36.5464 18.9972 4.6296
v -36.4135 17.8689 4.4836
v -36.2678 17.8697 4.6099
v -36.2745 18.9989 4.6103
v -36.4135 17.8689 4.4836
v -36.2745 18.9989 4.6103
v -36.4201 18.9980 4.4840
v -36.2678 17.8697 4.6099
v -36.3941 17.8689 4.7555
v -36.4008 18.9981 4.7559
v -36.2678 17.8697 4.6099
v -36.4008 18.9981 4.7559
v -36.2745 18.9989 4.6103
v -47.2962 18.6495 -14.5093
v -47.1047 18.6342 -14.3141
v -46.9368 20.2299 -14.3532
v -47.2962 18.6495 -14.5093
v -46.9368 20.2299 -14.3532
v -47.1283 20.2453 -14.5485
v -47.1047 18.6342 -14.3141
v -47.2985 18.6593 -14.1220
v -47.1306 20.2550 -14.1611
v -47.1047 18.6342 -14.3141
v -47.1306 20.2550 -14.1611
v -46.9368 20.2299 -14.3532
v -47.2985 18.6593 -14.1220
v -47.4900 18.6746 -14.3173
v -47.3221 20.2704 -14.3564
v -47.2985 18.6593 -14.1220
v -47.3221 20.2704 -14.3564
v -47.1306 20.2550 -14.1611
v -47.4900 18.6746 -14.3173
v -47.2962 18.6495 -14.5093
v -47.1283 20.2453 -14.5485
v -47.4900 18.6746 -14.3173
v -47.1283 20.2453 -14.5485
v -47.3221 20.2704 -14.3564
v -36.4750 19.7536 -20.3036
v -36.3672 19.7537 -20.0885
v -36.5179 21.1531 -20.0140
v -36.4750 19.7536 -20.3036
v -36.5179 21.1531 -20.0140
v -36.6256 21.1529 -20.2291
v -36.3672 19.7537 -20.0885
v -36.5808 19.7250 -19.9816
v -36.7315 21.1244 -19.9070
v -36.3672 19.7537 -20.0885
v -36.7315 21.1244 -19.9070
v -36.5179 21.1531 -20.0140
v -36.5808 19.7250 -19.9816
v -36.6885 19.7249 -20.1967
v -36.8392 21.1243 -20.1222
v -36.5808 19.7250 -19.9816
v -36.8392 21.1243 -20.1222
v -36.7315 21.1244 -19.9070
v -36.6885 19.7249 -20.1967
v -36.4750 19.7536 -20.3036
v -36.6256 21.1529 -20.2291
v -36.6885 19.7249 -20.1967
v -36.6256 21.1529 -20.2291
v -36.8392 21.1243 -20.1222
v 8.3210 22.6159 -25.7633
v 8.1765 22.6096 -25.5309
v 8.1446 24.2130 -25.5074
v 8.3210 22.6159 -25.7633
v 8.1446 24.2130 -25.5074
v 8.2892 24.2193 -25.7398
v 8.1765 22.6096 -25.5309
v 7.9441 22.6071 -25.6755
v 7.9122 24.2105 -25.6520
v 8.1765 22.6096 -25.5309
v 7.9122 24.2105 -25.6520
v 8.1446 24.2130 -25.5074
v 7.9441 22.6071 -25.6755
v 8.0886 22.6134 -25.9079
v 8.0568 24.2168 -25.8844
v 7.9441 22.6071 -25.6755
v 8.0568 24.2168 -25.8844
v 7.9122 24.2105 -25.6520
v 8.0886 22.6134 -25.9079
v 8.3210 22.6159 -25.7633
v 8.2892 24.2193 -25.7398
v 8.0886 22.6134 -25.9079
v 8.2892 24.2193 -25.7398
v 8.0568 24.2168 -25.8844
v -5.1901 19.7536 2.9665
v -5.0127 19.7580 2.7669
v -5.1392 21.3160 2.6893
v -5.1901 19.7536 2.9665
v -5.1392 21.3160 2.6893
v -5.3166 21.3116 2.8889
v -5.0127 19.7580 2.7669
v -4.8141 19.7830 2.9439
v -4.9407 21.3410 2.8663
v -5.0127 19.7580 2.7669
v -4.9407 21.3410 2.8663
v -5.1392 21.3160 2.6893
v -4.8141 19.7830 2.9439
v -4.9916 19.7785 3.1435
v -5.1181 21.3365 3.0659
v -4.8141 19.7830 2.9439
v -5.1181 21.3365 3.0659
v -4.9407 21.3410 2.8663
v -4.9916 19.7785 3.1435
v -5.1901 19.7536 2.9665
v -5.3166 21.3116 2.8889
v -4.9916 19.7785 3.1435
v -5.3166 21.3116 2.8889
v -5.1181 21.3365 3.0659
v -33.4990 21.4560 -33.3843
v -33.6447 21.4602 -33.5909
v -33.7091 22.9381 -33.5153
v -33.4990 21.4560 -33.3843
v -33.7091 22.9381 -33.5153
v -33.5634 22.9339 -33.3087
v -33.6447 21.4602 -33.5909
v -33.4384 21.4767 -33.7361
v -33.5028 22.9545 -33.6605
v -33.6447 21.4602 -33.5909
v -33.5028 22.9545 -33.6605
v -33.7091 22.9381 -33.5153
v -33.4384 21.4767 -33.7361
v -33.2927 21.4724 -33.5295
v -33.3571 22.9503 -33.4539
v -33.4384 21.4767 -33.7361
v -33.3571 22.9503 -33.4539
v -33.5028 22.9545 -33.6605
v -33.2927 21.4724 -33.5295
v -33.4990 21.4560 -33.3843
v -33.5634 22.9339 -33.3087
v -33.2927 21.4724 -33.5295
v -33.5634 22.9339 -33.3087
v -33.3571 22.9503 -33.4539
v 13.9801 21.4361 -9.6189
v 13.8680 21.4470 -9.8823
v 14.1487 23.1007 -9.9337
v 13.9801 21.4361 -9.6189
v 14.1487 23.1007 -9.9337
v 14.2607 23.0899 -9.6703
v 13.8680 21.4470 -9.8823
v 14.1272 21.3995 -9.9945
v 14.4079 23.0532 -10.0460
v 13.8680 21.4470 -9.8823
v 14.4079 23.0532 -10.0460
v 14.1487 23.1007 -9.9337
v 14.1272 21.3995 -9.9945
v 14.2393 21.3887 -9.7311
v 14.5199 23.0424 -9.7826
v 14.1272 21.3995 -9.9945
v 14.5199 23.0424 -9.7826
v 14.4079 23.0532 -10.0460
v 14.2393 21.3887 -9.7311
v 13.9801 21.4361 -9.6189
v 14.2607 23.0899 -9.6703
v 14.2393 21.3887 -9.7311
v 14.2607 23.0899 -9.6703
v 14.5199 23.0424 -9.7826
vt 0.00000 1.00000
vt 0.00000 1.00000
vt 0.00000 1.00000
vt 0.00000 1.00000
vt 0.00000 1.00000
vt 0.00000 1.00000
vt 0.00000 1.00000
vt 0.00000 1.00000
vt 0.00000 1.00000
vt 0.00000 1.00000
vt 0.00000 1.00000
vt 0.00000 1.00000
vt 0.00000 1.00000
vt 0.00000 1.00000
vt 0.00000 1.00000
vt 0.00000 1.00000
vt 0.00000 1.00000
vt 0.00000 1.00000
vt 0.00000 1.00000
vt 0.00000 1.00000
vt 0.00000 1.00000
vt 0.00000 1.00000
vt 0.00000 1.00000
vt 0.00000 1.00000
vt 0.00000 1.00000
vt 0.00000 1.00000
vt 0.00000 1.00000
vt 0.00000 1.00000
vt 0.00000 1.00000
vt 0.00000 1.00000
vt 0.00000 1.00000
vt 0.00000 1.00000
vt 0.00000 1.00000
vt 0.00000 1.00000
vt 0.00000 1.00000
vt 0.00000 1.00000
vt 0.00000 1.00000
vt 0.00000 1.00000
vt 0.00000 1.00000
vt 0.00000 1.00000
vt 0.00000 1.00000
vt 0.00000 1.00000
vt 0.00000 1.00000
vt 0.00000 1.00000
vt 0.00000 1.00000
vt 0.00000 1.00000
vt 0.00000 1.00000
vt 0.00000 1.00000
vt 0.00000 1.00000
vt 0.00000 1.00000
vt 0.00000 1.00000
vt 0.00000 1.00000
vt 0.00000 1.00000
vt 0.00000 1.00000
vt 0.00000 1.00000
vt 0.00000 1.00000
vt 0.00000 1.00000
vt 0.00000 1.00000
vt 0.00000 1.00000
vt 0.00000 1.00000
vt 0.00000 1.00000
vt 0.00000 1.00000
vt 0.00000 1.00000
vt 0.00000 1.00000
vt 0.00000 1.00000
vt 0.00000 1.00000
vt 0.00000 1.00000
vt 0.00000 1.00000
vt 0.00000 1.00000
vt 0.00000 1.00000
vt 0.00000 1.00000
vt 0.00000 1.00000
vt 0.00000 1.00000
vt 0.00000 1.00000
vt 0.00000 1.00000
vt 0.00000 1.00000
vt 0.00000 1.00000
vt 0.00000 1.00000
vt 0.00000 1.00000
vt 0.00000 1.00000
vt 0.00000 1.00000
vt 0.00000 1.00000
vt 0.00000 1.00000
vt 0.00000 1.00000
vt 0.00000 1.00000
vt 0.00000 1.00000
vt 0.00000 1.00000
vt 0.00000 1.00000
vt 0.00000 1.00000
vt 0.00000 1.00000
vt 0.00000 1.00000
vt 0.00000 1.00000
vt 0.00000 1.00000
vt 0.00000 1.00000
vt 0.00000 1.00000
vt 0.00000 1.00000
vt 0.00000 1.00000
vt 0.00000 1.00000
vt 0.00000 1.00000
vt 0.00000 1.00000
vt 0.00000 1.00000
vt 0.00000 1.00000
vt 0.00000 1.00000
vt 0.00000 1.00000
vt 0.00000 1.00000
vt 0.00000 1.00000
vt 0.00000 1.00000
vt 0.00000 1.00000
vt 0.00000 1.00000
vt 0.00000 1.00000
vt 0.00000 1.00000
vt 0.00000 1.00000
vt 0.00000 1.00000
vt 0.00000 1.00000
vt 0.00000 1.00000
vt 0.00000 1.00000
vt 0.00000 1.00000
vt 0.00000 1.00000
vt 0.00000 1.00000
vt 0.00000 1.00000
vt 0.00000 1.00000
vt 0.00000 1.00000
vt 0.00000 1.00000
vt 0.00000 1.00000
vt 0.00000 1.00000
vt 0.00000 1.00000
vt 0.00000 1.00000
vt 0.00000 1.00000
vt 0.00000 1.00000
vt 0.00000 1.00000
vt 0.00000 1.00000
vt 0.00000 1.00000
vt 0.00000 1.00000
vt 0.00000 1.00000
vt 0.00000 1.00000
vt 0.00000 1.00000
vt 0.00000 1.00000
vt 0.00000 1.00000
vt 0.00000 1.00000
vt 0.00000 1.00000
vt 0.00000 1.00000
vt 0.00000 1.00000
vt 0.00000 1.00000
vt 0.00000 1.00000
vt 0.00000 1.00000
vt 0.00000 1.00000
vt 0.00000 1.00000
vt 0.00000 1.00000
vt 0.00000 1.00000
vt 0.00000 1.00000
vt 0.00000 1.00000
vt 0.00000 1.00000
vt 0.00000 1.00000
vt 0.00000 1.00000
vt 0.00000 1.00000
vt 0.00000 1.00000
vt 0.00000 1.00000
vt 0.00000 1.00000
vt 0.00000 1.00000
vt 0.00000 1.00000
vt 0.00000 1.00000
vt 0.00000 1.00000
vt 0.00000 1.00000
vt 0.00000 1.00000
vt 0.00000 1.00000
vt 0.00000 1.00000
vt 0.00000 1.00000
vt 0.00000 1.00000
vt 0.00000 1.00000
vt 0.00000 1.00000
vt 0.00000 1.00000
vt 0.00000 1.00000
vt 0.00000 1.00000
vt 0.00000 1.00000
vt 0.00000 1.00000
vt 0.00000 1.00000
vt 0.00000 1.00000
vt 0.00000 1.00000
vt 0.00000 1.00000
vt 0.00000 1.00000
vt 0.00000 1.00000
vt 0.00000 1.00000
vt 0.00000 1.00000
vt 0.00000 1.00000
vt 0.00000 1.00000
vt 0.00000 1.00000
vt 0.00000 1.00000
vt 0.00000 1.00000
vt 0.00000 1.00000
vt 0.00000 1.00000
vt 0.00000 1.00000
vt 0.00000 1.00000
vt 0.00000 1.00000
vt 0.00000 1.00000
vt 0.00000 1.00000
vt 0.00000 1.00000
vt 0.00000 1.00000
vt 0.00000 1.00000
vt 0.00000 1.00000
vt 0.00000 1.00000
vt 0.00000 1.00000
vt 0.00000 1.00000
vt 0.00000 1.00000
vt 0.00000 1.00000
vt 0.00000 1.00000
vt 0.00000 1.00000
vt 0.00000 1.00000
vt 0.00000 1.00000
vt 0.00000 1.00000
vt 0.00000 1.00000
vt 0.00000 1.00000
vt 0.00000 1.00000
vt 0.00000 1.00000
vt 0.00000 1.00000
vt 0.00000 1.00000
vt 0.00000 1.00000
vt 0.00000 1.00000
vt 0.00000 1.00000
vt 0.00000 1.00000
vt 0.00000 1.00000
vt 0.00000 1.00000
vt 0.00000 1.00000
vt 0.00000 1.00000
vt 0.00000 1.00000
vt 0.00000 1.00000
vt 0.00000 1.00000
vt 0.00000 1.00000
vt 0.00000 1.00000
vt 0.00000 1.00000
vt 0.00000 1.00000
vt 0.00000 1.00000
vt 0.00000 1.00000
vt 0.00000 1.00000
vt 0.00000 1.00000
vt 0.00000 1.00000
vt 0.00000 1.00000
vt 0.00000 1.00000
vt 0.00000 1.00000
vt 0.00000 1.00000
vt 0.00000 1.00000
vt 0.00000 1.00000
vt 0.00000 1.00000
vt 0.00000 1.00000
vt 0.00000 1.00000
vt 0.00000 1.00000
vt 0.00000 1.00000
vt 0.00000 1.00000
vt 0.00000 1.00000
vt 0.00000 1.00000
vt 0.00000 1.00000
vt 0.00000 1.00000
vt 0.00000 1.00000
vt 0.00000 1.00000
vt 0.00000 1.00000
vt 0.00000 1.00000
vt 0.00000 1.00000
vt 0.00000 1.00000
vt 0.00000 1.00000
vt 0.00000 1.00000
vt 0.00000 1.00000
vt 0.00000 1.00000
vt 0.00000 1.00000
vt 0.00000 1.00000
vt 0.00000 1.00000
vt 0.00000 1.00000
vt 0.00000 1.00000
vt 0.00000 1.00000
vt 0.00000 1.00000
vt 0.00000 1.00000
vt 0.00000 1.00000
vt 0.00000 1.00000
vt 0.00000 1.00000
vt 0.00000 1.00000
vt 0.00000 1.00000
vt 0.00000 1.00000
vt 0.00000 1.00000
vt 0.00000 1.00000
vt 0.00000 1.00000
vt 0.00000 1.00000
vt 0.00000 1.00000
vt 0.00000 1.00000
vt 0.00000 1.00000
vt 0.00000 1.00000
vt 0.00000 1.00000
vt 0.00000 1.00000
vt 0.00000 1.00000
vt 0.00000 1.00000
vt 0.00000 1.00000
vt 0.00000 1.00000
vt 0.00000 1.00000
vt 0.00000 1.00000
vt 0.00000 1.00000
vt 0.00000 1.00000
vt 0.00000 1.00000
vt 0.00000 1.00000
vt 0.00000 1.00000
vt 0.00000 1.00000
vt 0.00000 1.00000
vt 0.00000 1.00000
vt 0.00000 1.00000
vt 0.00000 1.00000
vt 0.00000 1.00000
vt 0.00000 1.00000
vt 0.00000 1.00000
vt 0.00000 1.00000
vt 0.00000 1.00000
vt 0.00000 1.00000
vt 0.00000 1.00000
vt 0.00000 1.00000
vt 0.00000 1.00000
vt 0.00000 1.00000
vt 0.00000 1.00000
vt 0.00000 1.00000
vt 0.00000 1.00000
vt 0.00000 1.00000
vt 0.00000 1.00000
vt 0.00000 1.00000
vt 0.00000 1.00000
vt 0.00000 1.00000
vt 0.00000 1.00000
vt 0.00000 1.00000
vt 0.00000 1.00000
vt 0.00000 1.00000
vt 0.00000 1.00000
vt 0.00000 1.00000
vt 0.00000 1.00000
vt 0.00000 1.00000
vt 0.00000 1.00000
vt 0.00000 1.00000
vt 0.00000 1.00000
vt 0.00000 1.00000
vt 0.00000 1.00000
vt 0.00000 1.00000
vt 0.00000 1.00000
vt 0.00000 1.00000
vt 0.00000 1.00000
vt 0.00000 1.00000
vt 0.00000 1.00000
vt 0.00000 1.00000
vt 0.00000 1.00000
vt 0.00000 1.00000
vt 0.00000 1.00000
vt 0.00000 1.00000
vt 0.00000 1.00000
vt 0.00000 1.00000
vt 0.00000 1.00000
vt 0.00000 1.00000
vt 0.00000 1.00000
vt 0.00000 1.00000
vt 0.00000 1.00000
vt 0.00000 1.00000
vt 0.00000 1.00000
vt 0.00000 1.00000
vt 0.00000 1.00000
vt 0.00000 1.00000
vt 0.00000 1.00000
vt 0.00000 1.00000
vt 0.00000 1.00000
vt 0.00000 1.00000
vt 0.00000 1.00000
vt 0.00000 1.00000
vt 0.00000 1.00000
vt 0.00000 1.00000
vt 0.00000 1.00000
vt 0.00000 1.00000
vt 0.00000 1.00000
vt 0.00000 1.00000
vt 0.00000 1.00000
vt 0.00000 1.00000
vt 0.00000 1.00000
vt 0.00000 1.00000
vt 0.00000 1.00000
vt 0.00000 1.00000
vt 0.00000 1.00000
vt 0.00000 1.00000
vt 0.00000 1.00000
vt 0.00000 1.00000
vt 0.00000 1.00000
vt 0.00000 1.00000
vt 0.00000 1.00000
vt 0.00000 1.00000
vt 0.00000 1.00000
vt 0.00000 1.00000
vt 0.00000 1.00000
vt 0.00000 1.00000
vt 0.00000 1.00000
vt 0.00000 1.00000
vt 0.00000 1.00000
vt 0.00000 1.00000
vt 0.00000 1.00000
vt 0.00000 1.00000
vt 0.00000 1.00000
vt 0.00000 1.00000
vt 0.00000 1.00000
vt 0.00000 1.00000
vt 0.00000 1.00000
vt 0.00000 1.00000
vt 0.00000 1.00000
vt 0.00000 1.00000
vt 0.00000 1.00000
vt 0.00000 1.00000
vt 0.00000 1.00000
vt 0.00000 1.00000
vt 0.00000 1.00000
vt 0.00000 1.00000
vt 0.00000 1.00000
vt 0.00000 1.00000
vt 0.00000 1.00000
vt 0.00000 1.00000
vt 0.00000 1.00000
vt 0.00000 1.00000
vt 0.00000 1.00000
vt 0.00000 1.00000
vt 0.00000 1.00000
vt 0.00000 1.00000
vt 0.00000 1.00000
vt 0.00000 1.00000
vt 0.00000 1.00000
vt 0.00000 1.00000
vt 0.00000 1.00000
vt 0.00000 1.00000
vt 0.00000 1.00000
vt 0.00000 1.00000
vt 0.00000 1.00000
vt 0.00000 1.00000
vt 0.00000 1.00000
vt 0.00000 1.00000
vt 0.00000 1.00000
vt 0.00000 1.00000
vt 0.00000 1.00000
vt 0.00000 1.00000
vt 0.00000 1.00000
vt 0.00000 1.00000
vt 0.00000 1.00000
vt 0.00000 1.00000
vt 0.00000 1.00000
vt 0.00000 1.00000
vt 0.00000 1.00000
vt 0.00000 1.00000
vt 0.00000 1.00000
vt 0.00000 1.00000
vt 0.00000 1.00000
vt 0.00000 1.00000
vt 0.00000 1.00000
vt 0.00000 1.00000
vt 0.00000 1.00000
vt 0.00000 1.00000
vt 0.00000 1.00000
vt 0.00000 1.00000
vt 0.00000 1.00000
vt 0.00000 1.00000
vt 0.00000 1.00000
vt 0.00000 1.00000
vt 0.00000 1.00000
vt 0.00000 1.00000
vt 0.00000 1.00000
vt 0.00000 1.00000
vt 0.00000 1.00000
vt 0.00000 1.00000
vt 0.00000 1.00000
vt 0.00000 1.00000
vt 0.00000 1.00000
vt 0.00000 1.00000
vt 0.00000 1.00000
vt 0.00000 1.00000
vt 0.00000 1.00000
vt 0.00000 1.00000
vt 0.00000 1.00000
vt 0.00000 1.00000
vt 0.00000 1.00000
vt 0.00000 1.00000
vt 0.00000 1.00000
vt 0.00000 1.00000
vt 0.00000 1.00000
vt 0.00000 1.00000
vt 0.00000 1.00000
vt 0.00000 1.00000
vt 0.00000 1.00000
vt 0.00000 1.00000
vt 0.00000 1.00000
vt 0.00000 1.00000
vt 0.00000 1.00000
vt 0.00000 1.00000
vt 0.00000 1.00000
vt 0.00000 1.00000
vt 0.00000 1.00000
vt 0.00000 1.00000
vt 0.00000 1.00000
vt 0.00000 1.00000
vt 0.00000 1.00000
vt 0.00000 1.00000
vt 0.00000 1.00000
vt 0.00000 1.00000
vt 0.00000 1.00000
vt 0.00000 1.00000
vt 0.00000 1.00000
vt 0.00000 1.00000
vt 0.00000 1.00000
vt 0.00000 1.00000
vt 0.00000 1.00000
vt 0.00000 1.00000
vt 0.00000 1.00000
vt 0.00000 1.00000
vt 0.00000 1.00000
vt 0.00000 1.00000
vt 0.00000 1.00000
vt 0.00000 1.00000
vt 0.00000 1.00000
vt 0.00000 1.00000
vt 0.00000 1.00000
vt 0.00000 1.00000
vt 0.00000 1.00000
vt 0.00000 1.00000
vt 0.00000 1.00000
vt 0.00000 1.00000
vt 0.00000 1.00000
vt 0.00000 1.00000
vt 0.00000 1.00000
vt 0.00000 1.00000
vt 0.00000 1.00000
vt 0.00000 1.00000
vt 0.00000 1.00000
vt 0.00000 1.00000
vt 0.00000 1.00000
vt 0.00000 1.00000
vt 0.00000 1.00000
vt 0.00000 1.00000
vt 0.00000 1.00000
vt 0.00000 1.00000
vt 0.00000 1.00000
vt 0.00000 1.00000
vt 0.00000 1.00000
vt 0.00000 1.00000
vt 0.00000 1.00000
vt 0.00000 1.00000
vt 0.00000 1.00000
vt 0.00000 1.00000
vt 0.00000 1.00000
vt 0.00000 1.00000
vt 0.00000 1.00000
vt 0.00000 1.00000
vt 0.00000 1.00000
vt 0.00000 1.00000
vt 0.00000 1.00000
vt 0.00000 1.00000
vt 0.00000 1.00000
vt 0.00000 1.00000
vt 0.00000 1.00000
vt 0.00000 1.00000
vt 0.00000 1.00000
vt 0.00000 1.00000
vt 0.00000 1.00000
vt 0.00000 1.00000
vt 0.00000 1.00000
vt 0.00000 1.00000
vt 0.00000 1.00000
vt 0.00000 1.00000
vt 0.00000 1.00000
vt 0.00000 1.00000
vt 0.00000 1.00000
vt 0.00000 1.00000
vt 0.00000 1.00000
vt 0.00000 1.00000
vt 0.00000 1.00000
vt 0.00000 1.00000
vt 0.00000 1.00000
vt 0.00000 1.00000
vt 0.00000 1.00000
vt 0.00000 1.00000
vt 0.00000 1.00000
vt 0.00000 1.00000
vt 0.00000 1.00000
vt 0.00000 1.00000
vt 0.00000 1.00000
vt 0.00000 1.00000
vt 0.00000 1.00000
vt 0.00000 1.00000
vt 0.00000 1.00000
vt 0.00000 1.00000
vt 0.00000 1.00000
vt 0.00000 1.00000
vt 0.00000 1.00000
vt 0.00000 1.00000
vt 0.00000 1.00000
vt 0.00000 1.00000
vt 0.00000 1.00000
vt 0.00000 1.00000
vt 0.00000 1.00000
vt 0.00000 1.00000
vt 0.00000 1.00000
vt 0.00000 1.00000
vt 0.00000 1.00000
vt 0.00000 1.00000
vt 0.00000 1.00000
vt 0.00000 1.00000
vt 0.00000 1.00000
vt 0.00000 1.00000
vt 0.00000 1.00000
vt 0.00000 1.00000
vt 0.00000 1.00000
vt 0.00000 1.00000
vt 0.00000 1.00000
vt 0.00000 1.00000
vt 0.00000 1.00000
vt 0.00000 1.00000
vt 0.00000 1.00000
vt 0.00000 1.00000
vt 0.00000 1.00000
vt 0.00000 1.00000
vt 0.00000 1.00000
vt 0.00000 1.00000
vt 0.00000 1.00000
vt 0.00000 1.00000
vt 0.00000 1.00000
vt 0.00000 1.00000
vt 0.00000 1.00000
vt 0.00000 1.00000
vt 0.00000 1.00000
vt 0.00000 1.00000
vt 0.00000 1.00000
vt 0.00000 1.00000
vt 0.00000 1.00000
vt 0.00000 1.00000
vt 0.00000 1.00000
vt 0.00000 1.00000
vt 0.00000 1.00000
vt 0.00000 1.00000
vt 0.00000 1.00000
vt 0.00000 1.00000
vt 0.00000 1.00000
vt 0.00000 1.00000
vt 0.00000 1.00000
vt 0.00000 1.00000
vt 0.00000 1.00000
vt 0.00000 1.00000
vt 0.00000 1.00000
vt 0.00000 1.00000
vt 0.00000 1.00000
vt 0.00000 1.00000
vt 0.00000 1.00000
vt 0.00000 1.00000
vt 0.00000 1.00000
vt 0.00000 1.00000
vt 0.00000 1.00000
vt 0.00000 1.00000
vt 0.00000 1.00000
vt 0.00000 1.00000
vt 0.00000 1.00000
vt 0.00000 1.00000
vt 0.00000 1.00000
vt 0.00000 1.00000
vt 0.00000 1.00000
vt 0.00000 1.00000
vt 0.00000 1.00000
vt 0.00000 1.00000
vt 0.00000 1.00000
vt 0.00000 1.00000
vt 0.00000 1.00000
vt 0.00000 1.00000
vt 0.00000 1.00000
vt 0.00000 1.00000
vt 0.00000 1.00000
vt 0.00000 1.00000
vt 0.00000 1.00000
vt 0.00000 1.00000
vt 0.00000 1.00000
vt 0.00000 1.00000
vt 0.00000 1.00000
vt 0.00000 1.00000
vt 0.00000 1.00000
vt 0.00000 1.00000
vt 0.00000 1.00000
vt 0.00000 1.00000
vt 0.00000 1.00000
vt 0.00000 1.00000
vt 0.00000 1.00000
vt 0.00000 1.00000
vt 0.00000 1.00000
vt 0.00000 1.00000
vt 0.00000 1.00000
vt 0.00000 1.00000
vt 0.00000 1.00000
vt 0.00000 1.00000
vt 0.00000 1.00000
vt 0.00000 1.00000
vt 0.00000 1.00000
vt 0.00000 1.00000
vt 0.00000 1.00000
vt 0.00000 1.00000
vt 0.00000 1.00000
vt 0.00000 1.00000
vt 0.00000 1.00000
vt 0.00000 1.00000
vt 0.00000 1.00000
vt 0.00000 1.00000
vt 0.00000 1.00000
vt 0.00000 1.00000
vt 0.00000 1.00000
vt 0.00000 1.00000
vt 0.00000 1.00000
vt 0.00000 1.00000
vt 0.00000 1.00000
vt 0.00000 1.00000
vt 0.00000 1.00000
vt 0.00000 1.00000
vt 0.00000 1.00000
vt 0.00000 1.00000
vt 0.00000 1.00000
vt 0.00000 1.00000
vt 0.00000 1.00000
vt 0.00000 1.00000
vt 0.00000 1.00000
vt 0.00000 1.00000
vt 0.00000 1.00000
vt 0.00000 1.00000
vt 0.00000 1.00000
vt 0.00000 1.00000
vt 0.00000 1.00000
vt 0.00000 1.00000
vt 0.00000 1.00000
vt 0.00000 1.00000
vt 0.00000 1.00000
vt 0.00000 1.00000
vt 0.00000 1.00000
vt 0.00000 1.00000
vt 0.00000 1.00000
vt 0.00000 1.00000
vt 0.00000 1.00000
vt 0.00000 1.00000
vt 0.00000 1.00000
vt 0.00000 1.00000
vt 0.00000 1.00000
vt 0.00000 1.00000
vt 0.00000 1.00000
vt 0.00000 1.00000
vt 0.00000 1.00000
vt 0.00000 1.00000
vt 0.00000 1.00000
vt 0.00000 1.00000
vt 0.00000 1.00000
vt 0.00000 1.00000
vt 0.00000 1.00000
vt 0.00000 1.00000
vt 0.00000 1.00000
vt 0.00000 1.00000
vt 0.00000 1.00000
vt 0.00000 1.00000
vt 0.00000 1.00000
vt 0.00000 1.00000
vt 0.00000 1.00000
vt 0.00000 1.00000
vt 0.00000 1.00000
vt 0.00000 1.00000
vt 0.00000 1.00000
vt 0.00000 1.00000
vt 0.00000 1.00000
vt 0.00000 1.00000
vt 0.00000 1.00000
vt 0.00000 1.00000
vt 0.00000 1.00000
vt 0.00000 1.00000
vt 0.00000 1.00000
vt 0.00000 1.00000
vt 0.00000 1.00000
vt 0.00000 1.00000
vt 0.00000 1.00000
vt 0.00000 1.00000
vt 0.00000 1.00000
vt 0.00000 1.00000
vt 0.00000 1.00000
vt 0.00000 1.00000
vt 0.00000 1.00000
vt 0.00000 1.00000
vt 0.00000 1.00000
vt 0.00000 1.00000
vt 0.00000 1.00000
vt 0.00000 1.00000
vt 0.00000 1.00000
vt 0.00000 1.00000
vt 0.00000 1.00000
vt 0.00000 1.00000
vt 0.00000 1.00000
vt 0.00000 1.00000
vt 0.00000 1.00000
vt 0.00000 1.00000
vt 0.00000 1.00000
vt 0.00000 1.00000
vt 0.00000 1.00000
vt 0.00000 1.00000
vt 0.00000 1.00000
vt 0.00000 1.00000
vt 0.00000 1.00000
vt 0.00000 1.00000
vt 0.00000 1.00000
vt 0.00000 1.00000
vt 0.00000 1.00000
vt 0.00000 1.00000
vt 0.00000 1.00000
vt 0.00000 1.00000
vt 0.00000 1.00000
vt 0.00000 1.00000
vt 0.00000 1.00000
vt 0.00000 1.00000
vt 0.00000 1.00000
vt 0.00000 1.00000
vt 0.00000 1.00000
vt 0.00000 1.00000
vt 0.00000 1.00000
vt 0.00000 1.00000
vt 0.00000 1.00000
vt 0.00000 1.00000
vt 0.00000 1.00000
vt 0.00000 1.00000
vt 0.00000 1.00000
vt 0.00000 1.00000
vt 0.00000 1.00000
vt 0.00000 1.00000
vt 0.00000 1.00000
vt 0.00000 1.00000
vt 0.00000 1.00000
vt 0.00000 1.00000
vt 0.00000 1.00000
vt 0.00000 1.00000
vt 0.00000 1.00000
vt 0.00000 1.00000
vt 0.00000 1.00000
vt 0.00000 1.00000
vt 0.00000 1.00000
vt 0.00000 1.00000
vt 0.00000 1.00000
vt 0.00000 1.00000
vt 0.00000 1.00000
vt 0.00000 1.00000
vt 0.00000 1.00000
vt 0.00000 1.00000
vt 0.00000 1.00000
vt 0.00000 1.00000
vt 0.00000 1.00000
vt 0.00000 1.00000
vt 0.00000 1.00000
vt 0.00000 1.00000
vt 0.00000 1.00000
vt 0.00000 1.00000
vt 0.00000 1.00000
vt 0.00000 1.00000
vt 0.00000 1.00000
vt 0.00000 1.00000
vt 0.00000 1.00000
vt 0.00000 1.00000
vt 0.00000 1.00000
vt 0.00000 1.00000
vt 0.00000 1.00000
vt 0.00000 1.00000
vt 0.00000 1.00000
vt 0.00000 1.00000
vt 0.00000 1.00000
vt 0.00000 1.00000
vt 0.00000 1.00000
vt 0.00000 1.00000
vt 0.00000 1.00000
vt 0.00000 1.00000
vt 0.00000 1.00000
vt 0.00000 1.00000
vt 0.00000 1.00000
vt 0.00000 1.00000
vt 0.00000 1.00000
vt 0.00000 1.00000
vt 0.00000 1.00000
vt 0.00000 1.00000
vt 0.00000 1.00000
vt 0.00000 1.00000
vt 0.00000 1.00000
vt 0.00000 1.00000
vt 0.00000 1.00000
vt 0.00000 1.00000
vt 0.00000 1.00000
vt 0.00000 1.00000
vt 0.00000 1.00000
vt 0.00000 1.00000
vt 0.00000 1.00000
vt 0.00000 1.00000
vt 0.00000 1.00000
vt 0.00000 1.00000
vt 0.00000 1.00000
vt 0.00000 1.00000
vt 0.00000 1.00000
vt 0.00000 1.00000
vt 0.00000 1.00000
vt 0.00000 1.00000
vt 0.00000 1.00000
vt 0.00000 1.00000
vt 0.00000 1.00000
vt 0.00000 1.00000
vt 0.00000 1.00000
vt 0.00000 1.00000
vt 0.00000 1.00000
vt 0.00000 1.00000
vt 0.00000 1.00000
vt 0.00000 1.00000
vt 0.00000 1.00000
vt 0.00000 1.00000
vt 0.00000 1.00000
vt 0.00000 1.00000
vt 0.00000 1.00000
vt 0.00000 1.00000
vt 0.00000 1.00000
vt 0.00000 1.00000
vt 0.00000 1.00000
vt 0.00000 1.00000
vt 0.00000 1.00000
vt 0.00000 1.00000
vt 0.00000 1.00000
vt 0.00000 1.00000
vt 0.00000 1.00000
vt 0.00000 1.00000
vt 0.00000 1.00000
vt 0.00000 1.00000
vt 0.00000 1.00000
vt 0.00000 1.00000
vt 0.00000 1.00000
vt 0.00000 1.00000
vt 0.00000 1.00000
vt 0.00000 1.00000
vt 0.00000 1.00000
vt 0.00000 1.00000
vt 0.00000 1.00000
vt 0.00000 1.00000
vt 0.00000 1.00000
vt 0.00000 1.00000
vt 0.00000 1.00000
vt 0.00000 1.00000
vt 0.00000 1.00000
vt 0.00000 1.00000
vt 0.00000 1.00000
vt 0.00000 1.00000
vt 0.00000 1.00000
vt 0.00000 1.00000
vt 0.00000 1.00000
vt 0.00000 1.00000
vt 0.00000 1.00000
vt 0.00000 1.00000
vt 0.00000 1.00000
vt 0.00000 1.00000
vt 0.00000 1.00000
vt 0.00000 1.00000
vt 0.00000 1.00000
vt 0.00000 1.00000
vt 0.00000 1.00000
vt 0.00000 1.00000
vt 0.00000 1.00000
vt 0.00000 1.00000
vt 0.00000 1.00000
vt 0.00000 1.00000
vt 0.00000 1.00000
vt 0.00000 1.00000
vt 0.00000 1.00000
vt 0.00000 1.00000
vt 0.00000 1.00000
vt 0.00000 1.00000
vt 0.00000 1.00000
vt 0.00000 1.00000
vt 0.00000 1.00000
vt 0.00000 1.00000
vt 0.00000 1.00000
vt 0.00000 1.00000
vt 0.00000 1.00000
vt 0.00000 1.00000
vt 0.00000 1.00000
vt 0.00000 1.00000
vt 0.00000 1.00000
vt 0.00000 1.00000
vt 0.00000 1.00000
vt 0.00000 1.00000
vt 0.00000 1.00000
vt 0.00000 1.00000
vt 0.00000 1.00000
vt 0.00000 1.00000
vt 0.00000 1.00000
vt 0.00000 1.00000
vt 0.00000 1.00000
vt 0.00000 1.00000
vt 0.00000 1.00000
vt 0.00000 1.00000
vt 0.00000 1.00000
vt 0.00000 1.00000
vt 0.00000 1.00000
vt 0.00000 1.00000
vt 0.00000 1.00000
vt 0.00000 1.00000
vt 0.00000 1.00000
vt 0.00000 1.00000
vt 0.00000 1.00000
vt 0.00000 1.00000
vt 0.00000 1.00000
vt 0.00000 1.00000
vt 0.00000 1.00000
vt 0.00000 1.00000
vt 0.00000 1.00000
vt 0.00000 1.00000
vt 0.00000 1.00000
vt 0.00000 1.00000
vt 0.00000 1.00000
vt 0.00000 1.00000
vt 0.00000 1.00000
vt 0.00000 1.00000
vt 0.00000 1.00000
vt 0.00000 1.00000
vt 0.00000 1.00000
vt 0.00000 1.00000
vt 0.00000 1.00000
vt 0.00000 1.00000
vt 0.00000 1.00000
vt 0.00000 1.00000
vt 0.00000 1.00000
vt 0.00000 1.00000
vt 0.00000 1.00000
vt 0.00000 1.00000
vt 0.00000 1.00000
vt 0.00000 1.00000
vt 0.00000 1.00000
vt 0.00000 1.00000
vt 0.00000 1.00000
vt 0.00000 1.00000
vt 0.00000 1.00000
vt 0.00000 1.00000
vt 0.00000 1.00000
vt 0.00000 1.00000
vt 0.00000 1.00000
vt 0.00000 1.00000
vt 0.00000 1.00000
vt 0.00000 1.00000
vt 0.00000 1.00000
vt 0.00000 1.00000
vt 0.00000 1.00000
vt 0.00000 1.00000
vt 0.00000 1.00000
vt 0.00000 1.00000
vt 0.00000 1.00000
vt 0.00000 1.00000
vt 0.00000 1.00000
vt 0.00000 1.00000
vt 0.00000 1.00000
vt 0.00000 1.00000
vt 0.00000 1.00000
vt 0.00000 1.00000
vt 0.00000 1.00000
vt 0.00000 1.00000
vt 0.00000 1.00000
vt 0.00000 1.00000
vt 0.00000 1.00000
vt 0.00000 1.00000
vt 0.00000 1.00000
vt 0.00000 1.00000
vt 0.00000 1.00000
vt 0.00000 1.00000
vt 0.00000 1.00000
vt 0.00000 1.00000
vt 0.00000 1.00000
vt 0.00000 1.00000
vt 0.00000 1.00000
vt 0.00000 1.00000
vt 0.00000 1.00000
vt 0.00000 1.00000
vt 0.00000 1.00000
vt 0.00000 1.00000
vt 0.00000 1.00000
vt 0.00000 1.00000
vt 0.00000 1.00000
vt 0.00000 1.00000
vt 0.00000 1.00000
vt 0.00000 1.00000
vt 0.00000 1.00000
vt 0.00000 1.00000
vt 0.00000 1.00000
vt 0.00000 1.00000
vt 0.00000 1.00000
vt 0.00000 1.00000
vt 0.00000 1.00000
vt 0.00000 1.00000
vt 0.00000 1.00000
vt 0.00000 1.00000
vt 0.00000 1.00000
vt 0.00000 1.00000
vt 0.00000 1.00000
vt 0.00000 1.00000
vt 0.00000 1.00000
vt 0.00000 1.00000
vt 0.00000 1.00000
vt 0.00000 1.00000
vt 0.00000 1.00000
vt 0.00000 1.00000
vt 0.00000 1.00000
vt 0.00000 1.00000
vt 0.00000 1.00000
vt 0.00000 1.00000
vt 0.00000 1.00000
vt 0.00000 1.00000
vt 0.00000 1.00000
vt 0.00000 1.00000
vt 0.00000 1.00000
vt 0.00000 1.00000
vt 0.00000 1.00000
vt 0.00000 1.00000
vt 0.00000 1.00000
vt 0.00000 1.00000
vt 0.00000 1.00000
vt 0.00000 1.00000
vt 0.00000 1.00000
vt 0.00000 1.00000
vt 0.00000 1.00000
vt 0.00000 1.00000
vt 0.00000 1.00000
vt 0.00000 1.00000
vt 0.00000 1.00000
vt 0.00000 1.00000
vt 0.00000 1.00000
vt 0.00000 1.00000
vt 0.00000 1.00000
vt 0.00000 1.00000
vt 0.00000 1.00000
vt 0.00000 1.00000
vt 0.00000 1.00000
vt 0.00000 1.00000
vt 0.00000 1.00000
vt 0.00000 1.00000
vt 0.00000 1.00000
vt 0.00000 1.00000
vt 0.00000 1.00000
vt 0.00000 1.00000
vt 0.00000 1.00000
vt 0.00000 1.00000
vt 0.00000 1.00000
vt 0.00000 1.00000
vt 0.00000 1.00000
vt 0.00000 1.00000
vt 0.00000 1.00000
vt 0.00000 1.00000
vt 0.00000 1.00000
vt 0.00000 1.00000
vt 0.00000 1.00000
vt 0.00000 1.00000
vt 0.00000 1.00000
vt 0.00000 1.00000
vt 0.00000 1.00000
vt 0.00000 1.00000
vt 0.00000 1.00000
vt 0.00000 1.00000
vt 0.00000 1.00000
vt 0.00000 1.00000
vt 0.00000 1.00000
vt 0.00000 1.00000
vt 0.00000 1.00000
vt 0.00000 1.00000
vt 0.00000 1.00000
vt 0.00000 1.00000
vt 0.00000 1.00000
vt 0.00000 1.00000
vt 0.00000 1.00000
vt 0.00000 1.00000
vt 0.00000 1.00000
vt 0.00000 1.00000
vt 0.00000 1.00000
vt 0.00000 1.00000
vt 0.00000 1.00000
vt 0.00000 1.00000
vt 0.00000 1.00000
vt 0.00000 1.00000
vt 0.00000 1.00000
vt 0.00000 1.00000
vt 0.00000 1.00000
vt 0.00000 1.00000
vt 0.00000 1.00000
vt 0.00000 1.00000
vt 0.00000 1.00000
vt 0.00000 1.00000
vt 0.00000 1.00000
vt 0.00000 1.00000
vt 0.00000 1.00000
vt 0.00000 1.00000
vt 0.00000 1.00000
vt 0.00000 1.00000
vt 0.00000 1.00000
vt 0.00000 1.00000
vt 0.00000 1.00000
vt 0.00000 1.00000
vt 0.00000 1.00000
vt 0.00000 1.00000
vt 0.00000 1.00000
vt 0.00000 1.00000
vt 0.00000 1.00000
vt 0.00000 1.00000
vt 0.00000 1.00000
vt 0.00000 1.00000
vt 0.00000 1.00000
vt 0.00000 1.00000
vt 0.00000 1.00000
vt 0.00000 1.00000
vt 0.00000 1.00000
vt 0.00000 1.00000
vt 0.00000 1.00000
vt 0.00000 1.00000
vt 0.00000 1.00000
vt 0.00000 1.00000
vt 0.00000 1.00000
vt 0.00000 1.00000
vt 0.00000 1.00000
vt 0.00000 1.00000
vt 0.00000 1.00000
vt 0.00000 1.00000
vt 0.00000 1.00000
vt 0.00000 1.00000
vt 0.00000 1.00000
vt 0.00000 1.00000
vt 0.00000 1.00000
vt 0.00000 1.00000
vt 0.00000 1.00000
vt 0.00000 1.00000
vt 0.00000 1.00000
vt 0.00000 1.00000
vt 0.00000 1.00000
vt 0.00000 1.00000
vt 0.00000 1.00000
vt 0.00000 1.00000
vt 0.00000 1.00000
vt 0.00000 1.00000
vt 0.00000 1.00000
vt 0.00000 1.00000
vt 0.00000 1.00000
vt 0.00000 1.00000
vt 0.00000 1.00000
vt 0.00000 1.00000
vt 0.00000 1.00000
vt 0.00000 1.00000
vt 0.00000 1.00000
vt 0.00000 1.00000
vt 0.00000 1.00000
vt 0.00000 1.00000
vt 0.00000 1.00000
vt 0.00000 1.00000
vt 0.00000 1.00000
vt 0.00000 1.00000
vt 0.00000 1.00000
vt 0.00000 1.00000
vt 0.00000 1.00000
vt 0.00000 1.00000
vt 0.00000 1.00000
vt 0.00000 1.00000
vt 0.00000 1.00000
vt 0.00000 1.00000
vt 0.00000 1.00000
vt 0.00000 1.00000
vt 0.00000 1.00000
vt 0.00000 1.00000
vt 0.00000 1.00000
vt 0.00000 1.00000
vt 0.00000 1.00000
vt 0.00000 1.00000
vt 0.00000 1.00000
vt 0.00000 1.00000
vt 0.00000 1.00000
vt 0.00000 1.00000
vt 0.00000 1.00000
vt 0.00000 1.00000
vt 0.00000 1.00000
vt 0.00000 1.00000
vt 0.00000 1.00000
vt 0.00000 1.00000
vt 0.00000 1.00000
vt 0.00000 1.00000
vt 0.00000 1.00000
vt 0.00000 1.00000
vt 0.00000 1.00000
vt 0.00000 1.00000
vt 0.00000 1.00000
vt 0.00000 1.00000
vt 0.00000 1.00000
vt 0.00000 1.00000
vt 0.00000 1.00000
vt 0.00000 1.00000
vt 0.00000 1.00000
vt 0.00000 1.00000
vt 0.00000 1.00000
vt 0.00000 1.00000
vt 0.00000 1.00000
vt 0.00000 1.00000
vt 0.00000 1.00000
vt 0.00000 1.00000
vt 0.00000 1.00000
vt 0.00000 1.00000
vt 0.00000 1.00000
vt 0.00000 1.00000
vt 0.00000 1.00000
vt 0.00000 1.00000
vt 0.00000 1.00000
vt 0.00000 1.00000
vt 0.00000 1.00000
vt 0.00000 1.00000
vt 0.00000 1.00000
vt 0.00000 1.00000
vt 0.00000 1.00000
vt 0.00000 1.00000
vt 0.00000 1.00000
vt 0.00000 1.00000
vt 0.00000 1.00000
vt 0.00000 1.00000
vt 0.00000 1.00000
vt 0.00000 1.00000
vt 0.00000 1.00000
vt 0.00000 1.00000
vt 0.00000 1.00000
vt 0.00000 1.00000
vt 0.00000 1.00000
vt 0.00000 1.00000
vt 0.00000 1.00000
vt 0.00000 1.00000
vt 0.00000 1.00000
vt 0.00000 1.00000
vt 0.00000 1.00000
vt 0.00000 1.00000
vt 0.00000 1.00000
vt 0.00000 1.00000
vt 0.00000 1.00000
vt 0.00000 1.00000
vt 0.00000 1.00000
vt 0.00000 1.00000
vt 0.00000 1.00000
vt 0.00000 1.00000
vt 0.00000 1.00000
vt 0.00000 1.00000
vt 0.00000 1.00000
vt 0.00000 1.00000
vt 0.00000 1.00000
vt 0.00000 1.00000
vt 0.00000 1.00000
vt 0.00000 1.00000
vt 0.00000 1.00000
vt 0.00000 1.00000
vt 0.00000 1.00000
vt 0.00000 1.00000
vt 0.00000 1.00000
vt 0.00000 1.00000
vt 0.00000 1.00000
vt 0.00000 1.00000
vt 0.00000 1.00000
vt 0.00000 1.00000
vt 0.00000 1.00000
vt 0.00000 1.00000
vt 0.00000 1.00000
vt 0.00000 1.00000
vt 0.00000 1.00000
vt 0.00000 1.00000
vt 0.00000 1.00000
vt 0.00000 1.00000
vt 0.00000 1.00000
vt 0.00000 1.00000
vt 0.00000 1.00000
vt 0.00000 1.00000
vt 0.00000 1.00000
vt 0.00000 1.00000
vt 0.00000 1.00000
vt 0.00000 1.00000
vt 0.00000 1.00000
vt 0.00000 1.00000
vt 0.00000 1.00000
vt 0.00000 1.00000
vt 0.00000 1.00000
vt 0.00000 1.00000
vt 0.00000 1.00000
vt 0.00000 1.00000
vt 0.00000 1.00000
vt 0.00000 1.00000
vt 0.00000 1.00000
vt 0.00000 1.00000
vt 0.00000 1.00000
vt 0.00000 1.00000
vt 0.00000 1.00000
vt 0.00000 1.00000
vt 0.00000 1.00000
vt 0.00000 1.00000
vt 0.00000 1.00000
vt 0.00000 1.00000
vt 0.00000 1.00000
vt 0.00000 1.00000
vt 0.00000 1.00000
vt 0.00000 1.00000
vt 0.00000 1.00000
vt 0.00000 1.00000
vt 0.00000 1.00000
vt 0.00000 1.00000
vt 0.00000 1.00000
vt 0.00000 1.00000
vt 0.00000 1.00000
vt 0.00000 1.00000
vt 0.00000 1.00000
vt 0.00000 1.00000
vt 0.00000 1.00000
vt 0.00000 1.00000
vt 0.00000 1.00000
vt 0.00000 1.00000
vt 0.00000 1.00000
vt 0.00000 1.00000
vt 0.00000 1.00000
vt 0.00000 1.00000
vt 0.00000 1.00000
vt 0.00000 1.00000
vt 0.00000 1.00000
vt 0.00000 1.00000
vt 0.00000 1.00000
vt 0.00000 1.00000
vt 0.00000 1.00000
vt 0.00000 1.00000
vt 0.00000 1.00000
vt 0.00000 1.00000
vt 0.00000 1.00000
vt 0.00000 1.00000
vt 0.00000 1.00000
vt 0.00000 1.00000
vt 0.00000 1.00000
vt 0.00000 1.00000
vt 0.00000 1.00000
vt 0.00000 1.00000
vt 0.00000 1.00000
vt 0.00000 1.00000
vt 0.00000 1.00000
vt 0.00000 1.00000
vt 0.00000 1.00000
vt 0.00000 1.00000
vt 0.00000 1.00000
vt 0.00000 1.00000
vt 0.00000 1.00000
vt 0.00000 1.00000
vt 0.00000 1.00000
vt 0.00000 1.00000
vt 0.00000 1.00000
vt 0.00000 1.00000
vt 0.00000 1.00000
vt 0.00000 1.00000
vt 0.00000 1.00000
vt 0.00000 1.00000
vt 0.00000 1.00000
vt 0.00000 1.00000
vt 0.00000 1.00000
vt 0.00000 1.00000
vt 0.00000 1.00000
vt 0.00000 1.00000
vt 0.00000 1.00000
vt 0.00000 1.00000
vt 0.00000 1.00000
vt 0.00000 1.00000
vt 0.00000 1.00000
vt 0.00000 1.00000
vt 0.00000 1.00000
vt 0.00000 1.00000
vt 0.00000 1.00000
vt 0.00000 1.00000
vt 0.00000 1.00000
vt 0.00000 1.00000
vt 0.00000 1.00000
vt 0.00000 1.00000
vt 0.00000 1.00000
vt 0.00000 1.00000
vt 0.00000 1.00000
vt 0.00000 1.00000
vt 0.00000 1.00000
vt 0.00000 1.00000
vt 0.00000 1.00000
vt 0.00000 1.00000
vt 0.00000 1.00000
vt 0.00000 1.00000
vt 0.00000 1.00000
vt 0.00000 1.00000
vt 0.00000 1.00000
vt 0.00000 1.00000
vt 0.00000 1.00000
vt 0.00000 1.00000
vt 0.00000 1.00000
vt 0.00000 1.00000
vt 0.00000 1.00000
vt 0.00000 1.00000
vt 0.00000 1.00000
vt 0.00000 1.00000
vt 0.00000 1.00000
vt 0.00000 1.00000
vt 0.00000 1.00000
vt 0.00000 1.00000
vt 0.00000 1.00000
vt 0.00000 1.00000
vt 0.00000 1.00000
vt 0.00000 1.00000
vt 0.00000 1.00000
vt 0.00000 1.00000
vt 0.00000 1.00000
vt 0.00000 1.00000
vt 0.00000 1.00000
vt 0.00000 1.00000
vt 0.00000 1.00000
vt 0.00000 1.00000
vt 0.00000 1.00000
vt 0.00000 1.00000
vt 0.00000 1.00000
vt 0.00000 1.00000
vt 0.00000 1.00000
vt 0.00000 1.00000
vt 0.00000 1.00000
vt 0.00000 1.00000
vt 0.00000 1.00000
vt 0.00000 1.00000
vt 0.00000 1.00000
vt 0.00000 1.00000
vt 0.00000 1.00000
vt 0.00000 1.00000
vt 0.00000 1.00000
vt 0.00000 1.00000
vt 0.00000 1.00000
vt 0.00000 1.00000
vt 0.00000 1.00000
vt 0.00000 1.00000
vt 0.00000 1.00000
vt 0.00000 1.00000
vt 0.00000 1.00000
vt 0.00000 1.00000
vt 0.00000 1.00000
vt 0.00000 1.00000
vt 0.00000 1.00000
vt 0.00000 1.00000
vt 0.00000 1.00000
vt 0.00000 1.00000
vt 0.00000 1.00000
vt 0.00000 1.00000
vt 0.00000 1.00000
vt 0.00000 1.00000
vt 0.00000 1.00000
vt 0.00000 1.00000
vt 0.00000 1.00000
vt 0.00000 1.00000
vt 0.00000 1.00000
vt 0.00000 1.00000
vt 0.00000 1.00000
vt 0.00000 1.00000
vt 0.00000 1.00000
vt 0.00000 1.00000
vt 0.00000 1.00000
vt 0.00000 1.00000
vt 0.00000 1.00000
vt 0.00000 1.00000
vt 0.00000 1.00000
vt 0.00000 1.00000
vt 0.00000 1.00000
vt 0.00000 1.00000
vt 0.00000 1.00000
vt 0.00000 1.00000
vt 0.00000 1.00000
vt 0.00000 1.00000
vt 0.00000 1.00000
vt 0.00000 1.00000
vt 0.00000 1.00000
vt 0.00000 1.00000
vt 0.00000 1.00000
vt 0.00000 1.00000
vt 0.00000 1.00000
vt 0.00000 1.00000
vt 0.00000 1.00000
vt 0.00000 1.00000
vt 0.00000 1.00000
vt 0.00000 1.00000
vt 0.00000 1.00000
vt 0.00000 1.00000
vt 0.00000 1.00000
vt 0.00000 1.00000
vt 0.00000 1.00000
vt 0.00000 1.00000
vt 0.00000 1.00000
vt 0.00000 1.00000
vt 0.00000 1.00000
vt 0.00000 1.00000
vt 0.00000 1.00000
vt 0.00000 1.00000
vt 0.00000 1.00000
vt 0.00000 1.00000
vt 0.00000 1.00000
vt 0.00000 1.00000
vt 0.00000 1.00000
vt 0.00000 1.00000
vt 0.00000 1.00000
vt 0.00000 1.00000
vt 0.00000 1.00000
vt 0.00000 1.00000
vt 0.00000 1.00000
vt 0.00000 1.00000
vt 0.00000 1.00000
vt 0.00000 1.00000
vt 0.00000 1.00000
vt 0.00000 1.00000
vt 0.00000 1.00000
vt 0.00000 1.00000
vt 0.00000 1.00000
vt 0.00000 1.00000
vt 0.00000 1.00000
vt 0.00000 1.00000
vt 0.00000 1.00000
vt 0.00000 1.00000
vt 0.00000 1.00000
vt 0.00000 1.00000
vt 0.00000 1.00000
vt 0.00000 1.00000
vt 0.00000 1.00000
vt 0.00000 1.00000
vt 0.00000 1.00000
usemtl bark
f 1/1 2/2 3/3
f 4/4 5/5 6/6
f 7/7 8/8 9/9
f 10/10 11/11 12/12
f 13/13 14/14 15/15
f 16/16 17/17 18/18
f 19/19 20/20 21/21
f 22/22 23/23 24/24
f 25/25 26/26 27/27
f 28/28 29/29 30/30
f 31/31 32/32 33/33
f 34/34 35/35 36/36
f 37/37 38/38 39/39
f 40/40 41/41 42/42
f 43/43 44/44 45/45
f 46/46 47/47 48/48
f 49/49 50/50 51/51
f 52/52 53/53 54/54
f 55/55 56/56 57/57
f 58/58 59/59 60/60
f 61/61 62/62 63/63
f 64/64 65/65 66/66
f 67/67 68/68 69/69
f 70/70 71/71 72/72
f 73/73 74/74 75/75
f 76/76 77/77 78/78
f 79/79 80/80 81/81
f 82/82 83/83 84/84
f 85/85 86/86 87/87
f 88/88 89/89 90/90
f 91/91 92/92 93/93
f 94/94 95/95 96/96
f 97/97 98/98 99/99
f 100/100 101/101 102/102
f 103/103 104/104 105/105
f 106/106 107/107 108/108
f 109/109 110/110 111/111
f 112/112 113/113 114/114
f 115/115 116/116 117/117
f 118/118 119/119 120/120
f 121/121 122/122 123/123
f 124/124 125/125 126/126
f 127/127 128/128 129/129
f 130/130 131/131 132/132
f 133/133 134/134 135/135
f 136/136 137/137 138/138
f 139/139 140/140 141/141
f 142/142 143/143 144/144
f 145/145 146/146 147/147
f 148/148 149/149 150/150
f 151/151 152/152 153/153
f 154/154 155/155 156/156
f 157/157 158/158 159/159
f 160/160 161/161 162/162
f 163/163 164/164 165/165
f 166/166 167/167 168/168
f 169/169 170/170 171/171
f 172/172 173/173 174/174
f 175/175 176/176 177/177
f 178/178 179/179 180/180
f 181/181 182/182 183/183
f 184/184 185/185 186/186
f 187/187 188/188 189/189
f 190/190 191/191 192/192
f 193/193 194/194 195/195
f 196/196 197/197 198/198
f 199/199 200/200 201/201
f 202/202 203/203 204/204
f 205/205 206/206 207/207
f 208/208 209/209 210/210
f 211/211 212/212 213/213
f 214/214 215/215 216/216
f 217/217 218/218 219/219
f 220/220 221/221 222/222
f 223/223 224/224 225/225
f 226/226 227/227 228/228
f 229/229 230/230 231/231
f 232/232 233/233 234/234
f 235/235 236/236 237/237
f 238/238 239/239 240/240
f 241/241 242/242 243/243
f 244/244 245/245 246/246
f 247/247 248/248 249/249
f 250/250 251/251 252/252
f 253/253 254/254 255/255
f 256/256 257/257 258/258
f 259/259 260/260 261/261
f 262/262 263/263 264/264
f 265/265 266/266 267/267
f 268/268 269/269 270/270
f 271/271 272/272 273/273
f 274/274 275/275 276/276
f 277/277 278/278 279/279
f 280/280 281/281 282/282
f 283/283 284/284 285/285
f 286/286 287/287 288/288
f 289/289 290/290 291/291
f 292/292 293/293 294/294
f 295/295 296/296 297/297
f 298/298 299/299 300/300
f 301/301 302/302 303/303
f 304/304 305/305 306/306
f 307/307 308/308 309/309
f 310/310 311/311 312/312
f 313/313 314/314 315/315
f 316/316 317/317 318/318
f 319/319 320/320 321/321
f 322/322 323/323 324/324
f 325/325 326/326 327/327
f 328/328 329/329 330/330
f 331/331 332/332 333/333
f 334/334 335/335 336/336
f 337/337 338/338 339/339
f 340/340 341/341 342/342
f 343/343 344/344 345/345
f 346/346 347/347 348/348
f 349/349 350/350 351/351
f 352/352 353/353 354/354
f 355/355 356/356 357/357
f 358/358 359/359 360/360
f 361/361 362/362 363/363
f 364/364 365/365 366/366
f 367/367 368/368 369/369
f 370/370 371/371 372/372
f 373/373 374/374 375/375
f 376/376 377/377 378/378
f 379/379 380/380 381/381
f 382/382 383/383 384/384
f 385/385 386/386 387/387
f 388/388 389/389 390/390
f 391/391 392/392 393/393
f 394/394 395/395 396/396
f 397/397 398/398 399/399
f 400/400 401/401 402/402
f 403/403 404/404 405/405
f 406/406 407/407 408/408
f 409/409 410/410 411/411
f 412/412 413/413 414/414
f 415/415 416/416 417/417
f 418/418 419/419 420/420
f 421/421 422/422 423/423
f 424/424 425/425 426/426
f 427/427 428/428 429/429
f 430/430 431/431 432/432
f 433/433 434/434 435/435
f 436/436 437/437 438/438
f 439/439 440/440 441/441
f 442/442 443/443 444/444
f 445/445 446/446 447/447
f 448/448 449/449 450/450
f 451/451 452/452 453/453
f 454/454 455/455 456/456
f 457/457 458/458 459/459
f 460/460 461/461 462/462
f 463/463 464/464 465/465
f 466/466 467/467 468/468
f 469/469 470/470 471/471
f 472/472 473/473 474/474
f 475/475 476/476 477/477
f 478/478 479/479 480/480
f 481/481 482/482 483/483
f 484/484 485/485 486/486
f 487/487 488/488 489/489
f 490/490 491/491 492/492
f 493/493 494/494 495/495
f 496/496 497/497 498/498
f 499/499 500/500 501/501
f 502/502 503/503 504/504
f 505/505 506/506 507/507
f 508/508 509/509 510/510
f 511/511 512/512 513/513
f 514/514 515/515 516/516
f 517/517 518/518 519/519
f 520/520 521/521 522/522
f 523/523 524/524 525/525
f 526/526 527/527 528/528
f 529/529 530/530 531/531
f 532/532 533/533 534/534
f 535/535 536/536 537/537
f 538/538 539/539 540/540
f 541/541 542/542 543/543
f 544/544 545/545 546/546
f 547/547 548/548 549/549
f 550/550 551/551 552/552
f 553/553 554/554 555/555
f 556/556 557/557 558/558
f 559/559 560/560 561/561
f 562/562 563/563 564/564
f 565/565 566/566 567/567
f 568/568 569/569 570/570
f 571/571 572/572 573/573
f 574/574 575/575 576/576
f 577/577 578/578 579/579
f 580/580 581/581 582/582
f 583/583 584/584 585/585
f 586/586 587/587 588/588
f 589/589 590/590 591/591
f 592/592 593/593 594/594
f 595/595 596/596 597/597
f 598/598 599/599 600/600
f 601/601 602/602 603/603
f 604/604 605/605 606/606
f 607/607 608/608 609/609
f 610/610 611/611 612/612
f 613/613 614/614 615/615
f 616/616 617/617 618/618
f 619/619 620/620 621/621
f 622/622 623/623 624/624
f 625/625 626/626 627/627
f 628/628 629/629 630/630
f 631/631 632/632 633/633
f 634/634 635/635 636/636
f 637/637 638/638 639/639
f 640/640 641/641 642/642
f 643/643 644/644 645/645
f 646/646 647/647 648/648
f 649/649 650/650 651/651
f 652/652 653/653 654/654
f 655/655 656/656 657/657
f 658/658 659/659 660/660
f 661/661 662/662 663/663
f 664/664 665/665 666/666
f 667/667 668/668 669/669
f 670/670 671/671 672/672
f 673/673 674/674 675/675
f 676/676 677/677 678/678
f 679/679 680/680 681/681
f 682/682 683/683 684/684
f 685/685 686/686 687/687
f 688/688 689/689 690/690
f 691/691 692/692 693/693
f 694/694 695/695 696/696
f 697/697 698/698 699/699
f 700/700 701/701 702/702
f 703/703 704/704 705/705
f 706/706 707/707 708/708
f 709/709 710/710 711/711
f 712/712 713/713 714/714
f 715/715 716/716 717/717
f 718/718 719/719 720/720
f 721/721 722/722 723/723
f 724/724 725/725 726/726
f 727/727 728/728 729/729
f 730/730 731/731 732/732
f 733/733 734/734 735/735
f 736/736 737/737 738/738
f 739/739 740/740 741/741
f 742/742 743/743 744/744
f 745/745 746/746 747/747
f 748/748 749/749 750/750
f 751/751 752/752 753/753
f 754/754 755/755 756/756
f 757/757 758/758 759/759
f 760/760 761/761 762/762
f 763/763 764/764 765/765
f 766/766 767/767 768/768
f 769/769 770/770 771/771
f 772/772 773/773 774/774
f 775/775 776/776 777/777
f 778/778 779/779 780/780
f 781/781 782/782 783/783
f 784/784 785/785 786/786
f 787/787 788/788 789/789
f 790/790 791/791 792/792
f 793/793 794/794 795/795
f 796/796 797/797 798/798
f 799/799 800/800 801/801
f 802/802 803/803 804/804
f 805/805 806/806 807/807
f 808/808 809/809 810/810
f 811/811 812/812 813/813
f 814/814 815/815 816/816
f 817/817 818/818 819/819
f 820/820 821/821 822/822
f 823/823 824/824 825/825
f 826/826 827/827 828/828
f 829/829 830/830 831/831
f 832/832 833/833 834/834
f 835/835 836/836 837/837
f 838/838 839/839 840/840
f 841/841 842/842 843/843
f 844/844 845/845 846/846
f 847/847 848/848 849/849
f 850/850 851/851 852/852
f 853/853 854/854 855/855
f 856/856 857/857 858/858
f 859/859 860/860 861/861
f 862/862 863/863 864/864
f 865/865 866/866 867/867
f 868/868 869/869 870/870
f 871/871 872/872 873/873
f 874/874 875/875 876/876
f 877/877 878/878 879/879
f 880/880 881/881 882/882
f 883/883 884/884 885/885
f 886/886 887/887 888/888
f 889/889 890/890 891/891
f 892/892 893/893 894/894
f 895/895 896/896 897/897
f 898/898 899/899 900/900
f 901/901 902/902 903/903
f 904/904 905/905 906/906
f 907/907 908/908 909/909
f 910/910 911/911 912/912
f 913/913 914/914 915/915
f 916/916 917/917 918/918
f 919/919 920/920 921/921
f 922/922 923/923 924/924
f 925/925 926/926 927/927
f 928/928 929/929 930/930
f 931/931 932/932 933/933
f 934/934 935/935 936/936
f 937/937 938/938 939/939
f 940/940 941/941 942/942
f 943/943 944/944 945/945
f 946/946 947/947 948/948
f 949/949 950/950 951/951
f 952/952 953/953 954/954
f 955/955 956/956 957/957
f 958/958 959/959 960/960
f 961/961 962/962 963/963
f 964/964 965/965 966/966
f 967/967 968/968 969/969
f 970/970 971/971 972/972
f 973/973 974/974 975/975
f 976/976 977/977 978/978
f 979/979 980/980 981/981
f 982/982 983/983 984/984
f 985/985 986/986 987/987
f 988/988 989/989 990/990
f 991/991 992/992 993/993
f 994/994 995/995 996/996
f 997/997 998/998 999/999
f 1000/1000 1001/1001 1002/1002
f 1003/1003 1004/1004 1005/1005
f 1006/1006 1007/1007 1008/1008
f 1009/1009 1010/1010 1011/1011
f 1012/1012 1013/1013 1014/1014
f 1015/1015 1016/1016 1017/1017
f 1018/1018 1019/1019 1020/1020
f 1021/1021 1022/1022 1023/1023
f 1024/1024 1025/1025 1026/1026
f 1027/1027 1028/1028 1029/1029
f 1030/1030 1031/1031 1032/1032
f 1033/1033 1034/1034 1035/1035
f 1036/1036 1037/1037 1038/1038
f 1039/1039 1040/1040 1041/1041
f 1042/1042 1043/1043 1044/1044
f 1045/1045 1046/1046 1047/1047
f 1048/1048 1049/1049 1050/1050
f 1051/1051 1052/1052 1053/1053
f 1054/1054 1055/1055 1056/1056
f 1057/1057 1058/1058 1059/1059
f 1060/1060 1061/1061 1062/1062
f 1063/1063 1064/1064 1065/1065
f 1066/1066 1067/1067 1068/1068
f 1069/1069 1070/1070 1071/1071
f 1072/1072 1073/1073 1074/1074
f 1075/1075 1076/1076 1077/1077
f 1078/1078 1079/1079 1080/1080
f 1081/1081 1082/1082 1083/1083
f 1084/1084 1085/1085 1086/1086
f 1087/1087 1088/1088 1089/1089
f 1090/1090 1091/1091 1092/1092
f 1093/1093 1094/1094 1095/1095
f 1096/1096 1097/1097 1098/1098
f 1099/1099 1100/1100 1101/1101
f 1102/1102 1103/1103 1104/1104
f 1105/1105 1106/1106 1107/1107
f 1108/1108 1109/1109 1110/1110
f 1111/1111 1112/1112 1113/1113
f 1114/1114 1115/1115 1116/1116
f 1117/1117 1118/1118 1119/1119
f 1120/1120 1121/1121 1122/1122
f 1123/1123 1124/1124 1125/1125
f 1126/1126 1127/1127 1128/1128
f 1129/1129 1130/1130 1131/1131
f 1132/1132 1133/1133 1134/1134
f 1135/1135 1136/1136 1137/1137
f 1138/1138 1139/1139 1140/1140
f 1141/1141 1142/1142 1143/1143
f 1144/1144 1145/1145 1146/1146
f 1147/1147 1148/1148 1149/1149
f 1150/1150 1151/1151 1152/1152
f 1153/1153 1154/1154 1155/1155
f 1156/1156 1157/1157 1158/1158
f 1159/1159 1160/1160 1161/1161
f 1162/1162 1163/1163 1164/1164
f 1165/1165 1166/1166 1167/1167
f 1168/1168 1169/1169 1170/1170
f 1171/1171 1172/1172 1173/1173
f 1174/1174 1175/1175 1176/1176
f 1177/1177 1178/1178 1179/1179
f 1180/1180 1181/1181 1182/1182
f 1183/1183 1184/1184 1185/1185
f 1186/1186 1187/1187 1188/1188
f 1189/1189 1190/1190 1191/1191
f 1192/1192 1193/1193 1194/1194
f 1195/1195 1196/1196 1197/1197
f 1198/1198 1199/1199 1200/1200
f 1201/1201 1202/1202 1203/1203
f 1204/1204 1205/1205 1206/1206
f 1207/1207 1208/1208 1209/1209
f 1210/1210 1211/1211 1212/1212
f 1213/1213 1214/1214 1215/1215
f 1216/1216 1217/1217 1218/1218
f 1219/1219 1220/1220 1221/1221
f 1222/1222 1223/1223 1224/1224
f 1225/1225 1226/1226 1227/1227
f 1228/1228 1229/1229 1230/1230
f 1231/1231 1232/1232 1233/1233
f 1234/1234 1235/1235 1236/1236
f 1237/1237 1238/1238 1239/1239
f 1240/1240 1241/1241 1242/1242
f 1243/1243 1244/1244 1245/1245
f 1246/1246 1247/1247 1248/1248
f 1249/1249 1250/1250 1251/1251
f 1252/1252 1253/1253 1254/1254
f 1255/1255 1256/1256 1257/1257
f 1258/1258 1259/1259 1260/1260
f 1261/1261 1262/1262 1263/1263
f 1264/1264 1265/1265 1266/1266
f 1267/1267 1268/1268 1269/1269
f 1270/1270 1271/1271 1272/1272
f 1273/1273 1274/1274 1275/1275
f 1276/1276 1277/1277 1278/1278
f 1279/1279 1280/1280 1281/1281
f 1282/1282 1283/1283 1284/1284
f 1285/1285 1286/1286 1287/1287
f 1288/1288 1289/1289 1290/1290
f 1291/1291 1292/1292 1293/1293
f 1294/1294 1295/1295 1296/1296
f 1297/1297 1298/1298 1299/1299
f 1300/1300 1301/1301 1302/1302
f 1303/1303 1304/1304 1305/1305
f 1306/1306 1307/1307 1308/1308
f 1309/1309 1310/1310 1311/1311
f 1312/1312 1313/1313 1314/1314
f 1315/1315 1316/1316 1317/1317
f 1318/1318 1319/1319 1320/1320
f 1321/1321 1322/1322 1323/1323
f 1324/1324 1325/1325 1326/1326
f 1327/1327 1328/1328 1329/1329
f 1330/1330 1331/1331 1332/1332
f 1333/1333 1334/1334 1335/1335
f 1336/1336 1337/1337 1338/1338
f 1339/1339 1340/1340 1341/1341
f 1342/1342 1343/1343 1344/1344
f 1345/1345 1346/1346 1347/1347
f 1348/1348 1349/1349 1350/1350
f 1351/1351 1352/1352 1353/1353
f 1354/1354 1355/1355 1356/1356
f 1357/1357 1358/1358 1359/1359
f 1360/1360 1361/1361 1362/1362
f 1363/1363 1364/1364 1365/1365
f 1366/1366 1367/1367 1368/1368
f 1369/1369 1370/1370 1371/1371
f 1372/1372 1373/1373 1374/1374
f 1375/1375 1376/1376 1377/1377
f 1378/1378 1379/1379 1380/1380
f 1381/1381 1382/1382 1383/1383
f 1384/1384 1385/1385 1386/1386
f 1387/1387 1388/1388 1389/1389
f 1390/1390 1391/1391 1392/1392
f 1393/1393 1394/1394 1395/1395
f 1396/1396 1397/1397 1398/1398
f 1399/1399 1400/1400 1401/1401
f 1402/1402 1403/1403 1404/1404
f 1405/1405 1406/1406 1407/1407
f 1408/1408 1409/1409 1410/1410
f 1411/1411 1412/1412 1413/1413
f 1414/1414 1415/1415 1416/1416
f 1417/1417 1418/1418 1419/1419
f 1420/1420 1421/1421 1422/1422
f 1423/1423 1424/1424 1425/1425
f 1426/1426 1427/1427 1428/1428
f 1429/1429 1430/1430 1431/1431
f 1432/1432 1433/1433 1434/1434
f 1435/1435 1436/1436 1437/1437
f 1438/1438 1439/1439 1440/1440
f 1441/1441 1442/1442 1443/1443
f 1444/1444 1445/1445 1446/1446
f 1447/1447 1448/1448 1449/1449
f 1450/1450 1451/1451 1452/1452
f 1453/1453 1454/1454 1455/1455
f 1456/1456 1457/1457 1458/1458
f 1459/1459 1460/1460 1461/1461
f 1462/1462 1463/1463 1464/1464
f 1465/1465 1466/1466 1467/1467
f 1468/1468 1469/1469 1470/1470
f 1471/1471 1472/1472 1473/1473
f 1474/1474 1475/1475 1476/1476
f 1477/1477 1478/1478 1479/1479
f 1480/1480 1481/1481 1482/1482
f 1483/1483 1484/1484 1485/1485
f 1486/1486 1487/1487 1488/1488
f 1489/1489 1490/1490 1491/1491
f 1492/1492 1493/1493 1494/1494
f 1495/1495 1496/1496 1497/1497
f 1498/1498 1499/1499 1500/1500
f 1501/1501 1502/1502 1503/1503
f 1504/1504 1505/1505 1506/1506
f 1507/1507 1508/1508 1509/1509
f 1510/1510 1511/1511 1512/1512
f 1513/1513 1514/1514 1515/1515
f 1516/1516 1517/1517 1518/1518
f 1519/1519 1520/1520 1521/1521
f 1522/1522 1523/1523 1524/1524
f 1525/1525 1526/1526 1527/1527
f 1528/1528 1529/1529 1530/1530
f 1531/1531 1532/1532 1533/1533
f 1534/1534 1535/1535 1536/1536
f 1537/1537 1538/1538 1539/1539
f 1540/1540 1541/1541 1542/1542
f 1543/1543 1544/1544 1545/1545
f 1546/1546 1547/1547 1548/1548
f 1549/1549 1550/1550 1551/1551
f 1552/1552 1553/1553 1554/1554
f 1555/1555 1556/1556 1557/1557
f 1558/1558 1559/1559 1560/1560
f 1561/1561 1562/1562 1563/1563
f 1564/1564 1565/1565 1566/1566
f 1567/1567 1568/1568 1569/1569
f 1570/1570 1571/1571 1572/1572
f 1573/1573 1574/1574 1575/1575
f 1576/1576 1577/1577 1578/1578
f 1579/1579 1580/1580 1581/1581
f 1582/1582 1583/1583 1584/1584
f 1585/1585 1586/1586 1587/1587
f 1588/1588 1589/1589 1590/1590
f 1591/1591 1592/1592 1593/1593
f 1594/1594 1595/1595 1596/1596
f 1597/1597 1598/1598 1599/1599
f 1600/1600 1601/1601 1602/1602
f 1603/1603 1604/1604 1605/1605
f 1606/1606 1607/1607 1608/1608
v -44.8995 21.7407 -33.9060
v -43.8913 21.7922 -33.7978
v -44.6539 24.3195 -32.6584
v -43.8913 21.7922 -33.7978
v -43.3638 21.8363 -31.9980
v -44.6539 24.3195 -32.6584
v -43.3638 21.8363 -31.9980
v -45.1617 21.7516 -31.4690
v -44.6539 24.3195 -32.6584
v -45.1617 21.7516 -31.4690
v -45.6892 21.7075 -33.2688
v -44.6539 24.3195 -32.6584
v -45.6892 21.7075 -33.2688
v -44.8995 21.7407 -33.9060
v -44.6539 24.3195 -32.6584
v -44.8995 21.7407 -33.9060
v -43.3638 21.8363 -31.9980
v -43.8913 21.7922 -33.7978
v -44.8995 21.7407 -33.9060
v -45.1617 21.7516 -31.4690
v -43.3638 21.8363 -31.9980
v -44.8995 21.7407 -33.9060
v -45.6892 21.7075 -33.2688
v -45.1617 21.7516 -31.4690
v -44.8843 23.0212 -33.6493
v -43.5879 23.0930 -32.9408
v -44.7176 25.5934 -32.6709
v -43.5879 23.0930 -32.9408
v -44.2961 23.0703 -31.6425
v -44.7176 25.5934 -32.6709
v -44.2961 23.0703 -31.6425
v -45.5925 22.9985 -32.3510
v -44.7176 25.5934 -32.6709
v -45.5925 22.9985 -32.3510
v -44.8843 23.0212 -33.6493
v -44.7176 25.5934 -32.6709
v -44.8843 23.0212 -33.6493
v -44.2961 23.0703 -31.6425
v -43.5879 23.0930 -32.9408
v -44.8843 23.0212 -33.6493
v -45.5925 22.9985 -32.3510
v -44.2961 23.0703 -31.6425
v -44.2996 24.3309 -33.3079
v -44.0054 24.3555 -32.3040
v -44.7813 26.8672 -32.6834
v -44.0054 24.3555 -32.3040
v -45.0082 24.3082 -32.0089
v -44.7813 26.8672 -32.6834
v -45.0082 24.3082 -32.0089
v -45.3024 24.2836 -33.0128
v -44.7813 26.8672 -32.6834
v -45.3024 24.2836 -33.0128
v -44.2996 24.3309 -33.3079
v -44.7813 26.8672 -32.6834
v -44.2996 24.3309 -33.3079
v -45.0082 24.3082 -32.0089
v -44.0054 24.3555 -32.3040
v -44.2996 24.3309 -33.3079
v -45.3024 24.2836 -33.0128
v -45.0082 24.3082 -32.0089
v -25.3302 21.3669 -13.6585
v -24.9480 21.3874 -14.4879
v -23.9198 23.5261 -13.4582
v -24.9480 21.3874 -14.4879
v -23.2697 21.2186 -14.4300
v -23.9198 23.5261 -13.4582
v -23.2697 21.2186 -14.4300
v -23.3389 21.1077 -12.7473
v -23.9198 23.5261 -13.4582
v -23.3389 21.1077 -12.7473
v -25.0172 21.2765 -12.8052
v -23.9198 23.5261 -13.4582
v -25.0172 21.2765 -12.8052
v -25.3302 21.3669 -13.6585
v -23.9198 23.5261 -13.4582
v -25.3302 21.3669 -13.6585
v -23.2697 21.2186 -14.4300
v -24.9480 21.3874 -14.4879
v -25.3302 21.3669 -13.6585
v -23.3389 21.1077 -12.7473
v -23.2697 21.2186 -14.4300
v -25.3302 21.3669 -13.6585
v -25.0172 21.2765 -12.8052
v -23.3389 21.1077 -12.7473
v -24.9673 22.4809 -13.5702
v -23.9930 22.4486 -14.4760
v -23.8080 24.6654 -13.3785
v -23.9930 22.4486 -14.4760
v -23.0959 22.2927 -13.5056
v -23.8080 24.6654 -13.3785
v -23.0959 22.2927 -13.5056
v -24.0702 22.3250 -12.5997
v -23.8080 24.6654 -13.3785
v -24.0702 22.3250 -12.5997
v -24.9673 22.4809 -13.5702
v -23.8080 24.6654 -13.3785
v -24.9673 22.4809 -13.5702
v -23.0959 22.2927 -13.5056
v -23.9930 22.4486 -14.4760
v -24.9673 22.4809 -13.5702
v -24.0702 22.3250 -12.5997
v -23.0959 22.2927 -13.5056
v -24.3686 23.6041 -13.9437
v -23.4324 23.5100 -13.9114
v -23.6961 25.8047 -13.2988
v -23.4324 23.5100 -13.9114
v -23.4710 23.4481 -12.9727
v -23.6961 25.8047 -13.2988
v -23.4710 23.4481 -12.9727
v -24.4072 23.5422 -13.0051
v -23.6961 25.8047 -13.2988
v -24.4072 23.5422 -13.0051
v -24.3686 23.6041 -13.9437
v -23.6961 25.8047 -13.2988
v -24.3686 23.6041 -13.9437
v -23.4710 23.4481 -12.9727
v -23.4324 23.5100 -13.9114
v -24.3686 23.6041 -13.9437
v -24.4072 23.5422 -13.0051
v -23.4710 23.4481 -12.9727
v -26.0356 22.0974 -20.2677
v -27.0488 21.9942 -19.4768
v -27.7937 25.1975 -21.0642
v -27.0488 21.9942 -19.4768
v -29.1116 21.8163 -20.6559
v -27.7937 25.1975 -21.0642
v -29.1116 21.8163 -20.6559
v -27.9397 21.9490 -22.7262
v -27.7937 25.1975 -21.0642
v -27.9397 21.9490 -22.7262
v -25.8769 22.1269 -21.5470
v -27.7937 25.1975 -21.0642
v -25.8769 22.1269 -21.5470
v -26.0356 22.0974 -20.2677
v -27.7937 25.1975 -21.0642
v -26.0356 22.0974 -20.2677
v -29.1116 21.8163 -20.6559
v -27.0488 21.9942 -19.4768
v -26.0356 22.0974 -20.2677
v -27.9397 21.9490 -22.7262
v -29.1116 21.8163 -20.6559
v -26.0356 22.0974 -20.2677
v -25.8769 22.1269 -21.5470
v -27.9397 21.9490 -22.7262
v -26.4939 23.6837 -20.4254
v -28.2973 23.5106 -19.9286
v -27.9434 26.8104 -21.0456
v -28.2973 23.5106 -19.9286
v -28.7940 23.4854 -21.7402
v -27.9434 26.8104 -21.0456
v -28.7940 23.4854 -21.7402
v -26.9906 23.6585 -22.2370
v -27.9434 26.8104 -21.0456
v -26.9906 23.6585 -22.2370
v -26.4939 23.6837 -20.4254
v -27.9434 26.8104 -21.0456
v -26.4939 23.6837 -20.4254
v -28.7940 23.4854 -21.7402
v -28.2973 23.5106 -19.9286
v -26.4939 23.6837 -20.4254
v -26.9906 23.6585 -22.2370
v -28.7940 23.4854 -21.7402
v -27.5452 25.2101 -20.1580
v -28.6959 25.1109 -20.8157
v -28.0932 28.4234 -21.0269
v -28.6959 25.1109 -20.8157
v -28.0421 25.1849 -21.9704
v -28.0932 28.4234 -21.0269
v -28.0421 25.1849 -21.9704
v -26.8915 25.2841 -21.3127
v -28.0932 28.4234 -21.0269
v -26.8915 25.2841 -21.3127
v -27.5452 25.2101 -20.1580
v -28.0932 28.4234 -21.0269
v -27.5452 25.2101 -20.1580
v -28.0421 25.1849 -21.9704
v -28.6959 25.1109 -20.8157
v -27.5452 25.2101 -20.1580
v -26.8915 25.2841 -21.3127
v -28.0421 25.1849 -21.9704
v -40.4194 19.7456 -9.2234
v -39.6512 19.8584 -9.5603
v -39.8897 21.9152 -8.3524
v -39.6512 19.8584 -9.5603
v -38.5285 19.9458 -8.4749
v -39.8897 21.9152 -8.3524
v -38.5285 19.9458 -8.4749
v -39.6001 19.7564 -7.3514
v -39.8897 21.9152 -8.3524
v -39.6001 19.7564 -7.3514
v -40.7227 19.6690 -8.4369
v -39.8897 21.9152 -8.3524
v -40.7227 19.6690 -8.4369
v -40.4194 19.7456 -9.2234
v -39.8897 21.9152 -8.3524
v -40.4194 19.7456 -9.2234
v -38.5285 19.9458 -8.4749
v -39.6512 19.8584 -9.5603
v -40.4194 19.7456 -9.2234
v -39.6001 19.7564 -7.3514
v -38.5285 19.9458 -8.4749
v -40.4194 19.7456 -9.2234
v -40.7227 19.6690 -8.4369
v -39.6001 19.7564 -7.3514
v -40.3835 20.8126 -9.0093
v -39.1602 20.9669 -9.0305
v -40.0217 22.9691 -8.3007
v -39.1602 20.9669 -9.0305
v -39.1317 20.9100 -7.7990
v -40.0217 22.9691 -8.3007
v -39.1317 20.9100 -7.7990
v -40.3550 20.7557 -7.7778
v -40.0217 22.9691 -8.3007
v -40.3550 20.7557 -7.7778
v -40.3835 20.8126 -9.0093
v -40.0217 22.9691 -8.3007
v -40.3835 20.8126 -9.0093
v -39.1317 20.9100 -7.7990
v -39.1602 20.9669 -9.0305
v -40.3835 20.8126 -9.0093
v -40.3550 20.7557 -7.7778
v -39.1317 20.9100 -7.7990
v -39.9039 21.9436 -8.9685
v -39.2777 21.9923 -8.3630
v -40.1537 24.0229 -8.2490
v -39.2777 21.9923 -8.3630
v -39.8754 21.8867 -7.7364
v -40.1537 24.0229 -8.2490
v -39.8754 21.8867 -7.7364
v -40.5016 21.8380 -8.3418
v -40.1537 24.0229 -8.2490
v -40.5016 21.8380 -8.3418
v -39.9039 21.9436 -8.9685
v -40.1537 24.0229 -8.2490
v -39.9039 21.9436 -8.9685
v -39.8754 21.8867 -7.7364
v -39.2777 21.9923 -8.3630
v -39.9039 21.9436 -8.9685
v -40.5016 21.8380 -8.3418
v -39.8754 21.8867 -7.7364
v 9.4387 23.3106 -14.7008
v 8.6539 23.2800 -15.4938
v 9.9474 26.1000 -16.0974
v 8.6539 23.2800 -15.4938
v 9.4532 23.2605 -17.3947
v 9.9474 26.1000 -16.0974
v 9.4532 23.2605 -17.3947
v 11.3538 23.3137 -16.5961
v 9.9474 26.1000 -16.0974
v 11.3538 23.3137 -16.5961
v 10.5545 23.3332 -14.6952
v 9.9474 26.1000 -16.0974
v 10.5545 23.3332 -14.6952
v 9.4387 23.3106 -14.7008
v 9.9474 26.1000 -16.0974
v 9.4387 23.3106 -14.7008
v 9.4532 23.2605 -17.3947
v 8.6539 23.2800 -15.4938
v 9.4387 23.3106 -14.7008
v 11.3538 23.3137 -16.5961
v 9.4532 23.2605 -17.3947
v 9.4387 23.3106 -14.7008
v 10.5545 23.3332 -14.6952
v 11.3538 23.3137 -16.5961
v 9.5300 24.7093 -15.0114
v 8.9160 24.6688 -16.5164
v 9.9192 27.5016 -16.1236
v 8.9160 24.6688 -16.5164
v 10.4213 24.6876 -17.1310
v 9.9192 27.5016 -16.1236
v 10.4213 24.6876 -17.1310
v 11.0352 24.7281 -15.6259
v 9.9192 27.5016 -16.1236
v 11.0352 24.7281 -15.6259
v 9.5300 24.7093 -15.0114
v 9.9192 27.5016 -16.1236
v 9.5300 24.7093 -15.0114
v 10.4213 24.6876 -17.1310
v 8.9160 24.6688 -16.5164
v 9.5300 24.7093 -15.0114
v 11.0352 24.7281 -15.6259
v 10.4213 24.6876 -17.1310
v 9.1944 26.0906 -15.7900
v 9.6403 26.0797 -16.8503
v 9.8910 28.9031 -16.1498
v 9.6403 26.0797 -16.8503
v 10.7004 26.1094 -16.4048
v 9.8910 28.9031 -16.1498
v 10.7004 26.1094 -16.4048
v 10.2545 26.1203 -15.3445
v 9.8910 28.9031 -16.1498
v 10.2545 26.1203 -15.3445
v 9.1944 26.0906 -15.7900
v 9.8910 28.9031 -16.1498
v 9.1944 26.0906 -15.7900
v 10.7004 26.1094 -16.4048
v 9.6403 26.0797 -16.8503
v 9.1944 26.0906 -15.7900
v 10.2545 26.1203 -15.3445
v 10.7004 26.1094 -16.4048
v -33.9359 19.6973 -3.8777
v -34.5616 19.7047 -3.2433
v -34.9449 21.9763 -4.2736
v -34.5616 19.7047 -3.2433
v -36.0862 19.7633 -3.8625
v -34.9449 21.9763 -4.2736
v -36.0862 19.7633 -3.8625
v -35.4663 19.7728 -5.3879
v -34.9449 21.9763 -4.2736
v -35.4663 19.7728 -5.3879
v -33.9417 19.7141 -4.7687
v -34.9449 21.9763 -4.2736
v -33.9417 19.7141 -4.7687
v -33.9359 19.6973 -3.8777
v -34.9449 21.9763 -4.2736
v -33.9359 19.6973 -3.8777
v -36.0862 19.7633 -3.8625
v -34.5616 19.7047 -3.2433
v -33.9359 19.6973 -3.8777
v -35.4663 19.7728 -5.3879
v -36.0862 19.7633 -3.8625
v -33.9359 19.6973 -3.8777
v -33.9417 19.7141 -4.7687
v -35.4663 19.7728 -5.3879
v -34.1294 20.8248 -3.9494
v -35.3250 20.8522 -3.4441
v -34.9104 23.0951 -4.2526
v -35.3250 20.8522 -3.4441
v -35.8294 20.8902 -4.6398
v -34.9104 23.0951 -4.2526
v -35.8294 20.8902 -4.6398
v -34.6338 20.8628 -5.1450
v -34.9104 23.0951 -4.2526
v -34.6338 20.8628 -5.1450
v -34.1294 20.8248 -3.9494
v -34.9104 23.0951 -4.2526
v -34.1294 20.8248 -3.9494
v -35.8294 20.8902 -4.6398
v -35.3250 20.8522 -3.4441
v -34.1294 20.8248 -3.9494
v -34.6338 20.8628 -5.1450
v -35.8294 20.8902 -4.6398
v -34.6926 21.9573 -3.6755
v -35.5430 21.9900 -4.0209
v -34.8759 24.2138 -4.2316
v -35.5430 21.9900 -4.0209
v -35.1972 21.9953 -4.8717
v -34.8759 24.2138 -4.2316
v -35.1972 21.9953 -4.8717
v -34.3468 21.9626 -4.5263
v -34.8759 24.2138 -4.2316
v -34.3468 21.9626 -4.5263
v -34.6926 21.9573 -3.6755
v -34.8759 24.2138 -4.2316
v -34.6926 21.9573 -3.6755
v -35.1972 21.9953 -4.8717
v -35.5430 21.9900 -4.0209
v -34.6926 21.9573 -3.6755
v -34.3468 21.9626 -4.5263
v -35.1972 21.9953 -4.8717
v 3.6756 23.4691 -21.3808
v 3.6640 23.5015 -22.2550
v 4.7935 25.6488 -21.7524
v 3.6640 23.5015 -22.2550
v 5.1485 23.4789 -22.8945
v 4.7935 25.6488 -21.7524
v 5.1485 23.4789 -22.8945
v 5.7865 23.4046 -21.4110
v 4.7935 25.6488 -21.7524
v 5.7865 23.4046 -21.4110
v 4.3020 23.4272 -20.7715
v 4.7935 25.6488 -21.7524
v 4.3020 23.4272 -20.7715
v 3.6756 23.4691 -21.3808
v 4.7935 25.6488 -21.7524
v 3.6756 23.4691 -21.3808
v 5.1485 23.4789 -22.8945
v 3.6640 23.5015 -22.2550
v 3.6756 23.4691 -21.3808
v 5.7865 23.4046 -21.4110
v 5.1485 23.4789 -22.8945
v 3.6756 23.4691 -21.3808
v 4.3020 23.4272 -20.7715
v 5.7865 23.4046 -21.4110
v 3.9317 24.5635 -21.4361
v 4.4037 24.5923 -22.6198
v 4.8275 26.7466 -21.7120
v 4.4037 24.5923 -22.6198
v 5.5870 24.5383 -22.1492
v 4.8275 26.7466 -21.7120
v 5.5870 24.5383 -22.1492
v 5.1151 24.5095 -20.9656
v 4.8275 26.7466 -21.7120
v 5.1151 24.5095 -20.9656
v 3.9317 24.5635 -21.4361
v 4.8275 26.7466 -21.7120
v 3.9317 24.5635 -21.4361
v 5.5870 24.5383 -22.1492
v 4.4037 24.5923 -22.6198
v 3.9317 24.5635 -21.4361
v 5.1151 24.5095 -20.9656
v 5.5870 24.5383 -22.1492
v 4.2015 25.6758 -21.9877
v 5.0295 25.6632 -22.3445
v 4.8616 27.8445 -21.6717
v 5.0295 25.6632 -22.3445
v 5.3854 25.6217 -21.5170
v 4.8616 27.8445 -21.6717
v 5.3854 25.6217 -21.5170
v 4.5573 25.6343 -21.1602
v 4.8616 27.8445 -21.6717
v 4.5573 25.6343 -21.1602
v 4.2015 25.6758 -21.9877
v 4.8616 27.8445 -21.6717
v 4.2015 25.6758 -21.9877
v 5.3854 25.6217 -21.5170
v 5.0295 25.6632 -22.3445
v 4.2015 25.6758 -21.9877
v 4.5573 25.6343 -21.1602
v 5.3854 25.6217 -21.5170
v -2.2318 22.7874 -8.3800
v -2.9154 22.9081 -9.4091
v -1.0078 25.8561 -9.5818
v -2.9154 22.9081 -9.4091
v -1.6436 22.8658 -11.3176
v -1.0078 25.8561 -9.5818
v -1.6436 22.8658 -11.3176
v 0.2503 22.6069 -10.0497
v -1.0078 25.8561 -9.5818
v 0.2503 22.6069 -10.0497
v -1.0215 22.6492 -8.1413
v -1.0078 25.8561 -9.5818
v -1.0215 22.6492 -8.1413
v -2.2318 22.7874 -8.3800
v -1.0078 25.8561 -9.5818
v -2.2318 22.7874 -8.3800
v -1.6436 22.8658 -11.3176
v -2.9154 22.9081 -9.4091
v -2.2318 22.7874 -8.3800
v 0.2503 22.6069 -10.0497
v -1.6436 22.8658 -11.3176
v -2.2318 22.7874 -8.3800
v -1.0215 22.6492 -8.1413
v 0.2503 22.6069 -10.0497
v -1.8792 24.3304 -8.5916
v -2.2261 24.4511 -10.3625
v -0.8455 27.4054 -9.5079
v -2.2261 24.4511 -10.3625
v -0.4611 24.2832 -10.7196
v -0.8455 27.4054 -9.5079
v -0.4611 24.2832 -10.7196
v -0.1143 24.1625 -8.9487
v -0.8455 27.4054 -9.5079
v -0.1143 24.1625 -8.9487
v -1.8792 24.3304 -8.5916
v -0.8455 27.4054 -9.5079
v -1.8792 24.3304 -8.5916
v -0.4611 24.2832 -10.7196
v -2.2261 24.4511 -10.3625
v -1.8792 24.3304 -8.5916
v -0.1143 24.1625 -8.9487
v -0.4611 24.2832 -10.7196
v -1.8908 25.9401 -9.4031
v -1.1814 25.9165 -10.4676
v -0.6832 28.9548 -9.4341
v -1.1814 25.9165 -10.4676
v -0.1249 25.7721 -9.7604
v -0.6832 28.9548 -9.4341
v -0.1249 25.7721 -9.7604
v -0.8344 25.7957 -8.6959
v -0.6832 28.9548 -9.4341
v -0.8344 25.7957 -8.6959
v -1.8908 25.9401 -9.4031
v -0.6832 28.9548 -9.4341
v -1.8908 25.9401 -9.4031
v -0.1249 25.7721 -9.7604
v -1.1814 25.9165 -10.4676
v -1.8908 25.9401 -9.4031
v -0.8344 25.7957 -8.6959
v -0.1249 25.7721 -9.7604
v -9.4919 17.2375 30.3642
v -9.2284 17.2305 31.0915
v -10.3377 19.1197 31.1001
v -9.2284 17.2305 31.0915
v -10.2818 17.1484 32.0543
v -10.3377 19.1197 31.1001
v -10.2818 17.1484 32.0543
v -11.2452 17.1283 30.9985
v -10.3377 19.1197 31.1001
v -11.2452 17.1283 30.9985
v -10.1918 17.2104 30.0357
v -10.3377 19.1197 31.1001
v -10.1918 17.2104 30.0357
v -9.4919 17.2375 30.3642
v -10.3377 19.1197 31.1001
v -9.4919 17.2375 30.3642
v -10.2818 17.1484 32.0543
v -9.2284 17.2305 31.0915
v -9.4919 17.2375 30.3642
v -11.2452 17.1283 30.9985
v -10.2818 17.1484 32.0543
v -9.4919 17.2375 30.3642
v -10.1918 17.2104 30.0357
v -11.2452 17.1283 30.9985
v -9.7000 18.1954 30.5358
v -9.7501 18.1608 31.6612
v -10.3881 20.0899 31.1277
v -9.7501 18.1608 31.6612
v -10.8745 18.1038 31.6093
v -10.3881 20.0899 31.1277
v -10.8745 18.1038 31.6093
v -10.8244 18.1384 30.4839
v -10.3881 20.0899 31.1277
v -10.8244 18.1384 30.4839
v -9.7000 18.1954 30.5358
v -10.3881 20.0899 31.1277
v -9.7000 18.1954 30.5358
v -10.8745 18.1038 31.6093
v -9.7501 18.1608 31.6612
v -9.7000 18.1954 30.5358
v -10.8244 18.1384 30.4839
v -10.8745 18.1038 31.6093
v -9.7752 19.1483 31.1261
v -10.3628 19.1024 31.6631
v -10.4386 21.0601 31.1553
v -10.3628 19.1024 31.6631
v -10.9001 19.0912 31.0742
v -10.4386 21.0601 31.1553
v -10.9001 19.0912 31.0742
v -10.3126 19.1371 30.5372
v -10.4386 21.0601 31.1553
v -10.3126 19.1371 30.5372
v -9.7752 19.1483 31.1261
v -10.4386 21.0601 31.1553
v -9.7752 19.1483 31.1261
v -10.9001 19.0912 31.0742
v -10.3628 19.1024 31.6631
v -9.7752 19.1483 31.1261
v -10.3126 19.1371 30.5372
v -10.9001 19.0912 31.0742
v -34.9602 21.5673 -25.1163
v -34.2054 21.5361 -24.1974
v -35.5848 24.5744 -23.7312
v -34.2054 21.5361 -24.1974
v -35.2396 21.5642 -22.2578
v -35.5848 24.5744 -23.7312
v -35.2396 21.5642 -22.2578
v -37.1777 21.6382 -23.2924
v -35.5848 24.5744 -23.7312
v -37.1777 21.6382 -23.2924
v -36.1435 21.6101 -25.2319
v -35.5848 24.5744 -23.7312
v -36.1435 21.6101 -25.2319
v -34.9602 21.5673 -25.1163
v -35.5848 24.5744 -23.7312
v -34.9602 21.5673 -25.1163
v -35.2396 21.5642 -22.2578
v -34.2054 21.5361 -24.1974
v -34.9602 21.5673 -25.1163
v -37.1777 21.6382 -23.2924
v -35.2396 21.5642 -22.2578
v -34.9602 21.5673 -25.1163
v -36.1435 21.6101 -25.2319
v -37.1777 21.6382 -23.2924
v -35.0615 23.0651 -24.8194
v -34.5576 23.0395 -23.1612
v -35.5314 26.0680 -23.7243
v -34.5576 23.0395 -23.1612
v -36.2148 23.0964 -22.6567
v -35.5314 26.0680 -23.7243
v -36.2148 23.0964 -22.6567
v -36.7187 23.1220 -24.3148
v -35.5314 26.0680 -23.7243
v -36.7187 23.1220 -24.3148
v -35.0615 23.0651 -24.8194
v -35.5314 26.0680 -23.7243
v -35.0615 23.0651 -24.8194
v -36.2148 23.0964 -22.6567
v -34.5576 23.0395 -23.1612
v -35.0615 23.0651 -24.8194
v -36.7187 23.1220 -24.3148
v -36.2148 23.0964 -22.6567
v -34.7558 24.5459 -23.9836
v -35.3327 24.5615 -22.9017
v -35.4780 27.5616 -23.7174
v -35.3327 24.5615 -22.9017
v -36.4137 24.6028 -23.4788
v -35.4780 27.5616 -23.7174
v -36.4137 24.6028 -23.4788
v -35.8369 24.5872 -24.5606
v -35.4780 27.5616 -23.7174
v -35.8369 24.5872 -24.5606
v -34.7558 24.5459 -23.9836
v -35.4780 27.5616 -23.7174
v -34.7558 24.5459 -23.9836
v -36.4137 24.6028 -23.4788
v -35.3327 24.5615 -22.9017
v -34.7558 24.5459 -23.9836
v -35.8369 24.5872 -24.5606
v -36.4137 24.6028 -23.4788
v -32.3013 18.7943 10.0413
v -31.2215 18.7954 10.9808
v -32.9492 22.3521 11.8719
v -31.2215 18.7954 10.9808
v -32.0615 18.7424 13.4878
v -32.9492 22.3521 11.8719
v -32.0615 18.7424 13.4878
v -34.5688 18.7183 12.6473
v -32.9492 22.3521 11.8719
v -34.5688 18.7183 12.6473
v -33.7289 18.7713 10.1402
v -32.9492 22.3521 11.8719
v -33.7289 18.7713 10.1402
v -32.3013 18.7943 10.0413
v -32.9492 22.3521 11.8719
v -32.3013 18.7943 10.0413
v -32.0615 18.7424 13.4878
v -31.2215 18.7954 10.9808
v -32.3013 18.7943 10.0413
v -34.5688 18.7183 12.6473
v -32.0615 18.7424 13.4878
v -32.3013 18.7943 10.0413
v -33.7289 18.7713 10.1402
v -34.5688 18.7183 12.6473
v -32.4539 20.5840 10.4452
v -31.5243 20.5679 12.3116
v -32.9761 24.1497 11.9009
v -31.5243 20.5679 12.3116
v -33.3905 20.5249 13.2407
v -32.9761 24.1497 11.9009
v -33.3905 20.5249 13.2407
v -34.3201 20.5410 11.3743
v -32.9761 24.1497 11.9009
v -34.3201 20.5410 11.3743
v -32.4539 20.5840 10.4452
v -32.9761 24.1497 11.9009
v -32.4539 20.5840 10.4452
v -33.3905 20.5249 13.2407
v -31.5243 20.5679 12.3116
v -32.4539 20.5840 10.4452
v -34.3201 20.5410 11.3743
v -33.3905 20.5249 13.2407
v -32.0156 22.3736 11.4071
v -32.4841 22.3440 12.8056
v -33.0031 25.9473 11.9298
v -32.4841 22.3440 12.8056
v -33.8827 22.3306 12.3367
v -33.0031 25.9473 11.9298
v -33.8827 22.3306 12.3367
v -33.4142 22.3602 10.9383
v -33.0031 25.9473 11.9298
v -33.4142 22.3602 10.9383
v -32.0156 22.3736 11.4071
v -33.0031 25.9473 11.9298
v -32.0156 22.3736 11.4071
v -33.8827 22.3306 12.3367
v -32.4841 22.3440 12.8056
v -32.0156 22.3736 11.4071
v -33.4142 22.3602 10.9383
v -33.8827 22.3306 12.3367
v 14.8549 17.5596 43.6031
v 14.7990 17.4827 44.5810
v 13.7615 20.0406 44.2294
v 14.7990 17.4827 44.5810
v 13.0867 17.5153 45.1837
v 13.7615 20.0406 44.2294
v 13.0867 17.5153 45.1837
v 12.4893 17.6828 43.4775
v 13.7615 20.0406 44.2294
v 12.4893 17.6828 43.4775
v 14.2016 17.6501 42.8748
v 13.7615 20.0406 44.2294
v 14.2016 17.6501 42.8748
v 14.8549 17.5596 43.6031
v 13.7615 20.0406 44.2294
v 14.8549 17.5596 43.6031
v 13.0867 17.5153 45.1837
v 14.7990 17.4827 44.5810
v 14.8549 17.5596 43.6031
v 12.4893 17.6828 43.4775
v 13.0867 17.5153 45.1837
v 14.8549 17.5596 43.6031
v 14.2016 17.6501 42.8748
v 12.4893 17.6828 43.4775
v 14.6575 18.7934 43.7933
v 14.0359 18.7183 45.0806
v 13.8202 21.2695 44.3295
v 14.0359 18.7183 45.0806
v 12.7482 18.8299 44.4654
v 13.8202 21.2695 44.3295
v 12.7482 18.8299 44.4654
v 13.3698 18.9050 43.1781
v 13.8202 21.2695 44.3295
v 13.3698 18.9050 43.1781
v 14.6575 18.7934 43.7933
v 13.8202 21.2695 44.3295
v 14.6575 18.7934 43.7933
v 12.7482 18.8299 44.4654
v 14.0359 18.7183 45.0806
v 14.6575 18.7934 43.7933
v 13.3698 18.9050 43.1781
v 12.7482 18.8299 44.4654
v 14.4057 19.9847 44.5372
v 13.4506 20.0030 44.8734
v 13.8788 22.4984 44.4296
v 13.4506 20.0030 44.8734
v 13.1174 20.0964 43.9217
v 13.8788 22.4984 44.4296
v 13.1174 20.0964 43.9217
v 14.0724 20.0782 43.5855
v 13.8788 22.4984 44.4296
v 14.0724 20.0782 43.5855
v 14.4057 19.9847 44.5372
v 13.8788 22.4984 44.4296
v 14.4057 19.9847 44.5372
v 13.1174 20.0964 43.9217
v 13.4506 20.0030 44.8734
v 14.4057 19.9847 44.5372
v 14.0724 20.0782 43.5855
v 13.1174 20.0964 43.9217
v 3.3434 20.8438 10.6833
v 2.3647 20.9398 9.7972
v 4.2258 24.1126 9.0740
v 2.3647 20.9398 9.7972
v 3.1799 20.8789 7.4919
v 4.2258 24.1126 9.0740
v 3.1799 20.8789 7.4919
v 5.4750 20.6618 8.3092
v 4.2258 24.1126 9.0740
v 5.4750 20.6618 8.3092
v 4.6598 20.7226 10.6145
v 4.2258 24.1126 9.0740
v 4.6598 20.7226 10.6145
v 3.3434 20.8438 10.6833
v 4.2258 24.1126 9.0740
v 3.3434 20.8438 10.6833
v 3.1799 20.8789 7.4919
v 2.3647 20.9398 9.7972
v 3.3434 20.8438 10.6833
v 5.4750 20.6618 8.3092
v 3.1799 20.8789 7.4919
v 3.3434 20.8438 10.6833
v 4.6598 20.7226 10.6145
v 5.4750 20.6618 8.3092
v 3.6183 22.4906 10.3488
v 2.7932 22.5777 8.6079
v 4.3788 25.7685 9.0843
v 2.7932 22.5777 8.6079
v 4.5273 22.4227 7.7784
v 4.3788 25.7685 9.0843
v 4.5273 22.4227 7.7784
v 5.3524 22.3356 9.5193
v 4.3788 25.7685 9.0843
v 5.3524 22.3356 9.5193
v 3.6183 22.4906 10.3488
v 4.3788 25.7685 9.0843
v 3.6183 22.4906 10.3488
v 4.5273 22.4227 7.7784
v 2.7932 22.5777 8.6079
v 3.6183 22.4906 10.3488
v 5.3524 22.3356 9.5193
v 4.5273 22.4227 7.7784
v 3.3583 24.1901 9.4889
v 3.8130 24.1562 8.2031
v 4.5317 27.4244 9.0947
v 3.8130 24.1562 8.2031
v 5.0932 24.0350 8.6590
v 4.5317 27.4244 9.0947
v 5.0932 24.0350 8.6590
v 4.6385 24.0690 9.9448
v 4.5317 27.4244 9.0947
v 4.6385 24.0690 9.9448
v 3.3583 24.1901 9.4889
v 4.5317 27.4244 9.0947
v 3.3583 24.1901 9.4889
v 5.0932 24.0350 8.6590
v 3.8130 24.1562 8.2031
v 3.3583 24.1901 9.4889
v 4.6385 24.0690 9.9448
v 5.0932 24.0350 8.6590
v -15.3029 24.6133 -52.1675
v -14.3532 24.5475 -52.4518
v -14.3335 27.0854 -51.2370
v -14.3532 24.5475 -52.4518
v -13.1941 24.5212 -51.0283
v -14.3335 27.0854 -51.2370
v -13.1941 24.5212 -51.0283
v -14.6135 24.6419 -49.8703
v -14.3335 27.0854 -51.2370
v -14.6135 24.6419 -49.8703
v -15.7726 24.6682 -51.2937
v -14.3335 27.0854 -51.2370
v -15.7726 24.6682 -51.2937
v -15.3029 24.6133 -52.1675
v -14.3335 27.0854 -51.2370
v -15.3029 24.6133 -52.1675
v -13.1941 24.5212 -51.0283
v -14.3532 24.5475 -52.4518
v -15.3029 24.6133 -52.1675
v -14.6135 24.6419 -49.8703
v -13.1941 24.5212 -51.0283
v -15.3029 24.6133 -52.1675
v -15.7726 24.6682 -51.2937
v -14.6135 24.6419 -49.8703
v -15.0546 25.8547 -51.9926
v -13.6171 25.7727 -51.8446
v -14.2586 28.3308 -51.2750
v -13.6171 25.7727 -51.8446
v -13.7622 25.8254 -50.4054
v -14.2586 28.3308 -51.2750
v -13.7622 25.8254 -50.4054
v -15.1998 25.9074 -50.5534
v -14.2586 28.3308 -51.2750
v -15.1998 25.9074 -50.5534
v -15.0546 25.8547 -51.9926
v -14.2586 28.3308 -51.2750
v -15.0546 25.8547 -51.9926
v -13.7622 25.8254 -50.4054
v -13.6171 25.7727 -51.8446
v -15.0546 25.8547 -51.9926
v -15.1998 25.9074 -50.5534
v -13.7622 25.8254 -50.4054
v -14.2609 27.0591 -51.9569
v -13.6144 27.0444 -51.1629
v -14.1836 29.5761 -51.3129
v -13.6144 27.0444 -51.1629
v -14.4061 27.1117 -50.5170
v -14.1836 29.5761 -51.3129
v -14.4061 27.1117 -50.5170
v -15.0526 27.1264 -51.3110
v -14.1836 29.5761 -51.3129
v -15.0526 27.1264 -51.3110
v -14.2609 27.0591 -51.9569
v -14.1836 29.5761 -51.3129
v -14.2609 27.0591 -51.9569
v -14.4061 27.1117 -50.5170
v -13.6144 27.0444 -51.1629
v -14.2609 27.0591 -51.9569
v -15.0526 27.1264 -51.3110
v -14.4061 27.1117 -50.5170
v -28.9063 20.9072 -15.2141
v -28.7586 20.9165 -15.8778
v -27.8957 22.5435 -15.3144
v -28.7586 20.9165 -15.8778
v -27.5248 20.8234 -16.0972
v -27.8957 22.5435 -15.3144
v -27.5248 20.8234 -16.0972
v -27.3093 20.7661 -14.8606
v -27.8957 22.5435 -15.3144
v -27.3093 20.7661 -14.8606
v -28.5430 20.8592 -14.6412
v -27.8957 22.5435 -15.3144
v -28.5430 20.8592 -14.6412
v -28.9063 20.9072 -15.2141
v -27.8957 22.5435 -15.3144
v -28.9063 20.9072 -15.2141
v -27.5248 20.8234 -16.0972
v -28.7586 20.9165 -15.8778
v -28.9063 20.9072 -15.2141
v -27.3093 20.7661 -14.8606
v -27.5248 20.8234 -16.0972
v -28.9063 20.9072 -15.2141
v -28.5430 20.8592 -14.6412
v -27.3093 20.7661 -14.8606
v -28.6526 21.7443 -15.2195
v -28.0850 21.7243 -16.0312
v -27.8266 23.3945 -15.2870
v -28.0850 21.7243 -16.0312
v -27.2770 21.6404 -15.4641
v -27.8266 23.3945 -15.2870
v -27.2770 21.6404 -15.4641
v -27.8447 21.6604 -14.6524
v -27.8266 23.3945 -15.2870
v -27.8447 21.6604 -14.6524
v -28.6526 21.7443 -15.2195
v -27.8266 23.3945 -15.2870
v -28.6526 21.7443 -15.2195
v -27.2770 21.6404 -15.4641
v -28.0850 21.7243 -16.0312
v -28.6526 21.7443 -15.2195
v -27.8447 21.6604 -14.6524
v -27.2770 21.6404 -15.4641
v -28.2999 22.5854 -15.5981
v -27.6117 22.5335 -15.7204
v -27.7574 24.2456 -15.2596
v -27.6117 22.5335 -15.7204
v -27.4915 22.5015 -15.0307
v -27.7574 24.2456 -15.2596
v -27.4915 22.5015 -15.0307
v -28.1797 22.5535 -14.9083
v -27.7574 24.2456 -15.2596
v -28.1797 22.5535 -14.9083
v -28.2999 22.5854 -15.5981
v -27.7574 24.2456 -15.2596
v -28.2999 22.5854 -15.5981
v -27.4915 22.5015 -15.0307
v -27.6117 22.5335 -15.7204
v -28.2999 22.5854 -15.5981
v -28.1797 22.5535 -14.9083
v -27.4915 22.5015 -15.0307
v -11.9789 18.2468 22.8034
v -11.6798 18.1915 21.9726
v -10.6170 20.3462 22.6830
v -11.6798 18.1915 21.9726
v -10.0544 18.0330 21.9023
v -10.6170 20.3462 22.6830
v -10.0544 18.0330 21.9023
v -9.9793 18.0779 23.5346
v -10.6170 20.3462 22.6830
v -9.9793 18.0779 23.5346
v -11.6048 18.2364 23.6049
v -10.6170 20.3462 22.6830
v -11.6048 18.2364 23.6049
v -11.9789 18.2468 22.8034
v -10.6170 20.3462 22.6830
v -11.9789 18.2468 22.8034
v -10.0544 18.0330 21.9023
v -11.6798 18.1915 21.9726
v -11.9789 18.2468 22.8034
v -9.9793 18.0779 23.5346
v -10.0544 18.0330 21.9023
v -11.9789 18.2468 22.8034
v -11.6048 18.2364 23.6049
v -9.9793 18.0779 23.5346
v -11.6295 19.3288 22.7576
v -10.7651 19.2154 21.8083
v -10.5107 21.4520 22.6477
v -10.7651 19.2154 21.8083
v -9.8171 19.1521 22.6791
v -10.5107 21.4520 22.6477
v -9.8171 19.1521 22.6791
v -10.6814 19.2655 23.6284
v -10.5107 21.4520 22.6477
v -10.6814 19.2655 23.6284
v -11.6295 19.3288 22.7576
v -10.5107 21.4520 22.6477
v -11.6295 19.3288 22.7576
v -9.8171 19.1521 22.6791
v -10.7651 19.2154 21.8083
v -11.6295 19.3288 22.7576
v -10.6814 19.2655 23.6284
v -9.8171 19.1521 22.6791
v -11.0913 20.3779 22.2474
v -10.1846 20.2895 22.2081
v -10.4044 22.5577 22.6124
v -10.1846 20.2895 22.2081
v -10.1427 20.3145 23.1186
v -10.4044 22.5577 22.6124
v -10.1427 20.3145 23.1186
v -11.0494 20.4029 23.1579
v -10.4044 22.5577 22.6124
v -11.0494 20.4029 23.1579
v -11.0913 20.3779 22.2474
v -10.4044 22.5577 22.6124
v -11.0913 20.3779 22.2474
v -10.1427 20.3145 23.1186
v -10.1846 20.2895 22.2081
v -11.0913 20.3779 22.2474
v -11.0494 20.4029 23.1579
v -10.1427 20.3145 23.1186
v -17.8617 22.3445 -24.5804
v -16.9358 22.4751 -24.6213
v -17.6676 24.6983 -23.3771
v -16.9358 22.4751 -24.6213
v -16.2028 22.5127 -23.0553
v -17.6676 24.6983 -23.3771
v -16.2028 22.5127 -23.0553
v -17.7510 22.2669 -22.3248
v -17.6676 24.6983 -23.3771
v -17.7510 22.2669 -22.3248
v -18.4840 22.2293 -23.8908
v -17.6676 24.6983 -23.3771
v -18.4840 22.2293 -23.8908
v -17.8617 22.3445 -24.5804
v -17.6676 24.6983 -23.3771
v -17.8617 22.3445 -24.5804
v -16.2028 22.5127 -23.0553
v -16.9358 22.4751 -24.6213
v -17.8617 22.3445 -24.5804
v -17.7510 22.2669 -22.3248
v -16.2028 22.5127 -23.0553
v -17.8617 22.3445 -24.5804
v -18.4840 22.2293 -23.8908
v -17.7510 22.2669 -22.3248
v -17.9141 23.5137 -24.2981
v -16.6424 23.6717 -23.8323
v -17.8297 25.8619 -23.3291
v -16.6424 23.6717 -23.8323
v -17.0969 23.5556 -22.5520
v -17.8297 25.8619 -23.3291
v -17.0969 23.5556 -22.5520
v -18.3687 23.3976 -23.0178
v -17.8297 25.8619 -23.3291
v -18.3687 23.3976 -23.0178
v -17.9141 23.5137 -24.2981
v -17.8297 25.8619 -23.3291
v -17.9141 23.5137 -24.2981
v -17.0969 23.5556 -22.5520
v -16.6424 23.6717 -23.8323
v -17.9141 23.5137 -24.2981
v -18.3687 23.3976 -23.0178
v -17.0969 23.5556 -22.5520
v -17.4402 24.7564 -24.0176
v -17.0314 24.7773 -23.1441
v -17.9918 27.0255 -23.2811
v -17.0314 24.7773 -23.1441
v -17.8950 24.6402 -22.7366
v -17.9918 27.0255 -23.2811
v -17.8950 24.6402 -22.7366
v -18.3038 24.6193 -23.6101
v -17.9918 27.0255 -23.2811
v -18.3038 24.6193 -23.6101
v -17.4402 24.7564 -24.0176
v -17.9918 27.0255 -23.2811
v -17.4402 24.7564 -24.0176
v -17.8950 24.6402 -22.7366
v -17.0314 24.7773 -23.1441
v -17.4402 24.7564 -24.0176
v -18.3038 24.6193 -23.6101
v -17.8950 24.6402 -22.7366
v -10.3082 23.0979 -29.6325
v -9.6842 23.1073 -29.1960
v -10.5708 24.9914 -28.6335
v -9.6842 23.1073 -29.1960
v -9.9876 23.0799 -27.8220
v -10.5708 24.9914 -28.6335
v -9.9876 23.0799 -27.8220
v -11.3613 23.0498 -28.1260
v -10.5708 24.9914 -28.6335
v -11.3613 23.0498 -28.1260
v -11.0579 23.0771 -29.4999
v -10.5708 24.9914 -28.6335
v -11.0579 23.0771 -29.4999
v -10.3082 23.0979 -29.6325
v -10.5708 24.9914 -28.6335
v -10.3082 23.0979 -29.6325
v -9.9876 23.0799 -27.8220
v -9.6842 23.1073 -29.1960
v -10.3082 23.0979 -29.6325
v -11.3613 23.0498 -28.1260
v -9.9876 23.0799 -27.8220
v -10.3082 23.0979 -29.6325
v -11.0579 23.0771 -29.4999
v -11.3613 23.0498 -28.1260
v -10.3776 24.0502 -29.4132
v -9.7809 24.0518 -28.4778
v -10.5948 25.9478 -28.6198
v -9.7809 24.0518 -28.4778
v -10.7159 24.0197 -27.8812
v -10.5948 25.9478 -28.6198
v -10.7159 24.0197 -27.8812
v -11.3127 24.0181 -28.8167
v -10.5948 25.9478 -28.6198
v -11.3127 24.0181 -28.8167
v -10.3776 24.0502 -29.4132
v -10.5948 25.9478 -28.6198
v -10.3776 24.0502 -29.4132
v -10.7159 24.0197 -27.8812
v -9.7809 24.0518 -28.4778
v -10.3776 24.0502 -29.4132
v -11.3127 24.0181 -28.8167
v -10.7159 24.0197 -27.8812
v -10.1031 25.0074 -28.9319
v -10.2723 24.9922 -28.1655
v -10.6189 26.9042 -28.6060
v -10.2723 24.9922 -28.1655
v -11.0385 24.9753 -28.3351
v -10.6189 26.9042 -28.6060
v -11.0385 24.9753 -28.3351
v -10.8693 24.9906 -29.1014
v -10.6189 26.9042 -28.6060
v -10.8693 24.9906 -29.1014
v -10.1031 25.0074 -28.9319
v -10.6189 26.9042 -28.6060
v -10.1031 25.0074 -28.9319
v -11.0385 24.9753 -28.3351
v -10.2723 24.9922 -28.1655
v -10.1031 25.0074 -28.9319
v -10.8693 24.9906 -29.1014
v -11.0385 24.9753 -28.3351
v -15.8802 21.3200 -8.5058
v -14.7787 21.2617 -8.6307
v -15.0341 24.0822 -7.2657
v -14.7787 21.2617 -8.6307
v -13.7858 21.2290 -6.8362
v -15.0341 24.0822 -7.2657
v -13.7858 21.2290 -6.8362
v -15.5775 21.3320 -5.8429
v -15.0341 24.0822 -7.2657
v -15.5775 21.3320 -5.8429
v -16.5704 21.3647 -7.6375
v -15.0341 24.0822 -7.2657
v -16.5704 21.3647 -7.6375
v -15.8802 21.3200 -8.5058
v -15.0341 24.0822 -7.2657
v -15.8802 21.3200 -8.5058
v -13.7858 21.2290 -6.8362
v -14.7787 21.2617 -8.6307
v -15.8802 21.3200 -8.5058
v -15.5775 21.3320 -5.8429
v -13.7858 21.2290 -6.8362
v -15.8802 21.3200 -8.5058
v -16.5704 21.3647 -7.6375
v -15.5775 21.3320 -5.8429
v -15.6597 22.7078 -8.2518
v -14.1072 22.6322 -7.8051
v -14.9621 25.4749 -7.2802
v -14.1072 22.6322 -7.8051
v -14.5525 22.6713 -6.2508
v -14.9621 25.4749 -7.2802
v -14.5525 22.6713 -6.2508
v -16.1050 22.7470 -6.6975
v -14.9621 25.4749 -7.2802
v -16.1050 22.7470 -6.6975
v -15.6597 22.7078 -8.2518
v -14.9621 25.4749 -7.2802
v -15.6597 22.7078 -8.2518
v -14.5525 22.6713 -6.2508
v -14.1072 22.6322 -7.8051
v -15.6597 22.7078 -8.2518
v -16.1050 22.7470 -6.6975
v -14.5525 22.6713 -6.2508
v -14.8113 24.0627 -8.0433
v -14.2574 24.0444 -7.0423
v -14.8900 26.8676 -7.2946
v -14.2574 24.0444 -7.0423
v -15.2568 24.1018 -6.4882
v -14.8900 26.8676 -7.2946
v -15.2568 24.1018 -6.4882
v -15.8107 24.1201 -7.4892
v -14.8900 26.8676 -7.2946
v -15.8107 24.1201 -7.4892
v -14.8113 24.0627 -8.0433
v -14.8900 26.8676 -7.2946
v -14.8113 24.0627 -8.0433
v -15.2568 24.1018 -6.4882
v -14.2574 24.0444 -7.0423
v -14.8113 24.0627 -8.0433
v -15.8107 24.1201 -7.4892
v -15.2568 24.1018 -6.4882
v -34.6245 20.7169 -12.0789
v -35.8025 20.8261 -11.8517
v -35.2207 23.7832 -13.4506
v -35.8025 20.8261 -11.8517
v -37.0252 20.8995 -13.7104
v -35.2207 23.7832 -13.4506
v -37.0252 20.8995 -13.7104
v -35.1756 20.7115 -14.9345
v -35.2207 23.7832 -13.4506
v -35.1756 20.7115 -14.9345
v -33.9529 20.6381 -13.0759
v -35.2207 23.7832 -13.4506
v -33.9529 20.6381 -13.0759
v -34.6245 20.7169 -12.0789
v -35.2207 23.7832 -13.4506
v -34.6245 20.7169 -12.0789
v -37.0252 20.8995 -13.7104
v -35.8025 20.8261 -11.8517
v -34.6245 20.7169 -12.0789
v -35.1756 20.7115 -14.9345
v -37.0252 20.8995 -13.7104
v -34.6245 20.7169 -12.0789
v -33.9529 20.6381 -13.0759
v -35.1756 20.7115 -14.9345
v -34.6732 22.2350 -12.3856
v -36.3861 22.3808 -12.7394
v -35.0865 25.2904 -13.4793
v -36.3861 22.3808 -12.7394
v -36.0365 22.3169 -14.4581
v -35.0865 25.2904 -13.4793
v -36.0365 22.3169 -14.4581
v -34.3237 22.1712 -14.1043
v -35.0865 25.2904 -13.4793
v -34.3237 22.1712 -14.1043
v -34.6732 22.2350 -12.3856
v -35.0865 25.2904 -13.4793
v -34.6732 22.2350 -12.3856
v -36.0365 22.3169 -14.4581
v -36.3861 22.3808 -12.7394
v -34.6732 22.2350 -12.3856
v -34.3237 22.1712 -14.1043
v -36.0365 22.3169 -14.4581
v -35.3955 23.8151 -12.5908
v -36.0775 23.8561 -13.6275
v -34.9523 26.7976 -13.5080
v -36.0775 23.8561 -13.6275
v -35.0459 23.7512 -14.3103
v -34.9523 26.7976 -13.5080
v -35.0459 23.7512 -14.3103
v -34.3639 23.7103 -13.2736
v -34.9523 26.7976 -13.5080
v -34.3639 23.7103 -13.2736
v -35.3955 23.8151 -12.5908
v -34.9523 26.7976 -13.5080
v -35.3955 23.8151 -12.5908
v -35.0459 23.7512 -14.3103
v -36.0775 23.8561 -13.6275
v -35.3955 23.8151 -12.5908
v -34.3639 23.7103 -13.2736
v -35.0459 23.7512 -14.3103
v -7.2479 23.7081 -37.0866
v -7.6693 23.6298 -36.3901
v -8.4586 25.6824 -37.1170
v -7.6693 23.6298 -36.3901
v -9.1591 23.5305 -36.6237
v -8.4586 25.6824 -37.1170
v -9.1591 23.5305 -36.6237
v -8.9332 23.6461 -38.1134
v -8.4586 25.6824 -37.1170
v -8.9332 23.6461 -38.1134
v -7.4435 23.7454 -37.8799
v -8.4586 25.6824 -37.1170
v -7.4435 23.7454 -37.8799
v -7.2479 23.7081 -37.0866
v -8.4586 25.6824 -37.1170
v -7.2479 23.7081 -37.0866
v -9.1591 23.5305 -36.6237
v -7.6693 23.6298 -36.3901
v -7.2479 23.7081 -37.0866
v -8.9332 23.6461 -38.1134
v -9.1591 23.5305 -36.6237
v -7.2479 23.7081 -37.0866
v -7.4435 23.7454 -37.8799
v -8.9332 23.6461 -38.1134
v -7.5494 24.7155 -37.0542
v -8.5059 24.5957 -36.3539
v -8.5373 26.7046 -37.0496
v -8.5059 24.5957 -36.3539
v -9.2105 24.6048 -37.3146
v -8.5373 26.7046 -37.0496
v -9.2105 24.6048 -37.3146
v -8.2540 24.7246 -38.0150
v -8.5373 26.7046 -37.0496
v -8.2540 24.7246 -38.0150
v -7.5494 24.7155 -37.0542
v -8.5373 26.7046 -37.0496
v -7.5494 24.7155 -37.0542
v -9.2105 24.6048 -37.3146
v -8.5059 24.5957 -36.3539
v -7.5494 24.7155 -37.0542
v -8.2540 24.7246 -38.0150
v -9.2105 24.6048 -37.3146
v -8.1061 25.6778 -36.6364
v -8.9371 25.6225 -36.7667
v -8.6159 27.7268 -36.9823
v -8.9371 25.6225 -36.7667
v -8.8111 25.6869 -37.5976
v -8.6159 27.7268 -36.9823
v -8.8111 25.6869 -37.5976
v -7.9801 25.7423 -37.4674
v -8.6159 27.7268 -36.9823
v -7.9801 25.7423 -37.4674
v -8.1061 25.6778 -36.6364
v -8.6159 27.7268 -36.9823
v -8.1061 25.6778 -36.6364
v -8.8111 25.6869 -37.5976
v -8.9371 25.6225 -36.7667
v -8.1061 25.6778 -36.6364
v -7.9801 25.7423 -37.4674
v -8.8111 25.6869 -37.5976
v -1.0505 17.5191 37.6669
v -2.1924 17.5070 37.7029
v -1.6931 20.4200 36.3860
v -2.1924 17.5070 37.7029
v -3.0618 17.5515 35.7797
v -1.6931 20.4200 36.3860
v -3.0618 17.5515 35.7797
v -1.1382 17.5941 34.9111
v -1.6931 20.4200 36.3860
v -1.1382 17.5941 34.9111
v -0.2688 17.5496 36.8343
v -1.6931 20.4200 36.3860
v -0.2688 17.5496 36.8343
v -1.0505 17.5191 37.6669
v -1.6931 20.4200 36.3860
v -1.0505 17.5191 37.6669
v -3.0618 17.5515 35.7797
v -2.1924 17.5070 37.7029
v -1.0505 17.5191 37.6669
v -1.1382 17.5941 34.9111
v -3.0618 17.5515 35.7797
v -1.0505 17.5191 37.6669
v -0.2688 17.5496 36.8343
v -1.1382 17.5941 34.9111
v -1.1945 18.9605 37.4187
v -2.7517 18.9616 36.8307
v -1.7071 21.8547 36.4254
v -2.7517 18.9616 36.8307
v -2.1639 19.0101 35.2742
v -1.7071 21.8547 36.4254
v -2.1639 19.0101 35.2742
v -0.6068 19.0090 35.8622
v -1.7071 21.8547 36.4254
v -0.6068 19.0090 35.8622
v -1.1945 18.9605 37.4187
v -1.7071 21.8547 36.4254
v -1.1945 18.9605 37.4187
v -2.1639 19.0101 35.2742
v -2.7517 18.9616 36.8307
v -1.1945 18.9605 37.4187
v -0.6068 19.0090 35.8622
v -2.1639 19.0101 35.2742
v -1.9872 20.3957 37.1646
v -2.4721 20.4206 36.0918
v -1.7210 23.2895 36.4649
v -2.4721 20.4206 36.0918
v -1.3991 20.4443 35.6073
v -1.7210 23.2895 36.4649
v -1.3991 20.4443 35.6073
v -0.9142 20.4195 36.6801
v -1.7210 23.2895 36.4649
v -0.9142 20.4195 36.6801
v -1.9872 20.3957 37.1646
v -1.7210 23.2895 36.4649
v -1.9872 20.3957 37.1646
v -1.3991 20.4443 35.6073
v -2.4721 20.4206 36.0918
v -1.9872 20.3957 37.1646
v -0.9142 20.4195 36.6801
v -1.3991 20.4443 35.6073
v -52.0319 19.7894 -19.3685
v -51.5684 19.7608 -20.1242
v -50.7877 21.9657 -19.2081
v -51.5684 19.7608 -20.1242
v -49.9514 19.6901 -19.8658
v -50.7877 21.9657 -19.2081
v -49.9514 19.6901 -19.8658
v -50.2088 19.7180 -18.2474
v -50.7877 21.9657 -19.2081
v -50.2088 19.7180 -18.2474
v -51.8257 19.7887 -18.5058
v -50.7877 21.9657 -19.2081
v -51.8257 19.7887 -18.5058
v -52.0319 19.7894 -19.3685
v -50.7877 21.9657 -19.2081
v -52.0319 19.7894 -19.3685
v -49.9514 19.6901 -19.8658
v -51.5684 19.7608 -20.1242
v -52.0319 19.7894 -19.3685
v -50.2088 19.7180 -18.2474
v -49.9514 19.6901 -19.8658
v -52.0319 19.7894 -19.3685
v -51.8257 19.7887 -18.5058
v -50.2088 19.7180 -18.2474
v -51.7396 20.8919 -19.3410
v -50.6946 20.8370 -20.0992
v -50.7372 23.0788 -19.2192
v -50.6946 20.8370 -20.0992
v -49.9367 20.8131 -19.0529
v -50.7372 23.0788 -19.2192
v -49.9367 20.8131 -19.0529
v -50.9816 20.8680 -18.2947
v -50.7372 23.0788 -19.2192
v -50.9816 20.8680 -18.2947
v -51.7396 20.8919 -19.3410
v -50.7372 23.0788 -19.2192
v -51.7396 20.8919 -19.3410
v -49.9367 20.8131 -19.0529
v -50.6946 20.8370 -20.0992
v -51.7396 20.8919 -19.3410
v -50.9816 20.8680 -18.2947
v -49.9367 20.8131 -19.0529
v -51.1669 21.9776 -19.7315
v -50.2649 21.9382 -19.5874
v -50.6868 24.1919 -19.2304
v -50.2649 21.9382 -19.5874
v -50.4085 21.9537 -18.6847
v -50.6868 24.1919 -19.2304
v -50.4085 21.9537 -18.6847
v -51.3104 21.9931 -18.8288
v -50.6868 24.1919 -19.2304
v -51.3104 21.9931 -18.8288
v -51.1669 21.9776 -19.7315
v -50.6868 24.1919 -19.2304
v -51.1669 21.9776 -19.7315
v -50.4085 21.9537 -18.6847
v -50.2649 21.9382 -19.5874
v -51.1669 21.9776 -19.7315
v -51.3104 21.9931 -18.8288
v -50.4085 21.9537 -18.6847
v -26.1453 19.1775 10.0821
v -27.0256 19.1340 9.1259
v -25.4685 22.3977 8.4281
v -27.0256 19.1340 9.1259
v -26.0140 19.0701 6.9472
v -25.4685 22.3977 8.4281
v -26.0140 19.0701 6.9472
v -23.8345 19.1309 7.9573
v -25.4685 22.3977 8.4281
v -23.8345 19.1309 7.9573
v -24.8461 19.1947 10.1360
v -25.4685 22.3977 8.4281
v -24.8461 19.1947 10.1360
v -26.1453 19.1775 10.0821
v -25.4685 22.3977 8.4281
v -26.1453 19.1775 10.0821
v -26.0140 19.0701 6.9472
v -27.0256 19.1340 9.1259
v -26.1453 19.1775 10.0821
v -23.8345 19.1309 7.9573
v -26.0140 19.0701 6.9472
v -26.1453 19.1775 10.0821
v -24.8461 19.1947 10.1360
v -23.8345 19.1309 7.9573
v -26.0132 20.8007 9.6995
v -26.6644 20.7312 7.9217
v -25.4877 24.0304 8.3714
v -26.6644 20.7312 7.9217
v -24.8853 20.7295 7.2702
v -25.4877 24.0304 8.3714
v -24.8853 20.7295 7.2702
v -24.2342 20.7989 9.0480
v -25.4877 24.0304 8.3714
v -24.2342 20.7989 9.0480
v -26.0132 20.8007 9.6995
v -25.4877 24.0304 8.3714
v -26.0132 20.8007 9.6995
v -24.8853 20.7295 7.2702
v -26.6644 20.7312 7.9217
v -26.0132 20.8007 9.6995
v -24.2342 20.7989 9.0480
v -24.8853 20.7295 7.2702
v -26.3584 22.3986 8.7540
v -25.7942 22.3630 7.5387
v -25.5069 25.6631 8.3146
v -25.7942 22.3630 7.5387
v -24.5785 22.3969 8.1022
v -25.5069 25.6631 8.3146
v -24.5785 22.3969 8.1022
v -25.1427 22.4325 9.3174
v -25.5069 25.6631 8.3146
v -25.1427 22.4325 9.3174
v -26.3584 22.3986 8.7540
v -25.5069 25.6631 8.3146
v -26.3584 22.3986 8.7540
v -24.5785 22.3969 8.1022
v -25.7942 22.3630 7.5387
v -26.3584 22.3986 8.7540
v -25.1427 22.4325 9.3174
v -24.5785 22.3969 8.1022
v -31.1241 20.4548 -10.0701
v -30.3356 20.3534 -9.4896
v -31.1449 22.9241 -8.7764
v -30.3356 20.3534 -9.4896
v -30.7655 20.3713 -7.7223
v -31.1449 22.9241 -8.7764
v -30.7655 20.3713 -7.7223
v -32.5206 20.5814 -8.1513
v -31.1449 22.9241 -8.7764
v -32.5206 20.5814 -8.1513
v -32.0907 20.5635 -9.9186
v -31.1449 22.9241 -8.7764
v -32.0907 20.5635 -9.9186
v -31.1241 20.4548 -10.0701
v -31.1449 22.9241 -8.7764
v -31.1241 20.4548 -10.0701
v -30.7655 20.3713 -7.7223
v -30.3356 20.3534 -9.4896
v -31.1241 20.4548 -10.0701
v -32.5206 20.5814 -8.1513
v -30.7655 20.3713 -7.7223
v -31.1241 20.4548 -10.0701
v -32.0907 20.5635 -9.9186
v -32.5206 20.5814 -8.1513
v -31.0468 21.6858 -9.7837
v -30.3080 21.5787 -8.5592
v -31.0032 24.1525 -8.7544
v -30.3080 21.5787 -8.5592
v -31.5261 21.7057 -7.8131
v -31.0032 24.1525 -8.7544
v -31.5261 21.7057 -7.8131
v -32.2650 21.8129 -9.0376
v -31.0032 24.1525 -8.7544
v -32.2650 21.8129 -9.0376
v -31.0468 21.6858 -9.7837
v -31.0032 24.1525 -8.7544
v -31.0468 21.6858 -9.7837
v -31.5261 21.7057 -7.8131
v -30.3080 21.5787 -8.5592
v -31.0468 21.6858 -9.7837
v -32.2650 21.8129 -9.0376
v -31.5261 21.7057 -7.8131
v -30.5355 22.8605 -9.1497
v -30.7753 22.8705 -8.1639
v -30.8616 25.3808 -8.7324
v -30.7753 22.8705 -8.1639
v -31.7542 22.9877 -8.4032
v -30.8616 25.3808 -8.7324
v -31.7542 22.9877 -8.4032
v -31.5145 22.9777 -9.3890
v -30.8616 25.3808 -8.7324
v -31.5145 22.9777 -9.3890
v -30.5355 22.8605 -9.1497
v -30.8616 25.3808 -8.7324
v -30.5355 22.8605 -9.1497
v -31.7542 22.9877 -8.4032
v -30.7753 22.8705 -8.1639
v -30.5355 22.8605 -9.1497
v -31.5145 22.9777 -9.3890
v -31.7542 22.9877 -8.4032
v -47.3529 19.7225 -5.4564
v -46.0076 19.7595 -5.4437
v -46.7886 23.1428 -3.8718
v -46.0076 19.7595 -5.4437
v -45.0789 19.8164 -3.1375
v -46.7886 23.1428 -3.8718
v -45.0789 19.8164 -3.1375
v -47.3848 19.7660 -2.2077
v -46.7886 23.1428 -3.8718
v -47.3848 19.7660 -2.2077
v -48.3135 19.7091 -4.5139
v -46.7886 23.1428 -3.8718
v -48.3135 19.7091 -4.5139
v -47.3529 19.7225 -5.4564
v -46.7886 23.1428 -3.8718
v -47.3529 19.7225 -5.4564
v -45.0789 19.8164 -3.1375
v -46.0076 19.7595 -5.4437
v -47.3529 19.7225 -5.4564
v -47.3848 19.7660 -2.2077
v -45.0789 19.8164 -3.1375
v -47.3529 19.7225 -5.4564
v -48.3135 19.7091 -4.5139
v -47.3848 19.7660 -2.2077
v -47.2602 21.4211 -5.1345
v -45.4568 21.4809 -4.3672
v -46.8349 24.8328 -3.8949
v -45.4568 21.4809 -4.3672
v -46.2246 21.4845 -2.5630
v -46.8349 24.8328 -3.8949
v -46.2246 21.4845 -2.5630
v -48.0280 21.4247 -3.3303
v -46.8349 24.8328 -3.8949
v -48.0280 21.4247 -3.3303
v -47.2602 21.4211 -5.1345
v -46.8349 24.8328 -3.8949
v -47.2602 21.4211 -5.1345
v -46.2246 21.4845 -2.5630
v -45.4568 21.4809 -4.3672
v -47.2602 21.4211 -5.1345
v -48.0280 21.4247 -3.3303
v -46.2246 21.4845 -2.5630
v -46.4045 23.1410 -4.7743
v -45.8865 23.1727 -3.4879
v -46.8811 26.5228 -3.9179
v -45.8865 23.1727 -3.4879
v -47.1727 23.1446 -2.9693
v -46.8811 26.5228 -3.9179
v -47.1727 23.1446 -2.9693
v -47.6908 23.1129 -4.2557
v -46.8811 26.5228 -3.9179
v -47.6908 23.1129 -4.2557
v -46.4045 23.1410 -4.7743
v -46.8811 26.5228 -3.9179
v -46.4045 23.1410 -4.7743
v -47.1727 23.1446 -2.9693
v -45.8865 23.1727 -3.4879
v -46.4045 23.1410 -4.7743
v -47.6908 23.1129 -4.2557
v -47.1727 23.1446 -2.9693
v -27.9410 23.3664 -40.1113
v -27.3719 23.3780 -40.8136
v -26.8431 25.6531 -39.7655
v -27.3719 23.3780 -40.8136
v -25.7707 23.4001 -40.3384
v -26.8431 25.6531 -39.7655
v -25.7707 23.4001 -40.3384
v -26.2457 23.3860 -38.7371
v -26.8431 25.6531 -39.7655
v -26.2457 23.3860 -38.7371
v -27.8469 23.3639 -39.2122
v -26.8431 25.6531 -39.7655
v -27.8469 23.3639 -39.2122
v -27.9410 23.3664 -40.1113
v -26.8431 25.6531 -39.7655
v -27.9410 23.3664 -40.1113
v -25.7707 23.4001 -40.3384
v -27.3719 23.3780 -40.8136
v -27.9410 23.3664 -40.1113
v -26.2457 23.3860 -38.7371
v -25.7707 23.4001 -40.3384
v -27.9410 23.3664 -40.1113
v -27.8469 23.3639 -39.2122
v -26.2457 23.3860 -38.7371
v -27.7186 24.5052 -40.0353
v -26.5611 24.5254 -40.6631
v -26.8603 26.7886 -39.7605
v -26.5611 24.5254 -40.6631
v -25.9333 24.5299 -39.5055
v -26.8603 26.7886 -39.7605
v -25.9333 24.5299 -39.5055
v -27.0908 24.5097 -38.8776
v -26.8603 26.7886 -39.7605
v -27.0908 24.5097 -38.8776
v -27.7186 24.5052 -40.0353
v -26.8603 26.7886 -39.7605
v -27.7186 24.5052 -40.0353
v -25.9333 24.5299 -39.5055
v -26.5611 24.5254 -40.6631
v -27.7186 24.5052 -40.0353
v -27.0908 24.5097 -38.8776
v -25.9333 24.5299 -39.5055
v -27.1572 25.6508 -40.3446
v -26.2641 25.6632 -40.0795
v -26.8774 27.9241 -39.7556
v -26.2641 25.6632 -40.0795
v -26.5290 25.6553 -39.1863
v -26.8774 27.9241 -39.7556
v -26.5290 25.6553 -39.1863
v -27.4221 25.6430 -39.4514
v -26.8774 27.9241 -39.7556
v -27.4221 25.6430 -39.4514
v -27.1572 25.6508 -40.3446
v -26.8774 27.9241 -39.7556
v -27.1572 25.6508 -40.3446
v -26.5290 25.6553 -39.1863
v -26.2641 25.6632 -40.0795
v -27.1572 25.6508 -40.3446
v -27.4221 25.6430 -39.4514
v -26.5290 25.6553 -39.1863
v -31.2616 18.7017 8.3183
v -32.1917 18.8004 8.2515
v -31.3975 21.0689 7.1223
v -32.1917 18.8004 8.2515
v -32.7386 18.8353 6.6078
v -31.3975 21.0689 7.1223
v -32.7386 18.8353 6.6078
v -31.1048 18.6525 6.0604
v -31.3975 21.0689 7.1223
v -31.1048 18.6525 6.0604
v -30.5580 18.6176 7.7041
v -31.3975 21.0689 7.1223
v -30.5580 18.6176 7.7041
v -31.2616 18.7017 8.3183
v -31.3975 21.0689 7.1223
v -31.2616 18.7017 8.3183
v -32.7386 18.8353 6.6078
v -32.1917 18.8004 8.2515
v -31.2616 18.7017 8.3183
v -31.1048 18.6525 6.0604
v -32.7386 18.8353 6.6078
v -31.2616 18.7017 8.3183
v -30.5580 18.6176 7.7041
v -31.1048 18.6525 6.0604
v -31.2180 19.8782 8.0556
v -32.4337 19.9996 7.4443
v -31.2720 22.2401 7.1055
v -32.4337 19.9996 7.4443
v -31.8277 19.9171 6.2227
v -31.2720 22.2401 7.1055
v -31.8277 19.9171 6.2227
v -30.6120 19.7957 6.8340
v -31.2720 22.2401 7.1055
v -30.6120 19.7957 6.8340
v -31.2180 19.8782 8.0556
v -31.2720 22.2401 7.1055
v -31.2180 19.8782 8.0556
v -31.8277 19.9171 6.2227
v -32.4337 19.9996 7.4443
v -31.2180 19.8782 8.0556
v -30.6120 19.7957 6.8340
v -31.8277 19.9171 6.2227
v -31.7006 21.1101 7.7334
v -32.0056 21.1296 6.8165
v -31.1466 23.4113 7.0886
v -32.0056 21.1296 6.8165
v -31.0943 21.0276 6.5112
v -31.1466 23.4113 7.0886
v -31.0943 21.0276 6.5112
v -30.7893 21.0082 7.4281
v -31.1466 23.4113 7.0886
v -30.7893 21.0082 7.4281
v -31.7006 21.1101 7.7334
v -31.1466 23.4113 7.0886
v -31.7006 21.1101 7.7334
v -31.0943 21.0276 6.5112
v -32.0056 21.1296 6.8165
v -31.7006 21.1101 7.7334
v -30.7893 21.0082 7.4281
v -31.0943 21.0276 6.5112
v -19.4647 21.6440 -18.9450
v -18.7681 21.7366 -18.6342
v -19.7411 23.5572 -17.9454
v -18.7681 21.7366 -18.6342
v -18.8018 21.7352 -17.2147
v -19.7411 23.5572 -17.9454
v -18.8018 21.7352 -17.2147
v -20.2091 21.5494 -17.2484
v -19.7411 23.5572 -17.9454
v -20.2091 21.5494 -17.2484
v -20.1754 21.5508 -18.6678
v -19.7411 23.5572 -17.9454
v -20.1754 21.5508 -18.6678
v -19.4647 21.6440 -18.9450
v -19.7411 23.5572 -17.9454
v -19.4647 21.6440 -18.9450
v -18.8018 21.7352 -17.2147
v -18.7681 21.7366 -18.6342
v -19.4647 21.6440 -18.9450
v -20.2091 21.5494 -17.2484
v -18.8018 21.7352 -17.2147
v -19.4647 21.6440 -18.9450
v -20.1754 21.5508 -18.6678
v -20.2091 21.5494 -17.2484
v -19.5960 22.6009 -18.7347
v -18.8303 22.7036 -17.9246
v -19.8674 24.5143 -17.9474
v -18.8303 22.7036 -17.9246
v -19.6337 22.5993 -17.1519
v -19.8674 24.5143 -17.9474
v -19.6337 22.5993 -17.1519
v -20.3994 22.4966 -17.9621
v -19.8674 24.5143 -17.9474
v -20.3994 22.4966 -17.9621
v -19.5960 22.6009 -18.7347
v -19.8674 24.5143 -17.9474
v -19.5960 22.6009 -18.7347
v -19.6337 22.5993 -17.1519
v -18.8303 22.7036 -17.9246
v -19.5960 22.6009 -18.7347
v -20.3994 22.4966 -17.9621
v -19.6337 22.5993 -17.1519
v -19.3392 23.6094 -18.3319
v -19.3580 23.6086 -17.5401
v -19.9936 25.4713 -17.9495
v -19.3580 23.6086 -17.5401
v -20.1430 23.5050 -17.5589
v -19.9936 25.4713 -17.9495
v -20.1430 23.5050 -17.5589
v -20.1242 23.5058 -18.3507
v -19.9936 25.4713 -17.9495
v -20.1242 23.5058 -18.3507
v -19.3392 23.6094 -18.3319
v -19.9936 25.4713 -17.9495
v -19.3392 23.6094 -18.3319
v -20.1430 23.5050 -17.5589
v -19.3580 23.6086 -17.5401
v -19.3392 23.6094 -18.3319
v -20.1242 23.5058 -18.3507
v -20.1430 23.5050 -17.5589
v 10.1374 24.0630 -34.8979
v 9.3481 24.0604 -35.3861
v 10.3195 26.3999 -36.0867
v 9.3481 24.0604 -35.3861
v 9.6235 24.0677 -37.0786
v 10.3195 26.3999 -36.0867
v 9.6235 24.0677 -37.0786
v 11.3160 24.0758 -36.8032
v 10.3195 26.3999 -36.0867
v 11.3160 24.0758 -36.8032
v 11.0406 24.0686 -35.1107
v 10.3195 26.3999 -36.0867
v 11.0406 24.0686 -35.1107
v 10.1374 24.0630 -34.8979
v 10.3195 26.3999 -36.0867
v 10.1374 24.0630 -34.8979
v 9.6235 24.0677 -37.0786
v 9.3481 24.0604 -35.3861
v 10.1374 24.0630 -34.8979
v 11.3160 24.0758 -36.8032
v 9.6235 24.0677 -37.0786
v 10.1374 24.0630 -34.8979
v 11.0406 24.0686 -35.1107
v 11.3160 24.0758 -36.8032
v 10.1723 25.2300 -35.1471
v 9.3822 25.2294 -36.2442
v 10.3133 27.5657 -36.0827
v 9.3822 25.2294 -36.2442
v 10.4793 25.2380 -37.0343
v 10.3133 27.5657 -36.0827
v 10.4793 25.2380 -37.0343
v 11.2694 25.2385 -35.9371
v 10.3133 27.5657 -36.0827
v 11.2694 25.2385 -35.9371
v 10.1723 25.2300 -35.1471
v 10.3133 27.5657 -36.0827
v 10.1723 25.2300 -35.1471
v 10.4793 25.2380 -37.0343
v 9.3822 25.2294 -36.2442
v 10.1723 25.2300 -35.1471
v 11.2694 25.2385 -35.9371
v 10.4793 25.2380 -37.0343
v 9.7707 26.3956 -35.6915
v 9.9243 26.3996 -36.6356
v 10.3070 28.7316 -36.0788
v 9.9243 26.3996 -36.6356
v 10.8684 26.4042 -36.4819
v 10.3070 28.7316 -36.0788
v 10.8684 26.4042 -36.4819
v 10.7148 26.4001 -35.5379
v 10.3070 28.7316 -36.0788
v 10.7148 26.4001 -35.5379
v 9.7707 26.3956 -35.6915
v 10.3070 28.7316 -36.0788
v 9.7707 26.3956 -35.6915
v 10.8684 26.4042 -36.4819
v 9.9243 26.3996 -36.6356
v 9.7707 26.3956 -35.6915
v 10.7148 26.4001 -35.5379
v 10.8684 26.4042 -36.4819
v -10.0318 20.7103 1.3999
v -10.8314 20.6864 0.8793
v -9.8587 23.1005 0.1496
v -10.8314 20.6864 0.8793
v -10.5079 20.6762 -0.8544
v -9.8587 23.1005 0.1496
v -10.5079 20.6762 -0.8544
v -8.7747 20.7198 -0.5312
v -9.8587 23.1005 0.1496
v -8.7747 20.7198 -0.5312
v -9.0982 20.7299 1.2024
v -9.8587 23.1005 0.1496
v -9.0982 20.7299 1.2024
v -10.0318 20.7103 1.3999
v -9.8587 23.1005 0.1496
v -10.0318 20.7103 1.3999
v -10.5079 20.6762 -0.8544
v -10.8314 20.6864 0.8793
v -10.0318 20.7103 1.3999
v -8.7747 20.7198 -0.5312
v -10.5079 20.6762 -0.8544
v -10.0318 20.7103 1.3999
v -9.0982 20.7299 1.2024
v -8.7747 20.7198 -0.5312
v -10.0112 21.9074 1.1283
v -10.7972 21.8775 -0.0184
v -9.8865 24.2991 0.1373
v -10.7972 21.8775 -0.0184
v -9.6505 21.8961 -0.8047
v -9.8865 24.2991 0.1373
v -9.6505 21.8961 -0.8047
v -8.8646 21.9260 0.3419
v -9.8865 24.2991 0.1373
v -8.8646 21.9260 0.3419
v -10.0112 21.9074 1.1283
v -9.8865 24.2991 0.1373
v -10.0112 21.9074 1.1283
v -9.6505 21.8961 -0.8047
v -10.7972 21.8775 -0.0184
v -10.0112 21.9074 1.1283
v -8.8646 21.9260 0.3419
v -9.6505 21.8961 -0.8047
v -10.4323 23.0912 0.5430
v -10.2519 23.0855 -0.4241
v -9.9143 25.4978 0.1251
v -10.2519 23.0855 -0.4241
v -9.2851 23.1098 -0.2438
v -9.9143 25.4978 0.1251
v -9.2851 23.1098 -0.2438
v -9.4655 23.1154 0.7232
v -9.9143 25.4978 0.1251
v -9.4655 23.1154 0.7232
v -10.4323 23.0912 0.5430
v -9.9143 25.4978 0.1251
v -10.4323 23.0912 0.5430
v -9.2851 23.1098 -0.2438
v -10.2519 23.0855 -0.4241
v -10.4323 23.0912 0.5430
v -9.4655 23.1154 0.7232
v -9.2851 23.1098 -0.2438
v 15.7831 18.4575 30.7192
v 16.9617 18.4876 30.7798
v 16.2221 21.4189 32.2075
v 16.9617 18.4876 30.7798
v 17.6923 18.4825 32.8352
v 16.2221 21.4189 32.2075
v 17.6923 18.4825 32.8352
v 15.6377 18.4201 33.5653
v 16.2221 21.4189 32.2075
v 15.6377 18.4201 33.5653
v 14.9072 18.4253 31.5099
v 16.2221 21.4189 32.2075
v 14.9072 18.4253 31.5099
v 15.7831 18.4575 30.7192
v 16.2221 21.4189 32.2075
v 15.7831 18.4575 30.7192
v 17.6923 18.4825 32.8352
v 16.9617 18.4876 30.7798
v 15.7831 18.4575 30.7192
v 15.6377 18.4201 33.5653
v 17.6923 18.4825 32.8352
v 15.7831 18.4575 30.7192
v 14.9072 18.4253 31.5099
v 15.6377 18.4201 33.5653
v 15.8536 19.9392 31.0442
v 17.4064 19.9711 31.7830
v 16.1833 22.9013 32.2250
v 17.4064 19.9711 31.7830
v 16.6682 19.9335 33.3360
v 16.1833 22.9013 32.2250
v 16.6682 19.9335 33.3360
v 15.1154 19.9016 32.5971
v 16.1833 22.9013 32.2250
v 15.1154 19.9016 32.5971
v 15.8536 19.9392 31.0442
v 16.1833 22.9013 32.2250
v 15.8536 19.9392 31.0442
v 16.6682 19.9335 33.3360
v 17.4064 19.9711 31.7830
v 15.8536 19.9392 31.0442
v 15.1154 19.9016 32.5971
v 16.6682 19.9335 33.3360
v 16.5914 21.4377 31.4307
v 16.9989 21.4348 32.5771
v 16.1445 24.3838 32.2425
v 16.9989 21.4348 32.5771
v 15.8528 21.4000 32.9844
v 16.1445 24.3838 32.2425
v 15.8528 21.4000 32.9844
v 15.4454 21.4029 31.8379
v 16.1445 24.3838 32.2425
v 15.4454 21.4029 31.8379
v 16.5914 21.4377 31.4307
v 16.1445 24.3838 32.2425
v 16.5914 21.4377 31.4307
v 15.8528 21.4000 32.9844
v 16.9989 21.4348 32.5771
v 16.5914 21.4377 31.4307
v 15.4454 21.4029 31.8379
v 15.8528 21.4000 32.9844
v 5.2462 24.3821 -42.9512
v 5.9933 24.4129 -42.3972
v 4.8861 26.7326 -41.8148
v 5.9933 24.4129 -42.3972
v 5.5753 24.4320 -40.7292
v 4.8861 26.7326 -41.8148
v 5.5753 24.4320 -40.7292
v 3.9080 24.3783 -41.1465
v 4.8861 26.7326 -41.8148
v 3.9080 24.3783 -41.1465
v 4.3259 24.3592 -42.8144
v 4.8861 26.7326 -41.8148
v 4.3259 24.3592 -42.8144
v 5.2462 24.3821 -42.9512
v 4.8861 26.7326 -41.8148
v 5.2462 24.3821 -42.9512
v 5.5753 24.4320 -40.7292
v 5.9933 24.4129 -42.3972
v 5.2462 24.3821 -42.9512
v 3.9080 24.3783 -41.1465
v 5.5753 24.4320 -40.7292
v 5.2462 24.3821 -42.9512
v 4.3259 24.3592 -42.8144
v 3.9080 24.3783 -41.1465
v 5.1514 25.5534 -42.7232
v 5.8480 25.5940 -41.5607
v 4.8539 27.9011 -41.8363
v 5.8480 25.5940 -41.5607
v 4.6853 25.5748 -40.8634
v 4.8539 27.9011 -41.8363
v 4.6853 25.5748 -40.8634
v 3.9888 25.5342 -42.0259
v 4.8539 27.9011 -41.8363
v 3.9888 25.5342 -42.0259
v 5.1514 25.5534 -42.7232
v 4.8539 27.9011 -41.8363
v 5.1514 25.5534 -42.7232
v 4.6853 25.5748 -40.8634
v 5.8480 25.5940 -41.5607
v 5.1514 25.5534 -42.7232
v 3.9888 25.5342 -42.0259
v 4.6853 25.5748 -40.8634
v 5.4677 26.7423 -42.1636
v 5.2346 26.7529 -41.2332
v 4.8216 29.0697 -41.8577
v 5.2346 26.7529 -41.2332
v 4.3045 26.7230 -41.4660
v 4.8216 29.0697 -41.8577
v 4.3045 26.7230 -41.4660
v 4.5377 26.7123 -42.3963
v 4.8216 29.0697 -41.8577
v 4.5377 26.7123 -42.3963
v 5.4677 26.7423 -42.1636
v 4.8216 29.0697 -41.8577
v 5.4677 26.7423 -42.1636
v 4.3045 26.7230 -41.4660
v 5.2346 26.7529 -41.2332
v 5.4677 26.7423 -42.1636
v 4.5377 26.7123 -42.3963
v 4.3045 26.7230 -41.4660
v -39.8424 19.8573 -5.6574
v -40.0840 19.7451 -4.6544
v -41.3135 22.3593 -5.1949
v -40.0840 19.7451 -4.6544
v -41.9754 19.6187 -4.3648
v -41.3135 22.3593 -5.1949
v -41.9754 19.6187 -4.3648
v -42.2757 19.7908 -6.2510
v -41.3135 22.3593 -5.1949
v -42.2757 19.7908 -6.2510
v -40.3843 19.9172 -6.5405
v -41.3135 22.3593 -5.1949
v -40.3843 19.9172 -6.5405
v -39.8424 19.8573 -5.6574
v -41.3135 22.3593 -5.1949
v -39.8424 19.8573 -5.6574
v -41.9754 19.6187 -4.3648
v -40.0840 19.7451 -4.6544
v -39.8424 19.8573 -5.6574
v -42.2757 19.7908 -6.2510
v -41.9754 19.6187 -4.3648
v -39.8424 19.8573 -5.6574
v -40.3843 19.9172 -6.5405
v -42.2757 19.7908 -6.2510
v -40.1922 21.1341 -5.4852
v -41.0793 20.9677 -4.2722
v -41.3804 23.6550 -5.0660
v -41.0793 20.9677 -4.2722
v -42.3012 20.9932 -5.1624
v -41.3804 23.6550 -5.0660
v -42.3012 20.9932 -5.1624
v -41.4141 21.1596 -6.3754
v -41.3804 23.6550 -5.0660
v -41.4141 21.1596 -6.3754
v -40.1922 21.1341 -5.4852
v -41.3804 23.6550 -5.0660
v -40.1922 21.1341 -5.4852
v -42.3012 20.9932 -5.1624
v -41.0793 20.9677 -4.2722
v -40.1922 21.1341 -5.4852
v -41.4141 21.1596 -6.3754
v -42.3012 20.9932 -5.1624
v -40.7023 22.3465 -4.7496
v -41.7573 22.2760 -4.5881
v -41.4472 24.9507 -4.9371
v -41.7573 22.2760 -4.5881
v -41.9248 22.3721 -5.6402
v -41.4472 24.9507 -4.9371
v -41.9248 22.3721 -5.6402
v -40.8698 22.4426 -5.8017
v -41.4472 24.9507 -4.9371
v -40.8698 22.4426 -5.8017
v -40.7023 22.3465 -4.7496
v -41.4472 24.9507 -4.9371
v -40.7023 22.3465 -4.7496
v -41.9248 22.3721 -5.6402
v -41.7573 22.2760 -4.5881
v -40.7023 22.3465 -4.7496
v -40.8698 22.4426 -5.8017
v -41.9248 22.3721 -5.6402
v -8.7591 21.5821 -7.1550
v -8.6647 21.5640 -7.9323
v -7.8889 23.5942 -7.4907
v -8.6647 21.5640 -7.9323
v -7.2730 21.6328 -8.3228
v -7.8889 23.5942 -7.4907
v -7.2730 21.6328 -8.3228
v -6.8854 21.6975 -6.9301
v -7.8889 23.5942 -7.4907
v -6.8854 21.6975 -6.9301
v -8.2771 21.6287 -6.5396
v -7.8889 23.5942 -7.4907
v -8.2771 21.6287 -6.5396
v -8.7591 21.5821 -7.1550
v -7.8889 23.5942 -7.4907
v -8.7591 21.5821 -7.1550
v -7.2730 21.6328 -8.3228
v -8.6647 21.5640 -7.9323
v -8.7591 21.5821 -7.1550
v -6.8854 21.6975 -6.9301
v -7.2730 21.6328 -8.3228
v -8.7591 21.5821 -7.1550
v -8.2771 21.6287 -6.5396
v -6.8854 21.6975 -6.9301
v -8.6078 22.5741 -7.2432
v -8.0481 22.5764 -8.2374
v -7.9458 24.5759 -7.5205
v -8.0481 22.5764 -8.2374
v -7.0561 22.6508 -7.6787
v -7.9458 24.5759 -7.5205
v -7.0561 22.6508 -7.6787
v -7.6159 22.6485 -6.6845
v -7.9458 24.5759 -7.5205
v -7.6159 22.6485 -6.6845
v -8.6078 22.5741 -7.2432
v -7.9458 24.5759 -7.5205
v -8.6078 22.5741 -7.2432
v -7.0561 22.6508 -7.6787
v -8.0481 22.5764 -8.2374
v -8.6078 22.5741 -7.2432
v -7.6159 22.6485 -6.6845
v -7.0561 22.6508 -7.6787
v -8.3851 23.5570 -7.7702
v -7.6089 23.5954 -7.9880
v -8.0027 25.5577 -7.5502
v -7.6089 23.5954 -7.9880
v -7.3927 23.6315 -7.2112
v -8.0027 25.5577 -7.5502
v -7.3927 23.6315 -7.2112
v -8.1689 23.5931 -6.9934
v -8.0027 25.5577 -7.5502
v -8.1689 23.5931 -6.9934
v -8.3851 23.5570 -7.7702
v -8.0027 25.5577 -7.5502
v -8.3851 23.5570 -7.7702
v -7.3927 23.6315 -7.2112
v -7.6089 23.5954 -7.9880
v -8.3851 23.5570 -7.7702
v -8.1689 23.5931 -6.9934
v -7.3927 23.6315 -7.2112
v 5.7044 22.3241 -3.6754
v 5.5812 22.3901 -4.8101
v 7.3583 25.0428 -4.2728
v 5.5812 22.3901 -4.8101
v 7.4195 22.2073 -5.8349
v 7.3583 25.0428 -4.2728
v 7.4195 22.2073 -5.8349
v 8.4274 21.9996 -3.9899
v 7.3583 25.0428 -4.2728
v 8.4274 21.9996 -3.9899
v 6.5891 22.1824 -2.9651
v 7.3583 25.0428 -4.2728
v 6.5891 22.1824 -2.9651
v 5.7044 22.3241 -3.6754
v 7.3583 25.0428 -4.2728
v 5.7044 22.3241 -3.6754
v 7.4195 22.2073 -5.8349
v 5.5812 22.3901 -4.8101
v 5.7044 22.3241 -3.6754
v 8.4274 21.9996 -3.9899
v 7.4195 22.2073 -5.8349
v 5.7044 22.3241 -3.6754
v 6.5891 22.1824 -2.9651
v 8.4274 21.9996 -3.9899
v 6.1564 23.7207 -3.7650
v 6.6194 23.7346 -5.3651
v 7.5353 26.4668 -4.2092
v 6.6194 23.7346 -5.3651
v 8.2062 23.5170 -4.9078
v 7.5353 26.4668 -4.2092
v 8.2062 23.5170 -4.9078
v 7.7433 23.5030 -3.3078
v 7.5353 26.4668 -4.2092
v 7.7433 23.5030 -3.3078
v 6.1564 23.7207 -3.7650
v 7.5353 26.4668 -4.2092
v 6.1564 23.7207 -3.7650
v 8.2062 23.5170 -4.9078
v 6.6194 23.7346 -5.3651
v 6.1564 23.7207 -3.7650
v 7.7433 23.5030 -3.3078
v 8.2062 23.5170 -4.9078
v 6.5645 25.1517 -4.5016
v 7.5899 25.0498 -5.0732
v 7.7123 27.8908 -4.1456
v 7.5899 25.0498 -5.0732
v 8.1521 24.9339 -4.0441
v 7.7123 27.8908 -4.1456
v 8.1521 24.9339 -4.0441
v 7.1267 25.0359 -3.4724
v 7.7123 27.8908 -4.1456
v 7.1267 25.0359 -3.4724
v 6.5645 25.1517 -4.5016
v 7.7123 27.8908 -4.1456
v 6.5645 25.1517 -4.5016
v 8.1521 24.9339 -4.0441
v 7.5899 25.0498 -5.0732
v 6.5645 25.1517 -4.5016
v 7.1267 25.0359 -3.4724
v 8.1521 24.9339 -4.0441
v -40.2513 20.4867 -21.7034
v -40.6809 20.4862 -21.1038
v -41.2493 22.3033 -21.9631
v -40.6809 20.4862 -21.1038
v -42.0074 20.4363 -21.4126
v -41.2493 22.3033 -21.9631
v -42.0074 20.4363 -21.4126
v -41.6978 20.4167 -22.7397
v -41.2493 22.3033 -21.9631
v -41.6978 20.4167 -22.7397
v -40.3712 20.4666 -22.4309
v -41.2493 22.3033 -21.9631
v -40.3712 20.4666 -22.4309
v -40.2513 20.4867 -21.7034
v -41.2493 22.3033 -21.9631
v -40.2513 20.4867 -21.7034
v -42.0074 20.4363 -21.4126
v -40.6809 20.4862 -21.1038
v -40.2513 20.4867 -21.7034
v -41.6978 20.4167 -22.7397
v -42.0074 20.4363 -21.4126
v -40.2513 20.4867 -21.7034
v -40.3712 20.4666 -22.4309
v -41.6978 20.4167 -22.7397
v -40.4797 21.4052 -21.7703
v -41.3920 21.3883 -21.2025
v -41.2793 23.2293 -21.9838
v -41.3920 21.3883 -21.2025
v -41.9589 21.3496 -22.1146
v -41.2793 23.2293 -21.9838
v -41.9589 21.3496 -22.1146
v -41.0467 21.3665 -22.6823
v -41.2793 23.2293 -21.9838
v -41.0467 21.3665 -22.6823
v -40.4797 21.4052 -21.7703
v -41.2793 23.2293 -21.9838
v -40.4797 21.4052 -21.7703
v -41.9589 21.3496 -22.1146
v -41.3920 21.3883 -21.2025
v -40.4797 21.4052 -21.7703
v -41.0467 21.3665 -22.6823
v -41.9589 21.3496 -22.1146
v -40.9657 22.3227 -21.5068
v -41.7056 22.2949 -21.6791
v -41.3093 24.1552 -22.0045
v -41.7056 22.2949 -21.6791
v -41.5329 22.2840 -22.4194
v -41.3093 24.1552 -22.0045
v -41.5329 22.2840 -22.4194
v -40.7930 22.3118 -22.2471
v -41.3093 24.1552 -22.0045
v -40.7930 22.3118 -22.2471
v -40.9657 22.3227 -21.5068
v -41.3093 24.1552 -22.0045
v -40.9657 22.3227 -21.5068
v -41.5329 22.2840 -22.4194
v -41.7056 22.2949 -21.6791
v -40.9657 22.3227 -21.5068
v -40.7930 22.3118 -22.2471
v -41.5329 22.2840 -22.4194
v -20.8431 21.6236 -8.6767
v -22.1269 21.5197 -8.0269
v -22.5004 25.1912 -9.7794
v -22.1269 21.5197 -8.0269
v -24.1471 21.4523 -9.7646
v -22.5004 25.1912 -9.7794
v -24.1471 21.4523 -9.7646
v -22.4163 21.6322 -11.7838
v -22.5004 25.1912 -9.7794
v -22.4163 21.6322 -11.7838
v -20.3961 21.6996 -10.0461
v -22.5004 25.1912 -9.7794
v -20.3961 21.6996 -10.0461
v -20.8431 21.6236 -8.6767
v -22.5004 25.1912 -9.7794
v -20.8431 21.6236 -8.6767
v -24.1471 21.4523 -9.7646
v -22.1269 21.5197 -8.0269
v -20.8431 21.6236 -8.6767
v -22.4163 21.6322 -11.7838
v -24.1471 21.4523 -9.7646
v -20.8431 21.6236 -8.6767
v -20.3961 21.6996 -10.0461
v -22.4163 21.6322 -11.7838
v -21.2597 23.4211 -8.8736
v -23.3510 23.2833 -8.7167
v -22.6149 26.9988 -9.7165
v -23.3510 23.2833 -8.7167
v -23.5123 23.3460 -10.8112
v -22.6149 26.9988 -9.7165
v -23.5123 23.3460 -10.8112
v -21.4211 23.4839 -10.9682
v -22.6149 26.9988 -9.7165
v -21.4211 23.4839 -10.9682
v -21.2597 23.4211 -8.8736
v -22.6149 26.9988 -9.7165
v -21.2597 23.4211 -8.8736
v -23.5123 23.3460 -10.8112
v -23.3510 23.2833 -8.7167
v -21.2597 23.4211 -8.8736
v -21.4211 23.4839 -10.9682
v -23.5123 23.3460 -10.8112
v -22.4197 25.1598 -8.7317
v -23.5466 25.1222 -9.7009
v -22.7293 28.8064 -9.6535
v -23.5466 25.1222 -9.7009
v -22.5811 25.2226 -10.8272
v -22.7293 28.8064 -9.6535
v -22.5811 25.2226 -10.8272
v -21.4543 25.2601 -9.8580
v -22.7293 28.8064 -9.6535
v -21.4543 25.2601 -9.8580
v -22.4197 25.1598 -8.7317
v -22.7293 28.8064 -9.6535
v -22.4197 25.1598 -8.7317
v -22.5811 25.2226 -10.8272
v -23.5466 25.1222 -9.7009
v -22.4197 25.1598 -8.7317
v -21.4543 25.2601 -9.8580
v -22.5811 25.2226 -10.8272
v -49.8129 17.0421 18.4202
v -49.7491 16.9851 19.2047
v -50.8437 18.9261 19.0378
v -49.7491 16.9851 19.2047
v -51.0443 16.8588 19.8621
v -50.8437 18.9261 19.0378
v -51.0443 16.8588 19.8621
v -51.7084 16.9204 18.5656
v -50.8437 18.9261 19.0378
v -51.7084 16.9204 18.5656
v -50.4132 17.0467 17.9081
v -50.8437 18.9261 19.0378
v -50.4132 17.0467 17.9081
v -49.8129 17.0421 18.4202
v -50.8437 18.9261 19.0378
v -49.8129 17.0421 18.4202
v -51.0443 16.8588 19.8621
v -49.7491 16.9851 19.2047
v -49.8129 17.0421 18.4202
v -51.7084 16.9204 18.5656
v -51.0443 16.8588 19.8621
v -49.8129 17.0421 18.4202
v -50.4132 17.0467 17.9081
v -51.7084 16.9204 18.5656
v -50.0641 18.0099 18.5949
v -50.4159 17.9051 19.6843
v -50.9012 19.9128 19.1141
v -50.4159 17.9051 19.6843
v -51.5083 17.8690 19.3280
v -50.9012 19.9128 19.1141
v -51.5083 17.8690 19.3280
v -51.1565 17.9738 18.2386
v -50.9012 19.9128 19.1141
v -51.1565 17.9738 18.2386
v -50.0641 18.0099 18.5949
v -50.9012 19.9128 19.1141
v -50.0641 18.0099 18.5949
v -51.5083 17.8690 19.3280
v -50.4159 17.9051 19.6843
v -50.0641 18.0099 18.5949
v -51.1565 17.9738 18.2386
v -51.5083 17.8690 19.3280
v -50.2972 18.9442 19.2160
v -51.0197 18.8737 19.5827
v -50.9587 20.8995 19.1904
v -51.0197 18.8737 19.5827
v -51.3902 18.9081 18.8595
v -50.9587 20.8995 19.1904
v -51.3902 18.9081 18.8595
v -50.6677 18.9785 18.4928
v -50.9587 20.8995 19.1904
v -50.6677 18.9785 18.4928
v -50.2972 18.9442 19.2160
v -50.9587 20.8995 19.1904
v -50.2972 18.9442 19.2160
v -51.3902 18.9081 18.8595
v -51.0197 18.8737 19.5827
v -50.2972 18.9442 19.2160
v -50.6677 18.9785 18.4928
v -51.3902 18.9081 18.8595
v -38.5139 19.4134 -0.1074
v -38.0983 19.3893 -1.0030
v -37.2245 21.8953 -0.1204
v -38.0983 19.3893 -1.0030
v -36.2750 19.3912 -0.9270
v -37.2245 21.8953 -0.1204
v -36.2750 19.3912 -0.9270
v -36.3510 19.4402 0.8956
v -37.2245 21.8953 -0.1204
v -36.3510 19.4402 0.8956
v -38.1742 19.4383 0.8197
v -37.2245 21.8953 -0.1204
v -38.1742 19.4383 0.8197
v -38.5139 19.4134 -0.1074
v -37.2245 21.8953 -0.1204
v -38.5139 19.4134 -0.1074
v -36.2750 19.3912 -0.9270
v -38.0983 19.3893 -1.0030
v -38.5139 19.4134 -0.1074
v -36.3510 19.4402 0.8956
v -36.2750 19.3912 -0.9270
v -38.5139 19.4134 -0.1074
v -38.1742 19.4383 0.8197
v -36.3510 19.4402 0.8956
v -38.2411 20.6539 -0.1294
v -37.1822 20.6277 -1.1032
v -37.2245 23.1356 -0.1538
v -37.1822 20.6277 -1.1032
v -36.2080 20.6561 -0.0447
v -37.2245 23.1356 -0.1538
v -36.2080 20.6561 -0.0447
v -37.2669 20.6824 0.9291
v -37.2245 23.1356 -0.1538
v -37.2669 20.6824 0.9291
v -38.2411 20.6539 -0.1294
v -37.2245 23.1356 -0.1538
v -38.2411 20.6539 -0.1294
v -36.2080 20.6561 -0.0447
v -37.1822 20.6277 -1.1032
v -38.2411 20.6539 -0.1294
v -37.2669 20.6824 0.9291
v -36.2080 20.6561 -0.0447
v -37.7118 21.8811 -0.6499
v -36.6948 21.8822 -0.6076
v -37.2244 24.3759 -0.1871
v -36.6948 21.8822 -0.6076
v -36.7372 21.9095 0.4091
v -37.2244 24.3759 -0.1871
v -36.7372 21.9095 0.4091
v -37.7542 21.9084 0.3667
v -37.2244 24.3759 -0.1871
v -37.7542 21.9084 0.3667
v -37.7118 21.8811 -0.6499
v -37.2244 24.3759 -0.1871
v -37.7118 21.8811 -0.6499
v -36.7372 21.9095 0.4091
v -36.6948 21.8822 -0.6076
v -37.7118 21.8811 -0.6499
v -37.7542 21.9084 0.3667
v -36.7372 21.9095 0.4091
v 9.1725 22.1514 -4.7241
v 8.9454 22.2135 -5.5473
v 10.2537 24.2412 -5.3099
v 8.9454 22.2135 -5.5473
v 10.1874 22.1439 -6.5249
v 10.2537 24.2412 -5.3099
v 10.1874 22.1439 -6.5249
v 11.1559 21.9907 -5.2834
v 10.2537 24.2412 -5.3099
v 11.1559 21.9907 -5.2834
v 9.9140 22.0604 -4.3058
v 10.2537 24.2412 -5.3099
v 9.9140 22.0604 -4.3058
v 9.1725 22.1514 -4.7241
v 10.2537 24.2412 -5.3099
v 9.1725 22.1514 -4.7241
v 10.1874 22.1439 -6.5249
v 8.9454 22.2135 -5.5473
v 9.1725 22.1514 -4.7241
v 11.1559 21.9907 -5.2834
v 10.1874 22.1439 -6.5249
v 9.1725 22.1514 -4.7241
v 9.9140 22.0604 -4.3058
v 11.1559 21.9907 -5.2834
v 9.4597 23.2105 -4.8176
v 9.6122 23.2570 -6.0548
v 10.3552 25.3107 -5.2571
v 9.6122 23.2570 -6.0548
v 10.8446 23.1328 -5.9076
v 10.3552 25.3107 -5.2571
v 10.8446 23.1328 -5.9076
v 10.6922 23.0863 -4.6704
v 10.3552 25.3107 -5.2571
v 10.6922 23.0863 -4.6704
v 9.4597 23.2105 -4.8176
v 10.3552 25.3107 -5.2571
v 9.4597 23.2105 -4.8176
v 10.8446 23.1328 -5.9076
v 9.6122 23.2570 -6.0548
v 9.4597 23.2105 -4.8176
v 10.6922 23.0863 -4.6704
v 10.8446 23.1328 -5.9076
v 9.6372 24.3033 -5.3835
v 10.3299 24.2645 -5.9287
v 10.4567 26.3803 -5.2044
v 10.3299 24.2645 -5.9287
v 10.8702 24.1791 -5.2363
v 10.4567 26.3803 -5.2044
v 10.8702 24.1791 -5.2363
v 10.1774 24.2179 -4.6910
v 10.4567 26.3803 -5.2044
v 10.1774 24.2179 -4.6910
v 9.6372 24.3033 -5.3835
v 10.4567 26.3803 -5.2044
v 9.6372 24.3033 -5.3835
v 10.8702 24.1791 -5.2363
v 10.3299 24.2645 -5.9287
v 9.6372 24.3033 -5.3835
v 10.1774 24.2179 -4.6910
v 10.8702 24.1791 -5.2363
v -12.4203 25.3330 -50.2096
v -11.6514 25.2654 -51.4368
v -10.2268 28.7880 -49.8820
v -11.6514 25.2654 -51.4368
v -9.0220 25.0219 -50.9868
v -10.2268 28.7880 -49.8820
v -9.0220 25.0219 -50.9868
v -9.4707 25.0563 -48.3461
v -10.2268 28.7880 -49.8820
v -9.4707 25.0563 -48.3461
v -12.1001 25.2998 -48.7961
v -10.2268 28.7880 -49.8820
v -12.1001 25.2998 -48.7961
v -12.4203 25.3330 -50.2096
v -10.2268 28.7880 -49.8820
v -12.4203 25.3330 -50.2096
v -9.0220 25.0219 -50.9868
v -11.6514 25.2654 -51.4368
v -12.4203 25.3330 -50.2096
v -9.4707 25.0563 -48.3461
v -9.0220 25.0219 -50.9868
v -12.4203 25.3330 -50.2096
v -12.1001 25.2998 -48.7961
v -9.4707 25.0563 -48.3461
v -11.8599 27.1102 -50.1376
v -10.1437 26.9552 -51.3589
v -10.0596 30.6016 -49.8772
v -10.1437 26.9552 -51.3589
v -8.9280 26.8387 -49.6358
v -10.0596 30.6016 -49.8772
v -8.9280 26.8387 -49.6358
v -10.6441 26.9937 -48.4145
v -10.0596 30.6016 -49.8772
v -10.6441 26.9937 -48.4145
v -11.8599 27.1102 -50.1376
v -10.0596 30.6016 -49.8772
v -11.8599 27.1102 -50.1376
v -8.9280 26.8387 -49.6358
v -10.1437 26.9552 -51.3589
v -11.8599 27.1102 -50.1376
v -10.6441 26.9937 -48.4145
v -8.9280 26.8387 -49.6358
v -10.8350 28.8463 -50.7439
v -9.3683 28.7105 -50.4929
v -9.8925 32.4152 -49.8725
v -9.3683 28.7105 -50.4929
v -9.6186 28.7297 -49.0200
v -9.8925 32.4152 -49.8725
v -9.6186 28.7297 -49.0200
v -11.0853 28.8656 -49.2710
v -9.8925 32.4152 -49.8725
v -11.0853 28.8656 -49.2710
v -10.8350 28.8463 -50.7439
v -9.8925 32.4152 -49.8725
v -10.8350 28.8463 -50.7439
v -9.6186 28.7297 -49.0200
v -9.3683 28.7105 -50.4929
v -10.8350 28.8463 -50.7439
v -11.0853 28.8656 -49.2710
v -9.6186 28.7297 -49.0200
v -46.8664 19.8693 -6.6275
v -47.8968 19.8368 -7.3004
v -46.6787 22.9797 -8.1913
v -47.8968 19.8368 -7.3004
v -47.4777 19.8638 -9.5361
v -46.6787 22.9797 -8.1913
v -47.4777 19.8638 -9.5361
v -45.2433 19.9401 -9.1163
v -46.6787 22.9797 -8.1913
v -45.2433 19.9401 -9.1163
v -45.6624 19.9130 -6.8806
v -46.6787 22.9797 -8.1913
v -45.6624 19.9130 -6.8806
v -46.8664 19.8693 -6.6275
v -46.6787 22.9797 -8.1913
v -46.8664 19.8693 -6.6275
v -47.4777 19.8638 -9.5361
v -47.8968 19.8368 -7.3004
v -46.8664 19.8693 -6.6275
v -45.2433 19.9401 -9.1163
v -47.4777 19.8638 -9.5361
v -46.8664 19.8693 -6.6275
v -45.6624 19.9130 -6.8806
v -45.2433 19.9401 -9.1163
v -46.8581 21.4190 -6.9534
v -47.8701 21.3916 -8.4339
v -46.7331 24.5254 -8.1828
v -47.8701 21.3916 -8.4339
v -46.3907 21.4492 -9.4463
v -46.7331 24.5254 -8.1828
v -46.3907 21.4492 -9.4463
v -45.3787 21.4766 -7.9658
v -46.7331 24.5254 -8.1828
v -45.3787 21.4766 -7.9658
v -46.8581 21.4190 -6.9534
v -46.7331 24.5254 -8.1828
v -46.8581 21.4190 -6.9534
v -46.3907 21.4492 -9.4463
v -47.8701 21.3916 -8.4339
v -46.8581 21.4190 -6.9534
v -45.3787 21.4766 -7.9658
v -46.3907 21.4492 -9.4463
v -47.4188 22.9509 -7.6849
v -47.1850 22.9660 -8.9319
v -46.7874 26.0710 -8.1743
v -47.1850 22.9660 -8.9319
v -45.9387 23.0085 -8.6978
v -46.7874 26.0710 -8.1743
v -45.9387 23.0085 -8.6978
v -46.1724 22.9934 -7.4507
v -46.7874 26.0710 -8.1743
v -46.1724 22.9934 -7.4507
v -47.4188 22.9509 -7.6849
v -46.7874 26.0710 -8.1743
v -47.4188 22.9509 -7.6849
v -45.9387 23.0085 -8.6978
v -47.1850 22.9660 -8.9319
v -47.4188 22.9509 -7.6849
v -46.1724 22.9934 -7.4507
v -45.9387 23.0085 -8.6978
v -17.3402 22.8711 -24.9552
v -17.9650 22.8497 -25.7574
v -16.7569 25.4388 -26.1229
v -17.9650 22.8497 -25.7574
v -17.0377 22.8683 -27.3920
v -16.7569 25.4388 -26.1229
v -17.0377 22.8683 -27.3920
v -15.4040 22.9189 -26.4645
v -16.7569 25.4388 -26.1229
v -15.4040 22.9189 -26.4645
v -16.3313 22.9003 -24.8300
v -16.7569 25.4388 -26.1229
v -16.3313 22.9003 -24.8300
v -17.3402 22.8711 -24.9552
v -16.7569 25.4388 -26.1229
v -17.3402 22.8711 -24.9552
v -17.0377 22.8683 -27.3920
v -17.9650 22.8497 -25.7574
v -17.3402 22.8711 -24.9552
v -15.4040 22.9189 -26.4645
v -17.0377 22.8683 -27.3920
v -17.3402 22.8711 -24.9552
v -16.3313 22.9003 -24.8300
v -15.4040 22.9189 -26.4645
v -17.2377 24.1512 -25.2057
v -17.6315 24.1333 -26.6340
v -16.7931 26.7160 -26.1289
v -17.6315 24.1333 -26.6340
v -16.2037 24.1719 -27.0282
v -16.7931 26.7160 -26.1289
v -16.2037 24.1719 -27.0282
v -15.8098 24.1898 -25.5999
v -16.7931 26.7160 -26.1289
v -15.8098 24.1898 -25.5999
v -17.2377 24.1512 -25.2057
v -16.7931 26.7160 -26.1289
v -17.2377 24.1512 -25.2057
v -16.2037 24.1719 -27.0282
v -17.6315 24.1333 -26.6340
v -17.2377 24.1512 -25.2057
v -15.8098 24.1898 -25.5999
v -16.2037 24.1719 -27.0282
v -17.4711 25.4195 -25.9258
v -16.9539 25.4299 -26.8375
v -16.8292 27.9933 -26.1349
v -16.9539 25.4299 -26.8375
v -16.0426 25.4581 -26.3201
v -16.8292 27.9933 -26.1349
v -16.0426 25.4581 -26.3201
v -16.5598 25.4477 -25.4084
v -16.8292 27.9933 -26.1349
v -16.5598 25.4477 -25.4084
v -17.4711 25.4195 -25.9258
v -16.8292 27.9933 -26.1349
v -17.4711 25.4195 -25.9258
v -16.0426 25.4581 -26.3201
v -16.9539 25.4299 -26.8375
v -17.4711 25.4195 -25.9258
v -16.5598 25.4477 -25.4084
v -16.0426 25.4581 -26.3201
v 2.1664 23.6778 -15.4698
v 3.0205 23.5703 -16.6831
v 4.2527 27.3306 -15.2370
v 3.0205 23.5703 -16.6831
v 5.6997 23.4642 -16.0775
v 4.2527 27.3306 -15.2370
v 5.6997 23.4642 -16.0775
v 5.1013 23.6353 -13.4000
v 4.2527 27.3306 -15.2370
v 5.1013 23.6353 -13.4000
v 2.4221 23.7415 -14.0056
v 4.2527 27.3306 -15.2370
v 2.4221 23.7415 -14.0056
v 2.1664 23.6778 -15.4698
v 4.2527 27.3306 -15.2370
v 2.1664 23.6778 -15.4698
v 5.6997 23.4642 -16.0775
v 3.0205 23.5703 -16.6831
v 2.1664 23.6778 -15.4698
v 5.1013 23.6353 -13.4000
v 5.6997 23.4642 -16.0775
v 2.1664 23.6778 -15.4698
v 2.4221 23.7415 -14.0056
v 5.1013 23.6353 -13.4000
v 2.6631 25.5259 -15.4769
v 4.4904 25.3713 -16.6320
v 4.3486 29.1945 -15.3347
v 4.4904 25.3713 -16.6320
v 5.6505 25.4075 -14.8017
v 4.3486 29.1945 -15.3347
v 5.6505 25.4075 -14.8017
v 3.8232 25.5621 -13.6466
v 4.3486 29.1945 -15.3347
v 3.8232 25.5621 -13.6466
v 2.6631 25.5259 -15.4769
v 4.3486 29.1945 -15.3347
v 2.6631 25.5259 -15.4769
v 5.6505 25.4075 -14.8017
v 4.4904 25.3713 -16.6320
v 2.6631 25.5259 -15.4769
v 3.8232 25.5621 -13.6466
v 5.6505 25.4075 -14.8017
v 3.6724 27.3125 -16.1526
v 5.1668 27.2533 -15.8148
v 4.4445 31.0584 -15.4325
v 5.1668 27.2533 -15.8148
v 4.8330 27.3488 -14.3214
v 4.4445 31.0584 -15.4325
v 4.8330 27.3488 -14.3214
v 3.3386 27.4079 -14.6592
v 4.4445 31.0584 -15.4325
v 3.3386 27.4079 -14.6592
v 3.6724 27.3125 -16.1526
v 4.4445 31.0584 -15.4325
v 3.6724 27.3125 -16.1526
v 4.8330 27.3488 -14.3214
v 5.1668 27.2533 -15.8148
v 3.6724 27.3125 -16.1526
v 3.3386 27.4079 -14.6592
v 4.8330 27.3488 -14.3214
v -40.4269 15.9916 31.9527
v -40.1450 15.9538 32.6973
v -41.0629 18.0159 32.7229
v -40.1450 15.9538 32.6973
v -41.2156 15.9906 33.7080
v -41.0629 18.0159 32.7229
v -41.2156 15.9906 33.7080
v -42.2231 16.0814 32.6375
v -41.0629 18.0159 32.7229
v -42.2231 16.0814 32.6375
v -41.1524 16.0446 31.6268
v -41.0629 18.0159 32.7229
v -41.1524 16.0446 31.6268
v -40.4269 15.9916 31.9527
v -41.0629 18.0159 32.7229
v -40.4269 15.9916 31.9527
v -41.2156 15.9906 33.7080
v -40.1450 15.9538 32.6973
v -40.4269 15.9916 31.9527
v -42.2231 16.0814 32.6375
v -41.2156 15.9906 33.7080
v -40.4269 15.9916 31.9527
v -41.1524 16.0446 31.6268
v -42.2231 16.0814 32.6375
v -40.5266 16.9963 32.1317
v -40.5618 16.9661 33.2920
v -41.0024 19.0151 32.7507
v -40.5618 16.9661 33.2920
v -41.7204 17.0373 33.2587
v -41.0024 19.0151 32.7507
v -41.7204 17.0373 33.2587
v -41.6852 17.0674 32.0983
v -41.0024 19.0151 32.7507
v -41.6852 17.0674 32.0983
v -40.5266 16.9963 32.1317
v -41.0024 19.0151 32.7507
v -40.5266 16.9963 32.1317
v -41.7204 17.0373 33.2587
v -40.5618 16.9661 33.2920
v -40.5266 16.9963 32.1317
v -41.6852 17.0674 32.0983
v -41.7204 17.0373 33.2587
v -40.4834 17.9803 32.7396
v -41.0806 18.0009 33.3034
v -40.9419 20.0142 32.7785
v -41.0806 18.0009 33.3034
v -41.6425 18.0515 32.7062
v -40.9419 20.0142 32.7785
v -41.6425 18.0515 32.7062
v -41.0453 18.0310 32.1425
v -40.9419 20.0142 32.7785
v -41.0453 18.0310 32.1425
v -40.4834 17.9803 32.7396
v -40.9419 20.0142 32.7785
v -40.4834 17.9803 32.7396
v -41.6425 18.0515 32.7062
v -41.0806 18.0009 33.3034
v -40.4834 17.9803 32.7396
v -41.0453 18.0310 32.1425
v -41.6425 18.0515 32.7062
v 11.1975 23.5363 -24.6008
v 11.8849 23.5555 -23.9649
v 10.7018 25.8721 -23.4457
v 11.8849 23.5555 -23.9649
v 11.2860 23.5322 -22.3413
v 10.7018 25.8721 -23.4457
v 11.2860 23.5322 -22.3413
v 9.6631 23.4842 -22.9407
v 10.7018 25.8721 -23.4457
v 9.6631 23.4842 -22.9407
v 10.2620 23.5075 -24.5643
v 10.7018 25.8721 -23.4457
v 10.2620 23.5075 -24.5643
v 11.1975 23.5363 -24.6008
v 10.7018 25.8721 -23.4457
v 11.1975 23.5363 -24.6008
v 11.2860 23.5322 -22.3413
v 11.8849 23.5555 -23.9649
v 11.1975 23.5363 -24.6008
v 9.6631 23.4842 -22.9407
v 11.2860 23.5322 -22.3413
v 11.1975 23.5363 -24.6008
v 10.2620 23.5075 -24.5643
v 9.6631 23.4842 -22.9407
v 11.0718 24.7090 -24.3544
v 11.6427 24.7228 -23.1151
v 10.6656 27.0483 -23.4421
v 11.6427 24.7228 -23.1151
v 10.4040 24.6830 -22.5441
v 10.6656 27.0483 -23.4421
v 10.4040 24.6830 -22.5441
v 9.8331 24.6692 -23.7834
v 10.6656 27.0483 -23.4421
v 9.8331 24.6692 -23.7834
v 11.0718 24.7090 -24.3544
v 10.6656 27.0483 -23.4421
v 11.0718 24.7090 -24.3544
v 10.4040 24.6830 -22.5441
v 11.6427 24.7228 -23.1151
v 11.0718 24.7090 -24.3544
v 9.8331 24.6692 -23.7834
v 10.4040 24.6830 -22.5441
v 11.3214 25.8920 -23.7314
v 10.9873 25.8790 -22.8257
v 10.6295 28.2244 -23.4386
v 10.9873 25.8790 -22.8257
v 10.0821 25.8522 -23.1600
v 10.6295 28.2244 -23.4386
v 10.0821 25.8522 -23.1600
v 10.4162 25.8652 -24.0656
v 10.6295 28.2244 -23.4386
v 10.4162 25.8652 -24.0656
v 11.3214 25.8920 -23.7314
v 10.6295 28.2244 -23.4386
v 11.3214 25.8920 -23.7314
v 10.0821 25.8522 -23.1600
v 10.9873 25.8790 -22.8257
v 11.3214 25.8920 -23.7314
v 10.4162 25.8652 -24.0656
v 10.0821 25.8522 -23.1600
v -52.3351 21.7398 -41.1175
v -51.9693 21.7203 -41.7936
v -51.3646 23.6889 -41.0858
v -51.9693 21.7203 -41.7936
v -50.5562 21.7467 -41.6483
v -51.3646 23.6889 -41.0858
v -50.5562 21.7467 -41.6483
v -50.7024 21.7966 -40.2359
v -51.3646 23.6889 -41.0858
v -50.7024 21.7966 -40.2359
v -52.1155 21.7702 -40.3813
v -51.3646 23.6889 -41.0858
v -52.1155 21.7702 -40.3813
v -52.3351 21.7398 -41.1175
v -51.3646 23.6889 -41.0858
v -52.3351 21.7398 -41.1175
v -50.5562 21.7467 -41.6483
v -51.9693 21.7203 -41.7936
v -52.3351 21.7398 -41.1175
v -50.7024 21.7966 -40.2359
v -50.5562 21.7467 -41.6483
v -52.3351 21.7398 -41.1175
v -52.1155 21.7702 -40.3813
v -50.7024 21.7966 -40.2359
v -52.1380 22.7090 -41.1313
v -51.2687 22.6959 -41.8377
v -51.3789 24.6541 -41.1214
v -51.2687 22.6959 -41.8377
v -50.5624 22.7384 -40.9693
v -51.3789 24.6541 -41.1214
v -50.5624 22.7384 -40.9693
v -51.4317 22.7515 -40.2629
v -51.3789 24.6541 -41.1214
v -51.4317 22.7515 -40.2629
v -52.1380 22.7090 -41.1313
v -51.3789 24.6541 -41.1214
v -52.1380 22.7090 -41.1313
v -50.5624 22.7384 -40.9693
v -51.2687 22.6959 -41.8377
v -52.1380 22.7090 -41.1313
v -51.4317 22.7515 -40.2629
v -50.5624 22.7384 -40.9693
v -51.7179 23.6676 -41.5203
v -50.9297 23.6824 -41.4392
v -51.3933 25.6194 -41.1570
v -50.9297 23.6824 -41.4392
v -51.0113 23.7102 -40.6514
v -51.3933 25.6194 -41.1570
v -51.0113 23.7102 -40.6514
v -51.7995 23.6954 -40.7325
v -51.3933 25.6194 -41.1570
v -51.7995 23.6954 -40.7325
v -51.7179 23.6676 -41.5203
v -51.3933 25.6194 -41.1570
v -51.7179 23.6676 -41.5203
v -51.0113 23.7102 -40.6514
v -50.9297 23.6824 -41.4392
v -51.7179 23.6676 -41.5203
v -51.7995 23.6954 -40.7325
v -51.0113 23.7102 -40.6514
v -11.2298 22.5795 -12.2109
v -10.2691 22.7974 -11.0932
v -12.7470 26.1791 -10.6158
v -10.2691 22.7974 -11.0932
v -11.4814 22.6812 -8.6242
v -12.7470 26.1791 -10.6158
v -11.4814 22.6812 -8.6242
v -13.9050 22.1971 -9.8370
v -12.7470 26.1791 -10.6158
v -13.9050 22.1971 -9.8370
v -12.6927 22.3134 -12.3060
v -12.7470 26.1791 -10.6158
v -12.6927 22.3134 -12.3060
v -11.2298 22.5795 -12.2109
v -12.7470 26.1791 -10.6158
v -11.2298 22.5795 -12.2109
v -11.4814 22.6812 -8.6242
v -10.2691 22.7974 -11.0932
v -11.2298 22.5795 -12.2109
v -13.9050 22.1971 -9.8370
v -11.4814 22.6812 -8.6242
v -11.2298 22.5795 -12.2109
v -12.6927 22.3134 -12.3060
v -13.9050 22.1971 -9.8370
v -11.7411 24.4030 -11.9170
v -11.0658 24.6081 -9.8643
v -13.0770 28.0201 -10.6912
v -11.0658 24.6081 -9.8643
v -13.0929 24.2734 -9.1640
v -13.0770 28.0201 -10.6912
v -13.0929 24.2734 -9.1640
v -13.7682 24.0683 -11.2166
v -13.0770 28.0201 -10.6912
v -13.7682 24.0683 -11.2166
v -11.7411 24.4030 -11.9170
v -13.0770 28.0201 -10.6912
v -11.7411 24.4030 -11.9170
v -13.0929 24.2734 -9.1640
v -11.0658 24.6081 -9.8643
v -11.7411 24.4030 -11.9170
v -13.7682 24.0683 -11.2166
v -13.0929 24.2734 -9.1640
v -11.7330 26.3466 -10.9662
v -12.4092 26.2817 -9.5890
v -13.4070 29.8610 -10.7665
v -12.4092 26.2817 -9.5890
v -13.7610 26.0117 -10.2655
v -13.4070 29.8610 -10.7665
v -13.7610 26.0117 -10.2655
v -13.0848 26.0766 -11.6427
v -13.4070 29.8610 -10.7665
v -13.0848 26.0766 -11.6427
v -11.7330 26.3466 -10.9662
v -13.4070 29.8610 -10.7665
v -11.7330 26.3466 -10.9662
v -13.7610 26.0117 -10.2655
v -12.4092 26.2817 -9.5890
v -11.7330 26.3466 -10.9662
v -13.0848 26.0766 -11.6427
v -13.7610 26.0117 -10.2655
v -42.8884 18.3437 7.2552
v -42.8256 18.2960 8.0170
v -43.8130 20.2185 7.8337
v -42.8256 18.2960 8.0170
v -44.0840 18.2320 8.6613
v -43.8130 20.2185 7.8337
v -44.0840 18.2320 8.6613
v -44.7309 18.3008 7.4044
v -43.8130 20.2185 7.8337
v -44.7309 18.3008 7.4044
v -43.4725 18.3648 6.7602
v -43.8130 20.2185 7.8337
v -43.4725 18.3648 6.7602
v -42.8884 18.3437 7.2552
v -43.8130 20.2185 7.8337
v -42.8884 18.3437 7.2552
v -44.0840 18.2320 8.6613
v -42.8256 18.2960 8.0170
v -42.8884 18.3437 7.2552
v -44.7309 18.3008 7.4044
v -44.0840 18.2320 8.6613
v -42.8884 18.3437 7.2552
v -43.4725 18.3648 6.7602
v -44.7309 18.3008 7.4044
v -43.0940 19.2942 7.4130
v -43.4350 19.2201 8.4729
v -43.8304 21.1786 7.8951
v -43.4350 19.2201 8.4729
v -44.4972 19.2228 8.1314
v -43.8304 21.1786 7.8951
v -44.4972 19.2228 8.1314
v -44.1563 19.2968 7.0715
v -43.8304 21.1786 7.8951
v -44.1563 19.2968 7.0715
v -43.0940 19.2942 7.4130
v -43.8304 21.1786 7.8951
v -43.0940 19.2942 7.4130
v -44.4972 19.2228 8.1314
v -43.4350 19.2201 8.4729
v -43.0940 19.2942 7.4130
v -44.1563 19.2968 7.0715
v -44.4972 19.2228 8.1314
v -43.2816 20.2172 8.0045
v -43.9836 20.1815 8.3639
v -43.8477 22.1387 7.9566
v -43.9836 20.1815 8.3639
v -44.3444 20.2199 7.6628
v -43.8477 22.1387 7.9566
v -44.3444 20.2199 7.6628
v -43.6424 20.2556 7.3035
v -43.8477 22.1387 7.9566
v -43.6424 20.2556 7.3035
v -43.2816 20.2172 8.0045
v -43.8477 22.1387 7.9566
v -43.2816 20.2172 8.0045
v -44.3444 20.2199 7.6628
v -43.9836 20.1815 8.3639
v -43.2816 20.2172 8.0045
v -43.6424 20.2556 7.3035
v -44.3444 20.2199 7.6628
v -44.9517 20.4481 -17.5509
v -44.3801 20.4480 -18.6683
v -43.3895 23.6394 -17.4571
v -44.3801 20.4480 -18.6683
v -42.0691 20.5029 -18.4830
v -43.3895 23.6394 -17.4571
v -42.0691 20.5029 -18.4830
v -42.2550 20.5259 -16.1714
v -43.3895 23.6394 -17.4571
v -42.2550 20.5259 -16.1714
v -44.5661 20.4710 -16.3568
v -43.3895 23.6394 -17.4571
v -44.5661 20.4710 -16.3568
v -44.9517 20.4481 -17.5509
v -43.3895 23.6394 -17.4571
v -44.9517 20.4481 -17.5509
v -42.0691 20.5029 -18.4830
v -44.3801 20.4480 -18.6683
v -44.9517 20.4481 -17.5509
v -42.2550 20.5259 -16.1714
v -42.0691 20.5029 -18.4830
v -44.9517 20.4481 -17.5509
v -44.5661 20.4710 -16.3568
v -42.2550 20.5259 -16.1714
v -44.6420 22.0326 -17.5418
v -43.2499 22.0503 -18.7272
v -43.4254 25.2157 -17.4757
v -43.2499 22.0503 -18.7272
v -42.0651 22.0938 -17.3351
v -43.4254 25.2157 -17.4757
v -42.0651 22.0938 -17.3351
v -43.4572 22.0760 -16.1497
v -43.4254 25.2157 -17.4757
v -43.4572 22.0760 -16.1497
v -44.6420 22.0326 -17.5418
v -43.4254 25.2157 -17.4757
v -44.6420 22.0326 -17.5418
v -42.0651 22.0938 -17.3351
v -43.2499 22.0503 -18.7272
v -44.6420 22.0326 -17.5418
v -43.4572 22.0760 -16.1497
v -42.0651 22.0938 -17.3351
v -43.9821 23.6177 -18.1534
v -42.6931 23.6483 -18.0501
v -43.4613 26.7919 -17.4943
v -42.6931 23.6483 -18.0501
v -42.7968 23.6612 -16.7607
v -43.4613 26.7919 -17.4943
v -42.7968 23.6612 -16.7607
v -44.0858 23.6305 -16.8641
v -43.4613 26.7919 -17.4943
v -44.0858 23.6305 -16.8641
v -43.9821 23.6177 -18.1534
v -43.4613 26.7919 -17.4943
v -43.9821 23.6177 -18.1534
v -42.7968 23.6612 -16.7607
v -42.6931 23.6483 -18.0501
v -43.9821 23.6177 -18.1534
v -44.0858 23.6305 -16.8641
v -42.7968 23.6612 -16.7607
v 17.2035 21.4967 2.0160
v 16.4340 21.4901 2.5992
v 16.1123 23.9277 1.4028
v 16.4340 21.4901 2.5992
v 14.8943 21.4975 1.6980
v 16.1123 23.9277 1.4028
v 14.8943 21.4975 1.6980
v 15.7956 21.5136 0.1584
v 16.1123 23.9277 1.4028
v 15.7956 21.5136 0.1584
v 17.3352 21.5063 1.0596
v 16.1123 23.9277 1.4028
v 17.3352 21.5063 1.0596
v 17.2035 21.4967 2.0160
v 16.1123 23.9277 1.4028
v 17.2035 21.4967 2.0160
v 14.8943 21.4975 1.6980
v 16.4340 21.4901 2.5992
v 17.2035 21.4967 2.0160
v 15.7956 21.5136 0.1584
v 14.8943 21.4975 1.6980
v 17.2035 21.4967 2.0160
v 17.3352 21.5063 1.0596
v 15.7956 21.5136 0.1584
v 16.9720 22.7107 1.8932
v 15.6111 22.7058 2.2491
v 16.1111 25.1406 1.4147
v 15.6111 22.7058 2.2491
v 15.2552 22.7189 0.8883
v 16.1111 25.1406 1.4147
v 15.2552 22.7189 0.8883
v 16.6160 22.7238 0.5324
v 16.1111 25.1406 1.4147
v 16.6160 22.7238 0.5324
v 16.9720 22.7107 1.8932
v 16.1111 25.1406 1.4147
v 16.9720 22.7107 1.8932
v 15.2552 22.7189 0.8883
v 15.6111 22.7058 2.2491
v 16.9720 22.7107 1.8932
v 16.6160 22.7238 0.5324
v 15.2552 22.7189 0.8883
v 16.2904 23.9211 2.0835
v 15.4316 23.9252 1.5808
v 16.1099 26.3535 1.4267
v 15.4316 23.9252 1.5808
v 15.9343 23.9342 0.7220
v 16.1099 26.3535 1.4267
v 15.9343 23.9342 0.7220
v 16.7931 23.9301 1.2247
v 16.1099 26.3535 1.4267
v 16.7931 23.9301 1.2247
v 16.2904 23.9211 2.0835
v 16.1099 26.3535 1.4267
v 16.2904 23.9211 2.0835
v 15.9343 23.9342 0.7220
v 15.4316 23.9252 1.5808
v 16.2904 23.9211 2.0835
v 16.7931 23.9301 1.2247
v 15.9343 23.9342 0.7220
v -13.4388 20.3846 4.9296
v -12.2768 20.4034 4.4828
v -12.3042 23.4401 6.2749
v -12.2768 20.4034 4.4828
v -10.6918 20.3068 6.1476
v -12.3042 23.4401 6.2749
v -10.6918 20.3068 6.1476
v -12.3594 20.2290 7.7306
v -12.3042 23.4401 6.2749
v -12.3594 20.2290 7.7306
v -13.9443 20.3256 6.0659
v -12.3042 23.4401 6.2749
v -13.9443 20.3256 6.0659
v -13.4388 20.3846 4.9296
v -12.3042 23.4401 6.2749
v -13.4388 20.3846 4.9296
v -10.6918 20.3068 6.1476
v -12.2768 20.4034 4.4828
v -13.4388 20.3846 4.9296
v -12.3594 20.2290 7.7306
v -10.6918 20.3068 6.1476
v -13.4388 20.3846 4.9296
v -13.9443 20.3256 6.0659
v -12.3594 20.2290 7.7306
v -13.1948 21.9320 5.2626
v -11.3815 21.9215 5.3082
v -12.2973 25.0020 6.3589
v -11.3815 21.9215 5.3082
v -11.4275 21.8243 7.1189
v -12.2973 25.0020 6.3589
v -11.4275 21.8243 7.1189
v -13.2408 21.8348 7.0734
v -12.2973 25.0020 6.3589
v -13.2408 21.8348 7.0734
v -13.1948 21.9320 5.2626
v -12.2973 25.0020 6.3589
v -13.1948 21.9320 5.2626
v -11.4275 21.8243 7.1189
v -11.3815 21.9215 5.3082
v -13.1948 21.9320 5.2626
v -13.2408 21.8348 7.0734
v -11.4275 21.8243 7.1189
v -12.2812 23.4887 5.3690
v -11.3971 23.4348 6.2976
v -12.2904 26.5639 6.4430
v -11.3971 23.4348 6.2976
v -12.3273 23.3914 7.1806
v -12.2904 26.5639 6.4430
v -12.3273 23.3914 7.1806
v -13.2113 23.4453 6.2521
v -12.2904 26.5639 6.4430
v -13.2113 23.4453 6.2521
v -12.2812 23.4887 5.3690
v -12.2904 26.5639 6.4430
v -12.2812 23.4887 5.3690
v -12.3273 23.3914 7.1806
v -11.3971 23.4348 6.2976
v -12.2812 23.4887 5.3690
v -13.2113 23.4453 6.2521
v -12.3273 23.3914 7.1806
v -5.5205 22.5658 -11.1517
v -6.4025 22.5273 -11.5556
v -5.5783 25.0021 -12.4244
v -6.4025 22.5273 -11.5556
v -6.3370 22.5263 -13.3482
v -5.5783 25.0021 -12.4244
v -6.3370 22.5263 -13.3482
v -4.5461 22.6029 -13.2828
v -5.5783 25.0021 -12.4244
v -4.5461 22.6029 -13.2828
v -4.6115 22.6039 -11.4902
v -5.5783 25.0021 -12.4244
v -4.6115 22.6039 -11.4902
v -5.5205 22.5658 -11.1517
v -5.5783 25.0021 -12.4244
v -5.5205 22.5658 -11.1517
v -6.3370 22.5263 -13.3482
v -6.4025 22.5273 -11.5556
v -5.5205 22.5658 -11.1517
v -4.5461 22.6029 -13.2828
v -6.3370 22.5263 -13.3482
v -5.5205 22.5658 -11.1517
v -4.6115 22.6039 -11.4902
v -4.5461 22.6029 -13.2828
v -5.5628 23.7841 -11.4224
v -6.5248 23.7409 -12.4583
v -5.6303 26.2205 -12.4270
v -6.5248 23.7409 -12.4583
v -5.4898 23.7830 -13.4212
v -5.6303 26.2205 -12.4270
v -5.4898 23.7830 -13.4212
v -4.5278 23.8263 -12.3854
v -5.6303 26.2205 -12.4270
v -4.5278 23.8263 -12.3854
v -5.5628 23.7841 -11.4224
v -5.6303 26.2205 -12.4270
v -5.5628 23.7841 -11.4224
v -5.4898 23.7830 -13.4212
v -6.5248 23.7409 -12.4583
v -5.5628 23.7841 -11.4224
v -4.5278 23.8263 -12.3854
v -5.4898 23.7830 -13.4212
v -6.0960 24.9810 -11.9427
v -6.0595 24.9804 -12.9426
v -5.6823 27.4390 -12.4296
v -6.0595 24.9804 -12.9426
v -5.0605 25.0231 -12.9061
v -5.6823 27.4390 -12.4296
v -5.0605 25.0231 -12.9061
v -5.0971 25.0237 -11.9062
v -5.6823 27.4390 -12.4296
v -5.0971 25.0237 -11.9062
v -6.0960 24.9810 -11.9427
v -5.6823 27.4390 -12.4296
v -6.0960 24.9810 -11.9427
v -5.0605 25.0231 -12.9061
v -6.0595 24.9804 -12.9426
v -6.0960 24.9810 -11.9427
v -5.0971 25.0237 -11.9062
v -5.0605 25.0231 -12.9061
v -33.8730 23.2563 -44.5200
v -34.9072 23.2492 -44.3236
v -34.6423 25.9037 -45.6546
v -34.9072 23.2492 -44.3236
v -35.9738 23.2527 -45.9503
v -34.6423 25.9037 -45.6546
v -35.9738 23.2527 -45.9503
v -34.3472 23.2683 -47.0168
v -34.6423 25.9037 -45.6546
v -34.3472 23.2683 -47.0168
v -33.2806 23.2648 -45.3902
v -34.6423 25.9037 -45.6546
v -33.2806 23.2648 -45.3902
v -33.8730 23.2563 -44.5200
v -34.6423 25.9037 -45.6546
v -33.8730 23.2563 -44.5200
v -35.9738 23.2527 -45.9503
v -34.9072 23.2492 -44.3236
v -33.8730 23.2563 -44.5200
v -34.3472 23.2683 -47.0168
v -35.9738 23.2527 -45.9503
v -33.8730 23.2563 -44.5200
v -33.2806 23.2648 -45.3902
v -34.3472 23.2683 -47.0168
v -34.0401 24.5793 -44.7555
v -35.5416 24.5725 -45.0678
v -34.6499 27.2262 -45.6469
v -35.5416 24.5725 -45.0678
v -35.2294 24.5832 -46.5693
v -34.6499 27.2262 -45.6469
v -35.2294 24.5832 -46.5693
v -33.7279 24.5899 -46.2570
v -34.6499 27.2262 -45.6469
v -33.7279 24.5899 -46.2570
v -34.0401 24.5793 -44.7555
v -34.6499 27.2262 -45.6469
v -34.0401 24.5793 -44.7555
v -35.2294 24.5832 -46.5693
v -35.5416 24.5725 -45.0678
v -34.0401 24.5793 -44.7555
v -33.7279 24.5899 -46.2570
v -35.2294 24.5832 -46.5693
v -34.7985 25.8984 -44.9035
v -35.3934 25.9003 -45.8109
v -34.6575 28.5486 -45.6391
v -35.3934 25.9003 -45.8109
v -34.4861 25.9090 -46.4058
v -34.6575 28.5486 -45.6391
v -34.4861 25.9090 -46.4058
v -33.8912 25.9071 -45.4984
v -34.6575 28.5486 -45.6391
v -33.8912 25.9071 -45.4984
v -34.7985 25.8984 -44.9035
v -34.6575 28.5486 -45.6391
v -34.7985 25.8984 -44.9035
v -34.4861 25.9090 -46.4058
v -35.3934 25.9003 -45.8109
v -34.7985 25.8984 -44.9035
v -33.8912 25.9071 -45.4984
v -34.4861 25.9090 -46.4058
v 3.7795 22.3714 -8.0393
v 3.8802 22.4291 -8.8452
v 4.9684 24.3437 -8.1609
v 3.8802 22.4291 -8.8452
v 5.3262 22.3440 -9.2525
v 4.9684 24.3437 -8.1609
v 5.3262 22.3440 -9.2525
v 5.7238 22.1934 -7.8091
v 4.9684 24.3437 -8.1609
v 5.7238 22.1934 -7.8091
v 4.2778 22.2785 -7.4019
v 4.9684 24.3437 -8.1609
v 4.2778 22.2785 -7.4019
v 3.7795 22.3714 -8.0393
v 4.9684 24.3437 -8.1609
v 3.7795 22.3714 -8.0393
v 5.3262 22.3440 -9.2525
v 3.8802 22.4291 -8.8452
v 3.7795 22.3714 -8.0393
v 5.7238 22.1934 -7.8091
v 5.3262 22.3440 -9.2525
v 3.7795 22.3714 -8.0393
v 4.2778 22.2785 -7.4019
v 5.7238 22.1934 -7.8091
v 4.0790 23.3749 -8.0171
v 4.6635 23.4114 -9.0488
v 5.0516 25.3599 -8.0778
v 4.6635 23.4114 -9.0488
v 5.6913 23.2800 -8.4711
v 5.0516 25.3599 -8.0778
v 5.6913 23.2800 -8.4711
v 5.1069 23.2435 -7.4394
v 5.0516 25.3599 -8.0778
v 5.1069 23.2435 -7.4394
v 4.0790 23.3749 -8.0171
v 5.0516 25.3599 -8.0778
v 4.0790 23.3749 -8.0171
v 5.6913 23.2800 -8.4711
v 4.6635 23.4114 -9.0488
v 4.0790 23.3749 -8.0171
v 5.1069 23.2435 -7.4394
v 5.6913 23.2800 -8.4711
v 4.4543 24.4094 -8.4499
v 5.2608 24.3620 -8.6770
v 5.1348 26.3761 -7.9947
v 5.2608 24.3620 -8.6770
v 5.4826 24.2780 -7.8720
v 5.1348 26.3761 -7.9947
v 5.4826 24.2780 -7.8720
v 4.6760 24.3254 -7.6449
v 5.1348 26.3761 -7.9947
v 4.6760 24.3254 -7.6449
v 4.4543 24.4094 -8.4499
v 5.1348 26.3761 -7.9947
v 4.4543 24.4094 -8.4499
v 5.4826 24.2780 -7.8720
v 5.2608 24.3620 -8.6770
v 4.4543 24.4094 -8.4499
v 4.6760 24.3254 -7.6449
v 5.4826 24.2780 -7.8720
v -40.5482 21.1180 -26.6447
v -41.2864 21.1424 -26.2885
v -41.3083 23.1722 -27.4167
v -41.2864 21.1424 -26.2885
v -42.4175 21.1353 -27.2968
v -41.3083 23.1722 -27.4167
v -42.4175 21.1353 -27.2968
v -41.4095 21.0835 -28.4270
v -41.3083 23.1722 -27.4167
v -41.4095 21.0835 -28.4270
v -40.2785 21.0906 -27.4187
v -41.3083 23.1722 -27.4167
v -40.2785 21.0906 -27.4187
v -40.5482 21.1180 -26.6447
v -41.3083 23.1722 -27.4167
v -40.5482 21.1180 -26.6447
v -42.4175 21.1353 -27.2968
v -41.2864 21.1424 -26.2885
v -40.5482 21.1180 -26.6447
v -41.4095 21.0835 -28.4270
v -42.4175 21.1353 -27.2968
v -40.5482 21.1180 -26.6447
v -40.2785 21.0906 -27.4187
v -41.4095 21.0835 -28.4270
v -40.6976 22.1465 -26.8251
v -41.8901 22.1714 -26.7571
v -41.2885 24.2018 -27.4462
v -41.8901 22.1714 -26.7571
v -41.9587 22.1386 -27.9494
v -41.2885 24.2018 -27.4462
v -41.9587 22.1386 -27.9494
v -40.7662 22.1137 -28.0173
v -41.2885 24.2018 -27.4462
v -40.7662 22.1137 -28.0173
v -40.6976 22.1465 -26.8251
v -41.2885 24.2018 -27.4462
v -40.6976 22.1465 -26.8251
v -41.9587 22.1386 -27.9494
v -41.8901 22.1714 -26.7571
v -40.6976 22.1465 -26.8251
v -40.7662 22.1137 -28.0173
v -41.9587 22.1386 -27.9494
v -41.2740 23.1886 -26.8203
v -41.9049 23.1846 -27.3827
v -41.2687 25.2314 -27.4757
v -41.9049 23.1846 -27.3827
v -41.3427 23.1558 -28.0132
v -41.2687 25.2314 -27.4757
v -41.3427 23.1558 -28.0132
v -40.7118 23.1597 -27.4507
v -41.2687 25.2314 -27.4757
v -40.7118 23.1597 -27.4507
v -41.2740 23.1886 -26.8203
v -41.2687 25.2314 -27.4757
v -41.2740 23.1886 -26.8203
v -41.3427 23.1558 -28.0132
v -41.9049 23.1846 -27.3827
v -41.2740 23.1886 -26.8203
v -40.7118 23.1597 -27.4507
v -41.3427 23.1558 -28.0132
v 2.3740 24.4009 -40.9858
v 3.4678 24.3086 -41.0930
v 3.2791 27.1358 -39.7791
v 3.4678 24.3086 -41.0930
v 4.4272 24.2716 -39.2955
v 3.2791 27.1358 -39.7791
v 4.4272 24.2716 -39.2955
v 2.6371 24.4409 -38.3366
v 3.2791 27.1358 -39.7791
v 2.6371 24.4409 -38.3366
v 1.6777 24.4779 -40.1340
v 3.2791 27.1358 -39.7791
v 1.6777 24.4779 -40.1340
v 2.3740 24.4009 -40.9858
v 3.2791 27.1358 -39.7791
v 2.3740 24.4009 -40.9858
v 4.4272 24.2716 -39.2955
v 3.4678 24.3086 -41.0930
v 2.3740 24.4009 -40.9858
v 2.6371 24.4409 -38.3366
v 4.4272 24.2716 -39.2955
v 2.3740 24.4009 -40.9858
v 1.6777 24.4779 -40.1340
v 2.6371 24.4409 -38.3366
v 2.6309 25.7759 -40.7491
v 4.1638 25.6609 -40.2816
v 3.3925 28.5163 -39.8112
v 4.1638 25.6609 -40.2816
v 3.7007 25.7347 -38.7448
v 3.3925 28.5163 -39.8112
v 3.7007 25.7347 -38.7448
v 2.1678 25.8497 -39.2123
v 3.3925 28.5163 -39.8112
v 2.1678 25.8497 -39.2123
v 2.6309 25.7759 -40.7491
v 3.3925 28.5163 -39.8112
v 2.6309 25.7759 -40.7491
v 3.7007 25.7347 -38.7448
v 4.1638 25.6609 -40.2816
v 2.6309 25.7759 -40.7491
v 2.1678 25.8497 -39.2123
v 3.7007 25.7347 -38.7448
v 3.5108 27.0989 -40.5479
v 4.0460 27.0783 -39.5452
v 3.5058 29.8968 -39.8434
v 4.0460 27.0783 -39.5452
v 3.0475 27.1727 -39.0103
v 3.5058 29.8968 -39.8434
v 3.0475 27.1727 -39.0103
v 2.5123 27.1933 -40.0129
v 3.5058 29.8968 -39.8434
v 2.5123 27.1933 -40.0129
v 3.5108 27.0989 -40.5479
v 3.5058 29.8968 -39.8434
v 3.5108 27.0989 -40.5479
v 3.0475 27.1727 -39.0103
v 4.0460 27.0783 -39.5452
v 3.5108 27.0989 -40.5479
v 2.5123 27.1933 -40.0129
v 3.0475 27.1727 -39.0103
v -33.1844 16.6269 25.3254
v -32.8939 16.6645 25.8042
v -33.7382 18.0089 25.8818
v -32.8939 16.6645 25.8042
v -33.5040 16.6329 26.6422
v -33.7382 18.0089 25.8818
v -33.5040 16.6329 26.6422
v -34.3378 16.5445 26.0318
v -33.7382 18.0089 25.8818
v -34.3378 16.5445 26.0318
v -33.7276 16.5761 25.1938
v -33.7382 18.0089 25.8818
v -33.7276 16.5761 25.1938
v -33.1844 16.6269 25.3254
v -33.7382 18.0089 25.8818
v -33.1844 16.6269 25.3254
v -33.5040 16.6329 26.6422
v -32.8939 16.6645 25.8042
v -33.1844 16.6269 25.3254
v -34.3378 16.5445 26.0318
v -33.5040 16.6329 26.6422
v -33.1844 16.6269 25.3254
v -33.7276 16.5761 25.1938
v -34.3378 16.5445 26.0318
v -33.3369 17.3243 25.4327
v -33.2122 17.3560 26.2402
v -33.7994 18.7112 25.8638
v -33.2122 17.3560 26.2402
v -34.0172 17.2891 26.3671
v -33.7994 18.7112 25.8638
v -34.0172 17.2891 26.3671
v -34.1418 17.2575 25.5596
v -33.7994 18.7112 25.8638
v -34.1418 17.2575 25.5596
v -33.3369 17.3243 25.4327
v -33.7994 18.7112 25.8638
v -33.3369 17.3243 25.4327
v -34.0172 17.2891 26.3671
v -33.2122 17.3560 26.2402
v -33.3369 17.3243 25.4327
v -34.1418 17.2575 25.5596
v -34.0172 17.2891 26.3671
v -33.3355 18.0424 25.8184
v -33.6758 18.0248 26.2858
v -33.8606 19.4134 25.8457
v -33.6758 18.0248 26.2858
v -34.1409 17.9755 25.9453
v -33.8606 19.4134 25.8457
v -34.1409 17.9755 25.9453
v -33.8006 17.9931 25.4779
v -33.8606 19.4134 25.8457
v -33.8006 17.9931 25.4779
v -33.3355 18.0424 25.8184
v -33.8606 19.4134 25.8457
v -33.3355 18.0424 25.8184
v -34.1409 17.9755 25.9453
v -33.6758 18.0248 26.2858
v -33.3355 18.0424 25.8184
v -33.8006 17.9931 25.4779
v -34.1409 17.9755 25.9453
v -15.9483 18.8902 12.2523
v -15.4040 18.8066 13.0031
v -16.3632 21.2320 13.3911
v -15.4040 18.8066 13.0031
v -16.3002 18.8275 14.4716
v -16.3632 21.2320 13.3911
v -16.3002 18.8275 14.4716
v -17.7600 19.0033 13.5783
v -16.3632 21.2320 13.3911
v -17.7600 19.0033 13.5783
v -16.8639 18.9824 12.1098
v -16.3632 21.2320 13.3911
v -16.8639 18.9824 12.1098
v -15.9483 18.8902 12.2523
v -16.3632 21.2320 13.3911
v -15.9483 18.8902 12.2523
v -16.3002 18.8275 14.4716
v -15.4040 18.8066 13.0031
v -15.9483 18.8902 12.2523
v -17.7600 19.0033 13.5783
v -16.3002 18.8275 14.4716
v -15.9483 18.8902 12.2523
v -16.8639 18.9824 12.1098
v -17.7600 19.0033 13.5783
v -15.9730 20.0568 12.5222
v -15.6587 19.9705 13.8390
v -16.2539 22.3956 13.4413
v -15.6587 19.9705 13.8390
v -16.9723 20.0801 14.1596
v -16.2539 22.3956 13.4413
v -16.9723 20.0801 14.1596
v -17.2865 20.1665 12.8428
v -16.2539 22.3956 13.4413
v -17.2865 20.1665 12.8428
v -15.9730 20.0568 12.5222
v -16.2539 22.3956 13.4413
v -15.9730 20.0568 12.5222
v -16.9723 20.0801 14.1596
v -15.6587 19.9705 13.8390
v -15.9730 20.0568 12.5222
v -17.2865 20.1665 12.8428
v -16.9723 20.0801 14.1596
v -15.7062 21.1772 13.2307
v -16.2060 21.1888 14.0498
v -16.1445 23.5592 13.4915
v -16.2060 21.1888 14.0498
v -17.0203 21.2869 13.5515
v -16.1445 23.5592 13.4915
v -17.0203 21.2869 13.5515
v -16.5204 21.2752 12.7324
v -16.1445 23.5592 13.4915
v -16.5204 21.2752 12.7324
v -15.7062 21.1772 13.2307
v -16.1445 23.5592 13.4915
v -15.7062 21.1772 13.2307
v -17.0203 21.2869 13.5515
v -16.2060 21.1888 14.0498
v -15.7062 21.1772 13.2307
v -16.5204 21.2752 12.7324
v -17.0203 21.2869 13.5515
v -35.6441 18.7493 5.2830
v -36.3370 18.7451 5.6296
v -36.4205 20.6917 4.6205
v -36.3370 18.7451 5.6296
v -37.4187 18.7390 4.6918
v -36.4205 20.6917 4.6205
v -37.4187 18.7390 4.6918
v -36.4809 18.7449 3.6101
v -36.4205 20.6917 4.6205
v -36.4809 18.7449 3.6101
v -35.3992 18.7510 4.5479
v -36.4205 20.6917 4.6205
v -35.3992 18.7510 4.5479
v -35.6441 18.7493 5.2830
v -36.4205 20.6917 4.6205
v -35.6441 18.7493 5.2830
v -37.4187 18.7390 4.6918
v -36.3370 18.7451 5.6296
v -35.6441 18.7493 5.2830
v -36.4809 18.7449 3.6101
v -37.4187 18.7390 4.6918
v -35.6441 18.7493 5.2830
v -35.3992 18.7510 4.5479
v -36.4809 18.7449 3.6101
v -35.8116 19.7217 5.1430
v -36.9375 19.7151 5.2233
v -36.4262 21.6651 4.6208
v -36.9375 19.7151 5.2233
v -37.0178 19.7150 4.0973
v -36.4262 21.6651 4.6208
v -37.0178 19.7150 4.0973
v -35.8919 19.7216 4.0171
v -36.4262 21.6651 4.6208
v -35.8919 19.7216 4.0171
v -35.8116 19.7217 5.1430
v -36.4262 21.6651 4.6208
v -35.8116 19.7217 5.1430
v -37.0178 19.7150 4.0973
v -36.9375 19.7151 5.2233
v -35.8116 19.7217 5.1430
v -35.8919 19.7216 4.0171
v -37.0178 19.7150 4.0973
v -36.3803 20.6918 5.1837
v -36.9837 20.6884 4.6606
v -36.4319 22.6385 4.6211
v -36.9837 20.6884 4.6606
v -36.4606 20.6917 4.0572
v -36.4319 22.6385 4.6211
v -36.4606 20.6917 4.0572
v -35.8572 20.6951 4.5803
v -36.4319 22.6385 4.6211
v -35.8572 20.6951 4.5803
v -36.3803 20.6918 5.1837
v -36.4319 22.6385 4.6211
v -36.3803 20.6918 5.1837
v -36.4606 20.6917 4.0572
v -36.9837 20.6884 4.6606
v -36.3803 20.6918 5.1837
v -35.8572 20.6951 4.5803
v -36.4606 20.6917 4.0572
v -48.1732 19.9732 -15.3717
v -47.1588 19.8563 -15.7846
v -46.8776 22.6438 -14.4135
v -47.1588 19.8563 -15.7846
v -45.7360 19.7422 -14.3340
v -46.8776 22.6438 -14.4135
v -45.7360 19.7422 -14.3340
v -47.1754 19.9286 -12.9075
v -46.8776 22.6438 -14.4135
v -47.1754 19.9286 -12.9075
v -48.5982 20.0427 -14.3581
v -46.8776 22.6438 -14.4135
v -48.5982 20.0427 -14.3581
v -48.1732 19.9732 -15.3717
v -46.8776 22.6438 -14.4135
v -48.1732 19.9732 -15.3717
v -45.7360 19.7422 -14.3340
v -47.1588 19.8563 -15.7846
v -48.1732 19.9732 -15.3717
v -47.1754 19.9286 -12.9075
v -45.7360 19.7422 -14.3340
v -48.1732 19.9732 -15.3717
v -48.5982 20.0427 -14.3581
v -47.1754 19.9286 -12.9075
v -47.8156 21.3318 -15.1885
v -46.2199 21.1642 -15.1751
v -46.7329 24.0194 -14.4472
v -46.2199 21.1642 -15.1751
v -46.2291 21.2045 -13.5710
v -46.7329 24.0194 -14.4472
v -46.2291 21.2045 -13.5710
v -47.8249 21.3721 -13.5845
v -46.7329 24.0194 -14.4472
v -47.8249 21.3721 -13.5845
v -47.8156 21.3318 -15.1885
v -46.7329 24.0194 -14.4472
v -47.8156 21.3318 -15.1885
v -46.2291 21.2045 -13.5710
v -46.2199 21.1642 -15.1751
v -47.8156 21.3318 -15.1885
v -47.8249 21.3721 -13.5845
v -46.2291 21.2045 -13.5710
v -46.8730 22.6236 -15.2159
v -46.0794 22.5600 -14.4068
v -46.5882 25.3951 -14.4809
v -46.0794 22.5600 -14.4068
v -46.8823 22.6639 -13.6111
v -46.5882 25.3951 -14.4809
v -46.8823 22.6639 -13.6111
v -47.6759 22.7276 -14.4202
v -46.5882 25.3951 -14.4809
v -47.6759 22.7276 -14.4202
v -46.8730 22.6236 -15.2159
v -46.5882 25.3951 -14.4809
v -46.8730 22.6236 -15.2159
v -46.8823 22.6639 -13.6111
v -46.0794 22.5600 -14.4068
v -46.8730 22.6236 -15.2159
v -47.6759 22.7276 -14.4202
v -46.8823 22.6639 -13.6111
v -37.2106 20.8243 -21.2146
v -36.2517 20.9310 -21.2810
v -36.9045 23.2377 -19.9563
v -36.2517 20.9310 -21.2810
v -35.4515 20.9321 -19.6832
v -36.9045 23.2377 -19.9563
v -35.4515 20.9321 -19.6832
v -37.0379 20.7190 -18.8885
v -36.9045 23.2377 -19.9563
v -37.0379 20.7190 -18.8885
v -37.8381 20.7179 -20.4864
v -36.9045 23.2377 -19.9563
v -37.8381 20.7179 -20.4864
v -37.2106 20.8243 -21.2146
v -36.9045 23.2377 -19.9563
v -37.2106 20.8243 -21.2146
v -35.4515 20.9321 -19.6832
v -36.2517 20.9310 -21.2810
v -37.2106 20.8243 -21.2146
v -37.0379 20.7190 -18.8885
v -35.4515 20.9321 -19.6832
v -37.2106 20.8243 -21.2146
v -37.8381 20.7179 -20.4864
v -37.0379 20.7190 -18.8885
v -37.2208 22.0308 -20.9114
v -35.8902 22.1502 -20.4635
v -37.0344 24.4441 -19.8921
v -35.8902 22.1502 -20.4635
v -36.3285 22.0320 -19.1297
v -37.0344 24.4441 -19.8921
v -36.3285 22.0320 -19.1297
v -37.6591 21.9126 -19.5775
v -37.0344 24.4441 -19.8921
v -37.6591 21.9126 -19.5775
v -37.2208 22.0308 -20.9114
v -37.0344 24.4441 -19.8921
v -37.2208 22.0308 -20.9114
v -36.3285 22.0320 -19.1297
v -35.8902 22.1502 -20.4635
v -37.2208 22.0308 -20.9114
v -37.6591 21.9126 -19.5775
v -36.3285 22.0320 -19.1297
v -36.6852 23.2969 -20.6236
v -36.2389 23.2974 -19.7323
v -37.1643 25.6504 -19.8278
v -36.2389 23.2974 -19.7323
v -37.1238 23.1786 -19.2890
v -37.1643 25.6504 -19.8278
v -37.1238 23.1786 -19.2890
v -37.5701 23.1780 -20.1803
v -37.1643 25.6504 -19.8278
v -37.5701 23.1780 -20.1803
v -36.6852 23.2969 -20.6236
v -37.1643 25.6504 -19.8278
v -36.6852 23.2969 -20.6236
v -37.1238 23.1786 -19.2890
v -36.2389 23.2974 -19.7323
v -36.6852 23.2969 -20.6236
v -37.5701 23.1780 -20.1803
v -37.1238 23.1786 -19.2890
v 8.8671 23.8885 -26.9219
v 9.5080 23.8881 -26.0272
v 8.0529 26.6199 -25.6606
v 9.5080 23.8881 -26.0272
v 8.4342 23.8415 -24.3008
v 8.0529 26.6199 -25.6606
v 8.4342 23.8415 -24.3008
v 6.7077 23.8229 -25.3752
v 8.0529 26.6199 -25.6606
v 6.7077 23.8229 -25.3752
v 7.7815 23.8696 -27.1015
v 8.0529 26.6199 -25.6606
v 7.7815 23.8696 -27.1015
v 8.8671 23.8885 -26.9219
v 8.0529 26.6199 -25.6606
v 8.8671 23.8885 -26.9219
v 8.4342 23.8415 -24.3008
v 9.5080 23.8881 -26.0272
v 8.8671 23.8885 -26.9219
v 6.7077 23.8229 -25.3752
v 8.4342 23.8415 -24.3008
v 8.8671 23.8885 -26.9219
v 7.7815 23.8696 -27.1015
v 6.7077 23.8229 -25.3752
v 8.6790 25.2637 -26.6434
v 9.0429 25.2481 -25.0820
v 8.0254 28.0021 -25.6404
v 9.0429 25.2481 -25.0820
v 7.4817 25.2117 -24.7184
v 8.0254 28.0021 -25.6404
v 7.4817 25.2117 -24.7184
v 7.1178 25.2274 -26.2799
v 8.0254 28.0021 -25.6404
v 7.1178 25.2274 -26.2799
v 8.6790 25.2637 -26.6434
v 8.0254 28.0021 -25.6404
v 8.6790 25.2637 -26.6434
v 7.4817 25.2117 -24.7184
v 9.0429 25.2481 -25.0820
v 8.6790 25.2637 -26.6434
v 7.1178 25.2274 -26.2799
v 7.4817 25.2117 -24.7184
v 8.8339 26.6381 -25.8425
v 8.2349 26.6121 -24.8795
v 7.9979 29.3843 -25.6201
v 8.2349 26.6121 -24.8795
v 7.2719 26.6017 -25.4788
v 7.9979 29.3843 -25.6201
v 7.2719 26.6017 -25.4788
v 7.8708 26.6277 -26.4417
v 7.9979 29.3843 -25.6201
v 7.8708 26.6277 -26.4417
v 8.8339 26.6381 -25.8425
v 7.9979 29.3843 -25.6201
v 8.8339 26.6381 -25.8425
v 7.2719 26.6017 -25.4788
v 8.2349 26.6121 -24.8795
v 8.8339 26.6381 -25.8425
v 7.8708 26.6277 -26.4417
v 7.2719 26.6017 -25.4788
v -6.0322 20.9536 3.9437
v -6.4966 20.8679 2.9792
v -5.3184 23.6633 2.7612
v -6.4966 20.8679 2.9792
v -5.1787 20.9010 1.4961
v -5.3184 23.6633 2.7612
v -5.1787 20.9010 1.4961
v -3.7039 21.0863 2.8107
v -5.3184 23.6633 2.7612
v -3.7039 21.0863 2.8107
v -5.0218 21.0531 4.2939
v -5.3184 23.6633 2.7612
v -5.0218 21.0531 4.2939
v -6.0322 20.9536 3.9437
v -5.3184 23.6633 2.7612
v -6.0322 20.9536 3.9437
v -5.1787 20.9010 1.4961
v -6.4966 20.8679 2.9792
v -6.0322 20.9536 3.9437
v -3.7039 21.0863 2.8107
v -5.1787 20.9010 1.4961
v -6.0322 20.9536 3.9437
v -5.0218 21.0531 4.2939
v -3.7039 21.0863 2.8107
v -5.9441 22.3017 3.6550
v -6.0316 22.2169 2.0952
v -5.4275 25.0064 2.6943
v -6.0316 22.2169 2.0952
v -4.4746 22.3386 2.0012
v -5.4275 25.0064 2.6943
v -4.4746 22.3386 2.0012
v -4.3871 22.4234 3.5610
v -5.4275 25.0064 2.6943
v -4.3871 22.4234 3.5610
v -5.9441 22.3017 3.6550
v -5.4275 25.0064 2.6943
v -5.9441 22.3017 3.6550
v -4.4746 22.3386 2.0012
v -6.0316 22.2169 2.0952
v -5.9441 22.3017 3.6550
v -4.3871 22.4234 3.5610
v -4.4746 22.3386 2.0012
v -6.0973 23.6024 2.8082
v -5.3622 23.6209 1.9809
v -5.5365 26.3495 2.6274
v -5.3622 23.6209 1.9809
v -4.5395 23.7242 2.7142
v -5.5365 26.3495 2.6274
v -4.5395 23.7242 2.7142
v -5.2746 23.7057 3.5415
v -5.5365 26.3495 2.6274
v -5.2746 23.7057 3.5415
v -6.0973 23.6024 2.8082
v -5.5365 26.3495 2.6274
v -6.0973 23.6024 2.8082
v -4.5395 23.7242 2.7142
v -5.3622 23.6209 1.9809
v -6.0973 23.6024 2.8082
v -5.2746 23.7057 3.5415
v -4.5395 23.7242 2.7142
v -32.7534 22.5908 -32.4165
v -33.7438 22.5363 -32.1951
v -33.6297 25.1609 -33.3712
v -33.7438 22.5363 -32.1951
v -34.8262 22.5676 -33.7295
v -33.6297 25.1609 -33.3712
v -34.8262 22.5676 -33.7295
v -33.2935 22.6896 -34.8081
v -33.6297 25.1609 -33.3712
v -33.2935 22.6896 -34.8081
v -32.2112 22.6582 -33.2736
v -33.6297 25.1609 -33.3712
v -32.2112 22.6582 -33.2736
v -32.7534 22.5908 -32.4165
v -33.6297 25.1609 -33.3712
v -32.7534 22.5908 -32.4165
v -34.8262 22.5676 -33.7295
v -33.7438 22.5363 -32.1951
v -32.7534 22.5908 -32.4165
v -33.2935 22.6896 -34.8081
v -34.8262 22.5676 -33.7295
v -32.7534 22.5908 -32.4165
v -32.2112 22.6582 -33.2736
v -33.2935 22.6896 -34.8081
v -32.9708 23.8695 -32.5809
v -34.4286 23.8190 -32.8351
v -33.6852 26.4350 -33.3060
v -34.4286 23.8190 -32.8351
v -34.1776 23.9044 -34.2919
v -33.6852 26.4350 -33.3060
v -34.1776 23.9044 -34.2919
v -32.7197 23.9549 -34.0377
v -33.6852 26.4350 -33.3060
v -32.7197 23.9549 -34.0377
v -32.9708 23.8695 -32.5809
v -33.6852 26.4350 -33.3060
v -32.9708 23.8695 -32.5809
v -34.1776 23.9044 -34.2919
v -34.4286 23.8190 -32.8351
v -32.9708 23.8695 -32.5809
v -32.7197 23.9549 -34.0377
v -34.1776 23.9044 -34.2919
v -33.7553 25.1182 -32.6425
v -34.3590 25.1357 -33.4984
v -33.7407 27.7090 -33.2408
v -34.3590 25.1357 -33.4984
v -33.5041 25.2037 -34.1000
v -33.7407 27.7090 -33.2408
v -33.5041 25.2037 -34.1000
v -32.9004 25.1862 -33.2440
v -33.7407 27.7090 -33.2408
v -32.9004 25.1862 -33.2440
v -33.7553 25.1182 -32.6425
v -33.7407 27.7090 -33.2408
v -33.7553 25.1182 -32.6425
v -33.5041 25.2037 -34.1000
v -34.3590 25.1357 -33.4984
v -33.7553 25.1182 -32.6425
v -32.9004 25.1862 -33.2440
v -33.5041 25.2037 -34.1000
v 14.8600 22.6441 -8.4631
v 13.7248 22.8371 -8.4515
v 14.7553 25.5522 -9.9353
v 13.7248 22.8371 -8.4515
v 12.8924 22.9174 -10.4081
v 14.7553 25.5522 -9.9353
v 12.8924 22.9174 -10.4081
v 14.8180 22.5647 -11.2418
v 14.7553 25.5522 -9.9353
v 14.8180 22.5647 -11.2418
v 15.6504 22.4843 -9.2852
v 14.7553 25.5522 -9.9353
v 15.6504 22.4843 -9.2852
v 14.8600 22.6441 -8.4631
v 14.7553 25.5522 -9.9353
v 14.8600 22.6441 -8.4631
v 12.8924 22.9174 -10.4081
v 13.7248 22.8371 -8.4515
v 14.8600 22.6441 -8.4631
v 14.8180 22.5647 -11.2418
v 12.8924 22.9174 -10.4081
v 14.8600 22.6441 -8.4631
v 15.6504 22.4843 -9.2852
v 14.8180 22.5647 -11.2418
v 14.9774 24.0817 -8.8001
v 13.4398 24.3232 -9.4262
v 14.9972 26.9778 -9.9797
v 13.4398 24.3232 -9.4262
v 14.0493 24.1713 -10.9818
v 14.9972 26.9778 -9.9797
v 14.0493 24.1713 -10.9818
v 15.5869 23.9299 -10.3558
v 14.9972 26.9778 -9.9797
v 15.5869 23.9299 -10.3558
v 14.9774 24.0817 -8.8001
v 14.9972 26.9778 -9.9797
v 14.9774 24.0817 -8.8001
v 14.0493 24.1713 -10.9818
v 13.4398 24.3232 -9.4262
v 14.9774 24.0817 -8.8001
v 15.5869 23.9299 -10.3558
v 14.0493 24.1713 -10.9818
v 14.4503 25.6281 -9.1572
v 13.9861 25.6729 -10.2485
v 15.2391 28.4034 -10.0241
v 13.9861 25.6729 -10.2485
v 15.0602 25.4762 -10.7135
v 15.2391 28.4034 -10.0241
v 15.0602 25.4762 -10.7135
v 15.5245 25.4314 -9.6222
v 15.2391 28.4034 -10.0241
v 15.5245 25.4314 -9.6222
v 14.4503 25.6281 -9.1572
v 15.2391 28.4034 -10.0241
v 14.4503 25.6281 -9.1572
v 15.0602 25.4762 -10.7135
v 13.9861 25.6729 -10.2485
v 14.4503 25.6281 -9.1572
v 15.5245 25.4314 -9.6222
v 15.0602 25.4762 -10.7135
vt 0.00000 1.00000
vt 0.00000 1.00000
vt 0.00000 1.00000
vt 0.00000 1.00000
vt 0.00000 1.00000
vt 0.00000 1.00000
vt 0.00000 1.00000
vt 0.00000 1.00000
vt 0.00000 1.00000
vt 0.00000 1.00000
vt 0.00000 1.00000
vt 0.00000 1.00000
vt 0.00000 1.00000
vt 0.00000 1.00000
vt 0.00000 1.00000
vt 0.00000 1.00000
vt 0.00000 1.00000
vt 0.00000 1.00000
vt 0.00000 1.00000
vt 0.00000 1.00000
vt 0.00000 1.00000
vt 0.00000 1.00000
vt 0.00000 1.00000
vt 0.00000 1.00000
vt 0.00000 1.00000
vt 0.00000 1.00000
vt 0.00000 1.00000
vt 0.00000 1.00000
vt 0.00000 1.00000
vt 0.00000 1.00000
vt 0.00000 1.00000
vt 0.00000 1.00000
vt 0.00000 1.00000
vt 0.00000 1.00000
vt 0.00000 1.00000
vt 0.00000 1.00000
vt 0.00000 1.00000
vt 0.00000 1.00000
vt 0.00000 1.00000
vt 0.00000 1.00000
vt 0.00000 1.00000
vt 0.00000 1.00000
vt 0.00000 1.00000
vt 0.00000 1.00000
vt 0.00000 1.00000
vt 0.00000 1.00000
vt 0.00000 1.00000
vt 0.00000 1.00000
vt 0.00000 1.00000
vt 0.00000 1.00000
vt 0.00000 1.00000
vt 0.00000 1.00000
vt 0.00000 1.00000
vt 0.00000 1.00000
vt 0.00000 1.00000
vt 0.00000 1.00000
vt 0.00000 1.00000
vt 0.00000 1.00000
vt 0.00000 1.00000
vt 0.00000 1.00000
vt 0.00000 1.00000
vt 0.00000 1.00000
vt 0.00000 1.00000
vt 0.00000 1.00000
vt 0.00000 1.00000
vt 0.00000 1.00000
vt 0.00000 1.00000
vt 0.00000 1.00000
vt 0.00000 1.00000
vt 0.00000 1.00000
vt 0.00000 1.00000
vt 0.00000 1.00000
vt 0.00000 1.00000
vt 0.00000 1.00000
vt 0.00000 1.00000
vt 0.00000 1.00000
vt 0.00000 1.00000
vt 0.00000 1.00000
vt 0.00000 1.00000
vt 0.00000 1.00000
vt 0.00000 1.00000
vt 0.00000 1.00000
vt 0.00000 1.00000
vt 0.00000 1.00000
vt 0.00000 1.00000
vt 0.00000 1.00000
vt 0.00000 1.00000
vt 0.00000 1.00000
vt 0.00000 1.00000
vt 0.00000 1.00000
vt 0.00000 1.00000
vt 0.00000 1.00000
vt 0.00000 1.00000
vt 0.00000 1.00000
vt 0.00000 1.00000
vt 0.00000 1.00000
vt 0.00000 1.00000
vt 0.00000 1.00000
vt 0.00000 1.00000
vt 0.00000 1.00000
vt 0.00000 1.00000
vt 0.00000 1.00000
vt 0.00000 1.00000
vt 0.00000 1.00000
vt 0.00000 1.00000
vt 0.00000 1.00000
vt 0.00000 1.00000
vt 0.00000 1.00000
vt 0.00000 1.00000
vt 0.00000 1.00000
vt 0.00000 1.00000
vt 0.00000 1.00000
vt 0.00000 1.00000
vt 0.00000 1.00000
vt 0.00000 1.00000
vt 0.00000 1.00000
vt 0.00000 1.00000
vt 0.00000 1.00000
vt 0.00000 1.00000
vt 0.00000 1.00000
vt 0.00000 1.00000
vt 0.00000 1.00000
vt 0.00000 1.00000
vt 0.00000 1.00000
vt 0.00000 1.00000
vt 0.00000 1.00000
vt 0.00000 1.00000
vt 0.00000 1.00000
vt 0.00000 1.00000
vt 0.00000 1.00000
vt 0.00000 1.00000
vt 0.00000 1.00000
vt 0.00000 1.00000
vt 0.00000 1.00000
vt 0.00000 1.00000
vt 0.00000 1.00000
vt 0.00000 1.00000
vt 0.00000 1.00000
vt 0.00000 1.00000
vt 0.00000 1.00000
vt 0.00000 1.00000
vt 0.00000 1.00000
vt 0.00000 1.00000
vt 0.00000 1.00000
vt 0.00000 1.00000
vt 0.00000 1.00000
vt 0.00000 1.00000
vt 0.00000 1.00000
vt 0.00000 1.00000
vt 0.00000 1.00000
vt 0.00000 1.00000
vt 0.00000 1.00000
vt 0.00000 1.00000
vt 0.00000 1.00000
vt 0.00000 1.00000
vt 0.00000 1.00000
vt 0.00000 1.00000
vt 0.00000 1.00000
vt 0.00000 1.00000
vt 0.00000 1.00000
vt 0.00000 1.00000
vt 0.00000 1.00000
vt 0.00000 1.00000
vt 0.00000 1.00000
vt 0.00000 1.00000
vt 0.00000 1.00000
vt 0.00000 1.00000
vt 0.00000 1.00000
vt 0.00000 1.00000
vt 0.00000 1.00000
vt 0.00000 1.00000
vt 0.00000 1.00000
vt 0.00000 1.00000
vt 0.00000 1.00000
vt 0.00000 1.00000
vt 0.00000 1.00000
vt 0.00000 1.00000
vt 0.00000 1.00000
vt 0.00000 1.00000
vt 0.00000 1.00000
vt 0.00000 1.00000
vt 0.00000 1.00000
vt 0.00000 1.00000
vt 0.00000 1.00000
vt 0.00000 1.00000
vt 0.00000 1.00000
vt 0.00000 1.00000
vt 0.00000 1.00000
vt 0.00000 1.00000
vt 0.00000 1.00000
vt 0.00000 1.00000
vt 0.00000 1.00000
vt 0.00000 1.00000
vt 0.00000 1.00000
vt 0.00000 1.00000
vt 0.00000 1.00000
vt 0.00000 1.00000
vt 0.00000 1.00000
vt 0.00000 1.00000
vt 0.00000 1.00000
vt 0.00000 1.00000
vt 0.00000 1.00000
vt 0.00000 1.00000
vt 0.00000 1.00000
vt 0.00000 1.00000
vt 0.00000 1.00000
vt 0.00000 1.00000
vt 0.00000 1.00000
vt 0.00000 1.00000
vt 0.00000 1.00000
vt 0.00000 1.00000
vt 0.00000 1.00000
vt 0.00000 1.00000
vt 0.00000 1.00000
vt 0.00000 1.00000
vt 0.00000 1.00000
vt 0.00000 1.00000
vt 0.00000 1.00000
vt 0.00000 1.00000
vt 0.00000 1.00000
vt 0.00000 1.00000
vt 0.00000 1.00000
vt 0.00000 1.00000
vt 0.00000 1.00000
vt 0.00000 1.00000
vt 0.00000 1.00000
vt 0.00000 1.00000
vt 0.00000 1.00000
vt 0.00000 1.00000
vt 0.00000 1.00000
vt 0.00000 1.00000
vt 0.00000 1.00000
vt 0.00000 1.00000
vt 0.00000 1.00000
vt 0.00000 1.00000
vt 0.00000 1.00000
vt 0.00000 1.00000
vt 0.00000 1.00000
vt 0.00000 1.00000
vt 0.00000 1.00000
vt 0.00000 1.00000
vt 0.00000 1.00000
vt 0.00000 1.00000
vt 0.00000 1.00000
vt 0.00000 1.00000
vt 0.00000 1.00000
vt 0.00000 1.00000
vt 0.00000 1.00000
vt 0.00000 1.00000
vt 0.00000 1.00000
vt 0.00000 1.00000
vt 0.00000 1.00000
vt 0.00000 1.00000
vt 0.00000 1.00000
vt 0.00000 1.00000
vt 0.00000 1.00000
vt 0.00000 1.00000
vt 0.00000 1.00000
vt 0.00000 1.00000
vt 0.00000 1.00000
vt 0.00000 1.00000
vt 0.00000 1.00000
vt 0.00000 1.00000
vt 0.00000 1.00000
vt 0.00000 1.00000
vt 0.00000 1.00000
vt 0.00000 1.00000
vt 0.00000 1.00000
vt 0.00000 1.00000
vt 0.00000 1.00000
vt 0.00000 1.00000
vt 0.00000 1.00000
vt 0.00000 1.00000
vt 0.00000 1.00000
vt 0.00000 1.00000
vt 0.00000 1.00000
vt 0.00000 1.00000
vt 0.00000 1.00000
vt 0.00000 1.00000
vt 0.00000 1.00000
vt 0.00000 1.00000
vt 0.00000 1.00000
vt 0.00000 1.00000
vt 0.00000 1.00000
vt 0.00000 1.00000
vt 0.00000 1.00000
vt 0.00000 1.00000
vt 0.00000 1.00000
vt 0.00000 1.00000
vt 0.00000 1.00000
vt 0.00000 1.00000
vt 0.00000 1.00000
vt 0.00000 1.00000
vt 0.00000 1.00000
vt 0.00000 1.00000
vt 0.00000 1.00000
vt 0.00000 1.00000
vt 0.00000 1.00000
vt 0.00000 1.00000
vt 0.00000 1.00000
vt 0.00000 1.00000
vt 0.00000 1.00000
vt 0.00000 1.00000
vt 0.00000 1.00000
vt 0.00000 1.00000
vt 0.00000 1.00000
vt 0.00000 1.00000
vt 0.00000 1.00000
vt 0.00000 1.00000
vt 0.00000 1.00000
vt 0.00000 1.00000
vt 0.00000 1.00000
vt 0.00000 1.00000
vt 0.00000 1.00000
vt 0.00000 1.00000
vt 0.00000 1.00000
vt 0.00000 1.00000
vt 0.00000 1.00000
vt 0.00000 1.00000
vt 0.00000 1.00000
vt 0.00000 1.00000
vt 0.00000 1.00000
vt 0.00000 1.00000
vt 0.00000 1.00000
vt 0.00000 1.00000
vt 0.00000 1.00000
vt 0.00000 1.00000
vt 0.00000 1.00000
vt 0.00000 1.00000
vt 0.00000 1.00000
vt 0.00000 1.00000
vt 0.00000 1.00000
vt 0.00000 1.00000
vt 0.00000 1.00000
vt 0.00000 1.00000
vt 0.00000 1.00000
vt 0.00000 1.00000
vt 0.00000 1.00000
vt 0.00000 1.00000
vt 0.00000 1.00000
vt 0.00000 1.00000
vt 0.00000 1.00000
vt 0.00000 1.00000
vt 0.00000 1.00000
vt 0.00000 1.00000
vt 0.00000 1.00000
vt 0.00000 1.00000
vt 0.00000 1.00000
vt 0.00000 1.00000
vt 0.00000 1.00000
vt 0.00000 1.00000
vt 0.00000 1.00000
vt 0.00000 1.00000
vt 0.00000 1.00000
vt 0.00000 1.00000
vt 0.00000 1.00000
vt 0.00000 1.00000
vt 0.00000 1.00000
vt 0.00000 1.00000
vt 0.00000 1.00000
vt 0.00000 1.00000
vt 0.00000 1.00000
vt 0.00000 1.00000
vt 0.00000 1.00000
vt 0.00000 1.00000
vt 0.00000 1.00000
vt 0.00000 1.00000
vt 0.00000 1.00000
vt 0.00000 1.00000
vt 0.00000 1.00000
vt 0.00000 1.00000
vt 0.00000 1.00000
vt 0.00000 1.00000
vt 0.00000 1.00000
vt 0.00000 1.00000
vt 0.00000 1.00000
vt 0.00000 1.00000
vt 0.00000 1.00000
vt 0.00000 1.00000
vt 0.00000 1.00000
vt 0.00000 1.00000
vt 0.00000 1.00000
vt 0.00000 1.00000
vt 0.00000 1.00000
vt 0.00000 1.00000
vt 0.00000 1.00000
vt 0.00000 1.00000
vt 0.00000 1.00000
vt 0.00000 1.00000
vt 0.00000 1.00000
vt 0.00000 1.00000
vt 0.00000 1.00000
vt 0.00000 1.00000
vt 0.00000 1.00000
vt 0.00000 1.00000
vt 0.00000 1.00000
vt 0.00000 1.00000
vt 0.00000 1.00000
vt 0.00000 1.00000
vt 0.00000 1.00000
vt 0.00000 1.00000
vt 0.00000 1.00000
vt 0.00000 1.00000
vt 0.00000 1.00000
vt 0.00000 1.00000
vt 0.00000 1.00000
vt 0.00000 1.00000
vt 0.00000 1.00000
vt 0.00000 1.00000
vt 0.00000 1.00000
vt 0.00000 1.00000
vt 0.00000 1.00000
vt 0.00000 1.00000
vt 0.00000 1.00000
vt 0.00000 1.00000
vt 0.00000 1.00000
vt 0.00000 1.00000
vt 0.00000 1.00000
vt 0.00000 1.00000
vt 0.00000 1.00000
vt 0.00000 1.00000
vt 0.00000 1.00000
vt 0.00000 1.00000
vt 0.00000 1.00000
vt 0.00000 1.00000
vt 0.00000 1.00000
vt 0.00000 1.00000
vt 0.00000 1.00000
vt 0.00000 1.00000
vt 0.00000 1.00000
vt 0.00000 1.00000
vt 0.00000 1.00000
vt 0.00000 1.00000
vt 0.00000 1.00000
vt 0.00000 1.00000
vt 0.00000 1.00000
vt 0.00000 1.00000
vt 0.00000 1.00000
vt 0.00000 1.00000
vt 0.00000 1.00000
vt 0.00000 1.00000
vt 0.00000 1.00000
vt 0.00000 1.00000
vt 0.00000 1.00000
vt 0.00000 1.00000
vt 0.00000 1.00000
vt 0.00000 1.00000
vt 0.00000 1.00000
vt 0.00000 1.00000
vt 0.00000 1.00000
vt 0.00000 1.00000
vt 0.00000 1.00000
vt 0.00000 1.00000
vt 0.00000 1.00000
vt 0.00000 1.00000
vt 0.00000 1.00000
vt 0.00000 1.00000
vt 0.00000 1.00000
vt 0.00000 1.00000
vt 0.00000 1.00000
vt 0.00000 1.00000
vt 0.00000 1.00000
vt 0.00000 1.00000
vt 0.00000 1.00000
vt 0.00000 1.00000
vt 0.00000 1.00000
vt 0.00000 1.00000
vt 0.00000 1.00000
vt 0.00000 1.00000
vt 0.00000 1.00000
vt 0.00000 1.00000
vt 0.00000 1.00000
vt 0.00000 1.00000
vt 0.00000 1.00000
vt 0.00000 1.00000
vt 0.00000 1.00000
vt 0.00000 1.00000
vt 0.00000 1.00000
vt 0.00000 1.00000
vt 0.00000 1.00000
vt 0.00000 1.00000
vt 0.00000 1.00000
vt 0.00000 1.00000
vt 0.00000 1.00000
vt 0.00000 1.00000
vt 0.00000 1.00000
vt 0.00000 1.00000
vt 0.00000 1.00000
vt 0.00000 1.00000
vt 0.00000 1.00000
vt 0.00000 1.00000
vt 0.00000 1.00000
vt 0.00000 1.00000
vt 0.00000 1.00000
vt 0.00000 1.00000
vt 0.00000 1.00000
vt 0.00000 1.00000
vt 0.00000 1.00000
vt 0.00000 1.00000
vt 0.00000 1.00000
vt 0.00000 1.00000
vt 0.00000 1.00000
vt 0.00000 1.00000
vt 0.00000 1.00000
vt 0.00000 1.00000
vt 0.00000 1.00000
vt 0.00000 1.00000
vt 0.00000 1.00000
vt 0.00000 1.00000
vt 0.00000 1.00000
vt 0.00000 1.00000
vt 0.00000 1.00000
vt 0.00000 1.00000
vt 0.00000 1.00000
vt 0.00000 1.00000
vt 0.00000 1.00000
vt 0.00000 1.00000
vt 0.00000 1.00000
vt 0.00000 1.00000
vt 0.00000 1.00000
vt 0.00000 1.00000
vt 0.00000 1.00000
vt 0.00000 1.00000
vt 0.00000 1.00000
vt 0.00000 1.00000
vt 0.00000 1.00000
vt 0.00000 1.00000
vt 0.00000 1.00000
vt 0.00000 1.00000
vt 0.00000 1.00000
vt 0.00000 1.00000
vt 0.00000 1.00000
vt 0.00000 1.00000
vt 0.00000 1.00000
vt 0.00000 1.00000
vt 0.00000 1.00000
vt 0.00000 1.00000
vt 0.00000 1.00000
vt 0.00000 1.00000
vt 0.00000 1.00000
vt 0.00000 1.00000
vt 0.00000 1.00000
vt 0.00000 1.00000
vt 0.00000 1.00000
vt 0.00000 1.00000
vt 0.00000 1.00000
vt 0.00000 1.00000
vt 0.00000 1.00000
vt 0.00000 1.00000
vt 0.00000 1.00000
vt 0.00000 1.00000
vt 0.00000 1.00000
vt 0.00000 1.00000
vt 0.00000 1.00000
vt 0.00000 1.00000
vt 0.00000 1.00000
vt 0.00000 1.00000
vt 0.00000 1.00000
vt 0.00000 1.00000
vt 0.00000 1.00000
vt 0.00000 1.00000
vt 0.00000 1.00000
vt 0.00000 1.00000
vt 0.00000 1.00000
vt 0.00000 1.00000
vt 0.00000 1.00000
vt 0.00000 1.00000
vt 0.00000 1.00000
vt 0.00000 1.00000
vt 0.00000 1.00000
vt 0.00000 1.00000
vt 0.00000 1.00000
vt 0.00000 1.00000
vt 0.00000 1.00000
vt 0.00000 1.00000
vt 0.00000 1.00000
vt 0.00000 1.00000
vt 0.00000 1.00000
vt 0.00000 1.00000
vt 0.00000 1.00000
vt 0.00000 1.00000
vt 0.00000 1.00000
vt 0.00000 1.00000
vt 0.00000 1.00000
vt 0.00000 1.00000
vt 0.00000 1.00000
vt 0.00000 1.00000
vt 0.00000 1.00000
vt 0.00000 1.00000
vt 0.00000 1.00000
vt 0.00000 1.00000
vt 0.00000 1.00000
vt 0.00000 1.00000
vt 0.00000 1.00000
vt 0.00000 1.00000
vt 0.00000 1.00000
vt 0.00000 1.00000
vt 0.00000 1.00000
vt 0.00000 1.00000
vt 0.00000 1.00000
vt 0.00000 1.00000
vt 0.00000 1.00000
vt 0.00000 1.00000
vt 0.00000 1.00000
vt 0.00000 1.00000
vt 0.00000 1.00000
vt 0.00000 1.00000
vt 0.00000 1.00000
vt 0.00000 1.00000
vt 0.00000 1.00000
vt 0.00000 1.00000
vt 0.00000 1.00000
vt 0.00000 1.00000
vt 0.00000 1.00000
vt 0.00000 1.00000
vt 0.00000 1.00000
vt 0.00000 1.00000
vt 0.00000 1.00000
vt 0.00000 1.00000
vt 0.00000 1.00000
vt 0.00000 1.00000
vt 0.00000 1.00000
vt 0.00000 1.00000
vt 0.00000 1.00000
vt 0.00000 1.00000
vt 0.00000 1.00000
vt 0.00000 1.00000
vt 0.00000 1.00000
vt 0.00000 1.00000
vt 0.00000 1.00000
vt 0.00000 1.00000
vt 0.00000 1.00000
vt 0.00000 1.00000
vt 0.00000 1.00000
vt 0.00000 1.00000
vt 0.00000 1.00000
vt 0.00000 1.00000
vt 0.00000 1.00000
vt 0.00000 1.00000
vt 0.00000 1.00000
vt 0.00000 1.00000
vt 0.00000 1.00000
vt 0.00000 1.00000
vt 0.00000 1.00000
vt 0.00000 1.00000
vt 0.00000 1.00000
vt 0.00000 1.00000
vt 0.00000 1.00000
vt 0.00000 1.00000
vt 0.00000 1.00000
vt 0.00000 1.00000
vt 0.00000 1.00000
vt 0.00000 1.00000
vt 0.00000 1.00000
vt 0.00000 1.00000
vt 0.00000 1.00000
vt 0.00000 1.00000
vt 0.00000 1.00000
vt 0.00000 1.00000
vt 0.00000 1.00000
vt 0.00000 1.00000
vt 0.00000 1.00000
vt 0.00000 1.00000
vt 0.00000 1.00000
vt 0.00000 1.00000
vt 0.00000 1.00000
vt 0.00000 1.00000
vt 0.00000 1.00000
vt 0.00000 1.00000
vt 0.00000 1.00000
vt 0.00000 1.00000
vt 0.00000 1.00000
vt 0.00000 1.00000
vt 0.00000 1.00000
vt 0.00000 1.00000
vt 0.00000 1.00000
vt 0.00000 1.00000
vt 0.00000 1.00000
vt 0.00000 1.00000
vt 0.00000 1.00000
vt 0.00000 1.00000
vt 0.00000 1.00000
vt 0.00000 1.00000
vt 0.00000 1.00000
vt 0.00000 1.00000
vt 0.00000 1.00000
vt 0.00000 1.00000
vt 0.00000 1.00000
vt 0.00000 1.00000
vt 0.00000 1.00000
vt 0.00000 1.00000
vt 0.00000 1.00000
vt 0.00000 1.00000
vt 0.00000 1.00000
vt 0.00000 1.00000
vt 0.00000 1.00000
vt 0.00000 1.00000
vt 0.00000 1.00000
vt 0.00000 1.00000
vt 0.00000 1.00000
vt 0.00000 1.00000
vt 0.00000 1.00000
vt 0.00000 1.00000
vt 0.00000 1.00000
vt 0.00000 1.00000
vt 0.00000 1.00000
vt 0.00000 1.00000
vt 0.00000 1.00000
vt 0.00000 1.00000
vt 0.00000 1.00000
vt 0.00000 1.00000
vt 0.00000 1.00000
vt 0.00000 1.00000
vt 0.00000 1.00000
vt 0.00000 1.00000
vt 0.00000 1.00000
vt 0.00000 1.00000
vt 0.00000 1.00000
vt 0.00000 1.00000
vt 0.00000 1.00000
vt 0.00000 1.00000
vt 0.00000 1.00000
vt 0.00000 1.00000
vt 0.00000 1.00000
vt 0.00000 1.00000
vt 0.00000 1.00000
vt 0.00000 1.00000
vt 0.00000 1.00000
vt 0.00000 1.00000
vt 0.00000 1.00000
vt 0.00000 1.00000
vt 0.00000 1.00000
vt 0.00000 1.00000
vt 0.00000 1.00000
vt 0.00000 1.00000
vt 0.00000 1.00000
vt 0.00000 1.00000
vt 0.00000 1.00000
vt 0.00000 1.00000
vt 0.00000 1.00000
vt 0.00000 1.00000
vt 0.00000 1.00000
vt 0.00000 1.00000
vt 0.00000 1.00000
vt 0.00000 1.00000
vt 0.00000 1.00000
vt 0.00000 1.00000
vt 0.00000 1.00000
vt 0.00000 1.00000
vt 0.00000 1.00000
vt 0.00000 1.00000
vt 0.00000 1.00000
vt 0.00000 1.00000
vt 0.00000 1.00000
vt 0.00000 1.00000
vt 0.00000 1.00000
vt 0.00000 1.00000
vt 0.00000 1.00000
vt 0.00000 1.00000
vt 0.00000 1.00000
vt 0.00000 1.00000
vt 0.00000 1.00000
vt 0.00000 1.00000
vt 0.00000 1.00000
vt 0.00000 1.00000
vt 0.00000 1.00000
vt 0.00000 1.00000
vt 0.00000 1.00000
vt 0.00000 1.00000
vt 0.00000 1.00000
vt 0.00000 1.00000
vt 0.00000 1.00000
vt 0.00000 1.00000
vt 0.00000 1.00000
vt 0.00000 1.00000
vt 0.00000 1.00000
vt 0.00000 1.00000
vt 0.00000 1.00000
vt 0.00000 1.00000
vt 0.00000 1.00000
vt 0.00000 1.00000
vt 0.00000 1.00000
vt 0.00000 1.00000
vt 0.00000 1.00000
vt 0.00000 1.00000
vt 0.00000 1.00000
vt 0.00000 1.00000
vt 0.00000 1.00000
vt 0.00000 1.00000
vt 0.00000 1.00000
vt 0.00000 1.00000
vt 0.00000 1.00000
vt 0.00000 1.00000
vt 0.00000 1.00000
vt 0.00000 1.00000
vt 0.00000 1.00000
vt 0.00000 1.00000
vt 0.00000 1.00000
vt 0.00000 1.00000
vt 0.00000 1.00000
vt 0.00000 1.00000
vt 0.00000 1.00000
vt 0.00000 1.00000
vt 0.00000 1.00000
vt 0.00000 1.00000
vt 0.00000 1.00000
vt 0.00000 1.00000
vt 0.00000 1.00000
vt 0.00000 1.00000
vt 0.00000 1.00000
vt 0.00000 1.00000
vt 0.00000 1.00000
vt 0.00000 1.00000
vt 0.00000 1.00000
vt 0.00000 1.00000
vt 0.00000 1.00000
vt 0.00000 1.00000
vt 0.00000 1.00000
vt 0.00000 1.00000
vt 0.00000 1.00000
vt 0.00000 1.00000
vt 0.00000 1.00000
vt 0.00000 1.00000
vt 0.00000 1.00000
vt 0.00000 1.00000
vt 0.00000 1.00000
vt 0.00000 1.00000
vt 0.00000 1.00000
vt 0.00000 1.00000
vt 0.00000 1.00000
vt 0.00000 1.00000
vt 0.00000 1.00000
vt 0.00000 1.00000
vt 0.00000 1.00000
vt 0.00000 1.00000
vt 0.00000 1.00000
vt 0.00000 1.00000
vt 0.00000 1.00000
vt 0.00000 1.00000
vt 0.00000 1.00000
vt 0.00000 1.00000
vt 0.00000 1.00000
vt 0.00000 1.00000
vt 0.00000 1.00000
vt 0.00000 1.00000
vt 0.00000 1.00000
vt 0.00000 1.00000
vt 0.00000 1.00000
vt 0.00000 1.00000
vt 0.00000 1.00000
vt 0.00000 1.00000
vt 0.00000 1.00000
vt 0.00000 1.00000
vt 0.00000 1.00000
vt 0.00000 1.00000
vt 0.00000 1.00000
vt 0.00000 1.00000
vt 0.00000 1.00000
vt 0.00000 1.00000
vt 0.00000 1.00000
vt 0.00000 1.00000
vt 0.00000 1.00000
vt 0.00000 1.00000
vt 0.00000 1.00000
vt 0.00000 1.00000
vt 0.00000 1.00000
vt 0.00000 1.00000
vt 0.00000 1.00000
vt 0.00000 1.00000
vt 0.00000 1.00000
vt 0.00000 1.00000
vt 0.00000 1.00000
vt 0.00000 1.00000
vt 0.00000 1.00000
vt 0.00000 1.00000
vt 0.00000 1.00000
vt 0.00000 1.00000
vt 0.00000 1.00000
vt 0.00000 1.00000
vt 0.00000 1.00000
vt 0.00000 1.00000
vt 0.00000 1.00000
vt 0.00000 1.00000
vt 0.00000 1.00000
vt 0.00000 1.00000
vt 0.00000 1.00000
vt 0.00000 1.00000
vt 0.00000 1.00000
vt 0.00000 1.00000
vt 0.00000 1.00000
vt 0.00000 1.00000
vt 0.00000 1.00000
vt 0.00000 1.00000
vt 0.00000 1.00000
vt 0.00000 1.00000
vt 0.00000 1.00000
vt 0.00000 1.00000
vt 0.00000 1.00000
vt 0.00000 1.00000
vt 0.00000 1.00000
vt 0.00000 1.00000
vt 0.00000 1.00000
vt 0.00000 1.00000
vt 0.00000 1.00000
vt 0.00000 1.00000
vt 0.00000 1.00000
vt 0.00000 1.00000
vt 0.00000 1.00000
vt 0.00000 1.00000
vt 0.00000 1.00000
vt 0.00000 1.00000
vt 0.00000 1.00000
vt 0.00000 1.00000
vt 0.00000 1.00000
vt 0.00000 1.00000
vt 0.00000 1.00000
vt 0.00000 1.00000
vt 0.00000 1.00000
vt 0.00000 1.00000
vt 0.00000 1.00000
vt 0.00000 1.00000
vt 0.00000 1.00000
vt 0.00000 1.00000
vt 0.00000 1.00000
vt 0.00000 1.00000
vt 0.00000 1.00000
vt 0.00000 1.00000
vt 0.00000 1.00000
vt 0.00000 1.00000
vt 0.00000 1.00000
vt 0.00000 1.00000
vt 0.00000 1.00000
vt 0.00000 1.00000
vt 0.00000 1.00000
vt 0.00000 1.00000
vt 0.00000 1.00000
vt 0.00000 1.00000
vt 0.00000 1.00000
vt 0.00000 1.00000
vt 0.00000 1.00000
vt 0.00000 1.00000
vt 0.00000 1.00000
vt 0.00000 1.00000
vt 0.00000 1.00000
vt 0.00000 1.00000
vt 0.00000 1.00000
vt 0.00000 1.00000
vt 0.00000 1.00000
vt 0.00000 1.00000
vt 0.00000 1.00000
vt 0.00000 1.00000
vt 0.00000 1.00000
vt 0.00000 1.00000
vt 0.00000 1.00000
vt 0.00000 1.00000
vt 0.00000 1.00000
vt 0.00000 1.00000
vt 0.00000 1.00000
vt 0.00000 1.00000
vt 0.00000 1.00000
vt 0.00000 1.00000
vt 0.00000 1.00000
vt 0.00000 1.00000
vt 0.00000 1.00000
vt 0.00000 1.00000
vt 0.00000 1.00000
vt 0.00000 1.00000
vt 0.00000 1.00000
vt 0.00000 1.00000
vt 0.00000 1.00000
vt 0.00000 1.00000
vt 0.00000 1.00000
vt 0.00000 1.00000
vt 0.00000 1.00000
vt 0.00000 1.00000
vt 0.00000 1.00000
vt 0.00000 1.00000
vt 0.00000 1.00000
vt 0.00000 1.00000
vt 0.00000 1.00000
vt 0.00000 1.00000
vt 0.00000 1.00000
vt 0.00000 1.00000
vt 0.00000 1.00000
vt 0.00000 1.00000
vt 0.00000 1.00000
vt 0.00000 1.00000
vt 0.00000 1.00000
vt 0.00000 1.00000
vt 0.00000 1.00000
vt 0.00000 1.00000
vt 0.00000 1.00000
vt 0.00000 1.00000
vt 0.00000 1.00000
vt 0.00000 1.00000
vt 0.00000 1.00000
vt 0.00000 1.00000
vt 0.00000 1.00000
vt 0.00000 1.00000
vt 0.00000 1.00000
vt 0.00000 1.00000
vt 0.00000 1.00000
vt 0.00000 1.00000
vt 0.00000 1.00000
vt 0.00000 1.00000
vt 0.00000 1.00000
vt 0.00000 1.00000
vt 0.00000 1.00000
vt 0.00000 1.00000
vt 0.00000 1.00000
vt 0.00000 1.00000
vt 0.00000 1.00000
vt 0.00000 1.00000
vt 0.00000 1.00000
vt 0.00000 1.00000
vt 0.00000 1.00000
vt 0.00000 1.00000
vt 0.00000 1.00000
vt 0.00000 1.00000
vt 0.00000 1.00000
vt 0.00000 1.00000
vt 0.00000 1.00000
vt 0.00000 1.00000
vt 0.00000 1.00000
vt 0.00000 1.00000
vt 0.00000 1.00000
vt 0.00000 1.00000
vt 0.00000 1.00000
vt 0.00000 1.00000
vt 0.00000 1.00000
vt 0.00000 1.00000
vt 0.00000 1.00000
vt 0.00000 1.00000
vt 0.00000 1.00000
vt 0.00000 1.00000
vt 0.00000 1.00000
vt 0.00000 1.00000
vt 0.00000 1.00000
vt 0.00000 1.00000
vt 0.00000 1.00000
vt 0.00000 1.00000
vt 0.00000 1.00000
vt 0.00000 1.00000
vt 0.00000 1.00000
vt 0.00000 1.00000
vt 0.00000 1.00000
vt 0.00000 1.00000
vt 0.00000 1.00000
vt 0.00000 1.00000
vt 0.00000 1.00000
vt 0.00000 1.00000
vt 0.00000 1.00000
vt 0.00000 1.00000
vt 0.00000 1.00000
vt 0.00000 1.00000
vt 0.00000 1.00000
vt 0.00000 1.00000
vt 0.00000 1.00000
vt 0.00000 1.00000
vt 0.00000 1.00000
vt 0.00000 1.00000
vt 0.00000 1.00000
vt 0.00000 1.00000
vt 0.00000 1.00000
vt 0.00000 1.00000
vt 0.00000 1.00000
vt 0.00000 1.00000
vt 0.00000 1.00000
vt 0.00000 1.00000
vt 0.00000 1.00000
vt 0.00000 1.00000
vt 0.00000 1.00000
vt 0.00000 1.00000
vt 0.00000 1.00000
vt 0.00000 1.00000
vt 0.00000 1.00000
vt 0.00000 1.00000
vt 0.00000 1.00000
vt 0.00000 1.00000
vt 0.00000 1.00000
vt 0.00000 1.00000
vt 0.00000 1.00000
vt 0.00000 1.00000
vt 0.00000 1.00000
vt 0.00000 1.00000
vt 0.00000 1.00000
vt 0.00000 1.00000
vt 0.00000 1.00000
vt 0.00000 1.00000
vt 0.00000 1.00000
vt 0.00000 1.00000
vt 0.00000 1.00000
vt 0.00000 1.00000
vt 0.00000 1.00000
vt 0.00000 1.00000
vt 0.00000 1.00000
vt 0.00000 1.00000
vt 0.00000 1.00000
vt 0.00000 1.00000
vt 0.00000 1.00000
vt 0.00000 1.00000
vt 0.00000 1.00000
vt 0.00000 1.00000
vt 0.00000 1.00000
vt 0.00000 1.00000
vt 0.00000 1.00000
vt 0.00000 1.00000
vt 0.00000 1.00000
vt 0.00000 1.00000
vt 0.00000 1.00000
vt 0.00000 1.00000
vt 0.00000 1.00000
vt 0.00000 1.00000
vt 0.00000 1.00000
vt 0.00000 1.00000
vt 0.00000 1.00000
vt 0.00000 1.00000
vt 0.00000 1.00000
vt 0.00000 1.00000
vt 0.00000 1.00000
vt 0.00000 1.00000
vt 0.00000 1.00000
vt 0.00000 1.00000
vt 0.00000 1.00000
vt 0.00000 1.00000
vt 0.00000 1.00000
vt 0.00000 1.00000
vt 0.00000 1.00000
vt 0.00000 1.00000
vt 0.00000 1.00000
vt 0.00000 1.00000
vt 0.00000 1.00000
vt 0.00000 1.00000
vt 0.00000 1.00000
vt 0.00000 1.00000
vt 0.00000 1.00000
vt 0.00000 1.00000
vt 0.00000 1.00000
vt 0.00000 1.00000
vt 0.00000 1.00000
vt 0.00000 1.00000
vt 0.00000 1.00000
vt 0.00000 1.00000
vt 0.00000 1.00000
vt 0.00000 1.00000
vt 0.00000 1.00000
vt 0.00000 1.00000
vt 0.00000 1.00000
vt 0.00000 1.00000
vt 0.00000 1.00000
vt 0.00000 1.00000
vt 0.00000 1.00000
vt 0.00000 1.00000
vt 0.00000 1.00000
vt 0.00000 1.00000
vt 0.00000 1.00000
vt 0.00000 1.00000
vt 0.00000 1.00000
vt 0.00000 1.00000
vt 0.00000 1.00000
vt 0.00000 1.00000
vt 0.00000 1.00000
vt 0.00000 1.00000
vt 0.00000 1.00000
vt 0.00000 1.00000
vt 0.00000 1.00000
vt 0.00000 1.00000
vt 0.00000 1.00000
vt 0.00000 1.00000
vt 0.00000 1.00000
vt 0.00000 1.00000
vt 0.00000 1.00000
vt 0.00000 1.00000
vt 0.00000 1.00000
vt 0.00000 1.00000
vt 0.00000 1.00000
vt 0.00000 1.00000
vt 0.00000 1.00000
vt 0.00000 1.00000
vt 0.00000 1.00000
vt 0.00000 1.00000
vt 0.00000 1.00000
vt 0.00000 1.00000
vt 0.00000 1.00000
vt 0.00000 1.00000
vt 0.00000 1.00000
vt 0.00000 1.00000
vt 0.00000 1.00000
vt 0.00000 1.00000
vt 0.00000 1.00000
vt 0.00000 1.00000
vt 0.00000 1.00000
vt 0.00000 1.00000
vt 0.00000 1.00000
vt 0.00000 1.00000
vt 0.00000 1.00000
vt 0.00000 1.00000
vt 0.00000 1.00000
vt 0.00000 1.00000
vt 0.00000 1.00000
vt 0.00000 1.00000
vt 0.00000 1.00000
vt 0.00000 1.00000
vt 0.00000 1.00000
vt 0.00000 1.00000
vt 0.00000 1.00000
vt 0.00000 1.00000
vt 0.00000 1.00000
vt 0.00000 1.00000
vt 0.00000 1.00000
vt 0.00000 1.00000
vt 0.00000 1.00000
vt 0.00000 1.00000
vt 0.00000 1.00000
vt 0.00000 1.00000
vt 0.00000 1.00000
vt 0.00000 1.00000
vt 0.00000 1.00000
vt 0.00000 1.00000
vt 0.00000 1.00000
vt 0.00000 1.00000
vt 0.00000 1.00000
vt 0.00000 1.00000
vt 0.00000 1.00000
vt 0.00000 1.00000
vt 0.00000 1.00000
vt 0.00000 1.00000
vt 0.00000 1.00000
vt 0.00000 1.00000
vt 0.00000 1.00000
vt 0.00000 1.00000
vt 0.00000 1.00000
vt 0.00000 1.00000
vt 0.00000 1.00000
vt 0.00000 1.00000
vt 0.00000 1.00000
vt 0.00000 1.00000
vt 0.00000 1.00000
vt 0.00000 1.00000
vt 0.00000 1.00000
vt 0.00000 1.00000
vt 0.00000 1.00000
vt 0.00000 1.00000
vt 0.00000 1.00000
vt 0.00000 1.00000
vt 0.00000 1.00000
vt 0.00000 1.00000
vt 0.00000 1.00000
vt 0.00000 1.00000
vt 0.00000 1.00000
vt 0.00000 1.00000
vt 0.00000 1.00000
vt 0.00000 1.00000
vt 0.00000 1.00000
vt 0.00000 1.00000
vt 0.00000 1.00000
vt 0.00000 1.00000
vt 0.00000 1.00000
vt 0.00000 1.00000
vt 0.00000 1.00000
vt 0.00000 1.00000
vt 0.00000 1.00000
vt 0.00000 1.00000
vt 0.00000 1.00000
vt 0.00000 1.00000
vt 0.00000 1.00000
vt 0.00000 1.00000
vt 0.00000 1.00000
vt 0.00000 1.00000
vt 0.00000 1.00000
vt 0.00000 1.00000
vt 0.00000 1.00000
vt 0.00000 1.00000
vt 0.00000 1.00000
vt 0.00000 1.00000
vt 0.00000 1.00000
vt 0.00000 1.00000
vt 0.00000 1.00000
vt 0.00000 1.00000
vt 0.00000 1.00000
vt 0.00000 1.00000
vt 0.00000 1.00000
vt 0.00000 1.00000
vt 0.00000 1.00000
vt 0.00000 1.00000
vt 0.00000 1.00000
vt 0.00000 1.00000
vt 0.00000 1.00000
vt 0.00000 1.00000
vt 0.00000 1.00000
vt 0.00000 1.00000
vt 0.00000 1.00000
vt 0.00000 1.00000
vt 0.00000 1.00000
vt 0.00000 1.00000
vt 0.00000 1.00000
vt 0.00000 1.00000
vt 0.00000 1.00000
vt 0.00000 1.00000
vt 0.00000 1.00000
vt 0.00000 1.00000
vt 0.00000 1.00000
vt 0.00000 1.00000
vt 0.00000 1.00000
vt 0.00000 1.00000
vt 0.00000 1.00000
vt 0.00000 1.00000
vt 0.00000 1.00000
vt 0.00000 1.00000
vt 0.00000 1.00000
vt 0.00000 1.00000
vt 0.00000 1.00000
vt 0.00000 1.00000
vt 0.00000 1.00000
vt 0.00000 1.00000
vt 0.00000 1.00000
vt 0.00000 1.00000
vt 0.00000 1.00000
vt 0.00000 1.00000
vt 0.00000 1.00000
vt 0.00000 1.00000
vt 0.00000 1.00000
vt 0.00000 1.00000
vt 0.00000 1.00000
vt 0.00000 1.00000
vt 0.00000 1.00000
vt 0.00000 1.00000
vt 0.00000 1.00000
vt 0.00000 1.00000
vt 0.00000 1.00000
vt 0.00000 1.00000
vt 0.00000 1.00000
vt 0.00000 1.00000
vt 0.00000 1.00000
vt 0.00000 1.00000
vt 0.00000 1.00000
vt 0.00000 1.00000
vt 0.00000 1.00000
vt 0.00000 1.00000
vt 0.00000 1.00000
vt 0.00000 1.00000
vt 0.00000 1.00000
vt 0.00000 1.00000
vt 0.00000 1.00000
vt 0.00000 1.00000
vt 0.00000 1.00000
vt 0.00000 1.00000
vt 0.00000 1.00000
vt 0.00000 1.00000
vt 0.00000 1.00000
vt 0.00000 1.00000
vt 0.00000 1.00000
vt 0.00000 1.00000
vt 0.00000 1.00000
vt 0.00000 1.00000
vt 0.00000 1.00000
vt 0.00000 1.00000
vt 0.00000 1.00000
vt 0.00000 1.00000
vt 0.00000 1.00000
vt 0.00000 1.00000
vt 0.00000 1.00000
vt 0.00000 1.00000
vt 0.00000 1.00000
vt 0.00000 1.00000
vt 0.00000 1.00000
vt 0.00000 1.00000
vt 0.00000 1.00000
vt 0.00000 1.00000
vt 0.00000 1.00000
vt 0.00000 1.00000
vt 0.00000 1.00000
vt 0.00000 1.00000
vt 0.00000 1.00000
vt 0.00000 1.00000
vt 0.00000 1.00000
vt 0.00000 1.00000
vt 0.00000 1.00000
vt 0.00000 1.00000
vt 0.00000 1.00000
vt 0.00000 1.00000
vt 0.00000 1.00000
vt 0.00000 1.00000
vt 0.00000 1.00000
vt 0.00000 1.00000
vt 0.00000 1.00000
vt 0.00000 1.00000
vt 0.00000 1.00000
vt 0.00000 1.00000
vt 0.00000 1.00000
vt 0.00000 1.00000
vt 0.00000 1.00000
vt 0.00000 1.00000
vt 0.00000 1.00000
vt 0.00000 1.00000
vt 0.00000 1.00000
vt 0.00000 1.00000
vt 0.00000 1.00000
vt 0.00000 1.00000
vt 0.00000 1.00000
vt 0.00000 1.00000
vt 0.00000 1.00000
vt 0.00000 1.00000
vt 0.00000 1.00000
vt 0.00000 1.00000
vt 0.00000 1.00000
vt 0.00000 1.00000
vt 0.00000 1.00000
vt 0.00000 1.00000
vt 0.00000 1.00000
vt 0.00000 1.00000
vt 0.00000 1.00000
vt 0.00000 1.00000
vt 0.00000 1.00000
vt 0.00000 1.00000
vt 0.00000 1.00000
vt 0.00000 1.00000
vt 0.00000 1.00000
vt 0.00000 1.00000
vt 0.00000 1.00000
vt 0.00000 1.00000
vt 0.00000 1.00000
vt 0.00000 1.00000
vt 0.00000 1.00000
vt 0.00000 1.00000
vt 0.00000 1.00000
vt 0.00000 1.00000
vt 0.00000 1.00000
vt 0.00000 1.00000
vt 0.00000 1.00000
vt 0.00000 1.00000
vt 0.00000 1.00000
vt 0.00000 1.00000
vt 0.00000 1.00000
vt 0.00000 1.00000
vt 0.00000 1.00000
vt 0.00000 1.00000
vt 0.00000 1.00000
vt 0.00000 1.00000
vt 0.00000 1.00000
vt 0.00000 1.00000
vt 0.00000 1.00000
vt 0.00000 1.00000
vt 0.00000 1.00000
vt 0.00000 1.00000
vt 0.00000 1.00000
vt 0.00000 1.00000
vt 0.00000 1.00000
vt 0.00000 1.00000
vt 0.00000 1.00000
vt 0.00000 1.00000
vt 0.00000 1.00000
vt 0.00000 1.00000
vt 0.00000 1.00000
vt 0.00000 1.00000
vt 0.00000 1.00000
vt 0.00000 1.00000
vt 0.00000 1.00000
vt 0.00000 1.00000
vt 0.00000 1.00000
vt 0.00000 1.00000
vt 0.00000 1.00000
vt 0.00000 1.00000
vt 0.00000 1.00000
vt 0.00000 1.00000
vt 0.00000 1.00000
vt 0.00000 1.00000
vt 0.00000 1.00000
vt 0.00000 1.00000
vt 0.00000 1.00000
vt 0.00000 1.00000
vt 0.00000 1.00000
vt 0.00000 1.00000
vt 0.00000 1.00000
vt 0.00000 1.00000
vt 0.00000 1.00000
vt 0.00000 1.00000
vt 0.00000 1.00000
vt 0.00000 1.00000
vt 0.00000 1.00000
vt 0.00000 1.00000
vt 0.00000 1.00000
vt 0.00000 1.00000
vt 0.00000 1.00000
vt 0.00000 1.00000
vt 0.00000 1.00000
vt 0.00000 1.00000
vt 0.00000 1.00000
vt 0.00000 1.00000
vt 0.00000 1.00000
vt 0.00000 1.00000
vt 0.00000 1.00000
vt 0.00000 1.00000
vt 0.00000 1.00000
vt 0.00000 1.00000
vt 0.00000 1.00000
vt 0.00000 1.00000
vt 0.00000 1.00000
vt 0.00000 1.00000
vt 0.00000 1.00000
vt 0.00000 1.00000
vt 0.00000 1.00000
vt 0.00000 1.00000
vt 0.00000 1.00000
vt 0.00000 1.00000
vt 0.00000 1.00000
vt 0.00000 1.00000
vt 0.00000 1.00000
vt 0.00000 1.00000
vt 0.00000 1.00000
vt 0.00000 1.00000
vt 0.00000 1.00000
vt 0.00000 1.00000
vt 0.00000 1.00000
vt 0.00000 1.00000
vt 0.00000 1.00000
vt 0.00000 1.00000
vt 0.00000 1.00000
vt 0.00000 1.00000
vt 0.00000 1.00000
vt 0.00000 1.00000
vt 0.00000 1.00000
vt 0.00000 1.00000
vt 0.00000 1.00000
vt 0.00000 1.00000
vt 0.00000 1.00000
vt 0.00000 1.00000
vt 0.00000 1.00000
vt 0.00000 1.00000
vt 0.00000 1.00000
vt 0.00000 1.00000
vt 0.00000 1.00000
vt 0.00000 1.00000
vt 0.00000 1.00000
vt 0.00000 1.00000
vt 0.00000 1.00000
vt 0.00000 1.00000
vt 0.00000 1.00000
vt 0.00000 1.00000
vt 0.00000 1.00000
vt 0.00000 1.00000
vt 0.00000 1.00000
vt 0.00000 1.00000
vt 0.00000 1.00000
vt 0.00000 1.00000
vt 0.00000 1.00000
vt 0.00000 1.00000
vt 0.00000 1.00000
vt 0.00000 1.00000
vt 0.00000 1.00000
vt 0.00000 1.00000
vt 0.00000 1.00000
vt 0.00000 1.00000
vt 0.00000 1.00000
vt 0.00000 1.00000
vt 0.00000 1.00000
vt 0.00000 1.00000
vt 0.00000 1.00000
vt 0.00000 1.00000
vt 0.00000 1.00000
vt 0.00000 1.00000
vt 0.00000 1.00000
vt 0.00000 1.00000
vt 0.00000 1.00000
vt 0.00000 1.00000
vt 0.00000 1.00000
vt 0.00000 1.00000
vt 0.00000 1.00000
vt 0.00000 1.00000
vt 0.00000 1.00000
vt 0.00000 1.00000
vt 0.00000 1.00000
vt 0.00000 1.00000
vt 0.00000 1.00000
vt 0.00000 1.00000
vt 0.00000 1.00000
vt 0.00000 1.00000
vt 0.00000 1.00000
vt 0.00000 1.00000
vt 0.00000 1.00000
vt 0.00000 1.00000
vt 0.00000 1.00000
vt 0.00000 1.00000
vt 0.00000 1.00000
vt 0.00000 1.00000
vt 0.00000 1.00000
vt 0.00000 1.00000
vt 0.00000 1.00000
vt 0.00000 1.00000
vt 0.00000 1.00000
vt 0.00000 1.00000
vt 0.00000 1.00000
vt 0.00000 1.00000
vt 0.00000 1.00000
vt 0.00000 1.00000
vt 0.00000 1.00000
vt 0.00000 1.00000
vt 0.00000 1.00000
vt 0.00000 1.00000
vt 0.00000 1.00000
vt 0.00000 1.00000
vt 0.00000 1.00000
vt 0.00000 1.00000
vt 0.00000 1.00000
vt 0.00000 1.00000
vt 0.00000 1.00000
vt 0.00000 1.00000
vt 0.00000 1.00000
vt 0.00000 1.00000
vt 0.00000 1.00000
vt 0.00000 1.00000
vt 0.00000 1.00000
vt 0.00000 1.00000
vt 0.00000 1.00000
vt 0.00000 1.00000
vt 0.00000 1.00000
vt 0.00000 1.00000
vt 0.00000 1.00000
vt 0.00000 1.00000
vt 0.00000 1.00000
vt 0.00000 1.00000
vt 0.00000 1.00000
vt 0.00000 1.00000
vt 0.00000 1.00000
vt 0.00000 1.00000
vt 0.00000 1.00000
vt 0.00000 1.00000
vt 0.00000 1.00000
vt 0.00000 1.00000
vt 0.00000 1.00000
vt 0.00000 1.00000
vt 0.00000 1.00000
vt 0.00000 1.00000
vt 0.00000 1.00000
vt 0.00000 1.00000
vt 0.00000 1.00000
vt 0.00000 1.00000
vt 0.00000 1.00000
vt 0.00000 1.00000
vt 0.00000 1.00000
vt 0.00000 1.00000
vt 0.00000 1.00000
vt 0.00000 1.00000
vt 0.00000 1.00000
vt 0.00000 1.00000
vt 0.00000 1.00000
vt 0.00000 1.00000
vt 0.00000 1.00000
vt 0.00000 1.00000
vt 0.00000 1.00000
vt 0.00000 1.00000
vt 0.00000 1.00000
vt 0.00000 1.00000
vt 0.00000 1.00000
vt 0.00000 1.00000
vt 0.00000 1.00000
vt 0.00000 1.00000
vt 0.00000 1.00000
vt 0.00000 1.00000
vt 0.00000 1.00000
vt 0.00000 1.00000
vt 0.00000 1.00000
vt 0.00000 1.00000
vt 0.00000 1.00000
vt 0.00000 1.00000
vt 0.00000 1.00000
vt 0.00000 1.00000
vt 0.00000 1.00000
vt 0.00000 1.00000
vt 0.00000 1.00000
vt 0.00000 1.00000
vt 0.00000 1.00000
vt 0.00000 1.00000
vt 0.00000 1.00000
vt 0.00000 1.00000
vt 0.00000 1.00000
vt 0.00000 1.00000
vt 0.00000 1.00000
vt 0.00000 1.00000
vt 0.00000 1.00000
vt 0.00000 1.00000
vt 0.00000 1.00000
vt 0.00000 1.00000
vt 0.00000 1.00000
vt 0.00000 1.00000
vt 0.00000 1.00000
vt 0.00000 1.00000
vt 0.00000 1.00000
vt 0.00000 1.00000
vt 0.00000 1.00000
vt 0.00000 1.00000
vt 0.00000 1.00000
vt 0.00000 1.00000
vt 0.00000 1.00000
vt 0.00000 1.00000
vt 0.00000 1.00000
vt 0.00000 1.00000
vt 0.00000 1.00000
vt 0.00000 1.00000
vt 0.00000 1.00000
vt 0.00000 1.00000
vt 0.00000 1.00000
vt 0.00000 1.00000
vt 0.00000 1.00000
vt 0.00000 1.00000
vt 0.00000 1.00000
vt 0.00000 1.00000
vt 0.00000 1.00000
vt 0.00000 1.00000
vt 0.00000 1.00000
vt 0.00000 1.00000
vt 0.00000 1.00000
vt 0.00000 1.00000
vt 0.00000 1.00000
vt 0.00000 1.00000
vt 0.00000 1.00000
vt 0.00000 1.00000
vt 0.00000 1.00000
vt 0.00000 1.00000
vt 0.00000 1.00000
vt 0.00000 1.00000
vt 0.00000 1.00000
vt 0.00000 1.00000
vt 0.00000 1.00000
vt 0.00000 1.00000
vt 0.00000 1.00000
vt 0.00000 1.00000
vt 0.00000 1.00000
vt 0.00000 1.00000
vt 0.00000 1.00000
vt 0.00000 1.00000
vt 0.00000 1.00000
vt 0.00000 1.00000
vt 0.00000 1.00000
vt 0.00000 1.00000
vt 0.00000 1.00000
vt 0.00000 1.00000
vt 0.00000 1.00000
vt 0.00000 1.00000
vt 0.00000 1.00000
vt 0.00000 1.00000
vt 0.00000 1.00000
vt 0.00000 1.00000
vt 0.00000 1.00000
vt 0.00000 1.00000
vt 0.00000 1.00000
vt 0.00000 1.00000
vt 0.00000 1.00000
vt 0.00000 1.00000
vt 0.00000 1.00000
vt 0.00000 1.00000
vt 0.00000 1.00000
vt 0.00000 1.00000
vt 0.00000 1.00000
vt 0.00000 1.00000
vt 0.00000 1.00000
vt 0.00000 1.00000
vt 0.00000 1.00000
vt 0.00000 1.00000
vt 0.00000 1.00000
vt 0.00000 1.00000
vt 0.00000 1.00000
vt 0.00000 1.00000
vt 0.00000 1.00000
vt 0.00000 1.00000
vt 0.00000 1.00000
vt 0.00000 1.00000
vt 0.00000 1.00000
vt 0.00000 1.00000
vt 0.00000 1.00000
vt 0.00000 1.00000
vt 0.00000 1.00000
vt 0.00000 1.00000
vt 0.00000 1.00000
vt 0.00000 1.00000
vt 0.00000 1.00000
vt 0.00000 1.00000
vt 0.00000 1.00000
vt 0.00000 1.00000
vt 0.00000 1.00000
vt 0.00000 1.00000
vt 0.00000 1.00000
vt 0.00000 1.00000
vt 0.00000 1.00000
vt 0.00000 1.00000
vt 0.00000 1.00000
vt 0.00000 1.00000
vt 0.00000 1.00000
vt 0.00000 1.00000
vt 0.00000 1.00000
vt 0.00000 1.00000
vt 0.00000 1.00000
vt 0.00000 1.00000
vt 0.00000 1.00000
vt 0.00000 1.00000
vt 0.00000 1.00000
vt 0.00000 1.00000
vt 0.00000 1.00000
vt 0.00000 1.00000
vt 0.00000 1.00000
vt 0.00000 1.00000
vt 0.00000 1.00000
vt 0.00000 1.00000
vt 0.00000 1.00000
vt 0.00000 1.00000
vt 0.00000 1.00000
vt 0.00000 1.00000
vt 0.00000 1.00000
vt 0.00000 1.00000
vt 0.00000 1.00000
vt 0.00000 1.00000
vt 0.00000 1.00000
vt 0.00000 1.00000
vt 0.00000 1.00000
vt 0.00000 1.00000
vt 0.00000 1.00000
vt 0.00000 1.00000
vt 0.00000 1.00000
vt 0.00000 1.00000
vt 0.00000 1.00000
vt 0.00000 1.00000
vt 0.00000 1.00000
vt 0.00000 1.00000
vt 0.00000 1.00000
vt 0.00000 1.00000
vt 0.00000 1.00000
vt 0.00000 1.00000
vt 0.00000 1.00000
vt 0.00000 1.00000
vt 0.00000 1.00000
vt 0.00000 1.00000
vt 0.00000 1.00000
vt 0.00000 1.00000
vt 0.00000 1.00000
vt 0.00000 1.00000
vt 0.00000 1.00000
vt 0.00000 1.00000
vt 0.00000 1.00000
vt 0.00000 1.00000
vt 0.00000 1.00000
vt 0.00000 1.00000
vt 0.00000 1.00000
vt 0.00000 1.00000
vt 0.00000 1.00000
vt 0.00000 1.00000
vt 0.00000 1.00000
vt 0.00000 1.00000
vt 0.00000 1.00000
vt 0.00000 1.00000
vt 0.00000 1.00000
vt 0.00000 1.00000
vt 0.00000 1.00000
vt 0.00000 1.00000
vt 0.00000 1.00000
vt 0.00000 1.00000
vt 0.00000 1.00000
vt 0.00000 1.00000
vt 0.00000 1.00000
vt 0.00000 1.00000
vt 0.00000 1.00000
vt 0.00000 1.00000
vt 0.00000 1.00000
vt 0.00000 1.00000
vt 0.00000 1.00000
vt 0.00000 1.00000
vt 0.00000 1.00000
vt 0.00000 1.00000
vt 0.00000 1.00000
vt 0.00000 1.00000
vt 0.00000 1.00000
vt 0.00000 1.00000
vt 0.00000 1.00000
vt 0.00000 1.00000
vt 0.00000 1.00000
vt 0.00000 1.00000
vt 0.00000 1.00000
vt 0.00000 1.00000
vt 0.00000 1.00000
vt 0.00000 1.00000
vt 0.00000 1.00000
vt 0.00000 1.00000
vt 0.00000 1.00000
vt 0.00000 1.00000
vt 0.00000 1.00000
vt 0.00000 1.00000
vt 0.00000 1.00000
vt 0.00000 1.00000
vt 0.00000 1.00000
vt 0.00000 1.00000
vt 0.00000 1.00000
vt 0.00000 1.00000
vt 0.00000 1.00000
vt 0.00000 1.00000
vt 0.00000 1.00000
vt 0.00000 1.00000
vt 0.00000 1.00000
vt 0.00000 1.00000
vt 0.00000 1.00000
vt 0.00000 1.00000
vt 0.00000 1.00000
vt 0.00000 1.00000
vt 0.00000 1.00000
vt 0.00000 1.00000
vt 0.00000 1.00000
vt 0.00000 1.00000
vt 0.00000 1.00000
vt 0.00000 1.00000
vt 0.00000 1.00000
vt 0.00000 1.00000
vt 0.00000 1.00000
vt 0.00000 1.00000
vt 0.00000 1.00000
vt 0.00000 1.00000
vt 0.00000 1.00000
vt 0.00000 1.00000
vt 0.00000 1.00000
vt 0.00000 1.00000
vt 0.00000 1.00000
vt 0.00000 1.00000
vt 0.00000 1.00000
vt 0.00000 1.00000
vt 0.00000 1.00000
vt 0.00000 1.00000
vt 0.00000 1.00000
vt 0.00000 1.00000
vt 0.00000 1.00000
vt 0.00000 1.00000
vt 0.00000 1.00000
vt 0.00000 1.00000
vt 0.00000 1.00000
vt 0.00000 1.00000
vt 0.00000 1.00000
vt 0.00000 1.00000
vt 0.00000 1.00000
vt 0.00000 1.00000
vt 0.00000 1.00000
vt 0.00000 1.00000
vt 0.00000 1.00000
vt 0.00000 1.00000
vt 0.00000 1.00000
vt 0.00000 1.00000
vt 0.00000 1.00000
vt 0.00000 1.00000
vt 0.00000 1.00000
vt 0.00000 1.00000
vt 0.00000 1.00000
vt 0.00000 1.00000
vt 0.00000 1.00000
vt 0.00000 1.00000
vt 0.00000 1.00000
vt 0.00000 1.00000
vt 0.00000 1.00000
vt 0.00000 1.00000
vt 0.00000 1.00000
vt 0.00000 1.00000
vt 0.00000 1.00000
vt 0.00000 1.00000
vt 0.00000 1.00000
vt 0.00000 1.00000
vt 0.00000 1.00000
vt 0.00000 1.00000
vt 0.00000 1.00000
vt 0.00000 1.00000
vt 0.00000 1.00000
vt 0.00000 1.00000
vt 0.00000 1.00000
vt 0.00000 1.00000
vt 0.00000 1.00000
vt 0.00000 1.00000
vt 0.00000 1.00000
vt 0.00000 1.00000
vt 0.00000 1.00000
vt 0.00000 1.00000
vt 0.00000 1.00000
vt 0.00000 1.00000
vt 0.00000 1.00000
vt 0.00000 1.00000
vt 0.00000 1.00000
vt 0.00000 1.00000
vt 0.00000 1.00000
vt 0.00000 1.00000
vt 0.00000 1.00000
vt 0.00000 1.00000
vt 0.00000 1.00000
vt 0.00000 1.00000
vt 0.00000 1.00000
vt 0.00000 1.00000
vt 0.00000 1.00000
vt 0.00000 1.00000
vt 0.00000 1.00000
vt 0.00000 1.00000
vt 0.00000 1.00000
vt 0.00000 1.00000
vt 0.00000 1.00000
vt 0.00000 1.00000
vt 0.00000 1.00000
vt 0.00000 1.00000
vt 0.00000 1.00000
vt 0.00000 1.00000
vt 0.00000 1.00000
vt 0.00000 1.00000
vt 0.00000 1.00000
vt 0.00000 1.00000
vt 0.00000 1.00000
vt 0.00000 1.00000
vt 0.00000 1.00000
vt 0.00000 1.00000
vt 0.00000 1.00000
vt 0.00000 1.00000
vt 0.00000 1.00000
vt 0.00000 1.00000
vt 0.00000 1.00000
vt 0.00000 1.00000
vt 0.00000 1.00000
vt 0.00000 1.00000
vt 0.00000 1.00000
vt 0.00000 1.00000
vt 0.00000 1.00000
vt 0.00000 1.00000
vt 0.00000 1.00000
vt 0.00000 1.00000
vt 0.00000 1.00000
vt 0.00000 1.00000
vt 0.00000 1.00000
vt 0.00000 1.00000
vt 0.00000 1.00000
vt 0.00000 1.00000
vt 0.00000 1.00000
vt 0.00000 1.00000
vt 0.00000 1.00000
vt 0.00000 1.00000
vt 0.00000 1.00000
vt 0.00000 1.00000
vt 0.00000 1.00000
vt 0.00000 1.00000
vt 0.00000 1.00000
vt 0.00000 1.00000
vt 0.00000 1.00000
vt 0.00000 1.00000
vt 0.00000 1.00000
vt 0.00000 1.00000
vt 0.00000 1.00000
vt 0.00000 1.00000
vt 0.00000 1.00000
vt 0.00000 1.00000
vt 0.00000 1.00000
vt 0.00000 1.00000
vt 0.00000 1.00000
vt 0.00000 1.00000
vt 0.00000 1.00000
vt 0.00000 1.00000
vt 0.00000 1.00000
vt 0.00000 1.00000
vt 0.00000 1.00000
vt 0.00000 1.00000
vt 0.00000 1.00000
vt 0.00000 1.00000
vt 0.00000 1.00000
vt 0.00000 1.00000
vt 0.00000 1.00000
vt 0.00000 1.00000
vt 0.00000 1.00000
vt 0.00000 1.00000
vt 0.00000 1.00000
vt 0.00000 1.00000
vt 0.00000 1.00000
vt 0.00000 1.00000
vt 0.00000 1.00000
vt 0.00000 1.00000
vt 0.00000 1.00000
vt 0.00000 1.00000
vt 0.00000 1.00000
vt 0.00000 1.00000
vt 0.00000 1.00000
vt 0.00000 1.00000
vt 0.00000 1.00000
vt 0.00000 1.00000
vt 0.00000 1.00000
vt 0.00000 1.00000
vt 0.00000 1.00000
vt 0.00000 1.00000
vt 0.00000 1.00000
vt 0.00000 1.00000
vt 0.00000 1.00000
vt 0.00000 1.00000
vt 0.00000 1.00000
vt 0.00000 1.00000
vt 0.00000 1.00000
vt 0.00000 1.00000
vt 0.00000 1.00000
vt 0.00000 1.00000
vt 0.00000 1.00000
vt 0.00000 1.00000
vt 0.00000 1.00000
vt 0.00000 1.00000
vt 0.00000 1.00000
vt 0.00000 1.00000
vt 0.00000 1.00000
vt 0.00000 1.00000
vt 0.00000 1.00000
vt 0.00000 1.00000
vt 0.00000 1.00000
vt 0.00000 1.00000
vt 0.00000 1.00000
vt 0.00000 1.00000
vt 0.00000 1.00000
vt 0.00000 1.00000
vt 0.00000 1.00000
vt 0.00000 1.00000
vt 0.00000 1.00000
vt 0.00000 1.00000
vt 0.00000 1.00000
vt 0.00000 1.00000
vt 0.00000 1.00000
vt 0.00000 1.00000
vt 0.00000 1.00000
vt 0.00000 1.00000
vt 0.00000 1.00000
vt 0.00000 1.00000
vt 0.00000 1.00000
vt 0.00000 1.00000
vt 0.00000 1.00000
vt 0.00000 1.00000
vt 0.00000 1.00000
vt 0.00000 1.00000
vt 0.00000 1.00000
vt 0.00000 1.00000
vt 0.00000 1.00000
vt 0.00000 1.00000
vt 0.00000 1.00000
vt 0.00000 1.00000
vt 0.00000 1.00000
vt 0.00000 1.00000
vt 0.00000 1.00000
vt 0.00000 1.00000
vt 0.00000 1.00000
vt 0.00000 1.00000
vt 0.00000 1.00000
vt 0.00000 1.00000
vt 0.00000 1.00000
vt 0.00000 1.00000
vt 0.00000 1.00000
vt 0.00000 1.00000
vt 0.00000 1.00000
vt 0.00000 1.00000
vt 0.00000 1.00000
vt 0.00000 1.00000
vt 0.00000 1.00000
vt 0.00000 1.00000
vt 0.00000 1.00000
vt 0.00000 1.00000
vt 0.00000 1.00000
vt 0.00000 1.00000
vt 0.00000 1.00000
vt 0.00000 1.00000
vt 0.00000 1.00000
vt 0.00000 1.00000
vt 0.00000 1.00000
vt 0.00000 1.00000
vt 0.00000 1.00000
vt 0.00000 1.00000
vt 0.00000 1.00000
vt 0.00000 1.00000
vt 0.00000 1.00000
vt 0.00000 1.00000
vt 0.00000 1.00000
vt 0.00000 1.00000
vt 0.00000 1.00000
vt 0.00000 1.00000
vt 0.00000 1.00000
vt 0.00000 1.00000
vt 0.00000 1.00000
vt 0.00000 1.00000
vt 0.00000 1.00000
vt 0.00000 1.00000
vt 0.00000 1.00000
vt 0.00000 1.00000
vt 0.00000 1.00000
vt 0.00000 1.00000
vt 0.00000 1.00000
vt 0.00000 1.00000
vt 0.00000 1.00000
vt 0.00000 1.00000
vt 0.00000 1.00000
vt 0.00000 1.00000
vt 0.00000 1.00000
vt 0.00000 1.00000
vt 0.00000 1.00000
vt 0.00000 1.00000
vt 0.00000 1.00000
vt 0.00000 1.00000
vt 0.00000 1.00000
vt 0.00000 1.00000
vt 0.00000 1.00000
vt 0.00000 1.00000
vt 0.00000 1.00000
vt 0.00000 1.00000
vt 0.00000 1.00000
vt 0.00000 1.00000
vt 0.00000 1.00000
vt 0.00000 1.00000
vt 0.00000 1.00000
vt 0.00000 1.00000
vt 0.00000 1.00000
vt 0.00000 1.00000
vt 0.00000 1.00000
vt 0.00000 1.00000
vt 0.00000 1.00000
vt 0.00000 1.00000
vt 0.00000 1.00000
vt 0.00000 1.00000
vt 0.00000 1.00000
vt 0.00000 1.00000
vt 0.00000 1.00000
vt 0.00000 1.00000
vt 0.00000 1.00000
vt 0.00000 1.00000
vt 0.00000 1.00000
vt 0.00000 1.00000
vt 0.00000 1.00000
vt 0.00000 1.00000
vt 0.00000 1.00000
vt 0.00000 1.00000
vt 0.00000 1.00000
vt 0.00000 1.00000
vt 0.00000 1.00000
vt 0.00000 1.00000
vt 0.00000 1.00000
vt 0.00000 1.00000
vt 0.00000 1.00000
vt 0.00000 1.00000
vt 0.00000 1.00000
vt 0.00000 1.00000
vt 0.00000 1.00000
vt 0.00000 1.00000
vt 0.00000 1.00000
vt 0.00000 1.00000
vt 0.00000 1.00000
vt 0.00000 1.00000
vt 0.00000 1.00000
vt 0.00000 1.00000
vt 0.00000 1.00000
vt 0.00000 1.00000
vt 0.00000 1.00000
vt 0.00000 1.00000
vt 0.00000 1.00000
vt 0.00000 1.00000
vt 0.00000 1.00000
vt 0.00000 1.00000
vt 0.00000 1.00000
vt 0.00000 1.00000
vt 0.00000 1.00000
vt 0.00000 1.00000
vt 0.00000 1.00000
vt 0.00000 1.00000
vt 0.00000 1.00000
vt 0.00000 1.00000
vt 0.00000 1.00000
vt 0.00000 1.00000
vt 0.00000 1.00000
vt 0.00000 1.00000
vt 0.00000 1.00000
vt 0.00000 1.00000
vt 0.00000 1.00000
vt 0.00000 1.00000
vt 0.00000 1.00000
vt 0.00000 1.00000
vt 0.00000 1.00000
vt 0.00000 1.00000
vt 0.00000 1.00000
vt 0.00000 1.00000
vt 0.00000 1.00000
vt 0.00000 1.00000
vt 0.00000 1.00000
vt 0.00000 1.00000
vt 0.00000 1.00000
vt 0.00000 1.00000
vt 0.00000 1.00000
vt 0.00000 1.00000
vt 0.00000 1.00000
vt 0.00000 1.00000
vt 0.00000 1.00000
vt 0.00000 1.00000
vt 0.00000 1.00000
vt 0.00000 1.00000
vt 0.00000 1.00000
vt 0.00000 1.00000
vt 0.00000 1.00000
vt 0.00000 1.00000
vt 0.00000 1.00000
vt 0.00000 1.00000
vt 0.00000 1.00000
vt 0.00000 1.00000
vt 0.00000 1.00000
vt 0.00000 1.00000
vt 0.00000 1.00000
vt 0.00000 1.00000
vt 0.00000 1.00000
vt 0.00000 1.00000
vt 0.00000 1.00000
vt 0.00000 1.00000
vt 0.00000 1.00000
vt 0.00000 1.00000
vt 0.00000 1.00000
vt 0.00000 1.00000
vt 0.00000 1.00000
vt 0.00000 1.00000
vt 0.00000 1.00000
vt 0.00000 1.00000
vt 0.00000 1.00000
vt 0.00000 1.00000
vt 0.00000 1.00000
vt 0.00000 1.00000
vt 0.00000 1.00000
vt 0.00000 1.00000
vt 0.00000 1.00000
vt 0.00000 1.00000
vt 0.00000 1.00000
vt 0.00000 1.00000
vt 0.00000 1.00000
vt 0.00000 1.00000
vt 0.00000 1.00000
vt 0.00000 1.00000
vt 0.00000 1.00000
vt 0.00000 1.00000
vt 0.00000 1.00000
vt 0.00000 1.00000
vt 0.00000 1.00000
vt 0.00000 1.00000
vt 0.00000 1.00000
vt 0.00000 1.00000
vt 0.00000 1.00000
vt 0.00000 1.00000
vt 0.00000 1.00000
vt 0.00000 1.00000
vt 0.00000 1.00000
vt 0.00000 1.00000
vt 0.00000 1.00000
vt 0.00000 1.00000
vt 0.00000 1.00000
vt 0.00000 1.00000
vt 0.00000 1.00000
vt 0.00000 1.00000
vt 0.00000 1.00000
vt 0.00000 1.00000
vt 0.00000 1.00000
vt 0.00000 1.00000
vt 0.00000 1.00000
vt 0.00000 1.00000
vt 0.00000 1.00000
vt 0.00000 1.00000
vt 0.00000 1.00000
vt 0.00000 1.00000
vt 0.00000 1.00000
vt 0.00000 1.00000
vt 0.00000 1.00000
vt 0.00000 1.00000
vt 0.00000 1.00000
vt 0.00000 1.00000
vt 0.00000 1.00000
vt 0.00000 1.00000
vt 0.00000 1.00000
vt 0.00000 1.00000
vt 0.00000 1.00000
vt 0.00000 1.00000
vt 0.00000 1.00000
vt 0.00000 1.00000
vt 0.00000 1.00000
vt 0.00000 1.00000
vt 0.00000 1.00000
vt 0.00000 1.00000
vt 0.00000 1.00000
vt 0.00000 1.00000
vt 0.00000 1.00000
vt 0.00000 1.00000
vt 0.00000 1.00000
vt 0.00000 1.00000
vt 0.00000 1.00000
vt 0.00000 1.00000
vt 0.00000 1.00000
vt 0.00000 1.00000
vt 0.00000 1.00000
vt 0.00000 1.00000
vt 0.00000 1.00000
vt 0.00000 1.00000
vt 0.00000 1.00000
vt 0.00000 1.00000
vt 0.00000 1.00000
vt 0.00000 1.00000
vt 0.00000 1.00000
vt 0.00000 1.00000
vt 0.00000 1.00000
vt 0.00000 1.00000
vt 0.00000 1.00000
vt 0.00000 1.00000
vt 0.00000 1.00000
vt 0.00000 1.00000
vt 0.00000 1.00000
vt 0.00000 1.00000
vt 0.00000 1.00000
vt 0.00000 1.00000
vt 0.00000 1.00000
vt 0.00000 1.00000
vt 0.00000 1.00000
vt 0.00000 1.00000
vt 0.00000 1.00000
vt 0.00000 1.00000
vt 0.00000 1.00000
vt 0.00000 1.00000
vt 0.00000 1.00000
vt 0.00000 1.00000
vt 0.00000 1.00000
vt 0.00000 1.00000
vt 0.00000 1.00000
vt 0.00000 1.00000
vt 0.00000 1.00000
vt 0.00000 1.00000
vt 0.00000 1.00000
vt 0.00000 1.00000
vt 0.00000 1.00000
vt 0.00000 1.00000
vt 0.00000 1.00000
vt 0.00000 1.00000
vt 0.00000 1.00000
vt 0.00000 1.00000
vt 0.00000 1.00000
vt 0.00000 1.00000
vt 0.00000 1.00000
vt 0.00000 1.00000
vt 0.00000 1.00000
vt 0.00000 1.00000
vt 0.00000 1.00000
vt 0.00000 1.00000
vt 0.00000 1.00000
vt 0.00000 1.00000
vt 0.00000 1.00000
vt 0.00000 1.00000
vt 0.00000 1.00000
vt 0.00000 1.00000
vt 0.00000 1.00000
vt 0.00000 1.00000
vt 0.00000 1.00000
vt 0.00000 1.00000
vt 0.00000 1.00000
vt 0.00000 1.00000
vt 0.00000 1.00000
vt 0.00000 1.00000
vt 0.00000 1.00000
vt 0.00000 1.00000
vt 0.00000 1.00000
vt 0.00000 1.00000
vt 0.00000 1.00000
vt 0.00000 1.00000
vt 0.00000 1.00000
vt 0.00000 1.00000
vt 0.00000 1.00000
vt 0.00000 1.00000
vt 0.00000 1.00000
vt 0.00000 1.00000
vt 0.00000 1.00000
vt 0.00000 1.00000
vt 0.00000 1.00000
vt 0.00000 1.00000
vt 0.00000 1.00000
vt 0.00000 1.00000
vt 0.00000 1.00000
vt 0.00000 1.00000
vt 0.00000 1.00000
vt 0.00000 1.00000
vt 0.00000 1.00000
vt 0.00000 1.00000
vt 0.00000 1.00000
vt 0.00000 1.00000
vt 0.00000 1.00000
vt 0.00000 1.00000
vt 0.00000 1.00000
vt 0.00000 1.00000
vt 0.00000 1.00000
vt 0.00000 1.00000
vt 0.00000 1.00000
vt 0.00000 1.00000
vt 0.00000 1.00000
vt 0.00000 1.00000
vt 0.00000 1.00000
vt 0.00000 1.00000
vt 0.00000 1.00000
vt 0.00000 1.00000
vt 0.00000 1.00000
vt 0.00000 1.00000
vt 0.00000 1.00000
vt 0.00000 1.00000
vt 0.00000 1.00000
vt 0.00000 1.00000
vt 0.00000 1.00000
vt 0.00000 1.00000
vt 0.00000 1.00000
vt 0.00000 1.00000
vt 0.00000 1.00000
vt 0.00000 1.00000
vt 0.00000 1.00000
vt 0.00000 1.00000
vt 0.00000 1.00000
vt 0.00000 1.00000
vt 0.00000 1.00000
vt 0.00000 1.00000
vt 0.00000 1.00000
vt 0.00000 1.00000
vt 0.00000 1.00000
vt 0.00000 1.00000
vt 0.00000 1.00000
vt 0.00000 1.00000
vt 0.00000 1.00000
vt 0.00000 1.00000
vt 0.00000 1.00000
vt 0.00000 1.00000
vt 0.00000 1.00000
vt 0.00000 1.00000
vt 0.00000 1.00000
vt 0.00000 1.00000
vt 0.00000 1.00000
vt 0.00000 1.00000
vt 0.00000 1.00000
vt 0.00000 1.00000
vt 0.00000 1.00000
vt 0.00000 1.00000
vt 0.00000 1.00000
vt 0.00000 1.00000
vt 0.00000 1.00000
vt 0.00000 1.00000
vt 0.00000 1.00000
vt 0.00000 1.00000
vt 0.00000 1.00000
vt 0.00000 1.00000
vt 0.00000 1.00000
vt 0.00000 1.00000
vt 0.00000 1.00000
vt 0.00000 1.00000
vt 0.00000 1.00000
vt 0.00000 1.00000
vt 0.00000 1.00000
vt 0.00000 1.00000
vt 0.00000 1.00000
vt 0.00000 1.00000
vt 0.00000 1.00000
vt 0.00000 1.00000
vt 0.00000 1.00000
vt 0.00000 1.00000
vt 0.00000 1.00000
vt 0.00000 1.00000
vt 0.00000 1.00000
vt 0.00000 1.00000
vt 0.00000 1.00000
vt 0.00000 1.00000
vt 0.00000 1.00000
vt 0.00000 1.00000
vt 0.00000 1.00000
vt 0.00000 1.00000
vt 0.00000 1.00000
vt 0.00000 1.00000
vt 0.00000 1.00000
vt 0.00000 1.00000
vt 0.00000 1.00000
vt 0.00000 1.00000
vt 0.00000 1.00000
vt 0.00000 1.00000
vt 0.00000 1.00000
vt 0.00000 1.00000
vt 0.00000 1.00000
vt 0.00000 1.00000
vt 0.00000 1.00000
vt 0.00000 1.00000
vt 0.00000 1.00000
vt 0.00000 1.00000
vt 0.00000 1.00000
vt 0.00000 1.00000
vt 0.00000 1.00000
vt 0.00000 1.00000
vt 0.00000 1.00000
vt 0.00000 1.00000
vt 0.00000 1.00000
vt 0.00000 1.00000
vt 0.00000 1.00000
vt 0.00000 1.00000
vt 0.00000 1.00000
vt 0.00000 1.00000
vt 0.00000 1.00000
vt 0.00000 1.00000
vt 0.00000 1.00000
vt 0.00000 1.00000
vt 0.00000 1.00000
vt 0.00000 1.00000
vt 0.00000 1.00000
vt 0.00000 1.00000
vt 0.00000 1.00000
vt 0.00000 1.00000
vt 0.00000 1.00000
vt 0.00000 1.00000
vt 0.00000 1.00000
vt 0.00000 1.00000
vt 0.00000 1.00000
vt 0.00000 1.00000
vt 0.00000 1.00000
vt 0.00000 1.00000
vt 0.00000 1.00000
vt 0.00000 1.00000
vt 0.00000 1.00000
vt 0.00000 1.00000
vt 0.00000 1.00000
vt 0.00000 1.00000
vt 0.00000 1.00000
vt 0.00000 1.00000
vt 0.00000 1.00000
vt 0.00000 1.00000
vt 0.00000 1.00000
vt 0.00000 1.00000
vt 0.00000 1.00000
vt 0.00000 1.00000
vt 0.00000 1.00000
vt 0.00000 1.00000
vt 0.00000 1.00000
vt 0.00000 1.00000
vt 0.00000 1.00000
vt 0.00000 1.00000
vt 0.00000 1.00000
vt 0.00000 1.00000
vt 0.00000 1.00000
vt 0.00000 1.00000
vt 0.00000 1.00000
vt 0.00000 1.00000
vt 0.00000 1.00000
vt 0.00000 1.00000
vt 0.00000 1.00000
vt 0.00000 1.00000
vt 0.00000 1.00000
vt 0.00000 1.00000
vt 0.00000 1.00000
vt 0.00000 1.00000
vt 0.00000 1.00000
vt 0.00000 1.00000
vt 0.00000 1.00000
vt 0.00000 1.00000
vt 0.00000 1.00000
vt 0.00000 1.00000
vt 0.00000 1.00000
vt 0.00000 1.00000
vt 0.00000 1.00000
vt 0.00000 1.00000
vt 0.00000 1.00000
vt 0.00000 1.00000
vt 0.00000 1.00000
vt 0.00000 1.00000
vt 0.00000 1.00000
vt 0.00000 1.00000
vt 0.00000 1.00000
vt 0.00000 1.00000
vt 0.00000 1.00000
vt 0.00000 1.00000
vt 0.00000 1.00000
vt 0.00000 1.00000
vt 0.00000 1.00000
vt 0.00000 1.00000
vt 0.00000 1.00000
vt 0.00000 1.00000
vt 0.00000 1.00000
vt 0.00000 1.00000
vt 0.00000 1.00000
vt 0.00000 1.00000
vt 0.00000 1.00000
vt 0.00000 1.00000
vt 0.00000 1.00000
vt 0.00000 1.00000
vt 0.00000 1.00000
vt 0.00000 1.00000
vt 0.00000 1.00000
vt 0.00000 1.00000
vt 0.00000 1.00000
vt 0.00000 1.00000
vt 0.00000 1.00000
vt 0.00000 1.00000
vt 0.00000 1.00000
vt 0.00000 1.00000
vt 0.00000 1.00000
vt 0.00000 1.00000
vt 0.00000 1.00000
vt 0.00000 1.00000
vt 0.00000 1.00000
vt 0.00000 1.00000
vt 0.00000 1.00000
vt 0.00000 1.00000
vt 0.00000 1.00000
vt 0.00000 1.00000
vt 0.00000 1.00000
vt 0.00000 1.00000
vt 0.00000 1.00000
vt 0.00000 1.00000
vt 0.00000 1.00000
vt 0.00000 1.00000
vt 0.00000 1.00000
vt 0.00000 1.00000
vt 0.00000 1.00000
vt 0.00000 1.00000
vt 0.00000 1.00000
vt 0.00000 1.00000
vt 0.00000 1.00000
vt 0.00000 1.00000
vt 0.00000 1.00000
vt 0.00000 1.00000
vt 0.00000 1.00000
vt 0.00000 1.00000
vt 0.00000 1.00000
vt 0.00000 1.00000
vt 0.00000 1.00000
vt 0.00000 1.00000
vt 0.00000 1.00000
vt 0.00000 1.00000
vt 0.00000 1.00000
vt 0.00000 1.00000
vt 0.00000 1.00000
vt 0.00000 1.00000
vt 0.00000 1.00000
vt 0.00000 1.00000
vt 0.00000 1.00000
vt 0.00000 1.00000
vt 0.00000 1.00000
vt 0.00000 1.00000
vt 0.00000 1.00000
vt 0.00000 1.00000
vt 0.00000 1.00000
vt 0.00000 1.00000
vt 0.00000 1.00000
vt 0.00000 1.00000
vt 0.00000 1.00000
vt 0.00000 1.00000
vt 0.00000 1.00000
vt 0.00000 1.00000
vt 0.00000 1.00000
vt 0.00000 1.00000
vt 0.00000 1.00000
vt 0.00000 1.00000
vt 0.00000 1.00000
vt 0.00000 1.00000
vt 0.00000 1.00000
vt 0.00000 1.00000
vt 0.00000 1.00000
vt 0.00000 1.00000
vt 0.00000 1.00000
vt 0.00000 1.00000
vt 0.00000 1.00000
vt 0.00000 1.00000
vt 0.00000 1.00000
vt 0.00000 1.00000
vt 0.00000 1.00000
vt 0.00000 1.00000
vt 0.00000 1.00000
vt 0.00000 1.00000
vt 0.00000 1.00000
vt 0.00000 1.00000
vt 0.00000 1.00000
vt 0.00000 1.00000
vt 0.00000 1.00000
vt 0.00000 1.00000
vt 0.00000 1.00000
vt 0.00000 1.00000
vt 0.00000 1.00000
vt 0.00000 1.00000
vt 0.00000 1.00000
vt 0.00000 1.00000
vt 0.00000 1.00000
vt 0.00000 1.00000
vt 0.00000 1.00000
vt 0.00000 1.00000
vt 0.00000 1.00000
vt 0.00000 1.00000
vt 0.00000 1.00000
vt 0.00000 1.00000
vt 0.00000 1.00000
vt 0.00000 1.00000
vt 0.00000 1.00000
vt 0.00000 1.00000
vt 0.00000 1.00000
vt 0.00000 1.00000
vt 0.00000 1.00000
vt 0.00000 1.00000
vt 0.00000 1.00000
vt 0.00000 1.00000
vt 0.00000 1.00000
vt 0.00000 1.00000
vt 0.00000 1.00000
vt 0.00000 1.00000
vt 0.00000 1.00000
vt 0.00000 1.00000
vt 0.00000 1.00000
vt 0.00000 1.00000
vt 0.00000 1.00000
vt 0.00000 1.00000
vt 0.00000 1.00000
vt 0.00000 1.00000
vt 0.00000 1.00000
vt 0.00000 1.00000
vt 0.00000 1.00000
vt 0.00000 1.00000
vt 0.00000 1.00000
vt 0.00000 1.00000
vt 0.00000 1.00000
vt 0.00000 1.00000
vt 0.00000 1.00000
vt 0.00000 1.00000
vt 0.00000 1.00000
vt 0.00000 1.00000
vt 0.00000 1.00000
vt 0.00000 1.00000
vt 0.00000 1.00000
vt 0.00000 1.00000
vt 0.00000 1.00000
vt 0.00000 1.00000
vt 0.00000 1.00000
vt 0.00000 1.00000
vt 0.00000 1.00000
vt 0.00000 1.00000
vt 0.00000 1.00000
vt 0.00000 1.00000
vt 0.00000 1.00000
vt 0.00000 1.00000
vt 0.00000 1.00000
vt 0.00000 1.00000
vt 0.00000 1.00000
vt 0.00000 1.00000
vt 0.00000 1.00000
vt 0.00000 1.00000
vt 0.00000 1.00000
vt 0.00000 1.00000
vt 0.00000 1.00000
vt 0.00000 1.00000
vt 0.00000 1.00000
vt 0.00000 1.00000
vt 0.00000 1.00000
vt 0.00000 1.00000
vt 0.00000 1.00000
vt 0.00000 1.00000
vt 0.00000 1.00000
vt 0.00000 1.00000
vt 0.00000 1.00000
vt 0.00000 1.00000
vt 0.00000 1.00000
vt 0.00000 1.00000
vt 0.00000 1.00000
vt 0.00000 1.00000
vt 0.00000 1.00000
vt 0.00000 1.00000
vt 0.00000 1.00000
vt 0.00000 1.00000
vt 0.00000 1.00000
vt 0.00000 1.00000
vt 0.00000 1.00000
vt 0.00000 1.00000
vt 0.00000 1.00000
vt 0.00000 1.00000
vt 0.00000 1.00000
vt 0.00000 1.00000
vt 0.00000 1.00000
vt 0.00000 1.00000
vt 0.00000 1.00000
vt 0.00000 1.00000
vt 0.00000 1.00000
vt 0.00000 1.00000
vt 0.00000 1.00000
vt 0.00000 1.00000
vt 0.00000 1.00000
vt 0.00000 1.00000
vt 0.00000 1.00000
vt 0.00000 1.00000
vt 0.00000 1.00000
vt 0.00000 1.00000
vt 0.00000 1.00000
vt 0.00000 1.00000
vt 0.00000 1.00000
vt 0.00000 1.00000
vt 0.00000 1.00000
vt 0.00000 1.00000
vt 0.00000 1.00000
vt 0.00000 1.00000
vt 0.00000 1.00000
vt 0.00000 1.00000
vt 0.00000 1.00000
vt 0.00000 1.00000
vt 0.00000 1.00000
vt 0.00000 1.00000
vt 0.00000 1.00000
vt 0.00000 1.00000
vt 0.00000 1.00000
vt 0.00000 1.00000
vt 0.00000 1.00000
vt 0.00000 1.00000
vt 0.00000 1.00000
vt 0.00000 1.00000
vt 0.00000 1.00000
vt 0.00000 1.00000
vt 0.00000 1.00000
vt 0.00000 1.00000
vt 0.00000 1.00000
vt 0.00000 1.00000
vt 0.00000 1.00000
vt 0.00000 1.00000
vt 0.00000 1.00000
vt 0.00000 1.00000
vt 0.00000 1.00000
vt 0.00000 1.00000
vt 0.00000 1.00000
vt 0.00000 1.00000
vt 0.00000 1.00000
vt 0.00000 1.00000
vt 0.00000 1.00000
vt 0.00000 1.00000
vt 0.00000 1.00000
vt 0.00000 1.00000
vt 0.00000 1.00000
vt 0.00000 1.00000
vt 0.00000 1.00000
vt 0.00000 1.00000
vt 0.00000 1.00000
vt 0.00000 1.00000
vt 0.00000 1.00000
vt 0.00000 1.00000
vt 0.00000 1.00000
vt 0.00000 1.00000
vt 0.00000 1.00000
vt 0.00000 1.00000
vt 0.00000 1.00000
vt 0.00000 1.00000
vt 0.00000 1.00000
vt 0.00000 1.00000
vt 0.00000 1.00000
vt 0.00000 1.00000
vt 0.00000 1.00000
vt 0.00000 1.00000
vt 0.00000 1.00000
vt 0.00000 1.00000
vt 0.00000 1.00000
vt 0.00000 1.00000
vt 0.00000 1.00000
vt 0.00000 1.00000
vt 0.00000 1.00000
vt 0.00000 1.00000
vt 0.00000 1.00000
vt 0.00000 1.00000
vt 0.00000 1.00000
vt 0.00000 1.00000
vt 0.00000 1.00000
vt 0.00000 1.00000
vt 0.00000 1.00000
vt 0.00000 1.00000
vt 0.00000 1.00000
vt 0.00000 1.00000
vt 0.00000 1.00000
vt 0.00000 1.00000
vt 0.00000 1.00000
vt 0.00000 1.00000
vt 0.00000 1.00000
vt 0.00000 1.00000
vt 0.00000 1.00000
vt 0.00000 1.00000
vt 0.00000 1.00000
vt 0.00000 1.00000
vt 0.00000 1.00000
vt 0.00000 1.00000
vt 0.00000 1.00000
vt 0.00000 1.00000
vt 0.00000 1.00000
vt 0.00000 1.00000
vt 0.00000 1.00000
vt 0.00000 1.00000
vt 0.00000 1.00000
vt 0.00000 1.00000
vt 0.00000 1.00000
vt 0.00000 1.00000
vt 0.00000 1.00000
vt 0.00000 1.00000
vt 0.00000 1.00000
vt 0.00000 1.00000
vt 0.00000 1.00000
vt 0.00000 1.00000
vt 0.00000 1.00000
vt 0.00000 1.00000
vt 0.00000 1.00000
vt 0.00000 1.00000
vt 0.00000 1.00000
vt 0.00000 1.00000
vt 0.00000 1.00000
vt 0.00000 1.00000
vt 0.00000 1.00000
vt 0.00000 1.00000
vt 0.00000 1.00000
vt 0.00000 1.00000
vt 0.00000 1.00000
vt 0.00000 1.00000
vt 0.00000 1.00000
vt 0.00000 1.00000
vt 0.00000 1.00000
vt 0.00000 1.00000
vt 0.00000 1.00000
vt 0.00000 1.00000
vt 0.00000 1.00000
vt 0.00000 1.00000
vt 0.00000 1.00000
vt 0.00000 1.00000
vt 0.00000 1.00000
vt 0.00000 1.00000
vt 0.00000 1.00000
vt 0.00000 1.00000
vt 0.00000 1.00000
vt 0.00000 1.00000
vt 0.00000 1.00000
vt 0.00000 1.00000
vt 0.00000 1.00000
vt 0.00000 1.00000
vt 0.00000 1.00000
vt 0.00000 1.00000
vt 0.00000 1.00000
vt 0.00000 1.00000
vt 0.00000 1.00000
vt 0.00000 1.00000
vt 0.00000 1.00000
vt 0.00000 1.00000
vt 0.00000 1.00000
vt 0.00000 1.00000
vt 0.00000 1.00000
vt 0.00000 1.00000
vt 0.00000 1.00000
vt 0.00000 1.00000
vt 0.00000 1.00000
vt 0.00000 1.00000
vt 0.00000 1.00000
vt 0.00000 1.00000
vt 0.00000 1.00000
vt 0.00000 1.00000
vt 0.00000 1.00000
vt 0.00000 1.00000
vt 0.00000 1.00000
vt 0.00000 1.00000
vt 0.00000 1.00000
vt 0.00000 1.00000
vt 0.00000 1.00000
vt 0.00000 1.00000
vt 0.00000 1.00000
vt 0.00000 1.00000
vt 0.00000 1.00000
vt 0.00000 1.00000
vt 0.00000 1.00000
vt 0.00000 1.00000
vt 0.00000 1.00000
vt 0.00000 1.00000
vt 0.00000 1.00000
vt 0.00000 1.00000
vt 0.00000 1.00000
vt 0.00000 1.00000
vt 0.00000 1.00000
vt 0.00000 1.00000
vt 0.00000 1.00000
vt 0.00000 1.00000
vt 0.00000 1.00000
vt 0.00000 1.00000
vt 0.00000 1.00000
vt 0.00000 1.00000
vt 0.00000 1.00000
vt 0.00000 1.00000
vt 0.00000 1.00000
vt 0.00000 1.00000
vt 0.00000 1.00000
vt 0.00000 1.00000
vt 0.00000 1.00000
vt 0.00000 1.00000
vt 0.00000 1.00000
vt 0.00000 1.00000
vt 0.00000 1.00000
vt 0.00000 1.00000
vt 0.00000 1.00000
vt 0.00000 1.00000
vt 0.00000 1.00000
vt 0.00000 1.00000
vt 0.00000 1.00000
vt 0.00000 1.00000
vt 0.00000 1.00000
vt 0.00000 1.00000
vt 0.00000 1.00000
vt 0.00000 1.00000
vt 0.00000 1.00000
vt 0.00000 1.00000
vt 0.00000 1.00000
vt 0.00000 1.00000
vt 0.00000 1.00000
vt 0.00000 1.00000
vt 0.00000 1.00000
vt 0.00000 1.00000
vt 0.00000 1.00000
vt 0.00000 1.00000
vt 0.00000 1.00000
vt 0.00000 1.00000
vt 0.00000 1.00000
vt 0.00000 1.00000
vt 0.00000 1.00000
vt 0.00000 1.00000
vt 0.00000 1.00000
vt 0.00000 1.00000
vt 0.00000 1.00000
vt 0.00000 1.00000
vt 0.00000 1.00000
vt 0.00000 1.00000
vt 0.00000 1.00000
vt 0.00000 1.00000
vt 0.00000 1.00000
vt 0.00000 1.00000
vt 0.00000 1.00000
vt 0.00000 1.00000
vt 0.00000 1.00000
vt 0.00000 1.00000
vt 0.00000 1.00000
vt 0.00000 1.00000
vt 0.00000 1.00000
vt 0.00000 1.00000
vt 0.00000 1.00000
vt 0.00000 1.00000
vt 0.00000 1.00000
vt 0.00000 1.00000
vt 0.00000 1.00000
vt 0.00000 1.00000
vt 0.00000 1.00000
vt 0.00000 1.00000
vt 0.00000 1.00000
vt 0.00000 1.00000
vt 0.00000 1.00000
vt 0.00000 1.00000
vt 0.00000 1.00000
vt 0.00000 1.00000
vt 0.00000 1.00000
vt 0.00000 1.00000
vt 0.00000 1.00000
vt 0.00000 1.00000
vt 0.00000 1.00000
vt 0.00000 1.00000
vt 0.00000 1.00000
vt 0.00000 1.00000
vt 0.00000 1.00000
vt 0.00000 1.00000
vt 0.00000 1.00000
vt 0.00000 1.00000
vt 0.00000 1.00000
vt 0.00000 1.00000
vt 0.00000 1.00000
vt 0.00000 1.00000
vt 0.00000 1.00000
vt 0.00000 1.00000
vt 0.00000 1.00000
vt 0.00000 1.00000
vt 0.00000 1.00000
vt 0.00000 1.00000
vt 0.00000 1.00000
vt 0.00000 1.00000
vt 0.00000 1.00000
vt 0.00000 1.00000
vt 0.00000 1.00000
vt 0.00000 1.00000
vt 0.00000 1.00000
vt 0.00000 1.00000
vt 0.00000 1.00000
vt 0.00000 1.00000
vt 0.00000 1.00000
vt 0.00000 1.00000
vt 0.00000 1.00000
vt 0.00000 1.00000
vt 0.00000 1.00000
vt 0.00000 1.00000
vt 0.00000 1.00000
vt 0.00000 1.00000
vt 0.00000 1.00000
vt 0.00000 1.00000
vt 0.00000 1.00000
vt 0.00000 1.00000
vt 0.00000 1.00000
vt 0.00000 1.00000
vt 0.00000 1.00000
vt 0.00000 1.00000
vt 0.00000 1.00000
vt 0.00000 1.00000
vt 0.00000 1.00000
vt 0.00000 1.00000
vt 0.00000 1.00000
vt 0.00000 1.00000
vt 0.00000 1.00000
vt 0.00000 1.00000
vt 0.00000 1.00000
vt 0.00000 1.00000
vt 0.00000 1.00000
vt 0.00000 1.00000
vt 0.00000 1.00000
vt 0.00000 1.00000
vt 0.00000 1.00000
vt 0.00000 1.00000
vt 0.00000 1.00000
vt 0.00000 1.00000
vt 0.00000 1.00000
vt 0.00000 1.00000
vt 0.00000 1.00000
vt 0.00000 1.00000
vt 0.00000 1.00000
vt 0.00000 1.00000
vt 0.00000 1.00000
vt 0.00000 1.00000
vt 0.00000 1.00000
vt 0.00000 1.00000
vt 0.00000 1.00000
vt 0.00000 1.00000
vt 0.00000 1.00000
vt 0.00000 1.00000
vt 0.00000 1.00000
vt 0.00000 1.00000
vt 0.00000 1.00000
vt 0.00000 1.00000
vt 0.00000 1.00000
vt 0.00000 1.00000
vt 0.00000 1.00000
vt 0.00000 1.00000
vt 0.00000 1.00000
vt 0.00000 1.00000
vt 0.00000 1.00000
vt 0.00000 1.00000
vt 0.00000 1.00000
vt 0.00000 1.00000
vt 0.00000 1.00000
vt 0.00000 1.00000
vt 0.00000 1.00000
vt 0.00000 1.00000
vt 0.00000 1.00000
vt 0.00000 1.00000
vt 0.00000 1.00000
vt 0.00000 1.00000
vt 0.00000 1.00000
vt 0.00000 1.00000
vt 0.00000 1.00000
vt 0.00000 1.00000
vt 0.00000 1.00000
vt 0.00000 1.00000
vt 0.00000 1.00000
vt 0.00000 1.00000
vt 0.00000 1.00000
vt 0.00000 1.00000
vt 0.00000 1.00000
vt 0.00000 1.00000
vt 0.00000 1.00000
vt 0.00000 1.00000
vt 0.00000 1.00000
vt 0.00000 1.00000
vt 0.00000 1.00000
vt 0.00000 1.00000
vt 0.00000 1.00000
vt 0.00000 1.00000
vt 0.00000 1.00000
vt 0.00000 1.00000
vt 0.00000 1.00000
vt 0.00000 1.00000
vt 0.00000 1.00000
vt 0.00000 1.00000
vt 0.00000 1.00000
vt 0.00000 1.00000
vt 0.00000 1.00000
vt 0.00000 1.00000
vt 0.00000 1.00000
vt 0.00000 1.00000
vt 0.00000 1.00000
vt 0.00000 1.00000
vt 0.00000 1.00000
vt 0.00000 1.00000
vt 0.00000 1.00000
vt 0.00000 1.00000
vt 0.00000 1.00000
vt 0.00000 1.00000
vt 0.00000 1.00000
vt 0.00000 1.00000
vt 0.00000 1.00000
vt 0.00000 1.00000
vt 0.00000 1.00000
vt 0.00000 1.00000
vt 0.00000 1.00000
vt 0.00000 1.00000
vt 0.00000 1.00000
vt 0.00000 1.00000
vt 0.00000 1.00000
vt 0.00000 1.00000
vt 0.00000 1.00000
vt 0.00000 1.00000
vt 0.00000 1.00000
vt 0.00000 1.00000
vt 0.00000 1.00000
vt 0.00000 1.00000
vt 0.00000 1.00000
vt 0.00000 1.00000
vt 0.00000 1.00000
vt 0.00000 1.00000
vt 0.00000 1.00000
vt 0.00000 1.00000
vt 0.00000 1.00000
vt 0.00000 1.00000
vt 0.00000 1.00000
vt 0.00000 1.00000
vt 0.00000 1.00000
vt 0.00000 1.00000
vt 0.00000 1.00000
vt 0.00000 1.00000
vt 0.00000 1.00000
vt 0.00000 1.00000
vt 0.00000 1.00000
vt 0.00000 1.00000
vt 0.00000 1.00000
vt 0.00000 1.00000
vt 0.00000 1.00000
vt 0.00000 1.00000
vt 0.00000 1.00000
vt 0.00000 1.00000
vt 0.00000 1.00000
vt 0.00000 1.00000
vt 0.00000 1.00000
vt 0.00000 1.00000
vt 0.00000 1.00000
vt 0.00000 1.00000
vt 0.00000 1.00000
vt 0.00000 1.00000
vt 0.00000 1.00000
vt 0.00000 1.00000
vt 0.00000 1.00000
vt 0.00000 1.00000
vt 0.00000 1.00000
vt 0.00000 1.00000
vt 0.00000 1.00000
vt 0.00000 1.00000
vt 0.00000 1.00000
vt 0.00000 1.00000
vt 0.00000 1.00000
vt 0.00000 1.00000
vt 0.00000 1.00000
vt 0.00000 1.00000
vt 0.00000 1.00000
vt 0.00000 1.00000
vt 0.00000 1.00000
vt 0.00000 1.00000
vt 0.00000 1.00000
vt 0.00000 1.00000
vt 0.00000 1.00000
vt 0.00000 1.00000
vt 0.00000 1.00000
vt 0.00000 1.00000
vt 0.00000 1.00000
vt 0.00000 1.00000
vt 0.00000 1.00000
vt 0.00000 1.00000
vt 0.00000 1.00000
vt 0.00000 1.00000
vt 0.00000 1.00000
vt 0.00000 1.00000
vt 0.00000 1.00000
vt 0.00000 1.00000
vt 0.00000 1.00000
vt 0.00000 1.00000
vt 0.00000 1.00000
vt 0.00000 1.00000
vt 0.00000 1.00000
vt 0.00000 1.00000
vt 0.00000 1.00000
vt 0.00000 1.00000
vt 0.00000 1.00000
vt 0.00000 1.00000
vt 0.00000 1.00000
vt 0.00000 1.00000
vt 0.00000 1.00000
vt 0.00000 1.00000
vt 0.00000 1.00000
vt 0.00000 1.00000
vt 0.00000 1.00000
vt 0.00000 1.00000
vt 0.00000 1.00000
vt 0.00000 1.00000
vt 0.00000 1.00000
vt 0.00000 1.00000
vt 0.00000 1.00000
vt 0.00000 1.00000
vt 0.00000 1.00000
vt 0.00000 1.00000
vt 0.00000 1.00000
vt 0.00000 1.00000
vt 0.00000 1.00000
vt 0.00000 1.00000
vt 0.00000 1.00000
vt 0.00000 1.00000
vt 0.00000 1.00000
vt 0.00000 1.00000
vt 0.00000 1.00000
vt 0.00000 1.00000
vt 0.00000 1.00000
vt 0.00000 1.00000
vt 0.00000 1.00000
vt 0.00000 1.00000
vt 0.00000 1.00000
vt 0.00000 1.00000
vt 0.00000 1.00000
vt 0.00000 1.00000
vt 0.00000 1.00000
vt 0.00000 1.00000
vt 0.00000 1.00000
vt 0.00000 1.00000
vt 0.00000 1.00000
vt 0.00000 1.00000
vt 0.00000 1.00000
vt 0.00000 1.00000
vt 0.00000 1.00000
vt 0.00000 1.00000
vt 0.00000 1.00000
vt 0.00000 1.00000
vt 0.00000 1.00000
vt 0.00000 1.00000
vt 0.00000 1.00000
vt 0.00000 1.00000
vt 0.00000 1.00000
vt 0.00000 1.00000
vt 0.00000 1.00000
vt 0.00000 1.00000
vt 0.00000 1.00000
vt 0.00000 1.00000
vt 0.00000 1.00000
vt 0.00000 1.00000
vt 0.00000 1.00000
vt 0.00000 1.00000
vt 0.00000 1.00000
vt 0.00000 1.00000
vt 0.00000 1.00000
vt 0.00000 1.00000
vt 0.00000 1.00000
vt 0.00000 1.00000
vt 0.00000 1.00000
vt 0.00000 1.00000
vt 0.00000 1.00000
vt 0.00000 1.00000
vt 0.00000 1.00000
vt 0.00000 1.00000
vt 0.00000 1.00000
vt 0.00000 1.00000
vt 0.00000 1.00000
vt 0.00000 1.00000
vt 0.00000 1.00000
vt 0.00000 1.00000
vt 0.00000 1.00000
vt 0.00000 1.00000
vt 0.00000 1.00000
vt 0.00000 1.00000
vt 0.00000 1.00000
vt 0.00000 1.00000
vt 0.00000 1.00000
vt 0.00000 1.00000
vt 0.00000 1.00000
vt 0.00000 1.00000
vt 0.00000 1.00000
vt 0.00000 1.00000
vt 0.00000 1.00000
vt 0.00000 1.00000
vt 0.00000 1.00000
vt 0.00000 1.00000
vt 0.00000 1.00000
vt 0.00000 1.00000
vt 0.00000 1.00000
vt 0.00000 1.00000
vt 0.00000 1.00000
vt 0.00000 1.00000
vt 0.00000 1.00000
vt 0.00000 1.00000
vt 0.00000 1.00000
vt 0.00000 1.00000
vt 0.00000 1.00000
vt 0.00000 1.00000
vt 0.00000 1.00000
vt 0.00000 1.00000
vt 0.00000 1.00000
vt 0.00000 1.00000
vt 0.00000 1.00000
vt 0.00000 1.00000
vt 0.00000 1.00000
vt 0.00000 1.00000
vt 0.00000 1.00000
vt 0.00000 1.00000
vt 0.00000 1.00000
vt 0.00000 1.00000
vt 0.00000 1.00000
vt 0.00000 1.00000
vt 0.00000 1.00000
vt 0.00000 1.00000
vt 0.00000 1.00000
vt 0.00000 1.00000
vt 0.00000 1.00000
vt 0.00000 1.00000
vt 0.00000 1.00000
vt 0.00000 1.00000
vt 0.00000 1.00000
vt 0.00000 1.00000
vt 0.00000 1.00000
vt 0.00000 1.00000
vt 0.00000 1.00000
vt 0.00000 1.00000
vt 0.00000 1.00000
vt 0.00000 1.00000
vt 0.00000 1.00000
vt 0.00000 1.00000
vt 0.00000 1.00000
vt 0.00000 1.00000
vt 0.00000 1.00000
vt 0.00000 1.00000
vt 0.00000 1.00000
vt 0.00000 1.00000
vt 0.00000 1.00000
vt 0.00000 1.00000
vt 0.00000 1.00000
vt 0.00000 1.00000
vt 0.00000 1.00000
vt 0.00000 1.00000
vt 0.00000 1.00000
vt 0.00000 1.00000
vt 0.00000 1.00000
vt 0.00000 1.00000
vt 0.00000 1.00000
vt 0.00000 1.00000
vt 0.00000 1.00000
vt 0.00000 1.00000
vt 0.00000 1.00000
vt 0.00000 1.00000
vt 0.00000 1.00000
vt 0.00000 1.00000
vt 0.00000 1.00000
vt 0.00000 1.00000
vt 0.00000 1.00000
vt 0.00000 1.00000
vt 0.00000 1.00000
vt 0.00000 1.00000
vt 0.00000 1.00000
vt 0.00000 1.00000
vt 0.00000 1.00000
vt 0.00000 1.00000
vt 0.00000 1.00000
vt 0.00000 1.00000
vt 0.00000 1.00000
vt 0.00000 1.00000
vt 0.00000 1.00000
vt 0.00000 1.00000
vt 0.00000 1.00000
vt 0.00000 1.00000
vt 0.00000 1.00000
vt 0.00000 1.00000
vt 0.00000 1.00000
vt 0.00000 1.00000
vt 0.00000 1.00000
vt 0.00000 1.00000
vt 0.00000 1.00000
vt 0.00000 1.00000
vt 0.00000 1.00000
vt 0.00000 1.00000
vt 0.00000 1.00000
vt 0.00000 1.00000
vt 0.00000 1.00000
vt 0.00000 1.00000
vt 0.00000 1.00000
vt 0.00000 1.00000
vt 0.00000 1.00000
vt 0.00000 1.00000
vt 0.00000 1.00000
vt 0.00000 1.00000
vt 0.00000 1.00000
vt 0.00000 1.00000
vt 0.00000 1.00000
vt 0.00000 1.00000
vt 0.00000 1.00000
vt 0.00000 1.00000
vt 0.00000 1.00000
vt 0.00000 1.00000
vt 0.00000 1.00000
vt 0.00000 1.00000
vt 0.00000 1.00000
vt 0.00000 1.00000
vt 0.00000 1.00000
vt 0.00000 1.00000
vt 0.00000 1.00000
vt 0.00000 1.00000
vt 0.00000 1.00000
vt 0.00000 1.00000
vt 0.00000 1.00000
vt 0.00000 1.00000
vt 0.00000 1.00000
vt 0.00000 1.00000
vt 0.00000 1.00000
vt 0.00000 1.00000
vt 0.00000 1.00000
vt 0.00000 1.00000
vt 0.00000 1.00000
vt 0.00000 1.00000
vt 0.00000 1.00000
vt 0.00000 1.00000
vt 0.00000 1.00000
vt 0.00000 1.00000
vt 0.00000 1.00000
vt 0.00000 1.00000
vt 0.00000 1.00000
vt 0.00000 1.00000
vt 0.00000 1.00000
vt 0.00000 1.00000
vt 0.00000 1.00000
vt 0.00000 1.00000
vt 0.00000 1.00000
vt 0.00000 1.00000
vt 0.00000 1.00000
vt 0.00000 1.00000
vt 0.00000 1.00000
vt 0.00000 1.00000
vt 0.00000 1.00000
vt 0.00000 1.00000
vt 0.00000 1.00000
vt 0.00000 1.00000
vt 0.00000 1.00000
vt 0.00000 1.00000
vt 0.00000 1.00000
vt 0.00000 1.00000
vt 0.00000 1.00000
vt 0.00000 1.00000
vt 0.00000 1.00000
vt 0.00000 1.00000
vt 0.00000 1.00000
vt 0.00000 1.00000
vt 0.00000 1.00000
vt 0.00000 1.00000
vt 0.00000 1.00000
vt 0.00000 1.00000
vt 0.00000 1.00000
vt 0.00000 1.00000
vt 0.00000 1.00000
vt 0.00000 1.00000
vt 0.00000 1.00000
vt 0.00000 1.00000
vt 0.00000 1.00000
vt 0.00000 1.00000
vt 0.00000 1.00000
vt 0.00000 1.00000
vt 0.00000 1.00000
vt 0.00000 1.00000
vt 0.00000 1.00000
vt 0.00000 1.00000
vt 0.00000 1.00000
vt 0.00000 1.00000
vt 0.00000 1.00000
vt 0.00000 1.00000
vt 0.00000 1.00000
vt 0.00000 1.00000
vt 0.00000 1.00000
vt 0.00000 1.00000
vt 0.00000 1.00000
vt 0.00000 1.00000
vt 0.00000 1.00000
vt 0.00000 1.00000
vt 0.00000 1.00000
vt 0.00000 1.00000
vt 0.00000 1.00000
vt 0.00000 1.00000
vt 0.00000 1.00000
vt 0.00000 1.00000
vt 0.00000 1.00000
vt 0.00000 1.00000
vt 0.00000 1.00000
vt 0.00000 1.00000
vt 0.00000 1.00000
vt 0.00000 1.00000
vt 0.00000 1.00000
vt 0.00000 1.00000
vt 0.00000 1.00000
vt 0.00000 1.00000
vt 0.00000 1.00000
vt 0.00000 1.00000
vt 0.00000 1.00000
vt 0.00000 1.00000
vt 0.00000 1.00000
vt 0.00000 1.00000
vt 0.00000 1.00000
vt 0.00000 1.00000
vt 0.00000 1.00000
vt 0.00000 1.00000
vt 0.00000 1.00000
vt 0.00000 1.00000
vt 0.00000 1.00000
vt 0.00000 1.00000
vt 0.00000 1.00000
vt 0.00000 1.00000
vt 0.00000 1.00000
vt 0.00000 1.00000
vt 0.00000 1.00000
vt 0.00000 1.00000
vt 0.00000 1.00000
vt 0.00000 1.00000
vt 0.00000 1.00000
vt 0.00000 1.00000
vt 0.00000 1.00000
vt 0.00000 1.00000
vt 0.00000 1.00000
vt 0.00000 1.00000
vt 0.00000 1.00000
vt 0.00000 1.00000
vt 0.00000 1.00000
vt 0.00000 1.00000
vt 0.00000 1.00000
vt 0.00000 1.00000
vt 0.00000 1.00000
vt 0.00000 1.00000
vt 0.00000 1.00000
vt 0.00000 1.00000
vt 0.00000 1.00000
vt 0.00000 1.00000
vt 0.00000 1.00000
vt 0.00000 1.00000
vt 0.00000 1.00000
vt 0.00000 1.00000
vt 0.00000 1.00000
vt 0.00000 1.00000
vt 0.00000 1.00000
vt 0.00000 1.00000
vt 0.00000 1.00000
vt 0.00000 1.00000
vt 0.00000 1.00000
vt 0.00000 1.00000
vt 0.00000 1.00000
vt 0.00000 1.00000
vt 0.00000 1.00000
vt 0.00000 1.00000
vt 0.00000 1.00000
vt 0.00000 1.00000
vt 0.00000 1.00000
vt 0.00000 1.00000
vt 0.00000 1.00000
vt 0.00000 1.00000
vt 0.00000 1.00000
vt 0.00000 1.00000
vt 0.00000 1.00000
vt 0.00000 1.00000
vt 0.00000 1.00000
vt 0.00000 1.00000
vt 0.00000 1.00000
vt 0.00000 1.00000
vt 0.00000 1.00000
vt 0.00000 1.00000
vt 0.00000 1.00000
vt 0.00000 1.00000
vt 0.00000 1.00000
vt 0.00000 1.00000
vt 0.00000 1.00000
vt 0.00000 1.00000
vt 0.00000 1.00000
vt 0.00000 1.00000
vt 0.00000 1.00000
vt 0.00000 1.00000
vt 0.00000 1.00000
vt 0.00000 1.00000
vt 0.00000 1.00000
vt 0.00000 1.00000
vt 0.00000 1.00000
vt 0.00000 1.00000
vt 0.00000 1.00000
vt 0.00000 1.00000
vt 0.00000 1.00000
vt 0.00000 1.00000
vt 0.00000 1.00000
vt 0.00000 1.00000
vt 0.00000 1.00000
vt 0.00000 1.00000
vt 0.00000 1.00000
vt 0.00000 1.00000
vt 0.00000 1.00000
vt 0.00000 1.00000
vt 0.00000 1.00000
vt 0.00000 1.00000
vt 0.00000 1.00000
vt 0.00000 1.00000
vt 0.00000 1.00000
vt 0.00000 1.00000
vt 0.00000 1.00000
vt 0.00000 1.00000
vt 0.00000 1.00000
vt 0.00000 1.00000
vt 0.00000 1.00000
vt 0.00000 1.00000
vt 0.00000 1.00000
vt 0.00000 1.00000
vt 0.00000 1.00000
vt 0.00000 1.00000
vt 0.00000 1.00000
vt 0.00000 1.00000
vt 0.00000 1.00000
vt 0.00000 1.00000
vt 0.00000 1.00000
vt 0.00000 1.00000
vt 0.00000 1.00000
vt 0.00000 1.00000
vt 0.00000 1.00000
vt 0.00000 1.00000
vt 0.00000 1.00000
vt 0.00000 1.00000
vt 0.00000 1.00000
vt 0.00000 1.00000
vt 0.00000 1.00000
vt 0.00000 1.00000
vt 0.00000 1.00000
vt 0.00000 1.00000
vt 0.00000 1.00000
vt 0.00000 1.00000
vt 0.00000 1.00000
vt 0.00000 1.00000
vt 0.00000 1.00000
vt 0.00000 1.00000
vt 0.00000 1.00000
vt 0.00000 1.00000
vt 0.00000 1.00000
vt 0.00000 1.00000
vt 0.00000 1.00000
vt 0.00000 1.00000
vt 0.00000 1.00000
vt 0.00000 1.00000
vt 0.00000 1.00000
vt 0.00000 1.00000
vt 0.00000 1.00000
vt 0.00000 1.00000
vt 0.00000 1.00000
vt 0.00000 1.00000
vt 0.00000 1.00000
vt 0.00000 1.00000
vt 0.00000 1.00000
vt 0.00000 1.00000
vt 0.00000 1.00000
vt 0.00000 1.00000
vt 0.00000 1.00000
vt 0.00000 1.00000
vt 0.00000 1.00000
vt 0.00000 1.00000
vt 0.00000 1.00000
vt 0.00000 1.00000
vt 0.00000 1.00000
vt 0.00000 1.00000
vt 0.00000 1.00000
vt 0.00000 1.00000
vt 0.00000 1.00000
vt 0.00000 1.00000
vt 0.00000 1.00000
vt 0.00000 1.00000
vt 0.00000 1.00000
vt 0.00000 1.00000
vt 0.00000 1.00000
vt 0.00000 1.00000
vt 0.00000 1.00000
vt 0.00000 1.00000
vt 0.00000 1.00000
vt 0.00000 1.00000
vt 0.00000 1.00000
vt 0.00000 1.00000
vt 0.00000 1.00000
vt 0.00000 1.00000
vt 0.00000 1.00000
vt 0.00000 1.00000
vt 0.00000 1.00000
vt 0.00000 1.00000
vt 0.00000 1.00000
vt 0.00000 1.00000
vt 0.00000 1.00000
vt 0.00000 1.00000
vt 0.00000 1.00000
vt 0.00000 1.00000
vt 0.00000 1.00000
vt 0.00000 1.00000
vt 0.00000 1.00000
vt 0.00000 1.00000
vt 0.00000 1.00000
vt 0.00000 1.00000
vt 0.00000 1.00000
vt 0.00000 1.00000
vt 0.00000 1.00000
vt 0.00000 1.00000
vt 0.00000 1.00000
vt 0.00000 1.00000
vt 0.00000 1.00000
vt 0.00000 1.00000
vt 0.00000 1.00000
vt 0.00000 1.00000
vt 0.00000 1.00000
vt 0.00000 1.00000
vt 0.00000 1.00000
vt 0.00000 1.00000
vt 0.00000 1.00000
vt 0.00000 1.00000
vt 0.00000 1.00000
vt 0.00000 1.00000
vt 0.00000 1.00000
vt 0.00000 1.00000
vt 0.00000 1.00000
vt 0.00000 1.00000
vt 0.00000 1.00000
vt 0.00000 1.00000
vt 0.00000 1.00000
vt 0.00000 1.00000
vt 0.00000 1.00000
vt 0.00000 1.00000
vt 0.00000 1.00000
vt 0.00000 1.00000
vt 0.00000 1.00000
vt 0.00000 1.00000
vt 0.00000 1.00000
vt 0.00000 1.00000
vt 0.00000 1.00000
vt 0.00000 1.00000
vt 0.00000 1.00000
vt 0.00000 1.00000
vt 0.00000 1.00000
vt 0.00000 1.00000
vt 0.00000 1.00000
vt 0.00000 1.00000
vt 0.00000 1.00000
vt 0.00000 1.00000
vt 0.00000 1.00000
vt 0.00000 1.00000
vt 0.00000 1.00000
vt 0.00000 1.00000
vt 0.00000 1.00000
vt 0.00000 1.00000
vt 0.00000 1.00000
vt 0.00000 1.00000
vt 0.00000 1.00000
vt 0.00000 1.00000
vt 0.00000 1.00000
vt 0.00000 1.00000
vt 0.00000 1.00000
vt 0.00000 1.00000
vt 0.00000 1.00000
vt 0.00000 1.00000
vt 0.00000 1.00000
vt 0.00000 1.00000
vt 0.00000 1.00000
vt 0.00000 1.00000
vt 0.00000 1.00000
vt 0.00000 1.00000
vt 0.00000 1.00000
vt 0.00000 1.00000
vt 0.00000 1.00000
vt 0.00000 1.00000
vt 0.00000 1.00000
vt 0.00000 1.00000
vt 0.00000 1.00000
vt 0.00000 1.00000
vt 0.00000 1.00000
vt 0.00000 1.00000
vt 0.00000 1.00000
vt 0.00000 1.00000
vt 0.00000 1.00000
vt 0.00000 1.00000
vt 0.00000 1.00000
vt 0.00000 1.00000
vt 0.00000 1.00000
vt 0.00000 1.00000
vt 0.00000 1.00000
vt 0.00000 1.00000
vt 0.00000 1.00000
vt 0.00000 1.00000
vt 0.00000 1.00000
vt 0.00000 1.00000
vt 0.00000 1.00000
vt 0.00000 1.00000
vt 0.00000 1.00000
vt 0.00000 1.00000
vt 0.00000 1.00000
vt 0.00000 1.00000
vt 0.00000 1.00000
vt 0.00000 1.00000
vt 0.00000 1.00000
vt 0.00000 1.00000
vt 0.00000 1.00000
vt 0.00000 1.00000
vt 0.00000 1.00000
vt 0.00000 1.00000
vt 0.00000 1.00000
vt 0.00000 1.00000
vt 0.00000 1.00000
vt 0.00000 1.00000
vt 0.00000 1.00000
vt 0.00000 1.00000
vt 0.00000 1.00000
vt 0.00000 1.00000
vt 0.00000 1.00000
vt 0.00000 1.00000
vt 0.00000 1.00000
vt 0.00000 1.00000
vt 0.00000 1.00000
vt 0.00000 1.00000
vt 0.00000 1.00000
vt 0.00000 1.00000
vt 0.00000 1.00000
vt 0.00000 1.00000
vt 0.00000 1.00000
vt 0.00000 1.00000
vt 0.00000 1.00000
vt 0.00000 1.00000
vt 0.00000 1.00000
vt 0.00000 1.00000
vt 0.00000 1.00000
vt 0.00000 1.00000
vt 0.00000 1.00000
vt 0.00000 1.00000
vt 0.00000 1.00000
vt 0.00000 1.00000
vt 0.00000 1.00000
vt 0.00000 1.00000
vt 0.00000 1.00000
vt 0.00000 1.00000
vt 0.00000 1.00000
vt 0.00000 1.00000
vt 0.00000 1.00000
vt 0.00000 1.00000
vt 0.00000 1.00000
usemtl needles
f 1609/1609 1610/1610 1611/1611
f 1612/1612 1613/1613 1614/1614
f 1615/1615 1616/1616 1617/1617
f 1618/1618 1619/1619 1620/1620
f 1621/1621 1622/1622 1623/1623
f 1624/1624 1625/1625 1626/1626
f 1627/1627 1628/1628 1629/1629
f 1630/1630 1631/1631 1632/1632
f 1633/1633 1634/1634 1635/1635
f 1636/1636 1637/1637 1638/1638
f 1639/1639 1640/1640 1641/1641
f 1642/1642 1643/1643 1644/1644
f 1645/1645 1646/1646 1647/1647
f 1648/1648 1649/1649 1650/1650
f 1651/1651 1652/1652 1653/1653
f 1654/1654 1655/1655 1656/1656
f 1657/1657 1658/1658 1659/1659
f 1660/1660 1661/1661 1662/1662
f 1663/1663 1664/1664 1665/1665
f 1666/1666 1667/1667 1668/1668
f 1669/1669 1670/1670 1671/1671
f 1672/1672 1673/1673 1674/1674
f 1675/1675 1676/1676 1677/1677
f 1678/1678 1679/1679 1680/1680
f 1681/1681 1682/1682 1683/1683
f 1684/1684 1685/1685 1686/1686
f 1687/1687 1688/1688 1689/1689
f 1690/1690 1691/1691 1692/1692
f 1693/1693 1694/1694 1695/1695
f 1696/1696 1697/1697 1698/1698
f 1699/1699 1700/1700 1701/1701
f 1702/1702 1703/1703 1704/1704
f 1705/1705 1706/1706 1707/1707
f 1708/1708 1709/1709 1710/1710
f 1711/1711 1712/1712 1713/1713
f 1714/1714 1715/1715 1716/1716
f 1717/1717 1718/1718 1719/1719
f 1720/1720 1721/1721 1722/1722
f 1723/1723 1724/1724 1725/1725
f 1726/1726 1727/1727 1728/1728
f 1729/1729 1730/1730 1731/1731
f 1732/1732 1733/1733 1734/1734
f 1735/1735 1736/1736 1737/1737
f 1738/1738 1739/1739 1740/1740
f 1741/1741 1742/1742 1743/1743
f 1744/1744 1745/1745 1746/1746
f 1747/1747 1748/1748 1749/1749
f 1750/1750 1751/1751 1752/1752
f 1753/1753 1754/1754 1755/1755
f 1756/1756 1757/1757 1758/1758
f 1759/1759 1760/1760 1761/1761
f 1762/1762 1763/1763 1764/1764
f 1765/1765 1766/1766 1767/1767
f 1768/1768 1769/1769 1770/1770
f 1771/1771 1772/1772 1773/1773
f 1774/1774 1775/1775 1776/1776
f 1777/1777 1778/1778 1779/1779
f 1780/1780 1781/1781 1782/1782
f 1783/1783 1784/1784 1785/1785
f 1786/1786 1787/1787 1788/1788
f 1789/1789 1790/1790 1791/1791
f 1792/1792 1793/1793 1794/1794
f 1795/1795 1796/1796 1797/1797
f 1798/1798 1799/1799 1800/1800
f 1801/1801 1802/1802 1803/1803
f 1804/1804 1805/1805 1806/1806
f 1807/1807 1808/1808 1809/1809
f 1810/1810 1811/1811 1812/1812
f 1813/1813 1814/1814 1815/1815
f 1816/1816 1817/1817 1818/1818
f 1819/1819 1820/1820 1821/1821
f 1822/1822 1823/1823 1824/1824
f 1825/1825 1826/1826 1827/1827
f 1828/1828 1829/1829 1830/1830
f 1831/1831 1832/1832 1833/1833
f 1834/1834 1835/1835 1836/1836
f 1837/1837 1838/1838 1839/1839
f 1840/1840 1841/1841 1842/1842
f 1843/1843 1844/1844 1845/1845
f 1846/1846 1847/1847 1848/1848
f 1849/1849 1850/1850 1851/1851
f 1852/1852 1853/1853 1854/1854
f 1855/1855 1856/1856 1857/1857
f 1858/1858 1859/1859 1860/1860
f 1861/1861 1862/1862 1863/1863
f 1864/1864 1865/1865 1866/1866
f 1867/1867 1868/1868 1869/1869
f 1870/1870 1871/1871 1872/1872
f 1873/1873 1874/1874 1875/1875
f 1876/1876 1877/1877 1878/1878
f 1879/1879 1880/1880 1881/1881
f 1882/1882 1883/1883 1884/1884
f 1885/1885 1886/1886 1887/1887
f 1888/1888 1889/1889 1890/1890
f 1891/1891 1892/1892 1893/1893
f 1894/1894 1895/1895 1896/1896
f 1897/1897 1898/1898 1899/1899
f 1900/1900 1901/1901 1902/1902
f 1903/1903 1904/1904 1905/1905
f 1906/1906 1907/1907 1908/1908
f 1909/1909 1910/1910 1911/1911
f 1912/1912 1913/1913 1914/1914
f 1915/1915 1916/1916 1917/1917
f 1918/1918 1919/1919 1920/1920
f 1921/1921 1922/1922 1923/1923
f 1924/1924 1925/1925 1926/1926
f 1927/1927 1928/1928 1929/1929
f 1930/1930 1931/1931 1932/1932
f 1933/1933 1934/1934 1935/1935
f 1936/1936 1937/1937 1938/1938
f 1939/1939 1940/1940 1941/1941
f 1942/1942 1943/1943 1944/1944
f 1945/1945 1946/1946 1947/1947
f 1948/1948 1949/1949 1950/1950
f 1951/1951 1952/1952 1953/1953
f 1954/1954 1955/1955 1956/1956
f 1957/1957 1958/1958 1959/1959
f 1960/1960 1961/1961 1962/1962
f 1963/1963 1964/1964 1965/1965
f 1966/1966 1967/1967 1968/1968
f 1969/1969 1970/1970 1971/1971
f 1972/1972 1973/1973 1974/1974
f 1975/1975 1976/1976 1977/1977
f 1978/1978 1979/1979 1980/1980
f 1981/1981 1982/1982 1983/1983
f 1984/1984 1985/1985 1986/1986
f 1987/1987 1988/1988 1989/1989
f 1990/1990 1991/1991 1992/1992
f 1993/1993 1994/1994 1995/1995
f 1996/1996 1997/1997 1998/1998
f 1999/1999 2000/2000 2001/2001
f 2002/2002 2003/2003 2004/2004
f 2005/2005 2006/2006 2007/2007
f 2008/2008 2009/2009 2010/2010
f 2011/2011 2012/2012 2013/2013
f 2014/2014 2015/2015 2016/2016
f 2017/2017 2018/2018 2019/2019
f 2020/2020 2021/2021 2022/2022
f 2023/2023 2024/2024 2025/2025
f 2026/2026 2027/2027 2028/2028
f 2029/2029 2030/2030 2031/2031
f 2032/2032 2033/2033 2034/2034
f 2035/2035 2036/2036 2037/2037
f 2038/2038 2039/2039 2040/2040
f 2041/2041 2042/2042 2043/2043
f 2044/2044 2045/2045 2046/2046
f 2047/2047 2048/2048 2049/2049
f 2050/2050 2051/2051 2052/2052
f 2053/2053 2054/2054 2055/2055
f 2056/2056 2057/2057 2058/2058
f 2059/2059 2060/2060 2061/2061
f 2062/2062 2063/2063 2064/2064
f 2065/2065 2066/2066 2067/2067
f 2068/2068 2069/2069 2070/2070
f 2071/2071 2072/2072 2073/2073
f 2074/2074 2075/2075 2076/2076
f 2077/2077 2078/2078 2079/2079
f 2080/2080 2081/2081 2082/2082
f 2083/2083 2084/2084 2085/2085
f 2086/2086 2087/2087 2088/2088
f 2089/2089 2090/2090 2091/2091
f 2092/2092 2093/2093 2094/2094
f 2095/2095 2096/2096 2097/2097
f 2098/2098 2099/2099 2100/2100
f 2101/2101 2102/2102 2103/2103
f 2104/2104 2105/2105 2106/2106
f 2107/2107 2108/2108 2109/2109
f 2110/2110 2111/2111 2112/2112
f 2113/2113 2114/2114 2115/2115
f 2116/2116 2117/2117 2118/2118
f 2119/2119 2120/2120 2121/2121
f 2122/2122 2123/2123 2124/2124
f 2125/2125 2126/2126 2127/2127
f 2128/2128 2129/2129 2130/2130
f 2131/2131 2132/2132 2133/2133
f 2134/2134 2135/2135 2136/2136
f 2137/2137 2138/2138 2139/2139
f 2140/2140 2141/2141 2142/2142
f 2143/2143 2144/2144 2145/2145
f 2146/2146 2147/2147 2148/2148
f 2149/2149 2150/2150 2151/2151
f 2152/2152 2153/2153 2154/2154
f 2155/2155 2156/2156 2157/2157
f 2158/2158 2159/2159 2160/2160
f 2161/2161 2162/2162 2163/2163
f 2164/2164 2165/2165 2166/2166
f 2167/2167 2168/2168 2169/2169
f 2170/2170 2171/2171 2172/2172
f 2173/2173 2174/2174 2175/2175
f 2176/2176 2177/2177 2178/2178
f 2179/2179 2180/2180 2181/2181
f 2182/2182 2183/2183 2184/2184
f 2185/2185 2186/2186 2187/2187
f 2188/2188 2189/2189 2190/2190
f 2191/2191 2192/2192 2193/2193
f 2194/2194 2195/2195 2196/2196
f 2197/2197 2198/2198 2199/2199
f 2200/2200 2201/2201 2202/2202
f 2203/2203 2204/2204 2205/2205
f 2206/2206 2207/2207 2208/2208
f 2209/2209 2210/2210 2211/2211
f 2212/2212 2213/2213 2214/2214
f 2215/2215 2216/2216 2217/2217
f 2218/2218 2219/2219 2220/2220
f 2221/2221 2222/2222 2223/2223
f 2224/2224 2225/2225 2226/2226
f 2227/2227 2228/2228 2229/2229
f 2230/2230 2231/2231 2232/2232
f 2233/2233 2234/2234 2235/2235
f 2236/2236 2237/2237 2238/2238
f 2239/2239 2240/2240 2241/2241
f 2242/2242 2243/2243 2244/2244
f 2245/2245 2246/2246 2247/2247
f 2248/2248 2249/2249 2250/2250
f 2251/2251 2252/2252 2253/2253
f 2254/2254 2255/2255 2256/2256
f 2257/2257 2258/2258 2259/2259
f 2260/2260 2261/2261 2262/2262
f 2263/2263 2264/2264 2265/2265
f 2266/2266 2267/2267 2268/2268
f 2269/2269 2270/2270 2271/2271
f 2272/2272 2273/2273 2274/2274
f 2275/2275 2276/2276 2277/2277
f 2278/2278 2279/2279 2280/2280
f 2281/2281 2282/2282 2283/2283
f 2284/2284 2285/2285 2286/2286
f 2287/2287 2288/2288 2289/2289
f 2290/2290 2291/2291 2292/2292
f 2293/2293 2294/2294 2295/2295
f 2296/2296 2297/2297 2298/2298
f 2299/2299 2300/2300 2301/2301
f 2302/2302 2303/2303 2304/2304
f 2305/2305 2306/2306 2307/2307
f 2308/2308 2309/2309 2310/2310
f 2311/2311 2312/2312 2313/2313
f 2314/2314 2315/2315 2316/2316
f 2317/2317 2318/2318 2319/2319
f 2320/2320 2321/2321 2322/2322
f 2323/2323 2324/2324 2325/2325
f 2326/2326 2327/2327 2328/2328
f 2329/2329 2330/2330 2331/2331
f 2332/2332 2333/2333 2334/2334
f 2335/2335 2336/2336 2337/2337
f 2338/2338 2339/2339 2340/2340
f 2341/2341 2342/2342 2343/2343
f 2344/2344 2345/2345 2346/2346
f 2347/2347 2348/2348 2349/2349
f 2350/2350 2351/2351 2352/2352
f 2353/2353 2354/2354 2355/2355
f 2356/2356 2357/2357 2358/2358
f 2359/2359 2360/2360 2361/2361
f 2362/2362 2363/2363 2364/2364
f 2365/2365 2366/2366 2367/2367
f 2368/2368 2369/2369 2370/2370
f 2371/2371 2372/2372 2373/2373
f 2374/2374 2375/2375 2376/2376
f 2377/2377 2378/2378 2379/2379
f 2380/2380 2381/2381 2382/2382
f 2383/2383 2384/2384 2385/2385
f 2386/2386 2387/2387 2388/2388
f 2389/2389 2390/2390 2391/2391
f 2392/2392 2393/2393 2394/2394
f 2395/2395 2396/2396 2397/2397
f 2398/2398 2399/2399 2400/2400
f 2401/2401 2402/2402 2403/2403
f 2404/2404 2405/2405 2406/2406
f 2407/2407 2408/2408 2409/2409
f 2410/2410 2411/2411 2412/2412
f 2413/2413 2414/2414 2415/2415
f 2416/2416 2417/2417 2418/2418
f 2419/2419 2420/2420 2421/2421
f 2422/2422 2423/2423 2424/2424
f 2425/2425 2426/2426 2427/2427
f 2428/2428 2429/2429 2430/2430
f 2431/2431 2432/2432 2433/2433
f 2434/2434 2435/2435 2436/2436
f 2437/2437 2438/2438 2439/2439
f 2440/2440 2441/2441 2442/2442
f 2443/2443 2444/2444 2445/2445
f 2446/2446 2447/2447 2448/2448
f 2449/2449 2450/2450 2451/2451
f 2452/2452 2453/2453 2454/2454
f 2455/2455 2456/2456 2457/2457
f 2458/2458 2459/2459 2460/2460
f 2461/2461 2462/2462 2463/2463
f 2464/2464 2465/2465 2466/2466
f 2467/2467 2468/2468 2469/2469
f 2470/2470 2471/2471 2472/2472
f 2473/2473 2474/2474 2475/2475
f 2476/2476 2477/2477 2478/2478
f 2479/2479 2480/2480 2481/2481
f 2482/2482 2483/2483 2484/2484
f 2485/2485 2486/2486 2487/2487
f 2488/2488 2489/2489 2490/2490
f 2491/2491 2492/2492 2493/2493
f 2494/2494 2495/2495 2496/2496
f 2497/2497 2498/2498 2499/2499
f 2500/2500 2501/2501 2502/2502
f 2503/2503 2504/2504 2505/2505
f 2506/2506 2507/2507 2508/2508
f 2509/2509 2510/2510 2511/2511
f 2512/2512 2513/2513 2514/2514
f 2515/2515 2516/2516 2517/2517
f 2518/2518 2519/2519 2520/2520
f 2521/2521 2522/2522 2523/2523
f 2524/2524 2525/2525 2526/2526
f 2527/2527 2528/2528 2529/2529
f 2530/2530 2531/2531 2532/2532
f 2533/2533 2534/2534 2535/2535
f 2536/2536 2537/2537 2538/2538
f 2539/2539 2540/2540 2541/2541
f 2542/2542 2543/2543 2544/2544
f 2545/2545 2546/2546 2547/2547
f 2548/2548 2549/2549 2550/2550
f 2551/2551 2552/2552 2553/2553
f 2554/2554 2555/2555 2556/2556
f 2557/2557 2558/2558 2559/2559
f 2560/2560 2561/2561 2562/2562
f 2563/2563 2564/2564 2565/2565
f 2566/2566 2567/2567 2568/2568
f 2569/2569 2570/2570 2571/2571
f 2572/2572 2573/2573 2574/2574
f 2575/2575 2576/2576 2577/2577
f 2578/2578 2579/2579 2580/2580
f 2581/2581 2582/2582 2583/2583
f 2584/2584 2585/2585 2586/2586
f 2587/2587 2588/2588 2589/2589
f 2590/2590 2591/2591 2592/2592
f 2593/2593 2594/2594 2595/2595
f 2596/2596 2597/2597 2598/2598
f 2599/2599 2600/2600 2601/2601
f 2602/2602 2603/2603 2604/2604
f 2605/2605 2606/2606 2607/2607
f 2608/2608 2609/2609 2610/2610
f 2611/2611 2612/2612 2613/2613
f 2614/2614 2615/2615 2616/2616
f 2617/2617 2618/2618 2619/2619
f 2620/2620 2621/2621 2622/2622
f 2623/2623 2624/2624 2625/2625
f 2626/2626 2627/2627 2628/2628
f 2629/2629 2630/2630 2631/2631
f 2632/2632 2633/2633 2634/2634
f 2635/2635 2636/2636 2637/2637
f 2638/2638 2639/2639 2640/2640
f 2641/2641 2642/2642 2643/2643
f 2644/2644 2645/2645 2646/2646
f 2647/2647 2648/2648 2649/2649
f 2650/2650 2651/2651 2652/2652
f 2653/2653 2654/2654 2655/2655
f 2656/2656 2657/2657 2658/2658
f 2659/2659 2660/2660 2661/2661
f 2662/2662 2663/2663 2664/2664
f 2665/2665 2666/2666 2667/2667
f 2668/2668 2669/2669 2670/2670
f 2671/2671 2672/2672 2673/2673
f 2674/2674 2675/2675 2676/2676
f 2677/2677 2678/2678 2679/2679
f 2680/2680 2681/2681 2682/2682
f 2683/2683 2684/2684 2685/2685
f 2686/2686 2687/2687 2688/2688
f 2689/2689 2690/2690 2691/2691
f 2692/2692 2693/2693 2694/2694
f 2695/2695 2696/2696 2697/2697
f 2698/2698 2699/2699 2700/2700
f 2701/2701 2702/2702 2703/2703
f 2704/2704 2705/2705 2706/2706
f 2707/2707 2708/2708 2709/2709
f 2710/2710 2711/2711 2712/2712
f 2713/2713 2714/2714 2715/2715
f 2716/2716 2717/2717 2718/2718
f 2719/2719 2720/2720 2721/2721
f 2722/2722 2723/2723 2724/2724
f 2725/2725 2726/2726 2727/2727
f 2728/2728 2729/2729 2730/2730
f 2731/2731 2732/2732 2733/2733
f 2734/2734 2735/2735 2736/2736
f 2737/2737 2738/2738 2739/2739
f 2740/2740 2741/2741 2742/2742
f 2743/2743 2744/2744 2745/2745
f 2746/2746 2747/2747 2748/2748
f 2749/2749 2750/2750 2751/2751
f 2752/2752 2753/2753 2754/2754
f 2755/2755 2756/2756 2757/2757
f 2758/2758 2759/2759 2760/2760
f 2761/2761 2762/2762 2763/2763
f 2764/2764 2765/2765 2766/2766
f 2767/2767 2768/2768 2769/2769
f 2770/2770 2771/2771 2772/2772
f 2773/2773 2774/2774 2775/2775
f 2776/2776 2777/2777 2778/2778
f 2779/2779 2780/2780 2781/2781
f 2782/2782 2783/2783 2784/2784
f 2785/2785 2786/2786 2787/2787
f 2788/2788 2789/2789 2790/2790
f 2791/2791 2792/2792 2793/2793
f 2794/2794 2795/2795 2796/2796
f 2797/2797 2798/2798 2799/2799
f 2800/2800 2801/2801 2802/2802
f 2803/2803 2804/2804 2805/2805
f 2806/2806 2807/2807 2808/2808
f 2809/2809 2810/2810 2811/2811
f 2812/2812 2813/2813 2814/2814
f 2815/2815 2816/2816 2817/2817
f 2818/2818 2819/2819 2820/2820
f 2821/2821 2822/2822 2823/2823
f 2824/2824 2825/2825 2826/2826
f 2827/2827 2828/2828 2829/2829
f 2830/2830 2831/2831 2832/2832
f 2833/2833 2834/2834 2835/2835
f 2836/2836 2837/2837 2838/2838
f 2839/2839 2840/2840 2841/2841
f 2842/2842 2843/2843 2844/2844
f 2845/2845 2846/2846 2847/2847
f 2848/2848 2849/2849 2850/2850
f 2851/2851 2852/2852 2853/2853
f 2854/2854 2855/2855 2856/2856
f 2857/2857 2858/2858 2859/2859
f 2860/2860 2861/2861 2862/2862
f 2863/2863 2864/2864 2865/2865
f 2866/2866 2867/2867 2868/2868
f 2869/2869 2870/2870 2871/2871
f 2872/2872 2873/2873 2874/2874
f 2875/2875 2876/2876 2877/2877
f 2878/2878 2879/2879 2880/2880
f 2881/2881 2882/2882 2883/2883
f 2884/2884 2885/2885 2886/2886
f 2887/2887 2888/2888 2889/2889
f 2890/2890 2891/2891 2892/2892
f 2893/2893 2894/2894 2895/2895
f 2896/2896 2897/2897 2898/2898
f 2899/2899 2900/2900 2901/2901
f 2902/2902 2903/2903 2904/2904
f 2905/2905 2906/2906 2907/2907
f 2908/2908 2909/2909 2910/2910
f 2911/2911 2912/2912 2913/2913
f 2914/2914 2915/2915 2916/2916
f 2917/2917 2918/2918 2919/2919
f 2920/2920 2921/2921 2922/2922
f 2923/2923 2924/2924 2925/2925
f 2926/2926 2927/2927 2928/2928
f 2929/2929 2930/2930 2931/2931
f 2932/2932 2933/2933 2934/2934
f 2935/2935 2936/2936 2937/2937
f 2938/2938 2939/2939 2940/2940
f 2941/2941 2942/2942 2943/2943
f 2944/2944 2945/2945 2946/2946
f 2947/2947 2948/2948 2949/2949
f 2950/2950 2951/2951 2952/2952
f 2953/2953 2954/2954 2955/2955
f 2956/2956 2957/2957 2958/2958
f 2959/2959 2960/2960 2961/2961
f 2962/2962 2963/2963 2964/2964
f 2965/2965 2966/2966 2967/2967
f 2968/2968 2969/2969 2970/2970
f 2971/2971 2972/2972 2973/2973
f 2974/2974 2975/2975 2976/2976
f 2977/2977 2978/2978 2979/2979
f 2980/2980 2981/2981 2982/2982
f 2983/2983 2984/2984 2985/2985
f 2986/2986 2987/2987 2988/2988
f 2989/2989 2990/2990 2991/2991
f 2992/2992 2993/2993 2994/2994
f 2995/2995 2996/2996 2997/2997
f 2998/2998 2999/2999 3000/3000
f 3001/3001 3002/3002 3003/3003
f 3004/3004 3005/3005 3006/3006
f 3007/3007 3008/3008 3009/3009
f 3010/3010 3011/3011 3012/3012
f 3013/3013 3014/3014 3015/3015
f 3016/3016 3017/3017 3018/3018
f 3019/3019 3020/3020 3021/3021
f 3022/3022 3023/3023 3024/3024
f 3025/3025 3026/3026 3027/3027
f 3028/3028 3029/3029 3030/3030
f 3031/3031 3032/3032 3033/3033
f 3034/3034 3035/3035 3036/3036
f 3037/3037 3038/3038 3039/3039
f 3040/3040 3041/3041 3042/3042
f 3043/3043 3044/3044 3045/3045
f 3046/3046 3047/3047 3048/3048
f 3049/3049 3050/3050 3051/3051
f 3052/3052 3053/3053 3054/3054
f 3055/3055 3056/3056 3057/3057
f 3058/3058 3059/3059 3060/3060
f 3061/3061 3062/3062 3063/3063
f 3064/3064 3065/3065 3066/3066
f 3067/3067 3068/3068 3069/3069
f 3070/3070 3071/3071 3072/3072
f 3073/3073 3074/3074 3075/3075
f 3076/3076 3077/3077 3078/3078
f 3079/3079 3080/3080 3081/3081
f 3082/3082 3083/3083 3084/3084
f 3085/3085 3086/3086 3087/3087
f 3088/3088 3089/3089 3090/3090
f 3091/3091 3092/3092 3093/3093
f 3094/3094 3095/3095 3096/3096
f 3097/3097 3098/3098 3099/3099
f 3100/3100 3101/3101 3102/3102
f 3103/3103 3104/3104 3105/3105
f 3106/3106 3107/3107 3108/3108
f 3109/3109 3110/3110 3111/3111
f 3112/3112 3113/3113 3114/3114
f 3115/3115 3116/3116 3117/3117
f 3118/3118 3119/3119 3120/3120
f 3121/3121 3122/3122 3123/3123
f 3124/3124 3125/3125 3126/3126
f 3127/3127 3128/3128 3129/3129
f 3130/3130 3131/3131 3132/3132
f 3133/3133 3134/3134 3135/3135
f 3136/3136 3137/3137 3138/3138
f 3139/3139 3140/3140 3141/3141
f 3142/3142 3143/3143 3144/3144
f 3145/3145 3146/3146 3147/3147
f 3148/3148 3149/3149 3150/3150
f 3151/3151 3152/3152 3153/3153
f 3154/3154 3155/3155 3156/3156
f 3157/3157 3158/3158 3159/3159
f 3160/3160 3161/3161 3162/3162
f 3163/3163 3164/3164 3165/3165
f 3166/3166 3167/3167 3168/3168
f 3169/3169 3170/3170 3171/3171
f 3172/3172 3173/3173 3174/3174
f 3175/3175 3176/3176 3177/3177
f 3178/3178 3179/3179 3180/3180
f 3181/3181 3182/3182 3183/3183
f 3184/3184 3185/3185 3186/3186
f 3187/3187 3188/3188 3189/3189
f 3190/3190 3191/3191 3192/3192
f 3193/3193 3194/3194 3195/3195
f 3196/3196 3197/3197 3198/3198
f 3199/3199 3200/3200 3201/3201
f 3202/3202 3203/3203 3204/3204
f 3205/3205 3206/3206 3207/3207
f 3208/3208 3209/3209 3210/3210
f 3211/3211 3212/3212 3213/3213
f 3214/3214 3215/3215 3216/3216
f 3217/3217 3218/3218 3219/3219
f 3220/3220 3221/3221 3222/3222
f 3223/3223 3224/3224 3225/3225
f 3226/3226 3227/3227 3228/3228
f 3229/3229 3230/3230 3231/3231
f 3232/3232 3233/3233 3234/3234
f 3235/3235 3236/3236 3237/3237
f 3238/3238 3239/3239 3240/3240
f 3241/3241 3242/3242 3243/3243
f 3244/3244 3245/3245 3246/3246
f 3247/3247 3248/3248 3249/3249
f 3250/3250 3251/3251 3252/3252
f 3253/3253 3254/3254 3255/3255
f 3256/3256 3257/3257 3258/3258
f 3259/3259 3260/3260 3261/3261
f 3262/3262 3263/3263 3264/3264
f 3265/3265 3266/3266 3267/3267
f 3268/3268 3269/3269 3270/3270
f 3271/3271 3272/3272 3273/3273
f 3274/3274 3275/3275 3276/3276
f 3277/3277 3278/3278 3279/3279
f 3280/3280 3281/3281 3282/3282
f 3283/3283 3284/3284 3285/3285
f 3286/3286 3287/3287 3288/3288
f 3289/3289 3290/3290 3291/3291
f 3292/3292 3293/3293 3294/3294
f 3295/3295 3296/3296 3297/3297
f 3298/3298 3299/3299 3300/3300
f 3301/3301 3302/3302 3303/3303
f 3304/3304 3305/3305 3306/3306
f 3307/3307 3308/3308 3309/3309
f 3310/3310 3311/3311 3312/3312
f 3313/3313 3314/3314 3315/3315
f 3316/3316 3317/3317 3318/3318
f 3319/3319 3320/3320 3321/3321
f 3322/3322 3323/3323 3324/3324
f 3325/3325 3326/3326 3327/3327
f 3328/3328 3329/3329 3330/3330
f 3331/3331 3332/3332 3333/3333
f 3334/3334 3335/3335 3336/3336
f 3337/3337 3338/3338 3339/3339
f 3340/3340 3341/3341 3342/3342
f 3343/3343 3344/3344 3345/3345
f 3346/3346 3347/3347 3348/3348
f 3349/3349 3350/3350 3351/3351
f 3352/3352 3353/3353 3354/3354
f 3355/3355 3356/3356 3357/3357
f 3358/3358 3359/3359 3360/3360
f 3361/3361 3362/3362 3363/3363
f 3364/3364 3365/3365 3366/3366
f 3367/3367 3368/3368 3369/3369
f 3370/3370 3371/3371 3372/3372
f 3373/3373 3374/3374 3375/3375
f 3376/3376 3377/3377 3378/3378
f 3379/3379 3380/3380 3381/3381
f 3382/3382 3383/3383 3384/3384
f 3385/3385 3386/3386 3387/3387
f 3388/3388 3389/3389 3390/3390
f 3391/3391 3392/3392 3393/3393
f 3394/3394 3395/3395 3396/3396
f 3397/3397 3398/3398 3399/3399
f 3400/3400 3401/3401 3402/3402
f 3403/3403 3404/3404 3405/3405
f 3406/3406 3407/3407 3408/3408
f 3409/3409 3410/3410 3411/3411
f 3412/3412 3413/3413 3414/3414
f 3415/3415 3416/3416 3417/3417
f 3418/3418 3419/3419 3420/3420
f 3421/3421 3422/3422 3423/3423
f 3424/3424 3425/3425 3426/3426
f 3427/3427 3428/3428 3429/3429
f 3430/3430 3431/3431 3432/3432
f 3433/3433 3434/3434 3435/3435
f 3436/3436 3437/3437 3438/3438
f 3439/3439 3440/3440 3441/3441
f 3442/3442 3443/3443 3444/3444
f 3445/3445 3446/3446 3447/3447
f 3448/3448 3449/3449 3450/3450
f 3451/3451 3452/3452 3453/3453
f 3454/3454 3455/3455 3456/3456
f 3457/3457 3458/3458 3459/3459
f 3460/3460 3461/3461 3462/3462
f 3463/3463 3464/3464 3465/3465
f 3466/3466 3467/3467 3468/3468
f 3469/3469 3470/3470 3471/3471
f 3472/3472 3473/3473 3474/3474
f 3475/3475 3476/3476 3477/3477
f 3478/3478 3479/3479 3480/3480
f 3481/3481 3482/3482 3483/3483
f 3484/3484 3485/3485 3486/3486
f 3487/3487 3488/3488 3489/3489
f 3490/3490 3491/3491 3492/3492
f 3493/3493 3494/3494 3495/3495
f 3496/3496 3497/3497 3498/3498
f 3499/3499 3500/3500 3501/3501
f 3502/3502 3503/3503 3504/3504
f 3505/3505 3506/3506 3507/3507
f 3508/3508 3509/3509 3510/3510
f 3511/3511 3512/3512 3513/3513
f 3514/3514 3515/3515 3516/3516
f 3517/3517 3518/3518 3519/3519
f 3520/3520 3521/3521 3522/3522
f 3523/3523 3524/3524 3525/3525
f 3526/3526 3527/3527 3528/3528
f 3529/3529 3530/3530 3531/3531
f 3532/3532 3533/3533 3534/3534
f 3535/3535 3536/3536 3537/3537
f 3538/3538 3539/3539 3540/3540
f 3541/3541 3542/3542 3543/3543
f 3544/3544 3545/3545 3546/3546
f 3547/3547 3548/3548 3549/3549
f 3550/3550 3551/3551 3552/3552
f 3553/3553 3554/3554 3555/3555
f 3556/3556 3557/3557 3558/3558
f 3559/3559 3560/3560 3561/3561
f 3562/3562 3563/3563 3564/3564
f 3565/3565 3566/3566 3567/3567
f 3568/3568 3569/3569 3570/3570
f 3571/3571 3572/3572 3573/3573
f 3574/3574 3575/3575 3576/3576
f 3577/3577 3578/3578 3579/3579
f 3580/3580 3581/3581 3582/3582
f 3583/3583 3584/3584 3585/3585
f 3586/3586 3587/3587 3588/3588
f 3589/3589 3590/3590 3591/3591
f 3592/3592 3593/3593 3594/3594
f 3595/3595 3596/3596 3597/3597
f 3598/3598 3599/3599 3600/3600
f 3601/3601 3602/3602 3603/3603
f 3604/3604 3605/3605 3606/3606
f 3607/3607 3608/3608 3609/3609
f 3610/3610 3611/3611 3612/3612
f 3613/3613 3614/3614 3615/3615
f 3616/3616 3617/3617 3618/3618
f 3619/3619 3620/3620 3621/3621
f 3622/3622 3623/3623 3624/3624
f 3625/3625 3626/3626 3627/3627
f 3628/3628 3629/3629 3630/3630
f 3631/3631 3632/3632 3633/3633
f 3634/3634 3635/3635 3636/3636
f 3637/3637 3638/3638 3639/3639
f 3640/3640 3641/3641 3642/3642
f 3643/3643 3644/3644 3645/3645
f 3646/3646 3647/3647 3648/3648
f 3649/3649 3650/3650 3651/3651
f 3652/3652 3653/3653 3654/3654
f 3655/3655 3656/3656 3657/3657
f 3658/3658 3659/3659 3660/3660
f 3661/3661 3662/3662 3663/3663
f 3664/3664 3665/3665 3666/3666
f 3667/3667 3668/3668 3669/3669
f 3670/3670 3671/3671 3672/3672
f 3673/3673 3674/3674 3675/3675
f 3676/3676 3677/3677 3678/3678
f 3679/3679 3680/3680 3681/3681
f 3682/3682 3683/3683 3684/3684
f 3685/3685 3686/3686 3687/3687
f 3688/3688 3689/3689 3690/3690
f 3691/3691 3692/3692 3693/3693
f 3694/3694 3695/3695 3696/3696
f 3697/3697 3698/3698 3699/3699
f 3700/3700 3701/3701 3702/3702
f 3703/3703 3704/3704 3705/3705
f 3706/3706 3707/3707 3708/3708
f 3709/3709 3710/3710 3711/3711
f 3712/3712 3713/3713 3714/3714
f 3715/3715 3716/3716 3717/3717
f 3718/3718 3719/3719 3720/3720
f 3721/3721 3722/3722 3723/3723
f 3724/3724 3725/3725 3726/3726
f 3727/3727 3728/3728 3729/3729
f 3730/3730 3731/3731 3732/3732
f 3733/3733 3734/3734 3735/3735
f 3736/3736 3737/3737 3738/3738
f 3739/3739 3740/3740 3741/3741
f 3742/3742 3743/3743 3744/3744
f 3745/3745 3746/3746 3747/3747
f 3748/3748 3749/3749 3750/3750
f 3751/3751 3752/3752 3753/3753
f 3754/3754 3755/3755 3756/3756
f 3757/3757 3758/3758 3759/3759
f 3760/3760 3761/3761 3762/3762
f 3763/3763 3764/3764 3765/3765
f 3766/3766 3767/3767 3768/3768
f 3769/3769 3770/3770 3771/3771
f 3772/3772 3773/3773 3774/3774
f 3775/3775 3776/3776 3777/3777
f 3778/3778 3779/3779 3780/3780
f 3781/3781 3782/3782 3783/3783
f 3784/3784 3785/3785 3786/3786
f 3787/3787 3788/3788 3789/3789
f 3790/3790 3791/3791 3792/3792
f 3793/3793 3794/3794 3795/3795
f 3796/3796 3797/3797 3798/3798
f 3799/3799 3800/3800 3801/3801
f 3802/3802 3803/3803 3804/3804
f 3805/3805 3806/3806 3807/3807
f 3808/3808 3809/3809 3810/3810
f 3811/3811 3812/3812 3813/3813
f 3814/3814 3815/3815 3816/3816
f 3817/3817 3818/3818 3819/3819
f 3820/3820 3821/3821 3822/3822
f 3823/3823 3824/3824 3825/3825
f 3826/3826 3827/3827 3828/3828
f 3829/3829 3830/3830 3831/3831
f 3832/3832 3833/3833 3834/3834
f 3835/3835 3836/3836 3837/3837
f 3838/3838 3839/3839 3840/3840
f 3841/3841 3842/3842 3843/3843
f 3844/3844 3845/3845 3846/3846
f 3847/3847 3848/3848 3849/3849
f 3850/3850 3851/3851 3852/3852
f 3853/3853 3854/3854 3855/3855
f 3856/3856 3857/3857 3858/3858
f 3859/3859 3860/3860 3861/3861
f 3862/3862 3863/3863 3864/3864
f 3865/3865 3866/3866 3867/3867
f 3868/3868 3869/3869 3870/3870
f 3871/3871 3872/3872 3873/3873
f 3874/3874 3875/3875 3876/3876
f 3877/3877 3878/3878 3879/3879
f 3880/3880 3881/3881 3882/3882
f 3883/3883 3884/3884 3885/3885
f 3886/3886 3887/3887 3888/3888
f 3889/3889 3890/3890 3891/3891
f 3892/3892 3893/3893 3894/3894
f 3895/3895 3896/3896 3897/3897
f 3898/3898 3899/3899 3900/3900
f 3901/3901 3902/3902 3903/3903
f 3904/3904 3905/3905 3906/3906
f 3907/3907 3908/3908 3909/3909
f 3910/3910 3911/3911 3912/3912
f 3913/3913 3914/3914 3915/3915
f 3916/3916 3917/3917 3918/3918
f 3919/3919 3920/3920 3921/3921
f 3922/3922 3923/3923 3924/3924
f 3925/3925 3926/3926 3927/3927
f 3928/3928 3929/3929 3930/3930
f 3931/3931 3932/3932 3933/3933
f 3934/3934 3935/3935 3936/3936
f 3937/3937 3938/3938 3939/3939
f 3940/3940 3941/3941 3942/3942
f 3943/3943 3944/3944 3945/3945
f 3946/3946 3947/3947 3948/3948
f 3949/3949 3950/3950 3951/3951
f 3952/3952 3953/3953 3954/3954
f 3955/3955 3956/3956 3957/3957
f 3958/3958 3959/3959 3960/3960
f 3961/3961 3962/3962 3963/3963
f 3964/3964 3965/3965 3966/3966
f 3967/3967 3968/3968 3969/3969
f 3970/3970 3971/3971 3972/3972
f 3973/3973 3974/3974 3975/3975
f 3976/3976 3977/3977 3978/3978
f 3979/3979 3980/3980 3981/3981
f 3982/3982 3983/3983 3984/3984
f 3985/3985 3986/3986 3987/3987
f 3988/3988 3989/3989 3990/3990
f 3991/3991 3992/3992 3993/3993
f 3994/3994 3995/3995 3996/3996
f 3997/3997 3998/3998 3999/3999
f 4000/4000 4001/4001 4002/4002
f 4003/4003 4004/4004 4005/4005
f 4006/4006 4007/4007 4008/4008
f 4009/4009 4010/4010 4011/4011
f 4012/4012 4013/4013 4014/4014
f 4015/4015 4016/4016 4017/4017
f 4018/4018 4019/4019 4020/4020
f 4021/4021 4022/4022 4023/4023
f 4024/4024 4025/4025 4026/4026
f 4027/4027 4028/4028 4029/4029
f 4030/4030 4031/4031 4032/4032
f 4033/4033 4034/4034 4035/4035
f 4036/4036 4037/4037 4038/4038
f 4039/4039 4040/4040 4041/4041
f 4042/4042 4043/4043 4044/4044
f 4045/4045 4046/4046 4047/4047
f 4048/4048 4049/4049 4050/4050
f 4051/4051 4052/4052 4053/4053
f 4054/4054 4055/4055 4056/4056
f 4057/4057 4058/4058 4059/4059
f 4060/4060 4061/4061 4062/4062
f 4063/4063 4064/4064 4065/4065
f 4066/4066 4067/4067 4068/4068
f 4069/4069 4070/4070 4071/4071
f 4072/4072 4073/4073 4074/4074
f 4075/4075 4076/4076 4077/4077
f 4078/4078 4079/4079 4080/4080
f 4081/4081 4082/4082 4083/4083
f 4084/4084 4085/4085 4086/4086
f 4087/4087 4088/4088 4089/4089
f 4090/4090 4091/4091 4092/4092
f 4093/4093 4094/4094 4095/4095
f 4096/4096 4097/4097 4098/4098
f 4099/4099 4100/4100 4101/4101
f 4102/4102 4103/4103 4104/4104
f 4105/4105 4106/4106 4107/4107
f 4108/4108 4109/4109 4110/4110
f 4111/4111 4112/4112 4113/4113
f 4114/4114 4115/4115 4116/4116
f 4117/4117 4118/4118 4119/4119
f 4120/4120 4121/4121 4122/4122
f 4123/4123 4124/4124 4125/4125
f 4126/4126 4127/4127 4128/4128
f 4129/4129 4130/4130 4131/4131
f 4132/4132 4133/4133 4134/4134
f 4135/4135 4136/4136 4137/4137
f 4138/4138 4139/4139 4140/4140
f 4141/4141 4142/4142 4143/4143
f 4144/4144 4145/4145 4146/4146
f 4147/4147 4148/4148 4149/4149
f 4150/4150 4151/4151 4152/4152
f 4153/4153 4154/4154 4155/4155
f 4156/4156 4157/4157 4158/4158
f 4159/4159 4160/4160 4161/4161
f 4162/4162 4163/4163 4164/4164
f 4165/4165 4166/4166 4167/4167
f 4168/4168 4169/4169 4170/4170
f 4171/4171 4172/4172 4173/4173
f 4174/4174 4175/4175 4176/4176
f 4177/4177 4178/4178 4179/4179
f 4180/4180 4181/4181 4182/4182
f 4183/4183 4184/4184 4185/4185
f 4186/4186 4187/4187 4188/4188
f 4189/4189 4190/4190 4191/4191
f 4192/4192 4193/4193 4194/4194
f 4195/4195 4196/4196 4197/4197
f 4198/4198 4199/4199 4200/4200
f 4201/4201 4202/4202 4203/4203
f 4204/4204 4205/4205 4206/4206
f 4207/4207 4208/4208 4209/4209
f 4210/4210 4211/4211 4212/4212
f 4213/4213 4214/4214 4215/4215
f 4216/4216 4217/4217 4218/4218
f 4219/4219 4220/4220 4221/4221
f 4222/4222 4223/4223 4224/4224
f 4225/4225 4226/4226 4227/4227
f 4228/4228 4229/4229 4230/4230
f 4231/4231 4232/4232 4233/4233
f 4234/4234 4235/4235 4236/4236
f 4237/4237 4238/4238 4239/4239
f 4240/4240 4241/4241 4242/4242
f 4243/4243 4244/4244 4245/4245
f 4246/4246 4247/4247 4248/4248
f 4249/4249 4250/4250 4251/4251
f 4252/4252 4253/4253 4254/4254
f 4255/4255 4256/4256 4257/4257
f 4258/4258 4259/4259 4260/4260
f 4261/4261 4262/4262 4263/4263
f 4264/4264 4265/4265 4266/4266
f 4267/4267 4268/4268 4269/4269
f 4270/4270 4271/4271 4272/4272
f 4273/4273 4274/4274 4275/4275
f 4276/4276 4277/4277 4278/4278
f 4279/4279 4280/4280 4281/4281
f 4282/4282 4283/4283 4284/4284
f 4285/4285 4286/4286 4287/4287
f 4288/4288 4289/4289 4290/4290
f 4291/4291 4292/4292 4293/4293
f 4294/4294 4295/4295 4296/4296
f 4297/4297 4298/4298 4299/4299
f 4300/4300 4301/4301 4302/4302
f 4303/4303 4304/4304 4305/4305
f 4306/4306 4307/4307 4308/4308
f 4309/4309 4310/4310 4311/4311
f 4312/4312 4313/4313 4314/4314
f 4315/4315 4316/4316 4317/4317
f 4318/4318 4319/4319 4320/4320
f 4321/4321 4322/4322 4323/4323
f 4324/4324 4325/4325 4326/4326
f 4327/4327 4328/4328 4329/4329
f 4330/4330 4331/4331 4332/4332
f 4333/4333 4334/4334 4335/4335
f 4336/4336 4337/4337 4338/4338
f 4339/4339 4340/4340 4341/4341
f 4342/4342 4343/4343 4344/4344
f 4345/4345 4346/4346 4347/4347
f 4348/4348 4349/4349 4350/4350
f 4351/4351 4352/4352 4353/4353
f 4354/4354 4355/4355 4356/4356
f 4357/4357 4358/4358 4359/4359
f 4360/4360 4361/4361 4362/4362
f 4363/4363 4364/4364 4365/4365
f 4366/4366 4367/4367 4368/4368
f 4369/4369 4370/4370 4371/4371
f 4372/4372 4373/4373 4374/4374
f 4375/4375 4376/4376 4377/4377
f 4378/4378 4379/4379 4380/4380
f 4381/4381 4382/4382 4383/4383
f 4384/4384 4385/4385 4386/4386
f 4387/4387 4388/4388 4389/4389
f 4390/4390 4391/4391 4392/4392
f 4393/4393 4394/4394 4395/4395
f 4396/4396 4397/4397 4398/4398
f 4399/4399 4400/4400 4401/4401
f 4402/4402 4403/4403 4404/4404
f 4405/4405 4406/4406 4407/4407
f 4408/4408 4409/4409 4410/4410
f 4411/4411 4412/4412 4413/4413
f 4414/4414 4415/4415 4416/4416
f 4417/4417 4418/4418 4419/4419
f 4420/4420 4421/4421 4422/4422
f 4423/4423 4424/4424 4425/4425
f 4426/4426 4427/4427 4428/4428
f 4429/4429 4430/4430 4431/4431
f 4432/4432 4433/4433 4434/4434
f 4435/4435 4436/4436 4437/4437
f 4438/4438 4439/4439 4440/4440
f 4441/4441 4442/4442 4443/4443
f 4444/4444 4445/4445 4446/4446
f 4447/4447 4448/4448 4449/4449
f 4450/4450 4451/4451 4452/4452
f 4453/4453 4454/4454 4455/4455
f 4456/4456 4457/4457 4458/4458
f 4459/4459 4460/4460 4461/4461
f 4462/4462 4463/4463 4464/4464
f 4465/4465 4466/4466 4467/4467
f 4468/4468 4469/4469 4470/4470
f 4471/4471 4472/4472 4473/4473
f 4474/4474 4475/4475 4476/4476
f 4477/4477 4478/4478 4479/4479
f 4480/4480 4481/4481 4482/4482
f 4483/4483 4484/4484 4485/4485
f 4486/4486 4487/4487 4488/4488
f 4489/4489 4490/4490 4491/4491
f 4492/4492 4493/4493 4494/4494
f 4495/4495 4496/4496 4497/4497
f 4498/4498 4499/4499 4500/4500
f 4501/4501 4502/4502 4503/4503
f 4504/4504 4505/4505 4506/4506
f 4507/4507 4508/4508 4509/4509
f 4510/4510 4511/4511 4512/4512
f 4513/4513 4514/4514 4515/4515
f 4516/4516 4517/4517 4518/4518
f 4519/4519 4520/4520 4521/4521
f 4522/4522 4523/4523 4524/4524
f 4525/4525 4526/4526 4527/4527
f 4528/4528 4529/4529 4530/4530
f 4531/4531 4532/4532 4533/4533
f 4534/4534 4535/4535 4536/4536
f 4537/4537 4538/4538 4539/4539
f 4540/4540 4541/4541 4542/4542
f 4543/4543 4544/4544 4545/4545
f 4546/4546 4547/4547 4548/4548
f 4549/4549 4550/4550 4551/4551
f 4552/4552 4553/4553 4554/4554
f 4555/4555 4556/4556 4557/4557
f 4558/4558 4559/4559 4560/4560
f 4561/4561 4562/4562 4563/4563
f 4564/4564 4565/4565 4566/4566
f 4567/4567 4568/4568 4569/4569
f 4570/4570 4571/4571 4572/4572
f 4573/4573 4574/4574 4575/4575
f 4576/4576 4577/4577 4578/4578
f 4579/4579 4580/4580 4581/4581
f 4582/4582 4583/4583 4584/4584
f 4585/4585 4586/4586 4587/4587
f 4588/4588 4589/4589 4590/4590
f 4591/4591 4592/4592 4593/4593
f 4594/4594 4595/4595 4596/4596
f 4597/4597 4598/4598 4599/4599
f 4600/4600 4601/4601 4602/4602
f 4603/4603 4604/4604 4605/4605
f 4606/4606 4607/4607 4608/4608
f 4609/4609 4610/4610 4611/4611
f 4612/4612 4613/4613 4614/4614
f 4615/4615 4616/4616 4617/4617
f 4618/4618 4619/4619 4620/4620
f 4621/4621 4622/4622 4623/4623
f 4624/4624 4625/4625 4626/4626
f 4627/4627 4628/4628 4629/4629
f 4630/4630 4631/4631 4632/4632
f 4633/4633 4634/4634 4635/4635
f 4636/4636 4637/4637 4638/4638
f 4639/4639 4640/4640 4641/4641
f 4642/4642 4643/4643 4644/4644
f 4645/4645 4646/4646 4647/4647
f 4648/4648 4649/4649 4650/4650
f 4651/4651 4652/4652 4653/4653
f 4654/4654 4655/4655 4656/4656
f 4657/4657 4658/4658 4659/4659
f 4660/4660 4661/4661 4662/4662
f 4663/4663 4664/4664 4665/4665
f 4666/4666 4667/4667 4668/4668
f 4669/4669 4670/4670 4671/4671
f 4672/4672 4673/4673 4674/4674
f 4675/4675 4676/4676 4677/4677
f 4678/4678 4679/4679 4680/4680
f 4681/4681 4682/4682 4683/4683
f 4684/4684 4685/4685 4686/4686
f 4687/4687 4688/4688 4689/4689
f 4690/4690 4691/4691 4692/4692
f 4693/4693 4694/4694 4695/4695
f 4696/4696 4697/4697 4698/4698
f 4699/4699 4700/4700 4701/4701
f 4702/4702 4703/4703 4704/4704
f 4705/4705 4706/4706 4707/4707
f 4708/4708 4709/4709 4710/4710
f 4711/4711 4712/4712 4713/4713
f 4714/4714 4715/4715 4716/4716
f 4717/4717 4718/4718 4719/4719
f 4720/4720 4721/4721 4722/4722
f 4723/4723 4724/4724 4725/4725
f 4726/4726 4727/4727 4728/4728
f 4729/4729 4730/4730 4731/4731
f 4732/4732 4733/4733 4734/4734
f 4735/4735 4736/4736 4737/4737
f 4738/4738 4739/4739 4740/4740
f 4741/4741 4742/4742 4743/4743
f 4744/4744 4745/4745 4746/4746
f 4747/4747 4748/4748 4749/4749
f 4750/4750 4751/4751 4752/4752
f 4753/4753 4754/4754 4755/4755
f 4756/4756 4757/4757 4758/4758
f 4759/4759 4760/4760 4761/4761
f 4762/4762 4763/4763 4764/4764
f 4765/4765 4766/4766 4767/4767
f 4768/4768 4769/4769 4770/4770
f 4771/4771 4772/4772 4773/4773
f 4774/4774 4775/4775 4776/4776
f 4777/4777 4778/4778 4779/4779
f 4780/4780 4781/4781 4782/4782
f 4783/4783 4784/4784 4785/4785
f 4786/4786 4787/4787 4788/4788
f 4789/4789 4790/4790 4791/4791
f 4792/4792 4793/4793 4794/4794
f 4795/4795 4796/4796 4797/4797
f 4798/4798 4799/4799 4800/4800
f 4801/4801 4802/4802 4803/4803
f 4804/4804 4805/4805 4806/4806
f 4807/4807 4808/4808 4809/4809
f 4810/4810 4811/4811 4812/4812
f 4813/4813 4814/4814 4815/4815
f 4816/4816 4817/4817 4818/4818
f 4819/4819 4820/4820 4821/4821
f 4822/4822 4823/4823 4824/4824
f 4825/4825 4826/4826 4827/4827
f 4828/4828 4829/4829 4830/4830
f 4831/4831 4832/4832 4833/4833
f 4834/4834 4835/4835 4836/4836
f 4837/4837 4838/4838 4839/4839
f 4840/4840 4841/4841 4842/4842
f 4843/4843 4844/4844 4845/4845
f 4846/4846 4847/4847 4848/4848
f 4849/4849 4850/4850 4851/4851
f 4852/4852 4853/4853 4854/4854
f 4855/4855 4856/4856 4857/4857
f 4858/4858 4859/4859 4860/4860
f 4861/4861 4862/4862 4863/4863
f 4864/4864 4865/4865 4866/4866
f 4867/4867 4868/4868 4869/4869
f 4870/4870 4871/4871 4872/4872
f 4873/4873 4874/4874 4875/4875
f 4876/4876 4877/4877 4878/4878
f 4879/4879 4880/4880 4881/4881
f 4882/4882 4883/4883 4884/4884
f 4885/4885 4886/4886 4887/4887
f 4888/4888 4889/4889 4890/4890
f 4891/4891 4892/4892 4893/4893
f 4894/4894 4895/4895 4896/4896
f 4897/4897 4898/4898 4899/4899
f 4900/4900 4901/4901 4902/4902
f 4903/4903 4904/4904 4905/4905
f 4906/4906 4907/4907 4908/4908
f 4909/4909 4910/4910 4911/4911
f 4912/4912 4913/4913 4914/4914
f 4915/4915 4916/4916 4917/4917
f 4918/4918 4919/4919 4920/4920
f 4921/4921 4922/4922 4923/4923
f 4924/4924 4925/4925 4926/4926
f 4927/4927 4928/4928 4929/4929
f 4930/4930 4931/4931 4932/4932
f 4933/4933 4934/4934 4935/4935
f 4936/4936 4937/4937 4938/4938
f 4939/4939 4940/4940 4941/4941
f 4942/4942 4943/4943 4944/4944
f 4945/4945 4946/4946 4947/4947
f 4948/4948 4949/4949 4950/4950
f 4951/4951 4952/4952 4953/4953
f 4954/4954 4955/4955 4956/4956
f 4957/4957 4958/4958 4959/4959
f 4960/4960 4961/4961 4962/4962
f 4963/4963 4964/4964 4965/4965
f 4966/4966 4967/4967 4968/4968
f 4969/4969 4970/4970 4971/4971
f 4972/4972 4973/4973 4974/4974
f 4975/4975 4976/4976 4977/4977
f 4978/4978 4979/4979 4980/4980
f 4981/4981 4982/4982 4983/4983
f 4984/4984 4985/4985 4986/4986
f 4987/4987 4988/4988 4989/4989
f 4990/4990 4991/4991 4992/4992
f 4993/4993 4994/4994 4995/4995
f 4996/4996 4997/4997 4998/4998
f 4999/4999 5000/5000 5001/5001
f 5002/5002 5003/5003 5004/5004
f 5005/5005 5006/5006 5007/5007
f 5008/5008 5009/5009 5010/5010
f 5011/5011 5012/5012 5013/5013
f 5014/5014 5015/5015 5016/5016
f 5017/5017 5018/5018 5019/5019
f 5020/5020 5021/5021 5022/5022
f 5023/5023 5024/5024 5025/5025
f 5026/5026 5027/5027 5028/5028
f 5029/5029 5030/5030 5031/5031
f 5032/5032 5033/5033 5034/5034
f 5035/5035 5036/5036 5037/5037
f 5038/5038 5039/5039 5040/5040
f 5041/5041 5042/5042 5043/5043
f 5044/5044 5045/5045 5046/5046
f 5047/5047 5048/5048 5049/5049
f 5050/5050 5051/5051 5052/5052
f 5053/5053 5054/5054 5055/5055
f 5056/5056 5057/5057 5058/5058
f 5059/5059 5060/5060 5061/5061
f 5062/5062 5063/5063 5064/5064
f 5065/5065 5066/5066 5067/5067
f 5068/5068 5069/5069 5070/5070
f 5071/5071 5072/5072 5073/5073
f 5074/5074 5075/5075 5076/5076
f 5077/5077 5078/5078 5079/5079
f 5080/5080 5081/5081 5082/5082
f 5083/5083 5084/5084 5085/5085
f 5086/5086 5087/5087 5088/5088
f 5089/5089 5090/5090 5091/5091
f 5092/5092 5093/5093 5094/5094
f 5095/5095 5096/5096 5097/5097
f 5098/5098 5099/5099 5100/5100
f 5101/5101 5102/5102 5103/5103
f 5104/5104 5105/5105 5106/5106
f 5107/5107 5108/5108 5109/5109
f 5110/5110 5111/5111 5112/5112
f 5113/5113 5114/5114 5115/5115
f 5116/5116 5117/5117 5118/5118
f 5119/5119 5120/5120 5121/5121
f 5122/5122 5123/5123 5124/5124
f 5125/5125 5126/5126 5127/5127
f 5128/5128 5129/5129 5130/5130
f 5131/5131 5132/5132 5133/5133
f 5134/5134 5135/5135 5136/5136
f 5137/5137 5138/5138 5139/5139
f 5140/5140 5141/5141 5142/5142
f 5143/5143 5144/5144 5145/5145
f 5146/5146 5147/5147 5148/5148
f 5149/5149 5150/5150 5151/5151
f 5152/5152 5153/5153 5154/5154
f 5155/5155 5156/5156 5157/5157
f 5158/5158 5159/5159 5160/5160
f 5161/5161 5162/5162 5163/5163
f 5164/5164 5165/5165 5166/5166
f 5167/5167 5168/5168 5169/5169
f 5170/5170 5171/5171 5172/5172
f 5173/5173 5174/5174 5175/5175
f 5176/5176 5177/5177 5178/5178
f 5179/5179 5180/5180 5181/5181
f 5182/5182 5183/5183 5184/5184
f 5185/5185 5186/5186 5187/5187
f 5188/5188 5189/5189 5190/5190
f 5191/5191 5192/5192 5193/5193
f 5194/5194 5195/5195 5196/5196
f 5197/5197 5198/5198 5199/5199
f 5200/5200 5201/5201 5202/5202
f 5203/5203 5204/5204 5205/5205
f 5206/5206 5207/5207 5208/5208
f 5209/5209 5210/5210 5211/5211
f 5212/5212 5213/5213 5214/5214
f 5215/5215 5216/5216 5217/5217
f 5218/5218 5219/5219 5220/5220
f 5221/5221 5222/5222 5223/5223
f 5224/5224 5225/5225 5226/5226
f 5227/5227 5228/5228 5229/5229
f 5230/5230 5231/5231 5232/5232
f 5233/5233 5234/5234 5235/5235
f 5236/5236 5237/5237 5238/5238
f 5239/5239 5240/5240 5241/5241
f 5242/5242 5243/5243 5244/5244
f 5245/5245 5246/5246 5247/5247
f 5248/5248 5249/5249 5250/5250
f 5251/5251 5252/5252 5253/5253
f 5254/5254 5255/5255 5256/5256
f 5257/5257 5258/5258 5259/5259
f 5260/5260 5261/5261 5262/5262
f 5263/5263 5264/5264 5265/5265
f 5266/5266 5267/5267 5268/5268
f 5269/5269 5270/5270 5271/5271
f 5272/5272 5273/5273 5274/5274
f 5275/5275 5276/5276 5277/5277
f 5278/5278 5279/5279 5280/5280
f 5281/5281 5282/5282 5283/5283
f 5284/5284 5285/5285 5286/5286
f 5287/5287 5288/5288 5289/5289
f 5290/5290 5291/5291 5292/5292
f 5293/5293 5294/5294 5295/5295
f 5296/5296 5297/5297 5298/5298
f 5299/5299 5300/5300 5301/5301
f 5302/5302 5303/5303 5304/5304
f 5305/5305 5306/5306 5307/5307
f 5308/5308 5309/5309 5310/5310
f 5311/5311 5312/5312 5313/5313
f 5314/5314 5315/5315 5316/5316
f 5317/5317 5318/5318 5319/5319
f 5320/5320 5321/5321 5322/5322
f 5323/5323 5324/5324 5325/5325
f 5326/5326 5327/5327 5328/5328
f 5329/5329 5330/5330 5331/5331
f 5332/5332 5333/5333 5334/5334
f 5335/5335 5336/5336 5337/5337
f 5338/5338 5339/5339 5340/5340
f 5341/5341 5342/5342 5343/5343
f 5344/5344 5345/5345 5346/5346
f 5347/5347 5348/5348 5349/5349
f 5350/5350 5351/5351 5352/5352
f 5353/5353 5354/5354 5355/5355
f 5356/5356 5357/5357 5358/5358
f 5359/5359 5360/5360 5361/5361
f 5362/5362 5363/5363 5364/5364
f 5365/5365 5366/5366 5367/5367
f 5368/5368 5369/5369 5370/5370
f 5371/5371 5372/5372 5373/5373
f 5374/5374 5375/5375 5376/5376
f 5377/5377 5378/5378 5379/5379
f 5380/5380 5381/5381 5382/5382
f 5383/5383 5384/5384 5385/5385
f 5386/5386 5387/5387 5388/5388
f 5389/5389 5390/5390 5391/5391
f 5392/5392 5393/5393 5394/5394
f 5395/5395 5396/5396 5397/5397
f 5398/5398 5399/5399 5400/5400
f 5401/5401 5402/5402 5403/5403
f 5404/5404 5405/5405 5406/5406
f 5407/5407 5408/5408 5409/5409
f 5410/5410 5411/5411 5412/5412
f 5413/5413 5414/5414 5415/5415
f 5416/5416 5417/5417 5418/5418
f 5419/5419 5420/5420 5421/5421
f 5422/5422 5423/5423 5424/5424
f 5425/5425 5426/5426 5427/5427
f 5428/5428 5429/5429 5430/5430
f 5431/5431 5432/5432 5433/5433
f 5434/5434 5435/5435 5436/5436
f 5437/5437 5438/5438 5439/5439
f 5440/5440 5441/5441 5442/5442
f 5443/5443 5444/5444 5445/5445
f 5446/5446 5447/5447 5448/5448
f 5449/5449 5450/5450 5451/5451
f 5452/5452 5453/5453 5454/5454
f 5455/5455 5456/5456 5457/5457
f 5458/5458 5459/5459 5460/5460
f 5461/5461 5462/5462 5463/5463
f 5464/5464 5465/5465 5466/5466
f 5467/5467 5468/5468 5469/5469
f 5470/5470 5471/5471 5472/5472
f 5473/5473 5474/5474 5475/5475
f 5476/5476 5477/5477 5478/5478
f 5479/5479 5480/5480 5481/5481
f 5482/5482 5483/5483 5484/5484
f 5485/5485 5486/5486 5487/5487
f 5488/5488 5489/5489 5490/5490
f 5491/5491 5492/5492 5493/5493
f 5494/5494 5495/5495 5496/5496
f 5497/5497 5498/5498 5499/5499
f 5500/5500 5501/5501 5502/5502
f 5503/5503 5504/5504 5505/5505
f 5506/5506 5507/5507 5508/5508
f 5509/5509 5510/5510 5511/5511
f 5512/5512 5513/5513 5514/5514
f 5515/5515 5516/5516 5517/5517
f 5518/5518 5519/5519 5520/5520
f 5521/5521 5522/5522 5523/5523
f 5524/5524 5525/5525 5526/5526
f 5527/5527 5528/5528 5529/5529
f 5530/5530 5531/5531 5532/5532
f 5533/5533 5534/5534 5535/5535
f 5536/5536 5537/5537 5538/5538
f 5539/5539 5540/5540 5541/5541
f 5542/5542 5543/5543 5544/5544
f 5545/5545 5546/5546 5547/5547
f 5548/5548 5549/5549 5550/5550
f 5551/5551 5552/5552 5553/5553
f 5554/5554 5555/5555 5556/5556
f 5557/5557 5558/5558 5559/5559
f 5560/5560 5561/5561 5562/5562
f 5563/5563 5564/5564 5565/5565
f 5566/5566 5567/5567 5568/5568
f 5569/5569 5570/5570 5571/5571
f 5572/5572 5573/5573 5574/5574
f 5575/5575 5576/5576 5577/5577
f 5578/5578 5579/5579 5580/5580
f 5581/5581 5582/5582 5583/5583
f 5584/5584 5585/5585 5586/5586
f 5587/5587 5588/5588 5589/5589
f 5590/5590 5591/5591 5592/5592
f 5593/5593 5594/5594 5595/5595
f 5596/5596 5597/5597 5598/5598
f 5599/5599 5600/5600 5601/5601
f 5602/5602 5603/5603 5604/5604
f 5605/5605 5606/5606 5607/5607
f 5608/5608 5609/5609 5610/5610
f 5611/5611 5612/5612 5613/5613
f 5614/5614 5615/5615 5616/5616
f 5617/5617 5618/5618 5619/5619
f 5620/5620 5621/5621 5622/5622
f 5623/5623 5624/5624 5625/5625
f 5626/5626 5627/5627 5628/5628
