# Generated by TyraX. Do not edit - rebaked from the procedural graph of 'pines'.
# 91 instances of res/models/pine.obj
mtllib props.mtl
v 9.3923 12.5296 50.0152
v 9.2605 12.5329 49.8228
v 9.2785 13.8990 49.8334
v 9.3923 12.5296 50.0152
v 9.2785 13.8990 49.8334
v 9.4102 13.8958 50.0258
v 9.2605 12.5329 49.8228
v 9.4529 12.5314 49.6910
v 9.4709 13.8975 49.7017
v 9.2605 12.5329 49.8228
v 9.4709 13.8975 49.7017
v 9.2785 13.8990 49.8334
v 9.4529 12.5314 49.6910
v 9.5847 12.5281 49.8834
v 9.6026 13.8943 49.8941
v 9.4529 12.5314 49.6910
v 9.6026 13.8943 49.8941
v 9.4709 13.8975 49.7017
v 9.5847 12.5281 49.8834
v 9.3923 12.5296 50.0152
v 9.4102 13.8958 50.0258
v 9.5847 12.5281 49.8834
v 9.4102 13.8958 50.0258
v 9.6026 13.8943 49.8941
v 22.4646 16.3610 -4.8412
v 22.1704 16.3549 -4.8110
v 22.1436 18.0858 -4.7214
v 22.4646 16.3610 -4.8412
v 22.1436 18.0858 -4.7214
v 22.4378 18.0919 -4.7516
v 22.1704 16.3549 -4.8110
v 22.1399 16.3696 -5.1049
v 22.1131 18.1005 -5.0154
v 22.1704 16.3549 -4.8110
v 22.1131 18.1005 -5.0154
v 22.1436 18.0858 -4.7214
v 22.1399 16.3696 -5.1049
v 22.4342 16.3757 -5.1351
v 22.4074 18.1067 -5.0455
v 22.1399 16.3696 -5.1049
v 22.4074 18.1067 -5.0455
v 22.1131 18.1005 -5.0154
v 22.4342 16.3757 -5.1351
v 22.4646 16.3610 -4.8412
v 22.4378 18.0919 -4.7516
v 22.4342 16.3757 -5.1351
v 22.4378 18.0919 -4.7516
v 22.4074 18.1067 -5.0455
v -36.3011 12.4918 -1.0551
v -36.4368 12.4969 -0.8996
v -36.4109 13.7061 -0.9167
v -36.3011 12.4918 -1.0551
v -36.4109 13.7061 -0.9167
v -36.2753 13.7010 -1.0722
v -36.4368 12.4969 -0.8996
v -36.5923 12.4983 -1.0353
v -36.5665 13.7075 -1.0524
v -36.4368 12.4969 -0.8996
v -36.5665 13.7075 -1.0524
v -36.4109 13.7061 -0.9167
v -36.5923 12.4983 -1.0353
v -36.4566 12.4933 -1.1909
v -36.4308 13.7024 -1.2079
v -36.5923 12.4983 -1.0353
v -36.4308 13.7024 -1.2079
v -36.5665 13.7075 -1.0524
v -36.4566 12.4933 -1.1909
v -36.3011 12.4918 -1.0551
v -36.2753 13.7010 -1.0722
v -36.4566 12.4933 -1.1909
v -36.2753 13.7010 -1.0722
v -36.4308 13.7024 -1.2079
v -26.2517 12.9371 5.8613
v -26.0202 12.9460 6.0069
v -26.0314 14.5466 5.9266
v -26.2517 12.9371 5.8613
v -26.0314 14.5466 5.9266
v -26.2628 14.5376 5.7810
v -26.0202 12.9460 6.0069
v -26.1661 12.9566 6.2381
v -26.1772 14.5571 6.1578
v -26.0202 12.9460 6.0069
v -26.1772 14.5571 6.1578
v -26.0314 14.5466 5.9266
v -26.1661 12.9566 6.2381
v -26.3975 12.9477 6.0925
v -26.4086 14.5482 6.0122
v -26.1661 12.9566 6.2381
v -26.4086 14.5482 6.0122
v -26.1772 14.5571 6.1578
v -26.3975 12.9477 6.0925
v -26.2517 12.9371 5.8613
v -26.2628 14.5376 5.7810
v -26.3975 12.9477 6.0925
v -26.2628 14.5376 5.7810
v -26.4086 14.5482 6.0122
v -32.8507 13.4415 -12.0114
v -32.9440 13.4455 -11.7988
v -32.8728 14.8040 -11.7927
v -32.8507 13.4415 -12.0114
v -32.8728 14.8040 -11.7927
v -32.7795 14.8001 -12.0053
v -32.9440 13.4455 -11.7988
v -33.1563 13.4570 -11.8921
v -33.0851 14.8156 -11.8860
v -32.9440 13.4455 -11.7988
v -33.0851 14.8156 -11.8860
v -32.8728 14.8040 -11.7927
v -33.1563 13.4570 -11.8921
v -33.0630 13.4531 -12.1047
v -32.9919 14.8116 -12.0987
v -33.1563 13.4570 -11.8921
v -32.9919 14.8116 -12.0987
v -33.0851 14.8156 -11.8860
v -33.0630 13.4531 -12.1047
v -32.8507 13.4415 -12.0114
v -32.7795 14.8001 -12.0053
v -33.0630 13.4531 -12.1047
v -32.7795 14.8001 -12.0053
v -32.9919 14.8116 -12.0987
v 4.0386 12.7412 47.6144
v 4.2957 12.7316 47.4841
v 4.4229 14.4120 47.6106
v 4.0386 12.7412 47.6144
v 4.4229 14.4120 47.6106
v 4.1658 14.4216 47.7410
v 4.2957 12.7316 47.4841
v 4.4246 12.7025 47.7405
v 4.5518 14.3829 47.8670
v 4.2957 12.7316 47.4841
v 4.5518 14.3829 47.8670
v 4.4229 14.4120 47.6106
v 4.4246 12.7025 47.7405
v 4.1675 12.7122 47.8708
v 4.2947 14.3925 47.9974
v 4.4246 12.7025 47.7405
v 4.2947 14.3925 47.9974
v 4.5518 14.3829 47.8670
v 4.1675 12.7122 47.8708
v 4.0386 12.7412 47.6144
v 4.1658 14.4216 47.7410
v 4.1675 12.7122 47.8708
v 4.1658 14.4216 47.7410
v 4.2947 14.3925 47.9974
v -35.9026 12.2442 9.4124
v -36.1281 12.2402 9.5302
v -36.1647 13.7306 9.5107
v -35.9026 12.2442 9.4124
v -36.1647 13.7306 9.5107
v -35.9391 13.7346 9.3929
v -36.1281 12.2402 9.5302
v -36.2458 12.2344 9.3047
v -36.2824 13.7247 9.2851
v -36.1281 12.2402 9.5302
v -36.2824 13.7247 9.2851
v -36.1647 13.7306 9.5107
v -36.2458 12.2344 9.3047
v -36.0203 12.2384 9.1869
v -36.0568 13.7287 9.1673
v -36.2458 12.2344 9.3047
v -36.0568 13.7287 9.1673
v -36.2824 13.7247 9.2851
v -36.0203 12.2384 9.1869
v -35.9026 12.2442 9.4124
v -35.9391 13.7346 9.3929
v -36.0203 12.2384 9.1869
v -35.9391 13.7346 9.3929
v -36.0568 13.7287 9.1673
v -15.3072 14.8357 -12.3166
v -15.5123 14.8294 -12.4732
v -15.6649 16.3273 -12.3336
v -15.3072 14.8357 -12.3166
v -15.6649 16.3273 -12.3336
v -15.4599 16.3336 -12.1769
v -15.5123 14.8294 -12.4732
v -15.3577 14.8641 -12.6769
v -15.5104 16.3620 -12.5373
v -15.5123 14.8294 -12.4732
v -15.5104 16.3620 -12.5373
v -15.6649 16.3273 -12.3336
v -15.3577 14.8641 -12.6769
v -15.1527 14.8704 -12.5203
v -15.3053 16.3683 -12.3807
v -15.3577 14.8641 -12.6769
v -15.3053 16.3683 -12.3807
v -15.5104 16.3620 -12.5373
v -15.1527 14.8704 -12.5203
v -15.3072 14.8357 -12.3166
v -15.4599 16.3336 -12.1769
v -15.1527 14.8704 -12.5203
v -15.4599 16.3336 -12.1769
v -15.3053 16.3683 -12.3807
v 10.2960 12.5139 42.4300
v 10.3282 12.5152 42.1103
v 10.3078 14.3976 42.1156
v 10.2960 12.5139 42.4300
v 10.3078 14.3976 42.1156
v 10.2756 14.3963 42.4353
v 10.3282 12.5152 42.1103
v 10.6479 12.5186 42.1425
v 10.6275 14.4009 42.1479
v 10.3282 12.5152 42.1103
v 10.6275 14.4009 42.1479
v 10.3078 14.3976 42.1156
v 10.6479 12.5186 42.1425
v 10.6157 12.5173 42.4622
v 10.5953 14.3997 42.4676
v 10.6479 12.5186 42.1425
v 10.5953 14.3997 42.4676
v 10.6275 14.4009 42.1479
v 10.6157 12.5173 42.4622
v 10.2960 12.5139 42.4300
v 10.2756 14.3963 42.4353
v 10.6157 12.5173 42.4622
v 10.2756 14.3963 42.4353
v 10.5953 14.3997 42.4676
v -38.4406 14.9619 -33.7428
v -38.5528 14.9588 -33.9231
v -38.5542 16.2033 -33.9439
v -38.4406 14.9619 -33.7428
v -38.5542 16.2033 -33.9439
v -38.4419 16.2064 -33.7635
v -38.5528 14.9588 -33.9231
v -38.3724 14.9571 -34.0354
v -38.3738 16.2016 -34.0561
v -38.5528 14.9588 -33.9231
v -38.3738 16.2016 -34.0561
v -38.5542 16.2033 -33.9439
v -38.3724 14.9571 -34.0354
v -38.2602 14.9603 -33.8550
v -38.2616 16.2048 -33.8758
v -38.3724 14.9571 -34.0354
v -38.2616 16.2048 -33.8758
v -38.3738 16.2016 -34.0561
v -38.2602 14.9603 -33.8550
v -38.4406 14.9619 -33.7428
v -38.4419 16.2064 -33.7635
v -38.2602 14.9603 -33.8550
v -38.4419 16.2064 -33.7635
v -38.2616 16.2048 -33.8758
v 34.1177 19.6150 -46.3929
v 33.9294 19.6184 -46.2924
v 33.9289 20.8681 -46.3361
v 34.1177 19.6150 -46.3929
v 33.9289 20.8681 -46.3361
v 34.1172 20.8647 -46.4366
v 33.9294 19.6184 -46.2924
v 33.8288 19.6118 -46.4805
v 33.8284 20.8615 -46.5243
v 33.9294 19.6184 -46.2924
v 33.8284 20.8615 -46.5243
v 33.9289 20.8681 -46.3361
v 33.8288 19.6118 -46.4805
v 34.0171 19.6084 -46.5810
v 34.0166 20.8581 -46.6248
v 33.8288 19.6118 -46.4805
v 34.0166 20.8581 -46.6248
v 33.8284 20.8615 -46.5243
v 34.0171 19.6084 -46.5810
v 34.1177 19.6150 -46.3929
v 34.1172 20.8647 -46.4366
v 34.0171 19.6084 -46.5810
v 34.1172 20.8647 -46.4366
v 34.0166 20.8581 -46.6248
v -0.0311 14.9254 -2.0795
v -0.3688 14.9102 -2.1390
v -0.4388 16.9168 -2.2539
v -0.0311 14.9254 -2.0795
v -0.4388 16.9168 -2.2539
v -0.1010 16.9320 -2.1944
v -0.3688 14.9102 -2.1390
v -0.3086 14.8930 -2.4765
v -0.3786 16.8996 -2.5914
v -0.3688 14.9102 -2.1390
v -0.3786 16.8996 -2.5914
v -0.4388 16.9168 -2.2539
v -0.3086 14.8930 -2.4765
v 0.0292 14.9081 -2.4170
v -0.0408 16.9148 -2.5320
v -0.3086 14.8930 -2.4765
v -0.0408 16.9148 -2.5320
v -0.3786 16.8996 -2.5914
v 0.0292 14.9081 -2.4170
v -0.0311 14.9254 -2.0795
v -0.1010 16.9320 -2.1944
v 0.0292 14.9081 -2.4170
v -0.1010 16.9320 -2.1944
v -0.0408 16.9148 -2.5320
v 33.0952 14.2826 24.2928
v 33.2455 14.2841 24.2378
v 33.2343 15.2213 24.2318
v 33.0952 14.2826 24.2928
v 33.2343 15.2213 24.2318
v 33.0840 15.2199 24.2868
v 33.2455 14.2841 24.2378
v 33.3004 14.2857 24.3881
v 33.2892 15.2229 24.3821
v 33.2455 14.2841 24.2378
v 33.2892 15.2229 24.3821
v 33.2343 15.2213 24.2318
v 33.3004 14.2857 24.3881
v 33.1502 14.2843 24.4430
v 33.1390 15.2215 24.4370
v 33.3004 14.2857 24.3881
v 33.1390 15.2215 24.4370
v 33.2892 15.2229 24.3821
v 33.1502 14.2843 24.4430
v 33.0952 14.2826 24.2928
v 33.0840 15.2199 24.2868
v 33.1502 14.2843 24.4430
v 33.0840 15.2199 24.2868
v 33.1390 15.2215 24.4370
v -20.3477 13.0789 11.5677
v -20.4378 13.0718 11.4307
v -20.5620 14.0249 11.4630
v -20.3477 13.0789 11.5677
v -20.5620 14.0249 11.4630
v -20.4718 14.0320 11.6000
v -20.4378 13.0718 11.4307
v -20.3023 13.0925 11.3405
v -20.4264 14.0456 11.3727
v -20.4378 13.0718 11.4307
v -20.4264 14.0456 11.3727
v -20.5620 14.0249 11.4630
v -20.3023 13.0925 11.3405
v -20.2121 13.0996 11.4775
v -20.3363 14.0527 11.5098
v -20.3023 13.0925 11.3405
v -20.3363 14.0527 11.5098
v -20.4264 14.0456 11.3727
v -20.2121 13.0996 11.4775
v -20.3477 13.0789 11.5677
v -20.4718 14.0320 11.6000
v -20.2121 13.0996 11.4775
v -20.4718 14.0320 11.6000
v -20.3363 14.0527 11.5098
v -10.1076 12.6503 36.9192
v -9.9164 12.6354 36.8064
v -9.8371 13.9357 36.7687
v -10.1076 12.6503 36.9192
v -9.8371 13.9357 36.7687
v -10.0283 13.9507 36.8815
v -9.9164 12.6354 36.8064
v -9.8035 12.6341 36.9981
v -9.7242 13.9344 36.9604
v -9.9164 12.6354 36.8064
v -9.7242 13.9344 36.9604
v -9.8371 13.9357 36.7687
v -9.8035 12.6341 36.9981
v -9.9947 12.6490 37.1108
v -9.9154 13.9493 37.0731
v -9.8035 12.6341 36.9981
v -9.9154 13.9493 37.0731
v -9.7242 13.9344 36.9604
v -9.9947 12.6490 37.1108
v -10.1076 12.6503 36.9192
v -10.0283 13.9507 36.8815
v -9.9947 12.6490 37.1108
v -10.0283 13.9507 36.8815
v -9.9154 13.9493 37.0731
v 42.8610 19.7651 -37.1785
v 43.1517 19.7608 -37.1152
v 43.1365 21.4935 -36.9283
v 42.8610 19.7651 -37.1785
v 43.1365 21.4935 -36.9283
v 42.8459 21.4978 -36.9915
v 43.1517 19.7608 -37.1152
v 43.0883 19.7291 -36.8262
v 43.0731 21.4618 -36.6394
v 43.1517 19.7608 -37.1152
v 43.0731 21.4618 -36.6394
v 43.1365 21.4935 -36.9283
v 43.0883 19.7291 -36.8262
v 42.7977 19.7334 -36.8895
v 42.7825 21.4660 -36.7026
v 43.0883 19.7291 -36.8262
v 42.7825 21.4660 -36.7026
v 43.0731 21.4618 -36.6394
v 42.7977 19.7334 -36.8895
v 42.8610 19.7651 -37.1785
v 42.8459 21.4978 -36.9915
v 42.7977 19.7334 -36.8895
v 42.8459 21.4978 -36.9915
v 42.7825 21.4660 -36.7026
v 18.7934 13.9847 19.7030
v 18.6370 13.9802 19.8508
v 18.6476 15.2406 19.9009
v 18.7934 13.9847 19.7030
v 18.6476 15.2406 19.9009
v 18.8041 15.2451 19.7531
v 18.6370 13.9802 19.8508
v 18.4891 13.9877 19.6945
v 18.4998 15.2480 19.7446
v 18.6370 13.9802 19.8508
v 18.4998 15.2480 19.7446
v 18.6476 15.2406 19.9009
v 18.4891 13.9877 19.6945
v 18.6456 13.9922 19.5467
v 18.6562 15.2526 19.5968
v 18.4891 13.9877 19.6945
v 18.6562 15.2526 19.5968
v 18.4998 15.2480 19.7446
v 18.6456 13.9922 19.5467
v 18.7934 13.9847 19.7030
v 18.8041 15.2451 19.7531
v 18.6456 13.9922 19.5467
v 18.8041 15.2451 19.7531
v 18.6562 15.2526 19.5968
v 11.5719 17.0823 -23.8747
v 11.6013 17.0813 -24.0514
v 11.6238 18.1307 -24.0535
v 11.5719 17.0823 -23.8747
v 11.6238 18.1307 -24.0535
v 11.5944 18.1317 -23.8768
v 11.6013 17.0813 -24.0514
v 11.7779 17.0776 -24.0221
v 11.8005 18.1269 -24.0242
v 11.6013 17.0813 -24.0514
v 11.8005 18.1269 -24.0242
v 11.6238 18.1307 -24.0535
v 11.7779 17.0776 -24.0221
v 11.7486 17.0786 -23.8453
v 11.7711 18.1279 -23.8474
v 11.7779 17.0776 -24.0221
v 11.7711 18.1279 -23.8474
v 11.8005 18.1269 -24.0242
v 11.7486 17.0786 -23.8453
v 11.5719 17.0823 -23.8747
v 11.5944 18.1317 -23.8768
v 11.7486 17.0786 -23.8453
v 11.5944 18.1317 -23.8768
v 11.7711 18.1279 -23.8474
v -1.2418 13.8180 12.9344
v -1.3949 13.8283 12.8683
v -1.3361 14.8056 12.8845
v -1.2418 13.8180 12.9344
v -1.3361 14.8056 12.8845
v -1.1830 14.7953 12.9507
v -1.3949 13.8283 12.8683
v -1.3286 13.8269 12.7148
v -1.2699 14.8042 12.7310
v -1.3949 13.8283 12.8683
v -1.2699 14.8042 12.7310
v -1.3361 14.8056 12.8845
v -1.3286 13.8269 12.7148
v -1.1755 13.8166 12.7810
v -1.1167 14.7939 12.7972
v -1.3286 13.8269 12.7148
v -1.1167 14.7939 12.7972
v -1.2699 14.8042 12.7310
v -1.1755 13.8166 12.7810
v -1.2418 13.8180 12.9344
v -1.1830 14.7953 12.9507
v -1.1755 13.8166 12.7810
v -1.1830 14.7953 12.9507
v -1.1167 14.7939 12.7972
v 50.4222 20.6914 -42.9217
v 50.3350 20.6912 -42.7419
v 50.3884 21.8602 -42.7147
v 50.4222 20.6914 -42.9217
v 50.3884 21.8602 -42.7147
v 50.4755 21.8605 -42.8945
v 50.3350 20.6912 -42.7419
v 50.1555 20.7014 -42.8290
v 50.2088 21.8705 -42.8017
v 50.3350 20.6912 -42.7419
v 50.2088 21.8705 -42.8017
v 50.3884 21.8602 -42.7147
v 50.1555 20.7014 -42.8290
v 50.2426 20.7016 -43.0088
v 50.2959 21.8707 -42.9815
v 50.1555 20.7014 -42.8290
v 50.2959 21.8707 -42.9815
v 50.2088 21.8705 -42.8017
v 50.2426 20.7016 -43.0088
v 50.4222 20.6914 -42.9217
v 50.4755 21.8605 -42.8945
v 50.2426 20.7016 -43.0088
v 50.4755 21.8605 -42.8945
v 50.2959 21.8707 -42.9815
v -23.9237 14.3728 -15.1775
v -23.7312 14.3576 -15.4066
v -23.5295 16.1003 -15.3525
v -23.9237 14.3728 -15.1775
v -23.5295 16.1003 -15.3525
v -23.7219 16.1155 -15.1234
v -23.7312 14.3576 -15.4066
v -23.5042 14.3254 -15.2138
v -23.3025 16.0681 -15.1597
v -23.7312 14.3576 -15.4066
v -23.3025 16.0681 -15.1597
v -23.5295 16.1003 -15.3525
v -23.5042 14.3254 -15.2138
v -23.6967 14.3405 -14.9847
v -23.4949 16.0832 -14.9306
v -23.5042 14.3254 -15.2138
v -23.4949 16.0832 -14.9306
v -23.3025 16.0681 -15.1597
v -23.6967 14.3405 -14.9847
v -23.9237 14.3728 -15.1775
v -23.7219 16.1155 -15.1234
v -23.6967 14.3405 -14.9847
v -23.7219 16.1155 -15.1234
v -23.4949 16.0832 -14.9306
v -7.3105 12.5915 35.6882
v -7.4441 12.6023 35.9312
v -7.4425 14.2269 35.8596
v -7.3105 12.5915 35.6882
v -7.4425 14.2269 35.8596
v -7.3089 14.2160 35.6166
v -7.4441 12.6023 35.9312
v -7.6874 12.5967 35.7977
v -7.6858 14.2212 35.7261
v -7.4441 12.6023 35.9312
v -7.6858 14.2212 35.7261
v -7.4425 14.2269 35.8596
v -7.6874 12.5967 35.7977
v -7.5537 12.5859 35.5547
v -7.5522 14.2104 35.4831
v -7.6874 12.5967 35.7977
v -7.5522 14.2104 35.4831
v -7.6858 14.2212 35.7261
v -7.5537 12.5859 35.5547
v -7.3105 12.5915 35.6882
v -7.3089 14.2160 35.6166
v -7.5537 12.5859 35.5547
v -7.3089 14.2160 35.6166
v -7.5522 14.2104 35.4831
v 12.8689 12.4495 48.0389
v 12.7089 12.4645 47.9234
v 12.7903 13.6201 47.9615
v 12.8689 12.4495 48.0389
v 12.7903 13.6201 47.9615
v 12.9502 13.6051 48.0770
v 12.7089 12.4645 47.9234
v 12.8245 12.4617 47.7629
v 12.9059 13.6173 47.8010
v 12.7089 12.4645 47.9234
v 12.9059 13.6173 47.8010
v 12.7903 13.6201 47.9615
v 12.8245 12.4617 47.7629
v 12.9844 12.4466 47.8784
v 13.0658 13.6022 47.9164
v 12.8245 12.4617 47.7629
v 13.0658 13.6022 47.9164
v 12.9059 13.6173 47.8010
v 12.9844 12.4466 47.8784
v 12.8689 12.4495 48.0389
v 12.9502 13.6051 48.0770
v 12.9844 12.4466 47.8784
v 12.9502 13.6051 48.0770
v 13.0658 13.6022 47.9164
v 24.6283 16.6631 -8.2510
v 24.7310 16.6576 -8.4928
v 24.8190 18.1948 -8.4901
v 24.6283 16.6631 -8.2510
v 24.8190 18.1948 -8.4901
v 24.7163 18.2002 -8.2483
v 24.7310 16.6576 -8.4928
v 24.9724 16.6436 -8.3899
v 25.0604 18.1808 -8.3873
v 24.7310 16.6576 -8.4928
v 25.0604 18.1808 -8.3873
v 24.8190 18.1948 -8.4901
v 24.9724 16.6436 -8.3899
v 24.8697 16.6491 -8.1481
v 24.9577 18.1862 -8.1454
v 24.9724 16.6436 -8.3899
v 24.9577 18.1862 -8.1454
v 25.0604 18.1808 -8.3873
v 24.8697 16.6491 -8.1481
v 24.6283 16.6631 -8.2510
v 24.7163 18.2002 -8.2483
v 24.8697 16.6491 -8.1481
v 24.7163 18.2002 -8.2483
v 24.9577 18.1862 -8.1454
v 7.0096 12.5707 39.2721
v 6.9656 12.5681 39.0424
v 6.9585 13.9385 39.0284
v 7.0096 12.5707 39.2721
v 6.9585 13.9385 39.0284
v 7.0025 13.9411 39.2581
v 6.9656 12.5681 39.0424
v 7.1953 12.5688 38.9984
v 7.1882 13.9393 38.9843
v 6.9656 12.5681 39.0424
v 7.1882 13.9393 38.9843
v 6.9585 13.9385 39.0284
v 7.1953 12.5688 38.9984
v 7.2393 12.5714 39.2281
v 7.2323 13.9419 39.2141
v 7.1953 12.5688 38.9984
v 7.2323 13.9419 39.2141
v 7.1882 13.9393 38.9843
v 7.2393 12.5714 39.2281
v 7.0096 12.5707 39.2721
v 7.0025 13.9411 39.2581
v 7.2393 12.5714 39.2281
v 7.0025 13.9411 39.2581
v 7.2323 13.9419 39.2141
v 33.7939 19.0205 -34.4520
v 33.6193 19.0140 -34.7693
v 33.6061 21.1355 -34.8055
v 33.7939 19.0205 -34.4520
v 33.6061 21.1355 -34.8055
v 33.7807 21.1420 -34.4882
v 33.6193 19.0140 -34.7693
v 33.9366 19.0130 -34.9439
v 33.9234 21.1345 -34.9801
v 33.6193 19.0140 -34.7693
v 33.9234 21.1345 -34.9801
v 33.6061 21.1355 -34.8055
v 33.9366 19.0130 -34.9439
v 34.1112 19.0195 -34.6266
v 34.0980 21.1410 -34.6628
v 33.9366 19.0130 -34.9439
v 34.0980 21.1410 -34.6628
v 33.9234 21.1345 -34.9801
v 34.1112 19.0195 -34.6266
v 33.7939 19.0205 -34.4520
v 33.7807 21.1420 -34.4882
v 34.1112 19.0195 -34.6266
v 33.7807 21.1420 -34.4882
v 34.0980 21.1410 -34.6628
v -48.9318 11.3912 31.4739
v -48.8293 11.3862 31.2696
v -48.7512 12.7231 31.2758
v -48.9318 11.3912 31.4739
v -48.7512 12.7231 31.2758
v -48.8537 12.7282 31.4801
v -48.8293 11.3862 31.2696
v -48.6254 11.3738 31.3722
v -48.5473 12.7107 31.3784
v -48.8293 11.3862 31.2696
v -48.5473 12.7107 31.3784
v -48.7512 12.7231 31.2758
v -48.6254 11.3738 31.3722
v -48.7279 11.3788 31.5765
v -48.6498 12.7158 31.5827
v -48.6254 11.3738 31.3722
v -48.6498 12.7158 31.5827
v -48.5473 12.7107 31.3784
v -48.7279 11.3788 31.5765
v -48.9318 11.3912 31.4739
v -48.8537 12.7282 31.4801
v -48.7279 11.3788 31.5765
v -48.8537 12.7282 31.4801
v -48.6498 12.7158 31.5827
v 2.0486 18.2087 -42.8626
v 2.3400 18.1856 -43.1267
v 2.6195 20.4741 -43.0189
v 2.0486 18.2087 -42.8626
v 2.6195 20.4741 -43.0189
v 2.3281 20.4973 -42.7547
v 2.3400 18.1856 -43.1267
v 2.6008 18.1400 -42.8350
v 2.8803 20.4285 -42.7271
v 2.3400 18.1856 -43.1267
v 2.8803 20.4285 -42.7271
v 2.6195 20.4741 -43.0189
v 2.6008 18.1400 -42.8350
v 2.3094 18.1631 -42.5709
v 2.5889 20.4517 -42.4630
v 2.6008 18.1400 -42.8350
v 2.5889 20.4517 -42.4630
v 2.8803 20.4285 -42.7271
v 2.3094 18.1631 -42.5709
v 2.0486 18.2087 -42.8626
v 2.3281 20.4973 -42.7547
v 2.3094 18.1631 -42.5709
v 2.3281 20.4973 -42.7547
v 2.5889 20.4517 -42.4630
v -40.6079 11.7990 28.5359
v -40.4025 11.7954 28.4651
v -40.3750 13.0679 28.4789
v -40.6079 11.7990 28.5359
v -40.3750 13.0679 28.4789
v -40.5804 13.0716 28.5497
v -40.4025 11.7954 28.4651
v -40.3318 11.7916 28.6705
v -40.3043 13.0642 28.6843
v -40.4025 11.7954 28.4651
v -40.3043 13.0642 28.6843
v -40.3750 13.0679 28.4789
v -40.3318 11.7916 28.6705
v -40.5371 11.7953 28.7413
v -40.5096 13.0678 28.7551
v -40.3318 11.7916 28.6705
v -40.5096 13.0678 28.7551
v -40.3043 13.0642 28.6843
v -40.5371 11.7953 28.7413
v -40.6079 11.7990 28.5359
v -40.5804 13.0716 28.5497
v -40.5371 11.7953 28.7413
v -40.5804 13.0716 28.5497
v -40.5096 13.0678 28.7551
v 52.0739 20.5985 -39.4598
v 52.1327 20.5968 -39.1620
v 52.2685 22.3696 -39.1786
v 52.0739 20.5985 -39.4598
v 52.2685 22.3696 -39.1786
v 52.2097 22.3713 -39.4763
v 52.1327 20.5968 -39.1620
v 51.8358 20.6201 -39.1033
v 51.9716 22.3929 -39.1199
v 52.1327 20.5968 -39.1620
v 51.9716 22.3929 -39.1199
v 52.2685 22.3696 -39.1786
v 51.8358 20.6201 -39.1033
v 51.7771 20.6218 -39.4011
v 51.9129 22.3946 -39.4176
v 51.8358 20.6201 -39.1033
v 51.9129 22.3946 -39.4176
v 51.9716 22.3929 -39.1199
v 51.7771 20.6218 -39.4011
v 52.0739 20.5985 -39.4598
v 52.2097 22.3713 -39.4763
v 51.7771 20.6218 -39.4011
v 52.2097 22.3713 -39.4763
v 51.9129 22.3946 -39.4176
v -28.3548 12.1488 33.3700
v -28.5466 12.1511 33.3271
v -28.5474 13.3009 33.3932
v -28.3548 12.1488 33.3700
v -28.5474 13.3009 33.3932
v -28.3556 13.2986 33.4361
v -28.5466 12.1511 33.3271
v -28.5036 12.1622 33.1356
v -28.5044 13.3120 33.2017
v -28.5466 12.1511 33.3271
v -28.5044 13.3120 33.2017
v -28.5474 13.3009 33.3932
v -28.5036 12.1622 33.1356
v -28.3118 12.1598 33.1785
v -28.3126 13.3097 33.2446
v -28.5036 12.1622 33.1356
v -28.3126 13.3097 33.2446
v -28.5044 13.3120 33.2017
v -28.3118 12.1598 33.1785
v -28.3548 12.1488 33.3700
v -28.3556 13.2986 33.4361
v -28.3118 12.1598 33.1785
v -28.3556 13.2986 33.4361
v -28.3126 13.3097 33.2446
v -2.4449 15.0956 -7.5479
v -2.5892 15.0862 -7.8292
v -2.8564 16.9186 -7.7531
v -2.4449 15.0956 -7.5479
v -2.8564 16.9186 -7.7531
v -2.7120 16.9280 -7.4718
v -2.5892 15.0862 -7.8292
v -2.3115 15.1327 -7.9733
v -2.5786 16.9651 -7.8972
v -2.5892 15.0862 -7.8292
v -2.5786 16.9651 -7.8972
v -2.8564 16.9186 -7.7531
v -2.3115 15.1327 -7.9733
v -2.1671 15.1421 -7.6920
v -2.4342 16.9745 -7.6159
v -2.3115 15.1327 -7.9733
v -2.4342 16.9745 -7.6159
v -2.5786 16.9651 -7.8972
v -2.1671 15.1421 -7.6920
v -2.4449 15.0956 -7.5479
v -2.7120 16.9280 -7.4718
v -2.1671 15.1421 -7.6920
v -2.7120 16.9280 -7.4718
v -2.4342 16.9745 -7.6159
v -22.8950 16.5901 -40.4075
v -23.0614 16.5778 -40.3882
v -23.1397 17.5576 -40.4363
v -22.8950 16.5901 -40.4075
v -23.1397 17.5576 -40.4363
v -22.9733 17.5699 -40.4556
v -23.0614 16.5778 -40.3882
v -23.0800 16.5681 -40.5548
v -23.1583 17.5479 -40.6030
v -23.0614 16.5778 -40.3882
v -23.1583 17.5479 -40.6030
v -23.1397 17.5576 -40.4363
v -23.0800 16.5681 -40.5548
v -22.9136 16.5805 -40.5741
v -22.9919 17.5602 -40.6223
v -23.0800 16.5681 -40.5548
v -22.9919 17.5602 -40.6223
v -23.1583 17.5479 -40.6030
v -22.9136 16.5805 -40.5741
v -22.8950 16.5901 -40.4075
v -22.9733 17.5699 -40.4556
v -22.9136 16.5805 -40.5741
v -22.9733 17.5699 -40.4556
v -22.9919 17.5602 -40.6223
v 17.0518 19.3733 -50.8610
v 16.8403 19.3731 -50.8403
v 16.8484 20.6145 -50.7410
v 17.0518 19.3733 -50.8610
v 16.8484 20.6145 -50.7410
v 17.0600 20.6147 -50.7617
v 16.8403 19.3731 -50.8403
v 16.8196 19.3901 -51.0512
v 16.8278 20.6315 -50.9519
v 16.8403 19.3731 -50.8403
v 16.8278 20.6315 -50.9519
v 16.8484 20.6145 -50.7410
v 16.8196 19.3901 -51.0512
v 17.0312 19.3903 -51.0719
v 17.0393 20.6317 -50.9726
v 16.8196 19.3901 -51.0512
v 17.0393 20.6317 -50.9726
v 16.8278 20.6315 -50.9519
v 17.0312 19.3903 -51.0719
v 17.0518 19.3733 -50.8610
v 17.0600 20.6147 -50.7617
v 17.0312 19.3903 -51.0719
v 17.0600 20.6147 -50.7617
v 17.0393 20.6317 -50.9726
v 43.7317 18.0384 -14.2027
v 43.8870 18.0270 -14.3853
v 43.9676 19.4306 -14.4042
v 43.7317 18.0384 -14.2027
v 43.9676 19.4306 -14.4042
v 43.8123 19.4419 -14.2215
v 43.8870 18.0270 -14.3853
v 44.0695 18.0186 -14.2297
v 44.1501 19.4222 -14.2486
v 43.8870 18.0270 -14.3853
v 44.1501 19.4222 -14.2486
v 43.9676 19.4306 -14.4042
v 44.0695 18.0186 -14.2297
v 43.9142 18.0300 -14.0470
v 43.9948 19.4335 -14.0659
v 44.0695 18.0186 -14.2297
v 43.9948 19.4335 -14.0659
v 44.1501 19.4222 -14.2486
v 43.9142 18.0300 -14.0470
v 43.7317 18.0384 -14.2027
v 43.8123 19.4419 -14.2215
v 43.9142 18.0300 -14.0470
v 43.8123 19.4419 -14.2215
v 43.9948 19.4335 -14.0659
v -11.6714 12.4833 31.7392
v -11.7520 12.4789 31.9972
v -11.8354 14.0598 31.9981
v -11.6714 12.4833 31.7392
v -11.8354 14.0598 31.9981
v -11.7549 14.0642 31.7402
v -11.7520 12.4789 31.9972
v -12.0095 12.4654 31.9165
v -12.0930 14.0463 31.9175
v -11.7520 12.4789 31.9972
v -12.0930 14.0463 31.9175
v -11.8354 14.0598 31.9981
v -12.0095 12.4654 31.9165
v -11.9290 12.4698 31.6586
v -12.0125 14.0507 31.6596
v -12.0095 12.4654 31.9165
v -12.0125 14.0507 31.6596
v -12.0930 14.0463 31.9175
v -11.9290 12.4698 31.6586
v -11.6714 12.4833 31.7392
v -11.7549 14.0642 31.7402
v -11.9290 12.4698 31.6586
v -11.7549 14.0642 31.7402
v -12.0125 14.0507 31.6596
v 8.4683 12.5853 45.3550
v 8.6181 12.5927 45.4800
v 8.6289 13.7340 45.4000
v 8.4683 12.5853 45.3550
v 8.6289 13.7340 45.4000
v 8.4790 13.7266 45.2749
v 8.6181 12.5927 45.4800
v 8.4929 12.6043 45.6295
v 8.5037 13.7457 45.5494
v 8.6181 12.5927 45.4800
v 8.5037 13.7457 45.5494
v 8.6289 13.7340 45.4000
v 8.4929 12.6043 45.6295
v 8.3430 12.5970 45.5044
v 8.3538 13.7383 45.4244
v 8.4929 12.6043 45.6295
v 8.3538 13.7383 45.4244
v 8.5037 13.7457 45.5494
v 8.3430 12.5970 45.5044
v 8.4683 12.5853 45.3550
v 8.4790 13.7266 45.2749
v 8.3430 12.5970 45.5044
v 8.4790 13.7266 45.2749
v 8.3538 13.7383 45.4244
v 33.8994 17.2265 -10.4871
v 33.8719 17.2253 -10.8121
v 33.6536 19.1235 -10.8009
v 33.8994 17.2265 -10.4871
v 33.6536 19.1235 -10.8009
v 33.6812 19.1248 -10.4759
v 33.8719 17.2253 -10.8121
v 34.1947 17.2625 -10.8396
v 33.9765 19.1608 -10.8284
v 33.8719 17.2253 -10.8121
v 33.9765 19.1608 -10.8284
v 33.6536 19.1235 -10.8009
v 34.1947 17.2625 -10.8396
v 34.2223 17.2638 -10.5146
v 34.0040 19.1620 -10.5034
v 34.1947 17.2625 -10.8396
v 34.0040 19.1620 -10.5034
v 33.9765 19.1608 -10.8284
v 34.2223 17.2638 -10.5146
v 33.8994 17.2265 -10.4871
v 33.6812 19.1248 -10.4759
v 34.2223 17.2638 -10.5146
v 33.6812 19.1248 -10.4759
v 34.0040 19.1620 -10.5034
v -4.6303 14.0570 8.0707
v -4.6544 14.0568 8.3628
v -4.7795 15.7693 8.3540
v -4.6303 14.0570 8.0707
v -4.7795 15.7693 8.3540
v -4.7555 15.7695 8.0619
v -4.6544 14.0568 8.3628
v -4.9457 14.0354 8.3388
v -5.0708 15.7478 8.3300
v -4.6544 14.0568 8.3628
v -5.0708 15.7478 8.3300
v -4.7795 15.7693 8.3540
v -4.9457 14.0354 8.3388
v -4.9217 14.0356 8.0467
v -5.0468 15.7481 8.0379
v -4.9457 14.0354 8.3388
v -5.0468 15.7481 8.0379
v -5.0708 15.7478 8.3300
v -4.9217 14.0356 8.0467
v -4.6303 14.0570 8.0707
v -4.7555 15.7695 8.0619
v -4.9217 14.0356 8.0467
v -4.7555 15.7695 8.0619
v -5.0468 15.7481 8.0379
v 39.4632 16.6387 1.3787
v 39.1937 16.6166 1.5298
v 39.1176 18.4253 1.6595
v 39.4632 16.6387 1.3787
v 39.1176 18.4253 1.6595
v 39.3871 18.4474 1.5084
v 39.1937 16.6166 1.5298
v 39.0415 16.6295 1.2603
v 38.9653 18.4382 1.3900
v 39.1937 16.6166 1.5298
v 38.9653 18.4382 1.3900
v 39.1176 18.4253 1.6595
v 39.0415 16.6295 1.2603
v 39.3110 16.6517 1.1092
v 39.2348 18.4604 1.2389
v 39.0415 16.6295 1.2603
v 39.2348 18.4604 1.2389
v 38.9653 18.4382 1.3900
v 39.3110 16.6517 1.1092
v 39.4632 16.6387 1.3787
v 39.3871 18.4474 1.5084
v 39.3110 16.6517 1.1092
v 39.3871 18.4474 1.5084
v 39.2348 18.4604 1.2389
v 24.8594 13.3818 30.2028
v 24.8865 13.3837 30.4914
v 24.7750 15.0788 30.4908
v 24.8594 13.3818 30.2028
v 24.7750 15.0788 30.4908
v 24.7478 15.0769 30.2021
v 24.8865 13.3837 30.4914
v 24.5985 13.3647 30.5187
v 24.4869 15.0599 30.5180
v 24.8865 13.3837 30.4914
v 24.4869 15.0599 30.5180
v 24.7750 15.0788 30.4908
v 24.5985 13.3647 30.5187
v 24.5713 13.3628 30.2300
v 24.4598 15.0580 30.2293
v 24.5985 13.3647 30.5187
v 24.4598 15.0580 30.2293
v 24.4869 15.0599 30.5180
v 24.5713 13.3628 30.2300
v 24.8594 13.3818 30.2028
v 24.7478 15.0769 30.2021
v 24.5713 13.3628 30.2300
v 24.7478 15.0769 30.2021
v 24.4598 15.0580 30.2293
v -38.8081 11.7549 34.5586
v -38.9436 11.7431 34.7206
v -39.0170 12.9803 34.7496
v -38.8081 11.7549 34.5586
v -39.0170 12.9803 34.7496
v -38.8815 12.9921 34.5875
v -38.9436 11.7431 34.7206
v -39.1057 11.7366 34.5847
v -39.1790 12.9738 34.6136
v -38.9436 11.7431 34.7206
v -39.1790 12.9738 34.6136
v -39.0170 12.9803 34.7496
v -39.1057 11.7366 34.5847
v -38.9701 11.7485 34.4226
v -39.0435 12.9857 34.4515
v -39.1057 11.7366 34.5847
v -39.0435 12.9857 34.4515
v -39.1790 12.9738 34.6136
v -38.9701 11.7485 34.4226
v -38.8081 11.7549 34.5586
v -38.8815 12.9921 34.5875
v -38.9701 11.7485 34.4226
v -38.8815 12.9921 34.5875
v -39.0435 12.9857 34.4515
v -6.3635 12.7760 23.5205
v -6.2198 12.7663 23.5027
v -6.1588 13.6139 23.5322
v -6.3635 12.7760 23.5205
v -6.1588 13.6139 23.5322
v -6.3025 13.6236 23.5501
v -6.2198 12.7663 23.5027
v -6.2023 12.7600 23.6466
v -6.1414 13.6076 23.6762
v -6.2198 12.7663 23.5027
v -6.1414 13.6076 23.6762
v -6.1588 13.6139 23.5322
v -6.2023 12.7600 23.6466
v -6.3460 12.7697 23.6645
v -6.2851 13.6173 23.6940
v -6.2023 12.7600 23.6466
v -6.2851 13.6173 23.6940
v -6.1414 13.6076 23.6762
v -6.3460 12.7697 23.6645
v -6.3635 12.7760 23.5205
v -6.3025 13.6236 23.5501
v -6.3460 12.7697 23.6645
v -6.3025 13.6236 23.5501
v -6.2851 13.6173 23.6940
v 47.2208 19.6224 -31.8047
v 47.3967 19.6204 -32.0744
v 47.4001 21.5072 -32.0856
v 47.2208 19.6224 -31.8047
v 47.4001 21.5072 -32.0856
v 47.2242 21.5092 -31.8159
v 47.3967 19.6204 -32.0744
v 47.6665 19.6210 -31.8985
v 47.6699 21.5078 -31.9096
v 47.3967 19.6204 -32.0744
v 47.6699 21.5078 -31.9096
v 47.4001 21.5072 -32.0856
v 47.6665 19.6210 -31.8985
v 47.4905 19.6229 -31.6287
v 47.4939 21.5097 -31.6399
v 47.6665 19.6210 -31.8985
v 47.4939 21.5097 -31.6399
v 47.6699 21.5078 -31.9096
v 47.4905 19.6229 -31.6287
v 47.2208 19.6224 -31.8047
v 47.2242 21.5092 -31.8159
v 47.4905 19.6229 -31.6287
v 47.2242 21.5092 -31.8159
v 47.4939 21.5097 -31.6399
v -41.2407 11.0791 51.5139
v -41.5201 11.0833 51.5523
v -41.4767 12.7296 51.6884
v -41.2407 11.0791 51.5139
v -41.4767 12.7296 51.6884
v -41.1973 12.7254 51.6501
v -41.5201 11.0833 51.5523
v -41.5580 11.1074 51.2738
v -41.5146 12.7536 51.4099
v -41.5201 11.0833 51.5523
v -41.5146 12.7536 51.4099
v -41.4767 12.7296 51.6884
v -41.5580 11.1074 51.2738
v -41.2786 11.1032 51.2355
v -41.2352 12.7494 51.3716
v -41.5580 11.1074 51.2738
v -41.2352 12.7494 51.3716
v -41.5146 12.7536 51.4099
v -41.2786 11.1032 51.2355
v -41.2407 11.0791 51.5139
v -41.1973 12.7254 51.6501
v -41.2786 11.1032 51.2355
v -41.1973 12.7254 51.6501
v -41.2352 12.7494 51.3716
v 20.2963 19.4844 -51.6511
v 20.4908 19.4956 -51.7897
v 20.4722 20.8937 -51.7030
v 20.2963 19.4844 -51.6511
v 20.4722 20.8937 -51.7030
v 20.2777 20.8825 -51.5644
v 20.4908 19.4956 -51.7897
v 20.6299 19.4854 -51.5954
v 20.6113 20.8835 -51.5087
v 20.4908 19.4956 -51.7897
v 20.6113 20.8835 -51.5087
v 20.4722 20.8937 -51.7030
v 20.6299 19.4854 -51.5954
v 20.4353 19.4742 -51.4568
v 20.4167 20.8723 -51.3701
v 20.6299 19.4854 -51.5954
v 20.4167 20.8723 -51.3701
v 20.6113 20.8835 -51.5087
v 20.4353 19.4742 -51.4568
v 20.2963 19.4844 -51.6511
v 20.2777 20.8825 -51.5644
v 20.4353 19.4742 -51.4568
v 20.2777 20.8825 -51.5644
v 20.4167 20.8723 -51.3701
v 23.3507 13.9708 21.7249
v 23.1986 13.9707 21.7934
v 23.2196 14.9464 21.8413
v 23.3507 13.9708 21.7249
v 23.2196 14.9464 21.8413
v 23.3717 14.9465 21.7729
v 23.1986 13.9707 21.7934
v 23.1303 13.9797 21.6415
v 23.1513 14.9554 21.6894
v 23.1986 13.9707 21.7934
v 23.1513 14.9554 21.6894
v 23.2196 14.9464 21.8413
v 23.1303 13.9797 21.6415
v 23.2824 13.9798 21.5731
v 23.3034 14.9555 21.6210
v 23.1303 13.9797 21.6415
v 23.3034 14.9555 21.6210
v 23.1513 14.9554 21.6894
v 23.2824 13.9798 21.5731
v 23.3507 13.9708 21.7249
v 23.3717 14.9465 21.7729
v 23.2824 13.9798 21.5731
v 23.3717 14.9465 21.7729
v 23.3034 14.9555 21.6210
v 29.8838 16.5056 -3.5588
v 29.7063 16.5147 -3.3742
v 29.8499 18.0082 -3.3097
v 29.8838 16.5056 -3.5588
v 29.8499 18.0082 -3.3097
v 30.0274 17.9991 -3.4943
v 29.7063 16.5147 -3.3742
v 29.5231 16.5400 -3.5516
v 29.6666 18.0334 -3.4872
v 29.7063 16.5147 -3.3742
v 29.6666 18.0334 -3.4872
v 29.8499 18.0082 -3.3097
v 29.5231 16.5400 -3.5516
v 29.7006 16.5309 -3.7363
v 29.8442 18.0243 -3.6718
v 29.5231 16.5400 -3.5516
v 29.8442 18.0243 -3.6718
v 29.6666 18.0334 -3.4872
v 29.7006 16.5309 -3.7363
v 29.8838 16.5056 -3.5588
v 30.0274 17.9991 -3.4943
v 29.7006 16.5309 -3.7363
v 30.0274 17.9991 -3.4943
v 29.8442 18.0243 -3.6718
v -22.9110 16.0501 -35.4642
v -23.0247 16.0429 -35.6510
v -23.2199 17.3080 -35.5810
v -22.9110 16.0501 -35.4642
v -23.2199 17.3080 -35.5810
v -23.1062 17.3152 -35.3941
v -23.0247 16.0429 -35.6510
v -22.8407 16.0776 -35.7643
v -23.0359 17.3426 -35.6943
v -23.0247 16.0429 -35.6510
v -23.0359 17.3426 -35.6943
v -23.2199 17.3080 -35.5810
v -22.8407 16.0776 -35.7643
v -22.7270 16.0848 -35.5774
v -22.9223 17.3498 -35.5074
v -22.8407 16.0776 -35.7643
v -22.9223 17.3498 -35.5074
v -23.0359 17.3426 -35.6943
v -22.7270 16.0848 -35.5774
v -22.9110 16.0501 -35.4642
v -23.1062 17.3152 -35.3941
v -22.7270 16.0848 -35.5774
v -23.1062 17.3152 -35.3941
v -22.9223 17.3498 -35.5074
v 51.9331 17.0533 7.3035
v 52.0819 17.0485 7.1420
v 52.1064 18.3349 7.1269
v 51.9331 17.0533 7.3035
v 52.1064 18.3349 7.1269
v 51.9576 18.3396 7.2884
v 52.0819 17.0485 7.1420
v 52.2434 17.0472 7.2908
v 52.2678 18.3336 7.2758
v 52.0819 17.0485 7.1420
v 52.2678 18.3336 7.2758
v 52.1064 18.3349 7.1269
v 52.2434 17.0472 7.2908
v 52.0946 17.0519 7.4523
v 52.1190 18.3383 7.4373
v 52.2434 17.0472 7.2908
v 52.1190 18.3383 7.4373
v 52.2678 18.3336 7.2758
v 52.0946 17.0519 7.4523
v 51.9331 17.0533 7.3035
v 51.9576 18.3396 7.2884
v 52.0946 17.0519 7.4523
v 51.9576 18.3396 7.2884
v 52.1190 18.3383 7.4373
v 0.4014 18.4866 -48.5697
v 0.1923 18.4706 -48.4865
v 0.0802 19.7874 -48.5138
v 0.4014 18.4866 -48.5697
v 0.0802 19.7874 -48.5138
v 0.2893 19.8034 -48.5971
v 0.1923 18.4706 -48.4865
v 0.1097 18.4592 -48.6961
v -0.0024 19.7760 -48.7235
v 0.1923 18.4706 -48.4865
v -0.0024 19.7760 -48.7235
v 0.0802 19.7874 -48.5138
v 0.1097 18.4592 -48.6961
v 0.3188 18.4752 -48.7794
v 0.2067 19.7920 -48.8067
v 0.1097 18.4592 -48.6961
v 0.2067 19.7920 -48.8067
v -0.0024 19.7760 -48.7235
v 0.3188 18.4752 -48.7794
v 0.4014 18.4866 -48.5697
v 0.2893 19.8034 -48.5971
v 0.3188 18.4752 -48.7794
v 0.2893 19.8034 -48.5971
v 0.2067 19.7920 -48.8067
v -32.8608 12.5251 4.8604
v -32.8331 12.5233 4.6283
v -32.7799 13.8917 4.6235
v -32.8608 12.5251 4.8604
v -32.7799 13.8917 4.6235
v -32.8076 13.8936 4.8556
v -32.8331 12.5233 4.6283
v -32.6011 12.5143 4.6561
v -32.5479 13.8828 4.6513
v -32.8331 12.5233 4.6283
v -32.5479 13.8828 4.6513
v -32.7799 13.8917 4.6235
v -32.6011 12.5143 4.6561
v -32.6289 12.5162 4.8882
v -32.5757 13.8847 4.8834
v -32.6011 12.5143 4.6561
v -32.5757 13.8847 4.8834
v -32.5479 13.8828 4.6513
v -32.6289 12.5162 4.8882
v -32.8608 12.5251 4.8604
v -32.8076 13.8936 4.8556
v -32.6289 12.5162 4.8882
v -32.8076 13.8936 4.8556
v -32.5757 13.8847 4.8834
v -2.9083 12.5652 32.4633
v -2.8418 12.5620 32.2685
v -2.8208 13.7678 32.2560
v -2.9083 12.5652 32.4633
v -2.8208 13.7678 32.2560
v -2.8873 13.7710 32.4508
v -2.8418 12.5620 32.2685
v -2.6470 12.5593 32.3351
v -2.6260 13.7651 32.3226
v -2.8418 12.5620 32.2685
v -2.6260 13.7651 32.3226
v -2.8208 13.7678 32.2560
v -2.6470 12.5593 32.3351
v -2.7135 12.5625 32.5299
v -2.6926 13.7683 32.5174
v -2.6470 12.5593 32.3351
v -2.6926 13.7683 32.5174
v -2.6260 13.7651 32.3226
v -2.7135 12.5625 32.5299
v -2.9083 12.5652 32.4633
v -2.8873 13.7710 32.4508
v -2.7135 12.5625 32.5299
v -2.8873 13.7710 32.4508
v -2.6926 13.7683 32.5174
v 49.2038 18.9030 -24.1453
v 49.5562 18.9145 -24.3118
v 49.4305 21.1925 -24.4203
v 49.2038 18.9030 -24.1453
v 49.4305 21.1925 -24.4203
v 49.0781 21.1810 -24.2539
v 49.5562 18.9145 -24.3118
v 49.7216 18.9404 -23.9597
v 49.5959 21.2184 -24.0683
v 49.5562 18.9145 -24.3118
v 49.5959 21.2184 -24.0683
v 49.4305 21.1925 -24.4203
v 49.7216 18.9404 -23.9597
v 49.3693 18.9289 -23.7933
v 49.2436 21.2069 -23.9018
v 49.7216 18.9404 -23.9597
v 49.2436 21.2069 -23.9018
v 49.5959 21.2184 -24.0683
v 49.3693 18.9289 -23.7933
v 49.2038 18.9030 -24.1453
v 49.0781 21.1810 -24.2539
v 49.3693 18.9289 -23.7933
v 49.0781 21.1810 -24.2539
v 49.2436 21.2069 -23.9018
v 17.7979 16.2446 -5.7523
v 18.0446 16.2476 -5.6836
v 17.9923 17.7418 -5.5609
v 17.7979 16.2446 -5.7523
v 17.9923 17.7418 -5.5609
v 17.7457 17.7388 -5.6296
v 18.0446 16.2476 -5.6836
v 17.9763 16.2250 -5.4378
v 17.9240 17.7193 -5.3151
v 18.0446 16.2476 -5.6836
v 17.9240 17.7193 -5.3151
v 17.9923 17.7418 -5.5609
v 17.9763 16.2250 -5.4378
v 17.7297 16.2220 -5.5066
v 17.6774 17.7163 -5.3839
v 17.9763 16.2250 -5.4378
v 17.6774 17.7163 -5.3839
v 17.9240 17.7193 -5.3151
v 17.7297 16.2220 -5.5066
v 17.7979 16.2446 -5.7523
v 17.7457 17.7388 -5.6296
v 17.7297 16.2220 -5.5066
v 17.7457 17.7388 -5.6296
v 17.6774 17.7163 -5.3839
v -14.3429 13.6732 4.3027
v -14.1806 13.6608 4.4035
v -14.0843 14.7782 4.3865
v -14.3429 13.6732 4.3027
v -14.0843 14.7782 4.3865
v -14.2465 14.7906 4.2857
v -14.1806 13.6608 4.4035
v -14.2808 13.6719 4.5663
v -14.1845 14.7893 4.5492
v -14.1806 13.6608 4.4035
v -14.1845 14.7893 4.5492
v -14.0843 14.7782 4.3865
v -14.2808 13.6719 4.5663
v -14.4431 13.6844 4.4655
v -14.3468 14.8017 4.4484
v -14.2808 13.6719 4.5663
v -14.3468 14.8017 4.4484
v -14.1845 14.7893 4.5492
v -14.4431 13.6844 4.4655
v -14.3429 13.6732 4.3027
v -14.2465 14.7906 4.2857
v -14.4431 13.6844 4.4655
v -14.2465 14.7906 4.2857
v -14.3468 14.8017 4.4484
v 41.4295 15.4138 16.1478
v 41.4266 15.4139 15.9332
v 41.3803 16.6702 15.9343
v 41.4295 15.4138 16.1478
v 41.3803 16.6702 15.9343
v 41.3832 16.6701 16.1489
v 41.4266 15.4139 15.9332
v 41.6410 15.4218 15.9304
v 41.5948 16.6781 15.9315
v 41.4266 15.4139 15.9332
v 41.5948 16.6781 15.9315
v 41.3803 16.6702 15.9343
v 41.6410 15.4218 15.9304
v 41.6439 15.4217 16.1449
v 41.5976 16.6780 16.1460
v 41.6410 15.4218 15.9304
v 41.5976 16.6780 16.1460
v 41.5948 16.6781 15.9315
v 41.6439 15.4217 16.1449
v 41.4295 15.4138 16.1478
v 41.3832 16.6701 16.1489
v 41.6439 15.4217 16.1449
v 41.3832 16.6701 16.1489
v 41.5976 16.6780 16.1460
v -30.5723 13.0121 -2.9929
v -30.6667 13.0138 -2.7793
v -30.6782 14.3814 -2.7953
v -30.5723 13.0121 -2.9929
v -30.6782 14.3814 -2.7953
v -30.5838 14.3797 -3.0089
v -30.6667 13.0138 -2.7793
v -30.8803 13.0109 -2.8737
v -30.8917 14.3785 -2.8897
v -30.6667 13.0138 -2.7793
v -30.8917 14.3785 -2.8897
v -30.6782 14.3814 -2.7953
v -30.8803 13.0109 -2.8737
v -30.7859 13.0092 -3.0872
v -30.7973 14.3768 -3.1032
v -30.8803 13.0109 -2.8737
v -30.7973 14.3768 -3.1032
v -30.8917 14.3785 -2.8897
v -30.7859 13.0092 -3.0872
v -30.5723 13.0121 -2.9929
v -30.5838 14.3797 -3.0089
v -30.7859 13.0092 -3.0872
v -30.5838 14.3797 -3.0089
v -30.7973 14.3768 -3.1032
v 3.0197 15.3914 -7.6972
v 2.8710 15.3980 -7.5011
v 2.8743 16.8394 -7.5476
v 3.0197 15.3914 -7.6972
v 2.8743 16.8394 -7.5476
v 3.0229 16.8327 -7.7436
v 2.8710 15.3980 -7.5011
v 2.6748 15.3937 -7.6497
v 2.6781 16.8350 -7.6962
v 2.8710 15.3980 -7.5011
v 2.6781 16.8350 -7.6962
v 2.8743 16.8394 -7.5476
v 2.6748 15.3937 -7.6497
v 2.8235 15.3870 -7.8458
v 2.8268 16.8284 -7.8922
v 2.6748 15.3937 -7.6497
v 2.8268 16.8284 -7.8922
v 2.6781 16.8350 -7.6962
v 2.8235 15.3870 -7.8458
v 3.0197 15.3914 -7.6972
v 3.0229 16.8327 -7.7436
v 2.8235 15.3870 -7.8458
v 3.0229 16.8327 -7.7436
v 2.8268 16.8284 -7.8922
v -34.2183 11.5515 44.2563
v -33.9733 11.5532 44.4256
v -34.0159 13.2967 44.4698
v -34.2183 11.5515 44.2563
v -34.0159 13.2967 44.4698
v -34.2609 13.2950 44.3006
v -33.9733 11.5532 44.4256
v -34.1424 11.5428 44.6705
v -34.1849 13.2863 44.7147
v -33.9733 11.5532 44.4256
v -34.1849 13.2863 44.7147
v -34.0159 13.2967 44.4698
v -34.1424 11.5428 44.6705
v -34.3874 11.5411 44.5012
v -34.4300 13.2846 44.5455
v -34.1424 11.5428 44.6705
v -34.4300 13.2846 44.5455
v -34.1849 13.2863 44.7147
v -34.3874 11.5411 44.5012
v -34.2183 11.5515 44.2563
v -34.2609 13.2950 44.3006
v -34.3874 11.5411 44.5012
v -34.2609 13.2950 44.3006
v -34.4300 13.2846 44.5455
v 32.8726 17.4108 -16.3375
v 32.7675 17.4114 -16.1913
v 32.6976 18.4626 -16.2457
v 32.8726 17.4108 -16.3375
v 32.6976 18.4626 -16.2457
v 32.8027 18.4621 -16.3919
v 32.7675 17.4114 -16.1913
v 32.6218 17.3963 -16.2960
v 32.5519 18.4475 -16.3504
v 32.7675 17.4114 -16.1913
v 32.5519 18.4475 -16.3504
v 32.6976 18.4626 -16.2457
v 32.6218 17.3963 -16.2960
v 32.7269 17.3957 -16.4422
v 32.6570 18.4470 -16.4966
v 32.6218 17.3963 -16.2960
v 32.6570 18.4470 -16.4966
v 32.5519 18.4475 -16.3504
v 32.7269 17.3957 -16.4422
v 32.8726 17.4108 -16.3375
v 32.8027 18.4621 -16.3919
v 32.7269 17.3957 -16.4422
v 32.8027 18.4621 -16.3919
v 32.6570 18.4470 -16.4966
v -20.7032 15.8052 -30.1669
v -20.7981 15.8098 -29.9890
v -20.7800 16.9906 -30.0097
v -20.7032 15.8052 -30.1669
v -20.7800 16.9906 -30.0097
v -20.6852 16.9860 -30.1875
v -20.7981 15.8098 -29.9890
v -20.9760 15.8109 -30.0839
v -20.9579 16.9916 -30.1046
v -20.7981 15.8098 -29.9890
v -20.9579 16.9916 -30.1046
v -20.7800 16.9906 -30.0097
v -20.9760 15.8109 -30.0839
v -20.8811 15.8063 -30.2617
v -20.8630 16.9870 -30.2824
v -20.9760 15.8109 -30.0839
v -20.8630 16.9870 -30.2824
v -20.9579 16.9916 -30.1046
v -20.8811 15.8063 -30.2617
v -20.7032 15.8052 -30.1669
v -20.6852 16.9860 -30.1875
v -20.8811 15.8063 -30.2617
v -20.6852 16.9860 -30.1875
v -20.8630 16.9870 -30.2824
v 14.0758 12.5512 33.2831
v 14.1323 12.5486 33.5296
v 14.2220 14.0271 33.5249
v 14.0758 12.5512 33.2831
v 14.2220 14.0271 33.5249
v 14.1655 14.0298 33.2784
v 14.1323 12.5486 33.5296
v 13.8863 12.5637 33.5861
v 13.9760 14.0422 33.5814
v 14.1323 12.5486 33.5296
v 13.9760 14.0422 33.5814
v 14.2220 14.0271 33.5249
v 13.8863 12.5637 33.5861
v 13.8298 12.5663 33.3397
v 13.9196 14.0449 33.3350
v 13.8863 12.5637 33.5861
v 13.9196 14.0449 33.3350
v 13.9760 14.0422 33.5814
v 13.8298 12.5663 33.3397
v 14.0758 12.5512 33.2831
v 14.1655 14.0298 33.2784
v 13.8298 12.5663 33.3397
v 14.1655 14.0298 33.2784
v 13.9196 14.0449 33.3350
v 46.6652 15.9400 15.0538
v 46.3806 15.9518 14.9493
v 46.4182 17.7266 15.0470
v 46.6652 15.9400 15.0538
v 46.4182 17.7266 15.0470
v 46.7028 17.7148 15.1516
v 46.3806 15.9518 14.9493
v 46.4855 15.9652 14.6649
v 46.5231 17.7400 14.7626
v 46.3806 15.9518 14.9493
v 46.5231 17.7400 14.7626
v 46.4182 17.7266 15.0470
v 46.4855 15.9652 14.6649
v 46.7702 15.9534 14.7694
v 46.8078 17.7282 14.8671
v 46.4855 15.9652 14.6649
v 46.8078 17.7282 14.8671
v 46.5231 17.7400 14.7626
v 46.7702 15.9534 14.7694
v 46.6652 15.9400 15.0538
v 46.7028 17.7148 15.1516
v 46.7702 15.9534 14.7694
v 46.7028 17.7148 15.1516
v 46.8078 17.7282 14.8671
v -15.7061 12.7822 44.7392
v -15.6259 12.7814 44.5216
v -15.6378 14.1400 44.5123
v -15.7061 12.7822 44.7392
v -15.6378 14.1400 44.5123
v -15.7180 14.1408 44.7299
v -15.6259 12.7814 44.5216
v -15.4083 12.7839 44.6018
v -15.4202 14.1424 44.5926
v -15.6259 12.7814 44.5216
v -15.4202 14.1424 44.5926
v -15.6378 14.1400 44.5123
v -15.4083 12.7839 44.6018
v -15.4886 12.7846 44.8194
v -15.5004 14.1432 44.8101
v -15.4083 12.7839 44.6018
v -15.5004 14.1432 44.8101
v -15.4202 14.1424 44.5926
v -15.4886 12.7846 44.8194
v -15.7061 12.7822 44.7392
v -15.7180 14.1408 44.7299
v -15.4886 12.7846 44.8194
v -15.7180 14.1408 44.7299
v -15.5004 14.1432 44.8101
v 4.6744 14.5301 9.3457
v 4.6104 14.5345 9.0716
v 4.6331 16.1832 9.0925
v 4.6744 14.5301 9.3457
v 4.6331 16.1832 9.0925
v 4.6970 16.1789 9.3666
v 4.6104 14.5345 9.0716
v 4.8845 14.5315 9.0076
v 4.9072 16.1803 9.0285
v 4.6104 14.5345 9.0716
v 4.9072 16.1803 9.0285
v 4.6331 16.1832 9.0925
v 4.8845 14.5315 9.0076
v 4.9485 14.5272 9.2817
v 4.9711 16.1759 9.3026
v 4.8845 14.5315 9.0076
v 4.9711 16.1759 9.3026
v 4.9072 16.1803 9.0285
v 4.9485 14.5272 9.2817
v 4.6744 14.5301 9.3457
v 4.6970 16.1789 9.3666
v 4.9485 14.5272 9.2817
v 4.6970 16.1789 9.3666
v 4.9711 16.1759 9.3026
v 18.0333 16.9489 -17.6693
v 18.0614 16.9493 -17.3624
v 17.9579 18.7521 -17.3554
v 18.0333 16.9489 -17.6693
v 17.9579 18.7521 -17.3554
v 17.9298 18.7517 -17.6623
v 18.0614 16.9493 -17.3624
v 17.7550 16.9316 -17.3343
v 17.6515 18.7344 -17.3273
v 18.0614 16.9493 -17.3624
v 17.6515 18.7344 -17.3273
v 17.9579 18.7521 -17.3554
v 17.7550 16.9316 -17.3343
v 17.7268 16.9312 -17.6412
v 17.6234 18.7340 -17.6342
v 17.7550 16.9316 -17.3343
v 17.6234 18.7340 -17.6342
v 17.6515 18.7344 -17.3273
v 17.7268 16.9312 -17.6412
v 18.0333 16.9489 -17.6693
v 17.9298 18.7517 -17.6623
v 17.7268 16.9312 -17.6412
v 17.9298 18.7517 -17.6623
v 17.6234 18.7340 -17.6342
v -47.6575 16.7544 -50.3417
v -47.8547 16.7456 -50.3078
v -47.8897 17.9138 -50.2086
v -47.6575 16.7544 -50.3417
v -47.8897 17.9138 -50.2086
v -47.6925 17.9226 -50.2424
v -47.8547 16.7456 -50.3078
v -47.8891 16.7613 -50.5044
v -47.9241 17.9295 -50.4052
v -47.8547 16.7456 -50.3078
v -47.9241 17.9295 -50.4052
v -47.8897 17.9138 -50.2086
v -47.8891 16.7613 -50.5044
v -47.6920 16.7700 -50.5383
v -47.7270 17.9383 -50.4390
v -47.8891 16.7613 -50.5044
v -47.7270 17.9383 -50.4390
v -47.9241 17.9295 -50.4052
v -47.6920 16.7700 -50.5383
v -47.6575 16.7544 -50.3417
v -47.6925 17.9226 -50.2424
v -47.6920 16.7700 -50.5383
v -47.6925 17.9226 -50.2424
v -47.7270 17.9383 -50.4390
v 50.4503 14.5381 30.3724
v 50.6400 14.5400 30.3895
v 50.6270 15.6553 30.4090
v 50.4503 14.5381 30.3724
v 50.6270 15.6553 30.4090
v 50.4374 15.6534 30.3919
v 50.6400 14.5400 30.3895
v 50.6229 14.5365 30.5791
v 50.6100 15.6518 30.5986
v 50.6400 14.5400 30.3895
v 50.6100 15.6518 30.5986
v 50.6270 15.6553 30.4090
v 50.6229 14.5365 30.5791
v 50.4333 14.5346 30.5620
v 50.4203 15.6499 30.5815
v 50.6229 14.5365 30.5791
v 50.4203 15.6499 30.5815
v 50.6100 15.6518 30.5986
v 50.4333 14.5346 30.5620
v 50.4503 14.5381 30.3724
v 50.4374 15.6534 30.3919
v 50.4333 14.5346 30.5620
v 50.4374 15.6534 30.3919
v 50.4203 15.6499 30.5815
v 0.4014 16.5464 -25.0054
v 0.5579 16.5340 -25.0157
v 0.6310 17.4531 -25.0142
v 0.4014 16.5464 -25.0054
v 0.6310 17.4531 -25.0142
v 0.4744 17.4655 -25.0039
v 0.5579 16.5340 -25.0157
v 0.5681 16.5329 -24.8587
v 0.6412 17.4520 -24.8571
v 0.5579 16.5340 -25.0157
v 0.6412 17.4520 -24.8571
v 0.6310 17.4531 -25.0142
v 0.5681 16.5329 -24.8587
v 0.4116 16.5453 -24.8484
v 0.4846 17.4644 -24.8469
v 0.5681 16.5329 -24.8587
v 0.4846 17.4644 -24.8469
v 0.6412 17.4520 -24.8571
v 0.4116 16.5453 -24.8484
v 0.4014 16.5464 -25.0054
v 0.4744 17.4655 -25.0039
v 0.4116 16.5453 -24.8484
v 0.4744 17.4655 -25.0039
v 0.4846 17.4644 -24.8469
v -31.7133 11.9915 35.0762
v -31.8589 11.9941 34.9102
v -31.8874 13.2865 34.9557
v -31.7133 11.9915 35.0762
v -31.8874 13.2865 34.9557
v -31.7418 13.2839 35.1217
v -31.8589 11.9941 34.9102
v -31.6930 12.0029 34.7648
v -31.7215 13.2953 34.8103
v -31.8589 11.9941 34.9102
v -31.7215 13.2953 34.8103
v -31.8874 13.2865 34.9557
v -31.6930 12.0029 34.7648
v -31.5474 12.0003 34.9308
v -31.5759 13.2927 34.9763
v -31.6930 12.0029 34.7648
v -31.5759 13.2927 34.9763
v -31.7215 13.2953 34.8103
v -31.5474 12.0003 34.9308
v -31.7133 11.9915 35.0762
v -31.7418 13.2839 35.1217
v -31.5474 12.0003 34.9308
v -31.7418 13.2839 35.1217
v -31.5759 13.2927 34.9763
v 34.4342 18.7107 -29.9356
v 34.6332 18.6930 -29.9141
v 34.7250 19.8610 -29.7999
v 34.4342 18.7107 -29.9356
v 34.7250 19.8610 -29.7999
v 34.5260 19.8787 -29.8214
v 34.6332 18.6930 -29.9141
v 34.6101 18.6754 -29.7152
v 34.7019 19.8434 -29.6011
v 34.6332 18.6930 -29.9141
v 34.7019 19.8434 -29.6011
v 34.7250 19.8610 -29.7999
v 34.6101 18.6754 -29.7152
v 34.4111 18.6931 -29.7368
v 34.5029 19.8611 -29.6226
v 34.6101 18.6754 -29.7152
v 34.5029 19.8611 -29.6226
v 34.7019 19.8434 -29.6011
v 34.4111 18.6931 -29.7368
v 34.4342 18.7107 -29.9356
v 34.5260 19.8787 -29.8214
v 34.4111 18.6931 -29.7368
v 34.5260 19.8787 -29.8214
v 34.5029 19.8611 -29.6226
v -18.3125 17.2485 -43.5424
v -18.2867 17.2483 -43.7445
v -18.3116 18.4420 -43.7491
v -18.3125 17.2485 -43.5424
v -18.3116 18.4420 -43.7491
v -18.3374 18.4422 -43.5469
v -18.2867 17.2483 -43.7445
v -18.0846 17.2526 -43.7188
v -18.1095 18.4463 -43.7233
v -18.2867 17.2483 -43.7445
v -18.1095 18.4463 -43.7233
v -18.3116 18.4420 -43.7491
v -18.0846 17.2526 -43.7188
v -18.1104 17.2528 -43.5166
v -18.1353 18.4465 -43.5211
v -18.0846 17.2526 -43.7188
v -18.1353 18.4465 -43.5211
v -18.1095 18.4463 -43.7233
v -18.1104 17.2528 -43.5166
v -18.3125 17.2485 -43.5424
v -18.3374 18.4422 -43.5469
v -18.1104 17.2528 -43.5166
v -18.3374 18.4422 -43.5469
v -18.1353 18.4465 -43.5211
v 35.4873 16.0140 6.2337
v 35.7444 16.0083 6.2084
v 35.7715 17.5203 6.1418
v 35.4873 16.0140 6.2337
v 35.7715 17.5203 6.1418
v 35.5145 17.5260 6.1671
v 35.7444 16.0083 6.2084
v 35.7699 16.0191 6.4653
v 35.7970 17.5311 6.3987
v 35.7444 16.0083 6.2084
v 35.7970 17.5311 6.3987
v 35.7715 17.5203 6.1418
v 35.7699 16.0191 6.4653
v 35.5128 16.0249 6.4906
v 35.5399 17.5369 6.4239
v 35.7699 16.0191 6.4653
v 35.5399 17.5369 6.4239
v 35.7970 17.5311 6.3987
v 35.5128 16.0249 6.4906
v 35.4873 16.0140 6.2337
v 35.5145 17.5260 6.1671
v 35.5128 16.0249 6.4906
v 35.5145 17.5260 6.1671
v 35.5399 17.5369 6.4239
v -42.8428 11.1764 47.2157
v -42.7733 11.1783 46.9900
v -42.8236 12.5610 46.9860
v -42.8428 11.1764 47.2157
v -42.8236 12.5610 46.9860
v -42.8932 12.5592 47.2117
v -42.7733 11.1783 46.9900
v -42.5477 11.1867 47.0596
v -42.5981 12.5695 47.0555
v -42.7733 11.1783 46.9900
v -42.5981 12.5695 47.0555
v -42.8236 12.5610 46.9860
v -42.5477 11.1867 47.0596
v -42.6173 11.1849 47.2853
v -42.6676 12.5676 47.2812
v -42.5477 11.1867 47.0596
v -42.6676 12.5676 47.2812
v -42.5981 12.5695 47.0555
v -42.6173 11.1849 47.2853
v -42.8428 11.1764 47.2157
v -42.8932 12.5592 47.2117
v -42.6173 11.1849 47.2853
v -42.8932 12.5592 47.2117
v -42.6676 12.5676 47.2812
v 16.3945 14.3031 15.2837
v 16.6645 14.2802 15.1322
v 16.8997 16.0775 15.2795
v 16.3945 14.3031 15.2837
v 16.8997 16.0775 15.2795
v 16.6297 16.1004 15.4310
v 16.6645 14.2802 15.1322
v 16.8124 14.2387 15.4019
v 17.0475 16.0360 15.5493
v 16.6645 14.2802 15.1322
v 17.0475 16.0360 15.5493
v 16.8997 16.0775 15.2795
v 16.8124 14.2387 15.4019
v 16.5424 14.2616 15.5535
v 16.7776 16.0589 15.7008
v 16.8124 14.2387 15.4019
v 16.7776 16.0589 15.7008
v 17.0475 16.0360 15.5493
v 16.5424 14.2616 15.5535
v 16.3945 14.3031 15.2837
v 16.6297 16.1004 15.4310
v 16.5424 14.2616 15.5535
v 16.6297 16.1004 15.4310
v 16.7776 16.0589 15.7008
v -25.9362 14.7401 -22.0120
v -25.8780 14.7431 -22.1775
v -25.8625 15.7708 -22.1535
v -25.9362 14.7401 -22.0120
v -25.8625 15.7708 -22.1535
v -25.9207 15.7678 -21.9880
v -25.8780 14.7431 -22.1775
v -25.7125 14.7392 -22.1194
v -25.6970 15.7669 -22.0954
v -25.8780 14.7431 -22.1775
v -25.6970 15.7669 -22.0954
v -25.8625 15.7708 -22.1535
v -25.7125 14.7392 -22.1194
v -25.7707 14.7362 -21.9538
v -25.7552 15.7640 -21.9299
v -25.7125 14.7392 -22.1194
v -25.7552 15.7640 -21.9299
v -25.6970 15.7669 -22.0954
v -25.7707 14.7362 -21.9538
v -25.9362 14.7401 -22.0120
v -25.9207 15.7678 -21.9880
v -25.7707 14.7362 -21.9538
v -25.9207 15.7678 -21.9880
v -25.7552 15.7640 -21.9299
v -5.4289 14.1720 4.0710
v -5.5105 14.1646 4.2478
v -5.5573 15.3054 4.2740
v -5.4289 14.1720 4.0710
v -5.5573 15.3054 4.2740
v -5.4757 15.3128 4.0971
v -5.5105 14.1646 4.2478
v -5.6874 14.1592 4.1660
v -5.7341 15.3000 4.1921
v -5.5105 14.1646 4.2478
v -5.7341 15.3000 4.1921
v -5.5573 15.3054 4.2740
v -5.6874 14.1592 4.1660
v -5.6058 14.1666 3.9891
v -5.6525 15.3074 4.0153
v -5.6874 14.1592 4.1660
v -5.6525 15.3074 4.0153
v -5.7341 15.3000 4.1921
v -5.6058 14.1666 3.9891
v -5.4289 14.1720 4.0710
v -5.4757 15.3128 4.0971
v -5.6058 14.1666 3.9891
v -5.4757 15.3128 4.0971
v -5.6525 15.3074 4.0153
v -19.3711 12.3833 26.8637
v -19.1986 12.3772 26.6605
v -19.1059 13.9360 26.6925
v -19.3711 12.3833 26.8637
v -19.1059 13.9360 26.6925
v -19.2784 13.9421 26.8957
v -19.1986 12.3772 26.6605
v -18.9960 12.3616 26.8331
v -18.9032 13.9204 26.8651
v -19.1986 12.3772 26.6605
v -18.9032 13.9204 26.8651
v -19.1059 13.9360 26.6925
v -18.9960 12.3616 26.8331
v -19.1685 12.3677 27.0362
v -19.0758 13.9265 27.0682
v -18.9960 12.3616 26.8331
v -19.0758 13.9265 27.0682
v -18.9032 13.9204 26.8651
v -19.1685 12.3677 27.0362
v -19.3711 12.3833 26.8637
v -19.2784 13.9421 26.8957
v -19.1685 12.3677 27.0362
v -19.2784 13.9421 26.8957
v -19.0758 13.9265 27.0682
v 43.4247 17.4150 -4.9277
v 43.7026 17.4308 -4.9611
v 43.6120 19.0706 -4.9384
v 43.4247 17.4150 -4.9277
v 43.6120 19.0706 -4.9384
v 43.3341 19.0548 -4.9049
v 43.7026 17.4308 -4.9611
v 43.7362 17.4288 -4.6828
v 43.6456 19.0686 -4.6600
v 43.7026 17.4308 -4.9611
v 43.6456 19.0686 -4.6600
v 43.6120 19.0706 -4.9384
v 43.7362 17.4288 -4.6828
v 43.4583 17.4130 -4.6494
v 43.3677 19.0528 -4.6266
v 43.7362 17.4288 -4.6828
v 43.3677 19.0528 -4.6266
v 43.6456 19.0686 -4.6600
v 43.4583 17.4130 -4.6494
v 43.4247 17.4150 -4.9277
v 43.3341 19.0548 -4.9049
v 43.4583 17.4130 -4.6494
v 43.3341 19.0548 -4.9049
v 43.3677 19.0528 -4.6266
v 19.3808 12.7493 32.1056
v 19.1519 12.7363 32.2146
v 19.0457 14.2188 32.1677
v 19.3808 12.7493 32.1056
v 19.0457 14.2188 32.1677
v 19.2746 14.2317 32.0586
v 19.1519 12.7363 32.2146
v 19.0437 12.7213 31.9856
v 18.9374 14.2038 31.9386
v 19.1519 12.7363 32.2146
v 18.9374 14.2038 31.9386
v 19.0457 14.2188 32.1677
v 19.0437 12.7213 31.9856
v 19.2725 12.7343 31.8765
v 19.1663 14.2167 31.8296
v 19.0437 12.7213 31.9856
v 19.1663 14.2167 31.8296
v 18.9374 14.2038 31.9386
v 19.2725 12.7343 31.8765
v 19.3808 12.7493 32.1056
v 19.2746 14.2317 32.0586
v 19.2725 12.7343 31.8765
v 19.2746 14.2317 32.0586
v 19.1663 14.2167 31.8296
v 30.8812 19.3534 -41.3129
v 31.0513 19.3377 -41.2903
v 31.1506 20.3409 -41.3403
v 30.8812 19.3534 -41.3129
v 31.1506 20.3409 -41.3403
v 30.9805 20.3566 -41.3630
v 31.0513 19.3377 -41.2903
v 31.0295 19.3484 -41.1197
v 31.1288 20.3516 -41.1697
v 31.0513 19.3377 -41.2903
v 31.1288 20.3516 -41.1697
v 31.1506 20.3409 -41.3403
v 31.0295 19.3484 -41.1197
v 30.8594 19.3641 -41.1424
v 30.9588 20.3673 -41.1924
v 31.0295 19.3484 -41.1197
v 30.9588 20.3673 -41.1924
v 31.1288 20.3516 -41.1697
v 30.8594 19.3641 -41.1424
v 30.8812 19.3534 -41.3129
v 30.9805 20.3566 -41.3630
v 30.8594 19.3641 -41.1424
v 30.9805 20.3566 -41.3630
v 30.9588 20.3673 -41.1924
v -0.5744 12.7180 25.9626
v -0.3742 12.7162 25.8567
v -0.3150 14.0388 25.9461
v -0.5744 12.7180 25.9626
v -0.3150 14.0388 25.9461
v -0.5152 14.0406 26.0520
v -0.3742 12.7162 25.8567
v -0.2687 12.6980 26.0563
v -0.2095 14.0206 26.1457
v -0.3742 12.7162 25.8567
v -0.2095 14.0206 26.1457
v -0.3150 14.0388 25.9461
v -0.2687 12.6980 26.0563
v -0.4689 12.6998 26.1622
v -0.4097 14.0224 26.2516
v -0.2687 12.6980 26.0563
v -0.4097 14.0224 26.2516
v -0.2095 14.0206 26.1457
v -0.4689 12.6998 26.1622
v -0.5744 12.7180 25.9626
v -0.5152 14.0406 26.0520
v -0.4689 12.6998 26.1622
v -0.5152 14.0406 26.0520
v -0.4097 14.0224 26.2516
v 51.2733 19.6335 -28.5083
v 51.6029 19.6002 -28.5269
v 51.7922 21.5321 -28.6259
v 51.2733 19.6335 -28.5083
v 51.7922 21.5321 -28.6259
v 51.4626 21.5653 -28.6073
v 51.6029 19.6002 -28.5269
v 51.6230 19.6152 -28.1961
v 51.8123 21.5471 -28.2951
v 51.6029 19.6002 -28.5269
v 51.8123 21.5471 -28.2951
v 51.7922 21.5321 -28.6259
v 51.6230 19.6152 -28.1961
v 51.2935 19.6484 -28.1775
v 51.4827 21.5803 -28.2765
v 51.6230 19.6152 -28.1961
v 51.4827 21.5803 -28.2765
v 51.8123 21.5471 -28.2951
v 51.2935 19.6484 -28.1775
v 51.2733 19.6335 -28.5083
v 51.4626 21.5653 -28.6073
v 51.2935 19.6484 -28.1775
v 51.4626 21.5653 -28.6073
v 51.4827 21.5803 -28.2765
v 21.9975 17.0316 -16.3386
v 22.1418 17.0395 -16.5360
v 22.1034 18.4719 -16.5071
v 21.9975 17.0316 -16.3386
v 22.1034 18.4719 -16.5071
v 21.9591 18.4640 -16.3097
v 22.1418 17.0395 -16.5360
v 22.3392 17.0419 -16.3916
v 22.3008 18.4743 -16.3627
v 22.1418 17.0395 -16.5360
v 22.3008 18.4743 -16.3627
v 22.1034 18.4719 -16.5071
v 22.3392 17.0419 -16.3916
v 22.1949 17.0340 -16.1942
v 22.1566 18.4664 -16.1653
v 22.3392 17.0419 -16.3916
v 22.1566 18.4664 -16.1653
v 22.3008 18.4743 -16.3627
v 22.1949 17.0340 -16.1942
v 21.9975 17.0316 -16.3386
v 21.9591 18.4640 -16.3097
v 22.1949 17.0340 -16.1942
v 21.9591 18.4640 -16.3097
v 22.1566 18.4664 -16.1653
v 48.8393 13.5301 38.8770
v 48.5149 13.5161 38.9533
v 48.4448 15.4683 39.0135
v 48.8393 13.5301 38.8770
v 48.4448 15.4683 39.0135
v 48.7693 15.4823 38.9373
v 48.5149 13.5161 38.9533
v 48.4383 13.5234 38.6287
v 48.3682 15.4756 38.6889
v 48.5149 13.5161 38.9533
v 48.3682 15.4756 38.6889
v 48.4448 15.4683 39.0135
v 48.4383 13.5234 38.6287
v 48.7627 13.5374 38.5525
v 48.6927 15.4896 38.6127
v 48.4383 13.5234 38.6287
v 48.6927 15.4896 38.6127
v 48.3682 15.4756 38.6889
v 48.7627 13.5374 38.5525
v 48.8393 13.5301 38.8770
v 48.7693 15.4823 38.9373
v 48.7627 13.5374 38.5525
v 48.7693 15.4823 38.9373
v 48.6927 15.4896 38.6127
v 8.7728 17.8011 -34.8950
v 8.4601 17.8207 -34.8393
v 8.6044 19.6722 -34.6799
v 8.7728 17.8011 -34.8950
v 8.6044 19.6722 -34.6799
v 8.9170 19.6526 -34.7357
v 8.4601 17.8207 -34.8393
v 8.4064 17.8517 -35.1514
v 8.5507 19.7032 -34.9920
v 8.4601 17.8207 -34.8393
v 8.5507 19.7032 -34.9920
v 8.6044 19.6722 -34.6799
v 8.4064 17.8517 -35.1514
v 8.7191 17.8321 -35.2071
v 8.8634 19.6837 -35.0477
v 8.4064 17.8517 -35.1514
v 8.8634 19.6837 -35.0477
v 8.5507 19.7032 -34.9920
v 8.7191 17.8321 -35.2071
v 8.7728 17.8011 -34.8950
v 8.9170 19.6526 -34.7357
v 8.7191 17.8321 -35.2071
v 8.9170 19.6526 -34.7357
v 8.8634 19.6837 -35.0477
v 2.6365 12.6047 30.7597
v 2.3194 12.6129 30.6278
v 2.4006 14.6224 30.5583
v 2.6365 12.6047 30.7597
v 2.4006 14.6224 30.5583
v 2.7176 14.6141 30.6901
v 2.3194 12.6129 30.6278
v 2.4508 12.5966 30.3109
v 2.5319 14.6061 30.2414
v 2.3194 12.6129 30.6278
v 2.5319 14.6061 30.2414
v 2.4006 14.6224 30.5583
v 2.4508 12.5966 30.3109
v 2.7679 12.5884 30.4427
v 2.8490 14.5979 30.3732
v 2.4508 12.5966 30.3109
v 2.8490 14.5979 30.3732
v 2.5319 14.6061 30.2414
v 2.7679 12.5884 30.4427
v 2.6365 12.6047 30.7597
v 2.7176 14.6141 30.6901
v 2.7679 12.5884 30.4427
v 2.7176 14.6141 30.6901
v 2.8490 14.5979 30.3732
v 41.0766 15.8570 12.5890
v 40.8701 15.8690 12.6052
v 40.9453 17.0805 12.6651
v 41.0766 15.8570 12.5890
v 40.9453 17.0805 12.6651
v 41.1517 17.0685 12.6488
v 40.8701 15.8690 12.6052
v 40.8546 15.8802 12.3987
v 40.9297 17.0917 12.4585
v 40.8701 15.8690 12.6052
v 40.9297 17.0917 12.4585
v 40.9453 17.0805 12.6651
v 40.8546 15.8802 12.3987
v 41.0610 15.8682 12.3824
v 41.1362 17.0797 12.4423
v 40.8546 15.8802 12.3987
v 41.1362 17.0797 12.4423
v 40.9297 17.0917 12.4585
v 41.0610 15.8682 12.3824
v 41.0766 15.8570 12.5890
v 41.1517 17.0685 12.6488
v 41.0610 15.8682 12.3824
v 41.1517 17.0685 12.6488
v 41.1362 17.0797 12.4423
v 14.8993 18.7466 -43.6333
v 14.6338 18.7283 -43.7440
v 14.4479 20.3984 -43.5748
v 14.8993 18.7466 -43.6333
v 14.4479 20.3984 -43.5748
v 14.7135 20.4167 -43.4641
v 14.6338 18.7283 -43.7440
v 14.7414 18.7671 -44.0086
v 14.5556 20.4371 -43.8394
v 14.6338 18.7283 -43.7440
v 14.5556 20.4371 -43.8394
v 14.4479 20.3984 -43.5748
v 14.7414 18.7671 -44.0086
v 15.0070 18.7854 -43.8979
v 14.8211 20.4555 -43.7287
v 14.7414 18.7671 -44.0086
v 14.8211 20.4555 -43.7287
v 14.5556 20.4371 -43.8394
v 15.0070 18.7854 -43.8979
v 14.8993 18.7466 -43.6333
v 14.7135 20.4167 -43.4641
v 15.0070 18.7854 -43.8979
v 14.7135 20.4167 -43.4641
v 14.8211 20.4555 -43.7287
v 10.0405 16.6082 -19.6149
v 10.2190 16.5965 -19.6792
v 10.3046 17.7063 -19.6429
v 10.0405 16.6082 -19.6149
v 10.3046 17.7063 -19.6429
v 10.1260 17.7180 -19.5786
v 10.2190 16.5965 -19.6792
v 10.2826 16.5858 -19.5004
v 10.3682 17.6955 -19.4641
v 10.2190 16.5965 -19.6792
v 10.3682 17.6955 -19.4641
v 10.3046 17.7063 -19.6429
v 10.2826 16.5858 -19.5004
v 10.1041 16.5974 -19.4361
v 10.1897 17.7072 -19.3998
v 10.2826 16.5858 -19.5004
v 10.1897 17.7072 -19.3998
v 10.3682 17.6955 -19.4641
v 10.1041 16.5974 -19.4361
v 10.0405 16.6082 -19.6149
v 10.1260 17.7180 -19.5786
v 10.1041 16.5974 -19.4361
v 10.1260 17.7180 -19.5786
v 10.1897 17.7072 -19.3998
vt 0.00000 1.00000
vt 0.00000 1.00000
vt 0.00000 1.00000
vt 0.00000 1.00000
vt 0.00000 1.00000
vt 0.00000 1.00000
vt 0.00000 1.00000
vt 0.00000 1.00000
vt 0.00000 1.00000
vt 0.00000 1.00000
vt 0.00000 1.00000
vt 0.00000 1.00000
vt 0.00000 1.00000
vt 0.00000 1.00000
vt 0.00000 1.00000
vt 0.00000 1.00000
vt 0.00000 1.00000
vt 0.00000 1.00000
vt 0.00000 1.00000
vt 0.00000 1.00000
vt 0.00000 1.00000
vt 0.00000 1.00000
vt 0.00000 1.00000
vt 0.00000 1.00000
vt 0.00000 1.00000
vt 0.00000 1.00000
vt 0.00000 1.00000
vt 0.00000 1.00000
vt 0.00000 1.00000
vt 0.00000 1.00000
vt 0.00000 1.00000
vt 0.00000 1.00000
vt 0.00000 1.00000
vt 0.00000 1.00000
vt 0.00000 1.00000
vt 0.00000 1.00000
vt 0.00000 1.00000
vt 0.00000 1.00000
vt 0.00000 1.00000
vt 0.00000 1.00000
vt 0.00000 1.00000
vt 0.00000 1.00000
vt 0.00000 1.00000
vt 0.00000 1.00000
vt 0.00000 1.00000
vt 0.00000 1.00000
vt 0.00000 1.00000
vt 0.00000 1.00000
vt 0.00000 1.00000
vt 0.00000 1.00000
vt 0.00000 1.00000
vt 0.00000 1.00000
vt 0.00000 1.00000
vt 0.00000 1.00000
vt 0.00000 1.00000
vt 0.00000 1.00000
vt 0.00000 1.00000
vt 0.00000 1.00000
vt 0.00000 1.00000
vt 0.00000 1.00000
vt 0.00000 1.00000
vt 0.00000 1.00000
vt 0.00000 1.00000
vt 0.00000 1.00000
vt 0.00000 1.00000
vt 0.00000 1.00000
vt 0.00000 1.00000
vt 0.00000 1.00000
vt 0.00000 1.00000
vt 0.00000 1.00000
vt 0.00000 1.00000
vt 0.00000 1.00000
vt 0.00000 1.00000
vt 0.00000 1.00000
vt 0.00000 1.00000
vt 0.00000 1.00000
vt 0.00000 1.00000
vt 0.00000 1.00000
vt 0.00000 1.00000
vt 0.00000 1.00000
vt 0.00000 1.00000
vt 0.00000 1.00000
vt 0.00000 1.00000
vt 0.00000 1.00000
vt 0.00000 1.00000
vt 0.00000 1.00000
vt 0.00000 1.00000
vt 0.00000 1.00000
vt 0.00000 1.00000
vt 0.00000 1.00000
vt 0.00000 1.00000
vt 0.00000 1.00000
vt 0.00000 1.00000
vt 0.00000 1.00000
vt 0.00000 1.00000
vt 0.00000 1.00000
vt 0.00000 1.00000
vt 0.00000 1.00000
vt 0.00000 1.00000
vt 0.00000 1.00000
vt 0.00000 1.00000
vt 0.00000 1.00000
vt 0.00000 1.00000
vt 0.00000 1.00000
vt 0.00000 1.00000
vt 0.00000 1.00000
vt 0.00000 1.00000
vt 0.00000 1.00000
vt 0.00000 1.00000
vt 0.00000 1.00000
vt 0.00000 1.00000
vt 0.00000 1.00000
vt 0.00000 1.00000
vt 0.00000 1.00000
vt 0.00000 1.00000
vt 0.00000 1.00000
vt 0.00000 1.00000
vt 0.00000 1.00000
vt 0.00000 1.00000
vt 0.00000 1.00000
vt 0.00000 1.00000
vt 0.00000 1.00000
vt 0.00000 1.00000
vt 0.00000 1.00000
vt 0.00000 1.00000
vt 0.00000 1.00000
vt 0.00000 1.00000
vt 0.00000 1.00000
vt 0.00000 1.00000
vt 0.00000 1.00000
vt 0.00000 1.00000
vt 0.00000 1.00000
vt 0.00000 1.00000
vt 0.00000 1.00000
vt 0.00000 1.00000
vt 0.00000 1.00000
vt 0.00000 1.00000
vt 0.00000 1.00000
vt 0.00000 1.00000
vt 0.00000 1.00000
vt 0.00000 1.00000
vt 0.00000 1.00000
vt 0.00000 1.00000
vt 0.00000 1.00000
vt 0.00000 1.00000
vt 0.00000 1.00000
vt 0.00000 1.00000
vt 0.00000 1.00000
vt 0.00000 1.00000
vt 0.00000 1.00000
vt 0.00000 1.00000
vt 0.00000 1.00000
vt 0.00000 1.00000
vt 0.00000 1.00000
vt 0.00000 1.00000
vt 0.00000 1.00000
vt 0.00000 1.00000
vt 0.00000 1.00000
vt 0.00000 1.00000
vt 0.00000 1.00000
vt 0.00000 1.00000
vt 0.00000 1.00000
vt 0.00000 1.00000
vt 0.00000 1.00000
vt 0.00000 1.00000
vt 0.00000 1.00000
vt 0.00000 1.00000
vt 0.00000 1.00000
vt 0.00000 1.00000
vt 0.00000 1.00000
vt 0.00000 1.00000
vt 0.00000 1.00000
vt 0.00000 1.00000
vt 0.00000 1.00000
vt 0.00000 1.00000
vt 0.00000 1.00000
vt 0.00000 1.00000
vt 0.00000 1.00000
vt 0.00000 1.00000
vt 0.00000 1.00000
vt 0.00000 1.00000
vt 0.00000 1.00000
vt 0.00000 1.00000
vt 0.00000 1.00000
vt 0.00000 1.00000
vt 0.00000 1.00000
vt 0.00000 1.00000
vt 0.00000 1.00000
vt 0.00000 1.00000
vt 0.00000 1.00000
vt 0.00000 1.00000
vt 0.00000 1.00000
vt 0.00000 1.00000
vt 0.00000 1.00000
vt 0.00000 1.00000
vt 0.00000 1.00000
vt 0.00000 1.00000
vt 0.00000 1.00000
vt 0.00000 1.00000
vt 0.00000 1.00000
vt 0.00000 1.00000
vt 0.00000 1.00000
vt 0.00000 1.00000
vt 0.00000 1.00000
vt 0.00000 1.00000
vt 0.00000 1.00000
vt 0.00000 1.00000
vt 0.00000 1.00000
vt 0.00000 1.00000
vt 0.00000 1.00000
vt 0.00000 1.00000
vt 0.00000 1.00000
vt 0.00000 1.00000
vt 0.00000 1.00000
vt 0.00000 1.00000
vt 0.00000 1.00000
vt 0.00000 1.00000
vt 0.00000 1.00000
vt 0.00000 1.00000
vt 0.00000 1.00000
vt 0.00000 1.00000
vt 0.00000 1.00000
vt 0.00000 1.00000
vt 0.00000 1.00000
vt 0.00000 1.00000
vt 0.00000 1.00000
vt 0.00000 1.00000
vt 0.00000 1.00000
vt 0.00000 1.00000
vt 0.00000 1.00000
vt 0.00000 1.00000
vt 0.00000 1.00000
vt 0.00000 1.00000
vt 0.00000 1.00000
vt 0.00000 1.00000
vt 0.00000 1.00000
vt 0.00000 1.00000
vt 0.00000 1.00000
vt 0.00000 1.00000
vt 0.00000 1.00000
vt 0.00000 1.00000
vt 0.00000 1.00000
vt 0.00000 1.00000
vt 0.00000 1.00000
vt 0.00000 1.00000
vt 0.00000 1.00000
vt 0.00000 1.00000
vt 0.00000 1.00000
vt 0.00000 1.00000
vt 0.00000 1.00000
vt 0.00000 1.00000
vt 0.00000 1.00000
vt 0.00000 1.00000
vt 0.00000 1.00000
vt 0.00000 1.00000
vt 0.00000 1.00000
vt 0.00000 1.00000
vt 0.00000 1.00000
vt 0.00000 1.00000
vt 0.00000 1.00000
vt 0.00000 1.00000
vt 0.00000 1.00000
vt 0.00000 1.00000
vt 0.00000 1.00000
vt 0.00000 1.00000
vt 0.00000 1.00000
vt 0.00000 1.00000
vt 0.00000 1.00000
vt 0.00000 1.00000
vt 0.00000 1.00000
vt 0.00000 1.00000
vt 0.00000 1.00000
vt 0.00000 1.00000
vt 0.00000 1.00000
vt 0.00000 1.00000
vt 0.00000 1.00000
vt 0.00000 1.00000
vt 0.00000 1.00000
vt 0.00000 1.00000
vt 0.00000 1.00000
vt 0.00000 1.00000
vt 0.00000 1.00000
vt 0.00000 1.00000
vt 0.00000 1.00000
vt 0.00000 1.00000
vt 0.00000 1.00000
vt 0.00000 1.00000
vt 0.00000 1.00000
vt 0.00000 1.00000
vt 0.00000 1.00000
vt 0.00000 1.00000
vt 0.00000 1.00000
vt 0.00000 1.00000
vt 0.00000 1.00000
vt 0.00000 1.00000
vt 0.00000 1.00000
vt 0.00000 1.00000
vt 0.00000 1.00000
vt 0.00000 1.00000
vt 0.00000 1.00000
vt 0.00000 1.00000
vt 0.00000 1.00000
vt 0.00000 1.00000
vt 0.00000 1.00000
vt 0.00000 1.00000
vt 0.00000 1.00000
vt 0.00000 1.00000
vt 0.00000 1.00000
vt 0.00000 1.00000
vt 0.00000 1.00000
vt 0.00000 1.00000
vt 0.00000 1.00000
vt 0.00000 1.00000
vt 0.00000 1.00000
vt 0.00000 1.00000
vt 0.00000 1.00000
vt 0.00000 1.00000
vt 0.00000 1.00000
vt 0.00000 1.00000
vt 0.00000 1.00000
vt 0.00000 1.00000
vt 0.00000 1.00000
vt 0.00000 1.00000
vt 0.00000 1.00000
vt 0.00000 1.00000
vt 0.00000 1.00000
vt 0.00000 1.00000
vt 0.00000 1.00000
vt 0.00000 1.00000
vt 0.00000 1.00000
vt 0.00000 1.00000
vt 0.00000 1.00000
vt 0.00000 1.00000
vt 0.00000 1.00000
vt 0.00000 1.00000
vt 0.00000 1.00000
vt 0.00000 1.00000
vt 0.00000 1.00000
vt 0.00000 1.00000
vt 0.00000 1.00000
vt 0.00000 1.00000
vt 0.00000 1.00000
vt 0.00000 1.00000
vt 0.00000 1.00000
vt 0.00000 1.00000
vt 0.00000 1.00000
vt 0.00000 1.00000
vt 0.00000 1.00000
vt 0.00000 1.00000
vt 0.00000 1.00000
vt 0.00000 1.00000
vt 0.00000 1.00000
vt 0.00000 1.00000
vt 0.00000 1.00000
vt 0.00000 1.00000
vt 0.00000 1.00000
vt 0.00000 1.00000
vt 0.00000 1.00000
vt 0.00000 1.00000
vt 0.00000 1.00000
vt 0.00000 1.00000
vt 0.00000 1.00000
vt 0.00000 1.00000
vt 0.00000 1.00000
vt 0.00000 1.00000
vt 0.00000 1.00000
vt 0.00000 1.00000
vt 0.00000 1.00000
vt 0.00000 1.00000
vt 0.00000 1.00000
vt 0.00000 1.00000
vt 0.00000 1.00000
vt 0.00000 1.00000
vt 0.00000 1.00000
vt 0.00000 1.00000
vt 0.00000 1.00000
vt 0.00000 1.00000
vt 0.00000 1.00000
vt 0.00000 1.00000
vt 0.00000 1.00000
vt 0.00000 1.00000
vt 0.00000 1.00000
vt 0.00000 1.00000
vt 0.00000 1.00000
vt 0.00000 1.00000
vt 0.00000 1.00000
vt 0.00000 1.00000
vt 0.00000 1.00000
vt 0.00000 1.00000
vt 0.00000 1.00000
vt 0.00000 1.00000
vt 0.00000 1.00000
vt 0.00000 1.00000
vt 0.00000 1.00000
vt 0.00000 1.00000
vt 0.00000 1.00000
vt 0.00000 1.00000
vt 0.00000 1.00000
vt 0.00000 1.00000
vt 0.00000 1.00000
vt 0.00000 1.00000
vt 0.00000 1.00000
vt 0.00000 1.00000
vt 0.00000 1.00000
vt 0.00000 1.00000
vt 0.00000 1.00000
vt 0.00000 1.00000
vt 0.00000 1.00000
vt 0.00000 1.00000
vt 0.00000 1.00000
vt 0.00000 1.00000
vt 0.00000 1.00000
vt 0.00000 1.00000
vt 0.00000 1.00000
vt 0.00000 1.00000
vt 0.00000 1.00000
vt 0.00000 1.00000
vt 0.00000 1.00000
vt 0.00000 1.00000
vt 0.00000 1.00000
vt 0.00000 1.00000
vt 0.00000 1.00000
vt 0.00000 1.00000
vt 0.00000 1.00000
vt 0.00000 1.00000
vt 0.00000 1.00000
vt 0.00000 1.00000
vt 0.00000 1.00000
vt 0.00000 1.00000
vt 0.00000 1.00000
vt 0.00000 1.00000
vt 0.00000 1.00000
vt 0.00000 1.00000
vt 0.00000 1.00000
vt 0.00000 1.00000
vt 0.00000 1.00000
vt 0.00000 1.00000
vt 0.00000 1.00000
vt 0.00000 1.00000
vt 0.00000 1.00000
vt 0.00000 1.00000
vt 0.00000 1.00000
vt 0.00000 1.00000
vt 0.00000 1.00000
vt 0.00000 1.00000
vt 0.00000 1.00000
vt 0.00000 1.00000
vt 0.00000 1.00000
vt 0.00000 1.00000
vt 0.00000 1.00000
vt 0.00000 1.00000
vt 0.00000 1.00000
vt 0.00000 1.00000
vt 0.00000 1.00000
vt 0.00000 1.00000
vt 0.00000 1.00000
vt 0.00000 1.00000
vt 0.00000 1.00000
vt 0.00000 1.00000
vt 0.00000 1.00000
vt 0.00000 1.00000
vt 0.00000 1.00000
vt 0.00000 1.00000
vt 0.00000 1.00000
vt 0.00000 1.00000
vt 0.00000 1.00000
vt 0.00000 1.00000
vt 0.00000 1.00000
vt 0.00000 1.00000
vt 0.00000 1.00000
vt 0.00000 1.00000
vt 0.00000 1.00000
vt 0.00000 1.00000
vt 0.00000 1.00000
vt 0.00000 1.00000
vt 0.00000 1.00000
vt 0.00000 1.00000
vt 0.00000 1.00000
vt 0.00000 1.00000
vt 0.00000 1.00000
vt 0.00000 1.00000
vt 0.00000 1.00000
vt 0.00000 1.00000
vt 0.00000 1.00000
vt 0.00000 1.00000
vt 0.00000 1.00000
vt 0.00000 1.00000
vt 0.00000 1.00000
vt 0.00000 1.00000
vt 0.00000 1.00000
vt 0.00000 1.00000
vt 0.00000 1.00000
vt 0.00000 1.00000
vt 0.00000 1.00000
vt 0.00000 1.00000
vt 0.00000 1.00000
vt 0.00000 1.00000
vt 0.00000 1.00000
vt 0.00000 1.00000
vt 0.00000 1.00000
vt 0.00000 1.00000
vt 0.00000 1.00000
vt 0.00000 1.00000
vt 0.00000 1.00000
vt 0.00000 1.00000
vt 0.00000 1.00000
vt 0.00000 1.00000
vt 0.00000 1.00000
vt 0.00000 1.00000
vt 0.00000 1.00000
vt 0.00000 1.00000
vt 0.00000 1.00000
vt 0.00000 1.00000
vt 0.00000 1.00000
vt 0.00000 1.00000
vt 0.00000 1.00000
vt 0.00000 1.00000
vt 0.00000 1.00000
vt 0.00000 1.00000
vt 0.00000 1.00000
vt 0.00000 1.00000
vt 0.00000 1.00000
vt 0.00000 1.00000
vt 0.00000 1.00000
vt 0.00000 1.00000
vt 0.00000 1.00000
vt 0.00000 1.00000
vt 0.00000 1.00000
vt 0.00000 1.00000
vt 0.00000 1.00000
vt 0.00000 1.00000
vt 0.00000 1.00000
vt 0.00000 1.00000
vt 0.00000 1.00000
vt 0.00000 1.00000
vt 0.00000 1.00000
vt 0.00000 1.00000
vt 0.00000 1.00000
vt 0.00000 1.00000
vt 0.00000 1.00000
vt 0.00000 1.00000
vt 0.00000 1.00000
vt 0.00000 1.00000
vt 0.00000 1.00000
vt 0.00000 1.00000
vt 0.00000 1.00000
vt 0.00000 1.00000
vt 0.00000 1.00000
vt 0.00000 1.00000
vt 0.00000 1.00000
vt 0.00000 1.00000
vt 0.00000 1.00000
vt 0.00000 1.00000
vt 0.00000 1.00000
vt 0.00000 1.00000
vt 0.00000 1.00000
vt 0.00000 1.00000
vt 0.00000 1.00000
vt 0.00000 1.00000
vt 0.00000 1.00000
vt 0.00000 1.00000
vt 0.00000 1.00000
vt 0.00000 1.00000
vt 0.00000 1.00000
vt 0.00000 1.00000
vt 0.00000 1.00000
vt 0.00000 1.00000
vt 0.00000 1.00000
vt 0.00000 1.00000
vt 0.00000 1.00000
vt 0.00000 1.00000
vt 0.00000 1.00000
vt 0.00000 1.00000
vt 0.00000 1.00000
vt 0.00000 1.00000
vt 0.00000 1.00000
vt 0.00000 1.00000
vt 0.00000 1.00000
vt 0.00000 1.00000
vt 0.00000 1.00000
vt 0.00000 1.00000
vt 0.00000 1.00000
vt 0.00000 1.00000
vt 0.00000 1.00000
vt 0.00000 1.00000
vt 0.00000 1.00000
vt 0.00000 1.00000
vt 0.00000 1.00000
vt 0.00000 1.00000
vt 0.00000 1.00000
vt 0.00000 1.00000
vt 0.00000 1.00000
vt 0.00000 1.00000
vt 0.00000 1.00000
vt 0.00000 1.00000
vt 0.00000 1.00000
vt 0.00000 1.00000
vt 0.00000 1.00000
vt 0.00000 1.00000
vt 0.00000 1.00000
vt 0.00000 1.00000
vt 0.00000 1.00000
vt 0.00000 1.00000
vt 0.00000 1.00000
vt 0.00000 1.00000
vt 0.00000 1.00000
vt 0.00000 1.00000
vt 0.00000 1.00000
vt 0.00000 1.00000
vt 0.00000 1.00000
vt 0.00000 1.00000
vt 0.00000 1.00000
vt 0.00000 1.00000
vt 0.00000 1.00000
vt 0.00000 1.00000
vt 0.00000 1.00000
vt 0.00000 1.00000
vt 0.00000 1.00000
vt 0.00000 1.00000
vt 0.00000 1.00000
vt 0.00000 1.00000
vt 0.00000 1.00000
vt 0.00000 1.00000
vt 0.00000 1.00000
vt 0.00000 1.00000
vt 0.00000 1.00000
vt 0.00000 1.00000
vt 0.00000 1.00000
vt 0.00000 1.00000
vt 0.00000 1.00000
vt 0.00000 1.00000
vt 0.00000 1.00000
vt 0.00000 1.00000
vt 0.00000 1.00000
vt 0.00000 1.00000
vt 0.00000 1.00000
vt 0.00000 1.00000
vt 0.00000 1.00000
vt 0.00000 1.00000
vt 0.00000 1.00000
vt 0.00000 1.00000
vt 0.00000 1.00000
vt 0.00000 1.00000
vt 0.00000 1.00000
vt 0.00000 1.00000
vt 0.00000 1.00000
vt 0.00000 1.00000
vt 0.00000 1.00000
vt 0.00000 1.00000
vt 0.00000 1.00000
vt 0.00000 1.00000
vt 0.00000 1.00000
vt 0.00000 1.00000
vt 0.00000 1.00000
vt 0.00000 1.00000
vt 0.00000 1.00000
vt 0.00000 1.00000
vt 0.00000 1.00000
vt 0.00000 1.00000
vt 0.00000 1.00000
vt 0.00000 1.00000
vt 0.00000 1.00000
vt 0.00000 1.00000
vt 0.00000 1.00000
vt 0.00000 1.00000
vt 0.00000 1.00000
vt 0.00000 1.00000
vt 0.00000 1.00000
vt 0.00000 1.00000
vt 0.00000 1.00000
vt 0.00000 1.00000
vt 0.00000 1.00000
vt 0.00000 1.00000
vt 0.00000 1.00000
vt 0.00000 1.00000
vt 0.00000 1.00000
vt 0.00000 1.00000
vt 0.00000 1.00000
vt 0.00000 1.00000
vt 0.00000 1.00000
vt 0.00000 1.00000
vt 0.00000 1.00000
vt 0.00000 1.00000
vt 0.00000 1.00000
vt 0.00000 1.00000
vt 0.00000 1.00000
vt 0.00000 1.00000
vt 0.00000 1.00000
vt 0.00000 1.00000
vt 0.00000 1.00000
vt 0.00000 1.00000
vt 0.00000 1.00000
vt 0.00000 1.00000
vt 0.00000 1.00000
vt 0.00000 1.00000
vt 0.00000 1.00000
vt 0.00000 1.00000
vt 0.00000 1.00000
vt 0.00000 1.00000
vt 0.00000 1.00000
vt 0.00000 1.00000
vt 0.00000 1.00000
vt 0.00000 1.00000
vt 0.00000 1.00000
vt 0.00000 1.00000
vt 0.00000 1.00000
vt 0.00000 1.00000
vt 0.00000 1.00000
vt 0.00000 1.00000
vt 0.00000 1.00000
vt 0.00000 1.00000
vt 0.00000 1.00000
vt 0.00000 1.00000
vt 0.00000 1.00000
vt 0.00000 1.00000
vt 0.00000 1.00000
vt 0.00000 1.00000
vt 0.00000 1.00000
vt 0.00000 1.00000
vt 0.00000 1.00000
vt 0.00000 1.00000
vt 0.00000 1.00000
vt 0.00000 1.00000
vt 0.00000 1.00000
vt 0.00000 1.00000
vt 0.00000 1.00000
vt 0.00000 1.00000
vt 0.00000 1.00000
vt 0.00000 1.00000
vt 0.00000 1.00000
vt 0.00000 1.00000
vt 0.00000 1.00000
vt 0.00000 1.00000
vt 0.00000 1.00000
vt 0.00000 1.00000
vt 0.00000 1.00000
vt 0.00000 1.00000
vt 0.00000 1.00000
vt 0.00000 1.00000
vt 0.00000 1.00000
vt 0.00000 1.00000
vt 0.00000 1.00000
vt 0.00000 1.00000
vt 0.00000 1.00000
vt 0.00000 1.00000
vt 0.00000 1.00000
vt 0.00000 1.00000
vt 0.00000 1.00000
vt 0.00000 1.00000
vt 0.00000 1.00000
vt 0.00000 1.00000
vt 0.00000 1.00000
vt 0.00000 1.00000
vt 0.00000 1.00000
vt 0.00000 1.00000
vt 0.00000 1.00000
vt 0.00000 1.00000
vt 0.00000 1.00000
vt 0.00000 1.00000
vt 0.00000 1.00000
vt 0.00000 1.00000
vt 0.00000 1.00000
vt 0.00000 1.00000
vt 0.00000 1.00000
vt 0.00000 1.00000
vt 0.00000 1.00000
vt 0.00000 1.00000
vt 0.00000 1.00000
vt 0.00000 1.00000
vt 0.00000 1.00000
vt 0.00000 1.00000
vt 0.00000 1.00000
vt 0.00000 1.00000
vt 0.00000 1.00000
vt 0.00000 1.00000
vt 0.00000 1.00000
vt 0.00000 1.00000
vt 0.00000 1.00000
vt 0.00000 1.00000
vt 0.00000 1.00000
vt 0.00000 1.00000
vt 0.00000 1.00000
vt 0.00000 1.00000
vt 0.00000 1.00000
vt 0.00000 1.00000
vt 0.00000 1.00000
vt 0.00000 1.00000
vt 0.00000 1.00000
vt 0.00000 1.00000
vt 0.00000 1.00000
vt 0.00000 1.00000
vt 0.00000 1.00000
vt 0.00000 1.00000
vt 0.00000 1.00000
vt 0.00000 1.00000
vt 0.00000 1.00000
vt 0.00000 1.00000
vt 0.00000 1.00000
vt 0.00000 1.00000
vt 0.00000 1.00000
vt 0.00000 1.00000
vt 0.00000 1.00000
vt 0.00000 1.00000
vt 0.00000 1.00000
vt 0.00000 1.00000
vt 0.00000 1.00000
vt 0.00000 1.00000
vt 0.00000 1.00000
vt 0.00000 1.00000
vt 0.00000 1.00000
vt 0.00000 1.00000
vt 0.00000 1.00000
vt 0.00000 1.00000
vt 0.00000 1.00000
vt 0.00000 1.00000
vt 0.00000 1.00000
vt 0.00000 1.00000
vt 0.00000 1.00000
vt 0.00000 1.00000
vt 0.00000 1.00000
vt 0.00000 1.00000
vt 0.00000 1.00000
vt 0.00000 1.00000
vt 0.00000 1.00000
vt 0.00000 1.00000
vt 0.00000 1.00000
vt 0.00000 1.00000
vt 0.00000 1.00000
vt 0.00000 1.00000
vt 0.00000 1.00000
vt 0.00000 1.00000
vt 0.00000 1.00000
vt 0.00000 1.00000
vt 0.00000 1.00000
vt 0.00000 1.00000
vt 0.00000 1.00000
vt 0.00000 1.00000
vt 0.00000 1.00000
vt 0.00000 1.00000
vt 0.00000 1.00000
vt 0.00000 1.00000
vt 0.00000 1.00000
vt 0.00000 1.00000
vt 0.00000 1.00000
vt 0.00000 1.00000
vt 0.00000 1.00000
vt 0.00000 1.00000
vt 0.00000 1.00000
vt 0.00000 1.00000
vt 0.00000 1.00000
vt 0.00000 1.00000
vt 0.00000 1.00000
vt 0.00000 1.00000
vt 0.00000 1.00000
vt 0.00000 1.00000
vt 0.00000 1.00000
vt 0.00000 1.00000
vt 0.00000 1.00000
vt 0.00000 1.00000
vt 0.00000 1.00000
vt 0.00000 1.00000
vt 0.00000 1.00000
vt 0.00000 1.00000
vt 0.00000 1.00000
vt 0.00000 1.00000
vt 0.00000 1.00000
vt 0.00000 1.00000
vt 0.00000 1.00000
vt 0.00000 1.00000
vt 0.00000 1.00000
vt 0.00000 1.00000
vt 0.00000 1.00000
vt 0.00000 1.00000
vt 0.00000 1.00000
vt 0.00000 1.00000
vt 0.00000 1.00000
vt 0.00000 1.00000
vt 0.00000 1.00000
vt 0.00000 1.00000
vt 0.00000 1.00000
vt 0.00000 1.00000
vt 0.00000 1.00000
vt 0.00000 1.00000
vt 0.00000 1.00000
vt 0.00000 1.00000
vt 0.00000 1.00000
vt 0.00000 1.00000
vt 0.00000 1.00000
vt 0.00000 1.00000
vt 0.00000 1.00000
vt 0.00000 1.00000
vt 0.00000 1.00000
vt 0.00000 1.00000
vt 0.00000 1.00000
vt 0.00000 1.00000
vt 0.00000 1.00000
vt 0.00000 1.00000
vt 0.00000 1.00000
vt 0.00000 1.00000
vt 0.00000 1.00000
vt 0.00000 1.00000
vt 0.00000 1.00000
vt 0.00000 1.00000
vt 0.00000 1.00000
vt 0.00000 1.00000
vt 0.00000 1.00000
vt 0.00000 1.00000
vt 0.00000 1.00000
vt 0.00000 1.00000
vt 0.00000 1.00000
vt 0.00000 1.00000
vt 0.00000 1.00000
vt 0.00000 1.00000
vt 0.00000 1.00000
vt 0.00000 1.00000
vt 0.00000 1.00000
vt 0.00000 1.00000
vt 0.00000 1.00000
vt 0.00000 1.00000
vt 0.00000 1.00000
vt 0.00000 1.00000
vt 0.00000 1.00000
vt 0.00000 1.00000
vt 0.00000 1.00000
vt 0.00000 1.00000
vt 0.00000 1.00000
vt 0.00000 1.00000
vt 0.00000 1.00000
vt 0.00000 1.00000
vt 0.00000 1.00000
vt 0.00000 1.00000
vt 0.00000 1.00000
vt 0.00000 1.00000
vt 0.00000 1.00000
vt 0.00000 1.00000
vt 0.00000 1.00000
vt 0.00000 1.00000
vt 0.00000 1.00000
vt 0.00000 1.00000
vt 0.00000 1.00000
vt 0.00000 1.00000
vt 0.00000 1.00000
vt 0.00000 1.00000
vt 0.00000 1.00000
vt 0.00000 1.00000
vt 0.00000 1.00000
vt 0.00000 1.00000
vt 0.00000 1.00000
vt 0.00000 1.00000
vt 0.00000 1.00000
vt 0.00000 1.00000
vt 0.00000 1.00000
vt 0.00000 1.00000
vt 0.00000 1.00000
vt 0.00000 1.00000
vt 0.00000 1.00000
vt 0.00000 1.00000
vt 0.00000 1.00000
vt 0.00000 1.00000
vt 0.00000 1.00000
vt 0.00000 1.00000
vt 0.00000 1.00000
vt 0.00000 1.00000
vt 0.00000 1.00000
vt 0.00000 1.00000
vt 0.00000 1.00000
vt 0.00000 1.00000
vt 0.00000 1.00000
vt 0.00000 1.00000
vt 0.00000 1.00000
vt 0.00000 1.00000
vt 0.00000 1.00000
vt 0.00000 1.00000
vt 0.00000 1.00000
vt 0.00000 1.00000
vt 0.00000 1.00000
vt 0.00000 1.00000
vt 0.00000 1.00000
vt 0.00000 1.00000
vt 0.00000 1.00000
vt 0.00000 1.00000
vt 0.00000 1.00000
vt 0.00000 1.00000
vt 0.00000 1.00000
vt 0.00000 1.00000
vt 0.00000 1.00000
vt 0.00000 1.00000
vt 0.00000 1.00000
vt 0.00000 1.00000
vt 0.00000 1.00000
vt 0.00000 1.00000
vt 0.00000 1.00000
vt 0.00000 1.00000
vt 0.00000 1.00000
vt 0.00000 1.00000
vt 0.00000 1.00000
vt 0.00000 1.00000
vt 0.00000 1.00000
vt 0.00000 1.00000
vt 0.00000 1.00000
vt 0.00000 1.00000
vt 0.00000 1.00000
vt 0.00000 1.00000
vt 0.00000 1.00000
vt 0.00000 1.00000
vt 0.00000 1.00000
vt 0.00000 1.00000
vt 0.00000 1.00000
vt 0.00000 1.00000
vt 0.00000 1.00000
vt 0.00000 1.00000
vt 0.00000 1.00000
vt 0.00000 1.00000
vt 0.00000 1.00000
vt 0.00000 1.00000
vt 0.00000 1.00000
vt 0.00000 1.00000
vt 0.00000 1.00000
vt 0.00000 1.00000
vt 0.00000 1.00000
vt 0.00000 1.00000
vt 0.00000 1.00000
vt 0.00000 1.00000
vt 0.00000 1.00000
vt 0.00000 1.00000
vt 0.00000 1.00000
vt 0.00000 1.00000
vt 0.00000 1.00000
vt 0.00000 1.00000
vt 0.00000 1.00000
vt 0.00000 1.00000
vt 0.00000 1.00000
vt 0.00000 1.00000
vt 0.00000 1.00000
vt 0.00000 1.00000
vt 0.00000 1.00000
vt 0.00000 1.00000
vt 0.00000 1.00000
vt 0.00000 1.00000
vt 0.00000 1.00000
vt 0.00000 1.00000
vt 0.00000 1.00000
vt 0.00000 1.00000
vt 0.00000 1.00000
vt 0.00000 1.00000
vt 0.00000 1.00000
vt 0.00000 1.00000
vt 0.00000 1.00000
vt 0.00000 1.00000
vt 0.00000 1.00000
vt 0.00000 1.00000
vt 0.00000 1.00000
vt 0.00000 1.00000
vt 0.00000 1.00000
vt 0.00000 1.00000
vt 0.00000 1.00000
vt 0.00000 1.00000
vt 0.00000 1.00000
vt 0.00000 1.00000
vt 0.00000 1.00000
vt 0.00000 1.00000
vt 0.00000 1.00000
vt 0.00000 1.00000
vt 0.00000 1.00000
vt 0.00000 1.00000
vt 0.00000 1.00000
vt 0.00000 1.00000
vt 0.00000 1.00000
vt 0.00000 1.00000
vt 0.00000 1.00000
vt 0.00000 1.00000
vt 0.00000 1.00000
vt 0.00000 1.00000
vt 0.00000 1.00000
vt 0.00000 1.00000
vt 0.00000 1.00000
vt 0.00000 1.00000
vt 0.00000 1.00000
vt 0.00000 1.00000
vt 0.00000 1.00000
vt 0.00000 1.00000
vt 0.00000 1.00000
vt 0.00000 1.00000
vt 0.00000 1.00000
vt 0.00000 1.00000
vt 0.00000 1.00000
vt 0.00000 1.00000
vt 0.00000 1.00000
vt 0.00000 1.00000
vt 0.00000 1.00000
vt 0.00000 1.00000
vt 0.00000 1.00000
vt 0.00000 1.00000
vt 0.00000 1.00000
vt 0.00000 1.00000
vt 0.00000 1.00000
vt 0.00000 1.00000
vt 0.00000 1.00000
vt 0.00000 1.00000
vt 0.00000 1.00000
vt 0.00000 1.00000
vt 0.00000 1.00000
vt 0.00000 1.00000
vt 0.00000 1.00000
vt 0.00000 1.00000
vt 0.00000 1.00000
vt 0.00000 1.00000
vt 0.00000 1.00000
vt 0.00000 1.00000
vt 0.00000 1.00000
vt 0.00000 1.00000
vt 0.00000 1.00000
vt 0.00000 1.00000
vt 0.00000 1.00000
vt 0.00000 1.00000
vt 0.00000 1.00000
vt 0.00000 1.00000
vt 0.00000 1.00000
vt 0.00000 1.00000
vt 0.00000 1.00000
vt 0.00000 1.00000
vt 0.00000 1.00000
vt 0.00000 1.00000
vt 0.00000 1.00000
vt 0.00000 1.00000
vt 0.00000 1.00000
vt 0.00000 1.00000
vt 0.00000 1.00000
vt 0.00000 1.00000
vt 0.00000 1.00000
vt 0.00000 1.00000
vt 0.00000 1.00000
vt 0.00000 1.00000
vt 0.00000 1.00000
vt 0.00000 1.00000
vt 0.00000 1.00000
vt 0.00000 1.00000
vt 0.00000 1.00000
vt 0.00000 1.00000
vt 0.00000 1.00000
vt 0.00000 1.00000
vt 0.00000 1.00000
vt 0.00000 1.00000
vt 0.00000 1.00000
vt 0.00000 1.00000
vt 0.00000 1.00000
vt 0.00000 1.00000
vt 0.00000 1.00000
vt 0.00000 1.00000
vt 0.00000 1.00000
vt 0.00000 1.00000
vt 0.00000 1.00000
vt 0.00000 1.00000
vt 0.00000 1.00000
vt 0.00000 1.00000
vt 0.00000 1.00000
vt 0.00000 1.00000
vt 0.00000 1.00000
vt 0.00000 1.00000
vt 0.00000 1.00000
vt 0.00000 1.00000
vt 0.00000 1.00000
vt 0.00000 1.00000
vt 0.00000 1.00000
vt 0.00000 1.00000
vt 0.00000 1.00000
vt 0.00000 1.00000
vt 0.00000 1.00000
vt 0.00000 1.00000
vt 0.00000 1.00000
vt 0.00000 1.00000
vt 0.00000 1.00000
vt 0.00000 1.00000
vt 0.00000 1.00000
vt 0.00000 1.00000
vt 0.00000 1.00000
vt 0.00000 1.00000
vt 0.00000 1.00000
vt 0.00000 1.00000
vt 0.00000 1.00000
vt 0.00000 1.00000
vt 0.00000 1.00000
vt 0.00000 1.00000
vt 0.00000 1.00000
vt 0.00000 1.00000
vt 0.00000 1.00000
vt 0.00000 1.00000
vt 0.00000 1.00000
vt 0.00000 1.00000
vt 0.00000 1.00000
vt 0.00000 1.00000
vt 0.00000 1.00000
vt 0.00000 1.00000
vt 0.00000 1.00000
vt 0.00000 1.00000
vt 0.00000 1.00000
vt 0.00000 1.00000
vt 0.00000 1.00000
vt 0.00000 1.00000
vt 0.00000 1.00000
vt 0.00000 1.00000
vt 0.00000 1.00000
vt 0.00000 1.00000
vt 0.00000 1.00000
vt 0.00000 1.00000
vt 0.00000 1.00000
vt 0.00000 1.00000
vt 0.00000 1.00000
vt 0.00000 1.00000
vt 0.00000 1.00000
vt 0.00000 1.00000
vt 0.00000 1.00000
vt 0.00000 1.00000
vt 0.00000 1.00000
vt 0.00000 1.00000
vt 0.00000 1.00000
vt 0.00000 1.00000
vt 0.00000 1.00000
vt 0.00000 1.00000
vt 0.00000 1.00000
vt 0.00000 1.00000
vt 0.00000 1.00000
vt 0.00000 1.00000
vt 0.00000 1.00000
vt 0.00000 1.00000
vt 0.00000 1.00000
vt 0.00000 1.00000
vt 0.00000 1.00000
vt 0.00000 1.00000
vt 0.00000 1.00000
vt 0.00000 1.00000
vt 0.00000 1.00000
vt 0.00000 1.00000
vt 0.00000 1.00000
vt 0.00000 1.00000
vt 0.00000 1.00000
vt 0.00000 1.00000
vt 0.00000 1.00000
vt 0.00000 1.00000
vt 0.00000 1.00000
vt 0.00000 1.00000
vt 0.00000 1.00000
vt 0.00000 1.00000
vt 0.00000 1.00000
vt 0.00000 1.00000
vt 0.00000 1.00000
vt 0.00000 1.00000
vt 0.00000 1.00000
vt 0.00000 1.00000
vt 0.00000 1.00000
vt 0.00000 1.00000
vt 0.00000 1.00000
vt 0.00000 1.00000
vt 0.00000 1.00000
vt 0.00000 1.00000
vt 0.00000 1.00000
vt 0.00000 1.00000
vt 0.00000 1.00000
vt 0.00000 1.00000
vt 0.00000 1.00000
vt 0.00000 1.00000
vt 0.00000 1.00000
vt 0.00000 1.00000
vt 0.00000 1.00000
vt 0.00000 1.00000
vt 0.00000 1.00000
vt 0.00000 1.00000
vt 0.00000 1.00000
vt 0.00000 1.00000
vt 0.00000 1.00000
vt 0.00000 1.00000
vt 0.00000 1.00000
vt 0.00000 1.00000
vt 0.00000 1.00000
vt 0.00000 1.00000
vt 0.00000 1.00000
vt 0.00000 1.00000
vt 0.00000 1.00000
vt 0.00000 1.00000
vt 0.00000 1.00000
vt 0.00000 1.00000
vt 0.00000 1.00000
vt 0.00000 1.00000
vt 0.00000 1.00000
vt 0.00000 1.00000
vt 0.00000 1.00000
vt 0.00000 1.00000
vt 0.00000 1.00000
vt 0.00000 1.00000
vt 0.00000 1.00000
vt 0.00000 1.00000
vt 0.00000 1.00000
vt 0.00000 1.00000
vt 0.00000 1.00000
vt 0.00000 1.00000
vt 0.00000 1.00000
vt 0.00000 1.00000
vt 0.00000 1.00000
vt 0.00000 1.00000
vt 0.00000 1.00000
vt 0.00000 1.00000
vt 0.00000 1.00000
vt 0.00000 1.00000
vt 0.00000 1.00000
vt 0.00000 1.00000
vt 0.00000 1.00000
vt 0.00000 1.00000
vt 0.00000 1.00000
vt 0.00000 1.00000
vt 0.00000 1.00000
vt 0.00000 1.00000
vt 0.00000 1.00000
vt 0.00000 1.00000
vt 0.00000 1.00000
vt 0.00000 1.00000
vt 0.00000 1.00000
vt 0.00000 1.00000
vt 0.00000 1.00000
vt 0.00000 1.00000
vt 0.00000 1.00000
vt 0.00000 1.00000
vt 0.00000 1.00000
vt 0.00000 1.00000
vt 0.00000 1.00000
vt 0.00000 1.00000
vt 0.00000 1.00000
vt 0.00000 1.00000
vt 0.00000 1.00000
vt 0.00000 1.00000
vt 0.00000 1.00000
vt 0.00000 1.00000
vt 0.00000 1.00000
vt 0.00000 1.00000
vt 0.00000 1.00000
vt 0.00000 1.00000
vt 0.00000 1.00000
vt 0.00000 1.00000
vt 0.00000 1.00000
vt 0.00000 1.00000
vt 0.00000 1.00000
vt 0.00000 1.00000
vt 0.00000 1.00000
vt 0.00000 1.00000
vt 0.00000 1.00000
vt 0.00000 1.00000
vt 0.00000 1.00000
vt 0.00000 1.00000
vt 0.00000 1.00000
vt 0.00000 1.00000
vt 0.00000 1.00000
vt 0.00000 1.00000
vt 0.00000 1.00000
vt 0.00000 1.00000
vt 0.00000 1.00000
vt 0.00000 1.00000
vt 0.00000 1.00000
vt 0.00000 1.00000
vt 0.00000 1.00000
vt 0.00000 1.00000
vt 0.00000 1.00000
vt 0.00000 1.00000
vt 0.00000 1.00000
vt 0.00000 1.00000
vt 0.00000 1.00000
vt 0.00000 1.00000
vt 0.00000 1.00000
vt 0.00000 1.00000
vt 0.00000 1.00000
vt 0.00000 1.00000
vt 0.00000 1.00000
vt 0.00000 1.00000
vt 0.00000 1.00000
vt 0.00000 1.00000
vt 0.00000 1.00000
vt 0.00000 1.00000
vt 0.00000 1.00000
vt 0.00000 1.00000
vt 0.00000 1.00000
vt 0.00000 1.00000
vt 0.00000 1.00000
vt 0.00000 1.00000
vt 0.00000 1.00000
vt 0.00000 1.00000
vt 0.00000 1.00000
vt 0.00000 1.00000
vt 0.00000 1.00000
vt 0.00000 1.00000
vt 0.00000 1.00000
vt 0.00000 1.00000
vt 0.00000 1.00000
vt 0.00000 1.00000
vt 0.00000 1.00000
vt 0.00000 1.00000
vt 0.00000 1.00000
vt 0.00000 1.00000
vt 0.00000 1.00000
vt 0.00000 1.00000
vt 0.00000 1.00000
vt 0.00000 1.00000
vt 0.00000 1.00000
vt 0.00000 1.00000
vt 0.00000 1.00000
vt 0.00000 1.00000
vt 0.00000 1.00000
vt 0.00000 1.00000
vt 0.00000 1.00000
vt 0.00000 1.00000
vt 0.00000 1.00000
vt 0.00000 1.00000
vt 0.00000 1.00000
vt 0.00000 1.00000
vt 0.00000 1.00000
vt 0.00000 1.00000
vt 0.00000 1.00000
vt 0.00000 1.00000
vt 0.00000 1.00000
vt 0.00000 1.00000
vt 0.00000 1.00000
vt 0.00000 1.00000
vt 0.00000 1.00000
vt 0.00000 1.00000
vt 0.00000 1.00000
vt 0.00000 1.00000
vt 0.00000 1.00000
vt 0.00000 1.00000
vt 0.00000 1.00000
vt 0.00000 1.00000
vt 0.00000 1.00000
vt 0.00000 1.00000
vt 0.00000 1.00000
vt 0.00000 1.00000
vt 0.00000 1.00000
vt 0.00000 1.00000
vt 0.00000 1.00000
vt 0.00000 1.00000
vt 0.00000 1.00000
vt 0.00000 1.00000
vt 0.00000 1.00000
vt 0.00000 1.00000
vt 0.00000 1.00000
vt 0.00000 1.00000
vt 0.00000 1.00000
vt 0.00000 1.00000
vt 0.00000 1.00000
vt 0.00000 1.00000
vt 0.00000 1.00000
vt 0.00000 1.00000
vt 0.00000 1.00000
vt 0.00000 1.00000
vt 0.00000 1.00000
vt 0.00000 1.00000
vt 0.00000 1.00000
vt 0.00000 1.00000
vt 0.00000 1.00000
vt 0.00000 1.00000
vt 0.00000 1.00000
vt 0.00000 1.00000
vt 0.00000 1.00000
vt 0.00000 1.00000
vt 0.00000 1.00000
vt 0.00000 1.00000
vt 0.00000 1.00000
vt 0.00000 1.00000
vt 0.00000 1.00000
vt 0.00000 1.00000
vt 0.00000 1.00000
vt 0.00000 1.00000
vt 0.00000 1.00000
vt 0.00000 1.00000
vt 0.00000 1.00000
vt 0.00000 1.00000
vt 0.00000 1.00000
vt 0.00000 1.00000
vt 0.00000 1.00000
vt 0.00000 1.00000
vt 0.00000 1.00000
vt 0.00000 1.00000
vt 0.00000 1.00000
vt 0.00000 1.00000
vt 0.00000 1.00000
vt 0.00000 1.00000
vt 0.00000 1.00000
vt 0.00000 1.00000
vt 0.00000 1.00000
vt 0.00000 1.00000
vt 0.00000 1.00000
vt 0.00000 1.00000
vt 0.00000 1.00000
vt 0.00000 1.00000
vt 0.00000 1.00000
vt 0.00000 1.00000
vt 0.00000 1.00000
vt 0.00000 1.00000
vt 0.00000 1.00000
vt 0.00000 1.00000
vt 0.00000 1.00000
vt 0.00000 1.00000
vt 0.00000 1.00000
vt 0.00000 1.00000
vt 0.00000 1.00000
vt 0.00000 1.00000
vt 0.00000 1.00000
vt 0.00000 1.00000
vt 0.00000 1.00000
vt 0.00000 1.00000
vt 0.00000 1.00000
vt 0.00000 1.00000
vt 0.00000 1.00000
vt 0.00000 1.00000
vt 0.00000 1.00000
vt 0.00000 1.00000
vt 0.00000 1.00000
vt 0.00000 1.00000
vt 0.00000 1.00000
vt 0.00000 1.00000
vt 0.00000 1.00000
vt 0.00000 1.00000
vt 0.00000 1.00000
vt 0.00000 1.00000
vt 0.00000 1.00000
vt 0.00000 1.00000
vt 0.00000 1.00000
vt 0.00000 1.00000
vt 0.00000 1.00000
vt 0.00000 1.00000
vt 0.00000 1.00000
vt 0.00000 1.00000
vt 0.00000 1.00000
vt 0.00000 1.00000
vt 0.00000 1.00000
vt 0.00000 1.00000
vt 0.00000 1.00000
vt 0.00000 1.00000
vt 0.00000 1.00000
vt 0.00000 1.00000
vt 0.00000 1.00000
vt 0.00000 1.00000
vt 0.00000 1.00000
vt 0.00000 1.00000
vt 0.00000 1.00000
vt 0.00000 1.00000
vt 0.00000 1.00000
vt 0.00000 1.00000
vt 0.00000 1.00000
vt 0.00000 1.00000
vt 0.00000 1.00000
vt 0.00000 1.00000
vt 0.00000 1.00000
vt 0.00000 1.00000
vt 0.00000 1.00000
vt 0.00000 1.00000
vt 0.00000 1.00000
vt 0.00000 1.00000
vt 0.00000 1.00000
vt 0.00000 1.00000
vt 0.00000 1.00000
vt 0.00000 1.00000
vt 0.00000 1.00000
vt 0.00000 1.00000
vt 0.00000 1.00000
vt 0.00000 1.00000
vt 0.00000 1.00000
vt 0.00000 1.00000
vt 0.00000 1.00000
vt 0.00000 1.00000
vt 0.00000 1.00000
vt 0.00000 1.00000
vt 0.00000 1.00000
vt 0.00000 1.00000
vt 0.00000 1.00000
vt 0.00000 1.00000
vt 0.00000 1.00000
vt 0.00000 1.00000
vt 0.00000 1.00000
vt 0.00000 1.00000
vt 0.00000 1.00000
vt 0.00000 1.00000
vt 0.00000 1.00000
vt 0.00000 1.00000
vt 0.00000 1.00000
vt 0.00000 1.00000
vt 0.00000 1.00000
vt 0.00000 1.00000
vt 0.00000 1.00000
vt 0.00000 1.00000
vt 0.00000 1.00000
vt 0.00000 1.00000
vt 0.00000 1.00000
vt 0.00000 1.00000
vt 0.00000 1.00000
vt 0.00000 1.00000
vt 0.00000 1.00000
vt 0.00000 1.00000
vt 0.00000 1.00000
vt 0.00000 1.00000
vt 0.00000 1.00000
vt 0.00000 1.00000
vt 0.00000 1.00000
vt 0.00000 1.00000
vt 0.00000 1.00000
vt 0.00000 1.00000
vt 0.00000 1.00000
vt 0.00000 1.00000
vt 0.00000 1.00000
vt 0.00000 1.00000
vt 0.00000 1.00000
vt 0.00000 1.00000
vt 0.00000 1.00000
vt 0.00000 1.00000
vt 0.00000 1.00000
vt 0.00000 1.00000
vt 0.00000 1.00000
vt 0.00000 1.00000
vt 0.00000 1.00000
vt 0.00000 1.00000
vt 0.00000 1.00000
vt 0.00000 1.00000
vt 0.00000 1.00000
vt 0.00000 1.00000
vt 0.00000 1.00000
vt 0.00000 1.00000
vt 0.00000 1.00000
vt 0.00000 1.00000
vt 0.00000 1.00000
vt 0.00000 1.00000
vt 0.00000 1.00000
vt 0.00000 1.00000
vt 0.00000 1.00000
vt 0.00000 1.00000
vt 0.00000 1.00000
vt 0.00000 1.00000
vt 0.00000 1.00000
vt 0.00000 1.00000
vt 0.00000 1.00000
vt 0.00000 1.00000
vt 0.00000 1.00000
vt 0.00000 1.00000
vt 0.00000 1.00000
vt 0.00000 1.00000
vt 0.00000 1.00000
vt 0.00000 1.00000
vt 0.00000 1.00000
vt 0.00000 1.00000
vt 0.00000 1.00000
vt 0.00000 1.00000
vt 0.00000 1.00000
vt 0.00000 1.00000
vt 0.00000 1.00000
vt 0.00000 1.00000
vt 0.00000 1.00000
vt 0.00000 1.00000
vt 0.00000 1.00000
vt 0.00000 1.00000
vt 0.00000 1.00000
vt 0.00000 1.00000
vt 0.00000 1.00000
vt 0.00000 1.00000
vt 0.00000 1.00000
vt 0.00000 1.00000
vt 0.00000 1.00000
vt 0.00000 1.00000
vt 0.00000 1.00000
vt 0.00000 1.00000
vt 0.00000 1.00000
vt 0.00000 1.00000
vt 0.00000 1.00000
vt 0.00000 1.00000
vt 0.00000 1.00000
vt 0.00000 1.00000
vt 0.00000 1.00000
vt 0.00000 1.00000
vt 0.00000 1.00000
vt 0.00000 1.00000
vt 0.00000 1.00000
vt 0.00000 1.00000
vt 0.00000 1.00000
vt 0.00000 1.00000
vt 0.00000 1.00000
vt 0.00000 1.00000
vt 0.00000 1.00000
vt 0.00000 1.00000
vt 0.00000 1.00000
vt 0.00000 1.00000
vt 0.00000 1.00000
vt 0.00000 1.00000
vt 0.00000 1.00000
vt 0.00000 1.00000
vt 0.00000 1.00000
vt 0.00000 1.00000
vt 0.00000 1.00000
vt 0.00000 1.00000
vt 0.00000 1.00000
vt 0.00000 1.00000
vt 0.00000 1.00000
vt 0.00000 1.00000
vt 0.00000 1.00000
vt 0.00000 1.00000
vt 0.00000 1.00000
vt 0.00000 1.00000
vt 0.00000 1.00000
vt 0.00000 1.00000
vt 0.00000 1.00000
vt 0.00000 1.00000
vt 0.00000 1.00000
vt 0.00000 1.00000
vt 0.00000 1.00000
vt 0.00000 1.00000
vt 0.00000 1.00000
vt 0.00000 1.00000
vt 0.00000 1.00000
vt 0.00000 1.00000
vt 0.00000 1.00000
vt 0.00000 1.00000
vt 0.00000 1.00000
vt 0.00000 1.00000
vt 0.00000 1.00000
vt 0.00000 1.00000
vt 0.00000 1.00000
vt 0.00000 1.00000
vt 0.00000 1.00000
vt 0.00000 1.00000
vt 0.00000 1.00000
vt 0.00000 1.00000
vt 0.00000 1.00000
vt 0.00000 1.00000
vt 0.00000 1.00000
vt 0.00000 1.00000
vt 0.00000 1.00000
vt 0.00000 1.00000
vt 0.00000 1.00000
vt 0.00000 1.00000
vt 0.00000 1.00000
vt 0.00000 1.00000
vt 0.00000 1.00000
vt 0.00000 1.00000
vt 0.00000 1.00000
vt 0.00000 1.00000
vt 0.00000 1.00000
vt 0.00000 1.00000
vt 0.00000 1.00000
vt 0.00000 1.00000
vt 0.00000 1.00000
vt 0.00000 1.00000
vt 0.00000 1.00000
vt 0.00000 1.00000
vt 0.00000 1.00000
vt 0.00000 1.00000
vt 0.00000 1.00000
vt 0.00000 1.00000
vt 0.00000 1.00000
vt 0.00000 1.00000
vt 0.00000 1.00000
vt 0.00000 1.00000
vt 0.00000 1.00000
vt 0.00000 1.00000
vt 0.00000 1.00000
vt 0.00000 1.00000
vt 0.00000 1.00000
vt 0.00000 1.00000
vt 0.00000 1.00000
vt 0.00000 1.00000
vt 0.00000 1.00000
vt 0.00000 1.00000
vt 0.00000 1.00000
vt 0.00000 1.00000
vt 0.00000 1.00000
vt 0.00000 1.00000
vt 0.00000 1.00000
vt 0.00000 1.00000
vt 0.00000 1.00000
vt 0.00000 1.00000
vt 0.00000 1.00000
vt 0.00000 1.00000
vt 0.00000 1.00000
vt 0.00000 1.00000
vt 0.00000 1.00000
vt 0.00000 1.00000
vt 0.00000 1.00000
vt 0.00000 1.00000
vt 0.00000 1.00000
vt 0.00000 1.00000
vt 0.00000 1.00000
vt 0.00000 1.00000
vt 0.00000 1.00000
vt 0.00000 1.00000
vt 0.00000 1.00000
vt 0.00000 1.00000
vt 0.00000 1.00000
vt 0.00000 1.00000
vt 0.00000 1.00000
vt 0.00000 1.00000
vt 0.00000 1.00000
vt 0.00000 1.00000
vt 0.00000 1.00000
vt 0.00000 1.00000
vt 0.00000 1.00000
vt 0.00000 1.00000
vt 0.00000 1.00000
vt 0.00000 1.00000
vt 0.00000 1.00000
vt 0.00000 1.00000
vt 0.00000 1.00000
vt 0.00000 1.00000
vt 0.00000 1.00000
vt 0.00000 1.00000
vt 0.00000 1.00000
vt 0.00000 1.00000
vt 0.00000 1.00000
vt 0.00000 1.00000
vt 0.00000 1.00000
vt 0.00000 1.00000
vt 0.00000 1.00000
vt 0.00000 1.00000
vt 0.00000 1.00000
vt 0.00000 1.00000
vt 0.00000 1.00000
vt 0.00000 1.00000
vt 0.00000 1.00000
vt 0.00000 1.00000
vt 0.00000 1.00000
vt 0.00000 1.00000
vt 0.00000 1.00000
vt 0.00000 1.00000
vt 0.00000 1.00000
vt 0.00000 1.00000
vt 0.00000 1.00000
vt 0.00000 1.00000
vt 0.00000 1.00000
vt 0.00000 1.00000
vt 0.00000 1.00000
vt 0.00000 1.00000
vt 0.00000 1.00000
vt 0.00000 1.00000
vt 0.00000 1.00000
vt 0.00000 1.00000
vt 0.00000 1.00000
vt 0.00000 1.00000
vt 0.00000 1.00000
vt 0.00000 1.00000
vt 0.00000 1.00000
vt 0.00000 1.00000
vt 0.00000 1.00000
vt 0.00000 1.00000
vt 0.00000 1.00000
vt 0.00000 1.00000
vt 0.00000 1.00000
vt 0.00000 1.00000
vt 0.00000 1.00000
vt 0.00000 1.00000
vt 0.00000 1.00000
vt 0.00000 1.00000
vt 0.00000 1.00000
vt 0.00000 1.00000
vt 0.00000 1.00000
vt 0.00000 1.00000
vt 0.00000 1.00000
vt 0.00000 1.00000
vt 0.00000 1.00000
vt 0.00000 1.00000
vt 0.00000 1.00000
vt 0.00000 1.00000
vt 0.00000 1.00000
vt 0.00000 1.00000
vt 0.00000 1.00000
vt 0.00000 1.00000
vt 0.00000 1.00000
vt 0.00000 1.00000
vt 0.00000 1.00000
vt 0.00000 1.00000
vt 0.00000 1.00000
vt 0.00000 1.00000
vt 0.00000 1.00000
vt 0.00000 1.00000
vt 0.00000 1.00000
vt 0.00000 1.00000
vt 0.00000 1.00000
vt 0.00000 1.00000
vt 0.00000 1.00000
vt 0.00000 1.00000
vt 0.00000 1.00000
vt 0.00000 1.00000
vt 0.00000 1.00000
vt 0.00000 1.00000
vt 0.00000 1.00000
vt 0.00000 1.00000
vt 0.00000 1.00000
vt 0.00000 1.00000
vt 0.00000 1.00000
vt 0.00000 1.00000
vt 0.00000 1.00000
vt 0.00000 1.00000
vt 0.00000 1.00000
vt 0.00000 1.00000
vt 0.00000 1.00000
vt 0.00000 1.00000
vt 0.00000 1.00000
vt 0.00000 1.00000
vt 0.00000 1.00000
vt 0.00000 1.00000
vt 0.00000 1.00000
vt 0.00000 1.00000
vt 0.00000 1.00000
vt 0.00000 1.00000
vt 0.00000 1.00000
vt 0.00000 1.00000
vt 0.00000 1.00000
vt 0.00000 1.00000
vt 0.00000 1.00000
vt 0.00000 1.00000
vt 0.00000 1.00000
vt 0.00000 1.00000
vt 0.00000 1.00000
vt 0.00000 1.00000
vt 0.00000 1.00000
vt 0.00000 1.00000
vt 0.00000 1.00000
vt 0.00000 1.00000
vt 0.00000 1.00000
vt 0.00000 1.00000
vt 0.00000 1.00000
vt 0.00000 1.00000
vt 0.00000 1.00000
vt 0.00000 1.00000
vt 0.00000 1.00000
vt 0.00000 1.00000
vt 0.00000 1.00000
vt 0.00000 1.00000
vt 0.00000 1.00000
vt 0.00000 1.00000
vt 0.00000 1.00000
vt 0.00000 1.00000
vt 0.00000 1.00000
vt 0.00000 1.00000
vt 0.00000 1.00000
vt 0.00000 1.00000
vt 0.00000 1.00000
vt 0.00000 1.00000
vt 0.00000 1.00000
vt 0.00000 1.00000
vt 0.00000 1.00000
vt 0.00000 1.00000
vt 0.00000 1.00000
vt 0.00000 1.00000
vt 0.00000 1.00000
vt 0.00000 1.00000
vt 0.00000 1.00000
vt 0.00000 1.00000
vt 0.00000 1.00000
vt 0.00000 1.00000
vt 0.00000 1.00000
vt 0.00000 1.00000
vt 0.00000 1.00000
vt 0.00000 1.00000
vt 0.00000 1.00000
vt 0.00000 1.00000
vt 0.00000 1.00000
vt 0.00000 1.00000
vt 0.00000 1.00000
vt 0.00000 1.00000
vt 0.00000 1.00000
vt 0.00000 1.00000
vt 0.00000 1.00000
vt 0.00000 1.00000
vt 0.00000 1.00000
vt 0.00000 1.00000
vt 0.00000 1.00000
vt 0.00000 1.00000
vt 0.00000 1.00000
vt 0.00000 1.00000
vt 0.00000 1.00000
vt 0.00000 1.00000
vt 0.00000 1.00000
vt 0.00000 1.00000
vt 0.00000 1.00000
vt 0.00000 1.00000
vt 0.00000 1.00000
vt 0.00000 1.00000
vt 0.00000 1.00000
vt 0.00000 1.00000
vt 0.00000 1.00000
vt 0.00000 1.00000
vt 0.00000 1.00000
vt 0.00000 1.00000
vt 0.00000 1.00000
vt 0.00000 1.00000
vt 0.00000 1.00000
vt 0.00000 1.00000
vt 0.00000 1.00000
vt 0.00000 1.00000
vt 0.00000 1.00000
vt 0.00000 1.00000
vt 0.00000 1.00000
vt 0.00000 1.00000
vt 0.00000 1.00000
vt 0.00000 1.00000
vt 0.00000 1.00000
vt 0.00000 1.00000
vt 0.00000 1.00000
vt 0.00000 1.00000
vt 0.00000 1.00000
vt 0.00000 1.00000
vt 0.00000 1.00000
vt 0.00000 1.00000
vt 0.00000 1.00000
vt 0.00000 1.00000
vt 0.00000 1.00000
vt 0.00000 1.00000
vt 0.00000 1.00000
vt 0.00000 1.00000
vt 0.00000 1.00000
vt 0.00000 1.00000
vt 0.00000 1.00000
vt 0.00000 1.00000
vt 0.00000 1.00000
vt 0.00000 1.00000
vt 0.00000 1.00000
vt 0.00000 1.00000
vt 0.00000 1.00000
vt 0.00000 1.00000
vt 0.00000 1.00000
vt 0.00000 1.00000
vt 0.00000 1.00000
vt 0.00000 1.00000
vt 0.00000 1.00000
vt 0.00000 1.00000
vt 0.00000 1.00000
vt 0.00000 1.00000
vt 0.00000 1.00000
vt 0.00000 1.00000
vt 0.00000 1.00000
vt 0.00000 1.00000
vt 0.00000 1.00000
vt 0.00000 1.00000
vt 0.00000 1.00000
vt 0.00000 1.00000
vt 0.00000 1.00000
vt 0.00000 1.00000
vt 0.00000 1.00000
vt 0.00000 1.00000
vt 0.00000 1.00000
vt 0.00000 1.00000
vt 0.00000 1.00000
vt 0.00000 1.00000
vt 0.00000 1.00000
vt 0.00000 1.00000
vt 0.00000 1.00000
vt 0.00000 1.00000
vt 0.00000 1.00000
vt 0.00000 1.00000
vt 0.00000 1.00000
vt 0.00000 1.00000
vt 0.00000 1.00000
vt 0.00000 1.00000
vt 0.00000 1.00000
vt 0.00000 1.00000
vt 0.00000 1.00000
vt 0.00000 1.00000
vt 0.00000 1.00000
vt 0.00000 1.00000
vt 0.00000 1.00000
vt 0.00000 1.00000
vt 0.00000 1.00000
vt 0.00000 1.00000
vt 0.00000 1.00000
vt 0.00000 1.00000
vt 0.00000 1.00000
vt 0.00000 1.00000
vt 0.00000 1.00000
vt 0.00000 1.00000
vt 0.00000 1.00000
vt 0.00000 1.00000
vt 0.00000 1.00000
vt 0.00000 1.00000
vt 0.00000 1.00000
vt 0.00000 1.00000
vt 0.00000 1.00000
vt 0.00000 1.00000
vt 0.00000 1.00000
vt 0.00000 1.00000
vt 0.00000 1.00000
vt 0.00000 1.00000
vt 0.00000 1.00000
vt 0.00000 1.00000
vt 0.00000 1.00000
vt 0.00000 1.00000
vt 0.00000 1.00000
vt 0.00000 1.00000
vt 0.00000 1.00000
vt 0.00000 1.00000
vt 0.00000 1.00000
vt 0.00000 1.00000
vt 0.00000 1.00000
vt 0.00000 1.00000
vt 0.00000 1.00000
vt 0.00000 1.00000
vt 0.00000 1.00000
vt 0.00000 1.00000
vt 0.00000 1.00000
vt 0.00000 1.00000
vt 0.00000 1.00000
vt 0.00000 1.00000
vt 0.00000 1.00000
vt 0.00000 1.00000
vt 0.00000 1.00000
vt 0.00000 1.00000
vt 0.00000 1.00000
vt 0.00000 1.00000
vt 0.00000 1.00000
vt 0.00000 1.00000
vt 0.00000 1.00000
vt 0.00000 1.00000
vt 0.00000 1.00000
vt 0.00000 1.00000
vt 0.00000 1.00000
vt 0.00000 1.00000
vt 0.00000 1.00000
vt 0.00000 1.00000
vt 0.00000 1.00000
vt 0.00000 1.00000
vt 0.00000 1.00000
vt 0.00000 1.00000
vt 0.00000 1.00000
vt 0.00000 1.00000
vt 0.00000 1.00000
vt 0.00000 1.00000
vt 0.00000 1.00000
vt 0.00000 1.00000
vt 0.00000 1.00000
vt 0.00000 1.00000
vt 0.00000 1.00000
vt 0.00000 1.00000
vt 0.00000 1.00000
vt 0.00000 1.00000
vt 0.00000 1.00000
vt 0.00000 1.00000
vt 0.00000 1.00000
vt 0.00000 1.00000
vt 0.00000 1.00000
vt 0.00000 1.00000
vt 0.00000 1.00000
vt 0.00000 1.00000
vt 0.00000 1.00000
vt 0.00000 1.00000
vt 0.00000 1.00000
vt 0.00000 1.00000
vt 0.00000 1.00000
vt 0.00000 1.00000
vt 0.00000 1.00000
vt 0.00000 1.00000
vt 0.00000 1.00000
vt 0.00000 1.00000
vt 0.00000 1.00000
vt 0.00000 1.00000
vt 0.00000 1.00000
vt 0.00000 1.00000
vt 0.00000 1.00000
vt 0.00000 1.00000
vt 0.00000 1.00000
vt 0.00000 1.00000
vt 0.00000 1.00000
vt 0.00000 1.00000
vt 0.00000 1.00000
vt 0.00000 1.00000
vt 0.00000 1.00000
vt 0.00000 1.00000
vt 0.00000 1.00000
vt 0.00000 1.00000
vt 0.00000 1.00000
vt 0.00000 1.00000
vt 0.00000 1.00000
vt 0.00000 1.00000
vt 0.00000 1.00000
vt 0.00000 1.00000
vt 0.00000 1.00000
vt 0.00000 1.00000
vt 0.00000 1.00000
vt 0.00000 1.00000
vt 0.00000 1.00000
vt 0.00000 1.00000
vt 0.00000 1.00000
vt 0.00000 1.00000
vt 0.00000 1.00000
vt 0.00000 1.00000
vt 0.00000 1.00000
usemtl bark
f 1/1 2/2 3/3
f 4/4 5/5 6/6
f 7/7 8/8 9/9
f 10/10 11/11 12/12
f 13/13 14/14 15/15
f 16/16 17/17 18/18
f 19/19 20/20 21/21
f 22/22 23/23 24/24
f 25/25 26/26 27/27
f 28/28 29/29 30/30
f 31/31 32/32 33/33
f 34/34 35/35 36/36
f 37/37 38/38 39/39
f 40/40 41/41 42/42
f 43/43 44/44 45/45
f 46/46 47/47 48/48
f 49/49 50/50 51/51
f 52/52 53/53 54/54
f 55/55 56/56 57/57
f 58/58 59/59 60/60
f 61/61 62/62 63/63
f 64/64 65/65 66/66
f 67/67 68/68 69/69
f 70/70 71/71 72/72
f 73/73 74/74 75/75
f 76/76 77/77 78/78
f 79/79 80/80 81/81
f 82/82 83/83 84/84
f 85/85 86/86 87/87
f 88/88 89/89 90/90
f 91/91 92/92 93/93
f 94/94 95/95 96/96
f 97/97 98/98 99/99
f 100/100 101/101 102/102
f 103/103 104/104 105/105
f 106/106 107/107 108/108
f 109/109 110/110 111/111
f 112/112 113/113 114/114
f 115/115 116/116 117/117
f 118/118 119/119 120/120
f 121/121 122/122 123/123
f 124/124 125/125 126/126
f 127/127 128/128 129/129
f 130/130 131/131 132/132
f 133/133 134/134 135/135
f 136/136 137/137 138/138
f 139/139 140/140 141/141
f 142/142 143/143 144/144
f 145/145 146/146 147/147
f 148/148 149/149 150/150
f 151/151 152/152 153/153
f 154/154 155/155 156/156
f 157/157 158/158 159/159
f 160/160 161/161 162/162
f 163/163 164/164 165/165
f 166/166 167/167 168/168
f 169/169 170/170 171/171
f 172/172 173/173 174/174
f 175/175 176/176 177/177
f 178/178 179/179 180/180
f 181/181 182/182 183/183
f 184/184 185/185 186/186
f 187/187 188/188 189/189
f 190/190 191/191 192/192
f 193/193 194/194 195/195
f 196/196 197/197 198/198
f 199/199 200/200 201/201
f 202/202 203/203 204/204
f 205/205 206/206 207/207
f 208/208 209/209 210/210
f 211/211 212/212 213/213
f 214/214 215/215 216/216
f 217/217 218/218 219/219
f 220/220 221/221 222/222
f 223/223 224/224 225/225
f 226/226 227/227 228/228
f 229/229 230/230 231/231
f 232/232 233/233 234/234
f 235/235 236/236 237/237
f 238/238 239/239 240/240
f 241/241 242/242 243/243
f 244/244 245/245 246/246
f 247/247 248/248 249/249
f 250/250 251/251 252/252
f 253/253 254/254 255/255
f 256/256 257/257 258/258
f 259/259 260/260 261/261
f 262/262 263/263 264/264
f 265/265 266/266 267/267
f 268/268 269/269 270/270
f 271/271 272/272 273/273
f 274/274 275/275 276/276
f 277/277 278/278 279/279
f 280/280 281/281 282/282
f 283/283 284/284 285/285
f 286/286 287/287 288/288
f 289/289 290/290 291/291
f 292/292 293/293 294/294
f 295/295 296/296 297/297
f 298/298 299/299 300/300
f 301/301 302/302 303/303
f 304/304 305/305 306/306
f 307/307 308/308 309/309
f 310/310 311/311 312/312
f 313/313 314/314 315/315
f 316/316 317/317 318/318
f 319/319 320/320 321/321
f 322/322 323/323 324/324
f 325/325 326/326 327/327
f 328/328 329/329 330/330
f 331/331 332/332 333/333
f 334/334 335/335 336/336
f 337/337 338/338 339/339
f 340/340 341/341 342/342
f 343/343 344/344 345/345
f 346/346 347/347 348/348
f 349/349 350/350 351/351
f 352/352 353/353 354/354
f 355/355 356/356 357/357
f 358/358 359/359 360/360
f 361/361 362/362 363/363
f 364/364 365/365 366/366
f 367/367 368/368 369/369
f 370/370 371/371 372/372
f 373/373 374/374 375/375
f 376/376 377/377 378/378
f 379/379 380/380 381/381
f 382/382 383/383 384/384
f 385/385 386/386 387/387
f 388/388 389/389 390/390
f 391/391 392/392 393/393
f 394/394 395/395 396/396
f 397/397 398/398 399/399
f 400/400 401/401 402/402
f 403/403 404/404 405/405
f 406/406 407/407 408/408
f 409/409 410/410 411/411
f 412/412 413/413 414/414
f 415/415 416/416 417/417
f 418/418 419/419 420/420
f 421/421 422/422 423/423
f 424/424 425/425 426/426
f 427/427 428/428 429/429
f 430/430 431/431 432/432
f 433/433 434/434 435/435
f 436/436 437/437 438/438
f 439/439 440/440 441/441
f 442/442 443/443 444/444
f 445/445 446/446 447/447
f 448/448 449/449 450/450
f 451/451 452/452 453/453
f 454/454 455/455 456/456
f 457/457 458/458 459/459
f 460/460 461/461 462/462
f 463/463 464/464 465/465
f 466/466 467/467 468/468
f 469/469 470/470 471/471
f 472/472 473/473 474/474
f 475/475 476/476 477/477
f 478/478 479/479 480/480
f 481/481 482/482 483/483
f 484/484 485/485 486/486
f 487/487 488/488 489/489
f 490/490 491/491 492/492
f 493/493 494/494 495/495
f 496/496 497/497 498/498
f 499/499 500/500 501/501
f 502/502 503/503 504/504
f 505/505 506/506 507/507
f 508/508 509/509 510/510
f 511/511 512/512 513/513
f 514/514 515/515 516/516
f 517/517 518/518 519/519
f 520/520 521/521 522/522
f 523/523 524/524 525/525
f 526/526 527/527 528/528
f 529/529 530/530 531/531
f 532/532 533/533 534/534
f 535/535 536/536 537/537
f 538/538 539/539 540/540
f 541/541 542/542 543/543
f 544/544 545/545 546/546
f 547/547 548/548 549/549
f 550/550 551/551 552/552
f 553/553 554/554 555/555
f 556/556 557/557 558/558
f 559/559 560/560 561/561
f 562/562 563/563 564/564
f 565/565 566/566 567/567
f 568/568 569/569 570/570
f 571/571 572/572 573/573
f 574/574 575/575 576/576
f 577/577 578/578 579/579
f 580/580 581/581 582/582
f 583/583 584/584 585/585
f 586/586 587/587 588/588
f 589/589 590/590 591/591
f 592/592 593/593 594/594
f 595/595 596/596 597/597
f 598/598 599/599 600/600
f 601/601 602/602 603/603
f 604/604 605/605 606/606
f 607/607 608/608 609/609
f 610/610 611/611 612/612
f 613/613 614/614 615/615
f 616/616 617/617 618/618
f 619/619 620/620 621/621
f 622/622 623/623 624/624
f 625/625 626/626 627/627
f 628/628 629/629 630/630
f 631/631 632/632 633/633
f 634/634 635/635 636/636
f 637/637 638/638 639/639
f 640/640 641/641 642/642
f 643/643 644/644 645/645
f 646/646 647/647 648/648
f 649/649 650/650 651/651
f 652/652 653/653 654/654
f 655/655 656/656 657/657
f 658/658 659/659 660/660
f 661/661 662/662 663/663
f 664/664 665/665 666/666
f 667/667 668/668 669/669
f 670/670 671/671 672/672
f 673/673 674/674 675/675
f 676/676 677/677 678/678
f 679/679 680/680 681/681
f 682/682 683/683 684/684
f 685/685 686/686 687/687
f 688/688 689/689 690/690
f 691/691 692/692 693/693
f 694/694 695/695 696/696
f 697/697 698/698 699/699
f 700/700 701/701 702/702
f 703/703 704/704 705/705
f 706/706 707/707 708/708
f 709/709 710/710 711/711
f 712/712 713/713 714/714
f 715/715 716/716 717/717
f 718/718 719/719 720/720
f 721/721 722/722 723/723
f 724/724 725/725 726/726
f 727/727 728/728 729/729
f 730/730 731/731 732/732
f 733/733 734/734 735/735
f 736/736 737/737 738/738
f 739/739 740/740 741/741
f 742/742 743/743 744/744
f 745/745 746/746 747/747
f 748/748 749/749 750/750
f 751/751 752/752 753/753
f 754/754 755/755 756/756
f 757/757 758/758 759/759
f 760/760 761/761 762/762
f 763/763 764/764 765/765
f 766/766 767/767 768/768
f 769/769 770/770 771/771
f 772/772 773/773 774/774
f 775/775 776/776 777/777
f 778/778 779/779 780/780
f 781/781 782/782 783/783
f 784/784 785/785 786/786
f 787/787 788/788 789/789
f 790/790 791/791 792/792
f 793/793 794/794 795/795
f 796/796 797/797 798/798
f 799/799 800/800 801/801
f 802/802 803/803 804/804
f 805/805 806/806 807/807
f 808/808 809/809 810/810
f 811/811 812/812 813/813
f 814/814 815/815 816/816
f 817/817 818/818 819/819
f 820/820 821/821 822/822
f 823/823 824/824 825/825
f 826/826 827/827 828/828
f 829/829 830/830 831/831
f 832/832 833/833 834/834
f 835/835 836/836 837/837
f 838/838 839/839 840/840
f 841/841 842/842 843/843
f 844/844 845/845 846/846
f 847/847 848/848 849/849
f 850/850 851/851 852/852
f 853/853 854/854 855/855
f 856/856 857/857 858/858
f 859/859 860/860 861/861
f 862/862 863/863 864/864
f 865/865 866/866 867/867
f 868/868 869/869 870/870
f 871/871 872/872 873/873
f 874/874 875/875 876/876
f 877/877 878/878 879/879
f 880/880 881/881 882/882
f 883/883 884/884 885/885
f 886/886 887/887 888/888
f 889/889 890/890 891/891
f 892/892 893/893 894/894
f 895/895 896/896 897/897
f 898/898 899/899 900/900
f 901/901 902/902 903/903
f 904/904 905/905 906/906
f 907/907 908/908 909/909
f 910/910 911/911 912/912
f 913/913 914/914 915/915
f 916/916 917/917 918/918
f 919/919 920/920 921/921
f 922/922 923/923 924/924
f 925/925 926/926 927/927
f 928/928 929/929 930/930
f 931/931 932/932 933/933
f 934/934 935/935 936/936
f 937/937 938/938 939/939
f 940/940 941/941 942/942
f 943/943 944/944 945/945
f 946/946 947/947 948/948
f 949/949 950/950 951/951
f 952/952 953/953 954/954
f 955/955 956/956 957/957
f 958/958 959/959 960/960
f 961/961 962/962 963/963
f 964/964 965/965 966/966
f 967/967 968/968 969/969
f 970/970 971/971 972/972
f 973/973 974/974 975/975
f 976/976 977/977 978/978
f 979/979 980/980 981/981
f 982/982 983/983 984/984
f 985/985 986/986 987/987
f 988/988 989/989 990/990
f 991/991 992/992 993/993
f 994/994 995/995 996/996
f 997/997 998/998 999/999
f 1000/1000 1001/1001 1002/1002
f 1003/1003 1004/1004 1005/1005
f 1006/1006 1007/1007 1008/1008
f 1009/1009 1010/1010 1011/1011
f 1012/1012 1013/1013 1014/1014
f 1015/1015 1016/1016 1017/1017
f 1018/1018 1019/1019 1020/1020
f 1021/1021 1022/1022 1023/1023
f 1024/1024 1025/1025 1026/1026
f 1027/1027 1028/1028 1029/1029
f 1030/1030 1031/1031 1032/1032
f 1033/1033 1034/1034 1035/1035
f 1036/1036 1037/1037 1038/1038
f 1039/1039 1040/1040 1041/1041
f 1042/1042 1043/1043 1044/1044
f 1045/1045 1046/1046 1047/1047
f 1048/1048 1049/1049 1050/1050
f 1051/1051 1052/1052 1053/1053
f 1054/1054 1055/1055 1056/1056
f 1057/1057 1058/1058 1059/1059
f 1060/1060 1061/1061 1062/1062
f 1063/1063 1064/1064 1065/1065
f 1066/1066 1067/1067 1068/1068
f 1069/1069 1070/1070 1071/1071
f 1072/1072 1073/1073 1074/1074
f 1075/1075 1076/1076 1077/1077
f 1078/1078 1079/1079 1080/1080
f 1081/1081 1082/1082 1083/1083
f 1084/1084 1085/1085 1086/1086
f 1087/1087 1088/1088 1089/1089
f 1090/1090 1091/1091 1092/1092
f 1093/1093 1094/1094 1095/1095
f 1096/1096 1097/1097 1098/1098
f 1099/1099 1100/1100 1101/1101
f 1102/1102 1103/1103 1104/1104
f 1105/1105 1106/1106 1107/1107
f 1108/1108 1109/1109 1110/1110
f 1111/1111 1112/1112 1113/1113
f 1114/1114 1115/1115 1116/1116
f 1117/1117 1118/1118 1119/1119
f 1120/1120 1121/1121 1122/1122
f 1123/1123 1124/1124 1125/1125
f 1126/1126 1127/1127 1128/1128
f 1129/1129 1130/1130 1131/1131
f 1132/1132 1133/1133 1134/1134
f 1135/1135 1136/1136 1137/1137
f 1138/1138 1139/1139 1140/1140
f 1141/1141 1142/1142 1143/1143
f 1144/1144 1145/1145 1146/1146
f 1147/1147 1148/1148 1149/1149
f 1150/1150 1151/1151 1152/1152
f 1153/1153 1154/1154 1155/1155
f 1156/1156 1157/1157 1158/1158
f 1159/1159 1160/1160 1161/1161
f 1162/1162 1163/1163 1164/1164
f 1165/1165 1166/1166 1167/1167
f 1168/1168 1169/1169 1170/1170
f 1171/1171 1172/1172 1173/1173
f 1174/1174 1175/1175 1176/1176
f 1177/1177 1178/1178 1179/1179
f 1180/1180 1181/1181 1182/1182
f 1183/1183 1184/1184 1185/1185
f 1186/1186 1187/1187 1188/1188
f 1189/1189 1190/1190 1191/1191
f 1192/1192 1193/1193 1194/1194
f 1195/1195 1196/1196 1197/1197
f 1198/1198 1199/1199 1200/1200
f 1201/1201 1202/1202 1203/1203
f 1204/1204 1205/1205 1206/1206
f 1207/1207 1208/1208 1209/1209
f 1210/1210 1211/1211 1212/1212
f 1213/1213 1214/1214 1215/1215
f 1216/1216 1217/1217 1218/1218
f 1219/1219 1220/1220 1221/1221
f 1222/1222 1223/1223 1224/1224
f 1225/1225 1226/1226 1227/1227
f 1228/1228 1229/1229 1230/1230
f 1231/1231 1232/1232 1233/1233
f 1234/1234 1235/1235 1236/1236
f 1237/1237 1238/1238 1239/1239
f 1240/1240 1241/1241 1242/1242
f 1243/1243 1244/1244 1245/1245
f 1246/1246 1247/1247 1248/1248
f 1249/1249 1250/1250 1251/1251
f 1252/1252 1253/1253 1254/1254
f 1255/1255 1256/1256 1257/1257
f 1258/1258 1259/1259 1260/1260
f 1261/1261 1262/1262 1263/1263
f 1264/1264 1265/1265 1266/1266
f 1267/1267 1268/1268 1269/1269
f 1270/1270 1271/1271 1272/1272
f 1273/1273 1274/1274 1275/1275
f 1276/1276 1277/1277 1278/1278
f 1279/1279 1280/1280 1281/1281
f 1282/1282 1283/1283 1284/1284
f 1285/1285 1286/1286 1287/1287
f 1288/1288 1289/1289 1290/1290
f 1291/1291 1292/1292 1293/1293
f 1294/1294 1295/1295 1296/1296
f 1297/1297 1298/1298 1299/1299
f 1300/1300 1301/1301 1302/1302
f 1303/1303 1304/1304 1305/1305
f 1306/1306 1307/1307 1308/1308
f 1309/1309 1310/1310 1311/1311
f 1312/1312 1313/1313 1314/1314
f 1315/1315 1316/1316 1317/1317
f 1318/1318 1319/1319 1320/1320
f 1321/1321 1322/1322 1323/1323
f 1324/1324 1325/1325 1326/1326
f 1327/1327 1328/1328 1329/1329
f 1330/1330 1331/1331 1332/1332
f 1333/1333 1334/1334 1335/1335
f 1336/1336 1337/1337 1338/1338
f 1339/1339 1340/1340 1341/1341
f 1342/1342 1343/1343 1344/1344
f 1345/1345 1346/1346 1347/1347
f 1348/1348 1349/1349 1350/1350
f 1351/1351 1352/1352 1353/1353
f 1354/1354 1355/1355 1356/1356
f 1357/1357 1358/1358 1359/1359
f 1360/1360 1361/1361 1362/1362
f 1363/1363 1364/1364 1365/1365
f 1366/1366 1367/1367 1368/1368
f 1369/1369 1370/1370 1371/1371
f 1372/1372 1373/1373 1374/1374
f 1375/1375 1376/1376 1377/1377
f 1378/1378 1379/1379 1380/1380
f 1381/1381 1382/1382 1383/1383
f 1384/1384 1385/1385 1386/1386
f 1387/1387 1388/1388 1389/1389
f 1390/1390 1391/1391 1392/1392
f 1393/1393 1394/1394 1395/1395
f 1396/1396 1397/1397 1398/1398
f 1399/1399 1400/1400 1401/1401
f 1402/1402 1403/1403 1404/1404
f 1405/1405 1406/1406 1407/1407
f 1408/1408 1409/1409 1410/1410
f 1411/1411 1412/1412 1413/1413
f 1414/1414 1415/1415 1416/1416
f 1417/1417 1418/1418 1419/1419
f 1420/1420 1421/1421 1422/1422
f 1423/1423 1424/1424 1425/1425
f 1426/1426 1427/1427 1428/1428
f 1429/1429 1430/1430 1431/1431
f 1432/1432 1433/1433 1434/1434
f 1435/1435 1436/1436 1437/1437
f 1438/1438 1439/1439 1440/1440
f 1441/1441 1442/1442 1443/1443
f 1444/1444 1445/1445 1446/1446
f 1447/1447 1448/1448 1449/1449
f 1450/1450 1451/1451 1452/1452
f 1453/1453 1454/1454 1455/1455
f 1456/1456 1457/1457 1458/1458
f 1459/1459 1460/1460 1461/1461
f 1462/1462 1463/1463 1464/1464
f 1465/1465 1466/1466 1467/1467
f 1468/1468 1469/1469 1470/1470
f 1471/1471 1472/1472 1473/1473
f 1474/1474 1475/1475 1476/1476
f 1477/1477 1478/1478 1479/1479
f 1480/1480 1481/1481 1482/1482
f 1483/1483 1484/1484 1485/1485
f 1486/1486 1487/1487 1488/1488
f 1489/1489 1490/1490 1491/1491
f 1492/1492 1493/1493 1494/1494
f 1495/1495 1496/1496 1497/1497
f 1498/1498 1499/1499 1500/1500
f 1501/1501 1502/1502 1503/1503
f 1504/1504 1505/1505 1506/1506
f 1507/1507 1508/1508 1509/1509
f 1510/1510 1511/1511 1512/1512
f 1513/1513 1514/1514 1515/1515
f 1516/1516 1517/1517 1518/1518
f 1519/1519 1520/1520 1521/1521
f 1522/1522 1523/1523 1524/1524
f 1525/1525 1526/1526 1527/1527
f 1528/1528 1529/1529 1530/1530
f 1531/1531 1532/1532 1533/1533
f 1534/1534 1535/1535 1536/1536
f 1537/1537 1538/1538 1539/1539
f 1540/1540 1541/1541 1542/1542
f 1543/1543 1544/1544 1545/1545
f 1546/1546 1547/1547 1548/1548
f 1549/1549 1550/1550 1551/1551
f 1552/1552 1553/1553 1554/1554
f 1555/1555 1556/1556 1557/1557
f 1558/1558 1559/1559 1560/1560
f 1561/1561 1562/1562 1563/1563
f 1564/1564 1565/1565 1566/1566
f 1567/1567 1568/1568 1569/1569
f 1570/1570 1571/1571 1572/1572
f 1573/1573 1574/1574 1575/1575
f 1576/1576 1577/1577 1578/1578
f 1579/1579 1580/1580 1581/1581
f 1582/1582 1583/1583 1584/1584
f 1585/1585 1586/1586 1587/1587
f 1588/1588 1589/1589 1590/1590
f 1591/1591 1592/1592 1593/1593
f 1594/1594 1595/1595 1596/1596
f 1597/1597 1598/1598 1599/1599
f 1600/1600 1601/1601 1602/1602
f 1603/1603 1604/1604 1605/1605
f 1606/1606 1607/1607 1608/1608
f 1609/1609 1610/1610 1611/1611
f 1612/1612 1613/1613 1614/1614
f 1615/1615 1616/1616 1617/1617
f 1618/1618 1619/1619 1620/1620
f 1621/1621 1622/1622 1623/1623
f 1624/1624 1625/1625 1626/1626
f 1627/1627 1628/1628 1629/1629
f 1630/1630 1631/1631 1632/1632
f 1633/1633 1634/1634 1635/1635
f 1636/1636 1637/1637 1638/1638
f 1639/1639 1640/1640 1641/1641
f 1642/1642 1643/1643 1644/1644
f 1645/1645 1646/1646 1647/1647
f 1648/1648 1649/1649 1650/1650
f 1651/1651 1652/1652 1653/1653
f 1654/1654 1655/1655 1656/1656
f 1657/1657 1658/1658 1659/1659
f 1660/1660 1661/1661 1662/1662
f 1663/1663 1664/1664 1665/1665
f 1666/1666 1667/1667 1668/1668
f 1669/1669 1670/1670 1671/1671
f 1672/1672 1673/1673 1674/1674
f 1675/1675 1676/1676 1677/1677
f 1678/1678 1679/1679 1680/1680
f 1681/1681 1682/1682 1683/1683
f 1684/1684 1685/1685 1686/1686
f 1687/1687 1688/1688 1689/1689
f 1690/1690 1691/1691 1692/1692
f 1693/1693 1694/1694 1695/1695
f 1696/1696 1697/1697 1698/1698
f 1699/1699 1700/1700 1701/1701
f 1702/1702 1703/1703 1704/1704
f 1705/1705 1706/1706 1707/1707
f 1708/1708 1709/1709 1710/1710
f 1711/1711 1712/1712 1713/1713
f 1714/1714 1715/1715 1716/1716
f 1717/1717 1718/1718 1719/1719
f 1720/1720 1721/1721 1722/1722
f 1723/1723 1724/1724 1725/1725
f 1726/1726 1727/1727 1728/1728
f 1729/1729 1730/1730 1731/1731
f 1732/1732 1733/1733 1734/1734
f 1735/1735 1736/1736 1737/1737
f 1738/1738 1739/1739 1740/1740
f 1741/1741 1742/1742 1743/1743
f 1744/1744 1745/1745 1746/1746
f 1747/1747 1748/1748 1749/1749
f 1750/1750 1751/1751 1752/1752
f 1753/1753 1754/1754 1755/1755
f 1756/1756 1757/1757 1758/1758
f 1759/1759 1760/1760 1761/1761
f 1762/1762 1763/1763 1764/1764
f 1765/1765 1766/1766 1767/1767
f 1768/1768 1769/1769 1770/1770
f 1771/1771 1772/1772 1773/1773
f 1774/1774 1775/1775 1776/1776
f 1777/1777 1778/1778 1779/1779
f 1780/1780 1781/1781 1782/1782
f 1783/1783 1784/1784 1785/1785
f 1786/1786 1787/1787 1788/1788
f 1789/1789 1790/1790 1791/1791
f 1792/1792 1793/1793 1794/1794
f 1795/1795 1796/1796 1797/1797
f 1798/1798 1799/1799 1800/1800
f 1801/1801 1802/1802 1803/1803
f 1804/1804 1805/1805 1806/1806
f 1807/1807 1808/1808 1809/1809
f 1810/1810 1811/1811 1812/1812
f 1813/1813 1814/1814 1815/1815
f 1816/1816 1817/1817 1818/1818
f 1819/1819 1820/1820 1821/1821
f 1822/1822 1823/1823 1824/1824
f 1825/1825 1826/1826 1827/1827
f 1828/1828 1829/1829 1830/1830
f 1831/1831 1832/1832 1833/1833
f 1834/1834 1835/1835 1836/1836
f 1837/1837 1838/1838 1839/1839
f 1840/1840 1841/1841 1842/1842
f 1843/1843 1844/1844 1845/1845
f 1846/1846 1847/1847 1848/1848
f 1849/1849 1850/1850 1851/1851
f 1852/1852 1853/1853 1854/1854
f 1855/1855 1856/1856 1857/1857
f 1858/1858 1859/1859 1860/1860
f 1861/1861 1862/1862 1863/1863
f 1864/1864 1865/1865 1866/1866
f 1867/1867 1868/1868 1869/1869
f 1870/1870 1871/1871 1872/1872
f 1873/1873 1874/1874 1875/1875
f 1876/1876 1877/1877 1878/1878
f 1879/1879 1880/1880 1881/1881
f 1882/1882 1883/1883 1884/1884
f 1885/1885 1886/1886 1887/1887
f 1888/1888 1889/1889 1890/1890
f 1891/1891 1892/1892 1893/1893
f 1894/1894 1895/1895 1896/1896
f 1897/1897 1898/1898 1899/1899
f 1900/1900 1901/1901 1902/1902
f 1903/1903 1904/1904 1905/1905
f 1906/1906 1907/1907 1908/1908
f 1909/1909 1910/1910 1911/1911
f 1912/1912 1913/1913 1914/1914
f 1915/1915 1916/1916 1917/1917
f 1918/1918 1919/1919 1920/1920
f 1921/1921 1922/1922 1923/1923
f 1924/1924 1925/1925 1926/1926
f 1927/1927 1928/1928 1929/1929
f 1930/1930 1931/1931 1932/1932
f 1933/1933 1934/1934 1935/1935
f 1936/1936 1937/1937 1938/1938
f 1939/1939 1940/1940 1941/1941
f 1942/1942 1943/1943 1944/1944
f 1945/1945 1946/1946 1947/1947
f 1948/1948 1949/1949 1950/1950
f 1951/1951 1952/1952 1953/1953
f 1954/1954 1955/1955 1956/1956
f 1957/1957 1958/1958 1959/1959
f 1960/1960 1961/1961 1962/1962
f 1963/1963 1964/1964 1965/1965
f 1966/1966 1967/1967 1968/1968
f 1969/1969 1970/1970 1971/1971
f 1972/1972 1973/1973 1974/1974
f 1975/1975 1976/1976 1977/1977
f 1978/1978 1979/1979 1980/1980
f 1981/1981 1982/1982 1983/1983
f 1984/1984 1985/1985 1986/1986
f 1987/1987 1988/1988 1989/1989
f 1990/1990 1991/1991 1992/1992
f 1993/1993 1994/1994 1995/1995
f 1996/1996 1997/1997 1998/1998
f 1999/1999 2000/2000 2001/2001
f 2002/2002 2003/2003 2004/2004
f 2005/2005 2006/2006 2007/2007
f 2008/2008 2009/2009 2010/2010
f 2011/2011 2012/2012 2013/2013
f 2014/2014 2015/2015 2016/2016
f 2017/2017 2018/2018 2019/2019
f 2020/2020 2021/2021 2022/2022
f 2023/2023 2024/2024 2025/2025
f 2026/2026 2027/2027 2028/2028
f 2029/2029 2030/2030 2031/2031
f 2032/2032 2033/2033 2034/2034
f 2035/2035 2036/2036 2037/2037
f 2038/2038 2039/2039 2040/2040
f 2041/2041 2042/2042 2043/2043
f 2044/2044 2045/2045 2046/2046
f 2047/2047 2048/2048 2049/2049
f 2050/2050 2051/2051 2052/2052
f 2053/2053 2054/2054 2055/2055
f 2056/2056 2057/2057 2058/2058
f 2059/2059 2060/2060 2061/2061
f 2062/2062 2063/2063 2064/2064
f 2065/2065 2066/2066 2067/2067
f 2068/2068 2069/2069 2070/2070
f 2071/2071 2072/2072 2073/2073
f 2074/2074 2075/2075 2076/2076
f 2077/2077 2078/2078 2079/2079
f 2080/2080 2081/2081 2082/2082
f 2083/2083 2084/2084 2085/2085
f 2086/2086 2087/2087 2088/2088
f 2089/2089 2090/2090 2091/2091
f 2092/2092 2093/2093 2094/2094
f 2095/2095 2096/2096 2097/2097
f 2098/2098 2099/2099 2100/2100
f 2101/2101 2102/2102 2103/2103
f 2104/2104 2105/2105 2106/2106
f 2107/2107 2108/2108 2109/2109
f 2110/2110 2111/2111 2112/2112
f 2113/2113 2114/2114 2115/2115
f 2116/2116 2117/2117 2118/2118
f 2119/2119 2120/2120 2121/2121
f 2122/2122 2123/2123 2124/2124
f 2125/2125 2126/2126 2127/2127
f 2128/2128 2129/2129 2130/2130
f 2131/2131 2132/2132 2133/2133
f 2134/2134 2135/2135 2136/2136
f 2137/2137 2138/2138 2139/2139
f 2140/2140 2141/2141 2142/2142
f 2143/2143 2144/2144 2145/2145
f 2146/2146 2147/2147 2148/2148
f 2149/2149 2150/2150 2151/2151
f 2152/2152 2153/2153 2154/2154
f 2155/2155 2156/2156 2157/2157
f 2158/2158 2159/2159 2160/2160
f 2161/2161 2162/2162 2163/2163
f 2164/2164 2165/2165 2166/2166
f 2167/2167 2168/2168 2169/2169
f 2170/2170 2171/2171 2172/2172
f 2173/2173 2174/2174 2175/2175
f 2176/2176 2177/2177 2178/2178
f 2179/2179 2180/2180 2181/2181
f 2182/2182 2183/2183 2184/2184
v 10.1286 13.5735 50.8719
v 9.2113 13.5840 51.0654
v 9.4674 15.9458 49.8797
v 9.2113 13.5840 51.0654
v 8.2326 13.6080 49.6362
v 9.4674 15.9458 49.8797
v 8.2326 13.6080 49.6362
v 9.6618 13.5968 48.6573
v 9.4674 15.9458 49.8797
v 9.6618 13.5968 48.6573
v 10.6405 13.5729 50.0865
v 9.4674 15.9458 49.8797
v 10.6405 13.5729 50.0865
v 10.1286 13.5735 50.8719
v 9.4674 15.9458 49.8797
v 10.1286 13.5735 50.8719
v 8.2326 13.6080 49.6362
v 9.2113 13.5840 51.0654
v 10.1286 13.5735 50.8719
v 9.6618 13.5968 48.6573
v 8.2326 13.6080 49.6362
v 10.1286 13.5735 50.8719
v 10.6405 13.5729 50.0865
v 9.6618 13.5968 48.6573
v 9.9976 14.7547 50.6673
v 8.6552 14.7743 50.4163
v 9.4829 17.1235 49.8888
v 8.6552 14.7743 50.4163
v 8.9064 14.7815 49.0737
v 9.4829 17.1235 49.8888
v 8.9064 14.7815 49.0737
v 10.2488 14.7619 49.3248
v 9.4829 17.1235 49.8888
v 10.2488 14.7619 49.3248
v 9.9976 14.7547 50.6673
v 9.4829 17.1235 49.8888
v 9.9976 14.7547 50.6673
v 8.9064 14.7815 49.0737
v 8.6552 14.7743 50.4163
v 9.9976 14.7547 50.6673
v 10.2488 14.7619 49.3248
v 8.9064 14.7815 49.0737
v 9.3418 15.9422 50.5513
v 8.7959 15.9556 49.7541
v 9.4984 18.3011 49.8980
v 8.7959 15.9556 49.7541
v 9.5931 15.9494 49.2081
v 9.4984 18.3011 49.8980
v 9.5931 15.9494 49.2081
v 10.1390 15.9360 50.0053
v 9.4984 18.3011 49.8980
v 10.1390 15.9360 50.0053
v 9.3418 15.9422 50.5513
v 9.4984 18.3011 49.8980
v 9.3418 15.9422 50.5513
v 9.5931 15.9494 49.2081
v 8.7959 15.9556 49.7541
v 9.3418 15.9422 50.5513
v 10.1390 15.9360 50.0053
v 9.5931 15.9494 49.2081
v 23.8272 17.7404 -5.0621
v 23.4876 17.6762 -3.9240
v 22.2352 20.6926 -4.7491
v 23.4876 17.6762 -3.9240
v 21.3016 17.6308 -3.6997
v 22.2352 20.6926 -4.7491
v 21.3016 17.6308 -3.6997
v 21.0754 17.7403 -5.8832
v 22.2352 20.6926 -4.7491
v 21.0754 17.7403 -5.8832
v 23.2613 17.7858 -6.1074
v 22.2352 20.6926 -4.7491
v 23.2613 17.7858 -6.1074
v 23.8272 17.7404 -5.0621
v 22.2352 20.6926 -4.7491
v 23.8272 17.7404 -5.0621
v 21.3016 17.6308 -3.6997
v 23.4876 17.6762 -3.9240
v 23.8272 17.7404 -5.0621
v 21.0754 17.7403 -5.8832
v 21.3016 17.6308 -3.6997
v 23.8272 17.7404 -5.0621
v 23.2613 17.7858 -6.1074
v 21.0754 17.7403 -5.8832
v 23.4771 19.2258 -4.9513
v 22.3845 19.1394 -3.6090
v 22.2121 22.1848 -4.6718
v 22.3845 19.1394 -3.6090
v 21.0397 19.1751 -4.7013
v 22.2121 22.1848 -4.6718
v 21.0397 19.1751 -4.7013
v 22.1322 19.2615 -6.0436
v 22.2121 22.1848 -4.6718
v 22.1322 19.2615 -6.0436
v 23.4771 19.2258 -4.9513
v 22.2121 22.1848 -4.6718
v 23.4771 19.2258 -4.9513
v 21.0397 19.1751 -4.7013
v 22.3845 19.1394 -3.6090
v 23.4771 19.2258 -4.9513
v 22.1322 19.2615 -6.0436
v 21.0397 19.1751 -4.7013
v 22.9080 20.6748 -4.2027
v 21.6887 20.6494 -4.0776
v 22.1890 23.6770 -4.5946
v 21.6887 20.6494 -4.0776
v 21.5625 20.7105 -5.2955
v 22.1890 23.6770 -4.5946
v 21.5625 20.7105 -5.2955
v 22.7818 20.7358 -5.4206
v 22.1890 23.6770 -4.5946
v 22.7818 20.7358 -5.4206
v 22.9080 20.6748 -4.2027
v 22.1890 23.6770 -4.5946
v 22.9080 20.6748 -4.2027
v 21.5625 20.7105 -5.2955
v 21.6887 20.6494 -4.0776
v 22.9080 20.6748 -4.2027
v 22.7818 20.7358 -5.4206
v 21.5625 20.7105 -5.2955
v -35.7140 13.4065 -1.8754
v -35.3450 13.4091 -1.1320
v -36.3821 15.5181 -1.0879
v -35.3450 13.4091 -1.1320
v -36.3529 13.4470 0.0234
v -36.3821 15.5181 -1.0879
v -36.3529 13.4470 0.0234
v -37.5084 13.4574 -0.9850
v -36.3821 15.5181 -1.0879
v -37.5084 13.4574 -0.9850
v -36.5005 13.4195 -2.1403
v -36.3821 15.5181 -1.0879
v -36.5005 13.4195 -2.1403
v -35.7140 13.4065 -1.8754
v -36.3821 15.5181 -1.0879
v -35.7140 13.4065 -1.8754
v -36.3529 13.4470 0.0234
v -35.3450 13.4091 -1.1320
v -35.7140 13.4065 -1.8754
v -37.5084 13.4574 -0.9850
v -36.3529 13.4470 0.0234
v -35.7140 13.4065 -1.8754
v -36.5005 13.4195 -2.1403
v -37.5084 13.4574 -0.9850
v -35.8425 14.4545 -1.7173
v -35.7602 14.4698 -0.5110
v -36.3598 16.5605 -1.1027
v -35.7602 14.4698 -0.5110
v -36.9663 14.4968 -0.4291
v -36.3598 16.5605 -1.1027
v -36.9663 14.4968 -0.4291
v -37.0486 14.4815 -1.6354
v -36.3598 16.5605 -1.1027
v -37.0486 14.4815 -1.6354
v -35.8425 14.4545 -1.7173
v -36.3598 16.5605 -1.1027
v -35.8425 14.4545 -1.7173
v -36.9663 14.4968 -0.4291
v -35.7602 14.4698 -0.5110
v -35.8425 14.4545 -1.7173
v -37.0486 14.4815 -1.6354
v -36.9663 14.4968 -0.4291
v -35.7787 15.5046 -1.1289
v -36.3409 15.5257 -0.4845
v -36.3376 17.6029 -1.1174
v -36.3409 15.5257 -0.4845
v -36.9855 15.5315 -1.0469
v -36.3376 17.6029 -1.1174
v -36.9855 15.5315 -1.0469
v -36.4233 15.5104 -1.6914
v -36.3376 17.6029 -1.1174
v -36.4233 15.5104 -1.6914
v -35.7787 15.5046 -1.1289
v -36.3376 17.6029 -1.1174
v -35.7787 15.5046 -1.1289
v -36.9855 15.5315 -1.0469
v -36.3409 15.5257 -0.4845
v -35.7787 15.5046 -1.1289
v -36.4233 15.5104 -1.6914
v -36.9855 15.5315 -1.0469
v -27.4331 14.1419 5.2229
v -26.5355 14.1163 4.5881
v -26.2367 16.9482 5.8490
v -26.5355 14.1163 4.5881
v -24.8163 14.1824 5.6693
v -26.2367 16.9482 5.8490
v -24.8163 14.1824 5.6693
v -25.8995 14.2610 7.3867
v -26.2367 16.9482 5.8490
v -25.8995 14.2610 7.3867
v -27.6187 14.1949 6.3055
v -26.2367 16.9482 5.8490
v -27.6187 14.1949 6.3055
v -27.4331 14.1419 5.2229
v -26.2367 16.9482 5.8490
v -27.4331 14.1419 5.2229
v -24.8163 14.1824 5.6693
v -26.5355 14.1163 4.5881
v -27.4331 14.1419 5.2229
v -25.8995 14.2610 7.3867
v -24.8163 14.1824 5.6693
v -27.4331 14.1419 5.2229
v -27.6187 14.1949 6.3055
v -25.8995 14.2610 7.3867
v -27.1855 15.5315 5.3154
v -25.6232 15.5246 4.9607
v -26.2462 18.3280 5.7798
v -25.6232 15.5246 4.9607
v -25.2686 15.6053 6.5210
v -26.2462 18.3280 5.7798
v -25.2686 15.6053 6.5210
v -26.8309 15.6123 6.8757
v -26.2462 18.3280 5.7798
v -26.8309 15.6123 6.8757
v -27.1855 15.5315 5.3154
v -26.2462 18.3280 5.7798
v -27.1855 15.5315 5.3154
v -25.2686 15.6053 6.5210
v -25.6232 15.5246 4.9607
v -27.1855 15.5315 5.3154
v -26.8309 15.6123 6.8757
v -25.2686 15.6053 6.5210
v -26.4140 16.9078 5.0685
v -25.4551 16.9447 5.6716
v -26.2558 19.7078 5.7106
v -25.4551 16.9447 5.6716
v -26.0593 16.9886 6.6295
v -26.2558 19.7078 5.7106
v -26.0593 16.9886 6.6295
v -27.0182 16.9517 6.0264
v -26.2558 19.7078 5.7106
v -27.0182 16.9517 6.0264
v -26.4140 16.9078 5.0685
v -26.2558 19.7078 5.7106
v -26.4140 16.9078 5.0685
v -26.0593 16.9886 6.6295
v -25.4551 16.9447 5.6716
v -26.4140 16.9078 5.0685
v -27.0182 16.9517 6.0264
v -26.0593 16.9886 6.6295
v -32.4585 14.4827 -13.0639
v -31.8134 14.4459 -12.3902
v -32.8255 16.8457 -11.9366
v -31.8134 14.4459 -12.3902
v -32.5059 14.4751 -10.8107
v -32.8255 16.8457 -11.9366
v -32.5059 14.4751 -10.8107
v -34.0832 14.5608 -11.5038
v -32.8255 16.8457 -11.9366
v -34.0832 14.5608 -11.5038
v -33.3906 14.5316 -13.0834
v -32.8255 16.8457 -11.9366
v -33.3906 14.5316 -13.0834
v -32.4585 14.4827 -13.0639
v -32.8255 16.8457 -11.9366
v -32.4585 14.4827 -13.0639
v -32.5059 14.4751 -10.8107
v -31.8134 14.4459 -12.3902
v -32.4585 14.4827 -13.0639
v -34.0832 14.5608 -11.5038
v -32.5059 14.4751 -10.8107
v -32.4585 14.4827 -13.0639
v -33.3906 14.5316 -13.0834
v -34.0832 14.5608 -11.5038
v -32.5008 15.6582 -12.8224
v -32.0076 15.6267 -11.5554
v -32.7642 18.0169 -11.9313
v -32.0076 15.6267 -11.5554
v -33.2730 15.6908 -11.0612
v -32.7642 18.0169 -11.9313
v -33.2730 15.6908 -11.0612
v -33.7663 15.7223 -12.3282
v -32.7642 18.0169 -11.9313
v -33.7663 15.7223 -12.3282
v -32.5008 15.6582 -12.8224
v -32.7642 18.0169 -11.9313
v -32.5008 15.6582 -12.8224
v -33.2730 15.6908 -11.0612
v -32.0076 15.6267 -11.5554
v -32.5008 15.6582 -12.8224
v -33.7663 15.7223 -12.3282
v -33.2730 15.6908 -11.0612
v -32.1925 16.8137 -12.1838
v -32.5788 16.8300 -11.3027
v -32.7028 19.1881 -11.9261
v -32.5788 16.8300 -11.3027
v -33.4586 16.8778 -11.6894
v -32.7028 19.1881 -11.9261
v -33.4586 16.8778 -11.6894
v -33.0723 16.8615 -12.5704
v -32.7028 19.1881 -11.9261
v -33.0723 16.8615 -12.5704
v -32.1925 16.8137 -12.1838
v -32.7028 19.1881 -11.9261
v -32.1925 16.8137 -12.1838
v -33.4586 16.8778 -11.6894
v -32.5788 16.8300 -11.3027
v -32.1925 16.8137 -12.1838
v -33.0723 16.8615 -12.5704
v -33.4586 16.8778 -11.6894
v 2.9797 14.0763 48.4604
v 2.8964 14.1694 47.3075
v 4.5496 16.9228 47.9939
v 2.8964 14.1694 47.3075
v 4.8065 14.0978 46.3391
v 4.5496 16.9228 47.9939
v 4.8065 14.0978 46.3391
v 5.7641 13.8818 48.2438
v 4.5496 16.9228 47.9939
v 5.7641 13.8818 48.2438
v 3.8540 13.9535 49.2122
v 4.5496 16.9228 47.9939
v 3.8540 13.9535 49.2122
v 2.9797 14.0763 48.4604
v 4.5496 16.9228 47.9939
v 2.9797 14.0763 48.4604
v 4.8065 14.0978 46.3391
v 2.8964 14.1694 47.3075
v 2.9797 14.0763 48.4604
v 5.7641 13.8818 48.2438
v 4.8065 14.0978 46.3391
v 2.9797 14.0763 48.4604
v 3.8540 13.9535 49.2122
v 5.7641 13.8818 48.2438
v 3.3750 15.5142 48.4247
v 3.9060 15.5946 46.8229
v 4.6592 18.3714 48.1030
v 3.9060 15.5946 46.8229
v 5.5048 15.4343 47.3448
v 4.6592 18.3714 48.1030
v 5.5048 15.4343 47.3448
v 4.9738 15.3538 48.9466
v 4.6592 18.3714 48.1030
v 4.9738 15.3538 48.9466
v 3.3750 15.5142 48.4247
v 4.6592 18.3714 48.1030
v 3.3750 15.5142 48.4247
v 5.5048 15.4343 47.3448
v 3.9060 15.5946 46.8229
v 3.3750 15.5142 48.4247
v 4.9738 15.3538 48.9466
v 5.5048 15.4343 47.3448
v 3.7498 17.0030 47.7328
v 4.8152 16.9631 47.1926
v 4.7688 19.8200 48.2121
v 4.8152 16.9631 47.1926
v 5.3493 16.8426 48.2550
v 4.7688 19.8200 48.2121
v 5.3493 16.8426 48.2550
v 4.2839 16.8826 48.7952
v 4.7688 19.8200 48.2121
v 4.2839 16.8826 48.7952
v 3.7498 17.0030 47.7328
v 4.7688 19.8200 48.2121
v 3.7498 17.0030 47.7328
v 5.3493 16.8426 48.2550
v 4.8152 16.9631 47.1926
v 3.7498 17.0030 47.7328
v 4.2839 16.8826 48.7952
v 5.3493 16.8426 48.2550
v -34.9179 13.4165 8.7246
v -34.8277 13.4321 9.7436
v -36.1656 15.9651 9.3096
v -34.8277 13.4321 9.7436
v -36.5031 13.4025 10.6186
v -36.1656 15.9651 9.3096
v -36.5031 13.4025 10.6186
v -37.3774 13.3591 8.9432
v -36.1656 15.9651 9.3096
v -37.3774 13.3591 8.9432
v -35.7020 13.3887 8.0681
v -36.1656 15.9651 9.3096
v -35.7020 13.3887 8.0681
v -34.9179 13.4165 8.7246
v -36.1656 15.9651 9.3096
v -34.9179 13.4165 8.7246
v -36.5031 13.4025 10.6186
v -34.8277 13.4321 9.7436
v -34.9179 13.4165 8.7246
v -37.3774 13.3591 8.9432
v -36.5031 13.4025 10.6186
v -34.9179 13.4165 8.7246
v -35.7020 13.3887 8.0681
v -37.3774 13.3591 8.9432
v -35.2000 14.6969 8.8386
v -35.6466 14.7046 10.2606
v -36.1971 17.2499 9.2927
v -35.6466 14.7046 10.2606
v -37.0681 14.6639 9.8143
v -36.1971 17.2499 9.2927
v -37.0681 14.6639 9.8143
v -36.6215 14.6561 8.3924
v -36.1971 17.2499 9.2927
v -36.6215 14.6561 8.3924
v -35.2000 14.6969 8.8386
v -36.1971 17.2499 9.2927
v -35.2000 14.6969 8.8386
v -37.0681 14.6639 9.8143
v -35.6466 14.7046 10.2606
v -35.2000 14.6969 8.8386
v -36.6215 14.6561 8.3924
v -37.0681 14.6639 9.8143
v -35.4545 15.9855 9.5328
v -36.3890 15.9690 10.0209
v -36.2286 18.5346 9.2758
v -36.3890 15.9690 10.0209
v -36.8767 15.9447 9.0864
v -36.2286 18.5346 9.2758
v -36.8767 15.9447 9.0864
v -35.9422 15.9612 8.5983
v -36.2286 18.5346 9.2758
v -35.9422 15.9612 8.5983
v -35.4545 15.9855 9.5328
v -36.2286 18.5346 9.2758
v -35.4545 15.9855 9.5328
v -36.8767 15.9447 9.0864
v -36.3890 15.9690 10.0209
v -35.4545 15.9855 9.5328
v -35.9422 15.9612 8.5983
v -36.8767 15.9447 9.0864
v -14.3739 16.0452 -11.5657
v -15.2635 15.9064 -11.0499
v -15.7141 18.5947 -12.1477
v -15.2635 15.9064 -11.0499
v -16.7866 15.8596 -12.2134
v -15.7141 18.5947 -12.1477
v -16.7866 15.8596 -12.2134
v -15.6384 16.1177 -13.7269
v -15.7141 18.5947 -12.1477
v -15.6384 16.1177 -13.7269
v -14.1152 16.1645 -12.5634
v -15.7141 18.5947 -12.1477
v -14.1152 16.1645 -12.5634
v -14.3739 16.0452 -11.5657
v -15.7141 18.5947 -12.1477
v -14.3739 16.0452 -11.5657
v -16.7866 15.8596 -12.2134
v -15.2635 15.9064 -11.0499
v -14.3739 16.0452 -11.5657
v -15.6384 16.1177 -13.7269
v -16.7866 15.8596 -12.2134
v -14.3739 16.0452 -11.5657
v -14.1152 16.1645 -12.5634
v -15.6384 16.1177 -13.7269
v -14.7333 17.3295 -11.6194
v -16.2227 17.1595 -11.4242
v -15.8457 19.8860 -12.0273
v -16.2227 17.1595 -11.4242
v -16.4317 17.2773 -12.9167
v -15.8457 19.8860 -12.0273
v -16.4317 17.2773 -12.9167
v -14.9424 17.4473 -13.1119
v -15.8457 19.8860 -12.0273
v -14.9424 17.4473 -13.1119
v -14.7333 17.3295 -11.6194
v -15.8457 19.8860 -12.0273
v -14.7333 17.3295 -11.6194
v -16.4317 17.2773 -12.9167
v -16.2227 17.1595 -11.4242
v -14.7333 17.3295 -11.6194
v -14.9424 17.4473 -13.1119
v -16.4317 17.2773 -12.9167
v -15.6096 18.5357 -11.4011
v -16.4592 18.5096 -12.0501
v -15.9773 21.1773 -11.9070
v -16.4592 18.5096 -12.0501
v -15.8187 18.6536 -12.8943
v -15.9773 21.1773 -11.9070
v -15.8187 18.6536 -12.8943
v -14.9691 18.6797 -12.2453
v -15.9773 21.1773 -11.9070
v -14.9691 18.6797 -12.2453
v -15.6096 18.5357 -11.4011
v -15.9773 21.1773 -11.9070
v -15.6096 18.5357 -11.4011
v -15.8187 18.6536 -12.8943
v -16.4592 18.5096 -12.0501
v -15.6096 18.5357 -11.4011
v -14.9691 18.6797 -12.2453
v -15.8187 18.6536 -12.8943
v 10.2868 13.9701 43.9696
v 9.1491 13.9595 43.3581
v 10.4209 17.2222 42.2997
v 9.1491 13.9595 43.3581
v 9.3885 13.9689 40.9833
v 10.4209 17.2222 42.2997
v 9.3885 13.9689 40.9833
v 11.7632 13.9939 41.2227
v 10.4209 17.2222 42.2997
v 11.7632 13.9939 41.2227
v 11.5238 13.9845 43.5976
v 10.4209 17.2222 42.2997
v 11.5238 13.9845 43.5976
v 10.2868 13.9701 43.9696
v 10.4209 17.2222 42.2997
v 10.2868 13.9701 43.9696
v 9.3885 13.9689 40.9833
v 9.1491 13.9595 43.3581
v 10.2868 13.9701 43.9696
v 11.7632 13.9939 41.2227
v 9.3885 13.9689 40.9833
v 10.2868 13.9701 43.9696
v 11.5238 13.9845 43.5976
v 11.7632 13.9939 41.2227
v 10.3051 15.5942 43.6191
v 9.1146 15.5855 42.1615
v 10.4034 18.8449 42.3043
v 9.1146 15.5855 42.1615
v 10.5720 15.6047 40.9710
v 10.4034 18.8449 42.3043
v 10.5720 15.6047 40.9710
v 11.7625 15.6134 42.4286
v 10.4034 18.8449 42.3043
v 11.7625 15.6134 42.4286
v 10.3051 15.5942 43.6191
v 10.4034 18.8449 42.3043
v 10.3051 15.5942 43.6191
v 10.5720 15.6047 40.9710
v 9.1146 15.5855 42.1615
v 10.3051 15.5942 43.6191
v 11.7625 15.6134 42.4286
v 10.5720 15.6047 40.9710
v 9.6919 17.2126 42.8952
v 9.8254 17.2178 41.5706
v 10.3858 20.4677 42.3090
v 9.8254 17.2178 41.5706
v 11.1500 17.2318 41.7042
v 10.3858 20.4677 42.3090
v 11.1500 17.2318 41.7042
v 11.0165 17.2266 43.0288
v 10.3858 20.4677 42.3090
v 11.0165 17.2266 43.0288
v 9.6919 17.2126 42.8952
v 10.3858 20.4677 42.3090
v 9.6919 17.2126 42.8952
v 11.1500 17.2318 41.7042
v 9.8254 17.2178 41.5706
v 9.6919 17.2126 42.8952
v 11.0165 17.2266 43.0288
v 11.1500 17.2318 41.7042
v -37.8180 15.9416 -32.9579
v -38.6606 15.9429 -32.8185
v -38.4100 18.0708 -33.9410
v -38.6606 15.9429 -32.8185
v -39.4944 15.9197 -34.1582
v -38.4100 18.0708 -33.9410
v -39.4944 15.9197 -34.1582
v -38.1545 15.9073 -34.9919
v -38.4100 18.0708 -33.9410
v -38.1545 15.9073 -34.9919
v -37.3207 15.9305 -33.6522
v -38.4100 18.0708 -33.9410
v -37.3207 15.9305 -33.6522
v -37.8180 15.9416 -32.9579
v -38.4100 18.0708 -33.9410
v -37.8180 15.9416 -32.9579
v -39.4944 15.9197 -34.1582
v -38.6606 15.9429 -32.8185
v -37.8180 15.9416 -32.9579
v -38.1545 15.9073 -34.9919
v -39.4944 15.9197 -34.1582
v -37.8180 15.9416 -32.9579
v -37.3207 15.9305 -33.6522
v -38.1545 15.9073 -34.9919
v -37.9439 17.0109 -33.1762
v -39.1558 17.0049 -33.4583
v -38.4112 19.1436 -33.9589
v -39.1558 17.0049 -33.4583
v -38.8737 16.9850 -34.6700
v -38.4112 19.1436 -33.9589
v -38.8737 16.9850 -34.6700
v -37.6618 16.9910 -34.3879
v -38.4112 19.1436 -33.9589
v -37.6618 16.9910 -34.3879
v -37.9439 17.0109 -33.1762
v -38.4112 19.1436 -33.9589
v -37.9439 17.0109 -33.1762
v -38.8737 16.9850 -34.6700
v -39.1558 17.0049 -33.4583
v -37.9439 17.0109 -33.1762
v -37.6618 16.9910 -34.3879
v -38.8737 16.9850 -34.6700
v -38.5511 18.0807 -33.3348
v -39.0162 18.0677 -34.0821
v -38.4124 20.2165 -33.9768
v -39.0162 18.0677 -34.0821
v -38.2689 18.0608 -34.5471
v -38.4124 20.2165 -33.9768
v -38.2689 18.0608 -34.5471
v -37.8037 18.0738 -33.7999
v -38.4124 20.2165 -33.9768
v -37.8037 18.0738 -33.7999
v -38.5511 18.0807 -33.3348
v -38.4124 20.2165 -33.9768
v -38.5511 18.0807 -33.3348
v -38.2689 18.0608 -34.5471
v -39.0162 18.0677 -34.0821
v -38.5511 18.0807 -33.3348
v -37.8037 18.0738 -33.7999
v -38.2689 18.0608 -34.5471
v 34.9618 20.5649 -46.9984
v 35.0456 20.5948 -46.1450
v 33.9720 22.7377 -46.5460
v 35.0456 20.5948 -46.1450
v 33.6470 20.6204 -45.3986
v 33.9720 22.7377 -46.5460
v 33.6470 20.6204 -45.3986
v 32.9002 20.5712 -46.7963
v 33.9720 22.7377 -46.5460
v 32.9002 20.5712 -46.7963
v 34.2988 20.5456 -47.5427
v 33.9720 22.7377 -46.5460
v 34.2988 20.5456 -47.5427
v 34.9618 20.5649 -46.9984
v 33.9720 22.7377 -46.5460
v 34.9618 20.5649 -46.9984
v 33.6470 20.6204 -45.3986
v 35.0456 20.5948 -46.1450
v 34.9618 20.5649 -46.9984
v 32.9002 20.5712 -46.7963
v 33.6470 20.6204 -45.3986
v 34.9618 20.5649 -46.9984
v 34.2988 20.5456 -47.5427
v 32.9002 20.5712 -46.7963
v 34.7522 21.6461 -46.9245
v 34.3888 21.6878 -45.7291
v 33.9716 23.8150 -46.5837
v 34.3888 21.6878 -45.7291
v 33.1927 21.6746 -46.0922
v 33.9716 23.8150 -46.5837
v 33.1927 21.6746 -46.0922
v 33.5561 21.6329 -47.2876
v 33.9716 23.8150 -46.5837
v 33.5561 21.6329 -47.2876
v 34.7522 21.6461 -46.9245
v 33.9716 23.8150 -46.5837
v 34.7522 21.6461 -46.9245
v 33.1927 21.6746 -46.0922
v 34.3888 21.6878 -45.7291
v 34.7522 21.6461 -46.9245
v 33.5561 21.6329 -47.2876
v 33.1927 21.6746 -46.0922
v 34.5704 22.7442 -46.3644
v 33.7903 22.7585 -45.9480
v 33.9712 24.8923 -46.6214
v 33.7903 22.7585 -45.9480
v 33.3737 22.7311 -46.7277
v 33.9712 24.8923 -46.6214
v 33.3737 22.7311 -46.7277
v 34.1538 22.7168 -47.1440
v 33.9712 24.8923 -46.6214
v 34.1538 22.7168 -47.1440
v 34.5704 22.7442 -46.3644
v 33.9712 24.8923 -46.6214
v 34.5704 22.7442 -46.3644
v 33.3737 22.7311 -46.7277
v 33.7903 22.7585 -45.9480
v 34.5704 22.7442 -46.3644
v 34.1538 22.7168 -47.1440
v 33.3737 22.7311 -46.7277
v 1.5499 16.5458 -2.0547
v 0.8066 16.5864 -0.8926
v -0.3448 19.9258 -2.5653
v 0.8066 16.5864 -0.8926
v -1.7023 16.4737 -1.3345
v -0.3448 19.9258 -2.5653
v -1.7023 16.4737 -1.3345
v -1.2549 16.3457 -3.8418
v -0.3448 19.9258 -2.5653
v -1.2549 16.3457 -3.8418
v 1.2540 16.4585 -3.3998
v -0.3448 19.9258 -2.5653
v 1.2540 16.4585 -3.3998
v 1.5499 16.5458 -2.0547
v -0.3448 19.9258 -2.5653
v 1.5499 16.5458 -2.0547
v -1.7023 16.4737 -1.3345
v 0.8066 16.5864 -0.8926
v 1.5499 16.5458 -2.0547
v -1.2549 16.3457 -3.8418
v -1.7023 16.4737 -1.3345
v 1.5499 16.5458 -2.0547
v 1.2540 16.4585 -3.3998
v -1.2549 16.3457 -3.8418
v 1.1143 18.2588 -2.2199
v -0.5339 18.2673 -1.0684
v -0.4051 21.6557 -2.6644
v -0.5339 18.2673 -1.0684
v -1.6832 18.1331 -2.7126
v -0.4051 21.6557 -2.6644
v -1.6832 18.1331 -2.7126
v -0.0350 18.1246 -3.8641
v -0.4051 21.6557 -2.6644
v -0.0350 18.1246 -3.8641
v 1.1143 18.2588 -2.2199
v -0.4051 21.6557 -2.6644
v 1.1143 18.2588 -2.2199
v -1.6832 18.1331 -2.7126
v -0.5339 18.2673 -1.0684
v 1.1143 18.2588 -2.2199
v -0.0350 18.1246 -3.8641
v -1.6832 18.1331 -2.7126
v 0.2302 19.9930 -1.7428
v -1.1693 19.9300 -1.9893
v -0.4654 23.3856 -2.7635
v -1.1693 19.9300 -1.9893
v -0.9197 19.8587 -3.3878
v -0.4654 23.3856 -2.7635
v -0.9197 19.8587 -3.3878
v 0.4798 19.9216 -3.1413
v -0.4654 23.3856 -2.7635
v 0.4798 19.9216 -3.1413
v 0.2302 19.9930 -1.7428
v -0.4654 23.3856 -2.7635
v 0.2302 19.9930 -1.7428
v -0.9197 19.8587 -3.3878
v -1.1693 19.9300 -1.9893
v 0.2302 19.9930 -1.7428
v 0.4798 19.9216 -3.1413
v -0.9197 19.8587 -3.3878
v 32.4000 15.0038 24.6245
v 32.4270 15.0000 23.9819
v 33.1699 16.6273 24.3255
v 32.4270 15.0000 23.9819
v 33.5431 15.0107 23.5736
v 33.1699 16.6273 24.3255
v 33.5431 15.0107 23.5736
v 33.9513 15.0227 24.6897
v 33.1699 16.6273 24.3255
v 33.9513 15.0227 24.6897
v 32.8352 15.0120 25.0980
v 33.1699 16.6273 24.3255
v 32.8352 15.0120 25.0980
v 32.4000 15.0038 24.6245
v 33.1699 16.6273 24.3255
v 32.4000 15.0038 24.6245
v 33.5431 15.0107 23.5736
v 32.4270 15.0000 23.9819
v 32.4000 15.0038 24.6245
v 33.9513 15.0227 24.6897
v 33.5431 15.0107 23.5736
v 32.4000 15.0038 24.6245
v 32.8352 15.0120 25.0980
v 33.9513 15.0227 24.6897
v 32.5573 15.8133 24.5583
v 32.9520 15.8126 23.7084
v 33.1602 17.4352 24.3203
v 32.9520 15.8126 23.7084
v 33.8017 15.8253 24.1030
v 33.1602 17.4352 24.3203
v 33.8017 15.8253 24.1030
v 33.4071 15.8260 24.9529
v 33.1602 17.4352 24.3203
v 33.4071 15.8260 24.9529
v 32.5573 15.8133 24.5583
v 33.1602 17.4352 24.3203
v 32.5573 15.8133 24.5583
v 33.8017 15.8253 24.1030
v 32.9520 15.8126 23.7084
v 32.5573 15.8133 24.5583
v 33.4071 15.8260 24.9529
v 33.8017 15.8253 24.1030
v 32.7448 16.6209 24.1281
v 33.3673 16.6269 23.9003
v 33.1506 18.2432 24.3152
v 33.3673 16.6269 23.9003
v 33.5950 16.6336 24.5229
v 33.1506 18.2432 24.3152
v 33.5950 16.6336 24.5229
v 32.9724 16.6276 24.7506
v 33.1506 18.2432 24.3152
v 32.9724 16.6276 24.7506
v 32.7448 16.6209 24.1281
v 33.1506 18.2432 24.3152
v 32.7448 16.6209 24.1281
v 33.5950 16.6336 24.5229
v 33.3673 16.6269 23.9003
v 32.7448 16.6209 24.1281
v 32.9724 16.6276 24.7506
v 33.5950 16.6336 24.5229
v -19.9479 13.8625 12.1989
v -20.5901 13.7746 12.3232
v -20.6353 15.4686 11.5348
v -20.5901 13.7746 12.3232
v -21.2595 13.7219 11.3053
v -20.6353 15.4686 11.5348
v -21.2595 13.7219 11.3053
v -20.2525 13.8758 10.6350
v -20.6353 15.4686 11.5348
v -20.2525 13.8758 10.6350
v -19.5831 13.9285 11.6529
v -20.6353 15.4686 11.5348
v -19.5831 13.9285 11.6529
v -19.9479 13.8625 12.1989
v -20.6353 15.4686 11.5348
v -19.9479 13.8625 12.1989
v -21.2595 13.7219 11.3053
v -20.5901 13.7746 12.3232
v -19.9479 13.8625 12.1989
v -20.2525 13.8758 10.6350
v -21.2595 13.7219 11.3053
v -19.9479 13.8625 12.1989
v -19.5831 13.9285 11.6529
v -20.2525 13.8758 10.6350
v -20.1551 14.6763 12.0744
v -21.0898 14.5611 11.8806
v -20.7424 16.2903 11.5626
v -21.0898 14.5611 11.8806
v -20.9016 14.6175 10.9394
v -20.7424 16.2903 11.5626
v -20.9016 14.6175 10.9394
v -19.9669 14.7327 11.1332
v -20.7424 16.2903 11.5626
v -19.9669 14.7327 11.1332
v -20.1551 14.6763 12.0744
v -20.7424 16.2903 11.5626
v -20.1551 14.6763 12.0744
v -20.9016 14.6175 10.9394
v -21.0898 14.5611 11.8806
v -20.1551 14.6763 12.0744
v -19.9669 14.7327 11.1332
v -20.9016 14.6175 10.9394
v -20.7295 15.4404 12.0056
v -21.1029 15.4110 11.4378
v -20.8494 17.1120 11.5904
v -21.1029 15.4110 11.4378
v -20.5412 15.4968 11.0639
v -20.8494 17.1120 11.5904
v -20.5412 15.4968 11.0639
v -20.1678 15.5262 11.6317
v -20.8494 17.1120 11.5904
v -20.1678 15.5262 11.6317
v -20.7295 15.4404 12.0056
v -20.8494 17.1120 11.5904
v -20.7295 15.4404 12.0056
v -20.5412 15.4968 11.0639
v -21.1029 15.4110 11.4378
v -20.7295 15.4404 12.0056
v -20.1678 15.5262 11.6317
v -20.5412 15.4968 11.0639
v -10.8983 13.7295 37.5216
v -11.0236 13.7115 36.6363
v -9.7573 15.8930 36.8644
v -11.0236 13.7115 36.6363
v -9.6033 13.6006 35.7988
v -9.7573 15.8930 36.8644
v -9.6033 13.6006 35.7988
v -8.7645 13.5907 37.2225
v -9.7573 15.8930 36.8644
v -8.7645 13.5907 37.2225
v -10.1848 13.7016 38.0600
v -9.7573 15.8930 36.8644
v -10.1848 13.7016 38.0600
v -10.8983 13.7295 37.5216
v -9.7573 15.8930 36.8644
v -10.8983 13.7295 37.5216
v -9.6033 13.6006 35.7988
v -11.0236 13.7115 36.6363
v -10.8983 13.7295 37.5216
v -8.7645 13.5907 37.2225
v -9.6033 13.6006 35.7988
v -10.8983 13.7295 37.5216
v -10.1848 13.7016 38.0600
v -8.7645 13.5907 37.2225
v -10.6175 14.8339 37.3638
v -10.2933 14.7776 36.1031
v -9.6889 17.0140 36.8319
v -10.2933 14.7776 36.1031
v -9.0339 14.7102 36.4300
v -9.6889 17.0140 36.8319
v -9.0339 14.7102 36.4300
v -9.3580 14.7665 37.6907
v -9.6889 17.0140 36.8319
v -9.3580 14.7665 37.6907
v -10.6175 14.8339 37.3638
v -9.6889 17.0140 36.8319
v -10.6175 14.8339 37.3638
v -9.0339 14.7102 36.4300
v -10.2933 14.7776 36.1031
v -10.6175 14.8339 37.3638
v -9.3580 14.7665 37.6907
v -9.0339 14.7102 36.4300
v -10.3873 15.9267 36.7009
v -9.5952 15.8649 36.2337
v -9.6206 18.1350 36.7994
v -9.5952 15.8649 36.2337
v -9.1273 15.8593 37.0279
v -9.6206 18.1350 36.7994
v -9.1273 15.8593 37.0279
v -9.9194 15.9212 37.4950
v -9.6206 18.1350 36.7994
v -9.9194 15.9212 37.4950
v -10.3873 15.9267 36.7009
v -9.6206 18.1350 36.7994
v -10.3873 15.9267 36.7009
v -9.1273 15.8593 37.0279
v -9.5952 15.8649 36.2337
v -10.3873 15.9267 36.7009
v -9.9194 15.9212 37.4950
v -9.1273 15.8593 37.0279
v 41.4363 21.1139 -37.1897
v 42.1188 21.2251 -38.1654
v 42.9368 24.0788 -36.5351
v 42.1188 21.2251 -38.1654
v 44.2777 21.1933 -37.6954
v 42.9368 24.0788 -36.5351
v 44.2777 21.1933 -37.6954
v 43.8070 20.9577 -35.5493
v 42.9368 24.0788 -36.5351
v 43.8070 20.9577 -35.5493
v 41.6481 20.9895 -36.0193
v 42.9368 24.0788 -36.5351
v 41.6481 20.9895 -36.0193
v 41.4363 21.1139 -37.1897
v 42.9368 24.0788 -36.5351
v 41.4363 21.1139 -37.1897
v 44.2777 21.1933 -37.6954
v 42.1188 21.2251 -38.1654
v 41.4363 21.1139 -37.1897
v 43.8070 20.9577 -35.5493
v 44.2777 21.1933 -37.6954
v 41.4363 21.1139 -37.1897
v 41.6481 20.9895 -36.0193
v 43.8070 20.9577 -35.5493
v 41.7462 22.6028 -36.9583
v 43.2123 22.7164 -37.8927
v 42.9237 25.5725 -36.3740
v 43.2123 22.7164 -37.8927
v 44.1535 22.5673 -36.4342
v 42.9237 25.5725 -36.3740
v 44.1535 22.5673 -36.4342
v 42.6874 22.4537 -35.4997
v 42.9237 25.5725 -36.3740
v 42.6874 22.4537 -35.4997
v 41.7462 22.6028 -36.9583
v 42.9237 25.5725 -36.3740
v 41.7462 22.6028 -36.9583
v 44.1535 22.5673 -36.4342
v 43.2123 22.7164 -37.8927
v 41.7462 22.6028 -36.9583
v 42.6874 22.4537 -35.4997
v 44.1535 22.5673 -36.4342
v 42.4659 24.1534 -37.2648
v 43.6702 24.1356 -37.0026
v 42.9106 27.0662 -36.2129
v 43.6702 24.1356 -37.0026
v 43.4076 24.0042 -35.8055
v 42.9106 27.0662 -36.2129
v 43.4076 24.0042 -35.8055
v 42.2034 24.0219 -36.0677
v 42.9106 27.0662 -36.2129
v 42.2034 24.0219 -36.0677
v 42.4659 24.1534 -37.2648
v 42.9106 27.0662 -36.2129
v 42.4659 24.1534 -37.2648
v 43.4076 24.0042 -35.8055
v 43.6702 24.1356 -37.0026
v 42.4659 24.1534 -37.2648
v 42.2034 24.0219 -36.0677
v 43.4076 24.0042 -35.8055
v 19.4715 14.9880 18.9612
v 19.7800 14.9532 19.7692
v 18.6680 17.1371 19.8240
v 19.7800 14.9532 19.7692
v 18.6176 14.9194 20.8672
v 18.6680 17.1371 19.8240
v 18.6176 14.9194 20.8672
v 17.5191 14.9749 19.7060
v 18.6680 17.1371 19.8240
v 17.5191 14.9749 19.7060
v 18.6815 15.0087 18.6080
v 18.6680 17.1371 19.8240
v 18.6815 15.0087 18.6080
v 19.4715 14.9880 18.9612
v 18.6680 17.1371 19.8240
v 19.4715 14.9880 18.9612
v 18.6176 14.9194 20.8672
v 19.7800 14.9532 19.7692
v 19.4715 14.9880 18.9612
v 17.5191 14.9749 19.7060
v 18.6176 14.9194 20.8672
v 19.4715 14.9880 18.9612
v 18.6815 15.0087 18.6080
v 17.5191 14.9749 19.7060
v 19.3068 16.0694 19.1686
v 19.2711 16.0197 20.4282
v 18.6772 18.2236 19.8672
v 19.2711 16.0197 20.4282
v 18.0107 16.0317 20.3930
v 18.6772 18.2236 19.8672
v 18.0107 16.0317 20.3930
v 18.0463 16.0815 19.1334
v 18.6772 18.2236 19.8672
v 18.0463 16.0815 19.1334
v 19.3068 16.0694 19.1686
v 18.6772 18.2236 19.8672
v 19.3068 16.0694 19.1686
v 18.0107 16.0317 20.3930
v 19.2711 16.0197 20.4282
v 19.3068 16.0694 19.1686
v 18.0463 16.0815 19.1334
v 18.0107 16.0317 20.3930
v 19.2985 17.1311 19.8416
v 18.6501 17.1122 20.4541
v 18.6864 19.3101 19.9104
v 18.6501 17.1122 20.4541
v 18.0374 17.1431 19.8064
v 18.6864 19.3101 19.9104
v 18.0374 17.1431 19.8064
v 18.6858 17.1620 19.1939
v 18.6864 19.3101 19.9104
v 18.6858 17.1620 19.1939
v 19.2985 17.1311 19.8416
v 18.6864 19.3101 19.9104
v 19.2985 17.1311 19.8416
v 18.0374 17.1431 19.8064
v 18.6501 17.1122 20.4541
v 19.2985 17.1311 19.8416
v 18.6858 17.1620 19.1939
v 18.0374 17.1431 19.8064
v 11.5383 17.8993 -23.0217
v 10.9272 17.9116 -23.4026
v 11.7312 19.7033 -23.9537
v 10.9272 17.9116 -23.4026
v 11.1451 17.9043 -24.7155
v 11.7312 19.7033 -23.9537
v 11.1451 17.9043 -24.7155
v 12.4576 17.8766 -24.4974
v 11.7312 19.7033 -23.9537
v 12.4576 17.8766 -24.4974
v 12.2397 17.8839 -23.1846
v 11.7312 19.7033 -23.9537
v 12.2397 17.8839 -23.1846
v 11.5383 17.8993 -23.0217
v 11.7312 19.7033 -23.9537
v 11.5383 17.8993 -23.0217
v 11.1451 17.9043 -24.7155
v 10.9272 17.9116 -23.4026
v 11.5383 17.8993 -23.0217
v 12.4576 17.8766 -24.4974
v 11.1451 17.9043 -24.7155
v 11.5383 17.8993 -23.0217
v 12.2397 17.8839 -23.1846
v 12.4576 17.8766 -24.4974
v 11.5903 18.8028 -23.2199
v 10.9801 18.8142 -24.0734
v 11.7506 20.6079 -23.9555
v 10.9801 18.8142 -24.0734
v 11.8333 18.7946 -24.6837
v 11.7506 20.6079 -23.9555
v 11.8333 18.7946 -24.6837
v 12.4436 18.7833 -23.8303
v 11.7506 20.6079 -23.9555
v 12.4436 18.7833 -23.8303
v 11.5903 18.8028 -23.2199
v 11.7506 20.6079 -23.9555
v 11.5903 18.8028 -23.2199
v 11.8333 18.7946 -24.6837
v 10.9801 18.8142 -24.0734
v 11.5903 18.8028 -23.2199
v 12.4436 18.7833 -23.8303
v 11.8333 18.7946 -24.6837
v 11.3044 19.7131 -23.6483
v 11.4260 19.7090 -24.3806
v 11.7701 21.5125 -23.9573
v 11.4260 19.7090 -24.3806
v 12.1581 19.6935 -24.2590
v 11.7701 21.5125 -23.9573
v 12.1581 19.6935 -24.2590
v 12.0365 19.6976 -23.5267
v 11.7701 21.5125 -23.9573
v 12.0365 19.6976 -23.5267
v 11.3044 19.7131 -23.6483
v 11.7701 21.5125 -23.9573
v 11.3044 19.7131 -23.6483
v 12.1581 19.6935 -24.2590
v 11.4260 19.7090 -24.3806
v 11.3044 19.7131 -23.6483
v 12.0365 19.6976 -23.5267
v 12.1581 19.6935 -24.2590
v -0.4353 14.5265 13.1849
v -0.9169 14.5477 13.6530
v -1.1382 16.2657 12.8652
v -0.9169 14.5477 13.6530
v -2.0543 14.6243 13.1613
v -1.1382 16.2657 12.8652
v -2.0543 14.6243 13.1613
v -1.5623 14.6136 12.0214
v -1.1382 16.2657 12.8652
v -1.5623 14.6136 12.0214
v -0.4248 14.5371 12.5132
v -1.1382 16.2657 12.8652
v -0.4248 14.5371 12.5132
v -0.4353 14.5265 13.1849
v -1.1382 16.2657 12.8652
v -0.4353 14.5265 13.1849
v -2.0543 14.6243 13.1613
v -0.9169 14.5477 13.6530
v -0.4353 14.5265 13.1849
v -1.5623 14.6136 12.0214
v -2.0543 14.6243 13.1613
v -0.4353 14.5265 13.1849
v -0.4248 14.5371 12.5132
v -1.5623 14.6136 12.0214
v -0.5548 15.3805 13.1254
v -1.4632 15.4291 13.4867
v -1.0876 17.1082 12.8792
v -1.4632 15.4291 13.4867
v -1.8231 15.4659 12.5771
v -1.0876 17.1082 12.8792
v -1.8231 15.4659 12.5771
v -0.9146 15.4172 12.2157
v -1.0876 17.1082 12.8792
v -0.9146 15.4172 12.2157
v -0.5548 15.3805 13.1254
v -1.0876 17.1082 12.8792
v -0.5548 15.3805 13.1254
v -1.8231 15.4659 12.5771
v -1.4632 15.4291 13.4867
v -0.5548 15.3805 13.1254
v -0.9146 15.4172 12.2157
v -1.8231 15.4659 12.5771
v -0.9582 16.2473 13.3203
v -1.5927 16.2900 13.0460
v -1.0369 17.9507 12.8932
v -1.5927 16.2900 13.0460
v -1.3182 16.2841 12.4102
v -1.0369 17.9507 12.8932
v -1.3182 16.2841 12.4102
v -0.6838 16.2413 12.6845
v -1.0369 17.9507 12.8932
v -0.6838 16.2413 12.6845
v -0.9582 16.2473 13.3203
v -1.0369 17.9507 12.8932
v -0.9582 16.2473 13.3203
v -1.3182 16.2841 12.4102
v -1.5927 16.2900 13.0460
v -0.9582 16.2473 13.3203
v -0.6838 16.2413 12.6845
v -1.3182 16.2841 12.4102
v 50.7879 21.6046 -43.7987
v 51.3208 21.5663 -43.1988
v 50.4221 23.6191 -42.8073
v 51.3208 21.5663 -43.1988
v 50.6735 21.5647 -41.8632
v 50.4221 23.6191 -42.8073
v 50.6735 21.5647 -41.8632
v 49.3396 21.6406 -42.5096
v 50.4221 23.6191 -42.8073
v 49.3396 21.6406 -42.5096
v 49.9869 21.6422 -43.8452
v 50.4221 23.6191 -42.8073
v 49.9869 21.6422 -43.8452
v 50.7879 21.6046 -43.7987
v 50.4221 23.6191 -42.8073
v 50.7879 21.6046 -43.7987
v 50.6735 21.5647 -41.8632
v 51.3208 21.5663 -43.1988
v 50.7879 21.6046 -43.7987
v 49.3396 21.6406 -42.5096
v 50.6735 21.5647 -41.8632
v 50.7879 21.6046 -43.7987
v 49.9869 21.6422 -43.8452
v 49.3396 21.6406 -42.5096
v 50.7370 22.6121 -43.5754
v 51.1198 22.5689 -42.4704
v 50.4681 24.6269 -42.7838
v 51.1198 22.5689 -42.4704
v 50.0152 22.6104 -42.0861
v 50.4681 24.6269 -42.7838
v 50.0152 22.6104 -42.0861
v 49.6324 22.6536 -43.1911
v 50.4681 24.6269 -42.7838
v 49.6324 22.6536 -43.1911
v 50.7370 22.6121 -43.5754
v 50.4681 24.6269 -42.7838
v 50.7370 22.6121 -43.5754
v 50.0152 22.6104 -42.0861
v 51.1198 22.5689 -42.4704
v 50.7370 22.6121 -43.5754
v 49.6324 22.6536 -43.1911
v 50.0152 22.6104 -42.0861
v 50.9747 23.5983 -42.9995
v 50.6136 23.5975 -42.2545
v 50.5140 25.6347 -42.7603
v 50.6136 23.5975 -42.2545
v 49.8695 23.6398 -42.6150
v 50.5140 25.6347 -42.7603
v 49.8695 23.6398 -42.6150
v 50.2306 23.6407 -43.3600
v 50.5140 25.6347 -42.7603
v 50.2306 23.6407 -43.3600
v 50.9747 23.5983 -42.9995
v 50.5140 25.6347 -42.7603
v 50.9747 23.5983 -42.9995
v 49.8695 23.6398 -42.6150
v 50.6136 23.5975 -42.2545
v 50.9747 23.5983 -42.9995
v 50.2306 23.6407 -43.3600
v 49.8695 23.6398 -42.6150
v -24.5683 15.7809 -13.9503
v -25.1153 15.8774 -15.0190
v -23.2095 18.7059 -15.0605
v -25.1153 15.8774 -15.0190
v -23.6857 15.7646 -16.7208
v -23.2095 18.7059 -15.0605
v -23.6857 15.7646 -16.7208
v -21.9995 15.5250 -15.2884
v -23.2095 18.7059 -15.0605
v -21.9995 15.5250 -15.2884
v -23.4291 15.6377 -13.5866
v -23.2095 18.7059 -15.0605
v -23.4291 15.6377 -13.5866
v -24.5683 15.7809 -13.9503
v -23.2095 18.7059 -15.0605
v -24.5683 15.7809 -13.9503
v -23.6857 15.7646 -16.7208
v -25.1153 15.8774 -15.0190
v -24.5683 15.7809 -13.9503
v -21.9995 15.5250 -15.2884
v -23.6857 15.7646 -16.7208
v -24.5683 15.7809 -13.9503
v -23.4291 15.6377 -13.5866
v -21.9995 15.5250 -15.2884
v -24.1805 17.2664 -14.1583
v -24.3236 17.3371 -15.9057
v -23.0356 20.2082 -15.0139
v -24.3236 17.3371 -15.9057
v -22.5865 17.1407 -16.0559
v -23.0356 20.2082 -15.0139
v -22.5865 17.1407 -16.0559
v -22.4433 17.0699 -14.3085
v -23.0356 20.2082 -15.0139
v -22.4433 17.0699 -14.3085
v -24.1805 17.2664 -14.1583
v -23.0356 20.2082 -15.0139
v -24.1805 17.2664 -14.1583
v -22.5865 17.1407 -16.0559
v -24.3236 17.3371 -15.9057
v -24.1805 17.2664 -14.1583
v -22.4433 17.0699 -14.3085
v -22.5865 17.1407 -16.0559
v -24.0785 18.8041 -14.9853
v -23.2811 18.7413 -15.9346
v -22.8617 21.7105 -14.9673
v -23.2811 18.7413 -15.9346
v -22.3405 18.6076 -15.1356
v -22.8617 21.7105 -14.9673
v -22.3405 18.6076 -15.1356
v -23.1380 18.6704 -14.1864
v -22.8617 21.7105 -14.9673
v -23.1380 18.6704 -14.1864
v -24.0785 18.8041 -14.9853
v -22.8617 21.7105 -14.9673
v -24.0785 18.8041 -14.9853
v -22.3405 18.6076 -15.1356
v -23.2811 18.7413 -15.9346
v -24.0785 18.8041 -14.9853
v -23.1380 18.6704 -14.1864
v -22.3405 18.6076 -15.1356
v -6.7958 13.7976 34.4109
v -6.0978 13.8352 35.2806
v -7.4949 16.6555 35.5640
v -6.0978 13.8352 35.2806
v -7.0904 13.9158 37.0859
v -7.4949 16.6555 35.5640
v -7.0904 13.9158 37.0859
v -8.8976 13.8738 36.0942
v -7.4949 16.6555 35.5640
v -8.8976 13.8738 36.0942
v -7.9049 13.7933 34.2889
v -7.4949 16.6555 35.5640
v -7.9049 13.7933 34.2889
v -6.7958 13.7976 34.4109
v -7.4949 16.6555 35.5640
v -6.7958 13.7976 34.4109
v -7.0904 13.9158 37.0859
v -6.0978 13.8352 35.2806
v -6.7958 13.7976 34.4109
v -8.8976 13.8738 36.0942
v -7.0904 13.9158 37.0859
v -6.7958 13.7976 34.4109
v -7.9049 13.7933 34.2889
v -8.8976 13.8738 36.0942
v -6.9429 15.2101 34.6192
v -6.4888 15.2784 36.1786
v -7.4936 18.0559 35.5023
v -6.4888 15.2784 36.1786
v -8.0497 15.2999 36.6322
v -7.4936 18.0559 35.5023
v -8.0497 15.2999 36.6322
v -8.5038 15.2316 35.0728
v -7.4936 18.0559 35.5023
v -8.5038 15.2316 35.0728
v -6.9429 15.2101 34.6192
v -7.4936 18.0559 35.5023
v -6.9429 15.2101 34.6192
v -8.0497 15.2999 36.6322
v -6.4888 15.2784 36.1786
v -6.9429 15.2101 34.6192
v -8.5038 15.2316 35.0728
v -8.0497 15.2999 36.6322
v -6.7141 16.6447 35.3371
v -7.2678 16.6896 36.3441
v -7.4922 19.4564 35.4405
v -7.2678 16.6896 36.3441
v -8.2758 16.6662 35.7909
v -7.4922 19.4564 35.4405
v -8.2758 16.6662 35.7909
v -7.7221 16.6213 34.7839
v -7.4922 19.4564 35.4405
v -7.7221 16.6213 34.7839
v -6.7141 16.6447 35.3371
v -7.4922 19.4564 35.4405
v -6.7141 16.6447 35.3371
v -8.2758 16.6662 35.7909
v -7.2678 16.6896 36.3441
v -6.7141 16.6447 35.3371
v -7.7221 16.6213 34.7839
v -8.2758 16.6662 35.7909
v 13.7500 13.2730 48.5368
v 13.0746 13.3068 48.9555
v 13.0502 15.3446 47.9961
v 13.0746 13.3068 48.9555
v 11.8864 13.4187 48.0979
v 13.0502 15.3446 47.9961
v 11.8864 13.4187 48.0979
v 12.7451 13.3975 46.9054
v 13.0502 15.3446 47.9961
v 12.7451 13.3975 46.9054
v 13.9333 13.2856 47.7630
v 13.0502 15.3446 47.9961
v 13.9333 13.2856 47.7630
v 13.7500 13.2730 48.5368
v 13.0502 15.3446 47.9961
v 13.7500 13.2730 48.5368
v 11.8864 13.4187 48.0979
v 13.0746 13.3068 48.9555
v 13.7500 13.2730 48.5368
v 12.7451 13.3975 46.9054
v 11.8864 13.4187 48.0979
v 13.7500 13.2730 48.5368
v 13.9333 13.2856 47.7630
v 12.7451 13.3975 46.9054
v 13.6425 14.2859 48.4414
v 12.5013 14.3602 48.6281
v 13.1203 16.3408 48.0289
v 12.5013 14.3602 48.6281
v 12.3175 14.4108 47.4851
v 13.1203 16.3408 48.0289
v 12.3175 14.4108 47.4851
v 13.4587 14.3365 47.2984
v 13.1203 16.3408 48.0289
v 13.4587 14.3365 47.2984
v 13.6425 14.2859 48.4414
v 13.1203 16.3408 48.0289
v 13.6425 14.2859 48.4414
v 12.3175 14.4108 47.4851
v 12.5013 14.3602 48.6281
v 13.6425 14.2859 48.4414
v 13.4587 14.3365 47.2984
v 12.3175 14.4108 47.4851
v 13.1421 15.3193 48.5678
v 12.4793 15.3817 48.0895
v 13.1905 17.3370 48.0617
v 12.4793 15.3817 48.0895
v 12.9583 15.3699 47.4243
v 13.1905 17.3370 48.0617
v 12.9583 15.3699 47.4243
v 13.6210 15.3074 47.9027
v 13.1905 17.3370 48.0617
v 13.6210 15.3074 47.9027
v 13.1421 15.3193 48.5678
v 13.1905 17.3370 48.0617
v 13.1421 15.3193 48.5678
v 12.9583 15.3699 47.4243
v 12.4793 15.3817 48.0895
v 13.1421 15.3193 48.5678
v 13.6210 15.3074 47.9027
v 12.9583 15.3699 47.4243
v 24.3290 17.8747 -7.0481
v 23.5904 17.9183 -7.8022
v 25.0204 20.4962 -8.3138
v 23.5904 17.9183 -7.8022
v 24.3535 17.8777 -9.5987
v 25.0204 20.4962 -8.3138
v 24.3535 17.8777 -9.5987
v 26.1469 17.7737 -8.8345
v 25.0204 20.4962 -8.3138
v 26.1469 17.7737 -8.8345
v 25.3838 17.8143 -7.0381
v 25.0204 20.4962 -8.3138
v 25.3838 17.8143 -7.0381
v 24.3290 17.8747 -7.0481
v 25.0204 20.4962 -8.3138
v 24.3290 17.8747 -7.0481
v 24.3535 17.8777 -9.5987
v 23.5904 17.9183 -7.8022
v 24.3290 17.8747 -7.0481
v 26.1469 17.7737 -8.8345
v 24.3535 17.8777 -9.5987
v 24.3290 17.8747 -7.0481
v 25.3838 17.8143 -7.0381
v 26.1469 17.7737 -8.8345
v 24.5191 19.1937 -7.3145
v 23.9447 19.2291 -8.7421
v 25.0963 21.8214 -8.3115
v 23.9447 19.2291 -8.7421
v 25.3700 19.1485 -9.3176
v 25.0963 21.8214 -8.3115
v 25.3700 19.1485 -9.3176
v 25.9444 19.1131 -7.8900
v 25.0963 21.8214 -8.3115
v 25.9444 19.1131 -7.8900
v 24.5191 19.1937 -7.3145
v 25.0963 21.8214 -8.3115
v 24.5191 19.1937 -7.3145
v 25.3700 19.1485 -9.3176
v 23.9447 19.2291 -8.7421
v 24.5191 19.1937 -7.3145
v 25.9444 19.1131 -7.8900
v 25.3700 19.1485 -9.3176
v 24.3074 20.5366 -8.0259
v 24.7331 20.5139 -9.0279
v 25.1722 23.1465 -8.3092
v 24.7331 20.5139 -9.0279
v 25.7334 20.4559 -8.6017
v 25.1722 23.1465 -8.3092
v 25.7334 20.4559 -8.6017
v 25.3078 20.4785 -7.5997
v 25.1722 23.1465 -8.3092
v 25.3078 20.4785 -7.5997
v 24.3074 20.5366 -8.0259
v 25.1722 23.1465 -8.3092
v 24.3074 20.5366 -8.0259
v 25.7334 20.4559 -8.6017
v 24.7331 20.5139 -9.0279
v 24.3074 20.5366 -8.0259
v 25.3078 20.4785 -7.5997
v 25.7334 20.4559 -8.6017
v 7.3282 13.6466 40.3311
v 6.4071 13.6399 40.1412
v 7.0848 15.9959 39.1002
v 6.4071 13.6399 40.1412
v 6.0801 13.6207 38.4346
v 7.0848 15.9959 39.1002
v 6.0801 13.6207 38.4346
v 7.7868 13.6262 38.1075
v 7.0848 15.9959 39.1002
v 7.7868 13.6262 38.1075
v 8.1138 13.6453 39.8141
v 7.0848 15.9959 39.1002
v 8.1138 13.6453 39.8141
v 7.3282 13.6466 40.3311
v 7.0848 15.9959 39.1002
v 7.3282 13.6466 40.3311
v 6.0801 13.6207 38.4346
v 6.4071 13.6399 40.1412
v 7.3282 13.6466 40.3311
v 7.7868 13.6262 38.1075
v 6.0801 13.6207 38.4346
v 7.3282 13.6466 40.3311
v 8.1138 13.6453 39.8141
v 7.7868 13.6262 38.1075
v 7.2732 14.8251 40.0637
v 6.1394 14.8114 39.2946
v 7.0787 17.1773 39.0881
v 6.1394 14.8114 39.2946
v 6.9086 14.8038 38.1608
v 7.0787 17.1773 39.0881
v 6.9086 14.8038 38.1608
v 8.0424 14.8175 38.9299
v 7.0787 17.1773 39.0881
v 8.0424 14.8175 38.9299
v 7.2732 14.8251 40.0637
v 7.0787 17.1773 39.0881
v 7.2732 14.8251 40.0637
v 6.9086 14.8038 38.1608
v 6.1394 14.8114 39.2946
v 7.2732 14.8251 40.0637
v 8.0424 14.8175 38.9299
v 6.9086 14.8038 38.1608
v 6.7000 15.9997 39.6674
v 6.5176 15.9890 38.7154
v 7.0726 18.3587 39.0760
v 6.5176 15.9890 38.7154
v 7.4696 15.9921 38.5330
v 7.0726 18.3587 39.0760
v 7.4696 15.9921 38.5330
v 7.6520 16.0027 39.4849
v 7.0726 18.3587 39.0760
v 7.6520 16.0027 39.4849
v 6.7000 15.9997 39.6674
v 7.0726 18.3587 39.0760
v 6.7000 15.9997 39.6674
v 7.4696 15.9921 38.5330
v 6.5176 15.9890 38.7154
v 6.7000 15.9997 39.6674
v 7.6520 16.0027 39.4849
v 7.4696 15.9921 38.5330
v 34.7721 20.6968 -33.0597
v 33.3250 20.6906 -32.8992
v 33.8322 24.3204 -34.7884
v 33.3250 20.6906 -32.8992
v 32.0280 20.6423 -35.2558
v 33.8322 24.3204 -34.7884
v 32.0280 20.6423 -35.2558
v 34.3850 20.6348 -36.5529
v 33.8322 24.3204 -34.7884
v 34.3850 20.6348 -36.5529
v 35.6820 20.6831 -34.1963
v 33.8322 24.3204 -34.7884
v 35.6820 20.6831 -34.1963
v 34.7721 20.6968 -33.0597
v 33.8322 24.3204 -34.7884
v 34.7721 20.6968 -33.0597
v 32.0280 20.6423 -35.2558
v 33.3250 20.6906 -32.8992
v 34.7721 20.6968 -33.0597
v 34.3850 20.6348 -36.5529
v 32.0280 20.6423 -35.2558
v 34.7721 20.6968 -33.0597
v 35.6820 20.6831 -34.1963
v 34.3850 20.6348 -36.5529
v 34.5667 22.5185 -33.4434
v 32.5295 22.4957 -34.0341
v 33.8208 26.1492 -34.8196
v 32.5295 22.4957 -34.0341
v 33.1205 22.4646 -36.0711
v 33.8208 26.1492 -34.8196
v 33.1205 22.4646 -36.0711
v 35.1577 22.4874 -35.4804
v 33.8208 26.1492 -34.8196
v 35.1577 22.4874 -35.4804
v 34.5667 22.5185 -33.4434
v 33.8208 26.1492 -34.8196
v 34.5667 22.5185 -33.4434
v 33.1205 22.4646 -36.0711
v 32.5295 22.4957 -34.0341
v 34.5667 22.5185 -33.4434
v 35.1577 22.4874 -35.4804
v 33.1205 22.4646 -36.0711
v 33.5365 24.3359 -33.7695
v 32.8131 24.3090 -35.0839
v 33.8094 27.9781 -34.8508
v 32.8131 24.3090 -35.0839
v 34.1278 24.3049 -35.8074
v 33.8094 27.9781 -34.8508
v 34.1278 24.3049 -35.8074
v 34.8513 24.3318 -34.4930
v 33.8094 27.9781 -34.8508
v 34.8513 24.3318 -34.4930
v 33.5365 24.3359 -33.7695
v 33.8094 27.9781 -34.8508
v 33.5365 24.3359 -33.7695
v 34.1278 24.3049 -35.8074
v 32.8131 24.3090 -35.0839
v 33.5365 24.3359 -33.7695
v 34.8513 24.3318 -34.4930
v 34.1278 24.3049 -35.8074
v -49.2563 12.4462 32.5008
v -49.8559 12.4845 31.8055
v -48.5833 14.7249 31.4386
v -49.8559 12.4845 31.8055
v -49.0947 12.4471 30.2881
v -48.5833 14.7249 31.4386
v -49.0947 12.4471 30.2881
v -47.5800 12.3551 31.0502
v -48.5833 14.7249 31.4386
v -47.5800 12.3551 31.0502
v -48.3413 12.3925 32.5676
v -48.5833 14.7249 31.4386
v -48.3413 12.3925 32.5676
v -49.2563 12.4462 32.5008
v -48.5833 14.7249 31.4386
v -49.2563 12.4462 32.5008
v -49.0947 12.4471 30.2881
v -49.8559 12.4845 31.8055
v -49.2563 12.4462 32.5008
v -47.5800 12.3551 31.0502
v -49.0947 12.4471 30.2881
v -49.2563 12.4462 32.5008
v -48.3413 12.3925 32.5676
v -47.5800 12.3551 31.0502
v -49.0751 13.5932 32.2792
v -49.4951 13.6236 31.0083
v -48.5160 15.8774 31.4440
v -49.4951 13.6236 31.0083
v -48.2262 13.5515 30.5873
v -48.5160 15.8774 31.4440
v -48.2262 13.5515 30.5873
v -47.8062 13.5210 31.8581
v -48.5160 15.8774 31.4440
v -47.8062 13.5210 31.8581
v -49.0751 13.5932 32.2792
v -48.5160 15.8774 31.4440
v -49.0751 13.5932 32.2792
v -48.2262 13.5515 30.5873
v -49.4951 13.6236 31.0083
v -49.0751 13.5932 32.2792
v -47.8062 13.5210 31.8581
v -48.2262 13.5515 30.5873
v -49.2180 14.7610 31.6493
v -48.7934 14.7401 30.8029
v -48.4487 17.0299 31.4494
v -48.7934 14.7401 30.8029
v -47.9486 14.6888 31.2280
v -48.4487 17.0299 31.4494
v -47.9486 14.6888 31.2280
v -48.3732 14.7096 32.0744
v -48.4487 17.0299 31.4494
v -48.3732 14.7096 32.0744
v -49.2180 14.7610 31.6493
v -48.4487 17.0299 31.4494
v -49.2180 14.7610 31.6493
v -47.9486 14.6888 31.2280
v -48.7934 14.7401 30.8029
v -49.2180 14.7610 31.6493
v -48.3732 14.7096 32.0744
v -47.9486 14.6888 31.2280
v 1.0110 20.0715 -41.3778
v 0.4906 20.2053 -42.8676
v 3.0235 23.8957 -42.5792
v 0.4906 20.2053 -42.8676
v 2.6551 20.0334 -44.8297
v 3.0235 23.8957 -42.5792
v 2.6551 20.0334 -44.8297
v 4.5925 19.6946 -42.6626
v 3.0235 23.8957 -42.5792
v 4.5925 19.6946 -42.6626
v 2.4280 19.8665 -40.7006
v 3.0235 23.8957 -42.5792
v 2.4280 19.8665 -40.7006
v 1.0110 20.0715 -41.3778
v 3.0235 23.8957 -42.5792
v 1.0110 20.0715 -41.3778
v 2.6551 20.0334 -44.8297
v 0.4906 20.2053 -42.8676
v 1.0110 20.0715 -41.3778
v 4.5925 19.6946 -42.6626
v 2.6551 20.0334 -44.8297
v 1.0110 20.0715 -41.3778
v 2.4280 19.8665 -40.7006
v 4.5925 19.6946 -42.6626
v 1.5758 22.0187 -41.5783
v 1.7024 22.1117 -43.8803
v 3.2644 25.8686 -42.4862
v 1.7024 22.1117 -43.8803
v 3.9893 21.8270 -43.7660
v 3.2644 25.8686 -42.4862
v 3.9893 21.8270 -43.7660
v 3.8627 21.7340 -41.4640
v 3.2644 25.8686 -42.4862
v 3.8627 21.7340 -41.4640
v 1.5758 22.0187 -41.5783
v 3.2644 25.8686 -42.4862
v 1.5758 22.0187 -41.5783
v 3.9893 21.8270 -43.7660
v 1.7024 22.1117 -43.8803
v 1.5758 22.0187 -41.5783
v 3.8627 21.7340 -41.4640
v 3.9893 21.8270 -43.7660
v 1.8795 24.0381 -42.6364
v 3.0868 23.9422 -43.7308
v 3.5054 27.8415 -42.3933
v 3.0868 23.9422 -43.7308
v 4.1675 23.7533 -42.5220
v 3.5054 27.8415 -42.3933
v 4.1675 23.7533 -42.5220
v 2.9601 23.8492 -41.4276
v 3.5054 27.8415 -42.3933
v 2.9601 23.8492 -41.4276
v 1.8795 24.0381 -42.6364
v 3.5054 27.8415 -42.3933
v 1.8795 24.0381 -42.6364
v 4.1675 23.7533 -42.5220
v 3.0868 23.9422 -43.7308
v 1.8795 24.0381 -42.6364
v 2.9601 23.8492 -41.4276
v 4.1675 23.7533 -42.5220
v -41.5272 12.8019 28.9859
v -41.4741 12.8102 28.1141
v -40.4011 14.9767 28.6377
v -41.4741 12.8102 28.1141
v -39.9486 12.7830 27.5880
v -40.4011 14.9767 28.6377
v -39.9486 12.7830 27.5880
v -39.4229 12.7551 29.1137
v -40.4011 14.9767 28.6377
v -39.4229 12.7551 29.1137
v -40.9485 12.7823 29.6398
v -40.4011 14.9767 28.6377
v -40.9485 12.7823 29.6398
v -41.5272 12.8019 28.9859
v -40.4011 14.9767 28.6377
v -41.5272 12.8019 28.9859
v -39.9486 12.7830 27.5880
v -41.4741 12.8102 28.1141
v -41.5272 12.8019 28.9859
v -39.4229 12.7551 29.1137
v -39.9486 12.7830 27.5880
v -41.5272 12.8019 28.9859
v -40.9485 12.7823 29.6398
v -39.4229 12.7551 29.1137
v -41.2753 13.8949 28.9191
v -40.7179 13.8952 27.7752
v -40.3774 16.0737 28.6496
v -40.7179 13.8952 27.7752
v -39.5743 13.8645 28.3325
v -40.3774 16.0737 28.6496
v -39.5743 13.8645 28.3325
v -40.1317 13.8641 29.4764
v -40.3774 16.0737 28.6496
v -40.1317 13.8641 29.4764
v -41.2753 13.8949 28.9191
v -40.3774 16.0737 28.6496
v -41.2753 13.8949 28.9191
v -39.5743 13.8645 28.3325
v -40.7179 13.8952 27.7752
v -41.2753 13.8949 28.9191
v -40.1317 13.8641 29.4764
v -39.5743 13.8645 28.3325
v -40.9732 14.9921 28.3589
v -40.1222 14.9769 28.0654
v -40.3537 17.1707 28.6615
v -40.1222 14.9769 28.0654
v -39.8290 14.9613 28.9165
v -40.3537 17.1707 28.6615
v -39.8290 14.9613 28.9165
v -40.6800 14.9765 29.2099
v -40.3537 17.1707 28.6615
v -40.6800 14.9765 29.2099
v -40.9732 14.9921 28.3589
v -40.3537 17.1707 28.6615
v -40.9732 14.9921 28.3589
v -39.8290 14.9613 28.9165
v -40.1222 14.9769 28.0654
v -40.9732 14.9921 28.3589
v -40.6800 14.9765 29.2099
v -39.8290 14.9613 28.9165
v 51.7517 21.9938 -40.8584
v 52.9446 21.9047 -40.6183
v 52.2944 25.0414 -39.3229
v 52.9446 21.9047 -40.6183
v 53.3810 21.8919 -38.4065
v 52.2944 25.0414 -39.3229
v 53.3810 21.8919 -38.4065
v 51.1759 22.0649 -37.9704
v 52.2944 25.0414 -39.3229
v 51.1759 22.0649 -37.9704
v 50.7395 22.0777 -40.1823
v 52.2944 25.0414 -39.3229
v 50.7395 22.0777 -40.1823
v 51.7517 21.9938 -40.8584
v 52.2944 25.0414 -39.3229
v 51.7517 21.9938 -40.8584
v 53.3810 21.8919 -38.4065
v 52.9446 21.9047 -40.6183
v 51.7517 21.9938 -40.8584
v 51.1759 22.0649 -37.9704
v 53.3810 21.8919 -38.4065
v 51.7517 21.9938 -40.8584
v 50.7395 22.0777 -40.1823
v 51.1759 22.0649 -37.9704
v 51.9340 23.5202 -40.5418
v 53.4068 23.4166 -39.5518
v 52.4115 26.5697 -39.3372
v 53.4068 23.4166 -39.5518
v 52.4206 23.5060 -38.0755
v 52.4115 26.5697 -39.3372
v 52.4206 23.5060 -38.0755
v 50.9479 23.6095 -39.0656
v 52.4115 26.5697 -39.3372
v 50.9479 23.6095 -39.0656
v 51.9340 23.5202 -40.5418
v 52.4115 26.5697 -39.3372
v 51.9340 23.5202 -40.5418
v 52.4206 23.5060 -38.0755
v 53.4068 23.4166 -39.5518
v 51.9340 23.5202 -40.5418
v 50.9479 23.6095 -39.0656
v 52.4206 23.5060 -38.0755
v 52.7877 24.9967 -40.0614
v 53.0311 24.9896 -38.8277
v 52.5286 28.0980 -39.3515
v 53.0311 24.9896 -38.8277
v 51.8011 25.0861 -38.5844
v 52.5286 28.0980 -39.3515
v 51.8011 25.0861 -38.5844
v 51.5577 25.0932 -39.8182
v 52.5286 28.0980 -39.3515
v 51.5577 25.0932 -39.8182
v 52.7877 24.9967 -40.0614
v 52.5286 28.0980 -39.3515
v 52.7877 24.9967 -40.0614
v 51.8011 25.0861 -38.5844
v 53.0311 24.9896 -38.8277
v 52.7877 24.9967 -40.0614
v 51.5577 25.0932 -39.8182
v 51.8011 25.0861 -38.5844
v -27.4223 13.0353 33.5297
v -27.8772 12.9979 34.1749
v -28.4313 15.0300 33.4181
v -27.8772 12.9979 34.1749
v -29.3021 13.0152 33.8558
v -28.4313 15.0300 33.4181
v -29.3021 13.0152 33.8558
v -28.9825 13.0973 32.4333
v -28.4313 15.0300 33.4181
v -28.9825 13.0973 32.4333
v -27.5576 13.0799 32.7524
v -28.4313 15.0300 33.4181
v -27.5576 13.0799 32.7524
v -27.4223 13.0353 33.5297
v -28.4313 15.0300 33.4181
v -27.4223 13.0353 33.5297
v -29.3021 13.0152 33.8558
v -27.8772 12.9979 34.1749
v -27.4223 13.0353 33.5297
v -28.9825 13.0973 32.4333
v -29.3021 13.0152 33.8558
v -27.4223 13.0353 33.5297
v -27.5576 13.0799 32.7524
v -28.9825 13.0973 32.4333
v -27.6362 14.0291 33.5390
v -28.6087 13.9931 34.1542
v -28.4320 16.0212 33.4751
v -28.6087 13.9931 34.1542
v -29.2250 14.0485 33.1832
v -28.4320 16.0212 33.4751
v -29.2250 14.0485 33.1832
v -28.2524 14.0845 32.5680
v -28.4320 16.0212 33.4751
v -28.2524 14.0845 32.5680
v -27.6362 14.0291 33.5390
v -28.4320 16.0212 33.4751
v -27.6362 14.0291 33.5390
v -29.2250 14.0485 33.1832
v -28.6087 13.9931 34.1542
v -27.6362 14.0291 33.5390
v -28.2524 14.0845 32.5680
v -29.2250 14.0485 33.1832
v -28.1230 15.0023 33.9038
v -28.9178 15.0120 33.7258
v -28.4327 17.0124 33.5320
v -28.9178 15.0120 33.7258
v -28.7395 15.0577 32.9323
v -28.4327 17.0124 33.5320
v -28.7395 15.0577 32.9323
v -27.9447 15.0481 33.1103
v -28.4327 17.0124 33.5320
v -27.9447 15.0481 33.1103
v -28.1230 15.0023 33.9038
v -28.4327 17.0124 33.5320
v -28.1230 15.0023 33.9038
v -28.7395 15.0577 32.9323
v -28.9178 15.0120 33.7258
v -28.1230 15.0023 33.9038
v -27.9447 15.0481 33.1103
v -28.7395 15.0577 32.9323
v -1.8270 16.5850 -6.2239
v -3.0807 16.3980 -6.1215
v -3.0460 19.6952 -7.5703
v -3.0807 16.3980 -6.1215
v -4.1533 16.3285 -8.2112
v -3.0460 19.6952 -7.5703
v -4.1533 16.3285 -8.2112
v -2.0901 16.6737 -9.2817
v -3.0460 19.6952 -7.5703
v -2.0901 16.6737 -9.2817
v -1.0175 16.7432 -7.1920
v -3.0460 19.6952 -7.5703
v -1.0175 16.7432 -7.1920
v -1.8270 16.5850 -6.2239
v -3.0460 19.6952 -7.5703
v -1.8270 16.5850 -6.2239
v -4.1533 16.3285 -8.2112
v -3.0807 16.3980 -6.1215
v -1.8270 16.5850 -6.2239
v -2.0901 16.6737 -9.2817
v -4.1533 16.3285 -8.2112
v -1.8270 16.5850 -6.2239
v -1.0175 16.7432 -7.1920
v -2.0901 16.6737 -9.2817
v -2.2177 18.1543 -6.4709
v -3.9660 17.9230 -7.0391
v -3.2762 21.2749 -7.5047
v -3.9660 17.9230 -7.0391
v -3.4137 18.0768 -8.8010
v -3.2762 21.2749 -7.5047
v -3.4137 18.0768 -8.8010
v -1.6654 18.3080 -8.2328
v -3.2762 21.2749 -7.5047
v -1.6654 18.3080 -8.2328
v -2.2177 18.1543 -6.4709
v -3.2762 21.2749 -7.5047
v -2.2177 18.1543 -6.4709
v -3.4137 18.0768 -8.8010
v -3.9660 17.9230 -7.0391
v -2.2177 18.1543 -6.4709
v -1.6654 18.3080 -8.2328
v -3.4137 18.0768 -8.8010
v -3.3223 19.6183 -6.6889
v -3.9205 19.5795 -7.8545
v -3.5065 22.8545 -7.4390
v -3.9205 19.5795 -7.8545
v -2.7697 19.7721 -8.4517
v -3.5065 22.8545 -7.4390
v -2.7697 19.7721 -8.4517
v -2.1714 19.8109 -7.2860
v -3.5065 22.8545 -7.4390
v -2.1714 19.8109 -7.2860
v -3.3223 19.6183 -6.6889
v -3.5065 22.8545 -7.4390
v -3.3223 19.6183 -6.6889
v -2.7697 19.7721 -8.4517
v -3.9205 19.5795 -7.8545
v -3.3223 19.6183 -6.6889
v -2.1714 19.8109 -7.2860
v -2.7697 19.7721 -8.4517
v -22.1742 17.4041 -40.6198
v -22.3612 17.4211 -39.9711
v -23.1832 19.0285 -40.6015
v -22.3612 17.4211 -39.9711
v -23.5972 17.3294 -39.8279
v -23.1832 19.0285 -40.6015
v -23.5972 17.3294 -39.8279
v -23.7353 17.2575 -41.0659
v -23.1832 19.0285 -40.6015
v -23.7353 17.2575 -41.0659
v -22.4992 17.3492 -41.2091
v -23.1832 19.0285 -40.6015
v -22.4992 17.3492 -41.2091
v -22.1742 17.4041 -40.6198
v -23.1832 19.0285 -40.6015
v -22.1742 17.4041 -40.6198
v -23.5972 17.3294 -39.8279
v -22.3612 17.4211 -39.9711
v -22.1742 17.4041 -40.6198
v -23.7353 17.2575 -41.0659
v -23.5972 17.3294 -39.8279
v -22.1742 17.4041 -40.6198
v -22.4992 17.3492 -41.2091
v -23.7353 17.2575 -41.0659
v -22.4266 18.2350 -40.6398
v -23.0387 18.2240 -39.8698
v -23.2507 19.8731 -40.6430
v -23.0387 18.2240 -39.8698
v -23.8048 18.1328 -40.4802
v -23.2507 19.8731 -40.6430
v -23.8048 18.1328 -40.4802
v -23.1927 18.1438 -41.2502
v -23.2507 19.8731 -40.6430
v -23.1927 18.1438 -41.2502
v -22.4266 18.2350 -40.6398
v -23.2507 19.8731 -40.6430
v -22.4266 18.2350 -40.6398
v -23.8048 18.1328 -40.4802
v -23.0387 18.2240 -39.8698
v -22.4266 18.2350 -40.6398
v -23.1927 18.1438 -41.2502
v -23.8048 18.1328 -40.4802
v -22.7999 19.0741 -40.2962
v -23.4894 19.0230 -40.2163
v -23.3181 20.7177 -40.6845
v -23.4894 19.0230 -40.2163
v -23.5664 18.9829 -40.9068
v -23.3181 20.7177 -40.6845
v -23.5664 18.9829 -40.9068
v -22.8770 19.0340 -40.9867
v -23.3181 20.7177 -40.6845
v -22.8770 19.0340 -40.9867
v -22.7999 19.0741 -40.2962
v -23.3181 20.7177 -40.6845
v -22.7999 19.0741 -40.2962
v -23.5664 18.9829 -40.9068
v -23.4894 19.0230 -40.2163
v -22.7999 19.0741 -40.2962
v -22.8770 19.0340 -40.9867
v -23.5664 18.9829 -40.9068
v 18.0533 20.3463 -50.9877
v 17.8045 20.2827 -50.1726
v 16.9561 22.4852 -50.7078
v 17.8045 20.2827 -50.1726
v 16.2329 20.2807 -50.0190
v 16.9561 22.4852 -50.7078
v 16.2329 20.2807 -50.0190
v 16.0796 20.4070 -51.5855
v 16.9561 22.4852 -50.7078
v 16.0796 20.4070 -51.5855
v 17.6512 20.4090 -51.7391
v 16.9561 22.4852 -50.7078
v 17.6512 20.4090 -51.7391
v 18.0533 20.3463 -50.9877
v 16.9561 22.4852 -50.7078
v 18.0533 20.3463 -50.9877
v 16.2329 20.2807 -50.0190
v 17.8045 20.2827 -50.1726
v 18.0533 20.3463 -50.9877
v 16.0796 20.4070 -51.5855
v 16.2329 20.2807 -50.0190
v 18.0533 20.3463 -50.9877
v 17.6512 20.4090 -51.7391
v 16.0796 20.4070 -51.5855
v 17.8252 21.4161 -50.8791
v 17.0345 21.3446 -49.9200
v 16.9631 23.5554 -50.6222
v 17.0345 21.3446 -49.9200
v 16.0729 21.4139 -50.7077
v 16.9631 23.5554 -50.6222
v 16.0729 21.4139 -50.7077
v 16.8636 21.4855 -51.6668
v 16.9631 23.5554 -50.6222
v 16.8636 21.4855 -51.6668
v 17.8252 21.4161 -50.8791
v 16.9631 23.5554 -50.6222
v 17.8252 21.4161 -50.8791
v 16.0729 21.4139 -50.7077
v 17.0345 21.3446 -49.9200
v 17.8252 21.4161 -50.8791
v 16.8636 21.4855 -51.6668
v 16.0729 21.4139 -50.7077
v 17.4371 22.4505 -50.3138
v 16.5605 22.4494 -50.2280
v 16.9701 24.6255 -50.5365
v 16.5605 22.4494 -50.2280
v 16.4750 22.5199 -51.1018
v 16.9701 24.6255 -50.5365
v 16.4750 22.5199 -51.1018
v 17.3516 22.5210 -51.1875
v 16.9701 24.6255 -50.5365
v 17.3516 22.5210 -51.1875
v 17.4371 22.4505 -50.3138
v 16.9701 24.6255 -50.5365
v 17.4371 22.4505 -50.3138
v 16.4750 22.5199 -51.1018
v 16.5605 22.4494 -50.2280
v 17.4371 22.4505 -50.3138
v 17.3516 22.5210 -51.1875
v 16.4750 22.5199 -51.1018
v 43.1478 19.1772 -13.2714
v 42.7087 19.1908 -14.1304
v 44.1021 21.5374 -14.2634
v 42.7087 19.1908 -14.1304
v 43.8619 19.1064 -15.4872
v 44.1021 21.5374 -14.2634
v 43.8619 19.1064 -15.4872
v 45.2175 19.0441 -14.3313
v 44.1021 21.5374 -14.2634
v 45.2175 19.0441 -14.3313
v 44.0644 19.1285 -12.9744
v 44.1021 21.5374 -14.2634
v 44.0644 19.1285 -12.9744
v 43.1478 19.1772 -13.2714
v 44.1021 21.5374 -14.2634
v 43.1478 19.1772 -13.2714
v 43.8619 19.1064 -15.4872
v 42.7087 19.1908 -14.1304
v 43.1478 19.1772 -13.2714
v 45.2175 19.0441 -14.3313
v 43.8619 19.1064 -15.4872
v 43.1478 19.1772 -13.2714
v 44.0644 19.1285 -12.9744
v 45.2175 19.0441 -14.3313
v 43.3897 20.3745 -13.4906
v 43.2768 20.3621 -14.8916
v 44.1715 22.7473 -14.2796
v 43.2768 20.3621 -14.8916
v 44.6755 20.2803 -15.0036
v 44.1715 22.7473 -14.2796
v 44.6755 20.2803 -15.0036
v 44.7884 20.2927 -13.6026
v 44.1715 22.7473 -14.2796
v 44.7884 20.2927 -13.6026
v 43.3897 20.3745 -13.4906
v 44.1715 22.7473 -14.2796
v 43.3897 20.3745 -13.4906
v 44.6755 20.2803 -15.0036
v 43.2768 20.3621 -14.8916
v 43.3897 20.3745 -13.4906
v 44.7884 20.2927 -13.6026
v 44.6755 20.2803 -15.0036
v 43.4024 21.5783 -14.2073
v 44.0456 21.5312 -14.9642
v 44.2410 23.9572 -14.2959
v 44.0456 21.5312 -14.9642
v 44.8018 21.4964 -14.3194
v 44.2410 23.9572 -14.2959
v 44.8018 21.4964 -14.3194
v 44.1586 21.5435 -13.5625
v 44.2410 23.9572 -14.2959
v 44.1586 21.5435 -13.5625
v 43.4024 21.5783 -14.2073
v 44.2410 23.9572 -14.2959
v 43.4024 21.5783 -14.2073
v 44.8018 21.4964 -14.3194
v 44.0456 21.5312 -14.9642
v 43.4024 21.5783 -14.2073
v 44.1586 21.5435 -13.5625
v 44.8018 21.4964 -14.3194
v -11.4823 13.7241 30.4740
v -10.6496 13.7676 31.1702
v -12.0491 16.4266 31.8303
v -10.6496 13.7676 31.1702
v -11.2477 13.7349 33.0860
v -12.0491 16.4266 31.8303
v -11.2477 13.7349 33.0860
v -13.1609 13.6342 32.4870
v -12.0491 16.4266 31.8303
v -13.1609 13.6342 32.4870
v -12.5628 13.6670 30.5712
v -12.0491 16.4266 31.8303
v -12.5628 13.6670 30.5712
v -11.4823 13.7241 30.4740
v -12.0491 16.4266 31.8303
v -11.4823 13.7241 30.4740
v -11.2477 13.7349 33.0860
v -10.6496 13.7676 31.1702
v -11.4823 13.7241 30.4740
v -13.1609 13.6342 32.4870
v -11.2477 13.7349 33.0860
v -11.4823 13.7241 30.4740
v -12.5628 13.6670 30.5712
v -13.1609 13.6342 32.4870
v -11.6437 15.0820 30.7614
v -10.9106 15.1199 32.1634
v -12.1211 17.7895 31.8311
v -10.9106 15.1199 32.1634
v -12.3107 15.0455 32.8976
v -12.1211 17.7895 31.8311
v -12.3107 15.0455 32.8976
v -13.0438 15.0076 31.4955
v -12.1211 17.7895 31.8311
v -13.0438 15.0076 31.4955
v -11.6437 15.0820 30.7614
v -12.1211 17.7895 31.8311
v -11.6437 15.0820 30.7614
v -12.3107 15.0455 32.8976
v -10.9106 15.1199 32.1634
v -11.6437 15.0820 30.7614
v -13.0438 15.0076 31.4955
v -12.3107 15.0455 32.8976
v -11.3488 16.4638 31.4630
v -11.6824 16.4455 32.5316
v -12.1931 19.1523 31.8319
v -11.6824 16.4455 32.5316
v -12.7495 16.3894 32.1975
v -12.1931 19.1523 31.8319
v -12.7495 16.3894 32.1975
v -12.4159 16.4077 31.1289
v -12.1931 19.1523 31.8319
v -12.4159 16.4077 31.1289
v -11.3488 16.4638 31.4630
v -12.1931 19.1523 31.8319
v -11.3488 16.4638 31.4630
v -12.7495 16.3894 32.1975
v -11.6824 16.4455 32.5316
v -11.3488 16.4638 31.4630
v -12.4159 16.4077 31.1289
v -12.7495 16.3894 32.1975
v 7.7018 13.4417 44.7735
v 8.3974 13.4097 44.4108
v 8.5075 15.4482 45.2921
v 8.3974 13.4097 44.4108
v 9.5107 13.4643 45.3395
v 8.5075 15.4482 45.2921
v 9.5107 13.4643 45.3395
v 8.5805 13.5510 46.4494
v 8.5075 15.4482 45.2921
v 8.5805 13.5510 46.4494
v 7.4672 13.4963 45.5208
v 8.5075 15.4482 45.2921
v 7.4672 13.4963 45.5208
v 7.7018 13.4417 44.7735
v 8.5075 15.4482 45.2921
v 7.7018 13.4417 44.7735
v 9.5107 13.4643 45.3395
v 8.3974 13.4097 44.4108
v 7.7018 13.4417 44.7735
v 8.5805 13.5510 46.4494
v 9.5107 13.4643 45.3395
v 7.7018 13.4417 44.7735
v 7.4672 13.4963 45.5208
v 8.5805 13.5510 46.4494
v 7.8775 14.4338 44.8433
v 9.0168 14.4160 44.7423
v 8.5168 16.4321 45.2230
v 9.0168 14.4160 44.7423
v 9.1189 14.4947 45.8788
v 8.5168 16.4321 45.2230
v 9.1189 14.4947 45.8788
v 7.9796 14.5126 45.9799
v 8.5168 16.4321 45.2230
v 7.9796 14.5126 45.9799
v 7.8775 14.4338 44.8433
v 8.5168 16.4321 45.2230
v 7.8775 14.4338 44.8433
v 9.1189 14.4947 45.8788
v 9.0168 14.4160 44.7423
v 7.8775 14.4338 44.8433
v 7.9796 14.5126 45.9799
v 9.1189 14.4947 45.8788
v 8.4564 15.4088 44.7235
v 9.0774 15.4393 45.2415
v 8.5260 17.4160 45.1540
v 9.0774 15.4393 45.2415
v 8.5585 15.4876 45.8606
v 8.5260 17.4160 45.1540
v 8.5585 15.4876 45.8606
v 7.9376 15.4571 45.3426
v 8.5260 17.4160 45.1540
v 7.9376 15.4571 45.3426
v 8.4564 15.4088 44.7235
v 8.5260 17.4160 45.1540
v 8.4564 15.4088 44.7235
v 8.5585 15.4876 45.8606
v 9.0774 15.4393 45.2415
v 8.4564 15.4088 44.7235
v 7.9376 15.4571 45.3426
v 8.5585 15.4876 45.8606
v 34.0224 18.7238 -8.9476
v 32.7809 18.5834 -9.3455
v 33.5015 21.9902 -10.6353
v 32.7809 18.5834 -9.3455
v 32.5764 18.5742 -11.7596
v 33.5015 21.9902 -10.6353
v 32.5764 18.5742 -11.7596
v 34.9746 18.8512 -11.9638
v 33.5015 21.9902 -10.6353
v 34.9746 18.8512 -11.9638
v 35.1791 18.8604 -9.5497
v 33.5015 21.9902 -10.6353
v 35.1791 18.8604 -9.5497
v 34.0224 18.7238 -8.9476
v 33.5015 21.9902 -10.6353
v 34.0224 18.7238 -8.9476
v 32.5764 18.5742 -11.7596
v 32.7809 18.5834 -9.3455
v 34.0224 18.7238 -8.9476
v 34.9746 18.8512 -11.9638
v 32.5764 18.5742 -11.7596
v 34.0224 18.7238 -8.9476
v 35.1791 18.8604 -9.5497
v 34.9746 18.8512 -11.9638
v 33.8036 20.3589 -9.2990
v 32.3526 20.1993 -10.5311
v 33.3133 23.6266 -10.6255
v 32.3526 20.1993 -10.5311
v 33.5756 20.3486 -11.9909
v 33.3133 23.6266 -10.6255
v 33.5756 20.3486 -11.9909
v 35.0266 20.5081 -10.7588
v 33.3133 23.6266 -10.6255
v 35.0266 20.5081 -10.7588
v 33.8036 20.3589 -9.2990
v 33.3133 23.6266 -10.6255
v 33.8036 20.3589 -9.2990
v 33.5756 20.3486 -11.9909
v 32.3526 20.1993 -10.5311
v 33.8036 20.3589 -9.2990
v 35.0266 20.5081 -10.7588
v 33.5756 20.3486 -11.9909
v 32.8897 21.9155 -9.9050
v 32.7756 21.9104 -11.2516
v 33.1252 25.2630 -10.6158
v 32.7756 21.9104 -11.2516
v 34.1133 22.0648 -11.3655
v 33.1252 25.2630 -10.6158
v 34.1133 22.0648 -11.3655
v 34.2274 22.0700 -10.0189
v 33.1252 25.2630 -10.6158
v 34.2274 22.0700 -10.0189
v 32.8897 21.9155 -9.9050
v 33.1252 25.2630 -10.6158
v 32.8897 21.9155 -9.9050
v 34.1133 22.0648 -11.3655
v 32.7756 21.9104 -11.2516
v 32.8897 21.9155 -9.9050
v 34.2274 22.0700 -10.0189
v 34.1133 22.0648 -11.3655
v -4.7588 15.3762 6.6636
v -3.7138 15.4553 7.2021
v -5.1008 18.3274 8.1827
v -3.7138 15.4553 7.2021
v -3.8924 15.4534 9.3719
v -5.1008 18.3274 8.1827
v -3.8924 15.4534 9.3719
v -6.0564 15.2944 9.1936
v -5.1008 18.3274 8.1827
v -6.0564 15.2944 9.1936
v -5.8778 15.2963 7.0239
v -5.1008 18.3274 8.1827
v -5.8778 15.2963 7.0239
v -4.7588 15.3762 6.6636
v -5.1008 18.3274 8.1827
v -4.7588 15.3762 6.6636
v -3.8924 15.4534 9.3719
v -3.7138 15.4553 7.2021
v -4.7588 15.3762 6.6636
v -6.0564 15.2944 9.1936
v -3.8924 15.4534 9.3719
v -4.7588 15.3762 6.6636
v -5.8778 15.2963 7.0239
v -6.0564 15.2944 9.1936
v -4.8934 16.8522 6.9806
v -3.7865 16.9398 8.2897
v -5.2087 19.8037 8.1751
v -3.7865 16.9398 8.2897
v -5.0925 16.8501 9.4000
v -5.2087 19.8037 8.1751
v -5.0925 16.8501 9.4000
v -6.1994 16.7625 8.0909
v -5.2087 19.8037 8.1751
v -6.1994 16.7625 8.0909
v -4.8934 16.8522 6.9806
v -5.2087 19.8037 8.1751
v -4.8934 16.8522 6.9806
v -5.0925 16.8501 9.4000
v -3.7865 16.9398 8.2897
v -4.8934 16.8522 6.9806
v -6.1994 16.7625 8.0909
v -5.0925 16.8501 9.4000
v -4.4475 18.3723 7.6273
v -4.5471 18.3712 8.8376
v -5.3165 21.2799 8.1675
v -4.5471 18.3712 8.8376
v -5.7541 18.2825 8.7381
v -5.3165 21.2799 8.1675
v -5.7541 18.2825 8.7381
v -5.6545 18.2836 7.5278
v -5.3165 21.2799 8.1675
v -5.6545 18.2836 7.5278
v -4.4475 18.3723 7.6273
v -5.3165 21.2799 8.1675
v -4.4475 18.3723 7.6273
v -5.7541 18.2825 8.7381
v -4.5471 18.3712 8.8376
v -4.4475 18.3723 7.6273
v -5.6545 18.2836 7.5278
v -5.7541 18.2825 8.7381
v 40.6089 18.1539 0.6262
v 40.7596 18.0718 1.8597
v 39.0620 21.1559 1.6437
v 40.7596 18.0718 1.8597
v 38.7576 17.9070 2.9825
v 39.0620 21.1559 1.6437
v 38.7576 17.9070 2.9825
v 37.6269 18.0030 0.9805
v 39.0620 21.1559 1.6437
v 37.6269 18.0030 0.9805
v 39.6289 18.1678 -0.1423
v 39.0620 21.1559 1.6437
v 39.6289 18.1678 -0.1423
v 40.6089 18.1539 0.6262
v 39.0620 21.1559 1.6437
v 40.6089 18.1539 0.6262
v 38.7576 17.9070 2.9825
v 40.7596 18.0718 1.8597
v 40.6089 18.1539 0.6262
v 37.6269 18.0030 0.9805
v 38.7576 17.9070 2.9825
v 40.6089 18.1539 0.6262
v 39.6289 18.1678 -0.1423
v 37.6269 18.0030 0.9805
v 40.2438 19.6885 0.9060
v 39.7580 19.5431 2.6481
v 38.9964 22.7151 1.7555
v 39.7580 19.5431 2.6481
v 38.0115 19.5048 2.1579
v 38.9964 22.7151 1.7555
v 38.0115 19.5048 2.1579
v 38.4973 19.6501 0.4158
v 38.9964 22.7151 1.7555
v 38.4973 19.6501 0.4158
v 40.2438 19.6885 0.9060
v 38.9964 22.7151 1.7555
v 40.2438 19.6885 0.9060
v 38.0115 19.5048 2.1579
v 39.7580 19.5431 2.6481
v 40.2438 19.6885 0.9060
v 38.4973 19.6501 0.4158
v 38.0115 19.5048 2.1579
v 39.9357 21.1751 1.8889
v 38.8190 21.0832 2.5152
v 38.9308 24.2743 1.8673
v 38.8190 21.0832 2.5152
v 38.1883 21.1367 1.3985
v 38.9308 24.2743 1.8673
v 38.1883 21.1367 1.3985
v 39.3050 21.2286 0.7722
v 38.9308 24.2743 1.8673
v 39.3050 21.2286 0.7722
v 39.9357 21.1751 1.8889
v 38.9308 24.2743 1.8673
v 39.9357 21.1751 1.8889
v 38.1883 21.1367 1.3985
v 38.8190 21.0832 2.5152
v 39.9357 21.1751 1.8889
v 39.3050 21.2286 0.7722
v 38.1883 21.1367 1.3985
v 24.4997 14.6785 28.8438
v 25.6114 14.7517 29.1868
v 24.4501 17.6111 30.3590
v 25.6114 14.7517 29.1868
v 25.8132 14.7659 31.3313
v 24.4501 17.6111 30.3590
v 25.8132 14.7659 31.3313
v 23.6734 14.6252 31.5336
v 24.4501 17.6111 30.3590
v 23.6734 14.6252 31.5336
v 23.4715 14.6110 29.3891
v 24.4501 17.6111 30.3590
v 23.4715 14.6110 29.3891
v 24.4997 14.6785 28.8438
v 24.4501 17.6111 30.3590
v 24.4997 14.6785 28.8438
v 25.8132 14.7659 31.3313
v 25.6114 14.7517 29.1868
v 24.4997 14.6785 28.8438
v 23.6734 14.6252 31.5336
v 25.8132 14.7659 31.3313
v 24.4997 14.6785 28.8438
v 23.4715 14.6110 29.3891
v 23.6734 14.6252 31.5336
v 24.4337 16.1419 29.1640
v 25.7392 16.2282 30.2468
v 24.3540 19.0725 30.3584
v 25.7392 16.2282 30.2468
v 24.6588 16.1577 31.5552
v 24.3540 19.0725 30.3584
v 24.6588 16.1577 31.5552
v 23.3532 16.0714 30.4724
v 24.3540 19.0725 30.3584
v 23.3532 16.0714 30.4724
v 24.4337 16.1419 29.1640
v 24.3540 19.0725 30.3584
v 24.4337 16.1419 29.1640
v 24.6588 16.1577 31.5552
v 25.7392 16.2282 30.2468
v 24.4337 16.1419 29.1640
v 23.3532 16.0714 30.4724
v 24.6588 16.1577 31.5552
v 24.9906 17.6464 29.7045
v 25.1032 17.6543 30.9007
v 24.2578 20.5338 30.3579
v 25.1032 17.6543 30.9007
v 23.9096 17.5758 31.0135
v 24.2578 20.5338 30.3579
v 23.9096 17.5758 31.0135
v 23.7970 17.5680 29.8174
v 24.2578 20.5338 30.3579
v 23.7970 17.5680 29.8174
v 24.9906 17.6464 29.7045
v 24.2578 20.5338 30.3579
v 24.9906 17.6464 29.7045
v 23.9096 17.5758 31.0135
v 25.1032 17.6543 30.9007
v 24.9906 17.6464 29.7045
v 23.7970 17.5680 29.8174
v 23.9096 17.5758 31.0135
v -38.3019 12.7678 33.7428
v -37.9086 12.7735 34.4971
v -39.1403 14.8388 34.6440
v -37.9086 12.7735 34.4971
v -38.9155 12.6856 35.7010
v -39.1403 14.8388 34.6440
v -38.9155 12.6856 35.7010
v -40.1190 12.6379 34.6910
v -39.1403 14.8388 34.6440
v -40.1190 12.6379 34.6910
v -39.1121 12.7257 33.4871
v -39.1403 14.8388 34.6440
v -39.1121 12.7257 33.4871
v -38.3019 12.7678 33.7428
v -39.1403 14.8388 34.6440
v -38.3019 12.7678 33.7428
v -38.9155 12.6856 35.7010
v -37.9086 12.7735 34.4971
v -38.3019 12.7678 33.7428
v -40.1190 12.6379 34.6910
v -38.9155 12.6856 35.7010
v -38.3019 12.7678 33.7428
v -39.1121 12.7257 33.4871
v -40.1190 12.6379 34.6910
v -38.5157 13.8212 33.9478
v -38.4061 13.7988 35.1821
v -39.2035 15.9053 34.6689
v -38.4061 13.7988 35.1821
v -39.6384 13.7232 35.2902
v -39.2035 15.9053 34.6689
v -39.6384 13.7232 35.2902
v -39.7480 13.7456 34.0559
v -39.2035 15.9053 34.6689
v -39.7480 13.7456 34.0559
v -38.5157 13.8212 33.9478
v -39.2035 15.9053 34.6689
v -38.5157 13.8212 33.9478
v -39.6384 13.7232 35.2902
v -38.4061 13.7988 35.1821
v -38.5157 13.8212 33.9478
v -39.7480 13.7456 34.0559
v -39.6384 13.7232 35.2902
v -38.5238 14.8766 34.5899
v -39.0854 14.8276 35.2614
v -39.2668 16.9719 34.6939
v -39.0854 14.8276 35.2614
v -39.7567 14.8010 34.6980
v -39.2668 16.9719 34.6939
v -39.7567 14.8010 34.6980
v -39.1951 14.8500 34.0265
v -39.2668 16.9719 34.6939
v -39.1951 14.8500 34.0265
v -38.5238 14.8766 34.5899
v -39.2668 16.9719 34.6939
v -38.5238 14.8766 34.5899
v -39.7567 14.8010 34.6980
v -39.0854 14.8276 35.2614
v -38.5238 14.8766 34.5899
v -39.1951 14.8500 34.0265
v -39.7567 14.8010 34.6980
v -6.9905 13.4766 23.7003
v -6.8342 13.4850 23.1381
v -6.1305 14.8871 23.6575
v -6.8342 13.4850 23.1381
v -5.7666 13.4129 23.0056
v -6.1305 14.8871 23.6575
v -5.7666 13.4129 23.0056
v -5.6370 13.3662 24.0749
v -6.1305 14.8871 23.6575
v -5.6370 13.3662 24.0749
v -6.7046 13.4384 24.2075
v -6.1305 14.8871 23.6575
v -6.7046 13.4384 24.2075
v -6.9905 13.4766 23.7003
v -6.1305 14.8871 23.6575
v -6.9905 13.4766 23.7003
v -5.7666 13.4129 23.0056
v -6.8342 13.4850 23.1381
v -6.9905 13.4766 23.7003
v -5.6370 13.3662 24.0749
v -5.7666 13.4129 23.0056
v -6.9905 13.4766 23.7003
v -6.7046 13.4384 24.2075
v -5.6370 13.3662 24.0749
v -6.7782 14.1966 23.7059
v -6.2553 14.1824 23.0358
v -6.0779 15.6178 23.6830
v -6.2553 14.1824 23.0358
v -5.5879 14.1161 23.5581
v -6.0779 15.6178 23.6830
v -5.5879 14.1161 23.5581
v -6.1108 14.1303 24.2282
v -6.0779 15.6178 23.6830
v -6.1108 14.1303 24.2282
v -6.7782 14.1966 23.7059
v -6.0779 15.6178 23.6830
v -6.7782 14.1966 23.7059
v -5.5879 14.1161 23.5581
v -6.2553 14.1824 23.0358
v -6.7782 14.1966 23.7059
v -6.1108 14.1303 24.2282
v -5.5879 14.1161 23.5581
v -6.4644 14.9202 23.3963
v -5.8689 14.8800 23.3223
v -6.0254 16.3485 23.7085
v -5.8689 14.8800 23.3223
v -5.7966 14.8539 23.9188
v -6.0254 16.3485 23.7085
v -5.7966 14.8539 23.9188
v -6.3921 14.8942 23.9927
v -6.0254 16.3485 23.7085
v -6.3921 14.8942 23.9927
v -6.4644 14.9202 23.3963
v -6.0254 16.3485 23.7085
v -6.4644 14.9202 23.3963
v -5.7966 14.8539 23.9188
v -5.8689 14.8800 23.3223
v -6.4644 14.9202 23.3963
v -6.3921 14.8942 23.9927
v -5.7966 14.8539 23.9188
v 46.5220 21.0957 -30.4435
v 45.7908 21.0906 -31.5120
v 47.4521 24.3387 -31.8796
v 45.7908 21.0906 -31.5120
v 47.0980 21.0764 -33.5157
v 47.4521 24.3387 -31.8796
v 47.0980 21.0764 -33.5157
v 49.1017 21.0805 -32.2085
v 47.4521 24.3387 -31.8796
v 49.1017 21.0805 -32.2085
v 47.7945 21.0948 -30.2048
v 47.4521 24.3387 -31.8796
v 47.7945 21.0948 -30.2048
v 46.5220 21.0957 -30.4435
v 47.4521 24.3387 -31.8796
v 46.5220 21.0957 -30.4435
v 47.0980 21.0764 -33.5157
v 45.7908 21.0906 -31.5120
v 46.5220 21.0957 -30.4435
v 49.1017 21.0805 -32.2085
v 47.0980 21.0764 -33.5157
v 46.5220 21.0957 -30.4435
v 47.7945 21.0948 -30.2048
v 49.1017 21.0805 -32.2085
v 46.7204 22.7201 -30.7528
v 46.3321 22.7098 -32.5987
v 47.4550 25.9653 -31.8892
v 46.3321 22.7098 -32.5987
v 48.1779 22.7042 -32.9870
v 47.4550 25.9653 -31.8892
v 48.1779 22.7042 -32.9870
v 48.5663 22.7145 -31.1411
v 47.4550 25.9653 -31.8892
v 48.5663 22.7145 -31.1411
v 46.7204 22.7201 -30.7528
v 47.4550 25.9653 -31.8892
v 46.7204 22.7201 -30.7528
v 48.1779 22.7042 -32.9870
v 46.3321 22.7098 -32.5987
v 46.7204 22.7201 -30.7528
v 48.5663 22.7145 -31.1411
v 48.1779 22.7042 -32.9870
v 46.5287 24.3415 -31.6853
v 47.2578 24.3336 -32.8029
v 47.4580 27.5918 -31.8989
v 47.2578 24.3336 -32.8029
v 48.3755 24.3359 -32.0738
v 47.4580 27.5918 -31.8989
v 48.3755 24.3359 -32.0738
v 47.6464 24.3438 -30.9562
v 47.4580 27.5918 -31.8989
v 47.6464 24.3438 -30.9562
v 46.5287 24.3415 -31.6853
v 47.4580 27.5918 -31.8989
v 46.5287 24.3415 -31.6853
v 48.3755 24.3359 -32.0738
v 47.2578 24.3336 -32.8029
v 46.5287 24.3415 -31.6853
v 47.6464 24.3438 -30.9562
v 48.3755 24.3359 -32.0738
v -39.8981 12.3484 51.2982
v -40.1874 12.2657 52.3914
v -41.2908 15.2088 51.7342
v -40.1874 12.2657 52.3914
v -42.2629 12.2969 52.6760
v -41.2908 15.2088 51.7342
v -42.2629 12.2969 52.6760
v -42.5439 12.4753 50.6075
v -41.2908 15.2088 51.7342
v -42.5439 12.4753 50.6075
v -40.4684 12.4441 50.3229
v -41.2908 15.2088 51.7342
v -40.4684 12.4441 50.3229
v -39.8981 12.3484 51.2982
v -41.2908 15.2088 51.7342
v -39.8981 12.3484 51.2982
v -42.2629 12.2969 52.6760
v -40.1874 12.2657 52.3914
v -39.8981 12.3484 51.2982
v -42.5439 12.4753 50.6075
v -42.2629 12.2969 52.6760
v -39.8981 12.3484 51.2982
v -40.4684 12.4441 50.3229
v -42.5439 12.4753 50.6075
v -40.1711 13.7723 51.4581
v -41.1716 13.6902 52.7701
v -41.2534 16.6280 51.8515
v -41.1716 13.6902 52.7701
v -42.4854 13.8070 51.7755
v -41.2534 16.6280 51.8515
v -42.4854 13.8070 51.7755
v -41.4849 13.8891 50.4636
v -41.2534 16.6280 51.8515
v -41.4849 13.8891 50.4636
v -40.1711 13.7723 51.4581
v -41.2534 16.6280 51.8515
v -40.1711 13.7723 51.4581
v -42.4854 13.8070 51.7755
v -41.1716 13.6902 52.7701
v -40.1711 13.7723 51.4581
v -41.4849 13.8891 50.4636
v -42.4854 13.8070 51.7755
v -40.6336 15.1504 52.2317
v -41.7913 15.1677 52.3904
v -41.2160 18.0471 51.9688
v -41.7913 15.1677 52.3904
v -41.9481 15.2673 51.2366
v -41.2160 18.0471 51.9688
v -41.9481 15.2673 51.2366
v -40.7904 15.2499 51.0779
v -41.2160 18.0471 51.9688
v -40.7904 15.2499 51.0779
v -40.6336 15.1504 52.2317
v -41.2160 18.0471 51.9688
v -40.6336 15.1504 52.2317
v -41.9481 15.2673 51.2366
v -41.7913 15.1677 52.3904
v -40.6336 15.1504 52.2317
v -40.7904 15.2499 51.0779
v -41.9481 15.2673 51.2366
v 19.4269 20.5109 -50.8279
v 19.2098 20.5660 -51.7628
v 20.4166 22.9802 -51.4065
v 19.2098 20.5660 -51.7628
v 20.6548 20.6491 -52.7924
v 20.4166 22.9802 -51.4065
v 20.6548 20.6491 -52.7924
v 21.6875 20.5733 -51.3492
v 20.4166 22.9802 -51.4065
v 21.6875 20.5733 -51.3492
v 20.2425 20.4902 -50.3195
v 20.4166 22.9802 -51.4065
v 20.2425 20.4902 -50.3195
v 19.4269 20.5109 -50.8279
v 20.4166 22.9802 -51.4065
v 19.4269 20.5109 -50.8279
v 20.6548 20.6491 -52.7924
v 19.2098 20.5660 -51.7628
v 19.4269 20.5109 -50.8279
v 21.6875 20.5733 -51.3492
v 20.6548 20.6491 -52.7924
v 19.4269 20.5109 -50.8279
v 20.2425 20.4902 -50.3195
v 21.6875 20.5733 -51.3492
v 19.6270 21.7286 -50.9072
v 19.8568 21.8172 -52.2859
v 20.4005 24.1855 -51.3317
v 19.8568 21.8172 -52.2859
v 21.2383 21.8213 -52.0553
v 20.4005 24.1855 -51.3317
v 21.2383 21.8213 -52.0553
v 21.0084 21.7327 -50.6766
v 20.4005 24.1855 -51.3317
v 21.0084 21.7327 -50.6766
v 19.6270 21.7286 -50.9072
v 20.4005 24.1855 -51.3317
v 19.6270 21.7286 -50.9072
v 21.2383 21.8213 -52.0553
v 19.8568 21.8172 -52.2859
v 19.6270 21.7286 -50.9072
v 21.0084 21.7327 -50.6766
v 21.2383 21.8213 -52.0553
v 19.7255 22.9782 -51.5218
v 20.5316 23.0246 -52.0962
v 20.3845 25.3908 -51.2570
v 20.5316 23.0246 -52.0962
v 21.1076 22.9823 -51.2911
v 20.3845 25.3908 -51.2570
v 21.1076 22.9823 -51.2911
v 20.3016 22.9359 -50.7168
v 20.3845 25.3908 -51.2570
v 20.3016 22.9359 -50.7168
v 19.7255 22.9782 -51.5218
v 20.3845 25.3908 -51.2570
v 19.7255 22.9782 -51.5218
v 21.1076 22.9823 -51.2911
v 20.5316 23.0246 -52.0962
v 19.7255 22.9782 -51.5218
v 20.3016 22.9359 -50.7168
v 21.1076 22.9823 -51.2911
v 24.0557 14.7327 21.3610
v 24.0755 14.6994 22.0304
v 23.2930 16.4145 21.8031
v 24.0755 14.6994 22.0304
v 22.9456 14.6987 22.5386
v 23.2930 16.4145 21.8031
v 22.9456 14.6987 22.5386
v 22.4381 14.7651 21.4104
v 23.2930 16.4145 21.8031
v 22.4381 14.7651 21.4104
v 23.5679 14.7658 20.9022
v 23.2930 16.4145 21.8031
v 23.5679 14.7658 20.9022
v 24.0557 14.7327 21.3610
v 23.2930 16.4145 21.8031
v 24.0557 14.7327 21.3610
v 22.9456 14.6987 22.5386
v 24.0755 14.6994 22.0304
v 24.0557 14.7327 21.3610
v 22.4381 14.7651 21.4104
v 22.9456 14.6987 22.5386
v 24.0557 14.7327 21.3610
v 23.5679 14.7658 20.9022
v 22.4381 14.7651 21.4104
v 23.9048 15.5737 21.4784
v 23.5578 15.5364 22.3907
v 23.3111 17.2556 21.8444
v 23.5578 15.5364 22.3907
v 22.6450 15.5730 22.0451
v 23.3111 17.2556 21.8444
v 22.6450 15.5730 22.0451
v 22.9919 15.6104 21.1327
v 23.3111 17.2556 21.8444
v 22.9919 15.6104 21.1327
v 23.9048 15.5737 21.4784
v 23.3111 17.2556 21.8444
v 23.9048 15.5737 21.4784
v 22.6450 15.5730 22.0451
v 23.5578 15.5364 22.3907
v 23.9048 15.5737 21.4784
v 22.9919 15.6104 21.1327
v 22.6450 15.5730 22.0451
v 23.7497 16.3962 21.9760
v 23.1194 16.3958 22.2595
v 23.3292 18.0967 21.8857
v 23.1194 16.3958 22.2595
v 22.8363 16.4328 21.6302
v 23.3292 18.0967 21.8857
v 22.8363 16.4328 21.6302
v 23.4666 16.4332 21.3467
v 23.3292 18.0967 21.8857
v 23.4666 16.4332 21.3467
v 23.7497 16.3962 21.9760
v 23.3292 18.0967 21.8857
v 23.7497 16.3962 21.9760
v 22.8363 16.4328 21.6302
v 23.1194 16.3958 22.2595
v 23.7497 16.3962 21.9760
v 23.4666 16.4332 21.3467
v 22.8363 16.4328 21.6302
v 30.7475 17.6337 -4.4750
v 31.1549 17.5538 -3.5318
v 30.0624 20.2564 -3.3941
v 31.1549 17.5538 -3.5318
v 29.8359 17.6214 -2.1603
v 30.0624 20.2564 -3.3941
v 29.8359 17.6214 -2.1603
v 28.4748 17.8092 -3.4786
v 30.0624 20.2564 -3.3941
v 28.4748 17.8092 -3.4786
v 29.7938 17.7416 -4.8501
v 30.0624 20.2564 -3.3941
v 29.7938 17.7416 -4.8501
v 30.7475 17.6337 -4.4750
v 30.0624 20.2564 -3.3941
v 30.7475 17.6337 -4.4750
v 29.8359 17.6214 -2.1603
v 31.1549 17.5538 -3.5318
v 30.7475 17.6337 -4.4750
v 28.4748 17.8092 -3.4786
v 29.8359 17.6214 -2.1603
v 30.7475 17.6337 -4.4750
v 29.7938 17.7416 -4.8501
v 28.4748 17.8092 -3.4786
v 30.6740 18.9313 -4.2143
v 30.6974 18.8643 -2.7147
v 30.1862 21.5438 -3.3385
v 30.6974 18.8643 -2.7147
v 29.2032 19.0066 -2.6850
v 30.1862 21.5438 -3.3385
v 29.2032 19.0066 -2.6850
v 29.1798 19.0736 -4.1846
v 30.1862 21.5438 -3.3385
v 29.1798 19.0736 -4.1846
v 30.6740 18.9313 -4.2143
v 30.1862 21.5438 -3.3385
v 30.6740 18.9313 -4.2143
v 29.2032 19.0066 -2.6850
v 30.6974 18.8643 -2.7147
v 30.6740 18.9313 -4.2143
v 29.1798 19.0736 -4.1846
v 29.2032 19.0066 -2.6850
v 30.8099 20.1852 -3.4089
v 30.0741 20.2229 -2.6439
v 30.3100 22.8312 -3.2829
v 30.0741 20.2229 -2.6439
v 29.3149 20.3276 -3.3792
v 30.3100 22.8312 -3.2829
v 29.3149 20.3276 -3.3792
v 30.0507 20.2899 -4.1442
v 30.3100 22.8312 -3.2829
v 30.0507 20.2899 -4.1442
v 30.8099 20.1852 -3.4089
v 30.3100 22.8312 -3.2829
v 30.8099 20.1852 -3.4089
v 29.3149 20.3276 -3.3792
v 30.0741 20.2229 -2.6439
v 30.8099 20.1852 -3.4089
v 30.0507 20.2899 -4.1442
v 29.3149 20.3276 -3.3792
v -22.4302 17.0832 -34.5786
v -23.2884 16.9434 -34.4452
v -23.3639 19.2265 -35.4392
v -23.2884 16.9434 -34.4452
v -24.1329 16.8899 -35.8331
v -23.3639 19.2265 -35.4392
v -24.1329 16.8899 -35.8331
v -22.7663 17.1473 -36.6745
v -23.3639 19.2265 -35.4392
v -22.7663 17.1473 -36.6745
v -21.9218 17.2008 -35.2867
v -23.3639 19.2265 -35.4392
v -21.9218 17.2008 -35.2867
v -22.4302 17.0832 -34.5786
v -23.3639 19.2265 -35.4392
v -22.4302 17.0832 -34.5786
v -24.1329 16.8899 -35.8331
v -23.2884 16.9434 -34.4452
v -22.4302 17.0832 -34.5786
v -22.7663 17.1473 -36.6745
v -24.1329 16.8899 -35.8331
v -22.4302 17.0832 -34.5786
v -21.9218 17.2008 -35.2867
v -22.7663 17.1473 -36.6745
v -22.7248 18.1658 -34.7258
v -23.9576 17.9924 -35.0304
v -23.5322 20.3171 -35.3788
v -23.9576 17.9924 -35.0304
v -23.6664 18.1061 -36.2733
v -23.5322 20.3171 -35.3788
v -23.6664 18.1061 -36.2733
v -22.4337 18.2795 -35.9687
v -23.5322 20.3171 -35.3788
v -22.4337 18.2795 -35.9687
v -22.7248 18.1658 -34.7258
v -23.5322 20.3171 -35.3788
v -22.7248 18.1658 -34.7258
v -23.6664 18.1061 -36.2733
v -23.9576 17.9924 -35.0304
v -22.7248 18.1658 -34.7258
v -22.4337 18.2795 -35.9687
v -23.6664 18.1061 -36.2733
v -23.5096 19.1696 -34.8174
v -23.9806 19.1398 -35.5916
v -23.7005 21.4077 -35.3185
v -23.9806 19.1398 -35.5916
v -23.2183 19.2834 -36.0609
v -23.7005 21.4077 -35.3185
v -23.2183 19.2834 -36.0609
v -22.7473 19.3132 -35.2868
v -23.7005 21.4077 -35.3185
v -22.7473 19.3132 -35.2868
v -23.5096 19.1696 -34.8174
v -23.7005 21.4077 -35.3185
v -23.5096 19.1696 -34.8174
v -23.2183 19.2834 -36.0609
v -23.9806 19.1398 -35.5916
v -23.5096 19.1696 -34.8174
v -22.7473 19.3132 -35.2868
v -23.2183 19.2834 -36.0609
v 51.3257 18.0731 8.1336
v 50.9548 18.0708 7.3324
v 52.1494 20.2662 7.2595
v 50.9548 18.0708 7.3324
v 52.0601 18.0357 6.1329
v 52.1494 20.2662 7.2595
v 52.0601 18.0357 6.1329
v 53.2596 18.0258 7.2386
v 52.1494 20.2662 7.2595
v 53.2596 18.0258 7.2386
v 52.1543 18.0609 8.4380
v 52.1494 20.2662 7.2595
v 52.1543 18.0609 8.4380
v 51.3257 18.0731 8.1336
v 52.1494 20.2662 7.2595
v 51.3257 18.0731 8.1336
v 52.0601 18.0357 6.1329
v 50.9548 18.0708 7.3324
v 51.3257 18.0731 8.1336
v 53.2596 18.0258 7.2386
v 52.0601 18.0357 6.1329
v 51.3257 18.0731 8.1336
v 52.1543 18.0609 8.4380
v 53.2596 18.0258 7.2386
v 51.5121 19.1768 7.9412
v 51.4595 19.1627 6.6560
v 52.1705 21.3751 7.2465
v 51.4595 19.1627 6.6560
v 52.7445 19.1377 6.6038
v 52.1705 21.3751 7.2465
v 52.7445 19.1377 6.6038
v 52.7971 19.1517 7.8889
v 52.1705 21.3751 7.2465
v 52.7971 19.1517 7.8889
v 51.5121 19.1768 7.9412
v 52.1705 21.3751 7.2465
v 51.5121 19.1768 7.9412
v 52.7445 19.1377 6.6038
v 51.4595 19.1627 6.6560
v 51.5121 19.1768 7.9412
v 52.7971 19.1517 7.8889
v 52.7445 19.1377 6.6038
v 51.5066 20.2787 7.2856
v 52.1231 20.2591 6.6166
v 52.1916 22.4840 7.2335
v 52.1231 20.2591 6.6166
v 52.7922 20.2536 7.2334
v 52.1916 22.4840 7.2335
v 52.7922 20.2536 7.2334
v 52.1757 20.2732 7.9024
v 52.1916 22.4840 7.2335
v 52.1757 20.2732 7.9024
v 51.5066 20.2787 7.2856
v 52.1916 22.4840 7.2335
v 51.5066 20.2787 7.2856
v 52.7922 20.2536 7.2334
v 52.1231 20.2591 6.6166
v 51.5066 20.2787 7.2856
v 52.1757 20.2732 7.9024
v 52.7922 20.2536 7.2334
v 1.2669 19.5790 -49.0913
v 1.2519 19.5965 -48.1845
v -0.0247 21.7649 -48.7013
v 1.2519 19.5965 -48.1845
v -0.3013 19.4772 -47.5663
v -0.0247 21.7649 -48.7013
v -0.3013 19.4772 -47.5663
v -0.9147 19.3926 -49.1237
v -0.0247 21.7649 -48.7013
v -0.9147 19.3926 -49.1237
v 0.6385 19.5120 -49.7420
v -0.0247 21.7649 -48.7013
v 0.6385 19.5120 -49.7420
v 1.2669 19.5790 -49.0913
v -0.0247 21.7649 -48.7013
v 1.2669 19.5790 -49.0913
v -0.3013 19.4772 -47.5663
v 1.2519 19.5965 -48.1845
v 1.2669 19.5790 -49.0913
v -0.9147 19.3926 -49.1237
v -0.3013 19.4772 -47.5663
v 1.2669 19.5790 -49.0913
v 0.6385 19.5120 -49.7420
v -0.9147 19.3926 -49.1237
v 0.9379 20.6963 -49.0224
v 0.4139 20.6769 -47.8094
v -0.1214 22.9001 -48.7249
v 0.4139 20.6769 -47.8094
v -0.7940 20.5632 -48.3331
v -0.1214 22.9001 -48.7249
v -0.7940 20.5632 -48.3331
v -0.2701 20.5826 -49.5460
v -0.1214 22.9001 -48.7249
v -0.2701 20.5826 -49.5460
v 0.9379 20.6963 -49.0224
v -0.1214 22.9001 -48.7249
v 0.9379 20.6963 -49.0224
v -0.7940 20.5632 -48.3331
v 0.4139 20.6769 -47.8094
v 0.9379 20.6963 -49.0224
v -0.2701 20.5826 -49.5460
v -0.7940 20.5632 -48.3331
v 0.5796 21.8218 -48.4394
v -0.2868 21.7552 -48.0945
v -0.2180 24.0353 -48.7485
v -0.2868 21.7552 -48.0945
v -0.6290 21.7080 -48.9633
v -0.2180 24.0353 -48.7485
v -0.6290 21.7080 -48.9633
v 0.2374 21.7746 -49.3081
v -0.2180 24.0353 -48.7485
v 0.2374 21.7746 -49.3081
v 0.5796 21.8218 -48.4394
v -0.2180 24.0353 -48.7485
v 0.5796 21.8218 -48.4394
v -0.6290 21.7080 -48.9633
v -0.2868 21.7552 -48.0945
v 0.5796 21.8218 -48.4394
v 0.2374 21.7746 -49.3081
v -0.6290 21.7080 -48.9633
v -32.8354 13.5914 5.9737
v -33.6541 13.6216 5.5134
v -32.5979 15.9410 4.7464
v -33.6541 13.6216 5.5134
v -33.4481 13.6076 3.7892
v -32.5979 15.9410 4.7464
v -33.4481 13.6076 3.7892
v -31.7252 13.5414 3.9957
v -32.5979 15.9410 4.7464
v -31.7252 13.5414 3.9957
v -31.9313 13.5554 5.7198
v -32.5979 15.9410 4.7464
v -31.9313 13.5554 5.7198
v -32.8354 13.5914 5.9737
v -32.5979 15.9410 4.7464
v -32.8354 13.5914 5.9737
v -33.4481 13.6076 3.7892
v -33.6541 13.6216 5.5134
v -32.8354 13.5914 5.9737
v -31.7252 13.5414 3.9957
v -33.4481 13.6076 3.7892
v -32.8354 13.5914 5.9737
v -31.9313 13.5554 5.7198
v -31.7252 13.5414 3.9957
v -32.7587 14.7690 5.7117
v -33.6044 14.7982 4.6354
v -32.5521 17.1207 4.7423
v -33.6044 14.7982 4.6354
v -32.5290 14.7534 3.7892
v -32.5521 17.1207 4.7423
v -32.5290 14.7534 3.7892
v -31.6833 14.7243 4.8655
v -32.5521 17.1207 4.7423
v -31.6833 14.7243 4.8655
v -32.7587 14.7690 5.7117
v -32.5521 17.1207 4.7423
v -32.7587 14.7690 5.7117
v -32.5290 14.7534 3.7892
v -33.6044 14.7982 4.6354
v -32.7587 14.7690 5.7117
v -31.6833 14.7243 4.8655
v -32.5290 14.7534 3.7892
v -33.1359 15.9633 5.1696
v -33.0210 15.9555 4.2079
v -32.5062 18.3004 4.7382
v -33.0210 15.9555 4.2079
v -32.0600 15.9186 4.3231
v -32.5062 18.3004 4.7382
v -32.0600 15.9186 4.3231
v -32.1749 15.9264 5.2848
v -32.5062 18.3004 4.7382
v -32.1749 15.9264 5.2848
v -33.1359 15.9633 5.1696
v -32.5062 18.3004 4.7382
v -33.1359 15.9633 5.1696
v -32.0600 15.9186 4.3231
v -33.0210 15.9555 4.2079
v -33.1359 15.9633 5.1696
v -32.1749 15.9264 5.2848
v -32.0600 15.9186 4.3231
v -3.1109 13.5145 33.4126
v -3.7319 13.5196 32.8657
v -2.7252 15.5768 32.3680
v -3.7319 13.5196 32.8657
v -3.2377 13.4960 31.4188
v -2.7252 15.5768 32.3680
v -3.2377 13.4960 31.4188
v -1.7908 13.4760 31.9133
v -2.7252 15.5768 32.3680
v -1.7908 13.4760 31.9133
v -2.2851 13.4996 33.3603
v -2.7252 15.5768 32.3680
v -2.2851 13.4996 33.3603
v -3.1109 13.5145 33.4126
v -2.7252 15.5768 32.3680
v -3.1109 13.5145 33.4126
v -3.2377 13.4960 31.4188
v -3.7319 13.5196 32.8657
v -3.1109 13.5145 33.4126
v -1.7908 13.4760 31.9133
v -3.2377 13.4960 31.4188
v -3.1109 13.5145 33.4126
v -2.2851 13.4996 33.3603
v -1.7908 13.4760 31.9133
v -3.0189 14.5504 33.1854
v -3.5500 14.5484 32.1030
v -2.7072 16.6163 32.3572
v -3.5500 14.5484 32.1030
v -2.4677 14.5241 31.5721
v -2.7072 16.6163 32.3572
v -2.4677 14.5241 31.5721
v -1.9366 14.5261 32.6545
v -2.7072 16.6163 32.3572
v -1.9366 14.5261 32.6545
v -3.0189 14.5504 33.1854
v -2.7072 16.6163 32.3572
v -3.0189 14.5504 33.1854
v -2.4677 14.5241 31.5721
v -3.5500 14.5484 32.1030
v -3.0189 14.5504 33.1854
v -1.9366 14.5261 32.6545
v -2.4677 14.5241 31.5721
v -3.2666 15.5889 32.6336
v -2.9909 15.5758 31.8265
v -2.6891 17.6557 32.3464
v -2.9909 15.5758 31.8265
v -2.1839 15.5646 32.1024
v -2.6891 17.6557 32.3464
v -2.1839 15.5646 32.1024
v -2.4596 15.5778 32.9094
v -2.6891 17.6557 32.3464
v -2.4596 15.5778 32.9094
v -3.2666 15.5889 32.6336
v -2.6891 17.6557 32.3464
v -3.2666 15.5889 32.6336
v -2.1839 15.5646 32.1024
v -2.9909 15.5758 31.8265
v -3.2666 15.5889 32.6336
v -2.4596 15.5778 32.9094
v -2.1839 15.5646 32.1024
v 47.5145 20.6287 -23.2625
v 47.4419 20.5502 -24.8261
v 49.1485 24.6167 -24.3239
v 47.4419 20.5502 -24.8261
v 50.0593 20.6357 -26.0626
v 49.1485 24.6167 -24.3239
v 50.0593 20.6357 -26.0626
v 51.2885 20.8281 -23.4474
v 49.1485 24.6167 -24.3239
v 51.2885 20.8281 -23.4474
v 48.6711 20.7426 -22.2110
v 49.1485 24.6167 -24.3239
v 48.6711 20.7426 -22.2110
v 47.5145 20.6287 -23.2625
v 49.1485 24.6167 -24.3239
v 47.5145 20.6287 -23.2625
v 50.0593 20.6357 -26.0626
v 47.4419 20.5502 -24.8261
v 47.5145 20.6287 -23.2625
v 51.2885 20.8281 -23.4474
v 50.0593 20.6357 -26.0626
v 47.5145 20.6287 -23.2625
v 48.6711 20.7426 -22.2110
v 51.2885 20.8281 -23.4474
v 47.7976 22.6053 -23.5410
v 48.5716 22.5456 -25.6884
v 49.0402 26.5805 -24.4175
v 48.5716 22.5456 -25.6884
v 50.7161 22.7006 -24.9197
v 49.0402 26.5805 -24.4175
v 50.7161 22.7006 -24.9197
v 49.9421 22.7602 -22.7723
v 49.0402 26.5805 -24.4175
v 49.9421 22.7602 -22.7723
v 47.7976 22.6053 -23.5410
v 49.0402 26.5805 -24.4175
v 47.7976 22.6053 -23.5410
v 50.7161 22.7006 -24.9197
v 48.5716 22.5456 -25.6884
v 47.7976 22.6053 -23.5410
v 49.9421 22.7602 -22.7723
v 50.7161 22.7006 -24.9197
v 48.0757 24.5392 -24.7084
v 49.5357 24.5869 -25.3981
v 48.9318 28.5443 -24.5111
v 49.5357 24.5869 -25.3981
v 50.2213 24.6942 -23.9394
v 48.9318 28.5443 -24.5111
v 50.2213 24.6942 -23.9394
v 48.7613 24.6465 -23.2497
v 48.9318 28.5443 -24.5111
v 48.7613 24.6465 -23.2497
v 48.0757 24.5392 -24.7084
v 48.9318 28.5443 -24.5111
v 48.0757 24.5392 -24.7084
v 50.2213 24.6942 -23.9394
v 49.5357 24.5869 -25.3981
v 48.0757 24.5392 -24.7084
v 48.7613 24.6465 -23.2497
v 50.2213 24.6942 -23.9394
v 16.5511 17.3785 -5.8611
v 17.1840 17.4669 -6.6681
v 17.7564 19.9704 -5.2883
v 17.1840 17.4669 -6.6681
v 19.0161 17.4890 -6.1573
v 17.7564 19.9704 -5.2883
v 19.0161 17.4890 -6.1573
v 18.5091 17.3214 -4.3316
v 17.7564 19.9704 -5.2883
v 18.5091 17.3214 -4.3316
v 16.6770 17.2992 -4.8425
v 17.7564 19.9704 -5.2883
v 16.6770 17.2992 -4.8425
v 16.5511 17.3785 -5.8611
v 17.7564 19.9704 -5.2883
v 16.5511 17.3785 -5.8611
v 19.0161 17.4890 -6.1573
v 17.1840 17.4669 -6.6681
v 16.5511 17.3785 -5.8611
v 18.5091 17.3214 -4.3316
v 19.0161 17.4890 -6.1573
v 16.5511 17.3785 -5.8611
v 16.6770 17.2992 -4.8425
v 18.5091 17.3214 -4.3316
v 16.7800 18.6699 -5.6789
v 18.0842 18.7757 -6.4119
v 17.7113 21.2586 -5.1826
v 18.0842 18.7757 -6.4119
v 18.8229 18.6946 -5.1093
v 17.7113 21.2586 -5.1826
v 18.8229 18.6946 -5.1093
v 17.5188 18.5888 -4.3763
v 17.7113 21.2586 -5.1826
v 17.5188 18.5888 -4.3763
v 16.7800 18.6699 -5.6789
v 17.7113 21.2586 -5.1826
v 16.7800 18.6699 -5.6789
v 18.8229 18.6946 -5.1093
v 18.0842 18.7757 -6.4119
v 16.7800 18.6699 -5.6789
v 17.5188 18.5888 -4.3763
v 18.8229 18.6946 -5.1093
v 17.3869 20.0110 -5.9400
v 18.4088 20.0234 -5.6550
v 17.6663 22.5467 -5.0768
v 18.4088 20.0234 -5.6550
v 18.1260 19.9298 -4.6367
v 17.6663 22.5467 -5.0768
v 18.1260 19.9298 -4.6367
v 17.1040 19.9175 -4.9216
v 17.6663 22.5467 -5.0768
v 17.1040 19.9175 -4.9216
v 17.3869 20.0110 -5.9400
v 17.6663 22.5467 -5.0768
v 17.3869 20.0110 -5.9400
v 18.1260 19.9298 -4.6367
v 18.4088 20.0234 -5.6550
v 17.3869 20.0110 -5.9400
v 17.1040 19.9175 -4.9216
v 18.1260 19.9298 -4.6367
v -15.0895 14.6049 3.8917
v -14.4675 14.5444 3.4424
v -14.0710 16.4660 4.3919
v -14.4675 14.5444 3.4424
v -13.2621 14.4519 4.1913
v -14.0710 16.4660 4.3919
v -13.2621 14.4519 4.1913
v -14.0067 14.5346 5.4001
v -14.0710 16.4660 4.3919
v -14.0067 14.5346 5.4001
v -15.2122 14.6271 4.6512
v -14.0710 16.4660 4.3919
v -15.2122 14.6271 4.6512
v -15.0895 14.6049 3.8917
v -14.0710 16.4660 4.3919
v -15.0895 14.6049 3.8917
v -13.2621 14.4519 4.1913
v -14.4675 14.5444 3.4424
v -15.0895 14.6049 3.8917
v -14.0067 14.5346 5.4001
v -13.2621 14.4519 4.1913
v -15.0895 14.6049 3.8917
v -15.2122 14.6271 4.6512
v -14.0067 14.5346 5.4001
v -14.8261 15.5543 3.9891
v -13.7389 15.4567 3.7327
v -13.9880 17.4293 4.3772
v -13.7389 15.4567 3.7327
v -13.4820 15.4512 4.8241
v -13.9880 17.4293 4.3772
v -13.4820 15.4512 4.8241
v -14.5692 15.5488 5.0805
v -13.9880 17.4293 4.3772
v -14.5692 15.5488 5.0805
v -14.8261 15.5543 3.9891
v -13.9880 17.4293 4.3772
v -14.8261 15.5543 3.9891
v -13.4820 15.4512 4.8241
v -13.7389 15.4567 3.7327
v -14.8261 15.5543 3.9891
v -14.5692 15.5488 5.0805
v -13.4820 15.4512 4.8241
v -14.1995 16.4688 3.8459
v -13.5271 16.4172 4.2636
v -13.9049 18.3925 4.3625
v -13.5271 16.4172 4.2636
v -13.9425 16.4633 4.9379
v -13.9049 18.3925 4.3625
v -13.9425 16.4633 4.9379
v -14.6149 16.5149 4.5202
v -13.9049 18.3925 4.3625
v -14.6149 16.5149 4.5202
v -14.1995 16.4688 3.8459
v -13.9049 18.3925 4.3625
v -14.1995 16.4688 3.8459
v -13.9425 16.4633 4.9379
v -13.5271 16.4172 4.2636
v -14.1995 16.4688 3.8459
v -14.6149 16.5149 4.5202
v -13.9425 16.4633 4.9379
v 41.5144 16.3920 17.1669
v 40.7136 16.3628 16.8474
v 41.4196 18.5585 16.0418
v 40.7136 16.3628 16.8474
v 40.6924 16.3635 15.2536
v 41.4196 18.5585 16.0418
v 40.6924 16.3635 15.2536
v 42.2851 16.4221 15.2324
v 41.4196 18.5585 16.0418
v 42.2851 16.4221 15.2324
v 42.3064 16.4215 16.8262
v 41.4196 18.5585 16.0418
v 42.3064 16.4215 16.8262
v 41.5144 16.3920 17.1669
v 41.4196 18.5585 16.0418
v 41.5144 16.3920 17.1669
v 40.6924 16.3635 15.2536
v 40.7136 16.3628 16.8474
v 41.5144 16.3920 17.1669
v 42.2851 16.4221 15.2324
v 40.6924 16.3635 15.2536
v 41.5144 16.3920 17.1669
v 42.3064 16.4215 16.8262
v 42.2851 16.4221 15.2324
v 41.4713 17.4751 16.9295
v 40.5715 17.4428 16.0527
v 41.3797 19.6415 16.0428
v 40.5715 17.4428 16.0527
v 41.4476 17.4758 15.1523
v 41.3797 19.6415 16.0428
v 41.4476 17.4758 15.1523
v 42.3474 17.5082 16.0290
v 41.3797 19.6415 16.0428
v 42.3474 17.5082 16.0290
v 41.4713 17.4751 16.9295
v 41.3797 19.6415 16.0428
v 41.4713 17.4751 16.9295
v 41.4476 17.4758 15.1523
v 40.5715 17.4428 16.0527
v 41.4713 17.4751 16.9295
v 42.3474 17.5082 16.0290
v 41.4476 17.4758 15.1523
v 40.9813 18.5419 16.4922
v 40.9694 18.5423 15.6032
v 41.3398 20.7245 16.0437
v 40.9694 18.5423 15.6032
v 41.8578 18.5750 15.5914
v 41.3398 20.7245 16.0437
v 41.8578 18.5750 15.5914
v 41.8697 18.5747 16.4804
v 41.3398 20.7245 16.0437
v 41.8697 18.5747 16.4804
v 40.9813 18.5419 16.4922
v 41.3398 20.7245 16.0437
v 40.9813 18.5419 16.4922
v 41.8578 18.5750 15.5914
v 40.9694 18.5423 15.6032
v 40.9813 18.5419 16.4922
v 41.8697 18.5747 16.4804
v 41.8578 18.5750 15.5914
v -30.2394 14.0636 -4.0672
v -29.5916 14.0770 -3.3883
v -30.7550 16.4306 -2.9733
v -29.5916 14.0770 -3.3883
v -30.2927 14.0897 -1.8021
v -30.7550 16.4306 -2.9733
v -30.2927 14.0897 -1.8021
v -31.8788 14.0682 -2.5031
v -30.7550 16.4306 -2.9733
v -31.8788 14.0682 -2.5031
v -31.1777 14.0555 -4.0892
v -30.7550 16.4306 -2.9733
v -31.1777 14.0555 -4.0892
v -30.2394 14.0636 -4.0672
v -30.7550 16.4306 -2.9733
v -30.2394 14.0636 -4.0672
v -30.2927 14.0897 -1.8021
v -29.5916 14.0770 -3.3883
v -30.2394 14.0636 -4.0672
v -31.8788 14.0682 -2.5031
v -30.2927 14.0897 -1.8021
v -30.2394 14.0636 -4.0672
v -31.1777 14.0555 -4.0892
v -31.8788 14.0682 -2.5031
v -30.3542 15.2445 -3.8438
v -29.8608 15.2636 -2.5687
v -30.7648 17.6096 -2.9871
v -29.8608 15.2636 -2.5687
v -31.1360 15.2587 -2.0752
v -30.7648 17.6096 -2.9871
v -31.1360 15.2587 -2.0752
v -31.6294 15.2396 -3.3503
v -30.7648 17.6096 -2.9871
v -31.6294 15.2396 -3.3503
v -30.3542 15.2445 -3.8438
v -30.7648 17.6096 -2.9871
v -30.3542 15.2445 -3.8438
v -31.1360 15.2587 -2.0752
v -29.8608 15.2636 -2.5687
v -30.3542 15.2445 -3.8438
v -31.6294 15.2396 -3.3503
v -31.1360 15.2587 -2.0752
v -30.1171 16.4330 -3.2201
v -30.5081 16.4401 -2.3354
v -30.7747 18.7886 -3.0009
v -30.5081 16.4401 -2.3354
v -31.3929 16.4281 -2.7264
v -30.7747 18.7886 -3.0009
v -31.3929 16.4281 -2.7264
v -31.0018 16.4210 -3.6111
v -30.7747 18.7886 -3.0009
v -31.0018 16.4210 -3.6111
v -30.1171 16.4330 -3.2201
v -30.7747 18.7886 -3.0009
v -30.1171 16.4330 -3.2201
v -31.3929 16.4281 -2.7264
v -30.5081 16.4401 -2.3354
v -30.1171 16.4330 -3.2201
v -31.0018 16.4210 -3.6111
v -31.3929 16.4281 -2.7264
v 3.6307 16.4759 -8.7393
v 4.1306 16.5022 -7.8858
v 2.8554 18.9959 -7.7895
v 4.1306 16.5022 -7.8858
v 3.0262 16.5517 -6.4293
v 2.8554 18.9959 -7.7895
v 3.0262 16.5517 -6.4293
v 1.5690 16.5194 -7.5332
v 2.8554 18.9959 -7.7895
v 1.5690 16.5194 -7.5332
v 2.6733 16.4700 -8.9897
v 2.8554 18.9959 -7.7895
v 2.6733 16.4700 -8.9897
v 3.6307 16.4759 -8.7393
v 2.8554 18.9959 -7.7895
v 3.6307 16.4759 -8.7393
v 3.0262 16.5517 -6.4293
v 4.1306 16.5022 -7.8858
v 3.6307 16.4759 -8.7393
v 1.5690 16.5194 -7.5332
v 3.0262 16.5517 -6.4293
v 3.6307 16.4759 -8.7393
v 2.6733 16.4700 -8.9897
v 1.5690 16.5194 -7.5332
v 3.4683 17.7258 -8.5615
v 3.6651 17.7713 -7.1341
v 2.8583 20.2384 -7.8296
v 3.6651 17.7713 -7.1341
v 2.2369 17.7809 -6.9375
v 2.8583 20.2384 -7.8296
v 2.2369 17.7809 -6.9375
v 2.0402 17.7354 -8.3650
v 2.8583 20.2384 -7.8296
v 2.0402 17.7354 -8.3650
v 3.4683 17.7258 -8.5615
v 2.8583 20.2384 -7.8296
v 3.4683 17.7258 -8.5615
v 2.2369 17.7809 -6.9375
v 3.6651 17.7713 -7.1341
v 3.4683 17.7258 -8.5615
v 2.0402 17.7354 -8.3650
v 2.2369 17.7809 -6.9375
v 3.5699 18.9911 -7.8879
v 2.9539 19.0187 -7.0755
v 2.8611 21.4809 -7.8696
v 2.9539 19.0187 -7.0755
v 2.1410 19.0007 -7.6912
v 2.8611 21.4809 -7.8696
v 2.1410 19.0007 -7.6912
v 2.7570 18.9731 -8.5036
v 2.8611 21.4809 -7.8696
v 2.7570 18.9731 -8.5036
v 3.5699 18.9911 -7.8879
v 2.8611 21.4809 -7.8696
v 3.5699 18.9911 -7.8879
v 2.1410 19.0007 -7.6912
v 2.9539 19.0187 -7.0755
v 3.5699 18.9911 -7.8879
v 2.7570 18.9731 -8.5036
v 2.1410 19.0007 -7.6912
v -35.5003 12.8910 43.6088
v -34.4954 12.9321 42.9596
v -34.2868 15.9059 44.5741
v -34.4954 12.9321 42.9596
v -32.6753 12.9446 44.2167
v -34.2868 15.9059 44.5741
v -32.6753 12.9446 44.2167
v -33.9314 12.8677 46.0359
v -34.2868 15.9059 44.5741
v -33.9314 12.8677 46.0359
v -35.7514 12.8552 44.7788
v -34.2868 15.9059 44.5741
v -35.7514 12.8552 44.7788
v -35.5003 12.8910 43.6088
v -34.2868 15.9059 44.5741
v -35.5003 12.8910 43.6088
v -32.6753 12.9446 44.2167
v -34.4954 12.9321 42.9596
v -35.5003 12.8910 43.6088
v -33.9314 12.8677 46.0359
v -32.6753 12.9446 44.2167
v -35.5003 12.8910 43.6088
v -35.7514 12.8552 44.7788
v -33.9314 12.8677 46.0359
v -35.2648 14.3959 43.8351
v -33.5498 14.4458 43.5217
v -34.3235 17.4090 44.6123
v -33.5498 14.4458 43.5217
v -33.2354 14.4099 45.2368
v -34.3235 17.4090 44.6123
v -33.2354 14.4099 45.2368
v -34.9503 14.3600 45.5502
v -34.3235 17.4090 44.6123
v -34.9503 14.3600 45.5502
v -35.2648 14.3959 43.8351
v -34.3235 17.4090 44.6123
v -35.2648 14.3959 43.8351
v -33.2354 14.4099 45.2368
v -33.5498 14.4458 43.5217
v -35.2648 14.3959 43.8351
v -34.9503 14.3600 45.5502
v -33.2354 14.4099 45.2368
v -34.4441 15.9239 43.7161
v -33.4289 15.9309 44.4173
v -34.3602 18.9120 44.6505
v -33.4289 15.9309 44.4173
v -34.1295 15.8880 45.4321
v -34.3602 18.9120 44.6505
v -34.1295 15.8880 45.4321
v -35.1447 15.8810 44.7309
v -34.3602 18.9120 44.6505
v -35.1447 15.8810 44.7309
v -34.4441 15.9239 43.7161
v -34.3602 18.9120 44.6505
v -34.4441 15.9239 43.7161
v -34.1295 15.8880 45.4321
v -33.4289 15.9309 44.4173
v -34.4441 15.9239 43.7161
v -35.1447 15.8810 44.7309
v -34.1295 15.8880 45.4321
v 33.2451 18.2161 -17.1270
v 33.6246 18.2732 -16.5131
v 32.5724 20.0317 -16.4528
v 33.6246 18.2732 -16.5131
v 32.8438 18.2775 -15.4270
v 32.5724 20.0317 -16.4528
v 32.8438 18.2775 -15.4270
v 31.7613 18.1652 -16.2048
v 32.5724 20.0317 -16.4528
v 31.7613 18.1652 -16.2048
v 32.5421 18.1609 -17.2909
v 32.5724 20.0317 -16.4528
v 32.5421 18.1609 -17.2909
v 33.2451 18.2161 -17.1270
v 32.5724 20.0317 -16.4528
v 33.2451 18.2161 -17.1270
v 32.8438 18.2775 -15.4270
v 33.6246 18.2732 -16.5131
v 33.2451 18.2161 -17.1270
v 31.7613 18.1652 -16.2048
v 32.8438 18.2775 -15.4270
v 33.2451 18.2161 -17.1270
v 32.5421 18.1609 -17.2909
v 31.7613 18.1652 -16.2048
v 33.0680 19.1231 -17.0114
v 33.2362 19.1880 -15.9723
v 32.5121 20.9380 -16.4997
v 33.2362 19.1880 -15.9723
v 32.1974 19.1278 -15.8003
v 32.5121 20.9380 -16.4997
v 32.1974 19.1278 -15.8003
v 32.0291 19.0628 -16.8395
v 32.5121 20.9380 -16.4997
v 32.0291 19.0628 -16.8395
v 33.0680 19.1231 -17.0114
v 32.5121 20.9380 -16.4997
v 33.0680 19.1231 -17.0114
v 32.1974 19.1278 -15.8003
v 33.2362 19.1880 -15.9723
v 33.0680 19.1231 -17.0114
v 32.0291 19.0628 -16.8395
v 32.1974 19.1278 -15.8003
v 33.0921 20.0618 -16.5388
v 32.6565 20.0642 -15.9330
v 32.4518 21.8442 -16.5466
v 32.6565 20.0642 -15.9330
v 32.0527 20.0016 -16.3668
v 32.4518 21.8442 -16.5466
v 32.0527 20.0016 -16.3668
v 32.4882 19.9992 -16.9726
v 32.4518 21.8442 -16.5466
v 32.4882 19.9992 -16.9726
v 33.0921 20.0618 -16.5388
v 32.4518 21.8442 -16.5466
v 33.0921 20.0618 -16.5388
v 32.0527 20.0016 -16.3668
v 32.6565 20.0642 -15.9330
v 33.0921 20.0618 -16.5388
v 32.4882 19.9992 -16.9726
v 32.0527 20.0016 -16.3668
v -20.3275 16.7001 -31.0756
v -19.8127 16.7032 -30.4496
v -20.7943 18.7599 -30.1771
v -19.8127 16.7032 -30.4496
v -20.5171 16.7372 -29.1285
v -20.7943 18.7599 -30.1771
v -20.5171 16.7372 -29.1285
v -21.8384 16.7451 -29.8333
v -20.7943 18.7599 -30.1771
v -21.8384 16.7451 -29.8333
v -21.1340 16.7111 -31.1543
v -20.7943 18.7599 -30.1771
v -21.1340 16.7111 -31.1543
v -20.3275 16.7001 -31.0756
v -20.7943 18.7599 -30.1771
v -20.3275 16.7001 -31.0756
v -20.5171 16.7372 -29.1285
v -19.8127 16.7032 -30.4496
v -20.3275 16.7001 -31.0756
v -21.8384 16.7451 -29.8333
v -20.5171 16.7372 -29.1285
v -20.3275 16.7001 -31.0756
v -21.1340 16.7111 -31.1543
v -21.8384 16.7451 -29.8333
v -20.4172 17.7231 -30.8958
v -20.0733 17.7376 -29.7664
v -20.7787 19.7778 -30.1949
v -20.0733 17.7376 -29.7664
v -21.2027 17.7610 -29.4227
v -20.7787 19.7778 -30.1949
v -21.2027 17.7610 -29.4227
v -21.5466 17.7465 -30.5522
v -20.7787 19.7778 -30.1949
v -21.5466 17.7465 -30.5522
v -20.4172 17.7231 -30.8958
v -20.7787 19.7778 -30.1949
v -20.4172 17.7231 -30.8958
v -21.2027 17.7610 -29.4227
v -20.0733 17.7376 -29.7664
v -20.4172 17.7231 -30.8958
v -21.5466 17.7465 -30.5522
v -21.2027 17.7610 -29.4227
v -20.2294 18.7483 -30.3490
v -20.6223 18.7672 -29.6121
v -20.7631 20.7957 -30.2128
v -20.6223 18.7672 -29.6121
v -21.3593 18.7716 -30.0052
v -20.7631 20.7957 -30.2128
v -21.3593 18.7716 -30.0052
v -20.9664 18.7527 -30.7421
v -20.7631 20.7957 -30.2128
v -20.9664 18.7527 -30.7421
v -20.2294 18.7483 -30.3490
v -20.7631 20.7957 -30.2128
v -20.2294 18.7483 -30.3490
v -21.3593 18.7716 -30.0052
v -20.6223 18.7672 -29.6121
v -20.2294 18.7483 -30.3490
v -20.9664 18.7527 -30.7421
v -21.3593 18.7716 -30.0052
v 13.7540 13.7185 32.1366
v 14.7544 13.6583 32.3057
v 14.2054 16.2538 33.4229
v 14.7544 13.6583 32.3057
v 15.1741 13.6387 34.1362
v 14.2054 16.2538 33.4229
v 15.1741 13.6387 34.1362
v 13.3469 13.7509 34.5563
v 14.2054 16.2538 33.4229
v 13.3469 13.7509 34.5563
v 12.9273 13.7705 32.7257
v 14.2054 16.2538 33.4229
v 12.9273 13.7705 32.7257
v 13.7540 13.7185 32.1366
v 14.2054 16.2538 33.4229
v 13.7540 13.7185 32.1366
v 15.1741 13.6387 34.1362
v 14.7544 13.6583 32.3057
v 13.7540 13.7185 32.1366
v 13.3469 13.7509 34.5563
v 15.1741 13.6387 34.1362
v 13.7540 13.7185 32.1366
v 12.9273 13.7705 32.7257
v 13.3469 13.7509 34.5563
v 13.8941 14.9901 32.4064
v 15.1467 14.9166 33.1927
v 14.2827 17.5284 33.4188
v 15.1467 14.9166 33.1927
v 14.3620 14.9682 34.4475
v 14.2827 17.5284 33.4188
v 14.3620 14.9682 34.4475
v 13.1094 15.0417 33.6611
v 14.2827 17.5284 33.4188
v 13.1094 15.0417 33.6611
v 13.8941 14.9901 32.4064
v 14.2827 17.5284 33.4188
v 13.8941 14.9901 32.4064
v 14.3620 14.9682 34.4475
v 15.1467 14.9166 33.1927
v 13.8941 14.9901 32.4064
v 13.1094 15.0417 33.6611
v 14.3620 14.9682 34.4475
v 14.5979 16.2280 32.7952
v 14.8320 16.2170 33.8163
v 14.3600 18.8030 33.4148
v 14.8320 16.2170 33.8163
v 13.8128 16.2796 34.0506
v 14.3600 18.8030 33.4148
v 13.8128 16.2796 34.0506
v 13.5787 16.2906 33.0295
v 14.3600 18.8030 33.4148
v 13.5787 16.2906 33.0295
v 14.5979 16.2280 32.7952
v 14.3600 18.8030 33.4148
v 14.5979 16.2280 32.7952
v 13.8128 16.2796 34.0506
v 14.8320 16.2170 33.8163
v 14.5979 16.2280 32.7952
v 13.5787 16.2906 33.0295
v 13.8128 16.2796 34.0506
v 48.0997 17.2677 15.4841
v 47.2719 17.2359 16.3797
v 46.6694 20.3896 15.1037
v 47.2719 17.2359 16.3797
v 45.1574 17.3235 15.6034
v 46.6694 20.3896 15.1037
v 45.1574 17.3235 15.6034
v 45.9371 17.4233 13.4907
v 46.6694 20.3896 15.1037
v 45.9371 17.4233 13.4907
v 48.0517 17.3357 14.2670
v 46.6694 20.3896 15.1037
v 48.0517 17.3357 14.2670
v 48.0997 17.2677 15.4841
v 46.6694 20.3896 15.1037
v 48.0997 17.2677 15.4841
v 45.1574 17.3235 15.6034
v 47.2719 17.2359 16.3797
v 48.0997 17.2677 15.4841
v 45.9371 17.4233 13.4907
v 45.1574 17.3235 15.6034
v 48.0997 17.2677 15.4841
v 48.0517 17.3357 14.2670
v 45.9371 17.4233 13.4907
v 47.8159 18.8108 15.4522
v 46.2022 18.8040 16.1973
v 46.7018 21.9196 15.1879
v 46.2022 18.8040 16.1973
v 45.4581 18.9084 14.5866
v 46.7018 21.9196 15.1879
v 45.4581 18.9084 14.5866
v 47.0717 18.9153 13.8415
v 46.7018 21.9196 15.1879
v 47.0717 18.9153 13.8415
v 47.8159 18.8108 15.4522
v 46.7018 21.9196 15.1879
v 47.8159 18.8108 15.4522
v 45.4581 18.9084 14.5866
v 46.2022 18.8040 16.1973
v 47.8159 18.8108 15.4522
v 47.0717 18.9153 13.8415
v 45.4581 18.9084 14.5866
v 47.0417 20.3374 15.9094
v 45.8622 20.3862 15.4764
v 46.7342 23.4496 15.2721
v 45.8622 20.3862 15.4764
v 46.2971 20.4419 14.2979
v 46.7342 23.4496 15.2721
v 46.2971 20.4419 14.2979
v 47.4766 20.3930 14.7309
v 46.7342 23.4496 15.2721
v 47.4766 20.3930 14.7309
v 47.0417 20.3374 15.9094
v 46.7342 23.4496 15.2721
v 47.0417 20.3374 15.9094
v 46.2971 20.4419 14.2979
v 45.8622 20.3862 15.4764
v 47.0417 20.3374 15.9094
v 47.4766 20.3930 14.7309
v 46.2971 20.4419 14.2979
v -15.9878 13.8412 45.8062
v -16.6725 13.8309 45.1735
v -15.5869 16.1794 44.6474
v -16.6725 13.8309 45.1735
v -16.0766 13.8251 43.5572
v -15.5869 16.1794 44.6474
v -16.0766 13.8251 43.5572
v -14.4604 13.8433 44.1531
v -15.5869 16.1794 44.6474
v -14.4604 13.8433 44.1531
v -15.0563 13.8491 45.7694
v -15.5869 16.1794 44.6474
v -15.0563 13.8491 45.7694
v -15.9878 13.8412 45.8062
v -15.5869 16.1794 44.6474
v -15.9878 13.8412 45.8062
v -16.0766 13.8251 43.5572
v -16.6725 13.8309 45.1735
v -15.9878 13.8412 45.8062
v -14.4604 13.8433 44.1531
v -16.0766 13.8251 43.5572
v -15.9878 13.8412 45.8062
v -15.0563 13.8491 45.7694
v -14.4604 13.8433 44.1531
v -15.9089 15.0115 45.5565
v -16.4778 14.9981 44.3232
v -15.5971 17.3506 44.6395
v -16.4778 14.9981 44.3232
v -15.2444 15.0051 43.7542
v -15.5971 17.3506 44.6395
v -15.2444 15.0051 43.7542
v -14.6756 15.0184 44.9876
v -15.5971 17.3506 44.6395
v -14.6756 15.0184 44.9876
v -15.9089 15.0115 45.5565
v -15.5971 17.3506 44.6395
v -15.9089 15.0115 45.5565
v -15.2444 15.0051 43.7542
v -16.4778 14.9981 44.3232
v -15.9089 15.0115 45.5565
v -14.6756 15.0184 44.9876
v -15.2444 15.0051 43.7542
v -16.2039 16.1760 44.9320
v -15.8715 16.1728 44.0305
v -15.6074 18.5218 44.6315
v -15.8715 16.1728 44.0305
v -14.9699 16.1829 44.3628
v -15.6074 18.5218 44.6315
v -14.9699 16.1829 44.3628
v -15.3023 16.1861 45.2644
v -15.6074 18.5218 44.6315
v -15.3023 16.1861 45.2644
v -16.2039 16.1760 44.9320
v -15.6074 18.5218 44.6315
v -16.2039 16.1760 44.9320
v -14.9699 16.1829 44.3628
v -15.8715 16.1728 44.0305
v -16.2039 16.1760 44.9320
v -15.3023 16.1861 45.2644
v -14.9699 16.1829 44.3628
v 5.1329 15.7872 10.6324
v 4.0165 15.8049 10.4485
v 4.8360 18.6527 9.2288
v 4.0165 15.8049 10.4485
v 3.5415 15.8371 8.4126
v 4.8360 18.6527 9.2288
v 3.5415 15.8371 8.4126
v 5.5775 15.8152 7.9372
v 4.8360 18.6527 9.2288
v 5.5775 15.8152 7.9372
v 6.0525 15.7829 9.9731
v 4.8360 18.6527 9.2288
v 6.0525 15.7829 9.9731
v 5.1329 15.7872 10.6324
v 4.8360 18.6527 9.2288
v 5.1329 15.7872 10.6324
v 3.5415 15.8371 8.4126
v 4.0165 15.8049 10.4485
v 5.1329 15.7872 10.6324
v 5.5775 15.8152 7.9372
v 3.5415 15.8371 8.4126
v 5.1329 15.7872 10.6324
v 6.0525 15.7829 9.9731
v 5.5775 15.8152 7.9372
v 5.0813 17.2133 10.3459
v 3.6814 17.2436 9.4759
v 4.8556 20.0740 9.2468
v 3.6814 17.2436 9.4759
v 4.5517 17.2493 8.0758
v 4.8556 20.0740 9.2468
v 4.5517 17.2493 8.0758
v 5.9516 17.2191 8.9458
v 4.8556 20.0740 9.2468
v 5.9516 17.2191 8.9458
v 5.0813 17.2133 10.3459
v 4.8556 20.0740 9.2468
v 5.0813 17.2133 10.3459
v 4.5517 17.2493 8.0758
v 3.6814 17.2436 9.4759
v 5.0813 17.2133 10.3459
v 5.9516 17.2191 8.9458
v 4.5517 17.2493 8.0758
v 4.4007 18.6498 9.9292
v 4.1357 18.6678 8.7936
v 4.8751 21.4953 9.2648
v 4.1357 18.6678 8.7936
v 5.2714 18.6555 8.5284
v 4.8751 21.4953 9.2648
v 5.2714 18.6555 8.5284
v 5.5363 18.6375 9.6640
v 4.8751 21.4953 9.2648
v 5.5363 18.6375 9.6640
v 4.4007 18.6498 9.9292
v 4.8751 21.4953 9.2648
v 4.4007 18.6498 9.9292
v 5.2714 18.6555 8.5284
v 4.1357 18.6678 8.7936
v 4.4007 18.6498 9.9292
v 5.5363 18.6375 9.6640
v 5.2714 18.6555 8.5284
v 17.6660 18.3368 -19.1085
v 18.8474 18.4031 -18.7408
v 17.6355 21.4472 -17.4843
v 18.8474 18.4031 -18.7408
v 19.0565 18.4063 -16.4608
v 17.6355 21.4472 -17.4843
v 19.0565 18.4063 -16.4608
v 16.7803 18.2748 -16.2519
v 17.6355 21.4472 -17.4843
v 16.7803 18.2748 -16.2519
v 16.5712 18.2717 -18.5319
v 17.6355 21.4472 -17.4843
v 16.5712 18.2717 -18.5319
v 17.6660 18.3368 -19.1085
v 17.6355 21.4472 -17.4843
v 17.6660 18.3368 -19.1085
v 19.0565 18.4063 -16.4608
v 18.8474 18.4031 -18.7408
v 17.6660 18.3368 -19.1085
v 16.7803 18.2748 -16.2519
v 19.0565 18.4063 -16.4608
v 17.6660 18.3368 -19.1085
v 16.5712 18.2717 -18.5319
v 16.7803 18.2748 -16.2519
v 17.6081 19.8913 -18.7614
v 18.9937 19.9663 -17.6068
v 17.5463 23.0013 -17.4782
v 18.9937 19.9663 -17.6068
v 17.8412 19.8948 -16.2192
v 17.5463 23.0013 -17.4782
v 17.8412 19.8948 -16.2192
v 16.4556 19.8198 -17.3738
v 17.5463 23.0013 -17.4782
v 16.4556 19.8198 -17.3738
v 17.6081 19.8913 -18.7614
v 17.5463 23.0013 -17.4782
v 17.6081 19.8913 -18.7614
v 17.8412 19.8948 -16.2192
v 18.9937 19.9663 -17.6068
v 17.6081 19.8913 -18.7614
v 16.4556 19.8198 -17.3738
v 17.8412 19.8948 -16.2192
v 18.2120 21.4830 -18.1784
v 18.3286 21.4847 -16.9066
v 17.4571 24.5554 -17.4722
v 18.3286 21.4847 -16.9066
v 17.0590 21.4114 -16.7901
v 17.4571 24.5554 -17.4722
v 17.0590 21.4114 -16.7901
v 16.9424 21.4096 -18.0619
v 17.4571 24.5554 -17.4722
v 16.9424 21.4096 -18.0619
v 18.2120 21.4830 -18.1784
v 17.4571 24.5554 -17.4722
v 18.2120 21.4830 -18.1784
v 17.0590 21.4114 -16.7901
v 18.3286 21.4847 -16.9066
v 18.2120 21.4830 -18.1784
v 16.9424 21.4096 -18.0619
v 17.0590 21.4114 -16.7901
v -46.7651 17.7103 -50.5240
v -46.9402 17.6386 -49.7417
v -47.8608 19.6784 -50.1749
v -46.9402 17.6386 -49.7417
v -48.4046 17.5733 -49.4901
v -47.8608 19.6784 -50.1749
v -48.4046 17.5733 -49.4901
v -48.6607 17.6898 -50.9504
v -47.8608 19.6784 -50.1749
v -48.6607 17.6898 -50.9504
v -47.1964 17.7550 -51.2021
v -47.8608 19.6784 -50.1749
v -47.1964 17.7550 -51.2021
v -46.7651 17.7103 -50.5240
v -47.8608 19.6784 -50.1749
v -46.7651 17.7103 -50.5240
v -48.4046 17.5733 -49.4901
v -46.9402 17.6386 -49.7417
v -46.7651 17.7103 -50.5240
v -48.6607 17.6898 -50.9504
v -48.4046 17.5733 -49.4901
v -46.7651 17.7103 -50.5240
v -47.1964 17.7550 -51.2021
v -48.6607 17.6898 -50.9504
v -47.0143 18.7077 -50.4008
v -47.6878 18.6064 -49.4463
v -47.8910 20.6854 -50.0893
v -47.6878 18.6064 -49.4463
v -48.6470 18.6349 -50.1202
v -47.8910 20.6854 -50.0893
v -48.6470 18.6349 -50.1202
v -47.9735 18.7362 -51.0746
v -47.8910 20.6854 -50.0893
v -47.9735 18.7362 -51.0746
v -47.0143 18.7077 -50.4008
v -47.8910 20.6854 -50.0893
v -47.0143 18.7077 -50.4008
v -48.6470 18.6349 -50.1202
v -47.6878 18.6064 -49.4463
v -47.0143 18.7077 -50.4008
v -47.9735 18.7362 -51.0746
v -48.6470 18.6349 -50.1202
v -47.3810 19.6641 -49.8378
v -48.1978 19.6277 -49.6974
v -47.9212 21.6925 -50.0037
v -48.1978 19.6277 -49.6974
v -48.3407 19.6926 -50.5120
v -47.9212 21.6925 -50.0037
v -48.3407 19.6926 -50.5120
v -47.5239 19.7290 -50.6524
v -47.9212 21.6925 -50.0037
v -47.5239 19.7290 -50.6524
v -47.3810 19.6641 -49.8378
v -47.9212 21.6925 -50.0037
v -47.3810 19.6641 -49.8378
v -48.3407 19.6926 -50.5120
v -48.1978 19.6277 -49.6974
v -47.3810 19.6641 -49.8378
v -47.5239 19.7290 -50.6524
v -48.3407 19.6926 -50.5120
v 49.5305 15.3927 30.4011
v 49.8856 15.4086 29.7232
v 50.5043 17.3256 30.5245
v 49.8856 15.4086 29.7232
v 51.2942 15.4227 29.8501
v 50.5043 17.3256 30.5245
v 51.2942 15.4227 29.8501
v 51.1676 15.3966 31.2586
v 50.5043 17.3256 30.5245
v 51.1676 15.3966 31.2586
v 49.7589 15.3825 31.1317
v 50.5043 17.3256 30.5245
v 49.7589 15.3825 31.1317
v 49.5305 15.3927 30.4011
v 50.5043 17.3256 30.5245
v 49.5305 15.3927 30.4011
v 51.2942 15.4227 29.8501
v 49.8856 15.4086 29.7232
v 49.5305 15.3927 30.4011
v 51.1676 15.3966 31.2586
v 51.2942 15.4227 29.8501
v 49.5305 15.3927 30.4011
v 49.7589 15.3825 31.1317
v 51.1676 15.3966 31.2586
v 49.7301 16.3562 30.4370
v 50.5860 16.3787 29.7224
v 50.4931 18.2870 30.5414
v 50.5860 16.3787 29.7224
v 51.3008 16.3720 30.5785
v 50.4931 18.2870 30.5414
v 51.3008 16.3720 30.5785
v 50.4448 16.3495 31.2930
v 50.4931 18.2870 30.5414
v 50.4448 16.3495 31.2930
v 49.7301 16.3562 30.4370
v 50.4931 18.2870 30.5414
v 49.7301 16.3562 30.4370
v 51.3008 16.3720 30.5785
v 50.5860 16.3787 29.7224
v 49.7301 16.3562 30.4370
v 50.4448 16.3495 31.2930
v 51.3008 16.3720 30.5785
v 50.1467 17.3289 30.0963
v 50.9325 17.3368 30.1671
v 50.4820 19.2485 30.5582
v 50.9325 17.3368 30.1671
v 50.8618 17.3222 30.9528
v 50.4820 19.2485 30.5582
v 50.8618 17.3222 30.9528
v 50.0761 17.3143 30.8820
v 50.4820 19.2485 30.5582
v 50.0761 17.3143 30.8820
v 50.1467 17.3289 30.0963
v 50.4820 19.2485 30.5582
v 50.1467 17.3289 30.0963
v 50.8618 17.3222 30.9528
v 50.9325 17.3368 30.1671
v 50.1467 17.3289 30.0963
v 50.0761 17.3143 30.8820
v 50.8618 17.3222 30.9528
v -0.2808 17.3180 -24.8769
v -0.0780 17.3029 -25.4760
v 0.6674 18.8374 -24.9282
v -0.0780 17.3029 -25.4760
v 1.0849 17.2106 -25.5523
v 0.6674 18.8374 -24.9282
v 1.0849 17.2106 -25.5523
v 1.1608 17.2026 -24.3858
v 0.6674 18.8374 -24.9282
v 1.1608 17.2026 -24.3858
v -0.0020 17.2949 -24.3095
v 0.6674 18.8374 -24.9282
v -0.0020 17.2949 -24.3095
v -0.2808 17.3180 -24.8769
v 0.6674 18.8374 -24.9282
v -0.2808 17.3180 -24.8769
v 1.0849 17.2106 -25.5523
v -0.0780 17.3029 -25.4760
v -0.2808 17.3180 -24.8769
v 1.1608 17.2026 -24.3858
v 1.0849 17.2106 -25.5523
v -0.2808 17.3180 -24.8769
v -0.0020 17.2949 -24.3095
v 1.1608 17.2026 -24.3858
v -0.0439 18.0965 -24.8870
v 0.5621 18.0495 -25.5799
v 0.7304 19.6297 -24.9269
v 0.5621 18.0495 -25.5799
v 1.2527 17.9936 -24.9721
v 0.7304 19.6297 -24.9269
v 1.2527 17.9936 -24.9721
v 0.6467 18.0406 -24.2792
v 0.7304 19.6297 -24.9269
v 0.6467 18.0406 -24.2792
v -0.0439 18.0965 -24.8870
v 0.7304 19.6297 -24.9269
v -0.0439 18.0965 -24.8870
v 1.2527 17.9936 -24.9721
v 0.5621 18.0495 -25.5799
v -0.0439 18.0965 -24.8870
v 0.6467 18.0406 -24.2792
v 1.2527 17.9936 -24.9721
v 0.3219 18.8653 -25.2323
v 0.9706 18.8138 -25.2748
v 0.7934 20.4220 -24.9256
v 0.9706 18.8138 -25.2748
v 1.0129 18.8094 -24.6242
v 0.7934 20.4220 -24.9256
v 1.0129 18.8094 -24.6242
v 0.3643 18.8609 -24.5816
v 0.7934 20.4220 -24.9256
v 0.3643 18.8609 -24.5816
v 0.3219 18.8653 -25.2323
v 0.7934 20.4220 -24.9256
v 0.3219 18.8653 -25.2323
v 1.0129 18.8094 -24.6242
v 0.9706 18.8138 -25.2748
v 0.3219 18.8653 -25.2323
v 0.3643 18.8609 -24.5816
v 1.0129 18.8094 -24.6242
v -30.9606 12.9861 35.8276
v -31.8008 12.9576 36.1123
v -31.7745 15.2282 35.0342
v -31.8008 12.9576 36.1123
v -32.8822 12.9771 34.8794
v -31.7745 15.2282 35.0342
v -32.8822 12.9771 34.8794
v -31.6497 13.0423 33.7993
v -31.7745 15.2282 35.0342
v -31.6497 13.0423 33.7993
v -30.5683 13.0228 35.0322
v -31.7745 15.2282 35.0342
v -30.5683 13.0228 35.0322
v -30.9606 12.9861 35.8276
v -31.7745 15.2282 35.0342
v -30.9606 12.9861 35.8276
v -32.8822 12.9771 34.8794
v -31.8008 12.9576 36.1123
v -30.9606 12.9861 35.8276
v -31.6497 13.0423 33.7993
v -32.8822 12.9771 34.8794
v -30.9606 12.9861 35.8276
v -30.5683 13.0228 35.0322
v -31.6497 13.0423 33.7993
v -31.1470 14.1032 35.6824
v -32.4370 14.0777 35.5971
v -31.7991 16.3423 35.0734
v -32.4370 14.0777 35.5971
v -32.3528 14.1249 34.3076
v -31.7991 16.3423 35.0734
v -32.3528 14.1249 34.3076
v -31.0627 14.1504 34.3928
v -31.7991 16.3423 35.0734
v -31.0627 14.1504 34.3928
v -31.1470 14.1032 35.6824
v -31.7991 16.3423 35.0734
v -31.1470 14.1032 35.6824
v -32.3528 14.1249 34.3076
v -32.4370 14.0777 35.5971
v -31.1470 14.1032 35.6824
v -31.0627 14.1504 34.3928
v -32.3528 14.1249 34.3076
v -31.8166 15.2046 35.6793
v -32.4198 15.2154 34.9916
v -31.8237 17.4564 35.1126
v -32.4198 15.2154 34.9916
v -31.7323 15.2518 34.3891
v -31.8237 17.4564 35.1126
v -31.7323 15.2518 34.3891
v -31.1291 15.2409 35.0768
v -31.8237 17.4564 35.1126
v -31.1291 15.2409 35.0768
v -31.8166 15.2046 35.6793
v -31.8237 17.4564 35.1126
v -31.8166 15.2046 35.6793
v -31.7323 15.2518 34.3891
v -32.4198 15.2154 34.9916
v -31.8166 15.2046 35.6793
v -31.1291 15.2409 35.0768
v -31.7323 15.2518 34.3891
v 33.5483 19.6925 -29.8500
v 33.9402 19.7306 -30.5553
v 34.7517 21.6131 -29.5399
v 33.9402 19.7306 -30.5553
v 35.4183 19.5988 -30.3952
v 34.7517 21.6131 -29.5399
v 35.4183 19.5988 -30.3952
v 35.2466 19.4679 -28.9184
v 34.7517 21.6131 -29.5399
v 35.2466 19.4679 -28.9184
v 33.7686 19.5997 -29.0784
v 34.7517 21.6131 -29.5399
v 33.7686 19.5997 -29.0784
v 33.5483 19.6925 -29.8500
v 34.7517 21.6131 -29.5399
v 33.5483 19.6925 -29.8500
v 35.4183 19.5988 -30.3952
v 33.9402 19.7306 -30.5553
v 33.5483 19.6925 -29.8500
v 35.2466 19.4679 -28.9184
v 35.4183 19.5988 -30.3952
v 33.5483 19.6925 -29.8500
v 33.7686 19.5997 -29.0784
v 35.2466 19.4679 -28.9184
v 33.8485 20.6797 -29.7276
v 34.7682 20.6791 -30.4618
v 34.8309 22.6199 -29.4415
v 34.7682 20.6791 -30.4618
v 35.4966 20.5327 -29.5491
v 34.8309 22.6199 -29.4415
v 35.4966 20.5327 -29.5491
v 34.5769 20.5332 -28.8150
v 34.8309 22.6199 -29.4415
v 34.5769 20.5332 -28.8150
v 33.8485 20.6797 -29.7276
v 34.8309 22.6199 -29.4415
v 33.8485 20.6797 -29.7276
v 35.4966 20.5327 -29.5491
v 34.7682 20.6791 -30.4618
v 33.8485 20.6797 -29.7276
v 34.5769 20.5332 -28.8150
v 35.4966 20.5327 -29.5491
v 34.3874 21.6863 -29.9965
v 35.2118 21.6128 -29.9072
v 34.9100 23.6268 -29.3431
v 35.2118 21.6128 -29.9072
v 35.1161 21.5398 -29.0834
v 34.9100 23.6268 -29.3431
v 35.1161 21.5398 -29.0834
v 34.2916 21.6133 -29.1727
v 34.9100 23.6268 -29.3431
v 34.2916 21.6133 -29.1727
v 34.3874 21.6863 -29.9965
v 34.9100 23.6268 -29.3431
v 34.3874 21.6863 -29.9965
v 35.1161 21.5398 -29.0834
v 35.2118 21.6128 -29.9072
v 34.3874 21.6863 -29.9965
v 34.2916 21.6133 -29.1727
v 35.1161 21.5398 -29.0834
v -18.3533 18.1779 -42.5722
v -19.0643 18.1616 -42.9789
v -18.2608 20.2349 -43.6419
v -19.0643 18.1616 -42.9789
v -18.8728 18.1598 -44.4807
v -18.2608 20.2349 -43.6419
v -18.8728 18.1598 -44.4807
v -17.3714 18.1919 -44.2893
v -18.2608 20.2349 -43.6419
v -17.3714 18.1919 -44.2893
v -17.5629 18.1936 -42.7875
v -18.2608 20.2349 -43.6419
v -17.5629 18.1936 -42.7875
v -18.3533 18.1779 -42.5722
v -18.2608 20.2349 -43.6419
v -18.3533 18.1779 -42.5722
v -18.8728 18.1598 -44.4807
v -19.0643 18.1616 -42.9789
v -18.3533 18.1779 -42.5722
v -17.3714 18.1919 -44.2893
v -18.8728 18.1598 -44.4807
v -18.3533 18.1779 -42.5722
v -17.5629 18.1936 -42.7875
v -17.3714 18.1919 -44.2893
v -18.3461 19.2068 -42.8008
v -19.0764 19.1879 -43.7447
v -18.2822 21.2639 -43.6458
v -19.0764 19.1879 -43.7447
v -18.1326 19.2048 -44.4753
v -18.2822 21.2639 -43.6458
v -18.1326 19.2048 -44.4753
v -17.4023 19.2236 -43.5313
v -18.2822 21.2639 -43.6458
v -17.4023 19.2236 -43.5313
v -18.3461 19.2068 -42.8008
v -18.2822 21.2639 -43.6458
v -18.3461 19.2068 -42.8008
v -18.1326 19.2048 -44.4753
v -19.0764 19.1879 -43.7447
v -18.3461 19.2068 -42.8008
v -17.4023 19.2236 -43.5313
v -18.1326 19.2048 -44.4753
v -18.7329 20.2264 -43.2765
v -18.6261 20.2255 -44.1141
v -18.3036 22.2930 -43.6498
v -18.6261 20.2255 -44.1141
v -17.7886 20.2433 -44.0074
v -18.3036 22.2930 -43.6498
v -17.7886 20.2433 -44.0074
v -17.8954 20.2443 -43.1697
v -18.3036 22.2930 -43.6498
v -17.8954 20.2443 -43.1697
v -18.7329 20.2264 -43.2765
v -18.3036 22.2930 -43.6498
v -18.7329 20.2264 -43.2765
v -17.7886 20.2433 -44.0074
v -18.6261 20.2255 -44.1141
v -18.7329 20.2264 -43.2765
v -17.8954 20.2443 -43.1697
v -17.7886 20.2433 -44.0074
v 34.2993 17.2198 6.4305
v 34.6002 17.1706 5.4375
v 35.6964 19.7966 6.1829
v 34.6002 17.1706 5.4375
v 36.5098 17.1281 5.2499
v 35.6964 19.7966 6.1829
v 36.5098 17.1281 5.2499
v 36.6991 17.2087 7.1581
v 35.6964 19.7966 6.1829
v 36.6991 17.2087 7.1581
v 34.7895 17.2513 7.3457
v 35.6964 19.7966 6.1829
v 34.7895 17.2513 7.3457
v 34.2993 17.2198 6.4305
v 35.6964 19.7966 6.1829
v 34.2993 17.2198 6.4305
v 36.5098 17.1281 5.2499
v 34.6002 17.1706 5.4375
v 34.2993 17.2198 6.4305
v 36.6991 17.2087 7.1581
v 36.5098 17.1281 5.2499
v 34.2993 17.2198 6.4305
v 34.7895 17.2513 7.3457
v 36.6991 17.2087 7.1581
v 34.6084 18.5168 6.3450
v 35.5675 18.4482 5.1765
v 35.7198 21.1000 6.1255
v 35.5675 18.4482 5.1765
v 36.7377 18.4694 6.1358
v 35.7198 21.1000 6.1255
v 36.7377 18.4694 6.1358
v 35.7785 18.5381 7.3042
v 35.7198 21.1000 6.1255
v 35.7785 18.5381 7.3042
v 34.6084 18.5168 6.3450
v 35.7198 21.1000 6.1255
v 34.6084 18.5168 6.3450
v 36.7377 18.4694 6.1358
v 35.5675 18.4482 5.1765
v 34.6084 18.5168 6.3450
v 35.7785 18.5381 7.3042
v 36.7377 18.4694 6.1358
v 35.1111 19.7859 5.7030
v 36.1762 19.7622 5.5984
v 35.7432 22.4035 6.0681
v 36.1762 19.7622 5.5984
v 36.2818 19.8072 6.6628
v 35.7432 22.4035 6.0681
v 36.2818 19.8072 6.6628
v 35.2166 19.8310 6.7675
v 35.7432 22.4035 6.0681
v 35.2166 19.8310 6.7675
v 35.1111 19.7859 5.7030
v 35.7432 22.4035 6.0681
v 35.1111 19.7859 5.7030
v 36.2818 19.8072 6.6628
v 36.1762 19.7622 5.5984
v 35.1111 19.7859 5.7030
v 35.2166 19.8310 6.7675
v 36.2818 19.8072 6.6628
v -43.0997 12.2446 48.3200
v -43.8303 12.2162 47.7144
v -42.8212 14.6384 47.1275
v -43.8303 12.2162 47.7144
v -43.3137 12.2301 46.0378
v -42.8212 14.6384 47.1275
v -43.3137 12.2301 46.0378
v -41.6384 12.2926 46.5546
v -42.8212 14.6384 47.1275
v -41.6384 12.2926 46.5546
v -42.1550 12.2787 48.2312
v -42.8212 14.6384 47.1275
v -42.1550 12.2787 48.2312
v -43.0997 12.2446 48.3200
v -42.8212 14.6384 47.1275
v -43.0997 12.2446 48.3200
v -43.3137 12.2301 46.0378
v -43.8303 12.2162 47.7144
v -43.0997 12.2446 48.3200
v -41.6384 12.2926 46.5546
v -43.3137 12.2301 46.0378
v -43.0997 12.2446 48.3200
v -42.1550 12.2787 48.2312
v -41.6384 12.2926 46.5546
v -43.0658 13.4386 48.0657
v -43.7118 13.4115 46.8429
v -42.8647 15.8304 47.1240
v -43.7118 13.4115 46.8429
v -42.4898 13.4542 46.1963
v -42.8647 15.8304 47.1240
v -42.4898 13.4542 46.1963
v -41.8437 13.4813 47.4191
v -42.8647 15.8304 47.1240
v -41.8437 13.4813 47.4191
v -43.0658 13.4386 48.0657
v -42.8647 15.8304 47.1240
v -43.0658 13.4386 48.0657
v -42.4898 13.4542 46.1963
v -43.7118 13.4115 46.8429
v -43.0658 13.4386 48.0657
v -41.8437 13.4813 47.4191
v -42.4898 13.4542 46.1963
v -43.4326 14.6171 47.4510
v -43.1444 14.6248 46.5158
v -42.9081 17.0224 47.1206
v -43.1444 14.6248 46.5158
v -42.2099 14.6597 46.8041
v -42.9081 17.0224 47.1206
v -42.2099 14.6597 46.8041
v -42.4981 14.6520 47.7392
v -42.9081 17.0224 47.1206
v -42.4981 14.6520 47.7392
v -43.4326 14.6171 47.4510
v -42.9081 17.0224 47.1206
v -43.4326 14.6171 47.4510
v -42.2099 14.6597 46.8041
v -43.1444 14.6248 46.5158
v -43.4326 14.6171 47.4510
v -42.4981 14.6520 47.7392
v -42.2099 14.6597 46.8041
v 15.3680 15.7857 16.2529
v 15.2340 15.9045 15.0179
v 17.1914 18.7642 15.7111
v 15.2340 15.9045 15.0179
v 17.2393 15.7343 13.8925
v 17.1914 18.7642 15.7111
v 17.2393 15.7343 13.8925
v 18.3378 15.4263 15.8963
v 17.1914 18.7642 15.7111
v 18.3378 15.4263 15.8963
v 16.3325 15.5965 17.0218
v 17.1914 18.7642 15.7111
v 16.3325 15.5965 17.0218
v 15.3680 15.7857 16.2529
v 17.1914 18.7642 15.7111
v 15.3680 15.7857 16.2529
v 17.2393 15.7343 13.8925
v 15.2340 15.9045 15.0179
v 15.3680 15.7857 16.2529
v 18.3378 15.4263 15.8963
v 17.2393 15.7343 13.8925
v 15.3680 15.7857 16.2529
v 16.3325 15.5965 17.0218
v 18.3378 15.4263 15.8963
v 15.8707 17.3096 16.2115
v 16.3763 17.3865 14.4669
v 17.3942 20.3135 15.8381
v 16.3763 17.3865 14.4669
v 18.1067 17.1199 14.9566
v 17.3942 20.3135 15.8381
v 18.1067 17.1199 14.9566
v 17.6011 17.0431 16.7013
v 17.3942 20.3135 15.8381
v 17.6011 17.0431 16.7013
v 15.8707 17.3096 16.2115
v 17.3942 20.3135 15.8381
v 15.8707 17.3096 16.2115
v 18.1067 17.1199 14.9566
v 16.3763 17.3865 14.4669
v 15.8707 17.3096 16.2115
v 17.6011 17.0431 16.7013
v 18.1067 17.1199 14.9566
v 16.3258 18.8975 15.4661
v 17.4443 18.8026 14.8383
v 17.5969 21.8629 15.9651
v 17.4443 18.8026 14.8383
v 18.0571 18.6308 15.9561
v 17.5969 21.8629 15.9651
v 18.0571 18.6308 15.9561
v 16.9385 18.7257 16.5838
v 17.5969 21.8629 15.9651
v 16.9385 18.7257 16.5838
v 16.3258 18.8975 15.4661
v 17.5969 21.8629 15.9651
v 16.3258 18.8975 15.4661
v 18.0571 18.6308 15.9561
v 17.4443 18.8026 14.8383
v 16.3258 18.8975 15.4661
v 16.9385 18.7257 16.5838
v 18.0571 18.6308 15.9561
v -26.1180 15.5213 -21.1776
v -26.6433 15.5403 -21.6482
v -25.7855 17.3089 -22.0057
v -26.6433 15.5403 -21.6482
v -26.2110 15.5624 -22.8778
v -25.7855 17.3089 -22.0057
v -26.2110 15.5624 -22.8778
v -24.9813 15.5338 -22.4460
v -25.7855 17.3089 -22.0057
v -24.9813 15.5338 -22.4460
v -25.4136 15.5116 -21.2164
v -25.7855 17.3089 -22.0057
v -25.4136 15.5116 -21.2164
v -26.1180 15.5213 -21.1776
v -25.7855 17.3089 -22.0057
v -26.1180 15.5213 -21.1776
v -26.2110 15.5624 -22.8778
v -26.6433 15.5403 -21.6482
v -26.1180 15.5213 -21.1776
v -24.9813 15.5338 -22.4460
v -26.2110 15.5624 -22.8778
v -26.1180 15.5213 -21.1776
v -25.4136 15.5116 -21.2164
v -24.9813 15.5338 -22.4460
v -26.0399 16.4106 -21.3409
v -26.4845 16.4390 -22.2671
v -25.7722 18.1949 -21.9850
v -26.4845 16.4390 -22.2671
v -25.5579 16.4353 -22.7119
v -25.7722 18.1949 -21.9850
v -25.5579 16.4353 -22.7119
v -25.1134 16.4070 -21.7857
v -25.7722 18.1949 -21.9850
v -25.1134 16.4070 -21.7857
v -26.0399 16.4106 -21.3409
v -25.7722 18.1949 -21.9850
v -26.0399 16.4106 -21.3409
v -25.5579 16.4353 -22.7119
v -26.4845 16.4390 -22.2671
v -26.0399 16.4106 -21.3409
v -25.1134 16.4070 -21.7857
v -25.5579 16.4353 -22.7119
v -26.2491 17.3107 -21.7832
v -26.0079 17.3231 -22.4691
v -25.7588 19.0809 -21.9644
v -26.0079 17.3231 -22.4691
v -25.3220 17.3071 -22.2282
v -25.7588 19.0809 -21.9644
v -25.3220 17.3071 -22.2282
v -25.5632 17.2948 -21.5424
v -25.7588 19.0809 -21.9644
v -25.5632 17.2948 -21.5424
v -26.2491 17.3107 -21.7832
v -25.7588 19.0809 -21.9644
v -26.2491 17.3107 -21.7832
v -25.3220 17.3071 -22.2282
v -26.0079 17.3231 -22.4691
v -26.2491 17.3107 -21.7832
v -25.5632 17.2948 -21.5424
v -25.3220 17.3071 -22.2282
v -5.1658 15.0895 3.2097
v -4.6345 15.0981 3.7857
v -5.6750 17.0175 4.1838
v -4.6345 15.0981 3.7857
v -5.2407 15.0432 5.0996
v -5.6750 17.0175 4.1838
v -5.2407 15.0432 5.0996
v -6.5544 15.0033 4.4918
v -5.6750 17.0175 4.1838
v -6.5544 15.0033 4.4918
v -5.9482 15.0582 3.1779
v -5.6750 17.0175 4.1838
v -5.9482 15.0582 3.1779
v -5.1658 15.0895 3.2097
v -5.6750 17.0175 4.1838
v -5.1658 15.0895 3.2097
v -5.2407 15.0432 5.0996
v -4.6345 15.0981 3.7857
v -5.1658 15.0895 3.2097
v -6.5544 15.0033 4.4918
v -5.2407 15.0432 5.0996
v -5.1658 15.0895 3.2097
v -5.9482 15.0582 3.1779
v -6.5544 15.0033 4.4918
v -5.2968 16.0647 3.4288
v -4.9023 16.0564 4.5001
v -5.7154 18.0010 4.2063
v -4.9023 16.0564 4.5001
v -5.9727 16.0035 4.8938
v -5.7154 18.0010 4.2063
v -5.9727 16.0035 4.8938
v -6.3671 16.0118 3.8224
v -5.7154 18.0010 4.2063
v -6.3671 16.0118 3.8224
v -5.2968 16.0647 3.4288
v -5.7154 18.0010 4.2063
v -5.2968 16.0647 3.4288
v -5.9727 16.0035 4.8938
v -4.9023 16.0564 4.5001
v -5.2968 16.0647 3.4288
v -6.3671 16.0118 3.8224
v -5.9727 16.0035 4.8938
v -5.1396 17.0440 3.9869
v -5.4777 17.0133 4.7197
v -5.7557 18.9844 4.2288
v -5.4777 17.0133 4.7197
v -6.2105 16.9911 4.3807
v -5.7557 18.9844 4.2288
v -6.2105 16.9911 4.3807
v -5.8724 17.0217 3.6478
v -5.7557 18.9844 4.2288
v -5.8724 17.0217 3.6478
v -5.1396 17.0440 3.9869
v -5.7557 18.9844 4.2288
v -5.1396 17.0440 3.9869
v -6.2105 16.9911 4.3807
v -5.4777 17.0133 4.7197
v -5.1396 17.0440 3.9869
v -5.8724 17.0217 3.6478
v -6.2105 16.9911 4.3807
v -20.0177 13.6138 27.9403
v -20.5049 13.6624 26.9870
v -18.9517 16.2694 26.9284
v -20.5049 13.6624 26.9870
v -19.2235 13.6172 25.4778
v -18.9517 16.2694 26.9284
v -19.2235 13.6172 25.4778
v -17.7183 13.5013 26.7594
v -18.9517 16.2694 26.9284
v -17.7183 13.5013 26.7594
v -18.9997 13.5465 28.2686
v -18.9517 16.2694 26.9284
v -18.9997 13.5465 28.2686
v -20.0177 13.6138 27.9403
v -18.9517 16.2694 26.9284
v -20.0177 13.6138 27.9403
v -19.2235 13.6172 25.4778
v -20.5049 13.6624 26.9870
v -20.0177 13.6138 27.9403
v -17.7183 13.5013 26.7594
v -19.2235 13.6172 25.4778
v -20.0177 13.6138 27.9403
v -18.9997 13.5465 28.2686
v -17.7183 13.5013 26.7594
v -19.7461 14.9508 27.7422
v -19.8709 14.9902 26.1863
v -18.8718 17.6132 26.9560
v -19.8709 14.9902 26.1863
v -18.3172 14.9004 26.0594
v -18.8718 17.6132 26.9560
v -18.3172 14.9004 26.0594
v -18.1925 14.8610 27.6153
v -18.8718 17.6132 26.9560
v -18.1925 14.8610 27.6153
v -19.7461 14.9508 27.7422
v -18.8718 17.6132 26.9560
v -19.7461 14.9508 27.7422
v -18.3172 14.9004 26.0594
v -19.8709 14.9902 26.1863
v -19.7461 14.9508 27.7422
v -18.1925 14.8610 27.6153
v -18.3172 14.9004 26.0594
v -19.7289 16.3143 26.9919
v -19.0141 16.2891 26.1501
v -18.7918 18.9569 26.9836
v -19.0141 16.2891 26.1501
v -18.1745 16.2245 26.8649
v -18.7918 18.9569 26.9836
v -18.1745 16.2245 26.8649
v -18.8893 16.2497 27.7067
v -18.7918 18.9569 26.9836
v -18.8893 16.2497 27.7067
v -19.7289 16.3143 26.9919
v -18.7918 18.9569 26.9836
v -19.7289 16.3143 26.9919
v -18.1745 16.2245 26.8649
v -19.0141 16.2891 26.1501
v -19.7289 16.3143 26.9919
v -18.8893 16.2497 27.7067
v -18.1745 16.2245 26.8649
v 42.0505 18.6111 -4.6120
v 42.3532 18.6429 -5.6972
v 43.3540 21.5214 -4.7483
v 42.3532 18.6429 -5.6972
v 44.4176 18.7604 -5.9455
v 43.3540 21.5214 -4.7483
v 44.4176 18.7604 -5.9455
v 44.6671 18.7454 -3.8780
v 43.3540 21.5214 -4.7483
v 44.6671 18.7454 -3.8780
v 42.6028 18.6280 -3.6297
v 43.3540 21.5214 -4.7483
v 42.6028 18.6280 -3.6297
v 42.0505 18.6111 -4.6120
v 43.3540 21.5214 -4.7483
v 42.0505 18.6111 -4.6120
v 44.4176 18.7604 -5.9455
v 42.3532 18.6429 -5.6972
v 42.0505 18.6111 -4.6120
v 44.6671 18.7454 -3.8780
v 44.4176 18.7604 -5.9455
v 42.0505 18.6111 -4.6120
v 42.6028 18.6280 -3.6297
v 44.6671 18.7454 -3.8780
v 42.2812 20.0423 -4.6295
v 43.2930 20.1161 -5.9206
v 43.2759 22.9351 -4.7287
v 43.2930 20.1161 -5.9206
v 44.5830 20.1733 -4.9064
v 43.2759 22.9351 -4.7287
v 44.5830 20.1733 -4.9064
v 43.5712 20.0995 -3.6153
v 43.2759 22.9351 -4.7287
v 43.5712 20.0995 -3.6153
v 42.2812 20.0423 -4.6295
v 43.2759 22.9351 -4.7287
v 42.2812 20.0423 -4.6295
v 44.5830 20.1733 -4.9064
v 43.2930 20.1161 -5.9206
v 42.2812 20.0423 -4.6295
v 43.5712 20.0995 -3.6153
v 44.5830 20.1733 -4.9064
v 42.7087 21.4928 -5.2557
v 43.8601 21.5584 -5.3942
v 43.1978 24.3487 -4.7091
v 43.8601 21.5584 -5.3942
v 43.9993 21.5500 -4.2410
v 43.1978 24.3487 -4.7091
v 43.9993 21.5500 -4.2410
v 42.8479 21.4845 -4.1025
v 43.1978 24.3487 -4.7091
v 42.8479 21.4845 -4.1025
v 42.7087 21.4928 -5.2557
v 43.1978 24.3487 -4.7091
v 42.7087 21.4928 -5.2557
v 43.9993 21.5500 -4.2410
v 43.8601 21.5584 -5.3942
v 42.7087 21.4928 -5.2557
v 42.8479 21.4845 -4.1025
v 43.9993 21.5500 -4.2410
v 20.3318 13.9535 31.4365
v 20.3819 13.9893 32.4550
v 18.9466 16.4414 31.9282
v 20.3819 13.9893 32.4550
v 18.6821 13.8932 33.2649
v 18.9466 16.4414 31.9282
v 18.6821 13.8932 33.2649
v 17.8777 13.7816 31.5633
v 18.9466 16.4414 31.9282
v 17.8777 13.7816 31.5633
v 19.5775 13.8778 30.7534
v 18.9466 16.4414 31.9282
v 19.5775 13.8778 30.7534
v 20.3318 13.9535 31.4365
v 18.9466 16.4414 31.9282
v 20.3318 13.9535 31.4365
v 18.6821 13.8932 33.2649
v 20.3819 13.9893 32.4550
v 20.3318 13.9535 31.4365
v 17.8777 13.7816 31.5633
v 18.6821 13.8932 33.2649
v 20.3318 13.9535 31.4365
v 19.5775 13.8778 30.7534
v 17.8777 13.7816 31.5633
v 19.9859 15.2171 31.5171
v 19.4867 15.2256 32.9173
v 18.8551 17.7194 31.8877
v 19.4867 15.2256 32.9173
v 18.0905 15.1098 32.4202
v 18.8551 17.7194 31.8877
v 18.0905 15.1098 32.4202
v 18.5898 15.1013 31.0200
v 18.8551 17.7194 31.8877
v 18.5898 15.1013 31.0200
v 19.9859 15.2171 31.5171
v 18.8551 17.7194 31.8877
v 19.9859 15.2171 31.5171
v 18.0905 15.1098 32.4202
v 19.4867 15.2256 32.9173
v 19.9859 15.2171 31.5171
v 18.5898 15.1013 31.0200
v 18.0905 15.1098 32.4202
v 19.6451 16.4993 32.1768
v 18.6969 16.4457 32.6286
v 18.7635 18.9974 31.8472
v 18.6969 16.4457 32.6286
v 18.2482 16.3835 31.6795
v 18.7635 18.9974 31.8472
v 18.2482 16.3835 31.6795
v 19.1964 16.4371 31.2277
v 18.7635 18.9974 31.8472
v 19.1964 16.4371 31.2277
v 19.6451 16.4993 32.1768
v 18.7635 18.9974 31.8472
v 19.6451 16.4993 32.1768
v 18.2482 16.3835 31.6795
v 18.6969 16.4457 32.6286
v 19.6451 16.4993 32.1768
v 19.1964 16.4371 31.2277
v 18.2482 16.3835 31.6795
v 30.1392 20.2117 -41.3743
v 30.4816 20.1480 -41.9729
v 31.2037 21.8588 -41.3415
v 30.4816 20.1480 -41.9729
v 31.7449 20.0313 -41.8044
v 31.2037 21.8588 -41.3415
v 31.7449 20.0313 -41.8044
v 31.5832 20.1105 -40.5374
v 31.2037 21.8588 -41.3415
v 31.5832 20.1105 -40.5374
v 30.3199 20.2272 -40.7059
v 31.2037 21.8588 -41.3415
v 30.3199 20.2272 -40.7059
v 30.1392 20.2117 -41.3743
v 31.2037 21.8588 -41.3415
v 30.1392 20.2117 -41.3743
v 31.7449 20.0313 -41.8044
v 30.4816 20.1480 -41.9729
v 30.1392 20.2117 -41.3743
v 31.5832 20.1105 -40.5374
v 31.7449 20.0313 -41.8044
v 30.1392 20.2117 -41.3743
v 30.3199 20.2272 -40.7059
v 31.5832 20.1105 -40.5374
v 30.4138 21.0591 -41.3923
v 31.2082 20.9499 -42.0047
v 31.2894 22.7237 -41.3846
v 31.2082 20.9499 -42.0047
v 31.8223 20.9290 -41.2044
v 31.2894 22.7237 -41.3846
v 31.8223 20.9290 -41.2044
v 31.0279 21.0382 -40.5919
v 31.2894 22.7237 -41.3846
v 31.0279 21.0382 -40.5919
v 30.4138 21.0591 -41.3923
v 31.2894 22.7237 -41.3846
v 30.4138 21.0591 -41.3923
v 31.8223 20.9290 -41.2044
v 31.2082 20.9499 -42.0047
v 30.4138 21.0591 -41.3923
v 31.0279 21.0382 -40.5919
v 31.8223 20.9290 -41.2044
v 30.8965 21.8693 -41.7418
v 31.6011 21.8042 -41.6478
v 31.3750 23.5885 -41.4278
v 31.6011 21.8042 -41.6478
v 31.5109 21.8484 -40.9411
v 31.3750 23.5885 -41.4278
v 31.5109 21.8484 -40.9411
v 30.8063 21.9135 -41.0351
v 31.3750 23.5885 -41.4278
v 30.8063 21.9135 -41.0351
v 30.8965 21.8693 -41.7418
v 31.3750 23.5885 -41.4278
v 30.8965 21.8693 -41.7418
v 31.5109 21.8484 -40.9411
v 31.6011 21.8042 -41.6478
v 30.8965 21.8693 -41.7418
v 30.8063 21.9135 -41.0351
v 31.5109 21.8484 -40.9411
v -1.4271 13.7436 26.6352
v -1.5108 13.8085 25.7309
v -0.2735 16.0144 26.2330
v -1.5108 13.8085 25.7309
v -0.0238 13.7951 24.9440
v -0.2735 16.0144 26.2330
v -0.0238 13.7951 24.9440
v 0.7596 13.6598 26.4268
v -0.2735 16.0144 26.2330
v 0.7596 13.6598 26.4268
v -0.7274 13.6732 27.2136
v -0.2735 16.0144 26.2330
v -0.7274 13.6732 27.2136
v -1.4271 13.7436 26.6352
v -0.2735 16.0144 26.2330
v -1.4271 13.7436 26.6352
v -0.0238 13.7951 24.9440
v -1.5108 13.8085 25.7309
v -1.4271 13.7436 26.6352
v 0.7596 13.6598 26.4268
v -0.0238 13.7951 24.9440
v -1.4271 13.7436 26.6352
v -0.7274 13.6732 27.2136
v 0.7596 13.6598 26.4268
v -1.1536 14.8818 26.5946
v -0.7613 14.9498 25.3293
v -0.2224 17.1546 26.3101
v -0.7613 14.9498 25.3293
v 0.5045 14.8668 25.7172
v -0.2224 17.1546 26.3101
v 0.5045 14.8668 25.7172
v 0.1122 14.7988 26.9826
v -0.2224 17.1546 26.3101
v 0.1122 14.7988 26.9826
v -1.1536 14.8818 26.5946
v -0.2224 17.1546 26.3101
v -1.1536 14.8818 26.5946
v 0.5045 14.8668 25.7172
v -0.7613 14.9498 25.3293
v -1.1536 14.8818 26.5946
v 0.1122 14.7988 26.9826
v 0.5045 14.8668 25.7172
v -0.9067 16.0559 26.0389
v -0.0772 16.0485 25.6000
v -0.1714 18.2947 26.3872
v -0.0772 16.0485 25.6000
v 0.3597 15.9730 26.4271
v -0.1714 18.2947 26.3872
v 0.3597 15.9730 26.4271
v -0.4697 15.9804 26.8660
v -0.1714 18.2947 26.3872
v -0.4697 15.9804 26.8660
v -0.9067 16.0559 26.0389
v -0.1714 18.2947 26.3872
v -0.9067 16.0559 26.0389
v 0.3597 15.9730 26.4271
v -0.0772 16.0485 25.6000
v -0.9067 16.0559 26.0389
v -0.4697 15.9804 26.8660
v 0.3597 15.9730 26.4271
v 49.8640 21.2978 -28.3316
v 50.2962 21.1910 -29.5888
v 51.9214 24.4540 -28.5997
v 50.2962 21.1910 -29.5888
v 52.7443 20.9441 -29.7266
v 51.9214 24.4540 -28.5997
v 52.7443 20.9441 -29.7266
v 52.8939 21.0554 -27.2693
v 51.9214 24.4540 -28.5997
v 52.8939 21.0554 -27.2693
v 50.4458 21.3023 -27.1314
v 51.9214 24.4540 -28.5997
v 50.4458 21.3023 -27.1314
v 49.8640 21.2978 -28.3316
v 51.9214 24.4540 -28.5997
v 49.8640 21.2978 -28.3316
v 52.7443 20.9441 -29.7266
v 50.2962 21.1910 -29.5888
v 49.8640 21.2978 -28.3316
v 52.8939 21.0554 -27.2693
v 52.7443 20.9441 -29.7266
v 49.8640 21.2978 -28.3316
v 50.4458 21.3023 -27.1314
v 52.8939 21.0554 -27.2693
v 50.3933 22.9262 -28.4375
v 51.6748 22.7265 -29.8844
v 52.0845 26.1193 -28.6851
v 51.6748 22.7265 -29.8844
v 53.1230 22.6509 -28.5912
v 52.0845 26.1193 -28.6851
v 53.1230 22.6509 -28.5912
v 51.8416 22.8506 -27.1444
v 52.0845 26.1193 -28.6851
v 51.8416 22.8506 -27.1444
v 50.3933 22.9262 -28.4375
v 52.0845 26.1193 -28.6851
v 50.3933 22.9262 -28.4375
v 53.1230 22.6509 -28.5912
v 51.6748 22.7265 -29.8844
v 50.3933 22.9262 -28.4375
v 51.8416 22.8506 -27.1444
v 53.1230 22.6509 -28.5912
v 51.1969 24.4918 -29.2466
v 52.5624 24.3541 -29.3235
v 52.2477 27.7847 -28.7704
v 52.5624 24.3541 -29.3235
v 52.6458 24.4161 -27.9528
v 52.2477 27.7847 -28.7704
v 52.6458 24.4161 -27.9528
v 51.2803 24.5539 -27.8759
v 52.2477 27.7847 -28.7704
v 51.2803 24.5539 -27.8759
v 51.1969 24.4918 -29.2466
v 52.2477 27.7847 -28.7704
v 51.1969 24.4918 -29.2466
v 52.6458 24.4161 -27.9528
v 52.5624 24.3541 -29.3235
v 51.1969 24.4918 -29.2466
v 51.2803 24.5539 -27.8759
v 52.6458 24.4161 -27.9528
v 21.3807 18.1069 -15.3059
v 20.8694 18.1101 -16.1460
v 22.0724 20.6178 -16.2929
v 20.8694 18.1101 -16.1460
v 21.9412 18.1684 -17.6122
v 22.0724 20.6178 -16.2929
v 21.9412 18.1684 -17.6122
v 23.4078 18.1861 -16.5394
v 22.0724 20.6178 -16.2929
v 23.4078 18.1861 -16.5394
v 22.3360 18.1278 -15.0732
v 22.0724 20.6178 -16.2929
v 22.3360 18.1278 -15.0732
v 21.3807 18.1069 -15.3059
v 22.0724 20.6178 -16.2929
v 21.3807 18.1069 -15.3059
v 21.9412 18.1684 -17.6122
v 20.8694 18.1101 -16.1460
v 21.3807 18.1069 -15.3059
v 23.4078 18.1861 -16.5394
v 21.9412 18.1684 -17.6122
v 21.3807 18.1069 -15.3059
v 22.3360 18.1278 -15.0732
v 23.4078 18.1861 -16.5394
v 21.5079 19.3504 -15.5003
v 21.2878 19.3731 -16.9159
v 22.0393 21.8526 -16.2680
v 21.2878 19.3731 -16.9159
v 22.7031 19.4154 -17.1353
v 22.0393 21.8526 -16.2680
v 22.7031 19.4154 -17.1353
v 22.9232 19.3928 -15.7197
v 22.0393 21.8526 -16.2680
v 22.9232 19.3928 -15.7197
v 21.5079 19.3504 -15.5003
v 22.0393 21.8526 -16.2680
v 21.5079 19.3504 -15.5003
v 22.7031 19.4154 -17.1353
v 21.2878 19.3731 -16.9159
v 21.5079 19.3504 -15.5003
v 22.9232 19.3928 -15.7197
v 22.7031 19.4154 -17.1353
v 21.3644 20.5966 -16.1831
v 21.9623 20.6291 -17.0010
v 22.0062 23.0874 -16.2430
v 21.9623 20.6291 -17.0010
v 22.7803 20.6389 -16.4026
v 22.0062 23.0874 -16.2430
v 22.7803 20.6389 -16.4026
v 22.1825 20.6064 -15.5847
v 22.0062 23.0874 -16.2430
v 22.1825 20.6064 -15.5847
v 21.3644 20.5966 -16.1831
v 22.0062 23.0874 -16.2430
v 21.3644 20.5966 -16.1831
v 22.7803 20.6389 -16.4026
v 21.9623 20.6291 -17.0010
v 21.3644 20.5966 -16.1831
v 22.1825 20.6064 -15.5847
v 22.7803 20.6389 -16.4026
v 50.2887 15.1149 38.3992
v 50.0740 15.0664 39.7221
v 48.4636 18.4072 38.9035
v 50.0740 15.0664 39.7221
v 47.6638 14.9624 40.2884
v 48.4636 18.4072 38.9035
v 47.6638 14.9624 40.2884
v 47.0949 15.0164 37.8772
v 48.4636 18.4072 38.9035
v 47.0949 15.0164 37.8772
v 49.5051 15.1204 37.3109
v 48.4636 18.4072 38.9035
v 49.5051 15.1204 37.3109
v 50.2887 15.1149 38.3992
v 48.4636 18.4072 38.9035
v 50.2887 15.1149 38.3992
v 47.6638 14.9624 40.2884
v 50.0740 15.0664 39.7221
v 50.2887 15.1149 38.3992
v 47.0949 15.0164 37.8772
v 47.6638 14.9624 40.2884
v 50.2887 15.1149 38.3992
v 49.5051 15.1204 37.3109
v 47.0949 15.0164 37.8772
v 49.8678 16.7822 38.5358
v 48.8412 16.6942 40.1959
v 48.4032 20.0901 38.9555
v 48.8412 16.6942 40.1959
v 47.1803 16.6663 39.1673
v 48.4032 20.0901 38.9555
v 47.1803 16.6663 39.1673
v 48.2069 16.7544 37.5073
v 48.4032 20.0901 38.9555
v 48.2069 16.7544 37.5073
v 49.8678 16.7822 38.5358
v 48.4032 20.0901 38.9555
v 49.8678 16.7822 38.5358
v 47.1803 16.6663 39.1673
v 48.8412 16.6942 40.1959
v 49.8678 16.7822 38.5358
v 48.2069 16.7544 37.5073
v 47.1803 16.6663 39.1673
v 49.2945 18.4211 39.4181
v 47.9501 18.3631 39.7339
v 48.3428 21.7730 39.0074
v 47.9501 18.3631 39.7339
v 47.6328 18.3932 38.3890
v 48.3428 21.7730 39.0074
v 47.6328 18.3932 38.3890
v 48.9772 18.4512 38.0731
v 48.3428 21.7730 39.0074
v 48.9772 18.4512 38.0731
v 49.2945 18.4211 39.4181
v 48.3428 21.7730 39.0074
v 49.2945 18.4211 39.4181
v 47.6328 18.3932 38.3890
v 47.9501 18.3631 39.7339
v 49.2945 18.4211 39.4181
v 48.9772 18.4512 38.0731
v 47.6328 18.3932 38.3890
v 10.3436 19.1602 -35.1922
v 10.0621 19.0750 -33.9475
v 8.9503 22.4552 -34.6248
v 10.0621 19.0750 -33.9475
v 7.7397 19.2203 -33.5336
v 8.9503 22.4552 -34.6248
v 7.7397 19.2203 -33.5336
v 7.3410 19.4509 -35.8516
v 8.9503 22.4552 -34.6248
v 7.3410 19.4509 -35.8516
v 9.6633 19.3055 -36.2655
v 8.9503 22.4552 -34.6248
v 9.6633 19.3055 -36.2655
v 10.3436 19.1602 -35.1922
v 8.9503 22.4552 -34.6248
v 10.3436 19.1602 -35.1922
v 7.7397 19.2203 -33.5336
v 10.0621 19.0750 -33.9475
v 10.3436 19.1602 -35.1922
v 7.3410 19.4509 -35.8516
v 7.7397 19.2203 -33.5336
v 10.3436 19.1602 -35.1922
v 9.6633 19.3055 -36.2655
v 7.3410 19.4509 -35.8516
v 10.1207 20.7781 -34.9929
v 9.0482 20.7305 -33.4698
v 9.0747 24.0514 -34.4875
v 9.0482 20.7305 -33.4698
v 7.5312 20.9401 -34.5314
v 9.0747 24.0514 -34.4875
v 7.5312 20.9401 -34.5314
v 8.6036 20.9876 -36.0546
v 9.0747 24.0514 -34.4875
v 8.6036 20.9876 -36.0546
v 10.1207 20.7781 -34.9929
v 9.0747 24.0514 -34.4875
v 10.1207 20.7781 -34.9929
v 7.5312 20.9401 -34.5314
v 9.0482 20.7305 -33.4698
v 10.1207 20.7781 -34.9929
v 8.6036 20.9876 -36.0546
v 7.5312 20.9401 -34.5314
v 9.7092 22.3504 -34.0938
v 8.4138 22.4315 -33.8629
v 9.1991 25.6475 -34.3501
v 8.4138 22.4315 -33.8629
v 8.1914 22.5601 -35.1559
v 9.1991 25.6475 -34.3501
v 8.1914 22.5601 -35.1559
v 9.4868 22.4790 -35.3867
v 9.1991 25.6475 -34.3501
v 9.4868 22.4790 -35.3867
v 9.7092 22.3504 -34.0938
v 9.1991 25.6475 -34.3501
v 9.7092 22.3504 -34.0938
v 8.1914 22.5601 -35.1559
v 8.4138 22.4315 -33.8629
v 9.7092 22.3504 -34.0938
v 9.4868 22.4790 -35.3867
v 8.1914 22.5601 -35.1559
v 4.2720 14.1164 31.1738
v 3.2963 14.1895 32.1482
v 2.7465 17.6244 30.3615
v 3.2963 14.1895 32.1482
v 0.9411 14.2508 31.1689
v 2.7465 17.6244 30.3615
v 0.9411 14.2508 31.1689
v 1.9169 14.1299 28.8145
v 2.7465 17.6244 30.3615
v 1.9169 14.1299 28.8145
v 4.2721 14.0687 29.7938
v 2.7465 17.6244 30.3615
v 4.2721 14.0687 29.7938
v 4.2720 14.1164 31.1738
v 2.7465 17.6244 30.3615
v 4.2720 14.1164 31.1738
v 0.9411 14.2508 31.1689
v 3.2963 14.1895 32.1482
v 4.2720 14.1164 31.1738
v 1.9169 14.1299 28.8145
v 0.9411 14.2508 31.1689
v 4.2720 14.1164 31.1738
v 4.2721 14.0687 29.7938
v 1.9169 14.1299 28.8145
v 3.9897 15.8579 30.9674
v 2.1325 15.9594 31.7341
v 2.8165 19.3567 30.3016
v 2.1325 15.9594 31.7341
v 1.3634 15.9262 29.8754
v 2.8165 19.3567 30.3016
v 1.3634 15.9262 29.8754
v 3.2206 15.8247 29.1088
v 2.8165 19.3567 30.3016
v 3.2206 15.8247 29.1088
v 3.9897 15.8579 30.9674
v 2.8165 19.3567 30.3016
v 3.9897 15.8579 30.9674
v 1.3634 15.9262 29.8754
v 2.1325 15.9594 31.7341
v 3.9897 15.8579 30.9674
v 3.2206 15.8247 29.1088
v 1.3634 15.9262 29.8754
v 3.1312 17.6410 31.2913
v 1.8175 17.6752 30.7450
v 2.8864 21.0890 30.2417
v 1.8175 17.6752 30.7450
v 2.3618 17.6078 29.4317
v 2.8864 21.0890 30.2417
v 2.3618 17.6078 29.4317
v 3.6755 17.5736 29.9780
v 2.8864 21.0890 30.2417
v 3.6755 17.5736 29.9780
v 3.1312 17.6410 31.2913
v 2.8864 21.0890 30.2417
v 3.1312 17.6410 31.2913
v 2.3618 17.6078 29.4317
v 1.8175 17.6752 30.7450
v 3.1312 17.6410 31.2913
v 3.6755 17.5736 29.9780
v 2.3618 17.6078 29.4317
v 42.1083 16.7455 12.4551
v 41.8485 16.7225 13.2472
v 41.1534 18.8973 12.6434
v 41.8485 16.7225 13.2472
v 40.3149 16.8117 13.3676
v 41.1534 18.8973 12.6434
v 40.3149 16.8117 13.3676
v 40.1992 16.8946 11.8333
v 41.1534 18.8973 12.6434
v 40.1992 16.8946 11.8333
v 41.7328 16.8055 11.7129
v 41.1534 18.8973 12.6434
v 41.7328 16.8055 11.7129
v 42.1083 16.7455 12.4551
v 41.1534 18.8973 12.6434
v 42.1083 16.7455 12.4551
v 40.3149 16.8117 13.3676
v 41.8485 16.7225 13.2472
v 42.1083 16.7455 12.4551
v 40.1992 16.8946 11.8333
v 40.3149 16.8117 13.3676
v 42.1083 16.7455 12.4551
v 41.7328 16.8055 11.7129
v 40.1992 16.8946 11.8333
v 41.9437 17.8032 12.5247
v 41.1531 17.8067 13.4473
v 41.2182 19.9417 12.6950
v 41.1531 17.8067 13.4473
v 40.2336 17.9027 12.6590
v 41.2182 19.9417 12.6950
v 40.2336 17.9027 12.6590
v 41.0242 17.8992 11.7365
v 41.2182 19.9417 12.6950
v 41.0242 17.8992 11.7365
v 41.9437 17.8032 12.5247
v 41.2182 19.9417 12.6950
v 41.9437 17.8032 12.5247
v 40.2336 17.9027 12.6590
v 41.1531 17.8067 13.4473
v 41.9437 17.8032 12.5247
v 41.0242 17.8992 11.7365
v 40.2336 17.9027 12.6590
v 41.6134 18.8493 13.0378
v 40.7580 18.8991 13.1049
v 41.2830 20.9861 12.7466
v 40.7580 18.8991 13.1049
v 40.6935 18.9453 12.2491
v 41.2830 20.9861 12.7466
v 40.6935 18.9453 12.2491
v 41.5489 18.8956 12.1819
v 41.2830 20.9861 12.7466
v 41.5489 18.8956 12.1819
v 41.6134 18.8493 13.0378
v 41.2830 20.9861 12.7466
v 41.6134 18.8493 13.0378
v 40.6935 18.9453 12.2491
v 40.7580 18.8991 13.1049
v 41.6134 18.8493 13.0378
v 41.5489 18.8956 12.1819
v 40.6935 18.9453 12.2491
v 16.0709 20.1489 -43.1082
v 15.2627 19.9767 -42.2958
v 14.3557 22.9320 -43.3981
v 15.2627 19.9767 -42.2958
v 13.2902 19.8405 -43.1181
v 14.3557 22.9320 -43.3981
v 13.2902 19.8405 -43.1181
v 14.0897 20.1285 -45.0836
v 14.3557 22.9320 -43.3981
v 14.0897 20.1285 -45.0836
v 16.0622 20.2647 -44.2613
v 14.3557 22.9320 -43.3981
v 16.0622 20.2647 -44.2613
v 16.0709 20.1489 -43.1082
v 14.3557 22.9320 -43.3981
v 16.0709 20.1489 -43.1082
v 13.2902 19.8405 -43.1181
v 15.2627 19.9767 -42.2958
v 16.0709 20.1489 -43.1082
v 14.0897 20.1285 -45.0836
v 13.2902 19.8405 -43.1181
v 16.0709 20.1489 -43.1082
v 16.0622 20.2647 -44.2613
v 14.0897 20.1285 -45.0836
v 15.6157 21.5683 -43.0854
v 14.0702 21.3317 -42.4481
v 14.1955 24.3717 -43.2523
v 14.0702 21.3317 -42.4481
v 13.4163 21.4164 -44.0024
v 14.1955 24.3717 -43.2523
v 13.4163 21.4164 -44.0024
v 14.9617 21.6529 -44.6397
v 14.1955 24.3717 -43.2523
v 14.9617 21.6529 -44.6397
v 15.6157 21.5683 -43.0854
v 14.1955 24.3717 -43.2523
v 15.6157 21.5683 -43.0854
v 13.4163 21.4164 -44.0024
v 14.0702 21.3317 -42.4481
v 15.6157 21.5683 -43.0854
v 14.9617 21.6529 -44.6397
v 13.4163 21.4164 -44.0024
v 14.6829 22.8897 -42.6206
v 13.5826 22.8137 -43.0793
v 14.0353 25.8115 -43.1065
v 13.5826 22.8137 -43.0793
v 14.0286 22.9744 -44.1756
v 14.0353 25.8115 -43.1065
v 14.0286 22.9744 -44.1756
v 15.1288 23.0504 -43.7169
v 14.0353 25.8115 -43.1065
v 15.1288 23.0504 -43.7169
v 14.6829 22.8897 -42.6206
v 14.0353 25.8115 -43.1065
v 14.6829 22.8897 -42.6206
v 14.0286 22.9744 -44.1756
v 13.5826 22.8137 -43.0793
v 14.6829 22.8897 -42.6206
v 15.1288 23.0504 -43.7169
v 14.0286 22.9744 -44.1756
v 9.2902 17.5193 -19.1921
v 9.3285 17.5413 -19.9550
v 10.3755 19.3714 -19.4669
v 9.3285 17.5413 -19.9550
v 10.6547 17.4546 -20.4322
v 10.3755 19.3714 -19.4669
v 10.6547 17.4546 -20.4322
v 11.1273 17.3747 -19.1040
v 10.3755 19.3714 -19.4669
v 11.1273 17.3747 -19.1040
v 9.8012 17.4614 -18.6268
v 10.3755 19.3714 -19.4669
v 9.8012 17.4614 -18.6268
v 9.2902 17.5193 -19.1921
v 10.3755 19.3714 -19.4669
v 9.2902 17.5193 -19.1921
v 10.6547 17.4546 -20.4322
v 9.3285 17.5413 -19.9550
v 9.2902 17.5193 -19.1921
v 11.1273 17.3747 -19.1040
v 10.6547 17.4546 -20.4322
v 9.2902 17.5193 -19.1921
v 9.8012 17.4614 -18.6268
v 11.1273 17.3747 -19.1040
v 9.5623 18.4630 -19.2322
v 10.0382 18.4593 -20.2387
v 10.4493 20.3282 -19.4356
v 10.0382 18.4593 -20.2387
v 11.0411 18.3664 -19.7642
v 10.4493 20.3282 -19.4356
v 11.0411 18.3664 -19.7642
v 10.5652 18.3702 -18.7577
v 10.4493 20.3282 -19.4356
v 10.5652 18.3702 -18.7577
v 9.5623 18.4630 -19.2322
v 10.4493 20.3282 -19.4356
v 9.5623 18.4630 -19.2322
v 11.0411 18.3664 -19.7642
v 10.0382 18.4593 -20.2387
v 9.5623 18.4630 -19.2322
v 10.5652 18.3702 -18.7577
v 11.0411 18.3664 -19.7642
v 9.8738 19.4179 -19.7043
v 10.6135 19.3696 -19.9704
v 10.5231 21.2849 -19.4043
v 10.6135 19.3696 -19.9704
v 10.8772 19.3250 -19.2296
v 10.5231 21.2849 -19.4043
v 10.8772 19.3250 -19.2296
v 10.1375 19.3733 -18.9634
v 10.5231 21.2849 -19.4043
v 10.1375 19.3733 -18.9634
v 9.8738 19.4179 -19.7043
v 10.5231 21.2849 -19.4043
v 9.8738 19.4179 -19.7043
v 10.8772 19.3250 -19.2296
v 10.6135 19.3696 -19.9704
v 9.8738 19.4179 -19.7043
v 10.1375 19.3733 -18.9634
v 10.8772 19.3250 -19.2296
vt 0.00000 1.00000
vt 0.00000 1.00000
vt 0.00000 1.00000
vt 0.00000 1.00000
vt 0.00000 1.00000
vt 0.00000 1.00000
vt 0.00000 1.00000
vt 0.00000 1.00000
vt 0.00000 1.00000
vt 0.00000 1.00000
vt 0.00000 1.00000
vt 0.00000 1.00000
vt 0.00000 1.00000
vt 0.00000 1.00000
vt 0.00000 1.00000
vt 0.00000 1.00000
vt 0.00000 1.00000
vt 0.00000 1.00000
vt 0.00000 1.00000
vt 0.00000 1.00000
vt 0.00000 1.00000
vt 0.00000 1.00000
vt 0.00000 1.00000
vt 0.00000 1.00000
vt 0.00000 1.00000
vt 0.00000 1.00000
vt 0.00000 1.00000
vt 0.00000 1.00000
vt 0.00000 1.00000
vt 0.00000 1.00000
vt 0.00000 1.00000
vt 0.00000 1.00000
vt 0.00000 1.00000
vt 0.00000 1.00000
vt 0.00000 1.00000
vt 0.00000 1.00000
vt 0.00000 1.00000
vt 0.00000 1.00000
vt 0.00000 1.00000
vt 0.00000 1.00000
vt 0.00000 1.00000
vt 0.00000 1.00000
vt 0.00000 1.00000
vt 0.00000 1.00000
vt 0.00000 1.00000
vt 0.00000 1.00000
vt 0.00000 1.00000
vt 0.00000 1.00000
vt 0.00000 1.00000
vt 0.00000 1.00000
vt 0.00000 1.00000
vt 0.00000 1.00000
vt 0.00000 1.00000
vt 0.00000 1.00000
vt 0.00000 1.00000
vt 0.00000 1.00000
vt 0.00000 1.00000
vt 0.00000 1.00000
vt 0.00000 1.00000
vt 0.00000 1.00000
vt 0.00000 1.00000
vt 0.00000 1.00000
vt 0.00000 1.00000
vt 0.00000 1.00000
vt 0.00000 1.00000
vt 0.00000 1.00000
vt 0.00000 1.00000
vt 0.00000 1.00000
vt 0.00000 1.00000
vt 0.00000 1.00000
vt 0.00000 1.00000
vt 0.00000 1.00000
vt 0.00000 1.00000
vt 0.00000 1.00000
vt 0.00000 1.00000
vt 0.00000 1.00000
vt 0.00000 1.00000
vt 0.00000 1.00000
vt 0.00000 1.00000
vt 0.00000 1.00000
vt 0.00000 1.00000
vt 0.00000 1.00000
vt 0.00000 1.00000
vt 0.00000 1.00000
vt 0.00000 1.00000
vt 0.00000 1.00000
vt 0.00000 1.00000
vt 0.00000 1.00000
vt 0.00000 1.00000
vt 0.00000 1.00000
vt 0.00000 1.00000
vt 0.00000 1.00000
vt 0.00000 1.00000
vt 0.00000 1.00000
vt 0.00000 1.00000
vt 0.00000 1.00000
vt 0.00000 1.00000
vt 0.00000 1.00000
vt 0.00000 1.00000
vt 0.00000 1.00000
vt 0.00000 1.00000
vt 0.00000 1.00000
vt 0.00000 1.00000
vt 0.00000 1.00000
vt 0.00000 1.00000
vt 0.00000 1.00000
vt 0.00000 1.00000
vt 0.00000 1.00000
vt 0.00000 1.00000
vt 0.00000 1.00000
vt 0.00000 1.00000
vt 0.00000 1.00000
vt 0.00000 1.00000
vt 0.00000 1.00000
vt 0.00000 1.00000
vt 0.00000 1.00000
vt 0.00000 1.00000
vt 0.00000 1.00000
vt 0.00000 1.00000
vt 0.00000 1.00000
vt 0.00000 1.00000
vt 0.00000 1.00000
vt 0.00000 1.00000
vt 0.00000 1.00000
vt 0.00000 1.00000
vt 0.00000 1.00000
vt 0.00000 1.00000
vt 0.00000 1.00000
vt 0.00000 1.00000
vt 0.00000 1.00000
vt 0.00000 1.00000
vt 0.00000 1.00000
vt 0.00000 1.00000
vt 0.00000 1.00000
vt 0.00000 1.00000
vt 0.00000 1.00000
vt 0.00000 1.00000
vt 0.00000 1.00000
vt 0.00000 1.00000
vt 0.00000 1.00000
vt 0.00000 1.00000
vt 0.00000 1.00000
vt 0.00000 1.00000
vt 0.00000 1.00000
vt 0.00000 1.00000
vt 0.00000 1.00000
vt 0.00000 1.00000
vt 0.00000 1.00000
vt 0.00000 1.00000
vt 0.00000 1.00000
vt 0.00000 1.00000
vt 0.00000 1.00000
vt 0.00000 1.00000
vt 0.00000 1.00000
vt 0.00000 1.00000
vt 0.00000 1.00000
vt 0.00000 1.00000
vt 0.00000 1.00000
vt 0.00000 1.00000
vt 0.00000 1.00000
vt 0.00000 1.00000
vt 0.00000 1.00000
vt 0.00000 1.00000
vt 0.00000 1.00000
vt 0.00000 1.00000
vt 0.00000 1.00000
vt 0.00000 1.00000
vt 0.00000 1.00000
vt 0.00000 1.00000
vt 0.00000 1.00000
vt 0.00000 1.00000
vt 0.00000 1.00000
vt 0.00000 1.00000
vt 0.00000 1.00000
vt 0.00000 1.00000
vt 0.00000 1.00000
vt 0.00000 1.00000
vt 0.00000 1.00000
vt 0.00000 1.00000
vt 0.00000 1.00000
vt 0.00000 1.00000
vt 0.00000 1.00000
vt 0.00000 1.00000
vt 0.00000 1.00000
vt 0.00000 1.00000
vt 0.00000 1.00000
vt 0.00000 1.00000
vt 0.00000 1.00000
vt 0.00000 1.00000
vt 0.00000 1.00000
vt 0.00000 1.00000
vt 0.00000 1.00000
vt 0.00000 1.00000
vt 0.00000 1.00000
vt 0.00000 1.00000
vt 0.00000 1.00000
vt 0.00000 1.00000
vt 0.00000 1.00000
vt 0.00000 1.00000
vt 0.00000 1.00000
vt 0.00000 1.00000
vt 0.00000 1.00000
vt 0.00000 1.00000
vt 0.00000 1.00000
vt 0.00000 1.00000
vt 0.00000 1.00000
vt 0.00000 1.00000
vt 0.00000 1.00000
vt 0.00000 1.00000
vt 0.00000 1.00000
vt 0.00000 1.00000
vt 0.00000 1.00000
vt 0.00000 1.00000
vt 0.00000 1.00000
vt 0.00000 1.00000
vt 0.00000 1.00000
vt 0.00000 1.00000
vt 0.00000 1.00000
vt 0.00000 1.00000
vt 0.00000 1.00000
vt 0.00000 1.00000
vt 0.00000 1.00000
vt 0.00000 1.00000
vt 0.00000 1.00000
vt 0.00000 1.00000
vt 0.00000 1.00000
vt 0.00000 1.00000
vt 0.00000 1.00000
vt 0.00000 1.00000
vt 0.00000 1.00000
vt 0.00000 1.00000
vt 0.00000 1.00000
vt 0.00000 1.00000
vt 0.00000 1.00000
vt 0.00000 1.00000
vt 0.00000 1.00000
vt 0.00000 1.00000
vt 0.00000 1.00000
vt 0.00000 1.00000
vt 0.00000 1.00000
vt 0.00000 1.00000
vt 0.00000 1.00000
vt 0.00000 1.00000
vt 0.00000 1.00000
vt 0.00000 1.00000
vt 0.00000 1.00000
vt 0.00000 1.00000
vt 0.00000 1.00000
vt 0.00000 1.00000
vt 0.00000 1.00000
vt 0.00000 1.00000
vt 0.00000 1.00000
vt 0.00000 1.00000
vt 0.00000 1.00000
vt 0.00000 1.00000
vt 0.00000 1.00000
vt 0.00000 1.00000
vt 0.00000 1.00000
vt 0.00000 1.00000
vt 0.00000 1.00000
vt 0.00000 1.00000
vt 0.00000 1.00000
vt 0.00000 1.00000
vt 0.00000 1.00000
vt 0.00000 1.00000
vt 0.00000 1.00000
vt 0.00000 1.00000
vt 0.00000 1.00000
vt 0.00000 1.00000
vt 0.00000 1.00000
vt 0.00000 1.00000
vt 0.00000 1.00000
vt 0.00000 1.00000
vt 0.00000 1.00000
vt 0.00000 1.00000
vt 0.00000 1.00000
vt 0.00000 1.00000
vt 0.00000 1.00000
vt 0.00000 1.00000
vt 0.00000 1.00000
vt 0.00000 1.00000
vt 0.00000 1.00000
vt 0.00000 1.00000
vt 0.00000 1.00000
vt 0.00000 1.00000
vt 0.00000 1.00000
vt 0.00000 1.00000
vt 0.00000 1.00000
vt 0.00000 1.00000
vt 0.00000 1.00000
vt 0.00000 1.00000
vt 0.00000 1.00000
vt 0.00000 1.00000
vt 0.00000 1.00000
vt 0.00000 1.00000
vt 0.00000 1.00000
vt 0.00000 1.00000
vt 0.00000 1.00000
vt 0.00000 1.00000
vt 0.00000 1.00000
vt 0.00000 1.00000
vt 0.00000 1.00000
vt 0.00000 1.00000
vt 0.00000 1.00000
vt 0.00000 1.00000
vt 0.00000 1.00000
vt 0.00000 1.00000
vt 0.00000 1.00000
vt 0.00000 1.00000
vt 0.00000 1.00000
vt 0.00000 1.00000
vt 0.00000 1.00000
vt 0.00000 1.00000
vt 0.00000 1.00000
vt 0.00000 1.00000
vt 0.00000 1.00000
vt 0.00000 1.00000
vt 0.00000 1.00000
vt 0.00000 1.00000
vt 0.00000 1.00000
vt 0.00000 1.00000
vt 0.00000 1.00000
vt 0.00000 1.00000
vt 0.00000 1.00000
vt 0.00000 1.00000
vt 0.00000 1.00000
vt 0.00000 1.00000
vt 0.00000 1.00000
vt 0.00000 1.00000
vt 0.00000 1.00000
vt 0.00000 1.00000
vt 0.00000 1.00000
vt 0.00000 1.00000
vt 0.00000 1.00000
vt 0.00000 1.00000
vt 0.00000 1.00000
vt 0.00000 1.00000
vt 0.00000 1.00000
vt 0.00000 1.00000
vt 0.00000 1.00000
vt 0.00000 1.00000
vt 0.00000 1.00000
vt 0.00000 1.00000
vt 0.00000 1.00000
vt 0.00000 1.00000
vt 0.00000 1.00000
vt 0.00000 1.00000
vt 0.00000 1.00000
vt 0.00000 1.00000
vt 0.00000 1.00000
vt 0.00000 1.00000
vt 0.00000 1.00000
vt 0.00000 1.00000
vt 0.00000 1.00000
vt 0.00000 1.00000
vt 0.00000 1.00000
vt 0.00000 1.00000
vt 0.00000 1.00000
vt 0.00000 1.00000
vt 0.00000 1.00000
vt 0.00000 1.00000
vt 0.00000 1.00000
vt 0.00000 1.00000
vt 0.00000 1.00000
vt 0.00000 1.00000
vt 0.00000 1.00000
vt 0.00000 1.00000
vt 0.00000 1.00000
vt 0.00000 1.00000
vt 0.00000 1.00000
vt 0.00000 1.00000
vt 0.00000 1.00000
vt 0.00000 1.00000
vt 0.00000 1.00000
vt 0.00000 1.00000
vt 0.00000 1.00000
vt 0.00000 1.00000
vt 0.00000 1.00000
vt 0.00000 1.00000
vt 0.00000 1.00000
vt 0.00000 1.00000
vt 0.00000 1.00000
vt 0.00000 1.00000
vt 0.00000 1.00000
vt 0.00000 1.00000
vt 0.00000 1.00000
vt 0.00000 1.00000
vt 0.00000 1.00000
vt 0.00000 1.00000
vt 0.00000 1.00000
vt 0.00000 1.00000
vt 0.00000 1.00000
vt 0.00000 1.00000
vt 0.00000 1.00000
vt 0.00000 1.00000
vt 0.00000 1.00000
vt 0.00000 1.00000
vt 0.00000 1.00000
vt 0.00000 1.00000
vt 0.00000 1.00000
vt 0.00000 1.00000
vt 0.00000 1.00000
vt 0.00000 1.00000
vt 0.00000 1.00000
vt 0.00000 1.00000
vt 0.00000 1.00000
vt 0.00000 1.00000
vt 0.00000 1.00000
vt 0.00000 1.00000
vt 0.00000 1.00000
vt 0.00000 1.00000
vt 0.00000 1.00000
vt 0.00000 1.00000
vt 0.00000 1.00000
vt 0.00000 1.00000
vt 0.00000 1.00000
vt 0.00000 1.00000
vt 0.00000 1.00000
vt 0.00000 1.00000
vt 0.00000 1.00000
vt 0.00000 1.00000
vt 0.00000 1.00000
vt 0.00000 1.00000
vt 0.00000 1.00000
vt 0.00000 1.00000
vt 0.00000 1.00000
vt 0.00000 1.00000
vt 0.00000 1.00000
vt 0.00000 1.00000
vt 0.00000 1.00000
vt 0.00000 1.00000
vt 0.00000 1.00000
vt 0.00000 1.00000
vt 0.00000 1.00000
vt 0.00000 1.00000
vt 0.00000 1.00000
vt 0.00000 1.00000
vt 0.00000 1.00000
vt 0.00000 1.00000
vt 0.00000 1.00000
vt 0.00000 1.00000
vt 0.00000 1.00000
vt 0.00000 1.00000
vt 0.00000 1.00000
vt 0.00000 1.00000
vt 0.00000 1.00000
vt 0.00000 1.00000
vt 0.00000 1.00000
vt 0.00000 1.00000
vt 0.00000 1.00000
vt 0.00000 1.00000
vt 0.00000 1.00000
vt 0.00000 1.00000
vt 0.00000 1.00000
vt 0.00000 1.00000
vt 0.00000 1.00000
vt 0.00000 1.00000
vt 0.00000 1.00000
vt 0.00000 1.00000
vt 0.00000 1.00000
vt 0.00000 1.00000
vt 0.00000 1.00000
vt 0.00000 1.00000
vt 0.00000 1.00000
vt 0.00000 1.00000
vt 0.00000 1.00000
vt 0.00000 1.00000
vt 0.00000 1.00000
vt 0.00000 1.00000
vt 0.00000 1.00000
vt 0.00000 1.00000
vt 0.00000 1.00000
vt 0.00000 1.00000
vt 0.00000 1.00000
vt 0.00000 1.00000
vt 0.00000 1.00000
vt 0.00000 1.00000
vt 0.00000 1.00000
vt 0.00000 1.00000
vt 0.00000 1.00000
vt 0.00000 1.00000
vt 0.00000 1.00000
vt 0.00000 1.00000
vt 0.00000 1.00000
vt 0.00000 1.00000
vt 0.00000 1.00000
vt 0.00000 1.00000
vt 0.00000 1.00000
vt 0.00000 1.00000
vt 0.00000 1.00000
vt 0.00000 1.00000
vt 0.00000 1.00000
vt 0.00000 1.00000
vt 0.00000 1.00000
vt 0.00000 1.00000
vt 0.00000 1.00000
vt 0.00000 1.00000
vt 0.00000 1.00000
vt 0.00000 1.00000
vt 0.00000 1.00000
vt 0.00000 1.00000
vt 0.00000 1.00000
vt 0.00000 1.00000
vt 0.00000 1.00000
vt 0.00000 1.00000
vt 0.00000 1.00000
vt 0.00000 1.00000
vt 0.00000 1.00000
vt 0.00000 1.00000
vt 0.00000 1.00000
vt 0.00000 1.00000
vt 0.00000 1.00000
vt 0.00000 1.00000
vt 0.00000 1.00000
vt 0.00000 1.00000
vt 0.00000 1.00000
vt 0.00000 1.00000
vt 0.00000 1.00000
vt 0.00000 1.00000
vt 0.00000 1.00000
vt 0.00000 1.00000
vt 0.00000 1.00000
vt 0.00000 1.00000
vt 0.00000 1.00000
vt 0.00000 1.00000
vt 0.00000 1.00000
vt 0.00000 1.00000
vt 0.00000 1.00000
vt 0.00000 1.00000
vt 0.00000 1.00000
vt 0.00000 1.00000
vt 0.00000 1.00000
vt 0.00000 1.00000
vt 0.00000 1.00000
vt 0.00000 1.00000
vt 0.00000 1.00000
vt 0.00000 1.00000
vt 0.00000 1.00000
vt 0.00000 1.00000
vt 0.00000 1.00000
vt 0.00000 1.00000
vt 0.00000 1.00000
vt 0.00000 1.00000
vt 0.00000 1.00000
vt 0.00000 1.00000
vt 0.00000 1.00000
vt 0.00000 1.00000
vt 0.00000 1.00000
vt 0.00000 1.00000
vt 0.00000 1.00000
vt 0.00000 1.00000
vt 0.00000 1.00000
vt 0.00000 1.00000
vt 0.00000 1.00000
vt 0.00000 1.00000
vt 0.00000 1.00000
vt 0.00000 1.00000
vt 0.00000 1.00000
vt 0.00000 1.00000
vt 0.00000 1.00000
vt 0.00000 1.00000
vt 0.00000 1.00000
vt 0.00000 1.00000
vt 0.00000 1.00000
vt 0.00000 1.00000
vt 0.00000 1.00000
vt 0.00000 1.00000
vt 0.00000 1.00000
vt 0.00000 1.00000
vt 0.00000 1.00000
vt 0.00000 1.00000
vt 0.00000 1.00000
vt 0.00000 1.00000
vt 0.00000 1.00000
vt 0.00000 1.00000
vt 0.00000 1.00000
vt 0.00000 1.00000
vt 0.00000 1.00000
vt 0.00000 1.00000
vt 0.00000 1.00000
vt 0.00000 1.00000
vt 0.00000 1.00000
vt 0.00000 1.00000
vt 0.00000 1.00000
vt 0.00000 1.00000
vt 0.00000 1.00000
vt 0.00000 1.00000
vt 0.00000 1.00000
vt 0.00000 1.00000
vt 0.00000 1.00000
vt 0.00000 1.00000
vt 0.00000 1.00000
vt 0.00000 1.00000
vt 0.00000 1.00000
vt 0.00000 1.00000
vt 0.00000 1.00000
vt 0.00000 1.00000
vt 0.00000 1.00000
vt 0.00000 1.00000
vt 0.00000 1.00000
vt 0.00000 1.00000
vt 0.00000 1.00000
vt 0.00000 1.00000
vt 0.00000 1.00000
vt 0.00000 1.00000
vt 0.00000 1.00000
vt 0.00000 1.00000
vt 0.00000 1.00000
vt 0.00000 1.00000
vt 0.00000 1.00000
vt 0.00000 1.00000
vt 0.00000 1.00000
vt 0.00000 1.00000
vt 0.00000 1.00000
vt 0.00000 1.00000
vt 0.00000 1.00000
vt 0.00000 1.00000
vt 0.00000 1.00000
vt 0.00000 1.00000
vt 0.00000 1.00000
vt 0.00000 1.00000
vt 0.00000 1.00000
vt 0.00000 1.00000
vt 0.00000 1.00000
vt 0.00000 1.00000
vt 0.00000 1.00000
vt 0.00000 1.00000
vt 0.00000 1.00000
vt 0.00000 1.00000
vt 0.00000 1.00000
vt 0.00000 1.00000
vt 0.00000 1.00000
vt 0.00000 1.00000
vt 0.00000 1.00000
vt 0.00000 1.00000
vt 0.00000 1.00000
vt 0.00000 1.00000
vt 0.00000 1.00000
vt 0.00000 1.00000
vt 0.00000 1.00000
vt 0.00000 1.00000
vt 0.00000 1.00000
vt 0.00000 1.00000
vt 0.00000 1.00000
vt 0.00000 1.00000
vt 0.00000 1.00000
vt 0.00000 1.00000
vt 0.00000 1.00000
vt 0.00000 1.00000
vt 0.00000 1.00000
vt 0.00000 1.00000
vt 0.00000 1.00000
vt 0.00000 1.00000
vt 0.00000 1.00000
vt 0.00000 1.00000
vt 0.00000 1.00000
vt 0.00000 1.00000
vt 0.00000 1.00000
vt 0.00000 1.00000
vt 0.00000 1.00000
vt 0.00000 1.00000
vt 0.00000 1.00000
vt 0.00000 1.00000
vt 0.00000 1.00000
vt 0.00000 1.00000
vt 0.00000 1.00000
vt 0.00000 1.00000
vt 0.00000 1.00000
vt 0.00000 1.00000
vt 0.00000 1.00000
vt 0.00000 1.00000
vt 0.00000 1.00000
vt 0.00000 1.00000
vt 0.00000 1.00000
vt 0.00000 1.00000
vt 0.00000 1.00000
vt 0.00000 1.00000
vt 0.00000 1.00000
vt 0.00000 1.00000
vt 0.00000 1.00000
vt 0.00000 1.00000
vt 0.00000 1.00000
vt 0.00000 1.00000
vt 0.00000 1.00000
vt 0.00000 1.00000
vt 0.00000 1.00000
vt 0.00000 1.00000
vt 0.00000 1.00000
vt 0.00000 1.00000
vt 0.00000 1.00000
vt 0.00000 1.00000
vt 0.00000 1.00000
vt 0.00000 1.00000
vt 0.00000 1.00000
vt 0.00000 1.00000
vt 0.00000 1.00000
vt 0.00000 1.00000
vt 0.00000 1.00000
vt 0.00000 1.00000
vt 0.00000 1.00000
vt 0.00000 1.00000
vt 0.00000 1.00000
vt 0.00000 1.00000
vt 0.00000 1.00000
vt 0.00000 1.00000
vt 0.00000 1.00000
vt 0.00000 1.00000
vt 0.00000 1.00000
vt 0.00000 1.00000
vt 0.00000 1.00000
vt 0.00000 1.00000
vt 0.00000 1.00000
vt 0.00000 1.00000
vt 0.00000 1.00000
vt 0.00000 1.00000
vt 0.00000 1.00000
vt 0.00000 1.00000
vt 0.00000 1.00000
vt 0.00000 1.00000
vt 0.00000 1.00000
vt 0.00000 1.00000
vt 0.00000 1.00000
vt 0.00000 1.00000
vt 0.00000 1.00000
vt 0.00000 1.00000
vt 0.00000 1.00000
vt 0.00000 1.00000
vt 0.00000 1.00000
vt 0.00000 1.00000
vt 0.00000 1.00000
vt 0.00000 1.00000
vt 0.00000 1.00000
vt 0.00000 1.00000
vt 0.00000 1.00000
vt 0.00000 1.00000
vt 0.00000 1.00000
vt 0.00000 1.00000
vt 0.00000 1.00000
vt 0.00000 1.00000
vt 0.00000 1.00000
vt 0.00000 1.00000
vt 0.00000 1.00000
vt 0.00000 1.00000
vt 0.00000 1.00000
vt 0.00000 1.00000
vt 0.00000 1.00000
vt 0.00000 1.00000
vt 0.00000 1.00000
vt 0.00000 1.00000
vt 0.00000 1.00000
vt 0.00000 1.00000
vt 0.00000 1.00000
vt 0.00000 1.00000
vt 0.00000 1.00000
vt 0.00000 1.00000
vt 0.00000 1.00000
vt 0.00000 1.00000
vt 0.00000 1.00000
vt 0.00000 1.00000
vt 0.00000 1.00000
vt 0.00000 1.00000
vt 0.00000 1.00000
vt 0.00000 1.00000
vt 0.00000 1.00000
vt 0.00000 1.00000
vt 0.00000 1.00000
vt 0.00000 1.00000
vt 0.00000 1.00000
vt 0.00000 1.00000
vt 0.00000 1.00000
vt 0.00000 1.00000
vt 0.00000 1.00000
vt 0.00000 1.00000
vt 0.00000 1.00000
vt 0.00000 1.00000
vt 0.00000 1.00000
vt 0.00000 1.00000
vt 0.00000 1.00000
vt 0.00000 1.00000
vt 0.00000 1.00000
vt 0.00000 1.00000
vt 0.00000 1.00000
vt 0.00000 1.00000
vt 0.00000 1.00000
vt 0.00000 1.00000
vt 0.00000 1.00000
vt 0.00000 1.00000
vt 0.00000 1.00000
vt 0.00000 1.00000
vt 0.00000 1.00000
vt 0.00000 1.00000
vt 0.00000 1.00000
vt 0.00000 1.00000
vt 0.00000 1.00000
vt 0.00000 1.00000
vt 0.00000 1.00000
vt 0.00000 1.00000
vt 0.00000 1.00000
vt 0.00000 1.00000
vt 0.00000 1.00000
vt 0.00000 1.00000
vt 0.00000 1.00000
vt 0.00000 1.00000
vt 0.00000 1.00000
vt 0.00000 1.00000
vt 0.00000 1.00000
vt 0.00000 1.00000
vt 0.00000 1.00000
vt 0.00000 1.00000
vt 0.00000 1.00000
vt 0.00000 1.00000
vt 0.00000 1.00000
vt 0.00000 1.00000
vt 0.00000 1.00000
vt 0.00000 1.00000
vt 0.00000 1.00000
vt 0.00000 1.00000
vt 0.00000 1.00000
vt 0.00000 1.00000
vt 0.00000 1.00000
vt 0.00000 1.00000
vt 0.00000 1.00000
vt 0.00000 1.00000
vt 0.00000 1.00000
vt 0.00000 1.00000
vt 0.00000 1.00000
vt 0.00000 1.00000
vt 0.00000 1.00000
vt 0.00000 1.00000
vt 0.00000 1.00000
vt 0.00000 1.00000
vt 0.00000 1.00000
vt 0.00000 1.00000
vt 0.00000 1.00000
vt 0.00000 1.00000
vt 0.00000 1.00000
vt 0.00000 1.00000
vt 0.00000 1.00000
vt 0.00000 1.00000
vt 0.00000 1.00000
vt 0.00000 1.00000
vt 0.00000 1.00000
vt 0.00000 1.00000
vt 0.00000 1.00000
vt 0.00000 1.00000
vt 0.00000 1.00000
vt 0.00000 1.00000
vt 0.00000 1.00000
vt 0.00000 1.00000
vt 0.00000 1.00000
vt 0.00000 1.00000
vt 0.00000 1.00000
vt 0.00000 1.00000
vt 0.00000 1.00000
vt 0.00000 1.00000
vt 0.00000 1.00000
vt 0.00000 1.00000
vt 0.00000 1.00000
vt 0.00000 1.00000
vt 0.00000 1.00000
vt 0.00000 1.00000
vt 0.00000 1.00000
vt 0.00000 1.00000
vt 0.00000 1.00000
vt 0.00000 1.00000
vt 0.00000 1.00000
vt 0.00000 1.00000
vt 0.00000 1.00000
vt 0.00000 1.00000
vt 0.00000 1.00000
vt 0.00000 1.00000
vt 0.00000 1.00000
vt 0.00000 1.00000
vt 0.00000 1.00000
vt 0.00000 1.00000
vt 0.00000 1.00000
vt 0.00000 1.00000
vt 0.00000 1.00000
vt 0.00000 1.00000
vt 0.00000 1.00000
vt 0.00000 1.00000
vt 0.00000 1.00000
vt 0.00000 1.00000
vt 0.00000 1.00000
vt 0.00000 1.00000
vt 0.00000 1.00000
vt 0.00000 1.00000
vt 0.00000 1.00000
vt 0.00000 1.00000
vt 0.00000 1.00000
vt 0.00000 1.00000
vt 0.00000 1.00000
vt 0.00000 1.00000
vt 0.00000 1.00000
vt 0.00000 1.00000
vt 0.00000 1.00000
vt 0.00000 1.00000
vt 0.00000 1.00000
vt 0.00000 1.00000
vt 0.00000 1.00000
vt 0.00000 1.00000
vt 0.00000 1.00000
vt 0.00000 1.00000
vt 0.00000 1.00000
vt 0.00000 1.00000
vt 0.00000 1.00000
vt 0.00000 1.00000
vt 0.00000 1.00000
vt 0.00000 1.00000
vt 0.00000 1.00000
vt 0.00000 1.00000
vt 0.00000 1.00000
vt 0.00000 1.00000
vt 0.00000 1.00000
vt 0.00000 1.00000
vt 0.00000 1.00000
vt 0.00000 1.00000
vt 0.00000 1.00000
vt 0.00000 1.00000
vt 0.00000 1.00000
vt 0.00000 1.00000
vt 0.00000 1.00000
vt 0.00000 1.00000
vt 0.00000 1.00000
vt 0.00000 1.00000
vt 0.00000 1.00000
vt 0.00000 1.00000
vt 0.00000 1.00000
vt 0.00000 1.00000
vt 0.00000 1.00000
vt 0.00000 1.00000
vt 0.00000 1.00000
vt 0.00000 1.00000
vt 0.00000 1.00000
vt 0.00000 1.00000
vt 0.00000 1.00000
vt 0.00000 1.00000
vt 0.00000 1.00000
vt 0.00000 1.00000
vt 0.00000 1.00000
vt 0.00000 1.00000
vt 0.00000 1.00000
vt 0.00000 1.00000
vt 0.00000 1.00000
vt 0.00000 1.00000
vt 0.00000 1.00000
vt 0.00000 1.00000
vt 0.00000 1.00000
vt 0.00000 1.00000
vt 0.00000 1.00000
vt 0.00000 1.00000
vt 0.00000 1.00000
vt 0.00000 1.00000
vt 0.00000 1.00000
vt 0.00000 1.00000
vt 0.00000 1.00000
vt 0.00000 1.00000
vt 0.00000 1.00000
vt 0.00000 1.00000
vt 0.00000 1.00000
vt 0.00000 1.00000
vt 0.00000 1.00000
vt 0.00000 1.00000
vt 0.00000 1.00000
vt 0.00000 1.00000
vt 0.00000 1.00000
vt 0.00000 1.00000
vt 0.00000 1.00000
vt 0.00000 1.00000
vt 0.00000 1.00000
vt 0.00000 1.00000
vt 0.00000 1.00000
vt 0.00000 1.00000
vt 0.00000 1.00000
vt 0.00000 1.00000
vt 0.00000 1.00000
vt 0.00000 1.00000
vt 0.00000 1.00000
vt 0.00000 1.00000
vt 0.00000 1.00000
vt 0.00000 1.00000
vt 0.00000 1.00000
vt 0.00000 1.00000
vt 0.00000 1.00000
vt 0.00000 1.00000
vt 0.00000 1.00000
vt 0.00000 1.00000
vt 0.00000 1.00000
vt 0.00000 1.00000
vt 0.00000 1.00000
vt 0.00000 1.00000
vt 0.00000 1.00000
vt 0.00000 1.00000
vt 0.00000 1.00000
vt 0.00000 1.00000
vt 0.00000 1.00000
vt 0.00000 1.00000
vt 0.00000 1.00000
vt 0.00000 1.00000
vt 0.00000 1.00000
vt 0.00000 1.00000
vt 0.00000 1.00000
vt 0.00000 1.00000
vt 0.00000 1.00000
vt 0.00000 1.00000
vt 0.00000 1.00000
vt 0.00000 1.00000
vt 0.00000 1.00000
vt 0.00000 1.00000
vt 0.00000 1.00000
vt 0.00000 1.00000
vt 0.00000 1.00000
vt 0.00000 1.00000
vt 0.00000 1.00000
vt 0.00000 1.00000
vt 0.00000 1.00000
vt 0.00000 1.00000
vt 0.00000 1.00000
vt 0.00000 1.00000
vt 0.00000 1.00000
vt 0.00000 1.00000
vt 0.00000 1.00000
vt 0.00000 1.00000
vt 0.00000 1.00000
vt 0.00000 1.00000
vt 0.00000 1.00000
vt 0.00000 1.00000
vt 0.00000 1.00000
vt 0.00000 1.00000
vt 0.00000 1.00000
vt 0.00000 1.00000
vt 0.00000 1.00000
vt 0.00000 1.00000
vt 0.00000 1.00000
vt 0.00000 1.00000
vt 0.00000 1.00000
vt 0.00000 1.00000
vt 0.00000 1.00000
vt 0.00000 1.00000
vt 0.00000 1.00000
vt 0.00000 1.00000
vt 0.00000 1.00000
vt 0.00000 1.00000
vt 0.00000 1.00000
vt 0.00000 1.00000
vt 0.00000 1.00000
vt 0.00000 1.00000
vt 0.00000 1.00000
vt 0.00000 1.00000
vt 0.00000 1.00000
vt 0.00000 1.00000
vt 0.00000 1.00000
vt 0.00000 1.00000
vt 0.00000 1.00000
vt 0.00000 1.00000
vt 0.00000 1.00000
vt 0.00000 1.00000
vt 0.00000 1.00000
vt 0.00000 1.00000
vt 0.00000 1.00000
vt 0.00000 1.00000
vt 0.00000 1.00000
vt 0.00000 1.00000
vt 0.00000 1.00000
vt 0.00000 1.00000
vt 0.00000 1.00000
vt 0.00000 1.00000
vt 0.00000 1.00000
vt 0.00000 1.00000
vt 0.00000 1.00000
vt 0.00000 1.00000
vt 0.00000 1.00000
vt 0.00000 1.00000
vt 0.00000 1.00000
vt 0.00000 1.00000
vt 0.00000 1.00000
vt 0.00000 1.00000
vt 0.00000 1.00000
vt 0.00000 1.00000
vt 0.00000 1.00000
vt 0.00000 1.00000
vt 0.00000 1.00000
vt 0.00000 1.00000
vt 0.00000 1.00000
vt 0.00000 1.00000
vt 0.00000 1.00000
vt 0.00000 1.00000
vt 0.00000 1.00000
vt 0.00000 1.00000
vt 0.00000 1.00000
vt 0.00000 1.00000
vt 0.00000 1.00000
vt 0.00000 1.00000
vt 0.00000 1.00000
vt 0.00000 1.00000
vt 0.00000 1.00000
vt 0.00000 1.00000
vt 0.00000 1.00000
vt 0.00000 1.00000
vt 0.00000 1.00000
vt 0.00000 1.00000
vt 0.00000 1.00000
vt 0.00000 1.00000
vt 0.00000 1.00000
vt 0.00000 1.00000
vt 0.00000 1.00000
vt 0.00000 1.00000
vt 0.00000 1.00000
vt 0.00000 1.00000
vt 0.00000 1.00000
vt 0.00000 1.00000
vt 0.00000 1.00000
vt 0.00000 1.00000
vt 0.00000 1.00000
vt 0.00000 1.00000
vt 0.00000 1.00000
vt 0.00000 1.00000
vt 0.00000 1.00000
vt 0.00000 1.00000
vt 0.00000 1.00000
vt 0.00000 1.00000
vt 0.00000 1.00000
vt 0.00000 1.00000
vt 0.00000 1.00000
vt 0.00000 1.00000
vt 0.00000 1.00000
vt 0.00000 1.00000
vt 0.00000 1.00000
vt 0.00000 1.00000
vt 0.00000 1.00000
vt 0.00000 1.00000
vt 0.00000 1.00000
vt 0.00000 1.00000
vt 0.00000 1.00000
vt 0.00000 1.00000
vt 0.00000 1.00000
vt 0.00000 1.00000
vt 0.00000 1.00000
vt 0.00000 1.00000
vt 0.00000 1.00000
vt 0.00000 1.00000
vt 0.00000 1.00000
vt 0.00000 1.00000
vt 0.00000 1.00000
vt 0.00000 1.00000
vt 0.00000 1.00000
vt 0.00000 1.00000
vt 0.00000 1.00000
vt 0.00000 1.00000
vt 0.00000 1.00000
vt 0.00000 1.00000
vt 0.00000 1.00000
vt 0.00000 1.00000
vt 0.00000 1.00000
vt 0.00000 1.00000
vt 0.00000 1.00000
vt 0.00000 1.00000
vt 0.00000 1.00000
vt 0.00000 1.00000
vt 0.00000 1.00000
vt 0.00000 1.00000
vt 0.00000 1.00000
vt 0.00000 1.00000
vt 0.00000 1.00000
vt 0.00000 1.00000
vt 0.00000 1.00000
vt 0.00000 1.00000
vt 0.00000 1.00000
vt 0.00000 1.00000
vt 0.00000 1.00000
vt 0.00000 1.00000
vt 0.00000 1.00000
vt 0.00000 1.00000
vt 0.00000 1.00000
vt 0.00000 1.00000
vt 0.00000 1.00000
vt 0.00000 1.00000
vt 0.00000 1.00000
vt 0.00000 1.00000
vt 0.00000 1.00000
vt 0.00000 1.00000
vt 0.00000 1.00000
vt 0.00000 1.00000
vt 0.00000 1.00000
vt 0.00000 1.00000
vt 0.00000 1.00000
vt 0.00000 1.00000
vt 0.00000 1.00000
vt 0.00000 1.00000
vt 0.00000 1.00000
vt 0.00000 1.00000
vt 0.00000 1.00000
vt 0.00000 1.00000
vt 0.00000 1.00000
vt 0.00000 1.00000
vt 0.00000 1.00000
vt 0.00000 1.00000
vt 0.00000 1.00000
vt 0.00000 1.00000
vt 0.00000 1.00000
vt 0.00000 1.00000
vt 0.00000 1.00000
vt 0.00000 1.00000
vt 0.00000 1.00000
vt 0.00000 1.00000
vt 0.00000 1.00000
vt 0.00000 1.00000
vt 0.00000 1.00000
vt 0.00000 1.00000
vt 0.00000 1.00000
vt 0.00000 1.00000
vt 0.00000 1.00000
vt 0.00000 1.00000
vt 0.00000 1.00000
vt 0.00000 1.00000
vt 0.00000 1.00000
vt 0.00000 1.00000
vt 0.00000 1.00000
vt 0.00000 1.00000
vt 0.00000 1.00000
vt 0.00000 1.00000
vt 0.00000 1.00000
vt 0.00000 1.00000
vt 0.00000 1.00000
vt 0.00000 1.00000
vt 0.00000 1.00000
vt 0.00000 1.00000
vt 0.00000 1.00000
vt 0.00000 1.00000
vt 0.00000 1.00000
vt 0.00000 1.00000
vt 0.00000 1.00000
vt 0.00000 1.00000
vt 0.00000 1.00000
vt 0.00000 1.00000
vt 0.00000 1.00000
vt 0.00000 1.00000
vt 0.00000 1.00000
vt 0.00000 1.00000
vt 0.00000 1.00000
vt 0.00000 1.00000
vt 0.00000 1.00000
vt 0.00000 1.00000
vt 0.00000 1.00000
vt 0.00000 1.00000
vt 0.00000 1.00000
vt 0.00000 1.00000
vt 0.00000 1.00000
vt 0.00000 1.00000
vt 0.00000 1.00000
vt 0.00000 1.00000
vt 0.00000 1.00000
vt 0.00000 1.00000
vt 0.00000 1.00000
vt 0.00000 1.00000
vt 0.00000 1.00000
vt 0.00000 1.00000
vt 0.00000 1.00000
vt 0.00000 1.00000
vt 0.00000 1.00000
vt 0.00000 1.00000
vt 0.00000 1.00000
vt 0.00000 1.00000
vt 0.00000 1.00000
vt 0.00000 1.00000
vt 0.00000 1.00000
vt 0.00000 1.00000
vt 0.00000 1.00000
vt 0.00000 1.00000
vt 0.00000 1.00000
vt 0.00000 1.00000
vt 0.00000 1.00000
vt 0.00000 1.00000
vt 0.00000 1.00000
vt 0.00000 1.00000
vt 0.00000 1.00000
vt 0.00000 1.00000
vt 0.00000 1.00000
vt 0.00000 1.00000
vt 0.00000 1.00000
vt 0.00000 1.00000
vt 0.00000 1.00000
vt 0.00000 1.00000
vt 0.00000 1.00000
vt 0.00000 1.00000
vt 0.00000 1.00000
vt 0.00000 1.00000
vt 0.00000 1.00000
vt 0.00000 1.00000
vt 0.00000 1.00000
vt 0.00000 1.00000
vt 0.00000 1.00000
vt 0.00000 1.00000
vt 0.00000 1.00000
vt 0.00000 1.00000
vt 0.00000 1.00000
vt 0.00000 1.00000
vt 0.00000 1.00000
vt 0.00000 1.00000
vt 0.00000 1.00000
vt 0.00000 1.00000
vt 0.00000 1.00000
vt 0.00000 1.00000
vt 0.00000 1.00000
vt 0.00000 1.00000
vt 0.00000 1.00000
vt 0.00000 1.00000
vt 0.00000 1.00000
vt 0.00000 1.00000
vt 0.00000 1.00000
vt 0.00000 1.00000
vt 0.00000 1.00000
vt 0.00000 1.00000
vt 0.00000 1.00000
vt 0.00000 1.00000
vt 0.00000 1.00000
vt 0.00000 1.00000
vt 0.00000 1.00000
vt 0.00000 1.00000
vt 0.00000 1.00000
vt 0.00000 1.00000
vt 0.00000 1.00000
vt 0.00000 1.00000
vt 0.00000 1.00000
vt 0.00000 1.00000
vt 0.00000 1.00000
vt 0.00000 1.00000
vt 0.00000 1.00000
vt 0.00000 1.00000
vt 0.00000 1.00000
vt 0.00000 1.00000
vt 0.00000 1.00000
vt 0.00000 1.00000
vt 0.00000 1.00000
vt 0.00000 1.00000
vt 0.00000 1.00000
vt 0.00000 1.00000
vt 0.00000 1.00000
vt 0.00000 1.00000
vt 0.00000 1.00000
vt 0.00000 1.00000
vt 0.00000 1.00000
vt 0.00000 1.00000
vt 0.00000 1.00000
vt 0.00000 1.00000
vt 0.00000 1.00000
vt 0.00000 1.00000
vt 0.00000 1.00000
vt 0.00000 1.00000
vt 0.00000 1.00000
vt 0.00000 1.00000
vt 0.00000 1.00000
vt 0.00000 1.00000
vt 0.00000 1.00000
vt 0.00000 1.00000
vt 0.00000 1.00000
vt 0.00000 1.00000
vt 0.00000 1.00000
vt 0.00000 1.00000
vt 0.00000 1.00000
vt 0.00000 1.00000
vt 0.00000 1.00000
vt 0.00000 1.00000
vt 0.00000 1.00000
vt 0.00000 1.00000
vt 0.00000 1.00000
vt 0.00000 1.00000
vt 0.00000 1.00000
vt 0.00000 1.00000
vt 0.00000 1.00000
vt 0.00000 1.00000
vt 0.00000 1.00000
vt 0.00000 1.00000
vt 0.00000 1.00000
vt 0.00000 1.00000
vt 0.00000 1.00000
vt 0.00000 1.00000
vt 0.00000 1.00000
vt 0.00000 1.00000
vt 0.00000 1.00000
vt 0.00000 1.00000
vt 0.00000 1.00000
vt 0.00000 1.00000
vt 0.00000 1.00000
vt 0.00000 1.00000
vt 0.00000 1.00000
vt 0.00000 1.00000
vt 0.00000 1.00000
vt 0.00000 1.00000
vt 0.00000 1.00000
vt 0.00000 1.00000
vt 0.00000 1.00000
vt 0.00000 1.00000
vt 0.00000 1.00000
vt 0.00000 1.00000
vt 0.00000 1.00000
vt 0.00000 1.00000
vt 0.00000 1.00000
vt 0.00000 1.00000
vt 0.00000 1.00000
vt 0.00000 1.00000
vt 0.00000 1.00000
vt 0.00000 1.00000
vt 0.00000 1.00000
vt 0.00000 1.00000
vt 0.00000 1.00000
vt 0.00000 1.00000
vt 0.00000 1.00000
vt 0.00000 1.00000
vt 0.00000 1.00000
vt 0.00000 1.00000
vt 0.00000 1.00000
vt 0.00000 1.00000
vt 0.00000 1.00000
vt 0.00000 1.00000
vt 0.00000 1.00000
vt 0.00000 1.00000
vt 0.00000 1.00000
vt 0.00000 1.00000
vt 0.00000 1.00000
vt 0.00000 1.00000
vt 0.00000 1.00000
vt 0.00000 1.00000
vt 0.00000 1.00000
vt 0.00000 1.00000
vt 0.00000 1.00000
vt 0.00000 1.00000
vt 0.00000 1.00000
vt 0.00000 1.00000
vt 0.00000 1.00000
vt 0.00000 1.00000
vt 0.00000 1.00000
vt 0.00000 1.00000
vt 0.00000 1.00000
vt 0.00000 1.00000
vt 0.00000 1.00000
vt 0.00000 1.00000
vt 0.00000 1.00000
vt 0.00000 1.00000
vt 0.00000 1.00000
vt 0.00000 1.00000
vt 0.00000 1.00000
vt 0.00000 1.00000
vt 0.00000 1.00000
vt 0.00000 1.00000
vt 0.00000 1.00000
vt 0.00000 1.00000
vt 0.00000 1.00000
vt 0.00000 1.00000
vt 0.00000 1.00000
vt 0.00000 1.00000
vt 0.00000 1.00000
vt 0.00000 1.00000
vt 0.00000 1.00000
vt 0.00000 1.00000
vt 0.00000 1.00000
vt 0.00000 1.00000
vt 0.00000 1.00000
vt 0.00000 1.00000
vt 0.00000 1.00000
vt 0.00000 1.00000
vt 0.00000 1.00000
vt 0.00000 1.00000
vt 0.00000 1.00000
vt 0.00000 1.00000
vt 0.00000 1.00000
vt 0.00000 1.00000
vt 0.00000 1.00000
vt 0.00000 1.00000
vt 0.00000 1.00000
vt 0.00000 1.00000
vt 0.00000 1.00000
vt 0.00000 1.00000
vt 0.00000 1.00000
vt 0.00000 1.00000
vt 0.00000 1.00000
vt 0.00000 1.00000
vt 0.00000 1.00000
vt 0.00000 1.00000
vt 0.00000 1.00000
vt 0.00000 1.00000
vt 0.00000 1.00000
vt 0.00000 1.00000
vt 0.00000 1.00000
vt 0.00000 1.00000
vt 0.00000 1.00000
vt 0.00000 1.00000
vt 0.00000 1.00000
vt 0.00000 1.00000
vt 0.00000 1.00000
vt 0.00000 1.00000
vt 0.00000 1.00000
vt 0.00000 1.00000
vt 0.00000 1.00000
vt 0.00000 1.00000
vt 0.00000 1.00000
vt 0.00000 1.00000
vt 0.00000 1.00000
vt 0.00000 1.00000
vt 0.00000 1.00000
vt 0.00000 1.00000
vt 0.00000 1.00000
vt 0.00000 1.00000
vt 0.00000 1.00000
vt 0.00000 1.00000
vt 0.00000 1.00000
vt 0.00000 1.00000
vt 0.00000 1.00000
vt 0.00000 1.00000
vt 0.00000 1.00000
vt 0.00000 1.00000
vt 0.00000 1.00000
vt 0.00000 1.00000
vt 0.00000 1.00000
vt 0.00000 1.00000
vt 0.00000 1.00000
vt 0.00000 1.00000
vt 0.00000 1.00000
vt 0.00000 1.00000
vt 0.00000 1.00000
vt 0.00000 1.00000
vt 0.00000 1.00000
vt 0.00000 1.00000
vt 0.00000 1.00000
vt 0.00000 1.00000
vt 0.00000 1.00000
vt 0.00000 1.00000
vt 0.00000 1.00000
vt 0.00000 1.00000
vt 0.00000 1.00000
vt 0.00000 1.00000
vt 0.00000 1.00000
vt 0.00000 1.00000
vt 0.00000 1.00000
vt 0.00000 1.00000
vt 0.00000 1.00000
vt 0.00000 1.00000
vt 0.00000 1.00000
vt 0.00000 1.00000
vt 0.00000 1.00000
vt 0.00000 1.00000
vt 0.00000 1.00000
vt 0.00000 1.00000
vt 0.00000 1.00000
vt 0.00000 1.00000
vt 0.00000 1.00000
vt 0.00000 1.00000
vt 0.00000 1.00000
vt 0.00000 1.00000
vt 0.00000 1.00000
vt 0.00000 1.00000
vt 0.00000 1.00000
vt 0.00000 1.00000
vt 0.00000 1.00000
vt 0.00000 1.00000
vt 0.00000 1.00000
vt 0.00000 1.00000
vt 0.00000 1.00000
vt 0.00000 1.00000
vt 0.00000 1.00000
vt 0.00000 1.00000
vt 0.00000 1.00000
vt 0.00000 1.00000
vt 0.00000 1.00000
vt 0.00000 1.00000
vt 0.00000 1.00000
vt 0.00000 1.00000
vt 0.00000 1.00000
vt 0.00000 1.00000
vt 0.00000 1.00000
vt 0.00000 1.00000
vt 0.00000 1.00000
vt 0.00000 1.00000
vt 0.00000 1.00000
vt 0.00000 1.00000
vt 0.00000 1.00000
vt 0.00000 1.00000
vt 0.00000 1.00000
vt 0.00000 1.00000
vt 0.00000 1.00000
vt 0.00000 1.00000
vt 0.00000 1.00000
vt 0.00000 1.00000
vt 0.00000 1.00000
vt 0.00000 1.00000
vt 0.00000 1.00000
vt 0.00000 1.00000
vt 0.00000 1.00000
vt 0.00000 1.00000
vt 0.00000 1.00000
vt 0.00000 1.00000
vt 0.00000 1.00000
vt 0.00000 1.00000
vt 0.00000 1.00000
vt 0.00000 1.00000
vt 0.00000 1.00000
vt 0.00000 1.00000
vt 0.00000 1.00000
vt 0.00000 1.00000
vt 0.00000 1.00000
vt 0.00000 1.00000
vt 0.00000 1.00000
vt 0.00000 1.00000
vt 0.00000 1.00000
vt 0.00000 1.00000
vt 0.00000 1.00000
vt 0.00000 1.00000
vt 0.00000 1.00000
vt 0.00000 1.00000
vt 0.00000 1.00000
vt 0.00000 1.00000
vt 0.00000 1.00000
vt 0.00000 1.00000
vt 0.00000 1.00000
vt 0.00000 1.00000
vt 0.00000 1.00000
vt 0.00000 1.00000
vt 0.00000 1.00000
vt 0.00000 1.00000
vt 0.00000 1.00000
vt 0.00000 1.00000
vt 0.00000 1.00000
vt 0.00000 1.00000
vt 0.00000 1.00000
vt 0.00000 1.00000
vt 0.00000 1.00000
vt 0.00000 1.00000
vt 0.00000 1.00000
vt 0.00000 1.00000
vt 0.00000 1.00000
vt 0.00000 1.00000
vt 0.00000 1.00000
vt 0.00000 1.00000
vt 0.00000 1.00000
vt 0.00000 1.00000
vt 0.00000 1.00000
vt 0.00000 1.00000
vt 0.00000 1.00000
vt 0.00000 1.00000
vt 0.00000 1.00000
vt 0.00000 1.00000
vt 0.00000 1.00000
vt 0.00000 1.00000
vt 0.00000 1.00000
vt 0.00000 1.00000
vt 0.00000 1.00000
vt 0.00000 1.00000
vt 0.00000 1.00000
vt 0.00000 1.00000
vt 0.00000 1.00000
vt 0.00000 1.00000
vt 0.00000 1.00000
vt 0.00000 1.00000
vt 0.00000 1.00000
vt 0.00000 1.00000
vt 0.00000 1.00000
vt 0.00000 1.00000
vt 0.00000 1.00000
vt 0.00000 1.00000
vt 0.00000 1.00000
vt 0.00000 1.00000
vt 0.00000 1.00000
vt 0.00000 1.00000
vt 0.00000 1.00000
vt 0.00000 1.00000
vt 0.00000 1.00000
vt 0.00000 1.00000
vt 0.00000 1.00000
vt 0.00000 1.00000
vt 0.00000 1.00000
vt 0.00000 1.00000
vt 0.00000 1.00000
vt 0.00000 1.00000
vt 0.00000 1.00000
vt 0.00000 1.00000
vt 0.00000 1.00000
vt 0.00000 1.00000
vt 0.00000 1.00000
vt 0.00000 1.00000
vt 0.00000 1.00000
vt 0.00000 1.00000
vt 0.00000 1.00000
vt 0.00000 1.00000
vt 0.00000 1.00000
vt 0.00000 1.00000
vt 0.00000 1.00000
vt 0.00000 1.00000
vt 0.00000 1.00000
vt 0.00000 1.00000
vt 0.00000 1.00000
vt 0.00000 1.00000
vt 0.00000 1.00000
vt 0.00000 1.00000
vt 0.00000 1.00000
vt 0.00000 1.00000
vt 0.00000 1.00000
vt 0.00000 1.00000
vt 0.00000 1.00000
vt 0.00000 1.00000
vt 0.00000 1.00000
vt 0.00000 1.00000
vt 0.00000 1.00000
vt 0.00000 1.00000
vt 0.00000 1.00000
vt 0.00000 1.00000
vt 0.00000 1.00000
vt 0.00000 1.00000
vt 0.00000 1.00000
vt 0.00000 1.00000
vt 0.00000 1.00000
vt 0.00000 1.00000
vt 0.00000 1.00000
vt 0.00000 1.00000
vt 0.00000 1.00000
vt 0.00000 1.00000
vt 0.00000 1.00000
vt 0.00000 1.00000
vt 0.00000 1.00000
vt 0.00000 1.00000
vt 0.00000 1.00000
vt 0.00000 1.00000
vt 0.00000 1.00000
vt 0.00000 1.00000
vt 0.00000 1.00000
vt 0.00000 1.00000
vt 0.00000 1.00000
vt 0.00000 1.00000
vt 0.00000 1.00000
vt 0.00000 1.00000
vt 0.00000 1.00000
vt 0.00000 1.00000
vt 0.00000 1.00000
vt 0.00000 1.00000
vt 0.00000 1.00000
vt 0.00000 1.00000
vt 0.00000 1.00000
vt 0.00000 1.00000
vt 0.00000 1.00000
vt 0.00000 1.00000
vt 0.00000 1.00000
vt 0.00000 1.00000
vt 0.00000 1.00000
vt 0.00000 1.00000
vt 0.00000 1.00000
vt 0.00000 1.00000
vt 0.00000 1.00000
vt 0.00000 1.00000
vt 0.00000 1.00000
vt 0.00000 1.00000
vt 0.00000 1.00000
vt 0.00000 1.00000
vt 0.00000 1.00000
vt 0.00000 1.00000
vt 0.00000 1.00000
vt 0.00000 1.00000
vt 0.00000 1.00000
vt 0.00000 1.00000
vt 0.00000 1.00000
vt 0.00000 1.00000
vt 0.00000 1.00000
vt 0.00000 1.00000
vt 0.00000 1.00000
vt 0.00000 1.00000
vt 0.00000 1.00000
vt 0.00000 1.00000
vt 0.00000 1.00000
vt 0.00000 1.00000
vt 0.00000 1.00000
vt 0.00000 1.00000
vt 0.00000 1.00000
vt 0.00000 1.00000
vt 0.00000 1.00000
vt 0.00000 1.00000
vt 0.00000 1.00000
vt 0.00000 1.00000
vt 0.00000 1.00000
vt 0.00000 1.00000
vt 0.00000 1.00000
vt 0.00000 1.00000
vt 0.00000 1.00000
vt 0.00000 1.00000
vt 0.00000 1.00000
vt 0.00000 1.00000
vt 0.00000 1.00000
vt 0.00000 1.00000
vt 0.00000 1.00000
vt 0.00000 1.00000
vt 0.00000 1.00000
vt 0.00000 1.00000
vt 0.00000 1.00000
vt 0.00000 1.00000
vt 0.00000 1.00000
vt 0.00000 1.00000
vt 0.00000 1.00000
vt 0.00000 1.00000
vt 0.00000 1.00000
vt 0.00000 1.00000
vt 0.00000 1.00000
vt 0.00000 1.00000
vt 0.00000 1.00000
vt 0.00000 1.00000
vt 0.00000 1.00000
vt 0.00000 1.00000
vt 0.00000 1.00000
vt 0.00000 1.00000
vt 0.00000 1.00000
vt 0.00000 1.00000
vt 0.00000 1.00000
vt 0.00000 1.00000
vt 0.00000 1.00000
vt 0.00000 1.00000
vt 0.00000 1.00000
vt 0.00000 1.00000
vt 0.00000 1.00000
vt 0.00000 1.00000
vt 0.00000 1.00000
vt 0.00000 1.00000
vt 0.00000 1.00000
vt 0.00000 1.00000
vt 0.00000 1.00000
vt 0.00000 1.00000
vt 0.00000 1.00000
vt 0.00000 1.00000
vt 0.00000 1.00000
vt 0.00000 1.00000
vt 0.00000 1.00000
vt 0.00000 1.00000
vt 0.00000 1.00000
vt 0.00000 1.00000
vt 0.00000 1.00000
vt 0.00000 1.00000
vt 0.00000 1.00000
vt 0.00000 1.00000
vt 0.00000 1.00000
vt 0.00000 1.00000
vt 0.00000 1.00000
vt 0.00000 1.00000
vt 0.00000 1.00000
vt 0.00000 1.00000
vt 0.00000 1.00000
vt 0.00000 1.00000
vt 0.00000 1.00000
vt 0.00000 1.00000
vt 0.00000 1.00000
vt 0.00000 1.00000
vt 0.00000 1.00000
vt 0.00000 1.00000
vt 0.00000 1.00000
vt 0.00000 1.00000
vt 0.00000 1.00000
vt 0.00000 1.00000
vt 0.00000 1.00000
vt 0.00000 1.00000
vt 0.00000 1.00000
vt 0.00000 1.00000
vt 0.00000 1.00000
vt 0.00000 1.00000
vt 0.00000 1.00000
vt 0.00000 1.00000
vt 0.00000 1.00000
vt 0.00000 1.00000
vt 0.00000 1.00000
vt 0.00000 1.00000
vt 0.00000 1.00000
vt 0.00000 1.00000
vt 0.00000 1.00000
vt 0.00000 1.00000
vt 0.00000 1.00000
vt 0.00000 1.00000
vt 0.00000 1.00000
vt 0.00000 1.00000
vt 0.00000 1.00000
vt 0.00000 1.00000
vt 0.00000 1.00000
vt 0.00000 1.00000
vt 0.00000 1.00000
vt 0.00000 1.00000
vt 0.00000 1.00000
vt 0.00000 1.00000
vt 0.00000 1.00000
vt 0.00000 1.00000
vt 0.00000 1.00000
vt 0.00000 1.00000
vt 0.00000 1.00000
vt 0.00000 1.00000
vt 0.00000 1.00000
vt 0.00000 1.00000
vt 0.00000 1.00000
vt 0.00000 1.00000
vt 0.00000 1.00000
vt 0.00000 1.00000
vt 0.00000 1.00000
vt 0.00000 1.00000
vt 0.00000 1.00000
vt 0.00000 1.00000
vt 0.00000 1.00000
vt 0.00000 1.00000
vt 0.00000 1.00000
vt 0.00000 1.00000
vt 0.00000 1.00000
vt 0.00000 1.00000
vt 0.00000 1.00000
vt 0.00000 1.00000
vt 0.00000 1.00000
vt 0.00000 1.00000
vt 0.00000 1.00000
vt 0.00000 1.00000
vt 0.00000 1.00000
vt 0.00000 1.00000
vt 0.00000 1.00000
vt 0.00000 1.00000
vt 0.00000 1.00000
vt 0.00000 1.00000
vt 0.00000 1.00000
vt 0.00000 1.00000
vt 0.00000 1.00000
vt 0.00000 1.00000
vt 0.00000 1.00000
vt 0.00000 1.00000
vt 0.00000 1.00000
vt 0.00000 1.00000
vt 0.00000 1.00000
vt 0.00000 1.00000
vt 0.00000 1.00000
vt 0.00000 1.00000
vt 0.00000 1.00000
vt 0.00000 1.00000
vt 0.00000 1.00000
vt 0.00000 1.00000
vt 0.00000 1.00000
vt 0.00000 1.00000
vt 0.00000 1.00000
vt 0.00000 1.00000
vt 0.00000 1.00000
vt 0.00000 1.00000
vt 0.00000 1.00000
vt 0.00000 1.00000
vt 0.00000 1.00000
vt 0.00000 1.00000
vt 0.00000 1.00000
vt 0.00000 1.00000
vt 0.00000 1.00000
vt 0.00000 1.00000
vt 0.00000 1.00000
vt 0.00000 1.00000
vt 0.00000 1.00000
vt 0.00000 1.00000
vt 0.00000 1.00000
vt 0.00000 1.00000
vt 0.00000 1.00000
vt 0.00000 1.00000
vt 0.00000 1.00000
vt 0.00000 1.00000
vt 0.00000 1.00000
vt 0.00000 1.00000
vt 0.00000 1.00000
vt 0.00000 1.00000
vt 0.00000 1.00000
vt 0.00000 1.00000
vt 0.00000 1.00000
vt 0.00000 1.00000
vt 0.00000 1.00000
vt 0.00000 1.00000
vt 0.00000 1.00000
vt 0.00000 1.00000
vt 0.00000 1.00000
vt 0.00000 1.00000
vt 0.00000 1.00000
vt 0.00000 1.00000
vt 0.00000 1.00000
vt 0.00000 1.00000
vt 0.00000 1.00000
vt 0.00000 1.00000
vt 0.00000 1.00000
vt 0.00000 1.00000
vt 0.00000 1.00000
vt 0.00000 1.00000
vt 0.00000 1.00000
vt 0.00000 1.00000
vt 0.00000 1.00000
vt 0.00000 1.00000
vt 0.00000 1.00000
vt 0.00000 1.00000
vt 0.00000 1.00000
vt 0.00000 1.00000
vt 0.00000 1.00000
vt 0.00000 1.00000
vt 0.00000 1.00000
vt 0.00000 1.00000
vt 0.00000 1.00000
vt 0.00000 1.00000
vt 0.00000 1.00000
vt 0.00000 1.00000
vt 0.00000 1.00000
vt 0.00000 1.00000
vt 0.00000 1.00000
vt 0.00000 1.00000
vt 0.00000 1.00000
vt 0.00000 1.00000
vt 0.00000 1.00000
vt 0.00000 1.00000
vt 0.00000 1.00000
vt 0.00000 1.00000
vt 0.00000 1.00000
vt 0.00000 1.00000
vt 0.00000 1.00000
vt 0.00000 1.00000
vt 0.00000 1.00000
vt 0.00000 1.00000
vt 0.00000 1.00000
vt 0.00000 1.00000
vt 0.00000 1.00000
vt 0.00000 1.00000
vt 0.00000 1.00000
vt 0.00000 1.00000
vt 0.00000 1.00000
vt 0.00000 1.00000
vt 0.00000 1.00000
vt 0.00000 1.00000
vt 0.00000 1.00000
vt 0.00000 1.00000
vt 0.00000 1.00000
vt 0.00000 1.00000
vt 0.00000 1.00000
vt 0.00000 1.00000
vt 0.00000 1.00000
vt 0.00000 1.00000
vt 0.00000 1.00000
vt 0.00000 1.00000
vt 0.00000 1.00000
vt 0.00000 1.00000
vt 0.00000 1.00000
vt 0.00000 1.00000
vt 0.00000 1.00000
vt 0.00000 1.00000
vt 0.00000 1.00000
vt 0.00000 1.00000
vt 0.00000 1.00000
vt 0.00000 1.00000
vt 0.00000 1.00000
vt 0.00000 1.00000
vt 0.00000 1.00000
vt 0.00000 1.00000
vt 0.00000 1.00000
vt 0.00000 1.00000
vt 0.00000 1.00000
vt 0.00000 1.00000
vt 0.00000 1.00000
vt 0.00000 1.00000
vt 0.00000 1.00000
vt 0.00000 1.00000
vt 0.00000 1.00000
vt 0.00000 1.00000
vt 0.00000 1.00000
vt 0.00000 1.00000
vt 0.00000 1.00000
vt 0.00000 1.00000
vt 0.00000 1.00000
vt 0.00000 1.00000
vt 0.00000 1.00000
vt 0.00000 1.00000
vt 0.00000 1.00000
vt 0.00000 1.00000
vt 0.00000 1.00000
vt 0.00000 1.00000
vt 0.00000 1.00000
vt 0.00000 1.00000
vt 0.00000 1.00000
vt 0.00000 1.00000
vt 0.00000 1.00000
vt 0.00000 1.00000
vt 0.00000 1.00000
vt 0.00000 1.00000
vt 0.00000 1.00000
vt 0.00000 1.00000
vt 0.00000 1.00000
vt 0.00000 1.00000
vt 0.00000 1.00000
vt 0.00000 1.00000
vt 0.00000 1.00000
vt 0.00000 1.00000
vt 0.00000 1.00000
vt 0.00000 1.00000
vt 0.00000 1.00000
vt 0.00000 1.00000
vt 0.00000 1.00000
vt 0.00000 1.00000
vt 0.00000 1.00000
vt 0.00000 1.00000
vt 0.00000 1.00000
vt 0.00000 1.00000
vt 0.00000 1.00000
vt 0.00000 1.00000
vt 0.00000 1.00000
vt 0.00000 1.00000
vt 0.00000 1.00000
vt 0.00000 1.00000
vt 0.00000 1.00000
vt 0.00000 1.00000
vt 0.00000 1.00000
vt 0.00000 1.00000
vt 0.00000 1.00000
vt 0.00000 1.00000
vt 0.00000 1.00000
vt 0.00000 1.00000
vt 0.00000 1.00000
vt 0.00000 1.00000
vt 0.00000 1.00000
vt 0.00000 1.00000
vt 0.00000 1.00000
vt 0.00000 1.00000
vt 0.00000 1.00000
vt 0.00000 1.00000
vt 0.00000 1.00000
vt 0.00000 1.00000
vt 0.00000 1.00000
vt 0.00000 1.00000
vt 0.00000 1.00000
vt 0.00000 1.00000
vt 0.00000 1.00000
vt 0.00000 1.00000
vt 0.00000 1.00000
vt 0.00000 1.00000
vt 0.00000 1.00000
vt 0.00000 1.00000
vt 0.00000 1.00000
vt 0.00000 1.00000
vt 0.00000 1.00000
vt 0.00000 1.00000
vt 0.00000 1.00000
vt 0.00000 1.00000
vt 0.00000 1.00000
vt 0.00000 1.00000
vt 0.00000 1.00000
vt 0.00000 1.00000
vt 0.00000 1.00000
vt 0.00000 1.00000
vt 0.00000 1.00000
vt 0.00000 1.00000
vt 0.00000 1.00000
vt 0.00000 1.00000
vt 0.00000 1.00000
vt 0.00000 1.00000
vt 0.00000 1.00000
vt 0.00000 1.00000
vt 0.00000 1.00000
vt 0.00000 1.00000
vt 0.00000 1.00000
vt 0.00000 1.00000
vt 0.00000 1.00000
vt 0.00000 1.00000
vt 0.00000 1.00000
vt 0.00000 1.00000
vt 0.00000 1.00000
vt 0.00000 1.00000
vt 0.00000 1.00000
vt 0.00000 1.00000
vt 0.00000 1.00000
vt 0.00000 1.00000
vt 0.00000 1.00000
vt 0.00000 1.00000
vt 0.00000 1.00000
vt 0.00000 1.00000
vt 0.00000 1.00000
vt 0.00000 1.00000
vt 0.00000 1.00000
vt 0.00000 1.00000
vt 0.00000 1.00000
vt 0.00000 1.00000
vt 0.00000 1.00000
vt 0.00000 1.00000
vt 0.00000 1.00000
vt 0.00000 1.00000
vt 0.00000 1.00000
vt 0.00000 1.00000
vt 0.00000 1.00000
vt 0.00000 1.00000
vt 0.00000 1.00000
vt 0.00000 1.00000
vt 0.00000 1.00000
vt 0.00000 1.00000
vt 0.00000 1.00000
vt 0.00000 1.00000
vt 0.00000 1.00000
vt 0.00000 1.00000
vt 0.00000 1.00000
vt 0.00000 1.00000
vt 0.00000 1.00000
vt 0.00000 1.00000
vt 0.00000 1.00000
vt 0.00000 1.00000
vt 0.00000 1.00000
vt 0.00000 1.00000
vt 0.00000 1.00000
vt 0.00000 1.00000
vt 0.00000 1.00000
vt 0.00000 1.00000
vt 0.00000 1.00000
vt 0.00000 1.00000
vt 0.00000 1.00000
vt 0.00000 1.00000
vt 0.00000 1.00000
vt 0.00000 1.00000
vt 0.00000 1.00000
vt 0.00000 1.00000
vt 0.00000 1.00000
vt 0.00000 1.00000
vt 0.00000 1.00000
vt 0.00000 1.00000
vt 0.00000 1.00000
vt 0.00000 1.00000
vt 0.00000 1.00000
vt 0.00000 1.00000
vt 0.00000 1.00000
vt 0.00000 1.00000
vt 0.00000 1.00000
vt 0.00000 1.00000
vt 0.00000 1.00000
vt 0.00000 1.00000
vt 0.00000 1.00000
vt 0.00000 1.00000
vt 0.00000 1.00000
vt 0.00000 1.00000
vt 0.00000 1.00000
vt 0.00000 1.00000
vt 0.00000 1.00000
vt 0.00000 1.00000
vt 0.00000 1.00000
vt 0.00000 1.00000
vt 0.00000 1.00000
vt 0.00000 1.00000
vt 0.00000 1.00000
vt 0.00000 1.00000
vt 0.00000 1.00000
vt 0.00000 1.00000
vt 0.00000 1.00000
vt 0.00000 1.00000
vt 0.00000 1.00000
vt 0.00000 1.00000
vt 0.00000 1.00000
vt 0.00000 1.00000
vt 0.00000 1.00000
vt 0.00000 1.00000
vt 0.00000 1.00000
vt 0.00000 1.00000
vt 0.00000 1.00000
vt 0.00000 1.00000
vt 0.00000 1.00000
vt 0.00000 1.00000
vt 0.00000 1.00000
vt 0.00000 1.00000
vt 0.00000 1.00000
vt 0.00000 1.00000
vt 0.00000 1.00000
vt 0.00000 1.00000
vt 0.00000 1.00000
vt 0.00000 1.00000
vt 0.00000 1.00000
vt 0.00000 1.00000
vt 0.00000 1.00000
vt 0.00000 1.00000
vt 0.00000 1.00000
vt 0.00000 1.00000
vt 0.00000 1.00000
vt 0.00000 1.00000
vt 0.00000 1.00000
vt 0.00000 1.00000
vt 0.00000 1.00000
vt 0.00000 1.00000
vt 0.00000 1.00000
vt 0.00000 1.00000
vt 0.00000 1.00000
vt 0.00000 1.00000
vt 0.00000 1.00000
vt 0.00000 1.00000
vt 0.00000 1.00000
vt 0.00000 1.00000
vt 0.00000 1.00000
vt 0.00000 1.00000
vt 0.00000 1.00000
vt 0.00000 1.00000
vt 0.00000 1.00000
vt 0.00000 1.00000
vt 0.00000 1.00000
vt 0.00000 1.00000
vt 0.00000 1.00000
vt 0.00000 1.00000
vt 0.00000 1.00000
vt 0.00000 1.00000
vt 0.00000 1.00000
vt 0.00000 1.00000
vt 0.00000 1.00000
vt 0.00000 1.00000
vt 0.00000 1.00000
vt 0.00000 1.00000
vt 0.00000 1.00000
vt 0.00000 1.00000
vt 0.00000 1.00000
vt 0.00000 1.00000
vt 0.00000 1.00000
vt 0.00000 1.00000
vt 0.00000 1.00000
vt 0.00000 1.00000
vt 0.00000 1.00000
vt 0.00000 1.00000
vt 0.00000 1.00000
vt 0.00000 1.00000
vt 0.00000 1.00000
vt 0.00000 1.00000
vt 0.00000 1.00000
vt 0.00000 1.00000
vt 0.00000 1.00000
vt 0.00000 1.00000
vt 0.00000 1.00000
vt 0.00000 1.00000
vt 0.00000 1.00000
vt 0.00000 1.00000
vt 0.00000 1.00000
vt 0.00000 1.00000
vt 0.00000 1.00000
vt 0.00000 1.00000
vt 0.00000 1.00000
vt 0.00000 1.00000
vt 0.00000 1.00000
vt 0.00000 1.00000
vt 0.00000 1.00000
vt 0.00000 1.00000
vt 0.00000 1.00000
vt 0.00000 1.00000
vt 0.00000 1.00000
vt 0.00000 1.00000
vt 0.00000 1.00000
vt 0.00000 1.00000
vt 0.00000 1.00000
vt 0.00000 1.00000
vt 0.00000 1.00000
vt 0.00000 1.00000
vt 0.00000 1.00000
vt 0.00000 1.00000
vt 0.00000 1.00000
vt 0.00000 1.00000
vt 0.00000 1.00000
vt 0.00000 1.00000
vt 0.00000 1.00000
vt 0.00000 1.00000
vt 0.00000 1.00000
vt 0.00000 1.00000
vt 0.00000 1.00000
vt 0.00000 1.00000
vt 0.00000 1.00000
vt 0.00000 1.00000
vt 0.00000 1.00000
vt 0.00000 1.00000
vt 0.00000 1.00000
vt 0.00000 1.00000
vt 0.00000 1.00000
vt 0.00000 1.00000
vt 0.00000 1.00000
vt 0.00000 1.00000
vt 0.00000 1.00000
vt 0.00000 1.00000
vt 0.00000 1.00000
vt 0.00000 1.00000
vt 0.00000 1.00000
vt 0.00000 1.00000
vt 0.00000 1.00000
vt 0.00000 1.00000
vt 0.00000 1.00000
vt 0.00000 1.00000
vt 0.00000 1.00000
vt 0.00000 1.00000
vt 0.00000 1.00000
vt 0.00000 1.00000
vt 0.00000 1.00000
vt 0.00000 1.00000
vt 0.00000 1.00000
vt 0.00000 1.00000
vt 0.00000 1.00000
vt 0.00000 1.00000
vt 0.00000 1.00000
vt 0.00000 1.00000
vt 0.00000 1.00000
vt 0.00000 1.00000
vt 0.00000 1.00000
vt 0.00000 1.00000
vt 0.00000 1.00000
vt 0.00000 1.00000
vt 0.00000 1.00000
vt 0.00000 1.00000
vt 0.00000 1.00000
vt 0.00000 1.00000
vt 0.00000 1.00000
vt 0.00000 1.00000
vt 0.00000 1.00000
vt 0.00000 1.00000
vt 0.00000 1.00000
vt 0.00000 1.00000
vt 0.00000 1.00000
vt 0.00000 1.00000
vt 0.00000 1.00000
vt 0.00000 1.00000
vt 0.00000 1.00000
vt 0.00000 1.00000
vt 0.00000 1.00000
vt 0.00000 1.00000
vt 0.00000 1.00000
vt 0.00000 1.00000
vt 0.00000 1.00000
vt 0.00000 1.00000
vt 0.00000 1.00000
vt 0.00000 1.00000
vt 0.00000 1.00000
vt 0.00000 1.00000
vt 0.00000 1.00000
vt 0.00000 1.00000
vt 0.00000 1.00000
vt 0.00000 1.00000
vt 0.00000 1.00000
vt 0.00000 1.00000
vt 0.00000 1.00000
vt 0.00000 1.00000
vt 0.00000 1.00000
vt 0.00000 1.00000
vt 0.00000 1.00000
vt 0.00000 1.00000
vt 0.00000 1.00000
vt 0.00000 1.00000
vt 0.00000 1.00000
vt 0.00000 1.00000
vt 0.00000 1.00000
vt 0.00000 1.00000
vt 0.00000 1.00000
vt 0.00000 1.00000
vt 0.00000 1.00000
vt 0.00000 1.00000
vt 0.00000 1.00000
vt 0.00000 1.00000
vt 0.00000 1.00000
vt 0.00000 1.00000
vt 0.00000 1.00000
vt 0.00000 1.00000
vt 0.00000 1.00000
vt 0.00000 1.00000
vt 0.00000 1.00000
vt 0.00000 1.00000
vt 0.00000 1.00000
vt 0.00000 1.00000
vt 0.00000 1.00000
vt 0.00000 1.00000
vt 0.00000 1.00000
vt 0.00000 1.00000
vt 0.00000 1.00000
vt 0.00000 1.00000
vt 0.00000 1.00000
vt 0.00000 1.00000
vt 0.00000 1.00000
vt 0.00000 1.00000
vt 0.00000 1.00000
vt 0.00000 1.00000
vt 0.00000 1.00000
vt 0.00000 1.00000
vt 0.00000 1.00000
vt 0.00000 1.00000
vt 0.00000 1.00000
vt 0.00000 1.00000
vt 0.00000 1.00000
vt 0.00000 1.00000
vt 0.00000 1.00000
vt 0.00000 1.00000
vt 0.00000 1.00000
vt 0.00000 1.00000
vt 0.00000 1.00000
vt 0.00000 1.00000
vt 0.00000 1.00000
vt 0.00000 1.00000
vt 0.00000 1.00000
vt 0.00000 1.00000
vt 0.00000 1.00000
vt 0.00000 1.00000
vt 0.00000 1.00000
vt 0.00000 1.00000
vt 0.00000 1.00000
vt 0.00000 1.00000
vt 0.00000 1.00000
vt 0.00000 1.00000
vt 0.00000 1.00000
vt 0.00000 1.00000
vt 0.00000 1.00000
vt 0.00000 1.00000
vt 0.00000 1.00000
vt 0.00000 1.00000
vt 0.00000 1.00000
vt 0.00000 1.00000
vt 0.00000 1.00000
vt 0.00000 1.00000
vt 0.00000 1.00000
vt 0.00000 1.00000
vt 0.00000 1.00000
vt 0.00000 1.00000
vt 0.00000 1.00000
vt 0.00000 1.00000
vt 0.00000 1.00000
vt 0.00000 1.00000
vt 0.00000 1.00000
vt 0.00000 1.00000
vt 0.00000 1.00000
vt 0.00000 1.00000
vt 0.00000 1.00000
vt 0.00000 1.00000
vt 0.00000 1.00000
vt 0.00000 1.00000
vt 0.00000 1.00000
vt 0.00000 1.00000
vt 0.00000 1.00000
vt 0.00000 1.00000
vt 0.00000 1.00000
vt 0.00000 1.00000
vt 0.00000 1.00000
vt 0.00000 1.00000
vt 0.00000 1.00000
vt 0.00000 1.00000
vt 0.00000 1.00000
vt 0.00000 1.00000
vt 0.00000 1.00000
vt 0.00000 1.00000
vt 0.00000 1.00000
vt 0.00000 1.00000
vt 0.00000 1.00000
vt 0.00000 1.00000
vt 0.00000 1.00000
vt 0.00000 1.00000
vt 0.00000 1.00000
vt 0.00000 1.00000
vt 0.00000 1.00000
vt 0.00000 1.00000
vt 0.00000 1.00000
vt 0.00000 1.00000
vt 0.00000 1.00000
vt 0.00000 1.00000
vt 0.00000 1.00000
vt 0.00000 1.00000
vt 0.00000 1.00000
vt 0.00000 1.00000
vt 0.00000 1.00000
vt 0.00000 1.00000
vt 0.00000 1.00000
vt 0.00000 1.00000
vt 0.00000 1.00000
vt 0.00000 1.00000
vt 0.00000 1.00000
vt 0.00000 1.00000
vt 0.00000 1.00000
vt 0.00000 1.00000
vt 0.00000 1.00000
vt 0.00000 1.00000
vt 0.00000 1.00000
vt 0.00000 1.00000
vt 0.00000 1.00000
vt 0.00000 1.00000
vt 0.00000 1.00000
vt 0.00000 1.00000
vt 0.00000 1.00000
vt 0.00000 1.00000
vt 0.00000 1.00000
vt 0.00000 1.00000
vt 0.00000 1.00000
vt 0.00000 1.00000
vt 0.00000 1.00000
vt 0.00000 1.00000
vt 0.00000 1.00000
vt 0.00000 1.00000
vt 0.00000 1.00000
vt 0.00000 1.00000
vt 0.00000 1.00000
vt 0.00000 1.00000
vt 0.00000 1.00000
vt 0.00000 1.00000
vt 0.00000 1.00000
vt 0.00000 1.00000
vt 0.00000 1.00000
vt 0.00000 1.00000
vt 0.00000 1.00000
vt 0.00000 1.00000
vt 0.00000 1.00000
vt 0.00000 1.00000
vt 0.00000 1.00000
vt 0.00000 1.00000
vt 0.00000 1.00000
vt 0.00000 1.00000
vt 0.00000 1.00000
vt 0.00000 1.00000
vt 0.00000 1.00000
vt 0.00000 1.00000
vt 0.00000 1.00000
vt 0.00000 1.00000
vt 0.00000 1.00000
vt 0.00000 1.00000
vt 0.00000 1.00000
vt 0.00000 1.00000
vt 0.00000 1.00000
vt 0.00000 1.00000
vt 0.00000 1.00000
vt 0.00000 1.00000
vt 0.00000 1.00000
vt 0.00000 1.00000
vt 0.00000 1.00000
vt 0.00000 1.00000
vt 0.00000 1.00000
vt 0.00000 1.00000
vt 0.00000 1.00000
vt 0.00000 1.00000
vt 0.00000 1.00000
vt 0.00000 1.00000
vt 0.00000 1.00000
vt 0.00000 1.00000
vt 0.00000 1.00000
vt 0.00000 1.00000
vt 0.00000 1.00000
vt 0.00000 1.00000
vt 0.00000 1.00000
vt 0.00000 1.00000
vt 0.00000 1.00000
vt 0.00000 1.00000
vt 0.00000 1.00000
vt 0.00000 1.00000
vt 0.00000 1.00000
vt 0.00000 1.00000
vt 0.00000 1.00000
vt 0.00000 1.00000
vt 0.00000 1.00000
vt 0.00000 1.00000
vt 0.00000 1.00000
vt 0.00000 1.00000
vt 0.00000 1.00000
vt 0.00000 1.00000
vt 0.00000 1.00000
vt 0.00000 1.00000
vt 0.00000 1.00000
vt 0.00000 1.00000
vt 0.00000 1.00000
vt 0.00000 1.00000
vt 0.00000 1.00000
vt 0.00000 1.00000
vt 0.00000 1.00000
vt 0.00000 1.00000
vt 0.00000 1.00000
vt 0.00000 1.00000
vt 0.00000 1.00000
vt 0.00000 1.00000
vt 0.00000 1.00000
vt 0.00000 1.00000
vt 0.00000 1.00000
vt 0.00000 1.00000
vt 0.00000 1.00000
vt 0.00000 1.00000
vt 0.00000 1.00000
vt 0.00000 1.00000
vt 0.00000 1.00000
vt 0.00000 1.00000
vt 0.00000 1.00000
vt 0.00000 1.00000
vt 0.00000 1.00000
vt 0.00000 1.00000
vt 0.00000 1.00000
vt 0.00000 1.00000
vt 0.00000 1.00000
vt 0.00000 1.00000
vt 0.00000 1.00000
vt 0.00000 1.00000
vt 0.00000 1.00000
vt 0.00000 1.00000
vt 0.00000 1.00000
vt 0.00000 1.00000
vt 0.00000 1.00000
vt 0.00000 1.00000
vt 0.00000 1.00000
vt 0.00000 1.00000
vt 0.00000 1.00000
vt 0.00000 1.00000
vt 0.00000 1.00000
vt 0.00000 1.00000
vt 0.00000 1.00000
vt 0.00000 1.00000
vt 0.00000 1.00000
vt 0.00000 1.00000
vt 0.00000 1.00000
vt 0.00000 1.00000
vt 0.00000 1.00000
vt 0.00000 1.00000
vt 0.00000 1.00000
vt 0.00000 1.00000
vt 0.00000 1.00000
vt 0.00000 1.00000
vt 0.00000 1.00000
vt 0.00000 1.00000
vt 0.00000 1.00000
vt 0.00000 1.00000
vt 0.00000 1.00000
vt 0.00000 1.00000
vt 0.00000 1.00000
vt 0.00000 1.00000
vt 0.00000 1.00000
vt 0.00000 1.00000
vt 0.00000 1.00000
vt 0.00000 1.00000
vt 0.00000 1.00000
vt 0.00000 1.00000
vt 0.00000 1.00000
vt 0.00000 1.00000
vt 0.00000 1.00000
vt 0.00000 1.00000
vt 0.00000 1.00000
vt 0.00000 1.00000
vt 0.00000 1.00000
vt 0.00000 1.00000
vt 0.00000 1.00000
vt 0.00000 1.00000
vt 0.00000 1.00000
vt 0.00000 1.00000
vt 0.00000 1.00000
vt 0.00000 1.00000
vt 0.00000 1.00000
vt 0.00000 1.00000
vt 0.00000 1.00000
vt 0.00000 1.00000
vt 0.00000 1.00000
vt 0.00000 1.00000
vt 0.00000 1.00000
vt 0.00000 1.00000
vt 0.00000 1.00000
vt 0.00000 1.00000
vt 0.00000 1.00000
vt 0.00000 1.00000
vt 0.00000 1.00000
vt 0.00000 1.00000
vt 0.00000 1.00000
vt 0.00000 1.00000
vt 0.00000 1.00000
vt 0.00000 1.00000
vt 0.00000 1.00000
vt 0.00000 1.00000
vt 0.00000 1.00000
vt 0.00000 1.00000
vt 0.00000 1.00000
vt 0.00000 1.00000
vt 0.00000 1.00000
vt 0.00000 1.00000
vt 0.00000 1.00000
vt 0.00000 1.00000
vt 0.00000 1.00000
vt 0.00000 1.00000
vt 0.00000 1.00000
vt 0.00000 1.00000
vt 0.00000 1.00000
vt 0.00000 1.00000
vt 0.00000 1.00000
vt 0.00000 1.00000
vt 0.00000 1.00000
vt 0.00000 1.00000
vt 0.00000 1.00000
vt 0.00000 1.00000
vt 0.00000 1.00000
vt 0.00000 1.00000
vt 0.00000 1.00000
vt 0.00000 1.00000
vt 0.00000 1.00000
vt 0.00000 1.00000
vt 0.00000 1.00000
vt 0.00000 1.00000
vt 0.00000 1.00000
vt 0.00000 1.00000
vt 0.00000 1.00000
vt 0.00000 1.00000
vt 0.00000 1.00000
vt 0.00000 1.00000
vt 0.00000 1.00000
vt 0.00000 1.00000
vt 0.00000 1.00000
vt 0.00000 1.00000
vt 0.00000 1.00000
vt 0.00000 1.00000
vt 0.00000 1.00000
vt 0.00000 1.00000
vt 0.00000 1.00000
vt 0.00000 1.00000
vt 0.00000 1.00000
vt 0.00000 1.00000
vt 0.00000 1.00000
vt 0.00000 1.00000
vt 0.00000 1.00000
vt 0.00000 1.00000
vt 0.00000 1.00000
vt 0.00000 1.00000
vt 0.00000 1.00000
vt 0.00000 1.00000
vt 0.00000 1.00000
vt 0.00000 1.00000
vt 0.00000 1.00000
vt 0.00000 1.00000
vt 0.00000 1.00000
vt 0.00000 1.00000
vt 0.00000 1.00000
vt 0.00000 1.00000
vt 0.00000 1.00000
vt 0.00000 1.00000
vt 0.00000 1.00000
vt 0.00000 1.00000
vt 0.00000 1.00000
vt 0.00000 1.00000
vt 0.00000 1.00000
vt 0.00000 1.00000
vt 0.00000 1.00000
vt 0.00000 1.00000
vt 0.00000 1.00000
vt 0.00000 1.00000
vt 0.00000 1.00000
vt 0.00000 1.00000
vt 0.00000 1.00000
vt 0.00000 1.00000
vt 0.00000 1.00000
vt 0.00000 1.00000
vt 0.00000 1.00000
vt 0.00000 1.00000
vt 0.00000 1.00000
vt 0.00000 1.00000
vt 0.00000 1.00000
vt 0.00000 1.00000
vt 0.00000 1.00000
vt 0.00000 1.00000
vt 0.00000 1.00000
vt 0.00000 1.00000
vt 0.00000 1.00000
vt 0.00000 1.00000
vt 0.00000 1.00000
vt 0.00000 1.00000
vt 0.00000 1.00000
vt 0.00000 1.00000
vt 0.00000 1.00000
vt 0.00000 1.00000
vt 0.00000 1.00000
vt 0.00000 1.00000
vt 0.00000 1.00000
vt 0.00000 1.00000
vt 0.00000 1.00000
vt 0.00000 1.00000
vt 0.00000 1.00000
vt 0.00000 1.00000
vt 0.00000 1.00000
vt 0.00000 1.00000
vt 0.00000 1.00000
vt 0.00000 1.00000
vt 0.00000 1.00000
vt 0.00000 1.00000
vt 0.00000 1.00000
vt 0.00000 1.00000
vt 0.00000 1.00000
vt 0.00000 1.00000
vt 0.00000 1.00000
vt 0.00000 1.00000
vt 0.00000 1.00000
vt 0.00000 1.00000
vt 0.00000 1.00000
vt 0.00000 1.00000
vt 0.00000 1.00000
vt 0.00000 1.00000
vt 0.00000 1.00000
vt 0.00000 1.00000
vt 0.00000 1.00000
vt 0.00000 1.00000
vt 0.00000 1.00000
vt 0.00000 1.00000
vt 0.00000 1.00000
vt 0.00000 1.00000
vt 0.00000 1.00000
vt 0.00000 1.00000
vt 0.00000 1.00000
vt 0.00000 1.00000
vt 0.00000 1.00000
vt 0.00000 1.00000
vt 0.00000 1.00000
vt 0.00000 1.00000
vt 0.00000 1.00000
vt 0.00000 1.00000
vt 0.00000 1.00000
vt 0.00000 1.00000
vt 0.00000 1.00000
vt 0.00000 1.00000
vt 0.00000 1.00000
vt 0.00000 1.00000
vt 0.00000 1.00000
vt 0.00000 1.00000
vt 0.00000 1.00000
vt 0.00000 1.00000
vt 0.00000 1.00000
vt 0.00000 1.00000
vt 0.00000 1.00000
vt 0.00000 1.00000
vt 0.00000 1.00000
vt 0.00000 1.00000
vt 0.00000 1.00000
vt 0.00000 1.00000
vt 0.00000 1.00000
vt 0.00000 1.00000
vt 0.00000 1.00000
vt 0.00000 1.00000
vt 0.00000 1.00000
vt 0.00000 1.00000
vt 0.00000 1.00000
vt 0.00000 1.00000
vt 0.00000 1.00000
vt 0.00000 1.00000
vt 0.00000 1.00000
vt 0.00000 1.00000
vt 0.00000 1.00000
vt 0.00000 1.00000
vt 0.00000 1.00000
vt 0.00000 1.00000
vt 0.00000 1.00000
vt 0.00000 1.00000
vt 0.00000 1.00000
vt 0.00000 1.00000
vt 0.00000 1.00000
vt 0.00000 1.00000
vt 0.00000 1.00000
vt 0.00000 1.00000
vt 0.00000 1.00000
vt 0.00000 1.00000
vt 0.00000 1.00000
vt 0.00000 1.00000
vt 0.00000 1.00000
vt 0.00000 1.00000
vt 0.00000 1.00000
vt 0.00000 1.00000
vt 0.00000 1.00000
vt 0.00000 1.00000
vt 0.00000 1.00000
vt 0.00000 1.00000
vt 0.00000 1.00000
vt 0.00000 1.00000
vt 0.00000 1.00000
vt 0.00000 1.00000
vt 0.00000 1.00000
vt 0.00000 1.00000
vt 0.00000 1.00000
vt 0.00000 1.00000
vt 0.00000 1.00000
vt 0.00000 1.00000
vt 0.00000 1.00000
vt 0.00000 1.00000
vt 0.00000 1.00000
vt 0.00000 1.00000
vt 0.00000 1.00000
vt 0.00000 1.00000
vt 0.00000 1.00000
vt 0.00000 1.00000
vt 0.00000 1.00000
vt 0.00000 1.00000
vt 0.00000 1.00000
vt 0.00000 1.00000
vt 0.00000 1.00000
vt 0.00000 1.00000
vt 0.00000 1.00000
vt 0.00000 1.00000
vt 0.00000 1.00000
vt 0.00000 1.00000
vt 0.00000 1.00000
vt 0.00000 1.00000
vt 0.00000 1.00000
vt 0.00000 1.00000
vt 0.00000 1.00000
vt 0.00000 1.00000
vt 0.00000 1.00000
vt 0.00000 1.00000
vt 0.00000 1.00000
vt 0.00000 1.00000
vt 0.00000 1.00000
vt 0.00000 1.00000
vt 0.00000 1.00000
vt 0.00000 1.00000
vt 0.00000 1.00000
vt 0.00000 1.00000
vt 0.00000 1.00000
vt 0.00000 1.00000
vt 0.00000 1.00000
vt 0.00000 1.00000
vt 0.00000 1.00000
vt 0.00000 1.00000
vt 0.00000 1.00000
vt 0.00000 1.00000
vt 0.00000 1.00000
vt 0.00000 1.00000
vt 0.00000 1.00000
vt 0.00000 1.00000
vt 0.00000 1.00000
vt 0.00000 1.00000
vt 0.00000 1.00000
vt 0.00000 1.00000
vt 0.00000 1.00000
vt 0.00000 1.00000
vt 0.00000 1.00000
vt 0.00000 1.00000
vt 0.00000 1.00000
vt 0.00000 1.00000
vt 0.00000 1.00000
vt 0.00000 1.00000
vt 0.00000 1.00000
vt 0.00000 1.00000
vt 0.00000 1.00000
vt 0.00000 1.00000
vt 0.00000 1.00000
vt 0.00000 1.00000
vt 0.00000 1.00000
vt 0.00000 1.00000
vt 0.00000 1.00000
vt 0.00000 1.00000
vt 0.00000 1.00000
vt 0.00000 1.00000
vt 0.00000 1.00000
vt 0.00000 1.00000
vt 0.00000 1.00000
vt 0.00000 1.00000
vt 0.00000 1.00000
vt 0.00000 1.00000
vt 0.00000 1.00000
vt 0.00000 1.00000
vt 0.00000 1.00000
vt 0.00000 1.00000
vt 0.00000 1.00000
vt 0.00000 1.00000
vt 0.00000 1.00000
vt 0.00000 1.00000
vt 0.00000 1.00000
vt 0.00000 1.00000
vt 0.00000 1.00000
vt 0.00000 1.00000
vt 0.00000 1.00000
vt 0.00000 1.00000
vt 0.00000 1.00000
vt 0.00000 1.00000
vt 0.00000 1.00000
vt 0.00000 1.00000
vt 0.00000 1.00000
vt 0.00000 1.00000
vt 0.00000 1.00000
vt 0.00000 1.00000
vt 0.00000 1.00000
vt 0.00000 1.00000
vt 0.00000 1.00000
vt 0.00000 1.00000
vt 0.00000 1.00000
vt 0.00000 1.00000
vt 0.00000 1.00000
vt 0.00000 1.00000
vt 0.00000 1.00000
vt 0.00000 1.00000
vt 0.00000 1.00000
vt 0.00000 1.00000
vt 0.00000 1.00000
vt 0.00000 1.00000
vt 0.00000 1.00000
vt 0.00000 1.00000
vt 0.00000 1.00000
vt 0.00000 1.00000
vt 0.00000 1.00000
vt 0.00000 1.00000
vt 0.00000 1.00000
vt 0.00000 1.00000
vt 0.00000 1.00000
vt 0.00000 1.00000
vt 0.00000 1.00000
vt 0.00000 1.00000
vt 0.00000 1.00000
vt 0.00000 1.00000
vt 0.00000 1.00000
vt 0.00000 1.00000
vt 0.00000 1.00000
vt 0.00000 1.00000
vt 0.00000 1.00000
vt 0.00000 1.00000
vt 0.00000 1.00000
vt 0.00000 1.00000
vt 0.00000 1.00000
vt 0.00000 1.00000
vt 0.00000 1.00000
vt 0.00000 1.00000
vt 0.00000 1.00000
vt 0.00000 1.00000
vt 0.00000 1.00000
vt 0.00000 1.00000
vt 0.00000 1.00000
vt 0.00000 1.00000
vt 0.00000 1.00000
vt 0.00000 1.00000
vt 0.00000 1.00000
vt 0.00000 1.00000
vt 0.00000 1.00000
vt 0.00000 1.00000
vt 0.00000 1.00000
vt 0.00000 1.00000
vt 0.00000 1.00000
vt 0.00000 1.00000
vt 0.00000 1.00000
vt 0.00000 1.00000
vt 0.00000 1.00000
vt 0.00000 1.00000
vt 0.00000 1.00000
vt 0.00000 1.00000
vt 0.00000 1.00000
vt 0.00000 1.00000
vt 0.00000 1.00000
vt 0.00000 1.00000
vt 0.00000 1.00000
vt 0.00000 1.00000
vt 0.00000 1.00000
vt 0.00000 1.00000
vt 0.00000 1.00000
vt 0.00000 1.00000
vt 0.00000 1.00000
vt 0.00000 1.00000
vt 0.00000 1.00000
vt 0.00000 1.00000
vt 0.00000 1.00000
vt 0.00000 1.00000
vt 0.00000 1.00000
vt 0.00000 1.00000
vt 0.00000 1.00000
vt 0.00000 1.00000
vt 0.00000 1.00000
vt 0.00000 1.00000
vt 0.00000 1.00000
vt 0.00000 1.00000
vt 0.00000 1.00000
vt 0.00000 1.00000
vt 0.00000 1.00000
vt 0.00000 1.00000
vt 0.00000 1.00000
vt 0.00000 1.00000
vt 0.00000 1.00000
vt 0.00000 1.00000
vt 0.00000 1.00000
vt 0.00000 1.00000
vt 0.00000 1.00000
vt 0.00000 1.00000
vt 0.00000 1.00000
vt 0.00000 1.00000
vt 0.00000 1.00000
vt 0.00000 1.00000
vt 0.00000 1.00000
vt 0.00000 1.00000
vt 0.00000 1.00000
vt 0.00000 1.00000
vt 0.00000 1.00000
vt 0.00000 1.00000
vt 0.00000 1.00000
vt 0.00000 1.00000
vt 0.00000 1.00000
vt 0.00000 1.00000
vt 0.00000 1.00000
vt 0.00000 1.00000
vt 0.00000 1.00000
vt 0.00000 1.00000
vt 0.00000 1.00000
vt 0.00000 1.00000
vt 0.00000 1.00000
vt 0.00000 1.00000
vt 0.00000 1.00000
vt 0.00000 1.00000
vt 0.00000 1.00000
vt 0.00000 1.00000
vt 0.00000 1.00000
vt 0.00000 1.00000
vt 0.00000 1.00000
vt 0.00000 1.00000
vt 0.00000 1.00000
vt 0.00000 1.00000
vt 0.00000 1.00000
vt 0.00000 1.00000
vt 0.00000 1.00000
vt 0.00000 1.00000
vt 0.00000 1.00000
vt 0.00000 1.00000
vt 0.00000 1.00000
vt 0.00000 1.00000
vt 0.00000 1.00000
vt 0.00000 1.00000
vt 0.00000 1.00000
vt 0.00000 1.00000
vt 0.00000 1.00000
vt 0.00000 1.00000
vt 0.00000 1.00000
vt 0.00000 1.00000
vt 0.00000 1.00000
vt 0.00000 1.00000
vt 0.00000 1.00000
vt 0.00000 1.00000
vt 0.00000 1.00000
vt 0.00000 1.00000
vt 0.00000 1.00000
vt 0.00000 1.00000
vt 0.00000 1.00000
vt 0.00000 1.00000
vt 0.00000 1.00000
vt 0.00000 1.00000
vt 0.00000 1.00000
vt 0.00000 1.00000
vt 0.00000 1.00000
vt 0.00000 1.00000
vt 0.00000 1.00000
vt 0.00000 1.00000
vt 0.00000 1.00000
vt 0.00000 1.00000
vt 0.00000 1.00000
vt 0.00000 1.00000
vt 0.00000 1.00000
vt 0.00000 1.00000
vt 0.00000 1.00000
vt 0.00000 1.00000
vt 0.00000 1.00000
vt 0.00000 1.00000
vt 0.00000 1.00000
vt 0.00000 1.00000
vt 0.00000 1.00000
vt 0.00000 1.00000
vt 0.00000 1.00000
vt 0.00000 1.00000
vt 0.00000 1.00000
vt 0.00000 1.00000
vt 0.00000 1.00000
vt 0.00000 1.00000
vt 0.00000 1.00000
vt 0.00000 1.00000
vt 0.00000 1.00000
vt 0.00000 1.00000
vt 0.00000 1.00000
vt 0.00000 1.00000
vt 0.00000 1.00000
vt 0.00000 1.00000
vt 0.00000 1.00000
vt 0.00000 1.00000
vt 0.00000 1.00000
vt 0.00000 1.00000
vt 0.00000 1.00000
vt 0.00000 1.00000
vt 0.00000 1.00000
vt 0.00000 1.00000
vt 0.00000 1.00000
vt 0.00000 1.00000
vt 0.00000 1.00000
vt 0.00000 1.00000
vt 0.00000 1.00000
vt 0.00000 1.00000
vt 0.00000 1.00000
vt 0.00000 1.00000
vt 0.00000 1.00000
vt 0.00000 1.00000
vt 0.00000 1.00000
vt 0.00000 1.00000
vt 0.00000 1.00000
vt 0.00000 1.00000
vt 0.00000 1.00000
vt 0.00000 1.00000
vt 0.00000 1.00000
vt 0.00000 1.00000
vt 0.00000 1.00000
vt 0.00000 1.00000
vt 0.00000 1.00000
vt 0.00000 1.00000
vt 0.00000 1.00000
vt 0.00000 1.00000
vt 0.00000 1.00000
vt 0.00000 1.00000
vt 0.00000 1.00000
vt 0.00000 1.00000
vt 0.00000 1.00000
vt 0.00000 1.00000
vt 0.00000 1.00000
vt 0.00000 1.00000
vt 0.00000 1.00000
vt 0.00000 1.00000
vt 0.00000 1.00000
vt 0.00000 1.00000
vt 0.00000 1.00000
vt 0.00000 1.00000
vt 0.00000 1.00000
vt 0.00000 1.00000
vt 0.00000 1.00000
vt 0.00000 1.00000
vt 0.00000 1.00000
vt 0.00000 1.00000
vt 0.00000 1.00000
vt 0.00000 1.00000
vt 0.00000 1.00000
vt 0.00000 1.00000
vt 0.00000 1.00000
vt 0.00000 1.00000
vt 0.00000 1.00000
vt 0.00000 1.00000
vt 0.00000 1.00000
vt 0.00000 1.00000
vt 0.00000 1.00000
vt 0.00000 1.00000
vt 0.00000 1.00000
vt 0.00000 1.00000
vt 0.00000 1.00000
vt 0.00000 1.00000
vt 0.00000 1.00000
vt 0.00000 1.00000
vt 0.00000 1.00000
vt 0.00000 1.00000
vt 0.00000 1.00000
vt 0.00000 1.00000
vt 0.00000 1.00000
vt 0.00000 1.00000
vt 0.00000 1.00000
vt 0.00000 1.00000
vt 0.00000 1.00000
vt 0.00000 1.00000
vt 0.00000 1.00000
vt 0.00000 1.00000
vt 0.00000 1.00000
vt 0.00000 1.00000
vt 0.00000 1.00000
vt 0.00000 1.00000
vt 0.00000 1.00000
vt 0.00000 1.00000
vt 0.00000 1.00000
vt 0.00000 1.00000
vt 0.00000 1.00000
vt 0.00000 1.00000
vt 0.00000 1.00000
vt 0.00000 1.00000
vt 0.00000 1.00000
vt 0.00000 1.00000
vt 0.00000 1.00000
vt 0.00000 1.00000
vt 0.00000 1.00000
vt 0.00000 1.00000
vt 0.00000 1.00000
vt 0.00000 1.00000
vt 0.00000 1.00000
vt 0.00000 1.00000
vt 0.00000 1.00000
vt 0.00000 1.00000
vt 0.00000 1.00000
vt 0.00000 1.00000
vt 0.00000 1.00000
vt 0.00000 1.00000
vt 0.00000 1.00000
vt 0.00000 1.00000
vt 0.00000 1.00000
vt 0.00000 1.00000
vt 0.00000 1.00000
vt 0.00000 1.00000
vt 0.00000 1.00000
vt 0.00000 1.00000
vt 0.00000 1.00000
vt 0.00000 1.00000
vt 0.00000 1.00000
vt 0.00000 1.00000
vt 0.00000 1.00000
vt 0.00000 1.00000
vt 0.00000 1.00000
vt 0.00000 1.00000
vt 0.00000 1.00000
vt 0.00000 1.00000
vt 0.00000 1.00000
vt 0.00000 1.00000
vt 0.00000 1.00000
vt 0.00000 1.00000
vt 0.00000 1.00000
vt 0.00000 1.00000
vt 0.00000 1.00000
vt 0.00000 1.00000
vt 0.00000 1.00000
vt 0.00000 1.00000
vt 0.00000 1.00000
vt 0.00000 1.00000
vt 0.00000 1.00000
vt 0.00000 1.00000
vt 0.00000 1.00000
vt 0.00000 1.00000
vt 0.00000 1.00000
vt 0.00000 1.00000
vt 0.00000 1.00000
vt 0.00000 1.00000
vt 0.00000 1.00000
vt 0.00000 1.00000
vt 0.00000 1.00000
vt 0.00000 1.00000
vt 0.00000 1.00000
vt 0.00000 1.00000
vt 0.00000 1.00000
vt 0.00000 1.00000
vt 0.00000 1.00000
vt 0.00000 1.00000
vt 0.00000 1.00000
vt 0.00000 1.00000
vt 0.00000 1.00000
vt 0.00000 1.00000
vt 0.00000 1.00000
vt 0.00000 1.00000
vt 0.00000 1.00000
vt 0.00000 1.00000
vt 0.00000 1.00000
vt 0.00000 1.00000
vt 0.00000 1.00000
vt 0.00000 1.00000
vt 0.00000 1.00000
vt 0.00000 1.00000
vt 0.00000 1.00000
vt 0.00000 1.00000
vt 0.00000 1.00000
vt 0.00000 1.00000
vt 0.00000 1.00000
vt 0.00000 1.00000
vt 0.00000 1.00000
vt 0.00000 1.00000
vt 0.00000 1.00000
vt 0.00000 1.00000
vt 0.00000 1.00000
vt 0.00000 1.00000
vt 0.00000 1.00000
vt 0.00000 1.00000
vt 0.00000 1.00000
vt 0.00000 1.00000
vt 0.00000 1.00000
vt 0.00000 1.00000
vt 0.00000 1.00000
vt 0.00000 1.00000
vt 0.00000 1.00000
vt 0.00000 1.00000
vt 0.00000 1.00000
vt 0.00000 1.00000
vt 0.00000 1.00000
vt 0.00000 1.00000
vt 0.00000 1.00000
vt 0.00000 1.00000
vt 0.00000 1.00000
vt 0.00000 1.00000
vt 0.00000 1.00000
vt 0.00000 1.00000
vt 0.00000 1.00000
vt 0.00000 1.00000
vt 0.00000 1.00000
vt 0.00000 1.00000
vt 0.00000 1.00000
vt 0.00000 1.00000
vt 0.00000 1.00000
vt 0.00000 1.00000
vt 0.00000 1.00000
vt 0.00000 1.00000
vt 0.00000 1.00000
vt 0.00000 1.00000
vt 0.00000 1.00000
vt 0.00000 1.00000
vt 0.00000 1.00000
vt 0.00000 1.00000
vt 0.00000 1.00000
vt 0.00000 1.00000
vt 0.00000 1.00000
vt 0.00000 1.00000
vt 0.00000 1.00000
vt 0.00000 1.00000
vt 0.00000 1.00000
vt 0.00000 1.00000
vt 0.00000 1.00000
vt 0.00000 1.00000
vt 0.00000 1.00000
vt 0.00000 1.00000
vt 0.00000 1.00000
vt 0.00000 1.00000
vt 0.00000 1.00000
vt 0.00000 1.00000
vt 0.00000 1.00000
vt 0.00000 1.00000
vt 0.00000 1.00000
vt 0.00000 1.00000
vt 0.00000 1.00000
vt 0.00000 1.00000
vt 0.00000 1.00000
vt 0.00000 1.00000
vt 0.00000 1.00000
vt 0.00000 1.00000
vt 0.00000 1.00000
vt 0.00000 1.00000
vt 0.00000 1.00000
vt 0.00000 1.00000
vt 0.00000 1.00000
vt 0.00000 1.00000
vt 0.00000 1.00000
vt 0.00000 1.00000
vt 0.00000 1.00000
vt 0.00000 1.00000
vt 0.00000 1.00000
vt 0.00000 1.00000
vt 0.00000 1.00000
vt 0.00000 1.00000
vt 0.00000 1.00000
vt 0.00000 1.00000
vt 0.00000 1.00000
vt 0.00000 1.00000
vt 0.00000 1.00000
vt 0.00000 1.00000
vt 0.00000 1.00000
vt 0.00000 1.00000
vt 0.00000 1.00000
vt 0.00000 1.00000
vt 0.00000 1.00000
vt 0.00000 1.00000
vt 0.00000 1.00000
vt 0.00000 1.00000
vt 0.00000 1.00000
vt 0.00000 1.00000
vt 0.00000 1.00000
vt 0.00000 1.00000
vt 0.00000 1.00000
vt 0.00000 1.00000
vt 0.00000 1.00000
vt 0.00000 1.00000
vt 0.00000 1.00000
vt 0.00000 1.00000
vt 0.00000 1.00000
vt 0.00000 1.00000
vt 0.00000 1.00000
vt 0.00000 1.00000
vt 0.00000 1.00000
vt 0.00000 1.00000
vt 0.00000 1.00000
vt 0.00000 1.00000
vt 0.00000 1.00000
vt 0.00000 1.00000
vt 0.00000 1.00000
vt 0.00000 1.00000
vt 0.00000 1.00000
vt 0.00000 1.00000
vt 0.00000 1.00000
vt 0.00000 1.00000
vt 0.00000 1.00000
vt 0.00000 1.00000
vt 0.00000 1.00000
vt 0.00000 1.00000
vt 0.00000 1.00000
vt 0.00000 1.00000
vt 0.00000 1.00000
vt 0.00000 1.00000
vt 0.00000 1.00000
vt 0.00000 1.00000
vt 0.00000 1.00000
vt 0.00000 1.00000
vt 0.00000 1.00000
vt 0.00000 1.00000
vt 0.00000 1.00000
vt 0.00000 1.00000
vt 0.00000 1.00000
vt 0.00000 1.00000
vt 0.00000 1.00000
vt 0.00000 1.00000
vt 0.00000 1.00000
vt 0.00000 1.00000
vt 0.00000 1.00000
vt 0.00000 1.00000
vt 0.00000 1.00000
vt 0.00000 1.00000
vt 0.00000 1.00000
vt 0.00000 1.00000
vt 0.00000 1.00000
vt 0.00000 1.00000
vt 0.00000 1.00000
vt 0.00000 1.00000
vt 0.00000 1.00000
vt 0.00000 1.00000
vt 0.00000 1.00000
vt 0.00000 1.00000
vt 0.00000 1.00000
vt 0.00000 1.00000
vt 0.00000 1.00000
vt 0.00000 1.00000
vt 0.00000 1.00000
vt 0.00000 1.00000
vt 0.00000 1.00000
vt 0.00000 1.00000
vt 0.00000 1.00000
vt 0.00000 1.00000
vt 0.00000 1.00000
vt 0.00000 1.00000
vt 0.00000 1.00000
vt 0.00000 1.00000
vt 0.00000 1.00000
vt 0.00000 1.00000
vt 0.00000 1.00000
vt 0.00000 1.00000
vt 0.00000 1.00000
vt 0.00000 1.00000
vt 0.00000 1.00000
vt 0.00000 1.00000
vt 0.00000 1.00000
vt 0.00000 1.00000
vt 0.00000 1.00000
vt 0.00000 1.00000
vt 0.00000 1.00000
vt 0.00000 1.00000
vt 0.00000 1.00000
vt 0.00000 1.00000
vt 0.00000 1.00000
vt 0.00000 1.00000
vt 0.00000 1.00000
vt 0.00000 1.00000
vt 0.00000 1.00000
vt 0.00000 1.00000
vt 0.00000 1.00000
vt 0.00000 1.00000
vt 0.00000 1.00000
vt 0.00000 1.00000
vt 0.00000 1.00000
vt 0.00000 1.00000
vt 0.00000 1.00000
vt 0.00000 1.00000
vt 0.00000 1.00000
vt 0.00000 1.00000
vt 0.00000 1.00000
vt 0.00000 1.00000
vt 0.00000 1.00000
vt 0.00000 1.00000
vt 0.00000 1.00000
vt 0.00000 1.00000
vt 0.00000 1.00000
vt 0.00000 1.00000
vt 0.00000 1.00000
vt 0.00000 1.00000
vt 0.00000 1.00000
vt 0.00000 1.00000
vt 0.00000 1.00000
vt 0.00000 1.00000
vt 0.00000 1.00000
vt 0.00000 1.00000
vt 0.00000 1.00000
vt 0.00000 1.00000
vt 0.00000 1.00000
vt 0.00000 1.00000
vt 0.00000 1.00000
vt 0.00000 1.00000
vt 0.00000 1.00000
vt 0.00000 1.00000
vt 0.00000 1.00000
vt 0.00000 1.00000
vt 0.00000 1.00000
vt 0.00000 1.00000
vt 0.00000 1.00000
vt 0.00000 1.00000
vt 0.00000 1.00000
vt 0.00000 1.00000
vt 0.00000 1.00000
vt 0.00000 1.00000
vt 0.00000 1.00000
vt 0.00000 1.00000
vt 0.00000 1.00000
vt 0.00000 1.00000
vt 0.00000 1.00000
vt 0.00000 1.00000
vt 0.00000 1.00000
vt 0.00000 1.00000
vt 0.00000 1.00000
vt 0.00000 1.00000
vt 0.00000 1.00000
vt 0.00000 1.00000
vt 0.00000 1.00000
vt 0.00000 1.00000
vt 0.00000 1.00000
vt 0.00000 1.00000
vt 0.00000 1.00000
vt 0.00000 1.00000
vt 0.00000 1.00000
vt 0.00000 1.00000
vt 0.00000 1.00000
vt 0.00000 1.00000
vt 0.00000 1.00000
vt 0.00000 1.00000
vt 0.00000 1.00000
vt 0.00000 1.00000
vt 0.00000 1.00000
vt 0.00000 1.00000
vt 0.00000 1.00000
vt 0.00000 1.00000
vt 0.00000 1.00000
vt 0.00000 1.00000
vt 0.00000 1.00000
vt 0.00000 1.00000
vt 0.00000 1.00000
vt 0.00000 1.00000
vt 0.00000 1.00000
vt 0.00000 1.00000
vt 0.00000 1.00000
vt 0.00000 1.00000
vt 0.00000 1.00000
vt 0.00000 1.00000
vt 0.00000 1.00000
vt 0.00000 1.00000
vt 0.00000 1.00000
vt 0.00000 1.00000
vt 0.00000 1.00000
vt 0.00000 1.00000
vt 0.00000 1.00000
vt 0.00000 1.00000
vt 0.00000 1.00000
vt 0.00000 1.00000
vt 0.00000 1.00000
vt 0.00000 1.00000
vt 0.00000 1.00000
vt 0.00000 1.00000
vt 0.00000 1.00000
vt 0.00000 1.00000
vt 0.00000 1.00000
vt 0.00000 1.00000
vt 0.00000 1.00000
vt 0.00000 1.00000
vt 0.00000 1.00000
vt 0.00000 1.00000
vt 0.00000 1.00000
vt 0.00000 1.00000
vt 0.00000 1.00000
vt 0.00000 1.00000
vt 0.00000 1.00000
vt 0.00000 1.00000
vt 0.00000 1.00000
vt 0.00000 1.00000
vt 0.00000 1.00000
vt 0.00000 1.00000
vt 0.00000 1.00000
vt 0.00000 1.00000
vt 0.00000 1.00000
vt 0.00000 1.00000
vt 0.00000 1.00000
vt 0.00000 1.00000
vt 0.00000 1.00000
vt 0.00000 1.00000
vt 0.00000 1.00000
vt 0.00000 1.00000
vt 0.00000 1.00000
vt 0.00000 1.00000
vt 0.00000 1.00000
vt 0.00000 1.00000
vt 0.00000 1.00000
vt 0.00000 1.00000
vt 0.00000 1.00000
vt 0.00000 1.00000
vt 0.00000 1.00000
vt 0.00000 1.00000
vt 0.00000 1.00000
vt 0.00000 1.00000
vt 0.00000 1.00000
vt 0.00000 1.00000
vt 0.00000 1.00000
vt 0.00000 1.00000
vt 0.00000 1.00000
vt 0.00000 1.00000
vt 0.00000 1.00000
vt 0.00000 1.00000
vt 0.00000 1.00000
vt 0.00000 1.00000
vt 0.00000 1.00000
vt 0.00000 1.00000
vt 0.00000 1.00000
vt 0.00000 1.00000
vt 0.00000 1.00000
vt 0.00000 1.00000
vt 0.00000 1.00000
vt 0.00000 1.00000
vt 0.00000 1.00000
vt 0.00000 1.00000
vt 0.00000 1.00000
vt 0.00000 1.00000
vt 0.00000 1.00000
vt 0.00000 1.00000
vt 0.00000 1.00000
vt 0.00000 1.00000
vt 0.00000 1.00000
vt 0.00000 1.00000
vt 0.00000 1.00000
vt 0.00000 1.00000
vt 0.00000 1.00000
vt 0.00000 1.00000
vt 0.00000 1.00000
vt 0.00000 1.00000
vt 0.00000 1.00000
vt 0.00000 1.00000
vt 0.00000 1.00000
vt 0.00000 1.00000
vt 0.00000 1.00000
vt 0.00000 1.00000
vt 0.00000 1.00000
vt 0.00000 1.00000
vt 0.00000 1.00000
vt 0.00000 1.00000
vt 0.00000 1.00000
vt 0.00000 1.00000
vt 0.00000 1.00000
vt 0.00000 1.00000
vt 0.00000 1.00000
vt 0.00000 1.00000
vt 0.00000 1.00000
vt 0.00000 1.00000
vt 0.00000 1.00000
vt 0.00000 1.00000
vt 0.00000 1.00000
vt 0.00000 1.00000
vt 0.00000 1.00000
vt 0.00000 1.00000
vt 0.00000 1.00000
vt 0.00000 1.00000
vt 0.00000 1.00000
vt 0.00000 1.00000
vt 0.00000 1.00000
vt 0.00000 1.00000
vt 0.00000 1.00000
vt 0.00000 1.00000
vt 0.00000 1.00000
vt 0.00000 1.00000
vt 0.00000 1.00000
vt 0.00000 1.00000
vt 0.00000 1.00000
vt 0.00000 1.00000
vt 0.00000 1.00000
vt 0.00000 1.00000
vt 0.00000 1.00000
vt 0.00000 1.00000
vt 0.00000 1.00000
vt 0.00000 1.00000
vt 0.00000 1.00000
vt 0.00000 1.00000
vt 0.00000 1.00000
vt 0.00000 1.00000
vt 0.00000 1.00000
vt 0.00000 1.00000
vt 0.00000 1.00000
vt 0.00000 1.00000
vt 0.00000 1.00000
vt 0.00000 1.00000
vt 0.00000 1.00000
vt 0.00000 1.00000
vt 0.00000 1.00000
vt 0.00000 1.00000
vt 0.00000 1.00000
vt 0.00000 1.00000
vt 0.00000 1.00000
vt 0.00000 1.00000
vt 0.00000 1.00000
vt 0.00000 1.00000
vt 0.00000 1.00000
vt 0.00000 1.00000
vt 0.00000 1.00000
vt 0.00000 1.00000
vt 0.00000 1.00000
vt 0.00000 1.00000
vt 0.00000 1.00000
vt 0.00000 1.00000
vt 0.00000 1.00000
vt 0.00000 1.00000
vt 0.00000 1.00000
vt 0.00000 1.00000
vt 0.00000 1.00000
vt 0.00000 1.00000
vt 0.00000 1.00000
vt 0.00000 1.00000
vt 0.00000 1.00000
vt 0.00000 1.00000
vt 0.00000 1.00000
vt 0.00000 1.00000
vt 0.00000 1.00000
vt 0.00000 1.00000
vt 0.00000 1.00000
vt 0.00000 1.00000
vt 0.00000 1.00000
vt 0.00000 1.00000
vt 0.00000 1.00000
vt 0.00000 1.00000
vt 0.00000 1.00000
vt 0.00000 1.00000
vt 0.00000 1.00000
vt 0.00000 1.00000
vt 0.00000 1.00000
vt 0.00000 1.00000
vt 0.00000 1.00000
vt 0.00000 1.00000
vt 0.00000 1.00000
vt 0.00000 1.00000
vt 0.00000 1.00000
vt 0.00000 1.00000
vt 0.00000 1.00000
vt 0.00000 1.00000
vt 0.00000 1.00000
vt 0.00000 1.00000
vt 0.00000 1.00000
vt 0.00000 1.00000
vt 0.00000 1.00000
vt 0.00000 1.00000
vt 0.00000 1.00000
vt 0.00000 1.00000
vt 0.00000 1.00000
vt 0.00000 1.00000
vt 0.00000 1.00000
vt 0.00000 1.00000
vt 0.00000 1.00000
vt 0.00000 1.00000
vt 0.00000 1.00000
vt 0.00000 1.00000
vt 0.00000 1.00000
vt 0.00000 1.00000
vt 0.00000 1.00000
vt 0.00000 1.00000
vt 0.00000 1.00000
vt 0.00000 1.00000
vt 0.00000 1.00000
vt 0.00000 1.00000
vt 0.00000 1.00000
vt 0.00000 1.00000
vt 0.00000 1.00000
vt 0.00000 1.00000
vt 0.00000 1.00000
vt 0.00000 1.00000
vt 0.00000 1.00000
vt 0.00000 1.00000
vt 0.00000 1.00000
vt 0.00000 1.00000
vt 0.00000 1.00000
vt 0.00000 1.00000
vt 0.00000 1.00000
vt 0.00000 1.00000
vt 0.00000 1.00000
vt 0.00000 1.00000
vt 0.00000 1.00000
vt 0.00000 1.00000
vt 0.00000 1.00000
vt 0.00000 1.00000
vt 0.00000 1.00000
vt 0.00000 1.00000
vt 0.00000 1.00000
vt 0.00000 1.00000
vt 0.00000 1.00000
vt 0.00000 1.00000
vt 0.00000 1.00000
vt 0.00000 1.00000
vt 0.00000 1.00000
vt 0.00000 1.00000
vt 0.00000 1.00000
vt 0.00000 1.00000
vt 0.00000 1.00000
vt 0.00000 1.00000
vt 0.00000 1.00000
vt 0.00000 1.00000
vt 0.00000 1.00000
vt 0.00000 1.00000
vt 0.00000 1.00000
vt 0.00000 1.00000
vt 0.00000 1.00000
vt 0.00000 1.00000
vt 0.00000 1.00000
vt 0.00000 1.00000
vt 0.00000 1.00000
vt 0.00000 1.00000
vt 0.00000 1.00000
vt 0.00000 1.00000
vt 0.00000 1.00000
vt 0.00000 1.00000
vt 0.00000 1.00000
vt 0.00000 1.00000
vt 0.00000 1.00000
vt 0.00000 1.00000
vt 0.00000 1.00000
vt 0.00000 1.00000
vt 0.00000 1.00000
vt 0.00000 1.00000
vt 0.00000 1.00000
vt 0.00000 1.00000
vt 0.00000 1.00000
vt 0.00000 1.00000
vt 0.00000 1.00000
vt 0.00000 1.00000
vt 0.00000 1.00000
vt 0.00000 1.00000
vt 0.00000 1.00000
vt 0.00000 1.00000
vt 0.00000 1.00000
vt 0.00000 1.00000
vt 0.00000 1.00000
vt 0.00000 1.00000
vt 0.00000 1.00000
vt 0.00000 1.00000
vt 0.00000 1.00000
vt 0.00000 1.00000
vt 0.00000 1.00000
vt 0.00000 1.00000
vt 0.00000 1.00000
vt 0.00000 1.00000
vt 0.00000 1.00000
vt 0.00000 1.00000
vt 0.00000 1.00000
vt 0.00000 1.00000
vt 0.00000 1.00000
vt 0.00000 1.00000
vt 0.00000 1.00000
vt 0.00000 1.00000
vt 0.00000 1.00000
vt 0.00000 1.00000
vt 0.00000 1.00000
vt 0.00000 1.00000
vt 0.00000 1.00000
vt 0.00000 1.00000
vt 0.00000 1.00000
vt 0.00000 1.00000
vt 0.00000 1.00000
vt 0.00000 1.00000
vt 0.00000 1.00000
vt 0.00000 1.00000
vt 0.00000 1.00000
vt 0.00000 1.00000
vt 0.00000 1.00000
vt 0.00000 1.00000
vt 0.00000 1.00000
vt 0.00000 1.00000
vt 0.00000 1.00000
vt 0.00000 1.00000
vt 0.00000 1.00000
vt 0.00000 1.00000
vt 0.00000 1.00000
vt 0.00000 1.00000
vt 0.00000 1.00000
vt 0.00000 1.00000
vt 0.00000 1.00000
vt 0.00000 1.00000
vt 0.00000 1.00000
vt 0.00000 1.00000
vt 0.00000 1.00000
vt 0.00000 1.00000
vt 0.00000 1.00000
vt 0.00000 1.00000
vt 0.00000 1.00000
vt 0.00000 1.00000
vt 0.00000 1.00000
vt 0.00000 1.00000
vt 0.00000 1.00000
vt 0.00000 1.00000
vt 0.00000 1.00000
vt 0.00000 1.00000
vt 0.00000 1.00000
vt 0.00000 1.00000
vt 0.00000 1.00000
vt 0.00000 1.00000
vt 0.00000 1.00000
vt 0.00000 1.00000
vt 0.00000 1.00000
vt 0.00000 1.00000
vt 0.00000 1.00000
vt 0.00000 1.00000
vt 0.00000 1.00000
vt 0.00000 1.00000
vt 0.00000 1.00000
vt 0.00000 1.00000
vt 0.00000 1.00000
vt 0.00000 1.00000
vt 0.00000 1.00000
vt 0.00000 1.00000
vt 0.00000 1.00000
vt 0.00000 1.00000
vt 0.00000 1.00000
vt 0.00000 1.00000
vt 0.00000 1.00000
vt 0.00000 1.00000
vt 0.00000 1.00000
vt 0.00000 1.00000
vt 0.00000 1.00000
vt 0.00000 1.00000
vt 0.00000 1.00000
vt 0.00000 1.00000
vt 0.00000 1.00000
vt 0.00000 1.00000
vt 0.00000 1.00000
vt 0.00000 1.00000
vt 0.00000 1.00000
vt 0.00000 1.00000
vt 0.00000 1.00000
vt 0.00000 1.00000
vt 0.00000 1.00000
vt 0.00000 1.00000
vt 0.00000 1.00000
vt 0.00000 1.00000
vt 0.00000 1.00000
vt 0.00000 1.00000
vt 0.00000 1.00000
vt 0.00000 1.00000
vt 0.00000 1.00000
vt 0.00000 1.00000
vt 0.00000 1.00000
vt 0.00000 1.00000
vt 0.00000 1.00000
vt 0.00000 1.00000
vt 0.00000 1.00000
vt 0.00000 1.00000
vt 0.00000 1.00000
vt 0.00000 1.00000
vt 0.00000 1.00000
vt 0.00000 1.00000
vt 0.00000 1.00000
vt 0.00000 1.00000
vt 0.00000 1.00000
vt 0.00000 1.00000
vt 0.00000 1.00000
vt 0.00000 1.00000
vt 0.00000 1.00000
vt 0.00000 1.00000
vt 0.00000 1.00000
vt 0.00000 1.00000
vt 0.00000 1.00000
vt 0.00000 1.00000
vt 0.00000 1.00000
vt 0.00000 1.00000
vt 0.00000 1.00000
vt 0.00000 1.00000
vt 0.00000 1.00000
vt 0.00000 1.00000
vt 0.00000 1.00000
vt 0.00000 1.00000
vt 0.00000 1.00000
vt 0.00000 1.00000
vt 0.00000 1.00000
vt 0.00000 1.00000
vt 0.00000 1.00000
vt 0.00000 1.00000
vt 0.00000 1.00000
vt 0.00000 1.00000
vt 0.00000 1.00000
vt 0.00000 1.00000
vt 0.00000 1.00000
vt 0.00000 1.00000
vt 0.00000 1.00000
vt 0.00000 1.00000
vt 0.00000 1.00000
vt 0.00000 1.00000
vt 0.00000 1.00000
vt 0.00000 1.00000
vt 0.00000 1.00000
vt 0.00000 1.00000
vt 0.00000 1.00000
vt 0.00000 1.00000
vt 0.00000 1.00000
vt 0.00000 1.00000
vt 0.00000 1.00000
vt 0.00000 1.00000
vt 0.00000 1.00000
vt 0.00000 1.00000
vt 0.00000 1.00000
vt 0.00000 1.00000
vt 0.00000 1.00000
vt 0.00000 1.00000
vt 0.00000 1.00000
vt 0.00000 1.00000
vt 0.00000 1.00000
vt 0.00000 1.00000
vt 0.00000 1.00000
vt 0.00000 1.00000
vt 0.00000 1.00000
vt 0.00000 1.00000
vt 0.00000 1.00000
vt 0.00000 1.00000
vt 0.00000 1.00000
vt 0.00000 1.00000
vt 0.00000 1.00000
vt 0.00000 1.00000
vt 0.00000 1.00000
vt 0.00000 1.00000
vt 0.00000 1.00000
vt 0.00000 1.00000
vt 0.00000 1.00000
vt 0.00000 1.00000
vt 0.00000 1.00000
vt 0.00000 1.00000
vt 0.00000 1.00000
vt 0.00000 1.00000
vt 0.00000 1.00000
vt 0.00000 1.00000
vt 0.00000 1.00000
vt 0.00000 1.00000
vt 0.00000 1.00000
vt 0.00000 1.00000
vt 0.00000 1.00000
vt 0.00000 1.00000
vt 0.00000 1.00000
vt 0.00000 1.00000
vt 0.00000 1.00000
vt 0.00000 1.00000
vt 0.00000 1.00000
vt 0.00000 1.00000
vt 0.00000 1.00000
vt 0.00000 1.00000
vt 0.00000 1.00000
vt 0.00000 1.00000
vt 0.00000 1.00000
vt 0.00000 1.00000
vt 0.00000 1.00000
vt 0.00000 1.00000
vt 0.00000 1.00000
vt 0.00000 1.00000
vt 0.00000 1.00000
vt 0.00000 1.00000
vt 0.00000 1.00000
vt 0.00000 1.00000
vt 0.00000 1.00000
vt 0.00000 1.00000
vt 0.00000 1.00000
vt 0.00000 1.00000
vt 0.00000 1.00000
vt 0.00000 1.00000
vt 0.00000 1.00000
vt 0.00000 1.00000
vt 0.00000 1.00000
vt 0.00000 1.00000
vt 0.00000 1.00000
vt 0.00000 1.00000
vt 0.00000 1.00000
vt 0.00000 1.00000
vt 0.00000 1.00000
vt 0.00000 1.00000
vt 0.00000 1.00000
vt 0.00000 1.00000
vt 0.00000 1.00000
vt 0.00000 1.00000
vt 0.00000 1.00000
vt 0.00000 1.00000
vt 0.00000 1.00000
vt 0.00000 1.00000
vt 0.00000 1.00000
vt 0.00000 1.00000
vt 0.00000 1.00000
vt 0.00000 1.00000
vt 0.00000 1.00000
vt 0.00000 1.00000
vt 0.00000 1.00000
vt 0.00000 1.00000
vt 0.00000 1.00000
vt 0.00000 1.00000
vt 0.00000 1.00000
vt 0.00000 1.00000
vt 0.00000 1.00000
vt 0.00000 1.00000
vt 0.00000 1.00000
vt 0.00000 1.00000
vt 0.00000 1.00000
vt 0.00000 1.00000
vt 0.00000 1.00000
vt 0.00000 1.00000
vt 0.00000 1.00000
vt 0.00000 1.00000
vt 0.00000 1.00000
vt 0.00000 1.00000
vt 0.00000 1.00000
vt 0.00000 1.00000
vt 0.00000 1.00000
vt 0.00000 1.00000
vt 0.00000 1.00000
vt 0.00000 1.00000
vt 0.00000 1.00000
vt 0.00000 1.00000
vt 0.00000 1.00000
vt 0.00000 1.00000
vt 0.00000 1.00000
vt 0.00000 1.00000
vt 0.00000 1.00000
vt 0.00000 1.00000
vt 0.00000 1.00000
vt 0.00000 1.00000
vt 0.00000 1.00000
vt 0.00000 1.00000
vt 0.00000 1.00000
vt 0.00000 1.00000
vt 0.00000 1.00000
vt 0.00000 1.00000
vt 0.00000 1.00000
vt 0.00000 1.00000
vt 0.00000 1.00000
vt 0.00000 1.00000
vt 0.00000 1.00000
vt 0.00000 1.00000
vt 0.00000 1.00000
vt 0.00000 1.00000
vt 0.00000 1.00000
vt 0.00000 1.00000
vt 0.00000 1.00000
vt 0.00000 1.00000
vt 0.00000 1.00000
vt 0.00000 1.00000
vt 0.00000 1.00000
vt 0.00000 1.00000
vt 0.00000 1.00000
vt 0.00000 1.00000
vt 0.00000 1.00000
vt 0.00000 1.00000
vt 0.00000 1.00000
vt 0.00000 1.00000
vt 0.00000 1.00000
vt 0.00000 1.00000
vt 0.00000 1.00000
vt 0.00000 1.00000
vt 0.00000 1.00000
vt 0.00000 1.00000
vt 0.00000 1.00000
vt 0.00000 1.00000
vt 0.00000 1.00000
vt 0.00000 1.00000
vt 0.00000 1.00000
vt 0.00000 1.00000
vt 0.00000 1.00000
vt 0.00000 1.00000
vt 0.00000 1.00000
vt 0.00000 1.00000
vt 0.00000 1.00000
vt 0.00000 1.00000
vt 0.00000 1.00000
vt 0.00000 1.00000
vt 0.00000 1.00000
vt 0.00000 1.00000
vt 0.00000 1.00000
vt 0.00000 1.00000
vt 0.00000 1.00000
vt 0.00000 1.00000
vt 0.00000 1.00000
vt 0.00000 1.00000
vt 0.00000 1.00000
vt 0.00000 1.00000
vt 0.00000 1.00000
vt 0.00000 1.00000
vt 0.00000 1.00000
vt 0.00000 1.00000
vt 0.00000 1.00000
vt 0.00000 1.00000
vt 0.00000 1.00000
vt 0.00000 1.00000
vt 0.00000 1.00000
vt 0.00000 1.00000
vt 0.00000 1.00000
vt 0.00000 1.00000
vt 0.00000 1.00000
vt 0.00000 1.00000
vt 0.00000 1.00000
vt 0.00000 1.00000
vt 0.00000 1.00000
vt 0.00000 1.00000
vt 0.00000 1.00000
vt 0.00000 1.00000
vt 0.00000 1.00000
vt 0.00000 1.00000
vt 0.00000 1.00000
vt 0.00000 1.00000
vt 0.00000 1.00000
vt 0.00000 1.00000
vt 0.00000 1.00000
vt 0.00000 1.00000
vt 0.00000 1.00000
vt 0.00000 1.00000
vt 0.00000 1.00000
vt 0.00000 1.00000
vt 0.00000 1.00000
vt 0.00000 1.00000
vt 0.00000 1.00000
vt 0.00000 1.00000
vt 0.00000 1.00000
vt 0.00000 1.00000
vt 0.00000 1.00000
vt 0.00000 1.00000
vt 0.00000 1.00000
vt 0.00000 1.00000
vt 0.00000 1.00000
vt 0.00000 1.00000
vt 0.00000 1.00000
vt 0.00000 1.00000
vt 0.00000 1.00000
vt 0.00000 1.00000
vt 0.00000 1.00000
vt 0.00000 1.00000
vt 0.00000 1.00000
vt 0.00000 1.00000
vt 0.00000 1.00000
vt 0.00000 1.00000
vt 0.00000 1.00000
vt 0.00000 1.00000
vt 0.00000 1.00000
vt 0.00000 1.00000
vt 0.00000 1.00000
vt 0.00000 1.00000
vt 0.00000 1.00000
vt 0.00000 1.00000
vt 0.00000 1.00000
vt 0.00000 1.00000
vt 0.00000 1.00000
vt 0.00000 1.00000
vt 0.00000 1.00000
vt 0.00000 1.00000
vt 0.00000 1.00000
vt 0.00000 1.00000
vt 0.00000 1.00000
vt 0.00000 1.00000
vt 0.00000 1.00000
vt 0.00000 1.00000
vt 0.00000 1.00000
vt 0.00000 1.00000
vt 0.00000 1.00000
vt 0.00000 1.00000
vt 0.00000 1.00000
vt 0.00000 1.00000
vt 0.00000 1.00000
vt 0.00000 1.00000
vt 0.00000 1.00000
vt 0.00000 1.00000
vt 0.00000 1.00000
vt 0.00000 1.00000
vt 0.00000 1.00000
vt 0.00000 1.00000
vt 0.00000 1.00000
vt 0.00000 1.00000
vt 0.00000 1.00000
vt 0.00000 1.00000
vt 0.00000 1.00000
vt 0.00000 1.00000
vt 0.00000 1.00000
vt 0.00000 1.00000
vt 0.00000 1.00000
vt 0.00000 1.00000
vt 0.00000 1.00000
vt 0.00000 1.00000
vt 0.00000 1.00000
vt 0.00000 1.00000
vt 0.00000 1.00000
vt 0.00000 1.00000
vt 0.00000 1.00000
vt 0.00000 1.00000
vt 0.00000 1.00000
vt 0.00000 1.00000
vt 0.00000 1.00000
vt 0.00000 1.00000
vt 0.00000 1.00000
vt 0.00000 1.00000
vt 0.00000 1.00000
vt 0.00000 1.00000
vt 0.00000 1.00000
vt 0.00000 1.00000
vt 0.00000 1.00000
vt 0.00000 1.00000
vt 0.00000 1.00000
vt 0.00000 1.00000
vt 0.00000 1.00000
vt 0.00000 1.00000
vt 0.00000 1.00000
vt 0.00000 1.00000
vt 0.00000 1.00000
vt 0.00000 1.00000
vt 0.00000 1.00000
vt 0.00000 1.00000
vt 0.00000 1.00000
vt 0.00000 1.00000
vt 0.00000 1.00000
vt 0.00000 1.00000
vt 0.00000 1.00000
vt 0.00000 1.00000
vt 0.00000 1.00000
vt 0.00000 1.00000
vt 0.00000 1.00000
vt 0.00000 1.00000
vt 0.00000 1.00000
vt 0.00000 1.00000
vt 0.00000 1.00000
vt 0.00000 1.00000
vt 0.00000 1.00000
vt 0.00000 1.00000
vt 0.00000 1.00000
vt 0.00000 1.00000
vt 0.00000 1.00000
vt 0.00000 1.00000
vt 0.00000 1.00000
vt 0.00000 1.00000
vt 0.00000 1.00000
vt 0.00000 1.00000
vt 0.00000 1.00000
vt 0.00000 1.00000
vt 0.00000 1.00000
vt 0.00000 1.00000
vt 0.00000 1.00000
vt 0.00000 1.00000
vt 0.00000 1.00000
vt 0.00000 1.00000
vt 0.00000 1.00000
vt 0.00000 1.00000
vt 0.00000 1.00000
vt 0.00000 1.00000
vt 0.00000 1.00000
vt 0.00000 1.00000
vt 0.00000 1.00000
vt 0.00000 1.00000
vt 0.00000 1.00000
vt 0.00000 1.00000
vt 0.00000 1.00000
vt 0.00000 1.00000
vt 0.00000 1.00000
vt 0.00000 1.00000
vt 0.00000 1.00000
vt 0.00000 1.00000
vt 0.00000 1.00000
vt 0.00000 1.00000
vt 0.00000 1.00000
vt 0.00000 1.00000
vt 0.00000 1.00000
vt 0.00000 1.00000
vt 0.00000 1.00000
vt 0.00000 1.00000
vt 0.00000 1.00000
vt 0.00000 1.00000
vt 0.00000 1.00000
vt 0.00000 1.00000
vt 0.00000 1.00000
vt 0.00000 1.00000
vt 0.00000 1.00000
vt 0.00000 1.00000
vt 0.00000 1.00000
vt 0.00000 1.00000
vt 0.00000 1.00000
vt 0.00000 1.00000
vt 0.00000 1.00000
vt 0.00000 1.00000
vt 0.00000 1.00000
vt 0.00000 1.00000
vt 0.00000 1.00000
vt 0.00000 1.00000
vt 0.00000 1.00000
vt 0.00000 1.00000
vt 0.00000 1.00000
vt 0.00000 1.00000
vt 0.00000 1.00000
vt 0.00000 1.00000
vt 0.00000 1.00000
vt 0.00000 1.00000
vt 0.00000 1.00000
vt 0.00000 1.00000
vt 0.00000 1.00000
vt 0.00000 1.00000
vt 0.00000 1.00000
vt 0.00000 1.00000
vt 0.00000 1.00000
vt 0.00000 1.00000
vt 0.00000 1.00000
vt 0.00000 1.00000
vt 0.00000 1.00000
vt 0.00000 1.00000
vt 0.00000 1.00000
vt 0.00000 1.00000
vt 0.00000 1.00000
vt 0.00000 1.00000
vt 0.00000 1.00000
vt 0.00000 1.00000
vt 0.00000 1.00000
vt 0.00000 1.00000
vt 0.00000 1.00000
vt 0.00000 1.00000
vt 0.00000 1.00000
vt 0.00000 1.00000
vt 0.00000 1.00000
vt 0.00000 1.00000
vt 0.00000 1.00000
vt 0.00000 1.00000
vt 0.00000 1.00000
vt 0.00000 1.00000
vt 0.00000 1.00000
vt 0.00000 1.00000
vt 0.00000 1.00000
vt 0.00000 1.00000
vt 0.00000 1.00000
vt 0.00000 1.00000
vt 0.00000 1.00000
vt 0.00000 1.00000
vt 0.00000 1.00000
vt 0.00000 1.00000
vt 0.00000 1.00000
vt 0.00000 1.00000
vt 0.00000 1.00000
vt 0.00000 1.00000
vt 0.00000 1.00000
vt 0.00000 1.00000
vt 0.00000 1.00000
vt 0.00000 1.00000
vt 0.00000 1.00000
vt 0.00000 1.00000
vt 0.00000 1.00000
vt 0.00000 1.00000
vt 0.00000 1.00000
vt 0.00000 1.00000
vt 0.00000 1.00000
vt 0.00000 1.00000
vt 0.00000 1.00000
vt 0.00000 1.00000
vt 0.00000 1.00000
vt 0.00000 1.00000
vt 0.00000 1.00000
vt 0.00000 1.00000
vt 0.00000 1.00000
vt 0.00000 1.00000
vt 0.00000 1.00000
vt 0.00000 1.00000
vt 0.00000 1.00000
vt 0.00000 1.00000
vt 0.00000 1.00000
vt 0.00000 1.00000
vt 0.00000 1.00000
vt 0.00000 1.00000
vt 0.00000 1.00000
vt 0.00000 1.00000
vt 0.00000 1.00000
vt 0.00000 1.00000
vt 0.00000 1.00000
vt 0.00000 1.00000
vt 0.00000 1.00000
vt 0.00000 1.00000
vt 0.00000 1.00000
vt 0.00000 1.00000
vt 0.00000 1.00000
vt 0.00000 1.00000
vt 0.00000 1.00000
vt 0.00000 1.00000
vt 0.00000 1.00000
vt 0.00000 1.00000
vt 0.00000 1.00000
vt 0.00000 1.00000
vt 0.00000 1.00000
vt 0.00000 1.00000
vt 0.00000 1.00000
vt 0.00000 1.00000
vt 0.00000 1.00000
vt 0.00000 1.00000
vt 0.00000 1.00000
vt 0.00000 1.00000
vt 0.00000 1.00000
vt 0.00000 1.00000
vt 0.00000 1.00000
vt 0.00000 1.00000
vt 0.00000 1.00000
vt 0.00000 1.00000
vt 0.00000 1.00000
vt 0.00000 1.00000
vt 0.00000 1.00000
vt 0.00000 1.00000
vt 0.00000 1.00000
vt 0.00000 1.00000
vt 0.00000 1.00000
vt 0.00000 1.00000
vt 0.00000 1.00000
vt 0.00000 1.00000
vt 0.00000 1.00000
vt 0.00000 1.00000
vt 0.00000 1.00000
vt 0.00000 1.00000
vt 0.00000 1.00000
vt 0.00000 1.00000
vt 0.00000 1.00000
vt 0.00000 1.00000
vt 0.00000 1.00000
vt 0.00000 1.00000
vt 0.00000 1.00000
vt 0.00000 1.00000
vt 0.00000 1.00000
vt 0.00000 1.00000
vt 0.00000 1.00000
vt 0.00000 1.00000
vt 0.00000 1.00000
vt 0.00000 1.00000
vt 0.00000 1.00000
vt 0.00000 1.00000
vt 0.00000 1.00000
vt 0.00000 1.00000
vt 0.00000 1.00000
vt 0.00000 1.00000
vt 0.00000 1.00000
vt 0.00000 1.00000
vt 0.00000 1.00000
vt 0.00000 1.00000
vt 0.00000 1.00000
vt 0.00000 1.00000
vt 0.00000 1.00000
vt 0.00000 1.00000
vt 0.00000 1.00000
vt 0.00000 1.00000
vt 0.00000 1.00000
vt 0.00000 1.00000
vt 0.00000 1.00000
vt 0.00000 1.00000
vt 0.00000 1.00000
vt 0.00000 1.00000
vt 0.00000 1.00000
vt 0.00000 1.00000
vt 0.00000 1.00000
vt 0.00000 1.00000
vt 0.00000 1.00000
vt 0.00000 1.00000
vt 0.00000 1.00000
vt 0.00000 1.00000
vt 0.00000 1.00000
vt 0.00000 1.00000
vt 0.00000 1.00000
vt 0.00000 1.00000
vt 0.00000 1.00000
vt 0.00000 1.00000
vt 0.00000 1.00000
vt 0.00000 1.00000
vt 0.00000 1.00000
vt 0.00000 1.00000
vt 0.00000 1.00000
vt 0.00000 1.00000
vt 0.00000 1.00000
vt 0.00000 1.00000
vt 0.00000 1.00000
vt 0.00000 1.00000
vt 0.00000 1.00000
vt 0.00000 1.00000
vt 0.00000 1.00000
vt 0.00000 1.00000
vt 0.00000 1.00000
vt 0.00000 1.00000
vt 0.00000 1.00000
vt 0.00000 1.00000
vt 0.00000 1.00000
vt 0.00000 1.00000
vt 0.00000 1.00000
vt 0.00000 1.00000
vt 0.00000 1.00000
vt 0.00000 1.00000
vt 0.00000 1.00000
vt 0.00000 1.00000
vt 0.00000 1.00000
vt 0.00000 1.00000
vt 0.00000 1.00000
vt 0.00000 1.00000
vt 0.00000 1.00000
vt 0.00000 1.00000
vt 0.00000 1.00000
vt 0.00000 1.00000
vt 0.00000 1.00000
vt 0.00000 1.00000
vt 0.00000 1.00000
vt 0.00000 1.00000
vt 0.00000 1.00000
vt 0.00000 1.00000
vt 0.00000 1.00000
vt 0.00000 1.00000
vt 0.00000 1.00000
vt 0.00000 1.00000
vt 0.00000 1.00000
vt 0.00000 1.00000
vt 0.00000 1.00000
vt 0.00000 1.00000
vt 0.00000 1.00000
vt 0.00000 1.00000
vt 0.00000 1.00000
vt 0.00000 1.00000
vt 0.00000 1.00000
vt 0.00000 1.00000
vt 0.00000 1.00000
vt 0.00000 1.00000
vt 0.00000 1.00000
vt 0.00000 1.00000
vt 0.00000 1.00000
vt 0.00000 1.00000
vt 0.00000 1.00000
vt 0.00000 1.00000
vt 0.00000 1.00000
vt 0.00000 1.00000
vt 0.00000 1.00000
vt 0.00000 1.00000
vt 0.00000 1.00000
vt 0.00000 1.00000
vt 0.00000 1.00000
vt 0.00000 1.00000
vt 0.00000 1.00000
vt 0.00000 1.00000
vt 0.00000 1.00000
vt 0.00000 1.00000
vt 0.00000 1.00000
vt 0.00000 1.00000
vt 0.00000 1.00000
vt 0.00000 1.00000
vt 0.00000 1.00000
vt 0.00000 1.00000
vt 0.00000 1.00000
vt 0.00000 1.00000
vt 0.00000 1.00000
vt 0.00000 1.00000
vt 0.00000 1.00000
vt 0.00000 1.00000
vt 0.00000 1.00000
vt 0.00000 1.00000
vt 0.00000 1.00000
vt 0.00000 1.00000
vt 0.00000 1.00000
vt 0.00000 1.00000
vt 0.00000 1.00000
vt 0.00000 1.00000
vt 0.00000 1.00000
vt 0.00000 1.00000
vt 0.00000 1.00000
vt 0.00000 1.00000
vt 0.00000 1.00000
vt 0.00000 1.00000
vt 0.00000 1.00000
vt 0.00000 1.00000
vt 0.00000 1.00000
vt 0.00000 1.00000
vt 0.00000 1.00000
vt 0.00000 1.00000
vt 0.00000 1.00000
vt 0.00000 1.00000
vt 0.00000 1.00000
vt 0.00000 1.00000
vt 0.00000 1.00000
vt 0.00000 1.00000
vt 0.00000 1.00000
vt 0.00000 1.00000
vt 0.00000 1.00000
vt 0.00000 1.00000
vt 0.00000 1.00000
vt 0.00000 1.00000
vt 0.00000 1.00000
vt 0.00000 1.00000
vt 0.00000 1.00000
vt 0.00000 1.00000
vt 0.00000 1.00000
vt 0.00000 1.00000
vt 0.00000 1.00000
vt 0.00000 1.00000
vt 0.00000 1.00000
vt 0.00000 1.00000
vt 0.00000 1.00000
vt 0.00000 1.00000
vt 0.00000 1.00000
vt 0.00000 1.00000
vt 0.00000 1.00000
vt 0.00000 1.00000
vt 0.00000 1.00000
vt 0.00000 1.00000
vt 0.00000 1.00000
vt 0.00000 1.00000
vt 0.00000 1.00000
vt 0.00000 1.00000
vt 0.00000 1.00000
vt 0.00000 1.00000
vt 0.00000 1.00000
vt 0.00000 1.00000
vt 0.00000 1.00000
vt 0.00000 1.00000
vt 0.00000 1.00000
vt 0.00000 1.00000
vt 0.00000 1.00000
vt 0.00000 1.00000
vt 0.00000 1.00000
vt 0.00000 1.00000
vt 0.00000 1.00000
vt 0.00000 1.00000
vt 0.00000 1.00000
vt 0.00000 1.00000
vt 0.00000 1.00000
vt 0.00000 1.00000
vt 0.00000 1.00000
vt 0.00000 1.00000
vt 0.00000 1.00000
vt 0.00000 1.00000
vt 0.00000 1.00000
vt 0.00000 1.00000
vt 0.00000 1.00000
vt 0.00000 1.00000
vt 0.00000 1.00000
vt 0.00000 1.00000
vt 0.00000 1.00000
vt 0.00000 1.00000
vt 0.00000 1.00000
vt 0.00000 1.00000
vt 0.00000 1.00000
vt 0.00000 1.00000
vt 0.00000 1.00000
vt 0.00000 1.00000
vt 0.00000 1.00000
vt 0.00000 1.00000
vt 0.00000 1.00000
vt 0.00000 1.00000
vt 0.00000 1.00000
vt 0.00000 1.00000
vt 0.00000 1.00000
vt 0.00000 1.00000
vt 0.00000 1.00000
vt 0.00000 1.00000
vt 0.00000 1.00000
vt 0.00000 1.00000
vt 0.00000 1.00000
vt 0.00000 1.00000
vt 0.00000 1.00000
vt 0.00000 1.00000
vt 0.00000 1.00000
vt 0.00000 1.00000
vt 0.00000 1.00000
vt 0.00000 1.00000
vt 0.00000 1.00000
vt 0.00000 1.00000
vt 0.00000 1.00000
vt 0.00000 1.00000
vt 0.00000 1.00000
vt 0.00000 1.00000
vt 0.00000 1.00000
vt 0.00000 1.00000
vt 0.00000 1.00000
vt 0.00000 1.00000
vt 0.00000 1.00000
vt 0.00000 1.00000
vt 0.00000 1.00000
vt 0.00000 1.00000
vt 0.00000 1.00000
vt 0.00000 1.00000
vt 0.00000 1.00000
vt 0.00000 1.00000
vt 0.00000 1.00000
vt 0.00000 1.00000
vt 0.00000 1.00000
vt 0.00000 1.00000
vt 0.00000 1.00000
vt 0.00000 1.00000
vt 0.00000 1.00000
vt 0.00000 1.00000
vt 0.00000 1.00000
vt 0.00000 1.00000
vt 0.00000 1.00000
vt 0.00000 1.00000
vt 0.00000 1.00000
vt 0.00000 1.00000
vt 0.00000 1.00000
vt 0.00000 1.00000
vt 0.00000 1.00000
vt 0.00000 1.00000
vt 0.00000 1.00000
vt 0.00000 1.00000
vt 0.00000 1.00000
vt 0.00000 1.00000
vt 0.00000 1.00000
vt 0.00000 1.00000
vt 0.00000 1.00000
vt 0.00000 1.00000
vt 0.00000 1.00000
vt 0.00000 1.00000
vt 0.00000 1.00000
vt 0.00000 1.00000
vt 0.00000 1.00000
vt 0.00000 1.00000
vt 0.00000 1.00000
vt 0.00000 1.00000
vt 0.00000 1.00000
vt 0.00000 1.00000
vt 0.00000 1.00000
vt 0.00000 1.00000
vt 0.00000 1.00000
vt 0.00000 1.00000
vt 0.00000 1.00000
vt 0.00000 1.00000
vt 0.00000 1.00000
vt 0.00000 1.00000
vt 0.00000 1.00000
vt 0.00000 1.00000
vt 0.00000 1.00000
vt 0.00000 1.00000
vt 0.00000 1.00000
vt 0.00000 1.00000
vt 0.00000 1.00000
vt 0.00000 1.00000
vt 0.00000 1.00000
vt 0.00000 1.00000
vt 0.00000 1.00000
vt 0.00000 1.00000
vt 0.00000 1.00000
vt 0.00000 1.00000
vt 0.00000 1.00000
vt 0.00000 1.00000
vt 0.00000 1.00000
vt 0.00000 1.00000
vt 0.00000 1.00000
vt 0.00000 1.00000
vt 0.00000 1.00000
vt 0.00000 1.00000
vt 0.00000 1.00000
vt 0.00000 1.00000
vt 0.00000 1.00000
vt 0.00000 1.00000
vt 0.00000 1.00000
vt 0.00000 1.00000
vt 0.00000 1.00000
vt 0.00000 1.00000
vt 0.00000 1.00000
vt 0.00000 1.00000
vt 0.00000 1.00000
vt 0.00000 1.00000
vt 0.00000 1.00000
vt 0.00000 1.00000
vt 0.00000 1.00000
vt 0.00000 1.00000
vt 0.00000 1.00000
vt 0.00000 1.00000
vt 0.00000 1.00000
vt 0.00000 1.00000
vt 0.00000 1.00000
vt 0.00000 1.00000
vt 0.00000 1.00000
vt 0.00000 1.00000
vt 0.00000 1.00000
vt 0.00000 1.00000
vt 0.00000 1.00000
vt 0.00000 1.00000
vt 0.00000 1.00000
vt 0.00000 1.00000
vt 0.00000 1.00000
vt 0.00000 1.00000
vt 0.00000 1.00000
vt 0.00000 1.00000
vt 0.00000 1.00000
vt 0.00000 1.00000
vt 0.00000 1.00000
vt 0.00000 1.00000
vt 0.00000 1.00000
vt 0.00000 1.00000
vt 0.00000 1.00000
vt 0.00000 1.00000
vt 0.00000 1.00000
vt 0.00000 1.00000
vt 0.00000 1.00000
vt 0.00000 1.00000
vt 0.00000 1.00000
vt 0.00000 1.00000
vt 0.00000 1.00000
vt 0.00000 1.00000
vt 0.00000 1.00000
vt 0.00000 1.00000
vt 0.00000 1.00000
vt 0.00000 1.00000
vt 0.00000 1.00000
vt 0.00000 1.00000
vt 0.00000 1.00000
vt 0.00000 1.00000
vt 0.00000 1.00000
vt 0.00000 1.00000
vt 0.00000 1.00000
vt 0.00000 1.00000
vt 0.00000 1.00000
vt 0.00000 1.00000
vt 0.00000 1.00000
vt 0.00000 1.00000
vt 0.00000 1.00000
vt 0.00000 1.00000
vt 0.00000 1.00000
vt 0.00000 1.00000
vt 0.00000 1.00000
vt 0.00000 1.00000
vt 0.00000 1.00000
vt 0.00000 1.00000
vt 0.00000 1.00000
vt 0.00000 1.00000
vt 0.00000 1.00000
vt 0.00000 1.00000
vt 0.00000 1.00000
vt 0.00000 1.00000
vt 0.00000 1.00000
vt 0.00000 1.00000
vt 0.00000 1.00000
vt 0.00000 1.00000
vt 0.00000 1.00000
vt 0.00000 1.00000
vt 0.00000 1.00000
vt 0.00000 1.00000
vt 0.00000 1.00000
vt 0.00000 1.00000
vt 0.00000 1.00000
vt 0.00000 1.00000
vt 0.00000 1.00000
vt 0.00000 1.00000
vt 0.00000 1.00000
vt 0.00000 1.00000
vt 0.00000 1.00000
vt 0.00000 1.00000
vt 0.00000 1.00000
vt 0.00000 1.00000
vt 0.00000 1.00000
vt 0.00000 1.00000
vt 0.00000 1.00000
vt 0.00000 1.00000
vt 0.00000 1.00000
vt 0.00000 1.00000
vt 0.00000 1.00000
vt 0.00000 1.00000
vt 0.00000 1.00000
vt 0.00000 1.00000
vt 0.00000 1.00000
vt 0.00000 1.00000
vt 0.00000 1.00000
vt 0.00000 1.00000
vt 0.00000 1.00000
vt 0.00000 1.00000
vt 0.00000 1.00000
vt 0.00000 1.00000
vt 0.00000 1.00000
vt 0.00000 1.00000
vt 0.00000 1.00000
vt 0.00000 1.00000
vt 0.00000 1.00000
vt 0.00000 1.00000
vt 0.00000 1.00000
vt 0.00000 1.00000
vt 0.00000 1.00000
vt 0.00000 1.00000
vt 0.00000 1.00000
vt 0.00000 1.00000
vt 0.00000 1.00000
vt 0.00000 1.00000
vt 0.00000 1.00000
vt 0.00000 1.00000
vt 0.00000 1.00000
vt 0.00000 1.00000
vt 0.00000 1.00000
vt 0.00000 1.00000
vt 0.00000 1.00000
vt 0.00000 1.00000
vt 0.00000 1.00000
vt 0.00000 1.00000
vt 0.00000 1.00000
vt 0.00000 1.00000
vt 0.00000 1.00000
vt 0.00000 1.00000
vt 0.00000 1.00000
vt 0.00000 1.00000
vt 0.00000 1.00000
vt 0.00000 1.00000
vt 0.00000 1.00000
vt 0.00000 1.00000
vt 0.00000 1.00000
vt 0.00000 1.00000
vt 0.00000 1.00000
vt 0.00000 1.00000
vt 0.00000 1.00000
vt 0.00000 1.00000
vt 0.00000 1.00000
vt 0.00000 1.00000
vt 0.00000 1.00000
vt 0.00000 1.00000
vt 0.00000 1.00000
vt 0.00000 1.00000
vt 0.00000 1.00000
vt 0.00000 1.00000
vt 0.00000 1.00000
vt 0.00000 1.00000
vt 0.00000 1.00000
vt 0.00000 1.00000
vt 0.00000 1.00000
vt 0.00000 1.00000
vt 0.00000 1.00000
vt 0.00000 1.00000
vt 0.00000 1.00000
vt 0.00000 1.00000
vt 0.00000 1.00000
vt 0.00000 1.00000
vt 0.00000 1.00000
vt 0.00000 1.00000
vt 0.00000 1.00000
vt 0.00000 1.00000
vt 0.00000 1.00000
vt 0.00000 1.00000
vt 0.00000 1.00000
vt 0.00000 1.00000
vt 0.00000 1.00000
vt 0.00000 1.00000
vt 0.00000 1.00000
vt 0.00000 1.00000
vt 0.00000 1.00000
vt 0.00000 1.00000
vt 0.00000 1.00000
vt 0.00000 1.00000
vt 0.00000 1.00000
vt 0.00000 1.00000
vt 0.00000 1.00000
vt 0.00000 1.00000
vt 0.00000 1.00000
vt 0.00000 1.00000
vt 0.00000 1.00000
vt 0.00000 1.00000
vt 0.00000 1.00000
vt 0.00000 1.00000
vt 0.00000 1.00000
vt 0.00000 1.00000
vt 0.00000 1.00000
vt 0.00000 1.00000
vt 0.00000 1.00000
vt 0.00000 1.00000
vt 0.00000 1.00000
vt 0.00000 1.00000
vt 0.00000 1.00000
vt 0.00000 1.00000
vt 0.00000 1.00000
vt 0.00000 1.00000
vt 0.00000 1.00000
vt 0.00000 1.00000
vt 0.00000 1.00000
vt 0.00000 1.00000
vt 0.00000 1.00000
vt 0.00000 1.00000
vt 0.00000 1.00000
vt 0.00000 1.00000
vt 0.00000 1.00000
vt 0.00000 1.00000
vt 0.00000 1.00000
vt 0.00000 1.00000
vt 0.00000 1.00000
vt 0.00000 1.00000
vt 0.00000 1.00000
vt 0.00000 1.00000
vt 0.00000 1.00000
vt 0.00000 1.00000
vt 0.00000 1.00000
vt 0.00000 1.00000
vt 0.00000 1.00000
vt 0.00000 1.00000
vt 0.00000 1.00000
vt 0.00000 1.00000
vt 0.00000 1.00000
vt 0.00000 1.00000
vt 0.00000 1.00000
vt 0.00000 1.00000
vt 0.00000 1.00000
vt 0.00000 1.00000
vt 0.00000 1.00000
vt 0.00000 1.00000
vt 0.00000 1.00000
vt 0.00000 1.00000
vt 0.00000 1.00000
vt 0.00000 1.00000
vt 0.00000 1.00000
vt 0.00000 1.00000
vt 0.00000 1.00000
vt 0.00000 1.00000
vt 0.00000 1.00000
vt 0.00000 1.00000
vt 0.00000 1.00000
vt 0.00000 1.00000
vt 0.00000 1.00000
vt 0.00000 1.00000
vt 0.00000 1.00000
vt 0.00000 1.00000
vt 0.00000 1.00000
vt 0.00000 1.00000
vt 0.00000 1.00000
vt 0.00000 1.00000
vt 0.00000 1.00000
vt 0.00000 1.00000
vt 0.00000 1.00000
vt 0.00000 1.00000
vt 0.00000 1.00000
vt 0.00000 1.00000
vt 0.00000 1.00000
vt 0.00000 1.00000
vt 0.00000 1.00000
vt 0.00000 1.00000
vt 0.00000 1.00000
vt 0.00000 1.00000
vt 0.00000 1.00000
vt 0.00000 1.00000
vt 0.00000 1.00000
vt 0.00000 1.00000
vt 0.00000 1.00000
vt 0.00000 1.00000
vt 0.00000 1.00000
vt 0.00000 1.00000
vt 0.00000 1.00000
vt 0.00000 1.00000
vt 0.00000 1.00000
vt 0.00000 1.00000
vt 0.00000 1.00000
vt 0.00000 1.00000
vt 0.00000 1.00000
vt 0.00000 1.00000
vt 0.00000 1.00000
vt 0.00000 1.00000
vt 0.00000 1.00000
vt 0.00000 1.00000
vt 0.00000 1.00000
vt 0.00000 1.00000
vt 0.00000 1.00000
vt 0.00000 1.00000
vt 0.00000 1.00000
vt 0.00000 1.00000
vt 0.00000 1.00000
vt 0.00000 1.00000
vt 0.00000 1.00000
vt 0.00000 1.00000
vt 0.00000 1.00000
vt 0.00000 1.00000
vt 0.00000 1.00000
vt 0.00000 1.00000
vt 0.00000 1.00000
vt 0.00000 1.00000
vt 0.00000 1.00000
vt 0.00000 1.00000
vt 0.00000 1.00000
vt 0.00000 1.00000
vt 0.00000 1.00000
vt 0.00000 1.00000
vt 0.00000 1.00000
vt 0.00000 1.00000
vt 0.00000 1.00000
vt 0.00000 1.00000
vt 0.00000 1.00000
vt 0.00000 1.00000
vt 0.00000 1.00000
vt 0.00000 1.00000
vt 0.00000 1.00000
vt 0.00000 1.00000
vt 0.00000 1.00000
vt 0.00000 1.00000
vt 0.00000 1.00000
vt 0.00000 1.00000
vt 0.00000 1.00000
vt 0.00000 1.00000
vt 0.00000 1.00000
vt 0.00000 1.00000
vt 0.00000 1.00000
vt 0.00000 1.00000
vt 0.00000 1.00000
vt 0.00000 1.00000
vt 0.00000 1.00000
vt 0.00000 1.00000
vt 0.00000 1.00000
vt 0.00000 1.00000
vt 0.00000 1.00000
vt 0.00000 1.00000
vt 0.00000 1.00000
vt 0.00000 1.00000
vt 0.00000 1.00000
vt 0.00000 1.00000
vt 0.00000 1.00000
vt 0.00000 1.00000
vt 0.00000 1.00000
vt 0.00000 1.00000
vt 0.00000 1.00000
vt 0.00000 1.00000
vt 0.00000 1.00000
vt 0.00000 1.00000
vt 0.00000 1.00000
vt 0.00000 1.00000
vt 0.00000 1.00000
vt 0.00000 1.00000
vt 0.00000 1.00000
vt 0.00000 1.00000
vt 0.00000 1.00000
vt 0.00000 1.00000
vt 0.00000 1.00000
vt 0.00000 1.00000
vt 0.00000 1.00000
vt 0.00000 1.00000
vt 0.00000 1.00000
vt 0.00000 1.00000
vt 0.00000 1.00000
vt 0.00000 1.00000
vt 0.00000 1.00000
vt 0.00000 1.00000
vt 0.00000 1.00000
vt 0.00000 1.00000
vt 0.00000 1.00000
vt 0.00000 1.00000
vt 0.00000 1.00000
vt 0.00000 1.00000
vt 0.00000 1.00000
vt 0.00000 1.00000
vt 0.00000 1.00000
vt 0.00000 1.00000
vt 0.00000 1.00000
vt 0.00000 1.00000
vt 0.00000 1.00000
vt 0.00000 1.00000
vt 0.00000 1.00000
vt 0.00000 1.00000
vt 0.00000 1.00000
vt 0.00000 1.00000
vt 0.00000 1.00000
vt 0.00000 1.00000
vt 0.00000 1.00000
vt 0.00000 1.00000
vt 0.00000 1.00000
vt 0.00000 1.00000
vt 0.00000 1.00000
vt 0.00000 1.00000
vt 0.00000 1.00000
vt 0.00000 1.00000
vt 0.00000 1.00000
vt 0.00000 1.00000
vt 0.00000 1.00000
vt 0.00000 1.00000
vt 0.00000 1.00000
vt 0.00000 1.00000
vt 0.00000 1.00000
vt 0.00000 1.00000
vt 0.00000 1.00000
vt 0.00000 1.00000
vt 0.00000 1.00000
vt 0.00000 1.00000
vt 0.00000 1.00000
vt 0.00000 1.00000
vt 0.00000 1.00000
vt 0.00000 1.00000
vt 0.00000 1.00000
vt 0.00000 1.00000
vt 0.00000 1.00000
vt 0.00000 1.00000
vt 0.00000 1.00000
vt 0.00000 1.00000
vt 0.00000 1.00000
vt 0.00000 1.00000
vt 0.00000 1.00000
vt 0.00000 1.00000
vt 0.00000 1.00000
vt 0.00000 1.00000
vt 0.00000 1.00000
vt 0.00000 1.00000
vt 0.00000 1.00000
vt 0.00000 1.00000
vt 0.00000 1.00000
vt 0.00000 1.00000
vt 0.00000 1.00000
vt 0.00000 1.00000
vt 0.00000 1.00000
vt 0.00000 1.00000
vt 0.00000 1.00000
vt 0.00000 1.00000
vt 0.00000 1.00000
vt 0.00000 1.00000
vt 0.00000 1.00000
vt 0.00000 1.00000
vt 0.00000 1.00000
vt 0.00000 1.00000
vt 0.00000 1.00000
vt 0.00000 1.00000
vt 0.00000 1.00000
vt 0.00000 1.00000
vt 0.00000 1.00000
vt 0.00000 1.00000
vt 0.00000 1.00000
vt 0.00000 1.00000
vt 0.00000 1.00000
vt 0.00000 1.00000
vt 0.00000 1.00000
vt 0.00000 1.00000
vt 0.00000 1.00000
vt 0.00000 1.00000
vt 0.00000 1.00000
vt 0.00000 1.00000
vt 0.00000 1.00000
vt 0.00000 1.00000
vt 0.00000 1.00000
vt 0.00000 1.00000
vt 0.00000 1.00000
usemtl needles
f 2185/2185 2186/2186 2187/2187
f 2188/2188 2189/2189 2190/2190
f 2191/2191 2192/2192 2193/2193
f 2194/2194 2195/2195 2196/2196
f 2197/2197 2198/2198 2199/2199
f 2200/2200 2201/2201 2202/2202
f 2203/2203 2204/2204 2205/2205
f 2206/2206 2207/2207 2208/2208
f 2209/2209 2210/2210 2211/2211
f 2212/2212 2213/2213 2214/2214
f 2215/2215 2216/2216 2217/2217
f 2218/2218 2219/2219 2220/2220
f 2221/2221 2222/2222 2223/2223
f 2224/2224 2225/2225 2226/2226
f 2227/2227 2228/2228 2229/2229
f 2230/2230 2231/2231 2232/2232
f 2233/2233 2234/2234 2235/2235
f 2236/2236 2237/2237 2238/2238
f 2239/2239 2240/2240 2241/2241
f 2242/2242 2243/2243 2244/2244
f 2245/2245 2246/2246 2247/2247
f 2248/2248 2249/2249 2250/2250
f 2251/2251 2252/2252 2253/2253
f 2254/2254 2255/2255 2256/2256
f 2257/2257 2258/2258 2259/2259
f 2260/2260 2261/2261 2262/2262
f 2263/2263 2264/2264 2265/2265
f 2266/2266 2267/2267 2268/2268
f 2269/2269 2270/2270 2271/2271
f 2272/2272 2273/2273 2274/2274
f 2275/2275 2276/2276 2277/2277
f 2278/2278 2279/2279 2280/2280
f 2281/2281 2282/2282 2283/2283
f 2284/2284 2285/2285 2286/2286
f 2287/2287 2288/2288 2289/2289
f 2290/2290 2291/2291 2292/2292
f 2293/2293 2294/2294 2295/2295
f 2296/2296 2297/2297 2298/2298
f 2299/2299 2300/2300 2301/2301
f 2302/2302 2303/2303 2304/2304
f 2305/2305 2306/2306 2307/2307
f 2308/2308 2309/2309 2310/2310
f 2311/2311 2312/2312 2313/2313
f 2314/2314 2315/2315 2316/2316
f 2317/2317 2318/2318 2319/2319
f 2320/2320 2321/2321 2322/2322
f 2323/2323 2324/2324 2325/2325
f 2326/2326 2327/2327 2328/2328
f 2329/2329 2330/2330 2331/2331
f 2332/2332 2333/2333 2334/2334
f 2335/2335 2336/2336 2337/2337
f 2338/2338 2339/2339 2340/2340
f 2341/2341 2342/2342 2343/2343
f 2344/2344 2345/2345 2346/2346
f 2347/2347 2348/2348 2349/2349
f 2350/2350 2351/2351 2352/2352
f 2353/2353 2354/2354 2355/2355
f 2356/2356 2357/2357 2358/2358
f 2359/2359 2360/2360 2361/2361
f 2362/2362 2363/2363 2364/2364
f 2365/2365 2366/2366 2367/2367
f 2368/2368 2369/2369 2370/2370
f 2371/2371 2372/2372 2373/2373
f 2374/2374 2375/2375 2376/2376
f 2377/2377 2378/2378 2379/2379
f 2380/2380 2381/2381 2382/2382
f 2383/2383 2384/2384 2385/2385
f 2386/2386 2387/2387 2388/2388
f 2389/2389 2390/2390 2391/2391
f 2392/2392 2393/2393 2394/2394
f 2395/2395 2396/2396 2397/2397
f 2398/2398 2399/2399 2400/2400
f 2401/2401 2402/2402 2403/2403
f 2404/2404 2405/2405 2406/2406
f 2407/2407 2408/2408 2409/2409
f 2410/2410 2411/2411 2412/2412
f 2413/2413 2414/2414 2415/2415
f 2416/2416 2417/2417 2418/2418
f 2419/2419 2420/2420 2421/2421
f 2422/2422 2423/2423 2424/2424
f 2425/2425 2426/2426 2427/2427
f 2428/2428 2429/2429 2430/2430
f 2431/2431 2432/2432 2433/2433
f 2434/2434 2435/2435 2436/2436
f 2437/2437 2438/2438 2439/2439
f 2440/2440 2441/2441 2442/2442
f 2443/2443 2444/2444 2445/2445
f 2446/2446 2447/2447 2448/2448
f 2449/2449 2450/2450 2451/2451
f 2452/2452 2453/2453 2454/2454
f 2455/2455 2456/2456 2457/2457
f 2458/2458 2459/2459 2460/2460
f 2461/2461 2462/2462 2463/2463
f 2464/2464 2465/2465 2466/2466
f 2467/2467 2468/2468 2469/2469
f 2470/2470 2471/2471 2472/2472
f 2473/2473 2474/2474 2475/2475
f 2476/2476 2477/2477 2478/2478
f 2479/2479 2480/2480 2481/2481
f 2482/2482 2483/2483 2484/2484
f 2485/2485 2486/2486 2487/2487
f 2488/2488 2489/2489 2490/2490
f 2491/2491 2492/2492 2493/2493
f 2494/2494 2495/2495 2496/2496
f 2497/2497 2498/2498 2499/2499
f 2500/2500 2501/2501 2502/2502
f 2503/2503 2504/2504 2505/2505
f 2506/2506 2507/2507 2508/2508
f 2509/2509 2510/2510 2511/2511
f 2512/2512 2513/2513 2514/2514
f 2515/2515 2516/2516 2517/2517
f 2518/2518 2519/2519 2520/2520
f 2521/2521 2522/2522 2523/2523
f 2524/2524 2525/2525 2526/2526
f 2527/2527 2528/2528 2529/2529
f 2530/2530 2531/2531 2532/2532
f 2533/2533 2534/2534 2535/2535
f 2536/2536 2537/2537 2538/2538
f 2539/2539 2540/2540 2541/2541
f 2542/2542 2543/2543 2544/2544
f 2545/2545 2546/2546 2547/2547
f 2548/2548 2549/2549 2550/2550
f 2551/2551 2552/2552 2553/2553
f 2554/2554 2555/2555 2556/2556
f 2557/2557 2558/2558 2559/2559
f 2560/2560 2561/2561 2562/2562
f 2563/2563 2564/2564 2565/2565
f 2566/2566 2567/2567 2568/2568
f 2569/2569 2570/2570 2571/2571
f 2572/2572 2573/2573 2574/2574
f 2575/2575 2576/2576 2577/2577
f 2578/2578 2579/2579 2580/2580
f 2581/2581 2582/2582 2583/2583
f 2584/2584 2585/2585 2586/2586
f 2587/2587 2588/2588 2589/2589
f 2590/2590 2591/2591 2592/2592
f 2593/2593 2594/2594 2595/2595
f 2596/2596 2597/2597 2598/2598
f 2599/2599 2600/2600 2601/2601
f 2602/2602 2603/2603 2604/2604
f 2605/2605 2606/2606 2607/2607
f 2608/2608 2609/2609 2610/2610
f 2611/2611 2612/2612 2613/2613
f 2614/2614 2615/2615 2616/2616
f 2617/2617 2618/2618 2619/2619
f 2620/2620 2621/2621 2622/2622
f 2623/2623 2624/2624 2625/2625
f 2626/2626 2627/2627 2628/2628
f 2629/2629 2630/2630 2631/2631
f 2632/2632 2633/2633 2634/2634
f 2635/2635 2636/2636 2637/2637
f 2638/2638 2639/2639 2640/2640
f 2641/2641 2642/2642 2643/2643
f 2644/2644 2645/2645 2646/2646
f 2647/2647 2648/2648 2649/2649
f 2650/2650 2651/2651 2652/2652
f 2653/2653 2654/2654 2655/2655
f 2656/2656 2657/2657 2658/2658
f 2659/2659 2660/2660 2661/2661
f 2662/2662 2663/2663 2664/2664
f 2665/2665 2666/2666 2667/2667
f 2668/2668 2669/2669 2670/2670
f 2671/2671 2672/2672 2673/2673
f 2674/2674 2675/2675 2676/2676
f 2677/2677 2678/2678 2679/2679
f 2680/2680 2681/2681 2682/2682
f 2683/2683 2684/2684 2685/2685
f 2686/2686 2687/2687 2688/2688
f 2689/2689 2690/2690 2691/2691
f 2692/2692 2693/2693 2694/2694
f 2695/2695 2696/2696 2697/2697
f 2698/2698 2699/2699 2700/2700
f 2701/2701 2702/2702 2703/2703
f 2704/2704 2705/2705 2706/2706
f 2707/2707 2708/2708 2709/2709
f 2710/2710 2711/2711 2712/2712
f 2713/2713 2714/2714 2715/2715
f 2716/2716 2717/2717 2718/2718
f 2719/2719 2720/2720 2721/2721
f 2722/2722 2723/2723 2724/2724
f 2725/2725 2726/2726 2727/2727
f 2728/2728 2729/2729 2730/2730
f 2731/2731 2732/2732 2733/2733
f 2734/2734 2735/2735 2736/2736
f 2737/2737 2738/2738 2739/2739
f 2740/2740 2741/2741 2742/2742
f 2743/2743 2744/2744 2745/2745
f 2746/2746 2747/2747 2748/2748
f 2749/2749 2750/2750 2751/2751
f 2752/2752 2753/2753 2754/2754
f 2755/2755 2756/2756 2757/2757
f 2758/2758 2759/2759 2760/2760
f 2761/2761 2762/2762 2763/2763
f 2764/2764 2765/2765 2766/2766
f 2767/2767 2768/2768 2769/2769
f 2770/2770 2771/2771 2772/2772
f 2773/2773 2774/2774 2775/2775
f 2776/2776 2777/2777 2778/2778
f 2779/2779 2780/2780 2781/2781
f 2782/2782 2783/2783 2784/2784
f 2785/2785 2786/2786 2787/2787
f 2788/2788 2789/2789 2790/2790
f 2791/2791 2792/2792 2793/2793
f 2794/2794 2795/2795 2796/2796
f 2797/2797 2798/2798 2799/2799
f 2800/2800 2801/2801 2802/2802
f 2803/2803 2804/2804 2805/2805
f 2806/2806 2807/2807 2808/2808
f 2809/2809 2810/2810 2811/2811
f 2812/2812 2813/2813 2814/2814
f 2815/2815 2816/2816 2817/2817
f 2818/2818 2819/2819 2820/2820
f 2821/2821 2822/2822 2823/2823
f 2824/2824 2825/2825 2826/2826
f 2827/2827 2828/2828 2829/2829
f 2830/2830 2831/2831 2832/2832
f 2833/2833 2834/2834 2835/2835
f 2836/2836 2837/2837 2838/2838
f 2839/2839 2840/2840 2841/2841
f 2842/2842 2843/2843 2844/2844
f 2845/2845 2846/2846 2847/2847
f 2848/2848 2849/2849 2850/2850
f 2851/2851 2852/2852 2853/2853
f 2854/2854 2855/2855 2856/2856
f 2857/2857 2858/2858 2859/2859
f 2860/2860 2861/2861 2862/2862
f 2863/2863 2864/2864 2865/2865
f 2866/2866 2867/2867 2868/2868
f 2869/2869 2870/2870 2871/2871
f 2872/2872 2873/2873 2874/2874
f 2875/2875 2876/2876 2877/2877
f 2878/2878 2879/2879 2880/2880
f 2881/2881 2882/2882 2883/2883
f 2884/2884 2885/2885 2886/2886
f 2887/2887 2888/2888 2889/2889
f 2890/2890 2891/2891 2892/2892
f 2893/2893 2894/2894 2895/2895
f 2896/2896 2897/2897 2898/2898
f 2899/2899 2900/2900 2901/2901
f 2902/2902 2903/2903 2904/2904
f 2905/2905 2906/2906 2907/2907
f 2908/2908 2909/2909 2910/2910
f 2911/2911 2912/2912 2913/2913
f 2914/2914 2915/2915 2916/2916
f 2917/2917 2918/2918 2919/2919
f 2920/2920 2921/2921 2922/2922
f 2923/2923 2924/2924 2925/2925
f 2926/2926 2927/2927 2928/2928
f 2929/2929 2930/2930 2931/2931
f 2932/2932 2933/2933 2934/2934
f 2935/2935 2936/2936 2937/2937
f 2938/2938 2939/2939 2940/2940
f 2941/2941 2942/2942 2943/2943
f 2944/2944 2945/2945 2946/2946
f 2947/2947 2948/2948 2949/2949
f 2950/2950 2951/2951 2952/2952
f 2953/2953 2954/2954 2955/2955
f 2956/2956 2957/2957 2958/2958
f 2959/2959 2960/2960 2961/2961
f 2962/2962 2963/2963 2964/2964
f 2965/2965 2966/2966 2967/2967
f 2968/2968 2969/2969 2970/2970
f 2971/2971 2972/2972 2973/2973
f 2974/2974 2975/2975 2976/2976
f 2977/2977 2978/2978 2979/2979
f 2980/2980 2981/2981 2982/2982
f 2983/2983 2984/2984 2985/2985
f 2986/2986 2987/2987 2988/2988
f 2989/2989 2990/2990 2991/2991
f 2992/2992 2993/2993 2994/2994
f 2995/2995 2996/2996 2997/2997
f 2998/2998 2999/2999 3000/3000
f 3001/3001 3002/3002 3003/3003
f 3004/3004 3005/3005 3006/3006
f 3007/3007 3008/3008 3009/3009
f 3010/3010 3011/3011 3012/3012
f 3013/3013 3014/3014 3015/3015
f 3016/3016 3017/3017 3018/3018
f 3019/3019 3020/3020 3021/3021
f 3022/3022 3023/3023 3024/3024
f 3025/3025 3026/3026 3027/3027
f 3028/3028 3029/3029 3030/3030
f 3031/3031 3032/3032 3033/3033
f 3034/3034 3035/3035 3036/3036
f 3037/3037 3038/3038 3039/3039
f 3040/3040 3041/3041 3042/3042
f 3043/3043 3044/3044 3045/3045
f 3046/3046 3047/3047 3048/3048
f 3049/3049 3050/3050 3051/3051
f 3052/3052 3053/3053 3054/3054
f 3055/3055 3056/3056 3057/3057
f 3058/3058 3059/3059 3060/3060
f 3061/3061 3062/3062 3063/3063
f 3064/3064 3065/3065 3066/3066
f 3067/3067 3068/3068 3069/3069
f 3070/3070 3071/3071 3072/3072
f 3073/3073 3074/3074 3075/3075
f 3076/3076 3077/3077 3078/3078
f 3079/3079 3080/3080 3081/3081
f 3082/3082 3083/3083 3084/3084
f 3085/3085 3086/3086 3087/3087
f 3088/3088 3089/3089 3090/3090
f 3091/3091 3092/3092 3093/3093
f 3094/3094 3095/3095 3096/3096
f 3097/3097 3098/3098 3099/3099
f 3100/3100 3101/3101 3102/3102
f 3103/3103 3104/3104 3105/3105
f 3106/3106 3107/3107 3108/3108
f 3109/3109 3110/3110 3111/3111
f 3112/3112 3113/3113 3114/3114
f 3115/3115 3116/3116 3117/3117
f 3118/3118 3119/3119 3120/3120
f 3121/3121 3122/3122 3123/3123
f 3124/3124 3125/3125 3126/3126
f 3127/3127 3128/3128 3129/3129
f 3130/3130 3131/3131 3132/3132
f 3133/3133 3134/3134 3135/3135
f 3136/3136 3137/3137 3138/3138
f 3139/3139 3140/3140 3141/3141
f 3142/3142 3143/3143 3144/3144
f 3145/3145 3146/3146 3147/3147
f 3148/3148 3149/3149 3150/3150
f 3151/3151 3152/3152 3153/3153
f 3154/3154 3155/3155 3156/3156
f 3157/3157 3158/3158 3159/3159
f 3160/3160 3161/3161 3162/3162
f 3163/3163 3164/3164 3165/3165
f 3166/3166 3167/3167 3168/3168
f 3169/3169 3170/3170 3171/3171
f 3172/3172 3173/3173 3174/3174
f 3175/3175 3176/3176 3177/3177
f 3178/3178 3179/3179 3180/3180
f 3181/3181 3182/3182 3183/3183
f 3184/3184 3185/3185 3186/3186
f 3187/3187 3188/3188 3189/3189
f 3190/3190 3191/3191 3192/3192
f 3193/3193 3194/3194 3195/3195
f 3196/3196 3197/3197 3198/3198
f 3199/3199 3200/3200 3201/3201
f 3202/3202 3203/3203 3204/3204
f 3205/3205 3206/3206 3207/3207
f 3208/3208 3209/3209 3210/3210
f 3211/3211 3212/3212 3213/3213
f 3214/3214 3215/3215 3216/3216
f 3217/3217 3218/3218 3219/3219
f 3220/3220 3221/3221 3222/3222
f 3223/3223 3224/3224 3225/3225
f 3226/3226 3227/3227 3228/3228
f 3229/3229 3230/3230 3231/3231
f 3232/3232 3233/3233 3234/3234
f 3235/3235 3236/3236 3237/3237
f 3238/3238 3239/3239 3240/3240
f 3241/3241 3242/3242 3243/3243
f 3244/3244 3245/3245 3246/3246
f 3247/3247 3248/3248 3249/3249
f 3250/3250 3251/3251 3252/3252
f 3253/3253 3254/3254 3255/3255
f 3256/3256 3257/3257 3258/3258
f 3259/3259 3260/3260 3261/3261
f 3262/3262 3263/3263 3264/3264
f 3265/3265 3266/3266 3267/3267
f 3268/3268 3269/3269 3270/3270
f 3271/3271 3272/3272 3273/3273
f 3274/3274 3275/3275 3276/3276
f 3277/3277 3278/3278 3279/3279
f 3280/3280 3281/3281 3282/3282
f 3283/3283 3284/3284 3285/3285
f 3286/3286 3287/3287 3288/3288
f 3289/3289 3290/3290 3291/3291
f 3292/3292 3293/3293 3294/3294
f 3295/3295 3296/3296 3297/3297
f 3298/3298 3299/3299 3300/3300
f 3301/3301 3302/3302 3303/3303
f 3304/3304 3305/3305 3306/3306
f 3307/3307 3308/3308 3309/3309
f 3310/3310 3311/3311 3312/3312
f 3313/3313 3314/3314 3315/3315
f 3316/3316 3317/3317 3318/3318
f 3319/3319 3320/3320 3321/3321
f 3322/3322 3323/3323 3324/3324
f 3325/3325 3326/3326 3327/3327
f 3328/3328 3329/3329 3330/3330
f 3331/3331 3332/3332 3333/3333
f 3334/3334 3335/3335 3336/3336
f 3337/3337 3338/3338 3339/3339
f 3340/3340 3341/3341 3342/3342
f 3343/3343 3344/3344 3345/3345
f 3346/3346 3347/3347 3348/3348
f 3349/3349 3350/3350 3351/3351
f 3352/3352 3353/3353 3354/3354
f 3355/3355 3356/3356 3357/3357
f 3358/3358 3359/3359 3360/3360
f 3361/3361 3362/3362 3363/3363
f 3364/3364 3365/3365 3366/3366
f 3367/3367 3368/3368 3369/3369
f 3370/3370 3371/3371 3372/3372
f 3373/3373 3374/3374 3375/3375
f 3376/3376 3377/3377 3378/3378
f 3379/3379 3380/3380 3381/3381
f 3382/3382 3383/3383 3384/3384
f 3385/3385 3386/3386 3387/3387
f 3388/3388 3389/3389 3390/3390
f 3391/3391 3392/3392 3393/3393
f 3394/3394 3395/3395 3396/3396
f 3397/3397 3398/3398 3399/3399
f 3400/3400 3401/3401 3402/3402
f 3403/3403 3404/3404 3405/3405
f 3406/3406 3407/3407 3408/3408
f 3409/3409 3410/3410 3411/3411
f 3412/3412 3413/3413 3414/3414
f 3415/3415 3416/3416 3417/3417
f 3418/3418 3419/3419 3420/3420
f 3421/3421 3422/3422 3423/3423
f 3424/3424 3425/3425 3426/3426
f 3427/3427 3428/3428 3429/3429
f 3430/3430 3431/3431 3432/3432
f 3433/3433 3434/3434 3435/3435
f 3436/3436 3437/3437 3438/3438
f 3439/3439 3440/3440 3441/3441
f 3442/3442 3443/3443 3444/3444
f 3445/3445 3446/3446 3447/3447
f 3448/3448 3449/3449 3450/3450
f 3451/3451 3452/3452 3453/3453
f 3454/3454 3455/3455 3456/3456
f 3457/3457 3458/3458 3459/3459
f 3460/3460 3461/3461 3462/3462
f 3463/3463 3464/3464 3465/3465
f 3466/3466 3467/3467 3468/3468
f 3469/3469 3470/3470 3471/3471
f 3472/3472 3473/3473 3474/3474
f 3475/3475 3476/3476 3477/3477
f 3478/3478 3479/3479 3480/3480
f 3481/3481 3482/3482 3483/3483
f 3484/3484 3485/3485 3486/3486
f 3487/3487 3488/3488 3489/3489
f 3490/3490 3491/3491 3492/3492
f 3493/3493 3494/3494 3495/3495
f 3496/3496 3497/3497 3498/3498
f 3499/3499 3500/3500 3501/3501
f 3502/3502 3503/3503 3504/3504
f 3505/3505 3506/3506 3507/3507
f 3508/3508 3509/3509 3510/3510
f 3511/3511 3512/3512 3513/3513
f 3514/3514 3515/3515 3516/3516
f 3517/3517 3518/3518 3519/3519
f 3520/3520 3521/3521 3522/3522
f 3523/3523 3524/3524 3525/3525
f 3526/3526 3527/3527 3528/3528
f 3529/3529 3530/3530 3531/3531
f 3532/3532 3533/3533 3534/3534
f 3535/3535 3536/3536 3537/3537
f 3538/3538 3539/3539 3540/3540
f 3541/3541 3542/3542 3543/3543
f 3544/3544 3545/3545 3546/3546
f 3547/3547 3548/3548 3549/3549
f 3550/3550 3551/3551 3552/3552
f 3553/3553 3554/3554 3555/3555
f 3556/3556 3557/3557 3558/3558
f 3559/3559 3560/3560 3561/3561
f 3562/3562 3563/3563 3564/3564
f 3565/3565 3566/3566 3567/3567
f 3568/3568 3569/3569 3570/3570
f 3571/3571 3572/3572 3573/3573
f 3574/3574 3575/3575 3576/3576
f 3577/3577 3578/3578 3579/3579
f 3580/3580 3581/3581 3582/3582
f 3583/3583 3584/3584 3585/3585
f 3586/3586 3587/3587 3588/3588
f 3589/3589 3590/3590 3591/3591
f 3592/3592 3593/3593 3594/3594
f 3595/3595 3596/3596 3597/3597
f 3598/3598 3599/3599 3600/3600
f 3601/3601 3602/3602 3603/3603
f 3604/3604 3605/3605 3606/3606
f 3607/3607 3608/3608 3609/3609
f 3610/3610 3611/3611 3612/3612
f 3613/3613 3614/3614 3615/3615
f 3616/3616 3617/3617 3618/3618
f 3619/3619 3620/3620 3621/3621
f 3622/3622 3623/3623 3624/3624
f 3625/3625 3626/3626 3627/3627
f 3628/3628 3629/3629 3630/3630
f 3631/3631 3632/3632 3633/3633
f 3634/3634 3635/3635 3636/3636
f 3637/3637 3638/3638 3639/3639
f 3640/3640 3641/3641 3642/3642
f 3643/3643 3644/3644 3645/3645
f 3646/3646 3647/3647 3648/3648
f 3649/3649 3650/3650 3651/3651
f 3652/3652 3653/3653 3654/3654
f 3655/3655 3656/3656 3657/3657
f 3658/3658 3659/3659 3660/3660
f 3661/3661 3662/3662 3663/3663
f 3664/3664 3665/3665 3666/3666
f 3667/3667 3668/3668 3669/3669
f 3670/3670 3671/3671 3672/3672
f 3673/3673 3674/3674 3675/3675
f 3676/3676 3677/3677 3678/3678
f 3679/3679 3680/3680 3681/3681
f 3682/3682 3683/3683 3684/3684
f 3685/3685 3686/3686 3687/3687
f 3688/3688 3689/3689 3690/3690
f 3691/3691 3692/3692 3693/3693
f 3694/3694 3695/3695 3696/3696
f 3697/3697 3698/3698 3699/3699
f 3700/3700 3701/3701 3702/3702
f 3703/3703 3704/3704 3705/3705
f 3706/3706 3707/3707 3708/3708
f 3709/3709 3710/3710 3711/3711
f 3712/3712 3713/3713 3714/3714
f 3715/3715 3716/3716 3717/3717
f 3718/3718 3719/3719 3720/3720
f 3721/3721 3722/3722 3723/3723
f 3724/3724 3725/3725 3726/3726
f 3727/3727 3728/3728 3729/3729
f 3730/3730 3731/3731 3732/3732
f 3733/3733 3734/3734 3735/3735
f 3736/3736 3737/3737 3738/3738
f 3739/3739 3740/3740 3741/3741
f 3742/3742 3743/3743 3744/3744
f 3745/3745 3746/3746 3747/3747
f 3748/3748 3749/3749 3750/3750
f 3751/3751 3752/3752 3753/3753
f 3754/3754 3755/3755 3756/3756
f 3757/3757 3758/3758 3759/3759
f 3760/3760 3761/3761 3762/3762
f 3763/3763 3764/3764 3765/3765
f 3766/3766 3767/3767 3768/3768
f 3769/3769 3770/3770 3771/3771
f 3772/3772 3773/3773 3774/3774
f 3775/3775 3776/3776 3777/3777
f 3778/3778 3779/3779 3780/3780
f 3781/3781 3782/3782 3783/3783
f 3784/3784 3785/3785 3786/3786
f 3787/3787 3788/3788 3789/3789
f 3790/3790 3791/3791 3792/3792
f 3793/3793 3794/3794 3795/3795
f 3796/3796 3797/3797 3798/3798
f 3799/3799 3800/3800 3801/3801
f 3802/3802 3803/3803 3804/3804
f 3805/3805 3806/3806 3807/3807
f 3808/3808 3809/3809 3810/3810
f 3811/3811 3812/3812 3813/3813
f 3814/3814 3815/3815 3816/3816
f 3817/3817 3818/3818 3819/3819
f 3820/3820 3821/3821 3822/3822
f 3823/3823 3824/3824 3825/3825
f 3826/3826 3827/3827 3828/3828
f 3829/3829 3830/3830 3831/3831
f 3832/3832 3833/3833 3834/3834
f 3835/3835 3836/3836 3837/3837
f 3838/3838 3839/3839 3840/3840
f 3841/3841 3842/3842 3843/3843
f 3844/3844 3845/3845 3846/3846
f 3847/3847 3848/3848 3849/3849
f 3850/3850 3851/3851 3852/3852
f 3853/3853 3854/3854 3855/3855
f 3856/3856 3857/3857 3858/3858
f 3859/3859 3860/3860 3861/3861
f 3862/3862 3863/3863 3864/3864
f 3865/3865 3866/3866 3867/3867
f 3868/3868 3869/3869 3870/3870
f 3871/3871 3872/3872 3873/3873
f 3874/3874 3875/3875 3876/3876
f 3877/3877 3878/3878 3879/3879
f 3880/3880 3881/3881 3882/3882
f 3883/3883 3884/3884 3885/3885
f 3886/3886 3887/3887 3888/3888
f 3889/3889 3890/3890 3891/3891
f 3892/3892 3893/3893 3894/3894
f 3895/3895 3896/3896 3897/3897
f 3898/3898 3899/3899 3900/3900
f 3901/3901 3902/3902 3903/3903
f 3904/3904 3905/3905 3906/3906
f 3907/3907 3908/3908 3909/3909
f 3910/3910 3911/3911 3912/3912
f 3913/3913 3914/3914 3915/3915
f 3916/3916 3917/3917 3918/3918
f 3919/3919 3920/3920 3921/3921
f 3922/3922 3923/3923 3924/3924
f 3925/3925 3926/3926 3927/3927
f 3928/3928 3929/3929 3930/3930
f 3931/3931 3932/3932 3933/3933
f 3934/3934 3935/3935 3936/3936
f 3937/3937 3938/3938 3939/3939
f 3940/3940 3941/3941 3942/3942
f 3943/3943 3944/3944 3945/3945
f 3946/3946 3947/3947 3948/3948
f 3949/3949 3950/3950 3951/3951
f 3952/3952 3953/3953 3954/3954
f 3955/3955 3956/3956 3957/3957
f 3958/3958 3959/3959 3960/3960
f 3961/3961 3962/3962 3963/3963
f 3964/3964 3965/3965 3966/3966
f 3967/3967 3968/3968 3969/3969
f 3970/3970 3971/3971 3972/3972
f 3973/3973 3974/3974 3975/3975
f 3976/3976 3977/3977 3978/3978
f 3979/3979 3980/3980 3981/3981
f 3982/3982 3983/3983 3984/3984
f 3985/3985 3986/3986 3987/3987
f 3988/3988 3989/3989 3990/3990
f 3991/3991 3992/3992 3993/3993
f 3994/3994 3995/3995 3996/3996
f 3997/3997 3998/3998 3999/3999
f 4000/4000 4001/4001 4002/4002
f 4003/4003 4004/4004 4005/4005
f 4006/4006 4007/4007 4008/4008
f 4009/4009 4010/4010 4011/4011
f 4012/4012 4013/4013 4014/4014
f 4015/4015 4016/4016 4017/4017
f 4018/4018 4019/4019 4020/4020
f 4021/4021 4022/4022 4023/4023
f 4024/4024 4025/4025 4026/4026
f 4027/4027 4028/4028 4029/4029
f 4030/4030 4031/4031 4032/4032
f 4033/4033 4034/4034 4035/4035
f 4036/4036 4037/4037 4038/4038
f 4039/4039 4040/4040 4041/4041
f 4042/4042 4043/4043 4044/4044
f 4045/4045 4046/4046 4047/4047
f 4048/4048 4049/4049 4050/4050
f 4051/4051 4052/4052 4053/4053
f 4054/4054 4055/4055 4056/4056
f 4057/4057 4058/4058 4059/4059
f 4060/4060 4061/4061 4062/4062
f 4063/4063 4064/4064 4065/4065
f 4066/4066 4067/4067 4068/4068
f 4069/4069 4070/4070 4071/4071
f 4072/4072 4073/4073 4074/4074
f 4075/4075 4076/4076 4077/4077
f 4078/4078 4079/4079 4080/4080
f 4081/4081 4082/4082 4083/4083
f 4084/4084 4085/4085 4086/4086
f 4087/4087 4088/4088 4089/4089
f 4090/4090 4091/4091 4092/4092
f 4093/4093 4094/4094 4095/4095
f 4096/4096 4097/4097 4098/4098
f 4099/4099 4100/4100 4101/4101
f 4102/4102 4103/4103 4104/4104
f 4105/4105 4106/4106 4107/4107
f 4108/4108 4109/4109 4110/4110
f 4111/4111 4112/4112 4113/4113
f 4114/4114 4115/4115 4116/4116
f 4117/4117 4118/4118 4119/4119
f 4120/4120 4121/4121 4122/4122
f 4123/4123 4124/4124 4125/4125
f 4126/4126 4127/4127 4128/4128
f 4129/4129 4130/4130 4131/4131
f 4132/4132 4133/4133 4134/4134
f 4135/4135 4136/4136 4137/4137
f 4138/4138 4139/4139 4140/4140
f 4141/4141 4142/4142 4143/4143
f 4144/4144 4145/4145 4146/4146
f 4147/4147 4148/4148 4149/4149
f 4150/4150 4151/4151 4152/4152
f 4153/4153 4154/4154 4155/4155
f 4156/4156 4157/4157 4158/4158
f 4159/4159 4160/4160 4161/4161
f 4162/4162 4163/4163 4164/4164
f 4165/4165 4166/4166 4167/4167
f 4168/4168 4169/4169 4170/4170
f 4171/4171 4172/4172 4173/4173
f 4174/4174 4175/4175 4176/4176
f 4177/4177 4178/4178 4179/4179
f 4180/4180 4181/4181 4182/4182
f 4183/4183 4184/4184 4185/4185
f 4186/4186 4187/4187 4188/4188
f 4189/4189 4190/4190 4191/4191
f 4192/4192 4193/4193 4194/4194
f 4195/4195 4196/4196 4197/4197
f 4198/4198 4199/4199 4200/4200
f 4201/4201 4202/4202 4203/4203
f 4204/4204 4205/4205 4206/4206
f 4207/4207 4208/4208 4209/4209
f 4210/4210 4211/4211 4212/4212
f 4213/4213 4214/4214 4215/4215
f 4216/4216 4217/4217 4218/4218
f 4219/4219 4220/4220 4221/4221
f 4222/4222 4223/4223 4224/4224
f 4225/4225 4226/4226 4227/4227
f 4228/4228 4229/4229 4230/4230
f 4231/4231 4232/4232 4233/4233
f 4234/4234 4235/4235 4236/4236
f 4237/4237 4238/4238 4239/4239
f 4240/4240 4241/4241 4242/4242
f 4243/4243 4244/4244 4245/4245
f 4246/4246 4247/4247 4248/4248
f 4249/4249 4250/4250 4251/4251
f 4252/4252 4253/4253 4254/4254
f 4255/4255 4256/4256 4257/4257
f 4258/4258 4259/4259 4260/4260
f 4261/4261 4262/4262 4263/4263
f 4264/4264 4265/4265 4266/4266
f 4267/4267 4268/4268 4269/4269
f 4270/4270 4271/4271 4272/4272
f 4273/4273 4274/4274 4275/4275
f 4276/4276 4277/4277 4278/4278
f 4279/4279 4280/4280 4281/4281
f 4282/4282 4283/4283 4284/4284
f 4285/4285 4286/4286 4287/4287
f 4288/4288 4289/4289 4290/4290
f 4291/4291 4292/4292 4293/4293
f 4294/4294 4295/4295 4296/4296
f 4297/4297 4298/4298 4299/4299
f 4300/4300 4301/4301 4302/4302
f 4303/4303 4304/4304 4305/4305
f 4306/4306 4307/4307 4308/4308
f 4309/4309 4310/4310 4311/4311
f 4312/4312 4313/4313 4314/4314
f 4315/4315 4316/4316 4317/4317
f 4318/4318 4319/4319 4320/4320
f 4321/4321 4322/4322 4323/4323
f 4324/4324 4325/4325 4326/4326
f 4327/4327 4328/4328 4329/4329
f 4330/4330 4331/4331 4332/4332
f 4333/4333 4334/4334 4335/4335
f 4336/4336 4337/4337 4338/4338
f 4339/4339 4340/4340 4341/4341
f 4342/4342 4343/4343 4344/4344
f 4345/4345 4346/4346 4347/4347
f 4348/4348 4349/4349 4350/4350
f 4351/4351 4352/4352 4353/4353
f 4354/4354 4355/4355 4356/4356
f 4357/4357 4358/4358 4359/4359
f 4360/4360 4361/4361 4362/4362
f 4363/4363 4364/4364 4365/4365
f 4366/4366 4367/4367 4368/4368
f 4369/4369 4370/4370 4371/4371
f 4372/4372 4373/4373 4374/4374
f 4375/4375 4376/4376 4377/4377
f 4378/4378 4379/4379 4380/4380
f 4381/4381 4382/4382 4383/4383
f 4384/4384 4385/4385 4386/4386
f 4387/4387 4388/4388 4389/4389
f 4390/4390 4391/4391 4392/4392
f 4393/4393 4394/4394 4395/4395
f 4396/4396 4397/4397 4398/4398
f 4399/4399 4400/4400 4401/4401
f 4402/4402 4403/4403 4404/4404
f 4405/4405 4406/4406 4407/4407
f 4408/4408 4409/4409 4410/4410
f 4411/4411 4412/4412 4413/4413
f 4414/4414 4415/4415 4416/4416
f 4417/4417 4418/4418 4419/4419
f 4420/4420 4421/4421 4422/4422
f 4423/4423 4424/4424 4425/4425
f 4426/4426 4427/4427 4428/4428
f 4429/4429 4430/4430 4431/4431
f 4432/4432 4433/4433 4434/4434
f 4435/4435 4436/4436 4437/4437
f 4438/4438 4439/4439 4440/4440
f 4441/4441 4442/4442 4443/4443
f 4444/4444 4445/4445 4446/4446
f 4447/4447 4448/4448 4449/4449
f 4450/4450 4451/4451 4452/4452
f 4453/4453 4454/4454 4455/4455
f 4456/4456 4457/4457 4458/4458
f 4459/4459 4460/4460 4461/4461
f 4462/4462 4463/4463 4464/4464
f 4465/4465 4466/4466 4467/4467
f 4468/4468 4469/4469 4470/4470
f 4471/4471 4472/4472 4473/4473
f 4474/4474 4475/4475 4476/4476
f 4477/4477 4478/4478 4479/4479
f 4480/4480 4481/4481 4482/4482
f 4483/4483 4484/4484 4485/4485
f 4486/4486 4487/4487 4488/4488
f 4489/4489 4490/4490 4491/4491
f 4492/4492 4493/4493 4494/4494
f 4495/4495 4496/4496 4497/4497
f 4498/4498 4499/4499 4500/4500
f 4501/4501 4502/4502 4503/4503
f 4504/4504 4505/4505 4506/4506
f 4507/4507 4508/4508 4509/4509
f 4510/4510 4511/4511 4512/4512
f 4513/4513 4514/4514 4515/4515
f 4516/4516 4517/4517 4518/4518
f 4519/4519 4520/4520 4521/4521
f 4522/4522 4523/4523 4524/4524
f 4525/4525 4526/4526 4527/4527
f 4528/4528 4529/4529 4530/4530
f 4531/4531 4532/4532 4533/4533
f 4534/4534 4535/4535 4536/4536
f 4537/4537 4538/4538 4539/4539
f 4540/4540 4541/4541 4542/4542
f 4543/4543 4544/4544 4545/4545
f 4546/4546 4547/4547 4548/4548
f 4549/4549 4550/4550 4551/4551
f 4552/4552 4553/4553 4554/4554
f 4555/4555 4556/4556 4557/4557
f 4558/4558 4559/4559 4560/4560
f 4561/4561 4562/4562 4563/4563
f 4564/4564 4565/4565 4566/4566
f 4567/4567 4568/4568 4569/4569
f 4570/4570 4571/4571 4572/4572
f 4573/4573 4574/4574 4575/4575
f 4576/4576 4577/4577 4578/4578
f 4579/4579 4580/4580 4581/4581
f 4582/4582 4583/4583 4584/4584
f 4585/4585 4586/4586 4587/4587
f 4588/4588 4589/4589 4590/4590
f 4591/4591 4592/4592 4593/4593
f 4594/4594 4595/4595 4596/4596
f 4597/4597 4598/4598 4599/4599
f 4600/4600 4601/4601 4602/4602
f 4603/4603 4604/4604 4605/4605
f 4606/4606 4607/4607 4608/4608
f 4609/4609 4610/4610 4611/4611
f 4612/4612 4613/4613 4614/4614
f 4615/4615 4616/4616 4617/4617
f 4618/4618 4619/4619 4620/4620
f 4621/4621 4622/4622 4623/4623
f 4624/4624 4625/4625 4626/4626
f 4627/4627 4628/4628 4629/4629
f 4630/4630 4631/4631 4632/4632
f 4633/4633 4634/4634 4635/4635
f 4636/4636 4637/4637 4638/4638
f 4639/4639 4640/4640 4641/4641
f 4642/4642 4643/4643 4644/4644
f 4645/4645 4646/4646 4647/4647
f 4648/4648 4649/4649 4650/4650
f 4651/4651 4652/4652 4653/4653
f 4654/4654 4655/4655 4656/4656
f 4657/4657 4658/4658 4659/4659
f 4660/4660 4661/4661 4662/4662
f 4663/4663 4664/4664 4665/4665
f 4666/4666 4667/4667 4668/4668
f 4669/4669 4670/4670 4671/4671
f 4672/4672 4673/4673 4674/4674
f 4675/4675 4676/4676 4677/4677
f 4678/4678 4679/4679 4680/4680
f 4681/4681 4682/4682 4683/4683
f 4684/4684 4685/4685 4686/4686
f 4687/4687 4688/4688 4689/4689
f 4690/4690 4691/4691 4692/4692
f 4693/4693 4694/4694 4695/4695
f 4696/4696 4697/4697 4698/4698
f 4699/4699 4700/4700 4701/4701
f 4702/4702 4703/4703 4704/4704
f 4705/4705 4706/4706 4707/4707
f 4708/4708 4709/4709 4710/4710
f 4711/4711 4712/4712 4713/4713
f 4714/4714 4715/4715 4716/4716
f 4717/4717 4718/4718 4719/4719
f 4720/4720 4721/4721 4722/4722
f 4723/4723 4724/4724 4725/4725
f 4726/4726 4727/4727 4728/4728
f 4729/4729 4730/4730 4731/4731
f 4732/4732 4733/4733 4734/4734
f 4735/4735 4736/4736 4737/4737
f 4738/4738 4739/4739 4740/4740
f 4741/4741 4742/4742 4743/4743
f 4744/4744 4745/4745 4746/4746
f 4747/4747 4748/4748 4749/4749
f 4750/4750 4751/4751 4752/4752
f 4753/4753 4754/4754 4755/4755
f 4756/4756 4757/4757 4758/4758
f 4759/4759 4760/4760 4761/4761
f 4762/4762 4763/4763 4764/4764
f 4765/4765 4766/4766 4767/4767
f 4768/4768 4769/4769 4770/4770
f 4771/4771 4772/4772 4773/4773
f 4774/4774 4775/4775 4776/4776
f 4777/4777 4778/4778 4779/4779
f 4780/4780 4781/4781 4782/4782
f 4783/4783 4784/4784 4785/4785
f 4786/4786 4787/4787 4788/4788
f 4789/4789 4790/4790 4791/4791
f 4792/4792 4793/4793 4794/4794
f 4795/4795 4796/4796 4797/4797
f 4798/4798 4799/4799 4800/4800
f 4801/4801 4802/4802 4803/4803
f 4804/4804 4805/4805 4806/4806
f 4807/4807 4808/4808 4809/4809
f 4810/4810 4811/4811 4812/4812
f 4813/4813 4814/4814 4815/4815
f 4816/4816 4817/4817 4818/4818
f 4819/4819 4820/4820 4821/4821
f 4822/4822 4823/4823 4824/4824
f 4825/4825 4826/4826 4827/4827
f 4828/4828 4829/4829 4830/4830
f 4831/4831 4832/4832 4833/4833
f 4834/4834 4835/4835 4836/4836
f 4837/4837 4838/4838 4839/4839
f 4840/4840 4841/4841 4842/4842
f 4843/4843 4844/4844 4845/4845
f 4846/4846 4847/4847 4848/4848
f 4849/4849 4850/4850 4851/4851
f 4852/4852 4853/4853 4854/4854
f 4855/4855 4856/4856 4857/4857
f 4858/4858 4859/4859 4860/4860
f 4861/4861 4862/4862 4863/4863
f 4864/4864 4865/4865 4866/4866
f 4867/4867 4868/4868 4869/4869
f 4870/4870 4871/4871 4872/4872
f 4873/4873 4874/4874 4875/4875
f 4876/4876 4877/4877 4878/4878
f 4879/4879 4880/4880 4881/4881
f 4882/4882 4883/4883 4884/4884
f 4885/4885 4886/4886 4887/4887
f 4888/4888 4889/4889 4890/4890
f 4891/4891 4892/4892 4893/4893
f 4894/4894 4895/4895 4896/4896
f 4897/4897 4898/4898 4899/4899
f 4900/4900 4901/4901 4902/4902
f 4903/4903 4904/4904 4905/4905
f 4906/4906 4907/4907 4908/4908
f 4909/4909 4910/4910 4911/4911
f 4912/4912 4913/4913 4914/4914
f 4915/4915 4916/4916 4917/4917
f 4918/4918 4919/4919 4920/4920
f 4921/4921 4922/4922 4923/4923
f 4924/4924 4925/4925 4926/4926
f 4927/4927 4928/4928 4929/4929
f 4930/4930 4931/4931 4932/4932
f 4933/4933 4934/4934 4935/4935
f 4936/4936 4937/4937 4938/4938
f 4939/4939 4940/4940 4941/4941
f 4942/4942 4943/4943 4944/4944
f 4945/4945 4946/4946 4947/4947
f 4948/4948 4949/4949 4950/4950
f 4951/4951 4952/4952 4953/4953
f 4954/4954 4955/4955 4956/4956
f 4957/4957 4958/4958 4959/4959
f 4960/4960 4961/4961 4962/4962
f 4963/4963 4964/4964 4965/4965
f 4966/4966 4967/4967 4968/4968
f 4969/4969 4970/4970 4971/4971
f 4972/4972 4973/4973 4974/4974
f 4975/4975 4976/4976 4977/4977
f 4978/4978 4979/4979 4980/4980
f 4981/4981 4982/4982 4983/4983
f 4984/4984 4985/4985 4986/4986
f 4987/4987 4988/4988 4989/4989
f 4990/4990 4991/4991 4992/4992
f 4993/4993 4994/4994 4995/4995
f 4996/4996 4997/4997 4998/4998
f 4999/4999 5000/5000 5001/5001
f 5002/5002 5003/5003 5004/5004
f 5005/5005 5006/5006 5007/5007
f 5008/5008 5009/5009 5010/5010
f 5011/5011 5012/5012 5013/5013
f 5014/5014 5015/5015 5016/5016
f 5017/5017 5018/5018 5019/5019
f 5020/5020 5021/5021 5022/5022
f 5023/5023 5024/5024 5025/5025
f 5026/5026 5027/5027 5028/5028
f 5029/5029 5030/5030 5031/5031
f 5032/5032 5033/5033 5034/5034
f 5035/5035 5036/5036 5037/5037
f 5038/5038 5039/5039 5040/5040
f 5041/5041 5042/5042 5043/5043
f 5044/5044 5045/5045 5046/5046
f 5047/5047 5048/5048 5049/5049
f 5050/5050 5051/5051 5052/5052
f 5053/5053 5054/5054 5055/5055
f 5056/5056 5057/5057 5058/5058
f 5059/5059 5060/5060 5061/5061
f 5062/5062 5063/5063 5064/5064
f 5065/5065 5066/5066 5067/5067
f 5068/5068 5069/5069 5070/5070
f 5071/5071 5072/5072 5073/5073
f 5074/5074 5075/5075 5076/5076
f 5077/5077 5078/5078 5079/5079
f 5080/5080 5081/5081 5082/5082
f 5083/5083 5084/5084 5085/5085
f 5086/5086 5087/5087 5088/5088
f 5089/5089 5090/5090 5091/5091
f 5092/5092 5093/5093 5094/5094
f 5095/5095 5096/5096 5097/5097
f 5098/5098 5099/5099 5100/5100
f 5101/5101 5102/5102 5103/5103
f 5104/5104 5105/5105 5106/5106
f 5107/5107 5108/5108 5109/5109
f 5110/5110 5111/5111 5112/5112
f 5113/5113 5114/5114 5115/5115
f 5116/5116 5117/5117 5118/5118
f 5119/5119 5120/5120 5121/5121
f 5122/5122 5123/5123 5124/5124
f 5125/5125 5126/5126 5127/5127
f 5128/5128 5129/5129 5130/5130
f 5131/5131 5132/5132 5133/5133
f 5134/5134 5135/5135 5136/5136
f 5137/5137 5138/5138 5139/5139
f 5140/5140 5141/5141 5142/5142
f 5143/5143 5144/5144 5145/5145
f 5146/5146 5147/5147 5148/5148
f 5149/5149 5150/5150 5151/5151
f 5152/5152 5153/5153 5154/5154
f 5155/5155 5156/5156 5157/5157
f 5158/5158 5159/5159 5160/5160
f 5161/5161 5162/5162 5163/5163
f 5164/5164 5165/5165 5166/5166
f 5167/5167 5168/5168 5169/5169
f 5170/5170 5171/5171 5172/5172
f 5173/5173 5174/5174 5175/5175
f 5176/5176 5177/5177 5178/5178
f 5179/5179 5180/5180 5181/5181
f 5182/5182 5183/5183 5184/5184
f 5185/5185 5186/5186 5187/5187
f 5188/5188 5189/5189 5190/5190
f 5191/5191 5192/5192 5193/5193
f 5194/5194 5195/5195 5196/5196
f 5197/5197 5198/5198 5199/5199
f 5200/5200 5201/5201 5202/5202
f 5203/5203 5204/5204 5205/5205
f 5206/5206 5207/5207 5208/5208
f 5209/5209 5210/5210 5211/5211
f 5212/5212 5213/5213 5214/5214
f 5215/5215 5216/5216 5217/5217
f 5218/5218 5219/5219 5220/5220
f 5221/5221 5222/5222 5223/5223
f 5224/5224 5225/5225 5226/5226
f 5227/5227 5228/5228 5229/5229
f 5230/5230 5231/5231 5232/5232
f 5233/5233 5234/5234 5235/5235
f 5236/5236 5237/5237 5238/5238
f 5239/5239 5240/5240 5241/5241
f 5242/5242 5243/5243 5244/5244
f 5245/5245 5246/5246 5247/5247
f 5248/5248 5249/5249 5250/5250
f 5251/5251 5252/5252 5253/5253
f 5254/5254 5255/5255 5256/5256
f 5257/5257 5258/5258 5259/5259
f 5260/5260 5261/5261 5262/5262
f 5263/5263 5264/5264 5265/5265
f 5266/5266 5267/5267 5268/5268
f 5269/5269 5270/5270 5271/5271
f 5272/5272 5273/5273 5274/5274
f 5275/5275 5276/5276 5277/5277
f 5278/5278 5279/5279 5280/5280
f 5281/5281 5282/5282 5283/5283
f 5284/5284 5285/5285 5286/5286
f 5287/5287 5288/5288 5289/5289
f 5290/5290 5291/5291 5292/5292
f 5293/5293 5294/5294 5295/5295
f 5296/5296 5297/5297 5298/5298
f 5299/5299 5300/5300 5301/5301
f 5302/5302 5303/5303 5304/5304
f 5305/5305 5306/5306 5307/5307
f 5308/5308 5309/5309 5310/5310
f 5311/5311 5312/5312 5313/5313
f 5314/5314 5315/5315 5316/5316
f 5317/5317 5318/5318 5319/5319
f 5320/5320 5321/5321 5322/5322
f 5323/5323 5324/5324 5325/5325
f 5326/5326 5327/5327 5328/5328
f 5329/5329 5330/5330 5331/5331
f 5332/5332 5333/5333 5334/5334
f 5335/5335 5336/5336 5337/5337
f 5338/5338 5339/5339 5340/5340
f 5341/5341 5342/5342 5343/5343
f 5344/5344 5345/5345 5346/5346
f 5347/5347 5348/5348 5349/5349
f 5350/5350 5351/5351 5352/5352
f 5353/5353 5354/5354 5355/5355
f 5356/5356 5357/5357 5358/5358
f 5359/5359 5360/5360 5361/5361
f 5362/5362 5363/5363 5364/5364
f 5365/5365 5366/5366 5367/5367
f 5368/5368 5369/5369 5370/5370
f 5371/5371 5372/5372 5373/5373
f 5374/5374 5375/5375 5376/5376
f 5377/5377 5378/5378 5379/5379
f 5380/5380 5381/5381 5382/5382
f 5383/5383 5384/5384 5385/5385
f 5386/5386 5387/5387 5388/5388
f 5389/5389 5390/5390 5391/5391
f 5392/5392 5393/5393 5394/5394
f 5395/5395 5396/5396 5397/5397
f 5398/5398 5399/5399 5400/5400
f 5401/5401 5402/5402 5403/5403
f 5404/5404 5405/5405 5406/5406
f 5407/5407 5408/5408 5409/5409
f 5410/5410 5411/5411 5412/5412
f 5413/5413 5414/5414 5415/5415
f 5416/5416 5417/5417 5418/5418
f 5419/5419 5420/5420 5421/5421
f 5422/5422 5423/5423 5424/5424
f 5425/5425 5426/5426 5427/5427
f 5428/5428 5429/5429 5430/5430
f 5431/5431 5432/5432 5433/5433
f 5434/5434 5435/5435 5436/5436
f 5437/5437 5438/5438 5439/5439
f 5440/5440 5441/5441 5442/5442
f 5443/5443 5444/5444 5445/5445
f 5446/5446 5447/5447 5448/5448
f 5449/5449 5450/5450 5451/5451
f 5452/5452 5453/5453 5454/5454
f 5455/5455 5456/5456 5457/5457
f 5458/5458 5459/5459 5460/5460
f 5461/5461 5462/5462 5463/5463
f 5464/5464 5465/5465 5466/5466
f 5467/5467 5468/5468 5469/5469
f 5470/5470 5471/5471 5472/5472
f 5473/5473 5474/5474 5475/5475
f 5476/5476 5477/5477 5478/5478
f 5479/5479 5480/5480 5481/5481
f 5482/5482 5483/5483 5484/5484
f 5485/5485 5486/5486 5487/5487
f 5488/5488 5489/5489 5490/5490
f 5491/5491 5492/5492 5493/5493
f 5494/5494 5495/5495 5496/5496
f 5497/5497 5498/5498 5499/5499
f 5500/5500 5501/5501 5502/5502
f 5503/5503 5504/5504 5505/5505
f 5506/5506 5507/5507 5508/5508
f 5509/5509 5510/5510 5511/5511
f 5512/5512 5513/5513 5514/5514
f 5515/5515 5516/5516 5517/5517
f 5518/5518 5519/5519 5520/5520
f 5521/5521 5522/5522 5523/5523
f 5524/5524 5525/5525 5526/5526
f 5527/5527 5528/5528 5529/5529
f 5530/5530 5531/5531 5532/5532
f 5533/5533 5534/5534 5535/5535
f 5536/5536 5537/5537 5538/5538
f 5539/5539 5540/5540 5541/5541
f 5542/5542 5543/5543 5544/5544
f 5545/5545 5546/5546 5547/5547
f 5548/5548 5549/5549 5550/5550
f 5551/5551 5552/5552 5553/5553
f 5554/5554 5555/5555 5556/5556
f 5557/5557 5558/5558 5559/5559
f 5560/5560 5561/5561 5562/5562
f 5563/5563 5564/5564 5565/5565
f 5566/5566 5567/5567 5568/5568
f 5569/5569 5570/5570 5571/5571
f 5572/5572 5573/5573 5574/5574
f 5575/5575 5576/5576 5577/5577
f 5578/5578 5579/5579 5580/5580
f 5581/5581 5582/5582 5583/5583
f 5584/5584 5585/5585 5586/5586
f 5587/5587 5588/5588 5589/5589
f 5590/5590 5591/5591 5592/5592
f 5593/5593 5594/5594 5595/5595
f 5596/5596 5597/5597 5598/5598
f 5599/5599 5600/5600 5601/5601
f 5602/5602 5603/5603 5604/5604
f 5605/5605 5606/5606 5607/5607
f 5608/5608 5609/5609 5610/5610
f 5611/5611 5612/5612 5613/5613
f 5614/5614 5615/5615 5616/5616
f 5617/5617 5618/5618 5619/5619
f 5620/5620 5621/5621 5622/5622
f 5623/5623 5624/5624 5625/5625
f 5626/5626 5627/5627 5628/5628
f 5629/5629 5630/5630 5631/5631
f 5632/5632 5633/5633 5634/5634
f 5635/5635 5636/5636 5637/5637
f 5638/5638 5639/5639 5640/5640
f 5641/5641 5642/5642 5643/5643
f 5644/5644 5645/5645 5646/5646
f 5647/5647 5648/5648 5649/5649
f 5650/5650 5651/5651 5652/5652
f 5653/5653 5654/5654 5655/5655
f 5656/5656 5657/5657 5658/5658
f 5659/5659 5660/5660 5661/5661
f 5662/5662 5663/5663 5664/5664
f 5665/5665 5666/5666 5667/5667
f 5668/5668 5669/5669 5670/5670
f 5671/5671 5672/5672 5673/5673
f 5674/5674 5675/5675 5676/5676
f 5677/5677 5678/5678 5679/5679
f 5680/5680 5681/5681 5682/5682
f 5683/5683 5684/5684 5685/5685
f 5686/5686 5687/5687 5688/5688
f 5689/5689 5690/5690 5691/5691
f 5692/5692 5693/5693 5694/5694
f 5695/5695 5696/5696 5697/5697
f 5698/5698 5699/5699 5700/5700
f 5701/5701 5702/5702 5703/5703
f 5704/5704 5705/5705 5706/5706
f 5707/5707 5708/5708 5709/5709
f 5710/5710 5711/5711 5712/5712
f 5713/5713 5714/5714 5715/5715
f 5716/5716 5717/5717 5718/5718
f 5719/5719 5720/5720 5721/5721
f 5722/5722 5723/5723 5724/5724
f 5725/5725 5726/5726 5727/5727
f 5728/5728 5729/5729 5730/5730
f 5731/5731 5732/5732 5733/5733
f 5734/5734 5735/5735 5736/5736
f 5737/5737 5738/5738 5739/5739
f 5740/5740 5741/5741 5742/5742
f 5743/5743 5744/5744 5745/5745
f 5746/5746 5747/5747 5748/5748
f 5749/5749 5750/5750 5751/5751
f 5752/5752 5753/5753 5754/5754
f 5755/5755 5756/5756 5757/5757
f 5758/5758 5759/5759 5760/5760
f 5761/5761 5762/5762 5763/5763
f 5764/5764 5765/5765 5766/5766
f 5767/5767 5768/5768 5769/5769
f 5770/5770 5771/5771 5772/5772
f 5773/5773 5774/5774 5775/5775
f 5776/5776 5777/5777 5778/5778
f 5779/5779 5780/5780 5781/5781
f 5782/5782 5783/5783 5784/5784
f 5785/5785 5786/5786 5787/5787
f 5788/5788 5789/5789 5790/5790
f 5791/5791 5792/5792 5793/5793
f 5794/5794 5795/5795 5796/5796
f 5797/5797 5798/5798 5799/5799
f 5800/5800 5801/5801 5802/5802
f 5803/5803 5804/5804 5805/5805
f 5806/5806 5807/5807 5808/5808
f 5809/5809 5810/5810 5811/5811
f 5812/5812 5813/5813 5814/5814
f 5815/5815 5816/5816 5817/5817
f 5818/5818 5819/5819 5820/5820
f 5821/5821 5822/5822 5823/5823
f 5824/5824 5825/5825 5826/5826
f 5827/5827 5828/5828 5829/5829
f 5830/5830 5831/5831 5832/5832
f 5833/5833 5834/5834 5835/5835
f 5836/5836 5837/5837 5838/5838
f 5839/5839 5840/5840 5841/5841
f 5842/5842 5843/5843 5844/5844
f 5845/5845 5846/5846 5847/5847
f 5848/5848 5849/5849 5850/5850
f 5851/5851 5852/5852 5853/5853
f 5854/5854 5855/5855 5856/5856
f 5857/5857 5858/5858 5859/5859
f 5860/5860 5861/5861 5862/5862
f 5863/5863 5864/5864 5865/5865
f 5866/5866 5867/5867 5868/5868
f 5869/5869 5870/5870 5871/5871
f 5872/5872 5873/5873 5874/5874
f 5875/5875 5876/5876 5877/5877
f 5878/5878 5879/5879 5880/5880
f 5881/5881 5882/5882 5883/5883
f 5884/5884 5885/5885 5886/5886
f 5887/5887 5888/5888 5889/5889
f 5890/5890 5891/5891 5892/5892
f 5893/5893 5894/5894 5895/5895
f 5896/5896 5897/5897 5898/5898
f 5899/5899 5900/5900 5901/5901
f 5902/5902 5903/5903 5904/5904
f 5905/5905 5906/5906 5907/5907
f 5908/5908 5909/5909 5910/5910
f 5911/5911 5912/5912 5913/5913
f 5914/5914 5915/5915 5916/5916
f 5917/5917 5918/5918 5919/5919
f 5920/5920 5921/5921 5922/5922
f 5923/5923 5924/5924 5925/5925
f 5926/5926 5927/5927 5928/5928
f 5929/5929 5930/5930 5931/5931
f 5932/5932 5933/5933 5934/5934
f 5935/5935 5936/5936 5937/5937
f 5938/5938 5939/5939 5940/5940
f 5941/5941 5942/5942 5943/5943
f 5944/5944 5945/5945 5946/5946
f 5947/5947 5948/5948 5949/5949
f 5950/5950 5951/5951 5952/5952
f 5953/5953 5954/5954 5955/5955
f 5956/5956 5957/5957 5958/5958
f 5959/5959 5960/5960 5961/5961
f 5962/5962 5963/5963 5964/5964
f 5965/5965 5966/5966 5967/5967
f 5968/5968 5969/5969 5970/5970
f 5971/5971 5972/5972 5973/5973
f 5974/5974 5975/5975 5976/5976
f 5977/5977 5978/5978 5979/5979
f 5980/5980 5981/5981 5982/5982
f 5983/5983 5984/5984 5985/5985
f 5986/5986 5987/5987 5988/5988
f 5989/5989 5990/5990 5991/5991
f 5992/5992 5993/5993 5994/5994
f 5995/5995 5996/5996 5997/5997
f 5998/5998 5999/5999 6000/6000
f 6001/6001 6002/6002 6003/6003
f 6004/6004 6005/6005 6006/6006
f 6007/6007 6008/6008 6009/6009
f 6010/6010 6011/6011 6012/6012
f 6013/6013 6014/6014 6015/6015
f 6016/6016 6017/6017 6018/6018
f 6019/6019 6020/6020 6021/6021
f 6022/6022 6023/6023 6024/6024
f 6025/6025 6026/6026 6027/6027
f 6028/6028 6029/6029 6030/6030
f 6031/6031 6032/6032 6033/6033
f 6034/6034 6035/6035 6036/6036
f 6037/6037 6038/6038 6039/6039
f 6040/6040 6041/6041 6042/6042
f 6043/6043 6044/6044 6045/6045
f 6046/6046 6047/6047 6048/6048
f 6049/6049 6050/6050 6051/6051
f 6052/6052 6053/6053 6054/6054
f 6055/6055 6056/6056 6057/6057
f 6058/6058 6059/6059 6060/6060
f 6061/6061 6062/6062 6063/6063
f 6064/6064 6065/6065 6066/6066
f 6067/6067 6068/6068 6069/6069
f 6070/6070 6071/6071 6072/6072
f 6073/6073 6074/6074 6075/6075
f 6076/6076 6077/6077 6078/6078
f 6079/6079 6080/6080 6081/6081
f 6082/6082 6083/6083 6084/6084
f 6085/6085 6086/6086 6087/6087
f 6088/6088 6089/6089 6090/6090
f 6091/6091 6092/6092 6093/6093
f 6094/6094 6095/6095 6096/6096
f 6097/6097 6098/6098 6099/6099
f 6100/6100 6101/6101 6102/6102
f 6103/6103 6104/6104 6105/6105
f 6106/6106 6107/6107 6108/6108
f 6109/6109 6110/6110 6111/6111
f 6112/6112 6113/6113 6114/6114
f 6115/6115 6116/6116 6117/6117
f 6118/6118 6119/6119 6120/6120
f 6121/6121 6122/6122 6123/6123
f 6124/6124 6125/6125 6126/6126
f 6127/6127 6128/6128 6129/6129
f 6130/6130 6131/6131 6132/6132
f 6133/6133 6134/6134 6135/6135
f 6136/6136 6137/6137 6138/6138
f 6139/6139 6140/6140 6141/6141
f 6142/6142 6143/6143 6144/6144
f 6145/6145 6146/6146 6147/6147
f 6148/6148 6149/6149 6150/6150
f 6151/6151 6152/6152 6153/6153
f 6154/6154 6155/6155 6156/6156
f 6157/6157 6158/6158 6159/6159
f 6160/6160 6161/6161 6162/6162
f 6163/6163 6164/6164 6165/6165
f 6166/6166 6167/6167 6168/6168
f 6169/6169 6170/6170 6171/6171
f 6172/6172 6173/6173 6174/6174
f 6175/6175 6176/6176 6177/6177
f 6178/6178 6179/6179 6180/6180
f 6181/6181 6182/6182 6183/6183
f 6184/6184 6185/6185 6186/6186
f 6187/6187 6188/6188 6189/6189
f 6190/6190 6191/6191 6192/6192
f 6193/6193 6194/6194 6195/6195
f 6196/6196 6197/6197 6198/6198
f 6199/6199 6200/6200 6201/6201
f 6202/6202 6203/6203 6204/6204
f 6205/6205 6206/6206 6207/6207
f 6208/6208 6209/6209 6210/6210
f 6211/6211 6212/6212 6213/6213
f 6214/6214 6215/6215 6216/6216
f 6217/6217 6218/6218 6219/6219
f 6220/6220 6221/6221 6222/6222
f 6223/6223 6224/6224 6225/6225
f 6226/6226 6227/6227 6228/6228
f 6229/6229 6230/6230 6231/6231
f 6232/6232 6233/6233 6234/6234
f 6235/6235 6236/6236 6237/6237
f 6238/6238 6239/6239 6240/6240
f 6241/6241 6242/6242 6243/6243
f 6244/6244 6245/6245 6246/6246
f 6247/6247 6248/6248 6249/6249
f 6250/6250 6251/6251 6252/6252
f 6253/6253 6254/6254 6255/6255
f 6256/6256 6257/6257 6258/6258
f 6259/6259 6260/6260 6261/6261
f 6262/6262 6263/6263 6264/6264
f 6265/6265 6266/6266 6267/6267
f 6268/6268 6269/6269 6270/6270
f 6271/6271 6272/6272 6273/6273
f 6274/6274 6275/6275 6276/6276
f 6277/6277 6278/6278 6279/6279
f 6280/6280 6281/6281 6282/6282
f 6283/6283 6284/6284 6285/6285
f 6286/6286 6287/6287 6288/6288
f 6289/6289 6290/6290 6291/6291
f 6292/6292 6293/6293 6294/6294
f 6295/6295 6296/6296 6297/6297
f 6298/6298 6299/6299 6300/6300
f 6301/6301 6302/6302 6303/6303
f 6304/6304 6305/6305 6306/6306
f 6307/6307 6308/6308 6309/6309
f 6310/6310 6311/6311 6312/6312
f 6313/6313 6314/6314 6315/6315
f 6316/6316 6317/6317 6318/6318
f 6319/6319 6320/6320 6321/6321
f 6322/6322 6323/6323 6324/6324
f 6325/6325 6326/6326 6327/6327
f 6328/6328 6329/6329 6330/6330
f 6331/6331 6332/6332 6333/6333
f 6334/6334 6335/6335 6336/6336
f 6337/6337 6338/6338 6339/6339
f 6340/6340 6341/6341 6342/6342
f 6343/6343 6344/6344 6345/6345
f 6346/6346 6347/6347 6348/6348
f 6349/6349 6350/6350 6351/6351
f 6352/6352 6353/6353 6354/6354
f 6355/6355 6356/6356 6357/6357
f 6358/6358 6359/6359 6360/6360
f 6361/6361 6362/6362 6363/6363
f 6364/6364 6365/6365 6366/6366
f 6367/6367 6368/6368 6369/6369
f 6370/6370 6371/6371 6372/6372
f 6373/6373 6374/6374 6375/6375
f 6376/6376 6377/6377 6378/6378
f 6379/6379 6380/6380 6381/6381
f 6382/6382 6383/6383 6384/6384
f 6385/6385 6386/6386 6387/6387
f 6388/6388 6389/6389 6390/6390
f 6391/6391 6392/6392 6393/6393
f 6394/6394 6395/6395 6396/6396
f 6397/6397 6398/6398 6399/6399
f 6400/6400 6401/6401 6402/6402
f 6403/6403 6404/6404 6405/6405
f 6406/6406 6407/6407 6408/6408
f 6409/6409 6410/6410 6411/6411
f 6412/6412 6413/6413 6414/6414
f 6415/6415 6416/6416 6417/6417
f 6418/6418 6419/6419 6420/6420
f 6421/6421 6422/6422 6423/6423
f 6424/6424 6425/6425 6426/6426
f 6427/6427 6428/6428 6429/6429
f 6430/6430 6431/6431 6432/6432
f 6433/6433 6434/6434 6435/6435
f 6436/6436 6437/6437 6438/6438
f 6439/6439 6440/6440 6441/6441
f 6442/6442 6443/6443 6444/6444
f 6445/6445 6446/6446 6447/6447
f 6448/6448 6449/6449 6450/6450
f 6451/6451 6452/6452 6453/6453
f 6454/6454 6455/6455 6456/6456
f 6457/6457 6458/6458 6459/6459
f 6460/6460 6461/6461 6462/6462
f 6463/6463 6464/6464 6465/6465
f 6466/6466 6467/6467 6468/6468
f 6469/6469 6470/6470 6471/6471
f 6472/6472 6473/6473 6474/6474
f 6475/6475 6476/6476 6477/6477
f 6478/6478 6479/6479 6480/6480
f 6481/6481 6482/6482 6483/6483
f 6484/6484 6485/6485 6486/6486
f 6487/6487 6488/6488 6489/6489
f 6490/6490 6491/6491 6492/6492
f 6493/6493 6494/6494 6495/6495
f 6496/6496 6497/6497 6498/6498
f 6499/6499 6500/6500 6501/6501
f 6502/6502 6503/6503 6504/6504
f 6505/6505 6506/6506 6507/6507
f 6508/6508 6509/6509 6510/6510
f 6511/6511 6512/6512 6513/6513
f 6514/6514 6515/6515 6516/6516
f 6517/6517 6518/6518 6519/6519
f 6520/6520 6521/6521 6522/6522
f 6523/6523 6524/6524 6525/6525
f 6526/6526 6527/6527 6528/6528
f 6529/6529 6530/6530 6531/6531
f 6532/6532 6533/6533 6534/6534
f 6535/6535 6536/6536 6537/6537
f 6538/6538 6539/6539 6540/6540
f 6541/6541 6542/6542 6543/6543
f 6544/6544 6545/6545 6546/6546
f 6547/6547 6548/6548 6549/6549
f 6550/6550 6551/6551 6552/6552
f 6553/6553 6554/6554 6555/6555
f 6556/6556 6557/6557 6558/6558
f 6559/6559 6560/6560 6561/6561
f 6562/6562 6563/6563 6564/6564
f 6565/6565 6566/6566 6567/6567
f 6568/6568 6569/6569 6570/6570
f 6571/6571 6572/6572 6573/6573
f 6574/6574 6575/6575 6576/6576
f 6577/6577 6578/6578 6579/6579
f 6580/6580 6581/6581 6582/6582
f 6583/6583 6584/6584 6585/6585
f 6586/6586 6587/6587 6588/6588
f 6589/6589 6590/6590 6591/6591
f 6592/6592 6593/6593 6594/6594
f 6595/6595 6596/6596 6597/6597
f 6598/6598 6599/6599 6600/6600
f 6601/6601 6602/6602 6603/6603
f 6604/6604 6605/6605 6606/6606
f 6607/6607 6608/6608 6609/6609
f 6610/6610 6611/6611 6612/6612
f 6613/6613 6614/6614 6615/6615
f 6616/6616 6617/6617 6618/6618
f 6619/6619 6620/6620 6621/6621
f 6622/6622 6623/6623 6624/6624
f 6625/6625 6626/6626 6627/6627
f 6628/6628 6629/6629 6630/6630
f 6631/6631 6632/6632 6633/6633
f 6634/6634 6635/6635 6636/6636
f 6637/6637 6638/6638 6639/6639
f 6640/6640 6641/6641 6642/6642
f 6643/6643 6644/6644 6645/6645
f 6646/6646 6647/6647 6648/6648
f 6649/6649 6650/6650 6651/6651
f 6652/6652 6653/6653 6654/6654
f 6655/6655 6656/6656 6657/6657
f 6658/6658 6659/6659 6660/6660
f 6661/6661 6662/6662 6663/6663
f 6664/6664 6665/6665 6666/6666
f 6667/6667 6668/6668 6669/6669
f 6670/6670 6671/6671 6672/6672
f 6673/6673 6674/6674 6675/6675
f 6676/6676 6677/6677 6678/6678
f 6679/6679 6680/6680 6681/6681
f 6682/6682 6683/6683 6684/6684
f 6685/6685 6686/6686 6687/6687
f 6688/6688 6689/6689 6690/6690
f 6691/6691 6692/6692 6693/6693
f 6694/6694 6695/6695 6696/6696
f 6697/6697 6698/6698 6699/6699
f 6700/6700 6701/6701 6702/6702
f 6703/6703 6704/6704 6705/6705
f 6706/6706 6707/6707 6708/6708
f 6709/6709 6710/6710 6711/6711
f 6712/6712 6713/6713 6714/6714
f 6715/6715 6716/6716 6717/6717
f 6718/6718 6719/6719 6720/6720
f 6721/6721 6722/6722 6723/6723
f 6724/6724 6725/6725 6726/6726
f 6727/6727 6728/6728 6729/6729
f 6730/6730 6731/6731 6732/6732
f 6733/6733 6734/6734 6735/6735
f 6736/6736 6737/6737 6738/6738
f 6739/6739 6740/6740 6741/6741
f 6742/6742 6743/6743 6744/6744
f 6745/6745 6746/6746 6747/6747
f 6748/6748 6749/6749 6750/6750
f 6751/6751 6752/6752 6753/6753
f 6754/6754 6755/6755 6756/6756
f 6757/6757 6758/6758 6759/6759
f 6760/6760 6761/6761 6762/6762
f 6763/6763 6764/6764 6765/6765
f 6766/6766 6767/6767 6768/6768
f 6769/6769 6770/6770 6771/6771
f 6772/6772 6773/6773 6774/6774
f 6775/6775 6776/6776 6777/6777
f 6778/6778 6779/6779 6780/6780
f 6781/6781 6782/6782 6783/6783
f 6784/6784 6785/6785 6786/6786
f 6787/6787 6788/6788 6789/6789
f 6790/6790 6791/6791 6792/6792
f 6793/6793 6794/6794 6795/6795
f 6796/6796 6797/6797 6798/6798
f 6799/6799 6800/6800 6801/6801
f 6802/6802 6803/6803 6804/6804
f 6805/6805 6806/6806 6807/6807
f 6808/6808 6809/6809 6810/6810
f 6811/6811 6812/6812 6813/6813
f 6814/6814 6815/6815 6816/6816
f 6817/6817 6818/6818 6819/6819
f 6820/6820 6821/6821 6822/6822
f 6823/6823 6824/6824 6825/6825
f 6826/6826 6827/6827 6828/6828
f 6829/6829 6830/6830 6831/6831
f 6832/6832 6833/6833 6834/6834
f 6835/6835 6836/6836 6837/6837
f 6838/6838 6839/6839 6840/6840
f 6841/6841 6842/6842 6843/6843
f 6844/6844 6845/6845 6846/6846
f 6847/6847 6848/6848 6849/6849
f 6850/6850 6851/6851 6852/6852
f 6853/6853 6854/6854 6855/6855
f 6856/6856 6857/6857 6858/6858
f 6859/6859 6860/6860 6861/6861
f 6862/6862 6863/6863 6864/6864
f 6865/6865 6866/6866 6867/6867
f 6868/6868 6869/6869 6870/6870
f 6871/6871 6872/6872 6873/6873
f 6874/6874 6875/6875 6876/6876
f 6877/6877 6878/6878 6879/6879
f 6880/6880 6881/6881 6882/6882
f 6883/6883 6884/6884 6885/6885
f 6886/6886 6887/6887 6888/6888
f 6889/6889 6890/6890 6891/6891
f 6892/6892 6893/6893 6894/6894
f 6895/6895 6896/6896 6897/6897
f 6898/6898 6899/6899 6900/6900
f 6901/6901 6902/6902 6903/6903
f 6904/6904 6905/6905 6906/6906
f 6907/6907 6908/6908 6909/6909
f 6910/6910 6911/6911 6912/6912
f 6913/6913 6914/6914 6915/6915
f 6916/6916 6917/6917 6918/6918
f 6919/6919 6920/6920 6921/6921
f 6922/6922 6923/6923 6924/6924
f 6925/6925 6926/6926 6927/6927
f 6928/6928 6929/6929 6930/6930
f 6931/6931 6932/6932 6933/6933
f 6934/6934 6935/6935 6936/6936
f 6937/6937 6938/6938 6939/6939
f 6940/6940 6941/6941 6942/6942
f 6943/6943 6944/6944 6945/6945
f 6946/6946 6947/6947 6948/6948
f 6949/6949 6950/6950 6951/6951
f 6952/6952 6953/6953 6954/6954
f 6955/6955 6956/6956 6957/6957
f 6958/6958 6959/6959 6960/6960
f 6961/6961 6962/6962 6963/6963
f 6964/6964 6965/6965 6966/6966
f 6967/6967 6968/6968 6969/6969
f 6970/6970 6971/6971 6972/6972
f 6973/6973 6974/6974 6975/6975
f 6976/6976 6977/6977 6978/6978
f 6979/6979 6980/6980 6981/6981
f 6982/6982 6983/6983 6984/6984
f 6985/6985 6986/6986 6987/6987
f 6988/6988 6989/6989 6990/6990
f 6991/6991 6992/6992 6993/6993
f 6994/6994 6995/6995 6996/6996
f 6997/6997 6998/6998 6999/6999
f 7000/7000 7001/7001 7002/7002
f 7003/7003 7004/7004 7005/7005
f 7006/7006 7007/7007 7008/7008
f 7009/7009 7010/7010 7011/7011
f 7012/7012 7013/7013 7014/7014
f 7015/7015 7016/7016 7017/7017
f 7018/7018 7019/7019 7020/7020
f 7021/7021 7022/7022 7023/7023
f 7024/7024 7025/7025 7026/7026
f 7027/7027 7028/7028 7029/7029
f 7030/7030 7031/7031 7032/7032
f 7033/7033 7034/7034 7035/7035
f 7036/7036 7037/7037 7038/7038
f 7039/7039 7040/7040 7041/7041
f 7042/7042 7043/7043 7044/7044
f 7045/7045 7046/7046 7047/7047
f 7048/7048 7049/7049 7050/7050
f 7051/7051 7052/7052 7053/7053
f 7054/7054 7055/7055 7056/7056
f 7057/7057 7058/7058 7059/7059
f 7060/7060 7061/7061 7062/7062
f 7063/7063 7064/7064 7065/7065
f 7066/7066 7067/7067 7068/7068
f 7069/7069 7070/7070 7071/7071
f 7072/7072 7073/7073 7074/7074
f 7075/7075 7076/7076 7077/7077
f 7078/7078 7079/7079 7080/7080
f 7081/7081 7082/7082 7083/7083
f 7084/7084 7085/7085 7086/7086
f 7087/7087 7088/7088 7089/7089
f 7090/7090 7091/7091 7092/7092
f 7093/7093 7094/7094 7095/7095
f 7096/7096 7097/7097 7098/7098
f 7099/7099 7100/7100 7101/7101
f 7102/7102 7103/7103 7104/7104
f 7105/7105 7106/7106 7107/7107
f 7108/7108 7109/7109 7110/7110
f 7111/7111 7112/7112 7113/7113
f 7114/7114 7115/7115 7116/7116
f 7117/7117 7118/7118 7119/7119
f 7120/7120 7121/7121 7122/7122
f 7123/7123 7124/7124 7125/7125
f 7126/7126 7127/7127 7128/7128
f 7129/7129 7130/7130 7131/7131
f 7132/7132 7133/7133 7134/7134
f 7135/7135 7136/7136 7137/7137
f 7138/7138 7139/7139 7140/7140
f 7141/7141 7142/7142 7143/7143
f 7144/7144 7145/7145 7146/7146
f 7147/7147 7148/7148 7149/7149
f 7150/7150 7151/7151 7152/7152
f 7153/7153 7154/7154 7155/7155
f 7156/7156 7157/7157 7158/7158
f 7159/7159 7160/7160 7161/7161
f 7162/7162 7163/7163 7164/7164
f 7165/7165 7166/7166 7167/7167
f 7168/7168 7169/7169 7170/7170
f 7171/7171 7172/7172 7173/7173
f 7174/7174 7175/7175 7176/7176
f 7177/7177 7178/7178 7179/7179
f 7180/7180 7181/7181 7182/7182
f 7183/7183 7184/7184 7185/7185
f 7186/7186 7187/7187 7188/7188
f 7189/7189 7190/7190 7191/7191
f 7192/7192 7193/7193 7194/7194
f 7195/7195 7196/7196 7197/7197
f 7198/7198 7199/7199 7200/7200
f 7201/7201 7202/7202 7203/7203
f 7204/7204 7205/7205 7206/7206
f 7207/7207 7208/7208 7209/7209
f 7210/7210 7211/7211 7212/7212
f 7213/7213 7214/7214 7215/7215
f 7216/7216 7217/7217 7218/7218
f 7219/7219 7220/7220 7221/7221
f 7222/7222 7223/7223 7224/7224
f 7225/7225 7226/7226 7227/7227
f 7228/7228 7229/7229 7230/7230
f 7231/7231 7232/7232 7233/7233
f 7234/7234 7235/7235 7236/7236
f 7237/7237 7238/7238 7239/7239
f 7240/7240 7241/7241 7242/7242
f 7243/7243 7244/7244 7245/7245
f 7246/7246 7247/7247 7248/7248
f 7249/7249 7250/7250 7251/7251
f 7252/7252 7253/7253 7254/7254
f 7255/7255 7256/7256 7257/7257
f 7258/7258 7259/7259 7260/7260
f 7261/7261 7262/7262 7263/7263
f 7264/7264 7265/7265 7266/7266
f 7267/7267 7268/7268 7269/7269
f 7270/7270 7271/7271 7272/7272
f 7273/7273 7274/7274 7275/7275
f 7276/7276 7277/7277 7278/7278
f 7279/7279 7280/7280 7281/7281
f 7282/7282 7283/7283 7284/7284
f 7285/7285 7286/7286 7287/7287
f 7288/7288 7289/7289 7290/7290
f 7291/7291 7292/7292 7293/7293
f 7294/7294 7295/7295 7296/7296
f 7297/7297 7298/7298 7299/7299
f 7300/7300 7301/7301 7302/7302
f 7303/7303 7304/7304 7305/7305
f 7306/7306 7307/7307 7308/7308
f 7309/7309 7310/7310 7311/7311
f 7312/7312 7313/7313 7314/7314
f 7315/7315 7316/7316 7317/7317
f 7318/7318 7319/7319 7320/7320
f 7321/7321 7322/7322 7323/7323
f 7324/7324 7325/7325 7326/7326
f 7327/7327 7328/7328 7329/7329
f 7330/7330 7331/7331 7332/7332
f 7333/7333 7334/7334 7335/7335
f 7336/7336 7337/7337 7338/7338
f 7339/7339 7340/7340 7341/7341
f 7342/7342 7343/7343 7344/7344
f 7345/7345 7346/7346 7347/7347
f 7348/7348 7349/7349 7350/7350
f 7351/7351 7352/7352 7353/7353
f 7354/7354 7355/7355 7356/7356
f 7357/7357 7358/7358 7359/7359
f 7360/7360 7361/7361 7362/7362
f 7363/7363 7364/7364 7365/7365
f 7366/7366 7367/7367 7368/7368
f 7369/7369 7370/7370 7371/7371
f 7372/7372 7373/7373 7374/7374
f 7375/7375 7376/7376 7377/7377
f 7378/7378 7379/7379 7380/7380
f 7381/7381 7382/7382 7383/7383
f 7384/7384 7385/7385 7386/7386
f 7387/7387 7388/7388 7389/7389
f 7390/7390 7391/7391 7392/7392
f 7393/7393 7394/7394 7395/7395
f 7396/7396 7397/7397 7398/7398
f 7399/7399 7400/7400 7401/7401
f 7402/7402 7403/7403 7404/7404
f 7405/7405 7406/7406 7407/7407
f 7408/7408 7409/7409 7410/7410
f 7411/7411 7412/7412 7413/7413
f 7414/7414 7415/7415 7416/7416
f 7417/7417 7418/7418 7419/7419
f 7420/7420 7421/7421 7422/7422
f 7423/7423 7424/7424 7425/7425
f 7426/7426 7427/7427 7428/7428
f 7429/7429 7430/7430 7431/7431
f 7432/7432 7433/7433 7434/7434
f 7435/7435 7436/7436 7437/7437
f 7438/7438 7439/7439 7440/7440
f 7441/7441 7442/7442 7443/7443
f 7444/7444 7445/7445 7446/7446
f 7447/7447 7448/7448 7449/7449
f 7450/7450 7451/7451 7452/7452
f 7453/7453 7454/7454 7455/7455
f 7456/7456 7457/7457 7458/7458
f 7459/7459 7460/7460 7461/7461
f 7462/7462 7463/7463 7464/7464
f 7465/7465 7466/7466 7467/7467
f 7468/7468 7469/7469 7470/7470
f 7471/7471 7472/7472 7473/7473
f 7474/7474 7475/7475 7476/7476
f 7477/7477 7478/7478 7479/7479
f 7480/7480 7481/7481 7482/7482
f 7483/7483 7484/7484 7485/7485
f 7486/7486 7487/7487 7488/7488
f 7489/7489 7490/7490 7491/7491
f 7492/7492 7493/7493 7494/7494
f 7495/7495 7496/7496 7497/7497
f 7498/7498 7499/7499 7500/7500
f 7501/7501 7502/7502 7503/7503
f 7504/7504 7505/7505 7506/7506
f 7507/7507 7508/7508 7509/7509
f 7510/7510 7511/7511 7512/7512
f 7513/7513 7514/7514 7515/7515
f 7516/7516 7517/7517 7518/7518
f 7519/7519 7520/7520 7521/7521
f 7522/7522 7523/7523 7524/7524
f 7525/7525 7526/7526 7527/7527
f 7528/7528 7529/7529 7530/7530
f 7531/7531 7532/7532 7533/7533
f 7534/7534 7535/7535 7536/7536
f 7537/7537 7538/7538 7539/7539
f 7540/7540 7541/7541 7542/7542
f 7543/7543 7544/7544 7545/7545
f 7546/7546 7547/7547 7548/7548
f 7549/7549 7550/7550 7551/7551
f 7552/7552 7553/7553 7554/7554
f 7555/7555 7556/7556 7557/7557
f 7558/7558 7559/7559 7560/7560
f 7561/7561 7562/7562 7563/7563
f 7564/7564 7565/7565 7566/7566
f 7567/7567 7568/7568 7569/7569
f 7570/7570 7571/7571 7572/7572
f 7573/7573 7574/7574 7575/7575
f 7576/7576 7577/7577 7578/7578
f 7579/7579 7580/7580 7581/7581
f 7582/7582 7583/7583 7584/7584
f 7585/7585 7586/7586 7587/7587
f 7588/7588 7589/7589 7590/7590
f 7591/7591 7592/7592 7593/7593
f 7594/7594 7595/7595 7596/7596
f 7597/7597 7598/7598 7599/7599
f 7600/7600 7601/7601 7602/7602
f 7603/7603 7604/7604 7605/7605
f 7606/7606 7607/7607 7608/7608
f 7609/7609 7610/7610 7611/7611
f 7612/7612 7613/7613 7614/7614
f 7615/7615 7616/7616 7617/7617
f 7618/7618 7619/7619 7620/7620
f 7621/7621 7622/7622 7623/7623
f 7624/7624 7625/7625 7626/7626
f 7627/7627 7628/7628 7629/7629
f 7630/7630 7631/7631 7632/7632
f 7633/7633 7634/7634 7635/7635
f 7636/7636 7637/7637 7638/7638
f 7639/7639 7640/7640 7641/7641
f 7642/7642 7643/7643 7644/7644
