frame,phase,rsTotal_ms,rsHead_ms,rsEnvProbe_ms,rsPortal_ms,rsSky_ms,rsTerrain_ms,rsTerrainDraw_ms,rsBatches_ms,rsProc_ms,rsObjects_ms,rsObjSubmit_ms,rsWheels_ms,rsWheelSubmit_ms,rsAnim_ms,rsDecorate_ms,rsLightFx_ms,rsHighlight_ms,rsParticles_ms,dmPost_ms,dmHud_ms,spRender_ms,spHead_ms,spTail_ms,spCalls,spCulled,spPkgr_ms,spTex_ms,spProg_ms,spLight_ms,spBlss_ms,spObjData_ms,spGifWait_ms,bdSize_ms,bdProg_ms,bdSizeCalc_ms,bdXform_ms,bdCache_ms,bdPlanes_ms,bdMain_ms,bbHit,bbRecalc,bbFresh,bbProbe,bbEntries,bbFrameEnd_ms,bbRecalcT_ms,dsRetain_ms,dsDirect_ms,dsCreate_ms,dsClassify_ms,dsRender_ms,dsFlush_ms,dsDirectBags,dsPartialBags,dsPackages,dsMergeParts,dsMaskCalls
0,0,292.578874,23.025614,22.599575,0.000149,2.010078,9.323473,9.312619,64.030724,0.007728,187.319858,5.454705,0.528073,0.000000,0.000746,0.000298,3.782393,0.000349,1.247867,0.002343,14.729424,0.000000,0.000000,0.000000,0,0,0.000000,0.000000,0.000000,0.000000,0.000000,0.000000,0.000000,0.000000,0.000000,0.000000,0.000000,0.000000,0.000000,0.000000,0,0,0,0,0,0.000000,0.000000,0.000000,0.000000,0.000000,0.000000,0.000000,0.000000,0,0,0,0,0
1,0,10.813799,0.336555,0.000000,0.000163,0.594469,2.434028,2.423540,0.891215,0.009271,1.767514,1.177646,0.016168,0.000000,0.000827,0.000393,1.002438,0.000349,0.306881,0.002296,0.360182,0.000000,0.000000,0.000000,0,0,0.000000,0.000000,0.000000,0.000000,0.000000,0.000000,0.000000,0.000000,0.000000,0.000000,0.000000,0.000000,0.000000,0.000000,0,0,0,0,0,0.000000,0.000000,0.000000,0.000000,0.000000,0.000000,0.000000,0.000000,0,0,0,0,0
2,0,16.725766,6.724508,6.300320,0.000149,0.494717,2.398166,2.387448,0.081278,0.006527,5.564162,1.198530,0.018707,0.000000,0.000712,0.000305,0.983571,0.000349,0.312015,0.002296,0.451199,0.000000,0.000000,0.000000,0,0,0.000000,0.000000,0.000000,0.000000,0.000000,0.000000,0.000000,0.000000,0.000000,0.000000,0.000000,0.000000,0.000000,0.000000,0,0,0,0,0,0.000000,0.000000,0.000000,0.000000,0.000000,0.000000,0.000000,0.000000,0,0,0,0,0
3,0,12.132524,0.299967,0.000000,0.000210,0.591031,2.503791,2.453979,0.930613,0.009311,3.115821,2.516402,0.016500,0.000000,0.000854,0.000373,1.016517,0.000471,0.312402,0.002377,0.359409,0.000000,0.000000,0.000000,0,0,0.000000,0.000000,0.000000,0.000000,0.000000,0.000000,0.000000,0.000000,0.000000,0.000000,0.000000,0.000000,0.000000,0.000000,0,0,0,0,0,0.000000,0.000000,0.000000,0.000000,0.000000,0.000000,0.000000,0.000000,0,0,0,0,0
4,0,11.042355,0.421549,0.000000,0.000190,0.554959,2.405769,2.395186,0.081251,0.006487,5.818007,1.195953,0.016093,0.000000,0.000732,0.000353,1.288415,0.000349,0.307478,0.002323,0.360569,0.000000,0.000000,0.000000,0,0,0.000000,0.000000,0.000000,0.000000,0.000000,0.000000,0.000000,0.000000,0.000000,0.000000,0.000000,0.000000,0.000000,0.000000,0,0,0,0,0,0.000000,0.000000,0.000000,0.000000,0.000000,0.000000,0.000000,0.000000,0,0,0,0,0
5,0,10.846724,0.341404,0.000000,0.000210,0.597521,2.488532,2.477814,0.889903,0.009413,1.708279,1.077128,0.018911,0.000000,0.000590,0.000305,1.002146,0.000349,0.338810,0.002296,0.360263,0.000000,0.000000,0.000000,0,0,0.000000,0.000000,0.000000,0.000000,0.000000,0.000000,0.000000,0.000000,0.000000,0.000000,0.000000,0.000000,0.000000,0.000000,0,0,0,0,0,0.000000,0.000000,0.000000,0.000000,0.000000,0.000000,0.000000,0.000000,0,0,0,0,0
6,0,10.056881,0.088501,0.000000,0.000190,0.495694,2.499010,2.488230,0.080241,0.006256,5.444268,1.152537,0.018646,0.000000,0.000590,0.000305,1.014862,0.000349,0.308943,0.002296,0.360731,0.000000,0.000000,0.000000,0,0,0.000000,0.000000,0.000000,0.000000,0.000000,0.000000,0.000000,0.000000,0.000000,0.000000,0.000000,0.000000,0.000000,0.000000,0,0,0,0,0,0.000000,0.000000,0.000000,0.000000,0.000000,0.000000,0.000000,0.000000,0,0,0,0,0
7,0,10.456682,0.003791,0.000000,0.000210,0.523282,2.447354,2.436662,0.957743,0.009433,1.694963,1.093682,0.016113,0.000000,0.000827,0.000400,1.054274,0.000349,0.264645,0.002397,0.402357,0.000000,0.000000,0.000000,0,0,0.000000,0.000000,0.000000,0.000000,0.000000,0.000000,0.000000,0.000000,0.000000,0.000000,0.000000,0.000000,0.000000,0.000000,0,0,0,0,0,0.000000,0.000000,0.000000,0.000000,0.000000,0.000000,0.000000,0.000000,0,0,0,0,0
8,0,10.334449,0.088053,0.000000,0.000190,0.534858,2.416280,2.405575,0.079936,0.006371,5.520135,1.039724,0.018565,0.000000,0.000590,0.000305,1.304799,0.000410,0.263465,0.002316,0.407667,0.000000,0.000000,0.000000,0,0,0.000000,0.000000,0.000000,0.000000,0.000000,0.000000,0.000000,0.000000,0.000000,0.000000,0.000000,0.000000,0.000000,0.000000,0,0,0,0,0,0.000000,0.000000,0.000000,0.000000,0.000000,0.000000,0.000000,0.000000,0,0,0,0,0
9,0,10.479407,0.003872,0.000000,0.000210,0.535143,2.438504,2.427833,0.972026,0.009264,1.740943,1.096656,0.016093,0.000000,0.000827,0.000359,1.041914,0.000349,0.308143,0.002357,0.403314,0.000000,0.000000,0.000000,0,0,0.000000,0.000000,0.000000,0.000000,0.000000,0.000000,0.000000,0.000000,0.000000,0.000000,0.000000,0.000000,0.000000,0.000000,0,0,0,0,0,0.000000,0.000000,0.000000,0.000000,0.000000,0.000000,0.000000,0.000000,0,0,0,0,0
10,0,10.135271,0.146139,0.000000,0.000197,0.532701,2.394701,2.383881,0.078593,0.006270,5.592807,1.026052,0.019094,0.000000,0.000590,0.000305,0.998627,0.000349,0.264252,0.002316,0.443346,0.000000,0.000000,0.000000,0,0,0.000000,0.000000,0.000000,0.000000,0.000000,0.000000,0.000000,0.000000,0.000000,0.000000,0.000000,0.000000,0.000000,0.000000,0,0,0,0,0,0.000000,0.000000,0.000000,0.000000,0.000000,0.000000,0.000000,0.000000,0,0,0,0,0
11,0,10.250634,0.003818,0.000000,0.000217,0.527412,2.448046,2.437314,0.885915,0.009332,1.788255,1.094676,0.019928,0.000000,0.000590,0.000305,0.931346,0.000349,0.310157,0.002296,0.439548,0.000000,0.000000,0.000000,0,0,0.000000,0.000000,0.000000,0.000000,0.000000,0.000000,0.000000,0.000000,0.000000,0.000000,0.000000,0.000000,0.000000,0.000000,0,0,0,0,0,0.000000,0.000000,0.000000,0.000000,0.000000,0.000000,0.000000,0.000000,0,0,0,0,0
12,0,10.247738,0.088236,0.000000,0.000190,0.496324,2.447191,2.436439,0.078050,0.006432,5.433241,1.139848,0.019189,0.000000,0.000570,0.000305,1.313182,0.000349,0.265418,0.002438,0.410841,0.000000,0.000000,0.000000,0,0,0.000000,0.000000,0.000000,0.000000,0.000000,0.000000,0.000000,0.000000,0.000000,0.000000,0.000000,0.000000,0.000000,0.000000,0,0,0,0,0,0.000000,0.000000,0.000000,0.000000,0.000000,0.000000,0.000000,0.000000,0,0,0,0,0
13,0,10.460507,0.003832,0.000000,0.000210,0.537455,2.466756,2.456133,0.965339,0.009189,1.699866,1.015889,0.016154,0.000000,0.000827,0.000393,1.007823,0.000349,0.309953,0.002418,0.405613,0.000000,0.000000,0.000000,0,0,0.000000,0.000000,0.000000,0.000000,0.000000,0.000000,0.000000,0.000000,0.000000,0.000000,0.000000,0.000000,0.000000,0.000000,0,0,0,0,0,0.000000,0.000000,0.000000,0.000000,0.000000,0.000000,0.000000,0.000000,0,0,0,0,0
14,0,10.152747,0.126953,0.000000,0.000190,0.535285,2.418016,2.407264,0.077677,0.007972,5.487074,1.115929,0.016215,0.000000,0.000732,0.000353,1.033932,0.000349,0.305016,0.002296,0.359714,0.000000,0.000000,0.000000,0,0,0.000000,0.000000,0.000000,0.000000,0.000000,0.000000,0.000000,0.000000,0.000000,0.000000,0.000000,0.000000,0.000000,0.000000,0,0,0,0,0,0.000000,0.000000,0.000000,0.000000,0.000000,0.000000,0.000000,0.000000,0,0,0,0,0
15,0,10.693071,0.003872,0.000000,0.000210,0.509386,2.467027,2.456377,0.928060,0.009474,1.728349,1.017768,0.016378,0.000000,0.000827,0.000400,1.267242,0.000349,0.310971,0.002336,0.408217,0.000000,0.000000,0.000000,0,0,0.000000,0.000000,0.000000,0.000000,0.000000,0.000000,0.000000,0.000000,0.000000,0.000000,0.000000,0.000000,0.000000,0.000000,0,0,0,0,0,0.000000,0.000000,0.000000,0.000000,0.000000,0.000000,0.000000,0.000000,0,0,0,0,0
16,0,11.166582,0.088298,0.000000,0.000190,0.534675,2.427904,2.417355,0.076782,0.006243,5.525180,1.062103,0.019216,0.000000,0.000590,0.000305,1.038971,0.000349,0.266090,0.002377,0.412998,0.000000,0.000000,0.000000,0,0,0.000000,0.000000,0.000000,0.000000,0.000000,0.000000,0.000000,0.000000,0.000000,0.000000,0.000000,0.000000,0.000000,0.000000,0,0,0,0,0,0.000000,0.000000,0.000000,0.000000,0.000000,0.000000,0.000000,0.000000,0,0,0,0,0
17,0,10.048296,0.003893,0.000000,0.000163,0.566189,2.429084,2.418535,0.080814,0.006236,5.581068,1.104001,0.018789,0.000000,0.000590,0.000305,1.001170,0.000349,0.266517,0.002316,0.452060,0.000000,0.000000,0.000000,0,0,0.000000,0.000000,0.000000,0.000000,0.000000,0.000000,0.000000,0.000000,0.000000,0.000000,0.000000,0.000000,0.000000,0.000000,0,0,0,0,0,0.000000,0.000000,0.000000,0.000000,0.000000,0.000000,0.000000,0.000000,0,0,0,0,0
18,0,10.108822,0.126343,0.000000,0.000190,0.554552,2.402066,2.391130,0.080956,0.008074,5.527642,1.098006,0.019175,0.000000,0.000590,0.000305,0.990306,0.000370,0.264625,0.002336,0.398980,0.000000,0.000000,0.000000,0,0,0.000000,0.000000,0.000000,0.000000,0.000000,0.000000,0.000000,0.000000,0.000000,0.000000,0.000000,0.000000,0.000000,0.000000,0,0,0,0,0,0.000000,0.000000,0.000000,0.000000,0.000000,0.000000,0.000000,0.000000,0,0,0,0,0
19,0,10.328759,0.003899,0.000000,0.000163,0.534960,2.447720,2.436737,0.080916,0.006419,5.531670,1.097565,0.018728,0.000000,0.000590,0.000346,1.309479,0.000349,0.266964,0.002418,0.410373,0.000000,0.000000,0.000000,0,0,0.000000,0.000000,0.000000,0.000000,0.000000,0.000000,0.000000,0.000000,0.000000,0.000000,0.000000,0.000000,0.000000,0.000000,0,0,0,0,0,0.000000,0.000000,0.000000,0.000000,0.000000,0.000000,0.000000,0.000000,0,0,0,0,0
20,0,10.384362,0.125963,0.000000,0.000197,0.533780,2.415860,2.404985,0.079573,0.006371,5.505690,1.094126,0.019033,0.000000,0.000570,0.000305,1.252957,0.000349,0.314043,0.002458,0.403965,0.000000,0.000000,0.000000,0,0,0.000000,0.000000,0.000000,0.000000,0.000000,0.000000,0.000000,0.000000,0.000000,0.000000,0.000000,0.000000,0.000000,0.000000,0,0,0,0,0,0.000000,0.000000,0.000000,0.000000,0.000000,0.000000,0.000000,0.000000,0,0,0,0,0
21,0,10.039242,0.003832,0.000000,0.000163,0.540575,2.463772,2.453061,0.079390,0.006290,5.567742,1.035790,0.019033,0.000000,0.000570,0.000298,1.007938,0.000363,0.256283,0.002275,0.437371,0.000000,0.000000,0.000000,0,0,0.000000,0.000000,0.000000,0.000000,0.000000,0.000000,0.000000,0.000000,0.000000,0.000000,0.000000,0.000000,0.000000,0.000000,0,0,0,0,0,0.000000,0.000000,0.000000,0.000000,0.000000,0.000000,0.000000,0.000000,0,0,0,0,0
22,0,10.103397,0.088406,0.000000,0.000224,0.548570,2.411282,2.400733,0.124190,0.006317,5.528741,1.145131,0.019094,0.000000,0.000590,0.000305,0.978200,0.000349,0.304562,0.002282,0.403700,0.000000,0.000000,0.000000,0,0,0.000000,0.000000,0.000000,0.000000,0.000000,0.000000,0.000000,0.000000,0.000000,0.000000,0.000000,0.000000,0.000000,0.000000,0,0,0,0,0,0.000000,0.000000,0.000000,0.000000,0.000000,0.000000,0.000000,0.000000,0,0,0,0,0
23,0,9.965207,0.003852,0.000000,0.000190,0.491543,2.465624,2.455000,0.082723,0.006127,5.442681,1.151791,0.016154,0.000000,0.000854,0.000373,1.019636,0.000329,0.301225,0.002275,0.357924,0.000000,0.000000,0.000000,0,0,0.000000,0.000000,0.000000,0.000000,0.000000,0.000000,0.000000,0.000000,0.000000,0.000000,0.000000,0.000000,0.000000,0.000000,0,0,0,0,0,0.000000,0.000000,0.000000,0.000000,0.000000,0.000000,0.000000,0.000000,0,0,0,0,0
24,0,10.061581,0.088013,0.000000,0.000190,0.536363,2.438972,2.428260,0.079614,0.006310,5.501356,1.017646,0.019033,0.000000,0.000590,0.000305,1.039683,0.000349,0.256799,0.002296,0.409030,0.000000,0.000000,0.000000,0,0,0.000000,0.000000,0.000000,0.000000,0.000000,0.000000,0.000000,0.000000,0.000000,0.000000,0.000000,0.000000,0.000000,0.000000,0,0,0,0,0,0.000000,0.000000,0.000000,0.000000,0.000000,0.000000,0.000000,0.000000,0,0,0,0,0
25,0,10.060706,0.003872,0.000000,0.000163,0.528408,2.505154,2.494524,0.079654,0.008501,5.461907,1.154904,0.016622,0.000000,0.000753,0.000305,1.041189,0.000349,0.256005,0.002316,0.397149,0.000000,0.000000,0.000000,0,0,0.000000,0.000000,0.000000,0.000000,0.000000,0.000000,0.000000,0.000000,0.000000,0.000000,0.000000,0.000000,0.000000,0.000000,0,0,0,0,0,0.000000,0.000000,0.000000,0.000000,0.000000,0.000000,0.000000,0.000000,0,0,0,0,0
26,0,10.103634,0.088399,0.000000,0.000190,0.495877,2.470893,2.460324,0.081526,0.006215,5.523268,1.043379,0.018972,0.000000,0.000671,0.000305,1.026235,0.000349,0.299218,0.002323,0.403069,0.000000,0.000000,0.000000,0,0,0.000000,0.000000,0.000000,0.000000,0.000000,0.000000,0.000000,0.000000,0.000000,0.000000,0.000000,0.000000,0.000000,0.000000,0,0,0,0,0,0.000000,0.000000,0.000000,0.000000,0.000000,0.000000,0.000000,0.000000,0,0,0,0,0
27,0,10.010983,0.003852,0.000000,0.000163,0.540554,2.418972,2.408261,0.080163,0.006290,5.587436,1.154677,0.019257,0.000000,0.000590,0.000305,0.921349,0.000349,0.339420,0.002316,0.406894,0.000000,0.000000,0.000000,0,0,0.000000,0.000000,0.000000,0.000000,0.000000,0.000000,0.000000,0.000000,0.000000,0.000000,0.000000,0.000000,0.000000,0.000000,0,0,0,0,0,0.000000,0.000000,0.000000,0.000000,0.000000,0.000000,0.000000,0.000000,0,0,0,0,0
28,0,10.059384,0.088847,0.000000,0.000190,0.493808,2.410366,2.399818,0.080285,0.007036,5.527846,1.124752,0.019196,0.000000,0.000590,0.000305,0.994212,0.000349,0.302060,0.002418,0.401767,0.000000,0.000000,0.000000,0,0,0.000000,0.000000,0.000000,0.000000,0.000000,0.000000,0.000000,0.000000,0.000000,0.000000,0.000000,0.000000,0.000000,0.000000,0,0,0,0,0,0.000000,0.000000,0.000000,0.000000,0.000000,0.000000,0.000000,0.000000,0,0,0,0,0
29,0,9.951494,0.003832,0.000000,0.000163,0.519619,2.443732,2.433089,0.080570,0.007300,5.477858,1.102424,0.019114,0.000000,0.000590,0.000305,1.008250,0.000349,0.255741,0.002316,0.397149,0.000000,0.000000,0.000000,0,0,0.000000,0.000000,0.000000,0.000000,0.000000,0.000000,0.000000,0.000000,0.000000,0.000000,0.000000,0.000000,0.000000,0.000000,0,0,0,0,0,0.000000,0.000000,0.000000,0.000000,0.000000,0.000000,0.000000,0.000000,0,0,0,0,0
30,0,10.038673,0.087870,0.000000,0.000190,0.538194,2.431281,2.420678,0.080977,0.006331,5.487481,1.008101,0.018789,0.000000,0.000590,0.000298,0.991458,0.000349,0.301476,0.002296,0.402662,0.000000,0.000000,0.000000,0,0,0.000000,0.000000,0.000000,0.000000,0.000000,0.000000,0.000000,0.000000,0.000000,0.000000,0.000000,0.000000,0.000000,0.000000,0,0,0,0,0,0.000000,0.000000,0.000000,0.000000,0.000000,0.000000,0.000000,0.000000,0,0,0,0,0
31,0,10.232520,0.003832,0.000000,0.000190,0.535875,2.433729,2.423018,0.081628,0.006527,5.496318,1.064341,0.017731,0.000000,0.000590,0.000305,1.266178,0.000349,0.256107,0.002262,0.356662,0.000000,0.000000,0.000000,0,0,0.000000,0.000000,0.000000,0.000000,0.000000,0.000000,0.000000,0.000000,0.000000,0.000000,0.000000,0.000000,0.000000,0.000000,0,0,0,0,0,0.000000,0.000000,0.000000,0.000000,0.000000,0.000000,0.000000,0.000000,0,0,0,0,0
32,0,10.116126,0.124593,0.000000,0.000190,0.505215,2.422818,2.412269,0.079471,0.007443,5.494378,1.036462,0.016296,0.000000,0.000712,0.000353,1.033769,0.000349,0.296851,0.002397,0.359755,0.000000,0.000000,0.000000,0,0,0.000000,0.000000,0.000000,0.000000,0.000000,0.000000,0.000000,0.000000,0.000000,0.000000,0.000000,0.000000,0.000000,0.000000,0,0,0,0,0,0.000000,0.000000,0.000000,0.000000,0.000000,0.000000,0.000000,0.000000,0,0,0,0,0
33,0,10.052995,0.003933,0.000000,0.000163,0.496182,2.456428,2.445899,0.080387,0.006324,5.514031,1.133230,0.018972,0.000000,0.000590,0.000305,0.999196,0.000329,0.341081,0.002377,0.357388,0.000000,0.000000,0.000000,0,0,0.000000,0.000000,0.000000,0.000000,0.000000,0.000000,0.000000,0.000000,0.000000,0.000000,0.000000,0.000000,0.000000,0.000000,0,0,0,0,0,0.000000,0.000000,0.000000,0.000000,0.000000,0.000000,0.000000,0.000000,0,0,0,0,0
34,0,10.061378,0.088257,0.000000,0.000197,0.536180,2.441494,2.430986,0.081323,0.006358,5.574517,1.103573,0.018870,0.000000,0.000590,0.000305,0.918928,0.000349,0.301225,0.002302,0.448764,0.000000,0.000000,0.000000,0,0,0.000000,0.000000,0.000000,0.000000,0.000000,0.000000,0.000000,0.000000,0.000000,0.000000,0.000000,0.000000,0.000000,0.000000,0,0,0,0,0,0.000000,0.000000,0.000000,0.000000,0.000000,0.000000,0.000000,0.000000,0,0,0,0,0
35,0,10.291012,0.003866,0.000000,0.000163,0.574368,2.410021,2.399451,0.079044,0.006276,5.564609,1.102051,0.018992,0.000000,0.000590,0.000305,1.235382,0.000349,0.304311,0.002397,0.408481,0.000000,0.000000,0.000000,0,0,0.000000,0.000000,0.000000,0.000000,0.000000,0.000000,0.000000,0.000000,0.000000,0.000000,0.000000,0.000000,0.000000,0.000000,0,0,0,0,0,0.000000,0.000000,0.000000,0.000000,0.000000,0.000000,0.000000,0.000000,0,0,0,0,0
36,0,10.123979,0.126506,0.000000,0.000190,0.549425,2.389594,2.378720,0.079797,0.007199,5.523214,1.105058,0.019094,0.000000,0.000570,0.000305,0.994293,0.000349,0.297807,0.002275,0.358941,0.000000,0.000000,0.000000,0,0,0.000000,0.000000,0.000000,0.000000,0.000000,0.000000,0.000000,0.000000,0.000000,0.000000,0.000000,0.000000,0.000000,0.000000,0,0,0,0,0,0.000000,0.000000,0.000000,0.000000,0.000000,0.000000,0.000000,0.000000,0,0,0,0,0
37,0,10.040239,0.003893,0.000000,0.000163,0.504381,2.511074,2.500424,0.081078,0.006399,5.478678,1.061595,0.016581,0.000000,0.000732,0.000373,1.042992,0.000349,0.301293,0.002296,0.402479,0.000000,0.000000,0.000000,0,0,0.000000,0.000000,0.000000,0.000000,0.000000,0.000000,0.000000,0.000000,0.000000,0.000000,0.000000,0.000000,0.000000,0.000000,0,0,0,0,0,0.000000,0.000000,0.000000,0.000000,0.000000,0.000000,0.000000,0.000000,0,0,0,0,0
38,0,10.074765,0.088013,0.000000,0.000190,0.534288,2.450487,2.439938,0.121911,0.036306,5.445896,1.046722,0.016073,0.000000,0.000732,0.000373,1.030514,0.000349,0.256331,0.002377,0.404087,0.000000,0.000000,0.000000,0,0,0.000000,0.000000,0.000000,0.000000,0.000000,0.000000,0.000000,0.000000,0.000000,0.000000,0.000000,0.000000,0.000000,0.000000,0,0,0,0,0,0.000000,0.000000,0.000000,0.000000,0.000000,0.000000,0.000000,0.000000,0,0,0,0,0
39,0,10.290300,0.003832,0.000000,0.000163,0.530748,2.433438,2.422807,0.080102,0.006276,5.573561,1.039208,0.019114,0.000000,0.000590,0.000407,1.248281,0.000349,0.300174,0.002296,0.357395,0.000000,0.000000,0.000000,0,0,0.000000,0.000000,0.000000,0.000000,0.000000,0.000000,0.000000,0.000000,0.000000,0.000000,0.000000,0.000000,0.000000,0.000000,0,0,0,0,0,0.000000,0.000000,0.000000,0.000000,0.000000,0.000000,0.000000,0.000000,0,0,0,0,0
40,0,10.140276,0.087952,0.000000,0.000190,0.496446,2.487515,2.477007,0.081445,0.006317,5.541334,0.975535,0.018646,0.000000,0.000590,0.000305,0.989675,0.000410,0.337752,0.002282,0.401950,0.000000,0.000000,0.000000,0,0,0.000000,0.000000,0.000000,0.000000,0.000000,0.000000,0.000000,0.000000,0.000000,0.000000,0.000000,0.000000,0.000000,0.000000,0,0,0,0,0,0.000000,0.000000,0.000000,0.000000,0.000000,0.000000,0.000000,0.000000,0,0,0,0,0
41,0,10.070045,0.003933,0.000000,0.000163,0.532071,2.487128,2.476417,0.078779,0.006276,5.618618,1.101640,0.020294,0.000000,0.000590,0.000305,0.929067,0.000349,0.300317,0.002397,0.451267,0.000000,0.000000,0.000000,0,0,0.000000,0.000000,0.000000,0.000000,0.000000,0.000000,0.000000,0.000000,0.000000,0.000000,0.000000,0.000000,0.000000,0.000000,0,0,0,0,0,0.000000,0.000000,0.000000,0.000000,0.000000,0.000000,0.000000,0.000000,0,0,0,0,0
42,0,10.325192,0.126872,0.000000,0.000190,0.556179,2.395352,2.384599,0.079024,0.007931,5.507358,1.095462,0.018931,0.000000,0.000590,0.000305,1.197011,0.000349,0.301069,0.002282,0.446547,0.000000,0.000000,0.000000,0,0,0.000000,0.000000,0.000000,0.000000,0.000000,0.000000,0.000000,0.000000,0.000000,0.000000,0.000000,0.000000,0.000000,0.000000,0,0,0,0,0,0.000000,0.000000,0.000000,0.000000,0.000000,0.000000,0.000000,0.000000,0,0,0,0,0
43,0,9.952681,0.003899,0.000000,0.000190,0.535814,2.425340,2.414425,0.080000,0.007890,5.455743,1.137346,0.018687,0.000000,0.000590,0.000305,1.033837,0.000329,0.256243,0.002282,0.404656,0.000000,0.000000,0.000000,0,0,0.000000,0.000000,0.000000,0.000000,0.000000,0.000000,0.000000,0.000000,0.000000,0.000000,0.000000,0.000000,0.000000,0.000000,0,0,0,0,0,0.000000,0.000000,0.000000,0.000000,0.000000,0.000000,0.000000,0.000000,0,0,0,0,0
44,0,10.127892,0.088074,0.000000,0.000190,0.497993,2.460253,2.449622,0.079600,0.006276,5.562676,1.064246,0.062985,0.000000,0.000590,0.000407,0.971602,0.000349,0.304915,0.002296,0.404127,0.000000,0.000000,0.000000,0,0,0.000000,0.000000,0.000000,0.000000,0.000000,0.000000,0.000000,0.000000,0.000000,0.000000,0.000000,0.000000,0.000000,0.000000,0,0,0,0,0,0.000000,0.000000,0.000000,0.000000,0.000000,0.000000,0.000000,0.000000,0,0,0,0,0
45,0,10.331723,0.003791,0.000000,0.000163,0.531379,2.451362,2.440793,0.081200,0.006249,5.539076,1.063324,0.019725,0.000000,0.000570,0.000305,1.301639,0.000349,0.303545,0.002296,0.357334,0.000000,0.000000,0.000000,0,0,0.000000,0.000000,0.000000,0.000000,0.000000,0.000000,0.000000,0.000000,0.000000,0.000000,0.000000,0.000000,0.000000,0.000000,0,0,0,0,0,0.000000,0.000000,0.000000,0.000000,0.000000,0.000000,0.000000,0.000000,0,0,0,0,0
46,0,10.082455,0.125305,0.000000,0.000190,0.535224,2.420254,2.409529,0.080529,0.043718,5.497443,1.095096,0.019012,0.000000,0.000590,0.000305,1.009633,0.000349,0.256677,0.002296,0.405633,0.000000,0.000000,0.000000,0,0,0.000000,0.000000,0.000000,0.000000,0.000000,0.000000,0.000000,0.000000,0.000000,0.000000,0.000000,0.000000,0.000000,0.000000,0,0,0,0,0,0.000000,0.000000,0.000000,0.000000,0.000000,0.000000,0.000000,0.000000,0,0,0,0,0
47,0,10.248959,0.003954,0.000000,0.000190,0.499417,2.435228,2.424537,0.079492,0.007239,5.517327,1.144738,0.019094,0.000000,0.000570,0.000346,1.290558,0.000349,0.260624,0.002357,0.408054,0.000000,0.000000,0.000000,0,0,0.000000,0.000000,0.000000,0.000000,0.000000,0.000000,0.000000,0.000000,0.000000,0.000000,0.000000,0.000000,0.000000,0.000000,0,0,0,0,0,0.000000,0.000000,0.000000,0.000000,0.000000,0.000000,0.000000,0.000000,0,0,0,0,0
48,0,10.081051,0.127136,0.000000,0.000190,0.542996,2.431383,2.420834,0.079247,0.006310,5.549310,1.043372,0.018911,0.000000,0.000590,0.000305,0.927358,0.000349,0.303857,0.002316,0.453200,0.000000,0.000000,0.000000,0,0,0.000000,0.000000,0.000000,0.000000,0.000000,0.000000,0.000000,0.000000,0.000000,0.000000,0.000000,0.000000,0.000000,0.000000,0,0,0,0,0,0.000000,0.000000,0.000000,0.000000,0.000000,0.000000,0.000000,0.000000,0,0,0,0,0
49,0,9.977576,0.003913,0.000000,0.000190,0.543138,2.461758,2.451033,0.079349,0.006276,5.515191,1.060869,0.018911,0.000000,0.000590,0.000305,0.994700,0.000349,0.258955,0.002282,0.648777,0.000000,0.000000,0.000000,0,0,0.000000,0.000000,0.000000,0.000000,0.000000,0.000000,0.000000,0.000000,0.000000,0.000000,0.000000,0.000000,0.000000,0.000000,0,0,0,0,0,0.000000,0.000000,0.000000,0.000000,0.000000,0.000000,0.000000,0.000000,0,0,0,0,0
50,0,10.032020,0.124369,0.000000,0.000190,0.511542,2.424364,2.413754,0.079858,0.007239,5.445448,1.192705,0.019012,0.000000,0.000705,0.000332,1.028229,0.000329,0.256554,0.002404,0.488336,0.000000,0.000000,0.000000,0,0,0.000000,0.000000,0.000000,0.000000,0.000000,0.000000,0.000000,0.000000,0.000000,0.000000,0.000000,0.000000,0.000000,0.000000,0,0,0,0,0,0.000000,0.000000,0.000000,0.000000,0.000000,0.000000,0.000000,0.000000,0,0,0,0,0
51,0,9.949480,0.004055,0.000000,0.000163,0.495470,2.404690,2.394128,0.079430,0.006426,5.472711,1.068709,0.019175,0.000000,0.000590,0.000305,1.009281,0.000349,0.258569,0.002275,0.445692,0.000000,0.000000,0.000000,0,0,0.000000,0.000000,0.000000,0.000000,0.000000,0.000000,0.000000,0.000000,0.000000,0.000000,0.000000,0.000000,0.000000,0.000000,0,0,0,0,0,0.000000,0.000000,0.000000,0.000000,0.000000,0.000000,0.000000,0.000000,0,0,0,0,0
52,0,10.011329,0.087606,0.000000,0.000197,0.545987,2.400235,2.389869,0.081241,0.006215,5.477898,1.060035,0.063171,0.000000,0.000570,0.000305,0.956207,0.000349,0.298689,0.002296,0.489434,0.000000,0.000000,0.000000,0,0,0.000000,0.000000,0.000000,0.000000,0.000000,0.000000,0.000000,0.000000,0.000000,0.000000,0.000000,0.000000,0.000000,0.000000,0,0,0,0,0,0.000000,0.000000,0.000000,0.000000,0.000000,0.000000,0.000000,0.000000,0,0,0,0,0
53,0,10.092180,0.003913,0.000000,0.000163,0.543545,2.449531,2.438921,0.079166,0.006419,5.598341,1.007429,0.018911,0.000000,0.000651,0.000305,1.039988,0.000349,0.257592,0.002377,0.493137,0.000000,0.000000,0.000000,0,0,0.000000,0.000000,0.000000,0.000000,0.000000,0.000000,0.000000,0.000000,0.000000,0.000000,0.000000,0.000000,0.000000,0.000000,0,0,0,0,0,0.000000,0.000000,0.000000,0.000000,0.000000,0.000000,0.000000,0.000000,0,0,0,0,0
54,0,10.084510,0.088562,0.000000,0.000190,0.501309,2.411201,2.400509,0.079308,0.006405,5.548720,1.115855,0.019033,0.000000,0.000590,0.000407,0.978200,0.000349,0.315101,0.002336,0.491204,0.000000,0.000000,0.000000,0,0,0.000000,0.000000,0.000000,0.000000,0.000000,0.000000,0.000000,0.000000,0.000000,0.000000,0.000000,0.000000,0.000000,0.000000,0,0,0,0,0,0.000000,0.000000,0.000000,0.000000,0.000000,0.000000,0.000000,0.000000,0,0,0,0,0
55,0,10.009722,0.003933,0.000000,0.000190,0.539415,2.432787,2.422123,0.125695,0.006134,5.500258,1.141503,0.016195,0.000000,0.000732,0.000353,0.989193,0.000349,0.302894,0.002343,0.521864,0.000000,0.000000,0.000000,0,0,0.000000,0.000000,0.000000,0.000000,0.000000,0.000000,0.000000,0.000000,0.000000,0.000000,0.000000,0.000000,0.000000,0.000000,0,0,0,0,0,0.000000,0.000000,0.000000,0.000000,0.000000,0.000000,0.000000,0.000000,0,0,0,0,0
56,0,10.045698,0.087653,0.000000,0.000190,0.547309,2.422106,2.411455,0.080570,0.006188,5.557122,1.014577,0.018870,0.000000,0.000570,0.000305,0.926293,0.000349,0.305525,0.002296,0.493279,0.000000,0.000000,0.000000,0,0,0.000000,0.000000,0.000000,0.000000,0.000000,0.000000,0.000000,0.000000,0.000000,0.000000,0.000000,0.000000,0.000000,0.000000,0,0,0,0,0,0.000000,0.000000,0.000000,0.000000,0.000000,0.000000,0.000000,0.000000,0,0,0,0,0
57,0,10.040646,0.003811,0.000000,0.000163,0.539517,2.484768,2.474104,0.079993,0.006256,5.502597,1.013462,0.018687,0.000000,0.000590,0.000305,1.052982,0.000349,0.256819,0.002377,0.494215,0.000000,0.000000,0.000000,0,0,0.000000,0.000000,0.000000,0.000000,0.000000,0.000000,0.000000,0.000000,0.000000,0.000000,0.000000,0.000000,0.000000,0.000000,0,0,0,0,0,0.000000,0.000000,0.000000,0.000000,0.000000,0.000000,0.000000,0.000000,0,0,0,0,0
58,0,10.348548,0.088603,0.000000,0.000190,0.498203,2.433926,2.423316,0.144758,0.006215,5.482944,1.095537,0.015788,0.000000,0.000854,0.000387,1.326216,0.000349,0.256860,0.002296,0.493340,0.000000,0.000000,0.000000,0,0,0.000000,0.000000,0.000000,0.000000,0.000000,0.000000,0.000000,0.000000,0.000000,0.000000,0.000000,0.000000,0.000000,0.000000,0,0,0,0,0,0.000000,0.000000,0.000000,0.000000,0.000000,0.000000,0.000000,0.000000,0,0,0,0,0
59,0,10.005124,0.003893,0.000000,0.000163,0.494331,2.414374,2.403683,0.122664,0.006148,5.527439,1.005151,0.018565,0.000000,0.000644,0.000298,1.023197,0.000349,0.300656,0.002302,0.489597,0.000000,0.000000,0.000000,0,0,0.000000,0.000000,0.000000,0.000000,0.000000,0.000000,0.000000,0.000000,0.000000,0.000000,0.000000,0.000000,0.000000,0.000000,0,0,0,0,0,0.000000,0.000000,0.000000,0.000000,0.000000,0.000000,0.000000,0.000000,0,0,0,0,0
60,0,10.074500,0.087891,0.000000,0.000190,0.541551,2.408942,2.398251,0.079227,0.006432,5.570530,1.150096,0.018565,0.000000,0.000590,0.000305,0.926463,0.000349,0.340776,0.002302,0.495721,0.000000,0.000000,0.000000,0,0,0.000000,0.000000,0.000000,0.000000,0.000000,0.000000,0.000000,0.000000,0.000000,0.000000,0.000000,0.000000,0.000000,0.000000,0,0,0,0,0,0.000000,0.000000,0.000000,0.000000,0.000000,0.000000,0.000000,0.000000,0,0,0,0,0
61,0,10.092912,0.003852,0.000000,0.000190,0.563341,2.486294,2.475630,0.079695,0.006195,5.572381,1.111643,0.016317,0.000000,0.000699,0.000305,1.013513,0.000349,0.256229,0.002316,0.531203,0.000000,0.000000,0.000000,0,0,0.000000,0.000000,0.000000,0.000000,0.000000,0.000000,0.000000,0.000000,0.000000,0.000000,0.000000,0.000000,0.000000,0.000000,0,0,0,0,0,0.000000,0.000000,0.000000,0.000000,0.000000,0.000000,0.000000,0.000000,0,0,0,0,0
62,0,10.353227,0.088440,0.000000,0.000190,0.536974,2.412198,2.401466,0.123864,0.006358,5.536818,1.118290,0.018850,0.000000,0.000570,0.000298,1.278100,0.000349,0.257836,0.002316,0.511041,0.000000,0.000000,0.000000,0,0,0.000000,0.000000,0.000000,0.000000,0.000000,0.000000,0.000000,0.000000,0.000000,0.000000,0.000000,0.000000,0.000000,0.000000,0,0,0,0,0,0.000000,0.000000,0.000000,0.000000,0.000000,0.000000,0.000000,0.000000,0,0,0,0,0
63,0,9.963701,0.003906,0.000000,0.000163,0.493496,2.461372,2.450843,0.125838,0.006134,5.451938,1.140723,0.018728,0.000000,0.000590,0.000305,1.004608,0.000349,0.304040,0.002296,0.490228,0.000000,0.000000,0.000000,0,0,0.000000,0.000000,0.000000,0.000000,0.000000,0.000000,0.000000,0.000000,0.000000,0.000000,0.000000,0.000000,0.000000,0.000000,0,0,0,0,0,0.000000,0.000000,0.000000,0.000000,0.000000,0.000000,0.000000,0.000000,0,0,0,0,0
64,0,10.115217,0.087450,0.000000,0.000190,0.540900,2.455024,2.444231,0.079044,0.006256,5.548414,1.003696,0.018931,0.000000,0.000590,0.000305,1.028656,0.000349,0.256412,0.002282,0.495761,0.000000,0.000000,0.000000,0,0,0.000000,0.000000,0.000000,0.000000,0.000000,0.000000,0.000000,0.000000,0.000000,0.000000,0.000000,0.000000,0.000000,0.000000,0,0,0,0,0,0.000000,0.000000,0.000000,0.000000,0.000000,0.000000,0.000000,0.000000,0,0,0,0,0
65,0,10.050127,0.003852,0.000000,0.000163,0.532864,2.484083,2.473480,0.079044,0.006276,5.514994,1.044796,0.016764,0.000000,0.000644,0.000298,1.061442,0.000349,0.255761,0.002418,0.493910,0.000000,0.000000,0.000000,0,0,0.000000,0.000000,0.000000,0.000000,0.000000,0.000000,0.000000,0.000000,0.000000,0.000000,0.000000,0.000000,0.000000,0.000000,0,0,0,0,0,0.000000,0.000000,0.000000,0.000000,0.000000,0.000000,0.000000,0.000000,0,0,0,0,0
66,0,10.352807,0.088175,0.000000,0.000190,0.499396,2.423306,2.412737,0.123539,0.006093,5.521213,1.074819,0.019053,0.000000,0.000590,0.000305,1.320608,0.000349,0.257165,0.002296,0.495924,0.000000,0.000000,0.000000,0,0,0.000000,0.000000,0.000000,0.000000,0.000000,0.000000,0.000000,0.000000,0.000000,0.000000,0.000000,0.000000,0.000000,0.000000,0,0,0,0,0,0.000000,0.000000,0.000000,0.000000,0.000000,0.000000,0.000000,0.000000,0,0,0,0,0
67,0,9.983863,0.003811,0.000000,0.000163,0.500719,2.459073,2.448402,0.080692,0.006297,5.570774,1.027273,0.064165,0.000000,0.000590,0.000305,0.904002,0.000349,0.301171,0.002282,0.527866,0.000000,0.000000,0.000000,0,0,0.000000,0.000000,0.000000,0.000000,0.000000,0.000000,0.000000,0.000000,0.000000,0.000000,0.000000,0.000000,0.000000,0.000000,0,0,0,0,0,0.000000,0.000000,0.000000,0.000000,0.000000,0.000000,0.000000,0.000000,0,0,0,0,0
68,0,10.101335,0.087626,0.000000,0.000197,0.559821,2.415290,2.404660,0.079146,0.006432,5.587029,1.091203,0.018931,0.000000,0.000590,0.000305,0.995873,0.000349,0.256595,0.002282,0.541090,0.000000,0.000000,0.000000,0,0,0.000000,0.000000,0.000000,0.000000,0.000000,0.000000,0.000000,0.000000,0.000000,0.000000,0.000000,0.000000,0.000000,0.000000,0,0,0,0,0,0.000000,0.000000,0.000000,0.000000,0.000000,0.000000,0.000000,0.000000,0,0,0,0,0
69,0,10.335893,0.003872,0.000000,0.000163,0.574734,2.490323,2.479455,0.079105,0.007931,5.503838,1.049367,0.016459,0.000000,0.000732,0.000353,1.223473,0.000349,0.300378,0.002418,0.522841,0.000000,0.000000,0.000000,0,0,0.000000,0.000000,0.000000,0.000000,0.000000,0.000000,0.000000,0.000000,0.000000,0.000000,0.000000,0.000000,0.000000,0.000000,0,0,0,0,0,0.000000,0.000000,0.000000,0.000000,0.000000,0.000000,0.000000,0.000000,0,0,0,0,0
70,0,10.043338,0.088467,0.000000,0.000190,0.498054,2.443163,2.432634,0.124495,0.006148,5.442742,1.090349,0.016452,0.000000,0.000732,0.000305,1.025245,0.000349,0.304074,0.002316,0.489841,0.000000,0.000000,0.000000,0,0,0.000000,0.000000,0.000000,0.000000,0.000000,0.000000,0.000000,0.000000,0.000000,0.000000,0.000000,0.000000,0.000000,0.000000,0,0,0,0,0,0.000000,0.000000,0.000000,0.000000,0.000000,0.000000,0.000000,0.000000,0,0,0,0,0
71,0,10.049659,0.003852,0.000000,0.000163,0.504991,2.488227,2.477644,0.081119,0.006358,5.551344,0.973711,0.016052,0.000000,0.000732,0.000373,1.003259,0.000471,0.301022,0.002282,0.489577,0.000000,0.000000,0.000000,0,0,0.000000,0.000000,0.000000,0.000000,0.000000,0.000000,0.000000,0.000000,0.000000,0.000000,0.000000,0.000000,0.000000,0.000000,0,0,0,0,0,0.000000,0.000000,0.000000,0.000000,0.000000,0.000000,0.000000,0.000000,0,0,0,0,0
72,0,10.392249,0.087830,0.000000,0.000190,0.541775,2.446072,2.435503,0.080590,0.006154,5.551805,1.039761,0.018816,0.000000,0.000590,0.000305,1.266527,0.000349,0.298770,0.002262,0.491041,0.000000,0.000000,0.000000,0,0,0.000000,0.000000,0.000000,0.000000,0.000000,0.000000,0.000000,0.000000,0.000000,0.000000,0.000000,0.000000,0.000000,0.000000,0,0,0,0,0,0.000000,0.000000,0.000000,0.000000,0.000000,0.000000,0.000000,0.000000,0,0,0,0,0
73,0,10.074154,0.003933,0.000000,0.000163,0.538052,2.476447,2.465864,0.079620,0.006371,5.542921,1.055457,0.016215,0.000000,0.000895,0.000298,1.011105,0.000349,0.304338,0.002357,0.483412,0.000000,0.000000,0.000000,0,0,0.000000,0.000000,0.000000,0.000000,0.000000,0.000000,0.000000,0.000000,0.000000,0.000000,0.000000,0.000000,0.000000,0.000000,0,0,0,0,0,0.000000,0.000000,0.000000,0.000000,0.000000,0.000000,0.000000,0.000000,0,0,0,0,0
74,0,10.510800,0.123942,0.000000,0.000197,0.497158,2.491442,2.480954,0.081628,0.006276,5.571404,1.120419,0.063195,0.000000,0.000590,0.000305,1.243927,0.000329,0.338294,0.002357,0.446506,0.000000,0.000000,0.000000,0,0,0.000000,0.000000,0.000000,0.000000,0.000000,0.000000,0.000000,0.000000,0.000000,0.000000,0.000000,0.000000,0.000000,0.000000,0,0,0,0,0,0.000000,0.000000,0.000000,0.000000,0.000000,0.000000,0.000000,0.000000,0,0,0,0,0
75,0,9.947099,0.003872,0.000000,0.000163,0.519986,2.465827,2.455278,0.078739,0.006175,5.475701,1.068851,0.016479,0.000000,0.000692,0.000305,0.988576,0.000349,0.298445,0.002282,0.490106,0.000000,0.000000,0.000000,0,0,0.000000,0.000000,0.000000,0.000000,0.000000,0.000000,0.000000,0.000000,0.000000,0.000000,0.000000,0.000000,0.000000,0.000000,0,0,0,0,0,0.000000,0.000000,0.000000,0.000000,0.000000,0.000000,0.000000,0.000000,0,0,0,0,0
76,0,10.039798,0.087653,0.000000,0.000190,0.534634,2.437812,2.427100,0.080183,0.006276,5.487847,0.998301,0.018931,0.000000,0.000590,0.000305,1.034027,0.000349,0.256921,0.002336,0.496046,0.000000,0.000000,0.000000,0,0,0.000000,0.000000,0.000000,0.000000,0.000000,0.000000,0.000000,0.000000,0.000000,0.000000,0.000000,0.000000,0.000000,0.000000,0,0,0,0,0,0.000000,0.000000,0.000000,0.000000,0.000000,0.000000,0.000000,0.000000,0,0,0,0,0
77,0,10.038184,0.003954,0.000000,0.000163,0.536872,2.417731,2.406945,0.120873,0.007056,5.467807,1.074663,0.019094,0.000000,0.000590,0.000305,1.038503,0.000370,0.300574,0.002296,0.446648,0.000000,0.000000,0.000000,0,0,0.000000,0.000000,0.000000,0.000000,0.000000,0.000000,0.000000,0.000000,0.000000,0.000000,0.000000,0.000000,0.000000,0.000000,0,0,0,0,0,0.000000,0.000000,0.000000,0.000000,0.000000,0.000000,0.000000,0.000000,0,0,0,0,0
78,0,10.140011,0.088643,0.000000,0.000190,0.496182,2.489224,2.478478,0.081241,0.006276,5.569065,1.053918,0.019053,0.000000,0.041019,0.000302,0.955495,0.000349,0.300968,0.002316,0.490980,0.000000,0.000000,0.000000,0,0,0.000000,0.000000,0.000000,0.000000,0.000000,0.000000,0.000000,0.000000,0.000000,0.000000,0.000000,0.000000,0.000000,0.000000,0,0,0,0,0,0.000000,0.000000,0.000000,0.000000,0.000000,0.000000,0.000000,0.000000,0,0,0,0,0
79,0,10.032630,0.003893,0.000000,0.000163,0.532376,2.438097,2.427589,0.081946,0.006229,5.605442,1.157644,0.018972,0.000000,0.000590,0.000332,0.920820,0.000349,0.329207,0.002418,0.495660,0.000000,0.000000,0.000000,0,0,0.000000,0.000000,0.000000,0.000000,0.000000,0.000000,0.000000,0.000000,0.000000,0.000000,0.000000,0.000000,0.000000,0.000000,0,0,0,0,0,0.000000,0.000000,0.000000,0.000000,0.000000,0.000000,0.000000,0.000000,0,0,0,0,0
80,0,10.152829,0.125509,0.000000,0.000190,0.534241,2.416219,2.405596,0.079919,0.007768,5.514737,1.215824,0.019053,0.000000,0.000590,0.000305,0.997223,0.000349,0.322954,0.002296,0.448602,0.000000,0.000000,0.000000,0,0,0.000000,0.000000,0.000000,0.000000,0.000000,0.000000,0.000000,0.000000,0.000000,0.000000,0.000000,0.000000,0.000000,0.000000,0,0,0,0,0,0.000000,0.000000,0.000000,0.000000,0.000000,0.000000,0.000000,0.000000,0,0,0,0,0
81,0,10.018816,0.003906,0.000000,0.000163,0.538215,2.422492,2.411923,0.081262,0.007314,5.509718,1.204369,0.019216,0.000000,0.000590,0.000305,1.001678,0.000370,0.300066,0.002357,0.523451,0.000000,0.000000,0.000000,0,0,0.000000,0.000000,0.000000,0.000000,0.000000,0.000000,0.000000,0.000000,0.000000,0.000000,0.000000,0.000000,0.000000,0.000000,0,0,0,0,0,0.000000,0.000000,0.000000,0.000000,0.000000,0.000000,0.000000,0.000000,0,0,0,0,0
82,0,10.077884,0.087633,0.000000,0.000190,0.554511,2.448900,2.438290,0.079369,0.006365,5.572503,1.058085,0.018748,0.000000,0.000590,0.000305,0.913374,0.000349,0.302982,0.002357,0.490106,0.000000,0.000000,0.000000,0,0,0.000000,0.000000,0.000000,0.000000,0.000000,0.000000,0.000000,0.000000,0.000000,0.000000,0.000000,0.000000,0.000000,0.000000,0,0,0,0,0,0.000000,0.000000,0.000000,0.000000,0.000000,0.000000,0.000000,0.000000,0,0,0,0,0
83,0,9.951250,0.003852,0.000000,0.000163,0.539720,2.444600,2.433977,0.080814,0.006236,5.497389,1.057648,0.020091,0.000000,0.000570,0.000305,0.961063,0.000329,0.303979,0.002296,0.495375,0.000000,0.000000,0.000000,0,0,0.000000,0.000000,0.000000,0.000000,0.000000,0.000000,0.000000,0.000000,0.000000,0.000000,0.000000,0.000000,0.000000,0.000000,0,0,0,0,0,0.000000,0.000000,0.000000,0.000000,0.000000,0.000000,0.000000,0.000000,0,0,0,0,0
84,0,10.036401,0.126817,0.000000,0.000190,0.522895,2.397936,2.387387,0.079736,0.008270,5.444370,1.144413,0.016093,0.000000,0.000719,0.000353,1.037960,0.000404,0.255144,0.002296,0.494012,0.000000,0.000000,0.000000,0,0,0.000000,0.000000,0.000000,0.000000,0.000000,0.000000,0.000000,0.000000,0.000000,0.000000,0.000000,0.000000,0.000000,0.000000,0,0,0,0,0,0.000000,0.000000,0.000000,0.000000,0.000000,0.000000,0.000000,0.000000,0,0,0,0,0
85,0,10.245216,0.004069,0.000000,0.000190,0.497810,2.408596,2.397844,0.080427,0.007280,5.524400,1.106340,0.019053,0.000000,0.000590,0.000305,1.308746,0.000349,0.259505,0.002377,0.494785,0.000000,0.000000,0.000000,0,0,0.000000,0.000000,0.000000,0.000000,0.000000,0.000000,0.000000,0.000000,0.000000,0.000000,0.000000,0.000000,0.000000,0.000000,0,0,0,0,0,0.000000,0.000000,0.000000,0.000000,0.000000,0.000000,0.000000,0.000000,0,0,0,0,0
86,0,10.098365,0.088128,0.000000,0.000197,0.541918,2.410733,2.400041,0.080997,0.006263,5.594618,1.158946,0.019012,0.000000,0.000570,0.000305,0.921248,0.000349,0.341414,0.002296,0.495700,0.000000,0.000000,0.000000,0,0,0.000000,0.000000,0.000000,0.000000,0.000000,0.000000,0.000000,0.000000,0.000000,0.000000,0.000000,0.000000,0.000000,0.000000,0,0,0,0,0,0.000000,0.000000,0.000000,0.000000,0.000000,0.000000,0.000000,0.000000,0,0,0,0,0
87,0,10.019975,0.003872,0.000000,0.000163,0.560269,2.430081,2.419369,0.078779,0.006215,5.581333,1.098945,0.018626,0.000000,0.000590,0.000312,0.987756,0.000349,0.257735,0.002316,0.527195,0.000000,0.000000,0.000000,0,0,0.000000,0.000000,0.000000,0.000000,0.000000,0.000000,0.000000,0.000000,0.000000,0.000000,0.000000,0.000000,0.000000,0.000000,0,0,0,0,0,0.000000,0.000000,0.000000,0.000000,0.000000,0.000000,0.000000,0.000000,0,0,0,0,0
88,0,9.964861,0.088175,0.000000,0.000190,0.516161,2.392992,2.382402,0.080305,0.007199,5.470981,1.134966,0.019135,0.000000,0.000570,0.000427,0.998749,0.000349,0.255191,0.002397,0.494195,0.000000,0.000000,0.000000,0,0,0.000000,0.000000,0.000000,0.000000,0.000000,0.000000,0.000000,0.000000,0.000000,0.000000,0.000000,0.000000,0.000000,0.000000,0,0,0,0,0,0.000000,0.000000,0.000000,0.000000,0.000000,0.000000,0.000000,0.000000,0,0,0,0,0
89,0,10.238481,0.003893,0.000000,0.000163,0.498583,2.471049,2.460405,0.125044,0.006297,5.453484,1.045983,0.019107,0.000000,0.000590,0.000305,1.309601,0.000349,0.257714,0.002336,0.495375,0.000000,0.000000,0.000000,0,0,0.000000,0.000000,0.000000,0.000000,0.000000,0.000000,0.000000,0.000000,0.000000,0.000000,0.000000,0.000000,0.000000,0.000000,0,0,0,0,0,0.000000,0.000000,0.000000,0.000000,0.000000,0.000000,0.000000,0.000000,0,0,0,0,0
90,0,10.101213,0.088006,0.000000,0.000197,0.547512,2.456346,2.445797,0.080651,0.006270,5.536635,1.064341,0.018850,0.000000,0.000590,0.000305,1.014923,0.000349,0.258263,0.002316,0.496087,0.000000,0.000000,0.000000,0,0,0.000000,0.000000,0.000000,0.000000,0.000000,0.000000,0.000000,0.000000,0.000000,0.000000,0.000000,0.000000,0.000000,0.000000,0,0,0,0,0,0.000000,0.000000,0.000000,0.000000,0.000000,0.000000,0.000000,0.000000,0,0,0,0,0
91,0,10.027015,0.003832,0.000000,0.000163,0.538154,2.438382,2.427629,0.079268,0.006236,5.560113,1.003048,0.018911,0.000000,0.000590,0.000305,1.030528,0.000329,0.257443,0.002282,0.497165,0.000000,0.000000,0.000000,0,0,0.000000,0.000000,0.000000,0.000000,0.000000,0.000000,0.000000,0.000000,0.000000,0.000000,0.000000,0.000000,0.000000,0.000000,0,0,0,0,0,0.000000,0.000000,0.000000,0.000000,0.000000,0.000000,0.000000,0.000000,0,0,0,0,0
92,0,10.129452,0.088847,0.000000,0.000190,0.497064,2.432888,2.422299,0.122623,0.006351,5.539978,0.996707,0.019155,0.000000,0.000590,0.000298,1.029036,0.000349,0.299442,0.002316,0.490187,0.000000,0.000000,0.000000,0,0,0.000000,0.000000,0.000000,0.000000,0.000000,0.000000,0.000000,0.000000,0.000000,0.000000,0.000000,0.000000,0.000000,0.000000,0,0,0,0,0,0.000000,0.000000,0.000000,0.000000,0.000000,0.000000,0.000000,0.000000,0,0,0,0,0
93,0,10.372677,0.004069,0.000000,0.000163,0.501309,2.472663,2.461999,0.079471,0.006473,5.548069,1.063867,0.064484,0.000000,0.000570,0.000305,1.260752,0.000349,0.341041,0.002438,0.491041,0.000000,0.000000,0.000000,0,0,0.000000,0.000000,0.000000,0.000000,0.000000,0.000000,0.000000,0.000000,0.000000,0.000000,0.000000,0.000000,0.000000,0.000000,0,0,0,0,0,0.000000,0.000000,0.000000,0.000000,0.000000,0.000000,0.000000,0.000000,0,0,0,0,0
94,0,10.096961,0.087911,0.000000,0.000190,0.566250,2.434760,2.424049,0.079329,0.006310,5.564772,1.126522,0.018585,0.000000,0.000590,0.000305,0.987701,0.000349,0.256758,0.002357,0.540297,0.000000,0.000000,0.000000,0,0,0.000000,0.000000,0.000000,0.000000,0.000000,0.000000,0.000000,0.000000,0.000000,0.000000,0.000000,0.000000,0.000000,0.000000,0,0,0,0,0,0.000000,0.000000,0.000000,0.000000,0.000000,0.000000,0.000000,0.000000,0,0,0,0,0
95,0,10.025367,0.003893,0.000000,0.000163,0.593187,2.374986,2.364051,0.080102,0.006399,5.599928,1.012672,0.019277,0.000000,0.000590,0.000305,0.997528,0.000349,0.254805,0.002316,0.493890,0.000000,0.000000,0.000000,0,0,0.000000,0.000000,0.000000,0.000000,0.000000,0.000000,0.000000,0.000000,0.000000,0.000000,0.000000,0.000000,0.000000,0.000000,0,0,0,0,0,0.000000,0.000000,0.000000,0.000000,0.000000,0.000000,0.000000,0.000000,0,0,0,0,0
96,0,10.297746,0.087925,0.000000,0.000197,0.497179,2.442959,2.432295,0.083537,0.006236,5.448276,1.096493,0.018890,0.000000,0.000590,0.000346,1.321401,0.000349,0.256758,0.002316,0.496596,0.000000,0.000000,0.000000,0,0,0.000000,0.000000,0.000000,0.000000,0.000000,0.000000,0.000000,0.000000,0.000000,0.000000,0.000000,0.000000,0.000000,0.000000,0,0,0,0,0,0.000000,0.000000,0.000000,0.000000,0.000000,0.000000,0.000000,0.000000,0,0,0,0,0
97,0,9.994219,0.003893,0.000000,0.000163,0.538093,2.462633,2.452009,0.081424,0.008074,5.454074,1.015811,0.016174,0.000000,0.000654,0.000305,0.953623,0.000349,0.299700,0.002282,0.489780,0.000000,0.000000,0.000000,0,0,0.000000,0.000000,0.000000,0.000000,0.000000,0.000000,0.000000,0.000000,0.000000,0.000000,0.000000,0.000000,0.000000,0.000000,0,0,0,0,0,0.000000,0.000000,0.000000,0.000000,0.000000,0.000000,0.000000,0.000000,0,0,0,0,0
98,0,10.106245,0.087450,0.000000,0.000190,0.572659,2.436211,2.425364,0.079125,0.044545,5.498650,1.099369,0.018850,0.000000,0.000570,0.000305,1.018829,0.000349,0.255680,0.002418,0.491306,0.000000,0.000000,0.000000,0,0,0.000000,0.000000,0.000000,0.000000,0.000000,0.000000,0.000000,0.000000,0.000000,0.000000,0.000000,0.000000,0.000000,0.000000,0,0,0,0,0,0.000000,0.000000,0.000000,0.000000,0.000000,0.000000,0.000000,0.000000,0,0,0,0,0
99,0,10.282305,0.003791,0.000000,0.000163,0.534838,2.423021,2.412269,0.079654,0.007728,5.517042,1.241364,0.019216,0.000000,0.000590,0.000305,1.261030,0.000349,0.300235,0.002282,0.599664,0.000000,0.000000,0.000000,0,0,0.000000,0.000000,0.000000,0.000000,0.000000,0.000000,0.000000,0.000000,0.000000,0.000000,0.000000,0.000000,0.000000,0.000000,0,0,0,0,0,0.000000,0.000000,0.000000,0.000000,0.000000,0.000000,0.000000,0.000000,0,0,0,0,0
100,0,10.043047,0.124512,0.000000,0.000190,0.493334,2.449164,2.438778,0.079498,0.006331,5.496324,1.195492,0.018999,0.000000,0.000590,0.000305,0.983327,0.000349,0.298608,0.002296,0.534498,0.000000,0.000000,0.000000,0,0,0.000000,0.000000,0.000000,0.000000,0.000000,0.000000,0.000000,0.000000,0.000000,0.000000,0.000000,0.000000,0.000000,0.000000,0,0,0,0,0,0.000000,0.000000,0.000000,0.000000,0.000000,0.000000,0.000000,0.000000,0,0,0,0,0
101,0,10.305274,0.003852,0.000000,0.000163,0.534492,2.466112,2.455366,0.081262,0.006500,5.540439,1.092736,0.019704,0.000000,0.000590,0.000305,1.257884,0.000505,0.301036,0.002458,0.570814,0.000000,0.000000,0.000000,0,0,0.000000,0.000000,0.000000,0.000000,0.000000,0.000000,0.000000,0.000000,0.000000,0.000000,0.000000,0.000000,0.000000,0.000000,0,0,0,0,0,0.000000,0.000000,0.000000,0.000000,0.000000,0.000000,0.000000,0.000000,0,0,0,0,0
102,0,10.065345,0.125488,0.000000,0.000197,0.559984,2.384549,2.373572,0.080061,0.044586,5.471795,1.092912,0.018585,0.000000,0.000590,0.000305,1.030711,0.000349,0.255232,0.002316,0.489048,0.000000,0.000000,0.000000,0,0,0.000000,0.000000,0.000000,0.000000,0.000000,0.000000,0.000000,0.000000,0.000000,0.000000,0.000000,0.000000,0.000000,0.000000,0,0,0,0,0,0.000000,0.000000,0.000000,0.000000,0.000000,0.000000,0.000000,0.000000,0,0,0,0,0
103,0,9.967160,0.003933,0.000000,0.000163,0.500739,2.396735,2.386024,0.124047,0.006670,5.464511,1.070967,0.018707,0.000000,0.000590,0.000305,1.029205,0.000342,0.297116,0.002397,0.445774,0.000000,0.000000,0.000000,0,0,0.000000,0.000000,0.000000,0.000000,0.000000,0.000000,0.000000,0.000000,0.000000,0.000000,0.000000,0.000000,0.000000,0.000000,0,0,0,0,0,0.000000,0.000000,0.000000,0.000000,0.000000,0.000000,0.000000,0.000000,0,0,0,0,0
104,0,10.049808,0.088223,0.000000,0.000190,0.532871,2.433641,2.423113,0.080407,0.006215,5.487562,0.967824,0.016174,0.000000,0.000732,0.000373,1.009789,0.000404,0.299781,0.002336,0.486443,0.000000,0.000000,0.000000,0,0,0.000000,0.000000,0.000000,0.000000,0.000000,0.000000,0.000000,0.000000,0.000000,0.000000,0.000000,0.000000,0.000000,0.000000,0,0,0,0,0,0.000000,0.000000,0.000000,0.000000,0.000000,0.000000,0.000000,0.000000,0,0,0,0,0
105,0,10.033729,0.003927,0.000000,0.000190,0.542847,2.443665,2.433204,0.079186,0.006270,5.576246,1.021047,0.019155,0.000000,0.000570,0.000305,1.010142,0.000349,0.258040,0.002336,0.495599,0.000000,0.000000,0.000000,0,0,0.000000,0.000000,0.000000,0.000000,0.000000,0.000000,0.000000,0.000000,0.000000,0.000000,0.000000,0.000000,0.000000,0.000000,0,0,0,0,0,0.000000,0.000000,0.000000,0.000000,0.000000,0.000000,0.000000,0.000000,0,0,0,0,0
106,0,10.118303,0.123793,0.000000,0.000197,0.512702,2.418098,2.407393,0.079695,0.007300,5.503269,1.245249,0.018660,0.000000,0.000590,0.000305,0.990448,0.000349,0.328569,0.002418,0.443414,0.000000,0.000000,0.000000,0,0,0.000000,0.000000,0.000000,0.000000,0.000000,0.000000,0.000000,0.000000,0.000000,0.000000,0.000000,0.000000,0.000000,0.000000,0,0,0,0,0,0.000000,0.000000,0.000000,0.000000,0.000000,0.000000,0.000000,0.000000,0,0,0,0,0
107,0,10.036455,0.004055,0.000000,0.000163,0.540575,2.432529,2.421885,0.123701,0.006148,5.529534,1.189789,0.016012,0.000000,0.000671,0.000373,0.988020,0.000349,0.301490,0.002296,0.520745,0.000000,0.000000,0.000000,0,0,0.000000,0.000000,0.000000,0.000000,0.000000,0.000000,0.000000,0.000000,0.000000,0.000000,0.000000,0.000000,0.000000,0.000000,0,0,0,0,0,0.000000,0.000000,0.000000,0.000000,0.000000,0.000000,0.000000,0.000000,0,0,0,0,0
108,0,9.991330,0.087891,0.000000,0.000197,0.546007,2.418382,2.407772,0.079654,0.006148,5.517164,1.011587,0.019643,0.000000,0.000590,0.000305,0.919932,0.000349,0.301761,0.002296,0.485772,0.000000,0.000000,0.000000,0,0,0.000000,0.000000,0.000000,0.000000,0.000000,0.000000,0.000000,0.000000,0.000000,0.000000,0.000000,0.000000,0.000000,0.000000,0,0,0,0,0,0.000000,0.000000,0.000000,0.000000,0.000000,0.000000,0.000000,0.000000,0,0,0,0,0
109,0,10.016252,0.003852,0.000000,0.000163,0.536913,2.476061,2.465532,0.079451,0.006276,5.498549,0.999766,0.018545,0.000000,0.000570,0.000305,1.046926,0.000370,0.255069,0.002275,0.488397,0.000000,0.000000,0.000000,0,0,0.000000,0.000000,0.000000,0.000000,0.000000,0.000000,0.000000,0.000000,0.000000,0.000000,0.000000,0.000000,0.000000,0.000000,0,0,0,0,0,0.000000,0.000000,0.000000,0.000000,0.000000,0.000000,0.000000,0.000000,0,0,0,0,0
110,0,10.055498,0.088460,0.000000,0.000190,0.497830,2.452644,2.442061,0.151106,0.006188,5.450433,1.138316,0.019073,0.000000,0.000570,0.000427,0.995351,0.000349,0.300968,0.002296,0.488315,0.000000,0.000000,0.000000,0,0,0.000000,0.000000,0.000000,0.000000,0.000000,0.000000,0.000000,0.000000,0.000000,0.000000,0.000000,0.000000,0.000000,0.000000,0,0,0,0,0,0.000000,0.000000,0.000000,0.000000,0.000000,0.000000,0.000000,0.000000,0,0,0,0,0
111,0,10.025916,0.003791,0.000000,0.000163,0.494609,2.459846,2.449215,0.081038,0.006215,5.544101,0.976858,0.019236,0.000000,0.000590,0.000305,1.024384,0.000349,0.299381,0.002438,0.485955,0.000000,0.000000,0.000000,0,0,0.000000,0.000000,0.000000,0.000000,0.000000,0.000000,0.000000,0.000000,0.000000,0.000000,0.000000,0.000000,0.000000,0.000000,0,0,0,0,0,0.000000,0.000000,0.000000,0.000000,0.000000,0.000000,0.000000,0.000000,0,0,0,0,0
112,0,10.381161,0.087789,0.000000,0.000190,0.534838,2.392727,2.382117,0.079207,0.006290,5.582289,1.017832,0.019311,0.000000,0.000570,0.000305,1.283393,0.000342,0.300357,0.002438,0.486565,0.000000,0.000000,0.000000,0,0,0.000000,0.000000,0.000000,0.000000,0.000000,0.000000,0.000000,0.000000,0.000000,0.000000,0.000000,0.000000,0.000000,0.000000,0,0,0,0,0,0.000000,0.000000,0.000000,0.000000,0.000000,0.000000,0.000000,0.000000,0,0,0,0,0
113,0,10.067990,0.003933,0.000000,0.000163,0.538032,2.447354,2.436642,0.080407,0.007138,5.535190,1.177514,0.018951,0.000000,0.000570,0.000305,0.999339,0.000349,0.302100,0.002397,0.530735,0.000000,0.000000,0.000000,0,0,0.000000,0.000000,0.000000,0.000000,0.000000,0.000000,0.000000,0.000000,0.000000,0.000000,0.000000,0.000000,0.000000,0.000000,0,0,0,0,0,0.000000,0.000000,0.000000,0.000000,0.000000,0.000000,0.000000,0.000000,0,0,0,0,0
114,0,10.091936,0.088318,0.000000,0.000190,0.514716,2.435065,2.424455,0.124190,0.006168,5.532464,1.098711,0.019094,0.000000,0.000590,0.000305,0.976878,0.000349,0.301205,0.002296,0.518100,0.000000,0.000000,0.000000,0,0,0.000000,0.000000,0.000000,0.000000,0.000000,0.000000,0.000000,0.000000,0.000000,0.000000,0.000000,0.000000,0.000000,0.000000,0,0,0,0,0,0.000000,0.000000,0.000000,0.000000,0.000000,0.000000,0.000000,0.000000,0,0,0,0,0
115,0,9.941525,0.003933,0.000000,0.000163,0.494710,2.445706,2.434953,0.079898,0.006432,5.473748,1.064246,0.016012,0.000000,0.000671,0.000373,1.026869,0.000349,0.299218,0.002296,0.487257,0.000000,0.000000,0.000000,0,0,0.000000,0.000000,0.000000,0.000000,0.000000,0.000000,0.000000,0.000000,0.000000,0.000000,0.000000,0.000000,0.000000,0.000000,0,0,0,0,0,0.000000,0.000000,0.000000,0.000000,0.000000,0.000000,0.000000,0.000000,0,0,0,0,0
116,0,10.331811,0.087653,0.000000,0.000190,0.529751,2.454169,2.404527,0.080143,0.006270,5.505995,1.046139,0.016642,0.000000,0.000732,0.000305,1.258036,0.000349,0.298608,0.002343,0.487705,0.000000,0.000000,0.000000,0,0,0.000000,0.000000,0.000000,0.000000,0.000000,0.000000,0.000000,0.000000,0.000000,0.000000,0.000000,0.000000,0.000000,0.000000,0,0,0,0,0,0.000000,0.000000,0.000000,0.000000,0.000000,0.000000,0.000000,0.000000,0,0,0,0,0
117,0,10.303830,0.003852,0.000000,0.000163,0.537157,2.431566,2.420875,0.928884,0.009311,1.771054,1.067800,0.016076,0.000000,0.000712,0.000387,1.010162,0.000349,0.260156,0.002377,0.492954,0.000000,0.000000,0.000000,0,0,0.000000,0.000000,0.000000,0.000000,0.000000,0.000000,0.000000,0.000000,0.000000,0.000000,0.000000,0.000000,0.000000,0.000000,0,0,0,0,0,0.000000,0.000000,0.000000,0.000000,0.000000,0.000000,0.000000,0.000000,0,0,0,0,0
118,0,10.144121,0.087646,0.000000,0.000197,0.572293,2.438727,2.427778,0.081278,0.006378,5.608568,1.137922,0.020315,0.000000,0.000590,0.000305,0.925751,0.000329,0.300337,0.002262,0.536289,0.000000,0.000000,0.000000,0,0,0.000000,0.000000,0.000000,0.000000,0.000000,0.000000,0.000000,0.000000,0.000000,0.000000,0.000000,0.000000,0.000000,0.000000,0,0,0,0,0,0.000000,0.000000,0.000000,0.000000,0.000000,0.000000,0.000000,0.000000,0,0,0,0,0
119,0,10.402198,0.003954,0.000000,0.000163,0.534288,2.471035,2.460466,0.881714,0.009332,1.736487,1.013991,0.015713,0.000000,0.000766,0.000414,1.003137,0.000349,0.299849,0.002302,0.532627,0.000000,0.000000,0.000000,0,0,0.000000,0.000000,0.000000,0.000000,0.000000,0.000000,0.000000,0.000000,0.000000,0.000000,0.000000,0.000000,0.000000,0.000000,0,0,0,0,0,0.000000,0.000000,0.000000,0.000000,0.000000,0.000000,0.000000,0.000000,0,0,0,0,0
120,0,10.315019,0.087667,0.000000,0.000197,0.568549,2.402188,2.391435,0.077962,0.006215,5.478895,0.999081,0.018972,0.000000,0.000590,0.000305,1.273404,0.000349,0.298770,0.002275,0.487705,0.000000,0.000000,0.000000,0,0,0.000000,0.000000,0.000000,0.000000,0.000000,0.000000,0.000000,0.000000,0.000000,0.000000,0.000000,0.000000,0.000000,0.000000,0,0,0,0,0,0.000000,0.000000,0.000000,0.000000,0.000000,0.000000,0.000000,0.000000,0,0,0,0,0
121,0,10.334354,0.003798,0.000000,0.000163,0.533210,2.416734,2.406064,0.917369,0.009352,1.745317,1.060479,0.016340,0.000000,0.000726,0.000359,1.049015,0.000349,0.257612,0.002316,0.492811,0.000000,0.000000,0.000000,0,0,0.000000,0.000000,0.000000,0.000000,0.000000,0.000000,0.000000,0.000000,0.000000,0.000000,0.000000,0.000000,0.000000,0.000000,0,0,0,0,0,0.000000,0.000000,0.000000,0.000000,0.000000,0.000000,0.000000,0.000000,0,0,0,0,0
122,0,10.130354,0.087877,0.000000,0.000190,0.496935,2.479641,2.468869,0.080600,0.006419,5.557794,1.008046,0.019053,0.000000,0.000590,0.000305,1.001862,0.000349,0.299483,0.002275,0.486911,0.000000,0.000000,0.000000,0,0,0.000000,0.000000,0.000000,0.000000,0.000000,0.000000,0.000000,0.000000,0.000000,0.000000,0.000000,0.000000,0.000000,0.000000,0,0,0,0,0,0.000000,0.000000,0.000000,0.000000,0.000000,0.000000,0.000000,0.000000,0,0,0,0,0
123,0,10.695696,0.003811,0.000000,0.000163,0.534166,2.468859,2.458167,0.893860,0.009291,1.735328,1.051721,0.016073,0.000000,0.000827,0.000359,1.336870,0.000349,0.256738,0.002296,0.491530,0.000000,0.000000,0.000000,0,0,0.000000,0.000000,0.000000,0.000000,0.000000,0.000000,0.000000,0.000000,0.000000,0.000000,0.000000,0.000000,0.000000,0.000000,0,0,0,0,0,0.000000,0.000000,0.000000,0.000000,0.000000,0.000000,0.000000,0.000000,0,0,0,0,0
124,0,10.165890,0.122498,0.000000,0.000197,0.536079,2.429064,2.418026,0.079197,0.007870,5.509820,1.206072,0.018768,0.000000,0.000590,0.000298,0.995548,0.000349,0.323849,0.002296,0.446852,0.000000,0.000000,0.000000,0,0,0.000000,0.000000,0.000000,0.000000,0.000000,0.000000,0.000000,0.000000,0.000000,0.000000,0.000000,0.000000,0.000000,0.000000,0,0,0,0,0,0.000000,0.000000,0.000000,0.000000,0.000000,0.000000,0.000000,0.000000,0,0,0,0,0
125,0,10.276025,0.003777,0.000000,0.000163,0.559292,2.416490,2.405860,0.887665,0.009271,1.776771,1.050245,0.016300,0.000000,0.000712,0.000393,0.931508,0.000349,0.300554,0.002438,0.537306,0.000000,0.000000,0.000000,0,0,0.000000,0.000000,0.000000,0.000000,0.000000,0.000000,0.000000,0.000000,0.000000,0.000000,0.000000,0.000000,0.000000,0.000000,0,0,0,0,0,0.000000,0.000000,0.000000,0.000000,0.000000,0.000000,0.000000,0.000000,0,0,0,0,0
126,0,10.362932,0.087891,0.000000,0.000190,0.531257,2.451321,2.440182,0.082296,0.006331,5.530490,1.092194,0.019250,0.000000,0.000590,0.000305,1.296499,0.000349,0.255354,0.002438,0.534275,0.000000,0.000000,0.000000,0,0,0.000000,0.000000,0.000000,0.000000,0.000000,0.000000,0.000000,0.000000,0.000000,0.000000,0.000000,0.000000,0.000000,0.000000,0,0,0,0,0,0.000000,0.000000,0.000000,0.000000,0.000000,0.000000,0.000000,0.000000,0,0,0,0,0
127,0,10.447486,0.003913,0.000000,0.000163,0.505134,2.499091,2.488366,0.885997,0.009210,1.744666,0.976308,0.016198,0.000000,0.000990,0.000359,1.003604,0.000349,0.298770,0.002296,0.487644,0.000000,0.000000,0.000000,0,0,0.000000,0.000000,0.000000,0.000000,0.000000,0.000000,0.000000,0.000000,0.000000,0.000000,0.000000,0.000000,0.000000,0.000000,0,0,0,0,0,0.000000,0.000000,0.000000,0.000000,0.000000,0.000000,0.000000,0.000000,0,0,0,0,0
128,0,10.367713,0.088013,0.000000,0.000190,0.536018,2.399767,2.389238,0.078512,0.006419,5.545525,1.025733,0.016012,0.000000,0.000732,0.000373,1.294813,0.000349,0.300052,0.002282,0.487644,0.000000,0.000000,0.000000,0,0,0.000000,0.000000,0.000000,0.000000,0.000000,0.000000,0.000000,0.000000,0.000000,0.000000,0.000000,0.000000,0.000000,0.000000,0,0,0,0,0,0.000000,0.000000,0.000000,0.000000,0.000000,0.000000,0.000000,0.000000,0,0,0,0,0
129,0,10.326779,0.003913,0.000000,0.000163,0.534288,2.436876,2.426063,0.929606,0.009372,1.788550,1.143412,0.016442,0.000000,0.000732,0.000373,1.012173,0.000349,0.259315,0.002282,0.492750,0.000000,0.000000,0.000000,0,0,0.000000,0.000000,0.000000,0.000000,0.000000,0.000000,0.000000,0.000000,0.000000,0.000000,0.000000,0.000000,0.000000,0.000000,0,0,0,0,0,0.000000,0.000000,0.000000,0.000000,0.000000,0.000000,0.000000,0.000000,0,0,0,0,0
130,0,10.127825,0.087687,0.000000,0.000190,0.496426,2.480964,2.470354,0.081028,0.006358,5.573825,1.117272,0.062904,0.000000,0.000712,0.000305,0.914280,0.000349,0.323286,0.002316,0.487481,0.000000,0.000000,0.000000,0,0,0.000000,0.000000,0.000000,0.000000,0.000000,0.000000,0.000000,0.000000,0.000000,0.000000,0.000000,0.000000,0.000000,0.000000,0,0,0,0,0,0.000000,0.000000,0.000000,0.000000,0.000000,0.000000,0.000000,0.000000,0,0,0,0,0
131,0,10.503862,0.003872,0.000000,0.000163,0.571540,2.473233,2.462460,0.872782,0.009393,1.723331,1.042006,0.016154,0.000000,0.000827,0.000400,1.000234,0.000349,0.319380,0.002296,0.485487,0.000000,0.000000,0.000000,0,0,0.000000,0.000000,0.000000,0.000000,0.000000,0.000000,0.000000,0.000000,0.000000,0.000000,0.000000,0.000000,0.000000,0.000000,0,0,0,0,0,0.000000,0.000000,0.000000,0.000000,0.000000,0.000000,0.000000,0.000000,0,0,0,0,0
132,0,11.157650,0.087606,0.000000,0.000190,0.569872,2.366604,2.355811,0.077203,0.006188,5.554070,1.004690,0.018992,0.000000,0.000590,0.000298,0.999515,0.000349,0.295325,0.002275,0.480442,0.000000,0.000000,0.000000,0,0,0.000000,0.000000,0.000000,0.000000,0.000000,0.000000,0.000000,0.000000,0.000000,0.000000,0.000000,0.000000,0.000000,0.000000,0,0,0,0,0,0.000000,0.000000,0.000000,0.000000,0.000000,0.000000,0.000000,0.000000,0,0,0,0,0
133,0,10.014787,0.003832,0.000000,0.000210,0.533190,2.452928,2.442237,0.081323,0.007768,5.485711,1.104997,0.018931,0.000000,0.000590,0.000305,1.040619,0.000349,0.255171,0.002316,0.481642,0.000000,0.000000,0.000000,0,0,0.000000,0.000000,0.000000,0.000000,0.000000,0.000000,0.000000,0.000000,0.000000,0.000000,0.000000,0.000000,0.000000,0.000000,0,0,0,0,0,0.000000,0.000000,0.000000,0.000000,0.000000,0.000000,0.000000,0.000000,0,0,0,0,0
134,0,10.088864,0.087931,0.000000,0.000197,0.497830,2.432054,2.421444,0.124637,0.006229,5.504286,1.167904,0.019080,0.000000,0.000590,0.000305,1.022532,0.000390,0.300683,0.002357,0.487155,0.000000,0.000000,0.000000,0,0,0.000000,0.000000,0.000000,0.000000,0.000000,0.000000,0.000000,0.000000,0.000000,0.000000,0.000000,0.000000,0.000000,0.000000,0,0,0,0,0,0.000000,0.000000,0.000000,0.000000,0.000000,0.000000,0.000000,0.000000,0,0,0,0,0
135,0,9.965695,0.003852,0.000000,0.000163,0.533434,2.418911,2.408288,0.079898,0.006209,5.606344,1.021542,0.019602,0.000000,0.000590,0.000305,0.901886,0.000349,0.300947,0.002377,0.522291,0.000000,0.000000,0.000000,0,0,0.000000,0.000000,0.000000,0.000000,0.000000,0.000000,0.000000,0.000000,0.000000,0.000000,0.000000,0.000000,0.000000,0.000000,0,0,0,0,0,0.000000,0.000000,0.000000,0.000000,0.000000,0.000000,0.000000,0.000000,0,0,0,0,0
136,0,10.134966,0.087911,0.000000,0.000190,0.587429,2.430752,2.419959,0.079654,0.008318,5.535848,1.232873,0.019114,0.000000,0.000712,0.000305,0.997447,0.000349,0.255191,0.002296,0.529778,0.000000,0.000000,0.000000,0,0,0.000000,0.000000,0.000000,0.000000,0.000000,0.000000,0.000000,0.000000,0.000000,0.000000,0.000000,0.000000,0.000000,0.000000,0,0,0,0,0,0.000000,0.000000,0.000000,0.000000,0.000000,0.000000,0.000000,0.000000,0,0,0,0,0
137,0,9.996504,0.004022,0.000000,0.000210,0.552884,2.456774,2.446103,0.080448,0.007117,5.480903,1.138838,0.019094,0.000000,0.000590,0.000305,1.004649,0.000349,0.254764,0.002296,0.485284,0.000000,0.000000,0.000000,0,0,0.000000,0.000000,0.000000,0.000000,0.000000,0.000000,0.000000,0.000000,0.000000,0.000000,0.000000,0.000000,0.000000,0.000000,0,0,0,0,0,0.000000,0.000000,0.000000,0.000000,0.000000,0.000000,0.000000,0.000000,0,0,0,0,0
138,0,10.028887,0.087646,0.000000,0.000197,0.496596,2.483995,2.473406,0.081668,0.006215,5.439670,1.103946,0.016418,0.000000,0.000814,0.000332,1.023244,0.000349,0.299944,0.002316,0.487135,0.000000,0.000000,0.000000,0,0,0.000000,0.000000,0.000000,0.000000,0.000000,0.000000,0.000000,0.000000,0.000000,0.000000,0.000000,0.000000,0.000000,0.000000,0,0,0,0,0,0.000000,0.000000,0.000000,0.000000,0.000000,0.000000,0.000000,0.000000,0,0,0,0,0
139,0,10.252723,0.003872,0.000000,0.000163,0.533434,2.462246,2.451684,0.080712,0.007117,5.449151,0.972802,0.016215,0.000000,0.000827,0.000359,1.308122,0.000329,0.255937,0.002302,0.485731,0.000000,0.000000,0.000000,0,0,0.000000,0.000000,0.000000,0.000000,0.000000,0.000000,0.000000,0.000000,0.000000,0.000000,0.000000,0.000000,0.000000,0.000000,0,0,0,0,0,0.000000,0.000000,0.000000,0.000000,0.000000,0.000000,0.000000,0.000000,0,0,0,0,0
140,0,10.107561,0.087891,0.000000,0.000190,0.529331,2.449348,2.399577,0.079166,0.006270,5.554721,1.041846,0.019094,0.000000,0.000590,0.000305,1.030833,0.000349,0.255964,0.002336,0.488885,0.000000,0.000000,0.000000,0,0,0.000000,0.000000,0.000000,0.000000,0.000000,0.000000,0.000000,0.000000,0.000000,0.000000,0.000000,0.000000,0.000000,0.000000,0,0,0,0,0,0.000000,0.000000,0.000000,0.000000,0.000000,0.000000,0.000000,0.000000,0,0,0,0,0
141,0,10.093855,0.003920,0.000000,0.000190,0.538215,2.457180,2.446448,0.081445,0.006466,5.516758,1.133270,0.018890,0.000000,0.000590,0.000305,0.996307,0.000329,0.338538,0.002418,0.486667,0.000000,0.000000,0.000000,0,0,0.000000,0.000000,0.000000,0.000000,0.000000,0.000000,0.000000,0.000000,0.000000,0.000000,0.000000,0.000000,0.000000,0.000000,0,0,0,0,0,0.000000,0.000000,0.000000,0.000000,0.000000,0.000000,0.000000,0.000000,0,0,0,0,0
142,0,10.058814,0.088277,0.000000,0.000190,0.538764,2.439446,2.428891,0.081424,0.006419,5.569268,1.146054,0.020321,0.000000,0.000590,0.000305,0.918874,0.000349,0.302168,0.002316,0.534559,0.000000,0.000000,0.000000,0,0,0.000000,0.000000,0.000000,0.000000,0.000000,0.000000,0.000000,0.000000,0.000000,0.000000,0.000000,0.000000,0.000000,0.000000,0,0,0,0,0,0.000000,0.000000,0.000000,0.000000,0.000000,0.000000,0.000000,0.000000,0,0,0,0,0
143,0,10.275163,0.003994,0.000000,0.000163,0.536770,2.429064,2.418379,0.081302,0.006215,5.562412,1.094676,0.020274,0.000000,0.000590,0.000305,1.243846,0.000349,0.296119,0.002377,0.536329,0.000000,0.000000,0.000000,0,0,0.000000,0.000000,0.000000,0.000000,0.000000,0.000000,0.000000,0.000000,0.000000,0.000000,0.000000,0.000000,0.000000,0.000000,0,0,0,0,0,0.000000,0.000000,0.000000,0.000000,0.000000,0.000000,0.000000,0.000000,0,0,0,0,0
144,0,10.092404,0.126119,0.000000,0.000190,0.557014,2.395169,2.384220,0.080265,0.007850,5.518490,1.097307,0.018626,0.000000,0.000590,0.000305,0.997711,0.000349,0.255510,0.002282,0.485447,0.000000,0.000000,0.000000,0,0,0.000000,0.000000,0.000000,0.000000,0.000000,0.000000,0.000000,0.000000,0.000000,0.000000,0.000000,0.000000,0.000000,0.000000,0,0,0,0,0,0.000000,0.000000,0.000000,0.000000,0.000000,0.000000,0.000000,0.000000,0,0,0,0,0
145,0,10.062822,0.003913,0.000000,0.000210,0.533088,2.474514,2.463945,0.117008,0.006209,5.463799,1.053925,0.016195,0.000000,0.000827,0.000353,1.050459,0.000349,0.303280,0.002282,0.485406,0.000000,0.000000,0.000000,0,0,0.000000,0.000000,0.000000,0.000000,0.000000,0.000000,0.000000,0.000000,0.000000,0.000000,0.000000,0.000000,0.000000,0.000000,0,0,0,0,0,0.000000,0.000000,0.000000,0.000000,0.000000,0.000000,0.000000,0.000000,0,0,0,0,0
146,0,10.098385,0.087789,0.000000,0.000190,0.534003,2.442491,2.431895,0.078983,0.006378,5.536174,1.056400,0.018870,0.000000,0.000590,0.000305,0.999213,0.000349,0.301002,0.002343,0.486281,0.000000,0.000000,0.000000,0,0,0.000000,0.000000,0.000000,0.000000,0.000000,0.000000,0.000000,0.000000,0.000000,0.000000,0.000000,0.000000,0.000000,0.000000,0,0,0,0,0,0.000000,0.000000,0.000000,0.000000,0.000000,0.000000,0.000000,0.000000,0,0,0,0,0
147,0,10.310462,0.003791,0.000000,0.000163,0.534105,2.436856,2.426042,0.081221,0.006215,5.568902,1.098338,0.020376,0.000000,0.000590,0.000305,1.263234,0.000349,0.302263,0.002336,0.441908,0.000000,0.000000,0.000000,0,0,0.000000,0.000000,0.000000,0.000000,0.000000,0.000000,0.000000,0.000000,0.000000,0.000000,0.000000,0.000000,0.000000,0.000000,0,0,0,0,0,0.000000,0.000000,0.000000,0.000000,0.000000,0.000000,0.000000,0.000000,0,0,0,0,0
148,0,10.174150,0.126241,0.000000,0.000190,0.538255,2.414842,2.404232,0.079797,0.008033,5.521376,1.191633,0.018890,0.000000,0.000590,0.000305,0.997508,0.000349,0.335324,0.002357,0.442600,0.000000,0.000000,0.000000,0,0,0.000000,0.000000,0.000000,0.000000,0.000000,0.000000,0.000000,0.000000,0.000000,0.000000,0.000000,0.000000,0.000000,0.000000,0,0,0,0,0,0.000000,0.000000,0.000000,0.000000,0.000000,0.000000,0.000000,0.000000,0,0,0,0,0
149,0,10.398312,0.003927,0.000000,0.000210,0.543525,2.473599,2.462989,0.124474,0.006175,5.524265,1.124054,0.016215,0.000000,0.000712,0.000373,1.307675,0.000349,0.304114,0.002296,0.639316,0.000000,0.000000,0.000000,0,0,0.000000,0.000000,0.000000,0.000000,0.000000,0.000000,0.000000,0.000000,0.000000,0.000000,0.000000,0.000000,0.000000,0.000000,0,0,0,0,0,0.000000,0.000000,0.000000,0.000000,0.000000,0.000000,0.000000,0.000000,0,0,0,0,0
150,0,10.004473,0.088053,0.000000,0.000190,0.535163,2.414497,2.403887,0.078800,0.006297,5.479811,1.000105,0.019033,0.000000,0.000590,0.000305,1.029287,0.000349,0.258196,0.002282,0.494724,0.000000,0.000000,0.000000,0,0,0.000000,0.000000,0.000000,0.000000,0.000000,0.000000,0.000000,0.000000,0.000000,0.000000,0.000000,0.000000,0.000000,0.000000,0,0,0,0,0,0.000000,0.000000,0.000000,0.000000,0.000000,0.000000,0.000000,0.000000,0,0,0,0,0
151,0,9.909726,0.003791,0.000000,0.000163,0.527595,2.407789,2.396874,0.079695,0.007728,5.419000,1.184045,0.018931,0.000000,0.000590,0.000305,1.029144,0.000349,0.256168,0.002275,0.489922,0.000000,0.000000,0.000000,0,0,0.000000,0.000000,0.000000,0.000000,0.000000,0.000000,0.000000,0.000000,0.000000,0.000000,0.000000,0.000000,0.000000,0.000000,0,0,0,0,0,0.000000,0.000000,0.000000,0.000000,0.000000,0.000000,0.000000,0.000000,0,0,0,0,0
152,0,10.059201,0.087891,0.000000,0.000190,0.489265,2.440599,2.429996,0.079146,0.006358,5.513279,1.061500,0.018911,0.000000,0.000590,0.000305,1.030039,0.000349,0.300215,0.002336,0.487115,0.000000,0.000000,0.000000,0,0,0.000000,0.000000,0.000000,0.000000,0.000000,0.000000,0.000000,0.000000,0.000000,0.000000,0.000000,0.000000,0.000000,0.000000,0,0,0,0,0,0.000000,0.000000,0.000000,0.000000,0.000000,0.000000,0.000000,0.000000,0,0,0,0,0
153,0,10.329858,0.003974,0.000000,0.000163,0.529263,2.448391,2.437883,0.080570,0.006236,5.542514,1.150869,0.019480,0.000000,0.000570,0.000305,1.301951,0.000329,0.303606,0.002316,0.487135,0.000000,0.000000,0.000000,0,0,0.000000,0.000000,0.000000,0.000000,0.000000,0.000000,0.000000,0.000000,0.000000,0.000000,0.000000,0.000000,0.000000,0.000000,0,0,0,0,0,0.000000,0.000000,0.000000,0.000000,0.000000,0.000000,0.000000,0.000000,0,0,0,0,0
154,0,10.029639,0.116475,0.000000,0.000197,0.521328,2.419495,2.408851,0.079756,0.007443,5.486504,1.196571,0.018870,0.000000,0.000590,0.000414,0.988976,0.000349,0.254764,0.002377,0.527459,0.000000,0.000000,0.000000,0,0,0.000000,0.000000,0.000000,0.000000,0.000000,0.000000,0.000000,0.000000,0.000000,0.000000,0.000000,0.000000,0.000000,0.000000,0,0,0,0,0,0.000000,0.000000,0.000000,0.000000,0.000000,0.000000,0.000000,0.000000,0,0,0,0,0
155,0,10.172645,0.003832,0.000000,0.000210,0.520108,2.411587,2.401065,0.080143,0.006853,5.480564,1.058862,0.019155,0.000000,0.000590,0.000305,1.211470,0.000349,0.302331,0.002336,0.501987,0.000000,0.000000,0.000000,0,0,0.000000,0.000000,0.000000,0.000000,0.000000,0.000000,0.000000,0.000000,0.000000,0.000000,0.000000,0.000000,0.000000,0.000000,0,0,0,0,0,0.000000,0.000000,0.000000,0.000000,0.000000,0.000000,0.000000,0.000000,0,0,0,0,0
156,0,10.000892,0.087789,0.000000,0.000190,0.573310,2.395487,2.384742,0.081004,0.006358,5.442417,1.091522,0.018951,0.000000,0.000590,0.000305,1.000553,0.000349,0.300703,0.002336,0.488193,0.000000,0.000000,0.000000,0,0,0.000000,0.000000,0.000000,0.000000,0.000000,0.000000,0.000000,0.000000,0.000000,0.000000,0.000000,0.000000,0.000000,0.000000,0,0,0,0,0,0.000000,0.000000,0.000000,0.000000,0.000000,0.000000,0.000000,0.000000,0,0,0,0,0
157,0,10.018205,0.003933,0.000000,0.000163,0.536526,2.493293,2.482541,0.079464,0.006229,5.500746,0.998267,0.019155,0.000000,0.000610,0.000305,1.027781,0.000342,0.257735,0.002377,0.494337,0.000000,0.000000,0.000000,0,0,0.000000,0.000000,0.000000,0.000000,0.000000,0.000000,0.000000,0.000000,0.000000,0.000000,0.000000,0.000000,0.000000,0.000000,0,0,0,0,0,0.000000,0.000000,0.000000,0.000000,0.000000,0.000000,0.000000,0.000000,0,0,0,0,0
158,0,9.972436,0.088440,0.000000,0.000190,0.494514,2.410265,2.399696,0.081424,0.006690,5.450222,1.051205,0.016195,0.000000,0.000814,0.000414,1.032433,0.000404,0.255714,0.002275,0.481723,0.000000,0.000000,0.000000,0,0,0.000000,0.000000,0.000000,0.000000,0.000000,0.000000,0.000000,0.000000,0.000000,0.000000,0.000000,0.000000,0.000000,0.000000,0,0,0,0,0,0.000000,0.000000,0.000000,0.000000,0.000000,0.000000,0.000000,0.000000,0,0,0,0,0
159,0,9.980954,0.003811,0.000000,0.000163,0.489427,2.441149,2.430417,0.126183,0.006276,5.478041,1.071455,0.018992,0.000000,0.000604,0.000298,1.023787,0.000363,0.299611,0.002418,0.487420,0.000000,0.000000,0.000000,0,0,0.000000,0.000000,0.000000,0.000000,0.000000,0.000000,0.000000,0.000000,0.000000,0.000000,0.000000,0.000000,0.000000,0.000000,0,0,0,0,0,0.000000,0.000000,0.000000,0.000000,0.000000,0.000000,0.000000,0.000000,0,0,0,0,0
160,0,9.952877,0.087891,0.000000,0.000197,0.535529,2.393995,2.383318,0.081363,0.006297,5.511956,1.170807,0.020267,0.000000,0.000590,0.000305,0.919281,0.000349,0.302202,0.002282,0.521925,0.000000,0.000000,0.000000,0,0,0.000000,0.000000,0.000000,0.000000,0.000000,0.000000,0.000000,0.000000,0.000000,0.000000,0.000000,0.000000,0.000000,0.000000,0,0,0,0,0,0.000000,0.000000,0.000000,0.000000,0.000000,0.000000,0.000000,0.000000,0,0,0,0,0
161,0,10.036801,0.003832,0.000000,0.000163,0.556315,2.465556,2.455014,0.080143,0.006371,5.544305,1.050208,0.016439,0.000000,0.000719,0.000305,1.012644,0.000349,0.256392,0.002377,0.537896,0.000000,0.000000,0.000000,0,0,0.000000,0.000000,0.000000,0.000000,0.000000,0.000000,0.000000,0.000000,0.000000,0.000000,0.000000,0.000000,0.000000,0.000000,0,0,0,0,0,0.000000,0.000000,0.000000,0.000000,0.000000,0.000000,0.000000,0.000000,0,0,0,0,0
162,0,9.996111,0.088216,0.000000,0.000190,0.501411,2.484931,2.474382,0.078718,0.006337,5.439080,1.136105,0.019155,0.000000,0.000570,0.000305,0.981557,0.000349,0.303728,0.002296,0.487054,0.000000,0.000000,0.000000,0,0,0.000000,0.000000,0.000000,0.000000,0.000000,0.000000,0.000000,0.000000,0.000000,0.000000,0.000000,0.000000,0.000000,0.000000,0,0,0,0,0,0.000000,0.000000,0.000000,0.000000,0.000000,0.000000,0.000000,0.000000,0,0,0,0,0
163,0,9.895179,0.003866,0.000000,0.000163,0.491767,2.469204,2.458472,0.079003,0.006331,5.399183,1.063663,0.015869,0.000000,0.000848,0.000359,1.033322,0.000349,0.303077,0.002282,0.487196,0.000000,0.000000,0.000000,0,0,0.000000,0.000000,0.000000,0.000000,0.000000,0.000000,0.000000,0.000000,0.000000,0.000000,0.000000,0.000000,0.000000,0.000000,0,0,0,0,0,0.000000,0.000000,0.000000,0.000000,0.000000,0.000000,0.000000,0.000000,0,0,0,0,0
164,0,10.047197,0.124939,0.000000,0.000197,0.528876,2.481608,2.470801,0.078922,0.007178,5.386427,1.095137,0.016134,0.000000,0.000732,0.000353,1.037167,0.000370,0.255985,0.002296,0.490919,0.000000,0.000000,0.000000,0,0,0.000000,0.000000,0.000000,0.000000,0.000000,0.000000,0.000000,0.000000,0.000000,0.000000,0.000000,0.000000,0.000000,0.000000,0,0,0,0,0,0.000000,0.000000,0.000000,0.000000,0.000000,0.000000,0.000000,0.000000,0,0,0,0,0
165,0,10.326352,0.003954,0.000000,0.000190,0.522244,2.489814,2.479143,0.121809,0.006134,5.504347,1.094065,0.019135,0.000000,0.000590,0.000305,1.306753,0.000329,0.257667,0.002323,0.493544,0.000000,0.000000,0.000000,0,0,0.000000,0.000000,0.000000,0.000000,0.000000,0.000000,0.000000,0.000000,0.000000,0.000000,0.000000,0.000000,0.000000,0.000000,0,0,0,0,0,0.000000,0.000000,0.000000,0.000000,0.000000,0.000000,0.000000,0.000000,0,0,0,0,0
166,0,10.091821,0.087918,0.000000,0.000190,0.570645,2.452216,2.441545,0.079349,0.006331,5.508681,1.118547,0.019053,0.000000,0.000590,0.000305,0.972829,0.000349,0.301090,0.002296,0.532627,0.000000,0.000000,0.000000,0,0,0.000000,0.000000,0.000000,0.000000,0.000000,0.000000,0.000000,0.000000,0.000000,0.000000,0.000000,0.000000,0.000000,0.000000,0,0,0,0,0,0.000000,0.000000,0.000000,0.000000,0.000000,0.000000,0.000000,0.000000,0,0,0,0,0
167,0,9.924537,0.003893,0.000000,0.000163,0.542284,2.442064,2.431434,0.080956,0.006358,5.483941,1.049103,0.052548,0.000000,0.001112,0.000359,0.917179,0.000349,0.301151,0.002316,0.487603,0.000000,0.000000,0.000000,0,0,0.000000,0.000000,0.000000,0.000000,0.000000,0.000000,0.000000,0.000000,0.000000,0.000000,0.000000,0.000000,0.000000,0.000000,0,0,0,0,0,0.000000,0.000000,0.000000,0.000000,0.000000,0.000000,0.000000,0.000000,0,0,0,0,0
168,0,9.986854,0.126438,0.000000,0.000197,0.522814,2.403124,2.392432,0.079512,0.008006,5.391995,1.074860,0.018931,0.000000,0.000590,0.000305,1.043569,0.000349,0.256290,0.002296,0.489943,0.000000,0.000000,0.000000,0,0,0.000000,0.000000,0.000000,0.000000,0.000000,0.000000,0.000000,0.000000,0.000000,0.000000,0.000000,0.000000,0.000000,0.000000,0,0,0,0,0,0.000000,0.000000,0.000000,0.000000,0.000000,0.000000,0.000000,0.000000,0,0,0,0,0
169,0,10.054033,0.003974,0.000000,0.000190,0.490180,2.485216,2.474687,0.154280,0.006127,5.473219,1.005564,0.018890,0.000000,0.000590,0.000305,1.027822,0.000349,0.300154,0.002275,0.487562,0.000000,0.000000,0.000000,0,0,0.000000,0.000000,0.000000,0.000000,0.000000,0.000000,0.000000,0.000000,0.000000,0.000000,0.000000,0.000000,0.000000,0.000000,0,0,0,0,0,0.000000,0.000000,0.000000,0.000000,0.000000,0.000000,0.000000,0.000000,0,0,0,0,0
170,0,10.241004,0.088053,0.000000,0.000190,0.541022,2.414598,2.403907,0.079390,0.006358,5.409953,1.001584,0.018748,0.000000,0.000590,0.000305,1.332445,0.000349,0.256473,0.002296,0.485630,0.000000,0.000000,0.000000,0,0,0.000000,0.000000,0.000000,0.000000,0.000000,0.000000,0.000000,0.000000,0.000000,0.000000,0.000000,0.000000,0.000000,0.000000,0,0,0,0,0,0.000000,0.000000,0.000000,0.000000,0.000000,0.000000,0.000000,0.000000,0,0,0,0,0
171,0,9.907027,0.003899,0.000000,0.000163,0.531989,2.398037,2.387427,0.079369,0.006290,5.518182,1.099389,0.020355,0.000000,0.000570,0.000298,0.915599,0.000349,0.338925,0.002316,0.489292,0.000000,0.000000,0.000000,0,0,0.000000,0.000000,0.000000,0.000000,0.000000,0.000000,0.000000,0.000000,0.000000,0.000000,0.000000,0.000000,0.000000,0.000000,0,0,0,0,0,0.000000,0.000000,0.000000,0.000000,0.000000,0.000000,0.000000,0.000000,0,0,0,0,0
172,0,10.056658,0.088847,0.000000,0.000190,0.489733,2.435187,2.424496,0.123050,0.006290,5.510329,1.131989,0.018585,0.000000,0.000624,0.000298,0.986779,0.000349,0.303484,0.002296,0.528537,0.000000,0.000000,0.000000,0,0,0.000000,0.000000,0.000000,0.000000,0.000000,0.000000,0.000000,0.000000,0.000000,0.000000,0.000000,0.000000,0.000000,0.000000,0,0,0,0,0,0.000000,0.000000,0.000000,0.000000,0.000000,0.000000,0.000000,0.000000,0,0,0,0,0
173,0,10.027422,0.003974,0.000000,0.000163,0.506049,2.491462,2.480913,0.081099,0.006283,5.529392,1.051205,0.019053,0.000000,0.000590,0.000305,0.997216,0.000349,0.299808,0.002296,0.520542,0.000000,0.000000,0.000000,0,0,0.000000,0.000000,0.000000,0.000000,0.000000,0.000000,0.000000,0.000000,0.000000,0.000000,0.000000,0.000000,0.000000,0.000000,0,0,0,0,0,0.000000,0.000000,0.000000,0.000000,0.000000,0.000000,0.000000,0.000000,0,0,0,0,0
174,0,10.320757,0.087728,0.000000,0.000190,0.577277,2.385708,2.374820,0.079288,0.006195,5.498196,1.014150,0.053057,0.000000,0.000929,0.000444,1.233219,0.000349,0.304481,0.002316,0.501784,0.000000,0.000000,0.000000,0,0,0.000000,0.000000,0.000000,0.000000,0.000000,0.000000,0.000000,0.000000,0.000000,0.000000,0.000000,0.000000,0.000000,0.000000,0,0,0,0,0,0.000000,0.000000,0.000000,0.000000,0.000000,0.000000,0.000000,0.000000,0,0,0,0,0
175,0,9.947547,0.003791,0.000000,0.000163,0.527798,2.476122,2.465471,0.078576,0.006270,5.477993,0.962280,0.016073,0.000000,0.000726,0.000359,1.009871,0.000349,0.257470,0.002377,0.494317,0.000000,0.000000,0.000000,0,0,0.000000,0.000000,0.000000,0.000000,0.000000,0.000000,0.000000,0.000000,0.000000,0.000000,0.000000,0.000000,0.000000,0.000000,0,0,0,0,0,0.000000,0.000000,0.000000,0.000000,0.000000,0.000000,0.000000,0.000000,0,0,0,0,0
176,0,10.358944,0.088216,0.000000,0.000190,0.489549,2.499457,2.488973,0.081689,0.007565,5.468194,1.009362,0.018992,0.000000,0.000590,0.000298,1.320825,0.000349,0.255903,0.002296,0.489556,0.000000,0.000000,0.000000,0,0,0.000000,0.000000,0.000000,0.000000,0.000000,0.000000,0.000000,0.000000,0.000000,0.000000,0.000000,0.000000,0.000000,0.000000,0,0,0,0,0,0.000000,0.000000,0.000000,0.000000,0.000000,0.000000,0.000000,0.000000,0,0,0,0,0
177,0,10.031776,0.003832,0.000000,0.000163,0.488207,2.479031,2.468462,0.081363,0.006236,5.525567,0.964311,0.018931,0.000000,0.000590,0.000305,1.036611,0.000349,0.299116,0.002296,0.487135,0.000000,0.000000,0.000000,0,0,0.000000,0.000000,0.000000,0.000000,0.000000,0.000000,0.000000,0.000000,0.000000,0.000000,0.000000,0.000000,0.000000,0.000000,0,0,0,0,0,0.000000,0.000000,0.000000,0.000000,0.000000,0.000000,0.000000,0.000000,0,0,0,0,0
178,0,9.958676,0.088053,0.000000,0.000190,0.535021,2.418505,2.407956,0.079186,0.006399,5.499342,1.049578,0.019094,0.000000,0.000590,0.000305,0.915944,0.000349,0.302921,0.002296,0.525384,0.000000,0.000000,0.000000,0,0,0.000000,0.000000,0.000000,0.000000,0.000000,0.000000,0.000000,0.000000,0.000000,0.000000,0.000000,0.000000,0.000000,0.000000,0,0,0,0,0,0.000000,0.000000,0.000000,0.000000,0.000000,0.000000,0.000000,0.000000,0,0,0,0,0
179,0,9.957679,0.003988,0.000000,0.000190,0.601481,2.387349,2.376563,0.079715,0.006229,5.507989,1.205773,0.015889,0.000000,0.000854,0.000373,1.001875,0.000342,0.257490,0.002357,0.532423,0.000000,0.000000,0.000000,0,0,0.000000,0.000000,0.000000,0.000000,0.000000,0.000000,0.000000,0.000000,0.000000,0.000000,0.000000,0.000000,0.000000,0.000000,0,0,0,0,0,0.000000,0.000000,0.000000,0.000000,0.000000,0.000000,0.000000,0.000000,0,0,0,0,0
180,0,94.177494,4.089769,3.999908,0.000149,0.446255,9.987535,9.977047,0.081791,0.007070,64.028846,36.620548,8.542816,4.536106,0.000753,0.000298,4.188046,0.000349,1.838891,0.002316,0.635464,0.000000,0.000000,0.000000,0,0,0.000000,0.000000,0.000000,0.000000,0.000000,0.000000,0.000000,0.000000,0.000000,0.000000,0.000000,0.000000,0.000000,0.000000,0,0,0,0,0,0.000000,0.000000,0.000000,0.000000,0.000000,0.000000,0.000000,0.000000,0,0,0,0,0
181,0,20.269019,0.342150,0.000000,0.000210,0.538296,2.207974,2.197384,0.085046,0.006297,11.197323,5.139659,2.576779,2.188670,0.000726,0.000298,2.429386,0.000349,0.775313,0.002262,0.615757,0.000000,0.000000,0.000000,0,0,0.000000,0.000000,0.000000,0.000000,0.000000,0.000000,0.000000,0.000000,0.000000,0.000000,0.000000,0.000000,0.000000,0.000000,0,0,0,0,0,0.000000,0.000000,0.000000,0.000000,0.000000,0.000000,0.000000,0.000000,0,0,0,0,0
182,0,18.913978,0.427979,0.000000,0.000190,0.516242,2.299201,2.288530,0.127160,0.006649,11.052582,5.102529,1.589922,1.237342,0.000746,0.000298,2.084151,0.000349,0.668759,0.002275,0.622755,0.000000,0.000000,0.000000,0,0,0.000000,0.000000,0.000000,0.000000,0.000000,0.000000,0.000000,0.000000,0.000000,0.000000,0.000000,0.000000,0.000000,0.000000,0,0,0,0,0,0.000000,0.000000,0.000000,0.000000,0.000000,0.000000,0.000000,0.000000,0,0,0,0,0
183,0,18.867327,0.342556,0.000000,0.000210,0.531257,2.213548,2.202857,0.085453,0.006500,11.236772,5.095235,1.576820,1.223012,0.000766,0.000298,2.018110,0.000349,0.745541,0.002262,0.621555,0.000000,0.000000,0.000000,0,0,0.000000,0.000000,0.000000,0.000000,0.000000,0.000000,0.000000,0.000000,0.000000,0.000000,0.000000,0.000000,0.000000,0.000000,0,0,0,0,0,0.000000,0.000000,0.000000,0.000000,0.000000,0.000000,0.000000,0.000000,0,0,0,0,0
184,0,18.723772,0.425917,0.000000,0.000197,0.571845,2.216193,2.205644,0.085046,0.006426,11.145230,5.059872,1.608131,1.222443,0.000746,0.000298,1.886030,0.000349,0.667579,0.002323,0.658786,0.000000,0.000000,0.000000,0,0,0.000000,0.000000,0.000000,0.000000,0.000000,0.000000,0.000000,0.000000,0.000000,0.000000,0.000000,0.000000,0.000000,0.000000,0,0,0,0,0,0.000000,0.000000,0.000000,0.000000,0.000000,0.000000,0.000000,0.000000,0,0,0,0,0
185,0,19.202389,0.338935,0.000000,0.000190,0.510362,2.326952,2.316179,0.087847,0.006500,11.205149,5.061629,1.626441,1.270626,0.000827,0.000298,2.323693,0.000349,0.666439,0.002262,0.703139,0.000000,0.000000,0.000000,0,0,0.000000,0.000000,0.000000,0.000000,0.000000,0.000000,0.000000,0.000000,0.000000,0.000000,0.000000,0.000000,0.000000,0.000000,0,0,0,0,0,0.000000,0.000000,0.000000,0.000000,0.000000,0.000000,0.000000,0.000000,0,0,0,0,0
186,0,18.879574,0.422892,0.000000,0.000190,0.519131,2.261502,2.250797,0.084964,0.006358,11.264381,5.101810,1.590240,1.237288,0.000746,0.000298,1.916155,0.000349,0.703406,0.002370,0.617296,0.000000,0.000000,0.000000,0,0,0.000000,0.000000,0.000000,0.000000,0.000000,0.000000,0.000000,0.000000,0.000000,0.000000,0.000000,0.000000,0.000000,0.000000,0,0,0,0,0,0.000000,0.000000,0.000000,0.000000,0.000000,0.000000,0.000000,0.000000,0,0,0,0,0
187,0,18.925412,0.341478,0.000000,0.000183,0.469048,2.278897,2.268287,0.085636,0.006297,11.289500,4.915816,1.625939,1.239302,0.000990,0.000373,1.934696,0.000349,0.753109,0.002384,0.616794,0.000000,0.000000,0.000000,0,0,0.000000,0.000000,0.000000,0.000000,0.000000,0.000000,0.000000,0.000000,0.000000,0.000000,0.000000,0.000000,0.000000,0.000000,0,0,0,0,0,0.000000,0.000000,0.000000,0.000000,0.000000,0.000000,0.000000,0.000000,0,0,0,0,0
188,0,19.330075,0.423604,0.000000,0.000197,0.567471,2.213915,2.203162,0.085534,0.006439,11.225664,5.050561,1.632253,1.218285,0.000766,0.000298,2.365163,0.000424,0.699392,0.002363,0.664422,0.000000,0.000000,0.000000,0,0,0.000000,0.000000,0.000000,0.000000,0.000000,0.000000,0.000000,0.000000,0.000000,0.000000,0.000000,0.000000,0.000000,0.000000,0,0,0,0,0,0.000000,0.000000,0.000000,0.000000,0.000000,0.000000,0.000000,0.000000,0,0,0,0,0
189,0,18.853817,0.300727,0.000000,0.000210,0.510668,2.342794,2.332191,0.087752,0.007362,11.172930,5.175886,1.637115,1.247664,0.000746,0.000298,1.978105,0.000349,0.665951,0.002282,0.663100,0.000000,0.000000,0.000000,0,0,0.000000,0.000000,0.000000,0.000000,0.000000,0.000000,0.000000,0.000000,0.000000,0.000000,0.000000,0.000000,0.000000,0.000000,0,0,0,0,0,0.000000,0.000000,0.000000,0.000000,0.000000,0.000000,0.000000,0.000000,0,0,0,0,0
190,0,19.361549,0.420308,0.000000,0.000190,0.512193,2.288079,2.277361,0.085514,0.006500,11.184353,5.085419,1.642188,1.211605,0.000746,0.000298,2.445540,0.000349,0.667111,0.002282,0.623020,0.000000,0.000000,0.000000,0,0,0.000000,0.000000,0.000000,0.000000,0.000000,0.000000,0.000000,0.000000,0.000000,0.000000,0.000000,0.000000,0.000000,0.000000,0,0,0,0,0,0.000000,0.000000,0.000000,0.000000,0.000000,0.000000,0.000000,0.000000,0,0,0,0,0
191,0,18.842892,0.003628,0.000000,0.000163,0.412727,2.298184,2.287676,0.085656,0.006439,11.188026,5.182756,1.628774,1.238502,0.000766,0.000298,2.442651,0.000329,0.666378,0.002262,0.618544,0.000000,0.000000,0.000000,0,0,0.000000,0.000000,0.000000,0.000000,0.000000,0.000000,0.000000,0.000000,0.000000,0.000000,0.000000,0.000000,0.000000,0.000000,0,0,0,0,0,0.000000,0.000000,0.000000,0.000000,0.000000,0.000000,0.000000,0.000000,0,0,0,0,0
192,0,19.240577,0.428711,0.000000,0.000197,0.515469,2.311408,2.300798,0.124739,0.006419,11.105486,5.014862,1.622182,1.267615,0.000746,0.000298,2.310103,0.000329,0.705828,0.002241,0.654860,0.000000,0.000000,0.000000,0,0,0.000000,0.000000,0.000000,0.000000,0.000000,0.000000,0.000000,0.000000,0.000000,0.000000,0.000000,0.000000,0.000000,0.000000,0,0,0,0,0,0.000000,0.000000,0.000000,0.000000,0.000000,0.000000,0.000000,0.000000,0,0,0,0,0
193,0,18.728227,0.341661,0.000000,0.000210,0.520209,2.284593,2.273963,0.085398,0.006297,11.155362,4.940270,1.579559,1.230608,0.000766,0.000353,1.934241,0.000349,0.709591,0.002262,0.616143,0.000000,0.000000,0.000000,0,0,0.000000,0.000000,0.000000,0.000000,0.000000,0.000000,0.000000,0.000000,0.000000,0.000000,0.000000,0.000000,0.000000,0.000000,0,0,0,0,0,0.000000,0.000000,0.000000,0.000000,0.000000,0.000000,0.000000,0.000000,0,0,0,0,0
194,0,19.115190,0.087301,0.000000,0.000197,0.477180,2.274502,2.263831,0.126061,0.006215,11.234453,5.181536,1.649974,1.242415,0.000726,0.000298,2.439579,0.000349,0.709937,0.002384,0.619297,0.000000,0.000000,0.000000,0,0,0.000000,0.000000,0.000000,0.000000,0.000000,0.000000,0.000000,0.000000,0.000000,0.000000,0.000000,0.000000,0.000000,0.000000,0,0,0,0,0,0.000000,0.000000,0.000000,0.000000,0.000000,0.000000,0.000000,0.000000,0,0,0,0,0
195,0,18.705909,0.338406,0.000000,0.000210,0.525377,2.292243,2.281735,0.085147,0.006344,11.142147,5.053979,1.640744,1.254378,0.000997,0.000353,1.889815,0.000349,0.674191,0.002404,0.697645,0.000000,0.000000,0.000000,0,0,0.000000,0.000000,0.000000,0.000000,0.000000,0.000000,0.000000,0.000000,0.000000,0.000000,0.000000,0.000000,0.000000,0.000000,0,0,0,0,0,0.000000,0.000000,0.000000,0.000000,0.000000,0.000000,0.000000,0.000000,0,0,0,0,0
196,0,18.765194,0.425069,0.000000,0.000190,0.536241,2.245592,2.234826,0.085147,0.064138,11.097114,5.096880,1.582760,1.232920,0.000977,0.000427,1.907766,0.000342,0.709388,0.002282,0.616794,0.000000,0.000000,0.000000,0,0,0.000000,0.000000,0.000000,0.000000,0.000000,0.000000,0.000000,0.000000,0.000000,0.000000,0.000000,0.000000,0.000000,0.000000,0,0,0,0,0,0.000000,0.000000,0.000000,0.000000,0.000000,0.000000,0.000000,0.000000,0,0,0,0,0
197,0,18.800317,0.334690,0.000000,0.000210,0.510423,2.278775,2.268083,0.086110,0.006439,11.290687,5.156335,1.612871,1.257762,0.000753,0.000298,1.873918,0.000349,0.695065,0.002343,0.614353,0.000000,0.000000,0.000000,0,0,0.000000,0.000000,0.000000,0.000000,0.000000,0.000000,0.000000,0.000000,0.000000,0.000000,0.000000,0.000000,0.000000,0.000000,0,0,0,0,0,0.000000,0.000000,0.000000,0.000000,0.000000,0.000000,0.000000,0.000000,0,0,0,0,0
198,0,18.343584,0.087463,0.000000,0.000190,0.514940,2.197883,2.187171,0.085636,0.008006,11.099816,5.136783,1.635976,1.285390,0.000746,0.000359,1.875844,0.000349,0.687191,0.002343,0.628940,0.000000,0.000000,0.000000,0,0,0.000000,0.000000,0.000000,0.000000,0.000000,0.000000,0.000000,0.000000,0.000000,0.000000,0.000000,0.000000,0.000000,0.000000,0,0,0,0,0,0.000000,0.000000,0.000000,0.000000,0.000000,0.000000,0.000000,0.000000,0,0,0,0,0
199,0,18.774614,0.003811,0.000000,0.000163,0.457709,2.272692,2.261959,0.085595,0.006460,11.234962,5.143199,1.576548,1.223141,0.000746,0.000298,2.318519,0.000349,0.708276,0.002323,0.792697,0.000000,0.000000,0.000000,0,0,0.000000,0.000000,0.000000,0.000000,0.000000,0.000000,0.000000,0.000000,0.000000,0.000000,0.000000,0.000000,0.000000,0.000000,0,0,0,0,0,0.000000,0.000000,0.000000,0.000000,0.000000,0.000000,0.000000,0.000000,0,0,0,0,0
200,0,18.850705,0.422221,0.000000,0.000197,0.470974,2.315498,2.265116,0.085012,0.006460,11.324358,5.195523,1.579559,1.225752,0.000746,0.000298,1.899540,0.000349,0.636478,0.040287,0.620314,0.000000,0.000000,0.000000,0,0,0.000000,0.000000,0.000000,0.000000,0.000000,0.000000,0.000000,0.000000,0.000000,0.000000,0.000000,0.000000,0.000000,0.000000,0,0,0,0,0,0.000000,0.000000,0.000000,0.000000,0.000000,0.000000,0.000000,0.000000,0,0,0,0,0
201,0,19.280412,0.340705,0.000000,0.000163,0.508898,2.307359,2.296709,0.086165,0.006460,11.189155,5.016646,1.636980,1.205875,0.000746,0.000298,2.460324,0.000349,0.634830,0.002262,0.623732,0.000000,0.000000,0.000000,0,0,0.000000,0.000000,0.000000,0.000000,0.000000,0.000000,0.000000,0.000000,0.000000,0.000000,0.000000,0.000000,0.000000,0.000000,0,0,0,0,0,0.000000,0.000000,0.000000,0.000000,0.000000,0.000000,0.000000,0.000000,0,0,0,0,0
202,0,18.545183,0.124410,0.000000,0.000190,0.453016,2.305732,2.294817,0.086104,0.006317,11.275286,5.077711,1.633535,1.280460,0.000726,0.000298,1.877296,0.000349,0.673750,0.002343,0.681512,0.000000,0.000000,0.000000,0,0,0.000000,0.000000,0.000000,0.000000,0.000000,0.000000,0.000000,0.000000,0.000000,0.000000,0.000000,0.000000,0.000000,0.000000,0,0,0,0,0,0.000000,0.000000,0.000000,0.000000,0.000000,0.000000,0.000000,0.000000,0,0,0,0,0
203,0,19.219160,0.340732,0.000000,0.000210,0.511400,2.309869,2.299130,0.126895,0.008094,11.168372,5.137902,1.576691,1.184262,0.000746,0.000353,2.397241,0.000349,0.639021,0.002282,0.664056,0.000000,0.000000,0.000000,0,0,0.000000,0.000000,0.000000,0.000000,0.000000,0.000000,0.000000,0.000000,0.000000,0.000000,0.000000,0.000000,0.000000,0.000000,0,0,0,0,0,0.000000,0.000000,0.000000,0.000000,0.000000,0.000000,0.000000,0.000000,0,0,0,0,0
204,0,18.835344,0.385925,0.000000,0.000190,0.589166,2.264269,2.253272,0.085995,0.006317,11.201514,5.008691,1.247657,1.152781,0.000746,0.000298,2.305790,0.000349,0.637855,0.002384,0.706068,0.000000,0.000000,0.000000,0,0,0.000000,0.000000,0.000000,0.000000,0.000000,0.000000,0.000000,0.000000,0.000000,0.000000,0.000000,0.000000,0.000000,0.000000,0,0,0,0,0,0.000000,0.000000,0.000000,0.000000,0.000000,0.000000,0.000000,0.000000,0,0,0,0,0
205,0,18.355486,0.341397,0.000000,0.000163,0.578315,2.237718,2.227088,0.085636,0.006466,11.134264,5.034929,1.244137,1.146240,0.000746,0.000298,1.978668,0.000349,0.638309,0.002404,0.666172,0.000000,0.000000,0.000000,0,0,0.000000,0.000000,0.000000,0.000000,0.000000,0.000000,0.000000,0.000000,0.000000,0.000000,0.000000,0.000000,0.000000,0.000000,0,0,0,0,0,0.000000,0.000000,0.000000,0.000000,0.000000,0.000000,0.000000,0.000000,0,0,0,0,0
206,0,19.569129,0.427734,0.000000,0.000190,0.525845,2.240343,2.229740,0.086877,0.007809,11.057512,5.091688,2.090898,2.032562,0.000888,0.000298,2.311154,0.000349,0.676131,0.002282,0.622328,0.000000,0.000000,0.000000,0,0,0.000000,0.000000,0.000000,0.000000,0.000000,0.000000,0.000000,0.000000,0.000000,0.000000,0.000000,0.000000,0.000000,0.000000,0,0,0,0,0,0.000000,0.000000,0.000000,0.000000,0.000000,0.000000,0.000000,0.000000,0,0,0,0,0
207,0,17.980181,0.003852,0.000000,0.000163,0.453193,2.261074,2.250309,0.085086,0.007992,11.191850,5.155263,1.267548,1.210208,0.000766,0.000298,1.922706,0.000349,0.635237,0.002302,0.615431,0.000000,0.000000,0.000000,0,0,0.000000,0.000000,0.000000,0.000000,0.000000,0.000000,0.000000,0.000000,0.000000,0.000000,0.000000,0.000000,0.000000,0.000000,0,0,0,0,0,0.000000,0.000000,0.000000,0.000000,0.000000,0.000000,0.000000,0.000000,0,0,0,0,0
208,0,18.756405,0.437887,0.000000,0.000190,0.534370,2.218960,2.208249,0.085086,0.006297,11.100949,5.016557,1.226959,1.120639,0.000766,0.000298,2.319604,0.000424,0.715268,0.002323,0.618462,0.000000,0.000000,0.000000,0,0,0.000000,0.000000,0.000000,0.000000,0.000000,0.000000,0.000000,0.000000,0.000000,0.000000,0.000000,0.000000,0.000000,0.000000,0,0,0,0,0,0.000000,0.000000,0.000000,0.000000,0.000000,0.000000,0.000000,0.000000,0,0,0,0,0
209,0,17.959103,0.003832,0.000000,0.000163,0.454739,2.310777,2.300229,0.145552,0.006405,11.059994,5.096954,1.225657,1.169118,0.000766,0.000298,2.003883,0.000349,0.637984,0.002282,0.621406,0.000000,0.000000,0.000000,0,0,0.000000,0.000000,0.000000,0.000000,0.000000,0.000000,0.000000,0.000000,0.000000,0.000000,0.000000,0.000000,0.000000,0.000000,0,0,0,0,0,0.000000,0.000000,0.000000,0.000000,0.000000,0.000000,0.000000,0.000000,0,0,0,0,0
210,0,18.351539,0.426046,0.000000,0.000190,0.534410,2.219632,2.209042,0.084958,0.006337,11.072099,5.049218,1.228811,1.136834,0.000746,0.000298,1.990557,0.000349,0.640384,0.002323,0.622918,0.000000,0.000000,0.000000,0,0,0.000000,0.000000,0.000000,0.000000,0.000000,0.000000,0.000000,0.000000,0.000000,0.000000,0.000000,0.000000,0.000000,0.000000,0,0,0,0,0,0.000000,0.000000,0.000000,0.000000,0.000000,0.000000,0.000000,0.000000,0,0,0,0,0
211,0,18.383257,0.339566,0.000000,0.000210,0.511197,2.248888,2.238298,0.085676,0.006426,11.248542,5.140815,1.192949,1.138207,0.000766,0.000298,1.982324,0.000349,0.656538,0.002363,0.625176,0.000000,0.000000,0.000000,0,0,0.000000,0.000000,0.000000,0.000000,0.000000,0.000000,0.000000,0.000000,0.000000,0.000000,0.000000,0.000000,0.000000,0.000000,0,0,0,0,0,0.000000,0.000000,0.000000,0.000000,0.000000,0.000000,0.000000,0.000000,0,0,0,0,0
212,0,18.497908,0.088175,0.000000,0.000190,0.498237,2.290493,2.279782,0.126258,0.006460,11.079566,4.990807,1.267758,1.209883,0.000746,0.000298,2.395199,0.000349,0.635339,0.002241,0.652256,0.000000,0.000000,0.000000,0,0,0.000000,0.000000,0.000000,0.000000,0.000000,0.000000,0.000000,0.000000,0.000000,0.000000,0.000000,0.000000,0.000000,0.000000,0,0,0,0,0,0.000000,0.000000,0.000000,0.000000,0.000000,0.000000,0.000000,0.000000,0,0,0,0,0
213,0,18.043332,0.003913,0.000000,0.000163,0.461595,2.308641,2.298052,0.086002,0.008135,11.162818,5.177541,1.225352,1.168820,0.000753,0.000298,2.001821,0.000349,0.634728,0.002262,0.623732,0.000000,0.000000,0.000000,0,0,0.000000,0.000000,0.000000,0.000000,0.000000,0.000000,0.000000,0.000000,0.000000,0.000000,0.000000,0.000000,0.000000,0.000000,0,0,0,0,0,0.000000,0.000000,0.000000,0.000000,0.000000,0.000000,0.000000,0.000000,0,0,0,0,0
214,0,18.339718,0.087382,0.000000,0.000190,0.470995,2.197923,2.187354,0.085066,0.006358,11.070390,4.962063,1.227386,1.171539,0.000726,0.000298,2.362539,0.000349,0.720564,0.002262,0.619154,0.000000,0.000000,0.000000,0,0,0.000000,0.000000,0.000000,0.000000,0.000000,0.000000,0.000000,0.000000,0.000000,0.000000,0.000000,0.000000,0.000000,0.000000,0,0,0,0,0,0.000000,0.000000,0.000000,0.000000,0.000000,0.000000,0.000000,0.000000,0,0,0,0,0
215,0,17.956295,0.003750,0.000000,0.000163,0.501024,2.261047,2.250444,0.085107,0.006419,11.141273,5.019955,1.241065,1.146457,0.000766,0.000298,1.926999,0.000407,0.640710,0.002241,0.661818,0.000000,0.000000,0.000000,0,0,0.000000,0.000000,0.000000,0.000000,0.000000,0.000000,0.000000,0.000000,0.000000,0.000000,0.000000,0.000000,0.000000,0.000000,0,0,0,0,0,0.000000,0.000000,0.000000,0.000000,0.000000,0.000000,0.000000,0.000000,0,0,0,0,0
216,0,18.899329,0.425897,0.000000,0.000197,0.541287,2.184191,2.173581,0.085737,0.006283,11.218441,5.084049,1.226803,1.172041,0.000766,0.000298,2.460975,0.000349,0.639530,0.002241,0.625420,0.000000,0.000000,0.000000,0,0,0.000000,0.000000,0.000000,0.000000,0.000000,0.000000,0.000000,0.000000,0.000000,0.000000,0.000000,0.000000,0.000000,0.000000,0,0,0,0,0,0.000000,0.000000,0.000000,0.000000,0.000000,0.000000,0.000000,0.000000,0,0,0,0,0
217,0,18.463681,0.302002,0.000000,0.000210,0.512275,2.305508,2.294918,0.086002,0.006419,11.242978,5.165487,1.240916,1.182180,0.000712,0.000305,1.938487,0.000349,0.719459,0.002282,0.617527,0.000000,0.000000,0.000000,0,0,0.000000,0.000000,0.000000,0.000000,0.000000,0.000000,0.000000,0.000000,0.000000,0.000000,0.000000,0.000000,0.000000,0.000000,0,0,0,0,0,0.000000,0.000000,0.000000,0.000000,0.000000,0.000000,0.000000,0.000000,0,0,0,0,0
218,0,18.989702,0.463745,0.000000,0.000190,0.511563,2.288479,2.277768,0.086612,0.006460,11.246070,5.066613,1.219777,1.163096,0.000692,0.000305,2.380076,0.000349,0.677392,0.002370,0.665453,0.000000,0.000000,0.000000,0,0,0.000000,0.000000,0.000000,0.000000,0.000000,0.000000,0.000000,0.000000,0.000000,0.000000,0.000000,0.000000,0.000000,0.000000,0,0,0,0,0,0.000000,0.000000,0.000000,0.000000,0.000000,0.000000,0.000000,0.000000,0,0,0,0,0
219,0,18.733314,0.341166,0.000000,0.000210,0.511522,2.321988,2.311262,0.125329,0.006195,11.041460,5.062164,1.226634,1.127981,0.000746,0.000298,2.408613,0.000349,0.640181,0.002343,0.667107,0.000000,0.000000,0.000000,0,0,0.000000,0.000000,0.000000,0.000000,0.000000,0.000000,0.000000,0.000000,0.000000,0.000000,0.000000,0.000000,0.000000,0.000000,0,0,0,0,0,0.000000,0.000000,0.000000,0.000000,0.000000,0.000000,0.000000,0.000000,0,0,0,0,0
220,0,18.126726,0.087748,0.000000,0.000190,0.451613,2.284919,2.274289,0.086755,0.006460,11.216234,5.075612,1.241085,1.183462,0.000712,0.000305,1.926103,0.000349,0.716271,0.002241,0.619195,0.000000,0.000000,0.000000,0,0,0.000000,0.000000,0.000000,0.000000,0.000000,0.000000,0.000000,0.000000,0.000000,0.000000,0.000000,0.000000,0.000000,0.000000,0,0,0,0,0,0.000000,0.000000,0.000000,0.000000,0.000000,0.000000,0.000000,0.000000,0,0,0,0,0
221,0,18.451433,0.003913,0.000000,0.000163,0.470629,2.285834,2.275109,0.124902,0.006215,11.210303,5.101986,1.234670,1.177968,0.000746,0.000298,2.370263,0.000349,0.634728,0.002363,0.661879,0.000000,0.000000,0.000000,0,0,0.000000,0.000000,0.000000,0.000000,0.000000,0.000000,0.000000,0.000000,0.000000,0.000000,0.000000,0.000000,0.000000,0.000000,0,0,0,0,0,0.000000,0.000000,0.000000,0.000000,0.000000,0.000000,0.000000,0.000000,0,0,0,0,0
222,0,18.521379,0.427999,0.000000,0.000190,0.543077,2.278124,2.267493,0.125573,0.006317,11.208961,5.168142,1.253632,1.194102,0.000726,0.000298,1.932370,0.000363,0.635454,0.002302,0.696608,0.000000,0.000000,0.000000,0,0,0.000000,0.000000,0.000000,0.000000,0.000000,0.000000,0.000000,0.000000,0.000000,0.000000,0.000000,0.000000,0.000000,0.000000,0,0,0,0,0,0.000000,0.000000,0.000000,0.000000,0.000000,0.000000,0.000000,0.000000,0,0,0,0,0
223,0,18.332882,0.341580,0.000000,0.000210,0.532966,2.270881,2.260149,0.085310,0.008358,11.072344,5.137960,1.226702,1.171621,0.000746,0.000298,1.985735,0.000390,0.637577,0.002343,0.624525,0.000000,0.000000,0.000000,0,0,0.000000,0.000000,0.000000,0.000000,0.000000,0.000000,0.000000,0.000000,0.000000,0.000000,0.000000,0.000000,0.000000,0.000000,0,0,0,0,0,0.000000,0.000000,0.000000,0.000000,0.000000,0.000000,0.000000,0.000000,0,0,0,0,0
224,0,18.392195,0.427897,0.000000,0.000197,0.518541,2.267300,2.256690,0.085229,0.007300,11.074337,5.112525,1.224436,1.169335,0.000787,0.000298,1.982405,0.000349,0.653507,0.002262,0.634393,0.000000,0.000000,0.000000,0,0,0.000000,0.000000,0.000000,0.000000,0.000000,0.000000,0.000000,0.000000,0.000000,0.000000,0.000000,0.000000,0.000000,0.000000,0,0,0,0,0,0.000000,0.000000,0.000000,0.000000,0.000000,0.000000,0.000000,0.000000,0,0,0,0,0
225,0,18.460636,0.003757,0.000000,0.000163,0.461066,2.343045,2.332333,0.126021,0.007199,11.036679,5.100908,1.264659,1.206960,0.000848,0.000298,2.440996,0.000349,0.636580,0.002384,0.624464,0.000000,0.000000,0.000000,0,0,0.000000,0.000000,0.000000,0.000000,0.000000,0.000000,0.000000,0.000000,0.000000,0.000000,0.000000,0.000000,0.000000,0.000000,0,0,0,0,0,0.000000,0.000000,0.000000,0.000000,0.000000,0.000000,0.000000,0.000000,0,0,0,0,0
226,0,18.485558,0.427253,0.000000,0.000190,0.531643,2.264431,2.253618,0.085086,0.008135,11.151262,5.125990,1.225169,1.126651,0.000746,0.000298,2.005775,0.000349,0.635963,0.002343,0.624830,0.000000,0.000000,0.000000,0,0,0.000000,0.000000,0.000000,0.000000,0.000000,0.000000,0.000000,0.000000,0.000000,0.000000,0.000000,0.000000,0.000000,0.000000,0,0,0,0,0,0.000000,0.000000,0.000000,0.000000,0.000000,0.000000,0.000000,0.000000,0,0,0,0,0
227,0,18.454044,0.372491,0.000000,0.000210,0.516039,2.261359,2.250688,0.085290,0.006378,11.248695,5.014523,1.226518,1.135742,0.000766,0.000298,1.916324,0.000322,0.710514,0.002282,0.622918,0.000000,0.000000,0.000000,0,0,0.000000,0.000000,0.000000,0.000000,0.000000,0.000000,0.000000,0.000000,0.000000,0.000000,0.000000,0.000000,0.000000,0.000000,0,0,0,0,0,0.000000,0.000000,0.000000,0.000000,0.000000,0.000000,0.000000,0.000000,0,0,0,0,0
228,0,18.791385,0.423347,0.000000,0.000197,0.556892,2.291233,2.280412,0.085188,0.006399,11.124244,5.058485,1.236359,1.143639,0.000854,0.000305,2.318105,0.000349,0.639258,0.002363,0.705478,0.000000,0.000000,0.000000,0,0,0.000000,0.000000,0.000000,0.000000,0.000000,0.000000,0.000000,0.000000,0.000000,0.000000,0.000000,0.000000,0.000000,0.000000,0,0,0,0,0,0.000000,0.000000,0.000000,0.000000,0.000000,0.000000,0.000000,0.000000,0,0,0,0,0
229,0,18.839739,0.003913,0.000000,0.000163,0.462877,2.278266,2.267575,0.126468,0.006439,11.201708,5.017510,2.016978,0.965725,0.000766,0.000298,1.958744,0.000349,0.674150,0.002262,0.624627,0.000000,0.000000,0.000000,0,0,0.000000,0.000000,0.000000,0.000000,0.000000,0.000000,0.000000,0.000000,0.000000,0.000000,0.000000,0.000000,0.000000,0.000000,0,0,0,0,0,0.000000,0.000000,0.000000,0.000000,0.000000,0.000000,0.000000,0.000000,0,0,0,0,0
230,0,18.917660,0.386658,0.000000,0.000190,0.509772,2.274116,2.263424,0.085656,0.006439,11.251482,5.037665,1.227509,1.171112,0.000746,0.000298,2.392154,0.000370,0.673648,0.002282,0.619378,0.000000,0.000000,0.000000,0,0,0.000000,0.000000,0.000000,0.000000,0.000000,0.000000,0.000000,0.000000,0.000000,0.000000,0.000000,0.000000,0.000000,0.000000,0,0,0,0,0,0.000000,0.000000,0.000000,0.000000,0.000000,0.000000,0.000000,0.000000,0,0,0,0,0
231,0,18.850488,0.334771,0.000000,0.000210,0.514187,2.254645,2.244076,0.125573,0.006229,11.181237,5.084503,1.240672,1.183021,0.000692,0.000305,2.408620,0.000349,0.674971,0.002262,0.663486,0.000000,0.000000,0.000000,0,0,0.000000,0.000000,0.000000,0.000000,0.000000,0.000000,0.000000,0.000000,0.000000,0.000000,0.000000,0.000000,0.000000,0.000000,0,0,0,0,0,0.000000,0.000000,0.000000,0.000000,0.000000,0.000000,0.000000,0.000000,0,0,0,0,0
232,0,18.442997,0.388631,0.000000,0.000197,0.558316,2.292148,2.281097,0.087263,0.006460,11.186615,5.090410,1.241804,1.183685,0.000773,0.000305,1.934370,0.000329,0.636573,0.002323,0.620009,0.000000,0.000000,0.000000,0,0,0.000000,0.000000,0.000000,0.000000,0.000000,0.000000,0.000000,0.000000,0.000000,0.000000,0.000000,0.000000,0.000000,0.000000,0,0,0,0,0,0.000000,0.000000,0.000000,0.000000,0.000000,0.000000,0.000000,0.000000,0,0,0,0,0
233,0,18.963640,0.003913,0.000000,0.000163,0.481005,2.303352,2.292619,1.949053,0.011193,5.975159,5.043162,1.235145,1.177792,0.000766,0.000298,2.343285,0.000349,0.675493,0.002241,0.663364,0.000000,0.000000,0.000000,0,0,0.000000,0.000000,0.000000,0.000000,0.000000,0.000000,0.000000,0.000000,0.000000,0.000000,0.000000,0.000000,0.000000,0.000000,0,0,0,0,0,0.000000,0.000000,0.000000,0.000000,0.000000,0.000000,0.000000,0.000000,0,0,0,0,0
234,0,18.489241,0.088101,0.000000,0.000190,0.418915,2.332791,2.322099,0.086894,0.006263,11.208126,4.927273,1.232310,1.175018,0.000746,0.000298,2.327247,0.000349,0.635156,0.002424,0.698683,0.000000,0.000000,0.000000,0,0,0.000000,0.000000,0.000000,0.000000,0.000000,0.000000,0.000000,0.000000,0.000000,0.000000,0.000000,0.000000,0.000000,0.000000,0,0,0,0,0,0.000000,0.000000,0.000000,0.000000,0.000000,0.000000,0.000000,0.000000,0,0,0,0,0
235,0,18.474362,0.003832,0.000000,0.000163,0.459744,2.294095,2.283281,1.965858,0.010908,5.972168,5.077762,1.243676,1.185069,0.000712,0.000305,1.946482,0.000349,0.636315,0.002404,0.664768,0.000000,0.000000,0.000000,0,0,0.000000,0.000000,0.000000,0.000000,0.000000,0.000000,0.000000,0.000000,0.000000,0.000000,0.000000,0.000000,0.000000,0.000000,0,0,0,0,0,0.000000,0.000000,0.000000,0.000000,0.000000,0.000000,0.000000,0.000000,0,0,0,0,0
236,0,18.037337,0.087755,0.000000,0.000197,0.459256,2.280545,2.269996,0.086711,0.006487,11.216305,5.018002,1.242299,1.183502,0.000712,0.000305,1.901296,0.000349,0.639387,0.002262,0.675164,0.000000,0.000000,0.000000,0,0,0.000000,0.000000,0.000000,0.000000,0.000000,0.000000,0.000000,0.000000,0.000000,0.000000,0.000000,0.000000,0.000000,0.000000,0,0,0,0,0,0.000000,0.000000,0.000000,0.000000,0.000000,0.000000,0.000000,0.000000,0,0,0,0,0
237,0,18.506182,0.003730,0.000000,0.000163,0.526923,2.248827,2.238258,2.020586,0.011088,5.934048,5.083998,1.242530,1.183909,0.000827,0.000298,1.929827,0.000349,0.635440,0.002262,0.686089,0.000000,0.000000,0.000000,0,0,0.000000,0.000000,0.000000,0.000000,0.000000,0.000000,0.000000,0.000000,0.000000,0.000000,0.000000,0.000000,0.000000,0.000000,0,0,0,0,0,0.000000,0.000000,0.000000,0.000000,0.000000,0.000000,0.000000,0.000000,0,0,0,0,0
238,0,18.453203,0.427755,0.000000,0.000190,0.556200,2.274543,2.263811,0.126200,0.006141,11.090451,5.122725,1.271637,1.174442,0.000746,0.000298,1.951487,0.000349,0.632321,0.002282,0.619927,0.000000,0.000000,0.000000,0,0,0.000000,0.000000,0.000000,0.000000,0.000000,0.000000,0.000000,0.000000,0.000000,0.000000,0.000000,0.000000,0.000000,0.000000,0,0,0,0,0,0.000000,0.000000,0.000000,0.000000,0.000000,0.000000,0.000000,0.000000,0,0,0,0,0
239,0,19.445553,0.341702,0.000000,0.000210,0.539863,2.261339,2.250614,2.065203,0.011129,5.991882,5.056403,1.277646,1.182929,0.000712,0.000305,2.426198,0.000349,0.632490,0.002343,0.639499,0.000000,0.000000,0.000000,0,0,0.000000,0.000000,0.000000,0.000000,0.000000,0.000000,0.000000,0.000000,0.000000,0.000000,0.000000,0.000000,0.000000,0.000000,0,0,0,0,0,0.000000,0.000000,0.000000,0.000000,0.000000,0.000000,0.000000,0.000000,0,0,0,0,0
240,0,18.330726,0.424967,0.000000,0.000190,0.533271,2.216994,2.206336,0.085185,0.006419,11.096039,4.996769,1.225827,1.134135,0.000834,0.000305,1.913808,0.000363,0.710568,0.002262,0.623671,0.000000,0.000000,0.000000,0,0,0.000000,0.000000,0.000000,0.000000,0.000000,0.000000,0.000000,0.000000,0.000000,0.000000,0.000000,0.000000,0.000000,0.000000,0,0,0,0,0,0.000000,0.000000,0.000000,0.000000,0.000000,0.000000,0.000000,0.000000,0,0,0,0,0
241,0,19.459673,0.362230,0.000000,0.000210,0.532416,2.277757,2.267066,2.065806,0.010997,5.994676,5.057488,1.281654,1.186154,0.000746,0.000298,2.398739,0.000349,0.633440,0.002262,0.636142,0.000000,0.000000,0.000000,0,0,0.000000,0.000000,0.000000,0.000000,0.000000,0.000000,0.000000,0.000000,0.000000,0.000000,0.000000,0.000000,0.000000,0.000000,0,0,0,0,0,0.000000,0.000000,0.000000,0.000000,0.000000,0.000000,0.000000,0.000000,0,0,0,0,0
242,0,18.511125,0.420919,0.000000,0.000190,0.510729,2.307400,2.296668,0.084724,0.006297,11.200090,5.019263,1.227658,1.171431,0.000766,0.000298,1.999176,0.000349,0.637332,0.002343,0.624769,0.000000,0.000000,0.000000,0,0,0.000000,0.000000,0.000000,0.000000,0.000000,0.000000,0.000000,0.000000,0.000000,0.000000,0.000000,0.000000,0.000000,0.000000,0,0,0,0,0,0.000000,0.000000,0.000000,0.000000,0.000000,0.000000,0.000000,0.000000,0,0,0,0,0
243,0,19.266096,0.299547,0.000000,0.000210,0.515754,2.288540,2.277910,2.021406,0.010973,5.946859,4.897888,1.235918,1.178647,0.000746,0.000298,2.386254,0.000349,0.641883,0.002262,0.661207,0.000000,0.000000,0.000000,0,0,0.000000,0.000000,0.000000,0.000000,0.000000,0.000000,0.000000,0.000000,0.000000,0.000000,0.000000,0.000000,0.000000,0.000000,0,0,0,0,0,0.000000,0.000000,0.000000,0.000000,0.000000,0.000000,0.000000,0.000000,0,0,0,0,0
244,0,18.529843,0.424032,0.000000,0.000190,0.569363,2.225186,2.214515,0.086772,0.006460,11.201514,5.008447,1.271027,1.177321,0.000766,0.000298,1.990353,0.000349,0.638513,0.002302,0.664483,0.000000,0.000000,0.000000,0,0,0.000000,0.000000,0.000000,0.000000,0.000000,0.000000,0.000000,0.000000,0.000000,0.000000,0.000000,0.000000,0.000000,0.000000,0,0,0,0,0,0.000000,0.000000,0.000000,0.000000,0.000000,0.000000,0.000000,0.000000,0,0,0,0,0
245,0,19.255876,0.299527,0.000000,0.000210,0.516364,2.328308,2.317325,1.994707,0.010952,5.887295,4.870880,1.235775,1.178565,0.000746,0.000298,2.326318,0.000349,0.632429,0.002282,0.708978,0.000000,0.000000,0.000000,0,0,0.000000,0.000000,0.000000,0.000000,0.000000,0.000000,0.000000,0.000000,0.000000,0.000000,0.000000,0.000000,0.000000,0.000000,0,0,0,0,0,0.000000,0.000000,0.000000,0.000000,0.000000,0.000000,0.000000,0.000000,0,0,0,0,0
246,0,18.879269,0.388123,0.000000,0.000190,0.509549,2.298279,2.287309,0.084710,0.006337,11.201026,5.079274,1.240651,1.182132,0.000732,0.000305,2.355621,0.000349,0.677331,0.002363,0.665236,0.000000,0.000000,0.000000,0,0,0.000000,0.000000,0.000000,0.000000,0.000000,0.000000,0.000000,0.000000,0.000000,0.000000,0.000000,0.000000,0.000000,0.000000,0,0,0,0,0,0.000000,0.000000,0.000000,0.000000,0.000000,0.000000,0.000000,0.000000,0,0,0,0,0
247,0,18.487830,0.003872,0.000000,0.000163,0.453498,2.321940,2.311100,1.943661,0.010651,5.931098,4.998603,1.233985,1.177216,0.000766,0.000298,1.905663,0.000349,0.640262,0.002282,0.706638,0.000000,0.000000,0.000000,0,0,0.000000,0.000000,0.000000,0.000000,0.000000,0.000000,0.000000,0.000000,0.000000,0.000000,0.000000,0.000000,0.000000,0.000000,0,0,0,0,0,0.000000,0.000000,0.000000,0.000000,0.000000,0.000000,0.000000,0.000000,0,0,0,0,0
248,0,19.587094,0.126546,0.000000,0.000190,0.413194,2.300381,2.289669,0.083957,0.006304,11.204424,5.041446,1.226247,1.119351,0.000766,0.000298,2.313093,0.000349,0.719791,0.002282,0.618618,0.000000,0.000000,0.000000,0,0,0.000000,0.000000,0.000000,0.000000,0.000000,0.000000,0.000000,0.000000,0.000000,0.000000,0.000000,0.000000,0.000000,0.000000,0,0,0,0,0,0.000000,0.000000,0.000000,0.000000,0.000000,0.000000,0.000000,0.000000,0,0,0,0,0
249,0,18.031416,0.003818,0.000000,0.000163,0.453172,2.306302,2.295651,0.085188,0.006331,11.245690,5.039964,1.243113,1.184336,0.000712,0.000305,1.899445,0.000349,0.679060,0.032311,0.736423,0.000000,0.000000,0.000000,0,0,0.000000,0.000000,0.000000,0.000000,0.000000,0.000000,0.000000,0.000000,0.000000,0.000000,0.000000,0.000000,0.000000,0.000000,0,0,0,0,0,0.000000,0.000000,0.000000,0.000000,0.000000,0.000000,0.000000,0.000000,0,0,0,0,0
250,0,18.407752,0.428955,0.000000,0.000190,0.514289,2.254116,2.243486,0.084659,0.006588,11.075850,5.040188,1.262115,1.204295,0.000746,0.000298,1.971330,0.000349,0.658166,0.002262,0.625481,0.000000,0.000000,0.000000,0,0,0.000000,0.000000,0.000000,0.000000,0.000000,0.000000,0.000000,0.000000,0.000000,0.000000,0.000000,0.000000,0.000000,0.000000,0,0,0,0,0,0.000000,0.000000,0.000000,0.000000,0.000000,0.000000,0.000000,0.000000,0,0,0,0,0
251,0,18.333981,0.342434,0.000000,0.000305,0.574164,2.242967,2.232256,0.085839,0.007728,11.081763,4.979214,1.227000,1.171187,0.000746,0.000298,1.985575,0.000349,0.634932,0.002275,0.620110,0.000000,0.000000,0.000000,0,0,0.000000,0.000000,0.000000,0.000000,0.000000,0.000000,0.000000,0.000000,0.000000,0.000000,0.000000,0.000000,0.000000,0.000000,0,0,0,0,0,0.000000,0.000000,0.000000,0.000000,0.000000,0.000000,0.000000,0.000000,0,0,0,0,0
252,0,18.811988,0.388875,0.000000,0.000190,0.510912,2.358629,2.348019,0.085907,0.006385,11.165605,5.113203,1.235280,1.177704,0.000746,0.000298,2.316945,0.000349,0.633440,0.002424,0.743863,0.000000,0.000000,0.000000,0,0,0.000000,0.000000,0.000000,0.000000,0.000000,0.000000,0.000000,0.000000,0.000000,0.000000,0.000000,0.000000,0.000000,0.000000,0,0,0,0,0,0.000000,0.000000,0.000000,0.000000,0.000000,0.000000,0.000000,0.000000,0,0,0,0,0
253,0,18.353614,0.342224,0.000000,0.000210,0.532803,2.247626,2.236860,0.085615,0.007952,11.106035,5.174442,1.226329,1.170495,0.000766,0.000298,2.004676,0.000349,0.649417,0.002262,0.624993,0.000000,0.000000,0.000000,0,0,0.000000,0.000000,0.000000,0.000000,0.000000,0.000000,0.000000,0.000000,0.000000,0.000000,0.000000,0.000000,0.000000,0.000000,0,0,0,0,0,0.000000,0.000000,0.000000,0.000000,0.000000,0.000000,0.000000,0.000000,0,0,0,0,0
254,0,18.391008,0.388997,0.000000,0.000190,0.512458,2.319065,2.308421,0.085595,0.006460,11.174781,5.059160,1.255144,1.197086,0.000766,0.000339,1.901269,0.000349,0.637163,0.002275,0.664137,0.000000,0.000000,0.000000,0,0,0.000000,0.000000,0.000000,0.000000,0.000000,0.000000,0.000000,0.000000,0.000000,0.000000,0.000000,0.000000,0.000000,0.000000,0,0,0,0,0,0.000000,0.000000,0.000000,0.000000,0.000000,0.000000,0.000000,0.000000,0,0,0,0,0
255,0,18.723100,0.339118,0.000000,0.000210,0.510118,2.310357,2.299856,0.085371,0.006344,11.210802,4.981784,1.193397,1.137346,0.000766,0.000298,2.320784,0.000329,0.635841,0.002262,0.676873,0.000000,0.000000,0.000000,0,0,0.000000,0.000000,0.000000,0.000000,0.000000,0.000000,0.000000,0.000000,0.000000,0.000000,0.000000,0.000000,0.000000,0.000000,0,0,0,0,0,0.000000,0.000000,0.000000,0.000000,0.000000,0.000000,0.000000,0.000000,0,0,0,0,0
256,0,18.445126,0.425212,0.000000,0.000190,0.536384,2.258308,2.247657,0.085351,0.006378,11.169715,5.163774,1.225474,1.170298,0.000766,0.000373,1.989980,0.000349,0.637414,0.002384,0.623264,0.000000,0.000000,0.000000,0,0,0.000000,0.000000,0.000000,0.000000,0.000000,0.000000,0.000000,0.000000,0.000000,0.000000,0.000000,0.000000,0.000000,0.000000,0,0,0,0,0,0.000000,0.000000,0.000000,0.000000,0.000000,0.000000,0.000000,0.000000,0,0,0,0,0
257,0,18.922360,0.340318,0.000000,0.000305,0.503628,2.299506,2.288896,0.085758,0.006344,11.288795,5.000309,1.225372,1.134718,0.000746,0.000298,2.354394,0.000349,0.707930,0.002255,0.619663,0.000000,0.000000,0.000000,0,0,0.000000,0.000000,0.000000,0.000000,0.000000,0.000000,0.000000,0.000000,0.000000,0.000000,0.000000,0.000000,0.000000,0.000000,0,0,0,0,0,0.000000,0.000000,0.000000,0.000000,0.000000,0.000000,0.000000,0.000000,0,0,0,0,0
258,0,18.851234,0.388611,0.000000,0.000190,0.593085,2.255866,2.245134,0.085676,0.006446,11.205909,5.016449,1.235280,1.178104,0.000746,0.000298,2.329837,0.000349,0.640140,0.002262,0.688877,0.000000,0.000000,0.000000,0,0,0.000000,0.000000,0.000000,0.000000,0.000000,0.000000,0.000000,0.000000,0.000000,0.000000,0.000000,0.000000,0.000000,0.000000,0,0,0,0,0,0.000000,0.000000,0.000000,0.000000,0.000000,0.000000,0.000000,0.000000,0,0,0,0,0
259,0,18.354550,0.302185,0.000000,0.000210,0.512967,2.323676,2.312971,0.120711,0.006236,11.163988,5.097009,1.249983,1.190765,0.000712,0.000305,1.926415,0.000342,0.639082,0.002323,0.664198,0.000000,0.000000,0.000000,0,0,0.000000,0.000000,0.000000,0.000000,0.000000,0.000000,0.000000,0.000000,0.000000,0.000000,0.000000,0.000000,0.000000,0.000000,0,0,0,0,0,0.000000,0.000000,0.000000,0.000000,0.000000,0.000000,0.000000,0.000000,0,0,0,0,0
260,0,18.472273,0.088481,0.000000,0.000197,0.456428,2.277351,2.266578,0.084964,0.006460,11.155921,4.935235,1.227590,1.171353,0.000766,0.000298,2.349959,0.000342,0.714420,0.002282,0.618605,0.000000,0.000000,0.000000,0,0,0.000000,0.000000,0.000000,0.000000,0.000000,0.000000,0.000000,0.000000,0.000000,0.000000,0.000000,0.000000,0.000000,0.000000,0,0,0,0,0,0.000000,0.000000,0.000000,0.000000,0.000000,0.000000,0.000000,0.000000,0,0,0,0,0
261,0,18.374386,0.003750,0.000000,0.000163,0.514492,2.219130,2.208425,0.088036,0.006378,11.180396,5.059160,1.241974,1.183319,0.000746,0.000298,2.375431,0.000329,0.635271,0.002262,0.657545,0.000000,0.000000,0.000000,0,0,0.000000,0.000000,0.000000,0.000000,0.000000,0.000000,0.000000,0.000000,0.000000,0.000000,0.000000,0.000000,0.000000,0.000000,0,0,0,0,0,0.000000,0.000000,0.000000,0.000000,0.000000,0.000000,0.000000,0.000000,0,0,0,0,0
262,0,18.506039,0.426392,0.000000,0.000190,0.565904,2.309435,2.298865,0.085751,0.006405,11.163245,4.918352,1.242971,1.184750,0.000712,0.000312,1.956628,0.000349,0.639977,0.002275,0.666619,0.000000,0.000000,0.000000,0,0,0.000000,0.000000,0.000000,0.000000,0.000000,0.000000,0.000000,0.000000,0.000000,0.000000,0.000000,0.000000,0.000000,0.000000,0,0,0,0,0,0.000000,0.000000,0.000000,0.000000,0.000000,0.000000,0.000000,0.000000,0,0,0,0,0
263,0,18.274024,0.341498,0.000000,0.000210,0.524278,2.179532,2.168901,0.085473,0.006426,11.155830,5.129710,1.192868,1.137434,0.000746,0.000298,1.995182,0.000349,0.682560,0.002282,0.621372,0.000000,0.000000,0.000000,0,0,0.000000,0.000000,0.000000,0.000000,0.000000,0.000000,0.000000,0.000000,0.000000,0.000000,0.000000,0.000000,0.000000,0.000000,0,0,0,0,0,0.000000,0.000000,0.000000,0.000000,0.000000,0.000000,0.000000,0.000000,0,0,0,0,0
264,0,18.489783,0.462809,0.000000,0.000190,0.514228,2.266588,2.255856,0.085636,0.006588,11.129717,5.150913,1.269704,1.212853,0.000766,0.000298,1.923479,0.000349,0.679589,0.002241,0.619358,0.000000,0.000000,0.000000,0,0,0.000000,0.000000,0.000000,0.000000,0.000000,0.000000,0.000000,0.000000,0.000000,0.000000,0.000000,0.000000,0.000000,0.000000,0,0,0,0,0,0.000000,0.000000,0.000000,0.000000,0.000000,0.000000,0.000000,0.000000,0,0,0,0,0
265,0,18.435198,0.003872,0.000000,0.000326,0.455254,2.322537,2.311886,0.126244,0.006276,11.107480,5.061072,1.270620,1.213070,0.000766,0.000298,2.398678,0.000349,0.634172,0.002262,0.667270,0.000000,0.000000,0.000000,0,0,0.000000,0.000000,0.000000,0.000000,0.000000,0.000000,0.000000,0.000000,0.000000,0.000000,0.000000,0.000000,0.000000,0.000000,0,0,0,0,0,0.000000,0.000000,0.000000,0.000000,0.000000,0.000000,0.000000,0.000000,0,0,0,0,0
266,0,18.064918,0.151449,0.000000,0.000190,0.412177,2.287910,2.277218,0.085717,0.006446,11.223507,4.970093,1.228851,1.136722,0.000726,0.000298,1.882484,0.000329,0.675846,0.002302,0.665134,0.000000,0.000000,0.000000,0,0,0.000000,0.000000,0.000000,0.000000,0.000000,0.000000,0.000000,0.000000,0.000000,0.000000,0.000000,0.000000,0.000000,0.000000,0,0,0,0,0,0.000000,0.000000,0.000000,0.000000,0.000000,0.000000,0.000000,0.000000,0,0,0,0,0
267,0,18.030860,0.003764,0.000000,0.000163,0.454536,2.269782,2.259098,0.085168,0.007056,11.267229,5.171078,1.235158,1.177907,0.000746,0.000298,1.924598,0.000329,0.631921,0.002343,0.703050,0.000000,0.000000,0.000000,0,0,0.000000,0.000000,0.000000,0.000000,0.000000,0.000000,0.000000,0.000000,0.000000,0.000000,0.000000,0.000000,0.000000,0.000000,0,0,0,0,0,0.000000,0.000000,0.000000,0.000000,0.000000,0.000000,0.000000,0.000000,0,0,0,0,0
268,0,18.538835,0.088135,0.000000,0.000190,0.512967,2.251350,2.240760,0.126292,0.006358,11.184791,5.164269,1.265228,1.177823,0.000766,0.000298,2.360514,0.000349,0.633426,0.002384,0.652134,0.000000,0.000000,0.000000,0,0,0.000000,0.000000,0.000000,0.000000,0.000000,0.000000,0.000000,0.000000,0.000000,0.000000,0.000000,0.000000,0.000000,0.000000,0,0,0,0,0,0.000000,0.000000,0.000000,0.000000,0.000000,0.000000,0.000000,0.000000,0,0,0,0,0
269,0,18.416060,0.340651,0.000000,0.000210,0.516771,2.339925,2.329383,0.085656,0.006263,11.147213,5.117889,1.226369,1.170380,0.000766,0.000298,2.006582,0.000329,0.636152,0.002363,0.623630,0.000000,0.000000,0.000000,0,0,0.000000,0.000000,0.000000,0.000000,0.000000,0.000000,0.000000,0.000000,0.000000,0.000000,0.000000,0.000000,0.000000,0.000000,0,0,0,0,0,0.000000,0.000000,0.000000,0.000000,0.000000,0.000000,0.000000,0.000000,0,0,0,0,0
270,0,18.893897,0.428060,0.000000,0.000197,0.534003,2.258084,2.247474,0.085066,0.007829,11.134315,5.067478,1.226329,1.128421,0.000746,0.000298,2.429745,0.000349,0.639265,0.002282,0.626255,0.000000,0.000000,0.000000,0,0,0.000000,0.000000,0.000000,0.000000,0.000000,0.000000,0.000000,0.000000,0.000000,0.000000,0.000000,0.000000,0.000000,0.000000,0,0,0,0,0,0.000000,0.000000,0.000000,0.000000,0.000000,0.000000,0.000000,0.000000,0,0,0,0,0
271,0,18.429135,0.372179,0.000000,0.000210,0.509040,2.250902,2.240150,0.085819,0.006324,11.242672,5.011729,1.225637,1.135871,0.000895,0.000305,1.915761,0.000349,0.710188,0.002282,0.623793,0.000000,0.000000,0.000000,0,0,0.000000,0.000000,0.000000,0.000000,0.000000,0.000000,0.000000,0.000000,0.000000,0.000000,0.000000,0.000000,0.000000,0.000000,0,0,0,0,0,0.000000,0.000000,0.000000,0.000000,0.000000,0.000000,0.000000,0.000000,0,0,0,0,0
272,0,18.756405,0.424113,0.000000,0.000190,0.565172,2.279243,2.268653,0.085371,0.006500,11.095720,5.027008,1.234507,1.142927,0.000787,0.000298,2.314924,0.000349,0.640221,0.002343,0.701755,0.000000,0.000000,0.000000,0,0,0.000000,0.000000,0.000000,0.000000,0.000000,0.000000,0.000000,0.000000,0.000000,0.000000,0.000000,0.000000,0.000000,0.000000,0,0,0,0,0,0.000000,0.000000,0.000000,0.000000,0.000000,0.000000,0.000000,0.000000,0,0,0,0,0
273,0,18.385637,0.003771,0.000000,0.000163,0.465196,2.287462,2.276872,0.085860,0.006297,11.151028,5.099850,1.193743,1.136898,0.000807,0.000332,2.361806,0.000349,0.720015,0.002323,0.617852,0.000000,0.000000,0.000000,0,0,0.000000,0.000000,0.000000,0.000000,0.000000,0.000000,0.000000,0.000000,0.000000,0.000000,0.000000,0.000000,0.000000,0.000000,0,0,0,0,0,0.000000,0.000000,0.000000,0.000000,0.000000,0.000000,0.000000,0.000000,0,0,0,0,0
274,0,18.005551,0.088155,0.000000,0.000190,0.523729,2.200670,2.189897,0.084883,0.006439,11.099118,5.166935,1.271006,1.139913,0.000746,0.000298,1.980547,0.000349,0.639937,0.002323,0.666538,0.000000,0.000000,0.000000,0,0,0.000000,0.000000,0.000000,0.000000,0.000000,0.000000,0.000000,0.000000,0.000000,0.000000,0.000000,0.000000,0.000000,0.000000,0,0,0,0,0,0.000000,0.000000,0.000000,0.000000,0.000000,0.000000,0.000000,0.000000,0,0,0,0,0
275,0,18.756182,0.300232,0.000000,0.000210,0.553860,2.299710,2.288944,0.086002,0.006344,11.211422,5.094238,1.235728,1.177141,0.000746,0.000298,2.318871,0.000349,0.633989,0.002262,0.708896,0.000000,0.000000,0.000000,0,0,0.000000,0.000000,0.000000,0.000000,0.000000,0.000000,0.000000,0.000000,0.000000,0.000000,0.000000,0.000000,0.000000,0.000000,0,0,0,0,0,0.000000,0.000000,0.000000,0.000000,0.000000,0.000000,0.000000,0.000000,0,0,0,0,0
276,0,18.548730,0.387783,0.000000,0.000197,0.511787,2.356859,2.346188,0.085561,0.006548,11.185889,5.042965,1.227854,1.136003,0.000746,0.000298,1.994361,0.000349,0.641137,0.002282,0.623528,0.000000,0.000000,0.000000,0,0,0.000000,0.000000,0.000000,0.000000,0.000000,0.000000,0.000000,0.000000,0.000000,0.000000,0.000000,0.000000,0.000000,0.000000,0,0,0,0,0,0.000000,0.000000,0.000000,0.000000,0.000000,0.000000,0.000000,0.000000,0,0,0,0,0
277,0,18.450619,0.301826,0.000000,0.000210,0.518114,2.276577,2.265866,0.126102,0.006256,11.174516,4.976702,1.241770,1.183027,0.000712,0.000305,1.973297,0.000349,0.723046,0.002282,0.619744,0.000000,0.000000,0.000000,0,0,0.000000,0.000000,0.000000,0.000000,0.000000,0.000000,0.000000,0.000000,0.000000,0.000000,0.000000,0.000000,0.000000,0.000000,0,0,0,0,0,0.000000,0.000000,0.000000,0.000000,0.000000,0.000000,0.000000,0.000000,0,0,0,0,0
278,0,18.134274,0.125671,0.000000,0.000197,0.482856,2.259366,2.248532,0.085656,0.006785,11.174842,5.053185,1.229360,1.173296,0.000726,0.000298,2.006914,0.000349,0.640357,0.002343,0.625583,0.000000,0.000000,0.000000,0,0,0.000000,0.000000,0.000000,0.000000,0.000000,0.000000,0.000000,0.000000,0.000000,0.000000,0.000000,0.000000,0.000000,0.000000,0,0,0,0,0,0.000000,0.000000,0.000000,0.000000,0.000000,0.000000,0.000000,0.000000,0,0,0,0,0
279,0,19.101335,0.003791,0.000000,0.000163,0.457119,2.282437,2.271705,0.085331,0.007545,11.253252,5.184631,1.837229,0.949632,0.000766,0.000298,2.390160,0.000349,0.633752,0.002262,0.617852,0.000000,0.000000,0.000000,0,0,0.000000,0.000000,0.000000,0.000000,0.000000,0.000000,0.000000,0.000000,0.000000,0.000000,0.000000,0.000000,0.000000,0.000000,0,0,0,0,0,0.000000,0.000000,0.000000,0.000000,0.000000,0.000000,0.000000,0.000000,0,0,0,0,0
280,0,18.139584,0.126912,0.000000,0.000190,0.414395,2.289842,2.279334,0.085615,0.006439,11.255286,5.067118,1.230031,1.173031,0.000814,0.000332,1.916731,0.000349,0.703657,0.002282,0.623569,0.000000,0.000000,0.000000,0,0,0.000000,0.000000,0.000000,0.000000,0.000000,0.000000,0.000000,0.000000,0.000000,0.000000,0.000000,0.000000,0.000000,0.000000,0,0,0,0,0,0.000000,0.000000,0.000000,0.000000,0.000000,0.000000,0.000000,0.000000,0,0,0,0,0
281,0,17.980818,0.003913,0.000000,0.000190,0.486559,2.295926,2.285234,0.085208,0.006385,11.200945,5.098955,1.264598,1.206268,0.000848,0.000298,1.890296,0.000349,0.636715,0.002404,0.697333,0.000000,0.000000,0.000000,0,0,0.000000,0.000000,0.000000,0.000000,0.000000,0.000000,0.000000,0.000000,0.000000,0.000000,0.000000,0.000000,0.000000,0.000000,0,0,0,0,0,0.000000,0.000000,0.000000,0.000000,0.000000,0.000000,0.000000,0.000000,0,0,0,0,0
282,0,18.925310,0.427429,0.000000,0.000190,0.551398,2.260790,2.250220,0.126489,0.006276,11.216834,5.085236,1.262258,1.202884,0.000827,0.000298,2.330000,0.000349,0.633772,0.002302,0.654758,0.000000,0.000000,0.000000,0,0,0.000000,0.000000,0.000000,0.000000,0.000000,0.000000,0.000000,0.000000,0.000000,0.000000,0.000000,0.000000,0.000000,0.000000,0,0,0,0,0,0.000000,0.000000,0.000000,0.000000,0.000000,0.000000,0.000000,0.000000,0,0,0,0,0
283,0,18.314050,0.343479,0.000000,0.000210,0.527066,2.251919,2.241330,0.085717,0.008318,11.081092,5.101037,1.225433,1.169600,0.000746,0.000393,1.979028,0.000349,0.638228,0.002262,0.622369,0.000000,0.000000,0.000000,0,0,0.000000,0.000000,0.000000,0.000000,0.000000,0.000000,0.000000,0.000000,0.000000,0.000000,0.000000,0.000000,0.000000,0.000000,0,0,0,0,0,0.000000,0.000000,0.000000,0.000000,0.000000,0.000000,0.000000,0.000000,0,0,0,0,0
284,0,18.828406,0.429220,0.000000,0.000190,0.514147,2.265205,2.254574,0.085168,0.007077,11.075050,5.114282,1.226023,1.170848,0.000766,0.000332,2.436025,0.000349,0.639469,0.002282,0.623427,0.000000,0.000000,0.000000,0,0,0.000000,0.000000,0.000000,0.000000,0.000000,0.000000,0.000000,0.000000,0.000000,0.000000,0.000000,0.000000,0.000000,0.000000,0,0,0,0,0,0.000000,0.000000,0.000000,0.000000,0.000000,0.000000,0.000000,0.000000,0,0,0,0,0
285,0,18.380246,0.003954,0.000000,0.000163,0.497708,2.283027,2.272376,0.085941,0.006690,11.078651,5.001068,1.225820,1.126936,0.000746,0.000298,2.406769,0.000349,0.640689,0.002343,0.641981,0.000000,0.000000,0.000000,0,0,0.000000,0.000000,0.000000,0.000000,0.000000,0.000000,0.000000,0.000000,0.000000,0.000000,0.000000,0.000000,0.000000,0.000000,0,0,0,0,0,0.000000,0.000000,0.000000,0.000000,0.000000,0.000000,0.000000,0.000000,0,0,0,0,0
286,0,18.544674,0.087789,0.000000,0.000190,0.463589,2.297838,2.287106,0.125309,0.006527,11.143368,5.100087,1.235423,1.178599,0.000746,0.000298,2.411018,0.000349,0.633996,0.002262,0.623895,0.000000,0.000000,0.000000,0,0,0.000000,0.000000,0.000000,0.000000,0.000000,0.000000,0.000000,0.000000,0.000000,0.000000,0.000000,0.000000,0.000000,0.000000,0,0,0,0,0,0.000000,0.000000,0.000000,0.000000,0.000000,0.000000,0.000000,0.000000,0,0,0,0,0
287,0,18.435550,0.339654,0.000000,0.000210,0.509101,2.249702,2.239051,0.086002,0.006378,11.293393,5.158112,1.213430,1.159529,0.000746,0.000298,1.989539,0.000342,0.637658,0.002302,0.622104,0.000000,0.000000,0.000000,0,0,0.000000,0.000000,0.000000,0.000000,0.000000,0.000000,0.000000,0.000000,0.000000,0.000000,0.000000,0.000000,0.000000,0.000000,0,0,0,0,0,0.000000,0.000000,0.000000,0.000000,0.000000,0.000000,0.000000,0.000000,0,0,0,0,0
288,0,18.874183,0.460327,0.000000,0.000190,0.519518,2.275052,2.264401,0.085371,0.006419,11.138180,4.999176,1.226919,1.136668,0.000766,0.000298,2.343855,0.000349,0.708113,0.002296,0.619520,0.000000,0.000000,0.000000,0,0,0.000000,0.000000,0.000000,0.000000,0.000000,0.000000,0.000000,0.000000,0.000000,0.000000,0.000000,0.000000,0.000000,0.000000,0,0,0,0,0,0.000000,0.000000,0.000000,0.000000,0.000000,0.000000,0.000000,0.000000,0,0,0,0,0
289,0,18.000322,0.003893,0.000000,0.000163,0.458564,2.319689,2.308963,0.086409,0.006426,11.184781,5.000994,1.194394,1.140622,0.000766,0.000298,1.994273,0.000444,0.641619,0.002262,0.623630,0.000000,0.000000,0.000000,0,0,0.000000,0.000000,0.000000,0.000000,0.000000,0.000000,0.000000,0.000000,0.000000,0.000000,0.000000,0.000000,0.000000,0.000000,0,0,0,0,0,0.000000,0.000000,0.000000,0.000000,0.000000,0.000000,0.000000,0.000000,0,0,0,0,0
290,0,18.591590,0.424133,0.000000,0.000190,0.512743,2.253689,2.242876,0.085758,0.006419,11.307797,5.144216,1.244687,1.188439,0.000807,0.000298,1.972307,0.000329,0.673560,0.002241,0.624566,0.000000,0.000000,0.000000,0,0,0.000000,0.000000,0.000000,0.000000,0.000000,0.000000,0.000000,0.000000,0.000000,0.000000,0.000000,0.000000,0.000000,0.000000,0,0,0,0,0,0.000000,0.000000,0.000000,0.000000,0.000000,0.000000,0.000000,0.000000,0,0,0,0,0
291,0,18.412615,0.299967,0.000000,0.000210,0.509508,2.360318,2.349565,0.086504,0.006385,11.223833,5.027395,1.231191,1.174856,0.000766,0.000298,1.909095,0.000349,0.676212,0.002445,0.619378,0.000000,0.000000,0.000000,0,0,0.000000,0.000000,0.000000,0.000000,0.000000,0.000000,0.000000,0.000000,0.000000,0.000000,0.000000,0.000000,0.000000,0.000000,0,0,0,0,0,0.000000,0.000000,0.000000,0.000000,0.000000,0.000000,0.000000,0.000000,0,0,0,0,0
292,0,18.844479,0.426351,0.000000,0.000190,0.570869,2.182543,2.171851,0.126143,0.006426,11.179338,5.094791,1.241689,1.184031,0.000692,0.000305,2.366018,0.000349,0.635149,0.002350,0.668972,0.000000,0.000000,0.000000,0,0,0.000000,0.000000,0.000000,0.000000,0.000000,0.000000,0.000000,0.000000,0.000000,0.000000,0.000000,0.000000,0.000000,0.000000,0,0,0,0,0,0.000000,0.000000,0.000000,0.000000,0.000000,0.000000,0.000000,0.000000,0,0,0,0,0
293,0,18.480994,0.340400,0.000000,0.000210,0.513570,2.327128,2.316525,0.125309,0.006283,11.216020,5.168800,1.236196,1.178341,0.000746,0.000298,1.970218,0.000349,0.635766,0.002262,0.664951,0.000000,0.000000,0.000000,0,0,0.000000,0.000000,0.000000,0.000000,0.000000,0.000000,0.000000,0.000000,0.000000,0.000000,0.000000,0.000000,0.000000,0.000000,0,0,0,0,0,0.000000,0.000000,0.000000,0.000000,0.000000,0.000000,0.000000,0.000000,0,0,0,0,0
294,0,18.410804,0.425883,0.000000,0.000190,0.518663,2.252896,2.242204,0.085473,0.006833,11.096656,5.079553,1.225230,1.169817,0.000746,0.000298,1.971358,0.000349,0.675968,0.002302,0.625075,0.000000,0.000000,0.000000,0,0,0.000000,0.000000,0.000000,0.000000,0.000000,0.000000,0.000000,0.000000,0.000000,0.000000,0.000000,0.000000,0.000000,0.000000,0,0,0,0,0,0.000000,0.000000,0.000000,0.000000,0.000000,0.000000,0.000000,0.000000,0,0,0,0,0
295,0,18.341936,0.003771,0.000000,0.000190,0.457893,2.304206,2.293521,0.084944,0.007239,11.062497,5.100020,1.224457,1.168949,0.000766,0.000298,2.364560,0.000349,0.681970,0.002343,0.662408,0.000000,0.000000,0.000000,0,0,0.000000,0.000000,0.000000,0.000000,0.000000,0.000000,0.000000,0.000000,0.000000,0.000000,0.000000,0.000000,0.000000,0.000000,0,0,0,0,0,0.000000,0.000000,0.000000,0.000000,0.000000,0.000000,0.000000,0.000000,0,0,0,0,0
296,0,18.145857,0.088019,0.000000,0.000190,0.466994,2.272291,2.261614,0.126814,0.006337,11.256029,4.974165,1.248294,1.190603,0.000814,0.000305,1.932153,0.000349,0.639136,0.002275,0.664280,0.000000,0.000000,0.000000,0,0,0.000000,0.000000,0.000000,0.000000,0.000000,0.000000,0.000000,0.000000,0.000000,0.000000,0.000000,0.000000,0.000000,0.000000,0,0,0,0,0,0.000000,0.000000,0.000000,0.000000,0.000000,0.000000,0.000000,0.000000,0,0,0,0,0
297,0,18.594866,0.003730,0.000000,0.000170,0.457404,2.288622,2.277991,0.085229,0.007260,11.274350,5.095991,1.241614,1.183258,0.000712,0.000305,2.407094,0.000349,0.678667,0.002262,0.621067,0.000000,0.000000,0.000000,0,0,0.000000,0.000000,0.000000,0.000000,0.000000,0.000000,0.000000,0.000000,0.000000,0.000000,0.000000,0.000000,0.000000,0.000000,0,0,0,0,0,0.000000,0.000000,0.000000,0.000000,0.000000,0.000000,0.000000,0.000000,0,0,0,0,0
298,0,18.356930,0.435933,0.000000,0.000203,0.531365,2.214138,2.203406,0.085168,0.006426,11.142025,5.011485,1.226552,1.119714,0.000746,0.000298,1.924903,0.000349,0.679813,0.002404,0.669834,0.000000,0.000000,0.000000,0,0,0.000000,0.000000,0.000000,0.000000,0.000000,0.000000,0.000000,0.000000,0.000000,0.000000,0.000000,0.000000,0.000000,0.000000,0,0,0,0,0,0.000000,0.000000,0.000000,0.000000,0.000000,0.000000,0.000000,0.000000,0,0,0,0,0
299,0,18.685828,0.339383,0.000000,0.000210,0.540392,2.266127,2.255388,0.085514,0.006344,11.142310,5.099877,1.229930,1.173499,0.000807,0.000332,2.324595,0.000349,0.640588,0.002275,0.813565,0.000000,0.000000,0.000000,0,0,0.000000,0.000000,0.000000,0.000000,0.000000,0.000000,0.000000,0.000000,0.000000,0.000000,0.000000,0.000000,0.000000,0.000000,0,0,0,0,0,0.000000,0.000000,0.000000,0.000000,0.000000,0.000000,0.000000,0.000000,0,0,0,0,0
300,0,18.799293,0.426717,0.000000,0.000190,0.535061,2.250902,2.240455,0.085086,0.006358,11.168515,5.049299,1.208079,1.154443,0.000766,0.000298,2.335310,0.000349,0.672387,0.002282,0.619907,0.000000,0.000000,0.000000,0,0,0.000000,0.000000,0.000000,0.000000,0.000000,0.000000,0.000000,0.000000,0.000000,0.000000,0.000000,0.000000,0.000000,0.000000,0,0,0,0,0,0.000000,0.000000,0.000000,0.000000,0.000000,0.000000,0.000000,0.000000,0,0,0,0,0
301,0,18.411679,0.337097,0.000000,0.000210,0.469571,2.318122,2.267829,0.085758,0.006324,11.276984,5.040232,1.190325,1.133623,0.000746,0.000298,1.923072,0.000349,0.693770,0.002282,0.624200,0.000000,0.000000,0.000000,0,0,0.000000,0.000000,0.000000,0.000000,0.000000,0.000000,0.000000,0.000000,0.000000,0.000000,0.000000,0.000000,0.000000,0.000000,0,0,0,0,0,0.000000,0.000000,0.000000,0.000000,0.000000,0.000000,0.000000,0.000000,0,0,0,0,0
302,0,18.391334,0.088318,0.000000,0.000190,0.514981,2.202962,2.192135,0.085147,0.006439,11.182929,5.000871,1.193051,1.137800,0.000746,0.000298,2.332828,0.000349,0.674455,0.002302,0.679165,0.000000,0.000000,0.000000,0,0,0.000000,0.000000,0.000000,0.000000,0.000000,0.000000,0.000000,0.000000,0.000000,0.000000,0.000000,0.000000,0.000000,0.000000,0,0,0,0,0,0.000000,0.000000,0.000000,0.000000,0.000000,0.000000,0.000000,0.000000,0,0,0,0,0
303,0,18.330970,0.299466,0.000000,0.000210,0.510546,2.320808,2.309899,0.122596,0.006385,11.170732,5.080414,1.236806,1.179474,0.000766,0.000298,1.914025,0.000349,0.638872,0.002262,0.663974,0.000000,0.000000,0.000000,0,0,0.000000,0.000000,0.000000,0.000000,0.000000,0.000000,0.000000,0.000000,0.000000,0.000000,0.000000,0.000000,0.000000,0.000000,0,0,0,0,0,0.000000,0.000000,0.000000,0.000000,0.000000,0.000000,0.000000,0.000000,0,0,0,0,0
304,0,18.326596,0.425659,0.000000,0.000190,0.570116,2.205295,2.194583,0.086022,0.006337,11.090729,5.124705,1.235369,1.141869,0.000766,0.000298,1.920549,0.000349,0.675724,0.002424,0.651503,0.000000,0.000000,0.000000,0,0,0.000000,0.000000,0.000000,0.000000,0.000000,0.000000,0.000000,0.000000,0.000000,0.000000,0.000000,0.000000,0.000000,0.000000,0,0,0,0,0,0.000000,0.000000,0.000000,0.000000,0.000000,0.000000,0.000000,0.000000,0,0,0,0,0
305,0,18.430498,0.003832,0.000000,0.000197,0.509915,2.303799,2.293189,0.084883,0.006297,11.160509,5.072615,1.277686,1.217519,0.000712,0.000305,2.337338,0.000349,0.635542,0.002262,0.691623,0.000000,0.000000,0.000000,0,0,0.000000,0.000000,0.000000,0.000000,0.000000,0.000000,0.000000,0.000000,0.000000,0.000000,0.000000,0.000000,0.000000,0.000000,0,0,0,0,0,0.000000,0.000000,0.000000,0.000000,0.000000,0.000000,0.000000,0.000000,0,0,0,0,0
306,0,18.488237,0.428562,0.000000,0.000197,0.576850,2.274421,2.263689,0.085270,0.006365,11.160824,5.031247,1.242828,1.183909,0.000712,0.000305,1.967275,0.000349,0.636702,0.002384,0.664768,0.000000,0.000000,0.000000,0,0,0.000000,0.000000,0.000000,0.000000,0.000000,0.000000,0.000000,0.000000,0.000000,0.000000,0.000000,0.000000,0.000000,0.000000,0,0,0,0,0,0.000000,0.000000,0.000000,0.000000,0.000000,0.000000,0.000000,0.000000,0,0,0,0,0
307,0,18.304060,0.342333,0.000000,0.000210,0.524584,2.173164,2.162615,0.085737,0.006324,11.178697,5.011939,1.194800,1.141056,0.000746,0.000298,2.006446,0.000349,0.681746,0.002241,0.624444,0.000000,0.000000,0.000000,0,0,0.000000,0.000000,0.000000,0.000000,0.000000,0.000000,0.000000,0.000000,0.000000,0.000000,0.000000,0.000000,0.000000,0.000000,0,0,0,0,0,0.000000,0.000000,0.000000,0.000000,0.000000,0.000000,0.000000,0.000000,0,0,0,0,0
308,0,18.405982,0.460571,0.000000,0.000197,0.515856,2.271532,2.260779,0.084707,0.006690,11.051246,5.056705,1.226003,1.170902,0.000766,0.000298,1.961165,0.000349,0.676151,0.002282,0.622755,0.000000,0.000000,0.000000,0,0,0.000000,0.000000,0.000000,0.000000,0.000000,0.000000,0.000000,0.000000,0.000000,0.000000,0.000000,0.000000,0.000000,0.000000,0,0,0,0,0,0.000000,0.000000,0.000000,0.000000,0.000000,0.000000,0.000000,0.000000,0,0,0,0,0
309,0,18.770647,0.339335,0.000000,0.000210,0.557176,2.284627,2.274024,0.085025,0.006276,11.115333,5.094167,1.271311,1.139699,0.000766,0.000298,2.324832,0.000349,0.675805,0.002282,0.659763,0.000000,0.000000,0.000000,0,0,0.000000,0.000000,0.000000,0.000000,0.000000,0.000000,0.000000,0.000000,0.000000,0.000000,0.000000,0.000000,0.000000,0.000000,0,0,0,0,0,0.000000,0.000000,0.000000,0.000000,0.000000,0.000000,0.000000,0.000000,0,0,0,0,0
310,0,18.798581,0.425191,0.000000,0.000190,0.532579,2.241177,2.230384,0.085229,0.006317,11.092872,5.119700,1.228872,1.137200,0.000746,0.000298,2.397281,0.000370,0.678084,0.002404,0.617710,0.000000,0.000000,0.000000,0,0,0.000000,0.000000,0.000000,0.000000,0.000000,0.000000,0.000000,0.000000,0.000000,0.000000,0.000000,0.000000,0.000000,0.000000,0,0,0,0,0,0.000000,0.000000,0.000000,0.000000,0.000000,0.000000,0.000000,0.000000,0,0,0,0,0
311,0,18.293698,0.374396,0.000000,0.000210,0.508694,2.248135,2.237525,0.085839,0.006439,11.184486,5.045454,1.227488,1.170787,0.000746,0.000298,1.874936,0.000349,0.672672,0.002282,0.664056,0.000000,0.000000,0.000000,0,0,0.000000,0.000000,0.000000,0.000000,0.000000,0.000000,0.000000,0.000000,0.000000,0.000000,0.000000,0.000000,0.000000,0.000000,0,0,0,0,0,0.000000,0.000000,0.000000,0.000000,0.000000,0.000000,0.000000,0.000000,0,0,0,0,0
312,0,18.738054,0.422987,0.000000,0.000197,0.569383,2.221436,2.210812,0.085331,0.006344,11.120622,5.059435,1.229970,1.172794,0.000746,0.000298,2.333561,0.000342,0.638065,0.002241,0.707086,0.000000,0.000000,0.000000,0,0,0.000000,0.000000,0.000000,0.000000,0.000000,0.000000,0.000000,0.000000,0.000000,0.000000,0.000000,0.000000,0.000000,0.000000,0,0,0,0,0,0.000000,0.000000,0.000000,0.000000,0.000000,0.000000,0.000000,0.000000,0,0,0,0,0
313,0,18.762834,0.299364,0.000000,0.000210,0.506293,2.332709,2.322079,0.086083,0.006385,11.198198,5.050571,1.228607,1.172319,0.000766,0.000298,2.356896,0.000349,0.637780,0.002282,0.617343,0.000000,0.000000,0.000000,0,0,0.000000,0.000000,0.000000,0.000000,0.000000,0.000000,0.000000,0.000000,0.000000,0.000000,0.000000,0.000000,0.000000,0.000000,0,0,0,0,0,0.000000,0.000000,0.000000,0.000000,0.000000,0.000000,0.000000,0.000000,0,0,0,0,0
314,0,18.499915,0.423706,0.000000,0.000190,0.513882,2.260342,2.249651,0.085086,0.006385,11.218380,5.056691,1.226064,1.170298,0.000726,0.000298,1.991547,0.000349,0.664147,0.002323,0.621901,0.000000,0.000000,0.000000,0,0,0.000000,0.000000,0.000000,0.000000,0.000000,0.000000,0.000000,0.000000,0.000000,0.000000,0.000000,0.000000,0.000000,0.000000,0,0,0,0,0,0.000000,0.000000,0.000000,0.000000,0.000000,0.000000,0.000000,0.000000,0,0,0,0,0
315,0,18.291602,0.003689,0.000000,0.000163,0.497504,2.260769,2.249936,0.086205,0.006405,11.138282,5.065501,1.228790,1.138428,0.000746,0.000298,2.320499,0.000370,0.639428,0.002323,0.693312,0.000000,0.000000,0.000000,0,0,0.000000,0.000000,0.000000,0.000000,0.000000,0.000000,0.000000,0.000000,0.000000,0.000000,0.000000,0.000000,0.000000,0.000000,0,0,0,0,0,0.000000,0.000000,0.000000,0.000000,0.000000,0.000000,0.000000,0.000000,0,0,0,0,0
316,0,18.086992,0.087355,0.000000,0.000197,0.463406,2.269151,2.258542,0.128889,0.006344,11.198992,5.112450,1.300045,1.239648,0.000827,0.000359,1.885718,0.000349,0.636593,0.002282,0.678379,0.000000,0.000000,0.000000,0,0,0.000000,0.000000,0.000000,0.000000,0.000000,0.000000,0.000000,0.000000,0.000000,0.000000,0.000000,0.000000,0.000000,0.000000,0,0,0,0,0,0.000000,0.000000,0.000000,0.000000,0.000000,0.000000,0.000000,0.000000,0,0,0,0,0
317,0,18.377302,0.342617,0.000000,0.000210,0.511047,2.312866,2.302222,0.087121,0.006399,11.223385,5.179569,1.242605,1.183862,0.000712,0.000305,1.901276,0.000349,0.640581,0.002343,0.683241,0.000000,0.000000,0.000000,0,0,0.000000,0.000000,0.000000,0.000000,0.000000,0.000000,0.000000,0.000000,0.000000,0.000000,0.000000,0.000000,0.000000,0.000000,0,0,0,0,0,0.000000,0.000000,0.000000,0.000000,0.000000,0.000000,0.000000,0.000000,0,0,0,0,0
318,0,18.826643,0.388529,0.000000,0.000190,0.550157,2.264838,2.254066,0.088220,0.006399,11.195228,5.102698,1.259674,1.177629,0.000726,0.000298,2.329898,0.000349,0.633345,0.002262,0.629144,0.000000,0.000000,0.000000,0,0,0.000000,0.000000,0.000000,0.000000,0.000000,0.000000,0.000000,0.000000,0.000000,0.000000,0.000000,0.000000,0.000000,0.000000,0,0,0,0,0,0.000000,0.000000,0.000000,0.000000,0.000000,0.000000,0.000000,0.000000,0,0,0,0,0
319,0,18.039018,0.003750,0.000000,0.000170,0.447659,2.285529,2.274818,0.085961,0.006487,11.192288,5.040324,1.254066,1.195526,0.000848,0.000461,1.934330,0.000329,0.718143,0.002282,0.616570,0.000000,0.000000,0.000000,0,0,0.000000,0.000000,0.000000,0.000000,0.000000,0.000000,0.000000,0.000000,0.000000,0.000000,0.000000,0.000000,0.000000,0.000000,0,0,0,0,0,0.000000,0.000000,0.000000,0.000000,0.000000,0.000000,0.000000,0.000000,0,0,0,0,0
320,0,18.154965,0.126587,0.000000,0.000190,0.415005,2.294603,2.284034,0.085310,0.006439,11.268653,5.028863,1.230031,1.173852,0.000766,0.000298,1.905419,0.000349,0.712060,0.002343,0.618381,0.000000,0.000000,0.000000,0,0,0.000000,0.000000,0.000000,0.000000,0.000000,0.000000,0.000000,0.000000,0.000000,0.000000,0.000000,0.000000,0.000000,0.000000,0,0,0,0,0,0.000000,0.000000,0.000000,0.000000,0.000000,0.000000,0.000000,0.000000,0,0,0,0,0
321,0,18.311520,0.342753,0.000000,0.000210,0.559333,2.232734,2.222022,0.085412,0.008135,11.086999,5.067793,1.234833,1.177633,0.000766,0.000298,1.973501,0.000349,0.636946,0.002275,0.664381,0.000000,0.000000,0.000000,0,0,0.000000,0.000000,0.000000,0.000000,0.000000,0.000000,0.000000,0.000000,0.000000,0.000000,0.000000,0.000000,0.000000,0.000000,0,0,0,0,0,0.000000,0.000000,0.000000,0.000000,0.000000,0.000000,0.000000,0.000000,0,0,0,0,0
322,0,18.876604,0.428609,0.000000,0.000190,0.513272,2.309821,2.259969,0.125675,0.006337,11.063982,5.045020,1.266632,1.208764,0.000746,0.000298,2.416650,0.000390,0.635278,0.002282,0.668186,0.000000,0.000000,0.000000,0,0,0.000000,0.000000,0.000000,0.000000,0.000000,0.000000,0.000000,0.000000,0.000000,0.000000,0.000000,0.000000,0.000000,0.000000,0,0,0,0,0,0.000000,0.000000,0.000000,0.000000,0.000000,0.000000,0.000000,0.000000,0,0,0,0,0
323,0,18.360524,0.342400,0.000000,0.000210,0.533678,2.183397,2.172767,0.085493,0.006297,11.215339,5.105153,1.195370,1.141090,0.000746,0.000298,2.006568,0.000349,0.681502,0.002241,0.622877,0.000000,0.000000,0.000000,0,0,0.000000,0.000000,0.000000,0.000000,0.000000,0.000000,0.000000,0.000000,0.000000,0.000000,0.000000,0.000000,0.000000,0.000000,0,0,0,0,0,0.000000,0.000000,0.000000,0.000000,0.000000,0.000000,0.000000,0.000000,0,0,0,0,0
324,0,18.614885,0.127353,0.000000,0.000197,0.460965,2.282152,2.271420,0.125736,0.006378,11.186893,5.107405,1.244904,1.152740,0.000712,0.000305,2.394745,0.000349,0.676734,0.002323,0.663242,0.000000,0.000000,0.000000,0,0,0.000000,0.000000,0.000000,0.000000,0.000000,0.000000,0.000000,0.000000,0.000000,0.000000,0.000000,0.000000,0.000000,0.000000,0,0,0,0,0,0.000000,0.000000,0.000000,0.000000,0.000000,0.000000,0.000000,0.000000,0,0,0,0,0
325,0,18.375627,0.004015,0.000000,0.000163,0.456184,2.317817,2.307105,0.085649,0.006466,11.070329,5.049069,1.226532,1.127709,0.000726,0.000298,2.416602,0.000349,0.640710,0.002282,0.665602,0.000000,0.000000,0.000000,0,0,0.000000,0.000000,0.000000,0.000000,0.000000,0.000000,0.000000,0.000000,0.000000,0.000000,0.000000,0.000000,0.000000,0.000000,0,0,0,0,0,0.000000,0.000000,0.000000,0.000000,0.000000,0.000000,0.000000,0.000000,0,0,0,0,0
326,0,18.165571,0.087613,0.000000,0.000190,0.462796,2.268236,2.257687,0.126204,0.006297,11.256273,5.170061,1.266829,1.207157,0.000814,0.000617,1.902788,0.000349,0.677738,0.002262,0.658013,0.000000,0.000000,0.000000,0,0,0.000000,0.000000,0.000000,0.000000,0.000000,0.000000,0.000000,0.000000,0.000000,0.000000,0.000000,0.000000,0.000000,0.000000,0,0,0,0,0,0.000000,0.000000,0.000000,0.000000,0.000000,0.000000,0.000000,0.000000,0,0,0,0,0
327,0,18.549700,0.003730,0.000000,0.000163,0.455858,2.282477,2.271929,0.085493,0.007239,11.257016,5.160868,1.234772,1.177290,0.000773,0.000332,2.397217,0.000329,0.675012,0.002282,0.620273,0.000000,0.000000,0.000000,0,0,0.000000,0.000000,0.000000,0.000000,0.000000,0.000000,0.000000,0.000000,0.000000,0.000000,0.000000,0.000000,0.000000,0.000000,0,0,0,0,0,0.000000,0.000000,0.000000,0.000000,0.000000,0.000000,0.000000,0.000000,0,0,0,0,0
328,0,18.414995,0.452006,0.000000,0.000190,0.537462,2.258063,2.247413,0.085432,0.008175,11.128649,5.001807,1.194353,1.139181,0.000766,0.000298,1.962568,0.000349,0.637149,0.002275,0.655124,0.000000,0.000000,0.000000,0,0,0.000000,0.000000,0.000000,0.000000,0.000000,0.000000,0.000000,0.000000,0.000000,0.000000,0.000000,0.000000,0.000000,0.000000,0,0,0,0,0,0.000000,0.000000,0.000000,0.000000,0.000000,0.000000,0.000000,0.000000,0,0,0,0,0
329,0,19.351525,0.302680,0.000000,0.000210,0.518480,2.276069,2.265439,0.126102,0.006256,11.085771,5.056671,1.968475,0.950528,0.000766,0.000298,2.324093,0.000349,0.633928,0.002262,0.694065,0.000000,0.000000,0.000000,0,0,0.000000,0.000000,0.000000,0.000000,0.000000,0.000000,0.000000,0.000000,0.000000,0.000000,0.000000,0.000000,0.000000,0.000000,0,0,0,0,0,0.000000,0.000000,0.000000,0.000000,0.000000,0.000000,0.000000,0.000000,0,0,0,0,0
330,0,18.484351,0.424072,0.000000,0.000190,0.518426,2.296516,2.285743,0.085473,0.006426,11.178789,4.933536,1.227651,1.171621,0.000746,0.000298,1.998959,0.000349,0.637210,0.002262,0.625543,0.000000,0.000000,0.000000,0,0,0.000000,0.000000,0.000000,0.000000,0.000000,0.000000,0.000000,0.000000,0.000000,0.000000,0.000000,0.000000,0.000000,0.000000,0,0,0,0,0,0.000000,0.000000,0.000000,0.000000,0.000000,0.000000,0.000000,0.000000,0,0,0,0,0
331,0,18.834449,0.340678,0.000000,0.000210,0.503018,2.292426,2.281755,0.085778,0.006419,11.260454,5.096863,1.226329,1.170163,0.000746,0.000298,2.348514,0.000349,0.660153,0.002323,0.656731,0.000000,0.000000,0.000000,0,0,0.000000,0.000000,0.000000,0.000000,0.000000,0.000000,0.000000,0.000000,0.000000,0.000000,0.000000,0.000000,0.000000,0.000000,0,0,0,0,0,0.000000,0.000000,0.000000,0.000000,0.000000,0.000000,0.000000,0.000000,0,0,0,0,0
332,0,18.493079,0.387838,0.000000,0.000190,0.591478,2.292976,2.282223,0.086388,0.006337,11.180620,5.131565,1.235891,1.142687,0.000746,0.000298,1.924320,0.000349,0.676761,0.002323,0.639153,0.000000,0.000000,0.000000,0,0,0.000000,0.000000,0.000000,0.000000,0.000000,0.000000,0.000000,0.000000,0.000000,0.000000,0.000000,0.000000,0.000000,0.000000,0,0,0,0,0,0.000000,0.000000,0.000000,0.000000,0.000000,0.000000,0.000000,0.000000,0,0,0,0,0
333,0,18.505246,0.301337,0.000000,0.000312,0.512865,2.342150,2.331641,0.085836,0.006215,11.245175,4.948117,1.229428,1.173174,0.000746,0.000298,1.951792,0.000349,0.680545,0.002262,0.619154,0.000000,0.000000,0.000000,0,0,0.000000,0.000000,0.000000,0.000000,0.000000,0.000000,0.000000,0.000000,0.000000,0.000000,0.000000,0.000000,0.000000,0.000000,0,0,0,0,0,0.000000,0.000000,0.000000,0.000000,0.000000,0.000000,0.000000,0.000000,0,0,0,0,0
334,0,18.548336,0.387777,0.000000,0.000197,0.509630,2.283671,2.272688,0.086422,0.006378,11.231991,5.130164,1.243134,1.184574,0.000712,0.000346,1.965912,0.000349,0.722395,0.002323,0.622165,0.000000,0.000000,0.000000,0,0,0.000000,0.000000,0.000000,0.000000,0.000000,0.000000,0.000000,0.000000,0.000000,0.000000,0.000000,0.000000,0.000000,0.000000,0,0,0,0,0,0.000000,0.000000,0.000000,0.000000,0.000000,0.000000,0.000000,0.000000,0,0,0,0,0
335,0,18.412065,0.372504,0.000000,0.000210,0.515286,2.278225,2.267615,0.125105,0.006283,11.218184,5.076372,1.223582,1.166189,0.000827,0.000332,1.929270,0.000363,0.633094,0.002262,0.702528,0.000000,0.000000,0.000000,0,0,0.000000,0.000000,0.000000,0.000000,0.000000,0.000000,0.000000,0.000000,0.000000,0.000000,0.000000,0.000000,0.000000,0.000000,0,0,0,0,0,0.000000,0.000000,0.000000,0.000000,0.000000,0.000000,0.000000,0.000000,0,0,0,0,0
336,0,18.885685,0.427741,0.000000,0.000190,0.563992,2.299934,2.289385,0.086124,0.006507,11.166714,5.027941,1.260868,1.202111,0.000814,0.000475,2.330082,0.000349,0.633419,0.002262,0.664056,0.000000,0.000000,0.000000,0,0,0.000000,0.000000,0.000000,0.000000,0.000000,0.000000,0.000000,0.000000,0.000000,0.000000,0.000000,0.000000,0.000000,0.000000,0,0,0,0,0,0.000000,0.000000,0.000000,0.000000,0.000000,0.000000,0.000000,0.000000,0,0,0,0,0
337,0,18.482744,0.003689,0.000000,0.000163,0.456041,2.315274,2.304582,0.086368,0.006460,11.188677,5.189348,1.265276,1.205570,0.000956,0.000393,2.411943,0.000349,0.638811,0.002262,0.663181,0.000000,0.000000,0.000000,0,0,0.000000,0.000000,0.000000,0.000000,0.000000,0.000000,0.000000,0.000000,0.000000,0.000000,0.000000,0.000000,0.000000,0.000000,0,0,0,0,0,0.000000,0.000000,0.000000,0.000000,0.000000,0.000000,0.000000,0.000000,0,0,0,0,0
338,0,18.058204,0.126458,0.000000,0.000197,0.446560,2.274604,2.263892,0.085412,0.006378,11.223985,4.963396,1.240740,1.182526,0.000692,0.000305,1.905714,0.000349,0.638879,0.002262,0.708991,0.000000,0.000000,0.000000,0,0,0.000000,0.000000,0.000000,0.000000,0.000000,0.000000,0.000000,0.000000,0.000000,0.000000,0.000000,0.000000,0.000000,0.000000,0,0,0,0,0,0.000000,0.000000,0.000000,0.000000,0.000000,0.000000,0.000000,0.000000,0,0,0,0,0
339,0,18.412330,0.003893,0.000000,0.000163,0.453993,2.292019,2.281308,0.125736,0.006276,11.178708,5.117550,1.234344,1.177121,0.000766,0.000298,2.373071,0.000349,0.633976,0.002241,0.667026,0.000000,0.000000,0.000000,0,0,0.000000,0.000000,0.000000,0.000000,0.000000,0.000000,0.000000,0.000000,0.000000,0.000000,0.000000,0.000000,0.000000,0.000000,0,0,0,0,0,0.000000,0.000000,0.000000,0.000000,0.000000,0.000000,0.000000,0.000000,0,0,0,0,0
340,0,18.554745,0.087443,0.000000,0.000190,0.454454,2.312812,2.302121,0.086551,0.006439,11.259650,5.183672,1.240726,1.183400,0.000712,0.000305,2.358042,0.000342,0.639448,0.002262,0.663547,0.000000,0.000000,0.000000,0,0,0.000000,0.000000,0.000000,0.000000,0.000000,0.000000,0.000000,0.000000,0.000000,0.000000,0.000000,0.000000,0.000000,0.000000,0,0,0,0,0,0.000000,0.000000,0.000000,0.000000,0.000000,0.000000,0.000000,0.000000,0,0,0,0,0
341,0,17.985416,0.003879,0.000000,0.000163,0.468675,2.349331,2.338620,0.086388,0.006460,11.166663,5.082835,1.242001,1.184703,0.000848,0.000400,1.912940,0.000349,0.637916,0.002262,0.662204,0.000000,0.000000,0.000000,0,0,0.000000,0.000000,0.000000,0.000000,0.000000,0.000000,0.000000,0.000000,0.000000,0.000000,0.000000,0.000000,0.000000,0.000000,0,0,0,0,0,0.000000,0.000000,0.000000,0.000000,0.000000,0.000000,0.000000,0.000000,0,0,0,0,0
342,0,18.529131,0.087891,0.000000,0.000190,0.490790,2.293179,2.282474,0.085554,0.006324,11.221737,5.036184,1.263072,1.205855,0.000827,0.000461,2.336165,0.000404,0.634396,0.002262,0.653069,0.000000,0.000000,0.000000,0,0,0.000000,0.000000,0.000000,0.000000,0.000000,0.000000,0.000000,0.000000,0.000000,0.000000,0.000000,0.000000,0.000000,0.000000,0,0,0,0,0,0.000000,0.000000,0.000000,0.000000,0.000000,0.000000,0.000000,0.000000,0,0,0,0,0
343,0,18.000139,0.003872,0.000000,0.000163,0.454007,2.322313,2.311785,0.151330,0.006297,11.103044,5.076419,1.272858,1.176822,0.000746,0.000298,1.942366,0.000349,0.633745,0.002350,0.622382,0.000000,0.000000,0.000000,0,0,0.000000,0.000000,0.000000,0.000000,0.000000,0.000000,0.000000,0.000000,0.000000,0.000000,0.000000,0.000000,0.000000,0.000000,0,0,0,0,0,0.000000,0.000000,0.000000,0.000000,0.000000,0.000000,0.000000,0.000000,0,0,0,0,0
344,0,18.066817,0.087775,0.000000,0.000190,0.461188,2.261339,2.250871,0.126692,0.006215,11.158932,5.212206,1.233368,1.175785,0.000746,0.000298,1.961572,0.000349,0.659624,0.002262,0.661777,0.000000,0.000000,0.000000,0,0,0.000000,0.000000,0.000000,0.000000,0.000000,0.000000,0.000000,0.000000,0.000000,0.000000,0.000000,0.000000,0.000000,0.000000,0,0,0,0,0,0.000000,0.000000,0.000000,0.000000,0.000000,0.000000,0.000000,0.000000,0,0,0,0,0
345,0,18.769894,0.339457,0.000000,0.000210,0.512804,2.289456,2.278846,0.085066,0.006385,11.182115,5.047299,1.195635,1.140622,0.000746,0.000298,2.353092,0.000349,0.695452,0.002343,0.617181,0.000000,0.000000,0.000000,0,0,0.000000,0.000000,0.000000,0.000000,0.000000,0.000000,0.000000,0.000000,0.000000,0.000000,0.000000,0.000000,0.000000,0.000000,0,0,0,0,0,0.000000,0.000000,0.000000,0.000000,0.000000,0.000000,0.000000,0.000000,0,0,0,0,0
346,0,18.368974,0.423645,0.000000,0.000190,0.567376,2.192288,2.181515,0.085595,0.006297,11.142717,5.094879,1.233042,1.175541,0.000746,0.000298,1.930396,0.000349,0.677372,0.002282,0.631605,0.000000,0.000000,0.000000,0,0,0.000000,0.000000,0.000000,0.000000,0.000000,0.000000,0.000000,0.000000,0.000000,0.000000,0.000000,0.000000,0.000000,0.000000,0,0,0,0,0,0.000000,0.000000,0.000000,0.000000,0.000000,0.000000,0.000000,0.000000,0,0,0,0,0
347,0,18.401343,0.335069,0.000000,0.000210,0.509996,2.321316,2.310767,0.085480,0.006487,11.213508,5.018016,1.192847,1.136254,0.000746,0.000298,1.984372,0.000349,0.641666,0.002302,0.623223,0.000000,0.000000,0.000000,0,0,0.000000,0.000000,0.000000,0.000000,0.000000,0.000000,0.000000,0.000000,0.000000,0.000000,0.000000,0.000000,0.000000,0.000000,0,0,0,0,0,0.000000,0.000000,0.000000,0.000000,0.000000,0.000000,0.000000,0.000000,0,0,0,0,0
348,0,18.489376,0.424798,0.000000,0.000197,0.517809,2.280789,2.270342,0.085710,0.006399,11.198320,5.117537,1.227834,1.172984,0.000766,0.000298,1.997067,0.000349,0.640628,0.002262,0.624342,0.000000,0.000000,0.000000,0,0,0.000000,0.000000,0.000000,0.000000,0.000000,0.000000,0.000000,0.000000,0.000000,0.000000,0.000000,0.000000,0.000000,0.000000,0,0,0,0,0,0.000000,0.000000,0.000000,0.000000,0.000000,0.000000,0.000000,0.000000,0,0,0,0,0
349,0,19.403337,0.342190,0.000000,0.000210,0.504788,2.319648,2.309038,1.950782,0.011088,6.010627,4.879256,1.227434,1.171112,0.000746,0.000298,2.382633,0.000342,0.673506,0.002445,0.733554,0.000000,0.000000,0.000000,0,0,0.000000,0.000000,0.000000,0.000000,0.000000,0.000000,0.000000,0.000000,0.000000,0.000000,0.000000,0.000000,0.000000,0.000000,0,0,0,0,0,0.000000,0.000000,0.000000,0.000000,0.000000,0.000000,0.000000,0.000000,0,0,0,0,0
350,0,18.509749,0.387641,0.000000,0.000190,0.556139,2.288405,2.239804,0.086338,0.006297,11.217038,5.054772,1.235667,1.142995,0.000766,0.000298,1.935645,0.000329,0.679487,0.002323,0.657220,0.000000,0.000000,0.000000,0,0,0.000000,0.000000,0.000000,0.000000,0.000000,0.000000,0.000000,0.000000,0.000000,0.000000,0.000000,0.000000,0.000000,0.000000,0,0,0,0,0,0.000000,0.000000,0.000000,0.000000,0.000000,0.000000,0.000000,0.000000,0,0,0,0,0
351,0,19.324297,0.301534,0.000000,0.000210,0.512946,2.314440,2.303789,2.006080,0.011112,5.941488,5.055796,1.270972,1.211768,0.000766,0.000298,2.321821,0.000349,0.634769,0.002282,0.698032,0.000000,0.000000,0.000000,0,0,0.000000,0.000000,0.000000,0.000000,0.000000,0.000000,0.000000,0.000000,0.000000,0.000000,0.000000,0.000000,0.000000,0.000000,0,0,0,0,0,0.000000,0.000000,0.000000,0.000000,0.000000,0.000000,0.000000,0.000000,0,0,0,0,0
352,0,18.550880,0.123027,0.000000,0.000190,0.413235,2.272610,2.222968,0.086182,0.006419,11.248240,5.004188,1.272376,1.140106,0.000746,0.000298,2.337833,0.000342,0.674442,0.002282,0.716458,0.000000,0.000000,0.000000,0,0,0.000000,0.000000,0.000000,0.000000,0.000000,0.000000,0.000000,0.000000,0.000000,0.000000,0.000000,0.000000,0.000000,0.000000,0,0,0,0,0,0.000000,0.000000,0.000000,0.000000,0.000000,0.000000,0.000000,0.000000,0,0,0,0,0
353,0,18.555871,0.003940,0.000000,0.000163,0.451870,2.321710,2.310950,1.994910,0.010949,5.914415,5.005815,1.235016,1.178470,0.000746,0.000298,1.921363,0.000349,0.675561,0.002302,0.615289,0.000000,0.000000,0.000000,0,0,0.000000,0.000000,0.000000,0.000000,0.000000,0.000000,0.000000,0.000000,0.000000,0.000000,0.000000,0.000000,0.000000,0.000000,0,0,0,0,0,0.000000,0.000000,0.000000,0.000000,0.000000,0.000000,0.000000,0.000000,0,0,0,0,0
354,0,18.527584,0.087687,0.000000,0.000190,0.506477,2.232815,2.222144,0.085090,0.008094,11.105852,5.032928,1.306061,1.247616,0.000827,0.000298,2.399696,0.000349,0.637963,0.002302,0.670403,0.000000,0.000000,0.000000,0,0,0.000000,0.000000,0.000000,0.000000,0.000000,0.000000,0.000000,0.000000,0.000000,0.000000,0.000000,0.000000,0.000000,0.000000,0,0,0,0,0,0.000000,0.000000,0.000000,0.000000,0.000000,0.000000,0.000000,0.000000,0,0,0,0,0
355,0,18.556658,0.003852,0.000000,0.000163,0.482673,2.267605,2.257117,2.002641,0.010946,5.967475,4.951592,1.241208,1.182960,0.000712,0.000305,1.945479,0.000465,0.679725,0.002282,0.660984,0.000000,0.000000,0.000000,0,0,0.000000,0.000000,0.000000,0.000000,0.000000,0.000000,0.000000,0.000000,0.000000,0.000000,0.000000,0.000000,0.000000,0.000000,0,0,0,0,0,0.000000,0.000000,0.000000,0.000000,0.000000,0.000000,0.000000,0.000000,0,0,0,0,0
356,0,18.453956,0.088169,0.000000,0.000197,0.457893,2.324327,2.313738,0.084941,0.006466,11.176734,5.144413,1.248145,1.190657,0.000888,0.000400,2.318749,0.000349,0.632165,0.002363,0.658847,0.000000,0.000000,0.000000,0,0,0.000000,0.000000,0.000000,0.000000,0.000000,0.000000,0.000000,0.000000,0.000000,0.000000,0.000000,0.000000,0.000000,0.000000,0,0,0,0,0,0.000000,0.000000,0.000000,0.000000,0.000000,0.000000,0.000000,0.000000,0,0,0,0,0
357,0,18.516422,0.003771,0.000000,0.000190,0.459215,2.279914,2.269324,2.013872,0.011013,5.985318,5.056210,1.243568,1.185849,0.000692,0.000305,1.932485,0.000349,0.636410,0.002262,0.660699,0.000000,0.000000,0.000000,0,0,0.000000,0.000000,0.000000,0.000000,0.000000,0.000000,0.000000,0.000000,0.000000,0.000000,0.000000,0.000000,0.000000,0.000000,0,0,0,0,0,0.000000,0.000000,0.000000,0.000000,0.000000,0.000000,0.000000,0.000000,0,0,0,0,0
358,0,18.555213,0.088135,0.000000,0.000190,0.456611,2.293850,2.283200,0.085300,0.006297,11.245297,5.145013,1.246674,1.188290,0.000692,0.000305,2.371307,0.000349,0.645647,0.002275,0.658644,0.000000,0.000000,0.000000,0,0,0.000000,0.000000,0.000000,0.000000,0.000000,0.000000,0.000000,0.000000,0.000000,0.000000,0.000000,0.000000,0.000000,0.000000,0,0,0,0,0,0.000000,0.000000,0.000000,0.000000,0.000000,0.000000,0.000000,0.000000,0,0,0,0,0
359,0,18.533105,0.003771,0.000000,0.000224,0.494269,2.256070,2.245161,2.037411,0.010342,5.905077,4.981635,1.281023,1.187761,0.000712,0.000305,1.899540,0.000349,0.634579,0.002363,0.635003,0.000000,0.000000,0.000000,0,0,0.000000,0.000000,0.000000,0.000000,0.000000,0.000000,0.000000,0.000000,0.000000,0.000000,0.000000,0.000000,0.000000,0.000000,0,0,0,0,0,0.000000,0.000000,0.000000,0.000000,0.000000,0.000000,0.000000,0.000000,0,0,0,0,0
360,1,18.440752,0.426839,0.000000,0.000190,0.571459,2.233955,2.223121,0.084920,0.007992,11.085242,5.128571,1.226959,1.171051,0.000746,0.000298,2.009830,0.000349,0.636410,0.002262,0.624078,0.000000,0.000000,0.000000,0,0,0.000000,0.000000,0.000000,0.000000,0.000000,0.000000,0.000000,0.000000,0.000000,0.000000,0.000000,0.000000,0.000000,0.000000,0,0,0,0,0,0.000000,0.000000,0.000000,0.000000,0.000000,0.000000,0.000000,0.000000,0,0,0,0,0
361,1,18.925269,0.340725,0.000000,0.000210,0.510362,2.286669,2.275794,1.983517,0.010847,5.950283,5.049757,1.239343,1.149180,0.000712,0.000305,1.991987,0.000410,0.640303,0.002282,0.622613,0.000000,0.000000,0.000000,0,0,0.000000,0.000000,0.000000,0.000000,0.000000,0.000000,0.000000,0.000000,0.000000,0.000000,0.000000,0.000000,0.000000,0.000000,0,0,0,0,0,0.000000,0.000000,0.000000,0.000000,0.000000,0.000000,0.000000,0.000000,0,0,0,0,0
362,1,17.939124,0.126750,0.000000,0.000190,0.469937,2.230882,2.220191,0.085347,0.008053,11.053677,5.107052,1.198564,1.140523,0.000766,0.000298,1.967119,0.000451,0.641463,0.002282,0.661085,0.000000,0.000000,0.000000,0,0,0.000000,0.000000,0.000000,0.000000,0.000000,0.000000,0.000000,0.000000,0.000000,0.000000,0.000000,0.000000,0.000000,0.000000,0,0,0,0,0,0.000000,0.000000,0.000000,0.000000,0.000000,0.000000,0.000000,0.000000,0,0,0,0,0
363,1,18.902490,0.003737,0.000000,0.000190,0.471483,2.308275,2.297401,1.986142,0.010691,5.922228,4.990594,1.243568,1.152144,0.000746,0.000298,2.335737,0.000349,0.672672,0.002323,0.659743,0.000000,0.000000,0.000000,0,0,0.000000,0.000000,0.000000,0.000000,0.000000,0.000000,0.000000,0.000000,0.000000,0.000000,0.000000,0.000000,0.000000,0.000000,0,0,0,0,0,0.000000,0.000000,0.000000,0.000000,0.000000,0.000000,0.000000,0.000000,0,0,0,0,0
364,1,19.982052,0.388387,0.000000,0.000190,0.512295,2.346910,2.336239,0.083313,0.006195,11.127641,5.017812,1.225128,1.134494,0.000888,0.000298,2.351017,0.000349,0.716129,0.002282,0.617791,0.000000,0.000000,0.000000,0,0,0.000000,0.000000,0.000000,0.000000,0.000000,0.000000,0.000000,0.000000,0.000000,0.000000,0.000000,0.000000,0.000000,0.000000,0,0,0,0,0,0.000000,0.000000,0.000000,0.000000,0.000000,0.000000,0.000000,0.000000,0,0,0,0,0
365,1,18.290280,0.302043,0.000000,0.000210,0.513882,2.315023,2.304379,0.085961,0.006276,11.150224,4.966075,1.237335,1.179515,0.000766,0.000298,1.937219,0.000349,0.632612,0.002343,0.708917,0.000000,0.000000,0.000000,0,0,0.000000,0.000000,0.000000,0.000000,0.000000,0.000000,0.000000,0.000000,0.000000,0.000000,0.000000,0.000000,0.000000,0.000000,0,0,0,0,0,0.000000,0.000000,0.000000,0.000000,0.000000,0.000000,0.000000,0.000000,0,0,0,0,0
366,1,18.399451,0.087721,0.000000,0.000197,0.477546,2.205329,2.194617,0.085208,0.006426,11.172533,4.996097,1.169640,1.114410,0.000746,0.000298,2.364851,0.000349,0.719059,0.002384,0.619032,0.000000,0.000000,0.000000,0,0,0.000000,0.000000,0.000000,0.000000,0.000000,0.000000,0.000000,0.000000,0.000000,0.000000,0.000000,0.000000,0.000000,0.000000,0,0,0,0,0,0.000000,0.000000,0.000000,0.000000,0.000000,0.000000,0.000000,0.000000,0,0,0,0,0
367,1,18.442359,0.003730,0.000000,0.000224,0.452176,2.269213,2.258569,0.085208,0.006385,11.237922,5.184177,1.239994,1.181135,0.000712,0.000305,2.356862,0.000349,0.681074,0.002262,0.663628,0.000000,0.000000,0.000000,0,0,0.000000,0.000000,0.000000,0.000000,0.000000,0.000000,0.000000,0.000000,0.000000,0.000000,0.000000,0.000000,0.000000,0.000000,0,0,0,0,0,0.000000,0.000000,0.000000,0.000000,0.000000,0.000000,0.000000,0.000000,0,0,0,0,0
368,1,18.079627,0.087850,0.000000,0.000190,0.438185,2.296719,2.286170,0.085717,0.006385,11.237668,4.947364,1.230906,1.173167,0.000766,0.000312,1.873749,0.000349,0.674971,0.002302,0.658420,0.000000,0.000000,0.000000,0,0,0.000000,0.000000,0.000000,0.000000,0.000000,0.000000,0.000000,0.000000,0.000000,0.000000,0.000000,0.000000,0.000000,0.000000,0,0,0,0,0,0.000000,0.000000,0.000000,0.000000,0.000000,0.000000,0.000000,0.000000,0,0,0,0,0
369,1,18.405738,0.003750,0.000000,0.000163,0.456651,2.342923,2.332353,0.085310,0.006439,11.157447,4.937910,1.235321,1.177745,0.000766,0.000298,2.372555,0.000349,0.635434,0.002241,0.623976,0.000000,0.000000,0.000000,0,0,0.000000,0.000000,0.000000,0.000000,0.000000,0.000000,0.000000,0.000000,0.000000,0.000000,0.000000,0.000000,0.000000,0.000000,0,0,0,0,0,0.000000,0.000000,0.000000,0.000000,0.000000,0.000000,0.000000,0.000000,0,0,0,0,0
370,1,18.091407,0.087850,0.000000,0.000190,0.454210,2.271654,2.260922,0.085493,0.006324,11.183641,5.050839,1.249101,1.190664,0.000692,0.000305,1.936900,0.000349,0.706689,0.002343,0.618361,0.000000,0.000000,0.000000,0,0,0.000000,0.000000,0.000000,0.000000,0.000000,0.000000,0.000000,0.000000,0.000000,0.000000,0.000000,0.000000,0.000000,0.000000,0,0,0,0,0,0.000000,0.000000,0.000000,0.000000,0.000000,0.000000,0.000000,0.000000,0,0,0,0,0
371,1,17.914364,0.003994,0.000000,0.000163,0.456902,2.262153,2.251482,0.127038,0.006341,11.145898,4.991147,1.241954,1.183556,0.000746,0.000298,1.929020,0.000349,0.631371,0.002262,0.649346,0.000000,0.000000,0.000000,0,0,0.000000,0.000000,0.000000,0.000000,0.000000,0.000000,0.000000,0.000000,0.000000,0.000000,0.000000,0.000000,0.000000,0.000000,0,0,0,0,0,0.000000,0.000000,0.000000,0.000000,0.000000,0.000000,0.000000,0.000000,0,0,0,0,0
372,1,18.474138,0.088094,0.000000,0.000197,0.524462,2.186612,2.175920,0.126631,0.006358,11.188209,5.002736,1.241831,1.184031,0.000726,0.000332,2.368479,0.000383,0.634125,0.002363,0.671095,0.000000,0.000000,0.000000,0,0,0.000000,0.000000,0.000000,0.000000,0.000000,0.000000,0.000000,0.000000,0.000000,0.000000,0.000000,0.000000,0.000000,0.000000,0,0,0,0,0,0.000000,0.000000,0.000000,0.000000,0.000000,0.000000,0.000000,0.000000,0,0,0,0,0
373,1,18.062029,0.003771,0.000000,0.000163,0.454881,2.322252,2.311723,0.126733,0.006202,11.160539,5.163971,1.235687,1.178457,0.000732,0.000298,1.976023,0.000349,0.636532,0.002262,0.661004,0.000000,0.000000,0.000000,0,0,0.000000,0.000000,0.000000,0.000000,0.000000,0.000000,0.000000,0.000000,0.000000,0.000000,0.000000,0.000000,0.000000,0.000000,0,0,0,0,0,0.000000,0.000000,0.000000,0.000000,0.000000,0.000000,0.000000,0.000000,0,0,0,0,0
374,1,18.415422,0.428650,0.000000,0.000190,0.531257,2.169196,2.158383,0.086165,0.006378,11.193061,5.067040,1.190609,1.133894,0.000787,0.000298,2.019575,0.000349,0.679915,0.002262,0.624200,0.000000,0.000000,0.000000,0,0,0.000000,0.000000,0.000000,0.000000,0.000000,0.000000,0.000000,0.000000,0.000000,0.000000,0.000000,0.000000,0.000000,0.000000,0,0,0,0,0,0.000000,0.000000,0.000000,0.000000,0.000000,0.000000,0.000000,0.000000,0,0,0,0,0
375,1,18.344906,0.378255,0.000000,0.000210,0.514574,2.261644,2.250960,0.085737,0.006419,11.203020,4.992815,1.191010,1.134389,0.000753,0.000298,1.914758,0.000329,0.678769,0.002384,0.669284,0.000000,0.000000,0.000000,0,0,0.000000,0.000000,0.000000,0.000000,0.000000,0.000000,0.000000,0.000000,0.000000,0.000000,0.000000,0.000000,0.000000,0.000000,0,0,0,0,0,0.000000,0.000000,0.000000,0.000000,0.000000,0.000000,0.000000,0.000000,0,0,0,0,0
376,1,18.787981,0.423910,0.000000,0.000190,0.581753,2.224006,2.213437,0.085412,0.006317,11.101763,5.078108,1.267446,1.175232,0.000746,0.000298,2.312598,0.000349,0.673913,0.002323,0.664157,0.000000,0.000000,0.000000,0,0,0.000000,0.000000,0.000000,0.000000,0.000000,0.000000,0.000000,0.000000,0.000000,0.000000,0.000000,0.000000,0.000000,0.000000,0,0,0,0,0,0.000000,0.000000,0.000000,0.000000,0.000000,0.000000,0.000000,0.000000,0,0,0,0,0
377,1,18.019365,0.003689,0.000000,0.000190,0.460049,2.283515,2.272925,0.085127,0.008033,11.116492,5.151594,1.226267,1.170054,0.000807,0.000298,2.005564,0.000349,0.679752,0.002262,0.623569,0.000000,0.000000,0.000000,0,0,0.000000,0.000000,0.000000,0.000000,0.000000,0.000000,0.000000,0.000000,0.000000,0.000000,0.000000,0.000000,0.000000,0.000000,0,0,0,0,0,0.000000,0.000000,0.000000,0.000000,0.000000,0.000000,0.000000,0.000000,0,0,0,0,0
378,1,18.603634,0.088087,0.000000,0.000197,0.457567,2.252326,2.241614,0.085005,0.007463,11.206241,5.080719,1.271840,1.214718,0.000746,0.000298,2.405887,0.000349,0.678307,0.002262,0.622898,0.000000,0.000000,0.000000,0,0,0.000000,0.000000,0.000000,0.000000,0.000000,0.000000,0.000000,0.000000,0.000000,0.000000,0.000000,0.000000,0.000000,0.000000,0,0,0,0,0,0.000000,0.000000,0.000000,0.000000,0.000000,0.000000,0.000000,0.000000,0,0,0,0,0
379,1,19.026262,0.003825,0.000000,0.000163,0.457709,2.262885,2.252133,0.127445,0.006195,11.237566,5.000892,1.866140,0.962592,0.000746,0.000298,2.314050,0.000329,0.641035,0.002323,0.711867,0.000000,0.000000,0.000000,0,0,0.000000,0.000000,0.000000,0.000000,0.000000,0.000000,0.000000,0.000000,0.000000,0.000000,0.000000,0.000000,0.000000,0.000000,0,0,0,0,0,0.000000,0.000000,0.000000,0.000000,0.000000,0.000000,0.000000,0.000000,0,0,0,0,0
380,1,18.465376,0.423815,0.000000,0.000197,0.537686,2.260322,2.249569,0.085961,0.006344,11.191667,4.961863,1.231110,1.173852,0.000766,0.000298,1.936825,0.000342,0.680871,0.002282,0.622694,0.000000,0.000000,0.000000,0,0,0.000000,0.000000,0.000000,0.000000,0.000000,0.000000,0.000000,0.000000,0.000000,0.000000,0.000000,0.000000,0.000000,0.000000,0,0,0,0,0,0.000000,0.000000,0.000000,0.000000,0.000000,0.000000,0.000000,0.000000,0,0,0,0,0
381,1,18.822913,0.300415,0.000000,0.000210,0.509345,2.324124,2.313229,0.086307,0.006337,11.261573,4.990774,1.231333,1.175052,0.000766,0.000298,2.356252,0.000349,0.636675,0.002350,0.657518,0.000000,0.000000,0.000000,0,0,0.000000,0.000000,0.000000,0.000000,0.000000,0.000000,0.000000,0.000000,0.000000,0.000000,0.000000,0.000000,0.000000,0.000000,0,0,0,0,0,0.000000,0.000000,0.000000,0.000000,0.000000,0.000000,0.000000,0.000000,0,0,0,0,0
382,1,17.957333,0.088189,0.000000,0.000197,0.475593,2.205614,2.194963,0.085086,0.006453,11.153256,4.990211,1.229604,1.138726,0.000732,0.000305,1.923879,0.000349,0.679487,0.002384,0.655124,0.000000,0.000000,0.000000,0,0,0.000000,0.000000,0.000000,0.000000,0.000000,0.000000,0.000000,0.000000,0.000000,0.000000,0.000000,0.000000,0.000000,0.000000,0,0,0,0,0,0.000000,0.000000,0.000000,0.000000,0.000000,0.000000,0.000000,0.000000,0,0,0,0,0
383,1,18.330766,0.003730,0.000000,0.000190,0.411058,2.346666,2.336036,0.085860,0.006473,11.181474,5.011946,1.230113,1.173330,0.000766,0.000298,2.319645,0.000363,0.635922,0.002296,0.695530,0.000000,0.000000,0.000000,0,0,0.000000,0.000000,0.000000,0.000000,0.000000,0.000000,0.000000,0.000000,0.000000,0.000000,0.000000,0.000000,0.000000,0.000000,0,0,0,0,0,0.000000,0.000000,0.000000,0.000000,0.000000,0.000000,0.000000,0.000000,0,0,0,0,0
384,1,18.090369,0.087972,0.000000,0.000190,0.455980,2.282355,2.271562,0.085514,0.006446,11.210012,4.980933,1.225847,1.170800,0.000766,0.000312,1.988583,0.000349,0.637353,0.002384,0.622776,0.000000,0.000000,0.000000,0,0,0.000000,0.000000,0.000000,0.000000,0.000000,0.000000,0.000000,0.000000,0.000000,0.000000,0.000000,0.000000,0.000000,0.000000,0,0,0,0,0,0.000000,0.000000,0.000000,0.000000,0.000000,0.000000,0.000000,0.000000,0,0,0,0,0
385,1,18.430138,0.003635,0.000000,0.000163,0.411608,2.303596,2.292864,0.085595,0.006358,11.264360,5.096775,1.227386,1.171282,0.000766,0.000332,2.359060,0.000349,0.658668,0.002282,0.617120,0.000000,0.000000,0.000000,0,0,0.000000,0.000000,0.000000,0.000000,0.000000,0.000000,0.000000,0.000000,0.000000,0.000000,0.000000,0.000000,0.000000,0.000000,0,0,0,0,0,0.000000,0.000000,0.000000,0.000000,0.000000,0.000000,0.000000,0.000000,0,0,0,0,0
386,1,18.421465,0.462931,0.000000,0.000190,0.513516,2.248257,2.237566,0.085592,0.006182,11.139381,4.914012,1.242082,1.183217,0.000746,0.000298,1.941145,0.000349,0.634667,0.002262,0.688897,0.000000,0.000000,0.000000,0,0,0.000000,0.000000,0.000000,0.000000,0.000000,0.000000,0.000000,0.000000,0.000000,0.000000,0.000000,0.000000,0.000000,0.000000,0,0,0,0,0,0.000000,0.000000,0.000000,0.000000,0.000000,0.000000,0.000000,0.000000,0,0,0,0,0
387,1,18.359656,0.340420,0.000000,0.000210,0.549710,2.295878,2.285295,0.124780,0.006480,11.051266,5.031297,1.267690,1.209510,0.000746,0.000298,1.978865,0.000390,0.634335,0.002384,0.623752,0.000000,0.000000,0.000000,0,0,0.000000,0.000000,0.000000,0.000000,0.000000,0.000000,0.000000,0.000000,0.000000,0.000000,0.000000,0.000000,0.000000,0.000000,0,0,0,0,0,0.000000,0.000000,0.000000,0.000000,0.000000,0.000000,0.000000,0.000000,0,0,0,0,0
388,1,18.529049,0.427246,0.000000,0.000190,0.519090,2.346280,2.335649,0.117883,0.006371,11.188816,5.013845,1.250817,1.193017,0.000692,0.000305,1.924733,0.000349,0.637821,0.002262,0.666212,0.000000,0.000000,0.000000,0,0,0.000000,0.000000,0.000000,0.000000,0.000000,0.000000,0.000000,0.000000,0.000000,0.000000,0.000000,0.000000,0.000000,0.000000,0,0,0,0,0,0.000000,0.000000,0.000000,0.000000,0.000000,0.000000,0.000000,0.000000,0,0,0,0,0
389,1,18.350155,0.342394,0.000000,0.000210,0.529358,2.252726,2.242123,0.085127,0.007952,11.112057,5.223331,1.226308,1.170542,0.000746,0.000298,1.971093,0.000349,0.672082,0.002445,0.621189,0.000000,0.000000,0.000000,0,0,0.000000,0.000000,0.000000,0.000000,0.000000,0.000000,0.000000,0.000000,0.000000,0.000000,0.000000,0.000000,0.000000,0.000000,0,0,0,0,0,0.000000,0.000000,0.000000,0.000000,0.000000,0.000000,0.000000,0.000000,0,0,0,0,0
390,1,18.529497,0.087565,0.000000,0.000190,0.508714,2.314663,2.304013,0.086856,0.006487,11.157162,5.029850,1.244802,1.186866,0.000814,0.000305,2.377994,0.000349,0.635847,0.002262,0.664605,0.000000,0.000000,0.000000,0,0,0.000000,0.000000,0.000000,0.000000,0.000000,0.000000,0.000000,0.000000,0.000000,0.000000,0.000000,0.000000,0.000000,0.000000,0,0,0,0,0,0.000000,0.000000,0.000000,0.000000,0.000000,0.000000,0.000000,0.000000,0,0,0,0,0
391,1,18.431230,0.003967,0.000000,0.000190,0.456896,2.254320,2.243730,0.126000,0.006480,11.160336,5.103370,1.233856,1.177344,0.000746,0.000298,2.403405,0.000342,0.676273,0.002343,0.619052,0.000000,0.000000,0.000000,0,0,0.000000,0.000000,0.000000,0.000000,0.000000,0.000000,0.000000,0.000000,0.000000,0.000000,0.000000,0.000000,0.000000,0.000000,0,0,0,0,0,0.000000,0.000000,0.000000,0.000000,0.000000,0.000000,0.000000,0.000000,0,0,0,0,0
392,1,18.419356,0.425517,0.000000,0.000244,0.534410,2.254503,2.243771,0.085615,0.006385,11.097531,5.084842,1.228078,1.136488,0.000814,0.000305,1.996511,0.000349,0.679745,0.002363,0.623915,0.000000,0.000000,0.000000,0,0,0.000000,0.000000,0.000000,0.000000,0.000000,0.000000,0.000000,0.000000,0.000000,0.000000,0.000000,0.000000,0.000000,0.000000,0,0,0,0,0,0.000000,0.000000,0.000000,0.000000,0.000000,0.000000,0.000000,0.000000,0,0,0,0,0
393,1,18.856808,0.372769,0.000000,0.000210,0.511047,2.299927,2.289202,0.085168,0.006439,11.178199,5.096252,1.204702,1.116940,0.000766,0.000298,2.368310,0.000349,0.719547,0.002241,0.617588,0.000000,0.000000,0.000000,0,0,0.000000,0.000000,0.000000,0.000000,0.000000,0.000000,0.000000,0.000000,0.000000,0.000000,0.000000,0.000000,0.000000,0.000000,0,0,0,0,0,0.000000,0.000000,0.000000,0.000000,0.000000,0.000000,0.000000,0.000000,0,0,0,0,0
394,1,18.714881,0.422913,0.000000,0.000190,0.551805,2.223355,2.212663,0.085331,0.006297,11.119585,5.044559,1.229360,1.172760,0.000746,0.000298,2.326419,0.000349,0.639245,0.002241,0.699436,0.000000,0.000000,0.000000,0,0,0.000000,0.000000,0.000000,0.000000,0.000000,0.000000,0.000000,0.000000,0.000000,0.000000,0.000000,0.000000,0.000000,0.000000,0,0,0,0,0,0.000000,0.000000,0.000000,0.000000,0.000000,0.000000,0.000000,0.000000,0,0,0,0,0
395,1,18.390194,0.334825,0.000000,0.000210,0.469876,2.307441,2.296709,0.086022,0.006426,11.236630,5.018483,1.228200,1.137404,0.000766,0.000298,1.969621,0.000349,0.640750,0.002282,0.621779,0.000000,0.000000,0.000000,0,0,0.000000,0.000000,0.000000,0.000000,0.000000,0.000000,0.000000,0.000000,0.000000,0.000000,0.000000,0.000000,0.000000,0.000000,0,0,0,0,0,0.000000,0.000000,0.000000,0.000000,0.000000,0.000000,0.000000,0.000000,0,0,0,0,0
396,1,18.785343,0.420600,0.000000,0.000190,0.516893,2.275336,2.264523,0.085127,0.006460,11.195502,4.981300,1.190670,1.135267,0.000746,0.000298,2.337426,0.000349,0.646915,0.002302,0.618930,0.000000,0.000000,0.000000,0,0,0.000000,0.000000,0.000000,0.000000,0.000000,0.000000,0.000000,0.000000,0.000000,0.000000,0.000000,0.000000,0.000000,0.000000,0,0,0,0,0,0.000000,0.000000,0.000000,0.000000,0.000000,0.000000,0.000000,0.000000,0,0,0,0,0
397,1,18.057661,0.003696,0.000000,0.000163,0.465624,2.342061,2.331377,0.086551,0.006405,11.177344,5.050086,1.226125,1.169668,0.000814,0.000305,2.004011,0.000349,0.635644,0.002262,0.622369,0.000000,0.000000,0.000000,0,0,0.000000,0.000000,0.000000,0.000000,0.000000,0.000000,0.000000,0.000000,0.000000,0.000000,0.000000,0.000000,0.000000,0.000000,0,0,0,0,0,0.000000,0.000000,0.000000,0.000000,0.000000,0.000000,0.000000,0.000000,0,0,0,0,0
398,1,18.874108,0.424242,0.000000,0.000197,0.471381,2.351827,2.301799,0.085615,0.006426,11.264106,5.049727,1.193234,1.137665,0.000746,0.000298,2.329241,0.000349,0.637516,0.002262,0.668755,0.000000,0.000000,0.000000,0,0,0.000000,0.000000,0.000000,0.000000,0.000000,0.000000,0.000000,0.000000,0.000000,0.000000,0.000000,0.000000,0.000000,0.000000,0,0,0,0,0,0.000000,0.000000,0.000000,0.000000,0.000000,0.000000,0.000000,0.000000,0,0,0,0,0
399,1,18.371457,0.300157,0.000000,0.000210,0.513333,2.254096,2.243446,0.125797,0.006358,11.171119,5.136292,1.241831,1.183299,0.000692,0.000305,1.968638,0.000349,0.680749,0.002262,0.774611,0.000000,0.000000,0.000000,0,0,0.000000,0.000000,0.000000,0.000000,0.000000,0.000000,0.000000,0.000000,0.000000,0.000000,0.000000,0.000000,0.000000,0.000000,0,0,0,0,0,0.000000,0.000000,0.000000,0.000000,0.000000,0.000000,0.000000,0.000000,0,0,0,0,0
400,1,18.429508,0.424689,0.000000,0.000190,0.577033,2.223979,2.213111,0.086429,0.006534,11.169613,5.059241,1.241892,1.184194,0.000712,0.000305,1.952566,0.000349,0.637326,0.002262,0.665032,0.000000,0.000000,0.000000,0,0,0.000000,0.000000,0.000000,0.000000,0.000000,0.000000,0.000000,0.000000,0.000000,0.000000,0.000000,0.000000,0.000000,0.000000,0,0,0,0,0,0.000000,0.000000,0.000000,0.000000,0.000000,0.000000,0.000000,0.000000,0,0,0,0,0
401,1,18.437124,0.340420,0.000000,0.000210,0.511380,2.318793,2.308183,0.127201,0.006439,11.167233,5.143199,1.242645,1.184282,0.000712,0.000305,1.976939,0.000349,0.636207,0.002323,0.663730,0.000000,0.000000,0.000000,0,0,0.000000,0.000000,0.000000,0.000000,0.000000,0.000000,0.000000,0.000000,0.000000,0.000000,0.000000,0.000000,0.000000,0.000000,0,0,0,0,0,0.000000,0.000000,0.000000,0.000000,0.000000,0.000000,0.000000,0.000000,0,0,0,0,0
402,1,18.539486,0.426636,0.000000,0.000190,0.519538,2.250129,2.239275,0.125349,0.006500,11.205868,5.249875,1.234161,1.177609,0.000746,0.000298,1.981917,0.000349,0.679298,0.002262,0.711297,0.000000,0.000000,0.000000,0,0,0.000000,0.000000,0.000000,0.000000,0.000000,0.000000,0.000000,0.000000,0.000000,0.000000,0.000000,0.000000,0.000000,0.000000,0,0,0,0,0,0.000000,0.000000,0.000000,0.000000,0.000000,0.000000,0.000000,0.000000,0,0,0,0,0
403,1,18.396481,0.003852,0.000000,0.000163,0.458055,2.298347,2.287723,0.126265,0.006263,11.090817,5.115651,1.269257,1.212209,0.000787,0.000298,2.400031,0.000349,0.633792,0.002241,0.668633,0.000000,0.000000,0.000000,0,0,0.000000,0.000000,0.000000,0.000000,0.000000,0.000000,0.000000,0.000000,0.000000,0.000000,0.000000,0.000000,0.000000,0.000000,0,0,0,0,0,0.000000,0.000000,0.000000,0.000000,0.000000,0.000000,0.000000,0.000000,0,0,0,0,0
404,1,18.476864,0.088616,0.000000,0.000197,0.478706,2.220547,2.209673,0.085595,0.006358,11.192512,5.023699,1.193254,1.139079,0.000766,0.000298,2.383013,0.000329,0.717899,0.002302,0.618503,0.000000,0.000000,0.000000,0,0,0.000000,0.000000,0.000000,0.000000,0.000000,0.000000,0.000000,0.000000,0.000000,0.000000,0.000000,0.000000,0.000000,0.000000,0,0,0,0,0,0.000000,0.000000,0.000000,0.000000,0.000000,0.000000,0.000000,0.000000,0,0,0,0,0
405,1,18.111630,0.003730,0.000000,0.000163,0.453742,2.274929,2.264381,0.085046,0.007321,11.271115,5.041541,1.242544,1.183753,0.000712,0.000305,1.940501,0.000349,0.682417,0.002323,0.661513,0.000000,0.000000,0.000000,0,0,0.000000,0.000000,0.000000,0.000000,0.000000,0.000000,0.000000,0.000000,0.000000,0.000000,0.000000,0.000000,0.000000,0.000000,0,0,0,0,0,0.000000,0.000000,0.000000,0.000000,0.000000,0.000000,0.000000,0.000000,0,0,0,0,0
406,1,18.543616,0.088013,0.000000,0.000190,0.473680,2.274651,2.264211,0.126183,0.006222,11.220537,5.172590,1.235647,1.178206,0.000746,0.000298,2.373966,0.000349,0.634728,0.002262,0.662632,0.000000,0.000000,0.000000,0,0,0.000000,0.000000,0.000000,0.000000,0.000000,0.000000,0.000000,0.000000,0.000000,0.000000,0.000000,0.000000,0.000000,0.000000,0,0,0,0,0,0.000000,0.000000,0.000000,0.000000,0.000000,0.000000,0.000000,0.000000,0,0,0,0,0
407,1,18.662208,0.339240,0.000000,0.000346,0.544549,2.263719,2.252974,0.084679,0.006399,11.120012,5.091827,1.229645,1.173581,0.000746,0.000298,2.323591,0.000349,0.639448,0.002262,0.694370,0.000000,0.000000,0.000000,0,0,0.000000,0.000000,0.000000,0.000000,0.000000,0.000000,0.000000,0.000000,0.000000,0.000000,0.000000,0.000000,0.000000,0.000000,0,0,0,0,0,0.000000,0.000000,0.000000,0.000000,0.000000,0.000000,0.000000,0.000000,0,0,0,0,0
408,1,18.423221,0.427171,0.000000,0.000190,0.532539,2.262438,2.251746,0.085229,0.008474,11.088220,5.191338,1.227488,1.171865,0.000766,0.000298,1.977475,0.000349,0.636681,0.002323,0.625454,0.000000,0.000000,0.000000,0,0,0.000000,0.000000,0.000000,0.000000,0.000000,0.000000,0.000000,0.000000,0.000000,0.000000,0.000000,0.000000,0.000000,0.000000,0,0,0,0,0,0.000000,0.000000,0.000000,0.000000,0.000000,0.000000,0.000000,0.000000,0,0,0,0,0
409,1,18.376645,0.338304,0.000000,0.000210,0.510729,2.288093,2.277381,0.084713,0.006317,11.220262,5.104696,1.191911,1.136559,0.000766,0.000298,1.959985,0.000349,0.665856,0.002296,0.622369,0.000000,0.000000,0.000000,0,0,0.000000,0.000000,0.000000,0.000000,0.000000,0.000000,0.000000,0.000000,0.000000,0.000000,0.000000,0.000000,0.000000,0.000000,0,0,0,0,0,0.000000,0.000000,0.000000,0.000000,0.000000,0.000000,0.000000,0.000000,0,0,0,0,0
410,1,18.402971,0.088053,0.000000,0.000190,0.510688,2.201301,2.190569,0.084639,0.007992,11.079661,5.165656,1.228370,1.172835,0.000746,0.000298,2.371111,0.000349,0.679874,0.002282,0.642124,0.000000,0.000000,0.000000,0,0,0.000000,0.000000,0.000000,0.000000,0.000000,0.000000,0.000000,0.000000,0.000000,0.000000,0.000000,0.000000,0.000000,0.000000,0,0,0,0,0,0.000000,0.000000,0.000000,0.000000,0.000000,0.000000,0.000000,0.000000,0,0,0,0,0
411,1,18.003191,0.003872,0.000000,0.000163,0.460863,2.276089,2.265500,0.085636,0.006385,11.203956,5.155914,1.224538,1.168969,0.000766,0.000298,1.994605,0.000349,0.636905,0.002343,0.623569,0.000000,0.000000,0.000000,0,0,0.000000,0.000000,0.000000,0.000000,0.000000,0.000000,0.000000,0.000000,0.000000,0.000000,0.000000,0.000000,0.000000,0.000000,0,0,0,0,0,0.000000,0.000000,0.000000,0.000000,0.000000,0.000000,0.000000,0.000000,0,0,0,0,0
412,1,18.899594,0.423503,0.000000,0.000190,0.510647,2.299995,2.289140,0.085514,0.006317,11.214515,5.092573,1.226166,1.170861,0.000766,0.000298,2.347782,0.000465,0.674862,0.002296,0.617933,0.000000,0.000000,0.000000,0,0,0.000000,0.000000,0.000000,0.000000,0.000000,0.000000,0.000000,0.000000,0.000000,0.000000,0.000000,0.000000,0.000000,0.000000,0,0,0,0,0,0.000000,0.000000,0.000000,0.000000,0.000000,0.000000,0.000000,0.000000,0,0,0,0,0
413,1,18.378150,0.341370,0.000000,0.000210,0.510505,2.320360,2.309791,0.086551,0.006419,11.221880,5.176042,1.241974,1.183611,0.000712,0.000305,1.900726,0.000349,0.638811,0.002262,0.684177,0.000000,0.000000,0.000000,0,0,0.000000,0.000000,0.000000,0.000000,0.000000,0.000000,0.000000,0.000000,0.000000,0.000000,0.000000,0.000000,0.000000,0.000000,0,0,0,0,0,0.000000,0.000000,0.000000,0.000000,0.000000,0.000000,0.000000,0.000000,0,0,0,0,0
414,1,18.392419,0.388760,0.000000,0.000190,0.554918,2.262967,2.252336,0.086999,0.006365,11.192603,5.126143,1.262156,1.177901,0.000726,0.000298,1.890099,0.000349,0.637611,0.002282,0.681898,0.000000,0.000000,0.000000,0,0,0.000000,0.000000,0.000000,0.000000,0.000000,0.000000,0.000000,0.000000,0.000000,0.000000,0.000000,0.000000,0.000000,0.000000,0,0,0,0,0,0.000000,0.000000,0.000000,0.000000,0.000000,0.000000,0.000000,0.000000,0,0,0,0,0
415,1,18.403398,0.341553,0.000000,0.000210,0.516222,2.300971,2.290382,0.126712,0.006588,11.132402,5.190521,1.245968,1.187958,0.000746,0.000298,1.958025,0.000349,0.633969,0.002262,0.619866,0.000000,0.000000,0.000000,0,0,0.000000,0.000000,0.000000,0.000000,0.000000,0.000000,0.000000,0.000000,0.000000,0.000000,0.000000,0.000000,0.000000,0.000000,0,0,0,0,0,0.000000,0.000000,0.000000,0.000000,0.000000,0.000000,0.000000,0.000000,0,0,0,0,0
416,1,18.418867,0.425808,0.000000,0.000190,0.571031,2.226935,2.216183,0.087040,0.006324,11.158912,5.091780,1.241852,1.184255,0.000712,0.000305,1.955522,0.000349,0.636336,0.002262,0.665073,0.000000,0.000000,0.000000,0,0,0.000000,0.000000,0.000000,0.000000,0.000000,0.000000,0.000000,0.000000,0.000000,0.000000,0.000000,0.000000,0.000000,0.000000,0,0,0,0,0,0.000000,0.000000,0.000000,0.000000,0.000000,0.000000,0.000000,0.000000,0,0,0,0,0
417,1,18.440548,0.003771,0.000000,0.000163,0.455939,2.321377,2.310767,0.127791,0.006460,11.104896,5.037160,1.271454,1.213749,0.000766,0.000298,2.403907,0.000349,0.634952,0.002363,0.667535,0.000000,0.000000,0.000000,0,0,0.000000,0.000000,0.000000,0.000000,0.000000,0.000000,0.000000,0.000000,0.000000,0.000000,0.000000,0.000000,0.000000,0.000000,0,0,0,0,0,0.000000,0.000000,0.000000,0.000000,0.000000,0.000000,0.000000,0.000000,0,0,0,0,0
418,1,18.552487,0.087809,0.000000,0.000197,0.461216,2.255093,2.244442,0.126448,0.006419,11.243852,5.010739,1.241777,1.183685,0.000712,0.000305,2.385074,0.000349,0.634525,0.002404,0.621982,0.000000,0.000000,0.000000,0,0,0.000000,0.000000,0.000000,0.000000,0.000000,0.000000,0.000000,0.000000,0.000000,0.000000,0.000000,0.000000,0.000000,0.000000,0,0,0,0,0,0.000000,0.000000,0.000000,0.000000,0.000000,0.000000,0.000000,0.000000,0,0,0,0,0
419,1,18.074459,0.003710,0.000000,0.000163,0.452928,2.272325,2.261715,0.085208,0.007321,11.256222,5.154165,1.240977,1.182783,0.000773,0.000305,1.932729,0.000363,0.633094,0.002241,0.656304,0.000000,0.000000,0.000000,0,0,0.000000,0.000000,0.000000,0.000000,0.000000,0.000000,0.000000,0.000000,0.000000,0.000000,0.000000,0.000000,0.000000,0.000000,0,0,0,0,0,0.000000,0.000000,0.000000,0.000000,0.000000,0.000000,0.000000,0.000000,0,0,0,0,0
420,1,18.520565,0.087830,0.000000,0.000197,0.488166,2.263679,2.252967,0.126143,0.006215,11.191321,5.016334,1.242910,1.184486,0.000746,0.000298,2.370724,0.000342,0.633867,0.002384,0.647088,0.000000,0.000000,0.000000,0,0,0.000000,0.000000,0.000000,0.000000,0.000000,0.000000,0.000000,0.000000,0.000000,0.000000,0.000000,0.000000,0.000000,0.000000,0,0,0,0,0,0.000000,0.000000,0.000000,0.000000,0.000000,0.000000,0.000000,0.000000,0,0,0,0,0
421,1,18.515947,0.003791,0.000000,0.000163,0.454047,2.343675,2.332964,0.152835,0.006405,11.180884,5.102936,1.236196,1.179142,0.000726,0.000298,2.391503,0.000349,0.635888,0.002262,0.624729,0.000000,0.000000,0.000000,0,0,0.000000,0.000000,0.000000,0.000000,0.000000,0.000000,0.000000,0.000000,0.000000,0.000000,0.000000,0.000000,0.000000,0.000000,0,0,0,0,0,0.000000,0.000000,0.000000,0.000000,0.000000,0.000000,0.000000,0.000000,0,0,0,0,0
422,1,18.427568,0.428467,0.000000,0.000190,0.531318,2.248440,2.237749,0.085127,0.007931,11.096595,5.174696,1.224762,1.169281,0.000746,0.000298,1.988868,0.000349,0.637292,0.002262,0.621067,0.000000,0.000000,0.000000,0,0,0.000000,0.000000,0.000000,0.000000,0.000000,0.000000,0.000000,0.000000,0.000000,0.000000,0.000000,0.000000,0.000000,0.000000,0,0,0,0,0,0.000000,0.000000,0.000000,0.000000,0.000000,0.000000,0.000000,0.000000,0,0,0,0,0
423,1,18.784848,0.338569,0.000000,0.000210,0.509671,2.249613,2.238970,0.085575,0.006297,11.261542,5.097171,1.192013,1.135888,0.000827,0.000298,2.345117,0.000349,0.684981,0.002404,0.616082,0.000000,0.000000,0.000000,0,0,0.000000,0.000000,0.000000,0.000000,0.000000,0.000000,0.000000,0.000000,0.000000,0.000000,0.000000,0.000000,0.000000,0.000000,0,0,0,0,0,0.000000,0.000000,0.000000,0.000000,0.000000,0.000000,0.000000,0.000000,0,0,0,0,0
424,1,17.979001,0.087585,0.000000,0.000190,0.511197,2.214708,2.204139,0.085473,0.007606,11.065040,5.089440,1.226959,1.171634,0.000746,0.000298,1.992571,0.000349,0.636661,0.002282,0.626316,0.000000,0.000000,0.000000,0,0,0.000000,0.000000,0.000000,0.000000,0.000000,0.000000,0.000000,0.000000,0.000000,0.000000,0.000000,0.000000,0.000000,0.000000,0,0,0,0,0,0.000000,0.000000,0.000000,0.000000,0.000000,0.000000,0.000000,0.000000,0,0,0,0,0
425,1,18.765845,0.336019,0.000000,0.000210,0.470039,2.394579,2.383948,0.085290,0.006500,11.206631,5.048052,1.192563,1.136926,0.000746,0.000298,2.327844,0.000349,0.636064,0.002363,0.669976,0.000000,0.000000,0.000000,0,0,0.000000,0.000000,0.000000,0.000000,0.000000,0.000000,0.000000,0.000000,0.000000,0.000000,0.000000,0.000000,0.000000,0.000000,0,0,0,0,0,0.000000,0.000000,0.000000,0.000000,0.000000,0.000000,0.000000,0.000000,0,0,0,0,0
426,1,18.571184,0.423686,0.000000,0.000190,0.511949,2.248298,2.237444,0.085636,0.006365,11.323524,5.232768,1.224701,1.169261,0.000732,0.000298,1.999834,0.000349,0.636397,0.002363,0.622715,0.000000,0.000000,0.000000,0,0,0.000000,0.000000,0.000000,0.000000,0.000000,0.000000,0.000000,0.000000,0.000000,0.000000,0.000000,0.000000,0.000000,0.000000,0,0,0,0,0,0.000000,0.000000,0.000000,0.000000,0.000000,0.000000,0.000000,0.000000,0,0,0,0,0
427,1,18.265710,0.341553,0.000000,0.000210,0.510403,2.282762,2.272112,0.085595,0.006487,11.133087,5.014842,1.234840,1.175018,0.000712,0.000305,1.927765,0.000349,0.633806,0.002262,0.705173,0.000000,0.000000,0.000000,0,0,0.000000,0.000000,0.000000,0.000000,0.000000,0.000000,0.000000,0.000000,0.000000,0.000000,0.000000,0.000000,0.000000,0.000000,0,0,0,0,0,0.000000,0.000000,0.000000,0.000000,0.000000,0.000000,0.000000,0.000000,0,0,0,0,0
428,1,18.365821,0.387370,0.000000,0.000197,0.604316,2.225247,2.214576,0.085473,0.006385,11.138892,5.067759,1.280128,1.220496,0.000712,0.000305,1.891123,0.000349,0.636329,0.002262,0.690789,0.000000,0.000000,0.000000,0,0,0.000000,0.000000,0.000000,0.000000,0.000000,0.000000,0.000000,0.000000,0.000000,0.000000,0.000000,0.000000,0.000000,0.000000,0,0,0,0,0,0.000000,0.000000,0.000000,0.000000,0.000000,0.000000,0.000000,0.000000,0,0,0,0,0
429,1,19.002580,0.341051,0.000000,0.000210,0.572679,2.235826,2.225176,0.085066,0.006419,11.079790,5.096039,1.887848,0.905613,0.000766,0.000298,2.011844,0.000329,0.671146,0.002282,0.644708,0.000000,0.000000,0.000000,0,0,0.000000,0.000000,0.000000,0.000000,0.000000,0.000000,0.000000,0.000000,0.000000,0.000000,0.000000,0.000000,0.000000,0.000000,0,0,0,0,0,0.000000,0.000000,0.000000,0.000000,0.000000,0.000000,0.000000,0.000000,0,0,0,0,0
430,1,18.488936,0.423387,0.000000,0.000197,0.553474,2.261359,2.250566,0.085839,0.006460,11.199582,5.098426,1.236033,1.144151,0.000814,0.000305,1.971235,0.000349,0.641096,0.002241,0.662143,0.000000,0.000000,0.000000,0,0,0.000000,0.000000,0.000000,0.000000,0.000000,0.000000,0.000000,0.000000,0.000000,0.000000,0.000000,0.000000,0.000000,0.000000,0,0,0,0,0,0.000000,0.000000,0.000000,0.000000,0.000000,0.000000,0.000000,0.000000,0,0,0,0,0
431,1,18.371301,0.304457,0.000000,0.000163,0.553189,2.298401,2.287716,0.085575,0.006243,11.178219,4.916056,1.242855,1.184302,0.000682,0.000298,1.927351,0.000349,0.640276,0.002262,0.662977,0.000000,0.000000,0.000000,0,0,0.000000,0.000000,0.000000,0.000000,0.000000,0.000000,0.000000,0.000000,0.000000,0.000000,0.000000,0.000000,0.000000,0.000000,0,0,0,0,0,0.000000,0.000000,0.000000,0.000000,0.000000,0.000000,0.000000,0.000000,0,0,0,0,0
432,1,18.540972,0.432190,0.000000,0.000197,0.524278,2.272508,2.262000,0.127465,0.006378,11.246304,5.060937,1.251814,1.194210,0.000773,0.000305,1.931569,0.000349,0.638241,0.002262,0.661879,0.000000,0.000000,0.000000,0,0,0.000000,0.000000,0.000000,0.000000,0.000000,0.000000,0.000000,0.000000,0.000000,0.000000,0.000000,0.000000,0.000000,0.000000,0,0,0,0,0,0.000000,0.000000,0.000000,0.000000,0.000000,0.000000,0.000000,0.000000,0,0,0,0,0
433,1,18.764055,0.364644,0.000000,0.000210,0.532091,2.232958,2.222388,0.084985,0.006439,11.160556,5.066132,1.186588,1.130870,0.000766,0.000298,2.364912,0.000349,0.719710,0.002262,0.617221,0.000000,0.000000,0.000000,0,0,0.000000,0.000000,0.000000,0.000000,0.000000,0.000000,0.000000,0.000000,0.000000,0.000000,0.000000,0.000000,0.000000,0.000000,0,0,0,0,0,0.000000,0.000000,0.000000,0.000000,0.000000,0.000000,0.000000,0.000000,0,0,0,0,0
434,1,18.824365,0.427985,0.000000,0.000190,0.541511,2.213833,2.203325,0.084883,0.008196,11.121029,5.145145,1.226939,1.171851,0.000746,0.000298,2.407230,0.000349,0.641340,0.002343,0.668084,0.000000,0.000000,0.000000,0,0,0.000000,0.000000,0.000000,0.000000,0.000000,0.000000,0.000000,0.000000,0.000000,0.000000,0.000000,0.000000,0.000000,0.000000,0,0,0,0,0,0.000000,0.000000,0.000000,0.000000,0.000000,0.000000,0.000000,0.000000,0,0,0,0,0
435,1,17.903663,0.003947,0.000000,0.000163,0.453111,2.254245,2.243486,0.085446,0.007077,11.080339,5.137241,1.224477,1.169254,0.000766,0.000298,1.984114,0.000349,0.659712,0.002363,0.623691,0.000000,0.000000,0.000000,0,0,0.000000,0.000000,0.000000,0.000000,0.000000,0.000000,0.000000,0.000000,0.000000,0.000000,0.000000,0.000000,0.000000,0.000000,0,0,0,0,0,0.000000,0.000000,0.000000,0.000000,0.000000,0.000000,0.000000,0.000000,0,0,0,0,0
436,1,18.058048,0.087592,0.000000,0.000197,0.459520,2.276394,2.265886,0.126082,0.006317,11.194434,5.124685,1.242218,1.184906,0.000692,0.000305,1.921939,0.000349,0.633623,0.002262,0.695875,0.000000,0.000000,0.000000,0,0,0.000000,0.000000,0.000000,0.000000,0.000000,0.000000,0.000000,0.000000,0.000000,0.000000,0.000000,0.000000,0.000000,0.000000,0,0,0,0,0,0.000000,0.000000,0.000000,0.000000,0.000000,0.000000,0.000000,0.000000,0,0,0,0,0
437,1,18.354387,0.003750,0.000000,0.000163,0.517585,2.229296,2.218625,0.085005,0.008094,11.085385,5.093346,1.225881,1.170135,0.000787,0.000332,2.367164,0.000349,0.680037,0.002282,0.631850,0.000000,0.000000,0.000000,0,0,0.000000,0.000000,0.000000,0.000000,0.000000,0.000000,0.000000,0.000000,0.000000,0.000000,0.000000,0.000000,0.000000,0.000000,0,0,0,0,0,0.000000,0.000000,0.000000,0.000000,0.000000,0.000000,0.000000,0.000000,0,0,0,0,0
438,1,18.442874,0.426053,0.000000,0.000190,0.534492,2.272651,2.261865,0.085473,0.008236,11.091732,5.161116,1.227549,1.171750,0.000746,0.000298,2.008562,0.000363,0.636797,0.002262,0.621921,0.000000,0.000000,0.000000,0,0,0.000000,0.000000,0.000000,0.000000,0.000000,0.000000,0.000000,0.000000,0.000000,0.000000,0.000000,0.000000,0.000000,0.000000,0,0,0,0,0,0.000000,0.000000,0.000000,0.000000,0.000000,0.000000,0.000000,0.000000,0,0,0,0,0
439,1,18.814633,0.339647,0.000000,0.000210,0.509650,2.249824,2.239356,0.085778,0.006460,11.250739,5.112423,1.194719,1.139408,0.000766,0.000298,2.393497,0.000390,0.673628,0.002384,0.617425,0.000000,0.000000,0.000000,0,0,0.000000,0.000000,0.000000,0.000000,0.000000,0.000000,0.000000,0.000000,0.000000,0.000000,0.000000,0.000000,0.000000,0.000000,0,0,0,0,0,0.000000,0.000000,0.000000,0.000000,0.000000,0.000000,0.000000,0.000000,0,0,0,0,0
440,1,18.381955,0.461812,0.000000,0.000190,0.533983,2.213671,2.202959,0.085737,0.006419,11.154253,4.941342,1.226410,1.135145,0.000746,0.000298,1.912214,0.000349,0.676883,0.002282,0.672072,0.000000,0.000000,0.000000,0,0,0.000000,0.000000,0.000000,0.000000,0.000000,0.000000,0.000000,0.000000,0.000000,0.000000,0.000000,0.000000,0.000000,0.000000,0,0,0,0,0,0.000000,0.000000,0.000000,0.000000,0.000000,0.000000,0.000000,0.000000,0,0,0,0,0
441,1,18.442576,0.361667,0.000000,0.000163,0.534309,2.198066,2.187598,0.085676,0.006426,11.250749,5.099870,1.257233,1.169017,0.000909,0.000298,1.961639,0.000349,0.675758,0.002384,0.623711,0.000000,0.000000,0.000000,0,0,0.000000,0.000000,0.000000,0.000000,0.000000,0.000000,0.000000,0.000000,0.000000,0.000000,0.000000,0.000000,0.000000,0.000000,0,0,0,0,0,0.000000,0.000000,0.000000,0.000000,0.000000,0.000000,0.000000,0.000000,0,0,0,0,0
442,1,18.490156,0.423916,0.000000,0.000190,0.511766,2.345730,2.335039,0.085290,0.006317,11.162543,4.973962,1.195614,1.141307,0.000766,0.000298,2.010027,0.000349,0.639367,0.002323,0.624403,0.000000,0.000000,0.000000,0,0,0.000000,0.000000,0.000000,0.000000,0.000000,0.000000,0.000000,0.000000,0.000000,0.000000,0.000000,0.000000,0.000000,0.000000,0,0,0,0,0,0.000000,0.000000,0.000000,0.000000,0.000000,0.000000,0.000000,0.000000,0,0,0,0,0
443,1,18.424788,0.299364,0.000000,0.000163,0.514676,2.286404,2.275835,0.087589,0.006378,11.219581,5.207848,1.241384,1.183156,0.000712,0.000305,1.937002,0.000349,0.722863,0.002282,0.617323,0.000000,0.000000,0.000000,0,0,0.000000,0.000000,0.000000,0.000000,0.000000,0.000000,0.000000,0.000000,0.000000,0.000000,0.000000,0.000000,0.000000,0.000000,0,0,0,0,0,0.000000,0.000000,0.000000,0.000000,0.000000,0.000000,0.000000,0.000000,0,0,0,0,0
444,1,18.020036,0.088440,0.000000,0.000190,0.521756,2.215305,2.204546,0.085717,0.006365,11.120114,4.971720,1.229319,1.172977,0.000746,0.000298,2.002357,0.000349,0.640547,0.002282,0.622647,0.000000,0.000000,0.000000,0,0,0.000000,0.000000,0.000000,0.000000,0.000000,0.000000,0.000000,0.000000,0.000000,0.000000,0.000000,0.000000,0.000000,0.000000,0,0,0,0,0,0.000000,0.000000,0.000000,0.000000,0.000000,0.000000,0.000000,0.000000,0,0,0,0,0
445,1,18.036862,0.003893,0.000000,0.000163,0.419746,2.350043,2.339372,0.086104,0.045230,11.149289,5.099430,1.229238,1.172584,0.000746,0.000298,2.000810,0.000349,0.641578,0.002343,0.622552,0.000000,0.000000,0.000000,0,0,0.000000,0.000000,0.000000,0.000000,0.000000,0.000000,0.000000,0.000000,0.000000,0.000000,0.000000,0.000000,0.000000,0.000000,0,0,0,0,0,0.000000,0.000000,0.000000,0.000000,0.000000,0.000000,0.000000,0.000000,0,0,0,0,0
446,1,18.516415,0.088216,0.000000,0.000190,0.459418,2.248481,2.237708,0.085656,0.006439,11.218930,5.086758,1.228383,1.137360,0.000726,0.000298,2.392534,0.000363,0.677650,0.002282,0.619276,0.000000,0.000000,0.000000,0,0,0.000000,0.000000,0.000000,0.000000,0.000000,0.000000,0.000000,0.000000,0.000000,0.000000,0.000000,0.000000,0.000000,0.000000,0,0,0,0,0,0.000000,0.000000,0.000000,0.000000,0.000000,0.000000,0.000000,0.000000,0,0,0,0,0
447,1,17.999373,0.003635,0.000000,0.000163,0.481696,2.302497,2.291968,0.085758,0.006480,11.268450,5.060323,1.230804,1.173987,0.000766,0.000298,1.873071,0.000329,0.636783,0.002262,0.700514,0.000000,0.000000,0.000000,0,0,0.000000,0.000000,0.000000,0.000000,0.000000,0.000000,0.000000,0.000000,0.000000,0.000000,0.000000,0.000000,0.000000,0.000000,0,0,0,0,0,0.000000,0.000000,0.000000,0.000000,0.000000,0.000000,0.000000,0.000000,0,0,0,0,0
448,1,18.466068,0.126858,0.000000,0.000190,0.421007,2.320889,2.310299,0.086124,0.006378,11.207943,5.040178,1.231659,1.175140,0.000746,0.000298,2.317000,0.000349,0.637821,0.002262,0.697523,0.000000,0.000000,0.000000,0,0,0.000000,0.000000,0.000000,0.000000,0.000000,0.000000,0.000000,0.000000,0.000000,0.000000,0.000000,0.000000,0.000000,0.000000,0,0,0,0,0,0.000000,0.000000,0.000000,0.000000,0.000000,0.000000,0.000000,0.000000,0,0,0,0,0
449,1,18.430627,0.339695,0.000000,0.000163,0.516364,2.314582,2.304114,0.149214,0.006297,11.163374,5.040483,1.244415,1.185788,0.000692,0.000305,1.950795,0.000492,0.636356,0.002262,0.773960,0.000000,0.000000,0.000000,0,0,0.000000,0.000000,0.000000,0.000000,0.000000,0.000000,0.000000,0.000000,0.000000,0.000000,0.000000,0.000000,0.000000,0.000000,0,0,0,0,0,0.000000,0.000000,0.000000,0.000000,0.000000,0.000000,0.000000,0.000000,0,0,0,0,0
450,1,18.891985,0.429220,0.000000,0.000190,0.517402,2.250882,2.240211,0.127241,0.006236,11.130022,5.046132,1.271617,1.215017,0.000746,0.000298,2.412859,0.000349,0.636559,0.002404,0.623366,0.000000,0.000000,0.000000,0,0,0.000000,0.000000,0.000000,0.000000,0.000000,0.000000,0.000000,0.000000,0.000000,0.000000,0.000000,0.000000,0.000000,0.000000,0,0,0,0,0,0.000000,0.000000,0.000000,0.000000,0.000000,0.000000,0.000000,0.000000,0,0,0,0,0
451,1,18.332801,0.374580,0.000000,0.000163,0.527147,2.244534,2.233904,0.085473,0.008053,11.110999,5.057810,1.234161,1.177422,0.000766,0.000298,1.958025,0.000349,0.638960,0.002282,0.638665,0.000000,0.000000,0.000000,0,0,0.000000,0.000000,0.000000,0.000000,0.000000,0.000000,0.000000,0.000000,0.000000,0.000000,0.000000,0.000000,0.000000,0.000000,0,0,0,0,0,0.000000,0.000000,0.000000,0.000000,0.000000,0.000000,0.000000,0.000000,0,0,0,0,0
452,1,18.914059,0.428569,0.000000,0.000190,0.559231,2.281155,2.270565,0.125634,0.006446,11.102190,5.116845,1.269501,1.173428,0.000766,0.000298,2.398068,0.000342,0.633202,0.002289,0.726705,0.000000,0.000000,0.000000,0,0,0.000000,0.000000,0.000000,0.000000,0.000000,0.000000,0.000000,0.000000,0.000000,0.000000,0.000000,0.000000,0.000000,0.000000,0,0,0,0,0,0.000000,0.000000,0.000000,0.000000,0.000000,0.000000,0.000000,0.000000,0,0,0,0,0
453,1,18.421627,0.342699,0.000000,0.000210,0.532539,2.297655,2.286964,0.084985,0.008074,11.145464,5.065952,1.225210,1.169634,0.000746,0.000298,1.998138,0.000404,0.635678,0.002262,0.621880,0.000000,0.000000,0.000000,0,0,0.000000,0.000000,0.000000,0.000000,0.000000,0.000000,0.000000,0.000000,0.000000,0.000000,0.000000,0.000000,0.000000,0.000000,0,0,0,0,0,0.000000,0.000000,0.000000,0.000000,0.000000,0.000000,0.000000,0.000000,0,0,0,0,0
454,1,18.105391,0.087918,0.000000,0.000190,0.452040,2.313666,2.302941,0.085188,0.006419,11.228258,5.021678,1.191342,1.134688,0.000746,0.000298,1.989031,0.000329,0.641096,0.002282,0.624485,0.000000,0.000000,0.000000,0,0,0.000000,0.000000,0.000000,0.000000,0.000000,0.000000,0.000000,0.000000,0.000000,0.000000,0.000000,0.000000,0.000000,0.000000,0,0,0,0,0,0.000000,0.000000,0.000000,0.000000,0.000000,0.000000,0.000000,0.000000,0,0,0,0,0
455,1,18.371294,0.334561,0.000000,0.000163,0.558845,2.249478,2.238725,0.086212,0.006358,11.183590,5.044715,1.236277,1.179372,0.000766,0.000298,1.927019,0.000349,0.678104,0.002296,0.649631,0.000000,0.000000,0.000000,0,0,0.000000,0.000000,0.000000,0.000000,0.000000,0.000000,0.000000,0.000000,0.000000,0.000000,0.000000,0.000000,0.000000,0.000000,0,0,0,0,0,0.000000,0.000000,0.000000,0.000000,0.000000,0.000000,0.000000,0.000000,0,0,0,0,0
456,1,18.356347,0.425320,0.000000,0.000190,0.537910,2.282762,2.272112,0.085270,0.008013,11.042182,5.083622,1.193275,1.137885,0.000875,0.000305,1.992598,0.000349,0.638797,0.002296,0.623874,0.000000,0.000000,0.000000,0,0,0.000000,0.000000,0.000000,0.000000,0.000000,0.000000,0.000000,0.000000,0.000000,0.000000,0.000000,0.000000,0.000000,0.000000,0,0,0,0,0,0.000000,0.000000,0.000000,0.000000,0.000000,0.000000,0.000000,0.000000,0,0,0,0,0
457,1,18.423852,0.335334,0.000000,0.000210,0.510159,2.292976,2.282223,0.086144,0.006432,11.165646,5.008542,1.228200,1.138394,0.000807,0.000298,2.012095,0.000329,0.676524,0.002363,0.624139,0.000000,0.000000,0.000000,0,0,0.000000,0.000000,0.000000,0.000000,0.000000,0.000000,0.000000,0.000000,0.000000,0.000000,0.000000,0.000000,0.000000,0.000000,0,0,0,0,0,0.000000,0.000000,0.000000,0.000000,0.000000,0.000000,0.000000,0.000000,0,0,0,0,0
458,1,18.384972,0.433682,0.000000,0.000197,0.519538,2.263068,2.252377,0.085127,0.006297,11.132890,5.011681,1.228614,1.127004,0.000746,0.000298,1.925391,0.000349,0.679955,0.002282,0.667514,0.000000,0.000000,0.000000,0,0,0.000000,0.000000,0.000000,0.000000,0.000000,0.000000,0.000000,0.000000,0.000000,0.000000,0.000000,0.000000,0.000000,0.000000,0,0,0,0,0,0.000000,0.000000,0.000000,0.000000,0.000000,0.000000,0.000000,0.000000,0,0,0,0,0
459,1,17.886091,0.003676,0.000000,0.000163,0.459602,2.294298,2.283586,0.085493,0.007524,11.011797,5.052972,1.228282,1.137051,0.000746,0.000298,1.978475,0.000349,0.642032,0.002282,0.620822,0.000000,0.000000,0.000000,0,0,0.000000,0.000000,0.000000,0.000000,0.000000,0.000000,0.000000,0.000000,0.000000,0.000000,0.000000,0.000000,0.000000,0.000000,0,0,0,0,0,0.000000,0.000000,0.000000,0.000000,0.000000,0.000000,0.000000,0.000000,0,0,0,0,0
460,1,18.421817,0.087572,0.000000,0.000197,0.456509,2.266920,2.256297,0.085453,0.006934,11.066098,5.102454,1.224965,1.169688,0.000814,0.000305,2.434675,0.000383,0.640662,0.002282,0.623040,0.000000,0.000000,0.000000,0,0,0.000000,0.000000,0.000000,0.000000,0.000000,0.000000,0.000000,0.000000,0.000000,0.000000,0.000000,0.000000,0.000000,0.000000,0,0,0,0,0,0.000000,0.000000,0.000000,0.000000,0.000000,0.000000,0.000000,0.000000,0,0,0,0,0
461,1,18.345354,0.003811,0.000000,0.000163,0.461249,2.285712,2.275102,0.085270,0.006399,11.163784,5.071075,1.197445,1.141690,0.000746,0.000353,2.327077,0.000329,0.703617,0.002241,0.617995,0.000000,0.000000,0.000000,0,0,0.000000,0.000000,0.000000,0.000000,0.000000,0.000000,0.000000,0.000000,0.000000,0.000000,0.000000,0.000000,0.000000,0.000000,0,0,0,0,0,0.000000,0.000000,0.000000,0.000000,0.000000,0.000000,0.000000,0.000000,0,0,0,0,0
462,1,17.977970,0.088304,0.000000,0.000190,0.511848,2.218879,2.208045,0.085758,0.006460,11.094438,5.044708,1.229869,1.138584,0.000746,0.000298,1.990618,0.000349,0.641381,0.002384,0.621962,0.000000,0.000000,0.000000,0,0,0.000000,0.000000,0.000000,0.000000,0.000000,0.000000,0.000000,0.000000,0.000000,0.000000,0.000000,0.000000,0.000000,0.000000,0,0,0,0,0,0.000000,0.000000,0.000000,0.000000,0.000000,0.000000,0.000000,0.000000,0,0,0,0,0
463,1,18.396874,0.299940,0.000000,0.000190,0.512499,2.345710,2.335141,0.086409,0.006378,11.223751,5.044763,1.229584,1.172930,0.000766,0.000298,1.905250,0.000349,0.677819,0.002363,0.616611,0.000000,0.000000,0.000000,0,0,0.000000,0.000000,0.000000,0.000000,0.000000,0.000000,0.000000,0.000000,0.000000,0.000000,0.000000,0.000000,0.000000,0.000000,0,0,0,0,0,0.000000,0.000000,0.000000,0.000000,0.000000,0.000000,0.000000,0.000000,0,0,0,0,0
464,1,18.933753,0.425435,0.000000,0.000190,0.512499,2.265815,2.254818,0.086483,0.006337,11.280901,5.180244,1.227590,1.172658,0.000766,0.000298,2.341393,0.000349,0.676700,0.002424,0.618320,0.000000,0.000000,0.000000,0,0,0.000000,0.000000,0.000000,0.000000,0.000000,0.000000,0.000000,0.000000,0.000000,0.000000,0.000000,0.000000,0.000000,0.000000,0,0,0,0,0,0.000000,0.000000,0.000000,0.000000,0.000000,0.000000,0.000000,0.000000,0,0,0,0,0
465,1,19.330197,0.337748,0.000000,0.000163,0.512661,2.316535,2.305966,1.949297,0.010773,5.984070,5.083340,1.245500,1.188656,0.000712,0.000305,2.428558,0.000349,0.632077,0.002262,0.617038,0.000000,0.000000,0.000000,0,0,0.000000,0.000000,0.000000,0.000000,0.000000,0.000000,0.000000,0.000000,0.000000,0.000000,0.000000,0.000000,0.000000,0.000000,0,0,0,0,0,0.000000,0.000000,0.000000,0.000000,0.000000,0.000000,0.000000,0.000000,0,0,0,0,0
466,1,18.582801,0.423747,0.000000,0.000244,0.511549,2.252936,2.242184,0.086812,0.006385,11.327369,5.288289,1.225555,1.169695,0.000848,0.000298,1.994843,0.000363,0.636451,0.002262,0.622999,0.000000,0.000000,0.000000,0,0,0.000000,0.000000,0.000000,0.000000,0.000000,0.000000,0.000000,0.000000,0.000000,0.000000,0.000000,0.000000,0.000000,0.000000,0,0,0,0,0,0.000000,0.000000,0.000000,0.000000,0.000000,0.000000,0.000000,0.000000,0,0,0,0,0
467,1,18.933753,0.340373,0.000000,0.000210,0.512092,2.290290,2.279558,2.042925,0.011658,5.934943,4.932431,1.279945,1.223867,0.000746,0.000298,1.962162,0.000349,0.632402,0.002262,0.619378,0.000000,0.000000,0.000000,0,0,0.000000,0.000000,0.000000,0.000000,0.000000,0.000000,0.000000,0.000000,0.000000,0.000000,0.000000,0.000000,0.000000,0.000000,0,0,0,0,0,0.000000,0.000000,0.000000,0.000000,0.000000,0.000000,0.000000,0.000000,0,0,0,0,0
468,1,18.510739,0.427178,0.000000,0.000197,0.513231,2.257494,2.246945,0.123739,0.006304,11.153310,5.197534,1.268592,1.172774,0.000753,0.000305,1.973521,0.000349,0.669172,0.002255,0.621087,0.000000,0.000000,0.000000,0,0,0.000000,0.000000,0.000000,0.000000,0.000000,0.000000,0.000000,0.000000,0.000000,0.000000,0.000000,0.000000,0.000000,0.000000,0,0,0,0,0,0.000000,0.000000,0.000000,0.000000,0.000000,0.000000,0.000000,0.000000,0,0,0,0,0
469,1,18.506792,0.003832,0.000000,0.000163,0.452542,2.302680,2.291928,2.017432,0.010807,5.886868,4.996351,1.279972,1.220028,0.000712,0.000305,1.953684,0.000349,0.635034,0.002363,0.671217,0.000000,0.000000,0.000000,0,0,0.000000,0.000000,0.000000,0.000000,0.000000,0.000000,0.000000,0.000000,0.000000,0.000000,0.000000,0.000000,0.000000,0.000000,0,0,0,0,0,0.000000,0.000000,0.000000,0.000000,0.000000,0.000000,0.000000,0.000000,0,0,0,0,0
470,1,18.142249,0.087891,0.000000,0.000190,0.459724,2.271450,2.260820,0.127930,0.006399,11.231940,4.988305,1.267900,1.183692,0.000726,0.000298,1.932899,0.000349,0.639957,0.002343,0.662143,0.000000,0.000000,0.000000,0,0,0.000000,0.000000,0.000000,0.000000,0.000000,0.000000,0.000000,0.000000,0.000000,0.000000,0.000000,0.000000,0.000000,0.000000,0,0,0,0,0,0.000000,0.000000,0.000000,0.000000,0.000000,0.000000,0.000000,0.000000,0,0,0,0,0
471,1,18.561730,0.003737,0.000000,0.000163,0.456590,2.270555,2.259905,2.026425,0.010969,5.926758,4.958255,1.276669,1.218597,0.000692,0.000305,1.988325,0.000349,0.679386,0.002302,0.619561,0.000000,0.000000,0.000000,0,0,0.000000,0.000000,0.000000,0.000000,0.000000,0.000000,0.000000,0.000000,0.000000,0.000000,0.000000,0.000000,0.000000,0.000000,0,0,0,0,0,0.000000,0.000000,0.000000,0.000000,0.000000,0.000000,0.000000,0.000000,0,0,0,0,0
472,1,18.069319,0.087999,0.000000,0.000190,0.476630,2.294298,2.283647,0.126160,0.006344,11.150428,5.079600,1.259755,1.177107,0.000726,0.000298,1.917253,0.000349,0.633358,0.002262,0.668369,0.000000,0.000000,0.000000,0,0,0.000000,0.000000,0.000000,0.000000,0.000000,0.000000,0.000000,0.000000,0.000000,0.000000,0.000000,0.000000,0.000000,0.000000,0,0,0,0,0,0.000000,0.000000,0.000000,0.000000,0.000000,0.000000,0.000000,0.000000,0,0,0,0,0
473,1,19.217044,0.336317,0.000000,0.000163,0.524875,2.272183,2.261349,1.947201,0.011112,5.890672,4.925340,1.235796,1.179494,0.000766,0.000298,2.313480,0.000349,0.673303,0.002424,0.656386,0.000000,0.000000,0.000000,0,0,0.000000,0.000000,0.000000,0.000000,0.000000,0.000000,0.000000,0.000000,0.000000,0.000000,0.000000,0.000000,0.000000,0.000000,0,0,0,0,0,0.000000,0.000000,0.000000,0.000000,0.000000,0.000000,0.000000,0.000000,0,0,0,0,0
474,1,18.407678,0.421353,0.000000,0.000190,0.513435,2.292101,2.281572,0.085212,0.006466,11.120575,5.053192,1.227800,1.136661,0.000766,0.000298,1.982744,0.000349,0.641686,0.002282,0.623834,0.000000,0.000000,0.000000,0,0,0.000000,0.000000,0.000000,0.000000,0.000000,0.000000,0.000000,0.000000,0.000000,0.000000,0.000000,0.000000,0.000000,0.000000,0,0,0,0,0,0.000000,0.000000,0.000000,0.000000,0.000000,0.000000,0.000000,0.000000,0,0,0,0,0
475,1,19.282332,0.301561,0.000000,0.000163,0.511176,2.279121,2.268456,1.950884,0.011071,6.007799,4.919149,1.258521,1.201019,0.000807,0.000298,2.345422,0.000349,0.640500,0.002262,0.660292,0.000000,0.000000,0.000000,0,0,0.000000,0.000000,0.000000,0.000000,0.000000,0.000000,0.000000,0.000000,0.000000,0.000000,0.000000,0.000000,0.000000,0.000000,0,0,0,0,0,0.000000,0.000000,0.000000,0.000000,0.000000,0.000000,0.000000,0.000000,0,0,0,0,0
476,1,18.006853,0.088216,0.000000,0.000190,0.521654,2.224291,2.213192,0.085124,0.006426,11.096117,4.996911,1.193926,1.137414,0.000726,0.000298,1.996185,0.000349,0.640954,0.002323,0.623895,0.000000,0.000000,0.000000,0,0,0.000000,0.000000,0.000000,0.000000,0.000000,0.000000,0.000000,0.000000,0.000000,0.000000,0.000000,0.000000,0.000000,0.000000,0,0,0,0,0,0.000000,0.000000,0.000000,0.000000,0.000000,0.000000,0.000000,0.000000,0,0,0,0,0
477,1,19.252485,0.300795,0.000000,0.000163,0.506375,2.360053,2.349484,1.950436,0.011112,5.932231,4.968051,1.234148,1.177202,0.000746,0.000298,2.319746,0.000349,0.636010,0.002241,0.680250,0.000000,0.000000,0.000000,0,0,0.000000,0.000000,0.000000,0.000000,0.000000,0.000000,0.000000,0.000000,0.000000,0.000000,0.000000,0.000000,0.000000,0.000000,0,0,0,0,0,0.000000,0.000000,0.000000,0.000000,0.000000,0.000000,0.000000,0.000000,0,0,0,0,0
478,1,18.585893,0.388509,0.000000,0.000197,0.508531,2.298245,2.287818,0.086243,0.006405,11.349850,5.159620,1.202810,1.148122,0.000746,0.000298,1.957598,0.000349,0.671431,0.002255,0.623935,0.000000,0.000000,0.000000,0,0,0.000000,0.000000,0.000000,0.000000,0.000000,0.000000,0.000000,0.000000,0.000000,0.000000,0.000000,0.000000,0.000000,0.000000,0,0,0,0,0,0.000000,0.000000,0.000000,0.000000,0.000000,0.000000,0.000000,0.000000,0,0,0,0,0
479,1,20.287581,0.338555,0.000000,0.000163,0.509243,2.325467,2.314694,1.936011,0.011190,5.939358,4.925222,2.246104,0.988519,0.000746,0.000298,2.355682,0.000342,0.638106,0.002262,0.657322,0.000000,0.000000,0.000000,0,0,0.000000,0.000000,0.000000,0.000000,0.000000,0.000000,0.000000,0.000000,0.000000,0.000000,0.000000,0.000000,0.000000,0.000000,0,0,0,0,0,0.000000,0.000000,0.000000,0.000000,0.000000,0.000000,0.000000,0.000000,0,0,0,0,0
480,1,19.390099,0.426927,0.000000,0.000190,0.581855,2.291612,2.281030,0.084086,0.007565,11.117862,5.133606,1.226186,1.127974,0.000746,0.000298,1.999881,0.000329,0.656735,0.002323,0.620714,0.000000,0.000000,0.000000,0,0,0.000000,0.000000,0.000000,0.000000,0.000000,0.000000,0.000000,0.000000,0.000000,0.000000,0.000000,0.000000,0.000000,0.000000,0,0,0,0,0,0.000000,0.000000,0.000000,0.000000,0.000000,0.000000,0.000000,0.000000,0,0,0,0,0
481,1,18.425907,0.342617,0.000000,0.000210,0.529751,2.275581,2.264855,0.085107,0.007524,11.138221,5.140140,1.263560,1.205977,0.000766,0.000298,1.994788,0.000370,0.637855,0.002282,0.621860,0.000000,0.000000,0.000000,0,0,0.000000,0.000000,0.000000,0.000000,0.000000,0.000000,0.000000,0.000000,0.000000,0.000000,0.000000,0.000000,0.000000,0.000000,0,0,0,0,0,0.000000,0.000000,0.000000,0.000000,0.000000,0.000000,0.000000,0.000000,0,0,0,0,0
482,1,18.459795,0.429708,0.000000,0.000190,0.511217,2.257107,2.246402,0.085168,0.007585,11.112891,5.152117,1.224945,1.126814,0.000746,0.000298,2.016788,0.000349,0.662804,0.002241,0.621779,0.000000,0.000000,0.000000,0,0,0.000000,0.000000,0.000000,0.000000,0.000000,0.000000,0.000000,0.000000,0.000000,0.000000,0.000000,0.000000,0.000000,0.000000,0,0,0,0,0,0.000000,0.000000,0.000000,0.000000,0.000000,0.000000,0.000000,0.000000,0,0,0,0,0
483,1,17.972958,0.003750,0.000000,0.000190,0.457099,2.311286,2.300819,0.085229,0.007239,11.099484,5.032033,1.226898,1.128523,0.000746,0.000298,1.997189,0.000349,0.633853,0.002262,0.622959,0.000000,0.000000,0.000000,0,0,0.000000,0.000000,0.000000,0.000000,0.000000,0.000000,0.000000,0.000000,0.000000,0.000000,0.000000,0.000000,0.000000,0.000000,0,0,0,0,0,0.000000,0.000000,0.000000,0.000000,0.000000,0.000000,0.000000,0.000000,0,0,0,0,0
484,1,18.140540,0.088053,0.000000,0.000197,0.461270,2.318651,2.307960,0.125471,0.006405,11.181413,5.029904,1.243588,1.186364,0.000699,0.000305,1.967702,0.000342,0.638424,0.002262,0.664035,0.000000,0.000000,0.000000,0,0,0.000000,0.000000,0.000000,0.000000,0.000000,0.000000,0.000000,0.000000,0.000000,0.000000,0.000000,0.000000,0.000000,0.000000,0,0,0,0,0,0.000000,0.000000,0.000000,0.000000,0.000000,0.000000,0.000000,0.000000,0,0,0,0,0
485,1,17.967289,0.003899,0.000000,0.000163,0.455716,2.283983,2.273312,0.085147,0.007911,11.113502,5.164683,1.224864,1.169451,0.000766,0.000298,1.966678,0.000349,0.674483,0.002411,0.621019,0.000000,0.000000,0.000000,0,0,0.000000,0.000000,0.000000,0.000000,0.000000,0.000000,0.000000,0.000000,0.000000,0.000000,0.000000,0.000000,0.000000,0.000000,0,0,0,0,0,0.000000,0.000000,0.000000,0.000000,0.000000,0.000000,0.000000,0.000000,0,0,0,0,0
486,1,18.413530,0.459147,0.000000,0.000190,0.539049,2.223172,2.212602,0.085629,0.006399,11.157915,5.018856,1.227224,1.136973,0.000746,0.000298,1.923608,0.000349,0.680606,0.002404,0.667942,0.000000,0.000000,0.000000,0,0,0.000000,0.000000,0.000000,0.000000,0.000000,0.000000,0.000000,0.000000,0.000000,0.000000,0.000000,0.000000,0.000000,0.000000,0,0,0,0,0,0.000000,0.000000,0.000000,0.000000,0.000000,0.000000,0.000000,0.000000,0,0,0,0,0
487,1,18.840091,0.298896,0.000000,0.000353,0.506171,2.334663,2.324053,0.085880,0.008114,11.195452,5.078902,1.226796,1.135657,0.000746,0.000312,2.359589,0.000349,0.673974,0.002282,0.617995,0.000000,0.000000,0.000000,0,0,0.000000,0.000000,0.000000,0.000000,0.000000,0.000000,0.000000,0.000000,0.000000,0.000000,0.000000,0.000000,0.000000,0.000000,0,0,0,0,0,0.000000,0.000000,0.000000,0.000000,0.000000,0.000000,0.000000,0.000000,0,0,0,0,0
488,1,18.896969,0.423564,0.000000,0.000190,0.512234,2.263007,2.252031,0.086775,0.006385,11.217445,5.115946,1.224762,1.134515,0.000746,0.000298,2.379154,0.000349,0.673669,0.002302,0.618585,0.000000,0.000000,0.000000,0,0,0.000000,0.000000,0.000000,0.000000,0.000000,0.000000,0.000000,0.000000,0.000000,0.000000,0.000000,0.000000,0.000000,0.000000,0,0,0,0,0,0.000000,0.000000,0.000000,0.000000,0.000000,0.000000,0.000000,0.000000,0,0,0,0,0
489,1,18.427243,0.300544,0.000000,0.000271,0.536099,2.306519,2.295976,0.086951,0.006358,11.273271,5.102268,1.232025,1.174754,0.000746,0.000298,1.898699,0.000349,0.675968,0.002323,0.663140,0.000000,0.000000,0.000000,0,0,0.000000,0.000000,0.000000,0.000000,0.000000,0.000000,0.000000,0.000000,0.000000,0.000000,0.000000,0.000000,0.000000,0.000000,0,0,0,0,0,0.000000,0.000000,0.000000,0.000000,0.000000,0.000000,0.000000,0.000000,0,0,0,0,0
490,1,18.369971,0.387207,0.000000,0.000190,0.514086,2.320482,2.309913,0.085697,0.006337,11.153785,5.034875,1.236542,1.179996,0.000726,0.000298,1.918054,0.000349,0.637556,0.002282,0.660821,0.000000,0.000000,0.000000,0,0,0.000000,0.000000,0.000000,0.000000,0.000000,0.000000,0.000000,0.000000,0.000000,0.000000,0.000000,0.000000,0.000000,0.000000,0,0,0,0,0,0.000000,0.000000,0.000000,0.000000,0.000000,0.000000,0.000000,0.000000,0,0,0,0,0
491,1,18.809228,0.299411,0.000000,0.000163,0.540046,2.285000,2.274390,0.085575,0.006419,11.263974,5.144399,1.231191,1.174917,0.000746,0.000298,2.312198,0.000349,0.674727,0.002363,0.648593,0.000000,0.000000,0.000000,0,0,0.000000,0.000000,0.000000,0.000000,0.000000,0.000000,0.000000,0.000000,0.000000,0.000000,0.000000,0.000000,0.000000,0.000000,0,0,0,0,0,0.000000,0.000000,0.000000,0.000000,0.000000,0.000000,0.000000,0.000000,0,0,0,0,0
492,1,18.952016,0.464667,0.000000,0.000190,0.514343,2.302816,2.292274,0.085941,0.006487,11.216112,5.095598,1.242062,1.183821,0.000712,0.000305,2.363495,0.000349,0.646623,0.002262,0.622145,0.000000,0.000000,0.000000,0,0,0.000000,0.000000,0.000000,0.000000,0.000000,0.000000,0.000000,0.000000,0.000000,0.000000,0.000000,0.000000,0.000000,0.000000,0,0,0,0,0,0.000000,0.000000,0.000000,0.000000,0.000000,0.000000,0.000000,0.000000,0,0,0,0,0
493,1,18.322086,0.341966,0.000000,0.000210,0.567898,2.253554,2.243052,0.085473,0.006568,11.051795,5.085364,1.225657,1.169613,0.000746,0.000298,2.003204,0.000349,0.634945,0.002241,0.622328,0.000000,0.000000,0.000000,0,0,0.000000,0.000000,0.000000,0.000000,0.000000,0.000000,0.000000,0.000000,0.000000,0.000000,0.000000,0.000000,0.000000,0.000000,0,0,0,0,0,0.000000,0.000000,0.000000,0.000000,0.000000,0.000000,0.000000,0.000000,0,0,0,0,0
494,1,18.515140,0.428758,0.000000,0.000190,0.519518,2.299045,2.288395,0.127099,0.006792,11.162818,5.197276,1.236643,1.179806,0.000814,0.000305,1.956980,0.000342,0.635312,0.002255,0.663893,0.000000,0.000000,0.000000,0,0,0.000000,0.000000,0.000000,0.000000,0.000000,0.000000,0.000000,0.000000,0.000000,0.000000,0.000000,0.000000,0.000000,0.000000,0,0,0,0,0,0.000000,0.000000,0.000000,0.000000,0.000000,0.000000,0.000000,0.000000,0,0,0,0,0
495,1,18.300269,0.343309,0.000000,0.000163,0.533800,2.210198,2.199636,0.085656,0.006385,11.158444,5.041053,1.225006,1.133762,0.000793,0.000332,1.916216,0.000349,0.710839,0.002404,0.628025,0.000000,0.000000,0.000000,0,0,0.000000,0.000000,0.000000,0.000000,0.000000,0.000000,0.000000,0.000000,0.000000,0.000000,0.000000,0.000000,0.000000,0.000000,0,0,0,0,0,0.000000,0.000000,0.000000,0.000000,0.000000,0.000000,0.000000,0.000000,0,0,0,0,0
496,1,18.117794,0.087728,0.000000,0.000190,0.501492,2.268317,2.257504,0.126326,0.006487,11.175371,5.081804,1.243052,1.185577,0.000692,0.000305,1.962463,0.000349,0.637000,0.002302,0.662957,0.000000,0.000000,0.000000,0,0,0.000000,0.000000,0.000000,0.000000,0.000000,0.000000,0.000000,0.000000,0.000000,0.000000,0.000000,0.000000,0.000000,0.000000,0,0,0,0,0,0.000000,0.000000,0.000000,0.000000,0.000000,0.000000,0.000000,0.000000,0,0,0,0,0
497,1,18.033424,0.003771,0.000000,0.000163,0.455004,2.293281,2.282610,0.085941,0.006812,11.161190,5.042728,1.267629,1.210615,0.000848,0.000298,1.970788,0.000349,0.637224,0.002262,0.621819,0.000000,0.000000,0.000000,0,0,0.000000,0.000000,0.000000,0.000000,0.000000,0.000000,0.000000,0.000000,0.000000,0.000000,0.000000,0.000000,0.000000,0.000000,0,0,0,0,0,0.000000,0.000000,0.000000,0.000000,0.000000,0.000000,0.000000,0.000000,0,0,0,0,0
498,1,18.138167,0.088121,0.000000,0.000190,0.459276,2.267585,2.257077,0.125634,0.006365,11.184445,5.262238,1.235077,1.178613,0.000746,0.000298,1.980208,0.000349,0.680966,0.002302,0.664300,0.000000,0.000000,0.000000,0,0,0.000000,0.000000,0.000000,0.000000,0.000000,0.000000,0.000000,0.000000,0.000000,0.000000,0.000000,0.000000,0.000000,0.000000,0,0,0,0,0,0.000000,0.000000,0.000000,0.000000,0.000000,0.000000,0.000000,0.000000,0,0,0,0,0
499,1,17.976179,0.003655,0.000000,0.000163,0.459724,2.332397,2.321876,0.086511,0.007172,11.086829,5.008711,1.224932,1.169261,0.000746,0.000298,1.997969,0.000349,0.633121,0.002302,0.734816,0.000000,0.000000,0.000000,0,0,0.000000,0.000000,0.000000,0.000000,0.000000,0.000000,0.000000,0.000000,0.000000,0.000000,0.000000,0.000000,0.000000,0.000000,0,0,0,0,0,0.000000,0.000000,0.000000,0.000000,0.000000,0.000000,0.000000,0.000000,0,0,0,0,0
500,1,18.604190,0.087796,0.000000,0.000190,0.457811,2.286506,2.275862,0.125471,0.006378,11.271247,5.264028,1.248416,1.191247,0.000977,0.000332,2.377252,0.000349,0.633053,0.002282,0.620843,0.000000,0.000000,0.000000,0,0,0.000000,0.000000,0.000000,0.000000,0.000000,0.000000,0.000000,0.000000,0.000000,0.000000,0.000000,0.000000,0.000000,0.000000,0,0,0,0,0,0.000000,0.000000,0.000000,0.000000,0.000000,0.000000,0.000000,0.000000,0,0,0,0,0
501,1,18.065203,0.003906,0.000000,0.000190,0.457730,2.292243,2.281674,0.085066,0.007545,11.269772,5.160536,1.236643,1.179691,0.000726,0.000298,1.929487,0.000329,0.632206,0.002262,0.655206,0.000000,0.000000,0.000000,0,0,0.000000,0.000000,0.000000,0.000000,0.000000,0.000000,0.000000,0.000000,0.000000,0.000000,0.000000,0.000000,0.000000,0.000000,0,0,0,0,0,0.000000,0.000000,0.000000,0.000000,0.000000,0.000000,0.000000,0.000000,0,0,0,0,0
502,1,18.821476,0.453518,0.000000,0.000197,0.534431,2.204108,2.193580,0.085717,0.006426,11.158546,5.001984,1.230927,1.138360,0.000746,0.000414,2.331492,0.000349,0.705624,0.002424,0.616652,0.000000,0.000000,0.000000,0,0,0.000000,0.000000,0.000000,0.000000,0.000000,0.000000,0.000000,0.000000,0.000000,0.000000,0.000000,0.000000,0.000000,0.000000,0,0,0,0,0,0.000000,0.000000,0.000000,0.000000,0.000000,0.000000,0.000000,0.000000,0,0,0,0,0
503,1,17.949968,0.003649,0.000000,0.000163,0.459073,2.301317,2.290666,0.085615,0.008358,11.069984,5.052043,1.226654,1.170780,0.000746,0.000298,1.985226,0.000349,0.638533,0.002384,0.702040,0.000000,0.000000,0.000000,0,0,0.000000,0.000000,0.000000,0.000000,0.000000,0.000000,0.000000,0.000000,0.000000,0.000000,0.000000,0.000000,0.000000,0.000000,0,0,0,0,0,0.000000,0.000000,0.000000,0.000000,0.000000,0.000000,0.000000,0.000000,0,0,0,0,0
504,1,19.008548,0.463955,0.000000,0.000190,0.523994,2.270270,2.259667,0.126021,0.006317,11.256995,5.137275,1.241716,1.184316,0.000692,0.000305,2.354374,0.000349,0.655195,0.002282,0.665337,0.000000,0.000000,0.000000,0,0,0.000000,0.000000,0.000000,0.000000,0.000000,0.000000,0.000000,0.000000,0.000000,0.000000,0.000000,0.000000,0.000000,0.000000,0,0,0,0,0,0.000000,0.000000,0.000000,0.000000,0.000000,0.000000,0.000000,0.000000,0,0,0,0,0
505,1,18.503598,0.340115,0.000000,0.000163,0.512255,2.321866,2.311215,0.085860,0.006405,11.257300,5.105923,1.238617,1.181020,0.000712,0.000346,1.975026,0.000349,0.656070,0.002302,0.622755,0.000000,0.000000,0.000000,0,0,0.000000,0.000000,0.000000,0.000000,0.000000,0.000000,0.000000,0.000000,0.000000,0.000000,0.000000,0.000000,0.000000,0.000000,0,0,0,0,0,0.000000,0.000000,0.000000,0.000000,0.000000,0.000000,0.000000,0.000000,0,0,0,0,0
506,1,18.813799,0.388387,0.000000,0.000190,0.593309,2.225552,2.214786,0.085086,0.006324,11.199704,4.928507,1.236725,1.179304,0.000746,0.000298,2.332706,0.000349,0.635379,0.002262,0.679030,0.000000,0.000000,0.000000,0,0,0.000000,0.000000,0.000000,0.000000,0.000000,0.000000,0.000000,0.000000,0.000000,0.000000,0.000000,0.000000,0.000000,0.000000,0,0,0,0,0,0.000000,0.000000,0.000000,0.000000,0.000000,0.000000,0.000000,0.000000,0,0,0,0,0
507,1,18.083194,0.003737,0.000000,0.000163,0.411546,2.285387,2.274858,0.085941,0.006365,11.346066,5.160634,1.203868,1.148956,0.000746,0.000298,1.959469,0.000349,0.670637,0.002282,0.622816,0.000000,0.000000,0.000000,0,0,0.000000,0.000000,0.000000,0.000000,0.000000,0.000000,0.000000,0.000000,0.000000,0.000000,0.000000,0.000000,0.000000,0.000000,0,0,0,0,0,0.000000,0.000000,0.000000,0.000000,0.000000,0.000000,0.000000,0.000000,0,0,0,0,0
508,1,17.946591,0.087952,0.000000,0.000190,0.453600,2.284309,2.273705,0.085005,0.006324,11.142046,4.931383,1.227631,1.171933,0.000746,0.000298,1.873945,0.000349,0.675215,0.002404,0.656406,0.000000,0.000000,0.000000,0,0,0.000000,0.000000,0.000000,0.000000,0.000000,0.000000,0.000000,0.000000,0.000000,0.000000,0.000000,0.000000,0.000000,0.000000,0,0,0,0,0,0.000000,0.000000,0.000000,0.000000,0.000000,0.000000,0.000000,0.000000,0,0,0,0,0
509,1,17.943322,0.003737,0.000000,0.000163,0.513882,2.215983,2.205543,0.088423,0.006500,11.163795,5.071292,1.242076,1.183604,0.000746,0.000298,1.964908,0.000349,0.634620,0.002262,0.662326,0.000000,0.000000,0.000000,0,0,0.000000,0.000000,0.000000,0.000000,0.000000,0.000000,0.000000,0.000000,0.000000,0.000000,0.000000,0.000000,0.000000,0.000000,0,0,0,0,0,0.000000,0.000000,0.000000,0.000000,0.000000,0.000000,0.000000,0.000000,0,0,0,0,0
510,1,18.193159,0.126899,0.000000,0.000190,0.412482,2.335965,2.325395,0.128218,0.006236,11.231086,5.085039,1.191823,1.135671,0.000726,0.000298,2.011675,0.000349,0.638838,0.002282,0.624525,0.000000,0.000000,0.000000,0,0,0.000000,0.000000,0.000000,0.000000,0.000000,0.000000,0.000000,0.000000,0.000000,0.000000,0.000000,0.000000,0.000000,0.000000,0,0,0,0,0,0.000000,0.000000,0.000000,0.000000,0.000000,0.000000,0.000000,0.000000,0,0,0,0,0
511,1,17.944882,0.003974,0.000000,0.000190,0.451809,2.245307,2.234799,0.128727,0.006236,11.209764,5.005666,1.260603,1.201860,0.000793,0.000475,1.891564,0.000349,0.636905,0.002262,0.710361,0.000000,0.000000,0.000000,0,0,0.000000,0.000000,0.000000,0.000000,0.000000,0.000000,0.000000,0.000000,0.000000,0.000000,0.000000,0.000000,0.000000,0.000000,0,0,0,0,0,0.000000,0.000000,0.000000,0.000000,0.000000,0.000000,0.000000,0.000000,0,0,0,0,0
512,1,18.120487,0.088304,0.000000,0.000190,0.452786,2.340264,2.329485,0.085900,0.006337,11.187863,5.120738,1.243405,1.185516,0.000712,0.000305,1.929745,0.000349,0.675500,0.002302,0.617405,0.000000,0.000000,0.000000,0,0,0.000000,0.000000,0.000000,0.000000,0.000000,0.000000,0.000000,0.000000,0.000000,0.000000,0.000000,0.000000,0.000000,0.000000,0,0,0,0,0,0.000000,0.000000,0.000000,0.000000,0.000000,0.000000,0.000000,0.000000,0,0,0,0,0
513,1,18.101885,0.003771,0.000000,0.000163,0.458198,2.276944,2.266334,0.124820,0.006243,11.264757,5.068295,1.243452,1.185394,0.000712,0.000305,1.899404,0.000349,0.715213,0.002343,0.618056,0.000000,0.000000,0.000000,0,0,0.000000,0.000000,0.000000,0.000000,0.000000,0.000000,0.000000,0.000000,0.000000,0.000000,0.000000,0.000000,0.000000,0.000000,0,0,0,0,0,0.000000,0.000000,0.000000,0.000000,0.000000,0.000000,0.000000,0.000000,0,0,0,0,0
514,1,18.509437,0.088013,0.000000,0.000190,0.454719,2.269477,2.258826,0.084944,0.006446,11.227444,5.124654,1.241201,1.182872,0.000712,0.000305,2.358300,0.000349,0.669376,0.002343,0.666782,0.000000,0.000000,0.000000,0,0,0.000000,0.000000,0.000000,0.000000,0.000000,0.000000,0.000000,0.000000,0.000000,0.000000,0.000000,0.000000,0.000000,0.000000,0,0,0,0,0,0.000000,0.000000,0.000000,0.000000,0.000000,0.000000,0.000000,0.000000,0,0,0,0,0
515,1,18.437314,0.003750,0.000000,0.000217,0.505385,2.242520,2.231951,0.126407,0.006460,11.107642,5.112586,1.303721,1.245962,0.000793,0.000305,2.397695,0.000349,0.633223,0.002363,0.653517,0.000000,0.000000,0.000000,0,0,0.000000,0.000000,0.000000,0.000000,0.000000,0.000000,0.000000,0.000000,0.000000,0.000000,0.000000,0.000000,0.000000,0.000000,0,0,0,0,0,0.000000,0.000000,0.000000,0.000000,0.000000,0.000000,0.000000,0.000000,0,0,0,0,0
516,1,18.450768,0.423550,0.000000,0.000190,0.512641,2.296495,2.285973,0.085215,0.006317,11.180793,5.050249,1.250383,1.192657,0.000712,0.000305,1.921146,0.000349,0.664568,0.002363,0.657789,0.000000,0.000000,0.000000,0,0,0.000000,0.000000,0.000000,0.000000,0.000000,0.000000,0.000000,0.000000,0.000000,0.000000,0.000000,0.000000,0.000000,0.000000,0,0,0,0,0,0.000000,0.000000,0.000000,0.000000,0.000000,0.000000,0.000000,0.000000,0,0,0,0,0
517,1,18.850162,0.341973,0.000000,0.000163,0.534146,2.285590,2.275001,0.085086,0.008053,11.144223,5.057719,1.228119,1.128869,0.000807,0.000298,2.431658,0.000329,0.640445,0.002302,0.625034,0.000000,0.000000,0.000000,0,0,0.000000,0.000000,0.000000,0.000000,0.000000,0.000000,0.000000,0.000000,0.000000,0.000000,0.000000,0.000000,0.000000,0.000000,0,0,0,0,0,0.000000,0.000000,0.000000,0.000000,0.000000,0.000000,0.000000,0.000000,0,0,0,0,0
518,1,18.314043,0.425618,0.000000,0.000190,0.531582,2.199653,2.189063,0.085588,0.006534,11.088253,4.955136,1.226674,1.170570,0.000746,0.000298,1.924808,0.000349,0.714379,0.002343,0.624444,0.000000,0.000000,0.000000,0,0,0.000000,0.000000,0.000000,0.000000,0.000000,0.000000,0.000000,0.000000,0.000000,0.000000,0.000000,0.000000,0.000000,0.000000,0,0,0,0,0,0.000000,0.000000,0.000000,0.000000,0.000000,0.000000,0.000000,0.000000,0,0,0,0,0
519,1,18.281959,0.003893,0.000000,0.000163,0.473436,2.258511,2.248010,0.085046,0.008033,11.045498,5.074961,1.193030,1.138438,0.000753,0.000298,2.387387,0.000342,0.676131,0.002384,0.617506,0.000000,0.000000,0.000000,0,0,0.000000,0.000000,0.000000,0.000000,0.000000,0.000000,0.000000,0.000000,0.000000,0.000000,0.000000,0.000000,0.000000,0.000000,0,0,0,0,0,0.000000,0.000000,0.000000,0.000000,0.000000,0.000000,0.000000,0.000000,0,0,0,0,0
520,1,18.094255,0.088013,0.000000,0.000190,0.460782,2.271044,2.260413,0.127160,0.006236,11.176978,5.166189,1.245595,1.187646,0.000699,0.000305,1.929738,0.000349,0.679162,0.002343,0.663954,0.000000,0.000000,0.000000,0,0,0.000000,0.000000,0.000000,0.000000,0.000000,0.000000,0.000000,0.000000,0.000000,0.000000,0.000000,0.000000,0.000000,0.000000,0,0,0,0,0,0.000000,0.000000,0.000000,0.000000,0.000000,0.000000,0.000000,0.000000,0,0,0,0,0
521,1,17.927548,0.003730,0.000000,0.000190,0.491380,2.233324,2.222816,0.085005,0.007992,11.105587,5.058502,1.226735,1.105214,0.000766,0.000298,1.987295,0.000349,0.635827,0.002282,0.665521,0.000000,0.000000,0.000000,0,0,0.000000,0.000000,0.000000,0.000000,0.000000,0.000000,0.000000,0.000000,0.000000,0.000000,0.000000,0.000000,0.000000,0.000000,0,0,0,0,0,0.000000,0.000000,0.000000,0.000000,0.000000,0.000000,0.000000,0.000000,0,0,0,0,0
522,1,18.355289,0.427477,0.000000,0.000190,0.546332,2.198554,2.187863,0.085249,0.006426,11.114112,5.050846,1.227956,1.136976,0.000766,0.000298,1.997426,0.000349,0.640771,0.002282,0.621209,0.000000,0.000000,0.000000,0,0,0.000000,0.000000,0.000000,0.000000,0.000000,0.000000,0.000000,0.000000,0.000000,0.000000,0.000000,0.000000,0.000000,0.000000,0,0,0,0,0,0.000000,0.000000,0.000000,0.000000,0.000000,0.000000,0.000000,0.000000,0,0,0,0,0
523,1,18.370093,0.340400,0.000000,0.000163,0.510078,2.287062,2.276404,0.085147,0.006297,11.210690,5.053721,1.205699,1.150869,0.000746,0.000298,1.973894,0.000349,0.640344,0.002343,0.623305,0.000000,0.000000,0.000000,0,0,0.000000,0.000000,0.000000,0.000000,0.000000,0.000000,0.000000,0.000000,0.000000,0.000000,0.000000,0.000000,0.000000,0.000000,0,0,0,0,0,0.000000,0.000000,0.000000,0.000000,0.000000,0.000000,0.000000,0.000000,0,0,0,0,0
524,1,18.349280,0.426961,0.000000,0.000190,0.537727,2.213589,2.203081,0.085168,0.006405,11.176134,5.009328,1.193112,1.138204,0.000807,0.000298,1.909936,0.000342,0.689375,0.002302,0.623834,0.000000,0.000000,0.000000,0,0,0.000000,0.000000,0.000000,0.000000,0.000000,0.000000,0.000000,0.000000,0.000000,0.000000,0.000000,0.000000,0.000000,0.000000,0,0,0,0,0,0.000000,0.000000,0.000000,0.000000,0.000000,0.000000,0.000000,0.000000,0,0,0,0,0
525,1,18.384647,0.337368,0.000000,0.000163,0.551195,2.290717,2.279924,0.086205,0.006365,11.160438,5.164168,1.233103,1.175486,0.000746,0.000298,1.928992,0.000329,0.680057,0.002302,0.645684,0.000000,0.000000,0.000000,0,0,0.000000,0.000000,0.000000,0.000000,0.000000,0.000000,0.000000,0.000000,0.000000,0.000000,0.000000,0.000000,0.000000,0.000000,0,0,0,0,0,0.000000,0.000000,0.000000,0.000000,0.000000,0.000000,0.000000,0.000000,0,0,0,0,0
526,1,18.452050,0.424567,0.000000,0.000197,0.519151,2.307197,2.296607,0.085392,0.006480,11.165860,4.957523,1.193478,1.137095,0.000746,0.000298,1.999095,0.000349,0.640418,0.002431,0.623908,0.000000,0.000000,0.000000,0,0,0.000000,0.000000,0.000000,0.000000,0.000000,0.000000,0.000000,0.000000,0.000000,0.000000,0.000000,0.000000,0.000000,0.000000,0,0,0,0,0,0.000000,0.000000,0.000000,0.000000,0.000000,0.000000,0.000000,0.000000,0,0,0,0,0
527,1,18.325294,0.003649,0.000000,0.000163,0.460395,2.258898,2.248294,0.085107,0.006405,11.097287,4.918199,1.228404,1.171417,0.000766,0.000298,2.357296,0.000349,0.717472,0.002424,0.617506,0.000000,0.000000,0.000000,0,0,0.000000,0.000000,0.000000,0.000000,0.000000,0.000000,0.000000,0.000000,0.000000,0.000000,0.000000,0.000000,0.000000,0.000000,0,0,0,0,0,0.000000,0.000000,0.000000,0.000000,0.000000,0.000000,0.000000,0.000000,0,0,0,0,0
528,1,18.528853,0.463501,0.000000,0.000197,0.510769,2.265021,2.254350,0.086368,0.006365,11.237729,5.086019,1.226105,1.135064,0.000766,0.000298,1.911116,0.000329,0.711036,0.002363,0.623447,0.000000,0.000000,0.000000,0,0,0.000000,0.000000,0.000000,0.000000,0.000000,0.000000,0.000000,0.000000,0.000000,0.000000,0.000000,0.000000,0.000000,0.000000,0,0,0,0,0,0.000000,0.000000,0.000000,0.000000,0.000000,0.000000,0.000000,0.000000,0,0,0,0,0
529,1,19.517012,0.341600,0.000000,0.000163,0.535509,2.274984,2.264584,0.084944,0.008013,11.135434,5.053741,2.025462,0.990194,0.000726,0.000298,2.326277,0.000349,0.633508,0.002363,0.638502,0.000000,0.000000,0.000000,0,0,0.000000,0.000000,0.000000,0.000000,0.000000,0.000000,0.000000,0.000000,0.000000,0.000000,0.000000,0.000000,0.000000,0.000000,0,0,0,0,0,0.000000,0.000000,0.000000,0.000000,0.000000,0.000000,0.000000,0.000000,0,0,0,0,0
530,1,18.492333,0.424506,0.000000,0.000190,0.514289,2.321052,2.310360,0.123478,0.006385,11.174578,5.081387,1.242327,1.184330,0.000692,0.000305,1.939870,0.000444,0.635997,0.002262,0.659193,0.000000,0.000000,0.000000,0,0,0.000000,0.000000,0.000000,0.000000,0.000000,0.000000,0.000000,0.000000,0.000000,0.000000,0.000000,0.000000,0.000000,0.000000,0,0,0,0,0,0.000000,0.000000,0.000000,0.000000,0.000000,0.000000,0.000000,0.000000,0,0,0,0,0
531,1,18.768070,0.341153,0.000000,0.000190,0.509345,2.255276,2.244829,0.085310,0.007484,11.103743,5.136376,1.226071,1.128299,0.000766,0.000298,2.422855,0.000349,0.665653,0.002282,0.622999,0.000000,0.000000,0.000000,0,0,0.000000,0.000000,0.000000,0.000000,0.000000,0.000000,0.000000,0.000000,0.000000,0.000000,0.000000,0.000000,0.000000,0.000000,0,0,0,0,0,0.000000,0.000000,0.000000,0.000000,0.000000,0.000000,0.000000,0.000000,0,0,0,0,0
532,1,17.990991,0.087992,0.000000,0.000197,0.512132,2.185716,2.175269,0.126448,0.006297,11.154660,5.113135,1.234487,1.177507,0.000746,0.000298,1.943220,0.000349,0.630395,0.002343,0.617120,0.000000,0.000000,0.000000,0,0,0.000000,0.000000,0.000000,0.000000,0.000000,0.000000,0.000000,0.000000,0.000000,0.000000,0.000000,0.000000,0.000000,0.000000,0,0,0,0,0,0.000000,0.000000,0.000000,0.000000,0.000000,0.000000,0.000000,0.000000,0,0,0,0,0
533,1,18.466414,0.003757,0.000000,0.000224,0.451931,2.319567,2.308902,0.125614,0.007178,11.063432,5.074351,1.273529,1.176436,0.000746,0.000298,2.444692,0.000349,0.635596,0.002262,0.625156,0.000000,0.000000,0.000000,0,0,0.000000,0.000000,0.000000,0.000000,0.000000,0.000000,0.000000,0.000000,0.000000,0.000000,0.000000,0.000000,0.000000,0.000000,0,0,0,0,0,0.000000,0.000000,0.000000,0.000000,0.000000,0.000000,0.000000,0.000000,0,0,0,0,0
534,1,18.102827,0.087735,0.000000,0.000190,0.460171,2.253262,2.242591,0.126841,0.006297,11.173357,5.293630,1.234568,1.177378,0.000726,0.000298,1.978377,0.000363,0.672563,0.002289,0.663581,0.000000,0.000000,0.000000,0,0,0.000000,0.000000,0.000000,0.000000,0.000000,0.000000,0.000000,0.000000,0.000000,0.000000,0.000000,0.000000,0.000000,0.000000,0,0,0,0,0,0.000000,0.000000,0.000000,0.000000,0.000000,0.000000,0.000000,0.000000,0,0,0,0,0
535,1,17.929053,0.003811,0.000000,0.000163,0.506883,2.243842,2.233212,0.085229,0.008013,11.089318,5.091075,1.233551,1.176459,0.000746,0.000298,1.968523,0.000349,0.638553,0.002343,0.667250,0.000000,0.000000,0.000000,0,0,0.000000,0.000000,0.000000,0.000000,0.000000,0.000000,0.000000,0.000000,0.000000,0.000000,0.000000,0.000000,0.000000,0.000000,0,0,0,0,0,0.000000,0.000000,0.000000,0.000000,0.000000,0.000000,0.000000,0.000000,0,0,0,0,0
536,1,18.402205,0.423611,0.000000,0.000190,0.579556,2.215441,2.204749,0.086022,0.006358,11.104163,5.125078,1.268707,1.136556,0.000766,0.000298,1.967892,0.000349,0.640194,0.002343,0.665236,0.000000,0.000000,0.000000,0,0,0.000000,0.000000,0.000000,0.000000,0.000000,0.000000,0.000000,0.000000,0.000000,0.000000,0.000000,0.000000,0.000000,0.000000,0,0,0,0,0,0.000000,0.000000,0.000000,0.000000,0.000000,0.000000,0.000000,0.000000,0,0,0,0,0
537,1,18.369951,0.338487,0.000000,0.000163,0.511095,2.323005,2.312273,0.126468,0.006229,11.084618,4.928111,1.228729,1.137522,0.000766,0.000298,2.001943,0.000349,0.639726,0.002323,0.623793,0.000000,0.000000,0.000000,0,0,0.000000,0.000000,0.000000,0.000000,0.000000,0.000000,0.000000,0.000000,0.000000,0.000000,0.000000,0.000000,0.000000,0.000000,0,0,0,0,0,0.000000,0.000000,0.000000,0.000000,0.000000,0.000000,0.000000,0.000000,0,0,0,0,0
538,1,18.427711,0.427612,0.000000,0.000190,0.532803,2.199429,2.188819,0.085615,0.006317,11.138953,4.910492,1.239655,1.135586,0.000746,0.000298,2.014021,0.000349,0.672468,0.002384,0.626417,0.000000,0.000000,0.000000,0,0,0.000000,0.000000,0.000000,0.000000,0.000000,0.000000,0.000000,0.000000,0.000000,0.000000,0.000000,0.000000,0.000000,0.000000,0,0,0,0,0,0.000000,0.000000,0.000000,0.000000,0.000000,0.000000,0.000000,0.000000,0,0,0,0,0
539,1,18.333554,0.348823,0.000000,0.000163,0.508084,2.261746,2.251000,0.085473,0.006371,11.197588,4.999966,1.227651,1.171519,0.000746,0.000298,1.909359,0.000404,0.677995,0.002302,0.662245,0.000000,0.000000,0.000000,0,0,0.000000,0.000000,0.000000,0.000000,0.000000,0.000000,0.000000,0.000000,0.000000,0.000000,0.000000,0.000000,0.000000,0.000000,0,0,0,0,0,0.000000,0.000000,0.000000,0.000000,0.000000,0.000000,0.000000,0.000000,0,0,0,0,0
540,1,18.424801,0.426778,0.000000,0.000190,0.572435,2.248372,2.237891,0.085303,0.008094,11.093299,5.058638,1.226166,1.171071,0.000793,0.000305,1.974084,0.000349,0.639021,0.002262,0.623142,0.000000,0.000000,0.000000,0,0,0.000000,0.000000,0.000000,0.000000,0.000000,0.000000,0.000000,0.000000,0.000000,0.000000,0.000000,0.000000,0.000000,0.000000,0,0,0,0,0,0.000000,0.000000,0.000000,0.000000,0.000000,0.000000,0.000000,0.000000,0,0,0,0,0
541,1,18.943071,0.379720,0.000000,0.000210,0.516303,2.296170,2.285499,0.085331,0.006548,11.162560,5.025618,1.278025,1.221215,0.000712,0.000346,2.412594,0.000349,0.653968,0.002262,0.623956,0.000000,0.000000,0.000000,0,0,0.000000,0.000000,0.000000,0.000000,0.000000,0.000000,0.000000,0.000000,0.000000,0.000000,0.000000,0.000000,0.000000,0.000000,0,0,0,0,0,0.000000,0.000000,0.000000,0.000000,0.000000,0.000000,0.000000,0.000000,0,0,0,0,0
542,1,18.859840,0.420980,0.000000,0.000190,0.512804,2.261400,2.250668,0.085514,0.006446,11.231940,5.106021,1.192006,1.137319,0.000726,0.000298,2.348284,0.000363,0.689938,0.002302,0.619900,0.000000,0.000000,0.000000,0,0,0.000000,0.000000,0.000000,0.000000,0.000000,0.000000,0.000000,0.000000,0.000000,0.000000,0.000000,0.000000,0.000000,0.000000,0,0,0,0,0,0.000000,0.000000,0.000000,0.000000,0.000000,0.000000,0.000000,0.000000,0,0,0,0,0
543,1,18.321428,0.301337,0.000000,0.000163,0.552762,2.295369,2.284624,0.085792,0.006405,11.183265,5.131758,1.264109,1.206085,0.000848,0.000298,1.883019,0.000349,0.637834,0.002262,0.695163,0.000000,0.000000,0.000000,0,0,0.000000,0.000000,0.000000,0.000000,0.000000,0.000000,0.000000,0.000000,0.000000,0.000000,0.000000,0.000000,0.000000,0.000000,0,0,0,0,0,0.000000,0.000000,0.000000,0.000000,0.000000,0.000000,0.000000,0.000000,0,0,0,0,0
544,1,18.832950,0.388692,0.000000,0.000190,0.510220,2.336494,2.325904,0.086673,0.006500,11.210466,5.043996,1.229197,1.173303,0.000746,0.000298,2.316471,0.000349,0.637834,0.002262,0.686903,0.000000,0.000000,0.000000,0,0,0.000000,0.000000,0.000000,0.000000,0.000000,0.000000,0.000000,0.000000,0.000000,0.000000,0.000000,0.000000,0.000000,0.000000,0,0,0,0,0,0.000000,0.000000,0.000000,0.000000,0.000000,0.000000,0.000000,0.000000,0,0,0,0,0
545,1,18.037798,0.003730,0.000000,0.000190,0.411058,2.310126,2.299578,0.085758,0.006365,11.291511,5.028883,1.193051,1.137861,0.000766,0.000298,1.960778,0.000349,0.664893,0.002404,0.622247,0.000000,0.000000,0.000000,0,0,0.000000,0.000000,0.000000,0.000000,0.000000,0.000000,0.000000,0.000000,0.000000,0.000000,0.000000,0.000000,0.000000,0.000000,0,0,0,0,0,0.000000,0.000000,0.000000,0.000000,0.000000,0.000000,0.000000,0.000000,0,0,0,0,0
546,1,18.441647,0.088236,0.000000,0.000190,0.495917,2.273872,2.263146,0.085310,0.006358,11.218757,5.103560,1.193254,1.137516,0.000746,0.000298,2.331953,0.000349,0.637678,0.002384,0.651177,0.000000,0.000000,0.000000,0,0,0.000000,0.000000,0.000000,0.000000,0.000000,0.000000,0.000000,0.000000,0.000000,0.000000,0.000000,0.000000,0.000000,0.000000,0,0,0,0,0,0.000000,0.000000,0.000000,0.000000,0.000000,0.000000,0.000000,0.000000,0,0,0,0,0
547,1,17.999386,0.003832,0.000000,0.000163,0.411140,2.288330,2.277483,0.086816,0.006460,11.197608,5.087887,1.240326,1.182159,0.000692,0.000305,1.932851,0.000349,0.720951,0.002302,0.618523,0.000000,0.000000,0.000000,0,0,0.000000,0.000000,0.000000,0.000000,0.000000,0.000000,0.000000,0.000000,0.000000,0.000000,0.000000,0.000000,0.000000,0.000000,0,0,0,0,0,0.000000,0.000000,0.000000,0.000000,0.000000,0.000000,0.000000,0.000000,0,0,0,0,0
548,1,18.030758,0.125854,0.000000,0.000190,0.512804,2.225450,2.214617,0.085432,0.006297,11.156308,5.108090,1.243764,1.186540,0.000712,0.000305,1.927724,0.000349,0.636702,0.002282,0.656365,0.000000,0.000000,0.000000,0,0,0.000000,0.000000,0.000000,0.000000,0.000000,0.000000,0.000000,0.000000,0.000000,0.000000,0.000000,0.000000,0.000000,0.000000,0,0,0,0,0,0.000000,0.000000,0.000000,0.000000,0.000000,0.000000,0.000000,0.000000,0,0,0,0,0
549,1,18.084062,0.003689,0.000000,0.000163,0.454576,2.347215,2.336402,0.088138,0.043542,11.174984,5.145752,1.243446,1.185191,0.000807,0.000298,1.943464,0.000349,0.674096,0.002363,0.734124,0.000000,0.000000,0.000000,0,0,0.000000,0.000000,0.000000,0.000000,0.000000,0.000000,0.000000,0.000000,0.000000,0.000000,0.000000,0.000000,0.000000,0.000000,0,0,0,0,0,0.000000,0.000000,0.000000,0.000000,0.000000,0.000000,0.000000,0.000000,0,0,0,0,0
550,1,18.104597,0.087897,0.000000,0.000190,0.451972,2.268317,2.257728,0.085514,0.006297,11.165524,5.091882,1.265723,1.207520,0.000692,0.000305,1.943247,0.000342,0.720483,0.002384,0.618890,0.000000,0.000000,0.000000,0,0,0.000000,0.000000,0.000000,0.000000,0.000000,0.000000,0.000000,0.000000,0.000000,0.000000,0.000000,0.000000,0.000000,0.000000,0,0,0,0,0,0.000000,0.000000,0.000000,0.000000,0.000000,0.000000,0.000000,0.000000,0,0,0,0,0
551,1,17.986108,0.003655,0.000000,0.000163,0.480442,2.252753,2.242286,0.126326,0.006215,11.215410,5.179420,1.234731,1.177989,0.000787,0.000298,1.923791,0.000349,0.632409,0.002282,0.695733,0.000000,0.000000,0.000000,0,0,0.000000,0.000000,0.000000,0.000000,0.000000,0.000000,0.000000,0.000000,0.000000,0.000000,0.000000,0.000000,0.000000,0.000000,0,0,0,0,0,0.000000,0.000000,0.000000,0.000000,0.000000,0.000000,0.000000,0.000000,0,0,0,0,0
552,1,18.059004,0.088155,0.000000,0.000197,0.456875,2.329637,2.318946,0.085188,0.006358,11.167213,5.122637,1.234975,1.178118,0.000746,0.000298,1.940555,0.000349,0.640642,0.002241,0.664849,0.000000,0.000000,0.000000,0,0,0.000000,0.000000,0.000000,0.000000,0.000000,0.000000,0.000000,0.000000,0.000000,0.000000,0.000000,0.000000,0.000000,0.000000,0,0,0,0,0,0.000000,0.000000,0.000000,0.000000,0.000000,0.000000,0.000000,0.000000,0,0,0,0,0
553,1,17.972314,0.003757,0.000000,0.000163,0.460008,2.277981,2.267310,0.125146,0.006243,11.148963,5.256948,1.234406,1.177568,0.000916,0.000305,1.955346,0.000349,0.650916,0.002282,0.761732,0.000000,0.000000,0.000000,0,0,0.000000,0.000000,0.000000,0.000000,0.000000,0.000000,0.000000,0.000000,0.000000,0.000000,0.000000,0.000000,0.000000,0.000000,0,0,0,0,0,0.000000,0.000000,0.000000,0.000000,0.000000,0.000000,0.000000,0.000000,0,0,0,0,0
554,1,18.499407,0.087972,0.000000,0.000190,0.474291,2.238573,2.227902,0.085208,0.006317,11.207679,4.981849,1.226186,1.170888,0.000746,0.000298,2.421309,0.000349,0.641096,0.002282,0.624213,0.000000,0.000000,0.000000,0,0,0.000000,0.000000,0.000000,0.000000,0.000000,0.000000,0.000000,0.000000,0.000000,0.000000,0.000000,0.000000,0.000000,0.000000,0,0,0,0,0,0.000000,0.000000,0.000000,0.000000,0.000000,0.000000,0.000000,0.000000,0,0,0,0,0
555,1,18.403181,0.003696,0.000000,0.000163,0.452237,2.300951,2.290341,0.126895,0.007178,11.030697,5.102990,1.268077,1.210629,0.000766,0.000298,2.436276,0.000349,0.635868,0.002262,0.620822,0.000000,0.000000,0.000000,0,0,0.000000,0.000000,0.000000,0.000000,0.000000,0.000000,0.000000,0.000000,0.000000,0.000000,0.000000,0.000000,0.000000,0.000000,0,0,0,0,0,0.000000,0.000000,0.000000,0.000000,0.000000,0.000000,0.000000,0.000000,0,0,0,0,0
556,1,18.451074,0.428758,0.000000,0.000190,0.531786,2.257779,2.247311,0.085534,0.008114,11.136410,5.103956,1.226349,1.127601,0.000746,0.000298,1.988766,0.000349,0.636641,0.002262,0.623650,0.000000,0.000000,0.000000,0,0,0.000000,0.000000,0.000000,0.000000,0.000000,0.000000,0.000000,0.000000,0.000000,0.000000,0.000000,0.000000,0.000000,0.000000,0,0,0,0,0,0.000000,0.000000,0.000000,0.000000,0.000000,0.000000,0.000000,0.000000,0,0,0,0,0
557,1,18.362952,0.336534,0.000000,0.000264,0.511136,2.286431,2.275489,0.085514,0.006358,11.199795,5.087833,1.194882,1.138289,0.000766,0.000298,1.962643,0.000349,0.669356,0.002282,0.621575,0.000000,0.000000,0.000000,0,0,0.000000,0.000000,0.000000,0.000000,0.000000,0.000000,0.000000,0.000000,0.000000,0.000000,0.000000,0.000000,0.000000,0.000000,0,0,0,0,0,0.000000,0.000000,0.000000,0.000000,0.000000,0.000000,0.000000,0.000000,0,0,0,0,0
558,1,18.730350,0.422045,0.000000,0.000190,0.568671,2.204841,2.194251,0.084924,0.006324,11.126767,5.022342,1.234283,1.177182,0.000746,0.000298,2.330183,0.000349,0.641747,0.002282,0.700209,0.000000,0.000000,0.000000,0,0,0.000000,0.000000,0.000000,0.000000,0.000000,0.000000,0.000000,0.000000,0.000000,0.000000,0.000000,0.000000,0.000000,0.000000,0,0,0,0,0,0.000000,0.000000,0.000000,0.000000,0.000000,0.000000,0.000000,0.000000,0,0,0,0,0
559,1,18.330326,0.003879,0.000000,0.000190,0.460456,2.289598,2.279029,0.085208,0.008175,11.031979,5.107547,1.225298,1.134745,0.000766,0.000298,2.356917,0.000349,0.717980,0.002363,0.615248,0.000000,0.000000,0.000000,0,0,0.000000,0.000000,0.000000,0.000000,0.000000,0.000000,0.000000,0.000000,0.000000,0.000000,0.000000,0.000000,0.000000,0.000000,0,0,0,0,0,0.000000,0.000000,0.000000,0.000000,0.000000,0.000000,0.000000,0.000000,0,0,0,0,0
560,1,18.000614,0.087938,0.000000,0.000190,0.507555,2.225288,2.214820,0.084964,0.008094,11.092546,5.050785,1.235748,1.179209,0.000746,0.000298,1.968909,0.000370,0.638085,0.002323,0.664320,0.000000,0.000000,0.000000,0,0,0.000000,0.000000,0.000000,0.000000,0.000000,0.000000,0.000000,0.000000,0.000000,0.000000,0.000000,0.000000,0.000000,0.000000,0,0,0,0,0,0.000000,0.000000,0.000000,0.000000,0.000000,0.000000,0.000000,0.000000,0,0,0,0,0
561,1,18.512638,0.298469,0.000000,0.000163,0.560676,2.313144,2.264486,0.085758,0.006378,11.248389,4.970354,1.267324,1.173737,0.000807,0.000298,1.983131,0.000451,0.638675,0.002302,0.662855,0.000000,0.000000,0.000000,0,0,0.000000,0.000000,0.000000,0.000000,0.000000,0.000000,0.000000,0.000000,0.000000,0.000000,0.000000,0.000000,0.000000,0.000000,0,0,0,0,0,0.000000,0.000000,0.000000,0.000000,0.000000,0.000000,0.000000,0.000000,0,0,0,0,0
562,1,18.530372,0.385824,0.000000,0.000190,0.511481,2.332994,2.322466,0.085778,0.007599,11.181597,5.073066,1.228099,1.136888,0.000746,0.000332,2.004805,0.000349,0.641056,0.002302,0.623854,0.000000,0.000000,0.000000,0,0,0.000000,0.000000,0.000000,0.000000,0.000000,0.000000,0.000000,0.000000,0.000000,0.000000,0.000000,0.000000,0.000000,0.000000,0,0,0,0,0,0.000000,0.000000,0.000000,0.000000,0.000000,0.000000,0.000000,0.000000,0,0,0,0,0
563,1,18.378028,0.301799,0.000000,0.000210,0.510627,2.277412,2.266822,0.085086,0.006466,11.229296,5.108636,1.239987,1.181257,0.000746,0.000298,1.893884,0.000349,0.723962,0.002296,0.616713,0.000000,0.000000,0.000000,0,0,0.000000,0.000000,0.000000,0.000000,0.000000,0.000000,0.000000,0.000000,0.000000,0.000000,0.000000,0.000000,0.000000,0.000000,0,0,0,0,0,0.000000,0.000000,0.000000,0.000000,0.000000,0.000000,0.000000,0.000000,0,0,0,0,0
564,1,17.944149,0.088216,0.000000,0.000197,0.475145,2.275465,2.264828,0.084903,0.006358,11.106157,5.078915,1.227651,1.171587,0.000746,0.000332,1.894046,0.000390,0.675418,0.002262,0.617364,0.000000,0.000000,0.000000,0,0,0.000000,0.000000,0.000000,0.000000,0.000000,0.000000,0.000000,0.000000,0.000000,0.000000,0.000000,0.000000,0.000000,0.000000,0,0,0,0,0,0.000000,0.000000,0.000000,0.000000,0.000000,0.000000,0.000000,0.000000,0,0,0,0,0
565,1,17.980933,0.003730,0.000000,0.000197,0.451097,2.313178,2.302548,0.085656,0.006344,11.206123,4.985260,1.190325,1.133677,0.000766,0.000298,1.958622,0.000349,0.655779,0.002404,0.621250,0.000000,0.000000,0.000000,0,0,0.000000,0.000000,0.000000,0.000000,0.000000,0.000000,0.000000,0.000000,0.000000,0.000000,0.000000,0.000000,0.000000,0.000000,0,0,0,0,0,0.000000,0.000000,0.000000,0.000000,0.000000,0.000000,0.000000,0.000000,0,0,0,0,0
566,1,18.007572,0.087911,0.000000,0.000190,0.471910,2.243659,2.233192,0.085310,0.008501,11.075619,5.134962,1.225291,1.169695,0.000746,0.000298,1.996745,0.000370,0.636539,0.002262,0.622959,0.000000,0.000000,0.000000,0,0,0.000000,0.000000,0.000000,0.000000,0.000000,0.000000,0.000000,0.000000,0.000000,0.000000,0.000000,0.000000,0.000000,0.000000,0,0,0,0,0,0.000000,0.000000,0.000000,0.000000,0.000000,0.000000,0.000000,0.000000,0,0,0,0,0
567,1,18.035058,0.003818,0.000000,0.000163,0.411709,2.330343,2.319577,0.087541,0.006426,11.238522,5.041901,1.228465,1.172550,0.000766,0.000298,1.937829,0.000349,0.679691,0.002241,0.617160,0.000000,0.000000,0.000000,0,0,0.000000,0.000000,0.000000,0.000000,0.000000,0.000000,0.000000,0.000000,0.000000,0.000000,0.000000,0.000000,0.000000,0.000000,0,0,0,0,0,0.000000,0.000000,0.000000,0.000000,0.000000,0.000000,0.000000,0.000000,0,0,0,0,0
568,1,18.863875,0.386156,0.000000,0.000190,0.510200,2.355184,2.344744,0.086633,0.006297,11.231259,5.007673,1.228119,1.171831,0.000766,0.000298,2.315616,0.000465,0.634816,0.002282,0.677544,0.000000,0.000000,0.000000,0,0,0.000000,0.000000,0.000000,0.000000,0.000000,0.000000,0.000000,0.000000,0.000000,0.000000,0.000000,0.000000,0.000000,0.000000,0,0,0,0,0,0.000000,0.000000,0.000000,0.000000,0.000000,0.000000,0.000000,0.000000,0,0,0,0,0
569,1,18.876204,0.339796,0.000000,0.000163,0.519762,2.281745,2.271196,0.127567,0.006276,11.183468,5.260583,1.233978,1.176653,0.000766,0.000298,2.438541,0.000349,0.635108,0.002262,0.617750,0.000000,0.000000,0.000000,0,0,0.000000,0.000000,0.000000,0.000000,0.000000,0.000000,0.000000,0.000000,0.000000,0.000000,0.000000,0.000000,0.000000,0.000000,0,0,0,0,0,0.000000,0.000000,0.000000,0.000000,0.000000,0.000000,0.000000,0.000000,0,0,0,0,0
570,1,18.463240,0.461900,0.000000,0.000190,0.518216,2.271349,2.260739,0.125288,0.006317,11.188341,5.110511,1.210602,1.152842,0.000712,0.000305,1.938426,0.000329,0.632470,0.002262,0.652622,0.000000,0.000000,0.000000,0,0,0.000000,0.000000,0.000000,0.000000,0.000000,0.000000,0.000000,0.000000,0.000000,0.000000,0.000000,0.000000,0.000000,0.000000,0,0,0,0,0,0.000000,0.000000,0.000000,0.000000,0.000000,0.000000,0.000000,0.000000,0,0,0,0,0
571,1,18.460568,0.003710,0.000000,0.000197,0.459581,2.294461,2.283830,0.125064,0.035621,11.142636,5.152388,1.241757,1.183611,0.000712,0.000305,2.416087,0.000349,0.631514,0.002363,0.618056,0.000000,0.000000,0.000000,0,0,0.000000,0.000000,0.000000,0.000000,0.000000,0.000000,0.000000,0.000000,0.000000,0.000000,0.000000,0.000000,0.000000,0.000000,0,0,0,0,0,0.000000,0.000000,0.000000,0.000000,0.000000,0.000000,0.000000,0.000000,0,0,0,0,0
572,1,18.066260,0.126465,0.000000,0.000190,0.454719,2.253710,2.243059,0.086528,0.006385,11.220832,5.012129,1.243527,1.185645,0.000712,0.000305,1.890127,0.000349,0.635800,0.002302,0.710198,0.000000,0.000000,0.000000,0,0,0.000000,0.000000,0.000000,0.000000,0.000000,0.000000,0.000000,0.000000,0.000000,0.000000,0.000000,0.000000,0.000000,0.000000,0,0,0,0,0,0.000000,0.000000,0.000000,0.000000,0.000000,0.000000,0.000000,0.000000,0,0,0,0,0
573,1,18.455305,0.003676,0.000000,0.000190,0.453356,2.335354,2.324683,0.124698,0.006317,11.120561,5.054962,1.268443,1.172468,0.000766,0.000298,2.398604,0.000342,0.633826,0.002404,0.664707,0.000000,0.000000,0.000000,0,0,0.000000,0.000000,0.000000,0.000000,0.000000,0.000000,0.000000,0.000000,0.000000,0.000000,0.000000,0.000000,0.000000,0.000000,0,0,0,0,0,0.000000,0.000000,0.000000,0.000000,0.000000,0.000000,0.000000,0.000000,0,0,0,0,0
574,1,18.033057,0.087870,0.000000,0.000190,0.461819,2.250983,2.240292,0.126448,0.006276,11.140459,5.209747,1.234446,1.177711,0.000746,0.000393,1.954213,0.000349,0.660668,0.002302,0.664808,0.000000,0.000000,0.000000,0,0,0.000000,0.000000,0.000000,0.000000,0.000000,0.000000,0.000000,0.000000,0.000000,0.000000,0.000000,0.000000,0.000000,0.000000,0,0,0,0,0,0.000000,0.000000,0.000000,0.000000,0.000000,0.000000,0.000000,0.000000,0,0,0,0,0
575,1,17.967289,0.003838,0.000000,0.000163,0.452827,2.293179,2.282528,0.126265,0.006297,11.172523,4.975827,1.243337,1.184662,0.000712,0.000305,1.923879,0.000349,0.635013,0.002343,0.635288,0.000000,0.000000,0.000000,0,0,0.000000,0.000000,0.000000,0.000000,0.000000,0.000000,0.000000,0.000000,0.000000,0.000000,0.000000,0.000000,0.000000,0.000000,0,0,0,0,0,0.000000,0.000000,0.000000,0.000000,0.000000,0.000000,0.000000,0.000000,0,0,0,0,0
576,1,18.101742,0.088013,0.000000,0.000190,0.461900,2.342048,2.331458,0.117984,0.006385,11.142982,5.000153,1.242611,1.184906,0.000807,0.000298,1.954044,0.000329,0.635718,0.002262,0.665602,0.000000,0.000000,0.000000,0,0,0.000000,0.000000,0.000000,0.000000,0.000000,0.000000,0.000000,0.000000,0.000000,0.000000,0.000000,0.000000,0.000000,0.000000,0,0,0,0,0,0.000000,0.000000,0.000000,0.000000,0.000000,0.000000,0.000000,0.000000,0,0,0,0,0
577,1,18.002791,0.003696,0.000000,0.000210,0.455471,2.283169,2.272641,0.085371,0.007443,11.118852,5.077972,1.224253,1.125431,0.000746,0.000298,2.013892,0.000349,0.659461,0.002262,0.621718,0.000000,0.000000,0.000000,0,0,0.000000,0.000000,0.000000,0.000000,0.000000,0.000000,0.000000,0.000000,0.000000,0.000000,0.000000,0.000000,0.000000,0.000000,0,0,0,0,0,0.000000,0.000000,0.000000,0.000000,0.000000,0.000000,0.000000,0.000000,0,0,0,0,0
578,1,18.377072,0.423787,0.000000,0.000190,0.530443,2.205980,2.195350,0.084924,0.006324,11.150001,5.037818,1.226491,1.135973,0.000726,0.000298,1.924869,0.000349,0.713606,0.002241,0.623671,0.000000,0.000000,0.000000,0,0,0.000000,0.000000,0.000000,0.000000,0.000000,0.000000,0.000000,0.000000,0.000000,0.000000,0.000000,0.000000,0.000000,0.000000,0,0,0,0,0,0.000000,0.000000,0.000000,0.000000,0.000000,0.000000,0.000000,0.000000,0,0,0,0,0
579,1,18.996911,0.341159,0.000000,0.000163,0.513333,2.302639,2.292091,0.128137,0.006487,11.152442,5.182207,1.895070,0.991445,0.000766,0.000332,1.878510,0.000349,0.639184,0.002363,0.678297,0.000000,0.000000,0.000000,0,0,0.000000,0.000000,0.000000,0.000000,0.000000,0.000000,0.000000,0.000000,0.000000,0.000000,0.000000,0.000000,0.000000,0.000000,0,0,0,0,0,0.000000,0.000000,0.000000,0.000000,0.000000,0.000000,0.000000,0.000000,0,0,0,0,0
580,1,18.073524,0.088074,0.000000,0.000190,0.475430,2.260668,2.250017,0.085588,0.007972,11.148800,5.250458,1.226390,1.169566,0.000766,0.000298,1.995663,0.000329,0.633826,0.002262,0.624017,0.000000,0.000000,0.000000,0,0,0.000000,0.000000,0.000000,0.000000,0.000000,0.000000,0.000000,0.000000,0.000000,0.000000,0.000000,0.000000,0.000000,0.000000,0,0,0,0,0,0.000000,0.000000,0.000000,0.000000,0.000000,0.000000,0.000000,0.000000,0,0,0,0,0
581,1,19.235355,0.299594,0.000000,0.000210,0.508409,2.313660,2.302772,1.978682,0.011037,5.927619,4.998433,1.237708,1.181203,0.000746,0.000298,2.343774,0.000349,0.632124,0.002262,0.617181,0.000000,0.000000,0.000000,0,0,0.000000,0.000000,0.000000,0.000000,0.000000,0.000000,0.000000,0.000000,0.000000,0.000000,0.000000,0.000000,0.000000,0.000000,0,0,0,0,0,0.000000,0.000000,0.000000,0.000000,0.000000,0.000000,0.000000,0.000000,0,0,0,0,0
582,1,18.943336,0.423177,0.000000,0.000190,0.508145,2.283067,2.272519,0.086602,0.006419,11.225277,5.159841,1.241811,1.183034,0.000834,0.000305,2.382884,0.000349,0.669023,0.002262,0.665744,0.000000,0.000000,0.000000,0,0,0.000000,0.000000,0.000000,0.000000,0.000000,0.000000,0.000000,0.000000,0.000000,0.000000,0.000000,0.000000,0.000000,0.000000,0,0,0,0,0,0.000000,0.000000,0.000000,0.000000,0.000000,0.000000,0.000000,0.000000,0,0,0,0,0
583,1,18.863420,0.340685,0.000000,0.000163,0.550971,2.259406,2.248661,2.036028,0.010915,5.900506,5.046265,1.279660,1.185652,0.000712,0.000305,1.932383,0.000322,0.636519,0.002262,0.666924,0.000000,0.000000,0.000000,0,0,0.000000,0.000000,0.000000,0.000000,0.000000,0.000000,0.000000,0.000000,0.000000,0.000000,0.000000,0.000000,0.000000,0.000000,0,0,0,0,0,0.000000,0.000000,0.000000,0.000000,0.000000,0.000000,0.000000,0.000000,0,0,0,0,0
584,1,18.503883,0.428202,0.000000,0.000190,0.517700,2.296529,2.285987,0.086589,0.007626,11.123674,5.114736,1.242510,1.183970,0.000773,0.000305,1.977136,0.000349,0.636112,0.002323,0.665561,0.000000,0.000000,0.000000,0,0,0.000000,0.000000,0.000000,0.000000,0.000000,0.000000,0.000000,0.000000,0.000000,0.000000,0.000000,0.000000,0.000000,0.000000,0,0,0,0,0,0.000000,0.000000,0.000000,0.000000,0.000000,0.000000,0.000000,0.000000,0,0,0,0,0
585,1,19.346676,0.339132,0.000000,0.000264,0.537828,2.206713,2.196204,1.976776,0.010891,5.969259,4.981449,1.237735,1.181895,0.000692,0.000305,2.478160,0.000349,0.639916,0.002302,0.624301,0.000000,0.000000,0.000000,0,0,0.000000,0.000000,0.000000,0.000000,0.000000,0.000000,0.000000,0.000000,0.000000,0.000000,0.000000,0.000000,0.000000,0.000000,0,0,0,0,0,0.000000,0.000000,0.000000,0.000000,0.000000,0.000000,0.000000,0.000000,0,0,0,0,0
586,1,18.530880,0.088196,0.000000,0.000190,0.465888,2.305040,2.255432,0.123779,0.006337,11.184831,4.987715,1.243201,1.185435,0.000692,0.000305,2.362457,0.000349,0.634661,0.002262,0.671502,0.000000,0.000000,0.000000,0,0,0.000000,0.000000,0.000000,0.000000,0.000000,0.000000,0.000000,0.000000,0.000000,0.000000,0.000000,0.000000,0.000000,0.000000,0,0,0,0,0,0.000000,0.000000,0.000000,0.000000,0.000000,0.000000,0.000000,0.000000,0,0,0,0,0
587,1,18.537398,0.003913,0.000000,0.000163,0.460944,2.271817,2.261125,2.040605,0.010908,5.907023,4.987932,1.281111,1.222266,0.000692,0.000305,1.987552,0.000349,0.631860,0.002262,0.616225,0.000000,0.000000,0.000000,0,0,0.000000,0.000000,0.000000,0.000000,0.000000,0.000000,0.000000,0.000000,0.000000,0.000000,0.000000,0.000000,0.000000,0.000000,0,0,0,0,0,0.000000,0.000000,0.000000,0.000000,0.000000,0.000000,0.000000,0.000000,0,0,0,0,0
588,1,18.123979,0.087619,0.000000,0.000197,0.465441,2.285326,2.274838,0.125163,0.006276,11.196774,5.062707,1.242238,1.184608,0.000712,0.000305,1.925347,0.000349,0.673384,0.002445,0.660027,0.000000,0.000000,0.000000,0,0,0.000000,0.000000,0.000000,0.000000,0.000000,0.000000,0.000000,0.000000,0.000000,0.000000,0.000000,0.000000,0.000000,0.000000,0,0,0,0,0,0.000000,0.000000,0.000000,0.000000,0.000000,0.000000,0.000000,0.000000,0,0,0,0,0
589,1,18.583540,0.003655,0.000000,0.000163,0.513943,2.223294,2.212806,2.030616,0.010888,5.953328,4.976183,1.311154,1.253062,0.000746,0.000298,1.922407,0.000349,0.634152,0.002262,0.665846,0.000000,0.000000,0.000000,0,0,0.000000,0.000000,0.000000,0.000000,0.000000,0.000000,0.000000,0.000000,0.000000,0.000000,0.000000,0.000000,0.000000,0.000000,0,0,0,0,0,0.000000,0.000000,0.000000,0.000000,0.000000,0.000000,0.000000,0.000000,0,0,0,0,0
590,1,18.438114,0.425666,0.000000,0.000190,0.534044,2.272373,2.261675,0.085205,0.008318,11.079770,5.176710,1.227427,1.171594,0.000746,0.000298,1.988230,0.000349,0.639164,0.002262,0.626397,0.000000,0.000000,0.000000,0,0,0.000000,0.000000,0.000000,0.000000,0.000000,0.000000,0.000000,0.000000,0.000000,0.000000,0.000000,0.000000,0.000000,0.000000,0,0,0,0,0,0.000000,0.000000,0.000000,0.000000,0.000000,0.000000,0.000000,0.000000,0,0,0,0,0
591,1,18.848982,0.340942,0.000000,0.000210,0.572659,2.188565,2.178023,2.026160,0.010373,5.913696,4.987379,1.258087,1.200992,0.000712,0.000305,1.941315,0.000349,0.635779,0.002363,0.638258,0.000000,0.000000,0.000000,0,0,0.000000,0.000000,0.000000,0.000000,0.000000,0.000000,0.000000,0.000000,0.000000,0.000000,0.000000,0.000000,0.000000,0.000000,0,0,0,0,0,0.000000,0.000000,0.000000,0.000000,0.000000,0.000000,0.000000,0.000000,0,0,0,0,0
592,1,18.020532,0.087307,0.000000,0.000190,0.506293,2.211514,2.200823,0.084819,0.007748,11.087711,5.114573,1.226579,1.171302,0.000726,0.000298,2.015561,0.000349,0.634498,0.002262,0.622755,0.000000,0.000000,0.000000,0,0,0.000000,0.000000,0.000000,0.000000,0.000000,0.000000,0.000000,0.000000,0.000000,0.000000,0.000000,0.000000,0.000000,0.000000,0,0,0,0,0,0.000000,0.000000,0.000000,0.000000,0.000000,0.000000,0.000000,0.000000,0,0,0,0,0
593,1,18.603824,0.003594,0.000000,0.000163,0.460232,2.269009,2.258399,2.071164,0.011071,5.967556,5.113881,1.277530,1.218835,0.000712,0.000305,1.991079,0.000349,0.634783,0.002262,0.622369,0.000000,0.000000,0.000000,0,0,0.000000,0.000000,0.000000,0.000000,0.000000,0.000000,0.000000,0.000000,0.000000,0.000000,0.000000,0.000000,0.000000,0.000000,0,0,0,0,0,0.000000,0.000000,0.000000,0.000000,0.000000,0.000000,0.000000,0.000000,0,0,0,0,0
594,1,18.992021,0.422913,0.000000,0.000190,0.510200,2.272753,2.262122,0.086609,0.006358,11.245236,5.041806,1.226349,1.170902,0.000746,0.000298,2.465600,0.000349,0.639794,0.002282,0.623813,0.000000,0.000000,0.000000,0,0,0.000000,0.000000,0.000000,0.000000,0.000000,0.000000,0.000000,0.000000,0.000000,0.000000,0.000000,0.000000,0.000000,0.000000,0,0,0,0,0,0.000000,0.000000,0.000000,0.000000,0.000000,0.000000,0.000000,0.000000,0,0,0,0,0
595,1,18.961402,0.337450,0.000000,0.000163,0.514289,2.293776,2.283037,1.944882,0.011112,5.968675,5.038540,1.244564,1.186866,0.000692,0.000305,1.975772,0.000349,0.721337,0.002282,0.617120,0.000000,0.000000,0.000000,0,0,0.000000,0.000000,0.000000,0.000000,0.000000,0.000000,0.000000,0.000000,0.000000,0.000000,0.000000,0.000000,0.000000,0.000000,0,0,0,0,0,0.000000,0.000000,0.000000,0.000000,0.000000,0.000000,0.000000,0.000000,0,0,0,0,0
596,1,20.505395,0.387438,0.000000,0.000190,0.558526,2.286424,2.275835,2.010349,0.010908,5.897746,5.003177,1.237634,1.181122,0.000712,0.000332,2.377038,0.000349,0.674889,0.002282,0.618523,0.000000,0.000000,0.000000,0,0,0.000000,0.000000,0.000000,0.000000,0.000000,0.000000,0.000000,0.000000,0.000000,0.000000,0.000000,0.000000,0.000000,0.000000,0,0,0,0,0,0.000000,0.000000,0.000000,0.000000,0.000000,0.000000,0.000000,0.000000,0,0,0,0,0
597,1,18.899736,0.302795,0.000000,0.000163,0.516324,2.273098,2.262590,2.028724,0.010966,5.939358,5.012248,1.243249,1.185360,0.000746,0.000298,1.983748,0.000349,0.641049,0.002275,0.661655,0.000000,0.000000,0.000000,0,0,0.000000,0.000000,0.000000,0.000000,0.000000,0.000000,0.000000,0.000000,0.000000,0.000000,0.000000,0.000000,0.000000,0.000000,0,0,0,0,0,0.000000,0.000000,0.000000,0.000000,0.000000,0.000000,0.000000,0.000000,0,0,0,0,0
598,1,19.472232,0.448168,0.000000,0.000190,0.517849,2.287686,2.277198,1.945492,0.010946,5.976529,5.085300,1.243378,1.185876,0.000678,0.000305,2.396515,0.000349,0.677392,0.002262,0.661635,0.000000,0.000000,0.000000,0,0,0.000000,0.000000,0.000000,0.000000,0.000000,0.000000,0.000000,0.000000,0.000000,0.000000,0.000000,0.000000,0.000000,0.000000,0,0,0,0,0,0.000000,0.000000,0.000000,0.000000,0.000000,0.000000,0.000000,0.000000,0,0,0,0,0
599,1,18.576745,0.003655,0.000000,0.000163,0.458503,2.298265,2.287472,1.979957,0.011068,5.966431,5.112071,1.241940,1.184323,0.000692,0.000305,1.932607,0.000404,0.672197,0.002262,0.732252,0.000000,0.000000,0.000000,0,0,0.000000,0.000000,0.000000,0.000000,0.000000,0.000000,0.000000,0.000000,0.000000,0.000000,0.000000,0.000000,0.000000,0.000000,0,0,0,0,0,0.000000,0.000000,0.000000,0.000000,0.000000,0.000000,0.000000,0.000000,0,0,0,0,0
600,1,22.713687,0.087755,0.000000,0.000197,0.458828,2.302205,2.291358,2.676076,0.010763,7.802002,6.903269,1.311520,1.216370,0.000712,0.000332,2.430539,0.000349,0.778832,0.002262,0.664280,0.000000,0.000000,0.000000,0,0,0.000000,0.000000,0.000000,0.000000,0.000000,0.000000,0.000000,0.000000,0.000000,0.000000,0.000000,0.000000,0.000000,0.000000,0,0,0,0,0,0.000000,0.000000,0.000000,0.000000,0.000000,0.000000,0.000000,0.000000,0,0,0,0,0
601,1,18.584720,0.003757,0.000000,0.000190,0.502957,2.220771,2.210141,2.034807,0.050032,5.945218,5.093204,1.277910,1.219954,0.000746,0.000298,1.946231,0.000349,0.632918,0.002363,0.660658,0.000000,0.000000,0.000000,0,0,0.000000,0.000000,0.000000,0.000000,0.000000,0.000000,0.000000,0.000000,0.000000,0.000000,0.000000,0.000000,0.000000,0.000000,0,0,0,0,0,0.000000,0.000000,0.000000,0.000000,0.000000,0.000000,0.000000,0.000000,0,0,0,0,0
602,1,19.096005,0.425334,0.000000,0.000190,0.565314,2.266120,2.255388,2.038042,0.048913,5.930644,5.082252,1.280067,1.222110,0.000692,0.000305,1.941918,0.000431,0.632755,0.002262,0.656833,0.000000,0.000000,0.000000,0,0,0.000000,0.000000,0.000000,0.000000,0.000000,0.000000,0.000000,0.000000,0.000000,0.000000,0.000000,0.000000,0.000000,0.000000,0,0,0,0,0,0.000000,0.000000,0.000000,0.000000,0.000000,0.000000,0.000000,0.000000,0,0,0,0,0
603,1,18.844499,0.336507,0.000000,0.000163,0.471849,2.321906,2.271837,1.967302,0.011105,5.937927,4.968652,1.242218,1.184011,0.000712,0.000305,1.913727,0.000349,0.676700,0.002302,0.616957,0.000000,0.000000,0.000000,0,0,0.000000,0.000000,0.000000,0.000000,0.000000,0.000000,0.000000,0.000000,0.000000,0.000000,0.000000,0.000000,0.000000,0.000000,0,0,0,0,0,0.000000,0.000000,0.000000,0.000000,0.000000,0.000000,0.000000,0.000000,0,0,0,0,0
604,1,19.016822,0.427205,0.000000,0.000190,0.554633,2.267463,2.256819,1.987464,0.010905,5.976935,5.124519,1.241024,1.182777,0.000712,0.000305,1.933177,0.000349,0.638350,0.002262,0.775967,0.000000,0.000000,0.000000,0,0,0.000000,0.000000,0.000000,0.000000,0.000000,0.000000,0.000000,0.000000,0.000000,0.000000,0.000000,0.000000,0.000000,0.000000,0,0,0,0,0,0.000000,0.000000,0.000000,0.000000,0.000000,0.000000,0.000000,0.000000,0,0,0,0,0
605,1,18.863793,0.300456,0.000000,0.000210,0.558580,2.322252,2.311723,1.947038,0.011010,5.965725,4.913951,1.233944,1.177629,0.000766,0.000373,1.895389,0.000349,0.635942,0.002262,0.670770,0.000000,0.000000,0.000000,0,0,0.000000,0.000000,0.000000,0.000000,0.000000,0.000000,0.000000,0.000000,0.000000,0.000000,0.000000,0.000000,0.000000,0.000000,0,0,0,0,0,0.000000,0.000000,0.000000,0.000000,0.000000,0.000000,0.000000,0.000000,0,0,0,0,0
606,1,18.892961,0.388346,0.000000,0.000190,0.509915,2.356635,2.346127,1.976112,0.011030,5.931342,4.967539,1.235165,1.178748,0.000746,0.000298,1.894087,0.000404,0.635678,0.002262,0.668796,0.000000,0.000000,0.000000,0,0,0.000000,0.000000,0.000000,0.000000,0.000000,0.000000,0.000000,0.000000,0.000000,0.000000,0.000000,0.000000,0.000000,0.000000,0,0,0,0,0,0.000000,0.000000,0.000000,0.000000,0.000000,0.000000,0.000000,0.000000,0,0,0,0,0
607,1,18.467024,0.003872,0.000000,0.000210,0.411404,2.296984,2.286455,1.943519,0.010946,5.956624,5.025353,1.233639,1.176870,0.000766,0.000298,1.930851,0.000465,0.719540,0.002262,0.617506,0.000000,0.000000,0.000000,0,0,0.000000,0.000000,0.000000,0.000000,0.000000,0.000000,0.000000,0.000000,0.000000,0.000000,0.000000,0.000000,0.000000,0.000000,0,0,0,0,0,0.000000,0.000000,0.000000,0.000000,0.000000,0.000000,0.000000,0.000000,0,0,0,0,0
608,1,19.445987,0.458747,0.000000,0.000190,0.510173,2.297689,2.287187,1.945757,0.010952,5.964606,5.113712,1.241431,1.183373,0.000699,0.000305,2.437917,0.000342,0.635617,0.002275,0.664727,0.000000,0.000000,0.000000,0,0,0.000000,0.000000,0.000000,0.000000,0.000000,0.000000,0.000000,0.000000,0.000000,0.000000,0.000000,0.000000,0.000000,0.000000,0,0,0,0,0,0.000000,0.000000,0.000000,0.000000,0.000000,0.000000,0.000000,0.000000,0,0,0,0,0
609,1,19.428687,0.342244,0.000000,0.000210,0.512377,2.332669,2.321957,2.036658,0.010786,5.922675,4.878540,1.243649,1.185883,0.000712,0.000305,2.423811,0.000349,0.678429,0.002404,0.618727,0.000000,0.000000,0.000000,0,0,0.000000,0.000000,0.000000,0.000000,0.000000,0.000000,0.000000,0.000000,0.000000,0.000000,0.000000,0.000000,0.000000,0.000000,0,0,0,0,0,0.000000,0.000000,0.000000,0.000000,0.000000,0.000000,0.000000,0.000000,0,0,0,0,0
610,1,18.554440,0.124939,0.000000,0.000197,0.413330,2.297729,2.287248,1.980587,0.011115,5.938219,5.027076,1.246423,1.188995,0.000848,0.000400,1.941437,0.000349,0.637855,0.002302,0.618035,0.000000,0.000000,0.000000,0,0,0.000000,0.000000,0.000000,0.000000,0.000000,0.000000,0.000000,0.000000,0.000000,0.000000,0.000000,0.000000,0.000000,0.000000,0,0,0,0,0,0.000000,0.000000,0.000000,0.000000,0.000000,0.000000,0.000000,0.000000,0,0,0,0,0
611,1,18.497888,0.003737,0.000000,0.000190,0.484911,2.266588,2.255998,1.998084,0.010868,5.909424,5.012804,1.277476,1.183153,0.000773,0.000305,1.944366,0.000390,0.674869,0.002282,0.617038,0.000000,0.000000,0.000000,0,0,0.000000,0.000000,0.000000,0.000000,0.000000,0.000000,0.000000,0.000000,0.000000,0.000000,0.000000,0.000000,0.000000,0.000000,0,0,0,0,0,0.000000,0.000000,0.000000,0.000000,0.000000,0.000000,0.000000,0.000000,0,0,0,0,0
612,1,19.058801,0.087938,0.000000,0.000190,0.459724,2.322842,2.312110,1.948646,0.010929,5.989061,4.945777,1.260820,1.203156,0.000868,0.000298,2.335975,0.000349,0.669824,0.002445,0.657342,0.000000,0.000000,0.000000,0,0,0.000000,0.000000,0.000000,0.000000,0.000000,0.000000,0.000000,0.000000,0.000000,0.000000,0.000000,0.000000,0.000000,0.000000,0,0,0,0,0,0.000000,0.000000,0.000000,0.000000,0.000000,0.000000,0.000000,0.000000,0,0,0,0,0
613,1,18.994463,0.003710,0.000000,0.000163,0.457648,2.298672,2.288022,2.027686,0.010929,5.974433,5.045088,1.243893,1.185543,0.000712,0.000305,2.384796,0.000349,0.634274,0.002241,0.663140,0.000000,0.000000,0.000000,0,0,0.000000,0.000000,0.000000,0.000000,0.000000,0.000000,0.000000,0.000000,0.000000,0.000000,0.000000,0.000000,0.000000,0.000000,0,0,0,0,0,0.000000,0.000000,0.000000,0.000000,0.000000,0.000000,0.000000,0.000000,0,0,0,0,0
614,1,18.647234,0.087382,0.000000,0.000190,0.459032,2.268439,2.257911,1.996619,0.010576,5.990689,5.051080,1.245806,1.188141,0.000712,0.000305,1.978546,0.000349,0.655501,0.002404,0.658400,0.000000,0.000000,0.000000,0,0,0.000000,0.000000,0.000000,0.000000,0.000000,0.000000,0.000000,0.000000,0.000000,0.000000,0.000000,0.000000,0.000000,0.000000,0,0,0,0,0,0.000000,0.000000,0.000000,0.000000,0.000000,0.000000,0.000000,0.000000,0,0,0,0,0
615,1,18.556196,0.003838,0.000000,0.000163,0.493273,2.274665,2.264075,2.035377,0.010206,5.909003,4.981920,1.279599,1.191003,0.000712,0.000305,1.947493,0.000370,0.635379,0.002302,0.635247,0.000000,0.000000,0.000000,0,0,0.000000,0.000000,0.000000,0.000000,0.000000,0.000000,0.000000,0.000000,0.000000,0.000000,0.000000,0.000000,0.000000,0.000000,0,0,0,0,0,0.000000,0.000000,0.000000,0.000000,0.000000,0.000000,0.000000,0.000000,0,0,0,0,0
616,1,18.966373,0.428514,0.000000,0.000190,0.517931,2.270657,2.260128,2.025428,0.010169,5.949531,5.025068,1.271094,1.214257,0.000766,0.000298,1.960941,0.000349,0.635149,0.002384,0.621982,0.000000,0.000000,0.000000,0,0,0.000000,0.000000,0.000000,0.000000,0.000000,0.000000,0.000000,0.000000,0.000000,0.000000,0.000000,0.000000,0.000000,0.000000,0,0,0,0,0,0.000000,0.000000,0.000000,0.000000,0.000000,0.000000,0.000000,0.000000,0,0,0,0,0
617,1,18.559350,0.003676,0.000000,0.000190,0.461494,2.274848,2.264279,1.982602,0.010891,6.004191,5.037235,1.239627,1.142571,0.000712,0.000346,2.020043,0.000349,0.633955,0.002262,0.623284,0.000000,0.000000,0.000000,0,0,0.000000,0.000000,0.000000,0.000000,0.000000,0.000000,0.000000,0.000000,0.000000,0.000000,0.000000,0.000000,0.000000,0.000000,0,0,0,0,0,0.000000,0.000000,0.000000,0.000000,0.000000,0.000000,0.000000,0.000000,0,0,0,0,0
618,1,19.063636,0.460571,0.000000,0.000190,0.513496,2.266446,2.255551,1.967716,0.010644,6.008674,5.043077,1.246830,1.190928,0.000848,0.000298,1.923404,0.000349,0.713606,0.002282,0.621412,0.000000,0.000000,0.000000,0,0,0.000000,0.000000,0.000000,0.000000,0.000000,0.000000,0.000000,0.000000,0.000000,0.000000,0.000000,0.000000,0.000000,0.000000,0,0,0,0,0,0.000000,0.000000,0.000000,0.000000,0.000000,0.000000,0.000000,0.000000,0,0,0,0,0
619,1,18.839542,0.302884,0.000000,0.000210,0.570075,2.287828,2.277056,1.951046,0.010786,5.933763,5.081272,1.244463,1.186371,0.000712,0.000305,1.942997,0.000329,0.636071,0.002424,0.677219,0.000000,0.000000,0.000000,0,0,0.000000,0.000000,0.000000,0.000000,0.000000,0.000000,0.000000,0.000000,0.000000,0.000000,0.000000,0.000000,0.000000,0.000000,0,0,0,0,0,0.000000,0.000000,0.000000,0.000000,0.000000,0.000000,0.000000,0.000000,0,0,0,0,0
620,1,18.627621,0.088643,0.000000,0.000190,0.456713,2.282559,2.272010,2.008630,0.011071,5.967150,5.010952,1.208744,1.152103,0.000712,0.000305,2.017405,0.000349,0.638648,0.002343,0.622064,0.000000,0.000000,0.000000,0,0,0.000000,0.000000,0.000000,0.000000,0.000000,0.000000,0.000000,0.000000,0.000000,0.000000,0.000000,0.000000,0.000000,0.000000,0,0,0,0,0,0.000000,0.000000,0.000000,0.000000,0.000000,0.000000,0.000000,0.000000,0,0,0,0,0
621,1,19.376611,0.338087,0.000000,0.000163,0.518155,2.271674,2.261044,2.035967,0.010908,5.951280,5.054793,1.278649,1.220849,0.000712,0.000305,2.454824,0.000349,0.635542,0.002282,0.623467,0.000000,0.000000,0.000000,0,0,0.000000,0.000000,0.000000,0.000000,0.000000,0.000000,0.000000,0.000000,0.000000,0.000000,0.000000,0.000000,0.000000,0.000000,0,0,0,0,0,0.000000,0.000000,0.000000,0.000000,0.000000,0.000000,0.000000,0.000000,0,0,0,0,0
622,1,19.009281,0.459256,0.000000,0.000190,0.526638,2.274746,2.264035,1.995602,0.010885,5.936490,5.043613,1.279375,1.221595,0.000712,0.000305,1.980981,0.000349,0.645593,0.002262,0.616570,0.000000,0.000000,0.000000,0,0,0.000000,0.000000,0.000000,0.000000,0.000000,0.000000,0.000000,0.000000,0.000000,0.000000,0.000000,0.000000,0.000000,0.000000,0,0,0,0,0,0.000000,0.000000,0.000000,0.000000,0.000000,0.000000,0.000000,0.000000,0,0,0,0,0
623,1,19.024153,0.003655,0.000000,0.000163,0.469326,2.311612,2.301110,2.026140,0.011152,5.999478,5.112590,1.275435,1.188097,0.000949,0.000400,2.331546,0.000349,0.630978,0.002262,0.629164,0.000000,0.000000,0.000000,0,0,0.000000,0.000000,0.000000,0.000000,0.000000,0.000000,0.000000,0.000000,0.000000,0.000000,0.000000,0.000000,0.000000,0.000000,0,0,0,0,0,0.000000,0.000000,0.000000,0.000000,0.000000,0.000000,0.000000,0.000000,0,0,0,0,0
624,1,18.633304,0.087870,0.000000,0.000197,0.469693,2.266039,2.255510,2.024675,0.011895,5.993883,5.056230,1.235959,1.179704,0.000746,0.000298,1.969140,0.000349,0.635624,0.002343,0.665907,0.000000,0.000000,0.000000,0,0,0.000000,0.000000,0.000000,0.000000,0.000000,0.000000,0.000000,0.000000,0.000000,0.000000,0.000000,0.000000,0.000000,0.000000,0,0,0,0,0,0.000000,0.000000,0.000000,0.000000,0.000000,0.000000,0.000000,0.000000,0,0,0,0,0
625,1,19.348446,0.369534,0.000000,0.000210,0.509528,2.287075,2.276364,1.937517,0.010973,5.993639,5.067047,1.227943,1.172723,0.000807,0.000298,2.403073,0.000424,0.673886,0.002262,0.618971,0.000000,0.000000,0.000000,0,0,0.000000,0.000000,0.000000,0.000000,0.000000,0.000000,0.000000,0.000000,0.000000,0.000000,0.000000,0.000000,0.000000,0.000000,0,0,0,0,0,0.000000,0.000000,0.000000,0.000000,0.000000,0.000000,0.000000,0.000000,0,0,0,0,0
626,1,19.135217,0.422370,0.000000,0.000190,0.565253,2.291144,2.280433,1.983456,0.010725,5.976800,5.040246,1.236067,1.180166,0.000712,0.000305,2.028242,0.000349,0.670210,0.002262,0.619968,0.000000,0.000000,0.000000,0,0,0.000000,0.000000,0.000000,0.000000,0.000000,0.000000,0.000000,0.000000,0.000000,0.000000,0.000000,0.000000,0.000000,0.000000,0,0,0,0,0,0.000000,0.000000,0.000000,0.000000,0.000000,0.000000,0.000000,0.000000,0,0,0,0,0
627,1,19.294295,0.299127,0.000000,0.000163,0.509956,2.337877,2.327125,2.026635,0.010810,5.929877,4.922255,1.234270,1.177792,0.000766,0.000298,2.337528,0.000349,0.636336,0.002424,0.688775,0.000000,0.000000,0.000000,0,0,0.000000,0.000000,0.000000,0.000000,0.000000,0.000000,0.000000,0.000000,0.000000,0.000000,0.000000,0.000000,0.000000,0.000000,0,0,0,0,0,0.000000,0.000000,0.000000,0.000000,0.000000,0.000000,0.000000,0.000000,0,0,0,0,0
628,1,18.969194,0.387817,0.000000,0.000190,0.509345,2.290087,2.279558,2.023807,0.011136,5.938178,4.925812,1.240563,1.182919,0.000746,0.000298,1.934201,0.000349,0.677494,0.002241,0.619337,0.000000,0.000000,0.000000,0,0,0.000000,0.000000,0.000000,0.000000,0.000000,0.000000,0.000000,0.000000,0.000000,0.000000,0.000000,0.000000,0.000000,0.000000,0,0,0,0,0,0.000000,0.000000,0.000000,0.000000,0.000000,0.000000,0.000000,0.000000,0,0,0,0,0
629,1,19.204037,0.003628,0.000000,0.000163,0.454942,2.310900,2.300249,2.036862,0.011112,5.943264,5.009813,1.985755,0.962050,0.000827,0.000298,1.892643,0.000349,0.639489,0.002404,0.698500,0.000000,0.000000,0.000000,0,0,0.000000,0.000000,0.000000,0.000000,0.000000,0.000000,0.000000,0.000000,0.000000,0.000000,0.000000,0.000000,0.000000,0.000000,0,0,0,0,0,0.000000,0.000000,0.000000,0.000000,0.000000,0.000000,0.000000,0.000000,0,0,0,0,0
630,1,18.971229,0.428385,0.000000,0.000190,0.579088,2.201179,2.190569,2.049333,0.010851,5.937385,5.046095,1.245243,1.187327,0.000692,0.000305,1.941308,0.000349,0.635827,0.002262,0.693943,0.000000,0.000000,0.000000,0,0,0.000000,0.000000,0.000000,0.000000,0.000000,0.000000,0.000000,0.000000,0.000000,0.000000,0.000000,0.000000,0.000000,0.000000,0,0,0,0,0,0.000000,0.000000,0.000000,0.000000,0.000000,0.000000,0.000000,0.000000,0,0,0,0,0
631,1,18.958188,0.342211,0.000000,0.000163,0.511746,2.276455,2.265784,2.032732,0.011027,5.934435,5.002950,1.280575,1.223690,0.000827,0.000298,1.983463,0.000349,0.631412,0.002241,0.619337,0.000000,0.000000,0.000000,0,0,0.000000,0.000000,0.000000,0.000000,0.000000,0.000000,0.000000,0.000000,0.000000,0.000000,0.000000,0.000000,0.000000,0.000000,0,0,0,0,0,0.000000,0.000000,0.000000,0.000000,0.000000,0.000000,0.000000,0.000000,0,0,0,0,0
632,1,19.090105,0.464010,0.000000,0.000190,0.514676,2.270189,2.259545,2.021155,0.011017,5.996243,5.067952,1.277808,1.183570,0.000712,0.000305,1.986074,0.000349,0.633263,0.002262,0.618646,0.000000,0.000000,0.000000,0,0,0.000000,0.000000,0.000000,0.000000,0.000000,0.000000,0.000000,0.000000,0.000000,0.000000,0.000000,0.000000,0.000000,0.000000,0,0,0,0,0,0.000000,0.000000,0.000000,0.000000,0.000000,0.000000,0.000000,0.000000,0,0,0,0,0
633,1,18.798642,0.335124,0.000000,0.000163,0.552463,2.295071,2.284183,1.940752,0.010725,5.910353,5.028276,1.233090,1.176653,0.000746,0.000298,1.890588,0.000349,0.635969,0.002445,0.660434,0.000000,0.000000,0.000000,0,0,0.000000,0.000000,0.000000,0.000000,0.000000,0.000000,0.000000,0.000000,0.000000,0.000000,0.000000,0.000000,0.000000,0.000000,0,0,0,0,0,0.000000,0.000000,0.000000,0.000000,0.000000,0.000000,0.000000,0.000000,0,0,0,0,0
634,1,19.057675,0.423564,0.000000,0.000190,0.533759,2.273465,2.262814,2.024960,0.010769,5.942335,4.989912,1.279538,1.219235,0.000827,0.000298,1.954797,0.000349,0.636559,0.002302,0.665765,0.000000,0.000000,0.000000,0,0,0.000000,0.000000,0.000000,0.000000,0.000000,0.000000,0.000000,0.000000,0.000000,0.000000,0.000000,0.000000,0.000000,0.000000,0,0,0,0,0,0.000000,0.000000,0.000000,0.000000,0.000000,0.000000,0.000000,0.000000,0,0,0,0,0
635,1,19.210534,0.299527,0.000000,0.000210,0.507277,2.289313,2.278622,2.011695,0.011051,5.926134,4.958218,1.235572,1.179216,0.000888,0.000298,2.378421,0.000349,0.635807,0.002404,0.660760,0.000000,0.000000,0.000000,0,0,0.000000,0.000000,0.000000,0.000000,0.000000,0.000000,0.000000,0.000000,0.000000,0.000000,0.000000,0.000000,0.000000,0.000000,0,0,0,0,0,0.000000,0.000000,0.000000,0.000000,0.000000,0.000000,0.000000,0.000000,0,0,0,0,0
636,1,19.359738,0.451131,0.000000,0.000197,0.514167,2.268582,2.257829,1.962948,0.011068,5.912862,4.918064,1.232785,1.176632,0.000827,0.000298,2.401533,0.000349,0.638553,0.002448,0.619683,0.000000,0.000000,0.000000,0,0,0.000000,0.000000,0.000000,0.000000,0.000000,0.000000,0.000000,0.000000,0.000000,0.000000,0.000000,0.000000,0.000000,0.000000,0,0,0,0,0,0.000000,0.000000,0.000000,0.000000,0.000000,0.000000,0.000000,0.000000,0,0,0,0,0
637,1,18.811072,0.299588,0.000000,0.000163,0.512397,2.334079,2.323402,1.943763,0.011091,5.900614,4.898841,1.235430,1.179033,0.000766,0.000298,1.895532,0.000349,0.638791,0.002323,0.710036,0.000000,0.000000,0.000000,0,0,0.000000,0.000000,0.000000,0.000000,0.000000,0.000000,0.000000,0.000000,0.000000,0.000000,0.000000,0.000000,0.000000,0.000000,0,0,0,0,0,0.000000,0.000000,0.000000,0.000000,0.000000,0.000000,0.000000,0.000000,0,0,0,0,0
638,1,18.568668,0.087979,0.000000,0.000190,0.475389,2.221585,2.210995,2.021176,0.011068,5.933634,5.008677,1.209615,1.152964,0.000712,0.000305,2.022810,0.000349,0.637699,0.002262,0.621860,0.000000,0.000000,0.000000,0,0,0.000000,0.000000,0.000000,0.000000,0.000000,0.000000,0.000000,0.000000,0.000000,0.000000,0.000000,0.000000,0.000000,0.000000,0,0,0,0,0,0.000000,0.000000,0.000000,0.000000,0.000000,0.000000,0.000000,0.000000,0,0,0,0,0
639,1,18.873274,0.003798,0.000000,0.000190,0.415168,2.324429,2.274495,1.948951,0.010868,5.942125,5.055827,1.230181,1.173621,0.000766,0.000298,2.355642,0.000349,0.673038,0.002262,0.659519,0.000000,0.000000,0.000000,0,0,0.000000,0.000000,0.000000,0.000000,0.000000,0.000000,0.000000,0.000000,0.000000,0.000000,0.000000,0.000000,0.000000,0.000000,0,0,0,0,0,0.000000,0.000000,0.000000,0.000000,0.000000,0.000000,0.000000,0.000000,0,0,0,0,0
640,1,19.016781,0.088277,0.000000,0.000190,0.482286,2.280158,2.269365,1.962379,0.010986,5.894470,4.961219,1.237139,1.150279,0.000712,0.000305,2.336863,0.000349,0.711592,0.002262,0.618096,0.000000,0.000000,0.000000,0,0,0.000000,0.000000,0.000000,0.000000,0.000000,0.000000,0.000000,0.000000,0.000000,0.000000,0.000000,0.000000,0.000000,0.000000,0,0,0,0,0,0.000000,0.000000,0.000000,0.000000,0.000000,0.000000,0.000000,0.000000,0,0,0,0,0
641,1,18.572364,0.003771,0.000000,0.000190,0.477200,2.218492,2.207848,1.974626,0.010851,5.975403,5.040080,1.277605,1.218896,0.000712,0.000305,1.980479,0.000349,0.656538,0.002255,0.623406,0.000000,0.000000,0.000000,0,0,0.000000,0.000000,0.000000,0.000000,0.000000,0.000000,0.000000,0.000000,0.000000,0.000000,0.000000,0.000000,0.000000,0.000000,0,0,0,0,0,0.000000,0.000000,0.000000,0.000000,0.000000,0.000000,0.000000,0.000000,0,0,0,0,0
642,1,18.633582,0.123596,0.000000,0.000203,0.454230,2.266113,2.255469,1.975813,0.010807,6.002116,5.111074,1.229387,1.173716,0.000787,0.000298,1.924781,0.000349,0.688867,0.002302,0.618605,0.000000,0.000000,0.000000,0,0,0.000000,0.000000,0.000000,0.000000,0.000000,0.000000,0.000000,0.000000,0.000000,0.000000,0.000000,0.000000,0.000000,0.000000,0,0,0,0,0,0.000000,0.000000,0.000000,0.000000,0.000000,0.000000,0.000000,0.000000,0,0,0,0,0
643,1,18.479835,0.003730,0.000000,0.000163,0.511705,2.292121,2.281511,1.948300,0.010786,5.932800,5.082947,1.243174,1.185442,0.000712,0.000305,1.943892,0.000383,0.635284,0.002302,0.673638,0.000000,0.000000,0.000000,0,0,0.000000,0.000000,0.000000,0.000000,0.000000,0.000000,0.000000,0.000000,0.000000,0.000000,0.000000,0.000000,0.000000,0.000000,0,0,0,0,0,0.000000,0.000000,0.000000,0.000000,0.000000,0.000000,0.000000,0.000000,0,0,0,0,0
644,1,18.996016,0.428779,0.000000,0.000190,0.581631,2.252896,2.242184,2.016313,0.010847,5.930122,5.037286,1.242611,1.184506,0.000868,0.000298,1.938622,0.000349,0.635969,0.002384,0.695997,0.000000,0.000000,0.000000,0,0,0.000000,0.000000,0.000000,0.000000,0.000000,0.000000,0.000000,0.000000,0.000000,0.000000,0.000000,0.000000,0.000000,0.000000,0,0,0,0,0,0.000000,0.000000,0.000000,0.000000,0.000000,0.000000,0.000000,0.000000,0,0,0,0,0
645,1,18.988217,0.341715,0.000000,0.000163,0.532742,2.260240,2.249671,2.062069,0.010929,5.985555,5.088721,1.278324,1.219838,0.000712,0.000305,1.978221,0.000349,0.634362,0.002296,0.619134,0.000000,0.000000,0.000000,0,0,0.000000,0.000000,0.000000,0.000000,0.000000,0.000000,0.000000,0.000000,0.000000,0.000000,0.000000,0.000000,0.000000,0.000000,0,0,0,0,0,0.000000,0.000000,0.000000,0.000000,0.000000,0.000000,0.000000,0.000000,0,0,0,0,0
646,1,19.062334,0.426921,0.000000,0.000190,0.531196,2.235786,2.225155,2.059302,0.010854,5.983188,5.010535,1.280087,1.222897,0.000712,0.000305,1.978926,0.000349,0.632490,0.002323,0.617649,0.000000,0.000000,0.000000,0,0,0.000000,0.000000,0.000000,0.000000,0.000000,0.000000,0.000000,0.000000,0.000000,0.000000,0.000000,0.000000,0.000000,0.000000,0,0,0,0,0,0.000000,0.000000,0.000000,0.000000,0.000000,0.000000,0.000000,0.000000,0,0,0,0,0
647,1,18.574181,0.003798,0.000000,0.000163,0.461595,2.330356,2.319543,2.055376,0.011237,5.896952,4.964091,1.278276,1.219554,0.000712,0.000305,1.950918,0.000349,0.635990,0.002384,0.665968,0.000000,0.000000,0.000000,0,0,0.000000,0.000000,0.000000,0.000000,0.000000,0.000000,0.000000,0.000000,0.000000,0.000000,0.000000,0.000000,0.000000,0.000000,0,0,0,0,0,0.000000,0.000000,0.000000,0.000000,0.000000,0.000000,0.000000,0.000000,0,0,0,0,0
648,1,19.076006,0.087911,0.000000,0.000190,0.458198,2.305040,2.294512,2.051517,0.011071,5.932421,4.995687,1.281314,1.224674,0.000793,0.000305,2.423445,0.000349,0.634620,0.002384,0.666246,0.000000,0.000000,0.000000,0,0,0.000000,0.000000,0.000000,0.000000,0.000000,0.000000,0.000000,0.000000,0.000000,0.000000,0.000000,0.000000,0.000000,0.000000,0,0,0,0,0,0.000000,0.000000,0.000000,0.000000,0.000000,0.000000,0.000000,0.000000,0,0,0,0,0
649,1,18.855648,0.300212,0.000000,0.000210,0.509915,2.305508,2.294980,2.019331,0.010688,5.918477,4.952274,1.235552,1.178667,0.000807,0.000298,1.933434,0.000349,0.674096,0.002282,0.735833,0.000000,0.000000,0.000000,0,0,0.000000,0.000000,0.000000,0.000000,0.000000,0.000000,0.000000,0.000000,0.000000,0.000000,0.000000,0.000000,0.000000,0.000000,0,0,0,0,0,0.000000,0.000000,0.000000,0.000000,0.000000,0.000000,0.000000,0.000000,0,0,0,0,0
650,1,19.425188,0.460470,0.000000,0.000190,0.471178,2.304999,2.256120,1.971215,0.010766,5.936591,5.052856,1.230974,1.174232,0.000827,0.000298,2.399994,0.000349,0.675215,0.002282,0.616977,0.000000,0.000000,0.000000,0,0,0.000000,0.000000,0.000000,0.000000,0.000000,0.000000,0.000000,0.000000,0.000000,0.000000,0.000000,0.000000,0.000000,0.000000,0,0,0,0,0,0.000000,0.000000,0.000000,0.000000,0.000000,0.000000,0.000000,0.000000,0,0,0,0,0
651,1,18.810950,0.301765,0.000000,0.000163,0.554511,2.290351,2.279782,1.980526,0.011132,5.918599,5.025994,1.242286,1.184648,0.000712,0.000305,1.941315,0.000349,0.633874,0.002241,0.705682,0.000000,0.000000,0.000000,0,0,0.000000,0.000000,0.000000,0.000000,0.000000,0.000000,0.000000,0.000000,0.000000,0.000000,0.000000,0.000000,0.000000,0.000000,0,0,0,0,0,0.000000,0.000000,0.000000,0.000000,0.000000,0.000000,0.000000,0.000000,0,0,0,0,0
652,1,19.352800,0.387980,0.000000,0.000190,0.515042,2.333625,2.322995,2.028751,0.010908,5.876058,4.993452,1.235592,1.178606,0.000766,0.000298,2.332747,0.000349,0.633609,0.002275,0.708123,0.000000,0.000000,0.000000,0,0,0.000000,0.000000,0.000000,0.000000,0.000000,0.000000,0.000000,0.000000,0.000000,0.000000,0.000000,0.000000,0.000000,0.000000,0,0,0,0,0,0.000000,0.000000,0.000000,0.000000,0.000000,0.000000,0.000000,0.000000,0,0,0,0,0
653,1,18.955631,0.371975,0.000000,0.000285,0.512824,2.278978,2.268429,1.995114,0.010471,5.991686,5.055779,1.242537,1.184791,0.000712,0.000305,1.939626,0.000349,0.674659,0.002262,0.658156,0.000000,0.000000,0.000000,0,0,0.000000,0.000000,0.000000,0.000000,0.000000,0.000000,0.000000,0.000000,0.000000,0.000000,0.000000,0.000000,0.000000,0.000000,0,0,0,0,0,0.000000,0.000000,0.000000,0.000000,0.000000,0.000000,0.000000,0.000000,0,0,0,0,0
654,1,19.105099,0.087931,0.000000,0.000190,0.476549,2.257840,2.247196,2.065996,0.010912,5.915453,5.063165,1.278080,1.219716,0.000712,0.000305,2.424388,0.000349,0.633304,0.002323,0.750047,0.000000,0.000000,0.000000,0,0,0.000000,0.000000,0.000000,0.000000,0.000000,0.000000,0.000000,0.000000,0.000000,0.000000,0.000000,0.000000,0.000000,0.000000,0,0,0,0,0,0.000000,0.000000,0.000000,0.000000,0.000000,0.000000,0.000000,0.000000,0,0,0,0,0
655,1,18.586870,0.003730,0.000000,0.000163,0.453803,2.293403,2.282834,2.038225,0.010915,5.991909,5.093330,1.244314,1.186662,0.000712,0.000305,1.984975,0.000349,0.640262,0.002296,0.662116,0.000000,0.000000,0.000000,0,0,0.000000,0.000000,0.000000,0.000000,0.000000,0.000000,0.000000,0.000000,0.000000,0.000000,0.000000,0.000000,0.000000,0.000000,0,0,0,0,0,0.000000,0.000000,0.000000,0.000000,0.000000,0.000000,0.000000,0.000000,0,0,0,0,0
656,1,18.599423,0.087809,0.000000,0.000190,0.457689,2.292324,2.281776,1.947628,0.010834,6.006958,5.080404,1.260088,1.200612,0.000793,0.000617,1.910309,0.000342,0.672163,0.040632,0.616855,0.000000,0.000000,0.000000,0,0,0.000000,0.000000,0.000000,0.000000,0.000000,0.000000,0.000000,0.000000,0.000000,0.000000,0.000000,0.000000,0.000000,0.000000,0,0,0,0,0,0.000000,0.000000,0.000000,0.000000,0.000000,0.000000,0.000000,0.000000,0,0,0,0,0
657,1,18.506141,0.003750,0.000000,0.000163,0.486192,2.285604,2.275204,1.999264,0.010549,5.972683,4.996819,1.241838,1.183624,0.000712,0.000326,1.941410,0.000410,0.632979,0.002262,0.649712,0.000000,0.000000,0.000000,0,0,0.000000,0.000000,0.000000,0.000000,0.000000,0.000000,0.000000,0.000000,0.000000,0.000000,0.000000,0.000000,0.000000,0.000000,0,0,0,0,0,0.000000,0.000000,0.000000,0.000000,0.000000,0.000000,0.000000,0.000000,0,0,0,0,0
658,1,18.981469,0.429409,0.000000,0.000190,0.574327,2.207486,2.196896,2.032874,0.049550,5.913968,5.062598,1.257341,1.199955,0.000854,0.000305,1.948232,0.000349,0.636356,0.002262,0.649570,0.000000,0.000000,0.000000,0,0,0.000000,0.000000,0.000000,0.000000,0.000000,0.000000,0.000000,0.000000,0.000000,0.000000,0.000000,0.000000,0.000000,0.000000,0,0,0,0,0,0.000000,0.000000,0.000000,0.000000,0.000000,0.000000,0.000000,0.000000,0,0,0,0,0
659,1,19.063663,0.341336,0.000000,0.000326,0.518317,2.337287,2.326596,2.040829,0.010766,5.981547,5.046088,1.314958,1.256209,0.000712,0.000305,1.941111,0.000349,0.635176,0.002262,0.664849,0.000000,0.000000,0.000000,0,0,0.000000,0.000000,0.000000,0.000000,0.000000,0.000000,0.000000,0.000000,0.000000,0.000000,0.000000,0.000000,0.000000,0.000000,0,0,0,0,0,0.000000,0.000000,0.000000,0.000000,0.000000,0.000000,0.000000,0.000000,0,0,0,0,0
660,1,18.922136,0.425395,0.000000,0.000190,0.532925,2.220025,2.209429,1.937436,0.011030,5.987278,5.030463,1.198293,1.144677,0.000746,0.000298,1.989607,0.000329,0.641361,0.002302,0.623752,0.000000,0.000000,0.000000,0,0,0.000000,0.000000,0.000000,0.000000,0.000000,0.000000,0.000000,0.000000,0.000000,0.000000,0.000000,0.000000,0.000000,0.000000,0,0,0,0,0,0.000000,0.000000,0.000000,0.000000,0.000000,0.000000,0.000000,0.000000,0,0,0,0,0
661,1,18.847110,0.300083,0.000000,0.000163,0.592862,2.303860,2.293257,1.935767,0.010888,5.932054,5.046994,1.232703,1.176212,0.000766,0.000298,1.890255,0.000349,0.683916,0.002343,0.617628,0.000000,0.000000,0.000000,0,0,0.000000,0.000000,0.000000,0.000000,0.000000,0.000000,0.000000,0.000000,0.000000,0.000000,0.000000,0.000000,0.000000,0.000000,0,0,0,0,0,0.000000,0.000000,0.000000,0.000000,0.000000,0.000000,0.000000,0.000000,0,0,0,0,0
662,1,19.120399,0.087585,0.000000,0.000190,0.474535,2.261095,2.250465,2.052914,0.010824,5.993598,5.017442,1.279456,1.184099,0.000692,0.000305,2.423696,0.000329,0.635820,0.002262,0.634881,0.000000,0.000000,0.000000,0,0,0.000000,0.000000,0.000000,0.000000,0.000000,0.000000,0.000000,0.000000,0.000000,0.000000,0.000000,0.000000,0.000000,0.000000,0,0,0,0,0,0.000000,0.000000,0.000000,0.000000,0.000000,0.000000,0.000000,0.000000,0,0,0,0,0
663,1,19.251258,0.302063,0.000000,0.000210,0.511970,2.296190,2.285580,1.983110,0.010946,5.943766,5.092692,1.236528,1.180511,0.000746,0.000298,2.353217,0.000349,0.632165,0.002241,0.619805,0.000000,0.000000,0.000000,0,0,0.000000,0.000000,0.000000,0.000000,0.000000,0.000000,0.000000,0.000000,0.000000,0.000000,0.000000,0.000000,0.000000,0.000000,0,0,0,0,0,0.000000,0.000000,0.000000,0.000000,0.000000,0.000000,0.000000,0.000000,0,0,0,0,0
664,1,19.052839,0.457052,0.000000,0.000197,0.512906,2.295464,2.284746,1.947791,0.010888,5.985419,5.043650,1.267046,1.208540,0.000692,0.000305,1.937795,0.000349,0.710798,0.002363,0.619297,0.000000,0.000000,0.000000,0,0,0.000000,0.000000,0.000000,0.000000,0.000000,0.000000,0.000000,0.000000,0.000000,0.000000,0.000000,0.000000,0.000000,0.000000,0,0,0,0,0,0.000000,0.000000,0.000000,0.000000,0.000000,0.000000,0.000000,0.000000,0,0,0,0,0
665,1,18.911482,0.337111,0.000000,0.000163,0.565823,2.267117,2.256405,2.034543,0.010966,5.931281,5.078851,1.242021,1.184357,0.000699,0.000305,1.940542,0.000342,0.635969,0.002262,0.694390,0.000000,0.000000,0.000000,0,0,0.000000,0.000000,0.000000,0.000000,0.000000,0.000000,0.000000,0.000000,0.000000,0.000000,0.000000,0.000000,0.000000,0.000000,0,0,0,0,0,0.000000,0.000000,0.000000,0.000000,0.000000,0.000000,0.000000,0.000000,0,0,0,0,0
666,1,19.389584,0.464254,0.000000,0.000190,0.512234,2.265788,2.255022,1.974470,0.010949,5.955309,5.023475,1.231788,1.174923,0.000746,0.000298,2.395735,0.000342,0.636858,0.002323,0.656731,0.000000,0.000000,0.000000,0,0,0.000000,0.000000,0.000000,0.000000,0.000000,0.000000,0.000000,0.000000,0.000000,0.000000,0.000000,0.000000,0.000000,0.000000,0,0,0,0,0,0.000000,0.000000,0.000000,0.000000,0.000000,0.000000,0.000000,0.000000,0,0,0,0,0
667,1,19.456702,0.338643,0.000000,0.000251,0.529060,2.235887,2.225216,2.037025,0.010946,5.998766,5.027442,1.279911,1.185961,0.000692,0.000305,2.464929,0.000349,0.634850,0.002424,0.623183,0.000000,0.000000,0.000000,0,0,0.000000,0.000000,0.000000,0.000000,0.000000,0.000000,0.000000,0.000000,0.000000,0.000000,0.000000,0.000000,0.000000,0.000000,0,0,0,0,0,0.000000,0.000000,0.000000,0.000000,0.000000,0.000000,0.000000,0.000000,0,0,0,0,0
668,1,18.602359,0.087979,0.000000,0.000190,0.499580,2.268684,2.257809,2.039547,0.011139,5.963223,5.086107,1.212582,1.154626,0.000692,0.000305,1.943837,0.000349,0.636010,0.002262,0.708978,0.000000,0.000000,0.000000,0,0,0.000000,0.000000,0.000000,0.000000,0.000000,0.000000,0.000000,0.000000,0.000000,0.000000,0.000000,0.000000,0.000000,0.000000,0,0,0,0,0,0.000000,0.000000,0.000000,0.000000,0.000000,0.000000,0.000000,0.000000,0,0,0,0,0
669,1,18.528032,0.003710,0.000000,0.000163,0.452827,2.268806,2.258379,2.040788,0.010868,5.910265,4.997460,1.279870,1.221256,0.000712,0.000427,1.990265,0.000349,0.632938,0.002323,0.617303,0.000000,0.000000,0.000000,0,0,0.000000,0.000000,0.000000,0.000000,0.000000,0.000000,0.000000,0.000000,0.000000,0.000000,0.000000,0.000000,0.000000,0.000000,0,0,0,0,0,0.000000,0.000000,0.000000,0.000000,0.000000,0.000000,0.000000,0.000000,0,0,0,0,0
670,1,18.644650,0.088216,0.000000,0.000197,0.463304,2.267958,2.257328,1.997576,0.011027,5.973301,5.116876,1.244300,1.186737,0.000658,0.000305,1.985036,0.000349,0.639428,0.002262,0.662876,0.000000,0.000000,0.000000,0,0,0.000000,0.000000,0.000000,0.000000,0.000000,0.000000,0.000000,0.000000,0.000000,0.000000,0.000000,0.000000,0.000000,0.000000,0,0,0,0,0,0.000000,0.000000,0.000000,0.000000,0.000000,0.000000,0.000000,0.000000,0,0,0,0,0
671,1,18.577620,0.003737,0.000000,0.000163,0.490099,2.224474,2.213904,2.022783,0.010888,5.919054,5.026615,1.279700,1.220964,0.000712,0.000312,1.948591,0.000349,0.673357,0.002384,0.617479,0.000000,0.000000,0.000000,0,0,0.000000,0.000000,0.000000,0.000000,0.000000,0.000000,0.000000,0.000000,0.000000,0.000000,0.000000,0.000000,0.000000,0.000000,0,0,0,0,0,0.000000,0.000000,0.000000,0.000000,0.000000,0.000000,0.000000,0.000000,0,0,0,0,0
672,1,19.050920,0.425700,0.000000,0.000190,0.557482,2.220344,2.209734,2.035166,0.011091,5.960266,5.070150,1.278297,1.220008,0.000712,0.000305,1.945987,0.000349,0.634484,0.041874,0.621311,0.000000,0.000000,0.000000,0,0,0.000000,0.000000,0.000000,0.000000,0.000000,0.000000,0.000000,0.000000,0.000000,0.000000,0.000000,0.000000,0.000000,0.000000,0,0,0,0,0,0.000000,0.000000,0.000000,0.000000,0.000000,0.000000,0.000000,0.000000,0,0,0,0,0
673,1,19.045041,0.336751,0.000000,0.000210,0.470832,2.363390,2.313585,2.015377,0.010905,5.961934,5.028527,1.274492,1.216515,0.000692,0.000305,1.982391,0.000349,0.635461,0.002262,0.665398,0.000000,0.000000,0.000000,0,0,0.000000,0.000000,0.000000,0.000000,0.000000,0.000000,0.000000,0.000000,0.000000,0.000000,0.000000,0.000000,0.000000,0.000000,0,0,0,0,0,0.000000,0.000000,0.000000,0.000000,0.000000,0.000000,0.000000,0.000000,0,0,0,0,0
674,1,18.903236,0.425496,0.000000,0.000190,0.510396,2.275167,2.264625,1.980018,0.010935,5.928663,5.041945,1.231462,1.174944,0.000807,0.000298,1.933333,0.000342,0.677433,0.002282,0.616591,0.000000,0.000000,0.000000,0,0,0.000000,0.000000,0.000000,0.000000,0.000000,0.000000,0.000000,0.000000,0.000000,0.000000,0.000000,0.000000,0.000000,0.000000,0,0,0,0,0,0.000000,0.000000,0.000000,0.000000,0.000000,0.000000,0.000000,0.000000,0,0,0,0,0
675,1,19.326881,0.300747,0.000000,0.000163,0.523343,2.301948,2.291501,1.943071,0.010946,5.969449,5.036787,1.244788,1.185998,0.000692,0.000326,2.393687,0.000349,0.677636,0.002262,0.661065,0.000000,0.000000,0.000000,0,0,0.000000,0.000000,0.000000,0.000000,0.000000,0.000000,0.000000,0.000000,0.000000,0.000000,0.000000,0.000000,0.000000,0.000000,0,0,0,0,0,0.000000,0.000000,0.000000,0.000000,0.000000,0.000000,0.000000,0.000000,0,0,0,0,0
676,1,18.890133,0.387146,0.000000,0.000190,0.511074,2.344774,2.334103,1.948049,0.010807,5.885857,5.001584,1.235002,1.178382,0.000814,0.000305,1.886973,0.000383,0.639299,0.002262,0.695855,0.000000,0.000000,0.000000,0,0,0.000000,0.000000,0.000000,0.000000,0.000000,0.000000,0.000000,0.000000,0.000000,0.000000,0.000000,0.000000,0.000000,0.000000,0,0,0,0,0,0.000000,0.000000,0.000000,0.000000,0.000000,0.000000,0.000000,0.000000,0,0,0,0,0
677,1,18.905501,0.003832,0.000000,0.000163,0.413479,2.301215,2.290565,1.946469,0.010810,5.993734,5.036584,1.228431,1.172665,0.000766,0.000298,2.354536,0.000349,0.637861,0.002282,0.661574,0.000000,0.000000,0.000000,0,0,0.000000,0.000000,0.000000,0.000000,0.000000,0.000000,0.000000,0.000000,0.000000,0.000000,0.000000,0.000000,0.000000,0.000000,0,0,0,0,0,0.000000,0.000000,0.000000,0.000000,0.000000,0.000000,0.000000,0.000000,0,0,0,0,0
678,1,18.643694,0.125936,0.000000,0.000190,0.491197,2.297024,2.286238,1.961138,0.010888,5.928128,5.073256,1.227027,1.136298,0.000746,0.000298,1.930423,0.000349,0.691281,0.002282,0.618639,0.000000,0.000000,0.000000,0,0,0.000000,0.000000,0.000000,0.000000,0.000000,0.000000,0.000000,0.000000,0.000000,0.000000,0.000000,0.000000,0.000000,0.000000,0,0,0,0,0,0.000000,0.000000,0.000000,0.000000,0.000000,0.000000,0.000000,0.000000,0,0,0,0,0
679,1,20.296587,0.339620,0.000000,0.000163,0.511278,2.283637,2.273129,1.999427,0.011071,5.972338,4.957848,2.148780,0.961053,0.000746,0.000298,2.360436,0.000349,0.653425,0.002262,0.616794,0.000000,0.000000,0.000000,0,0,0.000000,0.000000,0.000000,0.000000,0.000000,0.000000,0.000000,0.000000,0.000000,0.000000,0.000000,0.000000,0.000000,0.000000,0,0,0,0,0,0.000000,0.000000,0.000000,0.000000,0.000000,0.000000,0.000000,0.000000,0,0,0,0,0
680,1,19.472558,0.427538,0.000000,0.000190,0.521756,2.312405,2.301876,1.983514,0.011091,5.993924,5.026903,1.261553,1.179548,0.000746,0.000298,2.335107,0.000349,0.632572,0.002201,0.628187,0.000000,0.000000,0.000000,0,0,0.000000,0.000000,0.000000,0.000000,0.000000,0.000000,0.000000,0.000000,0.000000,0.000000,0.000000,0.000000,0.000000,0.000000,0,0,0,0,0,0.000000,0.000000,0.000000,0.000000,0.000000,0.000000,0.000000,0.000000,0,0,0,0,0
681,1,18.900191,0.342678,0.000000,0.000210,0.534695,2.215664,2.205156,1.974063,0.011074,5.980496,5.018429,1.239560,1.183150,0.000712,0.000305,2.023020,0.000349,0.637509,0.002262,0.621474,0.000000,0.000000,0.000000,0,0,0.000000,0.000000,0.000000,0.000000,0.000000,0.000000,0.000000,0.000000,0.000000,0.000000,0.000000,0.000000,0.000000,0.000000,0,0,0,0,0,0.000000,0.000000,0.000000,0.000000,0.000000,0.000000,0.000000,0.000000,0,0,0,0,0
682,1,18.600935,0.087470,0.000000,0.000190,0.506924,2.269151,2.258582,2.032630,0.010912,5.927558,5.071350,1.243018,1.184065,0.000712,0.000305,1.940053,0.000349,0.634769,0.002363,0.695631,0.000000,0.000000,0.000000,0,0,0.000000,0.000000,0.000000,0.000000,0.000000,0.000000,0.000000,0.000000,0.000000,0.000000,0.000000,0.000000,0.000000,0.000000,0,0,0,0,0,0.000000,0.000000,0.000000,0.000000,0.000000,0.000000,0.000000,0.000000,0,0,0,0,0
683,1,18.568505,0.003594,0.000000,0.000163,0.454332,2.281114,2.270471,2.046546,0.011010,5.972466,4.997616,1.282060,1.187609,0.000746,0.000298,1.985925,0.000431,0.632124,0.002302,0.619215,0.000000,0.000000,0.000000,0,0,0.000000,0.000000,0.000000,0.000000,0.000000,0.000000,0.000000,0.000000,0.000000,0.000000,0.000000,0.000000,0.000000,0.000000,0,0,0,0,0,0.000000,0.000000,0.000000,0.000000,0.000000,0.000000,0.000000,0.000000,0,0,0,0,0
684,1,18.647098,0.087755,0.000000,0.000190,0.461575,2.278002,2.267392,2.033790,0.010756,6.006375,5.041456,1.242333,1.184241,0.000712,0.000305,1.987600,0.000349,0.637231,0.002262,0.664056,0.000000,0.000000,0.000000,0,0,0.000000,0.000000,0.000000,0.000000,0.000000,0.000000,0.000000,0.000000,0.000000,0.000000,0.000000,0.000000,0.000000,0.000000,0,0,0,0,0,0.000000,0.000000,0.000000,0.000000,0.000000,0.000000,0.000000,0.000000,0,0,0,0,0
685,1,18.919478,0.375624,0.000000,0.000163,0.516100,2.283312,2.272641,1.937700,0.011071,5.911953,5.024038,1.230242,1.173716,0.000746,0.000298,1.970883,0.000370,0.720340,0.002404,0.621697,0.000000,0.000000,0.000000,0,0,0.000000,0.000000,0.000000,0.000000,0.000000,0.000000,0.000000,0.000000,0.000000,0.000000,0.000000,0.000000,0.000000,0.000000,0,0,0,0,0,0.000000,0.000000,0.000000,0.000000,0.000000,0.000000,0.000000,0.000000,0,0,0,0,0
686,1,18.768578,0.421394,0.000000,0.000190,0.571099,2.220547,2.209835,1.945960,0.010952,5.878581,5.032074,1.209958,1.153615,0.000888,0.000298,1.894684,0.000349,0.637082,0.002323,0.705946,0.000000,0.000000,0.000000,0,0,0.000000,0.000000,0.000000,0.000000,0.000000,0.000000,0.000000,0.000000,0.000000,0.000000,0.000000,0.000000,0.000000,0.000000,0,0,0,0,0,0.000000,0.000000,0.000000,0.000000,0.000000,0.000000,0.000000,0.000000,0,0,0,0,0
687,1,18.637658,0.003737,0.000000,0.000163,0.464505,2.274034,2.263424,2.062578,0.010722,5.964186,5.034431,1.280379,1.222131,0.000712,0.000305,1.984019,0.000349,0.632267,0.002384,0.615309,0.000000,0.000000,0.000000,0,0,0.000000,0.000000,0.000000,0.000000,0.000000,0.000000,0.000000,0.000000,0.000000,0.000000,0.000000,0.000000,0.000000,0.000000,0,0,0,0,0,0.000000,0.000000,0.000000,0.000000,0.000000,0.000000,0.000000,0.000000,0,0,0,0,0
688,1,18.686262,0.087891,0.000000,0.000197,0.478828,2.218167,2.207516,1.982805,0.011007,5.969055,5.075005,1.277483,1.219527,0.000712,0.000305,1.986718,0.000349,0.675045,0.002302,0.616021,0.000000,0.000000,0.000000,0,0,0.000000,0.000000,0.000000,0.000000,0.000000,0.000000,0.000000,0.000000,0.000000,0.000000,0.000000,0.000000,0.000000,0.000000,0,0,0,0,0,0.000000,0.000000,0.000000,0.000000,0.000000,0.000000,0.000000,0.000000,0,0,0,0,0
689,1,19.331221,0.301215,0.000000,0.000210,0.532010,2.306586,2.295997,1.945980,0.011034,5.994568,5.146884,1.242435,1.185645,0.000909,0.000400,2.359358,0.000349,0.678592,0.002384,0.661431,0.000000,0.000000,0.000000,0,0,0.000000,0.000000,0.000000,0.000000,0.000000,0.000000,0.000000,0.000000,0.000000,0.000000,0.000000,0.000000,0.000000,0.000000,0,0,0,0,0,0.000000,0.000000,0.000000,0.000000,0.000000,0.000000,0.000000,0.000000,0,0,0,0,0
690,1,19.364478,0.387695,0.000000,0.000190,0.509956,2.328925,2.318214,1.946408,0.010793,5.892748,5.008074,1.235877,1.179277,0.000766,0.000298,2.332191,0.000349,0.674869,0.002282,0.657850,0.000000,0.000000,0.000000,0,0,0.000000,0.000000,0.000000,0.000000,0.000000,0.000000,0.000000,0.000000,0.000000,0.000000,0.000000,0.000000,0.000000,0.000000,0,0,0,0,0,0.000000,0.000000,0.000000,0.000000,0.000000,0.000000,0.000000,0.000000,0,0,0,0,0
691,1,18.626590,0.003777,0.000000,0.000170,0.492906,2.279141,2.268389,2.033708,0.010871,5.948866,5.055033,1.269467,1.209856,0.000753,0.000305,1.959666,0.000349,0.634667,0.002282,0.654371,0.000000,0.000000,0.000000,0,0,0.000000,0.000000,0.000000,0.000000,0.000000,0.000000,0.000000,0.000000,0.000000,0.000000,0.000000,0.000000,0.000000,0.000000,0,0,0,0,0,0.000000,0.000000,0.000000,0.000000,0.000000,0.000000,0.000000,0.000000,0,0,0,0,0
692,1,18.969913,0.126329,0.000000,0.000190,0.458666,2.288886,2.278154,1.944210,0.011071,5.931864,4.966248,1.234575,1.178151,0.000848,0.000298,2.334334,0.000349,0.634749,0.002262,0.675754,0.000000,0.000000,0.000000,0,0,0.000000,0.000000,0.000000,0.000000,0.000000,0.000000,0.000000,0.000000,0.000000,0.000000,0.000000,0.000000,0.000000,0.000000,0,0,0,0,0,0.000000,0.000000,0.000000,0.000000,0.000000,0.000000,0.000000,0.000000,0,0,0,0,0
693,1,18.535438,0.003811,0.000000,0.000163,0.454129,2.307807,2.297238,1.983517,0.010725,5.968764,5.037628,1.241330,1.183346,0.000868,0.000298,1.976179,0.000376,0.638011,0.002262,0.660516,0.000000,0.000000,0.000000,0,0,0.000000,0.000000,0.000000,0.000000,0.000000,0.000000,0.000000,0.000000,0.000000,0.000000,0.000000,0.000000,0.000000,0.000000,0,0,0,0,0,0.000000,0.000000,0.000000,0.000000,0.000000,0.000000,0.000000,0.000000,0,0,0,0,0
694,1,19.024777,0.088454,0.000000,0.000197,0.455126,2.296638,2.286089,1.942013,0.010685,5.986498,5.012729,1.243771,1.186011,0.000692,0.000305,2.449493,0.000349,0.635210,0.002262,0.618646,0.000000,0.000000,0.000000,0,0,0.000000,0.000000,0.000000,0.000000,0.000000,0.000000,0.000000,0.000000,0.000000,0.000000,0.000000,0.000000,0.000000,0.000000,0,0,0,0,0,0.000000,0.000000,0.000000,0.000000,0.000000,0.000000,0.000000,0.000000,0,0,0,0,0
695,1,18.536190,0.003750,0.000000,0.000217,0.452989,2.320258,2.309648,2.044166,0.010644,5.897712,5.040527,1.278765,1.187330,0.000671,0.000305,1.945540,0.000349,0.635278,0.002262,0.665927,0.000000,0.000000,0.000000,0,0,0.000000,0.000000,0.000000,0.000000,0.000000,0.000000,0.000000,0.000000,0.000000,0.000000,0.000000,0.000000,0.000000,0.000000,0,0,0,0,0,0.000000,0.000000,0.000000,0.000000,0.000000,0.000000,0.000000,0.000000,0,0,0,0,0
696,1,18.126611,0.087816,0.000000,0.000190,0.461433,2.312995,2.302466,0.125729,0.006378,11.173235,4.987939,1.242774,1.185699,0.000712,0.000427,1.966278,0.000349,0.640439,0.002363,0.662408,0.000000,0.000000,0.000000,0,0,0.000000,0.000000,0.000000,0.000000,0.000000,0.000000,0.000000,0.000000,0.000000,0.000000,0.000000,0.000000,0.000000,0.000000,0,0,0,0,0,0.000000,0.000000,0.000000,0.000000,0.000000,0.000000,0.000000,0.000000,0,0,0,0,0
697,1,18.571571,0.003649,0.000000,0.000163,0.455899,2.283800,2.273292,2.026649,0.011037,5.992723,5.092343,1.279707,1.221080,0.000712,0.000305,1.930166,0.000349,0.675825,0.002262,0.623040,0.000000,0.000000,0.000000,0,0,0.000000,0.000000,0.000000,0.000000,0.000000,0.000000,0.000000,0.000000,0.000000,0.000000,0.000000,0.000000,0.000000,0.000000,0,0,0,0,0,0.000000,0.000000,0.000000,0.000000,0.000000,0.000000,0.000000,0.000000,0,0,0,0,0
698,1,18.407006,0.460314,0.000000,0.000190,0.532742,2.214098,2.203508,0.085164,0.006399,11.197272,5.044627,1.192868,1.135739,0.000746,0.000298,1.960270,0.000349,0.641686,0.002282,0.668247,0.000000,0.000000,0.000000,0,0,0.000000,0.000000,0.000000,0.000000,0.000000,0.000000,0.000000,0.000000,0.000000,0.000000,0.000000,0.000000,0.000000,0.000000,0,0,0,0,0,0.000000,0.000000,0.000000,0.000000,0.000000,0.000000,0.000000,0.000000,0,0,0,0,0
699,1,18.739865,0.299669,0.000000,0.000210,0.595201,2.254401,2.243649,1.982581,0.010976,5.896918,4.924635,1.235959,1.144948,0.000766,0.000298,1.886498,0.000349,0.635820,0.002363,0.827467,0.000000,0.000000,0.000000,0,0,0.000000,0.000000,0.000000,0.000000,0.000000,0.000000,0.000000,0.000000,0.000000,0.000000,0.000000,0.000000,0.000000,0.000000,0,0,0,0,0,0.000000,0.000000,0.000000,0.000000,0.000000,0.000000,0.000000,0.000000,0,0,0,0,0
700,1,18.468123,0.424059,0.000000,0.000190,0.510851,2.309252,2.298540,0.085124,0.006649,11.095537,5.047353,1.229340,1.173520,0.000726,0.000298,2.009057,0.000370,0.640262,0.002282,0.623406,0.000000,0.000000,0.000000,0,0,0.000000,0.000000,0.000000,0.000000,0.000000,0.000000,0.000000,0.000000,0.000000,0.000000,0.000000,0.000000,0.000000,0.000000,0,0,0,0,0,0.000000,0.000000,0.000000,0.000000,0.000000,0.000000,0.000000,0.000000,0,0,0,0,0
701,1,18.830828,0.301114,0.000000,0.000163,0.513231,2.257819,2.247148,1.951982,0.011047,5.992235,5.137336,1.243513,1.185889,0.000692,0.000305,1.933482,0.000349,0.678789,0.002262,0.660333,0.000000,0.000000,0.000000,0,0,0.000000,0.000000,0.000000,0.000000,0.000000,0.000000,0.000000,0.000000,0.000000,0.000000,0.000000,0.000000,0.000000,0.000000,0,0,0,0,0,0.000000,0.000000,0.000000,0.000000,0.000000,0.000000,0.000000,0.000000,0,0,0,0,0
702,1,18.344642,0.088338,0.000000,0.000190,0.476712,2.282966,2.272356,0.085212,0.006426,11.103085,5.046044,1.227773,1.172129,0.000766,0.000298,2.317691,0.000349,0.639286,0.002262,0.697340,0.000000,0.000000,0.000000,0,0,0.000000,0.000000,0.000000,0.000000,0.000000,0.000000,0.000000,0.000000,0.000000,0.000000,0.000000,0.000000,0.000000,0.000000,0,0,0,0,0,0.000000,0.000000,0.000000,0.000000,0.000000,0.000000,0.000000,0.000000,0,0,0,0,0
703,1,18.865258,0.003818,0.000000,0.000163,0.457343,2.304470,2.293779,1.966631,0.010725,5.944472,5.007948,1.238705,1.150869,0.000807,0.000298,2.334517,0.000349,0.635990,0.002316,0.650404,0.000000,0.000000,0.000000,0,0,0.000000,0.000000,0.000000,0.000000,0.000000,0.000000,0.000000,0.000000,0.000000,0.000000,0.000000,0.000000,0.000000,0.000000,0,0,0,0,0,0.000000,0.000000,0.000000,0.000000,0.000000,0.000000,0.000000,0.000000,0,0,0,0,0
704,1,18.098189,0.087775,0.000000,0.000190,0.499905,2.315626,2.305091,0.087260,0.006378,11.203549,5.101562,1.266510,1.209774,0.001119,0.000393,1.879032,0.000349,0.635644,0.002262,0.779534,0.000000,0.000000,0.000000,0,0,0.000000,0.000000,0.000000,0.000000,0.000000,0.000000,0.000000,0.000000,0.000000,0.000000,0.000000,0.000000,0.000000,0.000000,0,0,0,0,0,0.000000,0.000000,0.000000,0.000000,0.000000,0.000000,0.000000,0.000000,0,0,0,0,0
705,1,18.466671,0.003852,0.000000,0.000163,0.499112,2.304938,2.294206,1.946957,0.011132,5.958489,4.902388,1.235897,1.178986,0.000746,0.000393,1.875770,0.000349,0.637427,0.002302,0.672824,0.000000,0.000000,0.000000,0,0,0.000000,0.000000,0.000000,0.000000,0.000000,0.000000,0.000000,0.000000,0.000000,0.000000,0.000000,0.000000,0.000000,0.000000,0,0,0,0,0,0.000000,0.000000,0.000000,0.000000,0.000000,0.000000,0.000000,0.000000,0,0,0,0,0
706,1,18.899092,0.426337,0.000000,0.000190,0.547818,2.282803,2.272254,0.085286,0.006480,11.215220,5.093787,1.257768,1.201263,0.000746,0.000298,2.328169,0.000349,0.633521,0.002262,0.627313,0.000000,0.000000,0.000000,0,0,0.000000,0.000000,0.000000,0.000000,0.000000,0.000000,0.000000,0.000000,0.000000,0.000000,0.000000,0.000000,0.000000,0.000000,0,0,0,0,0,0.000000,0.000000,0.000000,0.000000,0.000000,0.000000,0.000000,0.000000,0,0,0,0,0
707,1,19.429508,0.340847,0.000000,0.000163,0.513353,2.309130,2.298560,2.044484,0.010834,5.982307,5.039242,1.281979,1.221859,0.000712,0.000305,2.368032,0.000349,0.634484,0.002262,0.635837,0.000000,0.000000,0.000000,0,0,0.000000,0.000000,0.000000,0.000000,0.000000,0.000000,0.000000,0.000000,0.000000,0.000000,0.000000,0.000000,0.000000,0.000000,0,0,0,0,0,0.000000,0.000000,0.000000,0.000000,0.000000,0.000000,0.000000,0.000000,0,0,0,0,0
708,1,18.441166,0.428840,0.000000,0.000190,0.514357,2.255581,2.244951,0.085002,0.007016,11.094438,5.092224,1.225779,1.126984,0.000746,0.000298,2.016117,0.000383,0.655914,0.002262,0.622308,0.000000,0.000000,0.000000,0,0,0.000000,0.000000,0.000000,0.000000,0.000000,0.000000,0.000000,0.000000,0.000000,0.000000,0.000000,0.000000,0.000000,0.000000,0,0,0,0,0,0.000000,0.000000,0.000000,0.000000,0.000000,0.000000,0.000000,0.000000,0,0,0,0,0
709,1,18.498552,0.003791,0.000000,0.000163,0.488295,2.256415,2.245683,2.040565,0.011407,5.901333,5.046366,1.280901,1.150662,0.000712,0.000305,1.933055,0.000349,0.634925,0.002343,0.648980,0.000000,0.000000,0.000000,0,0,0.000000,0.000000,0.000000,0.000000,0.000000,0.000000,0.000000,0.000000,0.000000,0.000000,0.000000,0.000000,0.000000,0.000000,0,0,0,0,0,0.000000,0.000000,0.000000,0.000000,0.000000,0.000000,0.000000,0.000000,0,0,0,0,0
710,1,18.101342,0.087857,0.000000,0.000190,0.458686,2.340705,2.330075,0.119995,0.006460,11.124325,5.000512,1.245195,1.187110,0.000814,0.000305,1.961924,0.000349,0.639523,0.002262,0.664178,0.000000,0.000000,0.000000,0,0,0.000000,0.000000,0.000000,0.000000,0.000000,0.000000,0.000000,0.000000,0.000000,0.000000,0.000000,0.000000,0.000000,0.000000,0,0,0,0,0,0.000000,0.000000,0.000000,0.000000,0.000000,0.000000,0.000000,0.000000,0,0,0,0,0
711,1,18.828311,0.342312,0.000000,0.000210,0.536099,2.193732,2.183021,1.980384,0.010905,5.922431,4.989882,1.240177,1.183407,0.000712,0.000305,2.023163,0.000410,0.640486,0.002282,0.623895,0.000000,0.000000,0.000000,0,0,0.000000,0.000000,0.000000,0.000000,0.000000,0.000000,0.000000,0.000000,0.000000,0.000000,0.000000,0.000000,0.000000,0.000000,0,0,0,0,0,0.000000,0.000000,0.000000,0.000000,0.000000,0.000000,0.000000,0.000000,0,0,0,0,0
712,1,19.399926,0.463711,0.000000,0.000190,0.533108,2.220364,2.209632,0.083503,0.008094,11.035956,5.109473,1.196069,1.143205,0.000766,0.000298,1.989946,0.000342,0.638533,0.002424,0.623447,0.000000,0.000000,0.000000,0,0,0.000000,0.000000,0.000000,0.000000,0.000000,0.000000,0.000000,0.000000,0.000000,0.000000,0.000000,0.000000,0.000000,0.000000,0,0,0,0,0,0.000000,0.000000,0.000000,0.000000,0.000000,0.000000,0.000000,0.000000,0,0,0,0,0
713,1,18.374129,0.339064,0.000000,0.000163,0.575487,2.245531,2.234921,0.085025,0.006487,11.195482,4.969452,1.191993,1.134935,0.000746,0.000298,1.981984,0.000329,0.642582,0.002384,0.661085,0.000000,0.000000,0.000000,0,0,0.000000,0.000000,0.000000,0.000000,0.000000,0.000000,0.000000,0.000000,0.000000,0.000000,0.000000,0.000000,0.000000,0.000000,0,0,0,0,0,0.000000,0.000000,0.000000,0.000000,0.000000,0.000000,0.000000,0.000000,0,0,0,0,0
714,1,18.176659,0.087999,0.000000,0.000190,0.457058,2.252936,2.242333,0.085147,0.006568,11.276520,5.114214,1.243412,1.185706,0.000692,0.000305,1.936086,0.000349,0.679426,0.002262,0.663893,0.000000,0.000000,0.000000,0,0,0.000000,0.000000,0.000000,0.000000,0.000000,0.000000,0.000000,0.000000,0.000000,0.000000,0.000000,0.000000,0.000000,0.000000,0,0,0,0,0,0.000000,0.000000,0.000000,0.000000,0.000000,0.000000,0.000000,0.000000,0,0,0,0,0
715,1,18.329098,0.003791,0.000000,0.000163,0.457486,2.277900,2.267270,0.084720,0.008257,11.099250,5.003564,1.182085,1.128238,0.000746,0.000298,2.351396,0.000349,0.713301,0.002282,0.616916,0.000000,0.000000,0.000000,0,0,0.000000,0.000000,0.000000,0.000000,0.000000,0.000000,0.000000,0.000000,0.000000,0.000000,0.000000,0.000000,0.000000,0.000000,0,0,0,0,0,0.000000,0.000000,0.000000,0.000000,0.000000,0.000000,0.000000,0.000000,0,0,0,0,0
716,1,18.299639,0.428284,0.000000,0.000190,0.527330,2.227566,2.217160,0.085270,0.007321,11.028632,5.133450,1.192949,1.136943,0.000766,0.000414,1.982893,0.000349,0.640038,0.002363,0.624179,0.000000,0.000000,0.000000,0,0,0.000000,0.000000,0.000000,0.000000,0.000000,0.000000,0.000000,0.000000,0.000000,0.000000,0.000000,0.000000,0.000000,0.000000,0,0,0,0,0,0.000000,0.000000,0.000000,0.000000,0.000000,0.000000,0.000000,0.000000,0,0,0,0,0
717,1,18.709232,0.336155,0.000000,0.000163,0.510790,2.323798,2.313066,0.085290,0.006385,11.139258,5.142114,1.230825,1.174964,0.000848,0.000298,2.325768,0.000322,0.640622,0.002262,0.693698,0.000000,0.000000,0.000000,0,0,0.000000,0.000000,0.000000,0.000000,0.000000,0.000000,0.000000,0.000000,0.000000,0.000000,0.000000,0.000000,0.000000,0.000000,0,0,0,0,0,0.000000,0.000000,0.000000,0.000000,0.000000,0.000000,0.000000,0.000000,0,0,0,0,0
718,1,18.019365,0.087891,0.000000,0.000190,0.455675,2.251105,2.240434,0.085025,0.007077,11.093035,5.150774,1.225047,1.169898,0.000746,0.000298,2.014408,0.000349,0.649512,0.002262,0.621392,0.000000,0.000000,0.000000,0,0,0.000000,0.000000,0.000000,0.000000,0.000000,0.000000,0.000000,0.000000,0.000000,0.000000,0.000000,0.000000,0.000000,0.000000,0,0,0,0,0,0.000000,0.000000,0.000000,0.000000,0.000000,0.000000,0.000000,0.000000,0,0,0,0,0
719,1,18.268694,0.039212,0.000000,0.000190,0.458666,2.259752,2.249142,0.084835,0.006358,11.117286,5.086348,1.235016,1.143300,0.000807,0.000298,2.318424,0.000349,0.638811,0.002363,0.675164,0.000000,0.000000,0.000000,0,0,0.000000,0.000000,0.000000,0.000000,0.000000,0.000000,0.000000,0.000000,0.000000,0.000000,0.000000,0.000000,0.000000,0.000000,0,0,0,0,0,0.000000,0.000000,0.000000,0.000000,0.000000,0.000000,0.000000,0.000000,0,0,0,0,0
720,2,18.472429,0.388062,0.000000,0.000190,0.592312,2.293728,2.283078,0.086450,0.006378,11.162432,5.131039,1.237681,1.146996,0.000712,0.000298,1.918555,0.000349,0.676415,0.002302,0.629103,0.000000,0.000000,0.000000,0,0,0.000000,0.000000,0.000000,0.000000,0.000000,0.000000,0.000000,0.000000,0.000000,0.000000,0.000000,0.000000,0.000000,0.000000,0,0,0,0,0,0.000000,0.000000,0.000000,0.000000,0.000000,0.000000,0.000000,0.000000,0,0,0,0,0
721,2,18.837745,0.301107,0.000000,0.000210,0.509976,2.386929,2.376278,0.086348,0.006358,11.240434,4.937436,1.229543,1.173438,0.000753,0.000298,2.326623,0.000349,0.640154,0.002323,0.677361,0.000000,0.000000,0.000000,0,0,0.000000,0.000000,0.000000,0.000000,0.000000,0.000000,0.000000,0.000000,0.000000,0.000000,0.000000,0.000000,0.000000,0.000000,0,0,0,0,0,0.000000,0.000000,0.000000,0.000000,0.000000,0.000000,0.000000,0.000000,0,0,0,0,0
722,2,18.009559,0.088074,0.000000,0.000190,0.452705,2.272712,2.261966,0.085107,0.006405,11.135739,4.921522,1.228668,1.172095,0.000807,0.000298,1.917992,0.000329,0.711836,0.002363,0.616896,0.000000,0.000000,0.000000,0,0,0.000000,0.000000,0.000000,0.000000,0.000000,0.000000,0.000000,0.000000,0.000000,0.000000,0.000000,0.000000,0.000000,0.000000,0,0,0,0,0,0.000000,0.000000,0.000000,0.000000,0.000000,0.000000,0.000000,0.000000,0,0,0,0,0
723,2,17.914893,0.003784,0.000000,0.000163,0.506029,2.200643,2.189796,0.087989,0.006399,11.160336,5.069522,1.241241,1.183319,0.000746,0.000298,1.959964,0.000444,0.637848,0.002282,0.664117,0.000000,0.000000,0.000000,0,0,0.000000,0.000000,0.000000,0.000000,0.000000,0.000000,0.000000,0.000000,0.000000,0.000000,0.000000,0.000000,0.000000,0.000000,0,0,0,0,0,0.000000,0.000000,0.000000,0.000000,0.000000,0.000000,0.000000,0.000000,0,0,0,0,0
724,2,18.449609,0.426493,0.000000,0.000197,0.573737,2.183336,2.172665,0.127160,0.006175,11.180274,5.038069,1.242584,1.185170,0.000746,0.000298,1.960466,0.000349,0.639828,0.002262,0.665276,0.000000,0.000000,0.000000,0,0,0.000000,0.000000,0.000000,0.000000,0.000000,0.000000,0.000000,0.000000,0.000000,0.000000,0.000000,0.000000,0.000000,0.000000,0,0,0,0,0,0.000000,0.000000,0.000000,0.000000,0.000000,0.000000,0.000000,0.000000,0,0,0,0,0
725,2,18.505558,0.340101,0.000000,0.000163,0.519172,2.305549,2.295061,0.127831,0.006351,11.230343,5.069780,1.245243,1.186995,0.000692,0.000305,1.980533,0.000383,0.640215,0.002262,0.663242,0.000000,0.000000,0.000000,0,0,0.000000,0.000000,0.000000,0.000000,0.000000,0.000000,0.000000,0.000000,0.000000,0.000000,0.000000,0.000000,0.000000,0.000000,0,0,0,0,0,0.000000,0.000000,0.000000,0.000000,0.000000,0.000000,0.000000,0.000000,0,0,0,0,0
726,2,18.485864,0.429260,0.000000,0.000197,0.550618,2.289998,2.279375,0.126692,0.006215,11.168677,5.132056,1.238373,1.180627,0.000746,0.000393,1.932397,0.000349,0.633386,0.002275,0.663405,0.000000,0.000000,0.000000,0,0,0.000000,0.000000,0.000000,0.000000,0.000000,0.000000,0.000000,0.000000,0.000000,0.000000,0.000000,0.000000,0.000000,0.000000,0,0,0,0,0,0.000000,0.000000,0.000000,0.000000,0.000000,0.000000,0.000000,0.000000,0,0,0,0,0
727,2,17.986237,0.003655,0.000000,0.000163,0.453234,2.255073,2.244463,0.084707,0.007158,11.244219,5.100494,1.235423,1.178640,0.000766,0.000298,1.918542,0.000349,0.633379,0.002262,0.661146,0.000000,0.000000,0.000000,0,0,0.000000,0.000000,0.000000,0.000000,0.000000,0.000000,0.000000,0.000000,0.000000,0.000000,0.000000,0.000000,0.000000,0.000000,0,0,0,0,0,0.000000,0.000000,0.000000,0.000000,0.000000,0.000000,0.000000,0.000000,0,0,0,0,0
728,2,18.094588,0.088040,0.000000,0.000190,0.492418,2.266568,2.255978,0.125939,0.006215,11.226254,5.051571,1.261648,1.203929,0.000827,0.000298,1.881921,0.000349,0.635495,0.002323,0.697442,0.000000,0.000000,0.000000,0,0,0.000000,0.000000,0.000000,0.000000,0.000000,0.000000,0.000000,0.000000,0.000000,0.000000,0.000000,0.000000,0.000000,0.000000,0,0,0,0,0,0.000000,0.000000,0.000000,0.000000,0.000000,0.000000,0.000000,0.000000,0,0,0,0,0
729,2,19.713877,0.299527,0.000000,0.000163,0.507860,2.316047,2.305545,0.086585,0.006365,11.337124,5.177344,2.056922,0.998467,0.000814,0.000305,2.359365,0.000349,0.633094,0.002302,0.650974,0.000000,0.000000,0.000000,0,0,0.000000,0.000000,0.000000,0.000000,0.000000,0.000000,0.000000,0.000000,0.000000,0.000000,0.000000,0.000000,0.000000,0.000000,0,0,0,0,0,0.000000,0.000000,0.000000,0.000000,0.000000,0.000000,0.000000,0.000000,0,0,0,0,0
730,2,18.895877,0.425991,0.000000,0.000190,0.542935,2.260484,2.249691,0.085371,0.008013,11.098060,5.131243,1.225576,1.126977,0.000746,0.000298,2.428816,0.000349,0.641544,0.002282,0.624301,0.000000,0.000000,0.000000,0,0,0.000000,0.000000,0.000000,0.000000,0.000000,0.000000,0.000000,0.000000,0.000000,0.000000,0.000000,0.000000,0.000000,0.000000,0,0,0,0,0,0.000000,0.000000,0.000000,0.000000,0.000000,0.000000,0.000000,0.000000,0,0,0,0,0
731,2,18.362383,0.337769,0.000000,0.000210,0.510057,2.251655,2.241106,0.085982,0.006283,11.252387,5.100460,1.192379,1.137190,0.000766,0.000298,1.913618,0.000349,0.701786,0.002282,0.620639,0.000000,0.000000,0.000000,0,0,0.000000,0.000000,0.000000,0.000000,0.000000,0.000000,0.000000,0.000000,0.000000,0.000000,0.000000,0.000000,0.000000,0.000000,0,0,0,0,0,0.000000,0.000000,0.000000,0.000000,0.000000,0.000000,0.000000,0.000000,0,0,0,0,0
732,2,18.379561,0.420763,0.000000,0.000190,0.566515,2.219774,2.209327,0.085127,0.006500,11.136349,5.099009,1.233877,1.141262,0.000766,0.000298,1.923418,0.000349,0.676917,0.002343,0.638279,0.000000,0.000000,0.000000,0,0,0.000000,0.000000,0.000000,0.000000,0.000000,0.000000,0.000000,0.000000,0.000000,0.000000,0.000000,0.000000,0.000000,0.000000,0,0,0,0,0,0.000000,0.000000,0.000000,0.000000,0.000000,0.000000,0.000000,0.000000,0,0,0,0,0
733,2,18.487125,0.003655,0.000000,0.000163,0.477058,2.275730,2.265093,0.085941,0.008074,11.139564,5.029273,1.266530,1.209503,0.000766,0.000454,2.441878,0.000349,0.637109,0.002262,0.621657,0.000000,0.000000,0.000000,0,0,0.000000,0.000000,0.000000,0.000000,0.000000,0.000000,0.000000,0.000000,0.000000,0.000000,0.000000,0.000000,0.000000,0.000000,0,0,0,0,0,0.000000,0.000000,0.000000,0.000000,0.000000,0.000000,0.000000,0.000000,0,0,0,0,0
734,2,18.455570,0.087755,0.000000,0.000197,0.468859,2.221402,2.210649,0.085676,0.008053,11.102251,5.181142,1.226186,1.171316,0.000726,0.000298,2.436710,0.000349,0.667586,0.002384,0.623610,0.000000,0.000000,0.000000,0,0,0.000000,0.000000,0.000000,0.000000,0.000000,0.000000,0.000000,0.000000,0.000000,0.000000,0.000000,0.000000,0.000000,0.000000,0,0,0,0,0,0.000000,0.000000,0.000000,0.000000,0.000000,0.000000,0.000000,0.000000,0,0,0,0,0
735,2,17.934180,0.003811,0.000000,0.000163,0.498888,2.277371,2.266822,0.085107,0.006276,11.109779,5.081750,1.233754,1.140150,0.000766,0.000298,1.929847,0.000349,0.679060,0.002296,0.656508,0.000000,0.000000,0.000000,0,0,0.000000,0.000000,0.000000,0.000000,0.000000,0.000000,0.000000,0.000000,0.000000,0.000000,0.000000,0.000000,0.000000,0.000000,0,0,0,0,0,0.000000,0.000000,0.000000,0.000000,0.000000,0.000000,0.000000,0.000000,0,0,0,0,0
736,2,18.004866,0.088223,0.000000,0.000190,0.475776,2.285468,2.274940,0.085534,0.008169,11.083035,5.028337,1.193966,1.139214,0.000746,0.000298,1.995304,0.000349,0.638777,0.002424,0.623956,0.000000,0.000000,0.000000,0,0,0.000000,0.000000,0.000000,0.000000,0.000000,0.000000,0.000000,0.000000,0.000000,0.000000,0.000000,0.000000,0.000000,0.000000,0,0,0,0,0,0.000000,0.000000,0.000000,0.000000,0.000000,0.000000,0.000000,0.000000,0,0,0,0,0
737,2,18.496070,0.299689,0.000000,0.000163,0.508247,2.345812,2.335202,0.126509,0.006215,11.222185,5.038239,1.227590,1.136244,0.000766,0.000298,2.007924,0.000349,0.641971,0.002262,0.623345,0.000000,0.000000,0.000000,0,0,0.000000,0.000000,0.000000,0.000000,0.000000,0.000000,0.000000,0.000000,0.000000,0.000000,0.000000,0.000000,0.000000,0.000000,0,0,0,0,0,0.000000,0.000000,0.000000,0.000000,0.000000,0.000000,0.000000,0.000000,0,0,0,0,0
738,2,18.570594,0.387472,0.000000,0.000190,0.512255,2.277941,2.267297,0.085778,0.006439,11.266374,5.082815,1.227509,1.136509,0.000726,0.000298,2.008928,0.000349,0.687381,0.002302,0.624932,0.000000,0.000000,0.000000,0,0,0.000000,0.000000,0.000000,0.000000,0.000000,0.000000,0.000000,0.000000,0.000000,0.000000,0.000000,0.000000,0.000000,0.000000,0,0,0,0,0,0.000000,0.000000,0.000000,0.000000,0.000000,0.000000,0.000000,0.000000,0,0,0,0,0
739,2,18.321571,0.302775,0.000000,0.000163,0.545010,2.243530,2.233090,0.128686,0.006243,11.196286,5.078149,1.233510,1.176646,0.000807,0.000332,1.922496,0.000349,0.633487,0.002262,0.704481,0.000000,0.000000,0.000000,0,0,0.000000,0.000000,0.000000,0.000000,0.000000,0.000000,0.000000,0.000000,0.000000,0.000000,0.000000,0.000000,0.000000,0.000000,0,0,0,0,0,0.000000,0.000000,0.000000,0.000000,0.000000,0.000000,0.000000,0.000000,0,0,0,0,0
740,2,18.071103,0.087687,0.000000,0.000190,0.452888,2.313931,2.303138,0.125064,0.006439,11.110063,4.975867,1.229238,1.137444,0.000746,0.000298,1.995744,0.000349,0.639916,0.002282,0.624301,0.000000,0.000000,0.000000,0,0,0.000000,0.000000,0.000000,0.000000,0.000000,0.000000,0.000000,0.000000,0.000000,0.000000,0.000000,0.000000,0.000000,0.000000,0,0,0,0,0,0.000000,0.000000,0.000000,0.000000,0.000000,0.000000,0.000000,0.000000,0,0,0,0,0
741,2,17.980506,0.003750,0.000000,0.000163,0.509182,2.285082,2.274472,0.085256,0.006446,11.109324,5.055450,1.227983,1.136068,0.000766,0.000298,2.000994,0.000410,0.641727,0.002343,0.623773,0.000000,0.000000,0.000000,0,0,0.000000,0.000000,0.000000,0.000000,0.000000,0.000000,0.000000,0.000000,0.000000,0.000000,0.000000,0.000000,0.000000,0.000000,0,0,0,0,0,0.000000,0.000000,0.000000,0.000000,0.000000,0.000000,0.000000,0.000000,0,0,0,0,0
742,2,18.545793,0.154982,0.000000,0.000197,0.451525,2.239081,2.228268,0.085880,0.006358,11.222063,4.995924,1.229136,1.173133,0.000726,0.000298,2.329797,0.000349,0.716312,0.002275,0.617913,0.000000,0.000000,0.000000,0,0,0.000000,0.000000,0.000000,0.000000,0.000000,0.000000,0.000000,0.000000,0.000000,0.000000,0.000000,0.000000,0.000000,0.000000,0,0,0,0,0,0.000000,0.000000,0.000000,0.000000,0.000000,0.000000,0.000000,0.000000,0,0,0,0,0
743,2,17.927453,0.003655,0.000000,0.000163,0.451626,2.318712,2.308102,0.085351,0.006378,11.187849,5.075477,1.236603,1.179867,0.000766,0.000298,1.890547,0.000349,0.637678,0.002262,0.664564,0.000000,0.000000,0.000000,0,0,0.000000,0.000000,0.000000,0.000000,0.000000,0.000000,0.000000,0.000000,0.000000,0.000000,0.000000,0.000000,0.000000,0.000000,0,0,0,0,0,0.000000,0.000000,0.000000,0.000000,0.000000,0.000000,0.000000,0.000000,0,0,0,0,0
744,2,18.556108,0.124939,0.000000,0.000190,0.453050,2.309292,2.298445,0.086124,0.006460,11.234250,5.057770,1.226430,1.171356,0.000766,0.000298,2.332808,0.000349,0.672326,0.002404,0.618585,0.000000,0.000000,0.000000,0,0,0.000000,0.000000,0.000000,0.000000,0.000000,0.000000,0.000000,0.000000,0.000000,0.000000,0.000000,0.000000,0.000000,0.000000,0,0,0,0,0,0.000000,0.000000,0.000000,0.000000,0.000000,0.000000,0.000000,0.000000,0,0,0,0,0
745,2,17.970279,0.003771,0.000000,0.000163,0.450792,2.301439,2.290788,0.087962,0.006385,11.229489,5.102848,1.242727,1.184302,0.000712,0.000305,1.899926,0.000349,0.638777,0.002384,0.674554,0.000000,0.000000,0.000000,0,0,0.000000,0.000000,0.000000,0.000000,0.000000,0.000000,0.000000,0.000000,0.000000,0.000000,0.000000,0.000000,0.000000,0.000000,0,0,0,0,0,0.000000,0.000000,0.000000,0.000000,0.000000,0.000000,0.000000,0.000000,0,0,0,0,0
746,2,18.462948,0.088094,0.000000,0.000190,0.492093,2.263882,2.253435,0.087446,0.006297,11.192481,5.183604,1.259572,1.177717,0.000726,0.000298,2.331445,0.000349,0.631758,0.002262,0.627333,0.000000,0.000000,0.000000,0,0,0.000000,0.000000,0.000000,0.000000,0.000000,0.000000,0.000000,0.000000,0.000000,0.000000,0.000000,0.000000,0.000000,0.000000,0,0,0,0,0,0.000000,0.000000,0.000000,0.000000,0.000000,0.000000,0.000000,0.000000,0,0,0,0,0
747,2,17.998593,0.003730,0.000000,0.000163,0.458523,2.297512,2.286841,0.126692,0.006405,11.147173,5.059126,1.235199,1.178667,0.000766,0.000298,1.949873,0.000342,0.634118,0.002384,0.662245,0.000000,0.000000,0.000000,0,0,0.000000,0.000000,0.000000,0.000000,0.000000,0.000000,0.000000,0.000000,0.000000,0.000000,0.000000,0.000000,0.000000,0.000000,0,0,0,0,0,0.000000,0.000000,0.000000,0.000000,0.000000,0.000000,0.000000,0.000000,0,0,0,0,0
748,2,18.520226,0.087877,0.000000,0.000190,0.454678,2.290778,2.280256,0.085066,0.006419,11.186306,5.077155,1.264184,1.204919,0.000793,0.000570,2.398590,0.000349,0.635983,0.002282,0.663174,0.000000,0.000000,0.000000,0,0,0.000000,0.000000,0.000000,0.000000,0.000000,0.000000,0.000000,0.000000,0.000000,0.000000,0.000000,0.000000,0.000000,0.000000,0,0,0,0,0,0.000000,0.000000,0.000000,0.000000,0.000000,0.000000,0.000000,0.000000,0,0,0,0,0
749,2,18.001801,0.003757,0.000000,0.000170,0.453824,2.272447,2.261756,0.085798,0.006568,11.230242,5.071740,1.235911,1.179155,0.000746,0.000298,1.929162,0.000349,0.632138,0.002282,0.821058,0.000000,0.000000,0.000000,0,0,0.000000,0.000000,0.000000,0.000000,0.000000,0.000000,0.000000,0.000000,0.000000,0.000000,0.000000,0.000000,0.000000,0.000000,0,0,0,0,0,0.000000,0.000000,0.000000,0.000000,0.000000,0.000000,0.000000,0.000000,0,0,0,0,0
750,2,18.055138,0.087775,0.000000,0.000190,0.461310,2.298448,2.287927,0.126021,0.006263,11.092912,5.013038,1.270192,1.213504,0.000746,0.000298,1.968936,0.000370,0.633358,0.002262,0.616916,0.000000,0.000000,0.000000,0,0,0.000000,0.000000,0.000000,0.000000,0.000000,0.000000,0.000000,0.000000,0.000000,0.000000,0.000000,0.000000,0.000000,0.000000,0,0,0,0,0,0.000000,0.000000,0.000000,0.000000,0.000000,0.000000,0.000000,0.000000,0,0,0,0,0
751,2,18.335636,0.340135,0.000000,0.000163,0.510790,2.297533,2.286760,0.085107,0.007077,11.084408,5.052209,1.229747,1.173459,0.000827,0.000298,1.987756,0.000329,0.641096,0.002343,0.622938,0.000000,0.000000,0.000000,0,0,0.000000,0.000000,0.000000,0.000000,0.000000,0.000000,0.000000,0.000000,0.000000,0.000000,0.000000,0.000000,0.000000,0.000000,0,0,0,0,0,0.000000,0.000000,0.000000,0.000000,0.000000,0.000000,0.000000,0.000000,0,0,0,0,0
752,2,18.394006,0.427002,0.000000,0.000197,0.534553,2.214627,2.203976,0.085025,0.006317,11.125037,4.989719,1.228302,1.135763,0.000766,0.000332,1.984066,0.000349,0.677758,0.002262,0.624139,0.000000,0.000000,0.000000,0,0,0.000000,0.000000,0.000000,0.000000,0.000000,0.000000,0.000000,0.000000,0.000000,0.000000,0.000000,0.000000,0.000000,0.000000,0,0,0,0,0,0.000000,0.000000,0.000000,0.000000,0.000000,0.000000,0.000000,0.000000,0,0,0,0,0
753,2,17.982079,0.003574,0.000000,0.000163,0.502224,2.235704,2.225135,0.085995,0.008094,11.136654,5.058977,1.225800,1.105465,0.000848,0.000298,1.998389,0.000349,0.633867,0.002262,0.623691,0.000000,0.000000,0.000000,0,0,0.000000,0.000000,0.000000,0.000000,0.000000,0.000000,0.000000,0.000000,0.000000,0.000000,0.000000,0.000000,0.000000,0.000000,0,0,0,0,0,0.000000,0.000000,0.000000,0.000000,0.000000,0.000000,0.000000,0.000000,0,0,0,0,0
754,2,18.098263,0.088026,0.000000,0.000197,0.453254,2.245938,2.235246,0.085534,0.006324,11.269884,5.059730,1.190793,1.134681,0.000773,0.000305,1.974857,0.000349,0.672916,0.002282,0.700996,0.000000,0.000000,0.000000,0,0,0.000000,0.000000,0.000000,0.000000,0.000000,0.000000,0.000000,0.000000,0.000000,0.000000,0.000000,0.000000,0.000000,0.000000,0,0,0,0,0,0.000000,0.000000,0.000000,0.000000,0.000000,0.000000,0.000000,0.000000,0,0,0,0,0
755,2,18.403039,0.337816,0.000000,0.000163,0.512336,2.278103,2.267432,0.086063,0.006365,11.265876,5.169952,1.195411,1.140703,0.000766,0.000298,1.968421,0.000349,0.641788,0.002282,0.621982,0.000000,0.000000,0.000000,0,0,0.000000,0.000000,0.000000,0.000000,0.000000,0.000000,0.000000,0.000000,0.000000,0.000000,0.000000,0.000000,0.000000,0.000000,0,0,0,0,0,0.000000,0.000000,0.000000,0.000000,0.000000,0.000000,0.000000,0.000000,0,0,0,0,0
756,2,18.857405,0.422106,0.000000,0.000203,0.511359,2.277167,2.266537,0.085575,0.006405,11.231411,5.106767,1.193824,1.138557,0.000766,0.000298,2.333377,0.000349,0.685937,0.002262,0.617506,0.000000,0.000000,0.000000,0,0,0.000000,0.000000,0.000000,0.000000,0.000000,0.000000,0.000000,0.000000,0.000000,0.000000,0.000000,0.000000,0.000000,0.000000,0,0,0,0,0,0.000000,0.000000,0.000000,0.000000,0.000000,0.000000,0.000000,0.000000,0,0,0,0,0
757,2,18.770871,0.301473,0.000000,0.000210,0.554348,2.320021,2.309418,0.085595,0.006378,11.190223,4.967339,1.234487,1.177555,0.000766,0.000298,2.333825,0.000349,0.633792,0.002262,0.679233,0.000000,0.000000,0.000000,0,0,0.000000,0.000000,0.000000,0.000000,0.000000,0.000000,0.000000,0.000000,0.000000,0.000000,0.000000,0.000000,0.000000,0.000000,0,0,0,0,0,0.000000,0.000000,0.000000,0.000000,0.000000,0.000000,0.000000,0.000000,0,0,0,0,0
758,2,18.550479,0.387946,0.000000,0.000197,0.509325,2.340583,2.329715,0.086429,0.006419,11.250220,4.967919,1.227122,1.136441,0.000773,0.000305,1.991458,0.000431,0.640283,0.002282,0.621840,0.000000,0.000000,0.000000,0,0,0.000000,0.000000,0.000000,0.000000,0.000000,0.000000,0.000000,0.000000,0.000000,0.000000,0.000000,0.000000,0.000000,0.000000,0,0,0,0,0,0.000000,0.000000,0.000000,0.000000,0.000000,0.000000,0.000000,0.000000,0,0,0,0,0
759,2,17.944929,0.003716,0.000000,0.000163,0.410204,2.292630,2.281938,0.085392,0.006365,11.253476,5.026588,1.230947,1.174028,0.000766,0.000298,1.878482,0.000349,0.673438,0.002282,0.644972,0.000000,0.000000,0.000000,0,0,0.000000,0.000000,0.000000,0.000000,0.000000,0.000000,0.000000,0.000000,0.000000,0.000000,0.000000,0.000000,0.000000,0.000000,0,0,0,0,0,0.000000,0.000000,0.000000,0.000000,0.000000,0.000000,0.000000,0.000000,0,0,0,0,0
760,2,18.472531,0.126872,0.000000,0.000190,0.500760,2.265408,2.254737,0.086327,0.006378,11.185645,5.056088,1.233409,1.141117,0.000793,0.000305,2.317156,0.000349,0.640255,0.002275,0.700087,0.000000,0.000000,0.000000,0,0,0.000000,0.000000,0.000000,0.000000,0.000000,0.000000,0.000000,0.000000,0.000000,0.000000,0.000000,0.000000,0.000000,0.000000,0,0,0,0,0,0.000000,0.000000,0.000000,0.000000,0.000000,0.000000,0.000000,0.000000,0,0,0,0,0
761,2,18.816830,0.339627,0.000000,0.000163,0.562283,2.279894,2.269392,0.125715,0.006236,11.143368,5.084964,1.234344,1.177772,0.000746,0.000298,2.380429,0.000349,0.635454,0.002343,0.664381,0.000000,0.000000,0.000000,0,0,0.000000,0.000000,0.000000,0.000000,0.000000,0.000000,0.000000,0.000000,0.000000,0.000000,0.000000,0.000000,0.000000,0.000000,0,0,0,0,0,0.000000,0.000000,0.000000,0.000000,0.000000,0.000000,0.000000,0.000000,0,0,0,0,0
762,2,18.519853,0.429138,0.000000,0.000190,0.518704,2.253120,2.242611,0.128889,0.006460,11.180457,5.275909,1.234324,1.176999,0.000746,0.000298,1.984256,0.000349,0.674584,0.002262,0.665358,0.000000,0.000000,0.000000,0,0,0.000000,0.000000,0.000000,0.000000,0.000000,0.000000,0.000000,0.000000,0.000000,0.000000,0.000000,0.000000,0.000000,0.000000,0,0,0,0,0,0.000000,0.000000,0.000000,0.000000,0.000000,0.000000,0.000000,0.000000,0,0,0,0,0
763,2,18.303118,0.342570,0.000000,0.000163,0.569383,2.206814,2.196184,0.085717,0.006317,11.095557,5.041874,1.271047,1.178616,0.000766,0.000298,1.975318,0.000329,0.639225,0.002262,0.664829,0.000000,0.000000,0.000000,0,0,0.000000,0.000000,0.000000,0.000000,0.000000,0.000000,0.000000,0.000000,0.000000,0.000000,0.000000,0.000000,0.000000,0.000000,0,0,0,0,0,0.000000,0.000000,0.000000,0.000000,0.000000,0.000000,0.000000,0.000000,0,0,0,0,0
764,2,18.407508,0.429688,0.000000,0.000190,0.514838,2.319607,2.308936,0.124617,0.006317,11.041134,4.998071,1.227142,1.128557,0.000746,0.000298,2.000648,0.000349,0.632653,0.002262,0.623935,0.000000,0.000000,0.000000,0,0,0.000000,0.000000,0.000000,0.000000,0.000000,0.000000,0.000000,0.000000,0.000000,0.000000,0.000000,0.000000,0.000000,0.000000,0,0,0,0,0,0.000000,0.000000,0.000000,0.000000,0.000000,0.000000,0.000000,0.000000,0,0,0,0,0
765,2,18.351254,0.343689,0.000000,0.000210,0.537218,2.230720,2.220130,0.085697,0.006317,11.168016,4.977539,1.195045,1.139333,0.000746,0.000298,2.003021,0.000349,0.670712,0.002282,0.623996,0.000000,0.000000,0.000000,0,0,0.000000,0.000000,0.000000,0.000000,0.000000,0.000000,0.000000,0.000000,0.000000,0.000000,0.000000,0.000000,0.000000,0.000000,0,0,0,0,0,0.000000,0.000000,0.000000,0.000000,0.000000,0.000000,0.000000,0.000000,0,0,0,0,0
766,2,18.170142,0.126444,0.000000,0.000190,0.420091,2.310798,2.300296,0.085676,0.006385,11.253937,5.038442,1.228553,1.172401,0.000746,0.000298,1.988664,0.000431,0.639164,0.002384,0.624586,0.000000,0.000000,0.000000,0,0,0.000000,0.000000,0.000000,0.000000,0.000000,0.000000,0.000000,0.000000,0.000000,0.000000,0.000000,0.000000,0.000000,0.000000,0,0,0,0,0,0.000000,0.000000,0.000000,0.000000,0.000000,0.000000,0.000000,0.000000,0,0,0,0,0
767,2,18.276859,0.341193,0.000000,0.000163,0.565559,2.212084,2.201616,0.084944,0.006317,11.123817,5.098155,1.226837,1.135532,0.000746,0.000298,1.929420,0.000349,0.675663,0.002282,0.616469,0.000000,0.000000,0.000000,0,0,0.000000,0.000000,0.000000,0.000000,0.000000,0.000000,0.000000,0.000000,0.000000,0.000000,0.000000,0.000000,0.000000,0.000000,0,0,0,0,0,0.000000,0.000000,0.000000,0.000000,0.000000,0.000000,0.000000,0.000000,0,0,0,0,0
768,2,18.387611,0.428080,0.000000,0.000203,0.527167,2.257657,2.246945,0.085737,0.007585,11.062870,5.063453,1.226410,1.171336,0.000766,0.000298,1.974443,0.000349,0.640425,0.002363,0.623121,0.000000,0.000000,0.000000,0,0,0.000000,0.000000,0.000000,0.000000,0.000000,0.000000,0.000000,0.000000,0.000000,0.000000,0.000000,0.000000,0.000000,0.000000,0,0,0,0,0,0.000000,0.000000,0.000000,0.000000,0.000000,0.000000,0.000000,0.000000,0,0,0,0,0
769,2,18.876000,0.340034,0.000000,0.000190,0.511481,2.287543,2.276710,0.085615,0.006337,11.235104,5.146705,1.223602,1.167864,0.000766,0.000298,2.385773,0.000349,0.689945,0.002241,0.623467,0.000000,0.000000,0.000000,0,0,0.000000,0.000000,0.000000,0.000000,0.000000,0.000000,0.000000,0.000000,0.000000,0.000000,0.000000,0.000000,0.000000,0.000000,0,0,0,0,0,0.000000,0.000000,0.000000,0.000000,0.000000,0.000000,0.000000,0.000000,0,0,0,0,0
770,2,18.379601,0.422696,0.000000,0.000190,0.565898,2.192118,2.181617,0.085737,0.006358,11.152523,5.130347,1.233429,1.140944,0.000746,0.000298,1.929603,0.000349,0.681217,0.002363,0.649265,0.000000,0.000000,0.000000,0,0,0.000000,0.000000,0.000000,0.000000,0.000000,0.000000,0.000000,0.000000,0.000000,0.000000,0.000000,0.000000,0.000000,0.000000,0,0,0,0,0,0.000000,0.000000,0.000000,0.000000,0.000000,0.000000,0.000000,0.000000,0,0,0,0,0
771,2,18.751773,0.336928,0.000000,0.000190,0.509223,2.309475,2.298621,0.085737,0.006446,11.244005,5.055603,1.192481,1.136722,0.000746,0.000298,2.320743,0.000342,0.636152,0.002241,0.673862,0.000000,0.000000,0.000000,0,0,0.000000,0.000000,0.000000,0.000000,0.000000,0.000000,0.000000,0.000000,0.000000,0.000000,0.000000,0.000000,0.000000,0.000000,0,0,0,0,0,0.000000,0.000000,0.000000,0.000000,0.000000,0.000000,0.000000,0.000000,0,0,0,0,0
772,2,17.994002,0.088101,0.000000,0.000190,0.472704,2.233629,2.223121,0.085473,0.008155,11.096371,5.184079,1.226722,1.171661,0.000746,0.000298,1.961958,0.000349,0.669824,0.002282,0.624200,0.000000,0.000000,0.000000,0,0,0.000000,0.000000,0.000000,0.000000,0.000000,0.000000,0.000000,0.000000,0.000000,0.000000,0.000000,0.000000,0.000000,0.000000,0,0,0,0,0,0.000000,0.000000,0.000000,0.000000,0.000000,0.000000,0.000000,0.000000,0,0,0,0,0
773,2,18.843848,0.343628,0.000000,0.000210,0.503181,2.315484,2.304738,0.086504,0.006446,11.205766,4.974375,1.241994,1.183909,0.000712,0.000393,2.375085,0.000349,0.654822,0.002302,0.664544,0.000000,0.000000,0.000000,0,0,0.000000,0.000000,0.000000,0.000000,0.000000,0.000000,0.000000,0.000000,0.000000,0.000000,0.000000,0.000000,0.000000,0.000000,0,0,0,0,0,0.000000,0.000000,0.000000,0.000000,0.000000,0.000000,0.000000,0.000000,0,0,0,0,0
774,2,18.408627,0.388875,0.000000,0.000190,0.553697,2.271898,2.261227,0.085900,0.006541,11.196713,5.085507,1.267900,1.184967,0.000848,0.000420,1.890479,0.000349,0.635929,0.002384,0.683770,0.000000,0.000000,0.000000,0,0,0.000000,0.000000,0.000000,0.000000,0.000000,0.000000,0.000000,0.000000,0.000000,0.000000,0.000000,0.000000,0.000000,0.000000,0,0,0,0,0,0.000000,0.000000,0.000000,0.000000,0.000000,0.000000,0.000000,0.000000,0,0,0,0,0
775,2,18.452355,0.003676,0.000000,0.000163,0.451999,2.281542,2.270952,0.085860,0.006358,11.230893,5.121921,1.241750,1.183658,0.000692,0.000305,2.400218,0.000349,0.640283,0.002282,0.662550,0.000000,0.000000,0.000000,0,0,0.000000,0.000000,0.000000,0.000000,0.000000,0.000000,0.000000,0.000000,0.000000,0.000000,0.000000,0.000000,0.000000,0.000000,0,0,0,0,0,0.000000,0.000000,0.000000,0.000000,0.000000,0.000000,0.000000,0.000000,0,0,0,0,0
776,2,18.071794,0.126750,0.000000,0.000190,0.417311,2.284003,2.273353,0.085636,0.006324,11.267331,5.025201,1.227997,1.172177,0.000766,0.000298,1.872236,0.000349,0.674299,0.002282,0.656894,0.000000,0.000000,0.000000,0,0,0.000000,0.000000,0.000000,0.000000,0.000000,0.000000,0.000000,0.000000,0.000000,0.000000,0.000000,0.000000,0.000000,0.000000,0,0,0,0,0,0.000000,0.000000,0.000000,0.000000,0.000000,0.000000,0.000000,0.000000,0,0,0,0,0
777,2,18.335860,0.341953,0.000000,0.000271,0.563015,2.235026,2.224443,0.085371,0.008114,11.104509,5.072757,1.234731,1.177768,0.000766,0.000298,1.974874,0.000349,0.637353,0.002262,0.663751,0.000000,0.000000,0.000000,0,0,0.000000,0.000000,0.000000,0.000000,0.000000,0.000000,0.000000,0.000000,0.000000,0.000000,0.000000,0.000000,0.000000,0.000000,0,0,0,0,0,0.000000,0.000000,0.000000,0.000000,0.000000,0.000000,0.000000,0.000000,0,0,0,0,0
778,2,18.434004,0.429572,0.000000,0.000190,0.551398,2.267036,2.256270,0.127119,0.006337,11.065670,5.041907,1.268565,1.210676,0.000746,0.000298,1.974403,0.000349,0.633508,0.002343,0.625888,0.000000,0.000000,0.000000,0,0,0.000000,0.000000,0.000000,0.000000,0.000000,0.000000,0.000000,0.000000,0.000000,0.000000,0.000000,0.000000,0.000000,0.000000,0,0,0,0,0,0.000000,0.000000,0.000000,0.000000,0.000000,0.000000,0.000000,0.000000,0,0,0,0,0
779,2,18.640540,0.003913,0.000000,0.000163,0.486233,2.304857,2.294267,0.088484,0.006446,11.169929,5.043433,1.883996,0.988712,0.000746,0.000298,1.952939,0.000349,0.633874,0.002255,0.667331,0.000000,0.000000,0.000000,0,0,0.000000,0.000000,0.000000,0.000000,0.000000,0.000000,0.000000,0.000000,0.000000,0.000000,0.000000,0.000000,0.000000,0.000000,0,0,0,0,0,0.000000,0.000000,0.000000,0.000000,0.000000,0.000000,0.000000,0.000000,0,0,0,0,0
780,2,18.033939,0.087897,0.000000,0.000190,0.463325,2.306139,2.295529,0.126000,0.006527,11.068973,5.051103,1.272227,1.215457,0.000746,0.000298,1.959795,0.000349,0.633480,0.002363,0.619581,0.000000,0.000000,0.000000,0,0,0.000000,0.000000,0.000000,0.000000,0.000000,0.000000,0.000000,0.000000,0.000000,0.000000,0.000000,0.000000,0.000000,0.000000,0,0,0,0,0,0.000000,0.000000,0.000000,0.000000,0.000000,0.000000,0.000000,0.000000,0,0,0,0,0
781,2,18.070377,0.003635,0.000000,0.000163,0.453783,2.283922,2.273237,0.085310,0.007158,11.170875,5.039866,1.270192,1.212813,0.000746,0.000298,1.966244,0.000349,0.678653,0.002384,0.620192,0.000000,0.000000,0.000000,0,0,0.000000,0.000000,0.000000,0.000000,0.000000,0.000000,0.000000,0.000000,0.000000,0.000000,0.000000,0.000000,0.000000,0.000000,0,0,0,0,0,0.000000,0.000000,0.000000,0.000000,0.000000,0.000000,0.000000,0.000000,0,0,0,0,0
782,2,18.159420,0.088094,0.000000,0.000197,0.456570,2.254096,2.243507,0.085249,0.006527,11.259376,5.033607,1.244598,1.186527,0.000678,0.000305,1.938833,0.000349,0.674910,0.002302,0.662326,0.000000,0.000000,0.000000,0,0,0.000000,0.000000,0.000000,0.000000,0.000000,0.000000,0.000000,0.000000,0.000000,0.000000,0.000000,0.000000,0.000000,0.000000,0,0,0,0,0,0.000000,0.000000,0.000000,0.000000,0.000000,0.000000,0.000000,0.000000,0,0,0,0,0
783,2,18.778771,0.360019,0.000000,0.000190,0.509528,2.287523,2.276791,0.084863,0.006324,11.152483,5.093024,1.227346,1.114668,0.000766,0.000298,2.320255,0.000349,0.719547,0.002282,0.618117,0.000000,0.000000,0.000000,0,0,0.000000,0.000000,0.000000,0.000000,0.000000,0.000000,0.000000,0.000000,0.000000,0.000000,0.000000,0.000000,0.000000,0.000000,0,0,0,0,0,0.000000,0.000000,0.000000,0.000000,0.000000,0.000000,0.000000,0.000000,0,0,0,0,0
784,2,18.834449,0.425680,0.000000,0.000190,0.576362,2.247708,2.237016,0.085514,0.008053,11.090159,5.096639,1.226417,1.171587,0.000753,0.000298,2.345842,0.000349,0.677595,0.002282,0.666253,0.000000,0.000000,0.000000,0,0,0.000000,0.000000,0.000000,0.000000,0.000000,0.000000,0.000000,0.000000,0.000000,0.000000,0.000000,0.000000,0.000000,0.000000,0,0,0,0,0,0.000000,0.000000,0.000000,0.000000,0.000000,0.000000,0.000000,0.000000,0,0,0,0,0
785,2,18.440040,0.339912,0.000000,0.000210,0.510607,2.308560,2.297848,0.085860,0.006385,11.223975,5.065169,1.227488,1.172055,0.000746,0.000298,1.988536,0.000349,0.638533,0.002424,0.621779,0.000000,0.000000,0.000000,0,0,0.000000,0.000000,0.000000,0.000000,0.000000,0.000000,0.000000,0.000000,0.000000,0.000000,0.000000,0.000000,0.000000,0.000000,0,0,0,0,0,0.000000,0.000000,0.000000,0.000000,0.000000,0.000000,0.000000,0.000000,0,0,0,0,0
786,2,18.395972,0.423116,0.000000,0.000190,0.516975,2.255154,2.244503,0.084985,0.006500,11.187141,4.977909,1.190060,1.133982,0.000732,0.000298,1.966109,0.000349,0.655419,0.002241,0.624600,0.000000,0.000000,0.000000,0,0,0.000000,0.000000,0.000000,0.000000,0.000000,0.000000,0.000000,0.000000,0.000000,0.000000,0.000000,0.000000,0.000000,0.000000,0,0,0,0,0,0.000000,0.000000,0.000000,0.000000,0.000000,0.000000,0.000000,0.000000,0,0,0,0,0
787,2,18.428653,0.003737,0.000000,0.000203,0.456245,2.306973,2.296363,0.085554,0.006500,11.193865,4.973026,1.227102,1.171682,0.000766,0.000298,2.359148,0.000349,0.679081,0.002282,0.631504,0.000000,0.000000,0.000000,0,0,0.000000,0.000000,0.000000,0.000000,0.000000,0.000000,0.000000,0.000000,0.000000,0.000000,0.000000,0.000000,0.000000,0.000000,0,0,0,0,0,0.000000,0.000000,0.000000,0.000000,0.000000,0.000000,0.000000,0.000000,0,0,0,0,0
788,2,18.803206,0.424079,0.000000,0.000190,0.511644,2.316901,2.306115,0.084985,0.006385,11.201240,5.016808,1.195004,1.140103,0.000766,0.000298,2.317223,0.000349,0.635176,0.002384,0.672234,0.000000,0.000000,0.000000,0,0,0.000000,0.000000,0.000000,0.000000,0.000000,0.000000,0.000000,0.000000,0.000000,0.000000,0.000000,0.000000,0.000000,0.000000,0,0,0,0,0,0.000000,0.000000,0.000000,0.000000,0.000000,0.000000,0.000000,0.000000,0,0,0,0,0
789,2,18.447147,0.300218,0.000000,0.000210,0.510627,2.306546,2.295976,0.087826,0.006378,11.234514,5.128686,1.245351,1.187252,0.000712,0.000305,1.928063,0.000349,0.717472,0.002343,0.617364,0.000000,0.000000,0.000000,0,0,0.000000,0.000000,0.000000,0.000000,0.000000,0.000000,0.000000,0.000000,0.000000,0.000000,0.000000,0.000000,0.000000,0.000000,0,0,0,0,0,0.000000,0.000000,0.000000,0.000000,0.000000,0.000000,0.000000,0.000000,0,0,0,0,0
790,2,18.418494,0.424235,0.000000,0.000197,0.509182,2.276232,2.265683,0.088796,0.006222,11.206418,5.056305,1.244843,1.186561,0.000848,0.000298,1.900414,0.000349,0.640588,0.002262,0.704197,0.000000,0.000000,0.000000,0,0,0.000000,0.000000,0.000000,0.000000,0.000000,0.000000,0.000000,0.000000,0.000000,0.000000,0.000000,0.000000,0.000000,0.000000,0,0,0,0,0,0.000000,0.000000,0.000000,0.000000,0.000000,0.000000,0.000000,0.000000,0,0,0,0,0
791,2,18.400794,0.300605,0.000000,0.000163,0.506680,2.282437,2.271915,0.085575,0.006283,11.228797,5.167301,1.241811,1.183706,0.000834,0.000332,1.919695,0.000349,0.718957,0.002302,0.618198,0.000000,0.000000,0.000000,0,0,0.000000,0.000000,0.000000,0.000000,0.000000,0.000000,0.000000,0.000000,0.000000,0.000000,0.000000,0.000000,0.000000,0.000000,0,0,0,0,0,0.000000,0.000000,0.000000,0.000000,0.000000,0.000000,0.000000,0.000000,0,0,0,0,0
792,2,18.484840,0.428996,0.000000,0.000190,0.519213,2.338548,2.327959,0.084700,0.007402,11.115841,5.162879,1.241940,1.184119,0.000766,0.000298,1.966631,0.000349,0.636641,0.002302,0.664341,0.000000,0.000000,0.000000,0,0,0.000000,0.000000,0.000000,0.000000,0.000000,0.000000,0.000000,0.000000,0.000000,0.000000,0.000000,0.000000,0.000000,0.000000,0,0,0,0,0,0.000000,0.000000,0.000000,0.000000,0.000000,0.000000,0.000000,0.000000,0,0,0,0,0
793,2,18.342289,0.338392,0.000000,0.000163,0.534675,2.246765,2.236162,0.085249,0.008114,11.102963,5.137068,1.227610,1.171709,0.000746,0.000298,1.968360,0.000329,0.678735,0.002323,0.622572,0.000000,0.000000,0.000000,0,0,0.000000,0.000000,0.000000,0.000000,0.000000,0.000000,0.000000,0.000000,0.000000,0.000000,0.000000,0.000000,0.000000,0.000000,0,0,0,0,0,0.000000,0.000000,0.000000,0.000000,0.000000,0.000000,0.000000,0.000000,0,0,0,0,0
794,2,18.103478,0.087836,0.000000,0.000190,0.506680,2.296821,2.286007,0.085961,0.006378,11.170722,4.990936,1.261091,1.201881,0.000827,0.000481,1.940555,0.000329,0.636844,0.002302,0.660516,0.000000,0.000000,0.000000,0,0,0.000000,0.000000,0.000000,0.000000,0.000000,0.000000,0.000000,0.000000,0.000000,0.000000,0.000000,0.000000,0.000000,0.000000,0,0,0,0,0,0.000000,0.000000,0.000000,0.000000,0.000000,0.000000,0.000000,0.000000,0,0,0,0,0
795,2,18.062809,0.003920,0.000000,0.000163,0.466498,2.283332,2.272661,0.125960,0.006236,11.232510,5.100759,1.261987,1.202627,0.000814,0.000359,1.934472,0.000349,0.637800,0.002241,0.661329,0.000000,0.000000,0.000000,0,0,0.000000,0.000000,0.000000,0.000000,0.000000,0.000000,0.000000,0.000000,0.000000,0.000000,0.000000,0.000000,0.000000,0.000000,0,0,0,0,0,0.000000,0.000000,0.000000,0.000000,0.000000,0.000000,0.000000,0.000000,0,0,0,0,0
796,2,18.549164,0.087877,0.000000,0.000190,0.463284,2.292406,2.281857,0.085412,0.006378,11.202440,5.166562,1.269514,1.187632,0.000746,0.000302,2.355370,0.000349,0.676836,0.002404,0.662286,0.000000,0.000000,0.000000,0,0,0.000000,0.000000,0.000000,0.000000,0.000000,0.000000,0.000000,0.000000,0.000000,0.000000,0.000000,0.000000,0.000000,0.000000,0,0,0,0,0,0.000000,0.000000,0.000000,0.000000,0.000000,0.000000,0.000000,0.000000,0,0,0,0,0
797,2,18.052853,0.003710,0.000000,0.000163,0.487800,2.291796,2.281125,0.125654,0.006195,11.221859,5.170041,1.236013,1.178355,0.000766,0.000298,1.934330,0.000349,0.635135,0.002262,0.697544,0.000000,0.000000,0.000000,0,0,0.000000,0.000000,0.000000,0.000000,0.000000,0.000000,0.000000,0.000000,0.000000,0.000000,0.000000,0.000000,0.000000,0.000000,0,0,0,0,0,0.000000,0.000000,0.000000,0.000000,0.000000,0.000000,0.000000,0.000000,0,0,0,0,0
798,2,18.787574,0.429362,0.000000,0.000190,0.560255,2.201423,2.190874,0.085229,0.008175,11.083757,5.046119,1.225108,1.169593,0.000746,0.000298,2.364485,0.000349,0.678409,0.002282,0.653944,0.000000,0.000000,0.000000,0,0,0.000000,0.000000,0.000000,0.000000,0.000000,0.000000,0.000000,0.000000,0.000000,0.000000,0.000000,0.000000,0.000000,0.000000,0,0,0,0,0,0.000000,0.000000,0.000000,0.000000,0.000000,0.000000,0.000000,0.000000,0,0,0,0,0
799,2,18.390072,0.342170,0.000000,0.000210,0.515978,2.325426,2.314897,0.085839,0.008501,11.087155,5.102431,1.224701,1.169593,0.000766,0.000298,1.987362,0.000349,0.637902,0.002262,0.732842,0.000000,0.000000,0.000000,0,0,0.000000,0.000000,0.000000,0.000000,0.000000,0.000000,0.000000,0.000000,0.000000,0.000000,0.000000,0.000000,0.000000,0.000000,0,0,0,0,0,0.000000,0.000000,0.000000,0.000000,0.000000,0.000000,0.000000,0.000000,0,0,0,0,0
800,2,18.735430,0.427809,0.000000,0.000197,0.531033,2.217834,2.207374,0.085270,0.006419,11.129645,5.040727,1.191037,1.135044,0.000746,0.000298,2.342085,0.000349,0.693220,0.002302,0.617669,0.000000,0.000000,0.000000,0,0,0.000000,0.000000,0.000000,0.000000,0.000000,0.000000,0.000000,0.000000,0.000000,0.000000,0.000000,0.000000,0.000000,0.000000,0,0,0,0,0,0.000000,0.000000,0.000000,0.000000,0.000000,0.000000,0.000000,0.000000,0,0,0,0,0
801,2,18.365868,0.003655,0.000000,0.000163,0.495022,2.281643,2.270891,0.085283,0.007362,11.068702,5.131185,1.226573,1.171160,0.000766,0.000298,2.366479,0.000349,0.679955,0.002282,0.636712,0.000000,0.000000,0.000000,0,0,0.000000,0.000000,0.000000,0.000000,0.000000,0.000000,0.000000,0.000000,0.000000,0.000000,0.000000,0.000000,0.000000,0.000000,0,0,0,0,0,0.000000,0.000000,0.000000,0.000000,0.000000,0.000000,0.000000,0.000000,0,0,0,0,0
802,2,18.377140,0.425354,0.000000,0.000197,0.534695,2.240282,2.192084,0.085270,0.006243,11.144823,4.995032,1.194346,1.138852,0.000746,0.000298,1.995907,0.000349,0.640201,0.002296,0.623956,0.000000,0.000000,0.000000,0,0,0.000000,0.000000,0.000000,0.000000,0.000000,0.000000,0.000000,0.000000,0.000000,0.000000,0.000000,0.000000,0.000000,0.000000,0,0,0,0,0,0.000000,0.000000,0.000000,0.000000,0.000000,0.000000,0.000000,0.000000,0,0,0,0,0
803,2,18.324337,0.374722,0.000000,0.000210,0.509833,2.251512,2.240801,0.085717,0.006358,11.201514,4.985352,1.230459,1.173553,0.000909,0.000332,1.878042,0.000349,0.675276,0.002404,0.657301,0.000000,0.000000,0.000000,0,0,0.000000,0.000000,0.000000,0.000000,0.000000,0.000000,0.000000,0.000000,0.000000,0.000000,0.000000,0.000000,0.000000,0.000000,0,0,0,0,0,0.000000,0.000000,0.000000,0.000000,0.000000,0.000000,0.000000,0.000000,0,0,0,0,0
804,2,18.510807,0.427375,0.000000,0.000190,0.518928,2.344530,2.333920,0.119083,0.006460,11.190518,5.044779,1.240929,1.183712,0.000712,0.000305,1.915103,0.000349,0.637577,0.002302,0.751438,0.000000,0.000000,0.000000,0,0,0.000000,0.000000,0.000000,0.000000,0.000000,0.000000,0.000000,0.000000,0.000000,0.000000,0.000000,0.000000,0.000000,0.000000,0,0,0,0,0,0.000000,0.000000,0.000000,0.000000,0.000000,0.000000,0.000000,0.000000,0,0,0,0,0
805,2,18.496762,0.299466,0.000000,0.000163,0.513373,2.345662,2.335141,0.126041,0.006358,11.215227,5.045644,1.231171,1.140605,0.000827,0.000298,2.007823,0.000349,0.641849,0.002323,0.623610,0.000000,0.000000,0.000000,0,0,0.000000,0.000000,0.000000,0.000000,0.000000,0.000000,0.000000,0.000000,0.000000,0.000000,0.000000,0.000000,0.000000,0.000000,0,0,0,0,0,0.000000,0.000000,0.000000,0.000000,0.000000,0.000000,0.000000,0.000000,0,0,0,0,0
806,2,18.565820,0.386522,0.000000,0.000190,0.509467,2.276191,2.265479,0.085717,0.006487,11.257219,5.099484,1.240529,1.183855,0.000712,0.000346,2.011281,0.000451,0.682193,0.002262,0.623630,0.000000,0.000000,0.000000,0,0,0.000000,0.000000,0.000000,0.000000,0.000000,0.000000,0.000000,0.000000,0.000000,0.000000,0.000000,0.000000,0.000000,0.000000,0,0,0,0,0,0.000000,0.000000,0.000000,0.000000,0.000000,0.000000,0.000000,0.000000,0,0,0,0,0
807,2,18.016090,0.003649,0.000000,0.000163,0.513373,2.217007,2.206234,0.085371,0.006399,11.211890,5.023105,1.271495,1.212216,0.000746,0.000298,1.918983,0.000349,0.677656,0.002282,0.651157,0.000000,0.000000,0.000000,0,0,0.000000,0.000000,0.000000,0.000000,0.000000,0.000000,0.000000,0.000000,0.000000,0.000000,0.000000,0.000000,0.000000,0.000000,0,0,0,0,0,0.000000,0.000000,0.000000,0.000000,0.000000,0.000000,0.000000,0.000000,0,0,0,0,0
808,2,18.039039,0.087992,0.000000,0.000203,0.454902,2.313361,2.302609,0.126367,0.006263,11.112250,5.022234,1.195716,1.140788,0.000746,0.000298,1.991560,0.000349,0.640934,0.002282,0.623813,0.000000,0.000000,0.000000,0,0,0.000000,0.000000,0.000000,0.000000,0.000000,0.000000,0.000000,0.000000,0.000000,0.000000,0.000000,0.000000,0.000000,0.000000,0,0,0,0,0,0.000000,0.000000,0.000000,0.000000,0.000000,0.000000,0.000000,0.000000,0,0,0,0,0
809,2,18.063127,0.003750,0.000000,0.000163,0.411099,2.300910,2.290300,0.086083,0.006378,11.243161,5.013414,1.228512,1.172319,0.000746,0.000298,1.996253,0.000349,0.677182,0.002391,0.622097,0.000000,0.000000,0.000000,0,0,0.000000,0.000000,0.000000,0.000000,0.000000,0.000000,0.000000,0.000000,0.000000,0.000000,0.000000,0.000000,0.000000,0.000000,0,0,0,0,0,0.000000,0.000000,0.000000,0.000000,0.000000,0.000000,0.000000,0.000000,0,0,0,0,0
810,2,18.419430,0.088379,0.000000,0.000190,0.458605,2.256700,2.246192,0.085147,0.006378,11.136858,5.056217,1.228933,1.136142,0.000726,0.000298,2.329749,0.000349,0.718021,0.002262,0.617384,0.000000,0.000000,0.000000,0,0,0.000000,0.000000,0.000000,0.000000,0.000000,0.000000,0.000000,0.000000,0.000000,0.000000,0.000000,0.000000,0.000000,0.000000,0,0,0,0,0,0.000000,0.000000,0.000000,0.000000,0.000000,0.000000,0.000000,0.000000,0,0,0,0,0
811,2,18.330387,0.003818,0.000000,0.000163,0.410326,2.316962,2.306413,0.085595,0.006324,11.206926,5.031748,1.231150,1.174232,0.000753,0.000298,2.321170,0.000424,0.637916,0.002404,0.695387,0.000000,0.000000,0.000000,0,0,0.000000,0.000000,0.000000,0.000000,0.000000,0.000000,0.000000,0.000000,0.000000,0.000000,0.000000,0.000000,0.000000,0.000000,0,0,0,0,0,0.000000,0.000000,0.000000,0.000000,0.000000,0.000000,0.000000,0.000000,0,0,0,0,0
812,2,18.083683,0.088386,0.000000,0.000197,0.460232,2.309007,2.298357,0.085303,0.006317,11.174720,5.011892,1.227936,1.172835,0.000766,0.000298,1.983029,0.000349,0.637353,0.002275,0.626600,0.000000,0.000000,0.000000,0,0,0.000000,0.000000,0.000000,0.000000,0.000000,0.000000,0.000000,0.000000,0.000000,0.000000,0.000000,0.000000,0.000000,0.000000,0,0,0,0,0,0.000000,0.000000,0.000000,0.000000,0.000000,0.000000,0.000000,0.000000,0,0,0,0,0
813,2,18.517310,0.003852,0.000000,0.000163,0.410577,2.315233,2.266008,1.974389,0.010891,5.999071,5.104468,1.233863,1.142287,0.000997,0.000393,1.910397,0.000349,0.706133,0.002384,0.621901,0.000000,0.000000,0.000000,0,0,0.000000,0.000000,0.000000,0.000000,0.000000,0.000000,0.000000,0.000000,0.000000,0.000000,0.000000,0.000000,0.000000,0.000000,0,0,0,0,0,0.000000,0.000000,0.000000,0.000000,0.000000,0.000000,0.000000,0.000000,0,0,0,0,0
814,2,18.401547,0.088433,0.000000,0.000197,0.493049,2.287198,2.276628,0.085490,0.006432,11.124447,5.135569,1.233449,1.140330,0.000746,0.000298,2.327335,0.000349,0.639136,0.002275,0.682671,0.000000,0.000000,0.000000,0,0,0.000000,0.000000,0.000000,0.000000,0.000000,0.000000,0.000000,0.000000,0.000000,0.000000,0.000000,0.000000,0.000000,0.000000,0,0,0,0,0,0.000000,0.000000,0.000000,0.000000,0.000000,0.000000,0.000000,0.000000,0,0,0,0,0
815,2,18.834368,0.003791,0.000000,0.000163,0.413581,2.339308,2.328712,1.949765,0.011159,5.930691,4.928786,1.236040,1.178986,0.000746,0.000298,2.325097,0.000329,0.633419,0.002262,0.631911,0.000000,0.000000,0.000000,0,0,0.000000,0.000000,0.000000,0.000000,0.000000,0.000000,0.000000,0.000000,0.000000,0.000000,0.000000,0.000000,0.000000,0.000000,0,0,0,0,0,0.000000,0.000000,0.000000,0.000000,0.000000,0.000000,0.000000,0.000000,0,0,0,0,0
816,2,18.509355,0.461568,0.000000,0.000190,0.511176,2.257189,2.246294,0.086785,0.006263,11.235552,5.001387,1.190647,1.134572,0.000746,0.000298,1.917097,0.000349,0.691817,0.002282,0.624159,0.000000,0.000000,0.000000,0,0,0.000000,0.000000,0.000000,0.000000,0.000000,0.000000,0.000000,0.000000,0.000000,0.000000,0.000000,0.000000,0.000000,0.000000,0,0,0,0,0,0.000000,0.000000,0.000000,0.000000,0.000000,0.000000,0.000000,0.000000,0,0,0,0,0
817,2,18.889977,0.340875,0.000000,0.000163,0.511400,2.257812,2.247067,2.051612,0.010919,5.979804,5.087853,1.279036,1.221235,0.000746,0.000298,1.948992,0.000349,0.636437,0.002262,0.623956,0.000000,0.000000,0.000000,0,0,0.000000,0.000000,0.000000,0.000000,0.000000,0.000000,0.000000,0.000000,0.000000,0.000000,0.000000,0.000000,0.000000,0.000000,0,0,0,0,0,0.000000,0.000000,0.000000,0.000000,0.000000,0.000000,0.000000,0.000000,0,0,0,0,0
818,2,18.050113,0.087972,0.000000,0.000197,0.487535,2.281420,2.270749,0.085368,0.006507,11.182777,5.088667,1.285255,1.226905,0.000888,0.000298,1.881005,0.000349,0.636214,0.002262,0.675571,0.000000,0.000000,0.000000,0,0,0.000000,0.000000,0.000000,0.000000,0.000000,0.000000,0.000000,0.000000,0.000000,0.000000,0.000000,0.000000,0.000000,0.000000,0,0,0,0,0,0.000000,0.000000,0.000000,0.000000,0.000000,0.000000,0.000000,0.000000,0,0,0,0,0
819,2,18.594092,0.003730,0.000000,0.000163,0.460598,2.310228,2.299557,2.028052,0.011051,6.005046,5.035170,1.267209,1.209401,0.000746,0.000298,1.898563,0.000349,0.641686,0.002262,0.673048,0.000000,0.000000,0.000000,0,0,0.000000,0.000000,0.000000,0.000000,0.000000,0.000000,0.000000,0.000000,0.000000,0.000000,0.000000,0.000000,0.000000,0.000000,0,0,0,0,0,0.000000,0.000000,0.000000,0.000000,0.000000,0.000000,0.000000,0.000000,0,0,0,0,0
820,2,18.160139,0.087735,0.000000,0.000190,0.459730,2.266710,2.256087,0.086555,0.006276,11.175859,5.013238,1.244863,1.187422,0.000746,0.000298,1.958499,0.000342,0.716332,0.002323,0.618646,0.000000,0.000000,0.000000,0,0,0.000000,0.000000,0.000000,0.000000,0.000000,0.000000,0.000000,0.000000,0.000000,0.000000,0.000000,0.000000,0.000000,0.000000,0,0,0,0,0,0.000000,0.000000,0.000000,0.000000,0.000000,0.000000,0.000000,0.000000,0,0,0,0,0
821,2,18.609277,0.003676,0.000000,0.000163,0.493334,2.279975,2.269263,2.014014,0.050161,5.937324,5.005205,1.279171,1.222232,0.000712,0.000305,1.967634,0.000349,0.670020,0.002262,0.620009,0.000000,0.000000,0.000000,0,0,0.000000,0.000000,0.000000,0.000000,0.000000,0.000000,0.000000,0.000000,0.000000,0.000000,0.000000,0.000000,0.000000,0.000000,0,0,0,0,0,0.000000,0.000000,0.000000,0.000000,0.000000,0.000000,0.000000,0.000000,0,0,0,0,0
822,2,18.429650,0.424364,0.000000,0.000190,0.582689,2.213976,2.203223,0.085158,0.006473,11.105425,5.045807,1.272064,1.179952,0.000746,0.000298,1.984385,0.000349,0.638329,0.002302,0.665093,0.000000,0.000000,0.000000,0,0,0.000000,0.000000,0.000000,0.000000,0.000000,0.000000,0.000000,0.000000,0.000000,0.000000,0.000000,0.000000,0.000000,0.000000,0,0,0,0,0,0.000000,0.000000,0.000000,0.000000,0.000000,0.000000,0.000000,0.000000,0,0,0,0,0
823,2,19.340702,0.336249,0.000000,0.000163,0.510200,2.307054,2.296282,2.019040,0.011156,5.893643,5.033596,1.277218,1.185184,0.000712,0.000305,2.324249,0.000349,0.673526,0.002282,0.667148,0.000000,0.000000,0.000000,0,0,0.000000,0.000000,0.000000,0.000000,0.000000,0.000000,0.000000,0.000000,0.000000,0.000000,0.000000,0.000000,0.000000,0.000000,0,0,0,0,0,0.000000,0.000000,0.000000,0.000000,0.000000,0.000000,0.000000,0.000000,0,0,0,0,0
824,2,18.486528,0.421346,0.000000,0.000190,0.514086,2.261373,2.250770,0.085192,0.006399,11.156979,4.950246,1.226919,1.135685,0.000746,0.000298,2.024716,0.000349,0.672692,0.002384,0.624363,0.000000,0.000000,0.000000,0,0,0.000000,0.000000,0.000000,0.000000,0.000000,0.000000,0.000000,0.000000,0.000000,0.000000,0.000000,0.000000,0.000000,0.000000,0,0,0,0,0,0.000000,0.000000,0.000000,0.000000,0.000000,0.000000,0.000000,0.000000,0,0,0,0,0
825,2,19.308875,0.299072,0.000000,0.000210,0.518399,2.297777,2.287086,1.946469,0.010952,5.955329,4.940996,1.234311,1.177426,0.000746,0.000298,2.352515,0.000349,0.677941,0.002302,0.661736,0.000000,0.000000,0.000000,0,0,0.000000,0.000000,0.000000,0.000000,0.000000,0.000000,0.000000,0.000000,0.000000,0.000000,0.000000,0.000000,0.000000,0.000000,0,0,0,0,0,0.000000,0.000000,0.000000,0.000000,0.000000,0.000000,0.000000,0.000000,0,0,0,0,0
826,2,18.409814,0.422879,0.000000,0.000197,0.469469,2.316189,2.305559,0.086039,0.006446,11.191505,5.001556,1.230296,1.172943,0.000746,0.000298,1.895694,0.000349,0.674950,0.002282,0.617506,0.000000,0.000000,0.000000,0,0,0.000000,0.000000,0.000000,0.000000,0.000000,0.000000,0.000000,0.000000,0.000000,0.000000,0.000000,0.000000,0.000000,0.000000,0,0,0,0,0,0.000000,0.000000,0.000000,0.000000,0.000000,0.000000,0.000000,0.000000,0,0,0,0,0
827,2,19.305417,0.299750,0.000000,0.000163,0.512316,2.291918,2.281369,1.962033,0.010905,5.967957,5.026506,1.236304,1.179976,0.000732,0.000298,2.407366,0.000349,0.641157,0.002302,0.663262,0.000000,0.000000,0.000000,0,0,0.000000,0.000000,0.000000,0.000000,0.000000,0.000000,0.000000,0.000000,0.000000,0.000000,0.000000,0.000000,0.000000,0.000000,0,0,0,0,0,0.000000,0.000000,0.000000,0.000000,0.000000,0.000000,0.000000,0.000000,0,0,0,0,0
828,2,20.074419,0.387716,0.000000,0.000190,0.556953,2.314785,2.265144,0.083455,0.006263,11.261675,5.069868,1.225698,1.170753,0.000766,0.000298,2.364648,0.000349,0.679101,0.002282,0.619256,0.000000,0.000000,0.000000,0,0,0.000000,0.000000,0.000000,0.000000,0.000000,0.000000,0.000000,0.000000,0.000000,0.000000,0.000000,0.000000,0.000000,0.000000,0,0,0,0,0,0.000000,0.000000,0.000000,0.000000,0.000000,0.000000,0.000000,0.000000,0,0,0,0,0
829,2,19.087338,0.340291,0.000000,0.000163,0.514350,2.285495,2.274675,0.084822,0.006460,11.172146,5.045183,2.002133,0.982490,0.000746,0.000298,1.938724,0.000349,0.632362,0.002384,0.619622,0.000000,0.000000,0.000000,0,0,0.000000,0.000000,0.000000,0.000000,0.000000,0.000000,0.000000,0.000000,0.000000,0.000000,0.000000,0.000000,0.000000,0.000000,0,0,0,0,0,0.000000,0.000000,0.000000,0.000000,0.000000,0.000000,0.000000,0.000000,0,0,0,0,0
830,2,18.374122,0.426636,0.000000,0.000190,0.524706,2.253242,2.242713,0.125329,0.006243,11.145555,4.942698,1.210622,1.152218,0.000712,0.000305,1.938039,0.000349,0.634525,0.002275,0.653863,0.000000,0.000000,0.000000,0,0,0.000000,0.000000,0.000000,0.000000,0.000000,0.000000,0.000000,0.000000,0.000000,0.000000,0.000000,0.000000,0.000000,0.000000,0,0,0,0,0,0.000000,0.000000,0.000000,0.000000,0.000000,0.000000,0.000000,0.000000,0,0,0,0,0
831,2,17.985613,0.003730,0.000000,0.000163,0.461514,2.310289,2.299523,0.085188,0.007952,11.118791,5.124217,1.242957,1.185130,0.000692,0.000305,1.971663,0.000349,0.639164,0.002262,0.663323,0.000000,0.000000,0.000000,0,0,0.000000,0.000000,0.000000,0.000000,0.000000,0.000000,0.000000,0.000000,0.000000,0.000000,0.000000,0.000000,0.000000,0.000000,0,0,0,0,0,0.000000,0.000000,0.000000,0.000000,0.000000,0.000000,0.000000,0.000000,0,0,0,0,0
832,2,18.134098,0.125902,0.000000,0.000197,0.421665,2.294156,2.283627,0.087609,0.006487,11.193315,5.127496,1.243195,1.185245,0.000699,0.000305,1.929447,0.000349,0.722002,0.002391,0.617703,0.000000,0.000000,0.000000,0,0,0.000000,0.000000,0.000000,0.000000,0.000000,0.000000,0.000000,0.000000,0.000000,0.000000,0.000000,0.000000,0.000000,0.000000,0,0,0,0,0,0.000000,0.000000,0.000000,0.000000,0.000000,0.000000,0.000000,0.000000,0,0,0,0,0
833,2,18.017724,0.003737,0.000000,0.000203,0.496691,2.275357,2.264726,0.125227,0.006358,11.226742,5.034692,1.250505,1.192963,0.000827,0.000298,1.886519,0.000349,0.636498,0.002363,0.712050,0.000000,0.000000,0.000000,0,0,0.000000,0.000000,0.000000,0.000000,0.000000,0.000000,0.000000,0.000000,0.000000,0.000000,0.000000,0.000000,0.000000,0.000000,0,0,0,0,0,0.000000,0.000000,0.000000,0.000000,0.000000,0.000000,0.000000,0.000000,0,0,0,0,0
834,2,18.057844,0.088074,0.000000,0.000197,0.464281,2.317837,2.306929,0.086124,0.006507,11.134518,5.015459,1.237335,1.179942,0.000746,0.000298,1.972633,0.000349,0.640669,0.002262,0.664015,0.000000,0.000000,0.000000,0,0,0.000000,0.000000,0.000000,0.000000,0.000000,0.000000,0.000000,0.000000,0.000000,0.000000,0.000000,0.000000,0.000000,0.000000,0,0,0,0,0,0.000000,0.000000,0.000000,0.000000,0.000000,0.000000,0.000000,0.000000,0,0,0,0,0
835,2,17.940345,0.003771,0.000000,0.000163,0.464667,2.257880,2.247230,0.126529,0.006324,11.100962,5.207035,1.270369,1.213932,0.000766,0.000298,1.936791,0.000349,0.662988,0.002262,0.619805,0.000000,0.000000,0.000000,0,0,0.000000,0.000000,0.000000,0.000000,0.000000,0.000000,0.000000,0.000000,0.000000,0.000000,0.000000,0.000000,0.000000,0.000000,0,0,0,0,0,0.000000,0.000000,0.000000,0.000000,0.000000,0.000000,0.000000,0.000000,0,0,0,0,0
836,2,18.531247,0.087565,0.000000,0.000197,0.464586,2.291083,2.280412,0.084761,0.006358,11.231300,5.128927,1.242381,1.184519,0.000787,0.000298,2.351179,0.000349,0.662255,0.002363,0.665561,0.000000,0.000000,0.000000,0,0,0.000000,0.000000,0.000000,0.000000,0.000000,0.000000,0.000000,0.000000,0.000000,0.000000,0.000000,0.000000,0.000000,0.000000,0,0,0,0,0,0.000000,0.000000,0.000000,0.000000,0.000000,0.000000,0.000000,0.000000,0,0,0,0,0
837,2,18.055952,0.003716,0.000000,0.000163,0.521817,2.268256,2.257646,0.126346,0.006460,11.189816,5.170963,1.264577,1.176731,0.000766,0.000298,1.931237,0.000349,0.634260,0.002282,0.696872,0.000000,0.000000,0.000000,0,0,0.000000,0.000000,0.000000,0.000000,0.000000,0.000000,0.000000,0.000000,0.000000,0.000000,0.000000,0.000000,0.000000,0.000000,0,0,0,0,0,0.000000,0.000000,0.000000,0.000000,0.000000,0.000000,0.000000,0.000000,0,0,0,0,0
838,2,18.784793,0.429918,0.000000,0.000190,0.569424,2.197110,2.186642,0.085554,0.008033,11.070838,5.088691,1.225332,1.170278,0.000746,0.000298,2.367822,0.000349,0.678687,0.002384,0.638950,0.000000,0.000000,0.000000,0,0,0.000000,0.000000,0.000000,0.000000,0.000000,0.000000,0.000000,0.000000,0.000000,0.000000,0.000000,0.000000,0.000000,0.000000,0,0,0,0,0,0.000000,0.000000,0.000000,0.000000,0.000000,0.000000,0.000000,0.000000,0,0,0,0,0
839,2,18.381609,0.341390,0.000000,0.000163,0.527513,2.254218,2.243629,0.085046,0.006460,11.197242,5.082279,1.219269,1.164798,0.000766,0.000298,1.999691,0.000349,0.639815,0.002262,0.624240,0.000000,0.000000,0.000000,0,0,0.000000,0.000000,0.000000,0.000000,0.000000,0.000000,0.000000,0.000000,0.000000,0.000000,0.000000,0.000000,0.000000,0.000000,0,0,0,0,0,0.000000,0.000000,0.000000,0.000000,0.000000,0.000000,0.000000,0.000000,0,0,0,0,0
840,2,18.354997,0.422913,0.000000,0.000197,0.535712,2.218560,2.207923,0.085249,0.006344,11.157132,5.036831,1.192522,1.136332,0.000746,0.000298,1.912601,0.000410,0.712955,0.002323,0.623752,0.000000,0.000000,0.000000,0,0,0.000000,0.000000,0.000000,0.000000,0.000000,0.000000,0.000000,0.000000,0.000000,0.000000,0.000000,0.000000,0.000000,0.000000,0,0,0,0,0,0.000000,0.000000,0.000000,0.000000,0.000000,0.000000,0.000000,0.000000,0,0,0,0,0
841,2,18.809506,0.342346,0.000000,0.000210,0.510790,2.279731,2.269162,0.085534,0.007239,11.108721,5.061540,1.226003,1.126685,0.000766,0.000298,2.427222,0.000349,0.670617,0.002241,0.623996,0.000000,0.000000,0.000000,0,0,0.000000,0.000000,0.000000,0.000000,0.000000,0.000000,0.000000,0.000000,0.000000,0.000000,0.000000,0.000000,0.000000,0.000000,0,0,0,0,0,0.000000,0.000000,0.000000,0.000000,0.000000,0.000000,0.000000,0.000000,0,0,0,0,0
842,2,18.475074,0.087891,0.000000,0.000197,0.467373,2.219306,2.208662,0.085290,0.008331,11.116357,5.223304,1.224884,1.169437,0.000726,0.000298,2.438439,0.000329,0.676700,0.002302,0.623976,0.000000,0.000000,0.000000,0,0,0.000000,0.000000,0.000000,0.000000,0.000000,0.000000,0.000000,0.000000,0.000000,0.000000,0.000000,0.000000,0.000000,0.000000,0,0,0,0,0,0.000000,0.000000,0.000000,0.000000,0.000000,0.000000,0.000000,0.000000,0,0,0,0,0
843,2,18.297991,0.341736,0.000000,0.000163,0.503832,2.286018,2.275469,0.087786,0.006324,11.191047,5.100128,1.241574,1.183339,0.000692,0.000305,1.892751,0.000349,0.636946,0.002363,0.703932,0.000000,0.000000,0.000000,0,0,0.000000,0.000000,0.000000,0.000000,0.000000,0.000000,0.000000,0.000000,0.000000,0.000000,0.000000,0.000000,0.000000,0.000000,0,0,0,0,0,0.000000,0.000000,0.000000,0.000000,0.000000,0.000000,0.000000,0.000000,0,0,0,0,0
844,2,18.507829,0.388509,0.000000,0.000197,0.550808,2.304742,2.256137,0.085941,0.006385,11.200660,5.017202,1.245473,1.149072,0.000746,0.000298,1.975420,0.000505,0.639625,0.002296,0.662265,0.000000,0.000000,0.000000,0,0,0.000000,0.000000,0.000000,0.000000,0.000000,0.000000,0.000000,0.000000,0.000000,0.000000,0.000000,0.000000,0.000000,0.000000,0,0,0,0,0,0.000000,0.000000,0.000000,0.000000,0.000000,0.000000,0.000000,0.000000,0,0,0,0,0
845,2,18.460019,0.302368,0.000000,0.000210,0.517117,2.351922,2.341163,0.087012,0.006480,11.191260,4.927083,1.240638,1.183021,0.000746,0.000298,1.935259,0.000349,0.676795,0.002282,0.617547,0.000000,0.000000,0.000000,0,0,0.000000,0.000000,0.000000,0.000000,0.000000,0.000000,0.000000,0.000000,0.000000,0.000000,0.000000,0.000000,0.000000,0.000000,0,0,0,0,0,0.000000,0.000000,0.000000,0.000000,0.000000,0.000000,0.000000,0.000000,0,0,0,0,0
846,2,18.481747,0.387288,0.000000,0.000190,0.510403,2.272068,2.261349,0.086653,0.006405,11.206865,5.134508,1.240794,1.182512,0.000692,0.000305,1.940677,0.000349,0.721581,0.002262,0.619052,0.000000,0.000000,0.000000,0,0,0.000000,0.000000,0.000000,0.000000,0.000000,0.000000,0.000000,0.000000,0.000000,0.000000,0.000000,0.000000,0.000000,0.000000,0,0,0,0,0,0.000000,0.000000,0.000000,0.000000,0.000000,0.000000,0.000000,0.000000,0,0,0,0,0
847,2,18.032189,0.003716,0.000000,0.000210,0.488288,2.300225,2.289486,0.085819,0.006405,11.203793,4.999054,1.240265,1.182539,0.000712,0.000305,1.921112,0.000349,0.672672,0.002323,0.617018,0.000000,0.000000,0.000000,0,0,0.000000,0.000000,0.000000,0.000000,0.000000,0.000000,0.000000,0.000000,0.000000,0.000000,0.000000,0.000000,0.000000,0.000000,0,0,0,0,0,0.000000,0.000000,0.000000,0.000000,0.000000,0.000000,0.000000,0.000000,0,0,0,0,0
848,2,18.077742,0.125068,0.000000,0.000190,0.452318,2.318305,2.307390,0.085575,0.007504,11.118161,5.053267,1.231462,1.174659,0.000746,0.000298,1.914513,0.000349,0.673811,0.002282,0.618110,0.000000,0.000000,0.000000,0,0,0.000000,0.000000,0.000000,0.000000,0.000000,0.000000,0.000000,0.000000,0.000000,0.000000,0.000000,0.000000,0.000000,0.000000,0,0,0,0,0,0.000000,0.000000,0.000000,0.000000,0.000000,0.000000,0.000000,0.000000,0,0,0,0,0
849,2,18.048425,0.003716,0.000000,0.000163,0.453885,2.304084,2.293576,0.086226,0.006365,11.223060,5.131134,1.243154,1.184540,0.000712,0.000305,1.898488,0.000349,0.720117,0.002302,0.738580,0.000000,0.000000,0.000000,0,0,0.000000,0.000000,0.000000,0.000000,0.000000,0.000000,0.000000,0.000000,0.000000,0.000000,0.000000,0.000000,0.000000,0.000000,0,0,0,0,0,0.000000,0.000000,0.000000,0.000000,0.000000,0.000000,0.000000,0.000000,0,0,0,0,0
850,2,18.583622,0.125699,0.000000,0.000190,0.443325,2.271308,2.260779,0.085636,0.006358,11.266313,5.091766,1.230804,1.139557,0.000746,0.000298,2.330672,0.000349,0.713342,0.002302,0.618483,0.000000,0.000000,0.000000,0,0,0.000000,0.000000,0.000000,0.000000,0.000000,0.000000,0.000000,0.000000,0.000000,0.000000,0.000000,0.000000,0.000000,0.000000,0,0,0,0,0,0.000000,0.000000,0.000000,0.000000,0.000000,0.000000,0.000000,0.000000,0,0,0,0,0
851,2,17.962752,0.003818,0.000000,0.000163,0.454942,2.337938,2.327274,0.085270,0.006378,11.161557,4.933272,1.235402,1.178931,0.000766,0.000298,1.932817,0.000329,0.635088,0.002262,0.662733,0.000000,0.000000,0.000000,0,0,0.000000,0.000000,0.000000,0.000000,0.000000,0.000000,0.000000,0.000000,0.000000,0.000000,0.000000,0.000000,0.000000,0.000000,0,0,0,0,0,0.000000,0.000000,0.000000,0.000000,0.000000,0.000000,0.000000,0.000000,0,0,0,0,0
852,2,18.582665,0.126777,0.000000,0.000190,0.413879,2.306925,2.296424,0.085961,0.006446,11.321604,5.150536,1.205014,1.149845,0.000766,0.000298,2.333418,0.000349,0.672326,0.002363,0.618849,0.000000,0.000000,0.000000,0,0,0.000000,0.000000,0.000000,0.000000,0.000000,0.000000,0.000000,0.000000,0.000000,0.000000,0.000000,0.000000,0.000000,0.000000,0,0,0,0,0,0.000000,0.000000,0.000000,0.000000,0.000000,0.000000,0.000000,0.000000,0,0,0,0,0
853,2,17.965858,0.003771,0.000000,0.000163,0.467556,2.306444,2.295976,0.085107,0.006446,11.213081,5.040466,1.242937,1.184275,0.000692,0.000305,1.896128,0.000329,0.635054,0.002262,0.679762,0.000000,0.000000,0.000000,0,0,0.000000,0.000000,0.000000,0.000000,0.000000,0.000000,0.000000,0.000000,0.000000,0.000000,0.000000,0.000000,0.000000,0.000000,0,0,0,0,0,0.000000,0.000000,0.000000,0.000000,0.000000,0.000000,0.000000,0.000000,0,0,0,0,0
854,2,18.485701,0.087714,0.000000,0.000197,0.474928,2.260912,2.250322,0.085188,0.007952,11.096317,5.049147,1.225210,1.170176,0.000726,0.000298,2.426348,0.000349,0.641381,0.002384,0.699680,0.000000,0.000000,0.000000,0,0,0.000000,0.000000,0.000000,0.000000,0.000000,0.000000,0.000000,0.000000,0.000000,0.000000,0.000000,0.000000,0.000000,0.000000,0,0,0,0,0,0.000000,0.000000,0.000000,0.000000,0.000000,0.000000,0.000000,0.000000,0,0,0,0,0
855,2,18.730628,0.343391,0.000000,0.000163,0.529975,2.255846,2.206787,0.085351,0.008175,11.086483,5.089996,1.226776,1.171126,0.000746,0.000298,2.365719,0.000342,0.678226,0.002282,0.651157,0.000000,0.000000,0.000000,0,0,0.000000,0.000000,0.000000,0.000000,0.000000,0.000000,0.000000,0.000000,0.000000,0.000000,0.000000,0.000000,0.000000,0.000000,0,0,0,0,0,0.000000,0.000000,0.000000,0.000000,0.000000,0.000000,0.000000,0.000000,0,0,0,0,0
856,2,18.526364,0.430372,0.000000,0.000197,0.514452,2.314704,2.304135,0.127221,0.006256,11.178077,5.148448,1.243052,1.185605,0.000712,0.000305,1.966115,0.000349,0.636010,0.002262,0.661187,0.000000,0.000000,0.000000,0,0,0.000000,0.000000,0.000000,0.000000,0.000000,0.000000,0.000000,0.000000,0.000000,0.000000,0.000000,0.000000,0.000000,0.000000,0,0,0,0,0,0.000000,0.000000,0.000000,0.000000,0.000000,0.000000,0.000000,0.000000,0,0,0,0,0
857,2,18.040015,0.003933,0.000000,0.000163,0.489122,2.299750,2.289140,0.126163,0.006378,11.207760,5.078400,1.235972,1.178762,0.000746,0.000298,1.927385,0.000349,0.633019,0.002262,0.707187,0.000000,0.000000,0.000000,0,0,0.000000,0.000000,0.000000,0.000000,0.000000,0.000000,0.000000,0.000000,0.000000,0.000000,0.000000,0.000000,0.000000,0.000000,0,0,0,0,0,0.000000,0.000000,0.000000,0.000000,0.000000,0.000000,0.000000,0.000000,0,0,0,0,0
858,2,18.042640,0.087952,0.000000,0.000190,0.462572,2.297797,2.287276,0.127058,0.006249,11.078854,4.969221,1.270626,1.213789,0.000746,0.000298,1.968611,0.000349,0.633338,0.002275,0.617913,0.000000,0.000000,0.000000,0,0,0.000000,0.000000,0.000000,0.000000,0.000000,0.000000,0.000000,0.000000,0.000000,0.000000,0.000000,0.000000,0.000000,0.000000,0,0,0,0,0,0.000000,0.000000,0.000000,0.000000,0.000000,0.000000,0.000000,0.000000,0,0,0,0,0
859,2,17.907793,0.003649,0.000000,0.000163,0.452379,2.260078,2.249264,0.085514,0.007443,11.067095,5.070207,1.224152,1.168454,0.000766,0.000298,1.994836,0.000349,0.661645,0.002323,0.623935,0.000000,0.000000,0.000000,0,0,0.000000,0.000000,0.000000,0.000000,0.000000,0.000000,0.000000,0.000000,0.000000,0.000000,0.000000,0.000000,0.000000,0.000000,0,0,0,0,0,0.000000,0.000000,0.000000,0.000000,0.000000,0.000000,0.000000,0.000000,0,0,0,0,0
860,2,18.072303,0.088013,0.000000,0.000190,0.460659,2.267931,2.257429,0.125878,0.006270,11.245863,5.051568,1.242408,1.184153,0.000712,0.000305,1.889550,0.000465,0.636017,0.002282,0.654310,0.000000,0.000000,0.000000,0,0,0.000000,0.000000,0.000000,0.000000,0.000000,0.000000,0.000000,0.000000,0.000000,0.000000,0.000000,0.000000,0.000000,0.000000,0,0,0,0,0,0.000000,0.000000,0.000000,0.000000,0.000000,0.000000,0.000000,0.000000,0,0,0,0,0
861,2,17.948571,0.003859,0.000000,0.000210,0.510647,2.229519,2.218909,0.085778,0.007219,11.107703,5.048832,1.224701,1.125553,0.000766,0.000298,1.994354,0.000349,0.634030,0.002323,0.624261,0.000000,0.000000,0.000000,0,0,0.000000,0.000000,0.000000,0.000000,0.000000,0.000000,0.000000,0.000000,0.000000,0.000000,0.000000,0.000000,0.000000,0.000000,0,0,0,0,0,0.000000,0.000000,0.000000,0.000000,0.000000,0.000000,0.000000,0.000000,0,0,0,0,0
862,2,18.137699,0.087653,0.000000,0.000190,0.461799,2.289958,2.279517,0.154870,0.006276,11.206896,4.973490,1.245772,1.187551,0.000712,0.000305,1.938466,0.000349,0.635847,0.002241,0.657850,0.000000,0.000000,0.000000,0,0,0.000000,0.000000,0.000000,0.000000,0.000000,0.000000,0.000000,0.000000,0.000000,0.000000,0.000000,0.000000,0.000000,0.000000,0,0,0,0,0,0.000000,0.000000,0.000000,0.000000,0.000000,0.000000,0.000000,0.000000,0,0,0,0,0
863,2,18.373776,0.003743,0.000000,0.000190,0.453152,2.254333,2.243873,0.085229,0.007321,11.100257,5.137000,1.224111,1.126461,0.000766,0.000298,2.421777,0.000349,0.672143,0.002262,0.623244,0.000000,0.000000,0.000000,0,0,0.000000,0.000000,0.000000,0.000000,0.000000,0.000000,0.000000,0.000000,0.000000,0.000000,0.000000,0.000000,0.000000,0.000000,0,0,0,0,0,0.000000,0.000000,0.000000,0.000000,0.000000,0.000000,0.000000,0.000000,0,0,0,0,0
864,2,18.064314,0.088203,0.000000,0.000190,0.495117,2.282633,2.271990,0.125492,0.006446,11.062375,5.071910,1.277930,1.219262,0.000712,0.000305,1.973501,0.000485,0.642283,0.002282,0.624342,0.000000,0.000000,0.000000,0,0,0.000000,0.000000,0.000000,0.000000,0.000000,0.000000,0.000000,0.000000,0.000000,0.000000,0.000000,0.000000,0.000000,0.000000,0,0,0,0,0,0.000000,0.000000,0.000000,0.000000,0.000000,0.000000,0.000000,0.000000,0,0,0,0,0
865,2,18.767704,0.339084,0.000000,0.000163,0.514574,2.324917,2.314307,0.086734,0.006358,11.120460,4.972551,1.228994,1.139635,0.000746,0.000298,2.362247,0.000349,0.674727,0.002302,0.618523,0.000000,0.000000,0.000000,0,0,0.000000,0.000000,0.000000,0.000000,0.000000,0.000000,0.000000,0.000000,0.000000,0.000000,0.000000,0.000000,0.000000,0.000000,0,0,0,0,0,0.000000,0.000000,0.000000,0.000000,0.000000,0.000000,0.000000,0.000000,0,0,0,0,0
866,2,18.412723,0.426826,0.000000,0.000190,0.534858,2.167013,2.156430,0.085860,0.006439,11.195950,5.094540,1.193173,1.138499,0.000726,0.000298,2.009776,0.000349,0.682315,0.002343,0.624871,0.000000,0.000000,0.000000,0,0,0.000000,0.000000,0.000000,0.000000,0.000000,0.000000,0.000000,0.000000,0.000000,0.000000,0.000000,0.000000,0.000000,0.000000,0,0,0,0,0,0.000000,0.000000,0.000000,0.000000,0.000000,0.000000,0.000000,0.000000,0,0,0,0,0
867,2,18.879886,0.342726,0.000000,0.000210,0.499763,2.283047,2.272417,0.085575,0.006317,11.233436,4.972222,1.228994,1.172217,0.000746,0.000298,2.371280,0.000349,0.718448,0.002282,0.618239,0.000000,0.000000,0.000000,0,0,0.000000,0.000000,0.000000,0.000000,0.000000,0.000000,0.000000,0.000000,0.000000,0.000000,0.000000,0.000000,0.000000,0.000000,0,0,0,0,0,0.000000,0.000000,0.000000,0.000000,0.000000,0.000000,0.000000,0.000000,0,0,0,0,0
868,2,18.410302,0.423143,0.000000,0.000264,0.569628,2.213996,2.203529,0.085982,0.006344,11.186703,4.997182,1.231700,1.174700,0.000746,0.000298,1.907922,0.000349,0.674523,0.002343,0.618666,0.000000,0.000000,0.000000,0,0,0.000000,0.000000,0.000000,0.000000,0.000000,0.000000,0.000000,0.000000,0.000000,0.000000,0.000000,0.000000,0.000000,0.000000,0,0,0,0,0,0.000000,0.000000,0.000000,0.000000,0.000000,0.000000,0.000000,0.000000,0,0,0,0,0
869,2,18.826881,0.300422,0.000000,0.000163,0.512112,2.354845,2.344255,0.086124,0.006378,11.225725,5.000227,1.230058,1.173235,0.000766,0.000298,2.364438,0.000349,0.636498,0.002404,0.659905,0.000000,0.000000,0.000000,0,0,0.000000,0.000000,0.000000,0.000000,0.000000,0.000000,0.000000,0.000000,0.000000,0.000000,0.000000,0.000000,0.000000,0.000000,0,0,0,0,0,0.000000,0.000000,0.000000,0.000000,0.000000,0.000000,0.000000,0.000000,0,0,0,0,0
870,2,18.532732,0.387980,0.000000,0.000190,0.508572,2.271573,2.260922,0.086266,0.006487,11.258521,5.069265,1.231639,1.174503,0.000854,0.000305,1.951324,0.000349,0.720320,0.002404,0.624891,0.000000,0.000000,0.000000,0,0,0.000000,0.000000,0.000000,0.000000,0.000000,0.000000,0.000000,0.000000,0.000000,0.000000,0.000000,0.000000,0.000000,0.000000,0,0,0,0,0,0.000000,0.000000,0.000000,0.000000,0.000000,0.000000,0.000000,0.000000,0,0,0,0,0
871,2,17.939775,0.003743,0.000000,0.000163,0.411140,2.334235,2.323707,0.084985,0.006460,11.185415,5.104421,1.229936,1.173865,0.000773,0.000305,1.897363,0.000349,0.675724,0.002296,0.618076,0.000000,0.000000,0.000000,0,0,0.000000,0.000000,0.000000,0.000000,0.000000,0.000000,0.000000,0.000000,0.000000,0.000000,0.000000,0.000000,0.000000,0.000000,0,0,0,0,0,0.000000,0.000000,0.000000,0.000000,0.000000,0.000000,0.000000,0.000000,0,0,0,0,0
872,2,18.024919,0.088277,0.000000,0.000190,0.475369,2.253221,2.242679,0.084903,0.006344,11.161374,5.047143,1.225718,1.170570,0.000827,0.000298,1.979957,0.000329,0.638797,0.002302,0.624688,0.000000,0.000000,0.000000,0,0,0.000000,0.000000,0.000000,0.000000,0.000000,0.000000,0.000000,0.000000,0.000000,0.000000,0.000000,0.000000,0.000000,0.000000,0,0,0,0,0,0.000000,0.000000,0.000000,0.000000,0.000000,0.000000,0.000000,0.000000,0,0,0,0,0
873,2,18.004635,0.003974,0.000000,0.000163,0.451070,2.273343,2.262651,0.086022,0.006283,11.260708,5.104489,1.193010,1.136105,0.000766,0.000298,1.964067,0.000349,0.655785,0.002262,0.621982,0.000000,0.000000,0.000000,0,0,0.000000,0.000000,0.000000,0.000000,0.000000,0.000000,0.000000,0.000000,0.000000,0.000000,0.000000,0.000000,0.000000,0.000000,0,0,0,0,0,0.000000,0.000000,0.000000,0.000000,0.000000,0.000000,0.000000,0.000000,0,0,0,0,0
874,2,18.013872,0.087748,0.000000,0.000190,0.500251,2.246202,2.235694,0.085554,0.006297,11.131182,5.128320,1.235708,1.142409,0.000746,0.000298,1.930322,0.000349,0.680342,0.002384,0.648471,0.000000,0.000000,0.000000,0,0,0.000000,0.000000,0.000000,0.000000,0.000000,0.000000,0.000000,0.000000,0.000000,0.000000,0.000000,0.000000,0.000000,0.000000,0,0,0,0,0,0.000000,0.000000,0.000000,0.000000,0.000000,0.000000,0.000000,0.000000,0,0,0,0,0
875,2,18.046282,0.003784,0.000000,0.000210,0.411424,2.328959,2.318234,0.088403,0.006236,11.241859,5.012855,1.229747,1.139411,0.000766,0.000298,1.985277,0.000349,0.640405,0.002282,0.622409,0.000000,0.000000,0.000000,0,0,0.000000,0.000000,0.000000,0.000000,0.000000,0.000000,0.000000,0.000000,0.000000,0.000000,0.000000,0.000000,0.000000,0.000000,0,0,0,0,0,0.000000,0.000000,0.000000,0.000000,0.000000,0.000000,0.000000,0.000000,0,0,0,0,0
876,2,18.115136,0.087958,0.000000,0.000190,0.452854,2.287930,2.277300,0.085208,0.006527,11.229923,5.135929,1.218475,1.163991,0.000746,0.000298,1.996385,0.000349,0.639611,0.002262,0.625400,0.000000,0.000000,0.000000,0,0,0.000000,0.000000,0.000000,0.000000,0.000000,0.000000,0.000000,0.000000,0.000000,0.000000,0.000000,0.000000,0.000000,0.000000,0,0,0,0,0,0.000000,0.000000,0.000000,0.000000,0.000000,0.000000,0.000000,0.000000,0,0,0,0,0
877,2,18.501685,0.003791,0.000000,0.000217,0.412665,2.319200,2.308536,0.085758,0.006324,11.251136,5.030253,1.230703,1.173513,0.000766,0.000298,2.365604,0.000349,0.716366,0.002384,0.617384,0.000000,0.000000,0.000000,0,0,0.000000,0.000000,0.000000,0.000000,0.000000,0.000000,0.000000,0.000000,0.000000,0.000000,0.000000,0.000000,0.000000,0.000000,0,0,0,0,0,0.000000,0.000000,0.000000,0.000000,0.000000,0.000000,0.000000,0.000000,0,0,0,0,0
878,2,18.351383,0.428141,0.000000,0.000197,0.574775,2.162075,2.151425,0.127567,0.006405,11.062273,5.003008,1.267229,1.209679,0.000746,0.000298,1.976485,0.000349,0.636417,0.002262,0.624220,0.000000,0.000000,0.000000,0,0,0.000000,0.000000,0.000000,0.000000,0.000000,0.000000,0.000000,0.000000,0.000000,0.000000,0.000000,0.000000,0.000000,0.000000,0,0,0,0,0,0.000000,0.000000,0.000000,0.000000,0.000000,0.000000,0.000000,0.000000,0,0,0,0,0
879,2,19.434953,0.376811,0.000000,0.000163,0.517931,2.262499,2.252011,0.084964,0.006426,11.129473,5.063928,1.875546,0.969876,0.000746,0.000298,2.429732,0.000349,0.640486,0.002282,0.623203,0.000000,0.000000,0.000000,0,0,0.000000,0.000000,0.000000,0.000000,0.000000,0.000000,0.000000,0.000000,0.000000,0.000000,0.000000,0.000000,0.000000,0.000000,0,0,0,0,0,0.000000,0.000000,0.000000,0.000000,0.000000,0.000000,0.000000,0.000000,0,0,0,0,0
880,2,18.505680,0.424364,0.000000,0.000190,0.520067,2.267504,2.256941,0.085853,0.006690,11.144772,5.085751,1.267405,1.210758,0.000868,0.000298,1.961877,0.000349,0.675045,0.002404,0.620517,0.000000,0.000000,0.000000,0,0,0.000000,0.000000,0.000000,0.000000,0.000000,0.000000,0.000000,0.000000,0.000000,0.000000,0.000000,0.000000,0.000000,0.000000,0,0,0,0,0,0.000000,0.000000,0.000000,0.000000,0.000000,0.000000,0.000000,0.000000,0,0,0,0,0
881,2,18.769935,0.339701,0.000000,0.000163,0.557848,2.292121,2.281552,0.085514,0.006405,11.111569,5.050608,1.271454,1.179321,0.000746,0.000298,2.321720,0.000349,0.672957,0.002363,0.658034,0.000000,0.000000,0.000000,0,0,0.000000,0.000000,0.000000,0.000000,0.000000,0.000000,0.000000,0.000000,0.000000,0.000000,0.000000,0.000000,0.000000,0.000000,0,0,0,0,0,0.000000,0.000000,0.000000,0.000000,0.000000,0.000000,0.000000,0.000000,0,0,0,0,0
882,2,18.750715,0.426744,0.000000,0.000190,0.534614,2.264208,2.253598,0.085676,0.039134,11.060330,5.050663,1.196096,1.141490,0.000746,0.000298,2.358971,0.000349,0.675012,0.002302,0.617628,0.000000,0.000000,0.000000,0,0,0.000000,0.000000,0.000000,0.000000,0.000000,0.000000,0.000000,0.000000,0.000000,0.000000,0.000000,0.000000,0.000000,0.000000,0,0,0,0,0,0.000000,0.000000,0.000000,0.000000,0.000000,0.000000,0.000000,0.000000,0,0,0,0,0
883,2,18.307085,0.350979,0.000000,0.000251,0.509101,2.257880,2.247372,0.085697,0.006324,11.170325,5.042952,1.226715,1.170949,0.000746,0.000298,1.911543,0.000404,0.678199,0.002323,0.662184,0.000000,0.000000,0.000000,0,0,0.000000,0.000000,0.000000,0.000000,0.000000,0.000000,0.000000,0.000000,0.000000,0.000000,0.000000,0.000000,0.000000,0.000000,0,0,0,0,0,0.000000,0.000000,0.000000,0.000000,0.000000,0.000000,0.000000,0.000000,0,0,0,0,0
884,2,18.406803,0.425991,0.000000,0.000190,0.571621,2.242784,2.232256,0.085208,0.008175,11.078427,5.054477,1.227305,1.172231,0.000787,0.000298,1.980160,0.000349,0.636275,0.002241,0.637180,0.000000,0.000000,0.000000,0,0,0.000000,0.000000,0.000000,0.000000,0.000000,0.000000,0.000000,0.000000,0.000000,0.000000,0.000000,0.000000,0.000000,0.000000,0,0,0,0,0,0.000000,0.000000,0.000000,0.000000,0.000000,0.000000,0.000000,0.000000,0,0,0,0,0
885,2,18.410926,0.339973,0.000000,0.000163,0.516873,2.320319,2.309770,0.084985,0.006365,11.180681,5.010963,1.224952,1.169301,0.000766,0.000298,1.989553,0.000363,0.636532,0.002262,0.624607,0.000000,0.000000,0.000000,0,0,0.000000,0.000000,0.000000,0.000000,0.000000,0.000000,0.000000,0.000000,0.000000,0.000000,0.000000,0.000000,0.000000,0.000000,0,0,0,0,0,0.000000,0.000000,0.000000,0.000000,0.000000,0.000000,0.000000,0.000000,0,0,0,0,0
886,2,18.364200,0.425544,0.000000,0.000190,0.533393,2.200121,2.189674,0.085303,0.006297,11.175096,5.012021,1.192013,1.135379,0.000746,0.000298,1.969550,0.000349,0.666528,0.002241,0.624179,0.000000,0.000000,0.000000,0,0,0.000000,0.000000,0.000000,0.000000,0.000000,0.000000,0.000000,0.000000,0.000000,0.000000,0.000000,0.000000,0.000000,0.000000,0,0,0,0,0,0.000000,0.000000,0.000000,0.000000,0.000000,0.000000,0.000000,0.000000,0,0,0,0,0
887,2,17.956153,0.003649,0.000000,0.000163,0.459317,2.307237,2.296709,0.085758,0.007972,11.084530,5.086022,1.226796,1.171356,0.000766,0.000393,1.992377,0.000349,0.636681,0.002262,0.622308,0.000000,0.000000,0.000000,0,0,0.000000,0.000000,0.000000,0.000000,0.000000,0.000000,0.000000,0.000000,0.000000,0.000000,0.000000,0.000000,0.000000,0.000000,0,0,0,0,0,0.000000,0.000000,0.000000,0.000000,0.000000,0.000000,0.000000,0.000000,0,0,0,0,0
888,2,18.384240,0.426086,0.000000,0.000197,0.538215,2.278815,2.268083,0.085534,0.008053,11.066372,5.077694,1.192461,1.136963,0.000766,0.000298,1.996782,0.000349,0.640283,0.002282,0.624790,0.000000,0.000000,0.000000,0,0,0.000000,0.000000,0.000000,0.000000,0.000000,0.000000,0.000000,0.000000,0.000000,0.000000,0.000000,0.000000,0.000000,0.000000,0,0,0,0,0,0.000000,0.000000,0.000000,0.000000,0.000000,0.000000,0.000000,0.000000,0,0,0,0,0
889,2,18.497738,0.337552,0.000000,0.000163,0.511319,2.295783,2.284970,0.085310,0.006358,11.241330,5.049055,1.225840,1.169918,0.000888,0.000332,2.008460,0.000349,0.675195,0.002343,0.623935,0.000000,0.000000,0.000000,0,0,0.000000,0.000000,0.000000,0.000000,0.000000,0.000000,0.000000,0.000000,0.000000,0.000000,0.000000,0.000000,0.000000,0.000000,0,0,0,0,0,0.000000,0.000000,0.000000,0.000000,0.000000,0.000000,0.000000,0.000000,0,0,0,0,0
890,2,18.903039,0.461412,0.000000,0.000190,0.518684,2.261685,2.251156,0.085351,0.006297,11.144670,5.037493,1.229787,1.139018,0.000746,0.000298,2.368127,0.000349,0.716922,0.002343,0.618707,0.000000,0.000000,0.000000,0,0,0.000000,0.000000,0.000000,0.000000,0.000000,0.000000,0.000000,0.000000,0.000000,0.000000,0.000000,0.000000,0.000000,0.000000,0,0,0,0,0,0.000000,0.000000,0.000000,0.000000,0.000000,0.000000,0.000000,0.000000,0,0,0,0,0
891,2,18.458866,0.339240,0.000000,0.000163,0.511705,2.273553,2.262631,0.085554,0.006365,11.239905,5.109439,1.226105,1.170624,0.000746,0.000298,1.987847,0.000349,0.678511,0.002241,0.622409,0.000000,0.000000,0.000000,0,0,0.000000,0.000000,0.000000,0.000000,0.000000,0.000000,0.000000,0.000000,0.000000,0.000000,0.000000,0.000000,0.000000,0.000000,0,0,0,0,0,0.000000,0.000000,0.000000,0.000000,0.000000,0.000000,0.000000,0.000000,0,0,0,0,0
892,2,18.872759,0.385254,0.000000,0.000190,0.514594,2.347236,2.336524,0.126814,0.006229,11.169498,5.020491,1.228892,1.139238,0.000807,0.000298,2.348494,0.000363,0.635712,0.002424,0.617974,0.000000,0.000000,0.000000,0,0,0.000000,0.000000,0.000000,0.000000,0.000000,0.000000,0.000000,0.000000,0.000000,0.000000,0.000000,0.000000,0.000000,0.000000,0,0,0,0,0,0.000000,0.000000,0.000000,0.000000,0.000000,0.000000,0.000000,0.000000,0,0,0,0,0
893,2,18.439938,0.301697,0.000000,0.000210,0.514513,2.315192,2.304521,0.085785,0.006358,11.169017,5.012482,1.241106,1.182912,0.000712,0.000407,1.974477,0.000349,0.722049,0.002302,0.617038,0.000000,0.000000,0.000000,0,0,0.000000,0.000000,0.000000,0.000000,0.000000,0.000000,0.000000,0.000000,0.000000,0.000000,0.000000,0.000000,0.000000,0.000000,0,0,0,0,0,0.000000,0.000000,0.000000,0.000000,0.000000,0.000000,0.000000,0.000000,0,0,0,0,0
894,2,18.904219,0.426270,0.000000,0.000197,0.538032,2.274970,2.264421,0.085249,0.006358,11.208747,4.969076,1.242449,1.184153,0.000746,0.000298,2.339657,0.000349,0.673099,0.002302,0.662591,0.000000,0.000000,0.000000,0,0,0.000000,0.000000,0.000000,0.000000,0.000000,0.000000,0.000000,0.000000,0.000000,0.000000,0.000000,0.000000,0.000000,0.000000,0,0,0,0,0,0.000000,0.000000,0.000000,0.000000,0.000000,0.000000,0.000000,0.000000,0,0,0,0,0
895,2,18.297509,0.301602,0.000000,0.000163,0.515856,2.294963,2.284420,0.119436,0.006215,11.143450,5.173309,1.236786,1.180091,0.000732,0.000298,1.937951,0.000349,0.631344,0.002262,0.618401,0.000000,0.000000,0.000000,0,0,0.000000,0.000000,0.000000,0.000000,0.000000,0.000000,0.000000,0.000000,0.000000,0.000000,0.000000,0.000000,0.000000,0.000000,0,0,0,0,0,0.000000,0.000000,0.000000,0.000000,0.000000,0.000000,0.000000,0.000000,0,0,0,0,0
896,2,18.550920,0.126119,0.000000,0.000190,0.414273,2.309638,2.259427,0.085310,0.006276,11.230771,5.121185,1.226654,1.135196,0.000766,0.000298,2.338199,0.000349,0.703189,0.002262,0.618971,0.000000,0.000000,0.000000,0,0,0.000000,0.000000,0.000000,0.000000,0.000000,0.000000,0.000000,0.000000,0.000000,0.000000,0.000000,0.000000,0.000000,0.000000,0,0,0,0,0,0.000000,0.000000,0.000000,0.000000,0.000000,0.000000,0.000000,0.000000,0,0,0,0,0
897,2,18.000431,0.003689,0.000000,0.000190,0.492906,2.309984,2.299333,0.086205,0.006317,11.203976,5.044145,1.263323,1.206323,0.000793,0.000475,1.887271,0.000349,0.636661,0.002262,0.694960,0.000000,0.000000,0.000000,0,0,0.000000,0.000000,0.000000,0.000000,0.000000,0.000000,0.000000,0.000000,0.000000,0.000000,0.000000,0.000000,0.000000,0.000000,0,0,0,0,0,0.000000,0.000000,0.000000,0.000000,0.000000,0.000000,0.000000,0.000000,0,0,0,0,0
898,2,18.507307,0.429043,0.000000,0.000190,0.568000,2.234158,2.223426,0.125634,0.006236,11.203671,5.178301,1.265025,1.207258,0.000746,0.000373,1.930206,0.000349,0.635237,0.002296,0.697625,0.000000,0.000000,0.000000,0,0,0.000000,0.000000,0.000000,0.000000,0.000000,0.000000,0.000000,0.000000,0.000000,0.000000,0.000000,0.000000,0.000000,0.000000,0,0,0,0,0,0.000000,0.000000,0.000000,0.000000,0.000000,0.000000,0.000000,0.000000,0,0,0,0,0
899,2,18.330339,0.343953,0.000000,0.000163,0.531013,2.272427,2.261654,0.085025,0.008257,11.069678,5.135796,1.226715,1.171295,0.000746,0.000298,1.981503,0.000349,0.637638,0.002262,0.733371,0.000000,0.000000,0.000000,0,0,0.000000,0.000000,0.000000,0.000000,0.000000,0.000000,0.000000,0.000000,0.000000,0.000000,0.000000,0.000000,0.000000,0.000000,0,0,0,0,0,0.000000,0.000000,0.000000,0.000000,0.000000,0.000000,0.000000,0.000000,0,0,0,0,0
900,2,18.377723,0.430278,0.000000,0.000190,0.527778,2.221341,2.210731,0.085493,0.008135,11.075212,5.144806,1.227305,1.172211,0.000746,0.000298,2.000756,0.000349,0.650435,0.002262,0.624118,0.000000,0.000000,0.000000,0,0,0.000000,0.000000,0.000000,0.000000,0.000000,0.000000,0.000000,0.000000,0.000000,0.000000,0.000000,0.000000,0.000000,0.000000,0,0,0,0,0,0.000000,0.000000,0.000000,0.000000,0.000000,0.000000,0.000000,0.000000,0,0,0,0,0
901,2,17.983008,0.003872,0.000000,0.000163,0.491014,2.303779,2.293148,0.124861,0.006344,11.071469,4.999542,1.228099,1.170854,0.000746,0.000298,2.006134,0.000349,0.636987,0.002343,0.619378,0.000000,0.000000,0.000000,0,0,0.000000,0.000000,0.000000,0.000000,0.000000,0.000000,0.000000,0.000000,0.000000,0.000000,0.000000,0.000000,0.000000,0.000000,0,0,0,0,0,0.000000,0.000000,0.000000,0.000000,0.000000,0.000000,0.000000,0.000000,0,0,0,0,0
902,2,18.052534,0.088019,0.000000,0.000190,0.462450,2.295987,2.285322,0.125715,0.007321,11.054128,5.101206,1.272946,1.216088,0.000746,0.000298,1.969832,0.000349,0.635339,0.002262,0.620273,0.000000,0.000000,0.000000,0,0,0.000000,0.000000,0.000000,0.000000,0.000000,0.000000,0.000000,0.000000,0.000000,0.000000,0.000000,0.000000,0.000000,0.000000,0,0,0,0,0,0.000000,0.000000,0.000000,0.000000,0.000000,0.000000,0.000000,0.000000,0,0,0,0,0
903,2,18.457109,0.339844,0.000000,0.000210,0.508613,2.247830,2.237288,0.086022,0.006337,11.276933,5.151025,1.242265,1.186167,0.000868,0.000298,1.963843,0.000485,0.674069,0.002343,0.621535,0.000000,0.000000,0.000000,0,0,0.000000,0.000000,0.000000,0.000000,0.000000,0.000000,0.000000,0.000000,0.000000,0.000000,0.000000,0.000000,0.000000,0.000000,0,0,0,0,0,0.000000,0.000000,0.000000,0.000000,0.000000,0.000000,0.000000,0.000000,0,0,0,0,0
904,2,18.941328,0.426439,0.000000,0.000190,0.586473,2.297512,2.286801,0.085270,0.006446,11.178036,5.025886,1.280202,1.220523,0.000793,0.000305,2.327240,0.000349,0.644040,0.002302,0.778904,0.000000,0.000000,0.000000,0,0,0.000000,0.000000,0.000000,0.000000,0.000000,0.000000,0.000000,0.000000,0.000000,0.000000,0.000000,0.000000,0.000000,0.000000,0,0,0,0,0,0.000000,0.000000,0.000000,0.000000,0.000000,0.000000,0.000000,0.000000,0,0,0,0,0
905,2,18.714250,0.299608,0.000000,0.000163,0.570462,2.217027,2.206316,0.088884,0.006480,11.168474,5.032142,1.242564,1.184336,0.000746,0.000298,2.375634,0.000329,0.634810,0.002262,0.654880,0.000000,0.000000,0.000000,0,0,0.000000,0.000000,0.000000,0.000000,0.000000,0.000000,0.000000,0.000000,0.000000,0.000000,0.000000,0.000000,0.000000,0.000000,0,0,0,0,0,0.000000,0.000000,0.000000,0.000000,0.000000,0.000000,0.000000,0.000000,0,0,0,0,0
906,2,18.542660,0.388590,0.000000,0.000190,0.509576,2.305142,2.294451,0.126305,0.006487,11.218014,5.043318,1.231171,1.140361,0.000746,0.000298,2.006466,0.000349,0.640811,0.002302,0.624363,0.000000,0.000000,0.000000,0,0,0.000000,0.000000,0.000000,0.000000,0.000000,0.000000,0.000000,0.000000,0.000000,0.000000,0.000000,0.000000,0.000000,0.000000,0,0,0,0,0,0.000000,0.000000,0.000000,0.000000,0.000000,0.000000,0.000000,0.000000,0,0,0,0,0
907,2,18.448747,0.302002,0.000000,0.000163,0.515266,2.255256,2.244571,0.127241,0.006297,11.196733,5.045203,1.240672,1.182444,0.000827,0.000298,1.973311,0.000329,0.722578,0.002302,0.616611,0.000000,0.000000,0.000000,0,0,0.000000,0.000000,0.000000,0.000000,0.000000,0.000000,0.000000,0.000000,0.000000,0.000000,0.000000,0.000000,0.000000,0.000000,0,0,0,0,0,0.000000,0.000000,0.000000,0.000000,0.000000,0.000000,0.000000,0.000000,0,0,0,0,0
908,2,18.957625,0.460327,0.000000,0.000197,0.512024,2.302741,2.292213,0.085249,0.006507,11.164588,5.102827,1.243988,1.152028,0.000712,0.000305,2.397356,0.000329,0.675595,0.002323,0.661309,0.000000,0.000000,0.000000,0,0,0.000000,0.000000,0.000000,0.000000,0.000000,0.000000,0.000000,0.000000,0.000000,0.000000,0.000000,0.000000,0.000000,0.000000,0,0,0,0,0,0.000000,0.000000,0.000000,0.000000,0.000000,0.000000,0.000000,0.000000,0,0,0,0,0
909,2,18.465620,0.003655,0.000000,0.000163,0.452379,2.341682,2.330909,0.087860,0.042823,11.158953,5.133291,1.244497,1.186201,0.000692,0.000305,2.386112,0.000390,0.637265,0.002262,0.664910,0.000000,0.000000,0.000000,0,0,0.000000,0.000000,0.000000,0.000000,0.000000,0.000000,0.000000,0.000000,0.000000,0.000000,0.000000,0.000000,0.000000,0.000000,0,0,0,0,0,0.000000,0.000000,0.000000,0.000000,0.000000,0.000000,0.000000,0.000000,0,0,0,0,0
910,2,18.126143,0.124946,0.000000,0.000197,0.413418,2.274462,2.263994,0.088091,0.006460,11.208676,5.125166,1.242767,1.184662,0.000712,0.000305,1.937727,0.000349,0.720117,0.002296,0.618523,0.000000,0.000000,0.000000,0,0,0.000000,0.000000,0.000000,0.000000,0.000000,0.000000,0.000000,0.000000,0.000000,0.000000,0.000000,0.000000,0.000000,0.000000,0,0,0,0,0,0.000000,0.000000,0.000000,0.000000,0.000000,0.000000,0.000000,0.000000,0,0,0,0,0
911,2,18.420407,0.003764,0.000000,0.000163,0.469693,2.253506,2.242842,0.126672,0.006439,11.213986,5.053311,1.234650,1.177521,0.000746,0.000298,2.367700,0.000349,0.633976,0.002363,0.661411,0.000000,0.000000,0.000000,0,0,0.000000,0.000000,0.000000,0.000000,0.000000,0.000000,0.000000,0.000000,0.000000,0.000000,0.000000,0.000000,0.000000,0.000000,0,0,0,0,0,0.000000,0.000000,0.000000,0.000000,0.000000,0.000000,0.000000,0.000000,0,0,0,0,0
912,2,18.457516,0.087667,0.000000,0.000190,0.457954,2.345323,2.334571,0.083906,0.006317,11.175208,5.086667,1.236542,1.179460,0.000726,0.000298,2.322432,0.000349,0.631975,0.002262,0.661411,0.000000,0.000000,0.000000,0,0,0.000000,0.000000,0.000000,0.000000,0.000000,0.000000,0.000000,0.000000,0.000000,0.000000,0.000000,0.000000,0.000000,0.000000,0,0,0,0,0,0.000000,0.000000,0.000000,0.000000,0.000000,0.000000,0.000000,0.000000,0,0,0,0,0
913,2,17.986074,0.003635,0.000000,0.000163,0.456285,2.276313,2.265825,0.127669,0.006914,11.142046,5.172699,1.237885,1.180932,0.000766,0.000298,1.969377,0.000349,0.646074,0.002302,0.619907,0.000000,0.000000,0.000000,0,0,0.000000,0.000000,0.000000,0.000000,0.000000,0.000000,0.000000,0.000000,0.000000,0.000000,0.000000,0.000000,0.000000,0.000000,0,0,0,0,0,0.000000,0.000000,0.000000,0.000000,0.000000,0.000000,0.000000,0.000000,0,0,0,0,0
914,2,17.979007,0.087850,0.000000,0.000197,0.458259,2.254157,2.243568,0.124976,0.006243,11.125654,4.983592,1.240692,1.182302,0.000712,0.000305,1.938894,0.000349,0.632714,0.002302,0.640639,0.000000,0.000000,0.000000,0,0,0.000000,0.000000,0.000000,0.000000,0.000000,0.000000,0.000000,0.000000,0.000000,0.000000,0.000000,0.000000,0.000000,0.000000,0,0,0,0,0,0.000000,0.000000,0.000000,0.000000,0.000000,0.000000,0.000000,0.000000,0,0,0,0,0
915,2,17.925988,0.003859,0.000000,0.000163,0.491014,2.261705,2.250831,0.085229,0.007300,11.066362,5.016354,1.226105,1.170563,0.000834,0.000332,1.998172,0.000349,0.635542,0.002302,0.623711,0.000000,0.000000,0.000000,0,0,0.000000,0.000000,0.000000,0.000000,0.000000,0.000000,0.000000,0.000000,0.000000,0.000000,0.000000,0.000000,0.000000,0.000000,0,0,0,0,0,0.000000,0.000000,0.000000,0.000000,0.000000,0.000000,0.000000,0.000000,0,0,0,0,0
916,2,18.003523,0.087938,0.000000,0.000190,0.452359,2.293254,2.282813,0.086809,0.006419,11.197242,4.964752,1.244517,1.187293,0.000712,0.000305,1.885773,0.000329,0.638262,0.002241,0.680393,0.000000,0.000000,0.000000,0,0,0.000000,0.000000,0.000000,0.000000,0.000000,0.000000,0.000000,0.000000,0.000000,0.000000,0.000000,0.000000,0.000000,0.000000,0,0,0,0,0,0.000000,0.000000,0.000000,0.000000,0.000000,0.000000,0.000000,0.000000,0,0,0,0,0
917,2,18.897973,0.338779,0.000000,0.000163,0.510505,2.297418,2.286672,0.085595,0.006297,11.250851,5.093001,1.226980,1.171465,0.000746,0.000298,2.430186,0.000349,0.640669,0.002343,0.622043,0.000000,0.000000,0.000000,0,0,0.000000,0.000000,0.000000,0.000000,0.000000,0.000000,0.000000,0.000000,0.000000,0.000000,0.000000,0.000000,0.000000,0.000000,0,0,0,0,0,0.000000,0.000000,0.000000,0.000000,0.000000,0.000000,0.000000,0.000000,0,0,0,0,0
918,2,18.393511,0.457194,0.000000,0.000190,0.520474,2.262132,2.251461,0.084761,0.006297,11.093116,4.919735,1.226410,1.170712,0.000746,0.000298,1.920719,0.000349,0.712324,0.002363,0.619514,0.000000,0.000000,0.000000,0,0,0.000000,0.000000,0.000000,0.000000,0.000000,0.000000,0.000000,0.000000,0.000000,0.000000,0.000000,0.000000,0.000000,0.000000,0,0,0,0,0,0.000000,0.000000,0.000000,0.000000,0.000000,0.000000,0.000000,0.000000,0,0,0,0,0
919,2,18.734982,0.298754,0.000000,0.000163,0.553840,2.276028,2.265418,0.085615,0.006297,11.162910,5.072771,1.278785,1.219221,0.000712,0.000305,2.329152,0.000349,0.633765,0.002262,0.695123,0.000000,0.000000,0.000000,0,0,0.000000,0.000000,0.000000,0.000000,0.000000,0.000000,0.000000,0.000000,0.000000,0.000000,0.000000,0.000000,0.000000,0.000000,0,0,0,0,0,0.000000,0.000000,0.000000,0.000000,0.000000,0.000000,0.000000,0.000000,0,0,0,0,0
920,2,18.529863,0.423055,0.000000,0.000197,0.471625,2.362122,2.351376,0.087162,0.006378,11.204892,5.054593,1.230479,1.139608,0.000746,0.000298,1.995439,0.000349,0.638411,0.002302,0.624159,0.000000,0.000000,0.000000,0,0,0.000000,0.000000,0.000000,0.000000,0.000000,0.000000,0.000000,0.000000,0.000000,0.000000,0.000000,0.000000,0.000000,0.000000,0,0,0,0,0,0.000000,0.000000,0.000000,0.000000,0.000000,0.000000,0.000000,0.000000,0,0,0,0,0
921,2,18.834693,0.300395,0.000000,0.000163,0.514737,2.315864,2.305233,0.086653,0.006426,11.194994,5.088474,1.260454,1.201942,0.000793,0.000475,2.407861,0.000349,0.636742,0.002424,0.663954,0.000000,0.000000,0.000000,0,0,0.000000,0.000000,0.000000,0.000000,0.000000,0.000000,0.000000,0.000000,0.000000,0.000000,0.000000,0.000000,0.000000,0.000000,0,0,0,0,0,0.000000,0.000000,0.000000,0.000000,0.000000,0.000000,0.000000,0.000000,0,0,0,0,0
922,2,18.157433,0.125841,0.000000,0.000190,0.491543,2.245592,2.234717,0.085758,0.006337,11.198239,5.066871,1.274200,1.216387,0.000787,0.000298,1.978309,0.000349,0.641503,0.002241,0.665846,0.000000,0.000000,0.000000,0,0,0.000000,0.000000,0.000000,0.000000,0.000000,0.000000,0.000000,0.000000,0.000000,0.000000,0.000000,0.000000,0.000000,0.000000,0,0,0,0,0,0.000000,0.000000,0.000000,0.000000,0.000000,0.000000,0.000000,0.000000,0,0,0,0,0
923,2,18.453311,0.003635,0.000000,0.000163,0.446560,2.335192,2.324521,0.086002,0.007585,11.201982,5.032942,1.227631,1.171899,0.000746,0.000298,2.356367,0.000329,0.637190,0.040897,0.616998,0.000000,0.000000,0.000000,0,0,0.000000,0.000000,0.000000,0.000000,0.000000,0.000000,0.000000,0.000000,0.000000,0.000000,0.000000,0.000000,0.000000,0.000000,0,0,0,0,0,0.000000,0.000000,0.000000,0.000000,0.000000,0.000000,0.000000,0.000000,0,0,0,0,0
924,2,18.486996,0.088718,0.000000,0.000197,0.455451,2.261644,2.250668,0.086429,0.006460,11.190019,5.009009,1.225962,1.135512,0.000746,0.000298,2.384009,0.000349,0.677514,0.002302,0.617262,0.000000,0.000000,0.000000,0,0,0.000000,0.000000,0.000000,0.000000,0.000000,0.000000,0.000000,0.000000,0.000000,0.000000,0.000000,0.000000,0.000000,0.000000,0,0,0,0,0,0.000000,0.000000,0.000000,0.000000,0.000000,0.000000,0.000000,0.000000,0,0,0,0,0
925,2,18.480933,0.003811,0.000000,0.000203,0.464281,2.326138,2.315670,0.085798,0.006317,11.242062,4.964437,1.232330,1.175025,0.000746,0.000298,2.329654,0.000349,0.680884,0.002255,0.656304,0.000000,0.000000,0.000000,0,0,0.000000,0.000000,0.000000,0.000000,0.000000,0.000000,0.000000,0.000000,0.000000,0.000000,0.000000,0.000000,0.000000,0.000000,0,0,0,0,0,0.000000,0.000000,0.000000,0.000000,0.000000,0.000000,0.000000,0.000000,0,0,0,0,0
926,2,18.109534,0.126343,0.000000,0.000190,0.413642,2.328315,2.317624,0.085534,0.006324,11.196835,5.023441,1.230994,1.174659,0.000746,0.000298,1.931563,0.000465,0.679399,0.002282,0.618300,0.000000,0.000000,0.000000,0,0,0.000000,0.000000,0.000000,0.000000,0.000000,0.000000,0.000000,0.000000,0.000000,0.000000,0.000000,0.000000,0.000000,0.000000,0,0,0,0,0,0.000000,0.000000,0.000000,0.000000,0.000000,0.000000,0.000000,0.000000,0,0,0,0,0
927,2,17.946367,0.003750,0.000000,0.000190,0.449185,2.278470,2.268002,0.086450,0.006500,11.162123,5.179860,1.258338,1.198897,0.000793,0.000475,1.924238,0.000349,0.667362,0.040012,0.617635,0.000000,0.000000,0.000000,0,0,0.000000,0.000000,0.000000,0.000000,0.000000,0.000000,0.000000,0.000000,0.000000,0.000000,0.000000,0.000000,0.000000,0.000000,0,0,0,0,0,0.000000,0.000000,0.000000,0.000000,0.000000,0.000000,0.000000,0.000000,0,0,0,0,0
928,2,18.116113,0.123400,0.000000,0.000190,0.453193,2.262255,2.251665,0.085934,0.006297,11.266791,5.070296,1.192624,1.136861,0.000766,0.000298,1.911787,0.000342,0.703820,0.002384,0.620917,0.000000,0.000000,0.000000,0,0,0.000000,0.000000,0.000000,0.000000,0.000000,0.000000,0.000000,0.000000,0.000000,0.000000,0.000000,0.000000,0.000000,0.000000,0,0,0,0,0,0.000000,0.000000,0.000000,0.000000,0.000000,0.000000,0.000000,0.000000,0,0,0,0,0
929,2,19.429548,0.003750,0.000000,0.000163,0.457425,2.364488,2.354021,1.949053,0.011132,5.956584,5.025113,2.083635,0.991052,0.000773,0.000305,1.946645,0.000349,0.643531,0.002343,0.623569,0.000000,0.000000,0.000000,0,0,0.000000,0.000000,0.000000,0.000000,0.000000,0.000000,0.000000,0.000000,0.000000,0.000000,0.000000,0.000000,0.000000,0.000000,0,0,0,0,0,0.000000,0.000000,0.000000,0.000000,0.000000,0.000000,0.000000,0.000000,0,0,0,0,0
930,2,18.936486,0.427273,0.000000,0.000190,0.580207,2.289212,2.278602,0.087911,0.006439,11.182421,5.063419,1.279293,1.219052,0.000868,0.000298,2.336083,0.000349,0.631629,0.002363,0.638360,0.000000,0.000000,0.000000,0,0,0.000000,0.000000,0.000000,0.000000,0.000000,0.000000,0.000000,0.000000,0.000000,0.000000,0.000000,0.000000,0.000000,0.000000,0,0,0,0,0,0.000000,0.000000,0.000000,0.000000,0.000000,0.000000,0.000000,0.000000,0,0,0,0,0
931,2,18.954430,0.343553,0.000000,0.000210,0.532254,2.240506,2.229875,2.061642,0.010874,5.983955,5.060021,1.279850,1.221073,0.000712,0.000305,1.976084,0.000349,0.634620,0.002262,0.622776,0.000000,0.000000,0.000000,0,0,0.000000,0.000000,0.000000,0.000000,0.000000,0.000000,0.000000,0.000000,0.000000,0.000000,0.000000,0.000000,0.000000,0.000000,0,0,0,0,0,0.000000,0.000000,0.000000,0.000000,0.000000,0.000000,0.000000,0.000000,0,0,0,0,0
932,2,18.870521,0.428101,0.000000,0.000190,0.526964,2.227139,2.216495,0.084900,0.008094,11.111772,5.228085,1.225087,1.169980,0.000746,0.000420,2.432824,0.000349,0.668379,0.002262,0.623406,0.000000,0.000000,0.000000,0,0,0.000000,0.000000,0.000000,0.000000,0.000000,0.000000,0.000000,0.000000,0.000000,0.000000,0.000000,0.000000,0.000000,0.000000,0,0,0,0,0,0.000000,0.000000,0.000000,0.000000,0.000000,0.000000,0.000000,0.000000,0,0,0,0,0
933,2,18.813643,0.336785,0.000000,0.000163,0.552700,2.271105,2.260332,1.955461,0.011098,5.924344,4.923245,1.228899,1.172116,0.000746,0.000298,1.878543,0.000349,0.695763,0.002302,0.616509,0.000000,0.000000,0.000000,0,0,0.000000,0.000000,0.000000,0.000000,0.000000,0.000000,0.000000,0.000000,0.000000,0.000000,0.000000,0.000000,0.000000,0.000000,0,0,0,0,0,0.000000,0.000000,0.000000,0.000000,0.000000,0.000000,0.000000,0.000000,0,0,0,0,0
934,2,18.378821,0.427260,0.000000,0.000197,0.532111,2.254584,2.244036,0.085205,0.006378,11.131904,5.034061,1.196347,1.142751,0.000766,0.000298,1.989322,0.000342,0.639143,0.002445,0.623854,0.000000,0.000000,0.000000,0,0,0.000000,0.000000,0.000000,0.000000,0.000000,0.000000,0.000000,0.000000,0.000000,0.000000,0.000000,0.000000,0.000000,0.000000,0,0,0,0,0,0.000000,0.000000,0.000000,0.000000,0.000000,0.000000,0.000000,0.000000,0,0,0,0,0
935,2,19.239607,0.339735,0.000000,0.000163,0.512906,2.277371,2.266680,2.021400,0.010993,5.930888,5.076084,1.236881,1.147437,0.000692,0.000305,2.340797,0.000342,0.635454,0.002363,0.650547,0.000000,0.000000,0.000000,0,0,0.000000,0.000000,0.000000,0.000000,0.000000,0.000000,0.000000,0.000000,0.000000,0.000000,0.000000,0.000000,0.000000,0.000000,0,0,0,0,0,0.000000,0.000000,0.000000,0.000000,0.000000,0.000000,0.000000,0.000000,0,0,0,0,0
936,2,18.866174,0.460253,0.000000,0.000190,0.520616,2.279243,2.268633,0.085368,0.006426,11.098161,5.046895,1.227915,1.135820,0.000766,0.000298,2.355187,0.000349,0.716495,0.002241,0.618890,0.000000,0.000000,0.000000,0,0,0.000000,0.000000,0.000000,0.000000,0.000000,0.000000,0.000000,0.000000,0.000000,0.000000,0.000000,0.000000,0.000000,0.000000,0,0,0,0,0,0.000000,0.000000,0.000000,0.000000,0.000000,0.000000,0.000000,0.000000,0,0,0,0,0
937,2,18.761953,0.299710,0.000000,0.000210,0.572923,2.299527,2.289161,1.952321,0.010929,5.909736,4.906308,1.235050,1.178769,0.000766,0.000298,1.878075,0.000349,0.635718,0.002262,0.706862,0.000000,0.000000,0.000000,0,0,0.000000,0.000000,0.000000,0.000000,0.000000,0.000000,0.000000,0.000000,0.000000,0.000000,0.000000,0.000000,0.000000,0.000000,0,0,0,0,0,0.000000,0.000000,0.000000,0.000000,0.000000,0.000000,0.000000,0.000000,0,0,0,0,0
938,2,18.911828,0.422635,0.000000,0.000190,0.470425,2.283881,2.273312,0.086500,0.006385,11.224809,5.002011,1.229238,1.173316,0.000766,0.000298,2.396040,0.000349,0.675500,0.002363,0.619514,0.000000,0.000000,0.000000,0,0,0.000000,0.000000,0.000000,0.000000,0.000000,0.000000,0.000000,0.000000,0.000000,0.000000,0.000000,0.000000,0.000000,0.000000,0,0,0,0,0,0.000000,0.000000,0.000000,0.000000,0.000000,0.000000,0.000000,0.000000,0,0,0,0,0
939,2,19.350298,0.302110,0.000000,0.000190,0.557929,2.254442,2.243995,2.004717,0.011074,5.933431,4.986233,1.243120,1.185001,0.000692,0.000305,2.406362,0.000349,0.674557,0.002262,0.617974,0.000000,0.000000,0.000000,0,0,0.000000,0.000000,0.000000,0.000000,0.000000,0.000000,0.000000,0.000000,0.000000,0.000000,0.000000,0.000000,0.000000,0.000000,0,0,0,0,0,0.000000,0.000000,0.000000,0.000000,0.000000,0.000000,0.000000,0.000000,0,0,0,0,0
940,2,18.176110,0.127001,0.000000,0.000190,0.421678,2.337511,2.326799,0.086589,0.006541,11.196886,5.039127,1.192888,1.136749,0.000726,0.000298,2.010759,0.000349,0.638614,0.002282,0.623020,0.000000,0.000000,0.000000,0,0,0.000000,0.000000,0.000000,0.000000,0.000000,0.000000,0.000000,0.000000,0.000000,0.000000,0.000000,0.000000,0.000000,0.000000,0,0,0,0,0,0.000000,0.000000,0.000000,0.000000,0.000000,0.000000,0.000000,0.000000,0,0,0,0,0
941,2,18.648373,0.003852,0.000000,0.000163,0.476834,2.303697,2.292843,2.017819,0.010952,5.959717,5.031152,1.276893,1.189436,0.000712,0.000305,1.975650,0.000349,0.636783,0.002296,0.663628,0.000000,0.000000,0.000000,0,0,0.000000,0.000000,0.000000,0.000000,0.000000,0.000000,0.000000,0.000000,0.000000,0.000000,0.000000,0.000000,0.000000,0.000000,0,0,0,0,0,0.000000,0.000000,0.000000,0.000000,0.000000,0.000000,0.000000,0.000000,0,0,0,0,0
942,2,18.061913,0.087531,0.000000,0.000190,0.462694,2.313890,2.303219,0.085246,0.006439,11.177324,5.094330,1.260529,1.202844,0.000936,0.000305,1.911611,0.000349,0.640242,0.002363,0.662916,0.000000,0.000000,0.000000,0,0,0.000000,0.000000,0.000000,0.000000,0.000000,0.000000,0.000000,0.000000,0.000000,0.000000,0.000000,0.000000,0.000000,0.000000,0,0,0,0,0,0.000000,0.000000,0.000000,0.000000,0.000000,0.000000,0.000000,0.000000,0,0,0,0,0
943,2,18.554420,0.003689,0.000000,0.000163,0.467129,2.267381,2.256853,2.003435,0.011129,5.986192,5.086080,1.243262,1.185137,0.000712,0.000305,1.969242,0.000349,0.658105,0.002282,0.657545,0.000000,0.000000,0.000000,0,0,0.000000,0.000000,0.000000,0.000000,0.000000,0.000000,0.000000,0.000000,0.000000,0.000000,0.000000,0.000000,0.000000,0.000000,0,0,0,0,0,0.000000,0.000000,0.000000,0.000000,0.000000,0.000000,0.000000,0.000000,0,0,0,0,0
944,2,19.698910,0.087708,0.000000,0.000190,0.501024,2.286018,2.275374,0.083476,0.006222,11.335866,5.074805,1.199677,1.146027,0.000766,0.000298,2.328963,0.000349,0.675032,0.002282,0.617628,0.000000,0.000000,0.000000,0,0,0.000000,0.000000,0.000000,0.000000,0.000000,0.000000,0.000000,0.000000,0.000000,0.000000,0.000000,0.000000,0.000000,0.000000,0,0,0,0,0,0.000000,0.000000,0.000000,0.000000,0.000000,0.000000,0.000000,0.000000,0,0,0,0,0
945,2,18.339149,0.343750,0.000000,0.000210,0.566128,2.235480,2.224809,0.085432,0.008148,11.084327,5.132311,1.225840,1.170570,0.000766,0.000298,2.002533,0.000349,0.636186,0.002262,0.620517,0.000000,0.000000,0.000000,0,0,0.000000,0.000000,0.000000,0.000000,0.000000,0.000000,0.000000,0.000000,0.000000,0.000000,0.000000,0.000000,0.000000,0.000000,0,0,0,0,0,0.000000,0.000000,0.000000,0.000000,0.000000,0.000000,0.000000,0.000000,0,0,0,0,0
946,2,18.924496,0.430644,0.000000,0.000190,0.513597,2.317288,2.306719,0.127953,0.007300,11.043393,5.126302,1.264231,1.207191,0.000746,0.000298,2.442240,0.000349,0.636905,0.002384,0.620232,0.000000,0.000000,0.000000,0,0,0.000000,0.000000,0.000000,0.000000,0.000000,0.000000,0.000000,0.000000,0.000000,0.000000,0.000000,0.000000,0.000000,0.000000,0,0,0,0,0,0.000000,0.000000,0.000000,0.000000,0.000000,0.000000,0.000000,0.000000,0,0,0,0,0
947,2,18.368486,0.336107,0.000000,0.000163,0.509732,2.274339,2.263689,0.085249,0.006446,11.180925,5.035241,1.225962,1.135352,0.000746,0.000298,1.928789,0.000349,0.710188,0.002323,0.619785,0.000000,0.000000,0.000000,0,0,0.000000,0.000000,0.000000,0.000000,0.000000,0.000000,0.000000,0.000000,0.000000,0.000000,0.000000,0.000000,0.000000,0.000000,0,0,0,0,0,0.000000,0.000000,0.000000,0.000000,0.000000,0.000000,0.000000,0.000000,0,0,0,0,0
948,2,18.709368,0.422994,0.000000,0.000190,0.573249,2.229194,2.218767,0.085188,0.006344,11.089840,5.000471,1.233978,1.176619,0.000766,0.000298,2.317895,0.000349,0.639665,0.002363,0.701328,0.000000,0.000000,0.000000,0,0,0.000000,0.000000,0.000000,0.000000,0.000000,0.000000,0.000000,0.000000,0.000000,0.000000,0.000000,0.000000,0.000000,0.000000,0,0,0,0,0,0.000000,0.000000,0.000000,0.000000,0.000000,0.000000,0.000000,0.000000,0,0,0,0,0
949,2,18.824873,0.336839,0.000000,0.000163,0.510973,2.331265,2.320553,0.085819,0.006344,11.239248,5.100708,1.202694,1.147539,0.000807,0.000298,2.327152,0.000349,0.674381,0.002282,0.767205,0.000000,0.000000,0.000000,0,0,0.000000,0.000000,0.000000,0.000000,0.000000,0.000000,0.000000,0.000000,0.000000,0.000000,0.000000,0.000000,0.000000,0.000000,0,0,0,0,0,0.000000,0.000000,0.000000,0.000000,0.000000,0.000000,0.000000,0.000000,0,0,0,0,0
950,2,18.581343,0.423652,0.000000,0.000190,0.511644,2.277574,2.266802,0.085331,0.006487,11.291094,5.103912,1.227983,1.130130,0.000746,0.000298,2.011742,0.000349,0.635230,0.002363,0.621006,0.000000,0.000000,0.000000,0,0,0.000000,0.000000,0.000000,0.000000,0.000000,0.000000,0.000000,0.000000,0.000000,0.000000,0.000000,0.000000,0.000000,0.000000,0,0,0,0,0,0.000000,0.000000,0.000000,0.000000,0.000000,0.000000,0.000000,0.000000,0,0,0,0,0
951,2,18.824866,0.341858,0.000000,0.000210,0.510017,2.286411,2.275869,0.085331,0.006460,11.159858,5.002689,1.267697,1.184099,0.000692,0.000305,2.381765,0.000349,0.675418,0.002323,0.661899,0.000000,0.000000,0.000000,0,0,0.000000,0.000000,0.000000,0.000000,0.000000,0.000000,0.000000,0.000000,0.000000,0.000000,0.000000,0.000000,0.000000,0.000000,0,0,0,0,0,0.000000,0.000000,0.000000,0.000000,0.000000,0.000000,0.000000,0.000000,0,0,0,0,0
952,2,18.822595,0.387031,0.000000,0.000190,0.608283,2.229397,2.218808,0.085188,0.006337,11.167538,4.929304,1.272268,1.213355,0.000746,0.000298,2.321292,0.000349,0.634762,0.002262,0.701898,0.000000,0.000000,0.000000,0,0,0.000000,0.000000,0.000000,0.000000,0.000000,0.000000,0.000000,0.000000,0.000000,0.000000,0.000000,0.000000,0.000000,0.000000,0,0,0,0,0,0.000000,0.000000,0.000000,0.000000,0.000000,0.000000,0.000000,0.000000,0,0,0,0,0
953,2,18.374508,0.301758,0.000000,0.000190,0.518907,2.334256,2.323564,0.085208,0.006432,11.121762,5.029551,1.244239,1.186167,0.000712,0.000305,1.979719,0.000349,0.639950,0.002241,0.662042,0.000000,0.000000,0.000000,0,0,0.000000,0.000000,0.000000,0.000000,0.000000,0.000000,0.000000,0.000000,0.000000,0.000000,0.000000,0.000000,0.000000,0.000000,0,0,0,0,0,0.000000,0.000000,0.000000,0.000000,0.000000,0.000000,0.000000,0.000000,0,0,0,0,0
954,2,18.437076,0.429159,0.000000,0.000197,0.552456,2.242967,2.232378,0.127201,0.006392,11.174157,5.005293,1.234406,1.177622,0.000746,0.000298,1.928158,0.000349,0.632165,0.002302,0.781243,0.000000,0.000000,0.000000,0,0,0.000000,0.000000,0.000000,0.000000,0.000000,0.000000,0.000000,0.000000,0.000000,0.000000,0.000000,0.000000,0.000000,0.000000,0,0,0,0,0,0.000000,0.000000,0.000000,0.000000,0.000000,0.000000,0.000000,0.000000,0,0,0,0,0
955,2,17.936378,0.003669,0.000000,0.000163,0.457533,2.284817,2.274065,0.124535,0.006337,11.088009,5.081573,1.271745,1.174008,0.000746,0.000298,1.956282,0.000349,0.633786,0.002323,0.615004,0.000000,0.000000,0.000000,0,0,0.000000,0.000000,0.000000,0.000000,0.000000,0.000000,0.000000,0.000000,0.000000,0.000000,0.000000,0.000000,0.000000,0.000000,0,0,0,0,0,0.000000,0.000000,0.000000,0.000000,0.000000,0.000000,0.000000,0.000000,0,0,0,0,0
956,2,18.130761,0.087877,0.000000,0.000190,0.453315,2.327644,2.317074,0.085656,0.006324,11.239926,5.042416,1.230425,1.173757,0.000766,0.000298,1.915124,0.000349,0.674015,0.002282,0.616815,0.000000,0.000000,0.000000,0,0,0.000000,0.000000,0.000000,0.000000,0.000000,0.000000,0.000000,0.000000,0.000000,0.000000,0.000000,0.000000,0.000000,0.000000,0,0,0,0,0,0.000000,0.000000,0.000000,0.000000,0.000000,0.000000,0.000000,0.000000,0,0,0,0,0
957,2,18.511234,0.003696,0.000000,0.000163,0.458327,2.316060,2.305417,0.085737,0.006378,11.247464,5.008148,1.242388,1.183394,0.000699,0.000305,2.365428,0.000349,0.676205,0.002282,0.661024,0.000000,0.000000,0.000000,0,0,0.000000,0.000000,0.000000,0.000000,0.000000,0.000000,0.000000,0.000000,0.000000,0.000000,0.000000,0.000000,0.000000,0.000000,0,0,0,0,0,0.000000,0.000000,0.000000,0.000000,0.000000,0.000000,0.000000,0.000000,0,0,0,0,0
958,2,18.054196,0.087646,0.000000,0.000203,0.485847,2.277696,2.266951,0.085453,0.006324,11.206682,5.098619,1.235240,1.178368,0.000709,0.000298,1.890364,0.000349,0.637265,0.002343,0.698764,0.000000,0.000000,0.000000,0,0,0.000000,0.000000,0.000000,0.000000,0.000000,0.000000,0.000000,0.000000,0.000000,0.000000,0.000000,0.000000,0.000000,0.000000,0,0,0,0,0,0.000000,0.000000,0.000000,0.000000,0.000000,0.000000,0.000000,0.000000,0,0,0,0,0
959,2,18.760868,0.343330,0.000000,0.000163,0.572354,2.245694,2.235070,0.084944,0.007952,11.092872,5.094452,1.226939,1.171872,0.000746,0.000298,2.358985,0.000342,0.676721,0.002363,0.654717,0.000000,0.000000,0.000000,0,0,0.000000,0.000000,0.000000,0.000000,0.000000,0.000000,0.000000,0.000000,0.000000,0.000000,0.000000,0.000000,0.000000,0.000000,0,0,0,0,0,0.000000,0.000000,0.000000,0.000000,0.000000,0.000000,0.000000,0.000000,0,0,0,0,0
