mtllib village-flat.mtl
o village-tavern
v -2.075000 1.000000 0.000000
v -2.125000 1.000000 0.000000
v -2.125000 0.000000 0.000000
v -2.075000 0.000000 0.000000
v -2.075000 0.250000 0.000000
v -2.075000 0.650000 0.000000
v -2.075000 1.000000 -1.000000
v -2.125000 1.000000 -1.000000
v -2.125000 0.000000 -1.000000
v -2.075000 0.000000 -1.000000
v -2.075000 0.175000 -1.000000
v -2.075000 0.550000 -1.000000
v -2.075000 1.000000 -0.800000
v -2.075000 1.000000 -0.325000
v -2.075000 0.000000 -0.600000
v -2.075000 0.000000 -0.250000
v -2.068750 0.625000 -0.025000
v -2.068750 0.275000 -0.025000
v -2.075000 0.250000 -0.250000
v -2.068750 0.275000 -0.425000
v -2.075000 0.250000 -0.450000
v -2.075000 0.650000 -0.450000
v -2.068750 0.625000 -0.425000
v -2.075000 0.650000 -0.325000
v -2.075000 0.175000 -0.450000
v -2.068750 0.625000 -0.475000
v -2.068750 0.200000 -0.475000
v -2.075000 0.175000 -0.600000
v -2.068750 0.200000 -0.775000
v -2.075000 0.175000 -0.800000
v -2.075000 0.550000 -0.800000
v -2.068750 0.625000 -0.775000
v -2.075000 0.650000 -0.800000
v -2.068750 0.675000 -0.350000
v -2.068750 0.675000 -0.775000
v -2.068750 0.975000 -0.775000
v -2.068750 0.975000 -0.350000
v -2.068750 0.975000 -0.975000
v -2.068750 0.975000 -0.825000
v -2.068750 0.575000 -0.825000
v -2.068750 0.575000 -0.975000
v -2.068750 0.975000 -0.300000
v -2.068750 0.975000 -0.025000
v -2.068750 0.675000 -0.025000
v -2.068750 0.675000 -0.300000
v -2.068750 0.025000 -0.975000
v -2.068750 0.150000 -0.975000
v -2.068750 0.150000 -0.625000
v -2.068750 0.025000 -0.625000
v -2.068750 0.150000 -0.425000
v -2.068750 0.150000 -0.575000
v -2.068750 0.025000 -0.575000
v -2.068750 0.025000 -0.275000
v -2.068750 0.225000 -0.275000
v -2.068750 0.225000 -0.425000
v -2.068750 0.525000 -0.825000
v -2.068750 0.200000 -0.825000
v -2.068750 0.200000 -0.975000
v -2.068750 0.525000 -0.975000
v -2.068750 0.225000 -0.025000
v -2.068750 0.025000 -0.025000
v -2.068750 0.025000 -0.225000
v -2.068750 0.225000 -0.225000
v 2.075000 1.000000 -1.000000
v 2.125000 1.000000 -1.000000
v 2.125000 0.000000 -1.000000
v 2.075000 0.000000 -1.000000
v 2.075000 0.250000 -1.000000
v 2.075000 0.650000 -1.000000
v 2.075000 1.000000 0.000000
v 2.125000 1.000000 0.000000
v 2.125000 0.000000 0.000000
v 2.075000 0.000000 0.000000
v 2.075000 0.175000 0.000000
v 2.075000 0.550000 0.000000
v 2.075000 1.000000 -0.200000
v 2.075000 1.000000 -0.675000
v 2.075000 0.000000 -0.400000
v 2.075000 0.000000 -0.750000
v 2.068750 0.625000 -0.975000
v 2.068750 0.275000 -0.975000
v 2.075000 0.250000 -0.750000
v 2.068750 0.275000 -0.575000
v 2.075000 0.250000 -0.550000
v 2.075000 0.650000 -0.550000
v 2.068750 0.625000 -0.575000
v 2.075000 0.650000 -0.675000
v 2.075000 0.175000 -0.550000
v 2.068750 0.625000 -0.525000
v 2.068750 0.200000 -0.525000
v 2.075000 0.175000 -0.400000
v 2.068750 0.200000 -0.225000
v 2.075000 0.175000 -0.200000
v 2.075000 0.550000 -0.200000
v 2.068750 0.625000 -0.225000
v 2.075000 0.650000 -0.200000
v 2.068750 0.675000 -0.650000
v 2.068750 0.675000 -0.225000
v 2.068750 0.975000 -0.225000
v 2.068750 0.975000 -0.650000
v 2.068750 0.975000 -0.025000
v 2.068750 0.975000 -0.175000
v 2.068750 0.575000 -0.175000
v 2.068750 0.575000 -0.025000
v 2.068750 0.975000 -0.700000
v 2.068750 0.975000 -0.975000
v 2.068750 0.675000 -0.975000
v 2.068750 0.675000 -0.700000
v 2.068750 0.025000 -0.025000
v 2.068750 0.150000 -0.025000
v 2.068750 0.150000 -0.375000
v 2.068750 0.025000 -0.375000
v 2.068750 0.150000 -0.575000
v 2.068750 0.150000 -0.425000
v 2.068750 0.025000 -0.425000
v 2.068750 0.025000 -0.725000
v 2.068750 0.225000 -0.725000
v 2.068750 0.225000 -0.575000
v 2.068750 0.525000 -0.175000
v 2.068750 0.200000 -0.175000
v 2.068750 0.200000 -0.025000
v 2.068750 0.525000 -0.025000
v 2.068750 0.225000 -0.975000
v 2.068750 0.025000 -0.975000
v 2.068750 0.025000 -0.775000
v 2.068750 0.225000 -0.775000
v -2.075000 1.000000 1.000000
v -2.125000 1.000000 1.000000
v -2.125000 0.000000 1.000000
v -2.075000 0.000000 1.000000
v -2.075000 0.250000 1.000000
v -2.075000 0.650000 1.000000
v -2.075000 1.000000 0.000000
v -2.125000 1.000000 0.000000
v -2.125000 0.000000 0.000000
v -2.075000 0.000000 0.000000
v -2.075000 0.175000 0.000000
v -2.075000 0.550000 0.000000
v -2.075000 1.000000 0.200000
v -2.075000 1.000000 0.675000
v -2.075000 0.000000 0.400000
v -2.075000 0.000000 0.750000
v -2.068750 0.625000 0.975000
v -2.068750 0.275000 0.975000
v -2.075000 0.250000 0.750000
v -2.068750 0.275000 0.575000
v -2.075000 0.250000 0.550000
v -2.075000 0.650000 0.550000
v -2.068750 0.625000 0.575000
v -2.075000 0.650000 0.675000
v -2.075000 0.175000 0.550000
v -2.068750 0.625000 0.525000
v -2.068750 0.200000 0.525000
v -2.075000 0.175000 0.400000
v -2.068750 0.200000 0.225000
v -2.075000 0.175000 0.200000
v -2.075000 0.550000 0.200000
v -2.068750 0.625000 0.225000
v -2.075000 0.650000 0.200000
v -2.068750 0.675000 0.650000
v -2.068750 0.675000 0.225000
v -2.068750 0.975000 0.225000
v -2.068750 0.975000 0.650000
v -2.068750 0.975000 0.025000
v -2.068750 0.975000 0.175000
v -2.068750 0.575000 0.175000
v -2.068750 0.575000 0.025000
v -2.068750 0.975000 0.700000
v -2.068750 0.975000 0.975000
v -2.068750 0.675000 0.975000
v -2.068750 0.675000 0.700000
v -2.068750 0.025000 0.025000
v -2.068750 0.150000 0.025000
v -2.068750 0.150000 0.375000
v -2.068750 0.025000 0.375000
v -2.068750 0.150000 0.575000
v -2.068750 0.150000 0.425000
v -2.068750 0.025000 0.425000
v -2.068750 0.025000 0.725000
v -2.068750 0.225000 0.725000
v -2.068750 0.225000 0.575000
v -2.068750 0.525000 0.175000
v -2.068750 0.200000 0.175000
v -2.068750 0.200000 0.025000
v -2.068750 0.525000 0.025000
v -2.068750 0.225000 0.975000
v -2.068750 0.025000 0.975000
v -2.068750 0.025000 0.775000
v -2.068750 0.225000 0.775000
v 2.075000 1.000000 0.000000
v 2.125000 1.000000 0.000000
v 2.125000 0.000000 0.000000
v 2.075000 0.000000 0.000000
v 2.075000 0.250000 0.000000
v 2.075000 0.650000 0.000000
v 2.075000 1.000000 1.000000
v 2.125000 1.000000 1.000000
v 2.125000 0.000000 1.000000
v 2.075000 0.000000 1.000000
v 2.075000 0.175000 1.000000
v 2.075000 0.550000 1.000000
v 2.075000 1.000000 0.800000
v 2.075000 1.000000 0.325000
v 2.075000 0.000000 0.600000
v 2.075000 0.000000 0.250000
v 2.068750 0.625000 0.025000
v 2.068750 0.275000 0.025000
v 2.075000 0.250000 0.250000
v 2.068750 0.275000 0.425000
v 2.075000 0.250000 0.450000
v 2.075000 0.650000 0.450000
v 2.068750 0.625000 0.425000
v 2.075000 0.650000 0.325000
v 2.075000 0.175000 0.450000
v 2.068750 0.625000 0.475000
v 2.068750 0.200000 0.475000
v 2.075000 0.175000 0.600000
v 2.068750 0.200000 0.775000
v 2.075000 0.175000 0.800000
v 2.075000 0.550000 0.800000
v 2.068750 0.625000 0.775000
v 2.075000 0.650000 0.800000
v 2.068750 0.675000 0.350000
v 2.068750 0.675000 0.775000
v 2.068750 0.975000 0.775000
v 2.068750 0.975000 0.350000
v 2.068750 0.975000 0.975000
v 2.068750 0.975000 0.825000
v 2.068750 0.575000 0.825000
v 2.068750 0.575000 0.975000
v 2.068750 0.975000 0.300000
v 2.068750 0.975000 0.025000
v 2.068750 0.675000 0.025000
v 2.068750 0.675000 0.300000
v 2.068750 0.025000 0.975000
v 2.068750 0.150000 0.975000
v 2.068750 0.150000 0.625000
v 2.068750 0.025000 0.625000
v 2.068750 0.150000 0.425000
v 2.068750 0.150000 0.575000
v 2.068750 0.025000 0.575000
v 2.068750 0.025000 0.275000
v 2.068750 0.225000 0.275000
v 2.068750 0.225000 0.425000
v 2.068750 0.525000 0.825000
v 2.068750 0.200000 0.825000
v 2.068750 0.200000 0.975000
v 2.068750 0.525000 0.975000
v 2.068750 0.225000 0.025000
v 2.068750 0.025000 0.025000
v 2.068750 0.025000 0.225000
v 2.068750 0.225000 0.225000
v -1.245000 1.000000 -1.000000
v -1.245000 1.000000 -0.950000
v -1.245000 0.000000 -0.950000
v -1.245000 0.000000 -1.000000
v -1.245000 0.250000 -1.000000
v -1.245000 0.650000 -1.000000
v -2.075000 1.000000 -1.000000
v -2.075000 1.000000 -0.950000
v -2.075000 0.000000 -0.950000
v -2.075000 0.000000 -1.000000
v -2.075000 0.175000 -1.000000
v -2.075000 0.550000 -1.000000
v -1.909000 1.000000 -1.000000
v -1.514750 1.000000 -1.000000
v -1.743000 0.000000 -1.000000
v -1.452500 0.000000 -1.000000
v -1.265750 0.625000 -1.006250
v -1.265750 0.275000 -1.006250
v -1.452500 0.250000 -1.000000
v -1.597750 0.275000 -1.006250
v -1.618500 0.250000 -1.000000
v -1.618500 0.650000 -1.000000
v -1.597750 0.625000 -1.006250
v -1.514750 0.650000 -1.000000
v -1.618500 0.175000 -1.000000
v -1.639250 0.625000 -1.006250
v -1.639250 0.200000 -1.006250
v -1.743000 0.175000 -1.000000
v -1.888250 0.200000 -1.006250
v -1.909000 0.175000 -1.000000
v -1.909000 0.550000 -1.000000
v -1.888250 0.625000 -1.006250
v -1.909000 0.650000 -1.000000
v -1.535500 0.675000 -1.006250
v -1.888250 0.675000 -1.006250
v -1.888250 0.975000 -1.006250
v -1.535500 0.975000 -1.006250
v -2.054250 0.975000 -1.006250
v -1.929750 0.975000 -1.006250
v -1.929750 0.575000 -1.006250
v -2.054250 0.575000 -1.006250
v -1.494000 0.975000 -1.006250
v -1.265750 0.975000 -1.006250
v -1.265750 0.675000 -1.006250
v -1.494000 0.675000 -1.006250
v -2.054250 0.025000 -1.006250
v -2.054250 0.150000 -1.006250
v -1.763750 0.150000 -1.006250
v -1.763750 0.025000 -1.006250
v -1.597750 0.150000 -1.006250
v -1.722250 0.150000 -1.006250
v -1.722250 0.025000 -1.006250
v -1.473250 0.025000 -1.006250
v -1.473250 0.225000 -1.006250
v -1.597750 0.225000 -1.006250
v -1.929750 0.525000 -1.006250
v -1.929750 0.200000 -1.006250
v -2.054250 0.200000 -1.006250
v -2.054250 0.525000 -1.006250
v -1.265750 0.225000 -1.006250
v -1.265750 0.025000 -1.006250
v -1.431750 0.025000 -1.006250
v -1.431750 0.225000 -1.006250
v -2.075000 1.000000 1.000000
v -2.075000 1.000000 0.950000
v -2.075000 0.000000 0.950000
v -2.075000 0.000000 1.000000
v -2.075000 0.250000 1.000000
v -2.075000 0.650000 1.000000
v -1.245000 1.000000 1.000000
v -1.245000 1.000000 0.950000
v -1.245000 0.000000 0.950000
v -1.245000 0.000000 1.000000
v -1.245000 0.175000 1.000000
v -1.245000 0.550000 1.000000
v -1.411000 1.000000 1.000000
v -1.805250 1.000000 1.000000
v -1.577000 0.000000 1.000000
v -1.867500 0.000000 1.000000
v -2.054250 0.625000 1.006250
v -2.054250 0.275000 1.006250
v -1.867500 0.250000 1.000000
v -1.722250 0.275000 1.006250
v -1.701500 0.250000 1.000000
v -1.701500 0.650000 1.000000
v -1.722250 0.625000 1.006250
v -1.805250 0.650000 1.000000
v -1.701500 0.175000 1.000000
v -1.680750 0.625000 1.006250
v -1.680750 0.200000 1.006250
v -1.577000 0.175000 1.000000
v -1.431750 0.200000 1.006250
v -1.411000 0.175000 1.000000
v -1.411000 0.550000 1.000000
v -1.431750 0.625000 1.006250
v -1.411000 0.650000 1.000000
v -1.784500 0.675000 1.006250
v -1.431750 0.675000 1.006250
v -1.431750 0.975000 1.006250
v -1.784500 0.975000 1.006250
v -1.265750 0.975000 1.006250
v -1.390250 0.975000 1.006250
v -1.390250 0.575000 1.006250
v -1.265750 0.575000 1.006250
v -1.826000 0.975000 1.006250
v -2.054250 0.975000 1.006250
v -2.054250 0.675000 1.006250
v -1.826000 0.675000 1.006250
v -1.265750 0.025000 1.006250
v -1.265750 0.150000 1.006250
v -1.556250 0.150000 1.006250
v -1.556250 0.025000 1.006250
v -1.722250 0.150000 1.006250
v -1.597750 0.150000 1.006250
v -1.597750 0.025000 1.006250
v -1.846750 0.025000 1.006250
v -1.846750 0.225000 1.006250
v -1.722250 0.225000 1.006250
v -1.390250 0.525000 1.006250
v -1.390250 0.200000 1.006250
v -1.265750 0.200000 1.006250
v -1.265750 0.525000 1.006250
v -2.054250 0.225000 1.006250
v -2.054250 0.025000 1.006250
v -1.888250 0.025000 1.006250
v -1.888250 0.225000 1.006250
v -0.415000 1.000000 -1.000000
v -0.415000 1.000000 -0.950000
v -0.415000 0.000000 -0.950000
v -0.415000 0.000000 -1.000000
v -0.415000 0.250000 -1.000000
v -0.415000 0.650000 -1.000000
v -1.245000 1.000000 -1.000000
v -1.245000 1.000000 -0.950000
v -1.245000 0.000000 -0.950000
v -1.245000 0.000000 -1.000000
v -1.245000 0.175000 -1.000000
v -1.245000 0.550000 -1.000000
v -1.079000 1.000000 -1.000000
v -0.684750 1.000000 -1.000000
v -0.913000 0.000000 -1.000000
v -0.622500 0.000000 -1.000000
v -0.435750 0.625000 -1.006250
v -0.435750 0.275000 -1.006250
v -0.622500 0.250000 -1.000000
v -0.767750 0.275000 -1.006250
v -0.788500 0.250000 -1.000000
v -0.788500 0.650000 -1.000000
v -0.767750 0.625000 -1.006250
v -0.684750 0.650000 -1.000000
v -0.788500 0.175000 -1.000000
v -0.809250 0.625000 -1.006250
v -0.809250 0.200000 -1.006250
v -0.913000 0.175000 -1.000000
v -1.058250 0.200000 -1.006250
v -1.079000 0.175000 -1.000000
v -1.079000 0.550000 -1.000000
v -1.058250 0.625000 -1.006250
v -1.079000 0.650000 -1.000000
v -0.705500 0.675000 -1.006250
v -1.058250 0.675000 -1.006250
v -1.058250 0.975000 -1.006250
v -0.705500 0.975000 -1.006250
v -1.224250 0.975000 -1.006250
v -1.099750 0.975000 -1.006250
v -1.099750 0.575000 -1.006250
v -1.224250 0.575000 -1.006250
v -0.664000 0.975000 -1.006250
v -0.435750 0.975000 -1.006250
v -0.435750 0.675000 -1.006250
v -0.664000 0.675000 -1.006250
v -1.224250 0.025000 -1.006250
v -1.224250 0.150000 -1.006250
v -0.933750 0.150000 -1.006250
v -0.933750 0.025000 -1.006250
v -0.767750 0.150000 -1.006250
v -0.892250 0.150000 -1.006250
v -0.892250 0.025000 -1.006250
v -0.643250 0.025000 -1.006250
v -0.643250 0.225000 -1.006250
v -0.767750 0.225000 -1.006250
v -1.099750 0.525000 -1.006250
v -1.099750 0.200000 -1.006250
v -1.224250 0.200000 -1.006250
v -1.224250 0.525000 -1.006250
v -0.435750 0.225000 -1.006250
v -0.435750 0.025000 -1.006250
v -0.601750 0.025000 -1.006250
v -0.601750 0.225000 -1.006250
v -1.245000 1.000000 1.000000
v -1.245000 1.000000 0.950000
v -1.245000 0.000000 0.950000
v -1.245000 0.000000 1.000000
v -1.245000 0.250000 1.000000
v -1.245000 0.650000 1.000000
v -0.415000 1.000000 1.000000
v -0.415000 1.000000 0.950000
v -0.415000 0.000000 0.950000
v -0.415000 0.000000 1.000000
v -0.415000 0.175000 1.000000
v -0.415000 0.550000 1.000000
v -0.581000 1.000000 1.000000
v -0.975250 1.000000 1.000000
v -0.747000 0.000000 1.000000
v -1.037500 0.000000 1.000000
v -1.224250 0.625000 1.006250
v -1.224250 0.275000 1.006250
v -1.037500 0.250000 1.000000
v -0.892250 0.275000 1.006250
v -0.871500 0.250000 1.000000
v -0.871500 0.650000 1.000000
v -0.892250 0.625000 1.006250
v -0.975250 0.650000 1.000000
v -0.871500 0.175000 1.000000
v -0.850750 0.625000 1.006250
v -0.850750 0.200000 1.006250
v -0.747000 0.175000 1.000000
v -0.601750 0.200000 1.006250
v -0.581000 0.175000 1.000000
v -0.581000 0.550000 1.000000
v -0.601750 0.625000 1.006250
v -0.581000 0.650000 1.000000
v -0.954500 0.675000 1.006250
v -0.601750 0.675000 1.006250
v -0.601750 0.975000 1.006250
v -0.954500 0.975000 1.006250
v -0.435750 0.975000 1.006250
v -0.560250 0.975000 1.006250
v -0.560250 0.575000 1.006250
v -0.435750 0.575000 1.006250
v -0.996000 0.975000 1.006250
v -1.224250 0.975000 1.006250
v -1.224250 0.675000 1.006250
v -0.996000 0.675000 1.006250
v -0.435750 0.025000 1.006250
v -0.435750 0.150000 1.006250
v -0.726250 0.150000 1.006250
v -0.726250 0.025000 1.006250
v -0.892250 0.150000 1.006250
v -0.767750 0.150000 1.006250
v -0.767750 0.025000 1.006250
v -1.016750 0.025000 1.006250
v -1.016750 0.225000 1.006250
v -0.892250 0.225000 1.006250
v -0.560250 0.525000 1.006250
v -0.560250 0.200000 1.006250
v -0.435750 0.200000 1.006250
v -0.435750 0.525000 1.006250
v -1.224250 0.225000 1.006250
v -1.224250 0.025000 1.006250
v -1.058250 0.025000 1.006250
v -1.058250 0.225000 1.006250
v 0.415000 1.000000 -1.000000
v 0.415000 1.000000 -0.950000
v 0.415000 0.000000 -0.950000
v 0.415000 0.000000 -1.000000
v 0.415000 0.250000 -1.000000
v 0.415000 0.650000 -1.000000
v -0.415000 1.000000 -1.000000
v -0.415000 1.000000 -0.950000
v -0.415000 0.000000 -0.950000
v -0.415000 0.000000 -1.000000
v -0.415000 0.175000 -1.000000
v -0.415000 0.550000 -1.000000
v -0.249000 1.000000 -1.000000
v 0.145250 1.000000 -1.000000
v -0.083000 0.000000 -1.000000
v 0.207500 0.000000 -1.000000
v 0.394250 0.625000 -1.006250
v 0.394250 0.275000 -1.006250
v 0.207500 0.250000 -1.000000
v 0.062250 0.275000 -1.006250
v 0.041500 0.250000 -1.000000
v 0.041500 0.650000 -1.000000
v 0.062250 0.625000 -1.006250
v 0.145250 0.650000 -1.000000
v 0.041500 0.175000 -1.000000
v 0.020750 0.625000 -1.006250
v 0.020750 0.200000 -1.006250
v -0.083000 0.175000 -1.000000
v -0.228250 0.200000 -1.006250
v -0.249000 0.175000 -1.000000
v -0.249000 0.550000 -1.000000
v -0.228250 0.625000 -1.006250
v -0.249000 0.650000 -1.000000
v 0.124500 0.675000 -1.006250
v -0.228250 0.675000 -1.006250
v -0.228250 0.975000 -1.006250
v 0.124500 0.975000 -1.006250
v -0.394250 0.975000 -1.006250
v -0.269750 0.975000 -1.006250
v -0.269750 0.575000 -1.006250
v -0.394250 0.575000 -1.006250
v 0.166000 0.975000 -1.006250
v 0.394250 0.975000 -1.006250
v 0.394250 0.675000 -1.006250
v 0.166000 0.675000 -1.006250
v -0.394250 0.025000 -1.006250
v -0.394250 0.150000 -1.006250
v -0.103750 0.150000 -1.006250
v -0.103750 0.025000 -1.006250
v 0.062250 0.150000 -1.006250
v -0.062250 0.150000 -1.006250
v -0.062250 0.025000 -1.006250
v 0.186750 0.025000 -1.006250
v 0.186750 0.225000 -1.006250
v 0.062250 0.225000 -1.006250
v -0.269750 0.525000 -1.006250
v -0.269750 0.200000 -1.006250
v -0.394250 0.200000 -1.006250
v -0.394250 0.525000 -1.006250
v 0.394250 0.225000 -1.006250
v 0.394250 0.025000 -1.006250
v 0.228250 0.025000 -1.006250
v 0.228250 0.225000 -1.006250
v -0.415000 1.000000 1.000000
v -0.415000 1.000000 0.950000
v -0.415000 0.000000 0.950000
v -0.415000 0.000000 1.000000
v -0.415000 0.250000 1.000000
v -0.415000 0.650000 1.000000
v 0.415000 1.000000 1.000000
v 0.415000 1.000000 0.950000
v 0.415000 0.000000 0.950000
v 0.415000 0.000000 1.000000
v 0.415000 0.175000 1.000000
v 0.415000 0.550000 1.000000
v 0.249000 1.000000 1.000000
v -0.145250 1.000000 1.000000
v 0.083000 0.000000 1.000000
v -0.207500 0.000000 1.000000
v -0.394250 0.625000 1.006250
v -0.394250 0.275000 1.006250
v -0.207500 0.250000 1.000000
v -0.062250 0.275000 1.006250
v -0.041500 0.250000 1.000000
v -0.041500 0.650000 1.000000
v -0.062250 0.625000 1.006250
v -0.145250 0.650000 1.000000
v -0.041500 0.175000 1.000000
v -0.020750 0.625000 1.006250
v -0.020750 0.200000 1.006250
v 0.083000 0.175000 1.000000
v 0.228250 0.200000 1.006250
v 0.249000 0.175000 1.000000
v 0.249000 0.550000 1.000000
v 0.228250 0.625000 1.006250
v 0.249000 0.650000 1.000000
v -0.124500 0.675000 1.006250
v 0.228250 0.675000 1.006250
v 0.228250 0.975000 1.006250
v -0.124500 0.975000 1.006250
v 0.394250 0.975000 1.006250
v 0.269750 0.975000 1.006250
v 0.269750 0.575000 1.006250
v 0.394250 0.575000 1.006250
v -0.166000 0.975000 1.006250
v -0.394250 0.975000 1.006250
v -0.394250 0.675000 1.006250
v -0.166000 0.675000 1.006250
v 0.394250 0.025000 1.006250
v 0.394250 0.150000 1.006250
v 0.103750 0.150000 1.006250
v 0.103750 0.025000 1.006250
v -0.062250 0.150000 1.006250
v 0.062250 0.150000 1.006250
v 0.062250 0.025000 1.006250
v -0.186750 0.025000 1.006250
v -0.186750 0.225000 1.006250
v -0.062250 0.225000 1.006250
v 0.269750 0.525000 1.006250
v 0.269750 0.200000 1.006250
v 0.394250 0.200000 1.006250
v 0.394250 0.525000 1.006250
v -0.394250 0.225000 1.006250
v -0.394250 0.025000 1.006250
v -0.228250 0.025000 1.006250
v -0.228250 0.225000 1.006250
v 1.245000 1.000000 -1.000000
v 1.245000 1.000000 -0.950000
v 1.245000 0.000000 -0.950000
v 1.245000 0.000000 -1.000000
v 1.245000 0.250000 -1.000000
v 1.245000 0.650000 -1.000000
v 0.415000 1.000000 -1.000000
v 0.415000 1.000000 -0.950000
v 0.415000 0.000000 -0.950000
v 0.415000 0.000000 -1.000000
v 0.415000 0.175000 -1.000000
v 0.415000 0.550000 -1.000000
v 0.581000 1.000000 -1.000000
v 0.975250 1.000000 -1.000000
v 0.747000 0.000000 -1.000000
v 1.037500 0.000000 -1.000000
v 1.224250 0.625000 -1.006250
v 1.224250 0.275000 -1.006250
v 1.037500 0.250000 -1.000000
v 0.892250 0.275000 -1.006250
v 0.871500 0.250000 -1.000000
v 0.871500 0.650000 -1.000000
v 0.892250 0.625000 -1.006250
v 0.975250 0.650000 -1.000000
v 0.871500 0.175000 -1.000000
v 0.850750 0.625000 -1.006250
v 0.850750 0.200000 -1.006250
v 0.747000 0.175000 -1.000000
v 0.601750 0.200000 -1.006250
v 0.581000 0.175000 -1.000000
v 0.581000 0.550000 -1.000000
v 0.601750 0.625000 -1.006250
v 0.581000 0.650000 -1.000000
v 0.954500 0.675000 -1.006250
v 0.601750 0.675000 -1.006250
v 0.601750 0.975000 -1.006250
v 0.954500 0.975000 -1.006250
v 0.435750 0.975000 -1.006250
v 0.560250 0.975000 -1.006250
v 0.560250 0.575000 -1.006250
v 0.435750 0.575000 -1.006250
v 0.996000 0.975000 -1.006250
v 1.224250 0.975000 -1.006250
v 1.224250 0.675000 -1.006250
v 0.996000 0.675000 -1.006250
v 0.435750 0.025000 -1.006250
v 0.435750 0.150000 -1.006250
v 0.726250 0.150000 -1.006250
v 0.726250 0.025000 -1.006250
v 0.892250 0.150000 -1.006250
v 0.767750 0.150000 -1.006250
v 0.767750 0.025000 -1.006250
v 1.016750 0.025000 -1.006250
v 1.016750 0.225000 -1.006250
v 0.892250 0.225000 -1.006250
v 0.560250 0.525000 -1.006250
v 0.560250 0.200000 -1.006250
v 0.435750 0.200000 -1.006250
v 0.435750 0.525000 -1.006250
v 1.224250 0.225000 -1.006250
v 1.224250 0.025000 -1.006250
v 1.058250 0.025000 -1.006250
v 1.058250 0.225000 -1.006250
v 0.415000 1.000000 1.000000
v 0.415000 1.000000 0.950000
v 0.415000 0.000000 0.950000
v 0.415000 0.000000 1.000000
v 0.415000 0.250000 1.000000
v 0.415000 0.650000 1.000000
v 1.245000 1.000000 1.000000
v 1.245000 1.000000 0.950000
v 1.245000 0.000000 0.950000
v 1.245000 0.000000 1.000000
v 1.245000 0.175000 1.000000
v 1.245000 0.550000 1.000000
v 1.079000 1.000000 1.000000
v 0.684750 1.000000 1.000000
v 0.913000 0.000000 1.000000
v 0.622500 0.000000 1.000000
v 0.435750 0.625000 1.006250
v 0.435750 0.275000 1.006250
v 0.622500 0.250000 1.000000
v 0.767750 0.275000 1.006250
v 0.788500 0.250000 1.000000
v 0.788500 0.650000 1.000000
v 0.767750 0.625000 1.006250
v 0.684750 0.650000 1.000000
v 0.788500 0.175000 1.000000
v 0.809250 0.625000 1.006250
v 0.809250 0.200000 1.006250
v 0.913000 0.175000 1.000000
v 1.058250 0.200000 1.006250
v 1.079000 0.175000 1.000000
v 1.079000 0.550000 1.000000
v 1.058250 0.625000 1.006250
v 1.079000 0.650000 1.000000
v 0.705500 0.675000 1.006250
v 1.058250 0.675000 1.006250
v 1.058250 0.975000 1.006250
v 0.705500 0.975000 1.006250
v 1.224250 0.975000 1.006250
v 1.099750 0.975000 1.006250
v 1.099750 0.575000 1.006250
v 1.224250 0.575000 1.006250
v 0.664000 0.975000 1.006250
v 0.435750 0.975000 1.006250
v 0.435750 0.675000 1.006250
v 0.664000 0.675000 1.006250
v 1.224250 0.025000 1.006250
v 1.224250 0.150000 1.006250
v 0.933750 0.150000 1.006250
v 0.933750 0.025000 1.006250
v 0.767750 0.150000 1.006250
v 0.892250 0.150000 1.006250
v 0.892250 0.025000 1.006250
v 0.643250 0.025000 1.006250
v 0.643250 0.225000 1.006250
v 0.767750 0.225000 1.006250
v 1.099750 0.525000 1.006250
v 1.099750 0.200000 1.006250
v 1.224250 0.200000 1.006250
v 1.224250 0.525000 1.006250
v 0.435750 0.225000 1.006250
v 0.435750 0.025000 1.006250
v 0.601750 0.025000 1.006250
v 0.601750 0.225000 1.006250
v 2.075000 1.000000 -1.000000
v 2.075000 1.000000 -0.950000
v 2.075000 0.000000 -0.950000
v 2.075000 0.000000 -1.000000
v 2.075000 0.250000 -1.000000
v 2.075000 0.650000 -1.000000
v 1.245000 1.000000 -1.000000
v 1.245000 1.000000 -0.950000
v 1.245000 0.000000 -0.950000
v 1.245000 0.000000 -1.000000
v 1.245000 0.175000 -1.000000
v 1.245000 0.550000 -1.000000
v 1.411000 1.000000 -1.000000
v 1.805250 1.000000 -1.000000
v 1.577000 0.000000 -1.000000
v 1.867500 0.000000 -1.000000
v 2.054250 0.625000 -1.006250
v 2.054250 0.275000 -1.006250
v 1.867500 0.250000 -1.000000
v 1.722250 0.275000 -1.006250
v 1.701500 0.250000 -1.000000
v 1.701500 0.650000 -1.000000
v 1.722250 0.625000 -1.006250
v 1.805250 0.650000 -1.000000
v 1.701500 0.175000 -1.000000
v 1.680750 0.625000 -1.006250
v 1.680750 0.200000 -1.006250
v 1.577000 0.175000 -1.000000
v 1.431750 0.200000 -1.006250
v 1.411000 0.175000 -1.000000
v 1.411000 0.550000 -1.000000
v 1.431750 0.625000 -1.006250
v 1.411000 0.650000 -1.000000
v 1.784500 0.675000 -1.006250
v 1.431750 0.675000 -1.006250
v 1.431750 0.975000 -1.006250
v 1.784500 0.975000 -1.006250
v 1.265750 0.975000 -1.006250
v 1.390250 0.975000 -1.006250
v 1.390250 0.575000 -1.006250
v 1.265750 0.575000 -1.006250
v 1.826000 0.975000 -1.006250
v 2.054250 0.975000 -1.006250
v 2.054250 0.675000 -1.006250
v 1.826000 0.675000 -1.006250
v 1.265750 0.025000 -1.006250
v 1.265750 0.150000 -1.006250
v 1.556250 0.150000 -1.006250
v 1.556250 0.025000 -1.006250
v 1.722250 0.150000 -1.006250
v 1.597750 0.150000 -1.006250
v 1.597750 0.025000 -1.006250
v 1.846750 0.025000 -1.006250
v 1.846750 0.225000 -1.006250
v 1.722250 0.225000 -1.006250
v 1.390250 0.525000 -1.006250
v 1.390250 0.200000 -1.006250
v 1.265750 0.200000 -1.006250
v 1.265750 0.525000 -1.006250
v 2.054250 0.225000 -1.006250
v 2.054250 0.025000 -1.006250
v 1.888250 0.025000 -1.006250
v 1.888250 0.225000 -1.006250
v 1.245000 1.000000 1.000000
v 1.245000 1.000000 0.950000
v 1.245000 0.000000 0.950000
v 1.245000 0.000000 1.000000
v 1.245000 0.250000 1.000000
v 1.245000 0.650000 1.000000
v 2.075000 1.000000 1.000000
v 2.075000 1.000000 0.950000
v 2.075000 0.000000 0.950000
v 2.075000 0.000000 1.000000
v 2.075000 0.175000 1.000000
v 2.075000 0.550000 1.000000
v 1.909000 1.000000 1.000000
v 1.514750 1.000000 1.000000
v 1.743000 0.000000 1.000000
v 1.452500 0.000000 1.000000
v 1.265750 0.625000 1.006250
v 1.265750 0.275000 1.006250
v 1.452500 0.250000 1.000000
v 1.597750 0.275000 1.006250
v 1.618500 0.250000 1.000000
v 1.618500 0.650000 1.000000
v 1.597750 0.625000 1.006250
v 1.514750 0.650000 1.000000
v 1.618500 0.175000 1.000000
v 1.639250 0.625000 1.006250
v 1.639250 0.200000 1.006250
v 1.743000 0.175000 1.000000
v 1.888250 0.200000 1.006250
v 1.909000 0.175000 1.000000
v 1.909000 0.550000 1.000000
v 1.888250 0.625000 1.006250
v 1.909000 0.650000 1.000000
v 1.535500 0.675000 1.006250
v 1.888250 0.675000 1.006250
v 1.888250 0.975000 1.006250
v 1.535500 0.975000 1.006250
v 2.054250 0.975000 1.006250
v 1.929750 0.975000 1.006250
v 1.929750 0.575000 1.006250
v 2.054250 0.575000 1.006250
v 1.494000 0.975000 1.006250
v 1.265750 0.975000 1.006250
v 1.265750 0.675000 1.006250
v 1.494000 0.675000 1.006250
v 2.054250 0.025000 1.006250
v 2.054250 0.150000 1.006250
v 1.763750 0.150000 1.006250
v 1.763750 0.025000 1.006250
v 1.597750 0.150000 1.006250
v 1.722250 0.150000 1.006250
v 1.722250 0.025000 1.006250
v 1.473250 0.025000 1.006250
v 1.473250 0.225000 1.006250
v 1.597750 0.225000 1.006250
v 1.929750 0.525000 1.006250
v 1.929750 0.200000 1.006250
v 2.054250 0.200000 1.006250
v 2.054250 0.525000 1.006250
v 1.265750 0.225000 1.006250
v 1.265750 0.025000 1.006250
v 1.431750 0.025000 1.006250
v 1.431750 0.225000 1.006250
v 2.282500 3.281473 0.469017
v 2.282500 3.503318 0.000000
v 1.867500 3.503318 0.000000
v 1.867500 3.281473 0.469017
v 1.867500 3.750491 0.000000
v 1.867500 3.281473 -0.469017
v 2.282500 3.281473 -0.469017
v 2.282500 3.750491 0.000000
v 1.660000 2.250000 0.200000
v 2.282500 2.250000 0.200000
v 2.282500 2.850000 0.200000
v 1.660000 2.850000 0.200000
v 1.660000 2.550000 0.200000
v 2.282500 2.850000 0.300000
v 1.660000 2.850000 0.300000
v 1.660000 2.850000 0.350000
v 2.490000 2.850000 0.350000
v 2.490000 2.850000 -0.350000
v 1.660000 2.850000 -0.350000
v 1.660000 2.850000 -0.300000
v 2.282500 2.850000 -0.300000
v 2.282500 2.850000 -0.200000
v 1.660000 2.850000 -0.200000
v 2.490000 2.950000 0.350000
v 1.660000 2.950000 0.350000
v 1.660000 2.950000 -0.350000
v 2.490000 2.950000 -0.350000
v 2.282500 2.250000 -0.300000
v 2.697500 2.250000 -0.300000
v 2.697500 2.200000 -0.300000
v 2.490000 2.150000 -0.300000
v 1.660000 2.150000 -0.300000
v 1.660000 2.550000 -0.300000
v 1.660000 2.150000 0.300000
v 2.490000 2.150000 0.300000
v 2.697500 2.200000 0.300000
v 2.697500 2.250000 0.300000
v 2.282500 2.250000 -0.200000
v 1.660000 2.250000 -0.200000
v 1.660000 2.550000 -0.200000
v 2.282500 2.250000 0.300000
v 1.660000 2.550000 0.300000
v 1.660000 1.000000 1.100000
v 1.660000 1.000000 0.900000
v 2.490000 1.000000 0.900000
v 2.490000 1.000000 1.100000
v 1.660000 3.050000 1.100000
v 1.660000 3.050000 0.900000
v 2.490000 3.050000 0.983333
v 2.490000 3.050000 1.100000
v 2.075000 3.050000 0.900000
v 2.075000 3.050000 0.983333
v 2.075000 4.033333 0.000000
v 2.075000 3.050000 -0.983333
v 2.075000 3.050000 -0.900000
v 2.075000 2.850491 -0.900000
v 2.075000 3.750491 0.000000
v 2.075000 2.850491 0.900000
v 2.490000 3.750491 0.000000
v 2.490000 2.850491 0.900000
v 2.490000 2.850491 -0.900000
v 1.660000 1.000000 -0.900000
v 2.490000 1.000000 -0.900000
v 1.660000 3.050000 -0.900000
v 1.660000 1.000000 -1.100000
v 2.490000 1.000000 -1.100000
v 2.490000 3.050000 -1.100000
v 1.660000 3.050000 -1.100000
v 2.490000 3.050000 -0.983333
v 2.490000 4.033333 0.000000
v 2.075000 2.537500 -0.012500
v 2.075000 2.250000 -0.012500
v 1.971250 2.250000 -0.012500
v 1.971250 2.537500 -0.012500
v 2.075000 2.537500 0.012500
v 2.075000 2.537500 0.200000
v 2.075000 2.562500 0.200000
v 2.075000 2.562500 0.012500
v 2.075000 2.850000 0.012500
v 2.075000 2.850000 -0.012500
v 2.075000 2.562500 -0.012500
v 2.075000 2.562500 -0.200000
v 2.075000 2.537500 -0.200000
v 2.075000 2.250000 0.012500
v 1.971250 2.562500 0.200000
v 1.971250 2.562500 0.012500
v 1.971250 2.850000 0.012500
v 1.971250 2.850000 -0.012500
v 1.971250 2.562500 -0.012500
v 1.971250 2.562500 -0.200000
v 1.971250 2.537500 -0.200000
v 1.971250 2.250000 0.012500
v 1.971250 2.537500 0.012500
v 1.971250 2.537500 0.200000
v 1.037500 3.450000 -0.750000
v 0.000000 3.450000 -0.750000
v 0.207500 3.200000 -1.070711
v 1.867500 3.200000 -1.070711
v 2.075000 3.450000 -0.750000
v 0.000000 3.200000 -1.000000
v 1.037500 3.200000 -1.000000
v 2.075000 3.200000 -1.000000
v 0.830000 2.961414 -1.309296
v -0.830000 2.961414 -1.309296
v -1.037500 3.200000 -1.000000
v -0.207500 3.200000 -1.070711
v -1.867500 3.200000 -1.070711
v -2.075000 3.200000 -1.000000
v -1.245000 2.961414 -1.309296
v -2.075000 2.961414 -1.309296
v -2.075000 2.960000 -1.240000
v -2.075000 3.950000 -0.250000
v -2.075000 3.700000 -0.500000
v -2.075000 3.450000 -0.820711
v -2.075000 3.450000 -0.750000
v -2.075000 2.876667 -1.156667
v -2.075000 3.033333 -1.000000
v -2.075000 3.000000 -1.000000
v -2.075000 1.000000 -1.000000
v -2.075000 1.000000 1.000000
v -2.075000 3.000000 1.000000
v -2.075000 3.033333 1.000000
v -2.075000 2.876667 1.156667
v -2.075000 2.960000 1.240000
v -2.075000 3.200000 1.000000
v -2.075000 3.450000 0.750000
v -2.075000 3.450000 0.820711
v -2.075000 3.700000 0.500000
v -2.075000 3.950000 0.250000
v -2.075000 3.950000 0.320711
v -2.075000 4.200000 0.000000
v -2.075000 3.950000 -0.320711
v -1.867500 3.700000 -0.570711
v -1.037500 3.950000 -0.250000
v -0.207500 3.700000 -0.570711
v 0.000000 3.950000 -0.250000
v 0.000000 3.700000 -0.500000
v 0.207500 3.700000 -0.570711
v 1.037500 3.950000 -0.250000
v 1.867500 3.700000 -0.570711
v 2.075000 3.950000 -0.250000
v 2.075000 3.700000 -0.500000
v 2.282500 3.700000 -0.570711
v 2.905000 3.950000 -0.250000
v 2.697500 3.700000 -0.570711
v 2.905000 3.700000 -0.500000
v 2.905000 3.200000 -1.000000
v 2.905000 2.960000 -1.240000
v 2.905000 2.876667 -1.156667
v 2.905000 4.033333 0.000000
v 2.905000 4.200000 0.000000
v 2.905000 3.450000 -0.750000
v 2.905000 3.200000 1.000000
v 2.905000 2.960000 1.240000
v 2.905000 2.876667 1.156667
v 2.905000 3.950000 0.250000
v 2.905000 3.700000 0.500000
v 2.905000 3.450000 0.750000
v 2.697500 2.961414 1.309296
v 1.245000 2.961414 1.309296
v 1.037500 3.200000 1.000000
v 2.075000 3.200000 1.000000
v 1.037500 2.960000 1.240000
v 0.830000 2.961414 1.309296
v 0.000000 3.200000 1.000000
v -0.830000 2.961414 1.309296
v -1.037500 3.200000 1.000000
v -1.037500 2.960000 1.240000
v -1.245000 2.961414 1.309296
v -2.075000 2.961414 1.309296
v -0.207500 3.200000 1.070711
v -1.867500 3.200000 1.070711
v -1.037500 3.450000 0.750000
v 0.000000 3.450000 0.750000
v 0.830000 3.450000 0.820711
v -0.830000 3.450000 0.820711
v 1.037500 3.450000 0.750000
v 0.000000 3.700000 0.500000
v -1.037500 3.700000 0.500000
v 1.037500 3.700000 0.500000
v -0.207500 3.700000 0.570711
v -1.867500 3.700000 0.570711
v -1.037500 3.950000 0.250000
v 0.000000 3.950000 0.250000
v 0.830000 3.950000 0.320711
v -0.830000 3.950000 0.320711
v 1.037500 3.950000 0.250000
v 1.037500 4.200000 0.000000
v -1.037500 4.200000 0.000000
v -0.830000 3.950000 -0.320711
v 0.830000 3.950000 -0.320711
v -1.245000 3.950000 -0.320711
v 1.245000 3.950000 -0.320711
v 2.697500 3.950000 -0.320711
v 1.245000 3.950000 0.320711
v 2.697500 3.950000 0.320711
v 2.075000 3.950000 0.250000
v 2.282500 3.700000 0.570711
v 2.697500 3.700000 0.570711
v 2.075000 3.700000 0.500000
v 2.697500 3.450000 0.820711
v 1.245000 3.450000 0.820711
v 2.075000 3.450000 0.750000
v 2.282500 3.200000 1.070711
v 2.697500 3.200000 1.070711
v 1.867500 3.200000 1.070711
v 1.867500 3.700000 0.570711
v 0.207500 3.700000 0.570711
v -1.245000 3.950000 0.320711
v 0.207500 3.200000 1.070711
v -1.245000 3.450000 0.820711
v 2.697500 3.450000 -0.820711
v 1.245000 3.450000 -0.820711
v 1.037500 3.700000 -0.500000
v 0.830000 3.450000 -0.820711
v -1.037500 3.700000 -0.500000
v -0.830000 3.450000 -0.820711
v -1.037500 3.450000 -0.750000
v -1.245000 3.450000 -0.820711
v 2.697500 3.200000 -1.070711
v 2.282500 3.200000 -1.070711
v 2.697500 2.961414 -1.309296
v 1.245000 2.961414 -1.309296
v 1.037500 2.960000 -1.240000
v 2.075000 3.033333 1.000000
v 2.075000 4.033333 0.000000
v 2.075000 2.550000 -0.300000
v 2.075000 2.150000 -0.300000
v 2.075000 2.150000 0.300000
v 2.075000 2.550000 0.300000
v 2.075000 2.550000 1.000000
v 2.075000 1.000000 1.000000
v 2.075000 1.000000 -1.000000
v 2.075000 2.550000 -1.000000
v 2.075000 2.950000 0.300000
v 2.075000 2.950000 -0.300000
v 2.075000 3.000000 -1.000000
v 2.075000 3.033333 -1.000000
v 2.075000 3.000000 1.000000
v 1.971250 2.950000 -0.300000
v 1.971250 2.950000 0.300000
v 1.971250 2.150000 0.300000
v 1.971250 2.150000 -0.300000
v -1.037500 2.960000 -1.240000
v -1.050000 1.900000 -1.125000
v -1.050000 1.900000 -1.150000
v -1.050000 1.100000 -1.150000
v -1.050000 1.100000 -1.125000
v -0.450000 1.100000 -1.150000
v -0.450000 1.100000 -1.125000
v -0.750000 1.100000 -1.150000
v -0.450000 1.900000 -1.125000
v -0.450000 1.900000 -1.150000
v -0.750000 1.900000 -1.150000
v -0.750000 1.000000 -1.150000
v 0.250000 1.000000 -1.150000
v 0.250000 2.000000 -1.150000
v -0.750000 2.000000 -1.150000
v -1.750000 2.000000 -1.150000
v -1.750000 1.000000 -1.150000
v -1.750000 1.000000 -0.150000
v -1.750000 2.000000 -0.150000
v 0.250000 1.000000 -0.150000
v 0.250000 2.000000 -0.150000
v -0.762500 1.512500 -1.125000
v -0.762500 1.800000 -1.125000
v -0.762500 1.800000 -1.150000
v -0.762500 1.512500 -1.150000
v -0.737500 1.512500 -1.125000
v -0.737500 1.800000 -1.125000
v -0.950000 1.512500 -1.125000
v -0.950000 1.487500 -1.125000
v -0.762500 1.487500 -1.125000
v -0.762500 1.200000 -1.125000
v -0.737500 1.200000 -1.125000
v -0.737500 1.487500 -1.125000
v -0.550000 1.487500 -1.125000
v -0.550000 1.512500 -1.125000
v -0.737500 1.800000 -1.150000
v -0.737500 1.512500 -1.150000
v -0.550000 1.512500 -1.150000
v -0.550000 1.487500 -1.150000
v -0.737500 1.487500 -1.150000
v -0.737500 1.200000 -1.150000
v -0.762500 1.200000 -1.150000
v -0.762500 1.487500 -1.150000
v -0.950000 1.487500 -1.150000
v -0.950000 1.512500 -1.150000
v -1.050000 1.800000 -1.200000
v -1.050000 1.200000 -1.200000
v -1.050000 1.200000 -1.300000
v -1.050000 1.150000 -1.300000
v -1.050000 1.100000 -1.250000
v -1.050000 1.100000 -1.050000
v -1.050000 1.800000 -1.050000
v -1.050000 1.500000 -1.050000
v -0.950000 1.800000 -1.200000
v -0.950000 1.200000 -1.200000
v -0.950000 1.200000 -1.050000
v -0.950000 1.800000 -1.050000
v -0.950000 1.500000 -1.050000
v -0.550000 1.800000 -1.200000
v -0.450000 1.800000 -1.200000
v -0.450000 1.800000 -1.050000
v -0.400000 1.800000 -1.050000
v -0.400000 1.800000 -1.250000
v -1.100000 1.800000 -1.250000
v -1.100000 1.800000 -1.050000
v -0.550000 1.800000 -1.050000
v -0.400000 1.900000 -1.250000
v -0.400000 1.900000 -1.050000
v -1.100000 1.900000 -1.050000
v -1.100000 1.900000 -1.250000
v -0.550000 1.200000 -1.050000
v -0.550000 1.200000 -1.200000
v -0.550000 1.500000 -1.050000
v -0.450000 1.200000 -1.200000
v -0.450000 1.200000 -1.300000
v -0.450000 1.150000 -1.300000
v -0.450000 1.100000 -1.250000
v -0.450000 1.100000 -1.050000
v -0.450000 1.500000 -1.050000
v -1.450000 1.900000 1.125000
v -1.450000 1.900000 1.150000
v -1.450000 1.100000 1.150000
v -1.450000 1.100000 1.125000
v -2.050000 1.100000 1.150000
v -2.050000 1.100000 1.125000
v -1.750000 1.100000 1.150000
v -2.050000 1.900000 1.125000
v -2.050000 1.900000 1.150000
v -1.750000 1.900000 1.150000
v -1.750000 1.000000 1.150000
v -2.750000 1.000000 1.150000
v -2.750000 2.000000 1.150000
v -1.750000 2.000000 1.150000
v -0.750000 2.000000 1.150000
v -0.750000 1.000000 1.150000
v -0.750000 1.000000 0.150000
v -0.750000 2.000000 0.150000
v -2.750000 1.000000 0.150000
v -2.750000 2.000000 0.150000
v -1.737500 1.512500 1.125000
v -1.737500 1.800000 1.125000
v -1.737500 1.800000 1.150000
v -1.737500 1.512500 1.150000
v -1.762500 1.512500 1.125000
v -1.762500 1.800000 1.125000
v -1.550000 1.512500 1.125000
v -1.550000 1.487500 1.125000
v -1.737500 1.487500 1.125000
v -1.737500 1.200000 1.125000
v -1.762500 1.200000 1.125000
v -1.762500 1.487500 1.125000
v -1.950000 1.487500 1.125000
v -1.950000 1.512500 1.125000
v -1.762500 1.800000 1.150000
v -1.762500 1.512500 1.150000
v -1.950000 1.512500 1.150000
v -1.950000 1.487500 1.150000
v -1.762500 1.487500 1.150000
v -1.762500 1.200000 1.150000
v -1.737500 1.200000 1.150000
v -1.737500 1.487500 1.150000
v -1.550000 1.487500 1.150000
v -1.550000 1.512500 1.150000
v -1.450000 1.800000 1.200000
v -1.450000 1.200000 1.200000
v -1.450000 1.200000 1.300000
v -1.450000 1.150000 1.300000
v -1.450000 1.100000 1.250000
v -1.450000 1.100000 1.050000
v -1.450000 1.800000 1.050000
v -1.450000 1.500000 1.050000
v -1.550000 1.800000 1.200000
v -1.550000 1.200000 1.200000
v -1.550000 1.200000 1.050000
v -1.550000 1.800000 1.050000
v -1.550000 1.500000 1.050000
v -1.950000 1.800000 1.200000
v -2.050000 1.800000 1.200000
v -2.050000 1.800000 1.050000
v -2.100000 1.800000 1.050000
v -2.100000 1.800000 1.250000
v -1.400000 1.800000 1.250000
v -1.400000 1.800000 1.050000
v -1.950000 1.800000 1.050000
v -2.100000 1.900000 1.250000
v -2.100000 1.900000 1.050000
v -1.400000 1.900000 1.050000
v -1.400000 1.900000 1.250000
v -1.950000 1.200000 1.050000
v -1.950000 1.200000 1.200000
v -1.950000 1.500000 1.050000
v -2.050000 1.200000 1.200000
v -2.050000 1.200000 1.300000
v -2.050000 1.150000 1.300000
v -2.050000 1.100000 1.250000
v -2.050000 1.100000 1.050000
v -2.050000 1.500000 1.050000
v 1.450000 1.900000 -1.125000
v 1.450000 1.900000 -1.150000
v 1.450000 1.100000 -1.150000
v 1.450000 1.100000 -1.125000
v 2.050000 1.100000 -1.150000
v 2.050000 1.100000 -1.125000
v 1.750000 1.100000 -1.150000
v 2.050000 1.900000 -1.125000
v 2.050000 1.900000 -1.150000
v 1.750000 1.900000 -1.150000
v 1.750000 1.000000 -1.150000
v 2.750000 1.000000 -1.150000
v 2.750000 2.000000 -1.150000
v 1.750000 2.000000 -1.150000
v 0.750000 2.000000 -1.150000
v 0.750000 1.000000 -1.150000
v 0.750000 1.000000 -0.150000
v 0.750000 2.000000 -0.150000
v 2.750000 1.000000 -0.150000
v 2.750000 2.000000 -0.150000
v 1.737500 1.512500 -1.125000
v 1.737500 1.800000 -1.125000
v 1.737500 1.800000 -1.150000
v 1.737500 1.512500 -1.150000
v 1.762500 1.512500 -1.125000
v 1.762500 1.800000 -1.125000
v 1.550000 1.512500 -1.125000
v 1.550000 1.487500 -1.125000
v 1.737500 1.487500 -1.125000
v 1.737500 1.200000 -1.125000
v 1.762500 1.200000 -1.125000
v 1.762500 1.487500 -1.125000
v 1.950000 1.487500 -1.125000
v 1.950000 1.512500 -1.125000
v 1.762500 1.800000 -1.150000
v 1.762500 1.512500 -1.150000
v 1.950000 1.512500 -1.150000
v 1.950000 1.487500 -1.150000
v 1.762500 1.487500 -1.150000
v 1.762500 1.200000 -1.150000
v 1.737500 1.200000 -1.150000
v 1.737500 1.487500 -1.150000
v 1.550000 1.487500 -1.150000
v 1.550000 1.512500 -1.150000
v 1.450000 1.800000 -1.200000
v 1.450000 1.200000 -1.200000
v 1.450000 1.200000 -1.300000
v 1.450000 1.150000 -1.300000
v 1.450000 1.100000 -1.250000
v 1.450000 1.100000 -1.050000
v 1.450000 1.800000 -1.050000
v 1.450000 1.500000 -1.050000
v 1.550000 1.800000 -1.200000
v 1.550000 1.200000 -1.200000
v 1.550000 1.200000 -1.050000
v 1.550000 1.800000 -1.050000
v 1.550000 1.500000 -1.050000
v 1.950000 1.800000 -1.200000
v 2.050000 1.800000 -1.200000
v 2.050000 1.800000 -1.050000
v 2.100000 1.800000 -1.050000
v 2.100000 1.800000 -1.250000
v 1.400000 1.800000 -1.250000
v 1.400000 1.800000 -1.050000
v 1.950000 1.800000 -1.050000
v 2.100000 1.900000 -1.250000
v 2.100000 1.900000 -1.050000
v 1.400000 1.900000 -1.050000
v 1.400000 1.900000 -1.250000
v 1.950000 1.200000 -1.050000
v 1.950000 1.200000 -1.200000
v 1.950000 1.500000 -1.050000
v 2.050000 1.200000 -1.200000
v 2.050000 1.200000 -1.300000
v 2.050000 1.150000 -1.300000
v 2.050000 1.100000 -1.250000
v 2.050000 1.100000 -1.050000
v 2.050000 1.500000 -1.050000
v 1.050000 1.900000 1.125000
v 1.050000 1.900000 1.150000
v 1.050000 1.100000 1.150000
v 1.050000 1.100000 1.125000
v 0.450000 1.100000 1.150000
v 0.450000 1.100000 1.125000
v 0.750000 1.100000 1.150000
v 0.450000 1.900000 1.125000
v 0.450000 1.900000 1.150000
v 0.750000 1.900000 1.150000
v 0.750000 1.000000 1.150000
v -0.250000 1.000000 1.150000
v -0.250000 2.000000 1.150000
v 0.750000 2.000000 1.150000
v 1.750000 2.000000 1.150000
v 1.750000 1.000000 1.150000
v 1.750000 1.000000 0.150000
v 1.750000 2.000000 0.150000
v -0.250000 1.000000 0.150000
v -0.250000 2.000000 0.150000
v 0.762500 1.512500 1.125000
v 0.762500 1.800000 1.125000
v 0.762500 1.800000 1.150000
v 0.762500 1.512500 1.150000
v 0.737500 1.512500 1.125000
v 0.737500 1.800000 1.125000
v 0.950000 1.512500 1.125000
v 0.950000 1.487500 1.125000
v 0.762500 1.487500 1.125000
v 0.762500 1.200000 1.125000
v 0.737500 1.200000 1.125000
v 0.737500 1.487500 1.125000
v 0.550000 1.487500 1.125000
v 0.550000 1.512500 1.125000
v 0.737500 1.800000 1.150000
v 0.737500 1.512500 1.150000
v 0.550000 1.512500 1.150000
v 0.550000 1.487500 1.150000
v 0.737500 1.487500 1.150000
v 0.737500 1.200000 1.150000
v 0.762500 1.200000 1.150000
v 0.762500 1.487500 1.150000
v 0.950000 1.487500 1.150000
v 0.950000 1.512500 1.150000
v 1.050000 1.800000 1.200000
v 1.050000 1.200000 1.200000
v 1.050000 1.200000 1.300000
v 1.050000 1.150000 1.300000
v 1.050000 1.100000 1.250000
v 1.050000 1.100000 1.050000
v 1.050000 1.800000 1.050000
v 1.050000 1.500000 1.050000
v 0.950000 1.800000 1.200000
v 0.950000 1.200000 1.200000
v 0.950000 1.200000 1.050000
v 0.950000 1.800000 1.050000
v 0.950000 1.500000 1.050000
v 0.550000 1.800000 1.200000
v 0.450000 1.800000 1.200000
v 0.450000 1.800000 1.050000
v 0.400000 1.800000 1.050000
v 0.400000 1.800000 1.250000
v 1.100000 1.800000 1.250000
v 1.100000 1.800000 1.050000
v 0.550000 1.800000 1.050000
v 0.400000 1.900000 1.250000
v 0.400000 1.900000 1.050000
v 1.100000 1.900000 1.050000
v 1.100000 1.900000 1.250000
v 0.550000 1.200000 1.050000
v 0.550000 1.200000 1.200000
v 0.550000 1.500000 1.050000
v 0.450000 1.200000 1.200000
v 0.450000 1.200000 1.300000
v 0.450000 1.150000 1.300000
v 0.450000 1.100000 1.250000
v 0.450000 1.100000 1.050000
v 0.450000 1.500000 1.050000
v 0.897990 3.150000 -1.254020
v 0.795980 3.150000 -1.254020
v 0.795980 3.150000 -1.050000
v 0.897990 3.150000 -1.050000
v 0.897990 3.150000 -0.900000
v 0.650000 3.150000 -0.900000
v 0.650000 3.150000 -1.400000
v 0.897990 3.150000 -1.400000
v 1.000000 3.150000 -1.050000
v 1.000000 3.150000 -1.254020
v 1.150000 3.150000 -1.400000
v 1.150000 3.150000 -0.900000
v 0.795980 4.900000 -1.050000
v 0.795980 4.900000 -1.254020
v 0.897990 4.900000 -1.254020
v 1.000000 4.900000 -1.254020
v 1.000000 4.900000 -1.050000
v 0.897990 4.900000 -1.050000
v 0.897990 4.900000 -1.016667
v 1.033333 4.900000 -1.016667
v 1.033333 4.900000 -1.283333
v 0.897990 4.900000 -1.283333
v 0.766667 4.900000 -1.283333
v 0.766667 4.900000 -1.016667
v 1.080952 4.650000 -1.330952
v 1.080952 4.650000 -0.969048
v 0.900000 4.650000 -1.330952
v 0.719048 4.650000 -1.330952
v 0.719048 4.650000 -0.969048
v 0.900000 4.650000 -0.969048
v 0.900000 4.650000 -0.900000
v 0.650000 4.650000 -0.900000
v 0.650000 4.650000 -1.400000
v 0.900000 4.650000 -1.400000
v 1.150000 4.650000 -1.400000
v 1.150000 4.650000 -0.900000
v 1.150000 4.550000 -1.400000
v 1.150000 4.550000 -0.900000
v 0.900000 4.550000 -1.350000
v 0.700000 4.550000 -1.350000
v 0.700000 4.550000 -0.950000
v 0.900000 4.550000 -0.950000
v 0.900000 4.550000 -0.900000
v 0.650000 4.550000 -0.900000
v 0.650000 4.550000 -1.400000
v 0.900000 4.550000 -1.400000
v 1.100000 4.550000 -0.950000
v 1.100000 4.550000 -1.350000
v 0.700000 4.150000 -1.350000
v 0.700000 4.150000 -0.950000
v 0.900000 4.150000 -1.350000
v 0.900000 4.150000 -0.950000
v 0.900000 4.150000 -0.900000
v 0.650000 4.150000 -0.900000
v 0.650000 4.150000 -1.400000
v 0.900000 4.150000 -1.400000
v 1.100000 4.150000 -0.950000
v 1.100000 4.150000 -1.350000
v 1.150000 4.150000 -1.400000
v 1.150000 4.150000 -0.900000
vt 0.000000 1.000000
vt 0.000000 0.000000
vt 1.000000 0.000000
vt 1.000000 1.000000
vt 0.750000 1.000000
vt 0.350000 1.000000
vt 0.000000 1.000000
vt 0.000000 0.000000
vt 1.000000 0.000000
vt 1.000000 1.000000
vt 0.825000 1.000000
vt 0.450000 1.000000
vt 0.000000 1.000000
vt 0.000000 0.000000
vt 1.000000 0.000000
vt 1.000000 1.000000
vt 0.800000 1.000000
vt 0.325000 1.000000
vt 0.000000 1.000000
vt 0.000000 0.000000
vt 1.000000 0.000000
vt 1.000000 1.000000
vt 0.000000 1.000000
vt 0.000000 0.000000
vt 1.000000 0.000000
vt 1.000000 1.000000
vt 0.600000 1.000000
vt 0.250000 1.000000
vt 0.000000 1.000000
vt 0.000000 0.000000
vt 1.000000 0.000000
vt 1.000000 1.000000
vt 0.000000 0.555556
vt 0.000000 0.000000
vt 1.000000 0.000000
vt 1.000000 1.000000
vt 0.000000 1.000000
vt 0.000000 1.000000
vt 0.000000 0.000000
vt 1.000000 0.000000
vt 1.000000 1.000000
vt 1.000000 0.000000
vt 1.000000 1.000000
vt 0.000000 1.000000
vt 0.000000 0.000000
vt 0.000000 0.277778
vt 0.000000 0.000000
vt 1.000000 0.000000
vt 1.000000 1.000000
vt 0.000000 1.000000
vt 0.000000 1.000000
vt 0.000000 0.842105
vt 0.000000 0.000000
vt 1.000000 0.000000
vt 1.000000 1.000000
vt 0.000000 0.428571
vt 0.000000 0.000000
vt 1.000000 0.000000
vt 1.000000 1.000000
vt 0.000000 1.000000
vt 0.000000 0.789474
vt 0.000000 0.000000
vt 1.000000 0.000000
vt 1.000000 1.000000
vt 0.000000 1.000000
vt 1.000000 0.000000
vt 1.000000 1.000000
vt 0.000000 1.000000
vt 0.000000 0.000000
vt 0.000000 1.000000
vt 0.000000 0.000000
vt 1.000000 0.000000
vt 1.000000 1.000000
vt 0.000000 1.000000
vt 0.000000 0.263158
vt 0.000000 0.000000
vt 1.000000 0.000000
vt 1.000000 1.000000
vt 0.000000 1.000000
vt 0.000000 0.000000
vt 1.000000 0.000000
vt 1.000000 1.000000
vt 0.000000 1.000000
vt 0.000000 0.000000
vt 1.000000 0.000000
vt 1.000000 1.000000
vt 1.000000 0.000000
vt 1.000000 1.000000
vt 0.000000 1.000000
vt 0.000000 0.000000
vt 0.000000 1.000000
vt 0.000000 0.000000
vt 1.000000 0.000000
vt 1.000000 1.000000
vt 0.000000 1.000000
vt 0.000000 0.000000
vt 1.000000 0.000000
vt 1.000000 1.000000
vt 0.000000 1.000000
vt 0.000000 0.777778
vt 0.000000 0.000000
vt 1.000000 0.000000
vt 1.000000 1.000000
vt 0.000000 1.000000
vt 0.000000 0.000000
vt 1.000000 0.000000
vt 1.000000 1.000000
vt 1.000000 0.000000
vt 1.000000 1.000000
vt 0.000000 1.000000
vt 0.000000 0.000000
vt 0.000000 1.000000
vt 0.000000 0.000000
vt 1.000000 0.000000
vt 1.000000 1.000000
vt 0.000000 1.000000
vt 0.000000 0.000000
vt 1.000000 0.000000
vt 1.000000 1.000000
vt 0.000000 1.000000
vt 0.000000 0.000000
vt 1.000000 0.000000
vt 1.000000 1.000000
vt 0.000000 1.000000
vt 0.000000 0.000000
vt 1.000000 0.000000
vt 1.000000 1.000000
vt 1.000000 0.000000
vt 1.000000 1.000000
vt 0.000000 1.000000
vt 0.000000 0.000000
vt 0.000000 1.000000
vt 0.000000 0.000000
vt 1.000000 0.000000
vt 1.000000 1.000000
vt 0.000000 1.000000
vt 0.000000 0.000000
vt 1.000000 0.000000
vt 1.000000 1.000000
vt 0.000000 1.000000
vt 0.000000 0.500000
vt 0.000000 0.000000
vt 1.000000 0.000000
vt 1.000000 1.000000
vt 0.000000 1.000000
vt 0.000000 0.000000
vt 1.000000 0.000000
vt 1.000000 1.000000
vt 1.000000 0.000000
vt 1.000000 1.000000
vt 0.000000 1.000000
vt 0.000000 0.000000
vt 0.000000 1.000000
vt 0.000000 0.000000
vt 1.000000 0.000000
vt 1.000000 1.000000
vt 0.000000 1.000000
vt 0.000000 0.000000
vt 1.000000 0.000000
vt 1.000000 1.000000
vt 0.000000 1.000000
vt 0.000000 0.000000
vt 1.000000 0.000000
vt 1.000000 1.000000
vt 0.000000 1.000000
vt 0.000000 0.000000
vt 1.000000 0.000000
vt 1.000000 1.000000
vt 0.000000 1.000000
vt 0.000000 0.000000
vt 1.000000 0.000000
vt 1.000000 1.000000
vt 0.000000 1.000000
vt 0.000000 0.000000
vt 1.000000 0.000000
vt 1.000000 1.000000
vt 0.375000 0.500000
vt 0.375000 0.000000
vt 1.000000 0.000000
vt 1.000000 1.000000
vt 0.000000 1.000000
vt 0.000000 0.500000
vt 0.000000 1.000000
vt 0.000000 0.000000
vt 1.000000 0.000000
vt 1.000000 1.000000
vt 0.000000 1.000000
vt 0.000000 0.000000
vt 1.000000 0.000000
vt 1.000000 1.000000
vt 0.000000 1.000000
vt 0.000000 0.000000
vt 1.000000 0.000000
vt 1.000000 1.000000
vt 0.000000 1.000000
vt 0.000000 0.000000
vt 1.000000 0.000000
vt 1.000000 1.000000
vt 1.000000 0.000000
vt 1.000000 1.000000
vt 0.000000 1.000000
vt 0.000000 0.000000
vt 0.000000 1.000000
vt 0.000000 0.000000
vt 1.000000 0.000000
vt 1.000000 1.000000
vt 0.000000 1.000000
vt 0.000000 0.000000
vt 1.000000 0.000000
vt 1.000000 1.000000
vt 0.000000 1.000000
vt 0.000000 0.000000
vt 1.000000 0.000000
vt 1.000000 1.000000
vt 0.000000 1.000000
vt 0.000000 0.000000
vt 1.000000 0.000000
vt 1.000000 1.000000
vt 1.000000 0.000000
vt 1.000000 1.000000
vt 0.000000 1.000000
vt 0.000000 0.000000
vt 0.000000 1.000000
vt 0.000000 0.000000
vt 1.000000 0.000000
vt 1.000000 1.000000
vt 0.000000 1.000000
vt 0.000000 0.000000
vt 1.000000 0.000000
vt 1.000000 1.000000
vt 0.750000 1.000000
vt 0.350000 1.000000
vt 0.000000 1.000000
vt 0.000000 0.000000
vt 1.000000 0.000000
vt 1.000000 1.000000
vt 0.825000 1.000000
vt 0.450000 1.000000
vt 0.000000 1.000000
vt 0.000000 0.000000
vt 1.000000 0.000000
vt 1.000000 1.000000
vt 0.800000 1.000000
vt 0.325000 1.000000
vt 0.000000 1.000000
vt 0.000000 0.000000
vt 1.000000 0.000000
vt 1.000000 1.000000
vt 0.000000 1.000000
vt 0.000000 0.000000
vt 1.000000 0.000000
vt 1.000000 1.000000
vt 0.600000 1.000000
vt 0.250000 1.000000
vt 0.000000 1.000000
vt 0.000000 0.000000
vt 1.000000 0.000000
vt 1.000000 1.000000
vt 0.000000 0.555556
vt 0.000000 0.000000
vt 1.000000 0.000000
vt 1.000000 1.000000
vt 0.000000 1.000000
vt 0.000000 1.000000
vt 0.000000 0.000000
vt 1.000000 0.000000
vt 1.000000 1.000000
vt 1.000000 0.000000
vt 1.000000 1.000000
vt 0.000000 1.000000
vt 0.000000 0.000000
vt 0.000000 0.277778
vt 0.000000 0.000000
vt 1.000000 0.000000
vt 1.000000 1.000000
vt 0.000000 1.000000
vt 0.000000 1.000000
vt 0.000000 0.842105
vt 0.000000 0.000000
vt 1.000000 0.000000
vt 1.000000 1.000000
vt 0.000000 0.428571
vt 0.000000 0.000000
vt 1.000000 0.000000
vt 1.000000 1.000000
vt 0.000000 1.000000
vt 0.000000 0.789474
vt 0.000000 0.000000
vt 1.000000 0.000000
vt 1.000000 1.000000
vt 0.000000 1.000000
vt 1.000000 0.000000
vt 1.000000 1.000000
vt 0.000000 1.000000
vt 0.000000 0.000000
vt 0.000000 1.000000
vt 0.000000 0.000000
vt 1.000000 0.000000
vt 1.000000 1.000000
vt 0.000000 1.000000
vt 0.000000 0.263158
vt 0.000000 0.000000
vt 1.000000 0.000000
vt 1.000000 1.000000
vt 0.000000 1.000000
vt 0.000000 0.000000
vt 1.000000 0.000000
vt 1.000000 1.000000
vt 0.000000 1.000000
vt 0.000000 0.000000
vt 1.000000 0.000000
vt 1.000000 1.000000
vt 1.000000 0.000000
vt 1.000000 1.000000
vt 0.000000 1.000000
vt 0.000000 0.000000
vt 0.000000 1.000000
vt 0.000000 0.000000
vt 1.000000 0.000000
vt 1.000000 1.000000
vt 0.000000 1.000000
vt 0.000000 0.000000
vt 1.000000 0.000000
vt 1.000000 1.000000
vt 0.000000 1.000000
vt 0.000000 0.777778
vt 0.000000 0.000000
vt 1.000000 0.000000
vt 1.000000 1.000000
vt 0.000000 1.000000
vt 0.000000 0.000000
vt 1.000000 0.000000
vt 1.000000 1.000000
vt 1.000000 0.000000
vt 1.000000 1.000000
vt 0.000000 1.000000
vt 0.000000 0.000000
vt 0.000000 1.000000
vt 0.000000 0.000000
vt 1.000000 0.000000
vt 1.000000 1.000000
vt 0.000000 1.000000
vt 0.000000 0.000000
vt 1.000000 0.000000
vt 1.000000 1.000000
vt 0.000000 1.000000
vt 0.000000 0.000000
vt 1.000000 0.000000
vt 1.000000 1.000000
vt 0.000000 1.000000
vt 0.000000 0.000000
vt 1.000000 0.000000
vt 1.000000 1.000000
vt 1.000000 0.000000
vt 1.000000 1.000000
vt 0.000000 1.000000
vt 0.000000 0.000000
vt 0.000000 1.000000
vt 0.000000 0.000000
vt 1.000000 0.000000
vt 1.000000 1.000000
vt 0.000000 1.000000
vt 0.000000 0.000000
vt 1.000000 0.000000
vt 1.000000 1.000000
vt 0.000000 1.000000
vt 0.000000 0.500000
vt 0.000000 0.000000
vt 1.000000 0.000000
vt 1.000000 1.000000
vt 0.000000 1.000000
vt 0.000000 0.000000
vt 1.000000 0.000000
vt 1.000000 1.000000
vt 1.000000 0.000000
vt 1.000000 1.000000
vt 0.000000 1.000000
vt 0.000000 0.000000
vt 0.000000 1.000000
vt 0.000000 0.000000
vt 1.000000 0.000000
vt 1.000000 1.000000
vt 0.000000 1.000000
vt 0.000000 0.000000
vt 1.000000 0.000000
vt 1.000000 1.000000
vt 0.000000 1.000000
vt 0.000000 0.000000
vt 1.000000 0.000000
vt 1.000000 1.000000
vt 0.000000 1.000000
vt 0.000000 0.000000
vt 1.000000 0.000000
vt 1.000000 1.000000
vt 0.000000 1.000000
vt 0.000000 0.000000
vt 1.000000 0.000000
vt 1.000000 1.000000
vt 0.000000 1.000000
vt 0.000000 0.000000
vt 1.000000 0.000000
vt 1.000000 1.000000
vt 0.375000 0.500000
vt 0.375000 0.000000
vt 1.000000 0.000000
vt 1.000000 1.000000
vt 0.000000 1.000000
vt 0.000000 0.500000
vt 0.000000 1.000000
vt 0.000000 0.000000
vt 1.000000 0.000000
vt 1.000000 1.000000
vt 0.000000 1.000000
vt 0.000000 0.000000
vt 1.000000 0.000000
vt 1.000000 1.000000
vt 0.000000 1.000000
vt 0.000000 0.000000
vt 1.000000 0.000000
vt 1.000000 1.000000
vt 0.000000 1.000000
vt 0.000000 0.000000
vt 1.000000 0.000000
vt 1.000000 1.000000
vt 1.000000 0.000000
vt 1.000000 1.000000
vt 0.000000 1.000000
vt 0.000000 0.000000
vt 0.000000 1.000000
vt 0.000000 0.000000
vt 1.000000 0.000000
vt 1.000000 1.000000
vt 0.000000 1.000000
vt 0.000000 0.000000
vt 1.000000 0.000000
vt 1.000000 1.000000
vt 0.000000 1.000000
vt 0.000000 0.000000
vt 1.000000 0.000000
vt 1.000000 1.000000
vt 0.000000 1.000000
vt 0.000000 0.000000
vt 1.000000 0.000000
vt 1.000000 1.000000
vt 1.000000 0.000000
vt 1.000000 1.000000
vt 0.000000 1.000000
vt 0.000000 0.000000
vt 0.000000 1.000000
vt 0.000000 0.000000
vt 1.000000 0.000000
vt 1.000000 1.000000
vt 0.000000 1.000000
vt 0.000000 0.000000
vt 1.000000 0.000000
vt 1.000000 1.000000
vt 0.750000 1.000000
vt 0.350000 1.000000
vt 0.000000 1.000000
vt 0.000000 0.000000
vt 1.000000 0.000000
vt 1.000000 1.000000
vt 0.825000 1.000000
vt 0.450000 1.000000
vt 0.000000 1.000000
vt 0.000000 0.000000
vt 1.000000 0.000000
vt 1.000000 1.000000
vt 0.800000 1.000000
vt 0.325000 1.000000
vt 0.000000 1.000000
vt 0.000000 0.000000
vt 1.000000 0.000000
vt 1.000000 1.000000
vt 0.000000 1.000000
vt 0.000000 0.000000
vt 1.000000 0.000000
vt 1.000000 1.000000
vt 0.600000 1.000000
vt 0.250000 1.000000
vt 0.000000 1.000000
vt 0.000000 0.000000
vt 1.000000 0.000000
vt 1.000000 1.000000
vt 0.000000 0.555556
vt 0.000000 0.000000
vt 1.000000 0.000000
vt 1.000000 1.000000
vt 0.000000 1.000000
vt 0.000000 1.000000
vt 0.000000 0.000000
vt 1.000000 0.000000
vt 1.000000 1.000000
vt 1.000000 0.000000
vt 1.000000 1.000000
vt 0.000000 1.000000
vt 0.000000 0.000000
vt 0.000000 0.277778
vt 0.000000 0.000000
vt 1.000000 0.000000
vt 1.000000 1.000000
vt 0.000000 1.000000
vt 0.000000 1.000000
vt 0.000000 0.842105
vt 0.000000 0.000000
vt 1.000000 0.000000
vt 1.000000 1.000000
vt 0.000000 0.428571
vt 0.000000 0.000000
vt 1.000000 0.000000
vt 1.000000 1.000000
vt 0.000000 1.000000
vt 0.000000 0.789474
vt 0.000000 0.000000
vt 1.000000 0.000000
vt 1.000000 1.000000
vt 0.000000 1.000000
vt 1.000000 0.000000
vt 1.000000 1.000000
vt 0.000000 1.000000
vt 0.000000 0.000000
vt 0.000000 1.000000
vt 0.000000 0.000000
vt 1.000000 0.000000
vt 1.000000 1.000000
vt 0.000000 1.000000
vt 0.000000 0.263158
vt 0.000000 0.000000
vt 1.000000 0.000000
vt 1.000000 1.000000
vt 0.000000 1.000000
vt 0.000000 0.000000
vt 1.000000 0.000000
vt 1.000000 1.000000
vt 0.000000 1.000000
vt 0.000000 0.000000
vt 1.000000 0.000000
vt 1.000000 1.000000
vt 1.000000 0.000000
vt 1.000000 1.000000
vt 0.000000 1.000000
vt 0.000000 0.000000
vt 0.000000 1.000000
vt 0.000000 0.000000
vt 1.000000 0.000000
vt 1.000000 1.000000
vt 0.000000 1.000000
vt 0.000000 0.000000
vt 1.000000 0.000000
vt 1.000000 1.000000
vt 0.000000 1.000000
vt 0.000000 0.777778
vt 0.000000 0.000000
vt 1.000000 0.000000
vt 1.000000 1.000000
vt 0.000000 1.000000
vt 0.000000 0.000000
vt 1.000000 0.000000
vt 1.000000 1.000000
vt 1.000000 0.000000
vt 1.000000 1.000000
vt 0.000000 1.000000
vt 0.000000 0.000000
vt 0.000000 1.000000
vt 0.000000 0.000000
vt 1.000000 0.000000
vt 1.000000 1.000000
vt 0.000000 1.000000
vt 0.000000 0.000000
vt 1.000000 0.000000
vt 1.000000 1.000000
vt 0.000000 1.000000
vt 0.000000 0.000000
vt 1.000000 0.000000
vt 1.000000 1.000000
vt 0.000000 1.000000
vt 0.000000 0.000000
vt 1.000000 0.000000
vt 1.000000 1.000000
vt 1.000000 0.000000
vt 1.000000 1.000000
vt 0.000000 1.000000
vt 0.000000 0.000000
vt 0.000000 1.000000
vt 0.000000 0.000000
vt 1.000000 0.000000
vt 1.000000 1.000000
vt 0.000000 1.000000
vt 0.000000 0.000000
vt 1.000000 0.000000
vt 1.000000 1.000000
vt 0.000000 1.000000
vt 0.000000 0.500000
vt 0.000000 0.000000
vt 1.000000 0.000000
vt 1.000000 1.000000
vt 0.000000 1.000000
vt 0.000000 0.000000
vt 1.000000 0.000000
vt 1.000000 1.000000
vt 1.000000 0.000000
vt 1.000000 1.000000
vt 0.000000 1.000000
vt 0.000000 0.000000
vt 0.000000 1.000000
vt 0.000000 0.000000
vt 1.000000 0.000000
vt 1.000000 1.000000
vt 0.000000 1.000000
vt 0.000000 0.000000
vt 1.000000 0.000000
vt 1.000000 1.000000
vt 0.000000 1.000000
vt 0.000000 0.000000
vt 1.000000 0.000000
vt 1.000000 1.000000
vt 0.000000 1.000000
vt 0.000000 0.000000
vt 1.000000 0.000000
vt 1.000000 1.000000
vt 0.000000 1.000000
vt 0.000000 0.000000
vt 1.000000 0.000000
vt 1.000000 1.000000
vt 0.000000 1.000000
vt 0.000000 0.000000
vt 1.000000 0.000000
vt 1.000000 1.000000
vt 0.375000 0.500000
vt 0.375000 0.000000
vt 1.000000 0.000000
vt 1.000000 1.000000
vt 0.000000 1.000000
vt 0.000000 0.500000
vt 0.000000 1.000000
vt 0.000000 0.000000
vt 1.000000 0.000000
vt 1.000000 1.000000
vt 0.000000 1.000000
vt 0.000000 0.000000
vt 1.000000 0.000000
vt 1.000000 1.000000
vt 0.000000 1.000000
vt 0.000000 0.000000
vt 1.000000 0.000000
vt 1.000000 1.000000
vt 0.000000 1.000000
vt 0.000000 0.000000
vt 1.000000 0.000000
vt 1.000000 1.000000
vt 1.000000 0.000000
vt 1.000000 1.000000
vt 0.000000 1.000000
vt 0.000000 0.000000
vt 0.000000 1.000000
vt 0.000000 0.000000
vt 1.000000 0.000000
vt 1.000000 1.000000
vt 0.000000 1.000000
vt 0.000000 0.000000
vt 1.000000 0.000000
vt 1.000000 1.000000
vt 0.000000 1.000000
vt 0.000000 0.000000
vt 1.000000 0.000000
vt 1.000000 1.000000
vt 0.000000 1.000000
vt 0.000000 0.000000
vt 1.000000 0.000000
vt 1.000000 1.000000
vt 1.000000 0.000000
vt 1.000000 1.000000
vt 0.000000 1.000000
vt 0.000000 0.000000
vt 0.000000 1.000000
vt 0.000000 0.000000
vt 1.000000 0.000000
vt 1.000000 1.000000
vt 0.000000 1.000000
vt 0.000000 0.000000
vt 1.000000 0.000000
vt 1.000000 1.000000
vt 0.750000 1.000000
vt 0.350000 1.000000
vt 0.000000 1.000000
vt 0.000000 0.000000
vt 1.000000 0.000000
vt 1.000000 1.000000
vt 0.825000 1.000000
vt 0.450000 1.000000
vt 0.000000 1.000000
vt 0.000000 0.000000
vt 1.000000 0.000000
vt 1.000000 1.000000
vt 0.800000 1.000000
vt 0.325000 1.000000
vt 0.000000 1.000000
vt 0.000000 0.000000
vt 1.000000 0.000000
vt 1.000000 1.000000
vt 0.000000 1.000000
vt 0.000000 0.000000
vt 1.000000 0.000000
vt 1.000000 1.000000
vt 0.600000 1.000000
vt 0.250000 1.000000
vt 0.000000 1.000000
vt 0.000000 0.000000
vt 1.000000 0.000000
vt 1.000000 1.000000
vt 0.000000 0.555556
vt 0.000000 0.000000
vt 1.000000 0.000000
vt 1.000000 1.000000
vt 0.000000 1.000000
vt 0.000000 1.000000
vt 0.000000 0.000000
vt 1.000000 0.000000
vt 1.000000 1.000000
vt 1.000000 0.000000
vt 1.000000 1.000000
vt 0.000000 1.000000
vt 0.000000 0.000000
vt 0.000000 0.277778
vt 0.000000 0.000000
vt 1.000000 0.000000
vt 1.000000 1.000000
vt 0.000000 1.000000
vt 0.000000 1.000000
vt 0.000000 0.842105
vt 0.000000 0.000000
vt 1.000000 0.000000
vt 1.000000 1.000000
vt 0.000000 0.428571
vt 0.000000 0.000000
vt 1.000000 0.000000
vt 1.000000 1.000000
vt 0.000000 1.000000
vt 0.000000 0.789474
vt 0.000000 0.000000
vt 1.000000 0.000000
vt 1.000000 1.000000
vt 0.000000 1.000000
vt 1.000000 0.000000
vt 1.000000 1.000000
vt 0.000000 1.000000
vt 0.000000 0.000000
vt 0.000000 1.000000
vt 0.000000 0.000000
vt 1.000000 0.000000
vt 1.000000 1.000000
vt 0.000000 1.000000
vt 0.000000 0.263158
vt 0.000000 0.000000
vt 1.000000 0.000000
vt 1.000000 1.000000
vt 0.000000 1.000000
vt 0.000000 0.000000
vt 1.000000 0.000000
vt 1.000000 1.000000
vt 0.000000 1.000000
vt 0.000000 0.000000
vt 1.000000 0.000000
vt 1.000000 1.000000
vt 1.000000 0.000000
vt 1.000000 1.000000
vt 0.000000 1.000000
vt 0.000000 0.000000
vt 0.000000 1.000000
vt 0.000000 0.000000
vt 1.000000 0.000000
vt 1.000000 1.000000
vt 0.000000 1.000000
vt 0.000000 0.000000
vt 1.000000 0.000000
vt 1.000000 1.000000
vt 0.000000 1.000000
vt 0.000000 0.777778
vt 0.000000 0.000000
vt 1.000000 0.000000
vt 1.000000 1.000000
vt 0.000000 1.000000
vt 0.000000 0.000000
vt 1.000000 0.000000
vt 1.000000 1.000000
vt 1.000000 0.000000
vt 1.000000 1.000000
vt 0.000000 1.000000
vt 0.000000 0.000000
vt 0.000000 1.000000
vt 0.000000 0.000000
vt 1.000000 0.000000
vt 1.000000 1.000000
vt 0.000000 1.000000
vt 0.000000 0.000000
vt 1.000000 0.000000
vt 1.000000 1.000000
vt 0.000000 1.000000
vt 0.000000 0.000000
vt 1.000000 0.000000
vt 1.000000 1.000000
vt 0.000000 1.000000
vt 0.000000 0.000000
vt 1.000000 0.000000
vt 1.000000 1.000000
vt 1.000000 0.000000
vt 1.000000 1.000000
vt 0.000000 1.000000
vt 0.000000 0.000000
vt 0.000000 1.000000
vt 0.000000 0.000000
vt 1.000000 0.000000
vt 1.000000 1.000000
vt 0.000000 1.000000
vt 0.000000 0.000000
vt 1.000000 0.000000
vt 1.000000 1.000000
vt 0.000000 1.000000
vt 0.000000 0.500000
vt 0.000000 0.000000
vt 1.000000 0.000000
vt 1.000000 1.000000
vt 0.000000 1.000000
vt 0.000000 0.000000
vt 1.000000 0.000000
vt 1.000000 1.000000
vt 1.000000 0.000000
vt 1.000000 1.000000
vt 0.000000 1.000000
vt 0.000000 0.000000
vt 0.000000 1.000000
vt 0.000000 0.000000
vt 1.000000 0.000000
vt 1.000000 1.000000
vt 0.000000 1.000000
vt 0.000000 0.000000
vt 1.000000 0.000000
vt 1.000000 1.000000
vt 0.000000 1.000000
vt 0.000000 0.000000
vt 1.000000 0.000000
vt 1.000000 1.000000
vt 0.000000 1.000000
vt 0.000000 0.000000
vt 1.000000 0.000000
vt 1.000000 1.000000
vt 0.000000 1.000000
vt 0.000000 0.000000
vt 1.000000 0.000000
vt 1.000000 1.000000
vt 0.000000 1.000000
vt 0.000000 0.000000
vt 1.000000 0.000000
vt 1.000000 1.000000
vt 0.375000 0.500000
vt 0.375000 0.000000
vt 1.000000 0.000000
vt 1.000000 1.000000
vt 0.000000 1.000000
vt 0.000000 0.500000
vt 0.000000 1.000000
vt 0.000000 0.000000
vt 1.000000 0.000000
vt 1.000000 1.000000
vt 0.000000 1.000000
vt 0.000000 0.000000
vt 1.000000 0.000000
vt 1.000000 1.000000
vt 0.000000 1.000000
vt 0.000000 0.000000
vt 1.000000 0.000000
vt 1.000000 1.000000
vt 0.000000 1.000000
vt 0.000000 0.000000
vt 1.000000 0.000000
vt 1.000000 1.000000
vt 1.000000 0.000000
vt 1.000000 1.000000
vt 0.000000 1.000000
vt 0.000000 0.000000
vt 0.000000 1.000000
vt 0.000000 0.000000
vt 1.000000 0.000000
vt 1.000000 1.000000
vt 0.000000 1.000000
vt 0.000000 0.000000
vt 1.000000 0.000000
vt 1.000000 1.000000
vt 0.000000 1.000000
vt 0.000000 0.000000
vt 1.000000 0.000000
vt 1.000000 1.000000
vt 0.000000 1.000000
vt 0.000000 0.000000
vt 1.000000 0.000000
vt 1.000000 1.000000
vt 1.000000 0.000000
vt 1.000000 1.000000
vt 0.000000 1.000000
vt 0.000000 0.000000
vt 0.000000 1.000000
vt 0.000000 0.000000
vt 1.000000 0.000000
vt 1.000000 1.000000
vt 0.000000 1.000000
vt 0.000000 0.000000
vt 1.000000 0.000000
vt 1.000000 1.000000
vt 0.750000 1.000000
vt 0.350000 1.000000
vt 0.000000 1.000000
vt 0.000000 0.000000
vt 1.000000 0.000000
vt 1.000000 1.000000
vt 0.825000 1.000000
vt 0.450000 1.000000
vt 0.000000 1.000000
vt 0.000000 0.000000
vt 1.000000 0.000000
vt 1.000000 1.000000
vt 0.800000 1.000000
vt 0.325000 1.000000
vt 0.000000 1.000000
vt 0.000000 0.000000
vt 1.000000 0.000000
vt 1.000000 1.000000
vt 0.000000 1.000000
vt 0.000000 0.000000
vt 1.000000 0.000000
vt 1.000000 1.000000
vt 0.600000 1.000000
vt 0.250000 1.000000
vt 0.000000 1.000000
vt 0.000000 0.000000
vt 1.000000 0.000000
vt 1.000000 1.000000
vt 0.000000 0.555556
vt 0.000000 0.000000
vt 1.000000 0.000000
vt 1.000000 1.000000
vt 0.000000 1.000000
vt 0.000000 1.000000
vt 0.000000 0.000000
vt 1.000000 0.000000
vt 1.000000 1.000000
vt 1.000000 0.000000
vt 1.000000 1.000000
vt 0.000000 1.000000
vt 0.000000 0.000000
vt 0.000000 0.277778
vt 0.000000 0.000000
vt 1.000000 0.000000
vt 1.000000 1.000000
vt 0.000000 1.000000
vt 0.000000 1.000000
vt 0.000000 0.842105
vt 0.000000 0.000000
vt 1.000000 0.000000
vt 1.000000 1.000000
vt 0.000000 0.428571
vt 0.000000 0.000000
vt 1.000000 0.000000
vt 1.000000 1.000000
vt 0.000000 1.000000
vt 0.000000 0.789474
vt 0.000000 0.000000
vt 1.000000 0.000000
vt 1.000000 1.000000
vt 0.000000 1.000000
vt 1.000000 0.000000
vt 1.000000 1.000000
vt 0.000000 1.000000
vt 0.000000 0.000000
vt 0.000000 1.000000
vt 0.000000 0.000000
vt 1.000000 0.000000
vt 1.000000 1.000000
vt 0.000000 1.000000
vt 0.000000 0.263158
vt 0.000000 0.000000
vt 1.000000 0.000000
vt 1.000000 1.000000
vt 0.000000 1.000000
vt 0.000000 0.000000
vt 1.000000 0.000000
vt 1.000000 1.000000
vt 0.000000 1.000000
vt 0.000000 0.000000
vt 1.000000 0.000000
vt 1.000000 1.000000
vt 1.000000 0.000000
vt 1.000000 1.000000
vt 0.000000 1.000000
vt 0.000000 0.000000
vt 0.000000 1.000000
vt 0.000000 0.000000
vt 1.000000 0.000000
vt 1.000000 1.000000
vt 0.000000 1.000000
vt 0.000000 0.000000
vt 1.000000 0.000000
vt 1.000000 1.000000
vt 0.000000 1.000000
vt 0.000000 0.777778
vt 0.000000 0.000000
vt 1.000000 0.000000
vt 1.000000 1.000000
vt 0.000000 1.000000
vt 0.000000 0.000000
vt 1.000000 0.000000
vt 1.000000 1.000000
vt 1.000000 0.000000
vt 1.000000 1.000000
vt 0.000000 1.000000
vt 0.000000 0.000000
vt 0.000000 1.000000
vt 0.000000 0.000000
vt 1.000000 0.000000
vt 1.000000 1.000000
vt 0.000000 1.000000
vt 0.000000 0.000000
vt 1.000000 0.000000
vt 1.000000 1.000000
vt 0.000000 1.000000
vt 0.000000 0.000000
vt 1.000000 0.000000
vt 1.000000 1.000000
vt 0.000000 1.000000
vt 0.000000 0.000000
vt 1.000000 0.000000
vt 1.000000 1.000000
vt 1.000000 0.000000
vt 1.000000 1.000000
vt 0.000000 1.000000
vt 0.000000 0.000000
vt 0.000000 1.000000
vt 0.000000 0.000000
vt 1.000000 0.000000
vt 1.000000 1.000000
vt 0.000000 1.000000
vt 0.000000 0.000000
vt 1.000000 0.000000
vt 1.000000 1.000000
vt 0.000000 1.000000
vt 0.000000 0.500000
vt 0.000000 0.000000
vt 1.000000 0.000000
vt 1.000000 1.000000
vt 0.000000 1.000000
vt 0.000000 0.000000
vt 1.000000 0.000000
vt 1.000000 1.000000
vt 1.000000 0.000000
vt 1.000000 1.000000
vt 0.000000 1.000000
vt 0.000000 0.000000
vt 0.000000 1.000000
vt 0.000000 0.000000
vt 1.000000 0.000000
vt 1.000000 1.000000
vt 0.000000 1.000000
vt 0.000000 0.000000
vt 1.000000 0.000000
vt 1.000000 1.000000
vt 0.000000 1.000000
vt 0.000000 0.000000
vt 1.000000 0.000000
vt 1.000000 1.000000
vt 0.000000 1.000000
vt 0.000000 0.000000
vt 1.000000 0.000000
vt 1.000000 1.000000
vt 0.000000 1.000000
vt 0.000000 0.000000
vt 1.000000 0.000000
vt 1.000000 1.000000
vt 0.000000 1.000000
vt 0.000000 0.000000
vt 1.000000 0.000000
vt 1.000000 1.000000
vt 0.375000 0.500000
vt 0.375000 0.000000
vt 1.000000 0.000000
vt 1.000000 1.000000
vt 0.000000 1.000000
vt 0.000000 0.500000
vt 0.000000 1.000000
vt 0.000000 0.000000
vt 1.000000 0.000000
vt 1.000000 1.000000
vt 0.000000 1.000000
vt 0.000000 0.000000
vt 1.000000 0.000000
vt 1.000000 1.000000
vt 0.000000 1.000000
vt 0.000000 0.000000
vt 1.000000 0.000000
vt 1.000000 1.000000
vt 0.000000 1.000000
vt 0.000000 0.000000
vt 1.000000 0.000000
vt 1.000000 1.000000
vt 1.000000 0.000000
vt 1.000000 1.000000
vt 0.000000 1.000000
vt 0.000000 0.000000
vt 0.000000 1.000000
vt 0.000000 0.000000
vt 1.000000 0.000000
vt 1.000000 1.000000
vt 0.000000 1.000000
vt 0.000000 0.000000
vt 1.000000 0.000000
vt 1.000000 1.000000
vt 0.000000 1.000000
vt 0.000000 0.000000
vt 1.000000 0.000000
vt 1.000000 1.000000
vt 0.000000 1.000000
vt 0.000000 0.000000
vt 1.000000 0.000000
vt 1.000000 1.000000
vt 1.000000 0.000000
vt 1.000000 1.000000
vt 0.000000 1.000000
vt 0.000000 0.000000
vt 0.000000 1.000000
vt 0.000000 0.000000
vt 1.000000 0.000000
vt 1.000000 1.000000
vt 0.000000 1.000000
vt 0.000000 0.000000
vt 1.000000 0.000000
vt 1.000000 1.000000
vt 0.750000 1.000000
vt 0.350000 1.000000
vt 0.000000 1.000000
vt 0.000000 0.000000
vt 1.000000 0.000000
vt 1.000000 1.000000
vt 0.825000 1.000000
vt 0.450000 1.000000
vt 0.000000 1.000000
vt 0.000000 0.000000
vt 1.000000 0.000000
vt 1.000000 1.000000
vt 0.800000 1.000000
vt 0.325000 1.000000
vt 0.000000 1.000000
vt 0.000000 0.000000
vt 1.000000 0.000000
vt 1.000000 1.000000
vt 0.000000 1.000000
vt 0.000000 0.000000
vt 1.000000 0.000000
vt 1.000000 1.000000
vt 0.600000 1.000000
vt 0.250000 1.000000
vt 0.000000 1.000000
vt 0.000000 0.000000
vt 1.000000 0.000000
vt 1.000000 1.000000
vt 0.000000 0.555556
vt 0.000000 0.000000
vt 1.000000 0.000000
vt 1.000000 1.000000
vt 0.000000 1.000000
vt 0.000000 1.000000
vt 0.000000 0.000000
vt 1.000000 0.000000
vt 1.000000 1.000000
vt 1.000000 0.000000
vt 1.000000 1.000000
vt 0.000000 1.000000
vt 0.000000 0.000000
vt 0.000000 0.277778
vt 0.000000 0.000000
vt 1.000000 0.000000
vt 1.000000 1.000000
vt 0.000000 1.000000
vt 0.000000 1.000000
vt 0.000000 0.842105
vt 0.000000 0.000000
vt 1.000000 0.000000
vt 1.000000 1.000000
vt 0.000000 0.428571
vt 0.000000 0.000000
vt 1.000000 0.000000
vt 1.000000 1.000000
vt 0.000000 1.000000
vt 0.000000 0.789474
vt 0.000000 0.000000
vt 1.000000 0.000000
vt 1.000000 1.000000
vt 0.000000 1.000000
vt 1.000000 0.000000
vt 1.000000 1.000000
vt 0.000000 1.000000
vt 0.000000 0.000000
vt 0.000000 1.000000
vt 0.000000 0.000000
vt 1.000000 0.000000
vt 1.000000 1.000000
vt 0.000000 1.000000
vt 0.000000 0.263158
vt 0.000000 0.000000
vt 1.000000 0.000000
vt 1.000000 1.000000
vt 0.000000 1.000000
vt 0.000000 0.000000
vt 1.000000 0.000000
vt 1.000000 1.000000
vt 0.000000 1.000000
vt 0.000000 0.000000
vt 1.000000 0.000000
vt 1.000000 1.000000
vt 1.000000 0.000000
vt 1.000000 1.000000
vt 0.000000 1.000000
vt 0.000000 0.000000
vt 0.000000 1.000000
vt 0.000000 0.000000
vt 1.000000 0.000000
vt 1.000000 1.000000
vt 0.000000 1.000000
vt 0.000000 0.000000
vt 1.000000 0.000000
vt 1.000000 1.000000
vt 0.000000 1.000000
vt 0.000000 0.777778
vt 0.000000 0.000000
vt 1.000000 0.000000
vt 1.000000 1.000000
vt 0.000000 1.000000
vt 0.000000 0.000000
vt 1.000000 0.000000
vt 1.000000 1.000000
vt 1.000000 0.000000
vt 1.000000 1.000000
vt 0.000000 1.000000
vt 0.000000 0.000000
vt 0.000000 1.000000
vt 0.000000 0.000000
vt 1.000000 0.000000
vt 1.000000 1.000000
vt 0.000000 1.000000
vt 0.000000 0.000000
vt 1.000000 0.000000
vt 1.000000 1.000000
vt 0.000000 1.000000
vt 0.000000 0.000000
vt 1.000000 0.000000
vt 1.000000 1.000000
vt 0.000000 1.000000
vt 0.000000 0.000000
vt 1.000000 0.000000
vt 1.000000 1.000000
vt 1.000000 0.000000
vt 1.000000 1.000000
vt 0.000000 1.000000
vt 0.000000 0.000000
vt 0.000000 1.000000
vt 0.000000 0.000000
vt 1.000000 0.000000
vt 1.000000 1.000000
vt 0.000000 1.000000
vt 0.000000 0.000000
vt 1.000000 0.000000
vt 1.000000 1.000000
vt 0.000000 1.000000
vt 0.000000 0.500000
vt 0.000000 0.000000
vt 1.000000 0.000000
vt 1.000000 1.000000
vt 0.000000 1.000000
vt 0.000000 0.000000
vt 1.000000 0.000000
vt 1.000000 1.000000
vt 1.000000 0.000000
vt 1.000000 1.000000
vt 0.000000 1.000000
vt 0.000000 0.000000
vt 0.000000 1.000000
vt 0.000000 0.000000
vt 1.000000 0.000000
vt 1.000000 1.000000
vt 0.000000 1.000000
vt 0.000000 0.000000
vt 1.000000 0.000000
vt 1.000000 1.000000
vt 0.000000 1.000000
vt 0.000000 0.000000
vt 1.000000 0.000000
vt 1.000000 1.000000
vt 0.000000 1.000000
vt 0.000000 0.000000
vt 1.000000 0.000000
vt 1.000000 1.000000
vt 0.000000 1.000000
vt 0.000000 0.000000
vt 1.000000 0.000000
vt 1.000000 1.000000
vt 0.000000 1.000000
vt 0.000000 0.000000
vt 1.000000 0.000000
vt 1.000000 1.000000
vt 0.375000 0.500000
vt 0.375000 0.000000
vt 1.000000 0.000000
vt 1.000000 1.000000
vt 0.000000 1.000000
vt 0.000000 0.500000
vt 0.000000 1.000000
vt 0.000000 0.000000
vt 1.000000 0.000000
vt 1.000000 1.000000
vt 0.000000 1.000000
vt 0.000000 0.000000
vt 1.000000 0.000000
vt 1.000000 1.000000
vt 0.000000 1.000000
vt 0.000000 0.000000
vt 1.000000 0.000000
vt 1.000000 1.000000
vt 0.000000 1.000000
vt 0.000000 0.000000
vt 1.000000 0.000000
vt 1.000000 1.000000
vt 1.000000 0.000000
vt 1.000000 1.000000
vt 0.000000 1.000000
vt 0.000000 0.000000
vt 0.000000 1.000000
vt 0.000000 0.000000
vt 1.000000 0.000000
vt 1.000000 1.000000
vt 0.000000 1.000000
vt 0.000000 0.000000
vt 1.000000 0.000000
vt 1.000000 1.000000
vt 0.000000 1.000000
vt 0.000000 0.000000
vt 1.000000 0.000000
vt 1.000000 1.000000
vt 0.000000 1.000000
vt 0.000000 0.000000
vt 1.000000 0.000000
vt 1.000000 1.000000
vt 1.000000 0.000000
vt 1.000000 1.000000
vt 0.000000 1.000000
vt 0.000000 0.000000
vt 0.000000 1.000000
vt 0.000000 0.000000
vt 1.000000 0.000000
vt 1.000000 1.000000
vt 0.000000 1.000000
vt 0.000000 0.000000
vt 1.000000 0.000000
vt 1.000000 1.000000
vt 0.750000 1.000000
vt 0.350000 1.000000
vt 0.000000 1.000000
vt 0.000000 0.000000
vt 1.000000 0.000000
vt 1.000000 1.000000
vt 0.825000 1.000000
vt 0.450000 1.000000
vt 0.000000 1.000000
vt 0.000000 0.000000
vt 1.000000 0.000000
vt 1.000000 1.000000
vt 0.800000 1.000000
vt 0.325000 1.000000
vt 0.000000 1.000000
vt 0.000000 0.000000
vt 1.000000 0.000000
vt 1.000000 1.000000
vt 0.000000 1.000000
vt 0.000000 0.000000
vt 1.000000 0.000000
vt 1.000000 1.000000
vt 0.600000 1.000000
vt 0.250000 1.000000
vt 0.000000 1.000000
vt 0.000000 0.000000
vt 1.000000 0.000000
vt 1.000000 1.000000
vt 0.000000 0.555556
vt 0.000000 0.000000
vt 1.000000 0.000000
vt 1.000000 1.000000
vt 0.000000 1.000000
vt 0.000000 1.000000
vt 0.000000 0.000000
vt 1.000000 0.000000
vt 1.000000 1.000000
vt 1.000000 0.000000
vt 1.000000 1.000000
vt 0.000000 1.000000
vt 0.000000 0.000000
vt 0.000000 0.277778
vt 0.000000 0.000000
vt 1.000000 0.000000
vt 1.000000 1.000000
vt 0.000000 1.000000
vt 0.000000 1.000000
vt 0.000000 0.842105
vt 0.000000 0.000000
vt 1.000000 0.000000
vt 1.000000 1.000000
vt 0.000000 0.428571
vt 0.000000 0.000000
vt 1.000000 0.000000
vt 1.000000 1.000000
vt 0.000000 1.000000
vt 0.000000 0.789474
vt 0.000000 0.000000
vt 1.000000 0.000000
vt 1.000000 1.000000
vt 0.000000 1.000000
vt 1.000000 0.000000
vt 1.000000 1.000000
vt 0.000000 1.000000
vt 0.000000 0.000000
vt 0.000000 1.000000
vt 0.000000 0.000000
vt 1.000000 0.000000
vt 1.000000 1.000000
vt 0.000000 1.000000
vt 0.000000 0.263158
vt 0.000000 0.000000
vt 1.000000 0.000000
vt 1.000000 1.000000
vt 0.000000 1.000000
vt 0.000000 0.000000
vt 1.000000 0.000000
vt 1.000000 1.000000
vt 0.000000 1.000000
vt 0.000000 0.000000
vt 1.000000 0.000000
vt 1.000000 1.000000
vt 1.000000 0.000000
vt 1.000000 1.000000
vt 0.000000 1.000000
vt 0.000000 0.000000
vt 0.000000 1.000000
vt 0.000000 0.000000
vt 1.000000 0.000000
vt 1.000000 1.000000
vt 0.000000 1.000000
vt 0.000000 0.000000
vt 1.000000 0.000000
vt 1.000000 1.000000
vt 0.000000 1.000000
vt 0.000000 0.777778
vt 0.000000 0.000000
vt 1.000000 0.000000
vt 1.000000 1.000000
vt 0.000000 1.000000
vt 0.000000 0.000000
vt 1.000000 0.000000
vt 1.000000 1.000000
vt 1.000000 0.000000
vt 1.000000 1.000000
vt 0.000000 1.000000
vt 0.000000 0.000000
vt 0.000000 1.000000
vt 0.000000 0.000000
vt 1.000000 0.000000
vt 1.000000 1.000000
vt 0.000000 1.000000
vt 0.000000 0.000000
vt 1.000000 0.000000
vt 1.000000 1.000000
vt 0.000000 1.000000
vt 0.000000 0.000000
vt 1.000000 0.000000
vt 1.000000 1.000000
vt 0.000000 1.000000
vt 0.000000 0.000000
vt 1.000000 0.000000
vt 1.000000 1.000000
vt 1.000000 0.000000
vt 1.000000 1.000000
vt 0.000000 1.000000
vt 0.000000 0.000000
vt 0.000000 1.000000
vt 0.000000 0.000000
vt 1.000000 0.000000
vt 1.000000 1.000000
vt 0.000000 1.000000
vt 0.000000 0.000000
vt 1.000000 0.000000
vt 1.000000 1.000000
vt 0.000000 1.000000
vt 0.000000 0.500000
vt 0.000000 0.000000
vt 1.000000 0.000000
vt 1.000000 1.000000
vt 0.000000 1.000000
vt 0.000000 0.000000
vt 1.000000 0.000000
vt 1.000000 1.000000
vt 1.000000 0.000000
vt 1.000000 1.000000
vt 0.000000 1.000000
vt 0.000000 0.000000
vt 0.000000 1.000000
vt 0.000000 0.000000
vt 1.000000 0.000000
vt 1.000000 1.000000
vt 0.000000 1.000000
vt 0.000000 0.000000
vt 1.000000 0.000000
vt 1.000000 1.000000
vt 0.000000 1.000000
vt 0.000000 0.000000
vt 1.000000 0.000000
vt 1.000000 1.000000
vt 0.000000 1.000000
vt 0.000000 0.000000
vt 1.000000 0.000000
vt 1.000000 1.000000
vt 0.000000 1.000000
vt 0.000000 0.000000
vt 1.000000 0.000000
vt 1.000000 1.000000
vt 0.000000 1.000000
vt 0.000000 0.000000
vt 1.000000 0.000000
vt 1.000000 1.000000
vt 0.375000 0.500000
vt 0.375000 0.000000
vt 1.000000 0.000000
vt 1.000000 1.000000
vt 0.000000 1.000000
vt 0.000000 0.500000
vt 0.000000 1.000000
vt 0.000000 0.000000
vt 1.000000 0.000000
vt 1.000000 1.000000
vt 0.000000 1.000000
vt 0.000000 0.000000
vt 1.000000 0.000000
vt 1.000000 1.000000
vt 0.000000 1.000000
vt 0.000000 0.000000
vt 1.000000 0.000000
vt 1.000000 1.000000
vt 0.000000 1.000000
vt 0.000000 0.000000
vt 1.000000 0.000000
vt 1.000000 1.000000
vt 1.000000 0.000000
vt 1.000000 1.000000
vt 0.000000 1.000000
vt 0.000000 0.000000
vt 0.000000 1.000000
vt 0.000000 0.000000
vt 1.000000 0.000000
vt 1.000000 1.000000
vt 0.000000 1.000000
vt 0.000000 0.000000
vt 1.000000 0.000000
vt 1.000000 1.000000
vt 0.000000 1.000000
vt 0.000000 0.000000
vt 1.000000 0.000000
vt 1.000000 1.000000
vt 0.000000 1.000000
vt 0.000000 0.000000
vt 1.000000 0.000000
vt 1.000000 1.000000
vt 1.000000 0.000000
vt 1.000000 1.000000
vt 0.000000 1.000000
vt 0.000000 0.000000
vt 0.000000 1.000000
vt 0.000000 0.000000
vt 1.000000 0.000000
vt 1.000000 1.000000
vt 0.000000 1.000000
vt 0.000000 0.000000
vt 1.000000 0.000000
vt 1.000000 1.000000
vt 0.750000 1.000000
vt 0.350000 1.000000
vt 0.000000 1.000000
vt 0.000000 0.000000
vt 1.000000 0.000000
vt 1.000000 1.000000
vt 0.825000 1.000000
vt 0.450000 1.000000
vt 0.000000 1.000000
vt 0.000000 0.000000
vt 1.000000 0.000000
vt 1.000000 1.000000
vt 0.800000 1.000000
vt 0.325000 1.000000
vt 0.000000 1.000000
vt 0.000000 0.000000
vt 1.000000 0.000000
vt 1.000000 1.000000
vt 0.000000 1.000000
vt 0.000000 0.000000
vt 1.000000 0.000000
vt 1.000000 1.000000
vt 0.600000 1.000000
vt 0.250000 1.000000
vt 0.000000 1.000000
vt 0.000000 0.000000
vt 1.000000 0.000000
vt 1.000000 1.000000
vt 0.000000 0.555556
vt 0.000000 0.000000
vt 1.000000 0.000000
vt 1.000000 1.000000
vt 0.000000 1.000000
vt 0.000000 1.000000
vt 0.000000 0.000000
vt 1.000000 0.000000
vt 1.000000 1.000000
vt 1.000000 0.000000
vt 1.000000 1.000000
vt 0.000000 1.000000
vt 0.000000 0.000000
vt 0.000000 0.277778
vt 0.000000 0.000000
vt 1.000000 0.000000
vt 1.000000 1.000000
vt 0.000000 1.000000
vt 0.000000 1.000000
vt 0.000000 0.842105
vt 0.000000 0.000000
vt 1.000000 0.000000
vt 1.000000 1.000000
vt 0.000000 0.428571
vt 0.000000 0.000000
vt 1.000000 0.000000
vt 1.000000 1.000000
vt 0.000000 1.000000
vt 0.000000 0.789474
vt 0.000000 0.000000
vt 1.000000 0.000000
vt 1.000000 1.000000
vt 0.000000 1.000000
vt 1.000000 0.000000
vt 1.000000 1.000000
vt 0.000000 1.000000
vt 0.000000 0.000000
vt 0.000000 1.000000
vt 0.000000 0.000000
vt 1.000000 0.000000
vt 1.000000 1.000000
vt 0.000000 1.000000
vt 0.000000 0.263158
vt 0.000000 0.000000
vt 1.000000 0.000000
vt 1.000000 1.000000
vt 0.000000 1.000000
vt 0.000000 0.000000
vt 1.000000 0.000000
vt 1.000000 1.000000
vt 0.000000 1.000000
vt 0.000000 0.000000
vt 1.000000 0.000000
vt 1.000000 1.000000
vt 1.000000 0.000000
vt 1.000000 1.000000
vt 0.000000 1.000000
vt 0.000000 0.000000
vt 0.000000 1.000000
vt 0.000000 0.000000
vt 1.000000 0.000000
vt 1.000000 1.000000
vt 0.000000 1.000000
vt 0.000000 0.000000
vt 1.000000 0.000000
vt 1.000000 1.000000
vt 0.000000 1.000000
vt 0.000000 0.777778
vt 0.000000 0.000000
vt 1.000000 0.000000
vt 1.000000 1.000000
vt 0.000000 1.000000
vt 0.000000 0.000000
vt 1.000000 0.000000
vt 1.000000 1.000000
vt 1.000000 0.000000
vt 1.000000 1.000000
vt 0.000000 1.000000
vt 0.000000 0.000000
vt 0.000000 1.000000
vt 0.000000 0.000000
vt 1.000000 0.000000
vt 1.000000 1.000000
vt 0.000000 1.000000
vt 0.000000 0.000000
vt 1.000000 0.000000
vt 1.000000 1.000000
vt 0.000000 1.000000
vt 0.000000 0.000000
vt 1.000000 0.000000
vt 1.000000 1.000000
vt 0.000000 1.000000
vt 0.000000 0.000000
vt 1.000000 0.000000
vt 1.000000 1.000000
vt 1.000000 0.000000
vt 1.000000 1.000000
vt 0.000000 1.000000
vt 0.000000 0.000000
vt 0.000000 1.000000
vt 0.000000 0.000000
vt 1.000000 0.000000
vt 1.000000 1.000000
vt 0.000000 1.000000
vt 0.000000 0.000000
vt 1.000000 0.000000
vt 1.000000 1.000000
vt 0.000000 1.000000
vt 0.000000 0.500000
vt 0.000000 0.000000
vt 1.000000 0.000000
vt 1.000000 1.000000
vt 0.000000 1.000000
vt 0.000000 0.000000
vt 1.000000 0.000000
vt 1.000000 1.000000
vt 1.000000 0.000000
vt 1.000000 1.000000
vt 0.000000 1.000000
vt 0.000000 0.000000
vt 0.000000 1.000000
vt 0.000000 0.000000
vt 1.000000 0.000000
vt 1.000000 1.000000
vt 0.000000 1.000000
vt 0.000000 0.000000
vt 1.000000 0.000000
vt 1.000000 1.000000
vt 0.000000 1.000000
vt 0.000000 0.000000
vt 1.000000 0.000000
vt 1.000000 1.000000
vt 0.000000 1.000000
vt 0.000000 0.000000
vt 1.000000 0.000000
vt 1.000000 1.000000
vt 0.000000 1.000000
vt 0.000000 0.000000
vt 1.000000 0.000000
vt 1.000000 1.000000
vt 0.000000 1.000000
vt 0.000000 0.000000
vt 1.000000 0.000000
vt 1.000000 1.000000
vt 0.375000 0.500000
vt 0.375000 0.000000
vt 1.000000 0.000000
vt 1.000000 1.000000
vt 0.000000 1.000000
vt 0.000000 0.500000
vt 0.000000 1.000000
vt 0.000000 0.000000
vt 1.000000 0.000000
vt 1.000000 1.000000
vt 0.000000 1.000000
vt 0.000000 0.000000
vt 1.000000 0.000000
vt 1.000000 1.000000
vt 0.000000 1.000000
vt 0.000000 0.000000
vt 1.000000 0.000000
vt 1.000000 1.000000
vt 0.000000 1.000000
vt 0.000000 0.000000
vt 1.000000 0.000000
vt 1.000000 1.000000
vt 1.000000 0.000000
vt 1.000000 1.000000
vt 0.000000 1.000000
vt 0.000000 0.000000
vt 0.000000 1.000000
vt 0.000000 0.000000
vt 1.000000 0.000000
vt 1.000000 1.000000
vt 0.000000 1.000000
vt 0.000000 0.000000
vt 1.000000 0.000000
vt 1.000000 1.000000
vt 0.000000 1.000000
vt 0.000000 0.000000
vt 1.000000 0.000000
vt 1.000000 1.000000
vt 0.000000 1.000000
vt 0.000000 0.000000
vt 1.000000 0.000000
vt 1.000000 1.000000
vt 1.000000 0.000000
vt 1.000000 1.000000
vt 0.000000 1.000000
vt 0.000000 0.000000
vt 0.000000 1.000000
vt 0.000000 0.000000
vt 1.000000 0.000000
vt 1.000000 1.000000
vt 0.000000 1.000000
vt 0.000000 0.000000
vt 1.000000 0.000000
vt 1.000000 1.000000
vt 0.750000 1.000000
vt 0.350000 1.000000
vt 0.000000 1.000000
vt 0.000000 0.000000
vt 1.000000 0.000000
vt 1.000000 1.000000
vt 0.825000 1.000000
vt 0.450000 1.000000
vt 0.000000 1.000000
vt 0.000000 0.000000
vt 1.000000 0.000000
vt 1.000000 1.000000
vt 0.800000 1.000000
vt 0.325000 1.000000
vt 0.000000 1.000000
vt 0.000000 0.000000
vt 1.000000 0.000000
vt 1.000000 1.000000
vt 0.000000 1.000000
vt 0.000000 0.000000
vt 1.000000 0.000000
vt 1.000000 1.000000
vt 0.600000 1.000000
vt 0.250000 1.000000
vt 0.000000 1.000000
vt 0.000000 0.000000
vt 1.000000 0.000000
vt 1.000000 1.000000
vt 0.000000 0.555556
vt 0.000000 0.000000
vt 1.000000 0.000000
vt 1.000000 1.000000
vt 0.000000 1.000000
vt 0.000000 1.000000
vt 0.000000 0.000000
vt 1.000000 0.000000
vt 1.000000 1.000000
vt 1.000000 0.000000
vt 1.000000 1.000000
vt 0.000000 1.000000
vt 0.000000 0.000000
vt 0.000000 0.277778
vt 0.000000 0.000000
vt 1.000000 0.000000
vt 1.000000 1.000000
vt 0.000000 1.000000
vt 0.000000 1.000000
vt 0.000000 0.842105
vt 0.000000 0.000000
vt 1.000000 0.000000
vt 1.000000 1.000000
vt 0.000000 0.428571
vt 0.000000 0.000000
vt 1.000000 0.000000
vt 1.000000 1.000000
vt 0.000000 1.000000
vt 0.000000 0.789474
vt 0.000000 0.000000
vt 1.000000 0.000000
vt 1.000000 1.000000
vt 0.000000 1.000000
vt 1.000000 0.000000
vt 1.000000 1.000000
vt 0.000000 1.000000
vt 0.000000 0.000000
vt 0.000000 1.000000
vt 0.000000 0.000000
vt 1.000000 0.000000
vt 1.000000 1.000000
vt 0.000000 1.000000
vt 0.000000 0.263158
vt 0.000000 0.000000
vt 1.000000 0.000000
vt 1.000000 1.000000
vt 0.000000 1.000000
vt 0.000000 0.000000
vt 1.000000 0.000000
vt 1.000000 1.000000
vt 0.000000 1.000000
vt 0.000000 0.000000
vt 1.000000 0.000000
vt 1.000000 1.000000
vt 1.000000 0.000000
vt 1.000000 1.000000
vt 0.000000 1.000000
vt 0.000000 0.000000
vt 0.000000 1.000000
vt 0.000000 0.000000
vt 1.000000 0.000000
vt 1.000000 1.000000
vt 0.000000 1.000000
vt 0.000000 0.000000
vt 1.000000 0.000000
vt 1.000000 1.000000
vt 0.000000 1.000000
vt 0.000000 0.777778
vt 0.000000 0.000000
vt 1.000000 0.000000
vt 1.000000 1.000000
vt 0.000000 1.000000
vt 0.000000 0.000000
vt 1.000000 0.000000
vt 1.000000 1.000000
vt 1.000000 0.000000
vt 1.000000 1.000000
vt 0.000000 1.000000
vt 0.000000 0.000000
vt 0.000000 1.000000
vt 0.000000 0.000000
vt 1.000000 0.000000
vt 1.000000 1.000000
vt 0.000000 1.000000
vt 0.000000 0.000000
vt 1.000000 0.000000
vt 1.000000 1.000000
vt 0.000000 1.000000
vt 0.000000 0.000000
vt 1.000000 0.000000
vt 1.000000 1.000000
vt 0.000000 1.000000
vt 0.000000 0.000000
vt 1.000000 0.000000
vt 1.000000 1.000000
vt 1.000000 0.000000
vt 1.000000 1.000000
vt 0.000000 1.000000
vt 0.000000 0.000000
vt 0.000000 1.000000
vt 0.000000 0.000000
vt 1.000000 0.000000
vt 1.000000 1.000000
vt 0.000000 1.000000
vt 0.000000 0.000000
vt 1.000000 0.000000
vt 1.000000 1.000000
vt 0.000000 1.000000
vt 0.000000 0.500000
vt 0.000000 0.000000
vt 1.000000 0.000000
vt 1.000000 1.000000
vt 0.000000 1.000000
vt 0.000000 0.000000
vt 1.000000 0.000000
vt 1.000000 1.000000
vt 1.000000 0.000000
vt 1.000000 1.000000
vt 0.000000 1.000000
vt 0.000000 0.000000
vt 0.000000 1.000000
vt 0.000000 0.000000
vt 1.000000 0.000000
vt 1.000000 1.000000
vt 0.000000 1.000000
vt 0.000000 0.000000
vt 1.000000 0.000000
vt 1.000000 1.000000
vt 0.000000 1.000000
vt 0.000000 0.000000
vt 1.000000 0.000000
vt 1.000000 1.000000
vt 0.000000 1.000000
vt 0.000000 0.000000
vt 1.000000 0.000000
vt 1.000000 1.000000
vt 0.000000 1.000000
vt 0.000000 0.000000
vt 1.000000 0.000000
vt 1.000000 1.000000
vt 0.000000 1.000000
vt 0.000000 0.000000
vt 1.000000 0.000000
vt 1.000000 1.000000
vt 0.375000 0.500000
vt 0.375000 0.000000
vt 1.000000 0.000000
vt 1.000000 1.000000
vt 0.000000 1.000000
vt 0.000000 0.500000
vt 0.000000 1.000000
vt 0.000000 0.000000
vt 1.000000 0.000000
vt 1.000000 1.000000
vt 0.000000 1.000000
vt 0.000000 0.000000
vt 1.000000 0.000000
vt 1.000000 1.000000
vt 0.000000 1.000000
vt 0.000000 0.000000
vt 1.000000 0.000000
vt 1.000000 1.000000
vt 0.000000 1.000000
vt 0.000000 0.000000
vt 1.000000 0.000000
vt 1.000000 1.000000
vt 1.000000 0.000000
vt 1.000000 1.000000
vt 0.000000 1.000000
vt 0.000000 0.000000
vt 0.000000 1.000000
vt 0.000000 0.000000
vt 1.000000 0.000000
vt 1.000000 1.000000
vt 0.000000 1.000000
vt 0.000000 0.000000
vt 1.000000 0.000000
vt 1.000000 1.000000
vt 0.000000 1.000000
vt 0.000000 0.000000
vt 1.000000 0.000000
vt 1.000000 1.000000
vt 0.000000 1.000000
vt 0.000000 0.000000
vt 1.000000 0.000000
vt 1.000000 1.000000
vt 1.000000 0.000000
vt 1.000000 1.000000
vt 0.000000 1.000000
vt 0.000000 0.000000
vt 0.000000 1.000000
vt 0.000000 0.000000
vt 1.000000 0.000000
vt 1.000000 1.000000
vt 0.000000 1.000000
vt 0.000000 0.000000
vt 1.000000 0.000000
vt 1.000000 1.000000
vt 0.750000 1.000000
vt 0.350000 1.000000
vt 0.000000 1.000000
vt 0.000000 0.000000
vt 1.000000 0.000000
vt 1.000000 1.000000
vt 0.825000 1.000000
vt 0.450000 1.000000
vt 0.000000 1.000000
vt 0.000000 0.000000
vt 1.000000 0.000000
vt 1.000000 1.000000
vt 0.800000 1.000000
vt 0.325000 1.000000
vt 0.000000 1.000000
vt 0.000000 0.000000
vt 1.000000 0.000000
vt 1.000000 1.000000
vt 0.000000 1.000000
vt 0.000000 0.000000
vt 1.000000 0.000000
vt 1.000000 1.000000
vt 0.600000 1.000000
vt 0.250000 1.000000
vt 0.000000 1.000000
vt 0.000000 0.000000
vt 1.000000 0.000000
vt 1.000000 1.000000
vt 0.000000 0.555556
vt 0.000000 0.000000
vt 1.000000 0.000000
vt 1.000000 1.000000
vt 0.000000 1.000000
vt 0.000000 1.000000
vt 0.000000 0.000000
vt 1.000000 0.000000
vt 1.000000 1.000000
vt 1.000000 0.000000
vt 1.000000 1.000000
vt 0.000000 1.000000
vt 0.000000 0.000000
vt 0.000000 0.277778
vt 0.000000 0.000000
vt 1.000000 0.000000
vt 1.000000 1.000000
vt 0.000000 1.000000
vt 0.000000 1.000000
vt 0.000000 0.842105
vt 0.000000 0.000000
vt 1.000000 0.000000
vt 1.000000 1.000000
vt 0.000000 0.428571
vt 0.000000 0.000000
vt 1.000000 0.000000
vt 1.000000 1.000000
vt 0.000000 1.000000
vt 0.000000 0.789474
vt 0.000000 0.000000
vt 1.000000 0.000000
vt 1.000000 1.000000
vt 0.000000 1.000000
vt 1.000000 0.000000
vt 1.000000 1.000000
vt 0.000000 1.000000
vt 0.000000 0.000000
vt 0.000000 1.000000
vt 0.000000 0.000000
vt 1.000000 0.000000
vt 1.000000 1.000000
vt 0.000000 1.000000
vt 0.000000 0.263158
vt 0.000000 0.000000
vt 1.000000 0.000000
vt 1.000000 1.000000
vt 0.000000 1.000000
vt 0.000000 0.000000
vt 1.000000 0.000000
vt 1.000000 1.000000
vt 0.000000 1.000000
vt 0.000000 0.000000
vt 1.000000 0.000000
vt 1.000000 1.000000
vt 1.000000 0.000000
vt 1.000000 1.000000
vt 0.000000 1.000000
vt 0.000000 0.000000
vt 0.000000 1.000000
vt 0.000000 0.000000
vt 1.000000 0.000000
vt 1.000000 1.000000
vt 0.000000 1.000000
vt 0.000000 0.000000
vt 1.000000 0.000000
vt 1.000000 1.000000
vt 0.000000 1.000000
vt 0.000000 0.777778
vt 0.000000 0.000000
vt 1.000000 0.000000
vt 1.000000 1.000000
vt 0.000000 1.000000
vt 0.000000 0.000000
vt 1.000000 0.000000
vt 1.000000 1.000000
vt 1.000000 0.000000
vt 1.000000 1.000000
vt 0.000000 1.000000
vt 0.000000 0.000000
vt 0.000000 1.000000
vt 0.000000 0.000000
vt 1.000000 0.000000
vt 1.000000 1.000000
vt 0.000000 1.000000
vt 0.000000 0.000000
vt 1.000000 0.000000
vt 1.000000 1.000000
vt 0.000000 1.000000
vt 0.000000 0.000000
vt 1.000000 0.000000
vt 1.000000 1.000000
vt 0.000000 1.000000
vt 0.000000 0.000000
vt 1.000000 0.000000
vt 1.000000 1.000000
vt 1.000000 0.000000
vt 1.000000 1.000000
vt 0.000000 1.000000
vt 0.000000 0.000000
vt 0.000000 1.000000
vt 0.000000 0.000000
vt 1.000000 0.000000
vt 1.000000 1.000000
vt 0.000000 1.000000
vt 0.000000 0.000000
vt 1.000000 0.000000
vt 1.000000 1.000000
vt 0.000000 1.000000
vt 0.000000 0.500000
vt 0.000000 0.000000
vt 1.000000 0.000000
vt 1.000000 1.000000
vt 0.000000 1.000000
vt 0.000000 0.000000
vt 1.000000 0.000000
vt 1.000000 1.000000
vt 1.000000 0.000000
vt 1.000000 1.000000
vt 0.000000 1.000000
vt 0.000000 0.000000
vt 0.000000 1.000000
vt 0.000000 0.000000
vt 1.000000 0.000000
vt 1.000000 1.000000
vt 0.000000 1.000000
vt 0.000000 0.000000
vt 1.000000 0.000000
vt 1.000000 1.000000
vt 0.000000 1.000000
vt 0.000000 0.000000
vt 1.000000 0.000000
vt 1.000000 1.000000
vt 0.000000 1.000000
vt 0.000000 0.000000
vt 1.000000 0.000000
vt 1.000000 1.000000
vt 0.000000 1.000000
vt 0.000000 0.000000
vt 1.000000 0.000000
vt 1.000000 1.000000
vt 0.000000 1.000000
vt 0.000000 0.000000
vt 1.000000 0.000000
vt 1.000000 1.000000
vt 0.375000 0.500000
vt 0.375000 0.000000
vt 1.000000 0.000000
vt 1.000000 1.000000
vt 0.000000 1.000000
vt 0.000000 0.500000
vt 0.000000 1.000000
vt 0.000000 0.000000
vt 1.000000 0.000000
vt 1.000000 1.000000
vt 0.000000 1.000000
vt 0.000000 0.000000
vt 1.000000 0.000000
vt 1.000000 1.000000
vt 0.000000 1.000000
vt 0.000000 0.000000
vt 1.000000 0.000000
vt 1.000000 1.000000
vt 0.000000 1.000000
vt 0.000000 0.000000
vt 1.000000 0.000000
vt 1.000000 1.000000
vt 1.000000 0.000000
vt 1.000000 1.000000
vt 0.000000 1.000000
vt 0.000000 0.000000
vt 0.000000 1.000000
vt 0.000000 0.000000
vt 1.000000 0.000000
vt 1.000000 1.000000
vt 0.000000 1.000000
vt 0.000000 0.000000
vt 1.000000 0.000000
vt 1.000000 1.000000
vt 0.000000 1.000000
vt 0.000000 0.000000
vt 1.000000 0.000000
vt 1.000000 1.000000
vt 0.000000 1.000000
vt 0.000000 0.000000
vt 1.000000 0.000000
vt 1.000000 1.000000
vt 1.000000 0.000000
vt 1.000000 1.000000
vt 0.000000 1.000000
vt 0.000000 0.000000
vt 0.000000 1.000000
vt 0.000000 0.000000
vt 1.000000 0.000000
vt 1.000000 1.000000
vt 0.000000 1.000000
vt 0.000000 0.000000
vt 1.000000 0.000000
vt 1.000000 1.000000
vt 0.750000 1.000000
vt 0.350000 1.000000
vt 0.000000 1.000000
vt 0.000000 0.000000
vt 1.000000 0.000000
vt 1.000000 1.000000
vt 0.825000 1.000000
vt 0.450000 1.000000
vt 0.000000 1.000000
vt 0.000000 0.000000
vt 1.000000 0.000000
vt 1.000000 1.000000
vt 0.800000 1.000000
vt 0.325000 1.000000
vt 0.000000 1.000000
vt 0.000000 0.000000
vt 1.000000 0.000000
vt 1.000000 1.000000
vt 0.000000 1.000000
vt 0.000000 0.000000
vt 1.000000 0.000000
vt 1.000000 1.000000
vt 0.600000 1.000000
vt 0.250000 1.000000
vt 0.000000 1.000000
vt 0.000000 0.000000
vt 1.000000 0.000000
vt 1.000000 1.000000
vt 0.000000 0.555556
vt 0.000000 0.000000
vt 1.000000 0.000000
vt 1.000000 1.000000
vt 0.000000 1.000000
vt 0.000000 1.000000
vt 0.000000 0.000000
vt 1.000000 0.000000
vt 1.000000 1.000000
vt 1.000000 0.000000
vt 1.000000 1.000000
vt 0.000000 1.000000
vt 0.000000 0.000000
vt 0.000000 0.277778
vt 0.000000 0.000000
vt 1.000000 0.000000
vt 1.000000 1.000000
vt 0.000000 1.000000
vt 0.000000 1.000000
vt 0.000000 0.842105
vt 0.000000 0.000000
vt 1.000000 0.000000
vt 1.000000 1.000000
vt 0.000000 0.428571
vt 0.000000 0.000000
vt 1.000000 0.000000
vt 1.000000 1.000000
vt 0.000000 1.000000
vt 0.000000 0.789474
vt 0.000000 0.000000
vt 1.000000 0.000000
vt 1.000000 1.000000
vt 0.000000 1.000000
vt 1.000000 0.000000
vt 1.000000 1.000000
vt 0.000000 1.000000
vt 0.000000 0.000000
vt 0.000000 1.000000
vt 0.000000 0.000000
vt 1.000000 0.000000
vt 1.000000 1.000000
vt 0.000000 1.000000
vt 0.000000 0.263158
vt 0.000000 0.000000
vt 1.000000 0.000000
vt 1.000000 1.000000
vt 0.000000 1.000000
vt 0.000000 0.000000
vt 1.000000 0.000000
vt 1.000000 1.000000
vt 0.000000 1.000000
vt 0.000000 0.000000
vt 1.000000 0.000000
vt 1.000000 1.000000
vt 1.000000 0.000000
vt 1.000000 1.000000
vt 0.000000 1.000000
vt 0.000000 0.000000
vt 0.000000 1.000000
vt 0.000000 0.000000
vt 1.000000 0.000000
vt 1.000000 1.000000
vt 0.000000 1.000000
vt 0.000000 0.000000
vt 1.000000 0.000000
vt 1.000000 1.000000
vt 0.000000 1.000000
vt 0.000000 0.777778
vt 0.000000 0.000000
vt 1.000000 0.000000
vt 1.000000 1.000000
vt 0.000000 1.000000
vt 0.000000 0.000000
vt 1.000000 0.000000
vt 1.000000 1.000000
vt 1.000000 0.000000
vt 1.000000 1.000000
vt 0.000000 1.000000
vt 0.000000 0.000000
vt 0.000000 1.000000
vt 0.000000 0.000000
vt 1.000000 0.000000
vt 1.000000 1.000000
vt 0.000000 1.000000
vt 0.000000 0.000000
vt 1.000000 0.000000
vt 1.000000 1.000000
vt 0.000000 1.000000
vt 0.000000 0.000000
vt 1.000000 0.000000
vt 1.000000 1.000000
vt 0.000000 1.000000
vt 0.000000 0.000000
vt 1.000000 0.000000
vt 1.000000 1.000000
vt 1.000000 0.000000
vt 1.000000 1.000000
vt 0.000000 1.000000
vt 0.000000 0.000000
vt 0.000000 1.000000
vt 0.000000 0.000000
vt 1.000000 0.000000
vt 1.000000 1.000000
vt 0.000000 1.000000
vt 0.000000 0.000000
vt 1.000000 0.000000
vt 1.000000 1.000000
vt 0.000000 1.000000
vt 0.000000 0.500000
vt 0.000000 0.000000
vt 1.000000 0.000000
vt 1.000000 1.000000
vt 0.000000 1.000000
vt 0.000000 0.000000
vt 1.000000 0.000000
vt 1.000000 1.000000
vt 1.000000 0.000000
vt 1.000000 1.000000
vt 0.000000 1.000000
vt 0.000000 0.000000
vt 0.000000 1.000000
vt 0.000000 0.000000
vt 1.000000 0.000000
vt 1.000000 1.000000
vt 0.000000 1.000000
vt 0.000000 0.000000
vt 1.000000 0.000000
vt 1.000000 1.000000
vt 0.000000 1.000000
vt 0.000000 0.000000
vt 1.000000 0.000000
vt 1.000000 1.000000
vt 0.000000 1.000000
vt 0.000000 0.000000
vt 1.000000 0.000000
vt 1.000000 1.000000
vt 0.000000 1.000000
vt 0.000000 0.000000
vt 1.000000 0.000000
vt 1.000000 1.000000
vt 0.000000 1.000000
vt 0.000000 0.000000
vt 1.000000 0.000000
vt 1.000000 1.000000
vt 0.375000 0.500000
vt 0.375000 0.000000
vt 1.000000 0.000000
vt 1.000000 1.000000
vt 0.000000 1.000000
vt 0.000000 0.500000
vt 0.000000 1.000000
vt 0.000000 0.000000
vt 1.000000 0.000000
vt 1.000000 1.000000
vt 0.000000 1.000000
vt 0.000000 0.000000
vt 1.000000 0.000000
vt 1.000000 1.000000
vt 0.000000 1.000000
vt 0.000000 0.000000
vt 1.000000 0.000000
vt 1.000000 1.000000
vt 0.000000 1.000000
vt 0.000000 0.000000
vt 1.000000 0.000000
vt 1.000000 1.000000
vt 1.000000 0.000000
vt 1.000000 1.000000
vt 0.000000 1.000000
vt 0.000000 0.000000
vt 0.000000 1.000000
vt 0.000000 0.000000
vt 1.000000 0.000000
vt 1.000000 1.000000
vt 0.000000 1.000000
vt 0.000000 0.000000
vt 1.000000 0.000000
vt 1.000000 1.000000
vt 0.000000 1.000000
vt 0.000000 0.000000
vt 1.000000 0.000000
vt 1.000000 1.000000
vt 0.000000 1.000000
vt 0.000000 0.000000
vt 1.000000 0.000000
vt 1.000000 1.000000
vt 1.000000 0.000000
vt 1.000000 1.000000
vt 0.000000 1.000000
vt 0.000000 0.000000
vt 0.000000 1.000000
vt 0.000000 0.000000
vt 1.000000 0.000000
vt 1.000000 1.000000
vt 0.000000 1.000000
vt 0.000000 0.000000
vt 1.000000 0.000000
vt 1.000000 1.000000
vt 0.750000 1.000000
vt 0.350000 1.000000
vt 0.000000 1.000000
vt 0.000000 0.000000
vt 1.000000 0.000000
vt 1.000000 1.000000
vt 0.825000 1.000000
vt 0.450000 1.000000
vt 0.000000 1.000000
vt 0.000000 0.000000
vt 1.000000 0.000000
vt 1.000000 1.000000
vt 0.800000 1.000000
vt 0.325000 1.000000
vt 0.000000 1.000000
vt 0.000000 0.000000
vt 1.000000 0.000000
vt 1.000000 1.000000
vt 0.000000 1.000000
vt 0.000000 0.000000
vt 1.000000 0.000000
vt 1.000000 1.000000
vt 0.600000 1.000000
vt 0.250000 1.000000
vt 0.000000 1.000000
vt 0.000000 0.000000
vt 1.000000 0.000000
vt 1.000000 1.000000
vt 0.000000 0.555556
vt 0.000000 0.000000
vt 1.000000 0.000000
vt 1.000000 1.000000
vt 0.000000 1.000000
vt 0.000000 1.000000
vt 0.000000 0.000000
vt 1.000000 0.000000
vt 1.000000 1.000000
vt 1.000000 0.000000
vt 1.000000 1.000000
vt 0.000000 1.000000
vt 0.000000 0.000000
vt 0.000000 0.277778
vt 0.000000 0.000000
vt 1.000000 0.000000
vt 1.000000 1.000000
vt 0.000000 1.000000
vt 0.000000 1.000000
vt 0.000000 0.842105
vt 0.000000 0.000000
vt 1.000000 0.000000
vt 1.000000 1.000000
vt 0.000000 0.428571
vt 0.000000 0.000000
vt 1.000000 0.000000
vt 1.000000 1.000000
vt 0.000000 1.000000
vt 0.000000 0.789474
vt 0.000000 0.000000
vt 1.000000 0.000000
vt 1.000000 1.000000
vt 0.000000 1.000000
vt 1.000000 0.000000
vt 1.000000 1.000000
vt 0.000000 1.000000
vt 0.000000 0.000000
vt 0.000000 1.000000
vt 0.000000 0.000000
vt 1.000000 0.000000
vt 1.000000 1.000000
vt 0.000000 1.000000
vt 0.000000 0.263158
vt 0.000000 0.000000
vt 1.000000 0.000000
vt 1.000000 1.000000
vt 0.000000 1.000000
vt 0.000000 0.000000
vt 1.000000 0.000000
vt 1.000000 1.000000
vt 0.000000 1.000000
vt 0.000000 0.000000
vt 1.000000 0.000000
vt 1.000000 1.000000
vt 1.000000 0.000000
vt 1.000000 1.000000
vt 0.000000 1.000000
vt 0.000000 0.000000
vt 0.000000 1.000000
vt 0.000000 0.000000
vt 1.000000 0.000000
vt 1.000000 1.000000
vt 0.000000 1.000000
vt 0.000000 0.000000
vt 1.000000 0.000000
vt 1.000000 1.000000
vt 0.000000 1.000000
vt 0.000000 0.777778
vt 0.000000 0.000000
vt 1.000000 0.000000
vt 1.000000 1.000000
vt 0.000000 1.000000
vt 0.000000 0.000000
vt 1.000000 0.000000
vt 1.000000 1.000000
vt 1.000000 0.000000
vt 1.000000 1.000000
vt 0.000000 1.000000
vt 0.000000 0.000000
vt 0.000000 1.000000
vt 0.000000 0.000000
vt 1.000000 0.000000
vt 1.000000 1.000000
vt 0.000000 1.000000
vt 0.000000 0.000000
vt 1.000000 0.000000
vt 1.000000 1.000000
vt 0.000000 1.000000
vt 0.000000 0.000000
vt 1.000000 0.000000
vt 1.000000 1.000000
vt 0.000000 1.000000
vt 0.000000 0.000000
vt 1.000000 0.000000
vt 1.000000 1.000000
vt 1.000000 0.000000
vt 1.000000 1.000000
vt 0.000000 1.000000
vt 0.000000 0.000000
vt 0.000000 1.000000
vt 0.000000 0.000000
vt 1.000000 0.000000
vt 1.000000 1.000000
vt 0.000000 1.000000
vt 0.000000 0.000000
vt 1.000000 0.000000
vt 1.000000 1.000000
vt 0.000000 1.000000
vt 0.000000 0.500000
vt 0.000000 0.000000
vt 1.000000 0.000000
vt 1.000000 1.000000
vt 0.000000 1.000000
vt 0.000000 0.000000
vt 1.000000 0.000000
vt 1.000000 1.000000
vt 1.000000 0.000000
vt 1.000000 1.000000
vt 0.000000 1.000000
vt 0.000000 0.000000
vt 0.000000 1.000000
vt 0.000000 0.000000
vt 1.000000 0.000000
vt 1.000000 1.000000
vt 0.000000 1.000000
vt 0.000000 0.000000
vt 1.000000 0.000000
vt 1.000000 1.000000
vt 0.000000 1.000000
vt 0.000000 0.000000
vt 1.000000 0.000000
vt 1.000000 1.000000
vt 0.000000 1.000000
vt 0.000000 0.000000
vt 1.000000 0.000000
vt 1.000000 1.000000
vt 0.000000 1.000000
vt 0.000000 0.000000
vt 1.000000 0.000000
vt 1.000000 1.000000
vt 0.000000 1.000000
vt 0.000000 0.000000
vt 1.000000 0.000000
vt 1.000000 1.000000
vt 0.375000 0.500000
vt 0.375000 0.000000
vt 1.000000 0.000000
vt 1.000000 1.000000
vt 0.000000 1.000000
vt 0.000000 0.500000
vt 0.000000 1.000000
vt 0.000000 0.000000
vt 1.000000 0.000000
vt 1.000000 1.000000
vt 0.000000 1.000000
vt 0.000000 0.000000
vt 1.000000 0.000000
vt 1.000000 1.000000
vt 0.000000 1.000000
vt 0.000000 0.000000
vt 1.000000 0.000000
vt 1.000000 1.000000
vt 0.000000 1.000000
vt 0.000000 0.000000
vt 1.000000 0.000000
vt 1.000000 1.000000
vt 1.000000 0.000000
vt 1.000000 1.000000
vt 0.000000 1.000000
vt 0.000000 0.000000
vt 0.000000 1.000000
vt 0.000000 0.000000
vt 1.000000 0.000000
vt 1.000000 1.000000
vt 0.000000 1.000000
vt 0.000000 0.000000
vt 1.000000 0.000000
vt 1.000000 1.000000
vt 0.000000 1.000000
vt 0.000000 0.000000
vt 1.000000 0.000000
vt 1.000000 1.000000
vt 0.000000 1.000000
vt 0.000000 0.000000
vt 1.000000 0.000000
vt 1.000000 1.000000
vt 1.000000 0.000000
vt 1.000000 1.000000
vt 0.000000 1.000000
vt 0.000000 0.000000
vt 0.000000 1.000000
vt 0.000000 0.000000
vt 1.000000 0.000000
vt 1.000000 1.000000
vt 0.000000 1.000000
vt 0.000000 0.000000
vt 1.000000 0.000000
vt 1.000000 1.000000
vt 0.750000 1.000000
vt 0.350000 1.000000
vt 0.000000 1.000000
vt 0.000000 0.000000
vt 1.000000 0.000000
vt 1.000000 1.000000
vt 0.825000 1.000000
vt 0.450000 1.000000
vt 0.000000 1.000000
vt 0.000000 0.000000
vt 1.000000 0.000000
vt 1.000000 1.000000
vt 0.800000 1.000000
vt 0.325000 1.000000
vt 0.000000 1.000000
vt 0.000000 0.000000
vt 1.000000 0.000000
vt 1.000000 1.000000
vt 0.000000 1.000000
vt 0.000000 0.000000
vt 1.000000 0.000000
vt 1.000000 1.000000
vt 0.600000 1.000000
vt 0.250000 1.000000
vt 0.000000 1.000000
vt 0.000000 0.000000
vt 1.000000 0.000000
vt 1.000000 1.000000
vt 0.000000 0.555556
vt 0.000000 0.000000
vt 1.000000 0.000000
vt 1.000000 1.000000
vt 0.000000 1.000000
vt 0.000000 1.000000
vt 0.000000 0.000000
vt 1.000000 0.000000
vt 1.000000 1.000000
vt 1.000000 0.000000
vt 1.000000 1.000000
vt 0.000000 1.000000
vt 0.000000 0.000000
vt 0.000000 0.277778
vt 0.000000 0.000000
vt 1.000000 0.000000
vt 1.000000 1.000000
vt 0.000000 1.000000
vt 0.000000 1.000000
vt 0.000000 0.842105
vt 0.000000 0.000000
vt 1.000000 0.000000
vt 1.000000 1.000000
vt 0.000000 0.428571
vt 0.000000 0.000000
vt 1.000000 0.000000
vt 1.000000 1.000000
vt 0.000000 1.000000
vt 0.000000 0.789474
vt 0.000000 0.000000
vt 1.000000 0.000000
vt 1.000000 1.000000
vt 0.000000 1.000000
vt 1.000000 0.000000
vt 1.000000 1.000000
vt 0.000000 1.000000
vt 0.000000 0.000000
vt 0.000000 1.000000
vt 0.000000 0.000000
vt 1.000000 0.000000
vt 1.000000 1.000000
vt 0.000000 1.000000
vt 0.000000 0.263158
vt 0.000000 0.000000
vt 1.000000 0.000000
vt 1.000000 1.000000
vt 0.000000 1.000000
vt 0.000000 0.000000
vt 1.000000 0.000000
vt 1.000000 1.000000
vt 0.000000 1.000000
vt 0.000000 0.000000
vt 1.000000 0.000000
vt 1.000000 1.000000
vt 1.000000 0.000000
vt 1.000000 1.000000
vt 0.000000 1.000000
vt 0.000000 0.000000
vt 0.000000 1.000000
vt 0.000000 0.000000
vt 1.000000 0.000000
vt 1.000000 1.000000
vt 0.000000 1.000000
vt 0.000000 0.000000
vt 1.000000 0.000000
vt 1.000000 1.000000
vt 0.000000 1.000000
vt 0.000000 0.777778
vt 0.000000 0.000000
vt 1.000000 0.000000
vt 1.000000 1.000000
vt 0.000000 1.000000
vt 0.000000 0.000000
vt 1.000000 0.000000
vt 1.000000 1.000000
vt 1.000000 0.000000
vt 1.000000 1.000000
vt 0.000000 1.000000
vt 0.000000 0.000000
vt 0.000000 1.000000
vt 0.000000 0.000000
vt 1.000000 0.000000
vt 1.000000 1.000000
vt 0.000000 1.000000
vt 0.000000 0.000000
vt 1.000000 0.000000
vt 1.000000 1.000000
vt 0.000000 1.000000
vt 0.000000 0.000000
vt 1.000000 0.000000
vt 1.000000 1.000000
vt 0.000000 1.000000
vt 0.000000 0.000000
vt 1.000000 0.000000
vt 1.000000 1.000000
vt 1.000000 0.000000
vt 1.000000 1.000000
vt 0.000000 1.000000
vt 0.000000 0.000000
vt 0.000000 1.000000
vt 0.000000 0.000000
vt 1.000000 0.000000
vt 1.000000 1.000000
vt 0.000000 1.000000
vt 0.000000 0.000000
vt 1.000000 0.000000
vt 1.000000 1.000000
vt 0.000000 1.000000
vt 0.000000 0.500000
vt 0.000000 0.000000
vt 1.000000 0.000000
vt 1.000000 1.000000
vt 0.000000 1.000000
vt 0.000000 0.000000
vt 1.000000 0.000000
vt 1.000000 1.000000
vt 1.000000 0.000000
vt 1.000000 1.000000
vt 0.000000 1.000000
vt 0.000000 0.000000
vt 0.000000 1.000000
vt 0.000000 0.000000
vt 1.000000 0.000000
vt 1.000000 1.000000
vt 0.000000 1.000000
vt 0.000000 0.000000
vt 1.000000 0.000000
vt 1.000000 1.000000
vt 0.000000 1.000000
vt 0.000000 0.000000
vt 1.000000 0.000000
vt 1.000000 1.000000
vt 0.000000 1.000000
vt 0.000000 0.000000
vt 1.000000 0.000000
vt 1.000000 1.000000
vt 0.000000 1.000000
vt 0.000000 0.000000
vt 1.000000 0.000000
vt 1.000000 1.000000
vt 0.000000 1.000000
vt 0.000000 0.000000
vt 1.000000 0.000000
vt 1.000000 1.000000
vt 0.375000 0.500000
vt 0.375000 0.000000
vt 1.000000 0.000000
vt 1.000000 1.000000
vt 0.000000 1.000000
vt 0.000000 0.500000
vt 0.000000 1.000000
vt 0.000000 0.000000
vt 1.000000 0.000000
vt 1.000000 1.000000
vt 0.000000 1.000000
vt 0.000000 0.000000
vt 1.000000 0.000000
vt 1.000000 1.000000
vt 0.000000 1.000000
vt 0.000000 0.000000
vt 1.000000 0.000000
vt 1.000000 1.000000
vt 0.000000 1.000000
vt 0.000000 0.000000
vt 1.000000 0.000000
vt 1.000000 1.000000
vt 1.000000 0.000000
vt 1.000000 1.000000
vt 0.000000 1.000000
vt 0.000000 0.000000
vt 0.000000 1.000000
vt 0.000000 0.000000
vt 1.000000 0.000000
vt 1.000000 1.000000
vt 0.000000 1.000000
vt 0.000000 0.000000
vt 1.000000 0.000000
vt 1.000000 1.000000
vt 0.000000 1.000000
vt 0.000000 0.000000
vt 1.000000 0.000000
vt 1.000000 1.000000
vt 0.000000 1.000000
vt 0.000000 0.000000
vt 1.000000 0.000000
vt 1.000000 1.000000
vt 1.000000 0.000000
vt 1.000000 1.000000
vt 0.000000 1.000000
vt 0.000000 0.000000
vt 0.000000 1.000000
vt 0.000000 0.000000
vt 1.000000 0.000000
vt 1.000000 1.000000
vt 0.000000 1.000000
vt 0.000000 0.000000
vt 1.000000 0.000000
vt 1.000000 1.000000
vt 0.750000 1.000000
vt 0.350000 1.000000
vt 0.000000 1.000000
vt 0.000000 0.000000
vt 1.000000 0.000000
vt 1.000000 1.000000
vt 0.825000 1.000000
vt 0.450000 1.000000
vt 0.000000 1.000000
vt 0.000000 0.000000
vt 1.000000 0.000000
vt 1.000000 1.000000
vt 0.800000 1.000000
vt 0.325000 1.000000
vt 0.000000 1.000000
vt 0.000000 0.000000
vt 1.000000 0.000000
vt 1.000000 1.000000
vt 0.000000 1.000000
vt 0.000000 0.000000
vt 1.000000 0.000000
vt 1.000000 1.000000
vt 0.600000 1.000000
vt 0.250000 1.000000
vt 0.000000 1.000000
vt 0.000000 0.000000
vt 1.000000 0.000000
vt 1.000000 1.000000
vt 0.000000 0.555556
vt 0.000000 0.000000
vt 1.000000 0.000000
vt 1.000000 1.000000
vt 0.000000 1.000000
vt 0.000000 1.000000
vt 0.000000 0.000000
vt 1.000000 0.000000
vt 1.000000 1.000000
vt 1.000000 0.000000
vt 1.000000 1.000000
vt 0.000000 1.000000
vt 0.000000 0.000000
vt 0.000000 0.277778
vt 0.000000 0.000000
vt 1.000000 0.000000
vt 1.000000 1.000000
vt 0.000000 1.000000
vt 0.000000 1.000000
vt 0.000000 0.842105
vt 0.000000 0.000000
vt 1.000000 0.000000
vt 1.000000 1.000000
vt 0.000000 0.428571
vt 0.000000 0.000000
vt 1.000000 0.000000
vt 1.000000 1.000000
vt 0.000000 1.000000
vt 0.000000 0.789474
vt 0.000000 0.000000
vt 1.000000 0.000000
vt 1.000000 1.000000
vt 0.000000 1.000000
vt 1.000000 0.000000
vt 1.000000 1.000000
vt 0.000000 1.000000
vt 0.000000 0.000000
vt 0.000000 1.000000
vt 0.000000 0.000000
vt 1.000000 0.000000
vt 1.000000 1.000000
vt 0.000000 1.000000
vt 0.000000 0.263158
vt 0.000000 0.000000
vt 1.000000 0.000000
vt 1.000000 1.000000
vt 0.000000 1.000000
vt 0.000000 0.000000
vt 1.000000 0.000000
vt 1.000000 1.000000
vt 0.000000 1.000000
vt 0.000000 0.000000
vt 1.000000 0.000000
vt 1.000000 1.000000
vt 1.000000 0.000000
vt 1.000000 1.000000
vt 0.000000 1.000000
vt 0.000000 0.000000
vt 0.000000 1.000000
vt 0.000000 0.000000
vt 1.000000 0.000000
vt 1.000000 1.000000
vt 0.000000 1.000000
vt 0.000000 0.000000
vt 1.000000 0.000000
vt 1.000000 1.000000
vt 0.000000 1.000000
vt 0.000000 0.777778
vt 0.000000 0.000000
vt 1.000000 0.000000
vt 1.000000 1.000000
vt 0.000000 1.000000
vt 0.000000 0.000000
vt 1.000000 0.000000
vt 1.000000 1.000000
vt 1.000000 0.000000
vt 1.000000 1.000000
vt 0.000000 1.000000
vt 0.000000 0.000000
vt 0.000000 1.000000
vt 0.000000 0.000000
vt 1.000000 0.000000
vt 1.000000 1.000000
vt 0.000000 1.000000
vt 0.000000 0.000000
vt 1.000000 0.000000
vt 1.000000 1.000000
vt 0.000000 1.000000
vt 0.000000 0.000000
vt 1.000000 0.000000
vt 1.000000 1.000000
vt 0.000000 1.000000
vt 0.000000 0.000000
vt 1.000000 0.000000
vt 1.000000 1.000000
vt 1.000000 0.000000
vt 1.000000 1.000000
vt 0.000000 1.000000
vt 0.000000 0.000000
vt 0.000000 1.000000
vt 0.000000 0.000000
vt 1.000000 0.000000
vt 1.000000 1.000000
vt 0.000000 1.000000
vt 0.000000 0.000000
vt 1.000000 0.000000
vt 1.000000 1.000000
vt 0.000000 1.000000
vt 0.000000 0.500000
vt 0.000000 0.000000
vt 1.000000 0.000000
vt 1.000000 1.000000
vt 0.000000 1.000000
vt 0.000000 0.000000
vt 1.000000 0.000000
vt 1.000000 1.000000
vt 1.000000 0.000000
vt 1.000000 1.000000
vt 0.000000 1.000000
vt 0.000000 0.000000
vt 0.000000 1.000000
vt 0.000000 0.000000
vt 1.000000 0.000000
vt 1.000000 1.000000
vt 0.000000 1.000000
vt 0.000000 0.000000
vt 1.000000 0.000000
vt 1.000000 1.000000
vt 0.000000 1.000000
vt 0.000000 0.000000
vt 1.000000 0.000000
vt 1.000000 1.000000
vt 0.000000 1.000000
vt 0.000000 0.000000
vt 1.000000 0.000000
vt 1.000000 1.000000
vt 0.000000 1.000000
vt 0.000000 0.000000
vt 1.000000 0.000000
vt 1.000000 1.000000
vt 0.000000 1.000000
vt 0.000000 0.000000
vt 1.000000 0.000000
vt 1.000000 1.000000
vt 0.375000 0.500000
vt 0.375000 0.000000
vt 1.000000 0.000000
vt 1.000000 1.000000
vt 0.000000 1.000000
vt 0.000000 0.500000
vt 0.000000 1.000000
vt 0.000000 0.000000
vt 1.000000 0.000000
vt 1.000000 1.000000
vt 0.000000 1.000000
vt 0.000000 0.000000
vt 1.000000 0.000000
vt 1.000000 1.000000
vt 0.000000 1.000000
vt 0.000000 0.000000
vt 1.000000 0.000000
vt 1.000000 1.000000
vt 0.000000 1.000000
vt 0.000000 0.000000
vt 1.000000 0.000000
vt 1.000000 1.000000
vt 1.000000 0.000000
vt 1.000000 1.000000
vt 0.000000 1.000000
vt 0.000000 0.000000
vt 0.000000 1.000000
vt 0.000000 0.000000
vt 1.000000 0.000000
vt 1.000000 1.000000
vt 0.000000 1.000000
vt 0.000000 0.000000
vt 1.000000 0.000000
vt 1.000000 1.000000
vt 0.000000 1.000000
vt 0.000000 0.000000
vt 1.000000 0.000000
vt 1.000000 1.000000
vt 0.000000 1.000000
vt 0.000000 0.000000
vt 1.000000 0.000000
vt 1.000000 1.000000
vt 1.000000 0.000000
vt 1.000000 1.000000
vt 0.000000 1.000000
vt 0.000000 0.000000
vt 0.000000 1.000000
vt 0.000000 0.000000
vt 1.000000 0.000000
vt 1.000000 1.000000
vt 0.000000 0.000000
vt 1.000000 0.000000
vt 1.000000 1.000000
vt 0.000000 1.000000
vt 0.500000 0.527002
vt 0.000000 1.000000
vt 0.500000 0.000000
vt 1.000000 1.000000
vt 1.000000 1.000000
vt 0.000000 1.000000
vt 0.000000 0.000000
vt 1.000000 0.000000
vt 0.000000 0.000000
vt 1.000000 0.000000
vt 1.000000 1.000000
vt 0.000000 1.000000
vt 0.500000 0.527002
vt 0.000000 1.000000
vt 0.500000 0.000000
vt 1.000000 1.000000
vt 0.000000 0.000000
vt 1.000000 0.000000
vt 1.000000 1.000000
vt 0.000000 1.000000
vt 0.000000 0.000000
vt 1.000000 0.000000
vt 1.000000 1.000000
vt 0.000000 1.000000
vt 0.000000 0.500000
vt 0.750000 0.214286
vt 0.750000 0.071429
vt 0.000000 0.071429
vt 0.000000 0.000000
vt 1.000000 0.000000
vt 1.000000 1.000000
vt 0.000000 1.000000
vt 0.000000 0.928571
vt 0.750000 0.928571
vt 0.750000 0.785714
vt 0.000000 0.785714
vt 0.000000 0.214286
vt 0.000000 0.000000
vt 1.000000 0.000000
vt 1.000000 1.000000
vt 0.000000 1.000000
vt 0.000000 1.000000
vt 0.000000 0.000000
vt 1.000000 0.000000
vt 1.000000 1.000000
vt 0.000000 0.000000
vt 1.000000 0.000000
vt 1.000000 1.000000
vt 0.000000 1.000000
vt 0.000000 0.000000
vt 1.000000 0.000000
vt 1.000000 1.000000
vt 0.000000 1.000000
vt 1.000000 0.600000
vt 0.142857 0.600000
vt 0.142857 1.000000
vt 0.071429 1.000000
vt 0.000000 0.800000
vt 0.000000 0.000000
vt 1.000000 0.000000
vt 0.571429 0.000000
vt 1.000000 1.000000
vt 0.000000 1.000000
vt 0.000000 0.000000
vt 1.000000 0.000000
vt 0.000000 1.000000
vt 0.000000 0.000000
vt 1.000000 0.000000
vt 1.000000 1.000000
vt 0.000000 0.000000
vt 1.000000 0.000000
vt 1.000000 1.000000
vt 0.000000 1.000000
vt 1.000000 0.000000
vt 1.000000 1.000000
vt 0.000000 1.000000
vt 0.000000 0.000000
vt 0.000000 0.000000
vt 1.000000 0.000000
vt 1.000000 1.000000
vt 0.000000 1.000000
vt 0.000000 0.500000
vt 1.000000 0.600000
vt 0.142857 0.600000
vt 0.142857 1.000000
vt 0.071429 1.000000
vt 0.000000 0.800000
vt 0.000000 0.000000
vt 1.000000 0.000000
vt 0.571429 0.000000
vt 0.500000 0.214286
vt 0.125000 0.214286
vt 0.125000 0.785714
vt 0.500000 0.785714
vt 0.500000 0.928571
vt 0.000000 0.928571
vt 0.000000 0.071429
vt 0.500000 0.071429
vt 0.875000 0.785714
vt 0.875000 0.214286
vt 0.875000 0.071429
vt 0.875000 0.000000
vt 1.000000 0.000000
vt 1.000000 1.000000
vt 0.875000 1.000000
vt 0.875000 0.928571
vt 0.600000 1.000000
vt 0.600000 0.833333
vt 0.000000 0.833333
vt 0.000000 0.166667
vt 0.600000 0.166667
vt 0.600000 0.000000
vt 1.000000 0.000000
vt 1.000000 1.000000
vt 1.000000 0.000000
vt 1.000000 1.000000
vt 0.000000 1.000000
vt 0.000000 0.000000
vt 0.000000 0.000000
vt 1.000000 0.000000
vt 1.000000 1.000000
vt 0.000000 1.000000
vt 0.000000 1.000000
vt 0.000000 0.000000
vt 1.000000 0.000000
vt 1.000000 1.000000
vt 0.583333 1.000000
vt 0.000000 1.000000
vt 0.000000 0.000000
vt 1.000000 0.000000
vt 1.000000 0.500000
vt 0.583333 0.500000
vt 0.959991 0.095787
vt 1.000000 0.055778
vt 1.000000 1.000000
vt 0.055778 1.000000
vt 0.095787 0.959991
vt 0.000000 0.864204
vt 0.864204 0.864204
vt 0.864204 0.000000
vt 0.000000 0.000000
vt 1.000000 0.000000
vt 1.000000 1.000000
vt 0.000000 1.000000
vt 0.000000 0.000000
vt 1.000000 0.000000
vt 1.000000 1.000000
vt 0.000000 1.000000
vt 1.000000 0.000000
vt 1.000000 1.000000
vt 0.097322 1.000000
vt 0.097322 0.500000
vt 0.000000 0.500000
vt 0.000000 0.000000
vt 0.000000 0.000000
vt 1.000000 0.000000
vt 1.000000 1.000000
vt 0.000000 1.000000
vt 1.000000 1.000000
vt 0.000000 1.000000
vt 0.000000 0.000000
vt 1.000000 0.000000
vt 0.000000 1.000000
vt 0.000000 0.000000
vt 1.000000 0.000000
vt 1.000000 1.000000
vt 0.416667 0.500000
vt 0.000000 0.500000
vt 0.000000 0.000000
vt 1.000000 0.000000
vt 1.000000 1.000000
vt 0.416667 1.000000
vt 0.000000 0.000000
vt 1.000000 0.000000
vt 1.000000 1.000000
vt 0.000000 1.000000
vt 0.000000 0.000000
vt 1.000000 0.000000
vt 1.000000 1.000000
vt 0.000000 1.000000
vt 1.000000 1.000000
vt 0.000000 1.000000
vt 0.000000 0.000000
vt 1.000000 0.000000
vt 0.324176 0.000000
vt 1.000000 0.000000
vt 1.000000 0.090909
vt 0.389948 0.090909
vt 0.093245 0.500000
vt 0.389948 0.909091
vt 1.000000 0.909091
vt 1.000000 1.000000
vt 0.324176 1.000000
vt 0.324176 0.946970
vt 0.000000 0.500000
vt 0.324176 0.053030
vt 1.000000 0.500000
vt 0.902678 0.500000
vt 0.902678 1.000000
vt 0.000000 1.000000
vt 0.000000 0.000000
vt 1.000000 0.000000
vt 1.000000 1.000000
vt 0.000000 1.000000
vt 0.000000 0.000000
vt 1.000000 0.000000
vt 0.479167 0.468750
vt 0.479167 0.000000
vt 0.520833 0.000000
vt 0.520833 0.468750
vt 1.000000 0.468750
vt 1.000000 0.531250
vt 0.520833 0.531250
vt 0.520833 1.000000
vt 0.479167 1.000000
vt 0.479167 0.531250
vt 0.000000 0.531250
vt 0.000000 0.468750
vt 1.000000 1.000000
vt 0.000000 1.000000
vt 0.000000 0.000000
vt 1.000000 0.000000
vt 0.000000 0.000000
vt 1.000000 0.000000
vt 1.000000 1.000000
vt 0.000000 1.000000
vt 0.000000 0.000000
vt 1.000000 0.000000
vt 1.000000 1.000000
vt 0.000000 1.000000
vt 0.000000 0.000000
vt 1.000000 0.000000
vt 1.000000 1.000000
vt 0.000000 1.000000
vt 0.000000 0.000000
vt 1.000000 0.000000
vt 1.000000 1.000000
vt 0.000000 1.000000
vt 0.000000 0.000000
vt 1.000000 0.000000
vt 1.000000 1.000000
vt 0.000000 1.000000
vt 1.000000 1.000000
vt 0.000000 1.000000
vt 0.000000 0.000000
vt 1.000000 0.000000
vt 1.000000 1.000000
vt 0.000000 1.000000
vt 0.000000 0.000000
vt 1.000000 0.000000
vt 0.000000 0.000000
vt 1.000000 0.000000
vt 1.000000 1.000000
vt 0.000000 1.000000
vt 0.000000 0.000000
vt 1.000000 0.000000
vt 1.000000 1.000000
vt 0.000000 1.000000
vt 0.520833 0.468750
vt 1.000000 0.468750
vt 1.000000 0.531250
vt 0.520833 0.531250
vt 0.520833 1.000000
vt 0.479167 1.000000
vt 0.479167 0.531250
vt 0.000000 0.531250
vt 0.000000 0.468750
vt 0.479167 0.468750
vt 0.479167 0.000000
vt 0.520833 0.000000
vt 0.000000 0.000000
vt 1.000000 0.000000
vt 1.000000 1.000000
vt 0.000000 1.000000
vt 0.500000 1.000000
vt 0.000000 1.000000
vt 0.000000 0.000000
vt 1.000000 0.000000
vt 1.000000 1.000000
vt 1.000000 1.000000
vt 0.000000 1.000000
vt 0.000000 0.000000
vt 0.500000 0.000000
vt 1.000000 0.000000
vt 0.500000 1.000000
vt 0.000000 1.000000
vt 0.000000 0.000000
vt 1.000000 0.000000
vt 1.000000 1.000000
vt 1.000000 1.000000
vt 0.000000 1.000000
vt 0.000000 0.000000
vt 0.500000 0.000000
vt 1.000000 0.000000
vt 1.000000 1.000000
vt 0.000000 1.000000
vt 0.000000 0.000000
vt 1.000000 0.000000
vt 0.000000 0.803651
vt 1.000000 0.000000
vt 0.144410 1.000000
vt 0.921875 0.600806
vt 0.843750 0.701613
vt 0.765625 0.830932
vt 0.765625 0.802419
vt 0.687500 0.903226
vt 0.612500 1.000000
vt 0.586458 0.966398
vt 0.635417 0.903226
vt 0.625000 0.903226
vt 0.000000 0.903226
vt 0.000000 0.096774
vt 0.625000 0.096774
vt 0.635417 0.096774
vt 0.586458 0.033602
vt 0.612500 0.000000
vt 0.687500 0.096774
vt 0.765625 0.197581
vt 0.765625 0.169068
vt 0.843750 0.298387
vt 0.921875 0.399194
vt 0.921875 0.370681
vt 1.000000 0.500000
vt 0.921875 0.629319
vt 0.000000 1.000000
vt 0.000000 0.123899
vt 1.000000 0.000000
vt 0.500000 1.000000
vt 0.000000 1.000000
vt 0.000000 0.000000
vt 1.000000 0.000000
vt 1.000000 1.000000
vt 1.000000 0.000000
vt 1.000000 0.876101
vt 0.000000 1.000000
vt 0.000000 1.000000
vt 0.000000 0.123899
vt 1.000000 0.000000
vt 0.500000 1.000000
vt 0.000000 1.000000
vt 0.000000 0.000000
vt 1.000000 0.000000
vt 1.000000 1.000000
vt 1.000000 0.000000
vt 1.000000 0.876101
vt 0.000000 1.000000
vt 1.000000 0.000000
vt 1.000000 0.876101
vt 0.000000 1.000000
vt 0.000000 1.000000
vt 0.000000 0.000000
vt 1.000000 0.250000
vt 1.000000 0.750000
vt 0.000000 1.000000
vt 0.000000 0.123899
vt 1.000000 0.000000
vt 0.193548 1.000000
vt 0.000000 1.000000
vt 0.018817 0.000000
vt 0.951613 0.000000
vt 1.000000 1.000000
vt 0.798387 1.000000
vt 0.596774 1.000000
vt 0.395161 1.000000
vt 0.193548 1.000000
vt 0.000000 1.000000
vt 0.018817 0.000000
vt 0.951613 0.000000
vt 1.000000 1.000000
vt 0.798387 1.000000
vt 0.596774 1.000000
vt 0.395161 1.000000
vt 0.000000 1.000000
vt 0.000000 0.123899
vt 1.000000 0.000000
vt 0.000000 0.000000
vt 1.000000 0.111111
vt 1.000000 0.888889
vt 0.000000 1.000000
vt 0.000000 0.444444
vt 1.000000 0.000000
vt 1.000000 0.876101
vt 0.000000 1.000000
vt 0.000000 1.000000
vt 0.000000 0.123899
vt 1.000000 0.000000
vt 0.500000 1.000000
vt 0.000000 1.000000
vt 0.000000 0.000000
vt 1.000000 0.000000
vt 1.000000 1.000000
vt 1.000000 0.000000
vt 1.000000 0.876101
vt 0.000000 1.000000
vt 0.000000 1.000000
vt 0.000000 0.123899
vt 1.000000 0.000000
vt 1.000000 1.000000
vt 0.000000 1.000000
vt 0.000000 0.000000
vt 1.000000 0.000000
vt 1.000000 1.000000
vt 0.000000 1.000000
vt 0.000000 0.000000
vt 1.000000 0.000000
vt 1.000000 1.000000
vt 0.000000 1.000000
vt 0.000000 0.000000
vt 0.500000 0.000000
vt 1.000000 0.000000
vt 0.500000 1.000000
vt 0.000000 1.000000
vt 0.000000 0.000000
vt 1.000000 0.000000
vt 1.000000 1.000000
vt 1.000000 1.000000
vt 0.000000 1.000000
vt 0.000000 0.000000
vt 0.500000 0.000000
vt 1.000000 0.000000
vt 0.500000 1.000000
vt 0.000000 1.000000
vt 0.000000 0.000000
vt 1.000000 0.000000
vt 1.000000 1.000000
vt 1.000000 1.000000
vt 0.000000 1.000000
vt 0.000000 0.000000
vt 0.500000 0.000000
vt 1.000000 0.000000
vt 0.500000 1.000000
vt 0.000000 1.000000
vt 0.000000 0.000000
vt 1.000000 0.000000
vt 1.000000 1.000000
vt 1.000000 1.000000
vt 0.000000 1.000000
vt 0.000000 0.000000
vt 0.500000 0.000000
vt 1.000000 0.000000
vt 0.000000 0.000000
vt 1.000000 0.000000
vt 1.000000 1.000000
vt 0.000000 1.000000
vt 0.000000 0.000000
vt 1.000000 0.000000
vt 1.000000 1.000000
vt 0.000000 1.000000
vt 0.000000 1.000000
vt 0.000000 0.123899
vt 1.000000 0.000000
vt 1.000000 0.000000
vt 1.000000 0.876101
vt 0.000000 1.000000
vt 1.000000 0.000000
vt 1.000000 0.876101
vt 0.000000 1.000000
vt 1.000000 0.000000
vt 1.000000 0.876101
vt 0.000000 1.000000
vt 1.000000 0.888889
vt 0.000000 1.000000
vt 0.000000 0.000000
vt 1.000000 0.111111
vt 1.000000 0.888889
vt 0.000000 1.000000
vt 0.000000 0.000000
vt 1.000000 0.111111
vt 0.000000 0.000000
vt 1.000000 0.111111
vt 1.000000 0.888889
vt 0.000000 1.000000
vt 0.000000 0.444444
vt 0.000000 1.000000
vt 0.000000 0.000000
vt 1.000000 0.250000
vt 1.000000 0.750000
vt 1.000000 0.250000
vt 1.000000 0.750000
vt 0.000000 1.000000
vt 0.000000 0.000000
vt 0.000000 0.000000
vt 1.000000 0.111111
vt 1.000000 0.888889
vt 0.000000 1.000000
vt 0.000000 0.444444
vt 1.000000 0.000000
vt 1.000000 0.876101
vt 0.000000 1.000000
vt 0.000000 0.000000
vt 1.000000 0.111111
vt 1.000000 0.888889
vt 0.000000 1.000000
vt 0.000000 0.444444
vt 0.000000 1.000000
vt 0.000000 0.000000
vt 1.000000 0.250000
vt 1.000000 0.750000
vt 1.000000 0.000000
vt 1.000000 0.876101
vt 0.000000 1.000000
vt 1.000000 0.000000
vt 1.000000 0.876101
vt 0.000000 1.000000
vt 1.000000 0.000000
vt 1.000000 0.876101
vt 0.000000 1.000000
vt 1.000000 0.000000
vt 1.000000 0.876101
vt 0.000000 1.000000
vt 1.000000 0.000000
vt 1.000000 0.876101
vt 0.000000 1.000000
vt 1.000000 0.000000
vt 1.000000 0.876101
vt 0.000000 1.000000
vt 0.500000 1.000000
vt 0.000000 1.000000
vt 0.000000 0.000000
vt 1.000000 0.000000
vt 1.000000 1.000000
vt 0.000000 1.000000
vt 0.000000 0.123899
vt 1.000000 0.000000
vt 0.000000 1.000000
vt 0.000000 0.123899
vt 1.000000 0.000000
vt 1.000000 0.000000
vt 1.000000 0.876101
vt 0.000000 1.000000
vt 1.000000 0.000000
vt 1.000000 0.876101
vt 0.000000 1.000000
vt 1.000000 1.000000
vt 0.000000 1.000000
vt 0.000000 0.000000
vt 0.500000 0.000000
vt 1.000000 0.000000
vt 1.000000 0.000000
vt 1.000000 0.876101
vt 0.000000 1.000000
vt 0.500000 1.000000
vt 0.000000 1.000000
vt 0.000000 0.000000
vt 1.000000 0.000000
vt 1.000000 1.000000
vt 0.000000 1.000000
vt 0.000000 0.123899
vt 1.000000 0.000000
vt 0.000000 1.000000
vt 0.000000 0.123899
vt 1.000000 0.000000
vt 1.000000 0.000000
vt 1.000000 0.876101
vt 0.000000 1.000000
vt 1.000000 0.000000
vt 1.000000 0.876101
vt 0.000000 1.000000
vt 0.000000 0.000000
vt 1.000000 0.000000
vt 1.000000 1.000000
vt 0.000000 1.000000
vt 1.000000 1.000000
vt 0.000000 1.000000
vt 0.000000 0.000000
vt 0.500000 0.000000
vt 1.000000 0.000000
vt 1.000000 0.250000
vt 1.000000 0.750000
vt 0.000000 1.000000
vt 0.000000 0.000000
vt 1.000000 0.888889
vt 0.000000 1.000000
vt 0.000000 0.000000
vt 1.000000 0.111111
vt 0.000000 1.000000
vt 0.000000 0.123899
vt 1.000000 0.000000
vt 0.000000 1.000000
vt 0.000000 0.123899
vt 1.000000 0.000000
vt 0.000000 1.000000
vt 0.000000 0.123899
vt 1.000000 0.000000
vt 0.000000 1.000000
vt 0.000000 0.123899
vt 1.000000 0.000000
vt 0.000000 1.000000
vt 0.000000 0.123899
vt 1.000000 0.000000
vt 0.000000 1.000000
vt 0.000000 0.123899
vt 1.000000 0.000000
vt 0.000000 0.000000
vt 1.000000 0.111111
vt 1.000000 0.888889
vt 0.000000 1.000000
vt 0.000000 0.444444
vt 1.000000 0.000000
vt 1.000000 0.876101
vt 0.000000 1.000000
vt 1.000000 0.000000
vt 1.000000 0.876101
vt 0.000000 1.000000
vt 0.500000 1.000000
vt 0.000000 1.000000
vt 0.000000 0.000000
vt 1.000000 0.000000
vt 1.000000 1.000000
vt 0.000000 1.000000
vt 0.000000 0.123899
vt 1.000000 0.000000
vt 1.000000 0.000000
vt 1.000000 0.876101
vt 0.000000 1.000000
vt 0.000000 1.000000
vt 0.000000 0.123899
vt 1.000000 0.000000
vt 0.000000 1.000000
vt 0.000000 0.000000
vt 1.000000 0.250000
vt 1.000000 0.750000
vt 1.000000 0.000000
vt 1.000000 0.876101
vt 0.000000 1.000000
vt 1.000000 0.250000
vt 1.000000 0.750000
vt 0.000000 1.000000
vt 0.000000 0.000000
vt 0.000000 1.000000
vt 0.000000 0.123899
vt 1.000000 0.000000
vt 1.000000 0.888889
vt 0.000000 1.000000
vt 0.000000 0.000000
vt 1.000000 0.111111
vt 1.000000 0.000000
vt 1.000000 0.876101
vt 0.000000 1.000000
vt 1.000000 0.250000
vt 1.000000 0.750000
vt 0.000000 1.000000
vt 0.000000 0.000000
vt 0.000000 0.000000
vt 1.000000 0.111111
vt 1.000000 0.888889
vt 0.000000 1.000000
vt 0.000000 0.444444
vt 1.000000 1.000000
vt 0.000000 1.000000
vt 0.000000 0.000000
vt 0.500000 0.000000
vt 1.000000 0.000000
vt 1.000000 1.000000
vt 0.000000 1.000000
vt 0.000000 0.000000
vt 0.500000 0.000000
vt 1.000000 0.000000
vt 1.000000 1.000000
vt 0.000000 1.000000
vt 0.000000 0.000000
vt 0.500000 0.000000
vt 1.000000 0.000000
vt 0.000000 0.000000
vt 1.000000 0.000000
vt 1.000000 1.000000
vt 0.000000 1.000000
vt 0.000000 0.000000
vt 1.000000 0.000000
vt 1.000000 1.000000
vt 0.000000 1.000000
vt 0.000000 0.000000
vt 1.000000 0.000000
vt 1.000000 1.000000
vt 0.000000 1.000000
vt 0.000000 0.000000
vt 1.000000 0.000000
vt 1.000000 1.000000
vt 0.000000 1.000000
vt 0.000000 1.000000
vt 0.000000 0.123899
vt 1.000000 0.000000
vt 0.000000 0.000000
vt 1.000000 0.000000
vt 1.000000 1.000000
vt 0.000000 1.000000
vt 0.000000 0.000000
vt 1.000000 0.000000
vt 1.000000 1.000000
vt 0.000000 1.000000
vt 0.000000 1.000000
vt 0.000000 0.123899
vt 1.000000 0.000000
vt 0.000000 0.803651
vt 1.000000 0.000000
vt 0.144410 1.000000
vt 1.000000 0.000000
vt 1.000000 0.208333
vt 1.000000 0.625000
vt 1.000000 1.000000
vt 0.000000 1.000000
vt 0.000000 0.000000
vt 0.864553 0.166667
vt 0.000000 0.166667
vt 0.000000 0.000000
vt 1.000000 0.000000
vt 1.000000 1.000000
vt 0.864553 1.000000
vt 0.650000 0.510989
vt 0.650000 0.379121
vt 0.350000 0.379121
vt 0.350000 0.510989
vt 0.000000 0.510989
vt 0.000000 0.000000
vt 1.000000 0.000000
vt 1.000000 0.510989
vt 0.350000 0.642857
vt 0.650000 0.642857
vt 1.000000 0.659341
vt 1.000000 0.670330
vt 0.500000 1.000000
vt 0.000000 0.670330
vt 0.000000 0.659341
vt 0.000000 0.000000
vt 1.000000 0.000000
vt 1.000000 1.000000
vt 0.000000 1.000000
vt 0.000000 0.000000
vt 1.000000 0.000000
vt 1.000000 1.000000
vt 0.000000 1.000000
vt 0.000000 0.000000
vt 1.000000 0.000000
vt 1.000000 1.000000
vt 0.000000 1.000000
vt 0.000000 0.500000
vt 0.000000 0.000000
vt 1.000000 0.000000
vt 1.000000 1.000000
vt 0.000000 1.000000
vt 0.000000 0.000000
vt 1.000000 0.000000
vt 1.000000 1.000000
vt 0.000000 1.000000
vt 0.000000 0.500000
vt 0.000000 0.000000
vt 1.000000 0.000000
vt 1.000000 1.000000
vt 0.000000 1.000000
vt 1.000000 1.000000
vt 0.000000 1.000000
vt 0.000000 0.000000
vt 1.000000 0.000000
vt 0.775000 1.000000
vt 0.000000 0.000000
vt 1.000000 0.000000
vt 1.000000 1.000000
vt 0.000000 1.000000
vt 1.000000 1.000000
vt 0.000000 1.000000
vt 0.000000 0.000000
vt 1.000000 0.000000
vt 0.775000 1.000000
vt 0.000000 0.000000
vt 1.000000 0.000000
vt 1.000000 1.000000
vt 0.000000 1.000000
vt 0.864553 0.166667
vt 0.000000 0.166667
vt 0.000000 0.000000
vt 1.000000 0.000000
vt 1.000000 1.000000
vt 0.864553 1.000000
vt 1.000000 0.000000
vt 1.000000 0.208333
vt 1.000000 0.625000
vt 1.000000 1.000000
vt 0.000000 1.000000
vt 0.000000 0.000000
vt 0.000000 0.000000
vt 1.000000 0.000000
vt 1.000000 1.000000
vt 0.000000 1.000000
vt 0.000000 0.000000
vt 1.000000 0.000000
vt 1.000000 1.000000
vt 0.000000 1.000000
vt 1.000000 1.000000
vt 0.000000 1.000000
vt 0.000000 0.000000
vt 1.000000 0.000000
vt 0.000000 1.000000
vt 0.000000 0.123899
vt 1.000000 0.000000
vt 1.000000 0.000000
vt 1.000000 0.876101
vt 0.000000 1.000000
vt 0.500000 1.000000
vt 0.000000 1.000000
vt 0.000000 0.000000
vt 1.000000 0.000000
vt 1.000000 1.000000
vt 0.000000 1.000000
vt 0.000000 0.123899
vt 1.000000 0.000000
vt 1.000000 0.000000
vt 1.000000 0.876101
vt 0.000000 1.000000
vt 0.000000 0.000000
vt 1.000000 0.000000
vt 1.000000 1.000000
vt 0.000000 1.000000
vt 0.000000 1.000000
vt 0.000000 0.123899
vt 1.000000 0.000000
vt 0.000000 0.000000
vt 1.000000 0.111111
vt 1.000000 0.888889
vt 0.000000 1.000000
vt 0.000000 0.444444
vt 1.000000 0.000000
vt 1.000000 0.876101
vt 0.000000 1.000000
vt 0.000000 0.000000
vt 1.000000 0.111111
vt 1.000000 0.888889
vt 0.000000 1.000000
vt 0.000000 0.444444
vt 1.000000 1.000000
vt 0.000000 1.000000
vt 0.000000 0.000000
vt 0.500000 0.000000
vt 1.000000 0.000000
vt 0.000000 1.000000
vt 0.000000 0.123899
vt 1.000000 0.000000
vt 1.000000 0.000000
vt 1.000000 1.000000
vt 0.000000 1.000000
vt 0.000000 0.000000
vt 1.000000 1.000000
vt 0.000000 1.000000
vt 0.000000 0.000000
vt 1.000000 0.000000
vt 0.500000 1.000000
vt 1.000000 0.000000
vt 1.000000 1.000000
vt 0.000000 1.000000
vt 0.000000 0.000000
vt 0.000000 0.000000
vt 1.000000 0.000000
vt 1.000000 1.000000
vt 0.000000 1.000000
vt 1.000000 1.000000
vt 0.000000 1.000000
vt 0.000000 0.000000
vt 1.000000 0.000000
vt 0.500000 1.000000
vt 0.900000 0.500000
vt 0.900000 0.350000
vt 0.100000 0.350000
vt 0.100000 0.500000
vt 0.000000 0.500000
vt 0.000000 0.000000
vt 1.000000 0.000000
vt 1.000000 0.500000
vt 0.100000 0.650000
vt 0.900000 0.650000
vt 1.000000 1.000000
vt 0.000000 1.000000
vt 0.000000 0.000000
vt 1.000000 0.000000
vt 1.000000 1.000000
vt 0.000000 1.000000
vt 0.000000 0.000000
vt 1.000000 0.000000
vt 1.000000 1.000000
vt 0.000000 1.000000
vt 1.000000 0.000000
vt 1.000000 1.000000
vt 0.000000 1.000000
vt 0.000000 0.000000
vt 0.500000 1.000000
vt 1.000000 0.000000
vt 1.000000 1.000000
vt 0.000000 1.000000
vt 0.000000 0.000000
vt 1.000000 0.000000
vt 1.000000 1.000000
vt 0.000000 1.000000
vt 0.000000 0.000000
vt 0.500000 1.000000
vt 0.000000 0.000000
vt 1.000000 0.000000
vt 1.000000 1.000000
vt 0.000000 1.000000
vt 0.520833 0.468750
vt 1.000000 0.468750
vt 1.000000 0.531250
vt 0.520833 0.531250
vt 0.520833 1.000000
vt 0.479167 1.000000
vt 0.479167 0.531250
vt 0.000000 0.531250
vt 0.000000 0.468750
vt 0.479167 0.468750
vt 0.479167 0.000000
vt 0.520833 0.000000
vt 0.000000 0.000000
vt 1.000000 0.000000
vt 1.000000 1.000000
vt 0.000000 1.000000
vt 1.000000 1.000000
vt 0.000000 1.000000
vt 0.000000 0.000000
vt 1.000000 0.000000
vt 0.000000 0.000000
vt 1.000000 0.000000
vt 1.000000 1.000000
vt 0.000000 1.000000
vt 1.000000 1.000000
vt 0.000000 1.000000
vt 0.000000 0.000000
vt 1.000000 0.000000
vt 1.000000 1.000000
vt 0.000000 1.000000
vt 0.000000 0.000000
vt 1.000000 0.000000
vt 0.000000 0.000000
vt 1.000000 0.000000
vt 1.000000 1.000000
vt 0.000000 1.000000
vt 1.000000 1.000000
vt 0.000000 1.000000
vt 0.000000 0.000000
vt 1.000000 0.000000
vt 0.000000 0.000000
vt 1.000000 0.000000
vt 1.000000 1.000000
vt 0.000000 1.000000
vt 0.000000 0.000000
vt 1.000000 0.000000
vt 1.000000 1.000000
vt 0.000000 1.000000
vt 0.000000 0.000000
vt 1.000000 0.000000
vt 1.000000 1.000000
vt 0.000000 1.000000
vt 0.479167 0.468750
vt 0.479167 0.000000
vt 0.520833 0.000000
vt 0.520833 0.468750
vt 1.000000 0.468750
vt 1.000000 0.531250
vt 0.520833 0.531250
vt 0.520833 1.000000
vt 0.479167 1.000000
vt 0.479167 0.531250
vt 0.000000 0.531250
vt 0.000000 0.468750
vt 0.000000 0.000000
vt 1.000000 0.000000
vt 1.000000 1.000000
vt 0.000000 1.000000
vt 1.000000 0.600000
vt 0.142857 0.600000
vt 0.142857 1.000000
vt 0.071429 1.000000
vt 0.000000 0.800000
vt 0.000000 0.000000
vt 1.000000 0.000000
vt 0.571429 0.000000
vt 1.000000 0.000000
vt 1.000000 1.000000
vt 0.000000 1.000000
vt 0.000000 0.000000
vt 0.000000 0.000000
vt 1.000000 0.000000
vt 1.000000 1.000000
vt 0.000000 1.000000
vt 0.000000 0.500000
vt 0.750000 0.214286
vt 0.750000 0.071429
vt 0.000000 0.071429
vt 0.000000 0.000000
vt 1.000000 0.000000
vt 1.000000 1.000000
vt 0.000000 1.000000
vt 0.000000 0.928571
vt 0.750000 0.928571
vt 0.750000 0.785714
vt 0.000000 0.785714
vt 0.000000 0.214286
vt 0.000000 0.000000
vt 1.000000 0.000000
vt 1.000000 1.000000
vt 0.000000 1.000000
vt 0.000000 1.000000
vt 0.000000 0.000000
vt 1.000000 0.000000
vt 1.000000 1.000000
vt 0.000000 0.000000
vt 1.000000 0.000000
vt 1.000000 1.000000
vt 0.000000 1.000000
vt 0.000000 0.000000
vt 1.000000 0.000000
vt 1.000000 1.000000
vt 0.000000 1.000000
vt 0.000000 0.000000
vt 1.000000 0.000000
vt 1.000000 1.000000
vt 0.000000 1.000000
vt 0.000000 0.500000
vt 1.000000 0.000000
vt 1.000000 1.000000
vt 0.000000 1.000000
vt 0.000000 0.000000
vt 1.000000 0.600000
vt 0.142857 0.600000
vt 0.142857 1.000000
vt 0.071429 1.000000
vt 0.000000 0.800000
vt 0.000000 0.000000
vt 1.000000 0.000000
vt 0.571429 0.000000
vt 0.500000 0.214286
vt 0.125000 0.214286
vt 0.125000 0.785714
vt 0.500000 0.785714
vt 0.500000 0.928571
vt 0.000000 0.928571
vt 0.000000 0.071429
vt 0.500000 0.071429
vt 0.875000 0.785714
vt 0.875000 0.214286
vt 0.875000 0.071429
vt 0.875000 0.000000
vt 1.000000 0.000000
vt 1.000000 1.000000
vt 0.875000 1.000000
vt 0.875000 0.928571
vt 1.000000 1.000000
vt 0.000000 1.000000
vt 0.000000 0.000000
vt 1.000000 0.000000
vt 0.000000 1.000000
vt 0.000000 0.000000
vt 1.000000 0.000000
vt 1.000000 1.000000
vt 0.000000 0.000000
vt 1.000000 0.000000
vt 1.000000 1.000000
vt 0.000000 1.000000
vt 0.600000 1.000000
vt 0.600000 0.833333
vt 0.000000 0.833333
vt 0.000000 0.166667
vt 0.600000 0.166667
vt 0.600000 0.000000
vt 1.000000 0.000000
vt 1.000000 1.000000
vt 1.000000 0.000000
vt 1.000000 1.000000
vt 0.000000 1.000000
vt 0.000000 0.000000
vt 1.000000 1.000000
vt 0.000000 1.000000
vt 0.000000 0.000000
vt 1.000000 0.000000
vt 0.500000 1.000000
vt 1.000000 0.000000
vt 1.000000 1.000000
vt 0.000000 1.000000
vt 0.000000 0.000000
vt 0.000000 0.000000
vt 1.000000 0.000000
vt 1.000000 1.000000
vt 0.000000 1.000000
vt 1.000000 1.000000
vt 0.000000 1.000000
vt 0.000000 0.000000
vt 1.000000 0.000000
vt 0.500000 1.000000
vt 0.900000 0.500000
vt 0.900000 0.350000
vt 0.100000 0.350000
vt 0.100000 0.500000
vt 0.000000 0.500000
vt 0.000000 0.000000
vt 1.000000 0.000000
vt 1.000000 0.500000
vt 0.100000 0.650000
vt 0.900000 0.650000
vt 1.000000 1.000000
vt 0.000000 1.000000
vt 0.000000 0.000000
vt 1.000000 0.000000
vt 1.000000 1.000000
vt 0.000000 1.000000
vt 0.000000 0.000000
vt 1.000000 0.000000
vt 1.000000 1.000000
vt 0.000000 1.000000
vt 1.000000 0.000000
vt 1.000000 1.000000
vt 0.000000 1.000000
vt 0.000000 0.000000
vt 0.500000 1.000000
vt 1.000000 0.000000
vt 1.000000 1.000000
vt 0.000000 1.000000
vt 0.000000 0.000000
vt 1.000000 0.000000
vt 1.000000 1.000000
vt 0.000000 1.000000
vt 0.000000 0.000000
vt 0.500000 1.000000
vt 0.000000 0.000000
vt 1.000000 0.000000
vt 1.000000 1.000000
vt 0.000000 1.000000
vt 0.520833 0.468750
vt 1.000000 0.468750
vt 1.000000 0.531250
vt 0.520833 0.531250
vt 0.520833 1.000000
vt 0.479167 1.000000
vt 0.479167 0.531250
vt 0.000000 0.531250
vt 0.000000 0.468750
vt 0.479167 0.468750
vt 0.479167 0.000000
vt 0.520833 0.000000
vt 0.000000 0.000000
vt 1.000000 0.000000
vt 1.000000 1.000000
vt 0.000000 1.000000
vt 1.000000 1.000000
vt 0.000000 1.000000
vt 0.000000 0.000000
vt 1.000000 0.000000
vt 0.000000 0.000000
vt 1.000000 0.000000
vt 1.000000 1.000000
vt 0.000000 1.000000
vt 1.000000 1.000000
vt 0.000000 1.000000
vt 0.000000 0.000000
vt 1.000000 0.000000
vt 1.000000 1.000000
vt 0.000000 1.000000
vt 0.000000 0.000000
vt 1.000000 0.000000
vt 0.000000 0.000000
vt 1.000000 0.000000
vt 1.000000 1.000000
vt 0.000000 1.000000
vt 1.000000 1.000000
vt 0.000000 1.000000
vt 0.000000 0.000000
vt 1.000000 0.000000
vt 0.000000 0.000000
vt 1.000000 0.000000
vt 1.000000 1.000000
vt 0.000000 1.000000
vt 0.000000 0.000000
vt 1.000000 0.000000
vt 1.000000 1.000000
vt 0.000000 1.000000
vt 0.000000 0.000000
vt 1.000000 0.000000
vt 1.000000 1.000000
vt 0.000000 1.000000
vt 0.479167 0.468750
vt 0.479167 0.000000
vt 0.520833 0.000000
vt 0.520833 0.468750
vt 1.000000 0.468750
vt 1.000000 0.531250
vt 0.520833 0.531250
vt 0.520833 1.000000
vt 0.479167 1.000000
vt 0.479167 0.531250
vt 0.000000 0.531250
vt 0.000000 0.468750
vt 0.000000 0.000000
vt 1.000000 0.000000
vt 1.000000 1.000000
vt 0.000000 1.000000
vt 1.000000 0.600000
vt 0.142857 0.600000
vt 0.142857 1.000000
vt 0.071429 1.000000
vt 0.000000 0.800000
vt 0.000000 0.000000
vt 1.000000 0.000000
vt 0.571429 0.000000
vt 1.000000 0.000000
vt 1.000000 1.000000
vt 0.000000 1.000000
vt 0.000000 0.000000
vt 0.000000 0.000000
vt 1.000000 0.000000
vt 1.000000 1.000000
vt 0.000000 1.000000
vt 0.000000 0.500000
vt 0.750000 0.214286
vt 0.750000 0.071429
vt 0.000000 0.071429
vt 0.000000 0.000000
vt 1.000000 0.000000
vt 1.000000 1.000000
vt 0.000000 1.000000
vt 0.000000 0.928571
vt 0.750000 0.928571
vt 0.750000 0.785714
vt 0.000000 0.785714
vt 0.000000 0.214286
vt 0.000000 0.000000
vt 1.000000 0.000000
vt 1.000000 1.000000
vt 0.000000 1.000000
vt 0.000000 1.000000
vt 0.000000 0.000000
vt 1.000000 0.000000
vt 1.000000 1.000000
vt 0.000000 0.000000
vt 1.000000 0.000000
vt 1.000000 1.000000
vt 0.000000 1.000000
vt 0.000000 0.000000
vt 1.000000 0.000000
vt 1.000000 1.000000
vt 0.000000 1.000000
vt 0.000000 0.000000
vt 1.000000 0.000000
vt 1.000000 1.000000
vt 0.000000 1.000000
vt 0.000000 0.500000
vt 1.000000 0.000000
vt 1.000000 1.000000
vt 0.000000 1.000000
vt 0.000000 0.000000
vt 1.000000 0.600000
vt 0.142857 0.600000
vt 0.142857 1.000000
vt 0.071429 1.000000
vt 0.000000 0.800000
vt 0.000000 0.000000
vt 1.000000 0.000000
vt 0.571429 0.000000
vt 0.500000 0.214286
vt 0.125000 0.214286
vt 0.125000 0.785714
vt 0.500000 0.785714
vt 0.500000 0.928571
vt 0.000000 0.928571
vt 0.000000 0.071429
vt 0.500000 0.071429
vt 0.875000 0.785714
vt 0.875000 0.214286
vt 0.875000 0.071429
vt 0.875000 0.000000
vt 1.000000 0.000000
vt 1.000000 1.000000
vt 0.875000 1.000000
vt 0.875000 0.928571
vt 1.000000 1.000000
vt 0.000000 1.000000
vt 0.000000 0.000000
vt 1.000000 0.000000
vt 0.000000 1.000000
vt 0.000000 0.000000
vt 1.000000 0.000000
vt 1.000000 1.000000
vt 0.000000 0.000000
vt 1.000000 0.000000
vt 1.000000 1.000000
vt 0.000000 1.000000
vt 0.600000 1.000000
vt 0.600000 0.833333
vt 0.000000 0.833333
vt 0.000000 0.166667
vt 0.600000 0.166667
vt 0.600000 0.000000
vt 1.000000 0.000000
vt 1.000000 1.000000
vt 1.000000 0.000000
vt 1.000000 1.000000
vt 0.000000 1.000000
vt 0.000000 0.000000
vt 1.000000 1.000000
vt 0.000000 1.000000
vt 0.000000 0.000000
vt 1.000000 0.000000
vt 0.500000 1.000000
vt 1.000000 0.000000
vt 1.000000 1.000000
vt 0.000000 1.000000
vt 0.000000 0.000000
vt 0.000000 0.000000
vt 1.000000 0.000000
vt 1.000000 1.000000
vt 0.000000 1.000000
vt 1.000000 1.000000
vt 0.000000 1.000000
vt 0.000000 0.000000
vt 1.000000 0.000000
vt 0.500000 1.000000
vt 0.900000 0.500000
vt 0.900000 0.350000
vt 0.100000 0.350000
vt 0.100000 0.500000
vt 0.000000 0.500000
vt 0.000000 0.000000
vt 1.000000 0.000000
vt 1.000000 0.500000
vt 0.100000 0.650000
vt 0.900000 0.650000
vt 1.000000 1.000000
vt 0.000000 1.000000
vt 0.000000 0.000000
vt 1.000000 0.000000
vt 1.000000 1.000000
vt 0.000000 1.000000
vt 0.000000 0.000000
vt 1.000000 0.000000
vt 1.000000 1.000000
vt 0.000000 1.000000
vt 1.000000 0.000000
vt 1.000000 1.000000
vt 0.000000 1.000000
vt 0.000000 0.000000
vt 0.500000 1.000000
vt 1.000000 0.000000
vt 1.000000 1.000000
vt 0.000000 1.000000
vt 0.000000 0.000000
vt 1.000000 0.000000
vt 1.000000 1.000000
vt 0.000000 1.000000
vt 0.000000 0.000000
vt 0.500000 1.000000
vt 0.000000 0.000000
vt 1.000000 0.000000
vt 1.000000 1.000000
vt 0.000000 1.000000
vt 0.520833 0.468750
vt 1.000000 0.468750
vt 1.000000 0.531250
vt 0.520833 0.531250
vt 0.520833 1.000000
vt 0.479167 1.000000
vt 0.479167 0.531250
vt 0.000000 0.531250
vt 0.000000 0.468750
vt 0.479167 0.468750
vt 0.479167 0.000000
vt 0.520833 0.000000
vt 0.000000 0.000000
vt 1.000000 0.000000
vt 1.000000 1.000000
vt 0.000000 1.000000
vt 1.000000 1.000000
vt 0.000000 1.000000
vt 0.000000 0.000000
vt 1.000000 0.000000
vt 0.000000 0.000000
vt 1.000000 0.000000
vt 1.000000 1.000000
vt 0.000000 1.000000
vt 1.000000 1.000000
vt 0.000000 1.000000
vt 0.000000 0.000000
vt 1.000000 0.000000
vt 1.000000 1.000000
vt 0.000000 1.000000
vt 0.000000 0.000000
vt 1.000000 0.000000
vt 0.000000 0.000000
vt 1.000000 0.000000
vt 1.000000 1.000000
vt 0.000000 1.000000
vt 1.000000 1.000000
vt 0.000000 1.000000
vt 0.000000 0.000000
vt 1.000000 0.000000
vt 0.000000 0.000000
vt 1.000000 0.000000
vt 1.000000 1.000000
vt 0.000000 1.000000
vt 0.000000 0.000000
vt 1.000000 0.000000
vt 1.000000 1.000000
vt 0.000000 1.000000
vt 0.000000 0.000000
vt 1.000000 0.000000
vt 1.000000 1.000000
vt 0.000000 1.000000
vt 0.479167 0.468750
vt 0.479167 0.000000
vt 0.520833 0.000000
vt 0.520833 0.468750
vt 1.000000 0.468750
vt 1.000000 0.531250
vt 0.520833 0.531250
vt 0.520833 1.000000
vt 0.479167 1.000000
vt 0.479167 0.531250
vt 0.000000 0.531250
vt 0.000000 0.468750
vt 0.000000 0.000000
vt 1.000000 0.000000
vt 1.000000 1.000000
vt 0.000000 1.000000
vt 1.000000 0.600000
vt 0.142857 0.600000
vt 0.142857 1.000000
vt 0.071429 1.000000
vt 0.000000 0.800000
vt 0.000000 0.000000
vt 1.000000 0.000000
vt 0.571429 0.000000
vt 1.000000 0.000000
vt 1.000000 1.000000
vt 0.000000 1.000000
vt 0.000000 0.000000
vt 0.000000 0.000000
vt 1.000000 0.000000
vt 1.000000 1.000000
vt 0.000000 1.000000
vt 0.000000 0.500000
vt 0.750000 0.214286
vt 0.750000 0.071429
vt 0.000000 0.071429
vt 0.000000 0.000000
vt 1.000000 0.000000
vt 1.000000 1.000000
vt 0.000000 1.000000
vt 0.000000 0.928571
vt 0.750000 0.928571
vt 0.750000 0.785714
vt 0.000000 0.785714
vt 0.000000 0.214286
vt 0.000000 0.000000
vt 1.000000 0.000000
vt 1.000000 1.000000
vt 0.000000 1.000000
vt 0.000000 1.000000
vt 0.000000 0.000000
vt 1.000000 0.000000
vt 1.000000 1.000000
vt 0.000000 0.000000
vt 1.000000 0.000000
vt 1.000000 1.000000
vt 0.000000 1.000000
vt 0.000000 0.000000
vt 1.000000 0.000000
vt 1.000000 1.000000
vt 0.000000 1.000000
vt 0.000000 0.000000
vt 1.000000 0.000000
vt 1.000000 1.000000
vt 0.000000 1.000000
vt 0.000000 0.500000
vt 1.000000 0.000000
vt 1.000000 1.000000
vt 0.000000 1.000000
vt 0.000000 0.000000
vt 1.000000 0.600000
vt 0.142857 0.600000
vt 0.142857 1.000000
vt 0.071429 1.000000
vt 0.000000 0.800000
vt 0.000000 0.000000
vt 1.000000 0.000000
vt 0.571429 0.000000
vt 0.500000 0.214286
vt 0.125000 0.214286
vt 0.125000 0.785714
vt 0.500000 0.785714
vt 0.500000 0.928571
vt 0.000000 0.928571
vt 0.000000 0.071429
vt 0.500000 0.071429
vt 0.875000 0.785714
vt 0.875000 0.214286
vt 0.875000 0.071429
vt 0.875000 0.000000
vt 1.000000 0.000000
vt 1.000000 1.000000
vt 0.875000 1.000000
vt 0.875000 0.928571
vt 1.000000 1.000000
vt 0.000000 1.000000
vt 0.000000 0.000000
vt 1.000000 0.000000
vt 0.000000 1.000000
vt 0.000000 0.000000
vt 1.000000 0.000000
vt 1.000000 1.000000
vt 0.000000 0.000000
vt 1.000000 0.000000
vt 1.000000 1.000000
vt 0.000000 1.000000
vt 0.600000 1.000000
vt 0.600000 0.833333
vt 0.000000 0.833333
vt 0.000000 0.166667
vt 0.600000 0.166667
vt 0.600000 0.000000
vt 1.000000 0.000000
vt 1.000000 1.000000
vt 1.000000 0.000000
vt 1.000000 1.000000
vt 0.000000 1.000000
vt 0.000000 0.000000
vt 1.000000 1.000000
vt 0.000000 1.000000
vt 0.000000 0.000000
vt 1.000000 0.000000
vt 0.500000 1.000000
vt 1.000000 0.000000
vt 1.000000 1.000000
vt 0.000000 1.000000
vt 0.000000 0.000000
vt 0.000000 0.000000
vt 1.000000 0.000000
vt 1.000000 1.000000
vt 0.000000 1.000000
vt 1.000000 1.000000
vt 0.000000 1.000000
vt 0.000000 0.000000
vt 1.000000 0.000000
vt 0.500000 1.000000
vt 0.900000 0.500000
vt 0.900000 0.350000
vt 0.100000 0.350000
vt 0.100000 0.500000
vt 0.000000 0.500000
vt 0.000000 0.000000
vt 1.000000 0.000000
vt 1.000000 0.500000
vt 0.100000 0.650000
vt 0.900000 0.650000
vt 1.000000 1.000000
vt 0.000000 1.000000
vt 0.000000 0.000000
vt 1.000000 0.000000
vt 1.000000 1.000000
vt 0.000000 1.000000
vt 0.000000 0.000000
vt 1.000000 0.000000
vt 1.000000 1.000000
vt 0.000000 1.000000
vt 1.000000 0.000000
vt 1.000000 1.000000
vt 0.000000 1.000000
vt 0.000000 0.000000
vt 0.500000 1.000000
vt 1.000000 0.000000
vt 1.000000 1.000000
vt 0.000000 1.000000
vt 0.000000 0.000000
vt 1.000000 0.000000
vt 1.000000 1.000000
vt 0.000000 1.000000
vt 0.000000 0.000000
vt 0.500000 1.000000
vt 0.000000 0.000000
vt 1.000000 0.000000
vt 1.000000 1.000000
vt 0.000000 1.000000
vt 0.520833 0.468750
vt 1.000000 0.468750
vt 1.000000 0.531250
vt 0.520833 0.531250
vt 0.520833 1.000000
vt 0.479167 1.000000
vt 0.479167 0.531250
vt 0.000000 0.531250
vt 0.000000 0.468750
vt 0.479167 0.468750
vt 0.479167 0.000000
vt 0.520833 0.000000
vt 0.000000 0.000000
vt 1.000000 0.000000
vt 1.000000 1.000000
vt 0.000000 1.000000
vt 1.000000 1.000000
vt 0.000000 1.000000
vt 0.000000 0.000000
vt 1.000000 0.000000
vt 0.000000 0.000000
vt 1.000000 0.000000
vt 1.000000 1.000000
vt 0.000000 1.000000
vt 1.000000 1.000000
vt 0.000000 1.000000
vt 0.000000 0.000000
vt 1.000000 0.000000
vt 1.000000 1.000000
vt 0.000000 1.000000
vt 0.000000 0.000000
vt 1.000000 0.000000
vt 0.000000 0.000000
vt 1.000000 0.000000
vt 1.000000 1.000000
vt 0.000000 1.000000
vt 1.000000 1.000000
vt 0.000000 1.000000
vt 0.000000 0.000000
vt 1.000000 0.000000
vt 0.000000 0.000000
vt 1.000000 0.000000
vt 1.000000 1.000000
vt 0.000000 1.000000
vt 0.000000 0.000000
vt 1.000000 0.000000
vt 1.000000 1.000000
vt 0.000000 1.000000
vt 0.000000 0.000000
vt 1.000000 0.000000
vt 1.000000 1.000000
vt 0.000000 1.000000
vt 0.479167 0.468750
vt 0.479167 0.000000
vt 0.520833 0.000000
vt 0.520833 0.468750
vt 1.000000 0.468750
vt 1.000000 0.531250
vt 0.520833 0.531250
vt 0.520833 1.000000
vt 0.479167 1.000000
vt 0.479167 0.531250
vt 0.000000 0.531250
vt 0.000000 0.468750
vt 0.000000 0.000000
vt 1.000000 0.000000
vt 1.000000 1.000000
vt 0.000000 1.000000
vt 1.000000 0.600000
vt 0.142857 0.600000
vt 0.142857 1.000000
vt 0.071429 1.000000
vt 0.000000 0.800000
vt 0.000000 0.000000
vt 1.000000 0.000000
vt 0.571429 0.000000
vt 1.000000 0.000000
vt 1.000000 1.000000
vt 0.000000 1.000000
vt 0.000000 0.000000
vt 0.000000 0.000000
vt 1.000000 0.000000
vt 1.000000 1.000000
vt 0.000000 1.000000
vt 0.000000 0.500000
vt 0.750000 0.214286
vt 0.750000 0.071429
vt 0.000000 0.071429
vt 0.000000 0.000000
vt 1.000000 0.000000
vt 1.000000 1.000000
vt 0.000000 1.000000
vt 0.000000 0.928571
vt 0.750000 0.928571
vt 0.750000 0.785714
vt 0.000000 0.785714
vt 0.000000 0.214286
vt 0.000000 0.000000
vt 1.000000 0.000000
vt 1.000000 1.000000
vt 0.000000 1.000000
vt 0.000000 1.000000
vt 0.000000 0.000000
vt 1.000000 0.000000
vt 1.000000 1.000000
vt 0.000000 0.000000
vt 1.000000 0.000000
vt 1.000000 1.000000
vt 0.000000 1.000000
vt 0.000000 0.000000
vt 1.000000 0.000000
vt 1.000000 1.000000
vt 0.000000 1.000000
vt 0.000000 0.000000
vt 1.000000 0.000000
vt 1.000000 1.000000
vt 0.000000 1.000000
vt 0.000000 0.500000
vt 1.000000 0.000000
vt 1.000000 1.000000
vt 0.000000 1.000000
vt 0.000000 0.000000
vt 1.000000 0.600000
vt 0.142857 0.600000
vt 0.142857 1.000000
vt 0.071429 1.000000
vt 0.000000 0.800000
vt 0.000000 0.000000
vt 1.000000 0.000000
vt 0.571429 0.000000
vt 0.500000 0.214286
vt 0.125000 0.214286
vt 0.125000 0.785714
vt 0.500000 0.785714
vt 0.500000 0.928571
vt 0.000000 0.928571
vt 0.000000 0.071429
vt 0.500000 0.071429
vt 0.875000 0.785714
vt 0.875000 0.214286
vt 0.875000 0.071429
vt 0.875000 0.000000
vt 1.000000 0.000000
vt 1.000000 1.000000
vt 0.875000 1.000000
vt 0.875000 0.928571
vt 1.000000 1.000000
vt 0.000000 1.000000
vt 0.000000 0.000000
vt 1.000000 0.000000
vt 0.000000 1.000000
vt 0.000000 0.000000
vt 1.000000 0.000000
vt 1.000000 1.000000
vt 0.000000 0.000000
vt 1.000000 0.000000
vt 1.000000 1.000000
vt 0.000000 1.000000
vt 0.600000 1.000000
vt 0.600000 0.833333
vt 0.000000 0.833333
vt 0.000000 0.166667
vt 0.600000 0.166667
vt 0.600000 0.000000
vt 1.000000 0.000000
vt 1.000000 1.000000
vt 0.708040 0.495980
vt 0.708040 0.291960
vt 0.300000 0.291960
vt 0.300000 0.495980
vt 0.000000 0.495980
vt 0.000000 0.000000
vt 1.000000 0.000000
vt 1.000000 0.495980
vt 0.300000 0.700000
vt 0.708040 0.700000
vt 1.000000 1.000000
vt 0.000000 1.000000
vt 0.000000 1.000000
vt 0.000000 0.000000
vt 1.000000 0.000000
vt 1.000000 1.000000
vt 0.890076 0.507538
vt 0.890076 0.125000
vt 0.125000 0.125000
vt 0.125000 0.507538
vt 0.000000 0.507538
vt 0.000000 0.000000
vt 1.000000 0.000000
vt 1.000000 0.507538
vt 0.125000 0.890076
vt 0.890076 0.890076
vt 1.000000 1.000000
vt 0.000000 1.000000
vt 0.000000 1.000000
vt 0.000000 0.000000
vt 1.000000 0.000000
vt 1.000000 1.000000
vt 0.861905 0.500000
vt 0.861905 0.138095
vt 0.138095 0.138095
vt 0.138095 0.500000
vt 0.000000 0.500000
vt 0.000000 0.000000
vt 1.000000 0.000000
vt 1.000000 0.500000
vt 0.138095 0.861905
vt 0.861905 0.861905
vt 1.000000 1.000000
vt 0.000000 1.000000
vt 0.000000 1.000000
vt 0.000000 0.000000
vt 1.000000 0.000000
vt 1.000000 1.000000
vt 0.900000 0.500000
vt 0.900000 0.100000
vt 0.100000 0.100000
vt 0.100000 0.500000
vt 0.000000 0.500000
vt 0.000000 0.000000
vt 1.000000 0.000000
vt 1.000000 0.500000
vt 0.100000 0.900000
vt 0.900000 0.900000
vt 1.000000 1.000000
vt 0.000000 1.000000
vt 0.000000 1.000000
vt 0.000000 0.000000
vt 1.000000 0.000000
vt 1.000000 1.000000
vt 0.900000 0.500000
vt 0.900000 0.100000
vt 0.100000 0.100000
vt 0.100000 0.500000
vt 0.000000 0.500000
vt 0.000000 0.000000
vt 1.000000 0.000000
vt 1.000000 0.500000
vt 0.100000 0.900000
vt 0.900000 0.900000
vt 1.000000 1.000000
vt 0.000000 1.000000
vt 0.000000 1.000000
vt 0.000000 0.000000
vt 1.000000 0.000000
vt 1.000000 1.000000
vt 0.000000 0.500000
vt 1.000000 0.500000
vt 0.000000 1.000000
vt 0.000000 0.000000
vt 1.000000 0.000000
vt 1.000000 1.000000
vt 0.000000 1.000000
vt 0.000000 0.000000
vt 1.000000 0.000000
vt 1.000000 1.000000
vt 1.000000 0.500000
vt 0.000000 0.500000
vt 0.000000 1.000000
vt 0.000000 0.000000
vt 1.000000 0.000000
vt 1.000000 1.000000
vt 0.000000 0.500000
vt 1.000000 0.500000
vt 0.000000 1.000000
vt 0.000000 0.000000
vt 1.000000 0.000000
vt 1.000000 1.000000
vt 0.000000 1.000000
vt 0.000000 0.000000
vt 1.000000 0.000000
vt 1.000000 1.000000
vt 1.000000 0.500000
vt 0.000000 0.500000
vt 0.000000 1.000000
vt 0.000000 0.000000
vt 1.000000 0.000000
vt 1.000000 1.000000
vt 1.000000 0.492462
vt 0.000000 0.500000
vt 0.000000 1.000000
vt 0.000000 0.000000
vt 1.000000 0.000000
vt 1.000000 1.000000
vt 0.000000 1.000000
vt 0.000000 0.000000
vt 1.000000 0.000000
vt 1.000000 1.000000
vt 1.000000 0.507538
vt 0.000000 0.500000
vt 0.000000 1.000000
vt 0.000000 0.000000
vt 1.000000 0.000000
vt 1.000000 1.000000
vt 1.000000 0.500000
vt 0.000000 0.500000
vt 0.000000 1.000000
vt 0.000000 0.000000
vt 1.000000 0.000000
vt 1.000000 1.000000
vt 0.000000 1.000000
vt 0.000000 0.000000
vt 1.000000 0.000000
vt 1.000000 1.000000
vt 0.000000 0.500000
vt 1.000000 0.500000
vt 1.000000 0.000000
vt 1.000000 1.000000
vt 0.000000 1.000000
vt 0.000000 0.000000
vt 0.000000 0.504020
vt 1.000000 0.500000
vt 1.000000 0.000000
vt 1.000000 1.000000
vt 0.000000 1.000000
vt 0.000000 0.000000
vt 1.000000 0.500000
vt 0.000000 0.504020
vt 1.000000 1.000000
vt 0.000000 1.000000
vt 0.000000 0.000000
vt 1.000000 0.000000
vt 1.000000 1.000000
vt 0.000000 1.000000
vt 0.000000 0.000000
vt 1.000000 0.000000
vn 0.000000 0.000000 1.000000
vn 0.000000 0.000000 1.000000
vn 0.000000 0.000000 1.000000
vn 0.000000 0.000000 1.000000
vn 0.000000 0.000000 1.000000
vn 0.000000 0.000000 1.000000
vn 0.000000 0.000000 -1.000000
vn 0.000000 0.000000 -1.000000
vn 0.000000 0.000000 -1.000000
vn 0.000000 0.000000 -1.000000
vn 0.000000 0.000000 -1.000000
vn 0.000000 0.000000 -1.000000
vn 0.000000 1.000000 0.000000
vn 0.000000 1.000000 0.000000
vn 0.000000 1.000000 0.000000
vn 0.000000 1.000000 0.000000
vn 0.000000 1.000000 0.000000
vn 0.000000 1.000000 0.000000
vn -1.000000 0.000000 0.000000
vn -1.000000 0.000000 0.000000
vn -1.000000 0.000000 0.000000
vn -1.000000 0.000000 0.000000
vn 0.000000 -1.000000 0.000000
vn 0.000000 -1.000000 0.000000
vn 0.000000 -1.000000 0.000000
vn 0.000000 -1.000000 0.000000
vn 0.000000 -1.000000 0.000000
vn 0.000000 -1.000000 0.000000
vn 0.970142 0.000000 0.242536
vn 0.970142 0.000000 0.242536
vn 0.970142 0.000000 0.242536
vn 0.970142 0.000000 0.242536
vn 0.970142 -0.242536 0.000000
vn 0.970142 -0.242536 0.000000
vn 0.970142 -0.242536 0.000000
vn 0.970142 -0.242536 0.000000
vn 0.970142 -0.242536 0.000000
vn 0.970142 0.000000 -0.242536
vn 0.970142 0.000000 -0.242536
vn 0.970142 0.000000 -0.242536
vn 0.970142 0.000000 -0.242536
vn 1.000000 0.000000 0.000000
vn 1.000000 0.000000 0.000000
vn 1.000000 0.000000 0.000000
vn 1.000000 0.000000 0.000000
vn 0.970142 0.242536 0.000000
vn 0.970142 0.242536 0.000000
vn 0.970142 0.242536 0.000000
vn 0.970142 0.242536 0.000000
vn 0.970142 0.242536 0.000000
vn 0.970142 0.000000 0.242536
vn 0.970142 0.000000 0.242536
vn 0.970142 0.000000 0.242536
vn 0.970142 0.000000 0.242536
vn 0.970142 0.000000 0.242536
vn 0.970142 -0.242536 0.000000
vn 0.970142 -0.242536 0.000000
vn 0.970142 -0.242536 0.000000
vn 0.970142 -0.242536 0.000000
vn 0.970142 -0.242536 0.000000
vn 0.970142 0.000000 -0.242536
vn 0.970142 0.000000 -0.242536
vn 0.970142 0.000000 -0.242536
vn 0.970142 0.000000 -0.242536
vn 0.970142 0.000000 -0.242536
vn 1.000000 0.000000 0.000000
vn 1.000000 0.000000 0.000000
vn 1.000000 0.000000 0.000000
vn 1.000000 0.000000 0.000000
vn 0.970142 0.242536 0.000000
vn 0.970142 0.242536 0.000000
vn 0.970142 0.242536 0.000000
vn 0.970142 -0.242536 0.000000
vn 0.970142 -0.242536 0.000000
vn 0.970142 -0.242536 0.000000
vn 0.970142 -0.242536 0.000000
vn 0.970142 -0.242536 0.000000
vn 0.970142 -0.000000 -0.242536
vn 0.970142 0.000000 -0.242536
vn 0.970142 0.000000 -0.242536
vn 0.970142 0.242536 0.000000
vn 0.970142 0.242536 0.000000
vn 0.970142 0.242536 0.000000
vn 0.970142 0.242536 0.000000
vn 1.000000 0.000000 0.000000
vn 1.000000 0.000000 0.000000
vn 1.000000 0.000000 0.000000
vn 1.000000 0.000000 0.000000
vn 0.970142 0.000000 0.242536
vn 0.970142 0.000000 0.242536
vn 0.970142 0.000000 0.242536
vn 0.970142 0.000000 0.242536
vn 0.970142 0.242536 0.000000
vn 0.970142 0.242536 0.000000
vn 0.970142 0.242536 0.000000
vn 0.970142 0.000000 0.242536
vn 0.970142 0.000000 0.242536
vn 0.970142 0.000000 0.242536
vn 0.970142 0.000000 0.242536
vn 0.970142 0.000000 0.242536
vn 0.970142 -0.242536 0.000000
vn 0.970142 -0.242536 0.000000
vn 0.970142 -0.242536 0.000000
vn 0.970142 -0.242536 0.000000
vn 1.000000 0.000000 0.000000
vn 1.000000 0.000000 0.000000
vn 1.000000 0.000000 0.000000
vn 1.000000 0.000000 0.000000
vn 0.970142 0.000000 -0.242536
vn 0.970142 0.000000 -0.242536
vn 0.970142 0.000000 -0.242536
vn 0.970142 0.000000 -0.242536
vn 0.970142 0.242536 0.000000
vn 0.970142 0.242536 0.000000
vn 0.970142 0.242536 0.000000
vn 0.970142 0.000000 0.242536
vn 0.970142 0.000000 0.242536
vn 0.970142 0.000000 0.242536
vn 0.970142 -0.242536 0.000000
vn 0.970142 -0.242536 0.000000
vn 0.970142 -0.242536 0.000000
vn 1.000000 0.000000 0.000000
vn 1.000000 0.000000 0.000000
vn 1.000000 0.000000 0.000000
vn 1.000000 0.000000 0.000000
vn 0.970142 0.000000 -0.242536
vn 0.970142 0.000000 -0.242536
vn 0.970142 0.000000 -0.242536
vn 0.970142 0.000000 -0.242536
vn 0.970142 0.000000 -0.242536
vn 0.970142 0.000000 -0.242536
vn 0.970142 0.000000 -0.242536
vn 0.970142 0.000000 -0.242536
vn 0.970142 0.242536 0.000000
vn 0.970142 0.242536 0.000000
vn 0.970142 0.242536 0.000000
vn 0.970142 0.242536 0.000000
vn 0.970142 0.242536 0.000000
vn 0.970142 0.000000 0.242536
vn 0.970142 0.000000 0.242536
vn 0.970142 0.000000 0.242536
vn 0.970142 0.000000 0.242536
vn 1.000000 0.000000 0.000000
vn 1.000000 0.000000 0.000000
vn 1.000000 0.000000 0.000000
vn 1.000000 0.000000 0.000000
vn 0.970142 -0.242536 0.000000
vn 0.970142 -0.242536 0.000000
vn 0.970142 -0.242536 0.000000
vn 0.970142 -0.242536 0.000000
vn 0.970142 0.242536 0.000000
vn 0.970142 0.242536 0.000000
vn 0.970142 0.242536 0.000000
vn 0.970142 0.000000 -0.242536
vn 0.970142 0.000000 -0.242536
vn 0.970142 0.000000 -0.242536
vn 0.970142 0.000000 -0.242536
vn 0.970142 -0.242536 0.000000
vn 0.970142 -0.242536 0.000000
vn 0.970142 -0.242536 0.000000
vn 0.970142 0.000000 0.242536
vn 0.970142 0.000000 0.242536
vn 0.970142 0.000000 0.242536
vn 0.970142 0.000000 0.242536
vn 0.970142 0.242536 0.000000
vn 0.970142 0.242536 0.000000
vn 0.970142 0.242536 0.000000
vn 0.970142 0.242536 0.000000
vn 1.000000 0.000000 0.000000
vn 1.000000 0.000000 0.000000
vn 1.000000 0.000000 0.000000
vn 1.000000 0.000000 0.000000
vn 1.000000 0.000000 0.000000
vn 1.000000 0.000000 0.000000
vn 0.970142 0.000000 -0.242536
vn 0.970142 0.000000 -0.242536
vn 0.970142 0.000000 -0.242536
vn 0.970142 0.000000 0.242536
vn 0.970142 0.000000 0.242536
vn 0.970142 0.000000 0.242536
vn 0.970142 -0.242536 0.000000
vn 0.970142 -0.242536 0.000000
vn 0.970142 -0.242536 0.000000
vn 0.970142 0.000000 -0.242536
vn 0.970142 0.000000 -0.242536
vn 1.000000 0.000000 0.000000
vn 1.000000 0.000000 0.000000
vn 1.000000 0.000000 0.000000
vn 1.000000 0.000000 0.000000
vn 0.970142 0.242536 0.000000
vn 0.970142 0.242536 0.000000
vn 0.970142 0.242536 0.000000
vn 0.970142 0.242536 0.000000
vn 0.970142 0.000000 0.242536
vn 0.970142 0.000000 0.242536
vn 0.970142 0.000000 0.242536
vn 0.970142 -0.242536 0.000000
vn 0.970142 -0.242536 0.000000
vn 0.970142 -0.242536 0.000000
vn 0.970142 0.000000 -0.242536
vn 0.970142 0.000000 -0.242536
vn 0.970142 0.000000 -0.242536
vn 0.970142 0.000000 -0.242536
vn 1.000000 0.000000 0.000000
vn 1.000000 0.000000 0.000000
vn 1.000000 0.000000 0.000000
vn 1.000000 0.000000 0.000000
vn 0.970142 0.242536 0.000000
vn 0.970142 0.242536 0.000000
vn 0.970142 0.242536 0.000000
vn 0.000000 0.000000 -1.000000
vn 0.000000 0.000000 -1.000000
vn 0.000000 0.000000 -1.000000
vn 0.000000 0.000000 -1.000000
vn 0.000000 0.000000 -1.000000
vn 0.000000 0.000000 -1.000000
vn -0.000000 0.000000 1.000000
vn -0.000000 0.000000 1.000000
vn -0.000000 0.000000 1.000000
vn -0.000000 0.000000 1.000000
vn -0.000000 0.000000 1.000000
vn -0.000000 0.000000 1.000000
vn 0.000000 1.000000 -0.000000
vn 0.000000 1.000000 -0.000000
vn 0.000000 1.000000 -0.000000
vn 0.000000 1.000000 -0.000000
vn 0.000000 1.000000 -0.000000
vn 0.000000 1.000000 -0.000000
vn 1.000000 0.000000 0.000000
vn 1.000000 0.000000 0.000000
vn 1.000000 0.000000 0.000000
vn 1.000000 0.000000 0.000000
vn 0.000000 -1.000000 -0.000000
vn 0.000000 -1.000000 -0.000000
vn 0.000000 -1.000000 -0.000000
vn 0.000000 -1.000000 -0.000000
vn 0.000000 -1.000000 -0.000000
vn 0.000000 -1.000000 -0.000000
vn -0.970142 0.000000 -0.242536
vn -0.970142 0.000000 -0.242536
vn -0.970142 0.000000 -0.242536
vn -0.970142 0.000000 -0.242536
vn -0.970142 -0.242536 -0.000000
vn -0.970142 -0.242536 -0.000000
vn -0.970142 -0.242536 -0.000000
vn -0.970142 -0.242536 -0.000000
vn -0.970142 -0.242536 -0.000000
vn -0.970142 0.000000 0.242536
vn -0.970142 0.000000 0.242536
vn -0.970142 0.000000 0.242536
vn -0.970142 0.000000 0.242536
vn -1.000000 0.000000 -0.000000
vn -1.000000 0.000000 -0.000000
vn -1.000000 0.000000 -0.000000
vn -1.000000 0.000000 -0.000000
vn -0.970142 0.242536 -0.000000
vn -0.970142 0.242536 -0.000000
vn -0.970142 0.242536 -0.000000
vn -0.970142 0.242536 -0.000000
vn -0.970142 0.242536 -0.000000
vn -0.970142 0.000000 -0.242536
vn -0.970142 0.000000 -0.242536
vn -0.970142 0.000000 -0.242536
vn -0.970142 0.000000 -0.242536
vn -0.970142 0.000000 -0.242536
vn -0.970142 -0.242536 -0.000000
vn -0.970142 -0.242536 -0.000000
vn -0.970142 -0.242536 -0.000000
vn -0.970142 -0.242536 -0.000000
vn -0.970142 -0.242536 -0.000000
vn -0.970142 0.000000 0.242536
vn -0.970142 0.000000 0.242536
vn -0.970142 0.000000 0.242536
vn -0.970142 0.000000 0.242536
vn -0.970142 0.000000 0.242536
vn -1.000000 0.000000 -0.000000
vn -1.000000 0.000000 -0.000000
vn -1.000000 0.000000 -0.000000
vn -1.000000 0.000000 -0.000000
vn -0.970142 0.242536 -0.000000
vn -0.970142 0.242536 -0.000000
vn -0.970142 0.242536 -0.000000
vn -0.970142 -0.242536 -0.000000
vn -0.970142 -0.242536 -0.000000
vn -0.970142 -0.242536 -0.000000
vn -0.970142 -0.242536 -0.000000
vn -0.970142 -0.242536 -0.000000
vn -0.970142 -0.000000 0.242536
vn -0.970142 0.000000 0.242536
vn -0.970142 0.000000 0.242536
vn -0.970142 0.242536 -0.000000
vn -0.970142 0.242536 -0.000000
vn -0.970142 0.242536 -0.000000
vn -0.970142 0.242536 -0.000000
vn -1.000000 0.000000 -0.000000
vn -1.000000 0.000000 -0.000000
vn -1.000000 0.000000 -0.000000
vn -1.000000 0.000000 -0.000000
vn -0.970142 0.000000 -0.242536
vn -0.970142 0.000000 -0.242536
vn -0.970142 0.000000 -0.242536
vn -0.970142 0.000000 -0.242536
vn -0.970142 0.242536 -0.000000
vn -0.970142 0.242536 -0.000000
vn -0.970142 0.242536 -0.000000
vn -0.970142 0.000000 -0.242536
vn -0.970142 0.000000 -0.242536
vn -0.970142 0.000000 -0.242536
vn -0.970142 0.000000 -0.242536
vn -0.970142 0.000000 -0.242536
vn -0.970142 -0.242536 -0.000000
vn -0.970142 -0.242536 -0.000000
vn -0.970142 -0.242536 -0.000000
vn -0.970142 -0.242536 -0.000000
vn -1.000000 0.000000 -0.000000
vn -1.000000 0.000000 -0.000000
vn -1.000000 0.000000 -0.000000
vn -1.000000 0.000000 -0.000000
vn -0.970142 0.000000 0.242536
vn -0.970142 0.000000 0.242536
vn -0.970142 0.000000 0.242536
vn -0.970142 0.000000 0.242536
vn -0.970142 0.242536 -0.000000
vn -0.970142 0.242536 -0.000000
vn -0.970142 0.242536 -0.000000
vn -0.970142 0.000000 -0.242536
vn -0.970142 0.000000 -0.242536
vn -0.970142 0.000000 -0.242536
vn -0.970142 -0.242536 -0.000000
vn -0.970142 -0.242536 -0.000000
vn -0.970142 -0.242536 -0.000000
vn -1.000000 0.000000 -0.000000
vn -1.000000 0.000000 -0.000000
vn -1.000000 0.000000 -0.000000
vn -1.000000 0.000000 -0.000000
vn -0.970142 0.000000 0.242536
vn -0.970142 0.000000 0.242536
vn -0.970142 0.000000 0.242536
vn -0.970142 0.000000 0.242536
vn -0.970142 0.000000 0.242536
vn -0.970142 0.000000 0.242536
vn -0.970142 0.000000 0.242536
vn -0.970142 0.000000 0.242536
vn -0.970142 0.242536 -0.000000
vn -0.970142 0.242536 -0.000000
vn -0.970142 0.242536 -0.000000
vn -0.970142 0.242536 -0.000000
vn -0.970142 0.242536 -0.000000
vn -0.970142 0.000000 -0.242536
vn -0.970142 0.000000 -0.242536
vn -0.970142 0.000000 -0.242536
vn -0.970142 0.000000 -0.242536
vn -1.000000 0.000000 -0.000000
vn -1.000000 0.000000 -0.000000
vn -1.000000 0.000000 -0.000000
vn -1.000000 0.000000 -0.000000
vn -0.970142 -0.242536 -0.000000
vn -0.970142 -0.242536 -0.000000
vn -0.970142 -0.242536 -0.000000
vn -0.970142 -0.242536 -0.000000
vn -0.970142 0.242536 -0.000000
vn -0.970142 0.242536 -0.000000
vn -0.970142 0.242536 -0.000000
vn -0.970142 0.000000 0.242536
vn -0.970142 0.000000 0.242536
vn -0.970142 0.000000 0.242536
vn -0.970142 0.000000 0.242536
vn -0.970142 -0.242536 -0.000000
vn -0.970142 -0.242536 -0.000000
vn -0.970142 -0.242536 -0.000000
vn -0.970142 0.000000 -0.242536
vn -0.970142 0.000000 -0.242536
vn -0.970142 0.000000 -0.242536
vn -0.970142 0.000000 -0.242536
vn -0.970142 0.242536 -0.000000
vn -0.970142 0.242536 -0.000000
vn -0.970142 0.242536 -0.000000
vn -0.970142 0.242536 -0.000000
vn -1.000000 0.000000 -0.000000
vn -1.000000 0.000000 -0.000000
vn -1.000000 0.000000 -0.000000
vn -1.000000 0.000000 -0.000000
vn -1.000000 0.000000 -0.000000
vn -1.000000 0.000000 -0.000000
vn -0.970142 0.000000 0.242536
vn -0.970142 0.000000 0.242536
vn -0.970142 0.000000 0.242536
vn -0.970142 0.000000 -0.242536
vn -0.970142 0.000000 -0.242536
vn -0.970142 0.000000 -0.242536
vn -0.970142 -0.242536 -0.000000
vn -0.970142 -0.242536 -0.000000
vn -0.970142 -0.242536 -0.000000
vn -0.970142 0.000000 0.242536
vn -0.970142 0.000000 0.242536
vn -1.000000 0.000000 -0.000000
vn -1.000000 0.000000 -0.000000
vn -1.000000 0.000000 -0.000000
vn -1.000000 0.000000 -0.000000
vn -0.970142 0.242536 -0.000000
vn -0.970142 0.242536 -0.000000
vn -0.970142 0.242536 -0.000000
vn -0.970142 0.242536 -0.000000
vn -0.970142 0.000000 -0.242536
vn -0.970142 0.000000 -0.242536
vn -0.970142 0.000000 -0.242536
vn -0.970142 -0.242536 -0.000000
vn -0.970142 -0.242536 -0.000000
vn -0.970142 -0.242536 -0.000000
vn -0.970142 0.000000 0.242536
vn -0.970142 0.000000 0.242536
vn -0.970142 0.000000 0.242536
vn -0.970142 0.000000 0.242536
vn -1.000000 0.000000 -0.000000
vn -1.000000 0.000000 -0.000000
vn -1.000000 0.000000 -0.000000
vn -1.000000 0.000000 -0.000000
vn -0.970142 0.242536 -0.000000
vn -0.970142 0.242536 -0.000000
vn -0.970142 0.242536 -0.000000
vn 0.000000 0.000000 1.000000
vn 0.000000 0.000000 1.000000
vn 0.000000 0.000000 1.000000
vn 0.000000 0.000000 1.000000
vn 0.000000 0.000000 1.000000
vn 0.000000 0.000000 1.000000
vn 0.000000 0.000000 -1.000000
vn 0.000000 0.000000 -1.000000
vn 0.000000 0.000000 -1.000000
vn 0.000000 0.000000 -1.000000
vn 0.000000 0.000000 -1.000000
vn 0.000000 0.000000 -1.000000
vn 0.000000 1.000000 0.000000
vn 0.000000 1.000000 0.000000
vn 0.000000 1.000000 0.000000
vn 0.000000 1.000000 0.000000
vn 0.000000 1.000000 0.000000
vn 0.000000 1.000000 0.000000
vn -1.000000 0.000000 0.000000
vn -1.000000 0.000000 0.000000
vn -1.000000 0.000000 0.000000
vn -1.000000 0.000000 0.000000
vn 0.000000 -1.000000 0.000000
vn 0.000000 -1.000000 0.000000
vn 0.000000 -1.000000 0.000000
vn 0.000000 -1.000000 0.000000
vn 0.000000 -1.000000 0.000000
vn 0.000000 -1.000000 0.000000
vn 0.970142 0.000000 0.242536
vn 0.970142 0.000000 0.242536
vn 0.970142 0.000000 0.242536
vn 0.970142 0.000000 0.242536
vn 0.970142 -0.242536 0.000000
vn 0.970142 -0.242536 0.000000
vn 0.970142 -0.242536 0.000000
vn 0.970142 -0.242536 0.000000
vn 0.970142 -0.242536 0.000000
vn 0.970142 0.000000 -0.242536
vn 0.970142 0.000000 -0.242536
vn 0.970142 0.000000 -0.242536
vn 0.970142 0.000000 -0.242536
vn 1.000000 0.000000 0.000000
vn 1.000000 0.000000 0.000000
vn 1.000000 0.000000 0.000000
vn 1.000000 0.000000 0.000000
vn 0.970142 0.242536 0.000000
vn 0.970142 0.242536 0.000000
vn 0.970142 0.242536 0.000000
vn 0.970142 0.242536 0.000000
vn 0.970142 0.242536 0.000000
vn 0.970142 0.000000 0.242536
vn 0.970142 0.000000 0.242536
vn 0.970142 0.000000 0.242536
vn 0.970142 0.000000 0.242536
vn 0.970142 0.000000 0.242536
vn 0.970142 -0.242536 0.000000
vn 0.970142 -0.242536 0.000000
vn 0.970142 -0.242536 0.000000
vn 0.970142 -0.242536 0.000000
vn 0.970142 -0.242536 0.000000
vn 0.970142 0.000000 -0.242536
vn 0.970142 0.000000 -0.242536
vn 0.970142 0.000000 -0.242536
vn 0.970142 0.000000 -0.242536
vn 0.970142 0.000000 -0.242536
vn 1.000000 0.000000 0.000000
vn 1.000000 0.000000 0.000000
vn 1.000000 0.000000 0.000000
vn 1.000000 0.000000 0.000000
vn 0.970142 0.242536 0.000000
vn 0.970142 0.242536 0.000000
vn 0.970142 0.242536 0.000000
vn 0.970142 -0.242536 0.000000
vn 0.970142 -0.242536 0.000000
vn 0.970142 -0.242536 0.000000
vn 0.970142 -0.242536 0.000000
vn 0.970142 -0.242536 0.000000
vn 0.970142 -0.000000 -0.242536
vn 0.970142 0.000000 -0.242536
vn 0.970142 0.000000 -0.242536
vn 0.970142 0.242536 0.000000
vn 0.970142 0.242536 0.000000
vn 0.970142 0.242536 0.000000
vn 0.970142 0.242536 0.000000
vn 1.000000 0.000000 0.000000
vn 1.000000 0.000000 0.000000
vn 1.000000 0.000000 0.000000
vn 1.000000 0.000000 0.000000
vn 0.970142 0.000000 0.242536
vn 0.970142 0.000000 0.242536
vn 0.970142 0.000000 0.242536
vn 0.970142 0.000000 0.242536
vn 0.970142 0.242536 0.000000
vn 0.970142 0.242536 0.000000
vn 0.970142 0.242536 0.000000
vn 0.970142 0.000000 0.242536
vn 0.970142 0.000000 0.242536
vn 0.970142 0.000000 0.242536
vn 0.970142 0.000000 0.242536
vn 0.970142 0.000000 0.242536
vn 0.970142 -0.242536 0.000000
vn 0.970142 -0.242536 0.000000
vn 0.970142 -0.242536 0.000000
vn 0.970142 -0.242536 0.000000
vn 1.000000 0.000000 0.000000
vn 1.000000 0.000000 0.000000
vn 1.000000 0.000000 0.000000
vn 1.000000 0.000000 0.000000
vn 0.970142 0.000000 -0.242536
vn 0.970142 0.000000 -0.242536
vn 0.970142 0.000000 -0.242536
vn 0.970142 0.000000 -0.242536
vn 0.970142 0.242536 0.000000
vn 0.970142 0.242536 0.000000
vn 0.970142 0.242536 0.000000
vn 0.970142 0.000000 0.242536
vn 0.970142 0.000000 0.242536
vn 0.970142 0.000000 0.242536
vn 0.970142 -0.242536 0.000000
vn 0.970142 -0.242536 0.000000
vn 0.970142 -0.242536 0.000000
vn 1.000000 0.000000 0.000000
vn 1.000000 0.000000 0.000000
vn 1.000000 0.000000 0.000000
vn 1.000000 0.000000 0.000000
vn 0.970142 0.000000 -0.242536
vn 0.970142 0.000000 -0.242536
vn 0.970142 0.000000 -0.242536
vn 0.970142 0.000000 -0.242536
vn 0.970142 0.000000 -0.242536
vn 0.970142 0.000000 -0.242536
vn 0.970142 0.000000 -0.242536
vn 0.970142 0.000000 -0.242536
vn 0.970142 0.242536 0.000000
vn 0.970142 0.242536 0.000000
vn 0.970142 0.242536 0.000000
vn 0.970142 0.242536 0.000000
vn 0.970142 0.242536 0.000000
vn 0.970142 0.000000 0.242536
vn 0.970142 0.000000 0.242536
vn 0.970142 0.000000 0.242536
vn 0.970142 0.000000 0.242536
vn 1.000000 0.000000 0.000000
vn 1.000000 0.000000 0.000000
vn 1.000000 0.000000 0.000000
vn 1.000000 0.000000 0.000000
vn 0.970142 -0.242536 0.000000
vn 0.970142 -0.242536 0.000000
vn 0.970142 -0.242536 0.000000
vn 0.970142 -0.242536 0.000000
vn 0.970142 0.242536 0.000000
vn 0.970142 0.242536 0.000000
vn 0.970142 0.242536 0.000000
vn 0.970142 0.000000 -0.242536
vn 0.970142 0.000000 -0.242536
vn 0.970142 0.000000 -0.242536
vn 0.970142 0.000000 -0.242536
vn 0.970142 -0.242536 0.000000
vn 0.970142 -0.242536 0.000000
vn 0.970142 -0.242536 0.000000
vn 0.970142 0.000000 0.242536
vn 0.970142 0.000000 0.242536
vn 0.970142 0.000000 0.242536
vn 0.970142 0.000000 0.242536
vn 0.970142 0.242536 0.000000
vn 0.970142 0.242536 0.000000
vn 0.970142 0.242536 0.000000
vn 0.970142 0.242536 0.000000
vn 1.000000 0.000000 0.000000
vn 1.000000 0.000000 0.000000
vn 1.000000 0.000000 0.000000
vn 1.000000 0.000000 0.000000
vn 1.000000 0.000000 0.000000
vn 1.000000 0.000000 0.000000
vn 0.970142 0.000000 -0.242536
vn 0.970142 0.000000 -0.242536
vn 0.970142 0.000000 -0.242536
vn 0.970142 0.000000 0.242536
vn 0.970142 0.000000 0.242536
vn 0.970142 0.000000 0.242536
vn 0.970142 -0.242536 0.000000
vn 0.970142 -0.242536 0.000000
vn 0.970142 -0.242536 0.000000
vn 0.970142 0.000000 -0.242536
vn 0.970142 0.000000 -0.242536
vn 1.000000 0.000000 0.000000
vn 1.000000 0.000000 0.000000
vn 1.000000 0.000000 0.000000
vn 1.000000 0.000000 0.000000
vn 0.970142 0.242536 0.000000
vn 0.970142 0.242536 0.000000
vn 0.970142 0.242536 0.000000
vn 0.970142 0.242536 0.000000
vn 0.970142 0.000000 0.242536
vn 0.970142 0.000000 0.242536
vn 0.970142 0.000000 0.242536
vn 0.970142 -0.242536 0.000000
vn 0.970142 -0.242536 0.000000
vn 0.970142 -0.242536 0.000000
vn 0.970142 0.000000 -0.242536
vn 0.970142 0.000000 -0.242536
vn 0.970142 0.000000 -0.242536
vn 0.970142 0.000000 -0.242536
vn 1.000000 0.000000 0.000000
vn 1.000000 0.000000 0.000000
vn 1.000000 0.000000 0.000000
vn 1.000000 0.000000 0.000000
vn 0.970142 0.242536 0.000000
vn 0.970142 0.242536 0.000000
vn 0.970142 0.242536 0.000000
vn 0.000000 0.000000 -1.000000
vn 0.000000 0.000000 -1.000000
vn 0.000000 0.000000 -1.000000
vn 0.000000 0.000000 -1.000000
vn 0.000000 0.000000 -1.000000
vn 0.000000 0.000000 -1.000000
vn -0.000000 0.000000 1.000000
vn -0.000000 0.000000 1.000000
vn -0.000000 0.000000 1.000000
vn -0.000000 0.000000 1.000000
vn -0.000000 0.000000 1.000000
vn -0.000000 0.000000 1.000000
vn 0.000000 1.000000 -0.000000
vn 0.000000 1.000000 -0.000000
vn 0.000000 1.000000 -0.000000
vn 0.000000 1.000000 -0.000000
vn 0.000000 1.000000 -0.000000
vn 0.000000 1.000000 -0.000000
vn 1.000000 0.000000 0.000000
vn 1.000000 0.000000 0.000000
vn 1.000000 0.000000 0.000000
vn 1.000000 0.000000 0.000000
vn 0.000000 -1.000000 -0.000000
vn 0.000000 -1.000000 -0.000000
vn 0.000000 -1.000000 -0.000000
vn 0.000000 -1.000000 -0.000000
vn 0.000000 -1.000000 -0.000000
vn 0.000000 -1.000000 -0.000000
vn -0.970142 0.000000 -0.242536
vn -0.970142 0.000000 -0.242536
vn -0.970142 0.000000 -0.242536
vn -0.970142 0.000000 -0.242536
vn -0.970142 -0.242536 -0.000000
vn -0.970142 -0.242536 -0.000000
vn -0.970142 -0.242536 -0.000000
vn -0.970142 -0.242536 -0.000000
vn -0.970142 -0.242536 -0.000000
vn -0.970142 0.000000 0.242536
vn -0.970142 0.000000 0.242536
vn -0.970142 0.000000 0.242536
vn -0.970142 0.000000 0.242536
vn -1.000000 0.000000 -0.000000
vn -1.000000 0.000000 -0.000000
vn -1.000000 0.000000 -0.000000
vn -1.000000 0.000000 -0.000000
vn -0.970142 0.242536 -0.000000
vn -0.970142 0.242536 -0.000000
vn -0.970142 0.242536 -0.000000
vn -0.970142 0.242536 -0.000000
vn -0.970142 0.242536 -0.000000
vn -0.970142 0.000000 -0.242536
vn -0.970142 0.000000 -0.242536
vn -0.970142 0.000000 -0.242536
vn -0.970142 0.000000 -0.242536
vn -0.970142 0.000000 -0.242536
vn -0.970142 -0.242536 -0.000000
vn -0.970142 -0.242536 -0.000000
vn -0.970142 -0.242536 -0.000000
vn -0.970142 -0.242536 -0.000000
vn -0.970142 -0.242536 -0.000000
vn -0.970142 0.000000 0.242536
vn -0.970142 0.000000 0.242536
vn -0.970142 0.000000 0.242536
vn -0.970142 0.000000 0.242536
vn -0.970142 0.000000 0.242536
vn -1.000000 0.000000 -0.000000
vn -1.000000 0.000000 -0.000000
vn -1.000000 0.000000 -0.000000
vn -1.000000 0.000000 -0.000000
vn -0.970142 0.242536 -0.000000
vn -0.970142 0.242536 -0.000000
vn -0.970142 0.242536 -0.000000
vn -0.970142 -0.242536 -0.000000
vn -0.970142 -0.242536 -0.000000
vn -0.970142 -0.242536 -0.000000
vn -0.970142 -0.242536 -0.000000
vn -0.970142 -0.242536 -0.000000
vn -0.970142 -0.000000 0.242536
vn -0.970142 0.000000 0.242536
vn -0.970142 0.000000 0.242536
vn -0.970142 0.242536 -0.000000
vn -0.970142 0.242536 -0.000000
vn -0.970142 0.242536 -0.000000
vn -0.970142 0.242536 -0.000000
vn -1.000000 0.000000 -0.000000
vn -1.000000 0.000000 -0.000000
vn -1.000000 0.000000 -0.000000
vn -1.000000 0.000000 -0.000000
vn -0.970142 0.000000 -0.242536
vn -0.970142 0.000000 -0.242536
vn -0.970142 0.000000 -0.242536
vn -0.970142 0.000000 -0.242536
vn -0.970142 0.242536 -0.000000
vn -0.970142 0.242536 -0.000000
vn -0.970142 0.242536 -0.000000
vn -0.970142 0.000000 -0.242536
vn -0.970142 0.000000 -0.242536
vn -0.970142 0.000000 -0.242536
vn -0.970142 0.000000 -0.242536
vn -0.970142 0.000000 -0.242536
vn -0.970142 -0.242536 -0.000000
vn -0.970142 -0.242536 -0.000000
vn -0.970142 -0.242536 -0.000000
vn -0.970142 -0.242536 -0.000000
vn -1.000000 0.000000 -0.000000
vn -1.000000 0.000000 -0.000000
vn -1.000000 0.000000 -0.000000
vn -1.000000 0.000000 -0.000000
vn -0.970142 0.000000 0.242536
vn -0.970142 0.000000 0.242536
vn -0.970142 0.000000 0.242536
vn -0.970142 0.000000 0.242536
vn -0.970142 0.242536 -0.000000
vn -0.970142 0.242536 -0.000000
vn -0.970142 0.242536 -0.000000
vn -0.970142 0.000000 -0.242536
vn -0.970142 0.000000 -0.242536
vn -0.970142 0.000000 -0.242536
vn -0.970142 -0.242536 -0.000000
vn -0.970142 -0.242536 -0.000000
vn -0.970142 -0.242536 -0.000000
vn -1.000000 0.000000 -0.000000
vn -1.000000 0.000000 -0.000000
vn -1.000000 0.000000 -0.000000
vn -1.000000 0.000000 -0.000000
vn -0.970142 0.000000 0.242536
vn -0.970142 0.000000 0.242536
vn -0.970142 0.000000 0.242536
vn -0.970142 0.000000 0.242536
vn -0.970142 0.000000 0.242536
vn -0.970142 0.000000 0.242536
vn -0.970142 0.000000 0.242536
vn -0.970142 0.000000 0.242536
vn -0.970142 0.242536 -0.000000
vn -0.970142 0.242536 -0.000000
vn -0.970142 0.242536 -0.000000
vn -0.970142 0.242536 -0.000000
vn -0.970142 0.242536 -0.000000
vn -0.970142 0.000000 -0.242536
vn -0.970142 0.000000 -0.242536
vn -0.970142 0.000000 -0.242536
vn -0.970142 0.000000 -0.242536
vn -1.000000 0.000000 -0.000000
vn -1.000000 0.000000 -0.000000
vn -1.000000 0.000000 -0.000000
vn -1.000000 0.000000 -0.000000
vn -0.970142 -0.242536 -0.000000
vn -0.970142 -0.242536 -0.000000
vn -0.970142 -0.242536 -0.000000
vn -0.970142 -0.242536 -0.000000
vn -0.970142 0.242536 -0.000000
vn -0.970142 0.242536 -0.000000
vn -0.970142 0.242536 -0.000000
vn -0.970142 0.000000 0.242536
vn -0.970142 0.000000 0.242536
vn -0.970142 0.000000 0.242536
vn -0.970142 0.000000 0.242536
vn -0.970142 -0.242536 -0.000000
vn -0.970142 -0.242536 -0.000000
vn -0.970142 -0.242536 -0.000000
vn -0.970142 0.000000 -0.242536
vn -0.970142 0.000000 -0.242536
vn -0.970142 0.000000 -0.242536
vn -0.970142 0.000000 -0.242536
vn -0.970142 0.242536 -0.000000
vn -0.970142 0.242536 -0.000000
vn -0.970142 0.242536 -0.000000
vn -0.970142 0.242536 -0.000000
vn -1.000000 0.000000 -0.000000
vn -1.000000 0.000000 -0.000000
vn -1.000000 0.000000 -0.000000
vn -1.000000 0.000000 -0.000000
vn -1.000000 0.000000 -0.000000
vn -1.000000 0.000000 -0.000000
vn -0.970142 0.000000 0.242536
vn -0.970142 0.000000 0.242536
vn -0.970142 0.000000 0.242536
vn -0.970142 0.000000 -0.242536
vn -0.970142 0.000000 -0.242536
vn -0.970142 0.000000 -0.242536
vn -0.970142 -0.242536 -0.000000
vn -0.970142 -0.242536 -0.000000
vn -0.970142 -0.242536 -0.000000
vn -0.970142 0.000000 0.242536
vn -0.970142 0.000000 0.242536
vn -1.000000 0.000000 -0.000000
vn -1.000000 0.000000 -0.000000
vn -1.000000 0.000000 -0.000000
vn -1.000000 0.000000 -0.000000
vn -0.970142 0.242536 -0.000000
vn -0.970142 0.242536 -0.000000
vn -0.970142 0.242536 -0.000000
vn -0.970142 0.242536 -0.000000
vn -0.970142 0.000000 -0.242536
vn -0.970142 0.000000 -0.242536
vn -0.970142 0.000000 -0.242536
vn -0.970142 -0.242536 -0.000000
vn -0.970142 -0.242536 -0.000000
vn -0.970142 -0.242536 -0.000000
vn -0.970142 0.000000 0.242536
vn -0.970142 0.000000 0.242536
vn -0.970142 0.000000 0.242536
vn -0.970142 0.000000 0.242536
vn -1.000000 0.000000 -0.000000
vn -1.000000 0.000000 -0.000000
vn -1.000000 0.000000 -0.000000
vn -1.000000 0.000000 -0.000000
vn -0.970142 0.242536 -0.000000
vn -0.970142 0.242536 -0.000000
vn -0.970142 0.242536 -0.000000
vn 1.000000 0.000000 0.000000
vn 1.000000 0.000000 0.000000
vn 1.000000 0.000000 0.000000
vn 1.000000 0.000000 0.000000
vn 1.000000 0.000000 0.000000
vn 1.000000 0.000000 0.000000
vn -1.000000 0.000000 -0.000000
vn -1.000000 0.000000 -0.000000
vn -1.000000 0.000000 -0.000000
vn -1.000000 0.000000 -0.000000
vn -1.000000 0.000000 -0.000000
vn -1.000000 0.000000 -0.000000
vn 0.000000 1.000000 0.000000
vn 0.000000 1.000000 0.000000
vn 0.000000 1.000000 0.000000
vn 0.000000 1.000000 0.000000
vn 0.000000 1.000000 0.000000
vn 0.000000 1.000000 0.000000
vn -0.000000 0.000000 1.000000
vn -0.000000 0.000000 1.000000
vn -0.000000 0.000000 1.000000
vn -0.000000 0.000000 1.000000
vn 0.000000 -1.000000 0.000000
vn 0.000000 -1.000000 0.000000
vn 0.000000 -1.000000 0.000000
vn 0.000000 -1.000000 0.000000
vn 0.000000 -1.000000 0.000000
vn 0.000000 -1.000000 0.000000
vn 0.288406 0.000000 -0.957508
vn 0.288406 0.000000 -0.957508
vn 0.288406 0.000000 -0.957508
vn 0.288406 0.000000 -0.957508
vn 0.000000 -0.242536 -0.970142
vn 0.000000 -0.242536 -0.970142
vn 0.000000 -0.242536 -0.970142
vn 0.000000 -0.242536 -0.970142
vn 0.000000 -0.242536 -0.970142
vn -0.288406 0.000000 -0.957508
vn -0.288406 0.000000 -0.957508
vn -0.288406 0.000000 -0.957508
vn -0.288406 0.000000 -0.957508
vn 0.000000 0.000000 -1.000000
vn 0.000000 0.000000 -1.000000
vn 0.000000 0.000000 -1.000000
vn 0.000000 0.000000 -1.000000
vn 0.000000 0.242536 -0.970142
vn 0.000000 0.242536 -0.970142
vn 0.000000 0.242536 -0.970142
vn 0.000000 0.242536 -0.970142
vn 0.000000 0.242536 -0.970142
vn 0.288406 0.000000 -0.957508
vn 0.288406 0.000000 -0.957508
vn 0.288406 0.000000 -0.957508
vn 0.288406 0.000000 -0.957508
vn 0.288406 0.000000 -0.957508
vn 0.000000 -0.242536 -0.970142
vn 0.000000 -0.242536 -0.970142
vn 0.000000 -0.242536 -0.970142
vn 0.000000 -0.242536 -0.970142
vn 0.000000 -0.242536 -0.970142
vn -0.288406 0.000000 -0.957508
vn -0.288406 0.000000 -0.957508
vn -0.288406 0.000000 -0.957508
vn -0.288406 0.000000 -0.957508
vn -0.288406 0.000000 -0.957508
vn 0.000000 0.000000 -1.000000
vn 0.000000 0.000000 -1.000000
vn 0.000000 0.000000 -1.000000
vn 0.000000 0.000000 -1.000000
vn 0.000000 0.242536 -0.970142
vn 0.000000 0.242536 -0.970142
vn 0.000000 0.242536 -0.970142
vn 0.000000 -0.242536 -0.970142
vn 0.000000 -0.242536 -0.970142
vn 0.000000 -0.242536 -0.970142
vn 0.000000 -0.242536 -0.970142
vn 0.000000 -0.242536 -0.970142
vn -0.288406 -0.000000 -0.957508
vn -0.288406 0.000000 -0.957508
vn -0.288406 0.000000 -0.957508
vn 0.000000 0.242536 -0.970142
vn 0.000000 0.242536 -0.970142
vn 0.000000 0.242536 -0.970142
vn 0.000000 0.242536 -0.970142
vn 0.000000 0.000000 -1.000000
vn 0.000000 0.000000 -1.000000
vn 0.000000 0.000000 -1.000000
vn 0.000000 0.000000 -1.000000
vn 0.288406 0.000000 -0.957508
vn 0.288406 0.000000 -0.957508
vn 0.288406 0.000000 -0.957508
vn 0.288406 0.000000 -0.957508
vn 0.000000 0.242536 -0.970142
vn 0.000000 0.242536 -0.970142
vn 0.000000 0.242536 -0.970142
vn 0.288406 0.000000 -0.957508
vn 0.288406 0.000000 -0.957508
vn 0.288406 0.000000 -0.957508
vn 0.288406 0.000000 -0.957508
vn 0.288406 0.000000 -0.957508
vn 0.000000 -0.242536 -0.970142
vn 0.000000 -0.242536 -0.970142
vn 0.000000 -0.242536 -0.970142
vn 0.000000 -0.242536 -0.970142
vn 0.000000 0.000000 -1.000000
vn 0.000000 0.000000 -1.000000
vn 0.000000 0.000000 -1.000000
vn 0.000000 0.000000 -1.000000
vn -0.288406 0.000000 -0.957508
vn -0.288406 0.000000 -0.957508
vn -0.288406 0.000000 -0.957508
vn -0.288406 0.000000 -0.957508
vn 0.000000 0.242536 -0.970142
vn 0.000000 0.242536 -0.970142
vn 0.000000 0.242536 -0.970142
vn 0.288406 0.000000 -0.957508
vn 0.288406 0.000000 -0.957508
vn 0.288406 0.000000 -0.957508
vn 0.000000 -0.242536 -0.970142
vn 0.000000 -0.242536 -0.970142
vn 0.000000 -0.242536 -0.970142
vn 0.000000 0.000000 -1.000000
vn 0.000000 0.000000 -1.000000
vn 0.000000 0.000000 -1.000000
vn 0.000000 0.000000 -1.000000
vn -0.288406 0.000000 -0.957508
vn -0.288406 0.000000 -0.957508
vn -0.288406 0.000000 -0.957508
vn -0.288406 0.000000 -0.957508
vn -0.288406 0.000000 -0.957508
vn -0.288406 0.000000 -0.957508
vn -0.288406 0.000000 -0.957508
vn -0.288406 0.000000 -0.957508
vn 0.000000 0.242536 -0.970142
vn 0.000000 0.242536 -0.970142
vn 0.000000 0.242536 -0.970142
vn 0.000000 0.242536 -0.970142
vn 0.000000 0.242536 -0.970142
vn 0.288406 0.000000 -0.957508
vn 0.288406 0.000000 -0.957508
vn 0.288406 0.000000 -0.957508
vn 0.288406 0.000000 -0.957508
vn 0.000000 0.000000 -1.000000
vn 0.000000 0.000000 -1.000000
vn 0.000000 0.000000 -1.000000
vn 0.000000 0.000000 -1.000000
vn 0.000000 -0.242536 -0.970142
vn 0.000000 -0.242536 -0.970142
vn 0.000000 -0.242536 -0.970142
vn 0.000000 -0.242536 -0.970142
vn 0.000000 0.242536 -0.970142
vn 0.000000 0.242536 -0.970142
vn 0.000000 0.242536 -0.970142
vn -0.288406 0.000000 -0.957508
vn -0.288406 0.000000 -0.957508
vn -0.288406 0.000000 -0.957508
vn -0.288406 0.000000 -0.957508
vn 0.000000 -0.242536 -0.970142
vn 0.000000 -0.242536 -0.970142
vn 0.000000 -0.242536 -0.970142
vn 0.288406 0.000000 -0.957508
vn 0.288406 0.000000 -0.957508
vn 0.288406 0.000000 -0.957508
vn 0.288406 0.000000 -0.957508
vn 0.000000 0.242536 -0.970142
vn 0.000000 0.242536 -0.970142
vn 0.000000 0.242536 -0.970142
vn 0.000000 0.242536 -0.970142
vn 0.000000 0.000000 -1.000000
vn 0.000000 0.000000 -1.000000
vn 0.000000 0.000000 -1.000000
vn 0.000000 0.000000 -1.000000
vn 0.000000 0.000000 -1.000000
vn 0.000000 0.000000 -1.000000
vn -0.288406 0.000000 -0.957508
vn -0.288406 0.000000 -0.957508
vn -0.288406 0.000000 -0.957508
vn 0.288406 0.000000 -0.957508
vn 0.288406 0.000000 -0.957508
vn 0.288406 0.000000 -0.957508
vn 0.000000 -0.242536 -0.970142
vn 0.000000 -0.242536 -0.970142
vn 0.000000 -0.242536 -0.970142
vn -0.288406 0.000000 -0.957508
vn -0.288406 0.000000 -0.957508
vn 0.000000 0.000000 -1.000000
vn 0.000000 0.000000 -1.000000
vn 0.000000 0.000000 -1.000000
vn 0.000000 0.000000 -1.000000
vn 0.000000 0.242536 -0.970142
vn 0.000000 0.242536 -0.970142
vn 0.000000 0.242536 -0.970142
vn 0.000000 0.242536 -0.970142
vn 0.288406 0.000000 -0.957508
vn 0.288406 0.000000 -0.957508
vn 0.288406 0.000000 -0.957508
vn 0.000000 -0.242536 -0.970142
vn 0.000000 -0.242536 -0.970142
vn 0.000000 -0.242536 -0.970142
vn -0.288406 0.000000 -0.957508
vn -0.288406 0.000000 -0.957508
vn -0.288406 0.000000 -0.957508
vn -0.288406 0.000000 -0.957508
vn 0.000000 0.000000 -1.000000
vn 0.000000 0.000000 -1.000000
vn 0.000000 0.000000 -1.000000
vn 0.000000 0.000000 -1.000000
vn 0.000000 0.242536 -0.970142
vn 0.000000 0.242536 -0.970142
vn 0.000000 0.242536 -0.970142
vn -1.000000 0.000000 0.000000
vn -1.000000 0.000000 0.000000
vn -1.000000 0.000000 0.000000
vn -1.000000 0.000000 0.000000
vn -1.000000 0.000000 0.000000
vn -1.000000 0.000000 0.000000
vn 1.000000 0.000000 -0.000000
vn 1.000000 0.000000 -0.000000
vn 1.000000 0.000000 -0.000000
vn 1.000000 0.000000 -0.000000
vn 1.000000 0.000000 -0.000000
vn 1.000000 0.000000 -0.000000
vn 0.000000 1.000000 0.000000
vn 0.000000 1.000000 0.000000
vn 0.000000 1.000000 0.000000
vn 0.000000 1.000000 0.000000
vn 0.000000 1.000000 0.000000
vn 0.000000 1.000000 0.000000
vn -0.000000 0.000000 -1.000000
vn -0.000000 0.000000 -1.000000
vn -0.000000 0.000000 -1.000000
vn -0.000000 0.000000 -1.000000
vn 0.000000 -1.000000 0.000000
vn 0.000000 -1.000000 0.000000
vn 0.000000 -1.000000 0.000000
vn 0.000000 -1.000000 0.000000
vn 0.000000 -1.000000 0.000000
vn 0.000000 -1.000000 0.000000
vn -0.288406 0.000000 0.957508
vn -0.288406 0.000000 0.957508
vn -0.288406 0.000000 0.957508
vn -0.288406 0.000000 0.957508
vn 0.000000 -0.242536 0.970142
vn 0.000000 -0.242536 0.970142
vn 0.000000 -0.242536 0.970142
vn 0.000000 -0.242536 0.970142
vn 0.000000 -0.242536 0.970142
vn 0.288406 0.000000 0.957508
vn 0.288406 0.000000 0.957508
vn 0.288406 0.000000 0.957508
vn 0.288406 0.000000 0.957508
vn 0.000000 0.000000 1.000000
vn 0.000000 0.000000 1.000000
vn 0.000000 0.000000 1.000000
vn 0.000000 0.000000 1.000000
vn 0.000000 0.242536 0.970142
vn 0.000000 0.242536 0.970142
vn 0.000000 0.242536 0.970142
vn 0.000000 0.242536 0.970142
vn 0.000000 0.242536 0.970142
vn -0.288406 0.000000 0.957508
vn -0.288406 0.000000 0.957508
vn -0.288406 0.000000 0.957508
vn -0.288406 0.000000 0.957508
vn -0.288406 0.000000 0.957508
vn 0.000000 -0.242536 0.970142
vn 0.000000 -0.242536 0.970142
vn 0.000000 -0.242536 0.970142
vn 0.000000 -0.242536 0.970142
vn 0.000000 -0.242536 0.970142
vn 0.288406 0.000000 0.957508
vn 0.288406 0.000000 0.957508
vn 0.288406 0.000000 0.957508
vn 0.288406 0.000000 0.957508
vn 0.288406 0.000000 0.957508
vn 0.000000 0.000000 1.000000
vn 0.000000 0.000000 1.000000
vn 0.000000 0.000000 1.000000
vn 0.000000 0.000000 1.000000
vn 0.000000 0.242536 0.970142
vn 0.000000 0.242536 0.970142
vn 0.000000 0.242536 0.970142
vn 0.000000 -0.242536 0.970142
vn 0.000000 -0.242536 0.970142
vn 0.000000 -0.242536 0.970142
vn 0.000000 -0.242536 0.970142
vn 0.000000 -0.242536 0.970142
vn 0.288406 -0.000000 0.957508
vn 0.288406 0.000000 0.957508
vn 0.288406 0.000000 0.957508
vn 0.000000 0.242536 0.970142
vn 0.000000 0.242536 0.970142
vn 0.000000 0.242536 0.970142
vn 0.000000 0.242536 0.970142
vn 0.000000 0.000000 1.000000
vn 0.000000 0.000000 1.000000
vn 0.000000 0.000000 1.000000
vn 0.000000 0.000000 1.000000
vn -0.288406 0.000000 0.957508
vn -0.288406 0.000000 0.957508
vn -0.288406 0.000000 0.957508
vn -0.288406 0.000000 0.957508
vn 0.000000 0.242536 0.970142
vn 0.000000 0.242536 0.970142
vn 0.000000 0.242536 0.970142
vn -0.288406 0.000000 0.957508
vn -0.288406 0.000000 0.957508
vn -0.288406 0.000000 0.957508
vn -0.288406 0.000000 0.957508
vn -0.288406 0.000000 0.957508
vn 0.000000 -0.242536 0.970142
vn 0.000000 -0.242536 0.970142
vn 0.000000 -0.242536 0.970142
vn 0.000000 -0.242536 0.970142
vn 0.000000 0.000000 1.000000
vn 0.000000 0.000000 1.000000
vn 0.000000 0.000000 1.000000
vn 0.000000 0.000000 1.000000
vn 0.288406 0.000000 0.957508
vn 0.288406 0.000000 0.957508
vn 0.288406 0.000000 0.957508
vn 0.288406 0.000000 0.957508
vn 0.000000 0.242536 0.970142
vn 0.000000 0.242536 0.970142
vn 0.000000 0.242536 0.970142
vn -0.288406 0.000000 0.957508
vn -0.288406 0.000000 0.957508
vn -0.288406 0.000000 0.957508
vn 0.000000 -0.242536 0.970142
vn 0.000000 -0.242536 0.970142
vn 0.000000 -0.242536 0.970142
vn 0.000000 0.000000 1.000000
vn 0.000000 0.000000 1.000000
vn 0.000000 0.000000 1.000000
vn 0.000000 0.000000 1.000000
vn 0.288406 0.000000 0.957508
vn 0.288406 0.000000 0.957508
vn 0.288406 0.000000 0.957508
vn 0.288406 0.000000 0.957508
vn 0.288406 0.000000 0.957508
vn 0.288406 0.000000 0.957508
vn 0.288406 0.000000 0.957508
vn 0.288406 0.000000 0.957508
vn 0.000000 0.242536 0.970142
vn 0.000000 0.242536 0.970142
vn 0.000000 0.242536 0.970142
vn 0.000000 0.242536 0.970142
vn 0.000000 0.242536 0.970142
vn -0.288406 0.000000 0.957508
vn -0.288406 0.000000 0.957508
vn -0.288406 0.000000 0.957508
vn -0.288406 0.000000 0.957508
vn 0.000000 0.000000 1.000000
vn 0.000000 0.000000 1.000000
vn 0.000000 0.000000 1.000000
vn 0.000000 0.000000 1.000000
vn 0.000000 -0.242536 0.970142
vn 0.000000 -0.242536 0.970142
vn 0.000000 -0.242536 0.970142
vn 0.000000 -0.242536 0.970142
vn 0.000000 0.242536 0.970142
vn 0.000000 0.242536 0.970142
vn 0.000000 0.242536 0.970142
vn 0.288406 0.000000 0.957508
vn 0.288406 0.000000 0.957508
vn 0.288406 0.000000 0.957508
vn 0.288406 0.000000 0.957508
vn 0.000000 -0.242536 0.970142
vn 0.000000 -0.242536 0.970142
vn 0.000000 -0.242536 0.970142
vn -0.288406 0.000000 0.957508
vn -0.288406 0.000000 0.957508
vn -0.288406 0.000000 0.957508
vn -0.288406 0.000000 0.957508
vn 0.000000 0.242536 0.970142
vn 0.000000 0.242536 0.970142
vn 0.000000 0.242536 0.970142
vn 0.000000 0.242536 0.970142
vn 0.000000 0.000000 1.000000
vn 0.000000 0.000000 1.000000
vn 0.000000 0.000000 1.000000
vn 0.000000 0.000000 1.000000
vn 0.000000 0.000000 1.000000
vn 0.000000 0.000000 1.000000
vn 0.288406 0.000000 0.957508
vn 0.288406 0.000000 0.957508
vn 0.288406 0.000000 0.957508
vn -0.288406 0.000000 0.957508
vn -0.288406 0.000000 0.957508
vn -0.288406 0.000000 0.957508
vn 0.000000 -0.242536 0.970142
vn 0.000000 -0.242536 0.970142
vn 0.000000 -0.242536 0.970142
vn 0.288406 0.000000 0.957508
vn 0.288406 0.000000 0.957508
vn 0.000000 0.000000 1.000000
vn 0.000000 0.000000 1.000000
vn 0.000000 0.000000 1.000000
vn 0.000000 0.000000 1.000000
vn 0.000000 0.242536 0.970142
vn 0.000000 0.242536 0.970142
vn 0.000000 0.242536 0.970142
vn 0.000000 0.242536 0.970142
vn -0.288406 0.000000 0.957508
vn -0.288406 0.000000 0.957508
vn -0.288406 0.000000 0.957508
vn 0.000000 -0.242536 0.970142
vn 0.000000 -0.242536 0.970142
vn 0.000000 -0.242536 0.970142
vn 0.288406 0.000000 0.957508
vn 0.288406 0.000000 0.957508
vn 0.288406 0.000000 0.957508
vn 0.288406 0.000000 0.957508
vn 0.000000 0.000000 1.000000
vn 0.000000 0.000000 1.000000
vn 0.000000 0.000000 1.000000
vn 0.000000 0.000000 1.000000
vn 0.000000 0.242536 0.970142
vn 0.000000 0.242536 0.970142
vn 0.000000 0.242536 0.970142
vn 1.000000 0.000000 0.000000
vn 1.000000 0.000000 0.000000
vn 1.000000 0.000000 0.000000
vn 1.000000 0.000000 0.000000
vn 1.000000 0.000000 0.000000
vn 1.000000 0.000000 0.000000
vn -1.000000 0.000000 -0.000000
vn -1.000000 0.000000 -0.000000
vn -1.000000 0.000000 -0.000000
vn -1.000000 0.000000 -0.000000
vn -1.000000 0.000000 -0.000000
vn -1.000000 0.000000 -0.000000
vn 0.000000 1.000000 0.000000
vn 0.000000 1.000000 0.000000
vn 0.000000 1.000000 0.000000
vn 0.000000 1.000000 0.000000
vn 0.000000 1.000000 0.000000
vn 0.000000 1.000000 0.000000
vn -0.000000 0.000000 1.000000
vn -0.000000 0.000000 1.000000
vn -0.000000 0.000000 1.000000
vn -0.000000 0.000000 1.000000
vn 0.000000 -1.000000 0.000000
vn 0.000000 -1.000000 0.000000
vn 0.000000 -1.000000 0.000000
vn 0.000000 -1.000000 0.000000
vn 0.000000 -1.000000 0.000000
vn 0.000000 -1.000000 0.000000
vn 0.288406 0.000000 -0.957508
vn 0.288406 0.000000 -0.957508
vn 0.288406 0.000000 -0.957508
vn 0.288406 0.000000 -0.957508
vn 0.000000 -0.242536 -0.970142
vn 0.000000 -0.242536 -0.970142
vn 0.000000 -0.242536 -0.970142
vn 0.000000 -0.242536 -0.970142
vn 0.000000 -0.242536 -0.970142
vn -0.288406 0.000000 -0.957508
vn -0.288406 0.000000 -0.957508
vn -0.288406 0.000000 -0.957508
vn -0.288406 0.000000 -0.957508
vn 0.000000 0.000000 -1.000000
vn 0.000000 0.000000 -1.000000
vn 0.000000 0.000000 -1.000000
vn 0.000000 0.000000 -1.000000
vn 0.000000 0.242536 -0.970142
vn 0.000000 0.242536 -0.970142
vn 0.000000 0.242536 -0.970142
vn 0.000000 0.242536 -0.970142
vn 0.000000 0.242536 -0.970142
vn 0.288406 0.000000 -0.957508
vn 0.288406 0.000000 -0.957508
vn 0.288406 0.000000 -0.957508
vn 0.288406 0.000000 -0.957508
vn 0.288406 0.000000 -0.957508
vn 0.000000 -0.242536 -0.970142
vn 0.000000 -0.242536 -0.970142
vn 0.000000 -0.242536 -0.970142
vn 0.000000 -0.242536 -0.970142
vn 0.000000 -0.242536 -0.970142
vn -0.288406 0.000000 -0.957508
vn -0.288406 0.000000 -0.957508
vn -0.288406 0.000000 -0.957508
vn -0.288406 0.000000 -0.957508
vn -0.288406 0.000000 -0.957508
vn 0.000000 0.000000 -1.000000
vn 0.000000 0.000000 -1.000000
vn 0.000000 0.000000 -1.000000
vn 0.000000 0.000000 -1.000000
vn 0.000000 0.242536 -0.970142
vn 0.000000 0.242536 -0.970142
vn 0.000000 0.242536 -0.970142
vn 0.000000 -0.242536 -0.970142
vn 0.000000 -0.242536 -0.970142
vn 0.000000 -0.242536 -0.970142
vn 0.000000 -0.242536 -0.970142
vn 0.000000 -0.242536 -0.970142
vn -0.288406 -0.000000 -0.957508
vn -0.288406 0.000000 -0.957508
vn -0.288406 0.000000 -0.957508
vn 0.000000 0.242536 -0.970142
vn 0.000000 0.242536 -0.970142
vn 0.000000 0.242536 -0.970142
vn 0.000000 0.242536 -0.970142
vn 0.000000 0.000000 -1.000000
vn 0.000000 0.000000 -1.000000
vn 0.000000 0.000000 -1.000000
vn 0.000000 0.000000 -1.000000
vn 0.288406 0.000000 -0.957508
vn 0.288406 0.000000 -0.957508
vn 0.288406 0.000000 -0.957508
vn 0.288406 0.000000 -0.957508
vn 0.000000 0.242536 -0.970142
vn 0.000000 0.242536 -0.970142
vn 0.000000 0.242536 -0.970142
vn 0.288406 0.000000 -0.957508
vn 0.288406 0.000000 -0.957508
vn 0.288406 0.000000 -0.957508
vn 0.288406 0.000000 -0.957508
vn 0.288406 0.000000 -0.957508
vn 0.000000 -0.242536 -0.970142
vn 0.000000 -0.242536 -0.970142
vn 0.000000 -0.242536 -0.970142
vn 0.000000 -0.242536 -0.970142
vn 0.000000 0.000000 -1.000000
vn 0.000000 0.000000 -1.000000
vn 0.000000 0.000000 -1.000000
vn 0.000000 0.000000 -1.000000
vn -0.288406 0.000000 -0.957508
vn -0.288406 0.000000 -0.957508
vn -0.288406 0.000000 -0.957508
vn -0.288406 0.000000 -0.957508
vn 0.000000 0.242536 -0.970142
vn 0.000000 0.242536 -0.970142
vn 0.000000 0.242536 -0.970142
vn 0.288406 0.000000 -0.957508
vn 0.288406 0.000000 -0.957508
vn 0.288406 0.000000 -0.957508
vn 0.000000 -0.242536 -0.970142
vn 0.000000 -0.242536 -0.970142
vn 0.000000 -0.242536 -0.970142
vn 0.000000 0.000000 -1.000000
vn 0.000000 0.000000 -1.000000
vn 0.000000 0.000000 -1.000000
vn 0.000000 0.000000 -1.000000
vn -0.288406 0.000000 -0.957508
vn -0.288406 0.000000 -0.957508
vn -0.288406 0.000000 -0.957508
vn -0.288406 0.000000 -0.957508
vn -0.288406 0.000000 -0.957508
vn -0.288406 0.000000 -0.957508
vn -0.288406 0.000000 -0.957508
vn -0.288406 0.000000 -0.957508
vn 0.000000 0.242536 -0.970142
vn 0.000000 0.242536 -0.970142
vn 0.000000 0.242536 -0.970142
vn 0.000000 0.242536 -0.970142
vn 0.000000 0.242536 -0.970142
vn 0.288406 0.000000 -0.957508
vn 0.288406 0.000000 -0.957508
vn 0.288406 0.000000 -0.957508
vn 0.288406 0.000000 -0.957508
vn 0.000000 0.000000 -1.000000
vn 0.000000 0.000000 -1.000000
vn 0.000000 0.000000 -1.000000
vn 0.000000 0.000000 -1.000000
vn 0.000000 -0.242536 -0.970142
vn 0.000000 -0.242536 -0.970142
vn 0.000000 -0.242536 -0.970142
vn 0.000000 -0.242536 -0.970142
vn 0.000000 0.242536 -0.970142
vn 0.000000 0.242536 -0.970142
vn 0.000000 0.242536 -0.970142
vn -0.288406 0.000000 -0.957508
vn -0.288406 0.000000 -0.957508
vn -0.288406 0.000000 -0.957508
vn -0.288406 0.000000 -0.957508
vn 0.000000 -0.242536 -0.970142
vn 0.000000 -0.242536 -0.970142
vn 0.000000 -0.242536 -0.970142
vn 0.288406 0.000000 -0.957508
vn 0.288406 0.000000 -0.957508
vn 0.288406 0.000000 -0.957508
vn 0.288406 0.000000 -0.957508
vn 0.000000 0.242536 -0.970142
vn 0.000000 0.242536 -0.970142
vn 0.000000 0.242536 -0.970142
vn 0.000000 0.242536 -0.970142
vn 0.000000 0.000000 -1.000000
vn 0.000000 0.000000 -1.000000
vn 0.000000 0.000000 -1.000000
vn 0.000000 0.000000 -1.000000
vn 0.000000 0.000000 -1.000000
vn 0.000000 0.000000 -1.000000
vn -0.288406 0.000000 -0.957508
vn -0.288406 0.000000 -0.957508
vn -0.288406 0.000000 -0.957508
vn 0.288406 0.000000 -0.957508
vn 0.288406 0.000000 -0.957508
vn 0.288406 0.000000 -0.957508
vn 0.000000 -0.242536 -0.970142
vn 0.000000 -0.242536 -0.970142
vn 0.000000 -0.242536 -0.970142
vn -0.288406 0.000000 -0.957508
vn -0.288406 0.000000 -0.957508
vn 0.000000 0.000000 -1.000000
vn 0.000000 0.000000 -1.000000
vn 0.000000 0.000000 -1.000000
vn 0.000000 0.000000 -1.000000
vn 0.000000 0.242536 -0.970142
vn 0.000000 0.242536 -0.970142
vn 0.000000 0.242536 -0.970142
vn 0.000000 0.242536 -0.970142
vn 0.288406 0.000000 -0.957508
vn 0.288406 0.000000 -0.957508
vn 0.288406 0.000000 -0.957508
vn 0.000000 -0.242536 -0.970142
vn 0.000000 -0.242536 -0.970142
vn 0.000000 -0.242536 -0.970142
vn -0.288406 0.000000 -0.957508
vn -0.288406 0.000000 -0.957508
vn -0.288406 0.000000 -0.957508
vn -0.288406 0.000000 -0.957508
vn 0.000000 0.000000 -1.000000
vn 0.000000 0.000000 -1.000000
vn 0.000000 0.000000 -1.000000
vn 0.000000 0.000000 -1.000000
vn 0.000000 0.242536 -0.970142
vn 0.000000 0.242536 -0.970142
vn 0.000000 0.242536 -0.970142
vn -1.000000 0.000000 0.000000
vn -1.000000 0.000000 0.000000
vn -1.000000 0.000000 0.000000
vn -1.000000 0.000000 0.000000
vn -1.000000 0.000000 0.000000
vn -1.000000 0.000000 0.000000
vn 1.000000 0.000000 -0.000000
vn 1.000000 0.000000 -0.000000
vn 1.000000 0.000000 -0.000000
vn 1.000000 0.000000 -0.000000
vn 1.000000 0.000000 -0.000000
vn 1.000000 0.000000 -0.000000
vn 0.000000 1.000000 0.000000
vn 0.000000 1.000000 0.000000
vn 0.000000 1.000000 0.000000
vn 0.000000 1.000000 0.000000
vn 0.000000 1.000000 0.000000
vn 0.000000 1.000000 0.000000
vn -0.000000 0.000000 -1.000000
vn -0.000000 0.000000 -1.000000
vn -0.000000 0.000000 -1.000000
vn -0.000000 0.000000 -1.000000
vn 0.000000 -1.000000 0.000000
vn 0.000000 -1.000000 0.000000
vn 0.000000 -1.000000 0.000000
vn 0.000000 -1.000000 0.000000
vn 0.000000 -1.000000 0.000000
vn 0.000000 -1.000000 0.000000
vn -0.288406 0.000000 0.957508
vn -0.288406 0.000000 0.957508
vn -0.288406 0.000000 0.957508
vn -0.288406 0.000000 0.957508
vn 0.000000 -0.242536 0.970142
vn 0.000000 -0.242536 0.970142
vn 0.000000 -0.242536 0.970142
vn 0.000000 -0.242536 0.970142
vn 0.000000 -0.242536 0.970142
vn 0.288406 0.000000 0.957508
vn 0.288406 0.000000 0.957508
vn 0.288406 0.000000 0.957508
vn 0.288406 0.000000 0.957508
vn 0.000000 0.000000 1.000000
vn 0.000000 0.000000 1.000000
vn 0.000000 0.000000 1.000000
vn 0.000000 0.000000 1.000000
vn 0.000000 0.242536 0.970142
vn 0.000000 0.242536 0.970142
vn 0.000000 0.242536 0.970142
vn 0.000000 0.242536 0.970142
vn 0.000000 0.242536 0.970142
vn -0.288406 0.000000 0.957508
vn -0.288406 0.000000 0.957508
vn -0.288406 0.000000 0.957508
vn -0.288406 0.000000 0.957508
vn -0.288406 0.000000 0.957508
vn 0.000000 -0.242536 0.970142
vn 0.000000 -0.242536 0.970142
vn 0.000000 -0.242536 0.970142
vn 0.000000 -0.242536 0.970142
vn 0.000000 -0.242536 0.970142
vn 0.288406 0.000000 0.957508
vn 0.288406 0.000000 0.957508
vn 0.288406 0.000000 0.957508
vn 0.288406 0.000000 0.957508
vn 0.288406 0.000000 0.957508
vn 0.000000 0.000000 1.000000
vn 0.000000 0.000000 1.000000
vn 0.000000 0.000000 1.000000
vn 0.000000 0.000000 1.000000
vn 0.000000 0.242536 0.970142
vn 0.000000 0.242536 0.970142
vn 0.000000 0.242536 0.970142
vn 0.000000 -0.242536 0.970142
vn 0.000000 -0.242536 0.970142
vn 0.000000 -0.242536 0.970142
vn 0.000000 -0.242536 0.970142
vn 0.000000 -0.242536 0.970142
vn 0.288406 -0.000000 0.957508
vn 0.288406 0.000000 0.957508
vn 0.288406 0.000000 0.957508
vn 0.000000 0.242536 0.970142
vn 0.000000 0.242536 0.970142
vn 0.000000 0.242536 0.970142
vn 0.000000 0.242536 0.970142
vn 0.000000 0.000000 1.000000
vn 0.000000 0.000000 1.000000
vn 0.000000 0.000000 1.000000
vn 0.000000 0.000000 1.000000
vn -0.288406 0.000000 0.957508
vn -0.288406 0.000000 0.957508
vn -0.288406 0.000000 0.957508
vn -0.288406 0.000000 0.957508
vn 0.000000 0.242536 0.970142
vn 0.000000 0.242536 0.970142
vn 0.000000 0.242536 0.970142
vn -0.288406 0.000000 0.957508
vn -0.288406 0.000000 0.957508
vn -0.288406 0.000000 0.957508
vn -0.288406 0.000000 0.957508
vn -0.288406 0.000000 0.957508
vn 0.000000 -0.242536 0.970142
vn 0.000000 -0.242536 0.970142
vn 0.000000 -0.242536 0.970142
vn 0.000000 -0.242536 0.970142
vn 0.000000 0.000000 1.000000
vn 0.000000 0.000000 1.000000
vn 0.000000 0.000000 1.000000
vn 0.000000 0.000000 1.000000
vn 0.288406 0.000000 0.957508
vn 0.288406 0.000000 0.957508
vn 0.288406 0.000000 0.957508
vn 0.288406 0.000000 0.957508
vn 0.000000 0.242536 0.970142
vn 0.000000 0.242536 0.970142
vn 0.000000 0.242536 0.970142
vn -0.288406 0.000000 0.957508
vn -0.288406 0.000000 0.957508
vn -0.288406 0.000000 0.957508
vn 0.000000 -0.242536 0.970142
vn 0.000000 -0.242536 0.970142
vn 0.000000 -0.242536 0.970142
vn 0.000000 0.000000 1.000000
vn 0.000000 0.000000 1.000000
vn 0.000000 0.000000 1.000000
vn 0.000000 0.000000 1.000000
vn 0.288406 0.000000 0.957508
vn 0.288406 0.000000 0.957508
vn 0.288406 0.000000 0.957508
vn 0.288406 0.000000 0.957508
vn 0.288406 0.000000 0.957508
vn 0.288406 0.000000 0.957508
vn 0.288406 0.000000 0.957508
vn 0.288406 0.000000 0.957508
vn 0.000000 0.242536 0.970142
vn 0.000000 0.242536 0.970142
vn 0.000000 0.242536 0.970142
vn 0.000000 0.242536 0.970142
vn 0.000000 0.242536 0.970142
vn -0.288406 0.000000 0.957508
vn -0.288406 0.000000 0.957508
vn -0.288406 0.000000 0.957508
vn -0.288406 0.000000 0.957508
vn 0.000000 0.000000 1.000000
vn 0.000000 0.000000 1.000000
vn 0.000000 0.000000 1.000000
vn 0.000000 0.000000 1.000000
vn 0.000000 -0.242536 0.970142
vn 0.000000 -0.242536 0.970142
vn 0.000000 -0.242536 0.970142
vn 0.000000 -0.242536 0.970142
vn 0.000000 0.242536 0.970142
vn 0.000000 0.242536 0.970142
vn 0.000000 0.242536 0.970142
vn 0.288406 0.000000 0.957508
vn 0.288406 0.000000 0.957508
vn 0.288406 0.000000 0.957508
vn 0.288406 0.000000 0.957508
vn 0.000000 -0.242536 0.970142
vn 0.000000 -0.242536 0.970142
vn 0.000000 -0.242536 0.970142
vn -0.288406 0.000000 0.957508
vn -0.288406 0.000000 0.957508
vn -0.288406 0.000000 0.957508
vn -0.288406 0.000000 0.957508
vn 0.000000 0.242536 0.970142
vn 0.000000 0.242536 0.970142
vn 0.000000 0.242536 0.970142
vn 0.000000 0.242536 0.970142
vn 0.000000 0.000000 1.000000
vn 0.000000 0.000000 1.000000
vn 0.000000 0.000000 1.000000
vn 0.000000 0.000000 1.000000
vn 0.000000 0.000000 1.000000
vn 0.000000 0.000000 1.000000
vn 0.288406 0.000000 0.957508
vn 0.288406 0.000000 0.957508
vn 0.288406 0.000000 0.957508
vn -0.288406 0.000000 0.957508
vn -0.288406 0.000000 0.957508
vn -0.288406 0.000000 0.957508
vn 0.000000 -0.242536 0.970142
vn 0.000000 -0.242536 0.970142
vn 0.000000 -0.242536 0.970142
vn 0.288406 0.000000 0.957508
vn 0.288406 0.000000 0.957508
vn 0.000000 0.000000 1.000000
vn 0.000000 0.000000 1.000000
vn 0.000000 0.000000 1.000000
vn 0.000000 0.000000 1.000000
vn 0.000000 0.242536 0.970142
vn 0.000000 0.242536 0.970142
vn 0.000000 0.242536 0.970142
vn 0.000000 0.242536 0.970142
vn -0.288406 0.000000 0.957508
vn -0.288406 0.000000 0.957508
vn -0.288406 0.000000 0.957508
vn 0.000000 -0.242536 0.970142
vn 0.000000 -0.242536 0.970142
vn 0.000000 -0.242536 0.970142
vn 0.288406 0.000000 0.957508
vn 0.288406 0.000000 0.957508
vn 0.288406 0.000000 0.957508
vn 0.288406 0.000000 0.957508
vn 0.000000 0.000000 1.000000
vn 0.000000 0.000000 1.000000
vn 0.000000 0.000000 1.000000
vn 0.000000 0.000000 1.000000
vn 0.000000 0.242536 0.970142
vn 0.000000 0.242536 0.970142
vn 0.000000 0.242536 0.970142
vn 1.000000 0.000000 0.000000
vn 1.000000 0.000000 0.000000
vn 1.000000 0.000000 0.000000
vn 1.000000 0.000000 0.000000
vn 1.000000 0.000000 0.000000
vn 1.000000 0.000000 0.000000
vn -1.000000 0.000000 -0.000000
vn -1.000000 0.000000 -0.000000
vn -1.000000 0.000000 -0.000000
vn -1.000000 0.000000 -0.000000
vn -1.000000 0.000000 -0.000000
vn -1.000000 0.000000 -0.000000
vn 0.000000 1.000000 0.000000
vn 0.000000 1.000000 0.000000
vn 0.000000 1.000000 0.000000
vn 0.000000 1.000000 0.000000
vn 0.000000 1.000000 0.000000
vn 0.000000 1.000000 0.000000
vn -0.000000 0.000000 1.000000
vn -0.000000 0.000000 1.000000
vn -0.000000 0.000000 1.000000
vn -0.000000 0.000000 1.000000
vn 0.000000 -1.000000 0.000000
vn 0.000000 -1.000000 0.000000
vn 0.000000 -1.000000 0.000000
vn 0.000000 -1.000000 0.000000
vn 0.000000 -1.000000 0.000000
vn 0.000000 -1.000000 0.000000
vn 0.288406 0.000000 -0.957508
vn 0.288406 0.000000 -0.957508
vn 0.288406 0.000000 -0.957508
vn 0.288406 0.000000 -0.957508
vn 0.000000 -0.242536 -0.970142
vn 0.000000 -0.242536 -0.970142
vn 0.000000 -0.242536 -0.970142
vn 0.000000 -0.242536 -0.970142
vn 0.000000 -0.242536 -0.970142
vn -0.288406 0.000000 -0.957508
vn -0.288406 0.000000 -0.957508
vn -0.288406 0.000000 -0.957508
vn -0.288406 0.000000 -0.957508
vn 0.000000 0.000000 -1.000000
vn 0.000000 0.000000 -1.000000
vn 0.000000 0.000000 -1.000000
vn 0.000000 0.000000 -1.000000
vn 0.000000 0.242536 -0.970142
vn 0.000000 0.242536 -0.970142
vn 0.000000 0.242536 -0.970142
vn 0.000000 0.242536 -0.970142
vn 0.000000 0.242536 -0.970142
vn 0.288406 0.000000 -0.957508
vn 0.288406 0.000000 -0.957508
vn 0.288406 0.000000 -0.957508
vn 0.288406 0.000000 -0.957508
vn 0.288406 0.000000 -0.957508
vn 0.000000 -0.242536 -0.970142
vn 0.000000 -0.242536 -0.970142
vn 0.000000 -0.242536 -0.970142
vn 0.000000 -0.242536 -0.970142
vn 0.000000 -0.242536 -0.970142
vn -0.288406 0.000000 -0.957508
vn -0.288406 0.000000 -0.957508
vn -0.288406 0.000000 -0.957508
vn -0.288406 0.000000 -0.957508
vn -0.288406 0.000000 -0.957508
vn 0.000000 0.000000 -1.000000
vn 0.000000 0.000000 -1.000000
vn 0.000000 0.000000 -1.000000
vn 0.000000 0.000000 -1.000000
vn 0.000000 0.242536 -0.970142
vn 0.000000 0.242536 -0.970142
vn 0.000000 0.242536 -0.970142
vn 0.000000 -0.242536 -0.970142
vn 0.000000 -0.242536 -0.970142
vn 0.000000 -0.242536 -0.970142
vn 0.000000 -0.242536 -0.970142
vn 0.000000 -0.242536 -0.970142
vn -0.288406 -0.000000 -0.957508
vn -0.288406 0.000000 -0.957508
vn -0.288406 0.000000 -0.957508
vn 0.000000 0.242536 -0.970142
vn 0.000000 0.242536 -0.970142
vn 0.000000 0.242536 -0.970142
vn 0.000000 0.242536 -0.970142
vn 0.000000 0.000000 -1.000000
vn 0.000000 0.000000 -1.000000
vn 0.000000 0.000000 -1.000000
vn 0.000000 0.000000 -1.000000
vn 0.288406 0.000000 -0.957508
vn 0.288406 0.000000 -0.957508
vn 0.288406 0.000000 -0.957508
vn 0.288406 0.000000 -0.957508
vn 0.000000 0.242536 -0.970142
vn 0.000000 0.242536 -0.970142
vn 0.000000 0.242536 -0.970142
vn 0.288406 0.000000 -0.957508
vn 0.288406 0.000000 -0.957508
vn 0.288406 0.000000 -0.957508
vn 0.288406 0.000000 -0.957508
vn 0.288406 0.000000 -0.957508
vn 0.000000 -0.242536 -0.970142
vn 0.000000 -0.242536 -0.970142
vn 0.000000 -0.242536 -0.970142
vn 0.000000 -0.242536 -0.970142
vn 0.000000 0.000000 -1.000000
vn 0.000000 0.000000 -1.000000
vn 0.000000 0.000000 -1.000000
vn 0.000000 0.000000 -1.000000
vn -0.288406 0.000000 -0.957508
vn -0.288406 0.000000 -0.957508
vn -0.288406 0.000000 -0.957508
vn -0.288406 0.000000 -0.957508
vn 0.000000 0.242536 -0.970142
vn 0.000000 0.242536 -0.970142
vn 0.000000 0.242536 -0.970142
vn 0.288406 0.000000 -0.957508
vn 0.288406 0.000000 -0.957508
vn 0.288406 0.000000 -0.957508
vn 0.000000 -0.242536 -0.970142
vn 0.000000 -0.242536 -0.970142
vn 0.000000 -0.242536 -0.970142
vn 0.000000 0.000000 -1.000000
vn 0.000000 0.000000 -1.000000
vn 0.000000 0.000000 -1.000000
vn 0.000000 0.000000 -1.000000
vn -0.288406 0.000000 -0.957508
vn -0.288406 0.000000 -0.957508
vn -0.288406 0.000000 -0.957508
vn -0.288406 0.000000 -0.957508
vn -0.288406 0.000000 -0.957508
vn -0.288406 0.000000 -0.957508
vn -0.288406 0.000000 -0.957508
vn -0.288406 0.000000 -0.957508
vn 0.000000 0.242536 -0.970142
vn 0.000000 0.242536 -0.970142
vn 0.000000 0.242536 -0.970142
vn 0.000000 0.242536 -0.970142
vn 0.000000 0.242536 -0.970142
vn 0.288406 0.000000 -0.957508
vn 0.288406 0.000000 -0.957508
vn 0.288406 0.000000 -0.957508
vn 0.288406 0.000000 -0.957508
vn 0.000000 0.000000 -1.000000
vn 0.000000 0.000000 -1.000000
vn 0.000000 0.000000 -1.000000
vn 0.000000 0.000000 -1.000000
vn 0.000000 -0.242536 -0.970142
vn 0.000000 -0.242536 -0.970142
vn 0.000000 -0.242536 -0.970142
vn 0.000000 -0.242536 -0.970142
vn 0.000000 0.242536 -0.970142
vn 0.000000 0.242536 -0.970142
vn 0.000000 0.242536 -0.970142
vn -0.288406 0.000000 -0.957508
vn -0.288406 0.000000 -0.957508
vn -0.288406 0.000000 -0.957508
vn -0.288406 0.000000 -0.957508
vn 0.000000 -0.242536 -0.970142
vn 0.000000 -0.242536 -0.970142
vn 0.000000 -0.242536 -0.970142
vn 0.288406 0.000000 -0.957508
vn 0.288406 0.000000 -0.957508
vn 0.288406 0.000000 -0.957508
vn 0.288406 0.000000 -0.957508
vn 0.000000 0.242536 -0.970142
vn 0.000000 0.242536 -0.970142
vn 0.000000 0.242536 -0.970142
vn 0.000000 0.242536 -0.970142
vn 0.000000 0.000000 -1.000000
vn 0.000000 0.000000 -1.000000
vn 0.000000 0.000000 -1.000000
vn 0.000000 0.000000 -1.000000
vn 0.000000 0.000000 -1.000000
vn 0.000000 0.000000 -1.000000
vn -0.288406 0.000000 -0.957508
vn -0.288406 0.000000 -0.957508
vn -0.288406 0.000000 -0.957508
vn 0.288406 0.000000 -0.957508
vn 0.288406 0.000000 -0.957508
vn 0.288406 0.000000 -0.957508
vn 0.000000 -0.242536 -0.970142
vn 0.000000 -0.242536 -0.970142
vn 0.000000 -0.242536 -0.970142
vn -0.288406 0.000000 -0.957508
vn -0.288406 0.000000 -0.957508
vn 0.000000 0.000000 -1.000000
vn 0.000000 0.000000 -1.000000
vn 0.000000 0.000000 -1.000000
vn 0.000000 0.000000 -1.000000
vn 0.000000 0.242536 -0.970142
vn 0.000000 0.242536 -0.970142
vn 0.000000 0.242536 -0.970142
vn 0.000000 0.242536 -0.970142
vn 0.288406 0.000000 -0.957508
vn 0.288406 0.000000 -0.957508
vn 0.288406 0.000000 -0.957508
vn 0.000000 -0.242536 -0.970142
vn 0.000000 -0.242536 -0.970142
vn 0.000000 -0.242536 -0.970142
vn -0.288406 0.000000 -0.957508
vn -0.288406 0.000000 -0.957508
vn -0.288406 0.000000 -0.957508
vn -0.288406 0.000000 -0.957508
vn 0.000000 0.000000 -1.000000
vn 0.000000 0.000000 -1.000000
vn 0.000000 0.000000 -1.000000
vn 0.000000 0.000000 -1.000000
vn 0.000000 0.242536 -0.970142
vn 0.000000 0.242536 -0.970142
vn 0.000000 0.242536 -0.970142
vn -1.000000 0.000000 0.000000
vn -1.000000 0.000000 0.000000
vn -1.000000 0.000000 0.000000
vn -1.000000 0.000000 0.000000
vn -1.000000 0.000000 0.000000
vn -1.000000 0.000000 0.000000
vn 1.000000 0.000000 -0.000000
vn 1.000000 0.000000 -0.000000
vn 1.000000 0.000000 -0.000000
vn 1.000000 0.000000 -0.000000
vn 1.000000 0.000000 -0.000000
vn 1.000000 0.000000 -0.000000
vn 0.000000 1.000000 0.000000
vn 0.000000 1.000000 0.000000
vn 0.000000 1.000000 0.000000
vn 0.000000 1.000000 0.000000
vn 0.000000 1.000000 0.000000
vn 0.000000 1.000000 0.000000
vn -0.000000 0.000000 -1.000000
vn -0.000000 0.000000 -1.000000
vn -0.000000 0.000000 -1.000000
vn -0.000000 0.000000 -1.000000
vn 0.000000 -1.000000 0.000000
vn 0.000000 -1.000000 0.000000
vn 0.000000 -1.000000 0.000000
vn 0.000000 -1.000000 0.000000
vn 0.000000 -1.000000 0.000000
vn 0.000000 -1.000000 0.000000
vn -0.288406 0.000000 0.957508
vn -0.288406 0.000000 0.957508
vn -0.288406 0.000000 0.957508
vn -0.288406 0.000000 0.957508
vn 0.000000 -0.242536 0.970142
vn 0.000000 -0.242536 0.970142
vn 0.000000 -0.242536 0.970142
vn 0.000000 -0.242536 0.970142
vn 0.000000 -0.242536 0.970142
vn 0.288406 0.000000 0.957508
vn 0.288406 0.000000 0.957508
vn 0.288406 0.000000 0.957508
vn 0.288406 0.000000 0.957508
vn 0.000000 0.000000 1.000000
vn 0.000000 0.000000 1.000000
vn 0.000000 0.000000 1.000000
vn 0.000000 0.000000 1.000000
vn 0.000000 0.242536 0.970142
vn 0.000000 0.242536 0.970142
vn 0.000000 0.242536 0.970142
vn 0.000000 0.242536 0.970142
vn 0.000000 0.242536 0.970142
vn -0.288406 0.000000 0.957508
vn -0.288406 0.000000 0.957508
vn -0.288406 0.000000 0.957508
vn -0.288406 0.000000 0.957508
vn -0.288406 0.000000 0.957508
vn 0.000000 -0.242536 0.970142
vn 0.000000 -0.242536 0.970142
vn 0.000000 -0.242536 0.970142
vn 0.000000 -0.242536 0.970142
vn 0.000000 -0.242536 0.970142
vn 0.288406 0.000000 0.957508
vn 0.288406 0.000000 0.957508
vn 0.288406 0.000000 0.957508
vn 0.288406 0.000000 0.957508
vn 0.288406 0.000000 0.957508
vn 0.000000 0.000000 1.000000
vn 0.000000 0.000000 1.000000
vn 0.000000 0.000000 1.000000
vn 0.000000 0.000000 1.000000
vn 0.000000 0.242536 0.970142
vn 0.000000 0.242536 0.970142
vn 0.000000 0.242536 0.970142
vn 0.000000 -0.242536 0.970142
vn 0.000000 -0.242536 0.970142
vn 0.000000 -0.242536 0.970142
vn 0.000000 -0.242536 0.970142
vn 0.000000 -0.242536 0.970142
vn 0.288406 -0.000000 0.957508
vn 0.288406 0.000000 0.957508
vn 0.288406 0.000000 0.957508
vn 0.000000 0.242536 0.970142
vn 0.000000 0.242536 0.970142
vn 0.000000 0.242536 0.970142
vn 0.000000 0.242536 0.970142
vn 0.000000 0.000000 1.000000
vn 0.000000 0.000000 1.000000
vn 0.000000 0.000000 1.000000
vn 0.000000 0.000000 1.000000
vn -0.288406 0.000000 0.957508
vn -0.288406 0.000000 0.957508
vn -0.288406 0.000000 0.957508
vn -0.288406 0.000000 0.957508
vn 0.000000 0.242536 0.970142
vn 0.000000 0.242536 0.970142
vn 0.000000 0.242536 0.970142
vn -0.288406 0.000000 0.957508
vn -0.288406 0.000000 0.957508
vn -0.288406 0.000000 0.957508
vn -0.288406 0.000000 0.957508
vn -0.288406 0.000000 0.957508
vn 0.000000 -0.242536 0.970142
vn 0.000000 -0.242536 0.970142
vn 0.000000 -0.242536 0.970142
vn 0.000000 -0.242536 0.970142
vn 0.000000 0.000000 1.000000
vn 0.000000 0.000000 1.000000
vn 0.000000 0.000000 1.000000
vn 0.000000 0.000000 1.000000
vn 0.288406 0.000000 0.957508
vn 0.288406 0.000000 0.957508
vn 0.288406 0.000000 0.957508
vn 0.288406 0.000000 0.957508
vn 0.000000 0.242536 0.970142
vn 0.000000 0.242536 0.970142
vn 0.000000 0.242536 0.970142
vn -0.288406 0.000000 0.957508
vn -0.288406 0.000000 0.957508
vn -0.288406 0.000000 0.957508
vn 0.000000 -0.242536 0.970142
vn 0.000000 -0.242536 0.970142
vn 0.000000 -0.242536 0.970142
vn 0.000000 0.000000 1.000000
vn 0.000000 0.000000 1.000000
vn 0.000000 0.000000 1.000000
vn 0.000000 0.000000 1.000000
vn 0.288406 0.000000 0.957508
vn 0.288406 0.000000 0.957508
vn 0.288406 0.000000 0.957508
vn 0.288406 0.000000 0.957508
vn 0.288406 0.000000 0.957508
vn 0.288406 0.000000 0.957508
vn 0.288406 0.000000 0.957508
vn 0.288406 0.000000 0.957508
vn 0.000000 0.242536 0.970142
vn 0.000000 0.242536 0.970142
vn 0.000000 0.242536 0.970142
vn 0.000000 0.242536 0.970142
vn 0.000000 0.242536 0.970142
vn -0.288406 0.000000 0.957508
vn -0.288406 0.000000 0.957508
vn -0.288406 0.000000 0.957508
vn -0.288406 0.000000 0.957508
vn 0.000000 0.000000 1.000000
vn 0.000000 0.000000 1.000000
vn 0.000000 0.000000 1.000000
vn 0.000000 0.000000 1.000000
vn 0.000000 -0.242536 0.970142
vn 0.000000 -0.242536 0.970142
vn 0.000000 -0.242536 0.970142
vn 0.000000 -0.242536 0.970142
vn 0.000000 0.242536 0.970142
vn 0.000000 0.242536 0.970142
vn 0.000000 0.242536 0.970142
vn 0.288406 0.000000 0.957508
vn 0.288406 0.000000 0.957508
vn 0.288406 0.000000 0.957508
vn 0.288406 0.000000 0.957508
vn 0.000000 -0.242536 0.970142
vn 0.000000 -0.242536 0.970142
vn 0.000000 -0.242536 0.970142
vn -0.288406 0.000000 0.957508
vn -0.288406 0.000000 0.957508
vn -0.288406 0.000000 0.957508
vn -0.288406 0.000000 0.957508
vn 0.000000 0.242536 0.970142
vn 0.000000 0.242536 0.970142
vn 0.000000 0.242536 0.970142
vn 0.000000 0.242536 0.970142
vn 0.000000 0.000000 1.000000
vn 0.000000 0.000000 1.000000
vn 0.000000 0.000000 1.000000
vn 0.000000 0.000000 1.000000
vn 0.000000 0.000000 1.000000
vn 0.000000 0.000000 1.000000
vn 0.288406 0.000000 0.957508
vn 0.288406 0.000000 0.957508
vn 0.288406 0.000000 0.957508
vn -0.288406 0.000000 0.957508
vn -0.288406 0.000000 0.957508
vn -0.288406 0.000000 0.957508
vn 0.000000 -0.242536 0.970142
vn 0.000000 -0.242536 0.970142
vn 0.000000 -0.242536 0.970142
vn 0.288406 0.000000 0.957508
vn 0.288406 0.000000 0.957508
vn 0.000000 0.000000 1.000000
vn 0.000000 0.000000 1.000000
vn 0.000000 0.000000 1.000000
vn 0.000000 0.000000 1.000000
vn 0.000000 0.242536 0.970142
vn 0.000000 0.242536 0.970142
vn 0.000000 0.242536 0.970142
vn 0.000000 0.242536 0.970142
vn -0.288406 0.000000 0.957508
vn -0.288406 0.000000 0.957508
vn -0.288406 0.000000 0.957508
vn 0.000000 -0.242536 0.970142
vn 0.000000 -0.242536 0.970142
vn 0.000000 -0.242536 0.970142
vn 0.288406 0.000000 0.957508
vn 0.288406 0.000000 0.957508
vn 0.288406 0.000000 0.957508
vn 0.288406 0.000000 0.957508
vn 0.000000 0.000000 1.000000
vn 0.000000 0.000000 1.000000
vn 0.000000 0.000000 1.000000
vn 0.000000 0.000000 1.000000
vn 0.000000 0.242536 0.970142
vn 0.000000 0.242536 0.970142
vn 0.000000 0.242536 0.970142
vn 1.000000 0.000000 0.000000
vn 1.000000 0.000000 0.000000
vn 1.000000 0.000000 0.000000
vn 1.000000 0.000000 0.000000
vn 1.000000 0.000000 0.000000
vn 1.000000 0.000000 0.000000
vn -1.000000 0.000000 -0.000000
vn -1.000000 0.000000 -0.000000
vn -1.000000 0.000000 -0.000000
vn -1.000000 0.000000 -0.000000
vn -1.000000 0.000000 -0.000000
vn -1.000000 0.000000 -0.000000
vn 0.000000 1.000000 0.000000
vn 0.000000 1.000000 0.000000
vn 0.000000 1.000000 0.000000
vn 0.000000 1.000000 0.000000
vn 0.000000 1.000000 0.000000
vn 0.000000 1.000000 0.000000
vn -0.000000 0.000000 1.000000
vn -0.000000 0.000000 1.000000
vn -0.000000 0.000000 1.000000
vn -0.000000 0.000000 1.000000
vn 0.000000 -1.000000 0.000000
vn 0.000000 -1.000000 0.000000
vn 0.000000 -1.000000 0.000000
vn 0.000000 -1.000000 0.000000
vn 0.000000 -1.000000 0.000000
vn 0.000000 -1.000000 0.000000
vn 0.288406 0.000000 -0.957508
vn 0.288406 0.000000 -0.957508
vn 0.288406 0.000000 -0.957508
vn 0.288406 0.000000 -0.957508
vn 0.000000 -0.242536 -0.970142
vn 0.000000 -0.242536 -0.970142
vn 0.000000 -0.242536 -0.970142
vn 0.000000 -0.242536 -0.970142
vn 0.000000 -0.242536 -0.970142
vn -0.288406 0.000000 -0.957508
vn -0.288406 0.000000 -0.957508
vn -0.288406 0.000000 -0.957508
vn -0.288406 0.000000 -0.957508
vn 0.000000 0.000000 -1.000000
vn 0.000000 0.000000 -1.000000
vn 0.000000 0.000000 -1.000000
vn 0.000000 0.000000 -1.000000
vn 0.000000 0.242536 -0.970142
vn 0.000000 0.242536 -0.970142
vn 0.000000 0.242536 -0.970142
vn 0.000000 0.242536 -0.970142
vn 0.000000 0.242536 -0.970142
vn 0.288406 0.000000 -0.957508
vn 0.288406 0.000000 -0.957508
vn 0.288406 0.000000 -0.957508
vn 0.288406 0.000000 -0.957508
vn 0.288406 0.000000 -0.957508
vn 0.000000 -0.242536 -0.970142
vn 0.000000 -0.242536 -0.970142
vn 0.000000 -0.242536 -0.970142
vn 0.000000 -0.242536 -0.970142
vn 0.000000 -0.242536 -0.970142
vn -0.288406 0.000000 -0.957508
vn -0.288406 0.000000 -0.957508
vn -0.288406 0.000000 -0.957508
vn -0.288406 0.000000 -0.957508
vn -0.288406 0.000000 -0.957508
vn 0.000000 0.000000 -1.000000
vn 0.000000 0.000000 -1.000000
vn 0.000000 0.000000 -1.000000
vn 0.000000 0.000000 -1.000000
vn 0.000000 0.242536 -0.970142
vn 0.000000 0.242536 -0.970142
vn 0.000000 0.242536 -0.970142
vn 0.000000 -0.242536 -0.970142
vn 0.000000 -0.242536 -0.970142
vn 0.000000 -0.242536 -0.970142
vn 0.000000 -0.242536 -0.970142
vn 0.000000 -0.242536 -0.970142
vn -0.288406 -0.000000 -0.957508
vn -0.288406 0.000000 -0.957508
vn -0.288406 0.000000 -0.957508
vn 0.000000 0.242536 -0.970142
vn 0.000000 0.242536 -0.970142
vn 0.000000 0.242536 -0.970142
vn 0.000000 0.242536 -0.970142
vn 0.000000 0.000000 -1.000000
vn 0.000000 0.000000 -1.000000
vn 0.000000 0.000000 -1.000000
vn 0.000000 0.000000 -1.000000
vn 0.288406 0.000000 -0.957508
vn 0.288406 0.000000 -0.957508
vn 0.288406 0.000000 -0.957508
vn 0.288406 0.000000 -0.957508
vn 0.000000 0.242536 -0.970142
vn 0.000000 0.242536 -0.970142
vn 0.000000 0.242536 -0.970142
vn 0.288406 0.000000 -0.957508
vn 0.288406 0.000000 -0.957508
vn 0.288406 0.000000 -0.957508
vn 0.288406 0.000000 -0.957508
vn 0.288406 0.000000 -0.957508
vn 0.000000 -0.242536 -0.970142
vn 0.000000 -0.242536 -0.970142
vn 0.000000 -0.242536 -0.970142
vn 0.000000 -0.242536 -0.970142
vn 0.000000 0.000000 -1.000000
vn 0.000000 0.000000 -1.000000
vn 0.000000 0.000000 -1.000000
vn 0.000000 0.000000 -1.000000
vn -0.288406 0.000000 -0.957508
vn -0.288406 0.000000 -0.957508
vn -0.288406 0.000000 -0.957508
vn -0.288406 0.000000 -0.957508
vn 0.000000 0.242536 -0.970142
vn 0.000000 0.242536 -0.970142
vn 0.000000 0.242536 -0.970142
vn 0.288406 0.000000 -0.957508
vn 0.288406 0.000000 -0.957508
vn 0.288406 0.000000 -0.957508
vn 0.000000 -0.242536 -0.970142
vn 0.000000 -0.242536 -0.970142
vn 0.000000 -0.242536 -0.970142
vn 0.000000 0.000000 -1.000000
vn 0.000000 0.000000 -1.000000
vn 0.000000 0.000000 -1.000000
vn 0.000000 0.000000 -1.000000
vn -0.288406 0.000000 -0.957508
vn -0.288406 0.000000 -0.957508
vn -0.288406 0.000000 -0.957508
vn -0.288406 0.000000 -0.957508
vn -0.288406 0.000000 -0.957508
vn -0.288406 0.000000 -0.957508
vn -0.288406 0.000000 -0.957508
vn -0.288406 0.000000 -0.957508
vn 0.000000 0.242536 -0.970142
vn 0.000000 0.242536 -0.970142
vn 0.000000 0.242536 -0.970142
vn 0.000000 0.242536 -0.970142
vn 0.000000 0.242536 -0.970142
vn 0.288406 0.000000 -0.957508
vn 0.288406 0.000000 -0.957508
vn 0.288406 0.000000 -0.957508
vn 0.288406 0.000000 -0.957508
vn 0.000000 0.000000 -1.000000
vn 0.000000 0.000000 -1.000000
vn 0.000000 0.000000 -1.000000
vn 0.000000 0.000000 -1.000000
vn 0.000000 -0.242536 -0.970142
vn 0.000000 -0.242536 -0.970142
vn 0.000000 -0.242536 -0.970142
vn 0.000000 -0.242536 -0.970142
vn 0.000000 0.242536 -0.970142
vn 0.000000 0.242536 -0.970142
vn 0.000000 0.242536 -0.970142
vn -0.288406 0.000000 -0.957508
vn -0.288406 0.000000 -0.957508
vn -0.288406 0.000000 -0.957508
vn -0.288406 0.000000 -0.957508
vn 0.000000 -0.242536 -0.970142
vn 0.000000 -0.242536 -0.970142
vn 0.000000 -0.242536 -0.970142
vn 0.288406 0.000000 -0.957508
vn 0.288406 0.000000 -0.957508
vn 0.288406 0.000000 -0.957508
vn 0.288406 0.000000 -0.957508
vn 0.000000 0.242536 -0.970142
vn 0.000000 0.242536 -0.970142
vn 0.000000 0.242536 -0.970142
vn 0.000000 0.242536 -0.970142
vn 0.000000 0.000000 -1.000000
vn 0.000000 0.000000 -1.000000
vn 0.000000 0.000000 -1.000000
vn 0.000000 0.000000 -1.000000
vn 0.000000 0.000000 -1.000000
vn 0.000000 0.000000 -1.000000
vn -0.288406 0.000000 -0.957508
vn -0.288406 0.000000 -0.957508
vn -0.288406 0.000000 -0.957508
vn 0.288406 0.000000 -0.957508
vn 0.288406 0.000000 -0.957508
vn 0.288406 0.000000 -0.957508
vn 0.000000 -0.242536 -0.970142
vn 0.000000 -0.242536 -0.970142
vn 0.000000 -0.242536 -0.970142
vn -0.288406 0.000000 -0.957508
vn -0.288406 0.000000 -0.957508
vn 0.000000 0.000000 -1.000000
vn 0.000000 0.000000 -1.000000
vn 0.000000 0.000000 -1.000000
vn 0.000000 0.000000 -1.000000
vn 0.000000 0.242536 -0.970142
vn 0.000000 0.242536 -0.970142
vn 0.000000 0.242536 -0.970142
vn 0.000000 0.242536 -0.970142
vn 0.288406 0.000000 -0.957508
vn 0.288406 0.000000 -0.957508
vn 0.288406 0.000000 -0.957508
vn 0.000000 -0.242536 -0.970142
vn 0.000000 -0.242536 -0.970142
vn 0.000000 -0.242536 -0.970142
vn -0.288406 0.000000 -0.957508
vn -0.288406 0.000000 -0.957508
vn -0.288406 0.000000 -0.957508
vn -0.288406 0.000000 -0.957508
vn 0.000000 0.000000 -1.000000
vn 0.000000 0.000000 -1.000000
vn 0.000000 0.000000 -1.000000
vn 0.000000 0.000000 -1.000000
vn 0.000000 0.242536 -0.970142
vn 0.000000 0.242536 -0.970142
vn 0.000000 0.242536 -0.970142
vn -1.000000 0.000000 0.000000
vn -1.000000 0.000000 0.000000
vn -1.000000 0.000000 0.000000
vn -1.000000 0.000000 0.000000
vn -1.000000 0.000000 0.000000
vn -1.000000 0.000000 0.000000
vn 1.000000 0.000000 -0.000000
vn 1.000000 0.000000 -0.000000
vn 1.000000 0.000000 -0.000000
vn 1.000000 0.000000 -0.000000
vn 1.000000 0.000000 -0.000000
vn 1.000000 0.000000 -0.000000
vn 0.000000 1.000000 0.000000
vn 0.000000 1.000000 0.000000
vn 0.000000 1.000000 0.000000
vn 0.000000 1.000000 0.000000
vn 0.000000 1.000000 0.000000
vn 0.000000 1.000000 0.000000
vn -0.000000 0.000000 -1.000000
vn -0.000000 0.000000 -1.000000
vn -0.000000 0.000000 -1.000000
vn -0.000000 0.000000 -1.000000
vn 0.000000 -1.000000 0.000000
vn 0.000000 -1.000000 0.000000
vn 0.000000 -1.000000 0.000000
vn 0.000000 -1.000000 0.000000
vn 0.000000 -1.000000 0.000000
vn 0.000000 -1.000000 0.000000
vn -0.288406 0.000000 0.957508
vn -0.288406 0.000000 0.957508
vn -0.288406 0.000000 0.957508
vn -0.288406 0.000000 0.957508
vn 0.000000 -0.242536 0.970142
vn 0.000000 -0.242536 0.970142
vn 0.000000 -0.242536 0.970142
vn 0.000000 -0.242536 0.970142
vn 0.000000 -0.242536 0.970142
vn 0.288406 0.000000 0.957508
vn 0.288406 0.000000 0.957508
vn 0.288406 0.000000 0.957508
vn 0.288406 0.000000 0.957508
vn 0.000000 0.000000 1.000000
vn 0.000000 0.000000 1.000000
vn 0.000000 0.000000 1.000000
vn 0.000000 0.000000 1.000000
vn 0.000000 0.242536 0.970142
vn 0.000000 0.242536 0.970142
vn 0.000000 0.242536 0.970142
vn 0.000000 0.242536 0.970142
vn 0.000000 0.242536 0.970142
vn -0.288406 0.000000 0.957508
vn -0.288406 0.000000 0.957508
vn -0.288406 0.000000 0.957508
vn -0.288406 0.000000 0.957508
vn -0.288406 0.000000 0.957508
vn 0.000000 -0.242536 0.970142
vn 0.000000 -0.242536 0.970142
vn 0.000000 -0.242536 0.970142
vn 0.000000 -0.242536 0.970142
vn 0.000000 -0.242536 0.970142
vn 0.288406 0.000000 0.957508
vn 0.288406 0.000000 0.957508
vn 0.288406 0.000000 0.957508
vn 0.288406 0.000000 0.957508
vn 0.288406 0.000000 0.957508
vn 0.000000 0.000000 1.000000
vn 0.000000 0.000000 1.000000
vn 0.000000 0.000000 1.000000
vn 0.000000 0.000000 1.000000
vn 0.000000 0.242536 0.970142
vn 0.000000 0.242536 0.970142
vn 0.000000 0.242536 0.970142
vn 0.000000 -0.242536 0.970142
vn 0.000000 -0.242536 0.970142
vn 0.000000 -0.242536 0.970142
vn 0.000000 -0.242536 0.970142
vn 0.000000 -0.242536 0.970142
vn 0.288406 -0.000000 0.957508
vn 0.288406 0.000000 0.957508
vn 0.288406 0.000000 0.957508
vn 0.000000 0.242536 0.970142
vn 0.000000 0.242536 0.970142
vn 0.000000 0.242536 0.970142
vn 0.000000 0.242536 0.970142
vn 0.000000 0.000000 1.000000
vn 0.000000 0.000000 1.000000
vn 0.000000 0.000000 1.000000
vn 0.000000 0.000000 1.000000
vn -0.288406 0.000000 0.957508
vn -0.288406 0.000000 0.957508
vn -0.288406 0.000000 0.957508
vn -0.288406 0.000000 0.957508
vn 0.000000 0.242536 0.970142
vn 0.000000 0.242536 0.970142
vn 0.000000 0.242536 0.970142
vn -0.288406 0.000000 0.957508
vn -0.288406 0.000000 0.957508
vn -0.288406 0.000000 0.957508
vn -0.288406 0.000000 0.957508
vn -0.288406 0.000000 0.957508
vn 0.000000 -0.242536 0.970142
vn 0.000000 -0.242536 0.970142
vn 0.000000 -0.242536 0.970142
vn 0.000000 -0.242536 0.970142
vn 0.000000 0.000000 1.000000
vn 0.000000 0.000000 1.000000
vn 0.000000 0.000000 1.000000
vn 0.000000 0.000000 1.000000
vn 0.288406 0.000000 0.957508
vn 0.288406 0.000000 0.957508
vn 0.288406 0.000000 0.957508
vn 0.288406 0.000000 0.957508
vn 0.000000 0.242536 0.970142
vn 0.000000 0.242536 0.970142
vn 0.000000 0.242536 0.970142
vn -0.288406 0.000000 0.957508
vn -0.288406 0.000000 0.957508
vn -0.288406 0.000000 0.957508
vn 0.000000 -0.242536 0.970142
vn 0.000000 -0.242536 0.970142
vn 0.000000 -0.242536 0.970142
vn 0.000000 0.000000 1.000000
vn 0.000000 0.000000 1.000000
vn 0.000000 0.000000 1.000000
vn 0.000000 0.000000 1.000000
vn 0.288406 0.000000 0.957508
vn 0.288406 0.000000 0.957508
vn 0.288406 0.000000 0.957508
vn 0.288406 0.000000 0.957508
vn 0.288406 0.000000 0.957508
vn 0.288406 0.000000 0.957508
vn 0.288406 0.000000 0.957508
vn 0.288406 0.000000 0.957508
vn 0.000000 0.242536 0.970142
vn 0.000000 0.242536 0.970142
vn 0.000000 0.242536 0.970142
vn 0.000000 0.242536 0.970142
vn 0.000000 0.242536 0.970142
vn -0.288406 0.000000 0.957508
vn -0.288406 0.000000 0.957508
vn -0.288406 0.000000 0.957508
vn -0.288406 0.000000 0.957508
vn 0.000000 0.000000 1.000000
vn 0.000000 0.000000 1.000000
vn 0.000000 0.000000 1.000000
vn 0.000000 0.000000 1.000000
vn 0.000000 -0.242536 0.970142
vn 0.000000 -0.242536 0.970142
vn 0.000000 -0.242536 0.970142
vn 0.000000 -0.242536 0.970142
vn 0.000000 0.242536 0.970142
vn 0.000000 0.242536 0.970142
vn 0.000000 0.242536 0.970142
vn 0.288406 0.000000 0.957508
vn 0.288406 0.000000 0.957508
vn 0.288406 0.000000 0.957508
vn 0.288406 0.000000 0.957508
vn 0.000000 -0.242536 0.970142
vn 0.000000 -0.242536 0.970142
vn 0.000000 -0.242536 0.970142
vn -0.288406 0.000000 0.957508
vn -0.288406 0.000000 0.957508
vn -0.288406 0.000000 0.957508
vn -0.288406 0.000000 0.957508
vn 0.000000 0.242536 0.970142
vn 0.000000 0.242536 0.970142
vn 0.000000 0.242536 0.970142
vn 0.000000 0.242536 0.970142
vn 0.000000 0.000000 1.000000
vn 0.000000 0.000000 1.000000
vn 0.000000 0.000000 1.000000
vn 0.000000 0.000000 1.000000
vn 0.000000 0.000000 1.000000
vn 0.000000 0.000000 1.000000
vn 0.288406 0.000000 0.957508
vn 0.288406 0.000000 0.957508
vn 0.288406 0.000000 0.957508
vn -0.288406 0.000000 0.957508
vn -0.288406 0.000000 0.957508
vn -0.288406 0.000000 0.957508
vn 0.000000 -0.242536 0.970142
vn 0.000000 -0.242536 0.970142
vn 0.000000 -0.242536 0.970142
vn 0.288406 0.000000 0.957508
vn 0.288406 0.000000 0.957508
vn 0.000000 0.000000 1.000000
vn 0.000000 0.000000 1.000000
vn 0.000000 0.000000 1.000000
vn 0.000000 0.000000 1.000000
vn 0.000000 0.242536 0.970142
vn 0.000000 0.242536 0.970142
vn 0.000000 0.242536 0.970142
vn 0.000000 0.242536 0.970142
vn -0.288406 0.000000 0.957508
vn -0.288406 0.000000 0.957508
vn -0.288406 0.000000 0.957508
vn 0.000000 -0.242536 0.970142
vn 0.000000 -0.242536 0.970142
vn 0.000000 -0.242536 0.970142
vn 0.288406 0.000000 0.957508
vn 0.288406 0.000000 0.957508
vn 0.288406 0.000000 0.957508
vn 0.288406 0.000000 0.957508
vn 0.000000 0.000000 1.000000
vn 0.000000 0.000000 1.000000
vn 0.000000 0.000000 1.000000
vn 0.000000 0.000000 1.000000
vn 0.000000 0.242536 0.970142
vn 0.000000 0.242536 0.970142
vn 0.000000 0.242536 0.970142
vn 1.000000 0.000000 0.000000
vn 1.000000 0.000000 0.000000
vn 1.000000 0.000000 0.000000
vn 1.000000 0.000000 0.000000
vn 1.000000 0.000000 0.000000
vn 1.000000 0.000000 0.000000
vn -1.000000 0.000000 -0.000000
vn -1.000000 0.000000 -0.000000
vn -1.000000 0.000000 -0.000000
vn -1.000000 0.000000 -0.000000
vn -1.000000 0.000000 -0.000000
vn -1.000000 0.000000 -0.000000
vn 0.000000 1.000000 0.000000
vn 0.000000 1.000000 0.000000
vn 0.000000 1.000000 0.000000
vn 0.000000 1.000000 0.000000
vn 0.000000 1.000000 0.000000
vn 0.000000 1.000000 0.000000
vn -0.000000 0.000000 1.000000
vn -0.000000 0.000000 1.000000
vn -0.000000 0.000000 1.000000
vn -0.000000 0.000000 1.000000
vn 0.000000 -1.000000 0.000000
vn 0.000000 -1.000000 0.000000
vn 0.000000 -1.000000 0.000000
vn 0.000000 -1.000000 0.000000
vn 0.000000 -1.000000 0.000000
vn 0.000000 -1.000000 0.000000
vn 0.288406 0.000000 -0.957508
vn 0.288406 0.000000 -0.957508
vn 0.288406 0.000000 -0.957508
vn 0.288406 0.000000 -0.957508
vn 0.000000 -0.242536 -0.970142
vn 0.000000 -0.242536 -0.970142
vn 0.000000 -0.242536 -0.970142
vn 0.000000 -0.242536 -0.970142
vn 0.000000 -0.242536 -0.970142
vn -0.288406 0.000000 -0.957508
vn -0.288406 0.000000 -0.957508
vn -0.288406 0.000000 -0.957508
vn -0.288406 0.000000 -0.957508
vn 0.000000 0.000000 -1.000000
vn 0.000000 0.000000 -1.000000
vn 0.000000 0.000000 -1.000000
vn 0.000000 0.000000 -1.000000
vn 0.000000 0.242536 -0.970142
vn 0.000000 0.242536 -0.970142
vn 0.000000 0.242536 -0.970142
vn 0.000000 0.242536 -0.970142
vn 0.000000 0.242536 -0.970142
vn 0.288406 0.000000 -0.957508
vn 0.288406 0.000000 -0.957508
vn 0.288406 0.000000 -0.957508
vn 0.288406 0.000000 -0.957508
vn 0.288406 0.000000 -0.957508
vn 0.000000 -0.242536 -0.970142
vn 0.000000 -0.242536 -0.970142
vn 0.000000 -0.242536 -0.970142
vn 0.000000 -0.242536 -0.970142
vn 0.000000 -0.242536 -0.970142
vn -0.288406 0.000000 -0.957508
vn -0.288406 0.000000 -0.957508
vn -0.288406 0.000000 -0.957508
vn -0.288406 0.000000 -0.957508
vn -0.288406 0.000000 -0.957508
vn 0.000000 0.000000 -1.000000
vn 0.000000 0.000000 -1.000000
vn 0.000000 0.000000 -1.000000
vn 0.000000 0.000000 -1.000000
vn 0.000000 0.242536 -0.970142
vn 0.000000 0.242536 -0.970142
vn 0.000000 0.242536 -0.970142
vn 0.000000 -0.242536 -0.970142
vn 0.000000 -0.242536 -0.970142
vn 0.000000 -0.242536 -0.970142
vn 0.000000 -0.242536 -0.970142
vn 0.000000 -0.242536 -0.970142
vn -0.288406 -0.000000 -0.957508
vn -0.288406 0.000000 -0.957508
vn -0.288406 0.000000 -0.957508
vn 0.000000 0.242536 -0.970142
vn 0.000000 0.242536 -0.970142
vn 0.000000 0.242536 -0.970142
vn 0.000000 0.242536 -0.970142
vn 0.000000 0.000000 -1.000000
vn 0.000000 0.000000 -1.000000
vn 0.000000 0.000000 -1.000000
vn 0.000000 0.000000 -1.000000
vn 0.288406 0.000000 -0.957508
vn 0.288406 0.000000 -0.957508
vn 0.288406 0.000000 -0.957508
vn 0.288406 0.000000 -0.957508
vn 0.000000 0.242536 -0.970142
vn 0.000000 0.242536 -0.970142
vn 0.000000 0.242536 -0.970142
vn 0.288406 0.000000 -0.957508
vn 0.288406 0.000000 -0.957508
vn 0.288406 0.000000 -0.957508
vn 0.288406 0.000000 -0.957508
vn 0.288406 0.000000 -0.957508
vn 0.000000 -0.242536 -0.970142
vn 0.000000 -0.242536 -0.970142
vn 0.000000 -0.242536 -0.970142
vn 0.000000 -0.242536 -0.970142
vn 0.000000 0.000000 -1.000000
vn 0.000000 0.000000 -1.000000
vn 0.000000 0.000000 -1.000000
vn 0.000000 0.000000 -1.000000
vn -0.288406 0.000000 -0.957508
vn -0.288406 0.000000 -0.957508
vn -0.288406 0.000000 -0.957508
vn -0.288406 0.000000 -0.957508
vn 0.000000 0.242536 -0.970142
vn 0.000000 0.242536 -0.970142
vn 0.000000 0.242536 -0.970142
vn 0.288406 0.000000 -0.957508
vn 0.288406 0.000000 -0.957508
vn 0.288406 0.000000 -0.957508
vn 0.000000 -0.242536 -0.970142
vn 0.000000 -0.242536 -0.970142
vn 0.000000 -0.242536 -0.970142
vn 0.000000 0.000000 -1.000000
vn 0.000000 0.000000 -1.000000
vn 0.000000 0.000000 -1.000000
vn 0.000000 0.000000 -1.000000
vn -0.288406 0.000000 -0.957508
vn -0.288406 0.000000 -0.957508
vn -0.288406 0.000000 -0.957508
vn -0.288406 0.000000 -0.957508
vn -0.288406 0.000000 -0.957508
vn -0.288406 0.000000 -0.957508
vn -0.288406 0.000000 -0.957508
vn -0.288406 0.000000 -0.957508
vn 0.000000 0.242536 -0.970142
vn 0.000000 0.242536 -0.970142
vn 0.000000 0.242536 -0.970142
vn 0.000000 0.242536 -0.970142
vn 0.000000 0.242536 -0.970142
vn 0.288406 0.000000 -0.957508
vn 0.288406 0.000000 -0.957508
vn 0.288406 0.000000 -0.957508
vn 0.288406 0.000000 -0.957508
vn 0.000000 0.000000 -1.000000
vn 0.000000 0.000000 -1.000000
vn 0.000000 0.000000 -1.000000
vn 0.000000 0.000000 -1.000000
vn 0.000000 -0.242536 -0.970142
vn 0.000000 -0.242536 -0.970142
vn 0.000000 -0.242536 -0.970142
vn 0.000000 -0.242536 -0.970142
vn 0.000000 0.242536 -0.970142
vn 0.000000 0.242536 -0.970142
vn 0.000000 0.242536 -0.970142
vn -0.288406 0.000000 -0.957508
vn -0.288406 0.000000 -0.957508
vn -0.288406 0.000000 -0.957508
vn -0.288406 0.000000 -0.957508
vn 0.000000 -0.242536 -0.970142
vn 0.000000 -0.242536 -0.970142
vn 0.000000 -0.242536 -0.970142
vn 0.288406 0.000000 -0.957508
vn 0.288406 0.000000 -0.957508
vn 0.288406 0.000000 -0.957508
vn 0.288406 0.000000 -0.957508
vn 0.000000 0.242536 -0.970142
vn 0.000000 0.242536 -0.970142
vn 0.000000 0.242536 -0.970142
vn 0.000000 0.242536 -0.970142
vn 0.000000 0.000000 -1.000000
vn 0.000000 0.000000 -1.000000
vn 0.000000 0.000000 -1.000000
vn 0.000000 0.000000 -1.000000
vn 0.000000 0.000000 -1.000000
vn 0.000000 0.000000 -1.000000
vn -0.288406 0.000000 -0.957508
vn -0.288406 0.000000 -0.957508
vn -0.288406 0.000000 -0.957508
vn 0.288406 0.000000 -0.957508
vn 0.288406 0.000000 -0.957508
vn 0.288406 0.000000 -0.957508
vn 0.000000 -0.242536 -0.970142
vn 0.000000 -0.242536 -0.970142
vn 0.000000 -0.242536 -0.970142
vn -0.288406 0.000000 -0.957508
vn -0.288406 0.000000 -0.957508
vn 0.000000 0.000000 -1.000000
vn 0.000000 0.000000 -1.000000
vn 0.000000 0.000000 -1.000000
vn 0.000000 0.000000 -1.000000
vn 0.000000 0.242536 -0.970142
vn 0.000000 0.242536 -0.970142
vn 0.000000 0.242536 -0.970142
vn 0.000000 0.242536 -0.970142
vn 0.288406 0.000000 -0.957508
vn 0.288406 0.000000 -0.957508
vn 0.288406 0.000000 -0.957508
vn 0.000000 -0.242536 -0.970142
vn 0.000000 -0.242536 -0.970142
vn 0.000000 -0.242536 -0.970142
vn -0.288406 0.000000 -0.957508
vn -0.288406 0.000000 -0.957508
vn -0.288406 0.000000 -0.957508
vn -0.288406 0.000000 -0.957508
vn 0.000000 0.000000 -1.000000
vn 0.000000 0.000000 -1.000000
vn 0.000000 0.000000 -1.000000
vn 0.000000 0.000000 -1.000000
vn 0.000000 0.242536 -0.970142
vn 0.000000 0.242536 -0.970142
vn 0.000000 0.242536 -0.970142
vn -1.000000 0.000000 0.000000
vn -1.000000 0.000000 0.000000
vn -1.000000 0.000000 0.000000
vn -1.000000 0.000000 0.000000
vn -1.000000 0.000000 0.000000
vn -1.000000 0.000000 0.000000
vn 1.000000 0.000000 -0.000000
vn 1.000000 0.000000 -0.000000
vn 1.000000 0.000000 -0.000000
vn 1.000000 0.000000 -0.000000
vn 1.000000 0.000000 -0.000000
vn 1.000000 0.000000 -0.000000
vn 0.000000 1.000000 0.000000
vn 0.000000 1.000000 0.000000
vn 0.000000 1.000000 0.000000
vn 0.000000 1.000000 0.000000
vn 0.000000 1.000000 0.000000
vn 0.000000 1.000000 0.000000
vn -0.000000 0.000000 -1.000000
vn -0.000000 0.000000 -1.000000
vn -0.000000 0.000000 -1.000000
vn -0.000000 0.000000 -1.000000
vn 0.000000 -1.000000 0.000000
vn 0.000000 -1.000000 0.000000
vn 0.000000 -1.000000 0.000000
vn 0.000000 -1.000000 0.000000
vn 0.000000 -1.000000 0.000000
vn 0.000000 -1.000000 0.000000
vn -0.288406 0.000000 0.957508
vn -0.288406 0.000000 0.957508
vn -0.288406 0.000000 0.957508
vn -0.288406 0.000000 0.957508
vn 0.000000 -0.242536 0.970142
vn 0.000000 -0.242536 0.970142
vn 0.000000 -0.242536 0.970142
vn 0.000000 -0.242536 0.970142
vn 0.000000 -0.242536 0.970142
vn 0.288406 0.000000 0.957508
vn 0.288406 0.000000 0.957508
vn 0.288406 0.000000 0.957508
vn 0.288406 0.000000 0.957508
vn 0.000000 0.000000 1.000000
vn 0.000000 0.000000 1.000000
vn 0.000000 0.000000 1.000000
vn 0.000000 0.000000 1.000000
vn 0.000000 0.242536 0.970142
vn 0.000000 0.242536 0.970142
vn 0.000000 0.242536 0.970142
vn 0.000000 0.242536 0.970142
vn 0.000000 0.242536 0.970142
vn -0.288406 0.000000 0.957508
vn -0.288406 0.000000 0.957508
vn -0.288406 0.000000 0.957508
vn -0.288406 0.000000 0.957508
vn -0.288406 0.000000 0.957508
vn 0.000000 -0.242536 0.970142
vn 0.000000 -0.242536 0.970142
vn 0.000000 -0.242536 0.970142
vn 0.000000 -0.242536 0.970142
vn 0.000000 -0.242536 0.970142
vn 0.288406 0.000000 0.957508
vn 0.288406 0.000000 0.957508
vn 0.288406 0.000000 0.957508
vn 0.288406 0.000000 0.957508
vn 0.288406 0.000000 0.957508
vn 0.000000 0.000000 1.000000
vn 0.000000 0.000000 1.000000
vn 0.000000 0.000000 1.000000
vn 0.000000 0.000000 1.000000
vn 0.000000 0.242536 0.970142
vn 0.000000 0.242536 0.970142
vn 0.000000 0.242536 0.970142
vn 0.000000 -0.242536 0.970142
vn 0.000000 -0.242536 0.970142
vn 0.000000 -0.242536 0.970142
vn 0.000000 -0.242536 0.970142
vn 0.000000 -0.242536 0.970142
vn 0.288406 -0.000000 0.957508
vn 0.288406 0.000000 0.957508
vn 0.288406 0.000000 0.957508
vn 0.000000 0.242536 0.970142
vn 0.000000 0.242536 0.970142
vn 0.000000 0.242536 0.970142
vn 0.000000 0.242536 0.970142
vn 0.000000 0.000000 1.000000
vn 0.000000 0.000000 1.000000
vn 0.000000 0.000000 1.000000
vn 0.000000 0.000000 1.000000
vn -0.288406 0.000000 0.957508
vn -0.288406 0.000000 0.957508
vn -0.288406 0.000000 0.957508
vn -0.288406 0.000000 0.957508
vn 0.000000 0.242536 0.970142
vn 0.000000 0.242536 0.970142
vn 0.000000 0.242536 0.970142
vn -0.288406 0.000000 0.957508
vn -0.288406 0.000000 0.957508
vn -0.288406 0.000000 0.957508
vn -0.288406 0.000000 0.957508
vn -0.288406 0.000000 0.957508
vn 0.000000 -0.242536 0.970142
vn 0.000000 -0.242536 0.970142
vn 0.000000 -0.242536 0.970142
vn 0.000000 -0.242536 0.970142
vn 0.000000 0.000000 1.000000
vn 0.000000 0.000000 1.000000
vn 0.000000 0.000000 1.000000
vn 0.000000 0.000000 1.000000
vn 0.288406 0.000000 0.957508
vn 0.288406 0.000000 0.957508
vn 0.288406 0.000000 0.957508
vn 0.288406 0.000000 0.957508
vn 0.000000 0.242536 0.970142
vn 0.000000 0.242536 0.970142
vn 0.000000 0.242536 0.970142
vn -0.288406 0.000000 0.957508
vn -0.288406 0.000000 0.957508
vn -0.288406 0.000000 0.957508
vn 0.000000 -0.242536 0.970142
vn 0.000000 -0.242536 0.970142
vn 0.000000 -0.242536 0.970142
vn 0.000000 0.000000 1.000000
vn 0.000000 0.000000 1.000000
vn 0.000000 0.000000 1.000000
vn 0.000000 0.000000 1.000000
vn 0.288406 0.000000 0.957508
vn 0.288406 0.000000 0.957508
vn 0.288406 0.000000 0.957508
vn 0.288406 0.000000 0.957508
vn 0.288406 0.000000 0.957508
vn 0.288406 0.000000 0.957508
vn 0.288406 0.000000 0.957508
vn 0.288406 0.000000 0.957508
vn 0.000000 0.242536 0.970142
vn 0.000000 0.242536 0.970142
vn 0.000000 0.242536 0.970142
vn 0.000000 0.242536 0.970142
vn 0.000000 0.242536 0.970142
vn -0.288406 0.000000 0.957508
vn -0.288406 0.000000 0.957508
vn -0.288406 0.000000 0.957508
vn -0.288406 0.000000 0.957508
vn 0.000000 0.000000 1.000000
vn 0.000000 0.000000 1.000000
vn 0.000000 0.000000 1.000000
vn 0.000000 0.000000 1.000000
vn 0.000000 -0.242536 0.970142
vn 0.000000 -0.242536 0.970142
vn 0.000000 -0.242536 0.970142
vn 0.000000 -0.242536 0.970142
vn 0.000000 0.242536 0.970142
vn 0.000000 0.242536 0.970142
vn 0.000000 0.242536 0.970142
vn 0.288406 0.000000 0.957508
vn 0.288406 0.000000 0.957508
vn 0.288406 0.000000 0.957508
vn 0.288406 0.000000 0.957508
vn 0.000000 -0.242536 0.970142
vn 0.000000 -0.242536 0.970142
vn 0.000000 -0.242536 0.970142
vn -0.288406 0.000000 0.957508
vn -0.288406 0.000000 0.957508
vn -0.288406 0.000000 0.957508
vn -0.288406 0.000000 0.957508
vn 0.000000 0.242536 0.970142
vn 0.000000 0.242536 0.970142
vn 0.000000 0.242536 0.970142
vn 0.000000 0.242536 0.970142
vn 0.000000 0.000000 1.000000
vn 0.000000 0.000000 1.000000
vn 0.000000 0.000000 1.000000
vn 0.000000 0.000000 1.000000
vn 0.000000 0.000000 1.000000
vn 0.000000 0.000000 1.000000
vn 0.288406 0.000000 0.957508
vn 0.288406 0.000000 0.957508
vn 0.288406 0.000000 0.957508
vn -0.288406 0.000000 0.957508
vn -0.288406 0.000000 0.957508
vn -0.288406 0.000000 0.957508
vn 0.000000 -0.242536 0.970142
vn 0.000000 -0.242536 0.970142
vn 0.000000 -0.242536 0.970142
vn 0.288406 0.000000 0.957508
vn 0.288406 0.000000 0.957508
vn 0.000000 0.000000 1.000000
vn 0.000000 0.000000 1.000000
vn 0.000000 0.000000 1.000000
vn 0.000000 0.000000 1.000000
vn 0.000000 0.242536 0.970142
vn 0.000000 0.242536 0.970142
vn 0.000000 0.242536 0.970142
vn 0.000000 0.242536 0.970142
vn -0.288406 0.000000 0.957508
vn -0.288406 0.000000 0.957508
vn -0.288406 0.000000 0.957508
vn 0.000000 -0.242536 0.970142
vn 0.000000 -0.242536 0.970142
vn 0.000000 -0.242536 0.970142
vn 0.288406 0.000000 0.957508
vn 0.288406 0.000000 0.957508
vn 0.288406 0.000000 0.957508
vn 0.288406 0.000000 0.957508
vn 0.000000 0.000000 1.000000
vn 0.000000 0.000000 1.000000
vn 0.000000 0.000000 1.000000
vn 0.000000 0.000000 1.000000
vn 0.000000 0.242536 0.970142
vn 0.000000 0.242536 0.970142
vn 0.000000 0.242536 0.970142
vn 0.000000 -0.903978 -0.427580
vn 0.000000 -0.903978 -0.427580
vn 0.000000 -0.903978 -0.427580
vn 0.000000 -0.903978 -0.427580
vn -1.000000 0.000000 0.000000
vn -1.000000 0.000000 0.000000
vn -1.000000 0.000000 0.000000
vn -1.000000 0.000000 0.000000
vn 0.000000 0.707107 -0.707107
vn 0.000000 0.707107 -0.707107
vn 0.000000 0.707107 -0.707107
vn 0.000000 0.707107 -0.707107
vn 0.000000 0.707107 0.707107
vn 0.000000 0.707107 0.707107
vn 0.000000 0.707107 0.707107
vn 0.000000 0.707107 0.707107
vn 1.000000 -0.000000 -0.000000
vn 1.000000 -0.000000 -0.000000
vn 1.000000 -0.000000 -0.000000
vn 1.000000 -0.000000 -0.000000
vn 0.000000 -0.903978 0.427580
vn 0.000000 -0.903978 0.427580
vn 0.000000 -0.903978 0.427580
vn 0.000000 -0.903978 0.427580
vn 0.000000 0.000000 -1.000000
vn 0.000000 0.000000 -1.000000
vn 0.000000 0.000000 -1.000000
vn 0.000000 0.000000 -1.000000
vn 0.000000 0.000000 -1.000000
vn 0.000000 -1.000000 0.000000
vn 0.000000 -1.000000 0.000000
vn 0.000000 -1.000000 0.000000
vn 0.000000 -1.000000 0.000000
vn 0.000000 -1.000000 0.000000
vn 0.000000 -1.000000 0.000000
vn 0.000000 -1.000000 0.000000
vn 0.000000 -1.000000 0.000000
vn 0.000000 -1.000000 0.000000
vn 0.000000 -1.000000 0.000000
vn 0.000000 -1.000000 0.000000
vn 0.000000 -1.000000 0.000000
vn 0.000000 0.000000 1.000000
vn 0.000000 0.000000 1.000000
vn 0.000000 0.000000 1.000000
vn 0.000000 0.000000 1.000000
vn -0.000000 1.000000 0.000000
vn -0.000000 1.000000 0.000000
vn -0.000000 1.000000 0.000000
vn -0.000000 1.000000 0.000000
vn 1.000000 0.000000 0.000000
vn 1.000000 0.000000 0.000000
vn 1.000000 0.000000 0.000000
vn 1.000000 0.000000 0.000000
vn 0.000000 0.000000 -1.000000
vn 0.000000 0.000000 -1.000000
vn 0.000000 0.000000 -1.000000
vn 0.000000 0.000000 -1.000000
vn -0.000000 -0.000000 -1.000000
vn -0.000000 -0.000000 -1.000000
vn -0.000000 -0.000000 -1.000000
vn -0.000000 -0.000000 -1.000000
vn -0.000000 -0.000000 -1.000000
vn -0.000000 -0.000000 -1.000000
vn -0.000000 -0.000000 -1.000000
vn -0.000000 -0.000000 -1.000000
vn 0.000000 -1.000000 0.000000
vn 0.000000 -1.000000 0.000000
vn 0.000000 -1.000000 0.000000
vn 0.000000 -1.000000 0.000000
vn 0.234259 -0.972174 0.000000
vn 0.234259 -0.972174 0.000000
vn 0.234259 -0.972174 0.000000
vn 0.234259 -0.972174 0.000000
vn 1.000000 0.000000 0.000000
vn 1.000000 0.000000 0.000000
vn 1.000000 0.000000 0.000000
vn 1.000000 0.000000 0.000000
vn 1.000000 0.000000 0.000000
vn 1.000000 0.000000 0.000000
vn 1.000000 0.000000 0.000000
vn 1.000000 0.000000 0.000000
vn 0.000000 0.000000 1.000000
vn 0.000000 0.000000 1.000000
vn 0.000000 0.000000 1.000000
vn 0.000000 0.000000 1.000000
vn 0.000000 0.000000 1.000000
vn 0.000000 0.000000 1.000000
vn 0.000000 0.000000 1.000000
vn 0.000000 0.000000 1.000000
vn 0.000000 0.000000 1.000000
vn 0.000000 0.000000 1.000000
vn 0.000000 0.000000 1.000000
vn 0.000000 0.000000 1.000000
vn 0.000000 0.000000 1.000000
vn -1.000000 -0.000000 0.000000
vn -1.000000 -0.000000 0.000000
vn -1.000000 -0.000000 0.000000
vn -1.000000 -0.000000 0.000000
vn -1.000000 -0.000000 0.000000
vn -1.000000 -0.000000 0.000000
vn -1.000000 -0.000000 0.000000
vn -1.000000 -0.000000 0.000000
vn -1.000000 -0.000000 0.000000
vn -1.000000 -0.000000 0.000000
vn -1.000000 -0.000000 0.000000
vn -1.000000 -0.000000 0.000000
vn -1.000000 -0.000000 0.000000
vn -1.000000 -0.000000 0.000000
vn -1.000000 -0.000000 0.000000
vn -1.000000 -0.000000 0.000000
vn -0.000000 1.000000 0.000000
vn -0.000000 1.000000 0.000000
vn -0.000000 1.000000 0.000000
vn -0.000000 1.000000 0.000000
vn -0.000000 1.000000 0.000000
vn -0.000000 1.000000 0.000000
vn -0.000000 1.000000 0.000000
vn -0.000000 1.000000 0.000000
vn 1.000000 0.000000 0.000000
vn 1.000000 0.000000 0.000000
vn 1.000000 0.000000 0.000000
vn 1.000000 0.000000 0.000000
vn 0.000000 -1.000000 0.000000
vn 0.000000 -1.000000 0.000000
vn 0.000000 -1.000000 0.000000
vn 0.000000 -1.000000 0.000000
vn -1.000000 0.000000 0.000000
vn -1.000000 0.000000 0.000000
vn -1.000000 0.000000 0.000000
vn -1.000000 0.000000 0.000000
vn 0.000000 1.000000 0.000000
vn 0.000000 1.000000 0.000000
vn 0.000000 1.000000 0.000000
vn 0.000000 1.000000 0.000000
vn 0.000000 1.000000 0.000000
vn 0.000000 1.000000 0.000000
vn -1.000000 -0.000000 0.000000
vn -1.000000 -0.000000 0.000000
vn -1.000000 -0.000000 0.000000
vn -1.000000 -0.000000 0.000000
vn -1.000000 -0.000000 0.000000
vn -1.000000 -0.000000 0.000000
vn -1.000000 -0.000000 0.000000
vn -1.000000 -0.000000 0.000000
vn 0.000000 -0.707107 -0.707107
vn 0.000000 -0.707107 -0.707107
vn 0.000000 -0.707107 -0.707107
vn 0.000000 -0.707107 -0.707107
vn 0.000000 -0.707107 0.707107
vn 0.000000 -0.707107 0.707107
vn 0.000000 -0.707107 0.707107
vn 0.000000 -0.707107 0.707107
vn 0.000000 0.000000 1.000000
vn 0.000000 0.000000 1.000000
vn 0.000000 0.000000 1.000000
vn 0.000000 0.000000 1.000000
vn 0.000000 0.000000 1.000000
vn 0.000000 0.000000 1.000000
vn 0.000000 -1.000000 0.000000
vn 0.000000 -1.000000 0.000000
vn 0.000000 -1.000000 0.000000
vn 0.000000 -1.000000 0.000000
vn 0.000000 0.000000 -1.000000
vn 0.000000 0.000000 -1.000000
vn 0.000000 0.000000 -1.000000
vn 0.000000 0.000000 -1.000000
vn -1.000000 0.000000 0.000000
vn -1.000000 0.000000 0.000000
vn -1.000000 0.000000 0.000000
vn -1.000000 0.000000 0.000000
vn 0.000000 1.000000 0.000000
vn 0.000000 1.000000 0.000000
vn 0.000000 1.000000 0.000000
vn 0.000000 1.000000 0.000000
vn 0.000000 1.000000 0.000000
vn 0.000000 1.000000 0.000000
vn 0.000000 0.707107 -0.707107
vn 0.000000 0.707107 -0.707107
vn 0.000000 0.707107 -0.707107
vn 0.000000 0.707107 -0.707107
vn 0.000000 0.707107 0.707107
vn 0.000000 0.707107 0.707107
vn 0.000000 0.707107 0.707107
vn 0.000000 0.707107 0.707107
vn 0.000000 0.000000 1.000000
vn 0.000000 0.000000 1.000000
vn 0.000000 0.000000 1.000000
vn 0.000000 0.000000 1.000000
vn 1.000000 0.000000 0.000000
vn 1.000000 0.000000 0.000000
vn 1.000000 0.000000 0.000000
vn 1.000000 0.000000 0.000000
vn 1.000000 0.000000 0.000000
vn 1.000000 0.000000 0.000000
vn 1.000000 0.000000 0.000000
vn 1.000000 0.000000 0.000000
vn 1.000000 0.000000 0.000000
vn 1.000000 0.000000 0.000000
vn 1.000000 0.000000 0.000000
vn 1.000000 0.000000 0.000000
vn 0.000000 0.000000 -1.000000
vn 0.000000 0.000000 -1.000000
vn 0.000000 0.000000 -1.000000
vn 0.000000 0.000000 -1.000000
vn 0.000000 0.000000 -1.000000
vn 0.000000 0.000000 -1.000000
vn 0.000000 0.000000 -1.000000
vn 0.000000 0.000000 -1.000000
vn 0.000000 0.000000 -1.000000
vn 0.000000 0.000000 -1.000000
vn 1.000000 0.000000 0.000000
vn 1.000000 0.000000 0.000000
vn 1.000000 0.000000 0.000000
vn 1.000000 0.000000 0.000000
vn 1.000000 0.000000 0.000000
vn 1.000000 0.000000 0.000000
vn 1.000000 0.000000 0.000000
vn 1.000000 0.000000 0.000000
vn 1.000000 0.000000 0.000000
vn 1.000000 0.000000 0.000000
vn 1.000000 0.000000 0.000000
vn 1.000000 0.000000 0.000000
vn 0.000000 1.000000 0.000000
vn 0.000000 1.000000 0.000000
vn 0.000000 1.000000 0.000000
vn 0.000000 1.000000 0.000000
vn 0.000000 0.000000 1.000000
vn 0.000000 0.000000 1.000000
vn 0.000000 0.000000 1.000000
vn 0.000000 0.000000 1.000000
vn -0.000000 1.000000 0.000000
vn -0.000000 1.000000 0.000000
vn -0.000000 1.000000 0.000000
vn -0.000000 1.000000 0.000000
vn 0.000000 0.000000 -1.000000
vn 0.000000 0.000000 -1.000000
vn 0.000000 0.000000 -1.000000
vn 0.000000 0.000000 -1.000000
vn 0.000000 1.000000 0.000000
vn 0.000000 1.000000 0.000000
vn 0.000000 1.000000 0.000000
vn 0.000000 1.000000 0.000000
vn -0.000000 -0.000000 -1.000000
vn -0.000000 -0.000000 -1.000000
vn -0.000000 -0.000000 -1.000000
vn -0.000000 -0.000000 -1.000000
vn 0.000000 0.000000 1.000000
vn 0.000000 0.000000 1.000000
vn 0.000000 0.000000 1.000000
vn 0.000000 0.000000 1.000000
vn 0.000000 -1.000000 -0.000000
vn 0.000000 -1.000000 -0.000000
vn 0.000000 -1.000000 -0.000000
vn 0.000000 -1.000000 -0.000000
vn 0.000000 0.000000 1.000000
vn 0.000000 0.000000 1.000000
vn 0.000000 0.000000 1.000000
vn 0.000000 0.000000 1.000000
vn 0.000000 -1.000000 -0.000000
vn 0.000000 -1.000000 -0.000000
vn 0.000000 -1.000000 -0.000000
vn 0.000000 -1.000000 -0.000000
vn -1.000000 -0.000000 0.000000
vn -1.000000 -0.000000 0.000000
vn -1.000000 -0.000000 0.000000
vn -1.000000 -0.000000 0.000000
vn -1.000000 -0.000000 0.000000
vn -1.000000 -0.000000 0.000000
vn -1.000000 -0.000000 0.000000
vn -1.000000 -0.000000 0.000000
vn -1.000000 -0.000000 0.000000
vn -1.000000 -0.000000 0.000000
vn -1.000000 -0.000000 0.000000
vn -1.000000 -0.000000 0.000000
vn 0.000000 -1.000000 0.000000
vn 0.000000 -1.000000 0.000000
vn 0.000000 -1.000000 0.000000
vn 0.000000 -1.000000 0.000000
vn 0.000000 0.788686 -0.614796
vn 0.000000 0.788686 -0.614796
vn 0.000000 0.788686 -0.614796
vn 0.000000 0.788686 -0.614796
vn 0.000000 0.788686 -0.614796
vn 0.000000 -1.000000 0.000000
vn 0.000000 -1.000000 0.000000
vn 0.000000 -1.000000 0.000000
vn 0.000000 -1.000000 0.000000
vn 0.000000 -1.000000 0.000000
vn 0.000000 0.791800 -0.610780
vn 0.000000 0.791800 -0.610780
vn 0.000000 0.791800 -0.610780
vn 0.000000 0.791800 -0.610780
vn 0.000000 0.791800 -0.610780
vn 0.000000 -1.000000 0.000000
vn 0.000000 -1.000000 0.000000
vn 0.000000 -1.000000 0.000000
vn 0.000000 -1.000000 0.000000
vn 0.000000 0.791800 -0.610780
vn 0.000000 0.791800 -0.610780
vn 0.000000 0.791800 -0.610780
vn -1.000000 0.000000 0.000000
vn -1.000000 -0.000000 0.000000
vn -1.000000 0.000000 0.000000
vn -1.000000 0.000000 0.000000
vn -1.000000 0.000000 0.000000
vn -1.000000 0.000000 0.000000
vn -1.000000 0.000000 0.000000
vn -1.000000 0.000000 0.000000
vn -1.000000 0.000000 0.000000
vn -1.000000 0.000000 0.000000
vn -1.000000 0.000000 0.000000
vn -1.000000 0.000000 0.000000
vn -1.000000 0.000000 0.000000
vn -1.000000 0.000000 0.000000
vn -1.000000 0.000000 0.000000
vn -1.000000 0.000000 0.000000
vn -1.000000 0.000000 0.000000
vn -1.000000 0.000000 0.000000
vn -1.000000 0.000000 0.000000
vn -1.000000 0.000000 0.000000
vn -1.000000 0.000000 0.000000
vn -1.000000 0.000000 0.000000
vn -1.000000 0.000000 0.000000
vn -1.000000 0.000000 0.000000
vn -0.234259 0.687431 -0.687431
vn -0.234259 0.687431 -0.687431
vn -0.234259 0.687431 -0.687431
vn 0.000000 0.788686 -0.614796
vn 0.000000 0.788686 -0.614796
vn 0.000000 0.788686 -0.614796
vn 0.000000 0.788686 -0.614796
vn 0.000000 0.788686 -0.614796
vn 0.234259 0.687431 -0.687431
vn 0.234259 0.687431 -0.687431
vn 0.234259 0.687431 -0.687431
vn -0.234259 0.687431 -0.687431
vn -0.234259 0.687431 -0.687431
vn -0.234259 0.687431 -0.687431
vn 0.000000 0.788686 -0.614796
vn 0.000000 0.788686 -0.614796
vn 0.000000 0.788686 -0.614796
vn 0.000000 0.788686 -0.614796
vn 0.234259 0.687431 -0.687431
vn 0.234259 0.687431 -0.687431
vn 0.234259 0.687431 -0.687431
vn -0.234259 0.687431 -0.687431
vn -0.234259 0.687431 -0.687431
vn -0.234259 0.687431 -0.687431
vn -0.000000 0.788686 -0.614796
vn -0.000000 0.788686 -0.614796
vn -0.000000 0.788686 -0.614796
vn 0.234259 0.687431 -0.687431
vn 0.234259 0.687431 -0.687431
vn 0.234259 0.687431 -0.687431
vn 1.000000 -0.000000 -0.000000
vn 1.000000 -0.000000 -0.000000
vn 1.000000 -0.000000 -0.000000
vn 1.000000 -0.000000 -0.000000
vn 1.000000 -0.000000 -0.000000
vn 1.000000 -0.000000 -0.000000
vn 1.000000 -0.000000 -0.000000
vn 1.000000 -0.000000 -0.000000
vn 1.000000 -0.000000 0.000000
vn 1.000000 -0.000000 0.000000
vn 1.000000 -0.000000 0.000000
vn 1.000000 -0.000000 0.000000
vn 1.000000 -0.000000 0.000000
vn 1.000000 -0.000000 0.000000
vn 0.234259 0.687431 0.687431
vn 0.234259 0.687431 0.687431
vn 0.234259 0.687431 0.687431
vn 0.000000 0.791800 0.610780
vn 0.000000 0.791800 0.610780
vn 0.000000 0.791800 0.610780
vn 0.000000 0.791800 0.610780
vn 0.000000 0.791800 0.610780
vn -0.234259 0.687431 0.687431
vn -0.234259 0.687431 0.687431
vn -0.234259 0.687431 0.687431
vn 0.234259 0.687431 0.687431
vn 0.234259 0.687431 0.687431
vn 0.234259 0.687431 0.687431
vn 0.000000 0.791800 0.610780
vn 0.000000 0.791800 0.610780
vn 0.000000 0.791800 0.610780
vn 0.000000 0.791800 0.610780
vn -0.234259 0.687431 0.687431
vn -0.234259 0.687431 0.687431
vn -0.234259 0.687431 0.687431
vn 0.234259 0.687431 0.687431
vn 0.234259 0.687431 0.687431
vn 0.234259 0.687431 0.687431
vn 0.000000 0.791800 0.610780
vn 0.000000 0.791800 0.610780
vn 0.000000 0.791800 0.610780
vn 0.000000 -0.999792 0.020404
vn 0.000000 -0.999792 0.020404
vn 0.000000 -0.999792 0.020404
vn 0.000000 -0.999792 0.020404
vn 0.000000 -1.000000 -0.000000
vn 0.000000 -1.000000 -0.000000
vn 0.000000 -1.000000 -0.000000
vn 0.000000 -1.000000 -0.000000
vn 0.000000 -1.000000 -0.000000
vn 0.000000 0.788686 0.614796
vn 0.000000 0.788686 0.614796
vn 0.000000 0.788686 0.614796
vn 0.000000 0.788686 0.614796
vn 0.000000 0.788686 0.614796
vn 0.000000 -1.000000 -0.000000
vn 0.000000 -1.000000 -0.000000
vn 0.000000 -1.000000 -0.000000
vn 0.000000 -1.000000 -0.000000
vn 0.000000 -1.000000 -0.000000
vn 0.000000 0.788686 0.614796
vn 0.000000 0.788686 0.614796
vn 0.000000 0.788686 0.614796
vn 0.000000 0.788686 0.614796
vn 0.000000 0.788686 0.614796
vn 0.000000 -1.000000 -0.000000
vn 0.000000 -1.000000 -0.000000
vn 0.000000 -1.000000 -0.000000
vn 0.000000 -1.000000 -0.000000
vn 0.000000 -1.000000 -0.000000
vn 0.000000 0.788686 0.614796
vn 0.000000 0.788686 0.614796
vn 0.000000 0.788686 0.614796
vn 0.000000 0.788686 0.614796
vn 0.000000 0.788686 0.614796
vn 0.000000 -1.000000 -0.000000
vn 0.000000 -1.000000 -0.000000
vn 0.000000 -1.000000 -0.000000
vn 0.000000 -1.000000 -0.000000
vn 0.000000 -1.000000 -0.000000
vn 0.000000 0.788686 0.614796
vn 0.000000 0.788686 0.614796
vn 0.000000 0.788686 0.614796
vn 0.000000 0.788686 0.614796
vn 0.000000 0.788686 -0.614796
vn 0.000000 0.788686 -0.614796
vn 0.000000 0.788686 -0.614796
vn 0.000000 0.788686 -0.614796
vn -0.234259 0.687431 -0.687431
vn -0.234259 0.687431 -0.687431
vn -0.234259 0.687431 -0.687431
vn 0.234259 0.687431 -0.687431
vn 0.234259 0.687431 -0.687431
vn 0.234259 0.687431 -0.687431
vn 0.234259 0.687431 -0.687431
vn 0.234259 0.687431 -0.687431
vn 0.234259 0.687431 -0.687431
vn -0.234259 0.687431 -0.687431
vn -0.234259 0.687431 -0.687431
vn -0.234259 0.687431 -0.687431
vn 0.000000 0.788686 -0.614796
vn 0.000000 0.788686 -0.614796
vn 0.000000 0.788686 -0.614796
vn 0.000000 0.788686 0.614796
vn 0.000000 0.788686 0.614796
vn 0.000000 0.788686 0.614796
vn -0.000000 -1.000000 0.000000
vn -0.000000 -1.000000 0.000000
vn -0.000000 -1.000000 0.000000
vn -0.000000 -1.000000 0.000000
vn 0.000000 0.788686 0.614796
vn 0.000000 0.788686 0.614796
vn 0.000000 0.788686 0.614796
vn 0.000000 0.788686 0.614796
vn -0.000000 -1.000000 0.000000
vn -0.000000 -1.000000 0.000000
vn -0.000000 -1.000000 0.000000
vn -0.000000 -1.000000 0.000000
vn 0.000000 0.788686 0.614796
vn 0.000000 0.788686 0.614796
vn 0.000000 0.788686 0.614796
vn 0.000000 0.788686 0.614796
vn -0.234259 0.687431 0.687431
vn -0.234259 0.687431 0.687431
vn -0.234259 0.687431 0.687431
vn -0.000000 -1.000000 0.000000
vn -0.000000 -1.000000 0.000000
vn -0.000000 -1.000000 0.000000
vn -0.000000 -1.000000 0.000000
vn 0.000000 0.788686 0.614796
vn 0.000000 0.788686 0.614796
vn 0.000000 0.788686 0.614796
vn 0.000000 0.788686 0.614796
vn -0.234259 0.687431 0.687431
vn -0.234259 0.687431 0.687431
vn -0.234259 0.687431 0.687431
vn 0.234259 0.687431 0.687431
vn 0.234259 0.687431 0.687431
vn 0.234259 0.687431 0.687431
vn -0.234259 0.687431 0.687431
vn -0.234259 0.687431 0.687431
vn -0.234259 0.687431 0.687431
vn 0.234259 0.687431 0.687431
vn 0.234259 0.687431 0.687431
vn 0.234259 0.687431 0.687431
vn -0.234259 0.687431 0.687431
vn -0.234259 0.687431 0.687431
vn -0.234259 0.687431 0.687431
vn 0.234259 0.687431 0.687431
vn 0.234259 0.687431 0.687431
vn 0.234259 0.687431 0.687431
vn 0.000000 0.788686 0.614796
vn 0.000000 0.788686 0.614796
vn 0.000000 0.788686 0.614796
vn -0.234259 0.687431 0.687431
vn -0.234259 0.687431 0.687431
vn -0.234259 0.687431 0.687431
vn -0.234259 0.687431 0.687431
vn -0.234259 0.687431 0.687431
vn -0.234259 0.687431 0.687431
vn 0.234259 0.687431 0.687431
vn 0.234259 0.687431 0.687431
vn 0.234259 0.687431 0.687431
vn 0.234259 0.687431 0.687431
vn 0.234259 0.687431 0.687431
vn 0.234259 0.687431 0.687431
vn 0.000000 -1.000000 -0.000000
vn 0.000000 -1.000000 -0.000000
vn 0.000000 -1.000000 -0.000000
vn 0.234259 0.687431 0.687431
vn 0.234259 0.687431 0.687431
vn 0.234259 0.687431 0.687431
vn 0.000000 0.788686 0.614796
vn 0.000000 0.788686 0.614796
vn 0.000000 0.788686 0.614796
vn -0.234259 0.687431 0.687431
vn -0.234259 0.687431 0.687431
vn -0.234259 0.687431 0.687431
vn -0.234259 0.687431 0.687431
vn -0.234259 0.687431 0.687431
vn -0.234259 0.687431 0.687431
vn 0.234259 0.687431 0.687431
vn 0.234259 0.687431 0.687431
vn 0.234259 0.687431 0.687431
vn 0.234259 0.687431 0.687431
vn 0.234259 0.687431 0.687431
vn 0.234259 0.687431 0.687431
vn 0.000000 -0.999792 0.020404
vn 0.000000 -0.999792 0.020404
vn 0.000000 -0.999792 0.020404
vn 0.000000 -1.000000 -0.000000
vn 0.000000 -1.000000 -0.000000
vn 0.000000 -1.000000 -0.000000
vn 0.000000 -1.000000 -0.000000
vn -0.000000 -1.000000 0.000000
vn -0.000000 -1.000000 0.000000
vn -0.000000 -1.000000 0.000000
vn 0.000000 -0.999792 0.020404
vn 0.000000 -0.999792 0.020404
vn 0.000000 -0.999792 0.020404
vn 0.234259 0.687431 0.687431
vn 0.234259 0.687431 0.687431
vn 0.234259 0.687431 0.687431
vn 0.234259 0.687431 0.687431
vn 0.234259 0.687431 0.687431
vn 0.234259 0.687431 0.687431
vn 0.234259 0.687431 0.687431
vn 0.234259 0.687431 0.687431
vn 0.234259 0.687431 -0.687431
vn 0.234259 0.687431 -0.687431
vn 0.234259 0.687431 -0.687431
vn 0.234259 0.687431 -0.687431
vn 0.000000 0.788686 -0.614796
vn 0.000000 0.788686 -0.614796
vn 0.000000 0.788686 -0.614796
vn 0.000000 0.788686 -0.614796
vn 0.000000 0.788686 -0.614796
vn -0.234259 0.687431 -0.687431
vn -0.234259 0.687431 -0.687431
vn -0.234259 0.687431 -0.687431
vn 0.234259 0.687431 -0.687431
vn 0.234259 0.687431 -0.687431
vn 0.234259 0.687431 -0.687431
vn 0.000000 0.788686 -0.614796
vn 0.000000 0.788686 -0.614796
vn 0.000000 0.788686 -0.614796
vn 0.000000 0.788686 -0.614796
vn -0.234259 0.687431 -0.687431
vn -0.234259 0.687431 -0.687431
vn -0.234259 0.687431 -0.687431
vn 0.234259 0.687431 -0.687431
vn 0.234259 0.687431 -0.687431
vn 0.234259 0.687431 -0.687431
vn 0.234259 0.687431 -0.687431
vn 0.234259 0.687431 -0.687431
vn -0.000000 0.788686 -0.614796
vn -0.000000 0.788686 -0.614796
vn -0.000000 0.788686 -0.614796
vn -0.234259 0.687431 -0.687431
vn -0.234259 0.687431 -0.687431
vn -0.234259 0.687431 -0.687431
vn 0.000000 -1.000000 0.000000
vn 0.000000 -1.000000 0.000000
vn 0.000000 -1.000000 0.000000
vn 0.234259 0.687431 -0.687431
vn 0.234259 0.687431 -0.687431
vn -0.000000 -0.999792 -0.020404
vn -0.000000 -0.999792 -0.020404
vn -0.000000 -0.999792 -0.020404
vn -0.000000 -0.999792 -0.020404
vn -0.234259 0.687431 -0.687431
vn -0.234259 0.687431 -0.687431
vn -0.234259 0.687431 -0.687431
vn 0.000000 -1.000000 0.000000
vn 0.000000 -1.000000 0.000000
vn 0.000000 -1.000000 0.000000
vn 0.000000 -1.000000 0.000000
vn 0.000000 -1.000000 0.000000
vn 0.000000 -1.000000 0.000000
vn 0.000000 -1.000000 0.000000
vn 0.000000 -1.000000 0.000000
vn 0.000000 -1.000000 0.000000
vn 0.000000 -1.000000 0.000000
vn 0.000000 -1.000000 0.000000
vn 0.000000 -1.000000 0.000000
vn 0.000000 -1.000000 0.000000
vn 0.000000 -1.000000 0.000000
vn 0.000000 -1.000000 0.000000
vn 0.000000 -1.000000 0.000000
vn 0.000000 -1.000000 0.000000
vn 0.000000 -1.000000 0.000000
vn 0.000000 -1.000000 0.000000
vn 0.000000 -1.000000 0.000000
vn 0.000000 -1.000000 0.000000
vn 0.000000 -1.000000 0.000000
vn 0.000000 -1.000000 0.000000
vn 0.000000 -1.000000 0.000000
vn 0.000000 0.788686 -0.614796
vn 0.000000 0.788686 -0.614796
vn -0.000000 0.788686 -0.614796
vn 0.000000 0.788686 0.614796
vn 0.000000 0.788686 0.614796
vn 0.000000 0.788686 0.614796
vn 0.000000 -1.000000 -0.000000
vn 0.000000 -1.000000 -0.000000
vn 0.000000 -1.000000 -0.000000
vn -0.234259 0.687431 0.687431
vn -0.234259 0.687431 0.687431
vn -0.234259 0.687431 0.687431
vn 0.000000 0.788686 0.614796
vn 0.000000 0.788686 0.614796
vn 0.000000 0.788686 0.614796
vn 0.000000 -1.000000 -0.000000
vn 0.000000 -1.000000 -0.000000
vn 0.000000 -1.000000 -0.000000
vn -0.234259 0.687431 0.687431
vn -0.234259 0.687431 0.687431
vn -0.234259 0.687431 0.687431
vn -1.000000 -0.000000 0.000000
vn 0.000000 -0.707107 0.707107
vn 0.000000 -0.707107 0.707107
vn 0.000000 -0.707107 0.707107
vn 0.000000 -0.707107 0.707107
vn 0.000000 -0.707107 0.707107
vn 0.000000 -0.707107 0.707107
vn -0.000000 -0.707107 -0.707107
vn -0.000000 -0.707107 -0.707107
vn -0.000000 -0.707107 -0.707107
vn -0.000000 -0.707107 -0.707107
vn -0.000000 -0.707107 -0.707107
vn -0.000000 -0.707107 -0.707107
vn 1.000000 -0.000000 -0.000000
vn 1.000000 -0.000000 -0.000000
vn 1.000000 -0.000000 -0.000000
vn 1.000000 -0.000000 -0.000000
vn 1.000000 -0.000000 -0.000000
vn 1.000000 -0.000000 -0.000000
vn 1.000000 -0.000000 -0.000000
vn 1.000000 -0.000000 -0.000000
vn 1.000000 -0.000000 -0.000000
vn 1.000000 -0.000000 -0.000000
vn 1.000000 -0.000000 -0.000000
vn 1.000000 -0.000000 -0.000000
vn 1.000000 -0.000000 -0.000000
vn 1.000000 -0.000000 -0.000000
vn 1.000000 -0.000000 -0.000000
vn 0.000000 -1.000000 0.000000
vn 0.000000 -1.000000 0.000000
vn 0.000000 -1.000000 0.000000
vn 0.000000 -1.000000 0.000000
vn 1.000000 -0.000000 0.000000
vn 1.000000 -0.000000 0.000000
vn 1.000000 -0.000000 0.000000
vn 1.000000 -0.000000 0.000000
vn 0.000000 0.000000 -1.000000
vn 0.000000 0.000000 -1.000000
vn 0.000000 0.000000 -1.000000
vn 0.000000 0.000000 -1.000000
vn 0.000000 0.000000 -1.000000
vn 0.000000 1.000000 -0.000000
vn 0.000000 1.000000 -0.000000
vn 0.000000 1.000000 -0.000000
vn 0.000000 1.000000 -0.000000
vn 0.000000 0.000000 1.000000
vn 0.000000 0.000000 1.000000
vn 0.000000 0.000000 1.000000
vn 0.000000 0.000000 1.000000
vn 0.000000 0.000000 1.000000
vn 0.000000 0.000000 1.000000
vn 0.000000 0.000000 1.000000
vn 0.000000 0.000000 1.000000
vn 0.000000 0.000000 1.000000
vn 0.000000 0.000000 1.000000
vn 0.000000 0.000000 1.000000
vn 0.000000 0.000000 1.000000
vn 0.000000 -1.000000 0.000000
vn 0.000000 -1.000000 0.000000
vn 0.000000 -1.000000 0.000000
vn 0.000000 -1.000000 0.000000
vn 0.000000 0.000000 -1.000000
vn 0.000000 0.000000 -1.000000
vn 0.000000 0.000000 -1.000000
vn 0.000000 0.000000 -1.000000
vn 0.000000 0.000000 -1.000000
vn -0.000000 0.000000 -1.000000
vn -0.000000 0.000000 -1.000000
vn 0.000000 -0.707107 0.707107
vn 0.000000 -0.707107 0.707107
vn 0.000000 -0.707107 0.707107
vn 0.000000 -0.707107 0.707107
vn 0.000000 -0.707107 0.707107
vn 0.000000 -0.707107 0.707107
vn -0.000000 -0.707107 -0.707107
vn -0.000000 -0.707107 -0.707107
vn -0.000000 -0.707107 -0.707107
vn -0.000000 -0.707107 -0.707107
vn -0.000000 -0.707107 -0.707107
vn -0.000000 -0.707107 -0.707107
vn 0.000000 -1.000000 0.000000
vn 0.000000 -1.000000 0.000000
vn 0.000000 -1.000000 0.000000
vn 0.000000 -1.000000 0.000000
vn 0.000000 0.788686 -0.614796
vn 0.000000 0.788686 -0.614796
vn 0.000000 0.788686 -0.614796
vn -0.000000 -0.999792 -0.020404
vn -0.000000 -0.999792 -0.020404
vn -0.000000 -0.999792 -0.020404
vn -0.000000 -0.999792 -0.020404
vn 0.234259 0.687431 -0.687431
vn 0.234259 0.687431 -0.687431
vn 0.234259 0.687431 -0.687431
vn 0.234259 0.687431 -0.687431
vn 0.234259 0.687431 -0.687431
vn 0.234259 0.687431 -0.687431
vn 0.000000 0.788686 -0.614796
vn 0.000000 0.788686 -0.614796
vn 0.000000 0.788686 -0.614796
vn 0.000000 0.788686 -0.614796
vn -0.234259 0.687431 -0.687431
vn -0.234259 0.687431 -0.687431
vn -0.234259 0.687431 -0.687431
vn -0.234259 0.687431 -0.687431
vn -0.234259 0.687431 -0.687431
vn -0.234259 0.687431 -0.687431
vn -0.000000 -0.999792 -0.020404
vn -0.000000 -0.999792 -0.020404
vn 0.234259 0.687431 -0.687431
vn 0.234259 0.687431 -0.687431
vn 0.234259 0.687431 -0.687431
vn 0.000000 0.791800 -0.610780
vn 0.000000 0.791800 -0.610780
vn 0.000000 0.791800 -0.610780
vn 0.000000 0.791800 -0.610780
vn 0.234259 0.687431 -0.687431
vn 0.234259 0.687431 -0.687431
vn 0.234259 0.687431 -0.687431
vn 0.000000 -1.000000 0.000000
vn 0.000000 -1.000000 0.000000
vn 0.000000 -1.000000 0.000000
vn 0.000000 -1.000000 0.000000
vn 0.000000 -1.000000 0.000000
vn 0.000000 -1.000000 0.000000
vn 0.000000 -1.000000 0.000000
vn 0.000000 -1.000000 0.000000
vn -0.234259 0.687431 -0.687431
vn -0.234259 0.687431 -0.687431
vn -0.234259 0.687431 -0.687431
vn 1.000000 0.000000 0.000000
vn 1.000000 0.000000 0.000000
vn 1.000000 0.000000 0.000000
vn 1.000000 0.000000 0.000000
vn 0.000000 1.000000 -0.000000
vn 0.000000 1.000000 -0.000000
vn 0.000000 1.000000 -0.000000
vn 0.000000 1.000000 -0.000000
vn 0.000000 1.000000 -0.000000
vn -1.000000 0.000000 -0.000000
vn -1.000000 0.000000 -0.000000
vn -1.000000 0.000000 -0.000000
vn -1.000000 0.000000 -0.000000
vn 0.000000 0.000000 -1.000000
vn 0.000000 0.000000 -1.000000
vn 0.000000 0.000000 -1.000000
vn 0.000000 0.000000 -1.000000
vn 0.000000 -1.000000 0.000000
vn 0.000000 -1.000000 0.000000
vn 0.000000 -1.000000 0.000000
vn 0.000000 -1.000000 0.000000
vn 0.000000 -1.000000 0.000000
vn 0.000000 -0.000000 -1.000000
vn 0.000000 -0.000000 -1.000000
vn 0.000000 -0.000000 -1.000000
vn 0.000000 -0.000000 -1.000000
vn 0.000000 -0.000000 -1.000000
vn 0.000000 -0.000000 -1.000000
vn 0.000000 -0.000000 -1.000000
vn 0.000000 -0.000000 -1.000000
vn 0.000000 -0.000000 -1.000000
vn 0.000000 -0.000000 -1.000000
vn 0.000000 -0.000000 -1.000000
vn 0.000000 -0.000000 -1.000000
vn -1.000000 -0.000000 -0.000000
vn -1.000000 -0.000000 -0.000000
vn -1.000000 -0.000000 -0.000000
vn -1.000000 -0.000000 -0.000000
vn -0.000000 0.000000 1.000000
vn -0.000000 0.000000 1.000000
vn -0.000000 0.000000 1.000000
vn -0.000000 0.000000 1.000000
vn 0.000000 -1.000000 0.000000
vn 0.000000 -1.000000 0.000000
vn 0.000000 -1.000000 0.000000
vn 0.000000 -1.000000 0.000000
vn 0.000000 -1.000000 0.000000
vn 1.000000 0.000000 0.000000
vn 1.000000 0.000000 0.000000
vn 1.000000 0.000000 0.000000
vn 1.000000 0.000000 0.000000
vn 0.000000 1.000000 -0.000000
vn 0.000000 1.000000 -0.000000
vn 0.000000 1.000000 -0.000000
vn 0.000000 1.000000 -0.000000
vn 0.000000 1.000000 -0.000000
vn -1.000000 0.000000 -0.000000
vn -1.000000 0.000000 -0.000000
vn -1.000000 0.000000 -0.000000
vn -1.000000 0.000000 -0.000000
vn -0.000000 -0.000000 1.000000
vn -0.000000 -0.000000 1.000000
vn -0.000000 -0.000000 1.000000
vn -0.000000 -0.000000 1.000000
vn -0.000000 -0.000000 1.000000
vn -0.000000 -0.000000 1.000000
vn -0.000000 -0.000000 1.000000
vn -0.000000 -0.000000 1.000000
vn -0.000000 -0.000000 1.000000
vn -0.000000 -0.000000 1.000000
vn -0.000000 -0.000000 1.000000
vn -0.000000 -0.000000 1.000000
vn 1.000000 0.000000 0.000000
vn 1.000000 0.000000 0.000000
vn 1.000000 0.000000 0.000000
vn 1.000000 0.000000 0.000000
vn 0.000000 1.000000 0.000000
vn 0.000000 1.000000 0.000000
vn 0.000000 1.000000 0.000000
vn 0.000000 1.000000 0.000000
vn 1.000000 0.000000 0.000000
vn 1.000000 0.000000 0.000000
vn 1.000000 0.000000 0.000000
vn 1.000000 0.000000 0.000000
vn 0.000000 -1.000000 -0.000000
vn 0.000000 -1.000000 -0.000000
vn 0.000000 -1.000000 -0.000000
vn 0.000000 -1.000000 -0.000000
vn 1.000000 0.000000 0.000000
vn 1.000000 0.000000 0.000000
vn 1.000000 0.000000 0.000000
vn 1.000000 0.000000 0.000000
vn 0.000000 -1.000000 0.000000
vn 0.000000 -1.000000 0.000000
vn 0.000000 -1.000000 0.000000
vn 0.000000 -1.000000 0.000000
vn -1.000000 0.000000 -0.000000
vn -1.000000 0.000000 -0.000000
vn -1.000000 0.000000 -0.000000
vn -1.000000 0.000000 -0.000000
vn 0.000000 -1.000000 -0.000000
vn 0.000000 -1.000000 -0.000000
vn 0.000000 -1.000000 -0.000000
vn 0.000000 -1.000000 -0.000000
vn -1.000000 -0.000000 -0.000000
vn -1.000000 -0.000000 -0.000000
vn -1.000000 -0.000000 -0.000000
vn -1.000000 -0.000000 -0.000000
vn 0.000000 1.000000 0.000000
vn 0.000000 1.000000 0.000000
vn 0.000000 1.000000 0.000000
vn 0.000000 1.000000 0.000000
vn 0.000000 0.000000 -1.000000
vn 0.000000 0.000000 -1.000000
vn 0.000000 0.000000 -1.000000
vn 0.000000 0.000000 -1.000000
vn 0.000000 0.000000 -1.000000
vn 0.000000 0.000000 -1.000000
vn 0.000000 0.000000 -1.000000
vn 0.000000 0.000000 -1.000000
vn 0.000000 0.000000 -1.000000
vn 0.000000 0.000000 -1.000000
vn 0.000000 0.000000 -1.000000
vn 0.000000 0.000000 -1.000000
vn -0.000000 1.000000 0.000000
vn -0.000000 1.000000 0.000000
vn -0.000000 1.000000 0.000000
vn -0.000000 1.000000 0.000000
vn -1.000000 -0.000000 -0.000000
vn -1.000000 -0.000000 -0.000000
vn -1.000000 -0.000000 -0.000000
vn -1.000000 -0.000000 -0.000000
vn -1.000000 -0.000000 -0.000000
vn -1.000000 -0.000000 -0.000000
vn -1.000000 -0.000000 -0.000000
vn -1.000000 -0.000000 -0.000000
vn 0.000000 0.000000 -1.000000
vn 0.000000 0.000000 -1.000000
vn 0.000000 0.000000 -1.000000
vn 0.000000 0.000000 -1.000000
vn 1.000000 0.000000 0.000000
vn 1.000000 0.000000 0.000000
vn 1.000000 0.000000 0.000000
vn 1.000000 0.000000 0.000000
vn 1.000000 0.000000 0.000000
vn 0.000000 -1.000000 0.000000
vn 0.000000 -1.000000 0.000000
vn 0.000000 -1.000000 0.000000
vn 0.000000 -1.000000 0.000000
vn 0.000000 -1.000000 0.000000
vn 0.000000 -1.000000 0.000000
vn 0.000000 -1.000000 0.000000
vn 0.000000 -1.000000 0.000000
vn 0.000000 -1.000000 0.000000
vn 0.000000 -1.000000 0.000000
vn 0.000000 -1.000000 0.000000
vn 0.000000 -1.000000 0.000000
vn 1.000000 0.000000 0.000000
vn 1.000000 0.000000 0.000000
vn 1.000000 0.000000 0.000000
vn 1.000000 0.000000 0.000000
vn -0.000000 1.000000 0.000000
vn -0.000000 1.000000 0.000000
vn -0.000000 1.000000 0.000000
vn -0.000000 1.000000 0.000000
vn 0.000000 0.000000 -1.000000
vn 0.000000 0.000000 -1.000000
vn 0.000000 0.000000 -1.000000
vn 0.000000 0.000000 -1.000000
vn -1.000000 0.000000 -0.000000
vn -1.000000 0.000000 -0.000000
vn -1.000000 0.000000 -0.000000
vn -1.000000 0.000000 -0.000000
vn -1.000000 0.000000 -0.000000
vn -1.000000 0.000000 -0.000000
vn -1.000000 0.000000 -0.000000
vn -1.000000 0.000000 -0.000000
vn -1.000000 0.000000 -0.000000
vn 0.000000 0.000000 -1.000000
vn 0.000000 0.000000 -1.000000
vn 0.000000 0.000000 -1.000000
vn 0.000000 0.000000 -1.000000
vn 1.000000 0.000000 0.000000
vn 1.000000 0.000000 0.000000
vn 1.000000 0.000000 0.000000
vn 1.000000 0.000000 0.000000
vn 1.000000 0.000000 0.000000
vn 1.000000 0.000000 0.000000
vn 1.000000 0.000000 0.000000
vn 1.000000 0.000000 0.000000
vn -0.000000 -0.000000 1.000000
vn -0.000000 -0.000000 1.000000
vn -0.000000 -0.000000 1.000000
vn -0.000000 -0.000000 1.000000
vn -0.000000 -0.000000 1.000000
vn -0.000000 -0.000000 1.000000
vn -0.000000 -0.000000 1.000000
vn -0.000000 -0.000000 1.000000
vn -0.000000 -0.000000 1.000000
vn -0.000000 -0.000000 1.000000
vn -0.000000 -0.000000 1.000000
vn -0.000000 -0.000000 1.000000
vn -0.000000 -0.000000 1.000000
vn -0.000000 -0.000000 1.000000
vn -0.000000 -0.000000 1.000000
vn -0.000000 -0.000000 1.000000
vn 0.000000 -1.000000 0.000000
vn 0.000000 -1.000000 0.000000
vn 0.000000 -1.000000 0.000000
vn 0.000000 -1.000000 0.000000
vn 0.000000 -0.707107 -0.707107
vn 0.000000 -0.707107 -0.707107
vn 0.000000 -0.707107 -0.707107
vn 0.000000 -0.707107 -0.707107
vn 0.000000 0.000000 -1.000000
vn 0.000000 0.000000 -1.000000
vn 0.000000 0.000000 -1.000000
vn 0.000000 0.000000 -1.000000
vn -0.000000 1.000000 0.000000
vn -0.000000 1.000000 0.000000
vn -0.000000 1.000000 0.000000
vn -0.000000 1.000000 0.000000
vn -0.000000 1.000000 0.000000
vn -0.000000 1.000000 0.000000
vn -0.000000 1.000000 0.000000
vn -0.000000 1.000000 0.000000
vn -1.000000 0.000000 0.000000
vn -1.000000 0.000000 0.000000
vn -1.000000 0.000000 0.000000
vn -1.000000 0.000000 0.000000
vn 0.000000 1.000000 0.000000
vn 0.000000 1.000000 0.000000
vn 0.000000 1.000000 0.000000
vn 0.000000 1.000000 0.000000
vn 0.000000 1.000000 0.000000
vn 1.000000 0.000000 -0.000000
vn 1.000000 0.000000 -0.000000
vn 1.000000 0.000000 -0.000000
vn 1.000000 0.000000 -0.000000
vn 0.000000 0.000000 1.000000
vn 0.000000 0.000000 1.000000
vn 0.000000 0.000000 1.000000
vn 0.000000 0.000000 1.000000
vn -0.000000 -1.000000 0.000000
vn -0.000000 -1.000000 0.000000
vn -0.000000 -1.000000 0.000000
vn -0.000000 -1.000000 0.000000
vn -0.000000 -1.000000 0.000000
vn 0.000000 -0.000000 1.000000
vn 0.000000 -0.000000 1.000000
vn 0.000000 -0.000000 1.000000
vn 0.000000 -0.000000 1.000000
vn 0.000000 -0.000000 1.000000
vn 0.000000 -0.000000 1.000000
vn 0.000000 -0.000000 1.000000
vn 0.000000 -0.000000 1.000000
vn 0.000000 -0.000000 1.000000
vn 0.000000 -0.000000 1.000000
vn 0.000000 -0.000000 1.000000
vn 0.000000 -0.000000 1.000000
vn 1.000000 -0.000000 -0.000000
vn 1.000000 -0.000000 -0.000000
vn 1.000000 -0.000000 -0.000000
vn 1.000000 -0.000000 -0.000000
vn -0.000000 0.000000 -1.000000
vn -0.000000 0.000000 -1.000000
vn -0.000000 0.000000 -1.000000
vn -0.000000 0.000000 -1.000000
vn -0.000000 -1.000000 0.000000
vn -0.000000 -1.000000 0.000000
vn -0.000000 -1.000000 0.000000
vn -0.000000 -1.000000 0.000000
vn -0.000000 -1.000000 0.000000
vn -1.000000 0.000000 0.000000
vn -1.000000 0.000000 0.000000
vn -1.000000 0.000000 0.000000
vn -1.000000 0.000000 0.000000
vn 0.000000 1.000000 0.000000
vn 0.000000 1.000000 0.000000
vn 0.000000 1.000000 0.000000
vn 0.000000 1.000000 0.000000
vn 0.000000 1.000000 0.000000
vn 1.000000 0.000000 -0.000000
vn 1.000000 0.000000 -0.000000
vn 1.000000 0.000000 -0.000000
vn 1.000000 0.000000 -0.000000
vn -0.000000 -0.000000 -1.000000
vn -0.000000 -0.000000 -1.000000
vn -0.000000 -0.000000 -1.000000
vn -0.000000 -0.000000 -1.000000
vn -0.000000 -0.000000 -1.000000
vn -0.000000 -0.000000 -1.000000
vn -0.000000 -0.000000 -1.000000
vn -0.000000 -0.000000 -1.000000
vn -0.000000 -0.000000 -1.000000
vn -0.000000 -0.000000 -1.000000
vn -0.000000 -0.000000 -1.000000
vn -0.000000 -0.000000 -1.000000
vn -1.000000 0.000000 0.000000
vn -1.000000 0.000000 0.000000
vn -1.000000 0.000000 0.000000
vn -1.000000 0.000000 0.000000
vn -0.000000 1.000000 0.000000
vn -0.000000 1.000000 0.000000
vn -0.000000 1.000000 0.000000
vn -0.000000 1.000000 0.000000
vn -1.000000 0.000000 0.000000
vn -1.000000 0.000000 0.000000
vn -1.000000 0.000000 0.000000
vn -1.000000 0.000000 0.000000
vn 0.000000 -1.000000 0.000000
vn 0.000000 -1.000000 0.000000
vn 0.000000 -1.000000 0.000000
vn 0.000000 -1.000000 0.000000
vn -1.000000 0.000000 0.000000
vn -1.000000 0.000000 0.000000
vn -1.000000 0.000000 0.000000
vn -1.000000 0.000000 0.000000
vn 0.000000 -1.000000 0.000000
vn 0.000000 -1.000000 0.000000
vn 0.000000 -1.000000 0.000000
vn 0.000000 -1.000000 0.000000
vn 1.000000 0.000000 -0.000000
vn 1.000000 0.000000 -0.000000
vn 1.000000 0.000000 -0.000000
vn 1.000000 0.000000 -0.000000
vn 0.000000 -1.000000 0.000000
vn 0.000000 -1.000000 0.000000
vn 0.000000 -1.000000 0.000000
vn 0.000000 -1.000000 0.000000
vn 1.000000 -0.000000 -0.000000
vn 1.000000 -0.000000 -0.000000
vn 1.000000 -0.000000 -0.000000
vn 1.000000 -0.000000 -0.000000
vn -0.000000 1.000000 0.000000
vn -0.000000 1.000000 0.000000
vn -0.000000 1.000000 0.000000
vn -0.000000 1.000000 0.000000
vn 0.000000 0.000000 1.000000
vn 0.000000 0.000000 1.000000
vn 0.000000 0.000000 1.000000
vn 0.000000 0.000000 1.000000
vn 0.000000 0.000000 1.000000
vn 0.000000 0.000000 1.000000
vn 0.000000 0.000000 1.000000
vn 0.000000 0.000000 1.000000
vn 0.000000 0.000000 1.000000
vn 0.000000 0.000000 1.000000
vn 0.000000 0.000000 1.000000
vn 0.000000 0.000000 1.000000
vn 0.000000 1.000000 -0.000000
vn 0.000000 1.000000 -0.000000
vn 0.000000 1.000000 -0.000000
vn 0.000000 1.000000 -0.000000
vn 1.000000 -0.000000 -0.000000
vn 1.000000 -0.000000 -0.000000
vn 1.000000 -0.000000 -0.000000
vn 1.000000 -0.000000 -0.000000
vn 1.000000 -0.000000 -0.000000
vn 1.000000 -0.000000 -0.000000
vn 1.000000 -0.000000 -0.000000
vn 1.000000 -0.000000 -0.000000
vn 0.000000 0.000000 1.000000
vn 0.000000 0.000000 1.000000
vn 0.000000 0.000000 1.000000
vn 0.000000 0.000000 1.000000
vn -1.000000 0.000000 0.000000
vn -1.000000 0.000000 0.000000
vn -1.000000 0.000000 0.000000
vn -1.000000 0.000000 0.000000
vn -1.000000 0.000000 0.000000
vn 0.000000 -1.000000 0.000000
vn 0.000000 -1.000000 0.000000
vn 0.000000 -1.000000 0.000000
vn 0.000000 -1.000000 0.000000
vn 0.000000 -1.000000 0.000000
vn 0.000000 -1.000000 0.000000
vn 0.000000 -1.000000 0.000000
vn 0.000000 -1.000000 0.000000
vn 0.000000 -1.000000 0.000000
vn 0.000000 -1.000000 0.000000
vn 0.000000 -1.000000 0.000000
vn 0.000000 -1.000000 0.000000
vn -1.000000 0.000000 0.000000
vn -1.000000 0.000000 0.000000
vn -1.000000 0.000000 0.000000
vn -1.000000 0.000000 0.000000
vn 0.000000 1.000000 -0.000000
vn 0.000000 1.000000 -0.000000
vn 0.000000 1.000000 -0.000000
vn 0.000000 1.000000 -0.000000
vn 0.000000 0.000000 1.000000
vn 0.000000 0.000000 1.000000
vn 0.000000 0.000000 1.000000
vn 0.000000 0.000000 1.000000
vn 1.000000 0.000000 -0.000000
vn 1.000000 0.000000 -0.000000
vn 1.000000 0.000000 -0.000000
vn 1.000000 0.000000 -0.000000
vn 1.000000 0.000000 -0.000000
vn 1.000000 0.000000 -0.000000
vn 1.000000 0.000000 -0.000000
vn 1.000000 0.000000 -0.000000
vn 1.000000 0.000000 -0.000000
vn 0.000000 0.000000 1.000000
vn 0.000000 0.000000 1.000000
vn 0.000000 0.000000 1.000000
vn 0.000000 0.000000 1.000000
vn -1.000000 0.000000 0.000000
vn -1.000000 0.000000 0.000000
vn -1.000000 0.000000 0.000000
vn -1.000000 0.000000 0.000000
vn -1.000000 0.000000 0.000000
vn -1.000000 0.000000 0.000000
vn -1.000000 0.000000 0.000000
vn -1.000000 0.000000 0.000000
vn -0.000000 -0.000000 -1.000000
vn -0.000000 -0.000000 -1.000000
vn -0.000000 -0.000000 -1.000000
vn -0.000000 -0.000000 -1.000000
vn -0.000000 -0.000000 -1.000000
vn -0.000000 -0.000000 -1.000000
vn -0.000000 -0.000000 -1.000000
vn -0.000000 -0.000000 -1.000000
vn -0.000000 -0.000000 -1.000000
vn -0.000000 -0.000000 -1.000000
vn -0.000000 -0.000000 -1.000000
vn -0.000000 -0.000000 -1.000000
vn -0.000000 -0.000000 -1.000000
vn -0.000000 -0.000000 -1.000000
vn -0.000000 -0.000000 -1.000000
vn -0.000000 -0.000000 -1.000000
vn 0.000000 -1.000000 0.000000
vn 0.000000 -1.000000 0.000000
vn 0.000000 -1.000000 0.000000
vn 0.000000 -1.000000 0.000000
vn 0.000000 -0.707107 0.707107
vn 0.000000 -0.707107 0.707107
vn 0.000000 -0.707107 0.707107
vn 0.000000 -0.707107 0.707107
vn 0.000000 0.000000 1.000000
vn 0.000000 0.000000 1.000000
vn 0.000000 0.000000 1.000000
vn 0.000000 0.000000 1.000000
vn 0.000000 1.000000 -0.000000
vn 0.000000 1.000000 -0.000000
vn 0.000000 1.000000 -0.000000
vn 0.000000 1.000000 -0.000000
vn 0.000000 1.000000 -0.000000
vn 0.000000 1.000000 -0.000000
vn 0.000000 1.000000 -0.000000
vn 0.000000 1.000000 -0.000000
vn 1.000000 0.000000 0.000000
vn 1.000000 0.000000 0.000000
vn 1.000000 0.000000 0.000000
vn 1.000000 0.000000 0.000000
vn 0.000000 1.000000 -0.000000
vn 0.000000 1.000000 -0.000000
vn 0.000000 1.000000 -0.000000
vn 0.000000 1.000000 -0.000000
vn 0.000000 1.000000 -0.000000
vn -1.000000 0.000000 -0.000000
vn -1.000000 0.000000 -0.000000
vn -1.000000 0.000000 -0.000000
vn -1.000000 0.000000 -0.000000
vn 0.000000 0.000000 -1.000000
vn 0.000000 0.000000 -1.000000
vn 0.000000 0.000000 -1.000000
vn 0.000000 0.000000 -1.000000
vn 0.000000 -1.000000 0.000000
vn 0.000000 -1.000000 0.000000
vn 0.000000 -1.000000 0.000000
vn 0.000000 -1.000000 0.000000
vn 0.000000 -1.000000 0.000000
vn 0.000000 -0.000000 -1.000000
vn 0.000000 -0.000000 -1.000000
vn 0.000000 -0.000000 -1.000000
vn 0.000000 -0.000000 -1.000000
vn 0.000000 -0.000000 -1.000000
vn 0.000000 -0.000000 -1.000000
vn 0.000000 -0.000000 -1.000000
vn 0.000000 -0.000000 -1.000000
vn 0.000000 -0.000000 -1.000000
vn 0.000000 -0.000000 -1.000000
vn 0.000000 -0.000000 -1.000000
vn 0.000000 -0.000000 -1.000000
vn -1.000000 -0.000000 -0.000000
vn -1.000000 -0.000000 -0.000000
vn -1.000000 -0.000000 -0.000000
vn -1.000000 -0.000000 -0.000000
vn -0.000000 0.000000 1.000000
vn -0.000000 0.000000 1.000000
vn -0.000000 0.000000 1.000000
vn -0.000000 0.000000 1.000000
vn 0.000000 -1.000000 0.000000
vn 0.000000 -1.000000 0.000000
vn 0.000000 -1.000000 0.000000
vn 0.000000 -1.000000 0.000000
vn 0.000000 -1.000000 0.000000
vn 1.000000 0.000000 0.000000
vn 1.000000 0.000000 0.000000
vn 1.000000 0.000000 0.000000
vn 1.000000 0.000000 0.000000
vn 0.000000 1.000000 -0.000000
vn 0.000000 1.000000 -0.000000
vn 0.000000 1.000000 -0.000000
vn 0.000000 1.000000 -0.000000
vn 0.000000 1.000000 -0.000000
vn -1.000000 0.000000 -0.000000
vn -1.000000 0.000000 -0.000000
vn -1.000000 0.000000 -0.000000
vn -1.000000 0.000000 -0.000000
vn -0.000000 -0.000000 1.000000
vn -0.000000 -0.000000 1.000000
vn -0.000000 -0.000000 1.000000
vn -0.000000 -0.000000 1.000000
vn -0.000000 -0.000000 1.000000
vn -0.000000 -0.000000 1.000000
vn -0.000000 -0.000000 1.000000
vn -0.000000 -0.000000 1.000000
vn -0.000000 -0.000000 1.000000
vn -0.000000 -0.000000 1.000000
vn -0.000000 -0.000000 1.000000
vn -0.000000 -0.000000 1.000000
vn 1.000000 0.000000 0.000000
vn 1.000000 0.000000 0.000000
vn 1.000000 0.000000 0.000000
vn 1.000000 0.000000 0.000000
vn 0.000000 1.000000 0.000000
vn 0.000000 1.000000 0.000000
vn 0.000000 1.000000 0.000000
vn 0.000000 1.000000 0.000000
vn 1.000000 0.000000 0.000000
vn 1.000000 0.000000 0.000000
vn 1.000000 0.000000 0.000000
vn 1.000000 0.000000 0.000000
vn 0.000000 -1.000000 -0.000000
vn 0.000000 -1.000000 -0.000000
vn 0.000000 -1.000000 -0.000000
vn 0.000000 -1.000000 -0.000000
vn 1.000000 0.000000 0.000000
vn 1.000000 0.000000 0.000000
vn 1.000000 0.000000 0.000000
vn 1.000000 0.000000 0.000000
vn 0.000000 -1.000000 0.000000
vn 0.000000 -1.000000 0.000000
vn 0.000000 -1.000000 0.000000
vn 0.000000 -1.000000 0.000000
vn -1.000000 0.000000 -0.000000
vn -1.000000 0.000000 -0.000000
vn -1.000000 0.000000 -0.000000
vn -1.000000 0.000000 -0.000000
vn 0.000000 -1.000000 -0.000000
vn 0.000000 -1.000000 -0.000000
vn 0.000000 -1.000000 -0.000000
vn 0.000000 -1.000000 -0.000000
vn -1.000000 -0.000000 -0.000000
vn -1.000000 -0.000000 -0.000000
vn -1.000000 -0.000000 -0.000000
vn -1.000000 -0.000000 -0.000000
vn 0.000000 1.000000 0.000000
vn 0.000000 1.000000 0.000000
vn 0.000000 1.000000 0.000000
vn 0.000000 1.000000 0.000000
vn 0.000000 0.000000 -1.000000
vn 0.000000 0.000000 -1.000000
vn 0.000000 0.000000 -1.000000
vn 0.000000 0.000000 -1.000000
vn 0.000000 0.000000 -1.000000
vn 0.000000 0.000000 -1.000000
vn 0.000000 0.000000 -1.000000
vn 0.000000 0.000000 -1.000000
vn 0.000000 0.000000 -1.000000
vn 0.000000 0.000000 -1.000000
vn 0.000000 0.000000 -1.000000
vn 0.000000 0.000000 -1.000000
vn -0.000000 1.000000 0.000000
vn -0.000000 1.000000 0.000000
vn -0.000000 1.000000 0.000000
vn -0.000000 1.000000 0.000000
vn -1.000000 -0.000000 -0.000000
vn -1.000000 -0.000000 -0.000000
vn -1.000000 -0.000000 -0.000000
vn -1.000000 -0.000000 -0.000000
vn -1.000000 -0.000000 -0.000000
vn -1.000000 -0.000000 -0.000000
vn -1.000000 -0.000000 -0.000000
vn -1.000000 -0.000000 -0.000000
vn 0.000000 0.000000 -1.000000
vn 0.000000 0.000000 -1.000000
vn 0.000000 0.000000 -1.000000
vn 0.000000 0.000000 -1.000000
vn 1.000000 0.000000 0.000000
vn 1.000000 0.000000 0.000000
vn 1.000000 0.000000 0.000000
vn 1.000000 0.000000 0.000000
vn 1.000000 0.000000 0.000000
vn 0.000000 -1.000000 0.000000
vn 0.000000 -1.000000 0.000000
vn 0.000000 -1.000000 0.000000
vn 0.000000 -1.000000 0.000000
vn 0.000000 -1.000000 0.000000
vn 0.000000 -1.000000 0.000000
vn 0.000000 -1.000000 0.000000
vn 0.000000 -1.000000 0.000000
vn 0.000000 -1.000000 0.000000
vn 0.000000 -1.000000 0.000000
vn 0.000000 -1.000000 0.000000
vn 0.000000 -1.000000 0.000000
vn 1.000000 0.000000 0.000000
vn 1.000000 0.000000 0.000000
vn 1.000000 0.000000 0.000000
vn 1.000000 0.000000 0.000000
vn -0.000000 1.000000 0.000000
vn -0.000000 1.000000 0.000000
vn -0.000000 1.000000 0.000000
vn -0.000000 1.000000 0.000000
vn 0.000000 0.000000 -1.000000
vn 0.000000 0.000000 -1.000000
vn 0.000000 0.000000 -1.000000
vn 0.000000 0.000000 -1.000000
vn -1.000000 0.000000 -0.000000
vn -1.000000 0.000000 -0.000000
vn -1.000000 0.000000 -0.000000
vn -1.000000 0.000000 -0.000000
vn -1.000000 0.000000 -0.000000
vn -1.000000 0.000000 -0.000000
vn -1.000000 0.000000 -0.000000
vn -1.000000 0.000000 -0.000000
vn -1.000000 0.000000 -0.000000
vn 0.000000 0.000000 -1.000000
vn 0.000000 0.000000 -1.000000
vn 0.000000 0.000000 -1.000000
vn 0.000000 0.000000 -1.000000
vn 1.000000 0.000000 0.000000
vn 1.000000 0.000000 0.000000
vn 1.000000 0.000000 0.000000
vn 1.000000 0.000000 0.000000
vn 1.000000 0.000000 0.000000
vn 1.000000 0.000000 0.000000
vn 1.000000 0.000000 0.000000
vn 1.000000 0.000000 0.000000
vn -0.000000 -0.000000 1.000000
vn -0.000000 -0.000000 1.000000
vn -0.000000 -0.000000 1.000000
vn -0.000000 -0.000000 1.000000
vn -0.000000 -0.000000 1.000000
vn -0.000000 -0.000000 1.000000
vn -0.000000 -0.000000 1.000000
vn -0.000000 -0.000000 1.000000
vn -0.000000 -0.000000 1.000000
vn -0.000000 -0.000000 1.000000
vn -0.000000 -0.000000 1.000000
vn -0.000000 -0.000000 1.000000
vn -0.000000 -0.000000 1.000000
vn -0.000000 -0.000000 1.000000
vn -0.000000 -0.000000 1.000000
vn -0.000000 -0.000000 1.000000
vn 0.000000 -1.000000 0.000000
vn 0.000000 -1.000000 0.000000
vn 0.000000 -1.000000 0.000000
vn 0.000000 -1.000000 0.000000
vn 0.000000 -0.707107 -0.707107
vn 0.000000 -0.707107 -0.707107
vn 0.000000 -0.707107 -0.707107
vn 0.000000 -0.707107 -0.707107
vn 0.000000 0.000000 -1.000000
vn 0.000000 0.000000 -1.000000
vn 0.000000 0.000000 -1.000000
vn 0.000000 0.000000 -1.000000
vn -0.000000 1.000000 0.000000
vn -0.000000 1.000000 0.000000
vn -0.000000 1.000000 0.000000
vn -0.000000 1.000000 0.000000
vn -0.000000 1.000000 0.000000
vn -0.000000 1.000000 0.000000
vn -0.000000 1.000000 0.000000
vn -0.000000 1.000000 0.000000
vn -1.000000 0.000000 0.000000
vn -1.000000 0.000000 0.000000
vn -1.000000 0.000000 0.000000
vn -1.000000 0.000000 0.000000
vn 0.000000 1.000000 0.000000
vn 0.000000 1.000000 0.000000
vn 0.000000 1.000000 0.000000
vn 0.000000 1.000000 0.000000
vn 0.000000 1.000000 0.000000
vn 1.000000 0.000000 -0.000000
vn 1.000000 0.000000 -0.000000
vn 1.000000 0.000000 -0.000000
vn 1.000000 0.000000 -0.000000
vn 0.000000 0.000000 1.000000
vn 0.000000 0.000000 1.000000
vn 0.000000 0.000000 1.000000
vn 0.000000 0.000000 1.000000
vn -0.000000 -1.000000 0.000000
vn -0.000000 -1.000000 0.000000
vn -0.000000 -1.000000 0.000000
vn -0.000000 -1.000000 0.000000
vn -0.000000 -1.000000 0.000000
vn 0.000000 -0.000000 1.000000
vn 0.000000 -0.000000 1.000000
vn 0.000000 -0.000000 1.000000
vn 0.000000 -0.000000 1.000000
vn 0.000000 -0.000000 1.000000
vn 0.000000 -0.000000 1.000000
vn 0.000000 -0.000000 1.000000
vn 0.000000 -0.000000 1.000000
vn 0.000000 -0.000000 1.000000
vn 0.000000 -0.000000 1.000000
vn 0.000000 -0.000000 1.000000
vn 0.000000 -0.000000 1.000000
vn 1.000000 -0.000000 -0.000000
vn 1.000000 -0.000000 -0.000000
vn 1.000000 -0.000000 -0.000000
vn 1.000000 -0.000000 -0.000000
vn -0.000000 0.000000 -1.000000
vn -0.000000 0.000000 -1.000000
vn -0.000000 0.000000 -1.000000
vn -0.000000 0.000000 -1.000000
vn -0.000000 -1.000000 0.000000
vn -0.000000 -1.000000 0.000000
vn -0.000000 -1.000000 0.000000
vn -0.000000 -1.000000 0.000000
vn -0.000000 -1.000000 0.000000
vn -1.000000 0.000000 0.000000
vn -1.000000 0.000000 0.000000
vn -1.000000 0.000000 0.000000
vn -1.000000 0.000000 0.000000
vn 0.000000 1.000000 0.000000
vn 0.000000 1.000000 0.000000
vn 0.000000 1.000000 0.000000
vn 0.000000 1.000000 0.000000
vn 0.000000 1.000000 0.000000
vn 1.000000 0.000000 -0.000000
vn 1.000000 0.000000 -0.000000
vn 1.000000 0.000000 -0.000000
vn 1.000000 0.000000 -0.000000
vn -0.000000 -0.000000 -1.000000
vn -0.000000 -0.000000 -1.000000
vn -0.000000 -0.000000 -1.000000
vn -0.000000 -0.000000 -1.000000
vn -0.000000 -0.000000 -1.000000
vn -0.000000 -0.000000 -1.000000
vn -0.000000 -0.000000 -1.000000
vn -0.000000 -0.000000 -1.000000
vn -0.000000 -0.000000 -1.000000
vn -0.000000 -0.000000 -1.000000
vn -0.000000 -0.000000 -1.000000
vn -0.000000 -0.000000 -1.000000
vn -1.000000 0.000000 0.000000
vn -1.000000 0.000000 0.000000
vn -1.000000 0.000000 0.000000
vn -1.000000 0.000000 0.000000
vn -0.000000 1.000000 0.000000
vn -0.000000 1.000000 0.000000
vn -0.000000 1.000000 0.000000
vn -0.000000 1.000000 0.000000
vn -1.000000 0.000000 0.000000
vn -1.000000 0.000000 0.000000
vn -1.000000 0.000000 0.000000
vn -1.000000 0.000000 0.000000
vn 0.000000 -1.000000 0.000000
vn 0.000000 -1.000000 0.000000
vn 0.000000 -1.000000 0.000000
vn 0.000000 -1.000000 0.000000
vn -1.000000 0.000000 0.000000
vn -1.000000 0.000000 0.000000
vn -1.000000 0.000000 0.000000
vn -1.000000 0.000000 0.000000
vn 0.000000 -1.000000 0.000000
vn 0.000000 -1.000000 0.000000
vn 0.000000 -1.000000 0.000000
vn 0.000000 -1.000000 0.000000
vn 1.000000 0.000000 -0.000000
vn 1.000000 0.000000 -0.000000
vn 1.000000 0.000000 -0.000000
vn 1.000000 0.000000 -0.000000
vn 0.000000 -1.000000 0.000000
vn 0.000000 -1.000000 0.000000
vn 0.000000 -1.000000 0.000000
vn 0.000000 -1.000000 0.000000
vn 1.000000 -0.000000 -0.000000
vn 1.000000 -0.000000 -0.000000
vn 1.000000 -0.000000 -0.000000
vn 1.000000 -0.000000 -0.000000
vn -0.000000 1.000000 0.000000
vn -0.000000 1.000000 0.000000
vn -0.000000 1.000000 0.000000
vn -0.000000 1.000000 0.000000
vn 0.000000 0.000000 1.000000
vn 0.000000 0.000000 1.000000
vn 0.000000 0.000000 1.000000
vn 0.000000 0.000000 1.000000
vn 0.000000 0.000000 1.000000
vn 0.000000 0.000000 1.000000
vn 0.000000 0.000000 1.000000
vn 0.000000 0.000000 1.000000
vn 0.000000 0.000000 1.000000
vn 0.000000 0.000000 1.000000
vn 0.000000 0.000000 1.000000
vn 0.000000 0.000000 1.000000
vn 0.000000 1.000000 -0.000000
vn 0.000000 1.000000 -0.000000
vn 0.000000 1.000000 -0.000000
vn 0.000000 1.000000 -0.000000
vn 1.000000 -0.000000 -0.000000
vn 1.000000 -0.000000 -0.000000
vn 1.000000 -0.000000 -0.000000
vn 1.000000 -0.000000 -0.000000
vn 1.000000 -0.000000 -0.000000
vn 1.000000 -0.000000 -0.000000
vn 1.000000 -0.000000 -0.000000
vn 1.000000 -0.000000 -0.000000
vn 0.000000 0.000000 1.000000
vn 0.000000 0.000000 1.000000
vn 0.000000 0.000000 1.000000
vn 0.000000 0.000000 1.000000
vn -1.000000 0.000000 0.000000
vn -1.000000 0.000000 0.000000
vn -1.000000 0.000000 0.000000
vn -1.000000 0.000000 0.000000
vn -1.000000 0.000000 0.000000
vn 0.000000 -1.000000 0.000000
vn 0.000000 -1.000000 0.000000
vn 0.000000 -1.000000 0.000000
vn 0.000000 -1.000000 0.000000
vn 0.000000 -1.000000 0.000000
vn 0.000000 -1.000000 0.000000
vn 0.000000 -1.000000 0.000000
vn 0.000000 -1.000000 0.000000
vn 0.000000 -1.000000 0.000000
vn 0.000000 -1.000000 0.000000
vn 0.000000 -1.000000 0.000000
vn 0.000000 -1.000000 0.000000
vn -1.000000 0.000000 0.000000
vn -1.000000 0.000000 0.000000
vn -1.000000 0.000000 0.000000
vn -1.000000 0.000000 0.000000
vn 0.000000 1.000000 -0.000000
vn 0.000000 1.000000 -0.000000
vn 0.000000 1.000000 -0.000000
vn 0.000000 1.000000 -0.000000
vn 0.000000 0.000000 1.000000
vn 0.000000 0.000000 1.000000
vn 0.000000 0.000000 1.000000
vn 0.000000 0.000000 1.000000
vn 1.000000 0.000000 -0.000000
vn 1.000000 0.000000 -0.000000
vn 1.000000 0.000000 -0.000000
vn 1.000000 0.000000 -0.000000
vn 1.000000 0.000000 -0.000000
vn 1.000000 0.000000 -0.000000
vn 1.000000 0.000000 -0.000000
vn 1.000000 0.000000 -0.000000
vn 1.000000 0.000000 -0.000000
vn 0.000000 0.000000 1.000000
vn 0.000000 0.000000 1.000000
vn 0.000000 0.000000 1.000000
vn 0.000000 0.000000 1.000000
vn -1.000000 0.000000 0.000000
vn -1.000000 0.000000 0.000000
vn -1.000000 0.000000 0.000000
vn -1.000000 0.000000 0.000000
vn -1.000000 0.000000 0.000000
vn -1.000000 0.000000 0.000000
vn -1.000000 0.000000 0.000000
vn -1.000000 0.000000 0.000000
vn -0.000000 -0.000000 -1.000000
vn -0.000000 -0.000000 -1.000000
vn -0.000000 -0.000000 -1.000000
vn -0.000000 -0.000000 -1.000000
vn -0.000000 -0.000000 -1.000000
vn -0.000000 -0.000000 -1.000000
vn -0.000000 -0.000000 -1.000000
vn -0.000000 -0.000000 -1.000000
vn -0.000000 -0.000000 -1.000000
vn -0.000000 -0.000000 -1.000000
vn -0.000000 -0.000000 -1.000000
vn -0.000000 -0.000000 -1.000000
vn -0.000000 -0.000000 -1.000000
vn -0.000000 -0.000000 -1.000000
vn -0.000000 -0.000000 -1.000000
vn -0.000000 -0.000000 -1.000000
vn 0.000000 -1.000000 0.000000
vn 0.000000 -1.000000 0.000000
vn 0.000000 -1.000000 0.000000
vn 0.000000 -1.000000 0.000000
vn 0.000000 -0.707107 0.707107
vn 0.000000 -0.707107 0.707107
vn 0.000000 -0.707107 0.707107
vn 0.000000 -0.707107 0.707107
vn 0.000000 0.000000 1.000000
vn 0.000000 0.000000 1.000000
vn 0.000000 0.000000 1.000000
vn 0.000000 0.000000 1.000000
vn 0.000000 1.000000 -0.000000
vn 0.000000 1.000000 -0.000000
vn 0.000000 1.000000 -0.000000
vn 0.000000 1.000000 -0.000000
vn 0.000000 1.000000 -0.000000
vn 0.000000 1.000000 -0.000000
vn 0.000000 1.000000 -0.000000
vn 0.000000 1.000000 -0.000000
vn 0.000000 -1.000000 0.000000
vn 0.000000 -1.000000 0.000000
vn 0.000000 -1.000000 0.000000
vn 0.000000 -1.000000 0.000000
vn 0.000000 -1.000000 0.000000
vn 0.000000 -1.000000 0.000000
vn 0.000000 -1.000000 0.000000
vn 0.000000 -1.000000 0.000000
vn 0.000000 -1.000000 0.000000
vn 0.000000 -1.000000 0.000000
vn 0.000000 -1.000000 0.000000
vn 0.000000 -1.000000 0.000000
vn 1.000000 0.000000 0.000000
vn 1.000000 0.000000 0.000000
vn 1.000000 0.000000 0.000000
vn 1.000000 0.000000 0.000000
vn 0.000000 1.000000 0.000000
vn 0.000000 1.000000 0.000000
vn 0.000000 1.000000 0.000000
vn 0.000000 1.000000 0.000000
vn 0.000000 1.000000 0.000000
vn 0.000000 1.000000 0.000000
vn 0.000000 1.000000 0.000000
vn 0.000000 1.000000 0.000000
vn 0.000000 1.000000 0.000000
vn 0.000000 1.000000 0.000000
vn 0.000000 1.000000 0.000000
vn 0.000000 1.000000 0.000000
vn 0.982339 0.187112 0.000000
vn 0.982339 0.187112 0.000000
vn 0.982339 0.187112 0.000000
vn 0.982339 0.187112 0.000000
vn 0.000000 1.000000 0.000000
vn 0.000000 1.000000 0.000000
vn 0.000000 1.000000 0.000000
vn 0.000000 1.000000 0.000000
vn 0.000000 1.000000 0.000000
vn 0.000000 1.000000 0.000000
vn 0.000000 1.000000 0.000000
vn 0.000000 1.000000 0.000000
vn 0.000000 1.000000 0.000000
vn 0.000000 1.000000 0.000000
vn 0.000000 1.000000 0.000000
vn 0.000000 1.000000 0.000000
vn 1.000000 0.000000 0.000000
vn 1.000000 0.000000 0.000000
vn 1.000000 0.000000 0.000000
vn 1.000000 0.000000 0.000000
vn 0.000000 -1.000000 0.000000
vn 0.000000 -1.000000 0.000000
vn 0.000000 -1.000000 0.000000
vn 0.000000 -1.000000 0.000000
vn 0.000000 -1.000000 0.000000
vn 0.000000 -1.000000 0.000000
vn 0.000000 -1.000000 0.000000
vn 0.000000 -1.000000 0.000000
vn 0.000000 -1.000000 0.000000
vn 0.000000 -1.000000 0.000000
vn 0.000000 -1.000000 0.000000
vn 0.000000 -1.000000 0.000000
vn -1.000000 0.000000 0.000000
vn -1.000000 0.000000 0.000000
vn -1.000000 0.000000 0.000000
vn -1.000000 0.000000 0.000000
vn 0.000000 1.000000 0.000000
vn 0.000000 1.000000 0.000000
vn 0.000000 1.000000 0.000000
vn 0.000000 1.000000 0.000000
vn 0.000000 1.000000 0.000000
vn 0.000000 1.000000 0.000000
vn 0.000000 1.000000 0.000000
vn 0.000000 1.000000 0.000000
vn 0.000000 1.000000 0.000000
vn 0.000000 1.000000 0.000000
vn 0.000000 1.000000 0.000000
vn 0.000000 1.000000 0.000000
vn 0.000000 0.000000 -1.000000
vn 0.000000 0.000000 -1.000000
vn 0.000000 0.000000 -1.000000
vn 0.000000 0.000000 -1.000000
vn 0.000000 0.000000 -1.000000
vn 0.000000 0.000000 -1.000000
vn 1.000000 0.000000 0.000000
vn 1.000000 0.000000 0.000000
vn 1.000000 0.000000 0.000000
vn 1.000000 0.000000 0.000000
vn 0.000000 0.000000 1.000000
vn 0.000000 0.000000 1.000000
vn 0.000000 0.000000 1.000000
vn 0.000000 0.000000 1.000000
vn 0.000000 0.000000 1.000000
vn 0.000000 0.000000 1.000000
vn 0.000000 0.000000 -1.000000
vn 0.000000 0.000000 -1.000000
vn 0.000000 0.000000 -1.000000
vn 0.000000 0.000000 -1.000000
vn 0.000000 0.000000 -1.000000
vn 0.000000 0.000000 -1.000000
vn -1.000000 0.000000 0.000000
vn -1.000000 0.000000 0.000000
vn -1.000000 0.000000 0.000000
vn -1.000000 0.000000 0.000000
vn 0.000000 0.000000 1.000000
vn 0.000000 0.000000 1.000000
vn 0.000000 0.000000 1.000000
vn 0.000000 0.000000 1.000000
vn 0.000000 0.000000 1.000000
vn 0.000000 0.000000 1.000000
vn 0.000000 0.187112 0.982339
vn 0.000000 0.187112 0.982339
vn 0.000000 0.187112 0.982339
vn 0.000000 0.187112 0.982339
vn 0.000000 0.187112 0.982339
vn 0.000000 0.187112 0.982339
vn -0.982339 0.187112 0.000000
vn -0.982339 0.187112 0.000000
vn -0.982339 0.187112 0.000000
vn -0.982339 0.187112 0.000000
vn 0.000000 0.187112 -0.982339
vn 0.000000 0.187112 -0.982339
vn 0.000000 0.187112 -0.982339
vn 0.000000 0.187112 -0.982339
vn 0.000000 0.187112 -0.982339
vn 0.000000 0.187112 -0.982339
vn 0.000000 0.000000 1.000000
vn 0.000000 0.000000 1.000000
vn 0.000000 0.000000 1.000000
vn 0.000000 0.000000 1.000000
vn 0.000000 0.000000 1.000000
vn 0.000000 0.000000 1.000000
vn -1.000000 0.000000 0.000000
vn -1.000000 0.000000 0.000000
vn -1.000000 0.000000 0.000000
vn -1.000000 0.000000 0.000000
vn 0.000000 0.000000 -1.000000
vn 0.000000 0.000000 -1.000000
vn 0.000000 0.000000 -1.000000
vn 0.000000 0.000000 -1.000000
vn 0.000000 0.000000 -1.000000
vn 0.000000 0.000000 -1.000000
vn 0.000000 0.000000 -1.000000
vn 0.000000 0.000000 -1.000000
vn 0.000000 0.000000 -1.000000
vn 0.000000 0.000000 -1.000000
vn 0.000000 0.000000 -1.000000
vn 0.000000 0.000000 -1.000000
vn 0.000000 0.000000 1.000000
vn 0.000000 0.000000 1.000000
vn 0.000000 0.000000 1.000000
vn 0.000000 0.000000 1.000000
vn 0.000000 0.000000 1.000000
vn 0.000000 0.000000 1.000000
vn -1.000000 0.000000 0.000000
vn -1.000000 0.000000 0.000000
vn -1.000000 0.000000 0.000000
vn -1.000000 0.000000 0.000000
vn 1.000000 0.000000 0.000000
vn 1.000000 0.000000 0.000000
vn 1.000000 0.000000 0.000000
vn 1.000000 0.000000 0.000000
usemtl Stone_Brit_Gray
f 3/3/3 4/4/4 5/5/5
f 2/2/2 3/3/3 6/6/6
f 6/6/6 1/1/1 2/2/2
f 3/3/3 5/5/5 6/6/6
f 11/11/11 10/10/10 9/9/9
f 12/12/12 9/9/9 8/8/8
f 8/8/8 7/7/7 12/12/12
f 12/12/12 11/11/11 9/9/9
f 13/17/17 7/16/16 8/15/15
f 14/18/18 8/15/15 2/14/14
f 2/14/14 1/13/13 14/18/18
f 14/18/18 13/17/17 8/15/15
f 3/19/19 2/20/20 9/22/22
f 2/20/20 8/21/21 9/22/22
f 16/28/28 4/23/23 3/24/24
f 3/24/24 9/25/25 15/27/27
f 9/25/25 10/26/26 15/27/27
f 15/27/27 16/28/28 3/24/24
f 44/123/118 1/121/116 6/120/30
f 44/123/118 43/122/117 1/121/116
f 61/210/196 5/208/29 4/207/194
f 61/210/196 60/209/195 5/208/29
usemtl Stone_Brit_Gray_Light
f 18/32/32 17/31/31 6/30/30
f 18/32/32 6/30/30 5/29/29
f 19/33/33 21/37/37 20/36/36
f 20/36/36 18/35/35 19/33/33
f 18/35/35 5/34/34 19/33/33
f 23/41/41 20/40/40 21/39/39
f 25/183/175 21/184/39 55/185/176
f 25/183/175 55/185/176 50/186/177
f 23/41/41 21/39/39 22/38/38
f 18/42/42 20/43/43 17/45/45
f 20/43/43 23/44/44 17/45/45
usemtl Stone_Brit_Gray
f 32/72/71 33/71/70 22/70/47
f 26/73/72 32/72/71 22/70/47
usemtl Stone_Brit_Gray_Light
f 23/48/48 22/47/47 24/46/46
f 24/46/46 6/50/50 17/49/49
f 17/49/49 23/48/48 24/46/46
usemtl Stone_Brit_Gray
f 21/52/52 25/51/51 27/55/55
f 27/55/55 26/54/54 21/52/52
f 26/54/54 22/53/53 21/52/52
f 27/58/58 25/57/57 28/56/56
f 28/56/56 30/60/60 29/59/59
f 29/59/59 27/58/58 28/56/56
usemtl Stone_Brit_Gray_Light
f 57/193/182 30/192/60 11/191/181
f 58/194/183 57/193/182 11/191/181
usemtl Stone_Brit_Gray
f 31/61/61 33/65/65 32/64/64
f 32/64/64 29/63/63 31/61/61
f 29/63/63 30/62/62 31/61/61
usemtl Stone_Brit_Gray_Light
f 36/82/80 33/80/65 13/79/78
f 36/82/80 35/81/79 33/80/65
usemtl Stone_Brit_Gray
f 27/66/66 29/67/67 26/69/69
f 29/67/67 32/68/68 26/69/69
f 44/126/120 6/125/119 24/124/75
f 45/127/121 44/126/120 24/124/75
usemtl Stone_Brit_Gray_Light
f 34/77/76 24/76/75 22/75/74
f 22/75/74 33/74/73 35/78/77
f 35/78/77 34/77/76 22/75/74
usemtl Stone_Brit_Gray
f 42/118/114 14/117/81 1/116/113
f 43/119/115 42/118/114 1/116/113
f 38/97/94 7/96/93 13/95/82
f 39/98/95 38/97/94 13/95/82
usemtl Stone_Brit_Gray_Light
f 37/86/84 36/85/83 14/83/81
f 36/85/83 13/84/82 14/83/81
f 34/87/85 35/88/86 37/90/88
f 35/88/86 36/89/87 37/90/88
f 34/94/92 37/93/91 14/92/90
f 34/94/92 14/92/90 24/91/89
usemtl Stone_Brit_Gray
f 33/100/97 31/99/96 40/103/100
f 40/103/100 39/102/99 33/100/97
f 39/102/99 13/101/98 33/100/97
usemtl Stone_Brit_Gray_Light
f 57/190/180 31/188/96 30/187/178
f 57/190/180 56/189/179 31/188/96
usemtl Stone_Brit_Gray
f 41/107/104 40/106/103 12/104/101
f 40/106/103 31/105/102 12/104/101
f 40/108/105 41/109/106 39/111/108
f 41/109/106 38/110/107 39/111/108
f 38/115/112 41/114/111 12/113/110
f 46/138/132 10/137/131 11/136/130
f 47/139/133 46/138/132 11/136/130
f 38/115/112 12/113/110 7/112/109
usemtl Stone_Brit_Gray_Light
f 59/198/185 11/196/130 12/195/110
f 59/198/185 58/197/184 11/196/130
usemtl Stone_Brit_Gray
f 44/128/122 45/129/123 43/131/125
f 45/129/123 42/130/124 43/131/125
f 42/135/129 45/134/128 24/133/127
f 42/135/129 24/133/127 14/132/126
f 47/143/137 11/142/136 30/141/135
f 30/141/135 28/140/134 48/144/138
f 48/144/138 47/143/137 30/141/135
usemtl Stone_Brit_Gray_Light
f 28/157/134 25/158/151 51/160/153
f 25/158/151 50/159/152 51/160/153
usemtl Stone_Brit_Gray
f 49/148/142 48/147/141 28/146/140
f 49/148/142 28/146/140 15/145/139
f 49/149/143 46/150/144 48/152/146
f 46/150/144 47/151/145 48/152/146
f 46/156/150 49/155/149 10/153/147
f 49/155/149 15/154/148 10/153/147
f 61/213/198 4/212/197 16/211/158
f 62/214/199 61/213/198 16/211/158
usemtl Stone_Brit_Gray_Light
f 16/165/158 15/166/148 52/167/159
f 16/165/158 52/167/159 53/168/160
f 15/161/154 28/162/155 52/164/157
f 28/162/155 51/163/156 52/164/157
f 19/169/161 16/170/162 54/172/164
f 16/170/162 53/171/163 54/172/164
usemtl Stone_Brit_Gray
f 63/225/209 19/224/166 5/223/208
f 60/226/210 63/225/209 5/223/208
usemtl Stone_Brit_Gray_Light
f 21/173/165 19/174/166 54/175/167
f 21/173/165 54/175/167 55/176/168
f 50/177/169 55/182/174 54/181/173
f 53/180/172 52/179/171 50/177/169
f 50/177/169 54/181/173 53/180/172
f 52/179/171 51/178/170 50/177/169
f 57/199/186 58/200/187 56/202/189
f 58/200/187 59/201/188 56/202/189
f 56/206/193 59/205/192 31/203/190
f 59/205/192 12/204/191 31/203/190
usemtl Stone_Brit_Gray
f 63/218/203 62/217/202 19/215/200
f 62/217/202 16/216/201 19/215/200
f 61/219/204 62/220/205 60/222/207
f 62/220/205 63/221/206 60/222/207
f 66/229/213 67/230/214 68/231/215
f 65/228/212 66/229/213 69/232/216
f 69/232/216 64/227/211 65/228/212
f 66/229/213 68/231/215 69/232/216
f 74/237/221 73/236/220 72/235/219
f 75/238/222 72/235/219 71/234/218
f 71/234/218 70/233/217 75/238/222
f 75/238/222 74/237/221 72/235/219
f 76/243/227 70/242/226 71/241/225
f 77/244/228 71/241/225 65/240/224
f 65/240/224 64/239/223 77/244/228
f 77/244/228 76/243/227 71/241/225
f 66/245/229 65/246/230 72/248/232
f 65/246/230 71/247/231 72/248/232
f 79/254/238 67/249/233 66/250/234
f 66/250/234 72/251/235 78/253/237
f 72/251/235 73/252/236 78/253/237
f 78/253/237 79/254/238 66/250/234
f 107/349/328 64/347/326 69/346/240
f 107/349/328 106/348/327 64/347/326
f 124/436/406 68/434/239 67/433/404
f 124/436/406 123/435/405 68/434/239
usemtl Stone_Brit_Gray_Light
f 81/258/242 80/257/241 69/256/240
f 81/258/242 69/256/240 68/255/239
f 82/259/243 84/263/247 83/262/246
f 83/262/246 81/261/245 82/259/243
f 81/261/245 68/260/244 82/259/243
f 86/267/251 83/266/250 84/265/249
f 88/409/385 84/410/249 118/411/386
f 88/409/385 118/411/386 113/412/387
f 86/267/251 84/265/249 85/264/248
f 81/268/252 83/269/253 80/271/255
f 83/269/253 86/270/254 80/271/255
usemtl Stone_Brit_Gray
f 95/298/281 96/297/280 85/296/257
f 89/299/282 95/298/281 85/296/257
usemtl Stone_Brit_Gray_Light
f 86/274/258 85/273/257 87/272/256
f 87/272/256 69/276/260 80/275/259
f 80/275/259 86/274/258 87/272/256
usemtl Stone_Brit_Gray
f 84/278/262 88/277/261 90/281/265
f 90/281/265 89/280/264 84/278/262
f 89/280/264 85/279/263 84/278/262
f 90/284/268 88/283/267 91/282/266
f 91/282/266 93/286/270 92/285/269
f 92/285/269 90/284/268 91/282/266
usemtl Stone_Brit_Gray_Light
f 120/419/392 93/418/270 74/417/391
f 121/420/393 120/419/392 74/417/391
usemtl Stone_Brit_Gray
f 94/287/271 96/291/275 95/290/274
f 95/290/274 92/289/273 94/287/271
f 92/289/273 93/288/272 94/287/271
usemtl Stone_Brit_Gray_Light
f 99/308/290 96/306/275 76/305/288
f 99/308/290 98/307/289 96/306/275
usemtl Stone_Brit_Gray
f 90/292/276 92/293/277 89/295/279
f 92/293/277 95/294/278 89/295/279
f 107/352/330 69/351/329 87/350/285
f 108/353/331 107/352/330 87/350/285
usemtl Stone_Brit_Gray_Light
f 97/303/286 87/302/285 85/301/284
f 85/301/284 96/300/283 98/304/287
f 98/304/287 97/303/286 85/301/284
usemtl Stone_Brit_Gray
f 105/344/324 77/343/291 64/342/323
f 106/345/325 105/344/324 64/342/323
f 101/323/304 70/322/303 76/321/292
f 102/324/305 101/323/304 76/321/292
usemtl Stone_Brit_Gray_Light
f 100/312/294 99/311/293 77/309/291
f 99/311/293 76/310/292 77/309/291
f 97/313/295 98/314/296 100/316/298
f 98/314/296 99/315/297 100/316/298
f 97/320/302 100/319/301 77/318/300
f 97/320/302 77/318/300 87/317/299
usemtl Stone_Brit_Gray
f 96/326/307 94/325/306 103/329/310
f 103/329/310 102/328/309 96/326/307
f 102/328/309 76/327/308 96/326/307
usemtl Stone_Brit_Gray_Light
f 120/416/390 94/414/306 93/413/388
f 120/416/390 119/415/389 94/414/306
usemtl Stone_Brit_Gray
f 104/333/314 103/332/313 75/330/311
f 103/332/313 94/331/312 75/330/311
f 103/334/315 104/335/316 102/337/318
f 104/335/316 101/336/317 102/337/318
f 101/341/322 104/340/321 75/339/320
f 109/364/342 73/363/341 74/362/340
f 110/365/343 109/364/342 74/362/340
f 101/341/322 75/339/320 70/338/319
usemtl Stone_Brit_Gray_Light
f 122/424/395 74/422/340 75/421/320
f 122/424/395 121/423/394 74/422/340
usemtl Stone_Brit_Gray
f 107/354/332 108/355/333 106/357/335
f 108/355/333 105/356/334 106/357/335
f 105/361/339 108/360/338 87/359/337
f 105/361/339 87/359/337 77/358/336
f 110/369/347 74/368/346 93/367/345
f 93/367/345 91/366/344 111/370/348
f 111/370/348 110/369/347 93/367/345
usemtl Stone_Brit_Gray_Light
f 91/383/344 88/384/361 114/386/363
f 88/384/361 113/385/362 114/386/363
usemtl Stone_Brit_Gray
f 112/374/352 111/373/351 91/372/350
f 112/374/352 91/372/350 78/371/349
f 112/375/353 109/376/354 111/378/356
f 109/376/354 110/377/355 111/378/356
f 109/382/360 112/381/359 73/379/357
f 112/381/359 78/380/358 73/379/357
f 124/439/408 67/438/407 79/437/368
f 125/440/409 124/439/408 79/437/368
usemtl Stone_Brit_Gray_Light
f 79/391/368 78/392/358 115/393/369
f 79/391/368 115/393/369 116/394/370
f 78/387/364 91/388/365 115/390/367
f 91/388/365 114/389/366 115/390/367
f 82/395/371 79/396/372 117/398/374
f 79/396/372 116/397/373 117/398/374
usemtl Stone_Brit_Gray
f 126/451/419 82/450/376 68/449/418
f 123/452/420 126/451/419 68/449/418
usemtl Stone_Brit_Gray_Light
f 84/399/375 82/400/376 117/401/377
f 84/399/375 117/401/377 118/402/378
f 113/403/379 118/408/384 117/407/383
f 116/406/382 115/405/381 113/403/379
f 113/403/379 117/407/383 116/406/382
f 115/405/381 114/404/380 113/403/379
f 120/425/396 121/426/397 119/428/399
f 121/426/397 122/427/398 119/428/399
f 119/432/403 122/431/402 94/429/400
f 122/431/402 75/430/401 94/429/400
usemtl Stone_Brit_Gray
f 126/444/413 125/443/412 82/441/410
f 125/443/412 79/442/411 82/441/410
f 124/445/414 125/446/415 123/448/417
f 125/446/415 126/447/416 123/448/417
f 129/455/423 130/456/424 131/457/425
f 128/454/422 129/455/423 132/458/426
f 132/458/426 127/453/421 128/454/422
f 129/455/423 131/457/425 132/458/426
f 137/463/431 136/462/430 135/461/429
f 138/464/432 135/461/429 134/460/428
f 134/460/428 133/459/427 138/464/432
f 138/464/432 137/463/431 135/461/429
f 139/469/437 133/468/436 134/467/435
f 140/470/438 134/467/435 128/466/434
f 128/466/434 127/465/433 140/470/438
f 140/470/438 139/469/437 134/467/435
f 129/471/439 128/472/440 135/474/442
f 128/472/440 134/473/441 135/474/442
f 142/480/448 130/475/443 129/476/444
f 129/476/444 135/477/445 141/479/447
f 135/477/445 136/478/446 141/479/447
f 141/479/447 142/480/448 129/476/444
f 170/575/538 127/573/536 132/572/450
f 170/575/538 169/574/537 127/573/536
f 187/662/616 131/660/449 130/659/614
f 187/662/616 186/661/615 131/660/449
usemtl Stone_Brit_Gray_Light
f 144/484/452 143/483/451 132/482/450
f 144/484/452 132/482/450 131/481/449
f 145/485/453 147/489/457 146/488/456
f 146/488/456 144/487/455 145/485/453
f 144/487/455 131/486/454 145/485/453
f 149/493/461 146/492/460 147/491/459
f 151/635/595 147/636/459 181/637/596
f 151/635/595 181/637/596 176/638/597
f 149/493/461 147/491/459 148/490/458
f 144/494/462 146/495/463 143/497/465
f 146/495/463 149/496/464 143/497/465
usemtl Stone_Brit_Gray
f 158/524/491 159/523/490 148/522/467
f 152/525/492 158/524/491 148/522/467
usemtl Stone_Brit_Gray_Light
f 149/500/468 148/499/467 150/498/466
f 150/498/466 132/502/470 143/501/469
f 143/501/469 149/500/468 150/498/466
usemtl Stone_Brit_Gray
f 147/504/472 151/503/471 153/507/475
f 153/507/475 152/506/474 147/504/472
f 152/506/474 148/505/473 147/504/472
f 153/510/478 151/509/477 154/508/476
f 154/508/476 156/512/480 155/511/479
f 155/511/479 153/510/478 154/508/476
usemtl Stone_Brit_Gray_Light
f 183/645/602 156/644/480 137/643/601
f 184/646/603 183/645/602 137/643/601
usemtl Stone_Brit_Gray
f 157/513/481 159/517/485 158/516/484
f 158/516/484 155/515/483 157/513/481
f 155/515/483 156/514/482 157/513/481
usemtl Stone_Brit_Gray_Light
f 162/534/500 159/532/485 139/531/498
f 162/534/500 161/533/499 159/532/485
usemtl Stone_Brit_Gray
f 153/518/486 155/519/487 152/521/489
f 155/519/487 158/520/488 152/521/489
f 170/578/540 132/577/539 150/576/495
f 171/579/541 170/578/540 150/576/495
usemtl Stone_Brit_Gray_Light
f 160/529/496 150/528/495 148/527/494
f 148/527/494 159/526/493 161/530/497
f 161/530/497 160/529/496 148/527/494
usemtl Stone_Brit_Gray
f 168/570/534 140/569/501 127/568/533
f 169/571/535 168/570/534 127/568/533
f 164/549/514 133/548/513 139/547/502
f 165/550/515 164/549/514 139/547/502
usemtl Stone_Brit_Gray_Light
f 163/538/504 162/537/503 140/535/501
f 162/537/503 139/536/502 140/535/501
f 160/539/505 161/540/506 163/542/508
f 161/540/506 162/541/507 163/542/508
f 160/546/512 163/545/511 140/544/510
f 160/546/512 140/544/510 150/543/509
usemtl Stone_Brit_Gray
f 159/552/517 157/551/516 166/555/520
f 166/555/520 165/554/519 159/552/517
f 165/554/519 139/553/518 159/552/517
usemtl Stone_Brit_Gray_Light
f 183/642/600 157/640/516 156/639/598
f 183/642/600 182/641/599 157/640/516
usemtl Stone_Brit_Gray
f 167/559/524 166/558/523 138/556/521
f 166/558/523 157/557/522 138/556/521
f 166/560/525 167/561/526 165/563/528
f 167/561/526 164/562/527 165/563/528
f 164/567/532 167/566/531 138/565/530
f 172/590/552 136/589/551 137/588/550
f 173/591/553 172/590/552 137/588/550
f 164/567/532 138/565/530 133/564/529
usemtl Stone_Brit_Gray_Light
f 185/650/605 137/648/550 138/647/530
f 185/650/605 184/649/604 137/648/550
usemtl Stone_Brit_Gray
f 170/580/542 171/581/543 169/583/545
f 171/581/543 168/582/544 169/583/545
f 168/587/549 171/586/548 150/585/547
f 168/587/549 150/585/547 140/584/546
f 173/595/557 137/594/556 156/593/555
f 156/593/555 154/592/554 174/596/558
f 174/596/558 173/595/557 156/593/555
usemtl Stone_Brit_Gray_Light
f 154/609/554 151/610/571 177/612/573
f 151/610/571 176/611/572 177/612/573
usemtl Stone_Brit_Gray
f 175/600/562 174/599/561 154/598/560
f 175/600/562 154/598/560 141/597/559
f 175/601/563 172/602/564 174/604/566
f 172/602/564 173/603/565 174/604/566
f 172/608/570 175/607/569 136/605/567
f 175/607/569 141/606/568 136/605/567
f 187/665/618 130/664/617 142/663/578
f 188/666/619 187/665/618 142/663/578
usemtl Stone_Brit_Gray_Light
f 142/617/578 141/618/568 178/619/579
f 142/617/578 178/619/579 179/620/580
f 141/613/574 154/614/575 178/616/577
f 154/614/575 177/615/576 178/616/577
f 145/621/581 142/622/582 180/624/584
f 142/622/582 179/623/583 180/624/584
usemtl Stone_Brit_Gray
f 189/677/629 145/676/586 131/675/628
f 186/678/630 189/677/629 131/675/628
usemtl Stone_Brit_Gray_Light
f 147/625/585 145/626/586 180/627/587
f 147/625/585 180/627/587 181/628/588
f 176/629/589 181/634/594 180/633/593
f 179/632/592 178/631/591 176/629/589
f 176/629/589 180/633/593 179/632/592
f 178/631/591 177/630/590 176/629/589
f 183/651/606 184/652/607 182/654/609
f 184/652/607 185/653/608 182/654/609
f 182/658/613 185/657/612 157/655/610
f 185/657/612 138/656/611 157/655/610
usemtl Stone_Brit_Gray
f 189/670/623 188/669/622 145/667/620
f 188/669/622 142/668/621 145/667/620
f 187/671/624 188/672/625 186/674/627
f 188/672/625 189/673/626 186/674/627
f 192/681/633 193/682/634 194/683/635
f 191/680/632 192/681/633 195/684/636
f 195/684/636 190/679/631 191/680/632
f 192/681/633 194/683/635 195/684/636
f 200/689/641 199/688/640 198/687/639
f 201/690/642 198/687/639 197/686/638
f 197/686/638 196/685/637 201/690/642
f 201/690/642 200/689/641 198/687/639
f 202/695/647 196/694/646 197/693/645
f 203/696/648 197/693/645 191/692/644
f 191/692/644 190/691/643 203/696/648
f 203/696/648 202/695/647 197/693/645
f 192/697/649 191/698/650 198/700/652
f 191/698/650 197/699/651 198/700/652
f 205/706/658 193/701/653 192/702/654
f 192/702/654 198/703/655 204/705/657
f 198/703/655 199/704/656 204/705/657
f 204/705/657 205/706/658 192/702/654
f 233/801/748 190/799/746 195/798/660
f 233/801/748 232/800/747 190/799/746
f 250/888/826 194/886/659 193/885/824
f 250/888/826 249/887/825 194/886/659
usemtl Stone_Brit_Gray_Light
f 207/710/662 206/709/661 195/708/660
f 207/710/662 195/708/660 194/707/659
f 208/711/663 210/715/667 209/714/666
f 209/714/666 207/713/665 208/711/663
f 207/713/665 194/712/664 208/711/663
f 212/719/671 209/718/670 210/717/669
f 214/861/805 210/862/669 244/863/806
f 214/861/805 244/863/806 239/864/807
f 212/719/671 210/717/669 211/716/668
f 207/720/672 209/721/673 206/723/675
f 209/721/673 212/722/674 206/723/675
usemtl Stone_Brit_Gray
f 221/750/701 222/749/700 211/748/677
f 215/751/702 221/750/701 211/748/677
usemtl Stone_Brit_Gray_Light
f 212/726/678 211/725/677 213/724/676
f 213/724/676 195/728/680 206/727/679
f 206/727/679 212/726/678 213/724/676
usemtl Stone_Brit_Gray
f 210/730/682 214/729/681 216/733/685
f 216/733/685 215/732/684 210/730/682
f 215/732/684 211/731/683 210/730/682
f 216/736/688 214/735/687 217/734/686
f 217/734/686 219/738/690 218/737/689
f 218/737/689 216/736/688 217/734/686
usemtl Stone_Brit_Gray_Light
f 246/871/812 219/870/690 200/869/811
f 247/872/813 246/871/812 200/869/811
usemtl Stone_Brit_Gray
f 220/739/691 222/743/695 221/742/694
f 221/742/694 218/741/693 220/739/691
f 218/741/693 219/740/692 220/739/691
usemtl Stone_Brit_Gray_Light
f 225/760/710 222/758/695 202/757/708
f 225/760/710 224/759/709 222/758/695
usemtl Stone_Brit_Gray
f 216/744/696 218/745/697 215/747/699
f 218/745/697 221/746/698 215/747/699
f 233/804/750 195/803/749 213/802/705
f 234/805/751 233/804/750 213/802/705
usemtl Stone_Brit_Gray_Light
f 223/755/706 213/754/705 211/753/704
f 211/753/704 222/752/703 224/756/707
f 224/756/707 223/755/706 211/753/704
usemtl Stone_Brit_Gray
f 231/796/744 203/795/711 190/794/743
f 232/797/745 231/796/744 190/794/743
f 227/775/724 196/774/723 202/773/712
f 228/776/725 227/775/724 202/773/712
usemtl Stone_Brit_Gray_Light
f 226/764/714 225/763/713 203/761/711
f 225/763/713 202/762/712 203/761/711
f 223/765/715 224/766/716 226/768/718
f 224/766/716 225/767/717 226/768/718
f 223/772/722 226/771/721 203/770/720
f 223/772/722 203/770/720 213/769/719
usemtl Stone_Brit_Gray
f 222/778/727 220/777/726 229/781/730
f 229/781/730 228/780/729 222/778/727
f 228/780/729 202/779/728 222/778/727
usemtl Stone_Brit_Gray_Light
f 246/868/810 220/866/726 219/865/808
f 246/868/810 245/867/809 220/866/726
usemtl Stone_Brit_Gray
f 230/785/734 229/784/733 201/782/731
f 229/784/733 220/783/732 201/782/731
f 229/786/735 230/787/736 228/789/738
f 230/787/736 227/788/737 228/789/738
f 227/793/742 230/792/741 201/791/740
f 235/816/762 199/815/761 200/814/760
f 236/817/763 235/816/762 200/814/760
f 227/793/742 201/791/740 196/790/739
usemtl Stone_Brit_Gray_Light
f 248/876/815 200/874/760 201/873/740
f 248/876/815 247/875/814 200/874/760
usemtl Stone_Brit_Gray
f 233/806/752 234/807/753 232/809/755
f 234/807/753 231/808/754 232/809/755
f 231/813/759 234/812/758 213/811/757
f 231/813/759 213/811/757 203/810/756
f 236/821/767 200/820/766 219/819/765
f 219/819/765 217/818/764 237/822/768
f 237/822/768 236/821/767 219/819/765
usemtl Stone_Brit_Gray_Light
f 217/835/764 214/836/781 240/838/783
f 214/836/781 239/837/782 240/838/783
usemtl Stone_Brit_Gray
f 238/826/772 237/825/771 217/824/770
f 238/826/772 217/824/770 204/823/769
f 238/827/773 235/828/774 237/830/776
f 235/828/774 236/829/775 237/830/776
f 235/834/780 238/833/779 199/831/777
f 238/833/779 204/832/778 199/831/777
f 250/891/828 193/890/827 205/889/788
f 251/892/829 250/891/828 205/889/788
usemtl Stone_Brit_Gray_Light
f 205/843/788 204/844/778 241/845/789
f 205/843/788 241/845/789 242/846/790
f 204/839/784 217/840/785 241/842/787
f 217/840/785 240/841/786 241/842/787
f 208/847/791 205/848/792 243/850/794
f 205/848/792 242/849/793 243/850/794
usemtl Stone_Brit_Gray
f 252/903/839 208/902/796 194/901/838
f 249/904/840 252/903/839 194/901/838
usemtl Stone_Brit_Gray_Light
f 210/851/795 208/852/796 243/853/797
f 210/851/795 243/853/797 244/854/798
f 239/855/799 244/860/804 243/859/803
f 242/858/802 241/857/801 239/855/799
f 239/855/799 243/859/803 242/858/802
f 241/857/801 240/856/800 239/855/799
f 246/877/816 247/878/817 245/880/819
f 247/878/817 248/879/818 245/880/819
f 245/884/823 248/883/822 220/881/820
f 248/883/822 201/882/821 220/881/820
usemtl Stone_Brit_Gray
f 252/896/833 251/895/832 208/893/830
f 251/895/832 205/894/831 208/893/830
f 250/897/834 251/898/835 249/900/837
f 251/898/835 252/899/836 249/900/837
f 255/907/843 256/908/844 257/909/845
f 254/906/842 255/907/843 258/910/846
f 258/910/846 253/905/841 254/906/842
f 255/907/843 257/909/845 258/910/846
f 263/915/851 262/914/850 261/913/849
f 264/916/852 261/913/849 260/912/848
f 260/912/848 259/911/847 264/916/852
f 264/916/852 263/915/851 261/913/849
f 265/921/857 259/920/856 260/919/855
f 266/922/858 260/919/855 254/918/854
f 254/918/854 253/917/853 266/922/858
f 266/922/858 265/921/857 260/919/855
f 255/923/859 254/924/860 261/926/862
f 254/924/860 260/925/861 261/926/862
f 268/932/868 256/927/863 255/928/864
f 255/928/864 261/929/865 267/931/867
f 261/929/865 262/930/866 267/931/867
f 267/931/867 268/932/868 255/928/864
f 296/1027/958 253/1025/956 258/1024/870
f 296/1027/958 295/1026/957 253/1025/956
f 313/1114/1036 257/1112/869 256/1111/1034
f 313/1114/1036 312/1113/1035 257/1112/869
usemtl Stone_Brit_Gray_Light
f 270/936/872 269/935/871 258/934/870
f 270/936/872 258/934/870 257/933/869
f 271/937/873 273/941/877 272/940/876
f 272/940/876 270/939/875 271/937/873
f 270/939/875 257/938/874 271/937/873
f 275/945/881 272/944/880 273/943/879
f 277/1087/1015 273/1088/879 307/1089/1016
f 277/1087/1015 307/1089/1016 302/1090/1017
f 275/945/881 273/943/879 274/942/878
f 270/946/882 272/947/883 269/949/885
f 272/947/883 275/948/884 269/949/885
usemtl Stone_Brit_Gray
f 284/976/911 285/975/910 274/974/887
f 278/977/912 284/976/911 274/974/887
usemtl Stone_Brit_Gray_Light
f 275/952/888 274/951/887 276/950/886
f 276/950/886 258/954/890 269/953/889
f 269/953/889 275/952/888 276/950/886
usemtl Stone_Brit_Gray
f 273/956/892 277/955/891 279/959/895
f 279/959/895 278/958/894 273/956/892
f 278/958/894 274/957/893 273/956/892
f 279/962/898 277/961/897 280/960/896
f 280/960/896 282/964/900 281/963/899
f 281/963/899 279/962/898 280/960/896
usemtl Stone_Brit_Gray_Light
f 309/1097/1022 282/1096/900 263/1095/1021
f 310/1098/1023 309/1097/1022 263/1095/1021
usemtl Stone_Brit_Gray
f 283/965/901 285/969/905 284/968/904
f 284/968/904 281/967/903 283/965/901
f 281/967/903 282/966/902 283/965/901
usemtl Stone_Brit_Gray_Light
f 288/986/920 285/984/905 265/983/918
f 288/986/920 287/985/919 285/984/905
usemtl Stone_Brit_Gray
f 279/970/906 281/971/907 278/973/909
f 281/971/907 284/972/908 278/973/909
f 296/1030/960 258/1029/959 276/1028/915
f 297/1031/961 296/1030/960 276/1028/915
usemtl Stone_Brit_Gray_Light
f 286/981/916 276/980/915 274/979/914
f 274/979/914 285/978/913 287/982/917
f 287/982/917 286/981/916 274/979/914
usemtl Stone_Brit_Gray
f 294/1022/954 266/1021/921 253/1020/953
f 295/1023/955 294/1022/954 253/1020/953
f 290/1001/934 259/1000/933 265/999/922
f 291/1002/935 290/1001/934 265/999/922
usemtl Stone_Brit_Gray_Light
f 289/990/924 288/989/923 266/987/921
f 288/989/923 265/988/922 266/987/921
f 286/991/925 287/992/926 289/994/928
f 287/992/926 288/993/927 289/994/928
f 286/998/932 289/997/931 266/996/930
f 286/998/932 266/996/930 276/995/929
usemtl Stone_Brit_Gray
f 285/1004/937 283/1003/936 292/1007/940
f 292/1007/940 291/1006/939 285/1004/937
f 291/1006/939 265/1005/938 285/1004/937
usemtl Stone_Brit_Gray_Light
f 309/1094/1020 283/1092/936 282/1091/1018
f 309/1094/1020 308/1093/1019 283/1092/936
usemtl Stone_Brit_Gray
f 293/1011/944 292/1010/943 264/1008/941
f 292/1010/943 283/1009/942 264/1008/941
f 292/1012/945 293/1013/946 291/1015/948
f 293/1013/946 290/1014/947 291/1015/948
f 290/1019/952 293/1018/951 264/1017/950
f 298/1042/972 262/1041/971 263/1040/970
f 299/1043/973 298/1042/972 263/1040/970
f 290/1019/952 264/1017/950 259/1016/949
usemtl Stone_Brit_Gray_Light
f 311/1102/1025 263/1100/970 264/1099/950
f 311/1102/1025 310/1101/1024 263/1100/970
usemtl Stone_Brit_Gray
f 296/1032/962 297/1033/963 295/1035/965
f 297/1033/963 294/1034/964 295/1035/965
f 294/1039/969 297/1038/968 276/1037/967
f 294/1039/969 276/1037/967 266/1036/966
f 299/1047/977 263/1046/976 282/1045/975
f 282/1045/975 280/1044/974 300/1048/978
f 300/1048/978 299/1047/977 282/1045/975
usemtl Stone_Brit_Gray_Light
f 280/1061/974 277/1062/991 303/1064/993
f 277/1062/991 302/1063/992 303/1064/993
usemtl Stone_Brit_Gray
f 301/1052/982 300/1051/981 280/1050/980
f 301/1052/982 280/1050/980 267/1049/979
f 301/1053/983 298/1054/984 300/1056/986
f 298/1054/984 299/1055/985 300/1056/986
f 298/1060/990 301/1059/989 262/1057/987
f 301/1059/989 267/1058/988 262/1057/987
f 313/1117/1038 256/1116/1037 268/1115/998
f 314/1118/1039 313/1117/1038 268/1115/998
usemtl Stone_Brit_Gray_Light
f 268/1069/998 267/1070/988 304/1071/999
f 268/1069/998 304/1071/999 305/1072/1000
f 267/1065/994 280/1066/995 304/1068/997
f 280/1066/995 303/1067/996 304/1068/997
f 271/1073/1001 268/1074/1002 306/1076/1004
f 268/1074/1002 305/1075/1003 306/1076/1004
usemtl Stone_Brit_Gray
f 315/1129/1049 271/1128/1006 257/1127/1048
f 312/1130/1050 315/1129/1049 257/1127/1048
usemtl Stone_Brit_Gray_Light
f 273/1077/1005 271/1078/1006 306/1079/1007
f 273/1077/1005 306/1079/1007 307/1080/1008
f 302/1081/1009 307/1086/1014 306/1085/1013
f 305/1084/1012 304/1083/1011 302/1081/1009
f 302/1081/1009 306/1085/1013 305/1084/1012
f 304/1083/1011 303/1082/1010 302/1081/1009
f 309/1103/1026 310/1104/1027 308/1106/1029
f 310/1104/1027 311/1105/1028 308/1106/1029
f 308/1110/1033 311/1109/1032 283/1107/1030
f 311/1109/1032 264/1108/1031 283/1107/1030
usemtl Stone_Brit_Gray
f 315/1122/1043 314/1121/1042 271/1119/1040
f 314/1121/1042 268/1120/1041 271/1119/1040
f 313/1123/1044 314/1124/1045 312/1126/1047
f 314/1124/1045 315/1125/1046 312/1126/1047
f 318/1133/1053 319/1134/1054 320/1135/1055
f 317/1132/1052 318/1133/1053 321/1136/1056
f 321/1136/1056 316/1131/1051 317/1132/1052
f 318/1133/1053 320/1135/1055 321/1136/1056
f 326/1141/1061 325/1140/1060 324/1139/1059
f 327/1142/1062 324/1139/1059 323/1138/1058
f 323/1138/1058 322/1137/1057 327/1142/1062
f 327/1142/1062 326/1141/1061 324/1139/1059
f 328/1147/1067 322/1146/1066 323/1145/1065
f 329/1148/1068 323/1145/1065 317/1144/1064
f 317/1144/1064 316/1143/1063 329/1148/1068
f 329/1148/1068 328/1147/1067 323/1145/1065
f 318/1149/1069 317/1150/1070 324/1152/1072
f 317/1150/1070 323/1151/1071 324/1152/1072
f 331/1158/1078 319/1153/1073 318/1154/1074
f 318/1154/1074 324/1155/1075 330/1157/1077
f 324/1155/1075 325/1156/1076 330/1157/1077
f 330/1157/1077 331/1158/1078 318/1154/1074
f 359/1253/1168 316/1251/1166 321/1250/1080
f 359/1253/1168 358/1252/1167 316/1251/1166
f 376/1340/1246 320/1338/1079 319/1337/1244
f 376/1340/1246 375/1339/1245 320/1338/1079
usemtl Stone_Brit_Gray_Light
f 333/1162/1082 332/1161/1081 321/1160/1080
f 333/1162/1082 321/1160/1080 320/1159/1079
f 334/1163/1083 336/1167/1087 335/1166/1086
f 335/1166/1086 333/1165/1085 334/1163/1083
f 333/1165/1085 320/1164/1084 334/1163/1083
f 338/1171/1091 335/1170/1090 336/1169/1089
f 340/1313/1225 336/1314/1089 370/1315/1226
f 340/1313/1225 370/1315/1226 365/1316/1227
f 338/1171/1091 336/1169/1089 337/1168/1088
f 333/1172/1092 335/1173/1093 332/1175/1095
f 335/1173/1093 338/1174/1094 332/1175/1095
usemtl Stone_Brit_Gray
f 347/1202/1121 348/1201/1120 337/1200/1097
f 341/1203/1122 347/1202/1121 337/1200/1097
usemtl Stone_Brit_Gray_Light
f 338/1178/1098 337/1177/1097 339/1176/1096
f 339/1176/1096 321/1180/1100 332/1179/1099
f 332/1179/1099 338/1178/1098 339/1176/1096
usemtl Stone_Brit_Gray
f 336/1182/1102 340/1181/1101 342/1185/1105
f 342/1185/1105 341/1184/1104 336/1182/1102
f 341/1184/1104 337/1183/1103 336/1182/1102
f 342/1188/1108 340/1187/1107 343/1186/1106
f 343/1186/1106 345/1190/1110 344/1189/1109
f 344/1189/1109 342/1188/1108 343/1186/1106
usemtl Stone_Brit_Gray_Light
f 372/1323/1232 345/1322/1110 326/1321/1231
f 373/1324/1233 372/1323/1232 326/1321/1231
usemtl Stone_Brit_Gray
f 346/1191/1111 348/1195/1115 347/1194/1114
f 347/1194/1114 344/1193/1113 346/1191/1111
f 344/1193/1113 345/1192/1112 346/1191/1111
usemtl Stone_Brit_Gray_Light
f 351/1212/1130 348/1210/1115 328/1209/1128
f 351/1212/1130 350/1211/1129 348/1210/1115
usemtl Stone_Brit_Gray
f 342/1196/1116 344/1197/1117 341/1199/1119
f 344/1197/1117 347/1198/1118 341/1199/1119
f 359/1256/1170 321/1255/1169 339/1254/1125
f 360/1257/1171 359/1256/1170 339/1254/1125
usemtl Stone_Brit_Gray_Light
f 349/1207/1126 339/1206/1125 337/1205/1124
f 337/1205/1124 348/1204/1123 350/1208/1127
f 350/1208/1127 349/1207/1126 337/1205/1124
usemtl Stone_Brit_Gray
f 357/1248/1164 329/1247/1131 316/1246/1163
f 358/1249/1165 357/1248/1164 316/1246/1163
f 353/1227/1144 322/1226/1143 328/1225/1132
f 354/1228/1145 353/1227/1144 328/1225/1132
usemtl Stone_Brit_Gray_Light
f 352/1216/1134 351/1215/1133 329/1213/1131
f 351/1215/1133 328/1214/1132 329/1213/1131
f 349/1217/1135 350/1218/1136 352/1220/1138
f 350/1218/1136 351/1219/1137 352/1220/1138
f 349/1224/1142 352/1223/1141 329/1222/1140
f 349/1224/1142 329/1222/1140 339/1221/1139
usemtl Stone_Brit_Gray
f 348/1230/1147 346/1229/1146 355/1233/1150
f 355/1233/1150 354/1232/1149 348/1230/1147
f 354/1232/1149 328/1231/1148 348/1230/1147
usemtl Stone_Brit_Gray_Light
f 372/1320/1230 346/1318/1146 345/1317/1228
f 372/1320/1230 371/1319/1229 346/1318/1146
usemtl Stone_Brit_Gray
f 356/1237/1154 355/1236/1153 327/1234/1151
f 355/1236/1153 346/1235/1152 327/1234/1151
f 355/1238/1155 356/1239/1156 354/1241/1158
f 356/1239/1156 353/1240/1157 354/1241/1158
f 353/1245/1162 356/1244/1161 327/1243/1160
f 361/1268/1182 325/1267/1181 326/1266/1180
f 362/1269/1183 361/1268/1182 326/1266/1180
f 353/1245/1162 327/1243/1160 322/1242/1159
usemtl Stone_Brit_Gray_Light
f 374/1328/1235 326/1326/1180 327/1325/1160
f 374/1328/1235 373/1327/1234 326/1326/1180
usemtl Stone_Brit_Gray
f 359/1258/1172 360/1259/1173 358/1261/1175
f 360/1259/1173 357/1260/1174 358/1261/1175
f 357/1265/1179 360/1264/1178 339/1263/1177
f 357/1265/1179 339/1263/1177 329/1262/1176
f 362/1273/1187 326/1272/1186 345/1271/1185
f 345/1271/1185 343/1270/1184 363/1274/1188
f 363/1274/1188 362/1273/1187 345/1271/1185
usemtl Stone_Brit_Gray_Light
f 343/1287/1184 340/1288/1201 366/1290/1203
f 340/1288/1201 365/1289/1202 366/1290/1203
usemtl Stone_Brit_Gray
f 364/1278/1192 363/1277/1191 343/1276/1190
f 364/1278/1192 343/1276/1190 330/1275/1189
f 364/1279/1193 361/1280/1194 363/1282/1196
f 361/1280/1194 362/1281/1195 363/1282/1196
f 361/1286/1200 364/1285/1199 325/1283/1197
f 364/1285/1199 330/1284/1198 325/1283/1197
f 376/1343/1248 319/1342/1247 331/1341/1208
f 377/1344/1249 376/1343/1248 331/1341/1208
usemtl Stone_Brit_Gray_Light
f 331/1295/1208 330/1296/1198 367/1297/1209
f 331/1295/1208 367/1297/1209 368/1298/1210
f 330/1291/1204 343/1292/1205 367/1294/1207
f 343/1292/1205 366/1293/1206 367/1294/1207
f 334/1299/1211 331/1300/1212 369/1302/1214
f 331/1300/1212 368/1301/1213 369/1302/1214
usemtl Stone_Brit_Gray
f 378/1355/1259 334/1354/1216 320/1353/1258
f 375/1356/1260 378/1355/1259 320/1353/1258
usemtl Stone_Brit_Gray_Light
f 336/1303/1215 334/1304/1216 369/1305/1217
f 336/1303/1215 369/1305/1217 370/1306/1218
f 365/1307/1219 370/1312/1224 369/1311/1223
f 368/1310/1222 367/1309/1221 365/1307/1219
f 365/1307/1219 369/1311/1223 368/1310/1222
f 367/1309/1221 366/1308/1220 365/1307/1219
f 372/1329/1236 373/1330/1237 371/1332/1239
f 373/1330/1237 374/1331/1238 371/1332/1239
f 371/1336/1243 374/1335/1242 346/1333/1240
f 374/1335/1242 327/1334/1241 346/1333/1240
usemtl Stone_Brit_Gray
f 378/1348/1253 377/1347/1252 334/1345/1250
f 377/1347/1252 331/1346/1251 334/1345/1250
f 376/1349/1254 377/1350/1255 375/1352/1257
f 377/1350/1255 378/1351/1256 375/1352/1257
f 381/1359/1263 382/1360/1264 383/1361/1265
f 380/1358/1262 381/1359/1263 384/1362/1266
f 384/1362/1266 379/1357/1261 380/1358/1262
f 381/1359/1263 383/1361/1265 384/1362/1266
f 389/1367/1271 388/1366/1270 387/1365/1269
f 390/1368/1272 387/1365/1269 386/1364/1268
f 386/1364/1268 385/1363/1267 390/1368/1272
f 390/1368/1272 389/1367/1271 387/1365/1269
f 391/1373/1277 385/1372/1276 386/1371/1275
f 392/1374/1278 386/1371/1275 380/1370/1274
f 380/1370/1274 379/1369/1273 392/1374/1278
f 392/1374/1278 391/1373/1277 386/1371/1275
f 381/1375/1279 380/1376/1280 387/1378/1282
f 380/1376/1280 386/1377/1281 387/1378/1282
f 394/1384/1288 382/1379/1283 381/1380/1284
f 381/1380/1284 387/1381/1285 393/1383/1287
f 387/1381/1285 388/1382/1286 393/1383/1287
f 393/1383/1287 394/1384/1288 381/1380/1284
f 422/1479/1378 379/1477/1376 384/1476/1290
f 422/1479/1378 421/1478/1377 379/1477/1376
f 439/1566/1456 383/1564/1289 382/1563/1454
f 439/1566/1456 438/1565/1455 383/1564/1289
usemtl Stone_Brit_Gray_Light
f 396/1388/1292 395/1387/1291 384/1386/1290
f 396/1388/1292 384/1386/1290 383/1385/1289
f 397/1389/1293 399/1393/1297 398/1392/1296
f 398/1392/1296 396/1391/1295 397/1389/1293
f 396/1391/1295 383/1390/1294 397/1389/1293
f 401/1397/1301 398/1396/1300 399/1395/1299
f 403/1539/1435 399/1540/1299 433/1541/1436
f 403/1539/1435 433/1541/1436 428/1542/1437
f 401/1397/1301 399/1395/1299 400/1394/1298
f 396/1398/1302 398/1399/1303 395/1401/1305
f 398/1399/1303 401/1400/1304 395/1401/1305
usemtl Stone_Brit_Gray
f 410/1428/1331 411/1427/1330 400/1426/1307
f 404/1429/1332 410/1428/1331 400/1426/1307
usemtl Stone_Brit_Gray_Light
f 401/1404/1308 400/1403/1307 402/1402/1306
f 402/1402/1306 384/1406/1310 395/1405/1309
f 395/1405/1309 401/1404/1308 402/1402/1306
usemtl Stone_Brit_Gray
f 399/1408/1312 403/1407/1311 405/1411/1315
f 405/1411/1315 404/1410/1314 399/1408/1312
f 404/1410/1314 400/1409/1313 399/1408/1312
f 405/1414/1318 403/1413/1317 406/1412/1316
f 406/1412/1316 408/1416/1320 407/1415/1319
f 407/1415/1319 405/1414/1318 406/1412/1316
usemtl Stone_Brit_Gray_Light
f 435/1549/1442 408/1548/1320 389/1547/1441
f 436/1550/1443 435/1549/1442 389/1547/1441
usemtl Stone_Brit_Gray
f 409/1417/1321 411/1421/1325 410/1420/1324
f 410/1420/1324 407/1419/1323 409/1417/1321
f 407/1419/1323 408/1418/1322 409/1417/1321
usemtl Stone_Brit_Gray_Light
f 414/1438/1340 411/1436/1325 391/1435/1338
f 414/1438/1340 413/1437/1339 411/1436/1325
usemtl Stone_Brit_Gray
f 405/1422/1326 407/1423/1327 404/1425/1329
f 407/1423/1327 410/1424/1328 404/1425/1329
f 422/1482/1380 384/1481/1379 402/1480/1335
f 423/1483/1381 422/1482/1380 402/1480/1335
usemtl Stone_Brit_Gray_Light
f 412/1433/1336 402/1432/1335 400/1431/1334
f 400/1431/1334 411/1430/1333 413/1434/1337
f 413/1434/1337 412/1433/1336 400/1431/1334
usemtl Stone_Brit_Gray
f 420/1474/1374 392/1473/1341 379/1472/1373
f 421/1475/1375 420/1474/1374 379/1472/1373
f 416/1453/1354 385/1452/1353 391/1451/1342
f 417/1454/1355 416/1453/1354 391/1451/1342
usemtl Stone_Brit_Gray_Light
f 415/1442/1344 414/1441/1343 392/1439/1341
f 414/1441/1343 391/1440/1342 392/1439/1341
f 412/1443/1345 413/1444/1346 415/1446/1348
f 413/1444/1346 414/1445/1347 415/1446/1348
f 412/1450/1352 415/1449/1351 392/1448/1350
f 412/1450/1352 392/1448/1350 402/1447/1349
usemtl Stone_Brit_Gray
f 411/1456/1357 409/1455/1356 418/1459/1360
f 418/1459/1360 417/1458/1359 411/1456/1357
f 417/1458/1359 391/1457/1358 411/1456/1357
usemtl Stone_Brit_Gray_Light
f 435/1546/1440 409/1544/1356 408/1543/1438
f 435/1546/1440 434/1545/1439 409/1544/1356
usemtl Stone_Brit_Gray
f 419/1463/1364 418/1462/1363 390/1460/1361
f 418/1462/1363 409/1461/1362 390/1460/1361
f 418/1464/1365 419/1465/1366 417/1467/1368
f 419/1465/1366 416/1466/1367 417/1467/1368
f 416/1471/1372 419/1470/1371 390/1469/1370
f 424/1494/1392 388/1493/1391 389/1492/1390
f 425/1495/1393 424/1494/1392 389/1492/1390
f 416/1471/1372 390/1469/1370 385/1468/1369
usemtl Stone_Brit_Gray_Light
f 437/1554/1445 389/1552/1390 390/1551/1370
f 437/1554/1445 436/1553/1444 389/1552/1390
usemtl Stone_Brit_Gray
f 422/1484/1382 423/1485/1383 421/1487/1385
f 423/1485/1383 420/1486/1384 421/1487/1385
f 420/1491/1389 423/1490/1388 402/1489/1387
f 420/1491/1389 402/1489/1387 392/1488/1386
f 425/1499/1397 389/1498/1396 408/1497/1395
f 408/1497/1395 406/1496/1394 426/1500/1398
f 426/1500/1398 425/1499/1397 408/1497/1395
usemtl Stone_Brit_Gray_Light
f 406/1513/1394 403/1514/1411 429/1516/1413
f 403/1514/1411 428/1515/1412 429/1516/1413
usemtl Stone_Brit_Gray
f 427/1504/1402 426/1503/1401 406/1502/1400
f 427/1504/1402 406/1502/1400 393/1501/1399
f 427/1505/1403 424/1506/1404 426/1508/1406
f 424/1506/1404 425/1507/1405 426/1508/1406
f 424/1512/1410 427/1511/1409 388/1509/1407
f 427/1511/1409 393/1510/1408 388/1509/1407
f 439/1569/1458 382/1568/1457 394/1567/1418
f 440/1570/1459 439/1569/1458 394/1567/1418
usemtl Stone_Brit_Gray_Light
f 394/1521/1418 393/1522/1408 430/1523/1419
f 394/1521/1418 430/1523/1419 431/1524/1420
f 393/1517/1414 406/1518/1415 430/1520/1417
f 406/1518/1415 429/1519/1416 430/1520/1417
f 397/1525/1421 394/1526/1422 432/1528/1424
f 394/1526/1422 431/1527/1423 432/1528/1424
usemtl Stone_Brit_Gray
f 441/1581/1469 397/1580/1426 383/1579/1468
f 438/1582/1470 441/1581/1469 383/1579/1468
usemtl Stone_Brit_Gray_Light
f 399/1529/1425 397/1530/1426 432/1531/1427
f 399/1529/1425 432/1531/1427 433/1532/1428
f 428/1533/1429 433/1538/1434 432/1537/1433
f 431/1536/1432 430/1535/1431 428/1533/1429
f 428/1533/1429 432/1537/1433 431/1536/1432
f 430/1535/1431 429/1534/1430 428/1533/1429
f 435/1555/1446 436/1556/1447 434/1558/1449
f 436/1556/1447 437/1557/1448 434/1558/1449
f 434/1562/1453 437/1561/1452 409/1559/1450
f 437/1561/1452 390/1560/1451 409/1559/1450
usemtl Stone_Brit_Gray
f 441/1574/1463 440/1573/1462 397/1571/1460
f 440/1573/1462 394/1572/1461 397/1571/1460
f 439/1575/1464 440/1576/1465 438/1578/1467
f 440/1576/1465 441/1577/1466 438/1578/1467
f 444/1585/1473 445/1586/1474 446/1587/1475
f 443/1584/1472 444/1585/1473 447/1588/1476
f 447/1588/1476 442/1583/1471 443/1584/1472
f 444/1585/1473 446/1587/1475 447/1588/1476
f 452/1593/1481 451/1592/1480 450/1591/1479
f 453/1594/1482 450/1591/1479 449/1590/1478
f 449/1590/1478 448/1589/1477 453/1594/1482
f 453/1594/1482 452/1593/1481 450/1591/1479
f 454/1599/1487 448/1598/1486 449/1597/1485
f 455/1600/1488 449/1597/1485 443/1596/1484
f 443/1596/1484 442/1595/1483 455/1600/1488
f 455/1600/1488 454/1599/1487 449/1597/1485
f 444/1601/1489 443/1602/1490 450/1604/1492
f 443/1602/1490 449/1603/1491 450/1604/1492
f 457/1610/1498 445/1605/1493 444/1606/1494
f 444/1606/1494 450/1607/1495 456/1609/1497
f 450/1607/1495 451/1608/1496 456/1609/1497
f 456/1609/1497 457/1610/1498 444/1606/1494
f 485/1705/1588 442/1703/1586 447/1702/1500
f 485/1705/1588 484/1704/1587 442/1703/1586
f 502/1792/1666 446/1790/1499 445/1789/1664
f 502/1792/1666 501/1791/1665 446/1790/1499
usemtl Stone_Brit_Gray_Light
f 459/1614/1502 458/1613/1501 447/1612/1500
f 459/1614/1502 447/1612/1500 446/1611/1499
f 460/1615/1503 462/1619/1507 461/1618/1506
f 461/1618/1506 459/1617/1505 460/1615/1503
f 459/1617/1505 446/1616/1504 460/1615/1503
f 464/1623/1511 461/1622/1510 462/1621/1509
f 466/1765/1645 462/1766/1509 496/1767/1646
f 466/1765/1645 496/1767/1646 491/1768/1647
f 464/1623/1511 462/1621/1509 463/1620/1508
f 459/1624/1512 461/1625/1513 458/1627/1515
f 461/1625/1513 464/1626/1514 458/1627/1515
usemtl Stone_Brit_Gray
f 473/1654/1541 474/1653/1540 463/1652/1517
f 467/1655/1542 473/1654/1541 463/1652/1517
usemtl Stone_Brit_Gray_Light
f 464/1630/1518 463/1629/1517 465/1628/1516
f 465/1628/1516 447/1632/1520 458/1631/1519
f 458/1631/1519 464/1630/1518 465/1628/1516
usemtl Stone_Brit_Gray
f 462/1634/1522 466/1633/1521 468/1637/1525
f 468/1637/1525 467/1636/1524 462/1634/1522
f 467/1636/1524 463/1635/1523 462/1634/1522
f 468/1640/1528 466/1639/1527 469/1638/1526
f 469/1638/1526 471/1642/1530 470/1641/1529
f 470/1641/1529 468/1640/1528 469/1638/1526
usemtl Stone_Brit_Gray_Light
f 498/1775/1652 471/1774/1530 452/1773/1651
f 499/1776/1653 498/1775/1652 452/1773/1651
usemtl Stone_Brit_Gray
f 472/1643/1531 474/1647/1535 473/1646/1534
f 473/1646/1534 470/1645/1533 472/1643/1531
f 470/1645/1533 471/1644/1532 472/1643/1531
usemtl Stone_Brit_Gray_Light
f 477/1664/1550 474/1662/1535 454/1661/1548
f 477/1664/1550 476/1663/1549 474/1662/1535
usemtl Stone_Brit_Gray
f 468/1648/1536 470/1649/1537 467/1651/1539
f 470/1649/1537 473/1650/1538 467/1651/1539
f 485/1708/1590 447/1707/1589 465/1706/1545
f 486/1709/1591 485/1708/1590 465/1706/1545
usemtl Stone_Brit_Gray_Light
f 475/1659/1546 465/1658/1545 463/1657/1544
f 463/1657/1544 474/1656/1543 476/1660/1547
f 476/1660/1547 475/1659/1546 463/1657/1544
usemtl Stone_Brit_Gray
f 483/1700/1584 455/1699/1551 442/1698/1583
f 484/1701/1585 483/1700/1584 442/1698/1583
f 479/1679/1564 448/1678/1563 454/1677/1552
f 480/1680/1565 479/1679/1564 454/1677/1552
usemtl Stone_Brit_Gray_Light
f 478/1668/1554 477/1667/1553 455/1665/1551
f 477/1667/1553 454/1666/1552 455/1665/1551
f 475/1669/1555 476/1670/1556 478/1672/1558
f 476/1670/1556 477/1671/1557 478/1672/1558
f 475/1676/1562 478/1675/1561 455/1674/1560
f 475/1676/1562 455/1674/1560 465/1673/1559
usemtl Stone_Brit_Gray
f 474/1682/1567 472/1681/1566 481/1685/1570
f 481/1685/1570 480/1684/1569 474/1682/1567
f 480/1684/1569 454/1683/1568 474/1682/1567
usemtl Stone_Brit_Gray_Light
f 498/1772/1650 472/1770/1566 471/1769/1648
f 498/1772/1650 497/1771/1649 472/1770/1566
usemtl Stone_Brit_Gray
f 482/1689/1574 481/1688/1573 453/1686/1571
f 481/1688/1573 472/1687/1572 453/1686/1571
f 481/1690/1575 482/1691/1576 480/1693/1578
f 482/1691/1576 479/1692/1577 480/1693/1578
f 479/1697/1582 482/1696/1581 453/1695/1580
f 487/1720/1602 451/1719/1601 452/1718/1600
f 488/1721/1603 487/1720/1602 452/1718/1600
f 479/1697/1582 453/1695/1580 448/1694/1579
usemtl Stone_Brit_Gray_Light
f 500/1780/1655 452/1778/1600 453/1777/1580
f 500/1780/1655 499/1779/1654 452/1778/1600
usemtl Stone_Brit_Gray
f 485/1710/1592 486/1711/1593 484/1713/1595
f 486/1711/1593 483/1712/1594 484/1713/1595
f 483/1717/1599 486/1716/1598 465/1715/1597
f 483/1717/1599 465/1715/1597 455/1714/1596
f 488/1725/1607 452/1724/1606 471/1723/1605
f 471/1723/1605 469/1722/1604 489/1726/1608
f 489/1726/1608 488/1725/1607 471/1723/1605
usemtl Stone_Brit_Gray_Light
f 469/1739/1604 466/1740/1621 492/1742/1623
f 466/1740/1621 491/1741/1622 492/1742/1623
usemtl Stone_Brit_Gray
f 490/1730/1612 489/1729/1611 469/1728/1610
f 490/1730/1612 469/1728/1610 456/1727/1609
f 490/1731/1613 487/1732/1614 489/1734/1616
f 487/1732/1614 488/1733/1615 489/1734/1616
f 487/1738/1620 490/1737/1619 451/1735/1617
f 490/1737/1619 456/1736/1618 451/1735/1617
f 502/1795/1668 445/1794/1667 457/1793/1628
f 503/1796/1669 502/1795/1668 457/1793/1628
usemtl Stone_Brit_Gray_Light
f 457/1747/1628 456/1748/1618 493/1749/1629
f 457/1747/1628 493/1749/1629 494/1750/1630
f 456/1743/1624 469/1744/1625 493/1746/1627
f 469/1744/1625 492/1745/1626 493/1746/1627
f 460/1751/1631 457/1752/1632 495/1754/1634
f 457/1752/1632 494/1753/1633 495/1754/1634
usemtl Stone_Brit_Gray
f 504/1807/1679 460/1806/1636 446/1805/1678
f 501/1808/1680 504/1807/1679 446/1805/1678
usemtl Stone_Brit_Gray_Light
f 462/1755/1635 460/1756/1636 495/1757/1637
f 462/1755/1635 495/1757/1637 496/1758/1638
f 491/1759/1639 496/1764/1644 495/1763/1643
f 494/1762/1642 493/1761/1641 491/1759/1639
f 491/1759/1639 495/1763/1643 494/1762/1642
f 493/1761/1641 492/1760/1640 491/1759/1639
f 498/1781/1656 499/1782/1657 497/1784/1659
f 499/1782/1657 500/1783/1658 497/1784/1659
f 497/1788/1663 500/1787/1662 472/1785/1660
f 500/1787/1662 453/1786/1661 472/1785/1660
usemtl Stone_Brit_Gray
f 504/1800/1673 503/1799/1672 460/1797/1670
f 503/1799/1672 457/1798/1671 460/1797/1670
f 502/1801/1674 503/1802/1675 501/1804/1677
f 503/1802/1675 504/1803/1676 501/1804/1677
f 507/1811/1683 508/1812/1684 509/1813/1685
f 506/1810/1682 507/1811/1683 510/1814/1686
f 510/1814/1686 505/1809/1681 506/1810/1682
f 507/1811/1683 509/1813/1685 510/1814/1686
f 515/1819/1691 514/1818/1690 513/1817/1689
f 516/1820/1692 513/1817/1689 512/1816/1688
f 512/1816/1688 511/1815/1687 516/1820/1692
f 516/1820/1692 515/1819/1691 513/1817/1689
f 517/1825/1697 511/1824/1696 512/1823/1695
f 518/1826/1698 512/1823/1695 506/1822/1694
f 506/1822/1694 505/1821/1693 518/1826/1698
f 518/1826/1698 517/1825/1697 512/1823/1695
f 507/1827/1699 506/1828/1700 513/1830/1702
f 506/1828/1700 512/1829/1701 513/1830/1702
f 520/1836/1708 508/1831/1703 507/1832/1704
f 507/1832/1704 513/1833/1705 519/1835/1707
f 513/1833/1705 514/1834/1706 519/1835/1707
f 519/1835/1707 520/1836/1708 507/1832/1704
f 548/1931/1798 505/1929/1796 510/1928/1710
f 548/1931/1798 547/1930/1797 505/1929/1796
f 565/2018/1876 509/2016/1709 508/2015/1874
f 565/2018/1876 564/2017/1875 509/2016/1709
usemtl Stone_Brit_Gray_Light
f 522/1840/1712 521/1839/1711 510/1838/1710
f 522/1840/1712 510/1838/1710 509/1837/1709
f 523/1841/1713 525/1845/1717 524/1844/1716
f 524/1844/1716 522/1843/1715 523/1841/1713
f 522/1843/1715 509/1842/1714 523/1841/1713
f 527/1849/1721 524/1848/1720 525/1847/1719
f 529/1991/1855 525/1992/1719 559/1993/1856
f 529/1991/1855 559/1993/1856 554/1994/1857
f 527/1849/1721 525/1847/1719 526/1846/1718
f 522/1850/1722 524/1851/1723 521/1853/1725
f 524/1851/1723 527/1852/1724 521/1853/1725
usemtl Stone_Brit_Gray
f 536/1880/1751 537/1879/1750 526/1878/1727
f 530/1881/1752 536/1880/1751 526/1878/1727
usemtl Stone_Brit_Gray_Light
f 527/1856/1728 526/1855/1727 528/1854/1726
f 528/1854/1726 510/1858/1730 521/1857/1729
f 521/1857/1729 527/1856/1728 528/1854/1726
usemtl Stone_Brit_Gray
f 525/1860/1732 529/1859/1731 531/1863/1735
f 531/1863/1735 530/1862/1734 525/1860/1732
f 530/1862/1734 526/1861/1733 525/1860/1732
f 531/1866/1738 529/1865/1737 532/1864/1736
f 532/1864/1736 534/1868/1740 533/1867/1739
f 533/1867/1739 531/1866/1738 532/1864/1736
usemtl Stone_Brit_Gray_Light
f 561/2001/1862 534/2000/1740 515/1999/1861
f 562/2002/1863 561/2001/1862 515/1999/1861
usemtl Stone_Brit_Gray
f 535/1869/1741 537/1873/1745 536/1872/1744
f 536/1872/1744 533/1871/1743 535/1869/1741
f 533/1871/1743 534/1870/1742 535/1869/1741
usemtl Stone_Brit_Gray_Light
f 540/1890/1760 537/1888/1745 517/1887/1758
f 540/1890/1760 539/1889/1759 537/1888/1745
usemtl Stone_Brit_Gray
f 531/1874/1746 533/1875/1747 530/1877/1749
f 533/1875/1747 536/1876/1748 530/1877/1749
f 548/1934/1800 510/1933/1799 528/1932/1755
f 549/1935/1801 548/1934/1800 528/1932/1755
usemtl Stone_Brit_Gray_Light
f 538/1885/1756 528/1884/1755 526/1883/1754
f 526/1883/1754 537/1882/1753 539/1886/1757
f 539/1886/1757 538/1885/1756 526/1883/1754
usemtl Stone_Brit_Gray
f 546/1926/1794 518/1925/1761 505/1924/1793
f 547/1927/1795 546/1926/1794 505/1924/1793
f 542/1905/1774 511/1904/1773 517/1903/1762
f 543/1906/1775 542/1905/1774 517/1903/1762
usemtl Stone_Brit_Gray_Light
f 541/1894/1764 540/1893/1763 518/1891/1761
f 540/1893/1763 517/1892/1762 518/1891/1761
f 538/1895/1765 539/1896/1766 541/1898/1768
f 539/1896/1766 540/1897/1767 541/1898/1768
f 538/1902/1772 541/1901/1771 518/1900/1770
f 538/1902/1772 518/1900/1770 528/1899/1769
usemtl Stone_Brit_Gray
f 537/1908/1777 535/1907/1776 544/1911/1780
f 544/1911/1780 543/1910/1779 537/1908/1777
f 543/1910/1779 517/1909/1778 537/1908/1777
usemtl Stone_Brit_Gray_Light
f 561/1998/1860 535/1996/1776 534/1995/1858
f 561/1998/1860 560/1997/1859 535/1996/1776
usemtl Stone_Brit_Gray
f 545/1915/1784 544/1914/1783 516/1912/1781
f 544/1914/1783 535/1913/1782 516/1912/1781
f 544/1916/1785 545/1917/1786 543/1919/1788
f 545/1917/1786 542/1918/1787 543/1919/1788
f 542/1923/1792 545/1922/1791 516/1921/1790
f 550/1946/1812 514/1945/1811 515/1944/1810
f 551/1947/1813 550/1946/1812 515/1944/1810
f 542/1923/1792 516/1921/1790 511/1920/1789
usemtl Stone_Brit_Gray_Light
f 563/2006/1865 515/2004/1810 516/2003/1790
f 563/2006/1865 562/2005/1864 515/2004/1810
usemtl Stone_Brit_Gray
f 548/1936/1802 549/1937/1803 547/1939/1805
f 549/1937/1803 546/1938/1804 547/1939/1805
f 546/1943/1809 549/1942/1808 528/1941/1807
f 546/1943/1809 528/1941/1807 518/1940/1806
f 551/1951/1817 515/1950/1816 534/1949/1815
f 534/1949/1815 532/1948/1814 552/1952/1818
f 552/1952/1818 551/1951/1817 534/1949/1815
usemtl Stone_Brit_Gray_Light
f 532/1965/1814 529/1966/1831 555/1968/1833
f 529/1966/1831 554/1967/1832 555/1968/1833
usemtl Stone_Brit_Gray
f 553/1956/1822 552/1955/1821 532/1954/1820
f 553/1956/1822 532/1954/1820 519/1953/1819
f 553/1957/1823 550/1958/1824 552/1960/1826
f 550/1958/1824 551/1959/1825 552/1960/1826
f 550/1964/1830 553/1963/1829 514/1961/1827
f 553/1963/1829 519/1962/1828 514/1961/1827
f 565/2021/1878 508/2020/1877 520/2019/1838
f 566/2022/1879 565/2021/1878 520/2019/1838
usemtl Stone_Brit_Gray_Light
f 520/1973/1838 519/1974/1828 556/1975/1839
f 520/1973/1838 556/1975/1839 557/1976/1840
f 519/1969/1834 532/1970/1835 556/1972/1837
f 532/1970/1835 555/1971/1836 556/1972/1837
f 523/1977/1841 520/1978/1842 558/1980/1844
f 520/1978/1842 557/1979/1843 558/1980/1844
usemtl Stone_Brit_Gray
f 567/2033/1889 523/2032/1846 509/2031/1888
f 564/2034/1890 567/2033/1889 509/2031/1888
usemtl Stone_Brit_Gray_Light
f 525/1981/1845 523/1982/1846 558/1983/1847
f 525/1981/1845 558/1983/1847 559/1984/1848
f 554/1985/1849 559/1990/1854 558/1989/1853
f 557/1988/1852 556/1987/1851 554/1985/1849
f 554/1985/1849 558/1989/1853 557/1988/1852
f 556/1987/1851 555/1986/1850 554/1985/1849
f 561/2007/1866 562/2008/1867 560/2010/1869
f 562/2008/1867 563/2009/1868 560/2010/1869
f 560/2014/1873 563/2013/1872 535/2011/1870
f 563/2013/1872 516/2012/1871 535/2011/1870
usemtl Stone_Brit_Gray
f 567/2026/1883 566/2025/1882 523/2023/1880
f 566/2025/1882 520/2024/1881 523/2023/1880
f 565/2027/1884 566/2028/1885 564/2030/1887
f 566/2028/1885 567/2029/1886 564/2030/1887
f 570/2037/1893 571/2038/1894 572/2039/1895
f 569/2036/1892 570/2037/1893 573/2040/1896
f 573/2040/1896 568/2035/1891 569/2036/1892
f 570/2037/1893 572/2039/1895 573/2040/1896
f 578/2045/1901 577/2044/1900 576/2043/1899
f 579/2046/1902 576/2043/1899 575/2042/1898
f 575/2042/1898 574/2041/1897 579/2046/1902
f 579/2046/1902 578/2045/1901 576/2043/1899
f 580/2051/1907 574/2050/1906 575/2049/1905
f 581/2052/1908 575/2049/1905 569/2048/1904
f 569/2048/1904 568/2047/1903 581/2052/1908
f 581/2052/1908 580/2051/1907 575/2049/1905
f 570/2053/1909 569/2054/1910 576/2056/1912
f 569/2054/1910 575/2055/1911 576/2056/1912
f 583/2062/1918 571/2057/1913 570/2058/1914
f 570/2058/1914 576/2059/1915 582/2061/1917
f 576/2059/1915 577/2060/1916 582/2061/1917
f 582/2061/1917 583/2062/1918 570/2058/1914
f 611/2157/2008 568/2155/2006 573/2154/1920
f 611/2157/2008 610/2156/2007 568/2155/2006
f 628/2244/2086 572/2242/1919 571/2241/2084
f 628/2244/2086 627/2243/2085 572/2242/1919
usemtl Stone_Brit_Gray_Light
f 585/2066/1922 584/2065/1921 573/2064/1920
f 585/2066/1922 573/2064/1920 572/2063/1919
f 586/2067/1923 588/2071/1927 587/2070/1926
f 587/2070/1926 585/2069/1925 586/2067/1923
f 585/2069/1925 572/2068/1924 586/2067/1923
f 590/2075/1931 587/2074/1930 588/2073/1929
f 592/2217/2065 588/2218/1929 622/2219/2066
f 592/2217/2065 622/2219/2066 617/2220/2067
f 590/2075/1931 588/2073/1929 589/2072/1928
f 585/2076/1932 587/2077/1933 584/2079/1935
f 587/2077/1933 590/2078/1934 584/2079/1935
usemtl Stone_Brit_Gray
f 599/2106/1961 600/2105/1960 589/2104/1937
f 593/2107/1962 599/2106/1961 589/2104/1937
usemtl Stone_Brit_Gray_Light
f 590/2082/1938 589/2081/1937 591/2080/1936
f 591/2080/1936 573/2084/1940 584/2083/1939
f 584/2083/1939 590/2082/1938 591/2080/1936
usemtl Stone_Brit_Gray
f 588/2086/1942 592/2085/1941 594/2089/1945
f 594/2089/1945 593/2088/1944 588/2086/1942
f 593/2088/1944 589/2087/1943 588/2086/1942
f 594/2092/1948 592/2091/1947 595/2090/1946
f 595/2090/1946 597/2094/1950 596/2093/1949
f 596/2093/1949 594/2092/1948 595/2090/1946
usemtl Stone_Brit_Gray_Light
f 624/2227/2072 597/2226/1950 578/2225/2071
f 625/2228/2073 624/2227/2072 578/2225/2071
usemtl Stone_Brit_Gray
f 598/2095/1951 600/2099/1955 599/2098/1954
f 599/2098/1954 596/2097/1953 598/2095/1951
f 596/2097/1953 597/2096/1952 598/2095/1951
usemtl Stone_Brit_Gray_Light
f 603/2116/1970 600/2114/1955 580/2113/1968
f 603/2116/1970 602/2115/1969 600/2114/1955
usemtl Stone_Brit_Gray
f 594/2100/1956 596/2101/1957 593/2103/1959
f 596/2101/1957 599/2102/1958 593/2103/1959
f 611/2160/2010 573/2159/2009 591/2158/1965
f 612/2161/2011 611/2160/2010 591/2158/1965
usemtl Stone_Brit_Gray_Light
f 601/2111/1966 591/2110/1965 589/2109/1964
f 589/2109/1964 600/2108/1963 602/2112/1967
f 602/2112/1967 601/2111/1966 589/2109/1964
usemtl Stone_Brit_Gray
f 609/2152/2004 581/2151/1971 568/2150/2003
f 610/2153/2005 609/2152/2004 568/2150/2003
f 605/2131/1984 574/2130/1983 580/2129/1972
f 606/2132/1985 605/2131/1984 580/2129/1972
usemtl Stone_Brit_Gray_Light
f 604/2120/1974 603/2119/1973 581/2117/1971
f 603/2119/1973 580/2118/1972 581/2117/1971
f 601/2121/1975 602/2122/1976 604/2124/1978
f 602/2122/1976 603/2123/1977 604/2124/1978
f 601/2128/1982 604/2127/1981 581/2126/1980
f 601/2128/1982 581/2126/1980 591/2125/1979
usemtl Stone_Brit_Gray
f 600/2134/1987 598/2133/1986 607/2137/1990
f 607/2137/1990 606/2136/1989 600/2134/1987
f 606/2136/1989 580/2135/1988 600/2134/1987
usemtl Stone_Brit_Gray_Light
f 624/2224/2070 598/2222/1986 597/2221/2068
f 624/2224/2070 623/2223/2069 598/2222/1986
usemtl Stone_Brit_Gray
f 608/2141/1994 607/2140/1993 579/2138/1991
f 607/2140/1993 598/2139/1992 579/2138/1991
f 607/2142/1995 608/2143/1996 606/2145/1998
f 608/2143/1996 605/2144/1997 606/2145/1998
f 605/2149/2002 608/2148/2001 579/2147/2000
f 613/2172/2022 577/2171/2021 578/2170/2020
f 614/2173/2023 613/2172/2022 578/2170/2020
f 605/2149/2002 579/2147/2000 574/2146/1999
usemtl Stone_Brit_Gray_Light
f 626/2232/2075 578/2230/2020 579/2229/2000
f 626/2232/2075 625/2231/2074 578/2230/2020
usemtl Stone_Brit_Gray
f 611/2162/2012 612/2163/2013 610/2165/2015
f 612/2163/2013 609/2164/2014 610/2165/2015
f 609/2169/2019 612/2168/2018 591/2167/2017
f 609/2169/2019 591/2167/2017 581/2166/2016
f 614/2177/2027 578/2176/2026 597/2175/2025
f 597/2175/2025 595/2174/2024 615/2178/2028
f 615/2178/2028 614/2177/2027 597/2175/2025
usemtl Stone_Brit_Gray_Light
f 595/2191/2024 592/2192/2041 618/2194/2043
f 592/2192/2041 617/2193/2042 618/2194/2043
usemtl Stone_Brit_Gray
f 616/2182/2032 615/2181/2031 595/2180/2030
f 616/2182/2032 595/2180/2030 582/2179/2029
f 616/2183/2033 613/2184/2034 615/2186/2036
f 613/2184/2034 614/2185/2035 615/2186/2036
f 613/2190/2040 616/2189/2039 577/2187/2037
f 616/2189/2039 582/2188/2038 577/2187/2037
f 628/2247/2088 571/2246/2087 583/2245/2048
f 629/2248/2089 628/2247/2088 583/2245/2048
usemtl Stone_Brit_Gray_Light
f 583/2199/2048 582/2200/2038 619/2201/2049
f 583/2199/2048 619/2201/2049 620/2202/2050
f 582/2195/2044 595/2196/2045 619/2198/2047
f 595/2196/2045 618/2197/2046 619/2198/2047
f 586/2203/2051 583/2204/2052 621/2206/2054
f 583/2204/2052 620/2205/2053 621/2206/2054
usemtl Stone_Brit_Gray
f 630/2259/2099 586/2258/2056 572/2257/2098
f 627/2260/2100 630/2259/2099 572/2257/2098
usemtl Stone_Brit_Gray_Light
f 588/2207/2055 586/2208/2056 621/2209/2057
f 588/2207/2055 621/2209/2057 622/2210/2058
f 617/2211/2059 622/2216/2064 621/2215/2063
f 620/2214/2062 619/2213/2061 617/2211/2059
f 617/2211/2059 621/2215/2063 620/2214/2062
f 619/2213/2061 618/2212/2060 617/2211/2059
f 624/2233/2076 625/2234/2077 623/2236/2079
f 625/2234/2077 626/2235/2078 623/2236/2079
f 623/2240/2083 626/2239/2082 598/2237/2080
f 626/2239/2082 579/2238/2081 598/2237/2080
usemtl Stone_Brit_Gray
f 630/2252/2093 629/2251/2092 586/2249/2090
f 629/2251/2092 583/2250/2091 586/2249/2090
f 628/2253/2094 629/2254/2095 627/2256/2097
f 629/2254/2095 630/2255/2096 627/2256/2097
f 633/2263/2103 634/2264/2104 635/2265/2105
f 632/2262/2102 633/2263/2103 636/2266/2106
f 636/2266/2106 631/2261/2101 632/2262/2102
f 633/2263/2103 635/2265/2105 636/2266/2106
f 641/2271/2111 640/2270/2110 639/2269/2109
f 642/2272/2112 639/2269/2109 638/2268/2108
f 638/2268/2108 637/2267/2107 642/2272/2112
f 642/2272/2112 641/2271/2111 639/2269/2109
f 643/2277/2117 637/2276/2116 638/2275/2115
f 644/2278/2118 638/2275/2115 632/2274/2114
f 632/2274/2114 631/2273/2113 644/2278/2118
f 644/2278/2118 643/2277/2117 638/2275/2115
f 633/2279/2119 632/2280/2120 639/2282/2122
f 632/2280/2120 638/2281/2121 639/2282/2122
f 646/2288/2128 634/2283/2123 633/2284/2124
f 633/2284/2124 639/2285/2125 645/2287/2127
f 639/2285/2125 640/2286/2126 645/2287/2127
f 645/2287/2127 646/2288/2128 633/2284/2124
f 674/2383/2218 631/2381/2216 636/2380/2130
f 674/2383/2218 673/2382/2217 631/2381/2216
f 691/2470/2296 635/2468/2129 634/2467/2294
f 691/2470/2296 690/2469/2295 635/2468/2129
usemtl Stone_Brit_Gray_Light
f 648/2292/2132 647/2291/2131 636/2290/2130
f 648/2292/2132 636/2290/2130 635/2289/2129
f 649/2293/2133 651/2297/2137 650/2296/2136
f 650/2296/2136 648/2295/2135 649/2293/2133
f 648/2295/2135 635/2294/2134 649/2293/2133
f 653/2301/2141 650/2300/2140 651/2299/2139
f 655/2443/2275 651/2444/2139 685/2445/2276
f 655/2443/2275 685/2445/2276 680/2446/2277
f 653/2301/2141 651/2299/2139 652/2298/2138
f 648/2302/2142 650/2303/2143 647/2305/2145
f 650/2303/2143 653/2304/2144 647/2305/2145
usemtl Stone_Brit_Gray
f 662/2332/2171 663/2331/2170 652/2330/2147
f 656/2333/2172 662/2332/2171 652/2330/2147
usemtl Stone_Brit_Gray_Light
f 653/2308/2148 652/2307/2147 654/2306/2146
f 654/2306/2146 636/2310/2150 647/2309/2149
f 647/2309/2149 653/2308/2148 654/2306/2146
usemtl Stone_Brit_Gray
f 651/2312/2152 655/2311/2151 657/2315/2155
f 657/2315/2155 656/2314/2154 651/2312/2152
f 656/2314/2154 652/2313/2153 651/2312/2152
f 657/2318/2158 655/2317/2157 658/2316/2156
f 658/2316/2156 660/2320/2160 659/2319/2159
f 659/2319/2159 657/2318/2158 658/2316/2156
usemtl Stone_Brit_Gray_Light
f 687/2453/2282 660/2452/2160 641/2451/2281
f 688/2454/2283 687/2453/2282 641/2451/2281
usemtl Stone_Brit_Gray
f 661/2321/2161 663/2325/2165 662/2324/2164
f 662/2324/2164 659/2323/2163 661/2321/2161
f 659/2323/2163 660/2322/2162 661/2321/2161
usemtl Stone_Brit_Gray_Light
f 666/2342/2180 663/2340/2165 643/2339/2178
f 666/2342/2180 665/2341/2179 663/2340/2165
usemtl Stone_Brit_Gray
f 657/2326/2166 659/2327/2167 656/2329/2169
f 659/2327/2167 662/2328/2168 656/2329/2169
f 674/2386/2220 636/2385/2219 654/2384/2175
f 675/2387/2221 674/2386/2220 654/2384/2175
usemtl Stone_Brit_Gray_Light
f 664/2337/2176 654/2336/2175 652/2335/2174
f 652/2335/2174 663/2334/2173 665/2338/2177
f 665/2338/2177 664/2337/2176 652/2335/2174
usemtl Stone_Brit_Gray
f 672/2378/2214 644/2377/2181 631/2376/2213
f 673/2379/2215 672/2378/2214 631/2376/2213
f 668/2357/2194 637/2356/2193 643/2355/2182
f 669/2358/2195 668/2357/2194 643/2355/2182
usemtl Stone_Brit_Gray_Light
f 667/2346/2184 666/2345/2183 644/2343/2181
f 666/2345/2183 643/2344/2182 644/2343/2181
f 664/2347/2185 665/2348/2186 667/2350/2188
f 665/2348/2186 666/2349/2187 667/2350/2188
f 664/2354/2192 667/2353/2191 644/2352/2190
f 664/2354/2192 644/2352/2190 654/2351/2189
usemtl Stone_Brit_Gray
f 663/2360/2197 661/2359/2196 670/2363/2200
f 670/2363/2200 669/2362/2199 663/2360/2197
f 669/2362/2199 643/2361/2198 663/2360/2197
usemtl Stone_Brit_Gray_Light
f 687/2450/2280 661/2448/2196 660/2447/2278
f 687/2450/2280 686/2449/2279 661/2448/2196
usemtl Stone_Brit_Gray
f 671/2367/2204 670/2366/2203 642/2364/2201
f 670/2366/2203 661/2365/2202 642/2364/2201
f 670/2368/2205 671/2369/2206 669/2371/2208
f 671/2369/2206 668/2370/2207 669/2371/2208
f 668/2375/2212 671/2374/2211 642/2373/2210
f 676/2398/2232 640/2397/2231 641/2396/2230
f 677/2399/2233 676/2398/2232 641/2396/2230
f 668/2375/2212 642/2373/2210 637/2372/2209
usemtl Stone_Brit_Gray_Light
f 689/2458/2285 641/2456/2230 642/2455/2210
f 689/2458/2285 688/2457/2284 641/2456/2230
usemtl Stone_Brit_Gray
f 674/2388/2222 675/2389/2223 673/2391/2225
f 675/2389/2223 672/2390/2224 673/2391/2225
f 672/2395/2229 675/2394/2228 654/2393/2227
f 672/2395/2229 654/2393/2227 644/2392/2226
f 677/2403/2237 641/2402/2236 660/2401/2235
f 660/2401/2235 658/2400/2234 678/2404/2238
f 678/2404/2238 677/2403/2237 660/2401/2235
usemtl Stone_Brit_Gray_Light
f 658/2417/2234 655/2418/2251 681/2420/2253
f 655/2418/2251 680/2419/2252 681/2420/2253
usemtl Stone_Brit_Gray
f 679/2408/2242 678/2407/2241 658/2406/2240
f 679/2408/2242 658/2406/2240 645/2405/2239
f 679/2409/2243 676/2410/2244 678/2412/2246
f 676/2410/2244 677/2411/2245 678/2412/2246
f 676/2416/2250 679/2415/2249 640/2413/2247
f 679/2415/2249 645/2414/2248 640/2413/2247
f 691/2473/2298 634/2472/2297 646/2471/2258
f 692/2474/2299 691/2473/2298 646/2471/2258
usemtl Stone_Brit_Gray_Light
f 646/2425/2258 645/2426/2248 682/2427/2259
f 646/2425/2258 682/2427/2259 683/2428/2260
f 645/2421/2254 658/2422/2255 682/2424/2257
f 658/2422/2255 681/2423/2256 682/2424/2257
f 649/2429/2261 646/2430/2262 684/2432/2264
f 646/2430/2262 683/2431/2263 684/2432/2264
usemtl Stone_Brit_Gray
f 693/2485/2309 649/2484/2266 635/2483/2308
f 690/2486/2310 693/2485/2309 635/2483/2308
usemtl Stone_Brit_Gray_Light
f 651/2433/2265 649/2434/2266 684/2435/2267
f 651/2433/2265 684/2435/2267 685/2436/2268
f 680/2437/2269 685/2442/2274 684/2441/2273
f 683/2440/2272 682/2439/2271 680/2437/2269
f 680/2437/2269 684/2441/2273 683/2440/2272
f 682/2439/2271 681/2438/2270 680/2437/2269
f 687/2459/2286 688/2460/2287 686/2462/2289
f 688/2460/2287 689/2461/2288 686/2462/2289
f 686/2466/2293 689/2465/2292 661/2463/2290
f 689/2465/2292 642/2464/2291 661/2463/2290
usemtl Stone_Brit_Gray
f 693/2478/2303 692/2477/2302 649/2475/2300
f 692/2477/2302 646/2476/2301 649/2475/2300
f 691/2479/2304 692/2480/2305 690/2482/2307
f 692/2480/2305 693/2481/2306 690/2482/2307
f 696/2489/2313 697/2490/2314 698/2491/2315
f 695/2488/2312 696/2489/2313 699/2492/2316
f 699/2492/2316 694/2487/2311 695/2488/2312
f 696/2489/2313 698/2491/2315 699/2492/2316
f 704/2497/2321 703/2496/2320 702/2495/2319
f 705/2498/2322 702/2495/2319 701/2494/2318
f 701/2494/2318 700/2493/2317 705/2498/2322
f 705/2498/2322 704/2497/2321 702/2495/2319
f 706/2503/2327 700/2502/2326 701/2501/2325
f 707/2504/2328 701/2501/2325 695/2500/2324
f 695/2500/2324 694/2499/2323 707/2504/2328
f 707/2504/2328 706/2503/2327 701/2501/2325
f 696/2505/2329 695/2506/2330 702/2508/2332
f 695/2506/2330 701/2507/2331 702/2508/2332
f 709/2514/2338 697/2509/2333 696/2510/2334
f 696/2510/2334 702/2511/2335 708/2513/2337
f 702/2511/2335 703/2512/2336 708/2513/2337
f 708/2513/2337 709/2514/2338 696/2510/2334
f 737/2609/2428 694/2607/2426 699/2606/2340
f 737/2609/2428 736/2608/2427 694/2607/2426
f 754/2696/2506 698/2694/2339 697/2693/2504
f 754/2696/2506 753/2695/2505 698/2694/2339
usemtl Stone_Brit_Gray_Light
f 711/2518/2342 710/2517/2341 699/2516/2340
f 711/2518/2342 699/2516/2340 698/2515/2339
f 712/2519/2343 714/2523/2347 713/2522/2346
f 713/2522/2346 711/2521/2345 712/2519/2343
f 711/2521/2345 698/2520/2344 712/2519/2343
f 716/2527/2351 713/2526/2350 714/2525/2349
f 718/2669/2485 714/2670/2349 748/2671/2486
f 718/2669/2485 748/2671/2486 743/2672/2487
f 716/2527/2351 714/2525/2349 715/2524/2348
f 711/2528/2352 713/2529/2353 710/2531/2355
f 713/2529/2353 716/2530/2354 710/2531/2355
usemtl Stone_Brit_Gray
f 725/2558/2381 726/2557/2380 715/2556/2357
f 719/2559/2382 725/2558/2381 715/2556/2357
usemtl Stone_Brit_Gray_Light
f 716/2534/2358 715/2533/2357 717/2532/2356
f 717/2532/2356 699/2536/2360 710/2535/2359
f 710/2535/2359 716/2534/2358 717/2532/2356
usemtl Stone_Brit_Gray
f 714/2538/2362 718/2537/2361 720/2541/2365
f 720/2541/2365 719/2540/2364 714/2538/2362
f 719/2540/2364 715/2539/2363 714/2538/2362
f 720/2544/2368 718/2543/2367 721/2542/2366
f 721/2542/2366 723/2546/2370 722/2545/2369
f 722/2545/2369 720/2544/2368 721/2542/2366
usemtl Stone_Brit_Gray_Light
f 750/2679/2492 723/2678/2370 704/2677/2491
f 751/2680/2493 750/2679/2492 704/2677/2491
usemtl Stone_Brit_Gray
f 724/2547/2371 726/2551/2375 725/2550/2374
f 725/2550/2374 722/2549/2373 724/2547/2371
f 722/2549/2373 723/2548/2372 724/2547/2371
usemtl Stone_Brit_Gray_Light
f 729/2568/2390 726/2566/2375 706/2565/2388
f 729/2568/2390 728/2567/2389 726/2566/2375
usemtl Stone_Brit_Gray
f 720/2552/2376 722/2553/2377 719/2555/2379
f 722/2553/2377 725/2554/2378 719/2555/2379
f 737/2612/2430 699/2611/2429 717/2610/2385
f 738/2613/2431 737/2612/2430 717/2610/2385
usemtl Stone_Brit_Gray_Light
f 727/2563/2386 717/2562/2385 715/2561/2384
f 715/2561/2384 726/2560/2383 728/2564/2387
f 728/2564/2387 727/2563/2386 715/2561/2384
usemtl Stone_Brit_Gray
f 735/2604/2424 707/2603/2391 694/2602/2423
f 736/2605/2425 735/2604/2424 694/2602/2423
f 731/2583/2404 700/2582/2403 706/2581/2392
f 732/2584/2405 731/2583/2404 706/2581/2392
usemtl Stone_Brit_Gray_Light
f 730/2572/2394 729/2571/2393 707/2569/2391
f 729/2571/2393 706/2570/2392 707/2569/2391
f 727/2573/2395 728/2574/2396 730/2576/2398
f 728/2574/2396 729/2575/2397 730/2576/2398
f 727/2580/2402 730/2579/2401 707/2578/2400
f 727/2580/2402 707/2578/2400 717/2577/2399
usemtl Stone_Brit_Gray
f 726/2586/2407 724/2585/2406 733/2589/2410
f 733/2589/2410 732/2588/2409 726/2586/2407
f 732/2588/2409 706/2587/2408 726/2586/2407
usemtl Stone_Brit_Gray_Light
f 750/2676/2490 724/2674/2406 723/2673/2488
f 750/2676/2490 749/2675/2489 724/2674/2406
usemtl Stone_Brit_Gray
f 734/2593/2414 733/2592/2413 705/2590/2411
f 733/2592/2413 724/2591/2412 705/2590/2411
f 733/2594/2415 734/2595/2416 732/2597/2418
f 734/2595/2416 731/2596/2417 732/2597/2418
f 731/2601/2422 734/2600/2421 705/2599/2420
f 739/2624/2442 703/2623/2441 704/2622/2440
f 740/2625/2443 739/2624/2442 704/2622/2440
f 731/2601/2422 705/2599/2420 700/2598/2419
usemtl Stone_Brit_Gray_Light
f 752/2684/2495 704/2682/2440 705/2681/2420
f 752/2684/2495 751/2683/2494 704/2682/2440
usemtl Stone_Brit_Gray
f 737/2614/2432 738/2615/2433 736/2617/2435
f 738/2615/2433 735/2616/2434 736/2617/2435
f 735/2621/2439 738/2620/2438 717/2619/2437
f 735/2621/2439 717/2619/2437 707/2618/2436
f 740/2629/2447 704/2628/2446 723/2627/2445
f 723/2627/2445 721/2626/2444 741/2630/2448
f 741/2630/2448 740/2629/2447 723/2627/2445
usemtl Stone_Brit_Gray_Light
f 721/2643/2444 718/2644/2461 744/2646/2463
f 718/2644/2461 743/2645/2462 744/2646/2463
usemtl Stone_Brit_Gray
f 742/2634/2452 741/2633/2451 721/2632/2450
f 742/2634/2452 721/2632/2450 708/2631/2449
f 742/2635/2453 739/2636/2454 741/2638/2456
f 739/2636/2454 740/2637/2455 741/2638/2456
f 739/2642/2460 742/2641/2459 703/2639/2457
f 742/2641/2459 708/2640/2458 703/2639/2457
f 754/2699/2508 697/2698/2507 709/2697/2468
f 755/2700/2509 754/2699/2508 709/2697/2468
usemtl Stone_Brit_Gray_Light
f 709/2651/2468 708/2652/2458 745/2653/2469
f 709/2651/2468 745/2653/2469 746/2654/2470
f 708/2647/2464 721/2648/2465 745/2650/2467
f 721/2648/2465 744/2649/2466 745/2650/2467
f 712/2655/2471 709/2656/2472 747/2658/2474
f 709/2656/2472 746/2657/2473 747/2658/2474
usemtl Stone_Brit_Gray
f 756/2711/2519 712/2710/2476 698/2709/2518
f 753/2712/2520 756/2711/2519 698/2709/2518
usemtl Stone_Brit_Gray_Light
f 714/2659/2475 712/2660/2476 747/2661/2477
f 714/2659/2475 747/2661/2477 748/2662/2478
f 743/2663/2479 748/2668/2484 747/2667/2483
f 746/2666/2482 745/2665/2481 743/2663/2479
f 743/2663/2479 747/2667/2483 746/2666/2482
f 745/2665/2481 744/2664/2480 743/2663/2479
f 750/2685/2496 751/2686/2497 749/2688/2499
f 751/2686/2497 752/2687/2498 749/2688/2499
f 749/2692/2503 752/2691/2502 724/2689/2500
f 752/2691/2502 705/2690/2501 724/2689/2500
usemtl Stone_Brit_Gray
f 756/2704/2513 755/2703/2512 712/2701/2510
f 755/2703/2512 709/2702/2511 712/2701/2510
f 754/2705/2514 755/2706/2515 753/2708/2517
f 755/2706/2515 756/2707/2516 753/2708/2517
f 759/2715/2523 760/2716/2524 761/2717/2525
f 758/2714/2522 759/2715/2523 762/2718/2526
f 762/2718/2526 757/2713/2521 758/2714/2522
f 759/2715/2523 761/2717/2525 762/2718/2526
f 767/2723/2531 766/2722/2530 765/2721/2529
f 768/2724/2532 765/2721/2529 764/2720/2528
f 764/2720/2528 763/2719/2527 768/2724/2532
f 768/2724/2532 767/2723/2531 765/2721/2529
f 769/2729/2537 763/2728/2536 764/2727/2535
f 770/2730/2538 764/2727/2535 758/2726/2534
f 758/2726/2534 757/2725/2533 770/2730/2538
f 770/2730/2538 769/2729/2537 764/2727/2535
f 759/2731/2539 758/2732/2540 765/2734/2542
f 758/2732/2540 764/2733/2541 765/2734/2542
f 772/2740/2548 760/2735/2543 759/2736/2544
f 759/2736/2544 765/2737/2545 771/2739/2547
f 765/2737/2545 766/2738/2546 771/2739/2547
f 771/2739/2547 772/2740/2548 759/2736/2544
f 800/2835/2638 757/2833/2636 762/2832/2550
f 800/2835/2638 799/2834/2637 757/2833/2636
f 817/2922/2716 761/2920/2549 760/2919/2714
f 817/2922/2716 816/2921/2715 761/2920/2549
usemtl Stone_Brit_Gray_Light
f 774/2744/2552 773/2743/2551 762/2742/2550
f 774/2744/2552 762/2742/2550 761/2741/2549
f 775/2745/2553 777/2749/2557 776/2748/2556
f 776/2748/2556 774/2747/2555 775/2745/2553
f 774/2747/2555 761/2746/2554 775/2745/2553
f 779/2753/2561 776/2752/2560 777/2751/2559
f 781/2895/2695 777/2896/2559 811/2897/2696
f 781/2895/2695 811/2897/2696 806/2898/2697
f 779/2753/2561 777/2751/2559 778/2750/2558
f 774/2754/2562 776/2755/2563 773/2757/2565
f 776/2755/2563 779/2756/2564 773/2757/2565
usemtl Stone_Brit_Gray
f 788/2784/2591 789/2783/2590 778/2782/2567
f 782/2785/2592 788/2784/2591 778/2782/2567
usemtl Stone_Brit_Gray_Light
f 779/2760/2568 778/2759/2567 780/2758/2566
f 780/2758/2566 762/2762/2570 773/2761/2569
f 773/2761/2569 779/2760/2568 780/2758/2566
usemtl Stone_Brit_Gray
f 777/2764/2572 781/2763/2571 783/2767/2575
f 783/2767/2575 782/2766/2574 777/2764/2572
f 782/2766/2574 778/2765/2573 777/2764/2572
f 783/2770/2578 781/2769/2577 784/2768/2576
f 784/2768/2576 786/2772/2580 785/2771/2579
f 785/2771/2579 783/2770/2578 784/2768/2576
usemtl Stone_Brit_Gray_Light
f 813/2905/2702 786/2904/2580 767/2903/2701
f 814/2906/2703 813/2905/2702 767/2903/2701
usemtl Stone_Brit_Gray
f 787/2773/2581 789/2777/2585 788/2776/2584
f 788/2776/2584 785/2775/2583 787/2773/2581
f 785/2775/2583 786/2774/2582 787/2773/2581
usemtl Stone_Brit_Gray_Light
f 792/2794/2600 789/2792/2585 769/2791/2598
f 792/2794/2600 791/2793/2599 789/2792/2585
usemtl Stone_Brit_Gray
f 783/2778/2586 785/2779/2587 782/2781/2589
f 785/2779/2587 788/2780/2588 782/2781/2589
f 800/2838/2640 762/2837/2639 780/2836/2595
f 801/2839/2641 800/2838/2640 780/2836/2595
usemtl Stone_Brit_Gray_Light
f 790/2789/2596 780/2788/2595 778/2787/2594
f 778/2787/2594 789/2786/2593 791/2790/2597
f 791/2790/2597 790/2789/2596 778/2787/2594
usemtl Stone_Brit_Gray
f 798/2830/2634 770/2829/2601 757/2828/2633
f 799/2831/2635 798/2830/2634 757/2828/2633
f 794/2809/2614 763/2808/2613 769/2807/2602
f 795/2810/2615 794/2809/2614 769/2807/2602
usemtl Stone_Brit_Gray_Light
f 793/2798/2604 792/2797/2603 770/2795/2601
f 792/2797/2603 769/2796/2602 770/2795/2601
f 790/2799/2605 791/2800/2606 793/2802/2608
f 791/2800/2606 792/2801/2607 793/2802/2608
f 790/2806/2612 793/2805/2611 770/2804/2610
f 790/2806/2612 770/2804/2610 780/2803/2609
usemtl Stone_Brit_Gray
f 789/2812/2617 787/2811/2616 796/2815/2620
f 796/2815/2620 795/2814/2619 789/2812/2617
f 795/2814/2619 769/2813/2618 789/2812/2617
usemtl Stone_Brit_Gray_Light
f 813/2902/2700 787/2900/2616 786/2899/2698
f 813/2902/2700 812/2901/2699 787/2900/2616
usemtl Stone_Brit_Gray
f 797/2819/2624 796/2818/2623 768/2816/2621
f 796/2818/2623 787/2817/2622 768/2816/2621
f 796/2820/2625 797/2821/2626 795/2823/2628
f 797/2821/2626 794/2822/2627 795/2823/2628
f 794/2827/2632 797/2826/2631 768/2825/2630
f 802/2850/2652 766/2849/2651 767/2848/2650
f 803/2851/2653 802/2850/2652 767/2848/2650
f 794/2827/2632 768/2825/2630 763/2824/2629
usemtl Stone_Brit_Gray_Light
f 815/2910/2705 767/2908/2650 768/2907/2630
f 815/2910/2705 814/2909/2704 767/2908/2650
usemtl Stone_Brit_Gray
f 800/2840/2642 801/2841/2643 799/2843/2645
f 801/2841/2643 798/2842/2644 799/2843/2645
f 798/2847/2649 801/2846/2648 780/2845/2647
f 798/2847/2649 780/2845/2647 770/2844/2646
f 803/2855/2657 767/2854/2656 786/2853/2655
f 786/2853/2655 784/2852/2654 804/2856/2658
f 804/2856/2658 803/2855/2657 786/2853/2655
usemtl Stone_Brit_Gray_Light
f 784/2869/2654 781/2870/2671 807/2872/2673
f 781/2870/2671 806/2871/2672 807/2872/2673
usemtl Stone_Brit_Gray
f 805/2860/2662 804/2859/2661 784/2858/2660
f 805/2860/2662 784/2858/2660 771/2857/2659
f 805/2861/2663 802/2862/2664 804/2864/2666
f 802/2862/2664 803/2863/2665 804/2864/2666
f 802/2868/2670 805/2867/2669 766/2865/2667
f 805/2867/2669 771/2866/2668 766/2865/2667
f 817/2925/2718 760/2924/2717 772/2923/2678
f 818/2926/2719 817/2925/2718 772/2923/2678
usemtl Stone_Brit_Gray_Light
f 772/2877/2678 771/2878/2668 808/2879/2679
f 772/2877/2678 808/2879/2679 809/2880/2680
f 771/2873/2674 784/2874/2675 808/2876/2677
f 784/2874/2675 807/2875/2676 808/2876/2677
f 775/2881/2681 772/2882/2682 810/2884/2684
f 772/2882/2682 809/2883/2683 810/2884/2684
usemtl Stone_Brit_Gray
f 819/2937/2729 775/2936/2686 761/2935/2728
f 816/2938/2730 819/2937/2729 761/2935/2728
usemtl Stone_Brit_Gray_Light
f 777/2885/2685 775/2886/2686 810/2887/2687
f 777/2885/2685 810/2887/2687 811/2888/2688
f 806/2889/2689 811/2894/2694 810/2893/2693
f 809/2892/2692 808/2891/2691 806/2889/2689
f 806/2889/2689 810/2893/2693 809/2892/2692
f 808/2891/2691 807/2890/2690 806/2889/2689
f 813/2911/2706 814/2912/2707 812/2914/2709
f 814/2912/2707 815/2913/2708 812/2914/2709
f 812/2918/2713 815/2917/2712 787/2915/2710
f 815/2917/2712 768/2916/2711 787/2915/2710
usemtl Stone_Brit_Gray
f 819/2930/2723 818/2929/2722 775/2927/2720
f 818/2929/2722 772/2928/2721 775/2927/2720
f 817/2931/2724 818/2932/2725 816/2934/2727
f 818/2932/2725 819/2933/2726 816/2934/2727
f 822/2941/2733 823/2942/2734 824/2943/2735
f 821/2940/2732 822/2941/2733 825/2944/2736
f 825/2944/2736 820/2939/2731 821/2940/2732
f 822/2941/2733 824/2943/2735 825/2944/2736
f 830/2949/2741 829/2948/2740 828/2947/2739
f 831/2950/2742 828/2947/2739 827/2946/2738
f 827/2946/2738 826/2945/2737 831/2950/2742
f 831/2950/2742 830/2949/2741 828/2947/2739
f 832/2955/2747 826/2954/2746 827/2953/2745
f 833/2956/2748 827/2953/2745 821/2952/2744
f 821/2952/2744 820/2951/2743 833/2956/2748
f 833/2956/2748 832/2955/2747 827/2953/2745
f 822/2957/2749 821/2958/2750 828/2960/2752
f 821/2958/2750 827/2959/2751 828/2960/2752
f 835/2966/2758 823/2961/2753 822/2962/2754
f 822/2962/2754 828/2963/2755 834/2965/2757
f 828/2963/2755 829/2964/2756 834/2965/2757
f 834/2965/2757 835/2966/2758 822/2962/2754
f 863/3061/2848 820/3059/2846 825/3058/2760
f 863/3061/2848 862/3060/2847 820/3059/2846
f 880/3148/2926 824/3146/2759 823/3145/2924
f 880/3148/2926 879/3147/2925 824/3146/2759
usemtl Stone_Brit_Gray_Light
f 837/2970/2762 836/2969/2761 825/2968/2760
f 837/2970/2762 825/2968/2760 824/2967/2759
f 838/2971/2763 840/2975/2767 839/2974/2766
f 839/2974/2766 837/2973/2765 838/2971/2763
f 837/2973/2765 824/2972/2764 838/2971/2763
f 842/2979/2771 839/2978/2770 840/2977/2769
f 844/3121/2905 840/3122/2769 874/3123/2906
f 844/3121/2905 874/3123/2906 869/3124/2907
f 842/2979/2771 840/2977/2769 841/2976/2768
f 837/2980/2772 839/2981/2773 836/2983/2775
f 839/2981/2773 842/2982/2774 836/2983/2775
usemtl Stone_Brit_Gray
f 851/3010/2801 852/3009/2800 841/3008/2777
f 845/3011/2802 851/3010/2801 841/3008/2777
usemtl Stone_Brit_Gray_Light
f 842/2986/2778 841/2985/2777 843/2984/2776
f 843/2984/2776 825/2988/2780 836/2987/2779
f 836/2987/2779 842/2986/2778 843/2984/2776
usemtl Stone_Brit_Gray
f 840/2990/2782 844/2989/2781 846/2993/2785
f 846/2993/2785 845/2992/2784 840/2990/2782
f 845/2992/2784 841/2991/2783 840/2990/2782
f 846/2996/2788 844/2995/2787 847/2994/2786
f 847/2994/2786 849/2998/2790 848/2997/2789
f 848/2997/2789 846/2996/2788 847/2994/2786
usemtl Stone_Brit_Gray_Light
f 876/3131/2912 849/3130/2790 830/3129/2911
f 877/3132/2913 876/3131/2912 830/3129/2911
usemtl Stone_Brit_Gray
f 850/2999/2791 852/3003/2795 851/3002/2794
f 851/3002/2794 848/3001/2793 850/2999/2791
f 848/3001/2793 849/3000/2792 850/2999/2791
usemtl Stone_Brit_Gray_Light
f 855/3020/2810 852/3018/2795 832/3017/2808
f 855/3020/2810 854/3019/2809 852/3018/2795
usemtl Stone_Brit_Gray
f 846/3004/2796 848/3005/2797 845/3007/2799
f 848/3005/2797 851/3006/2798 845/3007/2799
f 863/3064/2850 825/3063/2849 843/3062/2805
f 864/3065/2851 863/3064/2850 843/3062/2805
usemtl Stone_Brit_Gray_Light
f 853/3015/2806 843/3014/2805 841/3013/2804
f 841/3013/2804 852/3012/2803 854/3016/2807
f 854/3016/2807 853/3015/2806 841/3013/2804
usemtl Stone_Brit_Gray
f 861/3056/2844 833/3055/2811 820/3054/2843
f 862/3057/2845 861/3056/2844 820/3054/2843
f 857/3035/2824 826/3034/2823 832/3033/2812
f 858/3036/2825 857/3035/2824 832/3033/2812
usemtl Stone_Brit_Gray_Light
f 856/3024/2814 855/3023/2813 833/3021/2811
f 855/3023/2813 832/3022/2812 833/3021/2811
f 853/3025/2815 854/3026/2816 856/3028/2818
f 854/3026/2816 855/3027/2817 856/3028/2818
f 853/3032/2822 856/3031/2821 833/3030/2820
f 853/3032/2822 833/3030/2820 843/3029/2819
usemtl Stone_Brit_Gray
f 852/3038/2827 850/3037/2826 859/3041/2830
f 859/3041/2830 858/3040/2829 852/3038/2827
f 858/3040/2829 832/3039/2828 852/3038/2827
usemtl Stone_Brit_Gray_Light
f 876/3128/2910 850/3126/2826 849/3125/2908
f 876/3128/2910 875/3127/2909 850/3126/2826
usemtl Stone_Brit_Gray
f 860/3045/2834 859/3044/2833 831/3042/2831
f 859/3044/2833 850/3043/2832 831/3042/2831
f 859/3046/2835 860/3047/2836 858/3049/2838
f 860/3047/2836 857/3048/2837 858/3049/2838
f 857/3053/2842 860/3052/2841 831/3051/2840
f 865/3076/2862 829/3075/2861 830/3074/2860
f 866/3077/2863 865/3076/2862 830/3074/2860
f 857/3053/2842 831/3051/2840 826/3050/2839
usemtl Stone_Brit_Gray_Light
f 878/3136/2915 830/3134/2860 831/3133/2840
f 878/3136/2915 877/3135/2914 830/3134/2860
usemtl Stone_Brit_Gray
f 863/3066/2852 864/3067/2853 862/3069/2855
f 864/3067/2853 861/3068/2854 862/3069/2855
f 861/3073/2859 864/3072/2858 843/3071/2857
f 861/3073/2859 843/3071/2857 833/3070/2856
f 866/3081/2867 830/3080/2866 849/3079/2865
f 849/3079/2865 847/3078/2864 867/3082/2868
f 867/3082/2868 866/3081/2867 849/3079/2865
usemtl Stone_Brit_Gray_Light
f 847/3095/2864 844/3096/2881 870/3098/2883
f 844/3096/2881 869/3097/2882 870/3098/2883
usemtl Stone_Brit_Gray
f 868/3086/2872 867/3085/2871 847/3084/2870
f 868/3086/2872 847/3084/2870 834/3083/2869
f 868/3087/2873 865/3088/2874 867/3090/2876
f 865/3088/2874 866/3089/2875 867/3090/2876
f 865/3094/2880 868/3093/2879 829/3091/2877
f 868/3093/2879 834/3092/2878 829/3091/2877
f 880/3151/2928 823/3150/2927 835/3149/2888
f 881/3152/2929 880/3151/2928 835/3149/2888
usemtl Stone_Brit_Gray_Light
f 835/3103/2888 834/3104/2878 871/3105/2889
f 835/3103/2888 871/3105/2889 872/3106/2890
f 834/3099/2884 847/3100/2885 871/3102/2887
f 847/3100/2885 870/3101/2886 871/3102/2887
f 838/3107/2891 835/3108/2892 873/3110/2894
f 835/3108/2892 872/3109/2893 873/3110/2894
usemtl Stone_Brit_Gray
f 882/3163/2939 838/3162/2896 824/3161/2938
f 879/3164/2940 882/3163/2939 824/3161/2938
usemtl Stone_Brit_Gray_Light
f 840/3111/2895 838/3112/2896 873/3113/2897
f 840/3111/2895 873/3113/2897 874/3114/2898
f 869/3115/2899 874/3120/2904 873/3119/2903
f 872/3118/2902 871/3117/2901 869/3115/2899
f 869/3115/2899 873/3119/2903 872/3118/2902
f 871/3117/2901 870/3116/2900 869/3115/2899
f 876/3137/2916 877/3138/2917 875/3140/2919
f 877/3138/2917 878/3139/2918 875/3140/2919
f 875/3144/2923 878/3143/2922 850/3141/2920
f 878/3143/2922 831/3142/2921 850/3141/2920
usemtl Stone_Brit_Gray
f 882/3156/2933 881/3155/2932 838/3153/2930
f 881/3155/2932 835/3154/2931 838/3153/2930
f 880/3157/2934 881/3158/2935 879/3160/2937
f 881/3158/2935 882/3159/2936 879/3160/2937
usemtl Wood_Dark
f 886/3168/2944 885/3167/2943 884/3166/2942
f 886/3168/2944 884/3166/2942 883/3165/2941
f 887/3171/2947 888/3172/2948 885/3169/2945
f 885/3169/2945 886/3170/2946 887/3171/2947
f 887/3176/2952 890/3175/2951 889/3174/2950
f 887/3176/2952 889/3174/2950 888/3173/2949
f 890/3180/2956 887/3179/2955 883/3177/2953
f 887/3179/2955 886/3178/2954 883/3177/2953
f 884/3181/2957 889/3184/2960 890/3183/2959
f 890/3183/2959 883/3182/2958 884/3181/2957
f 889/3185/2961 884/3186/2962 888/3188/2964
f 884/3186/2962 885/3187/2963 888/3188/2964
usemtl Wood_Darker
f 892/3190/2966 891/3189/2965 895/3193/2969
f 895/3193/2969 894/3192/2968 893/3191/2967
f 893/3191/2967 892/3190/2966 895/3193/2969
f 898/3197/2973 897/3196/2972 896/3195/2971
f 899/3198/2974 896/3195/2971 893/3194/2970
f 893/3194/2970 904/3203/2979 900/3199/2975
f 903/3202/2978 901/3200/2976 900/3199/2975
f 903/3202/2978 902/3201/2977 901/3200/2976
f 904/3203/2979 903/3202/2978 900/3199/2975
f 893/3194/2970 905/3204/2980 904/3203/2979
f 893/3194/2970 894/3205/2981 905/3204/2980
f 900/3199/2975 899/3198/2974 893/3194/2970
f 899/3198/2974 898/3197/2973 896/3195/2971
f 898/3206/2982 899/3207/2983 907/3209/2985
f 899/3207/2983 906/3208/2984 907/3209/2985
f 908/3210/2986 907/3211/2987 906/3212/2988
f 908/3210/2986 906/3212/2988 909/3213/2989
f 900/3217/2993 909/3216/2992 899/3214/2990
f 909/3216/2992 906/3215/2991 899/3214/2990
f 908/3221/2997 909/3220/2996 900/3219/2995
f 908/3221/2997 900/3219/2995 901/3218/2994
f 911/3224/3000 912/3225/3001 913/3226/3002
f 910/3223/2999 913/3226/3002 914/3227/3003
f 903/3222/2998 910/3223/2999 915/3229/3005
f 915/3229/3005 902/3228/3004 903/3222/2998
f 910/3223/2999 914/3227/3003 915/3229/3005
f 910/3223/2999 911/3224/3000 913/3226/3002
f 917/3233/3009 916/3232/3008 914/3231/3007
f 917/3233/3009 914/3231/3007 913/3230/3006
f 918/3237/3013 917/3236/3012 912/3234/3010
f 917/3236/3012 913/3235/3011 912/3234/3010
f 912/3241/3017 911/3240/3016 918/3238/3014
f 911/3240/3016 919/3239/3015 918/3238/3014
f 910/3242/3018 903/3243/3019 920/3245/3021
f 903/3243/3019 904/3244/3020 920/3245/3021
f 922/3250/3026 921/3246/3022 920/3247/3023
f 920/3247/3023 904/3248/3024 922/3250/3026
f 904/3248/3024 905/3249/3025 922/3250/3026
f 917/3255/3031 918/3254/3030 919/3253/3029
f 916/3256/3032 917/3255/3031 923/3252/3028
f 924/3258/3034 923/3252/3028 896/3251/3027
f 896/3251/3027 897/3257/3033 924/3258/3034
f 924/3258/3034 916/3256/3032 923/3252/3028
f 917/3255/3031 919/3253/3029 923/3252/3028
f 921/3261/3037 922/3262/3038 915/3263/3039
f 902/3274/3050 922/3262/3038 905/3267/3043
f 905/3267/3043 907/3271/3047 908/3272/3048
f 894/3268/3044 897/3269/3045 907/3271/3047
f 895/3259/3035 924/3266/3042 897/3269/3045
f 916/3265/3041 924/3266/3042 891/3260/3036
f 891/3260/3036 914/3264/3040 916/3265/3041
f 924/3266/3042 895/3259/3035 891/3260/3036
f 894/3268/3044 895/3259/3035 897/3269/3045
f 897/3269/3045 898/3270/3046 907/3271/3047
f 905/3267/3043 894/3268/3044 907/3271/3047
f 908/3272/3048 902/3274/3050 905/3267/3043
f 908/3272/3048 901/3273/3049 902/3274/3050
f 902/3274/3050 915/3263/3039 922/3262/3038
f 891/3260/3036 921/3261/3037 914/3264/3040
f 921/3261/3037 915/3263/3039 914/3264/3040
f 911/3282/3058 910/3275/3051 920/3276/3052
f 920/3276/3052 921/3277/3053 892/3279/3055
f 892/3279/3055 923/3280/3056 919/3281/3057
f 921/3277/3053 891/3278/3054 892/3279/3055
f 892/3279/3055 919/3281/3057 911/3282/3058
f 911/3282/3058 920/3276/3052 892/3279/3055
f 892/3283/3059 893/3284/3060 896/3285/3061
f 892/3283/3059 896/3285/3061 923/3286/3062
f 925/3287/3063 926/3288/3064 927/3289/3065
f 925/3287/3063 927/3289/3065 928/3290/3066
f 926/3291/3067 925/3292/3068 930/3294/3070
f 925/3292/3068 929/3293/3069 930/3294/3070
f 934/3300/3076 933/3299/3075 930/3298/3074
f 934/3300/3076 929/3297/3073 932/3296/3072
f 934/3300/3076 930/3298/3074 929/3297/3073
f 932/3296/3072 931/3295/3071 934/3300/3076
f 939/3307/3083 940/3308/3084 933/3301/3077
f 935/3303/3079 936/3304/3080 939/3307/3083
f 939/3307/3083 934/3302/3078 935/3303/3079
f 936/3304/3080 937/3305/3081 939/3307/3083
f 937/3305/3081 938/3306/3082 939/3307/3083
f 939/3307/3083 933/3301/3077 934/3302/3078
f 940/3309/3085 939/3310/3086 941/3311/3087
f 940/3309/3085 941/3311/3087 942/3312/3088
f 943/3316/3092 941/3315/3091 938/3313/3089
f 941/3315/3091 939/3314/3090 938/3313/3089
f 938/3320/3096 937/3321/3097 946/3322/3098
f 944/3317/3093 938/3320/3096 946/3322/3098
f 944/3317/3093 945/3318/3094 938/3320/3096
f 945/3318/3094 943/3319/3095 938/3320/3096
f 944/3323/3099 947/3324/3100 948/3325/3101
f 944/3323/3099 948/3325/3101 945/3326/3102
f 949/3327/3103 948/3328/3104 950/3330/3106
f 948/3328/3104 947/3329/3105 950/3330/3106
f 947/3331/3107 944/3332/3108 950/3334/3110
f 944/3332/3108 946/3333/3109 950/3334/3110
f 946/3337/3113 937/3336/3112 936/3335/3111
f 949/3339/3115 950/3338/3114 936/3335/3111
f 936/3335/3111 951/3340/3116 949/3339/3115
f 950/3338/3114 946/3337/3113 936/3335/3111
f 936/3341/3117 935/3342/3118 951/3344/3120
f 935/3342/3118 952/3343/3119 951/3344/3120
f 931/3348/3124 952/3347/3123 934/3345/3121
f 952/3347/3123 935/3346/3122 934/3345/3121
f 928/3349/3125 932/3350/3126 925/3352/3128
f 932/3350/3126 929/3351/3127 925/3352/3128
f 943/3358/3134 945/3359/3135 948/3360/3136
f 941/3357/3133 943/3358/3134 951/3362/3138
f 942/3356/3132 941/3357/3133 931/3364/3140
f 932/3353/3129 928/3354/3130 942/3356/3132
f 942/3356/3132 931/3364/3140 932/3353/3129
f 928/3354/3130 927/3355/3131 942/3356/3132
f 941/3357/3133 952/3363/3139 931/3364/3140
f 941/3357/3133 951/3362/3138 952/3363/3139
f 943/3358/3134 949/3361/3137 951/3362/3138
f 943/3358/3134 948/3360/3136 949/3361/3137
f 930/3370/3146 933/3365/3141 940/3366/3142
f 940/3366/3142 927/3368/3144 926/3369/3145
f 940/3366/3142 942/3367/3143 927/3368/3144
f 940/3366/3142 926/3369/3145 930/3370/3146
f 953/3371/3147 954/3372/3148 955/3373/3149
f 953/3371/3147 955/3373/3149 956/3374/3150
f 959/3377/3153 958/3376/3152 957/3375/3151
f 960/3378/3154 957/3375/3151 953/3384/3160
f 953/3384/3160 965/3383/3159 963/3381/3157
f 963/3381/3157 962/3380/3156 961/3379/3155
f 965/3383/3159 964/3382/3158 963/3381/3157
f 963/3381/3157 961/3379/3155 960/3378/3154
f 960/3378/3154 953/3384/3160 963/3381/3157
f 957/3375/3151 954/3385/3161 953/3384/3160
f 957/3375/3151 966/3386/3162 954/3385/3161
f 960/3378/3154 959/3377/3153 957/3375/3151
f 968/3390/3166 967/3389/3165 959/3388/3164
f 968/3390/3166 959/3388/3164 960/3387/3163
f 960/3394/3170 961/3393/3169 968/3391/3167
f 961/3393/3169 969/3392/3168 968/3391/3167
f 961/3398/3174 962/3397/3173 969/3395/3171
f 962/3397/3173 970/3396/3172 969/3395/3171
f 971/3399/3175 970/3400/3176 963/3402/3178
f 970/3400/3176 962/3401/3177 963/3402/3178
f 963/3406/3182 964/3405/3181 971/3403/3179
f 964/3405/3181 972/3404/3180 971/3403/3179
f 964/3410/3186 965/3409/3185 973/3408/3184
f 964/3410/3186 973/3408/3184 972/3407/3183
f 975/3414/3190 974/3413/3189 966/3412/3188
f 975/3414/3190 966/3412/3188 957/3411/3187
f 957/3415/3191 958/3416/3192 975/3418/3194
f 958/3416/3192 976/3417/3193 975/3418/3194
f 967/3419/3195 976/3420/3196 958/3421/3197
f 967/3419/3195 958/3421/3197 959/3422/3198
f 956/3423/3199 973/3424/3200 965/3425/3201
f 956/3423/3199 965/3425/3201 953/3426/3202
f 971/3430/3206 972/3431/3207 973/3432/3208
f 968/3427/3203 969/3428/3204 971/3430/3206
f 956/3433/3209 975/3436/3212 968/3427/3203
f 955/3434/3210 974/3435/3211 975/3436/3212
f 975/3436/3212 976/3437/3213 967/3438/3214
f 956/3433/3209 955/3434/3210 975/3436/3212
f 975/3436/3212 967/3438/3214 968/3427/3203
f 969/3428/3204 970/3429/3205 971/3430/3206
f 971/3430/3206 956/3433/3209 968/3427/3203
f 971/3430/3206 973/3432/3208 956/3433/3209
f 974/3439/3215 955/3440/3216 954/3441/3217
f 974/3439/3215 954/3441/3217 966/3442/3218
usemtl Red_Roof
f 977/3443/3219 981/3447/3223 980/3446/3222
f 980/3446/3222 979/3445/3221 977/3443/3219
f 979/3445/3221 978/3444/3220 977/3443/3219
usemtl Dark_Red_Roof
f 1102/3790/3532 981/3788/3223 1034/3787/3530
f 1102/3790/3532 1103/3789/3531 981/3788/3223
f 1100/3966/3690 978/3970/3220 988/3969/3693
f 988/3969/3693 989/3968/3692 1100/3966/3690
f 989/3968/3692 997/3967/3691 1100/3966/3690
usemtl Red_Roof
f 980/3448/3224 984/3452/3228 983/3451/3227
f 983/3451/3227 982/3450/3226 979/3449/3225
f 983/3451/3227 979/3449/3225 980/3448/3224
usemtl Dark_Red_Roof
f 988/3458/3234 982/3462/3226 987/3461/3237
f 987/3461/3237 990/3460/3236 989/3459/3235
f 987/3461/3237 989/3459/3235 988/3458/3234
f 984/3796/3228 1103/3795/3537 1102/3794/3536
f 1029/3797/3538 984/3796/3228 1102/3794/3536
f 986/3456/3232 987/3457/3233 982/3453/3229
f 982/3453/3229 983/3454/3230 985/3455/3231
f 1105/3986/3707 983/3987/3230 984/3988/3708
f 984/3988/3708 1029/3984/3705 1104/3985/3706
f 1104/3985/3706 1105/3986/3707 984/3988/3708
f 990/3463/3238 987/3464/3233 991/3465/3239
f 990/3463/3238 991/3465/3239 992/3466/3240
f 982/3453/3229 985/3455/3231 986/3456/3232
f 993/3467/3241 990/3468/3242 992/3469/3243
f 997/3473/3247 990/3474/3242 999/3477/3249
f 999/3477/3249 1000/3478/3250 1003/3481/3253
f 1001/3479/3251 1002/3480/3252 1003/3481/3253
f 1000/3478/3250 1001/3479/3251 1003/3481/3253
f 1003/3481/3253 1004/3482/3254 999/3477/3249
f 1004/3482/3254 1007/3485/3257 1008/3486/3258
f 1008/3486/3258 1010/3488/3260 995/3471/3245
f 1010/3488/3260 994/3470/3244 995/3471/3245
f 1011/3489/3261 1013/3491/3263 994/3470/3244
f 1011/3489/3261 1012/3490/3262 1013/3491/3263
f 1013/3491/3263 1014/3492/3264 994/3470/3244
f 1010/3488/3260 1011/3489/3261 994/3470/3244
f 1008/3486/3258 1009/3487/3259 1010/3488/3260
f 1052/3864/3593 1007/3863/3257 1006/3862/3256
f 1004/3482/3254 1006/3484/3256 1007/3485/3257
f 1004/3482/3254 1005/3483/3255 1006/3484/3256
f 1004/3482/3254 1008/3486/3258 999/3477/3249
f 1008/3486/3258 997/3473/3247 999/3477/3249
f 1008/3486/3258 995/3471/3245 997/3473/3247
f 995/3471/3245 996/3472/3246 997/3473/3247
f 990/3474/3242 993/3475/3241 999/3477/3249
f 993/3475/3241 998/3476/3248 999/3477/3249
f 1015/3495/3267 995/3494/3266 994/3493/3265
usemtl Red_Roof
f 1020/3509/3280 1018/3508/3272 1021/3507/3279
f 1021/3507/3279 1023/3511/3282 1022/3510/3281
f 1022/3510/3281 1020/3509/3280 1021/3507/3279
usemtl Dark_Red_Roof
f 1015/3498/3270 994/3497/3269 1016/3496/3268
f 1016/3496/3268 1018/3500/3272 1017/3499/3271
f 1027/3521/3291 1023/3519/3282 1026/3518/3289
f 1027/3521/3291 1025/3520/3290 1023/3519/3282
f 1017/3499/3271 1015/3498/3270 1016/3496/3268
f 1018/3501/3273 1019/3502/3274 1017/3503/3275
usemtl Red_Roof
f 1020/3506/3278 1019/3505/3277 1018/3504/3276
f 1023/3512/3283 1024/3513/3284 1022/3514/3285
usemtl Dark_Red_Roof
f 1025/3517/3288 1024/3516/3287 1023/3515/3286
f 1026/3522/3292 1028/3523/3293 1027/3524/3294
f 1028/3759/3293 1034/3760/3505 1094/3761/3506
f 1034/3784/3505 1029/3785/3528 1102/3786/3529
f 1029/3798/3528 1030/3799/3539 1104/3800/3540
f 1033/3756/3503 1026/3757/3292 1076/3758/3504
usemtl Red_Roof
f 1026/3530/3300 1033/3529/3299 1032/3528/3298
f 1037/3535/3305 1032/3536/3298 1040/3540/3308
f 1040/3540/3308 1035/3533/3303 1037/3535/3305
f 1035/3533/3303 1036/3534/3304 1037/3535/3305
f 1032/3536/3298 1039/3539/3307 1040/3540/3308
f 1032/3536/3298 1038/3538/3306 1039/3539/3307
f 1034/3532/3302 1032/3528/3298 1031/3527/3297
f 1031/3527/3297 1030/3526/3296 1029/3525/3295
f 1031/3527/3297 1029/3525/3295 1034/3532/3302
f 1034/3532/3302 1028/3531/3301 1032/3528/3298
f 1032/3536/3298 1033/3537/3299 1038/3538/3306
f 1028/3531/3301 1026/3530/3300 1032/3528/3298
usemtl Dark_Red_Roof
f 1041/3543/3311 1036/3542/3310 1035/3541/3309
f 1087/3746/3496 1035/3745/3309 1040/3744/3495
f 1083/3749/3498 1040/3748/3495 1039/3747/3497
f 1081/3752/3500 1039/3751/3497 1038/3750/3499
f 1078/3755/3502 1038/3754/3499 1033/3753/3501
f 1041/3545/3313 1035/3544/3312 1044/3548/3316
f 1044/3548/3316 1043/3547/3315 1042/3546/3314
f 1046/3557/3324 1043/3556/3315 1047/3555/3323
f 1047/3555/3323 1049/3559/3326 1048/3558/3325
f 1051/3568/3334 1049/3567/3326 1007/3566/3333
f 1052/3569/3335 1051/3568/3334 1007/3566/3333
f 1048/3558/3325 1046/3557/3324 1047/3555/3323
f 1044/3548/3316 1042/3546/3314 1041/3545/3313
f 1043/3549/3317 1045/3550/3318 1042/3551/3319
f 1046/3554/3322 1045/3553/3321 1043/3552/3320
f 1049/3560/3327 1050/3561/3328 1048/3562/3329
f 1051/3565/3332 1050/3564/3331 1049/3563/3330
f 1006/3573/3339 1050/3572/3338 1051/3571/3337
f 1048/3729/3483 1050/3728/3338 1045/3727/3482
f 1042/3740/3492 1045/3741/3482 1036/3742/3493
f 1042/3740/3492 1036/3742/3493 1041/3743/3494
f 1046/3730/3484 1048/3729/3483 1045/3727/3482
f 1006/3573/3339 1051/3571/3337 1052/3570/3336
usemtl Red_Roof
f 1092/3732/3486 1047/3733/3344 1043/3734/3487
f 1043/3734/3487 1044/3735/3488 1088/3731/3485
f 1088/3731/3485 1092/3732/3486 1043/3734/3487
usemtl Dark_Red_Roof
f 1049/3577/3343 1047/3578/3344 1053/3574/3340
f 1086/3737/3490 1044/3738/3488 1035/3739/3491
f 1087/3736/3489 1086/3737/3490 1035/3739/3491
f 1053/3574/3340 1054/3575/3341 1049/3577/3343
f 1054/3575/3341 1007/3576/3342 1049/3577/3343
usemtl Red_Roof
f 1059/3710/3467 1056/3711/3349 1092/3712/3468
f 1059/3710/3467 1092/3712/3468 1088/3713/3469
f 1088/3713/3469 1085/3714/3425 1059/3710/3467
usemtl Dark_Red_Roof
f 1055/3579/3345 1008/3580/3346 1054/3581/3347
f 1055/3579/3345 1054/3581/3347 1053/3582/3348
f 1053/3582/3348 1056/3583/3349 1055/3579/3345
f 1085/3664/3425 1086/3665/3426 1087/3666/3427
f 1040/3663/3424 1085/3664/3425 1087/3666/3427
usemtl Red_Roof
f 1058/3585/3351 1055/3586/3352 1056/3587/3353
f 1056/3587/3353 1059/3588/3354 1057/3584/3350
f 1057/3584/3350 1058/3585/3351 1056/3587/3353
usemtl Dark_Red_Roof
f 1084/3660/3422 1059/3661/3354 1085/3662/3423
f 1085/3662/3423 1040/3658/3420 1083/3659/3421
f 1083/3659/3421 1084/3660/3422 1085/3662/3423
f 1008/3855/3587 1055/3856/3352 1093/3857/3588
f 1008/3855/3587 1093/3857/3588 1009/3858/3589
usemtl Red_Roof
f 1057/3592/3358 1062/3593/3359 1060/3589/3355
f 1060/3589/3355 1061/3590/3356 1058/3591/3357
f 1060/3589/3355 1058/3591/3357 1057/3592/3358
usemtl Dark_Red_Roof
f 1093/3852/3585 1061/3853/3356 1010/3854/3586
f 1009/3851/3584 1093/3852/3585 1010/3854/3586
f 1082/3654/3416 1062/3653/3359 1084/3652/3415
f 1082/3654/3416 1084/3652/3415 1083/3651/3414
f 1083/3651/3414 1039/3650/3413 1082/3654/3416
usemtl Red_Roof
f 1090/3703/3462 1060/3704/3364 1062/3705/3463
f 1062/3705/3463 1082/3706/3411 1089/3702/3461
f 1089/3702/3461 1090/3703/3462 1062/3705/3463
usemtl Dark_Red_Roof
f 1064/3595/3361 1010/3596/3362 1061/3597/3363
f 1061/3597/3363 1060/3598/3364 1063/3594/3360
f 1081/3646/3409 1082/3648/3411 1039/3649/3412
f 1081/3646/3409 1080/3647/3410 1082/3648/3411
f 1063/3594/3360 1064/3595/3361 1061/3597/3363
usemtl Red_Roof
f 1069/3685/3446 1066/3686/3369 1090/3687/3447
f 1069/3685/3446 1090/3687/3447 1089/3688/3448
f 1089/3688/3448 1079/3689/3406 1069/3685/3446
usemtl Dark_Red_Roof
f 1065/3599/3365 1011/3600/3366 1064/3601/3367
f 1065/3599/3365 1064/3601/3367 1063/3602/3368
f 1063/3602/3368 1066/3603/3369 1065/3599/3365
f 1079/3643/3406 1080/3644/3407 1081/3645/3408
f 1038/3642/3405 1079/3643/3406 1081/3645/3408
usemtl Red_Roof
f 1066/3607/3373 1069/3608/3374 1067/3604/3370
f 1067/3604/3370 1068/3605/3371 1066/3607/3373
f 1068/3605/3371 1065/3606/3372 1066/3607/3373
usemtl Dark_Red_Roof
f 1077/3639/3403 1069/3640/3374 1079/3641/3404
f 1079/3641/3404 1038/3637/3401 1078/3638/3402
f 1078/3638/3402 1077/3639/3403 1079/3641/3404
f 1011/3844/3578 1065/3845/3372 1091/3846/3579
f 1011/3844/3578 1091/3846/3579 1012/3847/3580
usemtl Red_Roof
f 1068/3609/3375 1067/3610/3376 1070/3611/3377
f 1068/3609/3375 1070/3611/3377 1071/3612/3378
usemtl Dark_Red_Roof
f 1033/3635/3399 1070/3634/3377 1077/3633/3398
f 1078/3636/3400 1033/3635/3399 1077/3633/3398
f 1091/3841/3576 1071/3842/3378 1013/3843/3577
f 1012/3840/3575 1091/3841/3576 1013/3843/3577
usemtl Red_Roof
f 1071/3616/3382 1070/3615/3381 1073/3614/3380
f 1071/3616/3382 1073/3614/3380 1072/3613/3379
usemtl Dark_Red_Roof
f 1075/3629/3395 1070/3630/3381 1033/3631/3396
f 1075/3629/3395 1033/3631/3396 1076/3632/3397
f 1013/3839/3574 1071/3838/3382 1074/3837/3573
f 1013/3839/3574 1074/3837/3573 1014/3836/3572
usemtl Red_Roof
f 1072/3619/3385 1016/3618/3384 1071/3617/3383
usemtl Dark_Red_Roof
f 1071/3620/3386 1016/3621/3387 1074/3622/3388
usemtl Red_Roof
f 1070/3623/3389 1021/3624/3390 1073/3625/3391
usemtl Dark_Red_Roof
f 1075/3628/3394 1021/3627/3393 1070/3626/3392
f 1062/3655/3417 1059/3656/3418 1084/3657/3419
f 1085/3667/3428 1044/3668/3429 1086/3669/3430
usemtl Red_Roof
f 1088/3672/3433 1044/3671/3432 1085/3670/3431
usemtl Dark_Red_Roof
f 1079/3673/3434 1082/3674/3435 1080/3675/3436
usemtl Red_Roof
f 1089/3678/3439 1082/3677/3438 1079/3676/3437
usemtl Dark_Red_Roof
f 1070/3679/3440 1069/3680/3441 1077/3681/3442
usemtl Red_Roof
f 1067/3684/3445 1069/3683/3444 1070/3682/3443
f 1066/3690/3449 1060/3691/3450 1090/3692/3451
f 1071/3693/3452 1065/3694/3453 1068/3695/3454
usemtl Dark_Red_Roof
f 1091/3698/3457 1065/3697/3456 1071/3696/3455
f 1063/3701/3460 1060/3700/3459 1066/3699/3458
usemtl Red_Roof
f 1057/3709/3466 1059/3708/3465 1062/3707/3464
f 1056/3715/3470 1047/3716/3471 1092/3717/3472
f 1061/3718/3473 1055/3719/3474 1058/3720/3475
usemtl Dark_Red_Roof
f 1093/3723/3478 1055/3722/3477 1061/3721/3476
f 1053/3726/3481 1047/3725/3480 1056/3724/3479
usemtl Red_Roof
f 1019/3773/3518 1096/3777/3510 1097/3776/3521
f 1097/3776/3521 1099/3775/3520 1019/3773/3518
f 1099/3775/3520 1098/3774/3519 1019/3773/3518
usemtl Dark_Red_Roof
f 1024/3766/3511 1028/3762/3507 1094/3763/3508
f 1094/3763/3508 1095/3764/3509 1024/3766/3511
f 1095/3764/3509 1096/3765/3510 1024/3766/3511
f 995/3955/3679 1098/3954/3519 1101/3953/3678
f 995/3955/3679 1101/3953/3678 996/3952/3677
f 1095/3769/3514 977/3768/3513 1096/3767/3512
usemtl Red_Roof
f 1096/3770/3515 977/3771/3516 1097/3772/3517
f 1099/3780/3524 1100/3779/3523 1098/3778/3522
usemtl Dark_Red_Roof
f 1098/3781/3525 1100/3782/3526 1101/3783/3527
f 1103/3793/3535 984/3792/3534 981/3791/3533
f 1104/3804/3544 1030/3803/3543 1105/3801/3541
f 1030/3803/3543 1106/3802/3542 1105/3801/3541
f 1106/3977/3542 1126/3978/3682 985/3980/3701
f 1126/3978/3682 986/3979/3700 985/3980/3701
f 991/3957/3681 1126/3958/3682 993/3959/3683
f 992/3956/3680 991/3957/3681 993/3959/3683
f 1105/3807/3547 1106/3806/3546 983/3805/3545
usemtl Red_Roof
f 1022/3817/3557 1024/3821/3550 1096/3820/3560
f 1096/3820/3560 1019/3819/3559 1020/3818/3558
f 1096/3820/3560 1020/3818/3558 1022/3817/3557
usemtl Dark_Red_Roof
f 1028/3811/3551 1024/3810/3550 1027/3808/3548
f 1017/3827/3565 1019/3831/3559 1098/3830/3568
f 1098/3830/3568 995/3829/3567 1015/3828/3566
f 1098/3830/3568 1015/3828/3566 1017/3827/3565
f 1024/3810/3550 1025/3809/3549 1027/3808/3548
usemtl Red_Roof
f 1073/3822/3561 1021/3826/3555 1018/3825/3564
f 1018/3825/3564 1016/3824/3563 1072/3823/3562
f 1018/3825/3564 1072/3823/3562 1073/3822/3561
usemtl Dark_Red_Roof
f 1076/3813/3553 1026/3812/3552 1023/3816/3556
f 1023/3816/3556 1021/3815/3555 1075/3814/3554
f 1074/3834/3570 1016/3833/3563 994/3832/3569
f 1014/3835/3571 1074/3834/3570 994/3832/3569
f 1023/3816/3556 1075/3814/3554 1076/3813/3553
f 1011/3848/3581 1010/3849/3582 1064/3850/3583
f 1008/3859/3590 1007/3860/3591 1054/3861/3592
usemtl Red_Roof
f 1050/3866/3595 1006/3865/3594 1005/3870/3599
f 1005/3870/3599 1037/3869/3598 1045/3867/3596
f 1037/3869/3598 1036/3868/3597 1045/3867/3596
f 1045/3867/3596 1050/3866/3595 1005/3870/3599
f 1005/3875/3604 1004/3876/3605 1107/3871/3600
f 1107/3871/3600 1032/3873/3602 1037/3874/3603
f 1107/3871/3600 1108/3872/3601 1032/3873/3602
f 1037/3874/3603 1005/3875/3604 1107/3871/3600
usemtl Stucco
f 1116/3884/3613 1109/3877/3606 1110/3878/3607
f 1115/3883/3612 1110/3878/3607 1111/3879/3608
f 1111/3879/3608 1113/3881/3610 1114/3882/3611
f 1121/3891/3620 1113/3881/3610 1117/3885/3614
f 1117/3885/3614 1120/3888/3617 1107/3890/3619
f 1118/3886/3615 1119/3887/3616 1120/3888/3617
f 1120/3888/3617 1108/3889/3618 1107/3890/3619
f 1117/3885/3614 1118/3886/3615 1120/3888/3617
f 1107/3890/3619 1121/3891/3620 1117/3885/3614
f 1113/3881/3610 1112/3880/3609 1117/3885/3614
f 1111/3879/3608 1112/3880/3609 1113/3881/3610
f 1111/3879/3608 1114/3882/3611 1115/3883/3612
f 1118/3886/3615 1116/3884/3613 1119/3887/3616
f 1118/3886/3615 1109/3877/3606 1116/3884/3613
f 1115/3883/3612 1116/3884/3613 1110/3878/3607
f 1117/3895/3624 1123/3894/3623 1118/3892/3621
f 1123/3894/3623 1122/3893/3622 1118/3892/3621
usemtl Window
f 1124/3896/3625 1125/3897/3626 1122/3898/3627
f 1124/3896/3625 1122/3898/3627 1123/3899/3628
usemtl Stucco
f 1112/3904/3633 1111/3903/3632 1124/3902/3631
f 1124/3902/3631 1123/3901/3630 1112/3904/3633
f 1123/3901/3630 1117/3900/3629 1112/3904/3633
f 1110/3908/3637 1125/3907/3636 1111/3905/3634
f 1125/3907/3636 1124/3906/3635 1111/3905/3634
f 1125/3910/3639 1110/3909/3638 1109/3913/3642
f 1109/3913/3642 1118/3912/3641 1122/3911/3640
f 1122/3911/3640 1125/3910/3639 1109/3913/3642
f 1004/3914/3643 1003/3915/3644 1121/3916/3645
f 1003/3921/3644 1002/3920/3648 1113/3922/3649
f 1002/3920/3648 1114/3919/3647 1113/3922/3649
f 1113/3922/3649 1121/3918/3645 1003/3921/3644
f 1004/3914/3643 1121/3916/3645 1107/3917/3646
f 1002/3923/3650 1001/3924/3651 1115/3925/3652
f 1002/3923/3650 1115/3925/3652 1114/3926/3653
f 1000/3930/3657 1119/3927/3654 1116/3931/3658
f 1116/3931/3658 1115/3928/3655 1001/3929/3656
f 1120/3935/3660 1119/3934/3654 999/3932/3659
f 1119/3934/3654 1000/3933/3657 999/3932/3659
f 1116/3931/3658 1001/3929/3656 1000/3930/3657
usemtl Red_Roof
f 1120/3936/3661 999/3941/3666 998/3940/3665
f 1031/3939/3664 1032/3938/3663 1120/3936/3661
f 1032/3938/3663 1108/3937/3662 1120/3936/3661
f 1120/3936/3661 998/3940/3665 1031/3939/3664
f 998/3947/3672 993/3942/3667 1126/3943/3668
f 1106/3944/3669 1031/3946/3671 998/3947/3672
f 1106/3944/3669 1030/3945/3670 1031/3946/3671
f 998/3947/3672 1126/3943/3668 1106/3944/3669
f 978/4000/3719 1100/3999/3674 1099/3998/3718
f 978/4000/3719 1099/3998/3718 1097/3997/3717
f 1097/3997/3717 977/4001/3715 978/4000/3719
usemtl Dark_Red_Roof
f 996/3951/3676 1101/3950/3675 997/3948/3673
f 1101/3950/3675 1100/3949/3674 997/3948/3673
f 981/3996/3716 977/3995/3715 1095/3994/3714
f 981/3996/3716 1095/3994/3714 1094/3993/3713
f 1094/3993/3713 1034/3992/3712 981/3996/3716
f 987/3960/3684 1126/3961/3685 991/3962/3686
f 978/3963/3687 982/3964/3688 988/3965/3689
f 989/3973/3696 990/3972/3695 997/3971/3694
f 986/3976/3699 1126/3975/3698 987/3974/3697
f 983/3981/3702 1106/3982/3703 985/3983/3704
usemtl Red_Roof
f 981/3989/3709 984/3990/3710 980/3991/3711
f 979/4004/3722 982/4003/3721 978/4002/3720
usemtl Window
f 1130/4021/3739 1127/4020/3738 1132/4018/3736
f 1127/4020/3738 1134/4019/3737 1132/4018/3736
usemtl Wood_Darker
f 1147/4061/3779 1148/4062/3780 1150/4064/3782
f 1148/4062/3780 1149/4063/3781 1150/4064/3782
f 1147/4068/3786 1153/4069/3787 1154/4070/3788
f 1151/4065/3783 1152/4066/3784 1147/4068/3786
f 1155/4071/3789 1158/4074/3792 1151/4065/3783
f 1156/4072/3790 1157/4073/3791 1158/4074/3792
f 1158/4074/3792 1159/4075/3793 1160/4076/3794
f 1155/4071/3789 1156/4072/3790 1158/4074/3792
f 1158/4074/3792 1160/4076/3794 1151/4065/3783
f 1152/4066/3784 1148/4067/3785 1147/4068/3786
f 1147/4068/3786 1155/4071/3789 1151/4065/3783
f 1147/4068/3786 1154/4070/3788 1155/4071/3789
f 1162/4080/3798 1161/4079/3797 1151/4077/3795
f 1161/4079/3797 1152/4078/3796 1151/4077/3795
f 1151/4084/3802 1160/4083/3801 1163/4082/3800
f 1151/4084/3802 1163/4082/3800 1162/4081/3799
f 1160/4085/3803 1159/4086/3804 1164/4087/3805
f 1160/4085/3803 1164/4087/3805 1163/4088/3806
f 1165/4089/3807 1164/4090/3808 1158/4092/3810
f 1164/4090/3808 1159/4091/3809 1158/4092/3810
f 1158/4096/3814 1157/4095/3813 1166/4094/3812
f 1158/4096/3814 1166/4094/3812 1165/4093/3811
f 1157/4097/3815 1156/4098/3816 1167/4099/3817
f 1157/4097/3815 1167/4099/3817 1166/4100/3818
f 1168/4101/3819 1167/4102/3820 1156/4103/3821
f 1168/4101/3819 1156/4103/3821 1155/4104/3822
f 1155/4105/3823 1154/4106/3824 1169/4107/3825
f 1155/4105/3823 1169/4107/3825 1168/4108/3826
f 1170/4112/3830 1169/4111/3829 1154/4110/3828
f 1170/4112/3830 1154/4110/3828 1153/4109/3827
f 1150/4116/3834 1170/4115/3833 1147/4113/3831
f 1170/4115/3833 1153/4114/3832 1147/4113/3831
f 1163/4119/3837 1164/4118/3836 1165/4117/3835
f 1162/4120/3838 1165/4117/3835 1168/4126/3844
f 1168/4126/3844 1169/4125/3843 1150/4123/3841
f 1150/4123/3841 1149/4122/3840 1161/4121/3839
f 1169/4125/3843 1170/4124/3842 1150/4123/3841
f 1150/4123/3841 1161/4121/3839 1162/4120/3838
f 1162/4120/3838 1168/4126/3844 1150/4123/3841
f 1165/4117/3835 1167/4127/3845 1168/4126/3844
f 1165/4117/3835 1166/4128/3846 1167/4127/3845
f 1162/4120/3838 1163/4119/3837 1165/4117/3835
f 1161/4132/3850 1149/4131/3849 1152/4129/3847
f 1149/4131/3849 1148/4130/3848 1152/4129/3847
f 1173/4135/3853 1174/4136/3854 1175/4137/3855
f 1172/4134/3852 1175/4137/3855 1176/4138/3856
f 1171/4133/3851 1172/4134/3852 1178/4140/3858
f 1178/4140/3858 1177/4139/3857 1171/4133/3851
f 1172/4134/3852 1176/4138/3856 1178/4140/3858
f 1172/4134/3852 1173/4135/3853 1175/4137/3855
f 1172/4141/3859 1171/4142/3860 1180/4144/3862
f 1171/4142/3860 1179/4143/3861 1180/4144/3862
f 1183/4149/3867 1181/4145/3863 1180/4146/3864
f 1180/4146/3864 1179/4147/3865 1183/4149/3867
f 1179/4147/3865 1182/4148/3866 1183/4149/3867
f 1187/4153/3871 1186/4152/3870 1185/4151/3869
f 1188/4154/3872 1185/4151/3869 1184/4150/3868
f 1184/4150/3868 1179/4159/3877 1189/4155/3873
f 1171/4158/3876 1190/4156/3874 1189/4155/3873
f 1171/4158/3876 1177/4157/3875 1190/4156/3874
f 1179/4159/3877 1171/4158/3876 1189/4155/3873
f 1184/4150/3868 1182/4160/3878 1179/4159/3877
f 1184/4150/3868 1191/4161/3879 1182/4160/3878
f 1189/4155/3873 1188/4154/3872 1184/4150/3868
f 1188/4154/3872 1187/4153/3871 1185/4151/3869
f 1187/4162/3880 1188/4163/3881 1193/4165/3883
f 1188/4163/3881 1192/4164/3882 1193/4165/3883
f 1194/4166/3884 1193/4167/3885 1192/4168/3886
f 1194/4166/3884 1192/4168/3886 1195/4169/3887
f 1189/4173/3891 1195/4172/3890 1188/4170/3888
f 1195/4172/3890 1192/4171/3889 1188/4170/3888
f 1194/4177/3895 1195/4176/3894 1189/4175/3893
f 1194/4177/3895 1189/4175/3893 1190/4174/3892
f 1197/4179/3897 1196/4178/3896 1198/4182/3900
f 1198/4182/3900 1191/4181/3899 1184/4180/3898
f 1184/4180/3898 1197/4179/3897 1198/4182/3900
f 1197/4183/3901 1184/4184/3902 1185/4185/3903
f 1197/4183/3901 1185/4185/3903 1199/4186/3904
f 1202/4191/3909 1201/4190/3908 1200/4189/3907
f 1203/4192/3910 1202/4191/3909 1199/4188/3906
f 1204/4194/3912 1199/4188/3906 1185/4187/3905
f 1185/4187/3905 1186/4193/3911 1204/4194/3912
f 1204/4194/3912 1203/4192/3910 1199/4188/3906
f 1202/4191/3909 1200/4189/3907 1199/4188/3906
f 1181/4197/3915 1183/4198/3916 1178/4199/3917
f 1177/4210/3928 1183/4198/3916 1182/4203/3921
f 1182/4203/3921 1193/4207/3925 1194/4208/3926
f 1191/4204/3922 1186/4205/3923 1193/4207/3925
f 1198/4195/3913 1204/4202/3920 1186/4205/3923
f 1203/4201/3919 1204/4202/3920 1196/4196/3914
f 1196/4196/3914 1176/4200/3918 1203/4201/3919
f 1204/4202/3920 1198/4195/3913 1196/4196/3914
f 1191/4204/3922 1198/4195/3913 1186/4205/3923
f 1186/4205/3923 1187/4206/3924 1193/4207/3925
f 1182/4203/3921 1191/4204/3922 1193/4207/3925
f 1194/4208/3926 1177/4210/3928 1182/4203/3921
f 1194/4208/3926 1190/4209/3927 1177/4210/3928
f 1177/4210/3928 1178/4199/3917 1183/4198/3916
f 1196/4196/3914 1181/4197/3915 1176/4200/3918
f 1181/4197/3915 1178/4199/3917 1176/4200/3918
f 1202/4214/3932 1203/4213/3931 1176/4212/3930
f 1202/4214/3932 1176/4212/3930 1175/4211/3929
f 1201/4218/3936 1202/4217/3935 1174/4215/3933
f 1202/4217/3935 1175/4216/3934 1174/4215/3933
f 1174/4222/3940 1173/4221/3939 1201/4219/3937
f 1173/4221/3939 1200/4220/3938 1201/4219/3937
f 1173/4230/3948 1172/4223/3941 1180/4224/3942
f 1180/4224/3942 1181/4225/3943 1197/4227/3945
f 1197/4227/3945 1199/4228/3946 1200/4229/3947
f 1181/4225/3943 1196/4226/3944 1197/4227/3945
f 1197/4227/3945 1200/4229/3947 1173/4230/3948
f 1173/4230/3948 1180/4224/3942 1197/4227/3945
usemtl Window
f 1208/4247/3965 1205/4246/3964 1210/4244/3962
f 1205/4246/3964 1212/4245/3963 1210/4244/3962
usemtl Wood_Darker
f 1225/4287/4005 1226/4288/4006 1228/4290/4008
f 1226/4288/4006 1227/4289/4007 1228/4290/4008
f 1225/4294/4012 1231/4295/4013 1232/4296/4014
f 1229/4291/4009 1230/4292/4010 1225/4294/4012
f 1233/4297/4015 1236/4300/4018 1229/4291/4009
f 1234/4298/4016 1235/4299/4017 1236/4300/4018
f 1236/4300/4018 1237/4301/4019 1238/4302/4020
f 1233/4297/4015 1234/4298/4016 1236/4300/4018
f 1236/4300/4018 1238/4302/4020 1229/4291/4009
f 1230/4292/4010 1226/4293/4011 1225/4294/4012
f 1225/4294/4012 1233/4297/4015 1229/4291/4009
f 1225/4294/4012 1232/4296/4014 1233/4297/4015
f 1240/4306/4024 1239/4305/4023 1229/4303/4021
f 1239/4305/4023 1230/4304/4022 1229/4303/4021
f 1229/4310/4028 1238/4309/4027 1241/4308/4026
f 1229/4310/4028 1241/4308/4026 1240/4307/4025
f 1238/4311/4029 1237/4312/4030 1242/4313/4031
f 1238/4311/4029 1242/4313/4031 1241/4314/4032
f 1243/4315/4033 1242/4316/4034 1236/4318/4036
f 1242/4316/4034 1237/4317/4035 1236/4318/4036
f 1236/4322/4040 1235/4321/4039 1244/4320/4038
f 1236/4322/4040 1244/4320/4038 1243/4319/4037
f 1235/4323/4041 1234/4324/4042 1245/4325/4043
f 1235/4323/4041 1245/4325/4043 1244/4326/4044
f 1246/4327/4045 1245/4328/4046 1234/4329/4047
f 1246/4327/4045 1234/4329/4047 1233/4330/4048
f 1233/4331/4049 1232/4332/4050 1247/4333/4051
f 1233/4331/4049 1247/4333/4051 1246/4334/4052
f 1248/4338/4056 1247/4337/4055 1232/4336/4054
f 1248/4338/4056 1232/4336/4054 1231/4335/4053
f 1228/4342/4060 1248/4341/4059 1225/4339/4057
f 1248/4341/4059 1231/4340/4058 1225/4339/4057
f 1241/4345/4063 1242/4344/4062 1243/4343/4061
f 1240/4346/4064 1243/4343/4061 1246/4352/4070
f 1246/4352/4070 1247/4351/4069 1228/4349/4067
f 1228/4349/4067 1227/4348/4066 1239/4347/4065
f 1247/4351/4069 1248/4350/4068 1228/4349/4067
f 1228/4349/4067 1239/4347/4065 1240/4346/4064
f 1240/4346/4064 1246/4352/4070 1228/4349/4067
f 1243/4343/4061 1245/4353/4071 1246/4352/4070
f 1243/4343/4061 1244/4354/4072 1245/4353/4071
f 1240/4346/4064 1241/4345/4063 1243/4343/4061
f 1239/4358/4076 1227/4357/4075 1230/4355/4073
f 1227/4357/4075 1226/4356/4074 1230/4355/4073
f 1251/4361/4079 1252/4362/4080 1253/4363/4081
f 1250/4360/4078 1253/4363/4081 1254/4364/4082
f 1249/4359/4077 1250/4360/4078 1256/4366/4084
f 1256/4366/4084 1255/4365/4083 1249/4359/4077
f 1250/4360/4078 1254/4364/4082 1256/4366/4084
f 1250/4360/4078 1251/4361/4079 1253/4363/4081
f 1250/4367/4085 1249/4368/4086 1258/4370/4088
f 1249/4368/4086 1257/4369/4087 1258/4370/4088
f 1261/4375/4093 1259/4371/4089 1258/4372/4090
f 1258/4372/4090 1257/4373/4091 1261/4375/4093
f 1257/4373/4091 1260/4374/4092 1261/4375/4093
f 1265/4379/4097 1264/4378/4096 1263/4377/4095
f 1266/4380/4098 1263/4377/4095 1262/4376/4094
f 1262/4376/4094 1257/4385/4103 1267/4381/4099
f 1249/4384/4102 1268/4382/4100 1267/4381/4099
f 1249/4384/4102 1255/4383/4101 1268/4382/4100
f 1257/4385/4103 1249/4384/4102 1267/4381/4099
f 1262/4376/4094 1260/4386/4104 1257/4385/4103
f 1262/4376/4094 1269/4387/4105 1260/4386/4104
f 1267/4381/4099 1266/4380/4098 1262/4376/4094
f 1266/4380/4098 1265/4379/4097 1263/4377/4095
f 1265/4388/4106 1266/4389/4107 1271/4391/4109
f 1266/4389/4107 1270/4390/4108 1271/4391/4109
f 1272/4392/4110 1271/4393/4111 1270/4394/4112
f 1272/4392/4110 1270/4394/4112 1273/4395/4113
f 1267/4399/4117 1273/4398/4116 1266/4396/4114
f 1273/4398/4116 1270/4397/4115 1266/4396/4114
f 1272/4403/4121 1273/4402/4120 1267/4401/4119
f 1272/4403/4121 1267/4401/4119 1268/4400/4118
f 1275/4405/4123 1274/4404/4122 1276/4408/4126
f 1276/4408/4126 1269/4407/4125 1262/4406/4124
f 1262/4406/4124 1275/4405/4123 1276/4408/4126
f 1275/4409/4127 1262/4410/4128 1263/4411/4129
f 1275/4409/4127 1263/4411/4129 1277/4412/4130
f 1280/4417/4135 1279/4416/4134 1278/4415/4133
f 1281/4418/4136 1280/4417/4135 1277/4414/4132
f 1282/4420/4138 1277/4414/4132 1263/4413/4131
f 1263/4413/4131 1264/4419/4137 1282/4420/4138
f 1282/4420/4138 1281/4418/4136 1277/4414/4132
f 1280/4417/4135 1278/4415/4133 1277/4414/4132
f 1259/4423/4141 1261/4424/4142 1256/4425/4143
f 1255/4436/4154 1261/4424/4142 1260/4429/4147
f 1260/4429/4147 1271/4433/4151 1272/4434/4152
f 1269/4430/4148 1264/4431/4149 1271/4433/4151
f 1276/4421/4139 1282/4428/4146 1264/4431/4149
f 1281/4427/4145 1282/4428/4146 1274/4422/4140
f 1274/4422/4140 1254/4426/4144 1281/4427/4145
f 1282/4428/4146 1276/4421/4139 1274/4422/4140
f 1269/4430/4148 1276/4421/4139 1264/4431/4149
f 1264/4431/4149 1265/4432/4150 1271/4433/4151
f 1260/4429/4147 1269/4430/4148 1271/4433/4151
f 1272/4434/4152 1255/4436/4154 1260/4429/4147
f 1272/4434/4152 1268/4435/4153 1255/4436/4154
f 1255/4436/4154 1256/4425/4143 1261/4424/4142
f 1274/4422/4140 1259/4423/4141 1254/4426/4144
f 1259/4423/4141 1256/4425/4143 1254/4426/4144
f 1280/4440/4158 1281/4439/4157 1254/4438/4156
f 1280/4440/4158 1254/4438/4156 1253/4437/4155
f 1279/4444/4162 1280/4443/4161 1252/4441/4159
f 1280/4443/4161 1253/4442/4160 1252/4441/4159
f 1252/4448/4166 1251/4447/4165 1279/4445/4163
f 1251/4447/4165 1278/4446/4164 1279/4445/4163
f 1251/4456/4174 1250/4449/4167 1258/4450/4168
f 1258/4450/4168 1259/4451/4169 1275/4453/4171
f 1275/4453/4171 1277/4454/4172 1278/4455/4173
f 1259/4451/4169 1274/4452/4170 1275/4453/4171
f 1275/4453/4171 1278/4455/4173 1251/4456/4174
f 1251/4456/4174 1258/4450/4168 1275/4453/4171
usemtl Window
f 1286/4473/4191 1283/4472/4190 1288/4470/4188
f 1283/4472/4190 1290/4471/4189 1288/4470/4188
usemtl Wood_Darker
f 1303/4513/4231 1304/4514/4232 1306/4516/4234
f 1304/4514/4232 1305/4515/4233 1306/4516/4234
f 1303/4520/4238 1309/4521/4239 1310/4522/4240
f 1307/4517/4235 1308/4518/4236 1303/4520/4238
f 1311/4523/4241 1314/4526/4244 1307/4517/4235
f 1312/4524/4242 1313/4525/4243 1314/4526/4244
f 1314/4526/4244 1315/4527/4245 1316/4528/4246
f 1311/4523/4241 1312/4524/4242 1314/4526/4244
f 1314/4526/4244 1316/4528/4246 1307/4517/4235
f 1308/4518/4236 1304/4519/4237 1303/4520/4238
f 1303/4520/4238 1311/4523/4241 1307/4517/4235
f 1303/4520/4238 1310/4522/4240 1311/4523/4241
f 1318/4532/4250 1317/4531/4249 1307/4529/4247
f 1317/4531/4249 1308/4530/4248 1307/4529/4247
f 1307/4536/4254 1316/4535/4253 1319/4534/4252
f 1307/4536/4254 1319/4534/4252 1318/4533/4251
f 1316/4537/4255 1315/4538/4256 1320/4539/4257
f 1316/4537/4255 1320/4539/4257 1319/4540/4258
f 1321/4541/4259 1320/4542/4260 1314/4544/4262
f 1320/4542/4260 1315/4543/4261 1314/4544/4262
f 1314/4548/4266 1313/4547/4265 1322/4546/4264
f 1314/4548/4266 1322/4546/4264 1321/4545/4263
f 1313/4549/4267 1312/4550/4268 1323/4551/4269
f 1313/4549/4267 1323/4551/4269 1322/4552/4270
f 1324/4553/4271 1323/4554/4272 1312/4555/4273
f 1324/4553/4271 1312/4555/4273 1311/4556/4274
f 1311/4557/4275 1310/4558/4276 1325/4559/4277
f 1311/4557/4275 1325/4559/4277 1324/4560/4278
f 1326/4564/4282 1325/4563/4281 1310/4562/4280
f 1326/4564/4282 1310/4562/4280 1309/4561/4279
f 1306/4568/4286 1326/4567/4285 1303/4565/4283
f 1326/4567/4285 1309/4566/4284 1303/4565/4283
f 1319/4571/4289 1320/4570/4288 1321/4569/4287
f 1318/4572/4290 1321/4569/4287 1324/4578/4296
f 1324/4578/4296 1325/4577/4295 1306/4575/4293
f 1306/4575/4293 1305/4574/4292 1317/4573/4291
f 1325/4577/4295 1326/4576/4294 1306/4575/4293
f 1306/4575/4293 1317/4573/4291 1318/4572/4290
f 1318/4572/4290 1324/4578/4296 1306/4575/4293
f 1321/4569/4287 1323/4579/4297 1324/4578/4296
f 1321/4569/4287 1322/4580/4298 1323/4579/4297
f 1318/4572/4290 1319/4571/4289 1321/4569/4287
f 1317/4584/4302 1305/4583/4301 1308/4581/4299
f 1305/4583/4301 1304/4582/4300 1308/4581/4299
f 1329/4587/4305 1330/4588/4306 1331/4589/4307
f 1328/4586/4304 1331/4589/4307 1332/4590/4308
f 1327/4585/4303 1328/4586/4304 1334/4592/4310
f 1334/4592/4310 1333/4591/4309 1327/4585/4303
f 1328/4586/4304 1332/4590/4308 1334/4592/4310
f 1328/4586/4304 1329/4587/4305 1331/4589/4307
f 1328/4593/4311 1327/4594/4312 1336/4596/4314
f 1327/4594/4312 1335/4595/4313 1336/4596/4314
f 1339/4601/4319 1337/4597/4315 1336/4598/4316
f 1336/4598/4316 1335/4599/4317 1339/4601/4319
f 1335/4599/4317 1338/4600/4318 1339/4601/4319
f 1343/4605/4323 1342/4604/4322 1341/4603/4321
f 1344/4606/4324 1341/4603/4321 1340/4602/4320
f 1340/4602/4320 1335/4611/4329 1345/4607/4325
f 1327/4610/4328 1346/4608/4326 1345/4607/4325
f 1327/4610/4328 1333/4609/4327 1346/4608/4326
f 1335/4611/4329 1327/4610/4328 1345/4607/4325
f 1340/4602/4320 1338/4612/4330 1335/4611/4329
f 1340/4602/4320 1347/4613/4331 1338/4612/4330
f 1345/4607/4325 1344/4606/4324 1340/4602/4320
f 1344/4606/4324 1343/4605/4323 1341/4603/4321
f 1343/4614/4332 1344/4615/4333 1349/4617/4335
f 1344/4615/4333 1348/4616/4334 1349/4617/4335
f 1350/4618/4336 1349/4619/4337 1348/4620/4338
f 1350/4618/4336 1348/4620/4338 1351/4621/4339
f 1345/4625/4343 1351/4624/4342 1344/4622/4340
f 1351/4624/4342 1348/4623/4341 1344/4622/4340
f 1350/4629/4347 1351/4628/4346 1345/4627/4345
f 1350/4629/4347 1345/4627/4345 1346/4626/4344
f 1353/4631/4349 1352/4630/4348 1354/4634/4352
f 1354/4634/4352 1347/4633/4351 1340/4632/4350
f 1340/4632/4350 1353/4631/4349 1354/4634/4352
f 1353/4635/4353 1340/4636/4354 1341/4637/4355
f 1353/4635/4353 1341/4637/4355 1355/4638/4356
f 1358/4643/4361 1357/4642/4360 1356/4641/4359
f 1359/4644/4362 1358/4643/4361 1355/4640/4358
f 1360/4646/4364 1355/4640/4358 1341/4639/4357
f 1341/4639/4357 1342/4645/4363 1360/4646/4364
f 1360/4646/4364 1359/4644/4362 1355/4640/4358
f 1358/4643/4361 1356/4641/4359 1355/4640/4358
f 1337/4649/4367 1339/4650/4368 1334/4651/4369
f 1333/4662/4380 1339/4650/4368 1338/4655/4373
f 1338/4655/4373 1349/4659/4377 1350/4660/4378
f 1347/4656/4374 1342/4657/4375 1349/4659/4377
f 1354/4647/4365 1360/4654/4372 1342/4657/4375
f 1359/4653/4371 1360/4654/4372 1352/4648/4366
f 1352/4648/4366 1332/4652/4370 1359/4653/4371
f 1360/4654/4372 1354/4647/4365 1352/4648/4366
f 1347/4656/4374 1354/4647/4365 1342/4657/4375
f 1342/4657/4375 1343/4658/4376 1349/4659/4377
f 1338/4655/4373 1347/4656/4374 1349/4659/4377
f 1350/4660/4378 1333/4662/4380 1338/4655/4373
f 1350/4660/4378 1346/4661/4379 1333/4662/4380
f 1333/4662/4380 1334/4651/4369 1339/4650/4368
f 1352/4648/4366 1337/4649/4367 1332/4652/4370
f 1337/4649/4367 1334/4651/4369 1332/4652/4370
f 1358/4666/4384 1359/4665/4383 1332/4664/4382
f 1358/4666/4384 1332/4664/4382 1331/4663/4381
f 1357/4670/4388 1358/4669/4387 1330/4667/4385
f 1358/4669/4387 1331/4668/4386 1330/4667/4385
f 1330/4674/4392 1329/4673/4391 1357/4671/4389
f 1329/4673/4391 1356/4672/4390 1357/4671/4389
f 1329/4682/4400 1328/4675/4393 1336/4676/4394
f 1336/4676/4394 1337/4677/4395 1353/4679/4397
f 1353/4679/4397 1355/4680/4398 1356/4681/4399
f 1337/4677/4395 1352/4678/4396 1353/4679/4397
f 1353/4679/4397 1356/4681/4399 1329/4682/4400
f 1329/4682/4400 1336/4676/4394 1353/4679/4397
usemtl Window
f 1364/4699/4417 1361/4698/4416 1366/4696/4414
f 1361/4698/4416 1368/4697/4415 1366/4696/4414
usemtl Wood_Darker
f 1381/4739/4457 1382/4740/4458 1384/4742/4460
f 1382/4740/4458 1383/4741/4459 1384/4742/4460
f 1381/4746/4464 1387/4747/4465 1388/4748/4466
f 1385/4743/4461 1386/4744/4462 1381/4746/4464
f 1389/4749/4467 1392/4752/4470 1385/4743/4461
f 1390/4750/4468 1391/4751/4469 1392/4752/4470
f 1392/4752/4470 1393/4753/4471 1394/4754/4472
f 1389/4749/4467 1390/4750/4468 1392/4752/4470
f 1392/4752/4470 1394/4754/4472 1385/4743/4461
f 1386/4744/4462 1382/4745/4463 1381/4746/4464
f 1381/4746/4464 1389/4749/4467 1385/4743/4461
f 1381/4746/4464 1388/4748/4466 1389/4749/4467
f 1396/4758/4476 1395/4757/4475 1385/4755/4473
f 1395/4757/4475 1386/4756/4474 1385/4755/4473
f 1385/4762/4480 1394/4761/4479 1397/4760/4478
f 1385/4762/4480 1397/4760/4478 1396/4759/4477
f 1394/4763/4481 1393/4764/4482 1398/4765/4483
f 1394/4763/4481 1398/4765/4483 1397/4766/4484
f 1399/4767/4485 1398/4768/4486 1392/4770/4488
f 1398/4768/4486 1393/4769/4487 1392/4770/4488
f 1392/4774/4492 1391/4773/4491 1400/4772/4490
f 1392/4774/4492 1400/4772/4490 1399/4771/4489
f 1391/4775/4493 1390/4776/4494 1401/4777/4495
f 1391/4775/4493 1401/4777/4495 1400/4778/4496
f 1402/4779/4497 1401/4780/4498 1390/4781/4499
f 1402/4779/4497 1390/4781/4499 1389/4782/4500
f 1389/4783/4501 1388/4784/4502 1403/4785/4503
f 1389/4783/4501 1403/4785/4503 1402/4786/4504
f 1404/4790/4508 1403/4789/4507 1388/4788/4506
f 1404/4790/4508 1388/4788/4506 1387/4787/4505
f 1384/4794/4512 1404/4793/4511 1381/4791/4509
f 1404/4793/4511 1387/4792/4510 1381/4791/4509
f 1397/4797/4515 1398/4796/4514 1399/4795/4513
f 1396/4798/4516 1399/4795/4513 1402/4804/4522
f 1402/4804/4522 1403/4803/4521 1384/4801/4519
f 1384/4801/4519 1383/4800/4518 1395/4799/4517
f 1403/4803/4521 1404/4802/4520 1384/4801/4519
f 1384/4801/4519 1395/4799/4517 1396/4798/4516
f 1396/4798/4516 1402/4804/4522 1384/4801/4519
f 1399/4795/4513 1401/4805/4523 1402/4804/4522
f 1399/4795/4513 1400/4806/4524 1401/4805/4523
f 1396/4798/4516 1397/4797/4515 1399/4795/4513
f 1395/4810/4528 1383/4809/4527 1386/4807/4525
f 1383/4809/4527 1382/4808/4526 1386/4807/4525
f 1407/4813/4531 1408/4814/4532 1409/4815/4533
f 1406/4812/4530 1409/4815/4533 1410/4816/4534
f 1405/4811/4529 1406/4812/4530 1412/4818/4536
f 1412/4818/4536 1411/4817/4535 1405/4811/4529
f 1406/4812/4530 1410/4816/4534 1412/4818/4536
f 1406/4812/4530 1407/4813/4531 1409/4815/4533
f 1406/4819/4537 1405/4820/4538 1414/4822/4540
f 1405/4820/4538 1413/4821/4539 1414/4822/4540
f 1417/4827/4545 1415/4823/4541 1414/4824/4542
f 1414/4824/4542 1413/4825/4543 1417/4827/4545
f 1413/4825/4543 1416/4826/4544 1417/4827/4545
f 1421/4831/4549 1420/4830/4548 1419/4829/4547
f 1422/4832/4550 1419/4829/4547 1418/4828/4546
f 1418/4828/4546 1413/4837/4555 1423/4833/4551
f 1405/4836/4554 1424/4834/4552 1423/4833/4551
f 1405/4836/4554 1411/4835/4553 1424/4834/4552
f 1413/4837/4555 1405/4836/4554 1423/4833/4551
f 1418/4828/4546 1416/4838/4556 1413/4837/4555
f 1418/4828/4546 1425/4839/4557 1416/4838/4556
f 1423/4833/4551 1422/4832/4550 1418/4828/4546
f 1422/4832/4550 1421/4831/4549 1419/4829/4547
f 1421/4840/4558 1422/4841/4559 1427/4843/4561
f 1422/4841/4559 1426/4842/4560 1427/4843/4561
f 1428/4844/4562 1427/4845/4563 1426/4846/4564
f 1428/4844/4562 1426/4846/4564 1429/4847/4565
f 1423/4851/4569 1429/4850/4568 1422/4848/4566
f 1429/4850/4568 1426/4849/4567 1422/4848/4566
f 1428/4855/4573 1429/4854/4572 1423/4853/4571
f 1428/4855/4573 1423/4853/4571 1424/4852/4570
f 1431/4857/4575 1430/4856/4574 1432/4860/4578
f 1432/4860/4578 1425/4859/4577 1418/4858/4576
f 1418/4858/4576 1431/4857/4575 1432/4860/4578
f 1431/4861/4579 1418/4862/4580 1419/4863/4581
f 1431/4861/4579 1419/4863/4581 1433/4864/4582
f 1436/4869/4587 1435/4868/4586 1434/4867/4585
f 1437/4870/4588 1436/4869/4587 1433/4866/4584
f 1438/4872/4590 1433/4866/4584 1419/4865/4583
f 1419/4865/4583 1420/4871/4589 1438/4872/4590
f 1438/4872/4590 1437/4870/4588 1433/4866/4584
f 1436/4869/4587 1434/4867/4585 1433/4866/4584
f 1415/4875/4593 1417/4876/4594 1412/4877/4595
f 1411/4888/4606 1417/4876/4594 1416/4881/4599
f 1416/4881/4599 1427/4885/4603 1428/4886/4604
f 1425/4882/4600 1420/4883/4601 1427/4885/4603
f 1432/4873/4591 1438/4880/4598 1420/4883/4601
f 1437/4879/4597 1438/4880/4598 1430/4874/4592
f 1430/4874/4592 1410/4878/4596 1437/4879/4597
f 1438/4880/4598 1432/4873/4591 1430/4874/4592
f 1425/4882/4600 1432/4873/4591 1420/4883/4601
f 1420/4883/4601 1421/4884/4602 1427/4885/4603
f 1416/4881/4599 1425/4882/4600 1427/4885/4603
f 1428/4886/4604 1411/4888/4606 1416/4881/4599
f 1428/4886/4604 1424/4887/4605 1411/4888/4606
f 1411/4888/4606 1412/4877/4595 1417/4876/4594
f 1430/4874/4592 1415/4875/4593 1410/4878/4596
f 1415/4875/4593 1412/4877/4595 1410/4878/4596
f 1436/4892/4610 1437/4891/4609 1410/4890/4608
f 1436/4892/4610 1410/4890/4608 1409/4889/4607
f 1435/4896/4614 1436/4895/4613 1408/4893/4611
f 1436/4895/4613 1409/4894/4612 1408/4893/4611
f 1408/4900/4618 1407/4899/4617 1435/4897/4615
f 1407/4899/4617 1434/4898/4616 1435/4897/4615
f 1407/4908/4626 1406/4901/4619 1414/4902/4620
f 1414/4902/4620 1415/4903/4621 1431/4905/4623
f 1431/4905/4623 1433/4906/4624 1434/4907/4625
f 1415/4903/4621 1430/4904/4622 1431/4905/4623
f 1431/4905/4623 1434/4907/4625 1407/4908/4626
f 1407/4908/4626 1414/4902/4620 1431/4905/4623
usemtl Stone_Brit_Gray
f 1446/4916/4634 1439/4909/4627 1440/4910/4628
f 1445/4915/4633 1440/4910/4628 1441/4911/4629
f 1441/4911/4629 1443/4913/4631 1444/4914/4632
f 1450/4920/4638 1443/4913/4631 1447/4917/4635
f 1447/4917/4635 1448/4918/4636 1449/4919/4637
f 1447/4917/4635 1449/4919/4637 1450/4920/4638
f 1443/4913/4631 1442/4912/4630 1447/4917/4635
f 1441/4911/4629 1442/4912/4630 1443/4913/4631
f 1441/4911/4629 1444/4914/4632 1445/4915/4633
f 1448/4918/4636 1446/4916/4634 1449/4919/4637
f 1448/4918/4636 1439/4909/4627 1446/4916/4634
f 1445/4915/4633 1446/4916/4634 1440/4910/4628
f 1452/4924/4642 1451/4923/4641 1440/4921/4639
f 1451/4923/4641 1441/4922/4640 1440/4921/4639
usemtl Stone_Brit_Gray_Light
f 1460/4932/4650 1453/4925/4643 1454/4926/4644
f 1459/4931/4649 1454/4926/4644 1455/4927/4645
f 1455/4927/4645 1457/4929/4647 1458/4930/4648
f 1462/4936/4654 1457/4929/4647 1451/4933/4651
f 1451/4933/4651 1452/4934/4652 1461/4935/4653
f 1451/4933/4651 1461/4935/4653 1462/4936/4654
f 1457/4929/4647 1456/4928/4646 1451/4933/4651
f 1455/4927/4645 1456/4928/4646 1457/4929/4647
f 1455/4927/4645 1458/4930/4648 1459/4931/4649
f 1452/4934/4652 1460/4932/4650 1461/4935/4653
f 1452/4934/4652 1453/4925/4643 1460/4932/4650
f 1459/4931/4649 1460/4932/4650 1454/4926/4644
f 1459/4940/4658 1458/4939/4657 1464/4938/4656
f 1459/4940/4658 1464/4938/4656 1463/4937/4655
usemtl Stone_Brit_Gray
f 1466/4942/4660 1465/4941/4659 1472/4948/4666
f 1473/4951/4669 1472/4948/4666 1463/4950/4668
f 1474/4952/4670 1473/4951/4669 1464/4949/4667
f 1464/4949/4667 1468/4944/4662 1469/4945/4663
f 1470/4946/4664 1469/4945/4663 1467/4943/4661
f 1471/4947/4665 1470/4946/4664 1467/4943/4661
f 1469/4945/4663 1468/4944/4662 1467/4943/4661
f 1464/4949/4667 1469/4945/4663 1474/4952/4670
f 1473/4951/4669 1463/4950/4668 1464/4949/4667
f 1472/4948/4666 1465/4941/4659 1463/4950/4668
f 1467/4943/4661 1466/4942/4660 1471/4947/4665
f 1466/4942/4660 1472/4948/4666 1471/4947/4665
f 1473/4956/4674 1474/4955/4673 1475/4953/4671
f 1474/4955/4673 1476/4954/4672 1475/4953/4671
f 1479/4959/4677 1480/4960/4678 1481/4961/4679
f 1476/4968/4686 1481/4961/4679 1485/4965/4683
f 1486/4966/4684 1475/4967/4685 1476/4968/4686
f 1486/4966/4684 1484/4964/4682 1475/4967/4685
f 1483/4963/4681 1484/4964/4682 1478/4958/4676
f 1478/4958/4676 1482/4962/4680 1483/4963/4681
f 1484/4964/4682 1477/4957/4675 1478/4958/4676
f 1486/4966/4684 1477/4957/4675 1484/4964/4682
f 1476/4968/4686 1485/4965/4683 1486/4966/4684
f 1481/4961/4679 1480/4960/4678 1485/4965/4683
f 1478/4958/4676 1479/4959/4677 1482/4962/4680
f 1479/4959/4677 1481/4961/4679 1482/4962/4680
usemtl Stone_Brit_Gray_Light
f 1487/4969/4687 1488/4970/4688 1478/4972/4690
f 1488/4970/4688 1479/4971/4689 1478/4972/4690
usemtl Stone_Brit_Gray
f 1491/4977/4695 1490/4976/4694 1488/4975/4693
f 1492/4978/4696 1488/4975/4693 1487/4974/4692
f 1487/4974/4692 1494/4980/4698 1493/4979/4697
f 1497/4983/4701 1494/4980/4698 1496/4982/4700
f 1496/4982/4700 1495/4981/4699 1498/4984/4702
f 1498/4984/4702 1497/4983/4701 1496/4982/4700
f 1494/4980/4698 1489/4973/4691 1496/4982/4700
f 1487/4974/4692 1489/4973/4691 1494/4980/4698
f 1493/4979/4697 1492/4978/4696 1487/4974/4692
f 1495/4981/4699 1491/4977/4695 1498/4984/4702
f 1495/4981/4699 1490/4976/4694 1491/4977/4695
f 1492/4978/4696 1491/4977/4695 1488/4975/4693
usemtl Stone_Brit_Gray_Light
f 1486/4988/4706 1496/4985/4703 1489/4989/4707
f 1489/4989/4707 1478/4987/4705 1477/4990/4708
f 1489/4989/4707 1487/4986/4704 1478/4987/4705
f 1489/4989/4707 1477/4990/4708 1486/4988/4706
f 1486/4994/4712 1485/4993/4711 1496/4991/4709
f 1485/4993/4711 1495/4992/4710 1496/4991/4709
f 1490/5000/4718 1495/4995/4713 1485/4998/4716
f 1485/4998/4716 1480/4999/4717 1490/5000/4718
f 1480/4999/4717 1479/4997/4715 1490/5000/4718
f 1479/4997/4715 1488/4996/4714 1490/5000/4718
usemtl Stone_Brit_Gray
f 1473/5004/4722 1475/5001/4719 1484/5005/4723
f 1484/5005/4723 1471/5003/4721 1472/5006/4724
f 1484/5005/4723 1483/5002/4720 1471/5003/4721
f 1484/5005/4723 1472/5006/4724 1473/5004/4722
f 1483/5007/4725 1482/5008/4726 1471/5010/4728
f 1482/5008/4726 1470/5009/4727 1471/5010/4728
f 1481/5016/4734 1476/5011/4729 1474/5014/4732
f 1474/5014/4732 1469/5015/4733 1481/5016/4734
f 1469/5015/4733 1470/5013/4731 1481/5016/4734
f 1470/5013/4731 1482/5012/4730 1481/5016/4734
usemtl Stone_Brit_Gray_Light
f 1457/5021/4739 1462/5019/4737 1467/5018/4736
f 1457/5021/4739 1468/5022/4740 1464/5017/4735
f 1457/5021/4739 1467/5018/4736 1468/5022/4740
f 1464/5017/4735 1458/5020/4738 1457/5021/4739
f 1462/5026/4744 1461/5025/4743 1467/5023/4741
f 1461/5025/4743 1466/5024/4742 1467/5023/4741
f 1466/5027/4745 1461/5030/4748 1460/5031/4749
f 1460/5031/4749 1463/5028/4746 1465/5032/4750
f 1460/5031/4749 1459/5029/4747 1463/5028/4746
f 1465/5032/4750 1466/5027/4745 1460/5031/4749
usemtl Stone_Brit_Gray
f 1439/5038/4756 1448/5033/4751 1454/5036/4754
f 1454/5036/4754 1453/5037/4755 1439/5038/4756
f 1453/5037/4755 1452/5035/4753 1439/5038/4756
f 1452/5035/4753 1440/5034/4752 1439/5038/4756
f 1448/5039/4757 1447/5040/4758 1454/5042/4760
f 1447/5040/4758 1455/5041/4759 1454/5042/4760
f 1455/5046/4764 1447/5043/4761 1442/5047/4765
f 1442/5047/4765 1451/5045/4763 1456/5048/4766
f 1442/5047/4765 1441/5044/4762 1451/5045/4763
f 1442/5047/4765 1456/5048/4766 1455/5046/4764
f 1446/5053/4771 1445/5051/4769 1493/5050/4768
f 1449/5052/4770 1446/5053/4771 1494/5054/4772
f 1494/5054/4772 1497/5049/4767 1449/5052/4770
f 1446/5053/4771 1493/5050/4768 1494/5054/4772
f 1492/5056/4774 1444/5057/4775 1443/5060/4778
f 1491/5059/4777 1443/5060/4778 1450/5058/4776
f 1450/5058/4776 1498/5055/4773 1491/5059/4777
f 1491/5059/4777 1492/5056/4774 1443/5060/4778
f 1445/5064/4782 1444/5063/4781 1493/5061/4779
f 1444/5063/4781 1492/5062/4780 1493/5061/4779
f 1497/5065/4783 1498/5066/4784 1449/5068/4786
f 1498/5066/4784 1450/5067/4785 1449/5068/4786
