frame,phase,update_ms,vehicles_included_ms,submit_ms,finish_ms,present_ms,total_ms,bounds_included_ms,prepare_included_ms,dispatch_included_ms,packet_included_ms,dma_included_ms,vif_wait_included_ms,flushes,triangles,uploads,reuploads
120,0,2.780097,2.008918,32.325921,1.023065,3.804667,39.933750,4.374613,3.657410,16.163622,2.534251,2.408468,5.577562,131,45042,0,0
121,0,2.793728,2.022610,28.164300,1.001621,7.973870,39.933519,3.861555,3.243551,13.468492,2.273950,1.974043,4.522729,105,34598,0,0
122,0,2.802755,2.022536,32.229065,1.003018,3.928141,39.962979,4.290215,3.667430,16.173821,2.616933,2.405904,5.477624,131,45042,0,0
123,0,2.824910,2.055108,27.972202,1.004259,8.161947,39.963318,3.651896,3.149495,13.559631,2.231740,1.998528,4.412577,105,34598,0,0
124,0,2.810038,2.013848,32.574537,0.998189,3.580458,39.963223,4.481371,3.637590,16.261400,2.762329,2.406742,5.590315,131,45042,0,0
125,0,2.801208,2.031175,28.126031,1.001295,8.034871,39.963406,3.863607,3.158607,13.604852,2.031274,1.946804,4.670983,105,34598,0,0
126,0,2.836405,2.032403,32.397413,0.997748,3.732035,39.963603,4.144602,3.559523,16.265422,2.635705,2.476176,5.662120,131,45042,0,0
127,0,2.897441,2.067125,28.096598,0.999301,7.975925,39.969265,3.952691,2.971232,13.341027,2.076864,1.900360,4.613875,105,34598,0,0
128,0,2.796346,2.025913,32.295098,1.029460,3.835904,39.956807,4.517910,3.521047,16.099297,2.590712,2.331211,5.486884,131,45042,0,0
129,0,2.805325,2.034838,28.133850,0.999159,8.024570,39.962904,3.834347,3.369113,13.288567,2.210114,1.850349,4.480628,105,34598,0,0
130,0,2.826986,2.026930,32.593397,0.998834,3.544189,39.963406,4.378740,3.636831,16.338599,2.622175,2.374196,5.560798,131,45042,0,0
131,0,2.825446,2.052606,28.018711,0.999505,8.112949,39.956611,3.917647,3.108524,13.409977,2.159878,2.002662,4.490180,105,34598,0,0
132,0,2.793701,2.023363,32.561198,0.998766,3.608887,39.962552,4.484717,3.582777,16.267412,2.779839,2.525506,5.593414,131,45042,0,0
133,0,2.875285,2.007365,28.045098,1.004320,8.038778,39.963481,3.859219,3.181695,13.431841,2.076101,2.030762,4.612983,105,34598,0,0
134,0,2.827745,2.025180,32.373691,1.021579,3.740112,39.963128,4.455577,3.539717,16.132412,2.673828,2.404609,5.497423,131,45042,0,0
135,0,2.867249,2.063348,28.107293,1.000149,7.989041,39.963732,3.710788,3.296251,13.436473,2.122942,1.977719,4.452721,105,34598,0,0
136,0,2.814962,2.015388,32.204787,1.002726,3.940762,39.963236,4.131632,3.701508,16.050178,2.579190,2.370633,5.495792,131,45042,0,0
137,0,2.800151,2.031548,28.028863,1.001458,8.132975,39.963447,3.717946,3.321950,13.521111,2.281413,1.959330,4.541585,105,34598,0,0
138,0,2.793416,2.022881,32.618991,0.998481,3.551941,39.962830,4.552141,3.597137,16.125112,2.782345,2.433238,5.601634,131,45042,0,0
139,0,2.896023,2.053541,28.038730,1.001506,8.026991,39.963250,3.920563,3.101196,13.428816,2.067284,1.914992,4.662103,105,34598,0,0
140,0,2.815776,1.972683,32.367343,0.997199,3.783576,39.963894,4.605743,3.576040,15.802233,2.759121,2.366720,5.454061,131,45042,0,0
141,0,2.830634,1.987155,28.230503,1.000665,7.901767,39.963569,3.910116,3.173394,13.588155,2.282752,1.959551,4.569539,105,34598,0,0
142,0,2.800700,2.020420,32.321954,1.000115,3.809509,39.932278,4.362250,3.596768,16.206190,2.624023,2.442634,5.611209,131,45042,0,0
143,0,2.831977,2.060784,28.079095,1.001227,8.038520,39.950819,4.058760,3.050724,13.397393,2.256473,1.864966,4.499373,105,34598,0,0
144,0,2.790575,2.019199,32.517327,0.997742,3.634128,39.939772,4.352939,3.773610,16.161004,2.548893,2.382297,5.677429,131,45042,0,0
145,0,2.837979,2.031481,27.984165,1.004591,8.136312,39.963047,3.660190,3.160485,13.478868,2.185123,2.032979,4.548353,105,34598,0,0
146,0,2.790853,2.019680,32.429993,0.999207,3.743408,39.963460,4.402795,3.708242,16.171017,2.624780,2.304806,5.684998,131,45042,0,0
147,0,2.831651,2.061205,28.157830,1.001092,7.943237,39.933811,3.775920,3.342631,13.488624,2.268982,1.994171,4.588569,105,34598,0,0
148,0,2.835246,1.957377,32.276910,1.003832,3.847636,39.963623,4.371046,3.777062,15.971215,2.614010,2.414808,5.630280,131,45042,0,0
149,0,2.827928,1.986654,28.024448,1.002258,8.108738,39.963372,3.818227,3.283769,13.430155,2.119798,2.018260,4.631514,105,34598,0,0
150,0,2.796556,1.997565,32.350871,0.996813,3.787292,39.931532,4.390320,3.516805,16.148627,2.634759,2.428731,5.495202,131,45042,0,0
151,0,2.887275,2.048231,28.082492,1.008592,7.984782,39.963142,3.809126,3.131795,13.377750,2.292833,1.901560,4.554833,105,34598,0,0
152,0,2.790100,2.020562,32.259189,0.996182,3.917792,39.963264,4.327379,3.676280,16.293362,2.775760,2.427026,5.446869,131,45042,0,0
153,0,2.827067,2.029595,28.078878,1.000719,8.057210,39.963874,3.843357,3.254832,13.382002,2.263618,2.022115,4.452989,105,34598,0,0
154,0,2.831285,2.024502,32.370802,1.009216,3.751743,39.963047,4.402985,3.664785,16.119995,2.696628,2.305206,5.632100,131,45042,0,0
155,0,2.820862,2.049086,28.082147,1.001241,8.059543,39.963793,3.871111,3.018623,13.603607,2.035299,1.973321,4.589878,105,34598,0,0
156,0,2.861186,2.026259,32.386732,0.998481,3.717000,39.963399,4.407088,3.553358,16.194956,2.705136,2.422974,5.514479,131,45042,0,0
157,0,2.836412,2.031080,27.933282,1.001689,8.191399,39.962782,4.028063,3.009162,13.283061,2.277351,1.866052,4.467238,105,34598,0,0
158,0,2.781494,2.009901,32.284458,1.000875,3.890252,39.957079,4.289005,3.604306,16.244581,2.769199,2.469896,5.482347,131,45042,0,0
159,0,2.853746,2.055535,28.035231,0.994324,8.080051,39.963352,3.769945,3.208696,13.534342,2.152310,2.068715,4.484962,105,34598,0,0
160,0,2.792887,2.022447,32.471978,1.004754,3.693359,39.962979,4.490492,3.708716,16.145009,2.573781,2.586687,5.603699,131,45042,0,0
161,0,2.810594,2.039381,28.211846,1.002998,7.938334,39.963772,3.860935,3.105557,13.690972,2.154100,1.863034,4.694519,105,34598,0,0
162,0,2.837972,1.973877,32.511027,0.998244,3.616163,39.963406,4.524384,3.701769,16.087294,2.695608,2.387061,5.615499,131,45042,0,0
163,0,2.857198,2.015584,28.016371,1.025445,8.064412,39.963426,3.844560,3.145464,13.428145,2.124708,1.835714,4.672835,105,34598,0,0
164,0,2.837735,2.034132,32.418416,0.997891,3.709351,39.963392,4.432770,3.678864,16.288866,2.773617,2.395369,5.490557,131,45042,0,0
165,0,2.857625,2.025913,28.149916,0.999281,7.968953,39.975776,3.839884,3.074148,13.534393,2.337752,1.995256,4.567301,105,34598,0,0
166,0,2.790249,2.019518,32.262750,1.003513,3.894491,39.951002,4.333883,3.639245,16.028697,2.679409,2.461595,5.441430,131,45042,0,0
167,0,2.835754,2.065443,28.061517,1.000346,8.065525,39.963142,3.927436,3.071004,13.478739,2.165985,2.008735,4.448408,105,34598,0,0
168,0,2.842346,2.047275,32.565484,1.001702,3.553792,39.963325,4.453423,3.687378,16.125105,2.573001,2.435784,5.525380,131,45042,0,0
169,0,2.802375,2.030897,28.017307,1.001973,8.141452,39.963108,3.752448,2.956390,13.600996,2.273963,2.009054,4.487030,105,34598,0,0
170,0,2.830024,1.988118,32.522251,1.000481,3.603699,39.956455,4.502377,3.753109,16.238881,2.608727,2.577399,5.524258,131,45042,0,0
171,0,2.868001,2.000956,28.025587,1.002774,8.067505,39.963867,3.995368,3.205098,13.363593,2.173221,1.828712,4.660767,105,34598,0,0
172,0,2.830444,2.027825,32.194878,1.009243,3.928616,39.963182,4.247528,3.542063,16.181105,2.664924,2.435150,5.405067,131,45042,0,0
173,0,2.823330,2.019301,28.150425,0.997932,7.991353,39.963040,3.759813,3.223629,13.638126,2.152629,1.897749,4.629907,105,34598,0,0
174,0,2.834635,2.037103,32.277744,0.995443,3.855625,39.963447,4.226468,3.629710,16.080343,2.646189,2.338718,5.376526,131,45042,0,0
175,0,2.817078,2.046054,28.041334,1.003147,8.102193,39.963752,3.820740,3.143375,13.489922,2.318251,1.785645,4.486945,105,34598,0,0
176,0,2.815389,2.044501,32.382643,1.002713,3.761820,39.962565,4.390666,3.839115,16.161672,2.850837,2.409546,5.440837,131,45042,0,0
177,0,2.810852,2.017897,28.083184,1.002658,8.066447,39.963142,3.802433,3.211694,13.464789,2.069811,1.990289,4.578057,105,34598,0,0
178,0,2.847595,2.044040,32.419386,0.997043,3.699680,39.963704,4.371552,3.682061,16.118378,2.830292,2.402757,5.497657,131,45042,0,0
179,0,2.876811,2.054287,28.091492,1.004008,8.010647,39.982958,3.784488,3.203654,13.481242,2.311527,2.121406,4.460425,105,34598,0,0
180,0,2.800618,2.029934,32.292989,1.025167,3.853828,39.972602,4.290039,3.639265,16.104692,2.635627,2.543355,5.382599,131,45042,0,0
181,0,2.775574,2.006782,28.030165,1.003465,8.125081,39.934285,3.765998,3.260844,13.275692,2.098419,1.978075,4.398020,105,34598,0,0
182,0,2.827515,2.025194,32.355035,1.005758,3.775180,39.963487,4.380185,3.661513,16.241275,2.688385,2.421831,5.595588,131,45042,0,0
183,0,2.812242,2.038825,28.140116,1.003533,8.014845,39.970737,4.041477,3.211921,13.454593,2.309431,1.926938,4.585853,105,34598,0,0
184,0,2.842204,2.038581,32.427585,1.001675,3.678040,39.949504,4.249312,3.625495,16.397305,2.572571,2.562188,5.529514,131,45042,0,0
185,0,2.849080,2.018826,28.161106,1.027371,7.952393,39.989950,3.764693,3.099932,13.649624,2.341336,1.929562,4.582831,105,34598,0,0
186,0,2.806539,2.036655,32.305678,1.040887,3.824809,39.977912,4.427402,3.582160,16.082330,2.791626,2.377011,5.454339,131,45042,0,0
187,0,2.813477,2.045485,28.035251,1.000631,8.072238,39.921597,3.793003,3.172896,13.377950,2.120914,2.000956,4.417840,105,34598,0,0
188,0,2.839091,2.031521,32.416416,0.995714,3.711833,39.963053,4.481293,3.596503,16.188904,2.651055,2.507477,5.623128,131,45042,0,0
189,0,2.780863,2.009820,28.014520,1.000916,8.166884,39.963182,3.857629,3.156728,13.271186,2.323619,1.865540,4.464576,105,34598,0,0
190,0,2.829285,2.031379,32.572930,1.001092,3.560059,39.963365,4.462006,3.772034,16.157467,2.541582,2.422597,5.717777,131,45042,0,0
191,0,2.876424,2.042697,28.035299,1.006117,8.044908,39.962748,3.850772,3.148298,13.503676,2.169918,1.902941,4.631612,105,34598,0,0
192,0,2.845398,2.040432,32.394586,1.001044,3.722561,39.963589,4.647057,3.533017,16.034980,2.645698,2.352756,5.512872,131,45042,0,0
193,0,2.829468,2.032932,28.155206,1.026571,7.950575,39.961819,4.029412,3.176751,13.368717,2.161641,1.906847,4.548777,105,34598,0,0
194,0,2.825826,2.023146,32.289124,1.005642,3.813287,39.933879,4.173367,3.676680,16.108883,2.609019,2.420586,5.634288,131,45042,0,0
195,0,2.832689,2.060554,28.022759,1.002231,8.075989,39.933668,3.666487,3.123393,13.525960,2.214430,1.898092,4.518409,105,34598,0,0
196,0,2.795132,2.027011,32.471958,1.002116,3.654344,39.923550,4.351156,3.632161,16.243069,2.726929,2.482083,5.541612,131,45042,0,0
197,0,2.836609,2.030450,28.056471,1.875621,7.197350,39.966051,3.759966,3.131144,13.720117,2.195201,1.923987,4.531369,105,34598,0,0
198,0,2.801520,2.030443,32.566725,0.998956,3.593397,39.960598,4.352515,3.517690,16.368666,2.709415,2.501611,5.613569,131,45042,0,0
199,0,2.875916,2.007345,28.038751,1.002007,8.046583,39.963257,3.854557,3.254127,13.521491,2.180854,2.023122,4.579417,105,34598,0,0
200,0,2.859701,2.029860,32.404941,1.003120,3.695543,39.963304,4.443770,3.637221,16.091153,2.669759,2.323622,5.683275,131,45042,0,0
201,0,2.837565,2.034492,27.996189,1.003167,8.126519,39.963440,3.875682,3.265642,13.315175,2.309014,2.012088,4.423472,105,34598,0,0
202,0,2.819343,2.020257,32.255608,0.997959,3.861125,39.934035,4.411496,3.485891,16.108629,2.622545,2.357964,5.481544,131,45042,0,0
203,0,2.855882,2.048231,27.998834,1.003757,8.076938,39.935411,3.779907,3.055105,13.457448,2.231706,1.861565,4.564616,105,34598,0,0
204,0,2.786567,2.017348,32.362339,0.998901,3.815375,39.963182,4.387139,3.611108,16.263590,2.701592,2.548964,5.481605,131,45042,0,0
205,0,2.827494,2.030870,28.020501,0.998257,8.116889,39.963142,3.967475,3.202376,13.293457,2.283481,1.871962,4.281572,105,34598,0,0
206,0,2.798177,2.026232,32.585422,1.002835,3.576762,39.963196,4.342224,3.617937,16.335860,2.693970,2.473735,5.673594,131,45042,0,0
207,0,2.830485,2.059136,28.117221,0.998589,8.017232,39.963528,3.826613,3.027188,13.683987,2.075568,1.951246,4.640462,105,34598,0,0
208,0,2.840251,2.009128,32.436476,1.001092,3.685784,39.963603,4.498366,3.471198,16.116265,2.621738,2.302802,5.701057,131,45042,0,0
209,0,2.840583,1.995578,27.979384,1.026767,8.109653,39.956387,3.878479,3.133277,13.355201,2.115255,1.943627,4.682566,105,34598,0,0
210,0,2.846741,2.043891,32.403503,1.000210,3.712952,39.963406,4.514333,3.612925,16.129513,2.606703,2.428518,5.527174,131,45042,0,0
211,0,2.876485,2.045505,28.091994,0.999627,7.995232,39.963338,3.826816,3.078037,13.491737,2.256636,1.924530,4.558689,105,34598,0,0
212,0,2.789856,2.020766,32.297641,1.002041,3.874091,39.963630,4.341604,3.577939,16.229401,2.684038,2.434109,5.526940,131,45042,0,0
213,0,2.792786,2.022637,28.064209,0.995850,8.110555,39.963399,3.831580,3.165148,13.407583,2.239777,1.917460,4.478217,105,34598,0,0
214,0,2.844815,2.047641,32.539632,0.997660,3.581319,39.963426,4.512743,3.631643,16.108537,2.458293,2.472883,5.615278,131,45042,0,0
215,0,2.816549,2.046583,28.134454,1.027622,7.984884,39.963508,3.924761,3.103088,13.577660,2.174866,1.827186,4.674069,105,34598,0,0
216,0,2.828776,1.987488,32.426575,0.997077,3.710727,39.963155,4.547262,3.463189,16.168230,2.870063,2.474962,5.492045,131,45042,0,0
217,0,2.873596,2.043077,27.979791,0.998149,8.111871,39.963406,4.024946,3.167233,13.269426,2.069729,1.827274,4.619459,105,34598,0,0
218,0,2.787075,2.014899,32.372959,1.005731,3.766920,39.932685,4.212426,3.733008,16.217601,2.656209,2.367964,5.712847,131,45042,0,0
219,0,2.850939,2.042860,28.098646,0.999580,8.014384,39.963548,3.724416,3.177378,13.587762,2.212585,1.934282,4.572337,105,34598,0,0
220,0,2.833842,2.036370,32.289035,0.996752,3.843920,39.963548,4.396335,3.527832,16.005039,2.679582,2.337128,5.386848,131,45042,0,0
221,0,2.780192,2.010708,28.073052,0.997077,8.113180,39.963501,3.778480,3.151421,13.591638,2.237356,2.064602,4.549940,105,34598,0,0
222,0,2.803270,2.031989,32.398593,1.001031,3.753377,39.956272,4.439904,3.811913,16.082648,2.736532,2.408027,5.517270,131,45042,0,0
223,0,2.827861,2.031630,28.098185,1.003723,8.033834,39.963603,3.770860,3.181722,13.543026,2.167745,1.949704,4.622270,105,34598,0,0
224,0,2.834296,2.031216,32.225355,1.009521,3.893867,39.963040,4.391283,3.394731,16.254856,2.667803,2.469899,5.465912,131,45042,0,0
225,0,2.827718,1.983900,28.166273,0.997267,7.972677,39.963935,3.866319,3.065691,13.482730,2.444071,1.984962,4.481513,105,34598,0,0
226,0,2.826931,2.024645,32.309502,0.996101,3.800354,39.932888,4.333889,3.640011,16.174130,2.585473,2.546041,5.395681,131,45042,0,0
227,0,2.816698,2.045437,28.106459,1.001078,8.009189,39.933424,3.864346,3.225162,13.324012,2.160143,1.966420,4.518768,105,34598,0,0
228,0,2.831055,2.034153,32.675429,1.000095,3.457723,39.964301,4.236850,3.707099,16.493076,2.639754,2.461151,5.665792,131,45042,0,0
229,0,2.791694,2.021172,28.023899,1.023499,8.124071,39.963162,3.822611,3.137244,13.492432,2.205933,1.856842,4.539751,105,34598,0,0
230,0,2.805725,2.034939,32.581373,0.999159,3.576884,39.963142,4.591841,3.663832,16.056508,2.700419,2.320882,5.606608,131,45042,0,0
231,0,2.872803,2.009379,28.034254,1.001356,8.055006,39.963420,3.662516,3.381860,13.418460,2.162710,1.947968,4.572869,105,34598,0,0
232,0,2.861050,2.020969,32.322679,1.002611,3.776740,39.963081,4.162452,3.654690,16.326230,2.719516,2.384379,5.492645,131,45042,0,0
233,0,2.813565,2.041762,28.098484,0.998006,8.023512,39.933567,3.660119,3.100359,13.651852,2.162126,2.131778,4.543664,105,34598,0,0
234,0,2.829027,2.030891,32.323683,1.029426,3.781108,39.963243,4.504011,3.636478,15.959178,2.719527,2.476044,5.429013,131,45042,0,0
235,0,2.808906,2.038662,27.981683,1.001105,8.165331,39.957024,3.823083,2.994307,13.497338,2.229587,1.992377,4.450290,105,34598,0,0
236,0,2.807983,2.037971,32.568149,0.998969,3.587992,39.963094,4.491479,3.653158,16.221469,2.661099,2.346185,5.603923,131,45042,0,0
237,0,2.853719,1.990397,28.057468,1.002231,8.050028,39.963447,3.767063,3.218713,13.578115,2.170427,1.894107,4.555749,105,34598,0,0
238,0,2.835632,2.032010,32.404188,1.004245,3.719869,39.963935,4.199131,3.571879,16.436466,2.825453,2.328200,5.552236,131,45042,0,0
239,0,2.885139,2.081753,28.126234,0.999132,7.971727,39.982232,3.872599,3.155111,13.565487,2.171000,1.961643,4.609670,105,34598,0,0
240,0,2.829332,2.028944,32.252441,0.996914,3.881931,39.960619,4.283159,3.655670,16.116279,2.634206,2.369927,5.329027,131,45042,0,0
241,0,2.792562,2.022841,28.025425,1.020209,8.108154,39.946350,3.671265,3.058102,13.649685,2.202152,2.042209,4.541473,105,34598,0,0
242,0,2.809448,2.038181,32.444370,1.001356,3.708435,39.963609,4.619124,3.480174,16.373406,2.908003,2.519128,5.563639,131,45042,0,0
243,0,2.860921,2.063449,28.129205,1.000610,7.972731,39.963467,3.764811,3.176110,13.570648,2.274289,1.995894,4.598860,105,34598,0,0
244,0,2.840908,1.992018,32.478143,1.001302,3.643060,39.963413,4.462101,3.718672,15.982256,2.502703,2.503160,5.601542,131,45042,0,0
245,0,2.829549,1.987427,28.042352,1.002109,8.089030,39.963040,3.893314,3.163974,13.353417,2.202691,1.800290,4.626346,105,34598,0,0
246,0,2.854858,2.023261,32.312961,0.995470,3.800110,39.963399,4.505134,3.523560,16.154188,2.733188,2.414280,5.488129,131,45042,0,0
247,0,2.857157,2.052436,27.949015,1.029955,8.127808,39.963935,3.886926,3.141788,13.299323,2.111301,1.866689,4.492140,105,34598,0,0
248,0,2.779731,2.007480,32.280165,0.999295,3.896450,39.955641,4.281321,3.631643,16.254259,2.714823,2.466973,5.420542,131,45042,0,0
249,0,2.827766,2.029921,27.962219,0.997776,8.175571,39.963331,3.777378,3.267409,13.313731,2.122677,1.996518,4.335622,105,34598,0,0
250,0,2.803792,2.031908,32.579725,1.006951,3.572754,39.963223,4.322740,3.722198,16.179586,2.746172,2.432163,5.629415,131,45042,0,0
251,0,2.827148,2.055474,28.109409,0.999498,8.027507,39.963562,3.755639,3.058824,13.612020,2.116245,1.954420,4.618225,105,34598,0,0
252,0,2.853780,2.021701,32.396091,0.998094,3.715217,39.963182,4.494632,3.572645,16.161357,2.706723,2.339695,5.649753,131,45042,0,0
253,0,2.827657,2.023390,27.938171,1.000400,8.197605,39.963833,3.892737,2.924934,13.508464,2.242374,1.895009,4.468252,105,34598,0,0
254,0,2.778225,2.007256,32.278320,0.998284,3.908705,39.963535,4.314555,3.602298,16.221592,2.867632,2.371141,5.489285,131,45042,0,0
255,0,2.854106,2.056898,27.990106,0.998264,8.120524,39.962999,3.827216,3.148285,13.455438,2.175249,2.099921,4.252825,105,34598,0,0
256,0,2.800212,2.029405,32.590936,1.007209,3.564779,39.963135,4.401323,3.644199,16.194651,2.616397,2.398383,5.695285,131,45042,0,0
257,0,2.800639,2.028802,28.110697,1.000197,8.051995,39.963528,3.857442,3.268714,13.378357,2.077104,1.870056,4.658491,105,34598,0,0
258,0,2.855733,2.024306,32.365187,0.997437,3.744561,39.962918,4.463138,3.548221,16.046448,2.614387,2.444051,5.517676,131,45042,0,0
259,0,2.848660,2.047641,28.065145,1.009067,8.041070,39.963942,3.833835,3.049615,13.506653,2.226288,2.028622,4.510118,105,34598,0,0
260,0,2.790853,2.020379,32.275282,1.000353,3.896695,39.963182,4.363230,3.598745,16.169362,2.954461,2.431505,5.297217,131,45042,0,0
261,0,2.832404,2.034743,27.964905,0.999349,8.160156,39.956814,3.699331,3.275882,13.317315,2.154955,1.894253,4.342563,105,34598,0,0
262,0,2.800273,2.028619,32.568495,1.001221,3.593133,39.963121,4.385400,3.649024,16.298784,2.723558,2.436659,5.674842,131,45042,0,0
263,0,2.826782,2.055149,28.097066,1.001024,8.038574,39.963447,3.694617,3.322011,13.582116,2.155599,1.989597,4.586402,105,34598,0,0
264,0,2.852892,2.021905,32.391351,1.002245,3.717529,39.964016,4.570994,3.541690,16.067173,2.633277,2.376173,5.569868,131,45042,0,0
265,0,2.824931,2.021762,27.955946,1.028951,8.159865,39.969693,3.942112,2.996457,13.366747,2.192112,1.884884,4.494208,105,34598,0,0
266,0,2.776978,2.006198,32.282566,0.996446,3.901143,39.957133,4.318176,3.574412,16.252007,2.778341,2.402578,5.494195,131,45042,0,0
267,0,2.859741,2.062527,27.984212,0.995348,8.123678,39.962979,3.700738,3.248108,13.379361,2.112152,2.040961,4.341448,105,34598,0,0
268,0,2.801025,2.029995,32.579447,1.002957,3.580363,39.963793,4.506782,3.642961,16.148682,2.652527,2.428674,5.622982,131,45042,0,0
269,0,2.798848,2.028266,28.098056,1.004205,8.062229,39.963338,3.836924,3.259837,13.458523,2.210385,2.007975,4.582706,105,34598,0,0
270,0,2.852763,2.019402,32.292392,1.001275,3.816956,39.963386,4.527920,3.482513,16.075785,2.548184,2.455692,5.410207,131,45042,0,0
271,0,2.853312,2.050022,28.080499,1.004591,8.040934,39.979336,3.795122,3.107242,13.491102,2.232819,2.001678,4.519565,105,34598,0,0
272,0,2.778097,2.007331,32.286777,1.000848,3.881185,39.946906,4.250953,3.714603,16.170559,2.828108,2.401761,5.474548,131,45042,0,0
273,0,2.827291,2.029941,28.007501,0.998305,8.130310,39.963406,3.760200,3.053450,13.473799,2.233025,1.862054,4.434316,105,34598,0,0
274,0,2.801826,2.029514,32.602125,1.002129,3.550652,39.956733,4.309079,3.486233,16.455814,2.681868,2.487718,5.679114,131,45042,0,0
275,0,2.821187,2.050605,28.121419,1.000149,8.020060,39.962816,3.852261,3.100572,13.602431,2.120161,1.928389,4.666239,105,34598,0,0
276,0,2.852322,2.022556,32.450534,0.998671,3.661675,39.963203,4.507907,3.511210,16.090576,2.555905,2.422506,5.560625,131,45042,0,0
277,0,2.844564,1.995395,27.983229,1.027805,8.108419,39.964016,3.862956,3.050293,13.457211,2.073591,1.911726,4.738203,105,34598,0,0
278,0,2.847880,2.043796,32.339532,0.997518,3.778110,39.963040,4.443047,3.602119,16.247732,2.830889,2.339915,5.533037,131,45042,0,0
279,0,2.850552,2.050707,28.074029,0.995558,8.014357,39.934496,3.770342,3.158664,13.475939,2.094482,1.957336,4.598077,105,34598,0,0
280,0,2.779907,2.010383,32.506198,1.001709,3.675184,39.962999,4.416894,3.866574,16.088996,2.521423,2.475016,5.657145,131,45042,0,0
281,0,2.807658,2.036472,28.194166,0.997898,7.963942,39.963664,3.942898,3.062134,13.620419,2.228312,1.968733,4.681312,105,34598,0,0
282,0,2.859049,1.981968,32.365736,0.998108,3.740289,39.963182,4.417111,3.589783,16.086338,2.631744,2.437958,5.502703,131,45042,0,0
283,0,2.866007,2.062554,28.124322,1.006388,7.966281,39.962999,3.763326,3.079817,13.592889,2.149950,2.038985,4.559886,105,34598,0,0
284,0,2.782233,2.010098,32.338026,1.002584,3.830702,39.953545,4.183289,3.624634,16.349196,2.948507,2.395369,5.604760,131,45042,0,0
285,0,2.827067,2.026686,28.039483,0.999105,8.078057,39.943712,3.839040,3.003055,13.502730,2.240882,1.878486,4.491089,105,34598,0,0
286,0,2.801758,2.031162,32.634087,1.004706,3.522847,39.963399,4.424523,3.704970,16.269769,2.636566,2.390208,5.607368,131,45042,0,0
287,0,2.821737,2.049859,28.137343,1.000488,7.997226,39.956794,3.801151,3.231001,13.536984,2.175276,1.867116,4.602349,105,34598,0,0
288,0,2.860331,2.030429,32.353570,1.003038,3.745877,39.962816,4.398438,3.525479,16.198897,2.698181,2.397552,5.497291,131,45042,0,0
289,0,2.834391,2.030911,28.147420,1.006070,7.994995,39.982876,3.767205,3.113298,13.583598,2.339400,2.050276,4.568939,105,34598,0,0
290,0,2.786947,2.017015,32.267205,1.000319,3.888570,39.943041,4.352793,3.592651,16.185293,2.748830,2.338691,5.558997,131,45042,0,0
291,0,2.851725,2.053860,27.978800,0.998094,8.134942,39.963562,3.841641,3.092200,13.356194,2.353634,1.864339,4.413500,105,34598,0,0
292,0,2.800964,2.028795,32.590793,1.007039,3.564019,39.962816,4.436751,3.630673,16.249708,2.684482,2.450267,5.629103,131,45042,0,0
293,0,2.796143,2.024991,28.121779,1.006538,8.039130,39.963589,3.708723,3.104441,13.721473,2.327430,1.980835,4.575138,105,34598,0,0
294,0,2.853807,2.023159,32.304742,0.997911,3.806783,39.963243,4.408868,3.601851,15.995870,2.698229,2.415198,5.484185,131,45042,0,0
295,0,2.848714,2.045688,28.081841,1.007141,8.025689,39.963386,3.905419,3.085876,13.389913,2.189874,1.912092,4.576820,105,34598,0,0
296,0,2.810099,2.039137,32.273065,1.001648,3.878384,39.963196,4.360633,3.637804,16.176812,2.629076,2.509586,5.306678,131,45042,0,0
297,0,2.825114,2.028700,27.981832,1.000678,8.155945,39.963569,3.768233,3.225413,13.255910,2.194353,1.865519,4.492815,105,34598,0,0
298,0,2.800883,2.030551,32.609416,1.002346,3.550802,39.963447,4.399957,3.664842,16.266795,2.578413,2.488444,5.617716,131,45042,0,0
299,0,2.820435,2.048333,28.137505,1.001600,8.003940,39.963481,3.844042,3.166877,13.630680,2.227353,1.973178,4.683499,105,34598,0,0
300,0,2.869269,2.036981,32.309238,1.000149,3.778449,39.957106,4.279582,3.652245,16.065670,2.579285,2.391751,5.525041,131,45042,0,0
301,0,2.830790,2.027534,28.145481,1.048801,7.966044,39.991116,3.732652,3.098687,13.578125,2.242194,1.817949,4.589783,105,34598,0,0
302,0,2.801819,2.031976,32.278788,0.998311,3.861979,39.940898,4.326582,3.560048,16.237854,2.749006,2.434299,5.419874,131,45042,0,0
303,0,2.862203,2.061964,27.991984,0.999498,8.103617,39.957303,3.799188,3.226084,13.336470,2.281809,1.902574,4.545234,105,34598,0,0
304,0,2.804430,2.033780,32.666158,1.004679,3.487915,39.963182,4.382935,3.674069,16.337470,2.732853,2.380747,5.578013,131,45042,0,0
305,0,2.809998,2.038649,28.205844,1.000610,7.946750,39.963203,3.926171,3.237963,13.502835,2.189148,2.042179,4.656067,105,34598,0,0
306,0,2.801778,2.030165,32.583143,1.005703,3.572632,39.963257,4.333805,3.623678,16.241957,2.699348,2.463467,5.616184,131,45042,0,0
307,0,2.848945,2.039761,28.092868,1.000570,8.020928,39.963311,3.970086,3.220330,13.426802,2.202437,1.884993,4.640174,105,34598,0,0
308,0,2.865112,2.032810,32.335870,0.998786,3.763618,39.963386,4.471429,3.557085,15.971636,2.500373,2.395674,5.522536,131,45042,0,0
309,0,2.831950,2.028415,27.994826,1.000034,8.136183,39.962992,3.974314,3.091305,13.390269,2.385145,1.905884,4.454902,105,34598,0,0
310,0,2.786546,2.014513,32.326959,1.025018,3.819573,39.958096,4.313636,3.598389,16.200317,2.750390,2.395630,5.491038,131,45042,0,0
311,0,2.852722,2.053413,28.037245,1.001350,8.048564,39.939880,3.730191,3.092560,13.487440,2.212867,1.960076,4.467794,105,34598,0,0
312,0,2.801337,2.030362,32.492303,1.008050,3.661357,39.963047,4.438121,3.852390,16.086680,2.679264,2.473643,5.648994,131,45042,0,0
313,0,2.810472,2.038262,28.228224,1.002862,7.914795,39.956353,3.845401,3.324992,13.674449,2.267520,2.011804,4.603651,105,34598,0,0
314,0,2.804715,2.008226,32.554233,1.000922,3.603373,39.963243,4.288239,3.666236,16.260179,2.732008,2.299205,5.643578,131,45042,0,0
315,0,2.853800,2.013245,28.057590,1.000359,8.051900,39.963650,3.786699,3.309011,13.379249,2.291406,1.795061,4.654728,105,34598,0,0
316,0,2.855408,2.024502,32.317925,0.995199,3.794786,39.963318,4.354045,3.607771,16.130737,2.619141,2.424934,5.515811,131,45042,0,0
317,0,2.830777,2.026076,28.116130,1.837697,7.201758,39.986362,3.766578,3.078579,13.643639,2.296980,2.131975,4.549750,105,34598,0,0
318,0,2.777425,2.006748,32.303786,0.998060,3.867493,39.946764,4.276486,3.564307,16.308675,2.845757,2.403171,5.551809,131,45042,0,0
319,0,2.852030,2.053094,28.018304,0.994622,8.091790,39.956746,3.904629,3.187422,13.419824,2.207614,1.964796,4.403175,105,34598,0,0
320,0,2.801968,2.031521,32.634637,1.004266,3.522359,39.963230,4.444763,3.642751,16.195475,2.697622,2.418054,5.604034,131,45042,0,0
321,0,2.801208,2.031182,28.161309,0.997267,8.003838,39.963623,3.826891,3.121850,13.635329,2.036221,2.060560,4.693824,105,34598,0,0
322,0,2.856595,2.025621,32.372945,0.997097,3.736776,39.963413,4.365214,3.590925,16.105923,2.616597,2.383921,5.542070,131,45042,0,0
323,0,2.861803,2.056993,27.994948,1.000868,8.105591,39.963209,4.034726,3.074317,13.342217,2.345659,1.905358,4.481032,105,34598,0,0
324,0,2.803392,2.002231,32.377909,0.996928,3.784993,39.963223,4.396793,3.470367,16.133040,2.720086,2.370266,5.646006,131,45042,0,0
325,0,2.831706,2.029229,28.083754,1.000298,8.017476,39.933234,3.919803,3.116601,13.387536,2.215044,1.933509,4.533054,105,34598,0,0
326,0,2.798001,2.027439,32.202732,0.998284,3.957357,39.956373,4.419986,3.517843,16.063188,2.611440,2.399092,5.449778,131,45042,0,0
327,0,2.825243,2.055834,28.201938,1.002197,7.933974,39.963352,3.796061,3.303280,13.504137,2.145915,2.015886,4.641930,105,34598,0,0
328,0,2.820292,1.992513,32.482456,0.996087,3.664775,39.963609,4.351457,3.738281,16.066644,2.658173,2.425669,5.561568,131,45042,0,0
329,0,2.833761,1.993388,28.068210,0.998481,8.062642,39.963094,3.840081,3.155975,13.562056,2.103455,1.900675,4.677945,105,34598,0,0
330,0,2.826375,2.023797,32.346998,0.997064,3.792806,39.963243,4.558614,3.356978,16.122715,2.623827,2.516886,5.507456,131,45042,0,0
331,0,2.892293,2.062893,28.098504,1.001729,7.979750,39.972276,3.914822,2.935964,13.462884,2.209273,1.863563,4.593811,105,34598,0,0
332,0,2.791199,2.020013,32.271213,1.019647,3.872965,39.955024,4.386956,3.561998,16.153097,2.754734,2.426432,5.436879,131,45042,0,0
333,0,2.812446,2.042921,28.108948,1.002631,8.039612,39.963637,3.957397,3.224016,13.381578,2.174635,1.976447,4.436113,105,34598,0,0
334,0,2.810330,2.013645,32.531793,0.999159,3.621901,39.963182,4.419644,3.503682,16.203254,2.842183,2.406057,5.416857,131,45042,0,0
335,0,2.824666,2.053094,28.172885,0.999790,7.965922,39.963264,3.875037,3.140828,13.642134,2.233751,1.924713,4.653225,105,34598,0,0
336,0,2.783834,1.981628,32.506524,1.000970,3.671956,39.963284,4.303429,3.545085,16.308584,2.868964,2.469164,5.620402,131,45042,0,0
337,0,2.877692,2.046909,27.966343,1.005168,8.114027,39.963230,3.894952,3.080122,13.426141,2.153276,1.907420,4.642900,105,34598,0,0
338,0,2.814901,2.012661,32.271396,1.005954,3.870829,39.963081,4.284902,3.526974,16.217478,2.657196,2.509030,5.383545,131,45042,0,0
339,0,2.816433,2.046014,28.136800,1.003506,7.980123,39.936863,3.972531,3.107544,13.399828,2.254883,1.901160,4.536699,105,34598,0,0
340,0,2.827745,2.028415,32.258640,0.997959,3.866455,39.950799,4.342061,3.539666,16.009142,2.591902,2.439453,5.363400,131,45042,0,0
341,0,2.802205,2.031135,28.074049,0.997735,8.088989,39.962979,3.907016,2.986966,13.594828,2.225396,2.003906,4.616523,105,34598,0,0
342,0,2.811062,2.040744,32.426161,1.002943,3.723592,39.963759,4.549889,3.603102,16.201867,2.752377,2.434611,5.612081,131,45042,0,0
343,0,2.829447,2.034234,28.139438,1.004673,7.989665,39.963223,3.849735,3.160363,13.482914,2.137831,1.899516,4.672424,105,34598,0,0
344,0,2.797390,1.995239,32.324748,1.007487,3.833903,39.963528,4.466746,3.586860,16.021145,2.758352,2.479343,5.588552,131,45042,0,0
345,0,2.839539,1.998657,28.088474,1.001261,8.034275,39.963548,3.980950,3.345483,13.359436,2.226342,1.869558,4.622453,105,34598,0,0
346,0,2.879842,2.048435,32.383620,0.997409,3.702393,39.963264,4.460700,3.564334,16.220361,2.543060,2.480126,5.553009,131,45042,0,0
347,0,2.860196,2.055189,28.049554,1.003113,8.050937,39.963799,3.762526,3.185886,13.475613,2.289452,2.084442,4.464834,105,34598,0,0
348,0,2.823730,2.021105,32.354268,0.996887,3.788317,39.963203,4.220829,3.589830,16.357412,2.741401,2.499600,5.589810,131,45042,0,0
349,0,2.822903,2.021213,28.081821,0.993679,8.034322,39.932726,3.953345,3.051965,13.532715,2.343801,1.923560,4.582221,105,34598,0,0
350,0,2.804342,2.034051,32.316501,1.010457,3.831882,39.963182,4.289422,3.612627,16.274773,2.653286,2.513492,5.540056,131,45042,0,0
351,0,2.834859,2.065301,28.257541,0.999485,7.871257,39.963142,3.940128,3.150736,13.651893,2.163883,1.963094,4.547129,105,34598,0,0
352,0,2.825935,2.026862,32.534424,0.996250,3.600091,39.956699,4.363549,3.527439,16.448469,2.622596,2.446550,5.577152,131,45042,0,0
353,0,2.811015,2.039442,28.133497,1.001438,8.017436,39.963386,3.760461,3.162811,13.599531,2.139008,1.917847,4.666429,105,34598,0,0
354,0,2.830627,2.025770,32.323825,0.999173,3.809957,39.963582,4.270433,3.495168,16.078573,2.605950,2.531643,5.474721,131,45042,0,0
355,0,2.892598,2.062853,28.104953,1.000305,7.974399,39.972256,3.822066,3.271684,13.362213,2.116859,1.859819,4.598623,105,34598,0,0
356,0,2.798421,2.027412,32.271254,0.998589,3.886617,39.954881,4.378055,3.606140,16.084313,2.699643,2.398471,5.452094,131,45042,0,0
357,0,2.820903,2.052639,28.282817,1.001302,7.858521,39.963542,3.808004,3.319431,13.668810,2.263597,2.073581,4.541002,105,34598,0,0
358,0,2.828735,2.030789,32.558465,0.999200,3.576925,39.963325,4.311815,3.695268,16.234348,2.584462,2.392453,5.577026,131,45042,0,0
359,0,2.820536,2.048882,28.185140,0.999112,7.958632,39.963420,3.920119,3.088759,13.612006,2.177358,2.067624,4.578298,105,34598,0,0
480,1,2.855706,2.024000,39.533522,1.535346,15.993605,59.918179,5.591634,5.609975,17.777873,2.953912,2.865638,5.881114,159,45782,0,0
481,1,2.871684,2.036553,34.461806,1.533454,1.097249,39.964193,4.658563,4.993578,14.861020,2.384064,2.209517,4.886573,122,35206,0,0
482,1,2.872694,2.038425,39.390652,1.539280,16.160984,59.963609,5.546787,5.608351,17.809886,2.865323,2.907423,5.945418,159,45782,0,0
483,1,2.912218,2.026584,34.265408,1.539476,1.246908,39.964010,4.756643,4.728478,14.753381,2.348924,2.310618,4.942552,122,35206,0,0
484,1,2.935859,2.071160,39.521613,1.542487,15.963175,59.963135,5.746674,5.673570,17.659936,2.812154,2.946167,5.844750,159,45782,0,0
485,1,2.919698,2.018121,34.429294,1.525201,1.090569,39.964762,4.900611,4.807695,14.724186,2.408766,2.350410,4.892293,122,35206,0,0
486,1,2.917094,2.038161,39.587965,1.535224,15.942851,59.983134,5.441010,5.589213,18.236850,3.028958,2.964166,6.050991,159,45782,0,0
487,1,2.883152,2.030769,34.322374,1.556485,1.201070,39.963081,4.731683,4.799496,14.836694,2.397783,2.354224,4.865024,122,35206,0,0
488,1,2.867805,2.036485,39.573622,1.535075,15.967651,59.944153,5.488546,5.758921,17.966570,2.934014,2.898146,6.080444,159,45782,0,0
489,1,2.932685,1.993625,34.407966,1.530246,1.085707,39.956604,4.887512,4.641574,14.816945,2.499491,2.102644,4.809014,122,35206,0,0
490,1,2.944709,1.996480,39.579434,1.536452,15.903476,59.964071,5.590108,5.700548,18.035970,2.969896,2.989417,6.019765,159,45782,0,0
491,1,2.891140,2.058790,34.442457,1.539815,1.090312,39.963725,4.653714,4.771552,14.982795,2.345937,2.239817,4.989349,122,35206,0,0
492,1,2.884203,2.031630,39.791307,1.548367,15.739624,59.963501,5.474267,5.757473,18.221391,2.986766,2.854062,6.013062,159,45782,0,0
493,1,2.898363,2.033251,34.378309,1.536526,1.151096,39.964294,4.722019,4.782793,14.856174,2.585263,2.166311,4.777578,122,35206,0,0
494,1,2.948778,2.060255,39.568285,1.537564,15.909363,59.963989,5.436710,5.867740,17.697388,2.941199,2.877258,5.846707,159,45782,0,0
495,1,2.880561,2.048699,34.445218,1.539802,1.098409,39.963989,4.632036,4.916697,14.975186,2.479977,2.203908,4.870405,122,35206,0,0
496,1,2.882358,2.052341,39.336636,1.543179,16.201172,59.963345,5.457536,5.795047,17.834391,2.909186,2.942542,5.934753,159,45782,0,0
497,1,2.926704,2.034770,34.382046,1.529887,1.142178,39.980815,4.671224,4.815484,14.748681,2.357513,2.230469,4.867340,122,35206,0,0
498,1,2.916470,2.049249,39.539924,1.534715,15.956014,59.947123,5.568624,5.737613,17.912303,3.023641,3.000227,5.864010,159,45782,0,0
499,1,2.861782,2.030307,34.497097,1.533739,1.071370,39.963989,4.630063,4.997982,15.030212,2.405487,2.320591,4.945333,122,35206,0,0
500,1,2.909471,2.075690,39.527757,1.534295,15.985385,59.956909,5.543705,5.765432,17.782522,2.849826,2.813104,6.089122,159,45782,0,0
501,1,2.945462,2.050788,34.376817,1.528334,1.113519,39.964132,4.720201,4.932482,14.557610,2.274736,2.137383,4.731310,122,35206,0,0
502,1,2.897203,1.990702,39.545458,1.536811,15.984538,59.964010,5.323717,5.762855,18.078556,3.174394,2.795698,6.022417,159,45782,0,0
503,1,2.898343,2.037509,34.328762,1.535597,1.200738,39.963440,4.530006,4.909770,14.942529,2.520996,2.176395,4.775224,122,35206,0,0
504,1,2.855849,2.024339,39.618720,1.536994,15.952189,59.963752,5.487474,5.835873,18.202538,2.895220,2.838857,6.053572,159,45782,0,0
505,1,2.905117,1.999797,34.452237,1.526659,1.079447,39.963460,4.699046,4.809435,14.850481,2.544593,2.240095,4.735152,122,35206,0,0
506,1,2.977180,2.057183,39.660224,1.543552,15.782708,59.963664,5.590505,5.709188,17.997040,3.106510,2.849297,5.855031,159,45782,0,0
507,1,2.879544,2.046421,34.488268,1.530707,1.065735,39.964254,4.697364,4.878601,15.055427,2.530423,2.135464,4.914239,122,35206,0,0
508,1,2.907681,2.046563,39.750943,1.546129,15.758870,59.963623,5.411570,6.013808,18.049154,2.902273,2.809011,6.055498,159,45782,0,0
509,1,2.897102,2.031670,34.409173,1.538133,1.119541,39.963949,4.791718,4.789378,14.807031,2.521884,2.203518,4.671682,122,35206,0,0
510,1,2.932061,2.022773,39.654799,1.540751,15.829549,59.957160,5.472388,5.613864,18.008379,3.001940,3.011932,5.878550,159,45782,0,0
511,1,2.907308,2.032159,34.580844,1.509094,0.976162,39.973409,4.594065,4.894148,15.066145,2.515947,2.271172,4.954013,122,35206,0,0
512,1,2.841722,2.009101,39.491482,1.534451,16.086324,59.953979,5.352244,5.900692,17.958771,2.952613,3.001428,5.861270,159,45782,0,0
513,1,2.950996,2.056044,34.360745,1.530551,1.121575,39.963867,4.636539,4.934014,14.673503,2.475779,2.239834,4.737864,122,35206,0,0
514,1,2.913106,2.007141,39.671075,1.536058,15.843648,59.963888,5.508647,5.691321,18.012258,2.993391,2.925588,5.877679,159,45782,0,0
515,1,2.910000,2.048387,34.530592,1.521450,1.011773,39.973816,4.697968,4.986799,14.761929,2.353929,2.310584,4.937405,122,35206,0,0
516,1,2.892626,2.058139,39.535753,1.531833,15.993198,59.953410,5.434167,5.735392,17.893304,2.766666,2.855625,6.038255,159,45782,0,0
517,1,2.909207,1.974094,34.364610,1.533942,1.156474,39.964233,4.711060,4.996389,14.624251,2.472378,2.140578,4.696116,122,35206,0,0
518,1,2.907715,1.998454,39.632928,1.532294,15.890849,59.963786,5.525713,5.762034,17.969235,2.906833,2.831502,6.050276,159,45782,0,0
519,1,2.873359,2.036892,34.562344,1.504401,1.023804,39.963908,4.730072,4.780389,15.304569,2.565694,2.329498,4.974358,122,35206,0,0
520,1,2.889187,2.028049,39.504130,1.523478,16.039714,59.956509,5.534417,5.747752,17.793521,2.840729,2.933580,6.014448,159,45782,0,0
521,1,2.901849,2.035149,34.293755,1.535461,1.232971,39.964037,4.735579,5.096785,14.677578,2.360467,2.287350,4.810608,122,35206,0,0
522,1,2.934272,2.022000,39.616442,1.539300,15.873691,59.963704,5.661546,5.712080,18.013306,3.029029,3.042033,5.855655,159,45782,0,0
523,1,2.869744,2.037035,34.607388,1.507392,0.979716,39.964240,4.688883,4.847592,14.882501,2.488675,2.315881,4.888916,122,35206,0,0
524,1,2.878181,2.044610,39.563789,1.541206,15.980265,59.963440,5.456234,5.604234,18.316406,2.960938,2.952318,6.078094,159,45782,0,0
525,1,2.942451,2.039402,34.277357,1.539029,1.204753,39.963589,4.850515,4.675741,14.742828,2.463857,2.238746,4.738024,122,35206,0,0
526,1,2.940762,2.070157,39.571031,1.535753,15.916809,59.964355,5.499166,5.623844,18.013306,3.124803,2.911021,5.843936,159,45782,0,0
527,1,2.880256,2.023933,34.543810,1.519274,1.020365,39.963704,4.745202,4.880914,14.880842,2.317135,2.175313,4.925473,122,35206,0,0
528,1,2.867438,2.037543,39.468228,1.534756,16.093058,59.963481,5.466814,5.557187,17.910709,2.788144,2.891873,6.070228,159,45782,0,0
529,1,2.912062,2.036065,34.318129,1.532315,1.201470,39.963976,4.849904,4.916877,14.588847,2.354814,2.108083,4.684347,122,35206,0,0
530,1,2.934618,1.997240,39.569261,1.527391,15.932271,59.963542,5.686415,5.641286,18.048279,3.021613,2.914575,6.016178,159,45782,0,0
531,1,2.888808,2.055698,34.443061,1.540534,1.084859,39.957262,4.647407,4.802049,15.019094,2.360789,2.232629,4.943732,122,35206,0,0
532,1,2.895630,2.034743,39.822279,1.554979,15.691386,59.964274,5.319217,5.730876,18.409410,2.923214,2.964803,6.067424,159,45782,0,0
533,1,2.905470,2.038520,34.279209,1.532518,1.246535,39.963732,4.804538,4.919454,14.676175,2.584808,2.145955,4.745578,122,35206,0,0
534,1,2.913479,2.022352,39.611844,1.544908,15.893555,59.963786,5.466268,5.699514,18.036363,3.057159,3.031596,5.827966,159,45782,0,0
535,1,2.867296,2.035366,34.416368,1.537598,1.142992,39.964254,4.695401,4.739787,14.995090,2.505615,2.319326,4.899936,122,35206,0,0
536,1,2.889133,2.032769,39.741930,1.547431,15.784892,59.963386,5.518321,5.731364,18.071096,2.846992,2.831211,6.106066,159,45782,0,0
537,1,2.918043,2.051487,34.380561,1.536716,1.128615,39.963935,4.741428,4.929582,14.606130,2.412069,2.157037,4.921909,122,35206,0,0
538,1,2.931675,2.031908,39.464973,1.538378,16.028707,59.963732,5.613403,5.623539,17.839098,3.100891,2.789653,5.749613,159,45782,0,0
539,1,2.911886,2.035916,34.392775,1.532722,1.126506,39.963888,4.786153,4.773987,14.928433,2.456563,2.298147,4.920237,122,35206,0,0
540,1,2.931851,2.035312,39.664280,1.565748,15.825758,59.987637,5.447632,5.709157,18.273807,3.065535,3.038140,5.955441,159,45782,0,0
541,1,2.872504,2.038988,34.544318,1.558356,0.984578,39.959757,4.667623,4.868903,15.067939,2.361060,2.205665,4.883955,122,35206,0,0
542,1,2.876573,2.044847,39.456312,1.542263,16.061069,59.936218,5.590210,5.766832,17.785736,2.926415,2.879208,5.898149,159,45782,0,0
543,1,2.934781,2.002401,34.363146,1.534587,1.131456,39.963969,4.846761,4.840895,14.795570,2.464888,2.258379,4.811181,122,35206,0,0
544,1,2.907423,2.000305,39.580471,1.538398,15.937561,59.963854,5.459401,5.447238,18.185794,3.138418,2.925140,5.999396,159,45782,0,0
545,1,2.878370,2.015978,34.548347,1.517483,1.019409,39.963609,4.872969,4.726369,14.884857,2.466875,2.168447,4.938789,122,35206,0,0
546,1,2.870734,2.036797,39.522895,1.534600,16.035068,59.963298,5.360650,5.756378,17.992906,2.820858,2.890811,6.059740,159,45782,0,0
547,1,2.920600,2.036465,34.410977,1.524645,1.107951,39.964172,4.946526,4.786391,14.751607,2.414056,2.250654,4.874905,122,35206,0,0
548,1,2.967658,2.066115,39.510566,1.540168,15.945414,59.963806,5.633850,5.824202,17.822561,2.845920,2.897054,5.888211,159,45782,0,0
549,1,2.876519,2.042487,34.516446,1.522163,1.048584,39.963711,4.850047,4.693244,15.031721,2.543593,2.196960,4.968374,122,35206,0,0
550,1,2.894436,2.031752,39.751879,1.568997,15.748108,59.963420,5.571723,5.934689,17.965966,2.899258,2.765269,6.167389,159,45782,0,0
551,1,2.919664,2.053887,34.361823,1.532260,1.150425,39.964172,4.933258,4.848128,14.713142,2.323988,2.347331,4.649028,122,35206,0,0
552,1,2.905389,2.010851,39.574755,1.539903,15.936381,59.956428,5.508287,5.731866,18.035539,2.928504,2.919159,5.863631,159,45782,0,0
553,1,2.876255,2.041660,34.524855,1.524258,1.038425,39.963793,4.665398,4.847026,15.040344,2.515849,2.320777,4.894897,122,35206,0,0
554,1,2.895698,2.042304,39.479730,1.549099,16.039646,59.964172,5.435065,5.719333,17.932265,2.912503,2.950121,6.052578,159,45782,0,0
555,1,2.915514,2.017327,34.351345,1.536648,1.160116,39.963623,4.608175,4.845561,14.730225,2.265954,2.324660,4.848304,122,35206,0,0
556,1,2.914090,2.046360,39.551039,1.538717,15.959798,59.963643,5.649478,5.650991,17.827979,2.846853,2.829383,5.706367,159,45782,0,0
557,1,2.883070,2.039944,34.421984,2.368005,0.293420,39.966478,4.666684,4.850508,14.978275,2.402646,2.315331,4.825100,122,35206,0,0
558,1,2.889818,2.058397,39.425930,1.584113,16.113892,60.013753,5.537415,5.792287,17.890744,2.813982,2.935845,6.092723,159,45782,0,0
559,1,2.857652,2.025140,34.621813,1.511339,0.920105,39.910909,4.776771,4.793898,14.929884,2.480882,2.213538,4.889425,122,35206,0,0
560,1,2.897366,2.036519,39.412225,1.534248,16.091838,59.935676,5.479736,5.777778,17.884606,2.933360,2.862040,5.889391,159,45782,0,0
561,1,2.903917,1.996521,34.342129,1.536913,1.180888,39.963847,4.774757,4.814399,14.817220,2.500800,2.208167,4.939368,122,35206,0,0
562,1,2.920051,1.988424,39.689765,1.535136,15.818854,59.963806,5.457062,5.708872,18.219906,3.105381,2.780626,6.027195,159,45782,0,0
563,1,2.870294,2.037360,34.623949,1.535529,0.949076,39.978848,4.811351,4.923041,14.881632,2.373433,2.419935,5.020616,122,35206,0,0
564,1,2.870083,2.039456,39.514126,1.537686,16.019246,59.941142,5.574348,5.658312,17.878883,2.853349,3.038954,6.026028,159,45782,0,0
565,1,2.902167,2.036648,34.335192,1.543389,1.183282,39.964030,4.669712,4.955800,14.795261,2.400021,2.294339,4.806576,122,35206,0,0
566,1,2.900642,1.991367,39.634813,1.541511,15.886963,59.963928,5.430193,5.719547,18.025818,3.033254,2.891049,5.904527,159,45782,0,0
567,1,2.900987,2.034071,34.515795,1.513435,1.033529,39.963745,4.758603,4.937768,14.916548,2.527629,2.290538,4.916053,122,35206,0,0
568,1,2.869236,2.037571,39.423435,1.537781,16.133647,59.964098,5.368852,5.752940,17.886346,2.881066,2.863098,6.026072,159,45782,0,0
569,1,2.922329,2.023187,34.321628,1.541389,1.177789,39.963135,4.865404,4.834964,14.471798,2.270603,2.207275,4.935232,122,35206,0,0
570,1,2.935818,2.055413,39.565070,1.535326,15.927856,59.964071,5.417664,5.594530,18.058838,3.011953,2.785909,5.850935,159,45782,0,0
571,1,2.881348,2.038954,34.492181,1.517544,1.072876,39.963949,4.849453,4.920841,14.685669,2.317051,2.279633,4.853146,122,35206,0,0
572,1,2.871853,2.036960,39.419257,1.541707,16.130663,59.963481,5.411302,5.880012,17.737488,2.809475,2.967848,6.087589,159,45782,0,0
573,1,2.865248,2.031040,34.554694,1.506802,1.001017,39.927762,4.668925,4.978170,14.846771,2.394518,2.168413,4.947968,122,35206,0,0
574,1,2.902493,2.042616,39.539341,1.528076,15.964925,59.934835,5.582838,5.656932,18.002774,2.941776,2.960690,5.818960,159,45782,0,0
575,1,2.902391,2.026645,34.371901,1.531725,1.157450,39.963467,4.764218,4.769830,14.939623,2.472843,2.207692,4.921336,122,35206,0,0
576,1,2.914883,1.981913,39.697259,1.544651,15.823927,59.980720,5.543223,5.618401,18.216366,3.061161,3.027188,5.982313,159,45782,0,0
577,1,2.872748,2.038886,34.540480,1.539368,1.030884,39.983480,4.654883,4.607836,15.184977,2.506700,2.194800,4.903100,122,35206,0,0
578,1,2.858487,2.025852,39.526679,1.542223,15.999044,59.926432,5.483297,5.578044,18.077867,2.940799,2.962925,5.991031,159,45782,0,0
579,1,2.903781,1.999756,34.360602,1.529799,1.169610,39.963793,4.789046,4.783583,14.856466,2.453417,2.354658,4.890615,122,35206,0,0
580,1,2.921577,2.014181,39.645698,1.537740,15.859219,59.964233,5.393887,5.758182,18.185876,3.209120,2.838674,5.998216,159,45782,0,0
581,1,2.885891,2.023261,34.536648,1.511773,1.029229,39.963542,4.783776,4.662689,15.112905,2.474121,2.235528,4.987298,122,35206,0,0
582,1,2.868008,2.035285,39.525784,1.535841,16.034071,59.963704,5.446777,5.690342,17.980201,2.896366,2.861820,6.041738,159,45782,0,0
583,1,2.918423,2.033251,34.395413,1.529019,1.120504,39.963359,4.705065,4.840732,14.786726,2.323066,2.375495,4.678179,122,35206,0,0
584,1,2.940545,2.039829,39.510118,1.534248,15.971558,59.956468,5.603451,5.748105,17.884949,3.015818,2.859022,5.949080,159,45782,0,0
585,1,2.875970,2.042270,34.522210,1.516561,1.048991,39.963732,4.934187,4.775777,14.859894,2.470442,2.291372,4.984300,122,35206,0,0
586,1,2.910326,2.030484,39.730889,1.565274,15.757704,59.964193,5.630978,5.563022,18.198890,2.988563,2.851617,6.101105,159,45782,0,0
587,1,2.918484,2.048733,34.383816,1.534370,1.126526,39.963196,4.790337,4.939070,14.706672,2.418979,2.351318,4.876367,122,35206,0,0
588,1,2.921861,2.032742,39.638828,1.543111,15.860107,59.963908,5.599084,5.668050,17.998183,2.902100,2.962429,5.983832,159,45782,0,0
589,1,2.879320,2.047458,34.531664,1.517917,1.034905,39.963806,4.717387,4.812707,15.047889,2.466061,2.310855,4.884091,122,35206,0,0
590,1,2.900214,2.068610,39.475247,1.553379,16.035231,59.964071,5.294434,5.702945,18.089962,3.105662,2.800788,6.010993,159,45782,0,0
591,1,2.921617,2.021857,34.327854,1.528802,1.185472,39.963745,4.790117,4.914890,14.471653,2.331390,2.268901,4.871257,122,35206,0,0
592,1,2.921312,2.053684,39.602159,1.535170,15.904738,59.963379,5.387651,5.925795,17.807336,2.921668,2.892754,5.877384,159,45782,0,0
593,1,2.930508,2.041958,34.439738,1.525336,1.068149,39.963732,4.894677,4.912564,14.721476,2.316033,2.295603,4.854980,122,35206,0,0
594,1,2.874912,2.038337,39.406359,1.564521,16.138692,59.984484,5.506853,5.722432,17.894891,2.844265,2.921299,6.017236,159,45782,0,0
595,1,2.864183,2.032213,34.558912,1.530830,1.009196,39.963121,4.643819,4.920475,15.056854,2.546475,2.137878,4.888757,122,35206,0,0
596,1,2.911574,2.050774,39.527005,1.535007,15.961622,59.935208,5.586307,5.578810,17.882694,2.852095,3.004296,5.927216,159,45782,0,0
597,1,2.898159,1.994954,34.340746,1.533949,1.191176,39.964030,4.862705,4.827481,14.721568,2.482005,2.105004,4.863149,122,35206,0,0
598,1,2.913276,1.978767,39.680060,1.542677,15.827752,59.963765,5.384589,5.982439,18.084239,2.944309,2.895114,6.031091,159,45782,0,0
599,1,2.870429,2.036919,34.601061,1.521735,0.970439,39.963664,4.658088,5.131978,14.856184,2.247060,2.238854,4.963972,122,35206,0,0
600,1,2.877123,2.037686,39.537774,1.546719,16.002353,59.963969,5.536760,5.520871,18.182732,3.009627,2.971815,5.990818,159,45782,0,0
601,1,2.938646,2.037672,34.268568,1.540602,1.215854,39.963671,4.750339,4.813368,14.762587,2.364102,2.284403,4.773000,122,35206,0,0
602,1,2.925218,2.040073,39.569790,1.533339,15.935499,59.963847,5.590278,5.709398,17.946208,2.904076,2.867557,5.822666,159,45782,0,0
603,1,2.880988,2.028571,34.520372,1.522861,1.039422,39.963643,4.630076,4.896183,15.065131,2.465661,2.429460,4.862922,122,35206,0,0
604,1,2.876553,2.043911,39.539191,1.535556,16.012099,59.963399,5.465468,5.698015,18.194112,2.900384,3.052205,6.083313,159,45782,0,0
605,1,2.856906,2.024421,34.388821,1.531318,1.137960,39.915005,4.560944,4.837029,15.080777,2.419871,2.295820,4.972473,122,35206,0,0
606,1,2.942858,2.075534,39.468899,1.535489,16.017029,59.964274,5.442878,5.857629,17.945357,2.994612,2.987108,5.861094,159,45782,0,0
607,1,2.871772,2.037164,34.453844,1.530253,1.107998,39.963867,4.930322,4.784766,14.824870,2.394229,2.305939,4.903476,122,35206,0,0
608,1,2.929647,2.029873,39.727451,1.614027,15.780857,60.051982,5.474901,5.596225,18.183519,2.919135,2.787035,6.088637,159,45782,0,0
609,1,2.869005,2.036282,34.546034,1.533535,0.951457,39.900031,4.690026,4.872040,15.044386,2.490139,2.307102,4.973941,122,35206,0,0
610,1,2.838060,2.005764,39.591987,1.536079,15.945719,59.911845,5.360040,5.684550,18.109575,2.978407,2.904351,6.051008,159,45782,0,0
611,1,2.903775,1.999247,34.411689,1.535977,1.111857,39.963298,4.843553,4.700714,14.935760,2.412662,2.230886,4.916144,122,35206,0,0
612,1,2.920193,2.014832,39.541904,1.539164,15.962667,59.963928,5.404049,5.611311,18.171387,3.120443,2.932960,5.933967,159,45782,0,0
613,1,2.893433,2.026767,34.536574,1.517775,1.016330,39.964111,4.693610,4.668633,15.134074,2.464776,2.282325,5.004622,122,35206,0,0
614,1,2.873745,2.039808,39.519558,1.536506,16.033875,59.963684,5.492455,5.646023,18.024231,2.933238,2.790853,6.069200,159,45782,0,0
615,1,2.923184,2.034207,34.300849,1.533881,1.205933,39.963847,4.505578,4.974372,14.785580,2.242520,2.259613,4.712636,122,35206,0,0
616,1,2.947720,2.045485,39.514920,1.543321,15.950684,59.956645,5.481191,5.891564,17.794657,2.939263,2.855672,5.851240,159,45782,0,0
617,1,2.878615,2.037387,34.452989,1.529127,1.103183,39.963915,4.761298,4.698025,14.972748,2.521793,2.264143,4.876855,122,35206,0,0
618,1,2.894538,2.040114,39.427382,1.533691,16.117086,59.972697,5.507094,5.757392,17.786648,2.841536,2.930271,6.028676,159,45782,0,0
619,1,2.858839,2.025458,34.585761,1.501960,0.979594,39.926154,4.814609,4.848850,15.013421,2.411268,2.248762,4.937500,122,35206,0,0
620,1,2.879449,2.017856,39.472073,1.536302,16.045512,59.933336,5.594265,5.822642,17.936673,2.953508,2.899367,5.974202,159,45782,0,0
621,1,2.914083,2.035170,34.475071,1.523587,1.051249,39.963989,4.815260,4.748515,14.943966,2.392853,2.243690,4.884555,122,35206,0,0
622,1,2.953376,2.057285,39.625271,1.526930,15.858066,59.963643,5.422787,5.846544,17.966983,3.009715,2.919891,5.999179,159,45782,0,0
623,1,2.872199,2.036919,34.498115,1.539354,1.054301,39.963969,4.714647,4.695774,15.058665,2.349108,2.382253,5.040090,122,35206,0,0
624,1,2.877875,2.024909,39.837897,1.542677,15.705214,59.963664,5.470215,5.831360,18.138228,2.859270,2.815833,6.074205,159,45782,0,0
625,1,2.902805,2.030870,34.372593,1.538642,1.150465,39.964505,4.795553,4.838467,14.874369,2.499078,2.208418,4.816959,122,35206,0,0
626,1,2.930257,2.036207,39.594028,1.535102,15.897319,59.956706,5.478872,5.717729,18.155643,3.189999,2.942444,5.961680,159,45782,0,0
627,1,2.869290,2.037103,34.494622,1.534037,1.065877,39.963826,4.686818,4.868412,15.000627,2.445397,2.199819,4.973772,122,35206,0,0
628,1,2.893175,2.061937,39.429348,1.544773,16.096592,59.963888,5.447720,5.680406,17.926039,2.768717,3.030165,6.144945,159,45782,0,0
629,1,2.910773,2.020237,34.284736,1.544203,1.224094,39.963806,4.753869,4.837090,14.542711,2.279877,2.281548,4.825158,122,35206,0,0
630,1,2.921109,2.056573,39.544868,1.542772,15.955221,59.963969,5.420044,5.640889,17.950680,2.865906,2.870911,5.804925,159,45782,0,0
631,1,2.924581,2.019701,34.430006,1.531915,1.076613,39.963114,4.787838,4.663032,15.083418,2.527412,2.275835,5.002563,122,35206,0,0
632,1,2.921041,2.044549,39.622613,1.540799,15.899679,59.984131,5.478126,5.657440,18.110901,3.065426,2.875943,5.982374,159,45782,0,0
633,1,2.894233,2.035387,34.295844,1.561028,1.218031,39.969137,4.780941,4.823049,14.775547,2.481510,2.313375,4.843180,122,35206,0,0
634,1,2.884833,2.036146,39.545051,1.536635,15.970920,59.937439,5.469957,5.713128,17.908362,2.863149,2.828016,6.017276,159,45782,0,0
635,1,2.926927,2.037571,34.389513,1.532905,1.114583,39.963928,4.678714,4.973168,14.730991,2.494629,2.173035,4.738661,122,35206,0,0
636,1,2.928643,2.037611,39.543993,1.536526,15.947327,59.956489,5.569512,5.653134,18.148390,3.124535,2.888160,6.087138,159,45782,0,0
637,1,2.875495,2.042575,34.445224,1.538350,1.105001,39.964071,4.600091,4.862491,15.029409,2.349833,2.527998,4.886539,122,35206,0,0
638,1,2.903714,2.051548,39.738478,1.547533,15.774061,59.963786,5.473399,5.712206,18.108934,2.842746,2.758253,6.114848,159,45782,0,0
639,1,2.903531,1.995151,34.362901,1.535990,1.161404,39.963826,4.940626,4.939901,14.649285,2.561978,2.160126,4.676687,122,35206,0,0
640,1,2.926581,2.032762,39.616116,1.534024,15.886495,59.963216,5.514591,5.788920,17.985168,3.087094,2.913371,5.921546,159,45782,0,0
641,1,2.873969,2.042514,34.485012,1.533746,1.071404,39.964132,4.659899,4.910251,14.966566,2.435388,2.140920,4.976234,122,35206,0,0
642,1,2.880459,2.047499,39.472439,1.542284,16.068522,59.963704,5.267887,5.799150,17.911397,2.781284,2.837402,6.076592,159,45782,0,0
643,1,2.921950,2.045865,34.431322,1.528558,1.081821,39.963650,4.929504,4.852207,14.602210,2.568960,2.139994,4.823174,122,35206,0,0
644,1,2.924811,2.053779,39.632297,1.539747,15.866726,59.963582,5.695760,5.472131,18.068553,2.916423,2.956126,5.917335,159,45782,0,0
645,1,2.898688,2.035760,34.257534,1.543796,1.263421,39.963440,4.812174,4.773631,14.784465,2.433143,2.219279,4.870256,122,35206,0,0
646,1,2.864733,2.031569,39.790961,1.540256,15.768121,59.964071,5.459167,5.894111,18.051687,2.987573,2.776652,6.064575,159,45782,0,0
647,1,2.934136,2.035244,34.365729,1.532539,1.124390,39.956794,4.821431,4.856147,14.605601,2.395589,2.185801,4.739109,122,35206,0,0
648,1,2.929389,1.999790,39.569648,1.537808,15.926595,59.963440,5.634922,5.820136,17.786146,3.018483,2.792660,5.956106,159,45782,0,0
649,1,2.888353,2.055142,34.449673,1.539964,1.085612,39.963603,4.768412,4.668186,15.011492,2.395321,2.225427,5.020755,122,35206,0,0
650,1,2.894050,2.029711,39.778083,1.552219,15.739678,59.964030,5.441613,5.772495,18.120551,2.991347,2.784322,6.007870,159,45782,0,0
651,1,2.908373,1.996697,34.377394,1.532633,1.145162,39.963562,4.738644,4.801134,14.846907,2.323517,2.216780,4.821560,122,35206,0,0
652,1,2.921312,2.033827,39.626126,1.538581,15.877604,59.963623,5.459086,5.537849,18.267853,2.889693,2.997599,5.916748,159,45782,0,0
653,1,2.874173,2.040460,34.495185,1.531542,1.062581,39.963481,4.757378,4.891602,14.972059,2.440253,2.301029,4.893022,122,35206,0,0
654,1,2.896389,2.064629,39.424934,1.541212,16.101312,59.963847,5.452454,5.634240,17.751010,2.821499,2.908335,6.029165,159,45782,0,0
655,1,2.897081,2.004178,34.303799,1.542887,1.219550,39.963318,4.723019,4.945679,14.423347,2.333794,2.232300,4.876353,122,35206,0,0
656,1,2.920227,2.050429,39.502862,1.537591,16.003208,59.963888,5.593916,5.756541,17.760532,2.928406,2.933855,5.719591,159,45782,0,0
657,1,2.929464,2.040188,34.425028,1.526184,1.083293,39.963969,4.843418,4.772939,14.771640,2.274139,2.318821,4.870080,122,35206,0,0
658,1,2.873379,2.038479,39.684882,1.530145,15.882378,59.970785,5.493690,5.505625,18.263652,3.076667,2.894474,6.006110,159,45782,0,0
659,1,2.873257,2.040758,34.523729,1.535956,1.038066,39.971008,4.697272,4.996816,14.947659,2.351651,2.249122,4.939914,122,35206,0,0
660,1,2.911797,2.051175,39.723375,1.532918,15.774848,59.942939,5.477207,5.618802,18.259399,2.900533,2.991852,5.880174,159,45782,0,0
661,1,2.898648,1.993551,34.327827,1.537326,1.199619,39.963420,4.742771,4.856723,14.773922,2.453952,2.174242,4.893856,122,35206,0,0
662,1,2.917182,1.985419,39.663784,1.539361,15.843458,59.963786,5.539839,5.703722,18.073907,2.982317,2.751424,5.905765,159,45782,0,0
663,1,2.870734,2.038730,34.528022,1.524319,1.060140,39.983215,4.658668,4.890513,15.097934,2.527717,2.240404,4.921166,122,35206,0,0
664,1,2.855231,2.023790,39.516635,1.538622,16.033624,59.944112,5.683573,5.768931,17.823005,2.938158,2.861850,6.061591,159,45782,0,0
665,1,2.904304,2.036248,34.346564,1.540724,1.171990,39.963582,4.631558,4.905528,14.886651,2.369978,2.321394,4.769887,122,35206,0,0
666,1,2.914029,2.028049,39.644789,1.535502,15.869670,59.963989,5.476732,5.941223,17.878869,2.869158,2.932336,5.892073,159,45782,0,0
667,1,2.895169,2.032871,34.439182,1.527913,1.101298,39.963562,4.631751,4.854994,14.871307,2.293345,2.204037,4.970293,122,35206,0,0
668,1,2.867601,2.036553,39.454339,1.531372,16.110616,59.963928,5.425876,5.473612,18.172960,2.921085,2.896783,6.036296,159,45782,0,0
669,1,2.918084,2.023065,34.343309,1.536526,1.158793,39.956713,4.704410,4.924584,14.723429,2.397939,2.359653,4.904867,122,35206,0,0
670,1,2.959805,2.052660,39.494744,1.541660,15.967563,59.963772,5.582418,5.791704,17.866069,2.981571,2.882304,5.897397,159,45782,0,0
671,1,2.872525,2.041104,34.449985,1.535739,1.105252,39.963501,4.580821,4.854889,15.161919,2.477142,2.285573,4.927049,122,35206,0,0
672,1,2.883918,2.022658,39.794888,1.565803,15.718852,59.963460,5.365584,5.601342,18.304321,2.965834,2.922401,6.076240,159,45782,0,0
673,1,2.911485,2.045132,34.272447,1.534471,1.245036,39.963440,4.785723,4.974738,14.605876,2.427029,2.175100,4.754123,122,35206,0,0
674,1,2.908461,2.015266,39.678067,1.539130,15.838175,59.963833,5.553413,5.801900,17.928148,2.825351,2.994961,5.828033,159,45782,0,0
675,1,2.867215,2.036587,34.574246,1.513536,1.008891,39.963888,4.665117,4.907864,15.016720,2.483185,2.369090,4.953983,122,35206,0,0
676,1,2.885098,2.052762,39.444729,1.541823,16.091831,59.963481,5.532559,5.702257,17.945092,2.883630,2.912625,5.996792,159,45782,0,0
677,1,2.935059,2.033210,34.252923,2.346503,0.431580,39.966064,4.748630,4.912296,14.653178,2.337948,2.215698,4.852322,122,35206,0,0
678,1,2.908149,2.043667,39.571072,1.538466,15.944166,59.961853,5.601820,5.788537,17.884766,3.052090,2.832326,5.852522,159,45782,0,0
679,1,2.891934,2.029324,34.511217,1.520745,1.032952,39.956848,4.777191,4.658641,14.976017,2.430701,2.200996,4.945021,122,35206,0,0
680,1,2.869432,2.036106,39.647997,1.543145,15.903293,59.963867,5.427948,5.774872,18.134430,2.935737,3.099104,6.031657,159,45782,0,0
681,1,2.907355,2.028904,34.390428,1.537116,1.128194,39.963094,4.853587,5.033335,14.563768,2.433000,2.295393,4.751733,122,35206,0,0
682,1,2.955607,2.036472,39.560947,1.531976,15.915663,59.964193,5.542728,5.835327,17.920709,2.993581,2.848975,5.905874,159,45782,0,0
683,1,2.880642,2.050144,34.499742,1.540778,1.042318,39.963481,4.764523,4.802985,15.037181,2.438711,2.146739,4.947947,122,35206,0,0
684,1,2.879157,2.017327,39.388292,1.538506,16.158115,59.964071,5.506334,5.751838,17.969513,3.097283,2.968194,5.780897,159,45782,0,0
685,1,2.913072,2.001431,34.322842,1.534756,1.192912,39.963582,4.763465,4.973640,14.654873,2.510488,2.144555,4.776008,122,35206,0,0
686,1,2.942410,2.018860,39.656643,1.542616,15.822361,59.964030,5.320017,5.766869,18.266557,2.951986,3.047716,5.782793,159,45782,0,0
687,1,2.868334,2.036024,34.626756,1.526171,0.946106,39.967367,4.717899,4.977848,14.883599,2.334649,2.426171,4.918644,122,35206,0,0
688,1,2.870795,2.036892,39.405850,1.542833,16.140523,59.960002,5.445604,5.677792,17.887173,2.942295,2.931936,5.822120,159,45782,0,0
689,1,2.922024,1.998535,34.402249,1.531379,1.108114,39.963765,4.703915,4.820309,14.747701,2.460188,2.169864,4.762889,122,35206,0,0
690,1,2.905043,1.997884,39.585212,1.535936,15.932129,59.958320,5.397739,5.697978,18.158403,3.040514,2.858565,6.015951,159,45782,0,0
691,1,2.870104,2.029588,34.574110,1.512478,1.014133,39.970825,4.783583,4.765096,15.008982,2.448171,2.186771,4.947350,122,35206,0,0
692,1,2.892097,2.058112,39.545539,1.532199,15.985528,59.955363,5.380781,5.673791,18.023356,2.863966,2.959439,6.025547,159,45782,0,0
693,1,2.932095,1.993863,34.410468,1.526496,1.094604,39.963664,4.855421,4.701382,14.854536,2.503191,2.310482,4.793440,122,35206,0,0
694,1,2.922329,1.997843,39.636237,1.535855,15.869629,59.964050,5.566498,5.492445,18.177395,2.936361,2.965959,6.101288,159,45782,0,0
695,1,2.895006,2.036492,34.272366,1.535489,1.261332,39.964193,4.841726,4.779751,14.830926,2.462694,2.248681,4.903052,122,35206,0,0
696,1,2.864427,2.030219,39.796007,1.541104,15.761780,59.963318,5.351535,5.865434,18.238922,3.054966,2.826836,6.043505,159,45782,0,0
697,1,2.898817,2.032912,34.354723,1.535292,1.144830,39.933662,4.720879,5.084384,14.509484,2.276323,2.378933,4.770986,122,35206,0,0
698,1,2.928880,2.017192,39.570808,1.536472,15.927992,59.964152,5.493208,5.715830,18.002750,3.069492,2.786869,5.979394,159,45782,0,0
699,1,2.886278,2.055230,34.434197,1.540222,1.102926,39.963623,4.554667,4.771701,15.192891,2.421014,2.320696,5.004228,122,35206,0,0
700,1,2.884515,2.030165,39.812670,1.546312,15.713603,59.957099,5.395749,5.901642,18.273966,3.033539,2.846191,6.028761,159,45782,0,0
701,1,2.902167,2.035068,34.371223,1.532769,1.157505,39.963664,4.683021,4.787031,14.941705,2.366191,2.323293,4.842841,122,35206,0,0
702,1,2.947313,2.063422,39.598863,1.537869,15.879740,59.963786,5.362908,5.861399,17.988227,2.961829,2.940972,5.988251,159,45782,0,0
703,1,2.870816,2.037225,34.502285,1.530314,1.060554,39.963969,4.695285,4.911258,15.000743,2.404212,2.139733,4.959696,122,35206,0,0
704,1,2.885844,2.053134,39.450277,1.539591,16.087972,59.963684,5.280816,5.751255,17.861542,2.890015,2.853414,6.036238,159,45782,0,0
705,1,2.908535,2.014764,34.311713,1.543545,1.199992,39.963786,4.774139,4.844655,14.684608,2.329502,2.290460,4.722897,122,35206,0,0
706,1,2.923631,2.056444,39.568997,1.540229,15.931335,59.964193,5.426514,5.652805,18.026544,3.042504,2.832977,5.784641,159,45782,0,0
707,1,2.889642,2.038812,34.502652,1.515150,1.056146,39.963589,4.835022,4.874739,14.769307,2.362237,2.300310,4.935438,122,35206,0,0
708,1,2.887438,2.053209,39.429104,1.578396,16.111104,60.006042,5.507138,5.793501,17.877906,2.870748,2.965318,6.036163,159,45782,0,0
709,1,2.854072,2.022997,34.344611,1.539015,1.183322,39.921021,4.656511,4.959466,14.880069,2.295346,2.423764,4.918569,122,35206,0,0
710,1,2.891819,2.032267,39.435838,1.536038,16.070903,59.934597,5.415327,5.768789,17.989081,3.023607,2.868418,5.922553,159,45782,0,0
711,1,2.902534,2.023044,34.389255,1.531772,1.133620,39.957180,4.926866,4.670271,14.962555,2.366238,2.229340,4.913194,122,35206,0,0
712,1,2.919983,2.014336,39.730360,1.542413,15.784254,59.977010,5.549303,5.711355,18.230652,3.134077,3.052270,6.039290,159,45782,0,0
713,1,2.870083,2.036879,34.537950,1.575283,1.005920,39.989237,4.647925,4.788947,15.038367,2.362617,2.175351,4.960642,122,35206,0,0
714,1,2.860602,2.027595,39.509040,1.543423,15.995524,59.908590,5.519942,5.753760,17.821289,2.748986,2.951589,5.850735,159,45782,0,0
715,1,2.904839,1.997430,34.371487,1.531874,1.155694,39.963894,4.689284,4.879211,14.783203,2.585503,2.265154,4.844923,122,35206,0,0
716,1,2.902405,1.994629,39.566766,1.539781,15.955078,59.964030,5.484965,5.663632,18.056597,3.087633,2.894243,5.930467,159,45782,0,0
717,1,2.896349,2.032254,34.507962,1.523770,1.035278,39.963359,4.605289,4.917216,15.051602,2.355815,2.245185,4.994331,122,35206,0,0
718,1,2.889920,2.051948,39.506171,1.535265,16.032552,59.963908,5.489010,5.642242,17.932105,2.829359,2.925598,6.059167,159,45782,0,0
719,1,2.925951,2.036574,34.341946,1.537760,1.158332,39.963989,4.827596,4.818461,14.655473,2.390723,2.247158,4.788327,122,35206,0,0
840,2,2.809591,2.041192,11.504476,1.007528,4.641805,19.963399,2.101766,1.129266,5.737074,1.051693,0.963565,1.356723,48,17283,0,0
841,2,2.849711,1.987963,9.181898,1.006131,6.925395,19.963135,1.728065,0.923642,4.731059,0.807556,0.649350,1.204481,36,13739,0,0
842,2,2.802355,2.020555,11.596083,1.008219,4.544705,19.951362,2.226003,1.063972,5.849206,1.094581,0.849260,1.478424,48,17283,0,0
843,2,2.789883,2.020481,9.183302,1.006341,6.963454,19.942980,1.688107,0.803552,4.895179,0.899845,0.632311,1.108927,36,13739,0,0
844,2,2.800252,2.031793,11.435465,1.003153,4.724304,19.963175,2.058957,1.134243,5.794942,1.281823,0.858816,1.201358,48,17283,0,0
845,2,2.805806,2.036201,9.274028,1.003398,6.879944,19.963175,1.651723,0.835147,4.856377,0.970974,0.695533,1.086049,36,13739,0,0
846,2,2.826762,1.984768,11.505039,1.027812,4.603258,19.962870,2.170949,1.110830,5.798045,1.113708,0.845296,1.348592,48,17283,0,0
847,2,2.850749,2.006009,9.241713,1.012071,6.858500,19.963033,1.717506,0.885332,4.837311,1.023207,0.665561,1.138974,36,13739,0,0
848,2,2.833130,2.042202,11.483643,1.011210,4.634623,19.962606,2.110348,1.102492,5.770830,1.088684,0.886736,1.265123,48,17283,0,0
849,2,2.820516,2.049811,9.238254,1.000536,6.897237,19.956543,1.629544,0.841793,4.806488,0.971476,0.611891,1.159570,36,13739,0,0
850,2,2.800198,2.031284,11.516900,1.002977,4.642782,19.962857,2.216492,1.025058,5.832330,1.068471,0.894026,1.403588,48,17283,0,0
851,2,2.832397,1.994934,9.174330,1.009067,6.947849,19.963643,1.522997,0.959530,4.808814,0.925618,0.610735,1.122769,36,13739,0,0
852,2,2.848979,2.019647,11.379612,1.063429,4.695123,19.987142,1.933458,1.115268,5.880619,1.090437,0.820780,1.312534,48,17283,0,0
853,2,2.805094,2.008416,9.372111,1.031576,6.729797,19.938578,1.780636,0.888248,4.909088,0.922401,0.644073,1.137302,36,13739,0,0
854,2,2.787415,2.018060,11.508518,1.005059,4.662408,19.963399,2.066989,1.035105,6.030779,1.229855,0.959256,1.311686,48,17283,0,0
855,2,2.816772,2.027662,9.242181,1.005215,6.898580,19.962748,1.672384,0.906053,4.724979,0.849816,0.643768,1.043667,36,13739,0,0
856,2,2.862996,2.060215,11.457187,1.044698,4.598640,19.963521,2.173197,1.128567,5.725576,1.049913,0.819773,1.413486,48,17283,0,0
857,2,2.808065,2.037421,9.273899,1.026937,6.824083,19.932983,1.593296,0.953105,4.822818,0.882687,0.707757,1.178663,36,13739,0,0
858,2,2.832621,2.035923,11.439609,1.010654,4.679905,19.962789,2.104797,1.103363,5.844988,1.082791,0.983307,1.280477,48,17283,0,0
859,2,2.830485,2.031854,9.292636,1.027615,6.812907,19.963643,1.726997,0.815091,4.919807,0.855703,0.731503,1.098562,36,13739,0,0
860,2,2.858500,1.992954,11.583957,1.003242,4.516703,19.962402,2.154297,1.131931,5.821866,1.096775,0.956879,1.350264,48,17283,0,0
861,2,2.820374,2.017083,9.270664,1.036540,6.864841,19.992418,1.645881,0.848975,4.821794,0.812842,0.681217,1.234283,36,13739,0,0
862,2,2.803691,2.032545,11.483351,1.010179,4.653951,19.951172,2.108381,1.141018,5.813921,1.052897,0.892036,1.379442,48,17283,0,0
863,2,2.823059,2.035862,9.377055,1.002041,6.744113,19.946269,1.603333,0.982802,4.875987,0.880263,0.609792,1.210392,36,13739,0,0
864,2,2.864014,2.066718,11.493300,1.007785,4.597324,19.962423,2.131171,1.138662,5.754886,1.040134,0.887319,1.363932,48,17283,0,0
865,2,2.816305,2.046495,9.236104,1.000617,6.910373,19.963399,1.676185,0.834673,4.745636,0.844198,0.684516,1.149319,36,13739,0,0
866,2,2.792223,1.968770,11.525933,1.008667,3.629523,18.956346,2.165161,1.150777,5.718238,1.112983,0.856744,1.418406,48,17283,0,0
867,2,2.831258,2.028049,9.240065,1.005215,6.886393,19.962931,1.719201,0.840932,4.724854,0.903605,0.651737,1.075307,36,13739,0,0
868,2,2.787821,2.018243,11.536533,1.005242,4.620049,19.949646,2.188232,1.039290,5.862396,1.171556,0.883718,1.336894,48,17283,0,0
869,2,2.830851,2.032905,9.334832,1.008124,6.773966,19.947774,1.684296,0.950504,4.858754,0.811998,0.610657,1.188249,36,13739,0,0
870,2,2.827501,2.027825,11.510125,1.012478,4.612895,19.962999,2.058495,1.226915,5.806885,1.046400,0.913333,1.397461,48,17283,0,0
871,2,2.819519,2.029751,9.259881,1.002984,6.881198,19.963582,1.759488,0.863810,4.764940,0.926687,0.613458,1.139869,36,13739,0,0
872,2,2.831075,1.992696,11.447096,1.009833,4.674866,19.962870,2.105170,1.148414,5.738095,1.119280,0.918196,1.321387,48,17283,0,0
873,2,2.851895,2.049696,9.208530,1.006680,6.896098,19.963203,1.793521,0.804799,4.760423,0.851362,0.681983,1.057997,36,13739,0,0
874,2,2.792358,2.022413,11.525777,1.005568,4.620002,19.943705,2.017385,1.180823,5.837823,1.118384,0.887373,1.409705,48,17283,0,0
875,2,2.823934,2.027134,9.330417,1.008185,6.782979,19.945516,1.615604,0.882684,4.997643,0.833686,0.693512,1.205187,36,13739,0,0
876,2,2.822652,2.022305,11.495822,1.012187,4.632738,19.963399,2.076379,1.161794,5.737840,1.045990,0.850511,1.346646,48,17283,0,0
877,2,2.795207,2.026523,9.204237,1.003059,6.960531,19.963033,1.676507,0.926178,4.772261,0.888472,0.686262,1.104845,36,13739,0,0
878,2,2.810079,1.968031,11.397047,1.010776,4.745273,19.963175,2.095154,1.059224,5.688585,1.152774,0.821455,1.291399,48,17283,0,0
879,2,2.858134,2.041389,9.227071,1.006470,6.878743,19.970418,1.689792,0.914364,4.795576,0.848341,0.828773,1.103692,36,13739,0,0
880,2,2.855733,2.059116,11.463596,1.010484,4.625590,19.955404,2.068617,1.101786,5.756612,1.136342,0.891754,1.284912,48,17283,0,0
881,2,2.837952,2.038764,9.285109,1.001417,6.838881,19.963359,1.593428,1.056196,4.805722,0.891317,0.610012,1.149373,36,13739,0,0
882,2,2.797546,2.027988,11.534580,1.003635,4.626702,19.962463,2.100969,1.153598,5.900340,1.083015,0.987203,1.371921,48,17283,0,0
883,2,2.783556,2.013679,9.291314,1.004503,6.883830,19.963203,1.721029,0.891205,4.848443,0.854045,0.612996,1.186598,36,13739,0,0
884,2,2.830065,2.029310,11.433261,1.004483,4.695190,19.962999,2.104557,1.071198,5.847558,1.086097,0.818814,1.386244,48,17283,0,0
885,2,2.797919,2.026544,9.371460,1.005161,6.757880,19.932421,1.656840,0.954007,4.785750,0.884603,0.712429,1.129411,36,13739,0,0
886,2,2.826294,2.030206,11.423740,1.006843,4.706278,19.963155,2.134396,1.125888,5.743941,1.039964,0.886322,1.337548,48,17283,0,0
887,2,2.848470,2.026076,9.282444,1.007107,6.825175,19.963196,1.670746,0.899224,4.814321,0.895996,0.639075,1.136854,36,13739,0,0
888,2,2.815776,2.046278,11.499593,1.007392,4.640211,19.962972,2.210032,1.145376,5.684767,1.084290,0.856659,1.379405,48,17283,0,0
889,2,2.843065,2.040460,9.253615,1.001695,6.864421,19.962796,1.637380,0.848273,4.740295,0.843953,0.681420,1.172340,36,13739,0,0
890,2,2.770698,2.004266,11.538730,1.006049,4.595581,19.911058,2.054911,1.139231,5.939870,1.048143,0.946591,1.347582,48,17283,0,0
891,2,2.815552,2.025709,9.384318,1.011542,6.752150,19.963562,1.689328,0.881609,4.862918,0.878879,0.714871,1.171414,36,13739,0,0
892,2,2.835551,2.029778,11.554538,1.007494,4.565206,19.962789,2.137017,1.208683,5.784275,1.006544,0.985274,1.381833,48,17283,0,0
893,2,2.802375,2.033190,9.248325,1.006097,6.906386,19.963182,1.564351,0.839969,4.915087,0.831997,0.758525,1.121908,36,13739,0,0
894,2,2.830288,1.986986,11.419773,1.006687,4.706373,19.963121,2.095222,1.111287,5.595527,1.087016,0.820102,1.332048,48,17283,0,0
895,2,2.846965,2.027561,9.229730,1.058072,6.881856,20.016622,1.684611,0.863264,4.706624,0.898051,0.651343,1.115641,36,13739,0,0
896,2,2.810689,2.043308,11.531148,1.010295,4.556925,19.909058,2.125393,1.181892,5.855574,1.161675,0.850460,1.345174,48,17283,0,0
897,2,2.846924,2.051385,9.333082,1.009752,6.773071,19.962830,1.762041,0.912815,4.708567,0.856822,0.610803,1.149265,36,13739,0,0
898,2,2.839152,2.038859,11.544101,1.036018,4.543762,19.963033,2.186310,1.023204,5.911424,1.149957,0.888177,1.406141,48,17283,0,0
899,2,2.796468,2.028083,9.259637,1.004815,6.902459,19.963379,1.600104,0.855028,4.905707,1.035329,0.611772,1.052453,36,13739,0,0
900,2,2.832323,1.985480,11.485935,1.007012,4.630669,19.955939,2.247528,1.074110,5.816040,1.039066,0.852648,1.368222,48,17283,0,0
901,2,2.816589,2.013719,9.257955,1.053209,6.881972,20.009725,1.759179,0.810150,4.776842,0.810316,0.694634,1.153575,36,13739,0,0
902,2,2.781250,2.014052,11.519301,1.005446,4.610141,19.916138,2.141463,1.098643,5.954173,1.123711,0.871511,1.360535,48,17283,0,0
903,2,2.840257,2.026177,9.356276,1.006782,6.759725,19.963040,1.781545,0.915788,4.718513,0.899892,0.610528,1.154395,36,13739,0,0
904,2,2.846761,2.039415,11.512851,1.034356,4.569166,19.963135,2.112413,1.066857,5.869622,1.051042,0.923825,1.416290,48,17283,0,0
905,2,2.820048,2.050856,9.242160,1.001980,6.898580,19.962769,1.670420,0.846941,4.817715,0.844967,0.645003,1.169969,36,13739,0,0
906,2,2.848043,2.045498,11.473891,1.036363,4.636312,19.994609,2.050313,1.219852,5.712606,1.011583,0.854038,1.273658,48,17283,0,0
907,2,2.787455,2.018690,9.240370,1.043335,6.860664,19.931824,1.719367,0.843411,4.808428,0.986393,0.614482,1.107947,36,13739,0,0
908,2,2.789469,2.020399,11.563226,1.005337,4.605428,19.963460,2.141666,1.127157,5.799418,1.041019,0.851871,1.360243,48,17283,0,0
909,2,2.807963,2.014737,9.278069,1.008762,6.868259,19.963053,1.707794,0.886804,4.798255,0.813877,0.646525,1.165426,36,13739,0,0
910,2,2.838284,2.022285,11.622918,1.039585,4.488152,19.988939,2.041239,1.180589,5.829990,1.088131,0.918491,1.406820,48,17283,0,0
911,2,2.804138,2.020379,9.196669,1.035434,6.900526,19.936768,1.654785,0.826324,4.918976,0.932855,0.615628,1.160187,36,13739,0,0
912,2,2.819519,2.050930,11.497782,1.005127,4.640299,19.962728,2.030633,1.179220,5.771871,1.119486,0.882653,1.366506,48,17283,0,0
913,2,2.818997,2.049689,9.272800,1.002570,6.868937,19.963304,1.658081,0.889214,4.834561,0.852030,0.731018,1.151374,36,13739,0,0
914,2,2.827861,2.025282,11.514119,1.001885,4.619249,19.963114,1.985294,1.151377,5.873003,1.114912,0.923164,1.349243,48,17283,0,0
915,2,2.817349,2.018873,9.305983,1.002787,6.807563,19.933682,1.702009,0.841200,4.847059,1.046516,0.650597,1.134135,36,13739,0,0
916,2,2.808777,2.011163,11.447401,1.010267,4.697096,19.963542,2.145352,1.025211,5.822537,1.254411,0.841343,1.240960,48,17283,0,0
917,2,2.794108,2.024299,9.251723,1.818607,6.100956,19.965393,1.567356,0.958696,4.788839,0.912750,0.685933,1.051700,36,13739,0,0
918,2,2.833625,1.995504,11.382562,1.005968,4.738790,19.960944,2.108348,1.144867,5.713711,1.094157,0.836331,1.334598,48,17283,0,0
919,2,2.855448,2.036655,9.226881,1.029426,6.874593,19.986348,1.777863,0.806437,4.760288,0.900835,0.713036,1.099650,36,13739,0,0
920,2,2.827501,2.059035,11.526733,1.006246,4.579142,19.939623,2.069183,1.137882,5.817339,1.049015,0.879547,1.418328,48,17283,0,0
921,2,2.813137,2.045363,9.242025,1.017870,6.859307,19.932339,1.601050,0.949314,4.816596,0.890147,0.707889,1.148048,36,13739,0,0
922,2,2.819112,2.024875,11.512627,1.008477,4.622735,19.962952,1.986755,1.143348,5.889696,1.116204,0.926012,1.376709,48,17283,0,0
923,2,2.855781,2.003418,9.237183,1.000977,6.869588,19.963528,1.630649,0.882755,4.895098,0.877899,0.663215,1.153127,36,13739,0,0
924,2,2.830953,2.029188,11.578362,1.011325,4.542311,19.962952,2.108076,1.114936,5.969438,1.211392,0.953651,1.332716,48,17283,0,0
925,2,2.843899,2.043064,9.186985,1.003140,6.928996,19.963019,1.670797,0.839576,4.764615,0.883091,0.648675,1.139028,36,13739,0,0
926,2,2.807156,2.037672,11.521437,1.025519,4.622538,19.976651,2.134881,1.130764,5.831791,1.124478,0.948076,1.369449,48,17283,0,0
927,2,2.794963,2.011319,9.291741,1.008409,6.846761,19.941874,1.604397,0.955166,4.839172,0.892164,0.709734,1.109714,36,13739,0,0
928,2,2.828451,2.041043,11.481540,1.011542,4.641947,19.963481,2.023570,1.175188,5.751851,1.048465,0.918271,1.441182,48,17283,0,0
929,2,2.896139,2.062107,9.236342,1.005093,6.824972,19.962545,1.680959,0.869714,4.848721,0.854279,0.721242,1.145216,36,13739,0,0
930,2,2.830566,2.026984,11.582777,1.004754,4.544996,19.963094,2.102844,1.101325,5.998647,1.010990,0.849643,1.384766,48,17283,0,0
931,2,2.812547,2.042433,9.207330,1.007480,6.906467,19.933824,1.630378,0.919766,4.822337,0.852258,0.715736,1.128689,36,13739,0,0
932,2,2.818909,2.051012,11.471856,1.004388,4.667799,19.962952,2.169386,1.152798,5.722809,1.089684,0.885322,1.324039,48,17283,0,0
933,2,2.791734,2.022210,9.214478,1.007718,6.949009,19.962938,1.645725,0.994449,4.705068,0.948188,0.642086,1.131504,36,13739,0,0
934,2,2.847310,1.979967,11.434584,1.012444,4.669284,19.963623,2.058346,1.073839,5.903737,1.082045,1.033254,1.335314,48,17283,0,0
935,2,2.880839,2.032254,9.228916,1.008192,6.845025,19.962972,1.675113,0.920122,4.799940,0.811476,0.720249,1.098131,36,13739,0,0
936,2,2.815009,2.043654,11.538201,1.006287,4.575080,19.934577,2.132985,1.184085,5.856411,1.094045,0.848972,1.457150,48,17283,0,0
937,2,2.820028,2.049852,9.202711,1.027222,6.913032,19.962992,1.685323,0.884267,4.783220,0.844649,0.615431,1.098891,36,13739,0,0
938,2,2.810445,2.040948,11.504395,1.005859,4.642375,19.963074,2.070763,1.108242,5.907003,1.115072,0.887183,1.352658,48,17283,0,0
939,2,2.787801,2.018141,9.361586,1.003486,6.810730,19.963603,1.715566,0.855275,4.960439,0.854546,0.647271,1.143372,36,13739,0,0
940,2,2.841390,2.016425,11.446954,1.010444,4.663839,19.962626,2.077803,1.209066,5.835995,1.049113,0.930539,1.407884,48,17283,0,0
941,2,2.839478,2.017409,9.254530,1.033637,6.835958,19.963603,1.626611,0.979296,4.741937,0.890428,0.653792,1.061910,36,13739,0,0
942,2,2.791565,2.023994,11.450250,1.004042,4.717299,19.963155,2.081397,1.198324,5.760284,1.110107,0.898933,1.302094,48,17283,0,0
943,2,2.821377,2.031501,9.244195,1.002652,6.894613,19.962836,1.630951,0.815613,4.798496,0.887275,0.612786,1.084391,36,13739,0,0
944,2,2.847249,2.008708,11.433017,1.007941,4.674947,19.963155,2.140632,1.103160,5.724277,1.121348,0.942122,1.329837,48,17283,0,0
945,2,2.856771,2.054884,9.197584,1.036404,6.899577,19.990336,1.667009,0.805874,4.769165,0.855513,0.647478,1.124888,36,13739,0,0
946,2,2.811564,2.015374,11.528436,1.011183,4.583998,19.935181,2.154304,1.063100,5.862525,1.094822,0.860131,1.405548,48,17283,0,0
947,2,2.781881,2.013312,9.222059,1.028625,6.930773,19.963338,1.617137,0.844374,4.927222,0.821927,0.717672,1.107547,36,13739,0,0
948,2,2.798197,2.029141,11.475376,1.007962,4.681681,19.963216,1.999891,1.068108,5.952671,1.173635,0.892744,1.274200,48,17283,0,0
949,2,2.797221,2.028083,9.277703,1.004001,6.884148,19.963074,1.725243,0.878588,4.767344,0.955563,0.662923,1.011488,36,13739,0,0
950,2,2.833293,1.992839,11.492649,1.005805,4.631165,19.962911,2.055566,1.140679,5.791996,1.085483,0.926758,1.373939,48,17283,0,0
951,2,2.874641,2.028171,9.204590,1.010932,6.866428,19.956590,1.707096,0.803158,4.859290,0.857147,0.697567,1.119198,36,13739,0,0
952,2,2.828824,2.044732,11.577854,1.030755,4.518100,19.955532,2.198242,1.067315,5.773153,1.095252,0.850254,1.424103,48,17283,0,0
953,2,2.808024,2.040460,9.144341,1.004523,6.984456,19.941345,1.594750,0.851929,4.906565,0.893789,0.647739,1.115699,36,13739,0,0
954,2,2.798258,2.030328,11.446465,1.000916,4.717760,19.963399,2.060798,1.134064,5.718577,1.131541,0.888397,1.250526,48,17283,0,0
955,2,2.808980,2.040744,9.282484,1.004503,6.866679,19.962646,1.617381,0.881415,4.816861,0.930169,0.628493,1.028822,36,13739,0,0
956,2,2.784044,1.984233,11.528558,1.008287,4.642151,19.963040,2.082821,1.146583,5.889272,1.087087,0.850576,1.377808,48,17283,0,0
957,2,2.848938,2.025119,9.229974,1.009101,6.874715,19.962728,1.652161,0.803060,4.861003,0.897766,0.687059,1.153436,36,13739,0,0
958,2,2.812052,2.018934,11.545668,1.007718,4.570699,19.936137,2.138468,1.107001,5.888421,1.151791,0.872226,1.446903,48,17283,0,0
959,2,2.850138,2.024407,9.317864,1.001431,6.794210,19.963643,1.629781,0.919518,4.926683,0.982337,0.609165,1.133403,36,13739,0,0
960,2,2.821106,2.052931,11.474833,1.004801,4.662109,19.962850,2.056420,1.099280,5.920102,1.207465,0.880493,1.319417,48,17283,0,0
961,2,2.815267,2.046441,9.271498,1.001553,6.874837,19.963155,1.606222,0.887143,4.818932,0.850881,0.704183,1.063636,36,13739,0,0
962,2,2.824449,2.022800,11.510796,1.028381,4.599006,19.962633,2.096517,1.069784,5.894311,1.056936,0.950551,1.374780,48,17283,0,0
963,2,2.844157,2.022976,9.190606,1.029609,6.917175,19.981547,1.597063,0.925544,4.720635,0.818671,0.728577,1.145179,36,13739,0,0
964,2,2.821784,2.029182,11.495375,1.006015,4.621046,19.944221,2.166226,1.105089,5.921539,1.005205,0.993995,1.364343,48,17283,0,0
965,2,2.831278,2.024448,9.295695,1.004422,6.831984,19.963379,1.592292,0.870504,5.008236,0.899631,0.673920,1.124000,36,13739,0,0
966,2,2.803331,2.032783,11.429762,1.005920,4.723843,19.962857,2.137505,1.138068,5.807142,1.168440,0.852122,1.329600,48,17283,0,0
967,2,2.813802,2.024584,9.308119,1.005805,6.835042,19.962769,1.602098,0.908261,4.847158,0.959503,0.700358,1.081509,36,13739,0,0
968,2,2.830994,1.988295,11.484490,2.619982,4.640259,21.575724,2.171817,1.108632,5.813199,1.010647,1.022708,1.399611,48,17283,0,0
969,2,2.834032,2.037320,9.328281,1.023078,5.153734,18.339125,1.639252,0.925683,4.821571,1.010542,0.648977,1.142426,36,13739,0,0
970,2,2.820719,2.024000,11.461446,1.003669,4.653564,19.939399,2.081702,1.139113,5.794600,1.131887,0.883060,1.339671,48,17283,0,0
971,2,2.829651,2.032145,9.335727,0.996921,6.801141,19.963440,1.627553,0.919244,4.963277,0.833862,0.679477,1.152134,36,13739,0,0
972,2,2.798930,2.029263,11.387200,0.992255,4.784566,19.962952,1.933350,1.145840,5.767283,1.122064,0.867530,1.287330,48,17283,0,0
973,2,2.784424,2.014418,9.281121,1.001865,6.896159,19.963569,1.630103,0.873464,4.802989,0.989733,0.643697,1.118351,36,13739,0,0
974,2,2.822896,1.986023,11.430230,1.000929,4.709106,19.963162,2.070048,1.185269,5.712016,1.166517,0.874746,1.302578,48,17283,0,0
975,2,2.847229,2.032762,9.136509,1.003079,6.949910,19.936727,1.670278,0.845534,4.693349,0.931471,0.655301,1.024346,36,13739,0,0
976,2,2.851956,2.051527,11.481500,1.001444,4.616889,19.951789,2.056515,1.137848,5.875037,1.080410,0.853007,1.490689,48,17283,0,0
977,2,2.838365,2.039313,9.319655,0.996141,6.783732,19.937893,1.621314,0.955254,4.870412,0.812636,0.611508,1.180413,36,13739,0,0
978,2,2.799459,2.031141,11.440525,0.995999,4.726827,19.962809,2.011197,1.145450,5.909936,1.221052,0.815148,1.329502,48,17283,0,0
979,2,2.784587,2.015266,9.243327,0.998379,6.937480,19.963772,1.737081,0.885495,4.778337,0.853790,0.612630,1.081970,36,13739,0,0
980,2,2.829610,1.986233,11.466424,0.999118,4.667969,19.963121,2.147118,1.080594,5.889136,1.146084,0.924211,1.384284,48,17283,0,0
981,2,2.844076,2.041294,9.201450,1.003404,6.919698,19.968628,1.535468,0.887997,4.948232,0.849219,0.814735,1.118591,36,13739,0,0
982,2,2.824890,2.026910,11.413771,1.001350,4.717814,19.957825,1.961877,1.192844,5.821591,1.159580,0.817763,1.358819,48,17283,0,0
983,2,2.848287,2.028314,9.296766,0.998739,6.819390,19.963182,1.757660,0.914493,4.826036,0.930057,0.682329,1.162567,36,13739,0,0
984,2,2.814616,2.045770,11.533522,1.001506,4.613559,19.963203,2.068200,1.221561,5.828857,1.046143,0.846473,1.410661,48,17283,0,0
985,2,2.853048,2.015035,9.219781,0.995958,6.894531,19.963318,1.660967,0.882511,4.832967,0.924259,0.648024,1.134213,36,13739,0,0
986,2,2.844686,2.043511,11.522597,1.020630,4.575473,19.963386,2.004401,1.144836,5.911848,1.015018,0.960653,1.343625,48,17283,0,0
987,2,2.785773,2.015659,9.276299,1.019063,6.853014,19.934150,1.669169,0.908095,4.866933,0.968330,0.688036,1.113942,36,13739,0,0
988,2,2.824707,2.029595,11.366007,1.001322,4.770610,19.962646,1.961748,1.064338,5.900035,1.277422,0.918613,1.249620,48,17283,0,0
989,2,2.823975,2.024753,9.260796,0.999356,6.879964,19.964091,1.797963,0.803806,4.824602,0.910750,0.670481,1.143972,36,13739,0,0
990,2,2.838969,1.989604,11.470940,1.001784,4.650940,19.962633,2.107988,1.224786,5.695126,1.080865,0.964440,1.348565,48,17283,0,0
991,2,2.847249,2.024604,9.266330,1.004062,6.845879,19.963521,1.638031,0.860765,4.818485,0.850589,0.681203,1.196058,36,13739,0,0
992,2,2.824816,2.054959,11.492913,1.029907,4.609409,19.957045,2.147315,1.067861,5.904188,1.051900,0.851664,1.392490,48,17283,0,0
993,2,2.810872,2.041538,9.355408,1.011217,6.761210,19.938707,1.701830,0.800541,4.970439,0.816020,0.756009,1.145243,36,13739,0,0
994,2,2.826253,2.029595,11.373515,1.015103,4.748027,19.962897,2.040022,1.056200,5.865597,1.217017,0.850081,1.287364,48,17283,0,0
995,2,2.802165,2.010471,9.314650,1.023119,6.823730,19.963664,1.672139,0.871728,4.860786,0.900116,0.730543,1.137604,36,13739,0,0
996,2,2.822815,2.016513,11.564833,0.999851,4.575745,19.963243,1.957676,1.313961,5.861491,1.044430,0.921329,1.386814,48,17283,0,0
997,2,2.833903,1.995097,9.209710,0.996894,6.922262,19.962769,1.588277,0.886410,4.894596,0.942739,0.761247,1.088114,36,13739,0,0
998,2,2.842834,2.040398,11.417087,1.024882,4.677843,19.962646,1.999430,1.169000,5.798214,1.076158,0.819550,1.415290,48,17283,0,0
999,2,2.805589,2.020460,9.266127,1.029134,6.834215,19.935065,1.625170,0.833204,4.914988,0.926975,0.721276,1.142554,36,13739,0,0
1000,2,2.846436,2.049649,11.385023,0.999729,4.731954,19.963142,2.052389,1.138943,5.778012,1.123789,0.890839,1.233592,48,17283,0,0
1001,2,2.831726,2.039090,9.292759,1.000658,6.838603,19.963745,1.777534,0.874542,4.839440,0.849742,0.744470,1.181156,36,13739,0,0
1002,2,2.825887,2.019355,11.512282,1.001872,4.623155,19.963196,2.075195,1.134084,5.832238,1.019131,0.888896,1.337077,48,17283,0,0
1003,2,2.833944,1.994120,9.233412,1.000468,6.888767,19.956590,1.718940,0.947262,4.763329,0.841315,0.718777,1.122359,36,13739,0,0
1004,2,2.848897,2.046278,11.424696,1.023126,4.666382,19.963101,1.924025,1.148204,5.940250,1.200351,0.918216,1.339389,48,17283,0,0
1005,2,2.790005,2.020270,9.204135,0.998501,6.940186,19.932827,1.720584,0.832299,4.812592,0.851237,0.779758,1.083425,36,13739,0,0
1006,2,2.778381,2.012037,11.500543,0.996718,4.659566,19.935208,2.036628,1.152435,5.978865,1.118232,0.879639,1.343079,48,17283,0,0
1007,2,2.839606,2.031182,9.304294,1.003615,6.815735,19.963250,1.742923,0.928562,4.730652,0.868215,0.646115,1.199605,36,13739,0,0
1008,2,2.853007,2.045017,11.469747,0.999674,4.640503,19.962931,2.080037,1.143958,5.649336,1.046136,0.891357,1.341275,48,17283,0,0
1009,2,2.855042,2.017354,9.184747,0.997993,6.924927,19.962708,1.690857,0.974392,4.718523,0.848846,0.645850,1.140520,36,13739,0,0
1010,2,2.852356,2.049472,11.422743,1.023193,4.664802,19.963094,2.069448,1.197988,5.817485,1.123305,0.851786,1.311354,48,17283,0,0
1011,2,2.786363,2.016364,9.194655,1.019070,6.953796,19.953885,1.657020,0.805973,4.860382,0.812341,0.720008,1.177158,36,13739,0,0
1012,2,2.776103,2.010125,11.498264,0.995782,4.672824,19.942973,2.041168,1.144477,5.937612,1.073341,0.898899,1.343638,48,17283,0,0
1013,2,2.795675,2.010044,9.224155,1.007114,6.936584,19.963528,1.728536,0.921702,4.774204,0.854529,0.723596,1.187490,36,13739,0,0
1014,2,2.797038,2.026516,11.455987,1.000244,4.709364,19.962633,1.996996,1.108320,5.834554,1.003733,0.819173,1.530935,48,17283,0,0
1015,2,2.855801,1.991774,9.257812,1.000712,6.848694,19.963019,1.673577,0.972382,4.692013,0.848541,0.712802,1.080994,36,13739,0,0
1016,2,2.858724,2.058119,11.455397,1.016968,4.655551,19.986640,2.049645,1.150977,5.772071,1.051175,0.894972,1.333472,48,17283,0,0
1017,2,2.835388,2.037184,9.175130,1.033495,6.896193,19.940206,1.579017,0.812059,4.923472,0.858242,0.650672,1.100735,36,13739,0,0
1018,2,2.798848,2.006802,11.504367,1.000760,4.658936,19.962911,2.225013,1.145905,5.746141,1.134525,0.885573,1.391418,48,17283,0,0
1019,2,2.778775,2.009427,10.806315,0.998488,5.380073,19.963650,1.698320,0.946174,4.780975,0.849653,0.649838,1.139699,36,13739,0,0
1020,2,2.830017,1.988831,11.366815,0.999417,4.766317,19.962565,2.090752,1.072042,5.698737,1.123756,0.842719,1.296709,48,17283,0,0
1021,2,2.827128,2.024258,9.224935,1.002930,6.908386,19.963379,1.724518,0.871677,4.728807,0.846127,0.691973,1.139272,36,13739,0,0
1022,2,2.786567,2.016778,11.436605,0.996162,4.715312,19.934645,2.098440,1.152920,5.749312,1.086609,0.856188,1.263156,48,17283,0,0
1023,2,2.836792,2.025906,9.170729,1.024733,6.931437,19.963691,1.629795,0.852383,4.898783,0.817393,0.649438,1.112891,36,13739,0,0
1024,2,2.832458,2.043098,11.514825,1.006321,4.608887,19.962491,2.151282,1.104974,5.900584,1.163818,0.904819,1.352536,48,17283,0,0
1025,2,2.849650,2.040717,9.233514,0.995816,6.884135,19.963114,1.705889,0.871406,4.820821,0.927270,0.643348,1.089074,36,13739,0,0
1026,2,2.837524,1.994500,11.493178,1.027540,4.604777,19.963019,1.951853,1.233700,5.826094,1.081906,0.819739,1.338830,48,17283,0,0
1027,2,2.850613,2.047601,9.180698,0.999424,6.932732,19.963467,1.666443,0.844889,4.797214,0.847866,0.703217,1.112430,36,13739,0,0
1028,2,2.800496,2.030511,11.486911,0.997952,4.677958,19.963318,2.076613,1.170041,5.833974,1.082435,0.891334,1.384925,48,17283,0,0
1029,2,2.781637,2.010369,9.243544,1.018541,6.912679,19.956401,1.544030,1.026140,4.753459,0.952728,0.673214,1.141378,36,13739,0,0
1030,2,2.806525,2.013923,11.448052,1.002021,4.706604,19.963203,2.006032,1.216549,5.758057,1.094859,0.881887,1.400153,48,17283,0,0
1031,2,2.898905,2.047906,9.208489,1.002692,6.852559,19.962646,1.637716,0.866130,4.805033,0.812602,0.647770,1.149597,36,13739,0,0
1032,2,2.814623,2.043789,11.524407,0.998711,4.600789,19.938531,2.067681,1.132857,5.923984,1.173296,0.815314,1.453027,48,17283,0,0
1033,2,2.820089,2.050910,9.183607,1.027066,6.927863,19.958625,1.711429,0.882060,4.829376,0.882999,0.640571,1.086856,36,13739,0,0
1034,2,2.797607,2.028327,11.503106,0.996480,4.665602,19.962796,2.148658,1.069828,5.842570,1.006785,0.920088,1.367652,48,17283,0,0
1035,2,2.796468,2.027825,9.148919,1.002319,7.015428,19.963135,1.669213,0.880608,4.715851,0.851681,0.648288,1.008528,36,13739,0,0
1036,2,2.842428,2.012193,11.392822,1.029941,4.723239,19.988430,1.988854,1.153602,5.900835,1.051286,0.880564,1.304684,48,17283,0,0
1037,2,2.800096,2.018528,9.318434,1.858341,5.964162,19.941033,1.647915,0.923869,4.869076,0.898634,0.681332,1.092756,36,13739,0,0
1038,2,2.794400,2.027208,11.463698,1.000115,4.702955,19.961168,2.014065,1.155036,5.914388,1.164510,0.883270,1.348707,48,17283,0,0
1039,2,2.829569,2.040805,9.277540,0.997850,6.858561,19.963521,1.556264,0.928847,4.896505,0.962697,0.697093,1.083259,36,13739,0,0
1040,2,2.848660,2.009013,11.394728,0.998976,4.720432,19.962796,2.122511,1.108015,5.644002,1.048703,0.820628,1.359606,48,17283,0,0
1041,2,2.853475,2.050388,9.216288,1.017890,6.898519,19.986172,1.588467,0.842902,4.779029,0.885701,0.613118,1.129418,36,13739,0,0
1042,2,2.810343,2.013963,11.442600,1.003160,4.683777,19.939880,2.093709,1.099392,5.871633,1.126088,0.926829,1.346286,48,17283,0,0
1043,2,2.808004,2.026218,9.359185,1.001973,6.794325,19.963487,1.724145,0.906382,4.826101,0.860033,0.735613,1.165846,36,13739,0,0
1044,2,2.836751,2.029995,11.498203,0.998169,4.629978,19.963101,2.104726,1.097863,5.764981,1.006917,0.886258,1.371785,48,17283,0,0
1045,2,2.809428,2.039076,9.243442,1.000400,6.909620,19.962891,1.657647,0.885993,4.879537,0.884210,0.675981,1.092400,36,13739,0,0
1046,2,2.835795,2.032789,11.431227,1.029466,4.667324,19.963813,2.100050,1.033359,5.842166,1.169027,0.877350,1.340298,48,17283,0,0
1047,2,2.835815,2.019057,9.235874,1.000461,6.891134,19.963284,1.644107,0.923601,4.806000,0.851017,0.790822,1.127611,36,13739,0,0
1048,2,2.828634,2.062303,11.483717,0.999030,4.622477,19.933858,1.973239,1.105815,5.869208,1.144196,0.813666,1.220364,48,17283,0,0
1049,2,2.824992,2.046197,9.293145,0.998223,6.847202,19.963562,1.785594,0.804138,4.795414,0.814002,0.714634,1.172821,36,13739,0,0
1050,2,2.850898,2.001790,11.523492,1.023593,4.564935,19.962918,2.197835,1.128682,5.899004,1.165958,0.957652,1.345391,48,17283,0,0
1051,2,2.829549,1.989441,9.223565,1.000983,6.909403,19.963501,1.703071,0.926242,4.751946,0.887875,0.669749,1.132633,36,13739,0,0
1052,2,2.843038,2.041857,11.527134,0.998508,4.594822,19.963501,1.937324,1.110809,5.985402,1.093859,0.872308,1.370327,48,17283,0,0
1053,2,2.784532,2.016147,9.212151,0.997260,6.959696,19.953640,1.575772,0.917972,4.854150,0.853661,0.735931,1.162438,36,13739,0,0
1054,2,2.783264,2.014194,11.498427,1.001682,4.653687,19.937059,2.126207,1.192498,5.724223,1.146230,0.815158,1.219164,48,17283,0,0
1055,2,2.854675,2.043993,9.266147,1.003486,6.838298,19.962606,1.820591,0.842038,4.739872,0.964973,0.610392,1.095778,36,13739,0,0
1056,2,2.896240,2.029032,11.519321,1.030918,4.517375,19.963854,2.214969,1.150892,5.803382,1.012590,0.928138,1.411787,48,17283,0,0
1057,2,2.860616,2.057929,9.163038,1.025865,6.940633,19.990153,1.624295,0.832845,4.791433,0.846602,0.615323,1.134911,36,13739,0,0
1058,2,2.806742,2.039273,11.511976,0.997348,4.629476,19.945543,2.009454,1.144297,5.980476,1.184950,0.845028,1.299757,48,17283,0,0
1059,2,2.794718,2.024441,9.235162,1.040995,6.883511,19.954386,1.587297,0.883552,4.851939,0.949541,0.614383,1.110135,36,13739,0,0
1060,2,2.790127,2.020352,11.548272,0.997830,4.626607,19.962836,2.096598,1.163181,5.812161,1.122698,0.884844,1.367374,48,17283,0,0
1061,2,2.794393,1.982747,9.253126,1.001560,6.914320,19.963399,1.694231,0.883779,4.683519,0.872793,0.640889,1.157199,36,13739,0,0
1062,2,2.851969,2.024441,11.584384,1.004652,4.522332,19.963338,2.120500,1.140700,5.835059,1.092604,0.921773,1.404005,48,17283,0,0
1063,2,2.802965,2.017626,9.179972,0.998623,6.951803,19.933363,1.615116,0.971157,4.716929,0.886136,0.718757,1.128469,36,13739,0,0
1064,2,2.815470,2.047187,11.457167,1.001628,4.689039,19.963304,1.970194,1.271671,5.797760,1.104740,0.904043,1.287021,48,17283,0,0
1065,2,2.818970,2.052382,9.282037,0.997253,6.864773,19.963033,1.695750,0.933577,4.774641,0.884508,0.636502,1.194746,36,13739,0,0
1066,2,2.779378,2.009854,11.534193,0.996480,4.653191,19.963243,2.169545,1.064365,5.921692,1.139608,0.890306,1.331112,48,17283,0,0
1067,2,2.854635,1.987718,9.217461,1.003601,6.887444,19.963142,1.662272,0.842170,4.808526,0.854336,0.711117,1.141276,36,13739,0,0
1068,2,2.812202,2.016574,11.520298,1.003608,4.597371,19.933478,2.133331,1.126017,5.794491,1.085208,0.882806,1.453115,48,17283,0,0
1069,2,2.791789,2.023675,9.176405,1.001024,6.994242,19.963460,1.548336,0.862762,4.970140,0.857771,0.703291,1.077081,36,13739,0,0
1070,2,2.809923,2.041043,11.433282,0.995877,4.724060,19.963142,2.079091,1.131029,5.796787,1.231679,0.837925,1.280236,48,17283,0,0
1071,2,2.809313,1.987345,9.267388,0.999654,6.886827,19.963182,1.620372,0.936605,4.738071,0.950406,0.608958,1.125176,36,13739,0,0
1072,2,2.859802,2.057848,11.523451,1.020196,4.584229,19.987678,2.026622,1.025058,5.942451,1.047255,0.920773,1.309085,48,17283,0,0
1073,2,2.789449,2.020494,9.177036,0.999200,6.945801,19.911485,1.649553,0.851329,4.880890,0.891405,0.615194,1.171251,36,13739,0,0
1074,2,2.810608,2.017246,11.523756,0.998142,4.630961,19.963467,2.126946,1.179538,5.838155,1.076670,0.883928,1.381514,48,17283,0,0
1075,2,2.794718,2.025438,9.240329,0.999681,6.928528,19.963257,1.699354,0.885976,4.822113,0.933475,0.648448,1.052389,36,13739,0,0
1076,2,2.823181,1.983683,11.447238,0.999444,4.693156,19.963019,2.066088,1.109229,5.655724,1.008033,0.885420,1.341024,48,17283,0,0
1077,2,2.842997,2.040358,9.129856,1.003282,6.991191,19.967326,1.810588,0.807092,4.711151,0.932400,0.612827,0.980042,36,13739,0,0
1078,2,2.826497,2.027391,11.422560,1.002577,4.707330,19.958964,2.003018,1.219092,5.752431,1.161567,0.820099,1.363491,48,17283,0,0
1079,2,2.846822,2.025628,9.275879,0.996562,6.844482,19.963745,1.675483,0.949070,4.779992,0.853441,0.678124,1.148973,36,13739,0,0
1200,3,2.923306,2.063165,14.101101,1.538601,1.401286,19.964294,2.671692,1.625600,6.272061,1.315158,0.991072,1.355269,52,17617,0,0
1201,3,2.891995,2.029304,11.753465,1.545478,3.772298,19.963236,2.295447,1.421573,4.979319,0.940518,0.678046,1.058000,40,14073,0,0
1202,3,2.914795,2.014967,14.075779,1.541409,1.431681,19.963664,2.927741,1.645715,5.907471,1.135108,0.918508,1.259013,52,17617,0,0
1203,3,2.914273,2.039625,11.767327,1.534071,3.747877,19.963548,2.332855,1.423448,5.032908,0.859728,0.783379,1.219245,40,14073,0,0
1204,3,2.901577,1.998332,14.091865,1.570848,1.399048,19.963338,2.790192,1.544179,6.023695,1.191159,0.940606,1.299394,52,17617,0,0
1205,3,2.896891,1.991041,11.765828,1.531121,3.769518,19.963359,2.240373,1.456197,5.004561,0.971266,0.712616,1.138777,40,14073,0,0
1206,3,2.935072,2.037164,13.948391,1.539808,1.533420,19.956692,2.817522,1.575473,5.963538,1.139272,0.950684,1.257524,52,17617,0,0
1207,3,2.960822,2.067112,11.698046,1.539497,3.764872,19.963236,2.293532,1.438093,5.009850,1.018409,0.709330,1.094354,40,14073,0,0
1208,3,2.949599,2.045322,14.043728,1.545648,1.424188,19.963162,2.818793,1.621016,6.007846,1.271247,0.916206,1.292908,52,17617,0,0
1209,3,2.909166,2.044752,11.763150,1.536045,3.754896,19.963257,2.314145,1.445886,5.006870,0.932716,0.814236,1.129184,40,14073,0,0
1210,3,2.861993,2.029100,14.021491,1.578769,1.502516,19.964769,2.794213,1.681305,5.904555,1.215681,0.916992,1.209208,52,17617,0,0
1211,3,2.862169,2.029141,11.764187,1.541456,3.764926,19.932739,2.266781,1.434448,5.065765,0.898699,0.679301,1.161526,40,14073,0,0
1212,3,2.899000,2.039442,14.133877,1.538662,1.391296,19.962836,2.677029,1.664988,6.125217,1.212694,1.075979,1.336609,52,17617,0,0
1213,3,2.874010,2.012885,11.693712,1.542921,3.853000,19.963643,2.298618,1.381378,4.963294,0.896973,0.748118,1.082611,40,14073,0,0
1214,3,2.930081,2.035088,14.032749,1.538784,1.461100,19.962714,2.696828,1.629055,6.073551,1.093014,0.951809,1.357052,52,17617,0,0
1215,3,2.890537,2.057346,11.840746,1.536296,3.696174,19.963752,2.387441,1.405735,5.104363,1.014865,0.743452,1.155206,40,14073,0,0
1216,3,2.935994,2.061822,14.082357,1.539042,1.406331,19.963725,2.862230,1.614115,6.010257,1.092180,1.020389,1.337372,52,17617,0,0
1217,3,2.853380,2.020704,11.823737,1.537665,3.748332,19.963114,2.242262,1.541039,5.048804,0.935371,0.710656,1.164741,40,14073,0,0
1218,3,2.915276,1.993144,14.051988,1.537245,1.459100,19.963609,2.798933,1.669105,5.974589,1.057010,0.921326,1.372047,52,17617,0,0
1219,3,2.948493,2.053555,11.757860,1.540053,3.716668,19.963074,2.282240,1.391100,5.070831,1.007724,0.697700,1.132846,40,14073,0,0
1220,3,2.936713,2.032254,13.988430,1.574856,1.463379,19.963379,2.789330,1.610402,5.979146,1.089708,0.949554,1.373101,52,17617,0,0
1221,3,2.887702,2.021857,11.753242,1.539029,3.783447,19.963420,2.292965,1.420532,4.983154,0.896562,0.739332,1.154850,40,14073,0,0
1222,3,2.923733,2.043959,14.063463,1.536797,1.439752,19.963745,2.856893,1.621772,5.965756,1.212212,0.882046,1.275760,52,17617,0,0
1223,3,2.919583,2.054633,11.769396,1.538622,3.753662,19.981262,2.372453,1.410770,5.022458,0.968560,0.736769,1.093587,40,14073,0,0
1224,3,2.914720,2.052843,14.134162,1.539747,1.363519,19.952148,2.677107,1.659627,6.204261,1.251536,1.047014,1.375841,52,17617,0,0
1225,3,2.877916,2.022230,11.699253,1.535461,3.843079,19.955709,2.347792,1.428884,4.963881,0.858673,0.748945,1.089071,40,14073,0,0
1226,3,2.904785,2.032159,14.058485,1.537530,1.462558,19.963359,2.713413,1.732741,6.022040,1.170590,0.913015,1.312473,52,17617,0,0
1227,3,2.870938,2.038601,11.801080,1.529439,3.762634,19.964091,2.133250,1.428263,5.037771,1.032579,0.723372,1.057390,40,14073,0,0
1228,3,2.881483,2.047092,14.128079,1.539110,1.414490,19.963162,2.794610,1.709313,5.905473,1.088216,0.938012,1.334405,52,17617,0,0
1229,3,2.853177,2.021044,11.830227,1.535780,3.743727,19.962911,2.208710,1.379025,5.136027,0.901866,0.711480,1.140171,40,14073,0,0
1230,3,2.942729,1.991753,14.024204,1.535000,1.461365,19.963298,2.850444,1.732490,5.899282,1.104675,0.955366,1.281711,52,17617,0,0
1231,3,2.971178,2.075304,11.800991,1.531684,3.659648,19.963501,2.235867,1.458479,5.089935,0.895928,0.736681,1.166673,40,14073,0,0
1232,3,2.962436,2.061978,13.987800,1.566969,1.439650,19.956855,2.803375,1.645891,5.956750,1.094215,0.918989,1.376126,52,17617,0,0
1233,3,2.886312,2.016758,11.750929,1.528415,3.797723,19.963379,2.192413,1.432749,5.134966,0.855523,0.849721,1.163398,40,14073,0,0
1234,3,2.921027,2.055881,14.098233,1.534817,1.409546,19.963623,2.771749,1.585487,6.020993,1.139153,0.881995,1.451525,52,17617,0,0
1235,3,2.906379,2.040297,11.726488,1.570136,3.784831,19.987834,2.313100,1.445994,5.001451,1.029321,0.744520,1.086158,40,14073,0,0
1236,3,2.894355,2.034593,14.115838,1.540209,1.407084,19.957486,2.753696,1.674774,6.110063,1.216702,0.954573,1.321652,52,17617,0,0
1237,3,2.869758,2.024055,11.743883,1.531582,3.797974,19.943197,2.415165,1.339176,5.027740,0.937683,0.746823,1.116062,40,14073,0,0
1238,3,2.926371,2.034437,14.132358,1.534831,1.370083,19.963643,2.682434,1.658132,6.174835,1.210761,0.940433,1.384335,52,17617,0,0
1239,3,2.892687,2.061083,11.791904,1.534695,3.744256,19.963542,2.241007,1.380510,5.065121,0.961121,0.712460,1.137834,40,14073,0,0
1240,3,2.897902,2.063219,14.131680,1.535122,1.398295,19.962999,2.861264,1.721907,5.874841,1.168827,0.911699,1.335727,52,17617,0,0
1241,3,2.856269,2.022468,11.847460,1.541348,3.718465,19.963542,2.268026,1.421224,5.103265,0.981106,0.748379,1.139160,40,14073,0,0
1242,3,2.927497,1.997355,14.070238,1.535753,1.429830,19.963318,2.867299,1.578345,6.000522,1.129591,0.885681,1.290582,52,17617,0,0
1243,3,2.948934,2.014974,11.773451,1.538201,3.703016,19.963603,2.335948,1.466943,5.006897,0.940355,0.791345,1.123257,40,14073,0,0
1244,3,2.939779,1.999139,14.026340,1.567274,1.430149,19.963542,2.767019,1.690369,6.029707,1.119324,0.988732,1.354855,52,17617,0,0
1245,3,2.893378,1.988783,11.784431,1.537665,3.747599,19.963074,2.364288,1.379293,5.004632,0.857907,0.709313,1.141130,40,14073,0,0
1246,3,2.934170,2.053053,14.086127,1.538520,1.404724,19.963542,2.842702,1.575829,5.991374,1.097463,0.984751,1.362847,52,17617,0,0
1247,3,2.935879,2.068312,11.764655,1.526516,3.736003,19.963053,2.316932,1.554606,4.973063,0.894918,0.802497,1.128387,40,14073,0,0
1248,3,2.910760,2.048069,14.045885,1.538845,1.439107,19.934597,2.778571,1.649875,5.938185,1.210419,0.963606,1.223209,52,17617,0,0
1249,3,2.862434,2.020372,11.756198,1.532932,3.801853,19.953417,2.356486,1.377072,5.044793,0.934811,0.679850,1.124891,40,14073,0,0
1250,3,2.863003,2.029433,14.150445,1.539700,1.398905,19.952053,2.776384,1.626190,6.017473,1.128788,0.969482,1.373308,52,17617,0,0
1251,3,2.871758,2.037991,11.768195,1.566637,3.750203,19.956794,2.354757,1.382178,4.990058,0.921614,0.756042,1.082818,40,14073,0,0
1252,3,2.879286,2.048191,14.163927,1.532403,1.387851,19.963467,2.775821,1.544607,6.297482,1.202637,1.107130,1.352970,52,17617,0,0
1253,3,2.881619,2.048998,11.692186,1.579400,3.810133,19.963338,2.319814,1.374613,5.002207,1.008294,0.750068,1.039242,40,14073,0,0
1254,3,2.977905,2.053826,14.094638,1.534641,1.356235,19.963420,2.869575,1.620470,5.965830,1.058902,0.980452,1.342994,52,17617,0,0
1255,3,2.954190,2.046943,11.769409,1.540534,3.698988,19.963121,2.338667,1.406362,5.000373,0.916019,0.707947,1.138984,40,14073,0,0
1256,3,2.953451,2.058580,14.048374,1.544468,1.417209,19.963501,2.911011,1.642643,5.916548,1.097456,0.919566,1.339603,52,17617,0,0
1257,3,2.902086,2.024570,11.779880,1.542006,3.732842,19.956814,2.254293,1.384894,4.995022,1.012644,0.708703,1.088952,40,14073,0,0
1258,3,2.915738,2.005547,14.056118,1.568692,1.423503,19.964050,2.819553,1.549486,5.995314,1.132711,0.913998,1.290985,52,17617,0,0
1259,3,2.917976,2.005873,11.739895,1.535882,3.769524,19.963277,2.214569,1.460127,5.102071,0.931495,0.733680,1.094693,40,14073,0,0
1260,3,2.913405,2.019545,13.970161,1.540622,1.539056,19.963243,2.666202,1.683326,6.030318,1.216014,1.047601,1.270250,52,17617,0,0
1261,3,2.927558,2.032477,11.739651,1.538520,3.757751,19.963481,2.359297,1.380351,5.025825,1.006137,0.709808,1.122206,40,14073,0,0
1262,3,2.915209,2.024957,14.114658,1.539910,1.363213,19.932990,2.985229,1.687663,5.910149,1.136722,0.913673,1.274611,52,17617,0,0
1263,3,2.902988,2.071547,11.783108,1.567084,3.696391,19.949571,2.169881,1.363112,5.081211,0.902632,0.710232,1.188989,40,14073,0,0
1264,3,2.875658,2.041660,14.172411,1.535122,1.384237,19.967428,2.903252,1.695770,5.952769,1.182699,0.912859,1.271200,52,17617,0,0
1265,3,2.869310,2.038547,11.723050,1.535326,3.815450,19.943136,2.257863,1.376587,5.026727,0.944678,0.702549,1.106693,40,14073,0,0
1266,3,2.895738,2.037713,14.097114,1.541945,1.428216,19.963013,2.726596,1.560215,6.099046,1.250702,0.877472,1.317654,52,17617,0,0
1267,3,2.896918,2.031867,11.792101,1.537916,3.736667,19.963603,2.371379,1.340695,4.987064,0.940708,0.676965,1.017141,40,14073,0,0
1268,3,2.936544,2.032260,14.106581,1.541653,1.378682,19.963460,2.952152,1.608832,6.006897,1.213599,0.901988,1.297696,52,17617,0,0
1269,3,2.868883,2.036546,11.882290,1.530870,3.681600,19.963643,2.349609,1.437595,5.010725,0.903097,0.741560,1.131473,40,14073,0,0
1270,3,2.910000,1.992045,14.079468,1.565104,1.376831,19.931403,2.770854,1.586894,6.011495,1.091393,0.998725,1.276927,52,17617,0,0
1271,3,2.971157,2.080010,11.820014,1.538744,3.633280,19.963196,2.398322,1.471822,4.971042,0.924611,0.712318,1.102665,40,14073,0,0
1272,3,2.945075,2.053304,13.917976,1.540012,1.560337,19.963399,2.795664,1.584042,5.935028,1.054006,1.000871,1.325311,52,17617,0,0
1273,3,2.894436,2.027615,11.737725,1.527445,3.803731,19.963338,2.142849,1.387987,5.173994,0.856635,0.780141,1.161553,40,14073,0,0
1274,3,2.883070,2.050245,14.026862,1.534512,1.488688,19.933133,2.741889,1.583974,6.052365,1.165266,0.990512,1.316091,52,17617,0,0
1275,3,2.864271,2.026666,11.768032,1.538276,3.764058,19.934638,2.408359,1.409885,5.023919,0.887658,0.748193,1.128811,40,14073,0,0
1276,3,2.893684,2.034960,14.095710,1.535841,1.437656,19.962891,2.761858,1.594883,6.105754,1.310398,0.987013,1.226881,52,17617,0,0
1277,3,2.875047,2.032152,11.672004,2.402235,3.016256,19.965542,2.324792,1.391744,4.968787,0.897051,0.747850,1.089634,40,14073,0,0
1278,3,2.930427,2.038852,14.190857,1.537252,1.302836,19.961372,2.839762,1.676459,5.991272,1.074626,1.014716,1.357805,52,17617,0,0
1279,3,2.890157,2.058804,11.745721,1.530185,3.797479,19.963542,2.279073,1.431512,4.999441,1.036601,0.676758,1.030284,40,14073,0,0
1280,3,2.929504,2.052911,14.144430,1.563422,1.325880,19.963236,2.829502,1.545305,6.152791,1.166996,0.984365,1.323066,52,17617,0,0
1281,3,2.896003,2.017002,11.762648,1.539768,3.764662,19.963081,2.236844,1.462063,5.045176,0.899329,0.708323,1.141490,40,14073,0,0
1282,3,2.919766,1.991163,14.028693,1.530036,1.484904,19.963399,2.715298,1.751038,5.922936,1.098036,0.954525,1.312703,52,17617,0,0
1283,3,2.946465,2.054192,11.736884,1.539395,3.733744,19.956489,2.235789,1.403809,5.041945,0.937771,0.738837,1.141486,40,14073,0,0
1284,3,2.935391,2.034010,13.989244,1.568142,1.471191,19.963969,2.812002,1.605621,5.954492,1.133691,0.916619,1.337297,52,17617,0,0
1285,3,2.885037,2.018724,11.740736,1.532837,3.804606,19.963216,2.291039,1.338355,5.099230,0.857371,0.781260,1.162794,40,14073,0,0
1286,3,2.923943,2.046271,14.066433,1.534573,1.438029,19.962979,2.858449,1.540453,6.068224,1.135447,1.037391,1.352600,52,17617,0,0
1287,3,2.918647,2.054864,11.786079,1.571072,3.696574,19.972371,2.314704,1.375390,5.068658,0.883464,0.742296,1.134857,40,14073,0,0
1288,3,2.917548,2.055006,14.130378,1.536736,1.383457,19.968119,2.746582,1.665124,6.122779,1.180891,1.009528,1.369158,52,17617,0,0
1289,3,2.882046,2.027357,11.693325,1.542046,3.833001,19.950419,2.264309,1.374271,5.018290,0.901398,0.755090,1.058072,40,14073,0,0
1290,3,2.904806,2.032925,14.073357,1.544183,1.440708,19.963053,2.711911,1.656643,6.041768,1.297536,0.914717,1.269348,52,17617,0,0
1291,3,2.869086,2.036858,11.791307,1.538954,3.764357,19.963704,2.395515,1.345456,4.988471,0.953617,0.741180,1.095978,40,14073,0,0
1292,3,2.872972,2.041409,14.136359,1.541680,1.412245,19.963257,2.829261,1.647413,6.122803,1.135820,1.026662,1.340685,52,17617,0,0
1293,3,2.852058,2.020114,11.833035,1.535061,3.743368,19.963521,2.232819,1.457299,5.047126,0.860982,0.739756,1.171163,40,14073,0,0
1294,3,2.938768,2.028761,14.002753,1.538174,1.483582,19.963277,2.709476,1.745388,5.913330,1.100783,0.907871,1.353573,52,17617,0,0
1295,3,2.962762,2.071174,11.709907,1.538296,3.752380,19.963345,2.150913,1.406840,5.039120,0.895260,0.746785,1.097965,40,14073,0,0
1296,3,2.951782,2.043715,14.049879,1.537415,1.423977,19.963053,2.851763,1.619249,6.013902,1.207770,0.916636,1.285224,52,17617,0,0
1297,3,2.915514,2.050198,11.740492,1.561327,3.775669,19.993001,2.460761,1.335052,4.986593,1.049435,0.670664,1.083096,40,14073,0,0
1298,3,2.848945,2.016351,14.132921,1.541178,1.430935,19.953979,2.780012,1.678175,6.018826,1.132748,0.947615,1.295478,52,17617,0,0
1299,3,2.872097,2.040521,11.740960,1.540812,3.789591,19.943461,2.474575,1.382806,5.032098,0.860813,0.713189,1.132080,40,14073,0,0
1300,3,2.896145,2.036302,14.116462,1.537320,1.413269,19.963196,2.759596,1.583689,6.192227,1.197900,0.950263,1.381721,52,17617,0,0
1301,3,2.874986,2.013353,11.731784,1.558919,3.797791,19.963481,2.325684,1.420386,5.009572,0.932085,0.749963,1.095632,40,14073,0,0
1302,3,2.932726,2.034641,14.131707,1.542847,1.355977,19.963257,2.864376,1.722934,5.977383,1.166372,1.048428,1.360840,52,17617,0,0
1303,3,2.886088,2.054721,11.856845,1.535889,3.685004,19.963826,2.258779,1.468547,5.108358,0.937419,0.672614,1.152300,40,14073,0,0
1304,3,2.934720,2.061944,14.070767,1.543423,1.414429,19.963338,2.703440,1.609358,6.085866,1.176626,0.879873,1.390096,52,17617,0,0
1305,3,2.900513,1.992004,11.763550,1.531223,3.767687,19.962972,2.329634,1.457506,4.985711,0.970235,0.744917,1.124983,40,14073,0,0
1306,3,2.906752,2.030551,13.990038,1.531793,1.534966,19.963548,2.953963,1.574829,5.932936,1.174998,0.928514,1.320462,52,17617,0,0
1307,3,2.941006,2.047207,11.678555,1.539761,3.804016,19.963338,2.246151,1.493490,4.969418,0.931227,0.788561,1.080682,40,14073,0,0
1308,3,2.926371,2.020542,14.035373,1.542914,1.458700,19.963359,2.764655,1.632195,5.993076,1.223331,0.913537,1.277249,52,17617,0,0
1309,3,2.878696,2.045905,11.810377,1.562737,3.691637,19.943448,2.222127,1.293728,5.226095,0.898536,0.835938,1.143989,40,14073,0,0
1310,3,2.863919,2.015957,14.134901,1.560018,1.404602,19.963440,2.814484,1.736047,5.962029,1.177704,0.946625,1.275903,52,17617,0,0
1311,3,2.899299,2.067125,11.753608,1.565830,3.723667,19.942403,2.284376,1.377357,4.990156,0.963521,0.677958,1.118571,40,14073,0,0
1312,3,2.914517,2.055996,14.110928,1.538628,1.399122,19.963196,2.810611,1.657359,6.071645,1.176887,0.912944,1.361104,52,17617,0,0
1313,3,2.888801,2.025377,11.765103,1.544156,3.765422,19.963481,2.272939,1.436096,4.982293,0.922492,0.710971,1.138635,40,14073,0,0
1314,3,2.867764,2.033440,14.063911,1.534356,1.497735,19.963765,2.707682,1.728665,5.965146,1.166036,0.912469,1.332706,52,17617,0,0
1315,3,2.912137,2.033095,11.755324,1.531508,3.764418,19.963386,2.223541,1.456570,5.086870,0.940026,0.774553,1.094988,40,14073,0,0
1316,3,2.927741,1.991353,14.051520,1.541843,1.442376,19.963481,3.042297,1.579319,5.941172,1.192244,0.880327,1.332876,52,17617,0,0
1317,3,2.948154,2.056098,11.837497,1.533474,3.643528,19.962653,2.369673,1.465183,4.984036,0.954725,0.742004,1.088423,40,14073,0,0
1318,3,2.943448,2.032674,13.923591,1.535183,1.561707,19.963928,2.887312,1.580610,5.947795,1.127577,0.952694,1.311832,52,17617,0,0
1319,3,2.922187,2.058038,11.745897,1.528347,3.767517,19.963949,2.235494,1.337992,5.140093,0.860277,0.744090,1.102800,40,14073,0,0
1320,3,2.930549,2.065436,14.059781,1.535434,1.437310,19.963074,2.716831,1.543515,6.099525,1.211599,1.010919,1.367998,52,17617,0,0
1321,3,2.898078,2.031833,11.689019,1.537774,3.860358,19.985229,2.212460,1.545366,4.917708,1.053396,0.744999,1.092953,40,14073,0,0
1322,3,2.899645,2.037855,14.076972,1.535875,1.436259,19.948751,2.657328,1.665131,6.121613,1.273834,0.945889,1.329820,52,17617,0,0
1323,3,2.876044,2.028171,11.703864,1.533624,3.842828,19.956360,2.289639,1.406691,4.984972,0.957699,0.712175,1.047499,40,14073,0,0
1324,3,2.908468,2.035102,14.113586,1.540554,1.401238,19.963847,2.704668,1.628160,6.150821,1.271596,0.994595,1.358524,52,17617,0,0
1325,3,2.872525,2.039558,11.832221,1.534519,3.724196,19.963460,2.243646,1.383701,5.148492,0.920115,0.798584,1.174537,40,14073,0,0
1326,3,2.927002,2.034214,14.081679,1.536384,1.418335,19.963399,2.968089,1.576881,5.999875,1.186554,0.952264,1.359205,52,17617,0,0
1327,3,2.915914,2.038323,11.769572,1.536852,3.740980,19.963318,2.350545,1.506456,4.999142,0.899790,0.809499,1.136814,40,14073,0,0
1328,3,2.943936,2.057136,13.972785,1.598416,1.504862,20.019999,2.895342,1.664320,5.870022,1.101773,0.906596,1.307380,52,17617,0,0
1329,3,2.907118,2.037320,11.685757,1.529900,3.783990,19.906765,2.172594,1.464776,5.033858,0.970537,0.735870,1.137909,40,14073,0,0
1330,3,2.918667,2.054640,13.968797,1.533339,1.542331,19.963135,2.772315,1.539164,6.006134,1.190182,0.914703,1.335253,52,17617,0,0
1331,3,2.906440,2.038988,11.778124,1.566318,3.740736,19.991618,2.294956,1.406260,5.074788,1.011549,0.770755,1.082045,40,14073,0,0
1332,3,2.845757,2.013211,13.987739,1.554050,1.540765,19.928311,2.791612,1.587426,6.028029,1.136692,0.942783,1.280304,52,17617,0,0
1333,3,2.895311,2.035733,11.762383,1.560879,3.723307,19.941881,2.287693,1.376502,5.084693,0.896793,0.775957,1.071174,40,14073,0,0
1334,3,2.922492,2.030653,14.214322,1.539259,1.287916,19.963989,2.765218,1.698435,6.189941,1.158746,0.952515,1.339871,52,17617,0,0
1335,3,2.897108,2.063524,11.829536,1.537408,3.693231,19.957282,2.315213,1.405406,5.022264,0.932149,0.762553,1.142005,40,14073,0,0
1336,3,2.881538,2.048855,14.151191,1.542026,1.388767,19.963521,2.740421,1.574626,6.224782,1.175327,0.948364,1.354892,52,17617,0,0
1337,3,2.876058,2.045132,11.714288,1.523946,3.848823,19.963114,2.277907,1.422234,5.002221,0.976420,0.674771,1.160946,40,14073,0,0
1338,3,2.932231,2.027988,14.098911,1.530504,1.401550,19.963196,2.904724,1.692162,5.989268,1.134684,0.945170,1.330973,52,17617,0,0
1339,3,2.944241,2.010295,11.831434,1.537238,3.651076,19.963989,2.147407,1.480313,5.111070,1.026978,0.828844,1.066359,40,14073,0,0
1340,3,2.932482,1.999661,13.986640,1.541572,1.502441,19.963135,2.808533,1.601485,5.961009,1.137119,0.995039,1.279565,52,17617,0,0
1341,3,2.907844,1.996555,11.787198,1.533603,3.735101,19.963745,2.168871,1.492015,5.103780,0.950538,0.674015,1.117950,40,14073,0,0
1342,3,2.936408,2.053148,13.978400,1.566454,1.481934,19.963196,2.819736,1.505612,5.967994,1.098653,0.917619,1.322798,52,17617,0,0
1343,3,2.931586,2.063246,11.702969,1.544623,3.783610,19.962789,2.214332,1.409882,5.075446,1.027072,0.733934,1.126814,40,14073,0,0
1344,3,2.893589,2.034695,14.038276,1.533739,1.468201,19.933804,2.742764,1.624502,5.948703,1.175551,0.931261,1.280368,52,17617,0,0
1345,3,2.891310,2.032111,11.716682,1.543586,3.782572,19.934150,2.399590,1.372633,5.018460,0.980682,0.743991,1.106652,40,14073,0,0
1346,3,2.902106,2.032172,14.084744,1.538547,1.438124,19.963521,2.819468,1.658440,5.953040,1.297838,0.943247,1.270704,52,17617,0,0
1347,3,2.871935,2.040805,11.782864,1.544786,3.764038,19.963623,2.359545,1.424645,5.010027,0.920871,0.710080,1.095110,40,14073,0,0
1348,3,2.874424,2.040561,14.093696,1.540087,1.454549,19.962755,2.852736,1.540619,6.134511,1.208232,0.943899,1.348758,52,17617,0,0
1349,3,2.910116,2.035651,11.769748,1.532667,3.750909,19.963440,2.265049,1.488627,4.968021,0.931946,0.710720,1.167287,40,14073,0,0
1350,3,2.940477,2.032376,14.018561,1.536018,1.468302,19.963359,2.754540,1.646586,6.014431,1.127292,0.912788,1.380998,52,17617,0,0
1351,3,2.968757,2.077630,11.779324,1.531650,3.683485,19.963216,2.251146,1.373861,5.056169,0.933590,0.768806,1.133752,40,14073,0,0
1352,3,2.952352,2.049818,14.032871,1.542731,1.435465,19.963420,2.770949,1.577728,6.007226,1.225993,0.980238,1.316983,52,17617,0,0
1353,3,2.902595,2.037428,11.837348,1.610080,3.660719,20.010742,2.260695,1.366909,5.170539,1.059099,0.741706,1.166582,40,14073,0,0
1354,3,2.849006,2.017103,14.104302,1.534281,1.440511,19.928101,2.760298,1.679148,6.139455,1.149234,1.010366,1.287808,52,17617,0,0
1355,3,2.898451,2.035631,11.816108,1.545119,3.690667,19.950345,2.289575,1.346012,5.035000,0.894653,0.699704,1.077335,40,14073,0,0
1356,3,2.906582,2.036858,14.191637,1.540622,1.325087,19.963928,2.732890,1.730587,6.144558,1.255042,0.877007,1.316813,52,17617,0,0
1357,3,2.865404,2.035780,11.851813,1.562880,3.682895,19.962992,2.288337,1.375695,5.051036,0.986691,0.788384,1.127625,40,14073,0,0
1358,3,2.877170,2.024611,14.086392,1.541348,1.457947,19.962857,2.738607,1.699073,6.031731,1.331319,0.912693,1.265998,52,17617,0,0
1359,3,2.888245,2.054532,11.833001,1.537326,3.704664,19.963236,2.268504,1.366153,5.213925,1.050171,0.720791,1.130856,40,14073,0,0
1360,3,2.970595,2.072917,14.149055,1.541144,1.295878,19.956672,2.808723,1.653653,5.977234,1.093591,0.948368,1.320743,52,17617,0,0
1361,3,2.905911,1.998800,11.726881,1.533067,3.797702,19.963562,2.164300,1.608761,4.951650,0.975735,0.749566,1.070302,40,14073,0,0
1362,3,2.901008,1.985894,13.995551,1.532701,1.534139,19.963399,2.825958,1.667294,5.969265,1.091746,0.934540,1.359843,52,17617,0,0
1363,3,2.913439,2.040432,11.783400,1.535448,3.731113,19.963399,2.319217,1.355116,5.131911,0.976674,0.774282,1.075626,40,14073,0,0
1364,3,2.906155,2.041050,14.078986,1.549615,1.428257,19.963013,2.733409,1.662937,5.952026,1.090322,0.991852,1.322923,52,17617,0,0
1365,3,2.923292,2.030660,11.726854,1.543349,3.769992,19.963487,2.419973,1.408295,5.022329,0.899197,0.810988,1.036038,40,14073,0,0
1366,3,2.873583,2.023526,14.019925,1.546502,1.494175,19.934184,2.670210,1.668094,5.967906,1.176704,0.947103,1.201087,52,17617,0,0
1367,3,2.893623,2.060784,11.807746,1.563219,3.682841,19.947428,2.363800,1.358032,5.061025,0.855279,0.710988,1.176541,40,14073,0,0
1368,3,2.890245,2.056288,14.107449,1.561510,1.410177,19.969381,2.858602,1.589010,6.061690,1.179108,1.042114,1.271667,52,17617,0,0
1369,3,2.889255,2.027215,11.737718,1.538154,3.778056,19.943183,2.284566,1.338698,4.998433,0.976783,0.711867,1.049394,40,14073,0,0
1370,3,2.886359,2.033176,14.119290,1.538764,1.419189,19.963603,2.669373,1.759243,6.063104,1.097826,1.043610,1.358358,52,17617,0,0
1371,3,2.904405,2.034844,11.871568,1.538459,3.649048,19.963481,2.321448,1.384844,5.125227,0.970913,0.766029,1.124827,40,14073,0,0
1372,3,2.877102,2.044257,14.198880,1.542345,1.345072,19.963399,2.865668,1.656416,6.083069,1.278781,0.953335,1.305193,52,17617,0,0
1373,3,2.866828,2.035346,11.914096,1.539327,3.642619,19.962870,2.170936,1.533223,5.149631,0.979329,0.744958,1.142083,40,14073,0,0
1374,3,2.930929,2.035251,14.099440,1.537754,1.395277,19.963399,2.873620,1.611247,5.990902,1.097436,0.917816,1.316820,52,17617,0,0
1375,3,2.959208,2.055203,11.795770,1.536513,3.671665,19.963155,2.271088,1.416704,5.082062,0.949931,0.708618,1.081475,40,14073,0,0
1376,3,2.970466,2.037760,14.062486,1.562025,1.368401,19.963379,2.850996,1.623281,5.948944,1.126777,1.011325,1.307295,52,17617,0,0
1377,3,2.912706,1.999227,11.742377,1.538113,3.770121,19.963318,2.215447,1.347348,5.156359,0.970215,0.743239,1.031053,40,14073,0,0
1378,3,2.898159,1.988844,13.969516,1.562527,1.533447,19.963650,2.749729,1.736715,5.874980,1.173709,0.979919,1.252072,52,17617,0,0
1379,3,2.910061,1.998427,11.803840,1.537489,3.711806,19.963196,2.243856,1.503964,5.042823,0.905406,0.745226,1.118171,40,14073,0,0
1380,3,2.907315,2.040622,14.141147,1.541829,1.373149,19.963440,2.939155,1.630720,6.001499,1.168077,0.946035,1.353699,52,17617,0,0
1381,3,2.911384,2.035692,11.776333,1.543281,3.732564,19.963562,2.217814,1.424893,5.114312,1.007199,0.711978,1.120816,40,14073,0,0
1382,3,2.937202,2.031040,14.095140,1.543735,1.387160,19.963236,2.754330,1.577176,6.112966,1.138750,0.985240,1.267198,52,17617,0,0
1383,3,2.902866,2.067457,11.809055,1.560276,3.683641,19.955838,2.389265,1.347473,5.030914,0.893511,0.713152,1.147176,40,14073,0,0
1384,3,2.880269,2.049120,14.068292,1.534559,1.475620,19.958740,2.943729,1.669054,5.902696,1.175805,0.947961,1.230452,52,17617,0,0
1385,3,2.886468,2.025221,11.703986,1.533576,3.814006,19.938036,2.242978,1.446862,4.966827,0.931017,0.757911,1.048648,40,14073,0,0
1386,3,2.862576,2.031216,14.086758,1.538500,1.475911,19.963745,2.753682,1.680990,6.030070,1.129408,1.046427,1.376838,52,17617,0,0
1387,3,2.866462,2.035285,11.812507,1.547499,3.737217,19.963684,2.485816,1.303663,5.013580,0.977902,0.673926,1.097697,40,14073,0,0
1388,3,2.877435,2.043647,14.089281,1.538581,1.457682,19.962979,2.690280,1.733439,6.055678,1.213535,0.948564,1.326413,52,17617,0,0
1389,3,2.895718,2.035516,11.881212,1.537645,3.649089,19.963664,2.240428,1.452250,5.017348,0.899261,0.671207,1.162920,40,14073,0,0
1390,3,2.933336,1.986247,14.030707,1.547106,1.452148,19.963298,2.868293,1.616621,5.892826,1.134637,0.950840,1.337952,52,17617,0,0
1391,3,2.916226,2.012431,11.789910,1.542853,3.714349,19.963338,2.286367,1.461070,5.100155,1.089769,0.765174,1.055352,40,14073,0,0
1392,3,2.927070,2.061496,14.053128,1.572001,1.410814,19.963013,2.777551,1.549903,5.985524,1.136163,1.010281,1.280941,52,17617,0,0
1393,3,2.906175,1.992215,11.738675,1.541063,3.777201,19.963114,2.257640,1.416612,5.043810,1.017988,0.784512,1.064311,40,14073,0,0
1394,3,2.924879,2.037916,13.961880,1.539381,1.537632,19.963772,2.781243,1.567145,5.975908,1.170013,0.908647,1.283888,52,17617,0,0
1395,3,2.934923,2.043260,11.629239,1.534960,3.863749,19.962870,2.203434,1.417643,4.993910,0.858073,0.746460,1.110111,40,14073,0,0
1396,3,2.928107,2.021925,14.043891,1.536282,1.455261,19.963542,2.907152,1.555901,5.994127,1.250170,0.917660,1.237742,52,17617,0,0
1397,3,2.874234,2.043674,11.742913,2.419274,2.921980,19.958401,2.321174,1.362688,5.055054,0.935137,0.732296,1.094625,40,14073,0,0
1398,3,2.871318,2.024563,14.060662,1.561103,1.469299,19.962382,2.781881,1.620365,5.999698,1.179043,0.983802,1.232307,52,17617,0,0
1399,3,2.898383,2.067152,11.749824,1.541477,3.748142,19.937826,2.313863,1.372555,4.955675,0.904334,0.677304,1.118951,40,14073,0,0
1400,3,2.920790,2.061476,14.108405,1.537211,1.396552,19.962958,2.775106,1.589447,6.171004,1.135417,1.021122,1.402354,52,17617,0,0
1401,3,2.875271,2.017429,11.672268,1.537686,3.878276,19.963501,2.340586,1.394202,4.969133,0.894684,0.715376,1.083072,40,14073,0,0
1402,3,2.905782,2.031887,14.033644,1.541450,1.482666,19.963542,2.700287,1.663191,6.123325,1.092933,0.958920,1.338023,52,17617,0,0
1403,3,2.872321,2.039659,11.806220,1.540249,3.744649,19.963440,2.279449,1.385834,5.113651,0.997623,0.741825,1.099124,40,14073,0,0
1404,3,2.873956,2.041375,14.125251,1.542291,1.422418,19.963915,2.795831,1.651313,6.065301,1.055020,0.917074,1.358344,52,17617,0,0
1405,3,2.849013,2.014581,11.829454,1.531609,3.752618,19.962694,2.252055,1.456618,5.080712,0.894474,0.740106,1.171241,40,14073,0,0
1406,3,2.943264,1.992201,14.011217,1.535692,1.473511,19.963684,2.744558,1.747786,5.915999,1.104055,0.907925,1.346544,52,17617,0,0
1407,3,2.969510,2.078437,11.747972,3.082954,2.162903,19.963338,2.236952,1.381656,5.047353,0.935459,0.741380,1.142181,40,14073,0,0
1408,3,2.961066,2.056390,14.054620,1.538378,1.409587,19.963650,2.824446,1.584184,6.009840,1.234890,0.951925,1.333045,52,17617,0,0
1409,3,2.917521,2.049737,11.757684,1.531772,3.756646,19.963623,2.354960,1.451959,5.011119,0.934441,0.779300,1.121908,40,14073,0,0
1410,3,2.865167,2.027398,14.084805,1.540127,1.442668,19.932766,2.868588,1.543145,6.018555,1.216187,0.951155,1.260725,52,17617,0,0
1411,3,2.860067,2.027859,11.783827,1.531013,3.753886,19.928792,2.374674,1.394704,5.049683,0.942993,0.677355,1.147847,40,14073,0,0
1412,3,2.897590,2.035448,14.113878,1.534776,1.412313,19.958557,2.872660,1.650957,5.985192,1.127757,0.982537,1.281260,52,17617,0,0
1413,3,2.873806,2.012241,11.733548,1.540181,3.815721,19.963257,2.236131,1.414642,4.960890,0.933187,0.748067,1.047658,40,14073,0,0
1414,3,2.919922,2.025926,14.047255,1.541551,1.454671,19.963399,2.712728,1.624627,6.099080,1.096524,1.048472,1.348487,52,17617,0,0
1415,3,2.893772,2.059930,11.841010,1.540460,3.687920,19.963162,2.262000,1.474823,5.109317,1.007853,0.709039,1.132579,40,14073,0,0
1416,3,2.938137,2.060906,14.120063,1.562283,1.342814,19.963298,2.803385,1.679281,5.921638,1.134922,0.915846,1.387122,52,17617,0,0
1417,3,2.903931,1.999166,11.791131,1.535699,3.733046,19.963806,2.230394,1.378991,5.088165,0.972161,0.707130,1.206573,40,14073,0,0
1418,3,2.906894,2.017565,14.007724,1.542277,1.506673,19.963569,2.778293,1.621599,5.975803,1.215498,0.951758,1.261736,52,17617,0,0
1419,3,2.947964,2.052985,11.751268,1.540724,3.723565,19.963521,2.256972,1.381755,4.998661,0.892839,0.740360,1.123749,40,14073,0,0
1420,3,2.897739,2.028822,14.063551,1.545308,1.456482,19.963081,2.801375,1.683706,5.993259,1.130273,1.020152,1.351871,52,17617,0,0
1421,3,2.923306,2.056485,11.756015,1.533000,3.751363,19.963684,2.337799,1.367794,5.010034,0.936618,0.703820,1.139832,40,14073,0,0
1422,3,2.865573,2.017571,14.116604,1.535000,1.428406,19.945584,2.850922,1.540466,6.046689,1.179986,1.057627,1.291182,52,17617,0,0
1423,3,2.899061,2.065118,11.796312,1.597826,3.651225,19.944424,2.293132,1.366119,5.041711,0.900669,0.713369,1.163486,40,14073,0,0
1424,3,2.911079,2.051283,14.093940,1.532701,1.420492,19.958211,2.764370,1.616387,6.046129,1.095713,1.022251,1.355245,52,17617,0,0
1425,3,2.872443,2.042040,11.749173,1.538723,3.783915,19.944255,2.234877,1.304376,5.058824,0.949924,0.709727,1.147112,40,14073,0,0
1426,3,2.859768,2.027662,14.151944,1.535665,1.416043,19.963420,2.793599,1.602261,6.083377,1.133477,1.101559,1.369751,52,17617,0,0
1427,3,2.878852,2.047533,11.692206,1.536224,3.856930,19.964213,2.304257,1.472989,4.986009,0.938572,0.768667,1.094906,40,14073,0,0
1428,3,2.916517,2.055983,14.100674,1.541924,1.403822,19.962938,2.791545,1.629584,6.126407,1.195157,0.979546,1.351908,52,17617,0,0
1429,3,2.896186,2.033413,11.734633,1.534668,3.798136,19.963623,2.310716,1.366401,4.926527,0.941145,0.712826,1.051856,40,14073,0,0
1430,3,2.952867,2.031365,14.053311,1.541253,1.416151,19.963582,2.793393,1.686934,5.925096,1.136183,0.987213,1.256666,52,17617,0,0
1431,3,2.928040,2.054599,11.782973,1.537035,3.714559,19.962606,2.203871,1.433587,5.114851,0.935164,0.790538,1.154965,40,14073,0,0
1432,3,2.926073,2.021891,14.074551,1.559191,1.403748,19.963562,2.689880,1.650401,5.957004,1.095049,0.940301,1.411835,52,17617,0,0
1433,3,2.903571,1.992974,11.730598,1.530389,3.798577,19.963135,2.207350,1.522342,5.015462,0.896040,0.750922,1.137085,40,14073,0,0
1434,3,2.911892,2.030524,13.969387,1.534376,1.548069,19.963725,2.788452,1.606422,5.976325,1.146528,1.013133,1.269097,52,17617,0,0
1435,3,2.939121,2.046238,11.618802,1.537991,3.867472,19.963386,2.241041,1.418633,4.994887,0.890503,0.709629,1.079027,40,14073,0,0
1436,3,2.891717,2.020460,14.037279,1.536485,1.456909,19.922390,2.864295,1.558248,5.988939,1.218519,0.882219,1.227871,52,17617,0,0
1437,3,2.880995,2.046766,11.828172,1.564006,3.679532,19.952705,2.266513,1.337769,5.184201,0.934245,0.804491,1.145060,40,14073,0,0
1438,3,2.869269,2.019565,14.124864,1.532301,1.421197,19.947632,2.877394,1.648017,6.001733,1.220435,0.876645,1.266256,52,17617,0,0
1439,3,2.903368,2.070279,11.705105,1.548374,3.802361,19.959208,2.259423,1.378781,4.996324,0.905209,0.700738,1.100800,40,14073,0,0
