frame,phase,update_ms,vehicles_included_ms,submit_ms,finish_ms,present_ms,total_ms,bounds_included_ms,prepare_included_ms,dispatch_included_ms,packet_included_ms,dma_included_ms,vif_wait_included_ms,flushes,triangles,uploads,reuploads
120,0,2.822852,2.021301,28.041853,1.014299,8.085676,39.964681,2.559421,3.153381,16.060388,2.022725,2.320797,5.954810,132,45633,0,0
121,0,2.811642,1.980408,23.764652,1.016212,12.371891,39.964396,2.222422,2.491106,13.338915,1.709486,1.777991,5.027930,106,35061,0,0
122,0,2.851539,2.006002,28.050947,1.022295,8.038985,39.963765,2.659414,3.027300,16.109762,1.934092,2.331407,6.026215,132,45633,0,0
123,0,2.830075,2.031413,24.001875,1.017982,12.103845,39.953776,2.279453,2.558628,13.542653,1.640506,2.001967,5.006571,106,35061,0,0
124,0,2.816850,2.015503,28.049991,1.013513,8.063921,39.944275,2.609185,2.906247,16.221076,1.990662,2.278826,6.123545,132,45633,0,0
125,0,2.842099,1.982849,23.792525,1.019263,12.309838,39.963725,2.187978,2.444139,13.426392,1.684458,1.949025,4.903470,106,35061,0,0
126,0,2.847422,1.975464,28.213023,1.014448,7.888953,39.963847,2.686327,2.936978,16.177175,2.052205,2.242286,6.127743,132,45633,0,0
127,0,2.859344,2.006836,23.992686,1.021318,12.090173,39.963521,2.205085,2.744639,13.344520,1.641449,1.991255,4.888513,106,35061,0,0
128,0,2.847836,2.020426,28.139306,1.020023,7.956702,39.963867,2.593350,2.959791,16.319628,2.033922,2.421339,6.119347,132,45633,0,0
129,0,2.808156,2.007955,23.883881,1.017663,12.254086,39.963786,2.253635,2.497470,13.355804,1.557237,2.047723,4.919084,106,35061,0,0
130,0,2.873376,2.014811,28.126550,1.020179,7.943648,39.963752,2.714617,3.065203,16.049428,2.039463,2.313307,5.909142,132,45633,0,0
131,0,2.872386,2.005147,23.916758,1.027367,12.140825,39.957336,2.205319,2.516632,13.325348,1.630897,1.860857,4.935001,106,35061,0,0
132,0,2.827816,2.026794,28.094221,1.013424,8.028588,39.964050,2.610460,2.929121,16.122742,1.903697,2.552599,6.074690,132,45633,0,0
133,0,2.850989,2.023580,24.042525,1.018823,12.051348,39.963684,2.195753,2.474257,13.780514,1.756629,1.970486,5.078044,106,35061,0,0
134,0,2.846975,2.013448,28.255056,1.020186,7.841875,39.964091,2.843231,2.962009,15.983653,2.042704,2.370772,5.979750,132,45633,0,0
135,0,2.827857,1.996765,24.018456,1.016761,12.100895,39.963969,2.190186,2.420478,13.562904,1.682312,1.999729,5.021484,106,35061,0,0
136,0,2.865089,2.035380,28.096378,1.045881,7.956519,39.963867,2.594686,2.994995,16.027998,2.018090,2.316613,5.968282,132,45633,0,0
137,0,2.819495,2.018819,23.864126,1.047496,12.233036,39.964152,2.172801,2.440599,13.608619,1.700531,1.979801,5.236789,106,35061,0,0
138,0,2.842092,2.010864,28.133718,1.017541,7.970334,39.963684,2.653920,2.866431,16.174862,2.019992,2.208849,5.964562,132,45633,0,0
139,0,2.845191,2.012105,23.783735,1.022179,12.281999,39.933105,2.143548,2.606293,13.272976,1.630829,1.892809,4.953718,106,35061,0,0
140,0,2.821774,2.019307,28.072513,1.015398,8.053877,39.963562,2.726935,3.119690,15.803033,1.973409,2.305247,5.988024,132,45633,0,0
141,0,2.822852,2.020691,23.801497,1.020125,12.319577,39.964050,2.082411,2.476512,13.484860,1.706126,1.851973,5.039880,106,35061,0,0
142,0,2.872637,2.010071,28.125329,1.018599,7.947832,39.964396,2.669586,2.912428,16.218814,2.018019,2.365862,5.981333,132,45633,0,0
143,0,2.798560,1.998352,24.008996,1.016015,12.108232,39.931803,2.260630,2.489136,13.577698,1.623376,1.943203,4.969503,106,35061,0,0
144,0,2.822934,2.022257,28.035790,1.044376,8.054135,39.957235,2.420353,2.866496,16.361420,2.123867,2.304976,6.022664,132,45633,0,0
145,0,2.882321,1.980632,23.819197,1.019263,12.243798,39.964579,2.151198,2.550880,13.463121,1.659468,1.843638,4.988261,106,35061,0,0
146,0,2.835019,2.002747,28.199304,1.022546,7.906552,39.963420,2.646664,2.905558,16.288900,1.986582,2.430728,5.940447,132,45633,0,0
147,0,2.816728,2.017192,24.010888,1.045597,12.060625,39.933838,2.187636,2.547302,13.603926,1.671722,1.965790,5.006829,106,35061,0,0
148,0,2.831526,2.002380,28.330387,1.020267,7.782020,39.964199,2.743503,3.060377,16.303847,2.007653,2.362125,6.226264,132,45633,0,0
149,0,2.810320,1.978678,23.907352,1.012210,12.233965,39.963847,2.145284,2.363271,13.733120,1.788076,2.067807,5.099782,106,35061,0,0
150,0,2.843197,2.011902,28.217472,1.042436,7.890974,39.994080,2.660329,3.013984,16.040646,1.820452,2.334886,6.033797,132,45633,0,0
151,0,2.839149,2.017700,23.943871,1.018172,12.132077,39.933268,2.100708,2.637753,13.472354,1.625587,1.848809,5.054081,106,35061,0,0
152,0,2.829932,2.028585,28.070316,1.015316,8.048445,39.964010,2.731211,3.104431,15.843255,1.882504,2.264984,5.942678,132,45633,0,0
153,0,2.796444,1.994202,23.832726,1.014855,12.319597,39.963623,2.248274,2.362745,13.458683,1.671115,1.896230,5.036974,106,35061,0,0
154,0,2.866085,2.012736,28.086578,1.020586,7.990862,39.964111,2.669529,2.830098,16.261522,2.103465,2.427283,6.099358,132,45633,0,0
155,0,2.820431,2.020426,23.997806,1.014014,12.100976,39.933228,2.357551,2.492537,13.436445,1.638560,2.049849,4.970144,106,35061,0,0
156,0,2.813107,2.011576,28.075972,1.013635,8.061357,39.964071,2.620283,2.898187,16.173770,2.085944,2.344825,6.091031,132,45633,0,0
157,0,2.886431,1.990987,23.676436,1.017737,12.376753,39.957357,2.210517,2.497335,13.474701,1.705065,1.782905,5.019124,106,35061,0,0
158,0,2.855567,2.024618,28.108219,1.047550,7.976295,39.987630,2.567678,2.780067,16.316369,1.944563,2.314894,6.136973,132,45633,0,0
159,0,2.828061,2.028768,23.904992,1.018456,12.187985,39.939494,2.109599,2.573744,13.572744,1.665626,1.934001,5.085290,106,35061,0,0
160,0,2.841020,2.006999,28.318919,1.010345,7.794315,39.964600,2.719221,2.824107,16.293338,2.075389,2.414968,6.126360,132,45633,0,0
161,0,2.793311,1.960673,24.020532,1.019982,12.129879,39.963704,2.264309,2.522339,13.617452,1.668983,1.921892,5.037520,106,35061,0,0
162,0,2.848324,2.015788,28.084191,1.032901,8.019162,39.984578,2.710754,2.975301,16.132812,1.905365,2.310140,6.042650,132,45633,0,0
163,0,2.836626,2.010966,23.939273,1.018694,12.148136,39.942729,2.179884,2.565894,13.480340,1.585527,1.954793,5.063280,106,35061,0,0
164,0,2.817176,2.015828,28.098229,1.065657,8.007375,39.988437,2.587704,3.053989,16.097972,1.868998,2.506059,6.128564,132,45633,0,0
165,0,2.848935,1.979106,23.714766,1.016496,12.358585,39.938782,2.141666,2.438263,13.425164,1.727776,1.787923,4.987396,106,35061,0,0
166,0,2.854346,1.991252,28.187341,1.045834,7.902056,39.989577,2.588684,3.059068,16.178497,2.039544,2.418939,6.054559,132,45633,0,0
167,0,2.822954,2.024231,23.965295,1.017093,12.143368,39.948710,2.275113,2.452311,13.564880,1.747453,1.792026,5.085103,106,35061,0,0
168,0,2.817705,2.016134,28.036563,1.014977,8.083635,39.952881,2.637767,2.913822,16.103017,2.065762,2.364963,6.062008,132,45633,0,0
169,0,2.885020,1.989373,23.957957,1.026798,12.094072,39.963847,2.089644,2.709347,13.517978,1.724796,1.893778,5.038801,106,35061,0,0
170,0,2.858985,2.026571,28.249352,1.036170,7.834212,39.978719,2.766134,3.013238,16.108127,1.979682,2.403425,6.110474,132,45633,0,0
171,0,2.818858,1.994019,23.940053,1.021284,12.162411,39.942607,2.208584,2.522308,13.458537,1.609470,1.884406,5.061957,106,35061,0,0
172,0,2.821164,2.019348,28.091536,1.047041,8.007565,39.967306,2.649373,3.000166,16.108517,2.015944,2.423075,6.008457,132,45633,0,0
173,0,2.820390,2.019775,23.783878,1.014815,12.341529,39.960612,2.212077,2.468614,13.462524,1.671851,1.851257,5.057071,106,35061,0,0
174,0,2.862105,2.009888,28.090498,1.023258,7.987749,39.963609,2.692386,2.903117,16.092285,1.846344,2.245507,6.057427,132,45633,0,0
175,0,2.827694,2.028402,24.001692,1.014340,12.089054,39.932780,2.362410,2.528937,13.449114,1.709812,1.930328,4.992130,106,35061,0,0
176,0,2.799191,1.997498,28.051497,1.015947,8.097477,39.964111,2.578966,3.162048,16.045841,2.090800,2.287316,6.128411,132,45633,0,0
177,0,2.838762,1.980347,23.769738,1.017785,12.336850,39.963135,2.306471,2.411808,13.419847,1.719530,1.823076,4.903317,106,35061,0,0
178,0,2.854285,2.023987,28.174137,1.018436,7.917172,39.964030,2.649336,2.971307,16.082465,2.088074,2.206319,6.127146,132,45633,0,0
179,0,2.807166,2.008036,23.969364,1.018314,12.118649,39.913493,2.244120,2.594710,13.352793,1.556003,1.994442,4.953081,106,35061,0,0
180,0,2.847348,2.016968,28.063785,1.020118,8.032759,39.964010,2.573391,2.958483,16.200009,2.050059,2.365953,6.096547,132,45633,0,0
181,0,2.813860,2.012980,23.871341,1.047509,12.231177,39.963888,2.237573,2.549550,13.372002,1.590515,1.865929,5.054016,106,35061,0,0
182,0,2.845557,2.012817,28.087996,1.021020,7.979163,39.933736,2.811812,3.011166,16.006154,1.981764,2.388902,5.969106,132,45633,0,0
183,0,2.865475,2.006632,23.828718,1.035261,12.227922,39.957377,2.197171,2.560723,13.189189,1.745131,1.903124,4.808580,106,35061,0,0
184,0,2.804732,2.003520,28.146637,1.014075,7.998756,39.964199,2.738190,2.902052,16.153225,1.943780,2.514709,6.005096,132,45633,0,0
185,0,2.846080,2.011230,23.783742,1.023800,12.310103,39.963725,2.175344,2.449205,13.521335,1.796519,1.984243,4.942641,106,35061,0,0
186,0,2.848907,2.018324,28.206553,1.018192,7.890540,39.964193,2.568743,2.937103,16.129171,2.096453,2.205641,6.103261,132,45633,0,0
187,0,2.855587,2.007751,23.995222,1.015852,12.097104,39.963765,2.404490,2.498579,13.445777,1.752353,1.858310,4.907383,106,35061,0,0
188,0,2.851559,2.024150,28.095239,1.019304,7.997989,39.964091,2.516819,3.074873,16.203515,2.022003,2.393775,6.095690,132,45633,0,0
189,0,2.818620,2.016378,23.876407,1.044234,12.224382,39.963643,2.187368,2.557671,13.392019,1.796984,1.893514,5.055542,106,35061,0,0
190,0,2.875871,2.017883,28.102298,1.018775,7.966841,39.963786,2.722232,2.936198,16.200609,1.924669,2.403066,6.077986,132,45633,0,0
191,0,2.866920,1.997430,23.919946,1.020471,12.156267,39.963603,2.153720,2.558377,13.156854,1.596714,1.867632,4.946099,106,35061,0,0
192,0,2.821286,2.019348,28.077274,1.018049,8.047746,39.964355,2.636461,2.931207,16.307902,1.848670,2.459934,6.196811,132,45633,0,0
193,0,2.843150,2.007812,23.796356,1.017175,12.307064,39.963745,2.249356,2.449914,13.342058,1.762288,1.818281,4.920702,106,35061,0,0
194,0,2.844377,2.012634,28.213301,1.019779,7.886329,39.963786,2.585208,2.912781,16.213094,1.980842,2.369344,6.054830,132,45633,0,0
195,0,2.854265,2.007487,23.939416,1.018205,12.152184,39.964071,2.374800,2.498454,13.313334,1.701748,1.866421,4.941783,106,35061,0,0
196,0,2.823666,2.020467,28.102156,1.034685,8.019555,39.980062,2.652330,3.098216,16.018958,1.937297,2.370070,6.075094,132,45633,0,0
197,0,2.821855,2.021098,23.819855,1.015296,12.283627,39.940633,2.314497,2.409414,13.374186,1.700575,1.863814,5.033630,106,35061,0,0
198,0,2.876380,2.021925,28.107344,1.021339,7.958947,39.964010,2.611542,2.901466,16.206241,1.904707,2.228994,6.131799,132,45633,0,0
199,0,2.862810,2.031881,24.020430,1.018022,12.081913,39.983175,2.220900,2.644779,13.450928,1.697513,1.929372,4.957353,106,35061,0,0
200,0,2.807248,2.005900,28.049767,1.015133,8.072513,39.944661,2.573073,3.081156,16.169990,1.935567,2.332458,6.163418,132,45633,0,0
201,0,2.841488,2.008769,23.791609,1.017378,12.313270,39.963745,2.241784,2.455448,13.422567,1.799266,1.871158,4.902540,106,35061,0,0
202,0,2.846276,2.012512,28.195153,1.018151,7.904761,39.964342,2.551039,2.891646,16.098134,1.975427,2.205980,6.107378,132,45633,0,0
203,0,2.808367,2.009155,23.978112,1.016049,12.108517,39.911045,2.209161,2.524543,13.448588,1.749959,1.894101,4.872640,106,35061,0,0
204,0,2.860572,2.025004,28.079898,1.020938,8.002641,39.964050,2.634671,2.971120,16.186727,1.859534,2.385969,6.098911,132,45633,0,0
205,0,2.805376,2.002970,23.893233,1.045346,12.219872,39.963826,2.232778,2.442390,13.468126,1.790626,1.836249,5.120755,106,35061,0,0
206,0,2.870093,2.013143,28.105920,1.017175,7.970639,39.963826,2.555033,2.837426,16.385929,1.961843,2.409332,6.057760,132,45633,0,0
207,0,2.863556,1.972941,23.913320,1.017256,12.169857,39.963989,2.363617,2.387658,13.223355,1.550052,1.861325,4.977895,106,35061,0,0
208,0,2.815976,2.014242,28.096113,1.017188,8.034671,39.963949,2.896610,2.931949,16.045654,1.947076,2.461989,6.021569,132,45633,0,0
209,0,2.843604,1.984904,23.848718,1.039764,12.226003,39.958089,2.188524,2.510966,13.590671,1.737895,2.083123,5.158542,106,35061,0,0
210,0,2.862505,1.979757,28.263879,1.019101,7.817752,39.963236,2.526947,3.131022,16.083828,2.129500,2.340946,6.028290,132,45633,0,0
211,0,2.857154,2.024007,23.990645,1.015181,12.101030,39.964010,2.119344,2.558706,13.474731,1.802056,1.967753,4.937815,106,35061,0,0
212,0,2.860857,2.029175,28.095788,1.016483,7.991004,39.964132,2.412577,3.009715,16.358270,1.999207,2.306905,6.100467,132,45633,0,0
213,0,2.813799,2.010620,23.854190,1.015038,12.280677,39.963704,2.195536,2.527056,13.439399,1.679057,1.970449,5.002475,106,35061,0,0
214,0,2.853695,1.981730,28.388045,1.019392,7.702532,39.963664,2.807661,3.028809,16.241991,2.101898,2.376773,5.991682,132,45633,0,0
215,0,2.860680,1.999736,23.942061,1.013567,12.148014,39.964322,2.124719,2.705305,13.224464,1.601932,1.897217,4.807102,106,35061,0,0
216,0,2.813616,2.015706,28.131215,1.015255,8.003801,39.963888,2.713582,2.951436,16.062259,1.936391,2.421872,6.035211,132,45633,0,0
217,0,2.821855,2.021098,23.846805,1.043847,12.251441,39.963949,2.122165,2.575043,13.429243,1.700192,1.808699,5.089966,106,35061,0,0
218,0,2.873796,2.011027,28.146061,1.017331,7.926354,39.963542,2.672214,3.001156,16.054379,1.901855,2.530982,6.093577,132,45633,0,0
219,0,2.833716,2.006429,23.978946,1.019148,12.132707,39.964518,2.194004,2.630476,13.375824,1.733090,1.815477,4.968828,106,35061,0,0
220,0,2.828183,2.028219,28.106571,1.011471,8.017765,39.963989,2.773282,2.988149,16.001312,2.062161,2.379489,5.986457,132,45633,0,0
221,0,2.833974,2.020955,23.931366,1.015750,12.183082,39.964172,2.277662,2.375858,13.511868,1.824653,1.866954,5.054864,106,35061,0,0
222,0,2.839169,2.008030,28.229068,1.021162,7.867835,39.957235,2.632148,3.019280,16.116828,2.118686,2.337982,6.038693,132,45633,0,0
223,0,2.808367,2.007874,24.005924,1.015547,12.102495,39.932332,2.019141,2.592685,13.691477,1.779619,1.982995,5.030948,106,35061,0,0
224,0,2.834876,2.008219,28.290856,1.017297,7.820533,39.963562,2.676242,3.008704,16.346829,2.217946,2.311985,6.051476,132,45633,0,0
225,0,2.818641,2.017131,23.992110,1.019914,12.133467,39.964132,2.182868,2.462402,13.731822,1.765066,1.860145,5.150801,106,35061,0,0
226,0,2.840247,2.008728,28.127330,1.020579,7.992883,39.981038,2.655908,2.957713,16.071225,1.907552,2.464830,5.971588,132,45633,0,0
227,0,2.841122,2.017334,23.910553,1.015120,12.179074,39.945869,2.103743,2.640337,13.459819,1.547316,1.848816,5.088003,106,35061,0,0
228,0,2.810482,2.008606,28.233429,1.013140,7.907291,39.964342,2.563680,3.086083,16.240041,2.052673,2.402785,6.075436,132,45633,0,0
229,0,2.787391,1.956258,24.046492,1.049435,12.112057,39.995375,2.053389,2.624474,13.590064,1.762051,1.925744,4.960615,106,35061,0,0
230,0,2.840288,2.016012,28.145776,1.009538,7.935916,39.931519,2.656141,2.953891,16.230879,2.142802,2.239200,6.089186,132,45633,0,0
231,0,2.820187,2.023376,23.945031,1.014387,12.184425,39.964030,2.201457,2.632938,13.391863,1.685079,2.002282,4.997888,106,35061,0,0
232,0,2.797516,1.996847,28.331336,1.014170,7.821435,39.964457,2.686930,2.858636,16.508738,2.060106,2.551598,6.064694,132,45633,0,0
233,0,2.886085,1.989929,23.955753,1.021834,12.100277,39.963949,2.171909,2.541172,13.580180,1.654494,1.898855,5.015798,106,35061,0,0
234,0,2.857337,2.025201,28.079702,1.014801,8.029565,39.981405,2.448659,2.970327,16.135267,2.023034,2.243605,6.069390,132,45633,0,0
235,0,2.821143,2.022217,23.934391,1.014340,12.169763,39.939636,2.157603,2.440494,13.718533,1.540944,1.940915,5.131368,106,35061,0,0
236,0,2.841115,2.008138,28.083371,1.048275,7.991431,39.964193,2.659580,2.990204,16.223006,1.973850,2.429542,5.965573,132,45633,0,0
237,0,2.803911,2.003052,24.028344,1.018924,12.117672,39.968852,2.265096,2.422516,13.711043,1.772210,1.961924,5.132409,106,35061,0,0
238,0,2.855343,2.025716,28.082828,1.018999,8.001794,39.958964,2.786669,2.923448,16.062649,1.910339,2.325416,5.911289,132,45633,0,0
239,0,2.826942,1.999980,23.979624,1.019589,12.107317,39.933472,2.112976,2.625532,13.503343,1.550435,1.924506,5.120538,106,35061,0,0
240,0,2.823361,2.021179,28.115563,1.078956,7.975488,39.993368,2.557905,2.953966,16.193471,1.981510,2.462067,6.021973,132,45633,0,0
241,0,2.819800,2.019531,23.802005,1.016910,12.295407,39.934123,2.237912,2.365458,13.568939,1.792141,1.898360,5.063605,106,35061,0,0
242,0,2.861121,2.018799,28.124434,1.021223,7.957211,39.963989,2.607690,2.953261,16.253818,1.925998,2.423147,6.095601,132,45633,0,0
243,0,2.855628,2.025736,24.044803,1.017256,12.046404,39.964091,2.233178,2.528751,13.464186,1.710578,1.932404,5.006009,106,35061,0,0
244,0,2.824331,2.022251,28.061513,1.014611,8.034359,39.934814,2.497128,2.934706,16.270769,1.978658,2.384108,6.154388,132,45633,0,0
245,0,2.850677,2.015828,23.798574,1.018897,12.295739,39.963888,2.179755,2.552612,13.496341,1.802348,1.945879,4.997389,106,35061,0,0
246,0,2.849606,2.015483,28.218998,1.020898,7.874427,39.963928,2.685723,2.859172,16.217834,2.121806,2.291538,6.056871,132,45633,0,0
247,0,2.856462,2.005452,24.008874,1.016707,12.082618,39.964661,2.396573,2.650726,13.342468,1.746996,1.813341,4.998169,106,35061,0,0
248,0,2.852027,2.023031,28.104129,1.020138,7.980960,39.957255,2.511536,3.061520,16.306315,1.986599,2.343431,6.165334,132,45633,0,0
249,0,2.818695,2.016337,23.875376,1.049584,12.220211,39.963867,2.309167,2.494568,13.389957,1.634193,1.928582,4.998084,106,35061,0,0
250,0,2.873857,2.017863,28.110884,1.020932,7.958499,39.964172,2.531667,3.007989,16.158844,1.858860,2.379306,6.093909,132,45633,0,0
251,0,2.858008,2.026184,24.035363,1.022159,12.048092,39.963623,2.218363,2.462168,13.515418,1.745612,2.070584,4.977956,106,35061,0,0
252,0,2.858070,2.027954,28.080529,1.014835,8.011288,39.964722,2.489254,3.094801,16.188768,1.924398,2.441505,5.978119,132,45633,0,0
253,0,2.855058,2.020894,23.783308,1.047590,12.278012,39.963969,2.320543,2.516805,13.162330,1.635973,1.841326,4.867784,106,35061,0,0
254,0,2.851546,2.017680,28.211185,1.017561,7.883196,39.963487,2.626984,2.898115,16.122582,1.978906,2.253513,5.981235,132,45633,0,0
255,0,2.854529,2.000753,24.020308,1.018612,12.070580,39.964030,2.102129,2.768626,13.463179,1.870602,1.963362,4.900309,106,35061,0,0
256,0,2.852427,2.018778,28.167084,1.016381,7.927955,39.963847,2.568617,3.137695,15.982117,1.977312,2.431054,6.075161,132,45633,0,0
257,0,2.857174,2.026896,23.879927,1.015303,12.211748,39.964152,2.198412,2.462429,13.601861,1.533451,2.042009,5.095974,106,35061,0,0
258,0,2.850460,1.943746,28.187910,1.020932,7.904626,39.963928,2.599942,3.047078,16.307139,2.020854,2.428389,6.077810,132,45633,0,0
259,0,2.849057,2.015076,24.047082,1.014014,12.071252,39.981405,2.149078,2.570123,13.563897,1.789561,1.920454,5.019965,106,35061,0,0
260,0,2.845164,2.018148,28.110260,1.018694,7.971988,39.946106,2.562944,3.086972,16.165449,2.063544,2.570153,5.873806,132,45633,0,0
261,0,2.848161,2.013855,23.855289,1.028588,12.225705,39.957743,2.229513,2.547272,13.419247,1.642483,1.899289,5.010990,106,35061,0,0
262,0,2.809811,1.976522,28.355859,1.018802,7.778968,39.963440,2.582286,2.903883,16.107279,2.207425,2.372196,6.063816,132,45633,0,0
263,0,2.878659,1.977763,23.988366,1.016564,12.080746,39.964335,2.188744,2.547214,13.487200,1.623349,1.818298,5.169722,106,35061,0,0
264,0,2.862688,1.972778,28.145715,1.018409,7.957218,39.984029,2.615516,2.970055,16.062904,2.091132,2.346873,5.996328,132,45633,0,0
265,0,2.794776,1.996908,23.964562,1.016029,12.167464,39.942830,2.286472,2.567359,13.361786,1.680861,1.910970,4.941959,106,35061,0,0
266,0,2.838823,1.980448,28.250777,1.015934,7.858619,39.964152,2.591285,2.870483,16.470737,2.054626,2.463894,6.073395,132,45633,0,0
267,0,2.813880,1.981364,23.916609,1.017805,12.215573,39.963867,2.040724,2.482588,13.638241,1.625810,1.976654,5.051493,106,35061,0,0
268,0,2.825395,1.992350,28.188297,1.017459,7.951535,39.982686,2.574351,2.954939,16.025747,2.024102,2.419298,5.976919,132,45633,0,0
269,0,2.850338,2.022319,23.893497,1.045556,12.155412,39.944804,2.227715,2.535085,13.418376,1.674886,1.860318,5.002204,106,35061,0,0
270,0,2.832109,2.031006,28.036462,1.047014,8.048628,39.964213,2.656677,3.116862,15.988915,1.980499,2.388133,5.960541,132,45633,0,0
271,0,2.860653,1.968648,24.019189,1.016279,12.068173,39.964294,2.290948,2.612695,13.421234,1.713491,1.825294,4.951531,106,35061,0,0
272,0,2.818763,2.018982,28.116865,1.026594,7.976844,39.939067,2.746318,2.906911,16.034760,1.935469,2.391198,6.090691,132,45633,0,0
273,0,2.831865,2.032674,23.941328,1.016985,12.167158,39.957336,2.065531,2.572011,13.595523,1.782759,1.915582,4.994771,106,35061,0,0
274,0,2.816525,1.959208,28.338667,1.020247,7.782305,39.957743,2.554016,3.041172,16.347280,2.161906,2.295573,6.182739,132,45633,0,0
275,0,2.811337,1.979879,23.982140,1.010047,12.160261,39.963786,2.332035,2.454814,13.645816,1.805681,1.896556,5.043165,106,35061,0,0
276,0,2.841468,2.009583,28.140791,1.017948,7.964047,39.964254,2.495873,3.063466,16.087796,2.070757,2.317925,5.979743,132,45633,0,0
277,0,2.841855,2.016134,23.971012,1.025170,12.094499,39.932536,2.148102,2.554515,13.564168,1.562110,1.969699,5.057865,106,35061,0,0
278,0,2.823585,2.021281,28.131371,1.017270,7.991967,39.964193,2.768972,3.043572,16.096697,1.970659,2.316084,6.018192,132,45633,0,0
279,0,2.822893,2.020874,23.847619,1.012760,12.280657,39.963928,2.157566,2.404778,13.495127,1.678243,1.890767,5.010715,106,35061,0,0
280,0,2.893246,2.034220,28.229292,1.014808,7.826541,39.963888,2.760986,3.083160,15.989244,1.900628,2.388319,6.026204,132,45633,0,0
281,0,2.833147,1.998169,24.098155,1.048364,12.013574,39.993239,2.294132,2.456428,13.476122,1.685279,1.854675,5.058258,106,35061,0,0
282,0,2.818804,2.020732,28.205814,1.016856,7.892283,39.933757,2.700965,2.944092,16.187568,2.015937,2.395070,6.039178,132,45633,0,0
283,0,2.821082,1.993774,23.931583,1.020199,12.190738,39.963603,2.269185,2.566182,13.413754,1.568244,1.848063,5.049059,106,35061,0,0
284,0,2.820404,2.018656,28.045054,1.015303,8.083025,39.963786,2.580143,3.132867,15.977007,1.995629,2.272468,5.968692,132,45633,0,0
285,0,2.820472,2.018331,23.788740,1.017432,12.337731,39.964376,2.208940,2.464674,13.356313,1.793511,1.789612,5.015991,106,35061,0,0
286,0,2.857900,2.008606,28.100820,1.021447,7.983639,39.963806,2.740980,2.941291,16.167952,1.907355,2.426419,6.052372,132,45633,0,0
287,0,2.831967,2.031982,24.016666,1.044579,12.061947,39.955160,2.364902,2.525679,13.396410,1.674920,1.860914,4.999763,106,35061,0,0
288,0,2.817237,2.015991,28.075565,1.016049,8.024804,39.933655,2.567691,2.865848,16.386590,1.856066,2.423187,6.131134,132,45633,0,0
289,0,2.853939,2.019226,23.838260,1.016381,12.255246,39.963826,2.213789,2.459527,13.464027,1.803894,1.970547,5.010410,106,35061,0,0
290,0,2.811581,1.978007,28.334117,1.020294,7.797794,39.963786,2.650536,2.909892,16.239882,1.921699,2.398868,6.214410,132,45633,0,0
291,0,2.876828,2.014832,23.941694,1.021834,12.123633,39.963989,2.156704,2.451487,13.639292,1.544874,2.020253,5.130222,106,35061,0,0
292,0,2.844825,2.017192,28.142541,1.042260,7.928504,39.958130,2.747104,3.049767,15.978271,1.928718,2.321055,5.976898,132,45633,0,0
293,0,2.817217,2.018209,23.989872,1.017290,12.113325,39.937703,2.326440,2.529690,13.315284,1.552243,1.924496,5.095737,106,35061,0,0
294,0,2.860775,2.033671,28.062971,1.015377,8.025130,39.964254,2.591536,2.852827,16.201152,2.057265,2.284861,5.891198,132,45633,0,0
295,0,2.801992,2.000529,23.840668,1.014794,12.306108,39.963562,2.314646,2.533200,13.370232,1.677731,1.904626,4.999664,106,35061,0,0
296,0,2.852190,2.017334,28.339929,1.014733,7.757565,39.964417,2.745785,2.977217,16.089389,1.907288,2.568804,6.030067,132,45633,0,0
297,0,2.862200,2.004110,23.978722,1.042545,12.103146,39.986613,2.232595,2.657515,13.298001,1.633714,1.864502,4.965817,106,35061,0,0
298,0,2.823869,2.024984,28.221405,1.014008,7.883040,39.942322,2.759684,2.862515,16.225023,2.061086,2.365689,5.993493,132,45633,0,0
299,0,2.840797,2.014140,23.946008,1.015791,12.159705,39.962301,2.150299,2.517836,13.585663,1.701267,1.901015,4.909356,106,35061,0,0
300,0,2.852251,2.012146,28.022912,1.015927,8.066328,39.957418,2.667440,2.975430,16.134996,2.037801,2.356598,6.020467,132,45633,0,0
301,0,2.820228,2.017517,23.861250,1.048018,12.234717,39.964213,2.236491,2.635115,13.253459,1.629679,1.931291,5.091051,106,35061,0,0
302,0,2.878469,2.013916,28.107859,1.018416,7.959144,39.963888,2.718892,2.976874,16.136675,2.055044,2.396145,6.012173,132,45633,0,0
303,0,2.869293,2.009786,23.929189,1.022234,12.143273,39.963989,2.222436,2.484036,13.336046,1.679159,1.898197,4.898665,106,35061,0,0
304,0,2.793209,1.994873,28.088484,1.013757,8.068620,39.964071,2.579790,2.988780,16.151533,2.105482,2.544322,5.893707,132,45633,0,0
305,0,2.865028,2.033427,23.778995,1.039710,12.280460,39.964193,2.314840,2.483514,13.252079,1.673279,1.996592,4.940219,106,35061,0,0
306,0,2.848263,2.014201,28.235680,1.022546,7.857032,39.963521,2.554392,2.942437,16.254588,1.946038,2.408898,5.978224,132,45633,0,0
307,0,2.858334,2.002869,24.033125,1.016218,12.058041,39.965719,2.145769,2.720483,13.393670,1.557214,2.004791,4.967322,106,35061,0,0
308,0,2.856422,2.020487,28.128808,1.015967,7.961470,39.962667,2.521027,2.984189,16.347260,2.013055,2.433478,6.100647,132,45633,0,0
309,0,2.823686,2.021118,23.893375,1.011254,12.235775,39.964091,2.194373,2.475966,13.536218,1.607710,1.981228,4.948042,106,35061,0,0
310,0,2.855994,1.971517,28.185611,1.021644,7.900170,39.963420,2.564989,2.991838,16.308397,2.255134,2.278581,6.144355,132,45633,0,0
311,0,2.846941,2.015727,24.027754,1.044661,12.059221,39.978577,2.190803,2.424889,13.570991,1.771393,1.906192,4.946723,106,35061,0,0
312,0,2.831255,2.033522,28.097599,1.018185,8.002648,39.949687,2.735694,2.916039,16.097012,2.019304,2.272064,6.050028,132,45633,0,0
313,0,2.825477,2.016113,23.861555,1.022030,12.248925,39.957987,2.153263,2.530602,13.524553,1.511685,2.046176,4.995385,106,35061,0,0
314,0,2.847063,1.976746,28.207258,1.047102,7.862301,39.963725,2.540466,3.062205,16.181434,2.043711,2.422180,6.066786,132,45633,0,0
315,0,2.850623,1.971415,23.919050,1.043352,12.177243,39.990268,2.148109,2.400326,13.583442,1.698886,1.840569,5.110979,106,35061,0,0
316,0,2.823442,2.013590,28.020023,1.016761,8.085900,39.946126,2.493856,2.909231,16.145423,1.980825,2.438063,5.979797,132,45633,0,0
317,0,2.817908,2.020040,23.979129,1.016849,12.141537,39.955424,2.287072,2.597809,13.373867,1.555040,1.901469,5.077664,106,35061,0,0
318,0,2.804888,2.002279,28.085921,1.018165,8.054793,39.963765,2.676541,2.943329,16.187914,1.963152,2.281420,5.992110,132,45633,0,0
319,0,2.840613,2.007121,23.807356,1.047407,12.268490,39.963867,2.127686,2.513336,13.584774,1.788588,1.892710,5.001628,106,35061,0,0
320,0,2.852515,2.018046,28.206994,1.017880,7.906762,39.984151,2.471473,3.023804,16.084700,2.015103,2.269016,6.048462,132,45633,0,0
321,0,2.848161,2.015401,23.859867,1.020145,12.215146,39.943319,2.124891,2.685445,13.350508,1.731533,1.891547,4.978305,106,35061,0,0
322,0,2.848507,2.020325,28.100488,1.017256,7.997759,39.964010,2.756066,3.052300,16.086032,1.927297,2.324331,6.152313,132,45633,0,0
323,0,2.816640,2.013733,24.123647,1.017025,12.006453,39.963765,2.217407,2.563246,13.720032,1.736094,2.069231,5.138594,106,35061,0,0
324,0,2.853878,1.976481,28.381209,1.014713,7.684079,39.933879,2.804532,2.858951,16.331214,2.017442,2.447679,6.074677,132,45633,0,0
325,0,2.852963,1.993286,23.911469,1.019921,12.181163,39.965515,2.322598,2.467499,13.415609,1.601251,1.971107,4.859165,106,35061,0,0
326,0,2.812436,2.014709,28.131453,1.016910,7.994910,39.955709,2.676673,3.068620,16.082733,1.924232,2.351118,5.974592,132,45633,0,0
327,0,2.863400,2.030843,23.897241,1.017053,12.186439,39.964132,2.250285,2.483073,13.439494,1.551344,1.863675,5.117940,106,35061,0,0
328,0,2.833099,1.948771,28.236053,1.021054,7.874190,39.964396,2.634233,3.052358,16.280765,1.994893,2.315555,6.138499,132,45633,0,0
329,0,2.846927,1.976583,24.095462,1.047014,12.004696,39.994100,2.179067,2.694953,13.512672,1.695903,1.910770,5.071872,106,35061,0,0
330,0,2.843502,2.016235,28.134423,1.020735,7.938249,39.936910,2.729007,3.029416,15.998332,1.984531,2.317969,6.011573,132,45633,0,0
331,0,2.819149,2.019877,23.925866,1.021651,12.193397,39.960063,2.287645,2.488631,13.424296,1.621799,1.968275,5.013251,106,35061,0,0
332,0,2.829810,2.028483,28.245690,1.015527,7.872657,39.963684,2.680447,2.927385,16.264815,2.054057,2.378493,6.040646,132,45633,0,0
333,0,2.811032,1.968974,23.948266,1.013648,12.191654,39.964600,2.163686,2.477105,13.517283,1.725779,1.868588,4.894867,106,35061,0,0
334,0,2.840695,2.010071,28.157413,1.039842,7.946303,39.984253,2.824677,2.791796,16.087955,1.966878,2.338050,5.995355,132,45633,0,0
335,0,2.835609,2.036743,23.962263,1.014754,12.129554,39.942179,2.101471,2.568549,13.588155,1.591071,1.970479,5.147169,106,35061,0,0
336,0,2.811581,2.008870,28.316532,1.017582,7.818214,39.963908,2.618276,3.070390,16.352417,1.982001,2.422618,6.098779,132,45633,0,0
337,0,2.812985,1.980815,23.981130,1.018653,12.150977,39.963745,2.149780,2.528392,13.618052,1.782396,1.936557,5.033712,106,35061,0,0
338,0,2.871925,2.007141,28.227624,1.017392,7.846948,39.963888,2.623233,2.986871,16.129435,1.905955,2.409953,6.005463,132,45633,0,0
339,0,2.812686,2.013570,23.966739,1.019657,12.126339,39.925422,2.246036,2.447866,13.461928,1.634599,1.859901,4.989973,106,35061,0,0
340,0,2.831146,2.033712,28.126251,1.018741,7.987729,39.963867,2.769277,2.938531,16.156396,1.903751,2.318037,6.053145,132,45633,0,0
341,0,2.850847,2.030640,23.820153,1.023034,12.269691,39.963725,2.227485,2.545983,13.342163,1.646339,1.993011,4.929053,106,35061,0,0
342,0,2.854218,1.982503,28.185659,1.021813,7.902442,39.964132,2.470005,3.266876,15.968536,1.859192,2.352244,6.057180,132,45633,0,0
343,0,2.866248,2.003784,23.954227,1.020206,12.139910,39.980591,2.128808,2.828156,13.138791,1.675334,1.897624,4.850610,106,35061,0,0
344,0,2.818722,2.018880,28.113346,1.022308,7.993174,39.947550,2.622165,2.938792,16.251729,1.988332,2.488051,5.973941,132,45633,0,0
345,0,2.831946,2.033508,23.939504,1.013140,12.179704,39.964294,2.165232,2.526689,13.492954,1.509925,1.904293,5.105045,106,35061,0,0
346,0,2.822283,1.964254,28.290470,1.018660,7.832475,39.963888,2.690135,2.941606,16.227651,1.890283,2.340407,6.224792,132,45633,0,0
347,0,2.857975,1.981445,24.010969,1.018151,12.076514,39.963609,2.168864,2.664690,13.410082,1.636298,1.822635,5.041307,106,35061,0,0
348,0,2.863644,1.999329,28.055240,1.016334,8.028873,39.964091,2.616489,3.161869,16.004669,1.976383,2.270165,6.037781,132,45633,0,0
349,0,2.816159,2.016581,25.515710,1.021366,10.578996,39.932231,2.226990,2.458493,13.592658,1.714532,1.973724,5.079102,106,35061,0,0
350,0,2.833513,2.031820,28.094140,1.012902,8.023495,39.964050,2.613814,3.100986,15.996443,2.006850,2.354513,5.975420,132,45633,0,0
351,0,2.856422,2.029541,24.030073,1.018090,12.059262,39.963847,2.267361,2.622704,13.494544,1.625939,1.976664,5.066474,106,35061,0,0
352,0,2.850474,2.016012,28.082753,1.037072,7.987139,39.957438,2.743378,3.046349,15.840478,1.939094,2.246104,5.924452,132,45633,0,0
353,0,2.817624,1.985718,24.027591,1.014706,12.104028,39.963949,2.216933,2.524662,13.526978,1.734867,1.951728,4.979262,106,35061,0,0
354,0,2.857134,2.029806,28.121565,1.014815,7.970659,39.964172,2.612420,3.092217,16.060035,2.080543,2.385210,6.005988,132,45633,0,0
355,0,2.824683,2.022542,23.876489,1.015018,12.247148,39.963338,2.229980,2.599860,13.374915,1.599325,2.029636,5.050680,106,35061,0,0
356,0,2.836809,1.966654,28.231591,1.017175,7.878659,39.964233,2.649024,2.988793,16.199161,2.064843,2.231978,5.996707,132,45633,0,0
357,0,2.881263,2.019674,23.879154,1.022708,12.180478,39.963603,2.269555,2.534600,13.313714,1.628828,1.929416,5.074544,106,35061,0,0
358,0,2.816688,2.018616,28.122481,1.013445,8.011051,39.963664,2.729468,2.963399,15.993540,2.162944,2.315145,5.938331,132,45633,0,0
359,0,2.828325,2.032023,23.900964,1.015194,12.219689,39.964172,2.107164,2.623983,13.465817,1.618798,1.978027,5.043365,106,35061,0,0
480,1,2.942352,2.020671,34.965729,1.507423,0.549523,39.965027,3.615255,4.807173,18.271481,2.203091,2.841014,6.554782,160,46367,0,0
481,1,2.937863,2.003723,29.788015,1.552426,5.678769,39.957072,2.873030,4.236125,15.209513,2.078176,2.245860,5.352824,123,35663,0,0
482,1,2.889923,1.962504,35.230947,1.481788,0.360457,39.963114,3.712328,4.920115,18.301982,2.329831,2.719337,6.415951,160,46367,0,0
483,1,2.955983,2.022400,30.325165,1.563378,5.120277,39.964803,3.154673,4.291572,14.774855,1.798116,2.218509,5.348273,123,35663,0,0
484,1,2.924252,2.022542,35.155806,1.497453,0.405399,39.982910,3.620409,4.947795,18.086294,2.221137,2.851919,6.510508,160,46367,0,0
485,1,2.892263,2.036397,30.465973,1.559879,5.026466,39.944580,3.100023,4.289198,15.124881,1.776866,2.184021,5.411112,123,35663,0,0
486,1,2.903195,2.018005,35.319645,1.481028,0.258698,39.962565,3.759145,4.938199,18.133647,2.094109,2.995853,6.540924,160,46367,0,0
487,1,2.927114,2.036438,30.217153,1.560462,5.259525,39.964254,3.303311,4.051358,14.772878,1.785136,2.282403,5.347039,123,35663,0,0
488,1,2.917206,2.012553,35.316681,1.517059,0.211680,39.962626,3.570251,5.022200,18.330746,2.342146,2.904917,6.557139,160,46367,0,0
489,1,2.941159,1.985352,29.790429,1.556841,5.676151,39.964579,2.964406,4.236247,14.965474,1.769538,2.313151,5.440921,123,35663,0,0
490,1,2.916663,1.986796,34.983381,1.478255,0.584774,39.963074,3.591115,5.145837,17.757267,2.171804,2.894650,6.475498,160,46367,0,0
491,1,2.929257,2.041545,29.938663,1.555220,5.541297,39.964437,3.107005,4.174086,14.820886,1.903127,2.276523,5.443041,123,35663,0,0
492,1,2.887299,2.029114,35.333791,1.501482,0.269982,39.992554,3.739180,4.788133,18.243646,2.211751,2.817366,6.613193,160,46367,0,0
493,1,2.910451,2.054464,30.108816,1.576809,5.360304,39.956380,3.134040,4.129218,14.842597,1.729560,2.118591,5.563019,123,35663,0,0
494,1,2.922638,2.036723,35.263987,1.465023,0.282657,39.934306,3.723026,4.986220,18.194099,2.182305,2.761431,6.530769,160,46367,0,0
495,1,2.904083,2.013428,30.195140,1.584964,5.280290,39.964478,3.183414,4.053168,14.837474,1.932051,2.201636,5.404907,123,35663,0,0
496,1,2.904117,2.014954,35.464603,1.481049,0.112417,39.962185,3.730615,4.872586,18.226223,2.308275,2.902676,6.584310,160,46367,0,0
497,1,2.977698,2.060872,30.046655,1.565772,5.374841,39.964966,2.957058,4.350708,14.917301,1.868927,2.219154,5.336249,123,35663,0,0
498,1,2.903697,1.972263,35.049245,1.528324,0.515133,39.996399,3.592373,5.104930,17.894623,2.220228,2.841051,6.531701,160,46367,0,0
499,1,2.930661,2.033773,30.430342,1.553647,5.015995,39.930644,3.220595,4.148112,14.946866,1.722907,2.180271,5.406403,123,35663,0,0
500,1,2.915727,2.022685,35.231211,1.480479,0.351871,39.979289,3.789737,4.940362,18.063860,2.099179,2.818244,6.735365,160,46367,0,0
501,1,2.896311,2.040365,30.045888,1.564151,5.441973,39.948324,3.038184,3.975535,15.010688,1.848687,2.045508,5.513150,123,35663,0,0
502,1,2.922170,2.037557,35.198944,1.504208,0.362328,39.987651,3.790880,5.072181,17.777486,2.127804,2.765330,6.626665,160,46367,0,0
503,1,2.913829,2.030721,30.468048,1.595117,4.995561,39.972555,2.979611,4.375027,15.136481,1.956706,2.267134,5.428579,123,35663,0,0
504,1,2.873023,2.018066,35.379378,1.468821,0.208201,39.929423,3.551775,5.169078,17.952647,2.179793,2.782691,6.477905,160,46367,0,0
505,1,2.953339,2.034017,30.272756,1.557682,5.180722,39.964498,3.364431,4.169776,14.719862,1.743323,2.134115,5.457821,123,35663,0,0
506,1,2.913239,2.023621,35.368154,1.473311,0.208818,39.963521,3.570811,4.947622,18.337338,2.362535,2.766788,6.586511,160,46367,0,0
507,1,2.929847,2.025411,29.906192,1.559892,5.561425,39.957357,2.936947,4.166701,15.243557,1.972399,2.238176,5.535394,123,35663,0,0
508,1,2.947378,1.989990,35.089508,1.477197,0.449297,39.963379,3.845130,4.881243,17.947883,2.260254,2.758877,6.653910,160,46367,0,0
509,1,2.906959,2.052633,30.132999,1.561439,5.362654,39.964050,2.926721,4.124573,15.277011,1.909403,2.129886,5.530084,123,35663,0,0
510,1,2.891490,2.031392,35.269908,1.483415,0.333927,39.978739,3.789998,4.986667,17.972758,2.168674,2.855564,6.563260,160,46367,0,0
511,1,2.906626,2.021240,30.391917,1.557024,5.110375,39.965942,3.014170,4.242194,15.115431,1.837762,2.249603,5.493937,123,35663,0,0
512,1,2.883596,2.028483,35.338633,1.476654,0.247182,39.946065,3.557451,5.137973,18.265266,2.216200,2.912723,6.531070,160,46367,0,0
513,1,2.944651,2.033366,30.214467,1.564355,5.241004,39.964478,3.221846,4.101000,14.758484,1.727553,2.235545,5.389231,123,35663,0,0
514,1,2.942746,2.012410,35.408451,1.484962,0.127262,39.963420,3.632640,5.085697,18.184960,2.138085,2.940542,6.536502,160,46367,0,0
515,1,2.919390,1.983195,29.864749,1.559452,5.620297,39.963888,2.920061,4.274923,15.051297,1.842139,2.127387,5.423770,123,35663,0,0
516,1,2.937246,1.977824,35.016836,1.492191,0.517534,39.963806,3.790239,5.016435,17.888224,2.262882,2.871975,6.628225,160,46367,0,0
517,1,2.906179,2.047913,29.896027,1.560530,5.601966,39.964701,3.154873,4.158346,14.792613,1.859707,2.263234,5.455200,123,35663,0,0
518,1,2.885061,2.025391,35.178294,1.481422,0.437300,39.982076,3.615458,5.126943,18.026506,2.096212,3.004862,6.552907,160,46367,0,0
519,1,2.898936,2.021240,30.117503,1.587338,5.367415,39.971191,3.066508,4.103349,14.992232,1.783827,2.129439,5.445604,123,35663,0,0
520,1,2.888173,2.029378,35.359100,1.474247,0.207760,39.929281,3.788971,5.131402,17.923014,2.146267,2.857442,6.450904,160,46367,0,0
521,1,2.924652,2.034587,30.268951,1.561384,5.178138,39.933126,3.244853,4.159353,15.088440,1.904683,2.183289,5.629357,123,35663,0,0
522,1,2.913022,1.995728,35.400740,1.485307,0.164086,39.963155,3.729085,4.906362,18.321350,2.176056,2.981303,6.545281,160,46367,0,0
523,1,2.921505,2.024780,30.339135,1.559675,5.143897,39.964213,3.082547,4.399638,14.851125,1.712477,2.165165,5.519090,123,35663,0,0
524,1,2.969133,2.035868,35.106957,1.496599,0.411991,39.984680,3.619097,5.073273,17.965000,2.180166,2.697747,6.590410,160,46367,0,0
525,1,2.936005,2.042331,30.158376,1.562361,5.285255,39.941996,3.008725,4.128496,14.893317,1.900723,2.125916,5.280833,123,35663,0,0
526,1,2.848989,1.994751,35.398020,1.490977,0.195119,39.933105,3.731018,5.301537,17.834812,2.179111,2.791460,6.455149,160,46367,0,0
527,1,2.950144,2.028503,30.257416,1.559655,5.197588,39.964803,3.159637,4.188734,14.691749,1.852627,2.202708,5.187832,123,35663,0,0
528,1,2.917857,1.984497,35.120575,1.488020,0.437598,39.964050,3.684425,4.996870,18.045319,2.356625,2.833150,6.544773,160,46367,0,0
529,1,2.907257,2.047729,29.948924,1.565630,5.541812,39.963623,3.215722,4.327803,14.696954,1.702911,2.291985,5.431085,123,35663,0,0
530,1,2.959083,2.022949,35.148929,1.506826,0.372711,39.987549,3.509071,4.959890,18.045946,2.056844,2.931739,6.499173,160,46367,0,0
531,1,2.884694,2.028015,30.190908,1.597558,5.298764,39.971924,3.077464,4.083794,15.035231,1.924744,2.200989,5.471714,123,35663,0,0
532,1,2.904816,2.025167,35.263702,1.471636,0.290795,39.930949,3.521993,5.204637,18.036709,2.153707,2.860911,6.495043,160,46367,0,0
533,1,2.918752,2.026632,30.246958,1.559764,5.232371,39.957845,2.994120,4.160862,14.924496,1.710914,2.250186,5.394582,123,35663,0,0
534,1,2.912933,1.981873,35.097890,1.528358,0.424177,39.963359,3.709754,4.892483,18.296549,2.279375,2.871409,6.554840,160,46367,0,0
535,1,2.947276,1.987854,30.374725,1.555912,5.086605,39.964518,3.099616,4.261532,14.796509,1.795390,2.155409,5.304175,123,35663,0,0
536,1,2.864336,2.005798,35.277815,1.507619,0.343740,39.993510,3.548177,5.157050,17.783674,2.091739,2.845194,6.460565,160,46367,0,0
537,1,2.924672,2.038534,30.368317,1.588138,5.081580,39.962708,2.978631,4.224704,15.132077,2.071933,2.090261,5.375614,123,35663,0,0
538,1,2.918698,2.019735,35.372338,1.483775,0.158742,39.933553,3.633365,5.085066,18.111810,2.247318,2.814999,6.518060,160,46367,0,0
539,1,2.912689,1.982680,30.189687,1.561954,5.299842,39.964172,3.122498,4.323880,14.706916,1.802494,2.167209,5.393616,123,35663,0,0
540,1,2.919403,1.960693,35.128435,1.486508,0.429277,39.963623,3.395220,4.884172,18.351217,2.331818,2.871911,6.641697,160,46367,0,0
541,1,2.907359,2.047282,29.872406,1.561364,5.622759,39.963888,3.139041,4.463898,14.670098,1.744585,2.211015,5.513170,123,35663,0,0
542,1,2.885834,2.026937,35.217417,1.500702,0.386566,39.990519,3.625878,5.039140,17.907973,2.128052,2.889201,6.496124,160,46367,0,0
543,1,2.900835,2.023417,30.106652,3.130130,3.823544,39.961161,3.173211,3.937185,15.085768,1.950253,2.223287,5.384627,123,35663,0,0
544,1,2.884518,2.027242,35.404707,1.469567,0.182573,39.941366,3.658447,5.076006,18.046471,2.174791,2.764587,6.517225,160,46367,0,0
545,1,2.931447,2.041626,30.258128,1.564843,5.206987,39.961405,3.194624,4.060177,14.893704,1.859575,2.172187,5.534054,123,35663,0,0
546,1,2.922706,2.015706,35.334212,1.470449,0.229136,39.956502,3.477587,5.228231,18.069255,2.317874,2.793437,6.622603,160,46367,0,0
547,1,2.910512,1.980001,30.299245,1.562788,5.191789,39.964335,3.128069,4.133250,14.960422,1.805389,2.183665,5.355760,123,35663,0,0
548,1,2.955482,2.037272,35.071048,1.472212,0.464942,39.963684,3.581434,4.912672,18.243303,2.313531,2.982768,6.478831,160,46367,0,0
549,1,2.902395,2.041707,29.837840,1.560326,5.663469,39.964030,2.964878,4.259196,14.953301,1.738563,2.239909,5.445648,123,35663,0,0
550,1,2.879778,2.020345,35.196157,1.499814,0.390364,39.966112,3.423221,4.918023,18.208605,2.290599,2.854231,6.630568,160,46367,0,0
551,1,2.905996,2.020691,30.014604,1.561296,5.478838,39.960734,3.052144,4.389069,14.509542,1.705648,2.164544,5.343794,123,35663,0,0
552,1,2.878476,2.022990,35.342818,1.471920,0.269779,39.962992,3.616608,5.178528,18.123796,2.190559,2.786099,6.502441,160,46367,0,0
553,1,2.960459,2.042236,30.115082,1.570235,5.318865,39.964640,3.262743,4.055200,14.587826,1.907166,2.209524,5.313070,123,35663,0,0
554,1,2.924266,2.029887,34.956370,1.487227,0.595130,39.962992,3.648634,4.972812,17.767056,2.178243,2.934713,6.530253,160,46367,0,0
555,1,2.929515,1.981384,29.826528,1.554833,5.653744,39.964620,2.912130,4.112651,15.240038,1.923045,2.274974,5.431146,123,35663,0,0
556,1,2.920956,1.988057,35.153486,1.481957,0.407447,39.963847,3.638774,5.050693,17.851430,2.115428,2.876295,6.459679,160,46367,0,0
557,1,2.912106,2.054728,30.031952,1.555403,5.464264,39.963725,3.460246,4.170712,14.661496,1.770630,2.187826,5.402618,123,35663,0,0
558,1,2.898387,2.021464,35.173757,1.475718,0.415660,39.963521,3.464884,5.272630,18.054640,2.131931,2.787184,6.648794,160,46367,0,0
559,1,2.892893,2.035767,30.153676,1.563154,5.315101,39.924825,3.016852,3.976559,15.042158,1.854607,2.288252,5.458679,123,35663,0,0
560,1,2.877797,2.020793,35.363597,1.480648,0.209435,39.931478,3.789096,5.239953,17.862101,2.238498,2.814663,6.521498,160,46367,0,0
561,1,2.981272,2.060588,30.219228,1.568383,5.196245,39.965129,3.277673,4.193020,14.826681,1.785234,2.394684,5.267381,123,35663,0,0
562,1,2.917396,1.983256,35.164697,1.469547,0.411414,39.963053,3.762895,4.891893,17.911672,2.175805,2.942556,6.575795,160,46367,0,0
563,1,2.918833,2.031901,29.962067,1.562646,5.520728,39.964274,3.038062,4.304620,14.707370,1.875485,2.220795,5.298838,123,35663,0,0
564,1,2.922217,2.025045,35.310306,1.494924,0.235972,39.963420,4.050903,4.751190,18.180983,2.223524,2.870487,6.491998,160,46367,0,0
565,1,2.871613,2.013997,30.170848,1.563154,5.326555,39.932170,3.231144,3.940565,14.830139,1.779646,2.212741,5.461310,123,35663,0,0
566,1,2.933448,2.011108,35.366723,1.488698,0.174510,39.963379,3.482408,5.152971,18.157386,2.211005,2.861403,6.607897,160,46367,0,0
567,1,2.915056,1.986348,30.285526,1.559879,5.203590,39.964050,3.216142,4.286560,14.832753,1.817674,2.131643,5.317851,123,35663,0,0
568,1,2.895823,1.963521,35.075389,1.492937,0.499088,39.963236,3.516120,5.210741,17.773760,2.085103,2.845367,6.539432,160,46367,0,0
569,1,2.980526,2.045756,29.829492,1.560591,5.593767,39.964376,3.105021,4.200673,14.553867,1.793416,2.096313,5.330804,123,35663,0,0
570,1,2.881772,2.024150,35.213362,1.470232,0.416467,39.981832,3.456302,4.974721,18.099192,2.245921,2.876628,6.552063,160,46367,0,0
571,1,2.904978,2.020223,30.389109,1.558821,5.094764,39.947673,2.984155,4.277591,15.146718,1.923618,2.052219,5.513068,123,35663,0,0
572,1,2.916148,2.022990,35.322805,1.483171,0.233666,39.955790,3.688626,5.220272,17.959724,2.158156,2.884708,6.519660,160,46367,0,0
573,1,2.935523,2.045756,30.030446,1.561513,5.436371,39.963854,3.032973,4.213616,15.096958,1.962765,2.109870,5.405999,123,35663,0,0
574,1,2.926117,2.004191,35.443146,1.504066,0.089379,39.962708,3.666853,5.231815,18.143921,2.212718,2.889625,6.631653,160,46367,0,0
575,1,2.916989,1.987915,29.849762,1.561547,5.636247,39.964545,2.845276,4.125217,15.068620,2.037866,2.229282,5.360775,123,35663,0,0
576,1,2.909576,1.978943,35.011688,1.502140,0.539263,39.962667,3.786540,4.997901,17.960002,2.236433,2.832147,6.615092,160,46367,0,0
577,1,2.917308,2.035441,29.938039,1.567847,5.541568,39.964762,2.993852,4.234938,14.853041,1.765279,2.162038,5.517670,123,35663,0,0
578,1,2.898475,2.037333,35.189782,1.468306,0.407366,39.963928,3.692613,5.032230,18.025713,2.086219,2.829539,6.484246,160,46367,0,0
579,1,2.896006,2.040243,30.085039,1.562639,5.420203,39.963888,3.067366,4.187971,15.065358,1.864000,2.163415,5.366570,123,35663,0,0
580,1,2.888011,2.003601,35.234731,1.482798,0.357880,39.963420,3.557024,5.132450,18.146074,2.181630,2.791568,6.591309,160,46367,0,0
581,1,2.938100,2.050130,29.887183,1.566098,5.572771,39.964152,2.958676,4.243741,15.033983,1.818956,2.244507,5.475969,123,35663,0,0
582,1,2.886512,2.026286,35.385868,1.490963,0.169193,39.932536,3.654585,5.220228,17.999756,2.129049,2.909176,6.591441,160,46367,0,0
583,1,2.951480,2.035055,30.257694,1.564375,5.190935,39.964484,3.221497,4.255083,14.730920,1.793861,2.280250,5.461911,123,35663,0,0
584,1,2.914093,1.983188,35.120575,1.489098,0.438677,39.962443,3.721273,4.967716,17.891137,2.155626,2.798631,6.635902,160,46367,0,0
585,1,2.991859,2.058411,29.862369,1.562639,5.541731,39.958598,3.080119,4.195692,14.921248,1.889465,2.291534,5.401299,123,35663,0,0
586,1,2.879364,2.019918,35.275808,1.467777,0.340105,39.963053,3.957815,4.997002,17.862735,2.086070,2.806420,6.564460,160,46367,0,0
587,1,2.896454,2.043030,30.109548,1.560449,5.412513,39.978963,3.064592,4.001275,15.141761,1.784570,2.187609,5.562425,123,35663,0,0
588,1,2.913422,2.027608,35.288734,1.497643,0.248647,39.948446,3.487993,5.066942,18.178813,2.215898,2.796149,6.596917,160,46367,0,0
589,1,2.918854,2.030212,30.174123,1.583805,5.287757,39.964539,3.208957,4.171590,14.705258,1.774845,2.159471,5.459012,123,35663,0,0
590,1,2.891062,2.013977,35.475596,1.492625,0.103566,39.962850,3.716760,4.837280,18.282037,2.091410,2.965329,6.517527,160,46367,0,0
591,1,2.954519,1.998779,30.153290,1.552311,5.305233,39.965352,3.112668,4.472955,15.067518,1.849626,2.266449,5.329315,123,35663,0,0
592,1,2.903269,1.973450,35.119863,1.507443,0.457869,39.988444,3.650367,4.965871,18.063053,2.174143,3.047234,6.568990,160,46367,0,0
593,1,2.895355,2.037964,30.443675,1.565067,5.034522,39.938619,2.983839,4.107296,15.265934,1.741499,2.194316,5.452582,123,35663,0,0
594,1,2.910472,2.017815,35.271556,1.505056,0.304657,39.991740,3.865875,5.133226,17.801371,2.057000,2.803748,6.545434,160,46367,0,0
595,1,2.887387,2.030131,30.067508,1.582455,5.421370,39.958720,3.084486,4.182075,14.820129,1.829820,2.299320,5.357720,123,35663,0,0
596,1,2.858917,2.003621,35.357025,1.503883,0.191735,39.911560,3.717628,5.066596,18.007738,2.156406,2.778564,6.649323,160,46367,0,0
597,1,2.960500,2.034037,30.156301,1.561113,5.287276,39.965190,3.045210,4.147909,14.867774,1.778927,2.334673,5.449836,123,35663,0,0
598,1,2.927202,2.031576,35.460737,1.479624,0.088613,39.956177,3.669159,5.110392,18.097599,2.242388,2.834869,6.477983,160,46367,0,0
599,1,2.927948,1.970357,30.393646,1.561974,5.081153,39.964722,3.020162,4.184628,14.999352,1.759457,2.238095,5.280952,123,35663,0,0
600,1,2.916779,1.985942,35.130137,1.494205,0.422502,39.963623,3.797319,4.951928,17.972992,2.232425,2.649363,6.510634,160,46367,0,0
601,1,2.911292,2.054484,30.008243,1.559838,5.484453,39.963826,3.120812,4.101939,15.124997,1.818654,2.310825,5.490594,123,35663,0,0
602,1,2.910641,2.022095,35.130761,1.524533,0.432132,39.998067,3.491445,4.965007,18.027978,2.173676,2.845493,6.584737,160,46367,0,0
603,1,2.886614,2.030029,30.151310,1.563826,5.327715,39.929464,3.051219,4.155073,15.022749,1.873684,2.172601,5.511169,123,35663,0,0
604,1,2.883270,2.025838,35.409373,1.488637,0.152415,39.933695,3.905385,5.097904,17.936612,2.103160,2.884196,6.551181,160,46367,0,0
605,1,2.967804,2.055155,30.192169,1.567318,5.237674,39.964966,3.273102,4.209937,14.665894,1.814996,2.149892,5.425486,123,35663,0,0
606,1,2.915639,1.984233,35.063629,1.485457,0.498939,39.963664,3.661350,4.769006,17.946713,2.379673,2.762027,6.485012,160,46367,0,0
607,1,2.948605,1.992228,29.854374,1.564816,5.596276,39.964071,3.003872,4.258779,14.943485,1.792992,2.249719,5.404656,123,35663,0,0
608,1,2.912879,1.980916,35.095930,1.569400,0.466142,40.044352,3.704776,5.038784,17.790290,2.178891,2.879723,6.506755,160,46367,0,0
609,1,2.953427,2.054240,30.346968,1.560957,4.991655,39.853007,3.088789,4.163584,14.955014,1.862054,2.127475,5.421156,123,35663,0,0
610,1,2.918365,2.025126,35.314891,1.483273,0.247033,39.963562,3.750214,5.127540,17.902866,2.094893,2.765445,6.505893,160,46367,0,0
611,1,2.909312,2.029765,30.164052,1.558862,5.324866,39.957092,3.348528,4.002268,14.785631,1.893995,2.165212,5.442854,123,35663,0,0
612,1,2.922577,2.007487,35.462026,1.500017,0.078637,39.963257,3.662238,5.008813,18.354919,2.295803,2.978960,6.615665,160,46367,0,0
613,1,2.936086,2.005432,30.261525,1.564518,5.202593,39.964722,3.204461,4.476237,14.627584,1.744731,2.130819,5.314189,123,35663,0,0
614,1,2.921627,2.020345,35.125715,1.482588,0.432939,39.962870,3.656854,5.013045,17.837138,2.092845,2.919017,6.617391,160,46367,0,0
615,1,2.897878,2.022786,30.018626,1.563839,5.484358,39.964701,3.058434,4.059540,15.021773,1.843428,2.350257,5.392181,123,35663,0,0
616,1,2.891395,2.032023,35.288903,1.482263,0.301225,39.963786,3.771545,4.979994,17.932590,2.175503,2.755378,6.490909,160,46367,0,0
617,1,2.903276,2.047628,30.218618,1.559587,5.251021,39.932502,3.184665,4.086531,14.999142,1.773444,2.313043,5.483361,123,35663,0,0
618,1,2.883840,2.015523,35.289317,1.472483,0.286428,39.932068,3.634755,5.121596,18.160543,2.173482,2.872060,6.598450,160,46367,0,0
619,1,2.912893,1.983717,30.252248,1.561547,5.237444,39.964132,3.016371,4.167572,15.023193,1.933936,2.122562,5.438053,123,35663,0,0
620,1,2.913829,2.023417,35.114594,1.483381,0.423174,39.934977,3.724148,4.938005,18.184079,2.297624,2.878781,6.529961,160,46367,0,0
621,1,2.988841,2.054891,30.337677,1.557824,5.079871,39.964213,3.256639,4.198893,14.897417,1.771450,2.097992,5.376689,123,35663,0,0
622,1,2.882090,2.023153,35.249522,1.475128,0.356089,39.962830,3.924727,5.106398,17.732588,2.175286,2.788903,6.405117,160,46367,0,0
623,1,2.912465,2.022095,30.048024,1.561568,5.410458,39.932515,3.317149,4.127892,14.759762,1.876817,2.194149,5.239699,123,35663,0,0
624,1,2.882111,2.025533,35.466746,1.493805,0.081187,39.923848,3.691216,5.063144,18.121046,2.140422,2.872006,6.570804,160,46367,0,0
625,1,2.943783,1.986084,30.316206,1.560808,5.144067,39.964864,3.172384,4.171587,14.707469,1.740353,2.190321,5.488610,123,35663,0,0
626,1,2.917165,1.988281,35.120351,1.498552,0.427026,39.963094,3.581506,5.121918,17.961249,2.260769,2.864499,6.357602,160,46367,0,0
627,1,2.911875,2.035665,29.914744,1.568112,5.569339,39.964071,3.146966,4.022997,14.863566,1.829414,2.249468,5.353685,123,35663,0,0
628,1,2.886817,2.026204,35.247949,1.485396,0.344276,39.964437,3.715746,4.922916,18.124617,2.253601,2.797441,6.391707,160,46367,0,0
629,1,2.913489,2.056498,30.065033,1.564830,5.420312,39.963664,2.860853,4.127336,15.263726,1.952549,2.244256,5.418555,123,35663,0,0
630,1,2.895355,2.009623,35.193837,1.473256,0.400441,39.962891,3.539439,5.026120,18.200982,2.333466,2.826348,6.604441,160,46367,0,0
631,1,2.921173,2.031392,29.754208,1.562558,5.726579,39.964518,2.867211,4.267717,15.087233,1.852556,2.264689,5.364054,123,35663,0,0
632,1,2.876502,2.018290,35.373355,1.471412,0.209842,39.931112,3.614610,5.213796,17.821140,2.147956,2.687798,6.557187,160,46367,0,0
633,1,2.974640,2.056885,30.294830,1.558434,5.136797,39.964701,3.221446,4.070797,14.823849,1.776143,2.280097,5.441016,123,35663,0,0
634,1,2.911875,1.981710,35.039459,1.489641,0.522179,39.963155,3.651052,4.967119,17.824517,2.134644,2.878476,6.605116,160,46367,0,0
635,1,2.969879,2.037842,29.884145,1.560299,5.550256,39.964579,3.209174,4.243195,14.723175,1.841763,2.240377,5.328912,123,35663,0,0
636,1,2.948598,2.016988,35.221670,1.487200,0.326887,39.984355,3.628998,5.210537,17.870154,2.145182,2.876021,6.558723,160,46367,0,0
637,1,2.879527,2.026245,30.116465,1.565182,5.375532,39.936707,2.973782,4.091468,15.042379,1.776096,2.236437,5.498244,123,35663,0,0
638,1,2.909454,2.024272,35.276215,1.499054,0.279165,39.963888,3.559753,5.154934,18.014940,2.174588,2.776360,6.533288,160,46367,0,0
639,1,2.893606,2.013875,30.187042,1.565047,5.318132,39.963826,3.118829,3.977013,15.026360,1.897817,2.204380,5.349202,123,35663,0,0
640,1,2.878448,2.020487,35.406911,1.476742,0.168623,39.930725,3.814626,4.943746,18.060744,2.145030,2.942091,6.618140,160,46367,0,0
641,1,2.976661,2.060201,30.208296,1.555810,5.223975,39.964742,3.131375,4.357998,14.812554,1.784041,2.135315,5.374854,123,35663,0,0
642,1,2.905697,1.976420,35.154219,1.475867,0.428063,39.963847,3.695814,4.932651,18.202142,2.251075,2.851244,6.611301,160,46367,0,0
643,1,2.880076,2.020182,29.915476,1.556054,5.612078,39.963684,3.168098,4.227603,14.655385,1.720801,2.226752,5.295668,123,35663,0,0
644,1,2.946062,2.013509,35.193037,1.495772,0.340736,39.975606,3.648804,5.095761,17.936133,2.173967,2.796651,6.766961,160,46367,0,0
645,1,2.895742,2.040019,30.053884,1.566057,5.435876,39.951558,2.955119,4.012204,15.052778,1.848870,2.087965,5.503252,123,35663,0,0
646,1,2.919715,2.031474,35.250166,1.496450,0.297394,39.963725,3.768711,4.984080,17.987227,2.103054,2.804701,6.491842,160,46367,0,0
647,1,2.909963,2.014038,30.154592,1.564999,5.303063,39.932617,3.006470,4.197720,14.899929,1.965522,2.197038,5.438761,123,35663,0,0
648,1,2.877533,2.019735,35.405487,1.485606,0.164744,39.933370,3.651242,5.073730,18.156718,2.143572,2.891768,6.582269,160,46367,0,0
649,1,2.949799,2.030172,30.301239,1.564212,5.148902,39.964152,3.313772,4.164863,14.836273,1.902256,2.173008,5.347731,123,35663,0,0
650,1,2.920685,1.988953,35.045848,1.472578,0.518816,39.957926,3.777171,4.932156,17.794946,2.219157,2.773404,6.368513,160,46367,0,0
651,1,2.886892,2.027283,30.360463,1.560781,5.155833,39.963969,3.187890,4.280687,14.962555,1.932841,2.119975,5.520850,123,35663,0,0
652,1,2.904660,2.018351,35.111372,1.477990,0.486752,39.980774,3.665656,5.114163,17.932122,2.108866,2.839220,6.546689,160,46367,0,0
653,1,2.900957,2.044332,30.120609,1.564368,5.370060,39.955994,2.950016,3.961568,15.280779,1.880656,2.233765,5.465702,123,35663,0,0
654,1,2.891924,2.037882,35.301036,1.480832,0.279870,39.953661,3.610623,5.253533,17.858629,2.088928,2.873240,6.527896,160,46367,0,0
655,1,2.948707,2.030111,30.127953,1.563839,5.323978,39.964478,3.048160,4.416680,14.904982,1.948707,2.177178,5.332421,123,35663,0,0
656,1,2.923126,2.032023,35.179087,1.488868,0.371972,39.963053,3.643226,5.070828,18.172187,2.187283,2.760769,6.420949,160,46367,0,0
657,1,2.968068,2.038757,29.855906,1.561032,5.579349,39.964355,2.935608,4.046268,15.040253,1.824551,2.295180,5.451060,123,35663,0,0
658,1,2.943173,2.016235,35.152286,1.502608,0.365394,39.963460,3.736338,5.060818,17.848887,2.095140,2.871145,6.589973,160,46367,0,0
659,1,2.885610,2.030457,30.047658,1.560937,5.469560,39.963765,3.202955,4.152608,14.856445,1.726145,2.125865,5.440857,123,35663,0,0
660,1,2.920074,2.031494,35.217458,1.487647,0.338871,39.964050,3.405521,5.232110,18.183451,2.219357,2.862057,6.632521,160,46367,0,0
661,1,2.924659,2.035583,29.975528,1.590654,5.502316,39.993157,2.836439,4.392473,15.096174,1.978505,2.236908,5.402337,123,35663,0,0
662,1,2.881907,2.025411,35.365651,1.494056,0.191552,39.933167,3.593346,5.160095,18.072537,2.050120,2.740078,6.568668,160,46367,0,0
663,1,2.958120,2.036296,30.290273,1.559675,5.150611,39.958679,3.063599,4.076535,15.112281,1.813863,2.271905,5.385644,123,35663,0,0
664,1,2.908722,2.010559,35.198700,1.515791,0.339678,39.962891,3.455417,4.913808,18.526018,2.443437,2.760705,6.530677,160,46367,0,0
665,1,2.940080,2.038513,30.359907,1.563941,5.100508,39.964437,3.009983,4.320899,14.819285,1.860165,2.078108,5.306085,123,35663,0,0
666,1,2.945167,2.013224,35.151493,1.467736,0.399044,39.963440,3.684445,5.165849,17.705912,2.063154,2.769975,6.587847,160,46367,0,0
667,1,2.882212,2.027120,29.928280,1.557627,5.616011,39.984131,3.058923,4.321682,14.907108,1.840312,2.132345,5.485691,123,35663,0,0
668,1,2.867015,2.011515,35.298960,1.473277,0.302643,39.941895,3.753452,5.037933,17.993432,2.289544,2.768348,6.529124,160,46367,0,0
669,1,2.921743,2.038472,30.147858,1.561852,5.302039,39.933492,3.102671,4.125020,15.073690,1.933156,2.167053,5.390700,123,35663,0,0
670,1,2.892487,2.035665,35.379588,1.493093,0.166921,39.932088,3.693502,5.126333,18.017487,2.288727,2.815165,6.543304,160,46367,0,0
671,1,2.929698,2.015401,30.297638,1.558536,5.178585,39.964457,3.040382,4.074327,14.952471,1.792124,2.139018,5.405551,123,35663,0,0
672,1,2.914235,2.022725,35.254656,1.476959,0.317488,39.963338,3.609870,5.010179,18.327477,2.145338,2.916670,6.405124,160,46367,0,0
673,1,2.905860,2.047445,29.954715,1.562334,5.541284,39.964193,3.064694,4.004537,14.966970,1.815559,2.312263,5.327135,123,35663,0,0
674,1,2.951236,2.023315,35.049205,1.470469,0.513533,39.984443,3.594147,5.164907,17.763106,2.059068,2.771159,6.517198,160,46367,0,0
675,1,2.889937,2.033732,30.150353,1.589128,5.336795,39.966214,2.974287,4.104021,15.176270,1.872074,2.226430,5.427816,123,35663,0,0
676,1,2.899105,2.038940,35.362125,1.485735,0.185021,39.931986,3.752960,4.949653,17.917826,2.178602,2.925547,6.619320,160,46367,0,0
677,1,2.966671,2.048299,30.198652,1.568275,5.231428,39.965027,3.239566,4.152008,14.689816,1.861467,2.158088,5.432254,123,35663,0,0
678,1,2.916928,1.984762,35.034346,1.489729,0.521990,39.962992,3.648844,4.892192,17.930054,2.347527,2.905263,6.313622,160,46367,0,0
679,1,2.971324,2.039937,29.941742,1.562117,5.489478,39.964661,3.160821,4.287737,14.811757,1.725881,2.315511,5.488369,123,35663,0,0
680,1,2.921010,2.023824,35.295929,1.526038,0.256656,39.999634,3.681281,5.154348,17.872236,2.144226,2.804345,6.568220,160,46367,0,0
681,1,2.887488,2.033651,30.119999,1.562544,5.375932,39.945964,3.123125,4.031036,14.994680,1.811473,2.115424,5.470527,123,35663,0,0
682,1,2.912201,2.026835,35.255931,1.483598,0.293664,39.945394,3.713569,4.959724,18.119880,2.120527,2.761685,6.568532,160,46367,0,0
683,1,2.905568,2.014445,29.758718,1.555044,5.744883,39.964213,2.806044,4.022261,15.309882,1.782962,2.168196,5.584988,123,35663,0,0
684,1,2.896868,2.007324,35.434716,1.483164,0.147736,39.962484,3.661787,5.226003,17.879924,2.185621,2.678636,6.493076,160,46367,0,0
685,1,2.969330,2.010234,29.873199,1.560666,5.561751,39.964945,3.061317,4.199137,15.117733,1.813510,2.302785,5.299974,123,35663,0,0
686,1,2.922618,1.989054,35.112783,1.486637,0.441891,39.963928,3.574378,5.129564,17.873121,2.220696,2.804688,6.507104,160,46367,0,0
687,1,2.870846,2.014994,30.055064,1.555918,5.481469,39.963298,3.016086,4.279348,14.932543,1.831465,2.209615,5.397522,123,35663,0,0
688,1,2.913910,2.021525,35.273977,1.512685,0.297923,39.998494,3.566603,5.070238,18.020874,2.227624,2.739115,6.559675,160,46367,0,0
689,1,2.902646,2.042704,30.143762,1.594479,5.312117,39.953003,2.992615,4.153175,15.171207,1.922139,2.250448,5.421553,123,35663,0,0
690,1,2.858192,2.002380,35.356225,1.506480,0.184275,39.905172,3.749780,4.962541,18.188365,2.140995,2.724935,6.718580,160,46367,0,0
691,1,2.941233,2.016683,30.192759,1.560299,5.270796,39.965088,3.102024,4.105608,14.830285,1.967729,2.217865,5.366750,123,35663,0,0
692,1,2.929888,2.036764,35.474823,1.487661,0.070255,39.962626,3.610619,5.041799,18.298971,2.189674,2.933801,6.519131,160,46367,0,0
693,1,2.963009,2.036967,29.899133,1.564680,5.537920,39.964742,3.123342,4.210463,14.937327,1.825324,2.239939,5.431085,123,35663,0,0
694,1,2.886770,2.027134,35.182281,1.480065,0.414588,39.963704,3.870358,4.870870,18.097246,2.298513,2.828684,6.389757,160,46367,0,0
695,1,2.897044,2.041219,30.089691,1.559363,5.417341,39.963440,3.040904,4.160149,15.125404,1.995053,2.236016,5.338749,123,35663,0,0
696,1,2.905935,2.019694,35.222463,1.484392,0.350671,39.963460,3.460310,5.186069,18.142117,2.234365,2.808167,6.608561,160,46367,0,0
697,1,2.931244,2.051595,29.709707,1.562537,5.780602,39.984090,2.992852,4.125075,14.932790,1.814328,2.117045,5.534760,123,35663,0,0
698,1,2.912547,2.020976,35.438222,1.500193,0.090953,39.941915,3.629517,5.172601,18.027818,2.160580,2.771450,6.572764,160,46367,0,0
699,1,2.949765,1.997233,30.300669,1.563989,5.150102,39.964525,3.166941,4.289978,14.704461,1.828902,2.152469,5.314952,123,35663,0,0
700,1,2.924578,2.024373,35.131412,1.471920,0.435042,39.962952,3.744958,5.015835,17.863461,2.145454,2.820367,6.549683,160,46367,0,0
701,1,2.937266,2.052490,30.000315,1.558414,5.468767,39.964762,3.069946,4.154087,14.916636,1.760929,2.207414,5.318902,123,35663,0,0
702,1,2.870582,2.015605,35.355004,1.468136,0.263858,39.957581,3.805484,5.023573,17.996657,2.050479,2.940070,6.656111,160,46367,0,0
703,1,2.871409,2.014791,30.200775,1.558923,5.301815,39.932922,3.186232,4.080031,14.825840,1.746941,2.128842,5.510193,123,35663,0,0
704,1,2.942034,2.020847,35.338321,1.483551,0.199148,39.963053,3.702193,4.991787,18.268043,2.260824,2.876177,6.628072,160,46367,0,0
705,1,2.927358,1.997192,30.231557,1.587073,5.218509,39.964498,2.998030,4.325531,14.813137,1.787784,2.274679,5.368334,123,35663,0,0
706,1,2.912384,2.021545,34.989797,1.481876,0.579525,39.963582,3.733822,4.953617,17.798811,2.134159,2.810371,6.661391,160,46367,0,0
707,1,2.949249,1.993083,29.716970,1.560828,5.736820,39.963867,3.028612,4.250861,14.886431,1.840091,2.279911,5.438304,123,35663,0,0
708,1,2.897315,1.965393,35.105025,1.490312,0.470198,39.962850,3.608341,5.115835,17.984121,2.221076,2.684421,6.458391,160,46367,0,0
709,1,2.931597,2.038974,29.912499,1.565555,5.555274,39.964925,3.334805,4.076423,14.759023,1.950422,2.192607,5.360443,123,35663,0,0
710,1,2.884477,2.025452,35.245955,1.531321,0.352203,40.013957,3.481150,5.140113,18.028754,2.317057,2.816522,6.480672,160,46367,0,0
711,1,2.869659,2.016317,30.519399,1.578352,4.968502,39.935913,3.252750,4.140879,15.067932,1.708778,2.357768,5.432197,123,35663,0,0
712,1,2.906850,2.023580,35.369171,1.479692,0.183984,39.939697,3.816050,5.070875,17.981283,2.302534,2.756602,6.605194,160,46367,0,0
713,1,2.930654,2.043070,29.814545,1.557417,5.661374,39.963989,2.835639,4.217109,15.038893,1.782528,2.214891,5.421570,123,35663,0,0
714,1,2.937022,2.023214,35.439463,1.467255,0.118744,39.962484,3.697923,5.120141,18.107574,2.281060,2.821387,6.474989,160,46367,0,0
715,1,2.933489,2.005493,29.807112,1.556434,5.661726,39.958761,3.214661,4.117744,14.773298,1.754771,2.148366,5.423689,123,35663,0,0
716,1,2.934750,2.030375,35.041650,1.493303,0.492740,39.962443,3.650184,4.923862,17.979285,2.091621,2.822879,6.696971,160,46367,0,0
717,1,2.940013,2.052612,30.319427,1.555708,5.149248,39.964396,2.915978,4.423377,14.935174,1.726813,2.244907,5.429576,123,35663,0,0
718,1,2.886410,2.027242,35.338260,1.513879,0.256995,39.995544,3.692420,4.859419,18.393304,2.209229,2.900862,6.542297,160,46367,0,0
719,1,2.891836,2.035421,30.163930,1.593814,5.314348,39.963928,3.045481,4.124040,15.022312,1.908773,2.096656,5.527893,123,35663,0,0
840,2,2.838226,2.007935,10.126007,1.029280,5.970700,19.964213,1.493971,0.981357,5.347124,0.935140,0.776991,1.047248,47,15021,0,0
841,2,2.871416,1.999837,7.888390,1.023705,8.180254,19.963765,1.196645,0.637583,4.222822,0.685489,0.580017,0.811795,35,11452,0,0
842,2,2.797136,1.996073,10.191762,1.028920,5.947961,19.965780,1.484175,0.802036,5.599776,0.827243,0.950236,1.119781,47,15021,0,0
843,2,2.813697,2.016724,8.049849,1.029829,8.036557,19.929932,1.232995,0.686968,4.413388,0.644670,0.634152,0.902022,35,11452,0,0
844,2,2.842282,2.031311,10.166060,1.036970,5.917803,19.963114,1.493564,0.804796,5.446869,0.790382,0.845822,1.206150,47,15021,0,0
845,2,2.888818,1.993632,7.884688,1.058536,8.131405,19.963447,1.186981,0.645304,4.347432,0.719092,0.579278,0.924676,35,11452,0,0
846,2,2.852576,2.021708,9.885237,1.053179,6.172753,19.963745,1.450161,0.886861,5.109595,0.840997,0.797343,0.931573,47,15021,0,0
847,2,2.833594,2.034505,8.080020,1.055111,7.963687,19.932414,1.225908,0.680389,4.382819,0.644128,0.610416,0.936425,35,11452,0,0
848,2,2.853858,2.053589,10.100406,1.058007,5.979733,19.992004,1.454363,0.995327,5.264031,0.872437,0.811323,1.082804,47,15021,0,0
849,2,2.877940,2.009135,7.827891,1.027442,8.201277,19.934550,1.184492,0.640245,4.263167,0.665019,0.649533,0.845310,35,11452,0,0
850,2,2.880151,2.017741,10.022505,1.026025,6.034604,19.963284,1.409509,0.799116,5.316094,0.836629,0.922652,0.956340,47,15021,0,0
851,2,2.844255,2.018473,8.049462,1.033329,8.006670,19.933716,1.272698,0.640815,4.419078,0.721032,0.634566,0.944817,35,11452,0,0
852,2,2.832943,2.032450,10.108673,1.031877,5.990292,19.963786,1.559960,0.899770,5.301215,0.890971,0.816776,1.097151,47,15021,0,0
853,2,2.806230,2.004944,7.962304,1.030379,8.164079,19.962992,1.150180,0.688385,4.332991,0.676222,0.659231,0.906216,35,11452,0,0
854,2,2.868100,2.010295,10.125939,1.032237,5.937469,19.963745,1.516598,0.859494,5.346978,0.879072,0.817322,1.000095,47,15021,0,0
855,2,2.874000,2.021281,8.134728,1.029558,7.924930,19.963216,1.337894,0.751784,4.366262,0.685038,0.617625,0.939311,35,11452,0,0
856,2,2.833920,2.037170,10.186852,1.030555,5.911787,19.963114,1.483036,0.868876,5.477390,0.794803,0.814090,1.160183,47,15021,0,0
857,2,2.853146,2.051615,7.972538,1.031864,8.106462,19.964010,1.229862,0.601776,4.341166,0.676890,0.651052,0.946058,35,11452,0,0
858,2,2.853594,1.984497,10.019352,1.026689,6.065881,19.965515,1.486884,0.914910,5.223456,0.824755,0.840885,1.102197,47,15021,0,0
859,2,2.864315,2.032654,7.940108,1.029273,8.145572,19.979268,1.185428,0.676785,4.282874,0.754015,0.690189,0.710124,35,11452,0,0
860,2,2.851376,2.025777,10.182234,1.024906,5.886939,19.945455,1.476047,0.872026,5.479397,0.749824,0.925846,1.174472,47,15021,0,0
861,2,2.838437,2.039551,7.955997,1.038557,8.130714,19.963704,1.189928,0.684930,4.236291,0.603736,0.637414,0.900767,35,11452,0,0
862,2,2.814836,1.982808,10.101708,1.030419,6.016883,19.963847,1.404110,0.983541,5.324148,0.815026,0.889174,1.119710,47,15021,0,0
863,2,2.854692,2.024638,7.915185,1.069421,8.144914,19.984212,1.159488,0.681946,4.240373,0.754808,0.580126,0.868120,35,11452,0,0
864,2,2.869646,2.040853,10.177168,1.029178,5.860307,19.936300,1.479241,0.911119,5.515727,0.790632,0.853085,1.189416,47,15021,0,0
865,2,2.845272,2.022217,8.042321,1.031335,8.044451,19.963379,1.125268,0.752604,4.258294,0.607263,0.696540,0.891340,35,11452,0,0
866,2,2.823646,2.022156,10.100874,1.057939,4.967146,18.949605,1.519375,0.847059,5.387533,0.791850,0.821821,1.011054,47,15021,0,0
867,2,2.846819,1.973836,7.923140,1.036401,8.157366,19.963725,1.112908,0.640978,4.379896,0.671217,0.583096,0.862634,35,11452,0,0
868,2,2.846425,2.017171,10.189870,1.033627,5.911218,19.981140,1.441752,0.891856,5.475803,0.892337,0.811269,1.113705,47,15021,0,0
869,2,2.837623,2.041056,8.086761,1.032834,7.988142,19.945360,1.119358,0.754903,4.377950,0.644745,0.580631,0.913676,35,11452,0,0
870,2,2.867910,2.039307,10.146454,1.026716,5.922482,19.963562,1.512495,0.844235,5.444129,0.797116,0.893233,1.176371,47,15021,0,0
871,2,2.893395,1.998027,7.939579,1.027205,8.103105,19.963284,1.113464,0.682743,4.348701,0.677992,0.630463,0.930478,35,11452,0,0
872,2,2.868405,2.038127,9.946089,1.032508,6.116947,19.963949,1.597202,0.842102,5.137190,0.794525,0.815813,0.971398,47,15021,0,0
873,2,2.855364,2.057760,8.020450,1.028873,8.029090,19.933777,1.233853,0.680579,4.320285,0.652849,0.615082,0.942746,35,11452,0,0
874,2,2.830807,2.034688,10.105859,1.036475,5.990807,19.963949,1.551992,0.891239,5.356008,0.825667,0.888696,1.175469,47,15021,0,0
875,2,2.805722,2.005168,7.958581,1.032671,8.166263,19.963236,1.149926,0.650113,4.292623,0.634454,0.659244,0.888156,35,11452,0,0
876,2,2.860165,2.000875,10.234182,1.030453,5.838586,19.963386,1.471008,0.872755,5.522125,0.835107,0.842523,1.124013,47,15021,0,0
877,2,2.861020,2.014343,8.072310,1.028731,8.001665,19.963725,1.123396,0.731357,4.399261,0.759087,0.620093,0.903812,35,11452,0,0
878,2,2.802833,2.006788,10.172224,1.032881,5.955868,19.963806,1.448303,0.870999,5.506504,0.751970,0.852834,1.150923,47,15021,0,0
879,2,2.822649,2.023254,8.011987,1.055823,8.072635,19.963094,1.199331,0.645823,4.345561,0.757005,0.655765,0.908868,35,11452,0,0
880,2,2.872189,2.041545,9.977400,1.033112,6.086863,19.969564,1.521105,0.839556,5.220317,0.752686,0.853472,1.079373,47,15021,0,0
881,2,2.884477,2.054708,8.067671,1.024268,7.993615,19.970032,1.149658,0.683567,4.454312,0.687670,0.645077,0.878967,35,11452,0,0
882,2,2.851600,2.023946,10.153181,1.029517,5.917138,19.951436,1.478163,0.887115,5.447771,0.803802,0.817766,1.173265,47,15021,0,0
883,2,2.856564,2.022542,7.984033,1.028581,8.094527,19.963704,1.140801,0.646820,4.339447,0.678189,0.648522,0.915460,35,11452,0,0
884,2,2.856666,1.988322,10.032942,1.033369,6.040748,19.963725,1.470367,0.919189,5.257867,0.752665,0.815531,1.039239,47,15021,0,0
885,2,2.861915,2.032450,7.990339,1.057173,8.082008,19.991435,1.157308,0.684516,4.388438,0.650655,0.747881,0.814809,35,11452,0,0
886,2,2.817461,2.019450,10.175256,1.027245,5.919471,19.939433,1.539941,1.012214,5.356249,0.792962,0.926483,1.097253,47,15021,0,0
887,2,2.814938,2.018819,8.049015,1.030134,8.065101,19.959188,1.169895,0.651218,4.481469,0.644060,0.617971,0.905884,35,11452,0,0
888,2,2.840797,2.029521,10.137943,1.045793,5.939090,19.963623,1.537065,0.916517,5.231408,0.943366,0.782060,0.945652,47,15021,0,0
889,2,2.911618,2.053304,7.966292,1.052216,8.054447,19.984572,1.154989,0.647586,4.300798,0.685574,0.693875,0.822937,35,11452,0,0
890,2,2.818580,2.021139,10.205387,1.034590,5.877174,19.935730,1.517575,0.886692,5.396745,0.793132,0.885027,1.092339,47,15021,0,0
891,2,2.823056,2.027527,8.044172,1.025272,8.070879,19.963379,1.185859,0.720072,4.419956,0.606333,0.664900,0.943668,35,11452,0,0
892,2,2.826616,2.026584,10.131026,1.020308,6.004879,19.982829,1.409641,0.845710,5.410817,0.755219,0.900160,1.135464,47,15021,0,0
893,2,2.862240,2.029826,7.813053,1.068180,8.200517,19.943990,1.144002,0.594801,4.285360,0.673035,0.582899,0.878950,35,11452,0,0
894,2,2.854896,2.023214,10.237125,1.024950,5.837029,19.954000,1.499363,0.889886,5.463806,0.856578,0.832113,1.124908,47,15021,0,0
895,2,2.850745,2.023519,8.068953,1.027971,7.994246,19.941915,1.301392,0.680661,4.408040,0.601742,0.670705,0.896118,35,11452,0,0
896,2,2.840871,2.040568,10.087189,1.028337,6.007246,19.963643,1.554131,0.959249,5.142385,0.822893,0.777659,1.052643,47,15021,0,0
897,2,2.828902,1.997681,7.894046,1.029199,8.210812,19.962958,1.229533,0.606581,4.272654,0.609541,0.584028,0.860324,35,11452,0,0
898,2,2.837379,2.004896,10.094303,1.070770,6.003706,20.006158,1.415181,0.846568,5.339725,0.936273,0.777961,1.047397,47,15021,0,0
899,2,2.813127,2.016134,8.082096,1.029212,7.996687,19.921122,1.187110,0.693227,4.486226,0.679233,0.673601,0.943746,35,11452,0,0
900,2,2.831702,2.020528,10.175927,1.054304,5.901547,19.963481,1.662004,0.814223,5.267524,0.826497,0.847653,1.041263,47,15021,0,0
901,2,2.858070,2.025045,7.931115,1.033756,8.140520,19.963460,1.146586,0.602122,4.401510,0.606184,0.619890,0.894111,35,11452,0,0
902,2,2.857120,1.985840,9.950850,1.055294,6.100142,19.963406,1.531392,0.925832,5.165785,0.982802,0.813683,0.899824,47,15021,0,0
903,2,2.871802,2.038859,7.961673,1.022722,8.114811,19.971008,1.180420,0.595181,4.394392,0.692641,0.643606,0.787496,35,11452,0,0
904,2,2.862200,2.067464,10.148014,1.030318,5.915382,19.955912,1.506182,0.852980,5.402863,0.748020,0.853349,1.164039,47,15021,0,0
905,2,2.887997,2.059021,7.919640,1.030521,8.125058,19.963216,1.142839,0.602787,4.367940,0.671516,0.624729,0.973087,35,11452,0,0
906,2,2.898638,2.036072,10.012699,1.039140,6.013431,19.963908,1.498908,0.842268,5.102058,0.813778,0.780128,0.930617,47,15021,0,0
907,2,2.874678,2.015259,7.942040,1.034136,8.127587,19.978441,1.191494,0.596876,4.364872,0.696177,0.615265,0.812646,35,11452,0,0
908,2,2.818336,2.021159,10.174727,1.032067,5.923479,19.948608,1.441830,0.808441,5.608019,0.795617,0.817271,1.194336,47,15021,0,0
909,2,2.816871,2.016418,8.016218,1.030657,8.099653,19.963399,1.187375,0.688995,4.283888,0.692437,0.616648,0.859202,35,11452,0,0
910,2,2.833879,1.960042,10.055606,1.032413,6.042050,19.963949,1.437927,0.917450,5.240709,0.863410,0.817274,1.146423,47,15021,0,0
911,2,2.878801,2.025065,8.146488,1.054548,7.905189,19.985026,1.207753,0.646929,4.501058,0.606595,0.732537,0.925758,35,11452,0,0
912,2,2.851640,2.042786,10.220340,1.027971,5.840966,19.940918,1.507938,0.846432,5.523970,0.787723,0.781660,1.142849,47,15021,0,0
913,2,2.881324,2.046855,7.979658,1.033817,8.068600,19.963399,1.195591,0.602821,4.393107,0.680176,0.619931,0.951453,35,11452,0,0
914,2,2.860369,1.991984,9.976688,1.065596,6.061357,19.964010,1.527205,0.918182,5.258158,0.874464,0.815375,1.073486,47,15021,0,0
915,2,2.860877,2.026550,7.986922,1.030351,8.078637,19.956787,1.152805,0.710843,4.369639,0.688599,0.693709,0.851783,35,11452,0,0
916,2,2.826223,2.026591,10.167531,1.026818,5.918718,19.939290,1.492876,0.847558,5.372104,0.835263,0.800296,1.096887,47,15021,0,0
917,2,2.855811,2.028890,8.051375,1.029158,8.022335,19.958679,1.212789,0.637973,4.457723,0.650506,0.653948,0.932339,35,11452,0,0
918,2,2.853004,2.021884,10.149397,1.024167,5.937178,19.963745,1.397810,0.845157,5.403419,0.809913,0.818570,1.085161,47,15021,0,0
919,2,2.821225,1.989461,7.909102,1.060198,8.172835,19.963359,1.145128,0.649163,4.269579,0.646016,0.649797,0.827867,35,11452,0,0
920,2,2.863210,2.030518,9.925059,1.048526,6.149268,19.986064,1.484080,0.918759,5.121874,0.914181,0.817610,0.892195,47,15021,0,0
921,2,2.827674,2.029582,8.054426,1.026839,8.031796,19.940735,1.261295,0.684781,4.393548,0.650781,0.626095,0.893789,35,11452,0,0
922,2,2.825884,2.025696,10.109867,1.030128,5.997745,19.963623,1.539676,0.919915,5.232513,0.744795,0.854591,1.063371,47,15021,0,0
923,2,2.847510,1.989237,7.949832,1.052392,8.113339,19.963074,1.139669,0.598701,4.450623,0.681817,0.582737,0.985762,35,11452,0,0
924,2,2.892473,2.033590,10.187056,1.030623,5.853817,19.963969,1.487932,0.838921,5.455353,0.831713,0.812059,1.070604,47,15021,0,0
925,2,2.819068,2.019450,8.084028,1.032657,7.996986,19.932739,1.211507,0.717387,4.335782,0.681179,0.578623,0.911292,35,11452,0,0
926,2,2.826697,2.029575,10.136905,1.031735,5.968306,19.963643,1.513679,0.826379,5.480733,0.838050,0.882005,1.066040,47,15021,0,0
927,2,2.832916,2.032023,8.009267,1.056217,8.064389,19.962789,1.265547,0.682119,4.231734,0.598867,0.656647,0.919362,35,11452,0,0
928,2,2.875200,2.041097,10.040714,1.045820,6.001807,19.963542,1.499549,0.926063,5.235786,0.820903,0.816732,1.111576,47,15021,0,0
929,2,2.892086,2.030904,8.097171,1.028364,7.960466,19.978088,1.149702,0.648600,4.519375,0.666921,0.619259,0.955634,35,11452,0,0
930,2,2.827694,2.002747,10.214583,1.034122,5.872799,19.949198,1.407213,0.809865,5.580031,0.836134,0.890289,1.134210,47,15021,0,0
931,2,2.808468,2.010966,8.013940,1.033959,8.106747,19.963114,1.203098,0.682258,4.292497,0.638540,0.581811,0.858558,35,11452,0,0
932,2,2.808977,2.007975,10.082726,1.074073,5.997501,19.963277,1.482405,0.851396,5.411092,0.790219,0.879957,1.101050,47,15021,0,0
933,2,2.860145,1.987976,7.927982,1.055688,8.120236,19.964050,1.177233,0.597399,4.322211,0.676232,0.696052,0.778866,35,11452,0,0
934,2,2.827410,2.028158,10.205570,1.027957,5.893043,19.953979,1.520732,0.930637,5.459500,0.834252,0.813134,1.099043,47,15021,0,0
935,2,2.853207,2.027364,8.068444,1.031979,7.988692,19.942322,1.186276,0.644436,4.495032,0.610382,0.666111,0.894172,35,11452,0,0
936,2,2.876299,2.043335,10.175805,1.046119,5.865014,19.963236,1.544149,0.846066,5.455668,0.831414,0.923116,1.182970,47,15021,0,0
937,2,2.876055,2.006531,7.871606,1.058190,8.157711,19.963562,1.148081,0.641127,4.345649,0.687676,0.619741,0.872179,35,11452,0,0
938,2,2.874915,2.041829,9.936486,1.028297,6.123986,19.963684,1.610060,0.844028,5.124780,0.834473,0.778229,0.971544,47,15021,0,0
939,2,2.800269,2.000285,8.101261,1.031023,8.000512,19.933065,1.068607,0.754320,4.453237,0.717526,0.614811,0.959897,35,11452,0,0
940,2,2.819061,2.020610,10.157793,1.027361,5.959205,19.963420,1.450273,0.893212,5.339467,0.867750,0.849118,1.035607,47,15021,0,0
941,2,2.844581,2.027242,7.970218,1.055769,8.086687,19.957255,1.151306,0.649462,4.323439,0.661780,0.619887,0.891225,35,11452,0,0
942,2,2.899533,2.043152,9.963891,1.026506,6.073795,19.963725,1.642721,0.869819,5.088016,0.797814,0.860630,0.884779,47,15021,0,0
943,2,2.854367,2.020020,7.920576,1.036129,8.166039,19.977112,1.220103,0.597487,4.335256,0.728319,0.656484,0.759074,35,11452,0,0
944,2,2.848202,2.051982,10.137312,1.045983,5.917864,19.949361,1.565311,0.810357,5.493873,0.821533,0.852746,1.211029,47,15021,0,0
945,2,2.861772,2.061340,7.994286,1.070906,8.062720,19.989685,1.234551,0.678925,4.286452,0.600579,0.619090,0.930495,35,11452,0,0
946,2,2.868649,1.994181,10.014754,1.022437,6.031070,19.936910,1.467628,0.843652,5.216848,0.828657,0.779029,1.075575,47,15021,0,0
947,2,2.893511,2.030802,8.003096,1.053653,8.039181,19.989441,1.239051,0.594360,4.373654,0.684675,0.594588,0.831631,35,11452,0,0
948,2,2.842485,2.018982,10.158654,1.026004,5.909970,19.937113,1.437422,0.858982,5.556505,0.752821,1.055278,1.052561,47,15021,0,0
949,2,2.817746,2.021077,8.052697,1.032162,8.060876,19.963481,1.108687,0.602681,4.515164,0.644942,0.618554,0.978729,35,11452,0,0
950,2,2.816301,2.015808,10.162520,1.033708,5.951013,19.963542,1.442766,0.904256,5.412404,0.757996,0.817749,1.130666,47,15021,0,0
951,2,2.849728,1.980733,7.953678,1.027469,8.132870,19.963745,1.332455,0.639072,4.227075,0.603400,0.613200,0.893951,35,11452,0,0
952,2,2.838172,2.039185,10.218835,1.056088,5.825280,19.938375,1.599399,0.866018,5.358663,0.873155,0.810554,1.045207,47,15021,0,0
953,2,2.878862,2.051575,8.037927,1.026839,7.995399,19.939026,1.152232,0.688761,4.396030,0.603973,0.610440,0.948934,35,11452,0,0
954,2,2.855791,2.022481,10.093570,1.055423,5.958818,19.963603,1.541477,0.889825,5.348039,0.750434,0.819641,1.096686,47,15021,0,0
955,2,2.820696,1.989360,7.907230,1.058577,8.177019,19.963521,1.181237,0.628265,4.352346,0.700802,0.655840,0.832608,35,11452,0,0
956,2,2.868039,2.036702,10.176843,1.089623,5.863664,19.998169,1.513611,0.877211,5.431424,0.780260,0.847426,1.123759,47,15021,0,0
957,2,2.827471,2.029704,8.061547,1.047306,7.992957,19.929281,1.152578,0.719574,4.396400,0.725616,0.616737,0.941850,35,11452,0,0
958,2,2.870724,2.042908,10.084924,1.032271,5.975237,19.963155,1.686330,0.850762,5.185635,0.819024,0.779911,1.064945,47,15021,0,0
959,2,2.845150,1.986674,7.920746,1.029802,8.167240,19.962938,1.107056,0.668932,4.315409,0.655843,0.584120,0.882050,35,11452,0,0
960,2,2.884735,2.027161,9.971975,1.054426,6.052629,19.963765,1.559302,0.926629,4.996016,0.793572,0.778351,0.980384,47,15021,0,0
961,2,2.851186,2.021545,8.048126,1.030195,8.034054,19.963562,1.192858,0.597799,4.465641,0.610287,0.696058,0.839179,35,11452,0,0
962,2,2.818763,2.022441,10.204227,1.029192,5.911441,19.963623,1.600386,0.931529,5.391822,0.790955,0.856042,1.162323,47,15021,0,0
963,2,2.829444,2.027629,7.988997,1.029321,8.115251,19.963013,1.247101,0.637319,4.318085,0.673374,0.582950,0.941172,35,11452,0,0
964,2,2.890235,1.987996,10.147485,1.028019,5.898007,19.963745,1.522607,0.842044,5.362501,0.901062,0.884159,1.040599,47,15021,0,0
965,2,2.893531,2.035543,7.994571,1.025692,8.049991,19.963786,1.151062,0.596246,4.379256,0.686781,0.653625,0.810008,35,11452,0,0
966,2,2.855221,2.031067,10.207157,1.027123,5.856401,19.945903,1.520447,0.932576,5.487467,0.827915,0.947873,1.160702,47,15021,0,0
967,2,2.834096,2.036804,8.026744,1.190352,8.054033,20.105225,1.174242,0.640761,4.440826,0.648651,0.616472,0.932051,35,11452,0,0
968,2,2.881588,2.047668,9.981611,4.774044,5.916134,23.553379,1.449290,0.841688,5.188327,0.836548,0.778547,1.046878,47,15021,0,0
969,2,2.873003,2.028178,8.343285,1.003693,3.970707,16.190687,1.256429,0.647129,4.379018,0.609470,0.583733,0.968818,35,11452,0,0
970,2,2.856401,2.005859,10.314212,1.006568,5.786211,19.963392,1.540829,0.858388,5.502204,0.916345,0.814735,1.060262,47,15021,0,0
971,2,2.879222,2.019979,8.317454,1.000905,7.775211,19.972792,1.238722,0.739916,4.245541,0.721283,0.582581,0.858832,35,11452,0,0
972,2,2.820146,2.023234,11.715946,1.026791,4.391435,19.954319,1.513390,0.891459,5.526771,0.787903,0.867469,1.233565,47,15021,0,0
973,2,2.825802,2.030090,7.965885,1.024723,8.147437,19.963847,1.179216,0.676887,4.341359,0.662506,0.609541,0.872898,35,11452,0,0
974,2,2.852963,1.985514,9.994592,1.041602,6.074582,19.963738,1.439294,0.919030,5.227356,0.888892,0.885712,1.063951,47,15021,0,0
975,2,2.858253,2.028381,7.842858,1.004615,8.277218,19.982944,1.099945,0.676297,4.166924,0.604770,0.582123,0.871653,35,11452,0,0
976,2,2.874691,2.048055,10.174483,1.006975,5.887855,19.944004,1.424272,0.939372,5.458340,0.754574,0.854516,1.193519,47,15021,0,0
977,2,2.862566,2.038269,8.028019,1.006812,8.066118,19.963515,1.343350,0.599904,4.290839,0.686568,0.730815,0.894674,35,11452,0,0
978,2,2.817807,2.018921,10.073191,1.028195,6.044980,19.964172,1.468065,0.966305,5.338915,0.874464,0.843811,1.044501,47,15021,0,0
979,2,2.848833,1.975952,7.894392,1.009416,8.211165,19.963806,1.054769,0.756432,4.260898,0.688799,0.619100,0.814107,35,11452,0,0
980,2,2.827247,2.027934,10.185489,1.005510,5.923662,19.941908,1.506236,0.849664,5.454488,0.859480,0.777740,1.133386,47,15021,0,0
981,2,2.832699,2.036031,8.057560,1.004208,8.060625,19.955092,1.142680,0.736620,4.403300,0.646491,0.616642,0.947791,35,11452,0,0
982,2,2.876041,2.045715,10.062422,1.005829,6.019311,19.963603,1.553725,0.845676,5.336795,0.759304,0.780779,1.105377,47,15021,0,0
983,2,2.851478,1.994222,7.932031,1.029463,8.150774,19.963745,1.184448,0.599250,4.264235,0.655050,0.621094,0.850318,35,11452,0,0
984,2,2.902415,2.037903,10.062612,1.009037,5.989417,19.963481,1.500844,0.903581,5.315803,0.840318,0.897417,0.979638,47,15021,0,0
985,2,2.881487,2.052551,8.033919,1.006826,8.041487,19.963718,1.275248,0.640266,4.369476,0.791894,0.616872,0.889730,35,11452,0,0
986,2,2.808787,2.013265,10.169464,1.004676,5.980669,19.963596,1.423235,1.016262,5.422906,0.757151,0.815216,1.088535,47,15021,0,0
987,2,2.833716,2.032979,8.002302,1.008033,8.119483,19.963535,1.154524,0.607398,4.417467,0.641557,0.713267,0.901187,35,11452,0,0
988,2,2.875566,1.983744,10.151432,1.004473,5.931902,19.963372,1.474240,0.837986,5.425612,0.892592,0.845581,1.051405,47,15021,0,0
989,2,2.891029,2.032104,7.922936,1.029334,8.144209,19.987508,1.204085,0.688924,4.245663,0.735460,0.583967,0.714159,35,11452,0,0
990,2,2.866445,2.021912,10.218475,1.000648,5.853777,19.939345,1.476454,0.811137,5.555413,0.794908,0.888709,1.167633,47,15021,0,0
991,2,2.826392,2.029521,8.048587,1.011369,8.077613,19.963962,1.214681,0.641188,4.493347,0.637872,0.651981,1.003560,35,11452,0,0
992,2,2.850399,2.049215,10.041426,1.030650,6.034549,19.957024,1.577850,0.883633,5.245138,0.830566,0.827708,1.035292,47,15021,0,0
993,2,2.875485,2.005656,7.888207,1.000017,8.199582,19.963291,1.168094,0.705892,4.245683,0.728977,0.691711,0.786702,35,11452,0,0
994,2,2.851010,2.020752,10.168867,1.001807,5.912289,19.933974,1.440623,0.974067,5.368378,0.833974,0.817854,1.131890,47,15021,0,0
995,2,2.823178,2.000834,8.070987,1.005239,8.064416,19.963820,1.218519,0.720625,4.410841,0.649634,0.609833,0.889760,35,11452,0,0
996,2,2.825334,2.025859,10.052453,1.012346,6.073402,19.963535,1.405362,0.885627,5.381463,0.839779,0.856869,1.028402,47,15021,0,0
997,2,2.835181,1.963094,7.937707,1.000648,8.190569,19.964105,1.099582,0.605309,4.448218,0.617615,0.686195,0.910261,35,11452,0,0
998,2,2.850121,2.018250,10.125431,1.027564,5.984738,19.987854,1.475304,0.805603,5.462911,0.803107,0.913642,1.021881,47,15021,0,0
999,2,2.829119,2.032735,8.096052,1.004201,8.009159,19.938531,1.259328,0.651984,4.505825,0.643178,0.687317,0.892904,35,11452,0,0
1000,2,2.893409,2.063802,10.124596,1.029544,5.916033,19.963582,1.515357,0.846700,5.434092,0.796502,0.816274,1.130883,47,15021,0,0
1001,2,2.871579,2.039571,7.994144,1.004005,8.093645,19.963372,1.098568,0.614366,4.423618,0.654117,0.704254,0.881097,35,11452,0,0
1002,2,2.866411,2.032186,9.969181,1.013458,6.114546,19.963596,1.484148,0.875346,5.189334,0.889116,0.816803,1.032871,47,15021,0,0
1003,2,2.858761,2.037008,8.036177,1.017249,8.051429,19.963616,1.179915,0.710500,4.439446,0.687456,0.575385,0.898668,35,11452,0,0
1004,2,2.829139,2.030660,10.149173,1.006059,5.979102,19.963474,1.476213,0.928650,5.483195,0.891435,0.919688,1.086246,47,15021,0,0
1005,2,2.813697,2.016947,8.016544,1.004628,8.128971,19.963840,1.192332,0.762736,4.305145,0.680932,0.618486,0.853397,35,11452,0,0
1006,2,2.823259,1.978434,10.120650,1.032732,5.987098,19.963738,1.581204,0.921519,5.216258,0.877648,0.781145,0.966912,47,15021,0,0
1007,2,2.888363,2.033895,7.991987,1.004303,8.093326,19.977980,1.262156,0.648431,4.277039,0.742418,0.658027,0.724155,35,11452,0,0
1008,2,2.832475,2.035522,10.204349,1.005063,5.907549,19.949436,1.504269,0.869548,5.552721,0.800483,0.815657,1.186171,47,15021,0,0
1009,2,2.854367,2.053385,7.993147,1.002146,8.113508,19.963169,1.173377,0.651493,4.334357,0.651140,0.682960,0.936191,35,11452,0,0
1010,2,2.813331,1.981893,10.100284,1.012726,6.037547,19.963888,1.485094,0.834127,5.294705,0.826955,0.812737,1.175598,47,15021,0,0
1011,2,2.864336,2.031026,7.814233,1.068336,8.242815,19.989719,1.168742,0.671461,4.224372,0.648271,0.581011,0.868632,35,11452,0,0
1012,2,2.851376,2.023112,10.212202,1.009572,5.864058,19.937208,1.429454,0.916714,5.536384,0.755317,0.850454,1.172499,47,15021,0,0
1013,2,2.842241,2.016785,8.043521,1.006995,8.071225,19.963982,1.207241,0.646918,4.436751,0.647749,0.678260,0.863122,35,11452,0,0
1014,2,2.821042,2.022400,10.039412,1.035458,6.067481,19.963392,1.483144,0.885383,5.385179,0.798316,0.863047,1.072083,47,15021,0,0
1015,2,2.855160,1.982971,7.926463,1.000166,8.182254,19.964044,1.146901,0.683092,4.292328,0.684777,0.619385,0.915046,35,11452,0,0
1016,2,2.815386,2.016927,10.192264,1.004635,5.922177,19.934462,1.481906,0.921946,5.436805,0.875600,0.841576,1.141703,47,15021,0,0
1017,2,2.840756,2.044902,8.032311,1.006263,8.084408,19.963738,1.097385,0.737562,4.450592,0.607530,0.616106,0.901883,35,11452,0,0
1018,2,2.834083,2.019735,10.128401,1.008135,5.987200,19.957818,1.394236,0.873169,5.424544,0.867727,0.812846,1.079756,47,15021,0,0
1019,2,2.898760,2.040731,8.001468,1.002533,8.060774,19.963535,1.147312,0.683641,4.361338,0.789544,0.653097,0.824643,35,11452,0,0
1020,2,2.844459,2.016073,10.170027,1.008209,5.955712,19.978407,1.492276,0.805664,5.565182,0.851451,0.951579,1.111681,47,15021,0,0
1021,2,2.827654,2.030660,8.053145,1.005571,8.062497,19.948866,1.175351,0.603882,4.468669,0.649044,0.581173,0.974884,35,11452,0,0
1022,2,2.826331,2.026286,10.103784,1.023454,6.030555,19.984124,1.407769,0.932261,5.348731,0.861382,0.849070,1.036285,47,15021,0,0
1023,2,2.819617,1.988953,7.881168,1.033810,8.208249,19.942844,1.138180,0.678755,4.267429,0.609351,0.582943,0.904836,35,11452,0,0
1024,2,2.900224,2.036296,10.228885,1.034359,5.825375,19.988844,1.503381,0.941728,5.438348,0.838094,0.813182,1.177524,47,15021,0,0
1025,2,2.858883,2.036397,8.046024,1.001149,8.032108,19.938165,1.159061,0.691698,4.390401,0.610274,0.615980,0.890462,35,11452,0,0
1026,2,2.824724,2.029032,10.107263,1.008501,6.023231,19.963718,1.393073,0.808143,5.557461,0.905060,0.818112,1.126682,47,15021,0,0
1027,2,2.800086,2.000081,7.967350,1.009294,8.186785,19.963515,1.227492,0.687724,4.249491,0.642856,0.618473,0.872830,35,11452,0,0
1028,2,2.850956,2.020142,10.235762,1.006019,5.871070,19.963806,1.550724,0.841821,5.527551,0.800283,0.882372,1.117764,47,15021,0,0
1029,2,2.816444,2.018250,8.072839,1.006161,8.016720,19.912164,1.187832,0.733863,4.410858,0.685706,0.682156,0.922248,35,11452,0,0
1030,2,2.849606,2.024495,10.163272,1.007667,5.943498,19.964044,1.532640,0.890706,5.446326,0.821140,0.780965,1.081061,47,15021,0,0
1031,2,2.826148,2.025350,7.995263,1.006100,8.136064,19.963576,1.271064,0.605404,4.364631,0.726305,0.653514,0.924438,35,11452,0,0
1032,2,2.889564,2.056946,10.006785,1.001000,6.066023,19.963372,1.574860,0.840257,5.202728,0.829139,0.839345,1.079020,47,15021,0,0
1033,2,2.882728,2.052097,8.078088,1.000912,8.009599,19.971327,1.188636,0.670213,4.474714,0.649143,0.668009,0.917396,35,11452,0,0
1034,2,2.851335,2.024882,10.167470,1.004988,5.932519,19.956312,1.424184,0.846151,5.590769,0.787462,0.887960,1.165222,47,15021,0,0
1035,2,2.856300,2.022990,7.977481,1.006317,8.123803,19.963901,1.105825,0.645016,4.383480,0.706495,0.683085,0.925571,35,11452,0,0
1036,2,2.859656,1.991516,10.032399,1.005747,6.065874,19.963677,1.510434,0.886617,5.252726,0.800134,0.835310,0.997586,47,15021,0,0
1037,2,2.857052,2.024190,8.040144,1.015167,8.066349,19.978712,1.142934,0.639069,4.509189,0.606923,0.726122,0.883891,35,11452,0,0
1038,2,2.814653,2.017761,10.167769,1.002947,5.963742,19.949110,1.556814,0.990272,5.395932,0.845144,0.887414,1.075758,47,15021,0,0
1039,2,2.819699,2.022725,8.037398,1.005788,8.100569,19.963454,1.194553,0.803433,4.264628,0.676198,0.617564,0.851315,35,11452,0,0
1040,2,2.881914,2.001851,10.076175,1.010596,5.994809,19.963494,1.524011,0.837640,5.228421,0.869029,0.782861,0.910580,47,15021,0,0
1041,2,2.913116,2.054769,8.039276,1.003896,8.024865,19.981154,1.141293,0.640940,4.515628,0.620382,0.616133,0.789205,35,11452,0,0
1042,2,2.817196,2.020325,10.204803,1.005130,5.918989,19.946120,1.400957,0.811903,5.607836,0.835436,0.853878,1.213491,47,15021,0,0
1043,2,2.828081,2.032186,8.036645,0.999529,8.092933,19.957187,1.268229,0.679342,4.330261,0.611528,0.604407,0.911770,35,11452,0,0
1044,2,2.815596,2.015320,10.119836,1.011207,6.017168,19.963806,1.470591,0.925347,5.330390,0.794844,0.880724,1.226634,47,15021,0,0
1045,2,2.861304,2.026713,7.820723,1.045054,8.235884,19.962965,1.253757,0.598762,4.297479,0.679426,0.582974,0.884250,35,11452,0,0
1046,2,2.858090,2.026347,10.209578,1.004656,5.862281,19.934604,1.467909,0.893884,5.585331,0.834625,0.865618,1.165103,47,15021,0,0
1047,2,2.848853,2.021891,8.063541,0.999630,8.051246,19.963270,1.217112,0.644172,4.468394,0.701999,0.616594,0.888431,35,11452,0,0
1048,2,2.843055,2.043681,10.103377,1.012217,6.004805,19.963454,1.445862,0.891493,5.357429,0.905016,0.915382,0.981218,47,15021,0,0
1049,2,2.872989,2.039917,7.872806,1.007843,8.209985,19.963623,1.176324,0.639754,4.224487,0.695173,0.580349,0.805779,35,11452,0,0
1050,2,2.798987,1.999797,10.172387,1.008135,5.961931,19.941440,1.394524,0.842360,5.539476,0.803212,0.956184,1.153588,47,15021,0,0
1051,2,2.826128,2.029032,8.063093,1.008338,8.059119,19.956679,1.132545,0.694377,4.524316,0.647169,0.617686,0.913988,35,11452,0,0
1052,2,2.864458,2.039307,10.102685,1.027930,5.968611,19.963684,1.427945,0.840729,5.435181,0.798523,0.817010,1.184821,47,15021,0,0
1053,2,2.903113,2.006917,7.873172,1.030535,8.156701,19.963521,1.168332,0.689755,4.341431,0.770396,0.598612,0.852380,35,11452,0,0
1054,2,2.851871,2.021586,9.888268,1.031904,6.191891,19.963935,1.402598,0.986827,5.066562,0.844401,0.834313,0.946493,47,15021,0,0
1055,2,2.839047,2.039185,8.080916,1.029978,7.981144,19.931085,1.234168,0.672997,4.424527,0.688636,0.610145,0.948510,35,11452,0,0
1056,2,2.852617,2.054749,10.110884,1.003374,6.006710,19.973585,1.515717,0.889394,5.395830,0.833872,0.812286,1.138218,47,15021,0,0
1057,2,2.844601,2.044067,7.905908,1.006955,8.196164,19.953627,1.143243,0.641842,4.310815,0.647102,0.621409,0.924293,35,11452,0,0
1058,2,2.883135,2.024251,9.976708,1.014333,6.089339,19.963515,1.562178,0.843163,5.091600,0.802416,0.817196,0.904015,47,15021,0,0
1059,2,2.823829,1.997742,8.096724,1.001868,8.011573,19.933994,1.253228,0.774573,4.361786,0.647458,0.618805,0.933248,35,11452,0,0
1060,2,2.819638,2.024495,10.140934,1.006100,5.996599,19.963270,1.468774,0.897997,5.470412,0.762861,0.870775,1.084883,47,15021,0,0
1061,2,2.822784,2.022135,7.978994,1.005917,8.156206,19.963901,1.148376,0.606350,4.347517,0.723331,0.656009,0.941671,35,11452,0,0
1062,2,2.859392,2.025472,9.944054,1.029097,6.140154,19.972697,1.538205,0.968004,5.083815,0.830268,0.782840,1.078552,47,15021,0,0
1063,2,2.856666,2.025411,8.048262,1.003415,8.046709,19.955051,1.174761,0.673438,4.493778,0.695723,0.577135,0.832225,35,11452,0,0
1064,2,2.870216,2.043722,10.193526,1.003984,5.895545,19.963270,1.440501,0.889472,5.518287,0.827430,0.852058,1.135590,47,15021,0,0
1065,2,2.880001,2.047038,7.974979,1.000682,8.107751,19.963413,1.108676,0.641876,4.295871,0.683970,0.629866,0.924405,35,11452,0,0
1066,2,2.820533,1.989868,10.092716,1.009966,6.040992,19.964206,1.461711,0.883185,5.330546,0.819278,0.814555,1.046309,47,15021,0,0
1067,2,2.857920,2.024984,8.022512,1.033342,8.049455,19.963230,1.148298,0.635959,4.496735,0.777239,0.615034,0.822829,35,11452,0,0
1068,2,2.807329,2.009725,10.168684,1.005510,5.947079,19.928602,1.472666,0.883976,5.467790,0.858066,0.808929,1.149400,47,15021,0,0
1069,2,2.830400,2.034139,8.038842,1.008887,8.085100,19.963230,1.143395,0.696147,4.448188,0.607876,0.581533,0.884274,35,11452,0,0
1070,2,2.847131,2.028585,10.149438,1.010454,5.956194,19.963216,1.530799,0.922984,5.361538,0.832991,0.858154,1.068363,47,15021,0,0
1071,2,2.902544,1.999817,7.929365,1.003577,8.127580,19.963067,1.153191,0.682946,4.237844,0.728726,0.617299,0.767371,35,11452,0,0
1072,2,2.872555,2.040568,9.986108,1.005259,6.099918,19.963840,1.398607,0.847273,5.305908,0.796590,0.906728,0.949236,47,15021,0,0
1073,2,2.850766,2.051046,8.055586,1.006304,8.022091,19.934747,1.234812,0.679599,4.391249,0.727787,0.578762,0.969476,35,11452,0,0
1074,2,2.876156,2.044739,10.112512,1.006792,5.968401,19.963860,1.525852,0.937727,5.267493,0.850423,0.887421,1.066603,47,15021,0,0
1075,2,2.849240,2.021505,7.942325,1.001475,8.170454,19.963494,1.191372,0.634647,4.293874,0.613942,0.583489,0.896176,35,11452,0,0
1076,2,2.887448,1.987793,9.990828,1.006507,6.078590,19.963372,1.542694,0.844103,5.139221,0.840244,0.778897,0.933729,47,15021,0,0
1077,2,2.837562,2.005412,8.012088,1.022864,8.111467,19.983982,1.182973,0.604455,4.513129,0.684797,0.730381,0.866102,35,11452,0,0
1078,2,2.815752,2.018880,10.216271,1.002899,5.907779,19.942702,1.525957,0.924730,5.404073,0.877930,0.887373,1.131117,47,15021,0,0
1079,2,2.837541,2.041687,8.056400,1.004567,8.065067,19.963576,1.230337,0.760939,4.244344,0.646372,0.652056,0.914147,35,11452,0,0
1200,3,2.957394,2.055196,12.524397,1.544647,2.938032,19.964471,2.349124,1.307475,5.531657,0.872206,0.914903,1.098477,51,15353,0,0
1201,3,2.939423,2.039225,10.344676,1.542389,5.137414,19.963901,1.754174,1.170837,4.626156,0.726858,0.675785,0.928745,39,11784,0,0
1202,3,2.921438,1.964762,12.471405,1.543372,3.027157,19.963372,2.102817,1.269223,5.688327,0.880046,1.005107,1.097436,51,15353,0,0
1203,3,2.957109,2.039490,10.284285,1.550500,5.172055,19.963949,1.763190,1.228668,4.496084,0.727051,0.679203,0.911906,39,11784,0,0
1204,3,2.915931,2.024699,12.421227,1.547068,3.079512,19.963738,2.042962,1.348056,5.457679,0.918437,0.874485,0.978244,51,15353,0,0
1205,3,2.921621,2.033346,10.247264,1.552405,5.242428,19.963718,1.702342,1.081407,4.558899,0.690250,0.766012,0.893134,39,11784,0,0
1206,3,2.869700,2.013265,12.611949,1.546668,2.903785,19.932102,2.104797,1.389340,5.620060,0.837460,0.932180,1.072327,51,15353,0,0
1207,3,2.891774,2.034688,10.343699,1.554433,5.142826,19.932732,1.670163,1.145599,4.523037,0.698934,0.680511,0.853594,39,11784,0,0
1208,3,2.929603,2.047051,12.649051,1.544898,2.828651,19.952203,2.155755,1.343679,5.695845,0.882589,0.873413,1.174550,51,15353,0,0
1209,3,2.912018,1.991638,10.116343,1.542864,5.392066,19.963291,1.711670,1.139743,4.427904,0.694770,0.670163,0.766096,39,11784,0,0
1210,3,2.889543,2.031189,12.612084,1.537838,2.924435,19.963901,2.266900,1.321296,5.651201,0.836263,0.958371,1.123501,51,15353,0,0
1211,3,2.884694,2.026245,10.378428,1.547007,5.153059,19.963189,1.789276,1.308845,4.429854,0.651042,0.693685,0.879927,39,11784,0,0
1212,3,2.919430,2.019735,12.527856,1.544674,2.971981,19.963942,2.178691,1.353166,5.522519,0.802307,0.873420,1.061869,51,15353,0,0
1213,3,2.942217,1.984294,10.328237,1.544091,5.148760,19.963304,1.829183,1.155121,4.556454,0.738678,0.819136,0.888648,39,11784,0,0
1214,3,2.957733,2.041361,12.414886,1.549774,3.041528,19.963921,2.064660,1.341495,5.577477,0.912228,0.894891,1.031108,51,15353,0,0
1215,3,2.962684,2.041300,10.265710,1.544044,5.190955,19.963392,1.647953,1.077193,4.616825,0.760118,0.777856,0.902083,39,11784,0,0
1216,3,2.933197,2.048726,12.501699,3.090858,1.437924,19.963677,2.093001,1.350437,5.585819,0.988739,0.874895,0.981144,51,15353,0,0
1217,3,2.862240,2.004659,10.232859,1.553680,5.284122,19.932902,1.677066,1.261108,4.467984,0.719167,0.639567,0.808462,39,11784,0,0
1218,3,2.891998,2.036764,12.587738,1.542294,2.941728,19.963759,2.032830,1.572228,5.592251,0.799384,0.871073,1.003737,51,15353,0,0
1219,3,2.916534,2.029704,10.429270,1.540131,5.078088,19.964023,1.790578,1.156559,4.670532,0.774658,0.640049,0.924947,39,11784,0,0
1220,3,2.953956,2.021281,12.518416,1.546519,2.938236,19.957126,2.179355,1.388875,5.496965,0.939633,0.877289,1.019016,51,15353,0,0
1221,3,2.925106,2.027059,10.396488,1.542877,5.099409,19.963881,1.767907,1.121453,4.644314,0.684475,0.750770,0.948822,39,11784,0,0
1222,3,2.899207,1.970154,12.490360,1.546282,3.027727,19.963576,2.143941,1.319190,5.465973,0.912889,0.877933,1.067783,51,15353,0,0
1223,3,2.935252,2.002889,10.319021,1.542782,5.183529,19.980584,1.881409,1.099796,4.546356,0.692162,0.708303,0.911329,39,11784,0,0
1224,3,2.945933,2.055379,12.549062,1.533925,2.918196,19.947116,1.980401,1.415290,5.663211,1.007551,0.873928,0.963009,51,15353,0,0
1225,3,2.936676,2.016337,10.219296,1.547923,5.279599,19.983493,1.708052,1.129540,4.496965,0.651035,0.666019,0.950155,39,11784,0,0
1226,3,2.898631,2.017110,12.600372,1.539812,2.904761,19.943576,2.151530,1.351190,5.687419,0.886546,0.882270,1.057685,51,15353,0,0
1227,3,2.871490,2.018555,10.311818,1.542389,5.238224,19.963921,1.624959,1.153954,4.685591,0.736579,0.751929,0.778202,39,11784,0,0
1228,3,2.878618,2.020589,12.541894,1.543549,2.999556,19.963616,2.107686,1.348599,5.636285,1.006565,0.836517,1.134549,51,15353,0,0
1229,3,2.887278,2.029968,10.357432,1.539425,5.179338,19.963474,1.849094,1.228271,4.511946,0.728458,0.667711,0.916307,39,11784,0,0
1230,3,2.915538,1.982768,12.460927,1.547624,3.009518,19.933607,2.060747,1.320696,5.684513,0.918745,0.907579,0.990889,51,15353,0,0
1231,3,2.964915,2.044393,10.302704,1.546682,5.149743,19.964044,1.801171,1.115509,4.585236,0.690053,0.679237,0.912143,39,11784,0,0
1232,3,2.941010,2.023743,12.578935,1.548431,2.895545,19.963921,2.063538,1.295858,5.608049,0.918833,0.920702,1.039554,51,15353,0,0
1233,3,2.889360,2.001607,10.224267,1.544810,5.322330,19.980767,1.716583,1.040656,4.581980,0.764957,0.715071,0.874939,39,11784,0,0
1234,3,2.886220,2.030741,12.629690,1.550276,2.888682,19.954868,2.355998,1.470117,5.507823,0.843170,0.907783,1.122911,51,15353,0,0
1235,3,2.892860,2.040833,10.339237,1.547828,5.174720,19.954644,1.708703,1.113563,4.706580,0.814694,0.711880,0.822584,39,11784,0,0
1236,3,2.915558,2.036784,12.586375,1.547380,2.914954,19.964267,2.327393,1.349535,5.592970,0.877123,0.875064,1.104953,51,15353,0,0
1237,3,2.890459,2.004883,10.422123,1.549672,5.101525,19.963779,1.677684,1.276486,4.558990,0.647529,0.716068,0.912428,39,11784,0,0
1238,3,2.940216,2.008240,12.515452,1.542857,2.965010,19.963535,2.075114,1.314317,5.501723,0.842255,0.842570,1.137115,51,15353,0,0
1239,3,2.936113,2.035136,10.354543,1.547699,5.125851,19.964206,1.806519,1.248494,4.476752,0.684224,0.674615,0.916043,39,11784,0,0
1240,3,2.945635,2.011169,12.422835,1.552419,3.042219,19.963108,2.218689,1.350837,5.491296,0.845042,0.875431,1.052419,51,15353,0,0
1241,3,2.912187,1.977458,10.322920,1.543569,5.185367,19.964044,1.880646,1.089854,4.516947,0.799184,0.641069,0.869378,39,11784,0,0
1242,3,2.922089,2.005025,12.685760,1.539100,2.816789,19.963738,2.167450,1.344801,5.816783,0.917002,0.988973,1.036204,51,15353,0,0
1243,3,2.933584,2.021010,10.242584,1.541846,5.245731,19.963745,1.725043,1.070828,4.646844,0.751187,0.641693,0.968167,39,11784,0,0
1244,3,2.882768,2.024984,12.701623,1.540660,2.809004,19.934055,2.116899,1.430539,5.555291,0.840118,0.964193,1.064002,51,15353,0,0
1245,3,2.889442,2.031779,10.306196,1.549842,5.184221,19.929701,1.709944,1.194756,4.487447,0.742391,0.702372,0.827701,39,11784,0,0
1246,3,2.888885,2.035177,12.579376,1.544647,2.966434,19.979343,2.064345,1.398570,5.670770,0.844262,0.874101,1.042647,51,15353,0,0
1247,3,2.892141,2.036580,10.488169,1.541799,5.026208,19.948317,1.812897,1.216231,4.635708,0.717655,0.680189,0.921122,39,11784,0,0
1248,3,2.933306,2.049927,12.583845,1.544980,2.901303,19.963433,2.164883,1.304548,5.678752,0.918701,0.914822,1.128679,51,15353,0,0
1249,3,2.906362,2.017782,10.433421,1.548242,5.075694,19.963718,1.803063,1.095900,4.587128,0.649960,0.636553,0.967150,39,11784,0,0
1250,3,2.916419,1.985942,12.476342,1.543521,3.026988,19.963270,2.109551,1.288015,5.593024,0.903785,0.937754,1.088518,51,15353,0,0
1251,3,2.911550,1.982707,10.370168,1.551571,5.130985,19.964274,1.724257,1.148800,4.614217,0.743605,0.714918,0.947147,39,11784,0,0
1252,3,2.898081,1.966838,12.442373,1.538042,3.085385,19.963881,2.061415,1.373071,5.507907,0.872643,0.881816,1.008192,51,15353,0,0
1253,3,2.935170,2.024190,10.224009,1.544152,5.260088,19.963420,1.673801,1.115292,4.606849,0.729828,0.733341,0.849341,39,11784,0,0
1254,3,2.932566,2.020345,12.526316,1.540192,2.964806,19.963881,2.267883,1.316383,5.581326,0.917023,0.914442,1.017470,51,15353,0,0
1255,3,2.928701,2.070923,10.201609,1.567596,5.257002,19.954909,1.716797,1.163703,4.499742,0.770335,0.676782,0.854363,39,11784,0,0
1256,3,2.904863,2.051514,12.642283,1.546926,2.851946,19.946018,2.162177,1.394402,5.651852,0.979994,0.910973,1.063819,51,15353,0,0
1257,3,2.866018,2.010701,10.333588,1.567739,5.192447,19.959791,1.703864,1.139825,4.540724,0.690918,0.712528,0.846690,39,11784,0,0
1258,3,2.882565,2.025045,12.592655,1.544023,2.944333,19.963576,2.192281,1.423102,5.584863,0.835405,0.869212,1.058726,51,15353,0,0
1259,3,2.927019,2.040100,10.415944,1.537059,5.083805,19.963826,1.751163,1.115451,4.692705,0.739438,0.696313,0.973643,39,11784,0,0
1260,3,2.949514,1.993388,12.489614,1.545156,2.978845,19.963128,2.194753,1.382606,5.481388,0.858409,0.840193,1.048442,51,15353,0,0
1261,3,2.918718,1.986471,10.364566,1.538917,5.141646,19.963847,1.800452,1.195645,4.529361,0.649841,0.677622,0.892324,39,11784,0,0
1262,3,2.908559,1.979574,12.441050,1.550147,3.064511,19.964267,2.155589,1.276723,5.425900,0.881782,0.837680,1.063755,51,15353,0,0
1263,3,2.921682,2.035197,10.312944,1.575877,5.178531,19.989034,1.876183,1.043450,4.603960,0.720978,0.675798,0.847460,39,11784,0,0
1264,3,2.925344,2.040507,12.676239,1.541216,2.795203,19.938002,2.163262,1.380622,5.719706,0.953495,0.942546,1.051168,51,15353,0,0
1265,3,2.945506,2.027445,10.217723,1.546668,5.271298,19.981194,1.672553,1.176961,4.453773,0.770874,0.678897,0.829559,39,11784,0,0
1266,3,2.906158,2.024150,12.619253,1.541989,2.878415,19.945814,2.216461,1.463420,5.410261,0.881412,0.875732,1.045546,51,15353,0,0
1267,3,2.878245,2.023722,10.489166,1.536896,5.059370,19.963677,1.711819,1.315077,4.556529,0.648756,0.675354,0.906833,39,11784,0,0
1268,3,2.880280,2.022685,12.626556,1.554420,2.902320,19.963576,2.282389,1.346985,5.516198,0.840335,0.878330,1.152442,51,15353,0,0
1269,3,2.885535,2.027954,10.359772,1.546811,5.172095,19.964213,1.790151,1.348969,4.477546,0.687788,0.672526,0.905629,39,11784,0,0
1270,3,2.939090,1.983866,12.442854,1.549516,3.031613,19.963074,2.063538,1.266239,5.592672,0.806173,0.907949,0.967197,51,15353,0,0
1271,3,2.974965,2.058044,10.324941,1.544017,5.113325,19.957248,1.794854,1.144501,4.599837,0.807454,0.641547,0.949592,39,11784,0,0
1272,3,2.955543,2.039978,12.596948,1.544634,2.866533,19.963657,2.156592,1.435404,5.560143,1.001733,0.912272,0.958364,51,15353,0,0
1273,3,2.891802,2.003459,10.297061,1.545475,5.229062,19.963399,1.830180,1.055589,4.562008,0.729251,0.745260,0.863678,39,11784,0,0
1274,3,2.915185,2.029215,12.669172,1.540131,2.839196,19.963684,2.060900,1.473321,5.648393,0.883413,0.911641,1.078396,51,15353,0,0
1275,3,2.878835,2.021769,10.204722,1.547333,5.322411,19.953301,1.680674,1.222399,4.416694,0.758006,0.678352,0.774194,39,11784,0,0
1276,3,2.909068,2.025594,12.602610,1.545895,2.905718,19.963291,2.183546,1.492774,5.566369,0.881076,0.838413,0.963691,51,15353,0,0
1277,3,2.885651,2.005493,10.365875,1.541128,5.151452,19.944105,1.780911,1.156284,4.554437,0.814646,0.671319,0.765686,39,11784,0,0
1278,3,2.864153,2.008199,12.618147,1.542864,2.938371,19.963535,2.219567,1.389818,5.590308,0.872650,0.978722,1.120490,51,15353,0,0
1279,3,2.904673,2.045919,10.408254,1.545264,5.105933,19.964125,1.820814,1.308489,4.455224,0.726793,0.683929,0.926317,39,11784,0,0
1280,3,2.944848,2.044861,12.484297,1.551531,3.000241,19.980916,2.198174,1.377530,5.507796,0.799113,0.911608,1.102000,51,15353,0,0
1281,3,2.918345,1.987000,10.319041,1.545054,5.163272,19.945713,1.744276,1.140734,4.593560,0.651981,0.672713,0.901123,39,11784,0,0
1282,3,2.932648,1.973653,12.507314,1.546383,2.977536,19.963881,2.065542,1.421190,5.497589,0.920200,0.870622,0.915697,51,15353,0,0
1283,3,2.936106,2.025798,10.322439,1.547665,5.157678,19.963888,1.719835,1.200050,4.509691,0.693366,0.680271,0.914863,39,11784,0,0
1284,3,2.902239,2.014323,12.365991,3.094432,1.601139,19.963799,2.129730,1.345147,5.547163,0.878418,0.912462,0.943736,51,15353,0,0
1285,3,2.924801,2.037740,10.211782,1.549944,5.276893,19.963420,1.775926,1.072866,4.570770,0.698998,0.716916,0.928131,39,11784,0,0
1286,3,2.872894,2.017171,12.658885,1.578210,2.853675,19.963664,2.063039,1.433668,5.667091,0.796319,0.946896,1.147003,51,15353,0,0
1287,3,2.924862,2.038818,10.312096,1.544023,5.152225,19.933207,1.691623,1.188904,4.575395,0.695238,0.712901,0.802799,39,11784,0,0
1288,3,2.911570,2.045003,12.581757,1.542029,2.928077,19.963433,2.294854,1.398641,5.553382,0.877326,0.908145,1.082520,51,15353,0,0
1289,3,2.916087,2.025187,10.424693,1.540443,5.083086,19.964308,1.666962,1.234904,4.598412,0.758918,0.671960,0.875180,39,11784,0,0
1290,3,2.891971,2.035360,12.561100,1.539222,2.971127,19.963420,2.168315,1.429362,5.520938,0.835775,0.966936,1.057373,51,15353,0,0
1291,3,2.919939,1.991048,10.317244,1.546051,5.180769,19.964003,1.810106,1.082167,4.590715,0.687537,0.693058,0.894107,39,11784,0,0
1292,3,2.910858,1.980957,12.468170,1.549150,3.035743,19.963921,2.197201,1.427032,5.500763,0.909454,0.875153,0.990428,51,15353,0,0
1293,3,2.922441,2.014689,10.290063,1.545061,5.206682,19.964247,1.792775,1.114299,4.610348,0.811201,0.644826,0.842665,39,11784,0,0
1294,3,2.929616,2.016744,12.562266,1.543569,2.928043,19.963494,2.087151,1.403473,5.649726,0.910448,0.928060,1.013004,51,15353,0,0
1295,3,2.935354,2.037862,10.172516,1.546824,5.297631,19.952325,1.748793,1.103956,4.476427,0.682882,0.638323,0.866852,39,11784,0,0
1296,3,2.898244,2.044834,12.622793,1.539873,2.878211,19.939121,2.173096,1.507338,5.513004,0.957394,0.837063,1.015628,51,15353,0,0
1297,3,2.883643,2.031698,10.269291,1.545183,5.265344,19.963460,1.803992,1.066698,4.556722,0.691288,0.707503,0.833174,39,11784,0,0
1298,3,2.866282,2.008708,12.620453,1.540361,2.937171,19.964267,2.187615,1.226206,5.690630,0.876617,0.995280,1.068305,51,15353,0,0
1299,3,2.960297,2.032491,10.365997,1.543759,5.093686,19.963738,1.774346,1.110372,4.636339,0.692396,0.670709,0.988634,39,11784,0,0
1300,3,2.952335,1.998210,12.482493,1.544749,2.984026,19.963603,2.026082,1.275825,5.561479,0.837813,0.838114,1.122803,51,15353,0,0
1301,3,2.915009,1.987081,10.341359,1.547360,5.160580,19.964308,1.893521,1.155195,4.445241,0.731062,0.679230,0.885251,39,11784,0,0
1302,3,2.910166,2.022685,12.397654,1.546505,3.109372,19.963698,2.099908,1.264150,5.573398,0.800815,0.872260,1.102780,51,15353,0,0
1303,3,2.901988,2.012797,10.264699,1.583689,5.253116,20.003493,1.717010,1.142236,4.595639,0.690803,0.678436,0.876299,39,11784,0,0
1304,3,2.889862,2.034383,12.610362,1.545549,2.896094,19.941867,2.062985,1.476050,5.607218,0.836246,0.833903,0.979241,51,15353,0,0
1305,3,2.912018,2.026835,10.302297,1.542511,5.188561,19.945387,1.838220,1.120843,4.620294,0.795139,0.712640,0.776326,39,11784,0,0
1306,3,2.923106,2.026910,12.606618,1.546912,2.887143,19.963779,2.249234,1.393558,5.514930,0.801185,0.911984,1.091766,51,15353,0,0
1307,3,2.885691,2.027296,10.470306,1.546417,5.061506,19.963921,1.805817,1.159532,4.627825,0.746609,0.712928,0.923319,39,11784,0,0
1308,3,2.877072,2.020935,12.605533,1.546037,2.935035,19.963677,2.168922,1.414768,5.505103,0.954529,0.916280,1.071587,51,15353,0,0
1309,3,2.926103,2.026815,10.341414,1.546485,5.149757,19.963759,1.859511,1.116194,4.611379,0.766869,0.639896,0.964586,39,11784,0,0
1310,3,2.943349,2.020752,12.410777,1.544627,3.065026,19.963779,2.072371,1.300832,5.648678,0.936178,0.908013,1.031674,51,15353,0,0
1311,3,2.966875,2.048238,10.287845,1.545447,5.163347,19.963515,1.722670,1.105228,4.576355,0.766534,0.680410,0.889910,39,11784,0,0
1312,3,2.947418,2.030457,12.580231,1.541582,2.894752,19.963982,2.134976,1.366421,5.520331,0.834283,0.872545,1.069407,51,15353,0,0
1313,3,2.877411,1.991984,10.226410,1.551422,5.327721,19.982964,1.675944,1.090122,4.548214,0.693217,0.680274,0.873427,39,11784,0,0
1314,3,2.882538,2.029460,12.603119,1.551992,2.906579,19.944227,2.035041,1.438361,5.580136,0.884796,0.880988,1.056444,51,15353,0,0
1315,3,2.896108,2.041585,10.326324,1.540443,5.200701,19.963576,1.708893,1.111270,4.710449,0.798170,0.712552,0.821452,39,11784,0,0
1316,3,2.927039,2.040385,12.570363,1.541277,2.924842,19.963521,2.175859,1.341278,5.642490,0.854007,0.892141,1.067156,51,15353,0,0
1317,3,2.895335,2.012044,10.366486,1.541779,5.160119,19.963718,1.845781,1.148309,4.481052,0.686981,0.638760,0.927219,39,11784,0,0
1318,3,2.921580,1.948466,12.470591,1.544084,3.027137,19.963392,2.069597,1.272539,5.623949,0.801588,0.896952,1.118167,51,15353,0,0
1319,3,2.939606,2.003337,10.323517,1.550941,5.150143,19.964206,1.643606,1.186066,4.537140,0.651293,0.714488,0.939284,39,11784,0,0
1320,3,2.932851,2.045492,12.444855,1.578705,3.006432,19.962843,2.017463,1.645589,5.379344,0.959486,0.840400,0.914812,51,15353,0,0
1321,3,2.908871,2.022502,10.265384,1.547279,5.242225,19.963759,1.756351,1.074276,4.666846,0.694255,0.767805,0.836853,39,11784,0,0
1322,3,2.899709,2.012838,12.625682,1.561764,2.861589,19.948744,2.193278,1.379771,5.742255,0.866872,0.906799,1.000193,51,15353,0,0
1323,3,2.899512,2.024984,10.375614,1.544105,5.122277,19.941508,1.707747,1.190982,4.603390,0.765476,0.690552,0.883979,39,11784,0,0
1324,3,2.915476,2.021627,12.622223,1.536794,2.889550,19.964044,2.267487,1.335222,5.581668,0.833316,0.909180,1.150018,51,15353,0,0
1325,3,2.880117,2.026184,10.409739,1.540748,5.133135,19.963738,1.744008,1.257399,4.552073,0.726579,0.674984,0.872382,39,11784,0,0
1326,3,2.889157,2.031535,12.569726,1.551646,2.953128,19.963657,2.030033,1.473870,5.564840,0.874095,0.935689,1.094547,51,15353,0,0
1327,3,2.927995,1.997172,10.368696,1.544301,5.122440,19.963433,1.682997,1.282572,4.549537,0.697113,0.707842,0.855062,39,11784,0,0
1328,3,2.944814,2.039632,12.424835,1.601871,3.058631,20.030151,2.106561,1.507718,5.430488,0.879147,0.877109,0.852875,51,15353,0,0
1329,3,2.932471,2.018873,10.220144,1.542653,5.202511,19.897780,1.747698,1.046644,4.673652,0.692932,0.714789,0.936551,39,11784,0,0
1330,3,2.937422,2.010722,12.338782,1.542145,3.145206,19.963555,2.161007,1.307963,5.379584,0.848026,0.841119,1.005483,51,15353,0,0
1331,3,2.888295,2.031698,10.201976,1.548479,5.308651,19.947401,1.702355,1.301744,4.441871,0.730821,0.637078,0.813572,39,11784,0,0
1332,3,2.881012,2.027283,12.612742,1.538673,2.918454,19.950880,2.211612,1.426334,5.632039,0.846083,0.995595,1.047065,51,15353,0,0
1333,3,2.883575,2.028463,10.296743,1.553864,5.229218,19.963399,1.759447,1.211416,4.479621,0.734697,0.719269,0.814185,39,11784,0,0
1334,3,2.927324,2.041443,12.584761,1.547048,2.904504,19.963637,2.190769,1.350315,5.588732,0.837514,0.975779,1.104272,51,15353,0,0
1335,3,2.930267,2.039666,10.453990,1.561357,5.018083,19.963698,1.744785,1.111328,4.562347,0.724172,0.673743,0.969547,39,11784,0,0
1336,3,2.936662,2.035848,12.496524,1.546193,2.984033,19.963413,2.215993,1.274139,5.592726,0.873193,0.898176,1.096578,51,15353,0,0
1337,3,2.912465,1.983073,10.339834,1.556081,5.155440,19.963820,1.827430,1.204810,4.464756,0.691450,0.708269,0.882229,39,11784,0,0
1338,3,2.891123,1.959574,12.463369,1.542925,3.066342,19.963759,2.012163,1.262977,5.625461,0.845557,1.031460,1.006093,51,15353,0,0
1339,3,2.932593,2.020345,10.226322,1.546709,5.258297,19.963921,1.636339,1.154558,4.565843,0.674849,0.753499,0.932214,39,11784,0,0
1340,3,2.933055,2.018901,12.629025,1.541202,2.860233,19.963515,2.075117,1.409224,5.713477,0.870700,0.883131,1.155945,51,15353,0,0
1341,3,2.907827,1.987447,10.178701,1.545936,5.301632,19.934096,1.786557,1.170227,4.492089,0.723226,0.676734,0.846395,39,11784,0,0
1342,3,2.883779,2.028788,12.457611,1.545325,3.076962,19.963677,2.218001,1.305915,5.540833,0.874386,0.908624,0.942034,51,15353,0,0
1343,3,2.883636,2.032349,10.306637,1.560808,5.212399,19.963481,1.761410,1.139886,4.513916,0.690989,0.674181,0.833740,39,11784,0,0
1344,3,2.903676,2.046468,12.618947,1.544301,2.897017,19.963942,2.067671,1.309099,5.625115,0.841573,0.954414,1.056746,51,15353,0,0
1345,3,2.966482,2.036682,10.340729,1.547014,5.109941,19.964166,1.860416,1.256775,4.456577,0.686191,0.680498,0.886115,39,11784,0,0
1346,3,2.957835,1.997152,12.461904,1.546221,2.997352,19.963311,2.035173,1.270189,5.539730,0.804565,0.901157,1.110111,51,15353,0,0
1347,3,2.949480,1.987040,10.276574,1.542104,5.189131,19.957289,1.791829,1.116750,4.562076,0.725477,0.701881,0.929735,39,11784,0,0
1348,3,2.920278,2.029582,12.513723,1.548167,2.981469,19.963637,2.159285,1.405050,5.476318,0.957303,0.914666,0.905134,51,15353,0,0
1349,3,2.890418,2.004673,10.241892,1.565647,5.287225,19.985182,1.738549,1.028876,4.672896,0.691094,0.713416,0.827640,39,11784,0,0
1350,3,2.887590,2.033305,12.607290,1.536814,2.910160,19.941854,2.042423,1.484928,5.681057,0.917301,0.886122,1.014516,51,15353,0,0
1351,3,2.922434,2.038574,10.331675,1.542925,5.166501,19.963535,1.720120,1.137929,4.533413,0.741336,0.637004,0.744436,39,11784,0,0
1352,3,2.938921,2.046916,12.616445,1.544023,2.864051,19.963440,2.196781,1.349884,5.668132,1.034807,0.875404,1.080139,51,15353,0,0
1353,3,2.885630,2.027039,10.402435,1.543006,5.132775,19.963847,1.823324,1.286024,4.506948,0.647135,0.676097,0.967797,39,11784,0,0
1354,3,2.903358,1.972738,12.514041,1.548391,2.998152,19.963942,2.155412,1.335761,5.438751,0.915771,0.879083,1.081791,51,15353,0,0
1355,3,2.908457,1.980672,10.339223,1.573307,5.169471,19.990458,1.889764,1.107144,4.622406,0.741353,0.679359,0.911516,39,11784,0,0
1356,3,2.913096,2.024923,12.595700,1.544851,2.883399,19.937046,2.057634,1.309455,5.777429,0.962067,0.891198,0.949877,51,15353,0,0
1357,3,2.946876,2.030619,10.228465,1.545481,5.243127,19.963949,1.743818,1.100366,4.572181,0.724633,0.641503,0.877523,39,11784,0,0
1358,3,2.896067,2.013367,12.626638,1.560910,2.868629,19.952243,2.141815,1.339586,5.586063,0.832160,0.838053,1.106459,51,15353,0,0
1359,3,2.881521,2.026917,10.339067,1.542796,5.179806,19.943190,1.863000,1.189297,4.538435,0.850467,0.715505,0.800985,39,11784,0,0
1360,3,2.897736,2.044169,12.568776,1.552873,2.944272,19.963657,2.200541,1.439036,5.476552,0.800510,0.953267,1.033091,51,15353,0,0
1361,3,2.889252,2.035075,10.418854,1.545610,5.109656,19.963372,1.633928,1.196594,4.668437,0.651333,0.678579,0.961928,39,11784,0,0
1362,3,2.953183,2.022807,12.510318,1.549327,2.951196,19.964023,2.157494,1.240384,5.500275,0.919864,0.871972,1.053711,51,15353,0,0
1363,3,2.940304,1.984701,10.352197,1.538232,5.132890,19.963623,1.749254,1.115628,4.604136,0.728427,0.639089,0.939596,39,11784,0,0
1364,3,2.910356,1.950073,12.457401,1.543142,3.052595,19.963494,2.117910,1.389167,5.505385,0.800947,0.875739,1.055545,51,15353,0,0
1365,3,2.905819,2.014384,10.292687,1.549578,5.215939,19.964023,1.795576,1.121589,4.487820,0.693088,0.747230,0.890177,39,11784,0,0
1366,3,2.916575,2.027893,12.667552,1.550635,2.828956,19.963718,2.189358,1.366167,5.681993,0.871986,0.980974,1.053830,51,15353,0,0
1367,3,2.898570,2.042053,10.187734,1.545319,5.302270,19.933892,1.883403,1.182092,4.388092,0.725182,0.639245,0.760722,39,11784,0,0
1368,3,2.929942,2.046712,12.586029,1.539995,2.907569,19.963535,2.146474,1.485575,5.585147,0.906467,0.909919,1.035807,51,15353,0,0
1369,3,2.883230,2.000997,10.344187,1.540877,5.195180,19.963474,1.702111,1.129957,4.612223,0.808390,0.670536,0.768561,39,11784,0,0
1370,3,2.864736,2.008484,12.614329,1.539581,2.945194,19.963840,2.272278,1.368852,5.531141,0.866957,0.876685,1.107941,51,15353,0,0
1371,3,2.882151,2.024577,10.370717,1.552127,5.158702,19.963698,1.705800,1.190660,4.628462,0.765771,0.655660,1.003666,39,11784,0,0
1372,3,2.916107,1.988790,12.431285,1.546811,3.069434,19.963637,2.303860,1.356225,5.436574,0.798509,0.839233,1.122952,51,15353,0,0
1373,3,2.927012,1.995687,10.332631,1.548242,5.149757,19.957642,1.928253,1.188934,4.444461,0.783135,0.705912,0.882653,39,11784,0,0
1374,3,2.934967,2.015951,12.469411,1.567420,2.992008,19.963806,2.189867,1.505324,5.328254,0.890405,0.878669,0.852492,51,15353,0,0
1375,3,2.936093,2.034037,10.258813,1.573218,5.223141,19.991265,1.689958,1.106140,4.664541,0.652259,0.679457,0.926192,39,11784,0,0
1376,3,2.893022,2.038771,12.670149,1.558590,2.836748,19.958510,2.237115,1.421851,5.565257,0.953152,0.911699,1.010071,51,15353,0,0
1377,3,2.886593,2.033183,10.168671,1.550446,5.335249,19.940959,1.705889,1.147546,4.432187,0.689911,0.713986,0.709524,39,11784,0,0
1378,3,2.896847,2.042542,12.570506,1.549089,2.946937,19.963379,2.306034,1.477817,5.424869,0.798896,0.886624,1.000417,51,15353,0,0
1379,3,2.888682,2.031189,10.430796,1.545692,5.069109,19.934279,1.833845,1.268521,4.491625,0.722205,0.702396,0.880520,39,11784,0,0
1380,3,2.886566,2.000766,12.626312,1.548662,2.902571,19.964111,2.159047,1.381609,5.618713,0.845662,0.912150,1.099209,51,15353,0,0
1381,3,2.955237,2.029073,10.365807,1.543209,5.099057,19.963311,1.890445,1.153442,4.591692,0.686422,0.749905,0.880066,39,11784,0,0
1382,3,2.917050,1.983968,12.495751,1.548967,3.002214,19.963982,2.151289,1.310438,5.568407,0.910421,0.839528,1.093686,51,15353,0,0
1383,3,2.932919,2.004740,10.306142,1.549930,5.174394,19.963386,1.755703,1.243947,4.445384,0.732402,0.670058,0.842872,39,11784,0,0
1384,3,2.924937,2.038879,12.482981,1.567434,2.988407,19.963759,1.992839,1.424374,5.602715,0.878591,0.877045,0.950307,51,15353,0,0
1385,3,2.920176,2.018168,10.279551,1.549984,5.214108,19.963820,1.645484,1.092102,4.700005,0.728773,0.680091,0.942474,39,11784,0,0
1386,3,2.873118,2.016296,12.690094,1.573469,2.822995,19.959676,2.102597,1.507443,5.639140,0.886854,0.938063,1.005310,51,15353,0,0
1387,3,2.886797,2.031067,10.442325,1.547312,5.061059,19.937493,1.698781,1.139665,4.724684,0.644884,0.748216,0.940589,39,11784,0,0
1388,3,2.893816,2.041280,12.579831,1.546024,2.944054,19.963725,2.265049,1.416551,5.472446,0.798072,0.931159,1.047434,51,15353,0,0
1389,3,2.919607,2.033752,10.402150,1.546377,5.095239,19.963372,1.838511,1.297947,4.476288,0.729163,0.666555,0.846992,39,11784,0,0
1390,3,2.898414,2.013041,12.582401,1.547801,2.935306,19.963921,2.033257,1.435971,5.546583,0.856740,0.907593,1.100959,51,15353,0,0
1391,3,2.968380,2.013550,10.345584,1.545651,5.104062,19.963677,1.904375,1.153303,4.519267,0.727376,0.788761,0.887366,39,11784,0,0
1392,3,2.943105,2.008341,12.436947,1.545929,3.037757,19.963738,2.104665,1.365119,5.573168,0.835700,0.837779,1.093336,51,15353,0,0
1393,3,2.914317,1.984538,10.303741,1.550025,5.195357,19.963440,1.691589,1.164215,4.518545,0.762814,0.680749,0.940891,39,11784,0,0
1394,3,2.906993,2.015605,12.554148,1.559214,2.943220,19.963576,2.123064,1.436829,5.523892,0.844092,0.985392,0.957689,51,15353,0,0
1395,3,2.910533,2.015096,10.246511,1.570255,5.261553,19.988851,1.734256,1.150455,4.625109,0.827928,0.709012,0.805088,39,11784,0,0
1396,3,2.911916,2.022054,12.644080,1.539303,2.845801,19.941101,2.141246,1.427490,5.652717,1.035712,0.949907,1.104384,51,15353,0,0
1397,3,2.911570,2.020426,10.126055,1.541467,5.381554,19.960646,1.667124,1.159030,4.412927,0.727627,0.639848,0.763638,39,11784,0,0
1398,3,2.889971,2.032084,12.572744,1.549801,2.951230,19.963745,2.195818,1.457740,5.539286,0.879116,0.996117,0.998132,51,15353,0,0
1399,3,2.900706,2.043193,10.377981,1.545610,5.133419,19.957716,1.720886,1.237149,4.467238,0.685449,0.674730,0.981971,39,11784,0,0
1400,3,2.923235,1.991475,12.535892,1.541901,2.962202,19.963230,2.162703,1.349247,5.554121,0.800680,0.948988,1.084344,51,15353,0,0
1401,3,2.934282,1.981344,10.316776,1.543026,5.169552,19.963637,1.677704,1.199738,4.586795,0.725498,0.740360,0.906169,39,11784,0,0
1402,3,2.947642,2.031942,12.577566,1.537859,2.900469,19.963535,2.057882,1.366865,5.610168,0.918820,1.052877,1.078864,51,15353,0,0
1403,3,2.946808,2.017863,10.240638,1.547828,5.228621,19.963894,1.706997,1.115801,4.609426,0.699483,0.678958,0.910244,39,11784,0,0
1404,3,2.920020,2.036275,12.695886,1.538713,2.809119,19.963738,2.060794,1.412550,5.731222,0.828071,0.961670,1.073001,51,15353,0,0
1405,3,2.858246,2.001404,10.205577,1.541792,5.327464,19.933078,1.703847,1.109609,4.635474,0.725691,0.708832,0.836500,39,11784,0,0
1406,3,2.879527,2.025655,12.590525,1.544254,2.949907,19.964213,2.038330,1.399848,5.624234,0.835975,0.837667,1.010078,51,15353,0,0
1407,3,2.938100,2.052877,10.416826,1.547224,5.061344,19.963494,1.748617,1.346510,4.487271,0.691579,0.650123,0.909427,39,11784,0,0
1408,3,2.974911,2.043233,12.533315,1.538666,2.916439,19.963331,2.167311,1.300039,5.558902,0.918606,0.841434,1.068922,51,15353,0,0
1409,3,2.923574,2.026265,10.381236,1.551144,5.107886,19.963840,1.911777,1.132009,4.618947,0.755449,0.714447,0.947177,39,11784,0,0
1410,3,2.917660,1.982869,12.460249,1.549428,3.035912,19.963250,2.141483,1.332126,5.437110,0.802487,0.875980,1.030412,51,15353,0,0
1411,3,2.908139,1.981283,10.315840,1.547875,5.192156,19.964010,1.898858,1.067742,4.588491,0.788605,0.641795,0.867466,39,11784,0,0
1412,3,2.900245,2.015706,12.694570,1.536251,2.802507,19.933573,2.012790,1.452484,5.789968,0.826243,0.907939,1.148197,51,15353,0,0
1413,3,2.937063,2.016866,10.230174,1.547360,5.269813,19.984409,1.715647,1.096619,4.580661,0.806495,0.712084,0.813995,39,11784,0,0
1414,3,2.914948,2.028198,12.631365,1.538971,2.857357,19.942641,2.241706,1.453406,5.428494,0.843272,0.910251,1.050737,51,15353,0,0
1415,3,2.894582,2.042765,10.279877,1.546221,5.243283,19.963962,1.719167,1.073473,4.505968,0.727821,0.674757,0.753486,39,11784,0,0
1416,3,2.899445,2.040731,12.625621,1.547245,2.891456,19.963765,2.157176,1.392080,5.506256,0.830234,0.946781,1.081136,51,15353,0,0
1417,3,2.887427,2.027527,10.350284,1.545461,5.181013,19.964186,1.754296,1.203881,4.534027,0.688202,0.707367,0.905891,39,11784,0,0
1418,3,2.940460,1.983195,12.442535,1.541277,3.039425,19.963698,2.045553,1.304684,5.588721,0.832981,0.914452,1.060001,51,15353,0,0
1419,3,2.953237,1.996765,10.327281,1.542172,5.141049,19.963738,1.900421,1.145749,4.383443,0.749230,0.680573,0.839152,39,11784,0,0
1420,3,2.931020,2.012390,12.468191,1.566783,2.997826,19.963820,2.092678,1.462199,5.519670,0.920071,0.959622,0.932427,51,15353,0,0
1421,3,2.890533,2.003391,10.296071,1.546648,5.230506,19.963759,1.715681,1.161140,4.474776,0.730214,0.680060,0.860735,39,11784,0,0
1422,3,2.911082,2.024740,12.664622,1.543738,2.844764,19.964206,2.034356,1.453779,5.658963,0.835273,0.943814,1.113176,51,15353,0,0
1423,3,2.899445,2.044067,10.204010,1.546709,5.285241,19.935404,1.786903,1.181566,4.420773,0.698385,0.674303,0.682753,39,11784,0,0
1424,3,2.930491,2.047241,12.618825,1.547089,2.860579,19.956984,2.266100,1.373013,5.512085,0.940799,0.904195,1.047472,51,15353,0,0
1425,3,2.898882,2.015544,10.341841,1.542314,5.180681,19.963718,1.678399,1.100189,4.620985,0.680227,0.675130,0.813375,39,11784,0,0
1426,3,2.881561,2.022034,12.611359,1.536475,2.934302,19.963698,2.123722,1.354587,5.526723,0.881707,0.877211,1.131521,51,15353,0,0
1427,3,2.884437,2.026713,10.383345,1.549998,5.145898,19.963677,1.675262,1.192071,4.581614,0.764167,0.656145,0.963643,39,11784,0,0
1428,3,2.910940,1.985209,12.437619,1.548960,3.066159,19.963677,2.189280,1.330377,5.469601,0.801446,0.919257,1.074331,51,15353,0,0
1429,3,2.922523,1.987651,10.323456,1.544573,5.173235,19.963786,1.801805,1.230747,4.414022,0.693919,0.677039,0.930817,39,11784,0,0
1430,3,2.935584,2.015259,12.652245,1.537649,2.837914,19.963392,2.132097,1.463325,5.513048,0.928321,0.909821,0.996806,51,15353,0,0
1431,3,2.898305,2.016479,10.301158,1.551795,5.212358,19.963616,1.831099,1.125285,4.495724,0.724650,0.709452,0.863848,39,11784,0,0
1432,3,2.898733,2.042501,12.628428,1.569583,2.863074,19.959819,2.101579,1.378635,5.636736,0.874203,0.872274,1.130422,51,15353,0,0
1433,3,2.880442,2.025370,10.179501,1.549333,5.327511,19.936788,1.786502,1.178253,4.407335,0.783037,0.669885,0.698537,39,11784,0,0
1434,3,2.911699,2.027954,12.602603,1.536638,2.912818,19.963759,2.217451,1.363278,5.591061,0.857310,0.939056,1.054576,51,15353,0,0
1435,3,2.906348,2.022990,10.432404,1.546973,5.077715,19.963440,1.875298,1.108710,4.465000,0.704536,0.639564,0.929548,39,11784,0,0
1436,3,2.947520,2.033651,12.548859,1.543827,2.923357,19.963562,2.288439,1.305332,5.571235,0.880568,0.877570,1.080332,51,15353,0,0
1437,3,2.922401,2.022827,10.345707,1.546404,5.149214,19.963725,1.757111,1.117160,4.632918,0.801971,0.638875,0.949870,39,11784,0,0
1438,3,2.913971,1.982137,12.438609,1.554630,3.070452,19.977661,2.095944,1.307912,5.517571,0.801144,0.904053,1.131629,51,15353,0,0
1439,3,2.940155,2.050944,10.261098,1.542050,5.206153,19.949456,1.818495,1.118269,4.526723,0.749556,0.724748,0.860541,39,11784,0,0
