frame,phase,update_ms,vehicles_included_ms,submit_ms,finish_ms,present_ms,total_ms,bounds_included_ms,prepare_included_ms,dispatch_included_ms,packet_included_ms,dma_included_ms,vif_wait_included_ms,flushes,triangles,uploads,reuploads
120,0,2.374997,1.478153,15.018005,0.595001,2.004534,19.992537,1.816762,1.162462,6.376539,1.363244,1.253557,0.257473,133,45724,0,0
121,0,2.353984,1.476986,13.379411,0.574921,3.655792,19.964108,1.590434,1.036102,5.342821,1.165449,0.991309,0.177928,107,35280,0,0
122,0,2.351098,1.479821,14.962928,0.577118,2.058136,19.949280,1.832764,1.169512,6.374115,1.389275,1.211155,0.252784,133,45724,0,0
123,0,2.379852,1.480401,13.357334,0.595120,3.643419,19.975725,1.640184,0.974694,5.404104,1.186900,0.961734,0.177928,107,35280,0,0
124,0,2.373074,1.484158,18.538598,0.566145,18.497894,39.975711,1.758728,1.204987,6.362851,1.324504,1.258460,0.253231,133,45724,0,0
125,0,2.341858,1.443641,13.717356,0.566867,3.349653,19.975735,1.692237,0.971198,5.335158,1.167799,1.002835,0.165771,107,35280,0,0
126,0,1.868815,1.457150,15.532077,0.556295,2.016473,19.973660,1.834547,1.287693,6.342831,1.393121,1.194597,0.252784,133,45724,0,0
127,0,1.868066,1.470652,13.271695,0.565501,4.270460,19.975722,1.609348,0.965569,5.432777,1.221785,0.985128,0.172373,107,35280,0,0
128,0,1.876289,1.480018,15.120422,0.567678,2.411329,19.975718,1.766652,1.205851,6.350067,1.386431,1.232635,0.251706,133,45724,0,0
129,0,1.886281,1.485826,13.429884,0.570184,4.089389,19.975739,1.587084,1.026784,5.377631,1.194366,0.961151,0.172831,107,35280,0,0
130,0,1.866113,1.473290,15.065498,0.566525,2.477587,19.975722,1.861142,1.184506,6.365200,1.381914,1.232737,0.240712,133,45724,0,0
131,0,1.873101,1.474101,13.567942,0.559862,3.974813,19.975718,1.621351,1.009518,5.340522,1.268860,0.971785,0.184960,107,35280,0,0
132,0,1.877007,1.482534,14.784142,0.568919,2.745636,19.975705,1.810659,1.157779,6.360521,1.368883,1.219971,0.247230,133,45724,0,0
133,0,1.882216,1.482964,13.392270,0.580082,4.121172,19.975739,1.621043,1.043030,5.314558,1.205441,1.007433,0.177928,107,35280,0,0
134,0,1.882141,1.487834,15.343723,0.566189,2.183668,19.975722,1.787479,1.184580,6.323344,1.393277,1.172143,0.252784,133,45724,0,0
135,0,1.865241,1.487162,13.362820,0.570991,4.183143,19.982195,1.630524,1.036058,5.297139,1.185791,0.975586,0.165992,107,35280,0,0
136,0,1.838162,1.460083,15.357496,0.568200,2.192793,19.956651,1.811215,1.162516,6.347521,1.359463,1.207699,0.260037,133,45724,0,0
137,0,1.856734,1.456200,13.334415,0.577308,4.207265,19.975722,1.621117,1.036387,5.325256,1.195238,1.010210,0.175486,107,35280,0,0
138,0,1.852251,1.460439,15.643165,0.561052,1.919261,19.975728,1.851956,1.131134,6.263421,1.364329,1.205950,0.259664,133,45724,0,0
139,0,1.859982,1.458645,13.324219,0.565525,4.225993,19.975718,1.659892,0.983388,5.356449,1.166066,1.009203,0.177928,107,35280,0,0
140,0,1.862749,1.466431,15.104838,0.564575,2.443549,19.975711,1.787815,1.160916,6.338335,1.386675,1.250851,0.270891,133,45724,0,0
141,0,1.884986,1.464484,13.358259,0.570177,4.162309,19.975732,1.639008,1.037401,5.280501,1.173258,1.038076,0.179576,107,35280,0,0
142,0,1.894409,1.497464,15.320794,0.567695,2.192813,19.975711,1.818949,1.200972,6.337836,1.384457,1.225671,0.252784,133,45724,0,0
143,0,1.881080,1.480625,13.763014,0.566111,3.765533,19.975739,1.564707,1.159329,5.358554,1.174561,0.964023,0.177928,107,35280,0,0
144,0,1.879032,1.484541,15.117669,0.564599,2.414408,19.975708,1.844343,1.168742,6.272427,1.324504,1.221090,0.254364,133,45724,0,0
145,0,1.876736,1.479248,13.533183,0.567980,3.997833,19.975732,1.571733,1.031165,5.393311,1.189860,1.026086,0.185018,107,35280,0,0
146,0,1.878845,1.482954,14.930352,0.587704,2.578813,19.975715,1.747047,1.183102,6.446733,1.413751,1.253489,0.249912,133,45724,0,0
147,0,1.882914,1.481459,13.353383,0.577111,4.162316,19.975725,1.595642,1.006958,5.343730,1.171997,0.999407,0.192264,107,35280,0,0
148,0,1.876441,1.478899,16.276510,0.556312,1.266449,19.975711,1.765313,1.242618,6.272953,1.389540,1.191152,0.263631,133,45724,0,0
149,0,1.869917,1.473609,13.498328,0.570177,4.037316,19.975739,1.661753,1.001495,5.302738,1.185774,0.982296,0.177928,107,35280,0,0
150,0,1.880178,1.483015,14.904724,0.566993,2.623817,19.975711,1.855011,1.158139,6.298743,1.368903,1.203389,0.263852,133,45724,0,0
151,0,1.843272,1.465193,13.593051,0.558272,3.999166,19.993761,1.647102,1.041345,5.327467,1.152808,0.993988,0.177928,107,35280,0,0
152,0,1.841431,1.463352,15.237166,0.570268,2.294169,19.943034,1.765245,1.283020,6.271003,1.396837,1.194265,0.240780,133,45724,0,0
153,0,1.864844,1.464311,13.445875,0.565199,4.099799,19.975718,1.624569,1.042291,5.298299,1.202250,0.959734,0.180138,107,35280,0,0
154,0,1.859653,1.462667,15.048937,0.569746,2.497389,19.975725,1.801490,1.159295,6.354621,1.419390,1.222768,0.252784,133,45724,0,0
155,0,1.862630,1.459415,13.498657,0.577121,4.037313,19.975722,1.619683,1.062439,5.279992,1.177650,1.012763,0.177928,107,35280,0,0
156,0,1.854574,1.458313,15.569210,0.565779,1.986148,19.975711,1.856723,1.271128,6.344425,1.360626,1.242032,0.252784,133,45724,0,0
157,0,1.872226,1.455553,13.277256,0.588087,4.238166,19.975735,1.644328,1.033712,5.272858,1.192220,0.977919,0.178582,107,35280,0,0
158,0,1.868717,1.472226,15.017426,0.563473,2.526106,19.975722,1.843492,1.155019,6.351095,1.412092,1.250254,0.252784,133,45724,0,0
159,0,1.881463,1.483565,13.446757,0.566271,4.081224,19.975715,1.608697,1.076799,5.292087,1.176473,0.977970,0.177928,107,35280,0,0
160,0,1.881995,1.484385,15.625624,0.566223,1.901886,19.975728,1.818258,1.196594,6.341926,1.447520,1.224806,0.251706,133,45724,0,0
161,0,1.870358,1.476295,14.636780,0.556898,2.911682,19.975718,1.613485,0.987837,5.345117,1.202813,0.955983,0.181736,107,35280,0,0
162,0,1.883521,1.483066,15.085938,0.552341,2.453932,19.975732,1.820943,1.266045,6.365950,1.345476,1.257962,0.252784,133,45724,0,0
163,0,1.884182,1.488003,13.289595,0.566742,4.235192,19.975711,1.632555,0.983839,5.319882,1.183797,0.975396,0.188697,107,35280,0,0
164,0,1.877126,1.480523,14.806081,0.588531,2.703973,19.975711,1.796882,1.121579,6.356791,1.477963,1.239594,0.265923,133,45724,0,0
165,0,1.883379,1.482924,13.495287,0.589101,4.007965,19.975732,1.655908,1.033325,5.288842,1.180325,1.003574,0.165924,107,35280,0,0
166,0,1.882768,1.485135,14.839637,0.569692,2.683621,19.975718,1.847900,1.185035,6.317864,1.324504,1.221873,0.252784,133,45724,0,0
167,0,1.837134,1.459056,13.509538,0.573781,4.045763,19.966217,1.645501,1.013258,5.299276,1.170868,0.962307,0.180298,107,35280,0,0
168,0,1.865204,1.464671,15.195645,0.556759,2.349328,19.966936,1.767205,1.169847,6.291568,1.384464,1.172143,0.254601,133,45724,0,0
169,0,1.861915,1.461382,13.350084,0.564558,4.199175,19.975732,1.602875,1.037866,5.305183,1.186964,0.989427,0.172241,107,35280,0,0
170,0,1.864600,1.464084,17.298774,0.563751,0.248589,19.975715,1.826002,1.194780,6.307414,1.380313,1.227814,0.248121,133,45724,0,0
171,0,1.860111,1.479350,13.327569,0.585565,4.202488,19.975732,1.644511,0.963298,5.336317,1.214071,0.996623,0.165755,107,35280,0,0
172,0,1.870795,1.470347,15.323819,0.598199,2.182892,19.975705,1.766669,1.231961,6.345727,1.420091,1.251899,0.252784,133,45724,0,0
173,0,1.878320,1.463311,13.572472,0.569750,3.955200,19.975742,1.600176,1.094021,5.261488,1.164147,1.006585,0.178802,107,35280,0,0
174,0,1.881887,1.490146,14.958571,0.566091,2.569163,19.975711,1.801836,1.142839,6.311513,1.379635,1.257182,0.260796,133,45724,0,0
175,0,1.883145,1.487020,13.429528,0.563249,4.099799,19.975722,1.645189,0.991018,5.375559,1.196065,1.013241,0.179759,107,35280,0,0
176,0,1.879520,1.483063,14.960941,0.565314,2.569950,19.975725,1.898553,1.156125,6.311740,1.379005,1.242649,0.287998,133,45724,0,0
177,0,1.882524,1.482069,13.374698,0.556193,4.162309,19.975725,1.575043,1.001499,5.375349,1.177534,0.996023,0.179694,107,35280,0,0
178,0,1.870361,1.472582,15.552982,0.566020,1.984311,19.973674,1.798669,1.149350,6.409142,1.409037,1.224094,0.252784,133,45724,0,0
179,0,1.873990,1.474640,13.487291,0.577121,4.037303,19.975705,1.606784,0.991916,5.350399,1.164927,0.980099,0.186123,107,35280,0,0
180,0,1.879032,1.484484,15.072978,0.581682,2.442030,19.975722,1.783969,1.222209,6.273580,1.399913,1.185160,0.216163,133,45724,0,0
181,0,1.874285,1.473829,13.242947,0.568512,4.289992,19.975735,1.625156,0.964973,5.319560,1.188049,1.002655,0.179694,107,35280,0,0
182,0,1.879354,1.486749,14.909014,0.566118,2.621226,19.975711,1.831262,1.147508,6.366787,1.415751,1.212514,0.252784,133,45724,0,0
183,0,1.840251,1.462172,13.606259,0.569041,3.949992,19.965542,1.644416,1.029158,5.343967,1.169037,0.975871,0.177928,107,35280,0,0
184,0,1.857683,1.465108,15.026079,0.563677,2.519504,19.966943,1.786540,1.157694,6.315250,1.379893,1.239685,0.251519,133,45724,0,0
185,0,1.855540,1.460988,13.387699,0.577667,4.154819,19.975725,1.609636,1.061001,5.306373,1.154856,1.017388,0.178151,107,35280,0,0
186,0,1.851505,1.459673,14.870894,0.570173,2.683143,19.975715,1.818509,1.201548,6.295570,1.346958,1.189263,0.252957,133,45724,0,0
187,0,1.854774,1.474013,13.526540,0.577935,4.016479,19.975728,1.615353,0.965183,5.416307,1.188331,1.041077,0.179267,107,35280,0,0
188,0,1.855876,1.459154,14.911658,0.569560,2.638624,19.975718,1.780375,1.251895,6.257958,1.345117,1.240746,0.252740,133,45724,0,0
189,0,1.881527,1.481079,13.392961,0.559757,4.141486,19.975732,1.651777,0.987854,5.337938,1.234826,0.956438,0.186778,107,35280,0,0
190,0,1.876119,1.482635,14.835849,0.634759,2.628984,19.975711,1.848070,1.204647,6.224328,1.376641,1.194519,0.267592,133,45724,0,0
191,0,1.873786,1.477068,13.414588,0.558645,4.128716,19.975735,1.584537,1.083645,5.298465,1.158088,0.975949,0.177928,107,35280,0,0
192,0,1.876424,1.481917,15.281786,0.571730,2.245768,19.975708,1.793301,1.178006,6.414446,1.459656,1.248505,0.247348,133,45724,0,0
193,0,1.881131,1.481435,13.445458,0.568583,4.080556,19.975728,1.630059,1.053806,5.330688,1.223952,1.040629,0.188171,107,35280,0,0
194,0,1.878462,1.483860,15.305732,0.587687,2.203840,19.975722,1.832442,1.180840,6.328820,1.406528,1.217102,0.240339,133,45724,0,0
195,0,1.883247,1.481425,13.540541,0.585212,3.966719,19.975718,1.616774,1.015611,5.328481,1.164941,1.001712,0.172373,107,35280,0,0
196,0,1.877065,1.481228,14.952962,0.566705,2.578990,19.975722,1.833571,1.167775,6.345866,1.366614,1.218631,0.252784,133,45724,0,0
197,0,1.878710,1.481835,13.291609,0.571187,4.234222,19.975728,1.652890,1.047058,5.291429,1.194258,0.973378,0.179759,107,35280,0,0
198,0,1.871579,1.474182,14.998966,0.609928,2.495246,19.975718,1.842102,1.182665,6.263075,1.378754,1.172143,0.268341,133,45724,0,0
199,0,1.839305,1.461226,13.403514,0.575016,4.163015,19.980849,1.635885,1.052517,5.275469,1.168979,0.945692,0.172492,107,35280,0,0
200,0,1.838596,1.460517,15.126333,0.567651,2.421773,19.954352,1.789751,1.169566,6.312025,1.360562,1.194519,0.277072,133,45724,0,0
201,0,1.865502,1.464969,13.304806,0.566199,4.239210,19.975718,1.604567,1.020399,5.361308,1.186361,0.996426,0.177928,107,35280,0,0
202,0,1.854448,1.462667,15.058926,0.561320,2.501034,19.975728,1.780490,1.243551,6.311903,1.396071,1.228299,0.259162,133,45724,0,0
203,0,1.849457,1.438059,13.638441,0.566779,3.916304,19.970981,1.656826,1.010281,5.326023,1.164981,0.983673,0.165280,107,35280,0,0
204,0,1.878530,1.465159,15.816094,0.556281,1.724813,19.975718,1.823574,1.198154,6.259047,1.373773,1.185472,0.254615,133,45724,0,0
205,0,1.881490,1.481734,13.482371,0.574554,4.037316,19.975732,1.655870,0.973362,5.361338,1.205166,1.003167,0.153310,107,35280,0,0
206,0,1.870728,1.473884,14.830834,0.564504,2.709639,19.975705,1.837229,1.175622,6.283057,1.401527,1.239685,0.269979,133,45724,0,0
207,0,1.871056,1.478448,13.500651,0.567047,4.036974,19.975728,1.590207,1.028032,5.361721,1.235307,0.982578,0.182214,107,35280,0,0
208,0,1.879045,1.482727,14.919752,0.557017,2.619914,19.975728,1.801036,1.165758,6.407050,1.452226,1.271573,0.247348,133,45724,0,0
209,0,1.872908,1.476013,13.499814,0.565175,4.037825,19.975722,1.648471,1.020460,5.293881,1.198039,0.991513,0.166331,107,35280,0,0
210,0,1.881026,1.483449,14.917765,0.566739,2.610199,19.975728,1.803691,1.143772,6.364404,1.389754,1.284278,0.229516,133,45724,0,0
211,0,1.875970,1.481422,13.454061,0.577121,4.068559,19.975711,1.612298,1.045617,5.293128,1.149587,0.978427,0.188697,107,35280,0,0
212,0,1.879961,1.482992,16.054230,0.566884,1.474643,19.975718,1.800188,1.169142,6.320909,1.324504,1.194543,0.234243,133,45724,0,0
213,0,1.879720,1.485504,13.542138,0.558224,3.995646,19.975728,1.614936,1.078284,5.297048,1.174483,0.956923,0.165127,107,35280,0,0
214,0,1.859131,1.481052,15.013926,0.616014,2.484531,19.973602,1.883369,1.151143,6.269114,1.324504,1.245636,0.252835,133,45724,0,0
215,0,1.840257,1.462179,13.347436,0.566186,4.204502,19.958381,1.609287,1.022702,5.367255,1.170234,0.964528,0.177928,107,35280,0,0
216,0,1.855353,1.462728,15.157037,0.583211,2.380107,19.975708,1.835975,1.176503,6.331679,1.465990,1.172143,0.252784,133,45724,0,0
217,0,1.859361,1.458828,13.675557,0.570167,3.870639,19.975725,1.605316,1.032101,5.389659,1.184655,0.991625,0.177928,107,35280,0,0
218,0,1.854055,1.455275,14.936486,0.564562,2.620616,19.975718,1.763499,1.190877,6.379055,1.357635,1.232849,0.260074,133,45724,0,0
219,0,1.859616,1.459422,13.335008,0.577335,4.203766,19.975725,1.631232,1.047031,5.268595,1.171943,0.943010,0.165127,107,35280,0,0
220,0,1.875712,1.458042,15.173079,0.556281,2.370639,19.975711,1.803548,1.206858,6.336528,1.346937,1.279395,0.252784,133,45724,0,0
221,0,1.872094,1.477583,13.350332,0.557258,4.196045,19.975728,1.612010,0.995107,5.388509,1.209585,1.011268,0.179131,107,35280,0,0
222,0,1.883955,1.492252,14.987742,0.566199,2.537828,19.975725,1.778347,1.130751,6.374712,1.399105,1.227102,0.253855,133,45724,0,0
223,0,1.878743,1.486169,13.277154,0.566735,4.253089,19.975722,1.622460,1.007199,5.366163,1.203335,1.033858,0.189443,107,35280,0,0
224,0,1.881110,1.484233,15.448171,0.588304,2.058143,19.975728,1.782640,1.222680,6.364054,1.414147,1.230482,0.240204,133,45724,0,0
225,0,1.873593,1.473138,13.338382,0.557783,4.205963,19.975722,1.645308,0.971483,5.359646,1.224932,0.994859,0.180491,107,35280,0,0
226,0,1.876153,1.477973,14.953885,0.587704,2.557987,19.975728,1.790907,1.143782,6.387526,1.455682,1.248467,0.260793,133,45724,0,0
227,0,1.864424,1.464674,13.373281,0.554857,4.183153,19.975715,1.651764,1.069214,5.329790,1.149662,1.010318,0.177979,107,35280,0,0
228,0,1.877306,1.482914,14.846507,0.566701,2.683153,19.973667,1.831011,1.191586,6.316749,1.324504,1.247518,0.253632,133,45724,0,0
229,0,1.878920,1.478465,13.593482,0.570180,3.933136,19.975718,1.626512,1.035594,5.321530,1.170634,0.999040,0.177928,107,35280,0,0
230,0,1.864994,1.486915,15.193288,0.569756,2.353760,19.981798,1.866380,1.204603,6.339088,1.408552,1.241896,0.252784,133,45724,0,0
231,0,1.837457,1.459378,13.266985,0.565192,4.287367,19.957001,1.584235,1.007382,5.371674,1.184560,0.965315,0.164856,107,35280,0,0
232,0,1.860016,1.465736,15.866336,0.565701,1.683662,19.975715,1.878130,1.169325,6.317305,1.359321,1.235162,0.246874,133,45724,0,0
233,0,1.877421,1.474135,13.334568,0.566874,4.196862,19.975725,1.644769,1.016574,5.308539,1.203105,0.958147,0.196350,107,35280,0,0
234,0,1.859334,1.461351,15.085297,0.556085,2.475009,19.975725,1.802690,1.228709,6.282508,1.377791,1.185286,0.247657,133,45724,0,0
235,0,1.860372,1.459378,13.320652,0.590824,4.203864,19.975711,1.637027,1.004683,5.297401,1.164154,0.996999,0.177036,107,35280,0,0
236,0,1.875309,1.457977,17.576257,0.565186,19.958978,39.975728,1.817145,1.174472,6.295013,1.372467,1.215000,0.254567,133,45724,0,0
237,0,1.871212,1.479523,13.769931,0.565837,3.768731,19.975711,1.674259,1.003367,5.344733,1.198357,0.998271,0.181603,107,35280,0,0
238,0,1.862403,1.465363,15.084578,0.554532,2.474209,19.975722,1.870154,1.124932,6.378598,1.385841,1.236718,0.252784,133,45724,0,0
239,0,1.881792,1.487257,13.472565,0.566179,4.055196,19.975732,1.615628,0.995405,5.351729,1.186249,0.995589,0.182278,107,35280,0,0
240,0,1.882606,1.482079,15.322425,0.577301,2.193383,19.975715,1.854587,1.150028,6.350905,1.346069,1.219048,0.252784,133,45724,0,0
241,0,1.871867,1.479367,13.639733,0.562239,3.901889,19.975728,1.624003,1.051687,5.280341,1.230316,0.970178,0.185706,107,35280,0,0
242,0,1.882982,1.479845,15.238715,0.563243,2.290775,19.975715,1.869042,1.218608,6.282996,1.360545,1.255419,0.252784,133,45724,0,0
243,0,1.884440,1.483985,13.269399,0.561452,4.260423,19.975715,1.642809,0.996253,5.362376,1.159722,1.020311,0.189762,107,35280,0,0
244,0,1.879754,1.482486,14.741950,0.560167,2.793864,19.975735,1.830349,1.157298,6.236372,1.339111,1.172143,0.245711,133,45724,0,0
245,0,1.855489,1.477410,13.341122,0.573476,4.195560,19.965647,1.652564,0.968350,5.368978,1.166985,0.979926,0.193329,107,35280,0,0
246,0,1.842865,1.464786,15.607795,0.562314,1.953979,19.966953,1.769073,1.274353,6.324904,1.344869,1.214389,0.240017,133,45724,0,0
247,0,1.853987,1.461273,13.486467,0.575697,4.059560,19.975711,1.671115,1.040724,5.286784,1.184672,0.957187,0.172017,107,35280,0,0
248,0,1.859565,1.459032,14.803809,0.570296,2.742052,19.975722,1.818627,1.181010,6.353733,1.428989,1.198429,0.252784,133,45724,0,0
249,0,1.861155,1.445224,13.271589,0.580204,4.262770,19.975718,1.666002,0.961026,5.310421,1.217495,0.981096,0.164992,107,35280,0,0
250,0,1.857191,1.457306,18.608626,0.566355,18.943559,39.975732,1.794779,1.174672,6.340383,1.402049,1.213247,0.252784,133,45724,0,0
251,0,1.882863,1.482422,13.837484,0.560391,3.692936,19.973674,1.673672,1.044101,5.394379,1.202776,0.981394,0.177928,107,35280,0,0
252,0,1.876441,1.479370,15.130676,0.556769,2.411825,19.975711,1.892900,1.240224,6.280830,1.376367,1.210680,0.249658,133,45724,0,0
253,0,1.877112,1.477532,13.380022,0.566708,4.151879,19.975722,1.586182,0.985087,5.308977,1.185554,1.015506,0.181983,107,35280,0,0
254,0,1.879367,1.483476,14.992343,0.578105,2.525913,19.975728,1.785092,1.227132,6.317997,1.382768,1.201192,0.254476,133,45724,0,0
255,0,1.875346,1.478021,13.357463,0.559774,4.183139,19.975722,1.590942,1.054521,5.309001,1.229499,1.016537,0.183238,107,35280,0,0
256,0,1.871128,1.474955,14.912038,0.580190,2.612366,19.975722,1.839281,1.159153,6.360782,1.435248,1.208459,0.222019,133,45724,0,0
257,0,1.885980,1.491652,13.339240,0.565101,4.185394,19.975715,1.629466,0.985558,5.304966,1.169956,1.003350,0.177928,107,35280,0,0
258,0,1.875929,1.478590,14.895070,0.573673,2.631042,19.975715,1.848751,1.162455,6.348284,1.363607,1.222188,0.252784,133,45724,0,0
259,0,1.870575,1.474545,13.521617,0.589433,4.016483,19.998108,1.638655,1.007735,5.357266,1.212060,0.964952,0.177928,107,35280,0,0
260,0,1.839393,1.461314,14.866265,0.564779,2.691684,19.962121,1.801944,1.157528,6.364590,1.382735,1.244619,0.252784,133,45724,0,0
261,0,1.859026,1.464823,13.558319,0.559323,3.990292,19.966960,1.625000,1.065884,5.345171,1.168871,1.027859,0.172017,107,35280,0,0
262,0,1.855418,1.462602,15.349603,0.565477,2.205210,19.975708,1.840800,1.149940,6.275146,1.380456,1.223087,0.252784,133,45724,0,0
263,0,1.858914,1.461639,13.342668,0.556308,4.217841,19.975732,1.633582,1.013448,5.332018,1.199127,0.972866,0.178151,107,35280,0,0
264,0,1.862010,1.483931,15.343021,0.566813,2.203874,19.975718,1.850321,1.161285,6.277903,1.368415,1.266829,0.250427,133,45724,0,0
265,0,1.859670,1.459083,13.439124,0.587541,4.089383,19.975718,1.639492,1.072679,5.288859,1.151279,0.971466,0.184821,107,35280,0,0
266,0,1.874101,1.454956,14.997589,0.566708,2.537316,19.975715,1.806892,1.170837,6.293159,1.393351,1.218821,0.253842,133,45724,0,0
267,0,1.870975,1.473602,13.360813,0.560794,4.183156,19.975739,1.552667,1.028812,5.445841,1.225023,0.970435,0.172373,107,35280,0,0
268,0,1.876841,1.480696,14.953186,0.564579,2.581102,19.975708,1.744470,1.211063,6.323313,1.326419,1.252296,0.251706,133,45724,0,0
269,0,1.875197,1.482510,13.201158,0.570536,4.328834,19.975725,1.622515,1.023936,5.269426,1.187391,0.964718,0.178423,107,35280,0,0
270,0,1.882151,1.484789,16.313955,0.590634,1.188989,19.975728,1.828922,1.203196,6.366601,1.417226,1.193909,0.286743,133,45724,0,0
271,0,1.877038,1.484361,13.225172,0.569760,4.303755,19.975725,1.627411,1.008501,5.314202,1.245694,0.956580,0.187944,107,35280,0,0
272,0,1.879147,1.478990,15.377977,0.577118,2.141483,19.975725,1.826365,1.252774,6.303212,1.361386,1.187249,0.260078,133,45724,0,0
273,0,1.875109,1.477153,13.575711,0.570906,3.953979,19.975705,1.594062,1.056549,5.308099,1.132480,0.991048,0.172373,107,35280,0,0
274,0,1.872650,1.476349,15.104763,0.565165,2.433143,19.975722,1.857086,1.154422,6.299018,1.424462,1.194163,0.264431,133,45724,0,0
275,0,1.880290,1.479923,13.238851,0.585602,4.290453,19.995195,1.637156,1.005259,5.364200,1.237461,0.943010,0.177928,107,35280,0,0
276,0,1.834456,1.456377,15.059336,0.565389,2.500746,19.959927,1.782789,1.147515,6.392992,1.377241,1.223477,0.256161,133,45724,0,0
277,0,1.840976,1.462897,13.400363,0.588555,4.119622,19.949517,1.595944,1.034017,5.328332,1.190867,0.961358,0.188663,107,35280,0,0
278,0,1.857296,1.464471,15.108171,0.557224,2.453030,19.975722,1.809913,1.189412,6.331848,1.383369,1.217997,0.252784,133,45724,0,0
279,0,1.859823,1.459290,13.422343,0.552083,4.141479,19.975728,1.634474,1.044735,5.311812,1.177914,0.969642,0.178151,107,35280,0,0
280,0,1.852895,1.474816,14.928341,0.563429,2.631046,19.975711,1.843143,1.214962,6.299947,1.366143,1.234545,0.252784,133,45724,0,0
281,0,1.857730,1.461951,13.338443,0.565379,4.214176,19.975728,1.650113,0.995656,5.316372,1.192390,0.965464,0.182543,107,35280,0,0
282,0,1.878143,1.477695,15.022878,0.568641,2.506049,19.975711,1.852292,1.138445,6.362810,1.378825,1.249535,0.240017,133,45724,0,0
283,0,1.882148,1.487708,13.434004,0.570201,4.089376,19.975728,1.614614,0.998484,5.391134,1.199680,0.978360,0.177928,107,35280,0,0
284,0,1.881087,1.489353,15.168020,0.559330,2.367286,19.975722,1.771345,1.170570,6.354977,1.398502,1.187476,0.240051,133,45724,0,0
285,0,1.870731,1.473216,13.563473,0.568878,3.972639,19.975722,1.643551,1.002957,5.333472,1.172577,1.020694,0.177928,107,35280,0,0
286,0,1.874810,1.478536,15.059391,0.588525,2.453003,19.975728,1.763896,1.261783,6.341983,1.357574,1.225701,0.252784,133,45724,0,0
287,0,1.875614,1.475159,13.503031,0.559764,4.037313,19.975722,1.639262,0.962552,5.350118,1.279449,0.977437,0.185706,107,35280,0,0
288,0,1.876336,1.485389,14.898142,0.570299,2.630941,19.975718,1.833906,1.148024,6.307068,1.375651,1.187673,0.258287,133,45724,0,0
289,0,1.876709,1.477583,13.432485,0.577148,4.089386,19.975728,1.667009,1.028066,5.297139,1.169895,0.965464,0.177928,107,35280,0,0
290,0,1.875838,1.481479,14.933360,0.566186,2.600328,19.975711,1.818068,1.195916,6.280843,1.378530,1.221242,0.252784,133,45724,0,0
291,0,1.840546,1.462467,13.544284,0.637041,3.962802,19.984673,1.671865,1.002079,5.266222,1.193451,0.956034,0.177928,107,35280,0,0
292,0,1.842082,1.464003,15.072930,0.557234,2.473853,19.946099,1.783725,1.146179,6.406460,1.367401,1.235948,0.264598,133,45724,0,0
293,0,1.860775,1.464728,13.573432,0.566939,3.974582,19.975728,1.659698,0.998037,5.352878,1.166897,0.975159,0.178355,107,35280,0,0
294,0,1.852858,1.460052,14.973494,0.562853,2.586514,19.975718,1.782796,1.176208,6.318671,1.377421,1.231069,0.254445,133,45724,0,0
295,0,1.855136,1.477058,13.410455,0.568665,4.141476,19.975732,1.605896,1.004333,5.344540,1.172943,1.012360,0.175571,107,35280,0,0
296,0,1.855635,1.477556,15.349392,0.562659,2.208038,19.975725,1.821910,1.196072,6.347046,1.385579,1.244724,0.252784,133,45724,0,0
297,0,1.882599,1.461700,13.380595,0.565314,4.147203,19.975711,1.652011,1.015693,5.329247,1.203118,1.017693,0.194984,107,35280,0,0
298,0,1.878964,1.482551,15.218238,0.614075,2.264442,19.975718,1.824493,1.175140,6.337104,1.341597,1.208893,0.247230,133,45724,0,0
299,0,1.876367,1.475911,13.679382,0.570163,3.849809,19.975722,1.573351,1.086253,5.329359,1.203230,0.943010,0.179738,107,35280,0,0
300,0,1.874434,1.477505,14.722975,0.607886,2.770433,19.975728,1.750885,1.155996,6.442298,1.397196,1.252391,0.251706,133,45724,0,0
301,0,1.881673,1.481218,13.552538,0.563385,3.978126,19.975722,1.594286,0.992204,5.394348,1.223392,0.978204,0.180600,107,35280,0,0
302,0,1.877001,1.482483,15.034305,0.580933,2.481428,19.973667,1.801853,1.238993,6.325212,1.429660,1.233283,0.264998,133,45724,0,0
303,0,1.878543,1.480967,13.479279,0.580597,4.037306,19.975725,1.623671,1.025859,5.272614,1.209323,0.964423,0.179688,107,35280,0,0
304,0,1.871474,1.475576,16.201609,0.566878,1.335754,19.975715,1.788530,1.143236,6.432722,1.413333,1.233283,0.247230,133,45724,0,0
305,0,1.891744,1.485090,13.459130,0.563850,4.061001,19.975725,1.630683,1.031874,5.295542,1.190080,0.963793,0.189443,107,35280,0,0
306,0,1.879218,1.464359,15.482076,0.598206,2.055878,20.015377,1.787198,1.175422,6.313758,1.364814,1.231832,0.247348,133,45724,0,0
307,0,1.834517,1.456438,13.608639,0.610141,3.901886,19.955183,1.652123,1.014008,5.320496,1.166826,0.980648,0.177928,107,35280,0,0
308,0,1.857890,1.461104,14.855811,0.560109,2.682790,19.956601,1.815040,1.140472,6.391452,1.393643,1.232164,0.252784,133,45724,0,0
309,0,1.859673,1.465169,13.345296,0.566267,4.204502,19.975739,1.609216,1.002302,5.357181,1.187839,1.003801,0.172017,107,35280,0,0
310,0,1.854848,1.461521,15.183502,0.567861,2.369493,19.975705,1.789707,1.290460,6.341058,1.422692,1.186062,0.254330,133,45724,0,0
311,0,1.860558,1.482480,13.538930,0.566464,4.009783,19.975735,1.594167,1.015808,5.390066,1.188334,0.991333,0.175656,107,35280,0,0
312,0,1.861599,1.463908,15.408101,0.574972,2.131042,19.975715,1.807068,1.180027,6.328145,1.408532,1.203196,0.266622,133,45724,0,0
313,0,1.879893,1.457479,13.306478,0.558729,4.230621,19.975722,1.646362,1.077983,5.270864,1.185652,0.987552,0.184967,107,35280,0,0
314,0,1.871674,1.475779,14.888862,0.552870,2.662309,19.975715,1.821977,1.224816,6.271837,1.384403,1.228336,0.252835,133,45724,0,0
315,0,1.881534,1.483826,13.361715,0.561893,4.170597,19.975739,1.567044,1.046332,5.286472,1.167046,0.959425,0.182061,107,35280,0,0
316,0,1.877726,1.481327,14.892453,0.564816,2.640713,19.975708,1.784997,1.187483,6.327393,1.391791,1.226959,0.260569,133,45724,0,0
317,0,1.881144,1.488600,13.502597,0.555003,4.036981,19.975725,1.588311,1.030931,5.347456,1.183665,0.980859,0.177066,107,35280,0,0
318,0,1.873600,1.475979,15.071031,0.557064,2.474033,19.975728,1.771579,1.142843,6.471449,1.407501,1.258145,0.279395,133,45724,0,0
319,0,1.871124,1.477146,13.559611,0.559770,3.985223,19.975728,1.643860,1.099379,5.352356,1.132480,1.015713,0.177928,107,35280,0,0
320,0,1.873654,1.473199,15.142015,0.566315,2.393738,19.975722,1.814599,1.220086,6.350359,1.391914,1.288632,0.252784,133,45724,0,0
321,0,1.880717,1.484758,13.334730,0.575453,4.184811,19.975711,1.652154,0.995914,5.308370,1.172963,0.958781,0.177928,107,35280,0,0
322,0,1.895450,1.476390,14.892921,0.595839,2.620660,20.004869,1.849162,1.194200,6.315094,1.365746,1.227122,0.256883,133,45724,0,0
323,0,1.842055,1.463976,13.402737,0.560306,4.161296,19.966393,1.589661,1.047143,5.333527,1.189745,0.982822,0.200280,107,35280,0,0
324,0,1.863461,1.462928,14.798326,0.563175,2.730937,19.955899,1.867530,1.181010,6.338084,1.388373,1.250292,0.252784,133,45724,0,0
325,0,1.853370,1.458998,13.398922,0.577250,4.146186,19.975728,1.628374,1.022586,5.271807,1.146535,0.960151,0.172017,107,35280,0,0
326,0,1.863495,1.485416,15.158810,0.569750,2.383674,19.975728,1.820109,1.223334,6.271834,1.375973,1.217584,0.249081,133,45724,0,0
327,0,1.861840,1.483761,13.546010,0.570167,3.995650,19.973667,1.669810,1.027011,5.269589,1.190253,0.945692,0.184865,107,35280,0,0
328,0,1.853831,1.457170,15.101206,0.566186,2.454492,19.975715,1.808251,1.173472,6.329983,1.408539,1.174059,0.252784,133,45724,0,0
329,0,1.875817,1.457703,13.566905,0.568614,3.964386,19.975722,1.670770,1.012950,5.346629,1.253838,0.978929,0.165144,107,35280,0,0
330,0,1.875322,1.479126,14.953400,0.580210,2.566783,19.975715,1.799398,1.171438,6.359884,1.423326,1.249146,0.252784,133,45724,0,0
331,0,1.872694,1.480038,13.387709,0.553016,4.162313,19.975732,1.597575,1.106557,5.266754,1.147057,0.973392,0.177928,107,35280,0,0
332,0,1.879313,1.487586,14.919481,0.567118,2.609806,19.975718,1.823154,1.171109,6.337443,1.384135,1.285600,0.252784,133,45724,0,0
333,0,1.881453,1.487091,13.417348,0.566708,4.110213,19.975722,1.603268,1.005873,5.367303,1.189111,1.069075,0.182780,107,35280,0,0
334,0,1.871426,1.474660,15.000285,0.567681,2.536333,19.975725,1.852766,1.167291,6.360986,1.414744,1.251960,0.281501,133,45724,0,0
335,0,1.878493,1.481150,13.631917,0.563432,3.901886,19.975728,1.661543,1.002248,5.313426,1.171238,0.973819,0.177928,107,35280,0,0
336,0,1.869236,1.473053,15.910309,0.568587,1.627594,19.975725,1.751916,1.201304,6.304318,1.352570,1.194848,0.247230,133,45724,0,0
337,0,1.874064,1.474704,13.362227,0.556278,4.183139,19.975708,1.630910,0.968204,5.394267,1.169030,0.980587,0.186476,107,35280,0,0
338,0,1.861487,1.464193,14.953691,0.571157,2.589379,19.975715,1.852763,1.159858,6.309736,1.338528,1.217594,0.246874,133,45724,0,0
339,0,1.837765,1.459686,13.438683,0.581709,4.081529,19.939687,1.604560,1.066650,5.334663,1.201318,0.973982,0.178199,107,35280,0,0
340,0,1.860545,1.464396,14.915578,0.582682,2.608134,19.966939,1.785719,1.201806,6.351135,1.402191,1.187134,0.246874,133,45724,0,0
341,0,1.856632,1.462107,13.459327,0.570387,4.089383,19.975728,1.580041,1.049377,5.342740,1.146223,1.037184,0.178267,107,35280,0,0
342,0,1.855899,1.477821,15.864136,0.590634,1.665059,19.975728,1.881982,1.167711,6.261966,1.374169,1.174825,0.252784,133,45724,0,0
343,0,1.855842,1.477763,13.389431,0.558909,4.171539,19.975722,1.619144,0.993368,5.365282,1.208089,1.018026,0.188175,107,35280,0,0
344,0,1.861837,1.470093,14.891279,0.560506,2.662089,19.975711,1.774960,1.226491,6.285129,1.387255,1.172143,0.284919,133,45724,0,0
345,0,1.879842,1.479194,13.385508,0.568899,4.141483,19.975732,1.707848,1.036882,5.277354,1.208401,1.006748,0.160319,107,35280,0,0
346,0,1.876577,1.479753,16.224287,0.587701,1.287153,19.975718,1.810893,1.161577,6.379106,1.404232,1.273366,0.247348,133,45724,0,0
347,0,1.882860,1.483727,13.329119,0.577671,4.186079,19.975728,1.601098,1.020504,5.374207,1.205278,1.039103,0.186188,107,35280,0,0
348,0,1.872433,1.478963,14.870795,0.581251,2.651232,19.975711,1.833313,1.137834,6.375061,1.383182,1.235657,0.270179,133,45724,0,0
349,0,1.866126,1.469245,13.443081,0.566701,4.099820,19.975728,1.566318,1.015717,5.396393,1.188121,1.025062,0.174038,107,35280,0,0
350,0,1.873216,1.478699,15.238068,0.577928,2.286502,19.975715,1.791185,1.183940,6.362657,1.386437,1.229075,0.266849,133,45724,0,0
351,0,1.877587,1.477787,13.230242,0.563270,4.304637,19.975735,1.608314,1.021813,5.370907,1.188083,0.961012,0.172373,107,35280,0,0
352,0,1.880524,1.486030,15.115940,0.619141,2.360111,19.975715,1.821493,1.147451,6.329061,1.365190,1.249363,0.259477,133,45724,0,0
353,0,1.878465,1.479211,13.542121,0.565172,3.985223,19.970981,1.606167,0.978848,5.365509,1.154856,0.978709,0.179745,107,35280,0,0
354,0,1.859039,1.463189,14.857300,0.574154,2.704125,19.994619,1.814935,1.223351,6.306763,1.342923,1.206448,0.252784,133,45724,0,0
355,0,1.839423,1.461344,13.424913,0.583255,4.095957,19.943549,1.620029,1.020606,5.322069,1.165392,0.943010,0.177928,107,35280,0,0
356,0,1.859209,1.461138,15.181515,0.557258,2.369659,19.967641,1.801049,1.165148,6.396522,1.399095,1.235840,0.246874,133,45724,0,0
357,0,1.852492,1.457967,13.463277,0.560150,4.099809,19.975728,1.608229,1.034410,5.310140,1.134566,1.000990,0.184435,107,35280,0,0
358,0,1.843560,1.465481,15.132307,0.565209,2.434648,19.975725,1.769097,1.188605,6.371904,1.408420,1.236362,0.260793,133,45724,0,0
359,0,1.859358,1.481279,13.300547,0.556312,4.259501,19.975718,1.623701,0.989404,5.337701,1.206831,0.991099,0.177782,107,35280,0,0
480,1,1.907979,1.459201,21.306013,0.571147,16.208950,39.994090,2.220656,2.447998,7.065158,1.499752,1.553545,0.266842,161,46464,0,0
481,1,1.888485,1.473738,18.289202,0.580610,19.200260,39.958557,2.034186,2.457869,5.846280,1.235277,1.109989,0.180688,124,35888,0,0
482,1,1.899146,1.484999,21.303206,0.591020,16.182353,39.975725,2.217648,2.417572,7.011254,1.466027,1.489390,0.256470,161,46464,0,0
483,1,1.917894,1.461890,17.567142,0.590084,19.898560,39.973680,2.106679,2.402079,5.769287,1.241536,1.169518,0.180891,124,35888,0,0
484,1,1.905799,1.469218,19.447890,0.575104,18.046926,39.975718,2.246908,2.729472,6.953040,1.452101,1.530178,0.244161,161,46464,0,0
485,1,1.915368,1.485799,16.315230,0.562768,1.182356,19.975722,2.077101,2.231394,5.716665,1.240112,1.124627,0.199534,124,35888,0,0
486,1,1.903436,1.470567,21.559340,0.559753,15.962023,39.984551,2.232107,2.407715,7.017212,1.473440,1.534329,0.258840,161,46464,0,0
487,1,1.894311,1.461199,17.435815,0.594106,0.042650,19.966882,2.021766,2.235772,5.861671,1.297187,1.111376,0.180552,124,35888,0,0
488,1,1.905748,1.460463,21.764709,0.570980,15.734297,39.975735,2.260522,4.277551,6.978943,1.503503,1.458974,0.263451,161,46464,0,0
489,1,1.918738,1.467136,17.419040,0.604014,0.056298,19.998091,2.011773,2.374688,5.791185,1.250614,1.110803,0.175134,124,35888,0,0
490,1,1.896128,1.479635,19.304698,0.580594,18.171939,39.953359,2.207126,2.760959,6.887309,1.466231,1.476718,0.244331,161,46464,0,0
491,1,1.901533,1.486850,17.507209,0.605296,19.961667,39.975705,2.041840,2.326413,5.796129,1.248186,1.172580,0.180552,124,35888,0,0
492,1,1.913015,1.476427,19.671285,0.563236,17.828183,39.975718,2.282847,2.307888,6.976020,1.441155,1.523963,0.270257,161,46464,0,0
493,1,1.913503,1.479808,17.097900,0.560150,0.404178,19.975732,1.960510,2.261217,5.810323,1.322361,1.156545,0.190019,124,35888,0,0
494,1,1.900611,1.473433,18.105730,0.565240,19.404148,39.975728,2.247989,2.186947,7.042657,1.488166,1.471995,0.256470,161,46464,0,0
495,1,1.908613,1.478848,17.822096,0.586222,19.658773,39.975705,1.996104,2.679715,5.806668,1.287021,1.107741,0.180552,124,35888,0,0
496,1,1.907572,1.456319,19.784397,0.594465,17.689301,39.975735,2.170485,2.637912,6.971256,1.504361,1.433953,0.256605,161,46464,0,0
497,1,1.899116,1.448368,17.167837,0.571486,0.337297,19.975735,1.956645,2.199839,5.878432,1.257467,1.117886,0.180688,124,35888,0,0
498,1,1.900523,1.453101,18.935198,0.570665,18.567264,39.973650,2.247701,2.414958,6.907081,1.449226,1.511193,0.274411,161,46464,0,0
499,1,1.894701,1.479916,17.652571,0.624312,19.784465,39.956048,1.996409,2.428599,5.868361,1.253791,1.146301,0.180552,124,35888,0,0
500,1,1.896084,1.481835,19.418257,0.572778,18.088599,39.975718,2.287808,2.384420,6.989563,1.438924,1.543403,0.256605,161,46464,0,0
501,1,1.920173,1.469503,18.232808,0.581536,19.241201,39.975718,1.954749,2.943261,5.852251,1.282040,1.113580,0.180688,124,35888,0,0
502,1,1.911099,1.482062,19.457916,0.570170,18.036526,39.975711,2.341329,2.530419,6.873057,1.439457,1.437293,0.255737,161,46464,0,0
503,1,1.913347,1.485582,17.007765,0.570207,0.484395,19.975715,2.032077,2.145447,5.724843,1.222154,1.128330,0.199846,124,35888,0,0
504,1,1.897281,1.463596,22.014052,0.573218,15.488488,39.973039,2.257067,2.451094,7.086931,1.521396,1.463559,0.256877,161,46464,0,0
505,1,1.894887,1.457119,17.494978,0.581902,20.003971,39.975739,2.050680,2.483843,5.816437,1.291206,1.124190,0.175134,124,35888,0,0
506,1,1.915205,1.455597,20.514838,0.568193,16.977492,39.975728,2.199541,2.436103,7.071286,1.470954,1.535550,0.253286,161,46464,0,0
507,1,1.891880,1.477631,17.762729,0.587514,19.717082,39.959205,2.029717,2.355309,5.845140,1.280989,1.222338,0.180552,124,35888,0,0
508,1,1.889008,1.474284,19.772176,0.569709,17.744829,39.975722,2.229974,2.389509,7.013787,1.529002,1.515940,0.250695,161,46464,0,0
509,1,1.886804,1.472656,17.992906,0.597694,19.498325,39.975728,2.022773,2.790354,5.789320,1.244283,1.130164,0.183336,124,35888,0,0
510,1,1.914364,1.460466,20.787991,0.574656,16.698720,39.975732,2.238637,2.306217,6.966363,1.460642,1.490645,0.259355,161,46464,0,0
511,1,1.909966,1.472843,17.325172,0.558234,0.182353,19.975725,1.951545,2.490611,5.791470,1.263262,1.117893,0.180552,124,35888,0,0
512,1,1.906141,1.473382,21.283756,0.620066,16.163700,39.973663,2.247664,2.301398,6.929955,1.404473,1.514716,0.267758,161,46464,0,0
513,1,1.912662,1.459907,17.354791,0.598992,0.109280,19.975725,2.043752,2.192776,5.718075,1.222734,1.145006,0.191796,124,35888,0,0
514,1,1.892921,1.460195,21.907867,0.560764,15.598009,39.959561,2.224667,2.503201,6.976935,1.465854,1.488892,0.268856,161,46464,0,0
515,1,1.917104,1.466973,17.465814,0.573483,0.019321,19.975722,2.055779,2.395382,5.864736,1.362339,1.111654,0.168108,124,35888,0,0
516,1,1.912238,1.459537,19.425541,0.570180,18.090146,39.998105,2.234300,2.370494,6.966970,1.461419,1.507016,0.256605,161,46464,0,0
517,1,1.887570,1.473440,18.773787,0.573025,18.718957,39.953339,2.004106,3.989258,5.826521,1.276001,1.138299,0.180688,124,35888,0,0
518,1,1.892402,1.477665,19.471768,0.593662,18.017877,39.975708,2.238902,2.339359,6.912798,1.440436,1.505290,0.258236,161,46464,0,0
519,1,1.914903,1.463284,16.772668,0.580105,0.708045,19.975722,2.045508,2.158281,5.824721,1.233598,1.106605,0.189687,124,35888,0,0
520,1,1.913120,1.459625,19.133002,0.571133,18.358483,39.975739,2.257636,2.493456,6.968536,1.494585,1.499997,0.244364,161,46464,0,0
521,1,1.906399,1.474111,17.185567,0.556488,0.327267,19.975722,2.008660,2.263078,5.741675,1.255924,1.112779,0.180688,124,35888,0,0
522,1,1.911804,1.478207,18.936384,0.591546,18.535980,39.975715,2.272885,2.366452,6.965407,1.475274,1.511943,0.256470,161,46464,0,0
523,1,1.890550,1.458055,17.443753,0.595442,0.045973,19.975718,2.014140,2.328047,5.811262,1.219720,1.146488,0.167009,124,35888,0,0
524,1,1.908715,1.461351,19.560082,0.598897,17.908037,39.975732,2.270471,2.372952,6.925863,1.446126,1.437158,0.268341,161,46464,0,0
525,1,1.906514,1.462429,18.171672,0.583503,19.314036,39.975725,2.027785,2.832303,5.895671,1.312117,1.154307,0.192281,124,35888,0,0
526,1,1.894158,1.479329,19.610284,0.569862,17.879049,39.953352,2.318129,2.319563,6.868184,1.480486,1.421583,0.256470,161,46464,0,0
527,1,1.893378,1.479123,17.343550,0.573235,0.165561,19.975725,2.071632,2.310811,5.770593,1.276001,1.131694,0.174642,124,35888,0,0
528,1,1.887712,1.472921,21.410692,0.562792,16.112457,39.973653,2.337457,2.679972,6.948792,1.526394,1.440816,0.256605,161,46464,0,0
529,1,1.911736,1.458788,17.561456,0.572611,19.929928,39.975732,2.040205,2.190735,5.811998,1.289910,1.147478,0.176473,124,35888,0,0
530,1,1.914829,1.477668,19.933353,0.567034,17.560496,39.975711,2.174218,2.338142,7.037075,1.468180,1.563127,0.266842,161,46464,0,0
531,1,1.910634,1.482727,17.189690,0.562171,0.313215,19.975711,1.982402,2.271657,5.878601,1.217394,1.151421,0.180552,124,35888,0,0
532,1,1.903395,1.470890,19.723860,0.594991,17.750797,39.973043,2.360063,2.240750,6.940796,1.445672,1.567329,0.258728,161,46464,0,0
533,1,1.918616,1.459656,20.085846,0.574480,17.396786,39.975728,2.090797,5.240533,5.701996,1.217485,1.148075,0.163198,124,35888,0,0
534,1,1.906667,1.451304,20.248664,0.595235,17.247101,39.997667,2.314802,2.521739,6.897095,1.432431,1.439124,0.256470,161,46464,0,0
535,1,1.891659,1.477420,17.747101,0.629218,19.685808,39.953786,2.067400,2.524991,5.747921,1.236338,1.149228,0.180552,124,35888,0,0
536,1,1.886102,1.471971,21.406535,0.573656,16.109429,39.975722,2.222982,2.343004,7.157539,1.556295,1.518328,0.244008,161,46464,0,0
537,1,1.895637,1.480852,17.765066,0.597951,19.717082,39.975735,2.059957,2.435187,5.783454,1.253225,1.157284,0.180688,124,35888,0,0
538,1,1.910855,1.455807,18.565097,0.577844,18.921922,39.975718,2.241608,2.554345,6.995138,1.499146,1.468499,0.256470,161,46464,0,0
539,1,1.915422,1.478424,17.036082,0.571533,0.452691,19.975728,1.997460,2.268609,5.774173,1.235328,1.110416,0.180552,124,35888,0,0
540,1,1.913384,1.485202,19.311347,0.592834,18.158152,39.975718,2.330766,2.290917,6.954990,1.518816,1.480055,0.265883,161,46464,0,0
541,1,1.893775,1.462518,19.173177,0.570201,18.338576,39.975728,2.037804,2.332825,5.923686,1.325911,1.108164,0.180688,124,35888,0,0
542,1,1.906820,1.459602,19.192596,0.573825,18.300408,39.973650,2.251848,2.603485,6.826931,1.431247,1.418901,0.232293,161,46464,0,0
543,1,1.904036,1.470774,16.652483,0.596310,0.842078,19.994907,1.961290,2.286594,5.873074,1.291206,1.150218,0.188405,124,35888,0,0
544,1,1.881911,1.467818,20.121396,0.566901,17.386336,39.956543,2.260766,2.286418,7.017246,1.496606,1.440630,0.244317,161,46464,0,0
545,1,1.885115,1.470330,17.766459,0.571652,19.752499,39.975725,1.966231,2.291182,5.802768,1.231045,1.169505,0.180688,124,35888,0,0
546,1,1.916680,1.460866,18.889838,0.587850,18.581360,39.975728,2.254778,2.298808,6.995310,1.506453,1.510634,0.250916,161,46464,0,0
547,1,1.917423,1.480425,17.241479,0.565023,0.251797,19.975722,1.977542,2.397698,5.756270,1.292938,1.105662,0.174642,124,35888,0,0
548,1,1.916250,1.483931,19.181942,0.585493,18.292036,39.975722,2.284302,2.376600,6.883050,1.422129,1.479136,0.256605,161,46464,0,0
549,1,1.912947,1.479041,17.383162,0.601888,0.077728,19.975725,2.006412,2.407823,5.703861,1.260478,1.111152,0.180688,124,35888,0,0
550,1,1.918240,1.489739,19.391493,0.662988,18.000312,39.973033,2.348321,2.369409,6.915097,1.406409,1.453715,0.256314,161,46464,0,0
551,1,1.906230,1.458126,17.741458,0.604533,19.723504,39.975725,2.020355,2.560042,5.774618,1.213989,1.144582,0.182410,124,35888,0,0
552,1,1.906850,1.462080,19.414452,0.581462,18.088599,39.991364,2.271512,2.328529,7.028595,1.446476,1.468035,0.275889,161,46464,0,0
553,1,1.899109,1.484361,18.398722,0.577176,19.085090,39.960097,2.064687,2.878642,5.725199,1.222317,1.145396,0.180688,124,35888,0,0
554,1,1.887638,1.472914,19.314704,0.571126,18.202247,39.975715,2.324246,2.435950,6.947089,1.404473,1.462582,0.256741,161,46464,0,0
555,1,1.910441,1.459520,17.397624,0.663669,20.003994,39.975728,2.101223,2.431112,5.754710,1.240753,1.127808,0.180074,124,35888,0,0
556,1,1.910980,1.481554,19.397712,0.578440,18.088603,39.975735,2.169352,3.122172,7.008630,1.444872,1.469598,0.245975,161,46464,0,0
557,1,1.905141,1.476254,18.109673,0.575456,19.383396,39.973667,1.992523,2.306190,5.833293,1.257124,1.146966,0.180318,124,35888,0,0
558,1,1.907593,1.476498,18.870433,0.560147,18.637553,39.975725,2.280558,2.470629,6.837718,1.471785,1.467194,0.250559,161,46464,0,0
559,1,1.916419,1.457401,16.646874,0.573832,0.838603,19.975728,1.985711,2.173160,5.716241,1.287516,1.137410,0.180552,124,35888,0,0
560,1,1.912720,1.456699,19.289622,0.587555,18.185822,39.975718,2.288059,2.535546,6.889048,1.423628,1.489085,0.251207,161,46464,0,0
561,1,1.883487,1.454441,18.397532,0.737078,18.939870,39.957967,2.014781,3.196632,5.819631,1.278178,1.149289,0.180688,124,35888,0,0
562,1,1.898905,1.484283,23.397207,0.580580,14.099026,39.975718,2.242933,4.980547,7.095028,1.458537,1.493666,0.256470,161,46464,0,0
563,1,1.900007,1.485196,17.121789,0.580763,0.373155,19.975715,2.050666,2.029541,5.857985,1.271600,1.177707,0.179515,124,35888,0,0
564,1,1.915365,1.465471,20.815762,0.583676,16.660919,39.975722,2.274882,3.423201,6.939914,1.437236,1.432980,0.256605,161,46464,0,0
565,1,1.915334,1.481225,18.623142,0.577830,18.859422,39.975728,2.061327,3.560889,5.812178,1.315233,1.140344,0.180688,124,35888,0,0
566,1,1.913537,1.477895,18.913839,0.581167,18.567186,39.975728,2.193580,2.397271,7.050422,1.482130,1.450124,0.256470,161,46464,0,0
567,1,1.908118,1.473891,17.148407,0.594052,0.325144,19.975722,2.015547,2.260708,5.819583,1.275682,1.144630,0.180318,124,35888,0,0
568,1,1.910434,1.465766,20.469021,0.570170,17.026103,39.975728,2.336446,2.368493,6.929749,1.449181,1.557485,0.258898,161,46464,0,0
569,1,1.906738,1.461962,17.931715,0.582831,19.554420,39.975705,2.010712,2.235864,5.805183,1.287096,1.130127,0.184750,124,35888,0,0
570,1,1.887651,1.459015,19.850596,0.581458,17.639821,39.959527,2.261095,2.715203,6.901364,1.462992,1.506422,0.273610,161,46464,0,0
571,1,1.891100,1.476308,17.759172,0.562086,19.763363,39.975722,2.048255,2.271759,5.755049,1.247603,1.135993,0.177426,124,35888,0,0
572,1,1.895681,1.481425,19.210866,0.580617,18.286489,39.973653,2.303168,2.412065,6.947323,1.479984,1.441277,0.256605,161,46464,0,0
573,1,1.903717,1.454763,16.812534,0.583076,0.676402,19.975728,1.922448,2.188093,5.760769,1.280663,1.092828,0.180688,124,35888,0,0
574,1,1.912903,1.476434,19.674879,0.580587,17.807353,39.975722,2.237108,2.850606,6.999417,1.513384,1.469737,0.258372,161,46464,0,0
575,1,1.918203,1.482839,17.136332,0.738831,0.182370,19.975735,2.035858,2.089844,5.808082,1.245117,1.128391,0.180552,124,35888,0,0
576,1,1.908047,1.476345,19.418043,0.581862,18.067766,39.975718,2.341824,2.366547,6.809231,1.407155,1.503638,0.267877,161,46464,0,0
577,1,1.903649,1.456516,17.565694,0.899621,19.606754,39.975718,2.069071,2.496925,5.714206,1.219649,1.131280,0.182285,124,35888,0,0
578,1,1.912214,1.457299,18.751146,0.578142,18.734202,39.975705,2.321235,2.418342,6.824819,1.416646,1.437924,0.231191,161,46464,0,0
579,1,1.889028,1.459479,17.432281,0.568617,0.076060,19.965986,2.015150,2.258399,5.747281,1.220211,1.166836,0.180552,124,35888,0,0
580,1,1.893531,1.479323,21.572540,0.588108,15.912798,39.966977,2.296977,4.105353,7.004988,1.524445,1.436713,0.256605,161,46464,0,0
581,1,1.893856,1.479190,17.167213,0.569105,0.345547,19.975722,2.022983,2.352397,5.814060,1.281314,1.122131,0.180688,124,35888,0,0
582,1,1.916616,1.483046,19.927982,0.585198,17.545922,39.975718,2.266134,2.865692,6.961270,1.478492,1.455519,0.258711,161,46464,0,0
583,1,1.912387,1.457343,17.258725,0.578864,0.225735,19.975711,2.037516,2.298828,5.814206,1.232992,1.123986,0.180552,124,35888,0,0
584,1,1.910227,1.482503,20.167138,0.570743,17.327627,39.975735,2.306268,2.655029,6.978926,1.442447,1.522878,0.268216,161,46464,0,0
585,1,1.906135,1.474457,17.671227,0.593577,19.804789,39.975728,1.996043,2.476603,5.844547,1.305952,1.178372,0.175252,124,35888,0,0
586,1,1.903693,1.474840,19.265496,0.583561,18.222968,39.975718,2.282057,2.516215,6.845439,1.436591,1.495497,0.256643,161,46464,0,0
587,1,1.891086,1.459941,19.390923,0.574276,18.094927,39.951213,2.021393,2.564924,5.847673,1.278171,1.146715,0.193139,124,35888,0,0
588,1,1.904955,1.448663,19.391381,0.569963,18.113427,39.979726,2.209093,2.390991,7.066369,1.487369,1.489936,0.256605,161,46464,0,0
589,1,1.896393,1.481710,18.736003,0.573649,18.765683,39.971727,1.974399,3.813307,5.856116,1.296421,1.147519,0.175547,124,35888,0,0
590,1,1.885590,1.470805,20.753164,0.567817,16.769151,39.975722,2.195716,2.419790,6.988932,1.467780,1.513784,0.270762,161,46464,0,0
591,1,1.911750,1.465817,17.228750,0.580129,0.255103,19.975732,2.071954,2.214077,5.778843,1.233219,1.161177,0.174998,124,35888,0,0
592,1,1.908769,1.480838,19.342397,0.595608,18.128937,39.975711,2.305830,2.458062,6.893602,1.424089,1.472938,0.264882,161,46464,0,0
593,1,1.916453,1.482100,17.104438,0.573222,0.381609,19.975722,2.088145,2.287557,5.753920,1.262271,1.108283,0.196086,124,35888,0,0
594,1,1.913812,1.477298,19.058634,0.583662,18.419613,39.975722,2.306712,2.351091,7.005110,1.500770,1.522305,0.256470,161,46464,0,0
595,1,1.905697,1.472951,18.643185,0.577823,18.849026,39.975732,2.050374,2.362790,5.736898,1.227573,1.108822,0.180552,124,35888,0,0
596,1,1.916599,1.457492,20.653815,0.585629,16.819678,39.975722,2.250709,3.615089,6.942044,1.487023,1.458089,0.260569,161,46464,0,0
597,1,1.880235,1.449738,18.036557,0.595350,19.446248,39.958391,2.053358,2.260342,5.695153,1.258636,1.126136,0.180688,124,35888,0,0
598,1,1.889377,1.474592,19.436422,0.609619,18.038737,39.974155,2.323656,2.330899,6.993028,1.506551,1.468486,0.256470,161,46464,0,0
599,1,1.894908,1.480659,17.717166,0.579895,19.783749,39.975718,2.090098,2.436832,5.763068,1.200365,1.142181,0.180552,124,35888,0,0
600,1,1.913028,1.459727,20.060177,0.792775,17.209754,39.975735,2.272641,2.897664,6.934692,1.473399,1.467729,0.250749,161,46464,0,0
601,1,1.916409,1.484009,16.810093,0.582136,0.665036,19.973674,2.021186,2.299330,5.697245,1.217411,1.140337,0.180976,124,35888,0,0
602,1,1.908149,1.476881,19.075456,0.571130,18.420980,39.975715,2.231374,2.315491,6.878042,1.478268,1.481995,0.256470,161,46464,0,0
603,1,1.897681,1.469052,17.743676,0.571028,19.765676,39.978061,2.036302,2.662581,5.763818,1.243330,1.141619,0.178212,124,35888,0,0
604,1,1.893053,1.460585,19.161116,0.588057,18.331156,39.973382,2.249593,2.409526,6.970893,1.515001,1.439260,0.266320,161,46464,0,0
605,1,1.904558,1.456353,17.353292,0.566766,0.151089,19.975705,2.064195,2.204034,5.789988,1.237901,1.187612,0.180688,124,35888,0,0
606,1,1.884874,1.453654,19.736037,0.601234,17.734626,39.956770,2.199449,2.679121,7.061615,1.505425,1.470866,0.243958,161,46464,0,0
607,1,1.883094,1.468845,17.423445,0.586697,0.082506,19.975742,2.013421,2.276418,5.779538,1.221697,1.127747,0.182404,124,35888,0,0
608,1,1.888268,1.473640,19.376573,0.675663,18.109439,40.049944,2.229865,2.706451,6.997691,1.483768,1.476132,0.256605,161,46464,0,0
609,1,1.912774,1.483944,17.798676,0.614512,19.575511,39.901472,1.953440,2.555790,5.855103,1.277646,1.147983,0.180688,124,35888,0,0
610,1,1.914327,1.481347,21.635254,0.570716,15.855411,39.975708,2.304840,2.585890,7.001617,1.492316,1.467811,0.258301,161,46464,0,0
611,1,1.912611,1.479207,18.450222,0.746501,18.866387,39.975722,2.008837,2.199131,5.829254,1.274367,1.107964,0.180552,124,35888,0,0
612,1,1.898010,1.465230,20.363125,0.573890,17.140696,39.975722,2.195499,3.017242,7.059784,1.452728,1.552955,0.263353,161,46464,0,0
613,1,1.891493,1.458401,16.933794,0.573201,0.577233,19.975722,1.944902,2.341390,5.872925,1.251211,1.192719,0.176592,124,35888,0,0
614,1,1.900865,1.459686,19.441559,0.570218,18.063080,39.975722,2.283227,2.501506,6.970659,1.424032,1.519874,0.259627,161,46464,0,0
615,1,1.888645,1.457509,17.155178,0.575226,0.358548,19.977597,1.987749,1.889347,5.817454,1.271966,1.146840,0.180552,124,35888,0,0
616,1,1.894413,1.479784,19.064307,0.578691,18.421655,39.959066,2.247518,2.435571,6.875695,1.500129,1.463555,0.256605,161,46464,0,0
617,1,1.886675,1.472426,19.718479,0.584042,17.786526,39.975722,2.032678,4.845344,5.811320,1.219703,1.204854,0.174778,124,35888,0,0
618,1,1.923177,1.464206,20.175025,0.573303,17.304213,39.975718,2.278500,2.411282,6.990102,1.488685,1.514669,0.256042,161,46464,0,0
619,1,1.913357,1.479723,17.195272,0.570560,0.296519,19.975708,1.974850,2.227875,5.743964,1.219689,1.108493,0.169817,124,35888,0,0
620,1,1.914066,1.484762,21.034871,0.573205,16.453596,39.975739,2.325402,3.797970,6.886553,1.491747,1.453220,0.256605,161,46464,0,0
621,1,1.908227,1.477088,18.394847,0.583896,19.088755,39.975725,2.090525,2.410234,5.745734,1.269599,1.129981,0.168752,124,35888,0,0
622,1,1.911964,1.459530,18.913005,0.562988,18.587762,39.975718,2.190348,2.483483,6.981384,1.474752,1.523136,0.254147,161,46464,0,0
623,1,1.909549,1.458967,18.660173,0.556980,18.849023,39.975725,1.979211,2.515144,5.866313,1.294288,1.174462,0.180552,124,35888,0,0
624,1,1.888658,1.474426,19.232147,0.587175,18.248667,39.956648,2.279755,2.400289,6.926080,1.491821,1.490384,0.256605,161,46464,0,0
625,1,1.890442,1.475705,18.652232,0.584042,18.849016,39.975732,1.973429,3.049472,5.881504,1.294657,1.107391,0.180688,124,35888,0,0
626,1,1.895440,1.481164,19.310421,1.650007,17.119849,39.975718,2.228628,2.438409,6.991340,1.477261,1.500142,0.256470,161,46464,0,0
627,1,1.911831,1.458337,16.733300,0.573215,0.757392,19.975739,1.972460,2.115350,5.789300,1.218675,1.133114,0.180552,124,35888,0,0
628,1,1.913893,1.486020,19.340559,0.653500,18.067766,39.975718,2.252211,2.423791,6.934886,1.437507,1.455058,0.255449,161,46464,0,0
629,1,1.906698,1.475542,17.814643,0.586155,19.668213,39.975708,1.992622,2.815779,5.857320,1.222741,1.162031,0.180688,124,35888,0,0
630,1,1.907576,1.461171,19.084418,0.577094,18.404572,39.973660,2.256554,2.462694,6.991109,1.539944,1.492130,0.243737,161,46464,0,0
631,1,1.896840,1.461361,17.023109,0.567949,0.487830,19.975728,2.011614,2.012187,5.765157,1.235182,1.185900,0.180552,124,35888,0,0
632,1,1.909366,1.458411,19.834676,0.587504,17.658040,39.989587,2.320587,2.531881,6.957893,1.437941,1.509403,0.257945,161,46464,0,0
633,1,1.888492,1.474274,17.480581,0.567952,0.033596,19.970622,1.953427,2.266195,5.793115,1.214857,1.214044,0.174740,124,35888,0,0
634,1,1.888536,1.474236,19.409244,0.945160,17.724026,39.966966,2.220049,2.726288,7.013085,1.523122,1.496518,0.267046,161,46464,0,0
635,1,1.888787,1.474165,17.792752,0.582994,19.711175,39.975708,2.056186,2.502035,5.750895,1.219889,1.146159,0.168260,124,35888,0,0
636,1,1.904948,1.460052,19.646254,0.575507,17.849009,39.975718,2.213236,2.396620,7.008877,1.488732,1.490587,0.274651,161,46464,0,0
637,1,1.919773,1.477892,17.124285,0.624875,0.306800,19.975732,1.936100,2.496738,5.809706,1.276065,1.146454,0.188931,124,35888,0,0
638,1,1.927277,1.481547,19.564579,0.697344,17.786523,39.975722,2.326697,2.870002,6.919298,1.437863,1.489332,0.256470,161,46464,0,0
639,1,1.919661,1.477169,17.886888,0.584432,19.602780,39.993761,2.011424,2.345127,5.760437,1.238759,1.142680,0.193044,124,35888,0,0
640,1,1.906213,1.467601,19.539039,0.572842,17.939589,39.957682,2.235148,2.433231,6.994737,1.507385,1.489478,0.259026,161,46464,0,0
641,1,1.917450,1.455126,17.240740,0.584144,0.233402,19.975735,2.028866,2.227759,5.714901,1.250031,1.194163,0.180688,124,35888,0,0
642,1,1.901296,1.477424,19.364295,0.589240,18.103536,39.958367,2.185462,2.509254,6.989651,1.436232,1.486081,0.256470,161,46464,0,0
643,1,1.897868,1.474046,17.308692,0.581116,0.185282,19.972958,1.963803,2.146481,5.909987,1.283817,1.193926,0.167904,124,35888,0,0
644,1,1.908624,1.484795,19.530860,0.572645,17.963599,39.975728,2.202209,2.421692,6.967465,1.456696,1.460571,0.259915,161,46464,0,0
645,1,1.925649,1.460283,17.473680,0.580777,19.993557,39.973663,2.036648,2.209303,5.909892,1.306254,1.129127,0.168243,124,35888,0,0
646,1,1.913106,1.470534,18.703484,0.572608,18.786519,39.975718,2.194282,2.486152,7.054172,1.502241,1.471307,0.258603,161,46464,0,0
647,1,1.918908,1.480547,16.700148,0.632650,0.724033,19.975739,2.026262,2.095730,5.828939,1.258325,1.169817,0.180552,124,35888,0,0
648,1,1.917006,1.471117,19.702030,0.582442,17.774234,39.975711,2.273034,2.505839,6.933865,1.487857,1.475552,0.256134,161,46464,0,0
649,1,1.905277,1.459585,17.349189,0.559733,0.161516,19.975715,2.034563,2.229953,5.738349,1.221110,1.110179,0.201626,124,35888,0,0
650,1,1.922116,1.460741,19.819733,0.580594,17.650608,39.973050,2.278948,2.598046,6.951294,1.525977,1.484226,0.264255,161,46464,0,0
651,1,1.926710,1.457530,20.682858,0.589878,16.794627,39.994073,2.091471,5.421268,5.738675,1.214030,1.124983,0.180552,124,35888,0,0
652,1,1.899611,1.475193,19.513587,0.597748,17.946435,39.957381,2.225098,2.411248,7.002875,1.503184,1.513919,0.256605,161,46464,0,0
653,1,1.902310,1.479001,25.070906,0.584045,12.418471,39.975732,2.042338,4.576779,5.844625,1.297489,1.142341,0.183075,124,35888,0,0
654,1,1.916897,1.460992,19.910200,0.582648,17.565962,39.975708,2.219326,2.403453,7.047719,1.445299,1.515177,0.244025,161,46464,0,0
655,1,1.923038,1.484561,17.087355,0.583655,0.381690,19.975739,1.975956,2.441484,5.821913,1.245117,1.163011,0.180552,124,35888,0,0
656,1,1.919067,1.480981,19.283298,0.566701,18.206645,39.975711,2.237583,2.644796,6.923577,1.473579,1.468258,0.264631,161,46464,0,0
657,1,1.924676,1.481984,19.308960,0.567200,18.174876,39.975711,1.989834,3.576328,5.861267,1.290531,1.143636,0.181929,124,35888,0,0
658,1,1.912713,1.452579,19.977169,0.570692,17.515147,39.975722,2.236152,2.432349,6.978092,1.445940,1.504659,0.275058,161,46464,0,0
659,1,1.917840,1.463101,20.857951,0.570319,16.629618,39.975728,1.998684,3.763007,5.881483,1.298486,1.169230,0.174998,124,35888,0,0
660,1,1.908661,1.482924,18.902523,0.587111,18.561232,39.959527,2.243510,2.449629,6.954780,1.496779,1.502638,0.258450,161,46464,0,0
661,1,1.905626,1.481805,18.029972,0.582123,19.457998,39.975718,2.003604,2.198863,5.862094,1.267236,1.156125,0.192203,124,35888,0,0
662,1,1.895823,1.471941,19.485291,0.589342,18.005263,39.975718,2.328837,2.317919,7.037174,1.462131,1.488156,0.250559,161,46464,0,0
663,1,1.911669,1.455763,18.678809,0.591783,18.793460,39.975722,1.978478,2.745009,5.841933,1.258853,1.164330,0.180552,124,35888,0,0
664,1,1.912140,1.469876,18.840915,0.603187,18.619463,39.975705,2.202596,2.464857,7.066386,1.508616,1.558862,0.256605,161,46464,0,0
665,1,1.925930,1.462708,17.147980,0.570977,0.330838,19.975725,1.978875,2.324395,5.845055,1.256483,1.115424,0.180688,124,35888,0,0
666,1,1.900689,1.457825,18.987566,0.581160,18.483860,39.953274,2.297275,2.366231,6.988064,1.491130,1.477444,0.251255,161,46464,0,0
667,1,1.922726,1.468709,17.601501,0.626044,19.825443,39.975715,2.064636,2.205054,5.743486,1.253418,1.150625,0.180552,124,35888,0,0
668,1,1.919701,1.476637,22.200911,0.600881,15.263021,39.984514,2.215230,5.554274,7.029483,1.491001,1.494914,0.258450,161,46464,0,0
669,1,1.899323,1.475457,18.116140,0.583642,19.367845,39.966949,2.050954,2.557448,5.776744,1.200365,1.145827,0.180688,124,35888,0,0
670,1,1.906169,1.481761,19.442047,0.570146,18.057363,39.975725,2.245789,2.326884,7.144121,1.498016,1.515472,0.268063,161,46464,0,0
671,1,1.921024,1.456112,18.315050,0.572676,19.166975,39.975725,1.994181,3.030440,5.899462,1.255981,1.188283,0.189162,124,35888,0,0
672,1,1.923452,1.478716,18.598362,0.573646,18.880259,39.975718,2.185855,2.406236,6.964749,1.454600,1.486942,0.253014,161,46464,0,0
673,1,1.929074,1.490563,17.568461,0.579651,19.898546,39.975732,1.951887,2.600433,5.914249,1.337480,1.188341,0.175134,124,35888,0,0
674,1,1.920275,1.455933,18.776594,0.584117,18.692688,39.973674,2.176575,2.400482,7.026228,1.493466,1.495154,0.256470,161,46464,0,0
675,1,1.915934,1.463528,18.072191,0.578840,19.408749,39.975715,1.972972,3.176029,5.756605,1.221361,1.146088,0.169529,124,35888,0,0
676,1,1.906891,1.466946,19.253442,0.570028,18.254127,39.984487,2.229618,2.791507,6.897491,1.435974,1.473233,0.267961,161,46464,0,0
677,1,1.900703,1.471025,18.794827,3.683716,15.587721,39.966966,1.987603,3.813090,5.734049,1.259186,1.111294,0.174778,124,35888,0,0
678,1,1.903843,1.480452,19.538137,0.584045,17.949707,39.975732,2.288954,2.213284,6.967353,1.440382,1.461772,0.256470,161,46464,0,0
679,1,1.909010,1.452399,18.764923,0.556932,18.744856,39.975722,2.005246,2.365387,5.842350,1.265666,1.142524,0.186398,124,35888,0,0
680,1,1.915137,1.475013,19.124512,0.573198,18.362885,39.975732,2.247725,2.437561,6.910790,1.457706,1.540402,0.256605,161,46464,0,0
681,1,1.921956,1.461629,17.322093,0.583255,0.161516,19.988820,1.958032,2.315436,5.839132,1.255954,1.154850,0.180688,124,35888,0,0
682,1,1.899892,1.458608,19.605472,0.573205,17.884054,39.962623,2.245182,2.679420,6.946821,1.452654,1.469272,0.230635,161,46464,0,0
683,1,1.915253,1.458571,19.741987,0.584096,17.734382,39.975718,2.014672,2.876248,5.755402,1.228648,1.201447,0.180552,124,35888,0,0
684,1,1.925357,1.484901,19.172855,0.594581,18.296766,39.989560,2.179860,2.484473,6.924991,1.456889,1.511051,0.268266,161,46464,0,0
685,1,1.899821,1.476447,17.194970,0.571106,0.298248,19.964145,2.029599,2.213396,5.794569,1.306508,1.148902,0.180688,124,35888,0,0
686,1,1.900001,1.476128,19.341783,0.590983,18.140686,39.973453,2.267446,2.532186,6.986627,1.466434,1.481174,0.256470,161,46464,0,0
687,1,1.902724,1.478902,17.685093,0.562585,19.825331,39.975732,1.981106,2.391581,5.890778,1.256317,1.130185,0.168108,124,35888,0,0
688,1,1.923804,1.462145,19.641619,0.580058,17.828189,39.973670,2.262716,2.873898,6.990685,1.544074,1.501377,0.244093,161,46464,0,0
689,1,1.922441,1.476908,16.807515,0.572706,0.673055,19.975718,2.038998,2.194051,5.766368,1.224803,1.157216,0.186235,124,35888,0,0
690,1,1.918569,1.479296,19.283803,0.568220,18.205139,39.975732,2.287065,2.550279,6.848548,1.429610,1.462436,0.256809,161,46464,0,0
691,1,1.924272,1.461544,17.503805,0.569624,19.978010,39.975711,2.037204,2.149580,5.844293,1.256090,1.145077,0.180552,124,35888,0,0
692,1,1.914524,1.462596,18.624196,0.597880,18.839122,39.975722,2.206336,2.333143,6.942569,1.461300,1.510447,0.256605,161,46464,0,0
693,1,1.916745,1.475559,17.042562,0.587165,0.429240,19.975711,1.977556,2.298499,5.776767,1.200365,1.130605,0.183075,124,35888,0,0
694,1,1.898753,1.474864,19.093753,0.595900,18.372243,39.960649,2.321340,2.372596,6.936900,1.436961,1.495687,0.256470,161,46464,0,0
695,1,1.906338,1.482517,19.358548,0.570150,18.140683,39.975718,2.001529,4.192366,5.912899,1.284871,1.218167,0.180552,124,35888,0,0
696,1,1.909939,1.486094,19.740370,0.740289,17.585130,39.975728,2.186011,2.518867,7.026357,1.469079,1.487617,0.244364,161,46464,0,0
697,1,1.921061,1.459873,18.146905,0.570980,19.336775,39.975722,1.993605,3.288330,5.737454,1.297818,1.130310,0.162452,124,35888,0,0
698,1,1.922631,1.482395,18.784543,0.585164,18.683387,39.975725,2.194322,2.525289,6.992052,1.482154,1.508497,0.258016,161,46464,0,0
699,1,1.933207,1.469154,17.512238,0.558163,19.972134,39.975742,1.930227,2.379920,5.935777,1.338626,1.149590,0.180552,124,35888,0,0
700,1,1.917352,1.453318,19.222293,0.581136,18.254944,39.975725,2.265242,2.562249,6.910902,1.447906,1.442824,0.254913,161,46464,0,0
701,1,1.924218,1.486308,16.871908,0.572374,0.607218,19.975718,1.970632,2.198052,5.855431,1.304450,1.162174,0.174778,124,35888,0,0
702,1,1.914486,1.472205,19.065447,0.589854,18.426256,39.996043,2.321255,2.319885,7.006846,1.478353,1.484446,0.256470,161,46464,0,0
703,1,1.898726,1.474308,17.532552,0.585653,19.936405,39.953335,2.006015,2.370039,5.841861,1.252628,1.113274,0.180552,124,35888,0,0
704,1,1.902656,1.479309,21.008050,0.582679,16.482337,39.975722,2.283932,2.796861,6.921499,1.436951,1.473436,0.266022,161,46464,0,0
705,1,1.915904,1.453413,20.578132,0.570150,16.911533,39.975718,2.024702,4.213816,5.842461,1.271884,1.163808,0.174778,124,35888,0,0
706,1,1.915856,1.473548,22.155816,0.573205,15.330834,39.975711,2.233897,4.108938,6.998400,1.435211,1.526672,0.257809,161,46464,0,0
707,1,1.900035,1.457859,23.194851,0.574544,14.306295,39.975725,1.932421,5.694655,5.869771,1.268877,1.188978,0.174642,124,35888,0,0
708,1,1.920726,1.458408,20.460893,0.578413,17.015686,39.975718,2.277564,3.025211,6.912292,1.485128,1.435852,0.259989,161,46464,0,0
709,1,1.924049,1.478780,17.049157,0.570319,0.432190,19.975715,1.938056,2.223931,5.781186,1.282071,1.132701,0.192949,124,35888,0,0
710,1,1.922499,1.477753,19.594944,0.593645,17.861945,39.973033,2.248579,2.846887,6.976983,1.440277,1.470300,0.277096,161,46464,0,0
711,1,1.895911,1.472602,19.101946,0.571689,18.384722,39.954268,2.010379,3.492001,5.835490,1.356001,1.128984,0.180552,124,35888,0,0
712,1,1.905036,1.480635,19.049496,0.568000,18.453183,39.975715,2.186011,2.412425,6.981116,1.489315,1.436591,0.243924,161,46464,0,0
713,1,1.898688,1.474860,17.187174,0.583225,0.306647,19.975735,1.968275,2.290578,5.959418,1.328081,1.175473,0.175252,124,35888,0,0
714,1,1.927728,1.467255,18.857985,0.587596,18.602417,39.975725,2.237583,2.278503,6.947167,1.404473,1.506348,0.262017,161,46464,0,0
715,1,1.915853,1.470425,17.979238,0.573201,19.509759,39.978051,2.058248,2.406470,5.744995,1.261122,1.123800,0.182312,124,35888,0,0
716,1,1.902584,1.464569,19.349996,0.575378,18.143365,39.971324,2.191515,2.561717,7.053687,1.512956,1.505842,0.238692,161,46464,0,0
717,1,1.915575,1.461772,17.711958,0.583208,19.764977,39.975718,2.013960,2.690426,5.871623,1.281894,1.195889,0.188599,124,35888,0,0
718,1,1.921034,1.483700,19.406342,0.580573,18.067773,39.975722,2.241974,2.391802,6.990665,1.459683,1.450104,0.256470,161,46464,0,0
719,1,1.925547,1.485548,17.996697,0.582191,19.480062,39.984497,2.044342,2.381554,5.836839,1.271386,1.159448,0.175168,124,35888,0,0
840,2,1.877163,1.476630,5.593892,0.572720,11.933146,19.976922,0.839661,0.339305,2.680661,0.556505,0.468075,0.062527,50,18158,0,0
841,2,1.876244,1.478594,4.179470,0.562090,13.357924,19.975728,0.691616,0.254581,2.245605,0.459442,0.357340,0.058967,38,14614,0,0
842,2,1.870761,1.474145,5.028703,0.566881,12.509376,19.975722,0.860382,0.362488,2.668515,0.555450,0.472215,0.062527,50,18158,0,0
843,2,1.874674,1.477498,4.628961,0.559767,12.912309,19.975711,0.746307,0.267015,2.184804,0.441325,0.349759,0.058967,38,14614,0,0
844,2,1.850284,1.472192,5.039449,0.588776,12.499112,19.977620,0.864278,0.364770,2.670400,0.559404,0.440640,0.089250,50,18158,0,0
845,2,1.860436,1.482344,4.192047,0.606937,13.297723,19.957143,0.747169,0.272970,2.191969,0.441325,0.334886,0.058967,38,14614,0,0
846,2,1.865397,1.487305,5.294474,0.591173,12.224677,19.975722,0.943654,0.326182,2.610474,0.577569,0.440640,0.062527,50,18158,0,0
847,2,1.856581,1.478488,4.215868,0.570306,13.332971,19.975725,0.730645,0.254581,2.204315,0.441325,0.351946,0.058967,38,14614,0,0
848,2,1.865906,1.487813,5.207913,0.571737,12.330170,19.975725,0.893867,0.328864,2.640557,0.555837,0.471761,0.062527,50,18158,0,0
849,2,1.854167,1.459625,4.201531,0.581089,13.338928,19.975715,0.690538,0.286441,2.186110,0.459412,0.352013,0.058967,38,14614,0,0
850,2,1.879622,1.460938,5.309482,0.572242,12.214383,19.975728,0.839661,0.340176,2.699209,0.595612,0.440640,0.054854,50,18158,0,0
851,2,1.857503,1.441186,4.198201,0.570201,13.349816,19.975722,0.718801,0.303867,2.148003,0.441325,0.352759,0.058967,38,14614,0,0
852,2,1.874956,1.463277,5.069305,0.571743,12.459713,19.975718,0.900024,0.347978,2.641273,0.552389,0.440640,0.062527,50,18158,0,0
853,2,1.882389,1.462196,4.173313,0.580627,13.339389,19.975718,0.671668,0.269101,2.225942,0.441325,0.373250,0.058967,38,14614,0,0
854,2,1.872291,1.454895,5.058424,0.570363,12.474643,19.975722,0.862037,0.344835,2.644833,0.558706,0.458004,0.062527,50,18158,0,0
855,2,1.871758,1.474704,4.163116,0.580794,13.360050,19.975718,0.685896,0.267571,2.201152,0.454953,0.334886,0.063768,38,14614,0,0
856,2,1.876702,1.484009,5.128503,1.016547,11.953979,19.975732,0.862037,0.348558,2.736657,0.580068,0.457204,0.062527,50,18158,0,0
857,2,1.873322,1.476637,4.182383,0.570658,13.349365,19.975728,0.671668,0.273122,2.230330,0.441325,0.348311,0.051293,38,14614,0,0
858,2,1.881602,1.487328,5.314799,0.582109,12.197208,19.975718,0.938015,0.340915,2.664303,0.537028,0.440640,0.062527,50,18158,0,0
859,2,1.879890,1.480428,4.185710,0.570736,13.339379,19.975715,0.712324,0.273014,2.203739,0.458377,0.368503,0.058967,38,14614,0,0
860,2,1.856066,1.477973,5.316325,0.581723,12.226718,19.980832,0.853834,0.326182,2.708028,0.597070,0.440640,0.074042,50,18158,0,0
861,2,1.863373,1.485280,4.192590,0.583449,13.317030,19.956441,0.725698,0.272756,2.211168,0.482693,0.334886,0.058967,38,14614,0,0
862,2,1.860897,1.482805,5.333940,0.573259,12.207625,19.975722,0.900065,0.326182,2.674530,0.539710,0.440640,0.054854,50,18158,0,0
863,2,1.850579,1.472487,4.191406,0.573619,13.360124,19.975728,0.685120,0.275146,2.191749,0.441325,0.354387,0.058967,38,14614,0,0
864,2,1.860392,1.482300,5.481459,0.572276,12.059540,19.973667,0.856774,0.326182,2.673757,0.537028,0.488491,0.062527,50,18158,0,0
865,2,1.858507,1.458038,4.204756,0.563104,13.349358,19.975725,0.706038,0.254581,2.235514,0.458435,0.356435,0.058967,38,14614,0,0
866,2,1.876478,1.484443,5.066159,0.570224,11.338572,18.851434,0.900184,0.326182,2.657505,0.559397,0.463016,0.062527,50,18158,0,0
867,2,1.861667,1.470035,7.616954,0.595205,9.879445,19.953271,0.719313,0.254581,2.173513,0.477943,0.348674,0.071228,38,14614,0,0
868,2,1.873396,1.464640,5.518846,0.626814,11.953979,19.973036,0.860165,0.359066,2.616770,0.537028,0.440640,0.071882,50,18158,0,0
869,2,1.877706,1.461473,4.157152,0.580627,13.360226,19.975711,0.673808,0.266663,2.229838,0.441325,0.371331,0.058967,38,14614,0,0
870,2,1.877065,1.459612,5.053657,0.569678,12.475321,19.975722,0.901340,0.326182,2.680915,0.577298,0.471066,0.062527,50,18158,0,0
871,2,1.876489,1.478529,4.158393,0.580787,13.360060,19.975728,0.689636,0.254581,2.239465,0.462053,0.355160,0.059207,38,14614,0,0
872,2,1.872871,1.476217,5.043945,0.570363,12.488539,19.975718,0.857154,0.328864,2.695102,0.619273,0.483663,0.064392,50,18158,0,0
873,2,1.874220,1.479760,4.160553,0.569790,13.371162,19.975725,0.704647,0.254581,2.234056,0.500397,0.334886,0.051293,38,14614,0,0
874,2,1.884613,1.484144,5.098199,0.570201,12.422716,19.975728,0.897051,0.326182,2.692858,0.557709,0.486426,0.062344,50,18158,0,0
875,2,1.870124,1.475959,4.175174,0.582150,13.370650,19.998098,0.741367,0.254581,2.207828,0.441325,0.373400,0.058967,38,14614,0,0
876,2,1.854085,1.475993,5.686181,0.604848,11.817006,19.962121,0.858517,0.358544,2.682570,0.550680,0.462925,0.062158,50,18158,0,0
877,2,1.868707,1.490614,4.174723,0.596066,13.327443,19.966939,0.691593,0.268226,2.210873,0.441325,0.334886,0.058967,38,14614,0,0
878,2,1.864458,1.486365,5.014584,0.580451,12.516235,19.975728,0.913181,0.326182,2.641646,0.568390,0.440640,0.054854,50,18158,0,0
879,2,1.858548,1.480455,4.209106,0.573825,13.334242,19.975722,0.748671,0.273210,2.165378,0.463779,0.334886,0.058967,38,14614,0,0
880,2,1.852525,1.474433,5.105964,0.582652,12.434580,19.975722,0.874895,0.345818,2.667548,0.598165,0.459971,0.062527,50,18158,0,0
881,2,1.853644,1.455065,4.202057,0.581099,13.338925,19.975725,0.731890,0.254581,2.166134,0.463694,0.334886,0.058967,38,14614,0,0
882,2,1.856150,1.436344,5.448463,0.569044,12.102061,19.975718,0.860009,0.326182,2.717936,0.537028,0.501587,0.062527,50,18158,0,0
883,2,1.870521,1.459066,4.153948,0.572337,13.378920,19.975725,0.696096,0.254581,2.183319,0.454959,0.379717,0.059018,38,14614,0,0
884,2,1.883915,1.460992,5.491225,0.588298,12.012285,19.975722,0.913913,0.348636,2.607469,0.537028,0.440640,0.062527,50,18158,0,0
885,2,1.873572,1.464274,4.182119,1.195211,12.724806,19.975708,0.708171,0.271664,2.178575,0.441325,0.347249,0.058967,38,14614,0,0
886,2,1.884749,1.484287,5.034315,0.561971,12.494704,19.975739,0.878672,0.360124,2.662699,0.555884,0.460765,0.062527,50,18158,0,0
887,2,1.874576,1.481839,4.190535,0.581679,13.328922,19.975711,0.671668,0.282762,2.237556,0.480330,0.364821,0.058967,38,14614,0,0
888,2,1.874529,1.474060,5.063127,0.570367,12.467702,19.975725,0.895844,0.326182,2.674700,0.537028,0.452905,0.062527,50,18158,0,0
889,2,1.872277,1.477821,4.173024,0.570533,13.359887,19.975722,0.694044,0.254581,2.249685,0.441325,0.370629,0.070323,38,14614,0,0
890,2,1.875851,1.479031,5.052812,0.569682,12.475328,19.973674,0.880714,0.326182,2.693427,0.594340,0.472755,0.062527,50,18158,0,0
891,2,1.871938,1.474369,4.181183,0.593784,13.349809,19.996714,0.727763,0.268321,2.197272,0.456685,0.354207,0.058967,38,14614,0,0
892,2,1.850298,1.472205,5.045414,0.580729,12.485819,19.962260,0.859338,0.373149,2.681603,0.574463,0.460704,0.062527,50,18158,0,0
893,2,1.851549,1.473456,4.186208,0.587782,13.342645,19.968184,0.732293,0.275248,2.196462,0.455058,0.334886,0.058967,38,14614,0,0
894,2,1.850891,1.472799,5.239187,0.577549,12.308095,19.975722,0.878845,0.355309,2.623389,0.539710,0.440640,0.062527,50,18158,0,0
895,2,1.852251,1.474158,4.210225,0.583194,13.330058,19.975728,0.748508,0.254581,2.181715,0.441325,0.350901,0.058967,38,14614,0,0
896,2,1.853400,1.475308,5.271749,0.576131,12.274445,19.975725,0.853838,0.382195,2.653876,0.539710,0.483985,0.062527,50,18158,0,0
897,2,1.839515,1.446689,4.174516,0.570401,13.391279,19.975711,0.742496,0.254581,2.147454,0.459805,0.334886,0.058967,38,14614,0,0
898,2,1.885505,1.462582,5.098833,0.577728,12.413662,19.975728,0.915639,0.326182,2.652056,0.595211,0.440640,0.062527,50,18158,0,0
899,2,1.871426,1.459632,4.163456,0.570190,13.370643,19.975715,0.713247,0.267907,2.168800,0.478122,0.347510,0.067498,38,14614,0,0
900,2,1.876136,1.460059,5.049415,0.955726,12.094455,19.975732,0.896725,0.326182,2.648522,0.577586,0.459941,0.062527,50,18158,0,0
901,2,1.870714,1.474497,4.184981,0.587626,13.332391,19.975711,0.694122,0.254581,2.213487,0.474752,0.334886,0.051293,38,14614,0,0
902,2,1.872630,1.475684,5.242615,0.583696,12.276781,19.975722,0.839661,0.362817,2.700029,0.556430,0.461026,0.062527,50,18158,0,0
903,2,1.871362,1.473775,4.173947,0.570224,13.360189,19.975722,0.674350,0.271393,2.249742,0.477285,0.354119,0.058967,38,14614,0,0
904,2,1.876970,1.484406,5.029446,0.570241,12.499071,19.975728,0.908468,0.326182,2.687351,0.587599,0.515822,0.049896,50,18158,0,0
905,2,1.879127,1.482174,6.557349,0.583703,10.955549,19.975728,0.694038,0.254581,2.255351,0.460921,0.354221,0.071340,38,14614,0,0
906,2,1.876024,1.483578,5.181308,0.568576,12.349813,19.975722,0.873447,0.352932,2.685584,0.581858,0.458577,0.062527,50,18158,0,0
907,2,1.860867,1.482775,4.177009,0.584184,13.350321,19.972382,0.671668,0.254581,2.261295,0.482669,0.363529,0.058967,38,14614,0,0
908,2,1.860328,1.482235,5.104499,0.569689,12.428016,19.962531,0.876550,0.347717,2.677446,0.537028,0.458822,0.062527,50,18158,0,0
909,2,1.853909,1.475817,4.179671,0.570187,13.370656,19.974423,0.709788,0.254581,2.219577,0.455058,0.334886,0.058967,38,14614,0,0
910,2,1.858022,1.479930,5.551849,0.580634,11.985216,19.975722,0.878899,0.353824,2.630734,0.539710,0.440640,0.062527,50,18158,0,0
911,2,1.862912,1.484819,4.557387,0.570204,12.985223,19.975725,0.730486,0.275065,2.167067,0.441325,0.334886,0.058967,38,14614,0,0
912,2,1.852624,1.454966,6.348928,0.581458,11.192712,19.975722,0.874352,0.348636,2.663364,0.608507,0.440640,0.069567,50,18158,0,0
913,2,1.831631,1.435120,4.203250,0.570526,13.370314,19.975722,0.725698,0.254581,2.213328,0.462263,0.346012,0.058967,38,14614,0,0
914,2,1.851871,1.454756,5.032216,0.588569,12.487684,19.960341,0.881324,0.345330,2.647525,0.537028,0.455031,0.062527,50,18158,0,0
915,2,1.873220,1.460921,7.942908,0.570235,9.589362,19.975725,0.707503,0.254581,2.188853,0.478753,0.352715,0.064514,38,14614,0,0
916,2,1.862403,1.462894,5.032756,0.576711,12.499115,19.970985,0.911421,0.364027,2.633609,0.557834,0.440640,0.062527,50,18158,0,0
917,2,1.872854,1.460988,4.152825,0.568973,13.381059,19.975711,0.709537,0.254581,2.219472,0.479919,0.367120,0.059018,38,14614,0,0
918,2,1.872620,1.478170,5.068519,0.570231,12.464355,19.975725,0.884477,0.364821,2.635498,0.558180,0.440640,0.062527,50,18158,0,0
919,2,1.882138,1.482168,4.183997,0.570194,13.339396,19.975725,0.691423,0.287153,2.216648,0.477956,0.337568,0.068566,38,14614,0,0
920,2,1.874169,1.478068,5.136410,0.570367,12.394775,19.975722,0.869130,0.326182,2.703105,0.576352,0.443322,0.066176,50,18158,0,0
921,2,1.882307,1.484497,4.173394,0.570675,13.349348,19.975725,0.704742,0.254581,2.237762,0.494602,0.334886,0.058967,38,14614,0,0
922,2,1.883694,1.483226,5.095761,0.563124,12.433146,19.975725,0.877696,0.377906,2.661764,0.577779,0.440640,0.062849,50,18158,0,0
923,2,1.855106,1.477013,4.798852,0.598857,12.724806,19.977620,0.712931,0.254581,2.219215,0.501024,0.336802,0.058967,38,14614,0,0
924,2,1.861552,1.483459,5.045912,0.560679,12.487796,19.955939,0.918586,0.366526,2.630771,0.549350,0.440640,0.054854,50,18158,0,0
925,2,1.855896,1.477804,4.178989,0.585720,13.355123,19.975728,0.709018,0.268233,2.183353,0.441325,0.334886,0.058967,38,14614,0,0
926,2,1.856554,1.478461,5.157494,0.609273,12.352400,19.975722,0.897861,0.326182,2.664534,0.580204,0.440640,0.062527,50,18158,0,0
927,2,1.862084,1.483992,4.184743,0.568892,13.360009,19.975728,0.729770,0.277035,2.185791,0.457879,0.357340,0.058967,38,14614,0,0
928,2,1.852295,1.459591,5.345778,0.570235,12.207411,19.975718,0.853556,0.326182,2.682773,0.597331,0.478088,0.062527,50,18158,0,0
929,2,1.841749,1.441281,4.196560,0.577521,13.359890,19.975722,0.691037,0.254581,2.194024,0.459415,0.352641,0.058967,38,14614,0,0
930,2,1.872274,1.463308,5.141486,0.570482,12.391490,19.975732,0.875787,0.356923,2.636495,0.562849,0.459235,0.062527,50,18158,0,0
931,2,1.880337,1.466136,4.167606,0.567552,13.360216,19.975711,0.711124,0.292118,2.169247,0.486077,0.334886,0.058967,38,14614,0,0
932,2,1.863712,1.449782,5.044227,0.568675,12.499115,19.975728,0.896528,0.326182,2.653680,0.603204,0.440640,0.062527,50,18158,0,0
933,2,1.869049,1.471381,4.197072,0.575172,13.334418,19.975711,0.674323,0.287337,2.187490,0.460805,0.354618,0.058967,38,14614,0,0
934,2,1.882497,1.482035,5.048221,0.580685,12.464318,19.975722,0.905728,0.326182,2.691206,0.555827,0.495975,0.062527,50,18158,0,0
935,2,1.870236,1.477464,4.176158,0.569194,13.360141,19.975728,0.674350,0.267653,2.260600,0.480838,0.334886,0.070770,38,14614,0,0
936,2,1.863054,1.466885,5.147522,0.570238,12.394908,19.975722,0.889523,0.326182,2.709747,0.598870,0.482039,0.061449,50,18158,0,0
937,2,1.879910,1.485582,4.196638,0.570652,13.328525,19.975725,0.709503,0.305630,2.197245,0.441325,0.357263,0.058967,38,14614,0,0
938,2,1.865072,1.465949,5.033715,0.570886,12.506053,19.975725,0.839661,0.326182,2.725762,0.595930,0.468126,0.054854,50,18158,0,0
939,2,1.864543,1.486450,4.186337,0.580610,13.349450,19.980940,0.689904,0.267636,2.240187,0.474013,0.354509,0.058967,38,14614,0,0
940,2,1.854085,1.475993,5.167257,0.570194,12.363712,19.955248,0.858097,0.326182,2.705878,0.578020,0.454749,0.062527,50,18158,0,0
941,2,1.850471,1.472378,4.171943,0.589047,13.362203,19.973663,0.715047,0.268250,2.179138,0.441325,0.334886,0.058967,38,14614,0,0
942,2,1.853597,1.475505,5.285448,0.597856,12.238820,19.975722,0.903120,0.341539,2.624793,0.562080,0.458954,0.062527,50,18158,0,0
943,2,1.859758,1.481666,4.195645,0.570567,13.349745,19.975715,0.714508,0.300947,2.160400,0.441325,0.334886,0.058967,38,14614,0,0
944,2,1.864051,1.442898,5.096391,0.618079,12.419674,19.998196,0.896301,0.326182,2.621375,0.537028,0.440640,0.062527,50,18158,0,0
945,2,1.851990,1.440447,4.180081,0.582262,13.338925,19.953257,0.711270,0.254581,2.200673,0.441325,0.334886,0.058967,38,14614,0,0
946,2,1.885179,1.462257,5.399706,0.570190,12.120653,19.975728,0.895688,0.326182,2.669464,0.557590,0.456550,0.064358,50,18158,0,0
947,2,1.867754,1.460517,4.156718,0.570201,13.381042,19.975715,0.717065,0.254581,2.186571,0.501743,0.334886,0.045827,38,14614,0,0
948,2,1.870945,1.456248,5.202128,0.570207,12.332435,19.975715,0.880941,0.365289,2.645291,0.572717,0.456319,0.062527,50,18158,0,0
949,2,1.870785,1.476339,4.184926,0.570204,13.349809,19.975725,0.690433,0.254581,2.238471,0.459032,0.388791,0.058967,38,14614,0,0
950,2,1.879801,1.482483,5.152734,0.570296,12.372891,19.975722,0.867126,0.326182,2.715637,0.593058,0.440640,0.054854,50,18158,0,0
951,2,1.868910,1.472805,4.165968,0.578535,13.362308,19.975722,0.671668,0.254581,2.263218,0.473348,0.347354,0.058967,38,14614,0,0
952,2,1.881056,1.482537,5.066918,0.580834,12.446930,19.975739,0.853919,0.326182,2.690721,0.577908,0.471341,0.062527,50,18158,0,0
953,2,1.871484,1.474023,4.167884,0.573249,13.363102,19.975718,0.711399,0.284783,2.202237,0.482680,0.334886,0.058967,38,14614,0,0
954,2,1.873593,1.477251,5.015445,0.569689,12.516995,19.975722,0.853309,0.326182,2.724979,0.556800,0.481354,0.061449,50,18158,0,0
955,2,1.854696,1.476603,4.203328,0.570207,13.343214,19.971446,0.692352,0.276957,2.226037,0.496199,0.334886,0.064592,38,14614,0,0
956,2,1.859555,1.481462,5.145966,0.571431,12.384525,19.961477,0.862037,0.342834,2.677324,0.559292,0.440640,0.054854,50,18158,0,0
957,2,1.852464,1.474372,4.182421,0.586639,13.354194,19.975718,0.708822,0.254581,2.182834,0.455017,0.334886,0.058967,38,14614,0,0
958,2,1.856849,1.478756,5.084296,0.570231,12.464355,19.975732,0.863190,0.338304,2.685744,0.555874,0.462582,0.062527,50,18158,0,0
959,2,1.861562,1.483470,4.204576,0.570224,13.339366,19.975728,0.729445,0.254581,2.184770,0.463169,0.334886,0.058967,38,14614,0,0
960,2,1.839491,1.439646,5.028714,0.566823,12.540700,19.975728,0.903846,0.365275,2.606025,0.555450,0.460537,0.062527,50,18158,0,0
961,2,1.877319,1.441338,4.184808,0.585069,13.328515,19.975711,0.716498,0.254581,2.199910,0.441325,0.334886,0.058967,38,14614,0,0
962,2,1.873851,1.460236,5.265201,0.580627,12.256053,19.975732,0.862115,0.367171,2.662062,0.575792,0.457520,0.062527,50,18158,0,0
963,2,1.878130,1.459330,4.167769,0.573259,13.356554,19.975711,0.688805,0.297295,2.160892,0.454919,0.334886,0.058967,38,14614,0,0
964,2,1.875590,1.482724,5.197483,0.580617,12.322038,19.975728,0.839661,0.359626,2.680661,0.590997,0.459357,0.062527,50,18158,0,0
965,2,1.876021,1.478499,4.862644,0.803894,12.433153,19.975711,0.692888,0.271301,2.220086,0.499702,0.351807,0.070533,38,14614,0,0
966,2,1.874705,1.480879,5.045610,0.572113,12.483300,19.975728,0.913120,0.339322,2.652235,0.539710,0.440640,0.062527,50,18158,0,0
967,2,1.881290,1.480821,4.193186,0.698619,13.328817,20.101912,0.678470,0.267107,2.213016,0.441325,0.334886,0.070238,38,14614,0,0
968,2,1.864532,1.486440,5.080312,3.324354,12.332387,22.601586,0.943868,0.326182,2.630764,0.537028,0.440640,0.054854,50,18158,0,0
969,2,1.857849,1.441691,4.528703,0.571499,10.255964,17.214016,0.752547,0.254581,2.223738,0.460192,0.350640,0.058967,38,14614,0,0
970,2,1.887173,1.486749,5.551137,0.576189,11.961239,19.975739,0.946415,0.326182,2.647644,0.556722,0.440640,0.062578,50,18158,0,0
971,2,1.861596,1.483504,4.505174,0.573018,13.024743,19.964532,0.749488,0.270979,2.204627,0.483029,0.349752,0.059207,38,14614,0,0
972,2,1.844228,1.466136,5.253476,0.567183,12.302558,19.967445,0.916263,0.355971,2.624515,0.537028,0.440640,0.062578,50,18158,0,0
973,2,1.856228,1.478136,4.163968,0.556580,13.398953,19.975728,0.711731,0.254581,2.196740,0.455061,0.334886,0.058967,38,14614,0,0
974,2,1.859667,1.481574,5.026564,0.562632,12.526859,19.975722,0.855465,0.344547,2.687581,0.589884,0.457252,0.050930,50,18158,0,0
975,2,1.856839,1.457174,4.183068,0.596514,13.356255,19.992676,0.709530,0.254581,2.162574,0.441325,0.334886,0.058967,38,14614,0,0
976,2,1.840742,1.448029,5.033854,0.596052,12.488122,19.958771,0.908990,0.343313,2.642497,0.549076,0.463016,0.062578,50,18158,0,0
977,2,1.877489,1.443485,4.160112,0.576111,13.362013,19.975725,0.702098,0.254581,2.202996,0.441325,0.352030,0.058967,38,14614,0,0
978,2,1.876027,1.461941,5.153178,0.575877,12.370639,19.975722,0.855296,0.343096,2.674873,0.552473,0.457865,0.062578,50,18158,0,0
979,2,1.874064,1.468557,4.162757,0.562531,13.376367,19.975718,0.710236,0.273661,2.163442,0.475945,0.334886,0.058967,38,14614,0,0
980,2,1.874173,1.477692,5.216905,0.562602,12.322049,19.975728,0.848877,0.326182,2.673581,0.604814,0.440640,0.054905,50,18158,0,0
981,2,1.869503,1.473012,4.433384,0.564131,13.108700,19.975718,0.669742,0.254581,2.259688,0.483036,0.378323,0.058967,38,14614,0,0
982,2,1.879588,1.479119,5.037879,0.562771,12.495490,19.975728,0.900106,0.326182,2.685421,0.554223,0.470198,0.062578,50,18158,0,0
983,2,1.859721,1.462043,4.303524,0.576114,13.236355,19.975715,0.693624,0.270742,2.247955,0.441325,0.376539,0.059306,38,14614,0,0
984,2,1.875590,1.475121,5.087273,0.576114,12.436747,19.975725,0.854034,0.326182,2.709985,0.570190,0.475477,0.054905,50,18158,0,0
985,2,1.877530,1.483531,4.164934,0.583896,13.349365,19.975725,0.685662,0.254581,2.253947,0.441325,0.354706,0.058967,38,14614,0,0
986,2,1.879445,1.478977,5.037167,0.577311,12.495643,19.989566,0.876414,0.326182,2.676721,0.573975,0.453640,0.064514,50,18158,0,0
987,2,1.856059,1.477966,4.163801,0.565674,13.378601,19.964135,0.669742,0.285987,2.209527,0.498508,0.334886,0.058967,38,14614,0,0
988,2,1.860006,1.481913,5.332974,0.573032,12.207448,19.973460,0.867601,0.346775,2.622857,0.537028,0.440640,0.062578,50,18158,0,0
989,2,1.855594,1.477502,4.166026,0.588904,13.365194,19.975718,0.726084,0.254581,2.193682,0.441325,0.334886,0.058967,38,14614,0,0
990,2,1.859979,1.481815,5.220279,0.573927,12.321540,19.975725,0.896179,0.369409,2.618317,0.539710,0.462741,0.062578,50,18158,0,0
991,2,1.838223,1.460130,4.183048,0.562497,13.391947,19.975715,0.718092,0.271478,2.148543,0.441325,0.334886,0.058967,38,14614,0,0
992,2,1.848792,1.436635,5.170895,0.569736,12.386305,19.975728,0.878682,0.342411,2.613759,0.554067,0.457747,0.062578,50,18158,0,0
993,2,1.865282,1.440477,4.164035,0.574029,13.370321,19.973667,0.685143,0.276811,2.204939,0.441325,0.354523,0.058967,38,14614,0,0
994,2,1.886376,1.463460,5.187351,0.562615,12.339389,19.975732,0.857408,0.326182,2.675049,0.550693,0.477068,0.049778,50,18158,0,0
995,2,1.870202,1.475064,4.182685,0.553809,13.369019,19.975715,0.718611,0.276950,2.182017,0.441325,0.334886,0.058967,38,14614,0,0
996,2,1.869347,1.469296,5.016568,0.569868,12.519931,19.975715,0.912242,0.341536,2.640059,0.537028,0.457879,0.062578,50,18158,0,0
997,2,1.871233,1.476712,4.181654,0.563463,13.359375,19.975725,0.690555,0.278893,2.231388,0.495514,0.364831,0.059018,38,14614,0,0
998,2,1.876048,1.476590,5.145345,0.640106,12.314219,19.975718,0.836819,0.340590,2.700195,0.577535,0.492082,0.062578,50,18158,0,0
999,2,1.878811,1.484290,4.800639,0.571465,12.724816,19.975732,0.689646,0.290690,2.193458,0.453427,0.349921,0.051293,38,14614,0,0
1000,2,1.883918,1.491306,5.759243,0.555678,11.776879,19.975718,0.891914,0.348636,2.675819,0.569868,0.454142,0.062629,50,18158,0,0
1001,2,1.872504,1.474786,4.183214,0.549683,13.370327,19.975728,0.707669,0.269101,2.233300,0.483941,0.334886,0.058967,38,14614,0,0
1002,2,1.870314,1.473619,5.245076,0.580787,12.297719,19.993896,0.876967,0.346707,2.680342,0.550683,0.440640,0.062578,50,18158,0,0
1003,2,1.858958,1.480865,4.165324,0.561117,13.372145,19.957543,0.710975,0.276957,2.191166,0.480771,0.334886,0.058967,38,14614,0,0
1004,2,1.854987,1.476895,5.294237,0.573934,12.252553,19.975711,0.892931,0.339572,2.663835,0.568648,0.474369,0.062578,50,18158,0,0
1005,2,1.851423,1.473331,4.185699,0.599209,13.339396,19.975728,0.725155,0.254581,2.205516,0.441325,0.354255,0.058967,38,14614,0,0
1006,2,1.864081,1.485989,5.071557,0.556251,12.483843,19.975732,0.896128,0.326182,2.661608,0.573727,0.454698,0.062578,50,18158,0,0
1007,2,1.839417,1.442444,4.173981,0.560537,13.401774,19.975708,0.687724,0.254581,2.161129,0.441325,0.371687,0.058967,38,14614,0,0
1008,2,1.882785,1.441789,5.006724,0.576090,12.510139,19.975739,0.852193,0.326182,2.720388,0.575290,0.509342,0.062578,50,18158,0,0
1009,2,1.872586,1.463230,4.162974,0.555233,13.384918,19.975711,0.728533,0.274478,2.162181,0.456713,0.334886,0.058967,38,14614,0,0
1010,2,1.878357,1.460598,5.071899,0.561086,12.464389,19.975732,0.893439,0.326182,2.648024,0.596029,0.440640,0.062578,50,18158,0,0
1011,2,1.868924,1.472205,4.183967,0.656345,13.266479,19.975715,0.705139,0.276950,2.195079,0.441325,0.348419,0.058967,38,14614,0,0
1012,2,1.878130,1.485250,5.431708,0.555664,12.110223,19.975725,0.855821,0.345520,2.711263,0.639211,0.463094,0.062578,50,18158,0,0
1013,2,1.867883,1.471714,4.195407,0.562602,13.349820,19.975711,0.701738,0.254581,2.240767,0.497888,0.352990,0.069560,38,14614,0,0
1014,2,1.873379,1.476600,5.064924,0.573201,12.464216,19.975722,0.911672,0.326182,2.668545,0.602787,0.458733,0.049930,50,18158,0,0
1015,2,1.877530,1.480414,4.175371,0.573042,13.349776,19.975718,0.692139,0.254581,2.213701,0.441325,0.334886,0.067491,38,14614,0,0
1016,2,1.875543,1.482961,5.394165,0.564551,12.141473,19.975732,0.875322,0.366872,2.660984,0.537028,0.457228,0.062578,50,18158,0,0
1017,2,1.879910,1.483086,4.183390,0.573503,13.338925,19.975728,0.689233,0.312090,2.206801,0.463779,0.366767,0.058967,38,14614,0,0
1018,2,1.857758,1.479665,5.243086,0.549961,12.323676,19.974481,0.878767,0.338576,2.640486,0.537028,0.440640,0.062578,50,18158,0,0
1019,2,1.860969,1.482876,4.155117,0.573459,13.370639,19.960185,0.706709,0.254581,2.206668,0.441325,0.334886,0.058967,38,14614,0,0
1020,2,1.853909,1.475745,5.237169,0.602495,12.282142,19.975715,0.872609,0.363688,2.610453,0.537028,0.455556,0.062578,50,18158,0,0
1021,2,1.852010,1.473918,4.208286,0.565623,13.349809,19.975728,0.715641,0.267992,2.180600,0.441325,0.334886,0.058967,38,14614,0,0
1022,2,1.839237,1.461144,5.140727,0.576714,12.432997,19.989675,0.919006,0.346615,2.627692,0.555213,0.440640,0.062578,50,18158,0,0
1023,2,1.832435,1.435642,4.248162,0.583483,13.297685,19.961765,0.708344,0.254581,2.170427,0.460670,0.334886,0.058967,38,14614,0,0
1024,2,1.873410,1.439938,5.259335,0.572191,12.270803,19.975739,0.856717,0.344659,2.656342,0.537028,0.487678,0.062578,50,18158,0,0
1025,2,1.879927,1.461243,4.162526,0.562944,13.370307,19.975705,0.671702,0.254581,2.192179,0.463701,0.357263,0.059306,38,14614,0,0
1026,2,1.868591,1.474277,5.077644,0.565114,12.464386,19.975735,0.891958,0.326182,2.631999,0.537028,0.454268,0.062578,50,18158,0,0
1027,2,1.875827,1.484222,4.145806,0.583442,13.370639,19.975715,0.690786,0.274316,2.206346,0.441325,0.347310,0.058967,38,14614,0,0
1028,2,1.873352,1.480442,5.338779,0.555227,12.208371,19.975728,0.911936,0.326182,2.699585,0.577891,0.440640,0.062578,50,18158,0,0
1029,2,1.871111,1.474257,4.160940,0.546417,13.397237,19.975705,0.701260,0.254581,2.230933,0.501190,0.353319,0.051344,38,14614,0,0
1030,2,1.883558,1.483090,4.992252,0.562096,12.537832,19.975739,0.922109,0.346327,2.640937,0.575738,0.440640,0.062578,50,18158,0,0
1031,2,1.880473,1.482415,4.182821,0.554854,13.357571,19.975718,0.688789,0.254581,2.239933,0.441325,0.364061,0.058967,38,14614,0,0
1032,2,1.868656,1.471720,5.139092,0.562093,12.405887,19.975728,0.857035,0.348551,2.714098,0.571581,0.443322,0.054905,50,18158,0,0
1033,2,1.874210,1.479916,4.178677,0.594306,13.328515,19.975708,0.669742,0.301690,2.213206,0.463779,0.398258,0.058967,38,14614,0,0
1034,2,1.856096,1.478004,5.205326,0.576111,12.326603,19.964135,0.850491,0.348558,2.707160,0.555515,0.440640,0.062578,50,18158,0,0
1035,2,1.863719,1.485626,4.180386,0.584981,13.337853,19.966939,0.703990,0.281413,2.204692,0.460714,0.350857,0.058967,38,14614,0,0
1036,2,1.861942,1.483849,5.197883,0.552188,12.363695,19.975708,0.881571,0.344713,2.641551,0.537028,0.452715,0.076321,50,18158,0,0
1037,2,1.862023,1.483931,4.193983,0.587867,13.331845,19.975718,0.709344,0.254581,2.184428,0.441325,0.355598,0.058967,38,14614,0,0
1038,2,1.838735,1.460642,4.995412,0.555786,12.585795,19.975728,0.884986,0.339861,2.662754,0.537028,0.443322,0.054905,50,18158,0,0
1039,2,1.860758,1.446537,4.192135,0.562639,13.360196,19.975728,0.746755,0.254581,2.162469,0.454953,0.355204,0.058967,38,14614,0,0
1040,2,1.878113,1.442569,5.025462,0.605991,12.466166,19.975732,0.855004,0.326182,2.675174,0.537028,0.453145,0.062578,50,18158,0,0
1041,2,1.880056,1.459646,4.151991,0.556695,13.386976,19.975718,0.727332,0.254581,2.161397,0.459347,0.355492,0.059018,38,14614,0,0
1042,2,1.872325,1.471863,5.206343,0.568081,12.328976,19.975725,0.880727,0.326182,2.676100,0.586772,0.440640,0.062578,50,18158,0,0
1043,2,1.869605,1.478004,4.183282,0.546417,13.376407,19.975711,0.669742,0.269172,2.214010,0.460151,0.364848,0.058967,38,14614,0,0
1044,2,1.873077,1.463867,5.048923,0.562965,12.488702,19.973667,0.858168,0.326182,2.680559,0.537028,0.470439,0.062578,50,18158,0,0
1045,2,1.877126,1.482808,4.165331,0.559794,13.373474,19.975725,0.681878,0.254581,2.223131,0.496124,0.336802,0.060784,38,14614,0,0
1046,2,1.881795,1.481327,5.360908,0.549866,12.183153,19.975722,0.886505,0.340875,2.675676,0.562080,0.463094,0.061449,50,18158,0,0
1047,2,1.863610,1.470883,4.168450,0.552233,13.391418,19.975711,0.672424,0.254581,2.246687,0.455621,0.350257,0.051293,38,14614,0,0
1048,2,1.878615,1.478146,5.035400,0.552212,12.509505,19.975732,0.884471,0.328864,2.697852,0.571737,0.498396,0.062578,50,18158,0,0
1049,2,1.870504,1.476691,4.411550,0.570007,13.123654,19.975715,0.686466,0.284814,2.204074,0.441325,0.350054,0.058967,38,14614,0,0
1050,2,1.861131,1.482968,5.146376,0.573025,12.389815,19.970347,0.870948,0.385952,2.657284,0.557631,0.463016,0.062578,50,18158,0,0
1051,2,1.850491,1.472399,4.193644,0.581733,13.341095,19.966963,0.701609,0.271132,2.205953,0.456702,0.357340,0.058967,38,14614,0,0
1052,2,1.854279,1.476186,5.021508,0.562225,12.537699,19.975711,0.886905,0.348083,2.668267,0.537028,0.463094,0.062578,50,18158,0,0
1053,2,1.837182,1.459089,4.184458,0.580641,13.373440,19.975722,0.728041,0.254581,2.186428,0.441325,0.357340,0.058967,38,14614,0,0
1054,2,1.858348,1.438283,5.343658,0.565664,12.208069,19.975739,0.852047,0.355496,2.632728,0.567651,0.453545,0.064423,50,18158,0,0
1055,2,1.859823,1.443865,4.193061,0.562632,13.360192,19.975708,0.730421,0.254581,2.190389,0.463701,0.374427,0.058967,38,14614,0,0
1056,2,1.872996,1.439314,5.100199,0.576436,12.426097,19.975728,0.855676,0.326182,2.700626,0.614848,0.461032,0.062578,50,18158,0,0
1057,2,1.874939,1.480391,4.157115,0.552375,13.391296,19.975725,0.736935,0.254581,2.159549,0.468665,0.350650,0.064735,38,14614,0,0
1058,2,1.880564,1.480740,5.599409,0.573822,11.921933,19.975728,0.871568,0.346615,2.661526,0.573130,0.440640,0.054905,50,18158,0,0
1059,2,1.877916,1.483381,4.174961,0.573018,13.349826,19.975722,0.669742,0.254581,2.253137,0.460158,0.369965,0.058967,38,14614,0,0
1060,2,1.874023,1.474731,5.425368,0.573558,12.102770,19.975718,0.891239,0.326182,2.668749,0.558987,0.440640,0.062578,50,18158,0,0
1061,2,1.876560,1.480509,4.145067,0.559326,13.394758,19.975711,0.669742,0.254581,2.234389,0.486189,0.376183,0.054596,38,14614,0,0
1062,2,1.880052,1.482910,5.349915,0.595384,12.150370,19.975722,0.907345,0.348636,2.640866,0.571615,0.440640,0.062578,50,18158,0,0
1063,2,1.880137,1.482659,5.083934,0.561157,12.450490,19.975718,0.713955,0.254581,2.224060,0.441325,0.348758,0.058967,38,14614,0,0
1064,2,1.874708,1.482188,5.478411,0.924147,11.698466,19.975732,0.911679,0.326182,2.640734,0.583266,0.440640,0.050286,50,18158,0,0
1065,2,1.874084,1.476983,4.203647,0.583347,13.328515,19.989594,0.692118,0.318600,2.166226,0.455085,0.362718,0.058967,38,14614,0,0
1066,2,1.861386,1.483293,5.109205,0.576097,12.417430,19.964118,0.890188,0.367588,2.650713,0.550612,0.440640,0.062578,50,18158,0,0
1067,2,1.860775,1.482683,4.171583,0.570455,13.370646,19.973460,0.709015,0.254581,2.215390,0.441325,0.334886,0.058967,38,14614,0,0
1068,2,1.865750,1.487657,5.490387,0.582258,12.037313,19.975708,0.838779,0.338447,2.692722,0.556441,0.471737,0.062578,50,18158,0,0
1069,2,1.839572,1.461480,4.212046,0.579790,13.344313,19.975722,0.669742,0.254581,2.185866,0.441325,0.350132,0.058967,38,14614,0,0
1070,2,1.854357,1.440009,4.995222,0.566118,12.557987,19.973684,0.854326,0.338365,2.697133,0.558539,0.440640,0.065036,50,18158,0,0
1071,2,1.860796,1.441172,4.160831,0.573195,13.380890,19.975711,0.705556,0.254581,2.196116,0.456713,0.372725,0.058967,38,14614,0,0
1072,2,1.877828,1.463498,5.829139,0.596049,11.672713,19.975728,0.907817,0.365618,2.608276,0.608588,0.440640,0.050422,50,18158,0,0
1073,2,1.868910,1.472283,4.173557,0.573361,13.359884,19.975711,0.669742,0.254581,2.243703,0.456729,0.347229,0.058967,38,14614,0,0
1074,2,1.868337,1.471252,5.153310,0.573042,12.381049,19.975739,0.918562,0.391591,2.621416,0.537028,0.459975,0.062578,50,18158,0,0
1075,2,1.871646,1.473989,4.368737,0.604272,13.131063,19.975718,0.672045,0.281365,2.213064,0.441325,0.368835,0.058967,38,14614,0,0
1076,2,1.878910,1.486304,5.285085,0.562619,12.249108,19.975722,0.876916,0.348636,2.664819,0.551412,0.440640,0.054905,50,18158,0,0
1077,2,1.875203,1.478109,4.176958,0.563331,13.360219,19.975711,0.669742,0.254581,2.257745,0.498461,0.334886,0.058967,38,14614,0,0
1078,2,1.879249,1.484843,5.006978,0.562642,12.526866,19.975735,0.896817,0.328128,2.686574,0.611596,0.472812,0.048648,50,18158,0,0
1079,2,1.881141,1.480947,4.170241,0.564816,13.359517,19.975715,0.693553,0.274129,2.230933,0.479245,0.364661,0.058967,38,14614,0,0
1200,3,1.921973,1.481825,7.055362,0.577738,10.421851,19.976925,1.325623,0.684448,2.778052,0.574412,0.498345,0.062276,54,18492,0,0
1201,3,1.919315,1.476579,5.912950,0.572211,11.571242,19.975718,1.107914,0.762695,2.295698,0.475752,0.370138,0.059794,42,14948,0,0
1202,3,1.927965,1.481625,6.644674,0.554067,10.849026,19.975732,1.247240,0.626058,2.780243,0.649119,0.492988,0.062276,54,18492,0,0
1203,3,1.917294,1.474494,5.987901,0.565264,11.505252,19.975711,1.063412,0.798703,2.293881,0.493771,0.383596,0.059794,42,14948,0,0
1204,3,1.923981,1.475918,6.767090,0.591892,10.692752,19.975715,1.206370,0.678392,2.814497,0.574870,0.531192,0.062276,54,18492,0,0
1205,3,1.918847,1.479062,5.986362,0.603441,11.467082,19.975732,1.077247,0.719516,2.313683,0.494249,0.370138,0.059794,42,14948,0,0
1206,3,1.925273,1.478950,6.751567,0.557875,10.741004,19.975718,1.244856,0.637617,2.766337,0.555966,0.492188,0.062276,54,18492,0,0
1207,3,1.923370,1.484972,5.747321,0.594031,11.711002,19.975725,1.072371,0.632212,2.260610,0.462945,0.370138,0.059794,42,14948,0,0
1208,3,1.908420,1.484534,6.901479,0.565426,10.586806,19.962131,1.291267,0.677378,2.747850,0.578342,0.498345,0.062276,54,18492,0,0
1209,3,1.910553,1.463721,6.191464,0.583211,11.284078,19.969306,1.054569,0.911960,2.336778,0.528615,0.370138,0.059794,42,14948,0,0
1210,3,1.885634,1.461256,6.726329,0.574870,10.786530,19.973362,1.318848,0.653619,2.715125,0.555966,0.475891,0.062276,54,18492,0,0
1211,3,1.897627,1.460900,5.885125,0.562700,11.630256,19.975708,1.068956,0.596941,2.281789,0.473955,0.370138,0.059794,42,14948,0,0
1212,3,1.921882,1.440318,6.731740,0.568305,10.753791,19.975718,1.243201,0.711439,2.792826,0.574537,0.526855,0.062276,54,18492,0,0
1213,3,1.914032,1.441715,5.970340,0.582601,11.508752,19.975725,1.017653,0.878021,2.313076,0.460263,0.399672,0.059794,42,14948,0,0
1214,3,1.917263,1.453684,6.717112,0.565250,10.776099,19.975725,1.299974,0.651815,2.734104,0.576552,0.493507,0.062276,54,18492,0,0
1215,3,1.913130,1.473782,6.061293,0.569075,11.432231,19.975728,1.010461,0.688961,2.313009,0.480086,0.382358,0.064816,42,14948,0,0
1216,3,1.925544,1.482059,7.219225,0.565433,10.265527,19.975728,1.303697,0.677022,2.847609,0.621684,0.530663,0.062276,54,18492,0,0
1217,3,1.926324,1.485650,5.697608,0.560944,11.790833,19.975708,1.063392,0.598494,2.288483,0.482639,0.392514,0.059794,42,14948,0,0
1218,3,1.926429,1.481333,6.781620,0.557933,10.709751,19.975732,1.237162,0.644050,2.838993,0.631805,0.475891,0.062276,54,18492,0,0
1219,3,1.930298,1.486596,6.005483,0.565918,11.474016,19.975715,1.069417,0.821849,2.263357,0.460263,0.387994,0.059794,42,14948,0,0
1220,3,1.916053,1.472426,6.580407,0.563751,10.915517,19.975728,1.246745,0.599759,2.793138,0.578342,0.521501,0.062276,54,18492,0,0
1221,3,1.920152,1.478322,5.964210,0.572205,11.519148,19.975715,0.995199,0.799367,2.341173,0.479285,0.392514,0.059794,42,14948,0,0
1222,3,1.926985,1.483917,6.705332,0.565250,10.776096,19.973663,1.253191,0.622389,2.778629,0.555966,0.475891,0.062276,54,18492,0,0
1223,3,1.927494,1.483354,6.060299,0.579973,11.421844,19.989610,1.034298,0.847388,2.323439,0.479747,0.370138,0.064792,42,14948,0,0
1224,3,1.910729,1.486888,7.095154,0.563863,10.398170,19.967916,1.224789,0.778310,2.768965,0.583805,0.475891,0.054603,54,18492,0,0
1225,3,1.883745,1.460900,5.894758,0.567824,11.623325,19.969652,1.075789,0.698700,2.303826,0.460263,0.406999,0.072486,42,14948,0,0
1226,3,1.913700,1.472161,6.853170,0.568186,10.640659,19.975715,1.291117,0.676063,2.680874,0.569645,0.475891,0.049137,54,18492,0,0
1227,3,1.906162,1.461280,6.026506,0.568302,11.474752,19.975722,1.039469,0.779867,2.340525,0.479204,0.404897,0.059794,42,14948,0,0
1228,3,1.925527,1.443776,7.115072,0.577220,10.357897,19.975715,1.262682,0.786255,2.742096,0.575172,0.495704,0.062276,54,18492,0,0
1229,3,1.921326,1.461982,6.064128,0.596117,11.394158,19.975728,1.068519,0.842387,2.277232,0.492408,0.370138,0.059794,42,14948,0,0
1230,3,1.923086,1.476559,7.198388,0.562317,10.291931,19.975722,1.263445,0.921946,2.772447,0.578342,0.490892,0.062276,54,18492,0,0
1231,3,1.916748,1.474236,5.747925,0.578742,11.732300,19.975715,1.046034,0.653673,2.285231,0.481832,0.370138,0.078668,42,14948,0,0
1232,3,1.919657,1.481676,6.544373,0.568570,10.943136,19.975735,1.269918,0.603912,2.746779,0.555966,0.511610,0.062276,54,18492,0,0
1233,3,1.915490,1.472921,6.005893,0.566427,11.487901,19.975711,1.050774,0.833065,2.280646,0.460263,0.384908,0.059794,42,14948,0,0
1234,3,1.926327,1.481452,6.613871,0.565674,10.869866,19.975739,1.307037,0.661441,2.744812,0.575619,0.510044,0.064840,54,18492,0,0
1235,3,1.925422,1.483432,6.115170,0.574822,11.360301,19.975715,1.076016,0.812676,2.307054,0.460263,0.407813,0.059794,42,14948,0,0
1236,3,1.929613,1.491187,7.725579,0.565264,9.755269,19.975725,1.290833,1.354713,2.812063,0.585080,0.475891,0.062276,54,18492,0,0
1237,3,1.923035,1.479363,6.048842,0.568017,11.435811,19.975705,1.032803,0.763719,2.338169,0.493710,0.387590,0.059794,42,14948,0,0
1238,3,1.909319,1.471622,6.641734,0.565253,10.859429,19.975735,1.226200,0.708496,2.782756,0.583869,0.475891,0.054603,54,18492,0,0
1239,3,1.907464,1.484158,6.371979,0.582116,11.109436,19.970995,1.093377,0.972246,2.306105,0.460263,0.388387,0.059794,42,14948,0,0
1240,3,1.909203,1.485301,6.936974,0.560350,10.558438,19.964966,1.268382,0.776269,2.708554,0.575409,0.497793,0.062276,54,18492,0,0
1241,3,1.885339,1.461429,6.206380,0.618659,11.258735,19.969113,1.090864,0.930650,2.303799,0.462192,0.372820,0.059794,42,14948,0,0
1242,3,1.905307,1.458906,6.720971,0.562931,10.786523,19.975732,1.246677,0.813483,2.753588,0.555966,0.509945,0.080838,54,18492,0,0
1243,3,1.902737,1.455861,5.992032,0.561466,11.519477,19.975711,1.008735,0.805444,2.351752,0.489678,0.385593,0.052121,42,14948,0,0
1244,3,1.916399,1.442512,6.915883,0.586083,10.557366,19.975732,1.238875,0.751326,2.758830,0.583662,0.475891,0.054603,54,18492,0,0
1245,3,1.917097,1.453461,6.317942,0.558319,11.182353,19.975711,1.015815,0.991564,2.327162,0.518568,0.391690,0.059794,42,14948,0,0
1246,3,1.923279,1.482493,7.179833,0.561798,10.310815,19.975725,1.273227,1.075436,2.749742,0.570007,0.475891,0.054603,54,18492,0,0
1247,3,1.918054,1.476023,5.865604,0.571089,11.620968,19.975715,1.026008,0.750559,2.314619,0.477078,0.391069,0.052121,42,14948,0,0
1248,3,1.924950,1.486443,6.733470,0.584334,10.730927,19.973680,1.228824,0.597493,2.791039,0.609701,0.475891,0.054603,54,18492,0,0
1249,3,1.924072,1.480889,5.965413,0.567756,11.518470,19.975711,1.014398,0.758915,2.286374,0.518982,0.370138,0.059794,42,14948,0,0
1250,3,1.915805,1.475264,7.277466,0.565379,10.217082,19.975732,1.242384,0.828196,2.798462,0.587623,0.493144,0.054603,54,18492,0,0
1251,3,1.928019,1.481839,6.038405,0.566535,11.442759,19.975718,1.071289,0.770308,2.304070,0.479733,0.388594,0.059794,42,14948,0,0
1252,3,1.913988,1.471273,7.043281,0.586100,10.432359,19.975728,1.272410,0.715539,2.729302,0.555966,0.475891,0.062276,54,18492,0,0
1253,3,1.911794,1.469916,5.951721,0.563317,11.548879,19.975711,1.036438,0.682485,2.295213,0.480842,0.370138,0.059794,42,14948,0,0
1254,3,1.923442,1.477200,7.148424,0.572205,10.331662,19.975732,1.224559,0.815294,2.804911,0.555966,0.475891,0.074300,54,18492,0,0
1255,3,1.895552,1.471588,6.063887,0.586382,11.432356,19.978177,1.045464,0.790775,2.308916,0.499105,0.388770,0.059794,42,14948,0,0
1256,3,1.907179,1.460286,6.688049,0.568736,10.793460,19.957425,1.308563,0.679630,2.748559,0.573819,0.478573,0.062276,54,18492,0,0
1257,3,1.888401,1.463999,5.897668,0.560252,11.614438,19.960758,1.109677,0.665287,2.274597,0.460263,0.370138,0.059794,42,14948,0,0
1258,3,1.907817,1.462033,6.930315,0.559703,10.577891,19.975725,1.206370,0.638557,2.780494,0.555966,0.515462,0.062276,54,18492,0,0
1259,3,1.897569,1.460802,5.844411,0.572123,11.661614,19.975718,1.014916,0.724497,2.312469,0.460263,0.402998,0.059794,42,14948,0,0
1260,3,1.908722,1.442959,6.661950,0.559492,10.845554,19.975718,1.301242,0.718184,2.725742,0.574992,0.496758,0.062276,54,18492,0,0
1261,3,1.924703,1.458947,6.032562,0.610311,11.408139,19.975715,1.062364,0.798265,2.297516,0.460263,0.384172,0.059794,42,14948,0,0
1262,3,1.924367,1.482381,7.093530,0.564935,10.392890,19.975722,1.322177,0.723687,2.793209,0.632429,0.498345,0.062276,54,18492,0,0
1263,3,1.909359,1.471612,6.714589,0.565247,10.786536,19.975732,1.016751,1.382429,2.269416,0.476427,0.370138,0.059794,42,14948,0,0
1264,3,1.918769,1.474935,6.673923,0.565840,10.817183,19.975715,1.304081,0.691772,2.781494,0.615414,0.475891,0.049340,54,18492,0,0
1265,3,1.926337,1.486596,5.895532,0.561778,11.592078,19.975725,1.020257,0.786492,2.253974,0.473884,0.383945,0.059794,42,14948,0,0
1266,3,1.919634,1.473952,6.642565,0.557064,10.856459,19.975722,1.237352,0.691684,2.831774,0.590257,0.531735,0.062276,54,18492,0,0
1267,3,1.921729,1.483422,5.922421,0.563812,11.567766,19.975728,1.031253,0.707933,2.327555,0.495473,0.370138,0.059794,42,14948,0,0
1268,3,1.925761,1.479475,7.000264,0.565260,10.484433,19.975718,1.242150,0.700585,2.766395,0.574317,0.491425,0.062276,54,18492,0,0
1269,3,1.917745,1.477468,6.244076,0.575985,11.237901,19.975708,1.035339,0.848382,2.344984,0.493096,0.370138,0.081139,42,14948,0,0
1270,3,1.926253,1.482490,6.587199,0.561188,10.901089,19.975728,1.241503,0.627669,2.795617,0.596585,0.497067,0.069858,54,18492,0,0
1271,3,1.901496,1.477112,6.447113,0.576884,11.054359,19.979852,1.111766,1.046709,2.334537,0.462806,0.392202,0.059794,42,14948,0,0
1272,3,1.873481,1.450168,7.325646,0.565114,10.192434,19.956675,1.264838,0.812198,2.738702,0.595523,0.489699,0.062276,54,18492,0,0
1273,3,1.907884,1.461500,6.130663,0.570431,11.364695,19.973674,1.014760,0.618032,2.346500,0.478461,0.402974,0.059794,42,14948,0,0
1274,3,1.904507,1.455939,7.119381,0.568085,10.383748,19.975722,1.255863,0.826535,2.720537,0.592875,0.475891,0.082262,54,18492,0,0
1275,3,1.906823,1.445140,5.996694,0.566939,11.505263,19.975718,1.024835,0.783691,2.339732,0.513855,0.388021,0.059794,42,14948,0,0
1276,3,1.921410,1.457282,6.601729,0.586188,10.866387,19.975715,1.257043,0.642531,2.712735,0.573076,0.503655,0.062276,54,18492,0,0
1277,3,1.926161,1.464806,5.843604,0.561805,11.644158,19.975728,1.018280,0.624915,2.324582,0.489234,0.433851,0.059794,42,14948,0,0
1278,3,1.929867,1.484192,7.485742,0.569455,9.990655,19.975718,1.276143,0.961188,2.802921,0.575019,0.494551,0.062276,54,18492,0,0
1279,3,1.926843,1.484253,6.348660,0.613227,11.086992,19.975722,0.995199,0.787167,2.279473,0.481734,0.383945,0.059794,42,14948,0,0
1280,3,1.921478,1.475691,6.768453,0.575701,10.710097,19.975728,1.238895,0.653080,2.778612,0.612562,0.492903,0.062276,54,18492,0,0
1281,3,1.923018,1.481011,6.490648,0.567200,10.994846,19.975711,1.017575,1.204132,2.318915,0.504100,0.389448,0.064935,42,14948,0,0
1282,3,1.907311,1.463772,9.034932,0.562951,8.470544,19.975739,1.235789,2.609721,2.825453,0.604513,0.515632,0.054603,54,18492,0,0
1283,3,1.914680,1.471775,5.723134,0.554850,11.783051,19.975715,1.014136,0.601298,2.346388,0.460263,0.370138,0.044447,42,14948,0,0
1284,3,1.929572,1.491781,6.996463,0.587708,10.461968,19.975711,1.306949,0.726145,2.745626,0.578356,0.475891,0.068570,54,18492,0,0
1285,3,1.916785,1.475647,5.967587,0.561781,11.529565,19.975718,1.112932,0.623949,2.308244,0.498328,0.392514,0.059794,42,14948,0,0
1286,3,1.920122,1.478295,6.831000,0.563124,10.661492,19.975739,1.256036,0.604143,2.797604,0.574276,0.555912,0.062276,54,18492,0,0
1287,3,1.908725,1.484779,6.021281,0.570150,11.468733,19.968889,1.088823,0.721805,2.319943,0.460263,0.406603,0.060133,42,14948,0,0
1288,3,1.889886,1.464776,6.437273,0.558302,11.074714,19.960175,1.300703,0.556118,2.777785,0.593859,0.511325,0.062276,54,18492,0,0
1289,3,1.898848,1.460670,6.266978,0.571988,11.237905,19.975718,1.055471,0.887719,2.335110,0.460263,0.370138,0.059794,42,14948,0,0
1290,3,1.909129,1.462226,6.700368,0.579712,10.786523,19.975732,1.275720,0.710805,2.752004,0.570177,0.475891,0.054603,54,18492,0,0
1291,3,1.899211,1.474833,5.964318,0.577304,11.534885,19.975718,0.995199,0.799649,2.326199,0.474552,0.370138,0.052121,42,14948,0,0
1292,3,1.920258,1.457143,8.504581,0.556023,8.994863,19.975725,1.225932,2.531826,2.746270,0.555966,0.514557,0.062276,54,18492,0,0
1293,3,1.921400,1.456641,6.212955,0.572544,11.268816,19.975715,1.045570,0.849074,2.317149,0.473999,0.420444,0.059794,42,14948,0,0
1294,3,1.916565,1.472995,7.186537,0.551378,10.321242,19.975722,1.300052,1.100050,2.736989,0.558092,0.475891,0.050340,54,18492,0,0
1295,3,1.921095,1.478794,6.182003,0.563361,11.309258,19.975718,1.035651,0.971605,2.290388,0.460263,0.406606,0.059794,42,14948,0,0
1296,3,1.923987,1.485419,7.016008,0.573517,10.462219,19.975732,1.220428,0.764865,2.800279,0.619663,0.506036,0.062276,54,18492,0,0
1297,3,1.925842,1.481801,6.239763,0.553623,11.256483,19.975711,1.092570,0.831346,2.262302,0.478804,0.386047,0.059794,42,14948,0,0
1298,3,1.920492,1.479669,7.094038,0.577457,10.383748,19.975735,1.247640,0.712033,2.786248,0.612159,0.496663,0.062276,54,18492,0,0
1299,3,1.928786,1.483097,6.026425,0.579617,11.438833,19.973660,1.034390,0.772430,2.325243,0.502791,0.370138,0.059794,42,14948,0,0
1300,3,1.923397,1.479658,6.617211,0.565389,10.869717,19.975715,1.253167,0.562910,2.787120,0.612935,0.490882,0.079430,54,18492,0,0
1301,3,1.917453,1.474948,6.123155,0.569936,11.365180,19.975725,1.024838,0.810449,2.284593,0.460263,0.416619,0.071150,42,14948,0,0
1302,3,1.926151,1.479926,6.756385,0.590702,10.702484,19.975722,1.227763,0.699660,2.808970,0.592190,0.475891,0.062276,54,18492,0,0
1303,3,1.903317,1.456977,5.983816,0.554860,11.522922,19.964915,1.031440,0.798208,2.325470,0.462945,0.389106,0.059794,42,14948,0,0
1304,3,1.884216,1.459839,6.554664,0.568726,10.939294,19.946899,1.218679,0.581333,2.801534,0.648702,0.496229,0.066552,54,18492,0,0
1305,3,1.902578,1.464464,5.742191,0.580227,11.750732,19.975728,1.071343,0.647519,2.287343,0.460263,0.404985,0.059794,42,14948,0,0
1306,3,1.905365,1.459605,7.051904,0.565426,10.453033,19.975728,1.273519,0.901208,2.736874,0.593848,0.489627,0.062276,54,18492,0,0
1307,3,1.915541,1.471931,5.826447,0.554840,11.678884,19.975711,1.008952,0.734945,2.332038,0.473924,0.390066,0.093177,42,14948,0,0
1308,3,1.918165,1.462209,7.049523,0.568115,10.439918,19.975722,1.250526,0.864092,2.763401,0.555966,0.488715,0.084730,54,18492,0,0
1309,3,1.923235,1.476902,7.669464,0.558306,9.824714,19.975718,1.017632,2.297557,2.323758,0.460263,0.370138,0.068885,42,14948,0,0
1310,3,1.925836,1.485009,7.156443,0.559879,10.333564,19.975722,1.275672,0.693973,2.784658,0.573001,0.493086,0.062276,54,18492,0,0
1311,3,1.928094,1.490251,6.424513,0.576179,11.046943,19.975728,1.029297,1.160916,2.341685,0.481303,0.423319,0.059794,42,14948,0,0
1312,3,1.915053,1.473741,6.955580,0.590695,10.514394,19.975722,1.279090,0.646437,2.824036,0.555966,0.530972,0.062276,54,18492,0,0
1313,3,1.925103,1.483042,6.261325,0.561886,11.227407,19.975722,0.995199,1.011159,2.309089,0.480869,0.406586,0.059794,42,14948,0,0
1314,3,1.929057,1.482734,6.664405,0.564501,10.817766,19.975728,1.265120,0.699687,2.764669,0.609667,0.498345,0.054603,54,18492,0,0
1315,3,1.922838,1.480869,5.796278,0.555542,11.701057,19.975715,1.013153,0.681678,2.321479,0.497508,0.383057,0.059794,42,14948,0,0
1316,3,1.921987,1.475874,7.075066,0.564891,10.413774,19.975718,1.237779,0.742920,2.775516,0.598351,0.475891,0.062276,54,18492,0,0
1317,3,1.931627,1.491062,6.647183,0.568715,10.828196,19.975722,1.017568,1.257606,2.335354,0.495728,0.415755,0.059794,42,14948,0,0
1318,3,1.908424,1.462423,6.673855,0.580848,10.828189,19.991316,1.206370,0.630876,2.813778,0.596870,0.525218,0.066332,54,18492,0,0
1319,3,1.899696,1.462948,8.968560,0.562351,8.530541,19.961148,1.055345,3.702630,2.318736,0.479343,0.383240,0.059794,42,14948,0,0
1320,3,1.907769,1.461938,6.954746,0.565291,10.546899,19.974704,1.313500,0.695390,2.779243,0.573849,0.495924,0.062276,54,18492,0,0
1321,3,1.906508,1.460151,6.071591,0.572215,11.425405,19.975718,1.051683,0.777045,2.329851,0.480618,0.407172,0.059794,42,14948,0,0
1322,3,1.897854,1.473945,7.319848,0.561791,10.196231,19.975725,1.286770,0.942942,2.714464,0.555966,0.511871,0.071876,54,18492,0,0
1323,3,1.924306,1.481588,6.106954,0.572398,11.372064,19.975722,1.017653,0.710788,2.360307,0.460263,0.433807,0.060642,42,14948,0,0
1324,3,1.917643,1.452749,6.727129,0.568729,10.762227,19.975728,1.243408,0.657505,2.761112,0.599660,0.493629,0.062276,54,18492,0,0
1325,3,1.917986,1.475399,6.367086,0.599989,11.088596,19.973657,1.027693,1.102888,2.304593,0.501733,0.385417,0.059794,42,14948,0,0
1326,3,1.923567,1.477878,6.710809,0.563985,10.777361,19.975722,1.305962,0.665802,2.738224,0.555966,0.504635,0.062276,54,18492,0,0
1327,3,1.919122,1.476318,5.888621,0.564972,11.603014,19.975728,1.012414,0.795586,2.330638,0.482717,0.386264,0.059794,42,14948,0,0
1328,3,1.926985,1.480716,6.676124,0.609633,10.814284,20.027025,1.252574,0.667894,2.770766,0.575144,0.518002,0.049832,54,18492,0,0
1329,3,1.918057,1.477854,5.998338,0.572191,11.435808,19.924394,1.126248,0.801361,2.311723,0.518646,0.372820,0.059794,42,14948,0,0
1330,3,1.925069,1.481333,7.032233,0.575829,10.442593,19.975725,1.278436,0.702016,2.752947,0.555966,0.488715,0.062276,54,18492,0,0
1331,3,1.917586,1.475294,6.284102,0.570855,11.203179,19.975722,1.010617,1.067291,2.391300,0.460263,0.392592,0.052121,42,14948,0,0
1332,3,1.926415,1.489712,6.582974,0.558631,10.907708,19.975728,1.242428,0.603563,2.784424,0.626289,0.475891,0.054603,54,18492,0,0
1333,3,1.901676,1.460103,5.989651,0.568302,11.516083,19.975711,1.072157,0.799313,2.296254,0.474002,0.388394,0.059794,42,14948,0,0
1334,3,1.893405,1.455088,6.630171,0.605564,10.849019,19.978160,1.284783,0.575799,2.736101,0.555966,0.495839,0.062276,54,18492,0,0
1335,3,1.905490,1.461063,5.948975,0.565399,11.536357,19.956221,1.017598,0.758803,2.361738,0.535851,0.389394,0.059794,42,14948,0,0
1336,3,1.905511,1.465105,6.454430,0.561913,11.053874,19.975728,1.269945,0.565850,2.753031,0.570072,0.507792,0.054603,54,18492,0,0
1337,3,1.890930,1.466492,5.770986,0.565670,11.748128,19.975715,1.048201,0.592278,2.303274,0.498444,0.384640,0.059794,42,14948,0,0
1338,3,1.907837,1.483436,7.059892,0.565270,10.442742,19.975742,1.225657,0.694516,2.804050,0.583696,0.498345,0.054603,54,18492,0,0
1339,3,1.921407,1.460968,6.390038,0.565240,11.099023,19.975708,1.059892,1.058367,2.300900,0.492574,0.390493,0.059794,42,14948,0,0
1340,3,1.919152,1.455129,7.281440,0.568281,10.206855,19.975728,1.323069,0.805874,2.746640,0.578420,0.475891,0.062276,54,18492,0,0
1341,3,1.916141,1.475766,5.947408,0.572177,11.539988,19.975715,1.038052,0.832679,2.291487,0.460263,0.431590,0.059794,42,14948,0,0
1342,3,1.922401,1.480248,6.930735,0.565399,10.557187,19.975722,1.242645,0.604770,2.781894,0.574524,0.475891,0.062276,54,18492,0,0
1343,3,1.917223,1.474433,5.873400,0.575829,11.609270,19.975722,1.012353,0.705973,2.332926,0.485399,0.372053,0.052121,42,14948,0,0
1344,3,1.925713,1.486894,6.594089,0.558604,10.897322,19.975728,1.297936,0.586321,2.742645,0.577454,0.492374,0.062276,54,18492,0,0
1345,3,1.926181,1.482808,6.206048,0.568285,11.275197,19.975711,0.995144,0.968096,2.326196,0.460263,0.389994,0.052121,42,14948,0,0
1346,3,1.917487,1.477665,6.971503,0.568010,10.518738,19.975739,1.253360,0.667633,2.815287,0.599019,0.536377,0.062276,54,18492,0,0
1347,3,1.931441,1.485162,6.025845,0.565233,11.453193,19.975711,1.008877,0.813633,2.316620,0.477356,0.370138,0.059794,42,14948,0,0
1348,3,1.920336,1.483090,6.882226,0.553304,10.619859,19.975725,1.225189,0.644087,2.821964,0.598429,0.511441,0.062276,54,18492,0,0
1349,3,1.903907,1.461104,6.022139,0.591349,11.458316,19.975711,1.057193,0.790032,2.304569,0.498016,0.392592,0.059794,42,14948,0,0
1350,3,1.901791,1.463548,6.648966,0.565243,10.858792,19.974792,1.258911,0.779212,2.771474,0.555966,0.475891,0.062276,54,18492,0,0
1351,3,1.906823,1.459985,5.924042,0.561005,11.561595,19.953464,1.031942,0.803406,2.331075,0.513801,0.388496,0.059794,42,14948,0,0
1352,3,1.898987,1.459028,6.610413,0.565670,10.900665,19.975735,1.246172,0.679989,2.786970,0.574809,0.491889,0.062276,54,18492,0,0
1353,3,1.894738,1.471388,5.770877,0.555725,11.754371,19.975711,1.054616,0.617544,2.242432,0.460263,0.382528,0.059794,42,14948,0,0
1354,3,1.905989,1.482059,6.802094,0.564460,10.703196,19.975739,1.262004,0.632748,2.720757,0.575192,0.493863,0.062276,54,18492,0,0
1355,3,1.916884,1.452121,5.988329,0.575646,11.494849,19.975708,1.067854,0.782610,2.342485,0.479319,0.370138,0.059794,42,14948,0,0
1356,3,1.914883,1.450890,7.007565,0.568844,10.484436,19.975728,1.293552,0.706997,2.739956,0.555966,0.487990,0.062276,54,18492,0,0
1357,3,1.921041,1.478733,6.366119,0.599955,11.088599,19.975715,1.040744,1.085771,2.338725,0.492913,0.410099,0.061679,42,14948,0,0
1358,3,1.918738,1.479719,6.944407,0.565650,10.546929,19.975725,1.219333,0.739804,2.779026,0.608510,0.498345,0.062276,54,18492,0,0
1359,3,1.929345,1.492405,5.781420,0.582601,11.682359,19.975725,0.995144,0.600165,2.350522,0.477488,0.439270,0.060065,42,14948,0,0
1360,3,1.920037,1.480374,6.769901,0.559157,10.726627,19.975722,1.298713,0.702542,2.789737,0.618835,0.475891,0.062276,54,18492,0,0
1361,3,1.926927,1.483975,6.060625,0.573181,11.414978,19.975711,1.079251,0.814982,2.276625,0.488085,0.370138,0.052121,42,14948,0,0
1362,3,1.922411,1.475572,6.650241,0.585324,10.817763,19.975739,1.244944,0.609331,2.834486,0.610582,0.492354,0.063822,54,18492,0,0
1363,3,1.910285,1.467811,5.984500,0.575660,11.505273,19.975718,1.082401,0.802158,2.280660,0.475640,0.370138,0.059794,42,14948,0,0
1364,3,1.918491,1.453918,10.055352,0.566054,7.435815,19.975711,1.240156,3.628357,2.786319,0.608995,0.489739,0.071520,54,18492,0,0
1365,3,1.892371,1.467970,6.302700,0.560330,11.183997,19.939399,1.017598,0.890954,2.363349,0.475650,0.392514,0.063636,42,14948,0,0
1366,3,1.900269,1.458771,7.451328,0.566359,10.044186,19.962141,1.280633,1.233636,2.709134,0.574768,0.475891,0.062276,54,18492,0,0
1367,3,1.910265,1.464444,5.923676,0.565267,11.567739,19.966946,1.071988,0.753065,2.303233,0.475603,0.392263,0.047350,42,14948,0,0
1368,3,1.908739,1.484792,6.781213,0.572184,10.713593,19.975728,1.307390,0.702684,2.752394,0.569614,0.478573,0.062276,54,18492,0,0
1369,3,1.901133,1.477285,5.868652,0.561778,11.644148,19.975711,1.062842,0.678826,2.273577,0.497070,0.392514,0.047163,42,14948,0,0
1370,3,1.922224,1.479947,7.305918,0.582618,10.164978,19.975739,1.275486,1.055603,2.755544,0.604336,0.498267,0.049984,54,18492,0,0
1371,3,1.919746,1.460856,6.255903,0.576043,11.224013,19.975705,1.081563,0.988105,2.279253,0.460263,0.407871,0.059794,42,14948,0,0
1372,3,1.926225,1.462463,6.968564,0.565250,10.515693,19.975732,1.348602,0.684967,2.722666,0.592987,0.492652,0.062276,54,18492,0,0
1373,3,1.917718,1.475321,6.174984,0.582598,11.300418,19.975718,1.055440,0.810004,2.302700,0.479411,0.383945,0.059794,42,14948,0,0
1374,3,1.929237,1.483927,6.819716,0.575836,10.650930,19.975718,1.263607,0.646688,2.797017,0.555966,0.498345,0.054603,54,18492,0,0
1375,3,1.916182,1.476932,5.948337,0.580261,11.530948,19.975728,1.024289,0.778439,2.305573,0.460263,0.392592,0.059794,42,14948,0,0
1376,3,1.914910,1.471920,6.877224,0.565409,10.618178,19.975722,1.233832,0.576942,2.857995,0.594872,0.492649,0.062276,54,18492,0,0
1377,3,1.922496,1.482137,6.341770,0.568705,11.140693,19.973663,1.030918,0.931708,2.344079,0.479309,0.431942,0.059794,42,14948,0,0
1378,3,1.920627,1.474141,6.808261,0.563968,10.682875,19.975732,1.244086,0.533908,2.741330,0.588267,0.475891,0.062276,54,18492,0,0
1379,3,1.926710,1.485141,6.009745,0.579675,11.459591,19.975722,1.070947,0.749861,2.285183,0.478516,0.370138,0.059794,42,14948,0,0
1380,3,1.900686,1.459225,6.598267,0.564721,10.912045,19.975718,1.206316,0.655674,2.803134,0.570275,0.496294,0.054603,54,18492,0,0
1381,3,1.916860,1.461097,6.213355,0.566701,11.278795,19.975711,1.035902,0.844072,2.303073,0.482632,0.370138,0.059794,42,14948,0,0
1382,3,1.908535,1.461697,6.966997,0.563219,10.526160,19.964912,1.300975,0.638075,2.728027,0.569624,0.506744,0.062276,54,18492,0,0
1383,3,1.907030,1.460727,5.999488,0.565979,11.494765,19.967261,1.026845,0.683421,2.322489,0.462945,0.392592,0.059794,42,14948,0,0
1384,3,1.899940,1.476054,6.600657,0.562215,10.912923,19.975735,1.237569,0.639601,2.778554,0.588955,0.516378,0.062276,54,18492,0,0
1385,3,1.907115,1.482737,6.401510,0.564080,11.103014,19.975718,1.009226,1.129266,2.363895,0.460263,0.370138,0.069071,42,14948,0,0
1386,3,1.932966,1.488651,6.743883,0.551680,10.747189,19.975718,1.242415,0.630853,2.766469,0.555966,0.490862,0.062276,54,18492,0,0
1387,3,1.922774,1.465183,6.211612,0.570635,11.270708,19.975728,1.014008,0.828318,2.350800,0.516547,0.401438,0.060133,42,14948,0,0
1388,3,1.931081,1.484802,6.672031,0.571072,10.801527,19.975711,1.244002,0.643331,2.752913,0.574832,0.492716,0.062276,54,18492,0,0
1389,3,1.928148,1.487240,5.841638,0.565521,11.640415,19.975722,1.051687,0.705495,2.318214,0.477325,0.370138,0.059794,42,14948,0,0
1390,3,1.920709,1.474782,6.588691,0.596480,10.869846,19.975725,1.288147,0.605513,2.747620,0.597137,0.514204,0.062276,54,18492,0,0
1391,3,1.925025,1.482544,5.741279,0.578712,11.730713,19.975728,1.055630,0.605052,2.354648,0.482717,0.434126,0.059794,42,14948,0,0
1392,3,1.933668,1.493890,6.798645,0.557872,10.685537,19.975722,1.260532,0.643558,2.823157,0.588593,0.494693,0.062276,54,18492,0,0
1393,3,1.914371,1.472439,6.095008,0.582587,11.383755,19.975722,1.029843,0.728322,2.292053,0.479424,0.388835,0.059794,42,14948,0,0
1394,3,1.915538,1.472853,6.613590,0.555908,10.890693,19.975728,1.208998,0.607585,2.800025,0.576525,0.493245,0.062395,54,18492,0,0
1395,3,1.925832,1.461216,6.058902,0.585673,11.422692,19.993100,1.031555,0.824137,2.325690,0.505008,0.407284,0.059794,42,14948,0,0
1396,3,1.904114,1.466804,6.931624,0.565233,10.557370,19.958340,1.262078,0.691383,2.755646,0.555966,0.506595,0.064107,54,18492,0,0
1397,3,1.919990,1.461924,5.995633,0.586039,11.487908,19.989570,1.048811,0.812039,2.303843,0.478271,0.392592,0.059794,42,14948,0,0
1398,3,1.914008,1.465261,6.696092,0.565253,10.788730,19.964084,1.278931,0.625305,2.744195,0.607096,0.475891,0.062276,54,18492,0,0
1399,3,1.901171,1.477329,6.168494,0.615882,11.287960,19.973507,1.013295,0.883013,2.374203,0.520277,0.405341,0.068556,42,14948,0,0
1400,3,1.903090,1.479784,6.828525,0.565219,10.678894,19.975728,1.303935,0.698517,2.726824,0.555966,0.475891,0.062276,54,18492,0,0
1401,3,1.909861,1.485959,6.047431,0.593011,11.425415,19.975718,0.995144,0.698537,2.297085,0.473857,0.385620,0.077772,42,14948,0,0
1402,3,1.926914,1.483046,7.207130,0.559675,10.279955,19.973674,1.281847,0.802745,2.765588,0.620551,0.475891,0.062276,54,18492,0,0
1403,3,1.925171,1.459537,6.021712,0.575646,11.453186,19.975715,0.995144,0.895192,2.306559,0.482639,0.389777,0.059794,42,14948,0,0
1404,3,1.924093,1.485182,6.647786,0.570319,10.833513,19.975711,1.293006,0.633318,2.746741,0.596205,0.475891,0.062276,54,18492,0,0
1405,3,1.926053,1.482866,5.926775,0.562080,11.560822,19.975728,1.048035,0.796278,2.287710,0.460263,0.391452,0.059794,42,14948,0,0
1406,3,1.912825,1.471598,6.981964,0.592834,10.488098,19.975722,1.348043,0.888987,2.720744,0.591061,0.492689,0.062276,54,18492,0,0
1407,3,1.918508,1.476895,5.761013,0.551344,11.744853,19.975718,1.015845,0.655667,2.352346,0.475718,0.403056,0.060065,42,14948,0,0
1408,3,1.922502,1.478709,6.882036,0.565264,10.605937,19.975739,1.240814,0.669393,2.784451,0.630151,0.506026,0.062276,54,18492,0,0
1409,3,1.912879,1.469140,6.315233,0.575443,11.172150,19.975705,0.995144,0.954166,2.364390,0.544017,0.404975,0.064358,42,14948,0,0
1410,3,1.927979,1.487640,6.644840,0.569004,10.833917,19.975739,1.222575,0.619832,2.811737,0.593625,0.523261,0.062276,54,18492,0,0
1411,3,1.904304,1.460032,6.052989,0.565240,11.453179,19.975711,1.036367,0.721320,2.317678,0.482717,0.384901,0.059794,42,14948,0,0
1412,3,1.909234,1.450812,6.943292,0.565833,10.557370,19.975728,1.245687,0.609456,2.768117,0.555966,0.516697,0.062276,54,18492,0,0
1413,3,1.894067,1.456085,6.013733,0.576820,11.494341,19.978960,1.027669,0.801086,2.349704,0.460263,0.382874,0.059845,42,14948,0,0
1414,3,1.898254,1.460246,7.079224,0.565403,10.417772,19.960653,1.267131,0.780148,2.763994,0.555966,0.496453,0.062276,54,18492,0,0
1415,3,1.905782,1.481879,6.024251,0.589691,11.449571,19.969296,1.009016,0.835100,2.321655,0.508582,0.370138,0.071523,42,14948,0,0
1416,3,1.898702,1.474240,7.187402,0.575087,10.314548,19.975739,1.277693,0.753432,2.776493,0.596290,0.498345,0.062276,54,18492,0,0
1417,3,1.909821,1.485857,5.984972,0.561771,11.519148,19.975711,1.034102,0.827077,2.312412,0.502007,0.392592,0.059794,42,14948,0,0
1418,3,1.926124,1.469974,7.093675,0.584123,10.371813,19.975735,1.308573,0.996799,2.746653,0.573117,0.506653,0.062276,54,18492,0,0
1419,3,1.928799,1.471717,6.192145,0.568244,11.286523,19.975711,1.037730,0.994897,2.280677,0.478912,0.401245,0.059794,42,14948,0,0
1420,3,1.923418,1.483378,6.595293,0.564070,10.892934,19.975715,1.283651,0.603780,2.727563,0.595801,0.475891,0.062276,54,18492,0,0
1421,3,1.926297,1.483432,5.833089,0.572194,11.644138,19.975718,0.995144,0.629788,2.352302,0.460263,0.438439,0.059794,42,14948,0,0
1422,3,1.927958,1.481635,6.654239,0.568309,10.825233,19.975739,1.268578,0.673316,2.738454,0.574822,0.475891,0.062276,54,18492,0,0
1423,3,1.924303,1.481754,5.857507,0.553487,11.640425,19.975722,1.056617,0.759325,2.324765,0.513780,0.370138,0.059794,42,14948,0,0
1424,3,1.918349,1.474996,6.674371,0.567424,10.815579,19.975722,1.232886,0.723670,2.823527,0.628008,0.512739,0.066332,54,18492,0,0
1425,3,1.918803,1.478248,6.246823,0.561774,11.248311,19.975711,1.021722,0.919440,2.333954,0.500739,0.414968,0.059794,42,14948,0,0
1426,3,1.920420,1.474202,6.713793,0.575836,10.774546,19.984595,1.221327,0.700636,2.796014,0.570316,0.493754,0.054603,54,18492,0,0
1427,3,1.902310,1.464589,6.262817,0.566925,11.232747,19.964800,1.069065,1.106005,2.321001,0.473891,0.392592,0.059794,42,14948,0,0
1428,3,1.918701,1.457065,6.781647,0.583957,10.691423,19.975728,1.238359,0.591315,2.771912,0.596222,0.475891,0.062276,54,18492,0,0
1429,3,1.903205,1.463976,5.872481,0.572194,11.628160,19.976040,1.032813,0.672485,2.316006,0.496253,0.386956,0.059794,42,14948,0,0
1430,3,1.911316,1.462182,7.174930,0.557868,10.316359,19.960473,1.271983,0.667833,2.741889,0.573171,0.529076,0.062276,54,18492,0,0
1431,3,1.893100,1.469191,6.439192,0.575663,11.067769,19.975725,1.084863,1.016042,2.265096,0.474765,0.370138,0.059794,42,14948,0,0
1432,3,1.907003,1.482619,6.581557,0.558275,10.928894,19.975728,1.227597,0.629422,2.835697,0.574836,0.507751,0.062276,54,18492,0,0
1433,3,1.901594,1.478282,5.972351,0.561785,11.539985,19.975715,1.031725,0.818939,2.293816,0.501027,0.370138,0.059794,42,14948,0,0
1434,3,1.932604,1.464508,7.014296,0.575697,10.453135,19.975732,1.266615,0.696330,2.801310,0.574154,0.495121,0.082381,54,18492,0,0
1435,3,1.919295,1.466295,5.933828,0.565230,11.557359,19.975711,1.016154,0.783535,2.372460,0.473918,0.397732,0.059794,42,14948,0,0
1436,3,1.916962,1.474711,6.723762,0.562375,10.772624,19.975722,1.302483,0.691111,2.716098,0.602960,0.497338,0.049476,54,18492,0,0
1437,3,1.923784,1.483748,6.075175,0.551348,11.425405,19.975711,1.053362,0.825422,2.289890,0.482639,0.370138,0.059794,42,14948,0,0
1438,3,1.927751,1.480998,6.748315,0.554806,10.744859,19.975732,1.249925,0.616672,2.762977,0.598280,0.494507,0.062276,54,18492,0,0
1439,3,1.927989,1.486857,5.977105,0.566779,11.503842,19.975715,1.051310,0.801303,2.307366,0.496134,0.370138,0.059794,42,14948,0,0
