frame,phase,rsTotal_ms,rsHead_ms,rsEnvProbe_ms,rsPortal_ms,rsSky_ms,rsTerrain_ms,rsTerrainDraw_ms,rsBatches_ms,rsProc_ms,rsObjects_ms,rsObjSubmit_ms,rsWheels_ms,rsWheelSubmit_ms,rsAnim_ms,rsDecorate_ms,rsLightFx_ms,rsHighlight_ms,rsParticles_ms,dmPost_ms,dmHud_ms,spRender_ms,spHead_ms,spTail_ms,spCalls,spCulled,spPkgr_ms,spTex_ms,spProg_ms,spLight_ms,spBlss_ms,spObjData_ms,spGifWait_ms,bdSize_ms,bdProg_ms,bdSizeCalc_ms,bdXform_ms,bdCache_ms,bdPlanes_ms,bdMain_ms,bbHit,bbRecalc,bbFresh,bbProbe,bbEntries,bbFrameEnd_ms,bbRecalcT_ms,dsRetain_ms,dsDirect_ms,dsCreate_ms,dsClassify_ms,dsRender_ms,dsFlush_ms,dsDirectBags,dsPartialBags,dsPackages,dsMergeParts,dsMaskCalls
120,0,14.257796,1.626326,1.625475,0.000041,0.127747,0.919586,0.915907,1.139743,1.225850,4.815498,4.675815,2.980204,0.978702,0.000064,0.000034,1.349623,0.000003,0.072669,0.000448,0.058872,0.000000,0.000000,0.000000,0,0,0.000000,0.000000,0.000000,0.000000,0.000000,0.000000,0.000000,0.000000,0.000000,0.000000,0.000000,0.000000,0.000000,0.000000,0,0,0,0,0,0.000000,0.000000,0.000000,0.000000,0.000000,0.000000,0.000000,0.000000,0,0,0,0,0
121,0,12.698602,0.000810,0.000000,0.000041,0.126255,0.946811,0.943132,1.123949,1.218872,4.833937,4.694255,2.976386,0.981510,0.000064,0.000034,1.398363,0.000003,0.072669,0.000448,0.067061,0.000000,0.000000,0.000000,0,0,0.000000,0.000000,0.000000,0.000000,0.000000,0.000000,0.000000,0.000000,0.000000,0.000000,0.000000,0.000000,0.000000,0.000000,0,0,0,0,0,0.000000,0.000000,0.000000,0.000000,0.000000,0.000000,0.000000,0.000000,0,0,0,0,0
122,0,14.160299,1.601349,1.600498,0.000041,0.127747,0.932888,0.929209,1.169668,1.191766,4.819272,4.679589,2.970059,0.971724,0.000064,0.000034,1.274333,0.000003,0.072669,0.000448,0.074249,0.000000,0.000000,0.000000,0,0,0.000000,0.000000,0.000000,0.000000,0.000000,0.000000,0.000000,0.000000,0.000000,0.000000,0.000000,0.000000,0.000000,0.000000,0,0,0,0,0,0.000000,0.000000,0.000000,0.000000,0.000000,0.000000,0.000000,0.000000,0,0,0,0,0
123,0,12.492282,0.000810,0.000000,0.000041,0.126255,0.938856,0.935177,1.123179,1.224019,4.815545,4.661669,2.987006,0.996002,0.000064,0.000034,1.182939,0.000003,0.093123,0.000448,0.084286,0.000000,0.000000,0.000000,0,0,0.000000,0.000000,0.000000,0.000000,0.000000,0.000000,0.000000,0.000000,0.000000,0.000000,0.000000,0.000000,0.000000,0.000000,0,0,0,0,0,0.000000,0.000000,0.000000,0.000000,0.000000,0.000000,0.000000,0.000000,0,0,0,0,0
124,0,14.243880,1.627397,1.626546,0.000041,0.147142,0.913561,0.909882,1.133155,1.183899,4.868005,4.728322,2.955115,0.996229,0.000064,0.000034,1.342387,0.000003,0.072669,0.000448,0.057312,0.000000,0.000000,0.000000,0,0,0.000000,0.000000,0.000000,0.000000,0.000000,0.000000,0.000000,0.000000,0.000000,0.000000,0.000000,0.000000,0.000000,0.000000,0,0,0,0,0,0.000000,0.000000,0.000000,0.000000,0.000000,0.000000,0.000000,0.000000,0,0,0,0,0
125,0,12.494805,0.000810,0.000000,0.000041,0.144945,0.897166,0.893487,1.147990,1.197883,4.816376,4.676693,2.967112,0.973779,0.000064,0.000034,1.249305,0.000003,0.072669,0.000448,0.154612,0.000000,0.000000,0.000000,0,0,0.000000,0.000000,0.000000,0.000000,0.000000,0.000000,0.000000,0.000000,0.000000,0.000000,0.000000,0.000000,0.000000,0.000000,0,0,0,0,0,0.000000,0.000000,0.000000,0.000000,0.000000,0.000000,0.000000,0.000000,0,0,0,0,0
126,0,14.226562,1.687971,1.687120,0.000041,0.127747,0.921719,0.918040,1.143755,1.184462,4.871097,4.731415,2.960626,1.000953,0.000064,0.000034,1.255968,0.000003,0.072669,0.000448,0.061839,0.000000,0.000000,0.000000,0,0,0.000000,0.000000,0.000000,0.000000,0.000000,0.000000,0.000000,0.000000,0.000000,0.000000,0.000000,0.000000,0.000000,0.000000,0,0,0,0,0,0.000000,0.000000,0.000000,0.000000,0.000000,0.000000,0.000000,0.000000,0,0,0,0,0
127,0,12.646705,0.000810,0.000000,0.000041,0.139906,0.905792,0.902113,1.172702,1.182529,4.866309,4.712196,2.945601,1.010105,0.000064,0.000034,1.359836,0.000003,0.072669,0.000448,0.082659,0.000000,0.000000,0.000000,0,0,0.000000,0.000000,0.000000,0.000000,0.000000,0.000000,0.000000,0.000000,0.000000,0.000000,0.000000,0.000000,0.000000,0.000000,0,0,0,0,0,0.000000,0.000000,0.000000,0.000000,0.000000,0.000000,0.000000,0.000000,0,0,0,0,0
128,0,14.001380,1.474640,1.473789,0.000041,0.146044,0.910173,0.906494,1.147736,1.201297,4.816803,4.677121,2.992191,0.993242,0.000064,0.000034,1.239278,0.000003,0.072669,0.000448,0.068264,0.000000,0.000000,0.000000,0,0,0.000000,0.000000,0.000000,0.000000,0.000000,0.000000,0.000000,0.000000,0.000000,0.000000,0.000000,0.000000,0.000000,0.000000,0,0,0,0,0,0.000000,0.000000,0.000000,0.000000,0.000000,0.000000,0.000000,0.000000,0,0,0,0,0
129,0,12.530236,0.000810,0.000000,0.000041,0.126255,0.920919,0.917240,1.133169,1.187412,4.839583,4.697740,2.955760,0.993530,0.000064,0.000034,1.293111,0.000003,0.072669,0.000448,0.152527,0.000000,0.000000,0.000000,0,0,0.000000,0.000000,0.000000,0.000000,0.000000,0.000000,0.000000,0.000000,0.000000,0.000000,0.000000,0.000000,0.000000,0.000000,0,0,0,0,0,0.000000,0.000000,0.000000,0.000000,0.000000,0.000000,0.000000,0.000000,0,0,0,0,0
130,0,14.009762,1.493734,1.492883,0.000041,0.127747,0.945828,0.942149,1.123508,1.202532,4.864312,4.702179,2.962552,0.972002,0.000064,0.000034,1.198415,0.000003,0.090586,0.000448,0.064772,0.000000,0.000000,0.000000,0,0,0.000000,0.000000,0.000000,0.000000,0.000000,0.000000,0.000000,0.000000,0.000000,0.000000,0.000000,0.000000,0.000000,0.000000,0,0,0,0,0,0.000000,0.000000,0.000000,0.000000,0.000000,0.000000,0.000000,0.000000,0,0,0,0,0
131,0,12.556424,0.000810,0.000000,0.000041,0.148705,0.920525,0.916846,1.148509,1.184872,4.869690,4.709205,2.963121,1.015327,0.000064,0.000034,1.246972,0.000003,0.072669,0.000448,0.061822,0.000000,0.000000,0.000000,0,0,0.000000,0.000000,0.000000,0.000000,0.000000,0.000000,0.000000,0.000000,0.000000,0.000000,0.000000,0.000000,0.000000,0.000000,0,0,0,0,0,0.000000,0.000000,0.000000,0.000000,0.000000,0.000000,0.000000,0.000000,0,0,0,0,0
132,0,14.459191,1.867194,1.866343,0.000041,0.146600,0.946543,0.942864,1.126512,1.204295,4.837270,4.695333,2.970523,1.002750,0.000064,0.000034,1.287035,0.000003,0.072669,0.000448,0.051412,0.000000,0.000000,0.000000,0,0,0.000000,0.000000,0.000000,0.000000,0.000000,0.000000,0.000000,0.000000,0.000000,0.000000,0.000000,0.000000,0.000000,0.000000,0,0,0,0,0,0.000000,0.000000,0.000000,0.000000,0.000000,0.000000,0.000000,0.000000,0,0,0,0,0
133,0,12.486745,0.000810,0.000000,0.000041,0.126255,0.947869,0.944190,1.128326,1.207248,4.849762,4.710080,2.976881,1.017354,0.000064,0.000034,1.176375,0.000003,0.072669,0.000448,0.195465,0.000000,0.000000,0.000000,0,0,0.000000,0.000000,0.000000,0.000000,0.000000,0.000000,0.000000,0.000000,0.000000,0.000000,0.000000,0.000000,0.000000,0.000000,0,0,0,0,0,0.000000,0.000000,0.000000,0.000000,0.000000,0.000000,0.000000,0.000000,0,0,0,0,0
134,0,13.929640,1.508464,1.507612,0.000041,0.127747,0.947106,0.943427,1.126400,1.210724,4.845920,4.687202,2.991608,1.028398,0.000064,0.000034,1.098453,0.000003,0.072669,0.000448,0.041002,0.000000,0.000000,0.000000,0,0,0.000000,0.000000,0.000000,0.000000,0.000000,0.000000,0.000000,0.000000,0.000000,0.000000,0.000000,0.000000,0.000000,0.000000,0,0,0,0,0,0.000000,0.000000,0.000000,0.000000,0.000000,0.000000,0.000000,0.000000,0,0,0,0,0
135,0,12.518212,0.000810,0.000000,0.000041,0.126255,0.933472,0.929793,1.128923,1.224260,4.803168,4.663486,2.991014,1.002374,0.000064,0.000034,1.237091,0.000003,0.072669,0.000448,0.096280,0.000000,0.000000,0.000000,0,0,0.000000,0.000000,0.000000,0.000000,0.000000,0.000000,0.000000,0.000000,0.000000,0.000000,0.000000,0.000000,0.000000,0.000000,0,0,0,0,0,0.000000,0.000000,0.000000,0.000000,0.000000,0.000000,0.000000,0.000000,0,0,0,0,0
136,0,14.021664,1.603092,1.602241,0.000041,0.127747,0.922679,0.919000,1.148298,1.217509,4.822557,4.682875,2.973080,1.005581,0.000064,0.000034,1.133484,0.000003,0.072669,0.000448,0.091949,0.000000,0.000000,0.000000,0,0,0.000000,0.000000,0.000000,0.000000,0.000000,0.000000,0.000000,0.000000,0.000000,0.000000,0.000000,0.000000,0.000000,0.000000,0,0,0,0,0,0.000000,0.000000,0.000000,0.000000,0.000000,0.000000,0.000000,0.000000,0,0,0,0,0
137,0,12.536601,0.000810,0.000000,0.000041,0.126255,0.933963,0.930284,1.129100,1.218207,4.837406,4.683624,2.981238,0.994046,0.000064,0.000034,1.218007,0.000003,0.091064,0.000448,0.064263,0.000000,0.000000,0.000000,0,0,0.000000,0.000000,0.000000,0.000000,0.000000,0.000000,0.000000,0.000000,0.000000,0.000000,0.000000,0.000000,0.000000,0.000000,0,0,0,0,0,0.000000,0.000000,0.000000,0.000000,0.000000,0.000000,0.000000,0.000000,0,0,0,0,0
138,0,14.319722,1.785648,1.784797,0.000041,0.127747,0.917989,0.914310,1.148322,1.203037,4.848050,4.708367,2.937581,0.972026,0.000064,0.000034,1.278130,0.000003,0.072669,0.000448,0.074809,0.000000,0.000000,0.000000,0,0,0.000000,0.000000,0.000000,0.000000,0.000000,0.000000,0.000000,0.000000,0.000000,0.000000,0.000000,0.000000,0.000000,0.000000,0,0,0,0,0,0.000000,0.000000,0.000000,0.000000,0.000000,0.000000,0.000000,0.000000,0,0,0,0,0
139,0,12.761261,0.000810,0.000000,0.000041,0.126255,0.919312,0.915632,1.168918,1.206804,4.830224,4.690542,2.992184,1.007053,0.000064,0.000034,1.443536,0.000003,0.072669,0.000448,0.061822,0.000000,0.000000,0.000000,0,0,0.000000,0.000000,0.000000,0.000000,0.000000,0.000000,0.000000,0.000000,0.000000,0.000000,0.000000,0.000000,0.000000,0.000000,0,0,0,0,0,0.000000,0.000000,0.000000,0.000000,0.000000,0.000000,0.000000,0.000000,0,0,0,0,0
140,0,14.403625,1.801032,1.800181,0.000041,0.127747,0.925195,0.921516,1.145928,1.184937,4.870046,4.708744,2.963152,1.010437,0.000064,0.000034,1.312371,0.000003,0.072669,0.000448,0.073795,0.000000,0.000000,0.000000,0,0,0.000000,0.000000,0.000000,0.000000,0.000000,0.000000,0.000000,0.000000,0.000000,0.000000,0.000000,0.000000,0.000000,0.000000,0,0,0,0,0,0.000000,0.000000,0.000000,0.000000,0.000000,0.000000,0.000000,0.000000,0,0,0,0,0
141,0,12.543939,0.000810,0.000000,0.000041,0.143633,0.908101,0.904422,1.155575,1.206401,4.832035,4.671400,2.969632,0.990055,0.000064,0.000034,1.254534,0.000003,0.072669,0.000448,0.063602,0.000000,0.000000,0.000000,0,0,0.000000,0.000000,0.000000,0.000000,0.000000,0.000000,0.000000,0.000000,0.000000,0.000000,0.000000,0.000000,0.000000,0.000000,0,0,0,0,0,0.000000,0.000000,0.000000,0.000000,0.000000,0.000000,0.000000,0.000000,0,0,0,0,0
142,0,14.594564,2.033644,2.032793,0.000041,0.141381,0.904585,0.900906,1.146942,1.191820,4.834863,4.695180,2.956824,0.978811,0.000064,0.000034,1.311286,0.000003,0.072669,0.000448,0.047360,0.000000,0.000000,0.000000,0,0,0.000000,0.000000,0.000000,0.000000,0.000000,0.000000,0.000000,0.000000,0.000000,0.000000,0.000000,0.000000,0.000000,0.000000,0,0,0,0,0,0.000000,0.000000,0.000000,0.000000,0.000000,0.000000,0.000000,0.000000,0,0,0,0,0
143,0,12.522881,0.000810,0.000000,0.000041,0.145108,0.903832,0.900153,1.168209,1.185825,4.857992,4.700256,2.936673,1.001678,0.000064,0.000034,1.251214,0.000003,0.072669,0.000448,0.060771,0.000000,0.000000,0.000000,0,0,0.000000,0.000000,0.000000,0.000000,0.000000,0.000000,0.000000,0.000000,0.000000,0.000000,0.000000,0.000000,0.000000,0.000000,0,0,0,0,0,0.000000,0.000000,0.000000,0.000000,0.000000,0.000000,0.000000,0.000000,0,0,0,0,0
144,0,14.611966,2.021779,2.020928,0.000041,0.148098,0.904402,0.900723,1.159651,1.194048,4.864010,4.724328,2.950538,0.990889,0.000064,0.000034,1.296221,0.000003,0.072669,0.000448,0.072266,0.000000,0.000000,0.000000,0,0,0.000000,0.000000,0.000000,0.000000,0.000000,0.000000,0.000000,0.000000,0.000000,0.000000,0.000000,0.000000,0.000000,0.000000,0,0,0,0,0,0.000000,0.000000,0.000000,0.000000,0.000000,0.000000,0.000000,0.000000,0,0,0,0,0
145,0,12.518538,0.000810,0.000000,0.000041,0.126255,0.925795,0.922116,1.150302,1.181359,4.857286,4.717604,2.950538,0.987498,0.000064,0.000034,1.252974,0.000003,0.072669,0.000448,0.082303,0.000000,0.000000,0.000000,0,0,0.000000,0.000000,0.000000,0.000000,0.000000,0.000000,0.000000,0.000000,0.000000,0.000000,0.000000,0.000000,0.000000,0.000000,0,0,0,0,0,0.000000,0.000000,0.000000,0.000000,0.000000,0.000000,0.000000,0.000000,0,0,0,0,0
146,0,14.806610,2.086199,2.085347,0.000041,0.127747,0.922702,0.919023,1.136936,1.186089,4.866252,4.708120,2.962287,1.006287,0.000064,0.000034,1.428043,0.000003,0.089806,0.000448,0.048716,0.000000,0.000000,0.000000,0,0,0.000000,0.000000,0.000000,0.000000,0.000000,0.000000,0.000000,0.000000,0.000000,0.000000,0.000000,0.000000,0.000000,0.000000,0,0,0,0,0,0.000000,0.000000,0.000000,0.000000,0.000000,0.000000,0.000000,0.000000,0,0,0,0,0
147,0,12.521674,0.000810,0.000000,0.000041,0.145820,0.916816,0.913137,1.149570,1.172869,4.868690,4.710900,2.966882,0.987925,0.000064,0.000034,1.227000,0.000003,0.072669,0.000448,0.078047,0.000000,0.000000,0.000000,0,0,0.000000,0.000000,0.000000,0.000000,0.000000,0.000000,0.000000,0.000000,0.000000,0.000000,0.000000,0.000000,0.000000,0.000000,0,0,0,0,0,0.000000,0.000000,0.000000,0.000000,0.000000,0.000000,0.000000,0.000000,0,0,0,0,0
148,0,14.511841,1.890242,1.889391,0.000041,0.147291,0.942668,0.938989,1.128296,1.206458,4.829651,4.669335,2.964132,0.986698,0.000064,0.000034,1.329885,0.000003,0.072669,0.000448,0.063670,0.000000,0.000000,0.000000,0,0,0.000000,0.000000,0.000000,0.000000,0.000000,0.000000,0.000000,0.000000,0.000000,0.000000,0.000000,0.000000,0.000000,0.000000,0,0,0,0,0,0.000000,0.000000,0.000000,0.000000,0.000000,0.000000,0.000000,0.000000,0,0,0,0,0
149,0,12.492038,0.000810,0.000000,0.000041,0.126255,0.938348,0.934669,1.132490,1.196520,4.850423,4.674238,2.974711,0.997637,0.000064,0.000034,1.176812,0.000003,0.095120,0.000448,0.091475,0.000000,0.000000,0.000000,0,0,0.000000,0.000000,0.000000,0.000000,0.000000,0.000000,0.000000,0.000000,0.000000,0.000000,0.000000,0.000000,0.000000,0.000000,0,0,0,0,0,0.000000,0.000000,0.000000,0.000000,0.000000,0.000000,0.000000,0.000000,0,0,0,0,0
150,0,14.352414,1.636573,1.635722,0.000041,0.127747,0.921817,0.918138,1.140306,1.199181,4.865780,4.726098,2.987606,1.027924,0.000064,0.000034,1.400184,0.000003,0.072669,0.000448,0.078278,0.000000,0.000000,0.000000,0,0,0.000000,0.000000,0.000000,0.000000,0.000000,0.000000,0.000000,0.000000,0.000000,0.000000,0.000000,0.000000,0.000000,0.000000,0,0,0,0,0,0.000000,0.000000,0.000000,0.000000,0.000000,0.000000,0.000000,0.000000,0,0,0,0,0
151,0,12.625848,0.000810,0.000000,0.000041,0.144738,0.933136,0.929457,1.127821,1.204247,4.835690,4.696008,2.969354,0.970266,0.000064,0.000034,1.336833,0.000003,0.072669,0.000448,0.075707,0.000000,0.000000,0.000000,0,0,0.000000,0.000000,0.000000,0.000000,0.000000,0.000000,0.000000,0.000000,0.000000,0.000000,0.000000,0.000000,0.000000,0.000000,0,0,0,0,0,0.000000,0.000000,0.000000,0.000000,0.000000,0.000000,0.000000,0.000000,0,0,0,0,0
152,0,13.978095,1.500498,1.499647,0.000041,0.145549,0.918962,0.915283,1.146417,1.187341,4.873654,4.733971,2.939501,0.982720,0.000064,0.000034,1.192956,0.000003,0.072669,0.000448,0.065687,0.000000,0.000000,0.000000,0,0,0.000000,0.000000,0.000000,0.000000,0.000000,0.000000,0.000000,0.000000,0.000000,0.000000,0.000000,0.000000,0.000000,0.000000,0,0,0,0,0,0.000000,0.000000,0.000000,0.000000,0.000000,0.000000,0.000000,0.000000,0,0,0,0,0
153,0,12.499457,0.000810,0.000000,0.000041,0.126255,0.911228,0.907549,1.156999,1.215203,4.839817,4.700134,2.981327,1.009477,0.000064,0.000034,1.194600,0.000003,0.072669,0.000448,0.061822,0.000000,0.000000,0.000000,0,0,0.000000,0.000000,0.000000,0.000000,0.000000,0.000000,0.000000,0.000000,0.000000,0.000000,0.000000,0.000000,0.000000,0.000000,0,0,0,0,0,0.000000,0.000000,0.000000,0.000000,0.000000,0.000000,0.000000,0.000000,0,0,0,0,0
154,0,14.018263,1.509359,1.508508,0.000041,0.127747,0.917135,0.913456,1.156969,1.178864,4.872921,4.733239,2.963803,1.013702,0.000064,0.000034,1.218248,0.000003,0.072669,0.000448,0.066315,0.000000,0.000000,0.000000,0,0,0.000000,0.000000,0.000000,0.000000,0.000000,0.000000,0.000000,0.000000,0.000000,0.000000,0.000000,0.000000,0.000000,0.000000,0,0,0,0,0,0.000000,0.000000,0.000000,0.000000,0.000000,0.000000,0.000000,0.000000,0,0,0,0,0
155,0,12.463762,0.000810,0.000000,0.000041,0.126255,0.919413,0.915734,1.138140,1.190569,4.850627,4.688572,2.957550,0.993422,0.000064,0.000034,1.207180,0.000003,0.072669,0.000448,0.055905,0.000000,0.000000,0.000000,0,0,0.000000,0.000000,0.000000,0.000000,0.000000,0.000000,0.000000,0.000000,0.000000,0.000000,0.000000,0.000000,0.000000,0.000000,0,0,0,0,0,0.000000,0.000000,0.000000,0.000000,0.000000,0.000000,0.000000,0.000000,0,0,0,0,0
156,0,14.010515,1.530175,1.529324,0.000041,0.127747,0.918115,0.914435,1.148760,1.177178,4.889784,4.750102,2.956072,1.018541,0.000064,0.000034,1.189467,0.000003,0.072669,0.000448,0.055905,0.000000,0.000000,0.000000,0,0,0.000000,0.000000,0.000000,0.000000,0.000000,0.000000,0.000000,0.000000,0.000000,0.000000,0.000000,0.000000,0.000000,0.000000,0,0,0,0,0,0.000000,0.000000,0.000000,0.000000,0.000000,0.000000,0.000000,0.000000,0,0,0,0,0
157,0,12.506904,0.000810,0.000000,0.000041,0.126255,0.913930,0.910251,1.141571,1.184052,4.879506,4.717451,2.966539,1.025652,0.000064,0.000034,1.221022,0.000003,0.072669,0.000448,0.055888,0.000000,0.000000,0.000000,0,0,0.000000,0.000000,0.000000,0.000000,0.000000,0.000000,0.000000,0.000000,0.000000,0.000000,0.000000,0.000000,0.000000,0.000000,0,0,0,0,0,0.000000,0.000000,0.000000,0.000000,0.000000,0.000000,0.000000,0.000000,0,0,0,0,0
158,0,13.945289,1.457292,1.456441,0.000041,0.127747,0.931983,0.928304,1.121033,1.215169,4.832425,4.680450,2.980791,1.002920,0.000064,0.000034,1.205631,0.000003,0.072669,0.000448,0.072283,0.000000,0.000000,0.000000,0,0,0.000000,0.000000,0.000000,0.000000,0.000000,0.000000,0.000000,0.000000,0.000000,0.000000,0.000000,0.000000,0.000000,0.000000,0,0,0,0,0,0.000000,0.000000,0.000000,0.000000,0.000000,0.000000,0.000000,0.000000,0,0,0,0,0
159,0,12.674527,0.000810,0.000000,0.000041,0.126255,0.921153,0.917474,1.135980,1.202613,4.850518,4.710836,2.959476,1.021420,0.000064,0.000034,1.404504,0.000003,0.072669,0.000448,0.056532,0.000000,0.000000,0.000000,0,0,0.000000,0.000000,0.000000,0.000000,0.000000,0.000000,0.000000,0.000000,0.000000,0.000000,0.000000,0.000000,0.000000,0.000000,0,0,0,0,0,0.000000,0.000000,0.000000,0.000000,0.000000,0.000000,0.000000,0.000000,0,0,0,0,0
160,0,14.472680,1.702179,1.701328,0.000041,0.147454,0.924211,0.920532,1.147485,1.200385,4.860443,4.705373,2.951959,0.994107,0.000064,0.000034,1.465346,0.000003,0.072669,0.000448,0.076775,0.000000,0.000000,0.000000,0,0,0.000000,0.000000,0.000000,0.000000,0.000000,0.000000,0.000000,0.000000,0.000000,0.000000,0.000000,0.000000,0.000000,0.000000,0,0,0,0,0,0.000000,0.000000,0.000000,0.000000,0.000000,0.000000,0.000000,0.000000,0,0,0,0,0
161,0,12.389754,0.000810,0.000000,0.000041,0.139855,0.921224,0.917545,1.136976,1.208910,4.860887,4.721205,2.952352,0.998084,0.000064,0.000034,1.095520,0.000003,0.072669,0.000448,0.051429,0.000000,0.000000,0.000000,0,0,0.000000,0.000000,0.000000,0.000000,0.000000,0.000000,0.000000,0.000000,0.000000,0.000000,0.000000,0.000000,0.000000,0.000000,0,0,0,0,0,0.000000,0.000000,0.000000,0.000000,0.000000,0.000000,0.000000,0.000000,0,0,0,0,0
162,0,14.264662,1.693329,1.692478,0.000041,0.142880,0.937951,0.934272,1.127618,1.207981,4.839284,4.697686,2.967797,0.970974,0.000064,0.000034,1.274604,0.000003,0.072669,0.000448,0.063470,0.000000,0.000000,0.000000,0,0,0.000000,0.000000,0.000000,0.000000,0.000000,0.000000,0.000000,0.000000,0.000000,0.000000,0.000000,0.000000,0.000000,0.000000,0,0,0,0,0,0.000000,0.000000,0.000000,0.000000,0.000000,0.000000,0.000000,0.000000,0,0,0,0,0
163,0,12.742160,0.000810,0.000000,0.000041,0.126255,0.939772,0.936093,1.144484,1.208126,4.817800,4.666016,2.971090,0.973779,0.000064,0.000034,1.460605,0.000003,0.072669,0.000448,0.065297,0.000000,0.000000,0.000000,0,0,0.000000,0.000000,0.000000,0.000000,0.000000,0.000000,0.000000,0.000000,0.000000,0.000000,0.000000,0.000000,0.000000,0.000000,0,0,0,0,0,0.000000,0.000000,0.000000,0.000000,0.000000,0.000000,0.000000,0.000000,0,0,0,0,0
164,0,14.390462,1.753143,1.752292,0.000041,0.127747,0.936798,0.933119,1.132480,1.199636,4.846205,4.706523,2.984056,0.988797,0.000064,0.000034,1.337179,0.000003,0.072669,0.000448,0.078552,0.000000,0.000000,0.000000,0,0,0.000000,0.000000,0.000000,0.000000,0.000000,0.000000,0.000000,0.000000,0.000000,0.000000,0.000000,0.000000,0.000000,0.000000,0,0,0,0,0,0.000000,0.000000,0.000000,0.000000,0.000000,0.000000,0.000000,0.000000,0,0,0,0,0
165,0,12.636254,0.000810,0.000000,0.000041,0.144043,0.903422,0.899743,1.151808,1.202939,4.841502,4.701820,2.968669,0.991479,0.000064,0.000034,1.349843,0.000003,0.072669,0.000448,0.062469,0.000000,0.000000,0.000000,0,0,0.000000,0.000000,0.000000,0.000000,0.000000,0.000000,0.000000,0.000000,0.000000,0.000000,0.000000,0.000000,0.000000,0.000000,0,0,0,0,0,0.000000,0.000000,0.000000,0.000000,0.000000,0.000000,0.000000,0.000000,0,0,0,0,0
166,0,14.359216,1.889201,1.888350,0.000041,0.127747,0.936591,0.932912,1.124146,1.220320,4.833811,4.694129,2.986759,0.993507,0.000064,0.000034,1.167423,0.000003,0.072669,0.000448,0.067861,0.000000,0.000000,0.000000,0,0,0.000000,0.000000,0.000000,0.000000,0.000000,0.000000,0.000000,0.000000,0.000000,0.000000,0.000000,0.000000,0.000000,0.000000,0,0,0,0,0,0.000000,0.000000,0.000000,0.000000,0.000000,0.000000,0.000000,0.000000,0,0,0,0,0
167,0,12.634508,0.000810,0.000000,0.000041,0.146589,0.943651,0.939972,1.125417,1.194814,4.841699,4.689612,2.964274,0.970947,0.000064,0.000034,1.344035,0.000003,0.072669,0.000448,0.065314,0.000000,0.000000,0.000000,0,0,0.000000,0.000000,0.000000,0.000000,0.000000,0.000000,0.000000,0.000000,0.000000,0.000000,0.000000,0.000000,0.000000,0.000000,0,0,0,0,0,0.000000,0.000000,0.000000,0.000000,0.000000,0.000000,0.000000,0.000000,0,0,0,0,0
168,0,14.655012,1.945645,1.944794,0.000041,0.150119,0.927029,0.923350,1.133806,1.216109,4.849128,4.685503,2.948992,1.004022,0.000064,0.000034,1.410967,0.000003,0.072669,0.000448,0.052294,0.000000,0.000000,0.000000,0,0,0.000000,0.000000,0.000000,0.000000,0.000000,0.000000,0.000000,0.000000,0.000000,0.000000,0.000000,0.000000,0.000000,0.000000,0,0,0,0,0,0.000000,0.000000,0.000000,0.000000,0.000000,0.000000,0.000000,0.000000,0,0,0,0,0
169,0,12.583154,0.000810,0.000000,0.000041,0.126255,0.934394,0.930715,1.125295,1.205315,4.850237,4.710554,2.976386,0.999346,0.000064,0.000034,1.291243,0.000003,0.072669,0.000448,0.072249,0.000000,0.000000,0.000000,0,0,0.000000,0.000000,0.000000,0.000000,0.000000,0.000000,0.000000,0.000000,0.000000,0.000000,0.000000,0.000000,0.000000,0.000000,0,0,0,0,0,0.000000,0.000000,0.000000,0.000000,0.000000,0.000000,0.000000,0.000000,0,0,0,0,0
170,0,14.342567,1.849620,1.848768,0.000041,0.146291,0.903310,0.899631,1.147129,1.205173,4.789992,4.650309,2.972928,0.973779,0.000064,0.000034,1.254907,0.000003,0.072669,0.000448,0.052260,0.000000,0.000000,0.000000,0,0,0.000000,0.000000,0.000000,0.000000,0.000000,0.000000,0.000000,0.000000,0.000000,0.000000,0.000000,0.000000,0.000000,0.000000,0,0,0,0,0,0.000000,0.000000,0.000000,0.000000,0.000000,0.000000,0.000000,0.000000,0,0,0,0,0
171,0,12.481584,0.000810,0.000000,0.000041,0.126255,0.916707,0.913028,1.149994,1.203271,4.849033,4.694997,2.976651,1.007829,0.000064,0.000034,1.185645,0.000003,0.072669,0.000448,0.072401,0.000000,0.000000,0.000000,0,0,0.000000,0.000000,0.000000,0.000000,0.000000,0.000000,0.000000,0.000000,0.000000,0.000000,0.000000,0.000000,0.000000,0.000000,0,0,0,0,0,0.000000,0.000000,0.000000,0.000000,0.000000,0.000000,0.000000,0.000000,0,0,0,0,0
172,0,14.331238,1.630900,1.630049,0.000041,0.127747,0.924059,0.920380,1.145881,1.210086,4.833628,4.693946,2.957770,0.999322,0.000064,0.000034,1.427948,0.000003,0.072669,0.000448,0.066315,0.000000,0.000000,0.000000,0,0,0.000000,0.000000,0.000000,0.000000,0.000000,0.000000,0.000000,0.000000,0.000000,0.000000,0.000000,0.000000,0.000000,0.000000,0,0,0,0,0,0.000000,0.000000,0.000000,0.000000,0.000000,0.000000,0.000000,0.000000,0,0,0,0,0
173,0,12.623762,0.000810,0.000000,0.000041,0.126255,0.920173,0.916494,1.149967,1.175293,4.892466,4.710683,2.958642,1.024099,0.000064,0.000034,1.304762,0.000003,0.094845,0.000448,0.077454,0.000000,0.000000,0.000000,0,0,0.000000,0.000000,0.000000,0.000000,0.000000,0.000000,0.000000,0.000000,0.000000,0.000000,0.000000,0.000000,0.000000,0.000000,0,0,0,0,0,0.000000,0.000000,0.000000,0.000000,0.000000,0.000000,0.000000,0.000000,0,0,0,0,0
174,0,14.243184,1.645925,1.645074,0.000041,0.127747,0.939267,0.935588,1.143572,1.202294,4.844805,4.705122,2.970188,0.970995,0.000064,0.000034,1.296170,0.000003,0.072669,0.000448,0.057990,0.000000,0.000000,0.000000,0,0,0.000000,0.000000,0.000000,0.000000,0.000000,0.000000,0.000000,0.000000,0.000000,0.000000,0.000000,0.000000,0.000000,0.000000,0,0,0,0,0,0.000000,0.000000,0.000000,0.000000,0.000000,0.000000,0.000000,0.000000,0,0,0,0,0
175,0,12.466960,0.000810,0.000000,0.000041,0.126255,0.919471,0.915792,1.152954,1.199982,4.836578,4.675032,2.961717,1.023034,0.000064,0.000034,1.195974,0.000003,0.072669,0.000448,0.051412,0.000000,0.000000,0.000000,0,0,0.000000,0.000000,0.000000,0.000000,0.000000,0.000000,0.000000,0.000000,0.000000,0.000000,0.000000,0.000000,0.000000,0.000000,0,0,0,0,0,0.000000,0.000000,0.000000,0.000000,0.000000,0.000000,0.000000,0.000000,0,0,0,0,0
176,0,14.230509,1.640571,1.639720,0.000041,0.127747,0.947906,0.921861,1.142080,1.214657,4.792606,4.639221,2.996429,0.973779,0.000064,0.000034,1.295295,0.000003,0.072669,0.000448,0.057126,0.000000,0.000000,0.000000,0,0,0.000000,0.000000,0.000000,0.000000,0.000000,0.000000,0.000000,0.000000,0.000000,0.000000,0.000000,0.000000,0.000000,0.000000,0,0,0,0,0,0.000000,0.000000,0.000000,0.000000,0.000000,0.000000,0.000000,0.000000,0,0,0,0,0
177,0,12.638282,0.000810,0.000000,0.000041,0.126255,0.935757,0.932078,1.134725,1.221375,4.861277,4.721595,2.962755,0.992971,0.000064,0.000034,1.322110,0.000003,0.072669,0.000448,0.084134,0.000000,0.000000,0.000000,0,0,0.000000,0.000000,0.000000,0.000000,0.000000,0.000000,0.000000,0.000000,0.000000,0.000000,0.000000,0.000000,0.000000,0.000000,0,0,0,0,0,0.000000,0.000000,0.000000,0.000000,0.000000,0.000000,0.000000,0.000000,0,0,0,0,0
178,0,14.174950,1.581268,1.580417,0.000041,0.127747,0.936920,0.933241,1.131999,1.201501,4.841763,4.702081,2.985799,1.026249,0.000064,0.000034,1.294735,0.000003,0.072669,0.000448,0.108626,0.000000,0.000000,0.000000,0,0,0.000000,0.000000,0.000000,0.000000,0.000000,0.000000,0.000000,0.000000,0.000000,0.000000,0.000000,0.000000,0.000000,0.000000,0,0,0,0,0,0.000000,0.000000,0.000000,0.000000,0.000000,0.000000,0.000000,0.000000,0,0,0,0,0
179,0,12.486972,0.000810,0.000000,0.000041,0.126255,0.935801,0.932122,1.123260,1.185238,4.850193,4.686228,2.987217,0.992564,0.000064,0.000034,1.204980,0.000003,0.072669,0.000448,0.072266,0.000000,0.000000,0.000000,0,0,0.000000,0.000000,0.000000,0.000000,0.000000,0.000000,0.000000,0.000000,0.000000,0.000000,0.000000,0.000000,0.000000,0.000000,0,0,0,0,0,0.000000,0.000000,0.000000,0.000000,0.000000,0.000000,0.000000,0.000000,0,0,0,0,0
180,0,14.255812,1.667331,1.666480,0.000041,0.127747,0.910634,0.906955,1.149428,1.231767,4.837345,4.697662,2.954912,0.986474,0.000064,0.000034,1.303429,0.000003,0.072669,0.000448,0.069010,0.000000,0.000000,0.000000,0,0,0.000000,0.000000,0.000000,0.000000,0.000000,0.000000,0.000000,0.000000,0.000000,0.000000,0.000000,0.000000,0.000000,0.000000,0,0,0,0,0,0.000000,0.000000,0.000000,0.000000,0.000000,0.000000,0.000000,0.000000,0,0,0,0,0
181,0,12.785580,0.000810,0.000000,0.000041,0.126255,0.942600,0.938921,1.127750,1.230025,4.838508,4.681725,2.978054,1.032335,0.000064,0.000034,1.468360,0.000003,0.072669,0.000448,0.072723,0.000000,0.000000,0.000000,0,0,0.000000,0.000000,0.000000,0.000000,0.000000,0.000000,0.000000,0.000000,0.000000,0.000000,0.000000,0.000000,0.000000,0.000000,0,0,0,0,0,0.000000,0.000000,0.000000,0.000000,0.000000,0.000000,0.000000,0.000000,0,0,0,0,0
182,0,14.341081,1.780145,1.779293,0.000041,0.150028,0.895172,0.891493,1.165029,1.210927,4.856455,4.698605,2.948313,0.989627,0.000064,0.000034,1.261793,0.000003,0.072669,0.000448,0.061839,0.000000,0.000000,0.000000,0,0,0.000000,0.000000,0.000000,0.000000,0.000000,0.000000,0.000000,0.000000,0.000000,0.000000,0.000000,0.000000,0.000000,0.000000,0,0,0,0,0,0.000000,0.000000,0.000000,0.000000,0.000000,0.000000,0.000000,0.000000,0,0,0,0,0
183,0,12.443288,0.000810,0.000000,0.000041,0.126255,0.922984,0.919305,1.139757,1.221649,4.819831,4.680149,2.963142,0.988176,0.000064,0.000034,1.175642,0.000003,0.072669,0.000448,0.084574,0.000000,0.000000,0.000000,0,0,0.000000,0.000000,0.000000,0.000000,0.000000,0.000000,0.000000,0.000000,0.000000,0.000000,0.000000,0.000000,0.000000,0.000000,0,0,0,0,0,0.000000,0.000000,0.000000,0.000000,0.000000,0.000000,0.000000,0.000000,0,0,0,0,0
184,0,14.214905,1.613539,1.612688,0.000041,0.127747,0.915775,0.912096,1.137783,1.205868,4.848833,4.694906,2.957052,0.987240,0.000064,0.000034,1.335090,0.000003,0.072669,0.000448,0.048716,0.000000,0.000000,0.000000,0,0,0.000000,0.000000,0.000000,0.000000,0.000000,0.000000,0.000000,0.000000,0.000000,0.000000,0.000000,0.000000,0.000000,0.000000,0,0,0,0,0,0.000000,0.000000,0.000000,0.000000,0.000000,0.000000,0.000000,0.000000,0,0,0,0,0
185,0,12.644677,0.000810,0.000000,0.000041,0.126255,0.921943,0.918264,1.143619,1.194007,4.859328,4.719645,2.965132,1.008606,0.000064,0.000034,1.360365,0.000003,0.072669,0.000448,0.169718,0.000000,0.000000,0.000000,0,0,0.000000,0.000000,0.000000,0.000000,0.000000,0.000000,0.000000,0.000000,0.000000,0.000000,0.000000,0.000000,0.000000,0.000000,0,0,0,0,0,0.000000,0.000000,0.000000,0.000000,0.000000,0.000000,0.000000,0.000000,0,0,0,0,0
186,0,14.287774,1.788842,1.787991,0.000041,0.127747,0.926958,0.923279,1.153904,1.184638,4.855869,4.716187,2.964013,1.014431,0.000064,0.000034,1.212585,0.000003,0.072669,0.000448,0.063822,0.000000,0.000000,0.000000,0,0,0.000000,0.000000,0.000000,0.000000,0.000000,0.000000,0.000000,0.000000,0.000000,0.000000,0.000000,0.000000,0.000000,0.000000,0,0,0,0,0,0.000000,0.000000,0.000000,0.000000,0.000000,0.000000,0.000000,0.000000,0,0,0,0,0
187,0,12.482157,0.000810,0.000000,0.000041,0.139896,0.897040,0.893361,1.175273,1.186479,4.820418,4.680735,2.962823,0.990994,0.000064,0.000034,1.207811,0.000003,0.091058,0.000448,0.078149,0.000000,0.000000,0.000000,0,0,0.000000,0.000000,0.000000,0.000000,0.000000,0.000000,0.000000,0.000000,0.000000,0.000000,0.000000,0.000000,0.000000,0.000000,0,0,0,0,0,0.000000,0.000000,0.000000,0.000000,0.000000,0.000000,0.000000,0.000000,0,0,0,0,0
188,0,14.530012,2.027076,2.026225,0.000041,0.141337,0.902825,0.899146,1.166551,1.185333,4.832686,4.693003,2.958428,0.987935,0.000064,0.000034,1.242557,0.000003,0.072669,0.000448,0.062161,0.000000,0.000000,0.000000,0,0,0.000000,0.000000,0.000000,0.000000,0.000000,0.000000,0.000000,0.000000,0.000000,0.000000,0.000000,0.000000,0.000000,0.000000,0,0,0,0,0,0.000000,0.000000,0.000000,0.000000,0.000000,0.000000,0.000000,0.000000,0,0,0,0,0
189,0,12.541517,0.000810,0.000000,0.000041,0.166985,0.901537,0.897858,1.161513,1.182532,4.874756,4.733066,2.939711,1.005619,0.000064,0.000034,1.240455,0.000003,0.072669,0.000448,0.085388,0.000000,0.000000,0.000000,0,0,0.000000,0.000000,0.000000,0.000000,0.000000,0.000000,0.000000,0.000000,0.000000,0.000000,0.000000,0.000000,0.000000,0.000000,0,0,0,0,0,0.000000,0.000000,0.000000,0.000000,0.000000,0.000000,0.000000,0.000000,0,0,0,0,0
190,0,15.130825,2.460249,2.459398,0.000041,0.127747,0.916077,0.912398,1.145372,1.207645,4.821167,4.681485,2.965030,1.008908,0.000064,0.000034,1.414320,0.000003,0.072669,0.000448,0.055905,0.000000,0.000000,0.000000,0,0,0.000000,0.000000,0.000000,0.000000,0.000000,0.000000,0.000000,0.000000,0.000000,0.000000,0.000000,0.000000,0.000000,0.000000,0,0,0,0,0,0.000000,0.000000,0.000000,0.000000,0.000000,0.000000,0.000000,0.000000,0,0,0,0,0
191,0,12.599508,0.000810,0.000000,0.000041,0.145725,0.936964,0.933285,1.122555,1.206994,4.828156,4.688473,2.956560,1.008955,0.000064,0.000034,1.328525,0.000003,0.072669,0.000448,0.095103,0.000000,0.000000,0.000000,0,0,0.000000,0.000000,0.000000,0.000000,0.000000,0.000000,0.000000,0.000000,0.000000,0.000000,0.000000,0.000000,0.000000,0.000000,0,0,0,0,0,0.000000,0.000000,0.000000,0.000000,0.000000,0.000000,0.000000,0.000000,0,0,0,0,0
192,0,14.158132,1.441762,1.440911,0.000041,0.144819,0.919959,0.916280,1.146691,1.209130,4.828939,4.689256,2.973945,1.002547,0.000064,0.000034,1.419668,0.000003,0.072669,0.000448,0.061839,0.000000,0.000000,0.000000,0,0,0.000000,0.000000,0.000000,0.000000,0.000000,0.000000,0.000000,0.000000,0.000000,0.000000,0.000000,0.000000,0.000000,0.000000,0,0,0,0,0,0.000000,0.000000,0.000000,0.000000,0.000000,0.000000,0.000000,0.000000,0,0,0,0,0
193,0,12.863363,0.000810,0.000000,0.000041,0.126255,0.939134,0.935455,1.127258,1.205716,4.845581,4.683526,2.982669,0.991238,0.000064,0.000034,1.562720,0.000003,0.072669,0.000448,0.048716,0.000000,0.000000,0.000000,0,0,0.000000,0.000000,0.000000,0.000000,0.000000,0.000000,0.000000,0.000000,0.000000,0.000000,0.000000,0.000000,0.000000,0.000000,0,0,0,0,0,0.000000,0.000000,0.000000,0.000000,0.000000,0.000000,0.000000,0.000000,0,0,0,0,0
194,0,14.465471,1.981405,1.980554,0.000041,0.127747,0.934987,0.931308,1.128072,1.203145,4.846897,4.707214,2.954410,0.973779,0.000064,0.000034,1.215590,0.000003,0.072669,0.000448,0.041663,0.000000,0.000000,0.000000,0,0,0.000000,0.000000,0.000000,0.000000,0.000000,0.000000,0.000000,0.000000,0.000000,0.000000,0.000000,0.000000,0.000000,0.000000,0,0,0,0,0,0.000000,0.000000,0.000000,0.000000,0.000000,0.000000,0.000000,0.000000,0,0,0,0,0
195,0,12.403646,0.000810,0.000000,0.000041,0.126255,0.929562,0.925883,1.123851,1.193349,4.857439,4.695390,2.980984,0.992567,0.000064,0.000034,1.118178,0.000003,0.072669,0.000448,0.058261,0.000000,0.000000,0.000000,0,0,0.000000,0.000000,0.000000,0.000000,0.000000,0.000000,0.000000,0.000000,0.000000,0.000000,0.000000,0.000000,0.000000,0.000000,0,0,0,0,0,0.000000,0.000000,0.000000,0.000000,0.000000,0.000000,0.000000,0.000000,0,0,0,0,0
196,0,14.091132,1.520681,1.519830,0.000041,0.127747,0.927443,0.923764,1.136641,1.186778,4.871219,4.731537,2.947435,0.997528,0.000064,0.000034,1.299971,0.000003,0.072669,0.000448,0.061839,0.000000,0.000000,0.000000,0,0,0.000000,0.000000,0.000000,0.000000,0.000000,0.000000,0.000000,0.000000,0.000000,0.000000,0.000000,0.000000,0.000000,0.000000,0,0,0,0,0,0.000000,0.000000,0.000000,0.000000,0.000000,0.000000,0.000000,0.000000,0,0,0,0,0
197,0,12.483514,0.000810,0.000000,0.000041,0.126255,0.936795,0.933116,1.128059,1.217865,4.835283,4.695601,2.967743,1.014662,0.000064,0.000034,1.197486,0.000003,0.072669,0.000448,0.061822,0.000000,0.000000,0.000000,0,0,0.000000,0.000000,0.000000,0.000000,0.000000,0.000000,0.000000,0.000000,0.000000,0.000000,0.000000,0.000000,0.000000,0.000000,0,0,0,0,0,0.000000,0.000000,0.000000,0.000000,0.000000,0.000000,0.000000,0.000000,0,0,0,0,0
198,0,14.149133,1.551008,1.550157,0.000041,0.127747,0.918233,0.914554,1.143368,1.197072,4.847178,4.707496,2.947116,1.018229,0.000064,0.000034,1.327827,0.000003,0.089033,0.000448,0.061093,0.000000,0.000000,0.000000,0,0,0.000000,0.000000,0.000000,0.000000,0.000000,0.000000,0.000000,0.000000,0.000000,0.000000,0.000000,0.000000,0.000000,0.000000,0,0,0,0,0,0.000000,0.000000,0.000000,0.000000,0.000000,0.000000,0.000000,0.000000,0,0,0,0,0
199,0,12.453342,0.000810,0.000000,0.000041,0.126255,0.914303,0.910624,1.156498,1.218221,4.813354,4.673672,2.965298,0.988647,0.000064,0.000034,1.185384,0.000003,0.072669,0.000448,0.059550,0.000000,0.000000,0.000000,0,0,0.000000,0.000000,0.000000,0.000000,0.000000,0.000000,0.000000,0.000000,0.000000,0.000000,0.000000,0.000000,0.000000,0.000000,0,0,0,0,0,0.000000,0.000000,0.000000,0.000000,0.000000,0.000000,0.000000,0.000000,0,0,0,0,0
200,0,14.335134,1.860070,1.859219,0.000041,0.127747,0.916450,0.912771,1.149302,1.185388,4.866367,4.726685,2.967000,1.008080,0.000064,0.000034,1.189592,0.000003,0.072669,0.000448,0.066349,0.000000,0.000000,0.000000,0,0,0.000000,0.000000,0.000000,0.000000,0.000000,0.000000,0.000000,0.000000,0.000000,0.000000,0.000000,0.000000,0.000000,0.000000,0,0,0,0,0,0.000000,0.000000,0.000000,0.000000,0.000000,0.000000,0.000000,0.000000,0,0,0,0,0
201,0,12.535319,0.000810,0.000000,0.000041,0.126255,0.919929,0.916250,1.145474,1.203637,4.852481,4.712799,2.964040,1.013326,0.000064,0.000034,1.227149,0.000003,0.094994,0.000448,0.049920,0.000000,0.000000,0.000000,0,0,0.000000,0.000000,0.000000,0.000000,0.000000,0.000000,0.000000,0.000000,0.000000,0.000000,0.000000,0.000000,0.000000,0.000000,0,0,0,0,0,0.000000,0.000000,0.000000,0.000000,0.000000,0.000000,0.000000,0.000000,0,0,0,0,0
202,0,14.133440,1.698351,1.697500,0.000041,0.127747,0.913774,0.910095,1.136461,1.194024,4.885630,4.745948,2.934018,0.982988,0.000064,0.000034,1.170217,0.000003,0.072669,0.000448,0.054396,0.000000,0.000000,0.000000,0,0,0.000000,0.000000,0.000000,0.000000,0.000000,0.000000,0.000000,0.000000,0.000000,0.000000,0.000000,0.000000,0.000000,0.000000,0,0,0,0,0,0.000000,0.000000,0.000000,0.000000,0.000000,0.000000,0.000000,0.000000,0,0,0,0,0
203,0,12.719767,0.000810,0.000000,0.000041,0.149495,0.900421,0.896742,1.158702,1.188599,4.841861,4.702179,2.949595,0.980526,0.000064,0.000034,1.457065,0.000003,0.072669,0.000448,0.065518,0.000000,0.000000,0.000000,0,0,0.000000,0.000000,0.000000,0.000000,0.000000,0.000000,0.000000,0.000000,0.000000,0.000000,0.000000,0.000000,0.000000,0.000000,0,0,0,0,0,0.000000,0.000000,0.000000,0.000000,0.000000,0.000000,0.000000,0.000000,0,0,0,0,0
204,0,14.262600,1.741981,1.741130,0.000041,0.127747,0.932980,0.929301,1.133643,1.193190,4.870294,4.708001,2.961026,0.983226,0.000064,0.000034,1.228522,0.000003,0.072669,0.000448,0.048716,0.000000,0.000000,0.000000,0,0,0.000000,0.000000,0.000000,0.000000,0.000000,0.000000,0.000000,0.000000,0.000000,0.000000,0.000000,0.000000,0.000000,0.000000,0,0,0,0,0,0.000000,0.000000,0.000000,0.000000,0.000000,0.000000,0.000000,0.000000,0,0,0,0,0
205,0,12.674449,0.000810,0.000000,0.000041,0.156891,0.897095,0.893416,1.164893,1.186306,4.879103,4.739421,2.934543,0.998277,0.000064,0.000034,1.381588,0.000003,0.072669,0.000448,0.082676,0.000000,0.000000,0.000000,0,0,0.000000,0.000000,0.000000,0.000000,0.000000,0.000000,0.000000,0.000000,0.000000,0.000000,0.000000,0.000000,0.000000,0.000000,0,0,0,0,0,0.000000,0.000000,0.000000,0.000000,0.000000,0.000000,0.000000,0.000000,0,0,0,0,0
206,0,13.987291,1.488363,1.487512,0.000041,0.146810,0.915690,0.912011,1.128415,1.211233,4.830726,4.691043,2.961636,0.989994,0.000064,0.000034,1.231201,0.000003,0.072669,0.000448,0.048547,0.000000,0.000000,0.000000,0,0,0.000000,0.000000,0.000000,0.000000,0.000000,0.000000,0.000000,0.000000,0.000000,0.000000,0.000000,0.000000,0.000000,0.000000,0,0,0,0,0,0.000000,0.000000,0.000000,0.000000,0.000000,0.000000,0.000000,0.000000,0,0,0,0,0
207,0,12.667728,0.000810,0.000000,0.000041,0.146434,0.939721,0.936042,1.125966,1.201867,4.834564,4.680433,2.968163,1.001387,0.000064,0.000034,1.376984,0.000003,0.072669,0.000448,0.066332,0.000000,0.000000,0.000000,0,0,0.000000,0.000000,0.000000,0.000000,0.000000,0.000000,0.000000,0.000000,0.000000,0.000000,0.000000,0.000000,0.000000,0.000000,0,0,0,0,0,0.000000,0.000000,0.000000,0.000000,0.000000,0.000000,0.000000,0.000000,0,0,0,0,0
208,0,15.445977,1.640211,1.639360,0.000041,0.127747,0.928131,0.924452,1.125003,1.197099,4.851139,4.709323,2.984806,1.007728,0.000064,0.000034,2.518623,0.000003,0.072669,0.000448,0.067790,0.000000,0.000000,0.000000,0,0,0.000000,0.000000,0.000000,0.000000,0.000000,0.000000,0.000000,0.000000,0.000000,0.000000,0.000000,0.000000,0.000000,0.000000,0,0,0,0,0,0.000000,0.000000,0.000000,0.000000,0.000000,0.000000,0.000000,0.000000,0,0,0,0,0
209,0,12.543966,0.000810,0.000000,0.000041,0.126255,0.934465,0.930786,1.130205,1.207940,4.832859,4.693176,2.963898,0.982035,0.000064,0.000034,1.274316,0.000003,0.072669,0.000448,0.080339,0.000000,0.000000,0.000000,0,0,0.000000,0.000000,0.000000,0.000000,0.000000,0.000000,0.000000,0.000000,0.000000,0.000000,0.000000,0.000000,0.000000,0.000000,0,0,0,0,0,0.000000,0.000000,0.000000,0.000000,0.000000,0.000000,0.000000,0.000000,0,0,0,0,0
210,0,14.049944,1.498956,1.498105,0.000041,0.127747,0.918155,0.914476,1.148166,1.199551,4.858436,4.718753,2.934916,0.971514,0.000064,0.000034,1.290799,0.000003,0.072669,0.000448,0.061856,0.000000,0.000000,0.000000,0,0,0.000000,0.000000,0.000000,0.000000,0.000000,0.000000,0.000000,0.000000,0.000000,0.000000,0.000000,0.000000,0.000000,0.000000,0,0,0,0,0,0.000000,0.000000,0.000000,0.000000,0.000000,0.000000,0.000000,0.000000,0,0,0,0,0
211,0,12.424469,0.000810,0.000000,0.000041,0.126255,0.937412,0.933733,1.132538,1.203705,4.854065,4.714383,2.975477,0.998152,0.000064,0.000034,1.120989,0.000003,0.072669,0.000448,0.051429,0.000000,0.000000,0.000000,0,0,0.000000,0.000000,0.000000,0.000000,0.000000,0.000000,0.000000,0.000000,0.000000,0.000000,0.000000,0.000000,0.000000,0.000000,0,0,0,0,0,0.000000,0.000000,0.000000,0.000000,0.000000,0.000000,0.000000,0.000000,0,0,0,0,0
212,0,14.192858,1.738397,1.737545,0.000041,0.127747,0.918152,0.914473,1.156582,1.208961,4.818403,4.678721,2.958652,0.968516,0.000064,0.000034,1.174215,0.000003,0.091200,0.000448,0.057193,0.000000,0.000000,0.000000,0,0,0.000000,0.000000,0.000000,0.000000,0.000000,0.000000,0.000000,0.000000,0.000000,0.000000,0.000000,0.000000,0.000000,0.000000,0,0,0,0,0,0.000000,0.000000,0.000000,0.000000,0.000000,0.000000,0.000000,0.000000,0,0,0,0,0
213,0,12.529439,0.000810,0.000000,0.000041,0.126255,0.940308,0.936629,1.126675,1.213759,4.835130,4.676653,2.964030,1.012648,0.000064,0.000034,1.249254,0.000003,0.072669,0.000448,0.064653,0.000000,0.000000,0.000000,0,0,0.000000,0.000000,0.000000,0.000000,0.000000,0.000000,0.000000,0.000000,0.000000,0.000000,0.000000,0.000000,0.000000,0.000000,0,0,0,0,0,0.000000,0.000000,0.000000,0.000000,0.000000,0.000000,0.000000,0.000000,0,0,0,0,0
214,0,14.116001,1.477983,1.477132,0.000041,0.127747,0.919339,0.915660,1.146254,1.185788,4.864858,4.725176,2.963745,1.027120,0.000064,0.000034,1.342495,0.000003,0.087243,0.000448,0.068095,0.000000,0.000000,0.000000,0,0,0.000000,0.000000,0.000000,0.000000,0.000000,0.000000,0.000000,0.000000,0.000000,0.000000,0.000000,0.000000,0.000000,0.000000,0,0,0,0,0,0.000000,0.000000,0.000000,0.000000,0.000000,0.000000,0.000000,0.000000,0,0,0,0,0
215,0,12.663144,0.000810,0.000000,0.000041,0.126255,0.921831,0.918152,1.149268,1.220510,4.829342,4.689660,2.964396,0.995361,0.000064,0.000034,1.377513,0.000003,0.072669,0.000448,0.058940,0.000000,0.000000,0.000000,0,0,0.000000,0.000000,0.000000,0.000000,0.000000,0.000000,0.000000,0.000000,0.000000,0.000000,0.000000,0.000000,0.000000,0.000000,0,0,0,0,0,0.000000,0.000000,0.000000,0.000000,0.000000,0.000000,0.000000,0.000000,0,0,0,0,0
216,0,13.986959,1.426032,1.425181,0.000041,0.127747,0.918616,0.914937,1.157888,1.181668,4.873789,4.683604,2.958618,1.023929,0.000064,0.000034,1.269382,0.000003,0.072669,0.000448,0.080027,0.000000,0.000000,0.000000,0,0,0.000000,0.000000,0.000000,0.000000,0.000000,0.000000,0.000000,0.000000,0.000000,0.000000,0.000000,0.000000,0.000000,0.000000,0,0,0,0,0,0.000000,0.000000,0.000000,0.000000,0.000000,0.000000,0.000000,0.000000,0,0,0,0,0
217,0,12.518300,0.000810,0.000000,0.000041,0.126255,0.915795,0.912116,1.155175,1.201155,4.850603,4.710921,2.957316,1.006917,0.000064,0.000034,1.219415,0.000003,0.091227,0.000448,0.064111,0.000000,0.000000,0.000000,0,0,0.000000,0.000000,0.000000,0.000000,0.000000,0.000000,0.000000,0.000000,0.000000,0.000000,0.000000,0.000000,0.000000,0.000000,0,0,0,0,0,0.000000,0.000000,0.000000,0.000000,0.000000,0.000000,0.000000,0.000000,0,0,0,0,0
218,0,14.331204,1.821859,1.821008,0.000041,0.127747,0.920013,0.916334,1.148695,1.176965,4.862715,4.702420,2.980645,1.037526,0.000064,0.000034,1.219347,0.000003,0.072669,0.000448,0.061364,0.000000,0.000000,0.000000,0,0,0.000000,0.000000,0.000000,0.000000,0.000000,0.000000,0.000000,0.000000,0.000000,0.000000,0.000000,0.000000,0.000000,0.000000,0,0,0,0,0,0.000000,0.000000,0.000000,0.000000,0.000000,0.000000,0.000000,0.000000,0,0,0,0,0
219,0,12.551341,0.000810,0.000000,0.000041,0.144023,0.901767,0.898088,1.157844,1.187286,4.812022,4.672340,2.962168,0.992649,0.000064,0.000034,1.312202,0.000003,0.072669,0.000448,0.083896,0.000000,0.000000,0.000000,0,0,0.000000,0.000000,0.000000,0.000000,0.000000,0.000000,0.000000,0.000000,0.000000,0.000000,0.000000,0.000000,0.000000,0.000000,0,0,0,0,0,0.000000,0.000000,0.000000,0.000000,0.000000,0.000000,0.000000,0.000000,0,0,0,0,0
220,0,14.337667,1.807865,1.807014,0.000041,0.148393,0.915080,0.911401,1.145233,1.201155,4.847524,4.689816,2.965044,1.004561,0.000064,0.000034,1.234155,0.000003,0.072669,0.000448,0.055905,0.000000,0.000000,0.000000,0,0,0.000000,0.000000,0.000000,0.000000,0.000000,0.000000,0.000000,0.000000,0.000000,0.000000,0.000000,0.000000,0.000000,0.000000,0,0,0,0,0,0.000000,0.000000,0.000000,0.000000,0.000000,0.000000,0.000000,0.000000,0,0,0,0,0
221,0,12.608510,0.000810,0.000000,0.000041,0.162330,0.902205,0.898526,1.160784,1.185598,4.876973,4.717923,2.946387,1.010352,0.000064,0.000034,1.300205,0.000003,0.072669,0.000448,0.051412,0.000000,0.000000,0.000000,0,0,0.000000,0.000000,0.000000,0.000000,0.000000,0.000000,0.000000,0.000000,0.000000,0.000000,0.000000,0.000000,0.000000,0.000000,0,0,0,0,0,0.000000,0.000000,0.000000,0.000000,0.000000,0.000000,0.000000,0.000000,0,0,0,0,0
222,0,14.195167,1.696726,1.695875,0.000041,0.127747,0.925598,0.921919,1.133579,1.195624,4.850260,4.658084,2.966075,0.983443,0.000064,0.000034,1.226339,0.000003,0.072669,0.000448,0.073863,0.000000,0.000000,0.000000,0,0,0.000000,0.000000,0.000000,0.000000,0.000000,0.000000,0.000000,0.000000,0.000000,0.000000,0.000000,0.000000,0.000000,0.000000,0,0,0,0,0,0.000000,0.000000,0.000000,0.000000,0.000000,0.000000,0.000000,0.000000,0,0,0,0,0
223,0,12.650296,0.000810,0.000000,0.000041,0.126255,0.932855,0.929175,1.124539,1.211704,4.847860,4.708177,2.962331,0.989783,0.000064,0.000034,1.370724,0.000003,0.072669,0.000448,0.146362,0.000000,0.000000,0.000000,0,0,0.000000,0.000000,0.000000,0.000000,0.000000,0.000000,0.000000,0.000000,0.000000,0.000000,0.000000,0.000000,0.000000,0.000000,0,0,0,0,0,0.000000,0.000000,0.000000,0.000000,0.000000,0.000000,0.000000,0.000000,0,0,0,0,0
224,0,14.214589,1.684926,1.684075,0.000041,0.127747,0.942491,0.938812,1.124227,1.223178,4.815169,4.654229,2.984772,1.009040,0.000064,0.000034,1.238861,0.000003,0.072669,0.000448,0.054905,0.000000,0.000000,0.000000,0,0,0.000000,0.000000,0.000000,0.000000,0.000000,0.000000,0.000000,0.000000,0.000000,0.000000,0.000000,0.000000,0.000000,0.000000,0,0,0,0,0,0.000000,0.000000,0.000000,0.000000,0.000000,0.000000,0.000000,0.000000,0,0,0,0,0
225,0,12.667521,0.000810,0.000000,0.000041,0.126255,0.933794,0.930115,1.129201,1.197001,4.842814,4.684523,2.979872,0.990482,0.000064,0.000034,1.384555,0.000003,0.072669,0.000448,0.075412,0.000000,0.000000,0.000000,0,0,0.000000,0.000000,0.000000,0.000000,0.000000,0.000000,0.000000,0.000000,0.000000,0.000000,0.000000,0.000000,0.000000,0.000000,0,0,0,0,0,0.000000,0.000000,0.000000,0.000000,0.000000,0.000000,0.000000,0.000000,0,0,0,0,0
226,0,14.280636,1.738525,1.737674,0.000041,0.127747,0.949402,0.945723,1.132358,1.221391,4.830156,4.690474,2.982496,0.982218,0.000064,0.000034,1.202976,0.000003,0.095035,0.000448,0.070265,0.000000,0.000000,0.000000,0,0,0.000000,0.000000,0.000000,0.000000,0.000000,0.000000,0.000000,0.000000,0.000000,0.000000,0.000000,0.000000,0.000000,0.000000,0,0,0,0,0,0.000000,0.000000,0.000000,0.000000,0.000000,0.000000,0.000000,0.000000,0,0,0,0,0
227,0,12.696557,0.000810,0.000000,0.000041,0.126255,0.943071,0.939392,1.128523,1.206265,4.862447,4.722765,2.973843,1.001485,0.000064,0.000034,1.360043,0.000003,0.094750,0.000448,0.123077,0.000000,0.000000,0.000000,0,0,0.000000,0.000000,0.000000,0.000000,0.000000,0.000000,0.000000,0.000000,0.000000,0.000000,0.000000,0.000000,0.000000,0.000000,0,0,0,0,0,0.000000,0.000000,0.000000,0.000000,0.000000,0.000000,0.000000,0.000000,0,0,0,0,0
228,0,14.121799,1.582652,1.581801,0.000041,0.127747,0.914931,0.911251,1.157545,1.214630,4.819855,4.680172,2.959985,0.996280,0.000064,0.000034,1.271237,0.000003,0.072669,0.000448,0.077871,0.000000,0.000000,0.000000,0,0,0.000000,0.000000,0.000000,0.000000,0.000000,0.000000,0.000000,0.000000,0.000000,0.000000,0.000000,0.000000,0.000000,0.000000,0,0,0,0,0,0.000000,0.000000,0.000000,0.000000,0.000000,0.000000,0.000000,0.000000,0,0,0,0,0
229,0,12.675300,0.000810,0.000000,0.000041,0.126255,0.916209,0.912530,1.143677,1.220435,4.825894,4.686211,2.975884,1.029744,0.000064,0.000034,1.392917,0.000003,0.072669,0.000448,0.054023,0.000000,0.000000,0.000000,0,0,0.000000,0.000000,0.000000,0.000000,0.000000,0.000000,0.000000,0.000000,0.000000,0.000000,0.000000,0.000000,0.000000,0.000000,0,0,0,0,0,0.000000,0.000000,0.000000,0.000000,0.000000,0.000000,0.000000,0.000000,0,0,0,0,0
230,0,14.080682,1.478095,1.477244,0.000041,0.127747,0.919939,0.916260,1.142351,1.191813,4.871416,4.695279,2.958801,1.023794,0.000064,0.000034,1.317301,0.000003,0.072669,0.000448,0.065206,0.000000,0.000000,0.000000,0,0,0.000000,0.000000,0.000000,0.000000,0.000000,0.000000,0.000000,0.000000,0.000000,0.000000,0.000000,0.000000,0.000000,0.000000,0,0,0,0,0,0.000000,0.000000,0.000000,0.000000,0.000000,0.000000,0.000000,0.000000,0,0,0,0,0
231,0,12.723914,0.000810,0.000000,0.000041,0.126255,0.920149,0.916470,1.135444,1.211372,4.823327,4.683645,2.961294,0.990696,0.000064,0.000034,1.472046,0.000003,0.072669,0.000448,0.082676,0.000000,0.000000,0.000000,0,0,0.000000,0.000000,0.000000,0.000000,0.000000,0.000000,0.000000,0.000000,0.000000,0.000000,0.000000,0.000000,0.000000,0.000000,0,0,0,0,0,0.000000,0.000000,0.000000,0.000000,0.000000,0.000000,0.000000,0.000000,0,0,0,0,0
232,0,14.131924,1.591482,1.590630,0.000041,0.127747,0.920997,0.917318,1.144040,1.204027,4.834496,4.694814,2.961531,0.990963,0.000064,0.000034,1.254422,0.000003,0.092634,0.000448,0.062720,0.000000,0.000000,0.000000,0,0,0.000000,0.000000,0.000000,0.000000,0.000000,0.000000,0.000000,0.000000,0.000000,0.000000,0.000000,0.000000,0.000000,0.000000,0,0,0,0,0,0.000000,0.000000,0.000000,0.000000,0.000000,0.000000,0.000000,0.000000,0,0,0,0,0
233,0,12.542189,0.000810,0.000000,0.000041,0.126255,0.924432,0.920753,1.152466,1.196025,4.864753,4.725071,2.963348,0.992218,0.000064,0.000034,1.225484,0.000003,0.088067,0.000448,0.084591,0.000000,0.000000,0.000000,0,0,0.000000,0.000000,0.000000,0.000000,0.000000,0.000000,0.000000,0.000000,0.000000,0.000000,0.000000,0.000000,0.000000,0.000000,0,0,0,0,0,0.000000,0.000000,0.000000,0.000000,0.000000,0.000000,0.000000,0.000000,0,0,0,0,0
234,0,14.161018,1.766279,1.765428,0.000041,0.127747,0.920553,0.916874,1.144840,1.184994,4.868432,4.728750,2.937266,0.987037,0.000064,0.000034,1.137689,0.000003,0.072669,0.000448,0.052565,0.000000,0.000000,0.000000,0,0,0.000000,0.000000,0.000000,0.000000,0.000000,0.000000,0.000000,0.000000,0.000000,0.000000,0.000000,0.000000,0.000000,0.000000,0,0,0,0,0,0.000000,0.000000,0.000000,0.000000,0.000000,0.000000,0.000000,0.000000,0,0,0,0,0
235,0,12.513435,0.000810,0.000000,0.000041,0.138479,0.897081,0.893402,1.177338,1.184492,4.822289,4.682607,2.969235,0.983992,0.000064,0.000034,1.250492,0.000003,0.072669,0.000448,0.148882,0.000000,0.000000,0.000000,0,0,0.000000,0.000000,0.000000,0.000000,0.000000,0.000000,0.000000,0.000000,0.000000,0.000000,0.000000,0.000000,0.000000,0.000000,0,0,0,0,0,0.000000,0.000000,0.000000,0.000000,0.000000,0.000000,0.000000,0.000000,0,0,0,0,0
236,0,14.497257,1.802572,1.801721,0.000041,0.127747,0.932139,0.928460,1.157369,1.205899,4.833123,4.693441,2.959290,1.004517,0.000064,0.000034,1.405901,0.000003,0.072669,0.000448,0.070706,0.000000,0.000000,0.000000,0,0,0.000000,0.000000,0.000000,0.000000,0.000000,0.000000,0.000000,0.000000,0.000000,0.000000,0.000000,0.000000,0.000000,0.000000,0,0,0,0,0,0.000000,0.000000,0.000000,0.000000,0.000000,0.000000,0.000000,0.000000,0,0,0,0,0
237,0,12.788757,0.000810,0.000000,0.000041,0.158542,0.901920,0.898241,1.168708,1.180515,4.867106,4.727424,2.945638,0.971985,0.000064,0.000034,1.492299,0.000003,0.072669,0.000448,0.079912,0.000000,0.000000,0.000000,0,0,0.000000,0.000000,0.000000,0.000000,0.000000,0.000000,0.000000,0.000000,0.000000,0.000000,0.000000,0.000000,0.000000,0.000000,0,0,0,0,0,0.000000,0.000000,0.000000,0.000000,0.000000,0.000000,0.000000,0.000000,0,0,0,0,0
238,0,14.074697,1.580173,1.579322,0.000041,0.127747,0.941810,0.938131,1.121792,1.197184,4.827460,4.687778,2.955512,0.985670,0.000064,0.000034,1.249800,0.000003,0.072669,0.000448,0.066349,0.000000,0.000000,0.000000,0,0,0.000000,0.000000,0.000000,0.000000,0.000000,0.000000,0.000000,0.000000,0.000000,0.000000,0.000000,0.000000,0.000000,0.000000,0,0,0,0,0,0.000000,0.000000,0.000000,0.000000,0.000000,0.000000,0.000000,0.000000,0,0,0,0,0
239,0,12.520352,0.000810,0.000000,0.000041,0.143894,0.936462,0.932783,1.116384,1.202566,4.852532,4.677989,2.964172,0.972555,0.000064,0.000034,1.207862,0.000003,0.095120,0.000448,0.063297,0.000000,0.000000,0.000000,0,0,0.000000,0.000000,0.000000,0.000000,0.000000,0.000000,0.000000,0.000000,0.000000,0.000000,0.000000,0.000000,0.000000,0.000000,0,0,0,0,0,0.000000,0.000000,0.000000,0.000000,0.000000,0.000000,0.000000,0.000000,0,0,0,0,0
240,0,14.418135,1.879198,1.878347,0.000041,0.140893,0.909536,0.905857,1.152700,1.202460,4.824771,4.685089,2.980920,0.973317,0.000064,0.000034,1.254439,0.000003,0.072669,0.000448,0.059872,0.000000,0.000000,0.000000,0,0,0.000000,0.000000,0.000000,0.000000,0.000000,0.000000,0.000000,0.000000,0.000000,0.000000,0.000000,0.000000,0.000000,0.000000,0,0,0,0,0,0.000000,0.000000,0.000000,0.000000,0.000000,0.000000,0.000000,0.000000,0,0,0,0,0
241,0,12.581319,0.000810,0.000000,0.000041,0.126255,0.943827,0.940148,1.130466,1.203234,4.850460,4.710778,2.986182,0.992984,0.000064,0.000034,1.266866,0.000003,0.072669,0.000448,0.062500,0.000000,0.000000,0.000000,0,0,0.000000,0.000000,0.000000,0.000000,0.000000,0.000000,0.000000,0.000000,0.000000,0.000000,0.000000,0.000000,0.000000,0.000000,0,0,0,0,0,0.000000,0.000000,0.000000,0.000000,0.000000,0.000000,0.000000,0.000000,0,0,0,0,0
242,0,14.091614,1.478132,1.477281,0.000041,0.127747,0.920508,0.916829,1.153161,1.198741,4.845873,4.706190,2.944021,0.968530,0.000064,0.000034,1.350213,0.000003,0.072669,0.000448,0.051446,0.000000,0.000000,0.000000,0,0,0.000000,0.000000,0.000000,0.000000,0.000000,0.000000,0.000000,0.000000,0.000000,0.000000,0.000000,0.000000,0.000000,0.000000,0,0,0,0,0,0.000000,0.000000,0.000000,0.000000,0.000000,0.000000,0.000000,0.000000,0,0,0,0,0
243,0,12.568868,0.000810,0.000000,0.000041,0.126255,0.932119,0.928440,1.120212,1.200887,4.850494,4.696381,2.985016,1.024940,0.000064,0.000034,1.279856,0.000003,0.072669,0.000448,0.116862,0.000000,0.000000,0.000000,0,0,0.000000,0.000000,0.000000,0.000000,0.000000,0.000000,0.000000,0.000000,0.000000,0.000000,0.000000,0.000000,0.000000,0.000000,0,0,0,0,0,0.000000,0.000000,0.000000,0.000000,0.000000,0.000000,0.000000,0.000000,0,0,0,0,0
244,0,14.197418,1.592397,1.591546,0.000041,0.127747,0.914361,0.910682,1.144596,1.198978,4.841485,4.701803,2.953813,1.012265,0.000064,0.000034,1.332662,0.000003,0.090830,0.000448,0.069044,0.000000,0.000000,0.000000,0,0,0.000000,0.000000,0.000000,0.000000,0.000000,0.000000,0.000000,0.000000,0.000000,0.000000,0.000000,0.000000,0.000000,0.000000,0,0,0,0,0,0.000000,0.000000,0.000000,0.000000,0.000000,0.000000,0.000000,0.000000,0,0,0,0,0
245,0,12.493920,0.000810,0.000000,0.000041,0.126255,0.917630,0.913951,1.148068,1.228634,4.823992,4.684309,2.974013,1.025709,0.000064,0.000034,1.201301,0.000003,0.072669,0.000448,0.072995,0.000000,0.000000,0.000000,0,0,0.000000,0.000000,0.000000,0.000000,0.000000,0.000000,0.000000,0.000000,0.000000,0.000000,0.000000,0.000000,0.000000,0.000000,0,0,0,0,0,0.000000,0.000000,0.000000,0.000000,0.000000,0.000000,0.000000,0.000000,0,0,0,0,0
246,0,14.351515,1.832262,1.831411,0.000041,0.127747,0.926951,0.923272,1.143619,1.187266,4.868069,4.728387,2.944244,0.971670,0.000064,0.000034,1.248138,0.000003,0.072669,0.000448,0.061856,0.000000,0.000000,0.000000,0,0,0.000000,0.000000,0.000000,0.000000,0.000000,0.000000,0.000000,0.000000,0.000000,0.000000,0.000000,0.000000,0.000000,0.000000,0,0,0,0,0,0.000000,0.000000,0.000000,0.000000,0.000000,0.000000,0.000000,0.000000,0,0,0,0,0
247,0,12.530033,0.000810,0.000000,0.000041,0.126255,0.920152,0.916473,1.150197,1.226142,4.832136,4.692454,2.958486,0.983242,0.000064,0.000034,1.220262,0.000003,0.095042,0.000448,0.093018,0.000000,0.000000,0.000000,0,0,0.000000,0.000000,0.000000,0.000000,0.000000,0.000000,0.000000,0.000000,0.000000,0.000000,0.000000,0.000000,0.000000,0.000000,0,0,0,0,0,0.000000,0.000000,0.000000,0.000000,0.000000,0.000000,0.000000,0.000000,0,0,0,0,0
248,0,14.148153,1.613539,1.612688,0.000041,0.127747,0.920637,0.916958,1.157888,1.186008,4.851366,4.711683,2.953990,0.978278,0.000064,0.000034,1.263760,0.000003,0.072669,0.000448,0.046478,0.000000,0.000000,0.000000,0,0,0.000000,0.000000,0.000000,0.000000,0.000000,0.000000,0.000000,0.000000,0.000000,0.000000,0.000000,0.000000,0.000000,0.000000,0,0,0,0,0,0.000000,0.000000,0.000000,0.000000,0.000000,0.000000,0.000000,0.000000,0,0,0,0,0
249,0,12.750824,0.000810,0.000000,0.000041,0.126255,0.916239,0.912560,1.151879,1.199931,4.857934,4.718252,2.966041,0.996229,0.000064,0.000034,1.458516,0.000003,0.072669,0.000448,0.082676,0.000000,0.000000,0.000000,0,0,0.000000,0.000000,0.000000,0.000000,0.000000,0.000000,0.000000,0.000000,0.000000,0.000000,0.000000,0.000000,0.000000,0.000000,0,0,0,0,0,0.000000,0.000000,0.000000,0.000000,0.000000,0.000000,0.000000,0.000000,0,0,0,0,0
250,0,13.945831,1.499630,1.498779,0.000041,0.127747,0.939948,0.936269,1.128137,1.218852,4.811557,4.669959,2.972443,0.980340,0.000064,0.000034,1.174299,0.000003,0.072669,0.000448,0.061788,0.000000,0.000000,0.000000,0,0,0.000000,0.000000,0.000000,0.000000,0.000000,0.000000,0.000000,0.000000,0.000000,0.000000,0.000000,0.000000,0.000000,0.000000,0,0,0,0,0,0.000000,0.000000,0.000000,0.000000,0.000000,0.000000,0.000000,0.000000,0,0,0,0,0
251,0,12.624447,0.000810,0.000000,0.000041,0.144023,0.898722,0.895043,1.159237,1.189328,4.825897,4.686215,2.955048,0.982222,0.000064,0.000034,1.378164,0.000003,0.072669,0.000448,0.076758,0.000000,0.000000,0.000000,0,0,0.000000,0.000000,0.000000,0.000000,0.000000,0.000000,0.000000,0.000000,0.000000,0.000000,0.000000,0.000000,0.000000,0.000000,0,0,0,0,0,0.000000,0.000000,0.000000,0.000000,0.000000,0.000000,0.000000,0.000000,0,0,0,0,0
252,0,14.303012,1.821960,1.821109,0.000041,0.127747,0.934770,0.931091,1.147488,1.201202,4.809102,4.669420,2.962616,1.002414,0.000064,0.000034,1.224908,0.000003,0.072669,0.000448,0.060923,0.000000,0.000000,0.000000,0,0,0.000000,0.000000,0.000000,0.000000,0.000000,0.000000,0.000000,0.000000,0.000000,0.000000,0.000000,0.000000,0.000000,0.000000,0,0,0,0,0,0.000000,0.000000,0.000000,0.000000,0.000000,0.000000,0.000000,0.000000,0,0,0,0,0
253,0,12.796007,0.000810,0.000000,0.000041,0.165755,0.897085,0.893405,1.155189,1.187795,4.868964,4.712952,2.951338,0.992452,0.000064,0.000034,1.495853,0.000003,0.072669,0.000448,0.095242,0.000000,0.000000,0.000000,0,0,0.000000,0.000000,0.000000,0.000000,0.000000,0.000000,0.000000,0.000000,0.000000,0.000000,0.000000,0.000000,0.000000,0.000000,0,0,0,0,0,0.000000,0.000000,0.000000,0.000000,0.000000,0.000000,0.000000,0.000000,0,0,0,0,0
254,0,14.184753,1.613400,1.612549,0.000041,0.127747,0.934082,0.930403,1.131544,1.202084,4.850498,4.710815,2.955895,0.973779,0.000064,0.000034,1.296285,0.000003,0.072669,0.000448,0.061839,0.000000,0.000000,0.000000,0,0,0.000000,0.000000,0.000000,0.000000,0.000000,0.000000,0.000000,0.000000,0.000000,0.000000,0.000000,0.000000,0.000000,0.000000,0,0,0,0,0,0.000000,0.000000,0.000000,0.000000,0.000000,0.000000,0.000000,0.000000,0,0,0,0,0
255,0,12.646630,0.000810,0.000000,0.000041,0.126255,0.939212,0.935533,1.123054,1.205617,4.841546,4.701864,2.963915,0.977603,0.000064,0.000034,1.373003,0.000003,0.072669,0.000448,0.082676,0.000000,0.000000,0.000000,0,0,0.000000,0.000000,0.000000,0.000000,0.000000,0.000000,0.000000,0.000000,0.000000,0.000000,0.000000,0.000000,0.000000,0.000000,0,0,0,0,0,0.000000,0.000000,0.000000,0.000000,0.000000,0.000000,0.000000,0.000000,0,0,0,0,0
256,0,14.176103,1.656850,1.655999,0.000041,0.127747,0.930440,0.926761,1.124132,1.217448,4.827572,4.687890,2.982303,1.008287,0.000064,0.000034,1.236393,0.000003,0.072669,0.000448,0.054905,0.000000,0.000000,0.000000,0,0,0.000000,0.000000,0.000000,0.000000,0.000000,0.000000,0.000000,0.000000,0.000000,0.000000,0.000000,0.000000,0.000000,0.000000,0,0,0,0,0,0.000000,0.000000,0.000000,0.000000,0.000000,0.000000,0.000000,0.000000,0,0,0,0,0
257,0,12.623888,0.000810,0.000000,0.000041,0.126255,0.933685,0.930006,1.127977,1.200890,4.858073,4.718391,2.964362,0.988193,0.000064,0.000034,1.338616,0.000003,0.072669,0.000448,0.095188,0.000000,0.000000,0.000000,0,0,0.000000,0.000000,0.000000,0.000000,0.000000,0.000000,0.000000,0.000000,0.000000,0.000000,0.000000,0.000000,0.000000,0.000000,0,0,0,0,0,0.000000,0.000000,0.000000,0.000000,0.000000,0.000000,0.000000,0.000000,0,0,0,0,0
258,0,14.257226,1.766554,1.765703,0.000041,0.127747,0.928413,0.924733,1.131361,1.221775,4.832594,4.692912,2.972192,0.992459,0.000064,0.000034,1.181000,0.000003,0.095042,0.000448,0.090424,0.000000,0.000000,0.000000,0,0,0.000000,0.000000,0.000000,0.000000,0.000000,0.000000,0.000000,0.000000,0.000000,0.000000,0.000000,0.000000,0.000000,0.000000,0,0,0,0,0,0.000000,0.000000,0.000000,0.000000,0.000000,0.000000,0.000000,0.000000,0,0,0,0,0
259,0,12.476566,0.000810,0.000000,0.000041,0.126255,0.926690,0.923011,1.133026,1.209235,4.850003,4.710320,2.978600,1.007697,0.000064,0.000034,1.178728,0.000003,0.072669,0.000448,0.072232,0.000000,0.000000,0.000000,0,0,0.000000,0.000000,0.000000,0.000000,0.000000,0.000000,0.000000,0.000000,0.000000,0.000000,0.000000,0.000000,0.000000,0.000000,0,0,0,0,0,0.000000,0.000000,0.000000,0.000000,0.000000,0.000000,0.000000,0.000000,0,0,0,0,0
260,0,14.320228,1.815684,1.814833,0.000041,0.147115,0.901401,0.897722,1.165856,1.209032,4.833923,4.681797,2.962070,1.009898,0.000064,0.000034,1.211928,0.000003,0.072669,0.000448,0.057804,0.000000,0.000000,0.000000,0,0,0.000000,0.000000,0.000000,0.000000,0.000000,0.000000,0.000000,0.000000,0.000000,0.000000,0.000000,0.000000,0.000000,0.000000,0,0,0,0,0,0.000000,0.000000,0.000000,0.000000,0.000000,0.000000,0.000000,0.000000,0,0,0,0,0
261,0,12.462674,0.000810,0.000000,0.000041,0.126255,0.917650,0.913971,1.141300,1.223836,4.830163,4.690481,2.969723,1.015235,0.000064,0.000034,1.179718,0.000003,0.072669,0.000448,0.153737,0.000000,0.000000,0.000000,0,0,0.000000,0.000000,0.000000,0.000000,0.000000,0.000000,0.000000,0.000000,0.000000,0.000000,0.000000,0.000000,0.000000,0.000000,0,0,0,0,0,0.000000,0.000000,0.000000,0.000000,0.000000,0.000000,0.000000,0.000000,0,0,0,0,0
262,0,14.476552,1.967706,1.966855,0.000041,0.127747,0.922852,0.919172,1.140635,1.192413,4.834205,4.694522,2.958950,0.999207,0.000064,0.000034,1.258826,0.000003,0.072669,0.000448,0.061839,0.000000,0.000000,0.000000,0,0,0.000000,0.000000,0.000000,0.000000,0.000000,0.000000,0.000000,0.000000,0.000000,0.000000,0.000000,0.000000,0.000000,0.000000,0,0,0,0,0,0.000000,0.000000,0.000000,0.000000,0.000000,0.000000,0.000000,0.000000,0,0,0,0,0
263,0,12.466109,0.000810,0.000000,0.000041,0.126255,0.915836,0.912157,1.144480,1.213294,4.846907,4.693044,2.964176,0.992655,0.000064,0.000034,1.181132,0.000003,0.072669,0.000448,0.088314,0.000000,0.000000,0.000000,0,0,0.000000,0.000000,0.000000,0.000000,0.000000,0.000000,0.000000,0.000000,0.000000,0.000000,0.000000,0.000000,0.000000,0.000000,0,0,0,0,0,0.000000,0.000000,0.000000,0.000000,0.000000,0.000000,0.000000,0.000000,0,0,0,0,0
264,0,14.153727,1.759366,1.758514,0.000041,0.127747,0.914029,0.910350,1.149757,1.182115,4.875007,4.714420,2.950216,0.992499,0.000064,0.000034,1.122274,0.000003,0.072669,0.000448,0.051344,0.000000,0.000000,0.000000,0,0,0.000000,0.000000,0.000000,0.000000,0.000000,0.000000,0.000000,0.000000,0.000000,0.000000,0.000000,0.000000,0.000000,0.000000,0,0,0,0,0,0.000000,0.000000,0.000000,0.000000,0.000000,0.000000,0.000000,0.000000,0,0,0,0,0
265,0,12.811039,0.000810,0.000000,0.000041,0.126255,0.914775,0.911096,1.150709,1.204430,4.859378,4.719696,2.963182,0.995385,0.000064,0.000034,1.518280,0.000003,0.072669,0.000448,0.097120,0.000000,0.000000,0.000000,0,0,0.000000,0.000000,0.000000,0.000000,0.000000,0.000000,0.000000,0.000000,0.000000,0.000000,0.000000,0.000000,0.000000,0.000000,0,0,0,0,0,0.000000,0.000000,0.000000,0.000000,0.000000,0.000000,0.000000,0.000000,0,0,0,0,0
266,0,14.118727,1.467692,1.466841,0.000041,0.127747,0.943536,0.939857,1.130924,1.214440,4.836155,4.696472,2.975789,0.983215,0.000064,0.000034,1.349226,0.000003,0.072669,0.000448,0.065026,0.000000,0.000000,0.000000,0,0,0.000000,0.000000,0.000000,0.000000,0.000000,0.000000,0.000000,0.000000,0.000000,0.000000,0.000000,0.000000,0.000000,0.000000,0,0,0,0,0,0.000000,0.000000,0.000000,0.000000,0.000000,0.000000,0.000000,0.000000,0,0,0,0,0
267,0,12.587636,0.000810,0.000000,0.000041,0.146857,0.901940,0.898261,1.165639,1.183051,4.829566,4.689884,2.956774,0.987512,0.000064,0.000034,1.329780,0.000003,0.072669,0.000448,0.061839,0.000000,0.000000,0.000000,0,0,0.000000,0.000000,0.000000,0.000000,0.000000,0.000000,0.000000,0.000000,0.000000,0.000000,0.000000,0.000000,0.000000,0.000000,0,0,0,0,0,0.000000,0.000000,0.000000,0.000000,0.000000,0.000000,0.000000,0.000000,0,0,0,0,0
268,0,14.547217,1.871165,1.870314,0.000041,0.143175,0.919383,0.915704,1.137685,1.202410,4.850532,4.696896,2.959941,1.004456,0.000064,0.000034,1.389709,0.000003,0.072669,0.000448,0.048716,0.000000,0.000000,0.000000,0,0,0.000000,0.000000,0.000000,0.000000,0.000000,0.000000,0.000000,0.000000,0.000000,0.000000,0.000000,0.000000,0.000000,0.000000,0,0,0,0,0,0.000000,0.000000,0.000000,0.000000,0.000000,0.000000,0.000000,0.000000,0,0,0,0,0
269,0,12.572069,0.000810,0.000000,0.000041,0.160068,0.901506,0.897827,1.156850,1.188073,4.866784,4.727102,2.953288,0.970120,0.000064,0.000034,1.271471,0.000003,0.072669,0.000448,0.075589,0.000000,0.000000,0.000000,0,0,0.000000,0.000000,0.000000,0.000000,0.000000,0.000000,0.000000,0.000000,0.000000,0.000000,0.000000,0.000000,0.000000,0.000000,0,0,0,0,0,0.000000,0.000000,0.000000,0.000000,0.000000,0.000000,0.000000,0.000000,0,0,0,0,0
270,0,14.274997,1.578057,1.577206,0.000041,0.127747,0.938931,0.935252,1.124424,1.203352,4.851878,4.712196,2.948283,0.971954,0.000064,0.000034,1.429108,0.000003,0.072669,0.000448,0.056559,0.000000,0.000000,0.000000,0,0,0.000000,0.000000,0.000000,0.000000,0.000000,0.000000,0.000000,0.000000,0.000000,0.000000,0.000000,0.000000,0.000000,0.000000,0,0,0,0,0,0.000000,0.000000,0.000000,0.000000,0.000000,0.000000,0.000000,0.000000,0,0,0,0,0
271,0,12.510349,0.000810,0.000000,0.000041,0.126255,0.930603,0.926924,1.132704,1.200745,4.847592,4.707909,2.970727,0.971280,0.000064,0.000034,1.227695,0.000003,0.072669,0.000448,0.068926,0.000000,0.000000,0.000000,0,0,0.000000,0.000000,0.000000,0.000000,0.000000,0.000000,0.000000,0.000000,0.000000,0.000000,0.000000,0.000000,0.000000,0.000000,0,0,0,0,0,0.000000,0.000000,0.000000,0.000000,0.000000,0.000000,0.000000,0.000000,0,0,0,0,0
272,0,14.025323,1.499664,1.498813,0.000041,0.127747,0.933367,0.929688,1.120551,1.211192,4.861508,4.721825,2.951575,0.983409,0.000064,0.000034,1.246501,0.000003,0.072669,0.000448,0.072266,0.000000,0.000000,0.000000,0,0,0.000000,0.000000,0.000000,0.000000,0.000000,0.000000,0.000000,0.000000,0.000000,0.000000,0.000000,0.000000,0.000000,0.000000,0,0,0,0,0,0.000000,0.000000,0.000000,0.000000,0.000000,0.000000,0.000000,0.000000,0,0,0,0,0
273,0,12.813995,0.000810,0.000000,0.000041,0.126255,0.936093,0.932414,1.129656,1.206468,4.850776,4.696937,2.969438,0.983934,0.000064,0.000034,1.521281,0.000003,0.072669,0.000448,0.083744,0.000000,0.000000,0.000000,0,0,0.000000,0.000000,0.000000,0.000000,0.000000,0.000000,0.000000,0.000000,0.000000,0.000000,0.000000,0.000000,0.000000,0.000000,0,0,0,0,0,0.000000,0.000000,0.000000,0.000000,0.000000,0.000000,0.000000,0.000000,0,0,0,0,0
274,0,13.989285,1.491523,1.490672,0.000041,0.127747,0.919776,0.916097,1.137573,1.208018,4.825707,4.686025,2.948354,0.970849,0.000064,0.000034,1.257368,0.000003,0.072669,0.000448,0.055905,0.000000,0.000000,0.000000,0,0,0.000000,0.000000,0.000000,0.000000,0.000000,0.000000,0.000000,0.000000,0.000000,0.000000,0.000000,0.000000,0.000000,0.000000,0,0,0,0,0,0.000000,0.000000,0.000000,0.000000,0.000000,0.000000,0.000000,0.000000,0,0,0,0,0
275,0,12.399994,0.000810,0.000000,0.000041,0.126255,0.938707,0.935028,1.129130,1.200728,4.851783,4.712101,2.976783,1.006490,0.000064,0.000034,1.102580,0.000003,0.072669,0.000448,0.055074,0.000000,0.000000,0.000000,0,0,0.000000,0.000000,0.000000,0.000000,0.000000,0.000000,0.000000,0.000000,0.000000,0.000000,0.000000,0.000000,0.000000,0.000000,0,0,0,0,0,0.000000,0.000000,0.000000,0.000000,0.000000,0.000000,0.000000,0.000000,0,0,0,0,0
276,0,14.218957,1.743703,1.742852,0.000041,0.150119,0.902164,0.898485,1.157539,1.210388,4.789324,4.649641,2.977342,0.973779,0.000064,0.000034,1.192786,0.000003,0.095042,0.000448,0.050310,0.000000,0.000000,0.000000,0,0,0.000000,0.000000,0.000000,0.000000,0.000000,0.000000,0.000000,0.000000,0.000000,0.000000,0.000000,0.000000,0.000000,0.000000,0,0,0,0,0,0.000000,0.000000,0.000000,0.000000,0.000000,0.000000,0.000000,0.000000,0,0,0,0,0
277,0,12.658685,0.000810,0.000000,0.000041,0.126255,0.915544,0.911865,1.146094,1.214983,4.826982,4.687300,2.971463,1.026035,0.000064,0.000034,1.383335,0.000003,0.072669,0.000448,0.063704,0.000000,0.000000,0.000000,0,0,0.000000,0.000000,0.000000,0.000000,0.000000,0.000000,0.000000,0.000000,0.000000,0.000000,0.000000,0.000000,0.000000,0.000000,0,0,0,0,0,0.000000,0.000000,0.000000,0.000000,0.000000,0.000000,0.000000,0.000000,0,0,0,0,0
278,0,14.001933,1.576416,1.575565,0.000041,0.127747,0.915677,0.911997,1.140632,1.205475,4.856903,4.717221,2.962782,1.014570,0.000064,0.000034,1.143083,0.000003,0.072669,0.000448,0.051429,0.000000,0.000000,0.000000,0,0,0.000000,0.000000,0.000000,0.000000,0.000000,0.000000,0.000000,0.000000,0.000000,0.000000,0.000000,0.000000,0.000000,0.000000,0,0,0,0,0,0.000000,0.000000,0.000000,0.000000,0.000000,0.000000,0.000000,0.000000,0,0,0,0,0
279,0,12.497260,0.000810,0.000000,0.000041,0.126255,0.919725,0.916046,1.139547,1.216153,4.843319,4.703637,2.960626,0.990468,0.000064,0.000034,1.217607,0.000003,0.072669,0.000448,0.061832,0.000000,0.000000,0.000000,0,0,0.000000,0.000000,0.000000,0.000000,0.000000,0.000000,0.000000,0.000000,0.000000,0.000000,0.000000,0.000000,0.000000,0.000000,0,0,0,0,0,0.000000,0.000000,0.000000,0.000000,0.000000,0.000000,0.000000,0.000000,0,0,0,0,0
280,0,13.945282,1.487949,1.487098,0.000041,0.127747,0.921875,0.918196,1.140934,1.198025,4.850135,4.689918,2.966949,1.003903,0.000064,0.000034,1.178450,0.000003,0.072669,0.000448,0.061856,0.000000,0.000000,0.000000,0,0,0.000000,0.000000,0.000000,0.000000,0.000000,0.000000,0.000000,0.000000,0.000000,0.000000,0.000000,0.000000,0.000000,0.000000,0,0,0,0,0,0.000000,0.000000,0.000000,0.000000,0.000000,0.000000,0.000000,0.000000,0,0,0,0,0
281,0,12.599297,0.000810,0.000000,0.000041,0.126255,0.924672,0.920993,1.153042,1.208856,4.856530,4.716848,2.979499,0.992622,0.000064,0.000034,1.276415,0.000003,0.072669,0.000448,0.069265,0.000000,0.000000,0.000000,0,0,0.000000,0.000000,0.000000,0.000000,0.000000,0.000000,0.000000,0.000000,0.000000,0.000000,0.000000,0.000000,0.000000,0.000000,0,0,0,0,0,0.000000,0.000000,0.000000,0.000000,0.000000,0.000000,0.000000,0.000000,0,0,0,0,0
282,0,13.996911,1.465240,1.464389,0.000041,0.127747,0.936595,0.932916,1.132521,1.223518,4.821560,4.681878,2.986291,1.013014,0.000064,0.000034,1.212162,0.000003,0.090729,0.000448,0.058499,0.000000,0.000000,0.000000,0,0,0.000000,0.000000,0.000000,0.000000,0.000000,0.000000,0.000000,0.000000,0.000000,0.000000,0.000000,0.000000,0.000000,0.000000,0,0,0,0,0,0.000000,0.000000,0.000000,0.000000,0.000000,0.000000,0.000000,0.000000,0,0,0,0,0
283,0,12.374098,0.000810,0.000000,0.000041,0.145854,0.902825,0.899146,1.147871,1.187497,4.827226,4.687544,2.961660,0.983327,0.000064,0.000034,1.127136,0.000003,0.072669,0.000448,0.062395,0.000000,0.000000,0.000000,0,0,0.000000,0.000000,0.000000,0.000000,0.000000,0.000000,0.000000,0.000000,0.000000,0.000000,0.000000,0.000000,0.000000,0.000000,0,0,0,0,0,0.000000,0.000000,0.000000,0.000000,0.000000,0.000000,0.000000,0.000000,0,0,0,0,0
284,0,14.236416,1.674052,1.673201,0.000041,0.127747,0.939999,0.936320,1.124156,1.202705,4.843679,4.691647,2.981079,1.011709,0.000064,0.000034,1.269782,0.000003,0.072669,0.000448,0.048716,0.000000,0.000000,0.000000,0,0,0.000000,0.000000,0.000000,0.000000,0.000000,0.000000,0.000000,0.000000,0.000000,0.000000,0.000000,0.000000,0.000000,0.000000,0,0,0,0,0,0.000000,0.000000,0.000000,0.000000,0.000000,0.000000,0.000000,0.000000,0,0,0,0,0
285,0,12.702220,0.000810,0.000000,0.000041,0.169630,0.920993,0.917314,1.142449,1.178782,4.888116,4.734155,2.932634,0.971968,0.000064,0.000034,1.395586,0.000003,0.072669,0.000448,0.072249,0.000000,0.000000,0.000000,0,0,0.000000,0.000000,0.000000,0.000000,0.000000,0.000000,0.000000,0.000000,0.000000,0.000000,0.000000,0.000000,0.000000,0.000000,0,0,0,0,0,0.000000,0.000000,0.000000,0.000000,0.000000,0.000000,0.000000,0.000000,0,0,0,0,0
286,0,14.236932,1.759335,1.758484,0.000041,0.127747,0.951508,0.947829,1.124800,1.221537,4.827369,4.665236,2.965658,1.007619,0.000064,0.000034,1.185760,0.000003,0.072669,0.000448,0.084924,0.000000,0.000000,0.000000,0,0,0.000000,0.000000,0.000000,0.000000,0.000000,0.000000,0.000000,0.000000,0.000000,0.000000,0.000000,0.000000,0.000000,0.000000,0,0,0,0,0,0.000000,0.000000,0.000000,0.000000,0.000000,0.000000,0.000000,0.000000,0,0,0,0,0
287,0,12.558787,0.000810,0.000000,0.000041,0.126255,0.932312,0.928633,1.129476,1.221208,4.851793,4.712111,2.973362,0.987444,0.000064,0.000034,1.250353,0.000003,0.072669,0.000448,0.068434,0.000000,0.000000,0.000000,0,0,0.000000,0.000000,0.000000,0.000000,0.000000,0.000000,0.000000,0.000000,0.000000,0.000000,0.000000,0.000000,0.000000,0.000000,0,0,0,0,0,0.000000,0.000000,0.000000,0.000000,0.000000,0.000000,0.000000,0.000000,0,0,0,0,0
288,0,14.605577,1.956248,1.955397,0.000041,0.146142,0.935862,0.932183,1.127574,1.208499,4.823568,4.683885,2.969672,0.973779,0.000064,0.000034,1.342363,0.000003,0.095100,0.000448,0.060262,0.000000,0.000000,0.000000,0,0,0.000000,0.000000,0.000000,0.000000,0.000000,0.000000,0.000000,0.000000,0.000000,0.000000,0.000000,0.000000,0.000000,0.000000,0,0,0,0,0,0.000000,0.000000,0.000000,0.000000,0.000000,0.000000,0.000000,0.000000,0,0,0,0,0
289,0,12.455682,0.000810,0.000000,0.000041,0.126255,0.939562,0.935883,1.129395,1.184869,4.854146,4.714464,2.982832,0.990902,0.000064,0.000034,1.164595,0.000003,0.072669,0.000448,0.061839,0.000000,0.000000,0.000000,0,0,0.000000,0.000000,0.000000,0.000000,0.000000,0.000000,0.000000,0.000000,0.000000,0.000000,0.000000,0.000000,0.000000,0.000000,0,0,0,0,0,0.000000,0.000000,0.000000,0.000000,0.000000,0.000000,0.000000,0.000000,0,0,0,0,0
290,0,14.305769,1.802836,1.801985,0.000041,0.150119,0.919729,0.916050,1.140225,1.199076,4.813992,4.674310,2.991038,0.996229,0.000064,0.000034,1.215535,0.000003,0.072669,0.000448,0.054362,0.000000,0.000000,0.000000,0,0,0.000000,0.000000,0.000000,0.000000,0.000000,0.000000,0.000000,0.000000,0.000000,0.000000,0.000000,0.000000,0.000000,0.000000,0,0,0,0,0,0.000000,0.000000,0.000000,0.000000,0.000000,0.000000,0.000000,0.000000,0,0,0,0,0
291,0,12.646132,0.000810,0.000000,0.000041,0.126255,0.934984,0.931305,1.122284,1.206953,4.838579,4.681810,2.968604,0.997440,0.000064,0.000034,1.361121,0.000003,0.085992,0.000448,0.077471,0.000000,0.000000,0.000000,0,0,0.000000,0.000000,0.000000,0.000000,0.000000,0.000000,0.000000,0.000000,0.000000,0.000000,0.000000,0.000000,0.000000,0.000000,0,0,0,0,0,0.000000,0.000000,0.000000,0.000000,0.000000,0.000000,0.000000,0.000000,0,0,0,0,0
292,0,14.712396,2.026716,2.025865,0.000041,0.127747,0.937005,0.933326,1.129154,1.225104,4.833188,4.693505,2.970652,1.022325,0.000064,0.000034,1.372477,0.000003,0.089803,0.000448,0.055142,0.000000,0.000000,0.000000,0,0,0.000000,0.000000,0.000000,0.000000,0.000000,0.000000,0.000000,0.000000,0.000000,0.000000,0.000000,0.000000,0.000000,0.000000,0,0,0,0,0,0.000000,0.000000,0.000000,0.000000,0.000000,0.000000,0.000000,0.000000,0,0,0,0,0
293,0,12.556298,0.000810,0.000000,0.000041,0.126255,0.919739,0.916060,1.151116,1.223351,4.815108,4.675425,2.976447,1.025292,0.000064,0.000034,1.270253,0.000003,0.072669,0.000448,0.055908,0.000000,0.000000,0.000000,0,0,0.000000,0.000000,0.000000,0.000000,0.000000,0.000000,0.000000,0.000000,0.000000,0.000000,0.000000,0.000000,0.000000,0.000000,0,0,0,0,0,0.000000,0.000000,0.000000,0.000000,0.000000,0.000000,0.000000,0.000000,0,0,0,0,0
294,0,14.663255,2.155545,2.154694,0.000041,0.127747,0.917308,0.913628,1.170034,1.208455,4.824907,4.685225,2.985474,0.989058,0.000064,0.000034,1.180884,0.000003,0.092353,0.000448,0.062992,0.000000,0.000000,0.000000,0,0,0.000000,0.000000,0.000000,0.000000,0.000000,0.000000,0.000000,0.000000,0.000000,0.000000,0.000000,0.000000,0.000000,0.000000,0,0,0,0,0,0.000000,0.000000,0.000000,0.000000,0.000000,0.000000,0.000000,0.000000,0,0,0,0,0
295,0,12.587429,0.000810,0.000000,0.000041,0.126255,0.919671,0.915992,1.139811,1.231951,4.829376,4.689694,2.968848,0.991604,0.000064,0.000034,1.297489,0.000003,0.072669,0.000448,0.070587,0.000000,0.000000,0.000000,0,0,0.000000,0.000000,0.000000,0.000000,0.000000,0.000000,0.000000,0.000000,0.000000,0.000000,0.000000,0.000000,0.000000,0.000000,0,0,0,0,0,0.000000,0.000000,0.000000,0.000000,0.000000,0.000000,0.000000,0.000000,0,0,0,0,0
296,0,14.257792,1.752957,1.752106,0.000041,0.127747,0.919583,0.915904,1.144694,1.189707,4.855194,4.715512,2.940870,0.993917,0.000064,0.000034,1.253821,0.000003,0.072669,0.000448,0.048716,0.000000,0.000000,0.000000,0,0,0.000000,0.000000,0.000000,0.000000,0.000000,0.000000,0.000000,0.000000,0.000000,0.000000,0.000000,0.000000,0.000000,0.000000,0,0,0,0,0,0.000000,0.000000,0.000000,0.000000,0.000000,0.000000,0.000000,0.000000,0,0,0,0,0
297,0,12.736291,0.000810,0.000000,0.000041,0.126255,0.917121,0.913442,1.140066,1.196940,4.851010,4.711327,2.961989,0.990984,0.000064,0.000034,1.468882,0.000003,0.072669,0.000448,0.142388,0.000000,0.000000,0.000000,0,0,0.000000,0.000000,0.000000,0.000000,0.000000,0.000000,0.000000,0.000000,0.000000,0.000000,0.000000,0.000000,0.000000,0.000000,0,0,0,0,0,0.000000,0.000000,0.000000,0.000000,0.000000,0.000000,0.000000,0.000000,0,0,0,0,0
298,0,14.385189,1.877255,1.876404,0.000041,0.127747,0.917697,0.914018,1.151418,1.197618,4.840576,4.681407,2.961890,1.027785,0.000064,0.000034,1.237769,0.000003,0.072669,0.000448,0.061364,0.000000,0.000000,0.000000,0,0,0.000000,0.000000,0.000000,0.000000,0.000000,0.000000,0.000000,0.000000,0.000000,0.000000,0.000000,0.000000,0.000000,0.000000,0,0,0,0,0,0.000000,0.000000,0.000000,0.000000,0.000000,0.000000,0.000000,0.000000,0,0,0,0,0
299,0,12.624105,0.000810,0.000000,0.000041,0.144782,0.901788,0.898109,1.163157,1.186256,4.820157,4.680474,2.950090,1.009352,0.000064,0.000034,1.383847,0.000003,0.072669,0.000448,0.093068,0.000000,0.000000,0.000000,0,0,0.000000,0.000000,0.000000,0.000000,0.000000,0.000000,0.000000,0.000000,0.000000,0.000000,0.000000,0.000000,0.000000,0.000000,0,0,0,0,0,0.000000,0.000000,0.000000,0.000000,0.000000,0.000000,0.000000,0.000000,0,0,0,0,0
300,0,14.306417,1.769653,1.768802,0.000041,0.127747,0.945123,0.941444,1.128181,1.202294,4.842658,4.685218,2.997019,1.031864,0.000064,0.000034,1.220523,0.000003,0.072669,0.000448,0.076758,0.000000,0.000000,0.000000,0,0,0.000000,0.000000,0.000000,0.000000,0.000000,0.000000,0.000000,0.000000,0.000000,0.000000,0.000000,0.000000,0.000000,0.000000,0,0,0,0,0,0.000000,0.000000,0.000000,0.000000,0.000000,0.000000,0.000000,0.000000,0,0,0,0,0
301,0,12.650174,0.000810,0.000000,0.000041,0.144243,0.916701,0.899268,1.154100,1.189233,4.856486,4.716804,2.943186,0.993727,0.000064,0.000034,1.372196,0.000003,0.072669,0.000448,0.061839,0.000000,0.000000,0.000000,0,0,0.000000,0.000000,0.000000,0.000000,0.000000,0.000000,0.000000,0.000000,0.000000,0.000000,0.000000,0.000000,0.000000,0.000000,0,0,0,0,0,0.000000,0.000000,0.000000,0.000000,0.000000,0.000000,0.000000,0.000000,0,0,0,0,0
302,0,14.028595,1.500170,1.499318,0.000041,0.145816,0.936883,0.933204,1.128845,1.200141,4.855889,4.716207,2.950511,0.988600,0.000064,0.000034,1.237122,0.000003,0.072669,0.000448,0.061856,0.000000,0.000000,0.000000,0,0,0.000000,0.000000,0.000000,0.000000,0.000000,0.000000,0.000000,0.000000,0.000000,0.000000,0.000000,0.000000,0.000000,0.000000,0,0,0,0,0,0.000000,0.000000,0.000000,0.000000,0.000000,0.000000,0.000000,0.000000,0,0,0,0,0
303,0,12.704149,0.000810,0.000000,0.000041,0.126255,0.945329,0.941650,1.124129,1.202274,4.859294,4.697161,2.976128,0.991384,0.000064,0.000034,1.396712,0.000003,0.072669,0.000448,0.084184,0.000000,0.000000,0.000000,0,0,0.000000,0.000000,0.000000,0.000000,0.000000,0.000000,0.000000,0.000000,0.000000,0.000000,0.000000,0.000000,0.000000,0.000000,0,0,0,0,0,0.000000,0.000000,0.000000,0.000000,0.000000,0.000000,0.000000,0.000000,0,0,0,0,0
304,0,14.154399,1.674276,1.673425,0.000041,0.127747,0.937456,0.933777,1.143412,1.209012,4.812429,4.672746,2.985606,0.998874,0.000064,0.000034,1.191243,0.000003,0.072669,0.000448,0.048886,0.000000,0.000000,0.000000,0,0,0.000000,0.000000,0.000000,0.000000,0.000000,0.000000,0.000000,0.000000,0.000000,0.000000,0.000000,0.000000,0.000000,0.000000,0,0,0,0,0,0.000000,0.000000,0.000000,0.000000,0.000000,0.000000,0.000000,0.000000,0,0,0,0,0
305,0,12.541175,0.000810,0.000000,0.000041,0.126255,0.928484,0.924805,1.136281,1.193827,4.848813,4.709130,2.988397,0.990651,0.000064,0.000034,1.245090,0.000003,0.072669,0.000448,0.097883,0.000000,0.000000,0.000000,0,0,0.000000,0.000000,0.000000,0.000000,0.000000,0.000000,0.000000,0.000000,0.000000,0.000000,0.000000,0.000000,0.000000,0.000000,0,0,0,0,0,0.000000,0.000000,0.000000,0.000000,0.000000,0.000000,0.000000,0.000000,0,0,0,0,0
306,0,14.112247,1.676025,1.675174,0.000041,0.127747,0.915500,0.911821,1.144253,1.232246,4.830977,4.691294,2.982920,1.006185,0.000064,0.000034,1.129361,0.000003,0.072669,0.000448,0.055905,0.000000,0.000000,0.000000,0,0,0.000000,0.000000,0.000000,0.000000,0.000000,0.000000,0.000000,0.000000,0.000000,0.000000,0.000000,0.000000,0.000000,0.000000,0,0,0,0,0,0.000000,0.000000,0.000000,0.000000,0.000000,0.000000,0.000000,0.000000,0,0,0,0,0
307,0,12.669664,0.000810,0.000000,0.000041,0.126255,0.935398,0.931719,1.132955,1.228526,4.826847,4.687164,2.986237,1.026978,0.000064,0.000034,1.340786,0.000003,0.091302,0.000448,0.077064,0.000000,0.000000,0.000000,0,0,0.000000,0.000000,0.000000,0.000000,0.000000,0.000000,0.000000,0.000000,0.000000,0.000000,0.000000,0.000000,0.000000,0.000000,0,0,0,0,0,0.000000,0.000000,0.000000,0.000000,0.000000,0.000000,0.000000,0.000000,0,0,0,0,0
308,0,14.174774,1.674815,1.673964,0.000041,0.127747,0.918840,0.915161,1.143836,1.205929,4.831099,4.668966,2.952216,0.985226,0.000064,0.000034,1.231737,0.000003,0.088006,0.000448,0.072842,0.000000,0.000000,0.000000,0,0,0.000000,0.000000,0.000000,0.000000,0.000000,0.000000,0.000000,0.000000,0.000000,0.000000,0.000000,0.000000,0.000000,0.000000,0,0,0,0,0,0.000000,0.000000,0.000000,0.000000,0.000000,0.000000,0.000000,0.000000,0,0,0,0,0
309,0,12.648068,0.000810,0.000000,0.000041,0.126255,0.919400,0.915721,1.148441,1.220127,4.808919,4.669237,2.952094,1.000478,0.000064,0.000034,1.380083,0.000003,0.091390,0.000448,0.085880,0.000000,0.000000,0.000000,0,0,0.000000,0.000000,0.000000,0.000000,0.000000,0.000000,0.000000,0.000000,0.000000,0.000000,0.000000,0.000000,0.000000,0.000000,0,0,0,0,0,0.000000,0.000000,0.000000,0.000000,0.000000,0.000000,0.000000,0.000000,0,0,0,0,0
310,0,13.986464,1.498464,1.497613,0.000041,0.127747,0.923425,0.919746,1.142690,1.196001,4.829997,4.690314,2.961755,1.022630,0.000064,0.000034,1.233168,0.000003,0.072669,0.000448,0.079000,0.000000,0.000000,0.000000,0,0,0.000000,0.000000,0.000000,0.000000,0.000000,0.000000,0.000000,0.000000,0.000000,0.000000,0.000000,0.000000,0.000000,0.000000,0,0,0,0,0,0.000000,0.000000,0.000000,0.000000,0.000000,0.000000,0.000000,0.000000,0,0,0,0,0
311,0,12.530036,0.000810,0.000000,0.000041,0.126255,0.915639,0.911960,1.149058,1.202922,4.852383,4.712701,2.960595,0.990150,0.000064,0.000034,1.226783,0.000003,0.095042,0.000448,0.081133,0.000000,0.000000,0.000000,0,0,0.000000,0.000000,0.000000,0.000000,0.000000,0.000000,0.000000,0.000000,0.000000,0.000000,0.000000,0.000000,0.000000,0.000000,0,0,0,0,0,0.000000,0.000000,0.000000,0.000000,0.000000,0.000000,0.000000,0.000000,0,0,0,0,0
312,0,14.244320,1.683407,1.682556,0.000041,0.143127,0.895711,0.892032,1.175347,1.185421,4.853312,4.696486,2.939345,1.002791,0.000064,0.000034,1.295431,0.000003,0.072669,0.000448,0.054905,0.000000,0.000000,0.000000,0,0,0.000000,0.000000,0.000000,0.000000,0.000000,0.000000,0.000000,0.000000,0.000000,0.000000,0.000000,0.000000,0.000000,0.000000,0,0,0,0,0,0.000000,0.000000,0.000000,0.000000,0.000000,0.000000,0.000000,0.000000,0,0,0,0,0
313,0,12.606740,0.000810,0.000000,0.000041,0.126255,0.910736,0.907057,1.176853,1.188531,4.843143,4.703461,2.962416,0.994473,0.000064,0.000034,1.324778,0.000003,0.072669,0.000448,0.059906,0.000000,0.000000,0.000000,0,0,0.000000,0.000000,0.000000,0.000000,0.000000,0.000000,0.000000,0.000000,0.000000,0.000000,0.000000,0.000000,0.000000,0.000000,0,0,0,0,0,0.000000,0.000000,0.000000,0.000000,0.000000,0.000000,0.000000,0.000000,0,0,0,0,0
314,0,14.044698,1.455014,1.454163,0.000041,0.127747,0.941555,0.937876,1.130710,1.220174,4.827681,4.687998,2.968408,0.985294,0.000064,0.000034,1.300191,0.000003,0.072669,0.000448,0.085676,0.000000,0.000000,0.000000,0,0,0.000000,0.000000,0.000000,0.000000,0.000000,0.000000,0.000000,0.000000,0.000000,0.000000,0.000000,0.000000,0.000000,0.000000,0,0,0,0,0,0.000000,0.000000,0.000000,0.000000,0.000000,0.000000,0.000000,0.000000,0,0,0,0,0
315,0,12.531864,0.000810,0.000000,0.000041,0.148627,0.897766,0.894087,1.161526,1.183377,4.857819,4.718136,2.954749,1.001163,0.000064,0.000034,1.253971,0.000003,0.072669,0.000448,0.058601,0.000000,0.000000,0.000000,0,0,0.000000,0.000000,0.000000,0.000000,0.000000,0.000000,0.000000,0.000000,0.000000,0.000000,0.000000,0.000000,0.000000,0.000000,0,0,0,0,0,0.000000,0.000000,0.000000,0.000000,0.000000,0.000000,0.000000,0.000000,0,0,0,0,0
316,0,14.286106,1.759281,1.758430,0.000041,0.127747,0.932183,0.928504,1.128137,1.199768,4.855713,4.716031,2.976522,1.000871,0.000064,0.000034,1.233537,0.000003,0.072669,0.000448,0.130737,0.000000,0.000000,0.000000,0,0,0.000000,0.000000,0.000000,0.000000,0.000000,0.000000,0.000000,0.000000,0.000000,0.000000,0.000000,0.000000,0.000000,0.000000,0,0,0,0,0,0.000000,0.000000,0.000000,0.000000,0.000000,0.000000,0.000000,0.000000,0,0,0,0,0
317,0,12.535583,0.000810,0.000000,0.000041,0.144945,0.915609,0.911930,1.157705,1.180562,4.853875,4.685055,2.945947,1.008318,0.000064,0.000034,1.262912,0.000003,0.072669,0.000448,0.072266,0.000000,0.000000,0.000000,0,0,0.000000,0.000000,0.000000,0.000000,0.000000,0.000000,0.000000,0.000000,0.000000,0.000000,0.000000,0.000000,0.000000,0.000000,0,0,0,0,0,0.000000,0.000000,0.000000,0.000000,0.000000,0.000000,0.000000,0.000000,0,0,0,0,0
318,0,13.965108,1.453267,1.452416,0.000041,0.146549,0.921834,0.918155,1.142280,1.203322,4.862515,4.722833,2.950375,0.992818,0.000064,0.000034,1.211748,0.000003,0.072669,0.000448,0.055905,0.000000,0.000000,0.000000,0,0,0.000000,0.000000,0.000000,0.000000,0.000000,0.000000,0.000000,0.000000,0.000000,0.000000,0.000000,0.000000,0.000000,0.000000,0,0,0,0,0,0.000000,0.000000,0.000000,0.000000,0.000000,0.000000,0.000000,0.000000,0,0,0,0,0
319,0,12.539280,0.000810,0.000000,0.000041,0.126255,0.936832,0.933153,1.126726,1.206791,4.853017,4.690884,2.989431,0.991452,0.000064,0.000034,1.208991,0.000003,0.089878,0.000448,0.059703,0.000000,0.000000,0.000000,0,0,0.000000,0.000000,0.000000,0.000000,0.000000,0.000000,0.000000,0.000000,0.000000,0.000000,0.000000,0.000000,0.000000,0.000000,0,0,0,0,0,0.000000,0.000000,0.000000,0.000000,0.000000,0.000000,0.000000,0.000000,0,0,0,0,0
320,0,14.486962,1.845896,1.845045,0.000041,0.144409,0.923869,0.920190,1.143470,1.205994,4.773407,4.633725,3.001478,0.973779,0.000064,0.000034,1.375220,0.000003,0.072669,0.000448,0.059720,0.000000,0.000000,0.000000,0,0,0.000000,0.000000,0.000000,0.000000,0.000000,0.000000,0.000000,0.000000,0.000000,0.000000,0.000000,0.000000,0.000000,0.000000,0,0,0,0,0,0.000000,0.000000,0.000000,0.000000,0.000000,0.000000,0.000000,0.000000,0,0,0,0,0
321,0,12.522756,0.000810,0.000000,0.000041,0.126255,0.930037,0.926358,1.130686,1.201704,4.856581,4.697293,2.976935,0.988281,0.000064,0.000034,1.226529,0.000003,0.072669,0.000448,0.066349,0.000000,0.000000,0.000000,0,0,0.000000,0.000000,0.000000,0.000000,0.000000,0.000000,0.000000,0.000000,0.000000,0.000000,0.000000,0.000000,0.000000,0.000000,0,0,0,0,0,0.000000,0.000000,0.000000,0.000000,0.000000,0.000000,0.000000,0.000000,0,0,0,0,0
322,0,14.091607,1.571859,1.571008,0.000041,0.127747,0.918318,0.914639,1.150587,1.217553,4.841387,4.701704,2.953172,1.002879,0.000064,0.000034,1.237766,0.000003,0.072669,0.000448,0.070316,0.000000,0.000000,0.000000,0,0,0.000000,0.000000,0.000000,0.000000,0.000000,0.000000,0.000000,0.000000,0.000000,0.000000,0.000000,0.000000,0.000000,0.000000,0,0,0,0,0,0.000000,0.000000,0.000000,0.000000,0.000000,0.000000,0.000000,0.000000,0,0,0,0,0
323,0,12.561605,0.000810,0.000000,0.000041,0.126255,0.931071,0.927392,1.130388,1.205234,4.838298,4.661438,2.978970,1.021610,0.000064,0.000034,1.277361,0.000003,0.072669,0.000448,0.089383,0.000000,0.000000,0.000000,0,0,0.000000,0.000000,0.000000,0.000000,0.000000,0.000000,0.000000,0.000000,0.000000,0.000000,0.000000,0.000000,0.000000,0.000000,0,0,0,0,0,0.000000,0.000000,0.000000,0.000000,0.000000,0.000000,0.000000,0.000000,0,0,0,0,0
324,0,14.478675,1.828701,1.827850,0.000041,0.146430,0.913028,0.909349,1.140313,1.212592,4.851769,4.712087,2.952823,0.970276,0.000064,0.000034,1.359799,0.000003,0.072669,0.000448,0.055905,0.000000,0.000000,0.000000,0,0,0.000000,0.000000,0.000000,0.000000,0.000000,0.000000,0.000000,0.000000,0.000000,0.000000,0.000000,0.000000,0.000000,0.000000,0,0,0,0,0,0.000000,0.000000,0.000000,0.000000,0.000000,0.000000,0.000000,0.000000,0,0,0,0,0
325,0,12.563643,0.000810,0.000000,0.000041,0.126255,0.912469,0.908790,1.147902,1.216661,4.818119,4.678436,2.953206,1.008538,0.000064,0.000034,1.295597,0.000003,0.092075,0.000448,0.098324,0.000000,0.000000,0.000000,0,0,0.000000,0.000000,0.000000,0.000000,0.000000,0.000000,0.000000,0.000000,0.000000,0.000000,0.000000,0.000000,0.000000,0.000000,0,0,0,0,0,0.000000,0.000000,0.000000,0.000000,0.000000,0.000000,0.000000,0.000000,0,0,0,0,0
326,0,13.997355,1.459537,1.458686,0.000041,0.127747,0.918925,0.915246,1.155619,1.204149,4.860006,4.720323,2.959690,1.020494,0.000064,0.000034,1.238464,0.000003,0.072669,0.000448,0.084212,0.000000,0.000000,0.000000,0,0,0.000000,0.000000,0.000000,0.000000,0.000000,0.000000,0.000000,0.000000,0.000000,0.000000,0.000000,0.000000,0.000000,0.000000,0,0,0,0,0,0.000000,0.000000,0.000000,0.000000,0.000000,0.000000,0.000000,0.000000,0,0,0,0,0
327,0,12.506443,0.000810,0.000000,0.000041,0.126255,0.923584,0.919905,1.150296,1.222928,4.806895,4.667213,2.965325,0.996087,0.000064,0.000034,1.218289,0.000003,0.091512,0.000448,0.044410,0.000000,0.000000,0.000000,0,0,0.000000,0.000000,0.000000,0.000000,0.000000,0.000000,0.000000,0.000000,0.000000,0.000000,0.000000,0.000000,0.000000,0.000000,0,0,0,0,0,0.000000,0.000000,0.000000,0.000000,0.000000,0.000000,0.000000,0.000000,0,0,0,0,0
328,0,14.021294,1.482832,1.481981,0.000041,0.141042,0.919400,0.915721,1.141686,1.200772,4.849616,4.709934,2.955753,0.995141,0.000064,0.000034,1.236254,0.000003,0.093391,0.000448,0.141456,0.000000,0.000000,0.000000,0,0,0.000000,0.000000,0.000000,0.000000,0.000000,0.000000,0.000000,0.000000,0.000000,0.000000,0.000000,0.000000,0.000000,0.000000,0,0,0,0,0,0.000000,0.000000,0.000000,0.000000,0.000000,0.000000,0.000000,0.000000,0,0,0,0,0
329,0,12.646671,0.000810,0.000000,0.000041,0.143907,0.900448,0.896769,1.164208,1.186703,4.838294,4.698612,2.964851,0.987752,0.000064,0.000034,1.374230,0.000003,0.072669,0.000448,0.082659,0.000000,0.000000,0.000000,0,0,0.000000,0.000000,0.000000,0.000000,0.000000,0.000000,0.000000,0.000000,0.000000,0.000000,0.000000,0.000000,0.000000,0.000000,0,0,0,0,0,0.000000,0.000000,0.000000,0.000000,0.000000,0.000000,0.000000,0.000000,0,0,0,0,0
330,0,14.147146,1.575307,1.574456,0.000041,0.146606,0.914700,0.911021,1.146810,1.211032,4.868605,4.682105,2.943746,1.013923,0.000064,0.000034,1.267120,0.000003,0.072669,0.000448,0.061856,0.000000,0.000000,0.000000,0,0,0.000000,0.000000,0.000000,0.000000,0.000000,0.000000,0.000000,0.000000,0.000000,0.000000,0.000000,0.000000,0.000000,0.000000,0,0,0,0,0,0.000000,0.000000,0.000000,0.000000,0.000000,0.000000,0.000000,0.000000,0,0,0,0,0
331,0,12.490150,0.000810,0.000000,0.000041,0.144297,0.897390,0.893711,1.160902,1.182468,4.851752,4.693200,2.956899,1.004622,0.000064,0.000034,1.222412,0.000003,0.072669,0.000448,0.048716,0.000000,0.000000,0.000000,0,0,0.000000,0.000000,0.000000,0.000000,0.000000,0.000000,0.000000,0.000000,0.000000,0.000000,0.000000,0.000000,0.000000,0.000000,0,0,0,0,0,0.000000,0.000000,0.000000,0.000000,0.000000,0.000000,0.000000,0.000000,0,0,0,0,0
332,0,14.044356,1.482829,1.481978,0.000041,0.147797,0.913971,0.910292,1.133718,1.214739,4.836090,4.696408,2.982907,0.985474,0.000064,0.000034,1.259087,0.000003,0.072669,0.000448,0.061279,0.000000,0.000000,0.000000,0,0,0.000000,0.000000,0.000000,0.000000,0.000000,0.000000,0.000000,0.000000,0.000000,0.000000,0.000000,0.000000,0.000000,0.000000,0,0,0,0,0,0.000000,0.000000,0.000000,0.000000,0.000000,0.000000,0.000000,0.000000,0,0,0,0,0
333,0,12.514754,0.000810,0.000000,0.000041,0.145616,0.933434,0.929755,1.141120,1.178318,4.877245,4.737562,2.920851,0.984785,0.000064,0.000034,1.244141,0.000003,0.072669,0.000448,0.082659,0.000000,0.000000,0.000000,0,0,0.000000,0.000000,0.000000,0.000000,0.000000,0.000000,0.000000,0.000000,0.000000,0.000000,0.000000,0.000000,0.000000,0.000000,0,0,0,0,0,0.000000,0.000000,0.000000,0.000000,0.000000,0.000000,0.000000,0.000000,0,0,0,0,0
334,0,14.155830,1.533946,1.533095,0.000041,0.127747,0.931983,0.928304,1.117588,1.197086,4.871958,4.732276,2.952057,0.969560,0.000064,0.000034,1.350247,0.000003,0.072669,0.000448,0.061856,0.000000,0.000000,0.000000,0,0,0.000000,0.000000,0.000000,0.000000,0.000000,0.000000,0.000000,0.000000,0.000000,0.000000,0.000000,0.000000,0.000000,0.000000,0,0,0,0,0,0.000000,0.000000,0.000000,0.000000,0.000000,0.000000,0.000000,0.000000,0,0,0,0,0
335,0,12.605574,0.000810,0.000000,0.000041,0.126255,0.937242,0.933563,1.128323,1.205624,4.852726,4.673567,2.992330,0.988926,0.000064,0.000034,1.289046,0.000003,0.072669,0.000448,0.061822,0.000000,0.000000,0.000000,0,0,0.000000,0.000000,0.000000,0.000000,0.000000,0.000000,0.000000,0.000000,0.000000,0.000000,0.000000,0.000000,0.000000,0.000000,0,0,0,0,0,0.000000,0.000000,0.000000,0.000000,0.000000,0.000000,0.000000,0.000000,0,0,0,0,0
336,0,14.167257,1.735240,1.734389,0.000041,0.127747,0.937815,0.934136,1.123528,1.217122,4.834747,4.681118,2.974297,0.984273,0.000064,0.000034,1.143541,0.000003,0.072669,0.000448,0.116648,0.000000,0.000000,0.000000,0,0,0.000000,0.000000,0.000000,0.000000,0.000000,0.000000,0.000000,0.000000,0.000000,0.000000,0.000000,0.000000,0.000000,0.000000,0,0,0,0,0,0.000000,0.000000,0.000000,0.000000,0.000000,0.000000,0.000000,0.000000,0,0,0,0,0
337,0,12.607541,0.000810,0.000000,0.000041,0.126255,0.927663,0.923984,1.129340,1.191166,4.858405,4.698107,2.975962,0.994344,0.000064,0.000034,1.324721,0.000003,0.072669,0.000448,0.134759,0.000000,0.000000,0.000000,0,0,0.000000,0.000000,0.000000,0.000000,0.000000,0.000000,0.000000,0.000000,0.000000,0.000000,0.000000,0.000000,0.000000,0.000000,0,0,0,0,0,0.000000,0.000000,0.000000,0.000000,0.000000,0.000000,0.000000,0.000000,0,0,0,0,0
338,0,14.004628,1.509359,1.508508,0.000041,0.127747,0.917765,0.914086,1.148380,1.179053,4.871362,4.711344,2.954661,0.983381,0.000064,0.000034,1.223083,0.000003,0.072669,0.000448,0.055091,0.000000,0.000000,0.000000,0,0,0.000000,0.000000,0.000000,0.000000,0.000000,0.000000,0.000000,0.000000,0.000000,0.000000,0.000000,0.000000,0.000000,0.000000,0,0,0,0,0,0.000000,0.000000,0.000000,0.000000,0.000000,0.000000,0.000000,0.000000,0,0,0,0,0
339,0,12.528632,0.000810,0.000000,0.000041,0.126255,0.942600,0.938921,1.127879,1.194434,4.855591,4.698778,2.983222,1.027710,0.000064,0.000034,1.224623,0.000003,0.072669,0.000448,0.098518,0.000000,0.000000,0.000000,0,0,0.000000,0.000000,0.000000,0.000000,0.000000,0.000000,0.000000,0.000000,0.000000,0.000000,0.000000,0.000000,0.000000,0.000000,0,0,0,0,0,0.000000,0.000000,0.000000,0.000000,0.000000,0.000000,0.000000,0.000000,0,0,0,0,0
340,0,14.437754,1.890713,1.889862,0.000041,0.127747,0.913991,0.910312,1.143995,1.194492,4.863498,4.723816,2.969123,1.006310,0.000064,0.000034,1.260976,0.000003,0.072669,0.000448,0.068790,0.000000,0.000000,0.000000,0,0,0.000000,0.000000,0.000000,0.000000,0.000000,0.000000,0.000000,0.000000,0.000000,0.000000,0.000000,0.000000,0.000000,0.000000,0,0,0,0,0,0.000000,0.000000,0.000000,0.000000,0.000000,0.000000,0.000000,0.000000,0,0,0,0,0
341,0,12.559764,0.000810,0.000000,0.000041,0.126255,0.924625,0.920946,1.140971,1.232147,4.826402,4.686720,2.976078,1.005815,0.000064,0.000034,1.246080,0.000003,0.085846,0.000448,0.059092,0.000000,0.000000,0.000000,0,0,0.000000,0.000000,0.000000,0.000000,0.000000,0.000000,0.000000,0.000000,0.000000,0.000000,0.000000,0.000000,0.000000,0.000000,0,0,0,0,0,0.000000,0.000000,0.000000,0.000000,0.000000,0.000000,0.000000,0.000000,0,0,0,0,0
342,0,13.973036,1.485040,1.484189,0.000041,0.127747,0.918254,0.914575,1.144575,1.202467,4.858303,4.718621,2.961046,1.025323,0.000064,0.000034,1.202386,0.000003,0.072669,0.000448,0.059991,0.000000,0.000000,0.000000,0,0,0.000000,0.000000,0.000000,0.000000,0.000000,0.000000,0.000000,0.000000,0.000000,0.000000,0.000000,0.000000,0.000000,0.000000,0,0,0,0,0,0.000000,0.000000,0.000000,0.000000,0.000000,0.000000,0.000000,0.000000,0,0,0,0,0
343,0,12.463772,0.000810,0.000000,0.000041,0.126255,0.921417,0.917738,1.143192,1.203678,4.855303,4.715620,2.955943,0.988291,0.000064,0.000034,1.183957,0.000003,0.072669,0.000448,0.173448,0.000000,0.000000,0.000000,0,0,0.000000,0.000000,0.000000,0.000000,0.000000,0.000000,0.000000,0.000000,0.000000,0.000000,0.000000,0.000000,0.000000,0.000000,0,0,0,0,0,0.000000,0.000000,0.000000,0.000000,0.000000,0.000000,0.000000,0.000000,0,0,0,0,0
344,0,14.158749,1.566362,1.565511,0.000041,0.144528,0.900431,0.896752,1.160712,1.189463,4.825741,4.686059,2.961975,0.991750,0.000064,0.000034,1.336317,0.000003,0.072669,0.000448,0.080997,0.000000,0.000000,0.000000,0,0,0.000000,0.000000,0.000000,0.000000,0.000000,0.000000,0.000000,0.000000,0.000000,0.000000,0.000000,0.000000,0.000000,0.000000,0,0,0,0,0,0.000000,0.000000,0.000000,0.000000,0.000000,0.000000,0.000000,0.000000,0,0,0,0,0
345,0,12.573524,0.000810,0.000000,0.000041,0.126255,0.922055,0.918376,1.151008,1.177002,4.862000,4.722317,2.963521,0.987515,0.000064,0.000034,1.297655,0.000003,0.072669,0.000448,0.065552,0.000000,0.000000,0.000000,0,0,0.000000,0.000000,0.000000,0.000000,0.000000,0.000000,0.000000,0.000000,0.000000,0.000000,0.000000,0.000000,0.000000,0.000000,0,0,0,0,0,0.000000,0.000000,0.000000,0.000000,0.000000,0.000000,0.000000,0.000000,0,0,0,0,0
346,0,14.319594,1.780440,1.779588,0.000041,0.150197,0.915368,0.911689,1.159966,1.188931,4.867116,4.692620,2.953389,1.017531,0.000064,0.000034,1.230967,0.000003,0.072669,0.000448,0.048716,0.000000,0.000000,0.000000,0,0,0.000000,0.000000,0.000000,0.000000,0.000000,0.000000,0.000000,0.000000,0.000000,0.000000,0.000000,0.000000,0.000000,0.000000,0,0,0,0,0,0.000000,0.000000,0.000000,0.000000,0.000000,0.000000,0.000000,0.000000,0,0,0,0,0
347,0,12.491126,0.000810,0.000000,0.000041,0.141591,0.897064,0.893385,1.177236,1.182305,4.877140,4.737457,2.935093,1.003160,0.000064,0.000034,1.206668,0.000003,0.072669,0.000448,0.092153,0.000000,0.000000,0.000000,0,0,0.000000,0.000000,0.000000,0.000000,0.000000,0.000000,0.000000,0.000000,0.000000,0.000000,0.000000,0.000000,0.000000,0.000000,0,0,0,0,0,0.000000,0.000000,0.000000,0.000000,0.000000,0.000000,0.000000,0.000000,0,0,0,0,0
348,0,14.459652,1.866818,1.865967,0.000041,0.127747,0.926164,0.922485,1.124702,1.230004,4.836165,4.696482,2.963491,0.999047,0.000064,0.000034,1.288971,0.000003,0.095042,0.000448,0.058482,0.000000,0.000000,0.000000,0,0,0.000000,0.000000,0.000000,0.000000,0.000000,0.000000,0.000000,0.000000,0.000000,0.000000,0.000000,0.000000,0.000000,0.000000,0,0,0,0,0,0.000000,0.000000,0.000000,0.000000,0.000000,0.000000,0.000000,0.000000,0,0,0,0,0
349,0,12.681413,0.000810,0.000000,0.000041,0.144562,0.928962,0.925283,1.131866,1.200151,4.846432,4.704193,2.948883,0.999156,0.000064,0.000034,1.406528,0.000003,0.072669,0.000448,0.057770,0.000000,0.000000,0.000000,0,0,0.000000,0.000000,0.000000,0.000000,0.000000,0.000000,0.000000,0.000000,0.000000,0.000000,0.000000,0.000000,0.000000,0.000000,0,0,0,0,0,0.000000,0.000000,0.000000,0.000000,0.000000,0.000000,0.000000,0.000000,0,0,0,0,0
350,0,14.099582,1.455319,1.454468,0.000041,0.141340,0.927029,0.923350,1.147569,1.193261,4.855428,4.694651,2.960812,0.987295,0.000064,0.000034,1.345605,0.000003,0.072669,0.000448,0.072266,0.000000,0.000000,0.000000,0,0,0.000000,0.000000,0.000000,0.000000,0.000000,0.000000,0.000000,0.000000,0.000000,0.000000,0.000000,0.000000,0.000000,0.000000,0,0,0,0,0,0.000000,0.000000,0.000000,0.000000,0.000000,0.000000,0.000000,0.000000,0,0,0,0,0
351,0,12.617296,0.000810,0.000000,0.000041,0.126255,0.940365,0.936686,1.125200,1.204848,4.861471,4.699337,2.969038,0.985942,0.000064,0.000034,1.316091,0.000003,0.072669,0.000448,0.088830,0.000000,0.000000,0.000000,0,0,0.000000,0.000000,0.000000,0.000000,0.000000,0.000000,0.000000,0.000000,0.000000,0.000000,0.000000,0.000000,0.000000,0.000000,0,0,0,0,0,0.000000,0.000000,0.000000,0.000000,0.000000,0.000000,0.000000,0.000000,0,0,0,0,0
352,0,14.201436,1.523855,1.523003,0.000041,0.127747,0.916389,0.912710,1.142090,1.206285,4.846629,4.706946,2.981635,1.003370,0.000064,0.000034,1.383589,0.000003,0.072669,0.000448,0.088715,0.000000,0.000000,0.000000,0,0,0.000000,0.000000,0.000000,0.000000,0.000000,0.000000,0.000000,0.000000,0.000000,0.000000,0.000000,0.000000,0.000000,0.000000,0,0,0,0,0,0.000000,0.000000,0.000000,0.000000,0.000000,0.000000,0.000000,0.000000,0,0,0,0,0
353,0,12.546004,0.000810,0.000000,0.000041,0.126255,0.934187,0.930508,1.129083,1.195950,4.850206,4.691678,2.984239,0.991499,0.000064,0.000034,1.252055,0.000003,0.072669,0.000448,0.051412,0.000000,0.000000,0.000000,0,0,0.000000,0.000000,0.000000,0.000000,0.000000,0.000000,0.000000,0.000000,0.000000,0.000000,0.000000,0.000000,0.000000,0.000000,0,0,0,0,0,0.000000,0.000000,0.000000,0.000000,0.000000,0.000000,0.000000,0.000000,0,0,0,0,0
354,0,14.486952,1.998956,1.998105,0.000041,0.127747,0.936964,0.933285,1.123260,1.194648,4.860714,4.703942,2.990560,1.013343,0.000064,0.000034,1.180884,0.000003,0.072669,0.000448,0.056905,0.000000,0.000000,0.000000,0,0,0.000000,0.000000,0.000000,0.000000,0.000000,0.000000,0.000000,0.000000,0.000000,0.000000,0.000000,0.000000,0.000000,0.000000,0,0,0,0,0,0.000000,0.000000,0.000000,0.000000,0.000000,0.000000,0.000000,0.000000,0,0,0,0,0
355,0,12.506897,0.000810,0.000000,0.000041,0.126255,0.933346,0.929667,1.128574,1.218821,4.838708,4.699025,2.976749,1.016602,0.000064,0.000034,1.210415,0.000003,0.072669,0.000448,0.139764,0.000000,0.000000,0.000000,0,0,0.000000,0.000000,0.000000,0.000000,0.000000,0.000000,0.000000,0.000000,0.000000,0.000000,0.000000,0.000000,0.000000,0.000000,0,0,0,0,0,0.000000,0.000000,0.000000,0.000000,0.000000,0.000000,0.000000,0.000000,0,0,0,0,0
356,0,14.391880,1.880907,1.880056,0.000041,0.127747,0.921271,0.917592,1.146491,1.198402,4.844089,4.704407,2.933021,0.971971,0.000064,0.000034,1.266734,0.000003,0.072669,0.000448,0.052751,0.000000,0.000000,0.000000,0,0,0.000000,0.000000,0.000000,0.000000,0.000000,0.000000,0.000000,0.000000,0.000000,0.000000,0.000000,0.000000,0.000000,0.000000,0,0,0,0,0,0.000000,0.000000,0.000000,0.000000,0.000000,0.000000,0.000000,0.000000,0,0,0,0,0
357,0,12.540761,0.000810,0.000000,0.000041,0.126255,0.922265,0.918586,1.148800,1.214617,4.827504,4.687822,2.959083,0.980428,0.000064,0.000034,1.268209,0.000003,0.072669,0.000448,0.103499,0.000000,0.000000,0.000000,0,0,0.000000,0.000000,0.000000,0.000000,0.000000,0.000000,0.000000,0.000000,0.000000,0.000000,0.000000,0.000000,0.000000,0.000000,0,0,0,0,0,0.000000,0.000000,0.000000,0.000000,0.000000,0.000000,0.000000,0.000000,0,0,0,0,0
358,0,13.976478,1.498874,1.498023,0.000041,0.127747,0.918182,0.914503,1.152313,1.196899,4.823819,4.684136,2.965380,1.027666,0.000064,0.000034,1.220045,0.000003,0.072669,0.000448,0.095245,0.000000,0.000000,0.000000,0,0,0.000000,0.000000,0.000000,0.000000,0.000000,0.000000,0.000000,0.000000,0.000000,0.000000,0.000000,0.000000,0.000000,0.000000,0,0,0,0,0,0.000000,0.000000,0.000000,0.000000,0.000000,0.000000,0.000000,0.000000,0,0,0,0,0
359,0,12.536479,0.000810,0.000000,0.000041,0.126255,0.914344,0.910665,1.141493,1.211772,4.856218,4.716536,2.966024,1.010284,0.000064,0.000034,1.227993,0.000003,0.091020,0.000448,0.053887,0.000000,0.000000,0.000000,0,0,0.000000,0.000000,0.000000,0.000000,0.000000,0.000000,0.000000,0.000000,0.000000,0.000000,0.000000,0.000000,0.000000,0.000000,0,0,0,0,0,0.000000,0.000000,0.000000,0.000000,0.000000,0.000000,0.000000,0.000000,0,0,0,0,0
480,1,18.982819,3.270640,2.988030,0.000041,0.567034,0.927853,0.924174,1.188209,1.287693,5.133260,4.989997,2.981588,1.007287,0.000064,0.000034,3.550212,0.000003,0.075782,0.000448,0.080726,0.000000,0.000000,0.000000,0,0,0.000000,0.000000,0.000000,0.000000,0.000000,0.000000,0.000000,0.000000,0.000000,0.000000,0.000000,0.000000,0.000000,0.000000,0,0,0,0,0,0.000000,0.000000,0.000000,0.000000,0.000000,0.000000,0.000000,0.000000,0,0,0,0,0
481,1,17.052697,0.282518,0.000000,0.000041,1.274950,0.919342,0.915663,1.202443,1.263655,5.096208,4.952945,2.975050,1.002221,0.000064,0.000034,3.962199,0.000003,0.075782,0.000448,0.097985,0.000000,0.000000,0.000000,0,0,0.000000,0.000000,0.000000,0.000000,0.000000,0.000000,0.000000,0.000000,0.000000,0.000000,0.000000,0.000000,0.000000,0.000000,0,0,0,0,0,0.000000,0.000000,0.000000,0.000000,0.000000,0.000000,0.000000,0.000000,0,0,0,0,0
482,1,18.935855,2.744398,2.743547,0.000041,0.620887,0.897203,0.893524,1.230693,1.240736,5.144260,5.000997,2.970483,1.021556,0.000064,0.000034,4.010878,0.000003,0.075768,0.000448,0.077148,0.000000,0.000000,0.000000,0,0,0.000000,0.000000,0.000000,0.000000,0.000000,0.000000,0.000000,0.000000,0.000000,0.000000,0.000000,0.000000,0.000000,0.000000,0,0,0,0,0,0.000000,0.000000,0.000000,0.000000,0.000000,0.000000,0.000000,0.000000,0,0,0,0,0
483,1,16.637807,0.300137,0.000000,0.000041,1.247047,0.920180,0.916501,1.214745,1.262885,5.153765,5.010501,2.979343,1.026866,0.000064,0.000034,3.468129,0.000003,0.091027,0.000448,0.057651,0.000000,0.000000,0.000000,0,0,0.000000,0.000000,0.000000,0.000000,0.000000,0.000000,0.000000,0.000000,0.000000,0.000000,0.000000,0.000000,0.000000,0.000000,0,0,0,0,0,0.000000,0.000000,0.000000,0.000000,0.000000,0.000000,0.000000,0.000000,0,0,0,0,0
484,1,18.600528,2.429891,2.129225,0.000041,0.709401,0.941203,0.937524,1.190755,1.278785,5.144487,4.989193,2.996853,1.031216,0.000064,0.000034,3.832821,0.000003,0.075782,0.000448,0.056288,0.000000,0.000000,0.000000,0,0,0.000000,0.000000,0.000000,0.000000,0.000000,0.000000,0.000000,0.000000,0.000000,0.000000,0.000000,0.000000,0.000000,0.000000,0,0,0,0,0,0.000000,0.000000,0.000000,0.000000,0.000000,0.000000,0.000000,0.000000,0,0,0,0,0
485,1,16.720211,0.301968,0.000000,0.000041,1.175001,0.934631,0.930952,1.186479,1.269711,5.172590,5.006877,2.963681,1.011129,0.000064,0.000034,3.639818,0.000003,0.075782,0.000448,0.087558,0.000000,0.000000,0.000000,0,0,0.000000,0.000000,0.000000,0.000000,0.000000,0.000000,0.000000,0.000000,0.000000,0.000000,0.000000,0.000000,0.000000,0.000000,0,0,0,0,0,0.000000,0.000000,0.000000,0.000000,0.000000,0.000000,0.000000,0.000000,0,0,0,0,0
486,1,18.858649,2.921404,2.620616,0.000041,0.636502,0.939524,0.935845,1.204057,1.261834,5.164140,5.006846,2.973104,1.001289,0.000064,0.000034,3.681766,0.000003,0.075768,0.000448,0.074419,0.000000,0.000000,0.000000,0,0,0.000000,0.000000,0.000000,0.000000,0.000000,0.000000,0.000000,0.000000,0.000000,0.000000,0.000000,0.000000,0.000000,0.000000,0,0,0,0,0,0.000000,0.000000,0.000000,0.000000,0.000000,0.000000,0.000000,0.000000,0,0,0,0,0
487,1,17.130337,0.305020,0.000000,0.000041,1.156121,0.939148,0.935469,1.204817,1.264235,5.143934,5.000671,2.987725,0.997338,0.000064,0.000034,4.053019,0.000003,0.075768,0.000448,0.066739,0.000000,0.000000,0.000000,0,0,0.000000,0.000000,0.000000,0.000000,0.000000,0.000000,0.000000,0.000000,0.000000,0.000000,0.000000,0.000000,0.000000,0.000000,0,0,0,0,0,0.000000,0.000000,0.000000,0.000000,0.000000,0.000000,0.000000,0.000000,0,0,0,0,0
488,1,19.083421,3.214352,2.931793,0.000041,0.566766,0.927483,0.923804,1.188605,1.281820,5.135525,4.992262,2.996294,0.994605,0.000064,0.000034,3.696245,0.000003,0.075782,0.000448,0.072859,0.000000,0.000000,0.000000,0,0,0.000000,0.000000,0.000000,0.000000,0.000000,0.000000,0.000000,0.000000,0.000000,0.000000,0.000000,0.000000,0.000000,0.000000,0,0,0,0,0,0.000000,0.000000,0.000000,0.000000,0.000000,0.000000,0.000000,0.000000,0,0,0,0,0
489,1,16.689382,0.000810,0.000000,0.000041,1.129523,0.919973,0.916294,1.205804,1.259776,5.153727,5.010464,2.956387,0.976834,0.000064,0.000034,3.987050,0.000003,0.075782,0.000448,0.092784,0.000000,0.000000,0.000000,0,0,0.000000,0.000000,0.000000,0.000000,0.000000,0.000000,0.000000,0.000000,0.000000,0.000000,0.000000,0.000000,0.000000,0.000000,0,0,0,0,0,0.000000,0.000000,0.000000,0.000000,0.000000,0.000000,0.000000,0.000000,0,0,0,0,0
490,1,19.086168,3.053619,2.771074,0.000041,0.740648,0.913405,0.909726,1.209432,1.275045,5.133823,4.990560,2.990699,1.013465,0.000064,0.000034,3.675486,0.000003,0.093462,0.000448,0.174042,0.000000,0.000000,0.000000,0,0,0.000000,0.000000,0.000000,0.000000,0.000000,0.000000,0.000000,0.000000,0.000000,0.000000,0.000000,0.000000,0.000000,0.000000,0,0,0,0,0,0.000000,0.000000,0.000000,0.000000,0.000000,0.000000,0.000000,0.000000,0,0,0,0,0
491,1,16.886827,0.302544,0.000000,0.000041,1.207035,0.918854,0.915175,1.201389,1.241899,5.161764,4.975779,2.950507,1.000166,0.000064,0.000034,3.826518,0.000003,0.075768,0.000448,0.060788,0.000000,0.000000,0.000000,0,0,0.000000,0.000000,0.000000,0.000000,0.000000,0.000000,0.000000,0.000000,0.000000,0.000000,0.000000,0.000000,0.000000,0.000000,0,0,0,0,0,0.000000,0.000000,0.000000,0.000000,0.000000,0.000000,0.000000,0.000000,0,0,0,0,0
492,1,18.224396,2.397376,2.396525,0.000041,0.540473,0.948164,0.944485,1.185350,1.266859,5.173682,5.009610,2.958211,0.985521,0.000064,0.000034,3.658797,0.000003,0.094933,0.000448,0.076996,0.000000,0.000000,0.000000,0,0,0.000000,0.000000,0.000000,0.000000,0.000000,0.000000,0.000000,0.000000,0.000000,0.000000,0.000000,0.000000,0.000000,0.000000,0,0,0,0,0,0.000000,0.000000,0.000000,0.000000,0.000000,0.000000,0.000000,0.000000,0,0,0,0,0
493,1,16.626953,0.000810,0.000000,0.000041,1.014560,0.930216,0.926537,1.188280,1.285655,5.142276,4.999013,2.987342,1.009420,0.000064,0.000034,4.001482,0.000003,0.075782,0.000448,0.058126,0.000000,0.000000,0.000000,0,0,0.000000,0.000000,0.000000,0.000000,0.000000,0.000000,0.000000,0.000000,0.000000,0.000000,0.000000,0.000000,0.000000,0.000000,0,0,0,0,0,0.000000,0.000000,0.000000,0.000000,0.000000,0.000000,0.000000,0.000000,0,0,0,0,0
494,1,18.773017,2.758681,2.457286,0.000041,0.508026,0.923109,0.919430,1.206004,1.263706,5.142453,4.999190,2.993910,1.024031,0.000064,0.000034,3.900811,0.000003,0.075768,0.000448,0.071231,0.000000,0.000000,0.000000,0,0,0.000000,0.000000,0.000000,0.000000,0.000000,0.000000,0.000000,0.000000,0.000000,0.000000,0.000000,0.000000,0.000000,0.000000,0,0,0,0,0,0.000000,0.000000,0.000000,0.000000,0.000000,0.000000,0.000000,0.000000,0,0,0,0,0
495,1,16.937046,0.324019,0.000000,0.000041,1.196960,0.931339,0.927660,1.210649,1.264486,5.135644,4.992381,2.982473,1.031952,0.000064,0.000034,3.815158,0.000003,0.075768,0.000448,0.057855,0.000000,0.000000,0.000000,0,0,0.000000,0.000000,0.000000,0.000000,0.000000,0.000000,0.000000,0.000000,0.000000,0.000000,0.000000,0.000000,0.000000,0.000000,0,0,0,0,0,0.000000,0.000000,0.000000,0.000000,0.000000,0.000000,0.000000,0.000000,0,0,0,0,0
496,1,19.245473,3.199405,2.898282,0.000041,0.608714,0.938134,0.934455,1.188477,1.276818,5.108849,4.951287,2.973938,1.019775,0.000064,0.000034,3.874807,0.000003,0.075782,0.000448,0.072723,0.000000,0.000000,0.000000,0,0,0.000000,0.000000,0.000000,0.000000,0.000000,0.000000,0.000000,0.000000,0.000000,0.000000,0.000000,0.000000,0.000000,0.000000,0,0,0,0,0,0.000000,0.000000,0.000000,0.000000,0.000000,0.000000,0.000000,0.000000,0,0,0,0,0
497,1,16.459713,0.282518,0.000000,0.000041,0.981805,0.917013,0.913333,1.213738,1.283349,5.129781,4.986518,2.995314,1.022390,0.000064,0.000034,3.579865,0.000003,0.075782,0.000448,0.061720,0.000000,0.000000,0.000000,0,0,0.000000,0.000000,0.000000,0.000000,0.000000,0.000000,0.000000,0.000000,0.000000,0.000000,0.000000,0.000000,0.000000,0.000000,0,0,0,0,0,0.000000,0.000000,0.000000,0.000000,0.000000,0.000000,0.000000,0.000000,0,0,0,0,0
498,1,19.269382,2.786255,2.503710,0.000041,0.609612,0.926693,0.923014,1.231910,1.267927,5.144196,5.000932,2.985867,1.016907,0.000064,0.000034,4.240604,0.000003,0.075768,0.000448,0.124366,0.000000,0.000000,0.000000,0,0,0.000000,0.000000,0.000000,0.000000,0.000000,0.000000,0.000000,0.000000,0.000000,0.000000,0.000000,0.000000,0.000000,0.000000,0,0,0,0,0,0.000000,0.000000,0.000000,0.000000,0.000000,0.000000,0.000000,0.000000,0,0,0,0,0
499,1,17.327026,0.282406,0.000000,0.000041,1.280958,0.920007,0.916328,1.202342,1.226566,5.147678,4.984802,2.969825,0.999179,0.000064,0.000034,4.220927,0.000003,0.075768,0.000448,0.075250,0.000000,0.000000,0.000000,0,0,0.000000,0.000000,0.000000,0.000000,0.000000,0.000000,0.000000,0.000000,0.000000,0.000000,0.000000,0.000000,0.000000,0.000000,0,0,0,0,0,0.000000,0.000000,0.000000,0.000000,0.000000,0.000000,0.000000,0.000000,0,0,0,0,0
500,1,18.728526,2.855347,2.854496,0.000041,0.621226,0.916250,0.912571,1.205343,1.245962,5.152218,4.986582,2.969218,1.019165,0.000064,0.000034,3.669478,0.000003,0.092936,0.000448,0.067654,0.000000,0.000000,0.000000,0,0,0.000000,0.000000,0.000000,0.000000,0.000000,0.000000,0.000000,0.000000,0.000000,0.000000,0.000000,0.000000,0.000000,0.000000,0,0,0,0,0,0.000000,0.000000,0.000000,0.000000,0.000000,0.000000,0.000000,0.000000,0,0,0,0,0
501,1,16.253567,0.000810,0.000000,0.000041,1.081777,0.941108,0.937429,1.193617,1.276767,5.158556,5.015293,2.973680,1.008670,0.000064,0.000034,3.550920,0.000003,0.075782,0.000448,0.065179,0.000000,0.000000,0.000000,0,0,0.000000,0.000000,0.000000,0.000000,0.000000,0.000000,0.000000,0.000000,0.000000,0.000000,0.000000,0.000000,0.000000,0.000000,0,0,0,0,0,0.000000,0.000000,0.000000,0.000000,0.000000,0.000000,0.000000,0.000000,0,0,0,0,0
502,1,19.213576,3.045393,2.740445,0.000041,0.742208,0.903341,0.899662,1.211412,1.242910,5.168688,5.025425,2.973161,1.025611,0.000064,0.000034,3.831740,0.000003,0.094174,0.000448,0.078657,0.000000,0.000000,0.000000,0,0,0.000000,0.000000,0.000000,0.000000,0.000000,0.000000,0.000000,0.000000,0.000000,0.000000,0.000000,0.000000,0.000000,0.000000,0,0,0,0,0,0.000000,0.000000,0.000000,0.000000,0.000000,0.000000,0.000000,0.000000,0,0,0,0,0
503,1,16.675568,0.304576,0.000000,0.000041,1.003113,0.932726,0.929047,1.180362,1.270684,5.148566,5.005303,2.994371,1.022871,0.000064,0.000034,3.764852,0.000003,0.075768,0.000448,0.067145,0.000000,0.000000,0.000000,0,0,0.000000,0.000000,0.000000,0.000000,0.000000,0.000000,0.000000,0.000000,0.000000,0.000000,0.000000,0.000000,0.000000,0.000000,0,0,0,0,0,0.000000,0.000000,0.000000,0.000000,0.000000,0.000000,0.000000,0.000000,0,0,0,0,0
504,1,19.386312,3.631873,3.326891,0.000041,0.872226,0.917335,0.913656,1.207899,1.264516,5.141479,4.975844,2.980632,1.021142,0.000064,0.000034,3.294020,0.000003,0.075782,0.000448,0.097493,0.000000,0.000000,0.000000,0,0,0.000000,0.000000,0.000000,0.000000,0.000000,0.000000,0.000000,0.000000,0.000000,0.000000,0.000000,0.000000,0.000000,0.000000,0,0,0,0,0,0.000000,0.000000,0.000000,0.000000,0.000000,0.000000,0.000000,0.000000,0,0,0,0,0
505,1,17.036357,0.329851,0.000000,0.000041,1.388034,0.932553,0.928874,1.189389,1.258826,5.140449,4.997186,2.971914,1.015333,0.000064,0.000034,3.749010,0.000003,0.075782,0.000448,0.061144,0.000000,0.000000,0.000000,0,0,0.000000,0.000000,0.000000,0.000000,0.000000,0.000000,0.000000,0.000000,0.000000,0.000000,0.000000,0.000000,0.000000,0.000000,0,0,0,0,0,0.000000,0.000000,0.000000,0.000000,0.000000,0.000000,0.000000,0.000000,0,0,0,0,0
506,1,18.881460,3.013689,2.731144,0.000041,0.557305,0.897125,0.893446,1.225115,1.259355,5.137346,4.994083,2.993910,0.979011,0.000064,0.000034,3.721297,0.000003,0.075768,0.000448,0.087575,0.000000,0.000000,0.000000,0,0,0.000000,0.000000,0.000000,0.000000,0.000000,0.000000,0.000000,0.000000,0.000000,0.000000,0.000000,0.000000,0.000000,0.000000,0,0,0,0,0,0.000000,0.000000,0.000000,0.000000,0.000000,0.000000,0.000000,0.000000,0,0,0,0,0
507,1,16.661045,0.000810,0.000000,0.000041,1.040015,0.910784,0.907104,1.214759,1.241547,5.159200,4.991163,2.973002,1.002658,0.000064,0.000034,4.044610,0.000003,0.075768,0.000448,0.083659,0.000000,0.000000,0.000000,0,0,0.000000,0.000000,0.000000,0.000000,0.000000,0.000000,0.000000,0.000000,0.000000,0.000000,0.000000,0.000000,0.000000,0.000000,0,0,0,0,0,0.000000,0.000000,0.000000,0.000000,0.000000,0.000000,0.000000,0.000000,0,0,0,0,0
508,1,18.460409,2.697930,2.415483,0.000041,0.546882,0.919152,0.915473,1.209696,1.263787,5.164890,5.021627,2.973636,1.001075,0.000064,0.000034,3.608103,0.000003,0.075782,0.000448,0.055396,0.000000,0.000000,0.000000,0,0,0.000000,0.000000,0.000000,0.000000,0.000000,0.000000,0.000000,0.000000,0.000000,0.000000,0.000000,0.000000,0.000000,0.000000,0,0,0,0,0,0.000000,0.000000,0.000000,0.000000,0.000000,0.000000,0.000000,0.000000,0,0,0,0,0
509,1,16.875671,0.282535,0.000000,0.000041,1.258213,0.917379,0.913700,1.206753,1.226983,5.172268,4.998403,2.945767,1.004371,0.000064,0.000034,3.789442,0.000003,0.075782,0.000448,0.059041,0.000000,0.000000,0.000000,0,0,0.000000,0.000000,0.000000,0.000000,0.000000,0.000000,0.000000,0.000000,0.000000,0.000000,0.000000,0.000000,0.000000,0.000000,0,0,0,0,0,0.000000,0.000000,0.000000,0.000000,0.000000,0.000000,0.000000,0.000000,0,0,0,0,0
510,1,18.778120,2.790439,2.789588,0.000041,0.570333,0.918332,0.914653,1.230781,1.239183,5.154711,5.011447,2.964237,0.995765,0.000064,0.000034,3.833788,0.000003,0.075768,0.000448,0.083015,0.000000,0.000000,0.000000,0,0,0.000000,0.000000,0.000000,0.000000,0.000000,0.000000,0.000000,0.000000,0.000000,0.000000,0.000000,0.000000,0.000000,0.000000,0,0,0,0,0,0.000000,0.000000,0.000000,0.000000,0.000000,0.000000,0.000000,0.000000,0,0,0,0,0
511,1,16.566020,0.000810,0.000000,0.000041,1.277605,0.928362,0.924683,1.217007,1.252285,5.162123,5.018860,2.975023,0.980971,0.000064,0.000034,3.676487,0.000003,0.075768,0.000448,0.066901,0.000000,0.000000,0.000000,0,0,0.000000,0.000000,0.000000,0.000000,0.000000,0.000000,0.000000,0.000000,0.000000,0.000000,0.000000,0.000000,0.000000,0.000000,0,0,0,0,0,0.000000,0.000000,0.000000,0.000000,0.000000,0.000000,0.000000,0.000000,0,0,0,0,0
512,1,19.660455,3.297095,2.994110,0.000041,0.677728,0.919525,0.915846,1.197862,1.260790,5.142531,4.999268,2.963118,1.000966,0.000064,0.000034,4.105937,0.000003,0.095320,0.000448,0.102936,0.000000,0.000000,0.000000,0,0,0.000000,0.000000,0.000000,0.000000,0.000000,0.000000,0.000000,0.000000,0.000000,0.000000,0.000000,0.000000,0.000000,0.000000,0,0,0,0,0,0.000000,0.000000,0.000000,0.000000,0.000000,0.000000,0.000000,0.000000,0,0,0,0,0
513,1,16.642917,0.300785,0.000000,0.000041,0.967553,0.940755,0.937076,1.190694,1.240692,5.133803,4.968174,2.972978,0.997365,0.000064,0.000034,3.819326,0.000003,0.075782,0.000448,0.082336,0.000000,0.000000,0.000000,0,0,0.000000,0.000000,0.000000,0.000000,0.000000,0.000000,0.000000,0.000000,0.000000,0.000000,0.000000,0.000000,0.000000,0.000000,0,0,0,0,0,0.000000,0.000000,0.000000,0.000000,0.000000,0.000000,0.000000,0.000000,0,0,0,0,0
514,1,18.869632,2.855272,2.531436,0.000041,0.709418,0.937124,0.933445,1.208771,1.254388,5.126180,4.982917,2.993045,1.031887,0.000064,0.000034,3.709117,0.000003,0.075768,0.000448,0.066739,0.000000,0.000000,0.000000,0,0,0.000000,0.000000,0.000000,0.000000,0.000000,0.000000,0.000000,0.000000,0.000000,0.000000,0.000000,0.000000,0.000000,0.000000,0,0,0,0,0,0.000000,0.000000,0.000000,0.000000,0.000000,0.000000,0.000000,0.000000,0,0,0,0,0
515,1,17.154538,0.297570,0.000000,0.000041,1.062425,0.920207,0.916528,1.215959,1.276421,5.137410,4.974864,2.987684,1.009338,0.000064,0.000034,4.180542,0.000003,0.075768,0.000448,0.066739,0.000000,0.000000,0.000000,0,0,0.000000,0.000000,0.000000,0.000000,0.000000,0.000000,0.000000,0.000000,0.000000,0.000000,0.000000,0.000000,0.000000,0.000000,0,0,0,0,0,0.000000,0.000000,0.000000,0.000000,0.000000,0.000000,0.000000,0.000000,0,0,0,0,0
516,1,18.126811,2.230584,1.948137,0.000041,0.841339,0.898729,0.895050,1.230791,1.239648,5.152266,5.009003,2.976501,0.983748,0.000064,0.000034,3.480621,0.000003,0.075782,0.000448,0.083150,0.000000,0.000000,0.000000,0,0,0.000000,0.000000,0.000000,0.000000,0.000000,0.000000,0.000000,0.000000,0.000000,0.000000,0.000000,0.000000,0.000000,0.000000,0,0,0,0,0,0.000000,0.000000,0.000000,0.000000,0.000000,0.000000,0.000000,0.000000,0,0,0,0,0
517,1,16.902486,0.000810,0.000000,0.000041,1.099606,0.918986,0.915307,1.211083,1.264794,5.151218,5.007955,2.955743,1.001702,0.000064,0.000034,4.223914,0.000003,0.075782,0.000448,0.066298,0.000000,0.000000,0.000000,0,0,0.000000,0.000000,0.000000,0.000000,0.000000,0.000000,0.000000,0.000000,0.000000,0.000000,0.000000,0.000000,0.000000,0.000000,0,0,0,0,0,0.000000,0.000000,0.000000,0.000000,0.000000,0.000000,0.000000,0.000000,0,0,0,0,0
518,1,19.061398,2.895640,2.894789,0.000041,0.646884,0.921197,0.917518,1.209191,1.238983,5.176480,4.975054,2.946299,1.001051,0.000064,0.000034,3.950406,0.000003,0.075768,0.000448,0.077555,0.000000,0.000000,0.000000,0,0,0.000000,0.000000,0.000000,0.000000,0.000000,0.000000,0.000000,0.000000,0.000000,0.000000,0.000000,0.000000,0.000000,0.000000,0,0,0,0,0,0.000000,0.000000,0.000000,0.000000,0.000000,0.000000,0.000000,0.000000,0,0,0,0,0
519,1,16.216119,0.000810,0.000000,0.000041,0.713325,0.932872,0.929192,1.210300,1.261200,5.153520,5.010257,2.976990,0.991448,0.000064,0.000034,3.890784,0.000003,0.075768,0.000448,0.060686,0.000000,0.000000,0.000000,0,0,0.000000,0.000000,0.000000,0.000000,0.000000,0.000000,0.000000,0.000000,0.000000,0.000000,0.000000,0.000000,0.000000,0.000000,0,0,0,0,0,0.000000,0.000000,0.000000,0.000000,0.000000,0.000000,0.000000,0.000000,0,0,0,0,0
520,1,19.127051,3.030117,2.729329,0.000041,0.698215,0.918308,0.914629,1.232279,1.245985,5.163269,5.020006,2.965519,1.011871,0.000064,0.000034,3.797028,0.000003,0.075782,0.000448,0.087552,0.000000,0.000000,0.000000,0,0,0.000000,0.000000,0.000000,0.000000,0.000000,0.000000,0.000000,0.000000,0.000000,0.000000,0.000000,0.000000,0.000000,0.000000,0,0,0,0,0,0.000000,0.000000,0.000000,0.000000,0.000000,0.000000,0.000000,0.000000,0,0,0,0,0
521,1,17.007233,0.301870,0.000000,0.000041,1.092702,0.939050,0.935371,1.189436,1.272200,5.182315,5.016602,2.952939,0.981998,0.000064,0.000034,4.000390,0.000003,0.075782,0.000448,0.066718,0.000000,0.000000,0.000000,0,0,0.000000,0.000000,0.000000,0.000000,0.000000,0.000000,0.000000,0.000000,0.000000,0.000000,0.000000,0.000000,0.000000,0.000000,0,0,0,0,0,0.000000,0.000000,0.000000,0.000000,0.000000,0.000000,0.000000,0.000000,0,0,0,0,0
522,1,19.342780,3.390418,3.081309,0.000041,0.594828,0.943281,0.939602,1.215125,1.260786,5.145264,5.002001,2.967489,1.033129,0.000064,0.000034,3.749271,0.000003,0.075768,0.000448,0.087084,0.000000,0.000000,0.000000,0,0,0.000000,0.000000,0.000000,0.000000,0.000000,0.000000,0.000000,0.000000,0.000000,0.000000,0.000000,0.000000,0.000000,0.000000,0,0,0,0,0,0.000000,0.000000,0.000000,0.000000,0.000000,0.000000,0.000000,0.000000,0,0,0,0,0
523,1,16.975420,0.300568,0.000000,0.000041,1.107876,0.915222,0.911543,1.215274,1.275892,5.142032,4.998769,2.982157,1.009399,0.000064,0.000034,3.944807,0.000003,0.091041,0.000448,0.072300,0.000000,0.000000,0.000000,0,0,0.000000,0.000000,0.000000,0.000000,0.000000,0.000000,0.000000,0.000000,0.000000,0.000000,0.000000,0.000000,0.000000,0.000000,0,0,0,0,0,0.000000,0.000000,0.000000,0.000000,0.000000,0.000000,0.000000,0.000000,0,0,0,0,0
524,1,18.997650,2.959039,2.676493,0.000041,0.690335,0.914785,0.911106,1.212558,1.267198,5.133460,4.976529,2.991574,1.001173,0.000064,0.000034,3.752370,0.000003,0.075782,0.000448,0.075504,0.000000,0.000000,0.000000,0,0,0.000000,0.000000,0.000000,0.000000,0.000000,0.000000,0.000000,0.000000,0.000000,0.000000,0.000000,0.000000,0.000000,0.000000,0,0,0,0,0,0.000000,0.000000,0.000000,0.000000,0.000000,0.000000,0.000000,0.000000,0,0,0,0,0
525,1,16.222446,0.000810,0.000000,0.000041,0.830577,0.942179,0.938500,1.224257,1.245287,5.173537,5.030273,2.973117,1.021325,0.000064,0.000034,3.756351,0.000003,0.075782,0.000448,0.082241,0.000000,0.000000,0.000000,0,0,0.000000,0.000000,0.000000,0.000000,0.000000,0.000000,0.000000,0.000000,0.000000,0.000000,0.000000,0.000000,0.000000,0.000000,0,0,0,0,0,0.000000,0.000000,0.000000,0.000000,0.000000,0.000000,0.000000,0.000000,0,0,0,0,0
526,1,19.069431,2.873060,2.590613,0.000041,0.626078,0.897820,0.894141,1.203474,1.252723,5.166656,5.011010,2.972182,0.981862,0.000064,0.000034,4.001119,0.000003,0.075768,0.000448,0.072744,0.000000,0.000000,0.000000,0,0,0.000000,0.000000,0.000000,0.000000,0.000000,0.000000,0.000000,0.000000,0.000000,0.000000,0.000000,0.000000,0.000000,0.000000,0,0,0,0,0,0.000000,0.000000,0.000000,0.000000,0.000000,0.000000,0.000000,0.000000,0,0,0,0,0
527,1,16.836148,0.282535,0.000000,0.000041,1.282559,0.920593,0.916914,1.207689,1.257412,5.144894,5.001631,2.958893,0.981964,0.000064,0.000034,3.705254,0.000003,0.075768,0.000448,0.068773,0.000000,0.000000,0.000000,0,0,0.000000,0.000000,0.000000,0.000000,0.000000,0.000000,0.000000,0.000000,0.000000,0.000000,0.000000,0.000000,0.000000,0.000000,0,0,0,0,0,0.000000,0.000000,0.000000,0.000000,0.000000,0.000000,0.000000,0.000000,0,0,0,0,0
528,1,18.736294,2.442166,2.441315,0.000041,0.716332,0.942013,0.938334,1.189212,1.284576,5.133335,4.990072,2.966709,1.023027,0.000064,0.000034,3.966275,0.000003,0.095127,0.000448,0.078640,0.000000,0.000000,0.000000,0,0,0.000000,0.000000,0.000000,0.000000,0.000000,0.000000,0.000000,0.000000,0.000000,0.000000,0.000000,0.000000,0.000000,0.000000,0,0,0,0,0,0.000000,0.000000,0.000000,0.000000,0.000000,0.000000,0.000000,0.000000,0,0,0,0,0
529,1,16.932573,0.302100,0.000000,0.000041,1.183139,0.930369,0.926690,1.189253,1.278280,5.151560,5.008297,2.969221,1.009993,0.000064,0.000034,3.852319,0.000003,0.075782,0.000448,0.066722,0.000000,0.000000,0.000000,0,0,0.000000,0.000000,0.000000,0.000000,0.000000,0.000000,0.000000,0.000000,0.000000,0.000000,0.000000,0.000000,0.000000,0.000000,0,0,0,0,0,0.000000,0.000000,0.000000,0.000000,0.000000,0.000000,0.000000,0.000000,0,0,0,0,0
530,1,18.967211,2.814674,2.509630,0.000041,0.748851,0.942725,0.939046,1.193197,1.278768,5.165788,5.022525,2.962416,1.011214,0.000064,0.000034,3.784475,0.000003,0.075768,0.000448,0.093296,0.000000,0.000000,0.000000,0,0,0.000000,0.000000,0.000000,0.000000,0.000000,0.000000,0.000000,0.000000,0.000000,0.000000,0.000000,0.000000,0.000000,0.000000,0,0,0,0,0,0.000000,0.000000,0.000000,0.000000,0.000000,0.000000,0.000000,0.000000,0,0,0,0,0
531,1,16.716990,0.323832,0.000000,0.000041,1.110650,0.939633,0.935954,1.189067,1.282637,5.118391,4.975128,2.984161,1.009206,0.000064,0.000034,3.692301,0.000003,0.075768,0.000448,0.073893,0.000000,0.000000,0.000000,0,0,0.000000,0.000000,0.000000,0.000000,0.000000,0.000000,0.000000,0.000000,0.000000,0.000000,0.000000,0.000000,0.000000,0.000000,0,0,0,0,0,0.000000,0.000000,0.000000,0.000000,0.000000,0.000000,0.000000,0.000000,0,0,0,0,0
532,1,18.724247,3.011946,2.704352,0.000041,0.546207,0.937222,0.933543,1.206085,1.264119,5.137170,4.993907,2.996060,1.000885,0.000064,0.000034,3.549106,0.000003,0.075782,0.000448,0.075521,0.000000,0.000000,0.000000,0,0,0.000000,0.000000,0.000000,0.000000,0.000000,0.000000,0.000000,0.000000,0.000000,0.000000,0.000000,0.000000,0.000000,0.000000,0,0,0,0,0,0.000000,0.000000,0.000000,0.000000,0.000000,0.000000,0.000000,0.000000,0,0,0,0,0
533,1,16.425045,0.282406,0.000000,0.000041,0.831472,0.915070,0.911391,1.208537,1.246535,5.165382,5.001539,2.968926,0.999844,0.000064,0.000034,3.730387,0.000003,0.075782,0.000448,0.059906,0.000000,0.000000,0.000000,0,0,0.000000,0.000000,0.000000,0.000000,0.000000,0.000000,0.000000,0.000000,0.000000,0.000000,0.000000,0.000000,0.000000,0.000000,0,0,0,0,0,0.000000,0.000000,0.000000,0.000000,0.000000,0.000000,0.000000,0.000000,0,0,0,0,0
534,1,18.744039,2.779331,2.496755,0.000041,0.553046,0.920400,0.916721,1.214050,1.259684,5.123627,4.980364,3.000729,1.038791,0.000064,0.000034,3.816854,0.000003,0.075768,0.000448,0.072723,0.000000,0.000000,0.000000,0,0,0.000000,0.000000,0.000000,0.000000,0.000000,0.000000,0.000000,0.000000,0.000000,0.000000,0.000000,0.000000,0.000000,0.000000,0,0,0,0,0,0.000000,0.000000,0.000000,0.000000,0.000000,0.000000,0.000000,0.000000,0,0,0,0,0
535,1,16.835117,0.282454,0.000000,0.000041,1.063897,0.925517,0.921838,1.228699,1.241516,5.153815,5.010552,2.966916,0.996908,0.000064,0.000034,3.895986,0.000003,0.075768,0.000448,0.101681,0.000000,0.000000,0.000000,0,0,0.000000,0.000000,0.000000,0.000000,0.000000,0.000000,0.000000,0.000000,0.000000,0.000000,0.000000,0.000000,0.000000,0.000000,0,0,0,0,0,0.000000,0.000000,0.000000,0.000000,0.000000,0.000000,0.000000,0.000000,0,0,0,0,0
536,1,18.376563,2.540873,2.540022,0.000041,0.624915,0.939558,0.935879,1.212802,1.260440,5.143287,5.000024,2.974297,1.031080,0.000064,0.000034,3.604058,0.000003,0.075782,0.000448,0.077606,0.000000,0.000000,0.000000,0,0,0.000000,0.000000,0.000000,0.000000,0.000000,0.000000,0.000000,0.000000,0.000000,0.000000,0.000000,0.000000,0.000000,0.000000,0,0,0,0,0,0.000000,0.000000,0.000000,0.000000,0.000000,0.000000,0.000000,0.000000,0,0,0,0,0
537,1,17.367154,0.304942,0.000000,0.000041,1.707096,0.921444,0.917765,1.213501,1.256419,5.166704,5.023441,2.948520,0.983707,0.000064,0.000034,3.772196,0.000003,0.075782,0.000448,0.051429,0.000000,0.000000,0.000000,0,0,0.000000,0.000000,0.000000,0.000000,0.000000,0.000000,0.000000,0.000000,0.000000,0.000000,0.000000,0.000000,0.000000,0.000000,0,0,0,0,0,0.000000,0.000000,0.000000,0.000000,0.000000,0.000000,0.000000,0.000000,0,0,0,0,0
538,1,18.219008,2.308821,2.010223,0.000041,0.573985,0.940457,0.936778,1.193498,1.239570,5.149489,4.965722,2.995850,0.997386,0.000064,0.000034,3.741021,0.000003,0.075768,0.000448,0.080861,0.000000,0.000000,0.000000,0,0,0.000000,0.000000,0.000000,0.000000,0.000000,0.000000,0.000000,0.000000,0.000000,0.000000,0.000000,0.000000,0.000000,0.000000,0,0,0,0,0,0.000000,0.000000,0.000000,0.000000,0.000000,0.000000,0.000000,0.000000,0,0,0,0,0
539,1,17.016591,0.314372,0.000000,0.000041,1.120524,0.942634,0.938955,1.180810,1.282433,5.138652,4.995388,2.993730,1.020884,0.000064,0.000034,3.951735,0.000003,0.091153,0.000448,0.066518,0.000000,0.000000,0.000000,0,0,0.000000,0.000000,0.000000,0.000000,0.000000,0.000000,0.000000,0.000000,0.000000,0.000000,0.000000,0.000000,0.000000,0.000000,0,0,0,0,0,0.000000,0.000000,0.000000,0.000000,0.000000,0.000000,0.000000,0.000000,0,0,0,0,0
540,1,18.808539,2.901608,2.587694,0.000041,0.644392,0.933512,0.929833,1.210253,1.268717,5.142127,4.998864,2.992727,1.005425,0.000064,0.000034,3.638872,0.000003,0.075782,0.000448,0.077911,0.000000,0.000000,0.000000,0,0,0.000000,0.000000,0.000000,0.000000,0.000000,0.000000,0.000000,0.000000,0.000000,0.000000,0.000000,0.000000,0.000000,0.000000,0,0,0,0,0,0.000000,0.000000,0.000000,0.000000,0.000000,0.000000,0.000000,0.000000,0,0,0,0,0
541,1,16.974264,0.282555,0.000000,0.000041,1.122033,0.922133,0.918454,1.199602,1.293172,5.141320,4.998057,2.990445,1.015879,0.000064,0.000034,3.946672,0.000003,0.075782,0.000448,0.065060,0.000000,0.000000,0.000000,0,0,0.000000,0.000000,0.000000,0.000000,0.000000,0.000000,0.000000,0.000000,0.000000,0.000000,0.000000,0.000000,0.000000,0.000000,0,0,0,0,0,0.000000,0.000000,0.000000,0.000000,0.000000,0.000000,0.000000,0.000000,0,0,0,0,0
542,1,18.490933,2.530979,2.248423,0.000041,0.692115,0.919176,0.915497,1.215152,1.250329,5.167901,5.010685,2.956167,0.983666,0.000064,0.000034,3.682797,0.000003,0.075768,0.000448,0.093441,0.000000,0.000000,0.000000,0,0,0.000000,0.000000,0.000000,0.000000,0.000000,0.000000,0.000000,0.000000,0.000000,0.000000,0.000000,0.000000,0.000000,0.000000,0,0,0,0,0,0.000000,0.000000,0.000000,0.000000,0.000000,0.000000,0.000000,0.000000,0,0,0,0,0
543,1,16.147834,0.000810,0.000000,0.000041,0.835517,0.946669,0.942990,1.192356,1.262390,5.158681,5.015418,2.966949,1.009623,0.000064,0.000034,3.708143,0.000003,0.075768,0.000448,0.084713,0.000000,0.000000,0.000000,0,0,0.000000,0.000000,0.000000,0.000000,0.000000,0.000000,0.000000,0.000000,0.000000,0.000000,0.000000,0.000000,0.000000,0.000000,0,0,0,0,0,0.000000,0.000000,0.000000,0.000000,0.000000,0.000000,0.000000,0.000000,0,0,0,0,0
544,1,20.934486,4.932326,4.649716,0.000041,0.767636,0.917436,0.913757,1.211748,1.267388,5.132060,4.988797,2.961928,0.983758,0.000064,0.000034,3.667633,0.000003,0.075782,0.000448,0.071214,0.000000,0.000000,0.000000,0,0,0.000000,0.000000,0.000000,0.000000,0.000000,0.000000,0.000000,0.000000,0.000000,0.000000,0.000000,0.000000,0.000000,0.000000,0,0,0,0,0,0.000000,0.000000,0.000000,0.000000,0.000000,0.000000,0.000000,0.000000,0,0,0,0,0
545,1,16.498050,0.306122,0.000000,0.000041,0.842536,0.946292,0.942613,1.192047,1.269908,5.156186,5.012922,2.958645,1.020715,0.000064,0.000034,3.749983,0.000003,0.075782,0.000448,0.074385,0.000000,0.000000,0.000000,0,0,0.000000,0.000000,0.000000,0.000000,0.000000,0.000000,0.000000,0.000000,0.000000,0.000000,0.000000,0.000000,0.000000,0.000000,0,0,0,0,0,0.000000,0.000000,0.000000,0.000000,0.000000,0.000000,0.000000,0.000000,0,0,0,0,0
546,1,18.112834,2.146406,1.845788,0.000041,0.588860,0.935720,0.932041,1.208747,1.262000,5.129181,4.985918,2.998461,0.995995,0.000064,0.000034,3.767141,0.000003,0.075768,0.000448,0.115868,0.000000,0.000000,0.000000,0,0,0.000000,0.000000,0.000000,0.000000,0.000000,0.000000,0.000000,0.000000,0.000000,0.000000,0.000000,0.000000,0.000000,0.000000,0,0,0,0,0,0.000000,0.000000,0.000000,0.000000,0.000000,0.000000,0.000000,0.000000,0,0,0,0,0
547,1,16.419681,0.301615,0.000000,0.000041,1.018700,0.942332,0.938653,1.189724,1.269026,5.136105,4.936459,2.989919,0.997667,0.000064,0.000034,3.495941,0.000003,0.075768,0.000448,0.070943,0.000000,0.000000,0.000000,0,0,0.000000,0.000000,0.000000,0.000000,0.000000,0.000000,0.000000,0.000000,0.000000,0.000000,0.000000,0.000000,0.000000,0.000000,0,0,0,0,0,0.000000,0.000000,0.000000,0.000000,0.000000,0.000000,0.000000,0.000000,0,0,0,0,0
548,1,18.197808,2.831580,2.530877,0.000041,0.523475,0.936445,0.932766,1.188802,1.256487,5.144725,4.965868,2.997253,1.017242,0.000064,0.000034,3.242710,0.000003,0.075782,0.000448,0.076267,0.000000,0.000000,0.000000,0,0,0.000000,0.000000,0.000000,0.000000,0.000000,0.000000,0.000000,0.000000,0.000000,0.000000,0.000000,0.000000,0.000000,0.000000,0,0,0,0,0,0.000000,0.000000,0.000000,0.000000,0.000000,0.000000,0.000000,0.000000,0,0,0,0,0
549,1,16.512387,0.313968,0.000000,0.000041,0.725945,0.918454,0.914775,1.225688,1.268602,5.145036,5.001773,2.985189,0.992964,0.000064,0.000034,3.830800,0.000003,0.098155,0.000448,0.072825,0.000000,0.000000,0.000000,0,0,0.000000,0.000000,0.000000,0.000000,0.000000,0.000000,0.000000,0.000000,0.000000,0.000000,0.000000,0.000000,0.000000,0.000000,0,0,0,0,0,0.000000,0.000000,0.000000,0.000000,0.000000,0.000000,0.000000,0.000000,0,0,0,0,0
550,1,18.411628,2.690687,2.385712,0.000041,0.547936,0.926232,0.922553,1.207163,1.262621,5.141622,4.977434,3.003103,1.004520,0.000064,0.000034,3.555946,0.000003,0.075768,0.000448,0.098606,0.000000,0.000000,0.000000,0,0,0.000000,0.000000,0.000000,0.000000,0.000000,0.000000,0.000000,0.000000,0.000000,0.000000,0.000000,0.000000,0.000000,0.000000,0,0,0,0,0,0.000000,0.000000,0.000000,0.000000,0.000000,0.000000,0.000000,0.000000,0,0,0,0,0
551,1,16.993673,0.282518,0.000000,0.000041,0.973511,0.922702,0.919023,1.208706,1.286618,5.140072,4.996809,2.994999,1.021983,0.000064,0.000034,4.108229,0.000003,0.075768,0.000448,0.087609,0.000000,0.000000,0.000000,0,0,0.000000,0.000000,0.000000,0.000000,0.000000,0.000000,0.000000,0.000000,0.000000,0.000000,0.000000,0.000000,0.000000,0.000000,0,0,0,0,0,0.000000,0.000000,0.000000,0.000000,0.000000,0.000000,0.000000,0.000000,0,0,0,0,0
552,1,18.249542,2.215064,1.932458,0.000041,0.539276,0.938944,0.935265,1.193671,1.281247,5.163378,5.020114,2.972568,1.039720,0.000064,0.000034,3.869063,0.000003,0.075782,0.000448,0.087769,0.000000,0.000000,0.000000,0,0,0.000000,0.000000,0.000000,0.000000,0.000000,0.000000,0.000000,0.000000,0.000000,0.000000,0.000000,0.000000,0.000000,0.000000,0,0,0,0,0,0.000000,0.000000,0.000000,0.000000,0.000000,0.000000,0.000000,0.000000,0,0,0,0,0
553,1,16.318980,0.000810,0.000000,0.000041,1.046614,0.933831,0.930152,1.202776,1.237125,5.154524,4.938487,2.943983,1.014574,0.000064,0.000034,3.722985,0.000003,0.075782,0.000448,0.059160,0.000000,0.000000,0.000000,0,0,0.000000,0.000000,0.000000,0.000000,0.000000,0.000000,0.000000,0.000000,0.000000,0.000000,0.000000,0.000000,0.000000,0.000000,0,0,0,0,0,0.000000,0.000000,0.000000,0.000000,0.000000,0.000000,0.000000,0.000000,0,0,0,0,0
554,1,18.607659,2.611382,2.328935,0.000041,0.521891,0.936028,0.932349,1.203101,1.261522,5.155084,5.011820,2.977431,1.027354,0.000064,0.000034,3.864902,0.000003,0.075768,0.000448,0.053565,0.000000,0.000000,0.000000,0,0,0.000000,0.000000,0.000000,0.000000,0.000000,0.000000,0.000000,0.000000,0.000000,0.000000,0.000000,0.000000,0.000000,0.000000,0,0,0,0,0,0.000000,0.000000,0.000000,0.000000,0.000000,0.000000,0.000000,0.000000,0,0,0,0,0
555,1,16.864363,0.302395,0.000000,0.000041,1.172445,0.935567,0.931888,1.211507,1.244331,5.160658,4.998973,2.957536,1.002713,0.000064,0.000034,3.803606,0.000003,0.075768,0.000448,0.065501,0.000000,0.000000,0.000000,0,0,0.000000,0.000000,0.000000,0.000000,0.000000,0.000000,0.000000,0.000000,0.000000,0.000000,0.000000,0.000000,0.000000,0.000000,0,0,0,0,0,0.000000,0.000000,0.000000,0.000000,0.000000,0.000000,0.000000,0.000000,0,0,0,0,0
556,1,18.760088,2.664517,2.368089,0.000041,0.481011,0.924503,0.920824,1.194621,1.282542,5.144168,4.986847,2.984066,1.015852,0.000064,0.000034,4.008328,0.000003,0.075782,0.000448,0.073215,0.000000,0.000000,0.000000,0,0,0.000000,0.000000,0.000000,0.000000,0.000000,0.000000,0.000000,0.000000,0.000000,0.000000,0.000000,0.000000,0.000000,0.000000,0,0,0,0,0,0.000000,0.000000,0.000000,0.000000,0.000000,0.000000,0.000000,0.000000,0,0,0,0,0
557,1,18.559774,0.000810,0.000000,0.000041,1.225891,0.943590,0.939911,1.192407,1.256816,5.145396,4.985240,2.988475,1.005788,0.000064,0.000034,5.712392,0.000003,0.093448,0.000448,0.049055,0.000000,0.000000,0.000000,0,0,0.000000,0.000000,0.000000,0.000000,0.000000,0.000000,0.000000,0.000000,0.000000,0.000000,0.000000,0.000000,0.000000,0.000000,0,0,0,0,0,0.000000,0.000000,0.000000,0.000000,0.000000,0.000000,0.000000,0.000000,0,0,0,0,0
558,1,18.845940,2.687408,2.364743,0.000041,0.657322,0.938300,0.934621,1.190026,1.277239,5.139428,4.996165,2.974158,0.982015,0.000064,0.000034,3.905741,0.000003,0.075768,0.000448,0.062280,0.000000,0.000000,0.000000,0,0,0.000000,0.000000,0.000000,0.000000,0.000000,0.000000,0.000000,0.000000,0.000000,0.000000,0.000000,0.000000,0.000000,0.000000,0,0,0,0,0,0.000000,0.000000,0.000000,0.000000,0.000000,0.000000,0.000000,0.000000,0,0,0,0,0
559,1,17.451809,0.304677,0.000000,0.000041,1.307292,0.910424,0.906745,1.205872,1.266517,5.144819,5.001556,2.998091,0.978546,0.000064,0.000034,4.219550,0.000003,0.094018,0.000448,0.094916,0.000000,0.000000,0.000000,0,0,0.000000,0.000000,0.000000,0.000000,0.000000,0.000000,0.000000,0.000000,0.000000,0.000000,0.000000,0.000000,0.000000,0.000000,0,0,0,0,0,0.000000,0.000000,0.000000,0.000000,0.000000,0.000000,0.000000,0.000000,0,0,0,0,0
560,1,20.274434,3.718397,3.435852,0.000041,0.695523,0.937642,0.933963,1.196055,1.282525,5.154215,5.010952,2.979017,1.038384,0.000064,0.000034,4.234728,0.000003,0.075782,0.000448,0.066739,0.000000,0.000000,0.000000,0,0,0.000000,0.000000,0.000000,0.000000,0.000000,0.000000,0.000000,0.000000,0.000000,0.000000,0.000000,0.000000,0.000000,0.000000,0,0,0,0,0,0.000000,0.000000,0.000000,0.000000,0.000000,0.000000,0.000000,0.000000,0,0,0,0,0
561,1,16.430467,0.000810,0.000000,0.000041,1.044654,0.915670,0.911991,1.210524,1.246507,5.155741,4.998260,2.977230,1.023682,0.000064,0.000034,3.802999,0.000003,0.075782,0.000448,0.059143,0.000000,0.000000,0.000000,0,0,0.000000,0.000000,0.000000,0.000000,0.000000,0.000000,0.000000,0.000000,0.000000,0.000000,0.000000,0.000000,0.000000,0.000000,0,0,0,0,0,0.000000,0.000000,0.000000,0.000000,0.000000,0.000000,0.000000,0.000000,0,0,0,0,0
562,1,19.125902,3.136980,2.854533,0.000041,0.608710,0.924683,0.921004,1.193682,1.270603,5.136824,4.993561,2.991048,1.017683,0.000064,0.000034,3.787055,0.000003,0.075768,0.000448,0.081760,0.000000,0.000000,0.000000,0,0,0.000000,0.000000,0.000000,0.000000,0.000000,0.000000,0.000000,0.000000,0.000000,0.000000,0.000000,0.000000,0.000000,0.000000,0,0,0,0,0,0.000000,0.000000,0.000000,0.000000,0.000000,0.000000,0.000000,0.000000,0,0,0,0,0
563,1,16.298180,0.299869,0.000000,0.000041,1.216739,0.922411,0.918732,1.209303,1.261953,5.154263,5.011000,2.953600,0.998054,0.000064,0.000034,3.203725,0.000003,0.075768,0.000448,0.058770,0.000000,0.000000,0.000000,0,0,0.000000,0.000000,0.000000,0.000000,0.000000,0.000000,0.000000,0.000000,0.000000,0.000000,0.000000,0.000000,0.000000,0.000000,0,0,0,0,0,0.000000,0.000000,0.000000,0.000000,0.000000,0.000000,0.000000,0.000000,0,0,0,0,0
564,1,18.884871,3.050168,2.747111,0.000041,0.592678,0.917335,0.913656,1.201789,1.261342,5.156148,4.994280,2.974857,1.046553,0.000064,0.000034,3.654222,0.000003,0.075782,0.000448,0.071214,0.000000,0.000000,0.000000,0,0,0.000000,0.000000,0.000000,0.000000,0.000000,0.000000,0.000000,0.000000,0.000000,0.000000,0.000000,0.000000,0.000000,0.000000,0,0,0,0,0,0.000000,0.000000,0.000000,0.000000,0.000000,0.000000,0.000000,0.000000,0,0,0,0,0
565,1,16.914808,0.304942,0.000000,0.000041,1.169474,0.929230,0.925551,1.196604,1.279975,5.141012,4.978963,2.949107,0.983090,0.000064,0.000034,3.868134,0.000003,0.075782,0.000448,0.073452,0.000000,0.000000,0.000000,0,0,0.000000,0.000000,0.000000,0.000000,0.000000,0.000000,0.000000,0.000000,0.000000,0.000000,0.000000,0.000000,0.000000,0.000000,0,0,0,0,0,0.000000,0.000000,0.000000,0.000000,0.000000,0.000000,0.000000,0.000000,0,0,0,0,0
566,1,18.931868,3.256226,2.929735,0.000041,0.663079,0.936961,0.933282,1.191545,1.278212,5.156721,5.013458,2.964650,1.004188,0.000064,0.000034,3.408156,0.000003,0.075768,0.000448,0.074402,0.000000,0.000000,0.000000,0,0,0.000000,0.000000,0.000000,0.000000,0.000000,0.000000,0.000000,0.000000,0.000000,0.000000,0.000000,0.000000,0.000000,0.000000,0,0,0,0,0,0.000000,0.000000,0.000000,0.000000,0.000000,0.000000,0.000000,0.000000,0,0,0,0,0
567,1,16.798876,0.327291,0.000000,0.000041,1.072879,0.933709,0.930030,1.190084,1.288293,5.111098,4.967834,3.003377,0.999173,0.000064,0.000034,3.795827,0.000003,0.075768,0.000448,0.058533,0.000000,0.000000,0.000000,0,0,0.000000,0.000000,0.000000,0.000000,0.000000,0.000000,0.000000,0.000000,0.000000,0.000000,0.000000,0.000000,0.000000,0.000000,0,0,0,0,0,0.000000,0.000000,0.000000,0.000000,0.000000,0.000000,0.000000,0.000000,0,0,0,0,0
568,1,19.035492,3.133260,2.835229,0.000041,0.646912,0.945177,0.941498,1.192508,1.249736,5.123515,4.936571,3.007972,1.003740,0.000064,0.000034,3.639560,0.000003,0.096303,0.000448,0.095544,0.000000,0.000000,0.000000,0,0,0.000000,0.000000,0.000000,0.000000,0.000000,0.000000,0.000000,0.000000,0.000000,0.000000,0.000000,0.000000,0.000000,0.000000,0,0,0,0,0,0.000000,0.000000,0.000000,0.000000,0.000000,0.000000,0.000000,0.000000,0,0,0,0,0
569,1,16.719198,0.282535,0.000000,0.000041,1.104092,0.917555,0.913876,1.213867,1.281057,5.150438,5.007175,2.995053,1.040666,0.000064,0.000034,3.698269,0.000003,0.075782,0.000448,0.066722,0.000000,0.000000,0.000000,0,0,0.000000,0.000000,0.000000,0.000000,0.000000,0.000000,0.000000,0.000000,0.000000,0.000000,0.000000,0.000000,0.000000,0.000000,0,0,0,0,0,0.000000,0.000000,0.000000,0.000000,0.000000,0.000000,0.000000,0.000000,0,0,0,0,0
570,1,19.914741,3.718336,3.435842,0.000041,0.609768,0.925903,0.922224,1.190837,1.281043,5.137285,4.994022,2.991631,1.026459,0.000064,0.000034,3.965112,0.000003,0.094276,0.000448,0.087151,0.000000,0.000000,0.000000,0,0,0.000000,0.000000,0.000000,0.000000,0.000000,0.000000,0.000000,0.000000,0.000000,0.000000,0.000000,0.000000,0.000000,0.000000,0,0,0,0,0,0.000000,0.000000,0.000000,0.000000,0.000000,0.000000,0.000000,0.000000,0,0,0,0,0
571,1,16.620080,0.282569,0.000000,0.000041,0.970035,0.912526,0.908847,1.210090,1.265361,5.124451,4.981188,2.958710,1.015727,0.000064,0.000034,3.820021,0.000003,0.075768,0.000448,0.066739,0.000000,0.000000,0.000000,0,0,0.000000,0.000000,0.000000,0.000000,0.000000,0.000000,0.000000,0.000000,0.000000,0.000000,0.000000,0.000000,0.000000,0.000000,0,0,0,0,0,0.000000,0.000000,0.000000,0.000000,0.000000,0.000000,0.000000,0.000000,0,0,0,0,0
572,1,19.258999,2.807119,2.524560,0.000041,0.771915,0.916287,0.912608,1.204146,1.246819,5.172672,4.991323,2.958344,1.002204,0.000064,0.000034,4.105367,0.000003,0.075782,0.000448,0.077142,0.000000,0.000000,0.000000,0,0,0.000000,0.000000,0.000000,0.000000,0.000000,0.000000,0.000000,0.000000,0.000000,0.000000,0.000000,0.000000,0.000000,0.000000,0,0,0,0,0,0.000000,0.000000,0.000000,0.000000,0.000000,0.000000,0.000000,0.000000,0,0,0,0,0
573,1,16.684740,0.299452,0.000000,0.000041,1.199541,0.941888,0.938209,1.203942,1.270206,5.146912,4.983032,2.960863,1.004462,0.000064,0.000034,3.568705,0.000003,0.092682,0.000448,0.067790,0.000000,0.000000,0.000000,0,0,0.000000,0.000000,0.000000,0.000000,0.000000,0.000000,0.000000,0.000000,0.000000,0.000000,0.000000,0.000000,0.000000,0.000000,0,0,0,0,0,0.000000,0.000000,0.000000,0.000000,0.000000,0.000000,0.000000,0.000000,0,0,0,0,0
574,1,19.203295,3.154334,2.846832,0.000041,0.676626,0.897132,0.893453,1.224002,1.241323,5.151632,5.008369,2.976698,1.022512,0.000064,0.000034,3.788618,0.000003,0.092380,0.000448,0.177975,0.000000,0.000000,0.000000,0,0,0.000000,0.000000,0.000000,0.000000,0.000000,0.000000,0.000000,0.000000,0.000000,0.000000,0.000000,0.000000,0.000000,0.000000,0,0,0,0,0,0.000000,0.000000,0.000000,0.000000,0.000000,0.000000,0.000000,0.000000,0,0,0,0,0
575,1,16.975983,0.303318,0.000000,0.000041,1.065620,0.942020,0.938341,1.193665,1.241553,5.132843,4.989580,2.967333,1.002465,0.000064,0.000034,4.053314,0.000003,0.075768,0.000448,0.111627,0.000000,0.000000,0.000000,0,0,0.000000,0.000000,0.000000,0.000000,0.000000,0.000000,0.000000,0.000000,0.000000,0.000000,0.000000,0.000000,0.000000,0.000000,0,0,0,0,0,0.000000,0.000000,0.000000,0.000000,0.000000,0.000000,0.000000,0.000000,0,0,0,0,0
576,1,18.929135,3.111555,3.110704,0.000041,0.713993,0.944194,0.940514,1.191922,1.258284,5.152181,5.008918,2.960500,1.009457,0.000064,0.000034,3.520176,0.000003,0.075782,0.000448,0.077148,0.000000,0.000000,0.000000,0,0,0.000000,0.000000,0.000000,0.000000,0.000000,0.000000,0.000000,0.000000,0.000000,0.000000,0.000000,0.000000,0.000000,0.000000,0,0,0,0,0,0.000000,0.000000,0.000000,0.000000,0.000000,0.000000,0.000000,0.000000,0,0,0,0,0
577,1,16.855459,0.302070,0.000000,0.000041,1.299269,0.924859,0.921180,1.208886,1.269870,5.152490,4.994944,2.989695,0.983727,0.000064,0.000034,3.631989,0.000003,0.075782,0.000448,0.061449,0.000000,0.000000,0.000000,0,0,0.000000,0.000000,0.000000,0.000000,0.000000,0.000000,0.000000,0.000000,0.000000,0.000000,0.000000,0.000000,0.000000,0.000000,0,0,0,0,0,0.000000,0.000000,0.000000,0.000000,0.000000,0.000000,0.000000,0.000000,0,0,0,0,0
578,1,18.434099,2.412476,2.127184,0.000041,0.492425,0.925646,0.921967,1.201477,1.263668,5.144253,5.000990,2.988797,1.045739,0.000064,0.000034,3.910638,0.000003,0.094170,0.000448,0.083184,0.000000,0.000000,0.000000,0,0,0.000000,0.000000,0.000000,0.000000,0.000000,0.000000,0.000000,0.000000,0.000000,0.000000,0.000000,0.000000,0.000000,0.000000,0,0,0,0,0,0.000000,0.000000,0.000000,0.000000,0.000000,0.000000,0.000000,0.000000,0,0,0,0,0
579,1,16.506185,0.282518,0.000000,0.000041,1.094520,0.924774,0.921095,1.221056,1.246535,5.159651,4.997064,2.974328,1.004642,0.000064,0.000034,3.526486,0.000003,0.075768,0.000448,0.061991,0.000000,0.000000,0.000000,0,0,0.000000,0.000000,0.000000,0.000000,0.000000,0.000000,0.000000,0.000000,0.000000,0.000000,0.000000,0.000000,0.000000,0.000000,0,0,0,0,0,0.000000,0.000000,0.000000,0.000000,0.000000,0.000000,0.000000,0.000000,0,0,0,0,0
580,1,19.083910,3.006744,2.724199,0.000041,0.667728,0.921021,0.917341,1.210154,1.279093,5.127818,4.984555,2.973063,0.992764,0.000064,0.000034,3.821957,0.000003,0.075782,0.000448,0.147871,0.000000,0.000000,0.000000,0,0,0.000000,0.000000,0.000000,0.000000,0.000000,0.000000,0.000000,0.000000,0.000000,0.000000,0.000000,0.000000,0.000000,0.000000,0,0,0,0,0,0.000000,0.000000,0.000000,0.000000,0.000000,0.000000,0.000000,0.000000,0,0,0,0,0
581,1,17.084615,0.282406,0.000000,0.000041,1.368195,0.921471,0.917792,1.203047,1.263065,5.146881,5.003618,2.973945,1.005154,0.000064,0.000034,3.849274,0.000003,0.075782,0.000448,0.053531,0.000000,0.000000,0.000000,0,0,0.000000,0.000000,0.000000,0.000000,0.000000,0.000000,0.000000,0.000000,0.000000,0.000000,0.000000,0.000000,0.000000,0.000000,0,0,0,0,0,0.000000,0.000000,0.000000,0.000000,0.000000,0.000000,0.000000,0.000000,0,0,0,0,0
582,1,19.103916,3.030358,2.728197,0.000041,0.758704,0.920698,0.917019,1.230394,1.243998,5.163235,4.997521,2.981486,0.999159,0.000064,0.000034,3.698724,0.000003,0.075768,0.000448,0.077674,0.000000,0.000000,0.000000,0,0,0.000000,0.000000,0.000000,0.000000,0.000000,0.000000,0.000000,0.000000,0.000000,0.000000,0.000000,0.000000,0.000000,0.000000,0,0,0,0,0,0.000000,0.000000,0.000000,0.000000,0.000000,0.000000,0.000000,0.000000,0,0,0,0,0
583,1,16.824521,0.296278,0.000000,0.000041,1.033264,0.937680,0.934001,1.194248,1.264977,5.111264,4.927199,3.018226,0.997453,0.000064,0.000034,3.892266,0.000003,0.075768,0.000448,0.067671,0.000000,0.000000,0.000000,0,0,0.000000,0.000000,0.000000,0.000000,0.000000,0.000000,0.000000,0.000000,0.000000,0.000000,0.000000,0.000000,0.000000,0.000000,0,0,0,0,0,0.000000,0.000000,0.000000,0.000000,0.000000,0.000000,0.000000,0.000000,0,0,0,0,0
584,1,20.426948,4.016730,3.692329,0.000041,0.584412,0.919895,0.916216,1.208513,1.263953,5.136973,4.993710,2.979801,1.019257,0.000064,0.000034,4.240339,0.000003,0.075782,0.000448,0.066722,0.000000,0.000000,0.000000,0,0,0.000000,0.000000,0.000000,0.000000,0.000000,0.000000,0.000000,0.000000,0.000000,0.000000,0.000000,0.000000,0.000000,0.000000,0,0,0,0,0,0.000000,0.000000,0.000000,0.000000,0.000000,0.000000,0.000000,0.000000,0,0,0,0,0
585,1,16.549815,0.322316,0.000000,0.000041,1.032715,0.922224,0.918545,1.208401,1.284373,5.109192,4.965929,3.004045,1.007901,0.000064,0.000034,3.590217,0.000003,0.075782,0.000448,0.069621,0.000000,0.000000,0.000000,0,0,0.000000,0.000000,0.000000,0.000000,0.000000,0.000000,0.000000,0.000000,0.000000,0.000000,0.000000,0.000000,0.000000,0.000000,0,0,0,0,0,0.000000,0.000000,0.000000,0.000000,0.000000,0.000000,0.000000,0.000000,0,0,0,0,0
586,1,18.612311,2.174076,1.875990,0.000041,0.583737,0.918159,0.914480,1.213175,1.238458,5.157759,5.014496,2.978146,0.998260,0.000064,0.000034,4.250170,0.000003,0.098083,0.000448,0.069282,0.000000,0.000000,0.000000,0,0,0.000000,0.000000,0.000000,0.000000,0.000000,0.000000,0.000000,0.000000,0.000000,0.000000,0.000000,0.000000,0.000000,0.000000,0,0,0,0,0,0.000000,0.000000,0.000000,0.000000,0.000000,0.000000,0.000000,0.000000,0,0,0,0,0
587,1,16.809991,0.285088,0.000000,0.000041,1.115753,0.922736,0.919057,1.213369,1.273407,5.152724,5.009460,2.982622,1.029697,0.000064,0.000034,3.787974,0.000003,0.075768,0.000448,0.086358,0.000000,0.000000,0.000000,0,0,0.000000,0.000000,0.000000,0.000000,0.000000,0.000000,0.000000,0.000000,0.000000,0.000000,0.000000,0.000000,0.000000,0.000000,0,0,0,0,0,0.000000,0.000000,0.000000,0.000000,0.000000,0.000000,0.000000,0.000000,0,0,0,0,0
588,1,19.896132,3.376329,3.093692,0.000041,0.671407,0.904697,0.901018,1.220117,1.265042,5.136366,4.974562,2.997203,0.980781,0.000064,0.000034,4.228800,0.000003,0.095622,0.000448,0.075385,0.000000,0.000000,0.000000,0,0,0.000000,0.000000,0.000000,0.000000,0.000000,0.000000,0.000000,0.000000,0.000000,0.000000,0.000000,0.000000,0.000000,0.000000,0,0,0,0,0,0.000000,0.000000,0.000000,0.000000,0.000000,0.000000,0.000000,0.000000,0,0,0,0,0
589,1,16.707889,0.000810,0.000000,0.000041,1.144524,0.941189,0.937510,1.208486,1.267422,5.168006,5.024743,2.969516,1.015439,0.000064,0.000034,3.931603,0.000003,0.075782,0.000448,0.084822,0.000000,0.000000,0.000000,0,0,0.000000,0.000000,0.000000,0.000000,0.000000,0.000000,0.000000,0.000000,0.000000,0.000000,0.000000,0.000000,0.000000,0.000000,0,0,0,0,0,0.000000,0.000000,0.000000,0.000000,0.000000,0.000000,0.000000,0.000000,0,0,0,0,0
590,1,19.403361,3.426890,3.144396,0.000041,0.605238,0.922557,0.918877,1.207374,1.261698,5.134803,4.973219,2.994802,1.017134,0.000064,0.000034,3.773682,0.000003,0.075768,0.000448,0.104645,0.000000,0.000000,0.000000,0,0,0.000000,0.000000,0.000000,0.000000,0.000000,0.000000,0.000000,0.000000,0.000000,0.000000,0.000000,0.000000,0.000000,0.000000,0,0,0,0,0,0.000000,0.000000,0.000000,0.000000,0.000000,0.000000,0.000000,0.000000,0,0,0,0,0
591,1,17.043549,0.304704,0.000000,0.000041,1.071194,0.942949,0.939270,1.187575,1.260010,5.166321,5.023058,2.978268,1.024217,0.000064,0.000034,4.056210,0.000003,0.075768,0.000448,0.072706,0.000000,0.000000,0.000000,0,0,0.000000,0.000000,0.000000,0.000000,0.000000,0.000000,0.000000,0.000000,0.000000,0.000000,0.000000,0.000000,0.000000,0.000000,0,0,0,0,0,0.000000,0.000000,0.000000,0.000000,0.000000,0.000000,0.000000,0.000000,0,0,0,0,0
592,1,18.325039,1.908349,1.907498,0.000041,0.737081,0.915358,0.911679,1.211650,1.282172,5.150211,4.992615,2.980530,1.031345,0.000064,0.000034,4.063358,0.000003,0.075782,0.000448,0.071198,0.000000,0.000000,0.000000,0,0,0.000000,0.000000,0.000000,0.000000,0.000000,0.000000,0.000000,0.000000,0.000000,0.000000,0.000000,0.000000,0.000000,0.000000,0,0,0,0,0,0.000000,0.000000,0.000000,0.000000,0.000000,0.000000,0.000000,0.000000,0,0,0,0,0
593,1,16.678036,0.000810,0.000000,0.000041,1.184608,0.895972,0.892293,1.231798,1.264808,5.141998,4.998735,2.994449,0.978465,0.000064,0.000034,3.887261,0.000003,0.075782,0.000448,0.099647,0.000000,0.000000,0.000000,0,0,0.000000,0.000000,0.000000,0.000000,0.000000,0.000000,0.000000,0.000000,0.000000,0.000000,0.000000,0.000000,0.000000,0.000000,0,0,0,0,0,0.000000,0.000000,0.000000,0.000000,0.000000,0.000000,0.000000,0.000000,0,0,0,0,0
594,1,17.907603,2.442505,2.122915,0.000041,0.573992,0.921126,0.917447,1.200714,1.287459,5.125410,4.982147,2.986098,1.029683,0.000064,0.000034,3.293983,0.000003,0.075768,0.000448,0.070858,0.000000,0.000000,0.000000,0,0,0.000000,0.000000,0.000000,0.000000,0.000000,0.000000,0.000000,0.000000,0.000000,0.000000,0.000000,0.000000,0.000000,0.000000,0,0,0,0,0,0.000000,0.000000,0.000000,0.000000,0.000000,0.000000,0.000000,0.000000,0,0,0,0,0
595,1,16.807705,0.304871,0.000000,0.000041,1.297668,0.905904,0.902225,1.230031,1.257911,5.125780,4.982517,3.003886,0.982232,0.000064,0.000034,3.605337,0.000003,0.075768,0.000448,0.062381,0.000000,0.000000,0.000000,0,0,0.000000,0.000000,0.000000,0.000000,0.000000,0.000000,0.000000,0.000000,0.000000,0.000000,0.000000,0.000000,0.000000,0.000000,0,0,0,0,0,0.000000,0.000000,0.000000,0.000000,0.000000,0.000000,0.000000,0.000000,0,0,0,0,0
596,1,18.984612,2.883508,2.582842,0.000041,0.573981,0.919773,0.916094,1.208340,1.289937,5.121646,4.955956,2.997257,1.040344,0.000064,0.000034,3.894697,0.000003,0.094923,0.000448,0.066806,0.000000,0.000000,0.000000,0,0,0.000000,0.000000,0.000000,0.000000,0.000000,0.000000,0.000000,0.000000,0.000000,0.000000,0.000000,0.000000,0.000000,0.000000,0,0,0,0,0,0.000000,0.000000,0.000000,0.000000,0.000000,0.000000,0.000000,0.000000,0,0,0,0,0
597,1,17.411964,0.282535,0.000000,0.000041,1.463199,0.918237,0.914558,1.204234,1.281708,5.126645,4.983381,2.979133,1.013133,0.000064,0.000034,4.060852,0.000003,0.094872,0.000448,0.095018,0.000000,0.000000,0.000000,0,0,0.000000,0.000000,0.000000,0.000000,0.000000,0.000000,0.000000,0.000000,0.000000,0.000000,0.000000,0.000000,0.000000,0.000000,0,0,0,0,0,0.000000,0.000000,0.000000,0.000000,0.000000,0.000000,0.000000,0.000000,0,0,0,0,0
598,1,18.571686,2.578149,2.577298,0.000041,0.563588,0.938568,0.934889,1.210921,1.259688,5.147776,5.004513,2.964684,1.006287,0.000064,0.000034,3.831994,0.000003,0.075768,0.000448,0.066739,0.000000,0.000000,0.000000,0,0,0.000000,0.000000,0.000000,0.000000,0.000000,0.000000,0.000000,0.000000,0.000000,0.000000,0.000000,0.000000,0.000000,0.000000,0,0,0,0,0,0.000000,0.000000,0.000000,0.000000,0.000000,0.000000,0.000000,0.000000,0,0,0,0,0
599,1,16.512404,0.000810,0.000000,0.000041,1.171902,0.940891,0.937212,1.195899,1.280535,5.152303,5.009040,2.972928,1.033139,0.000064,0.000034,3.720818,0.000003,0.075768,0.000448,0.066739,0.000000,0.000000,0.000000,0,0,0.000000,0.000000,0.000000,0.000000,0.000000,0.000000,0.000000,0.000000,0.000000,0.000000,0.000000,0.000000,0.000000,0.000000,0,0,0,0,0,0.000000,0.000000,0.000000,0.000000,0.000000,0.000000,0.000000,0.000000,0,0,0,0,0
600,1,18.108551,2.661258,2.356391,0.000041,0.626068,0.942929,0.939250,1.210402,1.256558,5.149506,5.006243,2.974562,1.020660,0.000064,0.000034,3.210938,0.000003,0.075782,0.000448,0.123189,0.000000,0.000000,0.000000,0,0,0.000000,0.000000,0.000000,0.000000,0.000000,0.000000,0.000000,0.000000,0.000000,0.000000,0.000000,0.000000,0.000000,0.000000,0,0,0,0,0,0.000000,0.000000,0.000000,0.000000,0.000000,0.000000,0.000000,0.000000,0,0,0,0,0
601,1,17.279405,0.303423,0.000000,0.000041,1.280375,0.943010,0.939331,1.188538,1.278568,5.147125,5.003862,2.959883,1.026883,0.000064,0.000034,4.102153,0.000003,0.075782,0.000448,0.042816,0.000000,0.000000,0.000000,0,0,0.000000,0.000000,0.000000,0.000000,0.000000,0.000000,0.000000,0.000000,0.000000,0.000000,0.000000,0.000000,0.000000,0.000000,0,0,0,0,0,0.000000,0.000000,0.000000,0.000000,0.000000,0.000000,0.000000,0.000000,0,0,0,0,0
602,1,19.952518,3.266208,2.943237,0.000041,0.880239,0.923065,0.919386,1.213732,1.260735,5.133033,4.975477,2.980662,1.032769,0.000064,0.000034,4.218526,0.000003,0.075768,0.000448,0.072723,0.000000,0.000000,0.000000,0,0,0.000000,0.000000,0.000000,0.000000,0.000000,0.000000,0.000000,0.000000,0.000000,0.000000,0.000000,0.000000,0.000000,0.000000,0,0,0,0,0,0.000000,0.000000,0.000000,0.000000,0.000000,0.000000,0.000000,0.000000,0,0,0,0,0
603,1,16.835364,0.302985,0.000000,0.000041,1.133681,0.938243,0.934564,1.188100,1.286753,5.136146,4.974813,2.987464,1.016035,0.000064,0.000034,3.785675,0.000003,0.075768,0.000448,0.056685,0.000000,0.000000,0.000000,0,0,0.000000,0.000000,0.000000,0.000000,0.000000,0.000000,0.000000,0.000000,0.000000,0.000000,0.000000,0.000000,0.000000,0.000000,0,0,0,0,0,0.000000,0.000000,0.000000,0.000000,0.000000,0.000000,0.000000,0.000000,0,0,0,0,0
604,1,19.156820,3.338342,3.037655,0.000041,0.657322,0.925025,0.921346,1.198134,1.278442,5.126021,4.982758,2.987373,1.010769,0.000064,0.000034,3.569831,0.000003,0.075782,0.000448,0.096459,0.000000,0.000000,0.000000,0,0,0.000000,0.000000,0.000000,0.000000,0.000000,0.000000,0.000000,0.000000,0.000000,0.000000,0.000000,0.000000,0.000000,0.000000,0,0,0,0,0,0.000000,0.000000,0.000000,0.000000,0.000000,0.000000,0.000000,0.000000,0,0,0,0,0
605,1,17.024563,0.285217,0.000000,0.000041,1.173648,0.911479,0.907800,1.225108,1.238736,5.133921,4.990658,2.984297,1.011454,0.000064,0.000034,3.973375,0.000003,0.098233,0.000448,0.076843,0.000000,0.000000,0.000000,0,0,0.000000,0.000000,0.000000,0.000000,0.000000,0.000000,0.000000,0.000000,0.000000,0.000000,0.000000,0.000000,0.000000,0.000000,0,0,0,0,0,0.000000,0.000000,0.000000,0.000000,0.000000,0.000000,0.000000,0.000000,0,0,0,0,0
606,1,19.692986,3.376543,3.375692,0.000041,0.771884,0.921231,0.917552,1.207886,1.260793,5.123298,4.980035,2.988081,1.001631,0.000064,0.000034,3.966953,0.000003,0.075768,0.000448,0.069689,0.000000,0.000000,0.000000,0,0,0.000000,0.000000,0.000000,0.000000,0.000000,0.000000,0.000000,0.000000,0.000000,0.000000,0.000000,0.000000,0.000000,0.000000,0,0,0,0,0,0.000000,0.000000,0.000000,0.000000,0.000000,0.000000,0.000000,0.000000,0,0,0,0,0
607,1,16.460863,0.000810,0.000000,0.000041,0.956685,0.934723,0.931044,1.193834,1.254622,5.168074,5.006104,2.975898,0.999549,0.000064,0.000034,3.899899,0.000003,0.075768,0.000448,0.107920,0.000000,0.000000,0.000000,0,0,0.000000,0.000000,0.000000,0.000000,0.000000,0.000000,0.000000,0.000000,0.000000,0.000000,0.000000,0.000000,0.000000,0.000000,0,0,0,0,0,0.000000,0.000000,0.000000,0.000000,0.000000,0.000000,0.000000,0.000000,0,0,0,0,0
608,1,18.707526,2.220595,1.938100,0.000041,0.424839,0.936490,0.932810,1.189382,1.282912,5.107378,4.964115,2.977271,0.992428,0.000064,0.000034,4.492330,0.000003,0.075782,0.000448,0.083584,0.000000,0.000000,0.000000,0,0,0.000000,0.000000,0.000000,0.000000,0.000000,0.000000,0.000000,0.000000,0.000000,0.000000,0.000000,0.000000,0.000000,0.000000,0,0,0,0,0,0.000000,0.000000,0.000000,0.000000,0.000000,0.000000,0.000000,0.000000,0,0,0,0,0
609,1,16.770186,0.298689,0.000000,0.000041,1.127001,0.926090,0.922411,1.210358,1.284990,5.159193,4.997009,2.951952,0.999803,0.000064,0.000034,3.735582,0.000003,0.075782,0.000448,0.054769,0.000000,0.000000,0.000000,0,0,0.000000,0.000000,0.000000,0.000000,0.000000,0.000000,0.000000,0.000000,0.000000,0.000000,0.000000,0.000000,0.000000,0.000000,0,0,0,0,0,0.000000,0.000000,0.000000,0.000000,0.000000,0.000000,0.000000,0.000000,0,0,0,0,0
610,1,20.112973,4.011990,3.707947,0.000041,0.633002,0.923723,0.920044,1.199965,1.280314,5.123010,4.955207,2.990997,1.035777,0.000064,0.000034,3.873654,0.000003,0.075768,0.000448,0.082937,0.000000,0.000000,0.000000,0,0,0.000000,0.000000,0.000000,0.000000,0.000000,0.000000,0.000000,0.000000,0.000000,0.000000,0.000000,0.000000,0.000000,0.000000,0,0,0,0,0,0.000000,0.000000,0.000000,0.000000,0.000000,0.000000,0.000000,0.000000,0,0,0,0,0
611,1,16.714793,0.323334,0.000000,0.000041,0.990485,0.941956,0.938277,1.192878,1.254354,5.150682,4.985633,2.987328,0.999135,0.000064,0.000034,3.797458,0.000003,0.075768,0.000448,0.069231,0.000000,0.000000,0.000000,0,0,0.000000,0.000000,0.000000,0.000000,0.000000,0.000000,0.000000,0.000000,0.000000,0.000000,0.000000,0.000000,0.000000,0.000000,0,0,0,0,0,0.000000,0.000000,0.000000,0.000000,0.000000,0.000000,0.000000,0.000000,0,0,0,0,0
612,1,18.298140,2.774116,2.450334,0.000041,0.549679,0.915256,0.911577,1.212477,1.269914,5.143687,4.978058,2.988909,0.999437,0.000064,0.000034,3.367771,0.000003,0.075782,0.000448,0.095337,0.000000,0.000000,0.000000,0,0,0.000000,0.000000,0.000000,0.000000,0.000000,0.000000,0.000000,0.000000,0.000000,0.000000,0.000000,0.000000,0.000000,0.000000,0,0,0,0,0,0.000000,0.000000,0.000000,0.000000,0.000000,0.000000,0.000000,0.000000,0,0,0,0,0
613,1,16.964376,0.304901,0.000000,0.000041,1.065708,0.921834,0.918155,1.206977,1.276520,5.131894,4.988631,2.992761,0.996847,0.000064,0.000034,3.969513,0.000003,0.093719,0.000448,0.069621,0.000000,0.000000,0.000000,0,0,0.000000,0.000000,0.000000,0.000000,0.000000,0.000000,0.000000,0.000000,0.000000,0.000000,0.000000,0.000000,0.000000,0.000000,0,0,0,0,0,0.000000,0.000000,0.000000,0.000000,0.000000,0.000000,0.000000,0.000000,0,0,0,0,0
614,1,19.104024,3.019406,2.736911,0.000041,0.605252,0.897491,0.893812,1.232463,1.253706,5.136844,4.979272,2.990200,0.976763,0.000064,0.000034,3.892344,0.000003,0.075768,0.000448,0.090254,0.000000,0.000000,0.000000,0,0,0.000000,0.000000,0.000000,0.000000,0.000000,0.000000,0.000000,0.000000,0.000000,0.000000,0.000000,0.000000,0.000000,0.000000,0,0,0,0,0,0.000000,0.000000,0.000000,0.000000,0.000000,0.000000,0.000000,0.000000,0,0,0,0,0
615,1,16.975827,0.282569,0.000000,0.000041,1.160946,0.922072,0.900984,1.224545,1.238976,5.146786,5.003523,2.972561,1.000095,0.000064,0.000034,3.951053,0.000003,0.075768,0.000448,0.064246,0.000000,0.000000,0.000000,0,0,0.000000,0.000000,0.000000,0.000000,0.000000,0.000000,0.000000,0.000000,0.000000,0.000000,0.000000,0.000000,0.000000,0.000000,0,0,0,0,0,0.000000,0.000000,0.000000,0.000000,0.000000,0.000000,0.000000,0.000000,0,0,0,0,0
616,1,18.779802,2.775838,2.774987,0.000041,0.626068,0.918525,0.914846,1.233710,1.245300,5.151279,5.008016,2.974335,1.015564,0.000064,0.000034,3.778415,0.000003,0.075782,0.000448,0.077152,0.000000,0.000000,0.000000,0,0,0.000000,0.000000,0.000000,0.000000,0.000000,0.000000,0.000000,0.000000,0.000000,0.000000,0.000000,0.000000,0.000000,0.000000,0,0,0,0,0,0.000000,0.000000,0.000000,0.000000,0.000000,0.000000,0.000000,0.000000,0,0,0,0,0
617,1,16.819339,0.282518,0.000000,0.000041,1.181725,0.925374,0.921695,1.216922,1.243306,5.158596,5.001706,2.973440,1.016964,0.000064,0.000034,3.761125,0.000003,0.075782,0.000448,0.068688,0.000000,0.000000,0.000000,0,0,0.000000,0.000000,0.000000,0.000000,0.000000,0.000000,0.000000,0.000000,0.000000,0.000000,0.000000,0.000000,0.000000,0.000000,0,0,0,0,0,0.000000,0.000000,0.000000,0.000000,0.000000,0.000000,0.000000,0.000000,0,0,0,0,0
618,1,20.010576,3.869581,3.564663,0.000041,0.594832,0.921549,0.917870,1.199375,1.256127,5.130334,4.967322,2.987396,1.017402,0.000064,0.000034,3.975064,0.000003,0.075768,0.000448,0.054769,0.000000,0.000000,0.000000,0,0,0.000000,0.000000,0.000000,0.000000,0.000000,0.000000,0.000000,0.000000,0.000000,0.000000,0.000000,0.000000,0.000000,0.000000,0,0,0,0,0,0.000000,0.000000,0.000000,0.000000,0.000000,0.000000,0.000000,0.000000,0,0,0,0,0
619,1,16.801873,0.299459,0.000000,0.000041,1.175151,0.938812,0.935133,1.189402,1.284441,5.135329,4.992065,2.991547,1.000376,0.000064,0.000034,3.711416,0.000003,0.075768,0.000448,0.072554,0.000000,0.000000,0.000000,0,0,0.000000,0.000000,0.000000,0.000000,0.000000,0.000000,0.000000,0.000000,0.000000,0.000000,0.000000,0.000000,0.000000,0.000000,0,0,0,0,0,0.000000,0.000000,0.000000,0.000000,0.000000,0.000000,0.000000,0.000000,0,0,0,0,0
620,1,19.145125,2.463352,2.462501,0.000041,0.742154,0.902625,0.898946,1.226234,1.266117,5.130846,4.985667,2.995955,0.982059,0.000064,0.000034,4.341512,0.000003,0.075782,0.000448,0.076402,0.000000,0.000000,0.000000,0,0,0.000000,0.000000,0.000000,0.000000,0.000000,0.000000,0.000000,0.000000,0.000000,0.000000,0.000000,0.000000,0.000000,0.000000,0,0,0,0,0,0.000000,0.000000,0.000000,0.000000,0.000000,0.000000,0.000000,0.000000,0,0,0,0,0
621,1,16.868344,0.304901,0.000000,0.000041,1.258470,0.918369,0.914690,1.218848,1.263380,5.146844,5.003581,2.995480,1.001194,0.000064,0.000034,3.685720,0.000003,0.075782,0.000448,0.084364,0.000000,0.000000,0.000000,0,0,0.000000,0.000000,0.000000,0.000000,0.000000,0.000000,0.000000,0.000000,0.000000,0.000000,0.000000,0.000000,0.000000,0.000000,0,0,0,0,0,0.000000,0.000000,0.000000,0.000000,0.000000,0.000000,0.000000,0.000000,0,0,0,0,0
622,1,19.123491,2.988641,2.706146,0.000041,0.709398,0.921278,0.917599,1.199375,1.262509,5.132433,4.974969,2.993340,1.001838,0.000064,0.000034,3.840200,0.000003,0.075768,0.000448,0.081658,0.000000,0.000000,0.000000,0,0,0.000000,0.000000,0.000000,0.000000,0.000000,0.000000,0.000000,0.000000,0.000000,0.000000,0.000000,0.000000,0.000000,0.000000,0,0,0,0,0,0.000000,0.000000,0.000000,0.000000,0.000000,0.000000,0.000000,0.000000,0,0,0,0,0
623,1,16.685757,0.282569,0.000000,0.000041,1.117984,0.924713,0.921034,1.231737,1.237583,5.154724,5.011461,2.982920,0.998332,0.000064,0.000034,3.677209,0.000003,0.075768,0.000448,0.066739,0.000000,0.000000,0.000000,0,0,0.000000,0.000000,0.000000,0.000000,0.000000,0.000000,0.000000,0.000000,0.000000,0.000000,0.000000,0.000000,0.000000,0.000000,0,0,0,0,0,0.000000,0.000000,0.000000,0.000000,0.000000,0.000000,0.000000,0.000000,0,0,0,0,0
624,1,19.473850,3.269647,2.987088,0.000041,0.646166,0.920227,0.916548,1.225606,1.265008,5.131731,4.988468,2.996545,1.023434,0.000064,0.000034,3.942590,0.000003,0.075782,0.000448,0.091288,0.000000,0.000000,0.000000,0,0,0.000000,0.000000,0.000000,0.000000,0.000000,0.000000,0.000000,0.000000,0.000000,0.000000,0.000000,0.000000,0.000000,0.000000,0,0,0,0,0,0.000000,0.000000,0.000000,0.000000,0.000000,0.000000,0.000000,0.000000,0,0,0,0,0
625,1,16.618608,0.282505,0.000000,0.000041,1.042019,0.932322,0.928643,1.207092,1.263302,5.164673,5.021410,2.987946,1.027218,0.000064,0.000034,3.662418,0.000003,0.075782,0.000448,0.082082,0.000000,0.000000,0.000000,0,0,0.000000,0.000000,0.000000,0.000000,0.000000,0.000000,0.000000,0.000000,0.000000,0.000000,0.000000,0.000000,0.000000,0.000000,0,0,0,0,0,0.000000,0.000000,0.000000,0.000000,0.000000,0.000000,0.000000,0.000000,0,0,0,0,0
626,1,18.815847,2.775872,2.493425,0.000041,0.532328,0.939592,0.935913,1.204993,1.271535,5.169091,5.025828,2.968441,1.011654,0.000064,0.000034,3.877675,0.000003,0.075768,0.000448,0.083116,0.000000,0.000000,0.000000,0,0,0.000000,0.000000,0.000000,0.000000,0.000000,0.000000,0.000000,0.000000,0.000000,0.000000,0.000000,0.000000,0.000000,0.000000,0,0,0,0,0,0.000000,0.000000,0.000000,0.000000,0.000000,0.000000,0.000000,0.000000,0,0,0,0,0
627,1,16.806441,0.300385,0.000000,0.000041,0.920966,0.932905,0.929226,1.202769,1.265313,5.135990,4.992727,2.994734,1.000661,0.000064,0.000034,3.977061,0.000003,0.075768,0.000448,0.130368,0.000000,0.000000,0.000000,0,0,0.000000,0.000000,0.000000,0.000000,0.000000,0.000000,0.000000,0.000000,0.000000,0.000000,0.000000,0.000000,0.000000,0.000000,0,0,0,0,0,0.000000,0.000000,0.000000,0.000000,0.000000,0.000000,0.000000,0.000000,0,0,0,0,0
628,1,18.523356,2.410017,2.409166,0.000041,0.686117,0.918535,0.914856,1.218757,1.277656,5.128089,4.946967,2.985843,1.022471,0.000064,0.000034,3.822011,0.000003,0.075782,0.000448,0.088369,0.000000,0.000000,0.000000,0,0,0.000000,0.000000,0.000000,0.000000,0.000000,0.000000,0.000000,0.000000,0.000000,0.000000,0.000000,0.000000,0.000000,0.000000,0,0,0,0,0,0.000000,0.000000,0.000000,0.000000,0.000000,0.000000,0.000000,0.000000,0,0,0,0,0
629,1,16.813846,0.000810,0.000000,0.000041,1.069499,0.918233,0.914554,1.231635,1.268032,5.137899,4.994636,2.993283,1.009806,0.000064,0.000034,4.118123,0.000003,0.075782,0.000448,0.065670,0.000000,0.000000,0.000000,0,0,0.000000,0.000000,0.000000,0.000000,0.000000,0.000000,0.000000,0.000000,0.000000,0.000000,0.000000,0.000000,0.000000,0.000000,0,0,0,0,0,0.000000,0.000000,0.000000,0.000000,0.000000,0.000000,0.000000,0.000000,0,0,0,0,0
630,1,19.344028,3.640286,3.339776,0.000041,0.631415,0.927182,0.923503,1.186581,1.265801,5.169623,4.976379,2.973796,1.006134,0.000064,0.000034,3.473026,0.000003,0.075768,0.000448,0.068993,0.000000,0.000000,0.000000,0,0,0.000000,0.000000,0.000000,0.000000,0.000000,0.000000,0.000000,0.000000,0.000000,0.000000,0.000000,0.000000,0.000000,0.000000,0,0,0,0,0,0.000000,0.000000,0.000000,0.000000,0.000000,0.000000,0.000000,0.000000,0,0,0,0,0
631,1,17.073252,0.282589,0.000000,0.000041,1.144362,0.918725,0.915046,1.210456,1.255327,5.168877,5.013577,3.000878,1.041962,0.000064,0.000034,4.015720,0.000003,0.075768,0.000448,0.061754,0.000000,0.000000,0.000000,0,0,0.000000,0.000000,0.000000,0.000000,0.000000,0.000000,0.000000,0.000000,0.000000,0.000000,0.000000,0.000000,0.000000,0.000000,0,0,0,0,0,0.000000,0.000000,0.000000,0.000000,0.000000,0.000000,0.000000,0.000000,0,0,0,0,0
632,1,18.736464,2.525631,2.243011,0.000041,0.768429,0.918735,0.915056,1.204932,1.267856,5.127241,4.983978,2.977993,1.024489,0.000064,0.000034,3.869314,0.000003,0.075782,0.000448,0.072706,0.000000,0.000000,0.000000,0,0,0.000000,0.000000,0.000000,0.000000,0.000000,0.000000,0.000000,0.000000,0.000000,0.000000,0.000000,0.000000,0.000000,0.000000,0,0,0,0,0,0.000000,0.000000,0.000000,0.000000,0.000000,0.000000,0.000000,0.000000,0,0,0,0,0
633,1,16.508111,0.000810,0.000000,0.000041,0.967634,0.938012,0.934333,1.186757,1.272895,5.148159,5.004896,2.981066,0.997342,0.000064,0.000034,3.936445,0.000003,0.075782,0.000448,0.072706,0.000000,0.000000,0.000000,0,0,0.000000,0.000000,0.000000,0.000000,0.000000,0.000000,0.000000,0.000000,0.000000,0.000000,0.000000,0.000000,0.000000,0.000000,0,0,0,0,0,0.000000,0.000000,0.000000,0.000000,0.000000,0.000000,0.000000,0.000000,0,0,0,0,0
634,1,19.101400,3.050168,2.767622,0.000041,0.712874,0.918352,0.914673,1.207102,1.262048,5.131524,4.988261,2.985087,1.035424,0.000064,0.000034,3.757928,0.000003,0.075768,0.000448,0.092373,0.000000,0.000000,0.000000,0,0,0.000000,0.000000,0.000000,0.000000,0.000000,0.000000,0.000000,0.000000,0.000000,0.000000,0.000000,0.000000,0.000000,0.000000,0,0,0,0,0,0.000000,0.000000,0.000000,0.000000,0.000000,0.000000,0.000000,0.000000,0,0,0,0,0
635,1,16.735745,0.304779,0.000000,0.000041,1.135115,0.942003,0.938324,1.190789,1.244500,5.153069,4.987434,2.973178,1.017938,0.000064,0.000034,3.715993,0.000003,0.075768,0.000448,0.048716,0.000000,0.000000,0.000000,0,0,0.000000,0.000000,0.000000,0.000000,0.000000,0.000000,0.000000,0.000000,0.000000,0.000000,0.000000,0.000000,0.000000,0.000000,0,0,0,0,0,0.000000,0.000000,0.000000,0.000000,0.000000,0.000000,0.000000,0.000000,0,0,0,0,0
636,1,19.043698,2.904310,2.608164,0.000041,0.698985,0.926707,0.923028,1.192898,1.273770,5.160526,5.017263,2.973260,1.016212,0.000064,0.000034,3.836911,0.000003,0.075782,0.000448,0.076402,0.000000,0.000000,0.000000,0,0,0.000000,0.000000,0.000000,0.000000,0.000000,0.000000,0.000000,0.000000,0.000000,0.000000,0.000000,0.000000,0.000000,0.000000,0,0,0,0,0,0.000000,0.000000,0.000000,0.000000,0.000000,0.000000,0.000000,0.000000,0,0,0,0,0
637,1,16.841793,0.314897,0.000000,0.000041,1.204291,0.937554,0.933875,1.185415,1.288557,5.135264,4.969635,2.992666,1.044264,0.000064,0.000034,3.706818,0.000003,0.075782,0.000448,0.066722,0.000000,0.000000,0.000000,0,0,0.000000,0.000000,0.000000,0.000000,0.000000,0.000000,0.000000,0.000000,0.000000,0.000000,0.000000,0.000000,0.000000,0.000000,0,0,0,0,0,0.000000,0.000000,0.000000,0.000000,0.000000,0.000000,0.000000,0.000000,0,0,0,0,0
638,1,18.982917,2.531047,2.530195,0.000041,0.658373,0.900604,0.896925,1.230075,1.265720,5.145348,5.002085,2.984066,0.981740,0.000064,0.000034,4.191366,0.000003,0.075768,0.000448,0.087565,0.000000,0.000000,0.000000,0,0,0.000000,0.000000,0.000000,0.000000,0.000000,0.000000,0.000000,0.000000,0.000000,0.000000,0.000000,0.000000,0.000000,0.000000,0,0,0,0,0,0.000000,0.000000,0.000000,0.000000,0.000000,0.000000,0.000000,0.000000,0,0,0,0,0
639,1,17.726776,0.296258,0.000000,0.000041,1.379225,0.900567,0.896888,1.220520,1.264136,5.143402,5.000139,2.998867,1.000281,0.000064,0.000034,4.447483,0.000003,0.075768,0.000448,0.068960,0.000000,0.000000,0.000000,0,0,0.000000,0.000000,0.000000,0.000000,0.000000,0.000000,0.000000,0.000000,0.000000,0.000000,0.000000,0.000000,0.000000,0.000000,0,0,0,0,0,0.000000,0.000000,0.000000,0.000000,0.000000,0.000000,0.000000,0.000000,0,0,0,0,0
640,1,17.442437,2.249257,1.966678,0.000041,0.474650,0.938972,0.935293,1.192376,1.275204,5.150503,5.007239,2.954447,1.000966,0.000064,0.000034,3.130697,0.000003,0.075782,0.000448,0.045207,0.000000,0.000000,0.000000,0,0,0.000000,0.000000,0.000000,0.000000,0.000000,0.000000,0.000000,0.000000,0.000000,0.000000,0.000000,0.000000,0.000000,0.000000,0,0,0,0,0,0.000000,0.000000,0.000000,0.000000,0.000000,0.000000,0.000000,0.000000,0,0,0,0,0
641,1,16.618205,0.282566,0.000000,0.000041,1.115974,0.918989,0.915310,1.231401,1.243924,5.145074,5.001811,2.968001,1.002648,0.000064,0.000034,3.635946,0.000003,0.075782,0.000448,0.050971,0.000000,0.000000,0.000000,0,0,0.000000,0.000000,0.000000,0.000000,0.000000,0.000000,0.000000,0.000000,0.000000,0.000000,0.000000,0.000000,0.000000,0.000000,0,0,0,0,0,0.000000,0.000000,0.000000,0.000000,0.000000,0.000000,0.000000,0.000000,0,0,0,0,0
642,1,18.906698,2.799106,2.516659,0.000041,0.616706,0.920834,0.917155,1.217438,1.242103,5.147858,5.004595,2.973507,1.022244,0.000064,0.000034,3.912828,0.000003,0.075768,0.000448,0.068298,0.000000,0.000000,0.000000,0,0,0.000000,0.000000,0.000000,0.000000,0.000000,0.000000,0.000000,0.000000,0.000000,0.000000,0.000000,0.000000,0.000000,0.000000,0,0,0,0,0,0.000000,0.000000,0.000000,0.000000,0.000000,0.000000,0.000000,0.000000,0,0,0,0,0
643,1,16.642365,0.282535,0.000000,0.000041,1.164513,0.940396,0.936717,1.206414,1.238746,5.168874,5.011956,2.965240,1.009420,0.000064,0.000034,3.599328,0.000003,0.075768,0.000448,0.070214,0.000000,0.000000,0.000000,0,0,0.000000,0.000000,0.000000,0.000000,0.000000,0.000000,0.000000,0.000000,0.000000,0.000000,0.000000,0.000000,0.000000,0.000000,0,0,0,0,0,0.000000,0.000000,0.000000,0.000000,0.000000,0.000000,0.000000,0.000000,0,0,0,0,0
644,1,19.187320,3.209890,2.910339,0.000041,0.598314,0.919864,0.916185,1.222046,1.248494,5.143185,4.999922,2.989061,1.045854,0.000064,0.000034,3.780134,0.000003,0.075782,0.000448,0.117567,0.000000,0.000000,0.000000,0,0,0.000000,0.000000,0.000000,0.000000,0.000000,0.000000,0.000000,0.000000,0.000000,0.000000,0.000000,0.000000,0.000000,0.000000,0,0,0,0,0,0.000000,0.000000,0.000000,0.000000,0.000000,0.000000,0.000000,0.000000,0,0,0,0,0
645,1,16.755520,0.301992,0.000000,0.000041,0.974372,0.915975,0.912296,1.209178,1.260054,5.137661,4.994398,2.983022,0.980289,0.000064,0.000034,3.896935,0.000003,0.075782,0.000448,0.064280,0.000000,0.000000,0.000000,0,0,0.000000,0.000000,0.000000,0.000000,0.000000,0.000000,0.000000,0.000000,0.000000,0.000000,0.000000,0.000000,0.000000,0.000000,0,0,0,0,0,0.000000,0.000000,0.000000,0.000000,0.000000,0.000000,0.000000,0.000000,0,0,0,0,0
646,1,20.057593,3.521623,3.196720,0.000041,0.715485,0.916182,0.912503,1.224623,1.242791,5.163601,5.020338,2.977610,1.019948,0.000064,0.000034,4.219360,0.000003,0.075768,0.000448,0.101444,0.000000,0.000000,0.000000,0,0,0.000000,0.000000,0.000000,0.000000,0.000000,0.000000,0.000000,0.000000,0.000000,0.000000,0.000000,0.000000,0.000000,0.000000,0,0,0,0,0,0.000000,0.000000,0.000000,0.000000,0.000000,0.000000,0.000000,0.000000,0,0,0,0,0
647,1,17.095150,0.319397,0.000000,0.000041,1.022742,0.919878,0.916199,1.215495,1.274255,5.146990,5.003727,2.966827,0.982527,0.000064,0.000034,4.153249,0.000003,0.075768,0.000448,0.070062,0.000000,0.000000,0.000000,0,0,0.000000,0.000000,0.000000,0.000000,0.000000,0.000000,0.000000,0.000000,0.000000,0.000000,0.000000,0.000000,0.000000,0.000000,0,0,0,0,0,0.000000,0.000000,0.000000,0.000000,0.000000,0.000000,0.000000,0.000000,0,0,0,0,0
648,1,19.153341,3.605720,3.307895,0.000041,0.594832,0.920176,0.916497,1.214867,1.265737,5.141917,4.998654,2.977132,0.999274,0.000064,0.000034,3.356628,0.000003,0.075782,0.000448,0.075470,0.000000,0.000000,0.000000,0,0,0.000000,0.000000,0.000000,0.000000,0.000000,0.000000,0.000000,0.000000,0.000000,0.000000,0.000000,0.000000,0.000000,0.000000,0,0,0,0,0,0.000000,0.000000,0.000000,0.000000,0.000000,0.000000,0.000000,0.000000,0,0,0,0,0
649,1,16.849830,0.282535,0.000000,0.000041,1.183855,0.921373,0.917694,1.230045,1.263102,5.143507,5.000244,2.978383,1.011091,0.000064,0.000034,3.770698,0.000003,0.075782,0.000448,0.085473,0.000000,0.000000,0.000000,0,0,0.000000,0.000000,0.000000,0.000000,0.000000,0.000000,0.000000,0.000000,0.000000,0.000000,0.000000,0.000000,0.000000,0.000000,0,0,0,0,0,0.000000,0.000000,0.000000,0.000000,0.000000,0.000000,0.000000,0.000000,0,0,0,0,0
650,1,18.965576,3.062198,2.777022,0.000041,0.700857,0.915565,0.911886,1.210609,1.279707,5.128855,4.971530,2.969601,1.002455,0.000064,0.000034,3.621867,0.000003,0.075768,0.000448,0.071960,0.000000,0.000000,0.000000,0,0,0.000000,0.000000,0.000000,0.000000,0.000000,0.000000,0.000000,0.000000,0.000000,0.000000,0.000000,0.000000,0.000000,0.000000,0,0,0,0,0,0.000000,0.000000,0.000000,0.000000,0.000000,0.000000,0.000000,0.000000,0,0,0,0,0
651,1,16.542979,0.000810,0.000000,0.000041,1.178172,0.930488,0.926809,1.207774,1.262807,5.146491,5.003228,2.967268,1.012933,0.000064,0.000034,3.772851,0.000003,0.075768,0.000448,0.058804,0.000000,0.000000,0.000000,0,0,0.000000,0.000000,0.000000,0.000000,0.000000,0.000000,0.000000,0.000000,0.000000,0.000000,0.000000,0.000000,0.000000,0.000000,0,0,0,0,0,0.000000,0.000000,0.000000,0.000000,0.000000,0.000000,0.000000,0.000000,0,0,0,0,0
652,1,18.662923,3.216838,2.934228,0.000041,0.563585,0.921397,0.917718,1.207699,1.267154,5.143016,4.962029,2.972205,1.016106,0.000064,0.000034,3.294698,0.000003,0.075782,0.000448,0.072520,0.000000,0.000000,0.000000,0,0,0.000000,0.000000,0.000000,0.000000,0.000000,0.000000,0.000000,0.000000,0.000000,0.000000,0.000000,0.000000,0.000000,0.000000,0,0,0,0,0,0.000000,0.000000,0.000000,0.000000,0.000000,0.000000,0.000000,0.000000,0,0,0,0,0
653,1,16.995073,0.300042,0.000000,0.000041,1.350003,0.921265,0.917586,1.210056,1.260200,5.142619,4.985725,2.979401,1.036953,0.000064,0.000034,3.755157,0.000003,0.075782,0.000448,0.058431,0.000000,0.000000,0.000000,0,0,0.000000,0.000000,0.000000,0.000000,0.000000,0.000000,0.000000,0.000000,0.000000,0.000000,0.000000,0.000000,0.000000,0.000000,0,0,0,0,0,0.000000,0.000000,0.000000,0.000000,0.000000,0.000000,0.000000,0.000000,0,0,0,0,0
654,1,19.048818,2.917847,2.916996,0.000041,0.577037,0.936656,0.932977,1.195672,1.271345,5.159668,5.016405,2.959771,0.982517,0.000064,0.000034,3.954505,0.000003,0.075768,0.000448,0.107931,0.000000,0.000000,0.000000,0,0,0.000000,0.000000,0.000000,0.000000,0.000000,0.000000,0.000000,0.000000,0.000000,0.000000,0.000000,0.000000,0.000000,0.000000,0,0,0,0,0,0.000000,0.000000,0.000000,0.000000,0.000000,0.000000,0.000000,0.000000,0,0,0,0,0
655,1,16.735497,0.000810,0.000000,0.000041,1.335466,0.939158,0.935479,1.191844,1.249908,5.153642,4.976793,2.970272,1.000919,0.000064,0.000034,3.818078,0.000003,0.075768,0.000448,0.055803,0.000000,0.000000,0.000000,0,0,0.000000,0.000000,0.000000,0.000000,0.000000,0.000000,0.000000,0.000000,0.000000,0.000000,0.000000,0.000000,0.000000,0.000000,0,0,0,0,0,0.000000,0.000000,0.000000,0.000000,0.000000,0.000000,0.000000,0.000000,0,0,0,0,0
656,1,19.063100,3.281036,2.953674,0.000041,0.771925,0.942105,0.938426,1.190097,1.278022,5.128649,4.985385,2.977753,1.031155,0.000064,0.000034,3.404999,0.000003,0.087965,0.000448,0.151510,0.000000,0.000000,0.000000,0,0,0.000000,0.000000,0.000000,0.000000,0.000000,0.000000,0.000000,0.000000,0.000000,0.000000,0.000000,0.000000,0.000000,0.000000,0,0,0,0,0,0.000000,0.000000,0.000000,0.000000,0.000000,0.000000,0.000000,0.000000,0,0,0,0,0
657,1,16.398373,0.301951,0.000000,0.000041,0.895131,0.920410,0.916731,1.211724,1.250322,5.151086,5.007823,2.993571,1.015205,0.000064,0.000034,3.597846,0.000003,0.075782,0.000448,0.066230,0.000000,0.000000,0.000000,0,0,0.000000,0.000000,0.000000,0.000000,0.000000,0.000000,0.000000,0.000000,0.000000,0.000000,0.000000,0.000000,0.000000,0.000000,0,0,0,0,0,0.000000,0.000000,0.000000,0.000000,0.000000,0.000000,0.000000,0.000000,0,0,0,0,0
658,1,18.788401,3.130005,2.827321,0.000041,0.744141,0.945265,0.941586,1.190084,1.283084,5.116319,4.973056,3.000397,0.999159,0.000064,0.000034,3.289971,0.000003,0.088586,0.000448,0.081726,0.000000,0.000000,0.000000,0,0,0.000000,0.000000,0.000000,0.000000,0.000000,0.000000,0.000000,0.000000,0.000000,0.000000,0.000000,0.000000,0.000000,0.000000,0,0,0,0,0,0.000000,0.000000,0.000000,0.000000,0.000000,0.000000,0.000000,0.000000,0,0,0,0,0
659,1,16.852712,0.282454,0.000000,0.000041,1.176405,0.921624,0.898733,1.209537,1.241886,5.136610,4.993347,2.964176,0.994734,0.000064,0.000034,3.824266,0.000003,0.095205,0.000448,0.077267,0.000000,0.000000,0.000000,0,0,0.000000,0.000000,0.000000,0.000000,0.000000,0.000000,0.000000,0.000000,0.000000,0.000000,0.000000,0.000000,0.000000,0.000000,0,0,0,0,0,0.000000,0.000000,0.000000,0.000000,0.000000,0.000000,0.000000,0.000000,0,0,0,0,0
660,1,18.581868,2.162031,2.161180,0.000041,0.675408,0.940030,0.936351,1.188273,1.278659,5.155931,5.000556,2.972904,1.029280,0.000064,0.000034,4.132300,0.000003,0.075782,0.000448,0.056312,0.000000,0.000000,0.000000,0,0,0.000000,0.000000,0.000000,0.000000,0.000000,0.000000,0.000000,0.000000,0.000000,0.000000,0.000000,0.000000,0.000000,0.000000,0,0,0,0,0,0.000000,0.000000,0.000000,0.000000,0.000000,0.000000,0.000000,0.000000,0,0,0,0,0
661,1,16.522502,0.000810,0.000000,0.000041,1.088243,0.941033,0.937354,1.188056,1.268514,5.136166,4.992903,2.970635,0.976786,0.000064,0.000034,3.852712,0.000003,0.075782,0.000448,0.063263,0.000000,0.000000,0.000000,0,0,0.000000,0.000000,0.000000,0.000000,0.000000,0.000000,0.000000,0.000000,0.000000,0.000000,0.000000,0.000000,0.000000,0.000000,0,0,0,0,0,0.000000,0.000000,0.000000,0.000000,0.000000,0.000000,0.000000,0.000000,0,0,0,0,0
662,1,18.963352,2.813592,2.512143,0.000041,0.657315,0.936334,0.932654,1.193492,1.262638,5.140842,4.997579,2.972436,1.016632,0.000064,0.000034,3.910387,0.000003,0.075768,0.000448,0.089389,0.000000,0.000000,0.000000,0,0,0.000000,0.000000,0.000000,0.000000,0.000000,0.000000,0.000000,0.000000,0.000000,0.000000,0.000000,0.000000,0.000000,0.000000,0,0,0,0,0,0.000000,0.000000,0.000000,0.000000,0.000000,0.000000,0.000000,0.000000,0,0,0,0,0
663,1,16.661482,0.311059,0.000000,0.000041,0.975349,0.903269,0.899590,1.232432,1.255842,5.145304,5.002041,2.998871,0.985528,0.000064,0.000034,3.744537,0.000003,0.094269,0.000448,0.098223,0.000000,0.000000,0.000000,0,0,0.000000,0.000000,0.000000,0.000000,0.000000,0.000000,0.000000,0.000000,0.000000,0.000000,0.000000,0.000000,0.000000,0.000000,0,0,0,0,0,0.000000,0.000000,0.000000,0.000000,0.000000,0.000000,0.000000,0.000000,0,0,0,0,0
664,1,18.737708,2.626455,2.326406,0.000041,0.605242,0.916697,0.913018,1.234172,1.255239,5.137794,4.994531,2.994236,0.997101,0.000064,0.000034,3.891544,0.000003,0.075782,0.000448,0.070553,0.000000,0.000000,0.000000,0,0,0.000000,0.000000,0.000000,0.000000,0.000000,0.000000,0.000000,0.000000,0.000000,0.000000,0.000000,0.000000,0.000000,0.000000,0,0,0,0,0,0.000000,0.000000,0.000000,0.000000,0.000000,0.000000,0.000000,0.000000,0,0,0,0,0
665,1,16.725047,0.300917,0.000000,0.000041,1.083242,0.922624,0.918945,1.206638,1.277835,5.121216,4.977953,2.978709,1.004032,0.000064,0.000034,3.757534,0.000003,0.075782,0.000448,0.081662,0.000000,0.000000,0.000000,0,0,0.000000,0.000000,0.000000,0.000000,0.000000,0.000000,0.000000,0.000000,0.000000,0.000000,0.000000,0.000000,0.000000,0.000000,0,0,0,0,0,0.000000,0.000000,0.000000,0.000000,0.000000,0.000000,0.000000,0.000000,0,0,0,0,0
666,1,19.009152,2.946771,2.643307,0.000041,0.562646,0.917094,0.913415,1.208211,1.283603,5.116638,4.959744,2.991740,1.036062,0.000064,0.000034,3.906131,0.000003,0.075768,0.000448,0.070004,0.000000,0.000000,0.000000,0,0,0.000000,0.000000,0.000000,0.000000,0.000000,0.000000,0.000000,0.000000,0.000000,0.000000,0.000000,0.000000,0.000000,0.000000,0,0,0,0,0,0.000000,0.000000,0.000000,0.000000,0.000000,0.000000,0.000000,0.000000,0,0,0,0,0
667,1,16.920403,0.299591,0.000000,0.000041,1.109226,0.922594,0.918915,1.210944,1.255425,5.132307,4.968462,2.986118,1.021535,0.000064,0.000034,3.927880,0.000003,0.075768,0.000448,0.077169,0.000000,0.000000,0.000000,0,0,0.000000,0.000000,0.000000,0.000000,0.000000,0.000000,0.000000,0.000000,0.000000,0.000000,0.000000,0.000000,0.000000,0.000000,0,0,0,0,0,0.000000,0.000000,0.000000,0.000000,0.000000,0.000000,0.000000,0.000000,0,0,0,0,0
668,1,18.363698,2.611959,2.329349,0.000041,0.731849,0.917280,0.913601,1.202416,1.266910,5.164497,5.021233,2.973901,1.020003,0.000064,0.000034,3.418555,0.000003,0.075782,0.000448,0.089773,0.000000,0.000000,0.000000,0,0,0.000000,0.000000,0.000000,0.000000,0.000000,0.000000,0.000000,0.000000,0.000000,0.000000,0.000000,0.000000,0.000000,0.000000,0,0,0,0,0,0.000000,0.000000,0.000000,0.000000,0.000000,0.000000,0.000000,0.000000,0,0,0,0,0
669,1,16.646298,0.285200,0.000000,0.000041,1.201772,0.916358,0.912679,1.229882,1.242557,5.138058,4.980608,2.973534,1.002842,0.000064,0.000034,3.582604,0.000003,0.075782,0.000448,0.049903,0.000000,0.000000,0.000000,0,0,0.000000,0.000000,0.000000,0.000000,0.000000,0.000000,0.000000,0.000000,0.000000,0.000000,0.000000,0.000000,0.000000,0.000000,0,0,0,0,0,0.000000,0.000000,0.000000,0.000000,0.000000,0.000000,0.000000,0.000000,0,0,0,0,0
670,1,20.024197,2.904599,2.622053,0.000041,0.736935,0.940209,0.936530,1.202128,1.225274,5.178725,5.016693,2.955305,1.019799,0.000064,0.000034,4.804704,0.000003,0.075768,0.000448,0.072350,0.000000,0.000000,0.000000,0,0,0.000000,0.000000,0.000000,0.000000,0.000000,0.000000,0.000000,0.000000,0.000000,0.000000,0.000000,0.000000,0.000000,0.000000,0,0,0,0,0,0.000000,0.000000,0.000000,0.000000,0.000000,0.000000,0.000000,0.000000,0,0,0,0,0
671,1,16.840752,0.282406,0.000000,0.000041,1.225847,0.950728,0.947049,1.190606,1.278086,5.132100,4.975956,2.957720,1.001065,0.000064,0.000034,3.746941,0.000003,0.075768,0.000448,0.066993,0.000000,0.000000,0.000000,0,0,0.000000,0.000000,0.000000,0.000000,0.000000,0.000000,0.000000,0.000000,0.000000,0.000000,0.000000,0.000000,0.000000,0.000000,0,0,0,0,0,0.000000,0.000000,0.000000,0.000000,0.000000,0.000000,0.000000,0.000000,0,0,0,0,0
672,1,19.134060,3.123884,3.123033,0.000041,0.650377,0.934523,0.930844,1.215569,1.265445,5.156704,4.992933,2.967411,0.999183,0.000064,0.000034,3.743815,0.000003,0.075782,0.000448,0.093285,0.000000,0.000000,0.000000,0,0,0.000000,0.000000,0.000000,0.000000,0.000000,0.000000,0.000000,0.000000,0.000000,0.000000,0.000000,0.000000,0.000000,0.000000,0,0,0,0,0,0.000000,0.000000,0.000000,0.000000,0.000000,0.000000,0.000000,0.000000,0,0,0,0,0
673,1,16.108168,0.000810,0.000000,0.000041,0.895786,0.925754,0.922075,1.200012,1.228807,5.179430,5.020498,2.954810,0.999976,0.000064,0.000034,3.628706,0.000003,0.093502,0.000448,0.048123,0.000000,0.000000,0.000000,0,0,0.000000,0.000000,0.000000,0.000000,0.000000,0.000000,0.000000,0.000000,0.000000,0.000000,0.000000,0.000000,0.000000,0.000000,0,0,0,0,0,0.000000,0.000000,0.000000,0.000000,0.000000,0.000000,0.000000,0.000000,0,0,0,0,0
674,1,19.002041,2.456438,2.152605,0.000041,0.594822,0.928141,0.924462,1.194397,1.255727,5.153459,5.010196,2.971798,1.000420,0.000064,0.000034,4.370941,0.000003,0.075768,0.000448,0.071181,0.000000,0.000000,0.000000,0,0,0.000000,0.000000,0.000000,0.000000,0.000000,0.000000,0.000000,0.000000,0.000000,0.000000,0.000000,0.000000,0.000000,0.000000,0,0,0,0,0,0.000000,0.000000,0.000000,0.000000,0.000000,0.000000,0.000000,0.000000,0,0,0,0,0
675,1,16.865899,0.300527,0.000000,0.000041,1.072893,0.911431,0.907752,1.210188,1.254388,5.173526,5.016113,2.954810,0.982008,0.000064,0.000034,3.911818,0.000003,0.075768,0.000448,0.098219,0.000000,0.000000,0.000000,0,0,0.000000,0.000000,0.000000,0.000000,0.000000,0.000000,0.000000,0.000000,0.000000,0.000000,0.000000,0.000000,0.000000,0.000000,0,0,0,0,0,0.000000,0.000000,0.000000,0.000000,0.000000,0.000000,0.000000,0.000000,0,0,0,0,0
676,1,18.776326,2.501539,2.205397,0.000041,0.667721,0.897047,0.893368,1.227264,1.247830,5.149207,4.983578,2.964281,0.997504,0.000064,0.000034,4.045105,0.000003,0.075782,0.000448,0.077148,0.000000,0.000000,0.000000,0,0,0.000000,0.000000,0.000000,0.000000,0.000000,0.000000,0.000000,0.000000,0.000000,0.000000,0.000000,0.000000,0.000000,0.000000,0,0,0,0,0,0.000000,0.000000,0.000000,0.000000,0.000000,0.000000,0.000000,0.000000,0,0,0,0,0
677,1,16.841292,0.282518,0.000000,0.000041,1.250275,0.900438,0.896759,1.227495,1.247823,5.150211,5.006948,2.985287,1.008026,0.000064,0.000034,3.720913,0.000003,0.075782,0.000448,0.067301,0.000000,0.000000,0.000000,0,0,0.000000,0.000000,0.000000,0.000000,0.000000,0.000000,0.000000,0.000000,0.000000,0.000000,0.000000,0.000000,0.000000,0.000000,0,0,0,0,0,0.000000,0.000000,0.000000,0.000000,0.000000,0.000000,0.000000,0.000000,0,0,0,0,0
678,1,18.711358,2.673414,2.388126,0.000041,0.730228,0.941271,0.937592,1.203942,1.258104,5.155484,5.012221,2.975545,1.015377,0.000064,0.000034,3.697052,0.000003,0.075768,0.000448,0.074402,0.000000,0.000000,0.000000,0,0,0.000000,0.000000,0.000000,0.000000,0.000000,0.000000,0.000000,0.000000,0.000000,0.000000,0.000000,0.000000,0.000000,0.000000,0,0,0,0,0,0.000000,0.000000,0.000000,0.000000,0.000000,0.000000,0.000000,0.000000,0,0,0,0,0
679,1,16.553684,0.000810,0.000000,0.000041,1.053396,0.937127,0.933448,1.192691,1.269033,5.127112,4.948127,2.967950,1.001539,0.000064,0.000034,3.929247,0.000003,0.075768,0.000448,0.072740,0.000000,0.000000,0.000000,0,0,0.000000,0.000000,0.000000,0.000000,0.000000,0.000000,0.000000,0.000000,0.000000,0.000000,0.000000,0.000000,0.000000,0.000000,0,0,0,0,0,0.000000,0.000000,0.000000,0.000000,0.000000,0.000000,0.000000,0.000000,0,0,0,0,0
680,1,19.507660,3.392656,3.110209,0.000041,0.730696,0.918457,0.914778,1.215654,1.259871,5.150126,5.006863,2.950812,0.995836,0.000064,0.000034,3.813056,0.000003,0.075782,0.000448,0.080675,0.000000,0.000000,0.000000,0,0,0.000000,0.000000,0.000000,0.000000,0.000000,0.000000,0.000000,0.000000,0.000000,0.000000,0.000000,0.000000,0.000000,0.000000,0,0,0,0,0,0.000000,0.000000,0.000000,0.000000,0.000000,0.000000,0.000000,0.000000,0,0,0,0,0
681,1,17.824527,0.311618,0.000000,0.000041,1.229329,0.933682,0.930003,1.188165,1.284400,5.138594,4.995331,2.996477,0.995995,0.000064,0.000034,4.665931,0.000003,0.075782,0.000448,0.122382,0.000000,0.000000,0.000000,0,0,0.000000,0.000000,0.000000,0.000000,0.000000,0.000000,0.000000,0.000000,0.000000,0.000000,0.000000,0.000000,0.000000,0.000000,0,0,0,0,0,0.000000,0.000000,0.000000,0.000000,0.000000,0.000000,0.000000,0.000000,0,0,0,0,0
682,1,18.132124,2.121958,2.121107,0.000041,0.471825,0.917555,0.913876,1.212056,1.260020,5.149105,5.005842,2.967848,1.024777,0.000064,0.000034,3.933072,0.000003,0.098134,0.000448,0.086829,0.000000,0.000000,0.000000,0,0,0.000000,0.000000,0.000000,0.000000,0.000000,0.000000,0.000000,0.000000,0.000000,0.000000,0.000000,0.000000,0.000000,0.000000,0,0,0,0,0,0.000000,0.000000,0.000000,0.000000,0.000000,0.000000,0.000000,0.000000,0,0,0,0,0
683,1,16.124512,0.000810,0.000000,0.000041,0.890662,0.925344,0.921665,1.213942,1.254615,5.128716,4.985453,2.956465,1.005527,0.000064,0.000034,3.677639,0.000003,0.075768,0.000448,0.058821,0.000000,0.000000,0.000000,0,0,0.000000,0.000000,0.000000,0.000000,0.000000,0.000000,0.000000,0.000000,0.000000,0.000000,0.000000,0.000000,0.000000,0.000000,0,0,0,0,0,0.000000,0.000000,0.000000,0.000000,0.000000,0.000000,0.000000,0.000000,0,0,0,0,0
684,1,18.446235,2.534522,2.234907,0.000041,0.638730,0.899397,0.895718,1.212263,1.243941,5.153151,5.009888,2.972287,0.995856,0.000064,0.000034,3.715613,0.000003,0.075782,0.000448,0.093828,0.000000,0.000000,0.000000,0,0,0.000000,0.000000,0.000000,0.000000,0.000000,0.000000,0.000000,0.000000,0.000000,0.000000,0.000000,0.000000,0.000000,0.000000,0,0,0,0,0,0.000000,0.000000,0.000000,0.000000,0.000000,0.000000,0.000000,0.000000,0,0,0,0,0
685,1,16.811493,0.300724,0.000000,0.000041,1.120277,0.922957,0.919278,1.197445,1.257704,5.141985,4.998722,2.968326,1.014052,0.000064,0.000034,3.825745,0.000003,0.075782,0.000448,0.054125,0.000000,0.000000,0.000000,0,0,0.000000,0.000000,0.000000,0.000000,0.000000,0.000000,0.000000,0.000000,0.000000,0.000000,0.000000,0.000000,0.000000,0.000000,0,0,0,0,0,0.000000,0.000000,0.000000,0.000000,0.000000,0.000000,0.000000,0.000000,0,0,0,0,0
686,1,18.829739,2.891547,2.608988,0.000041,0.577040,0.917135,0.913456,1.207438,1.263899,5.138295,4.982707,2.982371,1.039303,0.000064,0.000034,3.775696,0.000003,0.075768,0.000448,0.066739,0.000000,0.000000,0.000000,0,0,0.000000,0.000000,0.000000,0.000000,0.000000,0.000000,0.000000,0.000000,0.000000,0.000000,0.000000,0.000000,0.000000,0.000000,0,0,0,0,0,0.000000,0.000000,0.000000,0.000000,0.000000,0.000000,0.000000,0.000000,0,0,0,0,0
687,1,16.815416,0.282505,0.000000,0.000041,1.167786,0.928284,0.924605,1.236101,1.244754,5.176602,5.033339,2.967265,1.013316,0.000064,0.000034,3.735803,0.000003,0.075768,0.000448,0.095242,0.000000,0.000000,0.000000,0,0,0.000000,0.000000,0.000000,0.000000,0.000000,0.000000,0.000000,0.000000,0.000000,0.000000,0.000000,0.000000,0.000000,0.000000,0,0,0,0,0,0.000000,0.000000,0.000000,0.000000,0.000000,0.000000,0.000000,0.000000,0,0,0,0,0
688,1,18.439579,2.125044,2.124193,0.000041,0.729455,0.944604,0.940925,1.187141,1.280426,5.144263,5.001000,2.988475,1.019575,0.000064,0.000034,3.963840,0.000003,0.075782,0.000448,0.099104,0.000000,0.000000,0.000000,0,0,0.000000,0.000000,0.000000,0.000000,0.000000,0.000000,0.000000,0.000000,0.000000,0.000000,0.000000,0.000000,0.000000,0.000000,0,0,0,0,0,0.000000,0.000000,0.000000,0.000000,0.000000,0.000000,0.000000,0.000000,0,0,0,0,0
689,1,16.652384,0.000810,0.000000,0.000041,1.073022,0.934981,0.931302,1.190860,1.288493,5.117242,4.973979,2.969309,0.976817,0.000064,0.000034,4.001336,0.000003,0.075782,0.000448,0.069180,0.000000,0.000000,0.000000,0,0,0.000000,0.000000,0.000000,0.000000,0.000000,0.000000,0.000000,0.000000,0.000000,0.000000,0.000000,0.000000,0.000000,0.000000,0,0,0,0,0,0.000000,0.000000,0.000000,0.000000,0.000000,0.000000,0.000000,0.000000,0,0,0,0,0
690,1,19.106208,3.216834,2.911936,0.000041,0.619147,0.933601,0.929921,1.212969,1.256066,5.159983,5.016720,2.956014,1.027289,0.000064,0.000034,3.675276,0.000003,0.075768,0.000448,0.098002,0.000000,0.000000,0.000000,0,0,0.000000,0.000000,0.000000,0.000000,0.000000,0.000000,0.000000,0.000000,0.000000,0.000000,0.000000,0.000000,0.000000,0.000000,0,0,0,0,0,0.000000,0.000000,0.000000,0.000000,0.000000,0.000000,0.000000,0.000000,0,0,0,0,0
691,1,16.930152,0.298479,0.000000,0.000041,1.220008,0.948093,0.944414,1.192013,1.273749,5.144877,5.001614,2.980337,0.983771,0.000064,0.000034,3.796278,0.000003,0.075768,0.000448,0.048106,0.000000,0.000000,0.000000,0,0,0.000000,0.000000,0.000000,0.000000,0.000000,0.000000,0.000000,0.000000,0.000000,0.000000,0.000000,0.000000,0.000000,0.000000,0,0,0,0,0,0.000000,0.000000,0.000000,0.000000,0.000000,0.000000,0.000000,0.000000,0,0,0,0,0
692,1,18.145955,1.859202,1.858351,0.000041,0.535790,0.946014,0.942335,1.190518,1.260373,5.181797,5.001438,2.951185,1.014587,0.000064,0.000034,4.122372,0.000003,0.098155,0.000448,0.093238,0.000000,0.000000,0.000000,0,0,0.000000,0.000000,0.000000,0.000000,0.000000,0.000000,0.000000,0.000000,0.000000,0.000000,0.000000,0.000000,0.000000,0.000000,0,0,0,0,0,0.000000,0.000000,0.000000,0.000000,0.000000,0.000000,0.000000,0.000000,0,0,0,0,0
693,1,16.190677,0.000810,0.000000,0.000041,1.041714,0.920061,0.916382,1.205844,1.259972,5.140642,4.997379,2.951881,1.018256,0.000064,0.000034,3.593421,0.000003,0.075782,0.000448,0.072418,0.000000,0.000000,0.000000,0,0,0.000000,0.000000,0.000000,0.000000,0.000000,0.000000,0.000000,0.000000,0.000000,0.000000,0.000000,0.000000,0.000000,0.000000,0,0,0,0,0,0.000000,0.000000,0.000000,0.000000,0.000000,0.000000,0.000000,0.000000,0,0,0,0,0
694,1,19.620633,3.341831,3.041290,0.000041,0.702928,0.921624,0.917945,1.209910,1.286197,5.132433,4.989170,2.978156,1.014231,0.000064,0.000034,3.955855,0.000003,0.091149,0.000448,0.110921,0.000000,0.000000,0.000000,0,0,0.000000,0.000000,0.000000,0.000000,0.000000,0.000000,0.000000,0.000000,0.000000,0.000000,0.000000,0.000000,0.000000,0.000000,0,0,0,0,0,0.000000,0.000000,0.000000,0.000000,0.000000,0.000000,0.000000,0.000000,0,0,0,0,0
695,1,16.576894,0.301799,0.000000,0.000041,0.940382,0.939463,0.935784,1.199280,1.229458,5.182336,5.022753,2.951708,1.018907,0.000064,0.000034,3.756151,0.000003,0.075768,0.000448,0.057838,0.000000,0.000000,0.000000,0,0,0.000000,0.000000,0.000000,0.000000,0.000000,0.000000,0.000000,0.000000,0.000000,0.000000,0.000000,0.000000,0.000000,0.000000,0,0,0,0,0,0.000000,0.000000,0.000000,0.000000,0.000000,0.000000,0.000000,0.000000,0,0,0,0,0
696,1,18.984975,2.815772,2.513306,0.000041,0.626570,0.914961,0.911282,1.205855,1.267531,5.156498,5.013234,2.971554,1.031911,0.000064,0.000034,3.930810,0.000003,0.094876,0.000448,0.120721,0.000000,0.000000,0.000000,0,0,0.000000,0.000000,0.000000,0.000000,0.000000,0.000000,0.000000,0.000000,0.000000,0.000000,0.000000,0.000000,0.000000,0.000000,0,0,0,0,0,0.000000,0.000000,0.000000,0.000000,0.000000,0.000000,0.000000,0.000000,0,0,0,0,0
697,1,16.815830,0.285187,0.000000,0.000041,1.173577,0.932071,0.928392,1.207384,1.259789,5.171163,5.027900,2.979323,1.018924,0.000064,0.000034,3.731005,0.000003,0.075782,0.000448,0.068627,0.000000,0.000000,0.000000,0,0,0.000000,0.000000,0.000000,0.000000,0.000000,0.000000,0.000000,0.000000,0.000000,0.000000,0.000000,0.000000,0.000000,0.000000,0,0,0,0,0,0.000000,0.000000,0.000000,0.000000,0.000000,0.000000,0.000000,0.000000,0,0,0,0,0
698,1,18.981493,3.347727,3.065219,0.000041,0.703149,0.897966,0.894287,1.235779,1.240974,5.159336,5.016073,2.962616,0.996857,0.000064,0.000034,3.357629,0.000003,0.075768,0.000448,0.074978,0.000000,0.000000,0.000000,0,0,0.000000,0.000000,0.000000,0.000000,0.000000,0.000000,0.000000,0.000000,0.000000,0.000000,0.000000,0.000000,0.000000,0.000000,0,0,0,0,0,0.000000,0.000000,0.000000,0.000000,0.000000,0.000000,0.000000,0.000000,0,0,0,0,0
699,1,16.138343,0.000810,0.000000,0.000041,1.050446,0.914717,0.911038,1.201538,1.271895,5.125943,4.944797,2.978295,0.999369,0.000064,0.000034,3.518378,0.000003,0.075772,0.000448,0.084361,0.000000,0.000000,0.000000,0,0,0.000000,0.000000,0.000000,0.000000,0.000000,0.000000,0.000000,0.000000,0.000000,0.000000,0.000000,0.000000,0.000000,0.000000,0,0,0,0,0,0.000000,0.000000,0.000000,0.000000,0.000000,0.000000,0.000000,0.000000,0,0,0,0,0
700,1,18.921960,2.756321,2.460117,0.000041,0.562283,0.926378,0.922699,1.220520,1.257012,5.156874,5.013611,2.985090,0.997426,0.000064,0.000034,3.981147,0.000003,0.075785,0.000448,0.049598,0.000000,0.000000,0.000000,0,0,0.000000,0.000000,0.000000,0.000000,0.000000,0.000000,0.000000,0.000000,0.000000,0.000000,0.000000,0.000000,0.000000,0.000000,0,0,0,0,0,0.000000,0.000000,0.000000,0.000000,0.000000,0.000000,0.000000,0.000000,0,0,0,0,0
701,1,17.018938,0.296529,0.000000,0.000041,1.183102,0.925669,0.921990,1.206441,1.285251,5.127953,4.984690,2.978587,0.981272,0.000064,0.000034,3.939070,0.000003,0.075785,0.000448,0.130768,0.000000,0.000000,0.000000,0,0,0.000000,0.000000,0.000000,0.000000,0.000000,0.000000,0.000000,0.000000,0.000000,0.000000,0.000000,0.000000,0.000000,0.000000,0,0,0,0,0,0.000000,0.000000,0.000000,0.000000,0.000000,0.000000,0.000000,0.000000,0,0,0,0,0
702,1,18.971890,3.046661,3.045810,0.000041,0.650377,0.925720,0.922041,1.218638,1.265991,5.134701,4.991438,2.989777,0.999115,0.000064,0.000034,3.663703,0.000003,0.075772,0.000448,0.076029,0.000000,0.000000,0.000000,0,0,0.000000,0.000000,0.000000,0.000000,0.000000,0.000000,0.000000,0.000000,0.000000,0.000000,0.000000,0.000000,0.000000,0.000000,0,0,0,0,0,0.000000,0.000000,0.000000,0.000000,0.000000,0.000000,0.000000,0.000000,0,0,0,0,0
703,1,16.282928,0.000810,0.000000,0.000041,1.058607,0.926019,0.922340,1.229550,1.246063,5.167436,5.024173,2.967634,1.019735,0.000064,0.000034,3.610487,0.000003,0.075772,0.000448,0.050090,0.000000,0.000000,0.000000,0,0,0.000000,0.000000,0.000000,0.000000,0.000000,0.000000,0.000000,0.000000,0.000000,0.000000,0.000000,0.000000,0.000000,0.000000,0,0,0,0,0,0.000000,0.000000,0.000000,0.000000,0.000000,0.000000,0.000000,0.000000,0,0,0,0,0
704,1,19.732225,3.045081,2.743042,0.000041,0.790900,0.914435,0.910756,1.210069,1.261454,5.117591,4.974328,2.988071,1.021484,0.000064,0.000034,4.328288,0.000003,0.075785,0.000448,0.152696,0.000000,0.000000,0.000000,0,0,0.000000,0.000000,0.000000,0.000000,0.000000,0.000000,0.000000,0.000000,0.000000,0.000000,0.000000,0.000000,0.000000,0.000000,0,0,0,0,0,0.000000,0.000000,0.000000,0.000000,0.000000,0.000000,0.000000,0.000000,0,0,0,0,0
705,1,16.620294,0.300117,0.000000,0.000041,0.793477,0.919488,0.915809,1.211144,1.267222,5.160411,5.017147,2.960595,0.990082,0.000064,0.000034,3.931505,0.000003,0.075785,0.000448,0.072910,0.000000,0.000000,0.000000,0,0,0.000000,0.000000,0.000000,0.000000,0.000000,0.000000,0.000000,0.000000,0.000000,0.000000,0.000000,0.000000,0.000000,0.000000,0,0,0,0,0,0.000000,0.000000,0.000000,0.000000,0.000000,0.000000,0.000000,0.000000,0,0,0,0,0
706,1,19.019182,2.737837,2.455292,0.000041,0.917752,0.903666,0.899987,1.224348,1.239532,5.149373,4.982123,2.969920,1.015951,0.000064,0.000034,3.800432,0.000003,0.075772,0.000448,0.070587,0.000000,0.000000,0.000000,0,0,0.000000,0.000000,0.000000,0.000000,0.000000,0.000000,0.000000,0.000000,0.000000,0.000000,0.000000,0.000000,0.000000,0.000000,0,0,0,0,0,0.000000,0.000000,0.000000,0.000000,0.000000,0.000000,0.000000,0.000000,0,0,0,0,0
707,1,16.828125,0.282406,0.000000,0.000041,0.845205,0.936395,0.932716,1.184584,1.281772,5.120321,4.939026,2.973840,1.000682,0.000064,0.000034,4.106727,0.000003,0.096327,0.000448,0.098273,0.000000,0.000000,0.000000,0,0,0.000000,0.000000,0.000000,0.000000,0.000000,0.000000,0.000000,0.000000,0.000000,0.000000,0.000000,0.000000,0.000000,0.000000,0,0,0,0,0,0.000000,0.000000,0.000000,0.000000,0.000000,0.000000,0.000000,0.000000,0,0,0,0,0
708,1,19.200680,3.261156,2.959151,0.000041,0.700229,0.922760,0.919081,1.217472,1.245280,5.142958,4.999695,2.974464,1.025699,0.000064,0.000034,3.660027,0.000003,0.075785,0.000448,0.112552,0.000000,0.000000,0.000000,0,0,0.000000,0.000000,0.000000,0.000000,0.000000,0.000000,0.000000,0.000000,0.000000,0.000000,0.000000,0.000000,0.000000,0.000000,0,0,0,0,0,0.000000,0.000000,0.000000,0.000000,0.000000,0.000000,0.000000,0.000000,0,0,0,0,0
709,1,16.457991,0.000810,0.000000,0.000041,0.963104,0.920017,0.916338,1.203613,1.264594,5.141371,4.980991,2.985504,1.014476,0.000064,0.000034,3.902642,0.000003,0.075785,0.000448,0.059482,0.000000,0.000000,0.000000,0,0,0.000000,0.000000,0.000000,0.000000,0.000000,0.000000,0.000000,0.000000,0.000000,0.000000,0.000000,0.000000,0.000000,0.000000,0,0,0,0,0,0.000000,0.000000,0.000000,0.000000,0.000000,0.000000,0.000000,0.000000,0,0,0,0,0
710,1,18.926921,2.787364,2.486667,0.000041,0.719822,0.930471,0.926792,1.187320,1.248349,5.134891,4.974708,2.998098,1.003031,0.000064,0.000034,3.844286,0.000003,0.075772,0.000448,0.077454,0.000000,0.000000,0.000000,0,0,0.000000,0.000000,0.000000,0.000000,0.000000,0.000000,0.000000,0.000000,0.000000,0.000000,0.000000,0.000000,0.000000,0.000000,0,0,0,0,0,0.000000,0.000000,0.000000,0.000000,0.000000,0.000000,0.000000,0.000000,0,0,0,0,0
711,1,16.229160,0.302148,0.000000,0.000041,1.196353,0.921397,0.917718,1.211524,1.278744,5.140686,4.997423,2.988264,1.000899,0.000064,0.000034,3.113722,0.000003,0.075772,0.000448,0.051395,0.000000,0.000000,0.000000,0,0,0.000000,0.000000,0.000000,0.000000,0.000000,0.000000,0.000000,0.000000,0.000000,0.000000,0.000000,0.000000,0.000000,0.000000,0,0,0,0,0,0.000000,0.000000,0.000000,0.000000,0.000000,0.000000,0.000000,0.000000,0,0,0,0,0
712,1,18.777646,2.860881,2.562975,0.000041,0.629574,0.914856,0.911177,1.208988,1.276367,5.121535,4.978271,2.982388,1.007979,0.000064,0.000034,3.706723,0.000003,0.075785,0.000448,0.102041,0.000000,0.000000,0.000000,0,0,0.000000,0.000000,0.000000,0.000000,0.000000,0.000000,0.000000,0.000000,0.000000,0.000000,0.000000,0.000000,0.000000,0.000000,0,0,0,0,0,0.000000,0.000000,0.000000,0.000000,0.000000,0.000000,0.000000,0.000000,0,0,0,0,0
713,1,16.630246,0.303802,0.000000,0.000041,0.978238,0.915005,0.911326,1.208550,1.246568,5.162296,4.999552,2.971714,1.017351,0.000064,0.000034,3.767737,0.000003,0.075785,0.000448,0.048716,0.000000,0.000000,0.000000,0,0,0.000000,0.000000,0.000000,0.000000,0.000000,0.000000,0.000000,0.000000,0.000000,0.000000,0.000000,0.000000,0.000000,0.000000,0,0,0,0,0,0.000000,0.000000,0.000000,0.000000,0.000000,0.000000,0.000000,0.000000,0,0,0,0,0
714,1,19.042179,3.331428,3.033685,0.000041,0.639957,0.912981,0.909302,1.208862,1.271020,5.131287,4.988024,2.990112,1.025157,0.000064,0.000034,3.460904,0.000003,0.095079,0.000448,0.142948,0.000000,0.000000,0.000000,0,0,0.000000,0.000000,0.000000,0.000000,0.000000,0.000000,0.000000,0.000000,0.000000,0.000000,0.000000,0.000000,0.000000,0.000000,0,0,0,0,0,0.000000,0.000000,0.000000,0.000000,0.000000,0.000000,0.000000,0.000000,0,0,0,0,0
715,1,16.834615,0.301765,0.000000,0.000041,1.218733,0.917867,0.914188,1.222911,1.243418,5.170661,5.027398,2.968570,1.011651,0.000064,0.000034,3.714369,0.000003,0.075772,0.000448,0.046631,0.000000,0.000000,0.000000,0,0,0.000000,0.000000,0.000000,0.000000,0.000000,0.000000,0.000000,0.000000,0.000000,0.000000,0.000000,0.000000,0.000000,0.000000,0,0,0,0,0,0.000000,0.000000,0.000000,0.000000,0.000000,0.000000,0.000000,0.000000,0,0,0,0,0
716,1,18.954620,2.923906,2.641412,0.000041,0.745022,0.899367,0.895688,1.220940,1.242449,5.160407,5.017144,2.971029,1.019460,0.000064,0.000034,3.692793,0.000003,0.098158,0.000448,0.169345,0.000000,0.000000,0.000000,0,0,0.000000,0.000000,0.000000,0.000000,0.000000,0.000000,0.000000,0.000000,0.000000,0.000000,0.000000,0.000000,0.000000,0.000000,0,0,0,0,0,0.000000,0.000000,0.000000,0.000000,0.000000,0.000000,0.000000,0.000000,0,0,0,0,0
717,1,16.578406,0.282569,0.000000,0.000041,1.116435,0.937941,0.934262,1.206987,1.244734,5.154019,5.010756,2.973846,1.004893,0.000064,0.000034,3.585541,0.000003,0.075785,0.000448,0.059414,0.000000,0.000000,0.000000,0,0,0.000000,0.000000,0.000000,0.000000,0.000000,0.000000,0.000000,0.000000,0.000000,0.000000,0.000000,0.000000,0.000000,0.000000,0,0,0,0,0,0.000000,0.000000,0.000000,0.000000,0.000000,0.000000,0.000000,0.000000,0,0,0,0,0
718,1,19.544908,3.364973,3.082414,0.000041,0.719825,0.902283,0.898604,1.224050,1.243035,5.151106,5.007843,2.969062,1.015361,0.000064,0.000034,3.894253,0.000003,0.075772,0.000448,0.077759,0.000000,0.000000,0.000000,0,0,0.000000,0.000000,0.000000,0.000000,0.000000,0.000000,0.000000,0.000000,0.000000,0.000000,0.000000,0.000000,0.000000,0.000000,0,0,0,0,0,0.000000,0.000000,0.000000,0.000000,0.000000,0.000000,0.000000,0.000000,0,0,0,0,0
719,1,16.963464,0.304955,0.000000,0.000041,0.978560,0.940270,0.936591,1.208998,1.255327,5.145186,5.001923,2.995667,1.001712,0.000064,0.000034,4.058180,0.000003,0.075772,0.000448,0.066739,0.000000,0.000000,0.000000,0,0,0.000000,0.000000,0.000000,0.000000,0.000000,0.000000,0.000000,0.000000,0.000000,0.000000,0.000000,0.000000,0.000000,0.000000,0,0,0,0,0,0.000000,0.000000,0.000000,0.000000,0.000000,0.000000,0.000000,0.000000,0,0,0,0,0
840,2,5.175259,1.761217,1.760366,0.000041,0.122650,1.291263,1.287838,0.459418,0.991516,0.436045,0.324175,0.018941,0.000000,0.000064,0.000034,0.051195,0.000003,0.042464,0.000448,0.062585,0.000000,0.000000,0.000000,0,0,0.000000,0.000000,0.000000,0.000000,0.000000,0.000000,0.000000,0.000000,0.000000,0.000000,0.000000,0.000000,0.000000,0.000000,0,0,0,0,0,0.000000,0.000000,0.000000,0.000000,0.000000,0.000000,0.000000,0.000000,0,0,0,0,0
841,2,3.422957,0.000810,0.000000,0.000041,0.141022,1.261634,1.258209,0.459134,1.004181,0.458418,0.324175,0.003550,0.000000,0.000064,0.000034,0.051195,0.000003,0.042464,0.000448,0.067620,0.000000,0.000000,0.000000,0,0,0.000000,0.000000,0.000000,0.000000,0.000000,0.000000,0.000000,0.000000,0.000000,0.000000,0.000000,0.000000,0.000000,0.000000,0,0,0,0,0,0.000000,0.000000,0.000000,0.000000,0.000000,0.000000,0.000000,0.000000,0,0,0,0,0
842,2,4.538106,1.095100,1.094248,0.000041,0.122650,1.293162,1.289737,0.466346,0.966949,0.480754,0.368883,0.003550,0.000000,0.000064,0.000034,0.051195,0.000003,0.057851,0.000448,0.049072,0.000000,0.000000,0.000000,0,0,0.000000,0.000000,0.000000,0.000000,0.000000,0.000000,0.000000,0.000000,0.000000,0.000000,0.000000,0.000000,0.000000,0.000000,0,0,0,0,0,0.000000,0.000000,0.000000,0.000000,0.000000,0.000000,0.000000,0.000000,0,0,0,0,0
843,2,3.420305,0.000810,0.000000,0.000041,0.120992,1.290697,1.287272,0.445472,1.008938,0.455638,0.324175,0.003550,0.000000,0.000064,0.000034,0.051195,0.000003,0.042464,0.000448,0.085893,0.000000,0.000000,0.000000,0,0,0.000000,0.000000,0.000000,0.000000,0.000000,0.000000,0.000000,0.000000,0.000000,0.000000,0.000000,0.000000,0.000000,0.000000,0,0,0,0,0,0.000000,0.000000,0.000000,0.000000,0.000000,0.000000,0.000000,0.000000,0,0,0,0,0
844,2,4.476142,1.048211,1.047360,0.000041,0.122650,1.290351,1.286926,0.462911,0.964712,0.460412,0.348541,0.003550,0.000000,0.000064,0.000034,0.051195,0.000003,0.071601,0.000448,1.424015,0.000000,0.000000,0.000000,0,0,0.000000,0.000000,0.000000,0.000000,0.000000,0.000000,0.000000,0.000000,0.000000,0.000000,0.000000,0.000000,0.000000,0.000000,0,0,0,0,0,0.000000,0.000000,0.000000,0.000000,0.000000,0.000000,0.000000,0.000000,0,0,0,0,0
845,2,3.448205,0.000810,0.000000,0.000041,0.120992,1.293708,1.290283,0.463613,1.016381,0.436045,0.324175,0.003550,0.000000,0.000064,0.000034,0.070092,0.000003,0.042464,0.000448,0.042223,0.000000,0.000000,0.000000,0,0,0.000000,0.000000,0.000000,0.000000,0.000000,0.000000,0.000000,0.000000,0.000000,0.000000,0.000000,0.000000,0.000000,0.000000,0,0,0,0,0,0.000000,0.000000,0.000000,0.000000,0.000000,0.000000,0.000000,0.000000,0,0,0,0,0
846,2,4.613319,1.188982,1.188131,0.000041,0.139665,1.254846,1.251421,0.481574,0.995178,0.455315,0.343445,0.003550,0.000000,0.000064,0.000034,0.051195,0.000003,0.042464,0.000448,0.060618,0.000000,0.000000,0.000000,0,0,0.000000,0.000000,0.000000,0.000000,0.000000,0.000000,0.000000,0.000000,0.000000,0.000000,0.000000,0.000000,0.000000,0.000000,0,0,0,0,0,0.000000,0.000000,0.000000,0.000000,0.000000,0.000000,0.000000,0.000000,0,0,0,0,0
847,2,3.428880,0.000810,0.000000,0.000041,0.120992,1.295590,1.292165,0.458055,0.997257,0.458418,0.346547,0.003550,0.000000,0.000064,0.000034,0.051195,0.000003,0.042464,0.000448,0.055447,0.000000,0.000000,0.000000,0,0,0.000000,0.000000,0.000000,0.000000,0.000000,0.000000,0.000000,0.000000,0.000000,0.000000,0.000000,0.000000,0.000000,0.000000,0,0,0,0,0,0.000000,0.000000,0.000000,0.000000,0.000000,0.000000,0.000000,0.000000,0,0,0,0,0
848,2,4.269477,0.845086,0.844235,0.000041,0.145101,1.270311,1.266886,0.445472,1.016049,0.449700,0.324175,0.003550,0.000000,0.000064,0.000034,0.051195,0.000003,0.042464,0.000448,0.062781,0.000000,0.000000,0.000000,0,0,0.000000,0.000000,0.000000,0.000000,0.000000,0.000000,0.000000,0.000000,0.000000,0.000000,0.000000,0.000000,0.000000,0.000000,0,0,0,0,0,0.000000,0.000000,0.000000,0.000000,0.000000,0.000000,0.000000,0.000000,0,0,0,0,0
849,2,3.434736,0.000810,0.000000,0.000041,0.120992,1.299476,1.296051,0.465634,0.972717,0.477349,0.365479,0.003550,0.000000,0.000064,0.000034,0.051195,0.000003,0.042464,0.000448,0.059160,0.000000,0.000000,0.000000,0,0,0.000000,0.000000,0.000000,0.000000,0.000000,0.000000,0.000000,0.000000,0.000000,0.000000,0.000000,0.000000,0.000000,0.000000,0,0,0,0,0,0.000000,0.000000,0.000000,0.000000,0.000000,0.000000,0.000000,0.000000,0,0,0,0,0
850,2,4.406955,0.971829,0.970978,0.000041,0.122650,1.288137,1.284712,0.464142,1.004022,0.458418,0.324175,0.003550,0.000000,0.000064,0.000034,0.051195,0.000003,0.042464,0.000448,0.061279,0.000000,0.000000,0.000000,0,0,0.000000,0.000000,0.000000,0.000000,0.000000,0.000000,0.000000,0.000000,0.000000,0.000000,0.000000,0.000000,0.000000,0.000000,0,0,0,0,0,0.000000,0.000000,0.000000,0.000000,0.000000,0.000000,0.000000,0.000000,0,0,0,0,0
851,2,3.441037,0.000810,0.000000,0.000041,0.139306,1.274489,1.271064,0.459134,1.002275,0.450053,0.338182,0.003550,0.000000,0.000064,0.000034,0.068407,0.000003,0.042464,0.000448,0.063280,0.000000,0.000000,0.000000,0,0,0.000000,0.000000,0.000000,0.000000,0.000000,0.000000,0.000000,0.000000,0.000000,0.000000,0.000000,0.000000,0.000000,0.000000,0,0,0,0,0,0.000000,0.000000,0.000000,0.000000,0.000000,0.000000,0.000000,0.000000,0,0,0,0,0
852,2,4.731567,1.310357,1.309506,0.000041,0.122650,1.288489,1.285065,0.465200,0.971049,0.458615,0.346744,0.003550,0.000000,0.000064,0.000034,0.051195,0.000003,0.059913,0.000448,0.048784,0.000000,0.000000,0.000000,0,0,0.000000,0.000000,0.000000,0.000000,0.000000,0.000000,0.000000,0.000000,0.000000,0.000000,0.000000,0.000000,0.000000,0.000000,0,0,0,0,0,0.000000,0.000000,0.000000,0.000000,0.000000,0.000000,0.000000,0.000000,0,0,0,0,0
853,2,3.416656,0.000810,0.000000,0.000041,0.140564,1.255900,1.252475,0.473945,0.989261,0.458418,0.346547,0.003550,0.000000,0.000064,0.000034,0.051195,0.000003,0.042464,0.000448,0.367767,0.000000,0.000000,0.000000,0,0,0.000000,0.000000,0.000000,0.000000,0.000000,0.000000,0.000000,0.000000,0.000000,0.000000,0.000000,0.000000,0.000000,0.000000,0,0,0,0,0,0.000000,0.000000,0.000000,0.000000,0.000000,0.000000,0.000000,0.000000,0,0,0,0,0
854,2,4.306912,0.860718,0.859867,0.000041,0.122650,1.293454,1.290029,0.467845,0.989529,0.474959,0.324175,0.003550,0.000000,0.000064,0.000034,0.051195,0.000003,0.042464,0.000448,0.061991,0.000000,0.000000,0.000000,0,0,0.000000,0.000000,0.000000,0.000000,0.000000,0.000000,0.000000,0.000000,0.000000,0.000000,0.000000,0.000000,0.000000,0.000000,0,0,0,0,0,0.000000,0.000000,0.000000,0.000000,0.000000,0.000000,0.000000,0.000000,0,0,0,0,0
855,2,3.426025,0.000810,0.000000,0.000041,0.138750,1.255412,1.251987,0.462592,1.012285,0.458418,0.346547,0.003550,0.000000,0.000064,0.000034,0.051195,0.000003,0.042464,0.000448,0.063890,0.000000,0.000000,0.000000,0,0,0.000000,0.000000,0.000000,0.000000,0.000000,0.000000,0.000000,0.000000,0.000000,0.000000,0.000000,0.000000,0.000000,0.000000,0,0,0,0,0,0.000000,0.000000,0.000000,0.000000,0.000000,0.000000,0.000000,0.000000,0,0,0,0,0
856,2,4.238464,0.804318,0.803467,0.000041,0.122650,1.297682,1.294257,0.464715,0.990228,0.461114,0.349243,0.003550,0.000000,0.000064,0.000034,0.051195,0.000003,0.042464,0.000448,0.046258,0.000000,0.000000,0.000000,0,0,0.000000,0.000000,0.000000,0.000000,0.000000,0.000000,0.000000,0.000000,0.000000,0.000000,0.000000,0.000000,0.000000,0.000000,0,0,0,0,0,0.000000,0.000000,0.000000,0.000000,0.000000,0.000000,0.000000,0.000000,0,0,0,0,0
857,2,3.429871,0.000810,0.000000,0.000041,0.120992,1.282257,1.278832,0.465129,1.005890,0.457035,0.345164,0.003550,0.000000,0.000064,0.000034,0.051195,0.000003,0.042464,0.000448,0.055379,0.000000,0.000000,0.000000,0,0,0.000000,0.000000,0.000000,0.000000,0.000000,0.000000,0.000000,0.000000,0.000000,0.000000,0.000000,0.000000,0.000000,0.000000,0,0,0,0,0,0.000000,0.000000,0.000000,0.000000,0.000000,0.000000,0.000000,0.000000,0,0,0,0,0
858,2,4.246416,0.821201,0.820350,0.000041,0.141391,1.267324,1.263899,0.478021,0.991886,0.448836,0.336965,0.003550,0.000000,0.000064,0.000034,0.051195,0.000003,0.042464,0.000448,0.065114,0.000000,0.000000,0.000000,0,0,0.000000,0.000000,0.000000,0.000000,0.000000,0.000000,0.000000,0.000000,0.000000,0.000000,0.000000,0.000000,0.000000,0.000000,0,0,0,0,0,0.000000,0.000000,0.000000,0.000000,0.000000,0.000000,0.000000,0.000000,0,0,0,0,0
859,2,3.420464,0.000810,0.000000,0.000041,0.120992,1.282664,1.279239,0.445472,1.018046,0.454722,0.342851,0.003550,0.000000,0.000064,0.000034,0.051195,0.000003,0.042464,0.000448,0.064080,0.000000,0.000000,0.000000,0,0,0.000000,0.000000,0.000000,0.000000,0.000000,0.000000,0.000000,0.000000,0.000000,0.000000,0.000000,0.000000,0.000000,0.000000,0,0,0,0,0,0.000000,0.000000,0.000000,0.000000,0.000000,0.000000,0.000000,0.000000,0,0,0,0,0
860,2,4.514913,1.077725,1.076874,0.000041,0.122650,1.281989,1.278564,0.483300,0.990712,0.438727,0.326857,0.003550,0.000000,0.000064,0.000034,0.073246,0.000003,0.042464,0.000448,0.082645,0.000000,0.000000,0.000000,0,0,0.000000,0.000000,0.000000,0.000000,0.000000,0.000000,0.000000,0.000000,0.000000,0.000000,0.000000,0.000000,0.000000,0.000000,0,0,0,0,0,0.000000,0.000000,0.000000,0.000000,0.000000,0.000000,0.000000,0.000000,0,0,0,0,0
861,2,3.439084,0.000810,0.000000,0.000041,0.120992,1.290382,1.286957,0.462718,1.011512,0.436045,0.324175,0.003550,0.000000,0.000064,0.000034,0.070062,0.000003,0.042464,0.000448,0.063500,0.000000,0.000000,0.000000,0,0,0.000000,0.000000,0.000000,0.000000,0.000000,0.000000,0.000000,0.000000,0.000000,0.000000,0.000000,0.000000,0.000000,0.000000,0,0,0,0,0,0.000000,0.000000,0.000000,0.000000,0.000000,0.000000,0.000000,0.000000,0,0,0,0,0
862,2,4.277503,0.867974,0.867123,0.000041,0.122650,1.255639,1.252214,0.464396,1.015934,0.453152,0.341281,0.003550,0.000000,0.000064,0.000034,0.051195,0.000003,0.042464,0.000448,0.065009,0.000000,0.000000,0.000000,0,0,0.000000,0.000000,0.000000,0.000000,0.000000,0.000000,0.000000,0.000000,0.000000,0.000000,0.000000,0.000000,0.000000,0.000000,0,0,0,0,0,0.000000,0.000000,0.000000,0.000000,0.000000,0.000000,0.000000,0.000000,0,0,0,0,0
863,2,3.433377,0.000810,0.000000,0.000041,0.120992,1.295631,1.292206,0.460839,0.976630,0.480716,0.346547,0.003550,0.000000,0.000064,0.000034,0.051195,0.000003,0.042464,0.000448,0.051276,0.000000,0.000000,0.000000,0,0,0.000000,0.000000,0.000000,0.000000,0.000000,0.000000,0.000000,0.000000,0.000000,0.000000,0.000000,0.000000,0.000000,0.000000,0,0,0,0,0,0.000000,0.000000,0.000000,0.000000,0.000000,0.000000,0.000000,0.000000,0,0,0,0,0
864,2,4.405484,0.972829,0.971978,0.000041,0.136295,1.273421,1.269996,0.459418,1.007345,0.436045,0.324175,0.003550,0.000000,0.000064,0.000034,0.073568,0.000003,0.042464,0.000448,0.058177,0.000000,0.000000,0.000000,0,0,0.000000,0.000000,0.000000,0.000000,0.000000,0.000000,0.000000,0.000000,0.000000,0.000000,0.000000,0.000000,0.000000,0.000000,0,0,0,0,0,0.000000,0.000000,0.000000,0.000000,0.000000,0.000000,0.000000,0.000000,0,0,0,0,0
865,2,3.445435,0.000810,0.000000,0.000041,0.120992,1.296163,1.292738,0.462151,0.986786,0.480774,0.346530,0.003550,0.000000,0.000064,0.000034,0.051195,0.000003,0.042464,0.000448,0.218648,0.000000,0.000000,0.000000,0,0,0.000000,0.000000,0.000000,0.000000,0.000000,0.000000,0.000000,0.000000,0.000000,0.000000,0.000000,0.000000,0.000000,0.000000,0,0,0,0,0,0.000000,0.000000,0.000000,0.000000,0.000000,0.000000,0.000000,0.000000,0,0,0,0,0
866,2,4.388780,0.977821,0.976969,0.000041,0.122650,1.287547,1.284122,0.464549,0.966315,0.472141,0.346541,0.003550,0.000000,0.000064,0.000034,0.051195,0.000003,0.042464,0.000448,0.050361,0.000000,0.000000,0.000000,0,0,0.000000,0.000000,0.000000,0.000000,0.000000,0.000000,0.000000,0.000000,0.000000,0.000000,0.000000,0.000000,0.000000,0.000000,0,0,0,0,0,0.000000,0.000000,0.000000,0.000000,0.000000,0.000000,0.000000,0.000000,0,0,0,0,0
867,2,3.441138,0.000810,0.000000,0.000041,0.134111,1.260718,1.257294,0.478590,0.992618,0.457608,0.345737,0.003550,0.000000,0.000064,0.000034,0.051195,0.000003,0.061388,0.000448,0.054108,0.000000,0.000000,0.000000,0,0,0.000000,0.000000,0.000000,0.000000,0.000000,0.000000,0.000000,0.000000,0.000000,0.000000,0.000000,0.000000,0.000000,0.000000,0,0,0,0,0,0.000000,0.000000,0.000000,0.000000,0.000000,0.000000,0.000000,0.000000,0,0,0,0,0
868,2,4.604628,1.181885,1.181034,0.000041,0.122650,1.273661,1.270237,0.464315,1.008511,0.455848,0.326857,0.003550,0.000000,0.000064,0.000034,0.051195,0.000003,0.042464,0.000448,0.068095,0.000000,0.000000,0.000000,0,0,0.000000,0.000000,0.000000,0.000000,0.000000,0.000000,0.000000,0.000000,0.000000,0.000000,0.000000,0.000000,0.000000,0.000000,0,0,0,0,0,0.000000,0.000000,0.000000,0.000000,0.000000,0.000000,0.000000,0.000000,0,0,0,0,0
869,2,3.426697,0.000810,0.000000,0.000041,0.136339,1.257887,1.254462,0.485799,0.992808,0.455295,0.343424,0.003550,0.000000,0.000064,0.000034,0.051195,0.000003,0.042464,0.000448,0.100071,0.000000,0.000000,0.000000,0,0,0.000000,0.000000,0.000000,0.000000,0.000000,0.000000,0.000000,0.000000,0.000000,0.000000,0.000000,0.000000,0.000000,0.000000,0,0,0,0,0,0.000000,0.000000,0.000000,0.000000,0.000000,0.000000,0.000000,0.000000,0,0,0,0,0
870,2,4.495165,1.079200,1.078349,0.000041,0.122650,1.264828,1.261403,0.463806,1.015483,0.451440,0.339569,0.003550,0.000000,0.000064,0.000034,0.051195,0.000003,0.042464,0.000448,0.043867,0.000000,0.000000,0.000000,0,0,0.000000,0.000000,0.000000,0.000000,0.000000,0.000000,0.000000,0.000000,0.000000,0.000000,0.000000,0.000000,0.000000,0.000000,0,0,0,0,0,0.000000,0.000000,0.000000,0.000000,0.000000,0.000000,0.000000,0.000000,0,0,0,0,0
871,2,3.395084,0.000810,0.000000,0.000041,0.120992,1.255463,1.252038,0.459103,1.006175,0.454783,0.342912,0.003550,0.000000,0.000064,0.000034,0.051195,0.000003,0.042464,0.000448,0.055650,0.000000,0.000000,0.000000,0,0,0.000000,0.000000,0.000000,0.000000,0.000000,0.000000,0.000000,0.000000,0.000000,0.000000,0.000000,0.000000,0.000000,0.000000,0,0,0,0,0,0.000000,0.000000,0.000000,0.000000,0.000000,0.000000,0.000000,0.000000,0,0,0,0,0
872,2,5.113478,1.685906,1.685055,0.000041,0.122650,1.300086,1.296661,0.464674,0.972195,0.456536,0.324175,0.003550,0.000000,0.000064,0.000034,0.051195,0.000003,0.056135,0.000448,0.290432,0.000000,0.000000,0.000000,0,0,0.000000,0.000000,0.000000,0.000000,0.000000,0.000000,0.000000,0.000000,0.000000,0.000000,0.000000,0.000000,0.000000,0.000000,0,0,0,0,0,0.000000,0.000000,0.000000,0.000000,0.000000,0.000000,0.000000,0.000000,0,0,0,0,0
873,2,3.414615,0.000810,0.000000,0.000041,0.120992,1.274835,1.271410,0.465844,1.000139,0.454241,0.342370,0.003550,0.000000,0.000064,0.000034,0.051195,0.000003,0.042460,0.000448,0.049632,0.000000,0.000000,0.000000,0,0,0.000000,0.000000,0.000000,0.000000,0.000000,0.000000,0.000000,0.000000,0.000000,0.000000,0.000000,0.000000,0.000000,0.000000,0,0,0,0,0,0.000000,0.000000,0.000000,0.000000,0.000000,0.000000,0.000000,0.000000,0,0,0,0,0
874,2,4.353953,0.934038,0.933187,0.000041,0.122650,1.273027,1.269602,0.459130,0.998918,0.454532,0.342662,0.003550,0.000000,0.000064,0.000034,0.051195,0.000003,0.056363,0.000448,0.053107,0.000000,0.000000,0.000000,0,0,0.000000,0.000000,0.000000,0.000000,0.000000,0.000000,0.000000,0.000000,0.000000,0.000000,0.000000,0.000000,0.000000,0.000000,0,0,0,0,0,0.000000,0.000000,0.000000,0.000000,0.000000,0.000000,0.000000,0.000000,0,0,0,0,0
875,2,3.420478,0.000810,0.000000,0.000041,0.120992,1.288262,1.284838,0.445472,1.001282,0.465905,0.324175,0.003550,0.000000,0.000064,0.000034,0.051195,0.000003,0.042460,0.000448,0.063361,0.000000,0.000000,0.000000,0,0,0.000000,0.000000,0.000000,0.000000,0.000000,0.000000,0.000000,0.000000,0.000000,0.000000,0.000000,0.000000,0.000000,0.000000,0,0,0,0,0,0.000000,0.000000,0.000000,0.000000,0.000000,0.000000,0.000000,0.000000,0,0,0,0,0
876,2,4.245667,0.817271,0.816420,0.000041,0.141483,1.256504,1.253079,0.481361,0.995938,0.452674,0.340803,0.003550,0.000000,0.000064,0.000034,0.053877,0.000003,0.042460,0.000448,0.048716,0.000000,0.000000,0.000000,0,0,0.000000,0.000000,0.000000,0.000000,0.000000,0.000000,0.000000,0.000000,0.000000,0.000000,0.000000,0.000000,0.000000,0.000000,0,0,0,0,0,0.000000,0.000000,0.000000,0.000000,0.000000,0.000000,0.000000,0.000000,0,0,0,0,0
877,2,3.440799,0.000810,0.000000,0.000041,0.120992,1.296685,1.293260,0.463243,1.004249,0.436045,0.324175,0.003550,0.000000,0.000064,0.000034,0.072215,0.000003,0.042460,0.000448,0.054735,0.000000,0.000000,0.000000,0,0,0.000000,0.000000,0.000000,0.000000,0.000000,0.000000,0.000000,0.000000,0.000000,0.000000,0.000000,0.000000,0.000000,0.000000,0,0,0,0,0,0.000000,0.000000,0.000000,0.000000,0.000000,0.000000,0.000000,0.000000,0,0,0,0,0
878,2,4.323096,0.919739,0.918888,0.000041,0.122650,1.278334,1.274909,0.445472,1.000729,0.458418,0.324175,0.003550,0.000000,0.000064,0.000034,0.051195,0.000003,0.042460,0.000448,0.071713,0.000000,0.000000,0.000000,0,0,0.000000,0.000000,0.000000,0.000000,0.000000,0.000000,0.000000,0.000000,0.000000,0.000000,0.000000,0.000000,0.000000,0.000000,0,0,0,0,0,0.000000,0.000000,0.000000,0.000000,0.000000,0.000000,0.000000,0.000000,0,0,0,0,0
879,2,3.426856,0.000810,0.000000,0.000041,0.120992,1.290460,1.287035,0.464047,0.977553,0.475240,0.363369,0.003550,0.000000,0.000064,0.000034,0.051195,0.000003,0.042460,0.000448,0.106174,0.000000,0.000000,0.000000,0,0,0.000000,0.000000,0.000000,0.000000,0.000000,0.000000,0.000000,0.000000,0.000000,0.000000,0.000000,0.000000,0.000000,0.000000,0,0,0,0,0,0.000000,0.000000,0.000000,0.000000,0.000000,0.000000,0.000000,0.000000,0,0,0,0,0
880,2,4.506846,1.070736,1.069885,0.000041,0.139048,1.270172,1.247328,0.467177,1.012309,0.449649,0.337779,0.003550,0.000000,0.000064,0.000034,0.051195,0.000003,0.042460,0.000448,0.048716,0.000000,0.000000,0.000000,0,0,0.000000,0.000000,0.000000,0.000000,0.000000,0.000000,0.000000,0.000000,0.000000,0.000000,0.000000,0.000000,0.000000,0.000000,0,0,0,0,0,0.000000,0.000000,0.000000,0.000000,0.000000,0.000000,0.000000,0.000000,0,0,0,0,0
881,2,3.432173,0.000810,0.000000,0.000041,0.120992,1.288222,1.284797,0.460870,0.981561,0.481964,0.347643,0.003550,0.000000,0.000064,0.000034,0.051195,0.000003,0.042460,0.000448,0.039154,0.000000,0.000000,0.000000,0,0,0.000000,0.000000,0.000000,0.000000,0.000000,0.000000,0.000000,0.000000,0.000000,0.000000,0.000000,0.000000,0.000000,0.000000,0,0,0,0,0,0.000000,0.000000,0.000000,0.000000,0.000000,0.000000,0.000000,0.000000,0,0,0,0,0
882,2,4.627869,1.202759,1.201908,0.000041,0.122650,1.279388,1.253513,0.465580,1.006670,0.453067,0.324175,0.003550,0.000000,0.000064,0.000034,0.051195,0.000003,0.042460,0.000448,0.051819,0.000000,0.000000,0.000000,0,0,0.000000,0.000000,0.000000,0.000000,0.000000,0.000000,0.000000,0.000000,0.000000,0.000000,0.000000,0.000000,0.000000,0.000000,0,0,0,0,0,0.000000,0.000000,0.000000,0.000000,0.000000,0.000000,0.000000,0.000000,0,0,0,0,0
883,2,3.428884,0.000810,0.000000,0.000041,0.120992,1.274899,1.253421,0.482320,0.995663,0.456445,0.344574,0.003550,0.000000,0.000064,0.000034,0.051195,0.000003,0.042460,0.000448,0.051276,0.000000,0.000000,0.000000,0,0,0.000000,0.000000,0.000000,0.000000,0.000000,0.000000,0.000000,0.000000,0.000000,0.000000,0.000000,0.000000,0.000000,0.000000,0,0,0,0,0,0.000000,0.000000,0.000000,0.000000,0.000000,0.000000,0.000000,0.000000,0,0,0,0,0
884,2,4.348250,0.916267,0.915415,0.000041,0.122650,1.277656,1.274231,0.467845,1.004978,0.461100,0.326857,0.003550,0.000000,0.000064,0.000034,0.051195,0.000003,0.042460,0.000448,0.042714,0.000000,0.000000,0.000000,0,0,0.000000,0.000000,0.000000,0.000000,0.000000,0.000000,0.000000,0.000000,0.000000,0.000000,0.000000,0.000000,0.000000,0.000000,0,0,0,0,0,0.000000,0.000000,0.000000,0.000000,0.000000,0.000000,0.000000,0.000000,0,0,0,0,0
885,2,3.423072,0.000810,0.000000,0.000041,0.143365,1.256785,1.253360,0.477943,0.992120,0.454295,0.342424,0.003550,0.000000,0.000064,0.000034,0.051195,0.000003,0.042460,0.000448,0.061279,0.000000,0.000000,0.000000,0,0,0.000000,0.000000,0.000000,0.000000,0.000000,0.000000,0.000000,0.000000,0.000000,0.000000,0.000000,0.000000,0.000000,0.000000,0,0,0,0,0,0.000000,0.000000,0.000000,0.000000,0.000000,0.000000,0.000000,0.000000,0,0,0,0,0
886,2,4.325046,0.900642,0.899790,0.000041,0.122650,1.287137,1.283712,0.458761,0.977234,0.480869,0.368998,0.003550,0.000000,0.000064,0.000034,0.051195,0.000003,0.042460,0.000448,0.052548,0.000000,0.000000,0.000000,0,0,0.000000,0.000000,0.000000,0.000000,0.000000,0.000000,0.000000,0.000000,0.000000,0.000000,0.000000,0.000000,0.000000,0.000000,0,0,0,0,0,0.000000,0.000000,0.000000,0.000000,0.000000,0.000000,0.000000,0.000000,0,0,0,0,0
887,2,3.402513,0.000810,0.000000,0.000041,0.120992,1.250061,1.246636,0.459096,1.022359,0.451440,0.339569,0.003550,0.000000,0.000064,0.000034,0.051195,0.000003,0.042460,0.000448,0.049259,0.000000,0.000000,0.000000,0,0,0.000000,0.000000,0.000000,0.000000,0.000000,0.000000,0.000000,0.000000,0.000000,0.000000,0.000000,0.000000,0.000000,0.000000,0,0,0,0,0,0.000000,0.000000,0.000000,0.000000,0.000000,0.000000,0.000000,0.000000,0,0,0,0,0
888,2,4.742116,1.289812,1.288961,0.000041,0.122650,1.294864,1.291439,0.465434,1.015984,0.455617,0.343747,0.003550,0.000000,0.000064,0.000034,0.051195,0.000003,0.042460,0.000448,0.050700,0.000000,0.000000,0.000000,0,0,0.000000,0.000000,0.000000,0.000000,0.000000,0.000000,0.000000,0.000000,0.000000,0.000000,0.000000,0.000000,0.000000,0.000000,0,0,0,0,0,0.000000,0.000000,0.000000,0.000000,0.000000,0.000000,0.000000,0.000000,0,0,0,0,0
889,2,3.425588,0.000810,0.000000,0.000041,0.120992,1.271118,1.267693,0.464820,1.016944,0.453149,0.341278,0.003550,0.000000,0.000064,0.000034,0.051195,0.000003,0.042460,0.000448,0.051073,0.000000,0.000000,0.000000,0,0,0.000000,0.000000,0.000000,0.000000,0.000000,0.000000,0.000000,0.000000,0.000000,0.000000,0.000000,0.000000,0.000000,0.000000,0,0,0,0,0,0.000000,0.000000,0.000000,0.000000,0.000000,0.000000,0.000000,0.000000,0,0,0,0,0
890,2,4.444587,1.015615,1.014764,0.000041,0.122650,1.274946,1.271522,0.465139,0.992828,0.456696,0.344825,0.003550,0.000000,0.000064,0.000034,0.051195,0.000003,0.061418,0.000448,0.070309,0.000000,0.000000,0.000000,0,0,0.000000,0.000000,0.000000,0.000000,0.000000,0.000000,0.000000,0.000000,0.000000,0.000000,0.000000,0.000000,0.000000,0.000000,0,0,0,0,0,0.000000,0.000000,0.000000,0.000000,0.000000,0.000000,0.000000,0.000000,0,0,0,0,0
891,2,3.444729,0.000810,0.000000,0.000041,0.120992,1.286367,1.282942,0.445472,1.020752,0.454420,0.342550,0.003550,0.000000,0.000064,0.000034,0.051195,0.000003,0.060621,0.000448,0.048716,0.000000,0.000000,0.000000,0,0,0.000000,0.000000,0.000000,0.000000,0.000000,0.000000,0.000000,0.000000,0.000000,0.000000,0.000000,0.000000,0.000000,0.000000,0,0,0,0,0,0.000000,0.000000,0.000000,0.000000,0.000000,0.000000,0.000000,0.000000,0,0,0,0,0
892,2,4.593926,1.174547,1.173696,0.000041,0.122650,1.273360,1.269935,0.485328,0.977386,0.462901,0.328752,0.003550,0.000000,0.000064,0.000034,0.051195,0.000003,0.042460,0.000448,0.106500,0.000000,0.000000,0.000000,0,0,0.000000,0.000000,0.000000,0.000000,0.000000,0.000000,0.000000,0.000000,0.000000,0.000000,0.000000,0.000000,0.000000,0.000000,0,0,0,0,0,0.000000,0.000000,0.000000,0.000000,0.000000,0.000000,0.000000,0.000000,0,0,0,0,0
893,2,3.444272,0.000810,0.000000,0.000041,0.120992,1.288225,1.284800,0.465491,1.013950,0.436045,0.324175,0.003550,0.000000,0.000064,0.000034,0.072201,0.000003,0.042457,0.000448,0.051293,0.000000,0.000000,0.000000,0,0,0.000000,0.000000,0.000000,0.000000,0.000000,0.000000,0.000000,0.000000,0.000000,0.000000,0.000000,0.000000,0.000000,0.000000,0,0,0,0,0,0.000000,0.000000,0.000000,0.000000,0.000000,0.000000,0.000000,0.000000,0,0,0,0,0
894,2,4.600661,1.183841,1.182990,0.000041,0.141554,1.251241,1.247816,0.483683,0.992513,0.450077,0.338206,0.003550,0.000000,0.000064,0.000034,0.051195,0.000003,0.042457,0.000448,0.049700,0.000000,0.000000,0.000000,0,0,0.000000,0.000000,0.000000,0.000000,0.000000,0.000000,0.000000,0.000000,0.000000,0.000000,0.000000,0.000000,0.000000,0.000000,0,0,0,0,0,0.000000,0.000000,0.000000,0.000000,0.000000,0.000000,0.000000,0.000000,0,0,0,0,0
895,2,3.444533,0.000810,0.000000,0.000041,0.120992,1.301897,1.298472,0.464756,0.989716,0.468604,0.337867,0.003550,0.000000,0.000064,0.000034,0.051202,0.000003,0.042457,0.000448,0.061517,0.000000,0.000000,0.000000,0,0,0.000000,0.000000,0.000000,0.000000,0.000000,0.000000,0.000000,0.000000,0.000000,0.000000,0.000000,0.000000,0.000000,0.000000,0,0,0,0,0,0.000000,0.000000,0.000000,0.000000,0.000000,0.000000,0.000000,0.000000,0,0,0,0,0
896,2,4.604177,1.172434,1.171583,0.000041,0.141500,1.258263,1.254839,0.460798,1.018511,0.454912,0.343041,0.003550,0.000000,0.000064,0.000034,0.051202,0.000003,0.042457,0.000448,0.057482,0.000000,0.000000,0.000000,0,0,0.000000,0.000000,0.000000,0.000000,0.000000,0.000000,0.000000,0.000000,0.000000,0.000000,0.000000,0.000000,0.000000,0.000000,0,0,0,0,0,0.000000,0.000000,0.000000,0.000000,0.000000,0.000000,0.000000,0.000000,0,0,0,0,0
897,2,3.425079,0.000810,0.000000,0.000041,0.120992,1.298052,1.294627,0.464284,0.969374,0.473809,0.361938,0.003550,0.000000,0.000064,0.000034,0.051202,0.000003,0.042457,0.000448,0.112515,0.000000,0.000000,0.000000,0,0,0.000000,0.000000,0.000000,0.000000,0.000000,0.000000,0.000000,0.000000,0.000000,0.000000,0.000000,0.000000,0.000000,0.000000,0,0,0,0,0,0.000000,0.000000,0.000000,0.000000,0.000000,0.000000,0.000000,0.000000,0,0,0,0,0
898,2,4.620884,1.202759,1.201908,0.000041,0.122650,1.279819,1.276394,0.462596,0.996884,0.458418,0.324175,0.003550,0.000000,0.000064,0.000034,0.051202,0.000003,0.042457,0.000448,0.058804,0.000000,0.000000,0.000000,0,0,0.000000,0.000000,0.000000,0.000000,0.000000,0.000000,0.000000,0.000000,0.000000,0.000000,0.000000,0.000000,0.000000,0.000000,0,0,0,0,0,0.000000,0.000000,0.000000,0.000000,0.000000,0.000000,0.000000,0.000000,0,0,0,0,0
899,2,3.421597,0.000810,0.000000,0.000041,0.120992,1.273790,1.254957,0.477383,0.992591,0.458272,0.346402,0.003550,0.000000,0.000064,0.000034,0.051202,0.000003,0.042457,0.000448,0.052311,0.000000,0.000000,0.000000,0,0,0.000000,0.000000,0.000000,0.000000,0.000000,0.000000,0.000000,0.000000,0.000000,0.000000,0.000000,0.000000,0.000000,0.000000,0,0,0,0,0,0.000000,0.000000,0.000000,0.000000,0.000000,0.000000,0.000000,0.000000,0,0,0,0,0
900,2,4.576959,1.152381,1.151530,0.000041,0.122650,1.274309,1.270884,0.463996,1.007372,0.458493,0.346622,0.003550,0.000000,0.000064,0.000034,0.051202,0.000003,0.042457,0.000448,0.048716,0.000000,0.000000,0.000000,0,0,0.000000,0.000000,0.000000,0.000000,0.000000,0.000000,0.000000,0.000000,0.000000,0.000000,0.000000,0.000000,0.000000,0.000000,0,0,0,0,0,0.000000,0.000000,0.000000,0.000000,0.000000,0.000000,0.000000,0.000000,0,0,0,0,0
901,2,3.413693,0.000810,0.000000,0.000041,0.139208,1.254567,1.251143,0.473395,0.989536,0.458418,0.346547,0.003550,0.000000,0.000064,0.000034,0.051202,0.000003,0.042457,0.000448,0.048716,0.000000,0.000000,0.000000,0,0,0.000000,0.000000,0.000000,0.000000,0.000000,0.000000,0.000000,0.000000,0.000000,0.000000,0.000000,0.000000,0.000000,0.000000,0,0,0,0,0,0.000000,0.000000,0.000000,0.000000,0.000000,0.000000,0.000000,0.000000,0,0,0,0,0
902,2,4.374342,0.940562,0.939711,0.000041,0.138004,1.268266,1.264842,0.465122,0.994568,0.470062,0.343394,0.003550,0.000000,0.000064,0.000034,0.051202,0.000003,0.042457,0.000448,0.053599,0.000000,0.000000,0.000000,0,0,0.000000,0.000000,0.000000,0.000000,0.000000,0.000000,0.000000,0.000000,0.000000,0.000000,0.000000,0.000000,0.000000,0.000000,0,0,0,0,0,0.000000,0.000000,0.000000,0.000000,0.000000,0.000000,0.000000,0.000000,0,0,0,0,0
903,2,3.393636,0.000810,0.000000,0.000041,0.120992,1.255731,1.252306,0.460819,1.003747,0.453779,0.341909,0.003550,0.000000,0.000064,0.000034,0.051202,0.000003,0.042457,0.000448,0.114939,0.000000,0.000000,0.000000,0,0,0.000000,0.000000,0.000000,0.000000,0.000000,0.000000,0.000000,0.000000,0.000000,0.000000,0.000000,0.000000,0.000000,0.000000,0,0,0,0,0,0.000000,0.000000,0.000000,0.000000,0.000000,0.000000,0.000000,0.000000,0,0,0,0,0
904,2,4.642473,1.199578,1.198727,0.000041,0.122650,1.297587,1.294162,0.464379,0.993659,0.449785,0.337914,0.003550,0.000000,0.000064,0.000034,0.068278,0.000003,0.042457,0.000448,0.058346,0.000000,0.000000,0.000000,0,0,0.000000,0.000000,0.000000,0.000000,0.000000,0.000000,0.000000,0.000000,0.000000,0.000000,0.000000,0.000000,0.000000,0.000000,0,0,0,0,0,0.000000,0.000000,0.000000,0.000000,0.000000,0.000000,0.000000,0.000000,0,0,0,0,0
905,2,3.424347,0.000810,0.000000,0.000041,0.120992,1.280172,1.276747,0.462009,1.004188,0.458418,0.324175,0.003550,0.000000,0.000064,0.000034,0.051202,0.000003,0.042457,0.000448,0.076870,0.000000,0.000000,0.000000,0,0,0.000000,0.000000,0.000000,0.000000,0.000000,0.000000,0.000000,0.000000,0.000000,0.000000,0.000000,0.000000,0.000000,0.000000,0,0,0,0,0,0.000000,0.000000,0.000000,0.000000,0.000000,0.000000,0.000000,0.000000,0,0,0,0,0
906,2,4.529283,1.098579,1.097727,0.000041,0.122650,1.294888,1.291463,0.457920,0.957987,0.454678,0.342807,0.003550,0.000000,0.000064,0.000034,0.073652,0.000003,0.064830,0.000448,0.057295,0.000000,0.000000,0.000000,0,0,0.000000,0.000000,0.000000,0.000000,0.000000,0.000000,0.000000,0.000000,0.000000,0.000000,0.000000,0.000000,0.000000,0.000000,0,0,0,0,0,0.000000,0.000000,0.000000,0.000000,0.000000,0.000000,0.000000,0.000000,0,0,0,0,0
907,2,3.449056,0.000810,0.000000,0.000041,0.120992,1.301978,1.298553,0.445472,1.009959,0.458418,0.346547,0.003550,0.000000,0.000064,0.000034,0.051202,0.000003,0.056125,0.000448,0.056922,0.000000,0.000000,0.000000,0,0,0.000000,0.000000,0.000000,0.000000,0.000000,0.000000,0.000000,0.000000,0.000000,0.000000,0.000000,0.000000,0.000000,0.000000,0,0,0,0,0,0.000000,0.000000,0.000000,0.000000,0.000000,0.000000,0.000000,0.000000,0,0,0,0,0
908,2,4.522020,1.093560,1.092709,0.000041,0.122650,1.272542,1.269118,0.482781,0.991635,0.438727,0.326857,0.025916,0.000000,0.000064,0.000034,0.051202,0.000003,0.042457,0.000448,0.046241,0.000000,0.000000,0.000000,0,0,0.000000,0.000000,0.000000,0.000000,0.000000,0.000000,0.000000,0.000000,0.000000,0.000000,0.000000,0.000000,0.000000,0.000000,0,0,0,0,0,0.000000,0.000000,0.000000,0.000000,0.000000,0.000000,0.000000,0.000000,0,0,0,0,0
909,2,3.442373,0.000810,0.000000,0.000041,0.120992,1.292355,1.288930,0.466064,1.009840,0.436045,0.324175,0.003550,0.000000,0.000064,0.000034,0.069709,0.000003,0.042457,0.000448,0.053260,0.000000,0.000000,0.000000,0,0,0.000000,0.000000,0.000000,0.000000,0.000000,0.000000,0.000000,0.000000,0.000000,0.000000,0.000000,0.000000,0.000000,0.000000,0,0,0,0,0,0.000000,0.000000,0.000000,0.000000,0.000000,0.000000,0.000000,0.000000,0,0,0,0,0
910,2,4.722239,1.317210,1.316359,0.000041,0.122650,1.254191,1.250766,0.480106,0.992235,0.458089,0.346219,0.003550,0.000000,0.000064,0.000034,0.051202,0.000003,0.042457,0.000448,0.054633,0.000000,0.000000,0.000000,0,0,0.000000,0.000000,0.000000,0.000000,0.000000,0.000000,0.000000,0.000000,0.000000,0.000000,0.000000,0.000000,0.000000,0.000000,0,0,0,0,0,0.000000,0.000000,0.000000,0.000000,0.000000,0.000000,0.000000,0.000000,0,0,0,0,0
911,2,3.436798,0.000810,0.000000,0.000041,0.120992,1.293243,1.289819,0.459127,0.997867,0.467000,0.336290,0.003550,0.000000,0.000064,0.000034,0.051202,0.000003,0.042457,0.000448,0.089491,0.000000,0.000000,0.000000,0,0,0.000000,0.000000,0.000000,0.000000,0.000000,0.000000,0.000000,0.000000,0.000000,0.000000,0.000000,0.000000,0.000000,0.000000,0,0,0,0,0,0.000000,0.000000,0.000000,0.000000,0.000000,0.000000,0.000000,0.000000,0,0,0,0,0
912,2,4.562354,1.124885,1.124034,0.000041,0.164069,1.245002,1.241577,0.464054,1.010759,0.455828,0.343957,0.003550,0.000000,0.000064,0.000034,0.051202,0.000003,0.042457,0.000448,0.053362,0.000000,0.000000,0.000000,0,0,0.000000,0.000000,0.000000,0.000000,0.000000,0.000000,0.000000,0.000000,0.000000,0.000000,0.000000,0.000000,0.000000,0.000000,0,0,0,0,0,0.000000,0.000000,0.000000,0.000000,0.000000,0.000000,0.000000,0.000000,0,0,0,0,0
913,2,3.426646,0.000810,0.000000,0.000041,0.120992,1.298072,1.294647,0.463735,0.964417,0.458411,0.346541,0.003550,0.000000,0.000064,0.000034,0.073652,0.000003,0.042457,0.000448,0.058601,0.000000,0.000000,0.000000,0,0,0.000000,0.000000,0.000000,0.000000,0.000000,0.000000,0.000000,0.000000,0.000000,0.000000,0.000000,0.000000,0.000000,0.000000,0,0,0,0,0,0.000000,0.000000,0.000000,0.000000,0.000000,0.000000,0.000000,0.000000,0,0,0,0,0
914,2,4.322452,0.868544,0.867693,0.000041,0.122650,1.301690,1.298265,0.467845,1.008660,0.436045,0.324175,0.003550,0.000000,0.000064,0.000034,0.070462,0.000003,0.042457,0.000448,0.049920,0.000000,0.000000,0.000000,0,0,0.000000,0.000000,0.000000,0.000000,0.000000,0.000000,0.000000,0.000000,0.000000,0.000000,0.000000,0.000000,0.000000,0.000000,0,0,0,0,0,0.000000,0.000000,0.000000,0.000000,0.000000,0.000000,0.000000,0.000000,0,0,0,0,0
915,2,3.428318,0.000810,0.000000,0.000041,0.138662,1.256209,1.252784,0.485050,0.991418,0.458411,0.346541,0.003550,0.000000,0.000064,0.000034,0.051202,0.000003,0.042457,0.000448,0.053429,0.000000,0.000000,0.000000,0,0,0.000000,0.000000,0.000000,0.000000,0.000000,0.000000,0.000000,0.000000,0.000000,0.000000,0.000000,0.000000,0.000000,0.000000,0,0,0,0,0,0.000000,0.000000,0.000000,0.000000,0.000000,0.000000,0.000000,0.000000,0,0,0,0,0
916,2,4.524011,1.067308,1.066457,0.000041,0.142334,1.277540,1.274116,0.466454,1.014652,0.457964,0.346093,0.003550,0.000000,0.000064,0.000034,0.051202,0.000003,0.042457,0.000448,0.048716,0.000000,0.000000,0.000000,0,0,0.000000,0.000000,0.000000,0.000000,0.000000,0.000000,0.000000,0.000000,0.000000,0.000000,0.000000,0.000000,0.000000,0.000000,0,0,0,0,0,0.000000,0.000000,0.000000,0.000000,0.000000,0.000000,0.000000,0.000000,0,0,0,0,0
917,2,3.427334,0.000810,0.000000,0.000041,0.134654,1.260566,1.257141,0.463871,1.012207,0.457469,0.345598,0.003550,0.000000,0.000064,0.000034,0.051202,0.000003,0.042457,0.000448,0.057838,0.000000,0.000000,0.000000,0,0,0.000000,0.000000,0.000000,0.000000,0.000000,0.000000,0.000000,0.000000,0.000000,0.000000,0.000000,0.000000,0.000000,0.000000,0,0,0,0,0,0.000000,0.000000,0.000000,0.000000,0.000000,0.000000,0.000000,0.000000,0,0,0,0,0
918,2,4.614305,1.184913,1.184062,0.000041,0.122650,1.295074,1.291650,0.462467,0.978048,0.451023,0.339152,0.003550,0.000000,0.000064,0.000034,0.051202,0.000003,0.064830,0.000448,0.077759,0.000000,0.000000,0.000000,0,0,0.000000,0.000000,0.000000,0.000000,0.000000,0.000000,0.000000,0.000000,0.000000,0.000000,0.000000,0.000000,0.000000,0.000000,0,0,0,0,0,0.000000,0.000000,0.000000,0.000000,0.000000,0.000000,0.000000,0.000000,0,0,0,0,0
919,2,3.434021,0.000810,0.000000,0.000041,0.140676,1.257555,1.254130,0.465108,1.016947,0.455166,0.343296,0.003550,0.000000,0.000064,0.000034,0.051202,0.000003,0.042457,0.000448,0.062907,0.000000,0.000000,0.000000,0,0,0.000000,0.000000,0.000000,0.000000,0.000000,0.000000,0.000000,0.000000,0.000000,0.000000,0.000000,0.000000,0.000000,0.000000,0,0,0,0,0,0.000000,0.000000,0.000000,0.000000,0.000000,0.000000,0.000000,0.000000,0,0,0,0,0
920,2,4.386705,0.967706,0.966855,0.000041,0.122650,1.275479,1.272054,0.463630,0.994446,0.465037,0.339542,0.003550,0.000000,0.000064,0.000034,0.051202,0.000003,0.042457,0.000448,0.051429,0.000000,0.000000,0.000000,0,0,0.000000,0.000000,0.000000,0.000000,0.000000,0.000000,0.000000,0.000000,0.000000,0.000000,0.000000,0.000000,0.000000,0.000000,0,0,0,0,0,0.000000,0.000000,0.000000,0.000000,0.000000,0.000000,0.000000,0.000000,0,0,0,0,0
921,2,3.426388,0.000810,0.000000,0.000041,0.120992,1.275330,1.271905,0.467845,1.009020,0.454634,0.342763,0.003550,0.000000,0.000064,0.000034,0.051202,0.000003,0.042457,0.000448,0.079458,0.000000,0.000000,0.000000,0,0,0.000000,0.000000,0.000000,0.000000,0.000000,0.000000,0.000000,0.000000,0.000000,0.000000,0.000000,0.000000,0.000000,0.000000,0,0,0,0,0,0.000000,0.000000,0.000000,0.000000,0.000000,0.000000,0.000000,0.000000,0,0,0,0,0
922,2,4.716119,1.267660,1.266808,0.000041,0.122650,1.294854,1.276018,0.459808,0.994473,0.478916,0.367045,0.003550,0.000000,0.000064,0.000034,0.051202,0.000003,0.042457,0.000448,0.048208,0.000000,0.000000,0.000000,0,0,0.000000,0.000000,0.000000,0.000000,0.000000,0.000000,0.000000,0.000000,0.000000,0.000000,0.000000,0.000000,0.000000,0.000000,0,0,0,0,0,0.000000,0.000000,0.000000,0.000000,0.000000,0.000000,0.000000,0.000000,0,0,0,0,0
923,2,3.453796,0.000810,0.000000,0.000041,0.120992,1.294098,1.290673,0.445472,1.021013,0.454030,0.342160,0.003550,0.000000,0.000064,0.000034,0.051202,0.000003,0.062080,0.000448,0.062330,0.000000,0.000000,0.000000,0,0,0.000000,0.000000,0.000000,0.000000,0.000000,0.000000,0.000000,0.000000,0.000000,0.000000,0.000000,0.000000,0.000000,0.000000,0,0,0,0,0,0.000000,0.000000,0.000000,0.000000,0.000000,0.000000,0.000000,0.000000,0,0,0,0,0
924,2,4.582465,1.161038,1.160187,0.000041,0.122650,1.272129,1.268704,0.488522,0.980028,0.460341,0.348470,0.003550,0.000000,0.000064,0.000034,0.051202,0.000003,0.042457,0.000448,0.079827,0.000000,0.000000,0.000000,0,0,0.000000,0.000000,0.000000,0.000000,0.000000,0.000000,0.000000,0.000000,0.000000,0.000000,0.000000,0.000000,0.000000,0.000000,0,0,0,0,0,0.000000,0.000000,0.000000,0.000000,0.000000,0.000000,0.000000,0.000000,0,0,0,0,0
925,2,3.443980,0.000810,0.000000,0.000041,0.120992,1.297987,1.294562,0.465040,0.989149,0.449870,0.337999,0.003550,0.000000,0.000064,0.000034,0.073574,0.000003,0.042457,0.000448,0.065280,0.000000,0.000000,0.000000,0,0,0.000000,0.000000,0.000000,0.000000,0.000000,0.000000,0.000000,0.000000,0.000000,0.000000,0.000000,0.000000,0.000000,0.000000,0,0,0,0,0,0.000000,0.000000,0.000000,0.000000,0.000000,0.000000,0.000000,0.000000,0,0,0,0,0
926,2,4.671027,1.244422,1.243571,0.000041,0.145023,1.254567,1.251143,0.480703,0.992147,0.456407,0.344537,0.003550,0.000000,0.000064,0.000034,0.051202,0.000003,0.042457,0.000448,0.081590,0.000000,0.000000,0.000000,0,0,0.000000,0.000000,0.000000,0.000000,0.000000,0.000000,0.000000,0.000000,0.000000,0.000000,0.000000,0.000000,0.000000,0.000000,0,0,0,0,0,0.000000,0.000000,0.000000,0.000000,0.000000,0.000000,0.000000,0.000000,0,0,0,0,0
927,2,3.431135,0.000810,0.000000,0.000041,0.120992,1.288571,1.285146,0.464311,0.986945,0.471748,0.337908,0.003550,0.000000,0.000064,0.000034,0.051202,0.000003,0.042457,0.000448,0.116126,0.000000,0.000000,0.000000,0,0,0.000000,0.000000,0.000000,0.000000,0.000000,0.000000,0.000000,0.000000,0.000000,0.000000,0.000000,0.000000,0.000000,0.000000,0,0,0,0,0,0.000000,0.000000,0.000000,0.000000,0.000000,0.000000,0.000000,0.000000,0,0,0,0,0
928,2,4.644189,1.227285,1.226434,0.000041,0.136380,1.255368,1.251943,0.464762,1.007931,0.454705,0.342834,0.003550,0.000000,0.000064,0.000034,0.051202,0.000003,0.042457,0.000448,0.050649,0.000000,0.000000,0.000000,0,0,0.000000,0.000000,0.000000,0.000000,0.000000,0.000000,0.000000,0.000000,0.000000,0.000000,0.000000,0.000000,0.000000,0.000000,0,0,0,0,0,0.000000,0.000000,0.000000,0.000000,0.000000,0.000000,0.000000,0.000000,0,0,0,0,0
929,2,3.411784,0.000810,0.000000,0.000041,0.120992,1.288411,1.284987,0.463959,0.967289,0.458411,0.346541,0.003550,0.000000,0.000064,0.000034,0.051202,0.000003,0.056610,0.000448,0.092441,0.000000,0.000000,0.000000,0,0,0.000000,0.000000,0.000000,0.000000,0.000000,0.000000,0.000000,0.000000,0.000000,0.000000,0.000000,0.000000,0.000000,0.000000,0,0,0,0,0,0.000000,0.000000,0.000000,0.000000,0.000000,0.000000,0.000000,0.000000,0,0,0,0,0
930,2,4.559336,1.113071,1.112220,0.000041,0.145016,1.279921,1.276496,0.464213,1.008657,0.450701,0.338830,0.003550,0.000000,0.000064,0.000034,0.051202,0.000003,0.042457,0.000448,0.057838,0.000000,0.000000,0.000000,0,0,0.000000,0.000000,0.000000,0.000000,0.000000,0.000000,0.000000,0.000000,0.000000,0.000000,0.000000,0.000000,0.000000,0.000000,0,0,0,0,0,0.000000,0.000000,0.000000,0.000000,0.000000,0.000000,0.000000,0.000000,0,0,0,0,0
931,2,3.416734,0.000810,0.000000,0.000041,0.138160,1.255883,1.252458,0.474609,0.995650,0.453864,0.341994,0.003550,0.000000,0.000064,0.000034,0.051202,0.000003,0.042457,0.000448,0.057973,0.000000,0.000000,0.000000,0,0,0.000000,0.000000,0.000000,0.000000,0.000000,0.000000,0.000000,0.000000,0.000000,0.000000,0.000000,0.000000,0.000000,0.000000,0,0,0,0,0,0.000000,0.000000,0.000000,0.000000,0.000000,0.000000,0.000000,0.000000,0,0,0,0,0
932,2,4.564494,1.140191,1.139340,0.000041,0.122650,1.267626,1.264201,0.465281,1.014679,0.456309,0.326857,0.003550,0.000000,0.000064,0.000034,0.051202,0.000003,0.042457,0.000448,0.056125,0.000000,0.000000,0.000000,0,0,0.000000,0.000000,0.000000,0.000000,0.000000,0.000000,0.000000,0.000000,0.000000,0.000000,0.000000,0.000000,0.000000,0.000000,0,0,0,0,0,0.000000,0.000000,0.000000,0.000000,0.000000,0.000000,0.000000,0.000000,0,0,0,0,0
933,2,3.429094,0.000810,0.000000,0.000041,0.140591,1.254439,1.251014,0.466336,1.014462,0.454698,0.342828,0.003550,0.000000,0.000064,0.000034,0.051202,0.000003,0.042457,0.000448,0.051158,0.000000,0.000000,0.000000,0,0,0.000000,0.000000,0.000000,0.000000,0.000000,0.000000,0.000000,0.000000,0.000000,0.000000,0.000000,0.000000,0.000000,0.000000,0,0,0,0,0,0.000000,0.000000,0.000000,0.000000,0.000000,0.000000,0.000000,0.000000,0,0,0,0,0
934,2,5.181278,1.734012,1.733161,0.000041,0.122650,1.294746,1.291321,0.464528,0.995076,0.453905,0.324175,0.003550,0.000000,0.000064,0.000034,0.051202,0.000003,0.061059,0.000448,0.055210,0.000000,0.000000,0.000000,0,0,0.000000,0.000000,0.000000,0.000000,0.000000,0.000000,0.000000,0.000000,0.000000,0.000000,0.000000,0.000000,0.000000,0.000000,0,0,0,0,0,0.000000,0.000000,0.000000,0.000000,0.000000,0.000000,0.000000,0.000000,0,0,0,0,0
935,2,3.425130,0.000810,0.000000,0.000041,0.143795,1.257189,1.253764,0.464071,1.007406,0.454102,0.324175,0.003550,0.000000,0.000064,0.000034,0.051202,0.000003,0.042457,0.000448,0.058312,0.000000,0.000000,0.000000,0,0,0.000000,0.000000,0.000000,0.000000,0.000000,0.000000,0.000000,0.000000,0.000000,0.000000,0.000000,0.000000,0.000000,0.000000,0,0,0,0,0,0.000000,0.000000,0.000000,0.000000,0.000000,0.000000,0.000000,0.000000,0,0,0,0,0
936,2,4.711568,1.279344,1.278493,0.000041,0.122650,1.296746,1.293321,0.467539,0.982368,0.465162,0.339569,0.003550,0.000000,0.000064,0.000034,0.051202,0.000003,0.042457,0.000448,0.052751,0.000000,0.000000,0.000000,0,0,0.000000,0.000000,0.000000,0.000000,0.000000,0.000000,0.000000,0.000000,0.000000,0.000000,0.000000,0.000000,0.000000,0.000000,0,0,0,0,0,0.000000,0.000000,0.000000,0.000000,0.000000,0.000000,0.000000,0.000000,0,0,0,0,0
937,2,3.412560,0.000810,0.000000,0.000041,0.120992,1.265598,1.262173,0.463450,1.012550,0.451402,0.324175,0.003550,0.000000,0.000064,0.000034,0.051202,0.000003,0.042457,0.000448,0.090708,0.000000,0.000000,0.000000,0,0,0.000000,0.000000,0.000000,0.000000,0.000000,0.000000,0.000000,0.000000,0.000000,0.000000,0.000000,0.000000,0.000000,0.000000,0,0,0,0,0,0.000000,0.000000,0.000000,0.000000,0.000000,0.000000,0.000000,0.000000,0,0,0,0,0
938,2,4.358690,0.947218,0.946367,0.000041,0.122650,1.256104,1.252679,0.485060,0.991482,0.458418,0.346547,0.003550,0.000000,0.000064,0.000034,0.051202,0.000003,0.042457,0.000448,0.057075,0.000000,0.000000,0.000000,0,0,0.000000,0.000000,0.000000,0.000000,0.000000,0.000000,0.000000,0.000000,0.000000,0.000000,0.000000,0.000000,0.000000,0.000000,0,0,0,0,0,0.000000,0.000000,0.000000,0.000000,0.000000,0.000000,0.000000,0.000000,0,0,0,0,0
939,2,3.448730,0.000810,0.000000,0.000041,0.120992,1.292219,1.288795,0.445472,1.017249,0.453902,0.342031,0.003550,0.000000,0.000064,0.000034,0.051202,0.000003,0.062785,0.000448,0.051327,0.000000,0.000000,0.000000,0,0,0.000000,0.000000,0.000000,0.000000,0.000000,0.000000,0.000000,0.000000,0.000000,0.000000,0.000000,0.000000,0.000000,0.000000,0,0,0,0,0,0.000000,0.000000,0.000000,0.000000,0.000000,0.000000,0.000000,0.000000,0,0,0,0,0
940,2,4.560598,1.140245,1.139394,0.000041,0.122650,1.275085,1.271661,0.478434,0.994069,0.452355,0.326857,0.003550,0.000000,0.000064,0.000034,0.051202,0.000003,0.042457,0.000448,0.049649,0.000000,0.000000,0.000000,0,0,0.000000,0.000000,0.000000,0.000000,0.000000,0.000000,0.000000,0.000000,0.000000,0.000000,0.000000,0.000000,0.000000,0.000000,0,0,0,0,0,0.000000,0.000000,0.000000,0.000000,0.000000,0.000000,0.000000,0.000000,0,0,0,0,0
941,2,3.447083,0.000810,0.000000,0.000041,0.120992,1.291697,1.288272,0.459012,0.997674,0.456767,0.344896,0.003550,0.000000,0.000064,0.000034,0.073574,0.000003,0.042457,0.000448,0.048716,0.000000,0.000000,0.000000,0,0,0.000000,0.000000,0.000000,0.000000,0.000000,0.000000,0.000000,0.000000,0.000000,0.000000,0.000000,0.000000,0.000000,0.000000,0,0,0,0,0,0.000000,0.000000,0.000000,0.000000,0.000000,0.000000,0.000000,0.000000,0,0,0,0,0
942,2,4.592153,1.167992,1.167141,0.000041,0.143687,1.253896,1.250471,0.484958,0.992493,0.451369,0.339498,0.003550,0.000000,0.000064,0.000034,0.051202,0.000003,0.042457,0.000448,0.104902,0.000000,0.000000,0.000000,0,0,0.000000,0.000000,0.000000,0.000000,0.000000,0.000000,0.000000,0.000000,0.000000,0.000000,0.000000,0.000000,0.000000,0.000000,0,0,0,0,0,0.000000,0.000000,0.000000,0.000000,0.000000,0.000000,0.000000,0.000000,0,0,0,0,0
943,2,3.463128,0.000810,0.000000,0.000041,0.120992,1.306871,1.303446,0.465091,0.992160,0.479445,0.367574,0.003550,0.000000,0.000064,0.000034,0.051202,0.000003,0.042457,0.000448,0.070706,0.000000,0.000000,0.000000,0,0,0.000000,0.000000,0.000000,0.000000,0.000000,0.000000,0.000000,0.000000,0.000000,0.000000,0.000000,0.000000,0.000000,0.000000,0,0,0,0,0,0.000000,0.000000,0.000000,0.000000,0.000000,0.000000,0.000000,0.000000,0,0,0,0,0
944,2,4.672960,1.272746,1.271895,0.000041,0.122650,1.259043,1.255619,0.459123,1.006724,0.454915,0.324175,0.003550,0.000000,0.000064,0.000034,0.051202,0.000003,0.042457,0.000448,0.048954,0.000000,0.000000,0.000000,0,0,0.000000,0.000000,0.000000,0.000000,0.000000,0.000000,0.000000,0.000000,0.000000,0.000000,0.000000,0.000000,0.000000,0.000000,0,0,0,0,0,0.000000,0.000000,0.000000,0.000000,0.000000,0.000000,0.000000,0.000000,0,0,0,0,0
945,2,3.448069,0.000810,0.000000,0.000041,0.120992,1.296176,1.273065,0.459517,0.995626,0.454739,0.342868,0.003550,0.000000,0.000064,0.000034,0.073652,0.000003,0.042457,0.000448,0.058634,0.000000,0.000000,0.000000,0,0,0.000000,0.000000,0.000000,0.000000,0.000000,0.000000,0.000000,0.000000,0.000000,0.000000,0.000000,0.000000,0.000000,0.000000,0,0,0,0,0,0.000000,0.000000,0.000000,0.000000,0.000000,0.000000,0.000000,0.000000,0,0,0,0,0
946,2,4.619642,1.193210,1.192359,0.000041,0.122650,1.273834,1.270409,0.460870,1.012902,0.458418,0.346547,0.003550,0.000000,0.000064,0.000034,0.051202,0.000003,0.042457,0.000448,0.049649,0.000000,0.000000,0.000000,0,0,0.000000,0.000000,0.000000,0.000000,0.000000,0.000000,0.000000,0.000000,0.000000,0.000000,0.000000,0.000000,0.000000,0.000000,0,0,0,0,0,0.000000,0.000000,0.000000,0.000000,0.000000,0.000000,0.000000,0.000000,0,0,0,0,0
947,2,3.408552,0.000810,0.000000,0.000041,0.143365,1.250427,1.247002,0.465820,0.989278,0.461093,0.349223,0.003550,0.000000,0.000064,0.000034,0.051202,0.000003,0.042457,0.000448,0.128604,0.000000,0.000000,0.000000,0,0,0.000000,0.000000,0.000000,0.000000,0.000000,0.000000,0.000000,0.000000,0.000000,0.000000,0.000000,0.000000,0.000000,0.000000,0,0,0,0,0,0.000000,0.000000,0.000000,0.000000,0.000000,0.000000,0.000000,0.000000,0,0,0,0,0
948,2,4.498708,1.044213,1.043362,0.000041,0.145023,1.271708,1.268283,0.467845,1.011061,0.461100,0.349230,0.003550,0.000000,0.000064,0.000034,0.051202,0.000003,0.042457,0.000448,0.048716,0.000000,0.000000,0.000000,0,0,0.000000,0.000000,0.000000,0.000000,0.000000,0.000000,0.000000,0.000000,0.000000,0.000000,0.000000,0.000000,0.000000,0.000000,0,0,0,0,0,0.000000,0.000000,0.000000,0.000000,0.000000,0.000000,0.000000,0.000000,0,0,0,0,0
949,2,3.436137,0.000810,0.000000,0.000041,0.141273,1.251383,1.247959,0.463552,1.028185,0.453176,0.341305,0.003550,0.000000,0.000064,0.000034,0.051202,0.000003,0.042457,0.000448,0.108124,0.000000,0.000000,0.000000,0,0,0.000000,0.000000,0.000000,0.000000,0.000000,0.000000,0.000000,0.000000,0.000000,0.000000,0.000000,0.000000,0.000000,0.000000,0,0,0,0,0,0.000000,0.000000,0.000000,0.000000,0.000000,0.000000,0.000000,0.000000,0,0,0,0,0
950,2,4.500651,1.067905,1.067054,0.000041,0.122650,1.282908,1.279483,0.463833,0.989526,0.476071,0.344323,0.003550,0.000000,0.000064,0.000034,0.051202,0.000003,0.042457,0.000448,0.054633,0.000000,0.000000,0.000000,0,0,0.000000,0.000000,0.000000,0.000000,0.000000,0.000000,0.000000,0.000000,0.000000,0.000000,0.000000,0.000000,0.000000,0.000000,0,0,0,0,0,0.000000,0.000000,0.000000,0.000000,0.000000,0.000000,0.000000,0.000000,0,0,0,0,0
951,2,3.423886,0.000810,0.000000,0.000041,0.143443,1.254035,1.250610,0.459137,1.013862,0.454841,0.324175,0.003550,0.000000,0.000064,0.000034,0.051202,0.000003,0.042457,0.000448,0.084422,0.000000,0.000000,0.000000,0,0,0.000000,0.000000,0.000000,0.000000,0.000000,0.000000,0.000000,0.000000,0.000000,0.000000,0.000000,0.000000,0.000000,0.000000,0,0,0,0,0,0.000000,0.000000,0.000000,0.000000,0.000000,0.000000,0.000000,0.000000,0,0,0,0,0
952,2,4.675181,1.232947,1.232096,0.000041,0.122650,1.296082,1.292657,0.466529,0.994019,0.465196,0.353326,0.003550,0.000000,0.000064,0.000034,0.051202,0.000003,0.042457,0.000448,0.059007,0.000000,0.000000,0.000000,0,0,0.000000,0.000000,0.000000,0.000000,0.000000,0.000000,0.000000,0.000000,0.000000,0.000000,0.000000,0.000000,0.000000,0.000000,0,0,0,0,0,0.000000,0.000000,0.000000,0.000000,0.000000,0.000000,0.000000,0.000000,0,0,0,0,0
953,2,3.423133,0.000810,0.000000,0.000041,0.120992,1.274183,1.270759,0.460405,1.010566,0.458418,0.346547,0.003550,0.000000,0.000064,0.000034,0.051202,0.000003,0.042457,0.000448,0.083466,0.000000,0.000000,0.000000,0,0,0.000000,0.000000,0.000000,0.000000,0.000000,0.000000,0.000000,0.000000,0.000000,0.000000,0.000000,0.000000,0.000000,0.000000,0,0,0,0,0,0.000000,0.000000,0.000000,0.000000,0.000000,0.000000,0.000000,0.000000,0,0,0,0,0
954,2,4.580987,1.129808,1.128957,0.000041,0.122650,1.300364,1.296939,0.464135,0.989302,0.436045,0.324175,0.003550,0.000000,0.000064,0.000034,0.092126,0.000003,0.042457,0.000448,0.046597,0.000000,0.000000,0.000000,0,0,0.000000,0.000000,0.000000,0.000000,0.000000,0.000000,0.000000,0.000000,0.000000,0.000000,0.000000,0.000000,0.000000,0.000000,0,0,0,0,0,0.000000,0.000000,0.000000,0.000000,0.000000,0.000000,0.000000,0.000000,0,0,0,0,0
955,2,3.449992,0.000810,0.000000,0.000041,0.120992,1.293277,1.289853,0.466987,0.993568,0.457319,0.324175,0.003550,0.000000,0.000064,0.000034,0.051202,0.000003,0.061737,0.000448,0.118534,0.000000,0.000000,0.000000,0,0,0.000000,0.000000,0.000000,0.000000,0.000000,0.000000,0.000000,0.000000,0.000000,0.000000,0.000000,0.000000,0.000000,0.000000,0,0,0,0,0,0.000000,0.000000,0.000000,0.000000,0.000000,0.000000,0.000000,0.000000,0,0,0,0,0
956,2,4.476851,1.046485,1.045634,0.000041,0.122650,1.273861,1.270437,0.479760,0.998159,0.438727,0.326857,0.003550,0.000000,0.000064,0.000034,0.070652,0.000003,0.042457,0.000448,0.050039,0.000000,0.000000,0.000000,0,0,0.000000,0.000000,0.000000,0.000000,0.000000,0.000000,0.000000,0.000000,0.000000,0.000000,0.000000,0.000000,0.000000,0.000000,0,0,0,0,0,0.000000,0.000000,0.000000,0.000000,0.000000,0.000000,0.000000,0.000000,0,0,0,0,0
957,2,3.443759,0.000810,0.000000,0.000041,0.120992,1.295824,1.292399,0.460019,1.013458,0.454898,0.324175,0.003550,0.000000,0.000064,0.000034,0.051202,0.000003,0.042457,0.000448,0.129723,0.000000,0.000000,0.000000,0,0,0.000000,0.000000,0.000000,0.000000,0.000000,0.000000,0.000000,0.000000,0.000000,0.000000,0.000000,0.000000,0.000000,0.000000,0,0,0,0,0,0.000000,0.000000,0.000000,0.000000,0.000000,0.000000,0.000000,0.000000,0,0,0,0,0
958,2,4.496969,1.095093,1.094242,0.000041,0.122650,1.273648,1.270223,0.462606,0.986796,0.458418,0.346547,0.003550,0.000000,0.000064,0.000034,0.051202,0.000003,0.042457,0.000448,0.044986,0.000000,0.000000,0.000000,0,0,0.000000,0.000000,0.000000,0.000000,0.000000,0.000000,0.000000,0.000000,0.000000,0.000000,0.000000,0.000000,0.000000,0.000000,0,0,0,0,0,0.000000,0.000000,0.000000,0.000000,0.000000,0.000000,0.000000,0.000000,0,0,0,0,0
959,2,3.435564,0.000810,0.000000,0.000041,0.120992,1.288384,1.284960,0.459127,1.000922,0.467570,0.338606,0.003550,0.000000,0.000064,0.000034,0.051202,0.000003,0.042457,0.000448,0.048716,0.000000,0.000000,0.000000,0,0,0.000000,0.000000,0.000000,0.000000,0.000000,0.000000,0.000000,0.000000,0.000000,0.000000,0.000000,0.000000,0.000000,0.000000,0,0,0,0,0,0.000000,0.000000,0.000000,0.000000,0.000000,0.000000,0.000000,0.000000,0,0,0,0,0
960,2,4.481066,1.046488,1.045637,0.000041,0.122650,1.292202,1.288778,0.461490,1.002465,0.458011,0.346141,0.003550,0.000000,0.000064,0.000034,0.051202,0.000003,0.042457,0.000448,0.045817,0.000000,0.000000,0.000000,0,0,0.000000,0.000000,0.000000,0.000000,0.000000,0.000000,0.000000,0.000000,0.000000,0.000000,0.000000,0.000000,0.000000,0.000000,0,0,0,0,0,0.000000,0.000000,0.000000,0.000000,0.000000,0.000000,0.000000,0.000000,0,0,0,0,0
961,2,3.445204,0.000810,0.000000,0.000041,0.120992,1.298798,1.276713,0.459534,0.997162,0.454685,0.342814,0.003550,0.000000,0.000064,0.000034,0.051202,0.000003,0.057922,0.000448,0.049564,0.000000,0.000000,0.000000,0,0,0.000000,0.000000,0.000000,0.000000,0.000000,0.000000,0.000000,0.000000,0.000000,0.000000,0.000000,0.000000,0.000000,0.000000,0,0,0,0,0,0.000000,0.000000,0.000000,0.000000,0.000000,0.000000,0.000000,0.000000,0,0,0,0,0
962,2,4.549391,1.107235,1.106384,0.000041,0.137227,1.273085,1.269660,0.463810,1.014598,0.455678,0.343808,0.003550,0.000000,0.000064,0.000034,0.051202,0.000003,0.042457,0.000448,0.131165,0.000000,0.000000,0.000000,0,0,0.000000,0.000000,0.000000,0.000000,0.000000,0.000000,0.000000,0.000000,0.000000,0.000000,0.000000,0.000000,0.000000,0.000000,0,0,0,0,0,0.000000,0.000000,0.000000,0.000000,0.000000,0.000000,0.000000,0.000000,0,0,0,0,0
963,2,3.428012,0.000810,0.000000,0.000041,0.141015,1.256097,1.252672,0.481849,0.992065,0.458418,0.346547,0.003550,0.000000,0.000064,0.000034,0.051202,0.000003,0.042457,0.000448,0.060669,0.000000,0.000000,0.000000,0,0,0.000000,0.000000,0.000000,0.000000,0.000000,0.000000,0.000000,0.000000,0.000000,0.000000,0.000000,0.000000,0.000000,0.000000,0,0,0,0,0,0.000000,0.000000,0.000000,0.000000,0.000000,0.000000,0.000000,0.000000,0,0,0,0,0
964,2,4.512478,1.104665,1.103814,0.000041,0.122650,1.265228,1.261804,0.467845,0.996484,0.457859,0.345988,0.003550,0.000000,0.000064,0.000034,0.051192,0.000003,0.042457,0.000448,0.054769,0.000000,0.000000,0.000000,0,0,0.000000,0.000000,0.000000,0.000000,0.000000,0.000000,0.000000,0.000000,0.000000,0.000000,0.000000,0.000000,0.000000,0.000000,0,0,0,0,0,0.000000,0.000000,0.000000,0.000000,0.000000,0.000000,0.000000,0.000000,0,0,0,0,0
965,2,3.421611,0.000810,0.000000,0.000041,0.140150,1.254639,1.251214,0.462599,1.007626,0.458038,0.346168,0.003550,0.000000,0.000064,0.000034,0.051192,0.000003,0.042457,0.000448,0.177975,0.000000,0.000000,0.000000,0,0,0.000000,0.000000,0.000000,0.000000,0.000000,0.000000,0.000000,0.000000,0.000000,0.000000,0.000000,0.000000,0.000000,0.000000,0,0,0,0,0,0.000000,0.000000,0.000000,0.000000,0.000000,0.000000,0.000000,0.000000,0,0,0,0,0
966,2,4.504917,1.093574,1.092723,0.000041,0.122650,1.257687,1.254262,0.464128,0.992079,0.477051,0.344486,0.003550,0.000000,0.000064,0.000034,0.051192,0.000003,0.042457,0.000448,0.052768,0.000000,0.000000,0.000000,0,0,0.000000,0.000000,0.000000,0.000000,0.000000,0.000000,0.000000,0.000000,0.000000,0.000000,0.000000,0.000000,0.000000,0.000000,0,0,0,0,0,0.000000,0.000000,0.000000,0.000000,0.000000,0.000000,0.000000,0.000000,0,0,0,0,0
967,2,3.431925,0.000810,0.000000,0.000041,0.120992,1.277523,1.274099,0.463745,1.013797,0.457309,0.345439,0.003550,0.000000,0.000064,0.000034,0.051192,0.000003,0.042457,0.000448,0.063941,0.000000,0.000000,0.000000,0,0,0.000000,0.000000,0.000000,0.000000,0.000000,0.000000,0.000000,0.000000,0.000000,0.000000,0.000000,0.000000,0.000000,0.000000,0,0,0,0,0,0.000000,0.000000,0.000000,0.000000,0.000000,0.000000,0.000000,0.000000,0,0,0,0,0
968,2,4.438575,0.980242,0.979390,0.000041,0.122650,1.305525,1.302100,0.445472,0.987356,0.477210,0.365339,0.003550,0.000000,0.000064,0.000034,0.051192,0.000003,0.064830,0.000448,0.050157,0.000000,0.000000,0.000000,0,0,0.000000,0.000000,0.000000,0.000000,0.000000,0.000000,0.000000,0.000000,0.000000,0.000000,0.000000,0.000000,0.000000,0.000000,0,0,0,0,0,0.000000,0.000000,0.000000,0.000000,0.000000,0.000000,0.000000,0.000000,0,0,0,0,0
969,2,3.770020,0.304996,0.000000,0.000041,0.159163,1.288262,1.284838,0.444984,0.998596,0.454702,0.324039,0.003550,0.000000,0.000064,0.000034,0.051151,0.000003,0.064067,0.000448,0.064178,0.000000,0.000000,0.000000,0,0,0.000000,0.000000,0.000000,0.000000,0.000000,0.000000,0.000000,0.000000,0.000000,0.000000,0.000000,0.000000,0.000000,0.000000,0,0,0,0,0,0.000000,0.000000,0.000000,0.000000,0.000000,0.000000,0.000000,0.000000,0,0,0,0,0
970,2,4.852953,1.431902,1.149421,0.000041,0.125332,1.272512,1.269087,0.463843,0.990312,0.471344,0.359473,0.003550,0.000000,0.000064,0.000034,0.051151,0.000003,0.042457,0.000448,0.059363,0.000000,0.000000,0.000000,0,0,0.000000,0.000000,0.000000,0.000000,0.000000,0.000000,0.000000,0.000000,0.000000,0.000000,0.000000,0.000000,0.000000,0.000000,0,0,0,0,0,0.000000,0.000000,0.000000,0.000000,0.000000,0.000000,0.000000,0.000000,0,0,0,0,0
971,2,3.769775,0.282461,0.000000,0.000041,0.177443,1.277839,1.274414,0.463745,1.017531,0.453050,0.341180,0.003550,0.000000,0.000064,0.000034,0.051151,0.000003,0.042457,0.000448,0.053294,0.000000,0.000000,0.000000,0,0,0.000000,0.000000,0.000000,0.000000,0.000000,0.000000,0.000000,0.000000,0.000000,0.000000,0.000000,0.000000,0.000000,0.000000,0,0,0,0,0,0.000000,0.000000,0.000000,0.000000,0.000000,0.000000,0.000000,0.000000,0,0,0,0,0
972,2,4.659020,1.240902,1.240051,0.000041,0.137997,1.259162,1.255737,0.474121,0.990265,0.458866,0.346995,0.003550,0.000000,0.000064,0.000034,0.051151,0.000003,0.042457,0.000448,0.051887,0.000000,0.000000,0.000000,0,0,0.000000,0.000000,0.000000,0.000000,0.000000,0.000000,0.000000,0.000000,0.000000,0.000000,0.000000,0.000000,0.000000,0.000000,0,0,0,0,0,0.000000,0.000000,0.000000,0.000000,0.000000,0.000000,0.000000,0.000000,0,0,0,0,0
973,2,3.439128,0.000810,0.000000,0.000041,0.120992,1.287069,1.283644,0.463182,0.991604,0.458360,0.346490,0.003550,0.000000,0.000064,0.000034,0.070553,0.000003,0.042457,0.000448,0.048547,0.000000,0.000000,0.000000,0,0,0.000000,0.000000,0.000000,0.000000,0.000000,0.000000,0.000000,0.000000,0.000000,0.000000,0.000000,0.000000,0.000000,0.000000,0,0,0,0,0,0.000000,0.000000,0.000000,0.000000,0.000000,0.000000,0.000000,0.000000,0,0,0,0,0
974,2,4.665636,1.244236,1.243384,0.000041,0.138970,1.249610,1.246185,0.467350,1.013150,0.454614,0.342743,0.003550,0.000000,0.000064,0.000034,0.051151,0.000003,0.042457,0.000448,0.150238,0.000000,0.000000,0.000000,0,0,0.000000,0.000000,0.000000,0.000000,0.000000,0.000000,0.000000,0.000000,0.000000,0.000000,0.000000,0.000000,0.000000,0.000000,0,0,0,0,0,0.000000,0.000000,0.000000,0.000000,0.000000,0.000000,0.000000,0.000000,0,0,0,0,0
975,2,3.442501,0.000810,0.000000,0.000041,0.120992,1.288161,1.284736,0.466600,0.990946,0.477285,0.346490,0.003550,0.000000,0.000064,0.000034,0.051151,0.000003,0.042457,0.000448,0.060465,0.000000,0.000000,0.000000,0,0,0.000000,0.000000,0.000000,0.000000,0.000000,0.000000,0.000000,0.000000,0.000000,0.000000,0.000000,0.000000,0.000000,0.000000,0,0,0,0,0,0.000000,0.000000,0.000000,0.000000,0.000000,0.000000,0.000000,0.000000,0,0,0,0,0
976,2,4.504367,1.072500,1.071648,0.000041,0.141184,1.272325,1.268901,0.462565,1.001356,0.456729,0.344859,0.003550,0.000000,0.000064,0.000034,0.051151,0.000003,0.042457,0.000448,0.048530,0.000000,0.000000,0.000000,0,0,0.000000,0.000000,0.000000,0.000000,0.000000,0.000000,0.000000,0.000000,0.000000,0.000000,0.000000,0.000000,0.000000,0.000000,0,0,0,0,0,0.000000,0.000000,0.000000,0.000000,0.000000,0.000000,0.000000,0.000000,0,0,0,0,0
977,2,3.403992,0.000810,0.000000,0.000041,0.120992,1.277391,1.273966,0.480042,0.968774,0.458276,0.324039,0.003550,0.000000,0.000064,0.000034,0.051151,0.000003,0.042457,0.000448,0.055040,0.000000,0.000000,0.000000,0,0,0.000000,0.000000,0.000000,0.000000,0.000000,0.000000,0.000000,0.000000,0.000000,0.000000,0.000000,0.000000,0.000000,0.000000,0,0,0,0,0,0.000000,0.000000,0.000000,0.000000,0.000000,0.000000,0.000000,0.000000,0,0,0,0,0
978,2,4.399116,0.968092,0.967241,0.000041,0.122650,1.288201,1.284776,0.464105,1.003815,0.454546,0.342675,0.003550,0.000000,0.000064,0.000034,0.051151,0.000003,0.042457,0.000448,0.126027,0.000000,0.000000,0.000000,0,0,0.000000,0.000000,0.000000,0.000000,0.000000,0.000000,0.000000,0.000000,0.000000,0.000000,0.000000,0.000000,0.000000,0.000000,0,0,0,0,0,0.000000,0.000000,0.000000,0.000000,0.000000,0.000000,0.000000,0.000000,0,0,0,0,0
979,2,3.426459,0.000810,0.000000,0.000041,0.136580,1.257531,1.254106,0.485436,0.990221,0.458174,0.346303,0.003550,0.000000,0.000064,0.000034,0.051151,0.000003,0.042457,0.000448,0.059652,0.000000,0.000000,0.000000,0,0,0.000000,0.000000,0.000000,0.000000,0.000000,0.000000,0.000000,0.000000,0.000000,0.000000,0.000000,0.000000,0.000000,0.000000,0,0,0,0,0,0.000000,0.000000,0.000000,0.000000,0.000000,0.000000,0.000000,0.000000,0,0,0,0,0
980,2,4.570034,1.140978,1.140127,0.000041,0.122650,1.277490,1.274065,0.463572,1.015042,0.452596,0.340725,0.003550,0.000000,0.000064,0.000034,0.051151,0.000003,0.042457,0.000448,0.051344,0.000000,0.000000,0.000000,0,0,0.000000,0.000000,0.000000,0.000000,0.000000,0.000000,0.000000,0.000000,0.000000,0.000000,0.000000,0.000000,0.000000,0.000000,0,0,0,0,0,0.000000,0.000000,0.000000,0.000000,0.000000,0.000000,0.000000,0.000000,0,0,0,0,0
981,2,3.442081,0.000810,0.000000,0.000041,0.160441,1.252499,1.249074,0.467350,1.009566,0.453708,0.341838,0.003550,0.000000,0.000064,0.000034,0.051151,0.000003,0.042457,0.000448,0.065026,0.000000,0.000000,0.000000,0,0,0.000000,0.000000,0.000000,0.000000,0.000000,0.000000,0.000000,0.000000,0.000000,0.000000,0.000000,0.000000,0.000000,0.000000,0,0,0,0,0,0.000000,0.000000,0.000000,0.000000,0.000000,0.000000,0.000000,0.000000,0,0,0,0,0
982,2,4.529582,1.105306,1.104455,0.000041,0.122650,1.271105,1.267680,0.464664,0.994473,0.473677,0.344679,0.003550,0.000000,0.000064,0.000034,0.051151,0.000003,0.042457,0.000448,0.110019,0.000000,0.000000,0.000000,0,0,0.000000,0.000000,0.000000,0.000000,0.000000,0.000000,0.000000,0.000000,0.000000,0.000000,0.000000,0.000000,0.000000,0.000000,0,0,0,0,0,0.000000,0.000000,0.000000,0.000000,0.000000,0.000000,0.000000,0.000000,0,0,0,0,0
983,2,3.428097,0.000810,0.000000,0.000041,0.120992,1.272464,1.269040,0.463959,1.016032,0.456133,0.344262,0.003550,0.000000,0.000064,0.000034,0.051151,0.000003,0.042457,0.000448,0.134606,0.000000,0.000000,0.000000,0,0,0.000000,0.000000,0.000000,0.000000,0.000000,0.000000,0.000000,0.000000,0.000000,0.000000,0.000000,0.000000,0.000000,0.000000,0,0,0,0,0,0.000000,0.000000,0.000000,0.000000,0.000000,0.000000,0.000000,0.000000,0,0,0,0,0
984,2,4.332316,0.914510,0.913659,0.000041,0.137231,1.258945,1.255520,0.473969,0.998528,0.451426,0.339556,0.003550,0.000000,0.000064,0.000034,0.051151,0.000003,0.042457,0.000448,0.071167,0.000000,0.000000,0.000000,0,0,0.000000,0.000000,0.000000,0.000000,0.000000,0.000000,0.000000,0.000000,0.000000,0.000000,0.000000,0.000000,0.000000,0.000000,0,0,0,0,0,0.000000,0.000000,0.000000,0.000000,0.000000,0.000000,0.000000,0.000000,0,0,0,0,0
985,2,3.412659,0.000810,0.000000,0.000041,0.120992,1.272885,1.269460,0.461843,1.008850,0.449571,0.337701,0.003550,0.000000,0.000064,0.000034,0.051151,0.000003,0.042457,0.000448,0.076413,0.000000,0.000000,0.000000,0,0,0.000000,0.000000,0.000000,0.000000,0.000000,0.000000,0.000000,0.000000,0.000000,0.000000,0.000000,0.000000,0.000000,0.000000,0,0,0,0,0,0.000000,0.000000,0.000000,0.000000,0.000000,0.000000,0.000000,0.000000,0,0,0,0,0
986,2,4.526683,1.100264,1.099413,0.000041,0.122650,1.273339,1.269914,0.486728,0.992048,0.435910,0.324039,0.003550,0.000000,0.000064,0.000034,0.069187,0.000003,0.042457,0.000448,0.048716,0.000000,0.000000,0.000000,0,0,0.000000,0.000000,0.000000,0.000000,0.000000,0.000000,0.000000,0.000000,0.000000,0.000000,0.000000,0.000000,0.000000,0.000000,0,0,0,0,0,0.000000,0.000000,0.000000,0.000000,0.000000,0.000000,0.000000,0.000000,0,0,0,0,0
987,2,3.441206,0.000810,0.000000,0.000041,0.120992,1.288951,1.285526,0.463860,0.992137,0.454376,0.324039,0.003550,0.000000,0.000064,0.000034,0.051151,0.000003,0.064830,0.000448,0.079064,0.000000,0.000000,0.000000,0,0,0.000000,0.000000,0.000000,0.000000,0.000000,0.000000,0.000000,0.000000,0.000000,0.000000,0.000000,0.000000,0.000000,0.000000,0,0,0,0,0,0.000000,0.000000,0.000000,0.000000,0.000000,0.000000,0.000000,0.000000,0,0,0,0,0
988,2,4.704559,1.275526,1.274675,0.000041,0.141103,1.253069,1.249644,0.486518,0.993215,0.457421,0.345551,0.003550,0.000000,0.000064,0.000034,0.051151,0.000003,0.042457,0.000448,0.051361,0.000000,0.000000,0.000000,0,0,0.000000,0.000000,0.000000,0.000000,0.000000,0.000000,0.000000,0.000000,0.000000,0.000000,0.000000,0.000000,0.000000,0.000000,0,0,0,0,0,0.000000,0.000000,0.000000,0.000000,0.000000,0.000000,0.000000,0.000000,0,0,0,0,0
989,2,3.439134,0.000810,0.000000,0.000041,0.120992,1.295295,1.291870,0.458981,0.992377,0.451199,0.324039,0.003550,0.000000,0.000064,0.000034,0.072923,0.000003,0.042457,0.000448,0.055803,0.000000,0.000000,0.000000,0,0,0.000000,0.000000,0.000000,0.000000,0.000000,0.000000,0.000000,0.000000,0.000000,0.000000,0.000000,0.000000,0.000000,0.000000,0,0,0,0,0,0.000000,0.000000,0.000000,0.000000,0.000000,0.000000,0.000000,0.000000,0,0,0,0,0
990,2,4.657617,1.233632,1.232781,0.000041,0.142310,1.256175,1.252750,0.464159,1.014048,0.449585,0.337714,0.003550,0.000000,0.000064,0.000034,0.051151,0.000003,0.042457,0.000448,0.052955,0.000000,0.000000,0.000000,0,0,0.000000,0.000000,0.000000,0.000000,0.000000,0.000000,0.000000,0.000000,0.000000,0.000000,0.000000,0.000000,0.000000,0.000000,0,0,0,0,0,0.000000,0.000000,0.000000,0.000000,0.000000,0.000000,0.000000,0.000000,0,0,0,0,0
991,2,3.443295,0.000810,0.000000,0.000041,0.120992,1.298910,1.295485,0.463301,0.991723,0.469852,0.357981,0.003550,0.000000,0.000064,0.000034,0.051151,0.000003,0.042457,0.000448,0.047275,0.000000,0.000000,0.000000,0,0,0.000000,0.000000,0.000000,0.000000,0.000000,0.000000,0.000000,0.000000,0.000000,0.000000,0.000000,0.000000,0.000000,0.000000,0,0,0,0,0,0.000000,0.000000,0.000000,0.000000,0.000000,0.000000,0.000000,0.000000,0,0,0,0,0
992,2,4.432607,1.023885,1.023034,0.000041,0.122650,1.287540,1.284115,0.458499,0.985843,0.456482,0.344611,0.003550,0.000000,0.000064,0.000034,0.051151,0.000003,0.042457,0.000448,0.047682,0.000000,0.000000,0.000000,0,0,0.000000,0.000000,0.000000,0.000000,0.000000,0.000000,0.000000,0.000000,0.000000,0.000000,0.000000,0.000000,0.000000,0.000000,0,0,0,0,0,0.000000,0.000000,0.000000,0.000000,0.000000,0.000000,0.000000,0.000000,0,0,0,0,0
993,2,3.386858,0.000810,0.000000,0.000041,0.120992,1.269338,1.265913,0.480018,0.964959,0.453033,0.324039,0.003550,0.000000,0.000064,0.000034,0.051151,0.000003,0.042457,0.000448,0.048716,0.000000,0.000000,0.000000,0,0,0.000000,0.000000,0.000000,0.000000,0.000000,0.000000,0.000000,0.000000,0.000000,0.000000,0.000000,0.000000,0.000000,0.000000,0,0,0,0,0,0.000000,0.000000,0.000000,0.000000,0.000000,0.000000,0.000000,0.000000,0,0,0,0,0
994,2,4.598941,1.171499,1.170648,0.000041,0.122650,1.276011,1.272586,0.463070,1.009752,0.458252,0.346381,0.003550,0.000000,0.000064,0.000034,0.051151,0.000003,0.042457,0.000448,0.049496,0.000000,0.000000,0.000000,0,0,0.000000,0.000000,0.000000,0.000000,0.000000,0.000000,0.000000,0.000000,0.000000,0.000000,0.000000,0.000000,0.000000,0.000000,0,0,0,0,0,0.000000,0.000000,0.000000,0.000000,0.000000,0.000000,0.000000,0.000000,0,0,0,0,0
995,2,3.419868,0.000810,0.000000,0.000041,0.143365,1.257768,1.254344,0.478000,0.987722,0.454495,0.342624,0.003550,0.000000,0.000064,0.000034,0.051151,0.000003,0.042457,0.000448,0.055939,0.000000,0.000000,0.000000,0,0,0.000000,0.000000,0.000000,0.000000,0.000000,0.000000,0.000000,0.000000,0.000000,0.000000,0.000000,0.000000,0.000000,0.000000,0,0,0,0,0,0.000000,0.000000,0.000000,0.000000,0.000000,0.000000,0.000000,0.000000,0,0,0,0,0
996,2,4.573083,1.147183,1.146332,0.000041,0.122650,1.280138,1.276713,0.460361,1.007650,0.457387,0.345517,0.003550,0.000000,0.000064,0.000034,0.051158,0.000003,0.042457,0.000448,0.064924,0.000000,0.000000,0.000000,0,0,0.000000,0.000000,0.000000,0.000000,0.000000,0.000000,0.000000,0.000000,0.000000,0.000000,0.000000,0.000000,0.000000,0.000000,0,0,0,0,0,0.000000,0.000000,0.000000,0.000000,0.000000,0.000000,0.000000,0.000000,0,0,0,0,0
997,2,3.432753,0.000810,0.000000,0.000041,0.156511,1.258555,1.255130,0.463487,1.004493,0.451182,0.339311,0.003550,0.000000,0.000064,0.000034,0.051158,0.000003,0.042457,0.000448,0.077216,0.000000,0.000000,0.000000,0,0,0.000000,0.000000,0.000000,0.000000,0.000000,0.000000,0.000000,0.000000,0.000000,0.000000,0.000000,0.000000,0.000000,0.000000,0,0,0,0,0,0.000000,0.000000,0.000000,0.000000,0.000000,0.000000,0.000000,0.000000,0,0,0,0,0
998,2,4.611148,1.180278,1.179426,0.000041,0.122650,1.285166,1.281742,0.444984,0.990170,0.472090,0.345761,0.003550,0.000000,0.000064,0.000034,0.051158,0.000003,0.060554,0.000448,0.056481,0.000000,0.000000,0.000000,0,0,0.000000,0.000000,0.000000,0.000000,0.000000,0.000000,0.000000,0.000000,0.000000,0.000000,0.000000,0.000000,0.000000,0.000000,0,0,0,0,0,0.000000,0.000000,0.000000,0.000000,0.000000,0.000000,0.000000,0.000000,0,0,0,0,0
999,2,3.412587,0.000810,0.000000,0.000041,0.120992,1.274309,1.270884,0.458649,1.001831,0.458282,0.346412,0.003550,0.000000,0.000064,0.000034,0.051158,0.000003,0.042457,0.000448,0.059075,0.000000,0.000000,0.000000,0,0,0.000000,0.000000,0.000000,0.000000,0.000000,0.000000,0.000000,0.000000,0.000000,0.000000,0.000000,0.000000,0.000000,0.000000,0,0,0,0,0,0.000000,0.000000,0.000000,0.000000,0.000000,0.000000,0.000000,0.000000,0,0,0,0,0
1000,2,4.342326,0.941152,0.940301,0.000041,0.122650,1.254513,1.251088,0.478580,0.990618,0.457099,0.345228,0.003550,0.000000,0.000064,0.000034,0.051158,0.000003,0.042457,0.000448,0.065623,0.000000,0.000000,0.000000,0,0,0.000000,0.000000,0.000000,0.000000,0.000000,0.000000,0.000000,0.000000,0.000000,0.000000,0.000000,0.000000,0.000000,0.000000,0,0,0,0,0,0.000000,0.000000,0.000000,0.000000,0.000000,0.000000,0.000000,0.000000,0,0,0,0,0
1001,2,3.433238,0.000810,0.000000,0.000041,0.120992,1.280833,1.277408,0.459276,1.019077,0.454536,0.324039,0.003550,0.000000,0.000064,0.000034,0.051158,0.000003,0.042457,0.000448,0.064087,0.000000,0.000000,0.000000,0,0,0.000000,0.000000,0.000000,0.000000,0.000000,0.000000,0.000000,0.000000,0.000000,0.000000,0.000000,0.000000,0.000000,0.000000,0,0,0,0,0,0.000000,0.000000,0.000000,0.000000,0.000000,0.000000,0.000000,0.000000,0,0,0,0,0
1002,2,4.401415,0.994398,0.993547,0.000041,0.122650,1.259772,1.256348,0.478438,0.993618,0.454824,0.324039,0.003550,0.000000,0.000064,0.000034,0.051158,0.000003,0.042457,0.000448,0.064484,0.000000,0.000000,0.000000,0,0,0.000000,0.000000,0.000000,0.000000,0.000000,0.000000,0.000000,0.000000,0.000000,0.000000,0.000000,0.000000,0.000000,0.000000,0,0,0,0,0,0.000000,0.000000,0.000000,0.000000,0.000000,0.000000,0.000000,0.000000,0,0,0,0,0
1003,2,3.439131,0.000810,0.000000,0.000041,0.120992,1.299611,1.296187,0.466688,0.975118,0.458537,0.346666,0.003550,0.000000,0.000064,0.000034,0.051158,0.000003,0.062117,0.000448,0.056108,0.000000,0.000000,0.000000,0,0,0.000000,0.000000,0.000000,0.000000,0.000000,0.000000,0.000000,0.000000,0.000000,0.000000,0.000000,0.000000,0.000000,0.000000,0,0,0,0,0,0.000000,0.000000,0.000000,0.000000,0.000000,0.000000,0.000000,0.000000,0,0,0,0,0
1004,2,4.454373,1.025635,1.024784,0.000041,0.122650,1.274241,1.270816,0.486087,0.992354,0.438592,0.326721,0.003550,0.000000,0.000064,0.000034,0.068258,0.000003,0.042457,0.000448,0.051649,0.000000,0.000000,0.000000,0,0,0.000000,0.000000,0.000000,0.000000,0.000000,0.000000,0.000000,0.000000,0.000000,0.000000,0.000000,0.000000,0.000000,0.000000,0,0,0,0,0,0.000000,0.000000,0.000000,0.000000,0.000000,0.000000,0.000000,0.000000,0,0,0,0,0
1005,2,3.431827,0.000810,0.000000,0.000041,0.120992,1.286943,1.283518,0.459232,0.992418,0.473718,0.324039,0.003550,0.000000,0.000064,0.000034,0.051158,0.000003,0.042457,0.000448,0.117974,0.000000,0.000000,0.000000,0,0,0.000000,0.000000,0.000000,0.000000,0.000000,0.000000,0.000000,0.000000,0.000000,0.000000,0.000000,0.000000,0.000000,0.000000,0,0,0,0,0,0.000000,0.000000,0.000000,0.000000,0.000000,0.000000,0.000000,0.000000,0,0,0,0,0
1006,2,4.485413,1.049927,1.049076,0.000041,0.145101,1.273417,1.269992,0.458645,1.005374,0.455234,0.324039,0.003550,0.000000,0.000064,0.000034,0.051158,0.000003,0.042457,0.000448,0.055159,0.000000,0.000000,0.000000,0,0,0.000000,0.000000,0.000000,0.000000,0.000000,0.000000,0.000000,0.000000,0.000000,0.000000,0.000000,0.000000,0.000000,0.000000,0,0,0,0,0,0.000000,0.000000,0.000000,0.000000,0.000000,0.000000,0.000000,0.000000,0,0,0,0,0
1007,2,3.425330,0.000810,0.000000,0.000041,0.120992,1.287143,1.283719,0.458655,1.000244,0.459771,0.324039,0.003550,0.000000,0.000064,0.000034,0.051158,0.000003,0.042457,0.000448,0.050259,0.000000,0.000000,0.000000,0,0,0.000000,0.000000,0.000000,0.000000,0.000000,0.000000,0.000000,0.000000,0.000000,0.000000,0.000000,0.000000,0.000000,0.000000,0,0,0,0,0,0.000000,0.000000,0.000000,0.000000,0.000000,0.000000,0.000000,0.000000,0,0,0,0,0
1008,2,4.665680,1.246297,1.245446,0.000041,0.122650,1.275255,1.271830,0.462575,1.002906,0.458282,0.324039,0.003550,0.000000,0.000064,0.000034,0.051158,0.000003,0.042457,0.000448,0.055159,0.000000,0.000000,0.000000,0,0,0.000000,0.000000,0.000000,0.000000,0.000000,0.000000,0.000000,0.000000,0.000000,0.000000,0.000000,0.000000,0.000000,0.000000,0,0,0,0,0,0.000000,0.000000,0.000000,0.000000,0.000000,0.000000,0.000000,0.000000,0,0,0,0,0
1009,2,3.404883,0.000810,0.000000,0.000041,0.120992,1.277076,1.273651,0.476793,0.980211,0.451287,0.339417,0.003550,0.000000,0.000064,0.000034,0.051158,0.000003,0.042457,0.000448,0.060415,0.000000,0.000000,0.000000,0,0,0.000000,0.000000,0.000000,0.000000,0.000000,0.000000,0.000000,0.000000,0.000000,0.000000,0.000000,0.000000,0.000000,0.000000,0,0,0,0,0,0.000000,0.000000,0.000000,0.000000,0.000000,0.000000,0.000000,0.000000,0,0,0,0,0
1010,2,4.483741,1.046488,1.045637,0.000041,0.136305,1.270260,1.266836,0.463314,1.011949,0.457709,0.345839,0.003550,0.000000,0.000064,0.000034,0.051158,0.000003,0.042457,0.000448,0.112600,0.000000,0.000000,0.000000,0,0,0.000000,0.000000,0.000000,0.000000,0.000000,0.000000,0.000000,0.000000,0.000000,0.000000,0.000000,0.000000,0.000000,0.000000,0,0,0,0,0,0.000000,0.000000,0.000000,0.000000,0.000000,0.000000,0.000000,0.000000,0,0,0,0,0
1011,2,3.419437,0.000810,0.000000,0.000041,0.139455,1.253567,1.250142,0.472802,0.997260,0.457828,0.345957,0.003550,0.000000,0.000064,0.000034,0.051158,0.000003,0.042457,0.000448,0.058160,0.000000,0.000000,0.000000,0,0,0.000000,0.000000,0.000000,0.000000,0.000000,0.000000,0.000000,0.000000,0.000000,0.000000,0.000000,0.000000,0.000000,0.000000,0,0,0,0,0,0.000000,0.000000,0.000000,0.000000,0.000000,0.000000,0.000000,0.000000,0,0,0,0,0
1012,2,4.586494,1.161767,1.160916,0.000041,0.122650,1.276994,1.273570,0.463159,1.006137,0.458072,0.326721,0.003550,0.000000,0.000064,0.000034,0.051158,0.000003,0.042457,0.000448,0.057753,0.000000,0.000000,0.000000,0,0,0.000000,0.000000,0.000000,0.000000,0.000000,0.000000,0.000000,0.000000,0.000000,0.000000,0.000000,0.000000,0.000000,0.000000,0,0,0,0,0,0.000000,0.000000,0.000000,0.000000,0.000000,0.000000,0.000000,0.000000,0,0,0,0,0
1013,2,3.417182,0.000810,0.000000,0.000041,0.140662,1.255822,1.252397,0.460378,1.003513,0.458282,0.346412,0.003550,0.000000,0.000064,0.000034,0.051158,0.000003,0.042457,0.000448,0.112888,0.000000,0.000000,0.000000,0,0,0.000000,0.000000,0.000000,0.000000,0.000000,0.000000,0.000000,0.000000,0.000000,0.000000,0.000000,0.000000,0.000000,0.000000,0,0,0,0,0,0.000000,0.000000,0.000000,0.000000,0.000000,0.000000,0.000000,0.000000,0,0,0,0,0
1014,2,4.681064,1.238593,1.237742,0.000041,0.122650,1.288900,1.285475,0.464169,1.016015,0.435910,0.324039,0.003550,0.000000,0.000064,0.000034,0.068271,0.000003,0.042457,0.000448,0.055294,0.000000,0.000000,0.000000,0,0,0.000000,0.000000,0.000000,0.000000,0.000000,0.000000,0.000000,0.000000,0.000000,0.000000,0.000000,0.000000,0.000000,0.000000,0,0,0,0,0,0.000000,0.000000,0.000000,0.000000,0.000000,0.000000,0.000000,0.000000,0,0,0,0,0
1015,2,3.409132,0.000810,0.000000,0.000041,0.120992,1.270691,1.267266,0.462087,0.998556,0.458282,0.324039,0.003550,0.000000,0.000064,0.000034,0.051158,0.000003,0.042457,0.000448,0.061110,0.000000,0.000000,0.000000,0,0,0.000000,0.000000,0.000000,0.000000,0.000000,0.000000,0.000000,0.000000,0.000000,0.000000,0.000000,0.000000,0.000000,0.000000,0,0,0,0,0,0.000000,0.000000,0.000000,0.000000,0.000000,0.000000,0.000000,0.000000,0,0,0,0,0
1016,2,4.452786,1.020409,1.019558,0.000041,0.122650,1.276432,1.273007,0.465573,0.991530,0.456028,0.344157,0.003550,0.000000,0.000064,0.000034,0.073608,0.000003,0.042457,0.000448,0.076701,0.000000,0.000000,0.000000,0,0,0.000000,0.000000,0.000000,0.000000,0.000000,0.000000,0.000000,0.000000,0.000000,0.000000,0.000000,0.000000,0.000000,0.000000,0,0,0,0,0,0.000000,0.000000,0.000000,0.000000,0.000000,0.000000,0.000000,0.000000,0,0,0,0,0
1017,2,3.424873,0.000810,0.000000,0.000041,0.120992,1.291745,1.288320,0.444984,1.011685,0.456943,0.324039,0.003550,0.000000,0.000064,0.000034,0.051158,0.000003,0.042457,0.000448,0.056505,0.000000,0.000000,0.000000,0,0,0.000000,0.000000,0.000000,0.000000,0.000000,0.000000,0.000000,0.000000,0.000000,0.000000,0.000000,0.000000,0.000000,0.000000,0,0,0,0,0,0.000000,0.000000,0.000000,0.000000,0.000000,0.000000,0.000000,0.000000,0,0,0,0,0
1018,2,4.595781,1.171485,1.170634,0.000041,0.122650,1.277646,1.274221,0.477437,0.990573,0.458276,0.324039,0.003550,0.000000,0.000064,0.000034,0.051158,0.000003,0.042457,0.000448,0.069895,0.000000,0.000000,0.000000,0,0,0.000000,0.000000,0.000000,0.000000,0.000000,0.000000,0.000000,0.000000,0.000000,0.000000,0.000000,0.000000,0.000000,0.000000,0,0,0,0,0,0.000000,0.000000,0.000000,0.000000,0.000000,0.000000,0.000000,0.000000,0,0,0,0,0
1019,2,3.427412,0.000810,0.000000,0.000041,0.120992,1.293955,1.290531,0.465800,0.973612,0.460880,0.324039,0.003550,0.000000,0.000064,0.000034,0.051158,0.000003,0.056105,0.000448,0.057973,0.000000,0.000000,0.000000,0,0,0.000000,0.000000,0.000000,0.000000,0.000000,0.000000,0.000000,0.000000,0.000000,0.000000,0.000000,0.000000,0.000000,0.000000,0,0,0,0,0,0.000000,0.000000,0.000000,0.000000,0.000000,0.000000,0.000000,0.000000,0,0,0,0,0
1020,2,4.652771,1.223368,1.222517,0.000041,0.140771,1.256880,1.253455,0.484517,0.988593,0.460927,0.349057,0.003550,0.000000,0.000064,0.000034,0.051158,0.000003,0.042457,0.000448,0.051022,0.000000,0.000000,0.000000,0,0,0.000000,0.000000,0.000000,0.000000,0.000000,0.000000,0.000000,0.000000,0.000000,0.000000,0.000000,0.000000,0.000000,0.000000,0,0,0,0,0,0.000000,0.000000,0.000000,0.000000,0.000000,0.000000,0.000000,0.000000,0,0,0,0,0
1021,2,3.425459,0.000810,0.000000,0.000041,0.120992,1.278283,1.274858,0.459293,0.988976,0.479390,0.345147,0.003550,0.000000,0.000064,0.000034,0.051158,0.000003,0.042457,0.000448,0.049496,0.000000,0.000000,0.000000,0,0,0.000000,0.000000,0.000000,0.000000,0.000000,0.000000,0.000000,0.000000,0.000000,0.000000,0.000000,0.000000,0.000000,0.000000,0,0,0,0,0,0.000000,0.000000,0.000000,0.000000,0.000000,0.000000,0.000000,0.000000,0,0,0,0,0
1022,2,4.533407,1.087860,1.087009,0.000041,0.145101,1.274312,1.255575,0.462128,1.010305,0.455987,0.344116,0.003550,0.000000,0.000064,0.000034,0.051158,0.000003,0.042457,0.000448,0.229296,0.000000,0.000000,0.000000,0,0,0.000000,0.000000,0.000000,0.000000,0.000000,0.000000,0.000000,0.000000,0.000000,0.000000,0.000000,0.000000,0.000000,0.000000,0,0,0,0,0,0.000000,0.000000,0.000000,0.000000,0.000000,0.000000,0.000000,0.000000,0,0,0,0,0
1023,2,3.433187,0.000810,0.000000,0.000041,0.120992,1.280124,1.276699,0.458639,0.997281,0.477627,0.324039,0.003550,0.000000,0.000064,0.000034,0.051158,0.000003,0.042457,0.000448,0.052209,0.000000,0.000000,0.000000,0,0,0.000000,0.000000,0.000000,0.000000,0.000000,0.000000,0.000000,0.000000,0.000000,0.000000,0.000000,0.000000,0.000000,0.000000,0,0,0,0,0,0.000000,0.000000,0.000000,0.000000,0.000000,0.000000,0.000000,0.000000,0,0,0,0,0
1024,2,4.449537,1.001309,1.000458,0.000041,0.122650,1.297346,1.293922,0.463281,1.015747,0.451491,0.339620,0.003550,0.000000,0.000064,0.000034,0.051158,0.000003,0.042457,0.000448,0.053023,0.000000,0.000000,0.000000,0,0,0.000000,0.000000,0.000000,0.000000,0.000000,0.000000,0.000000,0.000000,0.000000,0.000000,0.000000,0.000000,0.000000,0.000000,0,0,0,0,0,0.000000,0.000000,0.000000,0.000000,0.000000,0.000000,0.000000,0.000000,0,0,0,0,0
1025,2,3.407457,0.000810,0.000000,0.000041,0.120992,1.277164,1.273739,0.475437,0.977064,0.458276,0.346405,0.003550,0.000000,0.000064,0.000034,0.051158,0.000003,0.042457,0.000448,0.054515,0.000000,0.000000,0.000000,0,0,0.000000,0.000000,0.000000,0.000000,0.000000,0.000000,0.000000,0.000000,0.000000,0.000000,0.000000,0.000000,0.000000,0.000000,0,0,0,0,0,0.000000,0.000000,0.000000,0.000000,0.000000,0.000000,0.000000,0.000000,0,0,0,0,0
1026,2,4.492805,1.046485,1.045634,0.000041,0.145016,1.266605,1.263180,0.467356,1.012994,0.456635,0.344764,0.003550,0.000000,0.000064,0.000034,0.051158,0.000003,0.042457,0.000448,0.061873,0.000000,0.000000,0.000000,0,0,0.000000,0.000000,0.000000,0.000000,0.000000,0.000000,0.000000,0.000000,0.000000,0.000000,0.000000,0.000000,0.000000,0.000000,0,0,0,0,0,0.000000,0.000000,0.000000,0.000000,0.000000,0.000000,0.000000,0.000000,0,0,0,0,0
1027,2,3.427477,0.000810,0.000000,0.000041,0.134593,1.260549,1.257124,0.484572,0.988949,0.460290,0.348419,0.003550,0.000000,0.000064,0.000034,0.051158,0.000003,0.042457,0.000448,0.070841,0.000000,0.000000,0.000000,0,0,0.000000,0.000000,0.000000,0.000000,0.000000,0.000000,0.000000,0.000000,0.000000,0.000000,0.000000,0.000000,0.000000,0.000000,0,0,0,0,0,0.000000,0.000000,0.000000,0.000000,0.000000,0.000000,0.000000,0.000000,0,0,0,0,0
1028,2,4.586497,1.176666,1.175815,0.000041,0.122650,1.277072,1.273648,0.463399,0.995131,0.453864,0.341994,0.003550,0.000000,0.000064,0.000034,0.051158,0.000003,0.042457,0.000448,0.075392,0.000000,0.000000,0.000000,0,0,0.000000,0.000000,0.000000,0.000000,0.000000,0.000000,0.000000,0.000000,0.000000,0.000000,0.000000,0.000000,0.000000,0.000000,0,0,0,0,0,0.000000,0.000000,0.000000,0.000000,0.000000,0.000000,0.000000,0.000000,0,0,0,0,0
1029,2,3.411574,0.000810,0.000000,0.000041,0.120992,1.257901,1.254476,0.463128,1.015706,0.455322,0.343452,0.003550,0.000000,0.000064,0.000034,0.051158,0.000003,0.042457,0.000448,0.120433,0.000000,0.000000,0.000000,0,0,0.000000,0.000000,0.000000,0.000000,0.000000,0.000000,0.000000,0.000000,0.000000,0.000000,0.000000,0.000000,0.000000,0.000000,0,0,0,0,0,0.000000,0.000000,0.000000,0.000000,0.000000,0.000000,0.000000,0.000000,0,0,0,0,0
1030,2,4.533410,1.121633,1.120782,0.000041,0.122650,1.288310,1.284885,0.444984,0.991750,0.466370,0.354499,0.003550,0.000000,0.000064,0.000034,0.051158,0.000003,0.042457,0.000448,0.071903,0.000000,0.000000,0.000000,0,0,0.000000,0.000000,0.000000,0.000000,0.000000,0.000000,0.000000,0.000000,0.000000,0.000000,0.000000,0.000000,0.000000,0.000000,0,0,0,0,0,0.000000,0.000000,0.000000,0.000000,0.000000,0.000000,0.000000,0.000000,0,0,0,0,0
1031,2,3.433923,0.000810,0.000000,0.000041,0.120992,1.279249,1.275825,0.464339,1.016056,0.454763,0.324039,0.003550,0.000000,0.000064,0.000034,0.051158,0.000003,0.042457,0.000448,0.404171,0.000000,0.000000,0.000000,0,0,0.000000,0.000000,0.000000,0.000000,0.000000,0.000000,0.000000,0.000000,0.000000,0.000000,0.000000,0.000000,0.000000,0.000000,0,0,0,0,0,0.000000,0.000000,0.000000,0.000000,0.000000,0.000000,0.000000,0.000000,0,0,0,0,0
1032,2,4.646152,1.194336,1.193485,0.000041,0.122650,1.302629,1.299205,0.464406,0.986264,0.478153,0.366282,0.003550,0.000000,0.000064,0.000034,0.051158,0.000003,0.042457,0.000448,0.047377,0.000000,0.000000,0.000000,0,0,0.000000,0.000000,0.000000,0.000000,0.000000,0.000000,0.000000,0.000000,0.000000,0.000000,0.000000,0.000000,0.000000,0.000000,0,0,0,0,0,0.000000,0.000000,0.000000,0.000000,0.000000,0.000000,0.000000,0.000000,0,0,0,0,0
1033,2,3.417938,0.000810,0.000000,0.000041,0.120992,1.297824,1.294400,0.444984,1.001584,0.454030,0.324039,0.003550,0.000000,0.000064,0.000034,0.051158,0.000003,0.042457,0.000448,0.066884,0.000000,0.000000,0.000000,0,0,0.000000,0.000000,0.000000,0.000000,0.000000,0.000000,0.000000,0.000000,0.000000,0.000000,0.000000,0.000000,0.000000,0.000000,0,0,0,0,0,0.000000,0.000000,0.000000,0.000000,0.000000,0.000000,0.000000,0.000000,0,0,0,0,0
1034,2,4.277086,0.864543,0.863692,0.000041,0.122650,1.258433,1.255008,0.481086,0.998210,0.454451,0.342580,0.003550,0.000000,0.000064,0.000034,0.051158,0.000003,0.042457,0.000448,0.048411,0.000000,0.000000,0.000000,0,0,0.000000,0.000000,0.000000,0.000000,0.000000,0.000000,0.000000,0.000000,0.000000,0.000000,0.000000,0.000000,0.000000,0.000000,0,0,0,0,0,0.000000,0.000000,0.000000,0.000000,0.000000,0.000000,0.000000,0.000000,0,0,0,0,0
1035,2,3.441844,0.000810,0.000000,0.000041,0.120992,1.294200,1.290775,0.460317,1.010864,0.435910,0.324039,0.003550,0.000000,0.000064,0.000034,0.072194,0.000003,0.042457,0.000448,0.054362,0.000000,0.000000,0.000000,0,0,0.000000,0.000000,0.000000,0.000000,0.000000,0.000000,0.000000,0.000000,0.000000,0.000000,0.000000,0.000000,0.000000,0.000000,0,0,0,0,0,0.000000,0.000000,0.000000,0.000000,0.000000,0.000000,0.000000,0.000000,0,0,0,0,0
1036,2,4.467183,1.049123,1.048272,0.000041,0.122650,1.272264,1.268840,0.480543,0.985023,0.438592,0.326721,0.003550,0.000000,0.000064,0.000034,0.072432,0.000003,0.042457,0.000448,0.054481,0.000000,0.000000,0.000000,0,0,0.000000,0.000000,0.000000,0.000000,0.000000,0.000000,0.000000,0.000000,0.000000,0.000000,0.000000,0.000000,0.000000,0.000000,0,0,0,0,0,0.000000,0.000000,0.000000,0.000000,0.000000,0.000000,0.000000,0.000000,0,0,0,0,0
1037,2,3.412764,0.000810,0.000000,0.000041,0.120992,1.284556,1.281131,0.459344,0.984311,0.449626,0.337755,0.018962,0.000000,0.000064,0.000034,0.051158,0.000003,0.042457,0.000448,0.158223,0.000000,0.000000,0.000000,0,0,0.000000,0.000000,0.000000,0.000000,0.000000,0.000000,0.000000,0.000000,0.000000,0.000000,0.000000,0.000000,0.000000,0.000000,0,0,0,0,0,0.000000,0.000000,0.000000,0.000000,0.000000,0.000000,0.000000,0.000000,0,0,0,0,0
1038,2,4.671468,1.264106,1.263255,0.000041,0.122650,1.254591,1.251166,0.464528,1.012946,0.454932,0.343062,0.003550,0.000000,0.000064,0.000034,0.051158,0.000003,0.042457,0.000448,0.055244,0.000000,0.000000,0.000000,0,0,0.000000,0.000000,0.000000,0.000000,0.000000,0.000000,0.000000,0.000000,0.000000,0.000000,0.000000,0.000000,0.000000,0.000000,0,0,0,0,0,0.000000,0.000000,0.000000,0.000000,0.000000,0.000000,0.000000,0.000000,0,0,0,0,0
1039,2,3.441630,0.000810,0.000000,0.000041,0.120992,1.290822,1.287398,0.463732,0.989197,0.478363,0.324039,0.003550,0.000000,0.000064,0.000034,0.051158,0.000003,0.042457,0.000448,0.088474,0.000000,0.000000,0.000000,0,0,0.000000,0.000000,0.000000,0.000000,0.000000,0.000000,0.000000,0.000000,0.000000,0.000000,0.000000,0.000000,0.000000,0.000000,0,0,0,0,0,0.000000,0.000000,0.000000,0.000000,0.000000,0.000000,0.000000,0.000000,0,0,0,0,0
1040,2,4.665683,1.244605,1.243754,0.000041,0.122650,1.280355,1.276930,0.464003,1.006795,0.449561,0.324039,0.003550,0.000000,0.000064,0.000034,0.051158,0.000003,0.042457,0.000448,0.048496,0.000000,0.000000,0.000000,0,0,0.000000,0.000000,0.000000,0.000000,0.000000,0.000000,0.000000,0.000000,0.000000,0.000000,0.000000,0.000000,0.000000,0.000000,0,0,0,0,0,0.000000,0.000000,0.000000,0.000000,0.000000,0.000000,0.000000,0.000000,0,0,0,0,0
1041,2,3.423242,0.000810,0.000000,0.000041,0.138319,1.252553,1.249129,0.486311,0.993978,0.453556,0.341685,0.003550,0.000000,0.000064,0.000034,0.051158,0.000003,0.042457,0.000448,0.048072,0.000000,0.000000,0.000000,0,0,0.000000,0.000000,0.000000,0.000000,0.000000,0.000000,0.000000,0.000000,0.000000,0.000000,0.000000,0.000000,0.000000,0.000000,0,0,0,0,0,0.000000,0.000000,0.000000,0.000000,0.000000,0.000000,0.000000,0.000000,0,0,0,0,0
1042,2,4.584913,1.161072,1.160221,0.000041,0.122650,1.271152,1.267727,0.465105,1.014184,0.453037,0.341166,0.003550,0.000000,0.000064,0.000034,0.051158,0.000003,0.042457,0.000448,0.053090,0.000000,0.000000,0.000000,0,0,0.000000,0.000000,0.000000,0.000000,0.000000,0.000000,0.000000,0.000000,0.000000,0.000000,0.000000,0.000000,0.000000,0.000000,0,0,0,0,0,0.000000,0.000000,0.000000,0.000000,0.000000,0.000000,0.000000,0.000000,0,0,0,0,0
1043,2,3.425771,0.000810,0.000000,0.000041,0.139055,1.256873,1.253448,0.481835,0.992018,0.457465,0.345595,0.003550,0.000000,0.000064,0.000034,0.051158,0.000003,0.042457,0.000448,0.055294,0.000000,0.000000,0.000000,0,0,0.000000,0.000000,0.000000,0.000000,0.000000,0.000000,0.000000,0.000000,0.000000,0.000000,0.000000,0.000000,0.000000,0.000000,0,0,0,0,0,0.000000,0.000000,0.000000,0.000000,0.000000,0.000000,0.000000,0.000000,0,0,0,0,0
1044,2,4.563639,1.137885,1.137034,0.000041,0.122650,1.276957,1.273532,0.458561,1.013299,0.456573,0.344703,0.003550,0.000000,0.000064,0.000034,0.051158,0.000003,0.042457,0.000448,0.055091,0.000000,0.000000,0.000000,0,0,0.000000,0.000000,0.000000,0.000000,0.000000,0.000000,0.000000,0.000000,0.000000,0.000000,0.000000,0.000000,0.000000,0.000000,0,0,0,0,0,0.000000,0.000000,0.000000,0.000000,0.000000,0.000000,0.000000,0.000000,0,0,0,0,0
1045,2,3.429304,0.000810,0.000000,0.000041,0.143443,1.254089,1.250665,0.463833,1.015120,0.454295,0.342424,0.003550,0.000000,0.000064,0.000034,0.051158,0.000003,0.042457,0.000448,0.070384,0.000000,0.000000,0.000000,0,0,0.000000,0.000000,0.000000,0.000000,0.000000,0.000000,0.000000,0.000000,0.000000,0.000000,0.000000,0.000000,0.000000,0.000000,0,0,0,0,0,0.000000,0.000000,0.000000,0.000000,0.000000,0.000000,0.000000,0.000000,0,0,0,0,0
1046,2,4.502648,1.080421,1.079569,0.000041,0.122650,1.267971,1.264547,0.460286,0.996596,0.477010,0.346490,0.003550,0.000000,0.000064,0.000034,0.051158,0.000003,0.042457,0.000448,0.048716,0.000000,0.000000,0.000000,0,0,0.000000,0.000000,0.000000,0.000000,0.000000,0.000000,0.000000,0.000000,0.000000,0.000000,0.000000,0.000000,0.000000,0.000000,0,0,0,0,0,0.000000,0.000000,0.000000,0.000000,0.000000,0.000000,0.000000,0.000000,0,0,0,0,0
1047,2,3.417609,0.000810,0.000000,0.000041,0.120992,1.275713,1.272288,0.463026,1.002157,0.457197,0.345327,0.003550,0.000000,0.000064,0.000034,0.051158,0.000003,0.042457,0.000448,0.052633,0.000000,0.000000,0.000000,0,0,0.000000,0.000000,0.000000,0.000000,0.000000,0.000000,0.000000,0.000000,0.000000,0.000000,0.000000,0.000000,0.000000,0.000000,0,0,0,0,0,0.000000,0.000000,0.000000,0.000000,0.000000,0.000000,0.000000,0.000000,0,0,0,0,0
1048,2,4.378211,0.977013,0.976162,0.000041,0.122650,1.255246,1.251821,0.474121,0.993191,0.458276,0.324039,0.003550,0.000000,0.000064,0.000034,0.051158,0.000003,0.042457,0.000448,0.047953,0.000000,0.000000,0.000000,0,0,0.000000,0.000000,0.000000,0.000000,0.000000,0.000000,0.000000,0.000000,0.000000,0.000000,0.000000,0.000000,0.000000,0.000000,0,0,0,0,0,0.000000,0.000000,0.000000,0.000000,0.000000,0.000000,0.000000,0.000000,0,0,0,0,0
1049,2,3.421505,0.000810,0.000000,0.000041,0.120992,1.291053,1.287628,0.444984,1.012922,0.453030,0.341159,0.003550,0.000000,0.000064,0.000034,0.051158,0.000003,0.042457,0.000448,0.066494,0.000000,0.000000,0.000000,0,0,0.000000,0.000000,0.000000,0.000000,0.000000,0.000000,0.000000,0.000000,0.000000,0.000000,0.000000,0.000000,0.000000,0.000000,0,0,0,0,0,0.000000,0.000000,0.000000,0.000000,0.000000,0.000000,0.000000,0.000000,0,0,0,0,0
1050,2,4.495775,1.077711,1.076860,0.000041,0.122650,1.277985,1.274560,0.478007,0.992249,0.435910,0.324039,0.003550,0.000000,0.000064,0.000034,0.064707,0.000003,0.042457,0.000448,0.058872,0.000000,0.000000,0.000000,0,0,0.000000,0.000000,0.000000,0.000000,0.000000,0.000000,0.000000,0.000000,0.000000,0.000000,0.000000,0.000000,0.000000,0.000000,0,0,0,0,0,0.000000,0.000000,0.000000,0.000000,0.000000,0.000000,0.000000,0.000000,0,0,0,0,0
1051,2,3.419895,0.000810,0.000000,0.000041,0.120992,1.275906,1.272481,0.467356,0.957411,0.483114,0.324039,0.003550,0.000000,0.000064,0.000034,0.051158,0.000003,0.059048,0.000448,0.045529,0.000000,0.000000,0.000000,0,0,0.000000,0.000000,0.000000,0.000000,0.000000,0.000000,0.000000,0.000000,0.000000,0.000000,0.000000,0.000000,0.000000,0.000000,0,0,0,0,0,0.000000,0.000000,0.000000,0.000000,0.000000,0.000000,0.000000,0.000000,0,0,0,0,0
1052,2,4.526733,1.105476,1.104624,0.000041,0.122650,1.271298,1.267873,0.479095,0.996535,0.453966,0.326721,0.003550,0.000000,0.000064,0.000034,0.051158,0.000003,0.042457,0.000448,0.048716,0.000000,0.000000,0.000000,0,0,0.000000,0.000000,0.000000,0.000000,0.000000,0.000000,0.000000,0.000000,0.000000,0.000000,0.000000,0.000000,0.000000,0.000000,0,0,0,0,0,0.000000,0.000000,0.000000,0.000000,0.000000,0.000000,0.000000,0.000000,0,0,0,0,0
1053,2,3.417775,0.000810,0.000000,0.000041,0.120992,1.286150,1.282725,0.458642,0.976261,0.477207,0.365336,0.003550,0.000000,0.000064,0.000034,0.051158,0.000003,0.042457,0.000448,0.047496,0.000000,0.000000,0.000000,0,0,0.000000,0.000000,0.000000,0.000000,0.000000,0.000000,0.000000,0.000000,0.000000,0.000000,0.000000,0.000000,0.000000,0.000000,0,0,0,0,0,0.000000,0.000000,0.000000,0.000000,0.000000,0.000000,0.000000,0.000000,0,0,0,0,0
1054,2,4.579692,1.140225,1.139374,0.000041,0.165619,1.255171,1.251746,0.463494,1.004985,0.452484,0.340613,0.003550,0.000000,0.000064,0.000034,0.051158,0.000003,0.042457,0.000448,0.110413,0.000000,0.000000,0.000000,0,0,0.000000,0.000000,0.000000,0.000000,0.000000,0.000000,0.000000,0.000000,0.000000,0.000000,0.000000,0.000000,0.000000,0.000000,0,0,0,0,0,0.000000,0.000000,0.000000,0.000000,0.000000,0.000000,0.000000,0.000000,0,0,0,0,0
1055,2,3.434211,0.000810,0.000000,0.000041,0.120992,1.293047,1.289622,0.464427,0.988614,0.468608,0.337779,0.003550,0.000000,0.000064,0.000034,0.051158,0.000003,0.042457,0.000448,0.051073,0.000000,0.000000,0.000000,0,0,0.000000,0.000000,0.000000,0.000000,0.000000,0.000000,0.000000,0.000000,0.000000,0.000000,0.000000,0.000000,0.000000,0.000000,0,0,0,0,0,0.000000,0.000000,0.000000,0.000000,0.000000,0.000000,0.000000,0.000000,0,0,0,0,0
1056,2,4.289564,0.848534,0.847683,0.000041,0.122650,1.293671,1.290246,0.460385,0.989454,0.454783,0.324039,0.003550,0.000000,0.000064,0.000034,0.051158,0.000003,0.064830,0.000448,0.048716,0.000000,0.000000,0.000000,0,0,0.000000,0.000000,0.000000,0.000000,0.000000,0.000000,0.000000,0.000000,0.000000,0.000000,0.000000,0.000000,0.000000,0.000000,0,0,0,0,0,0.000000,0.000000,0.000000,0.000000,0.000000,0.000000,0.000000,0.000000,0,0,0,0,0
1057,2,3.417704,0.000810,0.000000,0.000041,0.142327,1.258613,1.255188,0.475901,0.992778,0.449561,0.337691,0.003550,0.000000,0.000064,0.000034,0.051158,0.000003,0.042457,0.000448,0.058109,0.000000,0.000000,0.000000,0,0,0.000000,0.000000,0.000000,0.000000,0.000000,0.000000,0.000000,0.000000,0.000000,0.000000,0.000000,0.000000,0.000000,0.000000,0,0,0,0,0,0.000000,0.000000,0.000000,0.000000,0.000000,0.000000,0.000000,0.000000,0,0,0,0,0
1058,2,4.575412,1.150662,1.149811,0.000041,0.122650,1.281555,1.278130,0.462107,1.002441,0.458282,0.324039,0.003550,0.000000,0.000064,0.000034,0.051158,0.000003,0.042457,0.000448,1.416751,0.000000,0.000000,0.000000,0,0,0.000000,0.000000,0.000000,0.000000,0.000000,0.000000,0.000000,0.000000,0.000000,0.000000,0.000000,0.000000,0.000000,0.000000,0,0,0,0,0,0.000000,0.000000,0.000000,0.000000,0.000000,0.000000,0.000000,0.000000,0,0,0,0,0
1059,2,3.413411,0.000810,0.000000,0.000041,0.141591,1.251868,1.248444,0.457652,1.002811,0.460965,0.349094,0.003550,0.000000,0.000064,0.000034,0.051158,0.000003,0.042457,0.000448,0.082404,0.000000,0.000000,0.000000,0,0,0.000000,0.000000,0.000000,0.000000,0.000000,0.000000,0.000000,0.000000,0.000000,0.000000,0.000000,0.000000,0.000000,0.000000,0,0,0,0,0,0.000000,0.000000,0.000000,0.000000,0.000000,0.000000,0.000000,0.000000,0,0,0,0,0
1060,2,4.606459,1.168827,1.167976,0.000041,0.122650,1.294803,1.291378,0.444984,1.003632,0.460181,0.348311,0.003550,0.000000,0.000064,0.000034,0.051158,0.000003,0.056125,0.000448,0.048716,0.000000,0.000000,0.000000,0,0,0.000000,0.000000,0.000000,0.000000,0.000000,0.000000,0.000000,0.000000,0.000000,0.000000,0.000000,0.000000,0.000000,0.000000,0,0,0,0,0,0.000000,0.000000,0.000000,0.000000,0.000000,0.000000,0.000000,0.000000,0,0,0,0,0
1061,2,3.409746,0.000810,0.000000,0.000041,0.135647,1.254489,1.251065,0.458655,1.004147,0.458282,0.346412,0.003550,0.000000,0.000064,0.000034,0.051158,0.000003,0.042457,0.000448,0.181525,0.000000,0.000000,0.000000,0,0,0.000000,0.000000,0.000000,0.000000,0.000000,0.000000,0.000000,0.000000,0.000000,0.000000,0.000000,0.000000,0.000000,0.000000,0,0,0,0,0,0.000000,0.000000,0.000000,0.000000,0.000000,0.000000,0.000000,0.000000,0,0,0,0,0
1062,2,4.423828,1.006917,1.006066,0.000041,0.122650,1.267181,1.263757,0.466536,0.994059,0.468770,0.356900,0.003550,0.000000,0.000064,0.000034,0.051158,0.000003,0.042457,0.000448,0.049598,0.000000,0.000000,0.000000,0,0,0.000000,0.000000,0.000000,0.000000,0.000000,0.000000,0.000000,0.000000,0.000000,0.000000,0.000000,0.000000,0.000000,0.000000,0,0,0,0,0,0.000000,0.000000,0.000000,0.000000,0.000000,0.000000,0.000000,0.000000,0,0,0,0,0
1063,2,3.414249,0.000810,0.000000,0.000041,0.120992,1.277988,1.274563,0.463952,0.998362,0.454430,0.342560,0.003550,0.000000,0.000064,0.000034,0.051158,0.000003,0.042457,0.000448,0.048920,0.000000,0.000000,0.000000,0,0,0.000000,0.000000,0.000000,0.000000,0.000000,0.000000,0.000000,0.000000,0.000000,0.000000,0.000000,0.000000,0.000000,0.000000,0,0,0,0,0,0.000000,0.000000,0.000000,0.000000,0.000000,0.000000,0.000000,0.000000,0,0,0,0,0
1064,2,4.601301,1.187069,1.186218,0.000041,0.122650,1.288439,1.285014,0.464105,0.976278,0.465047,0.324039,0.003550,0.000000,0.000064,0.000034,0.051158,0.000003,0.042457,0.000448,0.049869,0.000000,0.000000,0.000000,0,0,0.000000,0.000000,0.000000,0.000000,0.000000,0.000000,0.000000,0.000000,0.000000,0.000000,0.000000,0.000000,0.000000,0.000000,0,0,0,0,0,0.000000,0.000000,0.000000,0.000000,0.000000,0.000000,0.000000,0.000000,0,0,0,0,0
1065,2,3.442373,0.000810,0.000000,0.000041,0.120992,1.297285,1.293861,0.444984,1.002780,0.458282,0.346412,0.003550,0.000000,0.000064,0.000034,0.051158,0.000003,0.061981,0.000448,0.054328,0.000000,0.000000,0.000000,0,0,0.000000,0.000000,0.000000,0.000000,0.000000,0.000000,0.000000,0.000000,0.000000,0.000000,0.000000,0.000000,0.000000,0.000000,0,0,0,0,0,0.000000,0.000000,0.000000,0.000000,0.000000,0.000000,0.000000,0.000000,0,0,0,0,0
1066,2,4.596893,1.177619,1.176768,0.000041,0.122650,1.280657,1.277232,0.481089,0.979685,0.457479,0.345608,0.003550,0.000000,0.000064,0.000034,0.051158,0.000003,0.042457,0.000448,0.044834,0.000000,0.000000,0.000000,0,0,0.000000,0.000000,0.000000,0.000000,0.000000,0.000000,0.000000,0.000000,0.000000,0.000000,0.000000,0.000000,0.000000,0.000000,0,0,0,0,0,0.000000,0.000000,0.000000,0.000000,0.000000,0.000000,0.000000,0.000000,0,0,0,0,0
1067,2,3.433309,0.000810,0.000000,0.000041,0.120992,1.295909,1.292484,0.458635,0.977888,0.467712,0.324039,0.003550,0.000000,0.000064,0.000034,0.051158,0.000003,0.056105,0.000448,0.118110,0.000000,0.000000,0.000000,0,0,0.000000,0.000000,0.000000,0.000000,0.000000,0.000000,0.000000,0.000000,0.000000,0.000000,0.000000,0.000000,0.000000,0.000000,0,0,0,0,0,0.000000,0.000000,0.000000,0.000000,0.000000,0.000000,0.000000,0.000000,0,0,0,0,0
1068,2,4.600477,1.166389,1.165538,0.000041,0.145023,1.259884,1.256460,0.480069,0.990434,0.460965,0.349094,0.003550,0.000000,0.000064,0.000034,0.051158,0.000003,0.042457,0.000448,0.050869,0.000000,0.000000,0.000000,0,0,0.000000,0.000000,0.000000,0.000000,0.000000,0.000000,0.000000,0.000000,0.000000,0.000000,0.000000,0.000000,0.000000,0.000000,0,0,0,0,0,0.000000,0.000000,0.000000,0.000000,0.000000,0.000000,0.000000,0.000000,0,0,0,0,0
1069,2,3.439741,0.000810,0.000000,0.000041,0.120992,1.297319,1.293894,0.463860,0.984751,0.474294,0.345330,0.003550,0.000000,0.000064,0.000034,0.051158,0.000003,0.042457,0.000448,0.048716,0.000000,0.000000,0.000000,0,0,0.000000,0.000000,0.000000,0.000000,0.000000,0.000000,0.000000,0.000000,0.000000,0.000000,0.000000,0.000000,0.000000,0.000000,0,0,0,0,0,0.000000,0.000000,0.000000,0.000000,0.000000,0.000000,0.000000,0.000000,0,0,0,0,0
1070,2,4.489465,1.067186,1.066335,0.000041,0.122650,1.279388,1.275964,0.463837,1.000566,0.458123,0.346252,0.003550,0.000000,0.000064,0.000034,0.051158,0.000003,0.042457,0.000448,0.106734,0.000000,0.000000,0.000000,0,0,0.000000,0.000000,0.000000,0.000000,0.000000,0.000000,0.000000,0.000000,0.000000,0.000000,0.000000,0.000000,0.000000,0.000000,0,0,0,0,0,0.000000,0.000000,0.000000,0.000000,0.000000,0.000000,0.000000,0.000000,0,0,0,0,0
1071,2,3.424422,0.000810,0.000000,0.000041,0.120992,1.285801,1.282376,0.458645,0.981520,0.456489,0.324039,0.003550,0.000000,0.000064,0.000034,0.073608,0.000003,0.042457,0.000448,0.099545,0.000000,0.000000,0.000000,0,0,0.000000,0.000000,0.000000,0.000000,0.000000,0.000000,0.000000,0.000000,0.000000,0.000000,0.000000,0.000000,0.000000,0.000000,0,0,0,0,0,0.000000,0.000000,0.000000,0.000000,0.000000,0.000000,0.000000,0.000000,0,0,0,0,0
1072,2,4.580712,1.141944,1.141093,0.000041,0.143863,1.268260,1.264835,0.463718,1.016703,0.448510,0.336639,0.003550,0.000000,0.000064,0.000034,0.051158,0.000003,0.042457,0.000448,0.062483,0.000000,0.000000,0.000000,0,0,0.000000,0.000000,0.000000,0.000000,0.000000,0.000000,0.000000,0.000000,0.000000,0.000000,0.000000,0.000000,0.000000,0.000000,0,0,0,0,0,0.000000,0.000000,0.000000,0.000000,0.000000,0.000000,0.000000,0.000000,0,0,0,0,0
1073,2,3.427334,0.000810,0.000000,0.000041,0.139340,1.256219,1.252794,0.482819,0.996368,0.454064,0.342194,0.003550,0.000000,0.000064,0.000034,0.051158,0.000003,0.042457,0.000448,0.055464,0.000000,0.000000,0.000000,0,0,0.000000,0.000000,0.000000,0.000000,0.000000,0.000000,0.000000,0.000000,0.000000,0.000000,0.000000,0.000000,0.000000,0.000000,0,0,0,0,0,0.000000,0.000000,0.000000,0.000000,0.000000,0.000000,0.000000,0.000000,0,0,0,0,0
1074,2,4.517419,1.063809,1.062958,0.000041,0.145023,1.271939,1.268514,0.467356,1.016371,0.455207,0.343336,0.003550,0.000000,0.000064,0.000034,0.051158,0.000003,0.042457,0.000448,0.054599,0.000000,0.000000,0.000000,0,0,0.000000,0.000000,0.000000,0.000000,0.000000,0.000000,0.000000,0.000000,0.000000,0.000000,0.000000,0.000000,0.000000,0.000000,0,0,0,0,0,0.000000,0.000000,0.000000,0.000000,0.000000,0.000000,0.000000,0.000000,0,0,0,0,0
1075,2,3.418962,0.000810,0.000000,0.000041,0.138994,1.256243,1.252818,0.462124,1.002112,0.460965,0.349094,0.003550,0.000000,0.000064,0.000034,0.051158,0.000003,0.042457,0.000448,0.048716,0.000000,0.000000,0.000000,0,0,0.000000,0.000000,0.000000,0.000000,0.000000,0.000000,0.000000,0.000000,0.000000,0.000000,0.000000,0.000000,0.000000,0.000000,0,0,0,0,0,0.000000,0.000000,0.000000,0.000000,0.000000,0.000000,0.000000,0.000000,0,0,0,0,0
1076,2,4.392612,0.946089,0.945238,0.000041,0.142446,1.268117,1.264693,0.465980,0.992506,0.479760,0.345439,0.003550,0.000000,0.000064,0.000034,0.051158,0.000003,0.042457,0.000448,0.054701,0.000000,0.000000,0.000000,0,0,0.000000,0.000000,0.000000,0.000000,0.000000,0.000000,0.000000,0.000000,0.000000,0.000000,0.000000,0.000000,0.000000,0.000000,0,0,0,0,0,0.000000,0.000000,0.000000,0.000000,0.000000,0.000000,0.000000,0.000000,0,0,0,0,0
1077,2,3.419281,0.000810,0.000000,0.000041,0.143443,1.252170,1.248745,0.463535,1.004174,0.457435,0.345564,0.003550,0.000000,0.000064,0.000034,0.051158,0.000003,0.042457,0.000448,0.122196,0.000000,0.000000,0.000000,0,0,0.000000,0.000000,0.000000,0.000000,0.000000,0.000000,0.000000,0.000000,0.000000,0.000000,0.000000,0.000000,0.000000,0.000000,0,0,0,0,0,0.000000,0.000000,0.000000,0.000000,0.000000,0.000000,0.000000,0.000000,0,0,0,0,0
1078,2,4.653280,1.228251,1.227400,0.000041,0.122650,1.282033,1.278609,0.459439,0.987227,0.453593,0.324039,0.003550,0.000000,0.000064,0.000034,0.073530,0.000003,0.042457,0.000448,0.048716,0.000000,0.000000,0.000000,0,0,0.000000,0.000000,0.000000,0.000000,0.000000,0.000000,0.000000,0.000000,0.000000,0.000000,0.000000,0.000000,0.000000,0.000000,0,0,0,0,0,0.000000,0.000000,0.000000,0.000000,0.000000,0.000000,0.000000,0.000000,0,0,0,0,0
1079,2,3.435560,0.000810,0.000000,0.000041,0.120992,1.279965,1.276540,0.464650,1.016266,0.455163,0.324039,0.003550,0.000000,0.000064,0.000034,0.051158,0.000003,0.042457,0.000448,0.066104,0.000000,0.000000,0.000000,0,0,0.000000,0.000000,0.000000,0.000000,0.000000,0.000000,0.000000,0.000000,0.000000,0.000000,0.000000,0.000000,0.000000,0.000000,0,0,0,0,0,0.000000,0.000000,0.000000,0.000000,0.000000,0.000000,0.000000,0.000000,0,0,0,0,0
1200,3,5.831278,0.923360,0.922509,0.000041,0.540314,1.296638,1.293213,0.478356,1.020691,0.525808,0.410356,0.003550,0.000000,0.000064,0.000034,0.987237,0.000003,0.054776,0.000448,0.055430,0.000000,0.000000,0.000000,0,0,0.000000,0.000000,0.000000,0.000000,0.000000,0.000000,0.000000,0.000000,0.000000,0.000000,0.000000,0.000000,0.000000,0.000000,0,0,0,0,0,0.000000,0.000000,0.000000,0.000000,0.000000,0.000000,0.000000,0.000000,0,0,0,0,0
1201,3,5.280002,0.000810,0.000000,0.000041,0.808953,1.284868,1.281443,0.461212,1.008843,0.555261,0.420966,0.003550,0.000000,0.000064,0.000034,1.114919,0.000003,0.041036,0.000448,0.058872,0.000000,0.000000,0.000000,0,0,0.000000,0.000000,0.000000,0.000000,0.000000,0.000000,0.000000,0.000000,0.000000,0.000000,0.000000,0.000000,0.000000,0.000000,0,0,0,0,0,0.000000,0.000000,0.000000,0.000000,0.000000,0.000000,0.000000,0.000000,0,0,0,0,0
1202,3,6.186998,1.240024,1.239173,0.000041,0.553952,1.284353,1.280928,0.461212,1.014977,0.524390,0.408939,0.003550,0.000000,0.000064,0.000034,1.062954,0.000003,0.041036,0.000448,0.061228,0.000000,0.000000,0.000000,0,0,0.000000,0.000000,0.000000,0.000000,0.000000,0.000000,0.000000,0.000000,0.000000,0.000000,0.000000,0.000000,0.000000,0.000000,0,0,0,0,0,0.000000,0.000000,0.000000,0.000000,0.000000,0.000000,0.000000,0.000000,0,0,0,0,0
1203,3,5.077443,0.000810,0.000000,0.000041,0.666575,1.255463,1.252038,0.488508,1.016825,0.520647,0.405195,0.003550,0.000000,0.000064,0.000034,1.065677,0.000003,0.058838,0.000448,0.056888,0.000000,0.000000,0.000000,0,0,0.000000,0.000000,0.000000,0.000000,0.000000,0.000000,0.000000,0.000000,0.000000,0.000000,0.000000,0.000000,0.000000,0.000000,0,0,0,0,0,0.000000,0.000000,0.000000,0.000000,0.000000,0.000000,0.000000,0.000000,0,0,0,0,0
1204,3,5.843177,0.885064,0.884213,0.000041,0.605347,1.278303,1.274879,0.476183,1.013051,0.536245,0.420793,0.003550,0.000000,0.000064,0.000034,1.003849,0.000003,0.041036,0.000448,0.062839,0.000000,0.000000,0.000000,0,0,0.000000,0.000000,0.000000,0.000000,0.000000,0.000000,0.000000,0.000000,0.000000,0.000000,0.000000,0.000000,0.000000,0.000000,0,0,0,0,0,0.000000,0.000000,0.000000,0.000000,0.000000,0.000000,0.000000,0.000000,0,0,0,0,0
1205,3,5.527045,0.000810,0.000000,0.000041,0.810866,1.283481,1.280056,0.500454,0.992421,0.525801,0.387984,0.003550,0.000000,0.000064,0.000034,1.349253,0.000003,0.059859,0.000448,0.066043,0.000000,0.000000,0.000000,0,0,0.000000,0.000000,0.000000,0.000000,0.000000,0.000000,0.000000,0.000000,0.000000,0.000000,0.000000,0.000000,0.000000,0.000000,0,0,0,0,0,0.000000,0.000000,0.000000,0.000000,0.000000,0.000000,0.000000,0.000000,0,0,0,0,0
1206,3,6.119212,1.169874,1.169023,0.000041,0.563582,1.287109,1.283685,0.475196,1.002489,0.544468,0.408529,0.003550,0.000000,0.000064,0.000034,1.031359,0.000003,0.041036,0.000448,0.048445,0.000000,0.000000,0.000000,0,0,0.000000,0.000000,0.000000,0.000000,0.000000,0.000000,0.000000,0.000000,0.000000,0.000000,0.000000,0.000000,0.000000,0.000000,0,0,0,0,0,0.000000,0.000000,0.000000,0.000000,0.000000,0.000000,0.000000,0.000000,0,0,0,0,0
1207,3,5.322130,0.000810,0.000000,0.000041,0.848528,1.252330,1.248905,0.484975,1.033790,0.522729,0.407277,0.003550,0.000000,0.000064,0.000034,1.133833,0.000003,0.041036,0.000448,0.145430,0.000000,0.000000,0.000000,0,0,0.000000,0.000000,0.000000,0.000000,0.000000,0.000000,0.000000,0.000000,0.000000,0.000000,0.000000,0.000000,0.000000,0.000000,0,0,0,0,0,0.000000,0.000000,0.000000,0.000000,0.000000,0.000000,0.000000,0.000000,0,0,0,0,0
1208,3,5.959106,0.973107,0.972256,0.000041,0.587880,1.264581,1.261156,0.481479,1.009644,0.545651,0.410434,0.003550,0.000000,0.000064,0.000034,1.032420,0.000003,0.060245,0.000448,0.053446,0.000000,0.000000,0.000000,0,0,0.000000,0.000000,0.000000,0.000000,0.000000,0.000000,0.000000,0.000000,0.000000,0.000000,0.000000,0.000000,0.000000,0.000000,0,0,0,0,0,0.000000,0.000000,0.000000,0.000000,0.000000,0.000000,0.000000,0.000000,0,0,0,0,0
1209,3,5.086938,0.000810,0.000000,0.000041,0.568773,1.286302,1.282878,0.478261,1.020253,0.522237,0.387984,0.003550,0.000000,0.000064,0.000034,1.165165,0.000003,0.041036,0.000448,0.062703,0.000000,0.000000,0.000000,0,0,0.000000,0.000000,0.000000,0.000000,0.000000,0.000000,0.000000,0.000000,0.000000,0.000000,0.000000,0.000000,0.000000,0.000000,0,0,0,0,0,0.000000,0.000000,0.000000,0.000000,0.000000,0.000000,0.000000,0.000000,0,0,0,0,0
1210,3,5.987267,0.996273,0.995422,0.000041,0.637238,1.266988,1.263563,0.495416,1.006863,0.524034,0.387984,0.003550,0.000000,0.000064,0.000034,1.015320,0.000003,0.041036,0.000448,0.058872,0.000000,0.000000,0.000000,0,0,0.000000,0.000000,0.000000,0.000000,0.000000,0.000000,0.000000,0.000000,0.000000,0.000000,0.000000,0.000000,0.000000,0.000000,0,0,0,0,0,0.000000,0.000000,0.000000,0.000000,0.000000,0.000000,0.000000,0.000000,0,0,0,0,0
1211,3,5.605964,0.000810,0.000000,0.000041,0.763526,1.267999,1.264574,0.476935,1.026011,0.518809,0.403358,0.003550,0.000000,0.000064,0.000034,1.506738,0.000003,0.041036,0.000448,0.055549,0.000000,0.000000,0.000000,0,0,0.000000,0.000000,0.000000,0.000000,0.000000,0.000000,0.000000,0.000000,0.000000,0.000000,0.000000,0.000000,0.000000,0.000000,0,0,0,0,0,0.000000,0.000000,0.000000,0.000000,0.000000,0.000000,0.000000,0.000000,0,0,0,0,0
1212,3,5.935384,0.952901,0.952050,0.000041,0.598307,1.264194,1.260769,0.506029,1.004513,0.525431,0.387984,0.003550,0.000000,0.000064,0.000034,1.038873,0.000003,0.041036,0.000448,0.067383,0.000000,0.000000,0.000000,0,0,0.000000,0.000000,0.000000,0.000000,0.000000,0.000000,0.000000,0.000000,0.000000,0.000000,0.000000,0.000000,0.000000,0.000000,0,0,0,0,0,0.000000,0.000000,0.000000,0.000000,0.000000,0.000000,0.000000,0.000000,0,0,0,0,0
1213,3,5.193620,0.000810,0.000000,0.000041,0.736128,1.275889,1.272464,0.479418,1.026791,0.522722,0.407271,0.003550,0.000000,0.000064,0.000034,1.106727,0.000003,0.041036,0.000448,0.080136,0.000000,0.000000,0.000000,0,0,0.000000,0.000000,0.000000,0.000000,0.000000,0.000000,0.000000,0.000000,0.000000,0.000000,0.000000,0.000000,0.000000,0.000000,0,0,0,0,0,0.000000,0.000000,0.000000,0.000000,0.000000,0.000000,0.000000,0.000000,0,0,0,0,0
1214,3,5.937449,1.003215,1.002363,0.000041,0.566945,1.272563,1.269138,0.479628,1.019697,0.523173,0.407722,0.003550,0.000000,0.000064,0.000034,1.027093,0.000003,0.041036,0.000448,0.063534,0.000000,0.000000,0.000000,0,0,0.000000,0.000000,0.000000,0.000000,0.000000,0.000000,0.000000,0.000000,0.000000,0.000000,0.000000,0.000000,0.000000,0.000000,0,0,0,0,0,0.000000,0.000000,0.000000,0.000000,0.000000,0.000000,0.000000,0.000000,0,0,0,0,0
1215,3,5.163696,0.000810,0.000000,0.000041,0.775479,1.275825,1.272400,0.476579,1.014920,0.544800,0.429348,0.003550,0.000000,0.000064,0.000034,1.030148,0.000003,0.041036,0.000448,0.084988,0.000000,0.000000,0.000000,0,0,0.000000,0.000000,0.000000,0.000000,0.000000,0.000000,0.000000,0.000000,0.000000,0.000000,0.000000,0.000000,0.000000,0.000000,0,0,0,0,0,0.000000,0.000000,0.000000,0.000000,0.000000,0.000000,0.000000,0.000000,0,0,0,0,0
1216,3,6.581031,1.178569,1.177717,0.000041,0.639960,1.265127,1.261702,0.483585,1.030758,0.522573,0.407121,0.003550,0.000000,0.000064,0.000034,1.415324,0.000003,0.041036,0.000448,0.057109,0.000000,0.000000,0.000000,0,0,0.000000,0.000000,0.000000,0.000000,0.000000,0.000000,0.000000,0.000000,0.000000,0.000000,0.000000,0.000000,0.000000,0.000000,0,0,0,0,0,0.000000,0.000000,0.000000,0.000000,0.000000,0.000000,0.000000,0.000000,0,0,0,0,0
1217,3,5.290812,0.000810,0.000000,0.000041,0.762716,1.295776,1.292352,0.461212,1.005293,0.532393,0.403392,0.003550,0.000000,0.000064,0.000034,1.187476,0.000003,0.041036,0.000448,0.052734,0.000000,0.000000,0.000000,0,0,0.000000,0.000000,0.000000,0.000000,0.000000,0.000000,0.000000,0.000000,0.000000,0.000000,0.000000,0.000000,0.000000,0.000000,0,0,0,0,0,0.000000,0.000000,0.000000,0.000000,0.000000,0.000000,0.000000,0.000000,0,0,0,0,0
1218,3,6.201982,0.997857,0.997006,0.000041,0.831519,1.288245,1.284821,0.475989,1.029188,0.518836,0.403385,0.003550,0.000000,0.000064,0.000034,1.015211,0.000003,0.041036,0.000448,0.050429,0.000000,0.000000,0.000000,0,0,0.000000,0.000000,0.000000,0.000000,0.000000,0.000000,0.000000,0.000000,0.000000,0.000000,0.000000,0.000000,0.000000,0.000000,0,0,0,0,0,0.000000,0.000000,0.000000,0.000000,0.000000,0.000000,0.000000,0.000000,0,0,0,0,0
1219,3,5.372284,0.000810,0.000000,0.000041,0.872572,1.267771,1.264347,0.500665,1.014116,0.522864,0.407413,0.003550,0.000000,0.000064,0.000034,1.148349,0.000003,0.041036,0.000448,0.052395,0.000000,0.000000,0.000000,0,0,0.000000,0.000000,0.000000,0.000000,0.000000,0.000000,0.000000,0.000000,0.000000,0.000000,0.000000,0.000000,0.000000,0.000000,0,0,0,0,0,0.000000,0.000000,0.000000,0.000000,0.000000,0.000000,0.000000,0.000000,0,0,0,0,0
1220,3,6.149658,0.889275,0.888424,0.000041,0.861538,1.295000,1.291575,0.476603,1.017961,0.523024,0.407572,0.003550,0.000000,0.000064,0.000034,1.041121,0.000003,0.041036,0.000448,0.052717,0.000000,0.000000,0.000000,0,0,0.000000,0.000000,0.000000,0.000000,0.000000,0.000000,0.000000,0.000000,0.000000,0.000000,0.000000,0.000000,0.000000,0.000000,0,0,0,0,0,0.000000,0.000000,0.000000,0.000000,0.000000,0.000000,0.000000,0.000000,0,0,0,0,0
1221,3,5.290670,0.000810,0.000000,0.000041,0.921987,1.243649,1.240224,0.503540,1.006880,0.523926,0.408474,0.003550,0.000000,0.000064,0.000034,1.044742,0.000003,0.041036,0.000448,0.049954,0.000000,0.000000,0.000000,0,0,0.000000,0.000000,0.000000,0.000000,0.000000,0.000000,0.000000,0.000000,0.000000,0.000000,0.000000,0.000000,0.000000,0.000000,0,0,0,0,0,0.000000,0.000000,0.000000,0.000000,0.000000,0.000000,0.000000,0.000000,0,0,0,0,0
1222,3,6.136675,1.300106,1.299255,0.000041,0.473263,1.293271,1.289846,0.485314,1.007745,0.544223,0.406321,0.003550,0.000000,0.000064,0.000034,0.987617,0.000003,0.041036,0.000448,0.070163,0.000000,0.000000,0.000000,0,0,0.000000,0.000000,0.000000,0.000000,0.000000,0.000000,0.000000,0.000000,0.000000,0.000000,0.000000,0.000000,0.000000,0.000000,0,0,0,0,0,0.000000,0.000000,0.000000,0.000000,0.000000,0.000000,0.000000,0.000000,0,0,0,0,0
1223,3,5.310852,0.000810,0.000000,0.000041,0.841149,1.254059,1.250634,0.479970,1.027961,0.520515,0.405063,0.003550,0.000000,0.000064,0.000034,1.141252,0.000003,0.041036,0.000448,0.048716,0.000000,0.000000,0.000000,0,0,0.000000,0.000000,0.000000,0.000000,0.000000,0.000000,0.000000,0.000000,0.000000,0.000000,0.000000,0.000000,0.000000,0.000000,0,0,0,0,0,0.000000,0.000000,0.000000,0.000000,0.000000,0.000000,0.000000,0.000000,0,0,0,0,0
1224,3,6.126305,1.079600,1.078749,0.000041,0.712877,1.292352,1.288927,0.480242,1.009637,0.524221,0.408769,0.003550,0.000000,0.000064,0.000034,0.982242,0.000003,0.041036,0.000448,0.055244,0.000000,0.000000,0.000000,0,0,0.000000,0.000000,0.000000,0.000000,0.000000,0.000000,0.000000,0.000000,0.000000,0.000000,0.000000,0.000000,0.000000,0.000000,0,0,0,0,0,0.000000,0.000000,0.000000,0.000000,0.000000,0.000000,0.000000,0.000000,0,0,0,0,0
1225,3,5.557787,0.000810,0.000000,0.000041,0.843126,1.269555,1.266130,0.481812,1.037486,0.517049,0.401598,0.003550,0.000000,0.000064,0.000034,1.362813,0.000003,0.041036,0.000448,0.115414,0.000000,0.000000,0.000000,0,0,0.000000,0.000000,0.000000,0.000000,0.000000,0.000000,0.000000,0.000000,0.000000,0.000000,0.000000,0.000000,0.000000,0.000000,0,0,0,0,0,0.000000,0.000000,0.000000,0.000000,0.000000,0.000000,0.000000,0.000000,0,0,0,0,0
1226,3,5.832581,0.911238,0.910387,0.000041,0.490648,1.255880,1.252455,0.474759,1.034956,0.521634,0.406182,0.003550,0.000000,0.000064,0.000034,1.098331,0.000003,0.041036,0.000448,0.086850,0.000000,0.000000,0.000000,0,0,0.000000,0.000000,0.000000,0.000000,0.000000,0.000000,0.000000,0.000000,0.000000,0.000000,0.000000,0.000000,0.000000,0.000000,0,0,0,0,0,0.000000,0.000000,0.000000,0.000000,0.000000,0.000000,0.000000,0.000000,0,0,0,0,0
1227,3,5.426893,0.000810,0.000000,0.000041,0.854160,1.268117,1.264693,0.478349,1.025333,0.525808,0.410356,0.003550,0.000000,0.000064,0.000034,1.229180,0.000003,0.041036,0.000448,0.053531,0.000000,0.000000,0.000000,0,0,0.000000,0.000000,0.000000,0.000000,0.000000,0.000000,0.000000,0.000000,0.000000,0.000000,0.000000,0.000000,0.000000,0.000000,0,0,0,0,0,0.000000,0.000000,0.000000,0.000000,0.000000,0.000000,0.000000,0.000000,0,0,0,0,0
1228,3,5.973426,1.046621,1.045770,0.000041,0.587887,1.274051,1.270626,0.482659,1.028019,0.522681,0.407230,0.003550,0.000000,0.000064,0.000034,0.986372,0.000003,0.041036,0.000448,0.060550,0.000000,0.000000,0.000000,0,0,0.000000,0.000000,0.000000,0.000000,0.000000,0.000000,0.000000,0.000000,0.000000,0.000000,0.000000,0.000000,0.000000,0.000000,0,0,0,0,0,0.000000,0.000000,0.000000,0.000000,0.000000,0.000000,0.000000,0.000000,0,0,0,0,0
1229,3,5.316657,0.000810,0.000000,0.000041,0.822591,1.273227,1.269803,0.479502,1.022254,0.524000,0.387984,0.003550,0.000000,0.000064,0.000034,1.149136,0.000003,0.041036,0.000448,0.076369,0.000000,0.000000,0.000000,0,0,0.000000,0.000000,0.000000,0.000000,0.000000,0.000000,0.000000,0.000000,0.000000,0.000000,0.000000,0.000000,0.000000,0.000000,0,0,0,0,0,0.000000,0.000000,0.000000,0.000000,0.000000,0.000000,0.000000,0.000000,0,0,0,0,0
1230,3,5.909973,1.008169,1.007317,0.000041,0.587487,1.289113,1.285689,0.480364,1.017782,0.516802,0.401350,0.003550,0.000000,0.000064,0.000034,0.965122,0.000003,0.041036,0.000448,0.055142,0.000000,0.000000,0.000000,0,0,0.000000,0.000000,0.000000,0.000000,0.000000,0.000000,0.000000,0.000000,0.000000,0.000000,0.000000,0.000000,0.000000,0.000000,0,0,0,0,0,0.000000,0.000000,0.000000,0.000000,0.000000,0.000000,0.000000,0.000000,0,0,0,0,0
1231,3,5.434099,0.000810,0.000000,0.000041,0.899760,1.294128,1.290704,0.477583,1.010383,0.534597,0.387984,0.003550,0.000000,0.000064,0.000034,1.171702,0.000003,0.041036,0.000448,0.053446,0.000000,0.000000,0.000000,0,0,0.000000,0.000000,0.000000,0.000000,0.000000,0.000000,0.000000,0.000000,0.000000,0.000000,0.000000,0.000000,0.000000,0.000000,0,0,0,0,0,0.000000,0.000000,0.000000,0.000000,0.000000,0.000000,0.000000,0.000000,0,0,0,0,0
1232,3,5.989746,1.003896,1.003045,0.000041,0.623654,1.276466,1.273041,0.479814,1.028578,0.517049,0.401598,0.003550,0.000000,0.000064,0.000034,0.992703,0.000003,0.063487,0.000448,0.058126,0.000000,0.000000,0.000000,0,0,0.000000,0.000000,0.000000,0.000000,0.000000,0.000000,0.000000,0.000000,0.000000,0.000000,0.000000,0.000000,0.000000,0.000000,0,0,0,0,0,0.000000,0.000000,0.000000,0.000000,0.000000,0.000000,0.000000,0.000000,0,0,0,0,0
1233,3,5.249359,0.000810,0.000000,0.000041,0.743191,1.251526,1.248101,0.494280,1.016574,0.520413,0.404961,0.003550,0.000000,0.000064,0.000034,1.177429,0.000003,0.041036,0.000448,0.043427,0.000000,0.000000,0.000000,0,0,0.000000,0.000000,0.000000,0.000000,0.000000,0.000000,0.000000,0.000000,0.000000,0.000000,0.000000,0.000000,0.000000,0.000000,0,0,0,0,0,0.000000,0.000000,0.000000,0.000000,0.000000,0.000000,0.000000,0.000000,0,0,0,0,0
1234,3,5.822771,0.890689,0.889838,0.000041,0.520515,1.300642,1.297217,0.481059,1.016849,0.524004,0.408552,0.003550,0.000000,0.000064,0.000034,1.043877,0.000003,0.041036,0.000448,0.055294,0.000000,0.000000,0.000000,0,0,0.000000,0.000000,0.000000,0.000000,0.000000,0.000000,0.000000,0.000000,0.000000,0.000000,0.000000,0.000000,0.000000,0.000000,0,0,0,0,0,0.000000,0.000000,0.000000,0.000000,0.000000,0.000000,0.000000,0.000000,0,0,0,0,0
1235,3,5.426880,0.000810,0.000000,0.000041,0.929728,1.271495,1.268070,0.497023,1.018965,0.519942,0.404490,0.003550,0.000000,0.000064,0.000034,1.143782,0.000003,0.041036,0.000448,0.105513,0.000000,0.000000,0.000000,0,0,0.000000,0.000000,0.000000,0.000000,0.000000,0.000000,0.000000,0.000000,0.000000,0.000000,0.000000,0.000000,0.000000,0.000000,0,0,0,0,0,0.000000,0.000000,0.000000,0.000000,0.000000,0.000000,0.000000,0.000000,0,0,0,0,0
1236,3,5.851803,0.890374,0.889523,0.000041,0.579909,1.259016,1.255591,0.474860,1.009552,0.548258,0.432807,0.003550,0.000000,0.000064,0.000034,1.044698,0.000003,0.041036,0.000448,0.057176,0.000000,0.000000,0.000000,0,0,0.000000,0.000000,0.000000,0.000000,0.000000,0.000000,0.000000,0.000000,0.000000,0.000000,0.000000,0.000000,0.000000,0.000000,0,0,0,0,0,0.000000,0.000000,0.000000,0.000000,0.000000,0.000000,0.000000,0.000000,0,0,0,0,0
1237,3,5.259403,0.000810,0.000000,0.000041,0.711826,1.268097,1.264672,0.481591,1.026025,0.524051,0.387984,0.003550,0.000000,0.000064,0.000034,1.201867,0.000003,0.041036,0.000448,0.039561,0.000000,0.000000,0.000000,0,0,0.000000,0.000000,0.000000,0.000000,0.000000,0.000000,0.000000,0.000000,0.000000,0.000000,0.000000,0.000000,0.000000,0.000000,0,0,0,0,0,0.000000,0.000000,0.000000,0.000000,0.000000,0.000000,0.000000,0.000000,0,0,0,0,0
1238,3,5.935079,1.046651,1.045800,0.000041,0.511502,1.268745,1.265320,0.478414,1.010647,0.535611,0.401896,0.003550,0.000000,0.000064,0.000034,1.038374,0.000003,0.041036,0.000448,0.072218,0.000000,0.000000,0.000000,0,0,0.000000,0.000000,0.000000,0.000000,0.000000,0.000000,0.000000,0.000000,0.000000,0.000000,0.000000,0.000000,0.000000,0.000000,0,0,0,0,0,0.000000,0.000000,0.000000,0.000000,0.000000,0.000000,0.000000,0.000000,0,0,0,0,0
1239,3,5.523556,0.000810,0.000000,0.000041,0.907240,1.257453,1.254028,0.480072,1.026235,0.525808,0.410356,0.003550,0.000000,0.000064,0.000034,1.280802,0.000003,0.041036,0.000448,0.048716,0.000000,0.000000,0.000000,0,0,0.000000,0.000000,0.000000,0.000000,0.000000,0.000000,0.000000,0.000000,0.000000,0.000000,0.000000,0.000000,0.000000,0.000000,0,0,0,0,0,0.000000,0.000000,0.000000,0.000000,0.000000,0.000000,0.000000,0.000000,0,0,0,0,0
1240,3,7.614885,2.570116,2.569265,0.000041,0.677806,1.273590,1.270165,0.496080,1.008165,0.523865,0.408413,0.003550,0.000000,0.000064,0.000034,1.020128,0.000003,0.041036,0.000448,0.050225,0.000000,0.000000,0.000000,0,0,0.000000,0.000000,0.000000,0.000000,0.000000,0.000000,0.000000,0.000000,0.000000,0.000000,0.000000,0.000000,0.000000,0.000000,0,0,0,0,0,0.000000,0.000000,0.000000,0.000000,0.000000,0.000000,0.000000,0.000000,0,0,0,0,0
1241,3,5.212616,0.000810,0.000000,0.000041,0.733510,1.295369,1.291945,0.480184,1.029846,0.523634,0.408183,0.003550,0.000000,0.000064,0.000034,1.104126,0.000003,0.041036,0.000448,0.091322,0.000000,0.000000,0.000000,0,0,0.000000,0.000000,0.000000,0.000000,0.000000,0.000000,0.000000,0.000000,0.000000,0.000000,0.000000,0.000000,0.000000,0.000000,0,0,0,0,0,0.000000,0.000000,0.000000,0.000000,0.000000,0.000000,0.000000,0.000000,0,0,0,0,0
1242,3,6.019840,1.000014,0.999162,0.000041,0.638709,1.269819,1.266395,0.504954,1.009847,0.517076,0.401625,0.003550,0.000000,0.000064,0.000034,1.034285,0.000003,0.041036,0.000448,0.062737,0.000000,0.000000,0.000000,0,0,0.000000,0.000000,0.000000,0.000000,0.000000,0.000000,0.000000,0.000000,0.000000,0.000000,0.000000,0.000000,0.000000,0.000000,0,0,0,0,0,0.000000,0.000000,0.000000,0.000000,0.000000,0.000000,0.000000,0.000000,0,0,0,0,0
1243,3,5.755724,0.000810,0.000000,0.000041,0.847890,1.265849,1.262424,0.483585,1.034817,0.522373,0.406921,0.003550,0.000000,0.000064,0.000034,1.555264,0.000003,0.041036,0.000448,0.071089,0.000000,0.000000,0.000000,0,0,0.000000,0.000000,0.000000,0.000000,0.000000,0.000000,0.000000,0.000000,0.000000,0.000000,0.000000,0.000000,0.000000,0.000000,0,0,0,0,0,0.000000,0.000000,0.000000,0.000000,0.000000,0.000000,0.000000,0.000000,0,0,0,0,0
1244,3,6.286099,1.208900,1.208049,0.000041,0.726946,1.251845,1.248420,0.502316,1.011943,0.518799,0.387984,0.003550,0.000000,0.000064,0.000034,1.020216,0.000003,0.041036,0.000448,0.083957,0.000000,0.000000,0.000000,0,0,0.000000,0.000000,0.000000,0.000000,0.000000,0.000000,0.000000,0.000000,0.000000,0.000000,0.000000,0.000000,0.000000,0.000000,0,0,0,0,0,0.000000,0.000000,0.000000,0.000000,0.000000,0.000000,0.000000,0.000000,0,0,0,0,0
1245,3,5.260193,0.000810,0.000000,0.000041,0.818410,1.265432,1.262007,0.474874,1.016557,0.544932,0.408610,0.003550,0.000000,0.000064,0.000034,1.077020,0.000003,0.058058,0.000448,0.045308,0.000000,0.000000,0.000000,0,0,0.000000,0.000000,0.000000,0.000000,0.000000,0.000000,0.000000,0.000000,0.000000,0.000000,0.000000,0.000000,0.000000,0.000000,0,0,0,0,0,0.000000,0.000000,0.000000,0.000000,0.000000,0.000000,0.000000,0.000000,0,0,0,0,0
1246,3,6.115614,1.150791,1.149940,0.000041,0.585490,1.253238,1.249814,0.479370,1.027337,0.522210,0.406759,0.003550,0.000000,0.000064,0.000034,1.052043,0.000003,0.041036,0.000448,0.053769,0.000000,0.000000,0.000000,0,0,0.000000,0.000000,0.000000,0.000000,0.000000,0.000000,0.000000,0.000000,0.000000,0.000000,0.000000,0.000000,0.000000,0.000000,0,0,0,0,0,0.000000,0.000000,0.000000,0.000000,0.000000,0.000000,0.000000,0.000000,0,0,0,0,0
1247,3,5.533247,0.000810,0.000000,0.000041,0.808780,1.271793,1.268368,0.480282,1.010793,0.539812,0.405924,0.003550,0.000000,0.000064,0.000034,1.375841,0.000003,0.041036,0.000448,0.053836,0.000000,0.000000,0.000000,0,0,0.000000,0.000000,0.000000,0.000000,0.000000,0.000000,0.000000,0.000000,0.000000,0.000000,0.000000,0.000000,0.000000,0.000000,0,0,0,0,0,0.000000,0.000000,0.000000,0.000000,0.000000,0.000000,0.000000,0.000000,0,0,0,0,0
1248,3,6.196767,1.110538,1.109687,0.000041,0.712867,1.291423,1.287998,0.461212,1.027734,0.525726,0.410275,0.003550,0.000000,0.000064,0.000034,1.008480,0.000003,0.054688,0.000448,0.048716,0.000000,0.000000,0.000000,0,0,0.000000,0.000000,0.000000,0.000000,0.000000,0.000000,0.000000,0.000000,0.000000,0.000000,0.000000,0.000000,0.000000,0.000000,0,0,0,0,0,0.000000,0.000000,0.000000,0.000000,0.000000,0.000000,0.000000,0.000000,0,0,0,0,0
1249,3,5.122643,0.000810,0.000000,0.000041,0.733894,1.253788,1.250363,0.491970,1.014103,0.521461,0.387984,0.003550,0.000000,0.000064,0.000034,1.039110,0.000003,0.063409,0.000448,0.057193,0.000000,0.000000,0.000000,0,0,0.000000,0.000000,0.000000,0.000000,0.000000,0.000000,0.000000,0.000000,0.000000,0.000000,0.000000,0.000000,0.000000,0.000000,0,0,0,0,0,0.000000,0.000000,0.000000,0.000000,0.000000,0.000000,0.000000,0.000000,0,0,0,0,0
1250,3,6.130296,1.221958,1.221107,0.000041,0.533112,1.293891,1.290466,0.461212,1.022115,0.525808,0.410356,0.023454,0.000000,0.000064,0.000034,0.988013,0.000003,0.060184,0.000448,0.080627,0.000000,0.000000,0.000000,0,0,0.000000,0.000000,0.000000,0.000000,0.000000,0.000000,0.000000,0.000000,0.000000,0.000000,0.000000,0.000000,0.000000,0.000000,0,0,0,0,0,0.000000,0.000000,0.000000,0.000000,0.000000,0.000000,0.000000,0.000000,0,0,0,0,0
1251,3,5.433556,0.000810,0.000000,0.000041,0.727085,1.272451,1.269026,0.497650,0.975450,0.523919,0.408468,0.003550,0.000000,0.000064,0.000034,1.391056,0.000003,0.041036,0.000448,0.063195,0.000000,0.000000,0.000000,0,0,0.000000,0.000000,0.000000,0.000000,0.000000,0.000000,0.000000,0.000000,0.000000,0.000000,0.000000,0.000000,0.000000,0.000000,0,0,0,0,0,0.000000,0.000000,0.000000,0.000000,0.000000,0.000000,0.000000,0.000000,0,0,0,0,0
1252,3,5.997894,1.077871,1.077020,0.000041,0.587877,1.266900,1.263475,0.475572,1.015764,0.540022,0.424571,0.003550,0.000000,0.000064,0.000034,0.988753,0.000003,0.041036,0.000448,0.058438,0.000000,0.000000,0.000000,0,0,0.000000,0.000000,0.000000,0.000000,0.000000,0.000000,0.000000,0.000000,0.000000,0.000000,0.000000,0.000000,0.000000,0.000000,0,0,0,0,0,0.000000,0.000000,0.000000,0.000000,0.000000,0.000000,0.000000,0.000000,0,0,0,0,0
1253,3,5.268985,0.000810,0.000000,0.000041,0.832699,1.273387,1.269962,0.480184,1.025180,0.521983,0.406531,0.003550,0.000000,0.000064,0.000034,1.089606,0.000003,0.041036,0.000448,0.092475,0.000000,0.000000,0.000000,0,0,0.000000,0.000000,0.000000,0.000000,0.000000,0.000000,0.000000,0.000000,0.000000,0.000000,0.000000,0.000000,0.000000,0.000000,0,0,0,0,0,0.000000,0.000000,0.000000,0.000000,0.000000,0.000000,0.000000,0.000000,0,0,0,0,0
1254,3,6.016018,0.970235,0.969384,0.000041,0.688561,1.291555,1.288130,0.480431,1.006588,0.544691,0.429240,0.003550,0.000000,0.000064,0.000034,0.988820,0.000003,0.041036,0.000448,0.066569,0.000000,0.000000,0.000000,0,0,0.000000,0.000000,0.000000,0.000000,0.000000,0.000000,0.000000,0.000000,0.000000,0.000000,0.000000,0.000000,0.000000,0.000000,0,0,0,0,0,0.000000,0.000000,0.000000,0.000000,0.000000,0.000000,0.000000,0.000000,0,0,0,0,0
1255,3,5.398760,0.000810,0.000000,0.000041,0.877821,1.257226,1.253801,0.474823,1.019399,0.523153,0.407701,0.003550,0.000000,0.000064,0.000034,1.200392,0.000003,0.041036,0.000448,0.077254,0.000000,0.000000,0.000000,0,0,0.000000,0.000000,0.000000,0.000000,0.000000,0.000000,0.000000,0.000000,0.000000,0.000000,0.000000,0.000000,0.000000,0.000000,0,0,0,0,0,0.000000,0.000000,0.000000,0.000000,0.000000,0.000000,0.000000,0.000000,0,0,0,0,0
1256,3,5.979248,0.892097,0.891246,0.000041,0.671217,1.250380,1.246955,0.495982,1.006588,0.522285,0.406833,0.003550,0.000000,0.000064,0.000034,1.095564,0.000003,0.041036,0.000448,0.056464,0.000000,0.000000,0.000000,0,0,0.000000,0.000000,0.000000,0.000000,0.000000,0.000000,0.000000,0.000000,0.000000,0.000000,0.000000,0.000000,0.000000,0.000000,0,0,0,0,0,0.000000,0.000000,0.000000,0.000000,0.000000,0.000000,0.000000,0.000000,0,0,0,0,0
1257,3,5.280067,0.000810,0.000000,0.000041,0.728526,1.292843,1.289419,0.479296,1.033800,0.522563,0.407111,0.003550,0.000000,0.000064,0.000034,1.177094,0.000003,0.041036,0.000448,0.050225,0.000000,0.000000,0.000000,0,0,0.000000,0.000000,0.000000,0.000000,0.000000,0.000000,0.000000,0.000000,0.000000,0.000000,0.000000,0.000000,0.000000,0.000000,0,0,0,0,0,0.000000,0.000000,0.000000,0.000000,0.000000,0.000000,0.000000,0.000000,0,0,0,0,0
1258,3,6.043125,1.150784,1.149933,0.000041,0.553921,1.275079,1.271654,0.497314,1.015642,0.521725,0.406274,0.003550,0.000000,0.000064,0.000034,0.983524,0.000003,0.041036,0.000448,0.063772,0.000000,0.000000,0.000000,0,0,0.000000,0.000000,0.000000,0.000000,0.000000,0.000000,0.000000,0.000000,0.000000,0.000000,0.000000,0.000000,0.000000,0.000000,0,0,0,0,0,0.000000,0.000000,0.000000,0.000000,0.000000,0.000000,0.000000,0.000000,0,0,0,0,0
1259,3,5.437788,0.000810,0.000000,0.000041,0.822286,1.268660,1.265235,0.480343,1.027835,0.516934,0.387984,0.003550,0.000000,0.000064,0.000034,1.275784,0.000003,0.041036,0.000448,0.059092,0.000000,0.000000,0.000000,0,0,0.000000,0.000000,0.000000,0.000000,0.000000,0.000000,0.000000,0.000000,0.000000,0.000000,0.000000,0.000000,0.000000,0.000000,0,0,0,0,0,0.000000,0.000000,0.000000,0.000000,0.000000,0.000000,0.000000,0.000000,0,0,0,0,0
1260,3,6.203674,0.902066,0.901215,0.000041,0.952474,1.243384,1.239960,0.506029,1.016605,0.525808,0.387984,0.003550,0.000000,0.000064,0.000034,1.012173,0.000003,0.041036,0.000448,0.050327,0.000000,0.000000,0.000000,0,0,0.000000,0.000000,0.000000,0.000000,0.000000,0.000000,0.000000,0.000000,0.000000,0.000000,0.000000,0.000000,0.000000,0.000000,0,0,0,0,0,0.000000,0.000000,0.000000,0.000000,0.000000,0.000000,0.000000,0.000000,0,0,0,0,0
1261,3,5.304186,0.000810,0.000000,0.000041,0.884013,1.290175,1.286750,0.461212,1.028531,0.540382,0.406074,0.003550,0.000000,0.000064,0.000034,1.053928,0.000003,0.041036,0.000448,0.057261,0.000000,0.000000,0.000000,0,0,0.000000,0.000000,0.000000,0.000000,0.000000,0.000000,0.000000,0.000000,0.000000,0.000000,0.000000,0.000000,0.000000,0.000000,0,0,0,0,0,0.000000,0.000000,0.000000,0.000000,0.000000,0.000000,0.000000,0.000000,0,0,0,0,0
1262,3,5.894986,0.900818,0.899967,0.000041,0.479923,1.285895,1.282471,0.461212,1.029154,0.522315,0.406864,0.025408,0.000000,0.000064,0.000034,1.148675,0.000003,0.041036,0.000448,0.066111,0.000000,0.000000,0.000000,0,0,0.000000,0.000000,0.000000,0.000000,0.000000,0.000000,0.000000,0.000000,0.000000,0.000000,0.000000,0.000000,0.000000,0.000000,0,0,0,0,0,0.000000,0.000000,0.000000,0.000000,0.000000,0.000000,0.000000,0.000000,0,0,0,0,0
1263,3,5.397512,0.000810,0.000000,0.000041,0.856991,1.283108,1.279683,0.480804,0.975247,0.567339,0.432783,0.003550,0.000000,0.000064,0.000034,1.188076,0.000003,0.041036,0.000448,0.068078,0.000000,0.000000,0.000000,0,0,0.000000,0.000000,0.000000,0.000000,0.000000,0.000000,0.000000,0.000000,0.000000,0.000000,0.000000,0.000000,0.000000,0.000000,0,0,0,0,0,0.000000,0.000000,0.000000,0.000000,0.000000,0.000000,0.000000,0.000000,0,0,0,0,0
1264,3,6.332306,1.280775,1.279924,0.000041,0.695621,1.275211,1.271786,0.479343,1.026316,0.518846,0.403395,0.003550,0.000000,0.000064,0.000034,1.011058,0.000003,0.041036,0.000448,0.053887,0.000000,0.000000,0.000000,0,0,0.000000,0.000000,0.000000,0.000000,0.000000,0.000000,0.000000,0.000000,0.000000,0.000000,0.000000,0.000000,0.000000,0.000000,0,0,0,0,0,0.000000,0.000000,0.000000,0.000000,0.000000,0.000000,0.000000,0.000000,0,0,0,0,0
1265,3,5.055054,0.000810,0.000000,0.000041,0.722141,1.253788,1.250363,0.502879,1.011525,0.516978,0.387984,0.003550,0.000000,0.000064,0.000034,1.001797,0.000003,0.041036,0.000448,0.068729,0.000000,0.000000,0.000000,0,0,0.000000,0.000000,0.000000,0.000000,0.000000,0.000000,0.000000,0.000000,0.000000,0.000000,0.000000,0.000000,0.000000,0.000000,0,0,0,0,0,0.000000,0.000000,0.000000,0.000000,0.000000,0.000000,0.000000,0.000000,0,0,0,0,0
1266,3,5.940172,1.069024,1.068173,0.000041,0.533105,1.258304,1.254879,0.483585,1.034529,0.522393,0.406942,0.003550,0.000000,0.000064,0.000034,0.994097,0.000003,0.041036,0.000448,0.064128,0.000000,0.000000,0.000000,0,0,0.000000,0.000000,0.000000,0.000000,0.000000,0.000000,0.000000,0.000000,0.000000,0.000000,0.000000,0.000000,0.000000,0.000000,0,0,0,0,0,0.000000,0.000000,0.000000,0.000000,0.000000,0.000000,0.000000,0.000000,0,0,0,0,0
1267,3,5.133965,0.000810,0.000000,0.000041,0.867286,1.265964,1.262539,0.506036,0.990302,0.522302,0.406850,0.003550,0.000000,0.000064,0.000034,0.936130,0.000003,0.041036,0.000448,0.053853,0.000000,0.000000,0.000000,0,0,0.000000,0.000000,0.000000,0.000000,0.000000,0.000000,0.000000,0.000000,0.000000,0.000000,0.000000,0.000000,0.000000,0.000000,0,0,0,0,0,0.000000,0.000000,0.000000,0.000000,0.000000,0.000000,0.000000,0.000000,0,0,0,0,0
1268,3,6.449683,1.362450,1.361599,0.000041,0.709422,1.272844,1.269419,0.474860,1.036140,0.523485,0.408034,0.003550,0.000000,0.000064,0.000034,1.025347,0.000003,0.041036,0.000448,0.071859,0.000000,0.000000,0.000000,0,0,0.000000,0.000000,0.000000,0.000000,0.000000,0.000000,0.000000,0.000000,0.000000,0.000000,0.000000,0.000000,0.000000,0.000000,0,0,0,0,0,0.000000,0.000000,0.000000,0.000000,0.000000,0.000000,0.000000,0.000000,0,0,0,0,0
1269,3,5.177636,0.000810,0.000000,0.000041,0.815304,1.276859,1.273434,0.480916,1.021495,0.522681,0.407230,0.003550,0.000000,0.000064,0.000034,1.014435,0.000003,0.041036,0.000448,0.062263,0.000000,0.000000,0.000000,0,0,0.000000,0.000000,0.000000,0.000000,0.000000,0.000000,0.000000,0.000000,0.000000,0.000000,0.000000,0.000000,0.000000,0.000000,0,0,0,0,0,0.000000,0.000000,0.000000,0.000000,0.000000,0.000000,0.000000,0.000000,0,0,0,0,0
1270,3,5.777266,0.919861,0.919010,0.000041,0.519989,1.253523,1.250098,0.496847,1.010562,0.516981,0.401530,0.003550,0.000000,0.000064,0.000034,1.014367,0.000003,0.041036,0.000448,0.057024,0.000000,0.000000,0.000000,0,0,0.000000,0.000000,0.000000,0.000000,0.000000,0.000000,0.000000,0.000000,0.000000,0.000000,0.000000,0.000000,0.000000,0.000000,0,0,0,0,0,0.000000,0.000000,0.000000,0.000000,0.000000,0.000000,0.000000,0.000000,0,0,0,0,0
1271,3,5.250054,0.000810,0.000000,0.000041,0.822561,1.271247,1.267822,0.476247,1.032291,0.518724,0.403273,0.003550,0.000000,0.000064,0.000034,1.083038,0.000003,0.041036,0.000448,0.100698,0.000000,0.000000,0.000000,0,0,0.000000,0.000000,0.000000,0.000000,0.000000,0.000000,0.000000,0.000000,0.000000,0.000000,0.000000,0.000000,0.000000,0.000000,0,0,0,0,0,0.000000,0.000000,0.000000,0.000000,0.000000,0.000000,0.000000,0.000000,0,0,0,0,0
1272,3,5.879269,0.910743,0.909892,0.000041,0.629551,1.252530,1.249105,0.493520,1.011780,0.518070,0.402618,0.003550,0.000000,0.000064,0.000034,1.017941,0.000003,0.041036,0.000448,0.081343,0.000000,0.000000,0.000000,0,0,0.000000,0.000000,0.000000,0.000000,0.000000,0.000000,0.000000,0.000000,0.000000,0.000000,0.000000,0.000000,0.000000,0.000000,0,0,0,0,0,0.000000,0.000000,0.000000,0.000000,0.000000,0.000000,0.000000,0.000000,0,0,0,0,0
1273,3,5.422258,0.000810,0.000000,0.000041,0.863953,1.267829,1.264404,0.481832,1.021250,0.521562,0.406111,0.003550,0.000000,0.000064,0.000034,1.219886,0.000003,0.041036,0.000448,0.074622,0.000000,0.000000,0.000000,0,0,0.000000,0.000000,0.000000,0.000000,0.000000,0.000000,0.000000,0.000000,0.000000,0.000000,0.000000,0.000000,0.000000,0.000000,0,0,0,0,0,0.000000,0.000000,0.000000,0.000000,0.000000,0.000000,0.000000,0.000000,0,0,0,0,0
1274,3,6.223619,1.150828,1.149977,0.000041,0.574738,1.272139,1.268714,0.498410,1.012902,0.521406,0.405955,0.003550,0.000000,0.000064,0.000034,1.148061,0.000003,0.041036,0.000448,0.060381,0.000000,0.000000,0.000000,0,0,0.000000,0.000000,0.000000,0.000000,0.000000,0.000000,0.000000,0.000000,0.000000,0.000000,0.000000,0.000000,0.000000,0.000000,0,0,0,0,0,0.000000,0.000000,0.000000,0.000000,0.000000,0.000000,0.000000,0.000000,0,0,0,0,0
1275,3,5.429175,0.000810,0.000000,0.000041,0.914266,1.265242,1.261817,0.474823,1.032803,0.522654,0.387984,0.003550,0.000000,0.000064,0.000034,1.156240,0.000003,0.058238,0.000448,0.052056,0.000000,0.000000,0.000000,0,0,0.000000,0.000000,0.000000,0.000000,0.000000,0.000000,0.000000,0.000000,0.000000,0.000000,0.000000,0.000000,0.000000,0.000000,0,0,0,0,0,0.000000,0.000000,0.000000,0.000000,0.000000,0.000000,0.000000,0.000000,0,0,0,0,0
1276,3,7.834005,1.534468,1.533617,0.000041,0.692037,1.251428,1.248003,0.499664,1.009898,0.520542,0.405090,0.018660,0.000000,0.000064,0.000034,2.247091,0.000003,0.059669,0.000448,0.087118,0.000000,0.000000,0.000000,0,0,0.000000,0.000000,0.000000,0.000000,0.000000,0.000000,0.000000,0.000000,0.000000,0.000000,0.000000,0.000000,0.000000,0.000000,0,0,0,0,0,0.000000,0.000000,0.000000,0.000000,0.000000,0.000000,0.000000,0.000000,0,0,0,0,0
1277,3,5.401191,0.000810,0.000000,0.000041,0.895199,1.291860,1.288435,0.461212,1.022207,0.544295,0.387984,0.003550,0.000000,0.000064,0.000034,1.140472,0.000003,0.041036,0.000448,0.059736,0.000000,0.000000,0.000000,0,0,0.000000,0.000000,0.000000,0.000000,0.000000,0.000000,0.000000,0.000000,0.000000,0.000000,0.000000,0.000000,0.000000,0.000000,0,0,0,0,0,0.000000,0.000000,0.000000,0.000000,0.000000,0.000000,0.000000,0.000000,0,0,0,0,0
1278,3,5.945492,0.900821,0.899970,0.000041,0.612125,1.290616,1.287191,0.474759,1.018999,0.522196,0.387984,0.003550,0.000000,0.000064,0.000034,1.080841,0.000003,0.041036,0.000448,0.054481,0.000000,0.000000,0.000000,0,0,0.000000,0.000000,0.000000,0.000000,0.000000,0.000000,0.000000,0.000000,0.000000,0.000000,0.000000,0.000000,0.000000,0.000000,0,0,0,0,0,0.000000,0.000000,0.000000,0.000000,0.000000,0.000000,0.000000,0.000000,0,0,0,0,0
1279,3,5.422173,0.000810,0.000000,0.000041,0.907871,1.302619,1.299194,0.475464,1.004283,0.543026,0.405124,0.003550,0.000000,0.000064,0.000034,1.142965,0.000003,0.041036,0.000448,0.063856,0.000000,0.000000,0.000000,0,0,0.000000,0.000000,0.000000,0.000000,0.000000,0.000000,0.000000,0.000000,0.000000,0.000000,0.000000,0.000000,0.000000,0.000000,0,0,0,0,0,0.000000,0.000000,0.000000,0.000000,0.000000,0.000000,0.000000,0.000000,0,0,0,0,0
1280,3,6.175320,1.071686,1.070835,0.000041,0.587880,1.268945,1.265520,0.480238,1.031823,0.521918,0.387984,0.003550,0.000000,0.000064,0.000034,1.149702,0.000003,0.059028,0.000448,0.077115,0.000000,0.000000,0.000000,0,0,0.000000,0.000000,0.000000,0.000000,0.000000,0.000000,0.000000,0.000000,0.000000,0.000000,0.000000,0.000000,0.000000,0.000000,0,0,0,0,0,0.000000,0.000000,0.000000,0.000000,0.000000,0.000000,0.000000,0.000000,0,0,0,0,0
1281,3,5.317440,0.000810,0.000000,0.000041,0.779561,1.274885,1.271461,0.501712,1.011973,0.522685,0.407233,0.003550,0.000000,0.000064,0.000034,1.180678,0.000003,0.041036,0.000448,0.053379,0.000000,0.000000,0.000000,0,0,0.000000,0.000000,0.000000,0.000000,0.000000,0.000000,0.000000,0.000000,0.000000,0.000000,0.000000,0.000000,0.000000,0.000000,0,0,0,0,0,0.000000,0.000000,0.000000,0.000000,0.000000,0.000000,0.000000,0.000000,0,0,0,0,0
1282,3,5.771868,0.902215,0.901364,0.000041,0.543057,1.285424,1.281999,0.479685,1.001909,0.532115,0.416663,0.003550,0.000000,0.000064,0.000034,0.982327,0.000003,0.041036,0.000448,0.055193,0.000000,0.000000,0.000000,0,0,0.000000,0.000000,0.000000,0.000000,0.000000,0.000000,0.000000,0.000000,0.000000,0.000000,0.000000,0.000000,0.000000,0.000000,0,0,0,0,0,0.000000,0.000000,0.000000,0.000000,0.000000,0.000000,0.000000,0.000000,0,0,0,0,0
1283,3,5.307244,0.000810,0.000000,0.000041,0.856991,1.273655,1.270230,0.502899,0.994626,0.524041,0.408590,0.003550,0.000000,0.000064,0.000034,1.109087,0.000003,0.041036,0.000448,0.064619,0.000000,0.000000,0.000000,0,0,0.000000,0.000000,0.000000,0.000000,0.000000,0.000000,0.000000,0.000000,0.000000,0.000000,0.000000,0.000000,0.000000,0.000000,0,0,0,0,0,0.000000,0.000000,0.000000,0.000000,0.000000,0.000000,0.000000,0.000000,0,0,0,0,0
1284,3,6.907362,1.204600,1.203749,0.000041,0.567047,1.294427,1.291002,0.475237,1.030687,0.525808,0.387984,0.003550,0.000000,0.000064,0.000034,1.764421,0.000003,0.041036,0.000448,0.058906,0.000000,0.000000,0.000000,0,0,0.000000,0.000000,0.000000,0.000000,0.000000,0.000000,0.000000,0.000000,0.000000,0.000000,0.000000,0.000000,0.000000,0.000000,0,0,0,0,0,0.000000,0.000000,0.000000,0.000000,0.000000,0.000000,0.000000,0.000000,0,0,0,0,0
1285,3,5.306559,0.000810,0.000000,0.000041,0.780633,1.266286,1.262861,0.481798,1.029270,0.518731,0.387984,0.003550,0.000000,0.000064,0.000034,1.183896,0.000003,0.041036,0.000448,0.054905,0.000000,0.000000,0.000000,0,0,0.000000,0.000000,0.000000,0.000000,0.000000,0.000000,0.000000,0.000000,0.000000,0.000000,0.000000,0.000000,0.000000,0.000000,0,0,0,0,0,0.000000,0.000000,0.000000,0.000000,0.000000,0.000000,0.000000,0.000000,0,0,0,0,0
1286,3,5.865960,0.922329,0.921478,0.000041,0.562893,1.254415,1.250990,0.497325,1.016561,0.522068,0.406616,0.003550,0.000000,0.000064,0.000034,1.045234,0.000003,0.041036,0.000448,0.053463,0.000000,0.000000,0.000000,0,0,0.000000,0.000000,0.000000,0.000000,0.000000,0.000000,0.000000,0.000000,0.000000,0.000000,0.000000,0.000000,0.000000,0.000000,0,0,0,0,0,0.000000,0.000000,0.000000,0.000000,0.000000,0.000000,0.000000,0.000000,0,0,0,0,0
1287,3,5.370527,0.000810,0.000000,0.000041,0.972622,1.248569,1.245144,0.476624,1.022454,0.525808,0.387984,0.003550,0.000000,0.000064,0.000034,1.078505,0.000003,0.041036,0.000448,0.071238,0.000000,0.000000,0.000000,0,0,0.000000,0.000000,0.000000,0.000000,0.000000,0.000000,0.000000,0.000000,0.000000,0.000000,0.000000,0.000000,0.000000,0.000000,0,0,0,0,0,0.000000,0.000000,0.000000,0.000000,0.000000,0.000000,0.000000,0.000000,0,0,0,0,0
1288,3,5.895125,0.944207,0.943356,0.000041,0.598304,1.274909,1.271484,0.479184,1.009657,0.521535,0.406084,0.003550,0.000000,0.000064,0.000034,1.008531,0.000003,0.054698,0.000448,0.057278,0.000000,0.000000,0.000000,0,0,0.000000,0.000000,0.000000,0.000000,0.000000,0.000000,0.000000,0.000000,0.000000,0.000000,0.000000,0.000000,0.000000,0.000000,0,0,0,0,0,0.000000,0.000000,0.000000,0.000000,0.000000,0.000000,0.000000,0.000000,0,0,0,0,0
1289,3,5.194129,0.000810,0.000000,0.000041,0.757036,1.273153,1.269728,0.481818,1.029029,0.523916,0.408464,0.003550,0.000000,0.000064,0.000034,1.083232,0.000003,0.041036,0.000448,0.083981,0.000000,0.000000,0.000000,0,0,0.000000,0.000000,0.000000,0.000000,0.000000,0.000000,0.000000,0.000000,0.000000,0.000000,0.000000,0.000000,0.000000,0.000000,0,0,0,0,0,0.000000,0.000000,0.000000,0.000000,0.000000,0.000000,0.000000,0.000000,0,0,0,0,0
1290,3,6.069790,1.104706,1.103855,0.000041,0.595591,1.272193,1.268768,0.489570,1.016629,0.517768,0.402317,0.003550,0.000000,0.000064,0.000034,1.028198,0.000003,0.041036,0.000448,0.063958,0.000000,0.000000,0.000000,0,0,0.000000,0.000000,0.000000,0.000000,0.000000,0.000000,0.000000,0.000000,0.000000,0.000000,0.000000,0.000000,0.000000,0.000000,0,0,0,0,0,0.000000,0.000000,0.000000,0.000000,0.000000,0.000000,0.000000,0.000000,0,0,0,0,0
1291,3,5.319855,0.000810,0.000000,0.000041,0.856981,1.272820,1.269396,0.483585,1.036197,0.523451,0.387984,0.003550,0.000000,0.000064,0.000034,1.080271,0.000003,0.061639,0.000448,0.095272,0.000000,0.000000,0.000000,0,0,0.000000,0.000000,0.000000,0.000000,0.000000,0.000000,0.000000,0.000000,0.000000,0.000000,0.000000,0.000000,0.000000,0.000000,0,0,0,0,0,0.000000,0.000000,0.000000,0.000000,0.000000,0.000000,0.000000,0.000000,0,0,0,0,0
1292,3,6.239183,1.260169,1.259318,0.000041,0.629530,1.253425,1.250000,0.495728,1.011414,0.516544,0.401093,0.003550,0.000000,0.000064,0.000034,1.027239,0.000003,0.041036,0.000448,0.075066,0.000000,0.000000,0.000000,0,0,0.000000,0.000000,0.000000,0.000000,0.000000,0.000000,0.000000,0.000000,0.000000,0.000000,0.000000,0.000000,0.000000,0.000000,0,0,0,0,0,0.000000,0.000000,0.000000,0.000000,0.000000,0.000000,0.000000,0.000000,0,0,0,0,0
1293,3,5.349589,0.000810,0.000000,0.000041,0.863926,1.292816,1.289391,0.461212,1.005998,0.548258,0.410356,0.022878,0.000000,0.000064,0.000034,1.112105,0.000003,0.041036,0.000448,0.063941,0.000000,0.000000,0.000000,0,0,0.000000,0.000000,0.000000,0.000000,0.000000,0.000000,0.000000,0.000000,0.000000,0.000000,0.000000,0.000000,0.000000,0.000000,0,0,0,0,0,0.000000,0.000000,0.000000,0.000000,0.000000,0.000000,0.000000,0.000000,0,0,0,0,0
1294,3,5.860355,0.900831,0.899980,0.000041,0.605225,1.300629,1.297204,0.479987,1.015205,0.522308,0.406857,0.003550,0.000000,0.000064,0.000034,0.991035,0.000003,0.041036,0.000448,0.048648,0.000000,0.000000,0.000000,0,0,0.000000,0.000000,0.000000,0.000000,0.000000,0.000000,0.000000,0.000000,0.000000,0.000000,0.000000,0.000000,0.000000,0.000000,0,0,0,0,0,0.000000,0.000000,0.000000,0.000000,0.000000,0.000000,0.000000,0.000000,0,0,0,0,0
1295,3,5.272980,0.000810,0.000000,0.000041,0.870867,1.295020,1.291595,0.479316,1.011603,0.535956,0.420505,0.003550,0.000000,0.000064,0.000034,1.034271,0.000003,0.041036,0.000448,0.050259,0.000000,0.000000,0.000000,0,0,0.000000,0.000000,0.000000,0.000000,0.000000,0.000000,0.000000,0.000000,0.000000,0.000000,0.000000,0.000000,0.000000,0.000000,0,0,0,0,0,0.000000,0.000000,0.000000,0.000000,0.000000,0.000000,0.000000,0.000000,0,0,0,0,0
1296,3,6.008847,0.973450,0.972599,0.000041,0.660814,1.287476,1.284051,0.474854,1.033383,0.522295,0.406843,0.003550,0.000000,0.000064,0.000034,1.011441,0.000003,0.041036,0.000448,0.084035,0.000000,0.000000,0.000000,0,0,0.000000,0.000000,0.000000,0.000000,0.000000,0.000000,0.000000,0.000000,0.000000,0.000000,0.000000,0.000000,0.000000,0.000000,0,0,0,0,0,0.000000,0.000000,0.000000,0.000000,0.000000,0.000000,0.000000,0.000000,0,0,0,0,0
1297,3,5.203857,0.000810,0.000000,0.000041,0.756226,1.269816,1.266391,0.474962,1.006507,0.525808,0.410356,0.003550,0.000000,0.000064,0.000034,1.124593,0.000003,0.041036,0.000448,0.088474,0.000000,0.000000,0.000000,0,0,0.000000,0.000000,0.000000,0.000000,0.000000,0.000000,0.000000,0.000000,0.000000,0.000000,0.000000,0.000000,0.000000,0.000000,0,0,0,0,0,0.000000,0.000000,0.000000,0.000000,0.000000,0.000000,0.000000,0.000000,0,0,0,0,0
1298,3,5.952396,1.040127,1.039276,0.000041,0.533898,1.277618,1.274194,0.476607,1.039503,0.521545,0.406094,0.003550,0.000000,0.000064,0.000034,1.017961,0.000003,0.041036,0.000448,0.055261,0.000000,0.000000,0.000000,0,0,0.000000,0.000000,0.000000,0.000000,0.000000,0.000000,0.000000,0.000000,0.000000,0.000000,0.000000,0.000000,0.000000,0.000000,0,0,0,0,0,0.000000,0.000000,0.000000,0.000000,0.000000,0.000000,0.000000,0.000000,0,0,0,0,0
1299,3,5.303738,0.000810,0.000000,0.000041,0.867388,1.271857,1.268433,0.500804,0.999135,0.525801,0.410350,0.003550,0.000000,0.000064,0.000034,1.092807,0.000003,0.041036,0.000448,0.057702,0.000000,0.000000,0.000000,0,0,0.000000,0.000000,0.000000,0.000000,0.000000,0.000000,0.000000,0.000000,0.000000,0.000000,0.000000,0.000000,0.000000,0.000000,0,0,0,0,0,0.000000,0.000000,0.000000,0.000000,0.000000,0.000000,0.000000,0.000000,0,0,0,0,0
1300,3,6.027110,1.063504,1.062653,0.000041,0.598290,1.272590,1.269165,0.475864,1.011929,0.539558,0.424106,0.003550,0.000000,0.000064,0.000034,1.004951,0.000003,0.056325,0.000448,0.065416,0.000000,0.000000,0.000000,0,0,0.000000,0.000000,0.000000,0.000000,0.000000,0.000000,0.000000,0.000000,0.000000,0.000000,0.000000,0.000000,0.000000,0.000000,0,0,0,0,0,0.000000,0.000000,0.000000,0.000000,0.000000,0.000000,0.000000,0.000000,0,0,0,0,0
1301,3,5.113770,0.000810,0.000000,0.000041,0.698883,1.270850,1.267426,0.480577,1.016561,0.525808,0.387984,0.003550,0.000000,0.000064,0.000034,1.075144,0.000003,0.041036,0.000448,0.050479,0.000000,0.000000,0.000000,0,0,0.000000,0.000000,0.000000,0.000000,0.000000,0.000000,0.000000,0.000000,0.000000,0.000000,0.000000,0.000000,0.000000,0.000000,0,0,0,0,0,0.000000,0.000000,0.000000,0.000000,0.000000,0.000000,0.000000,0.000000,0,0,0,0,0
1302,3,5.957021,0.901062,0.900211,0.000041,0.698985,1.298910,1.295485,0.461212,1.007714,0.543908,0.428457,0.022736,0.000000,0.000064,0.000034,0.963108,0.000003,0.058838,0.000448,0.056396,0.000000,0.000000,0.000000,0,0,0.000000,0.000000,0.000000,0.000000,0.000000,0.000000,0.000000,0.000000,0.000000,0.000000,0.000000,0.000000,0.000000,0.000000,0,0,0,0,0,0.000000,0.000000,0.000000,0.000000,0.000000,0.000000,0.000000,0.000000,0,0,0,0,0
1303,3,5.112406,0.000810,0.000000,0.000041,0.751072,1.293077,1.289653,0.480082,1.015052,0.521823,0.406372,0.003550,0.000000,0.000064,0.000034,1.005354,0.000003,0.041036,0.000448,0.059804,0.000000,0.000000,0.000000,0,0,0.000000,0.000000,0.000000,0.000000,0.000000,0.000000,0.000000,0.000000,0.000000,0.000000,0.000000,0.000000,0.000000,0.000000,0,0,0,0,0,0.000000,0.000000,0.000000,0.000000,0.000000,0.000000,0.000000,0.000000,0,0,0,0,0
1304,3,6.383813,1.221324,1.220473,0.000041,0.806617,1.273380,1.269955,0.480330,1.006738,0.534760,0.403982,0.003550,0.000000,0.000064,0.000034,1.015530,0.000003,0.041036,0.000448,0.056569,0.000000,0.000000,0.000000,0,0,0.000000,0.000000,0.000000,0.000000,0.000000,0.000000,0.000000,0.000000,0.000000,0.000000,0.000000,0.000000,0.000000,0.000000,0,0,0,0,0,0.000000,0.000000,0.000000,0.000000,0.000000,0.000000,0.000000,0.000000,0,0,0,0,0
1305,3,5.285580,0.000810,0.000000,0.000041,0.768141,1.269467,1.266042,0.479529,1.032152,0.522959,0.407508,0.003550,0.000000,0.000064,0.000034,1.144935,0.000003,0.063487,0.000448,0.051548,0.000000,0.000000,0.000000,0,0,0.000000,0.000000,0.000000,0.000000,0.000000,0.000000,0.000000,0.000000,0.000000,0.000000,0.000000,0.000000,0.000000,0.000000,0,0,0,0,0,0.000000,0.000000,0.000000,0.000000,0.000000,0.000000,0.000000,0.000000,0,0,0,0,0
1306,3,5.933231,0.965146,0.964294,0.000041,0.564294,1.275085,1.271661,0.479797,1.032786,0.520559,0.405107,0.003550,0.000000,0.000064,0.000034,1.050429,0.000003,0.041036,0.000448,0.057634,0.000000,0.000000,0.000000,0,0,0.000000,0.000000,0.000000,0.000000,0.000000,0.000000,0.000000,0.000000,0.000000,0.000000,0.000000,0.000000,0.000000,0.000000,0,0,0,0,0,0.000000,0.000000,0.000000,0.000000,0.000000,0.000000,0.000000,0.000000,0,0,0,0,0
1307,3,5.342370,0.000810,0.000000,0.000041,0.749261,1.268738,1.265313,0.480635,1.031277,0.518039,0.402588,0.003550,0.000000,0.000064,0.000034,1.227882,0.000003,0.061629,0.000448,0.060652,0.000000,0.000000,0.000000,0,0,0.000000,0.000000,0.000000,0.000000,0.000000,0.000000,0.000000,0.000000,0.000000,0.000000,0.000000,0.000000,0.000000,0.000000,0,0,0,0,0,0.000000,0.000000,0.000000,0.000000,0.000000,0.000000,0.000000,0.000000,0,0,0,0,0
1308,3,6.226091,1.173872,1.173021,0.000041,0.703539,1.252892,1.249468,0.498338,1.012641,0.522637,0.407186,0.003550,0.000000,0.000064,0.000034,1.017036,0.000003,0.041036,0.000448,0.086277,0.000000,0.000000,0.000000,0,0,0.000000,0.000000,0.000000,0.000000,0.000000,0.000000,0.000000,0.000000,0.000000,0.000000,0.000000,0.000000,0.000000,0.000000,0,0,0,0,0,0.000000,0.000000,0.000000,0.000000,0.000000,0.000000,0.000000,0.000000,0,0,0,0,0
1309,3,5.405236,0.000810,0.000000,0.000041,0.874359,1.292552,1.289127,0.461212,1.012987,0.559523,0.428687,0.003550,0.000000,0.000064,0.000034,1.158657,0.000003,0.041036,0.000448,0.050310,0.000000,0.000000,0.000000,0,0,0.000000,0.000000,0.000000,0.000000,0.000000,0.000000,0.000000,0.000000,0.000000,0.000000,0.000000,0.000000,0.000000,0.000000,0,0,0,0,0,0.000000,0.000000,0.000000,0.000000,0.000000,0.000000,0.000000,0.000000,0,0,0,0,0
1310,3,6.236125,1.161235,1.160383,0.000041,0.678145,1.255256,1.251831,0.478906,1.028778,0.522139,0.406687,0.003550,0.000000,0.000064,0.000034,1.048255,0.000003,0.059313,0.000448,0.060957,0.000000,0.000000,0.000000,0,0,0.000000,0.000000,0.000000,0.000000,0.000000,0.000000,0.000000,0.000000,0.000000,0.000000,0.000000,0.000000,0.000000,0.000000,0,0,0,0,0,0.000000,0.000000,0.000000,0.000000,0.000000,0.000000,0.000000,0.000000,0,0,0,0,0
1311,3,5.287354,0.000810,0.000000,0.000041,0.895881,1.293176,1.289751,0.475179,1.005117,0.548258,0.432807,0.003550,0.000000,0.000064,0.000034,1.023797,0.000003,0.041036,0.000448,0.066891,0.000000,0.000000,0.000000,0,0,0.000000,0.000000,0.000000,0.000000,0.000000,0.000000,0.000000,0.000000,0.000000,0.000000,0.000000,0.000000,0.000000,0.000000,0,0,0,0,0,0.000000,0.000000,0.000000,0.000000,0.000000,0.000000,0.000000,0.000000,0,0,0,0,0
1312,3,5.827888,0.925625,0.924774,0.000041,0.523478,1.288357,1.284932,0.479892,1.025930,0.523332,0.387984,0.003550,0.000000,0.000064,0.000034,1.016137,0.000003,0.041036,0.000448,0.054684,0.000000,0.000000,0.000000,0,0,0.000000,0.000000,0.000000,0.000000,0.000000,0.000000,0.000000,0.000000,0.000000,0.000000,0.000000,0.000000,0.000000,0.000000,0,0,0,0,0,0.000000,0.000000,0.000000,0.000000,0.000000,0.000000,0.000000,0.000000,0,0,0,0,0
1313,3,5.426466,0.000810,0.000000,0.000041,0.731700,1.253140,1.249715,0.494069,1.012271,0.524875,0.409424,0.003550,0.000000,0.000064,0.000034,1.364465,0.000003,0.041036,0.000448,0.063161,0.000000,0.000000,0.000000,0,0,0.000000,0.000000,0.000000,0.000000,0.000000,0.000000,0.000000,0.000000,0.000000,0.000000,0.000000,0.000000,0.000000,0.000000,0,0,0,0,0,0.000000,0.000000,0.000000,0.000000,0.000000,0.000000,0.000000,0.000000,0,0,0,0,0
1314,3,5.923024,0.902357,0.901506,0.000041,0.657918,1.271749,1.268324,0.483585,1.031203,0.522736,0.387984,0.003550,0.000000,0.000064,0.000034,1.008341,0.000003,0.041036,0.000448,0.053294,0.000000,0.000000,0.000000,0,0,0.000000,0.000000,0.000000,0.000000,0.000000,0.000000,0.000000,0.000000,0.000000,0.000000,0.000000,0.000000,0.000000,0.000000,0,0,0,0,0,0.000000,0.000000,0.000000,0.000000,0.000000,0.000000,0.000000,0.000000,0,0,0,0,0
1315,3,5.108056,0.000810,0.000000,0.000041,0.721575,1.270338,1.266914,0.490350,0.978736,0.525489,0.410038,0.021908,0.000000,0.000064,0.000034,1.057265,0.000003,0.041036,0.000448,0.055464,0.000000,0.000000,0.000000,0,0,0.000000,0.000000,0.000000,0.000000,0.000000,0.000000,0.000000,0.000000,0.000000,0.000000,0.000000,0.000000,0.000000,0.000000,0,0,0,0,0,0.000000,0.000000,0.000000,0.000000,0.000000,0.000000,0.000000,0.000000,0,0,0,0,0
1316,3,5.985402,0.902347,0.901496,0.000041,0.638421,1.271952,1.268528,0.483585,1.014506,0.544735,0.429284,0.003550,0.000000,0.000064,0.000034,1.084720,0.000003,0.041036,0.000448,0.068743,0.000000,0.000000,0.000000,0,0,0.000000,0.000000,0.000000,0.000000,0.000000,0.000000,0.000000,0.000000,0.000000,0.000000,0.000000,0.000000,0.000000,0.000000,0,0,0,0,0,0.000000,0.000000,0.000000,0.000000,0.000000,0.000000,0.000000,0.000000,0,0,0,0,0
1317,3,5.250695,0.000810,0.000000,0.000041,0.878031,1.253415,1.249990,0.475583,1.033091,0.524685,0.409234,0.003550,0.000000,0.000064,0.000034,1.039944,0.000003,0.041036,0.000448,0.048258,0.000000,0.000000,0.000000,0,0,0.000000,0.000000,0.000000,0.000000,0.000000,0.000000,0.000000,0.000000,0.000000,0.000000,0.000000,0.000000,0.000000,0.000000,0,0,0,0,0,0.000000,0.000000,0.000000,0.000000,0.000000,0.000000,0.000000,0.000000,0,0,0,0,0
1318,3,6.049974,1.088325,1.087474,0.000041,0.605231,1.279836,1.276411,0.474857,1.013146,0.542243,0.406145,0.003550,0.000000,0.000064,0.000034,1.001200,0.000003,0.041036,0.000448,0.062381,0.000000,0.000000,0.000000,0,0,0.000000,0.000000,0.000000,0.000000,0.000000,0.000000,0.000000,0.000000,0.000000,0.000000,0.000000,0.000000,0.000000,0.000000,0,0,0,0,0,0.000000,0.000000,0.000000,0.000000,0.000000,0.000000,0.000000,0.000000,0,0,0,0,0
1319,3,5.283349,0.000810,0.000000,0.000041,0.856856,1.274862,1.271437,0.480733,1.025482,0.517100,0.401649,0.003550,0.000000,0.000064,0.000034,1.082370,0.000003,0.041036,0.000448,0.067535,0.000000,0.000000,0.000000,0,0,0.000000,0.000000,0.000000,0.000000,0.000000,0.000000,0.000000,0.000000,0.000000,0.000000,0.000000,0.000000,0.000000,0.000000,0,0,0,0,0,0.000000,0.000000,0.000000,0.000000,0.000000,0.000000,0.000000,0.000000,0,0,0,0,0
1320,3,6.015374,1.040022,1.039171,0.000041,0.581377,1.271569,1.268144,0.497250,1.002082,0.525801,0.410350,0.003550,0.000000,0.000064,0.000034,1.052138,0.000003,0.041036,0.000448,0.064094,0.000000,0.000000,0.000000,0,0,0.000000,0.000000,0.000000,0.000000,0.000000,0.000000,0.000000,0.000000,0.000000,0.000000,0.000000,0.000000,0.000000,0.000000,0,0,0,0,0,0.000000,0.000000,0.000000,0.000000,0.000000,0.000000,0.000000,0.000000,0,0,0,0,0
1321,3,5.490017,0.000810,0.000000,0.000041,0.688575,1.287313,1.283888,0.483585,1.035895,0.519772,0.404321,0.003550,0.000000,0.000064,0.000034,1.428931,0.000003,0.041036,0.000448,0.050242,0.000000,0.000000,0.000000,0,0,0.000000,0.000000,0.000000,0.000000,0.000000,0.000000,0.000000,0.000000,0.000000,0.000000,0.000000,0.000000,0.000000,0.000000,0,0,0,0,0,0.000000,0.000000,0.000000,0.000000,0.000000,0.000000,0.000000,0.000000,0,0,0,0,0
1322,3,5.982924,1.025831,1.024980,0.000041,0.605988,1.270779,1.267354,0.499627,1.008145,0.525709,0.410258,0.003550,0.000000,0.000064,0.000034,1.001709,0.000003,0.041036,0.000448,0.053446,0.000000,0.000000,0.000000,0,0,0.000000,0.000000,0.000000,0.000000,0.000000,0.000000,0.000000,0.000000,0.000000,0.000000,0.000000,0.000000,0.000000,0.000000,0,0,0,0,0,0.000000,0.000000,0.000000,0.000000,0.000000,0.000000,0.000000,0.000000,0,0,0,0,0
1323,3,5.185170,0.000810,0.000000,0.000041,0.650377,1.300296,1.296872,0.479635,1.008023,0.535478,0.420027,0.003550,0.000000,0.000064,0.000034,1.165415,0.000003,0.041036,0.000448,0.063416,0.000000,0.000000,0.000000,0,0,0.000000,0.000000,0.000000,0.000000,0.000000,0.000000,0.000000,0.000000,0.000000,0.000000,0.000000,0.000000,0.000000,0.000000,0,0,0,0,0,0.000000,0.000000,0.000000,0.000000,0.000000,0.000000,0.000000,0.000000,0,0,0,0,0
1324,3,5.964837,0.895779,0.894928,0.000041,0.660794,1.288266,1.284841,0.483578,1.029534,0.525174,0.387984,0.003550,0.000000,0.000064,0.000034,1.036577,0.000003,0.041036,0.000448,0.053718,0.000000,0.000000,0.000000,0,0,0.000000,0.000000,0.000000,0.000000,0.000000,0.000000,0.000000,0.000000,0.000000,0.000000,0.000000,0.000000,0.000000,0.000000,0,0,0,0,0,0.000000,0.000000,0.000000,0.000000,0.000000,0.000000,0.000000,0.000000,0,0,0,0,0
1325,3,5.342309,0.000810,0.000000,0.000041,0.822245,1.273960,1.270535,0.480869,1.011919,0.530646,0.387984,0.003550,0.000000,0.000064,0.000034,1.176724,0.000003,0.041036,0.000448,0.048716,0.000000,0.000000,0.000000,0,0,0.000000,0.000000,0.000000,0.000000,0.000000,0.000000,0.000000,0.000000,0.000000,0.000000,0.000000,0.000000,0.000000,0.000000,0,0,0,0,0,0.000000,0.000000,0.000000,0.000000,0.000000,0.000000,0.000000,0.000000,0,0,0,0,0
1326,3,5.708537,0.880649,0.879798,0.000041,0.480343,1.280436,1.277011,0.474877,1.024004,0.520565,0.405114,0.003550,0.000000,0.000064,0.000034,0.988861,0.000003,0.054701,0.000448,0.059804,0.000000,0.000000,0.000000,0,0,0.000000,0.000000,0.000000,0.000000,0.000000,0.000000,0.000000,0.000000,0.000000,0.000000,0.000000,0.000000,0.000000,0.000000,0,0,0,0,0,0.000000,0.000000,0.000000,0.000000,0.000000,0.000000,0.000000,0.000000,0,0,0,0,0
1327,3,5.508562,0.000810,0.000000,0.000041,0.841580,1.280314,1.276889,0.483585,1.003903,0.546536,0.410329,0.003550,0.000000,0.000064,0.000034,1.306698,0.000003,0.041036,0.000448,0.054938,0.000000,0.000000,0.000000,0,0,0.000000,0.000000,0.000000,0.000000,0.000000,0.000000,0.000000,0.000000,0.000000,0.000000,0.000000,0.000000,0.000000,0.000000,0,0,0,0,0,0.000000,0.000000,0.000000,0.000000,0.000000,0.000000,0.000000,0.000000,0,0,0,0,0
1328,3,5.888014,0.993856,0.990852,0.000041,0.546488,1.295285,1.291860,0.477370,1.027435,0.522383,0.406932,0.003550,0.000000,0.000064,0.000034,0.980062,0.000003,0.041036,0.000448,0.072656,0.000000,0.000000,0.000000,0,0,0.000000,0.000000,0.000000,0.000000,0.000000,0.000000,0.000000,0.000000,0.000000,0.000000,0.000000,0.000000,0.000000,0.000000,0,0,0,0,0,0.000000,0.000000,0.000000,0.000000,0.000000,0.000000,0.000000,0.000000,0,0,0,0,0
1329,3,5.220178,0.000810,0.000000,0.000041,0.822791,1.277717,1.274292,0.493371,1.009599,0.523065,0.407613,0.003550,0.000000,0.000064,0.000034,1.047689,0.000003,0.041036,0.000448,0.064857,0.000000,0.000000,0.000000,0,0,0.000000,0.000000,0.000000,0.000000,0.000000,0.000000,0.000000,0.000000,0.000000,0.000000,0.000000,0.000000,0.000000,0.000000,0,0,0,0,0,0.000000,0.000000,0.000000,0.000000,0.000000,0.000000,0.000000,0.000000,0,0,0,0,0
1330,3,5.978736,0.947456,0.946604,0.000041,0.666996,1.276764,1.273339,0.480055,1.010301,0.535414,0.406318,0.003550,0.000000,0.000064,0.000034,1.016615,0.000003,0.041036,0.000448,0.057990,0.000000,0.000000,0.000000,0,0,0.000000,0.000000,0.000000,0.000000,0.000000,0.000000,0.000000,0.000000,0.000000,0.000000,0.000000,0.000000,0.000000,0.000000,0,0,0,0,0,0.000000,0.000000,0.000000,0.000000,0.000000,0.000000,0.000000,0.000000,0,0,0,0,0
1331,3,5.490855,0.000810,0.000000,0.000041,0.992279,1.257473,1.254049,0.500214,1.015082,0.518806,0.403354,0.003550,0.000000,0.000064,0.000034,1.161055,0.000003,0.041036,0.000448,0.066477,0.000000,0.000000,0.000000,0,0,0.000000,0.000000,0.000000,0.000000,0.000000,0.000000,0.000000,0.000000,0.000000,0.000000,0.000000,0.000000,0.000000,0.000000,0,0,0,0,0,0.000000,0.000000,0.000000,0.000000,0.000000,0.000000,0.000000,0.000000,0,0,0,0,0
1332,3,5.911431,0.898929,0.898078,0.000041,0.620985,1.274495,1.271071,0.479540,1.010576,0.537323,0.421872,0.003550,0.000000,0.000064,0.000034,1.044447,0.000003,0.041036,0.000448,0.060042,0.000000,0.000000,0.000000,0,0,0.000000,0.000000,0.000000,0.000000,0.000000,0.000000,0.000000,0.000000,0.000000,0.000000,0.000000,0.000000,0.000000,0.000000,0,0,0,0,0,0.000000,0.000000,0.000000,0.000000,0.000000,0.000000,0.000000,0.000000,0,0,0,0,0
1333,3,5.247955,0.000810,0.000000,0.000041,0.792657,1.264893,1.261468,0.481805,1.026822,0.521986,0.406535,0.003550,0.000000,0.000064,0.000034,1.113848,0.000003,0.041036,0.000448,0.051005,0.000000,0.000000,0.000000,0,0,0.000000,0.000000,0.000000,0.000000,0.000000,0.000000,0.000000,0.000000,0.000000,0.000000,0.000000,0.000000,0.000000,0.000000,0,0,0,0,0,0.000000,0.000000,0.000000,0.000000,0.000000,0.000000,0.000000,0.000000,0,0,0,0,0
1334,3,6.115957,1.105645,1.104794,0.000041,0.627523,1.296027,1.292603,0.480313,1.005924,0.535014,0.419562,0.003550,0.000000,0.000064,0.000034,1.020376,0.000003,0.041036,0.000448,0.060381,0.000000,0.000000,0.000000,0,0,0.000000,0.000000,0.000000,0.000000,0.000000,0.000000,0.000000,0.000000,0.000000,0.000000,0.000000,0.000000,0.000000,0.000000,0,0,0,0,0,0.000000,0.000000,0.000000,0.000000,0.000000,0.000000,0.000000,0.000000,0,0,0,0,0
1335,3,5.384762,0.000810,0.000000,0.000041,0.952169,1.276320,1.272895,0.474887,1.014506,0.525767,0.410316,0.003550,0.000000,0.000064,0.000034,1.095167,0.000003,0.041036,0.000448,0.082570,0.000000,0.000000,0.000000,0,0,0.000000,0.000000,0.000000,0.000000,0.000000,0.000000,0.000000,0.000000,0.000000,0.000000,0.000000,0.000000,0.000000,0.000000,0,0,0,0,0,0.000000,0.000000,0.000000,0.000000,0.000000,0.000000,0.000000,0.000000,0,0,0,0,0
1336,3,6.074100,1.100430,1.099579,0.000041,0.608724,1.271301,1.267877,0.504496,1.002028,0.521698,0.406247,0.003550,0.000000,0.000064,0.000034,1.020287,0.000003,0.041036,0.000448,0.055362,0.000000,0.000000,0.000000,0,0,0.000000,0.000000,0.000000,0.000000,0.000000,0.000000,0.000000,0.000000,0.000000,0.000000,0.000000,0.000000,0.000000,0.000000,0,0,0,0,0,0.000000,0.000000,0.000000,0.000000,0.000000,0.000000,0.000000,0.000000,0,0,0,0,0
1337,3,5.509213,0.000810,0.000000,0.000041,0.885688,1.270721,1.267297,0.483585,1.011631,0.523994,0.408542,0.003550,0.000000,0.000064,0.000034,1.287649,0.000003,0.041036,0.000448,0.045885,0.000000,0.000000,0.000000,0,0,0.000000,0.000000,0.000000,0.000000,0.000000,0.000000,0.000000,0.000000,0.000000,0.000000,0.000000,0.000000,0.000000,0.000000,0,0,0,0,0,0.000000,0.000000,0.000000,0.000000,0.000000,0.000000,0.000000,0.000000,0,0,0,0,0
1338,3,5.839793,0.911228,0.910377,0.000041,0.526333,1.262526,1.259101,0.476586,1.030280,0.525767,0.410316,0.003550,0.000000,0.000064,0.000034,1.042748,0.000003,0.060225,0.000448,0.058804,0.000000,0.000000,0.000000,0,0,0.000000,0.000000,0.000000,0.000000,0.000000,0.000000,0.000000,0.000000,0.000000,0.000000,0.000000,0.000000,0.000000,0.000000,0,0,0,0,0,0.000000,0.000000,0.000000,0.000000,0.000000,0.000000,0.000000,0.000000,0,0,0,0,0
1339,3,5.206831,0.000810,0.000000,0.000041,0.843102,1.262556,1.259132,0.483585,1.026035,0.525560,0.387943,0.003550,0.000000,0.000064,0.000034,1.020047,0.000003,0.041036,0.000448,0.064111,0.000000,0.000000,0.000000,0,0,0.000000,0.000000,0.000000,0.000000,0.000000,0.000000,0.000000,0.000000,0.000000,0.000000,0.000000,0.000000,0.000000,0.000000,0,0,0,0,0,0.000000,0.000000,0.000000,0.000000,0.000000,0.000000,0.000000,0.000000,0,0,0,0,0
1340,3,5.901835,0.890235,0.889384,0.000041,0.665856,1.289069,1.285645,0.480679,1.007253,0.522271,0.387943,0.003550,0.000000,0.000064,0.000034,1.001336,0.000003,0.041036,0.000448,0.048665,0.000000,0.000000,0.000000,0,0,0.000000,0.000000,0.000000,0.000000,0.000000,0.000000,0.000000,0.000000,0.000000,0.000000,0.000000,0.000000,0.000000,0.000000,0,0,0,0,0,0.000000,0.000000,0.000000,0.000000,0.000000,0.000000,0.000000,0.000000,0,0,0,0,0
1341,3,5.327898,0.000810,0.000000,0.000041,0.843119,1.272993,1.269569,0.475613,1.012675,0.536994,0.407806,0.003550,0.000000,0.000064,0.000034,1.140557,0.000003,0.041036,0.000448,0.054396,0.000000,0.000000,0.000000,0,0,0.000000,0.000000,0.000000,0.000000,0.000000,0.000000,0.000000,0.000000,0.000000,0.000000,0.000000,0.000000,0.000000,0.000000,0,0,0,0,0,0.000000,0.000000,0.000000,0.000000,0.000000,0.000000,0.000000,0.000000,0,0,0,0,0
1342,3,5.829441,0.897305,0.896454,0.000041,0.587196,1.290602,1.287177,0.476485,1.018239,0.522264,0.406813,0.003550,0.000000,0.000064,0.000034,0.992215,0.000003,0.041036,0.000448,0.055244,0.000000,0.000000,0.000000,0,0,0.000000,0.000000,0.000000,0.000000,0.000000,0.000000,0.000000,0.000000,0.000000,0.000000,0.000000,0.000000,0.000000,0.000000,0,0,0,0,0,0.000000,0.000000,0.000000,0.000000,0.000000,0.000000,0.000000,0.000000,0,0,0,0,0
1343,3,5.227536,0.000810,0.000000,0.000041,0.832394,1.293206,1.289781,0.480886,0.976746,0.558377,0.425791,0.003550,0.000000,0.000064,0.000034,1.039981,0.000003,0.041036,0.000448,0.057244,0.000000,0.000000,0.000000,0,0,0.000000,0.000000,0.000000,0.000000,0.000000,0.000000,0.000000,0.000000,0.000000,0.000000,0.000000,0.000000,0.000000,0.000000,0,0,0,0,0,0.000000,0.000000,0.000000,0.000000,0.000000,0.000000,0.000000,0.000000,0,0,0,0,0
1344,3,5.976596,1.075690,1.074839,0.000041,0.567044,1.266473,1.263048,0.479577,1.028832,0.520481,0.387943,0.003550,0.000000,0.000064,0.000034,0.993364,0.000003,0.041036,0.000448,0.062890,0.000000,0.000000,0.000000,0,0,0.000000,0.000000,0.000000,0.000000,0.000000,0.000000,0.000000,0.000000,0.000000,0.000000,0.000000,0.000000,0.000000,0.000000,0,0,0,0,0,0.000000,0.000000,0.000000,0.000000,0.000000,0.000000,0.000000,0.000000,0,0,0,0,0
1345,3,5.470737,0.000810,0.000000,0.000041,0.856232,1.270640,1.267215,0.497321,1.016561,0.521925,0.387943,0.003550,0.000000,0.000064,0.000034,1.262112,0.000003,0.041036,0.000448,0.060093,0.000000,0.000000,0.000000,0,0,0.000000,0.000000,0.000000,0.000000,0.000000,0.000000,0.000000,0.000000,0.000000,0.000000,0.000000,0.000000,0.000000,0.000000,0,0,0,0,0,0.000000,0.000000,0.000000,0.000000,0.000000,0.000000,0.000000,0.000000,0,0,0,0,0
1346,3,5.968357,0.994571,0.993720,0.000041,0.630280,1.274584,1.271159,0.474877,1.006877,0.548218,0.410316,0.003550,0.000000,0.000064,0.000034,0.993815,0.000003,0.041036,0.000448,0.055244,0.000000,0.000000,0.000000,0,0,0.000000,0.000000,0.000000,0.000000,0.000000,0.000000,0.000000,0.000000,0.000000,0.000000,0.000000,0.000000,0.000000,0.000000,0,0,0,0,0,0.000000,0.000000,0.000000,0.000000,0.000000,0.000000,0.000000,0.000000,0,0,0,0,0
1347,3,5.205892,0.000810,0.000000,0.000041,0.843011,1.274631,1.271206,0.489577,0.995304,0.524970,0.409519,0.003550,0.000000,0.000064,0.000034,1.032454,0.000003,0.041036,0.000448,0.048716,0.000000,0.000000,0.000000,0,0,0.000000,0.000000,0.000000,0.000000,0.000000,0.000000,0.000000,0.000000,0.000000,0.000000,0.000000,0.000000,0.000000,0.000000,0,0,0,0,0,0.000000,0.000000,0.000000,0.000000,0.000000,0.000000,0.000000,0.000000,0,0,0,0,0
1348,3,5.893734,0.892490,0.891639,0.000041,0.606374,1.267131,1.263706,0.476620,1.017303,0.537794,0.422343,0.003550,0.000000,0.000064,0.000034,1.050886,0.000003,0.041036,0.000448,0.056685,0.000000,0.000000,0.000000,0,0,0.000000,0.000000,0.000000,0.000000,0.000000,0.000000,0.000000,0.000000,0.000000,0.000000,0.000000,0.000000,0.000000,0.000000,0,0,0,0,0,0.000000,0.000000,0.000000,0.000000,0.000000,0.000000,0.000000,0.000000,0,0,0,0,0
1349,3,5.396996,0.000810,0.000000,0.000041,0.880188,1.250322,1.246897,0.478326,1.022603,0.523973,0.408522,0.003550,0.000000,0.000064,0.000034,1.195638,0.000003,0.041036,0.000448,0.083801,0.000000,0.000000,0.000000,0,0,0.000000,0.000000,0.000000,0.000000,0.000000,0.000000,0.000000,0.000000,0.000000,0.000000,0.000000,0.000000,0.000000,0.000000,0,0,0,0,0,0.000000,0.000000,0.000000,0.000000,0.000000,0.000000,0.000000,0.000000,0,0,0,0,0
1350,3,6.073032,1.077182,1.076331,0.000041,0.635447,1.291022,1.287598,0.481272,1.008491,0.545417,0.410394,0.003550,0.000000,0.000064,0.000034,0.989065,0.000003,0.041036,0.000448,0.052955,0.000000,0.000000,0.000000,0,0,0.000000,0.000000,0.000000,0.000000,0.000000,0.000000,0.000000,0.000000,0.000000,0.000000,0.000000,0.000000,0.000000,0.000000,0,0,0,0,0,0.000000,0.000000,0.000000,0.000000,0.000000,0.000000,0.000000,0.000000,0,0,0,0,0
1351,3,5.187151,0.000810,0.000000,0.000041,0.686215,1.287221,1.283797,0.480442,1.013245,0.525611,0.387943,0.003550,0.000000,0.000064,0.000034,1.148471,0.000003,0.041036,0.000448,0.055600,0.000000,0.000000,0.000000,0,0,0.000000,0.000000,0.000000,0.000000,0.000000,0.000000,0.000000,0.000000,0.000000,0.000000,0.000000,0.000000,0.000000,0.000000,0,0,0,0,0,0.000000,0.000000,0.000000,0.000000,0.000000,0.000000,0.000000,0.000000,0,0,0,0,0
1352,3,6.256931,1.278907,1.278056,0.000041,0.626078,1.254049,1.250624,0.503174,1.011631,0.517039,0.387943,0.003550,0.000000,0.000064,0.000034,1.020918,0.000003,0.041036,0.000448,0.061415,0.000000,0.000000,0.000000,0,0,0.000000,0.000000,0.000000,0.000000,0.000000,0.000000,0.000000,0.000000,0.000000,0.000000,0.000000,0.000000,0.000000,0.000000,0,0,0,0,0,0.000000,0.000000,0.000000,0.000000,0.000000,0.000000,0.000000,0.000000,0,0,0,0,0
1353,3,5.090712,0.000810,0.000000,0.000041,0.770203,1.272919,1.269494,0.479875,1.032274,0.517975,0.402523,0.003550,0.000000,0.000064,0.000034,0.971520,0.000003,0.041036,0.000448,0.062415,0.000000,0.000000,0.000000,0,0,0.000000,0.000000,0.000000,0.000000,0.000000,0.000000,0.000000,0.000000,0.000000,0.000000,0.000000,0.000000,0.000000,0.000000,0,0,0,0,0,0.000000,0.000000,0.000000,0.000000,0.000000,0.000000,0.000000,0.000000,0,0,0,0,0
1354,3,5.891629,0.942162,0.941311,0.000041,0.566725,1.274197,1.270772,0.461212,1.050045,0.518785,0.403334,0.003550,0.000000,0.000064,0.000034,1.033366,0.000003,0.041036,0.000448,0.058736,0.000000,0.000000,0.000000,0,0,0.000000,0.000000,0.000000,0.000000,0.000000,0.000000,0.000000,0.000000,0.000000,0.000000,0.000000,0.000000,0.000000,0.000000,0,0,0,0,0,0.000000,0.000000,0.000000,0.000000,0.000000,0.000000,0.000000,0.000000,0,0,0,0,0
1355,3,5.173943,0.000810,0.000000,0.000041,0.728529,1.278008,1.274584,0.482819,1.009833,0.546919,0.431468,0.003550,0.000000,0.000064,0.000034,1.081889,0.000003,0.041036,0.000448,0.117893,0.000000,0.000000,0.000000,0,0,0.000000,0.000000,0.000000,0.000000,0.000000,0.000000,0.000000,0.000000,0.000000,0.000000,0.000000,0.000000,0.000000,0.000000,0,0,0,0,0,0.000000,0.000000,0.000000,0.000000,0.000000,0.000000,0.000000,0.000000,0,0,0,0,0
1356,3,5.872793,0.902523,0.901672,0.000041,0.546224,1.295020,1.291595,0.479652,1.014855,0.522254,0.406803,0.003550,0.000000,0.000064,0.000034,1.067128,0.000003,0.041036,0.000448,0.058753,0.000000,0.000000,0.000000,0,0,0.000000,0.000000,0.000000,0.000000,0.000000,0.000000,0.000000,0.000000,0.000000,0.000000,0.000000,0.000000,0.000000,0.000000,0,0,0,0,0,0.000000,0.000000,0.000000,0.000000,0.000000,0.000000,0.000000,0.000000,0,0,0,0,0
1357,3,5.281623,0.000810,0.000000,0.000041,0.832696,1.275187,1.271762,0.475477,1.014872,0.535929,0.420478,0.003550,0.000000,0.000064,0.000034,1.101515,0.000003,0.041036,0.000448,0.111159,0.000000,0.000000,0.000000,0,0,0.000000,0.000000,0.000000,0.000000,0.000000,0.000000,0.000000,0.000000,0.000000,0.000000,0.000000,0.000000,0.000000,0.000000,0,0,0,0,0,0.000000,0.000000,0.000000,0.000000,0.000000,0.000000,0.000000,0.000000,0,0,0,0,0
1358,3,6.211741,1.190854,1.190002,0.000041,0.605245,1.261071,1.257646,0.483585,1.018060,0.518351,0.402900,0.003550,0.000000,0.000064,0.000034,1.089440,0.000003,0.041036,0.000448,0.054582,0.000000,0.000000,0.000000,0,0,0.000000,0.000000,0.000000,0.000000,0.000000,0.000000,0.000000,0.000000,0.000000,0.000000,0.000000,0.000000,0.000000,0.000000,0,0,0,0,0,0.000000,0.000000,0.000000,0.000000,0.000000,0.000000,0.000000,0.000000,0,0,0,0,0
1359,3,5.185832,0.000810,0.000000,0.000041,0.800836,1.253069,1.249644,0.502469,1.009718,0.517042,0.401591,0.003550,0.000000,0.000064,0.000034,1.037282,0.000003,0.060506,0.000448,0.098612,0.000000,0.000000,0.000000,0,0,0.000000,0.000000,0.000000,0.000000,0.000000,0.000000,0.000000,0.000000,0.000000,0.000000,0.000000,0.000000,0.000000,0.000000,0,0,0,0,0,0.000000,0.000000,0.000000,0.000000,0.000000,0.000000,0.000000,0.000000,0,0,0,0,0
1360,3,6.041914,1.167664,1.166812,0.000041,0.535807,1.268280,1.264855,0.480259,1.028497,0.525767,0.410316,0.003550,0.000000,0.000064,0.000034,0.990506,0.000003,0.041036,0.000448,0.053548,0.000000,0.000000,0.000000,0,0,0.000000,0.000000,0.000000,0.000000,0.000000,0.000000,0.000000,0.000000,0.000000,0.000000,0.000000,0.000000,0.000000,0.000000,0,0,0,0,0,0.000000,0.000000,0.000000,0.000000,0.000000,0.000000,0.000000,0.000000,0,0,0,0,0
1361,3,5.374142,0.000810,0.000000,0.000041,0.857435,1.269453,1.266029,0.496572,1.011997,0.522766,0.407315,0.003550,0.000000,0.000064,0.000034,1.169973,0.000003,0.041036,0.000448,0.053718,0.000000,0.000000,0.000000,0,0,0.000000,0.000000,0.000000,0.000000,0.000000,0.000000,0.000000,0.000000,0.000000,0.000000,0.000000,0.000000,0.000000,0.000000,0,0,0,0,0,0.000000,0.000000,0.000000,0.000000,0.000000,0.000000,0.000000,0.000000,0,0,0,0,0
1362,3,5.989678,0.956173,0.955322,0.000041,0.621819,1.265866,1.262441,0.479750,1.007395,0.547363,0.409461,0.003550,0.000000,0.000064,0.000034,1.066176,0.000003,0.041036,0.000448,0.082672,0.000000,0.000000,0.000000,0,0,0.000000,0.000000,0.000000,0.000000,0.000000,0.000000,0.000000,0.000000,0.000000,0.000000,0.000000,0.000000,0.000000,0.000000,0,0,0,0,0,0.000000,0.000000,0.000000,0.000000,0.000000,0.000000,0.000000,0.000000,0,0,0,0,0
1363,3,5.304101,0.000810,0.000000,0.000041,0.865089,1.267446,1.264021,0.505951,1.014686,0.522200,0.406748,0.003550,0.000000,0.000064,0.000034,1.082784,0.000003,0.041036,0.000448,0.057329,0.000000,0.000000,0.000000,0,0,0.000000,0.000000,0.000000,0.000000,0.000000,0.000000,0.000000,0.000000,0.000000,0.000000,0.000000,0.000000,0.000000,0.000000,0,0,0,0,0,0.000000,0.000000,0.000000,0.000000,0.000000,0.000000,0.000000,0.000000,0,0,0,0,0
1364,3,5.957041,0.952901,0.952050,0.000041,0.671210,1.277941,1.274516,0.475189,1.012241,0.548211,0.432760,0.003550,0.000000,0.000064,0.000034,0.974213,0.000003,0.041036,0.000448,0.067959,0.000000,0.000000,0.000000,0,0,0.000000,0.000000,0.000000,0.000000,0.000000,0.000000,0.000000,0.000000,0.000000,0.000000,0.000000,0.000000,0.000000,0.000000,0,0,0,0,0,0.000000,0.000000,0.000000,0.000000,0.000000,0.000000,0.000000,0.000000,0,0,0,0,0
1365,3,5.166660,0.000810,0.000000,0.000041,0.721568,1.295563,1.292138,0.479960,1.019931,0.525143,0.387943,0.003550,0.000000,0.000064,0.000034,1.078549,0.000003,0.041036,0.000448,0.052412,0.000000,0.000000,0.000000,0,0,0.000000,0.000000,0.000000,0.000000,0.000000,0.000000,0.000000,0.000000,0.000000,0.000000,0.000000,0.000000,0.000000,0.000000,0,0,0,0,0,0.000000,0.000000,0.000000,0.000000,0.000000,0.000000,0.000000,0.000000,0,0,0,0,0
1366,3,5.670746,0.880707,0.879856,0.000041,0.456696,1.251143,1.247718,0.496192,1.011454,0.522074,0.406623,0.003550,0.000000,0.000064,0.000034,1.007345,0.000003,0.041036,0.000448,0.071587,0.000000,0.000000,0.000000,0,0,0.000000,0.000000,0.000000,0.000000,0.000000,0.000000,0.000000,0.000000,0.000000,0.000000,0.000000,0.000000,0.000000,0.000000,0,0,0,0,0,0.000000,0.000000,0.000000,0.000000,0.000000,0.000000,0.000000,0.000000,0,0,0,0,0
1367,3,5.228180,0.000810,0.000000,0.000041,0.812052,1.263865,1.260440,0.481157,1.023193,0.522868,0.407416,0.003550,0.000000,0.000064,0.000034,1.079098,0.000003,0.041036,0.000448,0.057448,0.000000,0.000000,0.000000,0,0,0.000000,0.000000,0.000000,0.000000,0.000000,0.000000,0.000000,0.000000,0.000000,0.000000,0.000000,0.000000,0.000000,0.000000,0,0,0,0,0,0.000000,0.000000,0.000000,0.000000,0.000000,0.000000,0.000000,0.000000,0,0,0,0,0
1368,3,6.185900,1.154270,1.153419,0.000041,0.671204,1.243520,1.240095,0.506029,1.008535,0.525760,0.410309,0.003550,0.000000,0.000064,0.000034,1.031447,0.000003,0.041036,0.000448,0.059872,0.000000,0.000000,0.000000,0,0,0.000000,0.000000,0.000000,0.000000,0.000000,0.000000,0.000000,0.000000,0.000000,0.000000,0.000000,0.000000,0.000000,0.000000,0,0,0,0,0,0.000000,0.000000,0.000000,0.000000,0.000000,0.000000,0.000000,0.000000,0,0,0,0,0
1369,3,5.037920,0.000810,0.000000,0.000041,0.672499,1.300398,1.296973,0.476566,1.030596,0.522305,0.406854,0.003550,0.000000,0.000064,0.000034,0.989610,0.000003,0.041036,0.000448,0.054413,0.000000,0.000000,0.000000,0,0,0.000000,0.000000,0.000000,0.000000,0.000000,0.000000,0.000000,0.000000,0.000000,0.000000,0.000000,0.000000,0.000000,0.000000,0,0,0,0,0,0.000000,0.000000,0.000000,0.000000,0.000000,0.000000,0.000000,0.000000,0,0,0,0,0
1370,3,6.446984,1.418359,1.417508,0.000041,0.657861,1.271884,1.268460,0.503181,1.009315,0.524146,0.387943,0.003550,0.000000,0.000064,0.000034,1.017103,0.000003,0.041036,0.000448,0.052260,0.000000,0.000000,0.000000,0,0,0.000000,0.000000,0.000000,0.000000,0.000000,0.000000,0.000000,0.000000,0.000000,0.000000,0.000000,0.000000,0.000000,0.000000,0,0,0,0,0,0.000000,0.000000,0.000000,0.000000,0.000000,0.000000,0.000000,0.000000,0,0,0,0,0
1371,3,5.076599,0.000810,0.000000,0.000041,0.725684,1.264615,1.261190,0.476620,1.018890,0.541253,0.425802,0.003550,0.000000,0.000064,0.000034,1.003591,0.000003,0.041036,0.000448,0.054345,0.000000,0.000000,0.000000,0,0,0.000000,0.000000,0.000000,0.000000,0.000000,0.000000,0.000000,0.000000,0.000000,0.000000,0.000000,0.000000,0.000000,0.000000,0,0,0,0,0,0.000000,0.000000,0.000000,0.000000,0.000000,0.000000,0.000000,0.000000,0,0,0,0,0
1372,3,6.333683,1.223599,1.222748,0.000041,0.692047,1.278500,1.275075,0.461212,1.016269,0.525441,0.409990,0.003550,0.000000,0.000064,0.000034,1.091478,0.000003,0.041036,0.000448,0.057838,0.000000,0.000000,0.000000,0,0,0.000000,0.000000,0.000000,0.000000,0.000000,0.000000,0.000000,0.000000,0.000000,0.000000,0.000000,0.000000,0.000000,0.000000,0,0,0,0,0,0.000000,0.000000,0.000000,0.000000,0.000000,0.000000,0.000000,0.000000,0,0,0,0,0
1373,3,5.236016,0.000810,0.000000,0.000041,0.762651,1.266666,1.263241,0.475925,1.011451,0.538405,0.403422,0.003550,0.000000,0.000064,0.000034,1.134972,0.000003,0.041036,0.000448,0.055396,0.000000,0.000000,0.000000,0,0,0.000000,0.000000,0.000000,0.000000,0.000000,0.000000,0.000000,0.000000,0.000000,0.000000,0.000000,0.000000,0.000000,0.000000,0,0,0,0,0,0.000000,0.000000,0.000000,0.000000,0.000000,0.000000,0.000000,0.000000,0,0,0,0,0
1374,3,5.979390,1.014279,1.013428,0.000041,0.583750,1.274597,1.271172,0.479770,1.030375,0.523197,0.407745,0.003550,0.000000,0.000064,0.000034,1.028286,0.000003,0.041036,0.000448,0.052853,0.000000,0.000000,0.000000,0,0,0.000000,0.000000,0.000000,0.000000,0.000000,0.000000,0.000000,0.000000,0.000000,0.000000,0.000000,0.000000,0.000000,0.000000,0,0,0,0,0,0.000000,0.000000,0.000000,0.000000,0.000000,0.000000,0.000000,0.000000,0,0,0,0,0
1375,3,5.438897,0.000810,0.000000,0.000041,0.950070,1.285055,1.281630,0.483585,1.010027,0.542925,0.427473,0.003550,0.000000,0.000064,0.000034,1.121290,0.000003,0.041036,0.000448,0.067722,0.000000,0.000000,0.000000,0,0,0.000000,0.000000,0.000000,0.000000,0.000000,0.000000,0.000000,0.000000,0.000000,0.000000,0.000000,0.000000,0.000000,0.000000,0,0,0,0,0,0.000000,0.000000,0.000000,0.000000,0.000000,0.000000,0.000000,0.000000,0,0,0,0,0
1376,3,5.926385,0.935140,0.934289,0.000041,0.525374,1.284244,1.280819,0.483585,1.001946,0.544952,0.407050,0.003550,0.000000,0.000064,0.000034,1.106008,0.000003,0.041036,0.000448,0.058617,0.000000,0.000000,0.000000,0,0,0.000000,0.000000,0.000000,0.000000,0.000000,0.000000,0.000000,0.000000,0.000000,0.000000,0.000000,0.000000,0.000000,0.000000,0,0,0,0,0,0.000000,0.000000,0.000000,0.000000,0.000000,0.000000,0.000000,0.000000,0,0,0,0,0
1377,3,5.079946,0.000810,0.000000,0.000041,0.676544,1.254184,1.250760,0.480130,1.027798,0.518650,0.387943,0.003550,0.000000,0.000064,0.000034,1.056953,0.000003,0.060777,0.000448,0.061211,0.000000,0.000000,0.000000,0,0,0.000000,0.000000,0.000000,0.000000,0.000000,0.000000,0.000000,0.000000,0.000000,0.000000,0.000000,0.000000,0.000000,0.000000,0,0,0,0,0,0.000000,0.000000,0.000000,0.000000,0.000000,0.000000,0.000000,0.000000,0,0,0,0,0
1378,3,5.858541,0.933567,0.932716,0.000041,0.575612,1.276201,1.272776,0.481781,1.009633,0.536109,0.420658,0.003550,0.000000,0.000064,0.000034,1.000502,0.000003,0.041036,0.000448,0.050446,0.000000,0.000000,0.000000,0,0,0.000000,0.000000,0.000000,0.000000,0.000000,0.000000,0.000000,0.000000,0.000000,0.000000,0.000000,0.000000,0.000000,0.000000,0,0,0,0,0,0.000000,0.000000,0.000000,0.000000,0.000000,0.000000,0.000000,0.000000,0,0,0,0,0
1379,3,5.417419,0.000810,0.000000,0.000041,0.775438,1.274811,1.271386,0.475260,1.040941,0.517056,0.387943,0.003550,0.000000,0.000064,0.000034,1.287967,0.000003,0.041036,0.000448,0.053446,0.000000,0.000000,0.000000,0,0,0.000000,0.000000,0.000000,0.000000,0.000000,0.000000,0.000000,0.000000,0.000000,0.000000,0.000000,0.000000,0.000000,0.000000,0,0,0,0,0,0.000000,0.000000,0.000000,0.000000,0.000000,0.000000,0.000000,0.000000,0,0,0,0,0
1380,3,5.927104,0.921611,0.920759,0.000041,0.619141,1.254089,1.250665,0.494514,1.011410,0.541901,0.426449,0.003550,0.000000,0.000064,0.000034,1.039303,0.000003,0.041036,0.000448,0.068149,0.000000,0.000000,0.000000,0,0,0.000000,0.000000,0.000000,0.000000,0.000000,0.000000,0.000000,0.000000,0.000000,0.000000,0.000000,0.000000,0.000000,0.000000,0,0,0,0,0,0.000000,0.000000,0.000000,0.000000,0.000000,0.000000,0.000000,0.000000,0,0,0,0,0
1381,3,5.266758,0.000810,0.000000,0.000041,0.817891,1.296048,1.292623,0.475627,1.033641,0.522366,0.406915,0.003550,0.000000,0.000064,0.000034,1.075239,0.000003,0.041036,0.000448,0.059058,0.000000,0.000000,0.000000,0,0,0.000000,0.000000,0.000000,0.000000,0.000000,0.000000,0.000000,0.000000,0.000000,0.000000,0.000000,0.000000,0.000000,0.000000,0,0,0,0,0,0.000000,0.000000,0.000000,0.000000,0.000000,0.000000,0.000000,0.000000,0,0,0,0,0
1382,3,5.999814,0.980638,0.979787,0.000041,0.636495,1.269999,1.266574,0.502523,1.008562,0.524011,0.408559,0.003550,0.000000,0.000064,0.000034,1.032450,0.000003,0.041036,0.000448,0.051531,0.000000,0.000000,0.000000,0,0,0.000000,0.000000,0.000000,0.000000,0.000000,0.000000,0.000000,0.000000,0.000000,0.000000,0.000000,0.000000,0.000000,0.000000,0,0,0,0,0,0.000000,0.000000,0.000000,0.000000,0.000000,0.000000,0.000000,0.000000,0,0,0,0,0
1383,3,4.969031,0.000810,0.000000,0.000041,0.558261,1.286106,1.282681,0.480130,0.986647,0.542558,0.409993,0.003550,0.000000,0.000064,0.000034,1.069383,0.000003,0.041036,0.000448,0.062924,0.000000,0.000000,0.000000,0,0,0.000000,0.000000,0.000000,0.000000,0.000000,0.000000,0.000000,0.000000,0.000000,0.000000,0.000000,0.000000,0.000000,0.000000,0,0,0,0,0,0.000000,0.000000,0.000000,0.000000,0.000000,0.000000,0.000000,0.000000,0,0,0,0,0
1384,3,6.445435,1.235864,1.235012,0.000041,0.742483,1.249122,1.245697,0.501984,1.013146,0.523831,0.387943,0.003550,0.000000,0.000064,0.000034,1.133870,0.000003,0.041036,0.000448,0.062500,0.000000,0.000000,0.000000,0,0,0.000000,0.000000,0.000000,0.000000,0.000000,0.000000,0.000000,0.000000,0.000000,0.000000,0.000000,0.000000,0.000000,0.000000,0,0,0,0,0,0.000000,0.000000,0.000000,0.000000,0.000000,0.000000,0.000000,0.000000,0,0,0,0,0
1385,3,5.194038,0.000810,0.000000,0.000041,0.819431,1.259956,1.256531,0.483585,1.035719,0.516961,0.401510,0.003550,0.000000,0.000064,0.000034,1.032440,0.000003,0.041036,0.000448,0.070825,0.000000,0.000000,0.000000,0,0,0.000000,0.000000,0.000000,0.000000,0.000000,0.000000,0.000000,0.000000,0.000000,0.000000,0.000000,0.000000,0.000000,0.000000,0,0,0,0,0,0.000000,0.000000,0.000000,0.000000,0.000000,0.000000,0.000000,0.000000,0,0,0,0,0
1386,3,5.898760,0.952901,0.952050,0.000041,0.517924,1.293681,1.290256,0.474877,1.039062,0.525767,0.410316,0.003550,0.000000,0.000064,0.000034,1.049411,0.000003,0.041036,0.000448,0.059092,0.000000,0.000000,0.000000,0,0,0.000000,0.000000,0.000000,0.000000,0.000000,0.000000,0.000000,0.000000,0.000000,0.000000,0.000000,0.000000,0.000000,0.000000,0,0,0,0,0,0.000000,0.000000,0.000000,0.000000,0.000000,0.000000,0.000000,0.000000,0,0,0,0,0
1387,3,5.395827,0.000810,0.000000,0.000041,0.917443,1.293738,1.290314,0.461212,1.010111,0.532515,0.417063,0.003550,0.000000,0.000064,0.000034,1.134861,0.000003,0.041036,0.000448,0.094560,0.000000,0.000000,0.000000,0,0,0.000000,0.000000,0.000000,0.000000,0.000000,0.000000,0.000000,0.000000,0.000000,0.000000,0.000000,0.000000,0.000000,0.000000,0,0,0,0,0,0.000000,0.000000,0.000000,0.000000,0.000000,0.000000,0.000000,0.000000,0,0,0,0,0
1388,3,5.915548,0.900635,0.899784,0.000041,0.650377,1.296214,1.292789,0.482354,1.014686,0.522654,0.407203,0.003550,0.000000,0.000064,0.000034,1.003493,0.000003,0.041036,0.000448,0.055769,0.000000,0.000000,0.000000,0,0,0.000000,0.000000,0.000000,0.000000,0.000000,0.000000,0.000000,0.000000,0.000000,0.000000,0.000000,0.000000,0.000000,0.000000,0,0,0,0,0,0.000000,0.000000,0.000000,0.000000,0.000000,0.000000,0.000000,0.000000,0,0,0,0,0
1389,3,5.408393,0.000810,0.000000,0.000041,0.933984,1.287720,1.284295,0.475650,1.003957,0.547970,0.412438,0.003550,0.000000,0.000064,0.000034,1.113166,0.000003,0.041036,0.000448,0.049123,0.000000,0.000000,0.000000,0,0,0.000000,0.000000,0.000000,0.000000,0.000000,0.000000,0.000000,0.000000,0.000000,0.000000,0.000000,0.000000,0.000000,0.000000,0,0,0,0,0,0.000000,0.000000,0.000000,0.000000,0.000000,0.000000,0.000000,0.000000,0,0,0,0,0
1390,3,6.186710,0.963287,0.962436,0.000041,0.618503,1.275394,1.271969,0.474881,1.016975,0.520518,0.405067,0.003550,0.000000,0.000064,0.000034,1.227193,0.000003,0.085860,0.000448,0.066010,0.000000,0.000000,0.000000,0,0,0.000000,0.000000,0.000000,0.000000,0.000000,0.000000,0.000000,0.000000,0.000000,0.000000,0.000000,0.000000,0.000000,0.000000,0,0,0,0,0,0.000000,0.000000,0.000000,0.000000,0.000000,0.000000,0.000000,0.000000,0,0,0,0,0
1391,3,5.258250,0.000810,0.000000,0.000041,0.863125,1.270823,1.267398,0.505439,1.007124,0.518782,0.403330,0.003550,0.000000,0.000064,0.000034,1.047011,0.000003,0.041036,0.000448,0.057244,0.000000,0.000000,0.000000,0,0,0.000000,0.000000,0.000000,0.000000,0.000000,0.000000,0.000000,0.000000,0.000000,0.000000,0.000000,0.000000,0.000000,0.000000,0,0,0,0,0,0.000000,0.000000,0.000000,0.000000,0.000000,0.000000,0.000000,0.000000,0,0,0,0,0
1392,3,5.780986,0.889147,0.888295,0.000041,0.502618,1.289676,1.286251,0.479974,1.010640,0.539500,0.424049,0.003550,0.000000,0.000064,0.000034,1.024295,0.000003,0.041036,0.000448,0.059770,0.000000,0.000000,0.000000,0,0,0.000000,0.000000,0.000000,0.000000,0.000000,0.000000,0.000000,0.000000,0.000000,0.000000,0.000000,0.000000,0.000000,0.000000,0,0,0,0,0,0.000000,0.000000,0.000000,0.000000,0.000000,0.000000,0.000000,0.000000,0,0,0,0,0
1393,3,5.403531,0.000810,0.000000,0.000041,0.756453,1.269185,1.265761,0.483385,1.018389,0.522342,0.406891,0.003550,0.000000,0.000064,0.000034,1.307831,0.000003,0.041036,0.000448,0.062398,0.000000,0.000000,0.000000,0,0,0.000000,0.000000,0.000000,0.000000,0.000000,0.000000,0.000000,0.000000,0.000000,0.000000,0.000000,0.000000,0.000000,0.000000,0,0,0,0,0,0.000000,0.000000,0.000000,0.000000,0.000000,0.000000,0.000000,0.000000,0,0,0,0,0
1394,3,6.101759,1.136220,1.135369,0.000041,0.578949,1.297194,1.293769,0.461212,1.003944,0.561812,0.408546,0.003550,0.000000,0.000064,0.000034,1.017293,0.000003,0.041036,0.000448,0.055396,0.000000,0.000000,0.000000,0,0,0.000000,0.000000,0.000000,0.000000,0.000000,0.000000,0.000000,0.000000,0.000000,0.000000,0.000000,0.000000,0.000000,0.000000,0,0,0,0,0,0.000000,0.000000,0.000000,0.000000,0.000000,0.000000,0.000000,0.000000,0,0,0,0,0
1395,3,5.380029,0.000810,0.000000,0.000041,0.812904,1.273702,1.270277,0.474877,1.022963,0.525333,0.409882,0.003550,0.000000,0.000064,0.000034,1.224304,0.000003,0.041036,0.000448,0.145216,0.000000,0.000000,0.000000,0,0,0.000000,0.000000,0.000000,0.000000,0.000000,0.000000,0.000000,0.000000,0.000000,0.000000,0.000000,0.000000,0.000000,0.000000,0,0,0,0,0,0.000000,0.000000,0.000000,0.000000,0.000000,0.000000,0.000000,0.000000,0,0,0,0,0
1396,3,5.938582,1.010905,1.010054,0.000041,0.566606,1.254700,1.251275,0.493822,1.019521,0.522257,0.387943,0.003550,0.000000,0.000064,0.000034,1.025635,0.000003,0.041036,0.000448,0.065674,0.000000,0.000000,0.000000,0,0,0.000000,0.000000,0.000000,0.000000,0.000000,0.000000,0.000000,0.000000,0.000000,0.000000,0.000000,0.000000,0.000000,0.000000,0,0,0,0,0,0.000000,0.000000,0.000000,0.000000,0.000000,0.000000,0.000000,0.000000,0,0,0,0,0
1397,3,5.368649,0.000810,0.000000,0.000041,0.895192,1.271152,1.267727,0.481798,1.025831,0.518778,0.403327,0.003550,0.000000,0.000064,0.000034,1.129951,0.000003,0.041036,0.000448,0.048716,0.000000,0.000000,0.000000,0,0,0.000000,0.000000,0.000000,0.000000,0.000000,0.000000,0.000000,0.000000,0.000000,0.000000,0.000000,0.000000,0.000000,0.000000,0,0,0,0,0,0.000000,0.000000,0.000000,0.000000,0.000000,0.000000,0.000000,0.000000,0,0,0,0,0
1398,3,6.053969,1.013645,1.012794,0.000041,0.657322,1.267988,1.264564,0.495843,1.003794,0.525760,0.387943,0.003550,0.000000,0.000064,0.000034,1.044481,0.000003,0.041036,0.000448,0.061618,0.000000,0.000000,0.000000,0,0,0.000000,0.000000,0.000000,0.000000,0.000000,0.000000,0.000000,0.000000,0.000000,0.000000,0.000000,0.000000,0.000000,0.000000,0,0,0,0,0,0.000000,0.000000,0.000000,0.000000,0.000000,0.000000,0.000000,0.000000,0,0,0,0,0
1399,3,5.340488,0.000810,0.000000,0.000041,0.963776,1.272386,1.268962,0.480011,1.022871,0.524621,0.409170,0.003550,0.000000,0.000064,0.000034,1.030877,0.000003,0.041036,0.000448,0.066542,0.000000,0.000000,0.000000,0,0,0.000000,0.000000,0.000000,0.000000,0.000000,0.000000,0.000000,0.000000,0.000000,0.000000,0.000000,0.000000,0.000000,0.000000,0,0,0,0,0,0.000000,0.000000,0.000000,0.000000,0.000000,0.000000,0.000000,0.000000,0,0,0,0,0
1400,3,5.938558,0.983853,0.983002,0.000041,0.577464,1.273597,1.270172,0.481106,1.028551,0.522803,0.407352,0.003550,0.000000,0.000064,0.000034,1.026048,0.000003,0.041036,0.000448,0.053480,0.000000,0.000000,0.000000,0,0,0.000000,0.000000,0.000000,0.000000,0.000000,0.000000,0.000000,0.000000,0.000000,0.000000,0.000000,0.000000,0.000000,0.000000,0,0,0,0,0,0.000000,0.000000,0.000000,0.000000,0.000000,0.000000,0.000000,0.000000,0,0,0,0,0
1401,3,5.358826,0.000810,0.000000,0.000041,0.752747,1.279992,1.276567,0.480174,1.008331,0.546187,0.408285,0.003550,0.000000,0.000064,0.000034,1.245449,0.000003,0.041036,0.000448,0.068519,0.000000,0.000000,0.000000,0,0,0.000000,0.000000,0.000000,0.000000,0.000000,0.000000,0.000000,0.000000,0.000000,0.000000,0.000000,0.000000,0.000000,0.000000,0,0,0,0,0,0.000000,0.000000,0.000000,0.000000,0.000000,0.000000,0.000000,0.000000,0,0,0,0,0
1402,3,5.971805,1.005100,1.004249,0.000041,0.574643,1.289497,1.286072,0.476607,1.036960,0.517056,0.401605,0.003550,0.000000,0.000064,0.000034,1.026808,0.000003,0.041036,0.000448,0.054243,0.000000,0.000000,0.000000,0,0,0.000000,0.000000,0.000000,0.000000,0.000000,0.000000,0.000000,0.000000,0.000000,0.000000,0.000000,0.000000,0.000000,0.000000,0,0,0,0,0,0.000000,0.000000,0.000000,0.000000,0.000000,0.000000,0.000000,0.000000,0,0,0,0,0
1403,3,5.279850,0.000810,0.000000,0.000041,0.838955,1.265954,1.262529,0.483585,1.014598,0.540697,0.405826,0.003550,0.000000,0.000064,0.000034,1.067742,0.000003,0.063409,0.000448,0.057363,0.000000,0.000000,0.000000,0,0,0.000000,0.000000,0.000000,0.000000,0.000000,0.000000,0.000000,0.000000,0.000000,0.000000,0.000000,0.000000,0.000000,0.000000,0,0,0,0,0,0.000000,0.000000,0.000000,0.000000,0.000000,0.000000,0.000000,0.000000,0,0,0,0,0
1404,3,5.862240,0.893843,0.892992,0.000041,0.598294,1.282155,1.278731,0.475583,1.032104,0.525767,0.410316,0.003550,0.000000,0.000064,0.000034,1.009359,0.000003,0.041036,0.000448,0.061008,0.000000,0.000000,0.000000,0,0,0.000000,0.000000,0.000000,0.000000,0.000000,0.000000,0.000000,0.000000,0.000000,0.000000,0.000000,0.000000,0.000000,0.000000,0,0,0,0,0,0.000000,0.000000,0.000000,0.000000,0.000000,0.000000,0.000000,0.000000,0,0,0,0,0
1405,3,5.441433,0.000810,0.000000,0.000041,0.917660,1.281196,1.277771,0.481825,1.001885,0.548218,0.410394,0.003550,0.000000,0.000064,0.000034,1.164703,0.000003,0.041036,0.000448,0.053111,0.000000,0.000000,0.000000,0,0,0.000000,0.000000,0.000000,0.000000,0.000000,0.000000,0.000000,0.000000,0.000000,0.000000,0.000000,0.000000,0.000000,0.000000,0,0,0,0,0,0.000000,0.000000,0.000000,0.000000,0.000000,0.000000,0.000000,0.000000,0,0,0,0,0
1406,3,5.907623,0.984165,0.983314,0.000041,0.606764,1.267419,1.263994,0.479428,1.027747,0.522159,0.406708,0.003550,0.000000,0.000064,0.000034,0.974806,0.000003,0.041036,0.000448,0.063873,0.000000,0.000000,0.000000,0,0,0.000000,0.000000,0.000000,0.000000,0.000000,0.000000,0.000000,0.000000,0.000000,0.000000,0.000000,0.000000,0.000000,0.000000,0,0,0,0,0,0.000000,0.000000,0.000000,0.000000,0.000000,0.000000,0.000000,0.000000,0,0,0,0,0
1407,3,5.277584,0.000810,0.000000,0.000041,0.740750,1.253079,1.249654,0.502842,1.011349,0.522054,0.387943,0.003550,0.000000,0.000064,0.000034,1.201565,0.000003,0.041036,0.000448,0.068587,0.000000,0.000000,0.000000,0,0,0.000000,0.000000,0.000000,0.000000,0.000000,0.000000,0.000000,0.000000,0.000000,0.000000,0.000000,0.000000,0.000000,0.000000,0,0,0,0,0,0.000000,0.000000,0.000000,0.000000,0.000000,0.000000,0.000000,0.000000,0,0,0,0,0
1408,3,6.099813,0.931932,0.931081,0.000041,0.796214,1.273688,1.270264,0.475623,1.037581,0.522373,0.406921,0.003550,0.000000,0.000064,0.000034,1.003666,0.000003,0.054637,0.000448,0.069468,0.000000,0.000000,0.000000,0,0,0.000000,0.000000,0.000000,0.000000,0.000000,0.000000,0.000000,0.000000,0.000000,0.000000,0.000000,0.000000,0.000000,0.000000,0,0,0,0,0,0.000000,0.000000,0.000000,0.000000,0.000000,0.000000,0.000000,0.000000,0,0,0,0,0
1409,3,5.228024,0.000810,0.000000,0.000041,0.697245,1.254066,1.250641,0.475416,1.023298,0.525767,0.410316,0.003550,0.000000,0.000064,0.000034,1.206285,0.000003,0.041036,0.000448,0.060482,0.000000,0.000000,0.000000,0,0,0.000000,0.000000,0.000000,0.000000,0.000000,0.000000,0.000000,0.000000,0.000000,0.000000,0.000000,0.000000,0.000000,0.000000,0,0,0,0,0,0.000000,0.000000,0.000000,0.000000,0.000000,0.000000,0.000000,0.000000,0,0,0,0,0
1410,3,6.191376,1.329600,1.328749,0.000041,0.533118,1.288907,1.285482,0.481639,0.988163,0.542894,0.409658,0.003550,0.000000,0.000064,0.000034,0.981920,0.000003,0.041036,0.000448,0.057990,0.000000,0.000000,0.000000,0,0,0.000000,0.000000,0.000000,0.000000,0.000000,0.000000,0.000000,0.000000,0.000000,0.000000,0.000000,0.000000,0.000000,0.000000,0,0,0,0,0,0.000000,0.000000,0.000000,0.000000,0.000000,0.000000,0.000000,0.000000,0,0,0,0,0
1411,3,5.257009,0.000810,0.000000,0.000041,0.791012,1.286418,1.282993,0.480784,1.028883,0.524326,0.408875,0.003550,0.000000,0.000064,0.000034,1.099640,0.000003,0.041036,0.000448,0.052344,0.000000,0.000000,0.000000,0,0,0.000000,0.000000,0.000000,0.000000,0.000000,0.000000,0.000000,0.000000,0.000000,0.000000,0.000000,0.000000,0.000000,0.000000,0,0,0,0,0,0.000000,0.000000,0.000000,0.000000,0.000000,0.000000,0.000000,0.000000,0,0,0,0,0
1412,3,5.904165,0.890391,0.889540,0.000041,0.616906,1.258955,1.255530,0.500268,1.007968,0.524618,0.409166,0.003550,0.000000,0.000064,0.000034,1.059923,0.000003,0.041036,0.000448,0.086195,0.000000,0.000000,0.000000,0,0,0.000000,0.000000,0.000000,0.000000,0.000000,0.000000,0.000000,0.000000,0.000000,0.000000,0.000000,0.000000,0.000000,0.000000,0,0,0,0,0,0.000000,0.000000,0.000000,0.000000,0.000000,0.000000,0.000000,0.000000,0,0,0,0,0
1413,3,5.798150,0.000810,0.000000,0.000041,0.863953,1.272037,1.268612,0.478946,1.029470,0.522020,0.406569,0.003550,0.000000,0.000064,0.000034,1.585778,0.000003,0.041036,0.000448,0.057736,0.000000,0.000000,0.000000,0,0,0.000000,0.000000,0.000000,0.000000,0.000000,0.000000,0.000000,0.000000,0.000000,0.000000,0.000000,0.000000,0.000000,0.000000,0,0,0,0,0,0.000000,0.000000,0.000000,0.000000,0.000000,0.000000,0.000000,0.000000,0,0,0,0,0
1414,3,5.926046,0.907735,0.906884,0.000041,0.636498,1.248105,1.244680,0.497894,1.013594,0.520545,0.405094,0.003550,0.000000,0.000064,0.000034,1.037937,0.000003,0.059638,0.000448,0.048716,0.000000,0.000000,0.000000,0,0,0.000000,0.000000,0.000000,0.000000,0.000000,0.000000,0.000000,0.000000,0.000000,0.000000,0.000000,0.000000,0.000000,0.000000,0,0,0,0,0,0.000000,0.000000,0.000000,0.000000,0.000000,0.000000,0.000000,0.000000,0,0,0,0,0
1415,3,5.203725,0.000810,0.000000,0.000041,0.769965,1.266296,1.262872,0.483280,1.032142,0.521278,0.405826,0.003550,0.000000,0.000064,0.000034,1.084819,0.000003,0.041036,0.000448,0.052785,0.000000,0.000000,0.000000,0,0,0.000000,0.000000,0.000000,0.000000,0.000000,0.000000,0.000000,0.000000,0.000000,0.000000,0.000000,0.000000,0.000000,0.000000,0,0,0,0,0,0.000000,0.000000,0.000000,0.000000,0.000000,0.000000,0.000000,0.000000,0,0,0,0,0
1416,3,5.886234,0.885186,0.884335,0.000041,0.634396,1.254174,1.250749,0.475820,1.025540,0.521868,0.406416,0.003550,0.000000,0.000064,0.000034,1.026062,0.000003,0.059089,0.000448,0.053684,0.000000,0.000000,0.000000,0,0,0.000000,0.000000,0.000000,0.000000,0.000000,0.000000,0.000000,0.000000,0.000000,0.000000,0.000000,0.000000,0.000000,0.000000,0,0,0,0,0,0.000000,0.000000,0.000000,0.000000,0.000000,0.000000,0.000000,0.000000,0,0,0,0,0
1417,3,5.123627,0.000810,0.000000,0.000041,0.711039,1.274906,1.271481,0.474881,1.010220,0.548170,0.410316,0.003550,0.000000,0.000064,0.000034,1.058465,0.000003,0.041036,0.000448,0.060754,0.000000,0.000000,0.000000,0,0,0.000000,0.000000,0.000000,0.000000,0.000000,0.000000,0.000000,0.000000,0.000000,0.000000,0.000000,0.000000,0.000000,0.000000,0,0,0,0,0,0.000000,0.000000,0.000000,0.000000,0.000000,0.000000,0.000000,0.000000,0,0,0,0,0
1418,3,5.903314,0.961541,0.960690,0.000041,0.564321,1.286916,1.283491,0.475616,1.013746,0.523512,0.408061,0.003550,0.000000,0.000064,0.000034,1.032525,0.000003,0.041036,0.000448,0.066433,0.000000,0.000000,0.000000,0,0,0.000000,0.000000,0.000000,0.000000,0.000000,0.000000,0.000000,0.000000,0.000000,0.000000,0.000000,0.000000,0.000000,0.000000,0,0,0,0,0,0.000000,0.000000,0.000000,0.000000,0.000000,0.000000,0.000000,0.000000,0,0,0,0,0
1419,3,5.366045,0.000810,0.000000,0.000041,0.907169,1.288008,1.284583,0.461212,1.003472,0.567010,0.451558,0.003550,0.000000,0.000064,0.000034,1.093228,0.000003,0.041036,0.000448,0.109904,0.000000,0.000000,0.000000,0,0,0.000000,0.000000,0.000000,0.000000,0.000000,0.000000,0.000000,0.000000,0.000000,0.000000,0.000000,0.000000,0.000000,0.000000,0,0,0,0,0,0.000000,0.000000,0.000000,0.000000,0.000000,0.000000,0.000000,0.000000,0,0,0,0,0
1420,3,6.924418,1.840095,1.839244,0.000041,0.719828,1.273933,1.270508,0.500729,1.000587,0.525760,0.410309,0.003550,0.000000,0.000064,0.000034,1.018351,0.000003,0.041036,0.000448,0.059279,0.000000,0.000000,0.000000,0,0,0.000000,0.000000,0.000000,0.000000,0.000000,0.000000,0.000000,0.000000,0.000000,0.000000,0.000000,0.000000,0.000000,0.000000,0,0,0,0,0,0.000000,0.000000,0.000000,0.000000,0.000000,0.000000,0.000000,0.000000,0,0,0,0,0
1421,3,5.241723,0.000810,0.000000,0.000041,0.884800,1.281413,1.277988,0.483198,1.010251,0.542976,0.427524,0.003550,0.000000,0.000064,0.000034,0.993140,0.000003,0.041036,0.000448,0.057244,0.000000,0.000000,0.000000,0,0,0.000000,0.000000,0.000000,0.000000,0.000000,0.000000,0.000000,0.000000,0.000000,0.000000,0.000000,0.000000,0.000000,0.000000,0,0,0,0,0,0.000000,0.000000,0.000000,0.000000,0.000000,0.000000,0.000000,0.000000,0,0,0,0,0
1422,3,6.115190,0.973724,0.972873,0.000041,0.749457,1.281942,1.278517,0.480197,1.024882,0.525343,0.409892,0.003550,0.000000,0.000064,0.000034,1.034509,0.000003,0.041036,0.000448,0.054243,0.000000,0.000000,0.000000,0,0,0.000000,0.000000,0.000000,0.000000,0.000000,0.000000,0.000000,0.000000,0.000000,0.000000,0.000000,0.000000,0.000000,0.000000,0,0,0,0,0,0.000000,0.000000,0.000000,0.000000,0.000000,0.000000,0.000000,0.000000,0,0,0,0,0
1423,3,5.364661,0.000810,0.000000,0.000041,0.854994,1.271213,1.267788,0.496107,1.008894,0.525760,0.410309,0.003550,0.000000,0.000064,0.000034,1.161747,0.000003,0.041036,0.000448,0.057278,0.000000,0.000000,0.000000,0,0,0.000000,0.000000,0.000000,0.000000,0.000000,0.000000,0.000000,0.000000,0.000000,0.000000,0.000000,0.000000,0.000000,0.000000,0,0,0,0,0,0.000000,0.000000,0.000000,0.000000,0.000000,0.000000,0.000000,0.000000,0,0,0,0,0
1424,3,5.957041,0.964091,0.963240,0.000041,0.702450,1.265713,1.262288,0.483585,1.012441,0.543518,0.387943,0.003550,0.000000,0.000064,0.000034,0.940108,0.000003,0.041036,0.000448,0.054260,0.000000,0.000000,0.000000,0,0,0.000000,0.000000,0.000000,0.000000,0.000000,0.000000,0.000000,0.000000,0.000000,0.000000,0.000000,0.000000,0.000000,0.000000,0,0,0,0,0,0.000000,0.000000,0.000000,0.000000,0.000000,0.000000,0.000000,0.000000,0,0,0,0,0
1425,3,5.007731,0.000810,0.000000,0.000041,0.572293,1.271651,1.268226,0.480554,1.034248,0.517005,0.401554,0.003550,0.000000,0.000064,0.000034,1.086036,0.000003,0.041036,0.000448,0.066569,0.000000,0.000000,0.000000,0,0,0.000000,0.000000,0.000000,0.000000,0.000000,0.000000,0.000000,0.000000,0.000000,0.000000,0.000000,0.000000,0.000000,0.000000,0,0,0,0,0,0.000000,0.000000,0.000000,0.000000,0.000000,0.000000,0.000000,0.000000,0,0,0,0,0
1426,3,5.945730,1.056264,1.055413,0.000041,0.513024,1.275123,1.271698,0.480849,1.012383,0.544820,0.406918,0.003550,0.000000,0.000064,0.000034,1.018131,0.000003,0.041036,0.000448,0.053514,0.000000,0.000000,0.000000,0,0,0.000000,0.000000,0.000000,0.000000,0.000000,0.000000,0.000000,0.000000,0.000000,0.000000,0.000000,0.000000,0.000000,0.000000,0,0,0,0,0,0.000000,0.000000,0.000000,0.000000,0.000000,0.000000,0.000000,0.000000,0,0,0,0,0
1427,3,5.252872,0.000810,0.000000,0.000041,0.840064,1.281050,1.277625,0.485565,1.032762,0.518426,0.402974,0.003550,0.000000,0.000064,0.000034,1.049059,0.000003,0.041036,0.000448,0.098070,0.000000,0.000000,0.000000,0,0,0.000000,0.000000,0.000000,0.000000,0.000000,0.000000,0.000000,0.000000,0.000000,0.000000,0.000000,0.000000,0.000000,0.000000,0,0,0,0,0,0.000000,0.000000,0.000000,0.000000,0.000000,0.000000,0.000000,0.000000,0,0,0,0,0
1428,3,6.224436,1.152523,1.151672,0.000041,0.567044,1.274048,1.270623,0.492059,1.007616,0.525272,0.409821,0.003550,0.000000,0.000064,0.000034,1.160739,0.000003,0.041036,0.000448,0.061279,0.000000,0.000000,0.000000,0,0,0.000000,0.000000,0.000000,0.000000,0.000000,0.000000,0.000000,0.000000,0.000000,0.000000,0.000000,0.000000,0.000000,0.000000,0,0,0,0,0,0.000000,0.000000,0.000000,0.000000,0.000000,0.000000,0.000000,0.000000,0,0,0,0,0
1429,3,5.099782,0.000810,0.000000,0.000041,0.759793,1.297516,1.294091,0.479309,1.016388,0.522302,0.406850,0.003550,0.000000,0.000064,0.000034,0.978529,0.000003,0.041036,0.000448,0.074975,0.000000,0.000000,0.000000,0,0,0.000000,0.000000,0.000000,0.000000,0.000000,0.000000,0.000000,0.000000,0.000000,0.000000,0.000000,0.000000,0.000000,0.000000,0,0,0,0,0,0.000000,0.000000,0.000000,0.000000,0.000000,0.000000,0.000000,0.000000,0,0,0,0,0
1430,3,6.028856,1.119564,1.118713,0.000041,0.573988,1.269541,1.266117,0.495480,1.009888,0.518724,0.387943,0.003550,0.000000,0.000064,0.000034,0.996535,0.000003,0.041036,0.000448,0.067654,0.000000,0.000000,0.000000,0,0,0.000000,0.000000,0.000000,0.000000,0.000000,0.000000,0.000000,0.000000,0.000000,0.000000,0.000000,0.000000,0.000000,0.000000,0,0,0,0,0,0.000000,0.000000,0.000000,0.000000,0.000000,0.000000,0.000000,0.000000,0,0,0,0,0
1431,3,5.209693,0.000810,0.000000,0.000041,0.790361,1.271094,1.267670,0.480503,1.030114,0.518775,0.403324,0.003550,0.000000,0.000064,0.000034,1.072900,0.000003,0.041036,0.000448,0.064297,0.000000,0.000000,0.000000,0,0,0.000000,0.000000,0.000000,0.000000,0.000000,0.000000,0.000000,0.000000,0.000000,0.000000,0.000000,0.000000,0.000000,0.000000,0,0,0,0,0,0.000000,0.000000,0.000000,0.000000,0.000000,0.000000,0.000000,0.000000,0,0,0,0,0
1432,3,5.858022,0.889859,0.889008,0.000041,0.567044,1.270694,1.267270,0.474664,1.025360,0.520454,0.387943,0.003550,0.000000,0.000064,0.000034,1.046058,0.000003,0.059791,0.000448,0.060872,0.000000,0.000000,0.000000,0,0,0.000000,0.000000,0.000000,0.000000,0.000000,0.000000,0.000000,0.000000,0.000000,0.000000,0.000000,0.000000,0.000000,0.000000,0,0,0,0,0,0.000000,0.000000,0.000000,0.000000,0.000000,0.000000,0.000000,0.000000,0,0,0,0,0
1433,3,5.124234,0.000810,0.000000,0.000041,0.704800,1.275981,1.272556,0.479964,1.009793,0.534949,0.419498,0.003550,0.000000,0.000064,0.000034,1.072801,0.000003,0.041036,0.000448,0.122654,0.000000,0.000000,0.000000,0,0,0.000000,0.000000,0.000000,0.000000,0.000000,0.000000,0.000000,0.000000,0.000000,0.000000,0.000000,0.000000,0.000000,0.000000,0,0,0,0,0,0.000000,0.000000,0.000000,0.000000,0.000000,0.000000,0.000000,0.000000,0,0,0,0,0
1434,3,7.075334,0.992618,0.991767,0.000041,0.515730,1.288472,1.285048,0.479160,1.029555,0.525401,0.409949,0.003550,0.000000,0.000064,0.000034,2.199263,0.000003,0.041036,0.000448,0.062839,0.000000,0.000000,0.000000,0,0,0.000000,0.000000,0.000000,0.000000,0.000000,0.000000,0.000000,0.000000,0.000000,0.000000,0.000000,0.000000,0.000000,0.000000,0,0,0,0,0,0.000000,0.000000,0.000000,0.000000,0.000000,0.000000,0.000000,0.000000,0,0,0,0,0
1435,3,5.326094,0.000810,0.000000,0.000041,0.922058,1.283830,1.280406,0.479258,0.978519,0.567518,0.452067,0.003550,0.000000,0.000064,0.000034,1.048964,0.000003,0.041036,0.000448,0.054888,0.000000,0.000000,0.000000,0,0,0.000000,0.000000,0.000000,0.000000,0.000000,0.000000,0.000000,0.000000,0.000000,0.000000,0.000000,0.000000,0.000000,0.000000,0,0,0,0,0,0.000000,0.000000,0.000000,0.000000,0.000000,0.000000,0.000000,0.000000,0,0,0,0,0
1436,3,6.207831,1.065708,1.064857,0.000041,0.619144,1.272939,1.269514,0.483585,1.024851,0.523129,0.407678,0.003550,0.000000,0.000064,0.000034,1.173340,0.000003,0.041036,0.000448,0.084825,0.000000,0.000000,0.000000,0,0,0.000000,0.000000,0.000000,0.000000,0.000000,0.000000,0.000000,0.000000,0.000000,0.000000,0.000000,0.000000,0.000000,0.000000,0,0,0,0,0,0.000000,0.000000,0.000000,0.000000,0.000000,0.000000,0.000000,0.000000,0,0,0,0,0
1437,3,5.472812,0.000810,0.000000,0.000041,1.009793,1.288686,1.285261,0.480448,0.999173,0.538720,0.423269,0.003550,0.000000,0.000064,0.000034,1.110046,0.000003,0.041036,0.000448,0.040955,0.000000,0.000000,0.000000,0,0,0.000000,0.000000,0.000000,0.000000,0.000000,0.000000,0.000000,0.000000,0.000000,0.000000,0.000000,0.000000,0.000000,0.000000,0,0,0,0,0,0.000000,0.000000,0.000000,0.000000,0.000000,0.000000,0.000000,0.000000,0,0,0,0,0
1438,3,5.867408,0.952881,0.952030,0.000041,0.518483,1.282142,1.278717,0.474748,1.016595,0.542504,0.427053,0.003550,0.000000,0.000064,0.000034,1.034919,0.000003,0.041036,0.000448,0.048716,0.000000,0.000000,0.000000,0,0,0.000000,0.000000,0.000000,0.000000,0.000000,0.000000,0.000000,0.000000,0.000000,0.000000,0.000000,0.000000,0.000000,0.000000,0,0,0,0,0,0.000000,0.000000,0.000000,0.000000,0.000000,0.000000,0.000000,0.000000,0,0,0,0,0
1439,3,5.353899,0.000810,0.000000,0.000041,0.850135,1.267656,1.264231,0.499162,1.001984,0.522247,0.406796,0.003550,0.000000,0.000064,0.000034,1.166768,0.000003,0.041036,0.000448,0.053446,0.000000,0.000000,0.000000,0,0,0.000000,0.000000,0.000000,0.000000,0.000000,0.000000,0.000000,0.000000,0.000000,0.000000,0.000000,0.000000,0.000000,0.000000,0,0,0,0,0,0.000000,0.000000,0.000000,0.000000,0.000000,0.000000,0.000000,0.000000,0,0,0,0,0
