frame,phase,update_ms,vehicles_included_ms,submit_ms,finish_ms,present_ms,total_ms,bounds_included_ms,prepare_included_ms,dispatch_included_ms,packet_included_ms,dma_included_ms,vif_wait_included_ms,flushes,triangles,uploads,reuploads
120,0,2.373372,1.479007,14.893561,0.569600,2.141476,19.978010,1.635332,1.117442,6.344465,1.375936,1.237247,0.256395,133,45724,0,0
121,0,2.360250,1.469103,13.337545,0.561588,3.717858,19.977241,1.530830,0.992384,5.277781,1.217367,0.978655,0.178928,107,35280,0,0
122,0,2.363970,1.471815,14.811428,0.578552,2.238705,19.992655,1.649974,1.135061,6.289649,1.391700,1.260997,0.270945,133,45724,0,0
123,0,2.375017,1.483293,13.153025,0.572171,3.861616,19.961829,1.507067,1.037140,5.212253,1.229750,0.969547,0.180742,107,35280,0,0
124,0,2.364071,1.478180,14.878174,0.583554,2.142938,19.968736,1.692719,1.081702,6.320587,1.343635,1.281264,0.265313,133,45724,0,0
125,0,2.366323,1.477030,13.222283,0.566633,3.811852,19.967092,1.470059,0.998115,5.275526,1.165588,0.962443,0.192702,107,35280,0,0
126,0,2.346853,1.463779,14.884647,0.566630,2.172723,19.970852,1.648353,1.122148,6.277232,1.382741,1.219371,0.254547,133,45724,0,0
127,0,2.356893,1.463189,13.301120,0.566803,3.752421,19.977237,1.564080,0.964810,5.248342,1.187893,0.976003,0.178928,107,35280,0,0
128,0,2.351759,1.465054,14.644491,0.566789,2.412147,19.975186,1.718726,1.145779,6.225654,1.351685,1.251041,0.254547,133,45724,0,0
129,0,2.349464,1.468933,13.270789,0.569672,3.787306,19.977230,1.516083,1.072038,5.136922,1.148966,0.961700,0.173452,107,35280,0,0
130,0,2.354374,1.441915,14.664778,0.573571,2.384532,19.977254,1.641568,1.164018,6.277632,1.398749,1.222426,0.254547,133,45724,0,0
131,0,2.367479,1.460205,13.186367,0.581746,3.841644,19.977237,1.499291,0.979160,5.320204,1.179298,1.005049,0.178928,107,35280,0,0
132,0,2.374593,1.480988,15.085510,0.563175,1.953976,19.977254,1.645545,1.133748,6.360792,1.400445,1.250709,0.252842,133,45724,0,0
133,0,2.363647,1.472887,13.250766,0.606764,3.756053,19.977230,1.498545,1.054711,5.320594,1.205766,0.974467,0.178928,107,35280,0,0
134,0,2.368103,1.472968,14.546851,0.556942,2.505334,19.977230,1.700907,1.173760,6.314084,1.401984,1.217163,0.252842,133,45724,0,0
135,0,2.372823,1.480825,13.191196,0.580444,3.832774,19.977237,1.495477,1.023295,5.258616,1.187883,0.959530,0.190847,107,35280,0,0
136,0,2.370107,1.478200,14.689572,0.565514,2.352058,19.977251,1.671471,1.146532,6.310628,1.375946,1.251577,0.254547,133,45724,0,0
137,0,2.372999,1.482832,13.177389,0.566637,3.860209,19.977234,1.520776,0.983514,5.293003,1.205750,0.979774,0.178928,107,35280,0,0
138,0,2.377211,1.487271,14.964857,0.577047,2.058133,19.977247,1.652408,1.126302,6.326711,1.379384,1.216753,0.270016,133,45724,0,0
139,0,2.371070,1.479862,13.399923,0.587623,3.596171,19.954787,1.496724,1.042253,5.289707,1.209344,0.978210,0.180098,107,35280,0,0
140,0,2.372142,1.486833,15.057488,0.583822,1.964386,19.977837,1.661604,1.120605,6.340868,1.343065,1.229285,0.254547,133,45724,0,0
141,0,2.366608,1.474274,13.175479,0.566620,3.849813,19.958520,1.507497,1.072812,5.202362,1.182149,0.975983,0.178928,107,35280,0,0
142,0,2.348653,1.459574,15.218489,0.570716,1.839379,19.977237,1.642548,1.185289,6.205383,1.428487,1.174059,0.215559,133,45724,0,0
143,0,2.353580,1.459222,13.154087,0.569702,3.899872,19.977241,1.535166,1.009443,5.215186,1.192071,0.962687,0.178928,107,35280,0,0
144,0,2.355465,1.465752,15.257433,0.556213,1.808136,19.977247,1.699748,1.182044,6.208350,1.386976,1.194383,0.271444,133,45724,0,0
145,0,2.366272,1.439006,13.194163,0.587823,3.828986,19.977244,1.493795,0.999196,5.249098,1.170251,0.972914,0.181329,107,35280,0,0
146,0,2.356059,1.465183,15.444855,0.566817,1.609504,19.977234,1.663659,1.200687,6.238173,1.385783,1.231228,0.254547,133,45724,0,0
147,0,2.372748,1.462847,13.176500,0.571333,3.856656,19.977237,1.526262,0.992835,5.245514,1.212087,0.959337,0.187456,107,35280,0,0
148,0,2.372019,1.481249,15.147129,0.566623,1.891490,19.977261,1.690603,1.142537,6.292826,1.394375,1.174825,0.252862,133,45724,0,0
149,0,2.366825,1.478021,13.162730,0.594069,3.853604,19.977227,1.518938,0.991533,5.240262,1.166731,0.945692,0.173018,107,35280,0,0
150,0,2.130673,1.489261,14.997308,0.566644,2.282610,19.977234,1.671071,1.226464,6.294824,1.442210,1.172143,0.254547,133,45724,0,0
151,0,2.120439,1.476902,13.277171,0.577087,4.002540,19.977237,1.481896,0.985369,5.298201,1.155399,0.973724,0.197774,107,35280,0,0
152,0,2.113803,1.471286,14.638346,0.563260,2.661838,19.977247,1.629913,1.161665,6.309750,1.405999,1.225508,0.254547,133,45724,0,0
153,0,2.117265,1.460605,13.151866,0.601898,4.106208,19.977237,1.503910,0.969482,5.350023,1.183834,1.029592,0.178928,107,35280,0,0
154,0,2.148105,1.468401,14.654758,0.562419,2.609911,19.975193,1.717295,1.150455,6.248610,1.378025,1.228939,0.254547,133,45724,0,0
155,0,2.148722,1.476050,13.087847,0.557526,4.183143,19.977237,1.541175,0.994717,5.221249,1.165799,0.971846,0.186184,107,35280,0,0
156,0,2.147539,1.461931,14.642660,0.562968,2.632504,19.985670,1.676717,1.169800,6.317420,1.402340,1.243239,0.254886,133,45724,0,0
157,0,2.126967,1.461300,13.140011,0.592065,4.095829,19.954871,1.584140,0.971683,5.230516,1.168369,0.973501,0.178928,107,35280,0,0
158,0,2.129049,1.463033,14.588009,0.566627,2.693546,19.977230,1.700704,1.143087,6.263299,1.430379,1.230143,0.241458,133,45724,0,0
159,0,2.121494,1.466068,13.307353,0.566650,3.981744,19.977241,1.537384,1.055179,5.265835,1.146932,1.064046,0.187449,107,35280,0,0
160,0,2.128862,1.483561,15.132151,0.565874,2.150360,19.977247,1.673774,1.179101,6.233639,1.346927,1.204441,0.254547,133,45724,0,0
161,0,2.116628,1.474233,13.017100,0.557149,4.286353,19.977230,1.514377,0.966753,5.311490,1.208527,0.965383,0.189029,107,35280,0,0
162,0,2.125000,1.481903,14.895772,0.571957,2.384525,19.977254,1.663167,1.203139,6.203156,1.361328,1.235789,0.248993,133,45724,0,0
163,0,2.118469,1.474752,13.383301,0.566657,3.908807,19.977234,1.464308,0.991743,5.308119,1.254652,0.996134,0.189531,107,35280,0,0
164,0,2.119266,1.476885,15.041589,0.563619,2.252784,19.977258,1.676490,1.188649,6.230760,1.401476,1.188931,0.266805,133,45724,0,0
165,0,2.126194,1.483053,13.278988,0.576409,3.995646,19.977237,1.521783,0.974311,5.263109,1.220866,0.979567,0.178928,107,35280,0,0
166,0,2.125190,1.483860,14.996541,0.564728,2.290765,19.977224,1.641469,1.177931,6.302721,1.379330,1.244693,0.254547,133,45724,0,0
167,0,2.120894,1.478461,13.276720,0.587494,3.992140,19.977247,1.481452,1.040324,5.283871,1.184380,0.996714,0.173374,107,35280,0,0
168,0,2.126736,1.486047,15.298659,0.566633,1.985213,19.977241,1.696788,1.134722,6.268707,1.385725,1.230214,0.254547,133,45724,0,0
169,0,2.129947,1.465257,13.253771,0.566640,4.026883,19.977241,1.505964,1.021322,5.288340,1.176941,0.977702,0.178928,107,35280,0,0
170,0,2.136488,1.454132,14.971758,0.565552,2.303443,19.977241,1.667419,1.116031,6.289381,1.381538,1.219727,0.278012,133,45724,0,0
171,0,2.154629,1.484080,13.135342,0.570099,4.117167,19.977237,1.521562,0.933668,5.340624,1.201172,1.021379,0.178928,107,35280,0,0
172,0,2.124776,1.461270,14.974019,0.580143,2.291161,19.970100,1.616723,1.150438,6.302734,1.445143,1.229685,0.238861,133,45724,0,0
173,0,2.127682,1.462002,13.271467,0.570499,3.995650,19.965298,1.529300,0.990658,5.269185,1.147780,1.001251,0.177036,107,35280,0,0
174,0,2.115126,1.455655,14.873973,0.565637,2.422499,19.977234,1.656999,1.133552,6.324382,1.386983,1.267036,0.256378,133,45724,0,0
175,0,2.135959,1.466797,13.091509,0.573266,4.176510,19.977244,1.494005,0.979719,5.310069,1.201697,0.981042,0.182719,107,35280,0,0
176,0,2.120219,1.480225,14.857249,0.566115,2.433655,19.977237,1.634986,1.130090,6.292992,1.392307,1.211456,0.237932,133,45724,0,0
177,0,2.101773,1.473212,13.292358,0.587463,3.995653,19.977247,1.544746,0.975959,5.288072,1.185506,1.001363,0.178928,107,35280,0,0
178,0,1.878760,1.465139,14.854309,0.582777,2.661397,19.977244,1.673347,1.231150,6.223931,1.379957,1.255358,0.254547,133,45724,0,0
179,0,1.879588,1.481099,13.127082,0.559675,4.408837,19.975182,1.553687,0.947825,5.209659,1.149373,0.982985,0.188026,107,35280,0,0
180,0,1.872406,1.473297,14.900208,0.573832,2.630795,19.977241,1.692139,1.179213,6.246548,1.381039,1.186401,0.254547,133,45724,0,0
181,0,1.870643,1.480370,13.430210,0.587009,4.089379,19.977241,1.557970,1.037743,5.339027,1.192149,0.992764,0.178928,107,35280,0,0
182,0,1.861474,1.463762,14.970157,0.566789,2.578820,19.977241,1.718363,1.162306,6.286679,1.386932,1.227834,0.284644,133,45724,0,0
183,0,1.875549,1.482615,13.101908,0.590953,4.408820,19.977230,1.465925,0.997345,5.330393,1.190494,1.017585,0.187585,107,35280,0,0
184,0,1.879140,1.480103,14.833984,0.557732,2.706387,19.977244,1.636369,1.142934,6.293566,1.377635,1.257829,0.274251,133,45724,0,0
185,0,1.857069,1.465732,13.391229,0.577057,4.151889,19.977244,1.517517,1.010935,5.284905,1.208381,0.990241,0.178928,107,35280,0,0
186,0,1.864787,1.453240,14.927660,0.580112,2.604689,19.977247,1.633175,1.211314,6.283274,1.406389,1.186961,0.241950,133,45724,0,0
187,0,1.874407,1.465108,13.134321,0.570082,4.398431,19.977241,1.500682,0.989326,5.263584,1.196021,1.019446,0.183573,107,35280,0,0
188,0,1.852698,1.461327,15.167504,0.566121,2.379930,19.966254,1.645413,1.151764,6.277367,1.420671,1.195329,0.265530,133,45724,0,0
189,0,1.849725,1.473060,13.202304,0.566786,4.349653,19.968469,1.541019,0.985304,5.254835,1.204437,0.958344,0.178928,107,35280,0,0
190,0,1.857863,1.478516,15.754557,0.567098,1.797716,19.977234,1.646762,1.122620,6.308834,1.428063,1.236586,0.239882,133,45724,0,0
191,0,1.853004,1.476339,13.270294,0.570112,4.283834,19.977244,1.503143,1.058316,5.286357,1.187500,0.972483,0.186907,107,35280,0,0
192,0,1.853668,1.477003,14.811293,0.566833,2.745446,19.977241,1.702715,1.161363,6.270179,1.357418,1.221880,0.254547,133,45724,0,0
193,0,1.860826,1.468757,13.502618,0.576487,4.037313,19.977244,1.500190,1.127570,5.230910,1.151299,0.983629,0.178928,107,35280,0,0
194,0,1.877177,1.460619,15.079451,0.577606,2.443000,19.977234,1.663150,1.173601,6.260461,1.399177,1.242791,0.254547,133,45724,0,0
195,0,1.879900,1.486803,13.031504,0.563260,4.502587,19.977251,1.489159,0.977936,5.277880,1.154955,1.012126,0.185025,107,35280,0,0
196,0,1.881646,1.482608,14.720818,0.586317,2.788466,19.977247,1.680050,1.134549,6.321309,1.389208,1.243374,0.248637,133,45724,0,0
197,0,1.871640,1.480401,13.116235,0.607032,4.382328,19.977234,1.558858,1.003330,5.232998,1.185388,0.979567,0.178928,107,35280,0,0
198,0,1.872630,1.470957,14.787113,0.566125,2.751367,19.977234,1.677772,1.105242,6.318797,1.394860,1.248996,0.258440,133,45724,0,0
199,0,1.868564,1.474124,13.088070,0.598826,4.421780,19.977241,1.497064,0.990580,5.263533,1.209340,0.943010,0.183438,107,35280,0,0
200,0,1.878143,1.482914,14.972836,0.565870,2.562744,19.979594,1.713077,1.152561,6.285516,1.404307,1.201470,0.254547,133,45724,0,0
201,0,1.855560,1.459741,13.161224,0.566111,4.391992,19.974887,1.525740,0.989010,5.303440,1.226495,0.977149,0.178979,107,35280,0,0
202,0,1.883874,1.470401,14.763909,0.563046,2.766418,19.977247,1.657067,1.189358,6.205929,1.394389,1.213182,0.254547,133,45724,0,0
203,0,1.873505,1.460083,13.353963,0.584398,4.183129,19.994995,1.526571,1.010963,5.268358,1.193359,0.960690,0.190592,107,35280,0,0
204,0,1.849287,1.457916,14.888275,0.558407,2.666375,19.962345,1.678708,1.150296,6.249390,1.324504,1.204217,0.249427,133,45724,0,0
205,0,1.857300,1.480635,13.334018,0.577064,4.203949,19.972331,1.536899,0.977556,5.300812,1.202850,0.958262,0.173018,107,35280,0,0
206,0,1.854862,1.475515,14.609792,0.569031,2.943546,19.977230,1.690230,1.166901,6.242438,1.383277,1.239010,0.236871,133,45724,0,0
207,0,1.856350,1.479685,13.306369,0.580126,4.234399,19.977244,1.523159,1.030589,5.271884,1.198900,0.994419,0.173374,107,35280,0,0
208,0,1.859975,1.483310,16.096653,0.577060,1.443556,19.977244,1.684360,1.172597,6.234283,1.346880,1.209679,0.265781,133,45724,0,0
209,0,1.858968,1.463742,13.220344,0.566698,4.331221,19.977230,1.484412,1.022196,5.221056,1.135162,0.996440,0.178928,107,35280,0,0
210,0,1.878628,1.487288,14.682678,0.560978,2.854974,19.977258,1.689772,1.127530,6.286119,1.346693,1.194509,0.254547,133,45724,0,0
211,0,1.872915,1.476491,13.052470,0.564521,4.487325,19.977230,1.510183,0.988186,5.282060,1.224267,0.992489,0.173018,107,35280,0,0
212,0,1.875387,1.480106,14.824304,0.566810,2.710758,19.977258,1.692827,1.149434,6.251119,1.449938,1.210236,0.230014,133,45724,0,0
213,0,1.870375,1.474528,13.161994,0.595137,4.349731,19.977237,1.530843,0.980242,5.289954,1.171977,1.012312,0.178928,107,35280,0,0
214,0,1.875943,1.482459,14.757772,0.566633,2.776883,19.977230,1.712216,1.190548,6.285692,1.397508,1.236393,0.254547,133,45724,0,0
215,0,1.869144,1.473840,13.290443,0.565063,4.252587,19.977237,1.553847,1.039764,5.225867,1.173686,0.982415,0.177036,107,35280,0,0
216,0,1.878259,1.487088,14.638228,0.562351,2.898404,19.977241,1.706713,1.167165,6.277171,1.400065,1.205471,0.260312,133,45724,0,0
217,0,1.860962,1.461924,13.158179,0.645355,4.312748,19.977244,1.481116,0.987281,5.290968,1.166273,1.002994,0.187456,107,35280,0,0
218,0,1.860491,1.461222,14.960744,0.567579,2.588440,19.977254,1.676537,1.158129,6.271837,1.361328,1.257880,0.259837,133,45724,0,0
219,0,1.853807,1.462358,13.208493,0.592489,4.325490,19.980279,1.445004,0.968502,5.270816,1.196472,0.978885,0.173604,107,35280,0,0
220,0,1.859606,1.460490,14.961212,0.581628,2.552443,19.954888,1.672947,1.140883,6.269552,1.398414,1.189128,0.254547,133,45724,0,0
221,0,1.848650,1.471985,13.232981,0.566111,4.329495,19.977237,1.542247,0.968177,5.299733,1.244195,0.957933,0.178928,107,35280,0,0
222,0,1.857764,1.478417,14.840054,0.554610,2.724806,19.977234,1.718119,1.152117,6.201972,1.344082,1.226976,0.254598,133,45724,0,0
223,0,1.865017,1.488352,13.384477,0.586270,4.141479,19.977244,1.483381,0.987623,5.274024,1.186076,1.047858,0.178928,107,35280,0,0
224,0,1.853702,1.477037,14.866818,0.577240,2.679477,19.977237,1.676524,1.161506,6.260766,1.435371,1.209971,0.254211,133,45724,0,0
225,0,1.879717,1.463298,13.321279,0.577952,4.198286,19.977234,1.465597,1.063331,5.272078,1.169373,1.033047,0.178928,107,35280,0,0
226,0,1.878913,1.487630,14.921495,0.567037,2.609812,19.977258,1.683916,1.193373,6.253133,1.383040,1.230028,0.257823,133,45724,0,0
227,0,1.877764,1.482368,13.391357,0.573039,4.135071,19.977230,1.557424,0.995599,5.310699,1.166568,0.979763,0.178928,107,35280,0,0
228,0,1.874749,1.481937,14.774424,0.579010,2.749068,19.977251,1.722460,1.133952,6.278181,1.343269,1.255561,0.242611,133,45724,0,0
229,0,1.880442,1.482161,13.305345,0.563538,4.227912,19.977237,1.522207,0.998206,5.326650,1.229943,0.974932,0.187456,107,35280,0,0
230,0,1.877689,1.483398,14.712979,0.557570,2.824270,19.972507,1.673272,1.194204,6.252458,1.438219,1.172143,0.254547,133,45724,0,0
231,0,1.872996,1.476976,13.375292,0.566640,4.162309,19.977237,1.479828,1.029022,5.306580,1.248206,0.943010,0.218740,107,35280,0,0
232,0,1.858775,1.460568,14.764530,0.564826,2.789117,19.977247,1.617096,1.138821,6.308492,1.426697,1.222402,0.254886,133,45724,0,0
233,0,1.850671,1.455336,13.202135,0.580126,4.329414,19.962345,1.488278,0.983575,5.263716,1.187293,0.959012,0.178928,107,35280,0,0
234,0,1.866747,1.454617,14.789415,0.559258,2.761824,19.977244,1.676097,1.108402,6.287977,1.398780,1.219798,0.254547,133,45724,0,0
235,0,1.856856,1.465488,13.231344,0.643019,4.249698,19.980916,1.445004,0.981873,5.271200,1.177934,1.006161,0.189117,107,35280,0,0
236,0,1.860999,1.484334,15.161028,0.566800,2.370480,19.959307,1.655643,1.231720,6.280090,1.375977,1.206112,0.269151,133,45724,0,0
237,0,1.862135,1.485470,13.445899,0.579827,4.089376,19.977237,1.526635,0.989909,5.249291,1.185204,0.943010,0.190203,107,35280,0,0
238,0,1.851681,1.472334,14.718051,0.557695,2.849803,19.977230,1.683719,1.164510,6.195462,1.354296,1.203603,0.250614,133,45724,0,0
239,0,1.859585,1.482920,13.152215,0.569695,4.395755,19.977251,1.521925,1.064894,5.202223,1.185499,0.974233,0.178928,107,35280,0,0
240,0,1.856659,1.461843,15.068729,0.556617,2.495229,19.977234,1.634698,1.139269,6.293359,1.369710,1.251495,0.249112,133,45724,0,0
241,0,1.870565,1.460775,13.211066,0.587992,4.307627,19.977251,1.482574,0.998260,5.300897,1.132480,1.019630,0.178928,107,35280,0,0
242,0,1.877068,1.481571,14.715485,0.566172,2.818512,19.977237,1.629367,1.154494,6.276011,1.362037,1.214566,0.275648,133,45724,0,0
243,0,1.874858,1.481791,13.260366,0.568600,4.273421,19.977244,1.523509,0.975766,5.301961,1.224599,0.963274,0.173018,107,35280,0,0
244,0,1.880873,1.481835,14.835385,0.569702,2.691284,19.977244,1.753805,1.095740,6.245765,1.392849,1.241516,0.247420,133,45724,0,0
245,0,1.869147,1.478010,13.140313,0.581635,4.386139,19.977234,1.516123,1.022892,5.257067,1.213047,0.956224,0.190440,107,35280,0,0
246,0,1.872972,1.471252,14.989922,0.566657,2.547692,19.977244,1.695197,1.180786,6.250404,1.423045,1.197276,0.254547,133,45724,0,0
247,0,1.875037,1.481876,13.197635,0.566389,4.338165,19.977227,1.504764,0.982452,5.351810,1.195852,1.013872,0.178928,107,35280,0,0
248,0,1.852234,1.455146,14.771071,0.560059,2.793898,19.977261,1.598599,1.156776,6.296627,1.426683,1.265435,0.254547,133,45724,0,0
249,0,1.880903,1.463752,13.409054,0.577050,4.110226,19.977234,1.555379,1.046427,5.246606,1.220608,0.943010,0.178928,107,35280,0,0
250,0,1.879103,1.471636,14.578013,0.580929,2.939199,19.977244,1.630829,1.145020,6.274740,1.422885,1.210978,0.250563,133,45724,0,0
251,0,1.852736,1.459557,13.268294,0.568709,4.285360,19.975098,1.466346,0.984287,5.285868,1.169373,1.004211,0.187049,107,35280,0,0
252,0,1.856042,1.479377,14.962724,0.579512,2.567020,19.965298,1.674120,1.149275,6.248976,1.390947,1.187646,0.260115,133,45724,0,0
253,0,1.851142,1.474477,13.461826,0.626963,4.037316,19.977247,1.533149,0.965417,5.228160,1.185496,0.960748,0.178928,107,35280,0,0
254,0,1.853655,1.474308,14.821726,0.556213,2.745636,19.977230,1.658613,1.154009,6.224806,1.352146,1.233643,0.254547,133,45724,0,0
255,0,1.856340,1.479675,13.319054,0.587969,4.213874,19.977237,1.500932,0.989370,5.319258,1.164629,1.027228,0.197279,107,35280,0,0
256,0,1.866526,1.467489,14.831112,0.581736,2.695828,19.975203,1.649946,1.109297,6.310076,1.363732,1.314701,0.254547,133,45724,0,0
257,0,1.875949,1.458055,13.296112,0.560038,4.245134,19.977234,1.483463,1.032891,5.266632,1.151611,0.996524,0.178928,107,35280,0,0
258,0,1.883592,1.484555,14.916799,0.556617,2.620239,19.977247,1.670451,1.151421,6.278375,1.420458,1.247477,0.254547,133,45724,0,0
259,0,1.874905,1.482225,13.123379,0.570123,4.408824,19.977230,1.506575,1.036231,5.244985,1.184953,0.979258,0.178928,107,35280,0,0
260,0,1.876831,1.481194,14.950758,0.569699,2.579970,19.977258,1.709551,1.164873,6.197713,1.324504,1.194594,0.257100,133,45724,0,0
261,0,1.873169,1.476929,13.185781,0.610168,4.308109,19.977227,1.534597,0.983765,5.283841,1.236152,0.991560,0.179199,107,35280,0,0
262,0,1.877187,1.477339,15.110697,0.566667,2.422682,19.977234,1.637177,1.136281,6.326084,1.374220,1.189789,0.255870,133,45724,0,0
263,0,1.873762,1.478051,13.130188,0.632182,4.341105,19.977237,1.480143,0.985440,5.312297,1.186184,0.995897,0.201070,107,35280,0,0
264,0,1.874983,1.458750,14.779595,0.593282,2.751851,19.999712,1.693325,1.107815,6.237813,1.360477,1.235358,0.254547,133,45724,0,0
265,0,1.855242,1.460141,13.485189,0.566633,4.047719,19.954783,1.526028,1.008796,5.273573,1.210690,1.005320,0.178928,107,35280,0,0
266,0,1.873199,1.465922,14.760050,0.567112,2.776883,19.977244,1.691817,1.108927,6.294813,1.430210,1.201955,0.254818,133,45724,0,0
267,0,1.852787,1.462541,13.225220,0.566111,4.327847,19.971965,1.502401,0.962667,5.265944,1.172028,1.014896,0.189694,107,35280,0,0
268,0,1.860813,1.484148,15.181305,0.566467,2.359884,19.968469,1.654941,1.120158,6.328291,1.407617,1.242818,0.254547,133,45724,0,0
269,0,1.860009,1.483344,13.214542,0.559241,4.343452,19.977244,1.518653,0.961121,5.287153,1.132480,0.943010,0.189694,107,35280,0,0
270,0,1.858151,1.478733,14.902171,0.580980,2.635932,19.977234,1.657715,1.149397,6.276859,1.382233,1.208998,0.254547,133,45724,0,0
271,0,1.852308,1.475644,13.166816,0.570767,4.387346,19.977237,1.522898,0.960802,5.267358,1.207865,1.003964,0.178928,107,35280,0,0
272,0,1.855143,1.459422,14.684838,0.559937,2.877330,19.977247,1.674489,1.157247,6.293576,1.385071,1.221832,0.254547,133,45724,0,0
273,0,1.878991,1.462036,13.473480,0.566630,4.058133,19.977234,1.491920,1.063304,5.226973,1.163550,0.945692,0.178928,107,35280,0,0
274,0,1.874759,1.479584,14.616943,0.562836,2.922719,19.977258,1.666599,1.127357,6.290805,1.391127,1.279151,0.248851,133,45724,0,0
275,0,1.874495,1.478885,13.030060,0.560394,4.512282,19.977230,1.518439,1.025920,5.262848,1.179650,0.964352,0.197327,107,35280,0,0
276,0,1.864000,1.472850,14.846120,0.563161,2.703973,19.977254,1.620972,1.165127,6.298045,1.385942,1.317305,0.254130,133,45724,0,0
277,0,1.877360,1.478322,13.298018,0.566667,4.235189,19.977234,1.521172,1.089315,5.242998,1.148495,0.994697,0.179284,107,35280,0,0
278,0,1.873162,1.478082,14.625136,0.578579,2.900357,19.977234,1.659553,1.137668,6.350681,1.395613,1.243208,0.254547,133,45724,0,0
279,0,1.876258,1.479838,13.132463,0.567603,4.400913,19.977237,1.540358,0.955709,5.308590,1.185621,0.989909,0.178928,107,35280,0,0
280,0,1.880727,1.461015,14.575914,0.581845,2.947622,19.986108,1.681793,1.139815,6.262580,1.391137,1.254425,0.254869,133,45724,0,0
281,0,1.846619,1.450772,13.244927,0.567203,4.307583,19.966332,1.539269,1.006259,5.212823,1.201375,0.943010,0.178928,107,35280,0,0
282,0,1.867988,1.453349,14.630802,0.581214,2.912832,19.992835,1.705014,1.107527,6.324734,1.442854,1.227695,0.269124,133,45724,0,0
283,0,1.856076,1.464606,13.012607,0.569536,4.527422,19.965641,1.506538,1.000539,5.227698,1.171078,0.971446,0.191128,107,35280,0,0
284,0,1.859548,1.460432,14.873071,0.559241,2.681390,19.973250,1.616896,1.179064,6.334483,1.416765,1.244490,0.254547,133,45724,0,0
285,0,1.855448,1.478784,13.351179,0.566796,4.203807,19.977230,1.479848,0.971853,5.324992,1.164829,0.998400,0.178928,107,35280,0,0
286,0,1.858090,1.478743,14.892456,0.584524,2.642175,19.977244,1.662960,1.162442,6.284081,1.341573,1.238553,0.264686,133,45724,0,0
287,0,1.860748,1.484083,13.210473,0.565989,4.340034,19.977244,1.557017,0.999071,5.243296,1.181939,1.001801,0.178928,107,35280,0,0
288,0,1.853275,1.460253,15.259620,0.556610,2.307736,19.977241,1.655928,1.215803,6.258640,1.338932,1.267897,0.248993,133,45724,0,0
289,0,1.884355,1.494022,13.093102,0.567159,4.432614,19.977230,1.540046,1.013936,5.241984,1.156884,0.965461,0.188500,107,35280,0,0
290,0,1.873369,1.478587,14.927036,0.567037,2.609816,19.977258,1.643422,1.173577,6.290314,1.389706,1.255849,0.268290,133,45724,0,0
291,0,1.880208,1.485738,13.292881,0.572398,4.231740,19.977227,1.467377,1.079220,5.262973,1.151103,0.989349,0.175385,107,35280,0,0
292,0,1.878530,1.479882,15.338542,0.562168,2.198022,19.977261,1.678928,1.177700,6.291107,1.369005,1.262973,0.254547,133,45724,0,0
293,0,1.874166,1.478255,13.180579,0.576402,4.346083,19.977230,1.498830,0.985057,5.344123,1.195852,1.001597,0.178385,107,35280,0,0
294,0,1.873006,1.475528,15.302378,0.563148,2.238708,19.977241,1.667240,1.157932,6.323700,1.424330,1.238359,0.249959,133,45724,0,0
295,0,1.873057,1.479882,13.234477,0.565040,4.304664,19.977237,1.509091,1.068363,5.242225,1.205275,0.978217,0.178928,107,35280,0,0
296,0,1.857937,1.458900,14.877235,0.562751,2.679328,19.977251,1.655429,1.190396,6.245863,1.367418,1.265110,0.254547,133,45724,0,0
297,0,1.867547,1.464545,13.453671,0.623498,4.032511,19.977227,1.512529,1.040788,5.268090,1.171997,0.991811,0.189026,107,35280,0,0
298,0,1.851705,1.458798,15.020962,0.585314,2.497789,19.955770,1.691966,1.169603,6.219245,1.420115,1.214159,0.252936,133,45724,0,0
299,0,1.852620,1.461144,13.293416,0.559699,4.252574,19.958310,1.502055,1.011159,5.284231,1.169647,1.060591,0.182363,107,35280,0,0
300,0,1.860789,1.484053,14.951196,0.581017,2.584252,19.977254,1.701036,1.143921,6.266313,1.423794,1.211216,0.254547,133,45724,0,0
301,0,1.854011,1.477346,13.279714,0.572456,4.271061,19.977241,1.557081,0.992706,5.228638,1.177161,0.971863,0.173374,107,35280,0,0
302,0,1.852648,1.473301,14.666484,0.616194,2.841905,19.977230,1.691928,1.114658,6.290988,1.324504,1.319238,0.254547,133,45724,0,0
303,0,1.857710,1.481045,13.381704,0.583564,4.154256,19.977234,1.505673,1.055749,5.210107,1.153107,0.972470,0.178928,107,35280,0,0
304,0,1.885562,1.464834,14.779412,0.559940,2.752333,19.977247,1.631894,1.093808,6.368625,1.378231,1.277781,0.259040,133,45724,0,0
305,0,1.877407,1.481876,13.214650,0.556997,4.328183,19.977237,1.507473,1.014784,5.230330,1.169752,0.975267,0.179267,107,35280,0,0
306,0,1.879832,1.484989,14.737827,0.581635,2.777961,19.977254,1.703135,1.128225,6.316010,1.355119,1.249112,0.254547,133,45724,0,0
307,0,1.877998,1.484996,13.316166,0.570095,4.210921,19.975179,1.589006,1.004517,5.302836,1.170539,0.985721,0.178928,107,35280,0,0
308,0,1.873979,1.476261,14.817329,0.564606,2.721344,19.977258,1.686425,1.130964,6.258253,1.397552,1.203735,0.261783,133,45724,0,0
309,0,1.873454,1.480581,13.303033,0.617594,4.183150,19.977230,1.479991,1.097944,5.313182,1.184611,0.988495,0.178555,107,35280,0,0
310,0,1.897430,1.492126,14.638845,0.580753,2.860216,19.977244,1.682790,1.127536,6.276798,1.374034,1.202769,0.259067,133,45724,0,0
311,0,1.875722,1.462663,13.185065,0.567064,4.361406,19.989258,1.489214,1.055878,5.261729,1.206390,0.996328,0.178928,107,35280,0,0
312,0,1.854584,1.459622,14.874742,0.567600,2.668291,19.965217,1.672814,1.173567,6.227020,1.378618,1.189463,0.242171,133,45724,0,0
313,0,1.878689,1.460771,13.242689,0.580119,4.275750,19.977247,1.526143,0.970313,5.212301,1.176731,0.976084,0.188517,107,35280,0,0
314,0,1.857452,1.458337,14.699036,0.574046,2.849809,19.980343,1.684981,1.128805,6.305060,1.416612,1.202077,0.254547,133,45724,0,0
315,0,1.857934,1.461273,13.163690,0.570123,4.367160,19.958906,1.500017,1.017571,5.198422,1.190413,0.976420,0.178928,107,35280,0,0
316,0,1.860952,1.484287,14.984639,0.625746,2.505917,19.977254,1.668945,1.198832,6.243066,1.362800,1.226471,0.254547,133,45724,0,0
317,0,1.854343,1.477678,13.175212,0.618724,4.328952,19.977230,1.538876,1.013757,5.278734,1.188449,0.943010,0.178928,107,35280,0,0
318,0,1.862359,1.483012,14.612172,0.569560,2.933143,19.977234,1.698968,1.118001,6.273699,1.343177,1.253828,0.254547,133,45724,0,0
319,0,1.863081,1.470374,13.191956,0.569706,4.352492,19.977234,1.544566,0.954556,5.282725,1.233741,0.979336,0.178928,107,35280,0,0
320,0,1.881700,1.464935,15.114488,0.569692,2.411380,19.977261,1.620565,1.219676,6.202230,1.371606,1.188805,0.261820,133,45724,0,0
321,0,1.877743,1.481062,13.166083,0.569685,4.363719,19.977230,1.531498,1.066155,5.179515,1.149709,0.975796,0.178979,107,35280,0,0
322,0,1.876499,1.485229,14.734924,0.581607,2.784220,19.977251,1.701365,1.221520,6.257494,1.405762,1.252913,0.254547,133,45724,0,0
323,0,1.871297,1.475301,13.227471,0.573812,4.304650,19.977230,1.523661,1.011773,5.271274,1.164361,0.999627,0.178928,107,35280,0,0
324,0,1.874237,1.479231,15.109955,0.650421,2.342645,19.977258,1.636152,1.207947,6.339844,1.405334,1.246755,0.256304,133,45724,0,0
325,0,1.878740,1.483131,13.237949,0.614922,4.245626,19.977237,1.508738,0.985955,5.351078,1.162432,1.008447,0.188195,107,35280,0,0
326,0,1.873898,1.480679,14.657182,0.575504,2.870653,19.977237,1.667731,1.196903,6.232286,1.346876,1.193868,0.263567,133,45724,0,0
327,0,1.893789,1.498745,13.125326,0.559703,4.407271,19.986087,1.512410,0.959717,5.287191,1.170573,1.000804,0.186584,107,35280,0,0
328,0,1.856920,1.464040,14.732863,0.571140,2.807461,19.968384,1.632877,1.108188,6.404663,1.437442,1.271823,0.254547,133,45724,0,0
329,0,1.880324,1.462379,13.305478,0.577630,4.213820,19.977251,1.536014,0.988397,5.227749,1.147858,0.996260,0.182261,107,35280,0,0
330,0,1.855621,1.462470,14.785173,0.555793,2.785428,19.982015,1.725586,1.100111,6.264940,1.403656,1.190711,0.254547,133,45724,0,0
331,0,1.860735,1.461619,13.108588,0.567691,4.421190,19.958204,1.535878,1.030070,5.215810,1.201820,0.973345,0.178928,107,35280,0,0
332,0,1.860948,1.484283,14.676961,0.566125,2.871151,19.975186,1.653741,1.212389,6.216773,1.417508,1.212714,0.261159,133,45724,0,0
333,0,1.846876,1.470211,13.172255,0.566803,4.391313,19.977247,1.522519,0.978414,5.269731,1.191508,0.987556,0.173374,107,35280,0,0
334,0,1.857178,1.477831,14.807783,0.566115,2.746155,19.977230,1.649414,1.177361,6.221978,1.362027,1.230116,0.241815,133,45724,0,0
335,0,1.862817,1.463786,13.260474,0.570123,4.283830,19.977244,1.463820,0.976251,5.312632,1.177382,0.992737,0.178928,107,35280,0,0
336,0,1.869958,1.460208,14.860728,0.583377,2.663184,19.977247,1.643758,1.207743,6.234565,1.364699,1.174059,0.273807,133,45724,0,0
337,0,1.881812,1.491489,13.314412,0.566952,4.214050,19.977227,1.573724,0.954732,5.201460,1.132480,0.980428,0.184228,107,35280,0,0
338,0,1.880673,1.487681,14.628554,0.576555,2.891476,19.977258,1.674957,1.120416,6.264771,1.394518,1.263072,0.232456,133,45724,0,0
339,0,1.878703,1.483799,13.197934,0.575111,4.325480,19.977227,1.551487,0.980611,5.289497,1.169328,0.989431,0.178928,107,35280,0,0
340,0,1.876733,1.481276,15.079915,0.566800,2.453813,19.977261,1.635451,1.109636,6.392270,1.358110,1.257375,0.254547,133,45724,0,0
341,0,1.881331,1.485131,13.189887,0.566650,4.339359,19.977227,1.546729,0.946554,5.363447,1.210120,1.019779,0.178928,107,35280,0,0
342,0,1.866699,1.468970,14.608907,0.580441,2.921193,19.977241,1.656779,1.149662,6.295522,1.346954,1.317817,0.256310,133,45724,0,0
343,0,1.883799,1.468367,13.205010,0.647878,4.263004,19.999691,1.506321,1.008352,5.256900,1.180959,0.943010,0.187710,107,35280,0,0
344,0,1.860474,1.461436,14.816766,0.563361,2.714196,19.954797,1.633847,1.131697,6.342350,1.383263,1.275109,0.260430,133,45724,0,0
345,0,1.869849,1.463945,13.211768,0.589569,4.328413,19.999600,1.550937,1.037893,5.221185,1.226023,0.976030,0.178928,107,35280,0,0
346,0,1.862878,1.463762,14.944750,0.559245,2.596781,19.963654,1.741272,1.116553,6.252353,1.367310,1.202983,0.256361,133,45724,0,0
347,0,1.862088,1.485423,13.169101,0.563419,4.373857,19.968465,1.564806,0.951202,5.275282,1.195879,0.980181,0.178928,107,35280,0,0
348,0,1.852915,1.476251,15.093309,0.566667,2.464355,19.977247,1.670820,1.186289,6.291222,1.398980,1.249593,0.254547,133,45724,0,0
349,0,1.853180,1.476515,13.307716,0.566711,4.249634,19.977241,1.558404,0.969533,5.274116,1.197649,0.943010,0.173374,107,35280,0,0
350,0,1.858151,1.478804,14.754734,0.577043,2.787303,19.977230,1.710748,1.147471,6.240163,1.378703,1.215434,0.265900,133,45724,0,0
351,0,1.857591,1.460673,13.292111,0.578193,4.249349,19.977244,1.465905,0.977614,5.336029,1.159736,1.071109,0.178928,107,35280,0,0
352,0,1.877794,1.459642,14.861854,0.557760,2.679837,19.977244,1.628252,1.172685,6.331038,1.358897,1.245917,0.254547,133,45724,0,0
353,0,1.874491,1.482422,13.165470,0.567169,4.370100,19.977230,1.518446,0.978177,5.213742,1.132480,1.029093,0.183804,107,35280,0,0
354,0,1.877662,1.482442,15.115702,0.578518,2.405375,19.977258,1.721320,1.104082,6.285990,1.379713,1.216960,0.264584,133,45724,0,0
355,0,1.876594,1.483588,13.216973,0.568583,4.315084,19.977234,1.555718,0.971090,5.247457,1.184408,1.000536,0.178928,107,35280,0,0
356,0,1.881710,1.482673,15.012421,0.565647,2.517473,19.977251,1.665934,1.175635,6.273899,1.365387,1.227353,0.254547,133,45724,0,0
357,0,1.859901,1.468502,13.219669,0.577223,4.318383,19.975176,1.472378,1.008253,5.338881,1.189548,0.994205,0.186432,107,35280,0,0
358,0,1.878055,1.476335,14.643243,0.574897,2.881646,19.977841,1.656576,1.177612,6.290246,1.431552,1.186381,0.230337,133,45724,0,0
359,0,1.860392,1.467289,13.158139,0.570112,4.387997,19.976640,1.595181,1.017083,5.212474,1.209008,0.959659,0.178928,107,35280,0,0
480,1,1.897773,1.457567,19.640289,0.570089,17.869856,39.978007,2.059991,2.249522,6.988068,1.490475,1.568770,0.252808,161,46464,0,0
481,1,1.910255,1.480489,17.727732,0.623722,19.715535,39.977244,1.932295,2.558563,5.694390,1.219872,1.186425,0.185038,124,35888,0,0
482,1,1.911319,1.483887,19.584293,0.570095,17.920383,39.986091,2.058116,2.524424,6.904527,1.482324,1.474626,0.244307,161,46464,0,0
483,1,1.889269,1.459659,17.266327,0.596191,0.216600,19.968387,1.988824,2.308200,5.712836,1.277578,1.146745,0.180552,124,35888,0,0
484,1,1.895630,1.456814,19.224982,0.632579,18.224053,39.977244,2.085069,2.519843,6.900981,1.468377,1.463325,0.274770,161,46464,0,0
485,1,1.914388,1.472493,17.383314,0.570268,0.109263,19.977234,1.849491,2.410156,5.861677,1.324944,1.172923,0.184933,124,35888,0,0
486,1,1.900174,1.487430,19.520281,0.566627,17.974019,39.961100,2.069065,2.367984,6.857591,1.423709,1.459452,0.256616,161,46464,0,0
487,1,1.899767,1.486393,17.793772,0.638584,19.645118,39.977241,1.858368,2.595249,5.743764,1.219245,1.150241,0.180552,124,35888,0,0
488,1,1.894958,1.482120,19.749959,0.577077,17.755242,39.977237,2.124695,2.223046,6.883399,1.440772,1.532166,0.271064,161,46464,0,0
489,1,1.906338,1.451742,17.357663,0.572622,0.140611,19.977234,1.859063,2.429684,5.675527,1.258013,1.126126,0.185588,124,35888,0,0
490,1,1.906287,1.473372,19.837134,0.591119,17.640018,39.974559,2.052463,2.564240,6.841437,1.482924,1.474257,0.245151,161,46464,0,0
491,1,1.915934,1.483303,17.518968,0.589108,19.951168,39.975179,1.924320,2.435910,5.679664,1.221035,1.150577,0.182648,124,35888,0,0
492,1,1.909624,1.466359,18.877682,0.570089,18.619856,39.977251,2.062473,2.241235,6.888184,1.440474,1.472070,0.266483,161,46464,0,0
493,1,1.911021,1.457913,17.261705,0.571045,0.233487,19.977258,1.829671,2.324768,5.805233,1.313890,1.150306,0.176320,124,35888,0,0
494,1,1.916134,1.458639,19.417270,0.573140,18.070679,39.977224,2.087799,2.357188,6.951884,1.476952,1.576060,0.257955,161,46464,0,0
495,1,1.890639,1.477305,17.563965,0.637115,19.867282,39.959001,1.845011,2.522251,5.805739,1.234429,1.192600,0.180552,124,35888,0,0
496,1,1.893843,1.481008,19.885993,0.583584,17.613814,39.977234,2.124315,2.394368,6.888828,1.426297,1.548045,0.249410,161,46464,0,0
497,1,1.889832,1.477159,17.123149,0.571058,0.393199,19.977237,1.919318,2.247152,5.770284,1.312252,1.092828,0.180823,124,35888,0,0
498,1,1.905477,1.459764,19.970707,0.568163,17.532908,39.977254,2.128821,2.381399,6.985677,1.530128,1.437541,0.256616,161,46464,0,0
499,1,1.909726,1.481388,17.980177,0.583598,19.503737,39.977237,1.900970,2.757189,5.672109,1.247260,1.154575,0.167972,124,35888,0,0
500,1,1.903931,1.476254,19.372942,0.580519,18.119843,39.977234,2.007012,2.447205,6.882073,1.426144,1.535522,0.256887,161,46464,0,0
501,1,1.891184,1.460612,16.896115,0.583998,0.605954,19.977251,1.882972,2.335697,5.822608,1.303548,1.127330,0.174913,124,35888,0,0
502,1,1.913225,1.461633,19.862715,0.571855,17.629452,39.977247,2.166389,2.522576,6.793674,1.441908,1.454973,0.256226,161,46464,0,0
503,1,1.899289,1.453579,17.315901,0.569309,0.192729,19.977227,1.971307,2.317159,5.684526,1.200365,1.120761,0.180552,124,35888,0,0
504,1,1.898421,1.467278,20.084110,0.583052,17.412981,39.978563,2.092404,2.434804,6.898003,1.507975,1.514615,0.279931,161,46464,0,0
505,1,1.891890,1.478682,17.670149,0.627428,19.783769,39.973236,1.844672,2.586029,5.723355,1.219174,1.147383,0.180823,124,35888,0,0
506,1,1.885257,1.471961,19.566650,0.565915,17.957377,39.975199,2.107310,2.307861,6.876553,1.514594,1.509555,0.259176,161,46464,0,0
507,1,1.911896,1.463389,17.322157,0.562670,0.180525,19.977247,1.830353,2.483670,5.719886,1.234684,1.188829,0.180552,124,35888,0,0
508,1,1.906542,1.459958,19.089067,0.569594,18.412031,39.977234,2.113973,2.276293,6.864671,1.460951,1.461578,0.243951,161,46464,0,0
509,1,1.899478,1.467160,17.503821,0.583588,19.990350,39.977237,1.939894,2.543142,5.693387,1.220981,1.152547,0.176127,124,35888,0,0
510,1,1.903636,1.461795,19.435747,0.566691,18.071170,39.977244,2.145274,2.369130,6.873386,1.458577,1.510844,0.256616,161,46464,0,0
511,1,1.893758,1.459663,17.206184,0.565403,0.311883,19.977227,1.817563,2.656901,5.719479,1.260142,1.105852,0.188870,124,35888,0,0
512,1,1.908061,1.459456,20.341244,0.566427,17.161526,39.977258,2.088498,2.574015,6.825324,1.439087,1.465230,0.230269,161,46464,0,0
513,1,1.884844,1.472171,17.327962,0.583818,0.182353,19.978977,1.885128,2.327254,5.673726,1.223009,1.110063,0.174171,124,35888,0,0
514,1,1.886895,1.474155,19.506317,0.569594,17.995372,39.958177,2.116167,2.358534,6.872050,1.450385,1.474704,0.256616,161,46464,0,0
515,1,1.893650,1.480309,17.789456,0.583513,19.710622,39.977241,1.872850,2.572242,5.759769,1.233517,1.171722,0.180552,124,35888,0,0
516,1,1.901513,1.454475,18.787509,0.647586,18.640622,39.977230,2.047326,2.595920,6.834900,1.421600,1.524397,0.262560,161,46464,0,0
517,1,1.911350,1.479753,17.540046,0.576128,19.949714,39.977237,1.898488,2.941803,5.716505,1.280402,1.094744,0.188572,124,35888,0,0
518,1,1.904568,1.474942,19.722019,0.574558,17.776089,39.977234,2.102736,2.356805,6.852787,1.448768,1.472426,0.257219,161,46464,0,0
519,1,1.912581,1.459198,16.846920,0.567054,0.650682,19.977237,1.874712,2.199127,5.709907,1.274146,1.097426,0.180552,124,35888,0,0
520,1,1.896281,1.468350,19.789802,0.580831,17.692461,39.959374,2.071696,2.517751,6.882185,1.485443,1.431922,0.256887,161,46464,0,0
521,1,1.905521,1.451809,17.650550,0.644596,19.774536,39.975203,1.900340,2.323829,5.649146,1.235114,1.106249,0.180823,124,35888,0,0
522,1,1.887621,1.474297,20.007290,0.581092,17.483856,39.959859,2.109300,2.330878,6.947673,1.496528,1.548686,0.256887,161,46464,0,0
523,1,1.896854,1.484029,17.619598,0.655806,19.804989,39.977247,1.904707,2.437469,5.734080,1.312208,1.146084,0.169088,124,35888,0,0
524,1,1.895192,1.482476,19.662937,0.570092,17.849019,39.977241,2.107866,2.357958,6.974711,1.496989,1.452128,0.256887,161,46464,0,0
525,1,1.895793,1.445238,16.878530,0.573296,0.629642,19.977261,1.828732,2.182251,5.802480,1.219269,1.148282,0.180823,124,35888,0,0
526,1,1.901574,1.469689,19.719547,0.590420,17.765689,39.977230,2.066973,2.530050,6.866404,1.404473,1.524540,0.260067,161,46464,0,0
527,1,1.908817,1.475176,17.482001,0.614332,19.974430,39.979580,1.902788,2.556624,5.674076,1.253048,1.130212,0.167904,124,35888,0,0
528,1,1.905741,1.470696,19.389625,0.570102,18.109429,39.974898,2.022885,2.705146,6.869276,1.528642,1.455271,0.249047,161,46464,0,0
529,1,1.905284,1.458632,17.576433,0.628316,19.867194,39.977227,1.843977,2.477227,5.781928,1.302412,1.135067,0.175388,124,35888,0,0
530,1,1.911482,1.478800,19.644694,0.572052,17.857795,39.986023,2.110599,2.472314,6.939314,1.466214,1.509871,0.256616,161,46464,0,0
531,1,1.890330,1.477061,17.360606,0.556003,0.161526,19.968465,1.912869,2.370968,5.764065,1.290771,1.105910,0.174642,124,35888,0,0
532,1,1.888584,1.475905,19.376251,0.571723,18.140679,39.977237,2.069088,2.376892,6.898400,1.461921,1.455207,0.256887,161,46464,0,0
533,1,1.896495,1.483124,17.078308,0.563151,0.439294,19.977247,1.933875,2.141110,5.714688,1.240390,1.181071,0.180823,124,35888,0,0
534,1,1.918542,1.464071,19.387563,0.593587,18.077552,39.977244,2.070496,2.307078,6.951006,1.497932,1.512553,0.270528,161,46464,0,0
535,1,1.914198,1.487220,17.516856,0.602576,19.941545,39.975176,1.890771,2.414473,5.652018,1.256019,1.146101,0.180725,124,35888,0,0
536,1,1.911723,1.480299,19.031820,0.574541,18.473087,39.991170,2.017314,2.369734,6.958381,1.511173,1.501394,0.244985,161,46464,0,0
537,1,1.886024,1.454576,17.995846,0.573151,19.508294,39.963314,1.879703,2.941732,5.701579,1.233907,1.162818,0.180823,124,35888,0,0
538,1,1.904334,1.461490,18.876217,0.577237,18.619446,39.977234,2.089661,2.363163,6.893765,1.496799,1.507243,0.256616,161,46464,0,0
539,1,1.903636,1.476817,17.660160,0.628893,19.793325,39.986013,1.858415,2.521488,5.841739,1.271434,1.191572,0.180552,124,35888,0,0
540,1,1.898254,1.484812,19.463579,0.578406,18.028219,39.968458,2.087823,2.353027,6.884074,1.424371,1.486549,0.259569,161,46464,0,0
541,1,1.884979,1.472144,17.623684,0.580444,19.888136,39.977244,1.970330,2.459880,5.708798,1.336134,1.092828,0.180823,124,35888,0,0
542,1,1.907654,1.457367,19.160875,0.570516,18.338179,39.977224,2.097714,2.363881,6.871029,1.498400,1.500654,0.256616,161,46464,0,0
543,1,1.905785,1.477651,16.809194,0.572984,0.689287,19.977251,1.858602,2.307271,5.743069,1.200365,1.125234,0.183926,124,35888,0,0
544,1,1.915375,1.479913,21.574093,0.583981,15.901099,39.974548,2.099362,2.420770,6.920190,1.472310,1.511573,0.270782,161,46464,0,0
545,1,1.913991,1.458950,17.144131,0.566498,0.352620,19.977241,1.880093,2.135997,5.816600,1.322642,1.109965,0.180823,124,35888,0,0
546,1,1.890303,1.460453,18.798350,0.585039,18.681105,39.954797,2.125916,2.224718,6.901557,1.423676,1.484002,0.258365,161,46464,0,0
547,1,1.902802,1.457231,17.068509,0.570923,0.434998,19.977230,1.906080,2.290571,5.668274,1.237851,1.126621,0.180552,124,35888,0,0
548,1,1.904470,1.472965,18.848097,0.592258,18.651713,39.996538,2.068607,2.262173,6.924927,1.439290,1.565409,0.256887,161,46464,0,0
549,1,1.882453,1.469655,17.154314,0.563161,0.361799,19.961728,1.903168,2.221035,5.665575,1.214796,1.111735,0.180823,124,35888,0,0
550,1,1.892473,1.479631,19.080570,0.569475,18.428880,39.971398,2.085412,2.263679,6.882653,1.495029,1.469401,0.256616,161,46464,0,0
551,1,1.895433,1.482225,17.681447,0.606123,19.794247,39.977251,1.830017,2.363000,5.843984,1.298024,1.166250,0.180552,124,35888,0,0
552,1,1.907952,1.459266,18.913513,0.578016,18.577742,39.977224,2.209551,2.415219,6.893806,1.482127,1.468021,0.257226,161,46464,0,0
553,1,1.909932,1.478278,16.950962,0.569533,0.546817,19.977244,1.839227,2.413801,5.681437,1.214006,1.163578,0.183384,124,35888,0,0
554,1,1.910102,1.475796,19.228658,0.571221,18.264574,39.974555,2.110555,2.214600,6.958154,1.442173,1.545220,0.258457,161,46464,0,0
555,1,1.884169,1.452481,17.507297,0.606286,19.979502,39.977254,1.883440,2.500376,5.677487,1.255551,1.125363,0.182393,124,35888,0,0
556,1,1.915497,1.465217,19.407393,0.565759,18.088589,39.977237,2.119836,2.305433,6.960361,1.516900,1.479516,0.256887,161,46464,0,0
557,1,1.910960,1.482086,19.209673,0.607697,18.265113,39.993442,1.829542,4.249881,5.774821,1.256256,1.119575,0.182654,124,35888,0,0
558,1,1.887668,1.474460,19.481459,0.565826,18.026093,39.961046,2.122240,2.494310,6.872484,1.497833,1.471537,0.256955,161,46464,0,0
559,1,1.883592,1.470859,18.122999,0.628025,19.342628,39.977244,1.827898,3.140388,5.730418,1.222738,1.140730,0.180552,124,35888,0,0
560,1,1.909566,1.462250,20.919403,0.606235,16.542043,39.977247,2.133620,2.518894,6.937768,1.491655,1.452162,0.256887,161,46464,0,0
561,1,1.905124,1.475172,17.059258,0.570262,0.442600,19.977244,1.890527,2.436801,5.688490,1.249986,1.149482,0.180823,124,35888,0,0
562,1,1.914113,1.481242,19.775950,0.574571,17.712602,39.977237,2.075562,2.420074,6.912072,1.473304,1.500838,0.269012,161,46464,0,0
563,1,1.905538,1.458927,16.933845,0.566620,0.571242,19.977244,1.968801,2.344740,5.689368,1.219211,1.133976,0.191318,124,35888,0,0
564,1,1.887536,1.456265,19.533386,0.623779,17.908027,39.952728,2.095435,2.217014,6.908040,1.475888,1.539822,0.278310,161,46464,0,0
565,1,1.902188,1.447764,17.558509,0.573174,19.943380,39.977251,1.896901,2.627550,5.765082,1.293457,1.094744,0.192878,124,35888,0,0
566,1,1.916185,1.480611,19.579437,0.612054,17.887641,39.995317,2.164246,2.369988,6.821133,1.474962,1.473006,0.256616,161,46464,0,0
567,1,1.888177,1.474779,17.435326,0.573147,0.062527,19.959178,1.848423,2.411845,5.766978,1.233663,1.130846,0.192227,124,35888,0,0
568,1,1.893287,1.479957,19.706492,0.576077,17.801375,39.977230,2.102434,2.413205,6.930657,1.482832,1.459239,0.269460,161,46464,0,0
569,1,1.893514,1.480652,17.372938,0.601023,0.109755,19.977230,1.919596,2.338908,5.766215,1.263407,1.148627,0.180823,124,35888,0,0
570,1,1.904809,1.457069,20.580414,0.577057,16.914971,39.977251,2.080071,2.448920,6.893612,1.485067,1.487942,0.256616,161,46464,0,0
571,1,1.908461,1.477766,17.264269,0.622172,0.182353,19.977254,1.909064,2.192335,5.734948,1.332506,1.124413,0.182027,124,35888,0,0
572,1,1.911174,1.484117,19.907359,0.570923,17.596608,39.986064,2.113044,2.853448,6.887417,1.404473,1.553019,0.268840,161,46464,0,0
573,1,1.891276,1.462263,17.321092,0.570333,0.185710,19.968411,1.982239,2.455034,5.664232,1.222738,1.108263,0.191064,124,35888,0,0
574,1,1.916843,1.458703,19.953773,0.605055,17.501573,39.977244,2.108398,2.433712,6.798998,1.458893,1.433645,0.253710,161,46464,0,0
575,1,1.906301,1.455672,17.665480,0.594269,19.811195,39.977244,1.903124,2.499278,5.651072,1.237356,1.092828,0.175686,124,35888,0,0
576,1,1.914280,1.481595,19.581356,0.591115,17.909268,39.996019,2.150062,2.345072,6.858008,1.425113,1.489231,0.252316,161,46464,0,0
577,1,1.886759,1.473918,17.493805,0.605787,19.972110,39.958462,1.862556,2.548486,5.695994,1.232632,1.108276,0.180823,124,35888,0,0
578,1,1.885132,1.471863,19.102963,0.567396,18.421760,39.977251,2.169630,2.217706,6.917267,1.477261,1.479536,0.284980,161,46464,0,0
579,1,1.912760,1.460286,17.143311,0.573588,0.345530,19.975189,1.901991,2.369809,5.685889,1.222165,1.092828,0.180552,124,35888,0,0
580,1,1.903815,1.453423,19.808662,0.650214,17.614546,39.977237,2.069668,2.523638,6.909251,1.520538,1.490346,0.256887,161,46464,0,0
581,1,1.911418,1.481127,17.709184,0.652608,19.717980,39.991191,1.879801,2.616082,5.675344,1.268124,1.109399,0.175388,124,35888,0,0
582,1,1.890127,1.458774,19.758206,0.580166,17.734792,39.963291,2.097416,2.450070,6.826799,1.456570,1.485060,0.256616,161,46464,0,0
583,1,1.911326,1.457367,17.462755,0.599162,20.003998,39.977241,1.869453,2.318759,5.720903,1.244317,1.160512,0.180552,124,35888,0,0
584,1,1.906789,1.474840,21.067986,0.603444,16.421387,39.999607,2.118157,2.270043,6.904928,1.533088,1.447784,0.258589,161,46464,0,0
585,1,1.894860,1.481608,17.192973,0.568437,0.306858,19.963128,1.874708,2.307529,5.764323,1.293135,1.126238,0.177975,124,35888,0,0
586,1,1.892259,1.479580,19.259077,0.571723,18.243232,39.966292,2.162601,2.289425,6.896044,1.448476,1.491079,0.256616,161,46464,0,0
587,1,1.894874,1.481503,17.487701,0.614753,19.979916,39.977244,1.935611,2.334815,5.772556,1.260284,1.129506,0.180552,124,35888,0,0
588,1,1.905412,1.453213,20.548543,0.572242,16.951053,39.977251,2.024339,2.620039,6.949073,1.486905,1.488790,0.256887,161,46464,0,0
589,1,1.906264,1.473626,17.370619,0.591010,0.109348,19.977241,1.885349,2.537859,5.727556,1.235318,1.134732,0.180823,124,35888,0,0
590,1,1.905267,1.474274,20.079956,0.570248,17.421780,39.977251,2.079112,2.386119,6.905999,1.483697,1.467516,0.251180,161,46464,0,0
591,1,1.912109,1.459273,17.691010,0.581360,19.792748,39.977227,1.882534,2.700667,5.793206,1.303494,1.156976,0.180552,124,35888,0,0
592,1,1.915188,1.457530,18.967143,0.569333,18.525581,39.977244,2.116401,2.430467,6.976332,1.515079,1.439253,0.256887,161,46464,0,0
593,1,1.905826,1.474169,17.344669,0.563161,0.161516,19.975172,1.855452,2.418135,5.799062,1.247945,1.207818,0.180823,124,35888,0,0
594,1,1.905809,1.470757,18.555094,0.589376,18.934001,39.984280,2.092940,2.222402,6.934943,1.489933,1.517276,0.246585,161,46464,0,0
595,1,1.892758,1.479387,17.439596,0.570557,0.067308,19.970218,1.892500,2.563015,5.729055,1.314328,1.147129,0.180552,124,35888,0,0
596,1,1.900387,1.487583,19.619531,0.573212,17.884104,39.977234,2.112210,2.378899,6.942946,1.532525,1.418901,0.238888,161,46464,0,0
597,1,1.912262,1.479472,18.081397,0.637146,19.346429,39.977234,1.878438,2.860511,5.782630,1.275143,1.170980,0.175388,124,35888,0,0
598,1,1.908173,1.454061,19.212443,0.569587,18.287028,39.977230,2.183187,2.236779,6.885264,1.445655,1.529585,0.266635,161,46464,0,0
599,1,1.891927,1.464935,17.148838,0.570262,0.366214,19.977241,1.856398,2.482117,5.843336,1.275401,1.215193,0.174642,124,35888,0,0
600,1,1.902720,1.448117,18.808767,0.570638,18.692430,39.974555,2.147800,2.292565,6.857869,1.482619,1.438951,0.256887,161,46464,0,0
601,1,1.909200,1.458859,17.898933,0.618703,19.550408,39.977244,1.845001,2.619619,5.868011,1.325680,1.107198,0.177887,124,35888,0,0
602,1,1.901805,1.470537,20.605879,0.573168,16.896403,39.977254,2.077247,2.616418,6.916256,1.509827,1.468608,0.256616,161,46464,0,0
603,1,1.895471,1.482137,17.466203,0.620083,19.976295,39.958052,1.868893,2.440097,5.734751,1.258864,1.179593,0.191396,124,35888,0,0
604,1,1.884647,1.471337,19.829695,0.580695,17.681664,39.976702,2.027615,2.452142,6.921665,1.528666,1.442318,0.245802,161,46464,0,0
605,1,1.891140,1.478407,17.698249,0.593682,19.794176,39.977247,1.875404,2.511729,5.680790,1.248478,1.129045,0.185699,124,35888,0,0
606,1,1.908895,1.455231,20.339695,0.583564,17.145104,39.977258,2.111077,2.561181,6.872240,1.457279,1.418901,0.322086,161,46464,0,0
607,1,1.917589,1.482374,17.138485,0.570665,0.360477,19.987217,1.842112,2.400635,5.753052,1.221917,1.191074,0.180552,124,35888,0,0
608,1,1.889798,1.457740,19.364458,0.644511,18.140686,40.039452,2.030416,3.226542,6.944743,1.461151,1.550252,0.248189,161,46464,0,0
609,1,1.904572,1.461650,17.398739,0.574816,0.024848,19.902974,1.893795,2.491675,5.744466,1.287099,1.131978,0.180823,124,35888,0,0
610,1,1.914964,1.459496,20.770315,0.568169,16.723796,39.977244,2.090285,2.283854,6.925327,1.505924,1.502404,0.254581,161,46464,0,0
611,1,1.901310,1.474002,17.365173,0.590997,0.119775,19.977254,1.896166,2.286580,5.681298,1.203047,1.124766,0.180552,124,35888,0,0
612,1,1.909854,1.478963,18.971273,0.579895,18.535495,39.996518,2.090939,2.291168,6.838572,1.456163,1.460015,0.256887,161,46464,0,0
613,1,1.875631,1.461775,17.611155,0.570943,19.900224,39.957954,1.851542,2.336480,5.818122,1.238135,1.160875,0.175612,124,35888,0,0
614,1,1.889421,1.476061,19.783308,0.559662,17.744849,39.977241,2.088854,2.519067,6.881917,1.445394,1.505595,0.256788,161,46464,0,0
615,1,1.914554,1.463159,17.608229,0.583554,19.870900,39.977237,1.907762,2.669267,5.751133,1.251122,1.159186,0.180823,124,35888,0,0
616,1,1.904982,1.473524,19.434414,0.595110,18.067759,40.002265,2.098382,2.318312,6.865451,1.444977,1.479828,0.269179,161,46464,0,0
617,1,1.887499,1.456045,17.458103,0.633365,19.973236,39.952203,1.984958,2.450487,5.708917,1.239061,1.168474,0.180823,124,35888,0,0
618,1,1.905613,1.459459,20.642181,0.574595,16.854852,39.977241,2.102108,2.335893,6.903493,1.439270,1.449310,0.251180,161,46464,0,0
619,1,1.918125,1.482449,17.473351,0.605842,19.979923,39.977241,1.882433,2.380764,5.807465,1.234460,1.179206,0.180823,124,35888,0,0
620,1,1.904883,1.473456,19.799086,0.570377,17.722850,39.997196,2.067966,2.594432,6.849860,1.501641,1.454627,0.256887,161,46464,0,0
621,1,1.877343,1.463966,17.530568,0.610463,19.936829,39.955204,1.925439,2.474406,5.782250,1.200365,1.170088,0.187859,124,35888,0,0
622,1,1.897291,1.484412,19.785845,0.580502,17.713603,39.977241,2.083991,2.430179,7.026944,1.443034,1.551643,0.256616,161,46464,0,0
623,1,1.906481,1.452837,17.328752,0.559655,0.182339,19.977227,1.845720,2.389679,5.686066,1.249793,1.106727,0.195960,124,35888,0,0
624,1,1.902062,1.457096,20.142066,0.573130,17.359992,39.977251,2.067447,2.532779,6.928016,1.468920,1.458408,0.263367,161,46464,0,0
625,1,1.884393,1.456624,17.277924,0.582594,0.232334,19.977244,1.953701,2.330285,5.748444,1.222816,1.127469,0.180823,124,35888,0,0
626,1,1.906670,1.467194,19.474714,0.573140,18.022715,39.977241,2.130710,2.287364,6.886943,1.443753,1.470076,0.256616,161,46464,0,0
627,1,1.905046,1.458360,17.514211,0.578064,19.979913,39.977234,1.883826,2.261865,5.738861,1.256354,1.142534,0.180552,124,35888,0,0
628,1,1.906382,1.478875,19.188009,0.572035,18.310818,39.977244,2.098596,2.364899,6.894172,1.482357,1.471398,0.252987,161,46464,0,0
629,1,1.909871,1.480360,17.457299,0.650967,19.967879,39.986016,1.932939,2.466244,5.764648,1.254374,1.168454,0.180823,124,35888,0,0
630,1,1.891435,1.478502,19.990044,0.571703,17.515276,39.968458,2.109382,2.498383,6.826572,1.459229,1.455404,0.262160,161,46464,0,0
631,1,1.888153,1.475481,17.718601,0.669468,19.701013,39.977234,1.930162,2.448134,5.754968,1.219964,1.170027,0.180552,124,35888,0,0
632,1,1.912944,1.465207,19.378889,0.593140,18.092268,39.977241,2.132812,2.414341,6.859416,1.494266,1.462396,0.265594,161,46464,0,0
633,1,1.902954,1.471229,17.158573,0.573140,0.344910,19.979577,1.906949,2.396834,5.713779,1.219916,1.114153,0.180823,124,35888,0,0
634,1,1.893219,1.458862,19.766751,0.656901,17.658040,39.974911,2.072761,2.438137,6.827182,1.497830,1.514038,0.250705,161,46464,0,0
635,1,1.905484,1.451369,17.356618,0.605811,0.109314,19.977227,1.979411,2.400224,5.705556,1.270620,1.115200,0.186367,124,35888,0,0
636,1,1.909807,1.465800,19.697632,0.587969,17.779782,39.975189,2.154850,2.520867,6.902215,1.461083,1.503621,0.257060,161,46464,0,0
637,1,1.909115,1.480038,17.482357,0.613678,19.972090,39.977241,1.991486,2.627984,5.766313,1.232846,1.158563,0.180823,124,35888,0,0
638,1,1.911448,1.480506,19.646684,0.570075,17.857246,39.985453,2.038513,2.658641,6.835368,1.525282,1.446177,0.256616,161,46464,0,0
639,1,1.888075,1.475403,18.373206,0.577247,19.130490,39.969018,1.920030,3.418138,5.672869,1.222114,1.128706,0.202925,124,35888,0,0
640,1,1.893392,1.480058,18.085910,0.589105,19.408834,39.977241,2.149651,2.084595,6.920858,1.505547,1.472497,0.258464,161,46464,0,0
641,1,1.914703,1.456828,17.237183,0.587314,0.238034,19.977234,1.874352,2.381768,5.675337,1.242452,1.106706,0.180823,124,35888,0,0
642,1,1.923089,1.478302,19.551724,0.643012,17.881880,39.999705,2.150726,2.326735,6.846785,1.481588,1.480136,0.244612,161,46464,0,0
643,1,1.900150,1.457577,17.289788,0.572744,0.192101,19.954783,1.905541,2.441396,5.697106,1.222738,1.108910,0.180552,124,35888,0,0
644,1,1.914785,1.459496,19.872525,0.564233,17.625699,39.977241,2.108114,2.354479,6.800198,1.418026,1.460029,0.259067,161,46464,0,0
645,1,1.914524,1.455892,17.395209,0.600210,0.067301,19.977244,1.869714,2.400160,5.719977,1.253265,1.137037,0.180823,124,35888,0,0
646,1,1.917169,1.475630,20.731235,0.573802,16.755039,39.977244,2.083333,2.386695,6.881239,1.504998,1.436757,0.276313,161,46464,0,0
647,1,1.917158,1.480347,17.738210,0.584493,19.753004,39.992866,1.919793,2.673462,5.715583,1.320516,1.123708,0.180552,124,35888,0,0
648,1,1.899723,1.476718,19.802839,0.569763,17.689311,39.961636,2.058150,2.254693,7.034848,1.483263,1.562144,0.256887,161,46464,0,0
649,1,1.906023,1.484090,17.520162,0.571126,19.979926,39.977237,1.937371,2.499332,5.674971,1.256385,1.110742,0.180823,124,35888,0,0
650,1,1.919651,1.457275,19.605194,0.570845,17.879503,39.975193,2.174194,2.391961,6.843723,1.462992,1.494002,0.256616,161,46464,0,0
651,1,1.917870,1.480794,17.174008,0.571069,0.314287,19.977234,1.875383,2.548099,5.656901,1.214352,1.130520,0.175117,124,35888,0,0
652,1,1.915382,1.473806,19.309428,0.582024,18.170414,39.977247,2.051598,2.259603,6.844170,1.486647,1.459181,0.253096,161,46464,0,0
653,1,1.919559,1.458523,17.630276,1.216878,19.210517,39.977230,1.900099,2.629679,5.725335,1.281104,1.150191,0.183797,124,35888,0,0
654,1,1.915944,1.459310,19.730547,0.627557,17.703196,39.977244,2.103217,2.362322,6.845937,1.422638,1.464332,0.244036,161,46464,0,0
655,1,1.922319,1.478912,17.364973,0.612217,0.077728,19.977237,1.870355,2.546566,5.722222,1.231174,1.186846,0.171204,124,35888,0,0
656,1,1.910536,1.468309,19.791734,0.573012,17.723219,39.998501,2.046346,2.449280,6.958798,1.552121,1.526109,0.238956,161,46464,0,0
657,1,1.892629,1.470696,17.040087,0.570608,0.452667,19.955990,1.861440,2.175252,5.757304,1.238817,1.138984,0.175388,124,35888,0,0
658,1,1.901560,1.479146,19.447540,0.570787,18.057349,39.977237,2.037469,2.400886,6.914052,1.490835,1.454081,0.245697,161,46464,0,0
659,1,1.908437,1.485986,17.530362,0.573147,19.965285,39.977230,1.905124,2.491024,5.670837,1.252530,1.127591,0.195841,124,35888,0,0
660,1,1.924628,1.469167,19.206434,0.577040,18.269148,39.977251,2.050249,2.435516,6.920295,1.501224,1.436052,0.256887,161,46464,0,0
661,1,1.920027,1.458289,17.155470,0.571035,0.330705,19.977237,1.826799,2.495012,5.690586,1.241106,1.167423,0.180823,124,35888,0,0
662,1,1.918576,1.473751,19.641374,0.571754,17.845540,39.977244,2.071571,2.548336,6.934238,1.470917,1.464505,0.270352,161,46464,0,0
663,1,1.908261,1.466543,17.337375,0.565077,0.166517,19.977230,1.883250,2.296482,5.751719,1.278283,1.141042,0.180552,124,35888,0,0
664,1,1.918440,1.479156,19.379293,0.567064,18.112450,39.977247,2.055081,2.403073,6.827091,1.462524,1.471293,0.258480,161,46464,0,0
665,1,1.920658,1.484358,17.384186,0.583574,0.086765,19.975182,1.881063,2.445777,5.650909,1.212531,1.172106,0.168277,124,35888,0,0
666,1,1.923048,1.478261,19.655918,0.601345,17.811947,39.992259,2.109361,2.241696,6.871379,1.496552,1.498705,0.246477,161,46464,0,0
667,1,1.895036,1.472568,17.575182,0.582987,19.909030,39.962236,1.861399,2.424286,5.707764,1.256212,1.180077,0.182393,124,35888,0,0
668,1,1.902490,1.479479,19.051476,0.569563,18.453705,39.977234,2.201179,2.375600,6.812870,1.459466,1.468224,0.264194,161,46464,0,0
669,1,1.924740,1.440396,17.273010,0.567013,0.212484,19.977247,1.873688,2.394663,5.737929,1.245188,1.127926,0.180823,124,35888,0,0
670,1,1.914381,1.441216,20.664578,0.570082,16.828189,39.977230,2.185879,2.566891,6.883091,1.422794,1.511587,0.255669,161,46464,0,0
671,1,1.923923,1.485121,17.484924,0.584863,19.983524,39.977234,1.970622,2.512224,5.680464,1.254405,1.168660,0.170322,124,35888,0,0
672,1,1.917925,1.479197,19.804945,0.572991,17.681380,39.977241,2.024373,2.425357,6.902574,1.452060,1.465776,0.276866,161,46464,0,0
673,1,1.916239,1.476193,16.724352,0.577911,0.758745,19.977247,1.854614,2.303467,5.698049,1.223511,1.132877,0.199866,124,35888,0,0
674,1,1.920865,1.479099,19.641720,0.595510,17.819143,39.977237,2.095296,2.334147,6.901079,1.464776,1.526435,0.260373,161,46464,0,0
675,1,1.919261,1.482635,17.534963,0.580716,19.954261,39.989200,1.892771,2.332821,5.681559,1.245188,1.141198,0.180552,124,35888,0,0
676,1,1.897685,1.475264,19.429769,0.570079,18.067766,39.965298,2.101708,2.383138,6.902700,1.442237,1.541507,0.256887,161,46464,0,0
677,1,1.903419,1.480967,17.501787,0.599904,19.972134,39.977244,1.860965,2.431335,5.707872,1.245310,1.110219,0.180823,124,35888,0,0
678,1,1.924635,1.439060,19.362671,0.585646,18.104285,39.977237,2.071489,2.489990,6.878082,1.437975,1.466800,0.256616,161,46464,0,0
679,1,1.915978,1.461839,17.200334,0.577901,0.283044,19.977258,1.922601,2.480106,5.606961,1.200365,1.158586,0.182722,124,35888,0,0
680,1,1.913167,1.471347,20.184567,0.569573,17.307861,39.975169,2.129266,2.538669,6.751990,1.404473,1.496494,0.256887,161,46464,0,0
681,1,1.911404,1.470832,18.514350,0.567064,18.984422,39.977241,1.829919,3.374006,5.771420,1.273716,1.166277,0.190843,124,35888,0,0
682,1,1.914971,1.473107,18.792484,0.568878,18.700914,39.977247,2.048906,2.284248,6.942301,1.450538,1.523855,0.245151,161,46464,0,0
683,1,1.925537,1.480153,16.761068,0.566467,0.724152,19.977224,1.870511,2.148834,5.792579,1.311978,1.135295,0.182885,124,35888,0,0
684,1,1.928647,1.483866,19.116448,0.562904,18.378035,39.986033,2.100610,2.293393,6.796594,1.440379,1.449124,0.244612,161,46464,0,0
685,1,1.897512,1.475043,17.443519,0.614109,0.013336,19.968475,1.880280,2.327372,5.782766,1.259589,1.149807,0.193047,124,35888,0,0
686,1,1.899563,1.476613,19.491892,0.650499,17.935272,39.977227,2.141880,2.293505,6.930528,1.511770,1.507307,0.256616,161,46464,0,0
687,1,1.887197,1.464193,17.532054,0.627543,19.930440,39.977234,1.970578,2.514777,5.689358,1.200365,1.145104,0.180552,124,35888,0,0
688,1,1.920515,1.436964,19.116787,0.566627,18.373315,39.977244,2.061727,2.426188,6.949622,1.493137,1.535126,0.256473,161,46464,0,0
689,1,1.919623,1.455939,17.306909,0.589183,0.161516,19.977230,1.789161,2.500146,5.720245,1.255490,1.166877,0.202613,124,35888,0,0
690,1,1.921034,1.483697,19.772552,0.594371,17.689297,39.977254,2.146057,2.280450,6.960036,1.460222,1.509135,0.256616,161,46464,0,0
691,1,1.917599,1.476376,17.550262,0.579044,19.930335,39.977241,1.911309,2.608303,5.709398,1.259423,1.106757,0.180552,124,35888,0,0
692,1,1.921651,1.477319,18.806909,0.573147,18.675544,39.977251,2.044664,2.624030,6.937090,1.541165,1.462887,0.256887,161,46464,0,0
693,1,1.903795,1.462552,16.840013,0.572968,0.660461,19.977237,1.833733,2.299503,5.781291,1.315409,1.153429,0.188649,124,35888,0,0
694,1,1.913883,1.475338,20.307034,0.583839,17.186337,39.991092,2.089596,2.540710,6.976261,1.495690,1.544322,0.238702,161,46464,0,0
695,1,1.902720,1.479716,17.212440,0.570106,0.278324,19.963589,1.975901,2.299357,5.675337,1.239573,1.159939,0.176924,124,35888,0,0
696,1,1.901757,1.457404,19.683180,0.569600,17.817759,39.972297,2.093730,2.312256,6.992686,1.504439,1.582303,0.250977,161,46464,0,0
697,1,1.898000,1.459344,17.474548,0.611142,19.993564,39.977254,1.931234,2.397315,5.740587,1.280362,1.113641,0.191878,124,35888,0,0
698,1,1.913869,1.434814,19.632345,0.571601,17.859419,39.977234,2.138760,2.373023,6.852047,1.460080,1.525380,0.256616,161,46464,0,0
699,1,1.921166,1.476325,16.790914,0.572632,0.692549,19.977261,1.858816,2.337728,5.658824,1.222738,1.151703,0.168616,124,35888,0,0
700,1,1.910078,1.471076,19.543888,0.611745,17.911513,39.977224,2.084866,2.345601,6.961741,1.450741,1.501275,0.256887,161,46464,0,0
701,1,1.918209,1.479289,17.721351,0.600315,19.737366,39.977241,1.949527,2.474759,5.701206,1.251662,1.092828,0.183377,124,35888,0,0
702,1,1.922109,1.483456,19.625621,0.570092,17.859419,39.977241,2.062910,2.447411,6.821855,1.461097,1.447072,0.257531,161,46464,0,0
703,1,1.918471,1.476390,16.904287,0.563382,0.591095,19.977234,1.869385,2.307512,5.732971,1.258070,1.108056,0.180552,124,35888,0,0
704,1,1.902005,1.480103,20.457174,0.637143,16.965817,39.962138,2.139014,2.466946,6.926253,1.452786,1.488824,0.269942,161,46464,0,0
705,1,1.878523,1.456116,17.283773,0.573568,0.241377,19.977241,1.871972,2.203932,5.749363,1.257585,1.142317,0.174913,124,35888,0,0
706,1,1.904778,1.459869,19.695011,0.592024,17.785411,39.977224,2.085259,2.522281,6.824924,1.464020,1.481388,0.231574,161,46464,0,0
707,1,1.916060,1.440599,17.506680,0.564158,19.990346,39.977244,1.877340,2.303589,5.736084,1.272885,1.199805,0.183146,124,35888,0,0
708,1,1.914320,1.475939,19.889086,0.616621,17.557217,39.977244,2.080889,2.472538,6.860524,1.477966,1.460609,0.256887,161,46464,0,0
709,1,1.910092,1.468628,17.090305,0.576263,0.400564,19.977224,1.918511,2.443356,5.672187,1.220242,1.122023,0.178433,124,35888,0,0
710,1,1.927612,1.490899,19.576257,0.569600,17.901096,39.974565,2.166066,2.450606,6.808139,1.404473,1.467441,0.264584,161,46464,0,0
711,1,1.907128,1.465583,16.857296,0.564277,0.646484,19.975186,1.847826,2.385006,5.809513,1.277361,1.145681,0.175117,124,35888,0,0
712,1,1.921471,1.480591,19.456289,0.583035,18.016446,39.977241,2.119527,2.403690,6.845656,1.438816,1.515164,0.279260,161,46464,0,0
713,1,1.910126,1.469092,17.256490,0.568515,0.242099,19.977230,1.902615,2.463192,5.679504,1.236867,1.163483,0.180823,124,35888,0,0
714,1,1.901784,1.478773,19.757555,0.583574,17.719170,39.962084,2.110857,2.370348,6.920505,1.461175,1.503445,0.256616,161,46464,0,0
715,1,1.905901,1.460439,17.457798,0.576402,0.037140,19.977241,1.915697,2.526001,5.725376,1.260179,1.146929,0.183234,124,35888,0,0
716,1,1.882005,1.459524,19.710385,0.590922,17.776082,39.959395,2.080797,2.514737,6.927907,1.475810,1.550357,0.245138,161,46464,0,0
717,1,1.919240,1.433841,17.214922,0.567369,0.275720,19.977251,1.880649,2.386892,5.778347,1.262845,1.144881,0.183682,124,35888,0,0
718,1,1.909827,1.438043,20.199894,0.571842,17.295675,39.977237,2.136146,2.602332,6.814507,1.454508,1.455214,0.264476,161,46464,0,0
719,1,1.912282,1.473735,17.604204,0.635128,19.825636,39.977251,1.865282,2.478495,5.746765,1.238115,1.161231,0.180552,124,35888,0,0
840,2,1.855760,1.443566,5.827003,0.577386,11.717872,19.978021,0.768778,0.316966,2.600247,0.583503,0.452884,0.055481,50,18158,0,0
841,2,1.852136,1.459127,4.090597,0.625783,13.408725,19.977241,0.615061,0.270691,2.176941,0.452749,0.334886,0.058967,38,14614,0,0
842,2,1.877268,1.486949,5.163940,0.568868,12.367154,19.977230,0.742157,0.316966,2.691559,0.537028,0.465695,0.073920,50,18158,0,0
843,2,1.876017,1.479719,4.077138,0.580712,13.443390,19.977258,0.606622,0.265815,2.185788,0.482398,0.347846,0.058967,38,14614,0,0
844,2,1.868778,1.473650,6.476725,0.623427,11.008308,19.977237,0.801619,0.334096,2.613844,0.554494,0.443322,0.071682,50,18158,0,0
845,2,1.886061,1.487010,4.067084,0.563178,13.460927,19.977251,0.635078,0.247979,2.183818,0.456699,0.349433,0.058967,38,14614,0,0
846,2,1.870012,1.476251,5.244056,0.583625,12.279538,19.977230,0.800279,0.353268,2.644650,0.556593,0.476742,0.063154,50,18158,0,0
847,2,1.871216,1.476057,4.058492,0.572717,13.474816,19.977241,0.631104,0.247979,2.194709,0.460554,0.361142,0.068563,38,14614,0,0
848,2,1.880625,1.487759,4.912604,0.563361,12.620646,19.977237,0.742157,0.354380,2.661801,0.570380,0.521200,0.063154,50,18158,0,0
849,2,1.881317,1.483365,4.071825,0.573608,13.450490,19.977241,0.633467,0.271193,2.192186,0.441325,0.370816,0.061944,38,14614,0,0
850,2,1.875844,1.483103,5.044688,0.574961,12.481750,19.977244,0.744839,0.316966,2.701884,0.550683,0.463091,0.074887,50,18158,0,0
851,2,1.859677,1.482998,4.081512,0.577823,13.462802,19.981815,0.608843,0.270430,2.190006,0.459639,0.334886,0.058967,38,14614,0,0
852,2,1.840034,1.463355,5.356988,0.560896,12.192369,19.950287,0.742157,0.316966,2.674835,0.551517,0.453040,0.050354,50,18158,0,0
853,2,1.859894,1.460765,4.357147,0.587491,13.172726,19.977258,0.610253,0.247979,2.220534,0.474809,0.347558,0.058967,38,14614,0,0
854,2,1.860321,1.461192,4.946984,0.567278,12.602648,19.977230,0.755812,0.356442,2.620839,0.537028,0.455102,0.063154,50,18158,0,0
855,2,1.849131,1.459391,4.067040,0.586263,13.474803,19.977237,0.623532,0.247979,2.197154,0.460175,0.334886,0.058967,38,14614,0,0
856,2,1.859277,1.464077,4.906359,0.570136,12.641463,19.977234,0.782240,0.336209,2.624264,0.572534,0.456278,0.063154,50,18158,0,0
857,2,1.876543,1.457133,4.055779,0.604852,13.440074,19.977247,0.637512,0.250661,2.182817,0.441325,0.355974,0.058967,38,14614,0,0
858,2,1.869463,1.473907,4.880130,0.573714,12.651889,19.975196,0.760359,0.331289,2.672577,0.555769,0.482747,0.063154,50,18158,0,0
859,2,1.882748,1.483697,4.061056,0.564863,13.468574,19.977241,0.596758,0.263380,2.203413,0.496775,0.357337,0.058967,38,14614,0,0
860,2,1.874800,1.481737,5.169840,0.572544,12.360057,19.977241,0.769857,0.316966,2.668172,0.557600,0.440640,0.063154,50,18158,0,0
861,2,1.879822,1.483368,4.083744,0.584025,13.429660,19.977251,0.629367,0.247979,2.206601,0.459578,0.334886,0.077925,38,14614,0,0
862,2,1.878082,1.483765,4.920190,0.574704,12.604262,19.977237,0.760742,0.316966,2.646305,0.537028,0.440640,0.063154,50,18158,0,0
863,2,1.879059,1.488244,4.053240,0.570116,13.474809,19.977224,0.628974,0.247979,2.194319,0.487847,0.334886,0.051293,38,14614,0,0
864,2,1.871036,1.476434,5.040446,0.570112,12.495653,19.977247,0.756460,0.335317,2.663727,0.574565,0.490197,0.064494,50,18158,0,0
865,2,1.864346,1.468953,4.238105,0.570160,13.304630,19.977241,0.594452,0.319539,2.171180,0.441325,0.370877,0.058967,38,14614,0,0
866,2,1.853109,1.476430,5.016310,0.573181,11.455363,18.897963,0.779138,0.316966,2.654829,0.557471,0.492384,0.071140,50,18158,0,0
867,2,1.855140,1.461260,4.070896,0.573232,13.490401,19.989668,0.640710,0.247979,2.180739,0.459757,0.348006,0.058967,38,14614,0,0
868,2,1.840400,1.463721,5.250278,0.591085,12.266337,19.948100,0.764177,0.356374,2.633955,0.573608,0.455583,0.063154,50,18158,0,0
869,2,1.864027,1.464898,4.099559,0.573588,13.440084,19.977258,0.594452,0.270237,2.201792,0.477495,0.334886,0.058967,38,14614,0,0
870,2,1.857395,1.461714,5.116567,0.563185,12.440080,19.977227,0.795600,0.316966,2.615557,0.550774,0.455278,0.063154,50,18158,0,0
871,2,1.859131,1.482452,4.050808,0.582082,13.485219,19.977241,0.613369,0.247979,2.182214,0.441325,0.334886,0.058967,38,14614,0,0
872,2,1.852712,1.457896,5.996253,0.566671,11.561598,19.977234,0.742157,0.336168,2.645660,0.569872,0.454705,0.050676,50,18158,0,0
873,2,1.872108,1.456255,4.039374,0.593238,13.472531,19.977251,0.612827,0.247979,2.197727,0.453742,0.353685,0.051293,38,14614,0,0
874,2,1.868401,1.473022,4.978773,0.573185,12.556881,19.977241,0.762519,0.336412,2.638675,0.565172,0.443322,0.063154,50,18158,0,0
875,2,1.878781,1.487495,4.052151,0.571493,13.474826,19.977251,0.594452,0.247979,2.193207,0.519504,0.334886,0.058967,38,14614,0,0
876,2,1.871328,1.476488,4.870188,0.570930,12.664785,19.977230,0.782569,0.316966,2.645426,0.537028,0.477312,0.063154,50,18158,0,0
877,2,1.873918,1.481015,4.068821,0.573588,13.460931,19.977258,0.631059,0.247979,2.221690,0.460293,0.352475,0.058967,38,14614,0,0
878,2,1.875902,1.476851,4.971195,0.571693,12.558441,19.977230,0.784739,0.316966,2.622545,0.558529,0.457235,0.063154,50,18158,0,0
879,2,1.874200,1.483324,4.107052,0.667009,13.328969,19.977230,0.635952,0.247979,2.192617,0.513624,0.334886,0.051293,38,14614,0,0
880,2,1.879571,1.484294,5.130069,0.588172,12.379428,19.977241,0.761681,0.333364,2.673021,0.550690,0.477563,0.063154,50,18158,0,0
881,2,1.883409,1.484358,4.048906,0.578203,13.466739,19.977258,0.647176,0.250661,2.142632,0.441325,0.355998,0.063232,38,14614,0,0
882,2,1.872399,1.475742,5.247392,0.574290,12.283149,19.977230,0.760200,0.345256,2.587514,0.559401,0.455919,0.063154,50,18158,0,0
883,2,1.836182,1.459503,4.048221,0.570153,13.514794,19.969350,0.611532,0.250563,2.188399,0.477821,0.334886,0.058967,38,14614,0,0
884,2,1.856072,1.464840,4.967997,0.576284,12.568112,19.968465,0.759128,0.373318,2.623996,0.537028,0.463091,0.065002,50,18158,0,0
885,2,1.861437,1.462307,4.053487,0.559736,13.502580,19.977241,0.594452,0.268043,2.222690,0.455075,0.334886,0.058967,38,14614,0,0
886,2,1.863742,1.464634,4.954000,0.573588,12.585910,19.977241,0.801822,0.316966,2.637404,0.569885,0.468024,0.055481,50,18158,0,0
887,2,1.856276,1.479597,4.044783,0.559706,13.516473,19.977237,0.615811,0.247979,2.187212,0.441325,0.334886,0.058967,38,14614,0,0
888,2,1.858676,1.459632,5.377469,0.557953,12.183146,19.977244,0.781064,0.341702,2.661034,0.537028,0.462040,0.063154,50,18158,0,0
889,2,1.878821,1.465183,4.044956,0.655050,13.398421,19.977247,0.613519,0.247979,2.209100,0.441325,0.370372,0.058967,38,14614,0,0
890,2,1.882826,1.492469,5.082238,0.572086,12.440077,19.977227,0.782474,0.316966,2.630741,0.559401,0.465790,0.063154,50,18158,0,0
891,2,1.880914,1.488017,4.070051,0.572374,13.453918,19.977258,0.639275,0.278687,2.170719,0.441325,0.334886,0.058967,38,14614,0,0
892,2,1.879327,1.483924,5.268151,0.573707,12.256046,19.977230,0.793806,0.336439,2.591977,0.537028,0.440640,0.070190,50,18158,0,0
893,2,1.872450,1.473399,4.070292,0.573595,13.460921,19.977258,0.612556,0.247979,2.222931,0.454970,0.374091,0.058967,38,14614,0,0
894,2,1.873661,1.478831,5.225304,0.569570,12.308695,19.977230,0.775065,0.316966,2.678202,0.555932,0.471174,0.063154,50,18158,0,0
895,2,1.869917,1.474403,4.083218,0.580546,13.443553,19.977234,0.594452,0.247979,2.245344,0.481689,0.349474,0.058967,38,14614,0,0
896,2,1.872860,1.479723,5.236535,0.590970,12.276879,19.977244,0.761437,0.374135,2.619829,0.559401,0.440640,0.063154,50,18158,0,0
897,2,1.878754,1.479702,4.105903,0.573636,13.418955,19.977247,0.671807,0.250661,2.144162,0.458371,0.334886,0.072157,38,14614,0,0
898,2,1.870093,1.478960,5.249702,0.573612,12.283820,19.977227,0.799286,0.353268,2.591658,0.556268,0.440640,0.055481,50,18158,0,0
899,2,1.839115,1.462436,4.045234,0.561886,13.525085,19.971320,0.609792,0.252638,2.205868,0.478661,0.352410,0.058967,38,14614,0,0
900,2,1.859256,1.464393,5.203023,0.589223,12.316983,19.968486,0.841739,0.347334,2.561235,0.569255,0.440640,0.063154,50,18158,0,0
901,2,1.854930,1.461955,4.031820,0.567047,13.523451,19.977247,0.594452,0.262305,2.219045,0.476223,0.334886,0.058967,38,14614,0,0
902,2,1.854251,1.460347,5.005157,0.573578,12.544261,19.977247,0.760810,0.316966,2.672017,0.585717,0.477356,0.063154,50,18158,0,0
903,2,1.848233,1.471554,4.125729,0.601383,13.401886,19.977230,0.613037,0.265713,2.161648,0.460385,0.334886,0.058967,38,14614,0,0
904,2,1.855933,1.460331,5.284705,0.580553,12.256053,19.977244,0.764608,0.332381,2.665114,0.556532,0.440640,0.063154,50,18158,0,0
905,2,1.879751,1.485287,4.082448,0.575016,13.440030,19.977244,0.615068,0.264516,2.184499,0.473690,0.334886,0.058967,38,14614,0,0
906,2,1.869914,1.477824,5.156776,0.572957,12.377584,19.977230,0.764608,0.355835,2.638916,0.574310,0.453088,0.050710,50,18158,0,0
907,2,1.878879,1.483263,4.074280,0.570282,13.453817,19.977258,0.662872,0.270352,2.164273,0.463776,0.334886,0.058967,38,14614,0,0
908,2,1.875336,1.482252,5.138248,0.569604,12.391998,19.975186,0.756388,0.319648,2.681247,0.537028,0.488302,0.063154,50,18158,0,0
909,2,1.879862,1.481310,4.073276,0.561523,13.462585,19.977247,0.606808,0.247979,2.229268,0.462389,0.353855,0.058967,38,14614,0,0
910,2,1.871674,1.478722,5.345439,0.570024,12.190091,19.977227,0.757558,0.339010,2.634494,0.555060,0.452908,0.063154,50,18158,0,0
911,2,1.874468,1.476535,4.099504,0.570119,13.433143,19.977234,0.594452,0.247979,2.237637,0.496955,0.369039,0.058967,38,14614,0,0
912,2,1.870738,1.475932,5.186578,0.565718,12.354207,19.977241,0.742157,0.316966,2.725393,0.550537,0.493707,0.063154,50,18158,0,0
913,2,1.878160,1.482402,4.054155,0.636102,13.408837,19.977254,0.670773,0.247979,2.145301,0.455380,0.334886,0.050836,38,14614,0,0
914,2,1.857751,1.461517,4.949551,0.587491,12.596320,19.991113,0.776703,0.333547,2.683150,0.559394,0.440640,0.063154,50,18158,0,0
915,2,1.847005,1.465061,4.059397,0.570160,13.470323,19.946886,0.594452,0.247979,2.247996,0.479329,0.334886,0.058967,38,14614,0,0
916,2,1.852824,1.461388,5.150604,0.572378,12.395457,19.971263,0.797916,0.316966,2.668793,0.554094,0.443322,0.063154,50,18158,0,0
917,2,1.855103,1.465237,4.056390,0.563175,13.502580,19.977247,0.637343,0.270352,2.181749,0.441325,0.348019,0.058967,38,14614,0,0
918,2,1.857178,1.480499,5.303270,0.573195,12.243601,19.977244,0.771484,0.345486,2.613739,0.537028,0.456984,0.070675,50,18158,0,0
919,2,1.859280,1.460236,4.093855,0.597612,13.426487,19.977234,0.673764,0.267412,2.154955,0.459340,0.357337,0.058967,38,14614,0,0
920,2,1.854001,1.460883,5.036641,0.570116,12.516483,19.977241,0.760315,0.337850,2.637733,0.559479,0.440640,0.063154,50,18158,0,0
921,2,1.881968,1.483348,4.083126,0.572951,13.439202,19.977247,0.635413,0.247979,2.205105,0.477895,0.351712,0.058967,38,14614,0,0
922,2,1.879161,1.483426,5.333299,0.573171,12.191610,19.977241,0.760634,0.346344,2.676999,0.556352,0.461782,0.063154,50,18158,0,0
923,2,1.873528,1.482225,4.090556,0.569611,13.443553,19.977247,0.625726,0.265964,2.202674,0.441325,0.378160,0.058967,38,14614,0,0
924,2,1.876577,1.481557,5.232822,0.632640,12.235192,19.977230,0.804213,0.357659,2.620036,0.537028,0.471117,0.070038,50,18158,0,0
925,2,1.865662,1.470086,4.087226,0.594045,13.430325,19.977258,0.616825,0.247979,2.241286,0.461385,0.357093,0.058967,38,14614,0,0
926,2,1.871707,1.475362,5.321014,0.573585,12.210927,19.977234,0.778853,0.337328,2.629266,0.566020,0.453505,0.063154,50,18158,0,0
927,2,1.871460,1.480587,4.123342,0.580549,13.401879,19.977230,0.608185,0.247979,2.215112,0.479031,0.363610,0.058967,38,14614,0,0
928,2,1.872467,1.476644,5.268168,0.570123,12.266483,19.977241,0.761447,0.335626,2.644165,0.537028,0.453349,0.063154,50,18158,0,0
929,2,1.878523,1.487464,4.072795,0.565009,13.460914,19.977241,0.656748,0.247979,2.132646,0.441325,0.334886,0.070072,38,14614,0,0
930,2,1.835161,1.458411,5.193885,0.590936,12.356761,19.976742,0.779314,0.316966,2.697001,0.580746,0.488773,0.063154,50,18158,0,0
931,2,1.854889,1.462090,4.049662,0.570150,13.485189,19.959890,0.596656,0.277117,2.190182,0.443865,0.350165,0.058967,38,14614,0,0
932,2,1.853455,1.462165,5.193441,0.570370,12.359965,19.977230,0.781586,0.316966,2.633721,0.559401,0.454034,0.063154,50,18158,0,0
933,2,1.857201,1.458072,4.049425,0.568041,13.502580,19.977247,0.632619,0.308122,2.150462,0.460239,0.334886,0.058967,38,14614,0,0
934,2,1.845615,1.468936,5.808102,0.583618,11.737857,19.975193,0.757012,0.316966,2.644782,0.537028,0.477688,0.063154,50,18158,0,0
935,2,1.855048,1.458662,4.077250,0.561778,13.483151,19.977227,0.666748,0.263373,2.115394,0.459998,0.336802,0.058967,38,14614,0,0
936,2,1.871029,1.454244,5.335971,0.573174,12.197072,19.977247,0.808295,0.353797,2.604316,0.559479,0.459405,0.074880,50,18158,0,0
937,2,1.870209,1.456336,4.080153,0.602319,13.424564,19.977244,0.613912,0.265262,2.180138,0.468170,0.334886,0.058967,38,14614,0,0
938,2,1.876685,1.481978,4.993110,0.587263,12.520172,19.977230,0.817559,0.316966,2.611413,0.616750,0.440640,0.063154,50,18158,0,0
939,2,1.871707,1.480394,4.075721,0.575955,13.453874,19.977258,0.673954,0.247979,2.168579,0.441325,0.348446,0.058967,38,14614,0,0
940,2,1.857215,1.461297,5.179250,0.570289,12.370477,19.977230,0.765805,0.316966,2.682126,0.554159,0.440640,0.063154,50,18158,0,0
941,2,1.873433,1.480516,4.070221,0.572161,13.461429,19.977244,0.594452,0.247979,2.244388,0.480889,0.334886,0.058967,38,14614,0,0
942,2,1.876255,1.479462,5.274838,0.573171,12.252981,19.977244,0.754194,0.316966,2.700728,0.571957,0.458927,0.085527,50,18158,0,0
943,2,1.859361,1.463572,4.114614,0.570112,13.433150,19.977237,0.615441,0.270345,2.239451,0.454936,0.334886,0.058967,38,14614,0,0
944,2,1.865943,1.471096,5.295525,0.607981,12.207784,19.977234,0.797824,0.346086,2.588196,0.557610,0.440640,0.063154,50,18158,0,0
945,2,1.881175,1.482123,4.084781,0.583605,13.427690,19.977251,0.618893,0.262716,2.208883,0.477861,0.355455,0.058967,38,14614,0,0
946,2,1.833659,1.456980,5.237010,0.591797,12.315097,19.977563,0.800541,0.316966,2.636237,0.559479,0.455794,0.063154,50,18158,0,0
947,2,1.859043,1.459913,4.107144,0.570146,13.422682,19.959015,0.609205,0.268328,2.190955,0.477370,0.334886,0.058967,38,14614,0,0
948,2,1.862417,1.463287,5.123010,0.558706,12.433105,19.977237,0.770118,0.316966,2.653781,0.537028,0.440640,0.063154,50,18158,0,0
949,2,1.860240,1.461110,4.124179,0.573574,13.419261,19.977254,0.652717,0.268260,2.177270,0.453471,0.350145,0.058967,38,14614,0,0
950,2,1.861942,1.485263,5.164127,0.594421,12.356740,19.977230,0.777584,0.316966,2.646939,0.537028,0.457102,0.063154,50,18158,0,0
951,2,1.855337,1.458510,4.097799,0.601386,13.422716,19.977237,0.623691,0.270345,2.152503,0.496894,0.334886,0.058967,38,14614,0,0
952,2,1.871324,1.454814,5.310984,0.570126,12.224813,19.977247,0.769575,0.316966,2.688568,0.569448,0.440640,0.063154,50,18158,0,0
953,2,1.876400,1.481656,4.077504,0.571659,13.451687,19.977251,0.616825,0.262912,2.205505,0.460158,0.375682,0.058967,38,14614,0,0
954,2,1.868405,1.478075,5.209730,0.567006,12.332082,19.977224,0.799306,0.339332,2.662520,0.539710,0.498901,0.081085,50,18158,0,0
955,2,1.870114,1.474074,4.145515,0.647590,13.314043,19.977261,0.628038,0.247979,2.192847,0.458537,0.336802,0.071218,38,14614,0,0
956,2,1.870436,1.477342,5.103533,0.570285,12.432970,19.977224,0.755893,0.337575,2.661224,0.573612,0.440640,0.063154,50,18158,0,0
957,2,1.880900,1.481849,4.148644,0.632626,13.315084,19.977254,0.657725,0.247979,2.179091,0.441325,0.374349,0.058967,38,14614,0,0
958,2,1.877275,1.486155,5.118710,0.573174,12.408078,19.977237,0.819339,0.316966,2.614475,0.569899,0.458808,0.057024,50,18158,0,0
959,2,1.873508,1.476878,4.055935,0.570936,13.474799,19.975179,0.608883,0.247979,2.223718,0.463698,0.350498,0.058967,38,14614,0,0
960,2,1.869809,1.476773,5.104163,0.570123,12.433153,19.977247,0.764523,0.316966,2.694132,0.601708,0.477339,0.053775,50,18158,0,0
961,2,1.879530,1.483670,4.069726,0.590627,13.477251,20.017134,0.608514,0.250661,2.214013,0.484534,0.357337,0.058967,38,14614,0,0
962,2,1.835992,1.459313,5.256965,0.633467,12.219693,19.946116,0.803528,0.331543,2.638329,0.537028,0.443322,0.063154,50,18158,0,0
963,2,1.856744,1.463779,4.066789,0.570275,13.474667,19.968475,0.594452,0.263357,2.229631,0.475084,0.355886,0.058967,38,14614,0,0
964,2,1.855492,1.460734,5.138140,0.571435,12.412164,19.977230,0.783817,0.316966,2.634586,0.552416,0.440640,0.064775,50,18158,0,0
965,2,1.851942,1.458479,4.177602,0.643043,13.304660,19.977247,0.647973,0.247979,2.167209,0.441325,0.334886,0.058967,38,14614,0,0
966,2,1.849948,1.473270,5.142917,0.593604,12.390778,19.977247,0.764523,0.316966,2.620100,0.578803,0.491889,0.061222,50,18158,0,0
967,2,1.852607,1.456546,4.083879,0.705546,13.447222,20.089254,0.667735,0.266012,2.157586,0.459720,0.356822,0.058967,38,14614,0,0
968,2,1.873196,1.482107,5.061679,3.315152,12.360219,22.610246,0.771413,0.316966,2.671468,0.559394,0.463091,0.063154,50,18158,0,0
969,2,1.874040,1.458856,4.411146,0.554918,10.384525,17.224630,0.653341,0.247979,2.186232,0.479180,0.357527,0.058967,38,14614,0,0
970,2,1.879388,1.483310,5.480648,0.562554,12.054643,19.977234,0.834968,0.316966,2.659926,0.579356,0.491509,0.063307,50,18158,0,0
971,2,1.873271,1.474823,4.399967,0.562531,13.141486,19.977254,0.668009,0.265120,2.196038,0.463776,0.334886,0.058967,38,14614,0,0
972,2,1.870294,1.475613,5.288361,0.564338,12.254239,19.977230,0.745222,0.358168,2.643809,0.593604,0.440640,0.063307,50,18158,0,0
973,2,1.879462,1.483449,4.062283,0.564178,13.471334,19.977258,0.615479,0.247979,2.218387,0.473606,0.334886,0.058967,38,14614,0,0
974,2,1.871412,1.476407,5.392337,0.613671,12.099806,19.977227,0.779175,0.333286,2.632704,0.537028,0.498213,0.063307,50,18158,0,0
975,2,1.872101,1.481998,4.079288,0.561469,13.464376,19.977234,0.615479,0.247979,2.222239,0.460436,0.349202,0.058967,38,14614,0,0
976,2,1.872155,1.475966,5.130235,0.562029,12.412818,19.977237,0.790246,0.316966,2.675930,0.588359,0.458221,0.073164,50,18158,0,0
977,2,1.852068,1.457136,4.034566,0.565596,13.525024,19.977254,0.662801,0.247979,2.132965,0.441325,0.334886,0.072242,38,14614,0,0
978,2,1.850118,1.459503,5.101834,0.638926,12.375926,19.966804,0.780124,0.341970,2.654714,0.537028,0.490146,0.063307,50,18158,0,0
979,2,1.854346,1.464016,4.055956,0.562690,13.495483,19.968475,0.609829,0.247979,2.230771,0.501261,0.352709,0.058967,38,14614,0,0
980,2,1.851654,1.460239,5.192410,0.562700,12.370466,19.977230,0.774377,0.334079,2.633114,0.597368,0.463091,0.063307,50,18158,0,0
981,2,1.844706,1.468028,4.074375,0.567613,13.490553,19.977247,0.630001,0.270430,2.181403,0.441325,0.354367,0.058967,38,14614,0,0
982,2,1.857340,1.480662,5.223250,0.574517,12.322133,19.977241,0.780429,0.316966,2.634752,0.537028,0.471235,0.063307,50,18158,0,0
983,2,1.853132,1.456350,4.157125,0.567610,13.399367,19.977234,0.635624,0.263689,2.171929,0.460388,0.352075,0.058967,38,14614,0,0
984,2,1.873318,1.455292,4.981394,0.558689,12.563850,19.977251,0.774594,0.365065,2.630622,0.537028,0.498793,0.063307,50,18158,0,0
985,2,1.872145,1.475945,4.065030,0.566684,13.471327,19.975186,0.656820,0.247979,2.168064,0.461731,0.367062,0.058967,38,14614,0,0
986,2,1.869364,1.474423,5.152049,0.568136,12.387695,19.977244,0.777676,0.316966,2.665616,0.558519,0.440640,0.063307,50,18158,0,0
987,2,1.876763,1.485521,4.094398,0.562558,13.443526,19.977244,0.595710,0.270430,2.177470,0.458486,0.352810,0.070472,38,14614,0,0
988,2,1.879924,1.483646,5.330794,0.562670,12.203844,19.977230,0.803538,0.377330,2.622555,0.577325,0.458360,0.063307,50,18158,0,0
989,2,1.868547,1.477536,4.071350,0.576436,13.460914,19.977247,0.593028,0.302561,2.168603,0.458438,0.357337,0.058967,38,14614,0,0
990,2,1.874057,1.474935,5.284590,0.565999,12.252591,19.977237,0.799110,0.336626,2.631866,0.550703,0.473284,0.063307,50,18158,0,0
991,2,1.875756,1.482029,4.064145,0.562524,13.474823,19.977247,0.611050,0.247979,2.212443,0.441325,0.334886,0.058967,38,14614,0,0
992,2,1.868245,1.459578,5.058051,0.565718,12.487559,19.979574,0.801995,0.316966,2.633372,0.537028,0.483951,0.069427,50,18158,0,0
993,2,1.857663,1.458611,4.008965,0.561771,13.546502,19.974901,0.646084,0.247979,2.137790,0.443614,0.347775,0.066138,38,14614,0,0
994,2,1.855353,1.456224,5.221117,0.565996,12.322245,19.964712,0.816104,0.316966,2.606984,0.561418,0.440640,0.063307,50,18158,0,0
995,2,1.855506,1.458957,4.045993,0.552138,13.516449,19.970086,0.593028,0.283678,2.205282,0.473758,0.348541,0.058967,38,14614,0,0
996,2,1.856934,1.463742,5.207960,0.574646,12.337697,19.977237,0.800713,0.350742,2.619449,0.537028,0.489217,0.063307,50,18158,0,0
997,2,1.858080,1.481401,4.084744,0.580312,13.454105,19.977241,0.605954,0.283498,2.186910,0.463599,0.334886,0.058967,38,14614,0,0
998,2,1.847694,1.471015,5.258874,0.566016,12.304664,19.977247,0.808160,0.316966,2.615899,0.591315,0.440640,0.063307,50,18158,0,0
999,2,1.853397,1.461745,4.065653,0.579569,13.478607,19.977227,0.661981,0.247979,2.164741,0.468380,0.334886,0.058967,38,14614,0,0
1000,2,1.883013,1.483968,4.980394,0.566121,12.547723,19.977251,0.798201,0.337552,2.620399,0.537028,0.440640,0.063307,50,18158,0,0
1001,2,1.875237,1.482181,4.067518,0.594404,13.440074,19.977234,0.629771,0.270352,2.157847,0.479404,0.334886,0.058967,38,14614,0,0
1002,2,1.879540,1.489237,5.034085,0.561039,12.502574,19.977237,0.795420,0.367693,2.568427,0.558478,0.440640,0.063307,50,18158,0,0
1003,2,1.868958,1.472755,4.070947,0.566179,13.471174,19.977258,0.615655,0.247979,2.217950,0.472568,0.376760,0.047014,38,14614,0,0
1004,2,1.877384,1.482100,5.083330,0.562673,12.453851,19.977237,0.759067,0.316966,2.644616,0.550693,0.443322,0.063307,50,18158,0,0
1005,2,1.880503,1.481452,4.123199,0.658454,13.315094,19.977251,0.622023,0.262227,2.171882,0.441325,0.371301,0.058967,38,14614,0,0
1006,2,1.866333,1.471778,5.118510,0.573137,12.419244,19.977224,0.740394,0.316966,2.709646,0.592702,0.473880,0.063307,50,18158,0,0
1007,2,1.861681,1.466448,4.046977,0.552110,13.516479,19.977247,0.607113,0.247979,2.208489,0.463698,0.334886,0.058967,38,14614,0,0
1008,2,1.879154,1.486694,5.296916,0.584310,12.218641,19.979021,0.768063,0.331543,2.637061,0.550646,0.477424,0.063307,50,18158,0,0
1009,2,1.859741,1.461517,4.036706,0.581614,13.512990,19.991052,0.622148,0.247979,2.176107,0.463691,0.370806,0.051293,38,14614,0,0
1010,2,1.853204,1.461873,5.173211,0.566016,12.368083,19.960514,0.740394,0.316966,2.730910,0.555986,0.472548,0.063307,50,18158,0,0
1011,2,1.854218,1.461182,4.053524,0.552127,13.516456,19.976325,0.607201,0.250661,2.223687,0.461890,0.357259,0.058967,38,14614,0,0
1012,2,1.850752,1.459296,5.214142,0.604357,12.307987,19.977237,0.772949,0.319648,2.637726,0.577989,0.453776,0.063307,50,18158,0,0
1013,2,1.841539,1.464861,4.119202,0.628506,13.388000,19.977247,0.629032,0.267649,2.182614,0.460168,0.357259,0.058967,38,14614,0,0
1014,2,1.850464,1.473785,5.318587,0.555606,12.252580,19.977237,0.740394,0.316966,2.695024,0.575985,0.455726,0.063307,50,18158,0,0
1015,2,1.855815,1.461080,4.069553,0.608324,13.443539,19.977230,0.606689,0.262529,2.179654,0.441325,0.366835,0.058967,38,14614,0,0
1016,2,1.872142,1.476813,5.106839,0.565125,12.433133,19.977237,0.795024,0.316966,2.641527,0.537028,0.463091,0.063307,50,18158,0,0
1017,2,1.874223,1.475172,4.056800,0.562225,13.484009,19.977258,0.634644,0.262550,2.155117,0.483673,0.350338,0.058967,38,14614,0,0
1018,2,1.872325,1.476817,5.241069,0.559180,12.304660,19.977234,0.780870,0.330570,2.656572,0.537028,0.440640,0.063307,50,18158,0,0
1019,2,1.871928,1.472877,4.062317,0.568200,13.474796,19.977241,0.593028,0.247979,2.209900,0.481093,0.334886,0.047150,38,14614,0,0
1020,2,1.879174,1.486169,5.279480,0.562568,12.256029,19.977251,0.743076,0.335805,2.677928,0.606998,0.440640,0.063307,50,18158,0,0
1021,2,1.871490,1.475054,4.051537,0.551626,13.502594,19.977247,0.630778,0.293128,2.141293,0.441325,0.362474,0.058967,38,14614,0,0
1022,2,1.872074,1.477478,5.338640,0.596954,12.169562,19.977230,0.740394,0.339417,2.694916,0.574253,0.487437,0.063307,50,18158,0,0
1023,2,1.874651,1.484412,4.058034,0.559336,13.485219,19.977241,0.593028,0.267388,2.193166,0.463698,0.334886,0.058967,38,14614,0,0
1024,2,1.867849,1.472961,5.082458,0.562544,12.464383,19.977234,0.755402,0.338752,2.682237,0.552422,0.474345,0.063307,50,18158,0,0
1025,2,1.849582,1.454105,4.038249,0.668722,13.440091,19.996643,0.647040,0.247979,2.174550,0.460704,0.366353,0.051293,38,14614,0,0
1026,2,1.859406,1.460276,5.123596,0.607686,12.367154,19.957842,0.797129,0.363268,2.611535,0.537028,0.440640,0.063307,50,18158,0,0
1027,2,1.863705,1.464576,4.067413,0.561211,13.484918,19.977247,0.610165,0.250661,2.228763,0.474325,0.334886,0.058967,38,14614,0,0
1028,2,1.851824,1.460368,5.238719,0.578552,12.308143,19.977237,0.778232,0.335381,2.606160,0.537028,0.458801,0.065708,50,18158,0,0
1029,2,1.860331,1.483653,4.134006,0.640032,13.342872,19.977241,0.593028,0.267392,2.174503,0.441325,0.334886,0.058967,38,14614,0,0
1030,2,1.851264,1.474586,5.199548,0.575158,12.351267,19.977237,0.792664,0.348985,2.613322,0.555718,0.475647,0.063307,50,18158,0,0
1031,2,1.874132,1.456967,4.409519,0.562544,13.131042,19.977237,0.593028,0.247979,2.217187,0.479797,0.334886,0.058967,38,14614,0,0
1032,2,1.878011,1.483188,5.270220,0.562534,12.266486,19.977251,0.778198,0.316966,2.702816,0.576484,0.475857,0.063307,50,18158,0,0
1033,2,1.875468,1.480584,4.052748,0.561547,13.487478,19.977241,0.624647,0.270430,2.166853,0.477563,0.368184,0.058967,38,14614,0,0
1034,2,1.876136,1.480645,4.897081,0.573110,12.630903,19.977230,0.806495,0.316966,2.633135,0.537028,0.463091,0.063307,50,18158,0,0
1035,2,1.880744,1.489573,4.069590,0.564141,13.462782,19.977258,0.593028,0.263312,2.209771,0.463776,0.350993,0.058967,38,14614,0,0
1036,2,1.870775,1.475922,5.098317,0.562564,12.443519,19.975176,0.754791,0.316966,2.659342,0.537028,0.492343,0.063307,50,18158,0,0
1037,2,1.869626,1.476695,4.143205,0.628506,13.335921,19.977258,0.621840,0.274641,2.160872,0.441325,0.348843,0.058967,38,14614,0,0
1038,2,1.873196,1.477142,5.301609,0.560265,12.242167,19.977237,0.779076,0.335988,2.640384,0.537028,0.440640,0.063307,50,18158,0,0
1039,2,1.869175,1.478916,4.101973,0.645864,13.360226,19.977237,0.593028,0.263797,2.204464,0.441325,0.349999,0.058967,38,14614,0,0
1040,2,1.880866,1.460826,5.288188,0.582479,12.269975,20.021508,0.783281,0.319268,2.632005,0.550747,0.474616,0.063307,50,18158,0,0
1041,2,1.836704,1.460025,4.044698,0.548981,13.522685,19.953067,0.648244,0.247979,2.189131,0.458652,0.334886,0.058967,38,14614,0,0
1042,2,1.853204,1.459351,5.212423,0.595744,12.295763,19.957133,0.818078,0.349202,2.584015,0.576572,0.456153,0.063307,50,18158,0,0
1043,2,1.851081,1.458137,4.057587,0.552144,13.516435,19.977247,0.611627,0.247979,2.226027,0.473097,0.334886,0.058967,38,14614,0,0
1044,2,1.862908,1.463779,5.192000,0.563914,12.358422,19.977244,0.812395,0.319648,2.624244,0.537028,0.440640,0.063307,50,18158,0,0
1045,2,1.857310,1.480632,4.093024,0.565989,13.460917,19.977241,0.648794,0.247979,2.194645,0.441325,0.350444,0.058967,38,14614,0,0
1046,2,1.853583,1.458049,5.142819,0.577518,12.403324,19.977244,0.740394,0.316966,2.679949,0.537028,0.440640,0.063307,50,18158,0,0
1047,2,1.866831,1.457048,4.046058,0.572215,13.492126,19.977230,0.647254,0.247979,2.184489,0.477139,0.352929,0.058967,38,14614,0,0
1048,2,1.873518,1.478512,5.003876,0.562534,12.537323,19.977251,0.803769,0.316966,2.605113,0.578101,0.475722,0.063307,50,18158,0,0
1049,2,1.870433,1.479119,4.069461,0.558679,13.478665,19.977237,0.631331,0.263201,2.189087,0.483195,0.334886,0.058967,38,14614,0,0
1050,2,1.880069,1.489644,5.132748,0.565996,12.398421,19.977234,0.755520,0.330373,2.662811,0.562083,0.457764,0.063307,50,18158,0,0
1051,2,1.878303,1.485260,4.040765,0.687710,13.370480,19.977258,0.593028,0.247979,2.177205,0.441325,0.347799,0.046522,38,14614,0,0
1052,2,1.869995,1.474341,5.153202,0.562693,12.391351,19.977241,0.780599,0.319648,2.655385,0.537028,0.457252,0.063307,50,18158,0,0
1053,2,1.878394,1.479343,4.040666,0.555593,13.502591,19.977244,0.607286,0.247979,2.202250,0.503143,0.334886,0.051293,38,14614,0,0
1054,2,1.858853,1.463759,5.258135,0.578020,12.282230,19.977237,0.756663,0.329163,2.700450,0.572917,0.457214,0.061449,50,18158,0,0
1055,2,1.860796,1.465101,4.058251,0.562537,13.495653,19.977237,0.593028,0.267422,2.203176,0.441325,0.350087,0.058967,38,14614,0,0
1056,2,1.857130,1.464254,4.915009,0.561367,12.643724,19.977230,0.740394,0.316966,2.673686,0.555637,0.478482,0.074812,50,18158,0,0
1057,2,1.835344,1.458666,4.046153,0.565989,13.511363,19.958849,0.612437,0.267212,2.198242,0.460073,0.350033,0.058967,38,14614,0,0
1058,2,1.862579,1.463450,6.568532,0.562029,10.975321,19.968462,0.832072,0.349284,2.550985,0.559055,0.440640,0.063307,50,18158,0,0
1059,2,1.854607,1.461490,4.064033,0.629608,13.429003,19.977251,0.607001,0.247979,2.220544,0.476400,0.347555,0.058967,38,14614,0,0
1060,2,1.852129,1.475450,5.270789,0.565762,12.288557,19.977237,0.772536,0.346625,2.640767,0.555810,0.453678,0.063307,50,18158,0,0
1061,2,1.859992,1.483314,4.177606,0.645396,13.294250,19.977244,0.621355,0.284763,2.145118,0.441325,0.334886,0.058967,38,14614,0,0
1062,2,1.850498,1.460168,5.066505,0.576433,12.481744,19.975179,0.759271,0.336314,2.630575,0.550754,0.440640,0.063307,50,18158,0,0
1063,2,1.885037,1.456245,4.032033,0.585358,13.474820,19.977247,0.606496,0.247979,2.203366,0.457102,0.353611,0.058967,38,14614,0,0
1064,2,1.872406,1.476712,5.228248,0.558031,12.318553,19.977237,0.764855,0.335151,2.624691,0.585714,0.461978,0.069380,50,18158,0,0
1065,2,1.876936,1.478909,4.073395,0.638916,13.387997,19.977244,0.626302,0.284916,2.179589,0.459958,0.334886,0.058967,38,14614,0,0
1066,2,1.872915,1.481028,5.216532,0.562297,12.325487,19.977230,0.820441,0.359436,2.603102,0.537028,0.463013,0.065121,50,18158,0,0
1067,2,1.861928,1.466424,4.119639,0.637984,13.357700,19.977251,0.593028,0.261631,2.195312,0.441325,0.357276,0.058967,38,14614,0,0
1068,2,1.870541,1.477807,5.228560,0.559645,12.318502,19.977247,0.756731,0.331384,2.640394,0.557695,0.463013,0.063307,50,18158,0,0
1069,2,1.872545,1.473857,4.064334,0.569041,13.471324,19.977244,0.593028,0.247979,2.243754,0.477448,0.357252,0.051293,38,14614,0,0
1070,2,1.878506,1.485714,5.165544,0.566294,12.366892,19.977237,0.803158,0.316966,2.646437,0.549065,0.496931,0.055634,50,18158,0,0
1071,2,1.878937,1.480804,4.099002,0.576050,13.423248,19.977237,0.632731,0.268039,2.151523,0.456780,0.354821,0.065053,38,14614,0,0
1072,2,1.854936,1.459785,5.220381,0.552107,12.349813,19.977237,0.802141,0.316966,2.659383,0.561727,0.471358,0.061449,50,18158,0,0
1073,2,1.837443,1.460765,4.058617,0.565999,13.490112,19.952172,0.615479,0.265686,2.208282,0.459673,0.369178,0.058967,38,14614,0,0
1074,2,1.855238,1.460192,5.149231,0.565999,12.398407,19.968875,0.820580,0.319648,2.653066,0.555901,0.440640,0.063307,50,18158,0,0
1075,2,1.856852,1.463738,4.037855,0.555745,13.526801,19.977254,0.606764,0.247979,2.226332,0.477681,0.334886,0.058967,38,14614,0,0
1076,2,1.845859,1.469181,5.073195,0.583540,12.474650,19.977244,0.759264,0.376339,2.619280,0.537028,0.440640,0.063307,50,18158,0,0
1077,2,1.856540,1.479862,4.125017,0.576423,13.419264,19.977244,0.632182,0.269504,2.179708,0.463776,0.350566,0.058967,38,14614,0,0
1078,2,1.857744,1.462185,5.287289,0.569207,12.262994,19.977234,0.740394,0.369724,2.615692,0.537028,0.482151,0.063307,50,18158,0,0
1079,2,1.877174,1.459524,4.078118,0.567963,13.453976,19.977230,0.611803,0.247979,2.218638,0.463108,0.334886,0.058967,38,14614,0,0
1200,3,1.899333,1.461534,6.464400,0.578674,11.019246,19.961653,1.124902,0.611020,2.769413,0.598860,0.488895,0.062490,54,18492,0,0
1201,3,1.909254,1.486291,5.914225,0.565209,11.588569,19.977258,0.938375,0.745853,2.289866,0.496321,0.384772,0.060642,42,14948,0,0
1202,3,1.902771,1.480879,6.837348,0.565189,10.671926,19.977234,1.102732,0.619158,2.729794,0.588687,0.511112,0.050012,54,18492,0,0
1203,3,1.899194,1.477302,5.722883,0.568654,11.786523,19.977254,0.936557,0.624858,2.270009,0.493496,0.372820,0.059794,42,14948,0,0
1204,3,1.916192,1.451836,6.482418,0.578684,10.999932,19.977227,1.110294,0.700534,2.795485,0.609931,0.492778,0.062490,54,18492,0,0
1205,3,1.916043,1.462097,6.168593,0.565345,11.327277,19.977258,0.898980,0.777920,2.263997,0.460263,0.372033,0.064406,42,14948,0,0
1206,3,1.922363,1.480859,6.744832,0.565175,10.744859,19.977230,1.159010,0.646901,2.748301,0.575365,0.491825,0.062490,54,18492,0,0
1207,3,1.918043,1.480133,6.040588,0.575843,11.442759,19.977234,0.946964,0.803779,2.294023,0.482635,0.370138,0.059794,42,14948,0,0
1208,3,1.921895,1.480509,6.585592,0.568661,10.901099,19.977247,1.124207,0.693719,2.717499,0.574771,0.510193,0.062490,54,18492,0,0
1209,3,1.910224,1.473728,5.725745,0.554752,11.786526,19.977247,0.954125,0.581831,2.266720,0.472653,0.387187,0.047214,42,14948,0,0
1210,3,1.928847,1.483958,6.623776,0.575582,10.849019,19.977224,1.135746,0.703193,2.752981,0.613376,0.497355,0.062490,54,18492,0,0
1211,3,1.916473,1.477675,6.234568,0.574419,11.251787,19.977247,0.946693,0.812476,2.279694,0.510271,0.388543,0.059794,42,14948,0,0
1212,3,1.916721,1.475243,6.580360,0.558238,10.921929,19.977247,1.102593,0.607408,2.784749,0.569624,0.523397,0.068305,54,18492,0,0
1213,3,1.918152,1.459707,5.842289,0.575043,11.639706,19.975189,0.952104,0.750478,2.271108,0.460263,0.386715,0.059794,42,14948,0,0
1214,3,1.881609,1.458645,6.578084,0.564674,10.912035,19.936401,1.098796,0.672838,2.776316,0.578332,0.521895,0.062541,54,18492,0,0
1215,3,1.904446,1.460758,5.817464,0.568675,11.680698,19.971283,0.955397,0.714050,2.322394,0.479797,0.400035,0.059794,42,14948,0,0
1216,3,1.901659,1.464996,7.215101,0.565192,10.286513,19.968465,1.164463,1.080383,2.712830,0.575975,0.524685,0.062490,54,18492,0,0
1217,3,1.903470,1.480981,5.951236,0.660553,11.461989,19.977247,0.937035,0.703356,2.300290,0.479234,0.383338,0.059794,42,14948,0,0
1218,3,1.909309,1.486857,6.846978,0.569858,10.651086,19.977230,1.152523,0.902371,2.786743,0.578417,0.525774,0.062490,54,18492,0,0
1219,3,1.901093,1.478543,6.011698,0.590519,11.473948,19.977258,0.934530,0.789442,2.285031,0.498528,0.384430,0.059794,42,14948,0,0
1220,3,1.915039,1.458055,6.779934,0.568668,10.713589,19.977230,1.141059,0.940870,2.798455,0.618730,0.475891,0.081546,54,18492,0,0
1221,3,1.926270,1.464844,5.907606,0.607805,11.535573,19.977254,0.927009,0.830387,2.287581,0.460263,0.387973,0.059794,42,14948,0,0
1222,3,1.928429,1.490502,6.783159,0.578684,10.686961,19.977234,1.118601,0.571821,2.812303,0.613688,0.508898,0.062490,54,18492,0,0
1223,3,1.923221,1.481255,5.930020,0.587484,11.536509,19.977234,0.940643,0.802063,2.285980,0.482635,0.370138,0.059794,42,14948,0,0
1224,3,1.915429,1.474074,6.758725,0.555969,10.747114,19.977237,1.134738,0.881439,2.720591,0.593116,0.475891,0.062490,54,18492,0,0
1225,3,1.925893,1.481920,6.240560,0.578664,11.232134,19.977251,0.978760,0.756772,2.286109,0.505079,0.391947,0.059794,42,14948,0,0
1226,3,1.912594,1.471720,6.494198,0.565186,11.005256,19.977234,1.156559,0.668267,2.724708,0.577128,0.514974,0.062490,54,18492,0,0
1227,3,1.918800,1.476651,6.054877,0.568234,11.435343,19.977254,0.982402,0.823703,2.253269,0.462945,0.370138,0.059794,42,14948,0,0
1228,3,1.917853,1.464827,6.610457,0.568665,10.880263,19.977237,1.122579,0.714203,2.725583,0.592882,0.475891,0.054816,54,18492,0,0
1229,3,1.900079,1.456200,5.969303,0.576572,11.514713,19.960666,0.964769,0.755656,2.299835,0.460263,0.410116,0.059794,42,14948,0,0
1230,3,1.916579,1.464179,6.535892,0.557810,10.966949,19.977230,1.177100,0.646047,2.740234,0.573188,0.502055,0.062490,54,18492,0,0
1231,3,1.900818,1.461589,6.057322,0.565179,11.441132,19.964450,0.898980,0.805196,2.342170,0.482713,0.405870,0.059794,42,14948,0,0
1232,3,1.905436,1.483521,6.624529,0.579068,10.859426,19.968458,1.098134,0.690172,2.757073,0.588308,0.498342,0.062490,54,18492,0,0
1233,3,1.906759,1.484226,5.885454,0.575779,11.609266,19.977258,0.952070,0.784861,2.289232,0.480113,0.387115,0.059794,42,14948,0,0
1234,3,1.906416,1.483409,6.469120,0.579617,11.022078,19.977230,1.110196,0.601162,2.808594,0.578417,0.494839,0.064297,54,18492,0,0
1235,3,1.891727,1.468757,6.129645,0.577298,11.378588,19.977258,0.955780,0.843740,2.289083,0.482635,0.407223,0.059794,42,14948,0,0
1236,3,1.917250,1.462521,6.486060,0.580702,10.993218,19.977230,1.100606,0.670631,2.814667,0.569590,0.529734,0.062490,54,18492,0,0
1237,3,1.925252,1.459347,5.866960,0.576552,11.608480,19.977244,0.921353,0.694946,2.305149,0.473894,0.412021,0.059794,42,14948,0,0
1238,3,1.913147,1.471785,6.581516,0.571062,10.911509,19.977234,1.169349,0.660346,2.662357,0.593435,0.475891,0.062490,54,18492,0,0
1239,3,1.918003,1.473195,6.141256,0.577335,11.338599,19.975193,0.916121,0.855469,2.324382,0.521583,0.385339,0.059794,42,14948,0,0
1240,3,1.922099,1.483185,8.238156,0.574093,9.242893,19.977241,1.120300,0.731089,2.751590,0.609765,0.498010,0.062490,54,18492,0,0
1241,3,1.917928,1.474582,5.874268,0.602173,11.582872,19.977241,0.921346,0.692518,2.328922,0.520331,0.370138,0.059794,42,14948,0,0
1242,3,1.924208,1.485406,6.659651,0.575612,10.817759,19.977230,1.115299,0.640516,2.787245,0.591312,0.519911,0.062490,54,18492,0,0
1243,3,1.927606,1.484765,6.402910,0.568556,11.078176,19.977247,1.018494,0.798733,2.227234,0.476559,0.370138,0.059794,42,14948,0,0
1244,3,1.899970,1.458781,6.944326,0.565403,10.567542,19.977241,1.104116,0.760454,2.775652,0.575144,0.534899,0.062490,54,18492,0,0
1245,3,1.913164,1.466343,5.879045,0.576592,11.608456,19.977258,0.966804,0.775672,2.248851,0.501421,0.370138,0.059794,42,14948,0,0
1246,3,1.921299,1.459561,6.745887,0.582764,10.745249,19.995199,1.153500,0.691433,2.734287,0.574558,0.510773,0.062490,54,18492,0,0
1247,3,1.896718,1.456902,6.158312,0.565647,11.347365,19.968041,0.936971,0.793644,2.285404,0.501838,0.370138,0.059794,42,14948,0,0
1248,3,1.893334,1.470347,6.825884,0.566891,10.682356,19.968465,1.147675,0.748667,2.746311,0.575416,0.504818,0.071764,54,18492,0,0
1249,3,1.901811,1.479896,5.765394,0.575623,11.734422,19.977251,0.941294,0.665982,2.303419,0.460263,0.388909,0.059794,42,14948,0,0
1250,3,1.903812,1.481896,6.806675,0.573988,10.692759,19.977234,1.146505,0.578620,2.743693,0.574951,0.524126,0.062490,54,18492,0,0
1251,3,1.919749,1.478444,6.070387,0.565209,11.421909,19.977254,0.954173,0.719449,2.250163,0.483015,0.370138,0.056973,42,14948,0,0
1252,3,1.927897,1.467804,6.633182,0.567135,10.849016,19.977230,1.121216,0.692156,2.732595,0.574510,0.507941,0.062490,54,18492,0,0
1253,3,1.924771,1.482256,5.929938,0.566128,11.556403,19.977241,0.977342,0.771569,2.302365,0.482391,0.370138,0.052121,42,14948,0,0
1254,3,1.924320,1.481998,6.659556,0.575602,10.817766,19.977244,1.177083,0.743934,2.747664,0.555966,0.525286,0.062490,54,18492,0,0
1255,3,1.917555,1.479669,6.051731,0.572127,11.435822,19.977234,0.898980,0.781291,2.313880,0.493707,0.385413,0.059794,42,14948,0,0
1256,3,1.915287,1.474586,6.613030,0.579064,10.869866,19.977247,1.189521,0.693322,2.709418,0.555966,0.490719,0.062490,54,18492,0,0
1257,3,1.917243,1.478404,5.906291,0.590617,11.563090,19.977241,0.931013,0.721642,2.311985,0.516086,0.392588,0.059794,42,14948,0,0
1258,3,1.921346,1.480618,6.683360,0.575602,10.796929,19.977237,1.143850,0.610223,2.762875,0.609202,0.498264,0.062490,54,18492,0,0
1259,3,1.915914,1.478973,6.074215,0.565219,11.421892,19.977241,0.981513,0.747467,2.286865,0.460263,0.370138,0.059794,42,14948,0,0
1260,3,1.928897,1.462094,6.828583,0.571557,10.648214,19.977251,1.195875,1.003276,2.681257,0.569604,0.475891,0.062490,54,18492,0,0
1261,3,1.926826,1.465285,5.938310,0.576375,11.535726,19.977237,0.917070,0.792789,2.297245,0.499722,0.384216,0.059794,42,14948,0,0
1262,3,1.916697,1.459869,6.531765,0.588148,10.958557,19.995168,1.134338,0.636315,2.709259,0.599094,0.503496,0.062490,54,18492,0,0
1263,3,1.899634,1.461222,6.041297,0.586022,11.432349,19.959303,0.938636,0.807441,2.262821,0.480503,0.370138,0.046994,42,14948,0,0
1264,3,1.897417,1.474901,6.965658,0.565189,10.546919,19.975182,1.119466,0.663510,2.755575,0.611623,0.475891,0.062490,54,18492,0,0
1265,3,1.906270,1.483792,5.710402,0.563656,11.796929,19.977258,0.898980,0.698517,2.312666,0.460263,0.407071,0.059794,42,14948,0,0
1266,3,1.901181,1.478746,6.599352,0.580587,10.896111,19.977230,1.142846,0.620619,2.722327,0.578417,0.487963,0.062490,54,18492,0,0
1267,3,1.919685,1.481825,5.761522,0.572028,11.724019,19.977254,0.953813,0.794888,2.280979,0.460263,0.382504,0.061405,42,14948,0,0
1268,3,1.924496,1.462585,7.091512,0.591407,10.369815,19.977230,1.143711,0.742540,2.745439,0.555966,0.496195,0.060150,54,18492,0,0
1269,3,1.914385,1.457696,5.815325,0.576372,11.671176,19.977258,0.940308,0.766846,2.302551,0.460263,0.389116,0.071357,42,14948,0,0
1270,3,1.927704,1.492160,6.406152,0.558326,11.085052,19.977234,1.176883,0.626946,2.711989,0.571360,0.498264,0.062490,54,18492,0,0
1271,3,1.923282,1.484202,5.921004,0.575599,11.557346,19.977230,0.938310,0.750658,2.336884,0.460263,0.424815,0.059794,42,14948,0,0
1272,3,1.921756,1.479919,6.533654,0.579071,10.942759,19.977241,1.103014,0.653534,2.753272,0.587833,0.516354,0.062490,54,18492,0,0
1273,3,1.924686,1.479763,6.065443,0.565213,11.421909,19.977251,1.001617,0.722110,2.286129,0.482713,0.386715,0.063246,42,14948,0,0
1274,3,1.917450,1.475460,6.853909,0.564674,10.641208,19.977241,1.099230,0.799004,2.812619,0.597188,0.556654,0.062490,54,18492,0,0
1275,3,1.911831,1.452586,6.057465,0.575623,11.441179,19.986098,0.930559,0.803104,2.300975,0.460263,0.404768,0.059794,42,14948,0,0
1276,3,1.902727,1.464488,8.498667,0.561727,9.005256,19.968377,1.146091,1.831692,2.750349,0.555966,0.506612,0.062490,54,18492,0,0
1277,3,1.918074,1.459320,6.036106,0.570862,11.452216,19.977258,0.918111,0.794739,2.302355,0.502075,0.370138,0.072011,42,14948,0,0
1278,3,1.901177,1.459842,6.570285,0.567976,10.944295,19.983734,1.084483,0.689104,2.772325,0.555966,0.490116,0.064830,54,18492,0,0
1279,3,1.901282,1.461266,6.056051,0.556983,11.440552,19.954868,0.930372,0.805901,2.307909,0.480852,0.392504,0.068068,42,14948,0,0
1280,3,1.891910,1.469438,6.850640,0.568237,10.666443,19.977230,1.192030,0.657386,2.700751,0.575317,0.475891,0.062490,54,18492,0,0
1281,3,1.907613,1.484650,5.967940,0.565345,11.536357,19.977254,0.974714,0.708510,2.307400,0.494588,0.370138,0.059794,42,14948,0,0
1282,3,1.897295,1.474331,6.415738,0.575606,11.088593,19.977230,1.141408,0.669315,2.740533,0.591905,0.489549,0.054816,54,18492,0,0
1283,3,1.924120,1.463945,5.941026,0.575619,11.536489,19.977254,0.941959,0.817583,2.310164,0.460263,0.386064,0.062168,42,14948,0,0
1284,3,1.915382,1.454858,7.543488,0.575212,9.943153,19.977234,1.109127,1.391425,2.733809,0.569617,0.506690,0.062490,54,18492,0,0
1285,3,1.922726,1.481812,5.931990,0.576565,11.545963,19.977244,0.898980,0.718360,2.316223,0.460263,0.370138,0.070526,42,14948,0,0
1286,3,1.914140,1.476237,6.492652,0.578013,10.992442,19.977247,1.168484,0.635630,2.707821,0.555966,0.475891,0.062490,54,18492,0,0
1287,3,1.913798,1.471663,6.017761,0.561249,11.484433,19.977241,0.912649,0.836131,2.279894,0.460263,0.384071,0.059794,42,14948,0,0
1288,3,1.927592,1.488420,6.527798,0.568654,10.953183,19.977227,1.098134,0.632287,2.761319,0.578339,0.503849,0.062490,54,18492,0,0
1289,3,1.926476,1.481133,5.853278,0.565216,11.630222,19.975193,0.952694,0.696811,2.322642,0.460263,0.385342,0.059794,42,14948,0,0
1290,3,1.925713,1.487328,6.710253,0.565182,10.776089,19.977237,1.139998,0.666931,2.780229,0.607415,0.506426,0.062276,54,18492,0,0
1291,3,1.918613,1.474148,5.989794,0.563856,11.513845,19.986108,0.972507,0.756944,2.273783,0.460263,0.414961,0.059794,42,14948,0,0
1292,3,1.902662,1.462216,6.891859,0.564460,10.609395,19.968377,1.140398,0.668735,2.748725,0.555966,0.493629,0.062714,54,18492,0,0
1293,3,1.927304,1.462701,5.989926,0.576575,11.483453,19.977258,0.967244,0.737956,2.304735,0.533569,0.370138,0.059794,42,14948,0,0
1294,3,1.894850,1.458628,6.485596,0.560903,11.037408,19.978756,1.132467,0.635773,2.769548,0.555966,0.494988,0.064846,54,18492,0,0
1295,3,1.895582,1.472619,5.900014,0.574365,11.589837,19.959798,0.898980,0.771559,2.341071,0.460263,0.392588,0.059794,42,14948,0,0
1296,3,1.906009,1.484117,6.702287,0.592841,10.776099,19.977237,1.140717,0.673021,2.767331,0.555966,0.504432,0.062490,54,18492,0,0
1297,3,1.907667,1.485775,5.884535,0.575789,11.609253,19.977244,0.955787,0.698035,2.257979,0.492801,0.370138,0.072052,42,14948,0,0
1298,3,1.898685,1.476196,6.591441,0.557644,10.929467,19.977237,1.138214,0.700002,2.730543,0.598090,0.478573,0.062490,54,18492,0,0
1299,3,1.926771,1.465461,5.927948,0.575765,11.546773,19.977258,0.956692,0.786401,2.295620,0.460263,0.385159,0.067583,42,14948,0,0
1300,3,1.919071,1.459473,6.661323,0.568644,10.828196,19.977234,1.140462,0.654846,2.717194,0.578339,0.475891,0.084856,54,18492,0,0
1301,3,1.928311,1.482914,5.739631,0.565206,11.744090,19.977237,0.913232,0.638604,2.300527,0.513194,0.370138,0.059794,42,14948,0,0
1302,3,1.927633,1.485036,6.583327,0.575602,10.890689,19.977251,1.193214,0.724121,2.742879,0.573978,0.510061,0.062490,54,18492,0,0
1303,3,1.915917,1.471937,5.747820,0.592526,11.720964,19.977227,0.948473,0.741560,2.293386,0.474318,0.386542,0.052121,42,14948,0,0
1304,3,1.914429,1.473409,7.012271,0.576525,10.474023,19.977247,1.100481,0.890221,2.735124,0.555966,0.507236,0.062490,54,18492,0,0
1305,3,1.911048,1.470456,5.912408,0.596547,11.557234,19.977237,0.940623,0.688639,2.319458,0.460263,0.398739,0.059794,42,14948,0,0
1306,3,1.916029,1.473843,6.560374,0.578688,10.922143,19.977234,1.159393,0.670485,2.731778,0.589800,0.488664,0.062490,54,18492,0,0
1307,3,1.904575,1.467587,5.970978,0.581604,11.520094,19.977251,0.898980,0.770315,2.311551,0.514021,0.384742,0.059967,42,14948,0,0
1308,3,1.914446,1.461222,6.882680,0.560262,10.619849,19.977237,1.153659,0.741079,2.723100,0.574344,0.495622,0.062490,54,18492,0,0
1309,3,1.917735,1.463962,6.031064,0.571567,11.456885,19.977251,0.941945,0.889045,2.325036,0.479401,0.388882,0.059794,42,14948,0,0
1310,3,1.905162,1.460819,6.877750,0.568237,10.611952,19.963101,1.175310,0.733951,2.702918,0.575521,0.515662,0.062490,54,18492,0,0
1311,3,1.904015,1.482123,5.942447,0.580020,11.542525,19.969008,0.952447,0.875563,2.331563,0.499505,0.410790,0.059794,42,14948,0,0
1312,3,1.901428,1.478939,6.455078,0.578671,11.042060,19.977237,1.084483,0.625441,2.786899,0.612230,0.528710,0.062490,54,18492,0,0
1313,3,1.898560,1.476064,6.081153,0.575772,11.421766,19.977251,0.942335,0.725681,2.261865,0.494758,0.370138,0.059794,42,14948,0,0
1314,3,1.922672,1.477766,6.558445,0.579230,10.914829,19.975176,1.176283,0.746792,2.728780,0.555966,0.498342,0.062490,54,18492,0,0
1315,3,1.914154,1.454403,5.739176,0.568661,11.755263,19.977254,0.950172,0.673869,2.235945,0.460263,0.372820,0.047858,42,14948,0,0
1316,3,1.926303,1.461155,6.622145,0.577159,10.851627,19.977234,1.199066,0.692291,2.723955,0.558648,0.495677,0.062490,54,18492,0,0
1317,3,1.918362,1.478380,5.873840,0.564677,11.620361,19.977241,0.954041,0.830153,2.254371,0.460263,0.370138,0.059794,42,14948,0,0
1318,3,1.915900,1.474704,6.683824,0.570173,10.807349,19.977247,1.143450,0.659787,2.740258,0.588728,0.491713,0.062490,54,18492,0,0
1319,3,1.924679,1.481564,5.919603,0.554769,11.578179,19.977230,0.942400,0.837457,2.282464,0.473928,0.386814,0.059794,42,14948,0,0
1320,3,1.916860,1.476440,6.653127,0.568654,10.838593,19.977234,1.131432,0.626957,2.769304,0.574544,0.475891,0.062490,54,18492,0,0
1321,3,1.916280,1.477726,6.115529,0.575623,11.369815,19.977247,0.955438,0.674649,2.320509,0.473931,0.430081,0.059794,42,14948,0,0
1322,3,1.918237,1.474386,6.605503,0.573246,10.880252,19.977237,1.106757,0.663540,2.773271,0.597727,0.491258,0.062276,54,18492,0,0
1323,3,1.891317,1.451348,5.824514,0.582577,11.678843,19.977251,0.921353,0.603282,2.338674,0.497314,0.402768,0.057319,42,14948,0,0
1324,3,1.910522,1.460659,6.586551,0.589481,10.890693,19.977247,1.101566,0.702396,2.776004,0.569617,0.475891,0.071238,54,18492,0,0
1325,3,1.926924,1.460988,5.967790,0.567820,11.514713,19.977247,0.941796,0.767578,2.287788,0.477393,0.370138,0.059794,42,14948,0,0
1326,3,1.902415,1.457513,6.350854,0.573493,11.138082,19.964844,1.170264,0.599416,2.703413,0.555966,0.489044,0.068027,54,18492,0,0
1327,3,1.900557,1.478007,6.188046,0.597961,11.284983,19.971547,0.921326,0.889153,2.264211,0.473935,0.370138,0.059794,42,14948,0,0
1328,3,1.902974,1.479950,6.531596,0.630514,10.963589,20.028673,1.119734,0.610477,2.833856,0.555966,0.492048,0.062490,54,18492,0,0
1329,3,1.921858,1.466061,5.860569,0.565331,11.578027,19.925785,0.958449,0.743866,2.290063,0.517334,0.370138,0.059794,42,14948,0,0
1330,3,1.927609,1.483320,6.613892,0.586711,10.849023,19.977234,1.106449,0.752855,2.719679,0.594499,0.512994,0.062490,54,18492,0,0
1331,3,1.919607,1.462453,6.131134,0.567356,11.359155,19.977251,0.940616,0.945763,2.313582,0.519799,0.370138,0.059794,42,14948,0,0
1332,3,1.922421,1.458784,6.543406,0.580627,10.930783,19.977237,1.152557,0.695689,2.734511,0.574619,0.531172,0.062714,54,18492,0,0
1333,3,1.921421,1.476613,5.870809,0.564650,11.620361,19.977241,0.921390,0.745219,2.293026,0.460263,0.408925,0.060133,42,14948,0,0
1334,3,1.925012,1.488905,6.752635,0.568953,10.730648,19.977247,1.160801,0.684238,2.769660,0.578339,0.506765,0.062490,54,18492,0,0
1335,3,1.914890,1.473680,6.043993,0.565169,11.453176,19.977227,1.018114,0.928585,2.242937,0.480686,0.370138,0.065501,42,14948,0,0
1336,3,1.936005,1.496592,6.706919,0.579057,10.755259,19.977241,1.148248,0.696052,2.744117,0.615916,0.475891,0.054816,54,18492,0,0
1337,3,1.920288,1.476023,6.128082,0.579912,11.348962,19.977244,1.014208,0.741475,2.246626,0.473928,0.370138,0.059794,42,14948,0,0
1338,3,1.917294,1.465149,6.468692,0.575575,11.015679,19.977241,1.098175,0.617164,2.784461,0.578339,0.520715,0.062276,54,18492,0,0
1339,3,1.922380,1.458310,5.841861,0.593177,11.619829,19.977247,0.942698,0.761587,2.267144,0.479279,0.395192,0.059794,42,14948,0,0
1340,3,1.917925,1.464600,6.524997,0.558221,10.974026,19.975169,1.084442,0.765581,2.765788,0.569577,0.490919,0.064355,54,18492,0,0
1341,3,1.918006,1.460829,5.957557,0.593889,11.525123,19.994575,0.935286,0.778571,2.288022,0.499091,0.370138,0.059794,42,14948,0,0
1342,3,1.907003,1.484033,6.461656,0.575568,11.015689,19.959917,1.159112,0.659966,2.722866,0.555966,0.475891,0.062117,54,18492,0,0
1343,3,1.902113,1.477858,5.855384,0.693641,11.526093,19.977230,0.992479,0.784570,2.252872,0.473914,0.370138,0.062897,42,14948,0,0
1344,3,1.894928,1.473029,6.630680,0.568224,10.883399,19.977230,1.142056,0.613597,2.768840,0.590149,0.491075,0.062490,54,18492,0,0
1345,3,1.894921,1.472405,6.126482,0.565325,11.390530,19.977258,0.937476,1.047201,2.285468,0.477386,0.392510,0.059794,42,14948,0,0
1346,3,1.919640,1.483527,6.591339,0.594001,10.872247,19.977227,1.112471,0.689012,2.707062,0.621986,0.475891,0.062490,54,18492,0,0
1347,3,1.926286,1.464237,5.821706,0.567790,11.661465,19.977247,0.941759,0.774550,2.300561,0.460263,0.403002,0.061557,42,14948,0,0
1348,3,1.918521,1.481398,6.526476,0.620724,10.911516,19.977237,1.126394,0.723677,2.720506,0.555966,0.505456,0.062490,54,18492,0,0
1349,3,1.926944,1.481608,6.053589,0.565311,11.431403,19.977247,0.917908,0.814907,2.328179,0.492069,0.421665,0.059794,42,14948,0,0
1350,3,1.921885,1.481557,6.703674,0.565165,10.786519,19.977244,1.122626,0.667809,2.755507,0.574541,0.504242,0.062490,54,18492,0,0
1351,3,1.919556,1.475291,5.817105,0.575331,11.665243,19.977234,0.926402,0.696316,2.308214,0.474009,0.370138,0.066593,42,14948,0,0
1352,3,1.924961,1.486026,6.888095,0.604377,10.559811,19.977244,1.145671,0.683757,2.718201,0.555966,0.475891,0.062490,54,18492,0,0
1353,3,1.925537,1.484080,5.720856,0.575585,11.755273,19.977251,0.919281,0.696893,2.334218,0.497677,0.384718,0.059794,42,14948,0,0
1354,3,1.900564,1.458984,6.527072,0.575578,10.974023,19.977237,1.144267,0.655619,2.752797,0.607313,0.513126,0.062490,54,18492,0,0
1355,3,1.921967,1.469842,5.863132,0.666050,11.526096,19.977244,0.912245,0.779287,2.245806,0.473880,0.370138,0.057319,42,14948,0,0
1356,3,1.915785,1.459551,6.508379,0.579047,10.974019,19.977230,1.102882,0.633962,2.786062,0.618578,0.478573,0.064857,54,18492,0,0
1357,3,1.904883,1.460517,5.964074,0.566081,11.543850,19.978889,0.935577,0.767992,2.319872,0.500285,0.370138,0.059794,42,14948,0,0
1358,3,1.905691,1.483738,6.862159,0.571537,10.619124,19.958510,1.162893,0.683614,2.710405,0.601006,0.490848,0.054816,54,18492,0,0
1359,3,1.897322,1.474789,5.860165,0.641551,11.578193,19.977230,0.920051,0.753370,2.300320,0.479360,0.387804,0.059794,42,14948,0,0
1360,3,1.898322,1.475888,6.685035,0.586528,10.807353,19.977237,1.172231,0.601390,2.740468,0.616492,0.494937,0.062490,54,18492,0,0
1361,3,1.910112,1.487640,6.027954,0.575751,11.463433,19.977251,0.918311,0.782220,2.299588,0.497596,0.382812,0.059794,42,14948,0,0
1362,3,1.922356,1.461273,6.649556,0.566728,10.838586,19.977227,1.151967,0.719998,2.717248,0.558648,0.497640,0.062490,54,18492,0,0
1363,3,1.925683,1.462711,5.929050,0.570163,11.552361,19.977258,0.931302,0.802100,2.275228,0.482635,0.389648,0.059794,42,14948,0,0
1364,3,1.921834,1.482069,6.597490,0.577145,10.880764,19.977234,1.154697,0.723687,2.756395,0.577708,0.520013,0.062490,54,18492,0,0
1365,3,1.912103,1.471137,5.794742,0.566104,11.702237,19.975186,0.939996,0.715410,2.314131,0.522125,0.370138,0.059794,42,14948,0,0
1366,3,1.915904,1.474426,6.313819,0.565175,11.182353,19.977251,1.159078,0.589461,2.724962,0.590037,0.490370,0.062490,54,18492,0,0
1367,3,1.922967,1.485674,5.855353,0.641188,11.557716,19.977224,0.927161,0.779331,2.302049,0.460263,0.400706,0.059794,42,14948,0,0
1368,3,1.914229,1.473324,6.822435,0.568654,10.671929,19.977247,1.084442,0.772515,2.781223,0.599596,0.515876,0.062490,54,18492,0,0
1369,3,1.915246,1.464142,5.668647,0.582638,11.810706,19.977237,0.939240,0.644470,2.345147,0.519294,0.385701,0.059794,42,14948,0,0
1370,3,1.908013,1.461846,7.075928,0.575606,10.401079,19.960626,1.119415,0.683675,2.785234,0.589881,0.506890,0.062490,54,18492,0,0
1371,3,1.916775,1.462494,5.705326,0.657589,11.697567,19.977258,0.935469,0.744578,2.296634,0.460263,0.386722,0.083917,42,14948,0,0
1372,3,1.919905,1.461816,6.966075,0.575599,10.515649,19.977227,1.112047,0.742130,2.761064,0.618239,0.506436,0.069814,54,18492,0,0
1373,3,1.902089,1.459707,5.867774,0.597412,11.606252,19.973528,0.958483,0.656196,2.280107,0.500234,0.399241,0.059794,42,14948,0,0
1374,3,1.904056,1.481622,6.609114,0.560760,10.884667,19.958598,1.084442,0.690447,2.761478,0.574721,0.493096,0.062490,54,18492,0,0
1375,3,1.901917,1.479445,6.077806,0.585992,11.411523,19.977237,0.956980,0.829132,2.304060,0.495273,0.387397,0.059794,42,14948,0,0
1376,3,1.901666,1.478702,6.574585,0.579057,10.921922,19.977230,1.155443,0.634060,2.702372,0.569929,0.497904,0.054816,54,18492,0,0
1377,3,1.896244,1.474352,5.739746,0.565172,11.776096,19.977258,0.954454,0.681444,2.261956,0.460263,0.401859,0.059794,42,14948,0,0
1378,3,1.920129,1.459212,6.486684,0.566620,11.003808,19.977241,1.141551,0.701643,2.753489,0.631544,0.491418,0.062490,54,18492,0,0
1379,3,1.920152,1.460687,6.038737,0.589240,11.429114,19.977244,0.935360,0.713704,2.327155,0.494514,0.403680,0.059794,42,14948,0,0
1380,3,1.928301,1.482808,6.571723,0.576121,10.901089,19.977234,1.192820,0.709456,2.659583,0.574744,0.491808,0.062490,54,18492,0,0
1381,3,1.918484,1.479723,5.894582,0.566115,11.598063,19.977244,0.966515,0.724796,2.313236,0.482578,0.388760,0.059794,42,14948,0,0
1382,3,1.923655,1.487295,6.628994,0.575575,10.849019,19.977244,1.123701,0.697798,2.753889,0.594438,0.498006,0.062490,54,18492,0,0
1383,3,1.913778,1.472514,5.604635,0.568132,11.890696,19.977241,0.960124,0.653900,2.253703,0.475895,0.370138,0.070869,42,14948,0,0
1384,3,1.915931,1.474796,7.084618,0.565165,10.411509,19.977224,1.155138,0.813368,2.754639,0.574395,0.493167,0.062490,54,18492,0,0
1385,3,1.927717,1.461778,5.833282,0.582350,11.633898,19.977247,0.952894,0.723473,2.298699,0.492798,0.386359,0.059794,42,14948,0,0
1386,3,1.913286,1.454946,6.531955,0.578651,10.953345,19.977237,1.181190,0.625654,2.750275,0.576562,0.498342,0.062490,54,18492,0,0
1387,3,1.912109,1.454051,6.063195,0.569655,11.432295,19.977254,0.912547,0.846398,2.300544,0.481890,0.370138,0.070526,42,14948,0,0
1388,3,1.918464,1.465091,6.547370,0.568644,10.942763,19.977241,1.084442,0.769135,2.777357,0.593269,0.524085,0.050673,54,18492,0,0
1389,3,1.897956,1.474993,6.049045,0.592014,11.429915,19.968930,0.913378,0.901130,2.324195,0.460263,0.408430,0.068085,42,14948,0,0
1390,3,1.909465,1.487037,6.830251,0.565637,10.661058,19.966410,1.122420,0.708120,2.753584,0.576494,0.493025,0.062490,54,18492,0,0
1391,3,1.898421,1.476529,5.890333,0.579047,11.609429,19.977230,0.950324,0.839878,2.300958,0.504405,0.388621,0.059794,42,14948,0,0
1392,3,1.897315,1.474826,6.433109,0.589464,11.057343,19.977230,1.142999,0.596676,2.790812,0.630381,0.493279,0.062490,54,18492,0,0
1393,3,1.925439,1.484236,6.047519,0.557800,11.446493,19.977251,0.898939,0.731279,2.312008,0.482635,0.390903,0.059794,42,14948,0,0
1394,3,1.916484,1.460975,6.728058,0.567020,10.765676,19.977237,1.124858,0.683767,2.739885,0.578332,0.475891,0.074748,54,18492,0,0
1395,3,1.922590,1.458971,6.094889,0.576491,11.383274,19.977244,0.943251,0.798852,2.312592,0.482713,0.392510,0.061608,42,14948,0,0
1396,3,1.917650,1.478238,6.580970,0.574941,10.903683,19.977244,1.099589,0.583486,2.720947,0.555966,0.475891,0.062490,54,18492,0,0
1397,3,1.926354,1.480943,5.984280,0.572710,11.493903,19.977247,0.980584,0.839010,2.277802,0.460263,0.404239,0.059794,42,14948,0,0
1398,3,1.921651,1.484684,6.693502,0.565152,10.796936,19.977241,1.138618,0.708076,2.763062,0.574795,0.540992,0.067966,54,18492,0,0
1399,3,1.915853,1.470964,5.981835,0.577135,11.502404,19.977227,0.972860,0.864885,2.286533,0.460263,0.370138,0.059794,42,14948,0,0
1400,3,1.923743,1.465637,6.562927,0.577389,10.932349,19.996409,1.174584,0.606927,2.755385,0.586904,0.492381,0.062490,54,18492,0,0
1401,3,1.904073,1.461185,5.993998,0.575748,11.484263,19.958082,0.918698,0.704251,2.309377,0.499474,0.392588,0.059794,42,14948,0,0
1402,3,1.918437,1.463036,6.594994,0.568207,10.895599,19.977237,1.129076,0.649821,2.816416,0.613739,0.498817,0.062490,54,18492,0,0
1403,3,1.925062,1.471364,5.905555,0.578664,11.567969,19.977251,0.935028,0.784370,2.305830,0.460263,0.391669,0.059794,42,14948,0,0
1404,3,1.914215,1.458689,6.499915,0.564240,10.998861,19.977230,1.150625,0.669844,2.753035,0.584018,0.490262,0.054816,54,18492,0,0
1405,3,1.894891,1.472999,6.068682,0.573419,11.427850,19.964840,0.923367,0.880361,2.298045,0.478563,0.387736,0.059794,42,14948,0,0
1406,3,1.902869,1.480381,6.549113,0.575592,10.942773,19.970347,1.130629,0.637173,2.783905,0.591970,0.475891,0.062490,54,18492,0,0
1407,3,1.896790,1.473741,5.921831,0.578647,11.579963,19.977230,0.958452,0.819224,2.263526,0.460263,0.370138,0.059794,42,14948,0,0
1408,3,1.907033,1.484484,6.767131,0.579057,10.724023,19.977244,1.134698,0.721507,2.781637,0.595490,0.510752,0.062490,54,18492,0,0
1409,3,1.928528,1.486094,5.863688,0.575762,11.609266,19.977244,0.970415,0.653290,2.267100,0.479058,0.370138,0.059794,42,14948,0,0
1410,3,1.929606,1.469910,6.826267,0.578644,10.642717,19.977234,1.104869,0.603465,2.770549,0.578417,0.488824,0.064077,54,18492,0,0
1411,3,1.928073,1.483785,5.884996,0.582662,11.581523,19.977254,0.933143,0.755846,2.342733,0.460263,0.425106,0.060065,42,14948,0,0
1412,3,1.924252,1.485881,6.560428,0.581034,10.911519,19.977234,1.168871,0.691705,2.700233,0.555966,0.475891,0.063239,54,18492,0,0
1413,3,1.921950,1.480584,6.427202,0.568203,11.059882,19.977237,0.916673,0.836314,2.301154,0.498430,0.370138,0.059794,42,14948,0,0
1414,3,1.923787,1.481937,6.552283,0.568817,10.932349,19.977237,1.161723,0.760997,2.692464,0.574103,0.493042,0.062490,54,18492,0,0
1415,3,1.929749,1.492750,5.832211,0.564192,11.651086,19.977237,0.917837,0.720873,2.321862,0.460263,0.398515,0.059794,42,14948,0,0
1416,3,1.902039,1.460334,6.509677,0.568627,10.994846,19.975189,1.129249,0.710344,2.729207,0.555966,0.528293,0.062490,54,18492,0,0
1417,3,1.918104,1.461555,5.759545,0.575582,11.724016,19.977247,0.917175,0.681407,2.290982,0.460263,0.386339,0.059794,42,14948,0,0
1418,3,1.922092,1.459449,6.547221,0.554735,10.953189,19.977237,1.160448,0.687914,2.750783,0.590929,0.517473,0.062490,54,18492,0,0
1419,3,1.918772,1.465539,6.050554,0.561713,11.446211,19.977251,0.960890,0.837823,2.289252,0.479628,0.382775,0.069814,42,14948,0,0
1420,3,1.923245,1.481272,7.566891,0.605099,9.897620,19.992855,1.126302,0.744103,2.747904,0.555966,0.506690,0.074714,54,18492,0,0
1421,3,1.908851,1.486355,5.867764,0.620463,11.565206,19.962284,0.952084,0.772098,2.333435,0.478651,0.399275,0.059794,42,14948,0,0
1422,3,1.896325,1.473792,6.739000,0.586056,10.755205,19.976586,1.159078,0.759525,2.755076,0.576786,0.488393,0.062490,54,18492,0,0
1423,3,1.906925,1.483955,6.010288,0.565162,11.494856,19.977230,0.933343,0.754361,2.309482,0.501194,0.390201,0.060693,42,14948,0,0
1424,3,1.901862,1.478824,6.602993,0.581692,10.890683,19.977230,1.159651,0.735480,2.715488,0.624115,0.498342,0.062490,54,18492,0,0
1425,3,1.923153,1.482795,5.644423,0.566701,11.842977,19.977254,0.931573,0.574504,2.289137,0.460263,0.406609,0.059794,42,14948,0,0
1426,3,1.924164,1.461483,6.576382,0.586012,10.890686,19.977244,1.170854,0.657718,2.702945,0.555966,0.500258,0.062490,54,18492,0,0
1427,3,1.924449,1.481628,5.919864,0.575606,11.557329,19.977247,0.979648,0.767853,2.302348,0.474613,0.410224,0.059794,42,14948,0,0
1428,3,1.915382,1.473979,6.862949,0.568749,10.630151,19.977230,1.164137,0.677711,2.699656,0.575375,0.492917,0.062490,54,18492,0,0
1429,3,1.917033,1.479953,5.750994,0.603109,11.706109,19.977244,0.972104,0.690094,2.280090,0.474599,0.387902,0.052121,42,14948,0,0
1430,3,1.917291,1.471954,6.666606,0.585988,10.807356,19.977241,1.100057,0.702660,2.738041,0.593394,0.494117,0.062490,54,18492,0,0
1431,3,1.921115,1.463898,5.846812,0.568620,11.640696,19.977244,0.918230,0.764075,2.325572,0.498583,0.370138,0.078651,42,14948,0,0
1432,3,1.903310,1.461992,6.493849,0.568617,10.994849,19.960626,1.101525,0.634460,2.740594,0.607635,0.489119,0.054816,54,18492,0,0
1433,3,1.921760,1.462250,5.818403,0.594944,11.642151,19.977258,0.914188,0.666294,2.308787,0.460263,0.414564,0.059794,42,14948,0,0
1434,3,1.915554,1.460270,7.709998,0.565165,9.786509,19.977227,1.086609,1.687761,2.795431,0.555966,0.547523,0.062490,54,18492,0,0
1435,3,1.911489,1.469262,5.960225,0.565033,11.540510,19.977258,0.956126,0.822296,2.267320,0.513133,0.370138,0.047858,42,14948,0,0
1436,3,1.890489,1.467502,6.869564,0.568759,10.650079,19.978892,1.154592,0.698751,2.732330,0.594954,0.492825,0.062490,54,18492,0,0
1437,3,1.904585,1.482134,6.082516,0.559669,11.410550,19.957319,0.918176,0.913303,2.341007,0.460263,0.397983,0.070357,42,14948,0,0
1438,3,1.900618,1.478702,6.492496,0.568437,11.015686,19.977237,1.103200,0.600613,2.796119,0.574544,0.514916,0.062490,54,18492,0,0
1439,3,1.905792,1.483839,5.990587,0.565158,11.515693,19.977230,0.948049,0.778090,2.265900,0.475586,0.370138,0.059794,42,14948,0,0
