[    0.0147] Program Path: /home/spider/tyrax2-debugger-linux-v1/squashfs-root/usr/bin/pcsx2-qt
[    0.0148] AppRoot Directory: /home/spider/tyrax2-debugger-linux-v1/squashfs-root/usr/bin
[    0.0148] Resources Directory: /home/spider/tyrax2-debugger-linux-v1/squashfs-root/usr/bin/resources
[    0.0148] DataRoot Directory: /home/spider/paused-clock-production-v2/profile/PCSX2
[    0.0148] Loading config from /home/spider/paused-clock-production-v2/profile/PCSX2/inis/PCSX2.ini.
[    0.0151] Loading secrets from /home/spider/paused-clock-production-v2/profile/PCSX2/inis/secrets.ini.
[    0.0155] BIOS Directory: /mnt/c/Users/pawel/OneDrive/Documents/PCSX2/bios
[    0.0155] Snapshots Directory: /home/spider/paused-clock-production-v2/profile/PCSX2/snaps
[    0.0155] Savestates Directory: /home/spider/paused-clock-production-v2/profile/PCSX2/sstates
[    0.0155] MemoryCards Directory: /home/spider/paused-clock-production-v2/profile/PCSX2/memcards
[    0.0155] Logs Directory: /home/spider/paused-clock-production-v2/profile/PCSX2/logs
[    0.0155] Cheats Directory: /home/spider/paused-clock-production-v2/profile/PCSX2/cheats
[    0.0155] Patches Directory: /home/spider/paused-clock-production-v2/profile/PCSX2/patches
[    0.0156] Covers Directory: /home/spider/paused-clock-production-v2/profile/PCSX2/covers
[    0.0156] Game Settings Directory: /home/spider/paused-clock-production-v2/profile/PCSX2/gamesettings
[    0.0156] Resources Directory: /home/spider/tyrax2-debugger-linux-v1/squashfs-root/usr/bin/resources
[    0.0156] User Resources Directory: /home/spider/paused-clock-production-v2/profile/PCSX2/resources
[    0.0156] Cache Directory: /home/spider/paused-clock-production-v2/profile/PCSX2/cache
[    0.0156] Textures Directory: /home/spider/paused-clock-production-v2/profile/PCSX2/textures
[    0.0156] Input Profile Directory: /home/spider/paused-clock-production-v2/profile/PCSX2/inputprofiles
[    0.0156] Video Dumping Directory: /home/spider/paused-clock-production-v2/profile/PCSX2/videos
[    0.0156] Debugger Layouts Directory: /home/spider/paused-clock-production-v2/profile/PCSX2/inis/debuggerlayouts
[    0.0156] Debugger Settings Directory: /home/spider/paused-clock-production-v2/profile/PCSX2/inis/debuggersettings
[    0.0273] Loaded translation file for language en-US
[    0.0337] PCSX2 v2.9.93
[    0.0338] Savestate version: 0x9a590000
[    0.0338] 
[    0.0338] 
[    0.0338] Host Machine Init:
[    0.0339]   Operating System = Ubuntu 22.04
[    0.0339]   Available RAM    = 49182 MB (48.03 GB)
[    0.0339]   Physical RAM     = 50191 MB (49.02 GB)
[    0.0339] 
[    0.0339]   Processor        = AMD Ryzen Threadripper 1920X
[    0.0339]   Core Count       = 24 cores
[    0.0339]   Thread Count     = 24 threads
[    0.0339]   Cluster Count    = 1 clusters
[    0.0339] CPU Extensions Detected:
[    0.0339]   AVX AVX2
[    0.0339] 
[    0.0339] Allocating host memory for virtual systems...
[    0.0342]   EE Main Memory                   @ 0x00007F3A2F200000 -> 0x00007F3A38100000 [143mb]
[    0.0342]   IOP Main Memory                  @ 0x00007F3A38100000 -> 0x00007F3A40200000 [129mb]
[    0.0342]   VU0/1 On-Chip Memory             @ 0x00007F3A40200000 -> 0x00007F3A40300000 [1mb]
[    0.0342]   VTLB Virtual Map                 @ 0x00007F3A40300000 -> 0x00007F3A40B00000 [8mb]
[    0.0342]   VTLB Address Map                 @ 0x00007F3A40B00000 -> 0x00007F3A40F00000 [4mb]
[    0.0342]   R5900 Recompiler Cache           @ 0x00007F3A40F00000 -> 0x00007F3A44F00000 [64mb]
[    0.0342]   R3000A Recompiler Cache          @ 0x00007F3A44F00000 -> 0x00007F3A46F00000 [32mb]
[    0.0342]   Micro VU0 Recompiler Cache       @ 0x00007F3A47F00000 -> 0x00007F3A4BF00000 [64mb]
[    0.0342]   Micro VU1 Recompiler Cache       @ 0x00007F3A4BF00000 -> 0x00007F3A4FF00000 [64mb]
[    0.0343]   VIF0 Unpack Recompiler Cache     @ 0x00007F3A46F00000 -> 0x00007F3A47700000 [8mb]
[    0.0343]   VIF1 Unpack Recompiler Cache     @ 0x00007F3A47700000 -> 0x00007F3A47F00000 [8mb]
[    0.0343]   VIF Unpack Recompiler Cache      @ 0x00007F3A4FF00000 -> 0x00007F3A50000000 [1mb]
[    0.0343]   GS Software Renderer             @ 0x00007F3A50000000 -> 0x00007F3A54000000 [64mb]
[    0.0365] Fastmem area: 0x7f392f200000 - 0x7f3a2f1fffff
[    0.0384] Generating SSE-optimized unpacking functions for VIF interpreters...
[    0.0386] Unpack function generation complete.  Generated function statistics:
[    0.0386]   Reserved buffer    : 1048576 bytes @ 0x00007F3A4FF00000
[    0.0386]   x86 code generated : 7422 bytes
[    0.0387] 
[    0.0390] SDLInputSource: Using Controller DB from resources.
[    0.0542] SDLInputSource: 765 gamepad mappings are loaded.
[    0.0542] Invalid binding: 'XInput-0/DPadUp'
[    0.0543] Invalid binding: 'XInput-0/DPadRight'
[    0.0543] Invalid binding: 'XInput-0/DPadDown'
[    0.0543] Invalid binding: 'XInput-0/DPadLeft'
[    0.0543] Invalid binding: 'XInput-0/Y'
[    0.0543] Invalid binding: 'XInput-0/B'
[    0.0543] Invalid binding: 'XInput-0/A'
[    0.0543] Invalid binding: 'XInput-0/X'
[    0.0543] Invalid binding: 'XInput-0/Back'
[    0.0543] Invalid binding: 'XInput-0/Start'
[    0.0543] Invalid binding: 'XInput-0/LeftShoulder'
[    0.0543] Invalid binding: 'XInput-0/+LeftTrigger'
[    0.0543] Invalid binding: 'XInput-0/RightShoulder'
[    0.0543] Invalid binding: 'XInput-0/+RightTrigger'
[    0.0543] Invalid binding: 'XInput-0/LeftStick'
[    0.0543] Invalid binding: 'XInput-0/RightStick'
[    0.0543] Invalid binding: 'XInput-0/Guide'
[    0.0543] Invalid binding: 'XInput-0/-LeftY'
[    0.0543] Invalid binding: 'XInput-0/+LeftX'
[    0.0543] Invalid binding: 'XInput-0/+LeftY'
[    0.0543] Invalid binding: 'XInput-0/-LeftX'
[    0.0543] Invalid binding: 'XInput-0/-RightY'
[    0.0543] Invalid binding: 'XInput-0/+RightX'
[    0.0543] Invalid binding: 'XInput-0/+RightY'
[    0.0543] Invalid binding: 'XInput-0/-RightX'
[    0.0549] Settings: Advanced Settings are enabled; only proceed if you know what you're doing! No support will be provided if you have the option enabled.
[    0.1059] Scanning F:\PS2\Games (recursively)
[    0.1092] Loading BIOS...
[    0.1206] BIOS Found: Europe  v02.00(14/06/2004)  Console 20040614-100914
[    0.1734] Mechacon version: 0x00020603
[    0.1747] Opening CDVD...
[    0.2046] Initializing Elf: 4625628 bytes
[    0.2056] Disc changed to .
[    0.2056]   Name: vehicle-playground [?]
[    0.2056]   Serial: vehicle-playground
[    0.2056]   Version: 
[    0.2056]   CRC: 982BE0A0
[    0.2057] No game settings found (tried '/home/spider/paused-clock-production-v2/profile/PCSX2/gamesettings/982BE0A0.ini')
[    0.2057] Applying settings...
[    0.2060] Invalid binding: 'XInput-0/DPadUp'
[    0.2060] Invalid binding: 'XInput-0/DPadRight'
[    0.2060] Invalid binding: 'XInput-0/DPadDown'
[    0.2060] Invalid binding: 'XInput-0/DPadLeft'
[    0.2060] Invalid binding: 'XInput-0/Y'
[    0.2060] Invalid binding: 'XInput-0/B'
[    0.2060] Invalid binding: 'XInput-0/A'
[    0.2060] Invalid binding: 'XInput-0/X'
[    0.2060] Invalid binding: 'XInput-0/Back'
[    0.2060] Invalid binding: 'XInput-0/Start'
[    0.2060] Invalid binding: 'XInput-0/LeftShoulder'
[    0.2061] Invalid binding: 'XInput-0/+LeftTrigger'
[    0.2061] Invalid binding: 'XInput-0/RightShoulder'
[    0.2061] Invalid binding: 'XInput-0/+RightTrigger'
[    0.2061] Invalid binding: 'XInput-0/LeftStick'
[    0.2061] Invalid binding: 'XInput-0/RightStick'
[    0.2061] Invalid binding: 'XInput-0/Guide'
[    0.2061] Invalid binding: 'XInput-0/-LeftY'
[    0.2061] Invalid binding: 'XInput-0/+LeftX'
[    0.2061] Invalid binding: 'XInput-0/+LeftY'
[    0.2061] Invalid binding: 'XInput-0/-LeftX'
[    0.2061] Invalid binding: 'XInput-0/-RightY'
[    0.2061] Invalid binding: 'XInput-0/+RightX'
[    0.2061] Invalid binding: 'XInput-0/+RightY'
[    0.2061] Invalid binding: 'XInput-0/-RightX'
[    0.2063] GameDB: Has not been initialized yet, initializing...
[    0.2517] GameDB: 12841 games on record (loaded in 45.46ms)
[    0.2543] Reopening memory cards...
[    0.2544] (FileMcd) Creating new 8MB memory card: /home/spider/paused-clock-production-v2/profile/PCSX2/memcards/Mcd001.ps2
[    0.2646] McdSlot 0 [File]: Mcd001.ps2 [8 MB, UNFORMATTED]
[    0.2646] McdSlot 1 [File]: [disabled/empty filename]
[    0.2705] HLE Host: Set 'host:' root path to: /mnt/f/Projects/tyrax2-lab-20261001/paused-clock-production-vehicle-v1/game/bin
[    0.2709] EE/iR5900 Recompiler Reset
[    0.3095] iR3000A Recompiler reset.
[    0.3211] mVU Reset
[    0.3218] mVU Reset
[    0.3270] Resetting host memory for virtual systems...
[    0.5623] Time Zone Offset: GMT+01:00
[    0.5623] Time Zone Location: Berlin
[    0.5623] DST: Winter Time
[    0.5623] Time Format: 24-Hour
[    0.5623] Date Format: DD/MM/YYYY
[    0.5623] System Time Basis: Operating System Time
[    0.5624] Resulting System Time: 2026-10-05 23:19:18
[    0.5624] Close virtual disk tray
[    0.5624] Media already loaded (fast boot)
[    0.5624] Opening GS...
[    0.5981] VK: Enabling extension: VK_KHR_get_surface_capabilities2
[    0.6086] Using Vulkan GPU 'llvmpipe (LLVM 15.0.7, 256 bits)' for automatic renderer check.
[    0.6086] Not using Vulkan for software renderer.
[    0.6087] acquireRenderWindow() recreate=true fullscreen=false render_to_main=false surfaceless=false
[    0.6135] (GetRefreshRateFromXRandR) Modeline is invalid: 0/0/0
[    0.6136] Surface refresh rate: 60 Hz
[    0.6137] Loading EGL from libEGL.so...
[    0.6151] GLAD EGL Version: 1.0
[    0.6151] Using EGL platform EGL_EXT_platform_x11.
[    0.6246] eglInitialize() version: 1.5
[    0.6247] GLAD EGL Version: 1.5
[    0.6247] Trying GL version 4.6
[    0.6248] eglCreateContext() failed: 0x3009
[    0.6248] Trying GL version 4.5
[    0.6366] Got GL version 4.5
[    0.6366] EGL_MIN_SWAP_INTERVAL = 1
[    0.6366] EGL_MAX_SWAP_INTERVAL = 1
[    0.6366] Negative swap interval/tear-control is NOT supported
[    0.6391] GL_VENDOR: Mesa
[    0.6392] GL_VERSION: 4.5 (Core Profile) Mesa 23.2.1-1ubuntu3.1~22.04.4
[    0.6392] GL_RENDERER: llvmpipe (LLVM 15.0.7, 256 bits)
[    0.6392] GL_SHADING_LANGUAGE_VERSION: 4.50
[    0.6392] GL_MAX_VERTEX_SHADER_STORAGE_BLOCKS: 16
[    0.6392] GL: Viewport Array:            Supported       => Using: GL_ARB_viewport_array
[    0.6392] GL: Direct State Access:       Supported       => Using: OpenGL 4.5 Core
[    0.6392] GL: Copy Image:                Supported       => Using: OpenGL 4.3 Core
[    0.6392] GL: Clip Control:              Supported       => Using: OpenGL 4.5 Core
[    0.6392] GL: Conservative Depth:        Supported       => Using: OpenGL 4.2 Core
[    0.6392] GL: CAS Sharpening:            Supported       => Using: OpenGL 4.2 Core
[    0.6393] GL: Texture Barriers:          Auto            => Using: Framebuffer Fetch
[    0.6393] GL: RGBA16 HW Blending:        Supported       => Using: RGBA16 UNORM
[    0.6393] GL: Point Expansion:           Supported       => Using: Hardware
[    0.6393] GL: Line Expansion:            Fallback        => Using: Vertex Expansion
[    0.6393] GL: Sprite Expansion:          Supported       => Using: Vertex Expansion
[    0.6393] GL: DXTn Texture Compression:  Supported       => Using: GL_EXT_texture_compression_s3tc
[    0.6393] GL: BC6/7 Texture Compression: Supported       => Using: OpenGL 4.2 Core
[    0.6413] 1 program binary formats supported by driver
[    0.6825] Program binary retrieved, 4105 bytes, format 34655
[    0.6830] Program binary retrieved, 4121 bytes, format 34655
[    0.6837] Program binary retrieved, 4249 bytes, format 34655
[    0.6842] Program binary retrieved, 4013 bytes, format 34655
[    0.6846] Program binary retrieved, 4013 bytes, format 34655
[    0.6850] Program binary retrieved, 4017 bytes, format 34655
[    0.6855] Program binary retrieved, 4017 bytes, format 34655
[    0.6859] Program binary retrieved, 4185 bytes, format 34655
[    0.6864] Program binary retrieved, 4217 bytes, format 34655
[    0.6869] Program binary retrieved, 4137 bytes, format 34655
[    0.6873] Program binary retrieved, 4125 bytes, format 34655
[    0.6878] Program binary retrieved, 4121 bytes, format 34655
[    0.6885] Program binary retrieved, 4253 bytes, format 34655
[    0.6892] Program binary retrieved, 4237 bytes, format 34655
[    0.6896] Program binary retrieved, 4245 bytes, format 34655
[    0.6901] Program binary retrieved, 4261 bytes, format 34655
[    0.6908] Program binary retrieved, 4965 bytes, format 34655
[    0.6914] Program binary retrieved, 4981 bytes, format 34655
[    0.6919] Program binary retrieved, 4261 bytes, format 34655
[    0.6925] Program binary retrieved, 4277 bytes, format 34655
[    0.6931] Program binary retrieved, 5005 bytes, format 34655
[    0.6936] Program binary retrieved, 5021 bytes, format 34655
[    0.6942] Program binary retrieved, 4257 bytes, format 34655
[    0.6946] Program binary retrieved, 4273 bytes, format 34655
[    0.6952] Program binary retrieved, 5001 bytes, format 34655
[    0.6958] Program binary retrieved, 5017 bytes, format 34655
[    0.6964] Program binary retrieved, 4277 bytes, format 34655
[    0.6969] Program binary retrieved, 4293 bytes, format 34655
[    0.6975] Program binary retrieved, 5057 bytes, format 34655
[    0.6981] Program binary retrieved, 5073 bytes, format 34655
[    0.6986] Program binary retrieved, 4153 bytes, format 34655
[    0.6991] Program binary retrieved, 4169 bytes, format 34655
[    0.6995] Program binary retrieved, 4233 bytes, format 34655
[    0.7001] Program binary retrieved, 5781 bytes, format 34655
[    0.7008] Program binary retrieved, 5373 bytes, format 34655
[    0.7015] Program binary retrieved, 6389 bytes, format 34655
[    0.7020] Program binary retrieved, 4917 bytes, format 34655
[    0.7025] Program binary retrieved, 4845 bytes, format 34655
[    0.7030] Program binary retrieved, 4997 bytes, format 34655
[    0.7035] Program binary retrieved, 4101 bytes, format 34655
[    0.7072] Program binary retrieved, 4137 bytes, format 34655
[    0.7112] Program binary retrieved, 4109 bytes, format 34655
[    0.7118] Program binary retrieved, 5389 bytes, format 34655
[    0.7124] Program binary retrieved, 5829 bytes, format 34655
[    0.7129] Program binary retrieved, 5857 bytes, format 34655
[    0.7133] Program binary retrieved, 4289 bytes, format 34655
[    0.7165] Program binary retrieved, 21205 bytes, format 34655
[    0.7169] Program binary retrieved, 4765 bytes, format 34655
[    0.7175] Program binary retrieved, 5685 bytes, format 34655
[    0.7178] Program binary retrieved, 4141 bytes, format 34655
[    0.7182] Program binary retrieved, 4537 bytes, format 34655
[    0.7187] Program binary retrieved, 4889 bytes, format 34655
[    0.7191] Program binary retrieved, 4117 bytes, format 34655
[    0.7195] Program binary retrieved, 4741 bytes, format 34655
[    0.7200] Program binary retrieved, 4965 bytes, format 34655
[    0.7208] Program binary retrieved, 6613 bytes, format 34655
[    0.7213] Program binary retrieved, 4797 bytes, format 34655
[    0.7232] Program binary retrieved, 13085 bytes, format 34655
[    0.7306] Program binary retrieved, 7285 bytes, format 34655
[    0.7373] Program binary retrieved, 5497 bytes, format 34655
[    0.7377] Program binary retrieved, 4141 bytes, format 34655
[    0.7381] Program binary retrieved, 4141 bytes, format 34655
[    0.7386] Program binary retrieved, 4145 bytes, format 34655
[    0.7391] Program binary retrieved, 4145 bytes, format 34655
[    0.7918] Program binary retrieved, 5369 bytes, format 34655
[    0.7933] OpenGL Graphics Driver Info:
[    0.7933] OpenGL Context:
[    0.7933] 4.5 (Core Profile) Mesa 23.2.1-1ubuntu3.1~22.04.4
[    0.7933] Mesa llvmpipe (LLVM 15.0.7, 256 bits)
[    0.7933] GLSL: 4.50
[    0.7963] Processor count: 24 cores, 24 processors, 1 clusters
[    0.7963] Ordered processor list: 12, 23, 22, 21, 20, 19, 18, 17, 16, 15, 14, 13, 0, 11, 10, 9, 8, 7, 6, 5, 4, 3, 2, 1
[    0.7964] Not pinning SW threads, we need 4 processors, but only have 0
[    0.7975] Opening SPU2...
[    0.7980] Creating Null audio stream, sample rate = 48000, expansion = Disabled, buffer = 50, latency = 32, stretching enabled, driver = wasapi, device = 
[    0.7981] Allocated buffer of 2432 frames for buffer of 50 ms [expansion Disabled (block size 2048), stretch disabled, target size 2432].
[    0.7981] Initializing Pad...
[    0.7981] Initializing SIO2...
[    0.7981] Initializing SIO0...
[    0.7981] Opening DEV9...
[    0.7981] DEV9: DEV9init
[    0.7987] DEV9: DEV9init2
[    0.7987] DEV9: DEV9init3
[    0.8026] DEV9: DEV9init ok
[    0.8026] DEV9: DEV9open
[    0.8027] Opening USB...
[    0.8027] Opening FW...
[    0.8029] Frame rate: 59.94, target speed: 1, target frame rate: 59.94, ticks per frame: 16683350
[    0.8066] VM subsystems initialized in 697.70 ms
[    0.8066] MultiPause time: 199ns
[    0.8075] MultiPause time: 167ns
[    0.8098] MultiPause time: 142ns
[    0.8098] MultiPause time: 142ns
[    0.8167] Failed to inhibit screen saver.
[    0.8168] Processor order assignment: EE=12, VU=23, GS=22
[    0.8168]   EE thread is on processor 12 (0x1000)
[    0.8168]   VU thread is on processor 23 (0x800000)
[    0.8169]   GS thread is on processor 22 (0x400000)
[    0.8260] Failed to inhibit screen saver.
[    0.8502] # Initialize memory (rev:3.70, ctm:197Mhz, cpuclk:147Mhz detected)
[    0.8582] R3000 Debugger: Branch to 0x890 (SYSMEM). Clearing modules.
[    0.8597] RegisterLibraryEntries: excepman version 1.01
[    0.8605] RegisterLibraryEntries:  intrman version 1.02
[    0.8606] RegisterLibraryEntries:   ssbusc version 1.01
[    0.8611] RegisterLibraryEntries:  dmacman version 1.02
[    0.8614] RegisterLibraryEntries:  timrman version 1.01
[    0.8617] RegisterLibraryEntries:  sysclib version 1.01
[    0.8618] RegisterLibraryEntries:    stdio version 1.01
[    0.8619] RegisterLibraryEntries:  heaplib version 1.01
[    0.8623] FW: read mem 0x1f80847c: 0x10000001
[    0.8623] FW: write mem 0x1f808414: 0x417f0000
[    0.8623] FW: read mem 0x1f808400: 0xffc00001
[    0.8623] FW: write mem 0x1f80844c: 0xffffffff
[    0.8623] FW: write mem 0x1f808420: 0xffffffff
[    0.8623] FW: write mem 0x1f808428: 0xffffffff
[    0.8623] FW: write mem 0x1f808430: 0xffffffff
[    0.8632] RegisterLibraryEntries:   thbase version 1.01
[    0.8633] RegisterLibraryEntries:  thevent version 1.01
[    0.8633] RegisterLibraryEntries:  thsemap version 1.01
[    0.8633] RegisterLibraryEntries:  thmsgbx version 1.01
[    0.8634] RegisterLibraryEntries:  thfpool version 1.01
[    0.8635] RegisterLibraryEntries:  thvpool version 1.01
[    0.8642] RegisterLibraryEntries:   vblank version 1.01
[    0.8647] RegisterLibraryEntries:    ioman version 1.02
[    0.8653] RegisterLibraryEntries:  modload version 1.01
[    0.8656] RegisterLibraryEntries:   romdrv version 2.01
[    0.8658] RegisterLibraryEntries:    stdio version 1.02
[    0.8662] RegisterLibraryEntries:   sifman version 1.01
[    0.8664] 
[    0.8665] PlayStation 2 ======== Hard reset boot
[    0.8666]  ROMGEN=2004-0614, IOP info (CPUID=1f, CACH_CONFIG=0, 2MB, IOP mode)
[    0.8668]  <20040614-100914,ROMconf,PS20200EC20040614.bin:11696>
[    0.8753] # Total accessable memory size: 32 MB (B:2:8:0) (370:2:7c30)
[    0.8762] # TLB spad=0 kernel=1:12 default=13:30 extended=31:38
[    0.9360] # Initialize Start.
[    0.9364] # Initialize GS ...
[    0.9364] # Initialize INTC ...
[    0.9364] # Initialize TIMER ...
[    0.9365] # Initialize DMAC ...
[    0.9367] # Initialize VU1 ...
[    0.9369] # Initialize VIF1 ...
[    0.9370] # Initialize GIF ...
[    0.9370] # Initialize VU0 ...
[    0.9372] # Initialize VIF0 ...
[    0.9372] # Initialize IPU ...
[    0.9373] # Initialize FPU ...
[    0.9374] # Initialize User Memory ...
[    0.9914] # Initialize Scratch Pad ...
[    0.9915] # Initialize Done.
[    0.9923] 
[    0.9923] EE DECI2 Manager version 0.06 Feb  6 2003 08:38:48
[    0.9923]   CPUID=2e20, BoardID=0, ROMGEN=2004-0614, 32M
[    0.9923] 
[    0.9926] RegisterLibraryEntries:   sifcmd version 1.01
[    1.0243] Initializing Elf: 4625628 bytes
[    1.0274] ELF Loading: host:vehicle-playground.elf, Game CRC = 982BE0A0, EntryPoint = 0x00100E78
[    1.0302] RegisterLibraryEntries:  cdvdman version 1.01
[    1.0358] RegisterLibraryEntries:  cdvdfsv version 1.01
[    1.0373] RegisterLibraryEntries:  secrman version 1.03
[    1.0374] RegisterLibraryEntries:   eesync version 1.01
[    1.0375] 
[    1.0375] IOP Realtime Kernel Ver.0.9.1
[    1.0375]     Copyright 1999 (C) Sony Computer Entertainment Inc. 
[    1.0381] Reboot service module.(99/11/10)
[    1.0402] cdvd driver module version 0.1.1 (C)SCEI
[    1.0407] Load File service.(99/11/05)
[    1.0407] Multi Threaded Fileio module.(99/11/15) 
[    1.0407] iop heap service (99/11/03)
[    1.0541] loadelf: fname host:vehicle-playground.elf secname all
[    1.0541] loadelf version 3.30
[    1.0572] Input ELF format filename = host:vehicle-playground.elf
[    1.1029] 1 00100000 0041cf3c ..................................................................
[    1.1030] Loaded, host:vehicle-playground.elf
[    1.1031] start address 0x100e78
[    1.1031] gp address 00000000
[    1.1042] # Restart Without Memory Clear.
[    1.1091] # Initialize GS ...
[    1.1091] # Initialize INTC ...
[    1.1091] # Initialize TIMER ...
[    1.1091] # Initialize DMAC ...
[    1.1091] # Initialize VU1 ...
[    1.1093] # Initialize VIF1 ...
[    1.1093] # Initialize GIF ...
[    1.1093] # Initialize VU0 ...
[    1.1093] # Initialize VIF0 ...
[    1.1093] # Initialize IPU ...
[    1.1094] # Initialize FPU ...
[    1.1094] # Initialize Scratch Pad ...
[    1.1094] # Restart Without Memory Clear Done.
[    1.1095] ELF host:vehicle-playground.elf with entry point at 0x00100E78 is executing.
[    1.1095] ELF changed, active CRC 982BE0A0 (host:vehicle-playground.elf)
[    1.1097] Applying core settings...
[    1.1101] Updating CPU configuration...
[    1.1101] iR3000A Recompiler reset.
[    1.1138] mVU Reset
[    1.1139] mVU Reset
[    1.1295] iR3000A Recompiler reset.
[    1.1325] mVU Reset
[    1.1326] mVU Reset
[    1.1361] EE/iR5900 Recompiler Reset
[    1.1507] BIOS: Successfully found the instruction pattern. Assuming the thread list is here: 8001a640
[    1.1529] Warning: GetOsdConfigParam2 Reading extended language/version configs, may be incorrect!
[    1.1638] read/write allocate memory 4000
[    1.1638] open name host:/ps2link.run flag 1 data 41378
[    1.1652] open fd = -5
[    1.1679] Get Reboot Request From EE
[    1.1691] R3000 Debugger: Branch to 0x890 (SYSMEM). Clearing modules.
[    1.1709] RegisterLibraryEntries: excepman version 1.01
[    1.1720] RegisterLibraryEntries:  intrman version 1.02
[    1.1721] RegisterLibraryEntries:   ssbusc version 1.01
[    1.1727] RegisterLibraryEntries:  dmacman version 1.02
[    1.1731] RegisterLibraryEntries:  timrman version 1.01
[    1.1736] RegisterLibraryEntries:  sysclib version 1.01
[    1.1736] RegisterLibraryEntries:    stdio version 1.01
[    1.1738] RegisterLibraryEntries:  heaplib version 1.01
[    1.1760] RegisterLibraryEntries:   thbase version 1.01
[    1.1760] RegisterLibraryEntries:  thevent version 1.01
[    1.1760] RegisterLibraryEntries:  thsemap version 1.01
[    1.1761] RegisterLibraryEntries:  thmsgbx version 1.01
[    1.1761] RegisterLibraryEntries:  thfpool version 1.01
[    1.1762] RegisterLibraryEntries:  thvpool version 1.01
[    1.1771] RegisterLibraryEntries:   vblank version 1.01
[    1.1775] RegisterLibraryEntries:    ioman version 1.02
[    1.1786] RegisterLibraryEntries:  modload version 1.01
[    1.1843] RegisterLibraryEntries:   romdrv version 2.01
[    1.1847] RegisterLibraryEntries:    stdio version 1.02
[    1.1851] RegisterLibraryEntries:   sifman version 1.01
[    1.1855] 
[    1.1855] PlayStation 2 ======== Soft reboot
[    1.1862] RegisterLibraryEntries:   sifcmd version 1.01
[    1.1898] RegisterLibraryEntries:  cdvdman version 1.01
[    1.1914] RegisterLibraryEntries:  cdvdfsv version 1.01
[    1.1980] RegisterLibraryEntries:  secrman version 1.03
[    1.1981] RegisterLibraryEntries:   eesync version 1.01
[    1.1983] 
[    1.1983] IOP Realtime Kernel Ver.0.9.1
[    1.1983]     Copyright 1999 (C) Sony Computer Entertainment Inc. 
[    1.1988] Reboot service module.(99/11/10)
[    1.2006] [EE] Skipping timeout loop at 0x002F7200 -> 0x002F7220
[    1.2006] cdvd driver module version 0.1.1 (C)SCEI
[    1.2010] Load File service.(99/11/05)
[    1.2010] Multi Threaded Fileio module.(99/11/15) 
[    1.2011] iop heap service (99/11/03)
[    1.2216] RegisterLibraryEntries:   iomanx version 1.01
[    1.2227] fileXio: fileXio: fileXio RPC Server v1.00
[    1.2227] Copyright (c) 2003 adresd
[    1.2230] RegisterLibraryEntries:  sio2man version 2.07
[    1.2230] RegisterLibraryEntries:  sio2man version 1.02
[    1.2237] RegisterLibraryEntries:   padman version 1.02
[    1.2239] Pad Driver for OSD
[    1.2243] FREESD v1.01
[    1.2244] RegisterLibraryEntries:    libsd version 1.04
[    1.2366] debug_level = 1 (ps2snd 0.1
[    1.2377] read/write allocate memory 4000
[    1.2377] open name host:/log.txt flag 302 data 41378
[    1.2409] open fd = 256
[    1.2452] greetings from version 0.93 !
[    1.2453] RegisterLibraryEntries:   audsrv version 1.04
[    1.2453] audsrv_adpcm_init()
[    1.2457] open name host:/log.txt flag 302 data 41378
[    1.2473] open fd = 256
[    1.2492] open name host:/log.txt flag 302 data 41378
[    1.2507] open fd = 256
[    1.2534] open name host:/log.txt flag 302 data 41378
[    1.2548] open fd = 256
[    1.2563] UpdateVSyncRate: Mode Changed to SDTV 480p.
[    1.2563] Frame rate: 59.94, target speed: 1, target frame rate: 59.94, ticks per frame: 16683350
[    1.2563] Set GS CRTC configuration. SDTV   720x480 @ 59.94 Progressive (FRAME)
[    1.2572] open name host:/log.txt flag 302 data 41378
[    1.2587] open fd = 256
[    1.2606] open name host:/log.txt flag 302 data 41378
[    1.2621] open fd = 256
[    1.2637] open name host:/log.txt flag 302 data 41378
[    1.2652] open fd = 256
[    1.2672] open name host:/log.txt flag 302 data 41378
[    1.2688] open fd = 256
[    1.2707] open name host:/log.txt flag 302 data 41378
[    1.2724] open fd = 256
[    1.2741] open name host:/log.txt flag 302 data 41378
[    1.2756] open fd = 256
[    1.2772] open name host:/log.txt flag 302 data 41378
[    1.2787] open fd = 256
[    1.2802] open name host:/log.txt flag 302 data 41378
[    1.2823] open fd = 256
[    1.2846] open name host:/log.txt flag 302 data 41378
[    1.2861] open fd = 256
[    1.2880] open name host:/log.txt flag 302 data 41378
[    1.2894] open fd = 256
[    3.3590] 
[    3.3593] -----------------------------------------
[    3.3594]         _____        ____   ___
[    3.3594]           |     /   ____| |___|
[    3.3595]           |     |   |     |   |
[    3.3595] -----------------------------------------
[    3.3596] Copyright 2022
[    3.3596] Repository: https://github.com/h4570/tyra
[    3.3596] Licensed under Apache License 2.0
[    3.3600] Version: 2.2.0
[    3.3601] -----------------------------------------
[    3.3601] 
[    3.5257] open name host:/log.txt flag 302 data 41378
[    3.5274] open fd = 256
[    3.5292] open name host:/log.txt flag 302 data 41378
[    3.5308] open fd = 256
[    3.5332] audsrv_adpcm_init()
[    3.5346] open name host:/log.txt flag 302 data 41378
[    3.5363] open fd = 256
[    3.5382] [EE] Skipping timeout loop at 0x00102F60 -> 0x00102F80
[    3.5616] open name host:/log.txt flag 302 data 41378
[    3.5634] open fd = 256
[    3.5655] open name host:/log.txt flag 302 data 41378
[    3.5670] open fd = 256
[    3.5692] Curent pad(0,0) status: EXECCMD
[    3.7581] Pad: DS2 Config Finished - P1/S1 - AL: Off - AB: Usable - VS: Disabled - VL: Disabled - RB: D (0x00000000)
[    3.7912] open name host:/log.txt flag 302 data 41378
[    3.7932] open fd = 256
[    3.7952] open name host:/log.txt flag 302 data 41378
[    3.7967] open fd = 256
[    3.7983] open name host:/log.txt flag 302 data 41378
[    3.7997] open fd = 256
[    3.8012] Curent pad(0,0) status: EXECCMD
[    3.8574] Pad: DS2 Config Finished - P1/S1 - AL: On - AB: Locked - VS: Disabled - VL: Disabled - RB: D (0x00000000)
[    4.0579] Pad: DS2 Config Finished - P1/S1 - AL: On - AB: Locked - VS: Disabled - VL: Disabled - RB: D (0x00000000)
[    4.0916] open name host:/log.txt flag 302 data 41378
[    4.0934] open fd = 256
[    4.0954] open name host:/log.txt flag 302 data 41378
[    4.0968] open fd = 256
[    4.0985] open name host:/log.txt flag 302 data 41378
[    4.0999] open fd = 256
[    4.1012] Curent pad(0,0) status: EXECCMD
[    4.3588] Pad: DS2 Config Finished - P1/S1 - AL: On - AB: Locked - VS: Disabled - VL: Disabled - RB: D+A+P (0x0003FFFF)
[    4.5586] Pad: DS2 Config Finished - P1/S1 - AL: On - AB: Locked - VS: Disabled - VL: Disabled - RB: D+A+P (0x0003FFFF)
[    4.5921] open name host:/log.txt flag 302 data 41378
[    4.5940] open fd = 256
[    4.5957] open name host:/log.txt flag 302 data 41378
[    4.5973] open fd = 256
[    4.5991] open name host:/log.txt flag 302 data 41378
[    4.6005] open fd = 256
[    4.6022] open name host:/log.txt flag 302 data 41378
[    4.6036] open fd = 256
[    4.6050] Curent pad(0,0) status: EXECCMD
[    4.6585] Pad: DS2 Config Finished - P1/S1 - AL: On - AB: Locked - VS: Normal - VL: Normal - RB: D+A+P (0x0003FFFF)
[    4.6752] open name host:/log.txt flag 302 data 41378
[    4.6771] open fd = 256
[    4.6787] open name host:/log.txt flag 302 data 41378
[    4.6801] open fd = 256
[    4.6867] open name host:/log.txt flag 302 data 41378
[    4.6885] open fd = 256
[    4.6914] open name host:/log.txt flag 302 data 41378
[    4.6928] open fd = 256
[    4.6948] open name host:/log.txt flag 302 data 41378
[    4.6962] open fd = 256
[    4.6980] open name host:/log.txt flag 302 data 41378
[    4.6994] open fd = 256
[    4.7053] loadmodule: fname rom0:XMCMAN args 0 arg 
[    4.7150] RegisterLibraryEntries:    mcman version 2.03
[    4.7158] loadmodule: id 32, ret 0
[    4.7160] loadmodule: fname rom0:XMCSERV args 0 arg 
[    4.7258] RegisterLibraryEntries:   mcserv version 1.01
[    4.7260] loadmodule: id 33, ret 0
[    4.7262] [EE] Skipping timeout loop at 0x00104BF0 -> 0x00104C10
[    5.0947] (FileMcd) Warning: checksum sector overwritten. (0)
[    5.0947] OSD [MemoryCardSave0]: Memory Card 'Mcd001.ps2' was saved to storage.
[    5.5628] (FileMcd) Warning: checksum sector overwritten. (0)
[    5.6784] open name host:/save/icon.sys flag 1 data 41378
[    5.6809] open fd = 256
[    5.7498] open name host:/save/list.icn flag 1 data 41378
[    5.7523] open fd = 256
[    5.9164] open name host:/log.txt flag 302 data 41378
[    5.9181] open fd = 256
[    5.9277] open name host:/log.txt flag 302 data 41378
[    5.9293] open fd = 256
[    5.9331] open name host:/menus/save.png flag 1 data 41378
[    5.9352] open fd = 256
[    5.9772] open name host:/hud/save-cursor.png flag 1 data 41378
[    5.9796] open fd = 256
[    5.9823] open name host:/hud/save-used.png flag 1 data 41378
[    5.9845] open fd = 256
[    5.9878] open name host:/hud/save-saved.png flag 1 data 41378
[    5.9898] open fd = 256
[    5.9929] open name host:/hud/save-loaded.png flag 1 data 41378
[    5.9949] open fd = 256
[    5.9980] open name host:/hud/save-error.png flag 1 data 41378
[    6.0004] open fd = 256
[    6.0096] open name host:/hud/save-busy.png flag 1 data 41378
[    6.0117] open fd = 256
[    6.0370] open name host:/hud/save-spinner.png flag 1 data 41378
[    6.0392] open fd = 256
[    6.0501] open name host:/menus/save.png flag 1 data 41378
[    6.0523] open fd = 256
[    6.0937] open name host:/menus/district-pause.png flag 1 data 41378
[    6.0960] open fd = 256
[    6.1126] open name host:/menus/district-pause-values.png flag 1 data 41378
[    6.1150] open fd = 256
[    6.1281] open name host:/hud/save-cursor.png flag 1 data 41378
[    6.1306] open fd = 256
[    6.1333] open name host:/hud/save-cursor.png flag 1 data 41378
[    6.1354] open fd = 256
[    6.1376] open name host:/hud/save-cursor.png flag 1 data 41378
[    6.1394] open fd = 256
[    6.1413] open name host:/hud/menu-dim.png flag 1 data 41378
[    6.1431] open fd = 256
[    6.1454] open name host:/hud/flare-corona.png flag 1 data 41378
[    6.1476] open fd = 256
[    6.1606] open name host:/hud/flashlight-gobo.png flag 1 data 41378
[    6.1627] open fd = 256
[    6.1755] open name host:/hud/flare-glow.png flag 1 data 41378
[    6.1778] open fd = 256
[    6.1879] open name host:/hud/sun-disc.png flag 1 data 41378
[    6.1900] open fd = 256
[    6.1936] open name host:/hud/moon-disc.png flag 1 data 41378
[    6.1956] open fd = 256
[    6.2305] open name host:/hud/use-text.png flag 1 data 41378
[    6.2329] open fd = 256
[    6.2359] open name host:/hud/pick-text.png flag 1 data 41378
[    6.2378] open fd = 256
[    6.2406] open name host:/sfx/engine_idle.adpcm flag 1 data 41378
[    6.2426] open fd = 256
[    6.2593] open name host:/log.txt flag 302 data 41378
[    6.2613] open fd = 256
[    6.2629] open name host:/sfx/engine_high.adpcm flag 1 data 41378
[    6.2650] open fd = 256
[    6.2812] open name host:/log.txt flag 302 data 41378
[    6.2828] open fd = 256
[    6.2845] open name host:/sfx/tires_screech.adpcm flag 1 data 41378
[    6.2865] open fd = 256
[    6.2905] open name host:/log.txt flag 302 data 41378
[    6.2921] open fd = 256
[    6.2933] open name host:/sfx/gear-shift.adpcm flag 1 data 41378
[    6.2951] open fd = 256
[    6.3043] open name host:/log.txt flag 302 data 41378
[    6.3057] open fd = 256
[    6.3072] open name host:/hardware-trace.cfg flag 1 data 41378
[    6.3082] open fd = -5
[    6.3091] open name host:/livepad.bin flag 1 data 41378
[    6.3100] open fd = -5
[    6.3104] open name host:/launch.scene flag 1 data 41378
[    6.3115] open fd = -5
[    6.3119] open name host:/hud/loading.png flag 1 data 41378
[    6.3138] open fd = 256
[    6.3193] FRAMEARENA allocated=1 bytes=1048576
[    6.3238] open name host:/log.txt flag 302 data 41378
[    6.3254] open fd = 256
[    6.3269] open name host:/livepad.bin flag 1 data 41378
[    6.3277] open fd = -5
[    6.3368] open name host:/livepad.bin flag 1 data 41378
[    6.3381] open fd = -5
[    6.3510] open name host:/livepad.bin flag 1 data 41378
[    6.3523] open fd = -5
[    6.3652] open name host:/livepad.bin flag 1 data 41378
[    6.3664] open fd = -5
[    6.3830] open name host:/vehicles/veh-ravager000001-shadow.png flag 1 data 41378
[    6.3853] open fd = 256
[    6.3862] open name host:/vehicles/veh-ravager000001-shadow.png flag 1 data 41378
[    6.3881] open fd = 256
[    6.4018] open name host:/vehicles/veh-pica00000001-shadow.png flag 1 data 41378
[    6.4041] open fd = 256
[    6.4049] open name host:/vehicles/veh-pica00000001-shadow.png flag 1 data 41378
[    6.4068] open fd = 256
[    6.4120] open name host:/vehicles/veh-strix0000001-shadow.png flag 1 data 41378
[    6.4141] open fd = 256
[    6.4148] open name host:/vehicles/veh-strix0000001-shadow.png flag 1 data 41378
[    6.4168] open fd = 256
[    6.4287] open name host:/shadowatlas/scene0-0.png flag 1 data 41378
[    6.4311] open fd = 256
[    6.4318] open name host:/shadowatlas/scene0-0.png flag 1 data 41378
[    6.4337] open fd = 256
[    6.4476] open name host:/shadowatlas/scene0-1.png flag 1 data 41378
[    6.4501] open fd = 256
[    6.4509] open name host:/shadowatlas/scene0-1.png flag 1 data 41378
[    6.4527] open fd = 256
[    6.4668] open name host:/textures/district-ground.png flag 1 data 41378
[    6.4692] open fd = 256
[    6.4700] open name host:/textures/district-ground.png flag 1 data 41378
[    6.4722] open fd = 256
[    6.4947] open name host:/materials/district-asphalt.mtl flag 1 data 41378
[    6.4972] open fd = 256
[    6.5042] open name host:/textures/district-asphalt.png flag 1 data 41378
[    6.5063] open fd = 256
[    6.5071] open name host:/textures/district-asphalt.png flag 1 data 41378
[    6.5089] open fd = 256
[    6.5235] open name host:/materials/district-sign.mtl flag 1 data 41378
[    6.5258] open fd = 256
[    6.5280] open name host:/textures/district-sign.png flag 1 data 41378
[    6.5299] open fd = 256
[    6.5306] open name host:/textures/district-sign.png flag 1 data 41378
[    6.5325] open fd = 256
[    6.5360] open name host:/materials/night-warm.mtl flag 1 data 41378
[    6.5379] open fd = 256
[    6.5408] open name host:/materials/night-cyan.mtl flag 1 data 41378
[    6.5427] open fd = 256
[    6.5446] open name host:/materials/night-pink.mtl flag 1 data 41378
[    6.5471] open fd = 256
[    6.5493] open name host:/models/urban/district-workshop.tmdl flag 1 data 41378
[    6.5519] open fd = 256
[    6.5563] open name host:/models/urban/Textures/district-facades.png flag 1 data 41378
[    6.5593] open fd = 256
[    6.5602] open name host:/models/urban/Textures/district-facades.png flag 1 data 41378
[    6.5633] open fd = 256
[    6.5884] open name host:/models/urban/district-tower.tmdl flag 1 data 41378
[    6.5912] open fd = 256
[    6.5941] open name host:/models/urban/district-loft.tmdl flag 1 data 41378
[    6.5964] open fd = 256
[    6.5991] open name host:/models/urban/detail-light-double.tmdl flag 1 data 41378
[    6.6020] open fd = 256
[    6.6112] open name host:/models/urban/Textures/metal.png flag 1 data 41378
[    6.6140] open fd = 256
[    6.6150] open name host:/models/urban/Textures/metal.png flag 1 data 41378
[    6.6180] open fd = 256
[    6.6287] open name host:/models/urban/detail-light-traffic.tmdl flag 1 data 41378
[    6.6314] open fd = 256
[    6.6422] open name host:/models/urban/Textures/roof.png flag 1 data 41378
[    6.6450] open fd = 256
[    6.6460] open name host:/models/urban/Textures/roof.png flag 1 data 41378
[    6.6489] open fd = 256
[    6.6526] open name host:/models/urban/tree-park-large.tmdl flag 1 data 41378
[    6.6556] open fd = 256
[    6.6635] open name host:/models/urban/Textures/treeA.png flag 1 data 41378
[    6.6664] open fd = 256
[    6.6675] open name host:/models/urban/Textures/treeA.png flag 1 data 41378
[    6.6703] open fd = 256
[    6.6815] open name host:/models/urban/Textures/tiles.png flag 1 data 41378
[    6.6846] open fd = 256
[    6.6856] open name host:/models/urban/Textures/tiles.png flag 1 data 41378
[    6.6884] open fd = 256
[    6.6917] open name host:/models/urban/Textures/dirt.png flag 1 data 41378
[    6.6947] open fd = 256
[    6.6957] open name host:/models/urban/Textures/dirt.png flag 1 data 41378
[    6.6986] open fd = 256
[    6.7020] open name host:/models/urban/tree-park-pine-large.tmdl flag 1 data 41378
[    6.7049] open fd = 256
[    6.7128] open name host:/models/urban/Textures/treeB.png flag 1 data 41378
[    6.7161] open fd = 256
[    6.7170] open name host:/models/urban/Textures/treeB.png flag 1 data 41378
[    6.7200] open fd = 256
[    6.7228] open name host:/models/urban/detail-barrier-type-a.tmdl flag 1 data 41378
[    6.7255] open fd = 256
[    6.7370] open name host:/models/urban/Textures/signs.png flag 1 data 41378
[    6.7399] open fd = 256
[    6.7410] open name host:/models/urban/Textures/signs.png flag 1 data 41378
[    6.7439] open fd = 256
[    6.7464] open name host:/models/urban/detail-dumpster-closed.tmdl flag 1 data 41378
[    6.7488] open fd = 256
[    6.7526] open name host:/models/urban/Textures/metal_wall.png flag 1 data 41378
[    6.7554] open fd = 256
[    6.7566] open name host:/models/urban/Textures/metal_wall.png flag 1 data 41378
[    6.7594] open fd = 256
[    6.7626] open name host:/models/urban/Textures/wall.png flag 1 data 41378
[    6.7657] open fd = 256
[    6.7667] open name host:/models/urban/Textures/wall.png flag 1 data 41378
[    6.7695] open fd = 256
[    6.7730] open name host:/models/urban/detail-bench.tmdl flag 1 data 41378
[    6.7755] open fd = 256
[    6.7912] open name host:/models/urban/Textures/planks.png flag 1 data 41378
[    6.7942] open fd = 256
[    6.7951] open name host:/models/urban/Textures/planks.png flag 1 data 41378
[    6.7980] open fd = 256
[    6.8012] open name host:/models/urban/pallet.tmdl flag 1 data 41378
[    6.8036] open fd = 256
[    6.8118] open name host:/vehicles/veh-ravager000001-body.tmdl flag 1 data 41378
[    6.8137] open fd = 256
[    6.9277] open name host:/vehicles/veh-ravager000001-palette.png flag 1 data 41378
[    6.9300] open fd = 256
[    6.9370] open name host:/vehicles/veh-ravager000001-palette.png flag 1 data 41378
[    6.9392] open fd = 256
[    6.9518] open name host:/vehicles/veh-ravager000001-palette-image-0.png flag 1 data 41378
[    6.9537] open fd = 256
[    6.9546] open name host:/vehicles/veh-ravager000001-palette-image-0.png flag 1 data 41378
[    6.9564] open fd = 256
[    6.9763] open name host:/vehicles/veh-pica00000001-body.tmdl flag 1 data 41378
[    6.9786] open fd = 256
[    7.0864] open name host:/vehicles/veh-pica00000001-palette.png flag 1 data 41378
[    7.0885] open fd = 256
[    7.0892] open name host:/vehicles/veh-pica00000001-palette.png flag 1 data 41378
[    7.0910] open fd = 256
[    7.0930] open name host:/vehicles/veh-pica00000001-palette-image-0.png flag 1 data 41378
[    7.0950] open fd = 256
[    7.0957] open name host:/vehicles/veh-pica00000001-palette-image-0.png flag 1 data 41378
[    7.0977] open fd = 256
[    7.1235] open name host:/vehicles/veh-strix0000001-body.tmdl flag 1 data 41378
[    7.1258] open fd = 256
[    7.2390] open name host:/vehicles/veh-strix0000001-palette.png flag 1 data 41378
[    7.2412] open fd = 256
[    7.2421] open name host:/vehicles/veh-strix0000001-palette.png flag 1 data 41378
[    7.2443] open fd = 256
[    7.2465] open name host:/vehicles/veh-strix0000001-palette-image-0.png flag 1 data 41378
[    7.2484] open fd = 256
[    7.2492] open name host:/vehicles/veh-strix0000001-palette-image-0.png flag 1 data 41378
[    7.2510] open fd = 256
[    7.2759] open name host:/sky/scene0.png flag 1 data 41378
[    7.2781] open fd = 256
[    7.2789] open name host:/sky/scene0.png flag 1 data 41378
[    7.2808] open fd = 256
[    7.5486] open name host:/vehicles/fx-skid.png flag 1 data 41378
[    7.5509] open fd = 256
[    7.5519] open name host:/vehicles/fx-skid.png flag 1 data 41378
[    7.5537] open fd = 256
[    7.5682] open name host:/vehicles/fx-smoke.png flag 1 data 41378
[    7.5704] open fd = 256
[    7.5713] open name host:/vehicles/fx-smoke.png flag 1 data 41378
[    7.5732] open fd = 256
[    7.5774] open name host:/log.txt flag 302 data 41378
[    7.5789] open fd = 256
[    7.5805] open name host:/vehicles/veh-ravager000001-wheel.tmdl flag 1 data 41378
[    7.5825] open fd = 256
[    7.5895] open name host:/vehicles/veh-ravager000001-wheelfast.tmdl flag 1 data 41378
[    7.5918] open fd = 256
[    7.5981] open name host:/fonts/atlas-default.png flag 1 data 41378
[    7.6001] open fd = 256
[    7.6131] open name host:/hud/icons.png flag 1 data 41378
[    7.6152] open fd = 256
[    7.6287] open name host:/hud/loading-white.png flag 1 data 41378
[    7.6308] open fd = 256
[    7.6329] open name host:/log.txt flag 302 data 41378
[    7.6344] open fd = 256
[    7.6356] open name host:/vehicles/veh-pica00000001-wheel.tmdl flag 1 data 41378
[    7.6376] open fd = 256
[    7.6446] open name host:/vehicles/veh-pica00000001-wheelfast.tmdl flag 1 data 41378
[    7.6465] open fd = 256
[    7.6595] open name host:/log.txt flag 302 data 41378
[    7.6612] open fd = 256
[    7.6626] open name host:/vehicles/veh-strix0000001-wheel.tmdl flag 1 data 41378
[    7.6646] open fd = 256
[    7.6729] open name host:/vehicles/veh-strix0000001-wheelfast.tmdl flag 1 data 41378
[    7.6750] open fd = 256
[    7.6851] open name host:/log.txt flag 302 data 41378
[    7.6869] open fd = 256
[    7.6886] open name host:/log.txt flag 302 data 41378
[    7.6902] open fd = 256
[    7.6920] open name host:/log.txt flag 302 data 41378
[    7.6935] open fd = 256
[    7.6958] open name host:/textures/district-road.png flag 1 data 41378
[    7.6979] open fd = 256
[    7.6986] open name host:/textures/district-road.png flag 1 data 41378
[    7.7005] open fd = 256
[    7.8132] open name host:/textures/district-asphalt.png flag 1 data 41378
[    7.8155] open fd = 256
[    7.8163] open name host:/textures/district-asphalt.png flag 1 data 41378
[    7.8182] open fd = 256
[    7.8241] open name host:/textures/district-plaza.png flag 1 data 41378
[    7.8261] open fd = 256
[    7.8268] open name host:/textures/district-plaza.png flag 1 data 41378
[    7.8286] open fd = 256
[    7.8442] open name host:/log.txt flag 302 data 41378
[    7.8457] open fd = 256
[    7.8596] open name host:/log.txt flag 302 data 41378
[    7.8613] open fd = 256
[    7.8631] open name host:/log.txt flag 302 data 41378
[    7.8645] open fd = 256
[    7.8736] open name host:/gshadow/s0_2_1.png flag 1 data 41378
[    7.8758] open fd = 256
[    7.8766] open name host:/gshadow/s0_2_1.png flag 1 data 41378
[    7.8784] open fd = 256
[    7.8901] open name host:/log.txt flag 302 data 41378
[    7.8916] open fd = 256
[    7.8938] open name host:/log.txt flag 302 data 41378
[    7.8955] open fd = 256
[    7.8975] open name host:/gshadow/s0_1_1.png flag 1 data 41378
[    7.8994] open fd = 256
[    7.9002] open name host:/gshadow/s0_1_1.png flag 1 data 41378
[    7.9021] open fd = 256
[    7.9122] open name host:/log.txt flag 302 data 41378
[    7.9140] open fd = 256
[    7.9158] open name host:/gshadow/s0_3_1.png flag 1 data 41378
[    7.9179] open fd = 256
[    7.9187] open name host:/gshadow/s0_3_1.png flag 1 data 41378
[    7.9206] open fd = 256
[    7.9240] open name host:/log.txt flag 302 data 41378
[    7.9254] open fd = 256
[    7.9274] open name host:/log.txt flag 302 data 41378
[    7.9290] open fd = 256
[    7.9306] open name host:/gshadow/s0_2_2.png flag 1 data 41378
[    7.9327] open fd = 256
[    7.9336] open name host:/gshadow/s0_2_2.png flag 1 data 41378
[    7.9354] open fd = 256
[    7.9455] open name host:/log.txt flag 302 data 41378
[    7.9472] open fd = 256
[    7.9489] open name host:/log.txt flag 302 data 41378
[    7.9504] open fd = 256
[    7.9522] open name host:/gshadow/s0_1_2.png flag 1 data 41378
[    7.9540] open fd = 256
[    7.9549] open name host:/gshadow/s0_1_2.png flag 1 data 41378
[    7.9567] open fd = 256
[    7.9597] open name host:/log.txt flag 302 data 41378
[    7.9613] open fd = 256
[    7.9632] open name host:/gshadow/s0_3_2.png flag 1 data 41378
[    7.9653] open fd = 256
[    7.9661] open name host:/gshadow/s0_3_2.png flag 1 data 41378
[    7.9680] open fd = 256
[    7.9891] open name host:/log.txt flag 302 data 41378
[    7.9909] open fd = 256
[    7.9926] open name host:/gshadow/s0_0_1.png flag 1 data 41378
[    7.9945] open fd = 256
[    7.9953] open name host:/gshadow/s0_0_1.png flag 1 data 41378
[    7.9971] open fd = 256
[    7.9999] open name host:/log.txt flag 302 data 41378
[    8.0015] open fd = 256
[    8.0032] open name host:/gshadow/s0_4_1.png flag 1 data 41378
[    8.0050] open fd = 256
[    8.0057] open name host:/gshadow/s0_4_1.png flag 1 data 41378
[    8.0076] open fd = 256
[    8.0104] open name host:/log.txt flag 302 data 41378
[    8.0119] open fd = 256
[    8.0217] open name host:/log.txt flag 302 data 41378
[    8.0235] open fd = 256
[    8.0252] open name host:/gshadow/s0_4_0.png flag 1 data 41378
[    8.0272] open fd = 256
[    8.0280] open name host:/gshadow/s0_4_0.png flag 1 data 41378
[    8.0302] open fd = 256
[    8.0334] open name host:/log.txt flag 302 data 41378
[    8.0348] open fd = 256
[    8.0363] open name host:/gshadow/s0_2_3.png flag 1 data 41378
[    8.0380] open fd = 256
[    8.0387] open name host:/gshadow/s0_2_3.png flag 1 data 41378
[    8.0407] open fd = 256
[    8.0440] open name host:/log.txt flag 302 data 41378
[    8.0454] open fd = 256
[    8.0469] open name host:/gshadow/s0_0_2.png flag 1 data 41378
[    8.0489] open fd = 256
[    8.0496] open name host:/gshadow/s0_0_2.png flag 1 data 41378
[    8.0516] open fd = 256
[    8.0621] open name host:/log.txt flag 302 data 41378
[    8.0637] open fd = 256
[    8.0652] open name host:/gshadow/s0_4_2.png flag 1 data 41378
[    8.0671] open fd = 256
[    8.0678] open name host:/gshadow/s0_4_2.png flag 1 data 41378
[    8.0697] open fd = 256
[    8.0731] open name host:/log.txt flag 302 data 41378
[    8.0747] open fd = 256
[    8.0762] open name host:/gshadow/s0_1_3.png flag 1 data 41378
[    8.0781] open fd = 256
[    8.0788] open name host:/gshadow/s0_1_3.png flag 1 data 41378
[    8.0806] open fd = 256
[    8.1004] open name host:/log.txt flag 302 data 41378
[    8.1021] open fd = 256
[    8.1036] open name host:/gshadow/s0_3_3.png flag 1 data 41378
[    8.1056] open fd = 256
[    8.1064] open name host:/gshadow/s0_3_3.png flag 1 data 41378
[    8.1083] open fd = 256
[    8.1113] open name host:/log.txt flag 302 data 41378
[    8.1127] open fd = 256
[    8.1142] open name host:/gshadow/s0_0_3.png flag 1 data 41378
[    8.1160] open fd = 256
[    8.1167] open name host:/gshadow/s0_0_3.png flag 1 data 41378
[    8.1186] open fd = 256
[    8.1225] open name host:/log.txt flag 302 data 41378
[    8.1240] open fd = 256
[    8.1254] open name host:/gshadow/s0_4_3.png flag 1 data 41378
[    8.1272] open fd = 256
[    8.1279] open name host:/gshadow/s0_4_3.png flag 1 data 41378
[    8.1297] open fd = 256
[    8.1411] open name host:/log.txt flag 302 data 41378
[    8.1427] open fd = 256
[    8.1447] open name host:/log.txt flag 302 data 41378
[    8.1461] open fd = 256
[    8.1478] open name host:/livepad.bin flag 1 data 41378
[    8.1488] open fd = -5
[    8.1586] open name host:/livepad.bin flag 1 data 41378
[    8.1599] open fd = -5
[    8.1729] open name host:/livepad.bin flag 1 data 41378
[    8.1738] open fd = -5
[    8.1861] open name host:/livepad.bin flag 1 data 41378
[    8.1871] open fd = -5
[    8.2003] open name host:/livepad.bin flag 1 data 41378
[    8.2014] open fd = -5
[    8.2144] open name host:/livepad.bin flag 1 data 41378
[    8.2155] open fd = -5
[    8.2310] open name host:/livepad.bin flag 1 data 41378
[    8.2322] open fd = -5
[    8.2476] open name host:/livepad.bin flag 1 data 41378
[    8.2487] open fd = -5
[    8.2643] open name host:/livepad.bin flag 1 data 41378
[    8.2654] open fd = -5
[    8.2816] open name host:/livepad.bin flag 1 data 41378
[    8.2827] open fd = -5
[    8.2974] open name host:/livepad.bin flag 1 data 41378
[    8.2986] open fd = -5
[    8.3141] open name host:/livepad.bin flag 1 data 41378
[    8.3151] open fd = -5
[    8.3318] open name host:/livepad.bin flag 1 data 41378
[    8.3332] open fd = -5
[    8.3480] open name host:/livepad.bin flag 1 data 41378
[    8.3489] open fd = -5
[    8.3648] open name host:/livepad.bin flag 1 data 41378
[    8.3659] open fd = -5
[    8.3811] open name host:/livepad.bin flag 1 data 41378
[    8.3822] open fd = -5
[    8.3979] open name host:/livepad.bin flag 1 data 41378
[    8.3990] open fd = -5
[    8.4147] open name host:/livepad.bin flag 1 data 41378
[    8.4158] open fd = -5
[    8.4319] open name host:/livepad.bin flag 1 data 41378
[    8.4329] open fd = -5
[    8.4479] open name host:/livepad.bin flag 1 data 41378
[    8.4491] open fd = -5
[    8.4651] open name host:/livepad.bin flag 1 data 41378
[    8.4665] open fd = -5
[    8.4810] open name host:/livepad.bin flag 1 data 41378
[    8.4821] open fd = -5
[    8.4981] open name host:/livepad.bin flag 1 data 41378
[    8.4993] open fd = -5
[    8.5151] open name host:/livepad.bin flag 1 data 41378
[    8.5162] open fd = -5
[    8.5310] open name host:/livepad.bin flag 1 data 41378
[    8.5320] open fd = -5
[    8.5481] open name host:/livepad.bin flag 1 data 41378
[    8.5493] open fd = -5
[    8.5646] open name host:/livepad.bin flag 1 data 41378
[    8.5658] open fd = -5
[    8.5811] open name host:/livepad.bin flag 1 data 41378
[    8.5823] open fd = -5
[    8.5977] open name host:/livepad.bin flag 1 data 41378
[    8.5989] open fd = -5
[    8.6144] open name host:/livepad.bin flag 1 data 41378
[    8.6154] open fd = -5
[    8.6311] open name host:/livepad.bin flag 1 data 41378
[    8.6322] open fd = -5
[    8.6484] open name host:/livepad.bin flag 1 data 41378
[    8.6494] open fd = -5
[    8.6651] open name host:/livepad.bin flag 1 data 41378
[    8.6664] open fd = -5
[    8.6812] open name host:/livepad.bin flag 1 data 41378
[    8.6825] open fd = -5
[    8.7000] open name host:/livepad.bin flag 1 data 41378
[    8.7011] open fd = -5
[    8.7147] open name host:/livepad.bin flag 1 data 41378
[    8.7157] open fd = -5
[    8.7311] open name host:/livepad.bin flag 1 data 41378
[    8.7322] open fd = -5
[    8.7333] open name host:/livedbg.bin flag 602 data 41378
[    8.7354] open fd = 256
[    8.7401] open name host:/log.txt flag 302 data 41378
[    8.7417] open fd = 256
[    8.7531] open name host:/log.txt flag 302 data 41378
[    8.7548] open fd = 256
[    8.7745] open name host:/log.txt flag 302 data 41378
[    8.7763] open fd = 256
[    8.7847] open name host:/log.txt flag 302 data 41378
[    8.7863] open fd = 256
[    8.7882] open name host:/log.txt flag 302 data 41378
[    8.7899] open fd = 256
[    8.7918] open name host:/log.txt flag 302 data 41378
[    8.7932] open fd = 256
[    8.8019] open name host:/log.txt flag 302 data 41378
[    8.8034] open fd = 256
[    8.8052] open name host:/log.txt flag 302 data 41378
[    8.8066] open fd = 256
[    8.8121] open name host:/log.txt flag 302 data 41378
[    8.8137] open fd = 256
[    8.8529] open name host:/log.txt flag 302 data 41378
[    8.8546] open fd = 256
[    8.8633] open name host:/log.txt flag 302 data 41378
[    8.8651] open fd = 256
[    8.9016] open name host:/log.txt flag 302 data 41378
[    8.9034] open fd = 256
[    8.9472] microVU1: Cached Prog = [000] [PC=2590] [List=01] (Cache=0.000%) [0.0mb]
[    8.9479] microVU1: 3 cycle stall on branch instruction [2b28]
[    8.9486] microVU1: Cached Prog = [001] [PC=1a30] [List=01] (Cache=0.130%) [0.1mb]
[    8.9486] microVU1: 1 cycle stall on branch instruction [1ae8]
[    8.9487] microVU1: 3 cycle stall on branch instruction [1ba0]
[    8.9490] microVU1: 3 cycle stall on branch instruction [2520]
[    8.9491] microVU1: 3 cycle stall on branch instruction [1ba0]
[    8.9495] microVU1: 3 cycle stall on branch instruction [2520]
[    8.9495] microVU1: 3 cycle stall on branch instruction [1ba0]
[    8.9496] microVU1: 3 cycle stall on branch instruction [2520]
[    8.9497] microVU1: 3 cycle stall on branch instruction [1ba0]
[    8.9501] microVU1: 3 cycle stall on branch instruction [2520]
[    8.9501] microVU1: 3 cycle stall on branch instruction [1ba0]
[    8.9505] microVU1: 3 cycle stall on branch instruction [2520]
[    8.9506] microVU1: 3 cycle stall on branch instruction [1ba0]
[    8.9507] microVU1: 3 cycle stall on branch instruction [2520]
[    8.9508] microVU1: 3 cycle stall on branch instruction [1ba0]
[    8.9510] microVU1: 3 cycle stall on branch instruction [2520]
[    8.9510] microVU1: 3 cycle stall on branch instruction [1ba0]
[    8.9510] microVU1: 3 cycle stall on branch instruction [1fc0]
[    8.9513] microVU1: 3 cycle stall on branch instruction [2520]
[    8.9513] microVU1: 3 cycle stall on branch instruction [1ba0]
[    8.9515] microVU1: 3 cycle stall on branch instruction [2520]
[    8.9515] microVU1: 3 cycle stall on branch instruction [1ba0]
[    8.9520] microVU1: 3 cycle stall on branch instruction [2520]
[    8.9520] microVU1: 3 cycle stall on branch instruction [1ba0]
[    8.9522] microVU1: 3 cycle stall on branch instruction [2520]
[    8.9522] microVU1: 3 cycle stall on branch instruction [1ba0]
[    8.9528] microVU1: 3 cycle stall on branch instruction [2520]
[    8.9528] microVU1: 3 cycle stall on branch instruction [1ba0]
[    8.9530] microVU1: 3 cycle stall on branch instruction [2520]
[    8.9531] microVU1: 3 cycle stall on branch instruction [1ba0]
[    8.9535] microVU1: 3 cycle stall on branch instruction [2520]
[    8.9535] microVU1: 3 cycle stall on branch instruction [1ba0]
[    8.9543] microVU1: 3 cycle stall on branch instruction [1fc0]
[    8.9544] microVU1: 3 cycle stall on branch instruction [2520]
[    8.9544] microVU1: 3 cycle stall on branch instruction [1ba0]
[    8.9546] microVU1: 3 cycle stall on branch instruction [1fc0]
[    8.9548] microVU1: 3 cycle stall on branch instruction [1fc0]
[    8.9549] microVU1: 3 cycle stall on branch instruction [2520]
[    8.9549] microVU1: 3 cycle stall on branch instruction [1ba0]
[    8.9550] microVU1: 3 cycle stall on branch instruction [1fc0]
[    8.9552] microVU1: 3 cycle stall on branch instruction [1fc0]
[    8.9554] microVU1: 3 cycle stall on branch instruction [1fc0]
[    8.9555] microVU1: 3 cycle stall on branch instruction [1fc0]
[    8.9557] microVU1: 3 cycle stall on branch instruction [1fc0]
[    8.9559] microVU1: 3 cycle stall on branch instruction [1fc0]
[    8.9560] microVU1: 3 cycle stall on branch instruction [1fc0]
[    8.9562] microVU1: 3 cycle stall on branch instruction [1fc0]
[    8.9563] microVU1: 3 cycle stall on branch instruction [1fc0]
[    8.9564] microVU1: 3 cycle stall on branch instruction [1fc0]
[    8.9566] microVU1: 3 cycle stall on branch instruction [1fc0]
[    8.9567] microVU1: 3 cycle stall on branch instruction [1fc0]
[    8.9568] microVU1: 3 cycle stall on branch instruction [1ba0]
[    8.9569] microVU1: Cached Prog = [002] [PC=2578] [List=01] (Cache=0.850%) [0.5mb]
[    8.9569] microVU1: 1 cycle stall on branch instruction [1ae8]
[    8.9569] microVU1: 3 cycle stall on branch instruction [1ba0]
[    8.9573] microVU1: 3 cycle stall on branch instruction [2520]
[    8.9573] microVU1: 3 cycle stall on branch instruction [1ba0]
[    8.9576] microVU1: 3 cycle stall on branch instruction [2520]
[    8.9577] microVU1: 3 cycle stall on branch instruction [1ba0]
[    8.9578] microVU1: 3 cycle stall on branch instruction [2520]
[    8.9579] microVU1: 3 cycle stall on branch instruction [1ba0]
[    8.9584] microVU1: 3 cycle stall on branch instruction [2520]
[    8.9584] microVU1: 3 cycle stall on branch instruction [1ba0]
[    8.9587] microVU1: 3 cycle stall on branch instruction [2520]
[    8.9588] microVU1: 3 cycle stall on branch instruction [1ba0]
[    8.9589] microVU1: 3 cycle stall on branch instruction [2520]
[    8.9589] microVU1: 3 cycle stall on branch instruction [1ba0]
[    8.9592] microVU1: 3 cycle stall on branch instruction [2520]
[    8.9592] microVU1: 3 cycle stall on branch instruction [1ba0]
[    8.9592] microVU1: 3 cycle stall on branch instruction [1fc0]
[    8.9594] microVU1: 3 cycle stall on branch instruction [2520]
[    8.9594] microVU1: 3 cycle stall on branch instruction [1ba0]
[    8.9596] microVU1: 3 cycle stall on branch instruction [2520]
[    8.9596] microVU1: 3 cycle stall on branch instruction [1ba0]
[    8.9601] microVU1: 3 cycle stall on branch instruction [2520]
[    8.9602] microVU1: 3 cycle stall on branch instruction [1ba0]
[    8.9603] microVU1: 3 cycle stall on branch instruction [2520]
[    8.9603] microVU1: 3 cycle stall on branch instruction [1ba0]
[    8.9609] microVU1: 3 cycle stall on branch instruction [2520]
[    8.9609] microVU1: 3 cycle stall on branch instruction [1ba0]
[    8.9612] microVU1: 3 cycle stall on branch instruction [2520]
[    8.9613] microVU1: 3 cycle stall on branch instruction [1ba0]
[    8.9617] microVU1: 3 cycle stall on branch instruction [2520]
[    8.9617] microVU1: 3 cycle stall on branch instruction [1ba0]
[    8.9624] microVU1: 3 cycle stall on branch instruction [1fc0]
[    8.9625] microVU1: 3 cycle stall on branch instruction [2520]
[    8.9625] microVU1: 3 cycle stall on branch instruction [1ba0]
[    8.9626] microVU1: 3 cycle stall on branch instruction [1fc0]
[    8.9629] microVU1: 3 cycle stall on branch instruction [1fc0]
[    8.9629] microVU1: 3 cycle stall on branch instruction [2520]
[    8.9629] microVU1: 3 cycle stall on branch instruction [1ba0]
[    8.9631] microVU1: 3 cycle stall on branch instruction [1fc0]
[    8.9632] microVU1: 3 cycle stall on branch instruction [1fc0]
[    8.9635] microVU1: 3 cycle stall on branch instruction [1fc0]
[    8.9637] microVU1: 3 cycle stall on branch instruction [1fc0]
[    8.9639] microVU1: 3 cycle stall on branch instruction [1fc0]
[    8.9640] microVU1: 3 cycle stall on branch instruction [1fc0]
[    8.9642] microVU1: 3 cycle stall on branch instruction [1fc0]
[    8.9643] microVU1: 3 cycle stall on branch instruction [1fc0]
[    8.9644] microVU1: 3 cycle stall on branch instruction [1fc0]
[    8.9646] microVU1: 3 cycle stall on branch instruction [1fc0]
[    8.9647] microVU1: 3 cycle stall on branch instruction [1fc0]
[    8.9648] microVU1: 3 cycle stall on branch instruction [1fc0]
[    8.9650] microVU1: 3 cycle stall on branch instruction [1ba0]
[    8.9651] microVU1: Cached Prog = [003] [PC=2f08] [List=01] (Cache=1.570%) [1.0mb]
[    8.9657] microVU1: 3 cycle stall on branch instruction [2b28]
[    8.9674] microVU1: Cached Prog = [004] [PC=0000] [List=01] (Cache=1.700%) [1.0mb]
[    8.9686] microVU1: Cached Prog = [005] [PC=0710] [List=01] (Cache=1.793%) [1.1mb]
[    8.9687] microVU1: 2 cycle stall on branch instruction [07c8]
[    8.9691] microVU1: 3 cycle stall on branch instruction [1108]
[    8.9691] microVU1: 3 cycle stall on branch instruction [1130]
[    8.9695] microVU1: 3 cycle stall on branch instruction [1108]
[    8.9695] microVU1: 3 cycle stall on branch instruction [1130]
[    8.9697] microVU1: 3 cycle stall on branch instruction [1108]
[    8.9697] microVU1: 3 cycle stall on branch instruction [1130]
[    8.9702] microVU1: 3 cycle stall on branch instruction [1108]
[    8.9702] microVU1: 3 cycle stall on branch instruction [1130]
[    8.9706] microVU1: 3 cycle stall on branch instruction [1108]
[    8.9707] microVU1: 3 cycle stall on branch instruction [1130]
[    8.9708] microVU1: 3 cycle stall on branch instruction [1108]
[    8.9708] microVU1: 3 cycle stall on branch instruction [1130]
[    8.9710] microVU1: 3 cycle stall on branch instruction [1108]
[    8.9711] microVU1: 3 cycle stall on branch instruction [1130]
[    8.9711] microVU1: 3 cycle stall on branch instruction [09e8]
[    8.9711] microVU1: 3 cycle stall on branch instruction [0a70]
[    8.9712] microVU1: 3 cycle stall on branch instruction [1108]
[    8.9713] microVU1: 3 cycle stall on branch instruction [1130]
[    8.9717] microVU1: 3 cycle stall on branch instruction [1108]
[    8.9717] microVU1: 3 cycle stall on branch instruction [1130]
[    8.9719] microVU1: 3 cycle stall on branch instruction [1108]
[    8.9719] microVU1: 3 cycle stall on branch instruction [1130]
[    8.9725] microVU1: 3 cycle stall on branch instruction [1108]
[    8.9726] microVU1: 3 cycle stall on branch instruction [1130]
[    8.9729] microVU1: 3 cycle stall on branch instruction [1108]
[    8.9729] microVU1: 3 cycle stall on branch instruction [1130]
[    8.9730] microVU1: 3 cycle stall on branch instruction [1108]
[    8.9731] microVU1: 3 cycle stall on branch instruction [1130]
[    8.9739] microVU1: 3 cycle stall on branch instruction [1108]
[    8.9739] microVU1: 3 cycle stall on branch instruction [1130]
[    8.9740] microVU1: 3 cycle stall on branch instruction [09e8]
[    8.9740] microVU1: 3 cycle stall on branch instruction [0a70]
[    8.9744] microVU1: 3 cycle stall on branch instruction [09e8]
[    8.9745] microVU1: 3 cycle stall on branch instruction [0a70]
[    8.9748] microVU1: 3 cycle stall on branch instruction [09e8]
[    8.9748] microVU1: 3 cycle stall on branch instruction [0a70]
[    8.9750] microVU1: 3 cycle stall on branch instruction [1108]
[    8.9750] microVU1: 3 cycle stall on branch instruction [1130]
[    8.9752] microVU1: 3 cycle stall on branch instruction [09e8]
[    8.9752] microVU1: 3 cycle stall on branch instruction [0a70]
[    8.9754] microVU1: 3 cycle stall on branch instruction [09e8]
[    8.9754] microVU1: 3 cycle stall on branch instruction [0a70]
[    8.9756] microVU1: 3 cycle stall on branch instruction [1108]
[    8.9756] microVU1: 3 cycle stall on branch instruction [1130]
[    8.9758] microVU1: 3 cycle stall on branch instruction [09e8]
[    8.9758] microVU1: 3 cycle stall on branch instruction [0a70]
[    8.9760] microVU1: 3 cycle stall on branch instruction [09e8]
[    8.9761] microVU1: 3 cycle stall on branch instruction [0a70]
[    8.9763] microVU1: 3 cycle stall on branch instruction [09e8]
[    8.9763] microVU1: 3 cycle stall on branch instruction [0a70]
[    8.9765] microVU1: 3 cycle stall on branch instruction [09e8]
[    8.9765] microVU1: 3 cycle stall on branch instruction [0a70]
[    8.9768] microVU1: 3 cycle stall on branch instruction [09e8]
[    8.9769] microVU1: 3 cycle stall on branch instruction [0a70]
[    8.9770] microVU1: 3 cycle stall on branch instruction [09e8]
[    8.9770] microVU1: 3 cycle stall on branch instruction [0a70]
[    8.9772] microVU1: 3 cycle stall on branch instruction [09e8]
[    8.9773] microVU1: 3 cycle stall on branch instruction [0a70]
[    8.9775] microVU1: 3 cycle stall on branch instruction [09e8]
[    8.9775] microVU1: 3 cycle stall on branch instruction [0a70]
[    8.9777] microVU1: 3 cycle stall on branch instruction [09e8]
[    8.9777] microVU1: 3 cycle stall on branch instruction [0a70]
[    8.9779] microVU1: 3 cycle stall on branch instruction [09e8]
[    8.9780] microVU1: 3 cycle stall on branch instruction [0a70]
[    8.9782] microVU1: 3 cycle stall on branch instruction [07f0]
[    8.9783] microVU1: Cached Prog = [006] [PC=1188] [List=01] (Cache=2.594%) [1.6mb]
[    8.9784] microVU1: 2 cycle stall on branch instruction [07c8]
[    8.9787] microVU1: 3 cycle stall on branch instruction [1108]
[    8.9787] microVU1: 3 cycle stall on branch instruction [1130]
[    8.9790] microVU1: 3 cycle stall on branch instruction [1108]
[    8.9790] microVU1: 3 cycle stall on branch instruction [1130]
[    8.9792] microVU1: 3 cycle stall on branch instruction [1108]
[    8.9792] microVU1: 3 cycle stall on branch instruction [1130]
[    8.9796] microVU1: 3 cycle stall on branch instruction [1108]
[    8.9797] microVU1: 3 cycle stall on branch instruction [1130]
[    8.9800] microVU1: 3 cycle stall on branch instruction [1108]
[    8.9800] microVU1: 3 cycle stall on branch instruction [1130]
[    8.9802] microVU1: 3 cycle stall on branch instruction [1108]
[    8.9802] microVU1: 3 cycle stall on branch instruction [1130]
[    8.9805] microVU1: 3 cycle stall on branch instruction [1108]
[    8.9805] microVU1: 3 cycle stall on branch instruction [1130]
[    8.9805] microVU1: 3 cycle stall on branch instruction [09e8]
[    8.9805] microVU1: 3 cycle stall on branch instruction [0a70]
[    8.9806] microVU1: 3 cycle stall on branch instruction [1108]
[    8.9807] microVU1: 3 cycle stall on branch instruction [1130]
[    8.9811] microVU1: 3 cycle stall on branch instruction [1108]
[    8.9811] microVU1: 3 cycle stall on branch instruction [1130]
[    8.9813] microVU1: 3 cycle stall on branch instruction [1108]
[    8.9813] microVU1: 3 cycle stall on branch instruction [1130]
[    8.9820] microVU1: 3 cycle stall on branch instruction [1108]
[    8.9820] microVU1: 3 cycle stall on branch instruction [1130]
[    8.9823] microVU1: 3 cycle stall on branch instruction [1108]
[    8.9824] microVU1: 3 cycle stall on branch instruction [1130]
[    8.9825] microVU1: 3 cycle stall on branch instruction [1108]
[    8.9825] microVU1: 3 cycle stall on branch instruction [1130]
[    8.9833] microVU1: 3 cycle stall on branch instruction [1108]
[    8.9833] microVU1: 3 cycle stall on branch instruction [1130]
[    8.9834] microVU1: 3 cycle stall on branch instruction [09e8]
[    8.9835] microVU1: 3 cycle stall on branch instruction [0a70]
[    8.9839] microVU1: 3 cycle stall on branch instruction [09e8]
[    8.9839] microVU1: 3 cycle stall on branch instruction [0a70]
[    8.9842] microVU1: 3 cycle stall on branch instruction [09e8]
[    8.9842] microVU1: 3 cycle stall on branch instruction [0a70]
[    8.9844] microVU1: 3 cycle stall on branch instruction [1108]
[    8.9844] microVU1: 3 cycle stall on branch instruction [1130]
[    8.9846] microVU1: 3 cycle stall on branch instruction [09e8]
[    8.9846] microVU1: 3 cycle stall on branch instruction [0a70]
[    8.9848] microVU1: 3 cycle stall on branch instruction [09e8]
[    8.9850] microVU1: 3 cycle stall on branch instruction [0a70]
[    8.9852] microVU1: 3 cycle stall on branch instruction [1108]
[    8.9853] microVU1: 3 cycle stall on branch instruction [1130]
[    8.9854] microVU1: 3 cycle stall on branch instruction [09e8]
[    8.9854] microVU1: 3 cycle stall on branch instruction [0a70]
[    8.9856] microVU1: 3 cycle stall on branch instruction [09e8]
[    8.9856] microVU1: 3 cycle stall on branch instruction [0a70]
[    8.9858] microVU1: 3 cycle stall on branch instruction [09e8]
[    8.9858] microVU1: 3 cycle stall on branch instruction [0a70]
[    8.9860] microVU1: 3 cycle stall on branch instruction [09e8]
[    8.9860] microVU1: 3 cycle stall on branch instruction [0a70]
[    8.9862] microVU1: 3 cycle stall on branch instruction [09e8]
[    8.9862] microVU1: 3 cycle stall on branch instruction [0a70]
[    8.9864] microVU1: 3 cycle stall on branch instruction [09e8]
[    8.9864] microVU1: 3 cycle stall on branch instruction [0a70]
[    8.9866] microVU1: 3 cycle stall on branch instruction [09e8]
[    8.9866] microVU1: 3 cycle stall on branch instruction [0a70]
[    8.9868] microVU1: 3 cycle stall on branch instruction [09e8]
[    8.9868] microVU1: 3 cycle stall on branch instruction [0a70]
[    8.9870] microVU1: 3 cycle stall on branch instruction [09e8]
[    8.9870] microVU1: 3 cycle stall on branch instruction [0a70]
[    8.9871] microVU1: 3 cycle stall on branch instruction [09e8]
[    8.9872] microVU1: 3 cycle stall on branch instruction [0a70]
[    8.9874] microVU1: 3 cycle stall on branch instruction [07f0]
[    9.0679] open name host:/log.txt flag 302 data 41378
[    9.0698] open fd = 256
[    9.0726] open name host:/log.txt flag 302 data 41378
[    9.0742] open fd = 256
[    9.0876] open name host:/log.txt flag 302 data 41378
[    9.0893] open fd = 256
[    9.0983] open name host:/log.txt flag 302 data 41378
[    9.1001] open fd = 256
[    9.1158] microVU1: Cached Prog = [007] [PC=0700] [List=01] (Cache=3.396%) [2.1mb]
[    9.1170] microVU1: Cached Prog = [008] [PC=2f20] [List=01] (Cache=3.489%) [2.1mb]
[    9.1175] microVU1: Cached Prog = [009] [PC=3300] [List=01] (Cache=3.541%) [2.2mb]
[    9.1464] open name host:/hud/debugfont.png flag 1 data 41378
[    9.1486] open fd = 256
[    9.1545] open name host:/livepad.bin flag 1 data 41378
[    9.1557] open fd = -5
[    9.1683] open name host:/log.txt flag 302 data 41378
[    9.1700] open fd = 256
[    9.1726] open name host:/log.txt flag 302 data 41378
[    9.1744] open fd = 256
[    9.1792] open name host:/log.txt flag 302 data 41378
[    9.1811] open fd = 256
[    9.1842] open name host:/log.txt flag 302 data 41378
[    9.1859] open fd = 256
[    9.2080] open name host:/livepad.bin flag 1 data 41378
[    9.2093] open fd = -5
[    9.2128] open name host:/log.txt flag 302 data 41378
[    9.2145] open fd = 256
[    9.2168] open name host:/log.txt flag 302 data 41378
[    9.2184] open fd = 256
[    9.2459] open name host:/livepad.bin flag 1 data 41378
[    9.2471] open fd = -5
[    9.2498] open name host:/log.txt flag 302 data 41378
[    9.2519] open fd = 256
[    9.2537] open name host:/log.txt flag 302 data 41378
[    9.2554] open fd = 256
[    9.2743] open name host:/livepad.bin flag 1 data 41378
[    9.2755] open fd = -5
[    9.2785] open name host:/log.txt flag 302 data 41378
[    9.2801] open fd = 256
[    9.2820] open name host:/log.txt flag 302 data 41378
[    9.2837] open fd = 256
[    9.3016] open name host:/livepad.bin flag 1 data 41378
[    9.3029] open fd = -5
[    9.3055] open name host:/log.txt flag 302 data 41378
[    9.3071] open fd = 256
[    9.3089] open name host:/log.txt flag 302 data 41378
[    9.3106] open fd = 256
[    9.3301] open name host:/livepad.bin flag 1 data 41378
[    9.3314] open fd = -5
[    9.3364] open name host:/log.txt flag 302 data 41378
[    9.3383] open fd = 256
[    9.3401] open name host:/log.txt flag 302 data 41378
[    9.3419] open fd = 256
[    9.3703] open name host:/livepad.bin flag 1 data 41378
[    9.3717] open fd = -5
[    9.3736] open name host:/log.txt flag 302 data 41378
[    9.3754] open fd = 256
[    9.3771] open name host:/log.txt flag 302 data 41378
[    9.3787] open fd = 256
[    9.3955] open name host:/livepad.bin flag 1 data 41378
[    9.3968] open fd = -5
[    9.3997] open name host:/log.txt flag 302 data 41378
[    9.4018] open fd = 256
[    9.4035] open name host:/log.txt flag 302 data 41378
[    9.4053] open fd = 256
[    9.4239] open name host:/livepad.bin flag 1 data 41378
[    9.4253] open fd = -5
[    9.4270] microVU1: Cached Prog = [010] [PC=3610] [List=01] (Cache=3.593%) [2.2mb]
[    9.4270] open name host:/log.txt flag 302 data 41378
[    9.4272] microVU1: Cached Prog = [011] [PC=3970] [List=01] (Cache=3.609%) [2.2mb]
[    9.4286] open fd = 256
[    9.4461] open name host:/livepad.bin flag 1 data 41378
[    9.4475] open fd = -5
[    9.4646] open name host:/livepad.bin flag 1 data 41378
[    9.4663] open fd = -5
[    9.4844] open name host:/livepad.bin flag 1 data 41378
[    9.4858] open fd = -5
[    9.5056] open name host:/livepad.bin flag 1 data 41378
[    9.5069] open fd = -5
[    9.5246] open name host:/livepad.bin flag 1 data 41378
[    9.5258] open fd = -5
[    9.5424] open name host:/livepad.bin flag 1 data 41378
[    9.5438] open fd = -5
[    9.5637] open name host:/livepad.bin flag 1 data 41378
[    9.5653] open fd = -5
[    9.5843] open name host:/livepad.bin flag 1 data 41378
[    9.5856] open fd = -5
[    9.6048] open name host:/livepad.bin flag 1 data 41378
[    9.6061] open fd = -5
[    9.6241] open name host:/livepad.bin flag 1 data 41378
[    9.6254] open fd = -5
[    9.6278] open name host:/log.txt flag 302 data 41378
[    9.6294] open fd = 256
[    9.6495] open name host:/livepad.bin flag 1 data 41378
[    9.6510] open fd = -5
[    9.6514] open name host:/livedbg.cmd flag 1 data 41378
[    9.6525] open fd = -5
[    9.6571] open name host:/log.txt flag 302 data 41378
[    9.6591] open fd = 256
[    9.6769] open name host:/livepad.bin flag 1 data 41378
[    9.6781] open fd = -5
[    9.6819] open name host:/log.txt flag 302 data 41378
[    9.6837] open fd = 256
[    9.7012] open name host:/livepad.bin flag 1 data 41378
[    9.7025] open fd = -5
[    9.7231] open name host:/livepad.bin flag 1 data 41378
[    9.7247] open fd = -5
[    9.7425] open name host:/livepad.bin flag 1 data 41378
[    9.7437] open fd = -5
[    9.7628] open name host:/livepad.bin flag 1 data 41378
[    9.7642] open fd = -5
[    9.7836] open name host:/livepad.bin flag 1 data 41378
[    9.7850] open fd = -5
[    9.7853] open name host:/livedbg.cmd flag 1 data 41378
[    9.7865] open fd = -5
[    9.8041] open name host:/livepad.bin flag 1 data 41378
[    9.8055] open fd = -5
[    9.8242] open name host:/livepad.bin flag 1 data 41378
[    9.8254] open fd = -5
[    9.8420] open name host:/livepad.bin flag 1 data 41378
[    9.8434] open fd = -5
[    9.8600] open name host:/livepad.bin flag 1 data 41378
[    9.8612] open fd = -5
[    9.8796] open name host:/livepad.bin flag 1 data 41378
[    9.8811] open fd = -5
[    9.9009] open name host:/livepad.bin flag 1 data 41378
[    9.9023] open fd = -5
[    9.9026] open name host:/livedbg.cmd flag 1 data 41378
[    9.9038] open fd = -5
[    9.9215] open name host:/livepad.bin flag 1 data 41378
[    9.9230] open fd = -5
[    9.9403] open name host:/livepad.bin flag 1 data 41378
[    9.9417] open fd = -5
[    9.9610] open name host:/livepad.bin flag 1 data 41378
[    9.9624] open fd = -5
[    9.9820] open name host:/livepad.bin flag 1 data 41378
[    9.9833] open fd = -5
[   10.0010] open name host:/livepad.bin flag 1 data 41378
[   10.0025] open fd = -5
[   10.0201] open name host:/livepad.bin flag 1 data 41378
[   10.0216] open fd = -5
[   10.0220] open name host:/livedbg.cmd flag 1 data 41378
[   10.0232] open fd = -5
[   10.0423] open name host:/livepad.bin flag 1 data 41378
[   10.0435] open fd = -5
[   10.0613] open name host:/livepad.bin flag 1 data 41378
[   10.0626] open fd = -5
[   10.0822] open name host:/livepad.bin flag 1 data 41378
[   10.0834] open fd = -5
[   10.1011] open name host:/livepad.bin flag 1 data 41378
[   10.1023] open fd = -5
[   10.1204] open name host:/livepad.bin flag 1 data 41378
[   10.1217] open fd = -5
[   10.1386] open name host:/livepad.bin flag 1 data 41378
[   10.1398] open fd = -5
[   10.1401] open name host:/livedbg.cmd flag 1 data 41378
[   10.1411] open fd = -5
[   10.1420] open name host:/log.txt flag 302 data 41378
[   10.1436] open fd = 256
[   10.1619] open name host:/livepad.bin flag 1 data 41378
[   10.1632] open fd = -5
[   10.1812] open name host:/livepad.bin flag 1 data 41378
[   10.1824] open fd = -5
[   10.1990] open name host:/livepad.bin flag 1 data 41378
[   10.2001] open fd = -5
[   10.2172] open name host:/livepad.bin flag 1 data 41378
[   10.2183] open fd = -5
[   10.2207] open name host:/log.txt flag 302 data 41378
[   10.2222] open fd = 256
[   10.2390] open name host:/livepad.bin flag 1 data 41378
[   10.2404] open fd = -5
[   10.2437] open name host:/log.txt flag 302 data 41378
[   10.2453] open fd = 256
[   10.2661] open name host:/livepad.bin flag 1 data 41378
[   10.2676] open fd = -5
[   10.2679] open name host:/livedbg.cmd flag 1 data 41378
[   10.2688] open fd = -5
[   10.2858] open name host:/livepad.bin flag 1 data 41378
[   10.2871] open fd = -5
[   10.3047] open name host:/livepad.bin flag 1 data 41378
[   10.3059] open fd = -5
[   10.3247] open name host:/livepad.bin flag 1 data 41378
[   10.3258] open fd = -5
[   10.3443] open name host:/livepad.bin flag 1 data 41378
[   10.3457] open fd = -5
[   10.3638] FRAMEARENA frames=120 peak=1037904 resets=2 fallbacks=0 maxFrameBytes=2731360 maxBorrowed=2025568 freeKiB=10569
[   10.3643] NATIVEVIF frames=120 batches=122
[   10.3644] ORDEREDFRAME frames=120 splitFrames=1
[   10.3646] FRAMEPIPELINE starts=120 dmaBusyStarts=0
[   10.3650] open name host:/livepad.bin flag 1 data 41378
[   10.3663] open fd = -5
[   10.3832] open name host:/livepad.bin flag 1 data 41378
[   10.3845] open fd = -5
[   10.3850] open name host:/livedbg.cmd flag 1 data 41378
[   10.3860] open fd = -5
[   10.4031] open name host:/livepad.bin flag 1 data 41378
[   10.4043] open fd = -5
[   10.4205] open name host:/livepad.bin flag 1 data 41378
[   10.4216] open fd = -5
[   10.4385] open name host:/livepad.bin flag 1 data 41378
[   10.4396] open fd = -5
[   10.4422] open name host:/log.txt flag 302 data 41378
[   10.4437] open fd = 256
[   10.4630] open name host:/livepad.bin flag 1 data 41378
[   10.4642] open fd = -5
[   10.4820] open name host:/livepad.bin flag 1 data 41378
[   10.4831] open fd = -5
[   10.4996] open name host:/livepad.bin flag 1 data 41378
[   10.5008] open fd = -5
[   10.5012] open name host:/livedbg.cmd flag 1 data 41378
[   10.5023] open fd = -5
[   10.5182] open name host:/livepad.bin flag 1 data 41378
[   10.5194] open fd = -5
[   10.5372] open name host:/livepad.bin flag 1 data 41378
[   10.5384] open fd = -5
[   10.5552] open name host:/livepad.bin flag 1 data 41378
[   10.5564] open fd = -5
[   10.5731] open name host:/livepad.bin flag 1 data 41378
[   10.5743] open fd = -5
[   10.5920] open name host:/livepad.bin flag 1 data 41378
[   10.5932] open fd = -5
[   10.6117] open name host:/livepad.bin flag 1 data 41378
[   10.6130] open fd = -5
[   10.6135] open name host:/livedbg.cmd flag 1 data 41378
[   10.6146] open fd = -5
[   10.6341] open name host:/livepad.bin flag 1 data 41378
[   10.6353] open fd = -5
[   10.6367] open name host:/log.txt flag 302 data 41378
[   10.6386] open fd = 256
[   10.6603] open name host:/livepad.bin flag 1 data 41378
[   10.6616] open fd = -5
[   10.6798] open name host:/livepad.bin flag 1 data 41378
[   10.6811] open fd = -5
[   10.6989] open name host:/livepad.bin flag 1 data 41378
[   10.7002] open fd = -5
[   10.7179] open name host:/livepad.bin flag 1 data 41378
[   10.7192] open fd = -5
[   10.7364] open name host:/livepad.bin flag 1 data 41378
[   10.7377] open fd = -5
[   10.7379] open name host:/livedbg.cmd flag 1 data 41378
[   10.7391] open fd = -5
[   10.7566] open name host:/livepad.bin flag 1 data 41378
[   10.7580] open fd = -5
[   10.7760] open name host:/livepad.bin flag 1 data 41378
[   10.7773] open fd = -5
[   10.7960] open name host:/livepad.bin flag 1 data 41378
[   10.7973] open fd = -5
[   10.8156] open name host:/livepad.bin flag 1 data 41378
[   10.8167] open fd = -5
[   10.8341] open name host:/livepad.bin flag 1 data 41378
[   10.8353] open fd = -5
[   10.8520] open name host:/livepad.bin flag 1 data 41378
[   10.8533] open fd = -5
[   10.8535] open name host:/livedbg.cmd flag 1 data 41378
[   10.8546] open fd = -5
[   10.8716] open name host:/livepad.bin flag 1 data 41378
[   10.8728] open fd = -5
[   10.8911] open name host:/livepad.bin flag 1 data 41378
[   10.8923] open fd = -5
[   10.9102] open name host:/livepad.bin flag 1 data 41378
[   10.9114] open fd = -5
[   10.9299] open name host:/livepad.bin flag 1 data 41378
[   10.9312] open fd = -5
[   10.9487] open name host:/livepad.bin flag 1 data 41378
[   10.9499] open fd = -5
[   10.9690] open name host:/livepad.bin flag 1 data 41378
[   10.9701] open fd = -5
[   10.9705] open name host:/livedbg.cmd flag 1 data 41378
[   10.9715] open fd = -5
[   10.9880] open name host:/livepad.bin flag 1 data 41378
[   10.9892] open fd = -5
[   11.0056] open name host:/livepad.bin flag 1 data 41378
[   11.0067] open fd = -5
[   11.0235] open name host:/livepad.bin flag 1 data 41378
[   11.0247] open fd = -5
[   11.0412] open name host:/livepad.bin flag 1 data 41378
[   11.0425] open fd = -5
[   11.0597] open name host:/livepad.bin flag 1 data 41378
[   11.0610] open fd = -5
[   11.0781] open name host:/livepad.bin flag 1 data 41378
[   11.0793] open fd = -5
[   11.0796] open name host:/livedbg.cmd flag 1 data 41378
[   11.0807] open fd = -5
[   11.0974] open name host:/livepad.bin flag 1 data 41378
[   11.0985] open fd = -5
[   11.1151] open name host:/livepad.bin flag 1 data 41378
[   11.1162] open fd = -5
[   11.1173] open name host:/log.txt flag 302 data 41378
[   11.1190] open fd = 256
[   11.1361] open name host:/livepad.bin flag 1 data 41378
[   11.1373] open fd = -5
[   11.1534] open name host:/livepad.bin flag 1 data 41378
[   11.1547] open fd = -5
[   11.1713] open name host:/livepad.bin flag 1 data 41378
[   11.1725] open fd = -5
[   11.1898] open name host:/livepad.bin flag 1 data 41378
[   11.1910] open fd = -5
[   11.1913] open name host:/livedbg.cmd flag 1 data 41378
[   11.1924] open fd = -5
[   11.2099] open name host:/livepad.bin flag 1 data 41378
[   11.2111] open fd = -5
[   11.2141] open name host:/log.txt flag 302 data 41378
[   11.2156] open fd = 256
[   11.2328] open name host:/livepad.bin flag 1 data 41378
[   11.2340] open fd = -5
[   11.2513] open name host:/livepad.bin flag 1 data 41378
[   11.2527] open fd = -5
[   11.2696] open name host:/livepad.bin flag 1 data 41378
[   11.2708] open fd = -5
[   11.2878] open name host:/livepad.bin flag 1 data 41378
[   11.2891] open fd = -5
[   11.3056] open name host:/livepad.bin flag 1 data 41378
[   11.3067] open fd = -5
[   11.3071] open name host:/livedbg.cmd flag 1 data 41378
[   11.3081] open fd = -5
[   11.3251] open name host:/livepad.bin flag 1 data 41378
[   11.3262] open fd = -5
[   11.3428] open name host:/livepad.bin flag 1 data 41378
[   11.3442] open fd = -5
[   11.3614] open name host:/livepad.bin flag 1 data 41378
[   11.3628] open fd = -5
[   11.3806] open name host:/livepad.bin flag 1 data 41378
[   11.3818] open fd = -5
[   11.3984] open name host:/livepad.bin flag 1 data 41378
[   11.3995] open fd = -5
[   11.4157] open name host:/livepad.bin flag 1 data 41378
[   11.4168] open fd = -5
[   11.4171] open name host:/livedbg.cmd flag 1 data 41378
[   11.4181] open fd = -5
[   11.4344] open name host:/livepad.bin flag 1 data 41378
[   11.4356] open fd = -5
[   11.4532] open name host:/livepad.bin flag 1 data 41378
[   11.4545] open fd = -5
[   11.4705] open name host:/livepad.bin flag 1 data 41378
[   11.4716] open fd = -5
[   11.4901] open name host:/livepad.bin flag 1 data 41378
[   11.4913] open fd = -5
[   11.5081] open name host:/livepad.bin flag 1 data 41378
[   11.5094] open fd = -5
[   11.5255] open name host:/livepad.bin flag 1 data 41378
[   11.5267] open fd = -5
[   11.5271] open name host:/livedbg.cmd flag 1 data 41378
[   11.5281] open fd = -5
[   11.5450] open name host:/livepad.bin flag 1 data 41378
[   11.5463] open fd = -5
[   11.5622] open name host:/livepad.bin flag 1 data 41378
[   11.5634] open fd = -5
[   11.5798] open name host:/livepad.bin flag 1 data 41378
[   11.5811] open fd = -5
[   11.5818] open name host:/log.txt flag 302 data 41378
[   11.5834] open fd = 256
[   11.5859] open name host:/log.txt flag 302 data 41378
[   11.5875] open fd = 256
[   11.5896] open name host:/log.txt flag 302 data 41378
[   11.5914] open fd = 256
[   11.6283] open name host:/livepad.bin flag 1 data 41378
[   11.6295] open fd = -5
[   11.6502] open name host:/livepad.bin flag 1 data 41378
[   11.6514] open fd = -5
[   11.6697] open name host:/livepad.bin flag 1 data 41378
[   11.6709] open fd = -5
[   11.6712] open name host:/livedbg.cmd flag 1 data 41378
[   11.6722] open fd = -5
[   11.6907] open name host:/livepad.bin flag 1 data 41378
[   11.6922] open fd = -5
[   11.7102] open name host:/livepad.bin flag 1 data 41378
[   11.7129] open fd = -5
[   11.7325] open name host:/livepad.bin flag 1 data 41378
[   11.7338] open fd = -5
[   11.7534] open name host:/livepad.bin flag 1 data 41378
[   11.7550] open fd = -5
[   11.7755] open name host:/livepad.bin flag 1 data 41378
[   11.7769] open fd = -5
[   11.7958] open name host:/livepad.bin flag 1 data 41378
[   11.7974] open fd = -5
[   11.7979] open name host:/livedbg.cmd flag 1 data 41378
[   11.7990] open fd = -5
[   11.8153] open name host:/livepad.bin flag 1 data 41378
[   11.8169] open fd = -5
[   11.8340] open name host:/livepad.bin flag 1 data 41378
[   11.8356] open fd = -5
[   11.8545] open name host:/livepad.bin flag 1 data 41378
[   11.8559] open fd = -5
[   11.8735] open name host:/livepad.bin flag 1 data 41378
[   11.8754] open fd = -5
[   11.8952] open name host:/livepad.bin flag 1 data 41378
[   11.8967] open fd = -5
[   11.9139] open name host:/livepad.bin flag 1 data 41378
[   11.9150] open fd = -5
[   11.9153] open name host:/livedbg.cmd flag 1 data 41378
[   11.9162] open fd = -5
[   11.9328] open name host:/livepad.bin flag 1 data 41378
[   11.9340] open fd = -5
[   11.9520] open name host:/livepad.bin flag 1 data 41378
[   11.9532] open fd = -5
[   11.9707] open name host:/livepad.bin flag 1 data 41378
[   11.9718] open fd = -5
[   11.9892] open name host:/livepad.bin flag 1 data 41378
[   11.9906] open fd = -5
[   12.0087] open name host:/livepad.bin flag 1 data 41378
[   12.0100] open fd = -5
[   12.0271] open name host:/livepad.bin flag 1 data 41378
[   12.0283] open fd = -5
[   12.0286] open name host:/livedbg.cmd flag 1 data 41378
[   12.0297] open fd = -5
[   12.0475] open name host:/livepad.bin flag 1 data 41378
[   12.0487] open fd = -5
[   12.0666] open name host:/livepad.bin flag 1 data 41378
[   12.0679] open fd = -5
[   12.0858] open name host:/livepad.bin flag 1 data 41378
[   12.0872] open fd = -5
[   12.0884] open name host:/log.txt flag 302 data 41378
[   12.0900] open fd = 256
[   12.1091] open name host:/livepad.bin flag 1 data 41378
[   12.1105] open fd = -5
[   12.1280] open name host:/livepad.bin flag 1 data 41378
[   12.1293] open fd = -5
[   12.1471] open name host:/livepad.bin flag 1 data 41378
[   12.1485] open fd = -5
[   12.1487] open name host:/livedbg.cmd flag 1 data 41378
[   12.1500] open fd = -5
[   12.1722] open name host:/livepad.bin flag 1 data 41378
[   12.1734] open fd = -5
[   12.1916] open name host:/livepad.bin flag 1 data 41378
[   12.1929] open fd = -5
[   12.2098] open name host:/livepad.bin flag 1 data 41378
[   12.2112] open fd = -5
[   12.2144] open name host:/log.txt flag 302 data 41378
[   12.2161] open fd = 256
[   12.2328] open name host:/livepad.bin flag 1 data 41378
[   12.2341] open fd = -5
[   12.2519] open name host:/livepad.bin flag 1 data 41378
[   12.2530] open fd = -5
[   12.2717] open name host:/livepad.bin flag 1 data 41378
[   12.2730] open fd = -5
[   12.2732] open name host:/livedbg.cmd flag 1 data 41378
[   12.2742] open fd = -5
[   12.2916] open name host:/livepad.bin flag 1 data 41378
[   12.2929] open fd = -5
[   12.3104] open name host:/livepad.bin flag 1 data 41378
[   12.3118] open fd = -5
[   12.3289] open name host:/livepad.bin flag 1 data 41378
[   12.3303] open fd = -5
[   12.3486] open name host:/livepad.bin flag 1 data 41378
[   12.3498] open fd = -5
[   12.3688] open name host:/livepad.bin flag 1 data 41378
[   12.3700] open fd = -5
[   12.3877] open name host:/livepad.bin flag 1 data 41378
[   12.3890] open fd = -5
[   12.3892] open name host:/livedbg.cmd flag 1 data 41378
[   12.3902] open fd = -5
[   12.4084] open name host:/livepad.bin flag 1 data 41378
[   12.4098] open fd = -5
[   12.4278] open name host:/livepad.bin flag 1 data 41378
[   12.4289] open fd = -5
[   12.4461] open name host:/livepad.bin flag 1 data 41378
[   12.4475] open fd = -5
[   12.4659] open name host:/livepad.bin flag 1 data 41378
[   12.4672] open fd = -5
[   12.4844] open name host:/livepad.bin flag 1 data 41378
[   12.4856] open fd = -5
[   12.5031] open name host:/livepad.bin flag 1 data 41378
[   12.5046] open fd = -5
[   12.5048] open name host:/livedbg.cmd flag 1 data 41378
[   12.5062] open fd = -5
[   12.5236] open name host:/livepad.bin flag 1 data 41378
[   12.5250] open fd = -5
[   12.5426] open name host:/livepad.bin flag 1 data 41378
[   12.5441] open fd = -5
[   12.5615] open name host:/livepad.bin flag 1 data 41378
[   12.5631] open fd = -5
[   12.5800] open name host:/livepad.bin flag 1 data 41378
[   12.5812] open fd = -5
[   12.5823] open name host:/log.txt flag 302 data 41378
[   12.5838] open fd = 256
[   12.6030] open name host:/livepad.bin flag 1 data 41378
[   12.6045] open fd = -5
[   12.6230] open name host:/livepad.bin flag 1 data 41378
[   12.6243] open fd = -5
[   12.6247] open name host:/livedbg.cmd flag 1 data 41378
[   12.6256] open fd = -5
[   12.6424] open name host:/livepad.bin flag 1 data 41378
[   12.6437] open fd = -5
[   12.6622] open name host:/livepad.bin flag 1 data 41378
[   12.6634] open fd = -5
[   12.6818] open name host:/livepad.bin flag 1 data 41378
[   12.6831] open fd = -5
[   12.7020] open name host:/livepad.bin flag 1 data 41378
[   12.7034] open fd = -5
[   12.7224] FRAMEARENA frames=240 peak=1037904 resets=2 fallbacks=0 maxFrameBytes=2731360 maxBorrowed=2120800 freeKiB=10399
[   12.7226] NATIVEVIF frames=240 batches=242
[   12.7227] ORDEREDFRAME frames=240 splitFrames=1
[   12.7229] FRAMEPIPELINE starts=240 dmaBusyStarts=0
[   12.7231] open name host:/livepad.bin flag 1 data 41378
[   12.7243] open fd = -5
[   12.7426] open name host:/livepad.bin flag 1 data 41378
[   12.7439] open fd = -5
[   12.7442] open name host:/livedbg.cmd flag 1 data 41378
[   12.7453] open fd = -5
[   12.7636] open name host:/livepad.bin flag 1 data 41378
[   12.7648] open fd = -5
[   12.7835] open name host:/livepad.bin flag 1 data 41378
[   12.7849] open fd = -5
[   12.8041] open name host:/livepad.bin flag 1 data 41378
[   12.8054] open fd = -5
[   12.8067] open name host:/log.txt flag 302 data 41378
[   12.8083] open fd = 256
[   12.8290] open name host:/livepad.bin flag 1 data 41378
[   12.8303] open fd = -5
[   12.8476] open name host:/livepad.bin flag 1 data 41378
[   12.8490] open fd = -5
[   12.8665] open name host:/livepad.bin flag 1 data 41378
[   12.8678] open fd = -5
[   12.8680] open name host:/livedbg.cmd flag 1 data 41378
[   12.8690] open fd = -5
[   12.8869] open name host:/livepad.bin flag 1 data 41378
[   12.8883] open fd = -5
[   12.9067] open name host:/livepad.bin flag 1 data 41378
[   12.9080] open fd = -5
[   12.9251] open name host:/livepad.bin flag 1 data 41378
[   12.9264] open fd = -5
[   12.9434] open name host:/livepad.bin flag 1 data 41378
[   12.9450] open fd = -5
[   12.9629] open name host:/livepad.bin flag 1 data 41378
[   12.9642] open fd = -5
[   12.9820] open name host:/livepad.bin flag 1 data 41378
[   12.9834] open fd = -5
[   12.9837] open name host:/livedbg.cmd flag 1 data 41378
[   12.9853] open fd = -5
[   13.0033] open name host:/livepad.bin flag 1 data 41378
[   13.0046] open fd = -5
[   13.0229] open name host:/livepad.bin flag 1 data 41378
[   13.0243] open fd = -5
[   13.0431] open name host:/livepad.bin flag 1 data 41378
[   13.0444] open fd = -5
[   13.0645] open name host:/livepad.bin flag 1 data 41378
[   13.0659] open fd = -5
[   13.0838] open name host:/livepad.bin flag 1 data 41378
[   13.0851] open fd = -5
[   13.0864] open name host:/log.txt flag 302 data 41378
[   13.0880] open fd = 256
[   13.1107] open name host:/livepad.bin flag 1 data 41378
[   13.1122] open fd = -5
[   13.1125] open name host:/livedbg.cmd flag 1 data 41378
[   13.1135] open fd = -5
[   13.1319] open name host:/livepad.bin flag 1 data 41378
[   13.1332] open fd = -5
[   13.1522] open name host:/livepad.bin flag 1 data 41378
[   13.1536] open fd = -5
[   13.1729] open name host:/livepad.bin flag 1 data 41378
[   13.1743] open fd = -5
[   13.1947] open name host:/livepad.bin flag 1 data 41378
[   13.1961] open fd = -5
[   13.1984] open name host:/log.txt flag 302 data 41378
[   13.2003] open fd = 256
[   13.2190] open name host:/livepad.bin flag 1 data 41378
[   13.2203] open fd = -5
[   13.2247] open name host:/log.txt flag 302 data 41378
[   13.2265] open fd = 256
[   13.2436] open name host:/livepad.bin flag 1 data 41378
[   13.2450] open fd = -5
[   13.2452] open name host:/livedbg.cmd flag 1 data 41378
[   13.2464] open fd = -5
[   13.2654] open name host:/livepad.bin flag 1 data 41378
[   13.2667] open fd = -5
[   13.2856] open name host:/livepad.bin flag 1 data 41378
[   13.2869] open fd = -5
[   13.3040] open name host:/livepad.bin flag 1 data 41378
[   13.3054] open fd = -5
[   13.3228] open name host:/livepad.bin flag 1 data 41378
[   13.3244] open fd = -5
[   13.3445] open name host:/livepad.bin flag 1 data 41378
[   13.3458] open fd = -5
[   13.3654] open name host:/livepad.bin flag 1 data 41378
[   13.3667] open fd = -5
[   13.3672] open name host:/livedbg.cmd flag 1 data 41378
[   13.3682] open fd = -5
[   13.3858] open name host:/livepad.bin flag 1 data 41378
[   13.3872] open fd = -5
[   13.4050] open name host:/livepad.bin flag 1 data 41378
[   13.4064] open fd = -5
[   13.4244] open name host:/livepad.bin flag 1 data 41378
[   13.4259] open fd = -5
[   13.4430] open name host:/livepad.bin flag 1 data 41378
[   13.4445] open fd = -5
[   13.4638] open name host:/livepad.bin flag 1 data 41378
[   13.4656] open fd = -5
[   13.4841] open name host:/livepad.bin flag 1 data 41378
[   13.4854] open fd = -5
[   13.4857] open name host:/livedbg.cmd flag 1 data 41378
[   13.4867] open fd = -5
[   13.5039] open name host:/livepad.bin flag 1 data 41378
[   13.5052] open fd = -5
[   13.5244] open name host:/livepad.bin flag 1 data 41378
[   13.5261] open fd = -5
[   13.5447] open name host:/livepad.bin flag 1 data 41378
[   13.5462] open fd = -5
[   13.5638] open name host:/livepad.bin flag 1 data 41378
[   13.5657] open fd = -5
[   13.5840] open name host:/livepad.bin flag 1 data 41378
[   13.5853] open fd = -5
[   13.6046] open name host:/livepad.bin flag 1 data 41378
[   13.6064] open fd = -5
[   13.6066] open name host:/livedbg.cmd flag 1 data 41378
[   13.6079] open fd = -5
[   13.6094] open name host:/log.txt flag 302 data 41378
[   13.6117] open fd = 256
[   13.6299] open name host:/livepad.bin flag 1 data 41378
[   13.6316] open fd = -5
[   13.6489] open name host:/livepad.bin flag 1 data 41378
[   13.6505] open fd = -5
[   13.6689] open name host:/livepad.bin flag 1 data 41378
[   13.6703] open fd = -5
[   13.6882] open name host:/livepad.bin flag 1 data 41378
[   13.6897] open fd = -5
[   13.7094] open name host:/livepad.bin flag 1 data 41378
[   13.7112] open fd = -5
[   13.7289] open name host:/livepad.bin flag 1 data 41378
[   13.7306] open fd = -5
[   13.7309] open name host:/livedbg.cmd flag 1 data 41378
[   13.7320] open fd = -5
[   13.7496] open name host:/livepad.bin flag 1 data 41378
[   13.7510] open fd = -5
[   13.7694] open name host:/livepad.bin flag 1 data 41378
[   13.7709] open fd = -5
[   13.7921] open name host:/livepad.bin flag 1 data 41378
[   13.7936] open fd = -5
[   13.8121] open name host:/livepad.bin flag 1 data 41378
[   13.8137] open fd = -5
[   13.8316] open name host:/livepad.bin flag 1 data 41378
[   13.8338] open fd = -5
[   13.8526] open name host:/livepad.bin flag 1 data 41378
[   13.8546] open fd = -5
[   13.8549] open name host:/livedbg.cmd flag 1 data 41378
[   13.8560] open fd = -5
[   13.8735] open name host:/livepad.bin flag 1 data 41378
[   13.8750] open fd = -5
[   13.8930] open name host:/livepad.bin flag 1 data 41378
[   13.8944] open fd = -5
[   13.9143] open name host:/livepad.bin flag 1 data 41378
[   13.9157] open fd = -5
[   13.9338] open name host:/livepad.bin flag 1 data 41378
[   13.9352] open fd = -5
[   13.9529] open name host:/livepad.bin flag 1 data 41378
[   13.9545] open fd = -5
[   13.9734] open name host:/livepad.bin flag 1 data 41378
[   13.9749] open fd = -5
[   13.9753] open name host:/livedbg.cmd flag 1 data 41378
[   13.9762] open fd = -5
[   13.9935] open name host:/livepad.bin flag 1 data 41378
[   13.9949] open fd = -5
[   14.0125] open name host:/livepad.bin flag 1 data 41378
[   14.0138] open fd = -5
[   14.0325] open name host:/livepad.bin flag 1 data 41378
[   14.0342] open fd = -5
[   14.0354] open name host:/log.txt flag 302 data 41378
[   14.0371] open fd = 256
[   14.0560] open name host:/livepad.bin flag 1 data 41378
[   14.0573] open fd = -5
[   14.0777] open name host:/livepad.bin flag 1 data 41378
[   14.0790] open fd = -5
[   14.0973] open name host:/livepad.bin flag 1 data 41378
[   14.0987] open fd = -5
[   14.0989] open name host:/livedbg.cmd flag 1 data 41378
[   14.1000] open fd = -5
[   14.1177] open name host:/livepad.bin flag 1 data 41378
[   14.1190] open fd = -5
[   14.1197] open name host:/log.txt flag 302 data 41378
[   14.1216] open fd = 256
[   14.1397] open name host:/livepad.bin flag 1 data 41378
[   14.1410] open fd = -5
[   14.1583] open name host:/livepad.bin flag 1 data 41378
[   14.1597] open fd = -5
[   14.1778] open name host:/livepad.bin flag 1 data 41378
[   14.1790] open fd = -5
[   14.1969] open name host:/livepad.bin flag 1 data 41378
[   14.1983] open fd = -5
[   14.2163] open name host:/livepad.bin flag 1 data 41378
[   14.2176] open fd = -5
[   14.2180] open name host:/livedbg.cmd flag 1 data 41378
[   14.2192] open fd = -5
[   14.2368] open name host:/livepad.bin flag 1 data 41378
[   14.2381] open fd = -5
[   14.2411] open name host:/log.txt flag 302 data 41378
[   14.2427] open fd = 256
[   14.2597] open name host:/livepad.bin flag 1 data 41378
[   14.2608] open fd = -5
[   14.2782] open name host:/livepad.bin flag 1 data 41378
[   14.2796] open fd = -5
[   14.2966] open name host:/livepad.bin flag 1 data 41378
[   14.2978] open fd = -5
[   14.3160] open name host:/livepad.bin flag 1 data 41378
[   14.3173] open fd = -5
[   14.3352] open name host:/livepad.bin flag 1 data 41378
[   14.3365] open fd = -5
[   14.3369] open name host:/livedbg.cmd flag 1 data 41378
[   14.3379] open fd = -5
[   14.3556] open name host:/livepad.bin flag 1 data 41378
[   14.3569] open fd = -5
[   14.3766] open name host:/livepad.bin flag 1 data 41378
[   14.3780] open fd = -5
[   14.3963] open name host:/livepad.bin flag 1 data 41378
[   14.3975] open fd = -5
[   14.4151] open name host:/livepad.bin flag 1 data 41378
[   14.4164] open fd = -5
[   14.4337] open name host:/livepad.bin flag 1 data 41378
[   14.4351] open fd = -5
[   14.4543] open name host:/livepad.bin flag 1 data 41378
[   14.4555] open fd = -5
[   14.4557] open name host:/livedbg.cmd flag 1 data 41378
[   14.4568] open fd = -5
[   14.4751] open name host:/livepad.bin flag 1 data 41378
[   14.4765] open fd = -5
[   14.4933] open name host:/livepad.bin flag 1 data 41378
[   14.4945] open fd = -5
[   14.5122] open name host:/livepad.bin flag 1 data 41378
[   14.5136] open fd = -5
[   14.5309] open name host:/livepad.bin flag 1 data 41378
[   14.5322] open fd = -5
[   14.5513] open name host:/livepad.bin flag 1 data 41378
[   14.5527] open fd = -5
[   14.5699] open name host:/livepad.bin flag 1 data 41378
[   14.5713] open fd = -5
[   14.5716] open name host:/livedbg.cmd flag 1 data 41378
[   14.5727] open fd = -5
[   14.5917] open name host:/livepad.bin flag 1 data 41378
[   14.5932] open fd = -5
[   14.6111] open name host:/livepad.bin flag 1 data 41378
[   14.6125] open fd = -5
[   14.6133] open name host:/log.txt flag 302 data 41378
[   14.6153] open fd = 256
[   14.6348] open name host:/livepad.bin flag 1 data 41378
[   14.6360] open fd = -5
[   14.6533] open name host:/livepad.bin flag 1 data 41378
[   14.6546] open fd = -5
[   14.6729] open name host:/livepad.bin flag 1 data 41378
[   14.6743] open fd = -5
[   14.6923] open name host:/livepad.bin flag 1 data 41378
[   14.6938] open fd = -5
[   14.6942] open name host:/livedbg.cmd flag 1 data 41378
[   14.6955] open fd = -5
[   14.7132] open name host:/livepad.bin flag 1 data 41378
[   14.7148] open fd = -5
[   14.7336] open name host:/livepad.bin flag 1 data 41378
[   14.7349] open fd = -5
[   14.7523] open name host:/livepad.bin flag 1 data 41378
[   14.7536] open fd = -5
[   14.7708] open name host:/livepad.bin flag 1 data 41378
[   14.7723] open fd = -5
[   14.7903] open name host:/livepad.bin flag 1 data 41378
[   14.7918] open fd = -5
[   14.8096] open name host:/livepad.bin flag 1 data 41378
[   14.8108] open fd = -5
[   14.8112] open name host:/livedbg.cmd flag 1 data 41378
[   14.8122] open fd = -5
[   14.8306] open name host:/livepad.bin flag 1 data 41378
[   14.8321] open fd = -5
[   14.8499] open name host:/livepad.bin flag 1 data 41378
[   14.8514] open fd = -5
[   14.8695] open name host:/livepad.bin flag 1 data 41378
[   14.8708] open fd = -5
[   14.8893] open name host:/livepad.bin flag 1 data 41378
[   14.8908] open fd = -5
[   14.9121] open name host:/livepad.bin flag 1 data 41378
[   14.9138] open fd = -5
[   14.9319] open name host:/livepad.bin flag 1 data 41378
[   14.9332] open fd = -5
[   14.9338] open name host:/livedbg.cmd flag 1 data 41378
[   14.9348] open fd = -5
[   14.9525] open name host:/livepad.bin flag 1 data 41378
[   14.9537] open fd = -5
[   14.9728] open name host:/livepad.bin flag 1 data 41378
[   14.9742] open fd = -5
[   14.9914] open name host:/livepad.bin flag 1 data 41378
[   14.9928] open fd = -5
[   15.0120] open name host:/livepad.bin flag 1 data 41378
[   15.0133] open fd = -5
[   15.0324] open name host:/livepad.bin flag 1 data 41378
[   15.0340] open fd = -5
[   15.0519] open name host:/livepad.bin flag 1 data 41378
[   15.0533] open fd = -5
[   15.0535] open name host:/livedbg.cmd flag 1 data 41378
[   15.0544] open fd = -5
[   15.0722] open name host:/livepad.bin flag 1 data 41378
[   15.0734] open fd = -5
[   15.0906] open name host:/livepad.bin flag 1 data 41378
[   15.0923] open fd = -5
[   15.1114] open name host:/livepad.bin flag 1 data 41378
[   15.1130] open fd = -5
[   15.1139] open name host:/log.txt flag 302 data 41378
[   15.1160] open fd = 256
[   15.1344] open name host:/livepad.bin flag 1 data 41378
[   15.1356] open fd = -5
[   15.1555] FRAMEARENA frames=360 peak=1037904 resets=2 fallbacks=0 maxFrameBytes=2731360 maxBorrowed=2120800 freeKiB=10468
[   15.1557] NATIVEVIF frames=360 batches=362
[   15.1559] ORDEREDFRAME frames=360 splitFrames=1
[   15.1561] FRAMEPIPELINE starts=360 dmaBusyStarts=50
[   15.1564] open name host:/livepad.bin flag 1 data 41378
[   15.1577] open fd = -5
[   15.1753] open name host:/livepad.bin flag 1 data 41378
[   15.1766] open fd = -5
[   15.1769] open name host:/livedbg.cmd flag 1 data 41378
[   15.1779] open fd = -5
[   15.1957] open name host:/livepad.bin flag 1 data 41378
[   15.1970] open fd = -5
[   15.2145] open name host:/livepad.bin flag 1 data 41378
[   15.2161] open fd = -5
[   15.2335] open name host:/livepad.bin flag 1 data 41378
[   15.2348] open fd = -5
[   15.2353] open name host:/log.txt flag 302 data 41378
[   15.2369] open fd = 256
[   15.2391] open name host:/log.txt flag 302 data 41378
[   15.2410] open fd = 256
[   15.2441] open name host:/log.txt flag 302 data 41378
[   15.2456] open fd = 256
[   15.2636] open name host:/livepad.bin flag 1 data 41378
[   15.2649] open fd = -5
[   15.2818] open name host:/livepad.bin flag 1 data 41378
[   15.2829] open fd = -5
[   15.2999] open name host:/livepad.bin flag 1 data 41378
[   15.3014] open fd = -5
[   15.3016] open name host:/livedbg.cmd flag 1 data 41378
[   15.3027] open fd = -5
[   15.3200] open name host:/livepad.bin flag 1 data 41378
[   15.3217] open fd = -5
[   15.3410] open name host:/livepad.bin flag 1 data 41378
[   15.3424] open fd = -5
[   15.3602] open name host:/livepad.bin flag 1 data 41378
[   15.3617] open fd = -5
[   15.3792] open name host:/livepad.bin flag 1 data 41378
[   15.3807] open fd = -5
[   15.3997] open name host:/livepad.bin flag 1 data 41378
[   15.4010] open fd = -5
[   15.4181] open name host:/livepad.bin flag 1 data 41378
[   15.4195] open fd = -5
[   15.4197] open name host:/livedbg.cmd flag 1 data 41378
[   15.4207] open fd = -5
[   15.4379] open name host:/livepad.bin flag 1 data 41378
[   15.4393] open fd = -5
[   15.4571] open name host:/livepad.bin flag 1 data 41378
[   15.4585] open fd = -5
[   15.4755] open name host:/livepad.bin flag 1 data 41378
[   15.4768] open fd = -5
[   15.4935] open name host:/livepad.bin flag 1 data 41378
[   15.4950] open fd = -5
[   15.5130] open name host:/livepad.bin flag 1 data 41378
[   15.5147] open fd = -5
[   15.5313] open name host:/livepad.bin flag 1 data 41378
[   15.5328] open fd = -5
[   15.5331] open name host:/livedbg.cmd flag 1 data 41378
[   15.5341] open fd = -5
[   15.5527] open name host:/livepad.bin flag 1 data 41378
[   15.5540] open fd = -5
[   15.5709] open name host:/livepad.bin flag 1 data 41378
[   15.5724] open fd = -5
[   15.5895] open name host:/livepad.bin flag 1 data 41378
[   15.5909] open fd = -5
[   15.6077] open name host:/livepad.bin flag 1 data 41378
[   15.6092] open fd = -5
[   15.6098] open name host:/log.txt flag 302 data 41378
[   15.6113] open fd = 256
[   15.6297] open name host:/livepad.bin flag 1 data 41378
[   15.6312] open fd = -5
[   15.6501] open name host:/livepad.bin flag 1 data 41378
[   15.6515] open fd = -5
[   15.6518] open name host:/livedbg.cmd flag 1 data 41378
[   15.6529] open fd = -5
[   15.6694] open name host:/livepad.bin flag 1 data 41378
[   15.6706] open fd = -5
[   15.6878] open name host:/livepad.bin flag 1 data 41378
[   15.6892] open fd = -5
[   15.7058] open name host:/livepad.bin flag 1 data 41378
[   15.7070] open fd = -5
[   15.7240] open name host:/livepad.bin flag 1 data 41378
[   15.7254] open fd = -5
[   15.7425] open name host:/livepad.bin flag 1 data 41378
[   15.7439] open fd = -5
[   15.7604] open name host:/livepad.bin flag 1 data 41378
[   15.7618] open fd = -5
[   15.7622] open name host:/livedbg.cmd flag 1 data 41378
[   15.7637] open fd = -5
[   15.7812] open name host:/livepad.bin flag 1 data 41378
[   15.7826] open fd = -5
[   15.8016] open name host:/livepad.bin flag 1 data 41378
[   15.8029] open fd = -5
[   15.8211] open name host:/livepad.bin flag 1 data 41378
[   15.8224] open fd = -5
[   15.8408] open name host:/livepad.bin flag 1 data 41378
[   15.8421] open fd = -5
[   15.8591] open name host:/livepad.bin flag 1 data 41378
[   15.8603] open fd = -5
[   15.8778] open name host:/livepad.bin flag 1 data 41378
[   15.8791] open fd = -5
[   15.8794] open name host:/livedbg.cmd flag 1 data 41378
[   15.8808] open fd = -5
[   15.8974] open name host:/livepad.bin flag 1 data 41378
[   15.8988] open fd = -5
[   15.9159] open name host:/livepad.bin flag 1 data 41378
[   15.9173] open fd = -5
[   15.9359] open name host:/livepad.bin flag 1 data 41378
[   15.9373] open fd = -5
[   15.9550] open name host:/livepad.bin flag 1 data 41378
[   15.9564] open fd = -5
[   15.9726] open name host:/livepad.bin flag 1 data 41378
[   15.9740] open fd = -5
[   15.9919] open name host:/livepad.bin flag 1 data 41378
[   15.9933] open fd = -5
[   15.9936] open name host:/livedbg.cmd flag 1 data 41378
[   15.9947] open fd = -5
[   16.0121] open name host:/livepad.bin flag 1 data 41378
[   16.0136] open fd = -5
[   16.0306] open name host:/livepad.bin flag 1 data 41378
[   16.0319] open fd = -5
[   16.0492] open name host:/livepad.bin flag 1 data 41378
[   16.0506] open fd = -5
[   16.0673] open name host:/livepad.bin flag 1 data 41378
[   16.0686] open fd = -5
[   16.0867] open name host:/livepad.bin flag 1 data 41378
[   16.0881] open fd = -5
[   16.0887] open name host:/log.txt flag 302 data 41378
[   16.0906] open fd = 256
[   16.1110] open name host:/livepad.bin flag 1 data 41378
[   16.1128] open fd = -5
[   16.1131] open name host:/livedbg.cmd flag 1 data 41378
[   16.1142] open fd = -5
[   16.1306] open name host:/livepad.bin flag 1 data 41378
[   16.1321] open fd = -5
[   16.1487] open name host:/livepad.bin flag 1 data 41378
[   16.1502] open fd = -5
[   16.1671] open name host:/livepad.bin flag 1 data 41378
[   16.1685] open fd = -5
[   16.1856] open name host:/livepad.bin flag 1 data 41378
[   16.1870] open fd = -5
[   16.1886] open name host:/log.txt flag 302 data 41378
[   16.1905] open fd = 256
[   16.2077] open name host:/livepad.bin flag 1 data 41378
[   16.2090] open fd = -5
[   16.2122] open name host:/log.txt flag 302 data 41378
[   16.2140] open fd = 256
[   16.2312] open name host:/livepad.bin flag 1 data 41378
[   16.2326] open fd = -5
[   16.2329] open name host:/livedbg.cmd flag 1 data 41378
[   16.2340] open fd = -5
[   16.2517] open name host:/livepad.bin flag 1 data 41378
[   16.2531] open fd = -5
[   16.2721] open name host:/livepad.bin flag 1 data 41378
[   16.2737] open fd = -5
[   16.2919] open name host:/livepad.bin flag 1 data 41378
[   16.2933] open fd = -5
[   16.3120] open name host:/livepad.bin flag 1 data 41378
[   16.3135] open fd = -5
[   16.3310] open name host:/livepad.bin flag 1 data 41378
[   16.3324] open fd = -5
[   16.3492] open name host:/livepad.bin flag 1 data 41378
[   16.3506] open fd = -5
[   16.3510] open name host:/livedbg.cmd flag 1 data 41378
[   16.3521] open fd = -5
[   16.3680] open name host:/livepad.bin flag 1 data 41378
[   16.3695] open fd = -5
[   16.3858] open name host:/livepad.bin flag 1 data 41378
[   16.3872] open fd = -5
[   16.4038] open name host:/livepad.bin flag 1 data 41378
[   16.4050] open fd = -5
[   16.4062] open name host:/log.txt flag 302 data 41378
[   16.4078] open fd = 256
[   16.4263] open name host:/livepad.bin flag 1 data 41378
[   16.4275] open fd = -5
[   16.4444] open name host:/livepad.bin flag 1 data 41378
[   16.4457] open fd = -5
[   16.4625] open name host:/livepad.bin flag 1 data 41378
[   16.4638] open fd = -5
[   16.4642] open name host:/livedbg.cmd flag 1 data 41378
[   16.4653] open fd = -5
[   16.4831] open name host:/livepad.bin flag 1 data 41378
[   16.4843] open fd = -5
[   16.5015] open name host:/livepad.bin flag 1 data 41378
[   16.5027] open fd = -5
[   16.5194] open name host:/livepad.bin flag 1 data 41378
[   16.5208] open fd = -5
[   16.5380] open name host:/livepad.bin flag 1 data 41378
[   16.5393] open fd = -5
[   16.5562] open name host:/livepad.bin flag 1 data 41378
[   16.5574] open fd = -5
[   16.5753] open name host:/livepad.bin flag 1 data 41378
[   16.5766] open fd = -5
[   16.5769] open name host:/livedbg.cmd flag 1 data 41378
[   16.5780] open fd = -5
[   16.5786] open name host:/log.txt flag 302 data 41378
[   16.5806] open fd = 256
[   16.5977] open name host:/livepad.bin flag 1 data 41378
[   16.5988] open fd = -5
[   16.6152] open name host:/livepad.bin flag 1 data 41378
[   16.6165] open fd = -5
[   16.6330] open name host:/livepad.bin flag 1 data 41378
[   16.6343] open fd = -5
[   16.6508] open name host:/livepad.bin flag 1 data 41378
[   16.6519] open fd = -5
[   16.6685] open name host:/livepad.bin flag 1 data 41378
[   16.6700] open fd = -5
[   16.6870] open name host:/livepad.bin flag 1 data 41378
[   16.6884] open fd = -5
[   16.6886] open name host:/livedbg.cmd flag 1 data 41378
[   16.6897] open fd = -5
[   16.7064] open name host:/livepad.bin flag 1 data 41378
[   16.7076] open fd = -5
[   16.7235] open name host:/livepad.bin flag 1 data 41378
[   16.7248] open fd = -5
[   16.7435] open name host:/livepad.bin flag 1 data 41378
[   16.7447] open fd = -5
[   16.7610] open name host:/livepad.bin flag 1 data 41378
[   16.7622] open fd = -5
[   16.7789] open name host:/livepad.bin flag 1 data 41378
[   16.7802] open fd = -5
[   16.7980] open name host:/livepad.bin flag 1 data 41378
[   16.7992] open fd = -5
[   16.7995] open name host:/livedbg.cmd flag 1 data 41378
[   16.8006] open fd = -5
[   16.8183] open name host:/livepad.bin flag 1 data 41378
[   16.8196] open fd = -5
[   16.8374] open name host:/livepad.bin flag 1 data 41378
[   16.8386] open fd = -5
[   16.8562] open name host:/livepad.bin flag 1 data 41378
[   16.8575] open fd = -5
[   16.8752] open name host:/livepad.bin flag 1 data 41378
[   16.8765] open fd = -5
[   16.8947] open name host:/livepad.bin flag 1 data 41378
[   16.8962] open fd = -5
[   16.9128] open name host:/livepad.bin flag 1 data 41378
[   16.9141] open fd = -5
[   16.9144] open name host:/livedbg.cmd flag 1 data 41378
[   16.9156] open fd = -5
[   16.9332] open name host:/livepad.bin flag 1 data 41378
[   16.9345] open fd = -5
[   16.9537] open name host:/livepad.bin flag 1 data 41378
[   16.9551] open fd = -5
[   16.9728] open name host:/livepad.bin flag 1 data 41378
[   16.9743] open fd = -5
[   16.9914] open name host:/livepad.bin flag 1 data 41378
[   16.9927] open fd = -5
[   17.0092] open name host:/livepad.bin flag 1 data 41378
[   17.0106] open fd = -5
[   17.0272] open name host:/livepad.bin flag 1 data 41378
[   17.0283] open fd = -5
[   17.0287] open name host:/livedbg.cmd flag 1 data 41378
[   17.0297] open fd = -5
[   17.0465] open name host:/livepad.bin flag 1 data 41378
[   17.0478] open fd = -5
[   17.0487] open name host:/log.txt flag 302 data 41378
[   17.0504] open fd = 256
[   17.0692] open name host:/livepad.bin flag 1 data 41378
[   17.0708] open fd = -5
[   17.0874] open name host:/livepad.bin flag 1 data 41378
[   17.0886] open fd = -5
[   17.1049] open name host:/livepad.bin flag 1 data 41378
[   17.1063] open fd = -5
[   17.1235] open name host:/livepad.bin flag 1 data 41378
[   17.1249] open fd = -5
[   17.1442] open name host:/livepad.bin flag 1 data 41378
[   17.1454] open fd = -5
[   17.1457] open name host:/livedbg.cmd flag 1 data 41378
[   17.1470] open fd = -5
[   17.1637] open name host:/livepad.bin flag 1 data 41378
[   17.1648] open fd = -5
[   17.1674] open name host:/log.txt flag 302 data 41378
[   17.1689] open fd = 256
[   17.1847] open name host:/livepad.bin flag 1 data 41378
[   17.1860] open fd = -5
[   17.2032] open name host:/livepad.bin flag 1 data 41378
[   17.2046] open fd = -5
[   17.2215] open name host:/livepad.bin flag 1 data 41378
[   17.2227] open fd = -5
[   17.2391] open name host:/livepad.bin flag 1 data 41378
[   17.2404] open fd = -5
[   17.2574] open name host:/livepad.bin flag 1 data 41378
[   17.2586] open fd = -5
[   17.2588] open name host:/livedbg.cmd flag 1 data 41378
[   17.2600] open fd = -5
[   17.2778] open name host:/livepad.bin flag 1 data 41378
[   17.2789] open fd = -5
[   17.2952] open name host:/livepad.bin flag 1 data 41378
[   17.2963] open fd = -5
[   17.3128] open name host:/livepad.bin flag 1 data 41378
[   17.3140] open fd = -5
[   17.3303] open name host:/livepad.bin flag 1 data 41378
[   17.3314] open fd = -5
[   17.3475] open name host:/livepad.bin flag 1 data 41378
[   17.3489] open fd = -5
[   17.3657] open name host:/livepad.bin flag 1 data 41378
[   17.3669] open fd = -5
[   17.3672] open name host:/livedbg.cmd flag 1 data 41378
[   17.3683] open fd = -5
[   17.3844] open name host:/livepad.bin flag 1 data 41378
[   17.3857] open fd = -5
[   17.4020] open name host:/livepad.bin flag 1 data 41378
[   17.4033] open fd = -5
[   17.4207] open name host:/livepad.bin flag 1 data 41378
[   17.4219] open fd = -5
[   17.4408] open name host:/livepad.bin flag 1 data 41378
[   17.4419] open fd = -5
[   17.4581] FRAMEARENA frames=480 peak=1037904 resets=2 fallbacks=0 maxFrameBytes=2731360 maxBorrowed=2120800 freeKiB=10471
[   17.4583] NATIVEVIF frames=480 batches=482
[   17.4584] ORDEREDFRAME frames=480 splitFrames=1
[   17.4586] FRAMEPIPELINE starts=480 dmaBusyStarts=146
[   17.4588] open name host:/livepad.bin flag 1 data 41378
[   17.4599] open fd = -5
[   17.4773] open name host:/livepad.bin flag 1 data 41378
[   17.4784] open fd = -5
[   17.4786] open name host:/livedbg.cmd flag 1 data 41378
[   17.4797] open fd = -5
[   17.4972] open name host:/livepad.bin flag 1 data 41378
[   17.4983] open fd = -5
[   17.5148] open name host:/livepad.bin flag 1 data 41378
[   17.5159] open fd = -5
[   17.5166] open name host:/log.txt flag 302 data 41378
[   17.5181] open fd = 256
[   17.5376] open name host:/livepad.bin flag 1 data 41378
[   17.5388] open fd = -5
[   17.5550] open name host:/livepad.bin flag 1 data 41378
[   17.5561] open fd = -5
[   17.5687] open name host:/livepad.bin flag 1 data 41378
[   17.5697] open fd = -5
[   17.5819] open name host:/livepad.bin flag 1 data 41378
[   17.5829] open fd = -5
[   17.5831] open name host:/livedbg.cmd flag 1 data 41378
[   17.5841] open fd = -5
[   17.5970] open name host:/livepad.bin flag 1 data 41378
[   17.5981] open fd = -5
[   17.6258] microVU1: Cached Prog = [012] [PC=3fd0] [List=01] (Cache=3.623%) [2.2mb]
[   17.6272] open name host:/vehicles/veh-ravager000001-shadow.png flag 1 data 41378
[   17.6295] open fd = 256
[   17.6305] open name host:/vehicles/veh-ravager000001-shadow.png flag 1 data 41378
[   17.6325] open fd = 256
[   17.6492] open name host:/sky/scene1.png flag 1 data 41378
[   17.6515] open fd = 256
[   17.6523] open name host:/sky/scene1.png flag 1 data 41378
[   17.6542] open fd = 256
[   18.0082] open name host:/vehicles/fx-skid.png flag 1 data 41378
[   18.0106] open fd = 256
[   18.0115] open name host:/vehicles/fx-skid.png flag 1 data 41378
[   18.0136] open fd = 256
[   18.0280] open name host:/vehicles/fx-smoke.png flag 1 data 41378
[   18.0306] open fd = 256
[   18.0314] open name host:/vehicles/fx-smoke.png flag 1 data 41378
[   18.0333] open fd = 256
[   18.0373] open name host:/log.txt flag 302 data 41378
[   18.0389] open fd = 256
[   18.0404] open name host:/vehicles/veh-ravager000001-wheel.tmdl flag 1 data 41378
[   18.0428] open fd = 256
[   18.0506] open name host:/vehicles/veh-ravager000001-wheelfast.tmdl flag 1 data 41378
[   18.0528] open fd = 256
[   18.0685] open name host:/log.txt flag 302 data 41378
[   18.0709] open fd = 256
[   18.0728] open name host:/log.txt flag 302 data 41378
[   18.0744] open fd = 256
[   18.0758] open name host:/log.txt flag 302 data 41378
[   18.0772] open fd = 256
[   18.1919] open name host:/log.txt flag 302 data 41378
[   18.1936] open fd = 256
[   18.2076] open name host:/log.txt flag 302 data 41378
[   18.2094] open fd = 256
[   18.2111] open name host:/log.txt flag 302 data 41378
[   18.2129] open fd = 256
[   18.2157] open name host:/log.txt flag 302 data 41378
[   18.2174] open fd = 256
[   18.2194] open name host:/log.txt flag 302 data 41378
[   18.2211] open fd = 256
[   18.2309] open name host:/log.txt flag 302 data 41378
[   18.2327] open fd = 256
[   18.2344] open name host:/log.txt flag 302 data 41378
[   18.2359] open fd = 256
[   18.2378] open name host:/log.txt flag 302 data 41378
[   18.2394] open fd = 256
[   18.2414] open name host:/log.txt flag 302 data 41378
[   18.2429] open fd = 256
[   18.2445] open name host:/log.txt flag 302 data 41378
[   18.2460] open fd = 256
[   18.2476] open name host:/log.txt flag 302 data 41378
[   18.2493] open fd = 256
[   18.2510] open name host:/log.txt flag 302 data 41378
[   18.2526] open fd = 256
[   18.2542] open name host:/log.txt flag 302 data 41378
[   18.2556] open fd = 256
[   18.2572] open name host:/log.txt flag 302 data 41378
[   18.2587] open fd = 256
[   18.2675] open name host:/log.txt flag 302 data 41378
[   18.2693] open fd = 256
[   18.2714] open name host:/log.txt flag 302 data 41378
[   18.2733] open fd = 256
[   18.2752] open name host:/log.txt flag 302 data 41378
[   18.2767] open fd = 256
[   18.2783] open name host:/log.txt flag 302 data 41378
[   18.2798] open fd = 256
[   18.2814] open name host:/log.txt flag 302 data 41378
[   18.2829] open fd = 256
[   18.2845] open name host:/log.txt flag 302 data 41378
[   18.2860] open fd = 256
[   18.2877] open name host:/log.txt flag 302 data 41378
[   18.2892] open fd = 256
[   18.2908] open name host:/log.txt flag 302 data 41378
[   18.2927] open fd = 256
[   18.2943] open name host:/log.txt flag 302 data 41378
[   18.2960] open fd = 256
[   18.2977] open name host:/log.txt flag 302 data 41378
[   18.2994] open fd = 256
[   18.3011] open name host:/log.txt flag 302 data 41378
[   18.3026] open fd = 256
[   18.3042] open name host:/log.txt flag 302 data 41378
[   18.3056] open fd = 256
[   18.3071] open name host:/log.txt flag 302 data 41378
[   18.3085] open fd = 256
[   18.3183] open name host:/log.txt flag 302 data 41378
[   18.3201] open fd = 256
[   18.3349] open name host:/livepad.bin flag 1 data 41378
[   18.3362] open fd = -5
[   18.3366] open name host:/log.txt flag 302 data 41378
[   18.3382] open fd = 256
[   18.3519] open name host:/livepad.bin flag 1 data 41378
[   18.3531] open fd = -5
[   18.3664] open name host:/livepad.bin flag 1 data 41378
[   18.3675] open fd = -5
[   18.3798] open name host:/livepad.bin flag 1 data 41378
[   18.3809] open fd = -5
[   18.3933] open name host:/livepad.bin flag 1 data 41378
[   18.3945] open fd = -5
[   18.3946] open name host:/livedbg.cmd flag 1 data 41378
[   18.3955] open fd = -5
[   18.4081] open name host:/livepad.bin flag 1 data 41378
[   18.4091] open fd = -5
[   18.4242] open name host:/livepad.bin flag 1 data 41378
[   18.4255] open fd = -5
[   18.4410] open name host:/livepad.bin flag 1 data 41378
[   18.4423] open fd = -5
[   18.4577] open name host:/livepad.bin flag 1 data 41378
[   18.4587] open fd = -5
[   18.4745] open name host:/livepad.bin flag 1 data 41378
[   18.4756] open fd = -5
[   18.4917] open name host:/livepad.bin flag 1 data 41378
[   18.4928] open fd = -5
[   18.4929] open name host:/livedbg.cmd flag 1 data 41378
[   18.4938] open fd = -5
[   18.5078] open name host:/livepad.bin flag 1 data 41378
[   18.5089] open fd = -5
[   18.5245] open name host:/livepad.bin flag 1 data 41378
[   18.5256] open fd = -5
[   18.5409] open name host:/livepad.bin flag 1 data 41378
[   18.5419] open fd = -5
[   18.5573] open name host:/livepad.bin flag 1 data 41378
[   18.5585] open fd = -5
[   18.5744] open name host:/livepad.bin flag 1 data 41378
[   18.5758] open fd = -5
[   18.5912] open name host:/livepad.bin flag 1 data 41378
[   18.5923] open fd = -5
[   18.5924] open name host:/livedbg.cmd flag 1 data 41378
[   18.5934] open fd = -5
[   18.6081] open name host:/livepad.bin flag 1 data 41378
[   18.6093] open fd = -5
[   18.6247] open name host:/livepad.bin flag 1 data 41378
[   18.6259] open fd = -5
[   18.6406] open name host:/livepad.bin flag 1 data 41378
[   18.6419] open fd = -5
[   18.6585] open name host:/livepad.bin flag 1 data 41378
[   18.6595] open fd = -5
[   18.6743] open name host:/livepad.bin flag 1 data 41378
[   18.6754] open fd = -5
[   18.6910] open name host:/livepad.bin flag 1 data 41378
[   18.6925] open fd = -5
[   18.6926] open name host:/livedbg.cmd flag 1 data 41378
[   18.6940] open fd = -5
[   18.7088] open name host:/livepad.bin flag 1 data 41378
[   18.7103] open fd = -5
[   18.7244] open name host:/livepad.bin flag 1 data 41378
[   18.7255] open fd = -5
[   18.7410] open name host:/livepad.bin flag 1 data 41378
[   18.7420] open fd = -5
[   18.7588] open name host:/livepad.bin flag 1 data 41378
[   18.7600] open fd = -5
[   18.7746] open name host:/livepad.bin flag 1 data 41378
[   18.7757] open fd = -5
[   18.7913] open name host:/livepad.bin flag 1 data 41378
[   18.7926] open fd = -5
[   18.7927] open name host:/livedbg.cmd flag 1 data 41378
[   18.7937] open fd = -5
[   18.8078] open name host:/livepad.bin flag 1 data 41378
[   18.8090] open fd = -5
[   18.8252] open name host:/livepad.bin flag 1 data 41378
[   18.8263] open fd = -5
[   18.8412] open name host:/livepad.bin flag 1 data 41378
[   18.8425] open fd = -5
[   18.8578] open name host:/livepad.bin flag 1 data 41378
[   18.8589] open fd = -5
[   18.8750] open name host:/livepad.bin flag 1 data 41378
[   18.8763] open fd = -5
[   18.8913] open name host:/livepad.bin flag 1 data 41378
[   18.8923] open fd = -5
[   18.8923] open name host:/livedbg.cmd flag 1 data 41378
[   18.8933] open fd = -5
[   18.9081] open name host:/livepad.bin flag 1 data 41378
[   18.9091] open fd = -5
[   18.9252] open name host:/livepad.bin flag 1 data 41378
[   18.9263] open fd = -5
[   18.9271] open name host:/log.txt flag 302 data 41378
[   18.9286] open fd = 256
[   18.9452] open name host:/log.txt flag 302 data 41378
[   18.9470] open fd = 256
[   18.9487] open name host:/log.txt flag 302 data 41378
[   18.9503] open fd = 256
[   18.9521] open name host:/log.txt flag 302 data 41378
[   18.9536] open fd = 256
[   18.9647] open name host:/log.txt flag 302 data 41378
[   18.9664] open fd = 256
[   18.9681] open name host:/log.txt flag 302 data 41378
[   18.9697] open fd = 256
[   19.0752] open name host:/log.txt flag 302 data 41378
[   19.0770] open fd = 256
[   19.1737] open name host:/log.txt flag 302 data 41378
[   19.1756] open fd = 256
[   19.1803] open name host:/livepad.bin flag 1 data 41378
[   19.1816] open fd = -5
[   19.1944] open name host:/log.txt flag 302 data 41378
[   19.1961] open fd = 256
[   19.1979] open name host:/log.txt flag 302 data 41378
[   19.1996] open fd = 256
[   19.2123] open name host:/livepad.bin flag 1 data 41378
[   19.2134] open fd = -5
[   19.2151] open name host:/log.txt flag 302 data 41378
[   19.2166] open fd = 256
[   19.2187] open name host:/log.txt flag 302 data 41378
[   19.2204] open fd = 256
[   19.2379] open name host:/livepad.bin flag 1 data 41378
[   19.2390] open fd = -5
[   19.2405] open name host:/log.txt flag 302 data 41378
[   19.2423] open fd = 256
[   19.2439] open name host:/log.txt flag 302 data 41378
[   19.2455] open fd = 256
[   19.2625] open name host:/livepad.bin flag 1 data 41378
[   19.2637] open fd = -5
[   19.2640] open name host:/livedbg.cmd flag 1 data 41378
[   19.2651] open fd = -5
[   19.2670] open name host:/log.txt flag 302 data 41378
[   19.2686] open fd = 256
[   19.2705] open name host:/log.txt flag 302 data 41378
[   19.2721] open fd = 256
[   19.2887] open name host:/livepad.bin flag 1 data 41378
[   19.2902] open fd = -5
[   19.2917] open name host:/log.txt flag 302 data 41378
[   19.2935] open fd = 256
[   19.2955] open name host:/log.txt flag 302 data 41378
[   19.2971] open fd = 256
[   19.3136] open name host:/livepad.bin flag 1 data 41378
[   19.3149] open fd = -5
[   19.3163] open name host:/log.txt flag 302 data 41378
[   19.3179] open fd = 256
[   19.3193] open name host:/log.txt flag 302 data 41378
[   19.3211] open fd = 256
[   19.3369] open name host:/livepad.bin flag 1 data 41378
[   19.3381] open fd = -5
[   19.3395] open name host:/log.txt flag 302 data 41378
[   19.3413] open fd = 256
[   19.3429] open name host:/log.txt flag 302 data 41378
[   19.3444] open fd = 256
[   19.3596] open name host:/livepad.bin flag 1 data 41378
[   19.3609] open fd = -5
[   19.3625] open name host:/log.txt flag 302 data 41378
[   19.3640] open fd = 256
[   19.3656] open name host:/log.txt flag 302 data 41378
[   19.3670] open fd = 256
[   19.3834] open name host:/livepad.bin flag 1 data 41378
[   19.3849] open fd = -5
[   19.3864] open name host:/log.txt flag 302 data 41378
[   19.3878] open fd = 256
[   19.3896] open name host:/log.txt flag 302 data 41378
[   19.3913] open fd = 256
[   19.4074] open name host:/livepad.bin flag 1 data 41378
[   19.4086] open fd = -5
[   19.4090] open name host:/livedbg.cmd flag 1 data 41378
[   19.4100] open fd = -5
[   19.4113] open name host:/log.txt flag 302 data 41378
[   19.4129] open fd = 256
[   19.4295] open name host:/livepad.bin flag 1 data 41378
[   19.4308] open fd = -5
[   19.4466] open name host:/livepad.bin flag 1 data 41378
[   19.4479] open fd = -5
[   19.4635] open name host:/livepad.bin flag 1 data 41378
[   19.4646] open fd = -5
[   19.4815] open name host:/livepad.bin flag 1 data 41378
[   19.4828] open fd = -5
[   19.4980] open name host:/livepad.bin flag 1 data 41378
[   19.4991] open fd = -5
[   19.5148] open name host:/livepad.bin flag 1 data 41378
[   19.5158] open fd = -5
[   19.5161] open name host:/livedbg.cmd flag 1 data 41378
[   19.5172] open fd = -5
[   19.5325] open name host:/livepad.bin flag 1 data 41378
[   19.5336] open fd = -5
[   19.5491] open name host:/livepad.bin flag 1 data 41378
[   19.5502] open fd = -5
[   19.5661] open name host:/livepad.bin flag 1 data 41378
[   19.5672] open fd = -5
[   19.5828] open name host:/livepad.bin flag 1 data 41378
[   19.5854] open fd = -5
[   19.6012] open name host:/livepad.bin flag 1 data 41378
[   19.6027] open fd = -5
[   19.6209] open name host:/livepad.bin flag 1 data 41378
[   19.6220] open fd = -5
[   19.6222] open name host:/livedbg.cmd flag 1 data 41378
[   19.6232] open fd = -5
[   19.6244] open name host:/log.txt flag 302 data 41378
[   19.6261] open fd = 256
[   19.6424] open name host:/livepad.bin flag 1 data 41378
[   19.6436] open fd = -5
[   19.6590] open name host:/livepad.bin flag 1 data 41378
[   19.6603] open fd = -5
[   19.6760] open name host:/livepad.bin flag 1 data 41378
[   19.6772] open fd = -5
[   19.6933] open name host:/livepad.bin flag 1 data 41378
[   19.6945] open fd = -5
[   19.7103] open name host:/livepad.bin flag 1 data 41378
[   19.7116] open fd = -5
[   19.7277] open name host:/livepad.bin flag 1 data 41378
[   19.7288] open fd = -5
[   19.7291] open name host:/livedbg.cmd flag 1 data 41378
[   19.7305] open fd = -5
[   19.7463] open name host:/livepad.bin flag 1 data 41378
[   19.7475] open fd = -5
[   19.7642] open name host:/livepad.bin flag 1 data 41378
[   19.7656] open fd = -5
[   19.7683] open name host:/log.txt flag 302 data 41378
[   19.7698] open fd = 256
[   19.7854] open name host:/livepad.bin flag 1 data 41378
[   19.7865] open fd = -5
[   19.8031] open name host:/livepad.bin flag 1 data 41378
[   19.8042] open fd = -5
[   19.8201] open name host:/livepad.bin flag 1 data 41378
[   19.8214] open fd = -5
[   19.8380] open name host:/livepad.bin flag 1 data 41378
[   19.8390] open fd = -5
[   19.8393] open name host:/livedbg.cmd flag 1 data 41378
[   19.8404] open fd = -5
[   19.8562] open name host:/livepad.bin flag 1 data 41378
[   19.8576] open fd = -5
[   19.8736] open name host:/livepad.bin flag 1 data 41378
[   19.8749] open fd = -5
[   19.8908] open name host:/livepad.bin flag 1 data 41378
[   19.8919] open fd = -5
[   19.9078] open name host:/livepad.bin flag 1 data 41378
[   19.9088] open fd = -5
[   19.9252] open name host:/livepad.bin flag 1 data 41378
[   19.9267] open fd = -5
[   19.9426] open name host:/livepad.bin flag 1 data 41378
[   19.9437] open fd = -5
[   19.9440] open name host:/livedbg.cmd flag 1 data 41378
[   19.9450] open fd = -5
[   19.9602] open name host:/livepad.bin flag 1 data 41378
[   19.9616] open fd = -5
[   19.9775] open name host:/livepad.bin flag 1 data 41378
[   19.9786] open fd = -5
[   19.9944] open name host:/livepad.bin flag 1 data 41378
[   19.9959] open fd = -5
[   20.0112] open name host:/livepad.bin flag 1 data 41378
[   20.0124] open fd = -5
[   20.0302] open name host:/livepad.bin flag 1 data 41378
[   20.0313] open fd = -5
[   20.0477] open name host:/livepad.bin flag 1 data 41378
[   20.0489] open fd = -5
[   20.0491] open name host:/livedbg.cmd flag 1 data 41378
[   20.0502] open fd = -5
[   20.0657] open name host:/livepad.bin flag 1 data 41378
[   20.0669] open fd = -5
[   20.0679] open name host:/log.txt flag 302 data 41378
[   20.0694] open fd = 256
[   20.0855] open name host:/livepad.bin flag 1 data 41378
[   20.0867] open fd = -5
[   20.1032] open name host:/livepad.bin flag 1 data 41378
[   20.1045] open fd = -5
[   20.1064] open name host:/log.txt flag 302 data 41378
[   20.1080] open fd = 256
[   20.1245] FRAMEARENA frames=600 peak=1037904 resets=3 fallbacks=0 maxFrameBytes=2731360 maxBorrowed=2120800 freeKiB=10347
[   20.1246] NATIVEVIF frames=600 batches=603
[   20.1248] ORDEREDFRAME frames=600 splitFrames=2
[   20.1250] FRAMEPIPELINE starts=600 dmaBusyStarts=147
[   20.1253] open name host:/livepad.bin flag 1 data 41378
[   20.1266] open fd = -5
[   20.1425] open name host:/livepad.bin flag 1 data 41378
[   20.1437] open fd = -5
[   20.1610] open name host:/livepad.bin flag 1 data 41378
[   20.1623] open fd = -5
[   20.1627] open name host:/livedbg.cmd flag 1 data 41378
[   20.1637] open fd = -5
[   20.1797] open name host:/livepad.bin flag 1 data 41378
[   20.1811] open fd = -5
[   20.1966] open name host:/livepad.bin flag 1 data 41378
[   20.1979] open fd = -5
[   20.2152] open name host:/livepad.bin flag 1 data 41378
[   20.2165] open fd = -5
[   20.2329] open name host:/livepad.bin flag 1 data 41378
[   20.2342] open fd = -5
[   20.2498] open name host:/livepad.bin flag 1 data 41378
[   20.2511] open fd = -5
[   20.2677] open name host:/livepad.bin flag 1 data 41378
[   20.2689] open fd = -5
[   20.2692] open name host:/livedbg.cmd flag 1 data 41378
[   20.2701] open fd = -5
[   20.2863] open name host:/livepad.bin flag 1 data 41378
[   20.2876] open fd = -5
[   20.3033] open name host:/livepad.bin flag 1 data 41378
[   20.3049] open fd = -5
[   20.3061] open name host:/log.txt flag 302 data 41378
[   20.3078] open fd = 256
[   20.3253] open name host:/livepad.bin flag 1 data 41378
[   20.3266] open fd = -5
[   20.3428] open name host:/livepad.bin flag 1 data 41378
[   20.3441] open fd = -5
[   20.3616] open name host:/livepad.bin flag 1 data 41378
[   20.3629] open fd = -5
[   20.3789] open name host:/livepad.bin flag 1 data 41378
[   20.3805] open fd = -5
[   20.3808] open name host:/livedbg.cmd flag 1 data 41378
[   20.3827] open fd = -5
[   20.4033] open name host:/livepad.bin flag 1 data 41378
[   20.4046] open fd = -5
[   20.4203] open name host:/livepad.bin flag 1 data 41378
[   20.4218] open fd = -5
[   20.4376] open name host:/livepad.bin flag 1 data 41378
[   20.4390] open fd = -5
[   20.4554] open name host:/livepad.bin flag 1 data 41378
[   20.4570] open fd = -5
[   20.4730] open name host:/livepad.bin flag 1 data 41378
[   20.4743] open fd = -5
[   20.4898] open name host:/livepad.bin flag 1 data 41378
[   20.4913] open fd = -5
[   20.4915] open name host:/livedbg.cmd flag 1 data 41378
[   20.4926] open fd = -5
[   20.5102] open name host:/livepad.bin flag 1 data 41378
[   20.5117] open fd = -5
[   20.5274] open name host:/livepad.bin flag 1 data 41378
[   20.5289] open fd = -5
[   20.5301] open name host:/log.txt flag 302 data 41378
[   20.5319] open fd = 256
[   20.5494] open name host:/livepad.bin flag 1 data 41378
[   20.5508] open fd = -5
[   20.5665] open name host:/livepad.bin flag 1 data 41378
[   20.5678] open fd = -5
[   20.5836] open name host:/livepad.bin flag 1 data 41378
[   20.5901] open fd = -5
[   20.6058] open name host:/livepad.bin flag 1 data 41378
[   20.6069] open fd = -5
[   20.6072] open name host:/livedbg.cmd flag 1 data 41378
[   20.6082] open fd = -5
[   20.6237] open name host:/livepad.bin flag 1 data 41378
[   20.6250] open fd = -5
[   20.6413] open name host:/livepad.bin flag 1 data 41378
[   20.6427] open fd = -5
[   20.6589] open name host:/livepad.bin flag 1 data 41378
[   20.6602] open fd = -5
[   20.6770] open name host:/livepad.bin flag 1 data 41378
[   20.6783] open fd = -5
[   20.6811] open name host:/log.txt flag 302 data 41378
[   20.6830] open fd = 256
[   20.6994] open name host:/livepad.bin flag 1 data 41378
[   20.7006] open fd = -5
[   20.7169] open name host:/livepad.bin flag 1 data 41378
[   20.7183] open fd = -5
[   20.7186] open name host:/livedbg.cmd flag 1 data 41378
[   20.7196] open fd = -5
[   20.7353] open name host:/livepad.bin flag 1 data 41378
[   20.7365] open fd = -5
[   20.7547] open name host:/livepad.bin flag 1 data 41378
[   20.7564] open fd = -5
[   20.7720] open name host:/livepad.bin flag 1 data 41378
[   20.7735] open fd = -5
[   20.7895] open name host:/livepad.bin flag 1 data 41378
[   20.7908] open fd = -5
[   20.8068] open name host:/livepad.bin flag 1 data 41378
[   20.8083] open fd = -5
[   20.8240] open name host:/livepad.bin flag 1 data 41378
[   20.8251] open fd = -5
[   20.8254] open name host:/livedbg.cmd flag 1 data 41378
[   20.8264] open fd = -5
[   20.8427] open name host:/livepad.bin flag 1 data 41378
[   20.8440] open fd = -5
[   20.8613] open name host:/livepad.bin flag 1 data 41378
[   20.8626] open fd = -5
[   20.8789] open name host:/livepad.bin flag 1 data 41378
[   20.8802] open fd = -5
[   20.8956] open name host:/livepad.bin flag 1 data 41378
[   20.8968] open fd = -5
[   20.9126] open name host:/livepad.bin flag 1 data 41378
[   20.9137] open fd = -5
[   20.9297] open name host:/livepad.bin flag 1 data 41378
[   20.9309] open fd = -5
[   20.9312] open name host:/livedbg.cmd flag 1 data 41378
[   20.9322] open fd = -5
[   20.9482] open name host:/livepad.bin flag 1 data 41378
[   20.9496] open fd = -5
[   20.9655] open name host:/livepad.bin flag 1 data 41378
[   20.9667] open fd = -5
[   20.9827] open name host:/livepad.bin flag 1 data 41378
[   20.9838] open fd = -5
[   20.9849] open name host:/log.txt flag 302 data 41378
[   20.9864] open fd = 256
[   21.0027] open name host:/livepad.bin flag 1 data 41378
[   21.0041] open fd = -5
[   21.0193] open name host:/livepad.bin flag 1 data 41378
[   21.0205] open fd = -5
[   21.0361] open name host:/livepad.bin flag 1 data 41378
[   21.0375] open fd = -5
[   21.0378] open name host:/livedbg.cmd flag 1 data 41378
[   21.0388] open fd = -5
[   21.0548] open name host:/livepad.bin flag 1 data 41378
[   21.0558] open fd = -5
[   21.0716] open name host:/livepad.bin flag 1 data 41378
[   21.0729] open fd = -5
[   21.0910] open name host:/livepad.bin flag 1 data 41378
[   21.0923] open fd = -5
[   21.1095] open name host:/livepad.bin flag 1 data 41378
[   21.1107] open fd = -5
[   21.1262] open name host:/livepad.bin flag 1 data 41378
[   21.1273] open fd = -5
[   21.1450] open name host:/livepad.bin flag 1 data 41378
[   21.1463] open fd = -5
[   21.1465] open name host:/livedbg.cmd flag 1 data 41378
[   21.1475] open fd = -5
[   21.1632] open name host:/livepad.bin flag 1 data 41378
[   21.1645] open fd = -5
[   21.1804] open name host:/livepad.bin flag 1 data 41378
[   21.1816] open fd = -5
[   21.1973] open name host:/livepad.bin flag 1 data 41378
[   21.1986] open fd = -5
[   21.2142] open name host:/livepad.bin flag 1 data 41378
[   21.2153] open fd = -5
[   21.2322] open name host:/livepad.bin flag 1 data 41378
[   21.2333] open fd = -5
[   21.2490] open name host:/livepad.bin flag 1 data 41378
[   21.2502] open fd = -5
[   21.2504] open name host:/livedbg.cmd flag 1 data 41378
[   21.2514] open fd = -5
[   21.2675] open name host:/livepad.bin flag 1 data 41378
[   21.2689] open fd = -5
[   21.2849] open name host:/livepad.bin flag 1 data 41378
[   21.2861] open fd = -5
[   21.3035] open name host:/livepad.bin flag 1 data 41378
[   21.3046] open fd = -5
[   21.3198] open name host:/livepad.bin flag 1 data 41378
[   21.3209] open fd = -5
[   21.3369] open name host:/livepad.bin flag 1 data 41378
[   21.3381] open fd = -5
[   21.3536] open name host:/livepad.bin flag 1 data 41378
[   21.3549] open fd = -5
[   21.3552] open name host:/livedbg.cmd flag 1 data 41378
[   21.3561] open fd = -5
[   21.3719] open name host:/livepad.bin flag 1 data 41378
[   21.3730] open fd = -5
[   21.3734] open name host:/log.txt flag 302 data 41378
[   21.3749] open fd = 256
[   21.4040] open name host:/livepad.bin flag 1 data 41378
[   21.4051] open fd = -5
[   21.4064] open name host:/log.txt flag 302 data 41378
[   21.4081] open fd = 256
[   21.4260] open name host:/livepad.bin flag 1 data 41378
[   21.4274] open fd = -5
[   21.4285] open name host:/log.txt flag 302 data 41378
[   21.4303] open fd = 256
[   21.4481] open name host:/livepad.bin flag 1 data 41378
[   21.4496] open fd = -5
[   21.4660] open name host:/livepad.bin flag 1 data 41378
[   21.4671] open fd = -5
[   21.4834] open name host:/livepad.bin flag 1 data 41378
[   21.4846] open fd = -5
[   21.4850] open name host:/livedbg.cmd flag 1 data 41378
[   21.4863] open fd = -5
[   21.5025] open name host:/livepad.bin flag 1 data 41378
[   21.5036] open fd = -5
[   21.5209] open name host:/livepad.bin flag 1 data 41378
[   21.5220] open fd = -5
[   21.5391] open name host:/livepad.bin flag 1 data 41378
[   21.5403] open fd = -5
[   21.5564] open name host:/livepad.bin flag 1 data 41378
[   21.5577] open fd = -5
[   21.5750] open name host:/livepad.bin flag 1 data 41378
[   21.5761] open fd = -5
[   21.5930] open name host:/livepad.bin flag 1 data 41378
[   21.5969] open fd = -5
[   21.5972] open name host:/livedbg.cmd flag 1 data 41378
[   21.5981] open fd = -5
[   21.6008] open name host:/log.txt flag 302 data 41378
[   21.6024] open fd = 256
[   21.6185] open name host:/livepad.bin flag 1 data 41378
[   21.6198] open fd = -5
[   21.6373] open name host:/livepad.bin flag 1 data 41378
[   21.6387] open fd = -5
[   21.6557] open name host:/livepad.bin flag 1 data 41378
[   21.6570] open fd = -5
[   21.6736] open name host:/livepad.bin flag 1 data 41378
[   21.6749] open fd = -5
[   21.6925] open name host:/livepad.bin flag 1 data 41378
[   21.6942] open fd = -5
[   21.7119] open name host:/livepad.bin flag 1 data 41378
[   21.7131] open fd = -5
[   21.7134] open name host:/livedbg.cmd flag 1 data 41378
[   21.7145] open fd = -5
[   21.7308] open name host:/livepad.bin flag 1 data 41378
[   21.7325] open fd = -5
[   21.7496] open name host:/livepad.bin flag 1 data 41378
[   21.7508] open fd = -5
[   21.7685] open name host:/livepad.bin flag 1 data 41378
[   21.7698] open fd = -5
[   21.7879] open name host:/livepad.bin flag 1 data 41378
[   21.7894] open fd = -5
[   21.8057] open name host:/livepad.bin flag 1 data 41378
[   21.8071] open fd = -5
[   21.8239] open name host:/livepad.bin flag 1 data 41378
[   21.8252] open fd = -5
[   21.8254] open name host:/livedbg.cmd flag 1 data 41378
[   21.8266] open fd = -5
[   21.8433] open name host:/livepad.bin flag 1 data 41378
[   21.8447] open fd = -5
[   21.8620] open name host:/livepad.bin flag 1 data 41378
[   21.8632] open fd = -5
[   21.8799] open name host:/livepad.bin flag 1 data 41378
[   21.8813] open fd = -5
[   21.8980] open name host:/livepad.bin flag 1 data 41378
[   21.8992] open fd = -5
[   21.9001] open name host:/log.txt flag 302 data 41378
[   21.9018] open fd = 256
[   21.9189] open name host:/livepad.bin flag 1 data 41378
[   21.9201] open fd = -5
[   21.9367] open name host:/livepad.bin flag 1 data 41378
[   21.9380] open fd = -5
[   21.9382] open name host:/livedbg.cmd flag 1 data 41378
[   21.9392] open fd = -5
[   21.9553] open name host:/livepad.bin flag 1 data 41378
[   21.9565] open fd = -5
[   21.9745] open name host:/livepad.bin flag 1 data 41378
[   21.9757] open fd = -5
[   21.9926] open name host:/livepad.bin flag 1 data 41378
[   21.9940] open fd = -5
[   22.0111] open name host:/livepad.bin flag 1 data 41378
[   22.0126] open fd = -5
[   22.0291] open name host:/livepad.bin flag 1 data 41378
[   22.0306] open fd = -5
[   22.0468] open name host:/livepad.bin flag 1 data 41378
[   22.0482] open fd = -5
[   22.0485] open name host:/livedbg.cmd flag 1 data 41378
[   22.0495] open fd = -5
[   22.0664] open name host:/livepad.bin flag 1 data 41378
[   22.0676] open fd = -5
[   22.0841] open name host:/livepad.bin flag 1 data 41378
[   22.0856] open fd = -5
[   22.1024] open name host:/livepad.bin flag 1 data 41378
[   22.1036] open fd = -5
[   22.1204] open name host:/livepad.bin flag 1 data 41378
[   22.1217] open fd = -5
[   22.1386] open name host:/livepad.bin flag 1 data 41378
[   22.1402] open fd = -5
[   22.1571] open name host:/livepad.bin flag 1 data 41378
[   22.1584] open fd = -5
[   22.1588] open name host:/livedbg.cmd flag 1 data 41378
[   22.1599] open fd = -5
[   22.1768] open name host:/livepad.bin flag 1 data 41378
[   22.1780] open fd = -5
[   22.1951] open name host:/livepad.bin flag 1 data 41378
[   22.1963] open fd = -5
[   22.2128] open name host:/livepad.bin flag 1 data 41378
[   22.2143] open fd = -5
[   22.2314] open name host:/livepad.bin flag 1 data 41378
[   22.2327] open fd = -5
[   22.2496] open name host:/livepad.bin flag 1 data 41378
[   22.2509] open fd = -5
[   22.2677] open name host:/livepad.bin flag 1 data 41378
[   22.2689] open fd = -5
[   22.2692] open name host:/livedbg.cmd flag 1 data 41378
[   22.2702] open fd = -5
[   22.2868] open name host:/livepad.bin flag 1 data 41378
[   22.2880] open fd = -5
[   22.3045] open name host:/livepad.bin flag 1 data 41378
[   22.3057] open fd = -5
[   22.3226] open name host:/livepad.bin flag 1 data 41378
[   22.3238] open fd = -5
[   22.3404] FRAMEARENA frames=720 peak=1037904 resets=3 fallbacks=0 maxFrameBytes=2731360 maxBorrowed=2120800 freeKiB=10354
[   22.3406] NATIVEVIF frames=720 batches=723
[   22.3408] ORDEREDFRAME frames=720 splitFrames=2
[   22.3409] FRAMEPIPELINE starts=720 dmaBusyStarts=147
[   22.3413] open name host:/livepad.bin flag 1 data 41378
[   22.3426] open fd = -5
[   22.3587] open name host:/livepad.bin flag 1 data 41378
[   22.3598] open fd = -5
[   22.3609] open name host:/log.txt flag 302 data 41378
[   22.3625] open fd = 256
[   22.3823] open name host:/livepad.bin flag 1 data 41378
[   22.3837] open fd = -5
[   22.3840] open name host:/livedbg.cmd flag 1 data 41378
[   22.3850] open fd = -5
[   22.4021] open name host:/livepad.bin flag 1 data 41378
[   22.4034] open fd = -5
[   22.4202] open name host:/livepad.bin flag 1 data 41378
[   22.4215] open fd = -5
[   22.4381] open name host:/livepad.bin flag 1 data 41378
[   22.4393] open fd = -5
[   22.4558] open name host:/livepad.bin flag 1 data 41378
[   22.4569] open fd = -5
[   22.4734] open name host:/livepad.bin flag 1 data 41378
[   22.4748] open fd = -5
[   22.4913] open name host:/livepad.bin flag 1 data 41378
[   22.4927] open fd = -5
[   22.4930] open name host:/livedbg.cmd flag 1 data 41378
[   22.4940] open fd = -5
[   22.5111] open name host:/livepad.bin flag 1 data 41378
[   22.5122] open fd = -5
[   22.5289] open name host:/livepad.bin flag 1 data 41378
[   22.5302] open fd = -5
[   22.5314] open name host:/log.txt flag 302 data 41378
[   22.5329] open fd = 256
[   22.5367] open name host:/log.txt flag 302 data 41378
[   22.5384] open fd = 256
[   22.5531] open name host:/livepad.bin flag 1 data 41378
[   22.5543] open fd = -5
[   22.5720] open name host:/livepad.bin flag 1 data 41378
[   22.5732] open fd = -5
[   22.5912] open name host:/livepad.bin flag 1 data 41378
[   22.5924] open fd = -5
[   22.6078] open name host:/livepad.bin flag 1 data 41378
[   22.6092] open fd = -5
[   22.6095] open name host:/livedbg.cmd flag 1 data 41378
[   22.6107] open fd = -5
[   22.6281] open name host:/livepad.bin flag 1 data 41378
[   22.6295] open fd = -5
[   22.6455] open name host:/livepad.bin flag 1 data 41378
[   22.6468] open fd = -5
[   22.6632] open name host:/livepad.bin flag 1 data 41378
[   22.6643] open fd = -5
[   22.6804] open name host:/livepad.bin flag 1 data 41378
[   22.6815] open fd = -5
[   22.6988] open name host:/livepad.bin flag 1 data 41378
[   22.7000] open fd = -5
[   22.7164] open name host:/livepad.bin flag 1 data 41378
[   22.7175] open fd = -5
[   22.7177] open name host:/livedbg.cmd flag 1 data 41378
[   22.7187] open fd = -5
[   22.7357] open name host:/livepad.bin flag 1 data 41378
[   22.7369] open fd = -5
[   22.7540] open name host:/livepad.bin flag 1 data 41378
[   22.7552] open fd = -5
[   22.7715] open name host:/livepad.bin flag 1 data 41378
[   22.7730] open fd = -5
[   22.7913] open name host:/livepad.bin flag 1 data 41378
[   22.7925] open fd = -5
[   22.8087] open name host:/livepad.bin flag 1 data 41378
[   22.8098] open fd = -5
[   22.8261] open name host:/livepad.bin flag 1 data 41378
[   22.8272] open fd = -5
[   22.8274] open name host:/livedbg.cmd flag 1 data 41378
[   22.8284] open fd = -5
[   22.8292] open name host:/log.txt flag 302 data 41378
[   22.8308] open fd = 256
[   22.8479] open name host:/livepad.bin flag 1 data 41378
[   22.8491] open fd = -5
[   22.8665] open name host:/livepad.bin flag 1 data 41378
[   22.8676] open fd = -5
[   22.8840] open name host:/livepad.bin flag 1 data 41378
[   22.8853] open fd = -5
[   22.8870] open name host:/log.txt flag 302 data 41378
[   22.8886] open fd = 256
[   22.9043] open name host:/livepad.bin flag 1 data 41378
[   22.9055] open fd = -5
[   22.9225] open name host:/livepad.bin flag 1 data 41378
[   22.9236] open fd = -5
[   22.9408] open name host:/livepad.bin flag 1 data 41378
[   22.9420] open fd = -5
[   22.9423] open name host:/livedbg.cmd flag 1 data 41378
[   22.9432] open fd = -5
[   22.9596] open name host:/livepad.bin flag 1 data 41378
[   22.9610] open fd = -5
[   22.9780] open name host:/livepad.bin flag 1 data 41378
[   22.9793] open fd = -5
[   22.9956] open name host:/livepad.bin flag 1 data 41378
[   22.9969] open fd = -5
[   23.0131] open name host:/livepad.bin flag 1 data 41378
[   23.0145] open fd = -5
[   23.0313] open name host:/livepad.bin flag 1 data 41378
[   23.0324] open fd = -5
[   23.0492] open name host:/livepad.bin flag 1 data 41378
[   23.0508] open fd = -5
[   23.0510] open name host:/livedbg.cmd flag 1 data 41378
[   23.0523] open fd = -5
[   23.0695] open name host:/livepad.bin flag 1 data 41378
[   23.0708] open fd = -5
[   23.0884] open name host:/livepad.bin flag 1 data 41378
[   23.0899] open fd = -5
[   23.1061] open name host:/livepad.bin flag 1 data 41378
[   23.1074] open fd = -5
[   23.1241] open name host:/livepad.bin flag 1 data 41378
[   23.1251] open fd = -5
[   23.1417] open name host:/livepad.bin flag 1 data 41378
[   23.1430] open fd = -5
[   23.1595] open name host:/livepad.bin flag 1 data 41378
[   23.1606] open fd = -5
[   23.1609] open name host:/livedbg.cmd flag 1 data 41378
[   23.1621] open fd = -5
[   23.1780] open name host:/livepad.bin flag 1 data 41378
[   23.1791] open fd = -5
[   23.1951] open name host:/livepad.bin flag 1 data 41378
[   23.1965] open fd = -5
[   23.2129] open name host:/livepad.bin flag 1 data 41378
[   23.2142] open fd = -5
[   23.2304] open name host:/livepad.bin flag 1 data 41378
[   23.2316] open fd = -5
[   23.2479] open name host:/livepad.bin flag 1 data 41378
[   23.2491] open fd = -5
[   23.2659] open name host:/livepad.bin flag 1 data 41378
[   23.2670] open fd = -5
[   23.2673] open name host:/livedbg.cmd flag 1 data 41378
[   23.2682] open fd = -5
[   23.2851] open name host:/livepad.bin flag 1 data 41378
[   23.2863] open fd = -5
[   23.2873] open name host:/log.txt flag 302 data 41378
[   23.2887] open fd = 256
[   23.3054] open name host:/livepad.bin flag 1 data 41378
[   23.3068] open fd = -5
[   23.3236] open name host:/livepad.bin flag 1 data 41378
[   23.3247] open fd = -5
[   23.3416] open name host:/livepad.bin flag 1 data 41378
[   23.3429] open fd = -5
[   23.3589] open name host:/livepad.bin flag 1 data 41378
[   23.3601] open fd = -5
[   23.3766] open name host:/livepad.bin flag 1 data 41378
[   23.3777] open fd = -5
[   23.3779] open name host:/livedbg.cmd flag 1 data 41378
[   23.3789] open fd = -5
[   23.3951] open name host:/livepad.bin flag 1 data 41378
[   23.3963] open fd = -5
[   23.4124] open name host:/livepad.bin flag 1 data 41378
[   23.4136] open fd = -5
[   23.4298] open name host:/livepad.bin flag 1 data 41378
[   23.4313] open fd = -5
[   23.4483] open name host:/livepad.bin flag 1 data 41378
[   23.4495] open fd = -5
[   23.4527] open name host:/log.txt flag 302 data 41378
[   23.4542] open fd = 256
[   23.4700] open name host:/livepad.bin flag 1 data 41378
[   23.4713] open fd = -5
[   23.4878] open name host:/livepad.bin flag 1 data 41378
[   23.4889] open fd = -5
[   23.4891] open name host:/livedbg.cmd flag 1 data 41378
[   23.4903] open fd = -5
[   23.5073] open name host:/livepad.bin flag 1 data 41378
[   23.5083] open fd = -5
[   23.5244] open name host:/livepad.bin flag 1 data 41378
[   23.5257] open fd = -5
[   23.5424] open name host:/livepad.bin flag 1 data 41378
[   23.5442] open fd = -5
[   23.5600] open name host:/livepad.bin flag 1 data 41378
[   23.5612] open fd = -5
[   23.5782] open name host:/livepad.bin flag 1 data 41378
[   23.5795] open fd = -5
[   23.5957] open name host:/livepad.bin flag 1 data 41378
[   23.5970] open fd = -5
[   23.5974] open name host:/livedbg.cmd flag 1 data 41378
[   23.5984] open fd = -5
[   23.6150] open name host:/livepad.bin flag 1 data 41378
[   23.6164] open fd = -5
[   23.6328] open name host:/livepad.bin flag 1 data 41378
[   23.6340] open fd = -5
[   23.6349] open name host:/log.txt flag 302 data 41378
[   23.6368] open fd = 256
[   23.6538] open name host:/livepad.bin flag 1 data 41378
[   23.6549] open fd = -5
[   23.6725] open name host:/livepad.bin flag 1 data 41378
[   23.6735] open fd = -5
[   23.6904] open name host:/livepad.bin flag 1 data 41378
[   23.6916] open fd = -5
[   23.7087] open name host:/livepad.bin flag 1 data 41378
[   23.7097] open fd = -5
[   23.7101] open name host:/livedbg.cmd flag 1 data 41378
[   23.7112] open fd = -5
[   23.7273] open name host:/livepad.bin flag 1 data 41378
[   23.7284] open fd = -5
[   23.7448] open name host:/livepad.bin flag 1 data 41378
[   23.7462] open fd = -5
[   23.7470] open name host:/log.txt flag 302 data 41378
[   23.7486] open fd = 256
[   23.7668] open name host:/livepad.bin flag 1 data 41378
[   23.7682] open fd = -5
[   23.7845] open name host:/livepad.bin flag 1 data 41378
[   23.7859] open fd = -5
[   23.8027] open name host:/livepad.bin flag 1 data 41378
[   23.8041] open fd = -5
[   23.8215] open name host:/livepad.bin flag 1 data 41378
[   23.8227] open fd = -5
[   23.8228] open name host:/livedbg.cmd flag 1 data 41378
[   23.8238] open fd = -5
[   23.8390] open name host:/livepad.bin flag 1 data 41378
[   23.8403] open fd = -5
[   23.8583] open name host:/livepad.bin flag 1 data 41378
[   23.8594] open fd = -5
[   23.8762] open name host:/livepad.bin flag 1 data 41378
[   23.8773] open fd = -5
[   23.8949] open name host:/livepad.bin flag 1 data 41378
[   23.8961] open fd = -5
[   23.9127] open name host:/livepad.bin flag 1 data 41378
[   23.9138] open fd = -5
[   23.9303] open name host:/livepad.bin flag 1 data 41378
[   23.9314] open fd = -5
[   23.9317] open name host:/livedbg.cmd flag 1 data 41378
[   23.9327] open fd = -5
[   23.9511] open name host:/livepad.bin flag 1 data 41378
[   23.9525] open fd = -5
[   23.9696] open name host:/livepad.bin flag 1 data 41378
[   23.9710] open fd = -5
[   23.9875] open name host:/livepad.bin flag 1 data 41378
[   23.9888] open fd = -5
[   24.0057] open name host:/livepad.bin flag 1 data 41378
[   24.0070] open fd = -5
[   24.0240] open name host:/livepad.bin flag 1 data 41378
[   24.0252] open fd = -5
[   24.0414] open name host:/livepad.bin flag 1 data 41378
[   24.0425] open fd = -5
[   24.0428] open name host:/livedbg.cmd flag 1 data 41378
[   24.0441] open fd = -5
[   24.0600] open name host:/livepad.bin flag 1 data 41378
[   24.0612] open fd = -5
[   24.0784] open name host:/livepad.bin flag 1 data 41378
[   24.0795] open fd = -5
[   24.0960] open name host:/livepad.bin flag 1 data 41378
[   24.0970] open fd = -5
[   24.1129] open name host:/livepad.bin flag 1 data 41378
[   24.1142] open fd = -5
[   24.1305] open name host:/livepad.bin flag 1 data 41378
[   24.1318] open fd = -5
[   24.1485] open name host:/livepad.bin flag 1 data 41378
[   24.1496] open fd = -5
[   24.1500] open name host:/livedbg.cmd flag 1 data 41378
[   24.1511] open fd = -5
[   24.1683] open name host:/livepad.bin flag 1 data 41378
[   24.1695] open fd = -5
[   24.1871] open name host:/livepad.bin flag 1 data 41378
[   24.1882] open fd = -5
[   24.2041] open name host:/livepad.bin flag 1 data 41378
[   24.2054] open fd = -5
[   24.2061] open name host:/log.txt flag 302 data 41378
[   24.2078] open fd = 256
[   24.2251] open name host:/livepad.bin flag 1 data 41378
[   24.2262] open fd = -5
[   24.2426] open name host:/livepad.bin flag 1 data 41378
[   24.2438] open fd = -5
[   24.2608] open name host:/livepad.bin flag 1 data 41378
[   24.2620] open fd = -5
[   24.2623] open name host:/livedbg.cmd flag 1 data 41378
[   24.2634] open fd = -5
[   24.2803] open name host:/livepad.bin flag 1 data 41378
[   24.2817] open fd = -5
[   24.3003] open name host:/livepad.bin flag 1 data 41378
[   24.3016] open fd = -5
[   24.3183] open name host:/livepad.bin flag 1 data 41378
[   24.3195] open fd = -5
[   24.3362] open name host:/livepad.bin flag 1 data 41378
[   24.3374] open fd = -5
[   24.3542] open name host:/livepad.bin flag 1 data 41378
[   24.3554] open fd = -5
[   24.3723] open name host:/livepad.bin flag 1 data 41378
[   24.3735] open fd = -5
[   24.3737] open name host:/livedbg.cmd flag 1 data 41378
[   24.3748] open fd = -5
[   24.3779] open name host:/log.txt flag 302 data 41378
[   24.3796] open fd = 256
[   24.3961] open name host:/livepad.bin flag 1 data 41378
[   24.3972] open fd = -5
[   24.4133] open name host:/livepad.bin flag 1 data 41378
[   24.4147] open fd = -5
[   24.4320] open name host:/livepad.bin flag 1 data 41378
[   24.4334] open fd = -5
[   24.4499] open name host:/livepad.bin flag 1 data 41378
[   24.4511] open fd = -5
[   24.4672] open name host:/livepad.bin flag 1 data 41378
[   24.4684] open fd = -5
[   24.4853] open name host:/livepad.bin flag 1 data 41378
[   24.4866] open fd = -5
[   24.4869] open name host:/livedbg.cmd flag 1 data 41378
[   24.4879] open fd = -5
[   24.5048] open name host:/livepad.bin flag 1 data 41378
[   24.5059] open fd = -5
[   24.5240] open name host:/livepad.bin flag 1 data 41378
[   24.5252] open fd = -5
[   24.5414] open name host:/livepad.bin flag 1 data 41378
[   24.5425] open fd = -5
[   24.5588] FRAMEARENA frames=840 peak=1037904 resets=3 fallbacks=0 maxFrameBytes=2731360 maxBorrowed=2120800 freeKiB=12826
[   24.5590] NATIVEVIF frames=840 batches=843
[   24.5592] ORDEREDFRAME frames=840 splitFrames=2
[   24.5595] FRAMEPIPELINE starts=840 dmaBusyStarts=147
[   24.5597] open name host:/livepad.bin flag 1 data 41378
[   24.5609] open fd = -5
[   24.5771] open name host:/livepad.bin flag 1 data 41378
[   24.5781] open fd = -5
[   24.5945] open name host:/livepad.bin flag 1 data 41378
[   24.5959] open fd = -5
[   24.5961] open name host:/livedbg.cmd flag 1 data 41378
[   24.5972] open fd = -5
[   24.6142] open name host:/livepad.bin flag 1 data 41378
[   24.6155] open fd = -5
[   24.6336] open name host:/livepad.bin flag 1 data 41378
[   24.6348] open fd = -5
[   24.6512] open name host:/livepad.bin flag 1 data 41378
[   24.6523] open fd = -5
[   24.6692] open name host:/livepad.bin flag 1 data 41378
[   24.6705] open fd = -5
[   24.6714] open name host:/log.txt flag 302 data 41378
[   24.6735] open fd = 256
[   24.6912] open name host:/livepad.bin flag 1 data 41378
[   24.6924] open fd = -5
[   24.7088] open name host:/livepad.bin flag 1 data 41378
[   24.7099] open fd = -5
[   24.7102] open name host:/livedbg.cmd flag 1 data 41378
[   24.7111] open fd = -5
[   24.7275] open name host:/livepad.bin flag 1 data 41378
[   24.7286] open fd = -5
[   24.7293] open name host:/log.txt flag 302 data 41378
[   24.7310] open fd = 256
[   24.7492] open name host:/livepad.bin flag 1 data 41378
[   24.7504] open fd = -5
[   24.7516] open name host:/log.txt flag 302 data 41378
[   24.7530] open fd = 256
[   24.7703] open name host:/livepad.bin flag 1 data 41378
[   24.7715] open fd = -5
[   24.7874] open name host:/livepad.bin flag 1 data 41378
[   24.7887] open fd = -5
[   24.8045] open name host:/livepad.bin flag 1 data 41378
[   24.8058] open fd = -5
[   24.8219] open name host:/livepad.bin flag 1 data 41378
[   24.8230] open fd = -5
[   24.8233] open name host:/livedbg.cmd flag 1 data 41378
[   24.8243] open fd = -5
[   24.8395] open name host:/livepad.bin flag 1 data 41378
[   24.8407] open fd = -5
[   24.8581] open name host:/livepad.bin flag 1 data 41378
[   24.8592] open fd = -5
[   24.8751] open name host:/livepad.bin flag 1 data 41378
[   24.8763] open fd = -5
[   24.8920] open name host:/livepad.bin flag 1 data 41378
[   24.8934] open fd = -5
[   24.9092] open name host:/livepad.bin flag 1 data 41378
[   24.9103] open fd = -5
[   24.9265] open name host:/livepad.bin flag 1 data 41378
[   24.9279] open fd = -5
[   24.9281] open name host:/livedbg.cmd flag 1 data 41378
[   24.9291] open fd = -5
[   24.9448] open name host:/livepad.bin flag 1 data 41378
[   24.9462] open fd = -5
[   24.9616] open name host:/livepad.bin flag 1 data 41378
[   24.9628] open fd = -5
[   24.9789] open name host:/livepad.bin flag 1 data 41378
[   24.9802] open fd = -5
[   24.9953] open name host:/livepad.bin flag 1 data 41378
[   24.9967] open fd = -5
[   25.0119] open name host:/livepad.bin flag 1 data 41378
[   25.0131] open fd = -5
[   25.0289] open name host:/livepad.bin flag 1 data 41378
[   25.0301] open fd = -5
[   25.0303] open name host:/livedbg.cmd flag 1 data 41378
[   25.0314] open fd = -5
[   25.0475] open name host:/livepad.bin flag 1 data 41378
[   25.0488] open fd = -5
[   25.0722] open name host:/livepad.bin flag 1 data 41378
[   25.0735] open fd = -5
[   25.0888] open name host:/livepad.bin flag 1 data 41378
[   25.0900] open fd = -5
[   25.1063] open name host:/livepad.bin flag 1 data 41378
[   25.1075] open fd = -5
[   25.1238] open name host:/livepad.bin flag 1 data 41378
[   25.1251] open fd = -5
[   25.1262] open name host:/log.txt flag 302 data 41378
[   25.1279] open fd = 256
[   25.1457] open name host:/livepad.bin flag 1 data 41378
[   25.1471] open fd = -5
[   25.1473] open name host:/livedbg.cmd flag 1 data 41378
[   25.1484] open fd = -5
[   25.1637] open name host:/livepad.bin flag 1 data 41378
[   25.1650] open fd = -5
[   25.1828] open name host:/livepad.bin flag 1 data 41378
[   25.1841] open fd = -5
[   25.2001] open name host:/livepad.bin flag 1 data 41378
[   25.2012] open fd = -5
[   25.2168] open name host:/livepad.bin flag 1 data 41378
[   25.2179] open fd = -5
[   25.2336] open name host:/livepad.bin flag 1 data 41378
[   25.2347] open fd = -5
[   25.2507] open name host:/livepad.bin flag 1 data 41378
[   25.2519] open fd = -5
[   25.2522] open name host:/livedbg.cmd flag 1 data 41378
[   25.2532] open fd = -5
[   25.2699] open name host:/livepad.bin flag 1 data 41378
[   25.2711] open fd = -5
[   25.2870] open name host:/livepad.bin flag 1 data 41378
[   25.2881] open fd = -5
[   25.2908] open name host:/log.txt flag 302 data 41378
[   25.2923] open fd = 256
[   25.3071] open name host:/livepad.bin flag 1 data 41378
[   25.3087] open fd = -5
[   25.3245] open name host:/livepad.bin flag 1 data 41378
[   25.3257] open fd = -5
[   25.3421] open name host:/livepad.bin flag 1 data 41378
[   25.3434] open fd = -5
[   25.3597] open name host:/livepad.bin flag 1 data 41378
[   25.3609] open fd = -5
[   25.3611] open name host:/livedbg.cmd flag 1 data 41378
[   25.3621] open fd = -5
[   25.3781] open name host:/livepad.bin flag 1 data 41378
[   25.3793] open fd = -5
[   25.3949] open name host:/livepad.bin flag 1 data 41378
[   25.3962] open fd = -5
[   25.4111] open name host:/livepad.bin flag 1 data 41378
[   25.4125] open fd = -5
[   25.4295] open name host:/livepad.bin flag 1 data 41378
[   25.4307] open fd = -5
[   25.4461] open name host:/livepad.bin flag 1 data 41378
[   25.4472] open fd = -5
[   25.4627] open name host:/livepad.bin flag 1 data 41378
[   25.4638] open fd = -5
[   25.4641] open name host:/livedbg.cmd flag 1 data 41378
[   25.4650] open fd = -5
[   25.4818] open name host:/livepad.bin flag 1 data 41378
[   25.4829] open fd = -5
[   25.4981] open name host:/livepad.bin flag 1 data 41378
[   25.4992] open fd = -5
[   25.5145] open name host:/livepad.bin flag 1 data 41378
[   25.5156] open fd = -5
[   25.5315] open name host:/livepad.bin flag 1 data 41378
[   25.5327] open fd = -5
[   25.5485] open name host:/livepad.bin flag 1 data 41378
[   25.5496] open fd = -5
[   25.5653] open name host:/livepad.bin flag 1 data 41378
[   25.5666] open fd = -5
[   25.5669] open name host:/livedbg.cmd flag 1 data 41378
[   25.5680] open fd = -5
[   25.5685] open name host:/log.txt flag 302 data 41378
[   25.5701] open fd = 256
[   25.5872] open name host:/livepad.bin flag 1 data 41378
[   25.5884] open fd = -5
[   25.6049] open name host:/livepad.bin flag 1 data 41378
[   25.6061] open fd = -5
[   25.6222] open name host:/livepad.bin flag 1 data 41378
[   25.6234] open fd = -5
[   25.6249] open name host:/log.txt flag 302 data 41378
[   25.6266] open fd = 256
[   25.6427] open name host:/livepad.bin flag 1 data 41378
[   25.6440] open fd = -5
[   25.6598] open name host:/livepad.bin flag 1 data 41378
[   25.6613] open fd = -5
[   25.6776] open name host:/livepad.bin flag 1 data 41378
[   25.6788] open fd = -5
[   25.6791] open name host:/livedbg.cmd flag 1 data 41378
[   25.6801] open fd = -5
[   25.6958] open name host:/livepad.bin flag 1 data 41378
[   25.6972] open fd = -5
[   25.7131] open name host:/livepad.bin flag 1 data 41378
[   25.7143] open fd = -5
[   25.7298] open name host:/livepad.bin flag 1 data 41378
[   25.7314] open fd = -5
[   25.7473] open name host:/livepad.bin flag 1 data 41378
[   25.7487] open fd = -5
[   25.7650] open name host:/livepad.bin flag 1 data 41378
[   25.7667] open fd = -5
[   25.7825] open name host:/livepad.bin flag 1 data 41378
[   25.7838] open fd = -5
[   25.7841] open name host:/livedbg.cmd flag 1 data 41378
[   25.7852] open fd = -5
[   25.8003] open name host:/livepad.bin flag 1 data 41378
[   25.8014] open fd = -5
[   25.8172] open name host:/livepad.bin flag 1 data 41378
[   25.8184] open fd = -5
[   25.8193] open name host:/log.txt flag 302 data 41378
[   25.8208] open fd = 256
[   25.8383] open name host:/livepad.bin flag 1 data 41378
[   25.8396] open fd = -5
[   25.8552] open name host:/livepad.bin flag 1 data 41378
[   25.8564] open fd = -5
[   25.8722] open name host:/livepad.bin flag 1 data 41378
[   25.8736] open fd = -5
[   25.8899] open name host:/livepad.bin flag 1 data 41378
[   25.8912] open fd = -5
[   25.8915] open name host:/livedbg.cmd flag 1 data 41378
[   25.8924] open fd = -5
[   25.9096] open name host:/livepad.bin flag 1 data 41378
[   25.9112] open fd = -5
[   25.9284] open name host:/livepad.bin flag 1 data 41378
[   25.9297] open fd = -5
[   25.9455] open name host:/livepad.bin flag 1 data 41378
[   25.9468] open fd = -5
[   25.9633] open name host:/livepad.bin flag 1 data 41378
[   25.9647] open fd = -5
[   25.9818] open name host:/livepad.bin flag 1 data 41378
[   25.9833] open fd = -5
[   26.0021] open name host:/livepad.bin flag 1 data 41378
[   26.0033] open fd = -5
[   26.0036] open name host:/livedbg.cmd flag 1 data 41378
[   26.0046] open fd = -5
[   26.0215] open name host:/livepad.bin flag 1 data 41378
[   26.0229] open fd = -5
[   26.0240] open name host:/log.txt flag 302 data 41378
[   26.0257] open fd = 256
[   26.0446] open name host:/livepad.bin flag 1 data 41378
[   26.0459] open fd = -5
[   26.0629] open name host:/livepad.bin flag 1 data 41378
[   26.0641] open fd = -5
[   26.0805] open name host:/livepad.bin flag 1 data 41378
[   26.0819] open fd = -5
[   26.0975] open name host:/livepad.bin flag 1 data 41378
[   26.0986] open fd = -5
[   26.1145] open name host:/livepad.bin flag 1 data 41378
[   26.1160] open fd = -5
[   26.1163] open name host:/livedbg.cmd flag 1 data 41378
[   26.1173] open fd = -5
[   26.1326] open name host:/livepad.bin flag 1 data 41378
[   26.1341] open fd = -5
[   26.1509] open name host:/livepad.bin flag 1 data 41378
[   26.1523] open fd = -5
[   26.1684] open name host:/livepad.bin flag 1 data 41378
[   26.1697] open fd = -5
[   26.1858] open name host:/livepad.bin flag 1 data 41378
[   26.1873] open fd = -5
[   26.1898] open name host:/log.txt flag 302 data 41378
[   26.1915] open fd = 256
[   26.2065] open name host:/livepad.bin flag 1 data 41378
[   26.2078] open fd = -5
[   26.2272] open name host:/livepad.bin flag 1 data 41378
[   26.2284] open fd = -5
[   26.2286] open name host:/livedbg.cmd flag 1 data 41378
[   26.2297] open fd = -5
[   26.2472] open name host:/livepad.bin flag 1 data 41378
[   26.2488] open fd = -5
[   26.2651] open name host:/livepad.bin flag 1 data 41378
[   26.2664] open fd = -5
[   26.2828] open name host:/livepad.bin flag 1 data 41378
[   26.2841] open fd = -5
[   26.3012] open name host:/livepad.bin flag 1 data 41378
[   26.3024] open fd = -5
[   26.3217] open name host:/livepad.bin flag 1 data 41378
[   26.3232] open fd = -5
[   26.3418] open name host:/livepad.bin flag 1 data 41378
[   26.3432] open fd = -5
[   26.3436] open name host:/livedbg.cmd flag 1 data 41378
[   26.3446] open fd = -5
[   26.3638] open name host:/livepad.bin flag 1 data 41378
[   26.3654] open fd = -5
[   26.3843] open name host:/livepad.bin flag 1 data 41378
[   26.3857] open fd = -5
[   26.4048] open name host:/livepad.bin flag 1 data 41378
[   26.4060] open fd = -5
[   26.4251] open name host:/livepad.bin flag 1 data 41378
[   26.4265] open fd = -5
[   26.4460] open name host:/livepad.bin flag 1 data 41378
[   26.4473] open fd = -5
[   26.4647] open name host:/livepad.bin flag 1 data 41378
[   26.4662] open fd = -5
[   26.4664] open name host:/livedbg.cmd flag 1 data 41378
[   26.4676] open fd = -5
[   26.4856] open name host:/livepad.bin flag 1 data 41378
[   26.4869] open fd = -5
[   26.5029] open name host:/livepad.bin flag 1 data 41378
[   26.5041] open fd = -5
[   26.5049] open name host:/log.txt flag 302 data 41378
[   26.5065] open fd = 256
[   26.5242] open name host:/livepad.bin flag 1 data 41378
[   26.5254] open fd = -5
[   26.5416] open name host:/livepad.bin flag 1 data 41378
[   26.5428] open fd = -5
[   26.5611] open name host:/livepad.bin flag 1 data 41378
[   26.5623] open fd = -5
[   26.5786] open name host:/log.txt flag 302 data 41378
[   26.5804] open fd = 256
[   26.5828] open name host:/livepad.bin flag 1 data 41378
[   26.5839] open fd = -5
[   26.5840] open name host:/livedbg.cmd flag 1 data 41378
[   26.5849] open fd = -5
[   26.6025] open name host:/livepad.bin flag 1 data 41378
[   26.6037] open fd = -5
[   26.6208] open name host:/livepad.bin flag 1 data 41378
[   26.6264] open fd = -5
[   26.6430] open name host:/livepad.bin flag 1 data 41378
[   26.6445] open fd = -5
[   26.6630] open name host:/livepad.bin flag 1 data 41378
[   26.6644] open fd = -5
[   26.6814] open name host:/livepad.bin flag 1 data 41378
[   26.6826] open fd = -5
[   26.6993] open name host:/livepad.bin flag 1 data 41378
[   26.7006] open fd = -5
[   26.7011] open name host:/livedbg.cmd flag 1 data 41378
[   26.7022] open fd = -5
[   26.7181] open name host:/livepad.bin flag 1 data 41378
[   26.7195] open fd = -5
[   26.7367] open name host:/livepad.bin flag 1 data 41378
[   26.7381] open fd = -5
[   26.7582] open name host:/livepad.bin flag 1 data 41378
[   26.7597] open fd = -5
[   26.7766] FRAMEARENA frames=960 peak=1037904 resets=3 fallbacks=0 maxFrameBytes=2731360 maxBorrowed=2120800 freeKiB=12830
[   26.7769] NATIVEVIF frames=960 batches=963
[   26.7774] ORDEREDFRAME frames=960 splitFrames=2
[   26.7776] FRAMEPIPELINE starts=960 dmaBusyStarts=147
[   26.7777] open name host:/livepad.bin flag 1 data 41378
[   26.7790] open fd = -5
[   26.7945] open name host:/livepad.bin flag 1 data 41378
[   26.7960] open fd = -5
[   26.8115] open name host:/livepad.bin flag 1 data 41378
[   26.8129] open fd = -5
[   26.8131] open name host:/livedbg.cmd flag 1 data 41378
[   26.8142] open fd = -5
[   26.8318] open name host:/livepad.bin flag 1 data 41378
[   26.8331] open fd = -5
[   26.8509] open name host:/livepad.bin flag 1 data 41378
[   26.8522] open fd = -5
[   26.8706] open name host:/livepad.bin flag 1 data 41378
[   26.8718] open fd = -5
[   26.8883] open name host:/livepad.bin flag 1 data 41378
[   26.8895] open fd = -5
[   26.9050] open name host:/livepad.bin flag 1 data 41378
[   26.9062] open fd = -5
[   26.9258] open name host:/livepad.bin flag 1 data 41378
[   26.9271] open fd = -5
[   26.9275] open name host:/livedbg.cmd flag 1 data 41378
[   26.9286] open fd = -5
[   26.9459] open name host:/livepad.bin flag 1 data 41378
[   26.9472] open fd = -5
[   26.9634] open name host:/livepad.bin flag 1 data 41378
[   26.9646] open fd = -5
[   26.9770] open name host:/livepad.bin flag 1 data 41378
[   26.9781] open fd = -5
[   26.9912] open name host:/livepad.bin flag 1 data 41378
[   26.9923] open fd = -5
[   27.0048] open name host:/livepad.bin flag 1 data 41378
[   27.0058] open fd = -5
[   27.0329] open name host:/vehicles/veh-ravager000001-shadow.png flag 1 data 41378
[   27.0352] open fd = 256
[   27.0361] open name host:/vehicles/veh-ravager000001-shadow.png flag 1 data 41378
[   27.0381] open fd = 256
[   27.0428] open name host:/vehicles/veh-pica00000001-shadow.png flag 1 data 41378
[   27.0448] open fd = 256
[   27.0456] open name host:/vehicles/veh-pica00000001-shadow.png flag 1 data 41378
[   27.0477] open fd = 256
[   27.0603] open name host:/vehicles/veh-strix0000001-shadow.png flag 1 data 41378
[   27.0627] open fd = 256
[   27.0640] open name host:/vehicles/veh-strix0000001-shadow.png flag 1 data 41378
[   27.0663] open fd = 256
[   27.0785] open name host:/models/urban/procgen-procpain-district-workshop-xm2zm2.tmdl flag 1 data 41378
[   27.0820] open fd = 256
[   27.0926] open name host:/models/urban/Textures/district-facades.png flag 1 data 41378
[   27.0960] open fd = 256
[   27.0972] open name host:/models/urban/Textures/district-facades.png flag 1 data 41378
[   27.1002] open fd = 256
[   27.1321] open name host:/models/urban/procgen-procpain-district-workshop-xm2zm1.tmdl flag 1 data 41378
[   27.1349] open fd = 256
[   27.1382] open name host:/models/urban/procgen-procpain-district-workshop-xm2z0.tmdl flag 1 data 41378
[   27.1412] open fd = 256
[   27.1443] open name host:/models/urban/procgen-procpain-district-workshop-xm2z1.tmdl flag 1 data 41378
[   27.1471] open fd = 256
[   27.1498] open name host:/models/urban/procgen-procpain-district-workshop-xm1zm1.tmdl flag 1 data 41378
[   27.1525] open fd = 256
[   27.1550] open name host:/models/urban/procgen-procpain-district-workshop-xm1z0.tmdl flag 1 data 41378
[   27.1578] open fd = 256
[   27.1606] open name host:/models/urban/procgen-procpain-district-workshop-xm1z1.tmdl flag 1 data 41378
[   27.1633] open fd = 256
[   27.1662] open name host:/models/urban/procgen-procpain-district-workshop-x0zm2.tmdl flag 1 data 41378
[   27.1686] open fd = 256
[   27.1719] open name host:/models/urban/procgen-procpain-district-workshop-x1zm2.tmdl flag 1 data 41378
[   27.1747] open fd = 256
[   27.1772] open name host:/models/urban/procgen-procpain-district-workshop-x1z0.tmdl flag 1 data 41378
[   27.1797] open fd = 256
[   27.1825] open name host:/models/urban/procgen-procpain-district-workshop-x1z1.tmdl flag 1 data 41378
[   27.1849] open fd = 256
[   27.1970] open name host:/models/urban/procgen-procpain-district-loft-xm2zm2.tmdl flag 1 data 41378
[   27.1997] open fd = 256
[   27.2035] open name host:/models/urban/procgen-procpain-district-loft-xm2zm1.tmdl flag 1 data 41378
[   27.2058] open fd = 256
[   27.2085] open name host:/models/urban/procgen-procpain-district-loft-xm2z0.tmdl flag 1 data 41378
[   27.2113] open fd = 256
[   27.2141] open name host:/models/urban/procgen-procpain-district-loft-xm2z1.tmdl flag 1 data 41378
[   27.2167] open fd = 256
[   27.2198] open name host:/models/urban/procgen-procpain-district-loft-xm1zm2.tmdl flag 1 data 41378
[   27.2223] open fd = 256
[   27.2251] open name host:/models/urban/procgen-procpain-district-loft-xm1zm1.tmdl flag 1 data 41378
[   27.2274] open fd = 256
[   27.2304] open name host:/models/urban/procgen-procpain-district-loft-xm1z0.tmdl flag 1 data 41378
[   27.2336] open fd = 256
[   27.2361] open name host:/models/urban/procgen-procpain-district-loft-x0zm2.tmdl flag 1 data 41378
[   27.2384] open fd = 256
[   27.2410] open name host:/models/urban/procgen-procpain-district-loft-x0zm1.tmdl flag 1 data 41378
[   27.2433] open fd = 256
[   27.2467] open name host:/models/urban/procgen-procpain-district-loft-x0z0.tmdl flag 1 data 41378
[   27.2492] open fd = 256
[   27.2524] open name host:/models/urban/procgen-procpain-district-loft-x0z1.tmdl flag 1 data 41378
[   27.2547] open fd = 256
[   27.2674] open name host:/models/urban/procgen-procpain-district-loft-x1zm2.tmdl flag 1 data 41378
[   27.2702] open fd = 256
[   27.2733] open name host:/models/urban/procgen-procpain-district-loft-x1zm1.tmdl flag 1 data 41378
[   27.2757] open fd = 256
[   27.2780] open name host:/models/urban/procgen-procpain-district-loft-x1z0.tmdl flag 1 data 41378
[   27.2810] open fd = 256
[   27.2841] open name host:/models/urban/procgen-procpain-district-loft-x1z1.tmdl flag 1 data 41378
[   27.2866] open fd = 256
[   27.2893] open name host:/models/urban/procgen-procpain-district-tower-xm2zm1.tmdl flag 1 data 41378
[   27.2918] open fd = 256
[   27.2951] open name host:/models/urban/procgen-procpain-district-tower-xm2z0.tmdl flag 1 data 41378
[   27.2975] open fd = 256
[   27.3017] open name host:/models/urban/procgen-procpain-district-tower-xm2z1.tmdl flag 1 data 41378
[   27.3041] open fd = 256
[   27.3064] open name host:/models/urban/procgen-procpain-district-tower-xm1zm2.tmdl flag 1 data 41378
[   27.3087] open fd = 256
[   27.3117] open name host:/models/urban/procgen-procpain-district-tower-xm1zm1.tmdl flag 1 data 41378
[   27.3146] open fd = 256
[   27.3173] open name host:/models/urban/procgen-procpain-district-tower-xm1z0.tmdl flag 1 data 41378
[   27.3197] open fd = 256
[   27.3221] open name host:/models/urban/procgen-procpain-district-tower-xm1z1.tmdl flag 1 data 41378
[   27.3246] open fd = 256
[   27.3379] open name host:/models/urban/procgen-procpain-district-tower-x0zm2.tmdl flag 1 data 41378
[   27.3409] open fd = 256
[   27.3437] open name host:/models/urban/procgen-procpain-district-tower-x0zm1.tmdl flag 1 data 41378
[   27.3461] open fd = 256
[   27.3500] open name host:/models/urban/procgen-procpain-district-tower-x0z0.tmdl flag 1 data 41378
[   27.3524] open fd = 256
[   27.3556] open name host:/models/urban/procgen-procpain-district-tower-x0z1.tmdl flag 1 data 41378
[   27.3580] open fd = 256
[   27.3604] open name host:/models/urban/procgen-procpain-district-tower-x1zm2.tmdl flag 1 data 41378
[   27.3627] open fd = 256
[   27.3654] open name host:/models/urban/procgen-procpain-district-tower-x1zm1.tmdl flag 1 data 41378
[   27.3678] open fd = 256
[   27.3707] open name host:/models/urban/procgen-procpain-district-tower-x1z0.tmdl flag 1 data 41378
[   27.3732] open fd = 256
[   27.3755] open name host:/models/urban/procgen-procpain-district-tower-x1z1.tmdl flag 1 data 41378
[   27.3778] open fd = 256
[   27.3809] open name host:/models/urban/procgen-procpain-tree-park-large-xm3zm2.tmdl flag 1 data 41378
[   27.3835] open fd = 256
[   27.4125] open name host:/models/urban/Textures/treeA.png flag 1 data 41378
[   27.4157] open fd = 256
[   27.4168] open name host:/models/urban/Textures/treeA.png flag 1 data 41378
[   27.4198] open fd = 256
[   27.4309] open name host:/models/urban/Textures/tiles.png flag 1 data 41378
[   27.4339] open fd = 256
[   27.4349] open name host:/models/urban/Textures/tiles.png flag 1 data 41378
[   27.4376] open fd = 256
[   27.4406] open name host:/models/urban/Textures/dirt.png flag 1 data 41378
[   27.4443] open fd = 256
[   27.4454] open name host:/models/urban/Textures/dirt.png flag 1 data 41378
[   27.4485] open fd = 256
[   27.4519] open name host:/models/urban/procgen-procpain-tree-park-large-xm3zm1.tmdl flag 1 data 41378
[   27.4543] open fd = 256
[   27.4814] open name host:/models/urban/procgen-procpain-tree-park-large-xm3z0.tmdl flag 1 data 41378
[   27.4840] open fd = 256
[   27.5046] open name host:/models/urban/procgen-procpain-tree-park-large-xm3z1.tmdl flag 1 data 41378
[   27.5071] open fd = 256
[   27.5338] open name host:/models/urban/procgen-procpain-tree-park-large-xm2zm3.tmdl flag 1 data 41378
[   27.5363] open fd = 256
[   27.5438] open name host:/models/urban/procgen-procpain-tree-park-large-xm2zm2.tmdl flag 1 data 41378
[   27.5461] open fd = 256
[   27.5665] open name host:/models/urban/procgen-procpain-tree-park-large-xm2zm1.tmdl flag 1 data 41378
[   27.5688] open fd = 256
[   27.5875] open name host:/models/urban/procgen-procpain-tree-park-large-xm2z0.tmdl flag 1 data 41378
[   27.5902] open fd = 256
[   27.6206] open name host:/models/urban/procgen-procpain-tree-park-large-xm2z2.tmdl flag 1 data 41378
[   27.6231] open fd = 256
[   27.6304] open name host:/models/urban/procgen-procpain-tree-park-large-xm1zm3.tmdl flag 1 data 41378
[   27.6332] open fd = 256
[   27.6579] open name host:/models/urban/procgen-procpain-tree-park-large-xm1zm2.tmdl flag 1 data 41378
[   27.6603] open fd = 256
[   27.7014] open name host:/models/urban/procgen-procpain-tree-park-large-xm1z0.tmdl flag 1 data 41378
[   27.7039] open fd = 256
[   27.7114] open name host:/models/urban/procgen-procpain-tree-park-large-xm1z1.tmdl flag 1 data 41378
[   27.7139] open fd = 256
[   27.7437] open name host:/models/urban/procgen-procpain-tree-park-large-xm1z2.tmdl flag 1 data 41378
[   27.7461] open fd = 256
[   27.7795] open name host:/models/urban/procgen-procpain-tree-park-large-x0zm3.tmdl flag 1 data 41378
[   27.7821] open fd = 256
[   27.8208] open name host:/models/urban/procgen-procpain-tree-park-large-x0zm2.tmdl flag 1 data 41378
[   27.8232] open fd = 256
[   27.8470] open name host:/models/urban/procgen-procpain-tree-park-large-x0zm1.tmdl flag 1 data 41378
[   27.8495] open fd = 256
[   27.8635] open name host:/models/urban/procgen-procpain-tree-park-large-x0z0.tmdl flag 1 data 41378
[   27.8659] open fd = 256
[   27.8730] open name host:/models/urban/procgen-procpain-tree-park-large-x0z1.tmdl flag 1 data 41378
[   27.8752] open fd = 256
[   27.8992] open name host:/models/urban/procgen-procpain-tree-park-large-x0z2.tmdl flag 1 data 41378
[   27.9017] open fd = 256
[   27.9417] open name host:/models/urban/procgen-procpain-tree-park-large-x1zm3.tmdl flag 1 data 41378
[   27.9445] open fd = 256
[   27.9518] open name host:/models/urban/procgen-procpain-tree-park-large-x1zm2.tmdl flag 1 data 41378
[   27.9541] open fd = 256
[   27.9851] open name host:/models/urban/procgen-procpain-tree-park-large-x1zm1.tmdl flag 1 data 41378
[   27.9878] open fd = 256
[   27.9964] open name host:/models/urban/procgen-procpain-tree-park-large-x1z0.tmdl flag 1 data 41378
[   27.9989] open fd = 256
[   28.0143] open name host:/models/urban/procgen-procpain-tree-park-large-x1z1.tmdl flag 1 data 41378
[   28.0169] open fd = 256
[   28.0471] open name host:/models/urban/procgen-procpain-tree-park-large-x1z2.tmdl flag 1 data 41378
[   28.0497] open fd = 256
[   28.0637] open name host:/models/urban/procgen-procpain-tree-park-large-x2zm2.tmdl flag 1 data 41378
[   28.0661] open fd = 256
[   28.1062] open name host:/models/urban/procgen-procpain-tree-park-large-x2zm1.tmdl flag 1 data 41378
[   28.1089] open fd = 256
[   28.1401] open name host:/models/urban/procgen-procpain-tree-park-large-x2z0.tmdl flag 1 data 41378
[   28.1429] open fd = 256
[   28.1562] open name host:/models/urban/procgen-procpain-tree-park-large-x2z1.tmdl flag 1 data 41378
[   28.1587] open fd = 256
[   28.1792] open name host:/models/urban/procgen-procpain-tree-park-pine-large-xm3zm2.tmdl flag 1 data 41378
[   28.1816] open fd = 256
[   28.1948] open name host:/models/urban/Textures/treeB.png flag 1 data 41378
[   28.1977] open fd = 256
[   28.1986] open name host:/models/urban/Textures/treeB.png flag 1 data 41378
[   28.2013] open fd = 256
[   28.2113] open name host:/models/urban/procgen-procpain-tree-park-pine-large-xm3zm1.tmdl flag 1 data 41378
[   28.2138] open fd = 256
[   28.2271] open name host:/models/urban/procgen-procpain-tree-park-pine-large-xm3z0.tmdl flag 1 data 41378
[   28.2296] open fd = 256
[   28.2427] open name host:/models/urban/procgen-procpain-tree-park-pine-large-xm3z1.tmdl flag 1 data 41378
[   28.2453] open fd = 256
[   28.2616] open name host:/models/urban/procgen-procpain-tree-park-pine-large-xm3z2.tmdl flag 1 data 41378
[   28.2645] open fd = 256
[   28.2777] open name host:/models/urban/procgen-procpain-tree-park-pine-large-xm2zm3.tmdl flag 1 data 41378
[   28.2803] open fd = 256
[   28.3067] open name host:/models/urban/procgen-procpain-tree-park-pine-large-xm2zm2.tmdl flag 1 data 41378
[   28.3092] open fd = 256
[   28.3351] open name host:/models/urban/procgen-procpain-tree-park-pine-large-xm2z1.tmdl flag 1 data 41378
[   28.3379] open fd = 256
[   28.3764] open name host:/models/urban/procgen-procpain-tree-park-pine-large-xm2z2.tmdl flag 1 data 41378
[   28.3789] open fd = 256
[   28.3982] open name host:/models/urban/procgen-procpain-tree-park-pine-large-xm1zm3.tmdl flag 1 data 41378
[   28.4005] open fd = 256
[   28.4081] open name host:/models/urban/procgen-procpain-tree-park-pine-large-xm1zm2.tmdl flag 1 data 41378
[   28.4105] open fd = 256
[   28.4305] open name host:/models/urban/procgen-procpain-tree-park-pine-large-xm1zm1.tmdl flag 1 data 41378
[   28.4330] open fd = 256
[   28.4407] open name host:/models/urban/procgen-procpain-tree-park-pine-large-xm1z0.tmdl flag 1 data 41378
[   28.4431] open fd = 256
[   28.4641] open name host:/models/urban/procgen-procpain-tree-park-pine-large-xm1z1.tmdl flag 1 data 41378
[   28.4666] open fd = 256
[   28.4738] open name host:/models/urban/procgen-procpain-tree-park-pine-large-xm1z2.tmdl flag 1 data 41378
[   28.4762] open fd = 256
[   28.4835] open name host:/models/urban/procgen-procpain-tree-park-pine-large-x0zm3.tmdl flag 1 data 41378
[   28.4858] open fd = 256
[   28.4937] open name host:/models/urban/procgen-procpain-tree-park-pine-large-x0zm2.tmdl flag 1 data 41378
[   28.4962] open fd = 256
[   28.5278] open name host:/models/urban/procgen-procpain-tree-park-pine-large-x0zm1.tmdl flag 1 data 41378
[   28.5309] open fd = 256
[   28.5387] open name host:/models/urban/procgen-procpain-tree-park-pine-large-x0z0.tmdl flag 1 data 41378
[   28.5413] open fd = 256
[   28.5484] open name host:/models/urban/procgen-procpain-tree-park-pine-large-x0z1.tmdl flag 1 data 41378
[   28.5507] open fd = 256
[   28.5644] open name host:/models/urban/procgen-procpain-tree-park-pine-large-x0z2.tmdl flag 1 data 41378
[   28.5763] open fd = 256
[   28.5850] open name host:/models/urban/procgen-procpain-tree-park-pine-large-x1zm3.tmdl flag 1 data 41378
[   28.5874] open fd = 256
[   28.6247] open name host:/models/urban/procgen-procpain-tree-park-pine-large-x1zm2.tmdl flag 1 data 41378
[   28.6272] open fd = 256
[   28.6407] open name host:/models/urban/procgen-procpain-tree-park-pine-large-x1z1.tmdl flag 1 data 41378
[   28.6432] open fd = 256
[   28.6630] open name host:/models/urban/procgen-procpain-tree-park-pine-large-x1z2.tmdl flag 1 data 41378
[   28.6656] open fd = 256
[   28.6789] open name host:/models/urban/procgen-procpain-tree-park-pine-large-x2zm3.tmdl flag 1 data 41378
[   28.6823] open fd = 256
[   28.6904] open name host:/models/urban/procgen-procpain-tree-park-pine-large-x2zm2.tmdl flag 1 data 41378
[   28.6929] open fd = 256
[   28.7088] open name host:/models/urban/procgen-procpain-tree-park-pine-large-x2zm1.tmdl flag 1 data 41378
[   28.7113] open fd = 256
[   28.7279] open name host:/models/urban/procgen-procpain-tree-park-pine-large-x2z0.tmdl flag 1 data 41378
[   28.7310] open fd = 256
[   28.7454] open name host:/models/urban/procgen-procpain-tree-park-pine-large-x2z1.tmdl flag 1 data 41378
[   28.7481] open fd = 256
[   28.7764] open name host:/models/urban/procgen-procpain-tree-park-pine-large-x2z2.tmdl flag 1 data 41378
[   28.7790] open fd = 256
[   28.7867] open name host:/vehicles/veh-pica00000001-body.tmdl flag 1 data 41378
[   28.7885] open fd = 256
[   28.8994] open name host:/vehicles/veh-pica00000001-palette.png flag 1 data 41378
[   28.9015] open fd = 256
[   28.9024] open name host:/vehicles/veh-pica00000001-palette.png flag 1 data 41378
[   28.9046] open fd = 256
[   28.9152] open name host:/vehicles/veh-pica00000001-palette-image-0.png flag 1 data 41378
[   28.9174] open fd = 256
[   28.9182] open name host:/vehicles/veh-pica00000001-palette-image-0.png flag 1 data 41378
[   28.9200] open fd = 256
[   28.9386] open name host:/vehicles/veh-strix0000001-body.tmdl flag 1 data 41378
[   28.9407] open fd = 256
[   29.0612] open name host:/vehicles/veh-strix0000001-palette.png flag 1 data 41378
[   29.0635] open fd = 256
[   29.0643] open name host:/vehicles/veh-strix0000001-palette.png flag 1 data 41378
[   29.0665] open fd = 256
[   29.0751] open name host:/vehicles/veh-strix0000001-palette-image-0.png flag 1 data 41378
[   29.0771] open fd = 256
[   29.0778] open name host:/vehicles/veh-strix0000001-palette-image-0.png flag 1 data 41378
[   29.0797] open fd = 256
[   29.0974] open name host:/sky/scene2.png flag 1 data 41378
[   29.0994] open fd = 256
[   29.1002] open name host:/sky/scene2.png flag 1 data 41378
[   29.1020] open fd = 256
[   29.2530] open name host:/vehicles/fx-skid.png flag 1 data 41378
[   29.2552] open fd = 256
[   29.2561] open name host:/vehicles/fx-skid.png flag 1 data 41378
[   29.2583] open fd = 256
[   29.2719] open name host:/vehicles/fx-smoke.png flag 1 data 41378
[   29.2743] open fd = 256
[   29.2751] open name host:/vehicles/fx-smoke.png flag 1 data 41378
[   29.2769] open fd = 256
[   29.2804] open name host:/log.txt flag 302 data 41378
[   29.2819] open fd = 256
[   29.2832] open name host:/vehicles/veh-ravager000001-wheel.tmdl flag 1 data 41378
[   29.2853] open fd = 256
[   29.2927] open name host:/vehicles/veh-ravager000001-wheelfast.tmdl flag 1 data 41378
[   29.2950] open fd = 256
[   29.3010] open name host:/log.txt flag 302 data 41378
[   29.3025] open fd = 256
[   29.3037] open name host:/vehicles/veh-pica00000001-wheel.tmdl flag 1 data 41378
[   29.3056] open fd = 256
[   29.3209] open name host:/vehicles/veh-pica00000001-wheelfast.tmdl flag 1 data 41378
[   29.3228] open fd = 256
[   29.3294] open name host:/log.txt flag 302 data 41378
[   29.3310] open fd = 256
[   29.3327] open name host:/vehicles/veh-strix0000001-wheel.tmdl flag 1 data 41378
[   29.3347] open fd = 256
[   29.3418] open name host:/vehicles/veh-strix0000001-wheelfast.tmdl flag 1 data 41378
[   29.3437] open fd = 256
[   29.3572] open name host:/log.txt flag 302 data 41378
[   29.3588] open fd = 256
[   29.3602] open name host:/log.txt flag 302 data 41378
[   29.3617] open fd = 256
[   29.3630] open name host:/log.txt flag 302 data 41378
[   29.3644] open fd = 256
[   29.4361] open name host:/log.txt flag 302 data 41378
[   29.4380] open fd = 256
[   29.4426] open name host:/log.txt flag 302 data 41378
[   29.4447] open fd = 256
[   29.4464] open name host:/log.txt flag 302 data 41378
[   29.4479] open fd = 256
[   29.4589] open name host:/log.txt flag 302 data 41378
[   29.4609] open fd = 256
[   29.4634] open name host:/log.txt flag 302 data 41378
[   29.4650] open fd = 256
[   29.4673] open name host:/log.txt flag 302 data 41378
[   29.4687] open fd = 256
[   29.4704] open name host:/log.txt flag 302 data 41378
[   29.4719] open fd = 256
[   29.4739] open name host:/log.txt flag 302 data 41378
[   29.4755] open fd = 256
[   29.4772] open name host:/log.txt flag 302 data 41378
[   29.4787] open fd = 256
[   29.4882] open name host:/log.txt flag 302 data 41378
[   29.4898] open fd = 256
[   29.4915] open name host:/log.txt flag 302 data 41378
[   29.4930] open fd = 256
[   29.4948] open name host:/log.txt flag 302 data 41378
[   29.4963] open fd = 256
[   29.4980] open name host:/log.txt flag 302 data 41378
[   29.4995] open fd = 256
[   29.5011] open name host:/log.txt flag 302 data 41378
[   29.5025] open fd = 256
[   29.5041] open name host:/log.txt flag 302 data 41378
[   29.5057] open fd = 256
[   29.5071] open name host:/log.txt flag 302 data 41378
[   29.5088] open fd = 256
[   29.5103] open name host:/log.txt flag 302 data 41378
[   29.5124] open fd = 256
[   29.5141] open name host:/log.txt flag 302 data 41378
[   29.5156] open fd = 256
[   29.5173] open name host:/log.txt flag 302 data 41378
[   29.5188] open fd = 256
[   29.5274] open name host:/log.txt flag 302 data 41378
[   29.5289] open fd = 256
[   29.5307] open name host:/log.txt flag 302 data 41378
[   29.5323] open fd = 256
[   29.5340] open name host:/log.txt flag 302 data 41378
[   29.5356] open fd = 256
[   29.5373] open name host:/log.txt flag 302 data 41378
[   29.5388] open fd = 256
[   29.5405] open name host:/log.txt flag 302 data 41378
[   29.5421] open fd = 256
[   29.5439] open name host:/log.txt flag 302 data 41378
[   29.5455] open fd = 256
[   29.5560] open name host:/log.txt flag 302 data 41378
[   29.5577] open fd = 256
[   29.5595] open name host:/log.txt flag 302 data 41378
[   29.5612] open fd = 256
[   29.5630] open name host:/log.txt flag 302 data 41378
[   29.5646] open fd = 256
[   29.5922] open name host:/livepad.bin flag 1 data 41378
[   29.5938] open fd = -5
[   29.5938] open name host:/livedbg.cmd flag 1 data 41378
[   29.5949] open fd = -5
[   29.5950] open name host:/log.txt flag 302 data 41378
[   29.5967] open fd = 256
[   29.6116] open name host:/livepad.bin flag 1 data 41378
[   29.6127] open fd = -5
[   29.6260] open name host:/livepad.bin flag 1 data 41378
[   29.6271] open fd = -5
[   29.6403] open name host:/livepad.bin flag 1 data 41378
[   29.6433] open fd = -5
[   29.6564] open name host:/livepad.bin flag 1 data 41378
[   29.6574] open fd = -5
[   29.6708] open name host:/livepad.bin flag 1 data 41378
[   29.6722] open fd = -5
[   29.6861] open name host:/livepad.bin flag 1 data 41378
[   29.6874] open fd = -5
[   29.6875] open name host:/livedbg.cmd flag 1 data 41378
[   29.6885] open fd = -5
[   29.7027] open name host:/livepad.bin flag 1 data 41378
[   29.7042] open fd = -5
[   29.7199] open name host:/livepad.bin flag 1 data 41378
[   29.7211] open fd = -5
[   29.7361] open name host:/livepad.bin flag 1 data 41378
[   29.7373] open fd = -5
[   29.7526] open name host:/livepad.bin flag 1 data 41378
[   29.7538] open fd = -5
[   29.7699] open name host:/livepad.bin flag 1 data 41378
[   29.7711] open fd = -5
[   29.7864] open name host:/livepad.bin flag 1 data 41378
[   29.7876] open fd = -5
[   29.7877] open name host:/livedbg.cmd flag 1 data 41378
[   29.7886] open fd = -5
[   29.8027] open name host:/livepad.bin flag 1 data 41378
[   29.8040] open fd = -5
[   29.8195] open name host:/livepad.bin flag 1 data 41378
[   29.8207] open fd = -5
[   29.8363] open name host:/livepad.bin flag 1 data 41378
[   29.8376] open fd = -5
[   29.8526] open name host:/livepad.bin flag 1 data 41378
[   29.8540] open fd = -5
[   29.8696] open name host:/livepad.bin flag 1 data 41378
[   29.8708] open fd = -5
[   29.8871] open name host:/livepad.bin flag 1 data 41378
[   29.8883] open fd = -5
[   29.8884] open name host:/livedbg.cmd flag 1 data 41378
[   29.8893] open fd = -5
[   29.9032] open name host:/livepad.bin flag 1 data 41378
[   29.9045] open fd = -5
[   29.9193] open name host:/livepad.bin flag 1 data 41378
[   29.9207] open fd = -5
[   29.9366] open name host:/livepad.bin flag 1 data 41378
[   29.9376] open fd = -5
[   29.9529] open name host:/livepad.bin flag 1 data 41378
[   29.9542] open fd = -5
[   29.9690] open name host:/livepad.bin flag 1 data 41378
[   29.9703] open fd = -5
[   29.9864] open name host:/livepad.bin flag 1 data 41378
[   29.9876] open fd = -5
[   29.9877] open name host:/livedbg.cmd flag 1 data 41378
[   29.9888] open fd = -5
[   30.0030] open name host:/livepad.bin flag 1 data 41378
[   30.0043] open fd = -5
[   30.0195] open name host:/livepad.bin flag 1 data 41378
[   30.0207] open fd = -5
[   30.0365] open name host:/livepad.bin flag 1 data 41378
[   30.0376] open fd = -5
[   30.0529] open name host:/livepad.bin flag 1 data 41378
[   30.0542] open fd = -5
[   30.0709] open name host:/livepad.bin flag 1 data 41378
[   30.0721] open fd = -5
[   30.0860] open name host:/livepad.bin flag 1 data 41378
[   30.0872] open fd = -5
[   30.0874] open name host:/livedbg.cmd flag 1 data 41378
[   30.0884] open fd = -5
[   30.1038] open name host:/livepad.bin flag 1 data 41378
[   30.1054] open fd = -5
[   30.1215] open name host:/livepad.bin flag 1 data 41378
[   30.1227] open fd = -5
[   30.1363] open name host:/livepad.bin flag 1 data 41378
[   30.1377] open fd = -5
[   30.1526] open name host:/livepad.bin flag 1 data 41378
[   30.1536] open fd = -5
[   30.1690] open name host:/livepad.bin flag 1 data 41378
[   30.1701] open fd = -5
[   30.1860] open name host:/livepad.bin flag 1 data 41378
[   30.1873] open fd = -5
[   30.1875] open name host:/livedbg.cmd flag 1 data 41378
[   30.1884] open fd = -5
[   30.1906] open name host:/log.txt flag 302 data 41378
[   30.1921] open fd = 256
[   30.2530] open name host:/log.txt flag 302 data 41378
[   30.2548] open fd = 256
[   30.5379] open name host:/livepad.bin flag 1 data 41378
[   30.5392] open fd = -5
[   30.5397] open name host:/log.txt flag 302 data 41378
[   30.5415] open fd = 256
[   30.5688] open name host:/livepad.bin flag 1 data 41378
[   30.5702] open fd = -5
[   30.5884] open name host:/livepad.bin flag 1 data 41378
[   30.5898] open fd = -5
[   30.6054] open name host:/livepad.bin flag 1 data 41378
[   30.6067] open fd = -5
[   30.6221] open name host:/livepad.bin flag 1 data 41378
[   30.6232] open fd = -5
[   30.6392] open name host:/livepad.bin flag 1 data 41378
[   30.6405] open fd = -5
[   30.6411] open name host:/livedbg.cmd flag 1 data 41378
[   30.6421] open fd = -5
[   30.6569] open name host:/livepad.bin flag 1 data 41378
[   30.6581] open fd = -5
[   30.6737] open name host:/livepad.bin flag 1 data 41378
[   30.6749] open fd = -5
[   30.6897] open name host:/livepad.bin flag 1 data 41378
[   30.6910] open fd = -5
[   30.7055] open name host:/livepad.bin flag 1 data 41378
[   30.7066] open fd = -5
[   30.7218] open name host:/livepad.bin flag 1 data 41378
[   30.7229] open fd = -5
[   30.7390] open name host:/livepad.bin flag 1 data 41378
[   30.7404] open fd = -5
[   30.7407] open name host:/livedbg.cmd flag 1 data 41378
[   30.7417] open fd = -5
[   30.7566] open name host:/livepad.bin flag 1 data 41378
[   30.7578] open fd = -5
[   30.7730] open name host:/livepad.bin flag 1 data 41378
[   30.7742] open fd = -5
[   30.7894] open name host:/livepad.bin flag 1 data 41378
[   30.7907] open fd = -5
[   30.8061] open name host:/livepad.bin flag 1 data 41378
[   30.8074] open fd = -5
[   30.8233] open name host:/livepad.bin flag 1 data 41378
[   30.8246] open fd = -5
[   30.8414] open name host:/livepad.bin flag 1 data 41378
[   30.8426] open fd = -5
[   30.8427] open name host:/livedbg.cmd flag 1 data 41378
[   30.8437] open fd = -5
[   30.8615] open name host:/livepad.bin flag 1 data 41378
[   30.8629] open fd = -5
[   30.8779] open name host:/livepad.bin flag 1 data 41378
[   30.8793] open fd = -5
[   30.8949] open name host:/livepad.bin flag 1 data 41378
[   30.8961] open fd = -5
[   30.9109] open name host:/livepad.bin flag 1 data 41378
[   30.9121] open fd = -5
[   30.9280] open name host:/livepad.bin flag 1 data 41378
[   30.9293] open fd = -5
[   30.9452] open name host:/livepad.bin flag 1 data 41378
[   30.9466] open fd = -5
[   30.9467] open name host:/livedbg.cmd flag 1 data 41378
[   30.9477] open fd = -5
[   30.9627] open name host:/livepad.bin flag 1 data 41378
[   30.9639] open fd = -5
[   30.9786] open name host:/livepad.bin flag 1 data 41378
[   30.9799] open fd = -5
[   30.9947] open name host:/livepad.bin flag 1 data 41378
[   30.9962] open fd = -5
[   31.0108] open name host:/livepad.bin flag 1 data 41378
[   31.0127] open fd = -5
[   31.0277] open name host:/livepad.bin flag 1 data 41378
[   31.0290] open fd = -5
[   31.0440] open name host:/livepad.bin flag 1 data 41378
[   31.0451] open fd = -5
[   31.0454] open name host:/livedbg.cmd flag 1 data 41378
[   31.0465] open fd = -5
[   31.0616] open name host:/livepad.bin flag 1 data 41378
[   31.0628] open fd = -5
[   31.0774] open name host:/livepad.bin flag 1 data 41378
[   31.0786] open fd = -5
[   31.0946] open name host:/livepad.bin flag 1 data 41378
[   31.0960] open fd = -5
[   31.1109] open name host:/livepad.bin flag 1 data 41378
[   31.1122] open fd = -5
[   31.1278] open name host:/livepad.bin flag 1 data 41378
[   31.1290] open fd = -5
[   31.1438] open name host:/livepad.bin flag 1 data 41378
[   31.1452] open fd = -5
[   31.1455] open name host:/livedbg.cmd flag 1 data 41378
[   31.1464] open fd = -5
[   31.1618] open name host:/livepad.bin flag 1 data 41378
[   31.1632] open fd = -5
[   31.1783] open name host:/livepad.bin flag 1 data 41378
[   31.1795] open fd = -5
[   31.1943] open name host:/livepad.bin flag 1 data 41378
[   31.1954] open fd = -5
[   31.2110] open name host:/livepad.bin flag 1 data 41378
[   31.2126] open fd = -5
[   31.2275] open name host:/livepad.bin flag 1 data 41378
[   31.2287] open fd = -5
[   31.2437] open name host:/livepad.bin flag 1 data 41378
[   31.2449] open fd = -5
[   31.2451] open name host:/livedbg.cmd flag 1 data 41378
[   31.2460] open fd = -5
[   31.2607] open name host:/livepad.bin flag 1 data 41378
[   31.2618] open fd = -5
[   31.2773] open name host:/livepad.bin flag 1 data 41378
[   31.2784] open fd = -5
[   31.2936] FRAMEARENA frames=1080 peak=1037904 resets=4 fallbacks=0 maxFrameBytes=2731360 maxBorrowed=2120800 freeKiB=6358
[   31.2938] NATIVEVIF frames=1080 batches=1084
[   31.2940] ORDEREDFRAME frames=1080 splitFrames=3
[   31.2941] FRAMEPIPELINE starts=1080 dmaBusyStarts=148
[   31.2942] open name host:/livepad.bin flag 1 data 41378
[   31.2952] open fd = -5
[   31.3110] open name host:/livepad.bin flag 1 data 41378
[   31.3121] open fd = -5
[   31.3272] open name host:/livepad.bin flag 1 data 41378
[   31.3286] open fd = -5
[   31.3437] open name host:/livepad.bin flag 1 data 41378
[   31.3451] open fd = -5
[   31.3453] open name host:/livedbg.cmd flag 1 data 41378
[   31.3463] open fd = -5
[   31.3625] open name host:/livepad.bin flag 1 data 41378
[   31.3639] open fd = -5
[   31.3658] open name host:/log.txt flag 302 data 41378
[   31.3673] open fd = 256
[   31.3825] open name host:/livepad.bin flag 1 data 41378
[   31.3837] open fd = -5
[   31.3988] open name host:/livepad.bin flag 1 data 41378
[   31.4002] open fd = -5
[   31.4151] open name host:/livepad.bin flag 1 data 41378
[   31.4165] open fd = -5
[   31.4320] open name host:/livepad.bin flag 1 data 41378
[   31.4331] open fd = -5
[   31.4475] open name host:/livepad.bin flag 1 data 41378
[   31.4488] open fd = -5
[   31.4490] open name host:/livedbg.cmd flag 1 data 41378
[   31.4502] open fd = -5
[   31.4650] open name host:/livepad.bin flag 1 data 41378
[   31.4660] open fd = -5
[   31.4809] open name host:/livepad.bin flag 1 data 41378
[   31.4822] open fd = -5
[   31.4971] open name host:/livepad.bin flag 1 data 41378
[   31.4984] open fd = -5
[   31.5134] open name host:/livepad.bin flag 1 data 41378
[   31.5148] open fd = -5
[   31.5296] open name host:/livepad.bin flag 1 data 41378
[   31.5309] open fd = -5
[   31.5463] open name host:/livepad.bin flag 1 data 41378
[   31.5478] open fd = -5
[   31.5480] open name host:/livedbg.cmd flag 1 data 41378
[   31.5491] open fd = -5
[   31.5643] open name host:/livepad.bin flag 1 data 41378
[   31.5655] open fd = -5
[   31.5658] open name host:/log.txt flag 302 data 41378
[   31.5674] open fd = 256
[   31.5846] open name host:/livepad.bin flag 1 data 41378
[   31.5858] open fd = -5
[   31.6019] open name host:/livepad.bin flag 1 data 41378
[   31.6035] open fd = -5
[   31.6184] open name host:/livepad.bin flag 1 data 41378
[   31.6197] open fd = -5
[   31.6347] open name host:/livepad.bin flag 1 data 41378
[   31.6358] open fd = -5
[   31.6522] open name host:/livepad.bin flag 1 data 41378
[   31.6548] open fd = -5
[   31.6551] open name host:/livedbg.cmd flag 1 data 41378
[   31.6562] open fd = -5
[   31.6714] open name host:/livepad.bin flag 1 data 41378
[   31.6729] open fd = -5
[   31.6883] open name host:/livepad.bin flag 1 data 41378
[   31.6896] open fd = -5
[   31.7051] open name host:/livepad.bin flag 1 data 41378
[   31.7062] open fd = -5
[   31.7215] open name host:/livepad.bin flag 1 data 41378
[   31.7228] open fd = -5
[   31.7392] open name host:/livepad.bin flag 1 data 41378
[   31.7407] open fd = -5
[   31.7565] open name host:/livepad.bin flag 1 data 41378
[   31.7579] open fd = -5
[   31.7580] open name host:/livedbg.cmd flag 1 data 41378
[   31.7589] open fd = -5
[   31.7738] open name host:/livepad.bin flag 1 data 41378
[   31.7751] open fd = -5
[   31.7908] open name host:/livepad.bin flag 1 data 41378
[   31.7922] open fd = -5
[   31.8070] open name host:/livepad.bin flag 1 data 41378
[   31.8085] open fd = -5
[   31.8240] open name host:/livepad.bin flag 1 data 41378
[   31.8253] open fd = -5
[   31.8398] open name host:/livepad.bin flag 1 data 41378
[   31.8411] open fd = -5
[   31.8573] open name host:/livepad.bin flag 1 data 41378
[   31.8587] open fd = -5
[   31.8589] open name host:/livedbg.cmd flag 1 data 41378
[   31.8599] open fd = -5
[   31.8754] open name host:/livepad.bin flag 1 data 41378
[   31.8766] open fd = -5
[   31.8933] open name host:/livepad.bin flag 1 data 41378
[   31.8948] open fd = -5
[   31.9106] open name host:/livepad.bin flag 1 data 41378
[   31.9118] open fd = -5
[   31.9270] open name host:/livepad.bin flag 1 data 41378
[   31.9282] open fd = -5
[   31.9441] open name host:/livepad.bin flag 1 data 41378
[   31.9455] open fd = -5
[   31.9622] open name host:/livepad.bin flag 1 data 41378
[   31.9637] open fd = -5
[   31.9641] open name host:/livedbg.cmd flag 1 data 41378
[   31.9652] open fd = -5
[   31.9827] open name host:/livepad.bin flag 1 data 41378
[   31.9841] open fd = -5
[   32.0004] open name host:/livepad.bin flag 1 data 41378
[   32.0017] open fd = -5
[   32.0196] open name host:/livepad.bin flag 1 data 41378
[   32.0209] open fd = -5
[   32.0371] open name host:/livepad.bin flag 1 data 41378
[   32.0386] open fd = -5
[   32.0554] open name host:/livepad.bin flag 1 data 41378
[   32.0566] open fd = -5
[   32.0746] open name host:/livepad.bin flag 1 data 41378
[   32.0760] open fd = -5
[   32.0762] open name host:/livedbg.cmd flag 1 data 41378
[   32.0773] open fd = -5
[   32.0937] open name host:/livepad.bin flag 1 data 41378
[   32.0950] open fd = -5
[   32.1123] open name host:/livepad.bin flag 1 data 41378
[   32.1139] open fd = -5
[   32.1311] open name host:/livepad.bin flag 1 data 41378
[   32.1324] open fd = -5
[   32.1491] open name host:/livepad.bin flag 1 data 41378
[   32.1503] open fd = -5
[   32.1681] open name host:/livepad.bin flag 1 data 41378
[   32.1694] open fd = -5
[   32.1861] open name host:/livepad.bin flag 1 data 41378
[   32.1874] open fd = -5
[   32.1878] open name host:/livedbg.cmd flag 1 data 41378
[   32.1887] open fd = -5
[   32.2038] open name host:/livepad.bin flag 1 data 41378
[   32.2051] open fd = -5
[   32.2213] open name host:/livepad.bin flag 1 data 41378
[   32.2225] open fd = -5
[   32.2376] open name host:/livepad.bin flag 1 data 41378
[   32.2390] open fd = -5
[   32.2554] open name host:/livepad.bin flag 1 data 41378
[   32.2568] open fd = -5
[   32.2719] open name host:/livepad.bin flag 1 data 41378
[   32.2732] open fd = -5
[   32.2894] open name host:/livepad.bin flag 1 data 41378
[   32.2907] open fd = -5
[   32.2909] open name host:/livedbg.cmd flag 1 data 41378
[   32.2918] open fd = -5
[   32.3077] open name host:/livepad.bin flag 1 data 41378
[   32.3088] open fd = -5
[   32.3245] open name host:/livepad.bin flag 1 data 41378
[   32.3256] open fd = -5
[   32.3410] open name host:/livepad.bin flag 1 data 41378
[   32.3423] open fd = -5
[   32.3576] open name host:/livepad.bin flag 1 data 41378
[   32.3589] open fd = -5
[   32.3753] open name host:/livepad.bin flag 1 data 41378
[   32.3768] open fd = -5
[   32.3934] open name host:/livepad.bin flag 1 data 41378
[   32.3948] open fd = -5
[   32.3950] open name host:/livedbg.cmd flag 1 data 41378
[   32.3960] open fd = -5
[   32.4124] open name host:/livepad.bin flag 1 data 41378
[   32.4139] open fd = -5
[   32.4289] open name host:/livepad.bin flag 1 data 41378
[   32.4300] open fd = -5
[   32.4458] open name host:/livepad.bin flag 1 data 41378
[   32.4473] open fd = -5
[   32.4635] open name host:/livepad.bin flag 1 data 41378
[   32.4648] open fd = -5
[   32.4804] open name host:/livepad.bin flag 1 data 41378
[   32.4818] open fd = -5
[   32.4972] open name host:/livepad.bin flag 1 data 41378
[   32.4983] open fd = -5
[   32.4986] open name host:/livedbg.cmd flag 1 data 41378
[   32.4995] open fd = -5
[   32.5156] open name host:/livepad.bin flag 1 data 41378
[   32.5169] open fd = -5
[   32.5319] open name host:/livepad.bin flag 1 data 41378
[   32.5332] open fd = -5
[   32.5480] open name host:/livepad.bin flag 1 data 41378
[   32.5491] open fd = -5
[   32.5643] open name host:/livepad.bin flag 1 data 41378
[   32.5654] open fd = -5
[   32.5804] open name host:/livepad.bin flag 1 data 41378
[   32.5815] open fd = -5
[   32.5818] open name host:/log.txt flag 302 data 41378
[   32.5832] open fd = 256
[   32.5999] open name host:/livepad.bin flag 1 data 41378
[   32.6011] open fd = -5
[   32.6014] open name host:/livedbg.cmd flag 1 data 41378
[   32.6024] open fd = -5
[   32.6297] open name host:/livepad.bin flag 1 data 41378
[   32.6309] open fd = -5
[   32.6313] open name host:/log.txt flag 302 data 41378
[   32.6329] open fd = 256
[   32.6491] open name host:/livepad.bin flag 1 data 41378
[   32.6503] open fd = -5
[   32.6669] open name host:/livepad.bin flag 1 data 41378
[   32.6682] open fd = -5
[   32.6832] open name host:/livepad.bin flag 1 data 41378
[   32.6846] open fd = -5
[   32.7009] open name host:/livepad.bin flag 1 data 41378
[   32.7022] open fd = -5
[   32.7171] open name host:/livepad.bin flag 1 data 41378
[   32.7183] open fd = -5
[   32.7185] open name host:/livedbg.cmd flag 1 data 41378
[   32.7195] open fd = -5
[   32.7347] open name host:/livepad.bin flag 1 data 41378
[   32.7359] open fd = -5
[   32.7513] open name host:/livepad.bin flag 1 data 41378
[   32.7526] open fd = -5
[   32.7684] open name host:/livepad.bin flag 1 data 41378
[   32.7697] open fd = -5
[   32.7857] open name host:/livepad.bin flag 1 data 41378
[   32.7869] open fd = -5
[   32.8025] open name host:/livepad.bin flag 1 data 41378
[   32.8038] open fd = -5
[   32.8199] open name host:/livepad.bin flag 1 data 41378
[   32.8211] open fd = -5
[   32.8214] open name host:/livedbg.cmd flag 1 data 41378
[   32.8224] open fd = -5
[   32.8384] open name host:/livepad.bin flag 1 data 41378
[   32.8398] open fd = -5
[   32.8553] open name host:/livepad.bin flag 1 data 41378
[   32.8566] open fd = -5
[   32.8723] open name host:/livepad.bin flag 1 data 41378
[   32.8738] open fd = -5
[   32.8885] open name host:/livepad.bin flag 1 data 41378
[   32.8899] open fd = -5
[   32.9056] open name host:/livepad.bin flag 1 data 41378
[   32.9069] open fd = -5
[   32.9226] open name host:/livepad.bin flag 1 data 41378
[   32.9237] open fd = -5
[   32.9238] open name host:/livedbg.cmd flag 1 data 41378
[   32.9248] open fd = -5
[   32.9398] open name host:/livepad.bin flag 1 data 41378
[   32.9415] open fd = -5
[   32.9576] open name host:/livepad.bin flag 1 data 41378
[   32.9588] open fd = -5
[   32.9736] open name host:/livepad.bin flag 1 data 41378
[   32.9749] open fd = -5
[   32.9916] open name host:/livepad.bin flag 1 data 41378
[   32.9932] open fd = -5
[   33.0089] open name host:/livepad.bin flag 1 data 41378
[   33.0104] open fd = -5
[   33.0261] open name host:/livepad.bin flag 1 data 41378
[   33.0273] open fd = -5
[   33.0275] open name host:/livedbg.cmd flag 1 data 41378
[   33.0284] open fd = -5
[   33.0431] open name host:/livepad.bin flag 1 data 41378
[   33.0445] open fd = -5
[   33.0593] open name host:/livepad.bin flag 1 data 41378
[   33.0606] open fd = -5
[   33.0766] open name host:/livepad.bin flag 1 data 41378
[   33.0778] open fd = -5
[   33.0938] open name host:/livepad.bin flag 1 data 41378
[   33.0950] open fd = -5
[   33.1100] open name host:/livepad.bin flag 1 data 41378
[   33.1113] open fd = -5
[   33.1262] open name host:/livepad.bin flag 1 data 41378
[   33.1274] open fd = -5
[   33.1276] open name host:/livedbg.cmd flag 1 data 41378
[   33.1285] open fd = -5
[   33.1434] open name host:/livepad.bin flag 1 data 41378
[   33.1447] open fd = -5
[   33.1597] open name host:/livepad.bin flag 1 data 41378
[   33.1612] open fd = -5
[   33.1765] open name host:/livepad.bin flag 1 data 41378
[   33.1779] open fd = -5
[   33.1932] open name host:/livepad.bin flag 1 data 41378
[   33.1944] open fd = -5
[   33.2100] open name host:/livepad.bin flag 1 data 41378
[   33.2112] open fd = -5
[   33.2268] open name host:/livepad.bin flag 1 data 41378
[   33.2280] open fd = -5
[   33.2283] open name host:/livedbg.cmd flag 1 data 41378
[   33.2294] open fd = -5
[   33.2452] open name host:/livepad.bin flag 1 data 41378
[   33.2465] open fd = -5
[   33.2625] open name host:/livepad.bin flag 1 data 41378
[   33.2637] open fd = -5
[   33.2793] open name host:/livepad.bin flag 1 data 41378
[   33.2805] open fd = -5
[   33.2964] open name host:/livepad.bin flag 1 data 41378
[   33.2975] open fd = -5
[   33.3135] open name host:/livepad.bin flag 1 data 41378
[   33.3149] open fd = -5
[   33.3308] open name host:/livepad.bin flag 1 data 41378
[   33.3320] open fd = -5
[   33.3323] open name host:/livedbg.cmd flag 1 data 41378
[   33.3332] open fd = -5
[   33.3484] open name host:/livepad.bin flag 1 data 41378
[   33.3497] open fd = -5
[   33.3650] open name host:/livepad.bin flag 1 data 41378
[   33.3662] open fd = -5
[   33.3825] FRAMEARENA frames=1200 peak=1037904 resets=4 fallbacks=0 maxFrameBytes=2731360 maxBorrowed=2120800 freeKiB=6395
[   33.3828] NATIVEVIF frames=1200 batches=1204
[   33.3829] ORDEREDFRAME frames=1200 splitFrames=3
[   33.3829] FRAMEPIPELINE starts=1200 dmaBusyStarts=148
[   33.3831] open name host:/livepad.bin flag 1 data 41378
[   33.3842] open fd = -5
[   33.3992] open name host:/livepad.bin flag 1 data 41378
[   33.4004] open fd = -5
[   33.4160] open name host:/livepad.bin flag 1 data 41378
[   33.4172] open fd = -5
[   33.4317] open name host:/livepad.bin flag 1 data 41378
[   33.4330] open fd = -5
[   33.4333] open name host:/livedbg.cmd flag 1 data 41378
[   33.4343] open fd = -5
[   33.4499] open name host:/livepad.bin flag 1 data 41378
[   33.4511] open fd = -5
[   33.4668] open name host:/livepad.bin flag 1 data 41378
[   33.4680] open fd = -5
[   33.4828] open name host:/livepad.bin flag 1 data 41378
[   33.4840] open fd = -5
[   33.4990] open name host:/livepad.bin flag 1 data 41378
[   33.5002] open fd = -5
[   33.5168] open name host:/livepad.bin flag 1 data 41378
[   33.5180] open fd = -5
[   33.5340] open name host:/livepad.bin flag 1 data 41378
[   33.5352] open fd = -5
[   33.5353] open name host:/livedbg.cmd flag 1 data 41378
[   33.5363] open fd = -5
[   33.5514] open name host:/livepad.bin flag 1 data 41378
[   33.5528] open fd = -5
[   33.5685] open name host:/livepad.bin flag 1 data 41378
[   33.5699] open fd = -5
[   33.5860] open name host:/livepad.bin flag 1 data 41378
[   33.5875] open fd = -5
[   33.6047] open name host:/livepad.bin flag 1 data 41378
[   33.6059] open fd = -5
[   33.6215] open name host:/livepad.bin flag 1 data 41378
[   33.6227] open fd = -5
[   33.6376] open name host:/livepad.bin flag 1 data 41378
[   33.6388] open fd = -5
[   33.6391] open name host:/livedbg.cmd flag 1 data 41378
[   33.6405] open fd = -5
[   33.6556] open name host:/livepad.bin flag 1 data 41378
[   33.6569] open fd = -5
[   33.6572] open name host:/log.txt flag 302 data 41378
[   33.6587] open fd = 256
[   33.6812] open name host:/livepad.bin flag 1 data 41378
[   33.6824] open fd = -5
[   33.6990] open name host:/livepad.bin flag 1 data 41378
[   33.7001] open fd = -5
[   33.7137] open name host:/livepad.bin flag 1 data 41378
[   33.7151] open fd = -5
[   33.7319] open name host:/livepad.bin flag 1 data 41378
[   33.7331] open fd = -5
[   33.7475] open name host:/livepad.bin flag 1 data 41378
[   33.7488] open fd = -5
[   33.7490] open name host:/livedbg.cmd flag 1 data 41378
[   33.7499] open fd = -5
[   33.7653] open name host:/livepad.bin flag 1 data 41378
[   33.7667] open fd = -5
[   33.7821] open name host:/livepad.bin flag 1 data 41378
[   33.7835] open fd = -5
[   33.7990] open name host:/livepad.bin flag 1 data 41378
[   33.8002] open fd = -5
[   33.8153] open name host:/livepad.bin flag 1 data 41378
[   33.8169] open fd = -5
[   33.8316] open name host:/livepad.bin flag 1 data 41378
[   33.8328] open fd = -5
[   33.8481] open name host:/livepad.bin flag 1 data 41378
[   33.8492] open fd = -5
[   33.8494] open name host:/livedbg.cmd flag 1 data 41378
[   33.8504] open fd = -5
[   33.8665] open name host:/livepad.bin flag 1 data 41378
[   33.8677] open fd = -5
[   33.8834] open name host:/livepad.bin flag 1 data 41378
[   33.8846] open fd = -5
[   33.9001] open name host:/livepad.bin flag 1 data 41378
[   33.9013] open fd = -5
[   33.9163] open name host:/livepad.bin flag 1 data 41378
[   33.9174] open fd = -5
[   33.9327] open name host:/livepad.bin flag 1 data 41378
[   33.9340] open fd = -5
[   33.9490] open name host:/livepad.bin flag 1 data 41378
[   33.9501] open fd = -5
[   33.9504] open name host:/livedbg.cmd flag 1 data 41378
[   33.9515] open fd = -5
[   33.9663] open name host:/livepad.bin flag 1 data 41378
[   33.9676] open fd = -5
[   33.9691] open name host:/log.txt flag 302 data 41378
[   33.9710] open fd = 256
[   33.9875] open name host:/livepad.bin flag 1 data 41378
[   33.9888] open fd = -5
[   34.0034] open name host:/livepad.bin flag 1 data 41378
[   34.0047] open fd = -5
[   34.0196] open name host:/livepad.bin flag 1 data 41378
[   34.0208] open fd = -5
[   34.0362] open name host:/livepad.bin flag 1 data 41378
[   34.0376] open fd = -5
[   34.0531] open name host:/livepad.bin flag 1 data 41378
[   34.0545] open fd = -5
[   34.0548] open name host:/livedbg.cmd flag 1 data 41378
[   34.0558] open fd = -5
[   34.0704] open name host:/livepad.bin flag 1 data 41378
[   34.0717] open fd = -5
[   34.0879] open name host:/livepad.bin flag 1 data 41378
[   34.0892] open fd = -5
[   34.1044] open name host:/livepad.bin flag 1 data 41378
[   34.1055] open fd = -5
[   34.1208] open name host:/livepad.bin flag 1 data 41378
[   34.1219] open fd = -5
[   34.1373] open name host:/livepad.bin flag 1 data 41378
[   34.1385] open fd = -5
[   34.1528] open name host:/livepad.bin flag 1 data 41378
[   34.1540] open fd = -5
[   34.1543] open name host:/livedbg.cmd flag 1 data 41378
[   34.1552] open fd = -5
[   34.1704] open name host:/livepad.bin flag 1 data 41378
[   34.1718] open fd = -5
[   34.1864] open name host:/livepad.bin flag 1 data 41378
[   34.1878] open fd = -5
[   34.2036] open name host:/livepad.bin flag 1 data 41378
[   34.2049] open fd = -5
[   34.2196] open name host:/livepad.bin flag 1 data 41378
[   34.2209] open fd = -5
[   34.2363] open name host:/livepad.bin flag 1 data 41378
[   34.2377] open fd = -5
[   34.2532] open name host:/livepad.bin flag 1 data 41378
[   34.2546] open fd = -5
[   34.2548] open name host:/livedbg.cmd flag 1 data 41378
[   34.2558] open fd = -5
[   34.2704] open name host:/livepad.bin flag 1 data 41378
[   34.2717] open fd = -5
[   34.2872] open name host:/livepad.bin flag 1 data 41378
[   34.2885] open fd = -5
[   34.3035] open name host:/livepad.bin flag 1 data 41378
[   34.3049] open fd = -5
[   34.3207] open name host:/livepad.bin flag 1 data 41378
[   34.3220] open fd = -5
[   34.3373] open name host:/livepad.bin flag 1 data 41378
[   34.3387] open fd = -5
[   34.3541] open name host:/livepad.bin flag 1 data 41378
[   34.3552] open fd = -5
[   34.3555] open name host:/livedbg.cmd flag 1 data 41378
[   34.3565] open fd = -5
[   34.3722] open name host:/livepad.bin flag 1 data 41378
[   34.3735] open fd = -5
[   34.3896] open name host:/livepad.bin flag 1 data 41378
[   34.3908] open fd = -5
[   34.4061] open name host:/livepad.bin flag 1 data 41378
[   34.4073] open fd = -5
[   34.4222] open name host:/livepad.bin flag 1 data 41378
[   34.4233] open fd = -5
[   34.4397] open name host:/livepad.bin flag 1 data 41378
[   34.4408] open fd = -5
[   34.4563] open name host:/livepad.bin flag 1 data 41378
[   34.4574] open fd = -5
[   34.4577] open name host:/livedbg.cmd flag 1 data 41378
[   34.4586] open fd = -5
[   34.4736] open name host:/livepad.bin flag 1 data 41378
[   34.4747] open fd = -5
[   34.4897] open name host:/livepad.bin flag 1 data 41378
[   34.4911] open fd = -5
[   34.5066] open name host:/livepad.bin flag 1 data 41378
[   34.5078] open fd = -5
[   34.5227] open name host:/livepad.bin flag 1 data 41378
[   34.5239] open fd = -5
[   34.5389] open name host:/livepad.bin flag 1 data 41378
[   34.5400] open fd = -5
[   34.5555] open name host:/livepad.bin flag 1 data 41378
[   34.5567] open fd = -5
[   34.5569] open name host:/livedbg.cmd flag 1 data 41378
[   34.5578] open fd = -5
[   34.5725] open name host:/livepad.bin flag 1 data 41378
[   34.5737] open fd = -5
[   34.5886] open name host:/livepad.bin flag 1 data 41378
[   34.5899] open fd = -5
[   34.6049] open name host:/livepad.bin flag 1 data 41378
[   34.6061] open fd = -5
[   34.6214] open name host:/livepad.bin flag 1 data 41378
[   34.6228] open fd = -5
[   34.6383] open name host:/livepad.bin flag 1 data 41378
[   34.6397] open fd = -5
[   34.6553] open name host:/livepad.bin flag 1 data 41378
[   34.6563] open fd = -5
[   34.6565] open name host:/livedbg.cmd flag 1 data 41378
[   34.6575] open fd = -5
[   34.6724] open name host:/livepad.bin flag 1 data 41378
[   34.6737] open fd = -5
[   34.6742] open name host:/log.txt flag 302 data 41378
[   34.6757] open fd = 256
[   34.6922] open name host:/livepad.bin flag 1 data 41378
[   34.6934] open fd = -5
[   34.7079] open name host:/livepad.bin flag 1 data 41378
[   34.7090] open fd = -5
[   34.7238] open name host:/livepad.bin flag 1 data 41378
[   34.7250] open fd = -5
[   34.7404] open name host:/livepad.bin flag 1 data 41378
[   34.7418] open fd = -5
[   34.7571] open name host:/livepad.bin flag 1 data 41378
[   34.7583] open fd = -5
[   34.7586] open name host:/livedbg.cmd flag 1 data 41378
[   34.7597] open fd = -5
[   34.7754] open name host:/livepad.bin flag 1 data 41378
[   34.7765] open fd = -5
[   34.7918] open name host:/livepad.bin flag 1 data 41378
[   34.7930] open fd = -5
[   34.8073] open name host:/livepad.bin flag 1 data 41378
[   34.8085] open fd = -5
[   34.8237] open name host:/livepad.bin flag 1 data 41378
[   34.8247] open fd = -5
[   34.8395] open name host:/livepad.bin flag 1 data 41378
[   34.8409] open fd = -5
[   34.8564] open name host:/livepad.bin flag 1 data 41378
[   34.8576] open fd = -5
[   34.8578] open name host:/livedbg.cmd flag 1 data 41378
[   34.8587] open fd = -5
[   34.8734] open name host:/livepad.bin flag 1 data 41378
[   34.8747] open fd = -5
[   34.8900] open name host:/livepad.bin flag 1 data 41378
[   34.8912] open fd = -5
[   34.9061] open name host:/livepad.bin flag 1 data 41378
[   34.9072] open fd = -5
[   34.9226] open name host:/livepad.bin flag 1 data 41378
[   34.9237] open fd = -5
[   34.9390] open name host:/livepad.bin flag 1 data 41378
[   34.9401] open fd = -5
[   34.9553] open name host:/livepad.bin flag 1 data 41378
[   34.9565] open fd = -5
[   34.9567] open name host:/livedbg.cmd flag 1 data 41378
[   34.9578] open fd = -5
[   34.9733] open name host:/livepad.bin flag 1 data 41378
[   34.9745] open fd = -5
[   34.9901] open name host:/livepad.bin flag 1 data 41378
[   34.9915] open fd = -5
[   35.0069] open name host:/livepad.bin flag 1 data 41378
[   35.0081] open fd = -5
[   35.0230] open name host:/livepad.bin flag 1 data 41378
[   35.0241] open fd = -5
[   35.0402] open name host:/livepad.bin flag 1 data 41378
[   35.0414] open fd = -5
[   35.0567] open name host:/livepad.bin flag 1 data 41378
[   35.0579] open fd = -5
[   35.0582] open name host:/livedbg.cmd flag 1 data 41378
[   35.0592] open fd = -5
[   35.0745] open name host:/livepad.bin flag 1 data 41378
[   35.0757] open fd = -5
[   35.0906] open name host:/livepad.bin flag 1 data 41378
[   35.0918] open fd = -5
[   35.1068] open name host:/livepad.bin flag 1 data 41378
[   35.1081] open fd = -5
[   35.1231] open name host:/livepad.bin flag 1 data 41378
[   35.1244] open fd = -5
[   35.1399] open name host:/livepad.bin flag 1 data 41378
[   35.1413] open fd = -5
[   35.1568] open name host:/livepad.bin flag 1 data 41378
[   35.1580] open fd = -5
[   35.1582] open name host:/livedbg.cmd flag 1 data 41378
[   35.1591] open fd = -5
[   35.1740] open name host:/livepad.bin flag 1 data 41378
[   35.1752] open fd = -5
[   35.1899] open name host:/livepad.bin flag 1 data 41378
[   35.1910] open fd = -5
[   35.2062] open name host:/livepad.bin flag 1 data 41378
[   35.2074] open fd = -5
[   35.2221] open name host:/livepad.bin flag 1 data 41378
[   35.2233] open fd = -5
[   35.2402] open name host:/livepad.bin flag 1 data 41378
[   35.2414] open fd = -5
[   35.2569] open name host:/livepad.bin flag 1 data 41378
[   35.2581] open fd = -5
[   35.2583] open name host:/livedbg.cmd flag 1 data 41378
[   35.2593] open fd = -5
[   35.2756] open name host:/livepad.bin flag 1 data 41378
[   35.2768] open fd = -5
[   35.2928] open name host:/livepad.bin flag 1 data 41378
[   35.2939] open fd = -5
[   35.3107] open name host:/livepad.bin flag 1 data 41378
[   35.3119] open fd = -5
[   35.3271] open name host:/livepad.bin flag 1 data 41378
[   35.3282] open fd = -5
[   35.3445] open name host:/livepad.bin flag 1 data 41378
[   35.3457] open fd = -5
[   35.3616] open name host:/livepad.bin flag 1 data 41378
[   35.3629] open fd = -5
[   35.3632] open name host:/livedbg.cmd flag 1 data 41378
[   35.3641] open fd = -5
[   35.3791] open name host:/livepad.bin flag 1 data 41378
[   35.3804] open fd = -5
[   35.3955] open name host:/livepad.bin flag 1 data 41378
[   35.3968] open fd = -5
[   35.4117] FRAMEARENA frames=1320 peak=1037904 resets=4 fallbacks=0 maxFrameBytes=2731360 maxBorrowed=2120800 freeKiB=8311
[   35.4119] NATIVEVIF frames=1320 batches=1324
[   35.4121] ORDEREDFRAME frames=1320 splitFrames=3
[   35.4121] FRAMEPIPELINE starts=1320 dmaBusyStarts=151
[   35.4122] open name host:/livepad.bin flag 1 data 41378
[   35.4137] open fd = -5
[   35.4288] open name host:/livepad.bin flag 1 data 41378
[   35.4300] open fd = -5
[   35.4452] open name host:/livepad.bin flag 1 data 41378
[   35.4464] open fd = -5
[   35.4616] open name host:/livepad.bin flag 1 data 41378
[   35.4628] open fd = -5
[   35.4631] open name host:/livedbg.cmd flag 1 data 41378
[   35.4640] open fd = -5
[   35.4788] open name host:/livepad.bin flag 1 data 41378
[   35.4800] open fd = -5
[   35.4952] open name host:/livepad.bin flag 1 data 41378
[   35.4963] open fd = -5
[   35.5116] open name host:/livepad.bin flag 1 data 41378
[   35.5128] open fd = -5
[   35.5282] open name host:/livepad.bin flag 1 data 41378
[   35.5295] open fd = -5
[   35.5448] open name host:/livepad.bin flag 1 data 41378
[   35.5460] open fd = -5
[   35.5617] open name host:/livepad.bin flag 1 data 41378
[   35.5630] open fd = -5
[   35.5632] open name host:/livedbg.cmd flag 1 data 41378
[   35.5642] open fd = -5
[   35.5795] open name host:/livepad.bin flag 1 data 41378
[   35.5807] open fd = -5
[   35.5958] open name host:/livepad.bin flag 1 data 41378
[   35.5969] open fd = -5
[   35.6119] open name host:/livepad.bin flag 1 data 41378
[   35.6131] open fd = -5
[   35.6278] open name host:/livepad.bin flag 1 data 41378
[   35.6291] open fd = -5
[   35.6437] open name host:/livepad.bin flag 1 data 41378
[   35.6449] open fd = -5
[   35.6452] open name host:/log.txt flag 302 data 41378
[   35.6467] open fd = 256
[   35.6641] open name host:/livepad.bin flag 1 data 41378
[   35.6653] open fd = -5
[   35.6654] open name host:/livedbg.cmd flag 1 data 41378
[   35.6664] open fd = -5
[   35.6934] open name host:/livepad.bin flag 1 data 41378
[   35.6946] open fd = -5
[   35.6951] open name host:/log.txt flag 302 data 41378
[   35.6965] open fd = 256
[   35.7133] open name host:/livepad.bin flag 1 data 41378
[   35.7144] open fd = -5
[   35.7291] open name host:/livepad.bin flag 1 data 41378
[   35.7302] open fd = -5
[   35.7450] open name host:/livepad.bin flag 1 data 41378
[   35.7463] open fd = -5
[   35.7613] open name host:/livepad.bin flag 1 data 41378
[   35.7626] open fd = -5
[   35.7778] open name host:/livepad.bin flag 1 data 41378
[   35.7789] open fd = -5
[   35.7791] open name host:/livedbg.cmd flag 1 data 41378
[   35.7802] open fd = -5
[   35.7956] open name host:/livepad.bin flag 1 data 41378
[   35.7970] open fd = -5
[   35.8112] open name host:/livepad.bin flag 1 data 41378
[   35.8125] open fd = -5
[   35.8279] open name host:/livepad.bin flag 1 data 41378
[   35.8291] open fd = -5
[   35.8440] open name host:/livepad.bin flag 1 data 41378
[   35.8451] open fd = -5
[   35.8606] open name host:/livepad.bin flag 1 data 41378
[   35.8618] open fd = -5
[   35.8780] open name host:/livepad.bin flag 1 data 41378
[   35.8792] open fd = -5
[   35.8795] open name host:/livedbg.cmd flag 1 data 41378
[   35.8804] open fd = -5
[   35.8949] open name host:/livepad.bin flag 1 data 41378
[   35.8960] open fd = -5
[   35.9102] open name host:/livepad.bin flag 1 data 41378
[   35.9116] open fd = -5
[   35.9270] open name host:/livepad.bin flag 1 data 41378
[   35.9281] open fd = -5
[   35.9443] open name host:/livepad.bin flag 1 data 41378
[   35.9455] open fd = -5
[   35.9618] open name host:/livepad.bin flag 1 data 41378
[   35.9630] open fd = -5
[   35.9795] open name host:/livepad.bin flag 1 data 41378
[   35.9806] open fd = -5
[   35.9808] open name host:/livedbg.cmd flag 1 data 41378
[   35.9817] open fd = -5
[   35.9964] open name host:/livepad.bin flag 1 data 41378
[   35.9975] open fd = -5
[   36.0122] open name host:/livepad.bin flag 1 data 41378
[   36.0134] open fd = -5
[   36.0284] open name host:/livepad.bin flag 1 data 41378
[   36.0296] open fd = -5
[   36.0447] open name host:/livepad.bin flag 1 data 41378
[   36.0460] open fd = -5
[   36.0610] open name host:/livepad.bin flag 1 data 41378
[   36.0622] open fd = -5
[   36.0776] open name host:/livepad.bin flag 1 data 41378
[   36.0791] open fd = -5
[   36.0793] open name host:/livedbg.cmd flag 1 data 41378
[   36.0803] open fd = -5
[   36.0951] open name host:/livepad.bin flag 1 data 41378
[   36.0962] open fd = -5
[   36.1111] open name host:/livepad.bin flag 1 data 41378
[   36.1122] open fd = -5
[   36.1282] open name host:/livepad.bin flag 1 data 41378
[   36.1293] open fd = -5
[   36.1445] open name host:/livepad.bin flag 1 data 41378
[   36.1458] open fd = -5
[   36.1619] open name host:/livepad.bin flag 1 data 41378
[   36.1631] open fd = -5
[   36.1779] open name host:/livepad.bin flag 1 data 41378
[   36.1791] open fd = -5
[   36.1795] open name host:/livedbg.cmd flag 1 data 41378
[   36.1805] open fd = -5
[   36.1958] open name host:/livepad.bin flag 1 data 41378
[   36.1969] open fd = -5
[   36.2118] open name host:/livepad.bin flag 1 data 41378
[   36.2133] open fd = -5
[   36.2293] open name host:/livepad.bin flag 1 data 41378
[   36.2305] open fd = -5
[   36.2468] open name host:/livepad.bin flag 1 data 41378
[   36.2479] open fd = -5
[   36.2636] open name host:/livepad.bin flag 1 data 41378
[   36.2647] open fd = -5
[   36.2808] open name host:/livepad.bin flag 1 data 41378
[   36.2822] open fd = -5
[   36.2825] open name host:/livedbg.cmd flag 1 data 41378
[   36.2835] open fd = -5
[   36.2985] open name host:/livepad.bin flag 1 data 41378
[   36.2997] open fd = -5
[   36.3155] open name host:/livepad.bin flag 1 data 41378
[   36.3166] open fd = -5
[   36.3328] open name host:/livepad.bin flag 1 data 41378
[   36.3340] open fd = -5
[   36.3492] open name host:/livepad.bin flag 1 data 41378
[   36.3505] open fd = -5
[   36.3652] open name host:/livepad.bin flag 1 data 41378
[   36.3664] open fd = -5
[   36.3813] open name host:/livepad.bin flag 1 data 41378
[   36.3824] open fd = -5
[   36.3826] open name host:/livedbg.cmd flag 1 data 41378
[   36.3835] open fd = -5
[   36.3986] open name host:/livepad.bin flag 1 data 41378
[   36.4000] open fd = -5
[   36.4150] open name host:/livepad.bin flag 1 data 41378
[   36.4162] open fd = -5
[   36.4315] open name host:/livepad.bin flag 1 data 41378
[   36.4327] open fd = -5
[   36.4479] open name host:/livepad.bin flag 1 data 41378
[   36.4489] open fd = -5
[   36.4641] open name host:/livepad.bin flag 1 data 41378
[   36.4652] open fd = -5
[   36.4799] open name host:/livepad.bin flag 1 data 41378
[   36.4810] open fd = -5
[   36.4812] open name host:/livedbg.cmd flag 1 data 41378
[   36.4821] open fd = -5
[   36.4967] open name host:/livepad.bin flag 1 data 41378
[   36.4979] open fd = -5
[   36.4995] open name host:/log.txt flag 302 data 41378
[   36.5011] open fd = 256
[   36.5169] open name host:/livepad.bin flag 1 data 41378
[   36.5182] open fd = -5
[   36.5326] open name host:/livepad.bin flag 1 data 41378
[   36.5337] open fd = -5
[   36.5488] open name host:/livepad.bin flag 1 data 41378
[   36.5501] open fd = -5
[   36.5651] open name host:/livepad.bin flag 1 data 41378
[   36.5662] open fd = -5
[   36.5818] open name host:/livepad.bin flag 1 data 41378
[   36.5830] open fd = -5
[   36.5832] open name host:/livedbg.cmd flag 1 data 41378
[   36.5842] open fd = -5
[   36.5993] open name host:/livepad.bin flag 1 data 41378
[   36.6005] open fd = -5
[   36.6154] open name host:/livepad.bin flag 1 data 41378
[   36.6168] open fd = -5
[   36.6312] open name host:/livepad.bin flag 1 data 41378
[   36.6323] open fd = -5
[   36.6470] open name host:/livepad.bin flag 1 data 41378
[   36.6482] open fd = -5
[   36.6639] open name host:/livepad.bin flag 1 data 41378
[   36.6653] open fd = -5
[   36.6814] open name host:/livepad.bin flag 1 data 41378
[   36.6827] open fd = -5
[   36.6831] open name host:/livedbg.cmd flag 1 data 41378
[   36.6842] open fd = -5
[   36.6988] open name host:/livepad.bin flag 1 data 41378
[   36.7001] open fd = -5
[   36.7005] open name host:/log.txt flag 302 data 41378
[   36.7023] open fd = 256
[   36.7201] open name host:/livepad.bin flag 1 data 41378
[   36.7214] open fd = -5
[   36.7367] open name host:/livepad.bin flag 1 data 41378
[   36.7379] open fd = -5
[   36.7528] open name host:/livepad.bin flag 1 data 41378
[   36.7542] open fd = -5
[   36.7685] open name host:/livepad.bin flag 1 data 41378
[   36.7697] open fd = -5
[   36.7848] open name host:/livepad.bin flag 1 data 41378
[   36.7862] open fd = -5
[   36.7864] open name host:/livedbg.cmd flag 1 data 41378
[   36.7874] open fd = -5
[   36.8026] open name host:/livepad.bin flag 1 data 41378
[   36.8038] open fd = -5
[   36.8189] open name host:/livepad.bin flag 1 data 41378
[   36.8202] open fd = -5
[   36.8347] open name host:/livepad.bin flag 1 data 41378
[   36.8359] open fd = -5
[   36.8513] open name host:/livepad.bin flag 1 data 41378
[   36.8527] open fd = -5
[   36.8678] open name host:/livepad.bin flag 1 data 41378
[   36.8689] open fd = -5
[   36.8847] open name host:/livepad.bin flag 1 data 41378
[   36.8861] open fd = -5
[   36.8862] open name host:/livedbg.cmd flag 1 data 41378
[   36.8872] open fd = -5
[   36.9039] open name host:/livepad.bin flag 1 data 41378
[   36.9053] open fd = -5
[   36.9204] open name host:/livepad.bin flag 1 data 41378
[   36.9216] open fd = -5
[   36.9372] open name host:/livepad.bin flag 1 data 41378
[   36.9383] open fd = -5
[   36.9538] open name host:/livepad.bin flag 1 data 41378
[   36.9551] open fd = -5
[   36.9700] open name host:/livepad.bin flag 1 data 41378
[   36.9712] open fd = -5
[   36.9866] open name host:/livepad.bin flag 1 data 41378
[   36.9878] open fd = -5
[   36.9881] open name host:/livedbg.cmd flag 1 data 41378
[   36.9891] open fd = -5
[   37.0041] open name host:/livepad.bin flag 1 data 41378
[   37.0053] open fd = -5
[   37.0200] open name host:/livepad.bin flag 1 data 41378
[   37.0213] open fd = -5
[   37.0368] open name host:/livepad.bin flag 1 data 41378
[   37.0380] open fd = -5
[   37.0526] open name host:/livepad.bin flag 1 data 41378
[   37.0539] open fd = -5
[   37.0686] open name host:/livepad.bin flag 1 data 41378
[   37.0698] open fd = -5
[   37.0848] open name host:/livepad.bin flag 1 data 41378
[   37.0866] open fd = -5
[   37.0868] open name host:/livedbg.cmd flag 1 data 41378
[   37.0878] open fd = -5
[   37.1030] open name host:/livepad.bin flag 1 data 41378
[   37.1042] open fd = -5
[   37.1189] open name host:/livepad.bin flag 1 data 41378
[   37.1202] open fd = -5
[   37.1355] open name host:/livepad.bin flag 1 data 41378
[   37.1369] open fd = -5
[   37.1516] open name host:/livepad.bin flag 1 data 41378
[   37.1528] open fd = -5
[   37.1686] open name host:/livepad.bin flag 1 data 41378
[   37.1697] open fd = -5
[   37.1838] open name host:/livepad.bin flag 1 data 41378
[   37.1851] open fd = -5
[   37.1856] open name host:/livedbg.cmd flag 1 data 41378
[   37.1866] open fd = -5
[   37.2013] open name host:/livepad.bin flag 1 data 41378
[   37.2025] open fd = -5
[   37.2173] open name host:/livepad.bin flag 1 data 41378
[   37.2185] open fd = -5
[   37.2341] open name host:/livepad.bin flag 1 data 41378
[   37.2353] open fd = -5
[   37.2506] open name host:/livepad.bin flag 1 data 41378
[   37.2518] open fd = -5
[   37.2666] open name host:/livepad.bin flag 1 data 41378
[   37.2680] open fd = -5
[   37.2845] open name host:/livepad.bin flag 1 data 41378
[   37.2858] open fd = -5
[   37.2859] open name host:/livedbg.cmd flag 1 data 41378
[   37.2869] open fd = -5
[   37.3021] open name host:/livepad.bin flag 1 data 41378
[   37.3035] open fd = -5
[   37.3181] open name host:/livepad.bin flag 1 data 41378
[   37.3194] open fd = -5
[   37.3343] open name host:/livepad.bin flag 1 data 41378
[   37.3358] open fd = -5
[   37.3512] open name host:/livepad.bin flag 1 data 41378
[   37.3525] open fd = -5
[   37.3677] open name host:/livepad.bin flag 1 data 41378
[   37.3689] open fd = -5
[   37.3842] open name host:/livepad.bin flag 1 data 41378
[   37.3854] open fd = -5
[   37.3856] open name host:/livedbg.cmd flag 1 data 41378
[   37.3865] open fd = -5
[   37.4018] open name host:/livepad.bin flag 1 data 41378
[   37.4032] open fd = -5
[   37.4183] open name host:/livepad.bin flag 1 data 41378
[   37.4197] open fd = -5
[   37.4357] FRAMEARENA frames=1440 peak=1037904 resets=4 fallbacks=0 maxFrameBytes=2731360 maxBorrowed=2120800 freeKiB=8312
[   37.4359] NATIVEVIF frames=1440 batches=1444
[   37.4359] ORDEREDFRAME frames=1440 splitFrames=3
[   37.4360] FRAMEPIPELINE starts=1440 dmaBusyStarts=152
[   37.4361] open name host:/livepad.bin flag 1 data 41378
[   37.4373] open fd = -5
[   37.4533] open name host:/livepad.bin flag 1 data 41378
[   37.4546] open fd = -5
[   37.4725] open name host:/livepad.bin flag 1 data 41378
[   37.4737] open fd = -5
[   37.4882] open name host:/livepad.bin flag 1 data 41378
[   37.4897] open fd = -5
[   37.4903] open name host:/livedbg.cmd flag 1 data 41378
[   37.4914] open fd = -5
[   37.5062] open name host:/livepad.bin flag 1 data 41378
[   37.5074] open fd = -5
[   37.5235] open name host:/livepad.bin flag 1 data 41378
[   37.5248] open fd = -5
[   37.5406] open name host:/livepad.bin flag 1 data 41378
[   37.5420] open fd = -5
[   37.5567] open name host:/livepad.bin flag 1 data 41378
[   37.5578] open fd = -5
[   37.5726] open name host:/livepad.bin flag 1 data 41378
[   37.5737] open fd = -5
[   37.5886] open name host:/livepad.bin flag 1 data 41378
[   37.5897] open fd = -5
[   37.5901] open name host:/livedbg.cmd flag 1 data 41378
[   37.5912] open fd = -5
[   37.6059] open name host:/livepad.bin flag 1 data 41378
[   37.6070] open fd = -5
[   37.6231] open name host:/livepad.bin flag 1 data 41378
[   37.6242] open fd = -5
[   37.6396] open name host:/livepad.bin flag 1 data 41378
[   37.6406] open fd = -5
[   37.6554] open name host:/livepad.bin flag 1 data 41378
[   37.6567] open fd = -5
[   37.6719] open name host:/livepad.bin flag 1 data 41378
[   37.6733] open fd = -5
[   37.6873] open name host:/livepad.bin flag 1 data 41378
[   37.6884] open fd = -5
[   37.6885] open name host:/livedbg.cmd flag 1 data 41378
[   37.6895] open fd = -5
[   37.7017] open name host:/livepad.bin flag 1 data 41378
[   37.7028] open fd = -5
[   37.7155] open name host:/livepad.bin flag 1 data 41378
[   37.7167] open fd = -5
[   37.7295] open name host:/livepad.bin flag 1 data 41378
[   37.7308] open fd = -5
[   37.7604] open name host:/vehicles/veh-ravager000001-shadow.png flag 1 data 41378
[   37.7630] open fd = 256
[   37.7642] open name host:/vehicles/veh-ravager000001-shadow.png flag 1 data 41378
[   37.7670] open fd = 256
[   37.7740] open name host:/vehicles/veh-pica00000001-shadow.png flag 1 data 41378
[   37.7762] open fd = 256
[   37.7771] open name host:/vehicles/veh-pica00000001-shadow.png flag 1 data 41378
[   37.7790] open fd = 256
[   37.7934] open name host:/vehicles/veh-strix0000001-shadow.png flag 1 data 41378
[   37.7957] open fd = 256
[   37.7965] open name host:/vehicles/veh-strix0000001-shadow.png flag 1 data 41378
[   37.7984] open fd = 256
[   37.8091] open name host:/shadowatlas/scene0-0.png flag 1 data 41378
[   37.8112] open fd = 256
[   37.8120] open name host:/shadowatlas/scene0-0.png flag 1 data 41378
[   37.8137] open fd = 256
[   37.8253] open name host:/shadowatlas/scene0-1.png flag 1 data 41378
[   37.8276] open fd = 256
[   37.8285] open name host:/shadowatlas/scene0-1.png flag 1 data 41378
[   37.8304] open fd = 256
[   37.8606] open name host:/materials/district-asphalt.mtl flag 1 data 41378
[   37.8628] open fd = 256
[   37.8650] open name host:/textures/district-asphalt.png flag 1 data 41378
[   37.8668] open fd = 256
[   37.8676] open name host:/textures/district-asphalt.png flag 1 data 41378
[   37.8693] open fd = 256
[   37.8841] open name host:/materials/district-sign.mtl flag 1 data 41378
[   37.8864] open fd = 256
[   37.8883] open name host:/textures/district-sign.png flag 1 data 41378
[   37.8903] open fd = 256
[   37.8910] open name host:/textures/district-sign.png flag 1 data 41378
[   37.8928] open fd = 256
[   37.8963] open name host:/materials/night-warm.mtl flag 1 data 41378
[   37.8982] open fd = 256
[   37.8999] open name host:/materials/night-cyan.mtl flag 1 data 41378
[   37.9018] open fd = 256
[   37.9037] open name host:/materials/night-pink.mtl flag 1 data 41378
[   37.9056] open fd = 256
[   37.9073] open name host:/models/urban/district-workshop.tmdl flag 1 data 41378
[   37.9095] open fd = 256
[   37.9120] open name host:/models/urban/Textures/district-facades.png flag 1 data 41378
[   37.9148] open fd = 256
[   37.9157] open name host:/models/urban/Textures/district-facades.png flag 1 data 41378
[   37.9183] open fd = 256
[   37.9435] open name host:/models/urban/district-tower.tmdl flag 1 data 41378
[   37.9462] open fd = 256
[   37.9489] open name host:/models/urban/district-loft.tmdl flag 1 data 41378
[   37.9514] open fd = 256
[   37.9539] open name host:/models/urban/detail-light-double.tmdl flag 1 data 41378
[   37.9562] open fd = 256
[   37.9651] open name host:/models/urban/Textures/metal.png flag 1 data 41378
[   37.9679] open fd = 256
[   37.9690] open name host:/models/urban/Textures/metal.png flag 1 data 41378
[   37.9726] open fd = 256
[   37.9832] open name host:/models/urban/detail-light-traffic.tmdl flag 1 data 41378
[   37.9861] open fd = 256
[   37.9963] open name host:/models/urban/Textures/roof.png flag 1 data 41378
[   37.9991] open fd = 256
[   38.0004] open name host:/models/urban/Textures/roof.png flag 1 data 41378
[   38.0032] open fd = 256
[   38.0063] open name host:/models/urban/tree-park-large.tmdl flag 1 data 41378
[   38.0089] open fd = 256
[   38.0168] open name host:/models/urban/Textures/treeA.png flag 1 data 41378
[   38.0196] open fd = 256
[   38.0207] open name host:/models/urban/Textures/treeA.png flag 1 data 41378
[   38.0234] open fd = 256
[   38.0343] open name host:/models/urban/Textures/tiles.png flag 1 data 41378
[   38.0372] open fd = 256
[   38.0382] open name host:/models/urban/Textures/tiles.png flag 1 data 41378
[   38.0409] open fd = 256
[   38.0446] open name host:/models/urban/Textures/dirt.png flag 1 data 41378
[   38.0478] open fd = 256
[   38.0488] open name host:/models/urban/Textures/dirt.png flag 1 data 41378
[   38.0517] open fd = 256
[   38.0547] open name host:/models/urban/tree-park-pine-large.tmdl flag 1 data 41378
[   38.0570] open fd = 256
[   38.0646] open name host:/models/urban/Textures/treeB.png flag 1 data 41378
[   38.0674] open fd = 256
[   38.0683] open name host:/models/urban/Textures/treeB.png flag 1 data 41378
[   38.0711] open fd = 256
[   38.0745] open name host:/models/urban/detail-barrier-type-a.tmdl flag 1 data 41378
[   38.0778] open fd = 256
[   38.0908] open name host:/models/urban/Textures/signs.png flag 1 data 41378
[   38.0939] open fd = 256
[   38.0949] open name host:/models/urban/Textures/signs.png flag 1 data 41378
[   38.0977] open fd = 256
[   38.1003] open name host:/models/urban/detail-dumpster-closed.tmdl flag 1 data 41378
[   38.1028] open fd = 256
[   38.1067] open name host:/models/urban/Textures/metal_wall.png flag 1 data 41378
[   38.1096] open fd = 256
[   38.1108] open name host:/models/urban/Textures/metal_wall.png flag 1 data 41378
[   38.1141] open fd = 256
[   38.1175] open name host:/models/urban/Textures/wall.png flag 1 data 41378
[   38.1206] open fd = 256
[   38.1218] open name host:/models/urban/Textures/wall.png flag 1 data 41378
[   38.1247] open fd = 256
[   38.1278] open name host:/models/urban/detail-bench.tmdl flag 1 data 41378
[   38.1307] open fd = 256
[   38.1475] open name host:/models/urban/Textures/planks.png flag 1 data 41378
[   38.1504] open fd = 256
[   38.1514] open name host:/models/urban/Textures/planks.png flag 1 data 41378
[   38.1541] open fd = 256
[   38.1575] open name host:/models/urban/pallet.tmdl flag 1 data 41378
[   38.1598] open fd = 256
[   38.1683] open name host:/sky/scene0.png flag 1 data 41378
[   38.1703] open fd = 256
[   38.1713] open name host:/sky/scene0.png flag 1 data 41378
[   38.1734] open fd = 256
[   38.4610] open name host:/vehicles/fx-skid.png flag 1 data 41378
[   38.4640] open fd = 256
[   38.4648] open name host:/vehicles/fx-skid.png flag 1 data 41378
[   38.4667] open fd = 256
[   38.4803] open name host:/vehicles/fx-smoke.png flag 1 data 41378
[   38.4825] open fd = 256
[   38.4832] open name host:/vehicles/fx-smoke.png flag 1 data 41378
[   38.4853] open fd = 256
[   38.4885] open name host:/log.txt flag 302 data 41378
[   38.4899] open fd = 256
[   38.4913] open name host:/vehicles/veh-ravager000001-wheel.tmdl flag 1 data 41378
[   38.4933] open fd = 256
[   38.5012] open name host:/vehicles/veh-ravager000001-wheelfast.tmdl flag 1 data 41378
[   38.5032] open fd = 256
[   38.5095] open name host:/log.txt flag 302 data 41378
[   38.5109] open fd = 256
[   38.5126] open name host:/vehicles/veh-pica00000001-wheel.tmdl flag 1 data 41378
[   38.5147] open fd = 256
[   38.5303] open name host:/vehicles/veh-pica00000001-wheelfast.tmdl flag 1 data 41378
[   38.5323] open fd = 256
[   38.5384] open name host:/log.txt flag 302 data 41378
[   38.5401] open fd = 256
[   38.5416] open name host:/vehicles/veh-strix0000001-wheel.tmdl flag 1 data 41378
[   38.5436] open fd = 256
[   38.5512] open name host:/vehicles/veh-strix0000001-wheelfast.tmdl flag 1 data 41378
[   38.5531] open fd = 256
[   38.5672] open name host:/log.txt flag 302 data 41378
[   38.5688] open fd = 256
[   38.5706] open name host:/log.txt flag 302 data 41378
[   38.5725] open fd = 256
[   38.5739] open name host:/log.txt flag 302 data 41378
[   38.5754] open fd = 256
[   38.6789] open name host:/log.txt flag 302 data 41378
[   38.6808] open fd = 256
[   38.6954] open name host:/log.txt flag 302 data 41378
[   38.6970] open fd = 256
[   38.6987] open name host:/log.txt flag 302 data 41378
[   38.7005] open fd = 256
[   38.7035] open name host:/gshadow/s0_2_1.png flag 1 data 41378
[   38.7056] open fd = 256
[   38.7064] open name host:/gshadow/s0_2_1.png flag 1 data 41378
[   38.7083] open fd = 256
[   38.7183] open name host:/log.txt flag 302 data 41378
[   38.7200] open fd = 256
[   38.7220] open name host:/log.txt flag 302 data 41378
[   38.7238] open fd = 256
[   38.7260] open name host:/gshadow/s0_1_1.png flag 1 data 41378
[   38.7280] open fd = 256
[   38.7287] open name host:/gshadow/s0_1_1.png flag 1 data 41378
[   38.7307] open fd = 256
[   38.7339] open name host:/log.txt flag 302 data 41378
[   38.7420] open fd = 256
[   38.7436] open name host:/gshadow/s0_3_1.png flag 1 data 41378
[   38.7457] open fd = 256
[   38.7465] open name host:/gshadow/s0_3_1.png flag 1 data 41378
[   38.7484] open fd = 256
[   38.7515] open name host:/log.txt flag 302 data 41378
[   38.7529] open fd = 256
[   38.7548] open name host:/log.txt flag 302 data 41378
[   38.7565] open fd = 256
[   38.7581] open name host:/gshadow/s0_2_2.png flag 1 data 41378
[   38.7599] open fd = 256
[   38.7608] open name host:/gshadow/s0_2_2.png flag 1 data 41378
[   38.7626] open fd = 256
[   38.7718] open name host:/log.txt flag 302 data 41378
[   38.7737] open fd = 256
[   38.7755] open name host:/log.txt flag 302 data 41378
[   38.7769] open fd = 256
[   38.7784] open name host:/gshadow/s0_1_2.png flag 1 data 41378
[   38.7804] open fd = 256
[   38.7814] open name host:/gshadow/s0_1_2.png flag 1 data 41378
[   38.7835] open fd = 256
[   38.7864] open name host:/log.txt flag 302 data 41378
[   38.7878] open fd = 256
[   38.7893] open name host:/gshadow/s0_3_2.png flag 1 data 41378
[   38.7913] open fd = 256
[   38.7920] open name host:/gshadow/s0_3_2.png flag 1 data 41378
[   38.7939] open fd = 256
[   38.8043] open name host:/log.txt flag 302 data 41378
[   38.8058] open fd = 256
[   38.8074] open name host:/gshadow/s0_0_1.png flag 1 data 41378
[   38.8093] open fd = 256
[   38.8100] open name host:/gshadow/s0_0_1.png flag 1 data 41378
[   38.8118] open fd = 256
[   38.8148] open name host:/log.txt flag 302 data 41378
[   38.8162] open fd = 256
[   38.8177] open name host:/gshadow/s0_4_1.png flag 1 data 41378
[   38.8196] open fd = 256
[   38.8204] open name host:/gshadow/s0_4_1.png flag 1 data 41378
[   38.8223] open fd = 256
[   38.8253] open name host:/log.txt flag 302 data 41378
[   38.8267] open fd = 256
[   38.8281] open name host:/log.txt flag 302 data 41378
[   38.8297] open fd = 256
[   38.8394] open name host:/gshadow/s0_4_0.png flag 1 data 41378
[   38.8418] open fd = 256
[   38.8427] open name host:/gshadow/s0_4_0.png flag 1 data 41378
[   38.8446] open fd = 256
[   38.8476] open name host:/log.txt flag 302 data 41378
[   38.8490] open fd = 256
[   38.8505] open name host:/gshadow/s0_2_3.png flag 1 data 41378
[   38.8527] open fd = 256
[   38.8535] open name host:/gshadow/s0_2_3.png flag 1 data 41378
[   38.8554] open fd = 256
[   38.8586] open name host:/log.txt flag 302 data 41378
[   38.8602] open fd = 256
[   38.8624] open name host:/gshadow/s0_0_2.png flag 1 data 41378
[   38.8646] open fd = 256
[   38.8655] open name host:/gshadow/s0_0_2.png flag 1 data 41378
[   38.8674] open fd = 256
[   38.8763] open name host:/log.txt flag 302 data 41378
[   38.8777] open fd = 256
[   38.8796] open name host:/gshadow/s0_4_2.png flag 1 data 41378
[   38.8815] open fd = 256
[   38.8822] open name host:/gshadow/s0_4_2.png flag 1 data 41378
[   38.8842] open fd = 256
[   38.8872] open name host:/log.txt flag 302 data 41378
[   38.8885] open fd = 256
[   38.8901] open name host:/gshadow/s0_1_3.png flag 1 data 41378
[   38.8925] open fd = 256
[   38.8933] open name host:/gshadow/s0_1_3.png flag 1 data 41378
[   38.8954] open fd = 256
[   38.9153] open name host:/log.txt flag 302 data 41378
[   38.9171] open fd = 256
[   38.9185] open name host:/gshadow/s0_3_3.png flag 1 data 41378
[   38.9206] open fd = 256
[   38.9214] open name host:/gshadow/s0_3_3.png flag 1 data 41378
[   38.9232] open fd = 256
[   38.9263] open name host:/log.txt flag 302 data 41378
[   38.9277] open fd = 256
[   38.9291] open name host:/gshadow/s0_0_3.png flag 1 data 41378
[   38.9316] open fd = 256
[   38.9325] open name host:/gshadow/s0_0_3.png flag 1 data 41378
[   38.9346] open fd = 256
[   38.9377] open name host:/log.txt flag 302 data 41378
[   38.9391] open fd = 256
[   38.9409] open name host:/gshadow/s0_4_3.png flag 1 data 41378
[   38.9433] open fd = 256
[   38.9441] open name host:/gshadow/s0_4_3.png flag 1 data 41378
[   38.9461] open fd = 256
[   38.9566] open name host:/log.txt flag 302 data 41378
[   38.9580] open fd = 256
[   38.9594] open name host:/livepad.bin flag 1 data 41378
[   38.9606] open fd = -5
[   38.9608] open name host:/log.txt flag 302 data 41378
[   38.9624] open fd = 256
[   38.9738] open name host:/livepad.bin flag 1 data 41378
[   38.9749] open fd = -5
[   38.9873] open name host:/livepad.bin flag 1 data 41378
[   38.9884] open fd = -5
[   38.9886] open name host:/livedbg.cmd flag 1 data 41378
[   38.9896] open fd = -5
[   39.0021] open name host:/livepad.bin flag 1 data 41378
[   39.0032] open fd = -5
[   39.0158] open name host:/livepad.bin flag 1 data 41378
[   39.0170] open fd = -5
[   39.0292] open name host:/livepad.bin flag 1 data 41378
[   39.0302] open fd = -5
[   39.0444] open name host:/livepad.bin flag 1 data 41378
[   39.0456] open fd = -5
[   39.0615] open name host:/livepad.bin flag 1 data 41378
[   39.0628] open fd = -5
[   39.0784] open name host:/livepad.bin flag 1 data 41378
[   39.0794] open fd = -5
[   39.0795] open name host:/livedbg.cmd flag 1 data 41378
[   39.0804] open fd = -5
[   39.0945] open name host:/livepad.bin flag 1 data 41378
[   39.0956] open fd = -5
[   39.1113] open name host:/livepad.bin flag 1 data 41378
[   39.1126] open fd = -5
[   39.1286] open name host:/livepad.bin flag 1 data 41378
[   39.1297] open fd = -5
[   39.1454] open name host:/livepad.bin flag 1 data 41378
[   39.1464] open fd = -5
[   39.1618] open name host:/livepad.bin flag 1 data 41378
[   39.1629] open fd = -5
[   39.1785] open name host:/livepad.bin flag 1 data 41378
[   39.1795] open fd = -5
[   39.1797] open name host:/livedbg.cmd flag 1 data 41378
[   39.1806] open fd = -5
[   39.1961] open name host:/livepad.bin flag 1 data 41378
[   39.1971] open fd = -5
[   39.2115] open name host:/livepad.bin flag 1 data 41378
[   39.2125] open fd = -5
[   39.2283] open name host:/livepad.bin flag 1 data 41378
[   39.2295] open fd = -5
[   39.2455] open name host:/livepad.bin flag 1 data 41378
[   39.2465] open fd = -5
[   39.2618] open name host:/livepad.bin flag 1 data 41378
[   39.2629] open fd = -5
[   39.2790] open name host:/livepad.bin flag 1 data 41378
[   39.2801] open fd = -5
[   39.2802] open name host:/livedbg.cmd flag 1 data 41378
[   39.2812] open fd = -5
[   39.2953] open name host:/livepad.bin flag 1 data 41378
[   39.2963] open fd = -5
[   39.3115] open name host:/livepad.bin flag 1 data 41378
[   39.3129] open fd = -5
[   39.3294] open name host:/livepad.bin flag 1 data 41378
[   39.3305] open fd = -5
[   39.3452] open name host:/livepad.bin flag 1 data 41378
[   39.3464] open fd = -5
[   39.3622] open name host:/livepad.bin flag 1 data 41378
[   39.3636] open fd = -5
[   39.3783] open name host:/livepad.bin flag 1 data 41378
[   39.3799] open fd = -5
[   39.3800] open name host:/livedbg.cmd flag 1 data 41378
[   39.3817] open fd = -5
[   39.3955] open name host:/livepad.bin flag 1 data 41378
[   39.3965] open fd = -5
[   39.4124] open name host:/livepad.bin flag 1 data 41378
[   39.4137] open fd = -5
[   39.4285] open name host:/livepad.bin flag 1 data 41378
[   39.4296] open fd = -5
[   39.4455] open name host:/livepad.bin flag 1 data 41378
[   39.4465] open fd = -5
[   39.4624] open name host:/livepad.bin flag 1 data 41378
[   39.4634] open fd = -5
[   39.4791] open name host:/livepad.bin flag 1 data 41378
[   39.4802] open fd = -5
[   39.4804] open name host:/livedbg.cmd flag 1 data 41378
[   39.4813] open fd = -5
[   39.4959] open name host:/livepad.bin flag 1 data 41378
[   39.4969] open fd = -5
[   39.5123] open name host:/livepad.bin flag 1 data 41378
[   39.5133] open fd = -5
[   39.5290] open name host:/livepad.bin flag 1 data 41378
[   39.5300] open fd = -5
[   39.5463] open name host:/livepad.bin flag 1 data 41378
[   39.5475] open fd = -5
[   39.5482] open name host:/log.txt flag 302 data 41378
[   39.5498] open fd = 256
[   39.5655] open name host:/log.txt flag 302 data 41378
[   39.5673] open fd = 256
[   39.5689] open name host:/log.txt flag 302 data 41378
[   39.5709] open fd = 256
[   39.5825] open name host:/log.txt flag 302 data 41378
[   39.5843] open fd = 256
[   39.5861] open name host:/log.txt flag 302 data 41378
[   39.5875] open fd = 256
[   39.6613] open name host:/log.txt flag 302 data 41378
[   39.6631] open fd = 256
[   39.7621] open name host:/log.txt flag 302 data 41378
[   39.7640] open fd = 256
[   39.7806] open name host:/log.txt flag 302 data 41378
[   39.7823] open fd = 256
[   39.8155] open name host:/livepad.bin flag 1 data 41378
[   39.8168] open fd = -5
[   39.8314] open name host:/log.txt flag 302 data 41378
[   39.8330] open fd = 256
[   39.8366] open name host:/log.txt flag 302 data 41378
[   39.8382] open fd = 256
[   39.8402] open name host:/log.txt flag 302 data 41378
[   39.8419] open fd = 256
[   39.8640] open name host:/livepad.bin flag 1 data 41378
[   39.8654] open fd = -5
[   39.8657] open name host:/livedbg.cmd flag 1 data 41378
[   39.8667] open fd = -5
[   39.8684] open name host:/log.txt flag 302 data 41378
[   39.8702] open fd = 256
[   39.8721] open name host:/log.txt flag 302 data 41378
[   39.8736] open fd = 256
[   39.8761] open name host:/log.txt flag 302 data 41378
[   39.8776] open fd = 256
[   39.8948] open name host:/livepad.bin flag 1 data 41378
[   39.8963] open fd = -5
[   39.8980] open name host:/log.txt flag 302 data 41378
[   39.8997] open fd = 256
[   39.9015] open name host:/log.txt flag 302 data 41378
[   39.9030] open fd = 256
[   39.9186] open name host:/livepad.bin flag 1 data 41378
[   39.9200] open fd = -5
[   39.9217] open name host:/log.txt flag 302 data 41378
[   39.9232] open fd = 256
[   39.9250] open name host:/log.txt flag 302 data 41378
[   39.9265] open fd = 256
[   39.9418] open name host:/livepad.bin flag 1 data 41378
[   39.9433] open fd = -5
[   39.9450] open name host:/log.txt flag 302 data 41378
[   39.9466] open fd = 256
[   39.9482] open name host:/log.txt flag 302 data 41378
[   39.9497] open fd = 256
[   39.9673] open name host:/livepad.bin flag 1 data 41378
[   39.9686] open fd = -5
[   39.9702] open name host:/log.txt flag 302 data 41378
[   39.9719] open fd = 256
[   39.9734] open name host:/log.txt flag 302 data 41378
[   39.9749] open fd = 256
[   39.9911] open name host:/livepad.bin flag 1 data 41378
[   39.9923] open fd = -5
[   39.9938] open name host:/log.txt flag 302 data 41378
[   39.9953] open fd = 256
[   39.9970] open name host:/log.txt flag 302 data 41378
[   39.9985] open fd = 256
[   40.0166] open name host:/livepad.bin flag 1 data 41378
[   40.0177] open fd = -5
[   40.0181] open name host:/livedbg.cmd flag 1 data 41378
[   40.0190] open fd = -5
[   40.0206] open name host:/log.txt flag 302 data 41378
[   40.0224] open fd = 256
[   40.0242] open name host:/log.txt flag 302 data 41378
[   40.0257] open fd = 256
[   40.0422] open name host:/livepad.bin flag 1 data 41378
[   40.0435] open fd = -5
[   40.0450] open name host:/log.txt flag 302 data 41378
[   40.0469] open fd = 256
[   40.0638] open name host:/livepad.bin flag 1 data 41378
[   40.0652] open fd = -5
[   40.0832] open name host:/livepad.bin flag 1 data 41378
[   40.0845] open fd = -5
[   40.0889] open name host:/log.txt flag 302 data 41378
[   40.0908] open fd = 256
[   40.1161] open name host:/livepad.bin flag 1 data 41378
[   40.1175] open fd = -5
[   40.1345] open name host:/livepad.bin flag 1 data 41378
[   40.1358] open fd = -5
[   40.1520] open name host:/livepad.bin flag 1 data 41378
[   40.1533] open fd = -5
[   40.1535] open name host:/livedbg.cmd flag 1 data 41378
[   40.1545] open fd = -5
[   40.1720] open name host:/livepad.bin flag 1 data 41378
[   40.1733] open fd = -5
[   40.1899] open name host:/livepad.bin flag 1 data 41378
[   40.1910] open fd = -5
[   40.2087] open name host:/livepad.bin flag 1 data 41378
[   40.2101] open fd = -5
[   40.2264] open name host:/livepad.bin flag 1 data 41378
[   40.2276] open fd = -5
[   40.2440] open name host:/livepad.bin flag 1 data 41378
[   40.2452] open fd = -5
[   40.2629] open name host:/livepad.bin flag 1 data 41378
[   40.2642] open fd = -5
[   40.2645] open name host:/livedbg.cmd flag 1 data 41378
[   40.2655] open fd = -5
[   40.2824] open name host:/livepad.bin flag 1 data 41378
[   40.2839] open fd = -5
[   40.2872] open name host:/log.txt flag 302 data 41378
[   40.2887] open fd = 256
[   40.3052] open name host:/livepad.bin flag 1 data 41378
[   40.3065] open fd = -5
[   40.3096] open name host:/log.txt flag 302 data 41378
[   40.3113] open fd = 256
[   40.3385] open name host:/livepad.bin flag 1 data 41378
[   40.3399] open fd = -5
[   40.3413] open name host:/log.txt flag 302 data 41378
[   40.3430] open fd = 256
[   40.3611] open name host:/livepad.bin flag 1 data 41378
[   40.3623] open fd = -5
[   40.3797] open name host:/livepad.bin flag 1 data 41378
[   40.3811] open fd = -5
[   40.3982] open name host:/livepad.bin flag 1 data 41378
[   40.3996] open fd = -5
[   40.3999] open name host:/livedbg.cmd flag 1 data 41378
[   40.4011] open fd = -5
[   40.4175] open name host:/livepad.bin flag 1 data 41378
[   40.4186] open fd = -5
[   40.4352] open name host:/livepad.bin flag 1 data 41378
[   40.4363] open fd = -5
[   40.4528] open name host:/livepad.bin flag 1 data 41378
[   40.4543] open fd = -5
[   40.4709] open name host:/livepad.bin flag 1 data 41378
[   40.4721] open fd = -5
[   40.4888] open name host:/livepad.bin flag 1 data 41378
[   40.4905] open fd = -5
[   40.5068] open name host:/livepad.bin flag 1 data 41378
[   40.5081] open fd = -5
[   40.5084] open name host:/livedbg.cmd flag 1 data 41378
[   40.5095] open fd = -5
[   40.5256] open name host:/livepad.bin flag 1 data 41378
[   40.5269] open fd = -5
[   40.5429] open name host:/livepad.bin flag 1 data 41378
[   40.5442] open fd = -5
[   40.5615] open name host:/livepad.bin flag 1 data 41378
[   40.5629] open fd = -5
[   40.5812] open name host:/livepad.bin flag 1 data 41378
[   40.5825] open fd = -5
[   40.5995] open name host:/livepad.bin flag 1 data 41378
[   40.6008] open fd = -5
[   40.6170] open name host:/livepad.bin flag 1 data 41378
[   40.6185] open fd = -5
[   40.6188] open name host:/livedbg.cmd flag 1 data 41378
[   40.6199] open fd = -5
[   40.6363] open name host:/livepad.bin flag 1 data 41378
[   40.6376] open fd = -5
[   40.6542] open name host:/livepad.bin flag 1 data 41378
[   40.6555] open fd = -5
[   40.6720] FRAMEARENA frames=1560 peak=1037904 resets=6 fallbacks=0 maxFrameBytes=2731360 maxBorrowed=2120800 freeKiB=9418
[   40.6722] NATIVEVIF frames=1560 batches=1566
[   40.6724] ORDEREDFRAME frames=1560 splitFrames=4
[   40.6726] FRAMEPIPELINE starts=1560 dmaBusyStarts=152
[   40.6728] open name host:/livepad.bin flag 1 data 41378
[   40.6742] open fd = -5
[   40.6914] open name host:/livepad.bin flag 1 data 41378
[   40.6928] open fd = -5
[   40.7106] open name host:/livepad.bin flag 1 data 41378
[   40.7126] open fd = -5
[   40.7314] open name host:/livepad.bin flag 1 data 41378
[   40.7329] open fd = -5
[   40.7333] open name host:/livedbg.cmd flag 1 data 41378
[   40.7345] open fd = -5
[   40.7521] open name host:/livepad.bin flag 1 data 41378
[   40.7534] open fd = -5
[   40.7710] open name host:/livepad.bin flag 1 data 41378
[   40.7721] open fd = -5
[   40.7889] open name host:/livepad.bin flag 1 data 41378
[   40.7902] open fd = -5
[   40.8066] open name host:/livepad.bin flag 1 data 41378
[   40.8078] open fd = -5
[   40.8090] open name host:/log.txt flag 302 data 41378
[   40.8107] open fd = 256
[   40.8279] open name host:/livepad.bin flag 1 data 41378
[   40.8292] open fd = -5
[   40.8316] open name host:/log.txt flag 302 data 41378
[   40.8333] open fd = 256
[   40.8495] open name host:/livepad.bin flag 1 data 41378
[   40.8507] open fd = -5
[   40.8511] open name host:/livedbg.cmd flag 1 data 41378
[   40.8520] open fd = -5
[   40.8699] open name host:/livepad.bin flag 1 data 41378
[   40.8712] open fd = -5
[   40.8877] open name host:/livepad.bin flag 1 data 41378
[   40.8890] open fd = -5
[   40.9056] open name host:/livepad.bin flag 1 data 41378
[   40.9068] open fd = -5
[   40.9227] open name host:/livepad.bin flag 1 data 41378
[   40.9242] open fd = -5
[   40.9411] open name host:/livepad.bin flag 1 data 41378
[   40.9423] open fd = -5
[   40.9580] open name host:/livepad.bin flag 1 data 41378
[   40.9590] open fd = -5
[   40.9592] open name host:/livedbg.cmd flag 1 data 41378
[   40.9602] open fd = -5
[   40.9766] open name host:/livepad.bin flag 1 data 41378
[   40.9779] open fd = -5
[   40.9947] open name host:/livepad.bin flag 1 data 41378
[   40.9959] open fd = -5
[   41.0137] open name host:/livepad.bin flag 1 data 41378
[   41.0150] open fd = -5
[   41.0317] open name host:/livepad.bin flag 1 data 41378
[   41.0329] open fd = -5
[   41.0495] open name host:/livepad.bin flag 1 data 41378
[   41.0508] open fd = -5
[   41.0538] open name host:/log.txt flag 302 data 41378
[   41.0560] open fd = 256
[   41.0734] open name host:/livepad.bin flag 1 data 41378
[   41.0748] open fd = -5
[   41.0751] open name host:/livedbg.cmd flag 1 data 41378
[   41.0764] open fd = -5
[   41.0782] open name host:/log.txt flag 302 data 41378
[   41.0799] open fd = 256
[   41.0984] open name host:/livepad.bin flag 1 data 41378
[   41.0996] open fd = -5
[   41.1173] open name host:/livepad.bin flag 1 data 41378
[   41.1186] open fd = -5
[   41.1347] open name host:/livepad.bin flag 1 data 41378
[   41.1360] open fd = -5
[   41.1545] open name host:/livepad.bin flag 1 data 41378
[   41.1558] open fd = -5
[   41.1740] open name host:/livepad.bin flag 1 data 41378
[   41.1753] open fd = -5
[   41.1930] open name host:/livepad.bin flag 1 data 41378
[   41.1945] open fd = -5
[   41.1948] open name host:/livedbg.cmd flag 1 data 41378
[   41.1960] open fd = -5
[   41.2142] open name host:/livepad.bin flag 1 data 41378
[   41.2155] open fd = -5
[   41.2329] open name host:/livepad.bin flag 1 data 41378
[   41.2342] open fd = -5
[   41.2513] open name host:/livepad.bin flag 1 data 41378
[   41.2527] open fd = -5
[   41.2694] open name host:/livepad.bin flag 1 data 41378
[   41.2707] open fd = -5
[   41.2874] open name host:/livepad.bin flag 1 data 41378
[   41.2886] open fd = -5
[   41.2903] open name host:/log.txt flag 302 data 41378
[   41.2922] open fd = 256
[   41.3114] open name host:/livepad.bin flag 1 data 41378
[   41.3127] open fd = -5
[   41.3131] open name host:/livedbg.cmd flag 1 data 41378
[   41.3143] open fd = -5
[   41.3321] open name host:/livepad.bin flag 1 data 41378
[   41.3334] open fd = -5
[   41.3509] open name host:/livepad.bin flag 1 data 41378
[   41.3523] open fd = -5
[   41.3708] open name host:/livepad.bin flag 1 data 41378
[   41.3725] open fd = -5
[   41.3904] open name host:/livepad.bin flag 1 data 41378
[   41.3917] open fd = -5
[   41.4095] open name host:/livepad.bin flag 1 data 41378
[   41.4108] open fd = -5
[   41.4270] open name host:/livepad.bin flag 1 data 41378
[   41.4283] open fd = -5
[   41.4287] open name host:/livedbg.cmd flag 1 data 41378
[   41.4301] open fd = -5
[   41.4467] open name host:/livepad.bin flag 1 data 41378
[   41.4480] open fd = -5
[   41.4647] open name host:/livepad.bin flag 1 data 41378
[   41.4659] open fd = -5
[   41.4827] open name host:/livepad.bin flag 1 data 41378
[   41.4841] open fd = -5
[   41.5015] open name host:/livepad.bin flag 1 data 41378
[   41.5028] open fd = -5
[   41.5200] open name host:/livepad.bin flag 1 data 41378
[   41.5212] open fd = -5
[   41.5377] open name host:/livepad.bin flag 1 data 41378
[   41.5388] open fd = -5
[   41.5390] open name host:/livedbg.cmd flag 1 data 41378
[   41.5400] open fd = -5
[   41.5569] open name host:/livepad.bin flag 1 data 41378
[   41.5582] open fd = -5
[   41.5759] open name host:/livepad.bin flag 1 data 41378
[   41.5772] open fd = -5
[   41.5946] open name host:/livepad.bin flag 1 data 41378
[   41.5959] open fd = -5
[   41.6134] open name host:/livepad.bin flag 1 data 41378
[   41.6148] open fd = -5
[   41.6330] open name host:/livepad.bin flag 1 data 41378
[   41.6344] open fd = -5
[   41.6523] open name host:/livepad.bin flag 1 data 41378
[   41.6534] open fd = -5
[   41.6538] open name host:/livedbg.cmd flag 1 data 41378
[   41.6548] open fd = -5
[   41.6720] open name host:/livepad.bin flag 1 data 41378
[   41.6734] open fd = -5
[   41.6922] open name host:/livepad.bin flag 1 data 41378
[   41.6936] open fd = -5
[   41.7124] open name host:/livepad.bin flag 1 data 41378
[   41.7185] open fd = -5
[   41.7354] open name host:/livepad.bin flag 1 data 41378
[   41.7366] open fd = -5
[   41.7533] open name host:/livepad.bin flag 1 data 41378
[   41.7547] open fd = -5
[   41.7715] open name host:/livepad.bin flag 1 data 41378
[   41.7728] open fd = -5
[   41.7731] open name host:/livedbg.cmd flag 1 data 41378
[   41.7742] open fd = -5
[   41.7753] open name host:/log.txt flag 302 data 41378
[   41.7768] open fd = 256
[   41.7962] open name host:/livepad.bin flag 1 data 41378
[   41.7978] open fd = -5
[   41.8155] open name host:/livepad.bin flag 1 data 41378
[   41.8169] open fd = -5
[   41.8336] open name host:/livepad.bin flag 1 data 41378
[   41.8349] open fd = -5
[   41.8529] open name host:/livepad.bin flag 1 data 41378
[   41.8543] open fd = -5
[   41.8729] open name host:/livepad.bin flag 1 data 41378
[   41.8744] open fd = -5
[   41.8955] open name host:/livepad.bin flag 1 data 41378
[   41.8967] open fd = -5
[   41.8970] open name host:/livedbg.cmd flag 1 data 41378
[   41.8980] open fd = -5
[   41.9145] open name host:/livepad.bin flag 1 data 41378
[   41.9158] open fd = -5
[   41.9342] open name host:/livepad.bin flag 1 data 41378
[   41.9356] open fd = -5
[   41.9542] open name host:/livepad.bin flag 1 data 41378
[   41.9555] open fd = -5
[   41.9726] open name host:/livepad.bin flag 1 data 41378
[   41.9738] open fd = -5
[   41.9915] open name host:/livepad.bin flag 1 data 41378
[   41.9928] open fd = -5
[   42.0106] open name host:/livepad.bin flag 1 data 41378
[   42.0118] open fd = -5
[   42.0121] open name host:/livedbg.cmd flag 1 data 41378
[   42.0131] open fd = -5
[   42.0300] open name host:/livepad.bin flag 1 data 41378
[   42.0312] open fd = -5
[   42.0342] open name host:/log.txt flag 302 data 41378
[   42.0358] open fd = 256
[   42.0522] open name host:/livepad.bin flag 1 data 41378
[   42.0536] open fd = -5
[   42.0703] open name host:/livepad.bin flag 1 data 41378
[   42.0718] open fd = -5
[   42.0910] open name host:/livepad.bin flag 1 data 41378
[   42.0924] open fd = -5
[   42.1097] open name host:/livepad.bin flag 1 data 41378
[   42.1110] open fd = -5
[   42.1307] open name host:/livepad.bin flag 1 data 41378
[   42.1318] open fd = -5
[   42.1321] open name host:/livedbg.cmd flag 1 data 41378
[   42.1335] open fd = -5
[   42.1507] open name host:/livepad.bin flag 1 data 41378
[   42.1520] open fd = -5
[   42.1701] open name host:/livepad.bin flag 1 data 41378
[   42.1715] open fd = -5
[   42.1883] open name host:/livepad.bin flag 1 data 41378
[   42.1895] open fd = -5
[   42.2073] open name host:/livepad.bin flag 1 data 41378
[   42.2087] open fd = -5
[   42.2250] open name host:/livepad.bin flag 1 data 41378
[   42.2264] open fd = -5
[   42.2431] open name host:/livepad.bin flag 1 data 41378
[   42.2446] open fd = -5
[   42.2449] open name host:/livedbg.cmd flag 1 data 41378
[   42.2462] open fd = -5
[   42.2472] open name host:/log.txt flag 302 data 41378
[   42.2488] open fd = 256
[   42.2662] open name host:/livepad.bin flag 1 data 41378
[   42.2675] open fd = -5
[   42.2688] open name host:/log.txt flag 302 data 41378
[   42.2704] open fd = 256
[   42.2886] open name host:/livepad.bin flag 1 data 41378
[   42.2898] open fd = -5
[   42.3067] open name host:/livepad.bin flag 1 data 41378
[   42.3079] open fd = -5
[   42.3250] open name host:/livepad.bin flag 1 data 41378
[   42.3263] open fd = -5
[   42.3440] open name host:/livepad.bin flag 1 data 41378
[   42.3454] open fd = -5
[   42.3620] open name host:/livepad.bin flag 1 data 41378
[   42.3633] open fd = -5
[   42.3636] open name host:/livedbg.cmd flag 1 data 41378
[   42.3647] open fd = -5
[   42.3809] open name host:/livepad.bin flag 1 data 41378
[   42.3821] open fd = -5
[   42.4003] open name host:/livepad.bin flag 1 data 41378
[   42.4016] open fd = -5
[   42.4190] open name host:/livepad.bin flag 1 data 41378
[   42.4203] open fd = -5
[   42.4376] open name host:/livepad.bin flag 1 data 41378
[   42.4387] open fd = -5
[   42.4555] open name host:/livepad.bin flag 1 data 41378
[   42.4566] open fd = -5
[   42.4751] open name host:/livepad.bin flag 1 data 41378
[   42.4764] open fd = -5
[   42.4769] open name host:/livedbg.cmd flag 1 data 41378
[   42.4780] open fd = -5
[   42.4941] open name host:/livepad.bin flag 1 data 41378
[   42.4955] open fd = -5
[   42.5132] open name host:/livepad.bin flag 1 data 41378
[   42.5146] open fd = -5
[   42.5318] open name host:/livepad.bin flag 1 data 41378
[   42.5331] open fd = -5
[   42.5499] open name host:/livepad.bin flag 1 data 41378
[   42.5511] open fd = -5
[   42.5682] open name host:/livepad.bin flag 1 data 41378
[   42.5695] open fd = -5
[   42.5863] open name host:/livepad.bin flag 1 data 41378
[   42.5875] open fd = -5
[   42.5877] open name host:/livedbg.cmd flag 1 data 41378
[   42.5887] open fd = -5
[   42.6066] open name host:/livepad.bin flag 1 data 41378
[   42.6079] open fd = -5
[   42.6252] open name host:/livepad.bin flag 1 data 41378
[   42.6264] open fd = -5
[   42.6442] open name host:/livepad.bin flag 1 data 41378
[   42.6457] open fd = -5
[   42.6633] open name host:/livepad.bin flag 1 data 41378
[   42.6646] open fd = -5
[   42.6833] open name host:/livepad.bin flag 1 data 41378
[   42.6848] open fd = -5
[   42.7029] open name host:/livepad.bin flag 1 data 41378
[   42.7042] open fd = -5
[   42.7045] open name host:/livedbg.cmd flag 1 data 41378
[   42.7055] open fd = -5
[   42.7217] open name host:/livepad.bin flag 1 data 41378
[   42.7242] open fd = -5
[   42.7412] open name host:/livepad.bin flag 1 data 41378
[   42.7427] open fd = -5
[   42.7438] open name host:/log.txt flag 302 data 41378
[   42.7455] open fd = 256
[   42.7630] open name host:/livepad.bin flag 1 data 41378
[   42.7645] open fd = -5
[   42.7837] open name host:/livepad.bin flag 1 data 41378
[   42.7851] open fd = -5
[   42.8011] open name host:/livepad.bin flag 1 data 41378
[   42.8024] open fd = -5
[   42.8189] open name host:/livepad.bin flag 1 data 41378
[   42.8204] open fd = -5
[   42.8206] open name host:/livedbg.cmd flag 1 data 41378
[   42.8217] open fd = -5
[   42.8379] open name host:/livepad.bin flag 1 data 41378
[   42.8393] open fd = -5
[   42.8570] open name host:/livepad.bin flag 1 data 41378
[   42.8582] open fd = -5
[   42.8754] open name host:/livepad.bin flag 1 data 41378
[   42.8768] open fd = -5
[   42.8936] open name host:/livepad.bin flag 1 data 41378
[   42.8947] open fd = -5
[   42.9111] open name host:/livepad.bin flag 1 data 41378
[   42.9124] open fd = -5
[   42.9301] open name host:/livepad.bin flag 1 data 41378
[   42.9316] open fd = -5
[   42.9320] open name host:/livedbg.cmd flag 1 data 41378
[   42.9330] open fd = -5
[   42.9496] open name host:/livepad.bin flag 1 data 41378
[   42.9508] open fd = -5
[   42.9683] open name host:/livepad.bin flag 1 data 41378
[   42.9695] open fd = -5
[   42.9871] FRAMEARENA frames=1680 peak=1037904 resets=6 fallbacks=0 maxFrameBytes=2731360 maxBorrowed=2120800 freeKiB=9467
[   42.9874] NATIVEVIF frames=1680 batches=1686
[   42.9876] ORDEREDFRAME frames=1680 splitFrames=4
[   42.9877] FRAMEPIPELINE starts=1680 dmaBusyStarts=152
[   42.9880] open name host:/livepad.bin flag 1 data 41378
[   42.9894] open fd = -5
[   42.9920] open name host:/log.txt flag 302 data 41378
[   42.9940] open fd = 256
[   43.0104] open name host:/livepad.bin flag 1 data 41378
[   43.0118] open fd = -5
[   43.0291] open name host:/livepad.bin flag 1 data 41378
[   43.0305] open fd = -5
[   43.0491] open name host:/livepad.bin flag 1 data 41378
[   43.0505] open fd = -5
[   43.0509] open name host:/livedbg.cmd flag 1 data 41378
[   43.0521] open fd = -5
[   43.0690] open name host:/livepad.bin flag 1 data 41378
[   43.0703] open fd = -5
[   43.0880] open name host:/livepad.bin flag 1 data 41378
[   43.0891] open fd = -5
[   43.1057] open name host:/livepad.bin flag 1 data 41378
[   43.1069] open fd = -5
[   43.1231] open name host:/livepad.bin flag 1 data 41378
[   43.1247] open fd = -5
[   43.1414] open name host:/livepad.bin flag 1 data 41378
[   43.1427] open fd = -5
[   43.1590] open name host:/livepad.bin flag 1 data 41378
[   43.1603] open fd = -5
[   43.1605] open name host:/livedbg.cmd flag 1 data 41378
[   43.1618] open fd = -5
[   43.1791] open name host:/livepad.bin flag 1 data 41378
[   43.1807] open fd = -5
[   43.1973] open name host:/livepad.bin flag 1 data 41378
[   43.1986] open fd = -5
[   43.2166] open name host:/livepad.bin flag 1 data 41378
[   43.2179] open fd = -5
[   43.2191] open name host:/log.txt flag 302 data 41378
[   43.2207] open fd = 256
[   43.2381] open name host:/livepad.bin flag 1 data 41378
[   43.2393] open fd = -5
[   43.2568] open name host:/livepad.bin flag 1 data 41378
[   43.2583] open fd = -5
[   43.2754] open name host:/livepad.bin flag 1 data 41378
[   43.2769] open fd = -5
[   43.2773] open name host:/livedbg.cmd flag 1 data 41378
[   43.2784] open fd = -5
[   43.2960] open name host:/livepad.bin flag 1 data 41378
[   43.2973] open fd = -5
[   43.3153] open name host:/livepad.bin flag 1 data 41378
[   43.3166] open fd = -5
[   43.3338] open name host:/livepad.bin flag 1 data 41378
[   43.3352] open fd = -5
[   43.3356] open name host:/log.txt flag 302 data 41378
[   43.3372] open fd = 256
[   43.3582] open name host:/livepad.bin flag 1 data 41378
[   43.3594] open fd = -5
[   43.3759] open name host:/livepad.bin flag 1 data 41378
[   43.3770] open fd = -5
[   43.3955] open name host:/livepad.bin flag 1 data 41378
[   43.3968] open fd = -5
[   43.3971] open name host:/livedbg.cmd flag 1 data 41378
[   43.3980] open fd = -5
[   43.3990] open name host:/log.txt flag 302 data 41378
[   43.4005] open fd = 256
[   43.4183] open name host:/livepad.bin flag 1 data 41378
[   43.4195] open fd = -5
[   43.4382] open name host:/livepad.bin flag 1 data 41378
[   43.4393] open fd = -5
[   43.4565] open name host:/livepad.bin flag 1 data 41378
[   43.4577] open fd = -5
[   43.4749] open name host:/livepad.bin flag 1 data 41378
[   43.4764] open fd = -5
[   43.4920] open name host:/livepad.bin flag 1 data 41378
[   43.4933] open fd = -5
[   43.5102] open name host:/livepad.bin flag 1 data 41378
[   43.5115] open fd = -5
[   43.5118] open name host:/livedbg.cmd flag 1 data 41378
[   43.5131] open fd = -5
[   43.5305] open name host:/livepad.bin flag 1 data 41378
[   43.5318] open fd = -5
[   43.5487] open name host:/livepad.bin flag 1 data 41378
[   43.5501] open fd = -5
[   43.5672] open name host:/livepad.bin flag 1 data 41378
[   43.5686] open fd = -5
[   43.5859] open name host:/livepad.bin flag 1 data 41378
[   43.5872] open fd = -5
[   43.6047] open name host:/livepad.bin flag 1 data 41378
[   43.6060] open fd = -5
[   43.6246] open name host:/livepad.bin flag 1 data 41378
[   43.6259] open fd = -5
[   43.6261] open name host:/livedbg.cmd flag 1 data 41378
[   43.6274] open fd = -5
[   43.6444] open name host:/livepad.bin flag 1 data 41378
[   43.6461] open fd = -5
[   43.6636] open name host:/livepad.bin flag 1 data 41378
[   43.6650] open fd = -5
[   43.6827] open name host:/livepad.bin flag 1 data 41378
[   43.6843] open fd = -5
[   43.7041] open name host:/livepad.bin flag 1 data 41378
[   43.7053] open fd = -5
[   43.7064] open name host:/log.txt flag 302 data 41378
[   43.7085] open fd = 256
[   43.7275] open name host:/livepad.bin flag 1 data 41378
[   43.7302] open fd = -5
[   43.7324] open name host:/log.txt flag 302 data 41378
[   43.7340] open fd = 256
[   43.7513] open name host:/livepad.bin flag 1 data 41378
[   43.7527] open fd = -5
[   43.7530] open name host:/livedbg.cmd flag 1 data 41378
[   43.7541] open fd = -5
[   43.7725] open name host:/livepad.bin flag 1 data 41378
[   43.7740] open fd = -5
[   43.7921] open name host:/livepad.bin flag 1 data 41378
[   43.7934] open fd = -5
[   43.8101] open name host:/livepad.bin flag 1 data 41378
[   43.8116] open fd = -5
[   43.8277] open name host:/livepad.bin flag 1 data 41378
[   43.8292] open fd = -5
[   43.8466] open name host:/livepad.bin flag 1 data 41378
[   43.8479] open fd = -5
[   43.8640] open name host:/livepad.bin flag 1 data 41378
[   43.8654] open fd = -5
[   43.8657] open name host:/livedbg.cmd flag 1 data 41378
[   43.8667] open fd = -5
[   43.8839] open name host:/livepad.bin flag 1 data 41378
[   43.8852] open fd = -5
[   43.9032] open name host:/livepad.bin flag 1 data 41378
[   43.9044] open fd = -5
[   43.9225] open name host:/livepad.bin flag 1 data 41378
[   43.9243] open fd = -5
[   43.9426] open name host:/livepad.bin flag 1 data 41378
[   43.9441] open fd = -5
[   43.9632] open name host:/livepad.bin flag 1 data 41378
[   43.9645] open fd = -5
[   43.9674] open name host:/log.txt flag 302 data 41378
[   43.9693] open fd = 256
[   43.9869] open name host:/livepad.bin flag 1 data 41378
[   43.9882] open fd = -5
[   43.9885] open name host:/livedbg.cmd flag 1 data 41378
[   43.9895] open fd = -5
[   44.0072] open name host:/livepad.bin flag 1 data 41378
[   44.0086] open fd = -5
[   44.0281] open name host:/livepad.bin flag 1 data 41378
[   44.0296] open fd = -5
[   44.0467] open name host:/livepad.bin flag 1 data 41378
[   44.0480] open fd = -5
[   44.0674] open name host:/livepad.bin flag 1 data 41378
[   44.0688] open fd = -5
[   44.0872] open name host:/livepad.bin flag 1 data 41378
[   44.0885] open fd = -5
[   44.1053] open name host:/livepad.bin flag 1 data 41378
[   44.1067] open fd = -5
[   44.1070] open name host:/livedbg.cmd flag 1 data 41378
[   44.1080] open fd = -5
[   44.1244] open name host:/livepad.bin flag 1 data 41378
[   44.1259] open fd = -5
[   44.1420] open name host:/livepad.bin flag 1 data 41378
[   44.1432] open fd = -5
[   44.1602] open name host:/livepad.bin flag 1 data 41378
[   44.1615] open fd = -5
[   44.1781] open name host:/livepad.bin flag 1 data 41378
[   44.1794] open fd = -5
[   44.1974] open name host:/livepad.bin flag 1 data 41378
[   44.1987] open fd = -5
[   44.1995] open name host:/log.txt flag 302 data 41378
[   44.2015] open fd = 256
[   44.2198] open name host:/livepad.bin flag 1 data 41378
[   44.2211] open fd = -5
[   44.2214] open name host:/livedbg.cmd flag 1 data 41378
[   44.2223] open fd = -5
[   44.2393] open name host:/livepad.bin flag 1 data 41378
[   44.2406] open fd = -5
[   44.2575] open name host:/livepad.bin flag 1 data 41378
[   44.2587] open fd = -5
[   44.2761] open name host:/livepad.bin flag 1 data 41378
[   44.2775] open fd = -5
[   44.2952] open name host:/livepad.bin flag 1 data 41378
[   44.2965] open fd = -5
[   44.3136] open name host:/livepad.bin flag 1 data 41378
[   44.3150] open fd = -5
[   44.3344] open name host:/livepad.bin flag 1 data 41378
[   44.3358] open fd = -5
[   44.3360] open name host:/livedbg.cmd flag 1 data 41378
[   44.3371] open fd = -5
[   44.3540] open name host:/livepad.bin flag 1 data 41378
[   44.3553] open fd = -5
[   44.3736] open name host:/livepad.bin flag 1 data 41378
[   44.3750] open fd = -5
[   44.3920] open name host:/livepad.bin flag 1 data 41378
[   44.3933] open fd = -5
[   44.4113] open name host:/livepad.bin flag 1 data 41378
[   44.4127] open fd = -5
[   44.4309] open name host:/livepad.bin flag 1 data 41378
[   44.4323] open fd = -5
[   44.4484] open name host:/livepad.bin flag 1 data 41378
[   44.4497] open fd = -5
[   44.4500] open name host:/livedbg.cmd flag 1 data 41378
[   44.4510] open fd = -5
[   44.4686] open name host:/livepad.bin flag 1 data 41378
[   44.4700] open fd = -5
[   44.4865] open name host:/livepad.bin flag 1 data 41378
[   44.4879] open fd = -5
[   44.5043] open name host:/livepad.bin flag 1 data 41378
[   44.5056] open fd = -5
[   44.5216] open name host:/livepad.bin flag 1 data 41378
[   44.5232] open fd = -5
[   44.5401] open name host:/livepad.bin flag 1 data 41378
[   44.5414] open fd = -5
[   44.5587] open name host:/livepad.bin flag 1 data 41378
[   44.5600] open fd = -5
[   44.5602] open name host:/livedbg.cmd flag 1 data 41378
[   44.5612] open fd = -5
[   44.5621] open name host:/log.txt flag 302 data 41378
[   44.5639] open fd = 256
[   44.5818] open name host:/livepad.bin flag 1 data 41378
[   44.5831] open fd = -5
[   44.6035] open name host:/livepad.bin flag 1 data 41378
[   44.6050] open fd = -5
[   44.6212] open name host:/livepad.bin flag 1 data 41378
[   44.6225] open fd = -5
[   44.6403] open name host:/livepad.bin flag 1 data 41378
[   44.6417] open fd = -5
[   44.6584] open name host:/livepad.bin flag 1 data 41378
[   44.6600] open fd = -5
[   44.6776] open name host:/livepad.bin flag 1 data 41378
[   44.6791] open fd = -5
[   44.6795] open name host:/livedbg.cmd flag 1 data 41378
[   44.6809] open fd = -5
[   44.6817] open name host:/log.txt flag 302 data 41378
[   44.6833] open fd = 256
[   44.7029] open name host:/livepad.bin flag 1 data 41378
[   44.7043] open fd = -5
[   44.7230] open name host:/livepad.bin flag 1 data 41378
[   44.7244] open fd = -5
[   44.7430] open name host:/livepad.bin flag 1 data 41378
[   44.7445] open fd = -5
[   44.7601] open name host:/livepad.bin flag 1 data 41378
[   44.7615] open fd = -5
[   44.7810] open name host:/livepad.bin flag 1 data 41378
[   44.7825] open fd = -5
[   44.8007] open name host:/livepad.bin flag 1 data 41378
[   44.8022] open fd = -5
[   44.8025] open name host:/livedbg.cmd flag 1 data 41378
[   44.8036] open fd = -5
[   44.8201] open name host:/livepad.bin flag 1 data 41378
[   44.8218] open fd = -5
[   44.8381] open name host:/livepad.bin flag 1 data 41378
[   44.8393] open fd = -5
[   44.8566] open name host:/livepad.bin flag 1 data 41378
[   44.8577] open fd = -5
[   44.8741] open name host:/livepad.bin flag 1 data 41378
[   44.8754] open fd = -5
[   44.8921] open name host:/livepad.bin flag 1 data 41378
[   44.8933] open fd = -5
[   44.9102] open name host:/livepad.bin flag 1 data 41378
[   44.9115] open fd = -5
[   44.9117] open name host:/livedbg.cmd flag 1 data 41378
[   44.9130] open fd = -5
[   44.9289] open name host:/livepad.bin flag 1 data 41378
[   44.9302] open fd = -5
[   44.9328] open name host:/log.txt flag 302 data 41378
[   44.9345] open fd = 256
[   44.9515] open name host:/livepad.bin flag 1 data 41378
[   44.9529] open fd = -5
[   44.9717] open name host:/livepad.bin flag 1 data 41378
[   44.9733] open fd = -5
[   44.9913] open name host:/livepad.bin flag 1 data 41378
[   44.9926] open fd = -5
[   45.0098] open name host:/livepad.bin flag 1 data 41378
[   45.0113] open fd = -5
[   45.0276] open name host:/livepad.bin flag 1 data 41378
[   45.0289] open fd = -5
[   45.0292] open name host:/livedbg.cmd flag 1 data 41378
[   45.0303] open fd = -5
[   45.0480] open name host:/livepad.bin flag 1 data 41378
[   45.0491] open fd = -5
[   45.0665] open name host:/livepad.bin flag 1 data 41378
[   45.0677] open fd = -5
[   45.0850] open name host:/livepad.bin flag 1 data 41378
[   45.0864] open fd = -5
[   45.1033] open name host:/livepad.bin flag 1 data 41378
[   45.1048] open fd = -5
[   45.1229] open name host:/livepad.bin flag 1 data 41378
[   45.1241] open fd = -5
[   45.1436] open name host:/livepad.bin flag 1 data 41378
[   45.1448] open fd = -5
[   45.1451] open name host:/livedbg.cmd flag 1 data 41378
[   45.1462] open fd = -5
[   45.1633] open name host:/livepad.bin flag 1 data 41378
[   45.1647] open fd = -5
[   45.1658] open name host:/log.txt flag 302 data 41378
[   45.1676] open fd = 256
[   45.1868] open name host:/livepad.bin flag 1 data 41378
[   45.1882] open fd = -5
[   45.2053] open name host:/livepad.bin flag 1 data 41378
[   45.2067] open fd = -5
[   45.2244] open name host:/livepad.bin flag 1 data 41378
[   45.2256] open fd = -5
[   45.2422] open name host:/livepad.bin flag 1 data 41378
[   45.2435] open fd = -5
[   45.2606] open name host:/livepad.bin flag 1 data 41378
[   45.2619] open fd = -5
[   45.2621] open name host:/livedbg.cmd flag 1 data 41378
[   45.2633] open fd = -5
[   45.2815] open name host:/livepad.bin flag 1 data 41378
[   45.2828] open fd = -5
[   45.2998] open name host:/livepad.bin flag 1 data 41378
[   45.3011] open fd = -5
[   45.3194] FRAMEARENA frames=1800 peak=1037904 resets=6 fallbacks=0 maxFrameBytes=2731360 maxBorrowed=2120800 freeKiB=10369
[   45.3196] NATIVEVIF frames=1800 batches=1806
[   45.3198] ORDEREDFRAME frames=1800 splitFrames=4
[   45.3200] FRAMEPIPELINE starts=1800 dmaBusyStarts=198
[   45.3204] open name host:/livepad.bin flag 1 data 41378
[   45.3218] open fd = -5
[   45.3400] open name host:/livepad.bin flag 1 data 41378
[   45.3413] open fd = -5
[   45.3603] open name host:/livepad.bin flag 1 data 41378
[   45.3617] open fd = -5
[   45.3791] open name host:/livepad.bin flag 1 data 41378
[   45.3803] open fd = -5
[   45.3806] open name host:/livedbg.cmd flag 1 data 41378
[   45.3815] open fd = -5
[   45.3995] open name host:/livepad.bin flag 1 data 41378
[   45.4008] open fd = -5
[   45.4175] open name host:/livepad.bin flag 1 data 41378
[   45.4188] open fd = -5
[   45.4353] open name host:/livepad.bin flag 1 data 41378
[   45.4365] open fd = -5
[   45.4530] open name host:/livepad.bin flag 1 data 41378
[   45.4543] open fd = -5
[   45.4708] open name host:/livepad.bin flag 1 data 41378
[   45.4720] open fd = -5
[   45.4893] open name host:/livepad.bin flag 1 data 41378
[   45.4906] open fd = -5
[   45.4909] open name host:/livedbg.cmd flag 1 data 41378
[   45.4920] open fd = -5
[   45.5080] open name host:/livepad.bin flag 1 data 41378
[   45.5092] open fd = -5
[   45.5274] open name host:/livepad.bin flag 1 data 41378
[   45.5287] open fd = -5
[   45.5453] open name host:/livepad.bin flag 1 data 41378
[   45.5468] open fd = -5
[   45.5639] open name host:/livepad.bin flag 1 data 41378
[   45.5653] open fd = -5
[   45.5844] open name host:/livepad.bin flag 1 data 41378
[   45.5858] open fd = -5
[   45.6028] open name host:/livepad.bin flag 1 data 41378
[   45.6043] open fd = -5
[   45.6045] open name host:/livedbg.cmd flag 1 data 41378
[   45.6056] open fd = -5
[   45.6232] open name host:/livepad.bin flag 1 data 41378
[   45.6246] open fd = -5
[   45.6418] open name host:/livepad.bin flag 1 data 41378
[   45.6432] open fd = -5
[   45.6439] open name host:/log.txt flag 302 data 41378
[   45.6458] open fd = 256
[   45.6652] open name host:/livepad.bin flag 1 data 41378
[   45.6666] open fd = -5
[   45.6856] open name host:/livepad.bin flag 1 data 41378
[   45.6870] open fd = -5
[   45.7048] open name host:/livepad.bin flag 1 data 41378
[   45.7062] open fd = -5
[   45.7236] open name host:/livepad.bin flag 1 data 41378
[   45.7250] open fd = -5
[   45.7253] open name host:/livedbg.cmd flag 1 data 41378
[   45.7264] open fd = -5
[   45.7271] open name host:/log.txt flag 302 data 41378
[   45.7288] open fd = 256
[   45.7482] open name host:/livepad.bin flag 1 data 41378
[   45.7497] open fd = -5
[   45.7681] open name host:/livepad.bin flag 1 data 41378
[   45.7693] open fd = -5
[   45.7859] open name host:/livepad.bin flag 1 data 41378
[   45.7873] open fd = -5
[   45.8041] open name host:/livepad.bin flag 1 data 41378
[   45.8053] open fd = -5
[   45.8221] open name host:/livepad.bin flag 1 data 41378
[   45.8234] open fd = -5
[   45.8408] open name host:/livepad.bin flag 1 data 41378
[   45.8420] open fd = -5
[   45.8422] open name host:/livedbg.cmd flag 1 data 41378
[   45.8433] open fd = -5
[   45.8610] open name host:/livepad.bin flag 1 data 41378
[   45.8625] open fd = -5
[   45.8818] open name host:/livepad.bin flag 1 data 41378
[   45.8832] open fd = -5
[   45.8994] open name host:/livepad.bin flag 1 data 41378
[   45.9008] open fd = -5
[   45.9035] open name host:/log.txt flag 302 data 41378
[   45.9050] open fd = 256
[   45.9206] open name host:/livepad.bin flag 1 data 41378
[   45.9218] open fd = -5
[   45.9401] open name host:/livepad.bin flag 1 data 41378
[   45.9414] open fd = -5
[   45.9592] open name host:/livepad.bin flag 1 data 41378
[   45.9608] open fd = -5
[   45.9612] open name host:/livedbg.cmd flag 1 data 41378
[   45.9622] open fd = -5
[   45.9792] open name host:/livepad.bin flag 1 data 41378
[   45.9806] open fd = -5
[   45.9978] open name host:/livepad.bin flag 1 data 41378
[   45.9993] open fd = -5
[   46.0183] open name host:/livepad.bin flag 1 data 41378
[   46.0199] open fd = -5
[   46.0375] open name host:/livepad.bin flag 1 data 41378
[   46.0388] open fd = -5
[   46.0552] open name host:/livepad.bin flag 1 data 41378
[   46.0566] open fd = -5
[   46.0745] open name host:/livepad.bin flag 1 data 41378
[   46.0759] open fd = -5
[   46.0763] open name host:/livedbg.cmd flag 1 data 41378
[   46.0775] open fd = -5
[   46.0950] open name host:/livepad.bin flag 1 data 41378
[   46.0964] open fd = -5
[   46.1136] open name host:/livepad.bin flag 1 data 41378
[   46.1148] open fd = -5
[   46.1312] open name host:/livepad.bin flag 1 data 41378
[   46.1324] open fd = -5
[   46.1331] open name host:/log.txt flag 302 data 41378
[   46.1346] open fd = 256
[   46.1530] open name host:/livepad.bin flag 1 data 41378
[   46.1544] open fd = -5
[   46.1717] open name host:/livepad.bin flag 1 data 41378
[   46.1729] open fd = -5
[   46.1898] open name host:/livepad.bin flag 1 data 41378
[   46.1911] open fd = -5
[   46.1914] open name host:/livedbg.cmd flag 1 data 41378
[   46.1927] open fd = -5
[   46.2090] open name host:/livepad.bin flag 1 data 41378
[   46.2102] open fd = -5
[   46.2264] open name host:/livepad.bin flag 1 data 41378
[   46.2275] open fd = -5
[   46.2439] open name host:/livepad.bin flag 1 data 41378
[   46.2453] open fd = -5
[   46.2620] open name host:/livepad.bin flag 1 data 41378
[   46.2633] open fd = -5
[   46.2817] open name host:/livepad.bin flag 1 data 41378
[   46.2832] open fd = -5
[   46.3019] open name host:/livepad.bin flag 1 data 41378
[   46.3033] open fd = -5
[   46.3037] open name host:/livedbg.cmd flag 1 data 41378
[   46.3048] open fd = -5
[   46.3220] open name host:/livepad.bin flag 1 data 41378
[   46.3237] open fd = -5
[   46.3413] open name host:/livepad.bin flag 1 data 41378
[   46.3429] open fd = -5
[   46.3614] open name host:/livepad.bin flag 1 data 41378
[   46.3630] open fd = -5
[   46.3808] open name host:/livepad.bin flag 1 data 41378
[   46.3823] open fd = -5
[   46.3986] open name host:/livepad.bin flag 1 data 41378
[   46.4001] open fd = -5
[   46.4177] open name host:/livepad.bin flag 1 data 41378
[   46.4190] open fd = -5
[   46.4193] open name host:/livedbg.cmd flag 1 data 41378
[   46.4204] open fd = -5
[   46.4369] open name host:/livepad.bin flag 1 data 41378
[   46.4381] open fd = -5
[   46.4551] open name host:/livepad.bin flag 1 data 41378
[   46.4566] open fd = -5
[   46.4734] open name host:/livepad.bin flag 1 data 41378
[   46.4747] open fd = -5
[   46.4919] open name host:/livepad.bin flag 1 data 41378
[   46.4932] open fd = -5
[   46.5098] open name host:/livepad.bin flag 1 data 41378
[   46.5111] open fd = -5
[   46.5281] open name host:/livepad.bin flag 1 data 41378
[   46.5295] open fd = -5
[   46.5300] open name host:/livedbg.cmd flag 1 data 41378
[   46.5310] open fd = -5
[   46.5472] open name host:/livepad.bin flag 1 data 41378
[   46.5485] open fd = -5
[   46.5650] open name host:/livepad.bin flag 1 data 41378
[   46.5665] open fd = -5
[   46.5829] open name host:/livepad.bin flag 1 data 41378
[   46.5843] open fd = -5
[   46.6017] open name host:/livepad.bin flag 1 data 41378
[   46.6028] open fd = -5
[   46.6036] open name host:/log.txt flag 302 data 41378
[   46.6052] open fd = 256
[   46.6232] open name host:/livepad.bin flag 1 data 41378
[   46.6244] open fd = -5
[   46.6260] open name host:/log.txt flag 302 data 41378
[   46.6277] open fd = 256
[   46.6450] open name host:/livepad.bin flag 1 data 41378
[   46.6462] open fd = -5
[   46.6464] open name host:/livedbg.cmd flag 1 data 41378
[   46.6475] open fd = -5
[   46.6641] open name host:/livepad.bin flag 1 data 41378
[   46.6655] open fd = -5
[   46.6828] open name host:/livepad.bin flag 1 data 41378
[   46.6841] open fd = -5
[   46.7020] open name host:/livepad.bin flag 1 data 41378
[   46.7033] open fd = -5
[   46.7193] open name host:/livepad.bin flag 1 data 41378
[   46.7206] open fd = -5
[   46.7367] open name host:/livepad.bin flag 1 data 41378
[   46.7379] open fd = -5
[   46.7549] open name host:/livepad.bin flag 1 data 41378
[   46.7560] open fd = -5
[   46.7562] open name host:/livedbg.cmd flag 1 data 41378
[   46.7574] open fd = -5
[   46.7748] open name host:/livepad.bin flag 1 data 41378
[   46.7760] open fd = -5
[   46.7925] open name host:/livepad.bin flag 1 data 41378
[   46.7937] open fd = -5
[   46.8122] open name host:/livepad.bin flag 1 data 41378
[   46.8136] open fd = -5
[   46.8314] open name host:/livepad.bin flag 1 data 41378
[   46.8329] open fd = -5
[   46.8519] open name host:/livepad.bin flag 1 data 41378
[   46.8535] open fd = -5
[   46.8561] open name host:/log.txt flag 302 data 41378
[   46.8577] open fd = 256
[   46.8736] open name host:/livepad.bin flag 1 data 41378
[   46.8747] open fd = -5
[   46.8750] open name host:/livedbg.cmd flag 1 data 41378
[   46.8759] open fd = -5
[   46.8773] open name host:/log.txt flag 302 data 41378
[   46.8790] open fd = 256
[   46.8961] open name host:/livepad.bin flag 1 data 41378
[   46.8972] open fd = -5
[   46.9141] open name host:/livepad.bin flag 1 data 41378
[   46.9153] open fd = -5
[   46.9323] open name host:/livepad.bin flag 1 data 41378
[   46.9334] open fd = -5
[   46.9505] open name host:/livepad.bin flag 1 data 41378
[   46.9519] open fd = -5
[   46.9687] open name host:/livepad.bin flag 1 data 41378
[   46.9701] open fd = -5
[   46.9875] open name host:/livepad.bin flag 1 data 41378
[   46.9886] open fd = -5
[   46.9888] open name host:/livedbg.cmd flag 1 data 41378
[   46.9900] open fd = -5
[   47.0062] open name host:/livepad.bin flag 1 data 41378
[   47.0076] open fd = -5
[   47.0243] open name host:/livepad.bin flag 1 data 41378
[   47.0257] open fd = -5
[   47.0422] open name host:/livepad.bin flag 1 data 41378
[   47.0437] open fd = -5
[   47.0603] open name host:/livepad.bin flag 1 data 41378
[   47.0620] open fd = -5
[   47.0793] open name host:/livepad.bin flag 1 data 41378
[   47.0804] open fd = -5
[   47.0811] open name host:/log.txt flag 302 data 41378
[   47.0827] open fd = 256
[   47.0996] open name host:/livepad.bin flag 1 data 41378
[   47.1008] open fd = -5
[   47.1011] open name host:/livedbg.cmd flag 1 data 41378
[   47.1021] open fd = -5
[   47.1184] open name host:/livepad.bin flag 1 data 41378
[   47.1196] open fd = -5
[   47.1363] open name host:/livepad.bin flag 1 data 41378
[   47.1374] open fd = -5
[   47.1537] open name host:/livepad.bin flag 1 data 41378
[   47.1549] open fd = -5
[   47.1722] open name host:/livepad.bin flag 1 data 41378
[   47.1735] open fd = -5
[   47.1902] open name host:/livepad.bin flag 1 data 41378
[   47.1917] open fd = -5
[   47.2079] open name host:/log.txt flag 302 data 41378
[   47.2099] open fd = 256
[   47.2120] open name host:/livepad.bin flag 1 data 41378
[   47.2135] open fd = -5
[   47.2136] open name host:/livedbg.cmd flag 1 data 41378
[   47.2146] open fd = -5
[   47.2307] open name host:/livepad.bin flag 1 data 41378
[   47.2321] open fd = -5
[   47.2492] open name host:/livepad.bin flag 1 data 41378
[   47.2503] open fd = -5
[   47.2677] open name host:/livepad.bin flag 1 data 41378
[   47.2691] open fd = -5
[   47.2857] open name host:/livepad.bin flag 1 data 41378
[   47.2868] open fd = -5
[   47.3034] open name host:/livepad.bin flag 1 data 41378
[   47.3048] open fd = -5
[   47.3214] open name host:/livepad.bin flag 1 data 41378
[   47.3225] open fd = -5
[   47.3228] open name host:/livedbg.cmd flag 1 data 41378
[   47.3237] open fd = -5
[   47.3396] open name host:/livepad.bin flag 1 data 41378
[   47.3410] open fd = -5
[   47.3576] open name host:/livepad.bin flag 1 data 41378
[   47.3594] open fd = -5
[   47.3765] open name host:/livepad.bin flag 1 data 41378
[   47.3778] open fd = -5
[   47.3945] open name host:/livepad.bin flag 1 data 41378
[   47.3957] open fd = -5
[   47.4121] open name host:/livepad.bin flag 1 data 41378
[   47.4133] open fd = -5
[   47.4304] open name host:/livepad.bin flag 1 data 41378
[   47.4318] open fd = -5
[   47.4321] open name host:/livedbg.cmd flag 1 data 41378
[   47.4331] open fd = -5
[   47.4496] open name host:/livepad.bin flag 1 data 41378
[   47.4512] open fd = -5
[   47.4678] open name host:/livepad.bin flag 1 data 41378
[   47.4690] open fd = -5
[   47.4850] open name host:/livepad.bin flag 1 data 41378
[   47.4865] open fd = -5
[   47.5039] open name host:/livepad.bin flag 1 data 41378
[   47.5050] open fd = -5
[   47.5214] open name host:/livepad.bin flag 1 data 41378
[   47.5225] open fd = -5
[   47.5399] open name host:/livepad.bin flag 1 data 41378
[   47.5410] open fd = -5
[   47.5413] open name host:/livedbg.cmd flag 1 data 41378
[   47.5422] open fd = -5
[   47.5427] open name host:/log.txt flag 302 data 41378
[   47.5443] open fd = 256
[   47.5621] open name host:/livepad.bin flag 1 data 41378
[   47.5635] open fd = -5
[   47.5811] open name host:/livepad.bin flag 1 data 41378
[   47.5825] open fd = -5
[   47.5980] FRAMEARENA frames=1920 peak=1037904 resets=6 fallbacks=0 maxFrameBytes=2731360 maxBorrowed=2120800 freeKiB=10369
[   47.5982] NATIVEVIF frames=1920 batches=1926
[   47.5983] ORDEREDFRAME frames=1920 splitFrames=4
[   47.5986] FRAMEPIPELINE starts=1920 dmaBusyStarts=291
[   47.5988] open name host:/livepad.bin flag 1 data 41378
[   47.5999] open fd = -5
[   47.6155] open name host:/livepad.bin flag 1 data 41378
[   47.6167] open fd = -5
[   47.6328] open name host:/livepad.bin flag 1 data 41378
[   47.6341] open fd = -5
[   47.6504] open name host:/livepad.bin flag 1 data 41378
[   47.6515] open fd = -5
[   47.6518] open name host:/livedbg.cmd flag 1 data 41378
[   47.6528] open fd = -5
[   47.6696] open name host:/livepad.bin flag 1 data 41378
[   47.6708] open fd = -5
[   47.6869] open name host:/livepad.bin flag 1 data 41378
[   47.6881] open fd = -5
[   47.7052] open name host:/livepad.bin flag 1 data 41378
[   47.7063] open fd = -5
[   47.7240] open name host:/livepad.bin flag 1 data 41378
[   47.7251] open fd = -5
[   47.7424] open name host:/livepad.bin flag 1 data 41378
[   47.7436] open fd = -5
[   47.7597] open name host:/livepad.bin flag 1 data 41378
[   47.7611] open fd = -5
[   47.7614] open name host:/livedbg.cmd flag 1 data 41378
[   47.7627] open fd = -5
[   47.7799] open name host:/livepad.bin flag 1 data 41378
[   47.7814] open fd = -5
[   47.7838] open name host:/log.txt flag 302 data 41378
[   47.7855] open fd = 256
[   47.8027] open name host:/livepad.bin flag 1 data 41378
[   47.8039] open fd = -5
[   47.8211] open name host:/livepad.bin flag 1 data 41378
[   47.8221] open fd = -5
[   47.8385] open name host:/livepad.bin flag 1 data 41378
[   47.8397] open fd = -5
[   47.8555] open name host:/livepad.bin flag 1 data 41378
[   47.8566] open fd = -5
[   47.8729] open name host:/livepad.bin flag 1 data 41378
[   47.8741] open fd = -5
[   47.8743] open name host:/livedbg.cmd flag 1 data 41378
[   47.8753] open fd = -5
[   47.8913] open name host:/livepad.bin flag 1 data 41378
[   47.8926] open fd = -5
[   47.9098] open name host:/livepad.bin flag 1 data 41378
[   47.9111] open fd = -5
[   47.9278] open name host:/livepad.bin flag 1 data 41378
[   47.9294] open fd = -5
[   47.9461] open name host:/livepad.bin flag 1 data 41378
[   47.9473] open fd = -5
[   47.9641] open name host:/livepad.bin flag 1 data 41378
[   47.9652] open fd = -5
[   47.9823] open name host:/livepad.bin flag 1 data 41378
[   47.9835] open fd = -5
[   47.9838] open name host:/livedbg.cmd flag 1 data 41378
[   47.9847] open fd = -5
[   47.9860] open name host:/log.txt flag 302 data 41378
[   47.9875] open fd = 256
[   48.0044] open name host:/livepad.bin flag 1 data 41378
[   48.0060] open fd = -5
[   48.0065] open name host:/log.txt flag 302 data 41378
[   48.0083] open fd = 256
[   48.0256] open name host:/livepad.bin flag 1 data 41378
[   48.0268] open fd = -5
[   48.0444] open name host:/livepad.bin flag 1 data 41378
[   48.0458] open fd = -5
[   48.0630] open name host:/livepad.bin flag 1 data 41378
[   48.0643] open fd = -5
[   48.0808] open name host:/livepad.bin flag 1 data 41378
[   48.0821] open fd = -5
[   48.0988] open name host:/livepad.bin flag 1 data 41378
[   48.0999] open fd = -5
[   48.1001] open name host:/livedbg.cmd flag 1 data 41378
[   48.1011] open fd = -5
[   48.1176] open name host:/livepad.bin flag 1 data 41378
[   48.1189] open fd = -5
[   48.1357] open name host:/livepad.bin flag 1 data 41378
[   48.1370] open fd = -5
[   48.1531] open name host:/livepad.bin flag 1 data 41378
[   48.1542] open fd = -5
[   48.1710] open name host:/livepad.bin flag 1 data 41378
[   48.1722] open fd = -5
[   48.1885] open name host:/livepad.bin flag 1 data 41378
[   48.1896] open fd = -5
[   48.2067] open name host:/livepad.bin flag 1 data 41378
[   48.2080] open fd = -5
[   48.2082] open name host:/livedbg.cmd flag 1 data 41378
[   48.2096] open fd = -5
[   48.2262] open name host:/livepad.bin flag 1 data 41378
[   48.2275] open fd = -5
[   48.2458] open name host:/livepad.bin flag 1 data 41378
[   48.2470] open fd = -5
[   48.2637] open name host:/livepad.bin flag 1 data 41378
[   48.2650] open fd = -5
[   48.2816] open name host:/livepad.bin flag 1 data 41378
[   48.2829] open fd = -5
[   48.3008] open name host:/livepad.bin flag 1 data 41378
[   48.3022] open fd = -5
[   48.3196] open name host:/livepad.bin flag 1 data 41378
[   48.3209] open fd = -5
[   48.3212] open name host:/livedbg.cmd flag 1 data 41378
[   48.3222] open fd = -5
[   48.3399] open name host:/livepad.bin flag 1 data 41378
[   48.3414] open fd = -5
[   48.3578] open name host:/livepad.bin flag 1 data 41378
[   48.3590] open fd = -5
[   48.3760] open name host:/livepad.bin flag 1 data 41378
[   48.3773] open fd = -5
[   48.3942] open name host:/livepad.bin flag 1 data 41378
[   48.3956] open fd = -5
[   48.4120] open name host:/livepad.bin flag 1 data 41378
[   48.4134] open fd = -5
[   48.4316] open name host:/livepad.bin flag 1 data 41378
[   48.4328] open fd = -5
[   48.4332] open name host:/livedbg.cmd flag 1 data 41378
[   48.4343] open fd = -5
[   48.4510] open name host:/livepad.bin flag 1 data 41378
[   48.4526] open fd = -5
[   48.4705] open name host:/livepad.bin flag 1 data 41378
[   48.4720] open fd = -5
[   48.4728] open name host:/log.txt flag 302 data 41378
[   48.4745] open fd = 256
[   48.4933] open name host:/livepad.bin flag 1 data 41378
[   48.4946] open fd = -5
[   48.5118] open name host:/livepad.bin flag 1 data 41378
[   48.5131] open fd = -5
[   48.5310] open name host:/livepad.bin flag 1 data 41378
[   48.5323] open fd = -5
[   48.5510] open name host:/livepad.bin flag 1 data 41378
[   48.5522] open fd = -5
[   48.5526] open name host:/livedbg.cmd flag 1 data 41378
[   48.5536] open fd = -5
[   48.5713] open name host:/livepad.bin flag 1 data 41378
[   48.5725] open fd = -5
[   48.5885] open name host:/livepad.bin flag 1 data 41378
[   48.5899] open fd = -5
[   48.6069] open name host:/livepad.bin flag 1 data 41378
[   48.6081] open fd = -5
[   48.6247] open name host:/livepad.bin flag 1 data 41378
[   48.6262] open fd = -5
[   48.6437] open name host:/livepad.bin flag 1 data 41378
[   48.6450] open fd = -5
[   48.6621] open name host:/livepad.bin flag 1 data 41378
[   48.6636] open fd = -5
[   48.6639] open name host:/livedbg.cmd flag 1 data 41378
[   48.6649] open fd = -5
[   48.6831] open name host:/livepad.bin flag 1 data 41378
[   48.6843] open fd = -5
[   48.7009] open name host:/livepad.bin flag 1 data 41378
[   48.7024] open fd = -5
[   48.7209] open name host:/livepad.bin flag 1 data 41378
[   48.7222] open fd = -5
[   48.7248] open name host:/log.txt flag 302 data 41378
[   48.7264] open fd = 256
[   48.7420] open name host:/livepad.bin flag 1 data 41378
[   48.7432] open fd = -5
[   48.7603] open name host:/livepad.bin flag 1 data 41378
[   48.7615] open fd = -5
[   48.7806] open name host:/livepad.bin flag 1 data 41378
[   48.7818] open fd = -5
[   48.7820] open name host:/livedbg.cmd flag 1 data 41378
[   48.7831] open fd = -5
[   48.7991] open name host:/livepad.bin flag 1 data 41378
[   48.8004] open fd = -5
[   48.8171] open name host:/livepad.bin flag 1 data 41378
[   48.8184] open fd = -5
[   48.8351] open name host:/livepad.bin flag 1 data 41378
[   48.8364] open fd = -5
[   48.8523] open name host:/livepad.bin flag 1 data 41378
[   48.8535] open fd = -5
[   48.8717] open name host:/livepad.bin flag 1 data 41378
[   48.8730] open fd = -5
[   48.8894] open name host:/livepad.bin flag 1 data 41378
[   48.8907] open fd = -5
[   48.8909] open name host:/livedbg.cmd flag 1 data 41378
[   48.8919] open fd = -5
[   48.9098] open name host:/livepad.bin flag 1 data 41378
[   48.9112] open fd = -5
[   48.9286] open name host:/livepad.bin flag 1 data 41378
[   48.9298] open fd = -5
[   48.9457] open name host:/livepad.bin flag 1 data 41378
[   48.9472] open fd = -5
[   48.9484] open name host:/log.txt flag 302 data 41378
[   48.9500] open fd = 256
[   48.9683] open name host:/livepad.bin flag 1 data 41378
[   48.9696] open fd = -5
[   48.9855] open name host:/livepad.bin flag 1 data 41378
[   48.9865] open fd = -5
[   49.0047] open name host:/livepad.bin flag 1 data 41378
[   49.0060] open fd = -5
[   49.0063] open name host:/livedbg.cmd flag 1 data 41378
[   49.0072] open fd = -5
[   49.0247] open name host:/livepad.bin flag 1 data 41378
[   49.0259] open fd = -5
[   49.0425] open name host:/livepad.bin flag 1 data 41378
[   49.0438] open fd = -5
[   49.0615] open name host:/livepad.bin flag 1 data 41378
[   49.0629] open fd = -5
[   49.0818] open name host:/livepad.bin flag 1 data 41378
[   49.0829] open fd = -5
[   49.0992] open name host:/livepad.bin flag 1 data 41378
[   49.1003] open fd = -5
[   49.1177] open name host:/livepad.bin flag 1 data 41378
[   49.1189] open fd = -5
[   49.1193] open name host:/livedbg.cmd flag 1 data 41378
[   49.1202] open fd = -5
[   49.1210] open name host:/log.txt flag 302 data 41378
[   49.1226] open fd = 256
[   49.1395] open name host:/livepad.bin flag 1 data 41378
[   49.1407] open fd = -5
[   49.1576] open name host:/livepad.bin flag 1 data 41378
[   49.1588] open fd = -5
[   49.1760] open name host:/livepad.bin flag 1 data 41378
[   49.1774] open fd = -5
[   49.1938] open name host:/livepad.bin flag 1 data 41378
[   49.1951] open fd = -5
[   49.2143] open name host:/livepad.bin flag 1 data 41378
[   49.2156] open fd = -5
[   49.2334] open name host:/livepad.bin flag 1 data 41378
[   49.2347] open fd = -5
[   49.2350] open name host:/livedbg.cmd flag 1 data 41378
[   49.2360] open fd = -5
[   49.2530] open name host:/livepad.bin flag 1 data 41378
[   49.2549] open fd = -5
[   49.2752] open name host:/livepad.bin flag 1 data 41378
[   49.2765] open fd = -5
[   49.2937] open name host:/livepad.bin flag 1 data 41378
[   49.2951] open fd = -5
[   49.3143] open name host:/livepad.bin flag 1 data 41378
[   49.3157] open fd = -5
[   49.3341] open name host:/livepad.bin flag 1 data 41378
[   49.3355] open fd = -5
[   49.3523] open name host:/livepad.bin flag 1 data 41378
[   49.3537] open fd = -5
[   49.3540] open name host:/livedbg.cmd flag 1 data 41378
[   49.3550] open fd = -5
[   49.3719] open name host:/livepad.bin flag 1 data 41378
[   49.3732] open fd = -5
[   49.3903] open name host:/livepad.bin flag 1 data 41378
[   49.3918] open fd = -5
[   49.4087] open name host:/livepad.bin flag 1 data 41378
[   49.4100] open fd = -5
[   49.4268] open name host:/livepad.bin flag 1 data 41378
[   49.4279] open fd = -5
[   49.4285] open name host:/log.txt flag 302 data 41378
[   49.4305] open fd = 256
[   49.4482] open name host:/livepad.bin flag 1 data 41378
[   49.4493] open fd = -5
[   49.4510] open name host:/log.txt flag 302 data 41378
[   49.4528] open fd = 256
[   49.4712] open name host:/livepad.bin flag 1 data 41378
[   49.4725] open fd = -5
[   49.4728] open name host:/livedbg.cmd flag 1 data 41378
[   49.4738] open fd = -5
[   49.4914] open name host:/livepad.bin flag 1 data 41378
[   49.4928] open fd = -5
[   49.5095] open name host:/livepad.bin flag 1 data 41378
[   49.5108] open fd = -5
[   49.5297] open name host:/livepad.bin flag 1 data 41378
[   49.5312] open fd = -5
[   49.5495] open name host:/livepad.bin flag 1 data 41378
[   49.5507] open fd = -5
[   49.5686] open name host:/livepad.bin flag 1 data 41378
[   49.5697] open fd = -5
[   49.5887] open name host:/livepad.bin flag 1 data 41378
[   49.5902] open fd = -5
[   49.5906] open name host:/livedbg.cmd flag 1 data 41378
[   49.5918] open fd = -5
[   49.6105] open name host:/livepad.bin flag 1 data 41378
[   49.6117] open fd = -5
[   49.6293] open name host:/livepad.bin flag 1 data 41378
[   49.6305] open fd = -5
[   49.6488] open name host:/livepad.bin flag 1 data 41378
[   49.6503] open fd = -5
[   49.6699] open name host:/livepad.bin flag 1 data 41378
[   49.6712] open fd = -5
[   49.6880] open name host:/livepad.bin flag 1 data 41378
[   49.6892] open fd = -5
[   49.6923] open name host:/log.txt flag 302 data 41378
[   49.6941] open fd = 256
[   49.7131] open name host:/livepad.bin flag 1 data 41378
[   49.7146] open fd = -5
[   49.7151] open name host:/livedbg.cmd flag 1 data 41378
[   49.7162] open fd = -5
[   49.7354] open name host:/livepad.bin flag 1 data 41378
[   49.7367] open fd = -5
[   49.7550] open name host:/livepad.bin flag 1 data 41378
[   49.7561] open fd = -5
[   49.7752] open name host:/livepad.bin flag 1 data 41378
[   49.7764] open fd = -5
[   49.7938] open name host:/livepad.bin flag 1 data 41378
[   49.7952] open fd = -5
[   49.8138] open name host:/livepad.bin flag 1 data 41378
[   49.8150] open fd = -5
[   49.8315] open name host:/livepad.bin flag 1 data 41378
[   49.8326] open fd = -5
[   49.8329] open name host:/livedbg.cmd flag 1 data 41378
[   49.8338] open fd = -5
[   49.8513] open name host:/livepad.bin flag 1 data 41378
[   49.8528] open fd = -5
[   49.8712] open name host:/livepad.bin flag 1 data 41378
[   49.8730] open fd = -5
[   49.8918] FRAMEARENA frames=2040 peak=1037904 resets=6 fallbacks=0 maxFrameBytes=2731360 maxBorrowed=2120800 freeKiB=10369
[   49.8921] NATIVEVIF frames=2040 batches=2046
[   49.8923] ORDEREDFRAME frames=2040 splitFrames=4
[   49.8925] FRAMEPIPELINE starts=2040 dmaBusyStarts=385
[   49.8928] open name host:/livepad.bin flag 1 data 41378
[   49.8941] open fd = -5
[   49.9101] open name host:/livepad.bin flag 1 data 41378
[   49.9115] open fd = -5
[   49.9285] open name host:/livepad.bin flag 1 data 41378
[   49.9297] open fd = -5
[   49.9304] open name host:/log.txt flag 302 data 41378
[   49.9320] open fd = 256
[   49.9503] open name host:/livepad.bin flag 1 data 41378
[   49.9517] open fd = -5
[   49.9519] open name host:/livedbg.cmd flag 1 data 41378
[   49.9529] open fd = -5
[   49.9690] open name host:/livepad.bin flag 1 data 41378
[   49.9703] open fd = -5
[   49.9875] open name host:/livepad.bin flag 1 data 41378
[   49.9890] open fd = -5
[   50.0079] open name host:/livepad.bin flag 1 data 41378
[   50.0092] open fd = -5
[   50.0258] open name host:/livepad.bin flag 1 data 41378
[   50.0272] open fd = -5
[   50.0448] open name host:/livepad.bin flag 1 data 41378
[   50.0463] open fd = -5
[   50.0630] open name host:/livepad.bin flag 1 data 41378
[   50.0643] open fd = -5
[   50.0647] open name host:/livedbg.cmd flag 1 data 41378
[   50.0657] open fd = -5
[   50.0850] open name host:/livepad.bin flag 1 data 41378
[   50.0863] open fd = -5
[   50.1033] open name host:/livepad.bin flag 1 data 41378
[   50.1047] open fd = -5
[   50.1226] open name host:/livepad.bin flag 1 data 41378
[   50.1237] open fd = -5
[   50.1413] open name host:/livepad.bin flag 1 data 41378
[   50.1426] open fd = -5
[   50.1615] open name host:/livepad.bin flag 1 data 41378
[   50.1629] open fd = -5
[   50.1806] open name host:/livepad.bin flag 1 data 41378
[   50.1821] open fd = -5
[   50.1824] open name host:/livedbg.cmd flag 1 data 41378
[   50.1835] open fd = -5
[   50.2014] open name host:/livepad.bin flag 1 data 41378
[   50.2026] open fd = -5
[   50.2193] open name host:/livepad.bin flag 1 data 41378
[   50.2206] open fd = -5
[   50.2363] open name host:/livepad.bin flag 1 data 41378
[   50.2375] open fd = -5
[   50.2536] open name host:/livepad.bin flag 1 data 41378
[   50.2550] open fd = -5
[   50.2714] open name host:/livepad.bin flag 1 data 41378
[   50.2725] open fd = -5
[   50.2910] open name host:/livepad.bin flag 1 data 41378
[   50.2925] open fd = -5
[   50.2929] open name host:/livedbg.cmd flag 1 data 41378
[   50.2939] open fd = -5
[   50.2947] open name host:/log.txt flag 302 data 41378
[   50.2962] open fd = 256
[   50.3131] open name host:/livepad.bin flag 1 data 41378
[   50.3142] open fd = -5
[   50.3312] open name host:/livepad.bin flag 1 data 41378
[   50.3330] open fd = -5
[   50.3515] open name host:/livepad.bin flag 1 data 41378
[   50.3527] open fd = -5
[   50.3708] open name host:/livepad.bin flag 1 data 41378
[   50.3722] open fd = -5
[   50.3995] open name host:/livepad.bin flag 1 data 41378
[   50.4009] open fd = -5
[   50.4182] open name host:/livepad.bin flag 1 data 41378
[   50.4195] open fd = -5
[   50.4198] open name host:/livedbg.cmd flag 1 data 41378
[   50.4208] open fd = -5
[   50.4214] open name host:/log.txt flag 302 data 41378
[   50.4235] open fd = 256
[   50.4421] open name host:/livepad.bin flag 1 data 41378
[   50.4433] open fd = -5
[   50.4599] open name host:/livepad.bin flag 1 data 41378
[   50.4612] open fd = -5
[   50.4793] open name host:/livepad.bin flag 1 data 41378
[   50.4808] open fd = -5
[   50.4971] open name host:/livepad.bin flag 1 data 41378
[   50.4986] open fd = -5
[   50.5160] open name host:/livepad.bin flag 1 data 41378
[   50.5177] open fd = -5
[   50.5344] open name host:/livepad.bin flag 1 data 41378
[   50.5359] open fd = -5
[   50.5361] open name host:/livedbg.cmd flag 1 data 41378
[   50.5371] open fd = -5
[   50.5547] open name host:/livepad.bin flag 1 data 41378
[   50.5558] open fd = -5
[   50.5730] open name host:/livepad.bin flag 1 data 41378
[   50.5743] open fd = -5
[   50.5920] open name host:/livepad.bin flag 1 data 41378
[   50.5934] open fd = -5
[   50.6121] open name host:/livepad.bin flag 1 data 41378
[   50.6137] open fd = -5
[   50.6300] open name host:/livepad.bin flag 1 data 41378
[   50.6312] open fd = -5
[   50.6471] open name host:/livepad.bin flag 1 data 41378
[   50.6485] open fd = -5
[   50.6488] open name host:/livedbg.cmd flag 1 data 41378
[   50.6497] open fd = -5
[   50.6661] open name host:/livepad.bin flag 1 data 41378
[   50.6673] open fd = -5
[   50.6699] open name host:/log.txt flag 302 data 41378
[   50.6718] open fd = 256
[   50.6889] open name host:/livepad.bin flag 1 data 41378
[   50.6903] open fd = -5
[   50.7076] open name host:/livepad.bin flag 1 data 41378
[   50.7090] open fd = -5
[   50.7255] open name host:/livepad.bin flag 1 data 41378
[   50.7271] open fd = -5
[   50.7441] open name host:/livepad.bin flag 1 data 41378
[   50.7453] open fd = -5
[   50.7624] open name host:/livepad.bin flag 1 data 41378
[   50.7640] open fd = -5
[   50.7644] open name host:/livedbg.cmd flag 1 data 41378
[   50.7704] open fd = -5
[   50.7862] open name host:/livepad.bin flag 1 data 41378
[   50.7876] open fd = -5
[   50.8038] open name host:/livepad.bin flag 1 data 41378
[   50.8049] open fd = -5
[   50.8214] open name host:/livepad.bin flag 1 data 41378
[   50.8226] open fd = -5
[   50.8391] open name host:/livepad.bin flag 1 data 41378
[   50.8406] open fd = -5
[   50.8571] open name host:/livepad.bin flag 1 data 41378
[   50.8584] open fd = -5
[   50.8749] open name host:/livepad.bin flag 1 data 41378
[   50.8763] open fd = -5
[   50.8766] open name host:/livedbg.cmd flag 1 data 41378
[   50.8777] open fd = -5
[   50.8942] open name host:/livepad.bin flag 1 data 41378
[   50.8957] open fd = -5
[   50.8963] open name host:/log.txt flag 302 data 41378
[   50.8977] open fd = 256
[   50.9166] open name host:/livepad.bin flag 1 data 41378
[   50.9178] open fd = -5
[   50.9342] open name host:/livepad.bin flag 1 data 41378
[   50.9353] open fd = -5
[   50.9516] open name host:/livepad.bin flag 1 data 41378
[   50.9529] open fd = -5
[   50.9695] open name host:/livepad.bin flag 1 data 41378
[   50.9707] open fd = -5
[   50.9885] open name host:/livepad.bin flag 1 data 41378
[   50.9897] open fd = -5
[   50.9901] open name host:/livedbg.cmd flag 1 data 41378
[   50.9911] open fd = -5
[   51.0079] open name host:/livepad.bin flag 1 data 41378
[   51.0094] open fd = -5
[   51.0260] open name host:/livepad.bin flag 1 data 41378
[   51.0272] open fd = -5
[   51.0455] open name host:/livepad.bin flag 1 data 41378
[   51.0467] open fd = -5
[   51.0641] open name host:/livepad.bin flag 1 data 41378
[   51.0652] open fd = -5
[   51.0823] open name host:/livepad.bin flag 1 data 41378
[   51.0835] open fd = -5
[   51.1003] open name host:/livepad.bin flag 1 data 41378
[   51.1016] open fd = -5
[   51.1018] open name host:/livedbg.cmd flag 1 data 41378
[   51.1029] open fd = -5
[   51.1188] open name host:/livepad.bin flag 1 data 41378
[   51.1202] open fd = -5
[   51.1376] open name host:/livepad.bin flag 1 data 41378
[   51.1389] open fd = -5
[   51.1551] open name host:/livepad.bin flag 1 data 41378
[   51.1563] open fd = -5
[   51.1736] open name host:/livepad.bin flag 1 data 41378
[   51.1749] open fd = -5
[   51.1910] open name host:/livepad.bin flag 1 data 41378
[   51.1921] open fd = -5
[   51.2083] open name host:/livepad.bin flag 1 data 41378
[   51.2094] open fd = -5
[   51.2097] open name host:/livedbg.cmd flag 1 data 41378
[   51.2107] open fd = -5
[   51.2273] open name host:/livepad.bin flag 1 data 41378
[   51.2284] open fd = -5
[   51.2466] open name host:/livepad.bin flag 1 data 41378
[   51.2480] open fd = -5
[   51.2654] open name host:/livepad.bin flag 1 data 41378
[   51.2667] open fd = -5
[   51.2833] open name host:/livepad.bin flag 1 data 41378
[   51.2845] open fd = -5
[   51.3008] open name host:/livepad.bin flag 1 data 41378
[   51.3022] open fd = -5
[   51.3185] open name host:/livepad.bin flag 1 data 41378
[   51.3198] open fd = -5
[   51.3202] open name host:/livedbg.cmd flag 1 data 41378
[   51.3212] open fd = -5
[   51.3373] open name host:/livepad.bin flag 1 data 41378
[   51.3384] open fd = -5
[   51.3545] open name host:/livepad.bin flag 1 data 41378
[   51.3558] open fd = -5
[   51.3564] open name host:/log.txt flag 302 data 41378
[   51.3580] open fd = 256
[   51.3756] open name host:/livepad.bin flag 1 data 41378
[   51.3769] open fd = -5
[   51.3941] open name host:/livepad.bin flag 1 data 41378
[   51.3955] open fd = -5
[   51.4119] open name host:/livepad.bin flag 1 data 41378
[   51.4133] open fd = -5
[   51.4304] open name host:/livepad.bin flag 1 data 41378
[   51.4320] open fd = -5
[   51.4324] open name host:/livedbg.cmd flag 1 data 41378
[   51.4336] open fd = -5
[   51.4345] open name host:/log.txt flag 302 data 41378
[   51.4361] open fd = 256
[   51.4540] open name host:/livepad.bin flag 1 data 41378
[   51.4553] open fd = -5
[   51.4719] open name host:/livepad.bin flag 1 data 41378
[   51.4731] open fd = -5
[   51.4891] open name host:/livepad.bin flag 1 data 41378
[   51.4902] open fd = -5
[   51.5074] open name host:/livepad.bin flag 1 data 41378
[   51.5088] open fd = -5
[   51.5252] open name host:/livepad.bin flag 1 data 41378
[   51.5265] open fd = -5
[   51.5424] open name host:/livepad.bin flag 1 data 41378
[   51.5438] open fd = -5
[   51.5441] open name host:/livedbg.cmd flag 1 data 41378
[   51.5454] open fd = -5
[   51.5613] open name host:/livepad.bin flag 1 data 41378
[   51.5625] open fd = -5
[   51.5792] open name host:/livepad.bin flag 1 data 41378
[   51.5804] open fd = -5
[   51.5964] open name host:/livepad.bin flag 1 data 41378
[   51.5977] open fd = -5
[   51.6003] open name host:/log.txt flag 302 data 41378
[   51.6019] open fd = 256
[   51.6167] open name host:/livepad.bin flag 1 data 41378
[   51.6179] open fd = -5
[   51.6341] open name host:/livepad.bin flag 1 data 41378
[   51.6353] open fd = -5
[   51.6515] open name host:/livepad.bin flag 1 data 41378
[   51.6528] open fd = -5
[   51.6532] open name host:/livedbg.cmd flag 1 data 41378
[   51.6541] open fd = -5
[   51.6710] open name host:/livepad.bin flag 1 data 41378
[   51.6721] open fd = -5
[   51.6884] open name host:/livepad.bin flag 1 data 41378
[   51.6894] open fd = -5
[   51.7061] open name host:/livepad.bin flag 1 data 41378
[   51.7072] open fd = -5
[   51.7251] open name host:/livepad.bin flag 1 data 41378
[   51.7266] open fd = -5
[   51.7429] open name host:/livepad.bin flag 1 data 41378
[   51.7444] open fd = -5
[   51.7623] open name host:/livepad.bin flag 1 data 41378
[   51.7637] open fd = -5
[   51.7640] open name host:/livedbg.cmd flag 1 data 41378
[   51.7649] open fd = -5
[   51.7821] open name host:/livepad.bin flag 1 data 41378
[   51.7833] open fd = -5
[   51.8032] open name host:/livepad.bin flag 1 data 41378
[   51.8044] open fd = -5
[   51.8222] open name host:/livepad.bin flag 1 data 41378
[   51.8233] open fd = -5
[   51.8240] open name host:/log.txt flag 302 data 41378
[   51.8256] open fd = 256
[   51.8429] open name host:/livepad.bin flag 1 data 41378
[   51.8443] open fd = -5
[   51.8608] open name host:/livepad.bin flag 1 data 41378
[   51.8621] open fd = -5
[   51.8797] open name host:/livepad.bin flag 1 data 41378
[   51.8810] open fd = -5
[   51.8813] open name host:/livedbg.cmd flag 1 data 41378
[   51.8823] open fd = -5
[   51.8988] open name host:/livepad.bin flag 1 data 41378
[   51.8999] open fd = -5
[   51.9170] open name host:/livepad.bin flag 1 data 41378
[   51.9181] open fd = -5
[   51.9350] open name host:/livepad.bin flag 1 data 41378
[   51.9362] open fd = -5
[   51.9526] open name host:/livepad.bin flag 1 data 41378
[   51.9540] open fd = -5
[   51.9704] open name host:/livepad.bin flag 1 data 41378
[   51.9720] open fd = -5
[   51.9886] open name host:/livepad.bin flag 1 data 41378
[   51.9897] open fd = -5
[   51.9900] open name host:/livedbg.cmd flag 1 data 41378
[   51.9910] open fd = -5
[   52.0074] open name host:/livepad.bin flag 1 data 41378
[   52.0086] open fd = -5
[   52.0266] open name host:/livepad.bin flag 1 data 41378
[   52.0278] open fd = -5
[   52.0443] open name host:/livepad.bin flag 1 data 41378
[   52.0454] open fd = -5
[   52.0619] open name host:/livepad.bin flag 1 data 41378
[   52.0634] open fd = -5
[   52.0802] open name host:/livepad.bin flag 1 data 41378
[   52.0814] open fd = -5
[   52.0984] open name host:/livepad.bin flag 1 data 41378
[   52.0995] open fd = -5
[   52.0998] open name host:/livedbg.cmd flag 1 data 41378
[   52.1008] open fd = -5
[   52.1186] open name host:/livepad.bin flag 1 data 41378
[   52.1199] open fd = -5
[   52.1366] open name host:/livepad.bin flag 1 data 41378
[   52.1378] open fd = -5
[   52.1540] FRAMEARENA frames=2160 peak=1037904 resets=6 fallbacks=0 maxFrameBytes=2731360 maxBorrowed=2120800 freeKiB=10369
[   52.1542] NATIVEVIF frames=2160 batches=2166
[   52.1543] ORDEREDFRAME frames=2160 splitFrames=4
[   52.1544] FRAMEPIPELINE starts=2160 dmaBusyStarts=479
[   52.1547] open name host:/livepad.bin flag 1 data 41378
[   52.1561] open fd = -5
[   52.1728] open name host:/livepad.bin flag 1 data 41378
[   52.1742] open fd = -5
[   52.1919] open name host:/livepad.bin flag 1 data 41378
[   52.1932] open fd = -5
[   52.2096] open name host:/livepad.bin flag 1 data 41378
[   52.2109] open fd = -5
[   52.2113] open name host:/livedbg.cmd flag 1 data 41378
[   52.2124] open fd = -5
[   52.2305] open name host:/livepad.bin flag 1 data 41378
[   52.2320] open fd = -5
[   52.2484] open name host:/livepad.bin flag 1 data 41378
[   52.2496] open fd = -5
[   52.2664] open name host:/livepad.bin flag 1 data 41378
[   52.2676] open fd = -5
[   52.2841] open name host:/livepad.bin flag 1 data 41378
[   52.2852] open fd = -5
[   52.2858] open name host:/log.txt flag 302 data 41378
[   52.2876] open fd = 256
[   52.3047] open name host:/livepad.bin flag 1 data 41378
[   52.3060] open fd = -5
[   52.3077] open name host:/log.txt flag 302 data 41378
[   52.3092] open fd = 256
[   52.3254] open name host:/livepad.bin flag 1 data 41378
[   52.3265] open fd = -5
[   52.3268] open name host:/livedbg.cmd flag 1 data 41378
[   52.3278] open fd = -5
[   52.3444] open name host:/livepad.bin flag 1 data 41378
[   52.3458] open fd = -5
[   52.3616] open name host:/livepad.bin flag 1 data 41378
[   52.3630] open fd = -5
[   52.3801] open name host:/livepad.bin flag 1 data 41378
[   52.3812] open fd = -5
[   52.3977] open name host:/livepad.bin flag 1 data 41378
[   52.3988] open fd = -5
[   52.4154] open name host:/livepad.bin flag 1 data 41378
[   52.4166] open fd = -5
[   52.4341] open name host:/livepad.bin flag 1 data 41378
[   52.4355] open fd = -5
[   52.4357] open name host:/livedbg.cmd flag 1 data 41378
[   52.4366] open fd = -5
[   52.4541] open name host:/livepad.bin flag 1 data 41378
[   52.4554] open fd = -5
[   52.4720] open name host:/livepad.bin flag 1 data 41378
[   52.4733] open fd = -5
[   52.4916] open name host:/livepad.bin flag 1 data 41378
[   52.4929] open fd = -5
[   52.5101] open name host:/livepad.bin flag 1 data 41378
[   52.5116] open fd = -5
[   52.5290] open name host:/livepad.bin flag 1 data 41378
[   52.5304] open fd = -5
[   52.5334] open name host:/log.txt flag 302 data 41378
[   52.5350] open fd = 256
[   52.5515] open name host:/livepad.bin flag 1 data 41378
[   52.5527] open fd = -5
[   52.5529] open name host:/livedbg.cmd flag 1 data 41378
[   52.5538] open fd = -5
[   52.5554] open name host:/log.txt flag 302 data 41378
[   52.5569] open fd = 256
[   52.5742] open name host:/livepad.bin flag 1 data 41378
[   52.5755] open fd = -5
[   52.5921] open name host:/livepad.bin flag 1 data 41378
[   52.5935] open fd = -5
[   52.6103] open name host:/livepad.bin flag 1 data 41378
[   52.6117] open fd = -5
[   52.6276] open name host:/livepad.bin flag 1 data 41378
[   52.6289] open fd = -5
[   52.6449] open name host:/livepad.bin flag 1 data 41378
[   52.6462] open fd = -5
[   52.6633] open name host:/livepad.bin flag 1 data 41378
[   52.6646] open fd = -5
[   52.6648] open name host:/livedbg.cmd flag 1 data 41378
[   52.6659] open fd = -5
[   52.6841] open name host:/livepad.bin flag 1 data 41378
[   52.6853] open fd = -5
[   52.7025] open name host:/livepad.bin flag 1 data 41378
[   52.7038] open fd = -5
[   52.7210] open name host:/livepad.bin flag 1 data 41378
[   52.7224] open fd = -5
[   52.7393] open name host:/livepad.bin flag 1 data 41378
[   52.7405] open fd = -5
[   52.7575] open name host:/livepad.bin flag 1 data 41378
[   52.7589] open fd = -5
[   52.7595] open name host:/log.txt flag 302 data 41378
[   52.7610] open fd = 256
[   52.7784] open name host:/livepad.bin flag 1 data 41378
[   52.7825] open fd = -5
[   52.7829] open name host:/livedbg.cmd flag 1 data 41378
[   52.7838] open fd = -5
[   52.8001] open name host:/livepad.bin flag 1 data 41378
[   52.8013] open fd = -5
[   52.8182] open name host:/livepad.bin flag 1 data 41378
[   52.8197] open fd = -5
[   52.8371] open name host:/livepad.bin flag 1 data 41378
[   52.8385] open fd = -5
[   52.8553] open name host:/livepad.bin flag 1 data 41378
[   52.8566] open fd = -5
[   52.8734] open name host:/livepad.bin flag 1 data 41378
[   52.8748] open fd = -5
[   52.8913] open name host:/livepad.bin flag 1 data 41378
[   52.8928] open fd = -5
[   52.8931] open name host:/livedbg.cmd flag 1 data 41378
[   52.8941] open fd = -5
[   52.9103] open name host:/livepad.bin flag 1 data 41378
[   52.9116] open fd = -5
[   52.9293] open name host:/livepad.bin flag 1 data 41378
[   52.9308] open fd = -5
[   52.9470] open name host:/livepad.bin flag 1 data 41378
[   52.9483] open fd = -5
[   52.9663] open name host:/livepad.bin flag 1 data 41378
[   52.9675] open fd = -5
[   52.9845] open name host:/livepad.bin flag 1 data 41378
[   52.9859] open fd = -5
[   53.0035] open name host:/livepad.bin flag 1 data 41378
[   53.0050] open fd = -5
[   53.0054] open name host:/livedbg.cmd flag 1 data 41378
[   53.0063] open fd = -5
[   53.0225] open name host:/livepad.bin flag 1 data 41378
[   53.0238] open fd = -5
[   53.0418] open name host:/livepad.bin flag 1 data 41378
[   53.0430] open fd = -5
[   53.0596] open name host:/livepad.bin flag 1 data 41378
[   53.0610] open fd = -5
[   53.0776] open name host:/livepad.bin flag 1 data 41378
[   53.0789] open fd = -5
[   53.0962] open name host:/livepad.bin flag 1 data 41378
[   53.0976] open fd = -5
[   53.1140] open name host:/livepad.bin flag 1 data 41378
[   53.1154] open fd = -5
[   53.1158] open name host:/livedbg.cmd flag 1 data 41378
[   53.1168] open fd = -5
[   53.1329] open name host:/livepad.bin flag 1 data 41378
[   53.1343] open fd = -5
[   53.1505] open name host:/livepad.bin flag 1 data 41378
[   53.1518] open fd = -5
[   53.1683] open name host:/livepad.bin flag 1 data 41378
[   53.1696] open fd = -5
[   53.1880] open name host:/livepad.bin flag 1 data 41378
[   53.1894] open fd = -5
[   53.2078] open name host:/livepad.bin flag 1 data 41378
[   53.2092] open fd = -5
[   53.2261] open name host:/livepad.bin flag 1 data 41378
[   53.2273] open fd = -5
[   53.2276] open name host:/livedbg.cmd flag 1 data 41378
[   53.2287] open fd = -5
[   53.2293] open name host:/log.txt flag 302 data 41378
[   53.2314] open fd = 256
[   53.2485] open name host:/livepad.bin flag 1 data 41378
[   53.2498] open fd = -5
[   53.2662] open name host:/livepad.bin flag 1 data 41378
[   53.2675] open fd = -5
[   53.2843] open name host:/livepad.bin flag 1 data 41378
[   53.2857] open fd = -5
[   53.3036] open name host:/livepad.bin flag 1 data 41378
[   53.3047] open fd = -5
[   53.3208] open name host:/livepad.bin flag 1 data 41378
[   53.3222] open fd = -5
[   53.3387] open name host:/livepad.bin flag 1 data 41378
[   53.3400] open fd = -5
[   53.3403] open name host:/livedbg.cmd flag 1 data 41378
[   53.3413] open fd = -5
[   53.3584] open name host:/livepad.bin flag 1 data 41378
[   53.3597] open fd = -5
[   53.3760] open name host:/livepad.bin flag 1 data 41378
[   53.3774] open fd = -5
[   53.3935] open name host:/livepad.bin flag 1 data 41378
[   53.3949] open fd = -5
[   53.4126] open name host:/livepad.bin flag 1 data 41378
[   53.4141] open fd = -5
[   53.4307] open name host:/livepad.bin flag 1 data 41378
[   53.4318] open fd = -5
[   53.4489] open name host:/livepad.bin flag 1 data 41378
[   53.4504] open fd = -5
[   53.4507] open name host:/livedbg.cmd flag 1 data 41378
[   53.4518] open fd = -5
[   53.4677] open name host:/livepad.bin flag 1 data 41378
[   53.4688] open fd = -5
[   53.4714] open name host:/log.txt flag 302 data 41378
[   53.4732] open fd = 256
[   53.4893] open name host:/livepad.bin flag 1 data 41378
[   53.4907] open fd = -5
[   53.5069] open name host:/livepad.bin flag 1 data 41378
[   53.5081] open fd = -5
[   53.5248] open name host:/livepad.bin flag 1 data 41378
[   53.5262] open fd = -5
[   53.5428] open name host:/livepad.bin flag 1 data 41378
[   53.5441] open fd = -5
[   53.5606] open name host:/livepad.bin flag 1 data 41378
[   53.5617] open fd = -5
[   53.5621] open name host:/livedbg.cmd flag 1 data 41378
[   53.5631] open fd = -5
[   53.5789] open name host:/livepad.bin flag 1 data 41378
[   53.5801] open fd = -5
[   53.5967] open name host:/livepad.bin flag 1 data 41378
[   53.5979] open fd = -5
[   53.6145] open name host:/livepad.bin flag 1 data 41378
[   53.6157] open fd = -5
[   53.6341] open name host:/livepad.bin flag 1 data 41378
[   53.6353] open fd = -5
[   53.6524] open name host:/livepad.bin flag 1 data 41378
[   53.6535] open fd = -5
[   53.6707] open name host:/livepad.bin flag 1 data 41378
[   53.6720] open fd = -5
[   53.6722] open name host:/livedbg.cmd flag 1 data 41378
[   53.6733] open fd = -5
[   53.6743] open name host:/log.txt flag 302 data 41378
[   53.6758] open fd = 256
[   53.6937] open name host:/livepad.bin flag 1 data 41378
[   53.6948] open fd = -5
[   53.6956] open name host:/log.txt flag 302 data 41378
[   53.6973] open fd = 256
[   53.7148] open name host:/livepad.bin flag 1 data 41378
[   53.7160] open fd = -5
[   53.7340] open name host:/livepad.bin flag 1 data 41378
[   53.7351] open fd = -5
[   53.7519] open name host:/livepad.bin flag 1 data 41378
[   53.7534] open fd = -5
[   53.7698] open name host:/livepad.bin flag 1 data 41378
[   53.7711] open fd = -5
[   53.7882] open name host:/livepad.bin flag 1 data 41378
[   53.7895] open fd = -5
[   53.7897] open name host:/livedbg.cmd flag 1 data 41378
[   53.7906] open fd = -5
[   53.8066] open name host:/livepad.bin flag 1 data 41378
[   53.8077] open fd = -5
[   53.8244] open name host:/livepad.bin flag 1 data 41378
[   53.8256] open fd = -5
[   53.8423] open name host:/livepad.bin flag 1 data 41378
[   53.8437] open fd = -5
[   53.8602] open name host:/livepad.bin flag 1 data 41378
[   53.8614] open fd = -5
[   53.8780] open name host:/livepad.bin flag 1 data 41378
[   53.8793] open fd = -5
[   53.8953] open name host:/livepad.bin flag 1 data 41378
[   53.8965] open fd = -5
[   53.8968] open name host:/livedbg.cmd flag 1 data 41378
[   53.8977] open fd = -5
[   53.9145] open name host:/livepad.bin flag 1 data 41378
[   53.9159] open fd = -5
[   53.9315] open name host:/livepad.bin flag 1 data 41378
[   53.9327] open fd = -5
[   53.9510] open name host:/livepad.bin flag 1 data 41378
[   53.9527] open fd = -5
[   53.9705] open name host:/livepad.bin flag 1 data 41378
[   53.9717] open fd = -5
[   53.9895] open name host:/livepad.bin flag 1 data 41378
[   53.9906] open fd = -5
[   54.0072] open name host:/livepad.bin flag 1 data 41378
[   54.0085] open fd = -5
[   54.0087] open name host:/livedbg.cmd flag 1 data 41378
[   54.0100] open fd = -5
[   54.0258] open name host:/livepad.bin flag 1 data 41378
[   54.0269] open fd = -5
[   54.0433] open name host:/livepad.bin flag 1 data 41378
[   54.0447] open fd = -5
[   54.0619] open name host:/livepad.bin flag 1 data 41378
[   54.0631] open fd = -5
[   54.0804] open name host:/livepad.bin flag 1 data 41378
[   54.0816] open fd = -5
[   54.0984] open name host:/livepad.bin flag 1 data 41378
[   54.0999] open fd = -5
[   54.1165] open name host:/livepad.bin flag 1 data 41378
[   54.1179] open fd = -5
[   54.1182] open name host:/livedbg.cmd flag 1 data 41378
[   54.1191] open fd = -5
[   54.1359] open name host:/livepad.bin flag 1 data 41378
[   54.1371] open fd = -5
[   54.1533] open name host:/livepad.bin flag 1 data 41378
[   54.1545] open fd = -5
[   54.1553] open name host:/log.txt flag 302 data 41378
[   54.1568] open fd = 256
[   54.1740] open name host:/livepad.bin flag 1 data 41378
[   54.1752] open fd = -5
[   54.1913] open name host:/livepad.bin flag 1 data 41378
[   54.1924] open fd = -5
[   54.2098] open name host:/livepad.bin flag 1 data 41378
[   54.2114] open fd = -5
[   54.2278] open name host:/livepad.bin flag 1 data 41378
[   54.2292] open fd = -5
[   54.2295] open name host:/livedbg.cmd flag 1 data 41378
[   54.2306] open fd = -5
[   54.2476] open name host:/livepad.bin flag 1 data 41378
[   54.2488] open fd = -5
[   54.2650] open name host:/livepad.bin flag 1 data 41378
[   54.2666] open fd = -5
[   54.2835] open name host:/livepad.bin flag 1 data 41378
[   54.2848] open fd = -5
[   54.3008] open name host:/livepad.bin flag 1 data 41378
[   54.3019] open fd = -5
[   54.3184] open name host:/livepad.bin flag 1 data 41378
[   54.3194] open fd = -5
[   54.3363] open name host:/livepad.bin flag 1 data 41378
[   54.3376] open fd = -5
[   54.3379] open name host:/livedbg.cmd flag 1 data 41378
[   54.3388] open fd = -5
[   54.3553] open name host:/livepad.bin flag 1 data 41378
[   54.3565] open fd = -5
[   54.3726] open name host:/livepad.bin flag 1 data 41378
[   54.3737] open fd = -5
[   54.3908] FRAMEARENA frames=2280 peak=1037904 resets=6 fallbacks=0 maxFrameBytes=2731360 maxBorrowed=2120800 freeKiB=10369
[   54.3910] NATIVEVIF frames=2280 batches=2286
[   54.3913] ORDEREDFRAME frames=2280 splitFrames=4
[   54.3915] FRAMEPIPELINE starts=2280 dmaBusyStarts=572
[   54.3918] open name host:/livepad.bin flag 1 data 41378
[   54.3929] open fd = -5
[   54.3954] open name host:/log.txt flag 302 data 41378
[   54.3968] open fd = 256
[   54.4143] open name host:/livepad.bin flag 1 data 41378
[   54.4156] open fd = -5
[   54.4336] open name host:/livepad.bin flag 1 data 41378
[   54.4348] open fd = -5
[   54.4531] open name host:/livepad.bin flag 1 data 41378
[   54.4542] open fd = -5
[   54.4545] open name host:/livedbg.cmd flag 1 data 41378
[   54.4554] open fd = -5
[   54.4719] open name host:/livepad.bin flag 1 data 41378
[   54.4730] open fd = -5
[   54.4890] open name host:/livepad.bin flag 1 data 41378
[   54.4902] open fd = -5
[   54.5079] open name host:/livepad.bin flag 1 data 41378
[   54.5093] open fd = -5
[   54.5256] open name host:/livepad.bin flag 1 data 41378
[   54.5267] open fd = -5
[   54.5432] open name host:/livepad.bin flag 1 data 41378
[   54.5446] open fd = -5
[   54.5619] open name host:/livepad.bin flag 1 data 41378
[   54.5630] open fd = -5
[   54.5633] open name host:/livedbg.cmd flag 1 data 41378
[   54.5644] open fd = -5
[   54.5816] open name host:/livepad.bin flag 1 data 41378
[   54.5828] open fd = -5
[   54.5991] open name host:/livepad.bin flag 1 data 41378
[   54.6002] open fd = -5
[   54.6165] open name host:/livepad.bin flag 1 data 41378
[   54.6176] open fd = -5
[   54.6183] open name host:/log.txt flag 302 data 41378
[   54.6201] open fd = 256
[   54.6385] open name host:/livepad.bin flag 1 data 41378
[   54.6398] open fd = -5
[   54.6560] open name host:/livepad.bin flag 1 data 41378
[   54.6572] open fd = -5
[   54.6743] open name host:/livepad.bin flag 1 data 41378
[   54.6755] open fd = -5
[   54.6757] open name host:/livedbg.cmd flag 1 data 41378
[   54.6767] open fd = -5
[   54.6932] open name host:/livepad.bin flag 1 data 41378
[   54.6945] open fd = -5
[   54.7133] open name host:/livepad.bin flag 1 data 41378
[   54.7148] open fd = -5
[   54.7315] open name host:/livepad.bin flag 1 data 41378
[   54.7331] open fd = -5
[   54.7496] open name host:/livepad.bin flag 1 data 41378
[   54.7508] open fd = -5
[   54.7674] open name host:/livepad.bin flag 1 data 41378
[   54.7685] open fd = -5
[   54.7851] open name host:/livepad.bin flag 1 data 41378
[   54.7863] open fd = -5
[   54.7866] open name host:/livedbg.cmd flag 1 data 41378
[   54.7876] open fd = -5
[   54.7890] open name host:/log.txt flag 302 data 41378
[   54.7948] open fd = 256
[   54.8146] open name host:/livepad.bin flag 1 data 41378
[   54.8157] open fd = -5
[   54.8332] open name host:/livepad.bin flag 1 data 41378
[   54.8343] open fd = -5
[   54.8517] open name host:/livepad.bin flag 1 data 41378
[   54.8531] open fd = -5
[   54.8701] open name host:/livepad.bin flag 1 data 41378
[   54.8714] open fd = -5
[   54.8875] open name host:/livepad.bin flag 1 data 41378
[   54.8886] open fd = -5
[   54.9057] open name host:/livepad.bin flag 1 data 41378
[   54.9068] open fd = -5
[   54.9071] open name host:/livedbg.cmd flag 1 data 41378
[   54.9081] open fd = -5
[   54.9246] open name host:/livepad.bin flag 1 data 41378
[   54.9259] open fd = -5
[   54.9434] open name host:/livepad.bin flag 1 data 41378
[   54.9445] open fd = -5
[   54.9619] open name host:/livepad.bin flag 1 data 41378
[   54.9631] open fd = -5
[   54.9798] open name host:/livepad.bin flag 1 data 41378
[   54.9813] open fd = -5
[   54.9979] open name host:/livepad.bin flag 1 data 41378
[   54.9990] open fd = -5
[   55.0161] open name host:/livepad.bin flag 1 data 41378
[   55.0173] open fd = -5
[   55.0175] open name host:/livedbg.cmd flag 1 data 41378
[   55.0185] open fd = -5
[   55.0359] open name host:/livepad.bin flag 1 data 41378
[   55.0371] open fd = -5
[   55.0532] open name host:/livepad.bin flag 1 data 41378
[   55.0543] open fd = -5
[   55.0721] open name host:/livepad.bin flag 1 data 41378
[   55.0735] open fd = -5
[   55.0896] open name host:/livepad.bin flag 1 data 41378
[   55.0908] open fd = -5
[   55.0915] open name host:/log.txt flag 302 data 41378
[   55.0931] open fd = 256
[   55.1112] open name host:/livepad.bin flag 1 data 41378
[   55.1125] open fd = -5
[   55.1142] open name host:/log.txt flag 302 data 41378
[   55.1157] open fd = 256
[   55.1343] open name host:/livepad.bin flag 1 data 41378
[   55.1355] open fd = -5
[   55.1358] open name host:/livedbg.cmd flag 1 data 41378
[   55.1367] open fd = -5
[   55.1545] open name host:/livepad.bin flag 1 data 41378
[   55.1558] open fd = -5
[   55.1717] open name host:/livepad.bin flag 1 data 41378
[   55.1728] open fd = -5
[   55.1887] open name host:/livepad.bin flag 1 data 41378
[   55.1898] open fd = -5
[   55.2062] open name host:/livepad.bin flag 1 data 41378
[   55.2076] open fd = -5
[   55.2255] open name host:/livepad.bin flag 1 data 41378
[   55.2267] open fd = -5
[   55.2432] open name host:/livepad.bin flag 1 data 41378
[   55.2447] open fd = -5
[   55.2452] open name host:/livedbg.cmd flag 1 data 41378
[   55.2462] open fd = -5
[   55.2624] open name host:/livepad.bin flag 1 data 41378
[   55.2636] open fd = -5
[   55.2819] open name host:/livepad.bin flag 1 data 41378
[   55.2831] open fd = -5
[   55.3011] open name host:/livepad.bin flag 1 data 41378
[   55.3026] open fd = -5
[   55.3187] open name host:/livepad.bin flag 1 data 41378
[   55.3199] open fd = -5
[   55.3366] open name host:/livepad.bin flag 1 data 41378
[   55.3378] open fd = -5
[   55.3401] open name host:/log.txt flag 302 data 41378
[   55.3416] open fd = 256
[   55.3568] open name host:/livepad.bin flag 1 data 41378
[   55.3581] open fd = -5
[   55.3583] open name host:/livedbg.cmd flag 1 data 41378
[   55.3594] open fd = -5
[   55.3770] open name host:/livepad.bin flag 1 data 41378
[   55.3787] open fd = -5
[   55.3952] open name host:/livepad.bin flag 1 data 41378
[   55.3963] open fd = -5
[   55.4123] open name host:/livepad.bin flag 1 data 41378
[   55.4136] open fd = -5
[   55.4306] open name host:/livepad.bin flag 1 data 41378
[   55.4319] open fd = -5
[   55.4485] open name host:/livepad.bin flag 1 data 41378
[   55.4497] open fd = -5
[   55.4659] open name host:/livepad.bin flag 1 data 41378
[   55.4670] open fd = -5
[   55.4672] open name host:/livedbg.cmd flag 1 data 41378
[   55.4682] open fd = -5
[   55.4855] open name host:/livepad.bin flag 1 data 41378
[   55.4868] open fd = -5
[   55.5035] open name host:/livepad.bin flag 1 data 41378
[   55.5047] open fd = -5
[   55.5224] open name host:/livepad.bin flag 1 data 41378
[   55.5236] open fd = -5
[   55.5403] open name host:/livepad.bin flag 1 data 41378
[   55.5415] open fd = -5
[   55.5588] open name host:/livepad.bin flag 1 data 41378
[   55.5603] open fd = -5
[   55.5610] open name host:/log.txt flag 302 data 41378
[   55.5629] open fd = 256
[   55.5801] open name host:/livepad.bin flag 1 data 41378
[   55.5813] open fd = -5
[   55.5815] open name host:/livedbg.cmd flag 1 data 41378
[   55.5824] open fd = -5
[   55.6009] open name host:/livepad.bin flag 1 data 41378
[   55.6022] open fd = -5
[   55.6185] open name host:/livepad.bin flag 1 data 41378
[   55.6196] open fd = -5
[   55.6372] open name host:/livepad.bin flag 1 data 41378
[   55.6383] open fd = -5
[   55.6560] open name host:/livepad.bin flag 1 data 41378
[   55.6575] open fd = -5
[   55.6741] open name host:/livepad.bin flag 1 data 41378
[   55.6755] open fd = -5
[   55.6921] open name host:/livepad.bin flag 1 data 41378
[   55.6937] open fd = -5
[   55.6941] open name host:/livedbg.cmd flag 1 data 41378
[   55.6950] open fd = -5
[   55.7127] open name host:/livepad.bin flag 1 data 41378
[   55.7141] open fd = -5
[   55.7310] open name host:/livepad.bin flag 1 data 41378
[   55.7322] open fd = -5
[   55.7489] open name host:/livepad.bin flag 1 data 41378
[   55.7503] open fd = -5
[   55.7672] open name host:/livepad.bin flag 1 data 41378
[   55.7686] open fd = -5
[   55.7854] open name host:/livepad.bin flag 1 data 41378
[   55.7866] open fd = -5
[   55.8031] open name host:/livepad.bin flag 1 data 41378
[   55.8043] open fd = -5
[   55.8045] open name host:/livedbg.cmd flag 1 data 41378
[   55.8056] open fd = -5
[   55.8221] open name host:/livepad.bin flag 1 data 41378
[   55.8233] open fd = -5
[   55.8416] open name host:/livepad.bin flag 1 data 41378
[   55.8427] open fd = -5
[   55.8600] open name host:/livepad.bin flag 1 data 41378
[   55.8612] open fd = -5
[   55.8776] open name host:/livepad.bin flag 1 data 41378
[   55.8789] open fd = -5
[   55.8954] open name host:/livepad.bin flag 1 data 41378
[   55.8966] open fd = -5
[   55.9128] open name host:/livepad.bin flag 1 data 41378
[   55.9140] open fd = -5
[   55.9143] open name host:/livedbg.cmd flag 1 data 41378
[   55.9153] open fd = -5
[   55.9167] open name host:/log.txt flag 302 data 41378
[   55.9181] open fd = 256
[   55.9350] open name host:/livepad.bin flag 1 data 41378
[   55.9363] open fd = -5
[   55.9528] open name host:/livepad.bin flag 1 data 41378
[   55.9540] open fd = -5
[   55.9705] open name host:/livepad.bin flag 1 data 41378
[   55.9717] open fd = -5
[   55.9877] open name host:/livepad.bin flag 1 data 41378
[   55.9889] open fd = -5
[   56.0056] open name host:/livepad.bin flag 1 data 41378
[   56.0067] open fd = -5
[   56.0248] open name host:/livepad.bin flag 1 data 41378
[   56.0259] open fd = -5
[   56.0262] open name host:/livedbg.cmd flag 1 data 41378
[   56.0271] open fd = -5
[   56.0279] open name host:/log.txt flag 302 data 41378
[   56.0296] open fd = 256
[   56.0467] open name host:/livepad.bin flag 1 data 41378
[   56.0479] open fd = -5
[   56.0639] open name host:/livepad.bin flag 1 data 41378
[   56.0651] open fd = -5
[   56.0816] open name host:/livepad.bin flag 1 data 41378
[   56.0831] open fd = -5
[   56.1011] open name host:/livepad.bin flag 1 data 41378
[   56.1023] open fd = -5
[   56.1187] open name host:/livepad.bin flag 1 data 41378
[   56.1200] open fd = -5
[   56.1374] open name host:/livepad.bin flag 1 data 41378
[   56.1385] open fd = -5
[   56.1387] open name host:/livedbg.cmd flag 1 data 41378
[   56.1398] open fd = -5
[   56.1569] open name host:/livepad.bin flag 1 data 41378
[   56.1582] open fd = -5
[   56.1745] open name host:/livepad.bin flag 1 data 41378
[   56.1756] open fd = -5
[   56.1916] open name host:/livepad.bin flag 1 data 41378
[   56.1928] open fd = -5
[   56.2096] open name host:/livepad.bin flag 1 data 41378
[   56.2107] open fd = -5
[   56.2279] open name host:/livepad.bin flag 1 data 41378
[   56.2290] open fd = -5
[   56.2463] open name host:/livepad.bin flag 1 data 41378
[   56.2476] open fd = -5
[   56.2479] open name host:/livedbg.cmd flag 1 data 41378
[   56.2488] open fd = -5
[   56.2644] open name host:/livepad.bin flag 1 data 41378
[   56.2656] open fd = -5
[   56.2680] open name host:/log.txt flag 302 data 41378
[   56.2695] open fd = 256
[   56.2871] open name host:/livepad.bin flag 1 data 41378
[   56.2888] open fd = -5
[   56.3059] open name host:/livepad.bin flag 1 data 41378
[   56.3071] open fd = -5
[   56.3268] open name host:/livepad.bin flag 1 data 41378
[   56.3281] open fd = -5
[   56.3446] open name host:/livepad.bin flag 1 data 41378
[   56.3459] open fd = -5
[   56.3625] open name host:/livepad.bin flag 1 data 41378
[   56.3636] open fd = -5
[   56.3638] open name host:/livedbg.cmd flag 1 data 41378
[   56.3648] open fd = -5
[   56.3820] open name host:/livepad.bin flag 1 data 41378
[   56.3832] open fd = -5
[   56.3996] open name host:/livepad.bin flag 1 data 41378
[   56.4011] open fd = -5
[   56.4170] open name host:/livepad.bin flag 1 data 41378
[   56.4183] open fd = -5
[   56.4352] open name host:/livepad.bin flag 1 data 41378
[   56.4368] open fd = -5
[   56.4546] open name host:/livepad.bin flag 1 data 41378
[   56.4559] open fd = -5
[   56.4736] open name host:/livepad.bin flag 1 data 41378
[   56.4751] open fd = -5
[   56.4754] open name host:/livedbg.cmd flag 1 data 41378
[   56.4771] open fd = -5
[   56.4958] open name host:/livepad.bin flag 1 data 41378
[   56.4977] open fd = -5
[   56.4983] open name host:/log.txt flag 302 data 41378
[   56.5004] open fd = 256
[   56.5195] open name host:/livepad.bin flag 1 data 41378
[   56.5210] open fd = -5
[   56.5404] open name host:/livepad.bin flag 1 data 41378
[   56.5419] open fd = -5
[   56.5598] open name host:/livepad.bin flag 1 data 41378
[   56.5613] open fd = -5
[   56.5809] open name host:/livepad.bin flag 1 data 41378
[   56.5827] open fd = -5
[   56.6031] open name host:/livepad.bin flag 1 data 41378
[   56.6047] open fd = -5
[   56.6051] open name host:/livedbg.cmd flag 1 data 41378
[   56.6062] open fd = -5
[   56.6230] open name host:/livepad.bin flag 1 data 41378
[   56.6242] open fd = -5
[   56.6415] open name host:/livepad.bin flag 1 data 41378
[   56.6427] open fd = -5
[   56.6587] FRAMEARENA frames=2400 peak=1037904 resets=6 fallbacks=0 maxFrameBytes=2731360 maxBorrowed=2120800 freeKiB=10369
[   56.6588] NATIVEVIF frames=2400 batches=2406
[   56.6590] ORDEREDFRAME frames=2400 splitFrames=4
[   56.6592] FRAMEPIPELINE starts=2400 dmaBusyStarts=666
[   56.6594] open name host:/livepad.bin flag 1 data 41378
[   56.6607] open fd = -5
[   56.6776] open name host:/livepad.bin flag 1 data 41378
[   56.6790] open fd = -5
[   56.6960] open name host:/livepad.bin flag 1 data 41378
[   56.6978] open fd = -5
[   56.7154] open name host:/livepad.bin flag 1 data 41378
[   56.7167] open fd = -5
[   56.7170] open name host:/livedbg.cmd flag 1 data 41378
[   56.7185] open fd = -5
[   56.7372] open name host:/livepad.bin flag 1 data 41378
[   56.7387] open fd = -5
[   56.7562] open name host:/livepad.bin flag 1 data 41378
[   56.7579] open fd = -5
[   56.7770] open name host:/livepad.bin flag 1 data 41378
[   56.7789] open fd = -5
[   56.7964] open name host:/livepad.bin flag 1 data 41378
[   56.7981] open fd = -5
[   56.8167] open name host:/livepad.bin flag 1 data 41378
[   56.8184] open fd = -5
[   56.8355] open name host:/livepad.bin flag 1 data 41378
[   56.8369] open fd = -5
[   56.8372] open name host:/livedbg.cmd flag 1 data 41378
[   56.8383] open fd = -5
[   56.8566] open name host:/livepad.bin flag 1 data 41378
[   56.8583] open fd = -5
[   56.8763] open name host:/livepad.bin flag 1 data 41378
[   56.8776] open fd = -5
[   56.8957] open name host:/livepad.bin flag 1 data 41378
[   56.8971] open fd = -5
[   56.9168] open name host:/livepad.bin flag 1 data 41378
[   56.9182] open fd = -5
[   56.9387] open name host:/livepad.bin flag 1 data 41378
[   56.9407] open fd = -5
[   56.9588] open name host:/livepad.bin flag 1 data 41378
[   56.9602] open fd = -5
[   56.9605] open name host:/livedbg.cmd flag 1 data 41378
[   56.9619] open fd = -5
[   56.9824] open name host:/livepad.bin flag 1 data 41378
[   56.9844] open fd = -5
[   57.0051] open name host:/livepad.bin flag 1 data 41378
[   57.0069] open fd = -5
[   57.0076] open name host:/log.txt flag 302 data 41378
[   57.0097] open fd = 256
[   57.0329] open name host:/livepad.bin flag 1 data 41378
[   57.0344] open fd = -5
[   57.0525] open name host:/livepad.bin flag 1 data 41378
[   57.0542] open fd = -5
[   57.0717] open name host:/livepad.bin flag 1 data 41378
[   57.0733] open fd = -5
[   57.0919] open name host:/livepad.bin flag 1 data 41378
[   57.0936] open fd = -5
[   57.0939] open name host:/livedbg.cmd flag 1 data 41378
[   57.0953] open fd = -5
[   57.0962] open name host:/log.txt flag 302 data 41378
[   57.0981] open fd = 256
[   57.1179] open name host:/livepad.bin flag 1 data 41378
[   57.1194] open fd = -5
[   57.1356] open name host:/livepad.bin flag 1 data 41378
[   57.1370] open fd = -5
[   57.1543] open name host:/livepad.bin flag 1 data 41378
[   57.1556] open fd = -5
[   57.1714] open name host:/livepad.bin flag 1 data 41378
[   57.1728] open fd = -5
[   57.1907] open name host:/livepad.bin flag 1 data 41378
[   57.1920] open fd = -5
[   57.2097] open name host:/livepad.bin flag 1 data 41378
[   57.2111] open fd = -5
[   57.2114] open name host:/livedbg.cmd flag 1 data 41378
[   57.2128] open fd = -5
[   57.2321] open name host:/livepad.bin flag 1 data 41378
[   57.2337] open fd = -5
[   57.2512] open name host:/livepad.bin flag 1 data 41378
[   57.2527] open fd = -5
[   57.2728] open name host:/livepad.bin flag 1 data 41378
[   57.2743] open fd = -5
[   57.2771] open name host:/log.txt flag 302 data 41378
[   57.2790] open fd = 256
[   57.2973] open name host:/livepad.bin flag 1 data 41378
[   57.2991] open fd = -5
[   57.3176] open name host:/livepad.bin flag 1 data 41378
[   57.3193] open fd = -5
[   57.3389] open name host:/livepad.bin flag 1 data 41378
[   57.3407] open fd = -5
[   57.3409] open name host:/livedbg.cmd flag 1 data 41378
[   57.3422] open fd = -5
[   57.3599] open name host:/livepad.bin flag 1 data 41378
[   57.3616] open fd = -5
[   57.3793] open name host:/livepad.bin flag 1 data 41378
[   57.3807] open fd = -5
[   57.3990] open name host:/livepad.bin flag 1 data 41378
[   57.4002] open fd = -5
[   57.4171] open name host:/livepad.bin flag 1 data 41378
[   57.4184] open fd = -5
[   57.4353] open name host:/livepad.bin flag 1 data 41378
[   57.4365] open fd = -5
[   57.4540] open name host:/livepad.bin flag 1 data 41378
[   57.4553] open fd = -5
[   57.4556] open name host:/livedbg.cmd flag 1 data 41378
[   57.4566] open fd = -5
[   57.4764] open name host:/livepad.bin flag 1 data 41378
[   57.4784] open fd = -5
[   57.4961] open name host:/livepad.bin flag 1 data 41378
[   57.4976] open fd = -5
[   57.5167] open name host:/livepad.bin flag 1 data 41378
[   57.5184] open fd = -5
[   57.5191] open name host:/log.txt flag 302 data 41378
[   57.5210] open fd = 256
[   57.5409] open name host:/livepad.bin flag 1 data 41378
[   57.5424] open fd = -5
[   57.5627] open name host:/livepad.bin flag 1 data 41378
[   57.5646] open fd = -5
[   57.5819] open name host:/livepad.bin flag 1 data 41378
[   57.5836] open fd = -5
[   57.5840] open name host:/livedbg.cmd flag 1 data 41378
[   57.5852] open fd = -5
[   57.6024] open name host:/livepad.bin flag 1 data 41378
[   57.6040] open fd = -5
[   57.6221] open name host:/livepad.bin flag 1 data 41378
[   57.6238] open fd = -5
[   57.6417] open name host:/livepad.bin flag 1 data 41378
[   57.6428] open fd = -5
[   57.6608] open name host:/livepad.bin flag 1 data 41378
[   57.6620] open fd = -5
[   57.6793] open name host:/livepad.bin flag 1 data 41378
[   57.6804] open fd = -5
[   57.6968] open name host:/livepad.bin flag 1 data 41378
[   57.6980] open fd = -5
[   57.6983] open name host:/livedbg.cmd flag 1 data 41378
[   57.6994] open fd = -5
[   57.7173] open name host:/livepad.bin flag 1 data 41378
[   57.7185] open fd = -5
[   57.7368] open name host:/livepad.bin flag 1 data 41378
[   57.7380] open fd = -5
[   57.7581] open name host:/livepad.bin flag 1 data 41378
[   57.7593] open fd = -5
[   57.7772] open name host:/livepad.bin flag 1 data 41378
[   57.7785] open fd = -5
[   57.7967] open name host:/livepad.bin flag 1 data 41378
[   57.7978] open fd = -5
[   57.8186] open name host:/livepad.bin flag 1 data 41378
[   57.8200] open fd = -5
[   57.8203] open name host:/livedbg.cmd flag 1 data 41378
[   57.8218] open fd = -5
[   57.8408] open name host:/livepad.bin flag 1 data 41378
[   57.8426] open fd = -5
[   57.8603] open name host:/livepad.bin flag 1 data 41378
[   57.8616] open fd = -5
[   57.8808] open name host:/livepad.bin flag 1 data 41378
[   57.8823] open fd = -5
[   57.8993] open name host:/livepad.bin flag 1 data 41378
[   57.9009] open fd = -5
[   57.9190] open name host:/livepad.bin flag 1 data 41378
[   57.9204] open fd = -5
[   57.9372] open name host:/livepad.bin flag 1 data 41378
[   57.9388] open fd = -5
[   57.9391] open name host:/livedbg.cmd flag 1 data 41378
[   57.9402] open fd = -5
[   57.9570] open name host:/livepad.bin flag 1 data 41378
[   57.9584] open fd = -5
[   57.9753] open name host:/livepad.bin flag 1 data 41378
[   57.9765] open fd = -5
[   57.9936] open name host:/livepad.bin flag 1 data 41378
[   57.9947] open fd = -5
[   58.0111] open name host:/livepad.bin flag 1 data 41378
[   58.0125] open fd = -5
[   58.0131] open name host:/log.txt flag 302 data 41378
[   58.0148] open fd = 256
[   58.0328] open name host:/livepad.bin flag 1 data 41378
[   58.0342] open fd = -5
[   58.0358] open name host:/log.txt flag 302 data 41378
[   58.0375] open fd = 256
[   58.0543] open name host:/livepad.bin flag 1 data 41378
[   58.0555] open fd = -5
[   58.0560] open name host:/livedbg.cmd flag 1 data 41378
[   58.0571] open fd = -5
[   58.0753] open name host:/livepad.bin flag 1 data 41378
[   58.0767] open fd = -5
[   58.0960] open name host:/livepad.bin flag 1 data 41378
[   58.0971] open fd = -5
[   58.1160] open name host:/livepad.bin flag 1 data 41378
[   58.1173] open fd = -5
[   58.1356] open name host:/livepad.bin flag 1 data 41378
[   58.1367] open fd = -5
[   58.1549] open name host:/livepad.bin flag 1 data 41378
[   58.1566] open fd = -5
[   58.1749] open name host:/livepad.bin flag 1 data 41378
[   58.1765] open fd = -5
[   58.1768] open name host:/livedbg.cmd flag 1 data 41378
[   58.1779] open fd = -5
[   58.1958] open name host:/livepad.bin flag 1 data 41378
[   58.1974] open fd = -5
[   58.2157] open name host:/livepad.bin flag 1 data 41378
[   58.2176] open fd = -5
[   58.2338] open name host:/livepad.bin flag 1 data 41378
[   58.2354] open fd = -5
[   58.2518] open name host:/livepad.bin flag 1 data 41378
[   58.2531] open fd = -5
[   58.2715] open name host:/livepad.bin flag 1 data 41378
[   58.2729] open fd = -5
[   58.2755] open name host:/log.txt flag 302 data 41378
[   58.2775] open fd = 256
[   58.2942] open name host:/livepad.bin flag 1 data 41378
[   58.2956] open fd = -5
[   58.2959] open name host:/livedbg.cmd flag 1 data 41378
[   58.2969] open fd = -5
[   58.2977] open name host:/log.txt flag 302 data 41378
[   58.2996] open fd = 256
[   58.3184] open name host:/livepad.bin flag 1 data 41378
[   58.3198] open fd = -5
[   58.3366] open name host:/livepad.bin flag 1 data 41378
[   58.3379] open fd = -5
[   58.3549] open name host:/livepad.bin flag 1 data 41378
[   58.3562] open fd = -5
[   58.3729] open name host:/livepad.bin flag 1 data 41378
[   58.3742] open fd = -5
[   58.3916] open name host:/livepad.bin flag 1 data 41378
[   58.3932] open fd = -5
[   58.4100] open name host:/livepad.bin flag 1 data 41378
[   58.4113] open fd = -5
[   58.4115] open name host:/livedbg.cmd flag 1 data 41378
[   58.4126] open fd = -5
[   58.4308] open name host:/livepad.bin flag 1 data 41378
[   58.4323] open fd = -5
[   58.4496] open name host:/livepad.bin flag 1 data 41378
[   58.4509] open fd = -5
[   58.4676] open name host:/livepad.bin flag 1 data 41378
[   58.4689] open fd = -5
[   58.4860] open name host:/livepad.bin flag 1 data 41378
[   58.4875] open fd = -5
[   58.5082] open name host:/livepad.bin flag 1 data 41378
[   58.5097] open fd = -5
[   58.5104] open name host:/log.txt flag 302 data 41378
[   58.5123] open fd = 256
[   58.5346] open name host:/livepad.bin flag 1 data 41378
[   58.5364] open fd = -5
[   58.5367] open name host:/livedbg.cmd flag 1 data 41378
[   58.5381] open fd = -5
[   58.5552] open name host:/livepad.bin flag 1 data 41378
[   58.5568] open fd = -5
[   58.5744] open name host:/livepad.bin flag 1 data 41378
[   58.5762] open fd = -5
[   58.5930] open name host:/livepad.bin flag 1 data 41378
[   58.5947] open fd = -5
[   58.6123] open name host:/livepad.bin flag 1 data 41378
[   58.6141] open fd = -5
[   58.6308] open name host:/livepad.bin flag 1 data 41378
[   58.6325] open fd = -5
[   58.6494] open name host:/livepad.bin flag 1 data 41378
[   58.6506] open fd = -5
[   58.6508] open name host:/livedbg.cmd flag 1 data 41378
[   58.6518] open fd = -5
[   58.6682] open name host:/livepad.bin flag 1 data 41378
[   58.6693] open fd = -5
[   58.6872] open name host:/livepad.bin flag 1 data 41378
[   58.6884] open fd = -5
[   58.7052] open name host:/livepad.bin flag 1 data 41378
[   58.7064] open fd = -5
[   58.7234] open name host:/livepad.bin flag 1 data 41378
[   58.7248] open fd = -5
[   58.7430] open name host:/livepad.bin flag 1 data 41378
[   58.7442] open fd = -5
[   58.7608] open name host:/livepad.bin flag 1 data 41378
[   58.7620] open fd = -5
[   58.7623] open name host:/livedbg.cmd flag 1 data 41378
[   58.7633] open fd = -5
[   58.7803] open name host:/livepad.bin flag 1 data 41378
[   58.7818] open fd = -5
[   58.7993] open name host:/livepad.bin flag 1 data 41378
[   58.8006] open fd = -5
[   58.8195] open name host:/livepad.bin flag 1 data 41378
[   58.8213] open fd = -5
[   58.8406] open name host:/livepad.bin flag 1 data 41378
[   58.8426] open fd = -5
[   58.8593] open name host:/livepad.bin flag 1 data 41378
[   58.8610] open fd = -5
[   58.8788] open name host:/livepad.bin flag 1 data 41378
[   58.8804] open fd = -5
[   58.8807] open name host:/livedbg.cmd flag 1 data 41378
[   58.8822] open fd = -5
[   58.8994] open name host:/livepad.bin flag 1 data 41378
[   58.9007] open fd = -5
[   58.9175] open name host:/livepad.bin flag 1 data 41378
[   58.9189] open fd = -5
[   58.9364] open name host:/livepad.bin flag 1 data 41378
[   58.9380] open fd = -5
[   58.9549] open name host:/livepad.bin flag 1 data 41378
[   58.9566] open fd = -5
[   58.9736] open name host:/livepad.bin flag 1 data 41378
[   58.9753] open fd = -5
[   58.9919] open name host:/livepad.bin flag 1 data 41378
[   58.9933] open fd = -5
[   58.9937] open name host:/livedbg.cmd flag 1 data 41378
[   58.9948] open fd = -5
[   58.9955] open name host:/log.txt flag 302 data 41378
[   58.9974] open fd = 256
[   59.0149] open name host:/livepad.bin flag 1 data 41378
[   59.0161] open fd = -5
[   59.0328] open name host:/livepad.bin flag 1 data 41378
[   59.0340] open fd = -5
[   59.0518] FRAMEARENA frames=2520 peak=1037904 resets=6 fallbacks=0 maxFrameBytes=2731360 maxBorrowed=2120800 freeKiB=10369
[   59.0520] NATIVEVIF frames=2520 batches=2526
[   59.0523] ORDEREDFRAME frames=2520 splitFrames=4
[   59.0524] FRAMEPIPELINE starts=2520 dmaBusyStarts=758
[   59.0526] open name host:/livepad.bin flag 1 data 41378
[   59.0537] open fd = -5
[   59.0715] open name host:/livepad.bin flag 1 data 41378
[   59.0727] open fd = -5
[   59.0915] open name host:/livepad.bin flag 1 data 41378
[   59.0927] open fd = -5
[   59.1113] open name host:/livepad.bin flag 1 data 41378
[   59.1126] open fd = -5
[   59.1133] open name host:/livedbg.cmd flag 1 data 41378
[   59.1143] open fd = -5
[   59.1317] open name host:/livepad.bin flag 1 data 41378
[   59.1329] open fd = -5
[   59.1512] open name host:/livepad.bin flag 1 data 41378
[   59.1523] open fd = -5
[   59.1719] open name host:/livepad.bin flag 1 data 41378
[   59.1738] open fd = -5
[   59.1919] open name host:/livepad.bin flag 1 data 41378
[   59.1935] open fd = -5
[   59.2127] open name host:/livepad.bin flag 1 data 41378
[   59.2143] open fd = -5
[   59.2322] open name host:/livepad.bin flag 1 data 41378
[   59.2341] open fd = -5
[   59.2343] open name host:/livedbg.cmd flag 1 data 41378
[   59.2354] open fd = -5
[   59.2521] open name host:/livepad.bin flag 1 data 41378
[   59.2534] open fd = -5
[   59.2560] open name host:/log.txt flag 302 data 41378
[   59.2576] open fd = 256
[   59.2751] open name host:/livepad.bin flag 1 data 41378
[   59.2765] open fd = -5
[   59.2930] open name host:/livepad.bin flag 1 data 41378
[   59.2947] open fd = -5
[   59.3124] open name host:/livepad.bin flag 1 data 41378
[   59.3136] open fd = -5
[   59.3301] open name host:/livepad.bin flag 1 data 41378
[   59.3315] open fd = -5
[   59.3493] open name host:/livepad.bin flag 1 data 41378
[   59.3504] open fd = -5
[   59.3508] open name host:/livedbg.cmd flag 1 data 41378
[   59.3519] open fd = -5
[   59.3693] open name host:/livepad.bin flag 1 data 41378
[   59.3709] open fd = -5
[   59.3896] open name host:/livepad.bin flag 1 data 41378
[   59.3911] open fd = -5
[   59.4083] open name host:/livepad.bin flag 1 data 41378
[   59.4098] open fd = -5
[   59.4278] open name host:/livepad.bin flag 1 data 41378
[   59.4294] open fd = -5
[   59.4462] open name host:/livepad.bin flag 1 data 41378
[   59.4474] open fd = -5
[   59.4659] open name host:/livepad.bin flag 1 data 41378
[   59.4671] open fd = -5
[   59.4676] open name host:/livedbg.cmd flag 1 data 41378
[   59.4686] open fd = -5
[   59.4693] open name host:/log.txt flag 302 data 41378
[   59.4709] open fd = 256
[   59.4899] open name host:/livepad.bin flag 1 data 41378
[   59.4916] open fd = -5
[   59.4922] open name host:/log.txt flag 302 data 41378
[   59.4945] open fd = 256
[   59.5140] open name host:/livepad.bin flag 1 data 41378
[   59.5158] open fd = -5
[   59.5340] open name host:/livepad.bin flag 1 data 41378
[   59.5356] open fd = -5
[   59.5543] open name host:/livepad.bin flag 1 data 41378
[   59.5555] open fd = -5
[   59.5723] open name host:/livepad.bin flag 1 data 41378
[   59.5738] open fd = -5
[   59.5904] open name host:/livepad.bin flag 1 data 41378
[   59.5922] open fd = -5
[   59.5924] open name host:/livedbg.cmd flag 1 data 41378
[   59.5937] open fd = -5
[   59.6107] open name host:/livepad.bin flag 1 data 41378
[   59.6123] open fd = -5
[   59.6290] open name host:/livepad.bin flag 1 data 41378
[   59.6305] open fd = -5
[   59.6474] open name host:/livepad.bin flag 1 data 41378
[   59.6487] open fd = -5
[   59.6662] open name host:/livepad.bin flag 1 data 41378
[   59.6674] open fd = -5
[   59.6848] open name host:/livepad.bin flag 1 data 41378
[   59.6860] open fd = -5
[   59.7031] open name host:/livepad.bin flag 1 data 41378
[   59.7043] open fd = -5
[   59.7047] open name host:/livedbg.cmd flag 1 data 41378
[   59.7057] open fd = -5
[   59.7230] open name host:/livepad.bin flag 1 data 41378
[   59.7243] open fd = -5
[   59.7415] open name host:/livepad.bin flag 1 data 41378
[   59.7426] open fd = -5
[   59.7617] open name host:/livepad.bin flag 1 data 41378
[   59.7629] open fd = -5
[   59.7808] open name host:/livepad.bin flag 1 data 41378
[   59.7821] open fd = -5
[   59.7981] open name host:/livepad.bin flag 1 data 41378
[   59.7995] open fd = -5
[   59.8162] open name host:/livepad.bin flag 1 data 41378
[   59.8236] open fd = -5
[   59.8240] open name host:/livedbg.cmd flag 1 data 41378
[   59.8250] open fd = -5
[   59.8420] open name host:/livepad.bin flag 1 data 41378
[   59.8433] open fd = -5
[   59.8602] open name host:/livepad.bin flag 1 data 41378
[   59.8616] open fd = -5
[   59.8782] open name host:/livepad.bin flag 1 data 41378
[   59.8798] open fd = -5
[   59.8978] open name host:/livepad.bin flag 1 data 41378
[   59.8992] open fd = -5
[   59.9171] open name host:/livepad.bin flag 1 data 41378
[   59.9188] open fd = -5
[   59.9375] open name host:/livepad.bin flag 1 data 41378
[   59.9389] open fd = -5
[   59.9392] open name host:/livedbg.cmd flag 1 data 41378
[   59.9405] open fd = -5
[   59.9595] open name host:/livepad.bin flag 1 data 41378
[   59.9609] open fd = -5
[   59.9805] open name host:/livepad.bin flag 1 data 41378
[   59.9818] open fd = -5
[   59.9825] open name host:/log.txt flag 302 data 41378
[   59.9840] open fd = 256
[   60.0029] open name host:/livepad.bin flag 1 data 41378
[   60.0043] open fd = -5
[   60.0228] open name host:/livepad.bin flag 1 data 41378
[   60.0241] open fd = -5
[   60.0415] open name host:/livepad.bin flag 1 data 41378
[   60.0427] open fd = -5
[   60.0600] open name host:/livepad.bin flag 1 data 41378
[   60.0612] open fd = -5
[   60.0615] open name host:/livedbg.cmd flag 1 data 41378
[   60.0624] open fd = -5
[   60.0792] open name host:/livepad.bin flag 1 data 41378
[   60.0803] open fd = -5
[   60.0972] open name host:/livepad.bin flag 1 data 41378
[   60.0985] open fd = -5
[   60.1146] open name host:/livepad.bin flag 1 data 41378
[   60.1158] open fd = -5
[   60.1336] open name host:/livepad.bin flag 1 data 41378
[   60.1348] open fd = -5
[   60.1529] open name host:/livepad.bin flag 1 data 41378
[   60.1541] open fd = -5
[   60.1720] open name host:/livepad.bin flag 1 data 41378
[   60.1733] open fd = -5
[   60.1737] open name host:/livedbg.cmd flag 1 data 41378
[   60.1750] open fd = -5
[   60.1918] open name host:/livepad.bin flag 1 data 41378
[   60.1930] open fd = -5
[   60.2116] open name host:/livepad.bin flag 1 data 41378
[   60.2129] open fd = -5
[   60.2319] open name host:/livepad.bin flag 1 data 41378
[   60.2335] open fd = -5
[   60.2363] open name host:/log.txt flag 302 data 41378
[   60.2383] open fd = 256
[   60.2572] open name host:/livepad.bin flag 1 data 41378
[   60.2586] open fd = -5
[   60.2778] open name host:/livepad.bin flag 1 data 41378
[   60.2794] open fd = -5
[   60.2980] open name host:/livepad.bin flag 1 data 41378
[   60.2998] open fd = -5
[   60.3001] open name host:/livedbg.cmd flag 1 data 41378
[   60.3015] open fd = -5
[   60.3194] open name host:/livepad.bin flag 1 data 41378
[   60.3211] open fd = -5
[   60.3382] open name host:/livepad.bin flag 1 data 41378
[   60.3397] open fd = -5
[   60.3572] open name host:/livepad.bin flag 1 data 41378
[   60.3590] open fd = -5
[   60.3760] open name host:/livepad.bin flag 1 data 41378
[   60.3775] open fd = -5
[   60.3938] open name host:/livepad.bin flag 1 data 41378
[   60.3953] open fd = -5
[   60.4136] open name host:/livepad.bin flag 1 data 41378
[   60.4148] open fd = -5
[   60.4151] open name host:/livedbg.cmd flag 1 data 41378
[   60.4162] open fd = -5
[   60.4333] open name host:/livepad.bin flag 1 data 41378
[   60.4345] open fd = -5
[   60.4534] open name host:/livepad.bin flag 1 data 41378
[   60.4548] open fd = -5
[   60.4717] open name host:/livepad.bin flag 1 data 41378
[   60.4729] open fd = -5
[   60.4735] open name host:/log.txt flag 302 data 41378
[   60.4751] open fd = 256
[   60.4946] open name host:/livepad.bin flag 1 data 41378
[   60.4959] open fd = -5
[   60.5136] open name host:/livepad.bin flag 1 data 41378
[   60.5150] open fd = -5
[   60.5340] open name host:/livepad.bin flag 1 data 41378
[   60.5354] open fd = -5
[   60.5357] open name host:/livedbg.cmd flag 1 data 41378
[   60.5366] open fd = -5
[   60.5541] open name host:/livepad.bin flag 1 data 41378
[   60.5553] open fd = -5
[   60.5719] open name host:/livepad.bin flag 1 data 41378
[   60.5731] open fd = -5
[   60.5895] open name host:/livepad.bin flag 1 data 41378
[   60.5908] open fd = -5
[   60.6069] open name host:/livepad.bin flag 1 data 41378
[   60.6082] open fd = -5
[   60.6253] open name host:/livepad.bin flag 1 data 41378
[   60.6266] open fd = -5
[   60.6444] open name host:/livepad.bin flag 1 data 41378
[   60.6462] open fd = -5
[   60.6468] open name host:/livedbg.cmd flag 1 data 41378
[   60.6482] open fd = -5
[   60.6490] open name host:/log.txt flag 302 data 41378
[   60.6509] open fd = 256
[   60.6722] open name host:/livepad.bin flag 1 data 41378
[   60.6740] open fd = -5
[   60.6922] open name host:/livepad.bin flag 1 data 41378
[   60.6938] open fd = -5
[   60.7114] open name host:/livepad.bin flag 1 data 41378
[   60.7129] open fd = -5
[   60.7323] open name host:/livepad.bin flag 1 data 41378
[   60.7338] open fd = -5
[   60.7532] open name host:/livepad.bin flag 1 data 41378
[   60.7546] open fd = -5
[   60.7733] open name host:/livepad.bin flag 1 data 41378
[   60.7749] open fd = -5
[   60.7751] open name host:/livedbg.cmd flag 1 data 41378
[   60.7766] open fd = -5
[   60.7950] open name host:/livepad.bin flag 1 data 41378
[   60.7963] open fd = -5
[   60.8144] open name host:/livepad.bin flag 1 data 41378
[   60.8157] open fd = -5
[   60.8324] open name host:/livepad.bin flag 1 data 41378
[   60.8335] open fd = -5
[   60.8505] open name host:/livepad.bin flag 1 data 41378
[   60.8519] open fd = -5
[   60.8693] open name host:/livepad.bin flag 1 data 41378
[   60.8706] open fd = -5
[   60.8866] open name host:/livepad.bin flag 1 data 41378
[   60.8878] open fd = -5
[   60.8880] open name host:/livedbg.cmd flag 1 data 41378
[   60.8890] open fd = -5
[   60.9056] open name host:/livepad.bin flag 1 data 41378
[   60.9072] open fd = -5
[   60.9249] open name host:/livepad.bin flag 1 data 41378
[   60.9261] open fd = -5
[   60.9447] open name host:/livepad.bin flag 1 data 41378
[   60.9460] open fd = -5
[   60.9654] open name host:/livepad.bin flag 1 data 41378
[   60.9669] open fd = -5
[   60.9675] open name host:/log.txt flag 302 data 41378
[   60.9693] open fd = 256
[   60.9894] open name host:/livepad.bin flag 1 data 41378
[   60.9910] open fd = -5
[   60.9930] open name host:/log.txt flag 302 data 41378
[   60.9947] open fd = 256
[   61.0146] open name host:/livepad.bin flag 1 data 41378
[   61.0160] open fd = -5
[   61.0162] open name host:/livedbg.cmd flag 1 data 41378
[   61.0173] open fd = -5
[   61.0358] open name host:/livepad.bin flag 1 data 41378
[   61.0373] open fd = -5
[   61.0571] open name host:/livepad.bin flag 1 data 41378
[   61.0587] open fd = -5
[   61.0765] open name host:/livepad.bin flag 1 data 41378
[   61.0780] open fd = -5
[   61.0961] open name host:/livepad.bin flag 1 data 41378
[   61.0981] open fd = -5
[   61.1168] open name host:/livepad.bin flag 1 data 41378
[   61.1184] open fd = -5
[   61.1358] open name host:/livepad.bin flag 1 data 41378
[   61.1371] open fd = -5
[   61.1374] open name host:/livedbg.cmd flag 1 data 41378
[   61.1385] open fd = -5
[   61.1550] open name host:/livepad.bin flag 1 data 41378
[   61.1567] open fd = -5
[   61.1755] open name host:/livepad.bin flag 1 data 41378
[   61.1772] open fd = -5
[   61.1967] open name host:/livepad.bin flag 1 data 41378
[   61.1983] open fd = -5
[   61.2180] open name host:/livepad.bin flag 1 data 41378
[   61.2196] open fd = -5
[   61.2373] open name host:/livepad.bin flag 1 data 41378
[   61.2387] open fd = -5
[   61.2414] open name host:/log.txt flag 302 data 41378
[   61.2431] open fd = 256
[   61.2605] open name host:/livepad.bin flag 1 data 41378
[   61.2620] open fd = -5
[   61.2623] open name host:/livedbg.cmd flag 1 data 41378
[   61.2633] open fd = -5
[   61.2824] open name host:/livepad.bin flag 1 data 41378
[   61.2840] open fd = -5
[   61.3035] open name host:/livepad.bin flag 1 data 41378
[   61.3049] open fd = -5
[   61.3225] open name host:/livepad.bin flag 1 data 41378
[   61.3237] open fd = -5
[   61.3433] open name host:/livepad.bin flag 1 data 41378
[   61.3448] open fd = -5
[   61.3627] open name host:/livepad.bin flag 1 data 41378
[   61.3643] open fd = -5
[   61.3823] open name host:/livepad.bin flag 1 data 41378
[   61.3837] open fd = -5
[   61.3840] open name host:/livedbg.cmd flag 1 data 41378
[   61.3850] open fd = -5
[   61.4009] open name host:/livepad.bin flag 1 data 41378
[   61.4026] open fd = -5
[   61.4201] open name host:/livepad.bin flag 1 data 41378
[   61.4216] open fd = -5
[   61.4406] FRAMEARENA frames=2640 peak=1037904 resets=6 fallbacks=0 maxFrameBytes=2731360 maxBorrowed=2120800 freeKiB=10369
[   61.4410] NATIVEVIF frames=2640 batches=2646
[   61.4412] ORDEREDFRAME frames=2640 splitFrames=4
[   61.4414] FRAMEPIPELINE starts=2640 dmaBusyStarts=853
[   61.4417] open name host:/livepad.bin flag 1 data 41378
[   61.4430] open fd = -5
[   61.4614] open name host:/livepad.bin flag 1 data 41378
[   61.4626] open fd = -5
[   61.4808] open name host:/livepad.bin flag 1 data 41378
[   61.4823] open fd = -5
[   61.4830] open name host:/log.txt flag 302 data 41378
[   61.4847] open fd = 256
[   61.5051] open name host:/livepad.bin flag 1 data 41378
[   61.5065] open fd = -5
[   61.5068] open name host:/livedbg.cmd flag 1 data 41378
[   61.5080] open fd = -5
[   61.5250] open name host:/livepad.bin flag 1 data 41378
[   61.5267] open fd = -5
[   61.5443] open name host:/livepad.bin flag 1 data 41378
[   61.5459] open fd = -5
[   61.5628] open name host:/livepad.bin flag 1 data 41378
[   61.5644] open fd = -5
[   61.5816] open name host:/livepad.bin flag 1 data 41378
[   61.5831] open fd = -5
[   61.6020] open name host:/livepad.bin flag 1 data 41378
[   61.6034] open fd = -5
[   61.6217] open name host:/livepad.bin flag 1 data 41378
[   61.6231] open fd = -5
[   61.6234] open name host:/livedbg.cmd flag 1 data 41378
[   61.6244] open fd = -5
[   61.6421] open name host:/livepad.bin flag 1 data 41378
[   61.6434] open fd = -5
[   61.6606] open name host:/livepad.bin flag 1 data 41378
[   61.6621] open fd = -5
[   61.6787] open name host:/livepad.bin flag 1 data 41378
[   61.6801] open fd = -5
[   61.6970] open name host:/livepad.bin flag 1 data 41378
[   61.6983] open fd = -5
[   61.7148] open name host:/livepad.bin flag 1 data 41378
[   61.7160] open fd = -5
[   61.7322] open name host:/livepad.bin flag 1 data 41378
[   61.7335] open fd = -5
[   61.7337] open name host:/livedbg.cmd flag 1 data 41378
[   61.7349] open fd = -5
[   61.7532] open name host:/livepad.bin flag 1 data 41378
[   61.7547] open fd = -5
[   61.7756] open name host:/livepad.bin flag 1 data 41378
[   61.7772] open fd = -5
[   61.7976] open name host:/livepad.bin flag 1 data 41378
[   61.7991] open fd = -5
[   61.8180] open name host:/livepad.bin flag 1 data 41378
[   61.8194] open fd = -5
[   61.8384] open name host:/livepad.bin flag 1 data 41378
[   61.8397] open fd = -5
[   61.8566] open name host:/livepad.bin flag 1 data 41378
[   61.8579] open fd = -5
[   61.8582] open name host:/livedbg.cmd flag 1 data 41378
[   61.8591] open fd = -5
[   61.8601] open name host:/log.txt flag 302 data 41378
[   61.8616] open fd = 256
[   61.8794] open name host:/livepad.bin flag 1 data 41378
[   61.8807] open fd = -5
[   61.8969] open name host:/livepad.bin flag 1 data 41378
[   61.8982] open fd = -5
[   61.9160] open name host:/livepad.bin flag 1 data 41378
[   61.9172] open fd = -5
[   61.9349] open name host:/livepad.bin flag 1 data 41378
[   61.9364] open fd = -5
[   61.9539] open name host:/livepad.bin flag 1 data 41378
[   61.9551] open fd = -5
[   61.9735] open name host:/livepad.bin flag 1 data 41378
[   61.9749] open fd = -5
[   61.9751] open name host:/livedbg.cmd flag 1 data 41378
[   61.9762] open fd = -5
[   61.9769] open name host:/log.txt flag 302 data 41378
[   61.9788] open fd = 256
[   61.9972] open name host:/livepad.bin flag 1 data 41378
[   61.9982] open fd = -5
[   62.0168] open name host:/livepad.bin flag 1 data 41378
[   62.0180] open fd = -5
[   62.0341] open name host:/livepad.bin flag 1 data 41378
[   62.0352] open fd = -5
[   62.0510] open name host:/livepad.bin flag 1 data 41378
[   62.0522] open fd = -5
[   62.0710] open name host:/livepad.bin flag 1 data 41378
[   62.0723] open fd = -5
[   62.0897] open name host:/livepad.bin flag 1 data 41378
[   62.0910] open fd = -5
[   62.0913] open name host:/livedbg.cmd flag 1 data 41378
[   62.0925] open fd = -5
[   62.1092] open name host:/livepad.bin flag 1 data 41378
[   62.1104] open fd = -5
[   62.1277] open name host:/livepad.bin flag 1 data 41378
[   62.1289] open fd = -5
[   62.1456] open name host:/livepad.bin flag 1 data 41378
[   62.1468] open fd = -5
[   62.1630] open name host:/livepad.bin flag 1 data 41378
[   62.1643] open fd = -5
[   62.1820] open name host:/livepad.bin flag 1 data 41378
[   62.1833] open fd = -5
[   62.1994] open name host:/livepad.bin flag 1 data 41378
[   62.2008] open fd = -5
[   62.2013] open name host:/livedbg.cmd flag 1 data 41378
[   62.2025] open fd = -5
[   62.2198] open name host:/livepad.bin flag 1 data 41378
[   62.2216] open fd = -5
[   62.2242] open name host:/log.txt flag 302 data 41378
[   62.2258] open fd = 256
[   62.2417] open name host:/livepad.bin flag 1 data 41378
[   62.2429] open fd = -5
[   62.2595] open name host:/livepad.bin flag 1 data 41378
[   62.2607] open fd = -5
[   62.2776] open name host:/livepad.bin flag 1 data 41378
[   62.2789] open fd = -5
[   62.2967] open name host:/livepad.bin flag 1 data 41378
[   62.2983] open fd = -5
[   62.3156] open name host:/livepad.bin flag 1 data 41378
[   62.3169] open fd = -5
[   62.3171] open name host:/livedbg.cmd flag 1 data 41378
[   62.3181] open fd = -5
[   62.3352] open name host:/livepad.bin flag 1 data 41378
[   62.3364] open fd = -5
[   62.3531] open name host:/livepad.bin flag 1 data 41378
[   62.3544] open fd = -5
[   62.3715] open name host:/livepad.bin flag 1 data 41378
[   62.3727] open fd = -5
[   62.3900] open name host:/livepad.bin flag 1 data 41378
[   62.3914] open fd = -5
[   62.4087] open name host:/livepad.bin flag 1 data 41378
[   62.4101] open fd = -5
[   62.4282] open name host:/livepad.bin flag 1 data 41378
[   62.4294] open fd = -5
[   62.4298] open name host:/livedbg.cmd flag 1 data 41378
[   62.4309] open fd = -5
[   62.4484] open name host:/livepad.bin flag 1 data 41378
[   62.4498] open fd = -5
[   62.4505] open name host:/log.txt flag 302 data 41378
[   62.4520] open fd = 256
[   62.4715] open name host:/livepad.bin flag 1 data 41378
[   62.4727] open fd = -5
[   62.4902] open name host:/livepad.bin flag 1 data 41378
[   62.4913] open fd = -5
[   62.5080] open name host:/livepad.bin flag 1 data 41378
[   62.5095] open fd = -5
[   62.5281] open name host:/livepad.bin flag 1 data 41378
[   62.5297] open fd = -5
[   62.5468] open name host:/livepad.bin flag 1 data 41378
[   62.5481] open fd = -5
[   62.5483] open name host:/livedbg.cmd flag 1 data 41378
[   62.5495] open fd = -5
[   62.5657] open name host:/livepad.bin flag 1 data 41378
[   62.5673] open fd = -5
[   62.5844] open name host:/livepad.bin flag 1 data 41378
[   62.5858] open fd = -5
[   62.6037] open name host:/livepad.bin flag 1 data 41378
[   62.6049] open fd = -5
[   62.6223] open name host:/livepad.bin flag 1 data 41378
[   62.6235] open fd = -5
[   62.6403] open name host:/livepad.bin flag 1 data 41378
[   62.6416] open fd = -5
[   62.6584] open name host:/livepad.bin flag 1 data 41378
[   62.6596] open fd = -5
[   62.6598] open name host:/livedbg.cmd flag 1 data 41378
[   62.6612] open fd = -5
[   62.6776] open name host:/livepad.bin flag 1 data 41378
[   62.6788] open fd = -5
[   62.6955] open name host:/livepad.bin flag 1 data 41378
[   62.6967] open fd = -5
[   62.7133] open name host:/livepad.bin flag 1 data 41378
[   62.7146] open fd = -5
[   62.7319] open name host:/livepad.bin flag 1 data 41378
[   62.7331] open fd = -5
[   62.7506] open name host:/livepad.bin flag 1 data 41378
[   62.7518] open fd = -5
[   62.7683] open name host:/livepad.bin flag 1 data 41378
[   62.7695] open fd = -5
[   62.7698] open name host:/livedbg.cmd flag 1 data 41378
[   62.7707] open fd = -5
[   62.7892] open name host:/livepad.bin flag 1 data 41378
[   62.7907] open fd = -5
[   62.8075] open name host:/livepad.bin flag 1 data 41378
[   62.8090] open fd = -5
[   62.8253] open name host:/livepad.bin flag 1 data 41378
[   62.8265] open fd = -5
[   62.8434] open name host:/livepad.bin flag 1 data 41378
[   62.8448] open fd = -5
[   62.8618] open name host:/livepad.bin flag 1 data 41378
[   62.8633] open fd = -5
[   62.8807] open name host:/livepad.bin flag 1 data 41378
[   62.8821] open fd = -5
[   62.8823] open name host:/livedbg.cmd flag 1 data 41378
[   62.8833] open fd = -5
[   62.8995] open name host:/livepad.bin flag 1 data 41378
[   62.9009] open fd = -5
[   62.9181] open name host:/livepad.bin flag 1 data 41378
[   62.9192] open fd = -5
[   62.9200] open name host:/log.txt flag 302 data 41378
[   62.9219] open fd = 256
[   62.9399] open name host:/livepad.bin flag 1 data 41378
[   62.9410] open fd = -5
[   62.9590] open name host:/livepad.bin flag 1 data 41378
[   62.9601] open fd = -5
[   62.9762] open name host:/livepad.bin flag 1 data 41378
[   62.9774] open fd = -5
[   62.9943] open name host:/livepad.bin flag 1 data 41378
[   62.9955] open fd = -5
[   62.9957] open name host:/livedbg.cmd flag 1 data 41378
[   62.9966] open fd = -5
[   62.9979] open name host:/log.txt flag 302 data 41378
[   62.9997] open fd = 256
[   63.0181] open name host:/livepad.bin flag 1 data 41378
[   63.0194] open fd = -5
[   63.0360] open name host:/livepad.bin flag 1 data 41378
[   63.0371] open fd = -5
[   63.0542] open name host:/livepad.bin flag 1 data 41378
[   63.0553] open fd = -5
[   63.0724] open name host:/livepad.bin flag 1 data 41378
[   63.0735] open fd = -5
[   63.0907] open name host:/livepad.bin flag 1 data 41378
[   63.0920] open fd = -5
[   63.1092] open name host:/livepad.bin flag 1 data 41378
[   63.1103] open fd = -5
[   63.1106] open name host:/livedbg.cmd flag 1 data 41378
[   63.1116] open fd = -5
[   63.1303] open name host:/livepad.bin flag 1 data 41378
[   63.1316] open fd = -5
[   63.1474] open name host:/livepad.bin flag 1 data 41378
[   63.1488] open fd = -5
[   63.1645] open name host:/livepad.bin flag 1 data 41378
[   63.1658] open fd = -5
[   63.1684] open name host:/log.txt flag 302 data 41378
[   63.1699] open fd = 256
[   63.1863] open name host:/livepad.bin flag 1 data 41378
[   63.1874] open fd = -5
[   63.2044] open name host:/livepad.bin flag 1 data 41378
[   63.2056] open fd = -5
[   63.2225] open name host:/livepad.bin flag 1 data 41378
[   63.2237] open fd = -5
[   63.2241] open name host:/livedbg.cmd flag 1 data 41378
[   63.2252] open fd = -5
[   63.2421] open name host:/livepad.bin flag 1 data 41378
[   63.2432] open fd = -5
[   63.2608] open name host:/livepad.bin flag 1 data 41378
[   63.2621] open fd = -5
[   63.2801] open name host:/livepad.bin flag 1 data 41378
[   63.2814] open fd = -5
[   63.2976] open name host:/livepad.bin flag 1 data 41378
[   63.2987] open fd = -5
[   63.3162] open name host:/livepad.bin flag 1 data 41378
[   63.3175] open fd = -5
[   63.3333] open name host:/livepad.bin flag 1 data 41378
[   63.3346] open fd = -5
[   63.3348] open name host:/livedbg.cmd flag 1 data 41378
[   63.3358] open fd = -5
[   63.3546] open name host:/livepad.bin flag 1 data 41378
[   63.3559] open fd = -5
[   63.3734] open name host:/livepad.bin flag 1 data 41378
[   63.3747] open fd = -5
[   63.3924] open name host:/livepad.bin flag 1 data 41378
[   63.3937] open fd = -5
[   63.3945] open name host:/log.txt flag 302 data 41378
[   63.3962] open fd = 256
[   63.4145] open name host:/livepad.bin flag 1 data 41378
[   63.4158] open fd = -5
[   63.4319] open name host:/livepad.bin flag 1 data 41378
[   63.4330] open fd = -5
[   63.4499] open name host:/livepad.bin flag 1 data 41378
[   63.4511] open fd = -5
[   63.4513] open name host:/livedbg.cmd flag 1 data 41378
[   63.4524] open fd = -5
[   63.4694] open name host:/livepad.bin flag 1 data 41378
[   63.4707] open fd = -5
[   63.4877] open name host:/livepad.bin flag 1 data 41378
[   63.4888] open fd = -5
[   63.5060] open name host:/livepad.bin flag 1 data 41378
[   63.5071] open fd = -5
[   63.5233] open name host:/livepad.bin flag 1 data 41378
[   63.5245] open fd = -5
[   63.5415] open name host:/livepad.bin flag 1 data 41378
[   63.5426] open fd = -5
[   63.5591] open name host:/livepad.bin flag 1 data 41378
[   63.5602] open fd = -5
[   63.5606] open name host:/livedbg.cmd flag 1 data 41378
[   63.5618] open fd = -5
[   63.5777] open name host:/livepad.bin flag 1 data 41378
[   63.5789] open fd = -5
[   63.5953] open name host:/livepad.bin flag 1 data 41378
[   63.5963] open fd = -5
[   63.6138] open name host:/livepad.bin flag 1 data 41378
[   63.6151] open fd = -5
[   63.6312] open name host:/livepad.bin flag 1 data 41378
[   63.6324] open fd = -5
[   63.6485] open name host:/livepad.bin flag 1 data 41378
[   63.6498] open fd = -5
[   63.6664] open name host:/livepad.bin flag 1 data 41378
[   63.6676] open fd = -5
[   63.6681] open name host:/livedbg.cmd flag 1 data 41378
[   63.6692] open fd = -5
[   63.6857] open name host:/livepad.bin flag 1 data 41378
[   63.6868] open fd = -5
[   63.7037] open name host:/livepad.bin flag 1 data 41378
[   63.7049] open fd = -5
[   63.7212] FRAMEARENA frames=2760 peak=1037904 resets=6 fallbacks=0 maxFrameBytes=2731360 maxBorrowed=2120800 freeKiB=10369
[   63.7214] NATIVEVIF frames=2760 batches=2766
[   63.7216] ORDEREDFRAME frames=2760 splitFrames=4
[   63.7218] FRAMEPIPELINE starts=2760 dmaBusyStarts=949
[   63.7220] open name host:/livepad.bin flag 1 data 41378
[   63.7234] open fd = -5
[   63.7413] open name host:/livepad.bin flag 1 data 41378
[   63.7426] open fd = -5
[   63.7616] open name host:/livepad.bin flag 1 data 41378
[   63.7629] open fd = -5
[   63.7803] open name host:/livepad.bin flag 1 data 41378
[   63.7814] open fd = -5
[   63.7816] open name host:/livedbg.cmd flag 1 data 41378
[   63.7826] open fd = -5
[   63.7999] open name host:/livepad.bin flag 1 data 41378
[   63.8012] open fd = -5
[   63.8190] open name host:/livepad.bin flag 1 data 41378
[   63.8202] open fd = -5
[   63.8365] open name host:/livepad.bin flag 1 data 41378
[   63.8378] open fd = -5
[   63.8556] open name host:/livepad.bin flag 1 data 41378
[   63.8567] open fd = -5
[   63.8573] open name host:/log.txt flag 302 data 41378
[   63.8588] open fd = 256
[   63.8779] open name host:/livepad.bin flag 1 data 41378
[   63.8793] open fd = -5
[   63.8808] open name host:/log.txt flag 302 data 41378
[   63.8823] open fd = 256
[   63.8988] open name host:/livepad.bin flag 1 data 41378
[   63.9001] open fd = -5
[   63.9004] open name host:/livedbg.cmd flag 1 data 41378
[   63.9014] open fd = -5
[   63.9181] open name host:/livepad.bin flag 1 data 41378
[   63.9194] open fd = -5
[   63.9359] open name host:/livepad.bin flag 1 data 41378
[   63.9370] open fd = -5
[   63.9543] open name host:/livepad.bin flag 1 data 41378
[   63.9553] open fd = -5
[   63.9717] open name host:/livepad.bin flag 1 data 41378
[   63.9729] open fd = -5
[   63.9890] open name host:/livepad.bin flag 1 data 41378
[   63.9901] open fd = -5
[   64.0089] open name host:/livepad.bin flag 1 data 41378
[   64.0103] open fd = -5
[   64.0107] open name host:/livedbg.cmd flag 1 data 41378
[   64.0117] open fd = -5
[   64.0286] open name host:/livepad.bin flag 1 data 41378
[   64.0299] open fd = -5
[   64.0464] open name host:/livepad.bin flag 1 data 41378
[   64.0475] open fd = -5
[   64.0638] open name host:/livepad.bin flag 1 data 41378
[   64.0650] open fd = -5
[   64.0823] open name host:/livepad.bin flag 1 data 41378
[   64.0835] open fd = -5
[   64.1000] open name host:/livepad.bin flag 1 data 41378
[   64.1012] open fd = -5
[   64.1040] open name host:/log.txt flag 302 data 41378
[   64.1057] open fd = 256
[   64.1229] open name host:/livepad.bin flag 1 data 41378
[   64.1241] open fd = -5
[   64.1244] open name host:/livedbg.cmd flag 1 data 41378
[   64.1253] open fd = -5
[   64.1261] open name host:/log.txt flag 302 data 41378
[   64.1278] open fd = 256
[   64.1454] open name host:/livepad.bin flag 1 data 41378
[   64.1467] open fd = -5
[   64.1627] open name host:/livepad.bin flag 1 data 41378
[   64.1638] open fd = -5
[   64.1812] open name host:/livepad.bin flag 1 data 41378
[   64.1826] open fd = -5
[   64.1984] open name host:/livepad.bin flag 1 data 41378
[   64.1998] open fd = -5
[   64.2179] open name host:/livepad.bin flag 1 data 41378
[   64.2194] open fd = -5
[   64.2362] open name host:/livepad.bin flag 1 data 41378
[   64.2375] open fd = -5
[   64.2379] open name host:/livedbg.cmd flag 1 data 41378
[   64.2389] open fd = -5
[   64.2566] open name host:/livepad.bin flag 1 data 41378
[   64.2578] open fd = -5
[   64.2744] open name host:/livepad.bin flag 1 data 41378
[   64.2757] open fd = -5
[   64.2924] open name host:/livepad.bin flag 1 data 41378
[   64.2935] open fd = -5
[   64.3113] open name host:/livepad.bin flag 1 data 41378
[   64.3126] open fd = -5
[   64.3293] open name host:/livepad.bin flag 1 data 41378
[   64.3305] open fd = -5
[   64.3313] open name host:/log.txt flag 302 data 41378
[   64.3331] open fd = 256
[   64.3506] open name host:/livepad.bin flag 1 data 41378
[   64.3517] open fd = -5
[   64.3520] open name host:/livedbg.cmd flag 1 data 41378
[   64.3529] open fd = -5
[   64.3688] open name host:/livepad.bin flag 1 data 41378
[   64.3701] open fd = -5
[   64.3868] open name host:/livepad.bin flag 1 data 41378
[   64.3883] open fd = -5
[   64.4058] open name host:/livepad.bin flag 1 data 41378
[   64.4069] open fd = -5
[   64.4248] open name host:/livepad.bin flag 1 data 41378
[   64.4261] open fd = -5
[   64.4427] open name host:/livepad.bin flag 1 data 41378
[   64.4440] open fd = -5
[   64.4624] open name host:/log.txt flag 302 data 41378
[   64.4642] open fd = 256
[   64.4666] open name host:/livepad.bin flag 1 data 41378
[   64.4676] open fd = -5
[   64.4679] open name host:/livedbg.cmd flag 1 data 41378
[   64.4689] open fd = -5
[   64.4854] open name host:/livepad.bin flag 1 data 41378
[   64.4867] open fd = -5
[   64.5037] open name host:/livepad.bin flag 1 data 41378
[   64.5054] open fd = -5
[   64.5229] open name host:/livepad.bin flag 1 data 41378
[   64.5242] open fd = -5
[   64.5405] open name host:/livepad.bin flag 1 data 41378
[   64.5417] open fd = -5
[   64.5590] open name host:/livepad.bin flag 1 data 41378
[   64.5602] open fd = -5
[   64.5774] open name host:/livepad.bin flag 1 data 41378
[   64.5787] open fd = -5
[   64.5789] open name host:/livedbg.cmd flag 1 data 41378
[   64.5800] open fd = -5
[   64.5967] open name host:/livepad.bin flag 1 data 41378
[   64.5978] open fd = -5
[   64.6142] open name host:/livepad.bin flag 1 data 41378
[   64.6155] open fd = -5
[   64.6317] open name host:/livepad.bin flag 1 data 41378
[   64.6328] open fd = -5
[   64.6515] open name host:/livepad.bin flag 1 data 41378
[   64.6527] open fd = -5
[   64.6692] open name host:/livepad.bin flag 1 data 41378
[   64.6704] open fd = -5
[   64.6871] open name host:/livepad.bin flag 1 data 41378
[   64.6884] open fd = -5
[   64.6886] open name host:/livedbg.cmd flag 1 data 41378
[   64.6896] open fd = -5
[   64.7068] open name host:/livepad.bin flag 1 data 41378
[   64.7080] open fd = -5
[   64.7244] open name host:/livepad.bin flag 1 data 41378
[   64.7256] open fd = -5
[   64.7417] open name host:/livepad.bin flag 1 data 41378
[   64.7428] open fd = -5
[   64.7607] open name host:/livepad.bin flag 1 data 41378
[   64.7619] open fd = -5
[   64.7805] open name host:/livepad.bin flag 1 data 41378
[   64.7818] open fd = -5
[   64.7987] open name host:/livepad.bin flag 1 data 41378
[   64.8000] open fd = -5
[   64.8004] open name host:/livedbg.cmd flag 1 data 41378
[   64.8014] open fd = -5
[   64.8021] open name host:/log.txt flag 302 data 41378
[   64.8036] open fd = 256
[   64.8220] open name host:/livepad.bin flag 1 data 41378
[   64.8232] open fd = -5
[   64.8392] open name host:/livepad.bin flag 1 data 41378
[   64.8403] open fd = -5
[   64.8579] open name host:/livepad.bin flag 1 data 41378
[   64.8591] open fd = -5
[   64.8758] open name host:/livepad.bin flag 1 data 41378
[   64.8770] open fd = -5
[   64.8938] open name host:/livepad.bin flag 1 data 41378
[   64.8951] open fd = -5
[   64.9129] open name host:/livepad.bin flag 1 data 41378
[   64.9143] open fd = -5
[   64.9146] open name host:/livedbg.cmd flag 1 data 41378
[   64.9156] open fd = -5
[   64.9327] open name host:/livepad.bin flag 1 data 41378
[   64.9339] open fd = -5
[   64.9502] open name host:/livepad.bin flag 1 data 41378
[   64.9515] open fd = -5
[   64.9680] open name host:/livepad.bin flag 1 data 41378
[   64.9692] open fd = -5
[   64.9856] open name host:/livepad.bin flag 1 data 41378
[   64.9870] open fd = -5
[   65.0030] open name host:/livepad.bin flag 1 data 41378
[   65.0043] open fd = -5
[   65.0223] open name host:/livepad.bin flag 1 data 41378
[   65.0235] open fd = -5
[   65.0237] open name host:/livedbg.cmd flag 1 data 41378
[   65.0247] open fd = -5
[   65.0417] open name host:/livepad.bin flag 1 data 41378
[   65.0428] open fd = -5
[   65.0452] open name host:/log.txt flag 302 data 41378
[   65.0469] open fd = 256
[   65.0630] open name host:/livepad.bin flag 1 data 41378
[   65.0645] open fd = -5
[   65.0815] open name host:/livepad.bin flag 1 data 41378
[   65.0826] open fd = -5
[   65.0989] open name host:/livepad.bin flag 1 data 41378
[   65.1001] open fd = -5
[   65.1162] open name host:/livepad.bin flag 1 data 41378
[   65.1175] open fd = -5
[   65.1351] open name host:/livepad.bin flag 1 data 41378
[   65.1363] open fd = -5
[   65.1368] open name host:/livedbg.cmd flag 1 data 41378
[   65.1379] open fd = -5
[   65.1540] open name host:/livepad.bin flag 1 data 41378
[   65.1551] open fd = -5
[   65.1723] open name host:/livepad.bin flag 1 data 41378
[   65.1737] open fd = -5
[   65.1897] open name host:/livepad.bin flag 1 data 41378
[   65.1908] open fd = -5
[   65.2076] open name host:/livepad.bin flag 1 data 41378
[   65.2089] open fd = -5
[   65.2253] open name host:/livepad.bin flag 1 data 41378
[   65.2265] open fd = -5
[   65.2435] open name host:/livepad.bin flag 1 data 41378
[   65.2446] open fd = -5
[   65.2449] open name host:/livedbg.cmd flag 1 data 41378
[   65.2459] open fd = -5
[   65.2471] open name host:/log.txt flag 302 data 41378
[   65.2487] open fd = 256
[   65.2666] open name host:/livepad.bin flag 1 data 41378
[   65.2678] open fd = -5
[   65.2684] open name host:/log.txt flag 302 data 41378
[   65.2699] open fd = 256
[   65.2886] open name host:/livepad.bin flag 1 data 41378
[   65.2899] open fd = -5
[   65.3072] open name host:/livepad.bin flag 1 data 41378
[   65.3084] open fd = -5
[   65.3252] open name host:/livepad.bin flag 1 data 41378
[   65.3269] open fd = -5
[   65.3443] open name host:/livepad.bin flag 1 data 41378
[   65.3461] open fd = -5
[   65.3626] open name host:/livepad.bin flag 1 data 41378
[   65.3639] open fd = -5
[   65.3642] open name host:/livedbg.cmd flag 1 data 41378
[   65.3655] open fd = -5
[   65.3859] open name host:/livepad.bin flag 1 data 41378
[   65.3872] open fd = -5
[   65.4039] open name host:/livepad.bin flag 1 data 41378
[   65.4050] open fd = -5
[   65.4232] open name host:/livepad.bin flag 1 data 41378
[   65.4246] open fd = -5
[   65.4421] open name host:/livepad.bin flag 1 data 41378
[   65.4435] open fd = -5
[   65.4602] open name host:/livepad.bin flag 1 data 41378
[   65.4613] open fd = -5
[   65.4786] open name host:/livepad.bin flag 1 data 41378
[   65.4797] open fd = -5
[   65.4801] open name host:/livedbg.cmd flag 1 data 41378
[   65.4813] open fd = -5
[   65.4993] open name host:/livepad.bin flag 1 data 41378
[   65.5006] open fd = -5
[   65.5182] open name host:/livepad.bin flag 1 data 41378
[   65.5195] open fd = -5
[   65.5359] open name host:/livepad.bin flag 1 data 41378
[   65.5370] open fd = -5
[   65.5543] open name host:/livepad.bin flag 1 data 41378
[   65.5555] open fd = -5
[   65.5719] open name host:/livepad.bin flag 1 data 41378
[   65.5730] open fd = -5
[   65.5904] open name host:/livepad.bin flag 1 data 41378
[   65.5915] open fd = -5
[   65.5918] open name host:/livedbg.cmd flag 1 data 41378
[   65.5928] open fd = -5
[   65.6094] open name host:/livepad.bin flag 1 data 41378
[   65.6106] open fd = -5
[   65.6270] open name host:/livepad.bin flag 1 data 41378
[   65.6283] open fd = -5
[   65.6458] open name host:/livepad.bin flag 1 data 41378
[   65.6469] open fd = -5
[   65.6631] open name host:/livepad.bin flag 1 data 41378
[   65.6643] open fd = -5
[   65.6810] open name host:/livepad.bin flag 1 data 41378
[   65.6822] open fd = -5
[   65.6985] open name host:/livepad.bin flag 1 data 41378
[   65.7000] open fd = -5
[   65.7004] open name host:/livedbg.cmd flag 1 data 41378
[   65.7015] open fd = -5
[   65.7197] open name host:/livepad.bin flag 1 data 41378
[   65.7211] open fd = -5
[   65.7401] open name host:/livepad.bin flag 1 data 41378
[   65.7413] open fd = -5
[   65.7419] open name host:/log.txt flag 302 data 41378
[   65.7436] open fd = 256
[   65.7610] open name host:/livepad.bin flag 1 data 41378
[   65.7625] open fd = -5
[   65.7813] open name host:/livepad.bin flag 1 data 41378
[   65.7826] open fd = -5
[   65.7993] open name host:/livepad.bin flag 1 data 41378
[   65.8008] open fd = -5
[   65.8172] open name host:/livepad.bin flag 1 data 41378
[   65.8184] open fd = -5
[   65.8186] open name host:/livedbg.cmd flag 1 data 41378
[   65.8195] open fd = -5
[   65.8368] open name host:/livepad.bin flag 1 data 41378
[   65.8380] open fd = -5
[   65.8543] open name host:/livepad.bin flag 1 data 41378
[   65.8555] open fd = -5
[   65.8717] open name host:/livepad.bin flag 1 data 41378
[   65.8731] open fd = -5
[   65.8911] open name host:/livepad.bin flag 1 data 41378
[   65.8923] open fd = -5
[   65.9083] open name host:/livepad.bin flag 1 data 41378
[   65.9097] open fd = -5
[   65.9254] open name host:/livepad.bin flag 1 data 41378
[   65.9267] open fd = -5
[   65.9270] open name host:/livedbg.cmd flag 1 data 41378
[   65.9281] open fd = -5
[   65.9456] open name host:/livepad.bin flag 1 data 41378
[   65.9470] open fd = -5
[   65.9633] open name host:/livepad.bin flag 1 data 41378
[   65.9647] open fd = -5
[   65.9819] FRAMEARENA frames=2880 peak=1037904 resets=6 fallbacks=0 maxFrameBytes=2731360 maxBorrowed=2120800 freeKiB=10369
[   65.9821] NATIVEVIF frames=2880 batches=2886
[   65.9822] ORDEREDFRAME frames=2880 splitFrames=4
[   65.9824] FRAMEPIPELINE starts=2880 dmaBusyStarts=1041
[   65.9826] open name host:/livepad.bin flag 1 data 41378
[   65.9841] open fd = -5
[   65.9860] open name host:/log.txt flag 302 data 41378
[   65.9875] open fd = 256
[   66.0029] open name host:/livepad.bin flag 1 data 41378
[   66.0042] open fd = -5
[   66.0210] open name host:/livepad.bin flag 1 data 41378
[   66.0224] open fd = -5
[   66.0388] open name host:/livepad.bin flag 1 data 41378
[   66.0401] open fd = -5
[   66.0404] open name host:/livedbg.cmd flag 1 data 41378
[   66.0414] open fd = -5
[   66.0577] open name host:/livepad.bin flag 1 data 41378
[   66.0588] open fd = -5
[   66.0769] open name host:/livepad.bin flag 1 data 41378
[   66.0781] open fd = -5
[   66.0938] open name host:/livepad.bin flag 1 data 41378
[   66.0951] open fd = -5
[   66.1113] open name host:/livepad.bin flag 1 data 41378
[   66.1126] open fd = -5
[   66.1301] open name host:/livepad.bin flag 1 data 41378
[   66.1314] open fd = -5
[   66.1490] open name host:/livepad.bin flag 1 data 41378
[   66.1502] open fd = -5
[   66.1505] open name host:/livedbg.cmd flag 1 data 41378
[   66.1517] open fd = -5
[   66.1681] open name host:/livepad.bin flag 1 data 41378
[   66.1695] open fd = -5
[   66.1861] open name host:/livepad.bin flag 1 data 41378
[   66.1874] open fd = -5
[   66.2041] open name host:/livepad.bin flag 1 data 41378
[   66.2057] open fd = -5
[   66.2063] open name host:/log.txt flag 302 data 41378
[   66.2083] open fd = 256
[   66.2276] open name host:/livepad.bin flag 1 data 41378
[   66.2290] open fd = -5
[   66.2457] open name host:/livepad.bin flag 1 data 41378
[   66.2470] open fd = -5
[   66.2635] open name host:/livepad.bin flag 1 data 41378
[   66.2652] open fd = -5
[   66.2657] open name host:/livedbg.cmd flag 1 data 41378
[   66.2671] open fd = -5
[   66.2843] open name host:/livepad.bin flag 1 data 41378
[   66.2856] open fd = -5
[   66.3032] open name host:/livepad.bin flag 1 data 41378
[   66.3046] open fd = -5
[   66.3221] open name host:/livepad.bin flag 1 data 41378
[   66.3235] open fd = -5
[   66.3399] open name host:/livepad.bin flag 1 data 41378
[   66.3414] open fd = -5
[   66.3579] open name host:/livepad.bin flag 1 data 41378
[   66.3593] open fd = -5
[   66.3780] open name host:/livepad.bin flag 1 data 41378
[   66.3793] open fd = -5
[   66.3795] open name host:/livedbg.cmd flag 1 data 41378
[   66.3813] open fd = -5
[   66.3823] open name host:/log.txt flag 302 data 41378
[   66.3841] open fd = 256
[   66.4031] open name host:/livepad.bin flag 1 data 41378
[   66.4044] open fd = -5
[   66.4210] open name host:/livepad.bin flag 1 data 41378
[   66.4224] open fd = -5
[   66.4387] open name host:/livepad.bin flag 1 data 41378
[   66.4399] open fd = -5
[   66.4565] open name host:/livepad.bin flag 1 data 41378
[   66.4578] open fd = -5
[   66.4757] open name host:/livepad.bin flag 1 data 41378
[   66.4770] open fd = -5
[   66.4930] open name host:/livepad.bin flag 1 data 41378
[   66.4944] open fd = -5
[   66.4949] open name host:/livedbg.cmd flag 1 data 41378
[   66.4958] open fd = -5
[   66.5127] open name host:/livepad.bin flag 1 data 41378
[   66.5141] open fd = -5
[   66.5309] open name host:/livepad.bin flag 1 data 41378
[   66.5324] open fd = -5
[   66.5500] open name host:/livepad.bin flag 1 data 41378
[   66.5514] open fd = -5
[   66.5685] open name host:/livepad.bin flag 1 data 41378
[   66.5698] open fd = -5
[   66.5870] open name host:/livepad.bin flag 1 data 41378
[   66.5882] open fd = -5
[   66.6043] open name host:/livepad.bin flag 1 data 41378
[   66.6056] open fd = -5
[   66.6062] open name host:/livedbg.cmd flag 1 data 41378
[   66.6072] open fd = -5
[   66.6245] open name host:/livepad.bin flag 1 data 41378
[   66.6256] open fd = -5
[   66.6422] open name host:/livepad.bin flag 1 data 41378
[   66.6434] open fd = -5
[   66.6594] open name host:/livepad.bin flag 1 data 41378
[   66.6606] open fd = -5
[   66.6776] open name host:/livepad.bin flag 1 data 41378
[   66.6787] open fd = -5
[   66.6795] open name host:/log.txt flag 302 data 41378
[   66.6811] open fd = 256
[   66.6991] open name host:/livepad.bin flag 1 data 41378
[   66.7002] open fd = -5
[   66.7021] open name host:/log.txt flag 302 data 41378
[   66.7035] open fd = 256
[   66.7203] open name host:/livepad.bin flag 1 data 41378
[   66.7216] open fd = -5
[   66.7219] open name host:/livedbg.cmd flag 1 data 41378
[   66.7228] open fd = -5
[   66.7387] open name host:/livepad.bin flag 1 data 41378
[   66.7398] open fd = -5
[   66.7571] open name host:/livepad.bin flag 1 data 41378
[   66.7584] open fd = -5
[   66.7754] open name host:/livepad.bin flag 1 data 41378
[   66.7768] open fd = -5
[   66.7934] open name host:/livepad.bin flag 1 data 41378
[   66.7947] open fd = -5
[   66.8125] open name host:/livepad.bin flag 1 data 41378
[   66.8137] open fd = -5
[   66.8312] open name host:/livepad.bin flag 1 data 41378
[   66.8324] open fd = -5
[   66.8327] open name host:/livedbg.cmd flag 1 data 41378
[   66.8338] open fd = -5
[   66.8517] open name host:/livepad.bin flag 1 data 41378
[   66.8531] open fd = -5
[   66.8696] open name host:/livepad.bin flag 1 data 41378
[   66.8709] open fd = -5
[   66.8893] open name host:/livepad.bin flag 1 data 41378
[   66.8907] open fd = -5
[   66.9070] open name host:/livepad.bin flag 1 data 41378
[   66.9083] open fd = -5
[   66.9242] open name host:/livepad.bin flag 1 data 41378
[   66.9257] open fd = -5
[   66.9284] open name host:/log.txt flag 302 data 41378
[   66.9301] open fd = 256
[   66.9478] open name host:/livepad.bin flag 1 data 41378
[   66.9493] open fd = -5
[   66.9495] open name host:/livedbg.cmd flag 1 data 41378
[   66.9506] open fd = -5
[   66.9670] open name host:/livepad.bin flag 1 data 41378
[   66.9683] open fd = -5
[   66.9852] open name host:/livepad.bin flag 1 data 41378
[   66.9864] open fd = -5
[   67.0032] open name host:/livepad.bin flag 1 data 41378
[   67.0046] open fd = -5
[   67.0223] open name host:/livepad.bin flag 1 data 41378
[   67.0236] open fd = -5
[   67.0406] open name host:/livepad.bin flag 1 data 41378
[   67.0419] open fd = -5
[   67.0591] open name host:/livepad.bin flag 1 data 41378
[   67.0603] open fd = -5
[   67.0606] open name host:/livedbg.cmd flag 1 data 41378
[   67.0617] open fd = -5
[   67.0783] open name host:/livepad.bin flag 1 data 41378
[   67.0798] open fd = -5
[   67.0970] open name host:/livepad.bin flag 1 data 41378
[   67.0982] open fd = -5
[   67.1154] open name host:/livepad.bin flag 1 data 41378
[   67.1166] open fd = -5
[   67.1336] open name host:/livepad.bin flag 1 data 41378
[   67.1348] open fd = -5
[   67.1513] open name host:/livepad.bin flag 1 data 41378
[   67.1525] open fd = -5
[   67.1531] open name host:/log.txt flag 302 data 41378
[   67.1546] open fd = 256
[   67.1728] open name host:/livepad.bin flag 1 data 41378
[   67.1740] open fd = -5
[   67.1743] open name host:/livedbg.cmd flag 1 data 41378
[   67.1753] open fd = -5
[   67.1922] open name host:/livepad.bin flag 1 data 41378
[   67.1935] open fd = -5
[   67.2117] open name host:/livepad.bin flag 1 data 41378
[   67.2131] open fd = -5
[   67.2316] open name host:/livepad.bin flag 1 data 41378
[   67.2329] open fd = -5
[   67.2497] open name host:/livepad.bin flag 1 data 41378
[   67.2511] open fd = -5
[   67.2671] open name host:/livepad.bin flag 1 data 41378
[   67.2682] open fd = -5
[   67.2856] open name host:/livepad.bin flag 1 data 41378
[   67.2869] open fd = -5
[   67.2872] open name host:/livedbg.cmd flag 1 data 41378
[   67.2882] open fd = -5
[   67.3038] open name host:/livepad.bin flag 1 data 41378
[   67.3051] open fd = -5
[   67.3217] open name host:/livepad.bin flag 1 data 41378
[   67.3232] open fd = -5
[   67.3404] open name host:/livepad.bin flag 1 data 41378
[   67.3418] open fd = -5
[   67.3589] open name host:/livepad.bin flag 1 data 41378
[   67.3601] open fd = -5
[   67.3775] open name host:/livepad.bin flag 1 data 41378
[   67.3790] open fd = -5
[   67.3958] open name host:/livepad.bin flag 1 data 41378
[   67.3971] open fd = -5
[   67.3974] open name host:/livedbg.cmd flag 1 data 41378
[   67.3984] open fd = -5
[   67.4152] open name host:/livepad.bin flag 1 data 41378
[   67.4167] open fd = -5
[   67.4341] open name host:/livepad.bin flag 1 data 41378
[   67.4353] open fd = -5
[   67.4515] open name host:/livepad.bin flag 1 data 41378
[   67.4526] open fd = -5
[   67.4698] open name host:/livepad.bin flag 1 data 41378
[   67.4712] open fd = -5
[   67.4886] open name host:/livepad.bin flag 1 data 41378
[   67.4900] open fd = -5
[   67.5068] open name host:/livepad.bin flag 1 data 41378
[   67.5079] open fd = -5
[   67.5081] open name host:/livedbg.cmd flag 1 data 41378
[   67.5093] open fd = -5
[   67.5107] open name host:/log.txt flag 302 data 41378
[   67.5125] open fd = 256
[   67.5300] open name host:/livepad.bin flag 1 data 41378
[   67.5313] open fd = -5
[   67.5482] open name host:/livepad.bin flag 1 data 41378
[   67.5496] open fd = -5
[   67.5665] open name host:/livepad.bin flag 1 data 41378
[   67.5676] open fd = -5
[   67.5852] open name host:/livepad.bin flag 1 data 41378
[   67.5865] open fd = -5
[   67.6030] open name host:/livepad.bin flag 1 data 41378
[   67.6044] open fd = -5
[   67.6223] open name host:/livepad.bin flag 1 data 41378
[   67.6236] open fd = -5
[   67.6238] open name host:/livedbg.cmd flag 1 data 41378
[   67.6248] open fd = -5
[   67.6257] open name host:/log.txt flag 302 data 41378
[   67.6274] open fd = 256
[   67.6447] open name host:/livepad.bin flag 1 data 41378
[   67.6458] open fd = -5
[   67.6629] open name host:/livepad.bin flag 1 data 41378
[   67.6642] open fd = -5
[   67.6806] open name host:/livepad.bin flag 1 data 41378
[   67.6822] open fd = -5
[   67.6984] open name host:/livepad.bin flag 1 data 41378
[   67.6997] open fd = -5
[   67.7173] open name host:/livepad.bin flag 1 data 41378
[   67.7186] open fd = -5
[   67.7350] open name host:/livepad.bin flag 1 data 41378
[   67.7362] open fd = -5
[   67.7365] open name host:/livedbg.cmd flag 1 data 41378
[   67.7374] open fd = -5
[   67.7541] open name host:/livepad.bin flag 1 data 41378
[   67.7553] open fd = -5
[   67.7720] open name host:/livepad.bin flag 1 data 41378
[   67.7733] open fd = -5
[   67.7914] open name host:/livepad.bin flag 1 data 41378
[   67.7926] open fd = -5
[   67.8093] open name host:/livepad.bin flag 1 data 41378
[   67.8110] open fd = -5
[   67.8274] open name host:/livepad.bin flag 1 data 41378
[   67.8287] open fd = -5
[   67.8454] open name host:/livepad.bin flag 1 data 41378
[   67.8470] open fd = -5
[   67.8472] open name host:/livedbg.cmd flag 1 data 41378
[   67.8482] open fd = -5
[   67.8644] open name host:/livepad.bin flag 1 data 41378
[   67.8707] open fd = -5
[   67.8735] open name host:/log.txt flag 302 data 41378
[   67.8750] open fd = 256
[   67.8915] open name host:/livepad.bin flag 1 data 41378
[   67.8930] open fd = -5
[   67.9109] open name host:/livepad.bin flag 1 data 41378
[   67.9121] open fd = -5
[   67.9292] open name host:/livepad.bin flag 1 data 41378
[   67.9305] open fd = -5
[   67.9481] open name host:/livepad.bin flag 1 data 41378
[   67.9495] open fd = -5
[   67.9673] open name host:/livepad.bin flag 1 data 41378
[   67.9686] open fd = -5
[   67.9689] open name host:/livedbg.cmd flag 1 data 41378
[   67.9699] open fd = -5
[   67.9870] open name host:/livepad.bin flag 1 data 41378
[   67.9883] open fd = -5
[   68.0047] open name host:/livepad.bin flag 1 data 41378
[   68.0058] open fd = -5
[   68.0227] open name host:/livepad.bin flag 1 data 41378
[   68.0238] open fd = -5
[   68.0408] open name host:/livepad.bin flag 1 data 41378
[   68.0421] open fd = -5
[   68.0588] open name host:/livepad.bin flag 1 data 41378
[   68.0599] open fd = -5
[   68.0765] open name host:/livepad.bin flag 1 data 41378
[   68.0778] open fd = -5
[   68.0780] open name host:/livedbg.cmd flag 1 data 41378
[   68.0792] open fd = -5
[   68.0958] open name host:/livepad.bin flag 1 data 41378
[   68.0970] open fd = -5
[   68.0976] open name host:/log.txt flag 302 data 41378
[   68.0994] open fd = 256
[   68.1170] open name host:/livepad.bin flag 1 data 41378
[   68.1182] open fd = -5
[   68.1350] open name host:/livepad.bin flag 1 data 41378
[   68.1360] open fd = -5
[   68.1525] open name host:/livepad.bin flag 1 data 41378
[   68.1537] open fd = -5
[   68.1720] open name host:/livepad.bin flag 1 data 41378
[   68.1736] open fd = -5
[   68.1911] open name host:/livepad.bin flag 1 data 41378
[   68.1928] open fd = -5
[   68.1931] open name host:/livedbg.cmd flag 1 data 41378
[   68.1945] open fd = -5
[   68.2142] open name host:/livepad.bin flag 1 data 41378
[   68.2156] open fd = -5
[   68.2319] open name host:/livepad.bin flag 1 data 41378
[   68.2333] open fd = -5
[   68.2496] FRAMEARENA frames=3000 peak=1037904 resets=6 fallbacks=0 maxFrameBytes=2731360 maxBorrowed=2120800 freeKiB=10369
[   68.2499] NATIVEVIF frames=3000 batches=3006
[   68.2501] ORDEREDFRAME frames=3000 splitFrames=4
[   68.2502] FRAMEPIPELINE starts=3000 dmaBusyStarts=1133
[   68.2504] open name host:/livepad.bin flag 1 data 41378
[   68.2517] open fd = -5
[   68.2682] open name host:/livepad.bin flag 1 data 41378
[   68.2696] open fd = -5
[   68.2869] open name host:/livepad.bin flag 1 data 41378
[   68.2884] open fd = -5
[   68.3053] open name host:/livepad.bin flag 1 data 41378
[   68.3064] open fd = -5
[   68.3067] open name host:/livedbg.cmd flag 1 data 41378
[   68.3079] open fd = -5
[   68.3242] open name host:/livepad.bin flag 1 data 41378
[   68.3255] open fd = -5
[   68.3418] open name host:/livepad.bin flag 1 data 41378
[   68.3432] open fd = -5
[   68.3605] open name host:/livepad.bin flag 1 data 41378
[   68.3621] open fd = -5
[   68.3790] open name host:/livepad.bin flag 1 data 41378
[   68.3802] open fd = -5
[   68.3972] open name host:/livepad.bin flag 1 data 41378
[   68.3990] open fd = -5
[   68.4173] open name host:/livepad.bin flag 1 data 41378
[   68.4189] open fd = -5
[   68.4191] open name host:/livedbg.cmd flag 1 data 41378
[   68.4205] open fd = -5
[   68.4377] open name host:/livepad.bin flag 1 data 41378
[   68.4390] open fd = -5
[   68.4552] open name host:/livepad.bin flag 1 data 41378
[   68.4566] open fd = -5
[   68.4723] open name host:/livepad.bin flag 1 data 41378
[   68.4740] open fd = -5
[   68.4909] open name host:/livepad.bin flag 1 data 41378
[   68.4924] open fd = -5
[   68.5083] open name host:/livepad.bin flag 1 data 41378
[   68.5094] open fd = -5
[   68.5256] open name host:/livepad.bin flag 1 data 41378
[   68.5270] open fd = -5
[   68.5272] open name host:/livedbg.cmd flag 1 data 41378
[   68.5282] open fd = -5
[   68.5448] open name host:/livepad.bin flag 1 data 41378
[   68.5461] open fd = -5
[   68.5626] open name host:/livepad.bin flag 1 data 41378
[   68.5637] open fd = -5
[   68.5644] open name host:/log.txt flag 302 data 41378
[   68.5658] open fd = 256
[   68.5845] open name host:/livepad.bin flag 1 data 41378
[   68.5856] open fd = -5
[   68.6039] open name host:/livepad.bin flag 1 data 41378
[   68.6051] open fd = -5
[   68.6217] open name host:/livepad.bin flag 1 data 41378
[   68.6229] open fd = -5
[   68.6408] open name host:/livepad.bin flag 1 data 41378
[   68.6420] open fd = -5
[   68.6423] open name host:/livedbg.cmd flag 1 data 41378
[   68.6433] open fd = -5
[   68.6442] open name host:/log.txt flag 302 data 41378
[   68.6460] open fd = 256
[   68.6635] open name host:/livepad.bin flag 1 data 41378
[   68.6647] open fd = -5
[   68.6812] open name host:/livepad.bin flag 1 data 41378
[   68.6823] open fd = -5
[   68.6979] open name host:/livepad.bin flag 1 data 41378
[   68.6990] open fd = -5
[   68.7153] open name host:/livepad.bin flag 1 data 41378
[   68.7164] open fd = -5
[   68.7324] open name host:/livepad.bin flag 1 data 41378
[   68.7335] open fd = -5
[   68.7510] open name host:/livepad.bin flag 1 data 41378
[   68.7522] open fd = -5
[   68.7525] open name host:/livedbg.cmd flag 1 data 41378
[   68.7534] open fd = -5
[   68.7705] open name host:/livepad.bin flag 1 data 41378
[   68.7716] open fd = -5
[   68.7878] open name host:/livepad.bin flag 1 data 41378
[   68.7891] open fd = -5
[   68.8055] open name host:/livepad.bin flag 1 data 41378
[   68.8066] open fd = -5
[   68.8091] open name host:/log.txt flag 302 data 41378
[   68.8107] open fd = 256
[   68.8270] open name host:/livepad.bin flag 1 data 41378
[   68.8282] open fd = -5
[   68.8444] open name host:/livepad.bin flag 1 data 41378
[   68.8459] open fd = -5
[   68.8622] open name host:/livepad.bin flag 1 data 41378
[   68.8635] open fd = -5
[   68.8638] open name host:/livedbg.cmd flag 1 data 41378
[   68.8648] open fd = -5
[   68.8834] open name host:/livepad.bin flag 1 data 41378
[   68.8848] open fd = -5
[   68.9015] open name host:/livepad.bin flag 1 data 41378
[   68.9027] open fd = -5
[   68.9191] open name host:/livepad.bin flag 1 data 41378
[   68.9203] open fd = -5
[   68.9370] open name host:/livepad.bin flag 1 data 41378
[   68.9381] open fd = -5
[   68.9545] open name host:/livepad.bin flag 1 data 41378
[   68.9556] open fd = -5
[   68.9751] open name host:/livepad.bin flag 1 data 41378
[   68.9762] open fd = -5
[   68.9764] open name host:/livedbg.cmd flag 1 data 41378
[   68.9775] open fd = -5
[   68.9942] open name host:/livepad.bin flag 1 data 41378
[   68.9953] open fd = -5
[   69.0118] open name host:/livepad.bin flag 1 data 41378
[   69.0130] open fd = -5
[   69.0291] open name host:/livepad.bin flag 1 data 41378
[   69.0302] open fd = -5
[   69.0309] open name host:/log.txt flag 302 data 41378
[   69.0325] open fd = 256
[   69.0507] open name host:/livepad.bin flag 1 data 41378
[   69.0518] open fd = -5
[   69.0680] open name host:/livepad.bin flag 1 data 41378
[   69.0693] open fd = -5
[   69.0867] open name host:/livepad.bin flag 1 data 41378
[   69.0880] open fd = -5
[   69.0883] open name host:/livedbg.cmd flag 1 data 41378
[   69.0893] open fd = -5
[   69.1057] open name host:/livepad.bin flag 1 data 41378
[   69.1068] open fd = -5
[   69.1253] open name host:/livepad.bin flag 1 data 41378
[   69.1263] open fd = -5
[   69.1434] open name host:/livepad.bin flag 1 data 41378
[   69.1447] open fd = -5
[   69.1617] open name host:/livepad.bin flag 1 data 41378
[   69.1630] open fd = -5
[   69.1799] open name host:/livepad.bin flag 1 data 41378
[   69.1814] open fd = -5
[   69.1983] open name host:/livepad.bin flag 1 data 41378
[   69.1994] open fd = -5
[   69.1996] open name host:/livedbg.cmd flag 1 data 41378
[   69.2006] open fd = -5
[   69.2173] open name host:/livepad.bin flag 1 data 41378
[   69.2185] open fd = -5
[   69.2348] open name host:/livepad.bin flag 1 data 41378
[   69.2362] open fd = -5
[   69.2531] open name host:/livepad.bin flag 1 data 41378
[   69.2542] open fd = -5
[   69.2716] open name host:/livepad.bin flag 1 data 41378
[   69.2728] open fd = -5
[   69.2890] open name host:/livepad.bin flag 1 data 41378
[   69.2902] open fd = -5
[   69.3073] open name host:/livepad.bin flag 1 data 41378
[   69.3087] open fd = -5
[   69.3089] open name host:/livedbg.cmd flag 1 data 41378
[   69.3099] open fd = -5
[   69.3260] open name host:/livepad.bin flag 1 data 41378
[   69.3271] open fd = -5
[   69.3441] open name host:/livepad.bin flag 1 data 41378
[   69.3454] open fd = -5
[   69.3625] open name host:/livepad.bin flag 1 data 41378
[   69.3637] open fd = -5
[   69.3816] open name host:/livepad.bin flag 1 data 41378
[   69.3830] open fd = -5
[   69.3994] open name host:/livepad.bin flag 1 data 41378
[   69.4007] open fd = -5
[   69.4186] open name host:/livepad.bin flag 1 data 41378
[   69.4199] open fd = -5
[   69.4202] open name host:/livedbg.cmd flag 1 data 41378
[   69.4211] open fd = -5
[   69.4379] open name host:/livepad.bin flag 1 data 41378
[   69.4393] open fd = -5
[   69.4577] open name host:/livepad.bin flag 1 data 41378
[   69.4591] open fd = -5
[   69.4762] open name host:/livepad.bin flag 1 data 41378
[   69.4776] open fd = -5
[   69.4952] open name host:/livepad.bin flag 1 data 41378
[   69.4962] open fd = -5
[   69.4968] open name host:/log.txt flag 302 data 41378
[   69.4987] open fd = 256
[   69.5160] open name host:/livepad.bin flag 1 data 41378
[   69.5172] open fd = -5
[   69.5191] open name host:/log.txt flag 302 data 41378
[   69.5206] open fd = 256
[   69.5375] open name host:/livepad.bin flag 1 data 41378
[   69.5387] open fd = -5
[   69.5391] open name host:/livedbg.cmd flag 1 data 41378
[   69.5403] open fd = -5
[   69.5581] open name host:/livepad.bin flag 1 data 41378
[   69.5592] open fd = -5
[   69.5760] open name host:/livepad.bin flag 1 data 41378
[   69.5772] open fd = -5
[   69.5940] open name host:/livepad.bin flag 1 data 41378
[   69.5951] open fd = -5
[   69.6126] open name host:/livepad.bin flag 1 data 41378
[   69.6138] open fd = -5
[   69.6310] open name host:/livepad.bin flag 1 data 41378
[   69.6322] open fd = -5
[   69.6506] open name host:/livepad.bin flag 1 data 41378
[   69.6518] open fd = -5
[   69.6520] open name host:/livedbg.cmd flag 1 data 41378
[   69.6530] open fd = -5
[   69.6692] open name host:/livepad.bin flag 1 data 41378
[   69.6705] open fd = -5
[   69.6878] open name host:/livepad.bin flag 1 data 41378
[   69.6891] open fd = -5
[   69.7056] open name host:/livepad.bin flag 1 data 41378
[   69.7067] open fd = -5
[   69.7234] open name host:/livepad.bin flag 1 data 41378
[   69.7245] open fd = -5
[   69.7417] open name host:/livepad.bin flag 1 data 41378
[   69.7430] open fd = -5
[   69.7454] open name host:/log.txt flag 302 data 41378
[   69.7469] open fd = 256
[   69.7625] open name host:/livepad.bin flag 1 data 41378
[   69.7636] open fd = -5
[   69.7638] open name host:/livedbg.cmd flag 1 data 41378
[   69.7648] open fd = -5
[   69.7661] open name host:/log.txt flag 302 data 41378
[   69.7677] open fd = 256
[   69.7849] open name host:/livepad.bin flag 1 data 41378
[   69.7862] open fd = -5
[   69.8027] open name host:/livepad.bin flag 1 data 41378
[   69.8039] open fd = -5
[   69.8205] open name host:/livepad.bin flag 1 data 41378
[   69.8217] open fd = -5
[   69.8385] open name host:/livepad.bin flag 1 data 41378
[   69.8401] open fd = -5
[   69.8570] open name host:/livepad.bin flag 1 data 41378
[   69.8580] open fd = -5
[   69.8747] open name host:/livepad.bin flag 1 data 41378
[   69.8816] open fd = -5
[   69.8818] open name host:/livedbg.cmd flag 1 data 41378
[   69.8828] open fd = -5
[   69.8987] open name host:/livepad.bin flag 1 data 41378
[   69.9000] open fd = -5
[   69.9171] open name host:/livepad.bin flag 1 data 41378
[   69.9184] open fd = -5
[   69.9353] open name host:/livepad.bin flag 1 data 41378
[   69.9368] open fd = -5
[   69.9541] open name host:/livepad.bin flag 1 data 41378
[   69.9552] open fd = -5
[   69.9719] open name host:/livepad.bin flag 1 data 41378
[   69.9733] open fd = -5
[   69.9740] open name host:/log.txt flag 302 data 41378
[   69.9755] open fd = 256
[   69.9930] open name host:/livepad.bin flag 1 data 41378
[   69.9942] open fd = -5
[   69.9946] open name host:/livedbg.cmd flag 1 data 41378
[   69.9955] open fd = -5
[   70.0121] open name host:/livepad.bin flag 1 data 41378
[   70.0132] open fd = -5
[   70.0292] open name host:/livepad.bin flag 1 data 41378
[   70.0304] open fd = -5
[   70.0466] open name host:/livepad.bin flag 1 data 41378
[   70.0480] open fd = -5
[   70.0655] open name host:/livepad.bin flag 1 data 41378
[   70.0667] open fd = -5
[   70.0838] open name host:/livepad.bin flag 1 data 41378
[   70.0851] open fd = -5
[   70.1019] open name host:/livepad.bin flag 1 data 41378
[   70.1032] open fd = -5
[   70.1036] open name host:/livedbg.cmd flag 1 data 41378
[   70.1046] open fd = -5
[   70.1220] open name host:/livepad.bin flag 1 data 41378
[   70.1233] open fd = -5
[   70.1404] open name host:/livepad.bin flag 1 data 41378
[   70.1417] open fd = -5
[   70.1580] open name host:/livepad.bin flag 1 data 41378
[   70.1595] open fd = -5
[   70.1772] open name host:/livepad.bin flag 1 data 41378
[   70.1784] open fd = -5
[   70.1951] open name host:/livepad.bin flag 1 data 41378
[   70.1963] open fd = -5
[   70.2130] open name host:/livepad.bin flag 1 data 41378
[   70.2143] open fd = -5
[   70.2146] open name host:/livedbg.cmd flag 1 data 41378
[   70.2156] open fd = -5
[   70.2328] open name host:/livepad.bin flag 1 data 41378
[   70.2343] open fd = -5
[   70.2507] open name host:/livepad.bin flag 1 data 41378
[   70.2518] open fd = -5
[   70.2677] open name host:/livepad.bin flag 1 data 41378
[   70.2691] open fd = -5
[   70.2855] open name host:/livepad.bin flag 1 data 41378
[   70.2867] open fd = -5
[   70.3030] open name host:/livepad.bin flag 1 data 41378
[   70.3041] open fd = -5
[   70.3213] open name host:/livepad.bin flag 1 data 41378
[   70.3224] open fd = -5
[   70.3227] open name host:/livedbg.cmd flag 1 data 41378
[   70.3237] open fd = -5
[   70.3403] open name host:/livepad.bin flag 1 data 41378
[   70.3419] open fd = -5
[   70.3598] open name host:/livepad.bin flag 1 data 41378
[   70.3611] open fd = -5
[   70.3794] open name host:/livepad.bin flag 1 data 41378
[   70.3807] open fd = -5
[   70.3969] open name host:/livepad.bin flag 1 data 41378
[   70.3980] open fd = -5
[   70.4155] open name host:/livepad.bin flag 1 data 41378
[   70.4168] open fd = -5
[   70.4329] open name host:/livepad.bin flag 1 data 41378
[   70.4343] open fd = -5
[   70.4345] open name host:/livedbg.cmd flag 1 data 41378
[   70.4356] open fd = -5
[   70.4365] open name host:/log.txt flag 302 data 41378
[   70.4380] open fd = 256
[   70.4554] open name host:/livepad.bin flag 1 data 41378
[   70.4566] open fd = -5
[   70.4745] open name host:/livepad.bin flag 1 data 41378
[   70.4760] open fd = -5
[   70.4934] FRAMEARENA frames=3120 peak=1037904 resets=6 fallbacks=0 maxFrameBytes=2731360 maxBorrowed=2120800 freeKiB=10369
[   70.4936] NATIVEVIF frames=3120 batches=3126
[   70.4938] ORDEREDFRAME frames=3120 splitFrames=4
[   70.4940] FRAMEPIPELINE starts=3120 dmaBusyStarts=1225
[   70.4942] open name host:/livepad.bin flag 1 data 41378
[   70.4954] open fd = -5
[   70.5118] open name host:/livepad.bin flag 1 data 41378
[   70.5130] open fd = -5
[   70.5318] open name host:/livepad.bin flag 1 data 41378
[   70.5333] open fd = -5
[   70.5502] open name host:/livepad.bin flag 1 data 41378
[   70.5518] open fd = -5
[   70.5521] open name host:/livedbg.cmd flag 1 data 41378
[   70.5535] open fd = -5
[   70.5705] open name host:/livepad.bin flag 1 data 41378
[   70.5726] open fd = -5
[   70.5889] open name host:/livepad.bin flag 1 data 41378
[   70.5905] open fd = -5
[   70.6074] open name host:/livepad.bin flag 1 data 41378
[   70.6090] open fd = -5
[   70.6256] open name host:/livepad.bin flag 1 data 41378
[   70.6272] open fd = -5
[   70.6442] open name host:/livepad.bin flag 1 data 41378
[   70.6461] open fd = -5
[   70.6621] open name host:/livepad.bin flag 1 data 41378
[   70.6637] open fd = -5
[   70.6641] open name host:/livedbg.cmd flag 1 data 41378
[   70.6654] open fd = -5
[   70.6825] open name host:/livepad.bin flag 1 data 41378
[   70.6843] open fd = -5
[   70.6868] open name host:/log.txt flag 302 data 41378
[   70.6888] open fd = 256
[   70.7055] open name host:/livepad.bin flag 1 data 41378
[   70.7069] open fd = -5
[   70.7251] open name host:/livepad.bin flag 1 data 41378
[   70.7267] open fd = -5
[   70.7425] open name host:/livepad.bin flag 1 data 41378
[   70.7440] open fd = -5
[   70.7613] open name host:/livepad.bin flag 1 data 41378
[   70.7630] open fd = -5
[   70.7798] open name host:/livepad.bin flag 1 data 41378
[   70.7811] open fd = -5
[   70.7813] open name host:/livedbg.cmd flag 1 data 41378
[   70.7823] open fd = -5
[   70.7984] open name host:/livepad.bin flag 1 data 41378
[   70.7997] open fd = -5
[   70.8166] open name host:/livepad.bin flag 1 data 41378
[   70.8179] open fd = -5
[   70.8337] open name host:/livepad.bin flag 1 data 41378
[   70.8353] open fd = -5
[   70.8526] open name host:/livepad.bin flag 1 data 41378
[   70.8541] open fd = -5
[   70.8713] open name host:/livepad.bin flag 1 data 41378
[   70.8724] open fd = -5
[   70.8883] open name host:/livepad.bin flag 1 data 41378
[   70.8895] open fd = -5
[   70.8898] open name host:/livedbg.cmd flag 1 data 41378
[   70.8911] open fd = -5
[   70.8920] open name host:/log.txt flag 302 data 41378
[   70.8935] open fd = 256
[   70.9129] open name host:/livepad.bin flag 1 data 41378
[   70.9146] open fd = -5
[   70.9151] open name host:/log.txt flag 302 data 41378
[   70.9166] open fd = 256
[   70.9348] open name host:/livepad.bin flag 1 data 41378
[   70.9361] open fd = -5
[   70.9530] open name host:/livepad.bin flag 1 data 41378
[   70.9542] open fd = -5
[   70.9706] open name host:/livepad.bin flag 1 data 41378
[   70.9717] open fd = -5
[   70.9884] open name host:/livepad.bin flag 1 data 41378
[   70.9898] open fd = -5
[   71.0067] open name host:/livepad.bin flag 1 data 41378
[   71.0078] open fd = -5
[   71.0080] open name host:/livedbg.cmd flag 1 data 41378
[   71.0090] open fd = -5
[   71.0260] open name host:/livepad.bin flag 1 data 41378
[   71.0273] open fd = -5
[   71.0443] open name host:/livepad.bin flag 1 data 41378
[   71.0456] open fd = -5
[   71.0629] open name host:/livepad.bin flag 1 data 41378
[   71.0640] open fd = -5
[   71.0812] open name host:/livepad.bin flag 1 data 41378
[   71.0825] open fd = -5
[   71.0992] open name host:/livepad.bin flag 1 data 41378
[   71.1004] open fd = -5
[   71.1170] open name host:/livepad.bin flag 1 data 41378
[   71.1182] open fd = -5
[   71.1184] open name host:/livedbg.cmd flag 1 data 41378
[   71.1196] open fd = -5
[   71.1362] open name host:/livepad.bin flag 1 data 41378
[   71.1378] open fd = -5
[   71.1558] open name host:/livepad.bin flag 1 data 41378
[   71.1569] open fd = -5
[   71.1746] open name host:/livepad.bin flag 1 data 41378
[   71.1759] open fd = -5
[   71.1921] open name host:/livepad.bin flag 1 data 41378
[   71.1938] open fd = -5
[   71.2109] open name host:/livepad.bin flag 1 data 41378
[   71.2123] open fd = -5
[   71.2292] open name host:/livepad.bin flag 1 data 41378
[   71.2306] open fd = -5
[   71.2309] open name host:/livedbg.cmd flag 1 data 41378
[   71.2318] open fd = -5
[   71.2492] open name host:/livepad.bin flag 1 data 41378
[   71.2508] open fd = -5
[   71.2667] open name host:/livepad.bin flag 1 data 41378
[   71.2683] open fd = -5
[   71.2871] open name host:/livepad.bin flag 1 data 41378
[   71.2883] open fd = -5
[   71.3054] open name host:/livepad.bin flag 1 data 41378
[   71.3070] open fd = -5
[   71.3234] open name host:/livepad.bin flag 1 data 41378
[   71.3246] open fd = -5
[   71.3417] open name host:/livepad.bin flag 1 data 41378
[   71.3430] open fd = -5
[   71.3432] open name host:/livedbg.cmd flag 1 data 41378
[   71.3442] open fd = -5
[   71.3606] open name host:/livepad.bin flag 1 data 41378
[   71.3619] open fd = -5
[   71.3798] open name host:/livepad.bin flag 1 data 41378
[   71.3814] open fd = -5
[   71.3822] open name host:/log.txt flag 302 data 41378
[   71.3841] open fd = 256
[   71.4028] open name host:/livepad.bin flag 1 data 41378
[   71.4041] open fd = -5
[   71.4210] open name host:/livepad.bin flag 1 data 41378
[   71.4224] open fd = -5
[   71.4396] open name host:/livepad.bin flag 1 data 41378
[   71.4408] open fd = -5
[   71.4576] open name host:/livepad.bin flag 1 data 41378
[   71.4589] open fd = -5
[   71.4592] open name host:/livedbg.cmd flag 1 data 41378
[   71.4602] open fd = -5
[   71.4777] open name host:/livepad.bin flag 1 data 41378
[   71.4790] open fd = -5
[   71.4964] open name host:/livepad.bin flag 1 data 41378
[   71.4977] open fd = -5
[   71.5150] open name host:/livepad.bin flag 1 data 41378
[   71.5162] open fd = -5
[   71.5320] open name host:/livepad.bin flag 1 data 41378
[   71.5333] open fd = -5
[   71.5499] open name host:/livepad.bin flag 1 data 41378
[   71.5513] open fd = -5
[   71.5674] open name host:/livepad.bin flag 1 data 41378
[   71.5687] open fd = -5
[   71.5690] open name host:/livedbg.cmd flag 1 data 41378
[   71.5700] open fd = -5
[   71.5874] open name host:/livepad.bin flag 1 data 41378
[   71.5888] open fd = -5
[   71.6053] open name host:/livepad.bin flag 1 data 41378
[   71.6064] open fd = -5
[   71.6229] open name host:/livepad.bin flag 1 data 41378
[   71.6242] open fd = -5
[   71.6266] open name host:/log.txt flag 302 data 41378
[   71.6282] open fd = 256
[   71.6442] open name host:/livepad.bin flag 1 data 41378
[   71.6459] open fd = -5
[   71.6626] open name host:/livepad.bin flag 1 data 41378
[   71.6639] open fd = -5
[   71.6818] open name host:/livepad.bin flag 1 data 41378
[   71.6832] open fd = -5
[   71.6834] open name host:/livedbg.cmd flag 1 data 41378
[   71.6844] open fd = -5
[   71.7008] open name host:/livepad.bin flag 1 data 41378
[   71.7024] open fd = -5
[   71.7189] open name host:/livepad.bin flag 1 data 41378
[   71.7202] open fd = -5
[   71.7369] open name host:/livepad.bin flag 1 data 41378
[   71.7382] open fd = -5
[   71.7564] open name host:/livepad.bin flag 1 data 41378
[   71.7577] open fd = -5
[   71.7758] open name host:/livepad.bin flag 1 data 41378
[   71.7770] open fd = -5
[   71.7932] open name host:/livepad.bin flag 1 data 41378
[   71.7946] open fd = -5
[   71.7949] open name host:/livedbg.cmd flag 1 data 41378
[   71.7959] open fd = -5
[   71.8122] open name host:/livepad.bin flag 1 data 41378
[   71.8135] open fd = -5
[   71.8301] open name host:/livepad.bin flag 1 data 41378
[   71.8314] open fd = -5
[   71.8483] open name host:/livepad.bin flag 1 data 41378
[   71.8494] open fd = -5
[   71.8501] open name host:/log.txt flag 302 data 41378
[   71.8517] open fd = 256
[   71.8690] open name host:/livepad.bin flag 1 data 41378
[   71.8703] open fd = -5
[   71.8878] open name host:/livepad.bin flag 1 data 41378
[   71.8938] open fd = -5
[   71.9121] open name host:/livepad.bin flag 1 data 41378
[   71.9134] open fd = -5
[   71.9137] open name host:/livedbg.cmd flag 1 data 41378
[   71.9148] open fd = -5
[   71.9315] open name host:/livepad.bin flag 1 data 41378
[   71.9327] open fd = -5
[   71.9492] open name host:/livepad.bin flag 1 data 41378
[   71.9509] open fd = -5
[   71.9670] open name host:/livepad.bin flag 1 data 41378
[   71.9684] open fd = -5
[   71.9870] open name host:/livepad.bin flag 1 data 41378
[   71.9885] open fd = -5
[   72.0054] open name host:/livepad.bin flag 1 data 41378
[   72.0067] open fd = -5
[   72.0235] open name host:/livepad.bin flag 1 data 41378
[   72.0247] open fd = -5
[   72.0249] open name host:/livedbg.cmd flag 1 data 41378
[   72.0260] open fd = -5
[   72.0272] open name host:/log.txt flag 302 data 41378
[   72.0290] open fd = 256
[   72.0469] open name host:/livepad.bin flag 1 data 41378
[   72.0482] open fd = -5
[   72.0653] open name host:/livepad.bin flag 1 data 41378
[   72.0665] open fd = -5
[   72.0841] open name host:/livepad.bin flag 1 data 41378
[   72.0854] open fd = -5
[   72.1021] open name host:/livepad.bin flag 1 data 41378
[   72.1034] open fd = -5
[   72.1213] open name host:/livepad.bin flag 1 data 41378
[   72.1226] open fd = -5
[   72.1410] open name host:/livepad.bin flag 1 data 41378
[   72.1422] open fd = -5
[   72.1426] open name host:/livedbg.cmd flag 1 data 41378
[   72.1437] open fd = -5
[   72.1596] open name host:/livepad.bin flag 1 data 41378
[   72.1609] open fd = -5
[   72.1784] open name host:/livepad.bin flag 1 data 41378
[   72.1799] open fd = -5
[   72.1963] open name host:/livepad.bin flag 1 data 41378
[   72.1975] open fd = -5
[   72.2142] open name host:/livepad.bin flag 1 data 41378
[   72.2156] open fd = -5
[   72.2329] open name host:/livepad.bin flag 1 data 41378
[   72.2343] open fd = -5
[   72.2515] open name host:/livepad.bin flag 1 data 41378
[   72.2527] open fd = -5
[   72.2530] open name host:/livedbg.cmd flag 1 data 41378
[   72.2541] open fd = -5
[   72.2704] open name host:/livepad.bin flag 1 data 41378
[   72.2719] open fd = -5
[   72.2893] open name host:/livepad.bin flag 1 data 41378
[   72.2906] open fd = -5
[   72.3073] open name host:/livepad.bin flag 1 data 41378
[   72.3087] open fd = -5
[   72.3267] open name host:/livepad.bin flag 1 data 41378
[   72.3280] open fd = -5
[   72.3287] open name host:/log.txt flag 302 data 41378
[   72.3306] open fd = 256
[   72.3486] open name host:/livepad.bin flag 1 data 41378
[   72.3498] open fd = -5
[   72.3525] open name host:/log.txt flag 302 data 41378
[   72.3542] open fd = 256
[   72.3722] open name host:/livepad.bin flag 1 data 41378
[   72.3735] open fd = -5
[   72.3738] open name host:/livedbg.cmd flag 1 data 41378
[   72.3750] open fd = -5
[   72.3917] open name host:/livepad.bin flag 1 data 41378
[   72.3930] open fd = -5
[   72.4094] open name host:/livepad.bin flag 1 data 41378
[   72.4111] open fd = -5
[   72.4287] open name host:/livepad.bin flag 1 data 41378
[   72.4304] open fd = -5
[   72.4464] open name host:/livepad.bin flag 1 data 41378
[   72.4477] open fd = -5
[   72.4651] open name host:/livepad.bin flag 1 data 41378
[   72.4663] open fd = -5
[   72.4819] open name host:/livepad.bin flag 1 data 41378
[   72.4831] open fd = -5
[   72.4833] open name host:/livedbg.cmd flag 1 data 41378
[   72.4844] open fd = -5
[   72.5018] open name host:/livepad.bin flag 1 data 41378
[   72.5030] open fd = -5
[   72.5193] open name host:/livepad.bin flag 1 data 41378
[   72.5205] open fd = -5
[   72.5370] open name host:/livepad.bin flag 1 data 41378
[   72.5383] open fd = -5
[   72.5550] open name host:/livepad.bin flag 1 data 41378
[   72.5562] open fd = -5
[   72.5721] open name host:/livepad.bin flag 1 data 41378
[   72.5732] open fd = -5
[   72.5759] open name host:/log.txt flag 302 data 41378
[   72.5774] open fd = 256
[   72.5932] open name host:/livepad.bin flag 1 data 41378
[   72.5947] open fd = -5
[   72.5950] open name host:/livedbg.cmd flag 1 data 41378
[   72.5962] open fd = -5
[   72.6134] open name host:/livepad.bin flag 1 data 41378
[   72.6148] open fd = -5
[   72.6318] open name host:/livepad.bin flag 1 data 41378
[   72.6331] open fd = -5
[   72.6502] open name host:/livepad.bin flag 1 data 41378
[   72.6516] open fd = -5
[   72.6681] open name host:/livepad.bin flag 1 data 41378
[   72.6693] open fd = -5
[   72.6859] open name host:/livepad.bin flag 1 data 41378
[   72.6871] open fd = -5
[   72.7037] open name host:/livepad.bin flag 1 data 41378
[   72.7048] open fd = -5
[   72.7051] open name host:/livedbg.cmd flag 1 data 41378
[   72.7060] open fd = -5
[   72.7234] open name host:/livepad.bin flag 1 data 41378
[   72.7248] open fd = -5
[   72.7417] open name host:/livepad.bin flag 1 data 41378
[   72.7430] open fd = -5
[   72.7634] FRAMEARENA frames=3240 peak=1037904 resets=6 fallbacks=0 maxFrameBytes=2731360 maxBorrowed=2120800 freeKiB=10369
[   72.7636] NATIVEVIF frames=3240 batches=3246
[   72.7637] ORDEREDFRAME frames=3240 splitFrames=4
[   72.7639] FRAMEPIPELINE starts=3240 dmaBusyStarts=1318
[   72.7642] open name host:/livepad.bin flag 1 data 41378
[   72.7654] open fd = -5
[   72.7828] open name host:/livepad.bin flag 1 data 41378
[   72.7842] open fd = -5
[   72.8018] open name host:/livepad.bin flag 1 data 41378
[   72.8032] open fd = -5
[   72.8039] open name host:/log.txt flag 302 data 41378
[   72.8055] open fd = 256
[   72.8235] open name host:/livepad.bin flag 1 data 41378
[   72.8249] open fd = -5
[   72.8251] open name host:/livedbg.cmd flag 1 data 41378
[   72.8261] open fd = -5
[   72.8430] open name host:/livepad.bin flag 1 data 41378
[   72.8442] open fd = -5
[   72.8612] open name host:/livepad.bin flag 1 data 41378
[   72.8627] open fd = -5
[   72.8793] open name host:/livepad.bin flag 1 data 41378
[   72.8805] open fd = -5
[   72.8972] open name host:/livepad.bin flag 1 data 41378
[   72.8994] open fd = -5
[   72.9158] open name host:/livepad.bin flag 1 data 41378
[   72.9170] open fd = -5
[   72.9337] open name host:/livepad.bin flag 1 data 41378
[   72.9350] open fd = -5
[   72.9354] open name host:/livedbg.cmd flag 1 data 41378
[   72.9364] open fd = -5
[   72.9523] open name host:/livepad.bin flag 1 data 41378
[   72.9534] open fd = -5
[   72.9706] open name host:/livepad.bin flag 1 data 41378
[   72.9719] open fd = -5
[   72.9881] open name host:/livepad.bin flag 1 data 41378
[   72.9895] open fd = -5
[   73.0068] open name host:/livepad.bin flag 1 data 41378
[   73.0081] open fd = -5
[   73.0251] open name host:/livepad.bin flag 1 data 41378
[   73.0264] open fd = -5
[   73.0421] open name host:/livepad.bin flag 1 data 41378
[   73.0433] open fd = -5
[   73.0435] open name host:/livedbg.cmd flag 1 data 41378
[   73.0445] open fd = -5
[   73.0610] open name host:/livepad.bin flag 1 data 41378
[   73.0622] open fd = -5
[   73.0798] open name host:/livepad.bin flag 1 data 41378
[   73.0809] open fd = -5
[   73.0981] open name host:/livepad.bin flag 1 data 41378
[   73.0995] open fd = -5
[   73.1169] open name host:/livepad.bin flag 1 data 41378
[   73.1182] open fd = -5
[   73.1342] open name host:/livepad.bin flag 1 data 41378
[   73.1354] open fd = -5
[   73.1531] open name host:/livepad.bin flag 1 data 41378
[   73.1543] open fd = -5
[   73.1545] open name host:/livedbg.cmd flag 1 data 41378
[   73.1557] open fd = -5
[   73.1569] open name host:/log.txt flag 302 data 41378
[   73.1586] open fd = 256
[   73.1757] open name host:/livepad.bin flag 1 data 41378
[   73.1769] open fd = -5
[   73.1943] open name host:/livepad.bin flag 1 data 41378
[   73.1956] open fd = -5
[   73.2129] open name host:/livepad.bin flag 1 data 41378
[   73.2142] open fd = -5
[   73.2312] open name host:/livepad.bin flag 1 data 41378
[   73.2325] open fd = -5
[   73.2497] open name host:/livepad.bin flag 1 data 41378
[   73.2509] open fd = -5
[   73.2676] open name host:/livepad.bin flag 1 data 41378
[   73.2687] open fd = -5
[   73.2691] open name host:/livedbg.cmd flag 1 data 41378
[   73.2701] open fd = -5
[   73.2708] open name host:/log.txt flag 302 data 41378
[   73.2723] open fd = 256
[   73.2902] open name host:/livepad.bin flag 1 data 41378
[   73.2915] open fd = -5
[   73.3079] open name host:/livepad.bin flag 1 data 41378
[   73.3092] open fd = -5
[   73.3265] open name host:/livepad.bin flag 1 data 41378
[   73.3278] open fd = -5
[   73.3450] open name host:/livepad.bin flag 1 data 41378
[   73.3464] open fd = -5
[   73.3630] open name host:/livepad.bin flag 1 data 41378
[   73.3643] open fd = -5
[   73.3824] open name host:/livepad.bin flag 1 data 41378
[   73.3836] open fd = -5
[   73.3840] open name host:/livedbg.cmd flag 1 data 41378
[   73.3851] open fd = -5
[   73.4018] open name host:/livepad.bin flag 1 data 41378
[   73.4031] open fd = -5
[   73.4197] open name host:/livepad.bin flag 1 data 41378
[   73.4211] open fd = -5
[   73.4376] open name host:/livepad.bin flag 1 data 41378
[   73.4389] open fd = -5
[   73.4560] open name host:/livepad.bin flag 1 data 41378
[   73.4572] open fd = -5
[   73.4738] open name host:/livepad.bin flag 1 data 41378
[   73.4749] open fd = -5
[   73.4907] open name host:/livepad.bin flag 1 data 41378
[   73.4919] open fd = -5
[   73.4922] open name host:/livedbg.cmd flag 1 data 41378
[   73.4932] open fd = -5
[   73.5099] open name host:/livepad.bin flag 1 data 41378
[   73.5116] open fd = -5
[   73.5143] open name host:/log.txt flag 302 data 41378
[   73.5160] open fd = 256
[   73.5333] open name host:/livepad.bin flag 1 data 41378
[   73.5348] open fd = -5
[   73.5526] open name host:/livepad.bin flag 1 data 41378
[   73.5540] open fd = -5
[   73.5721] open name host:/livepad.bin flag 1 data 41378
[   73.5733] open fd = -5
[   73.5900] open name host:/livepad.bin flag 1 data 41378
[   73.5915] open fd = -5
[   73.6081] open name host:/livepad.bin flag 1 data 41378
[   73.6096] open fd = -5
[   73.6099] open name host:/livedbg.cmd flag 1 data 41378
[   73.6110] open fd = -5
[   73.6273] open name host:/livepad.bin flag 1 data 41378
[   73.6291] open fd = -5
[   73.6456] open name host:/livepad.bin flag 1 data 41378
[   73.6469] open fd = -5
[   73.6635] open name host:/livepad.bin flag 1 data 41378
[   73.6648] open fd = -5
[   73.6818] open name host:/livepad.bin flag 1 data 41378
[   73.6833] open fd = -5
[   73.6998] open name host:/livepad.bin flag 1 data 41378
[   73.7013] open fd = -5
[   73.7200] open name host:/livepad.bin flag 1 data 41378
[   73.7216] open fd = -5
[   73.7219] open name host:/livedbg.cmd flag 1 data 41378
[   73.7229] open fd = -5
[   73.7406] open name host:/livepad.bin flag 1 data 41378
[   73.7420] open fd = -5
[   73.7428] open name host:/log.txt flag 302 data 41378
[   73.7444] open fd = 256
[   73.7645] open name host:/livepad.bin flag 1 data 41378
[   73.7660] open fd = -5
[   73.7839] open name host:/livepad.bin flag 1 data 41378
[   73.7854] open fd = -5
[   73.8032] open name host:/livepad.bin flag 1 data 41378
[   73.8047] open fd = -5
[   73.8223] open name host:/livepad.bin flag 1 data 41378
[   73.8238] open fd = -5
[   73.8402] open name host:/livepad.bin flag 1 data 41378
[   73.8414] open fd = -5
[   73.8417] open name host:/livedbg.cmd flag 1 data 41378
[   73.8427] open fd = -5
[   73.8591] open name host:/livepad.bin flag 1 data 41378
[   73.8605] open fd = -5
[   73.8772] open name host:/livepad.bin flag 1 data 41378
[   73.8787] open fd = -5
[   73.8955] open name host:/livepad.bin flag 1 data 41378
[   73.8966] open fd = -5
[   73.9144] open name host:/livepad.bin flag 1 data 41378
[   73.9158] open fd = -5
[   73.9346] open name host:/livepad.bin flag 1 data 41378
[   73.9357] open fd = -5
[   73.9518] open name host:/livepad.bin flag 1 data 41378
[   73.9532] open fd = -5
[   73.9535] open name host:/livedbg.cmd flag 1 data 41378
[   73.9546] open fd = -5
[   73.9717] open name host:/livepad.bin flag 1 data 41378
[   73.9730] open fd = -5
[   73.9899] open name host:/livepad.bin flag 1 data 41378
[   73.9914] open fd = -5
[   74.0092] open name host:/livepad.bin flag 1 data 41378
[   74.0104] open fd = -5
[   74.0272] open name host:/livepad.bin flag 1 data 41378
[   74.0284] open fd = -5
[   74.0448] open name host:/livepad.bin flag 1 data 41378
[   74.0463] open fd = -5
[   74.0625] open name host:/livepad.bin flag 1 data 41378
[   74.0638] open fd = -5
[   74.0641] open name host:/livedbg.cmd flag 1 data 41378
[   74.0651] open fd = -5
[   74.0817] open name host:/livepad.bin flag 1 data 41378
[   74.0830] open fd = -5
[   74.1000] open name host:/livepad.bin flag 1 data 41378
[   74.1012] open fd = -5
[   74.1181] open name host:/livepad.bin flag 1 data 41378
[   74.1195] open fd = -5
[   74.1367] open name host:/livepad.bin flag 1 data 41378
[   74.1381] open fd = -5
[   74.1555] open name host:/livepad.bin flag 1 data 41378
[   74.1568] open fd = -5
[   74.1731] open name host:/livepad.bin flag 1 data 41378
[   74.1743] open fd = -5
[   74.1747] open name host:/livedbg.cmd flag 1 data 41378
[   74.1757] open fd = -5
[   74.1919] open name host:/livepad.bin flag 1 data 41378
[   74.1931] open fd = -5
[   74.2095] open name host:/livepad.bin flag 1 data 41378
[   74.2108] open fd = -5
[   74.2115] open name host:/log.txt flag 302 data 41378
[   74.2130] open fd = 256
[   74.2323] open name host:/livepad.bin flag 1 data 41378
[   74.2336] open fd = -5
[   74.2497] open name host:/livepad.bin flag 1 data 41378
[   74.2509] open fd = -5
[   74.2680] open name host:/livepad.bin flag 1 data 41378
[   74.2694] open fd = -5
[   74.2873] open name host:/livepad.bin flag 1 data 41378
[   74.2886] open fd = -5
[   74.2889] open name host:/livedbg.cmd flag 1 data 41378
[   74.2899] open fd = -5
[   74.2907] open name host:/log.txt flag 302 data 41378
[   74.2923] open fd = 256
[   74.3101] open name host:/livepad.bin flag 1 data 41378
[   74.3118] open fd = -5
[   74.3287] open name host:/livepad.bin flag 1 data 41378
[   74.3302] open fd = -5
[   74.3475] open name host:/livepad.bin flag 1 data 41378
[   74.3490] open fd = -5
[   74.3654] open name host:/livepad.bin flag 1 data 41378
[   74.3668] open fd = -5
[   74.3831] open name host:/livepad.bin flag 1 data 41378
[   74.3845] open fd = -5
[   74.4012] open name host:/livepad.bin flag 1 data 41378
[   74.4026] open fd = -5
[   74.4029] open name host:/livedbg.cmd flag 1 data 41378
[   74.4040] open fd = -5
[   74.4206] open name host:/livepad.bin flag 1 data 41378
[   74.4222] open fd = -5
[   74.4384] open name host:/livepad.bin flag 1 data 41378
[   74.4396] open fd = -5
[   74.4567] open name host:/livepad.bin flag 1 data 41378
[   74.4579] open fd = -5
[   74.4604] open name host:/log.txt flag 302 data 41378
[   74.4625] open fd = 256
[   74.4781] open name host:/livepad.bin flag 1 data 41378
[   74.4793] open fd = -5
[   74.4963] open name host:/livepad.bin flag 1 data 41378
[   74.4974] open fd = -5
[   74.5141] open name host:/livepad.bin flag 1 data 41378
[   74.5156] open fd = -5
[   74.5158] open name host:/livedbg.cmd flag 1 data 41378
[   74.5169] open fd = -5
[   74.5337] open name host:/livepad.bin flag 1 data 41378
[   74.5351] open fd = -5
[   74.5529] open name host:/livepad.bin flag 1 data 41378
[   74.5543] open fd = -5
[   74.5714] open name host:/livepad.bin flag 1 data 41378
[   74.5727] open fd = -5
[   74.5902] open name host:/livepad.bin flag 1 data 41378
[   74.5916] open fd = -5
[   74.6083] open name host:/livepad.bin flag 1 data 41378
[   74.6095] open fd = -5
[   74.6268] open name host:/livepad.bin flag 1 data 41378
[   74.6280] open fd = -5
[   74.6283] open name host:/livedbg.cmd flag 1 data 41378
[   74.6293] open fd = -5
[   74.6453] open name host:/livepad.bin flag 1 data 41378
[   74.6465] open fd = -5
[   74.6642] open name host:/livepad.bin flag 1 data 41378
[   74.6654] open fd = -5
[   74.6818] open name host:/livepad.bin flag 1 data 41378
[   74.6832] open fd = -5
[   74.6840] open name host:/log.txt flag 302 data 41378
[   74.6856] open fd = 256
[   74.7027] open name host:/livepad.bin flag 1 data 41378
[   74.7039] open fd = -5
[   74.7210] open name host:/livepad.bin flag 1 data 41378
[   74.7223] open fd = -5
[   74.7386] open name host:/livepad.bin flag 1 data 41378
[   74.7397] open fd = -5
[   74.7401] open name host:/livedbg.cmd flag 1 data 41378
[   74.7409] open fd = -5
[   74.7578] open name host:/livepad.bin flag 1 data 41378
[   74.7592] open fd = -5
[   74.7752] open name host:/livepad.bin flag 1 data 41378
[   74.7764] open fd = -5
[   74.7961] open name host:/livepad.bin flag 1 data 41378
[   74.7975] open fd = -5
[   74.8141] open name host:/livepad.bin flag 1 data 41378
[   74.8153] open fd = -5
[   74.8318] open name host:/livepad.bin flag 1 data 41378
[   74.8331] open fd = -5
[   74.8514] open name host:/livepad.bin flag 1 data 41378
[   74.8526] open fd = -5
[   74.8528] open name host:/livedbg.cmd flag 1 data 41378
[   74.8539] open fd = -5
[   74.8700] open name host:/livepad.bin flag 1 data 41378
[   74.8712] open fd = -5
[   74.8881] open name host:/livepad.bin flag 1 data 41378
[   74.8894] open fd = -5
[   74.9075] open name host:/livepad.bin flag 1 data 41378
[   74.9111] open fd = -5
[   74.9281] open name host:/livepad.bin flag 1 data 41378
[   74.9294] open fd = -5
[   74.9464] open name host:/livepad.bin flag 1 data 41378
[   74.9477] open fd = -5
[   74.9643] open name host:/livepad.bin flag 1 data 41378
[   74.9657] open fd = -5
[   74.9660] open name host:/livedbg.cmd flag 1 data 41378
[   74.9670] open fd = -5
[   74.9827] open name host:/livepad.bin flag 1 data 41378
[   74.9838] open fd = -5
[   75.0012] open name host:/livepad.bin flag 1 data 41378
[   75.0025] open fd = -5
[   75.0201] FRAMEARENA frames=3360 peak=1037904 resets=6 fallbacks=0 maxFrameBytes=2731360 maxBorrowed=2120800 freeKiB=10369
[   75.0203] NATIVEVIF frames=3360 batches=3366
[   75.0204] ORDEREDFRAME frames=3360 splitFrames=4
[   75.0206] FRAMEPIPELINE starts=3360 dmaBusyStarts=1414
[   75.0209] open name host:/livepad.bin flag 1 data 41378
[   75.0225] open fd = -5
[   75.0390] open name host:/livepad.bin flag 1 data 41378
[   75.0402] open fd = -5
[   75.0568] open name host:/livepad.bin flag 1 data 41378
[   75.0581] open fd = -5
[   75.0754] open name host:/livepad.bin flag 1 data 41378
[   75.0768] open fd = -5
[   75.0770] open name host:/livedbg.cmd flag 1 data 41378
[   75.0779] open fd = -5
[   75.0940] open name host:/livepad.bin flag 1 data 41378
[   75.0954] open fd = -5
[   75.1116] open name host:/livepad.bin flag 1 data 41378
[   75.1132] open fd = -5
[   75.1314] open name host:/livepad.bin flag 1 data 41378
[   75.1327] open fd = -5
[   75.1494] open name host:/livepad.bin flag 1 data 41378
[   75.1506] open fd = -5
[   75.1512] open name host:/log.txt flag 302 data 41378
[   75.1527] open fd = 256
[   75.1705] open name host:/livepad.bin flag 1 data 41378
[   75.1720] open fd = -5
[   75.1737] open name host:/log.txt flag 302 data 41378
[   75.1757] open fd = 256
[   75.1927] open name host:/livepad.bin flag 1 data 41378
[   75.1941] open fd = -5
[   75.1943] open name host:/livedbg.cmd flag 1 data 41378
[   75.1957] open fd = -5
[   75.2131] open name host:/livepad.bin flag 1 data 41378
[   75.2145] open fd = -5
[   75.2314] open name host:/livepad.bin flag 1 data 41378
[   75.2329] open fd = -5
[   75.2497] open name host:/livepad.bin flag 1 data 41378
[   75.2511] open fd = -5
[   75.2689] open name host:/livepad.bin flag 1 data 41378
[   75.2702] open fd = -5
[   75.2875] open name host:/livepad.bin flag 1 data 41378
[   75.2890] open fd = -5
[   75.3057] open name host:/livepad.bin flag 1 data 41378
[   75.3071] open fd = -5
[   75.3075] open name host:/livedbg.cmd flag 1 data 41378
[   75.3085] open fd = -5
[   75.3253] open name host:/livepad.bin flag 1 data 41378
[   75.3265] open fd = -5
[   75.3444] open name host:/livepad.bin flag 1 data 41378
[   75.3457] open fd = -5
[   75.3640] open name host:/livepad.bin flag 1 data 41378
[   75.3653] open fd = -5
[   75.3825] open name host:/livepad.bin flag 1 data 41378
[   75.3837] open fd = -5
[   75.4004] open name host:/livepad.bin flag 1 data 41378
[   75.4020] open fd = -5
[   75.4043] open name host:/log.txt flag 302 data 41378
[   75.4064] open fd = 256
[   75.4238] open name host:/livepad.bin flag 1 data 41378
[   75.4252] open fd = -5
[   75.4255] open name host:/livedbg.cmd flag 1 data 41378
[   75.4266] open fd = -5
[   75.4275] open name host:/log.txt flag 302 data 41378
[   75.4293] open fd = 256
[   75.4475] open name host:/livepad.bin flag 1 data 41378
[   75.4490] open fd = -5
[   75.4672] open name host:/livepad.bin flag 1 data 41378
[   75.4686] open fd = -5
[   75.4858] open name host:/livepad.bin flag 1 data 41378
[   75.4873] open fd = -5
[   75.5045] open name host:/livepad.bin flag 1 data 41378
[   75.5059] open fd = -5
[   75.5236] open name host:/livepad.bin flag 1 data 41378
[   75.5250] open fd = -5
[   75.5438] open name host:/livepad.bin flag 1 data 41378
[   75.5453] open fd = -5
[   75.5455] open name host:/livedbg.cmd flag 1 data 41378
[   75.5471] open fd = -5
[   75.5637] open name host:/livepad.bin flag 1 data 41378
[   75.5651] open fd = -5
[   75.5820] open name host:/livepad.bin flag 1 data 41378
[   75.5834] open fd = -5
[   75.5996] open name host:/livepad.bin flag 1 data 41378
[   75.6011] open fd = -5
[   75.6168] open name host:/livepad.bin flag 1 data 41378
[   75.6182] open fd = -5
[   75.6364] open name host:/livepad.bin flag 1 data 41378
[   75.6378] open fd = -5
[   75.6384] open name host:/log.txt flag 302 data 41378
[   75.6401] open fd = 256
[   75.6582] open name host:/livepad.bin flag 1 data 41378
[   75.6595] open fd = -5
[   75.6598] open name host:/livedbg.cmd flag 1 data 41378
[   75.6607] open fd = -5
[   75.6793] open name host:/livepad.bin flag 1 data 41378
[   75.6807] open fd = -5
[   75.6975] open name host:/livepad.bin flag 1 data 41378
[   75.6990] open fd = -5
[   75.7164] open name host:/livepad.bin flag 1 data 41378
[   75.7179] open fd = -5
[   75.7357] open name host:/livepad.bin flag 1 data 41378
[   75.7371] open fd = -5
[   75.7543] open name host:/livepad.bin flag 1 data 41378
[   75.7556] open fd = -5
[   75.7725] open name host:/livepad.bin flag 1 data 41378
[   75.7737] open fd = -5
[   75.7740] open name host:/livedbg.cmd flag 1 data 41378
[   75.7750] open fd = -5
[   75.7934] open name host:/livepad.bin flag 1 data 41378
[   75.7947] open fd = -5
[   75.8116] open name host:/livepad.bin flag 1 data 41378
[   75.8130] open fd = -5
[   75.8296] open name host:/livepad.bin flag 1 data 41378
[   75.8311] open fd = -5
[   75.8479] open name host:/livepad.bin flag 1 data 41378
[   75.8493] open fd = -5
[   75.8661] open name host:/livepad.bin flag 1 data 41378
[   75.8674] open fd = -5
[   75.8847] open name host:/livepad.bin flag 1 data 41378
[   75.8860] open fd = -5
[   75.8863] open name host:/livedbg.cmd flag 1 data 41378
[   75.8874] open fd = -5
[   75.9045] open name host:/livepad.bin flag 1 data 41378
[   75.9059] open fd = -5
[   75.9249] open name host:/livepad.bin flag 1 data 41378
[   75.9264] open fd = -5
[   75.9433] open name host:/livepad.bin flag 1 data 41378
[   75.9448] open fd = -5
[   75.9614] open name host:/livepad.bin flag 1 data 41378
[   75.9630] open fd = -5
[   75.9808] open name host:/livepad.bin flag 1 data 41378
[   75.9822] open fd = -5
[   75.9995] open name host:/livepad.bin flag 1 data 41378
[   76.0011] open fd = -5
[   76.0014] open name host:/livedbg.cmd flag 1 data 41378
[   76.0024] open fd = -5
[   76.0188] open name host:/livepad.bin flag 1 data 41378
[   76.0204] open fd = -5
[   76.0385] open name host:/livepad.bin flag 1 data 41378
[   76.0399] open fd = -5
[   76.0577] open name host:/livepad.bin flag 1 data 41378
[   76.0591] open fd = -5
[   76.0758] open name host:/livepad.bin flag 1 data 41378
[   76.0771] open fd = -5
[   76.0937] open name host:/livepad.bin flag 1 data 41378
[   76.0950] open fd = -5
[   76.1122] open name host:/livepad.bin flag 1 data 41378
[   76.1137] open fd = -5
[   76.1140] open name host:/livedbg.cmd flag 1 data 41378
[   76.1151] open fd = -5
[   76.1156] open name host:/log.txt flag 302 data 41378
[   76.1173] open fd = 256
[   76.1349] open name host:/livepad.bin flag 1 data 41378
[   76.1365] open fd = -5
[   76.1535] open name host:/livepad.bin flag 1 data 41378
[   76.1550] open fd = -5
[   76.1725] open name host:/livepad.bin flag 1 data 41378
[   76.1740] open fd = -5
[   76.1921] open name host:/livepad.bin flag 1 data 41378
[   76.1935] open fd = -5
[   76.2101] open name host:/livepad.bin flag 1 data 41378
[   76.2116] open fd = -5
[   76.2285] open name host:/livepad.bin flag 1 data 41378
[   76.2298] open fd = -5
[   76.2301] open name host:/livedbg.cmd flag 1 data 41378
[   76.2311] open fd = -5
[   76.2480] open name host:/livepad.bin flag 1 data 41378
[   76.2497] open fd = -5
[   76.2657] open name host:/livepad.bin flag 1 data 41378
[   76.2672] open fd = -5
[   76.2856] open name host:/livepad.bin flag 1 data 41378
[   76.2869] open fd = -5
[   76.3035] open name host:/livepad.bin flag 1 data 41378
[   76.3049] open fd = -5
[   76.3217] open name host:/livepad.bin flag 1 data 41378
[   76.3231] open fd = -5
[   76.3408] open name host:/livepad.bin flag 1 data 41378
[   76.3422] open fd = -5
[   76.3426] open name host:/livedbg.cmd flag 1 data 41378
[   76.3436] open fd = -5
[   76.3620] open name host:/livepad.bin flag 1 data 41378
[   76.3632] open fd = -5
[   76.3661] open name host:/log.txt flag 302 data 41378
[   76.3676] open fd = 256
[   76.3847] open name host:/livepad.bin flag 1 data 41378
[   76.3859] open fd = -5
[   76.4029] open name host:/livepad.bin flag 1 data 41378
[   76.4042] open fd = -5
[   76.4217] open name host:/livepad.bin flag 1 data 41378
[   76.4231] open fd = -5
[   76.4393] open name host:/livepad.bin flag 1 data 41378
[   76.4407] open fd = -5
[   76.4575] open name host:/livepad.bin flag 1 data 41378
[   76.4589] open fd = -5
[   76.4591] open name host:/livedbg.cmd flag 1 data 41378
[   76.4605] open fd = -5
[   76.4789] open name host:/livepad.bin flag 1 data 41378
[   76.4799] open fd = -5
[   76.4967] open name host:/livepad.bin flag 1 data 41378
[   76.4981] open fd = -5
[   76.5147] open name host:/livepad.bin flag 1 data 41378
[   76.5159] open fd = -5
[   76.5321] open name host:/livepad.bin flag 1 data 41378
[   76.5333] open fd = -5
[   76.5513] open name host:/livepad.bin flag 1 data 41378
[   76.5527] open fd = -5
[   76.5693] open name host:/livepad.bin flag 1 data 41378
[   76.5703] open fd = -5
[   76.5707] open name host:/livedbg.cmd flag 1 data 41378
[   76.5717] open fd = -5
[   76.5732] open name host:/log.txt flag 302 data 41378
[   76.5747] open fd = 256
[   76.5915] open name host:/livepad.bin flag 1 data 41378
[   76.5927] open fd = -5
[   76.5934] open name host:/log.txt flag 302 data 41378
[   76.5950] open fd = 256
[   76.6137] open name host:/livepad.bin flag 1 data 41378
[   76.6150] open fd = -5
[   76.6324] open name host:/livepad.bin flag 1 data 41378
[   76.6337] open fd = -5
[   76.6511] open name host:/livepad.bin flag 1 data 41378
[   76.6527] open fd = -5
[   76.6707] open name host:/livepad.bin flag 1 data 41378
[   76.6720] open fd = -5
[   76.6901] open name host:/livepad.bin flag 1 data 41378
[   76.6913] open fd = -5
[   76.6917] open name host:/livedbg.cmd flag 1 data 41378
[   76.6927] open fd = -5
[   76.7082] open name host:/livepad.bin flag 1 data 41378
[   76.7093] open fd = -5
[   76.7260] open name host:/livepad.bin flag 1 data 41378
[   76.7273] open fd = -5
[   76.7437] open name host:/livepad.bin flag 1 data 41378
[   76.7450] open fd = -5
[   76.7622] open name host:/livepad.bin flag 1 data 41378
[   76.7633] open fd = -5
[   76.7802] open name host:/livepad.bin flag 1 data 41378
[   76.7815] open fd = -5
[   76.7979] open name host:/livepad.bin flag 1 data 41378
[   76.7991] open fd = -5
[   76.7994] open name host:/livedbg.cmd flag 1 data 41378
[   76.8004] open fd = -5
[   76.8183] open name host:/livepad.bin flag 1 data 41378
[   76.8196] open fd = -5
[   76.8370] open name host:/livepad.bin flag 1 data 41378
[   76.8382] open fd = -5
[   76.8538] open name host:/livepad.bin flag 1 data 41378
[   76.8554] open fd = -5
[   76.8728] open name host:/livepad.bin flag 1 data 41378
[   76.8742] open fd = -5
[   76.8923] open name host:/livepad.bin flag 1 data 41378
[   76.8936] open fd = -5
[   76.9115] open name host:/livepad.bin flag 1 data 41378
[   76.9130] open fd = -5
[   76.9133] open name host:/livedbg.cmd flag 1 data 41378
[   76.9144] open fd = -5
[   76.9303] open name host:/livepad.bin flag 1 data 41378
[   76.9317] open fd = -5
[   76.9483] open name host:/livepad.bin flag 1 data 41378
[   76.9497] open fd = -5
[   76.9661] open name host:/livepad.bin flag 1 data 41378
[   76.9674] open fd = -5
[   76.9839] open name host:/livepad.bin flag 1 data 41378
[   76.9853] open fd = -5
[   77.0016] open name host:/livepad.bin flag 1 data 41378
[   77.0030] open fd = -5
[   77.0204] open name host:/livepad.bin flag 1 data 41378
[   77.0216] open fd = -5
[   77.0219] open name host:/livedbg.cmd flag 1 data 41378
[   77.0232] open fd = -5
[   77.0405] open name host:/livepad.bin flag 1 data 41378
[   77.0418] open fd = -5
[   77.0584] open name host:/livepad.bin flag 1 data 41378
[   77.0599] open fd = -5
[   77.0606] open name host:/log.txt flag 302 data 41378
[   77.0625] open fd = 256
[   77.0825] open name host:/livepad.bin flag 1 data 41378
[   77.0838] open fd = -5
[   77.0997] open name host:/livepad.bin flag 1 data 41378
[   77.1008] open fd = -5
[   77.1174] open name host:/livepad.bin flag 1 data 41378
[   77.1186] open fd = -5
[   77.1354] open name host:/livepad.bin flag 1 data 41378
[   77.1364] open fd = -5
[   77.1367] open name host:/livedbg.cmd flag 1 data 41378
[   77.1377] open fd = -5
[   77.1548] open name host:/livepad.bin flag 1 data 41378
[   77.1559] open fd = -5
[   77.1746] open name host:/livepad.bin flag 1 data 41378
[   77.1758] open fd = -5
[   77.1923] open name host:/livepad.bin flag 1 data 41378
[   77.1934] open fd = -5
[   77.2105] open name host:/livepad.bin flag 1 data 41378
[   77.2119] open fd = -5
[   77.2292] open name host:/livepad.bin flag 1 data 41378
[   77.2305] open fd = -5
[   77.2473] open name host:/livepad.bin flag 1 data 41378
[   77.2485] open fd = -5
[   77.2488] open name host:/livedbg.cmd flag 1 data 41378
[   77.2501] open fd = -5
[   77.2657] open name host:/livepad.bin flag 1 data 41378
[   77.2671] open fd = -5
[   77.2844] open name host:/livepad.bin flag 1 data 41378
[   77.2858] open fd = -5
[   77.3024] FRAMEARENA frames=3480 peak=1037904 resets=6 fallbacks=0 maxFrameBytes=2731360 maxBorrowed=2120800 freeKiB=10369
[   77.3026] NATIVEVIF frames=3480 batches=3486
[   77.3027] ORDEREDFRAME frames=3480 splitFrames=4
[   77.3029] FRAMEPIPELINE starts=3480 dmaBusyStarts=1509
[   77.3031] open name host:/livepad.bin flag 1 data 41378
[   77.3048] open fd = -5
[   77.3068] open name host:/log.txt flag 302 data 41378
[   77.3085] open fd = 256
[   77.3244] open name host:/livepad.bin flag 1 data 41378
[   77.3257] open fd = -5
[   77.3428] open name host:/livepad.bin flag 1 data 41378
[   77.3440] open fd = -5
[   77.3600] open name host:/livepad.bin flag 1 data 41378
[   77.3612] open fd = -5
[   77.3614] open name host:/livedbg.cmd flag 1 data 41378
[   77.3625] open fd = -5
[   77.3784] open name host:/livepad.bin flag 1 data 41378
[   77.3795] open fd = -5
[   77.3960] open name host:/livepad.bin flag 1 data 41378
[   77.3973] open fd = -5
[   77.4144] open name host:/livepad.bin flag 1 data 41378
[   77.4156] open fd = -5
[   77.4320] open name host:/livepad.bin flag 1 data 41378
[   77.4332] open fd = -5
[   77.4507] open name host:/livepad.bin flag 1 data 41378
[   77.4518] open fd = -5
[   77.4683] open name host:/livepad.bin flag 1 data 41378
[   77.4696] open fd = -5
[   77.4699] open name host:/livedbg.cmd flag 1 data 41378
[   77.4708] open fd = -5
[   77.4876] open name host:/livepad.bin flag 1 data 41378
[   77.4886] open fd = -5
[   77.5052] open name host:/livepad.bin flag 1 data 41378
[   77.5066] open fd = -5
[   77.5227] open name host:/livepad.bin flag 1 data 41378
[   77.5240] open fd = -5
[   77.5246] open name host:/log.txt flag 302 data 41378
[   77.5262] open fd = 256
[   77.5447] open name host:/livepad.bin flag 1 data 41378
[   77.5459] open fd = -5
[   77.5625] open name host:/livepad.bin flag 1 data 41378
[   77.5636] open fd = -5
[   77.5809] open name host:/livepad.bin flag 1 data 41378
[   77.5827] open fd = -5
[   77.5830] open name host:/livedbg.cmd flag 1 data 41378
[   77.5839] open fd = -5
[   77.6019] open name host:/livepad.bin flag 1 data 41378
[   77.6030] open fd = -5
[   77.6195] open name host:/livepad.bin flag 1 data 41378
[   77.6209] open fd = -5
[   77.6384] open name host:/livepad.bin flag 1 data 41378
[   77.6396] open fd = -5
[   77.6562] open name host:/livepad.bin flag 1 data 41378
[   77.6574] open fd = -5
[   77.6745] open name host:/livepad.bin flag 1 data 41378
[   77.6757] open fd = -5
[   77.6918] open name host:/livepad.bin flag 1 data 41378
[   77.6930] open fd = -5
[   77.6933] open name host:/livedbg.cmd flag 1 data 41378
[   77.6944] open fd = -5
[   77.6954] open name host:/log.txt flag 302 data 41378
[   77.6969] open fd = 256
[   77.7134] open name host:/livepad.bin flag 1 data 41378
[   77.7149] open fd = -5
[   77.7310] open name host:/livepad.bin flag 1 data 41378
[   77.7323] open fd = -5
[   77.7491] open name host:/livepad.bin flag 1 data 41378
[   77.7503] open fd = -5
[   77.7676] open name host:/livepad.bin flag 1 data 41378
[   77.7689] open fd = -5
[   77.7855] open name host:/livepad.bin flag 1 data 41378
[   77.7867] open fd = -5
[   77.8034] open name host:/livepad.bin flag 1 data 41378
[   77.8048] open fd = -5
[   77.8050] open name host:/livedbg.cmd flag 1 data 41378
[   77.8059] open fd = -5
[   77.8223] open name host:/livepad.bin flag 1 data 41378
[   77.8235] open fd = -5
[   77.8409] open name host:/livepad.bin flag 1 data 41378
[   77.8421] open fd = -5
[   77.8591] open name host:/livepad.bin flag 1 data 41378
[   77.8604] open fd = -5
[   77.8782] open name host:/livepad.bin flag 1 data 41378
[   77.8793] open fd = -5
[   77.8958] open name host:/livepad.bin flag 1 data 41378
[   77.8969] open fd = -5
[   77.9131] open name host:/livepad.bin flag 1 data 41378
[   77.9143] open fd = -5
[   77.9146] open name host:/livedbg.cmd flag 1 data 41378
[   77.9155] open fd = -5
[   77.9339] open name host:/livepad.bin flag 1 data 41378
[   77.9352] open fd = -5
[   77.9518] open name host:/livepad.bin flag 1 data 41378
[   77.9531] open fd = -5
[   77.9699] open name host:/livepad.bin flag 1 data 41378
[   77.9711] open fd = -5
[   77.9872] open name host:/livepad.bin flag 1 data 41378
[   77.9884] open fd = -5
[   77.9890] open name host:/log.txt flag 302 data 41378
[   77.9907] open fd = 256
[   78.0087] open name host:/livepad.bin flag 1 data 41378
[   78.0099] open fd = -5
[   78.0117] open name host:/log.txt flag 302 data 41378
[   78.0132] open fd = 256
[   78.0308] open name host:/livepad.bin flag 1 data 41378
[   78.0323] open fd = -5
[   78.0325] open name host:/livedbg.cmd flag 1 data 41378
[   78.0336] open fd = -5
[   78.0509] open name host:/livepad.bin flag 1 data 41378
[   78.0523] open fd = -5
[   78.0688] open name host:/livepad.bin flag 1 data 41378
[   78.0701] open fd = -5
[   78.0887] open name host:/livepad.bin flag 1 data 41378
[   78.0898] open fd = -5
[   78.1071] open name host:/livepad.bin flag 1 data 41378
[   78.1084] open fd = -5
[   78.1257] open name host:/livepad.bin flag 1 data 41378
[   78.1268] open fd = -5
[   78.1437] open name host:/livepad.bin flag 1 data 41378
[   78.1448] open fd = -5
[   78.1451] open name host:/livedbg.cmd flag 1 data 41378
[   78.1463] open fd = -5
[   78.1626] open name host:/livepad.bin flag 1 data 41378
[   78.1637] open fd = -5
[   78.1804] open name host:/livepad.bin flag 1 data 41378
[   78.1817] open fd = -5
[   78.1985] open name host:/livepad.bin flag 1 data 41378
[   78.1997] open fd = -5
[   78.2177] open name host:/livepad.bin flag 1 data 41378
[   78.2189] open fd = -5
[   78.2354] open name host:/livepad.bin flag 1 data 41378
[   78.2369] open fd = -5
[   78.2391] open name host:/log.txt flag 302 data 41378
[   78.2407] open fd = 256
[   78.2568] open name host:/livepad.bin flag 1 data 41378
[   78.2581] open fd = -5
[   78.2584] open name host:/livedbg.cmd flag 1 data 41378
[   78.2594] open fd = -5
[   78.2773] open name host:/livepad.bin flag 1 data 41378
[   78.2786] open fd = -5
[   78.2951] open name host:/livepad.bin flag 1 data 41378
[   78.2962] open fd = -5
[   78.3121] open name host:/livepad.bin flag 1 data 41378
[   78.3134] open fd = -5
[   78.3305] open name host:/livepad.bin flag 1 data 41378
[   78.3317] open fd = -5
[   78.3498] open name host:/livepad.bin flag 1 data 41378
[   78.3509] open fd = -5
[   78.3674] open name host:/livepad.bin flag 1 data 41378
[   78.3685] open fd = -5
[   78.3688] open name host:/livedbg.cmd flag 1 data 41378
[   78.3698] open fd = -5
[   78.3865] open name host:/livepad.bin flag 1 data 41378
[   78.3876] open fd = -5
[   78.4044] open name host:/livepad.bin flag 1 data 41378
[   78.4056] open fd = -5
[   78.4237] open name host:/livepad.bin flag 1 data 41378
[   78.4248] open fd = -5
[   78.4416] open name host:/livepad.bin flag 1 data 41378
[   78.4429] open fd = -5
[   78.4616] open name host:/livepad.bin flag 1 data 41378
[   78.4630] open fd = -5
[   78.4637] open name host:/log.txt flag 302 data 41378
[   78.4652] open fd = 256
[   78.4831] open name host:/livepad.bin flag 1 data 41378
[   78.4843] open fd = -5
[   78.4845] open name host:/livedbg.cmd flag 1 data 41378
[   78.4855] open fd = -5
[   78.5025] open name host:/livepad.bin flag 1 data 41378
[   78.5037] open fd = -5
[   78.5203] open name host:/livepad.bin flag 1 data 41378
[   78.5216] open fd = -5
[   78.5387] open name host:/livepad.bin flag 1 data 41378
[   78.5398] open fd = -5
[   78.5567] open name host:/livepad.bin flag 1 data 41378
[   78.5579] open fd = -5
[   78.5743] open name host:/livepad.bin flag 1 data 41378
[   78.5755] open fd = -5
[   78.5923] open name host:/livepad.bin flag 1 data 41378
[   78.5935] open fd = -5
[   78.5938] open name host:/livedbg.cmd flag 1 data 41378
[   78.5949] open fd = -5
[   78.6128] open name host:/livepad.bin flag 1 data 41378
[   78.6142] open fd = -5
[   78.6312] open name host:/livepad.bin flag 1 data 41378
[   78.6328] open fd = -5
[   78.6502] open name host:/livepad.bin flag 1 data 41378
[   78.6514] open fd = -5
[   78.6682] open name host:/livepad.bin flag 1 data 41378
[   78.6694] open fd = -5
[   78.6865] open name host:/livepad.bin flag 1 data 41378
[   78.6877] open fd = -5
[   78.7042] open name host:/livepad.bin flag 1 data 41378
[   78.7054] open fd = -5
[   78.7057] open name host:/livedbg.cmd flag 1 data 41378
[   78.7067] open fd = -5
[   78.7230] open name host:/livepad.bin flag 1 data 41378
[   78.7244] open fd = -5
[   78.7414] open name host:/livepad.bin flag 1 data 41378
[   78.7427] open fd = -5
[   78.7603] open name host:/livepad.bin flag 1 data 41378
[   78.7617] open fd = -5
[   78.7806] open name host:/livepad.bin flag 1 data 41378
[   78.7818] open fd = -5
[   78.7983] open name host:/livepad.bin flag 1 data 41378
[   78.7996] open fd = -5
[   78.8176] open name host:/livepad.bin flag 1 data 41378
[   78.8189] open fd = -5
[   78.8191] open name host:/livedbg.cmd flag 1 data 41378
[   78.8203] open fd = -5
[   78.8211] open name host:/log.txt flag 302 data 41378
[   78.8225] open fd = 256
[   78.8399] open name host:/livepad.bin flag 1 data 41378
[   78.8411] open fd = -5
[   78.8574] open name host:/livepad.bin flag 1 data 41378
[   78.8586] open fd = -5
[   78.8750] open name host:/livepad.bin flag 1 data 41378
[   78.8762] open fd = -5
[   78.8931] open name host:/livepad.bin flag 1 data 41378
[   78.8943] open fd = -5
[   78.9109] open name host:/livepad.bin flag 1 data 41378
[   78.9122] open fd = -5
[   78.9291] open name host:/livepad.bin flag 1 data 41378
[   78.9343] open fd = -5
[   78.9347] open name host:/livedbg.cmd flag 1 data 41378
[   78.9356] open fd = -5
[   78.9362] open name host:/log.txt flag 302 data 41378
[   78.9377] open fd = 256
[   78.9563] open name host:/livepad.bin flag 1 data 41378
[   78.9576] open fd = -5
[   78.9754] open name host:/livepad.bin flag 1 data 41378
[   78.9766] open fd = -5
[   78.9924] open name host:/livepad.bin flag 1 data 41378
[   78.9935] open fd = -5
[   79.0114] open name host:/livepad.bin flag 1 data 41378
[   79.0127] open fd = -5
[   79.0295] open name host:/livepad.bin flag 1 data 41378
[   79.0306] open fd = -5
[   79.0481] open name host:/livepad.bin flag 1 data 41378
[   79.0494] open fd = -5
[   79.0496] open name host:/livedbg.cmd flag 1 data 41378
[   79.0506] open fd = -5
[   79.0668] open name host:/livepad.bin flag 1 data 41378
[   79.0681] open fd = -5
[   79.0846] open name host:/livepad.bin flag 1 data 41378
[   79.0858] open fd = -5
[   79.1031] open name host:/livepad.bin flag 1 data 41378
[   79.1042] open fd = -5
[   79.1208] open name host:/livepad.bin flag 1 data 41378
[   79.1220] open fd = -5
[   79.1415] open name host:/livepad.bin flag 1 data 41378
[   79.1432] open fd = -5
[   79.1598] open name host:/livepad.bin flag 1 data 41378
[   79.1611] open fd = -5
[   79.1616] open name host:/livedbg.cmd flag 1 data 41378
[   79.1627] open fd = -5
[   79.1790] open name host:/livepad.bin flag 1 data 41378
[   79.1804] open fd = -5
[   79.1830] open name host:/log.txt flag 302 data 41378
[   79.1849] open fd = 256
[   79.2019] open name host:/livepad.bin flag 1 data 41378
[   79.2032] open fd = -5
[   79.2202] open name host:/livepad.bin flag 1 data 41378
[   79.2216] open fd = -5
[   79.2386] open name host:/livepad.bin flag 1 data 41378
[   79.2400] open fd = -5
[   79.2564] open name host:/livepad.bin flag 1 data 41378
[   79.2577] open fd = -5
[   79.2743] open name host:/livepad.bin flag 1 data 41378
[   79.2754] open fd = -5
[   79.2757] open name host:/livedbg.cmd flag 1 data 41378
[   79.2766] open fd = -5
[   79.2936] open name host:/livepad.bin flag 1 data 41378
[   79.2949] open fd = -5
[   79.3125] open name host:/livepad.bin flag 1 data 41378
[   79.3140] open fd = -5
[   79.3309] open name host:/livepad.bin flag 1 data 41378
[   79.3322] open fd = -5
[   79.3490] open name host:/livepad.bin flag 1 data 41378
[   79.3503] open fd = -5
[   79.3668] open name host:/livepad.bin flag 1 data 41378
[   79.3680] open fd = -5
[   79.3870] open name host:/livepad.bin flag 1 data 41378
[   79.3882] open fd = -5
[   79.3884] open name host:/livedbg.cmd flag 1 data 41378
[   79.3896] open fd = -5
[   79.4062] open name host:/livepad.bin flag 1 data 41378
[   79.4075] open fd = -5
[   79.4082] open name host:/log.txt flag 302 data 41378
[   79.4098] open fd = 256
[   79.4276] open name host:/livepad.bin flag 1 data 41378
[   79.4288] open fd = -5
[   79.4455] open name host:/livepad.bin flag 1 data 41378
[   79.4469] open fd = -5
[   79.4640] open name host:/livepad.bin flag 1 data 41378
[   79.4652] open fd = -5
[   79.4821] open name host:/livepad.bin flag 1 data 41378
[   79.4834] open fd = -5
[   79.5015] open name host:/livepad.bin flag 1 data 41378
[   79.5027] open fd = -5
[   79.5029] open name host:/livedbg.cmd flag 1 data 41378
[   79.5039] open fd = -5
[   79.5214] open name host:/livepad.bin flag 1 data 41378
[   79.5227] open fd = -5
[   79.5395] open name host:/livepad.bin flag 1 data 41378
[   79.5407] open fd = -5
[   79.5585] FRAMEARENA frames=3600 peak=1037904 resets=6 fallbacks=0 maxFrameBytes=2731360 maxBorrowed=2120800 freeKiB=10369
[   79.5588] NATIVEVIF frames=3600 batches=3606
[   79.5600] ORDEREDFRAME frames=3600 splitFrames=4
[   79.5603] FRAMEPIPELINE starts=3600 dmaBusyStarts=1602
[   79.5606] open name host:/livepad.bin flag 1 data 41378
[   79.5619] open fd = -5
[   79.5787] open name host:/livepad.bin flag 1 data 41378
[   79.5799] open fd = -5
[   79.5963] open name host:/livepad.bin flag 1 data 41378
[   79.5975] open fd = -5
[   79.6156] open name host:/livepad.bin flag 1 data 41378
[   79.6169] open fd = -5
[   79.6172] open name host:/livedbg.cmd flag 1 data 41378
[   79.6183] open fd = -5
[   79.6358] open name host:/livepad.bin flag 1 data 41378
[   79.6370] open fd = -5
[   79.6563] open name host:/livepad.bin flag 1 data 41378
[   79.6575] open fd = -5
[   79.6737] open name host:/livepad.bin flag 1 data 41378
[   79.6751] open fd = -5
[   79.6925] open name host:/livepad.bin flag 1 data 41378
[   79.6939] open fd = -5
[   79.7104] open name host:/livepad.bin flag 1 data 41378
[   79.7120] open fd = -5
[   79.7279] open name host:/livepad.bin flag 1 data 41378
[   79.7292] open fd = -5
[   79.7296] open name host:/livedbg.cmd flag 1 data 41378
[   79.7307] open fd = -5
[   79.7472] open name host:/livepad.bin flag 1 data 41378
[   79.7487] open fd = -5
[   79.7652] open name host:/livepad.bin flag 1 data 41378
[   79.7665] open fd = -5
[   79.7828] open name host:/livepad.bin flag 1 data 41378
[   79.7840] open fd = -5
[   79.8026] open name host:/livepad.bin flag 1 data 41378
[   79.8038] open fd = -5
[   79.8208] open name host:/livepad.bin flag 1 data 41378
[   79.8220] open fd = -5
[   79.8386] open name host:/livepad.bin flag 1 data 41378
[   79.8398] open fd = -5
[   79.8401] open name host:/livedbg.cmd flag 1 data 41378
[   79.8411] open fd = -5
[   79.8586] open name host:/livepad.bin flag 1 data 41378
[   79.8601] open fd = -5
[   79.8773] open name host:/livepad.bin flag 1 data 41378
[   79.8786] open fd = -5
[   79.8794] open name host:/log.txt flag 302 data 41378
[   79.8811] open fd = 256
[   79.9007] open name host:/livepad.bin flag 1 data 41378
[   79.9021] open fd = -5
[   79.9187] open name host:/livepad.bin flag 1 data 41378
[   79.9200] open fd = -5
[   79.9360] open name host:/livepad.bin flag 1 data 41378
[   79.9401] open fd = -5
[   79.9569] open name host:/livepad.bin flag 1 data 41378
[   79.9585] open fd = -5
[   79.9588] open name host:/livedbg.cmd flag 1 data 41378
[   79.9598] open fd = -5
[   79.9606] open name host:/log.txt flag 302 data 41378
[   79.9623] open fd = 256
[   79.9810] open name host:/livepad.bin flag 1 data 41378
[   79.9822] open fd = -5
[   79.9987] open name host:/livepad.bin flag 1 data 41378
[   80.0001] open fd = -5
[   80.0164] open name host:/livepad.bin flag 1 data 41378
[   80.0177] open fd = -5
[   80.0345] open name host:/livepad.bin flag 1 data 41378
[   80.0357] open fd = -5
[   80.0524] open name host:/livepad.bin flag 1 data 41378
[   80.0537] open fd = -5
[   80.0702] open name host:/livepad.bin flag 1 data 41378
[   80.0716] open fd = -5
[   80.0719] open name host:/livedbg.cmd flag 1 data 41378
[   80.0729] open fd = -5
[   80.0897] open name host:/livepad.bin flag 1 data 41378
[   80.0910] open fd = -5
[   80.1076] open name host:/livepad.bin flag 1 data 41378
[   80.1088] open fd = -5
[   80.1265] open name host:/livepad.bin flag 1 data 41378
[   80.1278] open fd = -5
[   80.1306] open name host:/log.txt flag 302 data 41378
[   80.1321] open fd = 256
[   80.1474] open name host:/livepad.bin flag 1 data 41378
[   80.1487] open fd = -5
[   80.1662] open name host:/livepad.bin flag 1 data 41378
[   80.1675] open fd = -5
[   80.1850] open name host:/livepad.bin flag 1 data 41378
[   80.1862] open fd = -5
[   80.1864] open name host:/livedbg.cmd flag 1 data 41378
[   80.1880] open fd = -5
[   80.2055] open name host:/livepad.bin flag 1 data 41378
[   80.2067] open fd = -5
[   80.2234] open name host:/livepad.bin flag 1 data 41378
[   80.2248] open fd = -5
[   80.2415] open name host:/livepad.bin flag 1 data 41378
[   80.2426] open fd = -5
[   80.2609] open name host:/livepad.bin flag 1 data 41378
[   80.2621] open fd = -5
[   80.2788] open name host:/livepad.bin flag 1 data 41378
[   80.2802] open fd = -5
[   80.2965] open name host:/livepad.bin flag 1 data 41378
[   80.2978] open fd = -5
[   80.2980] open name host:/livedbg.cmd flag 1 data 41378
[   80.2991] open fd = -5
[   80.3173] open name host:/livepad.bin flag 1 data 41378
[   80.3187] open fd = -5
[   80.3365] open name host:/livepad.bin flag 1 data 41378
[   80.3377] open fd = -5
[   80.3541] open name host:/livepad.bin flag 1 data 41378
[   80.3553] open fd = -5
[   80.3563] open name host:/log.txt flag 302 data 41378
[   80.3579] open fd = 256
[   80.3766] open name host:/livepad.bin flag 1 data 41378
[   80.3780] open fd = -5
[   80.3954] open name host:/livepad.bin flag 1 data 41378
[   80.3965] open fd = -5
[   80.4130] open name host:/livepad.bin flag 1 data 41378
[   80.4142] open fd = -5
[   80.4146] open name host:/livedbg.cmd flag 1 data 41378
[   80.4156] open fd = -5
[   80.4321] open name host:/livepad.bin flag 1 data 41378
[   80.4334] open fd = -5
[   80.4495] open name host:/livepad.bin flag 1 data 41378
[   80.4506] open fd = -5
[   80.4668] open name host:/livepad.bin flag 1 data 41378
[   80.4680] open fd = -5
[   80.4845] open name host:/livepad.bin flag 1 data 41378
[   80.4856] open fd = -5
[   80.5025] open name host:/livepad.bin flag 1 data 41378
[   80.5036] open fd = -5
[   80.5216] open name host:/livepad.bin flag 1 data 41378
[   80.5229] open fd = -5
[   80.5231] open name host:/livedbg.cmd flag 1 data 41378
[   80.5242] open fd = -5
[   80.5395] open name host:/livepad.bin flag 1 data 41378
[   80.5407] open fd = -5
[   80.5580] open name host:/livepad.bin flag 1 data 41378
[   80.5594] open fd = -5
[   80.5766] open name host:/livepad.bin flag 1 data 41378
[   80.5778] open fd = -5
[   80.5963] open name host:/livepad.bin flag 1 data 41378
[   80.5975] open fd = -5
[   80.6141] open name host:/livepad.bin flag 1 data 41378
[   80.6153] open fd = -5
[   80.6321] open name host:/livepad.bin flag 1 data 41378
[   80.6334] open fd = -5
[   80.6339] open name host:/livedbg.cmd flag 1 data 41378
[   80.6349] open fd = -5
[   80.6527] open name host:/livepad.bin flag 1 data 41378
[   80.6539] open fd = -5
[   80.6709] open name host:/livepad.bin flag 1 data 41378
[   80.6725] open fd = -5
[   80.6908] open name host:/livepad.bin flag 1 data 41378
[   80.6919] open fd = -5
[   80.7077] open name host:/livepad.bin flag 1 data 41378
[   80.7089] open fd = -5
[   80.7254] open name host:/livepad.bin flag 1 data 41378
[   80.7268] open fd = -5
[   80.7432] open name host:/livepad.bin flag 1 data 41378
[   80.7443] open fd = -5
[   80.7446] open name host:/livedbg.cmd flag 1 data 41378
[   80.7456] open fd = -5
[   80.7619] open name host:/livepad.bin flag 1 data 41378
[   80.7632] open fd = -5
[   80.7805] open name host:/livepad.bin flag 1 data 41378
[   80.7818] open fd = -5
[   80.7982] open name host:/livepad.bin flag 1 data 41378
[   80.7995] open fd = -5
[   80.8159] open name host:/livepad.bin flag 1 data 41378
[   80.8171] open fd = -5
[   80.8177] open name host:/log.txt flag 302 data 41378
[   80.8194] open fd = 256
[   80.8363] open name host:/livepad.bin flag 1 data 41378
[   80.8375] open fd = -5
[   80.8391] open name host:/log.txt flag 302 data 41378
[   80.8407] open fd = 256
[   80.8570] open name host:/livepad.bin flag 1 data 41378
[   80.8582] open fd = -5
[   80.8584] open name host:/livedbg.cmd flag 1 data 41378
[   80.8594] open fd = -5
[   80.8762] open name host:/livepad.bin flag 1 data 41378
[   80.8775] open fd = -5
[   80.8936] open name host:/livepad.bin flag 1 data 41378
[   80.8948] open fd = -5
[   80.9124] open name host:/livepad.bin flag 1 data 41378
[   80.9136] open fd = -5
[   80.9316] open name host:/livepad.bin flag 1 data 41378
[   80.9329] open fd = -5
[   80.9502] open name host:/livepad.bin flag 1 data 41378
[   80.9515] open fd = -5
[   80.9686] open name host:/livepad.bin flag 1 data 41378
[   80.9697] open fd = -5
[   80.9700] open name host:/livedbg.cmd flag 1 data 41378
[   80.9709] open fd = -5
[   80.9881] open name host:/livepad.bin flag 1 data 41378
[   80.9895] open fd = -5
[   81.0063] open name host:/livepad.bin flag 1 data 41378
[   81.0075] open fd = -5
[   81.0242] open name host:/livepad.bin flag 1 data 41378
[   81.0255] open fd = -5
[   81.0435] open name host:/livepad.bin flag 1 data 41378
[   81.0449] open fd = -5
[   81.0612] open name host:/livepad.bin flag 1 data 41378
[   81.0623] open fd = -5
[   81.0654] open name host:/log.txt flag 302 data 41378
[   81.0669] open fd = 256
[   81.0830] open name host:/livepad.bin flag 1 data 41378
[   81.0843] open fd = -5
[   81.0847] open name host:/livedbg.cmd flag 1 data 41378
[   81.0857] open fd = -5
[   81.0866] open name host:/log.txt flag 302 data 41378
[   81.0880] open fd = 256
[   81.1049] open name host:/livepad.bin flag 1 data 41378
[   81.1062] open fd = -5
[   81.1224] open name host:/livepad.bin flag 1 data 41378
[   81.1236] open fd = -5
[   81.1403] open name host:/livepad.bin flag 1 data 41378
[   81.1418] open fd = -5
[   81.1591] open name host:/livepad.bin flag 1 data 41378
[   81.1605] open fd = -5
[   81.1768] open name host:/livepad.bin flag 1 data 41378
[   81.1782] open fd = -5
[   81.1949] open name host:/livepad.bin flag 1 data 41378
[   81.1961] open fd = -5
[   81.1964] open name host:/livedbg.cmd flag 1 data 41378
[   81.1974] open fd = -5
[   81.2136] open name host:/livepad.bin flag 1 data 41378
[   81.2147] open fd = -5
[   81.2328] open name host:/livepad.bin flag 1 data 41378
[   81.2338] open fd = -5
[   81.2508] open name host:/livepad.bin flag 1 data 41378
[   81.2520] open fd = -5
[   81.2684] open name host:/livepad.bin flag 1 data 41378
[   81.2700] open fd = -5
[   81.2860] open name host:/livepad.bin flag 1 data 41378
[   81.2877] open fd = -5
[   81.2883] open name host:/log.txt flag 302 data 41378
[   81.2903] open fd = 256
[   81.3088] open name host:/livepad.bin flag 1 data 41378
[   81.3100] open fd = -5
[   81.3102] open name host:/livedbg.cmd flag 1 data 41378
[   81.3114] open fd = -5
[   81.3272] open name host:/livepad.bin flag 1 data 41378
[   81.3285] open fd = -5
[   81.3458] open name host:/livepad.bin flag 1 data 41378
[   81.3470] open fd = -5
[   81.3636] open name host:/livepad.bin flag 1 data 41378
[   81.3649] open fd = -5
[   81.3814] open name host:/livepad.bin flag 1 data 41378
[   81.3825] open fd = -5
[   81.3986] open name host:/livepad.bin flag 1 data 41378
[   81.3997] open fd = -5
[   81.4173] open name host:/log.txt flag 302 data 41378
[   81.4194] open fd = 256
[   81.4220] open name host:/livepad.bin flag 1 data 41378
[   81.4232] open fd = -5
[   81.4234] open name host:/livedbg.cmd flag 1 data 41378
[   81.4245] open fd = -5
[   81.4403] open name host:/livepad.bin flag 1 data 41378
[   81.4417] open fd = -5
[   81.4596] open name host:/livepad.bin flag 1 data 41378
[   81.4610] open fd = -5
[   81.4773] open name host:/livepad.bin flag 1 data 41378
[   81.4786] open fd = -5
[   81.4963] open name host:/livepad.bin flag 1 data 41378
[   81.4976] open fd = -5
[   81.5138] open name host:/livepad.bin flag 1 data 41378
[   81.5150] open fd = -5
[   81.5317] open name host:/livepad.bin flag 1 data 41378
[   81.5330] open fd = -5
[   81.5333] open name host:/livedbg.cmd flag 1 data 41378
[   81.5343] open fd = -5
[   81.5526] open name host:/livepad.bin flag 1 data 41378
[   81.5538] open fd = -5
[   81.5702] open name host:/livepad.bin flag 1 data 41378
[   81.5714] open fd = -5
[   81.5893] open name host:/livepad.bin flag 1 data 41378
[   81.5906] open fd = -5
[   81.6062] open name host:/livepad.bin flag 1 data 41378
[   81.6077] open fd = -5
[   81.6245] open name host:/livepad.bin flag 1 data 41378
[   81.6256] open fd = -5
[   81.6423] open name host:/livepad.bin flag 1 data 41378
[   81.6434] open fd = -5
[   81.6436] open name host:/livedbg.cmd flag 1 data 41378
[   81.6447] open fd = -5
[   81.6605] open name host:/livepad.bin flag 1 data 41378
[   81.6616] open fd = -5
[   81.6798] open name host:/livepad.bin flag 1 data 41378
[   81.6810] open fd = -5
[   81.6970] open name host:/livepad.bin flag 1 data 41378
[   81.6981] open fd = -5
[   81.7153] open name host:/livepad.bin flag 1 data 41378
[   81.7164] open fd = -5
[   81.7334] open name host:/livepad.bin flag 1 data 41378
[   81.7346] open fd = -5
[   81.7513] open name host:/livepad.bin flag 1 data 41378
[   81.7528] open fd = -5
[   81.7531] open name host:/livedbg.cmd flag 1 data 41378
[   81.7542] open fd = -5
[   81.7551] open name host:/log.txt flag 302 data 41378
[   81.7568] open fd = 256
[   81.7753] open name host:/livepad.bin flag 1 data 41378
[   81.7765] open fd = -5
[   81.7926] open name host:/livepad.bin flag 1 data 41378
[   81.7939] open fd = -5
[   81.8110] FRAMEARENA frames=3720 peak=1037904 resets=6 fallbacks=0 maxFrameBytes=2731360 maxBorrowed=2120800 freeKiB=10369
[   81.8111] NATIVEVIF frames=3720 batches=3726
[   81.8113] ORDEREDFRAME frames=3720 splitFrames=4
[   81.8115] FRAMEPIPELINE starts=3720 dmaBusyStarts=1695
[   81.8117] open name host:/livepad.bin flag 1 data 41378
[   81.8131] open fd = -5
[   81.8281] open name host:/livepad.bin flag 1 data 41378
[   81.8293] open fd = -5
[   81.8462] open name host:/livepad.bin flag 1 data 41378
[   81.8473] open fd = -5
[   81.8637] open name host:/livepad.bin flag 1 data 41378
[   81.8648] open fd = -5
[   81.8651] open name host:/livedbg.cmd flag 1 data 41378
[   81.8662] open fd = -5
[   81.8827] open name host:/livepad.bin flag 1 data 41378
[   81.8840] open fd = -5
[   81.9006] open name host:/livepad.bin flag 1 data 41378
[   81.9019] open fd = -5
[   81.9189] open name host:/livepad.bin flag 1 data 41378
[   81.9202] open fd = -5
[   81.9380] open name host:/livepad.bin flag 1 data 41378
[   81.9394] open fd = -5
[   81.9577] open name host:/livepad.bin flag 1 data 41378
[   81.9591] open fd = -5
[   81.9752] open name host:/livepad.bin flag 1 data 41378
[   81.9764] open fd = -5
[   81.9766] open name host:/livedbg.cmd flag 1 data 41378
[   81.9778] open fd = -5
[   81.9968] open name host:/livepad.bin flag 1 data 41378
[   81.9982] open fd = -5
[   82.0008] open name host:/log.txt flag 302 data 41378
[   82.0024] open fd = 256
[   82.0191] open name host:/livepad.bin flag 1 data 41378
[   82.0203] open fd = -5
[   82.0372] open name host:/livepad.bin flag 1 data 41378
[   82.0386] open fd = -5
[   82.0546] open name host:/livepad.bin flag 1 data 41378
[   82.0560] open fd = -5
[   82.0723] open name host:/livepad.bin flag 1 data 41378
[   82.0737] open fd = -5
[   82.0904] open name host:/livepad.bin flag 1 data 41378
[   82.0915] open fd = -5
[   82.0919] open name host:/livedbg.cmd flag 1 data 41378
[   82.0929] open fd = -5
[   82.1104] open name host:/livepad.bin flag 1 data 41378
[   82.1115] open fd = -5
[   82.1276] open name host:/livepad.bin flag 1 data 41378
[   82.1287] open fd = -5
[   82.1457] open name host:/livepad.bin flag 1 data 41378
[   82.1470] open fd = -5
[   82.1633] open name host:/livepad.bin flag 1 data 41378
[   82.1645] open fd = -5
[   82.1809] open name host:/livepad.bin flag 1 data 41378
[   82.1822] open fd = -5
[   82.1994] open name host:/livepad.bin flag 1 data 41378
[   82.2007] open fd = -5
[   82.2011] open name host:/livedbg.cmd flag 1 data 41378
[   82.2022] open fd = -5
[   82.2029] open name host:/log.txt flag 302 data 41378
[   82.2043] open fd = 256
[   82.2219] open name host:/livepad.bin flag 1 data 41378
[   82.2232] open fd = -5
[   82.2239] open name host:/log.txt flag 302 data 41378
[   82.2254] open fd = 256
[   82.2426] open name host:/livepad.bin flag 1 data 41378
[   82.2438] open fd = -5
[   82.2605] open name host:/livepad.bin flag 1 data 41378
[   82.2619] open fd = -5
[   82.2797] open name host:/livepad.bin flag 1 data 41378
[   82.2810] open fd = -5
[   82.2969] open name host:/livepad.bin flag 1 data 41378
[   82.2984] open fd = -5
[   82.3146] open name host:/livepad.bin flag 1 data 41378
[   82.3157] open fd = -5
[   82.3160] open name host:/livedbg.cmd flag 1 data 41378
[   82.3172] open fd = -5
[   82.3332] open name host:/livepad.bin flag 1 data 41378
[   82.3344] open fd = -5
[   82.3511] open name host:/livepad.bin flag 1 data 41378
[   82.3522] open fd = -5
[   82.3691] open name host:/livepad.bin flag 1 data 41378
[   82.3703] open fd = -5
[   82.3866] open name host:/livepad.bin flag 1 data 41378
[   82.3877] open fd = -5
[   82.4066] open name host:/livepad.bin flag 1 data 41378
[   82.4077] open fd = -5
[   82.4253] open name host:/livepad.bin flag 1 data 41378
[   82.4265] open fd = -5
[   82.4267] open name host:/livedbg.cmd flag 1 data 41378
[   82.4278] open fd = -5
[   82.4442] open name host:/livepad.bin flag 1 data 41378
[   82.4456] open fd = -5
[   82.4645] open name host:/livepad.bin flag 1 data 41378
[   82.4657] open fd = -5
[   82.4834] open name host:/livepad.bin flag 1 data 41378
[   82.4845] open fd = -5
[   82.5017] open name host:/livepad.bin flag 1 data 41378
[   82.5030] open fd = -5
[   82.5196] open name host:/livepad.bin flag 1 data 41378
[   82.5207] open fd = -5
[   82.5379] open name host:/livepad.bin flag 1 data 41378
[   82.5391] open fd = -5
[   82.5394] open name host:/livedbg.cmd flag 1 data 41378
[   82.5404] open fd = -5
[   82.5585] open name host:/livepad.bin flag 1 data 41378
[   82.5599] open fd = -5
[   82.5768] open name host:/livepad.bin flag 1 data 41378
[   82.5779] open fd = -5
[   82.5959] open name host:/livepad.bin flag 1 data 41378
[   82.5971] open fd = -5
[   82.6154] open name host:/livepad.bin flag 1 data 41378
[   82.6167] open fd = -5
[   82.6330] open name host:/livepad.bin flag 1 data 41378
[   82.6347] open fd = -5
[   82.6506] open name host:/livepad.bin flag 1 data 41378
[   82.6518] open fd = -5
[   82.6522] open name host:/livedbg.cmd flag 1 data 41378
[   82.6532] open fd = -5
[   82.6715] open name host:/livepad.bin flag 1 data 41378
[   82.6727] open fd = -5
[   82.6916] open name host:/livepad.bin flag 1 data 41378
[   82.6929] open fd = -5
[   82.6935] open name host:/log.txt flag 302 data 41378
[   82.6951] open fd = 256
[   82.7165] open name host:/livepad.bin flag 1 data 41378
[   82.7177] open fd = -5
[   82.7341] open name host:/livepad.bin flag 1 data 41378
[   82.7352] open fd = -5
[   82.7526] open name host:/livepad.bin flag 1 data 41378
[   82.7537] open fd = -5
[   82.7736] open name host:/livepad.bin flag 1 data 41378
[   82.7748] open fd = -5
[   82.7751] open name host:/livedbg.cmd flag 1 data 41378
[   82.7760] open fd = -5
[   82.7940] open name host:/livepad.bin flag 1 data 41378
[   82.7952] open fd = -5
[   82.8121] open name host:/livepad.bin flag 1 data 41378
[   82.8135] open fd = -5
[   82.8302] open name host:/livepad.bin flag 1 data 41378
[   82.8314] open fd = -5
[   82.8496] open name host:/livepad.bin flag 1 data 41378
[   82.8508] open fd = -5
[   82.8671] open name host:/livepad.bin flag 1 data 41378
[   82.8684] open fd = -5
[   82.8860] open name host:/livepad.bin flag 1 data 41378
[   82.8873] open fd = -5
[   82.8875] open name host:/livedbg.cmd flag 1 data 41378
[   82.8885] open fd = -5
[   82.9045] open name host:/livepad.bin flag 1 data 41378
[   82.9060] open fd = -5
[   82.9227] open name host:/livepad.bin flag 1 data 41378
[   82.9240] open fd = -5
[   82.9418] open name host:/livepad.bin flag 1 data 41378
[   82.9429] open fd = -5
[   82.9455] open name host:/log.txt flag 302 data 41378
[   82.9470] open fd = 256
[   82.9643] open name host:/livepad.bin flag 1 data 41378
[   82.9656] open fd = -5
[   82.9830] open name host:/livepad.bin flag 1 data 41378
[   82.9842] open fd = -5
[   83.0002] open name host:/livepad.bin flag 1 data 41378
[   83.0013] open fd = -5
[   83.0016] open name host:/livedbg.cmd flag 1 data 41378
[   83.0026] open fd = -5
[   83.0216] open name host:/livepad.bin flag 1 data 41378
[   83.0229] open fd = -5
[   83.0409] open name host:/livepad.bin flag 1 data 41378
[   83.0422] open fd = -5
[   83.0584] open name host:/livepad.bin flag 1 data 41378
[   83.0596] open fd = -5
[   83.0780] open name host:/livepad.bin flag 1 data 41378
[   83.0791] open fd = -5
[   83.0955] open name host:/livepad.bin flag 1 data 41378
[   83.0967] open fd = -5
[   83.1133] open name host:/livepad.bin flag 1 data 41378
[   83.1145] open fd = -5
[   83.1147] open name host:/livedbg.cmd flag 1 data 41378
[   83.1157] open fd = -5
[   83.1333] open name host:/livepad.bin flag 1 data 41378
[   83.1345] open fd = -5
[   83.1506] open name host:/livepad.bin flag 1 data 41378
[   83.1520] open fd = -5
[   83.1681] open name host:/livepad.bin flag 1 data 41378
[   83.1697] open fd = -5
[   83.1703] open name host:/log.txt flag 302 data 41378
[   83.1770] open fd = 256
[   83.1950] open name host:/livepad.bin flag 1 data 41378
[   83.1968] open fd = -5
[   83.2144] open name host:/livepad.bin flag 1 data 41378
[   83.2159] open fd = -5
[   83.2336] open name host:/livepad.bin flag 1 data 41378
[   83.2352] open fd = -5
[   83.2355] open name host:/livedbg.cmd flag 1 data 41378
[   83.2367] open fd = -5
[   83.2545] open name host:/livepad.bin flag 1 data 41378
[   83.2561] open fd = -5
[   83.2745] open name host:/livepad.bin flag 1 data 41378
[   83.2759] open fd = -5
[   83.2947] open name host:/livepad.bin flag 1 data 41378
[   83.2964] open fd = -5
[   83.3136] open name host:/livepad.bin flag 1 data 41378
[   83.3154] open fd = -5
[   83.3333] open name host:/livepad.bin flag 1 data 41378
[   83.3351] open fd = -5
[   83.3522] open name host:/livepad.bin flag 1 data 41378
[   83.3538] open fd = -5
[   83.3541] open name host:/livedbg.cmd flag 1 data 41378
[   83.3551] open fd = -5
[   83.3559] open name host:/log.txt flag 302 data 41378
[   83.3578] open fd = 256
[   83.3753] open name host:/livepad.bin flag 1 data 41378
[   83.3766] open fd = -5
[   83.3932] open name host:/livepad.bin flag 1 data 41378
[   83.3946] open fd = -5
[   83.4124] open name host:/livepad.bin flag 1 data 41378
[   83.4138] open fd = -5
[   83.4308] open name host:/livepad.bin flag 1 data 41378
[   83.4322] open fd = -5
[   83.4499] open name host:/livepad.bin flag 1 data 41378
[   83.4511] open fd = -5
[   83.4683] open name host:/livepad.bin flag 1 data 41378
[   83.4696] open fd = -5
[   83.4699] open name host:/livedbg.cmd flag 1 data 41378
[   83.4711] open fd = -5
[   83.4897] open name host:/livepad.bin flag 1 data 41378
[   83.4911] open fd = -5
[   83.5081] open name host:/livepad.bin flag 1 data 41378
[   83.5093] open fd = -5
[   83.5264] open name host:/livepad.bin flag 1 data 41378
[   83.5275] open fd = -5
[   83.5440] open name host:/livepad.bin flag 1 data 41378
[   83.5453] open fd = -5
[   83.5613] open name host:/livepad.bin flag 1 data 41378
[   83.5626] open fd = -5
[   83.5803] open name host:/livepad.bin flag 1 data 41378
[   83.5815] open fd = -5
[   83.5820] open name host:/livedbg.cmd flag 1 data 41378
[   83.5830] open fd = -5
[   83.5994] open name host:/livepad.bin flag 1 data 41378
[   83.6009] open fd = -5
[   83.6169] open name host:/livepad.bin flag 1 data 41378
[   83.6181] open fd = -5
[   83.6347] open name host:/livepad.bin flag 1 data 41378
[   83.6360] open fd = -5
[   83.6524] open name host:/livepad.bin flag 1 data 41378
[   83.6538] open fd = -5
[   83.6544] open name host:/log.txt flag 302 data 41378
[   83.6559] open fd = 256
[   83.6740] open name host:/livepad.bin flag 1 data 41378
[   83.6752] open fd = -5
[   83.6767] open name host:/log.txt flag 302 data 41378
[   83.6784] open fd = 256
[   83.6958] open name host:/livepad.bin flag 1 data 41378
[   83.6971] open fd = -5
[   83.6974] open name host:/livedbg.cmd flag 1 data 41378
[   83.6984] open fd = -5
[   83.7149] open name host:/livepad.bin flag 1 data 41378
[   83.7161] open fd = -5
[   83.7332] open name host:/livepad.bin flag 1 data 41378
[   83.7345] open fd = -5
[   83.7507] open name host:/livepad.bin flag 1 data 41378
[   83.7520] open fd = -5
[   83.7691] open name host:/livepad.bin flag 1 data 41378
[   83.7704] open fd = -5
[   83.7870] open name host:/livepad.bin flag 1 data 41378
[   83.7884] open fd = -5
[   83.8050] open name host:/livepad.bin flag 1 data 41378
[   83.8063] open fd = -5
[   83.8066] open name host:/livedbg.cmd flag 1 data 41378
[   83.8076] open fd = -5
[   83.8249] open name host:/livepad.bin flag 1 data 41378
[   83.8261] open fd = -5
[   83.8418] open name host:/livepad.bin flag 1 data 41378
[   83.8432] open fd = -5
[   83.8613] open name host:/livepad.bin flag 1 data 41378
[   83.8628] open fd = -5
[   83.8789] open name host:/livepad.bin flag 1 data 41378
[   83.8803] open fd = -5
[   83.8967] open name host:/livepad.bin flag 1 data 41378
[   83.8980] open fd = -5
[   83.9003] open name host:/log.txt flag 302 data 41378
[   83.9020] open fd = 256
[   83.9175] open name host:/livepad.bin flag 1 data 41378
[   83.9189] open fd = -5
[   83.9192] open name host:/livedbg.cmd flag 1 data 41378
[   83.9203] open fd = -5
[   83.9375] open name host:/livepad.bin flag 1 data 41378
[   83.9388] open fd = -5
[   83.9547] open name host:/livepad.bin flag 1 data 41378
[   83.9560] open fd = -5
[   83.9731] open name host:/livepad.bin flag 1 data 41378
[   83.9743] open fd = -5
[   83.9918] open name host:/livepad.bin flag 1 data 41378
[   83.9931] open fd = -5
[   84.0097] open name host:/livepad.bin flag 1 data 41378
[   84.0109] open fd = -5
[   84.0275] open name host:/livepad.bin flag 1 data 41378
[   84.0289] open fd = -5
[   84.0292] open name host:/livedbg.cmd flag 1 data 41378
[   84.0303] open fd = -5
[   84.0470] open name host:/livepad.bin flag 1 data 41378
[   84.0483] open fd = -5
[   84.0653] open name host:/livepad.bin flag 1 data 41378
[   84.0667] open fd = -5
[   84.0833] FRAMEARENA frames=3840 peak=1037904 resets=6 fallbacks=0 maxFrameBytes=2731360 maxBorrowed=2120800 freeKiB=10369
[   84.0835] NATIVEVIF frames=3840 batches=3846
[   84.0836] ORDEREDFRAME frames=3840 splitFrames=4
[   84.0838] FRAMEPIPELINE starts=3840 dmaBusyStarts=1788
[   84.0841] open name host:/livepad.bin flag 1 data 41378
[   84.0854] open fd = -5
[   84.1030] open name host:/livepad.bin flag 1 data 41378
[   84.1043] open fd = -5
[   84.1214] open name host:/livepad.bin flag 1 data 41378
[   84.1226] open fd = -5
[   84.1233] open name host:/log.txt flag 302 data 41378
[   84.1248] open fd = 256
[   84.1426] open name host:/livepad.bin flag 1 data 41378
[   84.1437] open fd = -5
[   84.1440] open name host:/livedbg.cmd flag 1 data 41378
[   84.1450] open fd = -5
[   84.1607] open name host:/livepad.bin flag 1 data 41378
[   84.1620] open fd = -5
[   84.1792] open name host:/livepad.bin flag 1 data 41378
[   84.1806] open fd = -5
[   84.1969] open name host:/livepad.bin flag 1 data 41378
[   84.1981] open fd = -5
[   84.2143] open name host:/livepad.bin flag 1 data 41378
[   84.2156] open fd = -5
[   84.2334] open name host:/livepad.bin flag 1 data 41378
[   84.2348] open fd = -5
[   84.2517] open name host:/livepad.bin flag 1 data 41378
[   84.2529] open fd = -5
[   84.2532] open name host:/livedbg.cmd flag 1 data 41378
[   84.2541] open fd = -5
[   84.2720] open name host:/livepad.bin flag 1 data 41378
[   84.2735] open fd = -5
[   84.2903] open name host:/livepad.bin flag 1 data 41378
[   84.2916] open fd = -5
[   84.3091] open name host:/livepad.bin flag 1 data 41378
[   84.3104] open fd = -5
[   84.3270] open name host:/livepad.bin flag 1 data 41378
[   84.3283] open fd = -5
[   84.3460] open name host:/livepad.bin flag 1 data 41378
[   84.3474] open fd = -5
[   84.3643] open name host:/livepad.bin flag 1 data 41378
[   84.3655] open fd = -5
[   84.3658] open name host:/livedbg.cmd flag 1 data 41378
[   84.3668] open fd = -5
[   84.3836] open name host:/livepad.bin flag 1 data 41378
[   84.3848] open fd = -5
[   84.4017] open name host:/livepad.bin flag 1 data 41378
[   84.4028] open fd = -5
[   84.4193] open name host:/livepad.bin flag 1 data 41378
[   84.4207] open fd = -5
[   84.4365] open name host:/livepad.bin flag 1 data 41378
[   84.4377] open fd = -5
[   84.4542] open name host:/livepad.bin flag 1 data 41378
[   84.4554] open fd = -5
[   84.4713] open name host:/livepad.bin flag 1 data 41378
[   84.4724] open fd = -5
[   84.4727] open name host:/livedbg.cmd flag 1 data 41378
[   84.4736] open fd = -5
[   84.4745] open name host:/log.txt flag 302 data 41378
[   84.4759] open fd = 256
[   84.4949] open name host:/livepad.bin flag 1 data 41378
[   84.4961] open fd = -5
[   84.5121] open name host:/livepad.bin flag 1 data 41378
[   84.5132] open fd = -5
[   84.5300] open name host:/livepad.bin flag 1 data 41378
[   84.5311] open fd = -5
[   84.5471] open name host:/livepad.bin flag 1 data 41378
[   84.5482] open fd = -5
[   84.5645] open name host:/livepad.bin flag 1 data 41378
[   84.5660] open fd = -5
[   84.5824] open name host:/livepad.bin flag 1 data 41378
[   84.5836] open fd = -5
[   84.5838] open name host:/livedbg.cmd flag 1 data 41378
[   84.5848] open fd = -5
[   84.5859] open name host:/log.txt flag 302 data 41378
[   84.5873] open fd = 256
[   84.6057] open name host:/livepad.bin flag 1 data 41378
[   84.6070] open fd = -5
[   84.6230] open name host:/livepad.bin flag 1 data 41378
[   84.6242] open fd = -5
[   84.6416] open name host:/livepad.bin flag 1 data 41378
[   84.6430] open fd = -5
[   84.6603] open name host:/livepad.bin flag 1 data 41378
[   84.6615] open fd = -5
[   84.6797] open name host:/livepad.bin flag 1 data 41378
[   84.6809] open fd = -5
[   84.6994] open name host:/livepad.bin flag 1 data 41378
[   84.7007] open fd = -5
[   84.7010] open name host:/livedbg.cmd flag 1 data 41378
[   84.7021] open fd = -5
[   84.7197] open name host:/livepad.bin flag 1 data 41378
[   84.7208] open fd = -5
[   84.7371] open name host:/livepad.bin flag 1 data 41378
[   84.7385] open fd = -5
[   84.7558] open name host:/livepad.bin flag 1 data 41378
[   84.7570] open fd = -5
[   84.7738] open name host:/livepad.bin flag 1 data 41378
[   84.7750] open fd = -5
[   84.7917] open name host:/livepad.bin flag 1 data 41378
[   84.7932] open fd = -5
[   84.8101] open name host:/livepad.bin flag 1 data 41378
[   84.8112] open fd = -5
[   84.8115] open name host:/livedbg.cmd flag 1 data 41378
[   84.8124] open fd = -5
[   84.8289] open name host:/livepad.bin flag 1 data 41378
[   84.8302] open fd = -5
[   84.8328] open name host:/log.txt flag 302 data 41378
[   84.8345] open fd = 256
[   84.8500] open name host:/livepad.bin flag 1 data 41378
[   84.8510] open fd = -5
[   84.8675] open name host:/livepad.bin flag 1 data 41378
[   84.8686] open fd = -5
[   84.8853] open name host:/livepad.bin flag 1 data 41378
[   84.8865] open fd = -5
[   84.9022] open name host:/livepad.bin flag 1 data 41378
[   84.9033] open fd = -5
[   84.9200] open name host:/livepad.bin flag 1 data 41378
[   84.9213] open fd = -5
[   84.9217] open name host:/livedbg.cmd flag 1 data 41378
[   84.9230] open fd = -5
[   84.9402] open name host:/livepad.bin flag 1 data 41378
[   84.9414] open fd = -5
[   84.9586] open name host:/livepad.bin flag 1 data 41378
[   84.9597] open fd = -5
[   84.9758] open name host:/livepad.bin flag 1 data 41378
[   84.9772] open fd = -5
[   84.9934] open name host:/livepad.bin flag 1 data 41378
[   84.9950] open fd = -5
[   85.0114] open name host:/livepad.bin flag 1 data 41378
[   85.0126] open fd = -5
[   85.0292] open name host:/livepad.bin flag 1 data 41378
[   85.0304] open fd = -5
[   85.0309] open name host:/livedbg.cmd flag 1 data 41378
[   85.0320] open fd = -5
[   85.0486] open name host:/livepad.bin flag 1 data 41378
[   85.0499] open fd = -5
[   85.0506] open name host:/log.txt flag 302 data 41378
[   85.0523] open fd = 256
[   85.0707] open name host:/livepad.bin flag 1 data 41378
[   85.0719] open fd = -5
[   85.0892] open name host:/livepad.bin flag 1 data 41378
[   85.0906] open fd = -5
[   85.1068] open name host:/livepad.bin flag 1 data 41378
[   85.1081] open fd = -5
[   85.1246] open name host:/livepad.bin flag 1 data 41378
[   85.1259] open fd = -5
[   85.1423] open name host:/livepad.bin flag 1 data 41378
[   85.1435] open fd = -5
[   85.1437] open name host:/livedbg.cmd flag 1 data 41378
[   85.1447] open fd = -5
[   85.1626] open name host:/livepad.bin flag 1 data 41378
[   85.1638] open fd = -5
[   85.1804] open name host:/livepad.bin flag 1 data 41378
[   85.1818] open fd = -5
[   85.1995] open name host:/livepad.bin flag 1 data 41378
[   85.2006] open fd = -5
[   85.2178] open name host:/livepad.bin flag 1 data 41378
[   85.2191] open fd = -5
[   85.2362] open name host:/livepad.bin flag 1 data 41378
[   85.2374] open fd = -5
[   85.2541] open name host:/livepad.bin flag 1 data 41378
[   85.2552] open fd = -5
[   85.2555] open name host:/livedbg.cmd flag 1 data 41378
[   85.2564] open fd = -5
[   85.2747] open name host:/livepad.bin flag 1 data 41378
[   85.2761] open fd = -5
[   85.2932] open name host:/livepad.bin flag 1 data 41378
[   85.2945] open fd = -5
[   85.3108] open name host:/livepad.bin flag 1 data 41378
[   85.3122] open fd = -5
[   85.3294] open name host:/livepad.bin flag 1 data 41378
[   85.3305] open fd = -5
[   85.3472] open name host:/livepad.bin flag 1 data 41378
[   85.3485] open fd = -5
[   85.3647] open name host:/livepad.bin flag 1 data 41378
[   85.3660] open fd = -5
[   85.3663] open name host:/livedbg.cmd flag 1 data 41378
[   85.3673] open fd = -5
[   85.3842] open name host:/livepad.bin flag 1 data 41378
[   85.3856] open fd = -5
[   85.4022] open name host:/livepad.bin flag 1 data 41378
[   85.4034] open fd = -5
[   85.4203] open name host:/livepad.bin flag 1 data 41378
[   85.4216] open fd = -5
[   85.4392] open name host:/livepad.bin flag 1 data 41378
[   85.4405] open fd = -5
[   85.4577] open name host:/livepad.bin flag 1 data 41378
[   85.4589] open fd = -5
[   85.4770] open name host:/livepad.bin flag 1 data 41378
[   85.4783] open fd = -5
[   85.4785] open name host:/livedbg.cmd flag 1 data 41378
[   85.4797] open fd = -5
[   85.4958] open name host:/livepad.bin flag 1 data 41378
[   85.4971] open fd = -5
[   85.5137] open name host:/livepad.bin flag 1 data 41378
[   85.5149] open fd = -5
[   85.5155] open name host:/log.txt flag 302 data 41378
[   85.5174] open fd = 256
[   85.5350] open name host:/livepad.bin flag 1 data 41378
[   85.5361] open fd = -5
[   85.5538] open name host:/livepad.bin flag 1 data 41378
[   85.5553] open fd = -5
[   85.5714] open name host:/livepad.bin flag 1 data 41378
[   85.5726] open fd = -5
[   85.5890] open name host:/livepad.bin flag 1 data 41378
[   85.5905] open fd = -5
[   85.5909] open name host:/livedbg.cmd flag 1 data 41378
[   85.5919] open fd = -5
[   85.5927] open name host:/log.txt flag 302 data 41378
[   85.5942] open fd = 256
[   85.6125] open name host:/livepad.bin flag 1 data 41378
[   85.6138] open fd = -5
[   85.6299] open name host:/livepad.bin flag 1 data 41378
[   85.6310] open fd = -5
[   85.6473] open name host:/livepad.bin flag 1 data 41378
[   85.6485] open fd = -5
[   85.6652] open name host:/livepad.bin flag 1 data 41378
[   85.6663] open fd = -5
[   85.6828] open name host:/livepad.bin flag 1 data 41378
[   85.6841] open fd = -5
[   85.7000] open name host:/livepad.bin flag 1 data 41378
[   85.7012] open fd = -5
[   85.7015] open name host:/livedbg.cmd flag 1 data 41378
[   85.7026] open fd = -5
[   85.7185] open name host:/livepad.bin flag 1 data 41378
[   85.7196] open fd = -5
[   85.7356] open name host:/livepad.bin flag 1 data 41378
[   85.7369] open fd = -5
[   85.7533] open name host:/livepad.bin flag 1 data 41378
[   85.7546] open fd = -5
[   85.7573] open name host:/log.txt flag 302 data 41378
[   85.7591] open fd = 256
[   85.7757] open name host:/livepad.bin flag 1 data 41378
[   85.7769] open fd = -5
[   85.7930] open name host:/livepad.bin flag 1 data 41378
[   85.7942] open fd = -5
[   85.8103] open name host:/livepad.bin flag 1 data 41378
[   85.8116] open fd = -5
[   85.8120] open name host:/livedbg.cmd flag 1 data 41378
[   85.8131] open fd = -5
[   85.8292] open name host:/livepad.bin flag 1 data 41378
[   85.8303] open fd = -5
[   85.8469] open name host:/livepad.bin flag 1 data 41378
[   85.8481] open fd = -5
[   85.8650] open name host:/livepad.bin flag 1 data 41378
[   85.8661] open fd = -5
[   85.8824] open name host:/livepad.bin flag 1 data 41378
[   85.8837] open fd = -5
[   85.9003] open name host:/livepad.bin flag 1 data 41378
[   85.9018] open fd = -5
[   85.9186] open name host:/livepad.bin flag 1 data 41378
[   85.9197] open fd = -5
[   85.9201] open name host:/livedbg.cmd flag 1 data 41378
[   85.9211] open fd = -5
[   85.9373] open name host:/livepad.bin flag 1 data 41378
[   85.9386] open fd = -5
[   85.9552] open name host:/livepad.bin flag 1 data 41378
[   85.9564] open fd = -5
[   85.9734] open name host:/livepad.bin flag 1 data 41378
[   85.9747] open fd = -5
[   85.9754] open name host:/log.txt flag 302 data 41378
[   85.9771] open fd = 256
[   85.9939] open name host:/livepad.bin flag 1 data 41378
[   85.9953] open fd = -5
[   86.0124] open name host:/livepad.bin flag 1 data 41378
[   86.0135] open fd = -5
[   86.0305] open name host:/livepad.bin flag 1 data 41378
[   86.0316] open fd = -5
[   86.0318] open name host:/livedbg.cmd flag 1 data 41378
[   86.0329] open fd = -5
[   86.0494] open name host:/livepad.bin flag 1 data 41378
[   86.0511] open fd = -5
[   86.0680] open name host:/livepad.bin flag 1 data 41378
[   86.0692] open fd = -5
[   86.0859] open name host:/livepad.bin flag 1 data 41378
[   86.0870] open fd = -5
[   86.1035] open name host:/livepad.bin flag 1 data 41378
[   86.1047] open fd = -5
[   86.1212] open name host:/livepad.bin flag 1 data 41378
[   86.1223] open fd = -5
[   86.1404] open name host:/livepad.bin flag 1 data 41378
[   86.1416] open fd = -5
[   86.1418] open name host:/livedbg.cmd flag 1 data 41378
[   86.1429] open fd = -5
[   86.1589] open name host:/livepad.bin flag 1 data 41378
[   86.1600] open fd = -5
[   86.1765] open name host:/livepad.bin flag 1 data 41378
[   86.1776] open fd = -5
[   86.1934] open name host:/livepad.bin flag 1 data 41378
[   86.1946] open fd = -5
[   86.2111] open name host:/livepad.bin flag 1 data 41378
[   86.2124] open fd = -5
[   86.2300] open name host:/livepad.bin flag 1 data 41378
[   86.2312] open fd = -5
[   86.2472] open name host:/livepad.bin flag 1 data 41378
[   86.2484] open fd = -5
[   86.2487] open name host:/livedbg.cmd flag 1 data 41378
[   86.2496] open fd = -5
[   86.2653] open name host:/livepad.bin flag 1 data 41378
[   86.2664] open fd = -5
[   86.2838] open name host:/livepad.bin flag 1 data 41378
[   86.2850] open fd = -5
[   86.3025] FRAMEARENA frames=3960 peak=1037904 resets=6 fallbacks=0 maxFrameBytes=2731360 maxBorrowed=2120800 freeKiB=10369
[   86.3027] NATIVEVIF frames=3960 batches=3966
[   86.3028] ORDEREDFRAME frames=3960 splitFrames=4
[   86.3030] FRAMEPIPELINE starts=3960 dmaBusyStarts=1885
[   86.3032] open name host:/livepad.bin flag 1 data 41378
[   86.3046] open fd = -5
[   86.3202] open name host:/livepad.bin flag 1 data 41378
[   86.3214] open fd = -5
[   86.3377] open name host:/livepad.bin flag 1 data 41378
[   86.3390] open fd = -5
[   86.3553] open name host:/livepad.bin flag 1 data 41378
[   86.3564] open fd = -5
[   86.3567] open name host:/livedbg.cmd flag 1 data 41378
[   86.3578] open fd = -5
[   86.3753] open name host:/livepad.bin flag 1 data 41378
[   86.3768] open fd = -5
[   86.3939] open name host:/livepad.bin flag 1 data 41378
[   86.3953] open fd = -5
[   86.4135] open name host:/livepad.bin flag 1 data 41378
[   86.4149] open fd = -5
[   86.4327] open name host:/livepad.bin flag 1 data 41378
[   86.4340] open fd = -5
[   86.4347] open name host:/log.txt flag 302 data 41378
[   86.4365] open fd = 256
[   86.4545] open name host:/livepad.bin flag 1 data 41378
[   86.4558] open fd = -5
[   86.4572] open name host:/log.txt flag 302 data 41378
[   86.4588] open fd = 256
[   86.4759] open name host:/livepad.bin flag 1 data 41378
[   86.4770] open fd = -5
[   86.4772] open name host:/livedbg.cmd flag 1 data 41378
[   86.4784] open fd = -5
[   86.4954] open name host:/livepad.bin flag 1 data 41378
[   86.4966] open fd = -5
[   86.5130] open name host:/livepad.bin flag 1 data 41378
[   86.5143] open fd = -5
[   86.5308] open name host:/livepad.bin flag 1 data 41378
[   86.5320] open fd = -5
[   86.5481] open name host:/livepad.bin flag 1 data 41378
[   86.5495] open fd = -5
[   86.5663] open name host:/livepad.bin flag 1 data 41378
[   86.5676] open fd = -5
[   86.5844] open name host:/livepad.bin flag 1 data 41378
[   86.5862] open fd = -5
[   86.5867] open name host:/livedbg.cmd flag 1 data 41378
[   86.5876] open fd = -5
[   86.6036] open name host:/livepad.bin flag 1 data 41378
[   86.6050] open fd = -5
[   86.6219] open name host:/livepad.bin flag 1 data 41378
[   86.6231] open fd = -5
[   86.6393] open name host:/livepad.bin flag 1 data 41378
[   86.6405] open fd = -5
[   86.6572] open name host:/livepad.bin flag 1 data 41378
[   86.6583] open fd = -5
[   86.6753] open name host:/livepad.bin flag 1 data 41378
[   86.6764] open fd = -5
[   86.6791] open name host:/log.txt flag 302 data 41378
[   86.6806] open fd = 256
[   86.6966] open name host:/livepad.bin flag 1 data 41378
[   86.6979] open fd = -5
[   86.6982] open name host:/livedbg.cmd flag 1 data 41378
[   86.6992] open fd = -5
[   86.7002] open name host:/log.txt flag 302 data 41378
[   86.7018] open fd = 256
[   86.7209] open name host:/livepad.bin flag 1 data 41378
[   86.7221] open fd = -5
[   86.7389] open name host:/livepad.bin flag 1 data 41378
[   86.7400] open fd = -5
[   86.7564] open name host:/livepad.bin flag 1 data 41378
[   86.7577] open fd = -5
[   86.7772] open name host:/livepad.bin flag 1 data 41378
[   86.7785] open fd = -5
[   86.7957] open name host:/livepad.bin flag 1 data 41378
[   86.7971] open fd = -5
[   86.8134] open name host:/livepad.bin flag 1 data 41378
[   86.8146] open fd = -5
[   86.8151] open name host:/livedbg.cmd flag 1 data 41378
[   86.8161] open fd = -5
[   86.8326] open name host:/livepad.bin flag 1 data 41378
[   86.8338] open fd = -5
[   86.8502] open name host:/livepad.bin flag 1 data 41378
[   86.8513] open fd = -5
[   86.8690] open name host:/livepad.bin flag 1 data 41378
[   86.8705] open fd = -5
[   86.8873] open name host:/livepad.bin flag 1 data 41378
[   86.8884] open fd = -5
[   86.9050] open name host:/livepad.bin flag 1 data 41378
[   86.9064] open fd = -5
[   86.9070] open name host:/log.txt flag 302 data 41378
[   86.9088] open fd = 256
[   86.9261] open name host:/livepad.bin flag 1 data 41378
[   86.9273] open fd = -5
[   86.9276] open name host:/livedbg.cmd flag 1 data 41378
[   86.9286] open fd = -5
[   86.9453] open name host:/livepad.bin flag 1 data 41378
[   86.9465] open fd = -5
[   86.9626] open name host:/livepad.bin flag 1 data 41378
[   86.9638] open fd = -5
[   86.9801] open name host:/livepad.bin flag 1 data 41378
[   86.9813] open fd = -5
[   86.9976] open name host:/livepad.bin flag 1 data 41378
[   86.9987] open fd = -5
[   87.0151] open name host:/livepad.bin flag 1 data 41378
[   87.0162] open fd = -5
[   87.0324] open name host:/livepad.bin flag 1 data 41378
[   87.0335] open fd = -5
[   87.0337] open name host:/livedbg.cmd flag 1 data 41378
[   87.0350] open fd = -5
[   87.0508] open name host:/livepad.bin flag 1 data 41378
[   87.0523] open fd = -5
[   87.0694] open name host:/livepad.bin flag 1 data 41378
[   87.0706] open fd = -5
[   87.0866] open name host:/livepad.bin flag 1 data 41378
[   87.0879] open fd = -5
[   87.1040] open name host:/livepad.bin flag 1 data 41378
[   87.1054] open fd = -5
[   87.1214] open name host:/livepad.bin flag 1 data 41378
[   87.1229] open fd = -5
[   87.1400] open name host:/livepad.bin flag 1 data 41378
[   87.1413] open fd = -5
[   87.1415] open name host:/livedbg.cmd flag 1 data 41378
[   87.1425] open fd = -5
[   87.1608] open name host:/livepad.bin flag 1 data 41378
[   87.1621] open fd = -5
[   87.1784] open name host:/livepad.bin flag 1 data 41378
[   87.1798] open fd = -5
[   87.1962] open name host:/livepad.bin flag 1 data 41378
[   87.1976] open fd = -5
[   87.2147] open name host:/livepad.bin flag 1 data 41378
[   87.2161] open fd = -5
[   87.2336] open name host:/livepad.bin flag 1 data 41378
[   87.2349] open fd = -5
[   87.2517] open name host:/livepad.bin flag 1 data 41378
[   87.2532] open fd = -5
[   87.2535] open name host:/livedbg.cmd flag 1 data 41378
[   87.2545] open fd = -5
[   87.2711] open name host:/livepad.bin flag 1 data 41378
[   87.2724] open fd = -5
[   87.2888] open name host:/livepad.bin flag 1 data 41378
[   87.2901] open fd = -5
[   87.3071] open name host:/livepad.bin flag 1 data 41378
[   87.3085] open fd = -5
[   87.3247] open name host:/livepad.bin flag 1 data 41378
[   87.3259] open fd = -5
[   87.3429] open name host:/livepad.bin flag 1 data 41378
[   87.3443] open fd = -5
[   87.3603] open name host:/livepad.bin flag 1 data 41378
[   87.3615] open fd = -5
[   87.3618] open name host:/livedbg.cmd flag 1 data 41378
[   87.3628] open fd = -5
[   87.3638] open name host:/log.txt flag 302 data 41378
[   87.3655] open fd = 256
[   87.3842] open name host:/livepad.bin flag 1 data 41378
[   87.3854] open fd = -5
[   87.4031] open name host:/livepad.bin flag 1 data 41378
[   87.4044] open fd = -5
[   87.4228] open name host:/livepad.bin flag 1 data 41378
[   87.4243] open fd = -5
[   87.4426] open name host:/livepad.bin flag 1 data 41378
[   87.4440] open fd = -5
[   87.4641] open name host:/livepad.bin flag 1 data 41378
[   87.4655] open fd = -5
[   87.4834] open name host:/livepad.bin flag 1 data 41378
[   87.4849] open fd = -5
[   87.4855] open name host:/livedbg.cmd flag 1 data 41378
[   87.4865] open fd = -5
[   87.5061] open name host:/livepad.bin flag 1 data 41378
[   87.5074] open fd = -5
[   87.5273] open name host:/livepad.bin flag 1 data 41378
[   87.5287] open fd = -5
[   87.5468] open name host:/livepad.bin flag 1 data 41378
[   87.5485] open fd = -5
[   87.5665] open name host:/livepad.bin flag 1 data 41378
[   87.5679] open fd = -5
[   87.5851] open name host:/livepad.bin flag 1 data 41378
[   87.5866] open fd = -5
[   87.6063] open name host:/livepad.bin flag 1 data 41378
[   87.6077] open fd = -5
[   87.6080] open name host:/livedbg.cmd flag 1 data 41378
[   87.6092] open fd = -5
[   87.6262] open name host:/livepad.bin flag 1 data 41378
[   87.6275] open fd = -5
[   87.6302] open name host:/log.txt flag 302 data 41378
[   87.6320] open fd = 256
[   87.6489] open name host:/livepad.bin flag 1 data 41378
[   87.6501] open fd = -5
[   87.6667] open name host:/livepad.bin flag 1 data 41378
[   87.6679] open fd = -5
[   87.6850] open name host:/livepad.bin flag 1 data 41378
[   87.6862] open fd = -5
[   87.7058] open name host:/livepad.bin flag 1 data 41378
[   87.7070] open fd = -5
[   87.7252] open name host:/livepad.bin flag 1 data 41378
[   87.7265] open fd = -5
[   87.7268] open name host:/livedbg.cmd flag 1 data 41378
[   87.7278] open fd = -5
[   87.7459] open name host:/livepad.bin flag 1 data 41378
[   87.7474] open fd = -5
[   87.7664] open name host:/livepad.bin flag 1 data 41378
[   87.7676] open fd = -5
[   87.7837] open name host:/livepad.bin flag 1 data 41378
[   87.7849] open fd = -5
[   87.8020] open name host:/livepad.bin flag 1 data 41378
[   87.8036] open fd = -5
[   87.8225] open name host:/livepad.bin flag 1 data 41378
[   87.8238] open fd = -5
[   87.8412] open name host:/livepad.bin flag 1 data 41378
[   87.8425] open fd = -5
[   87.8427] open name host:/livedbg.cmd flag 1 data 41378
[   87.8438] open fd = -5
[   87.8450] open name host:/log.txt flag 302 data 41378
[   87.8466] open fd = 256
[   87.8641] open name host:/livepad.bin flag 1 data 41378
[   87.8654] open fd = -5
[   87.8662] open name host:/log.txt flag 302 data 41378
[   87.8677] open fd = 256
[   87.8854] open name host:/livepad.bin flag 1 data 41378
[   87.8868] open fd = -5
[   87.9036] open name host:/livepad.bin flag 1 data 41378
[   87.9049] open fd = -5
[   87.9219] open name host:/livepad.bin flag 1 data 41378
[   87.9231] open fd = -5
[   87.9396] open name host:/livepad.bin flag 1 data 41378
[   87.9409] open fd = -5
[   87.9600] open name host:/livepad.bin flag 1 data 41378
[   87.9613] open fd = -5
[   87.9618] open name host:/livedbg.cmd flag 1 data 41378
[   87.9630] open fd = -5
[   87.9816] open name host:/livepad.bin flag 1 data 41378
[   87.9872] open fd = -5
[   88.0036] open name host:/livepad.bin flag 1 data 41378
[   88.0048] open fd = -5
[   88.0216] open name host:/livepad.bin flag 1 data 41378
[   88.0228] open fd = -5
[   88.0412] open name host:/livepad.bin flag 1 data 41378
[   88.0425] open fd = -5
[   88.0588] open name host:/livepad.bin flag 1 data 41378
[   88.0601] open fd = -5
[   88.0777] open name host:/livepad.bin flag 1 data 41378
[   88.0789] open fd = -5
[   88.0792] open name host:/livedbg.cmd flag 1 data 41378
[   88.0802] open fd = -5
[   88.0967] open name host:/livepad.bin flag 1 data 41378
[   88.0979] open fd = -5
[   88.1142] open name host:/livepad.bin flag 1 data 41378
[   88.1154] open fd = -5
[   88.1315] open name host:/livepad.bin flag 1 data 41378
[   88.1329] open fd = -5
[   88.1511] open name host:/livepad.bin flag 1 data 41378
[   88.1523] open fd = -5
[   88.1698] open name host:/livepad.bin flag 1 data 41378
[   88.1711] open fd = -5
[   88.1873] open name host:/livepad.bin flag 1 data 41378
[   88.1888] open fd = -5
[   88.1892] open name host:/livedbg.cmd flag 1 data 41378
[   88.1904] open fd = -5
[   88.2065] open name host:/livepad.bin flag 1 data 41378
[   88.2077] open fd = -5
[   88.2241] open name host:/livepad.bin flag 1 data 41378
[   88.2253] open fd = -5
[   88.2418] open name host:/livepad.bin flag 1 data 41378
[   88.2430] open fd = -5
[   88.2602] open name host:/livepad.bin flag 1 data 41378
[   88.2614] open fd = -5
[   88.2784] open name host:/livepad.bin flag 1 data 41378
[   88.2796] open fd = -5
[   88.2957] open name host:/livepad.bin flag 1 data 41378
[   88.2969] open fd = -5
[   88.2972] open name host:/livedbg.cmd flag 1 data 41378
[   88.2982] open fd = -5
[   88.3170] open name host:/livepad.bin flag 1 data 41378
[   88.3182] open fd = -5
[   88.3351] open name host:/livepad.bin flag 1 data 41378
[   88.3365] open fd = -5
[   88.3372] open name host:/log.txt flag 302 data 41378
[   88.3390] open fd = 256
[   88.3573] open name host:/livepad.bin flag 1 data 41378
[   88.3585] open fd = -5
[   88.3757] open name host:/livepad.bin flag 1 data 41378
[   88.3769] open fd = -5
[   88.3937] open name host:/livepad.bin flag 1 data 41378
[   88.3952] open fd = -5
[   88.4165] open name host:/livepad.bin flag 1 data 41378
[   88.4182] open fd = -5
[   88.4184] open name host:/livedbg.cmd flag 1 data 41378
[   88.4194] open fd = -5
[   88.4369] open name host:/livepad.bin flag 1 data 41378
[   88.4380] open fd = -5
[   88.4544] open name host:/livepad.bin flag 1 data 41378
[   88.4556] open fd = -5
[   88.4710] open name host:/livepad.bin flag 1 data 41378
[   88.4723] open fd = -5
[   88.4891] open name host:/livepad.bin flag 1 data 41378
[   88.4905] open fd = -5
[   88.5068] open name host:/livepad.bin flag 1 data 41378
[   88.5080] open fd = -5
[   88.5250] open name host:/livepad.bin flag 1 data 41378
[   88.5262] open fd = -5
[   88.5265] open name host:/livedbg.cmd flag 1 data 41378
[   88.5277] open fd = -5
[   88.5450] open name host:/livepad.bin flag 1 data 41378
[   88.5461] open fd = -5
[   88.5621] open name host:/livepad.bin flag 1 data 41378
[   88.5635] open fd = -5
[   88.5811] FRAMEARENA frames=4080 peak=1037904 resets=6 fallbacks=0 maxFrameBytes=2731360 maxBorrowed=2120800 freeKiB=10369
[   88.5813] NATIVEVIF frames=4080 batches=4086
[   88.5815] ORDEREDFRAME frames=4080 splitFrames=4
[   88.5817] FRAMEPIPELINE starts=4080 dmaBusyStarts=1979
[   88.5820] open name host:/livepad.bin flag 1 data 41378
[   88.5832] open fd = -5
[   88.5853] open name host:/log.txt flag 302 data 41378
[   88.5867] open fd = 256
[   88.6030] open name host:/livepad.bin flag 1 data 41378
[   88.6045] open fd = -5
[   88.6215] open name host:/livepad.bin flag 1 data 41378
[   88.6227] open fd = -5
[   88.6407] open name host:/livepad.bin flag 1 data 41378
[   88.6418] open fd = -5
[   88.6421] open name host:/livedbg.cmd flag 1 data 41378
[   88.6430] open fd = -5
[   88.6601] open name host:/livepad.bin flag 1 data 41378
[   88.6617] open fd = -5
[   88.6779] open name host:/livepad.bin flag 1 data 41378
[   88.6791] open fd = -5
[   88.6956] open name host:/livepad.bin flag 1 data 41378
[   88.6970] open fd = -5
[   88.7144] open name host:/livepad.bin flag 1 data 41378
[   88.7157] open fd = -5
[   88.7323] open name host:/livepad.bin flag 1 data 41378
[   88.7335] open fd = -5
[   88.7506] open name host:/livepad.bin flag 1 data 41378
[   88.7518] open fd = -5
[   88.7520] open name host:/livedbg.cmd flag 1 data 41378
[   88.7530] open fd = -5
[   88.7708] open name host:/livepad.bin flag 1 data 41378
[   88.7721] open fd = -5
[   88.7892] open name host:/livepad.bin flag 1 data 41378
[   88.7907] open fd = -5
[   88.8072] open name host:/livepad.bin flag 1 data 41378
[   88.8087] open fd = -5
[   88.8092] open name host:/log.txt flag 302 data 41378
[   88.8109] open fd = 256
[   88.8287] open name host:/livepad.bin flag 1 data 41378
[   88.8300] open fd = -5
[   88.8471] open name host:/livepad.bin flag 1 data 41378
[   88.8484] open fd = -5
[   88.8650] open name host:/livepad.bin flag 1 data 41378
[   88.8662] open fd = -5
[   88.8664] open name host:/livedbg.cmd flag 1 data 41378
[   88.8677] open fd = -5
[   88.8843] open name host:/livepad.bin flag 1 data 41378
[   88.8855] open fd = -5
[   88.9023] open name host:/livepad.bin flag 1 data 41378
[   88.9037] open fd = -5
[   88.9203] open name host:/livepad.bin flag 1 data 41378
[   88.9216] open fd = -5
[   88.9387] open name host:/livepad.bin flag 1 data 41378
[   88.9398] open fd = -5
[   88.9565] open name host:/livepad.bin flag 1 data 41378
[   88.9580] open fd = -5
[   88.9743] open name host:/livepad.bin flag 1 data 41378
[   88.9755] open fd = -5
[   88.9759] open name host:/livedbg.cmd flag 1 data 41378
[   88.9769] open fd = -5
[   88.9779] open name host:/log.txt flag 302 data 41378
[   88.9795] open fd = 256
[   88.9966] open name host:/livepad.bin flag 1 data 41378
[   88.9981] open fd = -5
[   89.0143] open name host:/livepad.bin flag 1 data 41378
[   89.0156] open fd = -5
[   89.0315] open name host:/livepad.bin flag 1 data 41378
[   89.0327] open fd = -5
[   89.0491] open name host:/livepad.bin flag 1 data 41378
[   89.0503] open fd = -5
[   89.0665] open name host:/livepad.bin flag 1 data 41378
[   89.0682] open fd = -5
[   89.0850] open name host:/livepad.bin flag 1 data 41378
[   89.0863] open fd = -5
[   89.0866] open name host:/livedbg.cmd flag 1 data 41378
[   89.0875] open fd = -5
[   89.1048] open name host:/livepad.bin flag 1 data 41378
[   89.1060] open fd = -5
[   89.1226] open name host:/livepad.bin flag 1 data 41378
[   89.1238] open fd = -5
[   89.1405] open name host:/livepad.bin flag 1 data 41378
[   89.1417] open fd = -5
[   89.1584] open name host:/livepad.bin flag 1 data 41378
[   89.1595] open fd = -5
[   89.1769] open name host:/livepad.bin flag 1 data 41378
[   89.1780] open fd = -5
[   89.1954] open name host:/livepad.bin flag 1 data 41378
[   89.1968] open fd = -5
[   89.1971] open name host:/livedbg.cmd flag 1 data 41378
[   89.1981] open fd = -5
[   89.2152] open name host:/livepad.bin flag 1 data 41378
[   89.2165] open fd = -5
[   89.2336] open name host:/livepad.bin flag 1 data 41378
[   89.2348] open fd = -5
[   89.2515] open name host:/livepad.bin flag 1 data 41378
[   89.2530] open fd = -5
[   89.2700] open name host:/livepad.bin flag 1 data 41378
[   89.2713] open fd = -5
[   89.2721] open name host:/log.txt flag 302 data 41378
[   89.2737] open fd = 256
[   89.2910] open name host:/livepad.bin flag 1 data 41378
[   89.2923] open fd = -5
[   89.2938] open name host:/log.txt flag 302 data 41378
[   89.2954] open fd = 256
[   89.3120] open name host:/livepad.bin flag 1 data 41378
[   89.3133] open fd = -5
[   89.3135] open name host:/livedbg.cmd flag 1 data 41378
[   89.3146] open fd = -5
[   89.3309] open name host:/livepad.bin flag 1 data 41378
[   89.3323] open fd = -5
[   89.3491] open name host:/livepad.bin flag 1 data 41378
[   89.3506] open fd = -5
[   89.3677] open name host:/livepad.bin flag 1 data 41378
[   89.3689] open fd = -5
[   89.3858] open name host:/livepad.bin flag 1 data 41378
[   89.3872] open fd = -5
[   89.4051] open name host:/livepad.bin flag 1 data 41378
[   89.4063] open fd = -5
[   89.4227] open name host:/livepad.bin flag 1 data 41378
[   89.4238] open fd = -5
[   89.4241] open name host:/livedbg.cmd flag 1 data 41378
[   89.4250] open fd = -5
[   89.4416] open name host:/livepad.bin flag 1 data 41378
[   89.4427] open fd = -5
[   89.4594] open name host:/livepad.bin flag 1 data 41378
[   89.4606] open fd = -5
[   89.4775] open name host:/livepad.bin flag 1 data 41378
[   89.4789] open fd = -5
[   89.4953] open name host:/livepad.bin flag 1 data 41378
[   89.4965] open fd = -5
[   89.5135] open name host:/livepad.bin flag 1 data 41378
[   89.5149] open fd = -5
[   89.5173] open name host:/log.txt flag 302 data 41378
[   89.5190] open fd = 256
[   89.5347] open name host:/livepad.bin flag 1 data 41378
[   89.5360] open fd = -5
[   89.5363] open name host:/livedbg.cmd flag 1 data 41378
[   89.5373] open fd = -5
[   89.5540] open name host:/livepad.bin flag 1 data 41378
[   89.5553] open fd = -5
[   89.5725] open name host:/livepad.bin flag 1 data 41378
[   89.5737] open fd = -5
[   89.5902] open name host:/livepad.bin flag 1 data 41378
[   89.5914] open fd = -5
[   89.6110] open name host:/livepad.bin flag 1 data 41378
[   89.6124] open fd = -5
[   89.6302] open name host:/livepad.bin flag 1 data 41378
[   89.6314] open fd = -5
[   89.6485] open name host:/livepad.bin flag 1 data 41378
[   89.6496] open fd = -5
[   89.6499] open name host:/livedbg.cmd flag 1 data 41378
[   89.6509] open fd = -5
[   89.6669] open name host:/livepad.bin flag 1 data 41378
[   89.6683] open fd = -5
[   89.6850] open name host:/livepad.bin flag 1 data 41378
[   89.6862] open fd = -5
[   89.7029] open name host:/livepad.bin flag 1 data 41378
[   89.7042] open fd = -5
[   89.7200] open name host:/livepad.bin flag 1 data 41378
[   89.7215] open fd = -5
[   89.7380] open name host:/livepad.bin flag 1 data 41378
[   89.7391] open fd = -5
[   89.7399] open name host:/log.txt flag 302 data 41378
[   89.7414] open fd = 256
[   89.7600] open name host:/livepad.bin flag 1 data 41378
[   89.7615] open fd = -5
[   89.7618] open name host:/livedbg.cmd flag 1 data 41378
[   89.7631] open fd = -5
[   89.7796] open name host:/livepad.bin flag 1 data 41378
[   89.7809] open fd = -5
[   89.7971] open name host:/livepad.bin flag 1 data 41378
[   89.7982] open fd = -5
[   89.8146] open name host:/livepad.bin flag 1 data 41378
[   89.8158] open fd = -5
[   89.8326] open name host:/livepad.bin flag 1 data 41378
[   89.8337] open fd = -5
[   89.8519] open name host:/livepad.bin flag 1 data 41378
[   89.8530] open fd = -5
[   89.8707] open name host:/livepad.bin flag 1 data 41378
[   89.8720] open fd = -5
[   89.8724] open name host:/livedbg.cmd flag 1 data 41378
[   89.8734] open fd = -5
[   89.8896] open name host:/livepad.bin flag 1 data 41378
[   89.8908] open fd = -5
[   89.9072] open name host:/livepad.bin flag 1 data 41378
[   89.9083] open fd = -5
[   89.9268] open name host:/livepad.bin flag 1 data 41378
[   89.9282] open fd = -5
[   89.9449] open name host:/livepad.bin flag 1 data 41378
[   89.9461] open fd = -5
[   89.9629] open name host:/livepad.bin flag 1 data 41378
[   89.9640] open fd = -5
[   89.9807] open name host:/livepad.bin flag 1 data 41378
[   89.9818] open fd = -5
[   89.9820] open name host:/livedbg.cmd flag 1 data 41378
[   89.9829] open fd = -5
[   89.9991] open name host:/livepad.bin flag 1 data 41378
[   90.0005] open fd = -5
[   90.0164] open name host:/livepad.bin flag 1 data 41378
[   90.0175] open fd = -5
[   90.0343] open name host:/livepad.bin flag 1 data 41378
[   90.0355] open fd = -5
[   90.0511] open name host:/livepad.bin flag 1 data 41378
[   90.0524] open fd = -5
[   90.0692] open name host:/livepad.bin flag 1 data 41378
[   90.0704] open fd = -5
[   90.0870] open name host:/livepad.bin flag 1 data 41378
[   90.0881] open fd = -5
[   90.0885] open name host:/livedbg.cmd flag 1 data 41378
[   90.0897] open fd = -5
[   90.0906] open name host:/log.txt flag 302 data 41378
[   90.0921] open fd = 256
[   90.1094] open name host:/livepad.bin flag 1 data 41378
[   90.1105] open fd = -5
[   90.1269] open name host:/livepad.bin flag 1 data 41378
[   90.1280] open fd = -5
[   90.1442] open name host:/livepad.bin flag 1 data 41378
[   90.1456] open fd = -5
[   90.1635] open name host:/livepad.bin flag 1 data 41378
[   90.1646] open fd = -5
[   90.1810] open name host:/livepad.bin flag 1 data 41378
[   90.1821] open fd = -5
[   90.1986] open name host:/livepad.bin flag 1 data 41378
[   90.1999] open fd = -5
[   90.2001] open name host:/livedbg.cmd flag 1 data 41378
[   90.2011] open fd = -5
[   90.2021] open name host:/log.txt flag 302 data 41378
[   90.2037] open fd = 256
[   90.2223] open name host:/livepad.bin flag 1 data 41378
[   90.2237] open fd = -5
[   90.2406] open name host:/livepad.bin flag 1 data 41378
[   90.2417] open fd = -5
[   90.2580] open name host:/livepad.bin flag 1 data 41378
[   90.2590] open fd = -5
[   90.2749] open name host:/livepad.bin flag 1 data 41378
[   90.2760] open fd = -5
[   90.2923] open name host:/livepad.bin flag 1 data 41378
[   90.2937] open fd = -5
[   90.3096] open name host:/livepad.bin flag 1 data 41378
[   90.3107] open fd = -5
[   90.3110] open name host:/livedbg.cmd flag 1 data 41378
[   90.3122] open fd = -5
[   90.3281] open name host:/livepad.bin flag 1 data 41378
[   90.3294] open fd = -5
[   90.3460] open name host:/livepad.bin flag 1 data 41378
[   90.3471] open fd = -5
[   90.3639] open name host:/livepad.bin flag 1 data 41378
[   90.3654] open fd = -5
[   90.3837] open name host:/livepad.bin flag 1 data 41378
[   90.3853] open fd = -5
[   90.4016] open name host:/livepad.bin flag 1 data 41378
[   90.4031] open fd = -5
[   90.4196] open name host:/livepad.bin flag 1 data 41378
[   90.4214] open fd = -5
[   90.4217] open name host:/livedbg.cmd flag 1 data 41378
[   90.4231] open fd = -5
[   90.4390] open name host:/livepad.bin flag 1 data 41378
[   90.4408] open fd = -5
[   90.4436] open name host:/log.txt flag 302 data 41378
[   90.4461] open fd = 256
[   90.4617] open name host:/livepad.bin flag 1 data 41378
[   90.4630] open fd = -5
[   90.4791] open name host:/livepad.bin flag 1 data 41378
[   90.4808] open fd = -5
[   90.4975] open name host:/livepad.bin flag 1 data 41378
[   90.4986] open fd = -5
[   90.5148] open name host:/livepad.bin flag 1 data 41378
[   90.5159] open fd = -5
[   90.5322] open name host:/livepad.bin flag 1 data 41378
[   90.5336] open fd = -5
[   90.5338] open name host:/livedbg.cmd flag 1 data 41378
[   90.5350] open fd = -5
[   90.5574] open name host:/livepad.bin flag 1 data 41378
[   90.5590] open fd = -5
[   90.5771] open name host:/livepad.bin flag 1 data 41378
[   90.5784] open fd = -5
[   90.5951] open name host:/livepad.bin flag 1 data 41378
[   90.5962] open fd = -5
[   90.6124] open name host:/livepad.bin flag 1 data 41378
[   90.6137] open fd = -5
[   90.6308] open name host:/livepad.bin flag 1 data 41378
[   90.6320] open fd = -5
[   90.6500] open name host:/livepad.bin flag 1 data 41378
[   90.6513] open fd = -5
[   90.6515] open name host:/livedbg.cmd flag 1 data 41378
[   90.6528] open fd = -5
[   90.6712] open name host:/livepad.bin flag 1 data 41378
[   90.6725] open fd = -5
[   90.6733] open name host:/log.txt flag 302 data 41378
[   90.6750] open fd = 256
[   90.6950] open name host:/livepad.bin flag 1 data 41378
[   90.6961] open fd = -5
[   90.7127] open name host:/livepad.bin flag 1 data 41378
[   90.7142] open fd = -5
[   90.7299] open name host:/livepad.bin flag 1 data 41378
[   90.7310] open fd = -5
[   90.7472] open name host:/livepad.bin flag 1 data 41378
[   90.7483] open fd = -5
[   90.7647] open name host:/livepad.bin flag 1 data 41378
[   90.7658] open fd = -5
[   90.7661] open name host:/livedbg.cmd flag 1 data 41378
[   90.7670] open fd = -5
[   90.7838] open name host:/livepad.bin flag 1 data 41378
[   90.7851] open fd = -5
[   90.8022] open name host:/livepad.bin flag 1 data 41378
[   90.8035] open fd = -5
[   90.8197] FRAMEARENA frames=4200 peak=1037904 resets=6 fallbacks=0 maxFrameBytes=2731360 maxBorrowed=2120800 freeKiB=10369
[   90.8199] NATIVEVIF frames=4200 batches=4206
[   90.8201] ORDEREDFRAME frames=4200 splitFrames=4
[   90.8203] FRAMEPIPELINE starts=4200 dmaBusyStarts=2075
[   90.8206] open name host:/livepad.bin flag 1 data 41378
[   90.8217] open fd = -5
[   90.8378] open name host:/livepad.bin flag 1 data 41378
[   90.8392] open fd = -5
[   90.8562] open name host:/livepad.bin flag 1 data 41378
[   90.8573] open fd = -5
[   90.8737] open name host:/livepad.bin flag 1 data 41378
[   90.8751] open fd = -5
[   90.8756] open name host:/livedbg.cmd flag 1 data 41378
[   90.8767] open fd = -5
[   90.8934] open name host:/livepad.bin flag 1 data 41378
[   90.8947] open fd = -5
[   90.9109] open name host:/livepad.bin flag 1 data 41378
[   90.9123] open fd = -5
[   90.9301] open name host:/livepad.bin flag 1 data 41378
[   90.9315] open fd = -5
[   90.9478] open name host:/livepad.bin flag 1 data 41378
[   90.9492] open fd = -5
[   90.9659] open name host:/livepad.bin flag 1 data 41378
[   90.9672] open fd = -5
[   90.9835] open name host:/livepad.bin flag 1 data 41378
[   90.9848] open fd = -5
[   90.9851] open name host:/livedbg.cmd flag 1 data 41378
[   90.9861] open fd = -5
[   91.0039] open name host:/livepad.bin flag 1 data 41378
[   91.0053] open fd = -5
[   91.0227] open name host:/livepad.bin flag 1 data 41378
[   91.0241] open fd = -5
[   91.0434] open name host:/livepad.bin flag 1 data 41378
[   91.0450] open fd = -5
[   91.0632] open name host:/livepad.bin flag 1 data 41378
[   91.0645] open fd = -5
[   91.0831] open name host:/livepad.bin flag 1 data 41378
[   91.0845] open fd = -5
[   91.1045] open name host:/livepad.bin flag 1 data 41378
[   91.1056] open fd = -5
[   91.1058] open name host:/livedbg.cmd flag 1 data 41378
[   91.1069] open fd = -5
[   91.1255] open name host:/livepad.bin flag 1 data 41378
[   91.1268] open fd = -5
[   91.1438] open name host:/livepad.bin flag 1 data 41378
[   91.1451] open fd = -5
[   91.1457] open name host:/log.txt flag 302 data 41378
[   91.1474] open fd = 256
[   91.1650] open name host:/livepad.bin flag 1 data 41378
[   91.1662] open fd = -5
[   91.1837] open name host:/livepad.bin flag 1 data 41378
[   91.1851] open fd = -5
[   91.2020] open name host:/livepad.bin flag 1 data 41378
[   91.2035] open fd = -5
[   91.2205] open name host:/livepad.bin flag 1 data 41378
[   91.2220] open fd = -5
[   91.2225] open name host:/livedbg.cmd flag 1 data 41378
[   91.2234] open fd = -5
[   91.2245] open name host:/log.txt flag 302 data 41378
[   91.2261] open fd = 256
[   91.2451] open name host:/livepad.bin flag 1 data 41378
[   91.2468] open fd = -5
[   91.2642] open name host:/livepad.bin flag 1 data 41378
[   91.2655] open fd = -5
[   91.2822] open name host:/livepad.bin flag 1 data 41378
[   91.2838] open fd = -5
[   91.3025] open name host:/livepad.bin flag 1 data 41378
[   91.3038] open fd = -5
[   91.3206] open name host:/livepad.bin flag 1 data 41378
[   91.3220] open fd = -5
[   91.3409] open name host:/livepad.bin flag 1 data 41378
[   91.3425] open fd = -5
[   91.3428] open name host:/livedbg.cmd flag 1 data 41378
[   91.3440] open fd = -5
[   91.3628] open name host:/livepad.bin flag 1 data 41378
[   91.3645] open fd = -5
[   91.3819] open name host:/livepad.bin flag 1 data 41378
[   91.3833] open fd = -5
[   91.4017] open name host:/livepad.bin flag 1 data 41378
[   91.4030] open fd = -5
[   91.4056] open name host:/log.txt flag 302 data 41378
[   91.4071] open fd = 256
[   91.4235] open name host:/livepad.bin flag 1 data 41378
[   91.4249] open fd = -5
[   91.4431] open name host:/livepad.bin flag 1 data 41378
[   91.4445] open fd = -5
[   91.4632] open name host:/livepad.bin flag 1 data 41378
[   91.4646] open fd = -5
[   91.4649] open name host:/livedbg.cmd flag 1 data 41378
[   91.4661] open fd = -5
[   91.4837] open name host:/livepad.bin flag 1 data 41378
[   91.4851] open fd = -5
[   91.5035] open name host:/livepad.bin flag 1 data 41378
[   91.5051] open fd = -5
[   91.5219] open name host:/livepad.bin flag 1 data 41378
[   91.5234] open fd = -5
[   91.5414] open name host:/livepad.bin flag 1 data 41378
[   91.5428] open fd = -5
[   91.5612] open name host:/livepad.bin flag 1 data 41378
[   91.5628] open fd = -5
[   91.5794] open name host:/livepad.bin flag 1 data 41378
[   91.5807] open fd = -5
[   91.5810] open name host:/livedbg.cmd flag 1 data 41378
[   91.5822] open fd = -5
[   91.5996] open name host:/livepad.bin flag 1 data 41378
[   91.6009] open fd = -5
[   91.6177] open name host:/livepad.bin flag 1 data 41378
[   91.6191] open fd = -5
[   91.6361] open name host:/livepad.bin flag 1 data 41378
[   91.6375] open fd = -5
[   91.6381] open name host:/log.txt flag 302 data 41378
[   91.6398] open fd = 256
[   91.6576] open name host:/livepad.bin flag 1 data 41378
[   91.6588] open fd = -5
[   91.6752] open name host:/livepad.bin flag 1 data 41378
[   91.6763] open fd = -5
[   91.6935] open name host:/livepad.bin flag 1 data 41378
[   91.6949] open fd = -5
[   91.6951] open name host:/livedbg.cmd flag 1 data 41378
[   91.6962] open fd = -5
[   91.7142] open name host:/livepad.bin flag 1 data 41378
[   91.7154] open fd = -5
[   91.7341] open name host:/livepad.bin flag 1 data 41378
[   91.7355] open fd = -5
[   91.7547] open name host:/livepad.bin flag 1 data 41378
[   91.7559] open fd = -5
[   91.7732] open name host:/livepad.bin flag 1 data 41378
[   91.7745] open fd = -5
[   91.7947] open name host:/livepad.bin flag 1 data 41378
[   91.7958] open fd = -5
[   91.8136] open name host:/livepad.bin flag 1 data 41378
[   91.8149] open fd = -5
[   91.8153] open name host:/livedbg.cmd flag 1 data 41378
[   91.8163] open fd = -5
[   91.8349] open name host:/livepad.bin flag 1 data 41378
[   91.8360] open fd = -5
[   91.8548] open name host:/livepad.bin flag 1 data 41378
[   91.8560] open fd = -5
[   91.8752] open name host:/livepad.bin flag 1 data 41378
[   91.8763] open fd = -5
[   91.8959] open name host:/livepad.bin flag 1 data 41378
[   91.8965] open fd = -5
[   91.9156] open name host:/livepad.bin flag 1 data 41378
