[    0.0177] Program Path: /home/spider/tyrax2-debugger-linux-v1/squashfs-root/usr/bin/pcsx2-qt
[    0.0182] AppRoot Directory: /home/spider/tyrax2-debugger-linux-v1/squashfs-root/usr/bin
[    0.0185] Resources Directory: /home/spider/tyrax2-debugger-linux-v1/squashfs-root/usr/bin/resources
[    0.0225] DataRoot Directory: /mnt/f/Projects/tyrax2-lab-20261001/player-light-public-emulator-animated-all-root-v1/runtime/profile/PCSX2
[    0.0299] Loading config from /mnt/f/Projects/tyrax2-lab-20261001/player-light-public-emulator-animated-all-root-v1/runtime/profile/PCSX2/inis/PCSX2.ini.
[    0.0378] Loading secrets from /mnt/f/Projects/tyrax2-lab-20261001/player-light-public-emulator-animated-all-root-v1/runtime/profile/PCSX2/inis/secrets.ini.
[    0.0544] BIOS Directory: /mnt/c/Users/pawel/OneDrive/Documents/PCSX2/bios
[    0.0547] Snapshots Directory: /mnt/f/Projects/tyrax2-lab-20261001/player-light-public-emulator-animated-all-root-v1/runtime/profile/PCSX2/snaps
[    0.0550] Savestates Directory: /mnt/f/Projects/tyrax2-lab-20261001/player-light-public-emulator-animated-all-root-v1/runtime/profile/PCSX2/sstates
[    0.0553] MemoryCards Directory: /mnt/f/Projects/tyrax2-lab-20261001/player-light-public-emulator-animated-all-root-v1/runtime/profile/PCSX2/memcards
[    0.0555] Logs Directory: /mnt/f/Projects/tyrax2-lab-20261001/player-light-public-emulator-animated-all-root-v1/runtime/profile/PCSX2/logs
[    0.0557] Cheats Directory: /mnt/f/Projects/tyrax2-lab-20261001/player-light-public-emulator-animated-all-root-v1/runtime/profile/PCSX2/cheats
[    0.0559] Patches Directory: /mnt/f/Projects/tyrax2-lab-20261001/player-light-public-emulator-animated-all-root-v1/runtime/profile/PCSX2/patches
[    0.0562] Covers Directory: /mnt/f/Projects/tyrax2-lab-20261001/player-light-public-emulator-animated-all-root-v1/runtime/profile/PCSX2/covers
[    0.0564] Game Settings Directory: /mnt/f/Projects/tyrax2-lab-20261001/player-light-public-emulator-animated-all-root-v1/runtime/profile/PCSX2/gamesettings
[    0.0566] Resources Directory: /home/spider/tyrax2-debugger-linux-v1/squashfs-root/usr/bin/resources
[    0.0568] User Resources Directory: /mnt/f/Projects/tyrax2-lab-20261001/player-light-public-emulator-animated-all-root-v1/runtime/profile/PCSX2/resources
[    0.0570] Cache Directory: /mnt/f/Projects/tyrax2-lab-20261001/player-light-public-emulator-animated-all-root-v1/runtime/profile/PCSX2/cache
[    0.0572] Textures Directory: /mnt/f/Projects/tyrax2-lab-20261001/player-light-public-emulator-animated-all-root-v1/runtime/profile/PCSX2/textures
[    0.0574] Input Profile Directory: /mnt/f/Projects/tyrax2-lab-20261001/player-light-public-emulator-animated-all-root-v1/runtime/profile/PCSX2/inputprofiles
[    0.0577] Video Dumping Directory: /mnt/f/Projects/tyrax2-lab-20261001/player-light-public-emulator-animated-all-root-v1/runtime/profile/PCSX2/videos
[    0.0579] Debugger Layouts Directory: /mnt/f/Projects/tyrax2-lab-20261001/player-light-public-emulator-animated-all-root-v1/runtime/profile/PCSX2/inis/debuggerlayouts
[    0.0581] Debugger Settings Directory: /mnt/f/Projects/tyrax2-lab-20261001/player-light-public-emulator-animated-all-root-v1/runtime/profile/PCSX2/inis/debuggersettings
[    0.1121] Loaded translation file for language en-US
[    0.1929] PCSX2 v2.9.93
[    0.1931] Savestate version: 0x9a590000
[    0.1933] 
[    0.1935] 
[    0.1937] Host Machine Init:
[    0.1940]   Operating System = Ubuntu 22.04
[    0.1941]   Available RAM    = 49139 MB (47.99 GB)
[    0.1943]   Physical RAM     = 50191 MB (49.02 GB)
[    0.1945] 
[    0.1951]   Processor        = AMD Ryzen Threadripper 1920X
[    0.1954]   Core Count       = 24 cores
[    0.1956]   Thread Count     = 24 threads
[    0.1957]   Cluster Count    = 1 clusters
[    0.1959] CPU Extensions Detected:
[    0.1961]   AVX AVX2
[    0.1962] 
[    0.1965] Allocating host memory for virtual systems...
[    0.1970]   EE Main Memory                   @ 0x00007FB997200000 -> 0x00007FB9A0100000 [143mb]
[    0.1972]   IOP Main Memory                  @ 0x00007FB9A0100000 -> 0x00007FB9A8200000 [129mb]
[    0.1975]   VU0/1 On-Chip Memory             @ 0x00007FB9A8200000 -> 0x00007FB9A8300000 [1mb]
[    0.1977]   VTLB Virtual Map                 @ 0x00007FB9A8300000 -> 0x00007FB9A8B00000 [8mb]
[    0.1979]   VTLB Address Map                 @ 0x00007FB9A8B00000 -> 0x00007FB9A8F00000 [4mb]
[    0.1981]   R5900 Recompiler Cache           @ 0x00007FB9A8F00000 -> 0x00007FB9ACF00000 [64mb]
[    0.1982]   R3000A Recompiler Cache          @ 0x00007FB9ACF00000 -> 0x00007FB9AEF00000 [32mb]
[    0.1984]   Micro VU0 Recompiler Cache       @ 0x00007FB9AFF00000 -> 0x00007FB9B3F00000 [64mb]
[    0.1986]   Micro VU1 Recompiler Cache       @ 0x00007FB9B3F00000 -> 0x00007FB9B7F00000 [64mb]
[    0.1987]   VIF0 Unpack Recompiler Cache     @ 0x00007FB9AEF00000 -> 0x00007FB9AF700000 [8mb]
[    0.1989]   VIF1 Unpack Recompiler Cache     @ 0x00007FB9AF700000 -> 0x00007FB9AFF00000 [8mb]
[    0.1991]   VIF Unpack Recompiler Cache      @ 0x00007FB9B7F00000 -> 0x00007FB9B8000000 [1mb]
[    0.1992]   GS Software Renderer             @ 0x00007FB9B8000000 -> 0x00007FB9BC000000 [64mb]
[    0.2012] Fastmem area: 0x7fb897200000 - 0x7fb9971fffff
[    0.2018] Generating SSE-optimized unpacking functions for VIF interpreters...
[    0.2023] Unpack function generation complete.  Generated function statistics:
[    0.2025]   Reserved buffer    : 1048576 bytes @ 0x00007FB9B7F00000
[    0.2027]   x86 code generated : 7422 bytes
[    0.2029] 
[    0.2072] SDLInputSource: Using Controller DB from resources.
[    0.2213] SDLInputSource: 765 gamepad mappings are loaded.
[    0.2217] Invalid binding: 'XInput-0/DPadUp'
[    0.2219] Invalid binding: 'XInput-0/DPadRight'
[    0.2222] Invalid binding: 'XInput-0/DPadDown'
[    0.2224] Invalid binding: 'XInput-0/DPadLeft'
[    0.2227] Invalid binding: 'XInput-0/Y'
[    0.2228] Invalid binding: 'XInput-0/B'
[    0.2230] Invalid binding: 'XInput-0/A'
[    0.2232] Invalid binding: 'XInput-0/X'
[    0.2234] Invalid binding: 'XInput-0/Back'
[    0.2236] Invalid binding: 'XInput-0/Start'
[    0.2238] Invalid binding: 'XInput-0/LeftShoulder'
[    0.2240] Invalid binding: 'XInput-0/+LeftTrigger'
[    0.2242] Invalid binding: 'XInput-0/RightShoulder'
[    0.2244] Invalid binding: 'XInput-0/+RightTrigger'
[    0.2245] Invalid binding: 'XInput-0/LeftStick'
[    0.2247] Invalid binding: 'XInput-0/RightStick'
[    0.2249] Invalid binding: 'XInput-0/Guide'
[    0.2250] Invalid binding: 'XInput-0/-LeftY'
[    0.2252] Invalid binding: 'XInput-0/+LeftX'
[    0.2253] Invalid binding: 'XInput-0/+LeftY'
[    0.2255] Invalid binding: 'XInput-0/-LeftX'
[    0.2257] Invalid binding: 'XInput-0/-RightY'
[    0.2259] Invalid binding: 'XInput-0/+RightX'
[    0.2262] Invalid binding: 'XInput-0/+RightY'
[    0.2264] Invalid binding: 'XInput-0/-RightX'
[    0.2271] Settings: Advanced Settings are enabled; only proceed if you know what you're doing! No support will be provided if you have the option enabled.
[    0.2720] Scanning F:\PS2\Games (recursively)
[    0.2754] Loading BIOS...
[    0.2863] BIOS Found: Europe  v02.00(14/06/2004)  Console 20040614-100914
[    0.3400] Mechacon version: 0x00020603
[    0.3414] Opening CDVD...
[    0.3648] Initializing Elf: 3658100 bytes
[    0.3657] Disc changed to .
[    0.3660]   Name: two-players [?]
[    0.3662]   Serial: two-players
[    0.3664]   Version: 
[    0.3666]   CRC: E3944B29
[    0.3714] No game settings found (tried '/mnt/f/Projects/tyrax2-lab-20261001/player-light-public-emulator-animated-all-root-v1/runtime/profile/PCSX2/gamesettings/E3944B29.ini')
[    0.3716] Applying settings...
[    0.3721] Invalid binding: 'XInput-0/DPadUp'
[    0.3723] Invalid binding: 'XInput-0/DPadRight'
[    0.3725] Invalid binding: 'XInput-0/DPadDown'
[    0.3726] Invalid binding: 'XInput-0/DPadLeft'
[    0.3728] Invalid binding: 'XInput-0/Y'
[    0.3731] Invalid binding: 'XInput-0/B'
[    0.3733] Invalid binding: 'XInput-0/A'
[    0.3735] Invalid binding: 'XInput-0/X'
[    0.3736] Invalid binding: 'XInput-0/Back'
[    0.3738] Invalid binding: 'XInput-0/Start'
[    0.3740] Invalid binding: 'XInput-0/LeftShoulder'
[    0.3742] Invalid binding: 'XInput-0/+LeftTrigger'
[    0.3744] Invalid binding: 'XInput-0/RightShoulder'
[    0.3746] Invalid binding: 'XInput-0/+RightTrigger'
[    0.3747] Invalid binding: 'XInput-0/LeftStick'
[    0.3749] Invalid binding: 'XInput-0/RightStick'
[    0.3750] Invalid binding: 'XInput-0/Guide'
[    0.3752] Invalid binding: 'XInput-0/-LeftY'
[    0.3754] Invalid binding: 'XInput-0/+LeftX'
[    0.3755] Invalid binding: 'XInput-0/+LeftY'
[    0.3757] Invalid binding: 'XInput-0/-LeftX'
[    0.3758] Invalid binding: 'XInput-0/-RightY'
[    0.3760] Invalid binding: 'XInput-0/+RightX'
[    0.3761] Invalid binding: 'XInput-0/+RightY'
[    0.3763] Invalid binding: 'XInput-0/-RightX'
[    0.3766] GameDB: Has not been initialized yet, initializing...
[    0.4207] GameDB: 12841 games on record (loaded in 44.08ms)
[    0.4381] Reopening memory cards...
[    0.4430] (FileMcd) Creating new 8MB memory card: /mnt/f/Projects/tyrax2-lab-20261001/player-light-public-emulator-animated-all-root-v1/runtime/profile/PCSX2/memcards/Mcd001.ps2
[    0.8516] McdSlot 0 [File]: Mcd001.ps2 [8 MB, UNFORMATTED]
[    0.8520] McdSlot 1 [File]: [disabled/empty filename]
[    0.8560] HLE Host: Set 'host:' root path to: /mnt/f/Projects/tyrax2-lab-20261001/player-light-public-runtime-v1/fixtures/animated-all/bin
[    0.8562] EE/iR5900 Recompiler Reset
[    0.9101] iR3000A Recompiler reset.
[    0.9227] mVU Reset
[    0.9238] mVU Reset
[    0.9292] Resetting host memory for virtual systems...
[    1.1744] Time Zone Offset: GMT+01:00
[    1.1750] Time Zone Location: Berlin
[    1.1753] DST: Winter Time
[    1.1754] Time Format: 24-Hour
[    1.1756] Date Format: DD/MM/YYYY
[    1.1758] System Time Basis: Operating System Time
[    1.1760] Resulting System Time: 2026-10-06 08:46:04
[    1.1762] Close virtual disk tray
[    1.1764] Media already loaded (fast boot)
[    1.1766] Opening GS...
[    1.2217] VK: Enabling extension: VK_KHR_get_surface_capabilities2
[    1.2330] Using Vulkan GPU 'llvmpipe (LLVM 15.0.7, 256 bits)' for automatic renderer check.
[    1.2336] Not using Vulkan for software renderer.
[    1.2339] acquireRenderWindow() recreate=true fullscreen=false render_to_main=false surfaceless=false
[    1.2395] (GetRefreshRateFromXRandR) Modeline is invalid: 0/0/0
[    1.2398] Surface refresh rate: 60 Hz
[    1.2403] Loading EGL from libEGL.so...
[    1.2416] GLAD EGL Version: 1.0
[    1.2419] Using EGL platform EGL_EXT_platform_x11.
[    1.2519] eglInitialize() version: 1.5
[    1.2525] GLAD EGL Version: 1.5
[    1.2527] Trying GL version 4.6
[    1.2531] eglCreateContext() failed: 0x3009
[    1.2534] Trying GL version 4.5
[    1.2666] Got GL version 4.5
[    1.2670] EGL_MIN_SWAP_INTERVAL = 1
[    1.2673] EGL_MAX_SWAP_INTERVAL = 1
[    1.2674] Negative swap interval/tear-control is NOT supported
[    1.2701] GL_VENDOR: Mesa
[    1.2705] GL_VERSION: 4.5 (Core Profile) Mesa 23.2.1-1ubuntu3.1~22.04.4
[    1.2707] GL_RENDERER: llvmpipe (LLVM 15.0.7, 256 bits)
[    1.2708] GL_SHADING_LANGUAGE_VERSION: 4.50
[    1.2711] GL_MAX_VERTEX_SHADER_STORAGE_BLOCKS: 16
[    1.2713] GL: Viewport Array:            Supported       => Using: GL_ARB_viewport_array
[    1.2715] GL: Direct State Access:       Supported       => Using: OpenGL 4.5 Core
[    1.2716] GL: Copy Image:                Supported       => Using: OpenGL 4.3 Core
[    1.2718] GL: Clip Control:              Supported       => Using: OpenGL 4.5 Core
[    1.2720] GL: Conservative Depth:        Supported       => Using: OpenGL 4.2 Core
[    1.2723] GL: CAS Sharpening:            Supported       => Using: OpenGL 4.2 Core
[    1.2725] GL: Texture Barriers:          Auto            => Using: Framebuffer Fetch
[    1.2726] GL: RGBA16 HW Blending:        Supported       => Using: RGBA16 UNORM
[    1.2730] GL: Point Expansion:           Supported       => Using: Hardware
[    1.2732] GL: Line Expansion:            Fallback        => Using: Vertex Expansion
[    1.2734] GL: Sprite Expansion:          Supported       => Using: Vertex Expansion
[    1.2735] GL: DXTn Texture Compression:  Supported       => Using: GL_EXT_texture_compression_s3tc
[    1.2737] GL: BC6/7 Texture Compression: Supported       => Using: OpenGL 4.2 Core
[    1.2765] 1 program binary formats supported by driver
[    1.3270] Program binary retrieved, 4105 bytes, format 34655
[    1.3295] Program binary retrieved, 4121 bytes, format 34655
[    1.3322] Program binary retrieved, 4249 bytes, format 34655
[    1.3344] Program binary retrieved, 4013 bytes, format 34655
[    1.3365] Program binary retrieved, 4013 bytes, format 34655
[    1.3385] Program binary retrieved, 4017 bytes, format 34655
[    1.3407] Program binary retrieved, 4017 bytes, format 34655
[    1.3429] Program binary retrieved, 4185 bytes, format 34655
[    1.3449] Program binary retrieved, 4217 bytes, format 34655
[    1.3469] Program binary retrieved, 4137 bytes, format 34655
[    1.3494] Program binary retrieved, 4125 bytes, format 34655
[    1.3515] Program binary retrieved, 4121 bytes, format 34655
[    1.3543] Program binary retrieved, 4253 bytes, format 34655
[    1.3573] Program binary retrieved, 4237 bytes, format 34655
[    1.3595] Program binary retrieved, 4245 bytes, format 34655
[    1.3614] Program binary retrieved, 4261 bytes, format 34655
[    1.3637] Program binary retrieved, 4965 bytes, format 34655
[    1.3660] Program binary retrieved, 4981 bytes, format 34655
[    1.3678] Program binary retrieved, 4261 bytes, format 34655
[    1.3698] Program binary retrieved, 4277 bytes, format 34655
[    1.3722] Program binary retrieved, 5005 bytes, format 34655
[    1.3746] Program binary retrieved, 5021 bytes, format 34655
[    1.3766] Program binary retrieved, 4257 bytes, format 34655
[    1.3787] Program binary retrieved, 4273 bytes, format 34655
[    1.3810] Program binary retrieved, 5001 bytes, format 34655
[    1.3836] Program binary retrieved, 5017 bytes, format 34655
[    1.3859] Program binary retrieved, 4277 bytes, format 34655
[    1.3880] Program binary retrieved, 4293 bytes, format 34655
[    1.3901] Program binary retrieved, 5057 bytes, format 34655
[    1.3924] Program binary retrieved, 5073 bytes, format 34655
[    1.3946] Program binary retrieved, 4153 bytes, format 34655
[    1.3968] Program binary retrieved, 4169 bytes, format 34655
[    1.3990] Program binary retrieved, 4233 bytes, format 34655
[    1.4015] Program binary retrieved, 5781 bytes, format 34655
[    1.4037] Program binary retrieved, 5373 bytes, format 34655
[    1.4060] Program binary retrieved, 6389 bytes, format 34655
[    1.4080] Program binary retrieved, 4917 bytes, format 34655
[    1.4098] Program binary retrieved, 4845 bytes, format 34655
[    1.4125] Program binary retrieved, 4997 bytes, format 34655
[    1.4148] Program binary retrieved, 4101 bytes, format 34655
[    1.4354] Program binary retrieved, 4137 bytes, format 34655
[    1.4540] Program binary retrieved, 4109 bytes, format 34655
[    1.4562] Program binary retrieved, 5389 bytes, format 34655
[    1.4585] Program binary retrieved, 5829 bytes, format 34655
[    1.4607] Program binary retrieved, 5857 bytes, format 34655
[    1.4630] Program binary retrieved, 4289 bytes, format 34655
[    1.4680] Program binary retrieved, 21205 bytes, format 34655
[    1.4704] Program binary retrieved, 4765 bytes, format 34655
[    1.4727] Program binary retrieved, 5685 bytes, format 34655
[    1.4748] Program binary retrieved, 4141 bytes, format 34655
[    1.4767] Program binary retrieved, 4537 bytes, format 34655
[    1.4787] Program binary retrieved, 4889 bytes, format 34655
[    1.4809] Program binary retrieved, 4117 bytes, format 34655
[    1.4832] Program binary retrieved, 4741 bytes, format 34655
[    1.4853] Program binary retrieved, 4965 bytes, format 34655
[    1.4878] Program binary retrieved, 6613 bytes, format 34655
[    1.4896] Program binary retrieved, 4797 bytes, format 34655
[    1.4933] Program binary retrieved, 13085 bytes, format 34655
[    1.5031] Program binary retrieved, 7285 bytes, format 34655
[    1.5121] Program binary retrieved, 5497 bytes, format 34655
[    1.5145] Program binary retrieved, 4141 bytes, format 34655
[    1.5168] Program binary retrieved, 4141 bytes, format 34655
[    1.5188] Program binary retrieved, 4145 bytes, format 34655
[    1.5208] Program binary retrieved, 4145 bytes, format 34655
[    1.5855] Program binary retrieved, 5369 bytes, format 34655
[    1.5931] OpenGL Graphics Driver Info:
[    1.5935] OpenGL Context:
[    1.5938] 4.5 (Core Profile) Mesa 23.2.1-1ubuntu3.1~22.04.4
[    1.5940] Mesa llvmpipe (LLVM 15.0.7, 256 bits)
[    1.5942] GLSL: 4.50
[    1.5982] Processor count: 24 cores, 24 processors, 1 clusters
[    1.5986] Ordered processor list: 12, 23, 22, 21, 20, 19, 18, 17, 16, 15, 14, 13, 0, 11, 10, 9, 8, 7, 6, 5, 4, 3, 2, 1
[    1.5989] Not pinning SW threads, we need 4 processors, but only have 0
[    1.6003] Opening SPU2...
[    1.6008] Creating Null audio stream, sample rate = 48000, expansion = Disabled, buffer = 50, latency = 32, stretching enabled, driver = wasapi, device = 
[    1.6010] Allocated buffer of 2432 frames for buffer of 50 ms [expansion Disabled (block size 2048), stretch disabled, target size 2432].
[    1.6013] Initializing Pad...
[    1.6014] Initializing SIO2...
[    1.6016] Initializing SIO0...
[    1.6017] Opening DEV9...
[    1.6019] DEV9: DEV9init
[    1.6026] DEV9: DEV9init2
[    1.6029] DEV9: DEV9init3
[    1.6064] DEV9: DEV9init ok
[    1.6066] DEV9: DEV9open
[    1.6069] Opening USB...
[    1.6071] Opening FW...
[    1.6076] Frame rate: 59.94, target speed: 1, target frame rate: 59.94, ticks per frame: 16683350
[    1.6095] MultiPause time: 202ns
[    1.6099] MultiPause time: 142ns
[    1.6102] MultiPause time: 167ns
[    1.6106] MultiPause time: 142ns
[    1.6114] VM subsystems initialized in 1336.36 ms
[    1.6218] Failed to inhibit screen saver.
[    1.6222] Processor order assignment: EE=12, VU=23, GS=22
[    1.6225]   EE thread is on processor 12 (0x1000)
[    1.6228]   VU thread is on processor 23 (0x800000)
[    1.6231]   GS thread is on processor 22 (0x400000)
[    1.6342] Failed to inhibit screen saver.
[    1.6594] # Initialize memory (rev:3.70, ctm:197Mhz, cpuclk:147Mhz detected)
[    1.6680] R3000 Debugger: Branch to 0x890 (SYSMEM). Clearing modules.
[    1.6699] RegisterLibraryEntries: excepman version 1.01
[    1.6712] RegisterLibraryEntries:  intrman version 1.02
[    1.6716] RegisterLibraryEntries:   ssbusc version 1.01
[    1.6721] RegisterLibraryEntries:  dmacman version 1.02
[    1.6728] RegisterLibraryEntries:  timrman version 1.01
[    1.6733] RegisterLibraryEntries:  sysclib version 1.01
[    1.6735] RegisterLibraryEntries:    stdio version 1.01
[    1.6739] RegisterLibraryEntries:  heaplib version 1.01
[    1.6747] FW: read mem 0x1f80847c: 0x10000001
[    1.6750] FW: write mem 0x1f808414: 0x417f0000
[    1.6752] FW: read mem 0x1f808400: 0xffc00001
[    1.6754] FW: write mem 0x1f80844c: 0xffffffff
[    1.6756] FW: write mem 0x1f808420: 0xffffffff
[    1.6758] FW: write mem 0x1f808428: 0xffffffff
[    1.6761] FW: write mem 0x1f808430: 0xffffffff
[    1.6773] RegisterLibraryEntries:   thbase version 1.01
[    1.6776] RegisterLibraryEntries:  thevent version 1.01
[    1.6779] RegisterLibraryEntries:  thsemap version 1.01
[    1.6781] RegisterLibraryEntries:  thmsgbx version 1.01
[    1.6784] RegisterLibraryEntries:  thfpool version 1.01
[    1.6786] RegisterLibraryEntries:  thvpool version 1.01
[    1.6795] RegisterLibraryEntries:   vblank version 1.01
[    1.6803] RegisterLibraryEntries:    ioman version 1.02
[    1.6812] RegisterLibraryEntries:  modload version 1.01
[    1.6817] RegisterLibraryEntries:   romdrv version 2.01
[    1.6822] RegisterLibraryEntries:    stdio version 1.02
[    1.6828] RegisterLibraryEntries:   sifman version 1.01
[    1.6833] 
[    1.6835] PlayStation 2 ======== Hard reset boot
[    1.6839]  ROMGEN=2004-0614, IOP info (CPUID=1f, CACH_CONFIG=0, 2MB, IOP mode)
[    1.6843]  <20040614-100914,ROMconf,PS20200EC20040614.bin:11696>
[    1.6935] # Total accessable memory size: 32 MB (B:2:8:0) (370:2:7c30)
[    1.6948] # TLB spad=0 kernel=1:12 default=13:30 extended=31:38
[    1.7598] # Initialize Start.
[    1.7607] # Initialize GS ...
[    1.7609] # Initialize INTC ...
[    1.7611] # Initialize TIMER ...
[    1.7614] # Initialize DMAC ...
[    1.7616] # Initialize VU1 ...
[    1.7621] # Initialize VIF1 ...
[    1.7624] # Initialize GIF ...
[    1.7626] # Initialize VU0 ...
[    1.7630] # Initialize VIF0 ...
[    1.7633] # Initialize IPU ...
[    1.7637] # Initialize FPU ...
[    1.7639] # Initialize User Memory ...
[    1.8204] # Initialize Scratch Pad ...
[    1.8207] # Initialize Done.
[    1.8218] 
[    1.8220] EE DECI2 Manager version 0.06 Feb  6 2003 08:38:48
[    1.8222]   CPUID=2e20, BoardID=0, ROMGEN=2004-0614, 32M
[    1.8224] 
[    1.8229] RegisterLibraryEntries:   sifcmd version 1.01
[    1.8486] Initializing Elf: 3658100 bytes
[    1.8517] ELF Loading: host:two-players.elf, Game CRC = E3944B29, EntryPoint = 0x00100E78
[    1.8549] RegisterLibraryEntries:  cdvdman version 1.01
[    1.8613] RegisterLibraryEntries:  cdvdfsv version 1.01
[    1.8633] RegisterLibraryEntries:  secrman version 1.03
[    1.8636] RegisterLibraryEntries:   eesync version 1.01
[    1.8641] 
[    1.8643] IOP Realtime Kernel Ver.0.9.1
[    1.8646]     Copyright 1999 (C) Sony Computer Entertainment Inc. 
[    1.8655] Reboot service module.(99/11/10)
[    1.8681] cdvd driver module version 0.1.1 (C)SCEI
[    1.8688] Load File service.(99/11/05)
[    1.8691] Multi Threaded Fileio module.(99/11/15) 
[    1.8694] iop heap service (99/11/03)
[    1.8940] loadelf: fname host:two-players.elf secname all
[    1.8945] loadelf version 3.30
[    1.8969] Input ELF format filename = host:two-players.elf
[    1.9309] 1 00100000 00331dbc ....................................................
[    1.9313] Loaded, host:two-players.elf
[    1.9315] start address 0x100e78
[    1.9318] gp address 00000000
[    1.9331] # Restart Without Memory Clear.
[    1.9384] # Initialize GS ...
[    1.9387] # Initialize INTC ...
[    1.9391] # Initialize TIMER ...
[    1.9393] # Initialize DMAC ...
[    1.9395] # Initialize VU1 ...
[    1.9401] # Initialize VIF1 ...
[    1.9404] # Initialize GIF ...
[    1.9406] # Initialize VU0 ...
[    1.9409] # Initialize VIF0 ...
[    1.9411] # Initialize IPU ...
[    1.9414] # Initialize FPU ...
[    1.9416] # Initialize Scratch Pad ...
[    1.9418] # Restart Without Memory Clear Done.
[    1.9421] ELF host:two-players.elf with entry point at 0x00100E78 is executing.
[    1.9424] ELF changed, active CRC E3944B29 (host:two-players.elf)
[    1.9529] Applying core settings...
[    1.9537] Updating CPU configuration...
[    1.9539] iR3000A Recompiler reset.
[    1.9581] mVU Reset
[    1.9588] mVU Reset
[    1.9753] iR3000A Recompiler reset.
[    1.9789] mVU Reset
[    1.9794] mVU Reset
[    1.9833] EE/iR5900 Recompiler Reset
[    2.0004] BIOS: Successfully found the instruction pattern. Assuming the thread list is here: 8001a640
[    2.0032] Warning: GetOsdConfigParam2 Reading extended language/version configs, may be incorrect!
[    2.0134] read/write allocate memory 4000
[    2.0138] open name host:/ps2link.run flag 1 data 41378
[    2.0146] open fd = -5
[    2.0179] Get Reboot Request From EE
[    2.0196] R3000 Debugger: Branch to 0x890 (SYSMEM). Clearing modules.
[    2.0217] RegisterLibraryEntries: excepman version 1.01
[    2.0231] RegisterLibraryEntries:  intrman version 1.02
[    2.0235] RegisterLibraryEntries:   ssbusc version 1.01
[    2.0247] RegisterLibraryEntries:  dmacman version 1.02
[    2.0255] RegisterLibraryEntries:  timrman version 1.01
[    2.0263] RegisterLibraryEntries:  sysclib version 1.01
[    2.0265] RegisterLibraryEntries:    stdio version 1.01
[    2.0269] RegisterLibraryEntries:  heaplib version 1.01
[    2.0294] RegisterLibraryEntries:   thbase version 1.01
[    2.0298] RegisterLibraryEntries:  thevent version 1.01
[    2.0301] RegisterLibraryEntries:  thsemap version 1.01
[    2.0304] RegisterLibraryEntries:  thmsgbx version 1.01
[    2.0308] RegisterLibraryEntries:  thfpool version 1.01
[    2.0312] RegisterLibraryEntries:  thvpool version 1.01
[    2.0325] RegisterLibraryEntries:   vblank version 1.01
[    2.0334] RegisterLibraryEntries:    ioman version 1.02
[    2.0348] RegisterLibraryEntries:  modload version 1.01
[    2.0402] RegisterLibraryEntries:   romdrv version 2.01
[    2.0409] RegisterLibraryEntries:    stdio version 1.02
[    2.0415] RegisterLibraryEntries:   sifman version 1.01
[    2.0422] 
[    2.0425] PlayStation 2 ======== Soft reboot
[    2.0434] RegisterLibraryEntries:   sifcmd version 1.01
[    2.0477] RegisterLibraryEntries:  cdvdman version 1.01
[    2.0496] RegisterLibraryEntries:  cdvdfsv version 1.01
[    2.0561] RegisterLibraryEntries:  secrman version 1.03
[    2.0566] RegisterLibraryEntries:   eesync version 1.01
[    2.0570] 
[    2.0572] IOP Realtime Kernel Ver.0.9.1
[    2.0574]     Copyright 1999 (C) Sony Computer Entertainment Inc. 
[    2.0581] Reboot service module.(99/11/10)
[    2.0602] [EE] Skipping timeout loop at 0x002AA820 -> 0x002AA840
[    2.0604] cdvd driver module version 0.1.1 (C)SCEI
[    2.0609] Load File service.(99/11/05)
[    2.0611] Multi Threaded Fileio module.(99/11/15) 
[    2.0614] iop heap service (99/11/03)
[    2.0787] RegisterLibraryEntries:   iomanx version 1.01
[    2.0803] fileXio: fileXio: fileXio RPC Server v1.00
[    2.0807] Copyright (c) 2003 adresd
[    2.0812] RegisterLibraryEntries:  sio2man version 2.07
[    2.0816] RegisterLibraryEntries:  sio2man version 1.02
[    2.0826] RegisterLibraryEntries:   padman version 1.02
[    2.0830] Pad Driver for OSD
[    2.0836] FREESD v1.01
[    2.0838] RegisterLibraryEntries:    libsd version 1.04
[    2.0938] debug_level = 1 (ps2snd 0.1
[    2.0946] RegisterLibraryEntries:     usbd version 1.02
[    2.0955] USB Driver (Version 1.6.0)
[    2.0970] PS2KBD - USB Keyboard Library
[    2.0975] PS2MOUSE - USB Mouse Library
[    2.0978] [EE] Skipping timeout loop at 0x001AF158 -> 0x001AF174
[    4.3809] read/write allocate memory 4000
[    4.3814] open name host:/log.txt flag 302 data 41378
[    4.3834] open fd = 256
[    4.3881] greetings from version 0.93 !
[    4.3887] RegisterLibraryEntries:   audsrv version 1.04
[    4.3890] audsrv_adpcm_init()
[    4.3896] open name host:/log.txt flag 302 data 41378
[    4.3912] open fd = 256
[    4.3934] open name host:/log.txt flag 302 data 41378
[    4.3946] open fd = 256
[    4.3976] open name host:/log.txt flag 302 data 41378
[    4.3991] open fd = 256
[    4.4010] open name rom0:ROMVER flag 1 data 41378
[    4.4015] open fd = 2
[    4.4022] UpdateVSyncRate: Mode Changed to PAL.
[    4.4026] Frame rate: 49.76, target speed: 1, target frame rate: 49.76, ticks per frame: 20096463
[    4.4028] Set GS CRTC configuration. PAL  640x512 @ 50.000 (49.76) Interlaced (FIELD)
[    4.4032] UpdateVSyncRate: Mode Changed to PAL.
[    4.4034] Frame rate: 50, target speed: 1, target frame rate: 50, ticks per frame: 20000000
[    4.4040] open name host:/log.txt flag 302 data 41378
[    4.4052] open fd = 256
[    4.4076] open name host:/log.txt flag 302 data 41378
[    4.4090] open fd = 256
[    4.4381] open name host:/log.txt flag 302 data 41378
[    4.4397] open fd = 256
[    4.4417] open name host:/log.txt flag 302 data 41378
[    4.4431] open fd = 256
[    4.4449] open name host:/log.txt flag 302 data 41378
[    4.4462] open fd = 256
[    4.4484] open name host:/log.txt flag 302 data 41378
[    4.4498] open fd = 256
[    4.4520] open name host:/log.txt flag 302 data 41378
[    4.4534] open fd = 256
[    4.4551] open name host:/log.txt flag 302 data 41378
[    4.4565] open fd = 256
[    4.4583] open name host:/log.txt flag 302 data 41378
[    4.4596] open fd = 256
[    4.4619] open name host:/log.txt flag 302 data 41378
[    4.4635] open fd = 256
[    6.5418] 
[    6.5425] -----------------------------------------
[    6.5429]         _____        ____   ___
[    6.5432]           |     /   ____| |___|
[    6.5435]           |     |   |     |   |
[    6.5438] -----------------------------------------
[    6.5440] Copyright 2022
[    6.5442] Repository: https://github.com/h4570/tyra
[    6.5446] Licensed under Apache License 2.0
[    6.5452] Version: 2.2.0
[    6.5455] -----------------------------------------
[    6.5458] 
[    6.7026] open name host:/log.txt flag 302 data 41378
[    6.7042] open fd = 256
[    6.7059] open name host:/log.txt flag 302 data 41378
[    6.7072] open fd = 256
[    6.7092] audsrv_adpcm_init()
[    6.7107] open name host:/log.txt flag 302 data 41378
[    6.7121] open fd = 256
[    6.7141] [EE] Skipping timeout loop at 0x00102F60 -> 0x00102F80
[    6.7427] open name host:/log.txt flag 302 data 41378
[    6.7443] open fd = 256
[    6.7463] open name host:/log.txt flag 302 data 41378
[    6.7479] open fd = 256
[    6.7499] Curent pad(0,0) status: EXECCMD
[    6.9808] Pad: DS2 Config Finished - P1/S1 - AL: Off - AB: Usable - VS: Disabled - VL: Disabled - RB: D (0x00000000)
[    7.0213] open name host:/log.txt flag 302 data 41378
[    7.0230] open fd = 256
[    7.0249] open name host:/log.txt flag 302 data 41378
[    7.0261] open fd = 256
[    7.0280] open name host:/log.txt flag 302 data 41378
[    7.0293] open fd = 256
[    7.0309] Curent pad(0,0) status: EXECCMD
[    7.1016] Pad: DS2 Config Finished - P1/S1 - AL: On - AB: Locked - VS: Disabled - VL: Disabled - RB: D (0x00000000)
[    7.3404] Pad: DS2 Config Finished - P1/S1 - AL: On - AB: Locked - VS: Disabled - VL: Disabled - RB: D (0x00000000)
[    7.3811] open name host:/log.txt flag 302 data 41378
[    7.3826] open fd = 256
[    7.3857] open name host:/log.txt flag 302 data 41378
[    7.3870] open fd = 256
[    7.3888] open name host:/log.txt flag 302 data 41378
[    7.3900] open fd = 256
[    7.3917] Curent pad(0,0) status: EXECCMD
[    7.7011] Pad: DS2 Config Finished - P1/S1 - AL: On - AB: Locked - VS: Disabled - VL: Disabled - RB: D+A+P (0x0003FFFF)
[    7.9411] Pad: DS2 Config Finished - P1/S1 - AL: On - AB: Locked - VS: Disabled - VL: Disabled - RB: D+A+P (0x0003FFFF)
[    7.9807] open name host:/log.txt flag 302 data 41378
[    7.9827] open fd = 256
[    7.9846] open name host:/log.txt flag 302 data 41378
[    7.9859] open fd = 256
[    7.9878] open name host:/log.txt flag 302 data 41378
[    7.9891] open fd = 256
[    7.9907] open name host:/log.txt flag 302 data 41378
[    7.9919] open fd = 256
[    7.9935] Curent pad(0,0) status: EXECCMD
[    8.0616] Pad: DS2 Config Finished - P1/S1 - AL: On - AB: Locked - VS: Normal - VL: Normal - RB: D+A+P (0x0003FFFF)
[    8.0814] open name host:/log.txt flag 302 data 41378
[    8.0829] open fd = 256
[    8.0851] open name host:/log.txt flag 302 data 41378
[    8.0865] open fd = 256
[    8.0883] open name usbkbd:dev flag 1 data 41378
[    8.0886] open fd = 2
[    8.0896] open name host:/log.txt flag 302 data 41378
[    8.0909] open fd = 256
[    8.0927] [EE] Skipping timeout loop at 0x001040B0 -> 0x001040D0
[    8.1027] open name host:/log.txt flag 302 data 41378
[    8.1043] open fd = 256
[    8.1092] open name host:/log.txt flag 302 data 41378
[    8.1106] open fd = 256
[    8.1128] open name host:/log.txt flag 302 data 41378
[    8.1144] open fd = 256
[    8.1165] open name host:/log.txt flag 302 data 41378
[    8.1178] open fd = 256
[    8.1225] loadmodule: fname rom0:XMCMAN args 0 arg 
[    8.1411] RegisterLibraryEntries:    mcman version 2.03
[    8.1424] loadmodule: id 35, ret 0
[    8.1429] loadmodule: fname rom0:XMCSERV args 0 arg 
[    8.1434] RegisterLibraryEntries:   mcserv version 1.01
[    8.1439] loadmodule: id 36, ret 0
[    8.1442] [EE] Skipping timeout loop at 0x00104BF0 -> 0x00104C10
[    8.7194] Pad: DS2 Config Finished - P2/S1 - AL: Off - AB: Usable - VS: Disabled - VL: Disabled - RB: D (0x00000000)
[    9.0936] (FileMcd) Warning: checksum sector overwritten. (0)
[    9.0938] OSD [MemoryCardSave0]: Memory Card 'Mcd001.ps2' was saved to storage.
[   10.3689] (FileMcd) Warning: checksum sector overwritten. (0)
[   11.0216] open name host:/save/icon.sys flag 1 data 41378
[   11.0235] open fd = 256
[   11.5199] open name host:/save/list.icn flag 1 data 41378
[   11.5218] open fd = 256
[   12.4407] open name host:/log.txt flag 302 data 41378
[   12.4420] open fd = 256
[   12.4436] open name host:/log.txt flag 302 data 41378
[   12.4449] open fd = 256
[   12.4501] open name host:/menus/save.png flag 1 data 41378
[   12.4521] open fd = 256
[   12.5028] open name host:/hud/save-cursor.png flag 1 data 41378
[   12.5049] open fd = 256
[   12.5074] open name host:/hud/save-used.png flag 1 data 41378
[   12.5090] open fd = 256
[   12.5120] open name host:/hud/save-saved.png flag 1 data 41378
[   12.5137] open fd = 256
[   12.5170] open name host:/hud/save-loaded.png flag 1 data 41378
[   12.5190] open fd = 256
[   12.5219] open name host:/hud/save-error.png flag 1 data 41378
[   12.5234] open fd = 256
[   12.5335] open name host:/hud/save-busy.png flag 1 data 41378
[   12.5354] open fd = 256
[   12.5635] open name host:/hud/save-spinner.png flag 1 data 41378
[   12.5660] open fd = 256
[   12.5711] open name host:/menus/title.png flag 1 data 41378
[   12.5730] open fd = 256
[   12.6013] open name host:/menus/pause.png flag 1 data 41378
[   12.6034] open fd = 256
[   12.6230] open name host:/menus/save.png flag 1 data 41378
[   12.6251] open fd = 256
[   12.6637] open name host:/menus/title-values.png flag 1 data 41378
[   12.6658] open fd = 256
[   12.6819] open name host:/menus/pause-values.png flag 1 data 41378
[   12.6843] open fd = 256
[   12.6887] open name host:/hud/save-cursor.png flag 1 data 41378
[   12.6905] open fd = 256
[   12.6927] open name host:/hud/save-cursor.png flag 1 data 41378
[   12.6942] open fd = 256
[   12.6966] open name host:/hud/save-cursor.png flag 1 data 41378
[   12.6984] open fd = 256
[   12.7007] open name host:/hud/save-cursor.png flag 1 data 41378
[   12.7024] open fd = 256
[   12.7047] open name host:/hud/menu-dim.png flag 1 data 41378
[   12.7063] open fd = 256
[   12.7158] open name host:/hud/flare-corona.png flag 1 data 41378
[   12.7179] open fd = 256
[   12.7249] open name host:/hud/use.png flag 1 data 41378
[   12.7269] open fd = 256
[   12.7386] open name host:/hud/pickup.png flag 1 data 41378
[   12.7408] open fd = 256
[   12.7444] open name host:/hardware-trace.cfg flag 1 data 41378
[   12.7452] open fd = -5
[   12.8007] Pad: DS2 Config Finished - P2/S1 - AL: On - AB: Locked - VS: Disabled - VL: Disabled - RB: D (0x00000000)
[   13.0406] Pad: DS2 Config Finished - P2/S1 - AL: On - AB: Locked - VS: Disabled - VL: Disabled - RB: D (0x00000000)
[   13.3813] Pad: DS2 Config Finished - P2/S1 - AL: On - AB: Locked - VS: Disabled - VL: Disabled - RB: D+A+P (0x0003FFFF)
[   13.6209] Pad: DS2 Config Finished - P2/S1 - AL: On - AB: Locked - VS: Disabled - VL: Disabled - RB: D+A+P (0x0003FFFF)
[   13.7208] Pad: DS2 Config Finished - P2/S1 - AL: On - AB: Locked - VS: Normal - VL: Normal - RB: D+A+P (0x0003FFFF)
[   13.7416] open name host:/log.txt flag 302 data 41378
[   13.7431] open fd = 256
[   13.7450] open name host:/livepad.bin flag 1 data 41378
[   13.7455] open fd = -5
[   13.7459] open name host:/launch.scene flag 1 data 41378
[   13.7464] open fd = -5
[   13.7469] open name host:/hud/loading.png flag 1 data 41378
[   13.7487] open fd = 256
[   13.7538] FRAMEARENA allocated=1 bytes=1048576
[   13.7582] open name host:/log.txt flag 302 data 41378
[   13.7594] open fd = 256
[   13.7613] open name host:/livepad.bin flag 1 data 41378
[   13.7618] open fd = -5
[   13.7719] open name host:/livepad.bin flag 1 data 41378
[   13.7726] open fd = -5
[   13.7855] open name host:/livepad.bin flag 1 data 41378
[   13.7863] open fd = -5
[   13.8023] open name host:/livepad.bin flag 1 data 41378
[   13.8030] open fd = -5
[   13.8418] open name host:/models/cat.tskl flag 1 data 41378
[   13.8443] open fd = 256
[   14.1424] open name host:/log.txt flag 302 data 41378
[   14.1441] open fd = 256
[   14.1822] open name host:/log.txt flag 302 data 41378
[   14.1838] open fd = 256
[   14.2236] open name host:/log.txt flag 302 data 41378
[   14.2252] open fd = 256
[   14.2275] open name host:/log.txt flag 302 data 41378
[   14.2290] open fd = 256
[   14.2641] open name host:/log.txt flag 302 data 41378
[   14.2657] open fd = 256
[   14.2672] open name host:/log.txt flag 302 data 41378
[   14.2685] open fd = 256
[   14.2722] open name host:/log.txt flag 302 data 41378
[   14.2738] open fd = 256
[   14.2758] open name host:/log.txt flag 302 data 41378
[   14.2771] open fd = 256
[   14.2789] open name host:/log.txt flag 302 data 41378
[   14.2803] open fd = 256
[   14.2883] open name host:/log.txt flag 302 data 41378
[   14.2898] open fd = 256
[   14.3243] open name host:/livepad.bin flag 1 data 41378
[   14.3252] open fd = -5
[   14.3416] open name host:/livepad.bin flag 1 data 41378
[   14.3422] open fd = -5
[   14.3611] open name host:/livepad.bin flag 1 data 41378
[   14.3617] open fd = -5
[   14.3813] open name host:/livepad.bin flag 1 data 41378
[   14.3819] open fd = -5
[   14.4018] open name host:/livepad.bin flag 1 data 41378
[   14.4024] open fd = -5
[   14.4213] open name host:/livepad.bin flag 1 data 41378
[   14.4221] open fd = -5
[   14.4417] open name host:/livepad.bin flag 1 data 41378
[   14.4424] open fd = -5
[   14.4615] open name host:/livepad.bin flag 1 data 41378
[   14.4621] open fd = -5
[   14.4814] open name host:/livepad.bin flag 1 data 41378
[   14.4823] open fd = -5
[   14.5015] open name host:/livepad.bin flag 1 data 41378
[   14.5023] open fd = -5
[   14.5212] open name host:/livepad.bin flag 1 data 41378
[   14.5218] open fd = -5
[   14.5417] open name host:/livepad.bin flag 1 data 41378
[   14.5425] open fd = -5
[   14.5613] open name host:/livepad.bin flag 1 data 41378
[   14.5621] open fd = -5
[   14.5817] open name host:/livepad.bin flag 1 data 41378
[   14.5823] open fd = -5
[   14.6022] open name host:/livepad.bin flag 1 data 41378
[   14.6029] open fd = -5
[   14.6216] open name host:/livepad.bin flag 1 data 41378
[   14.6223] open fd = -5
[   14.6418] open name host:/livepad.bin flag 1 data 41378
[   14.6425] open fd = -5
[   14.6615] open name host:/livepad.bin flag 1 data 41378
[   14.6621] open fd = -5
[   14.6819] open name host:/livepad.bin flag 1 data 41378
[   14.6828] open fd = -5
[   14.7019] open name host:/livepad.bin flag 1 data 41378
[   14.7027] open fd = -5
[   14.7218] open name host:/livepad.bin flag 1 data 41378
[   14.7224] open fd = -5
[   14.7416] open name host:/livepad.bin flag 1 data 41378
[   14.7423] open fd = -5
[   14.7615] open name host:/livepad.bin flag 1 data 41378
[   14.7622] open fd = -5
[   14.7819] open name host:/livepad.bin flag 1 data 41378
[   14.7826] open fd = -5
[   14.8018] open name host:/livepad.bin flag 1 data 41378
[   14.8026] open fd = -5
[   14.8213] open name host:/livepad.bin flag 1 data 41378
[   14.8219] open fd = -5
[   14.8411] open name host:/livepad.bin flag 1 data 41378
[   14.8419] open fd = -5
[   14.8619] open name host:/livepad.bin flag 1 data 41378
[   14.8625] open fd = -5
[   14.8821] open name host:/livepad.bin flag 1 data 41378
[   14.8829] open fd = -5
[   14.9013] open name host:/livepad.bin flag 1 data 41378
[   14.9023] open fd = -5
[   14.9223] open name host:/livepad.bin flag 1 data 41378
[   14.9230] open fd = -5
[   14.9244] open name host:/livedbg.bin flag 602 data 41378
[   14.9262] open fd = 256
[   15.1417] microVU1: Cached Prog = [000] [PC=0710] [List=01] (Cache=0.000%) [0.0mb]
[   15.1422] microVU1: 2 cycle stall on branch instruction [07c8]
[   15.1428] microVU1: 3 cycle stall on branch instruction [1108]
[   15.1431] microVU1: 3 cycle stall on branch instruction [1130]
[   15.1437] microVU1: 3 cycle stall on branch instruction [1108]
[   15.1439] microVU1: 3 cycle stall on branch instruction [1130]
[   15.1443] microVU1: 3 cycle stall on branch instruction [1108]
[   15.1445] microVU1: 3 cycle stall on branch instruction [1130]
[   15.1451] microVU1: 3 cycle stall on branch instruction [1108]
[   15.1453] microVU1: 3 cycle stall on branch instruction [1130]
[   15.1459] microVU1: 3 cycle stall on branch instruction [1108]
[   15.1462] microVU1: 3 cycle stall on branch instruction [1130]
[   15.1466] microVU1: 3 cycle stall on branch instruction [1108]
[   15.1468] microVU1: 3 cycle stall on branch instruction [1130]
[   15.1472] microVU1: 3 cycle stall on branch instruction [1108]
[   15.1474] microVU1: 3 cycle stall on branch instruction [1130]
[   15.1476] microVU1: 3 cycle stall on branch instruction [09e8]
[   15.1478] microVU1: 3 cycle stall on branch instruction [0a70]
[   15.1481] microVU1: 3 cycle stall on branch instruction [1108]
[   15.1483] microVU1: 3 cycle stall on branch instruction [1130]
[   15.1489] microVU1: 3 cycle stall on branch instruction [1108]
[   15.1491] microVU1: 3 cycle stall on branch instruction [1130]
[   15.1494] microVU1: 3 cycle stall on branch instruction [1108]
[   15.1496] microVU1: 3 cycle stall on branch instruction [1130]
[   15.1505] microVU1: 3 cycle stall on branch instruction [1108]
[   15.1508] microVU1: 3 cycle stall on branch instruction [1130]
[   15.1514] microVU1: 3 cycle stall on branch instruction [1108]
[   15.1516] microVU1: 3 cycle stall on branch instruction [1130]
[   15.1519] microVU1: 3 cycle stall on branch instruction [1108]
[   15.1521] microVU1: 3 cycle stall on branch instruction [1130]
[   15.1531] microVU1: 3 cycle stall on branch instruction [1108]
[   15.1533] microVU1: 3 cycle stall on branch instruction [1130]
[   15.1537] microVU1: 3 cycle stall on branch instruction [09e8]
[   15.1539] microVU1: 3 cycle stall on branch instruction [0a70]
[   15.1544] microVU1: 3 cycle stall on branch instruction [09e8]
[   15.1547] microVU1: 3 cycle stall on branch instruction [0a70]
[   15.1551] microVU1: 3 cycle stall on branch instruction [09e8]
[   15.1553] microVU1: 3 cycle stall on branch instruction [0a70]
[   15.1557] microVU1: 3 cycle stall on branch instruction [1108]
[   15.1559] microVU1: 3 cycle stall on branch instruction [1130]
[   15.1562] microVU1: 3 cycle stall on branch instruction [09e8]
[   15.1565] microVU1: 3 cycle stall on branch instruction [0a70]
[   15.1568] microVU1: 3 cycle stall on branch instruction [09e8]
[   15.1570] microVU1: 3 cycle stall on branch instruction [0a70]
[   15.1575] microVU1: 3 cycle stall on branch instruction [1108]
[   15.1576] microVU1: 3 cycle stall on branch instruction [1130]
[   15.1579] microVU1: 3 cycle stall on branch instruction [09e8]
[   15.1583] microVU1: 3 cycle stall on branch instruction [0a70]
[   15.1587] microVU1: 3 cycle stall on branch instruction [09e8]
[   15.1589] microVU1: 3 cycle stall on branch instruction [0a70]
[   15.1592] microVU1: 3 cycle stall on branch instruction [09e8]
[   15.1594] microVU1: 3 cycle stall on branch instruction [0a70]
[   15.1599] microVU1: 3 cycle stall on branch instruction [09e8]
[   15.1601] microVU1: 3 cycle stall on branch instruction [0a70]
[   15.1605] microVU1: 3 cycle stall on branch instruction [09e8]
[   15.1608] microVU1: 3 cycle stall on branch instruction [0a70]
[   15.1611] microVU1: 3 cycle stall on branch instruction [09e8]
[   15.1613] microVU1: 3 cycle stall on branch instruction [0a70]
[   15.1617] microVU1: 3 cycle stall on branch instruction [09e8]
[   15.1619] microVU1: 3 cycle stall on branch instruction [0a70]
[   15.1622] microVU1: 3 cycle stall on branch instruction [09e8]
[   15.1624] microVU1: 3 cycle stall on branch instruction [0a70]
[   15.1628] microVU1: 3 cycle stall on branch instruction [09e8]
[   15.1631] microVU1: 3 cycle stall on branch instruction [0a70]
[   15.1635] microVU1: 3 cycle stall on branch instruction [09e8]
[   15.1637] microVU1: 3 cycle stall on branch instruction [0a70]
[   15.1642] microVU1: 3 cycle stall on branch instruction [07f0]
[   15.1645] microVU1: Cached Prog = [001] [PC=1188] [List=01] (Cache=0.801%) [0.5mb]
[   15.1647] microVU1: 2 cycle stall on branch instruction [07c8]
[   15.1653] microVU1: 3 cycle stall on branch instruction [1108]
[   15.1655] microVU1: 3 cycle stall on branch instruction [1130]
[   15.1661] microVU1: 3 cycle stall on branch instruction [1108]
[   15.1663] microVU1: 3 cycle stall on branch instruction [1130]
[   15.1667] microVU1: 3 cycle stall on branch instruction [1108]
[   15.1669] microVU1: 3 cycle stall on branch instruction [1130]
[   15.1675] microVU1: 3 cycle stall on branch instruction [1108]
[   15.1677] microVU1: 3 cycle stall on branch instruction [1130]
[   15.1681] microVU1: 3 cycle stall on branch instruction [1108]
[   15.1683] microVU1: 3 cycle stall on branch instruction [1130]
[   15.1686] microVU1: 3 cycle stall on branch instruction [1108]
[   15.1688] microVU1: 3 cycle stall on branch instruction [1130]
[   15.1692] microVU1: 3 cycle stall on branch instruction [1108]
[   15.1694] microVU1: 3 cycle stall on branch instruction [1130]
[   15.1696] microVU1: 3 cycle stall on branch instruction [09e8]
[   15.1698] microVU1: 3 cycle stall on branch instruction [0a70]
[   15.1701] microVU1: 3 cycle stall on branch instruction [1108]
[   15.1703] microVU1: 3 cycle stall on branch instruction [1130]
[   15.1708] microVU1: 3 cycle stall on branch instruction [1108]
[   15.1710] microVU1: 3 cycle stall on branch instruction [1130]
[   15.1713] microVU1: 3 cycle stall on branch instruction [1108]
[   15.1715] microVU1: 3 cycle stall on branch instruction [1130]
[   15.1722] microVU1: 3 cycle stall on branch instruction [1108]
[   15.1724] microVU1: 3 cycle stall on branch instruction [1130]
[   15.1730] microVU1: 3 cycle stall on branch instruction [1108]
[   15.1732] microVU1: 3 cycle stall on branch instruction [1130]
[   15.1735] microVU1: 3 cycle stall on branch instruction [1108]
[   15.1737] microVU1: 3 cycle stall on branch instruction [1130]
[   15.1746] microVU1: 3 cycle stall on branch instruction [1108]
[   15.1748] microVU1: 3 cycle stall on branch instruction [1130]
[   15.1751] microVU1: 3 cycle stall on branch instruction [09e8]
[   15.1754] microVU1: 3 cycle stall on branch instruction [0a70]
[   15.1759] microVU1: 3 cycle stall on branch instruction [09e8]
[   15.1761] microVU1: 3 cycle stall on branch instruction [0a70]
[   15.1764] microVU1: 3 cycle stall on branch instruction [09e8]
[   15.1767] microVU1: 3 cycle stall on branch instruction [0a70]
[   15.1771] microVU1: 3 cycle stall on branch instruction [1108]
[   15.1772] microVU1: 3 cycle stall on branch instruction [1130]
[   15.1776] microVU1: 3 cycle stall on branch instruction [09e8]
[   15.1778] microVU1: 3 cycle stall on branch instruction [0a70]
[   15.1781] microVU1: 3 cycle stall on branch instruction [09e8]
[   15.1783] microVU1: 3 cycle stall on branch instruction [0a70]
[   15.1786] microVU1: 3 cycle stall on branch instruction [1108]
[   15.1790] microVU1: 3 cycle stall on branch instruction [1130]
[   15.1793] microVU1: 3 cycle stall on branch instruction [09e8]
[   15.1795] microVU1: 3 cycle stall on branch instruction [0a70]
[   15.1799] microVU1: 3 cycle stall on branch instruction [09e8]
[   15.1801] microVU1: 3 cycle stall on branch instruction [0a70]
[   15.1805] microVU1: 3 cycle stall on branch instruction [09e8]
[   15.1807] microVU1: 3 cycle stall on branch instruction [0a70]
[   15.1813] microVU1: 3 cycle stall on branch instruction [09e8]
[   15.1816] microVU1: 3 cycle stall on branch instruction [0a70]
[   15.1823] microVU1: 3 cycle stall on branch instruction [09e8]
[   15.1825] microVU1: 3 cycle stall on branch instruction [0a70]
[   15.1829] microVU1: 3 cycle stall on branch instruction [09e8]
[   15.1831] microVU1: 3 cycle stall on branch instruction [0a70]
[   15.1834] microVU1: 3 cycle stall on branch instruction [09e8]
[   15.1837] microVU1: 3 cycle stall on branch instruction [0a70]
[   15.1840] microVU1: 3 cycle stall on branch instruction [09e8]
[   15.1844] microVU1: 3 cycle stall on branch instruction [0a70]
[   15.1847] microVU1: 3 cycle stall on branch instruction [09e8]
[   15.1849] microVU1: 3 cycle stall on branch instruction [0a70]
[   15.1853] microVU1: 3 cycle stall on branch instruction [09e8]
[   15.1855] microVU1: 3 cycle stall on branch instruction [0a70]
[   15.1858] microVU1: 3 cycle stall on branch instruction [07f0]
[   15.1862] microVU1: Cached Prog = [002] [PC=0000] [List=01] (Cache=1.602%) [1.0mb]
[   15.1877] microVU1: Cached Prog = [003] [PC=0700] [List=01] (Cache=1.696%) [1.0mb]
[   15.2002] open name host:/log.txt flag 302 data 41378
[   15.2017] open fd = 256
[   15.2119] microVU1: Cached Prog = [004] [PC=11a0] [List=01] (Cache=1.789%) [1.1mb]
[   15.2129] microVU1: Cached Prog = [005] [PC=15a0] [List=01] (Cache=1.838%) [1.1mb]
[   15.2141] open name host:/hud/debugfont.png flag 1 data 41378
[   15.2149] microVU1: Cached Prog = [006] [PC=2590] [List=01] (Cache=1.887%) [1.2mb]
[   15.2160] microVU1: 3 cycle stall on branch instruction [2b28]
[   15.2162] open fd = 256
[   15.2169] microVU1: Cached Prog = [007] [PC=2f08] [List=01] (Cache=2.017%) [1.2mb]
[   15.2177] microVU1: 3 cycle stall on branch instruction [2b28]
[   15.2209] open name host:/livepad.bin flag 1 data 41378
[   15.2218] open fd = -5
[   15.2359] open name host:/livepad.bin flag 1 data 41378
[   15.2367] open fd = -5
[   15.2555] open name host:/livepad.bin flag 1 data 41378
[   15.2563] open fd = -5
[   15.2739] open name host:/livepad.bin flag 1 data 41378
[   15.2749] open fd = -5
[   15.2930] open name host:/livepad.bin flag 1 data 41378
[   15.2940] open fd = -5
[   15.3120] open name host:/livepad.bin flag 1 data 41378
[   15.3130] open fd = -5
[   15.3317] open name host:/livepad.bin flag 1 data 41378
[   15.3325] open fd = -5
[   15.3501] open name host:/livepad.bin flag 1 data 41378
[   15.3508] open fd = -5
[   15.3677] open name host:/livepad.bin flag 1 data 41378
[   15.3684] open fd = -5
[   15.3852] open name host:/livepad.bin flag 1 data 41378
[   15.3858] open fd = -5
[   15.4047] open name host:/livepad.bin flag 1 data 41378
[   15.4057] open fd = -5
[   15.4250] open name host:/livepad.bin flag 1 data 41378
[   15.4259] open fd = -5
[   15.4453] open name host:/livepad.bin flag 1 data 41378
[   15.4461] open fd = -5
[   15.4651] open name host:/livepad.bin flag 1 data 41378
[   15.4659] open fd = -5
[   15.4848] open name host:/livepad.bin flag 1 data 41378
[   15.4854] open fd = -5
[   15.5055] open name host:/livepad.bin flag 1 data 41378
[   15.5064] open fd = -5
[   15.5254] open name host:/livepad.bin flag 1 data 41378
[   15.5262] open fd = -5
[   15.5445] open name host:/livepad.bin flag 1 data 41378
[   15.5453] open fd = -5
[   15.5647] open name host:/livepad.bin flag 1 data 41378
[   15.5656] open fd = -5
[   15.5857] open name host:/livepad.bin flag 1 data 41378
[   15.5865] open fd = -5
[   15.5871] open name host:/livedbg.cmd flag 1 data 41378
[   15.5876] open fd = -5
[   15.6053] open name host:/livepad.bin flag 1 data 41378
[   15.6061] open fd = -5
[   15.6259] open name host:/livepad.bin flag 1 data 41378
[   15.6267] open fd = -5
[   15.6448] open name host:/livepad.bin flag 1 data 41378
[   15.6456] open fd = -5
[   15.6655] open name host:/livepad.bin flag 1 data 41378
[   15.6664] open fd = -5
[   15.6856] open name host:/livepad.bin flag 1 data 41378
[   15.6863] open fd = -5
[   15.7050] open name host:/livepad.bin flag 1 data 41378
[   15.7058] open fd = -5
[   15.7062] open name host:/livedbg.cmd flag 1 data 41378
[   15.7067] open fd = -5
[   15.7257] open name host:/livepad.bin flag 1 data 41378
[   15.7266] open fd = -5
[   15.7443] open name host:/livepad.bin flag 1 data 41378
[   15.7452] open fd = -5
[   15.7651] open name host:/livepad.bin flag 1 data 41378
[   15.7660] open fd = -5
[   15.7856] open name host:/livepad.bin flag 1 data 41378
[   15.7864] open fd = -5
[   15.8054] open name host:/livepad.bin flag 1 data 41378
[   15.8064] open fd = -5
[   15.8255] open name host:/livepad.bin flag 1 data 41378
[   15.8262] open fd = -5
[   15.8267] open name host:/livedbg.cmd flag 1 data 41378
[   15.8271] open fd = -5
[   15.8452] open name host:/livepad.bin flag 1 data 41378
[   15.8462] open fd = -5
[   15.8652] open name host:/livepad.bin flag 1 data 41378
[   15.8661] open fd = -5
[   15.8851] open name host:/livepad.bin flag 1 data 41378
[   15.8860] open fd = -5
[   15.9059] open name host:/livepad.bin flag 1 data 41378
[   15.9066] open fd = -5
[   15.9246] open name host:/livepad.bin flag 1 data 41378
[   15.9255] open fd = -5
[   15.9451] open name host:/livepad.bin flag 1 data 41378
[   15.9459] open fd = -5
[   15.9464] open name host:/livedbg.cmd flag 1 data 41378
[   15.9469] open fd = -5
[   15.9659] open name host:/livepad.bin flag 1 data 41378
[   15.9665] open fd = -5
[   15.9852] open name host:/livepad.bin flag 1 data 41378
[   15.9860] open fd = -5
[   16.0053] open name host:/livepad.bin flag 1 data 41378
[   16.0060] open fd = -5
[   16.0249] open name host:/livepad.bin flag 1 data 41378
[   16.0256] open fd = -5
[   16.0451] open name host:/livepad.bin flag 1 data 41378
[   16.0459] open fd = -5
[   16.0653] open name host:/livepad.bin flag 1 data 41378
[   16.0661] open fd = -5
[   16.0666] open name host:/livedbg.cmd flag 1 data 41378
[   16.0670] open fd = -5
[   16.0847] open name host:/livepad.bin flag 1 data 41378
[   16.0854] open fd = -5
[   16.1051] open name host:/livepad.bin flag 1 data 41378
[   16.1059] open fd = -5
[   16.1255] open name host:/livepad.bin flag 1 data 41378
[   16.1262] open fd = -5
[   16.1458] open name host:/livepad.bin flag 1 data 41378
[   16.1467] open fd = -5
[   16.1656] open name host:/livepad.bin flag 1 data 41378
[   16.1663] open fd = -5
[   16.1848] open name host:/livepad.bin flag 1 data 41378
[   16.1855] open fd = -5
[   16.1859] open name host:/livedbg.cmd flag 1 data 41378
[   16.1864] open fd = -5
[   16.2050] open name host:/livepad.bin flag 1 data 41378
[   16.2057] open fd = -5
[   16.2252] open name host:/livepad.bin flag 1 data 41378
[   16.2258] open fd = -5
[   16.2461] open name host:/livepad.bin flag 1 data 41378
[   16.2468] open fd = -5
[   16.2650] open name host:/livepad.bin flag 1 data 41378
[   16.2658] open fd = -5
[   16.2848] open name host:/livepad.bin flag 1 data 41378
[   16.2856] open fd = -5
[   16.3048] open name host:/livepad.bin flag 1 data 41378
[   16.3056] open fd = -5
[   16.3061] open name host:/livedbg.cmd flag 1 data 41378
[   16.3066] open fd = -5
[   16.3252] open name host:/livepad.bin flag 1 data 41378
[   16.3261] open fd = -5
[   16.3447] open name host:/livepad.bin flag 1 data 41378
[   16.3456] open fd = -5
[   16.3660] open name host:/livepad.bin flag 1 data 41378
[   16.3667] open fd = -5
[   16.3862] open name host:/livepad.bin flag 1 data 41378
[   16.3869] open fd = -5
[   16.4069] open name host:/livepad.bin flag 1 data 41378
[   16.4076] open fd = -5
[   16.4246] open name host:/livepad.bin flag 1 data 41378
[   16.4253] open fd = -5
[   16.4257] open name host:/livedbg.cmd flag 1 data 41378
[   16.4263] open fd = -5
[   16.4445] open name host:/livepad.bin flag 1 data 41378
[   16.4452] open fd = -5
[   16.4647] open name host:/livepad.bin flag 1 data 41378
[   16.4658] open fd = -5
[   16.4853] open name host:/livepad.bin flag 1 data 41378
[   16.4861] open fd = -5
[   16.5049] open name host:/livepad.bin flag 1 data 41378
[   16.5057] open fd = -5
[   16.5250] open name host:/livepad.bin flag 1 data 41378
[   16.5258] open fd = -5
[   16.5449] open name host:/livepad.bin flag 1 data 41378
[   16.5457] open fd = -5
[   16.5462] open name host:/livedbg.cmd flag 1 data 41378
[   16.5467] open fd = -5
[   16.5652] open name host:/livepad.bin flag 1 data 41378
[   16.5661] open fd = -5
[   16.5859] FRAMEARENA frames=120 peak=1033488 resets=2 fallbacks=0 maxFrameBytes=2239536 maxBorrowed=2106144 freeKiB=15241
[   16.5865] NATIVEVIF frames=120 batches=122
[   16.5869] ORDEREDFRAME frames=120 splitFrames=1
[   16.5873] FRAMEPIPELINE starts=120 dmaBusyStarts=62
[   16.5878] open name host:/livepad.bin flag 1 data 41378
[   16.5885] open fd = -5
[   16.6058] open name host:/livepad.bin flag 1 data 41378
[   16.6065] open fd = -5
[   16.6257] open name host:/livepad.bin flag 1 data 41378
[   16.6263] open fd = -5
[   16.6456] open name host:/livepad.bin flag 1 data 41378
[   16.6464] open fd = -5
[   16.6657] open name host:/livepad.bin flag 1 data 41378
[   16.6665] open fd = -5
[   16.6669] open name host:/livedbg.cmd flag 1 data 41378
[   16.6674] open fd = -5
[   16.6859] open name host:/livepad.bin flag 1 data 41378
[   16.6865] open fd = -5
[   16.7046] open name host:/livepad.bin flag 1 data 41378
[   16.7053] open fd = -5
[   16.7252] open name host:/livepad.bin flag 1 data 41378
[   16.7260] open fd = -5
[   16.7460] open name host:/livepad.bin flag 1 data 41378
[   16.7468] open fd = -5
[   16.7657] open name host:/livepad.bin flag 1 data 41378
[   16.7665] open fd = -5
[   16.7865] open name host:/livepad.bin flag 1 data 41378
[   16.7873] open fd = -5
[   16.7876] open name host:/livedbg.cmd flag 1 data 41378
[   16.7881] open fd = -5
[   16.8059] open name host:/livepad.bin flag 1 data 41378
[   16.8066] open fd = -5
[   16.8249] open name host:/livepad.bin flag 1 data 41378
[   16.8257] open fd = -5
[   16.8450] open name host:/livepad.bin flag 1 data 41378
[   16.8458] open fd = -5
[   16.8653] open name host:/livepad.bin flag 1 data 41378
[   16.8660] open fd = -5
[   16.8858] open name host:/livepad.bin flag 1 data 41378
[   16.8866] open fd = -5
[   16.9054] open name host:/livepad.bin flag 1 data 41378
[   16.9060] open fd = -5
[   16.9065] open name host:/livedbg.cmd flag 1 data 41378
[   16.9071] open fd = -5
[   16.9250] open name host:/livepad.bin flag 1 data 41378
[   16.9258] open fd = -5
[   16.9449] open name host:/livepad.bin flag 1 data 41378
[   16.9457] open fd = -5
[   16.9655] open name host:/livepad.bin flag 1 data 41378
[   16.9662] open fd = -5
[   16.9853] open name host:/livepad.bin flag 1 data 41378
[   16.9859] open fd = -5
[   17.0048] open name host:/livepad.bin flag 1 data 41378
[   17.0056] open fd = -5
[   17.0256] open name host:/livepad.bin flag 1 data 41378
[   17.0264] open fd = -5
[   17.0270] open name host:/livedbg.cmd flag 1 data 41378
[   17.0275] open fd = -5
[   17.0449] open name host:/livepad.bin flag 1 data 41378
[   17.0457] open fd = -5
[   17.0658] open name host:/livepad.bin flag 1 data 41378
[   17.0666] open fd = -5
[   17.0856] open name host:/livepad.bin flag 1 data 41378
[   17.0865] open fd = -5
[   17.1055] open name host:/livepad.bin flag 1 data 41378
[   17.1064] open fd = -5
[   17.1245] open name host:/livepad.bin flag 1 data 41378
[   17.1252] open fd = -5
[   17.1449] open name host:/livepad.bin flag 1 data 41378
[   17.1456] open fd = -5
[   17.1460] open name host:/livedbg.cmd flag 1 data 41378
[   17.1468] open fd = -5
[   17.1663] open name host:/livepad.bin flag 1 data 41378
[   17.1672] open fd = -5
[   17.1853] open name host:/livepad.bin flag 1 data 41378
[   17.1860] open fd = -5
[   17.2050] open name host:/livepad.bin flag 1 data 41378
[   17.2058] open fd = -5
[   17.2247] open name host:/livepad.bin flag 1 data 41378
[   17.2254] open fd = -5
[   17.2458] open name host:/livepad.bin flag 1 data 41378
[   17.2465] open fd = -5
[   17.2649] open name host:/livepad.bin flag 1 data 41378
[   17.2657] open fd = -5
[   17.2663] open name host:/livedbg.cmd flag 1 data 41378
[   17.2668] open fd = -5
[   17.2852] open name host:/livepad.bin flag 1 data 41378
[   17.2861] open fd = -5
[   17.3064] open name host:/livepad.bin flag 1 data 41378
[   17.3071] open fd = -5
[   17.3269] open name host:/livepad.bin flag 1 data 41378
[   17.3278] open fd = -5
[   17.3451] open name host:/livepad.bin flag 1 data 41378
[   17.3461] open fd = -5
[   17.3652] open name host:/livepad.bin flag 1 data 41378
[   17.3660] open fd = -5
[   17.3855] open name host:/livepad.bin flag 1 data 41378
[   17.3863] open fd = -5
[   17.3866] open name host:/livedbg.cmd flag 1 data 41378
[   17.3870] open fd = -5
[   17.4057] open name host:/livepad.bin flag 1 data 41378
[   17.4065] open fd = -5
[   17.4256] open name host:/livepad.bin flag 1 data 41378
[   17.4263] open fd = -5
[   17.4444] open name host:/livepad.bin flag 1 data 41378
[   17.4452] open fd = -5
[   17.4647] open name host:/livepad.bin flag 1 data 41378
[   17.4656] open fd = -5
[   17.4861] open name host:/livepad.bin flag 1 data 41378
[   17.4868] open fd = -5
[   17.5064] open name host:/livepad.bin flag 1 data 41378
[   17.5072] open fd = -5
[   17.5076] open name host:/livedbg.cmd flag 1 data 41378
[   17.5082] open fd = -5
[   17.5249] open name host:/livepad.bin flag 1 data 41378
[   17.5257] open fd = -5
[   17.5454] open name host:/livepad.bin flag 1 data 41378
[   17.5463] open fd = -5
[   17.5657] open name host:/livepad.bin flag 1 data 41378
[   17.5666] open fd = -5
[   17.5859] open name host:/livepad.bin flag 1 data 41378
[   17.5868] open fd = -5
[   17.6062] open name host:/livepad.bin flag 1 data 41378
[   17.6071] open fd = -5
[   17.6258] open name host:/livepad.bin flag 1 data 41378
[   17.6267] open fd = -5
[   17.6272] open name host:/livedbg.cmd flag 1 data 41378
[   17.6279] open fd = -5
[   17.6465] open name host:/livepad.bin flag 1 data 41378
[   17.6474] open fd = -5
[   17.6655] open name host:/livepad.bin flag 1 data 41378
[   17.6664] open fd = -5
[   17.6857] open name host:/livepad.bin flag 1 data 41378
[   17.6866] open fd = -5
[   17.7054] open name host:/livepad.bin flag 1 data 41378
[   17.7064] open fd = -5
[   17.7257] open name host:/livepad.bin flag 1 data 41378
[   17.7266] open fd = -5
[   17.7457] open name host:/livepad.bin flag 1 data 41378
[   17.7467] open fd = -5
[   17.7473] open name host:/livedbg.cmd flag 1 data 41378
[   17.7478] open fd = -5
[   17.7662] open name host:/livepad.bin flag 1 data 41378
[   17.7669] open fd = -5
[   17.7864] open name host:/livepad.bin flag 1 data 41378
[   17.7872] open fd = -5
[   17.8064] open name host:/livepad.bin flag 1 data 41378
[   17.8072] open fd = -5
[   17.8260] open name host:/livepad.bin flag 1 data 41378
[   17.8268] open fd = -5
[   17.8451] open name host:/livepad.bin flag 1 data 41378
[   17.8461] open fd = -5
[   17.8659] open name host:/livepad.bin flag 1 data 41378
[   17.8667] open fd = -5
[   17.8671] open name host:/livedbg.cmd flag 1 data 41378
[   17.8677] open fd = -5
[   17.8857] open name host:/livepad.bin flag 1 data 41378
[   17.8866] open fd = -5
[   17.9048] open name host:/livepad.bin flag 1 data 41378
[   17.9056] open fd = -5
[   17.9258] open name host:/livepad.bin flag 1 data 41378
[   17.9266] open fd = -5
[   17.9465] open name host:/livepad.bin flag 1 data 41378
[   17.9476] open fd = -5
[   17.9669] open name host:/livepad.bin flag 1 data 41378
[   17.9677] open fd = -5
[   17.9858] open name host:/livepad.bin flag 1 data 41378
[   17.9867] open fd = -5
[   17.9873] open name host:/livedbg.cmd flag 1 data 41378
[   17.9880] open fd = -5
[   18.0058] open name host:/livepad.bin flag 1 data 41378
[   18.0067] open fd = -5
[   18.0261] open name host:/livepad.bin flag 1 data 41378
[   18.0269] open fd = -5
[   18.0448] open name host:/livepad.bin flag 1 data 41378
[   18.0456] open fd = -5
[   18.0660] open name host:/livepad.bin flag 1 data 41378
[   18.0668] open fd = -5
[   18.0854] open name host:/livepad.bin flag 1 data 41378
[   18.0863] open fd = -5
[   18.1055] open name host:/livepad.bin flag 1 data 41378
[   18.1064] open fd = -5
[   18.1067] open name host:/livedbg.cmd flag 1 data 41378
[   18.1072] open fd = -5
[   18.1274] open name host:/livepad.bin flag 1 data 41378
[   18.1283] open fd = -5
[   18.1458] open name host:/livepad.bin flag 1 data 41378
[   18.1466] open fd = -5
[   18.1653] open name host:/livepad.bin flag 1 data 41378
[   18.1662] open fd = -5
[   18.1852] open name host:/livepad.bin flag 1 data 41378
[   18.1861] open fd = -5
[   18.2063] open name host:/livepad.bin flag 1 data 41378
[   18.2072] open fd = -5
[   18.2259] open name host:/livepad.bin flag 1 data 41378
[   18.2266] open fd = -5
[   18.2272] open name host:/livedbg.cmd flag 1 data 41378
[   18.2277] open fd = -5
[   18.2452] open name host:/livepad.bin flag 1 data 41378
[   18.2461] open fd = -5
[   18.2658] open name host:/livepad.bin flag 1 data 41378
[   18.2668] open fd = -5
[   18.2860] open name host:/livepad.bin flag 1 data 41378
[   18.2869] open fd = -5
[   18.3051] open name host:/livepad.bin flag 1 data 41378
[   18.3060] open fd = -5
[   18.3265] open name host:/livepad.bin flag 1 data 41378
[   18.3273] open fd = -5
[   18.3458] open name host:/livepad.bin flag 1 data 41378
[   18.3468] open fd = -5
[   18.3473] open name host:/livedbg.cmd flag 1 data 41378
[   18.3480] open fd = -5
[   18.3674] open name host:/livepad.bin flag 1 data 41378
[   18.3683] open fd = -5
[   18.3857] open name host:/livepad.bin flag 1 data 41378
[   18.3866] open fd = -5
[   18.4053] open name host:/livepad.bin flag 1 data 41378
[   18.4061] open fd = -5
[   18.4255] open name host:/livepad.bin flag 1 data 41378
[   18.4264] open fd = -5
[   18.4454] open name host:/livepad.bin flag 1 data 41378
[   18.4462] open fd = -5
[   18.4651] open name host:/livepad.bin flag 1 data 41378
[   18.4661] open fd = -5
[   18.4665] open name host:/livedbg.cmd flag 1 data 41378
[   18.4671] open fd = -5
[   18.4860] open name host:/livepad.bin flag 1 data 41378
[   18.4868] open fd = -5
[   18.5070] open name host:/livepad.bin flag 1 data 41378
[   18.5077] open fd = -5
[   18.5267] open name host:/livepad.bin flag 1 data 41378
[   18.5274] open fd = -5
[   18.5465] open name host:/livepad.bin flag 1 data 41378
[   18.5472] open fd = -5
[   18.5673] open name host:/livepad.bin flag 1 data 41378
[   18.5681] open fd = -5
[   18.5866] open name host:/livepad.bin flag 1 data 41378
[   18.5877] open fd = -5
[   18.5882] open name host:/livedbg.cmd flag 1 data 41378
[   18.5897] open fd = 256
[   18.5927] open name host:/livedbg.bin flag 602 data 41378
[   18.5945] open fd = 256
[   18.6130] open name host:/livepad.bin flag 1 data 41378
[   18.6140] open fd = -5
[   18.6320] open name host:/livepad.bin flag 1 data 41378
[   18.6333] open fd = -5
[   18.6510] open name host:/livepad.bin flag 1 data 41378
[   18.6517] open fd = -5
[   18.6694] open name host:/livepad.bin flag 1 data 41378
[   18.6702] open fd = -5
[   18.6878] open name host:/livepad.bin flag 1 data 41378
[   18.6886] open fd = -5
[   18.7076] open name host:/livepad.bin flag 1 data 41378
[   18.7083] open fd = -5
[   18.7087] open name host:/livedbg.cmd flag 1 data 41378
[   18.7100] open fd = 256
[   18.7122] open name host:/livedbg.bin flag 602 data 41378
[   18.7142] open fd = 256
[   18.7344] open name host:/livepad.bin flag 1 data 41378
[   18.7353] open fd = -5
[   18.7536] open name host:/livepad.bin flag 1 data 41378
[   18.7543] open fd = -5
[   18.7727] open name host:/livepad.bin flag 1 data 41378
[   18.7734] open fd = -5
[   18.7906] open name host:/livepad.bin flag 1 data 41378
[   18.7914] open fd = -5
[   18.8091] open name host:/livepad.bin flag 1 data 41378
[   18.8096] open fd = -5
[   18.8275] open name host:/livepad.bin flag 1 data 41378
[   18.8281] open fd = -5
[   18.8285] open name host:/livedbg.cmd flag 1 data 41378
[   18.8302] open fd = 256
[   18.8324] open name host:/livedbg.bin flag 602 data 41378
[   18.8349] open fd = 256
[   18.8543] open name host:/livepad.bin flag 1 data 41378
[   18.8549] open fd = -5
[   18.8714] open name host:/livepad.bin flag 1 data 41378
[   18.8721] open fd = -5
[   18.8885] open name host:/livepad.bin flag 1 data 41378
[   18.8892] open fd = -5
[   18.9059] open name host:/livepad.bin flag 1 data 41378
[   18.9068] open fd = -5
[   18.9249] open name host:/livepad.bin flag 1 data 41378
[   18.9255] open fd = -5
[   18.9447] open name host:/livepad.bin flag 1 data 41378
[   18.9453] open fd = -5
[   18.9457] open name host:/livedbg.cmd flag 1 data 41378
[   18.9474] open fd = 256
[   18.9496] open name host:/livedbg.bin flag 602 data 41378
[   18.9516] open fd = 256
[   18.9708] open name host:/livepad.bin flag 1 data 41378
[   18.9717] open fd = -5
[   18.9895] FRAMEARENA frames=240 peak=1033488 resets=2 fallbacks=0 maxFrameBytes=2239536 maxBorrowed=2106144 freeKiB=15241
[   18.9899] NATIVEVIF frames=240 batches=242
[   18.9903] ORDEREDFRAME frames=240 splitFrames=1
[   18.9908] FRAMEPIPELINE starts=240 dmaBusyStarts=165
[   18.9914] open name host:/livepad.bin flag 1 data 41378
[   18.9919] open fd = -5
[   19.0087] open name host:/livepad.bin flag 1 data 41378
[   19.0095] open fd = -5
[   19.0256] open name host:/livepad.bin flag 1 data 41378
[   19.0261] open fd = -5
[   19.0469] open name host:/livepad.bin flag 1 data 41378
[   19.0476] open fd = -5
[   19.0657] open name host:/livepad.bin flag 1 data 41378
[   19.0664] open fd = -5
[   19.0668] open name host:/livedbg.cmd flag 1 data 41378
[   19.0683] open fd = 256
[   19.0703] open name host:/livedbg.bin flag 602 data 41378
[   19.0723] open fd = 256
[   19.0915] open name host:/livepad.bin flag 1 data 41378
[   19.0923] open fd = -5
[   19.1093] open name host:/livepad.bin flag 1 data 41378
[   19.1099] open fd = -5
[   19.1279] open name host:/livepad.bin flag 1 data 41378
[   19.1286] open fd = -5
[   19.1463] open name host:/livepad.bin flag 1 data 41378
[   19.1473] open fd = -5
[   19.1652] open name host:/livepad.bin flag 1 data 41378
[   19.1658] open fd = -5
[   19.1857] open name host:/livepad.bin flag 1 data 41378
[   19.1863] open fd = -5
[   19.1873] open name host:/livedbg.cmd flag 1 data 41378
[   19.1888] open fd = 256
[   19.1907] open name host:/livedbg.bin flag 602 data 41378
[   19.1928] open fd = 256
[   19.2106] open name host:/livepad.bin flag 1 data 41378
[   19.2115] open fd = -5
[   19.2281] open name host:/livepad.bin flag 1 data 41378
[   19.2287] open fd = -5
[   19.2463] open name host:/livepad.bin flag 1 data 41378
[   19.2469] open fd = -5
[   19.2652] open name host:/livepad.bin flag 1 data 41378
[   19.2658] open fd = -5
[   19.2851] open name host:/livepad.bin flag 1 data 41378
[   19.2859] open fd = -5
[   19.3049] open name host:/livepad.bin flag 1 data 41378
[   19.3055] open fd = -5
[   19.3060] open name host:/livedbg.cmd flag 1 data 41378
[   19.3074] open fd = 256
[   19.3093] open name host:/livedbg.bin flag 602 data 41378
[   19.3116] open fd = 256
[   19.3306] open name host:/livepad.bin flag 1 data 41378
[   19.3312] open fd = -5
[   19.3493] open name host:/livepad.bin flag 1 data 41378
[   19.3500] open fd = -5
[   19.3671] open name host:/livepad.bin flag 1 data 41378
[   19.3678] open fd = -5
[   19.3849] open name host:/livepad.bin flag 1 data 41378
[   19.3855] open fd = -5
[   19.4053] open name host:/livepad.bin flag 1 data 41378
[   19.4060] open fd = -5
[   19.4251] open name host:/livepad.bin flag 1 data 41378
[   19.4258] open fd = -5
[   19.4263] open name host:/livedbg.cmd flag 1 data 41378
[   19.4276] open fd = 256
[   19.4298] open name host:/livedbg.bin flag 602 data 41378
[   19.4319] open fd = 256
[   19.4511] open name host:/livepad.bin flag 1 data 41378
[   19.4517] open fd = -5
[   19.4698] open name host:/livepad.bin flag 1 data 41378
[   19.4703] open fd = -5
[   19.4876] open name host:/livepad.bin flag 1 data 41378
[   19.4883] open fd = -5
[   19.5058] open name host:/livepad.bin flag 1 data 41378
[   19.5064] open fd = -5
[   19.5253] open name host:/livepad.bin flag 1 data 41378
[   19.5259] open fd = -5
[   19.5460] open name host:/livepad.bin flag 1 data 41378
[   19.5467] open fd = -5
[   19.5471] open name host:/livedbg.cmd flag 1 data 41378
[   19.5485] open fd = 256
[   19.5506] open name host:/livedbg.bin flag 602 data 41378
[   19.5529] open fd = 256
[   19.5556] open name host:/log.txt flag 302 data 41378
[   19.5571] open fd = 256
[   19.5749] open name host:/livepad.bin flag 1 data 41378
[   19.5755] open fd = -5
[   19.5927] open name host:/livepad.bin flag 1 data 41378
[   19.5933] open fd = -5
[   19.6107] open name host:/livepad.bin flag 1 data 41378
[   19.6114] open fd = -5
[   19.6283] open name host:/livepad.bin flag 1 data 41378
[   19.6289] open fd = -5
[   19.6463] open name host:/livepad.bin flag 1 data 41378
[   19.6469] open fd = -5
[   19.6667] open name host:/livepad.bin flag 1 data 41378
[   19.6674] open fd = -5
[   19.6678] open name host:/livedbg.cmd flag 1 data 41378
[   19.6689] open fd = 256
[   19.6709] open name host:/livedbg.bin flag 602 data 41378
[   19.6733] open fd = 256
[   19.6931] open name host:/livepad.bin flag 1 data 41378
[   19.6937] open fd = -5
[   19.7111] open name host:/livepad.bin flag 1 data 41378
[   19.7117] open fd = -5
[   19.7295] open name host:/livepad.bin flag 1 data 41378
[   19.7303] open fd = -5
[   19.7465] open name host:/livepad.bin flag 1 data 41378
[   19.7472] open fd = -5
[   19.7660] open name host:/livepad.bin flag 1 data 41378
[   19.7666] open fd = -5
[   19.7852] open name host:/livepad.bin flag 1 data 41378
[   19.7857] open fd = -5
[   19.7863] open name host:/livedbg.cmd flag 1 data 41378
[   19.7876] open fd = 256
[   19.7895] open name host:/livedbg.bin flag 602 data 41378
[   19.7915] open fd = 256
[   19.8097] open name host:/livepad.bin flag 1 data 41378
[   19.8102] open fd = -5
[   19.8270] open name host:/livepad.bin flag 1 data 41378
[   19.8277] open fd = -5
[   19.8452] open name host:/livepad.bin flag 1 data 41378
[   19.8458] open fd = -5
[   19.8657] open name host:/livepad.bin flag 1 data 41378
[   19.8663] open fd = -5
[   19.8853] open name host:/livepad.bin flag 1 data 41378
[   19.8860] open fd = -5
[   19.9047] open name host:/livepad.bin flag 1 data 41378
[   19.9054] open fd = -5
[   19.9058] open name host:/livedbg.cmd flag 1 data 41378
[   19.9071] open fd = 256
[   19.9092] open name host:/livedbg.bin flag 602 data 41378
[   19.9116] open fd = 256
[   19.9295] open name host:/livepad.bin flag 1 data 41378
[   19.9301] open fd = -5
[   19.9476] open name host:/livepad.bin flag 1 data 41378
[   19.9482] open fd = -5
[   19.9660] open name host:/livepad.bin flag 1 data 41378
[   19.9667] open fd = -5
[   19.9850] open name host:/livepad.bin flag 1 data 41378
[   19.9857] open fd = -5
[   20.0055] open name host:/livepad.bin flag 1 data 41378
[   20.0060] open fd = -5
[   20.0257] open name host:/livepad.bin flag 1 data 41378
[   20.0262] open fd = -5
[   20.0265] open name host:/livedbg.cmd flag 1 data 41378
[   20.0278] open fd = 256
[   20.0297] open name host:/livedbg.bin flag 602 data 41378
[   20.0324] open fd = 256
[   20.0508] open name host:/livepad.bin flag 1 data 41378
[   20.0515] open fd = -5
[   20.0673] open name host:/livepad.bin flag 1 data 41378
[   20.0679] open fd = -5
[   20.0852] open name host:/livepad.bin flag 1 data 41378
[   20.0858] open fd = -5
[   20.1051] open name host:/livepad.bin flag 1 data 41378
[   20.1058] open fd = -5
[   20.1266] open name host:/livepad.bin flag 1 data 41378
[   20.1274] open fd = -5
[   20.1448] open name host:/livepad.bin flag 1 data 41378
[   20.1455] open fd = -5
[   20.1460] open name host:/livedbg.cmd flag 1 data 41378
[   20.1472] open fd = 256
[   20.1491] open name host:/livedbg.bin flag 602 data 41378
[   20.1514] open fd = 256
[   20.1696] open name host:/livepad.bin flag 1 data 41378
[   20.1702] open fd = -5
[   20.1872] open name host:/livepad.bin flag 1 data 41378
[   20.1878] open fd = -5
[   20.2069] open name host:/livepad.bin flag 1 data 41378
[   20.2076] open fd = -5
[   20.2251] open name host:/livepad.bin flag 1 data 41378
[   20.2258] open fd = -5
[   20.2454] open name host:/livepad.bin flag 1 data 41378
[   20.2461] open fd = -5
[   20.2654] open name host:/livepad.bin flag 1 data 41378
[   20.2661] open fd = -5
[   20.2665] open name host:/livedbg.cmd flag 1 data 41378
[   20.2678] open fd = 256
[   20.2700] open name host:/livedbg.bin flag 602 data 41378
[   20.2721] open fd = 256
[   20.2897] open name host:/livepad.bin flag 1 data 41378
[   20.2903] open fd = -5
[   20.3070] open name host:/livepad.bin flag 1 data 41378
[   20.3076] open fd = -5
[   20.3257] open name host:/livepad.bin flag 1 data 41378
[   20.3263] open fd = -5
[   20.3460] open name host:/livepad.bin flag 1 data 41378
[   20.3465] open fd = -5
[   20.3660] open name host:/livepad.bin flag 1 data 41378
[   20.3668] open fd = -5
[   20.3849] open name host:/livepad.bin flag 1 data 41378
[   20.3855] open fd = -5
[   20.3859] open name host:/livedbg.cmd flag 1 data 41378
[   20.3871] open fd = 256
[   20.3895] open name host:/livedbg.bin flag 602 data 41378
[   20.3915] open fd = 256
[   20.4094] open name host:/livepad.bin flag 1 data 41378
[   20.4101] open fd = -5
[   20.4275] open name host:/livepad.bin flag 1 data 41378
[   20.4281] open fd = -5
[   20.4458] open name host:/livepad.bin flag 1 data 41378
[   20.4466] open fd = -5
[   20.4666] open name host:/livepad.bin flag 1 data 41378
[   20.4673] open fd = -5
[   20.4856] open name host:/livepad.bin flag 1 data 41378
[   20.4863] open fd = -5
[   20.5061] open name host:/livepad.bin flag 1 data 41378
[   20.5067] open fd = -5
[   20.5071] open name host:/livedbg.cmd flag 1 data 41378
[   20.5084] open fd = 256
[   20.5105] open name host:/livedbg.bin flag 602 data 41378
[   20.5127] open fd = 256
[   20.5319] open name host:/livepad.bin flag 1 data 41378
[   20.5326] open fd = -5
[   20.5492] open name host:/livepad.bin flag 1 data 41378
[   20.5499] open fd = -5
[   20.5663] open name host:/livepad.bin flag 1 data 41378
[   20.5671] open fd = -5
[   20.5854] open name host:/livepad.bin flag 1 data 41378
[   20.5861] open fd = -5
[   20.6048] open name host:/livepad.bin flag 1 data 41378
[   20.6055] open fd = -5
[   20.6246] open name host:/livepad.bin flag 1 data 41378
[   20.6252] open fd = -5
[   20.6256] open name host:/livedbg.cmd flag 1 data 41378
[   20.6271] open fd = 256
[   20.6292] open name host:/livedbg.bin flag 602 data 41378
[   20.6317] open fd = 256
[   20.6500] open name host:/livepad.bin flag 1 data 41378
[   20.6509] open fd = -5
[   20.6692] open name host:/livepad.bin flag 1 data 41378
[   20.6701] open fd = -5
[   20.6938] open name host:/livepad.bin flag 1 data 41378
[   20.6945] open fd = -5
[   20.7156] open name host:/livepad.bin flag 1 data 41378
[   20.7163] open fd = -5
[   20.7356] open name host:/livepad.bin flag 1 data 41378
[   20.7362] open fd = -5
[   20.7541] open name host:/livepad.bin flag 1 data 41378
[   20.7546] open fd = -5
[   20.7551] open name host:/livedbg.cmd flag 1 data 41378
[   20.7564] open fd = 256
[   20.7586] open name host:/livedbg.bin flag 602 data 41378
[   20.7605] open fd = 256
[   20.7796] open name host:/livepad.bin flag 1 data 41378
[   20.7802] open fd = -5
[   20.7982] open name host:/livepad.bin flag 1 data 41378
[   20.7989] open fd = -5
[   20.8208] open name host:/livepad.bin flag 1 data 41378
[   20.8216] open fd = -5
[   20.8393] open name host:/livepad.bin flag 1 data 41378
[   20.8399] open fd = -5
[   20.8577] open name host:/livepad.bin flag 1 data 41378
[   20.8583] open fd = -5
[   20.8756] open name host:/livepad.bin flag 1 data 41378
[   20.8764] open fd = -5
[   20.8768] open name host:/livedbg.cmd flag 1 data 41378
[   20.8781] open fd = 256
[   20.8803] open name host:/livedbg.bin flag 602 data 41378
[   20.8827] open fd = 256
[   20.9020] open name host:/livepad.bin flag 1 data 41378
[   20.9029] open fd = -5
[   20.9211] open name host:/livepad.bin flag 1 data 41378
[   20.9217] open fd = -5
[   20.9402] open name host:/livepad.bin flag 1 data 41378
[   20.9410] open fd = -5
[   20.9590] open name host:/livepad.bin flag 1 data 41378
[   20.9598] open fd = -5
[   20.9793] open name host:/livepad.bin flag 1 data 41378
[   20.9802] open fd = -5
[   21.0024] open name host:/livepad.bin flag 1 data 41378
[   21.0032] open fd = -5
[   21.0037] open name host:/livedbg.cmd flag 1 data 41378
[   21.0051] open fd = 256
[   21.0071] open name host:/livedbg.bin flag 602 data 41378
[   21.0091] open fd = 256
[   21.0277] open name host:/livepad.bin flag 1 data 41378
[   21.0283] open fd = -5
[   21.0452] open name host:/livepad.bin flag 1 data 41378
[   21.0460] open fd = -5
[   21.0665] open name host:/livepad.bin flag 1 data 41378
[   21.0671] open fd = -5
[   21.0872] open name host:/livepad.bin flag 1 data 41378
[   21.0878] open fd = -5
[   21.1068] open name host:/livepad.bin flag 1 data 41378
[   21.1075] open fd = -5
[   21.1270] open name host:/livepad.bin flag 1 data 41378
[   21.1276] open fd = -5
[   21.1281] open name host:/livedbg.cmd flag 1 data 41378
[   21.1300] open fd = 256
[   21.1319] open name host:/livedbg.bin flag 602 data 41378
[   21.1338] open fd = 256
[   21.1527] open name host:/livepad.bin flag 1 data 41378
[   21.1537] open fd = -5
[   21.1741] open name host:/livepad.bin flag 1 data 41378
[   21.1746] open fd = -5
[   21.1935] open name host:/livepad.bin flag 1 data 41378
[   21.1941] open fd = -5
[   21.2119] open name host:/livepad.bin flag 1 data 41378
[   21.2127] open fd = -5
[   21.2307] open name host:/livepad.bin flag 1 data 41378
[   21.2314] open fd = -5
[   21.2493] open name host:/livepad.bin flag 1 data 41378
[   21.2501] open fd = -5
[   21.2506] open name host:/livedbg.cmd flag 1 data 41378
[   21.2522] open fd = 256
[   21.2543] open name host:/livedbg.bin flag 602 data 41378
[   21.2564] open fd = 256
[   21.2751] open name host:/livepad.bin flag 1 data 41378
[   21.2757] open fd = -5
[   21.2937] open name host:/livepad.bin flag 1 data 41378
[   21.2944] open fd = -5
[   21.3120] open name host:/livepad.bin flag 1 data 41378
[   21.3127] open fd = -5
[   21.3304] open name host:/livepad.bin flag 1 data 41378
[   21.3312] open fd = -5
[   21.3498] open name host:/livepad.bin flag 1 data 41378
[   21.3504] open fd = -5
[   21.3679] open name host:/livepad.bin flag 1 data 41378
[   21.3687] open fd = -5
[   21.3692] open name host:/livedbg.cmd flag 1 data 41378
[   21.3708] open fd = 256
[   21.3732] open name host:/livedbg.bin flag 602 data 41378
[   21.3753] open fd = 256
[   21.3944] open name host:/livepad.bin flag 1 data 41378
[   21.3953] open fd = -5
[   21.4132] FRAMEARENA frames=360 peak=1033488 resets=2 fallbacks=0 maxFrameBytes=2239536 maxBorrowed=2106144 freeKiB=15245
[   21.4135] NATIVEVIF frames=360 batches=362
[   21.4140] ORDEREDFRAME frames=360 splitFrames=1
[   21.4146] FRAMEPIPELINE starts=360 dmaBusyStarts=264
[   21.4152] open name host:/livepad.bin flag 1 data 41378
[   21.4158] open fd = -5
[   21.4333] open name host:/livepad.bin flag 1 data 41378
[   21.4339] open fd = -5
[   21.4516] open name host:/livepad.bin flag 1 data 41378
[   21.4524] open fd = -5
[   21.4702] open name host:/livepad.bin flag 1 data 41378
[   21.4709] open fd = -5
[   21.4889] open name host:/livepad.bin flag 1 data 41378
[   21.4895] open fd = -5
[   21.4901] open name host:/livedbg.cmd flag 1 data 41378
[   21.4914] open fd = 256
[   21.4936] open name host:/livedbg.bin flag 602 data 41378
[   21.4957] open fd = 256
[   21.5160] open name host:/livepad.bin flag 1 data 41378
[   21.5167] open fd = -5
[   21.5355] open name host:/livepad.bin flag 1 data 41378
[   21.5361] open fd = -5
[   21.5546] open name host:/livepad.bin flag 1 data 41378
[   21.5552] open fd = -5
[   21.5731] open name host:/livepad.bin flag 1 data 41378
[   21.5736] open fd = -5
[   21.5907] open name host:/livepad.bin flag 1 data 41378
[   21.5915] open fd = -5
[   21.6080] open name host:/livepad.bin flag 1 data 41378
[   21.6086] open fd = -5
[   21.6092] open name host:/livedbg.cmd flag 1 data 41378
[   21.6108] open fd = 256
[   21.6129] open name host:/livedbg.bin flag 602 data 41378
[   21.6149] open fd = 256
[   21.6362] open name host:/livepad.bin flag 1 data 41378
[   21.6370] open fd = -5
[   21.6566] open name host:/livepad.bin flag 1 data 41378
[   21.6573] open fd = -5
[   21.6753] open name host:/livepad.bin flag 1 data 41378
[   21.6758] open fd = -5
[   21.6948] open name host:/livepad.bin flag 1 data 41378
[   21.6955] open fd = -5
[   21.7153] open name host:/livepad.bin flag 1 data 41378
[   21.7160] open fd = -5
[   21.7337] open name host:/livepad.bin flag 1 data 41378
[   21.7343] open fd = -5
[   21.7348] open name host:/livedbg.cmd flag 1 data 41378
[   21.7363] open fd = 256
[   21.7385] open name host:/livedbg.bin flag 602 data 41378
[   21.7407] open fd = 256
[   21.7605] open name host:/livepad.bin flag 1 data 41378
[   21.7611] open fd = -5
[   21.7789] open name host:/livepad.bin flag 1 data 41378
[   21.7798] open fd = -5
[   21.7976] open name host:/livepad.bin flag 1 data 41378
[   21.7982] open fd = -5
[   21.8167] open name host:/livepad.bin flag 1 data 41378
[   21.8175] open fd = -5
[   21.8346] open name host:/livepad.bin flag 1 data 41378
[   21.8352] open fd = -5
[   21.8522] open name host:/livepad.bin flag 1 data 41378
[   21.8527] open fd = -5
[   21.8532] open name host:/livedbg.cmd flag 1 data 41378
[   21.8545] open fd = 256
[   21.8568] open name host:/livedbg.bin flag 602 data 41378
[   21.8587] open fd = 256
[   21.8771] open name host:/livepad.bin flag 1 data 41378
[   21.8777] open fd = -5
[   21.8943] open name host:/livepad.bin flag 1 data 41378
[   21.8949] open fd = -5
[   21.9114] open name host:/livepad.bin flag 1 data 41378
[   21.9121] open fd = -5
[   21.9291] open name host:/livepad.bin flag 1 data 41378
[   21.9297] open fd = -5
[   21.9474] open name host:/livepad.bin flag 1 data 41378
[   21.9480] open fd = -5
[   21.9658] open name host:/livepad.bin flag 1 data 41378
[   21.9665] open fd = -5
[   21.9669] open name host:/livedbg.cmd flag 1 data 41378
[   21.9683] open fd = 256
[   21.9703] open name host:/livedbg.bin flag 602 data 41378
[   21.9726] open fd = 256
[   21.9914] open name host:/livepad.bin flag 1 data 41378
[   21.9920] open fd = -5
[   22.0085] open name host:/livepad.bin flag 1 data 41378
[   22.0091] open fd = -5
[   22.0266] open name host:/livepad.bin flag 1 data 41378
[   22.0273] open fd = -5
[   22.0464] open name host:/livepad.bin flag 1 data 41378
[   22.0471] open fd = -5
[   22.0658] open name host:/livepad.bin flag 1 data 41378
[   22.0665] open fd = -5
[   22.0862] open name host:/livepad.bin flag 1 data 41378
[   22.0869] open fd = -5
[   22.0874] open name host:/livedbg.cmd flag 1 data 41378
[   22.0888] open fd = 256
[   22.0909] open name host:/livedbg.bin flag 602 data 41378
[   22.0930] open fd = 256
[   22.1134] open name host:/livepad.bin flag 1 data 41378
[   22.1141] open fd = -5
[   22.1309] open name host:/livepad.bin flag 1 data 41378
[   22.1315] open fd = -5
[   22.1489] open name host:/livepad.bin flag 1 data 41378
[   22.1496] open fd = -5
[   22.1669] open name host:/livepad.bin flag 1 data 41378
[   22.1675] open fd = -5
[   22.1864] open name host:/livepad.bin flag 1 data 41378
[   22.1870] open fd = -5
[   22.2057] open name host:/livepad.bin flag 1 data 41378
[   22.2063] open fd = -5
[   22.2067] open name host:/livedbg.cmd flag 1 data 41378
[   22.2081] open fd = 256
[   22.2102] open name host:/livedbg.bin flag 602 data 41378
[   22.2127] open fd = 256
[   22.2324] open name host:/livepad.bin flag 1 data 41378
[   22.2332] open fd = -5
[   22.2515] open name host:/livepad.bin flag 1 data 41378
[   22.2522] open fd = -5
[   22.2718] open name host:/livepad.bin flag 1 data 41378
[   22.2725] open fd = -5
[   22.2907] open name host:/livepad.bin flag 1 data 41378
[   22.2914] open fd = -5
[   22.3089] open name host:/livepad.bin flag 1 data 41378
[   22.3095] open fd = -5
[   22.3265] open name host:/livepad.bin flag 1 data 41378
[   22.3271] open fd = -5
[   22.3276] open name host:/livedbg.cmd flag 1 data 41378
[   22.3289] open fd = 256
[   22.3312] open name host:/livedbg.bin flag 602 data 41378
[   22.3333] open fd = 256
[   22.3505] open name host:/livepad.bin flag 1 data 41378
[   22.3510] open fd = -5
[   22.3681] open name host:/livepad.bin flag 1 data 41378
[   22.3688] open fd = -5
[   22.3886] open name host:/livepad.bin flag 1 data 41378
[   22.3895] open fd = -5
[   22.4081] open name host:/livepad.bin flag 1 data 41378
[   22.4088] open fd = -5
[   22.4271] open name host:/livepad.bin flag 1 data 41378
[   22.4278] open fd = -5
[   22.4464] open name host:/livepad.bin flag 1 data 41378
[   22.4471] open fd = -5
[   22.4476] open name host:/livedbg.cmd flag 1 data 41378
[   22.4489] open fd = 256
[   22.4511] open name host:/livedbg.bin flag 602 data 41378
[   22.4532] open fd = 256
[   22.4725] open name host:/livepad.bin flag 1 data 41378
[   22.4732] open fd = -5
[   22.4902] open name host:/livepad.bin flag 1 data 41378
[   22.4908] open fd = -5
[   22.5084] open name host:/livepad.bin flag 1 data 41378
[   22.5092] open fd = -5
[   22.5287] open name host:/livepad.bin flag 1 data 41378
[   22.5294] open fd = -5
[   22.5471] open name host:/livepad.bin flag 1 data 41378
[   22.5478] open fd = -5
[   22.5667] open name host:/livepad.bin flag 1 data 41378
[   22.5674] open fd = -5
[   22.5679] open name host:/livedbg.cmd flag 1 data 41378
[   22.5693] open fd = 256
[   22.5712] open name host:/livedbg.bin flag 602 data 41378
[   22.5731] open fd = 256
[   22.5758] open name host:/log.txt flag 302 data 41378
[   22.5773] open fd = 256
[   22.5951] open name host:/livepad.bin flag 1 data 41378
[   22.5958] open fd = -5
[   22.6129] open name host:/livepad.bin flag 1 data 41378
[   22.6136] open fd = -5
[   22.6326] open name host:/livepad.bin flag 1 data 41378
[   22.6334] open fd = -5
[   22.6505] open name host:/livepad.bin flag 1 data 41378
[   22.6513] open fd = -5
[   22.6697] open name host:/livepad.bin flag 1 data 41378
[   22.6705] open fd = -5
[   22.6892] open name host:/livepad.bin flag 1 data 41378
[   22.6899] open fd = -5
[   22.6904] open name host:/livedbg.cmd flag 1 data 41378
[   22.6917] open fd = 256
[   22.6938] open name host:/livedbg.bin flag 602 data 41378
[   22.6960] open fd = 256
[   22.7152] open name host:/livepad.bin flag 1 data 41378
[   22.7157] open fd = -5
[   22.7329] open name host:/livepad.bin flag 1 data 41378
[   22.7336] open fd = -5
[   22.7502] open name host:/livepad.bin flag 1 data 41378
[   22.7508] open fd = -5
[   22.7685] open name host:/livepad.bin flag 1 data 41378
[   22.7692] open fd = -5
[   22.7897] open name host:/livepad.bin flag 1 data 41378
[   22.7903] open fd = -5
[   22.8078] open name host:/livepad.bin flag 1 data 41378
[   22.8087] open fd = -5
[   22.8093] open name host:/livedbg.cmd flag 1 data 41378
[   22.8107] open fd = 256
[   22.8132] open name host:/livedbg.bin flag 602 data 41378
[   22.8152] open fd = 256
[   22.8329] open name host:/livepad.bin flag 1 data 41378
[   22.8335] open fd = -5
[   22.8515] open name host:/livepad.bin flag 1 data 41378
[   22.8524] open fd = -5
[   22.8702] open name host:/livepad.bin flag 1 data 41378
[   22.8711] open fd = -5
[   22.8886] open name host:/livepad.bin flag 1 data 41378
[   22.8893] open fd = -5
[   22.9062] open name host:/livepad.bin flag 1 data 41378
[   22.9068] open fd = -5
[   22.9247] open name host:/livepad.bin flag 1 data 41378
[   22.9253] open fd = -5
[   22.9258] open name host:/livedbg.cmd flag 1 data 41378
[   22.9273] open fd = 256
[   22.9292] open name host:/livedbg.bin flag 602 data 41378
[   22.9316] open fd = 256
[   22.9500] open name host:/livepad.bin flag 1 data 41378
[   22.9507] open fd = -5
[   22.9687] open name host:/livepad.bin flag 1 data 41378
[   22.9694] open fd = -5
[   22.9870] open name host:/livepad.bin flag 1 data 41378
[   22.9877] open fd = -5
[   23.0060] open name host:/livepad.bin flag 1 data 41378
[   23.0066] open fd = -5
[   23.0259] open name host:/livepad.bin flag 1 data 41378
[   23.0266] open fd = -5
[   23.0451] open name host:/livepad.bin flag 1 data 41378
[   23.0458] open fd = -5
[   23.0463] open name host:/livedbg.cmd flag 1 data 41378
[   23.0478] open fd = 256
[   23.0499] open name host:/livedbg.bin flag 602 data 41378
[   23.0519] open fd = 256
[   23.0712] open name host:/livepad.bin flag 1 data 41378
[   23.0718] open fd = -5
[   23.0890] open name host:/livepad.bin flag 1 data 41378
[   23.0897] open fd = -5
[   23.1060] open name host:/livepad.bin flag 1 data 41378
[   23.1066] open fd = -5
[   23.1255] open name host:/livepad.bin flag 1 data 41378
[   23.1263] open fd = -5
[   23.1490] open name host:/livepad.bin flag 1 data 41378
[   23.1497] open fd = -5
[   23.1693] open name host:/livepad.bin flag 1 data 41378
[   23.1701] open fd = -5
[   23.1708] open name host:/livedbg.cmd flag 1 data 41378
[   23.1722] open fd = 256
[   23.1745] open name host:/livedbg.bin flag 602 data 41378
[   23.1767] open fd = 256
[   23.1978] open name host:/livepad.bin flag 1 data 41378
[   23.1985] open fd = -5
[   23.2176] open name host:/livepad.bin flag 1 data 41378
[   23.2183] open fd = -5
[   23.2368] open name host:/livepad.bin flag 1 data 41378
[   23.2375] open fd = -5
[   23.2561] open name host:/livepad.bin flag 1 data 41378
[   23.2567] open fd = -5
[   23.2746] open name host:/livepad.bin flag 1 data 41378
[   23.2752] open fd = -5
[   23.2924] open name host:/livepad.bin flag 1 data 41378
[   23.2930] open fd = -5
[   23.2935] open name host:/livedbg.cmd flag 1 data 41378
[   23.2948] open fd = 256
[   23.2973] open name host:/livedbg.bin flag 602 data 41378
[   23.2998] open fd = 256
[   23.3191] open name host:/livepad.bin flag 1 data 41378
[   23.3197] open fd = -5
[   23.3368] open name host:/livepad.bin flag 1 data 41378
[   23.3374] open fd = -5
[   23.3552] open name host:/livepad.bin flag 1 data 41378
[   23.3559] open fd = -5
[   23.3732] open name host:/livepad.bin flag 1 data 41378
[   23.3739] open fd = -5
[   23.3919] open name host:/livepad.bin flag 1 data 41378
[   23.3925] open fd = -5
[   23.4093] open name host:/livepad.bin flag 1 data 41378
[   23.4100] open fd = -5
[   23.4105] open name host:/livedbg.cmd flag 1 data 41378
[   23.4120] open fd = 256
[   23.4141] open name host:/livedbg.bin flag 602 data 41378
[   23.4162] open fd = 256
[   23.4370] open name host:/livepad.bin flag 1 data 41378
[   23.4376] open fd = -5
[   23.4542] open name host:/livepad.bin flag 1 data 41378
[   23.4549] open fd = -5
[   23.4721] open name host:/livepad.bin flag 1 data 41378
[   23.4728] open fd = -5
[   23.4890] open name host:/livepad.bin flag 1 data 41378
[   23.4896] open fd = -5
[   23.5072] open name host:/livepad.bin flag 1 data 41378
[   23.5079] open fd = -5
[   23.5264] open name host:/livepad.bin flag 1 data 41378
[   23.5270] open fd = -5
[   23.5274] open name host:/livedbg.cmd flag 1 data 41378
[   23.5291] open fd = 256
[   23.5315] open name host:/livedbg.bin flag 602 data 41378
[   23.5336] open fd = 256
[   23.5522] open name host:/livepad.bin flag 1 data 41378
[   23.5530] open fd = -5
[   23.5707] open name host:/livepad.bin flag 1 data 41378
[   23.5715] open fd = -5
[   23.5901] open name host:/livepad.bin flag 1 data 41378
[   23.5909] open fd = -5
[   23.6076] open name host:/livepad.bin flag 1 data 41378
[   23.6083] open fd = -5
[   23.6262] open name host:/livepad.bin flag 1 data 41378
[   23.6268] open fd = -5
[   23.6458] open name host:/livepad.bin flag 1 data 41378
[   23.6464] open fd = -5
[   23.6469] open name host:/livedbg.cmd flag 1 data 41378
[   23.6484] open fd = 256
[   23.6507] open name host:/livedbg.bin flag 602 data 41378
[   23.6529] open fd = 256
[   23.6717] open name host:/livepad.bin flag 1 data 41378
[   23.6723] open fd = -5
[   23.6898] open name host:/livepad.bin flag 1 data 41378
[   23.6904] open fd = -5
[   23.7075] open name host:/livepad.bin flag 1 data 41378
[   23.7084] open fd = -5
[   23.7261] open name host:/livepad.bin flag 1 data 41378
[   23.7268] open fd = -5
[   23.7453] open name host:/livepad.bin flag 1 data 41378
[   23.7460] open fd = -5
[   23.7661] open name host:/livepad.bin flag 1 data 41378
[   23.7667] open fd = -5
[   23.7672] open name host:/livedbg.cmd flag 1 data 41378
[   23.7686] open fd = 256
[   23.7708] open name host:/livedbg.bin flag 602 data 41378
[   23.7729] open fd = 256
[   23.7930] open name host:/livepad.bin flag 1 data 41378
[   23.7936] open fd = -5
[   23.8110] FRAMEARENA frames=480 peak=1033488 resets=2 fallbacks=0 maxFrameBytes=2239536 maxBorrowed=2106144 freeKiB=15245
[   23.8116] NATIVEVIF frames=480 batches=482
[   23.8120] ORDEREDFRAME frames=480 splitFrames=1
[   23.8124] FRAMEPIPELINE starts=480 dmaBusyStarts=363
[   23.8130] open name host:/livepad.bin flag 1 data 41378
[   23.8137] open fd = -5
[   23.8315] open name host:/livepad.bin flag 1 data 41378
[   23.8322] open fd = -5
[   23.8506] open name host:/livepad.bin flag 1 data 41378
[   23.8514] open fd = -5
[   23.8706] open name host:/livepad.bin flag 1 data 41378
[   23.8713] open fd = -5
[   23.8906] open name host:/livepad.bin flag 1 data 41378
[   23.8912] open fd = -5
[   23.8916] open name host:/livedbg.cmd flag 1 data 41378
[   23.8930] open fd = 256
[   23.8949] open name host:/livedbg.bin flag 602 data 41378
[   23.8972] open fd = 256
[   23.9168] open name host:/livepad.bin flag 1 data 41378
[   23.9175] open fd = -5
[   23.9347] open name host:/livepad.bin flag 1 data 41378
[   23.9354] open fd = -5
[   23.9538] open name host:/livepad.bin flag 1 data 41378
[   23.9546] open fd = -5
[   23.9729] open name host:/livepad.bin flag 1 data 41378
[   23.9736] open fd = -5
[   23.9929] open name host:/livepad.bin flag 1 data 41378
[   23.9935] open fd = -5
[   24.0110] open name host:/livepad.bin flag 1 data 41378
[   24.0116] open fd = -5
[   24.0120] open name host:/livedbg.cmd flag 1 data 41378
[   24.0134] open fd = 256
[   24.0154] open name host:/livedbg.bin flag 602 data 41378
[   24.0175] open fd = 256
[   24.0363] open name host:/livepad.bin flag 1 data 41378
[   24.0370] open fd = -5
[   24.0539] open name host:/livepad.bin flag 1 data 41378
[   24.0545] open fd = -5
[   24.0718] open name host:/livepad.bin flag 1 data 41378
[   24.0725] open fd = -5
[   24.0899] open name host:/livepad.bin flag 1 data 41378
[   24.0905] open fd = -5
[   24.1073] open name host:/livepad.bin flag 1 data 41378
[   24.1080] open fd = -5
[   24.1262] open name host:/livepad.bin flag 1 data 41378
[   24.1269] open fd = -5
[   24.1273] open name host:/livedbg.cmd flag 1 data 41378
[   24.1287] open fd = 256
[   24.1310] open name host:/livedbg.bin flag 602 data 41378
[   24.1333] open fd = 256
[   24.1517] open name host:/livepad.bin flag 1 data 41378
[   24.1523] open fd = -5
[   24.1687] open name host:/livepad.bin flag 1 data 41378
[   24.1693] open fd = -5
[   24.1869] open name host:/livepad.bin flag 1 data 41378
[   24.1875] open fd = -5
[   24.2063] open name host:/livepad.bin flag 1 data 41378
[   24.2069] open fd = -5
[   24.2261] open name host:/livepad.bin flag 1 data 41378
[   24.2267] open fd = -5
[   24.2460] open name host:/livepad.bin flag 1 data 41378
[   24.2466] open fd = -5
[   24.2471] open name host:/livedbg.cmd flag 1 data 41378
[   24.2484] open fd = 256
[   24.2505] open name host:/livedbg.bin flag 602 data 41378
[   24.2525] open fd = 256
[   24.2706] open name host:/livepad.bin flag 1 data 41378
[   24.2713] open fd = -5
[   24.2879] open name host:/livepad.bin flag 1 data 41378
[   24.2886] open fd = -5
[   24.3055] open name host:/livepad.bin flag 1 data 41378
[   24.3061] open fd = -5
[   24.3247] open name host:/livepad.bin flag 1 data 41378
[   24.3254] open fd = -5
[   24.3450] open name host:/livepad.bin flag 1 data 41378
[   24.3456] open fd = -5
[   24.3662] open name host:/livepad.bin flag 1 data 41378
[   24.3669] open fd = -5
[   24.3673] open name host:/livedbg.cmd flag 1 data 41378
[   24.3687] open fd = 256
[   24.3708] open name host:/livedbg.bin flag 602 data 41378
[   24.3730] open fd = 256
[   24.3911] open name host:/livepad.bin flag 1 data 41378
[   24.3917] open fd = -5
[   24.4078] open name host:/livepad.bin flag 1 data 41378
[   24.4085] open fd = -5
[   24.4257] open name host:/livepad.bin flag 1 data 41378
[   24.4266] open fd = -5
[   24.4454] open name host:/livepad.bin flag 1 data 41378
[   24.4461] open fd = -5
[   24.4654] open name host:/livepad.bin flag 1 data 41378
[   24.4659] open fd = -5
[   24.4863] open name host:/livepad.bin flag 1 data 41378
[   24.4870] open fd = -5
[   24.4874] open name host:/livedbg.cmd flag 1 data 41378
[   24.4888] open fd = 256
[   24.4911] open name host:/livedbg.bin flag 602 data 41378
[   24.4933] open fd = 256
[   24.5145] open name host:/livepad.bin flag 1 data 41378
[   24.5152] open fd = -5
[   24.5333] open name host:/livepad.bin flag 1 data 41378
[   24.5340] open fd = -5
[   24.5512] open name host:/livepad.bin flag 1 data 41378
[   24.5519] open fd = -5
[   24.5682] open name host:/livepad.bin flag 1 data 41378
[   24.5689] open fd = -5
[   24.5867] open name host:/livepad.bin flag 1 data 41378
[   24.5874] open fd = -5
[   24.6066] open name host:/livepad.bin flag 1 data 41378
[   24.6072] open fd = -5
[   24.6076] open name host:/livedbg.cmd flag 1 data 41378
[   24.6088] open fd = 256
[   24.6110] open name host:/livedbg.bin flag 602 data 41378
[   24.6131] open fd = 256
[   24.6329] open name host:/livepad.bin flag 1 data 41378
[   24.6335] open fd = -5
[   24.6526] open name host:/livepad.bin flag 1 data 41378
[   24.6533] open fd = -5
[   24.6705] open name host:/livepad.bin flag 1 data 41378
[   24.6710] open fd = -5
[   24.6892] open name host:/livepad.bin flag 1 data 41378
[   24.6898] open fd = -5
[   24.7084] open name host:/livepad.bin flag 1 data 41378
[   24.7090] open fd = -5
[   24.7286] open name host:/livepad.bin flag 1 data 41378
[   24.7299] open fd = -5
[   24.7310] open name host:/livedbg.cmd flag 1 data 41378
[   24.7341] open fd = 256
[   24.7379] open name host:/livedbg.bin flag 602 data 41378
[   24.7427] open fd = 256
[   24.7695] open name host:/livepad.bin flag 1 data 41378
[   24.7703] open fd = -5
[   24.7905] open name host:/livepad.bin flag 1 data 41378
[   24.7913] open fd = -5
[   24.8093] open name host:/livepad.bin flag 1 data 41378
[   24.8099] open fd = -5
[   24.8279] open name host:/livepad.bin flag 1 data 41378
[   24.8286] open fd = -5
[   24.8477] open name host:/livepad.bin flag 1 data 41378
[   24.8484] open fd = -5
[   24.8657] open name host:/livepad.bin flag 1 data 41378
[   24.8664] open fd = -5
[   24.8669] open name host:/livedbg.cmd flag 1 data 41378
[   24.8682] open fd = 256
[   24.8702] open name host:/livedbg.bin flag 602 data 41378
[   24.8723] open fd = 256
[   24.8918] open name host:/livepad.bin flag 1 data 41378
[   24.8925] open fd = -5
[   24.9098] open name host:/livepad.bin flag 1 data 41378
[   24.9105] open fd = -5
[   24.9292] open name host:/livepad.bin flag 1 data 41378
[   24.9299] open fd = -5
[   24.9476] open name host:/livepad.bin flag 1 data 41378
[   24.9482] open fd = -5
[   24.9672] open name host:/livepad.bin flag 1 data 41378
[   24.9678] open fd = -5
[   24.9865] open name host:/livepad.bin flag 1 data 41378
[   24.9872] open fd = -5
[   24.9877] open name host:/livedbg.cmd flag 1 data 41378
[   24.9891] open fd = 256
[   24.9914] open name host:/livedbg.bin flag 602 data 41378
[   24.9937] open fd = 256
[   25.0135] open name host:/livepad.bin flag 1 data 41378
[   25.0142] open fd = -5
[   25.0315] open name host:/livepad.bin flag 1 data 41378
[   25.0321] open fd = -5
[   25.0511] open name host:/livepad.bin flag 1 data 41378
[   25.0518] open fd = -5
[   25.0690] open name host:/livepad.bin flag 1 data 41378
[   25.0697] open fd = -5
[   25.0872] open name host:/livepad.bin flag 1 data 41378
[   25.0879] open fd = -5
[   25.1060] open name host:/livepad.bin flag 1 data 41378
[   25.1067] open fd = -5
[   25.1071] open name host:/livedbg.cmd flag 1 data 41378
[   25.1086] open fd = 256
[   25.1111] open name host:/livedbg.bin flag 602 data 41378
[   25.1134] open fd = 256
[   25.1344] open name host:/livepad.bin flag 1 data 41378
[   25.1350] open fd = -5
[   25.1541] open name host:/livepad.bin flag 1 data 41378
[   25.1549] open fd = -5
[   25.1768] open name host:/livepad.bin flag 1 data 41378
[   25.1776] open fd = -5
[   25.1978] open name host:/livepad.bin flag 1 data 41378
[   25.1986] open fd = -5
[   25.2163] open name host:/livepad.bin flag 1 data 41378
[   25.2170] open fd = -5
[   25.2342] open name host:/livepad.bin flag 1 data 41378
[   25.2349] open fd = -5
[   25.2355] open name host:/livedbg.cmd flag 1 data 41378
[   25.2388] open fd = 256
[   25.2439] open name host:/livedbg.bin flag 602 data 41378
[   25.2481] open fd = 256
[   25.2738] open name host:/livepad.bin flag 1 data 41378
[   25.2745] open fd = -5
[   25.2920] open name host:/livepad.bin flag 1 data 41378
[   25.2927] open fd = -5
[   25.3102] open name host:/livepad.bin flag 1 data 41378
[   25.3108] open fd = -5
[   25.3284] open name host:/livepad.bin flag 1 data 41378
[   25.3290] open fd = -5
[   25.3470] open name host:/livepad.bin flag 1 data 41378
[   25.3476] open fd = -5
[   25.3660] open name host:/livepad.bin flag 1 data 41378
[   25.3666] open fd = -5
[   25.3671] open name host:/livedbg.cmd flag 1 data 41378
[   25.3686] open fd = 256
[   25.3708] open name host:/livedbg.bin flag 602 data 41378
[   25.3731] open fd = 256
[   25.3923] open name host:/livepad.bin flag 1 data 41378
[   25.3931] open fd = -5
[   25.4095] open name host:/livepad.bin flag 1 data 41378
[   25.4102] open fd = -5
[   25.4272] open name host:/livepad.bin flag 1 data 41378
[   25.4278] open fd = -5
[   25.4458] open name host:/livepad.bin flag 1 data 41378
[   25.4464] open fd = -5
[   25.4662] open name host:/livepad.bin flag 1 data 41378
[   25.4668] open fd = -5
[   25.4856] open name host:/livepad.bin flag 1 data 41378
[   25.4863] open fd = -5
[   25.4868] open name host:/livedbg.cmd flag 1 data 41378
[   25.4882] open fd = 256
[   25.4903] open name host:/livedbg.bin flag 602 data 41378
[   25.4924] open fd = 256
[   25.5116] open name host:/livepad.bin flag 1 data 41378
[   25.5122] open fd = -5
[   25.5305] open name host:/livepad.bin flag 1 data 41378
[   25.5312] open fd = -5
[   25.5480] open name host:/livepad.bin flag 1 data 41378
[   25.5488] open fd = -5
[   25.5658] open name host:/livepad.bin flag 1 data 41378
[   25.5664] open fd = -5
[   25.5863] open name host:/livepad.bin flag 1 data 41378
[   25.5870] open fd = -5
[   25.6060] open name host:/livepad.bin flag 1 data 41378
[   25.6066] open fd = -5
[   25.6071] open name host:/livedbg.cmd flag 1 data 41378
[   25.6084] open fd = 256
[   25.6109] open name host:/livedbg.bin flag 602 data 41378
[   25.6131] open fd = 256
[   25.6315] open name host:/livepad.bin flag 1 data 41378
[   25.6326] open fd = -5
[   25.6501] open name host:/livepad.bin flag 1 data 41378
[   25.6510] open fd = -5
[   25.6675] open name host:/livepad.bin flag 1 data 41378
[   25.6681] open fd = -5
[   25.6864] open name host:/livepad.bin flag 1 data 41378
[   25.6870] open fd = -5
[   25.7062] open name host:/livepad.bin flag 1 data 41378
[   25.7068] open fd = -5
[   25.7257] open name host:/livepad.bin flag 1 data 41378
[   25.7264] open fd = -5
[   25.7268] open name host:/livedbg.cmd flag 1 data 41378
[   25.7282] open fd = 256
[   25.7308] open name host:/livedbg.bin flag 602 data 41378
[   25.7331] open fd = 256
[   25.7511] open name host:/livepad.bin flag 1 data 41378
[   25.7517] open fd = -5
[   25.7717] open name host:/livepad.bin flag 1 data 41378
[   25.7724] open fd = -5
[   25.7901] open name host:/livepad.bin flag 1 data 41378
[   25.7908] open fd = -5
[   25.8085] open name host:/livepad.bin flag 1 data 41378
[   25.8091] open fd = -5
[   25.8257] open name host:/livepad.bin flag 1 data 41378
[   25.8264] open fd = -5
[   25.8449] open name host:/livepad.bin flag 1 data 41378
[   25.8457] open fd = -5
[   25.8463] open name host:/livedbg.cmd flag 1 data 41378
[   25.8477] open fd = 256
[   25.8497] open name host:/livedbg.bin flag 602 data 41378
[   25.8521] open fd = 256
[   25.8702] open name host:/livepad.bin flag 1 data 41378
[   25.8710] open fd = -5
[   25.8879] open name host:/livepad.bin flag 1 data 41378
[   25.8885] open fd = -5
[   25.9054] open name host:/livepad.bin flag 1 data 41378
[   25.9060] open fd = -5
[   25.9246] open name host:/livepad.bin flag 1 data 41378
[   25.9252] open fd = -5
[   25.9458] open name host:/livepad.bin flag 1 data 41378
[   25.9465] open fd = -5
[   25.9666] open name host:/livepad.bin flag 1 data 41378
[   25.9673] open fd = -5
[   25.9677] open name host:/livedbg.cmd flag 1 data 41378
[   25.9691] open fd = 256
[   25.9717] open name host:/livedbg.bin flag 602 data 41378
[   25.9741] open fd = 256
[   25.9963] open name host:/livepad.bin flag 1 data 41378
[   25.9970] open fd = -5
[   26.0159] open name host:/livepad.bin flag 1 data 41378
[   26.0166] open fd = -5
[   26.0349] open name host:/livepad.bin flag 1 data 41378
[   26.0357] open fd = -5
[   26.0539] open name host:/livepad.bin flag 1 data 41378
[   26.0544] open fd = -5
[   26.0732] open name host:/livepad.bin flag 1 data 41378
[   26.0739] open fd = -5
[   26.0913] open name host:/livepad.bin flag 1 data 41378
[   26.0919] open fd = -5
[   26.0924] open name host:/livedbg.cmd flag 1 data 41378
[   26.0938] open fd = 256
[   26.0960] open name host:/livedbg.bin flag 602 data 41378
[   26.0982] open fd = 256
[   26.1176] open name host:/livepad.bin flag 1 data 41378
[   26.1182] open fd = -5
[   26.1370] open name host:/livepad.bin flag 1 data 41378
[   26.1378] open fd = -5
[   26.1558] open name host:/livepad.bin flag 1 data 41378
[   26.1564] open fd = -5
[   26.1751] open name host:/livepad.bin flag 1 data 41378
[   26.1758] open fd = -5
[   26.1927] open name host:/livepad.bin flag 1 data 41378
[   26.1934] open fd = -5
[   26.2109] open name host:/livepad.bin flag 1 data 41378
[   26.2114] open fd = -5
[   26.2120] open name host:/livedbg.cmd flag 1 data 41378
[   26.2138] open fd = 256
[   26.2159] open name host:/livedbg.bin flag 602 data 41378
[   26.2182] open fd = 256
[   26.2388] open name host:/livepad.bin flag 1 data 41378
[   26.2394] open fd = -5
[   26.2565] FRAMEARENA frames=600 peak=1033488 resets=2 fallbacks=0 maxFrameBytes=2239536 maxBorrowed=2106144 freeKiB=15245
[   26.2570] NATIVEVIF frames=600 batches=602
[   26.2573] ORDEREDFRAME frames=600 splitFrames=1
[   26.2578] FRAMEPIPELINE starts=600 dmaBusyStarts=462
[   26.2582] open name host:/livepad.bin flag 1 data 41378
[   26.2588] open fd = -5
[   26.2749] open name host:/livepad.bin flag 1 data 41378
[   26.2756] open fd = -5
[   26.2944] open name host:/livepad.bin flag 1 data 41378
[   26.2950] open fd = -5
[   26.3133] open name host:/livepad.bin flag 1 data 41378
[   26.3141] open fd = -5
[   26.3305] open name host:/livepad.bin flag 1 data 41378
[   26.3312] open fd = -5
[   26.3317] open name host:/livedbg.cmd flag 1 data 41378
[   26.3331] open fd = 256
[   26.3350] open name host:/livedbg.bin flag 602 data 41378
[   26.3372] open fd = 256
[   26.3578] open name host:/livepad.bin flag 1 data 41378
[   26.3588] open fd = -5
[   26.3775] open name host:/livepad.bin flag 1 data 41378
[   26.3782] open fd = -5
[   26.3963] open name host:/livepad.bin flag 1 data 41378
[   26.3970] open fd = -5
[   26.4148] open name host:/livepad.bin flag 1 data 41378
[   26.4153] open fd = -5
[   26.4329] open name host:/livepad.bin flag 1 data 41378
[   26.4336] open fd = -5
[   26.4525] open name host:/livepad.bin flag 1 data 41378
[   26.4533] open fd = -5
[   26.4538] open name host:/livedbg.cmd flag 1 data 41378
[   26.4553] open fd = 256
[   26.4574] open name host:/livedbg.bin flag 602 data 41378
[   26.4595] open fd = 256
[   26.4798] open name host:/livepad.bin flag 1 data 41378
[   26.4808] open fd = -5
[   26.4988] open name host:/livepad.bin flag 1 data 41378
[   26.4995] open fd = -5
[   26.5180] open name host:/livepad.bin flag 1 data 41378
[   26.5187] open fd = -5
[   26.5383] open name host:/livepad.bin flag 1 data 41378
[   26.5395] open fd = -5
[   26.5631] open name host:/livepad.bin flag 1 data 41378
[   26.5640] open fd = -5
[   26.5870] open name host:/livepad.bin flag 1 data 41378
[   26.5878] open fd = -5
[   26.5884] open name host:/livedbg.cmd flag 1 data 41378
[   26.5903] open fd = 256
[   26.5927] open name host:/livedbg.bin flag 602 data 41378
[   26.5953] open fd = 256
[   26.6158] open name host:/livepad.bin flag 1 data 41378
[   26.6165] open fd = -5
[   26.6354] open name host:/livepad.bin flag 1 data 41378
[   26.6361] open fd = -5
[   26.6557] open name host:/livepad.bin flag 1 data 41378
[   26.6564] open fd = -5
[   26.6744] open name host:/livepad.bin flag 1 data 41378
[   26.6750] open fd = -5
[   26.6930] open name host:/livepad.bin flag 1 data 41378
[   26.6935] open fd = -5
[   26.7102] open name host:/livepad.bin flag 1 data 41378
[   26.7109] open fd = -5
[   26.7116] open name host:/livedbg.cmd flag 1 data 41378
[   26.7135] open fd = 256
[   26.7159] open name host:/livedbg.bin flag 602 data 41378
[   26.7180] open fd = 256
[   26.7369] open name host:/livepad.bin flag 1 data 41378
[   26.7376] open fd = -5
[   26.7554] open name host:/livepad.bin flag 1 data 41378
[   26.7560] open fd = -5
[   26.7743] open name host:/livepad.bin flag 1 data 41378
[   26.7749] open fd = -5
[   26.7918] open name host:/livepad.bin flag 1 data 41378
[   26.7927] open fd = -5
[   26.8086] open name host:/livepad.bin flag 1 data 41378
[   26.8092] open fd = -5
[   26.8260] open name host:/livepad.bin flag 1 data 41378
[   26.8267] open fd = -5
[   26.8271] open name host:/livedbg.cmd flag 1 data 41378
[   26.8284] open fd = 256
[   26.8309] open name host:/livedbg.bin flag 602 data 41378
[   26.8331] open fd = 256
[   26.8530] open name host:/livepad.bin flag 1 data 41378
[   26.8536] open fd = -5
[   26.8712] open name host:/livepad.bin flag 1 data 41378
[   26.8719] open fd = -5
[   26.8899] open name host:/livepad.bin flag 1 data 41378
[   26.8905] open fd = -5
[   26.9089] open name host:/livepad.bin flag 1 data 41378
[   26.9096] open fd = -5
[   26.9277] open name host:/livepad.bin flag 1 data 41378
[   26.9283] open fd = -5
[   26.9455] open name host:/livepad.bin flag 1 data 41378
[   26.9462] open fd = -5
[   26.9467] open name host:/livedbg.cmd flag 1 data 41378
[   26.9482] open fd = 256
[   26.9504] open name host:/livedbg.bin flag 602 data 41378
[   26.9527] open fd = 256
[   26.9763] open name host:/livepad.bin flag 1 data 41378
[   26.9775] open fd = -5
[   27.0044] open name host:/livepad.bin flag 1 data 41378
[   27.0051] open fd = -5
[   27.0250] open name host:/livepad.bin flag 1 data 41378
[   27.0257] open fd = -5
[   27.0441] open name host:/livepad.bin flag 1 data 41378
[   27.0450] open fd = -5
[   27.0634] open name host:/livepad.bin flag 1 data 41378
[   27.0642] open fd = -5
[   27.0820] open name host:/livepad.bin flag 1 data 41378
[   27.0827] open fd = -5
[   27.0832] open name host:/livedbg.cmd flag 1 data 41378
[   27.0846] open fd = 256
[   27.0866] open name host:/livedbg.bin flag 602 data 41378
[   27.0887] open fd = 256
[   27.1080] open name host:/livepad.bin flag 1 data 41378
[   27.1087] open fd = -5
[   27.1261] open name host:/livepad.bin flag 1 data 41378
[   27.1269] open fd = -5
[   27.1467] open name host:/livepad.bin flag 1 data 41378
[   27.1475] open fd = -5
[   27.1658] open name host:/livepad.bin flag 1 data 41378
[   27.1665] open fd = -5
[   27.1860] open name host:/livepad.bin flag 1 data 41378
[   27.1866] open fd = -5
[   27.2052] open name host:/livepad.bin flag 1 data 41378
[   27.2059] open fd = -5
[   27.2063] open name host:/livedbg.cmd flag 1 data 41378
[   27.2078] open fd = 256
[   27.2099] open name host:/livedbg.bin flag 602 data 41378
[   27.2121] open fd = 256
[   27.2320] open name host:/livepad.bin flag 1 data 41378
[   27.2326] open fd = -5
[   27.2506] open name host:/livepad.bin flag 1 data 41378
[   27.2513] open fd = -5
[   27.2698] open name host:/livepad.bin flag 1 data 41378
[   27.2706] open fd = -5
[   27.2891] open name host:/livepad.bin flag 1 data 41378
[   27.2899] open fd = -5
[   27.3075] open name host:/livepad.bin flag 1 data 41378
[   27.3081] open fd = -5
[   27.3264] open name host:/livepad.bin flag 1 data 41378
[   27.3270] open fd = -5
[   27.3275] open name host:/livedbg.cmd flag 1 data 41378
[   27.3288] open fd = 256
[   27.3310] open name host:/livedbg.bin flag 602 data 41378
[   27.3335] open fd = 256
[   27.3537] open name host:/livepad.bin flag 1 data 41378
[   27.3543] open fd = -5
[   27.3716] open name host:/livepad.bin flag 1 data 41378
[   27.3723] open fd = -5
[   27.3912] open name host:/livepad.bin flag 1 data 41378
[   27.3919] open fd = -5
[   27.4095] open name host:/livepad.bin flag 1 data 41378
[   27.4102] open fd = -5
[   27.4275] open name host:/livepad.bin flag 1 data 41378
[   27.4282] open fd = -5
[   27.4461] open name host:/livepad.bin flag 1 data 41378
[   27.4467] open fd = -5
[   27.4471] open name host:/livedbg.cmd flag 1 data 41378
[   27.4485] open fd = 256
[   27.4505] open name host:/livedbg.bin flag 602 data 41378
[   27.4524] open fd = 256
[   27.4714] open name host:/livepad.bin flag 1 data 41378
[   27.4722] open fd = -5
[   27.4886] open name host:/livepad.bin flag 1 data 41378
[   27.4893] open fd = -5
[   27.5068] open name host:/livepad.bin flag 1 data 41378
[   27.5074] open fd = -5
[   27.5257] open name host:/livepad.bin flag 1 data 41378
[   27.5264] open fd = -5
[   27.5454] open name host:/livepad.bin flag 1 data 41378
[   27.5461] open fd = -5
[   27.5653] open name host:/livepad.bin flag 1 data 41378
[   27.5660] open fd = -5
[   27.5665] open name host:/livedbg.cmd flag 1 data 41378
[   27.5678] open fd = 256
[   27.5700] open name host:/livedbg.bin flag 602 data 41378
[   27.5724] open fd = 256
[   27.5922] open name host:/livepad.bin flag 1 data 41378
[   27.5929] open fd = -5
[   27.6098] open name host:/livepad.bin flag 1 data 41378
[   27.6104] open fd = -5
[   27.6283] open name host:/livepad.bin flag 1 data 41378
[   27.6291] open fd = -5
[   27.6460] open name host:/livepad.bin flag 1 data 41378
[   27.6466] open fd = -5
[   27.6660] open name host:/livepad.bin flag 1 data 41378
[   27.6667] open fd = -5
[   27.6860] open name host:/livepad.bin flag 1 data 41378
[   27.6866] open fd = -5
[   27.6870] open name host:/livedbg.cmd flag 1 data 41378
[   27.6883] open fd = 256
[   27.6908] open name host:/livedbg.bin flag 602 data 41378
[   27.6929] open fd = 256
[   27.7111] open name host:/livepad.bin flag 1 data 41378
[   27.7120] open fd = -5
[   27.7291] open name host:/livepad.bin flag 1 data 41378
[   27.7297] open fd = -5
[   27.7475] open name host:/livepad.bin flag 1 data 41378
[   27.7482] open fd = -5
[   27.7678] open name host:/livepad.bin flag 1 data 41378
[   27.7683] open fd = -5
[   27.7869] open name host:/livepad.bin flag 1 data 41378
[   27.7876] open fd = -5
[   27.8060] open name host:/livepad.bin flag 1 data 41378
[   27.8066] open fd = -5
[   27.8071] open name host:/livedbg.cmd flag 1 data 41378
[   27.8084] open fd = 256
[   27.8108] open name host:/livedbg.bin flag 602 data 41378
[   27.8133] open fd = 256
[   27.8317] open name host:/livepad.bin flag 1 data 41378
[   27.8325] open fd = -5
[   27.8485] open name host:/livepad.bin flag 1 data 41378
[   27.8492] open fd = -5
[   27.8664] open name host:/livepad.bin flag 1 data 41378
[   27.8671] open fd = -5
[   27.8850] open name host:/livepad.bin flag 1 data 41378
[   27.8856] open fd = -5
[   27.9052] open name host:/livepad.bin flag 1 data 41378
[   27.9058] open fd = -5
[   27.9254] open name host:/livepad.bin flag 1 data 41378
[   27.9260] open fd = -5
[   27.9265] open name host:/livedbg.cmd flag 1 data 41378
[   27.9279] open fd = 256
[   27.9301] open name host:/livedbg.bin flag 602 data 41378
[   27.9323] open fd = 256
[   27.9514] open name host:/livepad.bin flag 1 data 41378
[   27.9521] open fd = -5
[   27.9704] open name host:/livepad.bin flag 1 data 41378
[   27.9711] open fd = -5
[   27.9906] open name host:/livepad.bin flag 1 data 41378
[   27.9916] open fd = -5
[   28.0092] open name host:/livepad.bin flag 1 data 41378
[   28.0100] open fd = -5
[   28.0264] open name host:/livepad.bin flag 1 data 41378
[   28.0270] open fd = -5
[   28.0464] open name host:/livepad.bin flag 1 data 41378
[   28.0470] open fd = -5
[   28.0474] open name host:/livedbg.cmd flag 1 data 41378
[   28.0489] open fd = 256
[   28.0511] open name host:/livedbg.bin flag 602 data 41378
[   28.0534] open fd = 256
[   28.0713] open name host:/livepad.bin flag 1 data 41378
[   28.0721] open fd = -5
[   28.0893] open name host:/livepad.bin flag 1 data 41378
[   28.0899] open fd = -5
[   28.1068] open name host:/livepad.bin flag 1 data 41378
[   28.1073] open fd = -5
[   28.1252] open name host:/livepad.bin flag 1 data 41378
[   28.1259] open fd = -5
[   28.1464] open name host:/livepad.bin flag 1 data 41378
[   28.1471] open fd = -5
[   28.1670] open name host:/livepad.bin flag 1 data 41378
[   28.1678] open fd = -5
[   28.1683] open name host:/livedbg.cmd flag 1 data 41378
[   28.1699] open fd = 256
[   28.1723] open name host:/livedbg.bin flag 602 data 41378
[   28.1749] open fd = 256
[   28.1944] open name host:/livepad.bin flag 1 data 41378
[   28.1952] open fd = -5
[   28.2120] open name host:/livepad.bin flag 1 data 41378
[   28.2127] open fd = -5
[   28.2308] open name host:/livepad.bin flag 1 data 41378
[   28.2316] open fd = -5
[   28.2489] open name host:/livepad.bin flag 1 data 41378
[   28.2495] open fd = -5
[   28.2667] open name host:/livepad.bin flag 1 data 41378
[   28.2673] open fd = -5
[   28.2861] open name host:/livepad.bin flag 1 data 41378
[   28.2868] open fd = -5
[   28.2873] open name host:/livedbg.cmd flag 1 data 41378
[   28.2888] open fd = 256
[   28.2911] open name host:/livedbg.bin flag 602 data 41378
[   28.2935] open fd = 256
[   28.3167] open name host:/livepad.bin flag 1 data 41378
[   28.3174] open fd = -5
[   28.3360] open name host:/livepad.bin flag 1 data 41378
[   28.3367] open fd = -5
[   28.3545] open name host:/livepad.bin flag 1 data 41378
[   28.3553] open fd = -5
[   28.3731] open name host:/livepad.bin flag 1 data 41378
[   28.3739] open fd = -5
[   28.3931] open name host:/livepad.bin flag 1 data 41378
[   28.3938] open fd = -5
[   28.4120] open name host:/livepad.bin flag 1 data 41378
[   28.4129] open fd = -5
[   28.4135] open name host:/livedbg.cmd flag 1 data 41378
[   28.4153] open fd = 256
[   28.4173] open name host:/livedbg.bin flag 602 data 41378
[   28.4196] open fd = 256
[   28.4403] open name host:/livepad.bin flag 1 data 41378
[   28.4412] open fd = -5
[   28.4602] open name host:/livepad.bin flag 1 data 41378
[   28.4618] open fd = -5
[   28.4803] open name host:/livepad.bin flag 1 data 41378
[   28.4810] open fd = -5
[   28.4994] open name host:/livepad.bin flag 1 data 41378
[   28.5001] open fd = -5
[   28.5187] open name host:/livepad.bin flag 1 data 41378
[   28.5195] open fd = -5
[   28.5385] open name host:/livepad.bin flag 1 data 41378
[   28.5392] open fd = -5
[   28.5399] open name host:/livedbg.cmd flag 1 data 41378
[   28.5414] open fd = 256
[   28.5440] open name host:/livedbg.bin flag 602 data 41378
[   28.5462] open fd = 256
[   28.5669] open name host:/livepad.bin flag 1 data 41378
[   28.5677] open fd = -5
[   28.5865] open name host:/livepad.bin flag 1 data 41378
[   28.5873] open fd = -5
[   28.6054] open name host:/livepad.bin flag 1 data 41378
[   28.6061] open fd = -5
[   28.6254] open name host:/livepad.bin flag 1 data 41378
[   28.6262] open fd = -5
[   28.6460] open name host:/livepad.bin flag 1 data 41378
[   28.6468] open fd = -5
[   28.6674] open name host:/livepad.bin flag 1 data 41378
[   28.6683] open fd = -5
[   28.6688] open name host:/livedbg.cmd flag 1 data 41378
[   28.6706] open fd = 256
[   28.6730] open name host:/livedbg.bin flag 602 data 41378
[   28.6753] open fd = 256
[   28.6970] open name host:/livepad.bin flag 1 data 41378
[   28.6977] open fd = -5
[   28.7166] FRAMEARENA frames=720 peak=1033488 resets=2 fallbacks=0 maxFrameBytes=2239536 maxBorrowed=2106144 freeKiB=15245
[   28.7171] NATIVEVIF frames=720 batches=722
[   28.7176] ORDEREDFRAME frames=720 splitFrames=1
[   28.7181] FRAMEPIPELINE starts=720 dmaBusyStarts=561
[   28.7187] open name host:/livepad.bin flag 1 data 41378
[   28.7193] open fd = -5
[   28.7384] open name host:/livepad.bin flag 1 data 41378
[   28.7393] open fd = -5
[   28.7587] open name host:/livepad.bin flag 1 data 41378
[   28.7596] open fd = -5
[   28.7812] open name host:/livepad.bin flag 1 data 41378
[   28.7820] open fd = -5
[   28.8020] open name host:/livepad.bin flag 1 data 41378
[   28.8027] open fd = -5
[   28.8035] open name host:/livedbg.cmd flag 1 data 41378
[   28.8052] open fd = 256
[   28.8076] open name host:/livedbg.bin flag 602 data 41378
[   28.8101] open fd = 256
[   28.8316] open name host:/livepad.bin flag 1 data 41378
[   28.8323] open fd = -5
[   28.8512] open name host:/livepad.bin flag 1 data 41378
[   28.8525] open fd = -5
[   28.8714] open name host:/livepad.bin flag 1 data 41378
[   28.8722] open fd = -5
[   28.8906] open name host:/livepad.bin flag 1 data 41378
[   28.8913] open fd = -5
[   28.9129] open name host:/livepad.bin flag 1 data 41378
[   28.9137] open fd = -5
[   28.9320] open name host:/livepad.bin flag 1 data 41378
[   28.9334] open fd = -5
[   28.9339] open name host:/livedbg.cmd flag 1 data 41378
[   28.9357] open fd = 256
[   28.9380] open name host:/livedbg.bin flag 602 data 41378
[   28.9408] open fd = 256
[   28.9618] open name host:/livepad.bin flag 1 data 41378
[   28.9627] open fd = -5
[   28.9840] open name host:/livepad.bin flag 1 data 41378
[   28.9848] open fd = -5
[   29.0048] open name host:/livepad.bin flag 1 data 41378
[   29.0056] open fd = -5
[   29.0251] open name host:/livepad.bin flag 1 data 41378
[   29.0258] open fd = -5
[   29.0449] open name host:/livepad.bin flag 1 data 41378
[   29.0457] open fd = -5
[   29.0651] open name host:/livepad.bin flag 1 data 41378
[   29.0659] open fd = -5
[   29.0665] open name host:/livedbg.cmd flag 1 data 41378
[   29.0679] open fd = 256
[   29.0700] open name host:/livedbg.bin flag 602 data 41378
[   29.0722] open fd = 256
[   29.0963] open name host:/livepad.bin flag 1 data 41378
[   29.0975] open fd = -5
[   29.1217] open name host:/livepad.bin flag 1 data 41378
[   29.1226] open fd = -5
[   29.1419] open name host:/livepad.bin flag 1 data 41378
[   29.1428] open fd = -5
[   29.1640] open name host:/livepad.bin flag 1 data 41378
[   29.1648] open fd = -5
[   29.1864] open name host:/livepad.bin flag 1 data 41378
[   29.1871] open fd = -5
[   29.2081] open name host:/livepad.bin flag 1 data 41378
[   29.2091] open fd = -5
[   29.2098] open name host:/livedbg.cmd flag 1 data 41378
[   29.2115] open fd = 256
[   29.2146] open name host:/livedbg.bin flag 602 data 41378
[   29.2168] open fd = 256
[   29.2395] open name host:/livepad.bin flag 1 data 41378
[   29.2402] open fd = -5
[   29.2602] open name host:/livepad.bin flag 1 data 41378
[   29.2609] open fd = -5
[   29.2797] open name host:/livepad.bin flag 1 data 41378
[   29.2806] open fd = -5
[   29.2986] open name host:/livepad.bin flag 1 data 41378
[   29.2994] open fd = -5
[   29.3172] open name host:/livepad.bin flag 1 data 41378
[   29.3178] open fd = -5
[   29.3353] open name host:/livepad.bin flag 1 data 41378
[   29.3359] open fd = -5
[   29.3363] open name host:/livedbg.cmd flag 1 data 41378
[   29.3376] open fd = 256
[   29.3399] open name host:/livedbg.bin flag 602 data 41378
[   29.3422] open fd = 256
[   29.3623] open name host:/livepad.bin flag 1 data 41378
[   29.3631] open fd = -5
[   29.3803] open name host:/livepad.bin flag 1 data 41378
[   29.3811] open fd = -5
[   29.4024] open name host:/livepad.bin flag 1 data 41378
[   29.4033] open fd = -5
[   29.4247] open name host:/livepad.bin flag 1 data 41378
[   29.4254] open fd = -5
[   29.4449] open name host:/livepad.bin flag 1 data 41378
[   29.4458] open fd = -5
[   29.4653] open name host:/livepad.bin flag 1 data 41378
[   29.4660] open fd = -5
[   29.4665] open name host:/livedbg.cmd flag 1 data 41378
[   29.4679] open fd = 256
[   29.4697] open name host:/livedbg.bin flag 602 data 41378
[   29.4720] open fd = 256
[   29.4917] open name host:/livepad.bin flag 1 data 41378
[   29.4924] open fd = -5
[   29.5129] open name host:/livepad.bin flag 1 data 41378
[   29.5138] open fd = -5
[   29.5329] open name host:/livepad.bin flag 1 data 41378
[   29.5335] open fd = -5
[   29.5529] open name host:/livepad.bin flag 1 data 41378
[   29.5537] open fd = -5
[   29.5757] open name host:/livepad.bin flag 1 data 41378
[   29.5764] open fd = -5
[   29.5976] open name host:/livepad.bin flag 1 data 41378
[   29.5985] open fd = -5
[   29.5997] open name host:/livedbg.cmd flag 1 data 41378
[   29.6017] open fd = 256
[   29.6048] open name host:/livedbg.bin flag 602 data 41378
[   29.6076] open fd = 256
[   29.6285] open name host:/livepad.bin flag 1 data 41378
[   29.6293] open fd = -5
[   29.6484] open name host:/livepad.bin flag 1 data 41378
[   29.6492] open fd = -5
[   29.6694] open name host:/livepad.bin flag 1 data 41378
[   29.6703] open fd = -5
[   29.6890] open name host:/livepad.bin flag 1 data 41378
[   29.6896] open fd = -5
[   29.7085] open name host:/livepad.bin flag 1 data 41378
[   29.7093] open fd = -5
[   29.7269] open name host:/livepad.bin flag 1 data 41378
[   29.7276] open fd = -5
[   29.7281] open name host:/livedbg.cmd flag 1 data 41378
[   29.7296] open fd = 256
[   29.7319] open name host:/livedbg.bin flag 602 data 41378
[   29.7342] open fd = 256
[   29.7548] open name host:/livepad.bin flag 1 data 41378
[   29.7555] open fd = -5
[   29.7736] open name host:/livepad.bin flag 1 data 41378
[   29.7743] open fd = -5
[   29.7919] open name host:/livepad.bin flag 1 data 41378
[   29.7927] open fd = -5
[   29.8114] open name host:/livepad.bin flag 1 data 41378
[   29.8121] open fd = -5
[   29.8306] open name host:/livepad.bin flag 1 data 41378
[   29.8313] open fd = -5
[   29.8500] open name host:/livepad.bin flag 1 data 41378
[   29.8506] open fd = -5
[   29.8510] open name host:/livedbg.cmd flag 1 data 41378
[   29.8523] open fd = 256
[   29.8543] open name host:/livedbg.bin flag 602 data 41378
[   29.8563] open fd = 256
[   29.8752] open name host:/livepad.bin flag 1 data 41378
[   29.8760] open fd = -5
[   29.8928] open name host:/livepad.bin flag 1 data 41378
[   29.8936] open fd = -5
[   29.9124] open name host:/livepad.bin flag 1 data 41378
[   29.9131] open fd = -5
[   29.9317] open name host:/livepad.bin flag 1 data 41378
[   29.9323] open fd = -5
[   29.9509] open name host:/livepad.bin flag 1 data 41378
[   29.9515] open fd = -5
[   29.9693] open name host:/livepad.bin flag 1 data 41378
[   29.9700] open fd = -5
[   29.9706] open name host:/livedbg.cmd flag 1 data 41378
[   29.9722] open fd = 256
[   29.9746] open name host:/livedbg.bin flag 602 data 41378
[   29.9768] open fd = 256
[   29.9971] open name host:/livepad.bin flag 1 data 41378
[   29.9980] open fd = -5
[   30.0172] open name host:/livepad.bin flag 1 data 41378
[   30.0178] open fd = -5
[   30.0364] open name host:/livepad.bin flag 1 data 41378
[   30.0372] open fd = -5
[   30.0561] open name host:/livepad.bin flag 1 data 41378
[   30.0567] open fd = -5
[   30.0761] open name host:/livepad.bin flag 1 data 41378
[   30.0767] open fd = -5
[   30.0942] open name host:/livepad.bin flag 1 data 41378
[   30.0948] open fd = -5
[   30.0952] open name host:/livedbg.cmd flag 1 data 41378
[   30.0973] open fd = 256
[   30.0995] open name host:/livedbg.bin flag 602 data 41378
[   30.1016] open fd = 256
[   30.1238] open name host:/livepad.bin flag 1 data 41378
[   30.1245] open fd = -5
[   30.1424] open name host:/livepad.bin flag 1 data 41378
[   30.1431] open fd = -5
[   30.1614] open name host:/livepad.bin flag 1 data 41378
[   30.1621] open fd = -5
[   30.1817] open name host:/livepad.bin flag 1 data 41378
[   30.1824] open fd = -5
[   30.2022] open name host:/livepad.bin flag 1 data 41378
[   30.2029] open fd = -5
[   30.2209] open name host:/livepad.bin flag 1 data 41378
[   30.2217] open fd = -5
[   30.2223] open name host:/livedbg.cmd flag 1 data 41378
[   30.2239] open fd = 256
[   30.2263] open name host:/livedbg.bin flag 602 data 41378
[   30.2286] open fd = 256
[   30.2492] open name host:/livepad.bin flag 1 data 41378
[   30.2499] open fd = -5
[   30.2695] open name host:/livepad.bin flag 1 data 41378
[   30.2704] open fd = -5
[   30.2901] open name host:/livepad.bin flag 1 data 41378
[   30.2908] open fd = -5
[   30.3096] open name host:/livepad.bin flag 1 data 41378
[   30.3103] open fd = -5
[   30.3294] open name host:/livepad.bin flag 1 data 41378
[   30.3304] open fd = -5
[   30.3503] open name host:/livepad.bin flag 1 data 41378
[   30.3513] open fd = -5
[   30.3519] open name host:/livedbg.cmd flag 1 data 41378
[   30.3533] open fd = 256
[   30.3559] open name host:/livedbg.bin flag 602 data 41378
[   30.3581] open fd = 256
[   30.3807] open name host:/livepad.bin flag 1 data 41378
[   30.3818] open fd = -5
[   30.3999] open name host:/livepad.bin flag 1 data 41378
[   30.4007] open fd = -5
[   30.4207] open name host:/livepad.bin flag 1 data 41378
[   30.4224] open fd = -5
[   30.4576] open name host:/livepad.bin flag 1 data 41378
[   30.4588] open fd = -5
[   30.4820] open name host:/livepad.bin flag 1 data 41378
[   30.4829] open fd = -5
[   30.5034] open name host:/livepad.bin flag 1 data 41378
[   30.5042] open fd = -5
[   30.5047] open name host:/livedbg.cmd flag 1 data 41378
[   30.5064] open fd = 256
[   30.5091] open name host:/livedbg.bin flag 602 data 41378
[   30.5116] open fd = 256
[   30.5328] open name host:/livepad.bin flag 1 data 41378
[   30.5336] open fd = -5
[   30.5532] open name host:/livepad.bin flag 1 data 41378
[   30.5539] open fd = -5
[   30.5731] open name host:/livepad.bin flag 1 data 41378
[   30.5738] open fd = -5
[   30.5932] open name host:/livepad.bin flag 1 data 41378
[   30.5940] open fd = -5
[   30.6140] open name host:/livepad.bin flag 1 data 41378
[   30.6148] open fd = -5
[   30.6373] open name host:/livepad.bin flag 1 data 41378
[   30.6382] open fd = -5
[   30.6388] open name host:/livedbg.cmd flag 1 data 41378
[   30.6405] open fd = 256
[   30.6431] open name host:/livedbg.bin flag 602 data 41378
[   30.6452] open fd = 256
[   30.6670] open name host:/livepad.bin flag 1 data 41378
[   30.6677] open fd = -5
[   30.6870] open name host:/livepad.bin flag 1 data 41378
[   30.6877] open fd = -5
[   30.7063] open name host:/livepad.bin flag 1 data 41378
[   30.7071] open fd = -5
[   30.7256] open name host:/livepad.bin flag 1 data 41378
[   30.7263] open fd = -5
[   30.7443] open name host:/livepad.bin flag 1 data 41378
[   30.7450] open fd = -5
[   30.7644] open name host:/livepad.bin flag 1 data 41378
[   30.7651] open fd = -5
[   30.7657] open name host:/livedbg.cmd flag 1 data 41378
[   30.7671] open fd = 256
[   30.7694] open name host:/livedbg.bin flag 602 data 41378
[   30.7718] open fd = 256
[   30.7904] open name host:/livepad.bin flag 1 data 41378
[   30.7911] open fd = -5
[   30.8096] open name host:/livepad.bin flag 1 data 41378
[   30.8105] open fd = -5
[   30.8286] open name host:/livepad.bin flag 1 data 41378
[   30.8294] open fd = -5
[   30.8507] open name host:/livepad.bin flag 1 data 41378
[   30.8514] open fd = -5
[   30.8712] open name host:/livepad.bin flag 1 data 41378
[   30.8718] open fd = -5
[   30.8932] open name host:/livepad.bin flag 1 data 41378
[   30.8938] open fd = -5
[   30.8946] open name host:/livedbg.cmd flag 1 data 41378
[   30.8964] open fd = 256
[   30.8985] open name host:/livedbg.bin flag 602 data 41378
[   30.9006] open fd = 256
[   30.9206] open name host:/livepad.bin flag 1 data 41378
[   30.9216] open fd = -5
[   30.9402] open name host:/livepad.bin flag 1 data 41378
[   30.9412] open fd = -5
[   30.9597] open name host:/livepad.bin flag 1 data 41378
[   30.9620] open fd = -5
[   30.9852] open name host:/livepad.bin flag 1 data 41378
[   30.9875] open fd = -5
[   31.0088] open name host:/livepad.bin flag 1 data 41378
[   31.0095] open fd = -5
[   31.0293] open name host:/livepad.bin flag 1 data 41378
[   31.0303] open fd = -5
[   31.0308] open name host:/livedbg.cmd flag 1 data 41378
[   31.0326] open fd = 256
[   31.0351] open name host:/livedbg.bin flag 602 data 41378
[   31.0372] open fd = 256
[   31.0571] open name host:/livepad.bin flag 1 data 41378
[   31.0577] open fd = -5
[   31.0755] open name host:/livepad.bin flag 1 data 41378
[   31.0762] open fd = -5
[   31.0949] open name host:/livepad.bin flag 1 data 41378
[   31.0959] open fd = -5
[   31.1137] open name host:/livepad.bin flag 1 data 41378
[   31.1144] open fd = -5
[   31.1321] open name host:/livepad.bin flag 1 data 41378
[   31.1329] open fd = -5
[   31.1517] open name host:/livepad.bin flag 1 data 41378
[   31.1526] open fd = -5
[   31.1531] open name host:/livedbg.cmd flag 1 data 41378
[   31.1546] open fd = 256
[   31.1568] open name host:/livedbg.bin flag 602 data 41378
[   31.1589] open fd = 256
[   31.1782] open name host:/livepad.bin flag 1 data 41378
[   31.1790] open fd = -5
[   31.1962] open name host:/livepad.bin flag 1 data 41378
[   31.1969] open fd = -5
[   31.2155] open name host:/livepad.bin flag 1 data 41378
[   31.2165] open fd = -5
[   31.2375] open name host:/livepad.bin flag 1 data 41378
[   31.2387] open fd = -5
[   31.2576] open name host:/livepad.bin flag 1 data 41378
[   31.2584] open fd = -5
[   31.2771] open name host:/livepad.bin flag 1 data 41378
[   31.2778] open fd = -5
[   31.2783] open name host:/livedbg.cmd flag 1 data 41378
[   31.2804] open fd = 256
[   31.2829] open name host:/livedbg.bin flag 602 data 41378
[   31.2853] open fd = 256
[   31.3067] open name host:/livepad.bin flag 1 data 41378
[   31.3074] open fd = -5
[   31.3268] FRAMEARENA frames=840 peak=1033488 resets=2 fallbacks=0 maxFrameBytes=2239536 maxBorrowed=2106144 freeKiB=15245
[   31.3273] NATIVEVIF frames=840 batches=842
[   31.3277] ORDEREDFRAME frames=840 splitFrames=1
[   31.3282] FRAMEPIPELINE starts=840 dmaBusyStarts=660
[   31.3288] open name host:/livepad.bin flag 1 data 41378
[   31.3296] open fd = -5
[   31.3484] open name host:/livepad.bin flag 1 data 41378
[   31.3492] open fd = -5
[   31.3696] open name host:/livepad.bin flag 1 data 41378
[   31.3705] open fd = -5
[   31.3900] open name host:/livepad.bin flag 1 data 41378
[   31.3908] open fd = -5
[   31.4091] open name host:/livepad.bin flag 1 data 41378
[   31.4101] open fd = -5
[   31.4105] open name host:/livedbg.cmd flag 1 data 41378
[   31.4123] open fd = 256
[   31.4146] open name host:/livedbg.bin flag 602 data 41378
[   31.4170] open fd = 256
[   31.4408] open name host:/livepad.bin flag 1 data 41378
[   31.4418] open fd = -5
[   31.4665] open name host:/livepad.bin flag 1 data 41378
[   31.4680] open fd = -5
[   31.4931] open name host:/livepad.bin flag 1 data 41378
[   31.4940] open fd = -5
[   31.5144] open name host:/livepad.bin flag 1 data 41378
[   31.5153] open fd = -5
[   31.5370] open name host:/livepad.bin flag 1 data 41378
[   31.5378] open fd = -5
[   31.5580] open name host:/livepad.bin flag 1 data 41378
[   31.5588] open fd = -5
[   31.5594] open name host:/livedbg.cmd flag 1 data 41378
[   31.5613] open fd = 256
[   31.5637] open name host:/livedbg.bin flag 602 data 41378
[   31.5663] open fd = 256
[   31.5868] open name host:/livepad.bin flag 1 data 41378
[   31.5877] open fd = -5
[   31.6061] open name host:/livepad.bin flag 1 data 41378
[   31.6070] open fd = -5
[   31.6251] open name host:/livepad.bin flag 1 data 41378
[   31.6260] open fd = -5
[   31.6446] open name host:/livepad.bin flag 1 data 41378
[   31.6454] open fd = -5
[   31.6654] open name host:/livepad.bin flag 1 data 41378
[   31.6661] open fd = -5
[   31.6843] open name host:/livepad.bin flag 1 data 41378
[   31.6850] open fd = -5
[   31.6857] open name host:/livedbg.cmd flag 1 data 41378
[   31.6874] open fd = 256
[   31.6898] open name host:/livedbg.bin flag 602 data 41378
[   31.6921] open fd = 256
[   31.7108] open name host:/livepad.bin flag 1 data 41378
[   31.7115] open fd = -5
[   31.7295] open name host:/livepad.bin flag 1 data 41378
[   31.7303] open fd = -5
[   31.7469] open name host:/livepad.bin flag 1 data 41378
[   31.7476] open fd = -5
[   31.7667] open name host:/livepad.bin flag 1 data 41378
[   31.7674] open fd = -5
[   31.7858] open name host:/livepad.bin flag 1 data 41378
[   31.7865] open fd = -5
[   31.8067] open name host:/livepad.bin flag 1 data 41378
[   31.8074] open fd = -5
[   31.8078] open name host:/livedbg.cmd flag 1 data 41378
[   31.8094] open fd = 256
[   31.8118] open name host:/livedbg.bin flag 602 data 41378
[   31.8141] open fd = 256
[   31.8329] open name host:/livepad.bin flag 1 data 41378
[   31.8336] open fd = -5
[   31.8544] open name host:/livepad.bin flag 1 data 41378
[   31.8553] open fd = -5
[   31.8733] open name host:/livepad.bin flag 1 data 41378
[   31.8740] open fd = -5
[   31.8922] open name host:/livepad.bin flag 1 data 41378
[   31.8929] open fd = -5
[   31.9111] open name host:/livepad.bin flag 1 data 41378
[   31.9118] open fd = -5
[   31.9298] open name host:/livepad.bin flag 1 data 41378
[   31.9306] open fd = -5
[   31.9310] open name host:/livedbg.cmd flag 1 data 41378
[   31.9330] open fd = 256
[   31.9352] open name host:/livedbg.bin flag 602 data 41378
[   31.9374] open fd = 256
[   31.9398] open name host:/log.txt flag 302 data 41378
[   31.9413] open fd = 256
[   31.9603] open name host:/livepad.bin flag 1 data 41378
[   31.9610] open fd = -5
[   31.9809] open name host:/livepad.bin flag 1 data 41378
[   31.9821] open fd = -5
[   32.0049] open name host:/livepad.bin flag 1 data 41378
[   32.0060] open fd = -5
[   32.0275] open name host:/livepad.bin flag 1 data 41378
[   32.0281] open fd = -5
[   32.0497] open name host:/livepad.bin flag 1 data 41378
[   32.0505] open fd = -5
[   32.0690] open name host:/livepad.bin flag 1 data 41378
[   32.0698] open fd = -5
[   32.0705] open name host:/livedbg.cmd flag 1 data 41378
[   32.0720] open fd = 256
[   32.0741] open name host:/livedbg.bin flag 602 data 41378
[   32.0764] open fd = 256
[   32.0950] open name host:/livepad.bin flag 1 data 41378
[   32.0956] open fd = -5
[   32.1123] open name host:/livepad.bin flag 1 data 41378
[   32.1133] open fd = -5
[   32.1311] open name host:/livepad.bin flag 1 data 41378
[   32.1319] open fd = -5
[   32.1504] open name host:/livepad.bin flag 1 data 41378
[   32.1510] open fd = -5
[   32.1681] open name host:/livepad.bin flag 1 data 41378
[   32.1688] open fd = -5
[   32.1865] open name host:/livepad.bin flag 1 data 41378
[   32.1871] open fd = -5
[   32.1875] open name host:/livedbg.cmd flag 1 data 41378
[   32.1889] open fd = 256
[   32.1911] open name host:/livedbg.bin flag 602 data 41378
[   32.1930] open fd = 256
[   32.2113] open name host:/livepad.bin flag 1 data 41378
[   32.2119] open fd = -5
[   32.2312] open name host:/livepad.bin flag 1 data 41378
[   32.2320] open fd = -5
[   32.2512] open name host:/livepad.bin flag 1 data 41378
[   32.2519] open fd = -5
[   32.2699] open name host:/livepad.bin flag 1 data 41378
[   32.2707] open fd = -5
[   32.2882] open name host:/livepad.bin flag 1 data 41378
[   32.2889] open fd = -5
[   32.3058] open name host:/livepad.bin flag 1 data 41378
[   32.3064] open fd = -5
[   32.3069] open name host:/livedbg.cmd flag 1 data 41378
[   32.3084] open fd = 256
[   32.3106] open name host:/livedbg.bin flag 602 data 41378
[   32.3128] open fd = 256
[   32.3313] open name host:/livepad.bin flag 1 data 41378
[   32.3320] open fd = -5
[   32.3494] open name host:/livepad.bin flag 1 data 41378
[   32.3500] open fd = -5
[   32.3680] open name host:/livepad.bin flag 1 data 41378
[   32.3687] open fd = -5
[   32.3874] open name host:/livepad.bin flag 1 data 41378
[   32.3882] open fd = -5
[   32.4067] open name host:/livepad.bin flag 1 data 41378
[   32.4073] open fd = -5
[   32.4261] open name host:/livepad.bin flag 1 data 41378
[   32.4268] open fd = -5
[   32.4273] open name host:/livedbg.cmd flag 1 data 41378
[   32.4287] open fd = 256
[   32.4309] open name host:/livedbg.bin flag 602 data 41378
[   32.4332] open fd = 256
[   32.4530] open name host:/livepad.bin flag 1 data 41378
[   32.4538] open fd = -5
[   32.4757] open name host:/livepad.bin flag 1 data 41378
[   32.4763] open fd = -5
[   32.4959] open name host:/livepad.bin flag 1 data 41378
[   32.4966] open fd = -5
[   32.5155] open name host:/livepad.bin flag 1 data 41378
[   32.5161] open fd = -5
[   32.5330] open name host:/livepad.bin flag 1 data 41378
[   32.5337] open fd = -5
[   32.5507] open name host:/livepad.bin flag 1 data 41378
[   32.5513] open fd = -5
[   32.5518] open name host:/livedbg.cmd flag 1 data 41378
[   32.5533] open fd = 256
[   32.5554] open name host:/livedbg.bin flag 602 data 41378
[   32.5577] open fd = 256
[   32.5763] open name host:/livepad.bin flag 1 data 41378
[   32.5768] open fd = -5
[   32.5944] open name host:/livepad.bin flag 1 data 41378
[   32.5951] open fd = -5
[   32.6145] open name host:/livepad.bin flag 1 data 41378
[   32.6151] open fd = -5
[   32.6342] open name host:/livepad.bin flag 1 data 41378
[   32.6349] open fd = -5
[   32.6527] open name host:/livepad.bin flag 1 data 41378
[   32.6533] open fd = -5
[   32.6724] open name host:/livepad.bin flag 1 data 41378
[   32.6731] open fd = -5
[   32.6737] open name host:/livedbg.cmd flag 1 data 41378
[   32.6751] open fd = 256
[   32.6772] open name host:/livedbg.bin flag 602 data 41378
[   32.6799] open fd = 256
[   32.7001] open name host:/livepad.bin flag 1 data 41378
[   32.7008] open fd = -5
[   32.7206] open name host:/livepad.bin flag 1 data 41378
[   32.7214] open fd = -5
[   32.7396] open name host:/livepad.bin flag 1 data 41378
[   32.7404] open fd = -5
[   32.7591] open name host:/livepad.bin flag 1 data 41378
[   32.7598] open fd = -5
[   32.7783] open name host:/livepad.bin flag 1 data 41378
[   32.7791] open fd = -5
[   32.7996] open name host:/livepad.bin flag 1 data 41378
[   32.8061] open fd = -5
[   32.8071] open name host:/livedbg.cmd flag 1 data 41378
[   32.8105] open fd = 256
[   32.8147] open name host:/livedbg.bin flag 602 data 41378
[   32.8184] open fd = 256
[   32.8416] open name host:/livepad.bin flag 1 data 41378
[   32.8423] open fd = -5
[   32.8630] open name host:/livepad.bin flag 1 data 41378
[   32.8638] open fd = -5
[   32.8826] open name host:/livepad.bin flag 1 data 41378
[   32.8834] open fd = -5
[   32.9021] open name host:/livepad.bin flag 1 data 41378
[   32.9028] open fd = -5
[   32.9232] open name host:/livepad.bin flag 1 data 41378
[   32.9238] open fd = -5
[   32.9417] open name host:/log.txt flag 302 data 41378
[   32.9436] open fd = 256
[   32.9460] open name host:/livepad.bin flag 1 data 41378
[   32.9465] open fd = -5
[   32.9468] open name host:/livedbg.cmd flag 1 data 41378
[   32.9483] open fd = 256
[   32.9505] open name host:/livedbg.bin flag 602 data 41378
[   32.9530] open fd = 256
[   32.9752] open name host:/livepad.bin flag 1 data 41378
[   32.9759] open fd = -5
[   32.9936] open name host:/livepad.bin flag 1 data 41378
[   32.9946] open fd = -5
[   33.0138] open name host:/livepad.bin flag 1 data 41378
[   33.0146] open fd = -5
[   33.0324] open name host:/livepad.bin flag 1 data 41378
[   33.0332] open fd = -5
[   33.0504] open name host:/livepad.bin flag 1 data 41378
[   33.0512] open fd = -5
[   33.0699] open name host:/livepad.bin flag 1 data 41378
[   33.0707] open fd = -5
[   33.0712] open name host:/livedbg.cmd flag 1 data 41378
[   33.0726] open fd = 256
[   33.0749] open name host:/livedbg.bin flag 602 data 41378
[   33.0769] open fd = 256
[   33.0950] open name host:/livepad.bin flag 1 data 41378
[   33.0959] open fd = -5
[   33.1129] open name host:/livepad.bin flag 1 data 41378
[   33.1137] open fd = -5
[   33.1299] open name host:/livepad.bin flag 1 data 41378
[   33.1306] open fd = -5
[   33.1465] open name host:/livepad.bin flag 1 data 41378
[   33.1471] open fd = -5
[   33.1651] open name host:/livepad.bin flag 1 data 41378
[   33.1663] open fd = -5
[   33.1865] open name host:/livepad.bin flag 1 data 41378
[   33.1872] open fd = -5
[   33.1876] open name host:/livedbg.cmd flag 1 data 41378
[   33.1890] open fd = 256
[   33.1909] open name host:/livedbg.bin flag 602 data 41378
[   33.1930] open fd = 256
[   33.2132] open name host:/livepad.bin flag 1 data 41378
[   33.2138] open fd = -5
[   33.2330] open name host:/livepad.bin flag 1 data 41378
[   33.2337] open fd = -5
[   33.2520] open name host:/livepad.bin flag 1 data 41378
[   33.2526] open fd = -5
[   33.2701] open name host:/livepad.bin flag 1 data 41378
[   33.2708] open fd = -5
[   33.2935] open name host:/livepad.bin flag 1 data 41378
[   33.2949] open fd = -5
[   33.3175] open name host:/livepad.bin flag 1 data 41378
[   33.3184] open fd = -5
[   33.3190] open name host:/livedbg.cmd flag 1 data 41378
[   33.3209] open fd = 256
[   33.3236] open name host:/livedbg.bin flag 602 data 41378
[   33.3260] open fd = 256
[   33.3467] open name host:/livepad.bin flag 1 data 41378
[   33.3474] open fd = -5
[   33.3654] open name host:/livepad.bin flag 1 data 41378
[   33.3661] open fd = -5
[   33.3857] open name host:/livepad.bin flag 1 data 41378
[   33.3863] open fd = -5
[   33.4037] open name host:/livepad.bin flag 1 data 41378
[   33.4044] open fd = -5
[   33.4215] open name host:/livepad.bin flag 1 data 41378
[   33.4221] open fd = -5
[   33.4393] open name host:/livepad.bin flag 1 data 41378
[   33.4402] open fd = -5
[   33.4406] open name host:/livedbg.cmd flag 1 data 41378
[   33.4420] open fd = 256
[   33.4441] open name host:/livedbg.bin flag 602 data 41378
[   33.4465] open fd = 256
[   33.4671] open name host:/livepad.bin flag 1 data 41378
[   33.4678] open fd = -5
[   33.4853] open name host:/livepad.bin flag 1 data 41378
[   33.4859] open fd = -5
[   33.5062] open name host:/livepad.bin flag 1 data 41378
[   33.5069] open fd = -5
[   33.5266] open name host:/livepad.bin flag 1 data 41378
[   33.5273] open fd = -5
[   33.5462] open name host:/livepad.bin flag 1 data 41378
[   33.5470] open fd = -5
[   33.5666] open name host:/livepad.bin flag 1 data 41378
[   33.5673] open fd = -5
[   33.5677] open name host:/livedbg.cmd flag 1 data 41378
[   33.5690] open fd = 256
[   33.5712] open name host:/livedbg.bin flag 602 data 41378
[   33.5735] open fd = 256
[   33.5925] open name host:/livepad.bin flag 1 data 41378
[   33.5932] open fd = -5
[   33.6117] open name host:/livepad.bin flag 1 data 41378
[   33.6125] open fd = -5
[   33.6317] open name host:/livepad.bin flag 1 data 41378
[   33.6325] open fd = -5
[   33.6503] open name host:/livepad.bin flag 1 data 41378
[   33.6510] open fd = -5
[   33.6697] open name host:/livepad.bin flag 1 data 41378
[   33.6706] open fd = -5
[   33.6897] open name host:/livepad.bin flag 1 data 41378
[   33.6904] open fd = -5
[   33.6911] open name host:/livedbg.cmd flag 1 data 41378
[   33.6926] open fd = 256
[   33.6951] open name host:/livedbg.bin flag 602 data 41378
[   33.6974] open fd = 256
[   33.7177] open name host:/livepad.bin flag 1 data 41378
[   33.7184] open fd = -5
[   33.7371] open name host:/livepad.bin flag 1 data 41378
[   33.7378] open fd = -5
[   33.7565] open name host:/livepad.bin flag 1 data 41378
[   33.7572] open fd = -5
[   33.7765] open name host:/livepad.bin flag 1 data 41378
[   33.7772] open fd = -5
[   33.7955] open name host:/livepad.bin flag 1 data 41378
[   33.7978] open fd = -5
[   33.8209] open name host:/livepad.bin flag 1 data 41378
[   33.8218] open fd = -5
[   33.8224] open name host:/livedbg.cmd flag 1 data 41378
[   33.8248] open fd = 256
[   33.8278] open name host:/livedbg.bin flag 602 data 41378
[   33.8310] open fd = 256
[   33.8523] open name host:/livepad.bin flag 1 data 41378
[   33.8530] open fd = -5
[   33.8713] FRAMEARENA frames=960 peak=1033488 resets=2 fallbacks=0 maxFrameBytes=2239536 maxBorrowed=2106144 freeKiB=15245
[   33.8719] NATIVEVIF frames=960 batches=962
[   33.8724] ORDEREDFRAME frames=960 splitFrames=1
[   33.8728] FRAMEPIPELINE starts=960 dmaBusyStarts=759
[   33.8734] open name host:/livepad.bin flag 1 data 41378
[   33.8739] open fd = -5
[   33.8911] open name host:/livepad.bin flag 1 data 41378
[   33.8919] open fd = -5
[   33.9099] open name host:/livepad.bin flag 1 data 41378
[   33.9107] open fd = -5
[   33.9295] open name host:/livepad.bin flag 1 data 41378
[   33.9303] open fd = -5
[   33.9470] open name host:/livepad.bin flag 1 data 41378
[   33.9478] open fd = -5
[   33.9482] open name host:/livedbg.cmd flag 1 data 41378
[   33.9499] open fd = 256
[   33.9521] open name host:/livedbg.bin flag 602 data 41378
[   33.9546] open fd = 256
[   33.9774] open name host:/livepad.bin flag 1 data 41378
[   33.9781] open fd = -5
[   33.9966] open name host:/livepad.bin flag 1 data 41378
[   33.9973] open fd = -5
[   34.0154] open name host:/livepad.bin flag 1 data 41378
[   34.0161] open fd = -5
[   34.0345] open name host:/livepad.bin flag 1 data 41378
[   34.0351] open fd = -5
[   34.0536] open name host:/livepad.bin flag 1 data 41378
[   34.0542] open fd = -5
[   34.0720] open name host:/livepad.bin flag 1 data 41378
[   34.0727] open fd = -5
[   34.0732] open name host:/livedbg.cmd flag 1 data 41378
[   34.0745] open fd = 256
[   34.0766] open name host:/livedbg.bin flag 602 data 41378
[   34.0789] open fd = 256
[   34.0967] open name host:/livepad.bin flag 1 data 41378
[   34.0975] open fd = -5
[   34.1159] open name host:/livepad.bin flag 1 data 41378
[   34.1167] open fd = -5
[   34.1334] open name host:/livepad.bin flag 1 data 41378
[   34.1341] open fd = -5
[   34.1518] open name host:/livepad.bin flag 1 data 41378
[   34.1524] open fd = -5
[   34.1703] open name host:/livepad.bin flag 1 data 41378
[   34.1709] open fd = -5
[   34.1886] open name host:/livepad.bin flag 1 data 41378
[   34.1893] open fd = -5
[   34.1898] open name host:/livedbg.cmd flag 1 data 41378
[   34.1912] open fd = 256
[   34.1933] open name host:/livedbg.bin flag 602 data 41378
[   34.1954] open fd = 256
[   34.2139] open name host:/livepad.bin flag 1 data 41378
[   34.2147] open fd = -5
[   34.2334] open name host:/livepad.bin flag 1 data 41378
[   34.2340] open fd = -5
[   34.2513] open name host:/livepad.bin flag 1 data 41378
[   34.2519] open fd = -5
[   34.2708] open name host:/livepad.bin flag 1 data 41378
[   34.2715] open fd = -5
[   34.2889] open name host:/livepad.bin flag 1 data 41378
[   34.2895] open fd = -5
[   34.3104] open name host:/livepad.bin flag 1 data 41378
[   34.3119] open fd = -5
[   34.3131] open name host:/livedbg.cmd flag 1 data 41378
[   34.3158] open fd = 256
[   34.3191] open name host:/livedbg.bin flag 602 data 41378
[   34.3228] open fd = 256
[   34.3477] open name host:/livepad.bin flag 1 data 41378
[   34.3485] open fd = -5
[   34.3682] open name host:/livepad.bin flag 1 data 41378
[   34.3690] open fd = -5
[   34.3872] open name host:/livepad.bin flag 1 data 41378
[   34.3879] open fd = -5
[   34.4067] open name host:/livepad.bin flag 1 data 41378
[   34.4073] open fd = -5
[   34.4259] open name host:/livepad.bin flag 1 data 41378
[   34.4266] open fd = -5
[   34.4461] open name host:/livepad.bin flag 1 data 41378
[   34.4466] open fd = -5
[   34.4470] open name host:/livedbg.cmd flag 1 data 41378
[   34.4485] open fd = 256
[   34.4505] open name host:/livedbg.bin flag 602 data 41378
[   34.4526] open fd = 256
[   34.4719] open name host:/livepad.bin flag 1 data 41378
[   34.4726] open fd = -5
[   34.4894] open name host:/livepad.bin flag 1 data 41378
[   34.4902] open fd = -5
[   34.5076] open name host:/livepad.bin flag 1 data 41378
[   34.5083] open fd = -5
[   34.5288] open name host:/livepad.bin flag 1 data 41378
[   34.5296] open fd = -5
[   34.5478] open name host:/livepad.bin flag 1 data 41378
[   34.5484] open fd = -5
[   34.5660] open name host:/livepad.bin flag 1 data 41378
[   34.5667] open fd = -5
[   34.5672] open name host:/livedbg.cmd flag 1 data 41378
[   34.5686] open fd = 256
[   34.5708] open name host:/livedbg.bin flag 602 data 41378
[   34.5731] open fd = 256
[   34.5914] open name host:/livepad.bin flag 1 data 41378
[   34.5919] open fd = -5
[   34.6107] open name host:/livepad.bin flag 1 data 41378
[   34.6114] open fd = -5
[   34.6297] open name host:/livepad.bin flag 1 data 41378
[   34.6305] open fd = -5
[   34.6477] open name host:/livepad.bin flag 1 data 41378
[   34.6485] open fd = -5
[   34.6674] open name host:/livepad.bin flag 1 data 41378
[   34.6681] open fd = -5
[   34.6861] open name host:/livepad.bin flag 1 data 41378
[   34.6868] open fd = -5
[   34.6873] open name host:/livedbg.cmd flag 1 data 41378
[   34.6884] open fd = 256
[   34.6909] open name host:/livedbg.bin flag 602 data 41378
[   34.6932] open fd = 256
[   34.7117] open name host:/livepad.bin flag 1 data 41378
[   34.7126] open fd = -5
[   34.7306] open name host:/livepad.bin flag 1 data 41378
[   34.7314] open fd = -5
[   34.7483] open name host:/livepad.bin flag 1 data 41378
[   34.7490] open fd = -5
[   34.7661] open name host:/livepad.bin flag 1 data 41378
[   34.7667] open fd = -5
[   34.7869] open name host:/livepad.bin flag 1 data 41378
[   34.7875] open fd = -5
[   34.8067] open name host:/livepad.bin flag 1 data 41378
[   34.8074] open fd = -5
[   34.8078] open name host:/livedbg.cmd flag 1 data 41378
[   34.8094] open fd = 256
[   34.8117] open name host:/livedbg.bin flag 602 data 41378
[   34.8140] open fd = 256
[   34.8336] open name host:/livepad.bin flag 1 data 41378
[   34.8342] open fd = -5
[   34.8528] open name host:/livepad.bin flag 1 data 41378
[   34.8536] open fd = -5
[   34.8722] open name host:/livepad.bin flag 1 data 41378
[   34.8729] open fd = -5
[   34.8917] open name host:/livepad.bin flag 1 data 41378
[   34.8924] open fd = -5
[   34.9119] open name host:/livepad.bin flag 1 data 41378
[   34.9126] open fd = -5
[   34.9316] open name host:/livepad.bin flag 1 data 41378
[   34.9327] open fd = -5
[   34.9334] open name host:/livedbg.cmd flag 1 data 41378
[   34.9348] open fd = 256
[   34.9368] open name host:/livedbg.bin flag 602 data 41378
[   34.9390] open fd = 256
[   34.9612] open name host:/livepad.bin flag 1 data 41378
[   34.9620] open fd = -5
[   34.9802] open name host:/livepad.bin flag 1 data 41378
[   34.9809] open fd = -5
[   35.0038] open name host:/livepad.bin flag 1 data 41378
[   35.0048] open fd = -5
[   35.0272] open name host:/livepad.bin flag 1 data 41378
[   35.0282] open fd = -5
[   35.0506] open name host:/livepad.bin flag 1 data 41378
[   35.0517] open fd = -5
[   35.0705] open name host:/livepad.bin flag 1 data 41378
[   35.0714] open fd = -5
[   35.0719] open name host:/livedbg.cmd flag 1 data 41378
[   35.0735] open fd = 256
[   35.0757] open name host:/livedbg.bin flag 602 data 41378
[   35.0780] open fd = 256
[   35.0988] open name host:/livepad.bin flag 1 data 41378
[   35.0994] open fd = -5
[   35.1188] open name host:/livepad.bin flag 1 data 41378
[   35.1196] open fd = -5
[   35.1389] open name host:/livepad.bin flag 1 data 41378
[   35.1396] open fd = -5
[   35.1598] open name host:/livepad.bin flag 1 data 41378
[   35.1605] open fd = -5
[   35.1787] open name host:/livepad.bin flag 1 data 41378
[   35.1796] open fd = -5
[   35.2000] open name host:/livepad.bin flag 1 data 41378
[   35.2008] open fd = -5
[   35.2013] open name host:/livedbg.cmd flag 1 data 41378
[   35.2027] open fd = 256
[   35.2053] open name host:/livedbg.bin flag 602 data 41378
[   35.2074] open fd = 256
[   35.2248] open name host:/livepad.bin flag 1 data 41378
[   35.2255] open fd = -5
[   35.2436] open name host:/livepad.bin flag 1 data 41378
[   35.2442] open fd = -5
[   35.2615] open name host:/livepad.bin flag 1 data 41378
[   35.2623] open fd = -5
[   35.2798] open name host:/livepad.bin flag 1 data 41378
[   35.2807] open fd = -5
[   35.2982] open name host:/livepad.bin flag 1 data 41378
[   35.2989] open fd = -5
[   35.3164] open name host:/livepad.bin flag 1 data 41378
[   35.3171] open fd = -5
[   35.3176] open name host:/livedbg.cmd flag 1 data 41378
[   35.3189] open fd = 256
[   35.3211] open name host:/livedbg.bin flag 602 data 41378
[   35.3232] open fd = 256
[   35.3428] open name host:/livepad.bin flag 1 data 41378
[   35.3435] open fd = -5
[   35.3607] open name host:/livepad.bin flag 1 data 41378
[   35.3616] open fd = -5
[   35.3809] open name host:/livepad.bin flag 1 data 41378
[   35.3816] open fd = -5
[   35.4008] open name host:/livepad.bin flag 1 data 41378
[   35.4016] open fd = -5
[   35.4201] open name host:/livepad.bin flag 1 data 41378
[   35.4208] open fd = -5
[   35.4392] open name host:/livepad.bin flag 1 data 41378
[   35.4399] open fd = -5
[   35.4402] open name host:/livedbg.cmd flag 1 data 41378
[   35.4417] open fd = 256
[   35.4436] open name host:/livedbg.bin flag 602 data 41378
[   35.4457] open fd = 256
[   35.4645] open name host:/livepad.bin flag 1 data 41378
[   35.4652] open fd = -5
[   35.4817] open name host:/livepad.bin flag 1 data 41378
[   35.4823] open fd = -5
[   35.4995] open name host:/livepad.bin flag 1 data 41378
[   35.5002] open fd = -5
[   35.5225] open name host:/livepad.bin flag 1 data 41378
[   35.5238] open fd = -5
[   35.5461] open name host:/livepad.bin flag 1 data 41378
[   35.5469] open fd = -5
[   35.5648] open name host:/livepad.bin flag 1 data 41378
[   35.5656] open fd = -5
[   35.5660] open name host:/livedbg.cmd flag 1 data 41378
[   35.5676] open fd = 256
[   35.5696] open name host:/livedbg.bin flag 602 data 41378
[   35.5720] open fd = 256
[   35.5909] open name host:/livepad.bin flag 1 data 41378
[   35.5917] open fd = -5
[   35.6076] open name host:/livepad.bin flag 1 data 41378
[   35.6082] open fd = -5
[   35.6260] open name host:/livepad.bin flag 1 data 41378
[   35.6266] open fd = -5
[   35.6453] open name host:/livepad.bin flag 1 data 41378
[   35.6459] open fd = -5
[   35.6650] open name host:/livepad.bin flag 1 data 41378
[   35.6656] open fd = -5
[   35.6849] open name host:/livepad.bin flag 1 data 41378
[   35.6856] open fd = -5
[   35.6860] open name host:/livedbg.cmd flag 1 data 41378
[   35.6873] open fd = 256
[   35.6893] open name host:/livedbg.bin flag 602 data 41378
[   35.6916] open fd = 256
[   35.7098] open name host:/livepad.bin flag 1 data 41378
[   35.7105] open fd = -5
[   35.7279] open name host:/livepad.bin flag 1 data 41378
[   35.7286] open fd = -5
[   35.7452] open name host:/livepad.bin flag 1 data 41378
[   35.7458] open fd = -5
[   35.7663] open name host:/livepad.bin flag 1 data 41378
[   35.7670] open fd = -5
[   35.7854] open name host:/livepad.bin flag 1 data 41378
[   35.7860] open fd = -5
[   35.8067] open name host:/livepad.bin flag 1 data 41378
[   35.8074] open fd = -5
[   35.8078] open name host:/livedbg.cmd flag 1 data 41378
[   35.8093] open fd = 256
[   35.8119] open name host:/livedbg.bin flag 602 data 41378
[   35.8142] open fd = 256
[   35.8343] open name host:/livepad.bin flag 1 data 41378
[   35.8351] open fd = -5
[   35.8528] open name host:/livepad.bin flag 1 data 41378
[   35.8535] open fd = -5
[   35.8719] open name host:/livepad.bin flag 1 data 41378
[   35.8725] open fd = -5
[   35.8892] open name host:/livepad.bin flag 1 data 41378
[   35.8899] open fd = -5
[   35.9075] open name host:/livepad.bin flag 1 data 41378
[   35.9083] open fd = -5
[   35.9263] open name host:/livepad.bin flag 1 data 41378
[   35.9269] open fd = -5
[   35.9274] open name host:/livedbg.cmd flag 1 data 41378
[   35.9291] open fd = 256
[   35.9311] open name host:/livedbg.bin flag 602 data 41378
[   35.9336] open fd = 256
[   35.9537] open name host:/livepad.bin flag 1 data 41378
[   35.9546] open fd = -5
[   35.9713] open name host:/livepad.bin flag 1 data 41378
[   35.9721] open fd = -5
[   35.9920] open name host:/livepad.bin flag 1 data 41378
[   35.9930] open fd = -5
[   36.0182] open name host:/livepad.bin flag 1 data 41378
[   36.0192] open fd = -5
[   36.0429] open name host:/livepad.bin flag 1 data 41378
[   36.0436] open fd = -5
[   36.0644] open name host:/livepad.bin flag 1 data 41378
[   36.0651] open fd = -5
[   36.0656] open name host:/livedbg.cmd flag 1 data 41378
[   36.0672] open fd = 256
[   36.0693] open name host:/livedbg.bin flag 602 data 41378
[   36.0716] open fd = 256
[   36.0910] open name host:/livepad.bin flag 1 data 41378
[   36.0918] open fd = -5
[   36.1097] open name host:/livepad.bin flag 1 data 41378
[   36.1107] open fd = -5
[   36.1303] open name host:/livepad.bin flag 1 data 41378
[   36.1312] open fd = -5
[   36.1492] open name host:/livepad.bin flag 1 data 41378
[   36.1499] open fd = -5
[   36.1696] open name host:/livepad.bin flag 1 data 41378
[   36.1703] open fd = -5
[   36.1906] open name host:/livepad.bin flag 1 data 41378
[   36.1913] open fd = -5
[   36.1918] open name host:/livedbg.cmd flag 1 data 41378
[   36.1932] open fd = 256
[   36.1960] open name host:/livedbg.bin flag 602 data 41378
[   36.1985] open fd = 256
[   36.2172] open name host:/livepad.bin flag 1 data 41378
[   36.2179] open fd = -5
[   36.2351] open name host:/livepad.bin flag 1 data 41378
[   36.2358] open fd = -5
[   36.2527] open name host:/livepad.bin flag 1 data 41378
[   36.2533] open fd = -5
[   36.2708] open name host:/livepad.bin flag 1 data 41378
[   36.2716] open fd = -5
[   36.2884] open name host:/livepad.bin flag 1 data 41378
[   36.2890] open fd = -5
[   36.3058] open name host:/livepad.bin flag 1 data 41378
[   36.3064] open fd = -5
[   36.3070] open name host:/livedbg.cmd flag 1 data 41378
[   36.3083] open fd = 256
[   36.3104] open name host:/livedbg.bin flag 602 data 41378
[   36.3125] open fd = 256
[   36.3322] open name host:/livepad.bin flag 1 data 41378
[   36.3329] open fd = -5
[   36.3492] FRAMEARENA frames=1080 peak=1033488 resets=2 fallbacks=0 maxFrameBytes=2239536 maxBorrowed=2106144 freeKiB=15245
[   36.3496] NATIVEVIF frames=1080 batches=1082
[   36.3500] ORDEREDFRAME frames=1080 splitFrames=1
[   36.3504] FRAMEPIPELINE starts=1080 dmaBusyStarts=858
[   36.3509] open name host:/livepad.bin flag 1 data 41378
[   36.3515] open fd = -5
[   36.3697] open name host:/livepad.bin flag 1 data 41378
[   36.3703] open fd = -5
[   36.3874] open name host:/livepad.bin flag 1 data 41378
[   36.3881] open fd = -5
[   36.4084] open name host:/livepad.bin flag 1 data 41378
[   36.4099] open fd = -5
[   36.4320] open name host:/livepad.bin flag 1 data 41378
[   36.4330] open fd = -5
[   36.4337] open name host:/livedbg.cmd flag 1 data 41378
[   36.4361] open fd = 256
[   36.4392] open name host:/livedbg.bin flag 602 data 41378
[   36.4423] open fd = 256
[   36.4646] open name host:/livepad.bin flag 1 data 41378
[   36.4655] open fd = -5
[   36.4845] open name host:/livepad.bin flag 1 data 41378
[   36.4852] open fd = -5
[   36.5038] open name host:/livepad.bin flag 1 data 41378
[   36.5045] open fd = -5
[   36.5243] open name host:/livepad.bin flag 1 data 41378
[   36.5250] open fd = -5
[   36.5434] open name host:/livepad.bin flag 1 data 41378
[   36.5440] open fd = -5
[   36.5626] open name host:/livepad.bin flag 1 data 41378
[   36.5634] open fd = -5
[   36.5640] open name host:/livedbg.cmd flag 1 data 41378
[   36.5655] open fd = 256
[   36.5675] open name host:/livedbg.bin flag 602 data 41378
[   36.5695] open fd = 256
[   36.5887] open name host:/livepad.bin flag 1 data 41378
[   36.5894] open fd = -5
[   36.6063] open name host:/livepad.bin flag 1 data 41378
[   36.6069] open fd = -5
[   36.6256] open name host:/livepad.bin flag 1 data 41378
[   36.6263] open fd = -5
[   36.6462] open name host:/livepad.bin flag 1 data 41378
[   36.6468] open fd = -5
[   36.6653] open name host:/livepad.bin flag 1 data 41378
[   36.6660] open fd = -5
[   36.6853] open name host:/livepad.bin flag 1 data 41378
[   36.6859] open fd = -5
[   36.6864] open name host:/livedbg.cmd flag 1 data 41378
[   36.6877] open fd = 256
[   36.6898] open name host:/livedbg.bin flag 602 data 41378
[   36.6920] open fd = 256
[   36.7120] open name host:/livepad.bin flag 1 data 41378
[   36.7127] open fd = -5
[   36.7299] open name host:/livepad.bin flag 1 data 41378
[   36.7307] open fd = -5
[   36.7482] open name host:/livepad.bin flag 1 data 41378
[   36.7490] open fd = -5
[   36.7661] open name host:/livepad.bin flag 1 data 41378
[   36.7667] open fd = -5
[   36.7867] open name host:/livepad.bin flag 1 data 41378
[   36.7873] open fd = -5
[   36.8064] open name host:/livepad.bin flag 1 data 41378
[   36.8071] open fd = -5
[   36.8077] open name host:/livedbg.cmd flag 1 data 41378
[   36.8092] open fd = 256
[   36.8117] open name host:/livedbg.bin flag 602 data 41378
[   36.8145] open fd = 256
[   36.8349] open name host:/livepad.bin flag 1 data 41378
[   36.8356] open fd = -5
[   36.8547] open name host:/livepad.bin flag 1 data 41378
[   36.8555] open fd = -5
[   36.8738] open name host:/livepad.bin flag 1 data 41378
[   36.8746] open fd = -5
[   36.8932] open name host:/livepad.bin flag 1 data 41378
[   36.8940] open fd = -5
[   36.9130] open name host:/livepad.bin flag 1 data 41378
[   36.9136] open fd = -5
[   36.9326] open name host:/livepad.bin flag 1 data 41378
[   36.9334] open fd = -5
[   36.9339] open name host:/livedbg.cmd flag 1 data 41378
[   36.9353] open fd = 256
[   36.9374] open name host:/livedbg.bin flag 602 data 41378
[   36.9396] open fd = 256
[   36.9607] open name host:/livepad.bin flag 1 data 41378
[   36.9616] open fd = -5
[   36.9810] open name host:/livepad.bin flag 1 data 41378
[   36.9818] open fd = -5
[   37.0015] open name host:/livepad.bin flag 1 data 41378
[   37.0023] open fd = -5
[   37.0211] open name host:/livepad.bin flag 1 data 41378
[   37.0218] open fd = -5
[   37.0418] open name host:/livepad.bin flag 1 data 41378
[   37.0426] open fd = -5
[   37.0610] open name host:/livepad.bin flag 1 data 41378
[   37.0617] open fd = -5
[   37.0621] open name host:/livedbg.cmd flag 1 data 41378
[   37.0636] open fd = 256
[   37.0659] open name host:/livedbg.bin flag 602 data 41378
[   37.0681] open fd = 256
[   37.0872] open name host:/livepad.bin flag 1 data 41378
[   37.0878] open fd = -5
[   37.1064] open name host:/livepad.bin flag 1 data 41378
[   37.1070] open fd = -5
[   37.1263] open name host:/livepad.bin flag 1 data 41378
[   37.1270] open fd = -5
[   37.1499] open name host:/livepad.bin flag 1 data 41378
[   37.1507] open fd = -5
[   37.1705] open name host:/livepad.bin flag 1 data 41378
[   37.1712] open fd = -5
[   37.1904] open name host:/livepad.bin flag 1 data 41378
[   37.1913] open fd = -5
[   37.1918] open name host:/livedbg.cmd flag 1 data 41378
[   37.1937] open fd = 256
[   37.1967] open name host:/livedbg.bin flag 602 data 41378
[   37.1998] open fd = 256
[   37.2198] open name host:/livepad.bin flag 1 data 41378
[   37.2207] open fd = -5
[   37.2510] open name host:/livepad.bin flag 1 data 41378
[   37.2521] open fd = -5
[   37.2714] open name host:/livepad.bin flag 1 data 41378
[   37.2722] open fd = -5
[   37.2907] open name host:/livepad.bin flag 1 data 41378
[   37.2915] open fd = -5
[   37.3092] open name host:/livepad.bin flag 1 data 41378
[   37.3100] open fd = -5
[   37.3284] open name host:/livepad.bin flag 1 data 41378
[   37.3293] open fd = -5
[   37.3298] open name host:/livedbg.cmd flag 1 data 41378
[   37.3317] open fd = 256
[   37.3339] open name host:/livedbg.bin flag 602 data 41378
[   37.3361] open fd = 256
[   37.3550] open name host:/livepad.bin flag 1 data 41378
[   37.3557] open fd = -5
[   37.3736] open name host:/livepad.bin flag 1 data 41378
[   37.3746] open fd = -5
[   37.3946] open name host:/livepad.bin flag 1 data 41378
[   37.3957] open fd = -5
[   37.4134] open name host:/livepad.bin flag 1 data 41378
[   37.4143] open fd = -5
[   37.4345] open name host:/livepad.bin flag 1 data 41378
[   37.4351] open fd = -5
[   37.4537] open name host:/livepad.bin flag 1 data 41378
[   37.4544] open fd = -5
[   37.4549] open name host:/livedbg.cmd flag 1 data 41378
[   37.4563] open fd = 256
[   37.4581] open name host:/livedbg.bin flag 602 data 41378
[   37.4602] open fd = 256
[   37.4782] open name host:/livepad.bin flag 1 data 41378
[   37.4790] open fd = -5
[   37.4967] open name host:/livepad.bin flag 1 data 41378
[   37.4974] open fd = -5
[   37.5174] open name host:/livepad.bin flag 1 data 41378
[   37.5182] open fd = -5
[   37.5364] open name host:/livepad.bin flag 1 data 41378
[   37.5370] open fd = -5
[   37.5555] open name host:/livepad.bin flag 1 data 41378
[   37.5561] open fd = -5
[   37.5742] open name host:/livepad.bin flag 1 data 41378
[   37.5749] open fd = -5
[   37.5753] open name host:/livedbg.cmd flag 1 data 41378
[   37.5767] open fd = 256
[   37.5787] open name host:/livedbg.bin flag 602 data 41378
[   37.5810] open fd = 256
[   37.6010] open name host:/livepad.bin flag 1 data 41378
[   37.6017] open fd = -5
[   37.6183] open name host:/livepad.bin flag 1 data 41378
[   37.6190] open fd = -5
[   37.6383] open name host:/livepad.bin flag 1 data 41378
[   37.6394] open fd = -5
[   37.6642] open name host:/livepad.bin flag 1 data 41378
[   37.6649] open fd = -5
[   37.6831] open name host:/livepad.bin flag 1 data 41378
[   37.6838] open fd = -5
[   37.7019] open name host:/livepad.bin flag 1 data 41378
[   37.7028] open fd = -5
[   37.7032] open name host:/livedbg.cmd flag 1 data 41378
[   37.7046] open fd = 256
[   37.7067] open name host:/livedbg.bin flag 602 data 41378
[   37.7090] open fd = 256
[   37.7279] open name host:/livepad.bin flag 1 data 41378
[   37.7286] open fd = -5
[   37.7468] open name host:/livepad.bin flag 1 data 41378
[   37.7475] open fd = -5
[   37.7663] open name host:/livepad.bin flag 1 data 41378
[   37.7669] open fd = -5
[   37.7856] open name host:/livepad.bin flag 1 data 41378
[   37.7863] open fd = -5
[   37.8054] open name host:/livepad.bin flag 1 data 41378
[   37.8060] open fd = -5
[   37.8256] open name host:/livepad.bin flag 1 data 41378
[   37.8262] open fd = -5
[   37.8266] open name host:/livedbg.cmd flag 1 data 41378
[   37.8280] open fd = 256
[   37.8305] open name host:/livedbg.bin flag 602 data 41378
[   37.8326] open fd = 256
[   37.8516] open name host:/livepad.bin flag 1 data 41378
[   37.8522] open fd = -5
[   37.8684] open name host:/livepad.bin flag 1 data 41378
[   37.8689] open fd = -5
[   37.8855] open name host:/livepad.bin flag 1 data 41378
[   37.8863] open fd = -5
[   37.9054] open name host:/livepad.bin flag 1 data 41378
[   37.9060] open fd = -5
[   37.9249] open name host:/livepad.bin flag 1 data 41378
[   37.9256] open fd = -5
[   37.9456] open name host:/livepad.bin flag 1 data 41378
[   37.9464] open fd = -5
[   37.9469] open name host:/livedbg.cmd flag 1 data 41378
[   37.9484] open fd = 256
[   37.9505] open name host:/livedbg.bin flag 602 data 41378
[   37.9527] open fd = 256
[   37.9716] open name host:/livepad.bin flag 1 data 41378
[   37.9723] open fd = -5
[   37.9895] open name host:/livepad.bin flag 1 data 41378
[   37.9902] open fd = -5
[   38.0074] open name host:/livepad.bin flag 1 data 41378
[   38.0080] open fd = -5
[   38.0253] open name host:/livepad.bin flag 1 data 41378
[   38.0261] open fd = -5
[   38.0485] open name host:/livepad.bin flag 1 data 41378
[   38.0492] open fd = -5
[   38.0696] open name host:/livepad.bin flag 1 data 41378
[   38.0706] open fd = -5
[   38.0711] open name host:/livedbg.cmd flag 1 data 41378
[   38.0727] open fd = 256
[   38.0751] open name host:/livedbg.bin flag 602 data 41378
[   38.0774] open fd = 256
[   38.0982] open name host:/livepad.bin flag 1 data 41378
[   38.0991] open fd = -5
[   38.1204] open name host:/livepad.bin flag 1 data 41378
[   38.1212] open fd = -5
[   38.1417] open name host:/livepad.bin flag 1 data 41378
[   38.1424] open fd = -5
[   38.1623] open name host:/livepad.bin flag 1 data 41378
[   38.1632] open fd = -5
[   38.1811] open name host:/livepad.bin flag 1 data 41378
[   38.1819] open fd = -5
[   38.2004] open name host:/livepad.bin flag 1 data 41378
[   38.2012] open fd = -5
[   38.2018] open name host:/livedbg.cmd flag 1 data 41378
[   38.2033] open fd = 256
[   38.2057] open name host:/livedbg.bin flag 602 data 41378
[   38.2080] open fd = 256
[   38.2109] open name host:/log.txt flag 302 data 41378
[   38.2124] open fd = 256
[   38.2344] open name host:/livepad.bin flag 1 data 41378
[   38.2351] open fd = -5
[   38.2549] open name host:/livepad.bin flag 1 data 41378
[   38.2558] open fd = -5
[   38.2754] open name host:/livepad.bin flag 1 data 41378
[   38.2761] open fd = -5
[   38.2966] open name host:/livepad.bin flag 1 data 41378
[   38.2974] open fd = -5
[   38.3172] open name host:/livepad.bin flag 1 data 41378
[   38.3180] open fd = -5
[   38.3466] open name host:/livepad.bin flag 1 data 41378
[   38.3481] open fd = -5
[   38.3489] open name host:/livedbg.cmd flag 1 data 41378
[   38.3523] open fd = 256
[   38.3563] open name host:/livedbg.bin flag 602 data 41378
[   38.3599] open fd = 256
[   38.3931] open name host:/livepad.bin flag 1 data 41378
[   38.3938] open fd = -5
[   38.4142] open name host:/livepad.bin flag 1 data 41378
[   38.4150] open fd = -5
[   38.4375] open name host:/livepad.bin flag 1 data 41378
[   38.4383] open fd = -5
[   38.4606] open name host:/livepad.bin flag 1 data 41378
[   38.4615] open fd = -5
[   38.4826] open name host:/livepad.bin flag 1 data 41378
[   38.4834] open fd = -5
[   38.5012] open name host:/livepad.bin flag 1 data 41378
[   38.5018] open fd = -5
[   38.5025] open name host:/livedbg.cmd flag 1 data 41378
[   38.5040] open fd = 256
[   38.5060] open name host:/livedbg.bin flag 602 data 41378
[   38.5082] open fd = 256
[   38.5323] open name host:/livepad.bin flag 1 data 41378
[   38.5332] open fd = -5
[   38.5531] open name host:/livepad.bin flag 1 data 41378
[   38.5539] open fd = -5
[   38.5739] open name host:/livepad.bin flag 1 data 41378
[   38.5746] open fd = -5
[   38.5944] open name host:/livepad.bin flag 1 data 41378
[   38.5951] open fd = -5
[   38.6154] open name host:/livepad.bin flag 1 data 41378
[   38.6161] open fd = -5
[   38.6385] open name host:/livepad.bin flag 1 data 41378
[   38.6393] open fd = -5
[   38.6400] open name host:/livedbg.cmd flag 1 data 41378
[   38.6416] open fd = 256
[   38.6443] open name host:/livedbg.bin flag 602 data 41378
[   38.6471] open fd = 256
[   38.6690] open name host:/livepad.bin flag 1 data 41378
[   38.6698] open fd = -5
[   38.6905] open name host:/livepad.bin flag 1 data 41378
[   38.6913] open fd = -5
[   38.7123] open name host:/livepad.bin flag 1 data 41378
[   38.7132] open fd = -5
[   38.7314] open name host:/livepad.bin flag 1 data 41378
[   38.7320] open fd = -5
[   38.7514] open name host:/livepad.bin flag 1 data 41378
[   38.7522] open fd = -5
[   38.7726] open name host:/livepad.bin flag 1 data 41378
[   38.7733] open fd = -5
[   38.7739] open name host:/livedbg.cmd flag 1 data 41378
[   38.7753] open fd = 256
[   38.7779] open name host:/livedbg.bin flag 602 data 41378
[   38.7803] open fd = 256
[   38.8010] open name host:/livepad.bin flag 1 data 41378
[   38.8017] open fd = -5
[   38.8210] open name host:/livepad.bin flag 1 data 41378
[   38.8218] open fd = -5
[   38.8450] open name host:/livepad.bin flag 1 data 41378
[   38.8460] open fd = -5
[   38.8692] open name host:/livepad.bin flag 1 data 41378
[   38.8701] open fd = -5
[   38.8911] open name host:/livepad.bin flag 1 data 41378
[   38.8919] open fd = -5
[   38.9135] open name host:/livepad.bin flag 1 data 41378
[   38.9144] open fd = -5
[   38.9150] open name host:/livedbg.cmd flag 1 data 41378
[   38.9167] open fd = 256
[   38.9193] open name host:/livedbg.bin flag 602 data 41378
[   38.9217] open fd = 256
[   38.9422] open name host:/livepad.bin flag 1 data 41378
[   38.9431] open fd = -5
[   38.9636] FRAMEARENA frames=1200 peak=1033488 resets=2 fallbacks=0 maxFrameBytes=2239536 maxBorrowed=2106144 freeKiB=15245
[   38.9642] NATIVEVIF frames=1200 batches=1202
[   38.9647] ORDEREDFRAME frames=1200 splitFrames=1
[   38.9652] FRAMEPIPELINE starts=1200 dmaBusyStarts=957
[   38.9658] open name host:/livepad.bin flag 1 data 41378
[   38.9664] open fd = -5
[   38.9853] open name host:/livepad.bin flag 1 data 41378
[   38.9861] open fd = -5
[   39.0049] open name host:/livepad.bin flag 1 data 41378
[   39.0056] open fd = -5
[   39.0283] open name host:/livepad.bin flag 1 data 41378
[   39.0292] open fd = -5
[   39.0481] open name host:/livepad.bin flag 1 data 41378
[   39.0488] open fd = -5
[   39.0494] open name host:/livedbg.cmd flag 1 data 41378
[   39.0511] open fd = 256
[   39.0538] open name host:/livedbg.bin flag 602 data 41378
[   39.0566] open fd = 256
[   39.0809] open name host:/livepad.bin flag 1 data 41378
[   39.0819] open fd = -5
[   39.1030] open name host:/livepad.bin flag 1 data 41378
[   39.1039] open fd = -5
[   39.1261] open name host:/livepad.bin flag 1 data 41378
[   39.1269] open fd = -5
[   39.1476] open name host:/livepad.bin flag 1 data 41378
[   39.1486] open fd = -5
[   39.1703] open name host:/livepad.bin flag 1 data 41378
[   39.1710] open fd = -5
[   39.1942] open name host:/livepad.bin flag 1 data 41378
[   39.1950] open fd = -5
[   39.1955] open name host:/livedbg.cmd flag 1 data 41378
[   39.1970] open fd = 256
[   39.1992] open name host:/livedbg.bin flag 602 data 41378
[   39.2016] open fd = 256
[   39.2241] open name host:/livepad.bin flag 1 data 41378
[   39.2249] open fd = -5
[   39.2468] open name host:/livepad.bin flag 1 data 41378
[   39.2477] open fd = -5
[   39.2687] open name host:/livepad.bin flag 1 data 41378
[   39.2699] open fd = -5
[   39.2949] open name host:/livepad.bin flag 1 data 41378
[   39.2968] open fd = -5
[   39.3208] open name host:/livepad.bin flag 1 data 41378
[   39.3219] open fd = -5
[   39.3455] open name host:/livepad.bin flag 1 data 41378
[   39.3462] open fd = -5
[   39.3470] open name host:/livedbg.cmd flag 1 data 41378
[   39.3486] open fd = 256
[   39.3512] open name host:/livedbg.bin flag 602 data 41378
[   39.3538] open fd = 256
[   39.3745] open name host:/livepad.bin flag 1 data 41378
[   39.3753] open fd = -5
[   39.3976] open name host:/livepad.bin flag 1 data 41378
[   39.3983] open fd = -5
[   39.4187] open name host:/livepad.bin flag 1 data 41378
[   39.4195] open fd = -5
[   39.4421] open name host:/livepad.bin flag 1 data 41378
[   39.4427] open fd = -5
[   39.4617] open name host:/livepad.bin flag 1 data 41378
[   39.4626] open fd = -5
[   39.4827] open name host:/livepad.bin flag 1 data 41378
[   39.4835] open fd = -5
[   39.4842] open name host:/livedbg.cmd flag 1 data 41378
[   39.4857] open fd = 256
[   39.4881] open name host:/livedbg.bin flag 602 data 41378
[   39.4907] open fd = 256
[   39.5110] open name host:/livepad.bin flag 1 data 41378
[   39.5118] open fd = -5
[   39.5300] open name host:/livepad.bin flag 1 data 41378
[   39.5308] open fd = -5
[   39.5503] open name host:/livepad.bin flag 1 data 41378
[   39.5510] open fd = -5
[   39.5705] open name host:/livepad.bin flag 1 data 41378
[   39.5712] open fd = -5
[   39.5900] open name host:/livepad.bin flag 1 data 41378
[   39.5907] open fd = -5
[   39.6098] open name host:/livepad.bin flag 1 data 41378
[   39.6105] open fd = -5
[   39.6110] open name host:/livedbg.cmd flag 1 data 41378
[   39.6125] open fd = 256
[   39.6146] open name host:/livedbg.bin flag 602 data 41378
[   39.6168] open fd = 256
[   39.6365] open name host:/livepad.bin flag 1 data 41378
[   39.6371] open fd = -5
[   39.6598] open name host:/livepad.bin flag 1 data 41378
[   39.6605] open fd = -5
[   39.6799] open name host:/livepad.bin flag 1 data 41378
[   39.6807] open fd = -5
[   39.7013] open name host:/livepad.bin flag 1 data 41378
[   39.7021] open fd = -5
[   39.7200] open name host:/livepad.bin flag 1 data 41378
[   39.7208] open fd = -5
[   39.7418] open name host:/livepad.bin flag 1 data 41378
[   39.7425] open fd = -5
[   39.7430] open name host:/livedbg.cmd flag 1 data 41378
[   39.7443] open fd = 256
[   39.7465] open name host:/livedbg.bin flag 602 data 41378
[   39.7487] open fd = 256
[   39.7676] open name host:/livepad.bin flag 1 data 41378
[   39.7681] open fd = -5
[   39.7860] open name host:/livepad.bin flag 1 data 41378
[   39.7866] open fd = -5
[   39.8088] open name host:/livepad.bin flag 1 data 41378
[   39.8152] open fd = -5
[   39.8382] open name host:/livepad.bin flag 1 data 41378
[   39.8389] open fd = -5
[   39.8578] open name host:/livepad.bin flag 1 data 41378
[   39.8585] open fd = -5
[   39.8768] open name host:/livepad.bin flag 1 data 41378
[   39.8776] open fd = -5
[   39.8782] open name host:/livedbg.cmd flag 1 data 41378
[   39.8799] open fd = 256
[   39.8822] open name host:/livedbg.bin flag 602 data 41378
[   39.8846] open fd = 256
[   39.9040] open name host:/livepad.bin flag 1 data 41378
[   39.9047] open fd = -5
[   39.9224] open name host:/livepad.bin flag 1 data 41378
[   39.9231] open fd = -5
[   39.9399] open name host:/livepad.bin flag 1 data 41378
[   39.9406] open fd = -5
[   39.9572] open name host:/livepad.bin flag 1 data 41378
[   39.9579] open fd = -5
[   39.9746] open name host:/livepad.bin flag 1 data 41378
[   39.9753] open fd = -5
[   39.9921] open name host:/livepad.bin flag 1 data 41378
[   39.9929] open fd = -5
[   39.9935] open name host:/livedbg.cmd flag 1 data 41378
[   39.9950] open fd = 256
[   39.9975] open name host:/livedbg.bin flag 602 data 41378
[   39.9999] open fd = 256
[   40.0196] open name host:/livepad.bin flag 1 data 41378
[   40.0206] open fd = -5
[   40.0392] open name host:/livepad.bin flag 1 data 41378
[   40.0402] open fd = -5
[   40.0587] open name host:/livepad.bin flag 1 data 41378
[   40.0596] open fd = -5
[   40.0792] open name host:/livepad.bin flag 1 data 41378
[   40.0800] open fd = -5
[   40.0992] open name host:/livepad.bin flag 1 data 41378
[   40.1001] open fd = -5
[   40.1208] open name host:/livepad.bin flag 1 data 41378
[   40.1216] open fd = -5
[   40.1222] open name host:/livedbg.cmd flag 1 data 41378
[   40.1242] open fd = 256
[   40.1269] open name host:/livedbg.bin flag 602 data 41378
[   40.1298] open fd = 256
[   40.1516] open name host:/livepad.bin flag 1 data 41378
[   40.1524] open fd = -5
[   40.1711] open name host:/livepad.bin flag 1 data 41378
[   40.1719] open fd = -5
[   40.1910] open name host:/livepad.bin flag 1 data 41378
[   40.1917] open fd = -5
[   40.2112] open name host:/livepad.bin flag 1 data 41378
[   40.2122] open fd = -5
[   40.2313] open name host:/livepad.bin flag 1 data 41378
[   40.2324] open fd = -5
[   40.2505] open name host:/livepad.bin flag 1 data 41378
[   40.2514] open fd = -5
[   40.2520] open name host:/livedbg.cmd flag 1 data 41378
[   40.2538] open fd = 256
[   40.2576] open name host:/livedbg.bin flag 602 data 41378
[   40.2621] open fd = 256
[   40.2937] open name host:/livepad.bin flag 1 data 41378
[   40.2953] open fd = -5
[   40.3179] open name host:/livepad.bin flag 1 data 41378
[   40.3192] open fd = -5
[   40.3402] open name host:/livepad.bin flag 1 data 41378
[   40.3411] open fd = -5
[   40.3601] open name host:/livepad.bin flag 1 data 41378
[   40.3608] open fd = -5
[   40.3805] open name host:/livepad.bin flag 1 data 41378
[   40.3813] open fd = -5
[   40.4041] open name host:/livepad.bin flag 1 data 41378
[   40.4049] open fd = -5
[   40.4056] open name host:/livedbg.cmd flag 1 data 41378
[   40.4071] open fd = 256
[   40.4096] open name host:/livedbg.bin flag 602 data 41378
[   40.4119] open fd = 256
[   40.4333] open name host:/livepad.bin flag 1 data 41378
[   40.4342] open fd = -5
[   40.4540] open name host:/livepad.bin flag 1 data 41378
[   40.4549] open fd = -5
[   40.4748] open name host:/livepad.bin flag 1 data 41378
[   40.4755] open fd = -5
[   40.4942] open name host:/livepad.bin flag 1 data 41378
[   40.4951] open fd = -5
[   40.5142] open name host:/livepad.bin flag 1 data 41378
[   40.5151] open fd = -5
[   40.5318] open name host:/livepad.bin flag 1 data 41378
[   40.5326] open fd = -5
[   40.5333] open name host:/livedbg.cmd flag 1 data 41378
[   40.5346] open fd = 256
[   40.5368] open name host:/livedbg.bin flag 602 data 41378
[   40.5388] open fd = 256
[   40.5572] open name host:/livepad.bin flag 1 data 41378
[   40.5580] open fd = -5
[   40.5743] open name host:/livepad.bin flag 1 data 41378
[   40.5752] open fd = -5
[   40.5922] open name host:/livepad.bin flag 1 data 41378
[   40.5931] open fd = -5
[   40.6127] open name host:/livepad.bin flag 1 data 41378
[   40.6136] open fd = -5
[   40.6302] open name host:/livepad.bin flag 1 data 41378
[   40.6310] open fd = -5
[   40.6524] open name host:/livepad.bin flag 1 data 41378
[   40.6535] open fd = -5
[   40.6541] open name host:/livedbg.cmd flag 1 data 41378
[   40.6559] open fd = 256
[   40.6581] open name host:/livedbg.bin flag 602 data 41378
[   40.6601] open fd = 256
[   40.6811] open name host:/livepad.bin flag 1 data 41378
[   40.6821] open fd = -5
[   40.7034] open name host:/livepad.bin flag 1 data 41378
[   40.7041] open fd = -5
[   40.7263] open name host:/livepad.bin flag 1 data 41378
[   40.7269] open fd = -5
[   40.7464] open name host:/livepad.bin flag 1 data 41378
[   40.7472] open fd = -5
[   40.7663] open name host:/livepad.bin flag 1 data 41378
[   40.7670] open fd = -5
[   40.7923] open name host:/livepad.bin flag 1 data 41378
[   40.7937] open fd = -5
[   40.7944] open name host:/livedbg.cmd flag 1 data 41378
[   40.7965] open fd = 256
[   40.7996] open name host:/livedbg.bin flag 602 data 41378
[   40.8035] open fd = 256
[   40.8246] open name host:/livepad.bin flag 1 data 41378
[   40.8254] open fd = -5
[   40.8424] open name host:/livepad.bin flag 1 data 41378
[   40.8434] open fd = -5
[   40.8606] open name host:/livepad.bin flag 1 data 41378
[   40.8615] open fd = -5
[   40.8794] open name host:/livepad.bin flag 1 data 41378
[   40.8801] open fd = -5
[   40.8982] open name host:/livepad.bin flag 1 data 41378
[   40.8990] open fd = -5
[   40.9154] open name host:/livepad.bin flag 1 data 41378
[   40.9162] open fd = -5
[   40.9166] open name host:/livedbg.cmd flag 1 data 41378
[   40.9179] open fd = 256
[   40.9201] open name host:/livedbg.bin flag 602 data 41378
[   40.9222] open fd = 256
[   40.9405] open name host:/livepad.bin flag 1 data 41378
[   40.9500] open fd = 256
[   40.9686] open name host:/livepad.bin flag 1 data 41378
[   40.9702] open fd = 256
[   40.9891] open name host:/livepad.bin flag 1 data 41378
[   40.9927] open fd = 256
[   41.0117] open name host:/livepad.bin flag 1 data 41378
[   41.0136] open fd = 256
[   41.0323] open name host:/livepad.bin flag 1 data 41378
[   41.0368] open fd = 256
[   41.0553] open name host:/livepad.bin flag 1 data 41378
[   41.0568] open fd = 256
[   41.0594] open name host:/livedbg.cmd flag 1 data 41378
[   41.0609] open fd = 256
[   41.0630] open name host:/livedbg.bin flag 602 data 41378
[   41.0654] open fd = 256
[   41.0854] open name host:/livepad.bin flag 1 data 41378
[   41.0869] open fd = 256
[   41.1081] open name host:/livepad.bin flag 1 data 41378
[   41.1096] open fd = 256
[   41.1293] open name host:/livepad.bin flag 1 data 41378
[   41.1311] open fd = 256
[   41.1498] open name host:/livepad.bin flag 1 data 41378
[   41.1515] open fd = 256
[   41.1716] open name host:/livepad.bin flag 1 data 41378
[   41.1786] open fd = 256
[   41.1985] open name host:/livepad.bin flag 1 data 41378
[   41.2006] open fd = 256
[   41.2027] open name host:/livedbg.cmd flag 1 data 41378
[   41.2040] open fd = 256
[   41.2060] open name host:/livedbg.bin flag 602 data 41378
[   41.2083] open fd = 256
[   41.2281] open name host:/livepad.bin flag 1 data 41378
[   41.2361] open fd = 256
[   41.2547] open name host:/livepad.bin flag 1 data 41378
[   41.2564] open fd = 256
[   41.2886] open name host:/livepad.bin flag 1 data 41378
[   41.2946] open fd = 256
[   41.3190] open name host:/livepad.bin flag 1 data 41378
[   41.3211] open fd = 256
[   41.3427] open name host:/livepad.bin flag 1 data 41378
[   41.3444] open fd = 256
[   41.3653] open name host:/livepad.bin flag 1 data 41378
[   41.3670] open fd = 256
[   41.3692] open name host:/livedbg.cmd flag 1 data 41378
[   41.3708] open fd = 256
[   41.3732] open name host:/livedbg.bin flag 602 data 41378
[   41.3754] open fd = 256
[   41.3961] open name host:/livepad.bin flag 1 data 41378
[   41.3979] open fd = 256
[   41.4183] open name host:/livepad.bin flag 1 data 41378
[   41.4245] open fd = 256
[   41.4443] open name host:/livepad.bin flag 1 data 41378
[   41.4460] open fd = 256
[   41.4672] open name host:/livepad.bin flag 1 data 41378
[   41.4689] open fd = 256
[   41.4864] open name host:/livepad.bin flag 1 data 41378
[   41.4880] open fd = 256
[   41.5073] open name host:/livepad.bin flag 1 data 41378
[   41.5145] open fd = 256
[   41.5167] open name host:/livedbg.cmd flag 1 data 41378
[   41.5180] open fd = 256
[   41.5201] open name host:/livedbg.bin flag 602 data 41378
[   41.5229] open fd = 256
[   41.5406] open name host:/livepad.bin flag 1 data 41378
[   41.5420] open fd = 256
[   41.5632] open name host:/livepad.bin flag 1 data 41378
[   41.5649] open fd = 256
[   41.5831] open name host:/livepad.bin flag 1 data 41378
[   41.5846] open fd = 256
[   41.6038] open name host:/livepad.bin flag 1 data 41378
[   41.6062] open fd = 256
[   41.6251] open name host:/livepad.bin flag 1 data 41378
[   41.6269] open fd = 256
[   41.6487] open name host:/livepad.bin flag 1 data 41378
[   41.6538] open fd = 256
[   41.6560] open name host:/livedbg.cmd flag 1 data 41378
[   41.6574] open fd = 256
[   41.6598] open name host:/livedbg.bin flag 602 data 41378
[   41.6619] open fd = 256
[   41.6845] open name host:/livepad.bin flag 1 data 41378
[   41.6876] open fd = 256
[   41.7148] FRAMEARENA frames=1320 peak=1033488 resets=2 fallbacks=0 maxFrameBytes=2239536 maxBorrowed=2106144 freeKiB=15245
[   41.7155] NATIVEVIF frames=1320 batches=1322
[   41.7160] ORDEREDFRAME frames=1320 splitFrames=1
[   41.7165] FRAMEPIPELINE starts=1320 dmaBusyStarts=1030
[   41.7173] open name host:/livepad.bin flag 1 data 41378
[   41.7189] open fd = 256
[   41.7449] open name host:/livepad.bin flag 1 data 41378
[   41.7464] open fd = 256
[   41.7678] open name host:/livepad.bin flag 1 data 41378
[   41.7693] open fd = 256
[   41.7890] open name host:/livepad.bin flag 1 data 41378
[   41.7906] open fd = 256
[   41.8109] open name host:/livepad.bin flag 1 data 41378
[   41.8126] open fd = 256
[   41.8146] open name host:/livedbg.cmd flag 1 data 41378
[   41.8159] open fd = 256
[   41.8176] open name host:/livedbg.bin flag 602 data 41378
[   41.8194] open fd = 256
[   41.8376] open name host:/livepad.bin flag 1 data 41378
[   41.8391] open fd = 256
[   41.8584] open name host:/livepad.bin flag 1 data 41378
[   41.8598] open fd = 256
[   41.8783] open name host:/livepad.bin flag 1 data 41378
[   41.8803] open fd = 256
[   41.8992] open name host:/livepad.bin flag 1 data 41378
[   41.9011] open fd = 256
[   41.9201] open name host:/livepad.bin flag 1 data 41378
[   41.9216] open fd = 256
[   41.9429] open name host:/livepad.bin flag 1 data 41378
[   41.9482] open fd = 256
[   41.9506] open name host:/livedbg.cmd flag 1 data 41378
[   41.9520] open fd = 256
[   41.9540] open name host:/livedbg.bin flag 602 data 41378
[   41.9558] open fd = 256
[   41.9741] open name host:/livepad.bin flag 1 data 41378
[   41.9756] open fd = 256
[   41.9962] open name host:/livepad.bin flag 1 data 41378
[   41.9980] open fd = 256
[   42.0193] open name host:/livepad.bin flag 1 data 41378
[   42.0213] open fd = 256
[   42.0416] open name host:/livepad.bin flag 1 data 41378
[   42.0433] open fd = 256
[   42.0617] open name host:/livepad.bin flag 1 data 41378
[   42.0635] open fd = 256
[   42.0857] open name host:/livepad.bin flag 1 data 41378
[   42.0873] open fd = 256
[   42.0895] open name host:/livedbg.cmd flag 1 data 41378
[   42.0911] open fd = 256
[   42.0933] open name host:/livedbg.bin flag 602 data 41378
[   42.0955] open fd = 256
[   42.1188] open name host:/livepad.bin flag 1 data 41378
[   42.1209] open fd = 256
[   42.1478] open name host:/livepad.bin flag 1 data 41378
[   42.1499] open fd = 256
[   42.1717] open name host:/livepad.bin flag 1 data 41378
[   42.1765] open fd = 256
[   42.1977] open name host:/livepad.bin flag 1 data 41378
[   42.1992] open fd = 256
[   42.2215] open name host:/livepad.bin flag 1 data 41378
[   42.2239] open fd = 256
[   42.2442] open name host:/livepad.bin flag 1 data 41378
[   42.2460] open fd = 256
[   42.2479] open name host:/livedbg.cmd flag 1 data 41378
[   42.2491] open fd = 256
[   42.2509] open name host:/livedbg.bin flag 602 data 41378
[   42.2528] open fd = 256
[   42.2751] open name host:/livepad.bin flag 1 data 41378
[   42.2768] open fd = 256
[   42.2999] open name host:/livepad.bin flag 1 data 41378
[   42.3014] open fd = 256
[   42.3219] open name host:/livepad.bin flag 1 data 41378
[   42.3234] open fd = 256
[   42.3422] open name host:/livepad.bin flag 1 data 41378
[   42.3438] open fd = 256
[   42.3634] open name host:/livepad.bin flag 1 data 41378
[   42.3650] open fd = 256
[   42.3842] open name host:/livepad.bin flag 1 data 41378
[   42.3860] open fd = 256
[   42.3879] open name host:/livedbg.cmd flag 1 data 41378
[   42.3895] open fd = 256
[   42.3916] open name host:/livedbg.bin flag 602 data 41378
[   42.3938] open fd = 256
[   42.4137] open name host:/livepad.bin flag 1 data 41378
[   42.4154] open fd = 256
[   42.4343] open name host:/livepad.bin flag 1 data 41378
[   42.4359] open fd = 256
[   42.4548] open name host:/livepad.bin flag 1 data 41378
[   42.4578] open fd = 256
[   42.4784] open name host:/livepad.bin flag 1 data 41378
[   42.4799] open fd = 256
[   42.5024] open name host:/livepad.bin flag 1 data 41378
[   42.5043] open fd = 256
[   42.5258] open name host:/livepad.bin flag 1 data 41378
[   42.5276] open fd = 256
[   42.5298] open name host:/livedbg.cmd flag 1 data 41378
[   42.5317] open fd = 256
[   42.5339] open name host:/livedbg.bin flag 602 data 41378
[   42.5360] open fd = 256
[   42.5577] open name host:/livepad.bin flag 1 data 41378
[   42.5595] open fd = 256
[   42.5792] open name host:/livepad.bin flag 1 data 41378
[   42.5810] open fd = 256
[   42.6010] open name host:/livepad.bin flag 1 data 41378
[   42.6027] open fd = 256
[   42.6218] open name host:/livepad.bin flag 1 data 41378
[   42.6234] open fd = 256
[   42.6442] open name host:/livepad.bin flag 1 data 41378
[   42.6460] open fd = 256
[   42.6693] open name host:/livepad.bin flag 1 data 41378
[   42.6724] open fd = 256
[   42.6769] open name host:/livedbg.cmd flag 1 data 41378
[   42.6800] open fd = 256
[   42.6842] open name host:/livedbg.bin flag 602 data 41378
[   42.6885] open fd = 256
[   42.7150] open name host:/livepad.bin flag 1 data 41378
[   42.7169] open fd = 256
[   42.7395] open name host:/livepad.bin flag 1 data 41378
[   42.7485] open fd = 256
[   42.7679] open name host:/livepad.bin flag 1 data 41378
[   42.7696] open fd = 256
[   42.7916] open name host:/livepad.bin flag 1 data 41378
[   42.7948] open fd = 256
[   42.8152] open name host:/livepad.bin flag 1 data 41378
[   42.8169] open fd = 256
[   42.8374] open name host:/livepad.bin flag 1 data 41378
[   42.8432] open fd = 256
[   42.8451] open name host:/livedbg.cmd flag 1 data 41378
[   42.8468] open fd = 256
[   42.8490] open name host:/livedbg.bin flag 602 data 41378
[   42.8515] open fd = 256
[   42.8733] open name host:/livepad.bin flag 1 data 41378
[   42.8751] open fd = 256
[   42.8942] open name host:/livepad.bin flag 1 data 41378
[   42.8961] open fd = 256
[   42.9148] open name host:/livepad.bin flag 1 data 41378
[   42.9164] open fd = 256
[   42.9351] open name host:/livepad.bin flag 1 data 41378
[   42.9367] open fd = 256
[   42.9562] open name host:/livepad.bin flag 1 data 41378
[   42.9581] open fd = 256
[   42.9767] open name host:/livepad.bin flag 1 data 41378
[   42.9808] open fd = 256
[   42.9831] open name host:/livedbg.cmd flag 1 data 41378
[   42.9846] open fd = 256
[   42.9867] open name host:/livedbg.bin flag 602 data 41378
[   42.9889] open fd = 256
[   43.0101] open name host:/livepad.bin flag 1 data 41378
[   43.0116] open fd = 256
[   43.0316] open name host:/livepad.bin flag 1 data 41378
[   43.0332] open fd = 256
[   43.0518] open name host:/livepad.bin flag 1 data 41378
[   43.0533] open fd = 256
[   43.0736] open name host:/livepad.bin flag 1 data 41378
[   43.0758] open fd = 256
[   43.1018] open name host:/livepad.bin flag 1 data 41378
[   43.1045] open fd = 256
[   43.1258] open name host:/livepad.bin flag 1 data 41378
[   43.1276] open fd = 256
[   43.1296] open name host:/livedbg.cmd flag 1 data 41378
[   43.1316] open fd = 256
[   43.1338] open name host:/livedbg.bin flag 602 data 41378
[   43.1358] open fd = 256
[   43.1553] open name host:/livepad.bin flag 1 data 41378
[   43.1630] open fd = 256
[   43.1818] open name host:/livepad.bin flag 1 data 41378
[   43.1835] open fd = 256
[   43.2033] open name host:/livepad.bin flag 1 data 41378
[   43.2119] open fd = 256
[   43.2356] open name host:/livepad.bin flag 1 data 41378
[   43.2372] open fd = 256
[   43.2649] microVU1: Cached Prog = [008] [PC=1a30] [List=01] (Cache=2.147%) [1.3mb]
[   43.2652] microVU1: 1 cycle stall on branch instruction [1ae8]
[   43.2655] microVU1: 3 cycle stall on branch instruction [1ba0]
[   43.2657] open name host:/livepad.bin flag 1 data 41378
[   43.2661] microVU1: 3 cycle stall on branch instruction [2520]
[   43.2663] microVU1: 3 cycle stall on branch instruction [1ba0]
[   43.2670] microVU1: 3 cycle stall on branch instruction [2520]
[   43.2673] microVU1: 3 cycle stall on branch instruction [1ba0]
[   43.2676] open fd = 256
[   43.2678] microVU1: 3 cycle stall on branch instruction [2520]
[   43.2681] microVU1: 3 cycle stall on branch instruction [1ba0]
[   43.2688] microVU1: 3 cycle stall on branch instruction [2520]
[   43.2691] microVU1: 3 cycle stall on branch instruction [1ba0]
[   43.2697] microVU1: 3 cycle stall on branch instruction [2520]
[   43.2699] microVU1: 3 cycle stall on branch instruction [1ba0]
[   43.2703] microVU1: 3 cycle stall on branch instruction [2520]
[   43.2705] microVU1: 3 cycle stall on branch instruction [1ba0]
[   43.2710] microVU1: 3 cycle stall on branch instruction [2520]
[   43.2712] microVU1: 3 cycle stall on branch instruction [1ba0]
[   43.2714] microVU1: 3 cycle stall on branch instruction [1fc0]
[   43.2718] microVU1: 3 cycle stall on branch instruction [2520]
[   43.2721] microVU1: 3 cycle stall on branch instruction [1ba0]
[   43.2724] microVU1: 3 cycle stall on branch instruction [2520]
[   43.2726] microVU1: 3 cycle stall on branch instruction [1ba0]
[   43.2734] microVU1: 3 cycle stall on branch instruction [2520]
[   43.2737] microVU1: 3 cycle stall on branch instruction [1ba0]
[   43.2740] microVU1: 3 cycle stall on branch instruction [2520]
[   43.2742] microVU1: 3 cycle stall on branch instruction [1ba0]
[   43.2750] microVU1: 3 cycle stall on branch instruction [2520]
[   43.2752] microVU1: 3 cycle stall on branch instruction [1ba0]
[   43.2757] microVU1: 3 cycle stall on branch instruction [2520]
[   43.2759] microVU1: 3 cycle stall on branch instruction [1ba0]
[   43.2766] microVU1: 3 cycle stall on branch instruction [2520]
[   43.2768] microVU1: 3 cycle stall on branch instruction [1ba0]
[   43.2778] microVU1: 3 cycle stall on branch instruction [1fc0]
[   43.2781] microVU1: 3 cycle stall on branch instruction [2520]
[   43.2783] microVU1: 3 cycle stall on branch instruction [1ba0]
[   43.2786] microVU1: 3 cycle stall on branch instruction [1fc0]
[   43.2791] microVU1: 3 cycle stall on branch instruction [1fc0]
[   43.2793] microVU1: 3 cycle stall on branch instruction [2520]
[   43.2796] microVU1: 3 cycle stall on branch instruction [1ba0]
[   43.2799] microVU1: 3 cycle stall on branch instruction [1fc0]
[   43.2803] microVU1: 3 cycle stall on branch instruction [1fc0]
[   43.2808] microVU1: 3 cycle stall on branch instruction [1fc0]
[   43.2811] microVU1: 3 cycle stall on branch instruction [1fc0]
[   43.2815] microVU1: 3 cycle stall on branch instruction [1fc0]
[   43.2818] microVU1: 3 cycle stall on branch instruction [1fc0]
[   43.2822] microVU1: 3 cycle stall on branch instruction [1fc0]
[   43.2825] microVU1: 3 cycle stall on branch instruction [1fc0]
[   43.2828] microVU1: 3 cycle stall on branch instruction [1fc0]
[   43.2832] microVU1: 3 cycle stall on branch instruction [1fc0]
[   43.2835] microVU1: 3 cycle stall on branch instruction [1fc0]
[   43.2838] microVU1: 3 cycle stall on branch instruction [1fc0]
[   43.2842] microVU1: 3 cycle stall on branch instruction [1ba0]
[   43.2845] microVU1: Cached Prog = [009] [PC=2578] [List=01] (Cache=2.867%) [1.7mb]
[   43.2847] microVU1: 1 cycle stall on branch instruction [1ae8]
[   43.2850] microVU1: 3 cycle stall on branch instruction [1ba0]
[   43.2855] microVU1: 3 cycle stall on branch instruction [2520]
[   43.2857] microVU1: 3 cycle stall on branch instruction [1ba0]
[   43.2862] microVU1: 3 cycle stall on branch instruction [2520]
[   43.2865] microVU1: 3 cycle stall on branch instruction [1ba0]
[   43.2869] microVU1: 3 cycle stall on branch instruction [2520]
[   43.2871] microVU1: 3 cycle stall on branch instruction [1ba0]
[   43.2877] microVU1: 3 cycle stall on branch instruction [2520]
[   43.2879] microVU1: 3 cycle stall on branch instruction [1ba0]
[   43.2885] microVU1: 3 cycle stall on branch instruction [2520]
[   43.2887] microVU1: 3 cycle stall on branch instruction [1ba0]
[   43.2891] microVU1: 3 cycle stall on branch instruction [2520]
[   43.2893] microVU1: 3 cycle stall on branch instruction [1ba0]
[   43.2897] microVU1: 3 cycle stall on branch instruction [2520]
[   43.2899] microVU1: 3 cycle stall on branch instruction [1ba0]
[   43.2901] microVU1: 3 cycle stall on branch instruction [1fc0]
[   43.2905] microVU1: 3 cycle stall on branch instruction [2520]
[   43.2907] microVU1: 3 cycle stall on branch instruction [1ba0]
[   43.2911] microVU1: 3 cycle stall on branch instruction [2520]
[   43.2913] microVU1: 3 cycle stall on branch instruction [1ba0]
[   43.2920] microVU1: 3 cycle stall on branch instruction [2520]
[   43.2924] microVU1: 3 cycle stall on branch instruction [1ba0]
[   43.2928] microVU1: 3 cycle stall on branch instruction [2520]
[   43.2931] microVU1: 3 cycle stall on branch instruction [1ba0]
[   43.2938] microVU1: 3 cycle stall on branch instruction [2520]
[   43.2940] microVU1: 3 cycle stall on branch instruction [1ba0]
[   43.2944] microVU1: 3 cycle stall on branch instruction [2520]
[   43.2946] microVU1: 3 cycle stall on branch instruction [1ba0]
[   43.2956] microVU1: 3 cycle stall on branch instruction [2520]
[   43.2958] microVU1: 3 cycle stall on branch instruction [1ba0]
[   43.2969] microVU1: 3 cycle stall on branch instruction [1fc0]
[   43.2972] microVU1: 3 cycle stall on branch instruction [2520]
[   43.2974] microVU1: 3 cycle stall on branch instruction [1ba0]
[   43.2978] microVU1: 3 cycle stall on branch instruction [1fc0]
[   43.2982] microVU1: 3 cycle stall on branch instruction [1fc0]
[   43.2984] microVU1: 3 cycle stall on branch instruction [2520]
[   43.2987] microVU1: 3 cycle stall on branch instruction [1ba0]
[   43.2991] microVU1: 3 cycle stall on branch instruction [1fc0]
[   43.2995] microVU1: 3 cycle stall on branch instruction [1fc0]
[   43.2999] microVU1: 3 cycle stall on branch instruction [1fc0]
[   43.3004] microVU1: 3 cycle stall on branch instruction [1fc0]
[   43.3007] microVU1: 3 cycle stall on branch instruction [1fc0]
[   43.3010] microVU1: 3 cycle stall on branch instruction [1fc0]
[   43.3014] microVU1: 3 cycle stall on branch instruction [1fc0]
[   43.3016] microVU1: 3 cycle stall on branch instruction [1fc0]
[   43.3019] microVU1: 3 cycle stall on branch instruction [1fc0]
[   43.3023] microVU1: 3 cycle stall on branch instruction [1fc0]
[   43.3026] microVU1: 3 cycle stall on branch instruction [1fc0]
[   43.3029] microVU1: 3 cycle stall on branch instruction [1fc0]
[   43.3032] microVU1: 3 cycle stall on branch instruction [1ba0]
[   43.3227] open name host:/livepad.bin flag 1 data 41378
[   43.3244] open fd = 256
[   43.3264] open name host:/livedbg.cmd flag 1 data 41378
[   43.3277] open fd = 256
[   43.3298] open name host:/livedbg.bin flag 602 data 41378
[   43.3319] open fd = 256
[   43.3517] open name host:/livepad.bin flag 1 data 41378
[   43.3533] open fd = 256
[   43.3551] open name host:/livelink.bin flag 1 data 41378
[   43.3556] open fd = -5
[   43.3725] open name host:/livepad.bin flag 1 data 41378
[   43.3741] open fd = 256
[   43.3931] open name host:/livepad.bin flag 1 data 41378
[   43.3946] open fd = 256
[   43.4142] open name host:/livepad.bin flag 1 data 41378
[   43.4159] open fd = 256
[   43.4358] open name host:/livepad.bin flag 1 data 41378
[   43.4438] open fd = 256
[   43.4628] open name host:/livepad.bin flag 1 data 41378
[   43.4645] open fd = 256
[   43.4663] open name host:/livedbg.cmd flag 1 data 41378
[   43.4676] open fd = 256
[   43.4694] open name host:/livedbg.bin flag 602 data 41378
[   43.4718] open fd = 256
[   43.4926] open name host:/livepad.bin flag 1 data 41378
[   43.4943] open fd = 256
[   43.4961] open name host:/livelink.bin flag 1 data 41378
[   43.4968] open fd = -5
[   43.5166] open name host:/livepad.bin flag 1 data 41378
[   43.5183] open fd = 256
[   43.5393] open name host:/livepad.bin flag 1 data 41378
[   43.5412] open fd = 256
[   43.5434] open name host:/livetime.rst flag 1 data 41378
[   43.5440] open fd = -5
[   43.5451] open name host:/livetime.bin flag 602 data 41378
[   43.5471] open fd = 256
[   43.5673] open name host:/livepad.bin flag 1 data 41378
[   43.5690] open fd = 256
[   43.5899] open name host:/livepad.bin flag 1 data 41378
[   43.5918] open fd = 256
[   43.6123] open name host:/livepad.bin flag 1 data 41378
[   43.6141] open fd = 256
[   43.6161] open name host:/livedbg.cmd flag 1 data 41378
[   43.6175] open fd = 256
[   43.6201] open name host:/livedbg.bin flag 602 data 41378
[   43.6225] open fd = 256
[   43.6444] open name host:/livepad.bin flag 1 data 41378
[   43.6462] open fd = 256
[   43.6484] open name host:/livetex.bin flag 1 data 41378
[   43.6491] open fd = -5
[   43.6497] open name host:/livelink.bin flag 1 data 41378
[   43.6503] open fd = -5
[   43.6703] open name host:/livepad.bin flag 1 data 41378
[   43.6752] open fd = 256
[   43.6945] open name host:/livepad.bin flag 1 data 41378
[   43.6965] open fd = 256
[   43.6986] open name host:/livetime.rst flag 1 data 41378
[   43.6993] open fd = -5
[   43.6996] open name host:/livetime.bin flag 602 data 41378
[   43.7017] open fd = 256
[   43.7229] open name host:/livepad.bin flag 1 data 41378
[   43.7245] open fd = 256
[   43.7441] open name host:/livepad.bin flag 1 data 41378
[   43.7458] open fd = 256
[   43.7694] open name host:/livepad.bin flag 1 data 41378
[   43.7757] open fd = 256
[   43.7784] open name host:/livedbg.cmd flag 1 data 41378
[   43.7803] open fd = 256
[   43.7830] open name host:/livedbg.bin flag 602 data 41378
[   43.7861] open fd = 256
[   43.8110] open name host:/livepad.bin flag 1 data 41378
[   43.8130] open fd = 256
[   43.8150] open name host:/livetex.bin flag 1 data 41378
[   43.8156] open fd = -5
[   43.8159] open name host:/livelink.bin flag 1 data 41378
[   43.8165] open fd = -5
[   43.8367] open name host:/livepad.bin flag 1 data 41378
[   43.8383] open fd = 256
[   43.8592] open name host:/livepad.bin flag 1 data 41378
[   43.8609] open fd = 256
[   43.8632] open name host:/livetime.rst flag 1 data 41378
[   43.8638] open fd = -5
[   43.8641] open name host:/livetime.bin flag 602 data 41378
[   43.8666] open fd = 256
[   43.8862] open name host:/livepad.bin flag 1 data 41378
[   43.8878] open fd = 256
[   43.9066] open name host:/livepad.bin flag 1 data 41378
[   43.9082] open fd = 256
[   43.9277] open name host:/livepad.bin flag 1 data 41378
[   43.9294] open fd = 256
[   43.9312] open name host:/livedbg.cmd flag 1 data 41378
[   43.9326] open fd = 256
[   43.9345] open name host:/livedbg.bin flag 602 data 41378
[   43.9363] open fd = 256
[   43.9560] open name host:/livepad.bin flag 1 data 41378
[   43.9575] open fd = 256
[   43.9599] open name host:/livetex.bin flag 1 data 41378
[   43.9606] open fd = -5
[   43.9611] open name host:/livelink.bin flag 1 data 41378
[   43.9616] open fd = -5
[   43.9790] open name host:/livepad.bin flag 1 data 41378
[   43.9805] open fd = 256
[   44.0003] open name host:/livepad.bin flag 1 data 41378
[   44.0017] open fd = 256
[   44.0040] open name host:/livetime.rst flag 1 data 41378
[   44.0046] open fd = -5
[   44.0049] open name host:/livetime.bin flag 602 data 41378
[   44.0068] open fd = 256
[   44.0265] open name host:/livepad.bin flag 1 data 41378
[   44.0280] open fd = 256
[   44.0479] open name host:/livepad.bin flag 1 data 41378
[   44.0497] open fd = 256
[   44.0713] open name host:/livepad.bin flag 1 data 41378
[   44.0729] open fd = 256
[   44.0744] open name host:/livedbg.cmd flag 1 data 41378
[   44.0757] open fd = 256
[   44.0777] open name host:/livedbg.bin flag 602 data 41378
[   44.0797] open fd = 256
[   44.1001] open name host:/livepad.bin flag 1 data 41378
[   44.1058] open fd = 256
[   44.1074] open name host:/livetex.bin flag 1 data 41378
[   44.1078] open fd = -5
[   44.1081] open name host:/livelink.bin flag 1 data 41378
[   44.1086] open fd = -5
[   44.1253] open name host:/livepad.bin flag 1 data 41378
[   44.1265] open fd = 256
[   44.1485] open name host:/livepad.bin flag 1 data 41378
[   44.1549] open fd = 256
[   44.1574] open name host:/livetime.rst flag 1 data 41378
[   44.1583] open fd = -5
[   44.1588] open name host:/livetime.bin flag 602 data 41378
[   44.1623] open fd = 256
[   44.1830] open name host:/livepad.bin flag 1 data 41378
[   44.1845] open fd = 256
[   44.2045] open name host:/livepad.bin flag 1 data 41378
[   44.2061] open fd = 256
[   44.2253] open name host:/livepad.bin flag 1 data 41378
[   44.2268] open fd = 256
[   44.2284] open name host:/livedbg.cmd flag 1 data 41378
[   44.2300] open fd = 256
[   44.2323] open name host:/livedbg.bin flag 602 data 41378
[   44.2344] open fd = 256
[   44.2550] open name host:/livepad.bin flag 1 data 41378
[   44.2564] open fd = 256
[   44.2580] open name host:/livetex.bin flag 1 data 41378
[   44.2585] open fd = -5
[   44.2587] open name host:/livelink.bin flag 1 data 41378
[   44.2592] open fd = -5
[   44.2765] open name host:/livepad.bin flag 1 data 41378
[   44.2781] open fd = 256
[   44.2968] open name host:/livepad.bin flag 1 data 41378
[   44.2985] open fd = 256
[   44.3004] open name host:/livetime.rst flag 1 data 41378
[   44.3009] open fd = -5
[   44.3011] open name host:/livetime.bin flag 602 data 41378
[   44.3029] open fd = 256
[   44.3210] open name host:/livepad.bin flag 1 data 41378
[   44.3225] open fd = 256
[   44.3408] open name host:/livepad.bin flag 1 data 41378
[   44.3423] open fd = 256
[   44.3615] open name host:/livepad.bin flag 1 data 41378
[   44.3633] open fd = 256
[   44.3652] open name host:/livedbg.cmd flag 1 data 41378
[   44.3664] open fd = 256
[   44.3683] open name host:/livedbg.bin flag 602 data 41378
[   44.3700] open fd = 256
[   44.3888] open name host:/livepad.bin flag 1 data 41378
[   44.3907] open fd = 256
[   44.3927] open name host:/livetex.bin flag 1 data 41378
[   44.3932] open fd = -5
[   44.3935] open name host:/livelink.bin flag 1 data 41378
[   44.3940] open fd = -5
[   44.4112] open name host:/livepad.bin flag 1 data 41378
[   44.4130] open fd = 256
[   44.4314] open name host:/livepad.bin flag 1 data 41378
[   44.4332] open fd = 256
[   44.4351] open name host:/livetime.rst flag 1 data 41378
[   44.4357] open fd = -5
[   44.4360] open name host:/livetime.bin flag 602 data 41378
[   44.4379] open fd = 256
[   44.4567] open name host:/livepad.bin flag 1 data 41378
[   44.4582] open fd = 256
[   44.4776] open name host:/livepad.bin flag 1 data 41378
[   44.4792] open fd = 256
[   44.4986] open name host:/livepad.bin flag 1 data 41378
[   44.5003] open fd = 256
[   44.5024] open name host:/livedbg.cmd flag 1 data 41378
[   44.5038] open fd = 256
[   44.5057] open name host:/livedbg.bin flag 602 data 41378
[   44.5078] open fd = 256
[   44.5302] open name host:/livepad.bin flag 1 data 41378
[   44.5321] open fd = 256
[   44.5342] open name host:/livetex.bin flag 1 data 41378
[   44.5348] open fd = -5
[   44.5351] open name host:/livelink.bin flag 1 data 41378
[   44.5356] open fd = -5
[   44.5544] open name host:/livepad.bin flag 1 data 41378
[   44.5561] open fd = 256
[   44.5765] open name host:/livepad.bin flag 1 data 41378
[   44.5782] open fd = 256
[   44.5801] open name host:/livetime.rst flag 1 data 41378
[   44.5808] open fd = -5
[   44.5812] open name host:/livetime.bin flag 602 data 41378
[   44.5834] open fd = 256
[   44.6031] open name host:/livepad.bin flag 1 data 41378
[   44.6046] open fd = 256
[   44.6251] open name host:/livepad.bin flag 1 data 41378
[   44.6267] open fd = 256
[   44.6464] open name host:/livepad.bin flag 1 data 41378
[   44.6480] open fd = 256
[   44.6495] open name host:/livedbg.cmd flag 1 data 41378
[   44.6510] open fd = 256
[   44.6528] open name host:/livedbg.bin flag 602 data 41378
[   44.6546] open fd = 256
[   44.6752] open name host:/livepad.bin flag 1 data 41378
[   44.6768] open fd = 256
[   44.6786] open name host:/livetex.bin flag 1 data 41378
[   44.6793] open fd = -5
[   44.6796] open name host:/livelink.bin flag 1 data 41378
[   44.6803] open fd = -5
[   44.6984] FRAMEARENA frames=1440 peak=1033488 resets=118 fallbacks=0 maxFrameBytes=2773552 maxBorrowed=2184480 freeKiB=14970
[   44.6990] NATIVEVIF frames=1440 batches=1798
[   44.6993] ORDEREDFRAME frames=1440 splitFrames=121
[   44.6996] FRAMEPIPELINE starts=1440 dmaBusyStarts=1030
[   44.7000] open name host:/livepad.bin flag 1 data 41378
[   44.7014] open fd = 256
[   44.7202] open name host:/livepad.bin flag 1 data 41378
[   44.7217] open fd = 256
[   44.7234] open name host:/livetime.rst flag 1 data 41378
[   44.7238] open fd = -5
[   44.7241] open name host:/livetime.bin flag 602 data 41378
[   44.7259] open fd = 256
[   44.7454] open name host:/livepad.bin flag 1 data 41378
[   44.7469] open fd = 256
[   44.7685] open name host:/livepad.bin flag 1 data 41378
[   44.7700] open fd = 256
[   44.7898] open name host:/livepad.bin flag 1 data 41378
[   44.7922] open fd = 256
[   44.7944] open name host:/livedbg.cmd flag 1 data 41378
[   44.7961] open fd = 256
[   44.7986] open name host:/livedbg.bin flag 602 data 41378
[   44.8009] open fd = 256
[   44.8209] open name host:/livepad.bin flag 1 data 41378
[   44.8226] open fd = 256
[   44.8244] open name host:/livetex.bin flag 1 data 41378
[   44.8250] open fd = -5
[   44.8254] open name host:/livelink.bin flag 1 data 41378
[   44.8260] open fd = -5
[   44.8478] open name host:/livepad.bin flag 1 data 41378
[   44.8519] open fd = 256
[   44.8749] open name host:/livepad.bin flag 1 data 41378
[   44.8768] open fd = 256
[   44.8791] open name host:/livetime.rst flag 1 data 41378
[   44.8800] open fd = -5
[   44.8806] open name host:/livetime.bin flag 602 data 41378
[   44.8827] open fd = 256
[   44.9023] open name host:/livepad.bin flag 1 data 41378
[   44.9040] open fd = 256
[   44.9271] open name host:/livepad.bin flag 1 data 41378
[   44.9317] open fd = 256
[   44.9631] open name host:/livepad.bin flag 1 data 41378
[   44.9651] open fd = 256
[   44.9672] open name host:/livedbg.cmd flag 1 data 41378
[   44.9687] open fd = 256
[   44.9712] open name host:/livedbg.bin flag 602 data 41378
[   44.9734] open fd = 256
[   44.9948] open name host:/livepad.bin flag 1 data 41378
[   44.9970] open fd = 256
[   44.9992] open name host:/livetex.bin flag 1 data 41378
[   45.0000] open fd = -5
[   45.0003] open name host:/livelink.bin flag 1 data 41378
[   45.0009] open fd = -5
[   45.0202] open name host:/livepad.bin flag 1 data 41378
[   45.0218] open fd = 256
[   45.0430] open name host:/livepad.bin flag 1 data 41378
[   45.0448] open fd = 256
[   45.0470] open name host:/livetime.rst flag 1 data 41378
[   45.0475] open fd = -5
[   45.0479] open name host:/livetime.bin flag 602 data 41378
[   45.0501] open fd = 256
[   45.0699] open name host:/livepad.bin flag 1 data 41378
[   45.0718] open fd = 256
[   45.0916] open name host:/livepad.bin flag 1 data 41378
[   45.0931] open fd = 256
[   45.1154] open name host:/livepad.bin flag 1 data 41378
[   45.1170] open fd = 256
[   45.1190] open name host:/livedbg.cmd flag 1 data 41378
[   45.1203] open fd = 256
[   45.1221] open name host:/livedbg.bin flag 602 data 41378
[   45.1241] open fd = 256
[   45.1438] open name host:/livepad.bin flag 1 data 41378
[   45.1455] open fd = 256
[   45.1476] open name host:/livetex.bin flag 1 data 41378
[   45.1482] open fd = -5
[   45.1485] open name host:/livelink.bin flag 1 data 41378
[   45.1491] open fd = -5
[   45.1667] open name host:/livepad.bin flag 1 data 41378
[   45.1692] open fd = 256
[   45.1876] open name host:/livepad.bin flag 1 data 41378
[   45.1892] open fd = 256
[   45.1909] open name host:/livetime.rst flag 1 data 41378
[   45.1914] open fd = -5
[   45.1917] open name host:/livetime.bin flag 602 data 41378
[   45.1940] open fd = 256
[   45.2148] open name host:/livepad.bin flag 1 data 41378
[   45.2171] open fd = 256
[   45.2367] open name host:/livepad.bin flag 1 data 41378
[   45.2383] open fd = 256
[   45.2584] open name host:/livepad.bin flag 1 data 41378
[   45.2618] open fd = 256
[   45.2636] open name host:/livedbg.cmd flag 1 data 41378
[   45.2649] open fd = 256
[   45.2667] open name host:/livedbg.bin flag 602 data 41378
[   45.2685] open fd = 256
[   45.2880] open name host:/livepad.bin flag 1 data 41378
[   45.2895] open fd = 256
[   45.2913] open name host:/livetex.bin flag 1 data 41378
[   45.2917] open fd = -5
[   45.2919] open name host:/livelink.bin flag 1 data 41378
[   45.2924] open fd = -5
[   45.3117] open name host:/livepad.bin flag 1 data 41378
[   45.3143] open fd = 256
[   45.3408] open name host:/livepad.bin flag 1 data 41378
[   45.3430] open fd = 256
[   45.3453] open name host:/livetime.rst flag 1 data 41378
[   45.3460] open fd = -5
[   45.3464] open name host:/livetime.bin flag 602 data 41378
[   45.3492] open fd = 256
[   45.3706] open name host:/livepad.bin flag 1 data 41378
[   45.3722] open fd = 256
[   45.3913] open name host:/livepad.bin flag 1 data 41378
[   45.3927] open fd = 256
[   45.4129] open name host:/livepad.bin flag 1 data 41378
[   45.4145] open fd = 256
[   45.4160] open name host:/livedbg.cmd flag 1 data 41378
[   45.4173] open fd = 256
[   45.4190] open name host:/livedbg.bin flag 602 data 41378
[   45.4208] open fd = 256
[   45.4400] open name host:/livepad.bin flag 1 data 41378
[   45.4466] open fd = 256
[   45.4486] open name host:/livetex.bin flag 1 data 41378
[   45.4493] open fd = -5
[   45.4497] open name host:/livelink.bin flag 1 data 41378
[   45.4503] open fd = -5
[   45.4683] open name host:/livepad.bin flag 1 data 41378
[   45.4699] open fd = 256
[   45.4882] open name host:/livepad.bin flag 1 data 41378
[   45.4897] open fd = 256
[   45.4917] open name host:/livetime.rst flag 1 data 41378
[   45.4922] open fd = -5
[   45.4925] open name host:/livetime.bin flag 602 data 41378
[   45.4944] open fd = 256
[   45.5118] open name host:/livepad.bin flag 1 data 41378
[   45.5135] open fd = 256
[   45.5327] open name host:/livepad.bin flag 1 data 41378
[   45.5345] open fd = 256
[   45.5529] open name host:/livepad.bin flag 1 data 41378
[   45.5542] open fd = 256
[   45.5561] open name host:/livedbg.cmd flag 1 data 41378
[   45.5573] open fd = 256
[   45.5591] open name host:/livedbg.bin flag 602 data 41378
[   45.5612] open fd = 256
[   45.5798] open name host:/livepad.bin flag 1 data 41378
[   45.5813] open fd = 256
[   45.5829] open name host:/livetex.bin flag 1 data 41378
[   45.5834] open fd = -5
[   45.5836] open name host:/livelink.bin flag 1 data 41378
[   45.5841] open fd = -5
[   45.6009] open name host:/livepad.bin flag 1 data 41378
[   45.6025] open fd = 256
[   45.6208] open name host:/livepad.bin flag 1 data 41378
[   45.6223] open fd = 256
[   45.6242] open name host:/livetime.rst flag 1 data 41378
[   45.6248] open fd = -5
[   45.6252] open name host:/livetime.bin flag 602 data 41378
[   45.6272] open fd = 256
[   45.6448] open name host:/livepad.bin flag 1 data 41378
[   45.6465] open fd = 256
[   45.6672] open name host:/livepad.bin flag 1 data 41378
[   45.6688] open fd = 256
[   45.6887] open name host:/livepad.bin flag 1 data 41378
[   45.6903] open fd = 256
[   45.6922] open name host:/livedbg.cmd flag 1 data 41378
[   45.6933] open fd = 256
[   45.6953] open name host:/livedbg.bin flag 602 data 41378
[   45.6973] open fd = 256
[   45.7171] open name host:/livepad.bin flag 1 data 41378
[   45.7189] open fd = 256
[   45.7206] open name host:/livetex.bin flag 1 data 41378
[   45.7211] open fd = -5
[   45.7214] open name host:/livelink.bin flag 1 data 41378
[   45.7218] open fd = -5
[   45.7417] open name host:/livepad.bin flag 1 data 41378
[   45.7435] open fd = 256
[   45.7618] open name host:/livepad.bin flag 1 data 41378
[   45.7638] open fd = 256
[   45.7656] open name host:/livetime.rst flag 1 data 41378
[   45.7663] open fd = -5
[   45.7666] open name host:/livetime.bin flag 602 data 41378
[   45.7683] open fd = 256
[   45.7873] open name host:/livepad.bin flag 1 data 41378
[   45.7887] open fd = 256
[   45.8080] open name host:/livepad.bin flag 1 data 41378
[   45.8095] open fd = 256
[   45.8281] open name host:/livepad.bin flag 1 data 41378
[   45.8300] open fd = 256
[   45.8316] open name host:/livedbg.cmd flag 1 data 41378
[   45.8330] open fd = 256
[   45.8346] open name host:/livedbg.bin flag 602 data 41378
[   45.8365] open fd = 256
[   45.8566] open name host:/livepad.bin flag 1 data 41378
[   45.8583] open fd = 256
[   45.8602] open name host:/livetex.bin flag 1 data 41378
[   45.8609] open fd = -5
[   45.8613] open name host:/livelink.bin flag 1 data 41378
[   45.8618] open fd = -5
[   45.8786] open name host:/livepad.bin flag 1 data 41378
[   45.8802] open fd = 256
[   45.9007] open name host:/livepad.bin flag 1 data 41378
[   45.9025] open fd = 256
[   45.9049] open name host:/livetime.rst flag 1 data 41378
[   45.9056] open fd = -5
[   45.9058] open name host:/livetime.bin flag 602 data 41378
[   45.9078] open fd = 256
[   45.9252] open name host:/livepad.bin flag 1 data 41378
[   45.9267] open fd = 256
[   45.9441] open name host:/livepad.bin flag 1 data 41378
[   45.9455] open fd = 256
[   45.9642] open name host:/livepad.bin flag 1 data 41378
[   45.9658] open fd = 256
[   45.9674] open name host:/livedbg.cmd flag 1 data 41378
[   45.9687] open fd = 256
[   45.9706] open name host:/livedbg.bin flag 602 data 41378
[   45.9727] open fd = 256
[   45.9919] open name host:/livepad.bin flag 1 data 41378
[   45.9936] open fd = 256
[   45.9957] open name host:/livetex.bin flag 1 data 41378
[   45.9962] open fd = -5
[   45.9965] open name host:/livelink.bin flag 1 data 41378
[   45.9969] open fd = -5
[   46.0152] open name host:/livepad.bin flag 1 data 41378
[   46.0165] open fd = 256
[   46.0359] open name host:/livepad.bin flag 1 data 41378
[   46.0374] open fd = 256
[   46.0390] open name host:/livetime.rst flag 1 data 41378
[   46.0396] open fd = -5
[   46.0399] open name host:/livetime.bin flag 602 data 41378
[   46.0418] open fd = 256
[   46.0623] open name host:/livepad.bin flag 1 data 41378
[   46.0639] open fd = 256
[   46.0832] open name host:/livepad.bin flag 1 data 41378
[   46.0850] open fd = 256
[   46.1042] open name host:/livepad.bin flag 1 data 41378
[   46.1054] open fd = 256
[   46.1068] open name host:/livedbg.cmd flag 1 data 41378
[   46.1080] open fd = 256
[   46.1101] open name host:/livedbg.bin flag 602 data 41378
[   46.1122] open fd = 256
[   46.1312] open name host:/livepad.bin flag 1 data 41378
[   46.1330] open fd = 256
[   46.1348] open name host:/livetex.bin flag 1 data 41378
[   46.1354] open fd = -5
[   46.1357] open name host:/livelink.bin flag 1 data 41378
[   46.1361] open fd = -5
[   46.1533] open name host:/livepad.bin flag 1 data 41378
[   46.1547] open fd = 256
[   46.1731] open name host:/livepad.bin flag 1 data 41378
[   46.1745] open fd = 256
[   46.1763] open name host:/livetime.rst flag 1 data 41378
[   46.1769] open fd = -5
[   46.1772] open name host:/livetime.bin flag 602 data 41378
[   46.1793] open fd = 256
[   46.1970] open name host:/livepad.bin flag 1 data 41378
[   46.1984] open fd = 256
[   46.2167] open name host:/livepad.bin flag 1 data 41378
[   46.2180] open fd = 256
[   46.2375] open name host:/livepad.bin flag 1 data 41378
[   46.2391] open fd = 256
[   46.2411] open name host:/livedbg.cmd flag 1 data 41378
[   46.2423] open fd = 256
[   46.2442] open name host:/livedbg.bin flag 602 data 41378
[   46.2462] open fd = 256
[   46.2635] open name host:/livepad.bin flag 1 data 41378
[   46.2651] open fd = 256
[   46.2667] open name host:/livetex.bin flag 1 data 41378
[   46.2672] open fd = -5
[   46.2675] open name host:/livelink.bin flag 1 data 41378
[   46.2681] open fd = -5
[   46.2850] open name host:/livepad.bin flag 1 data 41378
[   46.2863] open fd = 256
[   46.3042] open name host:/livepad.bin flag 1 data 41378
[   46.3056] open fd = 256
[   46.3074] open name host:/livetime.rst flag 1 data 41378
[   46.3079] open fd = -5
[   46.3082] open name host:/livetime.bin flag 602 data 41378
[   46.3100] open fd = 256
[   46.3282] open name host:/livepad.bin flag 1 data 41378
[   46.3297] open fd = 256
[   46.3483] open name host:/livepad.bin flag 1 data 41378
[   46.3498] open fd = 256
[   46.3674] open name host:/livepad.bin flag 1 data 41378
[   46.3689] open fd = 256
[   46.3705] open name host:/livedbg.cmd flag 1 data 41378
[   46.3717] open fd = 256
[   46.3737] open name host:/livedbg.bin flag 602 data 41378
[   46.3756] open fd = 256
[   46.3932] open name host:/livepad.bin flag 1 data 41378
[   46.3946] open fd = 256
[   46.3964] open name host:/livetex.bin flag 1 data 41378
[   46.3970] open fd = -5
[   46.3973] open name host:/livelink.bin flag 1 data 41378
[   46.3978] open fd = -5
[   46.4153] open name host:/livepad.bin flag 1 data 41378
[   46.4166] open fd = 256
[   46.4345] open name host:/livepad.bin flag 1 data 41378
[   46.4358] open fd = 256
[   46.4378] open name host:/livetime.rst flag 1 data 41378
[   46.4383] open fd = -5
[   46.4387] open name host:/livetime.bin flag 602 data 41378
[   46.4407] open fd = 256
[   46.4589] open name host:/livepad.bin flag 1 data 41378
[   46.4602] open fd = 256
[   46.4785] open name host:/livepad.bin flag 1 data 41378
[   46.4801] open fd = 256
[   46.5010] open name host:/livepad.bin flag 1 data 41378
[   46.5023] open fd = 256
[   46.5041] open name host:/livedbg.cmd flag 1 data 41378
[   46.5056] open fd = 256
[   46.5075] open name host:/livedbg.bin flag 602 data 41378
[   46.5096] open fd = 256
[   46.5285] open name host:/livepad.bin flag 1 data 41378
[   46.5303] open fd = 256
[   46.5323] open name host:/livetex.bin flag 1 data 41378
[   46.5329] open fd = -5
[   46.5332] open name host:/livelink.bin flag 1 data 41378
[   46.5337] open fd = -5
[   46.5496] open name host:/livepad.bin flag 1 data 41378
[   46.5510] open fd = 256
[   46.5691] open name host:/livepad.bin flag 1 data 41378
[   46.5707] open fd = 256
[   46.5725] open name host:/livetime.rst flag 1 data 41378
[   46.5731] open fd = -5
[   46.5734] open name host:/livetime.bin flag 602 data 41378
[   46.5760] open fd = 256
[   46.5942] open name host:/livepad.bin flag 1 data 41378
[   46.5956] open fd = 256
[   46.6153] open name host:/livepad.bin flag 1 data 41378
[   46.6167] open fd = 256
[   46.6349] open name host:/livepad.bin flag 1 data 41378
[   46.6364] open fd = 256
[   46.6384] open name host:/livedbg.cmd flag 1 data 41378
[   46.6397] open fd = 256
[   46.6414] open name host:/livedbg.bin flag 602 data 41378
[   46.6435] open fd = 256
[   46.6615] open name host:/livepad.bin flag 1 data 41378
[   46.6631] open fd = 256
[   46.6649] open name host:/livetex.bin flag 1 data 41378
[   46.6654] open fd = -5
[   46.6657] open name host:/livelink.bin flag 1 data 41378
[   46.6662] open fd = -5
[   46.6846] open name host:/livepad.bin flag 1 data 41378
[   46.6859] open fd = 256
[   46.7049] open name host:/livepad.bin flag 1 data 41378
[   46.7064] open fd = 256
[   46.7080] open name host:/livetime.rst flag 1 data 41378
[   46.7086] open fd = -5
[   46.7090] open name host:/livetime.bin flag 602 data 41378
[   46.7113] open fd = 256
[   46.7304] open name host:/livepad.bin flag 1 data 41378
[   46.7319] open fd = 256
[   46.7497] open name host:/livepad.bin flag 1 data 41378
[   46.7511] open fd = 256
[   46.7698] open name host:/livepad.bin flag 1 data 41378
[   46.7713] open fd = 256
[   46.7729] open name host:/livedbg.cmd flag 1 data 41378
[   46.7745] open fd = 256
[   46.7766] open name host:/livedbg.bin flag 602 data 41378
[   46.7788] open fd = 256
[   46.7960] open name host:/livepad.bin flag 1 data 41378
[   46.7976] open fd = 256
[   46.7993] open name host:/livetex.bin flag 1 data 41378
[   46.8000] open fd = -5
[   46.8003] open name host:/livelink.bin flag 1 data 41378
[   46.8010] open fd = -5
[   46.8181] open name host:/livepad.bin flag 1 data 41378
[   46.8196] open fd = 256
[   46.8381] open name host:/livepad.bin flag 1 data 41378
[   46.8395] open fd = 256
[   46.8414] open name host:/livetime.rst flag 1 data 41378
[   46.8419] open fd = -5
[   46.8422] open name host:/livetime.bin flag 602 data 41378
[   46.8442] open fd = 256
[   46.8622] open name host:/livepad.bin flag 1 data 41378
[   46.8638] open fd = 256
[   46.8827] open name host:/livepad.bin flag 1 data 41378
[   46.8841] open fd = 256
[   46.9038] open name host:/livepad.bin flag 1 data 41378
[   46.9052] open fd = 256
[   46.9067] open name host:/livedbg.cmd flag 1 data 41378
[   46.9080] open fd = 256
[   46.9098] open name host:/livedbg.bin flag 602 data 41378
[   46.9120] open fd = 256
[   46.9301] open name host:/livepad.bin flag 1 data 41378
[   46.9316] open fd = 256
[   46.9334] open name host:/livetex.bin flag 1 data 41378
[   46.9339] open fd = -5
[   46.9342] open name host:/livelink.bin flag 1 data 41378
[   46.9346] open fd = -5
[   46.9520] open name host:/livepad.bin flag 1 data 41378
[   46.9536] open fd = 256
[   46.9715] open name host:/livepad.bin flag 1 data 41378
[   46.9732] open fd = 256
[   46.9753] open name host:/livetime.rst flag 1 data 41378
[   46.9758] open fd = -5
[   46.9761] open name host:/livetime.bin flag 602 data 41378
[   46.9782] open fd = 256
[   46.9980] open name host:/livepad.bin flag 1 data 41378
[   46.9996] open fd = 256
[   47.0177] open name host:/livepad.bin flag 1 data 41378
[   47.0191] open fd = 256
[   47.0370] open name host:/livepad.bin flag 1 data 41378
[   47.0384] open fd = 256
[   47.0402] open name host:/livedbg.cmd flag 1 data 41378
[   47.0415] open fd = 256
[   47.0434] open name host:/livedbg.bin flag 602 data 41378
[   47.0455] open fd = 256
[   47.0637] open name host:/livepad.bin flag 1 data 41378
[   47.0650] open fd = 256
[   47.0668] open name host:/livetex.bin flag 1 data 41378
[   47.0674] open fd = -5
[   47.0678] open name host:/livelink.bin flag 1 data 41378
[   47.0682] open fd = -5
[   47.0842] open name host:/livepad.bin flag 1 data 41378
[   47.0856] open fd = 256
[   47.1041] open name host:/livepad.bin flag 1 data 41378
[   47.1056] open fd = 256
[   47.1072] open name host:/livetime.rst flag 1 data 41378
[   47.1078] open fd = -5
[   47.1080] open name host:/livetime.bin flag 602 data 41378
[   47.1103] open fd = 256
[   47.1291] open name host:/livepad.bin flag 1 data 41378
[   47.1308] open fd = 256
[   47.1482] open name host:/livepad.bin flag 1 data 41378
[   47.1500] open fd = 256
[   47.1675] open name host:/livepad.bin flag 1 data 41378
[   47.1689] open fd = 256
[   47.1707] open name host:/livedbg.cmd flag 1 data 41378
[   47.1720] open fd = 256
[   47.1741] open name host:/livedbg.bin flag 602 data 41378
[   47.1760] open fd = 256
[   47.1948] open name host:/livepad.bin flag 1 data 41378
[   47.1963] open fd = 256
[   47.1980] open name host:/livetex.bin flag 1 data 41378
[   47.1985] open fd = -5
[   47.1987] open name host:/livelink.bin flag 1 data 41378
[   47.1995] open fd = -5
[   47.2164] open name host:/livepad.bin flag 1 data 41378
[   47.2178] open fd = 256
[   47.2355] open name host:/livepad.bin flag 1 data 41378
[   47.2370] open fd = 256
[   47.2389] open name host:/livetime.rst flag 1 data 41378
[   47.2394] open fd = -5
[   47.2398] open name host:/livetime.bin flag 602 data 41378
[   47.2419] open fd = 256
[   47.2606] open name host:/livepad.bin flag 1 data 41378
[   47.2624] open fd = 256
[   47.2800] open name host:/livepad.bin flag 1 data 41378
[   47.2817] open fd = 256
[   47.3001] open name host:/livepad.bin flag 1 data 41378
[   47.3017] open fd = 256
[   47.3035] open name host:/livedbg.cmd flag 1 data 41378
[   47.3047] open fd = 256
[   47.3067] open name host:/livedbg.bin flag 602 data 41378
[   47.3088] open fd = 256
[   47.3272] open name host:/livepad.bin flag 1 data 41378
[   47.3289] open fd = 256
[   47.3310] open name host:/livetex.bin flag 1 data 41378
[   47.3316] open fd = -5
[   47.3318] open name host:/livelink.bin flag 1 data 41378
[   47.3324] open fd = -5
[   47.3498] open name host:/livepad.bin flag 1 data 41378
[   47.3515] open fd = 256
[   47.3701] open name host:/livepad.bin flag 1 data 41378
[   47.3717] open fd = 256
[   47.3736] open name host:/livetime.rst flag 1 data 41378
[   47.3741] open fd = -5
[   47.3744] open name host:/livetime.bin flag 602 data 41378
[   47.3764] open fd = 256
[   47.3941] open name host:/livepad.bin flag 1 data 41378
[   47.3956] open fd = 256
[   47.4146] open name host:/livepad.bin flag 1 data 41378
[   47.4161] open fd = 256
[   47.4352] open name host:/livepad.bin flag 1 data 41378
[   47.4365] open fd = 256
[   47.4383] open name host:/livedbg.cmd flag 1 data 41378
[   47.4395] open fd = 256
[   47.4415] open name host:/livedbg.bin flag 602 data 41378
[   47.4437] open fd = 256
[   47.4633] open name host:/livepad.bin flag 1 data 41378
[   47.4650] open fd = 256
[   47.4669] open name host:/livetex.bin flag 1 data 41378
[   47.4675] open fd = -5
[   47.4677] open name host:/livelink.bin flag 1 data 41378
[   47.4683] open fd = -5
[   47.4857] FRAMEARENA frames=1560 peak=1033488 resets=358 fallbacks=0 maxFrameBytes=2773552 maxBorrowed=2184480 freeKiB=14970
[   47.4862] NATIVEVIF frames=1560 batches=2398
[   47.4865] ORDEREDFRAME frames=1560 splitFrames=241
[   47.4867] FRAMEPIPELINE starts=1560 dmaBusyStarts=1030
[   47.4871] open name host:/livepad.bin flag 1 data 41378
[   47.4885] open fd = 256
[   47.5069] open name host:/livepad.bin flag 1 data 41378
[   47.5084] open fd = 256
[   47.5102] open name host:/livetime.rst flag 1 data 41378
[   47.5108] open fd = -5
[   47.5111] open name host:/livetime.bin flag 602 data 41378
[   47.5131] open fd = 256
[   47.5313] open name host:/livepad.bin flag 1 data 41378
[   47.5328] open fd = 256
[   47.5519] open name host:/livepad.bin flag 1 data 41378
[   47.5534] open fd = 256
[   47.5719] open name host:/livepad.bin flag 1 data 41378
[   47.5734] open fd = 256
[   47.5751] open name host:/livedbg.cmd flag 1 data 41378
[   47.5769] open fd = 256
[   47.5791] open name host:/livedbg.bin flag 602 data 41378
[   47.5816] open fd = 256
[   47.6011] open name host:/livepad.bin flag 1 data 41378
[   47.6026] open fd = 256
[   47.6045] open name host:/livetex.bin flag 1 data 41378
[   47.6049] open fd = -5
[   47.6052] open name host:/livelink.bin flag 1 data 41378
[   47.6057] open fd = -5
[   47.6225] open name host:/livepad.bin flag 1 data 41378
[   47.6242] open fd = 256
[   47.6434] open name host:/livepad.bin flag 1 data 41378
[   47.6449] open fd = 256
[   47.6467] open name host:/livetime.rst flag 1 data 41378
[   47.6472] open fd = -5
[   47.6475] open name host:/livetime.bin flag 602 data 41378
[   47.6499] open fd = 256
[   47.6712] open name host:/livepad.bin flag 1 data 41378
[   47.6726] open fd = 256
[   47.6915] open name host:/livepad.bin flag 1 data 41378
[   47.6930] open fd = 256
[   47.7114] open name host:/livepad.bin flag 1 data 41378
[   47.7130] open fd = 256
[   47.7148] open name host:/livedbg.cmd flag 1 data 41378
[   47.7163] open fd = 256
[   47.7184] open name host:/livedbg.bin flag 602 data 41378
[   47.7208] open fd = 256
[   47.7388] open name host:/livepad.bin flag 1 data 41378
[   47.7404] open fd = 256
[   47.7423] open name host:/livetex.bin flag 1 data 41378
[   47.7430] open fd = -5
[   47.7434] open name host:/livelink.bin flag 1 data 41378
[   47.7439] open fd = -5
[   47.7601] open name host:/livepad.bin flag 1 data 41378
[   47.7617] open fd = 256
[   47.7801] open name host:/livepad.bin flag 1 data 41378
[   47.7815] open fd = 256
[   47.7832] open name host:/livetime.rst flag 1 data 41378
[   47.7838] open fd = -5
[   47.7841] open name host:/livetime.bin flag 602 data 41378
[   47.7861] open fd = 256
[   47.8056] open name host:/livepad.bin flag 1 data 41378
[   47.8073] open fd = 256
[   47.8268] open name host:/livepad.bin flag 1 data 41378
[   47.8282] open fd = 256
[   47.8477] open name host:/livepad.bin flag 1 data 41378
[   47.8494] open fd = 256
[   47.8512] open name host:/livedbg.cmd flag 1 data 41378
[   47.8529] open fd = 256
[   47.8551] open name host:/livedbg.bin flag 602 data 41378
[   47.8572] open fd = 256
[   47.8770] open name host:/livepad.bin flag 1 data 41378
[   47.8784] open fd = 256
[   47.8806] open name host:/livetex.bin flag 1 data 41378
[   47.8812] open fd = -5
[   47.8815] open name host:/livelink.bin flag 1 data 41378
[   47.8821] open fd = -5
[   47.8990] open name host:/livepad.bin flag 1 data 41378
[   47.9010] open fd = 256
[   47.9205] open name host:/livepad.bin flag 1 data 41378
[   47.9222] open fd = 256
[   47.9240] open name host:/livetime.rst flag 1 data 41378
[   47.9246] open fd = -5
[   47.9249] open name host:/livetime.bin flag 602 data 41378
[   47.9269] open fd = 256
[   47.9457] open name host:/livepad.bin flag 1 data 41378
[   47.9475] open fd = 256
[   47.9678] open name host:/livepad.bin flag 1 data 41378
[   47.9696] open fd = 256
[   47.9885] open name host:/livepad.bin flag 1 data 41378
[   47.9903] open fd = 256
[   47.9925] open name host:/livedbg.cmd flag 1 data 41378
[   47.9940] open fd = 256
[   47.9962] open name host:/livedbg.bin flag 602 data 41378
[   47.9986] open fd = 256
[   48.0204] open name host:/livepad.bin flag 1 data 41378
[   48.0218] open fd = 256
[   48.0237] open name host:/livetex.bin flag 1 data 41378
[   48.0242] open fd = -5
[   48.0245] open name host:/livelink.bin flag 1 data 41378
[   48.0249] open fd = -5
[   48.0412] open name host:/livepad.bin flag 1 data 41378
[   48.0427] open fd = 256
[   48.0607] open name host:/livepad.bin flag 1 data 41378
[   48.0626] open fd = 256
[   48.0644] open name host:/livetime.rst flag 1 data 41378
[   48.0650] open fd = -5
[   48.0653] open name host:/livetime.bin flag 602 data 41378
[   48.0673] open fd = 256
[   48.0862] open name host:/livepad.bin flag 1 data 41378
[   48.0875] open fd = 256
[   48.1060] open name host:/livepad.bin flag 1 data 41378
[   48.1074] open fd = 256
[   48.1261] open name host:/livepad.bin flag 1 data 41378
[   48.1275] open fd = 256
[   48.1292] open name host:/livedbg.cmd flag 1 data 41378
[   48.1307] open fd = 256
[   48.1329] open name host:/livedbg.bin flag 602 data 41378
[   48.1349] open fd = 256
[   48.1526] open name host:/livepad.bin flag 1 data 41378
[   48.1542] open fd = 256
[   48.1559] open name host:/livetex.bin flag 1 data 41378
[   48.1564] open fd = -5
[   48.1567] open name host:/livelink.bin flag 1 data 41378
[   48.1572] open fd = -5
[   48.1739] open name host:/livepad.bin flag 1 data 41378
[   48.1755] open fd = 256
[   48.1960] open name host:/livepad.bin flag 1 data 41378
[   48.1977] open fd = 256
[   48.1995] open name host:/livetime.rst flag 1 data 41378
[   48.2001] open fd = -5
[   48.2004] open name host:/livetime.bin flag 602 data 41378
[   48.2024] open fd = 256
[   48.2221] open name host:/livepad.bin flag 1 data 41378
[   48.2235] open fd = 256
[   48.2426] open name host:/livepad.bin flag 1 data 41378
[   48.2439] open fd = 256
[   48.2629] open name host:/livepad.bin flag 1 data 41378
[   48.2644] open fd = 256
[   48.2665] open name host:/livedbg.cmd flag 1 data 41378
[   48.2679] open fd = 256
[   48.2698] open name host:/livedbg.bin flag 602 data 41378
[   48.2717] open fd = 256
[   48.2912] open name host:/livepad.bin flag 1 data 41378
[   48.2928] open fd = 256
[   48.2947] open name host:/livetex.bin flag 1 data 41378
[   48.2952] open fd = -5
[   48.2955] open name host:/livelink.bin flag 1 data 41378
[   48.2960] open fd = -5
[   48.3127] open name host:/livepad.bin flag 1 data 41378
[   48.3143] open fd = 256
[   48.3324] open name host:/livepad.bin flag 1 data 41378
[   48.3337] open fd = 256
[   48.3356] open name host:/livetime.rst flag 1 data 41378
[   48.3363] open fd = -5
[   48.3365] open name host:/livetime.bin flag 602 data 41378
[   48.3385] open fd = 256
[   48.3567] open name host:/livepad.bin flag 1 data 41378
[   48.3580] open fd = 256
[   48.3778] open name host:/livepad.bin flag 1 data 41378
[   48.3791] open fd = 256
[   48.3971] open name host:/livepad.bin flag 1 data 41378
[   48.3990] open fd = 256
[   48.4008] open name host:/livedbg.cmd flag 1 data 41378
[   48.4021] open fd = 256
[   48.4040] open name host:/livedbg.bin flag 602 data 41378
[   48.4060] open fd = 256
[   48.4233] open name host:/livepad.bin flag 1 data 41378
[   48.4246] open fd = 256
[   48.4266] open name host:/livetex.bin flag 1 data 41378
[   48.4271] open fd = -5
[   48.4274] open name host:/livelink.bin flag 1 data 41378
[   48.4280] open fd = -5
[   48.4451] open name host:/livepad.bin flag 1 data 41378
[   48.4467] open fd = 256
[   48.4648] open name host:/livepad.bin flag 1 data 41378
[   48.4662] open fd = 256
[   48.4681] open name host:/livetime.rst flag 1 data 41378
[   48.4687] open fd = -5
[   48.4690] open name host:/livetime.bin flag 602 data 41378
[   48.4712] open fd = 256
[   48.4891] open name host:/livepad.bin flag 1 data 41378
[   48.4905] open fd = 256
[   48.5090] open name host:/livepad.bin flag 1 data 41378
[   48.5106] open fd = 256
[   48.5284] open name host:/livepad.bin flag 1 data 41378
[   48.5298] open fd = 256
[   48.5315] open name host:/livedbg.cmd flag 1 data 41378
[   48.5327] open fd = 256
[   48.5347] open name host:/livedbg.bin flag 602 data 41378
[   48.5368] open fd = 256
[   48.5562] open name host:/livepad.bin flag 1 data 41378
[   48.5576] open fd = 256
[   48.5595] open name host:/livetex.bin flag 1 data 41378
[   48.5601] open fd = -5
[   48.5604] open name host:/livelink.bin flag 1 data 41378
[   48.5608] open fd = -5
[   48.5779] open name host:/livepad.bin flag 1 data 41378
[   48.5795] open fd = 256
[   48.5981] open name host:/livepad.bin flag 1 data 41378
[   48.5996] open fd = 256
[   48.6015] open name host:/livetime.rst flag 1 data 41378
[   48.6021] open fd = -5
[   48.6023] open name host:/livetime.bin flag 602 data 41378
[   48.6045] open fd = 256
[   48.6234] open name host:/livepad.bin flag 1 data 41378
[   48.6246] open fd = 256
[   48.6436] open name host:/livepad.bin flag 1 data 41378
[   48.6449] open fd = 256
[   48.6638] open name host:/livepad.bin flag 1 data 41378
[   48.6655] open fd = 256
[   48.6671] open name host:/livedbg.cmd flag 1 data 41378
[   48.6684] open fd = 256
[   48.6703] open name host:/livedbg.bin flag 602 data 41378
[   48.6725] open fd = 256
[   48.6916] open name host:/livepad.bin flag 1 data 41378
[   48.6931] open fd = 256
[   48.6955] open name host:/livetex.bin flag 1 data 41378
[   48.6961] open fd = -5
[   48.6964] open name host:/livelink.bin flag 1 data 41378
[   48.6969] open fd = -5
[   48.7139] open name host:/livepad.bin flag 1 data 41378
[   48.7153] open fd = 256
[   48.7327] open name host:/livepad.bin flag 1 data 41378
[   48.7343] open fd = 256
[   48.7361] open name host:/livetime.rst flag 1 data 41378
[   48.7366] open fd = -5
[   48.7369] open name host:/livetime.bin flag 602 data 41378
[   48.7391] open fd = 256
[   48.7569] open name host:/livepad.bin flag 1 data 41378
[   48.7583] open fd = 256
[   48.7762] open name host:/livepad.bin flag 1 data 41378
[   48.7778] open fd = 256
[   48.7974] open name host:/livepad.bin flag 1 data 41378
[   48.7990] open fd = 256
[   48.8007] open name host:/livedbg.cmd flag 1 data 41378
[   48.8021] open fd = 256
[   48.8040] open name host:/livedbg.bin flag 602 data 41378
[   48.8061] open fd = 256
[   48.8241] open name host:/livepad.bin flag 1 data 41378
[   48.8256] open fd = 256
[   48.8272] open name host:/livetex.bin flag 1 data 41378
[   48.8277] open fd = -5
[   48.8281] open name host:/livelink.bin flag 1 data 41378
[   48.8288] open fd = -5
[   48.8458] open name host:/livepad.bin flag 1 data 41378
[   48.8474] open fd = 256
[   48.8662] open name host:/livepad.bin flag 1 data 41378
[   48.8675] open fd = 256
[   48.8696] open name host:/livetime.rst flag 1 data 41378
[   48.8701] open fd = -5
[   48.8705] open name host:/livetime.bin flag 602 data 41378
[   48.8724] open fd = 256
[   48.8905] open name host:/livepad.bin flag 1 data 41378
[   48.8920] open fd = 256
[   48.9113] open name host:/livepad.bin flag 1 data 41378
[   48.9129] open fd = 256
[   48.9310] open name host:/livepad.bin flag 1 data 41378
[   48.9326] open fd = 256
[   48.9344] open name host:/livedbg.cmd flag 1 data 41378
[   48.9357] open fd = 256
[   48.9376] open name host:/livedbg.bin flag 602 data 41378
[   48.9395] open fd = 256
[   48.9579] open name host:/livepad.bin flag 1 data 41378
[   48.9592] open fd = 256
[   48.9613] open name host:/livetex.bin flag 1 data 41378
[   48.9619] open fd = -5
[   48.9624] open name host:/livelink.bin flag 1 data 41378
[   48.9630] open fd = -5
[   48.9804] open name host:/livepad.bin flag 1 data 41378
[   48.9819] open fd = 256
[   49.0001] open name host:/livepad.bin flag 1 data 41378
[   49.0017] open fd = 256
[   49.0036] open name host:/livetime.rst flag 1 data 41378
[   49.0042] open fd = -5
[   49.0045] open name host:/livetime.bin flag 602 data 41378
[   49.0065] open fd = 256
[   49.0241] open name host:/livepad.bin flag 1 data 41378
[   49.0255] open fd = 256
[   49.0442] open name host:/livepad.bin flag 1 data 41378
[   49.0456] open fd = 256
[   49.0635] open name host:/livepad.bin flag 1 data 41378
[   49.0649] open fd = 256
[   49.0667] open name host:/livedbg.cmd flag 1 data 41378
[   49.0681] open fd = 256
[   49.0701] open name host:/livedbg.bin flag 602 data 41378
[   49.0725] open fd = 256
[   49.0915] open name host:/livepad.bin flag 1 data 41378
[   49.0933] open fd = 256
[   49.0949] open name host:/livetex.bin flag 1 data 41378
[   49.0954] open fd = -5
[   49.0957] open name host:/livelink.bin flag 1 data 41378
[   49.0963] open fd = -5
[   49.1133] open name host:/livepad.bin flag 1 data 41378
[   49.1148] open fd = 256
[   49.1340] open name host:/livepad.bin flag 1 data 41378
[   49.1355] open fd = 256
[   49.1374] open name host:/livetime.rst flag 1 data 41378
[   49.1381] open fd = -5
[   49.1385] open name host:/livetime.bin flag 602 data 41378
[   49.1403] open fd = 256
[   49.1581] open name host:/livepad.bin flag 1 data 41378
[   49.1594] open fd = 256
[   49.1780] open name host:/livepad.bin flag 1 data 41378
[   49.1793] open fd = 256
[   49.1971] open name host:/livepad.bin flag 1 data 41378
[   49.1985] open fd = 256
[   49.2005] open name host:/livedbg.cmd flag 1 data 41378
[   49.2018] open fd = 256
[   49.2037] open name host:/livedbg.bin flag 602 data 41378
[   49.2057] open fd = 256
[   49.2245] open name host:/livepad.bin flag 1 data 41378
[   49.2259] open fd = 256
[   49.2276] open name host:/livetex.bin flag 1 data 41378
[   49.2282] open fd = -5
[   49.2285] open name host:/livelink.bin flag 1 data 41378
[   49.2290] open fd = -5
[   49.2452] open name host:/livepad.bin flag 1 data 41378
[   49.2467] open fd = 256
[   49.2646] open name host:/livepad.bin flag 1 data 41378
[   49.2664] open fd = 256
[   49.2681] open name host:/livetime.rst flag 1 data 41378
[   49.2686] open fd = -5
[   49.2689] open name host:/livetime.bin flag 602 data 41378
[   49.2710] open fd = 256
[   49.2895] open name host:/livepad.bin flag 1 data 41378
[   49.2912] open fd = 256
[   49.3097] open name host:/livepad.bin flag 1 data 41378
[   49.3112] open fd = 256
[   49.3302] open name host:/livepad.bin flag 1 data 41378
[   49.3318] open fd = 256
[   49.3335] open name host:/livedbg.cmd flag 1 data 41378
[   49.3349] open fd = 256
[   49.3367] open name host:/livedbg.bin flag 602 data 41378
[   49.3390] open fd = 256
[   49.3572] open name host:/livepad.bin flag 1 data 41378
[   49.3588] open fd = 256
[   49.3608] open name host:/livetex.bin flag 1 data 41378
[   49.3614] open fd = -5
[   49.3619] open name host:/livelink.bin flag 1 data 41378
[   49.3624] open fd = -5
[   49.3786] open name host:/livepad.bin flag 1 data 41378
[   49.3804] open fd = 256
[   49.3985] open name host:/livepad.bin flag 1 data 41378
[   49.3998] open fd = 256
[   49.4017] open name host:/livetime.rst flag 1 data 41378
[   49.4021] open fd = -5
[   49.4026] open name host:/livetime.bin flag 602 data 41378
[   49.4052] open fd = 256
[   49.4231] open name host:/livepad.bin flag 1 data 41378
[   49.4245] open fd = 256
[   49.4421] open name host:/livepad.bin flag 1 data 41378
[   49.4434] open fd = 256
[   49.4610] open name host:/livepad.bin flag 1 data 41378
[   49.4625] open fd = 256
[   49.4649] open name host:/livedbg.cmd flag 1 data 41378
[   49.4663] open fd = 256
[   49.4680] open name host:/livedbg.bin flag 602 data 41378
[   49.4700] open fd = 256
[   49.4888] open name host:/livepad.bin flag 1 data 41378
[   49.4904] open fd = 256
[   49.4921] open name host:/livetex.bin flag 1 data 41378
[   49.4927] open fd = -5
[   49.4929] open name host:/livelink.bin flag 1 data 41378
[   49.4934] open fd = -5
[   49.5106] open name host:/livepad.bin flag 1 data 41378
[   49.5123] open fd = 256
[   49.5303] open name host:/livepad.bin flag 1 data 41378
[   49.5321] open fd = 256
[   49.5341] open name host:/livetime.rst flag 1 data 41378
[   49.5346] open fd = -5
[   49.5348] open name host:/livetime.bin flag 602 data 41378
[   49.5369] open fd = 256
[   49.5552] open name host:/livepad.bin flag 1 data 41378
[   49.5568] open fd = 256
[   49.5744] open name host:/livepad.bin flag 1 data 41378
[   49.5758] open fd = 256
[   49.5943] open name host:/livepad.bin flag 1 data 41378
[   49.5959] open fd = 256
[   49.5977] open name host:/livedbg.cmd flag 1 data 41378
[   49.5991] open fd = 256
[   49.6013] open name host:/livedbg.bin flag 602 data 41378
[   49.6036] open fd = 256
[   49.6212] open name host:/livepad.bin flag 1 data 41378
[   49.6225] open fd = 256
[   49.6243] open name host:/livetex.bin flag 1 data 41378
[   49.6248] open fd = -5
[   49.6250] open name host:/livelink.bin flag 1 data 41378
[   49.6256] open fd = -5
[   49.6414] open name host:/livepad.bin flag 1 data 41378
[   49.6431] open fd = 256
[   49.6637] open name host:/livepad.bin flag 1 data 41378
[   49.6653] open fd = 256
[   49.6672] open name host:/livetime.rst flag 1 data 41378
[   49.6677] open fd = -5
[   49.6680] open name host:/livetime.bin flag 602 data 41378
[   49.6701] open fd = 256
[   49.6888] open name host:/livepad.bin flag 1 data 41378
[   49.6903] open fd = 256
[   49.7091] open name host:/livepad.bin flag 1 data 41378
[   49.7106] open fd = 256
[   49.7281] open name host:/livepad.bin flag 1 data 41378
[   49.7298] open fd = 256
[   49.7318] open name host:/livedbg.cmd flag 1 data 41378
[   49.7332] open fd = 256
[   49.7350] open name host:/livedbg.bin flag 602 data 41378
[   49.7374] open fd = 256
[   49.7559] open name host:/livepad.bin flag 1 data 41378
[   49.7572] open fd = 256
[   49.7589] open name host:/livetex.bin flag 1 data 41378
[   49.7594] open fd = -5
[   49.7597] open name host:/livelink.bin flag 1 data 41378
[   49.7603] open fd = -5
[   49.7762] open name host:/livepad.bin flag 1 data 41378
[   49.7777] open fd = 256
[   49.7956] open name host:/livepad.bin flag 1 data 41378
[   49.7971] open fd = 256
[   49.7988] open name host:/livetime.rst flag 1 data 41378
[   49.7994] open fd = -5
[   49.7997] open name host:/livetime.bin flag 602 data 41378
[   49.8019] open fd = 256
[   49.8204] open name host:/livepad.bin flag 1 data 41378
[   49.8218] open fd = 256
[   49.8402] open name host:/livepad.bin flag 1 data 41378
[   49.8419] open fd = 256
[   49.8608] open name host:/livepad.bin flag 1 data 41378
[   49.8626] open fd = 256
[   49.8645] open name host:/livedbg.cmd flag 1 data 41378
[   49.8660] open fd = 256
[   49.8678] open name host:/livedbg.bin flag 602 data 41378
[   49.8700] open fd = 256
[   49.8890] open name host:/livepad.bin flag 1 data 41378
[   49.8904] open fd = 256
[   49.8920] open name host:/livetex.bin flag 1 data 41378
[   49.8925] open fd = -5
[   49.8928] open name host:/livelink.bin flag 1 data 41378
[   49.8933] open fd = -5
[   49.9096] open name host:/livepad.bin flag 1 data 41378
[   49.9110] open fd = 256
[   49.9293] open name host:/livepad.bin flag 1 data 41378
[   49.9310] open fd = 256
[   49.9327] open name host:/livetime.rst flag 1 data 41378
[   49.9334] open fd = -5
[   49.9337] open name host:/livetime.bin flag 602 data 41378
[   49.9355] open fd = 256
[   49.9541] open name host:/livepad.bin flag 1 data 41378
[   49.9555] open fd = 256
[   49.9741] open name host:/livepad.bin flag 1 data 41378
[   49.9755] open fd = 256
[   49.9935] open name host:/livepad.bin flag 1 data 41378
[   49.9948] open fd = 256
[   49.9967] open name host:/livedbg.cmd flag 1 data 41378
[   49.9984] open fd = 256
[   50.0005] open name host:/livedbg.bin flag 602 data 41378
[   50.0026] open fd = 256
[   50.0206] open name host:/livepad.bin flag 1 data 41378
[   50.0220] open fd = 256
[   50.0240] open name host:/livetex.bin flag 1 data 41378
[   50.0246] open fd = -5
[   50.0249] open name host:/livelink.bin flag 1 data 41378
[   50.0254] open fd = -5
[   50.0416] open name host:/livepad.bin flag 1 data 41378
[   50.0432] open fd = 256
[   50.0618] open name host:/livepad.bin flag 1 data 41378
[   50.0634] open fd = 256
[   50.0653] open name host:/livetime.rst flag 1 data 41378
[   50.0658] open fd = -5
[   50.0662] open name host:/livetime.bin flag 602 data 41378
[   50.0681] open fd = 256
[   50.0868] open name host:/livepad.bin flag 1 data 41378
[   50.0883] open fd = 256
[   50.1066] open name host:/livepad.bin flag 1 data 41378
[   50.1081] open fd = 256
[   50.1272] open name host:/livepad.bin flag 1 data 41378
[   50.1289] open fd = 256
[   50.1310] open name host:/livedbg.cmd flag 1 data 41378
[   50.1328] open fd = 256
[   50.1355] open name host:/livedbg.bin flag 602 data 41378
[   50.1376] open fd = 256
[   50.1554] open name host:/livepad.bin flag 1 data 41378
[   50.1568] open fd = 256
[   50.1586] open name host:/livetex.bin flag 1 data 41378
[   50.1591] open fd = -5
[   50.1594] open name host:/livelink.bin flag 1 data 41378
[   50.1599] open fd = -5
[   50.1763] FRAMEARENA frames=1680 peak=1033488 resets=598 fallbacks=0 maxFrameBytes=2773552 maxBorrowed=2184480 freeKiB=16901
[   50.1767] NATIVEVIF frames=1680 batches=2998
[   50.1773] ORDEREDFRAME frames=1680 splitFrames=361
[   50.1777] FRAMEPIPELINE starts=1680 dmaBusyStarts=1030
[   50.1782] open name host:/livepad.bin flag 1 data 41378
[   50.1797] open fd = 256
[   50.1985] open name host:/livepad.bin flag 1 data 41378
[   50.2001] open fd = 256
[   50.2018] open name host:/livetime.rst flag 1 data 41378
[   50.2023] open fd = -5
[   50.2026] open name host:/livetime.bin flag 602 data 41378
[   50.2046] open fd = 256
[   50.2218] open name host:/livepad.bin flag 1 data 41378
[   50.2233] open fd = 256
[   50.2430] open name host:/livepad.bin flag 1 data 41378
[   50.2444] open fd = 256
[   50.2642] open name host:/livepad.bin flag 1 data 41378
[   50.2655] open fd = 256
[   50.2671] open name host:/livedbg.cmd flag 1 data 41378
[   50.2683] open fd = 256
[   50.2702] open name host:/livedbg.bin flag 602 data 41378
[   50.2725] open fd = 256
[   50.2910] open name host:/livepad.bin flag 1 data 41378
[   50.2925] open fd = 256
[   50.2945] open name host:/livetex.bin flag 1 data 41378
[   50.2950] open fd = -5
[   50.2952] open name host:/livelink.bin flag 1 data 41378
[   50.2958] open fd = -5
[   50.3126] open name host:/livepad.bin flag 1 data 41378
[   50.3141] open fd = 256
[   50.3337] open name host:/livepad.bin flag 1 data 41378
[   50.3351] open fd = 256
[   50.3369] open name host:/livetime.rst flag 1 data 41378
[   50.3375] open fd = -5
[   50.3377] open name host:/livetime.bin flag 602 data 41378
[   50.3398] open fd = 256
[   50.3573] open name host:/livepad.bin flag 1 data 41378
[   50.3587] open fd = 256
[   50.3771] open name host:/livepad.bin flag 1 data 41378
[   50.3785] open fd = 256
[   50.3966] open name host:/livepad.bin flag 1 data 41378
[   50.3981] open fd = 256
[   50.3997] open name host:/livedbg.cmd flag 1 data 41378
[   50.4011] open fd = 256
[   50.4028] open name host:/livedbg.bin flag 602 data 41378
[   50.4047] open fd = 256
[   50.4244] open name host:/livepad.bin flag 1 data 41378
[   50.4259] open fd = 256
[   50.4276] open name host:/livetex.bin flag 1 data 41378
[   50.4281] open fd = -5
[   50.4286] open name host:/livelink.bin flag 1 data 41378
[   50.4291] open fd = -5
[   50.4461] open name host:/livepad.bin flag 1 data 41378
[   50.4478] open fd = 256
[   50.4667] open name host:/livepad.bin flag 1 data 41378
[   50.4680] open fd = 256
[   50.4698] open name host:/livetime.rst flag 1 data 41378
[   50.4705] open fd = -5
[   50.4708] open name host:/livetime.bin flag 602 data 41378
[   50.4730] open fd = 256
[   50.4903] open name host:/livepad.bin flag 1 data 41378
[   50.4917] open fd = 256
[   50.5092] open name host:/livepad.bin flag 1 data 41378
[   50.5106] open fd = 256
[   50.5292] open name host:/livepad.bin flag 1 data 41378
[   50.5307] open fd = 256
[   50.5326] open name host:/livedbg.cmd flag 1 data 41378
[   50.5340] open fd = 256
[   50.5361] open name host:/livedbg.bin flag 602 data 41378
[   50.5381] open fd = 256
[   50.5574] open name host:/livepad.bin flag 1 data 41378
[   50.5589] open fd = 256
[   50.5606] open name host:/livetex.bin flag 1 data 41378
[   50.5612] open fd = -5
[   50.5616] open name host:/livelink.bin flag 1 data 41378
[   50.5625] open fd = -5
[   50.5787] open name host:/livepad.bin flag 1 data 41378
[   50.5802] open fd = 256
[   50.6002] open name host:/livepad.bin flag 1 data 41378
[   50.6020] open fd = 256
[   50.6038] open name host:/livetime.rst flag 1 data 41378
[   50.6044] open fd = -5
[   50.6046] open name host:/livetime.bin flag 602 data 41378
[   50.6068] open fd = 256
[   50.6269] open name host:/livepad.bin flag 1 data 41378
[   50.6285] open fd = 256
[   50.6484] open name host:/livepad.bin flag 1 data 41378
[   50.6498] open fd = 256
[   50.6685] open name host:/livepad.bin flag 1 data 41378
[   50.6701] open fd = 256
[   50.6718] open name host:/livedbg.cmd flag 1 data 41378
[   50.6733] open fd = 256
[   50.6751] open name host:/livedbg.bin flag 602 data 41378
[   50.6773] open fd = 256
[   50.6952] open name host:/livepad.bin flag 1 data 41378
[   50.6966] open fd = 256
[   50.6989] open name host:/livetex.bin flag 1 data 41378
[   50.6995] open fd = -5
[   50.6998] open name host:/livelink.bin flag 1 data 41378
[   50.7004] open fd = -5
[   50.7174] open name host:/livepad.bin flag 1 data 41378
[   50.7188] open fd = 256
[   50.7371] open name host:/livepad.bin flag 1 data 41378
[   50.7386] open fd = 256
[   50.7403] open name host:/livetime.rst flag 1 data 41378
[   50.7408] open fd = -5
[   50.7411] open name host:/livetime.bin flag 602 data 41378
[   50.7430] open fd = 256
[   50.7611] open name host:/livepad.bin flag 1 data 41378
[   50.7626] open fd = 256
[   50.7812] open name host:/livepad.bin flag 1 data 41378
[   50.7828] open fd = 256
[   50.8012] open name host:/livepad.bin flag 1 data 41378
[   50.8027] open fd = 256
[   50.8044] open name host:/livedbg.cmd flag 1 data 41378
[   50.8058] open fd = 256
[   50.8076] open name host:/livedbg.bin flag 602 data 41378
[   50.8095] open fd = 256
[   50.8283] open name host:/livepad.bin flag 1 data 41378
[   50.8297] open fd = 256
[   50.8316] open name host:/livetex.bin flag 1 data 41378
[   50.8324] open fd = -5
[   50.8326] open name host:/livelink.bin flag 1 data 41378
[   50.8333] open fd = -5
[   50.8493] open name host:/livepad.bin flag 1 data 41378
[   50.8508] open fd = 256
[   50.8685] open name host:/livepad.bin flag 1 data 41378
[   50.8702] open fd = 256
[   50.8719] open name host:/livetime.rst flag 1 data 41378
[   50.8724] open fd = -5
[   50.8729] open name host:/livetime.bin flag 602 data 41378
[   50.8749] open fd = 256
[   50.8927] open name host:/livepad.bin flag 1 data 41378
[   50.8944] open fd = 256
[   50.9127] open name host:/livepad.bin flag 1 data 41378
[   50.9141] open fd = 256
[   50.9330] open name host:/livepad.bin flag 1 data 41378
[   50.9342] open fd = 256
[   50.9357] open name host:/livedbg.cmd flag 1 data 41378
[   50.9369] open fd = 256
[   50.9389] open name host:/livedbg.bin flag 602 data 41378
[   50.9408] open fd = 256
[   50.9592] open name host:/livepad.bin flag 1 data 41378
[   50.9609] open fd = 256
[   50.9627] open name host:/livetex.bin flag 1 data 41378
[   50.9633] open fd = -5
[   50.9636] open name host:/livelink.bin flag 1 data 41378
[   50.9641] open fd = -5
[   50.9811] open name host:/livepad.bin flag 1 data 41378
[   50.9826] open fd = 256
[   51.0013] open name host:/livepad.bin flag 1 data 41378
[   51.0027] open fd = 256
[   51.0047] open name host:/livetime.rst flag 1 data 41378
[   51.0053] open fd = -5
[   51.0056] open name host:/livetime.bin flag 602 data 41378
[   51.0077] open fd = 256
[   51.0256] open name host:/livepad.bin flag 1 data 41378
[   51.0270] open fd = 256
[   51.0453] open name host:/livepad.bin flag 1 data 41378
[   51.0469] open fd = 256
[   51.0645] open name host:/livepad.bin flag 1 data 41378
[   51.0660] open fd = 256
[   51.0676] open name host:/livedbg.cmd flag 1 data 41378
[   51.0691] open fd = 256
[   51.0712] open name host:/livedbg.bin flag 602 data 41378
[   51.0731] open fd = 256
[   51.0914] open name host:/livepad.bin flag 1 data 41378
[   51.0930] open fd = 256
[   51.0947] open name host:/livetex.bin flag 1 data 41378
[   51.0953] open fd = -5
[   51.0956] open name host:/livelink.bin flag 1 data 41378
[   51.0962] open fd = -5
[   51.1138] open name host:/livepad.bin flag 1 data 41378
[   51.1151] open fd = 256
[   51.1341] open name host:/livepad.bin flag 1 data 41378
[   51.1355] open fd = 256
[   51.1374] open name host:/livetime.rst flag 1 data 41378
[   51.1379] open fd = -5
[   51.1382] open name host:/livetime.bin flag 602 data 41378
[   51.1403] open fd = 256
[   51.1590] open name host:/livepad.bin flag 1 data 41378
[   51.1605] open fd = 256
[   51.1787] open name host:/livepad.bin flag 1 data 41378
[   51.1801] open fd = 256
[   51.1987] open name host:/livepad.bin flag 1 data 41378
[   51.2004] open fd = 256
[   51.2021] open name host:/livedbg.cmd flag 1 data 41378
[   51.2035] open fd = 256
[   51.2054] open name host:/livedbg.bin flag 602 data 41378
[   51.2073] open fd = 256
[   51.2262] open name host:/livepad.bin flag 1 data 41378
[   51.2275] open fd = 256
[   51.2295] open name host:/livetex.bin flag 1 data 41378
[   51.2303] open fd = -5
[   51.2306] open name host:/livelink.bin flag 1 data 41378
[   51.2312] open fd = -5
[   51.2481] open name host:/livepad.bin flag 1 data 41378
[   51.2497] open fd = 256
[   51.2685] open name host:/livepad.bin flag 1 data 41378
[   51.2699] open fd = 256
[   51.2718] open name host:/livetime.rst flag 1 data 41378
[   51.2724] open fd = -5
[   51.2727] open name host:/livetime.bin flag 602 data 41378
[   51.2749] open fd = 256
[   51.2922] open name host:/livepad.bin flag 1 data 41378
[   51.2938] open fd = 256
[   51.3121] open name host:/livepad.bin flag 1 data 41378
[   51.3139] open fd = 256
[   51.3341] open name host:/livepad.bin flag 1 data 41378
[   51.3357] open fd = 256
[   51.3373] open name host:/livedbg.cmd flag 1 data 41378
[   51.3386] open fd = 256
[   51.3406] open name host:/livedbg.bin flag 602 data 41378
[   51.3429] open fd = 256
[   51.3621] open name host:/livepad.bin flag 1 data 41378
[   51.3637] open fd = 256
[   51.3654] open name host:/livetex.bin flag 1 data 41378
[   51.3659] open fd = -5
[   51.3661] open name host:/livelink.bin flag 1 data 41378
[   51.3666] open fd = -5
[   51.3842] open name host:/livepad.bin flag 1 data 41378
[   51.3856] open fd = 256
[   51.4039] open name host:/livepad.bin flag 1 data 41378
[   51.4054] open fd = 256
[   51.4071] open name host:/livetime.rst flag 1 data 41378
[   51.4076] open fd = -5
[   51.4079] open name host:/livetime.bin flag 602 data 41378
[   51.4101] open fd = 256
[   51.4290] open name host:/livepad.bin flag 1 data 41378
[   51.4309] open fd = 256
[   51.4494] open name host:/livepad.bin flag 1 data 41378
[   51.4514] open fd = 256
[   51.4700] open name host:/livepad.bin flag 1 data 41378
[   51.4717] open fd = 256
[   51.4735] open name host:/livedbg.cmd flag 1 data 41378
[   51.4747] open fd = 256
[   51.4766] open name host:/livedbg.bin flag 602 data 41378
[   51.4787] open fd = 256
[   51.4974] open name host:/livepad.bin flag 1 data 41378
[   51.4990] open fd = 256
[   51.5012] open name host:/livetex.bin flag 1 data 41378
[   51.5018] open fd = -5
[   51.5020] open name host:/livelink.bin flag 1 data 41378
[   51.5026] open fd = -5
[   51.5185] open name host:/livepad.bin flag 1 data 41378
[   51.5199] open fd = 256
[   51.5385] open name host:/livepad.bin flag 1 data 41378
[   51.5399] open fd = 256
[   51.5418] open name host:/livetime.rst flag 1 data 41378
[   51.5425] open fd = -5
[   51.5428] open name host:/livetime.bin flag 602 data 41378
[   51.5449] open fd = 256
[   51.5630] open name host:/livepad.bin flag 1 data 41378
[   51.5644] open fd = 256
[   51.5820] open name host:/livepad.bin flag 1 data 41378
[   51.5836] open fd = 256
[   51.6020] open name host:/livepad.bin flag 1 data 41378
[   51.6035] open fd = 256
[   51.6050] open name host:/livedbg.cmd flag 1 data 41378
[   51.6064] open fd = 256
[   51.6082] open name host:/livedbg.bin flag 602 data 41378
[   51.6102] open fd = 256
[   51.6288] open name host:/livepad.bin flag 1 data 41378
[   51.6303] open fd = 256
[   51.6324] open name host:/livetex.bin flag 1 data 41378
[   51.6330] open fd = -5
[   51.6333] open name host:/livelink.bin flag 1 data 41378
[   51.6339] open fd = -5
[   51.6495] open name host:/livepad.bin flag 1 data 41378
[   51.6509] open fd = 256
[   51.6695] open name host:/livepad.bin flag 1 data 41378
[   51.6709] open fd = 256
[   51.6727] open name host:/livetime.rst flag 1 data 41378
[   51.6732] open fd = -5
[   51.6735] open name host:/livetime.bin flag 602 data 41378
[   51.6754] open fd = 256
[   51.6946] open name host:/livepad.bin flag 1 data 41378
[   51.6962] open fd = 256
[   51.7157] open name host:/livepad.bin flag 1 data 41378
[   51.7172] open fd = 256
[   51.7362] open name host:/livepad.bin flag 1 data 41378
[   51.7375] open fd = 256
[   51.7392] open name host:/livedbg.cmd flag 1 data 41378
[   51.7405] open fd = 256
[   51.7425] open name host:/livedbg.bin flag 602 data 41378
[   51.7445] open fd = 256
[   51.7619] open name host:/livepad.bin flag 1 data 41378
[   51.7637] open fd = 256
[   51.7654] open name host:/livetex.bin flag 1 data 41378
[   51.7659] open fd = -5
[   51.7662] open name host:/livelink.bin flag 1 data 41378
[   51.7668] open fd = -5
[   51.7833] open name host:/livepad.bin flag 1 data 41378
[   51.7850] open fd = 256
[   51.8041] open name host:/livepad.bin flag 1 data 41378
[   51.8055] open fd = 256
[   51.8073] open name host:/livetime.rst flag 1 data 41378
[   51.8079] open fd = -5
[   51.8083] open name host:/livetime.bin flag 602 data 41378
[   51.8106] open fd = 256
[   51.8284] open name host:/livepad.bin flag 1 data 41378
[   51.8300] open fd = 256
[   51.8482] open name host:/livepad.bin flag 1 data 41378
[   51.8496] open fd = 256
[   51.8688] open name host:/livepad.bin flag 1 data 41378
[   51.8702] open fd = 256
[   51.8720] open name host:/livedbg.cmd flag 1 data 41378
[   51.8736] open fd = 256
[   51.8754] open name host:/livedbg.bin flag 602 data 41378
[   51.8775] open fd = 256
[   51.8972] open name host:/livepad.bin flag 1 data 41378
[   51.8989] open fd = 256
[   51.9009] open name host:/livetex.bin flag 1 data 41378
[   51.9014] open fd = -5
[   51.9016] open name host:/livelink.bin flag 1 data 41378
[   51.9021] open fd = -5
[   51.9189] open name host:/livepad.bin flag 1 data 41378
[   51.9205] open fd = 256
[   51.9386] open name host:/livepad.bin flag 1 data 41378
[   51.9405] open fd = 256
[   51.9424] open name host:/livetime.rst flag 1 data 41378
[   51.9431] open fd = -5
[   51.9434] open name host:/livetime.bin flag 602 data 41378
[   51.9455] open fd = 256
[   51.9657] open name host:/livepad.bin flag 1 data 41378
[   51.9673] open fd = 256
[   51.9869] open name host:/livepad.bin flag 1 data 41378
[   51.9883] open fd = 256
[   52.0075] open name host:/livepad.bin flag 1 data 41378
[   52.0089] open fd = 256
[   52.0107] open name host:/livedbg.cmd flag 1 data 41378
[   52.0122] open fd = 256
[   52.0142] open name host:/livedbg.bin flag 602 data 41378
[   52.0165] open fd = 256
[   52.0373] open name host:/livepad.bin flag 1 data 41378
[   52.0386] open fd = 256
[   52.0408] open name host:/livetex.bin flag 1 data 41378
[   52.0414] open fd = -5
[   52.0417] open name host:/livelink.bin flag 1 data 41378
[   52.0422] open fd = -5
[   52.0600] open name host:/livepad.bin flag 1 data 41378
[   52.0615] open fd = 256
[   52.0810] open name host:/livepad.bin flag 1 data 41378
[   52.0824] open fd = 256
[   52.0846] open name host:/livetime.rst flag 1 data 41378
[   52.0852] open fd = -5
[   52.0855] open name host:/livetime.bin flag 602 data 41378
[   52.0874] open fd = 256
[   52.1068] open name host:/livepad.bin flag 1 data 41378
[   52.1081] open fd = 256
[   52.1270] open name host:/livepad.bin flag 1 data 41378
[   52.1284] open fd = 256
[   52.1484] open name host:/livepad.bin flag 1 data 41378
[   52.1498] open fd = 256
[   52.1517] open name host:/livedbg.cmd flag 1 data 41378
[   52.1530] open fd = 256
[   52.1551] open name host:/livedbg.bin flag 602 data 41378
[   52.1572] open fd = 256
[   52.1770] open name host:/livepad.bin flag 1 data 41378
[   52.1783] open fd = 256
[   52.1802] open name host:/livetex.bin flag 1 data 41378
[   52.1807] open fd = -5
[   52.1811] open name host:/livelink.bin flag 1 data 41378
[   52.1816] open fd = -5
[   52.1990] open name host:/livepad.bin flag 1 data 41378
[   52.2006] open fd = 256
[   52.2199] open name host:/livepad.bin flag 1 data 41378
[   52.2215] open fd = 256
[   52.2234] open name host:/livetime.rst flag 1 data 41378
[   52.2238] open fd = -5
[   52.2241] open name host:/livetime.bin flag 602 data 41378
[   52.2262] open fd = 256
[   52.2450] open name host:/livepad.bin flag 1 data 41378
[   52.2464] open fd = 256
[   52.2648] open name host:/livepad.bin flag 1 data 41378
[   52.2665] open fd = 256
[   52.2851] open name host:/livepad.bin flag 1 data 41378
[   52.2866] open fd = 256
[   52.2882] open name host:/livedbg.cmd flag 1 data 41378
[   52.2895] open fd = 256
[   52.2914] open name host:/livedbg.bin flag 602 data 41378
[   52.2936] open fd = 256
[   52.3117] open name host:/livepad.bin flag 1 data 41378
[   52.3131] open fd = 256
[   52.3149] open name host:/livetex.bin flag 1 data 41378
[   52.3155] open fd = -5
[   52.3158] open name host:/livelink.bin flag 1 data 41378
[   52.3163] open fd = -5
[   52.3336] open name host:/livepad.bin flag 1 data 41378
[   52.3352] open fd = 256
[   52.3540] open name host:/livepad.bin flag 1 data 41378
[   52.3555] open fd = 256
[   52.3573] open name host:/livetime.rst flag 1 data 41378
[   52.3578] open fd = -5
[   52.3581] open name host:/livetime.bin flag 602 data 41378
[   52.3602] open fd = 256
[   52.3792] open name host:/livepad.bin flag 1 data 41378
[   52.3807] open fd = 256
[   52.4004] open name host:/livepad.bin flag 1 data 41378
[   52.4020] open fd = 256
[   52.4208] open name host:/livepad.bin flag 1 data 41378
[   52.4223] open fd = 256
[   52.4241] open name host:/livedbg.cmd flag 1 data 41378
[   52.4256] open fd = 256
[   52.4273] open name host:/livedbg.bin flag 602 data 41378
[   52.4292] open fd = 256
[   52.4483] open name host:/livepad.bin flag 1 data 41378
[   52.4496] open fd = 256
[   52.4514] open name host:/livetex.bin flag 1 data 41378
[   52.4519] open fd = -5
[   52.4522] open name host:/livelink.bin flag 1 data 41378
[   52.4527] open fd = -5
[   52.4697] open name host:/livepad.bin flag 1 data 41378
[   52.4712] open fd = 256
[   52.4889] open name host:/livepad.bin flag 1 data 41378
[   52.4903] open fd = 256
[   52.4922] open name host:/livetime.rst flag 1 data 41378
[   52.4928] open fd = -5
[   52.4932] open name host:/livetime.bin flag 602 data 41378
[   52.4952] open fd = 256
[   52.5134] open name host:/livepad.bin flag 1 data 41378
[   52.5151] open fd = 256
[   52.5352] open name host:/livepad.bin flag 1 data 41378
[   52.5366] open fd = 256
[   52.5567] open name host:/livepad.bin flag 1 data 41378
[   52.5579] open fd = 256
[   52.5594] open name host:/livedbg.cmd flag 1 data 41378
[   52.5607] open fd = 256
[   52.5627] open name host:/livedbg.bin flag 602 data 41378
[   52.5651] open fd = 256
[   52.5850] open name host:/livepad.bin flag 1 data 41378
[   52.5864] open fd = 256
[   52.5882] open name host:/livetex.bin flag 1 data 41378
[   52.5887] open fd = -5
[   52.5891] open name host:/livelink.bin flag 1 data 41378
[   52.5896] open fd = -5
[   52.6063] open name host:/livepad.bin flag 1 data 41378
[   52.6077] open fd = 256
[   52.6269] open name host:/livepad.bin flag 1 data 41378
[   52.6285] open fd = 256
[   52.6308] open name host:/livetime.rst flag 1 data 41378
[   52.6314] open fd = -5
[   52.6318] open name host:/livetime.bin flag 602 data 41378
[   52.6342] open fd = 256
[   52.6545] open name host:/livepad.bin flag 1 data 41378
[   52.6559] open fd = 256
[   52.6738] open name host:/livepad.bin flag 1 data 41378
[   52.6753] open fd = 256
[   52.6941] open name host:/livepad.bin flag 1 data 41378
[   52.6955] open fd = 256
[   52.6973] open name host:/livedbg.cmd flag 1 data 41378
[   52.6987] open fd = 256
[   52.7007] open name host:/livedbg.bin flag 602 data 41378
[   52.7028] open fd = 256
[   52.7204] open name host:/livepad.bin flag 1 data 41378
[   52.7217] open fd = 256
[   52.7237] open name host:/livetex.bin flag 1 data 41378
[   52.7242] open fd = -5
[   52.7245] open name host:/livelink.bin flag 1 data 41378
[   52.7250] open fd = -5
[   52.7413] open name host:/livepad.bin flag 1 data 41378
[   52.7429] open fd = 256
[   52.7636] open name host:/livepad.bin flag 1 data 41378
[   52.7654] open fd = 256
[   52.7670] open name host:/livetime.rst flag 1 data 41378
[   52.7675] open fd = -5
[   52.7678] open name host:/livetime.bin flag 602 data 41378
[   52.7696] open fd = 256
[   52.7876] open name host:/livepad.bin flag 1 data 41378
[   52.7890] open fd = 256
[   52.8065] open name host:/livepad.bin flag 1 data 41378
[   52.8080] open fd = 256
[   52.8273] open name host:/livepad.bin flag 1 data 41378
[   52.8294] open fd = 256
[   52.8314] open name host:/livedbg.cmd flag 1 data 41378
[   52.8327] open fd = 256
[   52.8346] open name host:/livedbg.bin flag 602 data 41378
[   52.8365] open fd = 256
[   52.8555] open name host:/livepad.bin flag 1 data 41378
[   52.8568] open fd = 256
[   52.8583] open name host:/livetex.bin flag 1 data 41378
[   52.8589] open fd = -5
[   52.8592] open name host:/livelink.bin flag 1 data 41378
[   52.8596] open fd = -5
[   52.8773] FRAMEARENA frames=1800 peak=1033488 resets=838 fallbacks=0 maxFrameBytes=2773552 maxBorrowed=2184480 freeKiB=16901
[   52.8777] NATIVEVIF frames=1800 batches=3598
[   52.8780] ORDEREDFRAME frames=1800 splitFrames=481
[   52.8784] FRAMEPIPELINE starts=1800 dmaBusyStarts=1030
[   52.8789] open name host:/livepad.bin flag 1 data 41378
[   52.8802] open fd = 256
[   52.8991] open name host:/livepad.bin flag 1 data 41378
[   52.9007] open fd = 256
[   52.9024] open name host:/livetime.rst flag 1 data 41378
[   52.9031] open fd = -5
[   52.9033] open name host:/livetime.bin flag 602 data 41378
[   52.9054] open fd = 256
[   52.9264] open name host:/livepad.bin flag 1 data 41378
[   52.9280] open fd = 256
[   52.9467] open name host:/livepad.bin flag 1 data 41378
[   52.9483] open fd = 256
[   52.9723] open name host:/livepad.bin flag 1 data 41378
[   52.9749] open fd = 256
[   52.9780] open name host:/livedbg.cmd flag 1 data 41378
[   52.9805] open fd = 256
[   52.9835] open name host:/livedbg.bin flag 602 data 41378
[   52.9871] open fd = 256
[   53.0109] open name host:/livepad.bin flag 1 data 41378
[   53.0126] open fd = 256
[   53.0147] open name host:/livetex.bin flag 1 data 41378
[   53.0153] open fd = -5
[   53.0156] open name host:/livelink.bin flag 1 data 41378
[   53.0162] open fd = -5
[   53.0336] open name host:/livepad.bin flag 1 data 41378
[   53.0351] open fd = 256
[   53.0541] open name host:/livepad.bin flag 1 data 41378
[   53.0555] open fd = 256
[   53.0572] open name host:/livetime.rst flag 1 data 41378
[   53.0579] open fd = -5
[   53.0582] open name host:/livetime.bin flag 602 data 41378
[   53.0602] open fd = 256
[   53.0788] open name host:/livepad.bin flag 1 data 41378
[   53.0804] open fd = 256
[   53.0999] open name host:/livepad.bin flag 1 data 41378
[   53.1017] open fd = 256
[   53.1214] open name host:/livepad.bin flag 1 data 41378
[   53.1229] open fd = 256
[   53.1248] open name host:/livedbg.cmd flag 1 data 41378
[   53.1263] open fd = 256
[   53.1284] open name host:/livedbg.bin flag 602 data 41378
[   53.1310] open fd = 256
[   53.1504] open name host:/livepad.bin flag 1 data 41378
[   53.1521] open fd = 256
[   53.1540] open name host:/livetex.bin flag 1 data 41378
[   53.1545] open fd = -5
[   53.1548] open name host:/livelink.bin flag 1 data 41378
[   53.1554] open fd = -5
[   53.1747] open name host:/livepad.bin flag 1 data 41378
[   53.1762] open fd = 256
[   53.1959] open name host:/livepad.bin flag 1 data 41378
[   53.1975] open fd = 256
[   53.1992] open name host:/livetime.rst flag 1 data 41378
[   53.1997] open fd = -5
[   53.2000] open name host:/livetime.bin flag 602 data 41378
[   53.2022] open fd = 256
[   53.2227] open name host:/livepad.bin flag 1 data 41378
[   53.2241] open fd = 256
[   53.2470] open name host:/livepad.bin flag 1 data 41378
[   53.2485] open fd = 256
[   53.2668] open name host:/log.txt flag 302 data 41378
[   53.2684] open fd = 256
[   53.2703] open name host:/livepad.bin flag 1 data 41378
[   53.2717] open fd = 256
[   53.2736] open name host:/livedbg.cmd flag 1 data 41378
[   53.2750] open fd = 256
[   53.2770] open name host:/livedbg.bin flag 602 data 41378
[   53.2791] open fd = 256
[   53.2974] open name host:/livepad.bin flag 1 data 41378
[   53.2988] open fd = 256
[   53.3010] open name host:/livetex.bin flag 1 data 41378
[   53.3016] open fd = -5
[   53.3018] open name host:/livelink.bin flag 1 data 41378
[   53.3024] open fd = -5
[   53.3202] open name host:/livepad.bin flag 1 data 41378
[   53.3216] open fd = 256
[   53.3403] open name host:/livepad.bin flag 1 data 41378
[   53.3421] open fd = 256
[   53.3437] open name host:/livetime.rst flag 1 data 41378
[   53.3443] open fd = -5
[   53.3448] open name host:/livetime.bin flag 602 data 41378
[   53.3472] open fd = 256
[   53.3679] open name host:/livepad.bin flag 1 data 41378
[   53.3696] open fd = 256
[   53.3901] open name host:/livepad.bin flag 1 data 41378
[   53.3920] open fd = 256
[   53.4132] open name host:/livepad.bin flag 1 data 41378
[   53.4147] open fd = 256
[   53.4165] open name host:/livedbg.cmd flag 1 data 41378
[   53.4181] open fd = 256
[   53.4202] open name host:/livedbg.bin flag 602 data 41378
[   53.4226] open fd = 256
[   53.4426] open name host:/livepad.bin flag 1 data 41378
[   53.4440] open fd = 256
[   53.4458] open name host:/livetex.bin flag 1 data 41378
[   53.4464] open fd = -5
[   53.4467] open name host:/livelink.bin flag 1 data 41378
[   53.4473] open fd = -5
[   53.4638] open name host:/livepad.bin flag 1 data 41378
[   53.4660] open fd = 256
[   53.4857] open name host:/livepad.bin flag 1 data 41378
[   53.4873] open fd = 256
[   53.4890] open name host:/livetime.rst flag 1 data 41378
[   53.4895] open fd = -5
[   53.4898] open name host:/livetime.bin flag 602 data 41378
[   53.4922] open fd = 256
[   53.5112] open name host:/livepad.bin flag 1 data 41378
[   53.5130] open fd = 256
[   53.5307] open name host:/livepad.bin flag 1 data 41378
[   53.5323] open fd = 256
[   53.5497] open name host:/livepad.bin flag 1 data 41378
[   53.5514] open fd = 256
[   53.5530] open name host:/livedbg.cmd flag 1 data 41378
[   53.5543] open fd = 256
[   53.5560] open name host:/livedbg.bin flag 602 data 41378
[   53.5580] open fd = 256
[   53.5765] open name host:/livepad.bin flag 1 data 41378
[   53.5779] open fd = 256
[   53.5798] open name host:/livetex.bin flag 1 data 41378
[   53.5805] open fd = -5
[   53.5809] open name host:/livelink.bin flag 1 data 41378
[   53.5814] open fd = -5
[   53.5994] open name host:/livepad.bin flag 1 data 41378
[   53.6012] open fd = 256
[   53.6226] open name host:/livepad.bin flag 1 data 41378
[   53.6243] open fd = 256
[   53.6263] open name host:/livetime.rst flag 1 data 41378
[   53.6271] open fd = -5
[   53.6274] open name host:/livetime.bin flag 602 data 41378
[   53.6303] open fd = 256
[   53.6499] open name host:/livepad.bin flag 1 data 41378
[   53.6517] open fd = 256
[   53.6721] open name host:/livepad.bin flag 1 data 41378
[   53.6739] open fd = 256
[   53.6930] open name host:/livepad.bin flag 1 data 41378
[   53.6946] open fd = 256
[   53.6965] open name host:/livedbg.cmd flag 1 data 41378
[   53.6983] open fd = 256
[   53.7003] open name host:/livedbg.bin flag 602 data 41378
[   53.7028] open fd = 256
[   53.7233] open name host:/livepad.bin flag 1 data 41378
[   53.7248] open fd = 256
[   53.7267] open name host:/livetex.bin flag 1 data 41378
[   53.7273] open fd = -5
[   53.7276] open name host:/livelink.bin flag 1 data 41378
[   53.7283] open fd = -5
[   53.7484] open name host:/livepad.bin flag 1 data 41378
[   53.7501] open fd = 256
[   53.7711] open name host:/livepad.bin flag 1 data 41378
[   53.7726] open fd = 256
[   53.7747] open name host:/livetime.rst flag 1 data 41378
[   53.7753] open fd = -5
[   53.7756] open name host:/livetime.bin flag 602 data 41378
[   53.7775] open fd = 256
[   53.8000] open name host:/livepad.bin flag 1 data 41378
[   53.8017] open fd = 256
[   53.8199] open name host:/livepad.bin flag 1 data 41378
[   53.8215] open fd = 256
[   53.8388] open name host:/livepad.bin flag 1 data 41378
[   53.8404] open fd = 256
[   53.8424] open name host:/livedbg.cmd flag 1 data 41378
[   53.8443] open fd = 256
[   53.8473] open name host:/livedbg.bin flag 602 data 41378
[   53.8508] open fd = 256
[   53.8717] open name host:/livepad.bin flag 1 data 41378
[   53.8733] open fd = 256
[   53.8751] open name host:/livetex.bin flag 1 data 41378
[   53.8758] open fd = -5
[   53.8761] open name host:/livelink.bin flag 1 data 41378
[   53.8767] open fd = -5
[   53.8940] open name host:/livepad.bin flag 1 data 41378
[   53.8955] open fd = 256
[   53.9147] open name host:/livepad.bin flag 1 data 41378
[   53.9162] open fd = 256
[   53.9184] open name host:/livetime.rst flag 1 data 41378
[   53.9192] open fd = -5
[   53.9197] open name host:/livetime.bin flag 602 data 41378
[   53.9232] open fd = 256
[   53.9450] open name host:/livepad.bin flag 1 data 41378
[   53.9466] open fd = 256
[   53.9657] open name host:/livepad.bin flag 1 data 41378
[   53.9670] open fd = 256
[   53.9853] open name host:/livepad.bin flag 1 data 41378
[   53.9870] open fd = 256
[   53.9889] open name host:/livedbg.cmd flag 1 data 41378
[   53.9905] open fd = 256
[   53.9927] open name host:/livedbg.bin flag 602 data 41378
[   53.9948] open fd = 256
[   54.0126] open name host:/livepad.bin flag 1 data 41378
[   54.0143] open fd = 256
[   54.0159] open name host:/livetex.bin flag 1 data 41378
[   54.0164] open fd = -5
[   54.0166] open name host:/livelink.bin flag 1 data 41378
[   54.0174] open fd = -5
[   54.0338] open name host:/livepad.bin flag 1 data 41378
[   54.0351] open fd = 256
[   54.0520] open name host:/livepad.bin flag 1 data 41378
[   54.0535] open fd = 256
[   54.0551] open name host:/livetime.rst flag 1 data 41378
[   54.0555] open fd = -5
[   54.0558] open name host:/livetime.bin flag 602 data 41378
[   54.0578] open fd = 256
[   54.0771] open name host:/livepad.bin flag 1 data 41378
[   54.0792] open fd = 256
[   54.0993] open name host:/livepad.bin flag 1 data 41378
[   54.1012] open fd = 256
[   54.1210] open name host:/livepad.bin flag 1 data 41378
[   54.1230] open fd = 256
[   54.1251] open name host:/livedbg.cmd flag 1 data 41378
[   54.1267] open fd = 256
[   54.1291] open name host:/livedbg.bin flag 602 data 41378
[   54.1323] open fd = 256
[   54.1536] open name host:/livepad.bin flag 1 data 41378
[   54.1554] open fd = 256
[   54.1573] open name host:/livetex.bin flag 1 data 41378
[   54.1580] open fd = -5
[   54.1585] open name host:/livelink.bin flag 1 data 41378
[   54.1591] open fd = -5
[   54.1822] open name host:/livepad.bin flag 1 data 41378
[   54.1838] open fd = 256
[   54.2045] open name host:/livepad.bin flag 1 data 41378
[   54.2065] open fd = 256
[   54.2086] open name host:/livetime.rst flag 1 data 41378
[   54.2093] open fd = -5
[   54.2097] open name host:/livetime.bin flag 602 data 41378
[   54.2124] open fd = 256
[   54.2326] open name host:/livepad.bin flag 1 data 41378
[   54.2348] open fd = 256
[   54.2556] open name host:/livepad.bin flag 1 data 41378
[   54.2574] open fd = 256
[   54.2773] open name host:/livepad.bin flag 1 data 41378
[   54.2791] open fd = 256
[   54.2809] open name host:/livedbg.cmd flag 1 data 41378
[   54.2829] open fd = 256
[   54.2849] open name host:/livedbg.bin flag 602 data 41378
[   54.2878] open fd = 256
[   54.3064] open name host:/livepad.bin flag 1 data 41378
[   54.3077] open fd = 256
[   54.3092] open name host:/livetex.bin flag 1 data 41378
[   54.3098] open fd = -5
[   54.3101] open name host:/livelink.bin flag 1 data 41378
[   54.3105] open fd = -5
[   54.3268] open name host:/livepad.bin flag 1 data 41378
[   54.3280] open fd = 256
[   54.3462] open name host:/livepad.bin flag 1 data 41378
[   54.3473] open fd = 256
[   54.3491] open name host:/livetime.rst flag 1 data 41378
[   54.3496] open fd = -5
[   54.3499] open name host:/livetime.bin flag 602 data 41378
[   54.3518] open fd = 256
[   54.3693] open name host:/livepad.bin flag 1 data 41378
[   54.3706] open fd = 256
[   54.3907] open name host:/livepad.bin flag 1 data 41378
[   54.3924] open fd = 256
[   54.4114] open name host:/livepad.bin flag 1 data 41378
[   54.4129] open fd = 256
[   54.4151] open name host:/livedbg.cmd flag 1 data 41378
[   54.4165] open fd = 256
[   54.4184] open name host:/livedbg.bin flag 602 data 41378
[   54.4206] open fd = 256
[   54.4396] open name host:/livepad.bin flag 1 data 41378
[   54.4410] open fd = 256
[   54.4433] open name host:/livetex.bin flag 1 data 41378
[   54.4439] open fd = -5
[   54.4442] open name host:/livelink.bin flag 1 data 41378
[   54.4448] open fd = -5
[   54.4613] open name host:/livepad.bin flag 1 data 41378
[   54.4629] open fd = 256
[   54.4813] open name host:/livepad.bin flag 1 data 41378
[   54.4827] open fd = 256
[   54.4845] open name host:/livetime.rst flag 1 data 41378
[   54.4850] open fd = -5
[   54.4853] open name host:/livetime.bin flag 602 data 41378
[   54.4874] open fd = 256
[   54.5075] open name host:/livepad.bin flag 1 data 41378
[   54.5090] open fd = 256
[   54.5276] open name host:/livepad.bin flag 1 data 41378
[   54.5288] open fd = 256
[   54.5466] open name host:/livepad.bin flag 1 data 41378
[   54.5479] open fd = 256
[   54.5494] open name host:/livedbg.cmd flag 1 data 41378
[   54.5505] open fd = 256
[   54.5523] open name host:/livedbg.bin flag 602 data 41378
[   54.5540] open fd = 256
[   54.5725] open name host:/livepad.bin flag 1 data 41378
[   54.5740] open fd = 256
[   54.5757] open name host:/livetex.bin flag 1 data 41378
[   54.5762] open fd = -5
[   54.5765] open name host:/livelink.bin flag 1 data 41378
[   54.5770] open fd = -5
[   54.5928] open name host:/livepad.bin flag 1 data 41378
[   54.5943] open fd = 256
[   54.6124] open name host:/livepad.bin flag 1 data 41378
[   54.6140] open fd = 256
[   54.6156] open name host:/livetime.rst flag 1 data 41378
[   54.6162] open fd = -5
[   54.6164] open name host:/livetime.bin flag 602 data 41378
[   54.6185] open fd = 256
[   54.6375] open name host:/livepad.bin flag 1 data 41378
[   54.6390] open fd = 256
[   54.6572] open name host:/livepad.bin flag 1 data 41378
[   54.6586] open fd = 256
[   54.6769] open name host:/livepad.bin flag 1 data 41378
[   54.6782] open fd = 256
[   54.6798] open name host:/livedbg.cmd flag 1 data 41378
[   54.6810] open fd = 256
[   54.6832] open name host:/livedbg.bin flag 602 data 41378
[   54.6854] open fd = 256
[   54.7049] open name host:/livepad.bin flag 1 data 41378
[   54.7067] open fd = 256
[   54.7087] open name host:/livetex.bin flag 1 data 41378
[   54.7093] open fd = -5
[   54.7097] open name host:/livelink.bin flag 1 data 41378
[   54.7103] open fd = -5
[   54.7282] open name host:/livepad.bin flag 1 data 41378
[   54.7303] open fd = 256
[   54.7489] open name host:/livepad.bin flag 1 data 41378
[   54.7503] open fd = 256
[   54.7521] open name host:/livetime.rst flag 1 data 41378
[   54.7527] open fd = -5
[   54.7530] open name host:/livetime.bin flag 602 data 41378
[   54.7552] open fd = 256
[   54.7752] open name host:/livepad.bin flag 1 data 41378
[   54.7766] open fd = 256
[   54.7953] open name host:/livepad.bin flag 1 data 41378
[   54.7967] open fd = 256
[   54.8152] open name host:/livepad.bin flag 1 data 41378
[   54.8166] open fd = 256
[   54.8185] open name host:/livedbg.cmd flag 1 data 41378
[   54.8198] open fd = 256
[   54.8223] open name host:/livedbg.bin flag 602 data 41378
[   54.8244] open fd = 256
[   54.8441] open name host:/livepad.bin flag 1 data 41378
[   54.8455] open fd = 256
[   54.8473] open name host:/livetex.bin flag 1 data 41378
[   54.8478] open fd = -5
[   54.8481] open name host:/livelink.bin flag 1 data 41378
[   54.8485] open fd = -5
[   54.8654] open name host:/livepad.bin flag 1 data 41378
[   54.8667] open fd = 256
[   54.8852] open name host:/livepad.bin flag 1 data 41378
[   54.8864] open fd = 256
[   54.8880] open name host:/livetime.rst flag 1 data 41378
[   54.8885] open fd = -5
[   54.8888] open name host:/livetime.bin flag 602 data 41378
[   54.8914] open fd = 256
[   54.9092] open name host:/livepad.bin flag 1 data 41378
[   54.9105] open fd = 256
[   54.9286] open name host:/livepad.bin flag 1 data 41378
[   54.9299] open fd = 256
[   54.9482] open name host:/livepad.bin flag 1 data 41378
[   54.9498] open fd = 256
[   54.9515] open name host:/livedbg.cmd flag 1 data 41378
[   54.9529] open fd = 256
[   54.9546] open name host:/livedbg.bin flag 602 data 41378
[   54.9565] open fd = 256
[   54.9741] open name host:/livepad.bin flag 1 data 41378
[   54.9754] open fd = 256
[   54.9772] open name host:/livetex.bin flag 1 data 41378
[   54.9777] open fd = -5
[   54.9782] open name host:/livelink.bin flag 1 data 41378
[   54.9786] open fd = -5
[   54.9950] open name host:/livepad.bin flag 1 data 41378
[   54.9963] open fd = 256
[   55.0140] open name host:/livepad.bin flag 1 data 41378
[   55.0154] open fd = 256
[   55.0172] open name host:/livetime.rst flag 1 data 41378
[   55.0177] open fd = -5
[   55.0180] open name host:/livetime.bin flag 602 data 41378
[   55.0202] open fd = 256
[   55.0390] open name host:/livepad.bin flag 1 data 41378
[   55.0408] open fd = 256
[   55.0604] open name host:/livepad.bin flag 1 data 41378
[   55.0620] open fd = 256
[   55.0840] open name host:/livepad.bin flag 1 data 41378
[   55.0859] open fd = 256
[   55.0880] open name host:/livedbg.cmd flag 1 data 41378
[   55.0897] open fd = 256
[   55.0920] open name host:/livedbg.bin flag 602 data 41378
[   55.0944] open fd = 256
[   55.1154] open name host:/livepad.bin flag 1 data 41378
[   55.1170] open fd = 256
[   55.1190] open name host:/livetex.bin flag 1 data 41378
[   55.1196] open fd = -5
[   55.1200] open name host:/livelink.bin flag 1 data 41378
[   55.1206] open fd = -5
[   55.1388] open name host:/livepad.bin flag 1 data 41378
[   55.1403] open fd = 256
[   55.1607] open name host:/livepad.bin flag 1 data 41378
[   55.1624] open fd = 256
[   55.1647] open name host:/livetime.rst flag 1 data 41378
[   55.1654] open fd = -5
[   55.1657] open name host:/livetime.bin flag 602 data 41378
[   55.1681] open fd = 256
[   55.1874] open name host:/livepad.bin flag 1 data 41378
[   55.1892] open fd = 256
[   55.2075] open name host:/livepad.bin flag 1 data 41378
[   55.2089] open fd = 256
[   55.2280] open name host:/livepad.bin flag 1 data 41378
[   55.2296] open fd = 256
[   55.2314] open name host:/livedbg.cmd flag 1 data 41378
[   55.2328] open fd = 256
[   55.2347] open name host:/livedbg.bin flag 602 data 41378
[   55.2368] open fd = 256
[   55.2545] open name host:/livepad.bin flag 1 data 41378
[   55.2559] open fd = 256
[   55.2575] open name host:/livetex.bin flag 1 data 41378
[   55.2580] open fd = -5
[   55.2583] open name host:/livelink.bin flag 1 data 41378
[   55.2588] open fd = -5
[   55.2755] open name host:/livepad.bin flag 1 data 41378
[   55.2769] open fd = 256
[   55.2949] open name host:/livepad.bin flag 1 data 41378
[   55.2965] open fd = 256
[   55.2985] open name host:/livetime.rst flag 1 data 41378
[   55.2990] open fd = -5
[   55.2992] open name host:/livetime.bin flag 602 data 41378
[   55.3011] open fd = 256
[   55.3187] open name host:/livepad.bin flag 1 data 41378
[   55.3203] open fd = 256
[   55.3389] open name host:/livepad.bin flag 1 data 41378
[   55.3404] open fd = 256
[   55.3597] open name host:/livepad.bin flag 1 data 41378
[   55.3614] open fd = 256
[   55.3635] open name host:/livedbg.cmd flag 1 data 41378
[   55.3649] open fd = 256
[   55.3670] open name host:/livedbg.bin flag 602 data 41378
[   55.3696] open fd = 256
[   55.3899] open name host:/livepad.bin flag 1 data 41378
[   55.3917] open fd = 256
[   55.3938] open name host:/livetex.bin flag 1 data 41378
[   55.3945] open fd = -5
[   55.3949] open name host:/livelink.bin flag 1 data 41378
[   55.3955] open fd = -5
[   55.4137] open name host:/livepad.bin flag 1 data 41378
[   55.4156] open fd = 256
[   55.4342] open name host:/livepad.bin flag 1 data 41378
[   55.4357] open fd = 256
[   55.4377] open name host:/livetime.rst flag 1 data 41378
[   55.4382] open fd = -5
[   55.4386] open name host:/livetime.bin flag 602 data 41378
[   55.4407] open fd = 256
[   55.4601] open name host:/livepad.bin flag 1 data 41378
[   55.4617] open fd = 256
[   55.4812] open name host:/livepad.bin flag 1 data 41378
[   55.4827] open fd = 256
[   55.5020] open name host:/livepad.bin flag 1 data 41378
[   55.5035] open fd = 256
[   55.5055] open name host:/livedbg.cmd flag 1 data 41378
[   55.5069] open fd = 256
[   55.5088] open name host:/livedbg.bin flag 602 data 41378
[   55.5115] open fd = 256
[   55.5297] open name host:/livepad.bin flag 1 data 41378
[   55.5312] open fd = 256
[   55.5331] open name host:/livetex.bin flag 1 data 41378
[   55.5336] open fd = -5
[   55.5339] open name host:/livelink.bin flag 1 data 41378
[   55.5344] open fd = -5
[   55.5508] open name host:/livepad.bin flag 1 data 41378
[   55.5523] open fd = 256
[   55.5695] open name host:/livepad.bin flag 1 data 41378
[   55.5710] open fd = 256
[   55.5729] open name host:/livetime.rst flag 1 data 41378
[   55.5735] open fd = -5
[   55.5738] open name host:/livetime.bin flag 602 data 41378
[   55.5757] open fd = 256
[   55.5939] open name host:/livepad.bin flag 1 data 41378
[   55.5954] open fd = 256
[   55.6141] open name host:/livepad.bin flag 1 data 41378
[   55.6153] open fd = 256
[   55.6335] open name host:/livepad.bin flag 1 data 41378
[   55.6350] open fd = 256
[   55.6368] open name host:/livedbg.cmd flag 1 data 41378
[   55.6380] open fd = 256
[   55.6398] open name host:/livedbg.bin flag 602 data 41378
[   55.6420] open fd = 256
[   55.6618] open name host:/livepad.bin flag 1 data 41378
[   55.6633] open fd = 256
[   55.6655] open name host:/livetex.bin flag 1 data 41378
[   55.6660] open fd = -5
[   55.6663] open name host:/livelink.bin flag 1 data 41378
[   55.6668] open fd = -5
[   55.6834] FRAMEARENA frames=1920 peak=1033488 resets=1078 fallbacks=0 maxFrameBytes=2773552 maxBorrowed=2184480 freeKiB=16901
[   55.6838] NATIVEVIF frames=1920 batches=4198
[   55.6841] ORDEREDFRAME frames=1920 splitFrames=601
[   55.6845] FRAMEPIPELINE starts=1920 dmaBusyStarts=1030
[   55.6849] open name host:/livepad.bin flag 1 data 41378
[   55.6861] open fd = 256
[   55.7038] open name host:/livepad.bin flag 1 data 41378
[   55.7053] open fd = 256
[   55.7074] open name host:/livetime.rst flag 1 data 41378
[   55.7080] open fd = -5
[   55.7083] open name host:/livetime.bin flag 602 data 41378
[   55.7107] open fd = 256
[   55.7320] open name host:/livepad.bin flag 1 data 41378
[   55.7341] open fd = 256
[   55.7534] open name host:/livepad.bin flag 1 data 41378
[   55.7551] open fd = 256
[   55.7761] open name host:/livepad.bin flag 1 data 41378
[   55.7778] open fd = 256
[   55.7797] open name host:/livedbg.cmd flag 1 data 41378
[   55.7815] open fd = 256
[   55.7838] open name host:/livedbg.bin flag 602 data 41378
[   55.7861] open fd = 256
[   55.8069] open name host:/livepad.bin flag 1 data 41378
[   55.8087] open fd = 256
[   55.8107] open name host:/livetex.bin flag 1 data 41378
[   55.8114] open fd = -5
[   55.8118] open name host:/livelink.bin flag 1 data 41378
[   55.8124] open fd = -5
[   55.8297] open name host:/livepad.bin flag 1 data 41378
[   55.8315] open fd = 256
[   55.8507] open name host:/livepad.bin flag 1 data 41378
[   55.8524] open fd = 256
[   55.8542] open name host:/livetime.rst flag 1 data 41378
[   55.8548] open fd = -5
[   55.8551] open name host:/livetime.bin flag 602 data 41378
[   55.8573] open fd = 256
[   55.8763] open name host:/livepad.bin flag 1 data 41378
[   55.8776] open fd = 256
[   55.8959] open name host:/livepad.bin flag 1 data 41378
[   55.8973] open fd = 256
[   55.9150] open name host:/livepad.bin flag 1 data 41378
[   55.9162] open fd = 256
[   55.9179] open name host:/livedbg.cmd flag 1 data 41378
[   55.9191] open fd = 256
[   55.9209] open name host:/livedbg.bin flag 602 data 41378
[   55.9229] open fd = 256
[   55.9409] open name host:/livepad.bin flag 1 data 41378
[   55.9421] open fd = 256
[   55.9440] open name host:/livetex.bin flag 1 data 41378
[   55.9445] open fd = -5
[   55.9449] open name host:/livelink.bin flag 1 data 41378
[   55.9454] open fd = -5
[   55.9614] open name host:/livepad.bin flag 1 data 41378
[   55.9629] open fd = 256
[   55.9810] open name host:/livepad.bin flag 1 data 41378
[   55.9822] open fd = 256
[   55.9839] open name host:/livetime.rst flag 1 data 41378
[   55.9845] open fd = -5
[   55.9847] open name host:/livetime.bin flag 602 data 41378
[   55.9866] open fd = 256
[   56.0046] open name host:/livepad.bin flag 1 data 41378
[   56.0061] open fd = 256
[   56.0237] open name host:/livepad.bin flag 1 data 41378
[   56.0250] open fd = 256
[   56.0436] open name host:/livepad.bin flag 1 data 41378
[   56.0453] open fd = 256
[   56.0474] open name host:/livedbg.cmd flag 1 data 41378
[   56.0490] open fd = 256
[   56.0514] open name host:/livedbg.bin flag 602 data 41378
[   56.0541] open fd = 256
[   56.0742] open name host:/livepad.bin flag 1 data 41378
[   56.0758] open fd = 256
[   56.0778] open name host:/livetex.bin flag 1 data 41378
[   56.0784] open fd = -5
[   56.0787] open name host:/livelink.bin flag 1 data 41378
[   56.0793] open fd = -5
[   56.0972] open name host:/livepad.bin flag 1 data 41378
[   56.0989] open fd = 256
[   56.1184] open name host:/livepad.bin flag 1 data 41378
[   56.1201] open fd = 256
[   56.1224] open name host:/livetime.rst flag 1 data 41378
[   56.1231] open fd = -5
[   56.1234] open name host:/livetime.bin flag 602 data 41378
[   56.1258] open fd = 256
[   56.1460] open name host:/livepad.bin flag 1 data 41378
[   56.1476] open fd = 256
[   56.1673] open name host:/livepad.bin flag 1 data 41378
[   56.1688] open fd = 256
[   56.1872] open name host:/livepad.bin flag 1 data 41378
[   56.1888] open fd = 256
[   56.1907] open name host:/livedbg.cmd flag 1 data 41378
[   56.1922] open fd = 256
[   56.1944] open name host:/livedbg.bin flag 602 data 41378
[   56.1967] open fd = 256
[   56.2155] open name host:/livepad.bin flag 1 data 41378
[   56.2167] open fd = 256
[   56.2185] open name host:/livetex.bin flag 1 data 41378
[   56.2190] open fd = -5
[   56.2193] open name host:/livelink.bin flag 1 data 41378
[   56.2198] open fd = -5
[   56.2360] open name host:/livepad.bin flag 1 data 41378
[   56.2374] open fd = 256
[   56.2556] open name host:/livepad.bin flag 1 data 41378
[   56.2569] open fd = 256
[   56.2588] open name host:/livetime.rst flag 1 data 41378
[   56.2593] open fd = -5
[   56.2597] open name host:/livetime.bin flag 602 data 41378
[   56.2619] open fd = 256
[   56.2800] open name host:/livepad.bin flag 1 data 41378
[   56.2816] open fd = 256
[   56.2993] open name host:/livepad.bin flag 1 data 41378
[   56.3011] open fd = 256
[   56.3199] open name host:/livepad.bin flag 1 data 41378
[   56.3213] open fd = 256
[   56.3229] open name host:/livedbg.cmd flag 1 data 41378
[   56.3242] open fd = 256
[   56.3259] open name host:/livedbg.bin flag 602 data 41378
[   56.3277] open fd = 256
[   56.3464] open name host:/livepad.bin flag 1 data 41378
[   56.3479] open fd = 256
[   56.3495] open name host:/livetex.bin flag 1 data 41378
[   56.3500] open fd = -5
[   56.3504] open name host:/livelink.bin flag 1 data 41378
[   56.3511] open fd = -5
[   56.3671] open name host:/livepad.bin flag 1 data 41378
[   56.3685] open fd = 256
[   56.3869] open name host:/livepad.bin flag 1 data 41378
[   56.3882] open fd = 256
[   56.3902] open name host:/livetime.rst flag 1 data 41378
[   56.3908] open fd = -5
[   56.3911] open name host:/livetime.bin flag 602 data 41378
[   56.3930] open fd = 256
[   56.4110] open name host:/livepad.bin flag 1 data 41378
[   56.4127] open fd = 256
[   56.4299] open name host:/livepad.bin flag 1 data 41378
[   56.4316] open fd = 256
[   56.4489] open name host:/livepad.bin flag 1 data 41378
[   56.4503] open fd = 256
[   56.4521] open name host:/livedbg.cmd flag 1 data 41378
[   56.4533] open fd = 256
[   56.4551] open name host:/livedbg.bin flag 602 data 41378
[   56.4569] open fd = 256
[   56.4762] open name host:/livepad.bin flag 1 data 41378
[   56.4779] open fd = 256
[   56.4801] open name host:/livetex.bin flag 1 data 41378
[   56.4809] open fd = -5
[   56.4813] open name host:/livelink.bin flag 1 data 41378
[   56.4820] open fd = -5
[   56.5003] open name host:/livepad.bin flag 1 data 41378
[   56.5024] open fd = 256
[   56.5217] open name host:/livepad.bin flag 1 data 41378
[   56.5234] open fd = 256
[   56.5257] open name host:/livetime.rst flag 1 data 41378
[   56.5265] open fd = -5
[   56.5270] open name host:/livetime.bin flag 602 data 41378
[   56.5296] open fd = 256
[   56.5492] open name host:/livepad.bin flag 1 data 41378
[   56.5510] open fd = 256
[   56.5702] open name host:/livepad.bin flag 1 data 41378
[   56.5718] open fd = 256
[   56.5923] open name host:/livepad.bin flag 1 data 41378
[   56.5939] open fd = 256
[   56.5958] open name host:/livedbg.cmd flag 1 data 41378
[   56.5973] open fd = 256
[   56.5994] open name host:/livedbg.bin flag 602 data 41378
[   56.6019] open fd = 256
[   56.6214] open name host:/livepad.bin flag 1 data 41378
[   56.6230] open fd = 256
[   56.6248] open name host:/livetex.bin flag 1 data 41378
[   56.6254] open fd = -5
[   56.6256] open name host:/livelink.bin flag 1 data 41378
[   56.6262] open fd = -5
[   56.6430] open name host:/livepad.bin flag 1 data 41378
[   56.6444] open fd = 256
[   56.6620] open name host:/livepad.bin flag 1 data 41378
[   56.6638] open fd = 256
[   56.6657] open name host:/livetime.rst flag 1 data 41378
[   56.6661] open fd = -5
[   56.6665] open name host:/livetime.bin flag 602 data 41378
[   56.6685] open fd = 256
[   56.6868] open name host:/livepad.bin flag 1 data 41378
[   56.6882] open fd = 256
[   56.7058] open name host:/livepad.bin flag 1 data 41378
[   56.7071] open fd = 256
[   56.7274] open name host:/livepad.bin flag 1 data 41378
[   56.7292] open fd = 256
[   56.7309] open name host:/livedbg.cmd flag 1 data 41378
[   56.7324] open fd = 256
[   56.7344] open name host:/livedbg.bin flag 602 data 41378
[   56.7363] open fd = 256
[   56.7545] open name host:/livepad.bin flag 1 data 41378
[   56.7559] open fd = 256
[   56.7575] open name host:/livetex.bin flag 1 data 41378
[   56.7581] open fd = -5
[   56.7584] open name host:/livelink.bin flag 1 data 41378
[   56.7590] open fd = -5
[   56.7765] open name host:/livepad.bin flag 1 data 41378
[   56.7782] open fd = 256
[   56.7982] open name host:/livepad.bin flag 1 data 41378
[   56.7996] open fd = 256
[   56.8014] open name host:/livetime.rst flag 1 data 41378
[   56.8018] open fd = -5
[   56.8022] open name host:/livetime.bin flag 602 data 41378
[   56.8041] open fd = 256
[   56.8222] open name host:/livepad.bin flag 1 data 41378
[   56.8234] open fd = 256
[   56.8446] open name host:/livepad.bin flag 1 data 41378
[   56.8462] open fd = 256
[   56.8653] open name host:/livepad.bin flag 1 data 41378
[   56.8669] open fd = 256
[   56.8687] open name host:/livedbg.cmd flag 1 data 41378
[   56.8699] open fd = 256
[   56.8717] open name host:/livedbg.bin flag 602 data 41378
[   56.8738] open fd = 256
[   56.8930] open name host:/livepad.bin flag 1 data 41378
[   56.8945] open fd = 256
[   56.8968] open name host:/livetex.bin flag 1 data 41378
[   56.8975] open fd = -5
[   56.8979] open name host:/livelink.bin flag 1 data 41378
[   56.8985] open fd = -5
[   56.9154] open name host:/livepad.bin flag 1 data 41378
[   56.9169] open fd = 256
[   56.9349] open name host:/livepad.bin flag 1 data 41378
[   56.9364] open fd = 256
[   56.9383] open name host:/livetime.rst flag 1 data 41378
[   56.9389] open fd = -5
[   56.9393] open name host:/livetime.bin flag 602 data 41378
[   56.9417] open fd = 256
[   56.9607] open name host:/livepad.bin flag 1 data 41378
[   56.9626] open fd = 256
[   56.9807] open name host:/livepad.bin flag 1 data 41378
[   56.9823] open fd = 256
[   57.0007] open name host:/livepad.bin flag 1 data 41378
[   57.0024] open fd = 256
[   57.0044] open name host:/livedbg.cmd flag 1 data 41378
[   57.0060] open fd = 256
[   57.0081] open name host:/livedbg.bin flag 602 data 41378
[   57.0108] open fd = 256
[   57.0332] open name host:/livepad.bin flag 1 data 41378
[   57.0349] open fd = 256
[   57.0370] open name host:/livetex.bin flag 1 data 41378
[   57.0376] open fd = -5
[   57.0379] open name host:/livelink.bin flag 1 data 41378
[   57.0384] open fd = -5
[   57.0553] open name host:/livepad.bin flag 1 data 41378
[   57.0566] open fd = 256
[   57.0757] open name host:/livepad.bin flag 1 data 41378
[   57.0770] open fd = 256
[   57.0789] open name host:/livetime.rst flag 1 data 41378
[   57.0795] open fd = -5
[   57.0798] open name host:/livetime.bin flag 602 data 41378
[   57.0821] open fd = 256
[   57.1000] open name host:/livepad.bin flag 1 data 41378
[   57.1019] open fd = 256
[   57.1204] open name host:/livepad.bin flag 1 data 41378
[   57.1220] open fd = 256
[   57.1422] open name host:/livepad.bin flag 1 data 41378
[   57.1437] open fd = 256
[   57.1452] open name host:/livedbg.cmd flag 1 data 41378
[   57.1465] open fd = 256
[   57.1483] open name host:/livedbg.bin flag 602 data 41378
[   57.1503] open fd = 256
[   57.1692] open name host:/livepad.bin flag 1 data 41378
[   57.1707] open fd = 256
[   57.1725] open name host:/livetex.bin flag 1 data 41378
[   57.1731] open fd = -5
[   57.1733] open name host:/livelink.bin flag 1 data 41378
[   57.1739] open fd = -5
[   57.1907] open name host:/livepad.bin flag 1 data 41378
[   57.1923] open fd = 256
[   57.2108] open name host:/livepad.bin flag 1 data 41378
[   57.2124] open fd = 256
[   57.2144] open name host:/livetime.rst flag 1 data 41378
[   57.2149] open fd = -5
[   57.2152] open name host:/livetime.bin flag 602 data 41378
[   57.2171] open fd = 256
[   57.2361] open name host:/livepad.bin flag 1 data 41378
[   57.2376] open fd = 256
[   57.2566] open name host:/livepad.bin flag 1 data 41378
[   57.2581] open fd = 256
[   57.2767] open name host:/livepad.bin flag 1 data 41378
[   57.2781] open fd = 256
[   57.2802] open name host:/livedbg.cmd flag 1 data 41378
[   57.2816] open fd = 256
[   57.2835] open name host:/livedbg.bin flag 602 data 41378
[   57.2855] open fd = 256
[   57.3051] open name host:/livepad.bin flag 1 data 41378
[   57.3065] open fd = 256
[   57.3084] open name host:/livetex.bin flag 1 data 41378
[   57.3090] open fd = -5
[   57.3092] open name host:/livelink.bin flag 1 data 41378
[   57.3098] open fd = -5
[   57.3269] open name host:/livepad.bin flag 1 data 41378
[   57.3283] open fd = 256
[   57.3476] open name host:/livepad.bin flag 1 data 41378
[   57.3493] open fd = 256
[   57.3512] open name host:/livetime.rst flag 1 data 41378
[   57.3518] open fd = -5
[   57.3521] open name host:/livetime.bin flag 602 data 41378
[   57.3542] open fd = 256
[   57.3737] open name host:/livepad.bin flag 1 data 41378
[   57.3752] open fd = 256
[   57.3938] open name host:/livepad.bin flag 1 data 41378
[   57.3957] open fd = 256
[   57.4143] open name host:/livepad.bin flag 1 data 41378
[   57.4158] open fd = 256
[   57.4175] open name host:/livedbg.cmd flag 1 data 41378
[   57.4188] open fd = 256
[   57.4208] open name host:/livedbg.bin flag 602 data 41378
[   57.4231] open fd = 256
[   57.4406] open name host:/livepad.bin flag 1 data 41378
[   57.4421] open fd = 256
[   57.4439] open name host:/livetex.bin flag 1 data 41378
[   57.4444] open fd = -5
[   57.4447] open name host:/livelink.bin flag 1 data 41378
[   57.4453] open fd = -5
[   57.4618] open name host:/livepad.bin flag 1 data 41378
[   57.4634] open fd = 256
[   57.4819] open name host:/livepad.bin flag 1 data 41378
[   57.4835] open fd = 256
[   57.4852] open name host:/livetime.rst flag 1 data 41378
[   57.4859] open fd = -5
[   57.4861] open name host:/livetime.bin flag 602 data 41378
[   57.4881] open fd = 256
[   57.5065] open name host:/livepad.bin flag 1 data 41378
[   57.5079] open fd = 256
[   57.5276] open name host:/livepad.bin flag 1 data 41378
[   57.5292] open fd = 256
[   57.5484] open name host:/livepad.bin flag 1 data 41378
[   57.5499] open fd = 256
[   57.5517] open name host:/livedbg.cmd flag 1 data 41378
[   57.5530] open fd = 256
[   57.5548] open name host:/livedbg.bin flag 602 data 41378
[   57.5568] open fd = 256
[   57.5763] open name host:/livepad.bin flag 1 data 41378
[   57.5777] open fd = 256
[   57.5796] open name host:/livetex.bin flag 1 data 41378
[   57.5801] open fd = -5
[   57.5803] open name host:/livelink.bin flag 1 data 41378
[   57.5808] open fd = -5
[   57.5979] open name host:/livepad.bin flag 1 data 41378
[   57.5994] open fd = 256
[   57.6175] open name host:/livepad.bin flag 1 data 41378
[   57.6192] open fd = 256
[   57.6209] open name host:/livetime.rst flag 1 data 41378
[   57.6214] open fd = -5
[   57.6217] open name host:/livetime.bin flag 602 data 41378
[   57.6238] open fd = 256
[   57.6425] open name host:/livepad.bin flag 1 data 41378
[   57.6440] open fd = 256
[   57.6623] open name host:/livepad.bin flag 1 data 41378
[   57.6640] open fd = 256
[   57.6829] open name host:/livepad.bin flag 1 data 41378
[   57.6842] open fd = 256
[   57.6863] open name host:/livedbg.cmd flag 1 data 41378
[   57.6875] open fd = 256
[   57.6894] open name host:/livedbg.bin flag 602 data 41378
[   57.6913] open fd = 256
[   57.7097] open name host:/livepad.bin flag 1 data 41378
[   57.7113] open fd = 256
[   57.7138] open name host:/livetex.bin flag 1 data 41378
[   57.7144] open fd = -5
[   57.7148] open name host:/livelink.bin flag 1 data 41378
[   57.7153] open fd = -5
[   57.7332] open name host:/livepad.bin flag 1 data 41378
[   57.7350] open fd = 256
[   57.7550] open name host:/livepad.bin flag 1 data 41378
[   57.7567] open fd = 256
[   57.7589] open name host:/livetime.rst flag 1 data 41378
[   57.7597] open fd = -5
[   57.7601] open name host:/livetime.bin flag 602 data 41378
[   57.7626] open fd = 256
[   57.7833] open name host:/livepad.bin flag 1 data 41378
[   57.7850] open fd = 256
[   57.8039] open name host:/livepad.bin flag 1 data 41378
[   57.8052] open fd = 256
[   57.8234] open name host:/livepad.bin flag 1 data 41378
[   57.8249] open fd = 256
[   57.8265] open name host:/livedbg.cmd flag 1 data 41378
[   57.8279] open fd = 256
[   57.8300] open name host:/livedbg.bin flag 602 data 41378
[   57.8321] open fd = 256
[   57.8512] open name host:/livepad.bin flag 1 data 41378
[   57.8529] open fd = 256
[   57.8547] open name host:/livetex.bin flag 1 data 41378
[   57.8552] open fd = -5
[   57.8555] open name host:/livelink.bin flag 1 data 41378
[   57.8562] open fd = -5
[   57.8730] open name host:/livepad.bin flag 1 data 41378
[   57.8745] open fd = 256
[   57.8935] open name host:/livepad.bin flag 1 data 41378
[   57.8950] open fd = 256
[   57.8966] open name host:/livetime.rst flag 1 data 41378
[   57.8971] open fd = -5
[   57.8974] open name host:/livetime.bin flag 602 data 41378
[   57.8994] open fd = 256
[   57.9179] open name host:/livepad.bin flag 1 data 41378
[   57.9194] open fd = 256
[   57.9378] open name host:/livepad.bin flag 1 data 41378
[   57.9393] open fd = 256
[   57.9574] open name host:/livepad.bin flag 1 data 41378
[   57.9588] open fd = 256
[   57.9604] open name host:/livedbg.cmd flag 1 data 41378
[   57.9617] open fd = 256
[   57.9639] open name host:/livedbg.bin flag 602 data 41378
[   57.9659] open fd = 256
[   57.9844] open name host:/livepad.bin flag 1 data 41378
[   57.9859] open fd = 256
[   57.9876] open name host:/livetex.bin flag 1 data 41378
[   57.9883] open fd = -5
[   57.9886] open name host:/livelink.bin flag 1 data 41378
[   57.9891] open fd = -5
[   58.0072] open name host:/livepad.bin flag 1 data 41378
[   58.0087] open fd = 256
[   58.0280] open name host:/livepad.bin flag 1 data 41378
[   58.0294] open fd = 256
[   58.0316] open name host:/livetime.rst flag 1 data 41378
[   58.0321] open fd = -5
[   58.0325] open name host:/livetime.bin flag 602 data 41378
[   58.0348] open fd = 256
[   58.0533] open name host:/livepad.bin flag 1 data 41378
[   58.0549] open fd = 256
[   58.0732] open name host:/livepad.bin flag 1 data 41378
[   58.0747] open fd = 256
[   58.0933] open name host:/livepad.bin flag 1 data 41378
[   58.0948] open fd = 256
[   58.0967] open name host:/livedbg.cmd flag 1 data 41378
[   58.0980] open fd = 256
[   58.0999] open name host:/livedbg.bin flag 602 data 41378
[   58.1021] open fd = 256
[   58.1207] open name host:/livepad.bin flag 1 data 41378
[   58.1220] open fd = 256
[   58.1239] open name host:/livetex.bin flag 1 data 41378
[   58.1245] open fd = -5
[   58.1247] open name host:/livelink.bin flag 1 data 41378
[   58.1252] open fd = -5
[   58.1416] open name host:/livepad.bin flag 1 data 41378
[   58.1433] open fd = 256
[   58.1617] open name host:/livepad.bin flag 1 data 41378
[   58.1637] open fd = 256
[   58.1655] open name host:/livetime.rst flag 1 data 41378
[   58.1660] open fd = -5
[   58.1663] open name host:/livetime.bin flag 602 data 41378
[   58.1682] open fd = 256
[   58.1870] open name host:/livepad.bin flag 1 data 41378
[   58.1883] open fd = 256
[   58.2080] open name host:/livepad.bin flag 1 data 41378
[   58.2096] open fd = 256
[   58.2286] open name host:/livepad.bin flag 1 data 41378
[   58.2301] open fd = 256
[   58.2322] open name host:/livedbg.cmd flag 1 data 41378
[   58.2337] open fd = 256
[   58.2356] open name host:/livedbg.bin flag 602 data 41378
[   58.2378] open fd = 256
[   58.2562] open name host:/livepad.bin flag 1 data 41378
[   58.2576] open fd = 256
[   58.2593] open name host:/livetex.bin flag 1 data 41378
[   58.2600] open fd = -5
[   58.2603] open name host:/livelink.bin flag 1 data 41378
[   58.2609] open fd = -5
[   58.2786] open name host:/livepad.bin flag 1 data 41378
[   58.2803] open fd = 256
[   58.2988] open name host:/livepad.bin flag 1 data 41378
[   58.3002] open fd = 256
[   58.3019] open name host:/livetime.rst flag 1 data 41378
[   58.3025] open fd = -5
[   58.3029] open name host:/livetime.bin flag 602 data 41378
[   58.3052] open fd = 256
[   58.3234] open name host:/livepad.bin flag 1 data 41378
[   58.3248] open fd = 256
[   58.3433] open name host:/livepad.bin flag 1 data 41378
[   58.3446] open fd = 256
[   58.3629] open name host:/livepad.bin flag 1 data 41378
[   58.3643] open fd = 256
[   58.3663] open name host:/livedbg.cmd flag 1 data 41378
[   58.3677] open fd = 256
[   58.3702] open name host:/livedbg.bin flag 602 data 41378
[   58.3726] open fd = 256
[   58.3904] open name host:/livepad.bin flag 1 data 41378
[   58.3919] open fd = 256
[   58.3938] open name host:/livetex.bin flag 1 data 41378
[   58.3943] open fd = -5
[   58.3947] open name host:/livelink.bin flag 1 data 41378
[   58.3952] open fd = -5
[   58.4124] FRAMEARENA frames=2040 peak=1033488 resets=1318 fallbacks=0 maxFrameBytes=2773552 maxBorrowed=2184480 freeKiB=16901
[   58.4129] NATIVEVIF frames=2040 batches=4798
[   58.4132] ORDEREDFRAME frames=2040 splitFrames=721
[   58.4136] FRAMEPIPELINE starts=2040 dmaBusyStarts=1030
[   58.4141] open name host:/livepad.bin flag 1 data 41378
[   58.4154] open fd = 256
[   58.4323] open name host:/livepad.bin flag 1 data 41378
[   58.4339] open fd = 256
[   58.4356] open name host:/livetime.rst flag 1 data 41378
[   58.4361] open fd = -5
[   58.4364] open name host:/livetime.bin flag 602 data 41378
[   58.4386] open fd = 256
[   58.4567] open name host:/livepad.bin flag 1 data 41378
[   58.4584] open fd = 256
[   58.4768] open name host:/livepad.bin flag 1 data 41378
[   58.4783] open fd = 256
[   58.4968] open name host:/livepad.bin flag 1 data 41378
[   58.4983] open fd = 256
[   58.5000] open name host:/livedbg.cmd flag 1 data 41378
[   58.5016] open fd = 256
[   58.5036] open name host:/livedbg.bin flag 602 data 41378
[   58.5057] open fd = 256
[   58.5236] open name host:/livepad.bin flag 1 data 41378
[   58.5251] open fd = 256
[   58.5270] open name host:/livetex.bin flag 1 data 41378
[   58.5277] open fd = -5
[   58.5280] open name host:/livelink.bin flag 1 data 41378
[   58.5286] open fd = -5
[   58.5449] open name host:/livepad.bin flag 1 data 41378
[   58.5465] open fd = 256
[   58.5643] open name host:/livepad.bin flag 1 data 41378
[   58.5659] open fd = 256
[   58.5678] open name host:/livetime.rst flag 1 data 41378
[   58.5684] open fd = -5
[   58.5686] open name host:/livetime.bin flag 602 data 41378
[   58.5708] open fd = 256
[   58.5887] open name host:/livepad.bin flag 1 data 41378
[   58.5902] open fd = 256
[   58.6080] open name host:/livepad.bin flag 1 data 41378
[   58.6095] open fd = 256
[   58.6281] open name host:/livepad.bin flag 1 data 41378
[   58.6296] open fd = 256
[   58.6315] open name host:/livedbg.cmd flag 1 data 41378
[   58.6329] open fd = 256
[   58.6349] open name host:/livedbg.bin flag 602 data 41378
[   58.6367] open fd = 256
[   58.6544] open name host:/livepad.bin flag 1 data 41378
[   58.6558] open fd = 256
[   58.6573] open name host:/livetex.bin flag 1 data 41378
[   58.6578] open fd = -5
[   58.6582] open name host:/livelink.bin flag 1 data 41378
[   58.6587] open fd = -5
[   58.6754] open name host:/livepad.bin flag 1 data 41378
[   58.6768] open fd = 256
[   58.6948] open name host:/livepad.bin flag 1 data 41378
[   58.6964] open fd = 256
[   58.6982] open name host:/livetime.rst flag 1 data 41378
[   58.6988] open fd = -5
[   58.6992] open name host:/livetime.bin flag 602 data 41378
[   58.7012] open fd = 256
[   58.7187] open name host:/livepad.bin flag 1 data 41378
[   58.7200] open fd = 256
[   58.7398] open name host:/livepad.bin flag 1 data 41378
[   58.7415] open fd = 256
[   58.7590] open name host:/livepad.bin flag 1 data 41378
[   58.7605] open fd = 256
[   58.7621] open name host:/livedbg.cmd flag 1 data 41378
[   58.7637] open fd = 256
[   58.7655] open name host:/livedbg.bin flag 602 data 41378
[   58.7675] open fd = 256
[   58.7850] open name host:/livepad.bin flag 1 data 41378
[   58.7864] open fd = 256
[   58.7883] open name host:/livetex.bin flag 1 data 41378
[   58.7888] open fd = -5
[   58.7891] open name host:/livelink.bin flag 1 data 41378
[   58.7896] open fd = -5
[   58.8057] open name host:/livepad.bin flag 1 data 41378
[   58.8072] open fd = 256
[   58.8250] open name host:/livepad.bin flag 1 data 41378
[   58.8263] open fd = 256
[   58.8282] open name host:/livetime.rst flag 1 data 41378
[   58.8288] open fd = -5
[   58.8291] open name host:/livetime.bin flag 602 data 41378
[   58.8313] open fd = 256
[   58.8497] open name host:/livepad.bin flag 1 data 41378
[   58.8517] open fd = 256
[   58.8704] open name host:/livepad.bin flag 1 data 41378
[   58.8718] open fd = 256
[   58.8900] open name host:/livepad.bin flag 1 data 41378
[   58.8913] open fd = 256
[   58.8932] open name host:/livedbg.cmd flag 1 data 41378
[   58.8945] open fd = 256
[   58.8967] open name host:/livedbg.bin flag 602 data 41378
[   58.8988] open fd = 256
[   58.9175] open name host:/livepad.bin flag 1 data 41378
[   58.9190] open fd = 256
[   58.9208] open name host:/livetex.bin flag 1 data 41378
[   58.9214] open fd = -5
[   58.9218] open name host:/livelink.bin flag 1 data 41378
[   58.9224] open fd = -5
[   58.9391] open name host:/livepad.bin flag 1 data 41378
[   58.9406] open fd = 256
[   58.9597] open name host:/livepad.bin flag 1 data 41378
[   58.9614] open fd = 256
[   58.9633] open name host:/livetime.rst flag 1 data 41378
[   58.9639] open fd = -5
[   58.9642] open name host:/livetime.bin flag 602 data 41378
[   58.9665] open fd = 256
[   58.9852] open name host:/livepad.bin flag 1 data 41378
[   58.9866] open fd = 256
[   59.0061] open name host:/livepad.bin flag 1 data 41378
[   59.0075] open fd = 256
[   59.0258] open name host:/livepad.bin flag 1 data 41378
[   59.0272] open fd = 256
[   59.0291] open name host:/livedbg.cmd flag 1 data 41378
[   59.0306] open fd = 256
[   59.0327] open name host:/livedbg.bin flag 602 data 41378
[   59.0349] open fd = 256
[   59.0530] open name host:/livepad.bin flag 1 data 41378
[   59.0544] open fd = 256
[   59.0563] open name host:/livetex.bin flag 1 data 41378
[   59.0568] open fd = -5
[   59.0571] open name host:/livelink.bin flag 1 data 41378
[   59.0576] open fd = -5
[   59.0746] open name host:/livepad.bin flag 1 data 41378
[   59.0761] open fd = 256
[   59.0941] open name host:/livepad.bin flag 1 data 41378
[   59.0954] open fd = 256
[   59.0975] open name host:/livetime.rst flag 1 data 41378
[   59.0980] open fd = -5
[   59.0983] open name host:/livetime.bin flag 602 data 41378
[   59.1003] open fd = 256
[   59.1181] open name host:/livepad.bin flag 1 data 41378
[   59.1197] open fd = 256
[   59.1375] open name host:/livepad.bin flag 1 data 41378
[   59.1388] open fd = 256
[   59.1579] open name host:/livepad.bin flag 1 data 41378
[   59.1594] open fd = 256
[   59.1611] open name host:/livedbg.cmd flag 1 data 41378
[   59.1625] open fd = 256
[   59.1644] open name host:/livedbg.bin flag 602 data 41378
[   59.1663] open fd = 256
[   59.1850] open name host:/livepad.bin flag 1 data 41378
[   59.1863] open fd = 256
[   59.1879] open name host:/livetex.bin flag 1 data 41378
[   59.1884] open fd = -5
[   59.1886] open name host:/livelink.bin flag 1 data 41378
[   59.1891] open fd = -5
[   59.2055] open name host:/livepad.bin flag 1 data 41378
[   59.2069] open fd = 256
[   59.2241] open name host:/livepad.bin flag 1 data 41378
[   59.2255] open fd = 256
[   59.2273] open name host:/livetime.rst flag 1 data 41378
[   59.2279] open fd = -5
[   59.2284] open name host:/livetime.bin flag 602 data 41378
[   59.2308] open fd = 256
[   59.2502] open name host:/livepad.bin flag 1 data 41378
[   59.2519] open fd = 256
[   59.2697] open name host:/livepad.bin flag 1 data 41378
[   59.2714] open fd = 256
[   59.2897] open name host:/livepad.bin flag 1 data 41378
[   59.2911] open fd = 256
[   59.2926] open name host:/livedbg.cmd flag 1 data 41378
[   59.2939] open fd = 256
[   59.2959] open name host:/livedbg.bin flag 602 data 41378
[   59.2979] open fd = 256
[   59.3161] open name host:/livepad.bin flag 1 data 41378
[   59.3176] open fd = 256
[   59.3193] open name host:/livetex.bin flag 1 data 41378
[   59.3198] open fd = -5
[   59.3201] open name host:/livelink.bin flag 1 data 41378
[   59.3206] open fd = -5
[   59.3375] open name host:/livepad.bin flag 1 data 41378
[   59.3390] open fd = 256
[   59.3579] open name host:/livepad.bin flag 1 data 41378
[   59.3596] open fd = 256
[   59.3618] open name host:/livetime.rst flag 1 data 41378
[   59.3623] open fd = -5
[   59.3626] open name host:/livetime.bin flag 602 data 41378
[   59.3648] open fd = 256
[   59.3821] open name host:/livepad.bin flag 1 data 41378
[   59.3839] open fd = 256
[   59.4018] open name host:/livepad.bin flag 1 data 41378
[   59.4035] open fd = 256
[   59.4216] open name host:/livepad.bin flag 1 data 41378
[   59.4231] open fd = 256
[   59.4247] open name host:/livedbg.cmd flag 1 data 41378
[   59.4263] open fd = 256
[   59.4286] open name host:/livedbg.bin flag 602 data 41378
[   59.4309] open fd = 256
[   59.4484] open name host:/livepad.bin flag 1 data 41378
[   59.4502] open fd = 256
[   59.4520] open name host:/livetex.bin flag 1 data 41378
[   59.4526] open fd = -5
[   59.4530] open name host:/livelink.bin flag 1 data 41378
[   59.4534] open fd = -5
[   59.4692] open name host:/livepad.bin flag 1 data 41378
[   59.4707] open fd = 256
[   59.4887] open name host:/livepad.bin flag 1 data 41378
[   59.4902] open fd = 256
[   59.4923] open name host:/livetime.rst flag 1 data 41378
[   59.4928] open fd = -5
[   59.4931] open name host:/livetime.bin flag 602 data 41378
[   59.4952] open fd = 256
[   59.5140] open name host:/livepad.bin flag 1 data 41378
[   59.5156] open fd = 256
[   59.5343] open name host:/livepad.bin flag 1 data 41378
[   59.5357] open fd = 256
[   59.5533] open name host:/livepad.bin flag 1 data 41378
[   59.5546] open fd = 256
[   59.5564] open name host:/livedbg.cmd flag 1 data 41378
[   59.5577] open fd = 256
[   59.5596] open name host:/livedbg.bin flag 602 data 41378
[   59.5618] open fd = 256
[   59.5790] open name host:/livepad.bin flag 1 data 41378
[   59.5806] open fd = 256
[   59.5824] open name host:/livetex.bin flag 1 data 41378
[   59.5829] open fd = -5
[   59.5832] open name host:/livelink.bin flag 1 data 41378
[   59.5837] open fd = -5
[   59.6009] open name host:/livepad.bin flag 1 data 41378
[   59.6025] open fd = 256
[   59.6211] open name host:/livepad.bin flag 1 data 41378
[   59.6225] open fd = 256
[   59.6245] open name host:/livetime.rst flag 1 data 41378
[   59.6252] open fd = -5
[   59.6254] open name host:/livetime.bin flag 602 data 41378
[   59.6277] open fd = 256
[   59.6456] open name host:/livepad.bin flag 1 data 41378
[   59.6473] open fd = 256
[   59.6656] open name host:/livepad.bin flag 1 data 41378
[   59.6669] open fd = 256
[   59.6844] open name host:/livepad.bin flag 1 data 41378
[   59.6858] open fd = 256
[   59.6874] open name host:/livedbg.cmd flag 1 data 41378
[   59.6887] open fd = 256
[   59.6905] open name host:/livedbg.bin flag 602 data 41378
[   59.6925] open fd = 256
[   59.7107] open name host:/livepad.bin flag 1 data 41378
[   59.7120] open fd = 256
[   59.7137] open name host:/livetex.bin flag 1 data 41378
[   59.7142] open fd = -5
[   59.7144] open name host:/livelink.bin flag 1 data 41378
[   59.7149] open fd = -5
[   59.7311] open name host:/livepad.bin flag 1 data 41378
[   59.7329] open fd = 256
[   59.7513] open name host:/livepad.bin flag 1 data 41378
[   59.7525] open fd = 256
[   59.7543] open name host:/livetime.rst flag 1 data 41378
[   59.7548] open fd = -5
[   59.7550] open name host:/livetime.bin flag 602 data 41378
[   59.7569] open fd = 256
[   59.7747] open name host:/livepad.bin flag 1 data 41378
[   59.7760] open fd = 256
[   59.7941] open name host:/livepad.bin flag 1 data 41378
[   59.7957] open fd = 256
[   59.8148] open name host:/livepad.bin flag 1 data 41378
[   59.8164] open fd = 256
[   59.8179] open name host:/livedbg.cmd flag 1 data 41378
[   59.8193] open fd = 256
[   59.8213] open name host:/livedbg.bin flag 602 data 41378
[   59.8231] open fd = 256
[   59.8401] open name host:/livepad.bin flag 1 data 41378
[   59.8415] open fd = 256
[   59.8431] open name host:/livetex.bin flag 1 data 41378
[   59.8435] open fd = -5
[   59.8438] open name host:/livelink.bin flag 1 data 41378
[   59.8442] open fd = -5
[   59.8612] open name host:/livepad.bin flag 1 data 41378
[   59.8628] open fd = 256
[   59.8819] open name host:/livepad.bin flag 1 data 41378
[   59.8832] open fd = 256
[   59.8847] open name host:/livetime.rst flag 1 data 41378
[   59.8852] open fd = -5
[   59.8854] open name host:/livetime.bin flag 602 data 41378
[   59.8872] open fd = 256
[   59.9052] open name host:/livepad.bin flag 1 data 41378
[   59.9064] open fd = 256
[   59.9242] open name host:/livepad.bin flag 1 data 41378
[   59.9256] open fd = 256
[   59.9447] open name host:/livepad.bin flag 1 data 41378
[   59.9463] open fd = 256
[   59.9480] open name host:/livedbg.cmd flag 1 data 41378
[   59.9492] open fd = 256
[   59.9510] open name host:/livedbg.bin flag 602 data 41378
[   59.9531] open fd = 256
[   59.9715] open name host:/livepad.bin flag 1 data 41378
[   59.9729] open fd = 256
[   59.9748] open name host:/livetex.bin flag 1 data 41378
[   59.9753] open fd = -5
[   59.9756] open name host:/livelink.bin flag 1 data 41378
[   59.9761] open fd = -5
[   59.9930] open name host:/livepad.bin flag 1 data 41378
[   59.9942] open fd = 256
[   60.0127] open name host:/livepad.bin flag 1 data 41378
[   60.0140] open fd = 256
[   60.0157] open name host:/livetime.rst flag 1 data 41378
[   60.0162] open fd = -5
[   60.0165] open name host:/livetime.bin flag 602 data 41378
[   60.0183] open fd = 256
[   60.0355] open name host:/livepad.bin flag 1 data 41378
[   60.0369] open fd = 256
[   60.0544] open name host:/livepad.bin flag 1 data 41378
[   60.0558] open fd = 256
[   60.0739] open name host:/livepad.bin flag 1 data 41378
[   60.0750] open fd = 256
[   60.0766] open name host:/livedbg.cmd flag 1 data 41378
[   60.0779] open fd = 256
[   60.0797] open name host:/livedbg.bin flag 602 data 41378
[   60.0817] open fd = 256
[   60.0992] open name host:/livepad.bin flag 1 data 41378
[   60.1005] open fd = 256
[   60.1023] open name host:/livetex.bin flag 1 data 41378
[   60.1029] open fd = -5
[   60.1032] open name host:/livelink.bin flag 1 data 41378
[   60.1037] open fd = -5
[   60.1208] open name host:/livepad.bin flag 1 data 41378
[   60.1224] open fd = 256
[   60.1405] open name host:/livepad.bin flag 1 data 41378
[   60.1420] open fd = 256
[   60.1439] open name host:/livetime.rst flag 1 data 41378
[   60.1445] open fd = -5
[   60.1449] open name host:/livetime.bin flag 602 data 41378
[   60.1469] open fd = 256
[   60.1650] open name host:/livepad.bin flag 1 data 41378
[   60.1664] open fd = 256
[   60.1846] open name host:/livepad.bin flag 1 data 41378
[   60.1863] open fd = 256
[   60.2045] open name host:/livepad.bin flag 1 data 41378
[   60.2061] open fd = 256
[   60.2079] open name host:/livedbg.cmd flag 1 data 41378
[   60.2092] open fd = 256
[   60.2111] open name host:/livedbg.bin flag 602 data 41378
[   60.2130] open fd = 256
[   60.2305] open name host:/livepad.bin flag 1 data 41378
[   60.2321] open fd = 256
[   60.2339] open name host:/livetex.bin flag 1 data 41378
[   60.2345] open fd = -5
[   60.2347] open name host:/livelink.bin flag 1 data 41378
[   60.2352] open fd = -5
[   60.2525] open name host:/livepad.bin flag 1 data 41378
[   60.2541] open fd = 256
[   60.2716] open name host:/livepad.bin flag 1 data 41378
[   60.2734] open fd = 256
[   60.2750] open name host:/livetime.rst flag 1 data 41378
[   60.2756] open fd = -5
[   60.2759] open name host:/livetime.bin flag 602 data 41378
[   60.2779] open fd = 256
[   60.2958] open name host:/livepad.bin flag 1 data 41378
[   60.2975] open fd = 256
[   60.3160] open name host:/livepad.bin flag 1 data 41378
[   60.3174] open fd = 256
[   60.3363] open name host:/livepad.bin flag 1 data 41378
[   60.3379] open fd = 256
[   60.3398] open name host:/livedbg.cmd flag 1 data 41378
[   60.3412] open fd = 256
[   60.3432] open name host:/livedbg.bin flag 602 data 41378
[   60.3450] open fd = 256
[   60.3630] open name host:/livepad.bin flag 1 data 41378
[   60.3646] open fd = 256
[   60.3663] open name host:/livetex.bin flag 1 data 41378
[   60.3668] open fd = -5
[   60.3671] open name host:/livelink.bin flag 1 data 41378
[   60.3676] open fd = -5
[   60.3839] open name host:/livepad.bin flag 1 data 41378
[   60.3855] open fd = 256
[   60.4042] open name host:/livepad.bin flag 1 data 41378
[   60.4056] open fd = 256
[   60.4072] open name host:/livetime.rst flag 1 data 41378
[   60.4077] open fd = -5
[   60.4080] open name host:/livetime.bin flag 602 data 41378
[   60.4100] open fd = 256
[   60.4277] open name host:/livepad.bin flag 1 data 41378
[   60.4296] open fd = 256
[   60.4475] open name host:/livepad.bin flag 1 data 41378
[   60.4492] open fd = 256
[   60.4671] open name host:/livepad.bin flag 1 data 41378
[   60.4687] open fd = 256
[   60.4705] open name host:/livedbg.cmd flag 1 data 41378
[   60.4718] open fd = 256
[   60.4739] open name host:/livedbg.bin flag 602 data 41378
[   60.4759] open fd = 256
[   60.4954] open name host:/livepad.bin flag 1 data 41378
[   60.4967] open fd = 256
[   60.4985] open name host:/livetex.bin flag 1 data 41378
[   60.4990] open fd = -5
[   60.4993] open name host:/livelink.bin flag 1 data 41378
[   60.4997] open fd = -5
[   60.5181] open name host:/livepad.bin flag 1 data 41378
[   60.5197] open fd = 256
[   60.5391] open name host:/livepad.bin flag 1 data 41378
[   60.5405] open fd = 256
[   60.5423] open name host:/livetime.rst flag 1 data 41378
[   60.5429] open fd = -5
[   60.5431] open name host:/livetime.bin flag 602 data 41378
[   60.5452] open fd = 256
[   60.5650] open name host:/livepad.bin flag 1 data 41378
[   60.5665] open fd = 256
[   60.5855] open name host:/livepad.bin flag 1 data 41378
[   60.5872] open fd = 256
[   60.6059] open name host:/livepad.bin flag 1 data 41378
[   60.6073] open fd = 256
[   60.6090] open name host:/livedbg.cmd flag 1 data 41378
[   60.6104] open fd = 256
[   60.6123] open name host:/livedbg.bin flag 602 data 41378
[   60.6143] open fd = 256
[   60.6318] open name host:/livepad.bin flag 1 data 41378
[   60.6332] open fd = 256
[   60.6350] open name host:/livetex.bin flag 1 data 41378
[   60.6356] open fd = -5
[   60.6359] open name host:/livelink.bin flag 1 data 41378
[   60.6364] open fd = -5
[   60.6537] open name host:/livepad.bin flag 1 data 41378
[   60.6553] open fd = 256
[   60.6735] open name host:/livepad.bin flag 1 data 41378
[   60.6748] open fd = 256
[   60.6766] open name host:/livetime.rst flag 1 data 41378
[   60.6771] open fd = -5
[   60.6774] open name host:/livetime.bin flag 602 data 41378
[   60.6797] open fd = 256
[   60.6980] open name host:/livepad.bin flag 1 data 41378
[   60.6994] open fd = 256
[   60.7191] open name host:/livepad.bin flag 1 data 41378
[   60.7204] open fd = 256
[   60.7385] open name host:/livepad.bin flag 1 data 41378
[   60.7399] open fd = 256
[   60.7416] open name host:/livedbg.cmd flag 1 data 41378
[   60.7429] open fd = 256
[   60.7447] open name host:/livedbg.bin flag 602 data 41378
[   60.7467] open fd = 256
[   60.7651] open name host:/livepad.bin flag 1 data 41378
[   60.7668] open fd = 256
[   60.7684] open name host:/livetex.bin flag 1 data 41378
[   60.7690] open fd = -5
[   60.7692] open name host:/livelink.bin flag 1 data 41378
[   60.7697] open fd = -5
[   60.7869] open name host:/livepad.bin flag 1 data 41378
[   60.7886] open fd = 256
[   60.8067] open name host:/livepad.bin flag 1 data 41378
[   60.8082] open fd = 256
[   60.8101] open name host:/livetime.rst flag 1 data 41378
[   60.8107] open fd = -5
[   60.8109] open name host:/livetime.bin flag 602 data 41378
[   60.8133] open fd = 256
[   60.8312] open name host:/livepad.bin flag 1 data 41378
[   60.8329] open fd = 256
[   60.8503] open name host:/livepad.bin flag 1 data 41378
[   60.8519] open fd = 256
[   60.8699] open name host:/livepad.bin flag 1 data 41378
[   60.8714] open fd = 256
[   60.8732] open name host:/livedbg.cmd flag 1 data 41378
[   60.8746] open fd = 256
[   60.8767] open name host:/livedbg.bin flag 602 data 41378
[   60.8788] open fd = 256
[   60.8968] open name host:/livepad.bin flag 1 data 41378
[   60.8982] open fd = 256
[   60.9002] open name host:/livetex.bin flag 1 data 41378
[   60.9009] open fd = -5
[   60.9012] open name host:/livelink.bin flag 1 data 41378
[   60.9017] open fd = -5
[   60.9181] open name host:/livepad.bin flag 1 data 41378
[   60.9197] open fd = 256
[   60.9383] open name host:/livepad.bin flag 1 data 41378
[   60.9401] open fd = 256
[   60.9420] open name host:/livetime.rst flag 1 data 41378
[   60.9425] open fd = -5
[   60.9429] open name host:/livetime.bin flag 602 data 41378
[   60.9451] open fd = 256
[   60.9631] open name host:/livepad.bin flag 1 data 41378
[   60.9646] open fd = 256
[   60.9843] open name host:/livepad.bin flag 1 data 41378
[   60.9860] open fd = 256
[   61.0042] open name host:/livepad.bin flag 1 data 41378
[   61.0056] open fd = 256
[   61.0073] open name host:/livedbg.cmd flag 1 data 41378
[   61.0086] open fd = 256
[   61.0105] open name host:/livedbg.bin flag 602 data 41378
[   61.0127] open fd = 256
[   61.0316] open name host:/livepad.bin flag 1 data 41378
[   61.0332] open fd = 256
[   61.0349] open name host:/livetex.bin flag 1 data 41378
[   61.0353] open fd = -5
[   61.0356] open name host:/livelink.bin flag 1 data 41378
[   61.0361] open fd = -5
[   61.0530] FRAMEARENA frames=2160 peak=1033488 resets=1558 fallbacks=0 maxFrameBytes=2773552 maxBorrowed=2184480 freeKiB=16901
[   61.0534] NATIVEVIF frames=2160 batches=5398
[   61.0537] ORDEREDFRAME frames=2160 splitFrames=841
[   61.0540] FRAMEPIPELINE starts=2160 dmaBusyStarts=1030
[   61.0544] open name host:/livepad.bin flag 1 data 41378
[   61.0558] open fd = 256
[   61.0739] open name host:/livepad.bin flag 1 data 41378
[   61.0755] open fd = 256
[   61.0773] open name host:/livetime.rst flag 1 data 41378
[   61.0778] open fd = -5
[   61.0782] open name host:/livetime.bin flag 602 data 41378
[   61.0804] open fd = 256
[   61.0986] open name host:/livepad.bin flag 1 data 41378
[   61.1000] open fd = 256
[   61.1183] open name host:/livepad.bin flag 1 data 41378
[   61.1197] open fd = 256
[   61.1382] open name host:/livepad.bin flag 1 data 41378
[   61.1397] open fd = 256
[   61.1412] open name host:/livedbg.cmd flag 1 data 41378
[   61.1426] open fd = 256
[   61.1448] open name host:/livedbg.bin flag 602 data 41378
[   61.1468] open fd = 256
[   61.1651] open name host:/livepad.bin flag 1 data 41378
[   61.1664] open fd = 256
[   61.1683] open name host:/livetex.bin flag 1 data 41378
[   61.1688] open fd = -5
[   61.1691] open name host:/livelink.bin flag 1 data 41378
[   61.1696] open fd = -5
[   61.1857] open name host:/livepad.bin flag 1 data 41378
[   61.1873] open fd = 256
[   61.2065] open name host:/livepad.bin flag 1 data 41378
[   61.2080] open fd = 256
[   61.2100] open name host:/livetime.rst flag 1 data 41378
[   61.2106] open fd = -5
[   61.2109] open name host:/livetime.bin flag 602 data 41378
[   61.2129] open fd = 256
[   61.2306] open name host:/livepad.bin flag 1 data 41378
[   61.2324] open fd = 256
[   61.2523] open name host:/livepad.bin flag 1 data 41378
[   61.2541] open fd = 256
[   61.2728] open name host:/livepad.bin flag 1 data 41378
[   61.2743] open fd = 256
[   61.2761] open name host:/livedbg.cmd flag 1 data 41378
[   61.2775] open fd = 256
[   61.2797] open name host:/livedbg.bin flag 602 data 41378
[   61.2826] open fd = 256
[   61.3024] open name host:/livepad.bin flag 1 data 41378
[   61.3038] open fd = 256
[   61.3054] open name host:/livetex.bin flag 1 data 41378
[   61.3060] open fd = -5
[   61.3063] open name host:/livelink.bin flag 1 data 41378
[   61.3069] open fd = -5
[   61.3236] open name host:/livepad.bin flag 1 data 41378
[   61.3252] open fd = 256
[   61.3433] open name host:/livepad.bin flag 1 data 41378
[   61.3454] open fd = 256
[   61.3473] open name host:/livetime.rst flag 1 data 41378
[   61.3479] open fd = -5
[   61.3483] open name host:/livetime.bin flag 602 data 41378
[   61.3508] open fd = 256
[   61.3689] open name host:/livepad.bin flag 1 data 41378
[   61.3703] open fd = 256
[   61.3887] open name host:/livepad.bin flag 1 data 41378
[   61.3901] open fd = 256
[   61.4086] open name host:/livepad.bin flag 1 data 41378
[   61.4101] open fd = 256
[   61.4119] open name host:/livedbg.cmd flag 1 data 41378
[   61.4133] open fd = 256
[   61.4150] open name host:/livedbg.bin flag 602 data 41378
[   61.4172] open fd = 256
[   61.4366] open name host:/livepad.bin flag 1 data 41378
[   61.4380] open fd = 256
[   61.4397] open name host:/livetex.bin flag 1 data 41378
[   61.4402] open fd = -5
[   61.4405] open name host:/livelink.bin flag 1 data 41378
[   61.4411] open fd = -5
[   61.4570] open name host:/livepad.bin flag 1 data 41378
[   61.4583] open fd = 256
[   61.4765] open name host:/livepad.bin flag 1 data 41378
[   61.4778] open fd = 256
[   61.4795] open name host:/livetime.rst flag 1 data 41378
[   61.4802] open fd = -5
[   61.4805] open name host:/livetime.bin flag 602 data 41378
[   61.4828] open fd = 256
[   61.5002] open name host:/livepad.bin flag 1 data 41378
[   61.5020] open fd = 256
[   61.5213] open name host:/livepad.bin flag 1 data 41378
[   61.5232] open fd = 256
[   61.5431] open name host:/livepad.bin flag 1 data 41378
[   61.5444] open fd = 256
[   61.5461] open name host:/livedbg.cmd flag 1 data 41378
[   61.5475] open fd = 256
[   61.5493] open name host:/livedbg.bin flag 602 data 41378
[   61.5513] open fd = 256
[   61.5697] open name host:/livepad.bin flag 1 data 41378
[   61.5710] open fd = 256
[   61.5733] open name host:/livetex.bin flag 1 data 41378
[   61.5738] open fd = -5
[   61.5741] open name host:/livelink.bin flag 1 data 41378
[   61.5747] open fd = -5
[   61.5908] open name host:/livepad.bin flag 1 data 41378
[   61.5920] open fd = 256
[   61.6098] open name host:/livepad.bin flag 1 data 41378
[   61.6111] open fd = 256
[   61.6132] open name host:/livetime.rst flag 1 data 41378
[   61.6137] open fd = -5
[   61.6140] open name host:/livetime.bin flag 602 data 41378
[   61.6159] open fd = 256
[   61.6351] open name host:/livepad.bin flag 1 data 41378
[   61.6366] open fd = 256
[   61.6552] open name host:/livepad.bin flag 1 data 41378
[   61.6567] open fd = 256
[   61.6748] open name host:/livepad.bin flag 1 data 41378
[   61.6763] open fd = 256
[   61.6779] open name host:/livedbg.cmd flag 1 data 41378
[   61.6795] open fd = 256
[   61.6818] open name host:/livedbg.bin flag 602 data 41378
[   61.6839] open fd = 256
[   61.7015] open name host:/livepad.bin flag 1 data 41378
[   61.7029] open fd = 256
[   61.7046] open name host:/livetex.bin flag 1 data 41378
[   61.7051] open fd = -5
[   61.7054] open name host:/livelink.bin flag 1 data 41378
[   61.7059] open fd = -5
[   61.7222] open name host:/livepad.bin flag 1 data 41378
[   61.7235] open fd = 256
[   61.7411] open name host:/livepad.bin flag 1 data 41378
[   61.7426] open fd = 256
[   61.7444] open name host:/livetime.rst flag 1 data 41378
[   61.7450] open fd = -5
[   61.7453] open name host:/livetime.bin flag 602 data 41378
[   61.7472] open fd = 256
[   61.7662] open name host:/livepad.bin flag 1 data 41378
[   61.7675] open fd = 256
[   61.7847] open name host:/livepad.bin flag 1 data 41378
[   61.7861] open fd = 256
[   61.8044] open name host:/livepad.bin flag 1 data 41378
[   61.8056] open fd = 256
[   61.8072] open name host:/livedbg.cmd flag 1 data 41378
[   61.8086] open fd = 256
[   61.8104] open name host:/livedbg.bin flag 602 data 41378
[   61.8125] open fd = 256
[   61.8305] open name host:/livepad.bin flag 1 data 41378
[   61.8322] open fd = 256
[   61.8345] open name host:/livetex.bin flag 1 data 41378
[   61.8352] open fd = -5
[   61.8356] open name host:/livelink.bin flag 1 data 41378
[   61.8362] open fd = -5
[   61.8521] open name host:/livepad.bin flag 1 data 41378
[   61.8539] open fd = 256
[   61.8721] open name host:/livepad.bin flag 1 data 41378
[   61.8736] open fd = 256
[   61.8753] open name host:/livetime.rst flag 1 data 41378
[   61.8758] open fd = -5
[   61.8762] open name host:/livetime.bin flag 602 data 41378
[   61.8781] open fd = 256
[   61.8964] open name host:/livepad.bin flag 1 data 41378
[   61.8979] open fd = 256
[   61.9168] open name host:/livepad.bin flag 1 data 41378
[   61.9183] open fd = 256
[   61.9365] open name host:/livepad.bin flag 1 data 41378
[   61.9380] open fd = 256
[   61.9398] open name host:/livedbg.cmd flag 1 data 41378
[   61.9411] open fd = 256
[   61.9427] open name host:/livedbg.bin flag 602 data 41378
[   61.9447] open fd = 256
[   61.9618] open name host:/livepad.bin flag 1 data 41378
[   61.9633] open fd = 256
[   61.9651] open name host:/livetex.bin flag 1 data 41378
[   61.9655] open fd = -5
[   61.9659] open name host:/livelink.bin flag 1 data 41378
[   61.9665] open fd = -5
[   61.9832] open name host:/livepad.bin flag 1 data 41378
[   61.9844] open fd = 256
[   62.0037] open name host:/livepad.bin flag 1 data 41378
[   62.0051] open fd = 256
[   62.0066] open name host:/livetime.rst flag 1 data 41378
[   62.0071] open fd = -5
[   62.0074] open name host:/livetime.bin flag 602 data 41378
[   62.0093] open fd = 256
[   62.0271] open name host:/livepad.bin flag 1 data 41378
[   62.0285] open fd = 256
[   62.0470] open name host:/livepad.bin flag 1 data 41378
[   62.0484] open fd = 256
[   62.0652] open name host:/livepad.bin flag 1 data 41378
[   62.0667] open fd = 256
[   62.0685] open name host:/livedbg.cmd flag 1 data 41378
[   62.0699] open fd = 256
[   62.0717] open name host:/livedbg.bin flag 602 data 41378
[   62.0737] open fd = 256
[   62.0926] open name host:/livepad.bin flag 1 data 41378
[   62.0940] open fd = 256
[   62.0960] open name host:/livetex.bin flag 1 data 41378
[   62.0965] open fd = -5
[   62.0969] open name host:/livelink.bin flag 1 data 41378
[   62.0974] open fd = -5
[   62.1142] open name host:/livepad.bin flag 1 data 41378
[   62.1155] open fd = 256
[   62.1335] open name host:/livepad.bin flag 1 data 41378
[   62.1348] open fd = 256
[   62.1365] open name host:/livetime.rst flag 1 data 41378
[   62.1370] open fd = -5
[   62.1373] open name host:/livetime.bin flag 602 data 41378
[   62.1391] open fd = 256
[   62.1574] open name host:/livepad.bin flag 1 data 41378
[   62.1591] open fd = 256
[   62.1774] open name host:/livepad.bin flag 1 data 41378
[   62.1791] open fd = 256
[   62.1967] open name host:/livepad.bin flag 1 data 41378
[   62.1982] open fd = 256
[   62.1999] open name host:/livedbg.cmd flag 1 data 41378
[   62.2011] open fd = 256
[   62.2032] open name host:/livedbg.bin flag 602 data 41378
[   62.2051] open fd = 256
[   62.2239] open name host:/livepad.bin flag 1 data 41378
[   62.2253] open fd = 256
[   62.2270] open name host:/livetex.bin flag 1 data 41378
[   62.2275] open fd = -5
[   62.2278] open name host:/livelink.bin flag 1 data 41378
[   62.2283] open fd = -5
[   62.2442] open name host:/livepad.bin flag 1 data 41378
[   62.2456] open fd = 256
[   62.2625] open name host:/livepad.bin flag 1 data 41378
[   62.2642] open fd = 256
[   62.2659] open name host:/livetime.rst flag 1 data 41378
[   62.2666] open fd = -5
[   62.2669] open name host:/livetime.bin flag 602 data 41378
[   62.2687] open fd = 256
[   62.2869] open name host:/livepad.bin flag 1 data 41378
[   62.2883] open fd = 256
[   62.3066] open name host:/livepad.bin flag 1 data 41378
[   62.3079] open fd = 256
[   62.3250] open name host:/livepad.bin flag 1 data 41378
[   62.3264] open fd = 256
[   62.3281] open name host:/livedbg.cmd flag 1 data 41378
[   62.3292] open fd = 256
[   62.3315] open name host:/livedbg.bin flag 602 data 41378
[   62.3335] open fd = 256
[   62.3518] open name host:/livepad.bin flag 1 data 41378
[   62.3531] open fd = 256
[   62.3549] open name host:/livetex.bin flag 1 data 41378
[   62.3554] open fd = -5
[   62.3557] open name host:/livelink.bin flag 1 data 41378
[   62.3561] open fd = -5
[   62.3727] open name host:/livepad.bin flag 1 data 41378
[   62.3740] open fd = 256
[   62.3942] open name host:/livepad.bin flag 1 data 41378
[   62.3959] open fd = 256
[   62.3980] open name host:/livetime.rst flag 1 data 41378
[   62.3987] open fd = -5
[   62.3990] open name host:/livetime.bin flag 602 data 41378
[   62.4017] open fd = 256
[   62.4201] open name host:/livepad.bin flag 1 data 41378
[   62.4220] open fd = 256
[   62.4404] open name host:/livepad.bin flag 1 data 41378
[   62.4426] open fd = 256
[   62.4612] open name host:/livepad.bin flag 1 data 41378
[   62.4633] open fd = 256
[   62.4660] open name host:/livedbg.cmd flag 1 data 41378
[   62.4676] open fd = 256
[   62.4699] open name host:/livedbg.bin flag 602 data 41378
[   62.4724] open fd = 256
[   62.4913] open name host:/livepad.bin flag 1 data 41378
[   62.4929] open fd = 256
[   62.4951] open name host:/livetex.bin flag 1 data 41378
[   62.4958] open fd = -5
[   62.4961] open name host:/livelink.bin flag 1 data 41378
[   62.4968] open fd = -5
[   62.5143] open name host:/livepad.bin flag 1 data 41378
[   62.5162] open fd = 256
[   62.5352] open name host:/livepad.bin flag 1 data 41378
[   62.5369] open fd = 256
[   62.5393] open name host:/livetime.rst flag 1 data 41378
[   62.5401] open fd = -5
[   62.5404] open name host:/livetime.bin flag 602 data 41378
[   62.5431] open fd = 256
[   62.5647] open name host:/livepad.bin flag 1 data 41378
[   62.5664] open fd = 256
[   62.5838] open name host:/livepad.bin flag 1 data 41378
[   62.5856] open fd = 256
[   62.6060] open name host:/livepad.bin flag 1 data 41378
[   62.6074] open fd = 256
[   62.6091] open name host:/livedbg.cmd flag 1 data 41378
[   62.6104] open fd = 256
[   62.6123] open name host:/livedbg.bin flag 602 data 41378
[   62.6145] open fd = 256
[   62.6316] open name host:/livepad.bin flag 1 data 41378
[   62.6330] open fd = 256
[   62.6347] open name host:/livetex.bin flag 1 data 41378
[   62.6353] open fd = -5
[   62.6355] open name host:/livelink.bin flag 1 data 41378
[   62.6361] open fd = -5
[   62.6525] open name host:/livepad.bin flag 1 data 41378
[   62.6543] open fd = 256
[   62.6729] open name host:/livepad.bin flag 1 data 41378
[   62.6742] open fd = 256
[   62.6762] open name host:/livetime.rst flag 1 data 41378
[   62.6769] open fd = -5
[   62.6772] open name host:/livetime.bin flag 602 data 41378
[   62.6797] open fd = 256
[   62.6986] open name host:/livepad.bin flag 1 data 41378
[   62.7000] open fd = 256
[   62.7174] open name host:/livepad.bin flag 1 data 41378
[   62.7188] open fd = 256
[   62.7371] open name host:/livepad.bin flag 1 data 41378
[   62.7385] open fd = 256
[   62.7402] open name host:/livedbg.cmd flag 1 data 41378
[   62.7415] open fd = 256
[   62.7434] open name host:/livedbg.bin flag 602 data 41378
[   62.7453] open fd = 256
[   62.7639] open name host:/livepad.bin flag 1 data 41378
[   62.7656] open fd = 256
[   62.7674] open name host:/livetex.bin flag 1 data 41378
[   62.7679] open fd = -5
[   62.7682] open name host:/livelink.bin flag 1 data 41378
[   62.7687] open fd = -5
[   62.7845] open name host:/livepad.bin flag 1 data 41378
[   62.7859] open fd = 256
[   62.8044] open name host:/livepad.bin flag 1 data 41378
[   62.8060] open fd = 256
[   62.8076] open name host:/livetime.rst flag 1 data 41378
[   62.8081] open fd = -5
[   62.8083] open name host:/livetime.bin flag 602 data 41378
[   62.8106] open fd = 256
[   62.8273] open name host:/livepad.bin flag 1 data 41378
[   62.8289] open fd = 256
[   62.8471] open name host:/livepad.bin flag 1 data 41378
[   62.8485] open fd = 256
[   62.8663] open name host:/livepad.bin flag 1 data 41378
[   62.8677] open fd = 256
[   62.8694] open name host:/livedbg.cmd flag 1 data 41378
[   62.8707] open fd = 256
[   62.8725] open name host:/livedbg.bin flag 602 data 41378
[   62.8743] open fd = 256
[   62.8920] open name host:/livepad.bin flag 1 data 41378
[   62.8936] open fd = 256
[   62.8952] open name host:/livetex.bin flag 1 data 41378
[   62.8959] open fd = -5
[   62.8962] open name host:/livelink.bin flag 1 data 41378
[   62.8967] open fd = -5
[   62.9131] open name host:/livepad.bin flag 1 data 41378
[   62.9146] open fd = 256
[   62.9333] open name host:/livepad.bin flag 1 data 41378
[   62.9346] open fd = 256
[   62.9363] open name host:/livetime.rst flag 1 data 41378
[   62.9370] open fd = -5
[   62.9373] open name host:/livetime.bin flag 602 data 41378
[   62.9394] open fd = 256
[   62.9568] open name host:/livepad.bin flag 1 data 41378
[   62.9585] open fd = 256
[   62.9763] open name host:/livepad.bin flag 1 data 41378
[   62.9776] open fd = 256
[   62.9956] open name host:/livepad.bin flag 1 data 41378
[   62.9972] open fd = 256
[   62.9990] open name host:/livedbg.cmd flag 1 data 41378
[   63.0005] open fd = 256
[   63.0025] open name host:/livedbg.bin flag 602 data 41378
[   63.0045] open fd = 256
[   63.0229] open name host:/livepad.bin flag 1 data 41378
[   63.0243] open fd = 256
[   63.0259] open name host:/livetex.bin flag 1 data 41378
[   63.0265] open fd = -5
[   63.0267] open name host:/livelink.bin flag 1 data 41378
[   63.0272] open fd = -5
[   63.0439] open name host:/livepad.bin flag 1 data 41378
[   63.0456] open fd = 256
[   63.0633] open name host:/livepad.bin flag 1 data 41378
[   63.0647] open fd = 256
[   63.0665] open name host:/livetime.rst flag 1 data 41378
[   63.0671] open fd = -5
[   63.0674] open name host:/livetime.bin flag 602 data 41378
[   63.0693] open fd = 256
[   63.0869] open name host:/livepad.bin flag 1 data 41378
[   63.0883] open fd = 256
[   63.1062] open name host:/livepad.bin flag 1 data 41378
[   63.1079] open fd = 256
[   63.1271] open name host:/livepad.bin flag 1 data 41378
[   63.1285] open fd = 256
[   63.1303] open name host:/livedbg.cmd flag 1 data 41378
[   63.1318] open fd = 256
[   63.1339] open name host:/livedbg.bin flag 602 data 41378
[   63.1358] open fd = 256
[   63.1547] open name host:/livepad.bin flag 1 data 41378
[   63.1561] open fd = 256
[   63.1582] open name host:/livetex.bin flag 1 data 41378
[   63.1588] open fd = -5
[   63.1590] open name host:/livelink.bin flag 1 data 41378
[   63.1595] open fd = -5
[   63.1760] open name host:/livepad.bin flag 1 data 41378
[   63.1773] open fd = 256
[   63.1954] open name host:/livepad.bin flag 1 data 41378
[   63.1966] open fd = 256
[   63.1983] open name host:/livetime.rst flag 1 data 41378
[   63.1988] open fd = -5
[   63.1992] open name host:/livetime.bin flag 602 data 41378
[   63.2014] open fd = 256
[   63.2199] open name host:/livepad.bin flag 1 data 41378
[   63.2212] open fd = 256
[   63.2393] open name host:/livepad.bin flag 1 data 41378
[   63.2406] open fd = 256
[   63.2600] open name host:/livepad.bin flag 1 data 41378
[   63.2616] open fd = 256
[   63.2637] open name host:/livedbg.cmd flag 1 data 41378
[   63.2649] open fd = 256
[   63.2671] open name host:/livedbg.bin flag 602 data 41378
[   63.2690] open fd = 256
[   63.2898] open name host:/livepad.bin flag 1 data 41378
[   63.2915] open fd = 256
[   63.2933] open name host:/livetex.bin flag 1 data 41378
[   63.2938] open fd = -5
[   63.2940] open name host:/livelink.bin flag 1 data 41378
[   63.2945] open fd = -5
[   63.3113] open name host:/livepad.bin flag 1 data 41378
[   63.3129] open fd = 256
[   63.3317] open name host:/livepad.bin flag 1 data 41378
[   63.3330] open fd = 256
[   63.3351] open name host:/livetime.rst flag 1 data 41378
[   63.3357] open fd = -5
[   63.3360] open name host:/livetime.bin flag 602 data 41378
[   63.3378] open fd = 256
[   63.3555] open name host:/livepad.bin flag 1 data 41378
[   63.3569] open fd = 256
[   63.3753] open name host:/livepad.bin flag 1 data 41378
[   63.3767] open fd = 256
[   63.3948] open name host:/livepad.bin flag 1 data 41378
[   63.3965] open fd = 256
[   63.3984] open name host:/livedbg.cmd flag 1 data 41378
[   63.3997] open fd = 256
[   63.4015] open name host:/livedbg.bin flag 602 data 41378
[   63.4036] open fd = 256
[   63.4218] open name host:/livepad.bin flag 1 data 41378
[   63.4235] open fd = 256
[   63.4255] open name host:/livetex.bin flag 1 data 41378
[   63.4261] open fd = -5
[   63.4263] open name host:/livelink.bin flag 1 data 41378
[   63.4270] open fd = -5
[   63.4444] open name host:/livepad.bin flag 1 data 41378
[   63.4459] open fd = 256
[   63.4641] open name host:/livepad.bin flag 1 data 41378
[   63.4657] open fd = 256
[   63.4674] open name host:/livetime.rst flag 1 data 41378
[   63.4679] open fd = -5
[   63.4682] open name host:/livetime.bin flag 602 data 41378
[   63.4702] open fd = 256
[   63.4882] open name host:/livepad.bin flag 1 data 41378
[   63.4897] open fd = 256
[   63.5080] open name host:/livepad.bin flag 1 data 41378
[   63.5093] open fd = 256
[   63.5281] open name host:/livepad.bin flag 1 data 41378
[   63.5297] open fd = 256
[   63.5319] open name host:/livedbg.cmd flag 1 data 41378
[   63.5334] open fd = 256
[   63.5352] open name host:/livedbg.bin flag 602 data 41378
[   63.5372] open fd = 256
[   63.5551] open name host:/livepad.bin flag 1 data 41378
[   63.5566] open fd = 256
[   63.5585] open name host:/livetex.bin flag 1 data 41378
[   63.5592] open fd = -5
[   63.5595] open name host:/livelink.bin flag 1 data 41378
[   63.5601] open fd = -5
[   63.5763] open name host:/livepad.bin flag 1 data 41378
[   63.5778] open fd = 256
[   63.5960] open name host:/livepad.bin flag 1 data 41378
[   63.5977] open fd = 256
[   63.5993] open name host:/livetime.rst flag 1 data 41378
[   63.5998] open fd = -5
[   63.6002] open name host:/livetime.bin flag 602 data 41378
[   63.6023] open fd = 256
[   63.6214] open name host:/livepad.bin flag 1 data 41378
[   63.6230] open fd = 256
[   63.6410] open name host:/livepad.bin flag 1 data 41378
[   63.6424] open fd = 256
[   63.6624] open name host:/livepad.bin flag 1 data 41378
[   63.6642] open fd = 256
[   63.6660] open name host:/livedbg.cmd flag 1 data 41378
[   63.6675] open fd = 256
[   63.6693] open name host:/livedbg.bin flag 602 data 41378
[   63.6712] open fd = 256
[   63.6899] open name host:/livepad.bin flag 1 data 41378
[   63.6914] open fd = 256
[   63.6930] open name host:/livetex.bin flag 1 data 41378
[   63.6935] open fd = -5
[   63.6937] open name host:/livelink.bin flag 1 data 41378
[   63.6942] open fd = -5
[   63.7140] FRAMEARENA frames=2280 peak=1033488 resets=1798 fallbacks=0 maxFrameBytes=2773552 maxBorrowed=2184480 freeKiB=16901
[   63.7144] NATIVEVIF frames=2280 batches=5998
[   63.7148] ORDEREDFRAME frames=2280 splitFrames=961
[   63.7152] FRAMEPIPELINE starts=2280 dmaBusyStarts=1030
[   63.7157] open name host:/livepad.bin flag 1 data 41378
[   63.7172] open fd = 256
[   63.7369] open name host:/livepad.bin flag 1 data 41378
[   63.7382] open fd = 256
[   63.7401] open name host:/livetime.rst flag 1 data 41378
[   63.7407] open fd = -5
[   63.7410] open name host:/livetime.bin flag 602 data 41378
[   63.7432] open fd = 256
[   63.7631] open name host:/livepad.bin flag 1 data 41378
[   63.7649] open fd = 256
[   63.7842] open name host:/livepad.bin flag 1 data 41378
[   63.7857] open fd = 256
[   63.8052] open name host:/livepad.bin flag 1 data 41378
[   63.8066] open fd = 256
[   63.8082] open name host:/livedbg.cmd flag 1 data 41378
[   63.8095] open fd = 256
[   63.8117] open name host:/livedbg.bin flag 602 data 41378
[   63.8139] open fd = 256
[   63.8326] open name host:/livepad.bin flag 1 data 41378
[   63.8341] open fd = 256
[   63.8360] open name host:/livetex.bin flag 1 data 41378
[   63.8366] open fd = -5
[   63.8368] open name host:/livelink.bin flag 1 data 41378
[   63.8373] open fd = -5
[   63.8563] open name host:/livepad.bin flag 1 data 41378
[   63.8577] open fd = 256
[   63.8776] open name host:/livepad.bin flag 1 data 41378
[   63.8792] open fd = 256
[   63.8812] open name host:/livetime.rst flag 1 data 41378
[   63.8817] open fd = -5
[   63.8821] open name host:/livetime.bin flag 602 data 41378
[   63.8841] open fd = 256
[   63.9029] open name host:/livepad.bin flag 1 data 41378
[   63.9044] open fd = 256
[   63.9245] open name host:/livepad.bin flag 1 data 41378
[   63.9260] open fd = 256
[   63.9459] open name host:/livepad.bin flag 1 data 41378
[   63.9477] open fd = 256
[   63.9495] open name host:/livedbg.cmd flag 1 data 41378
[   63.9510] open fd = 256
[   63.9531] open name host:/livedbg.bin flag 602 data 41378
[   63.9554] open fd = 256
[   63.9765] open name host:/livepad.bin flag 1 data 41378
[   63.9781] open fd = 256
[   63.9801] open name host:/livetex.bin flag 1 data 41378
[   63.9809] open fd = -5
[   63.9813] open name host:/livelink.bin flag 1 data 41378
[   63.9819] open fd = -5
[   64.0007] open name host:/livepad.bin flag 1 data 41378
[   64.0025] open fd = 256
[   64.0215] open name host:/livepad.bin flag 1 data 41378
[   64.0231] open fd = 256
[   64.0249] open name host:/livetime.rst flag 1 data 41378
[   64.0256] open fd = -5
[   64.0258] open name host:/livetime.bin flag 602 data 41378
[   64.0279] open fd = 256
[   64.0478] open name host:/livepad.bin flag 1 data 41378
[   64.0492] open fd = 256
[   64.0694] open name host:/livepad.bin flag 1 data 41378
[   64.0713] open fd = 256
[   64.0890] open name host:/livepad.bin flag 1 data 41378
[   64.0906] open fd = 256
[   64.0926] open name host:/livedbg.cmd flag 1 data 41378
[   64.0941] open fd = 256
[   64.0961] open name host:/livedbg.bin flag 602 data 41378
[   64.0984] open fd = 256
[   64.1165] open name host:/livepad.bin flag 1 data 41378
[   64.1179] open fd = 256
[   64.1196] open name host:/livetex.bin flag 1 data 41378
[   64.1203] open fd = -5
[   64.1207] open name host:/livelink.bin flag 1 data 41378
[   64.1214] open fd = -5
[   64.1391] open name host:/livepad.bin flag 1 data 41378
[   64.1407] open fd = 256
[   64.1594] open name host:/livepad.bin flag 1 data 41378
[   64.1613] open fd = 256
[   64.1631] open name host:/livetime.rst flag 1 data 41378
[   64.1637] open fd = -5
[   64.1640] open name host:/livetime.bin flag 602 data 41378
[   64.1661] open fd = 256
[   64.1852] open name host:/livepad.bin flag 1 data 41378
[   64.1871] open fd = 256
[   64.2072] open name host:/livepad.bin flag 1 data 41378
[   64.2087] open fd = 256
[   64.2273] open name host:/livepad.bin flag 1 data 41378
[   64.2290] open fd = 256
[   64.2312] open name host:/livedbg.cmd flag 1 data 41378
[   64.2326] open fd = 256
[   64.2348] open name host:/livedbg.bin flag 602 data 41378
[   64.2370] open fd = 256
[   64.2549] open name host:/livepad.bin flag 1 data 41378
[   64.2563] open fd = 256
[   64.2582] open name host:/livetex.bin flag 1 data 41378
[   64.2588] open fd = -5
[   64.2590] open name host:/livelink.bin flag 1 data 41378
[   64.2595] open fd = -5
[   64.2767] open name host:/livepad.bin flag 1 data 41378
[   64.2783] open fd = 256
[   64.2974] open name host:/livepad.bin flag 1 data 41378
[   64.2989] open fd = 256
[   64.3007] open name host:/livetime.rst flag 1 data 41378
[   64.3011] open fd = -5
[   64.3014] open name host:/livetime.bin flag 602 data 41378
[   64.3033] open fd = 256
[   64.3230] open name host:/livepad.bin flag 1 data 41378
[   64.3247] open fd = 256
[   64.3445] open name host:/livepad.bin flag 1 data 41378
[   64.3462] open fd = 256
[   64.3671] open name host:/livepad.bin flag 1 data 41378
[   64.3684] open fd = 256
[   64.3701] open name host:/livedbg.cmd flag 1 data 41378
[   64.3714] open fd = 256
[   64.3732] open name host:/livedbg.bin flag 602 data 41378
[   64.3751] open fd = 256
[   64.3962] open name host:/livepad.bin flag 1 data 41378
[   64.3976] open fd = 256
[   64.3994] open name host:/livetex.bin flag 1 data 41378
[   64.4000] open fd = -5
[   64.4003] open name host:/livelink.bin flag 1 data 41378
[   64.4009] open fd = -5
[   64.4191] open name host:/livepad.bin flag 1 data 41378
[   64.4208] open fd = 256
[   64.4441] open name host:/livepad.bin flag 1 data 41378
[   64.4457] open fd = 256
[   64.4477] open name host:/livetime.rst flag 1 data 41378
[   64.4482] open fd = -5
[   64.4486] open name host:/livetime.bin flag 602 data 41378
[   64.4507] open fd = 256
[   64.4699] open name host:/livepad.bin flag 1 data 41378
[   64.4717] open fd = 256
[   64.4907] open name host:/livepad.bin flag 1 data 41378
[   64.4920] open fd = 256
[   64.5111] open name host:/livepad.bin flag 1 data 41378
[   64.5130] open fd = 256
[   64.5149] open name host:/livedbg.cmd flag 1 data 41378
[   64.5164] open fd = 256
[   64.5184] open name host:/livedbg.bin flag 602 data 41378
[   64.5205] open fd = 256
[   64.5400] open name host:/livepad.bin flag 1 data 41378
[   64.5417] open fd = 256
[   64.5441] open name host:/livetex.bin flag 1 data 41378
[   64.5446] open fd = -5
[   64.5450] open name host:/livelink.bin flag 1 data 41378
[   64.5457] open fd = -5
[   64.5644] open name host:/livepad.bin flag 1 data 41378
[   64.5659] open fd = 256
[   64.5875] open name host:/livepad.bin flag 1 data 41378
[   64.5891] open fd = 256
[   64.5911] open name host:/livetime.rst flag 1 data 41378
[   64.5917] open fd = -5
[   64.5920] open name host:/livetime.bin flag 602 data 41378
[   64.5942] open fd = 256
[   64.6133] open name host:/livepad.bin flag 1 data 41378
[   64.6149] open fd = 256
[   64.6340] open name host:/livepad.bin flag 1 data 41378
[   64.6353] open fd = 256
[   64.6540] open name host:/livepad.bin flag 1 data 41378
[   64.6554] open fd = 256
[   64.6572] open name host:/livedbg.cmd flag 1 data 41378
[   64.6587] open fd = 256
[   64.6605] open name host:/livedbg.bin flag 602 data 41378
[   64.6626] open fd = 256
[   64.6805] open name host:/livepad.bin flag 1 data 41378
[   64.6820] open fd = 256
[   64.6838] open name host:/livetex.bin flag 1 data 41378
[   64.6843] open fd = -5
[   64.6849] open name host:/livelink.bin flag 1 data 41378
[   64.6854] open fd = -5
[   64.7036] open name host:/livepad.bin flag 1 data 41378
[   64.7050] open fd = 256
[   64.7238] open name host:/livepad.bin flag 1 data 41378
[   64.7254] open fd = 256
[   64.7273] open name host:/livetime.rst flag 1 data 41378
[   64.7280] open fd = -5
[   64.7284] open name host:/livetime.bin flag 602 data 41378
[   64.7304] open fd = 256
[   64.7494] open name host:/livepad.bin flag 1 data 41378
[   64.7509] open fd = 256
[   64.7707] open name host:/livepad.bin flag 1 data 41378
[   64.7721] open fd = 256
[   64.7911] open name host:/livepad.bin flag 1 data 41378
[   64.7929] open fd = 256
[   64.7950] open name host:/livedbg.cmd flag 1 data 41378
[   64.7965] open fd = 256
[   64.7984] open name host:/livedbg.bin flag 602 data 41378
[   64.8005] open fd = 256
[   64.8242] open name host:/livepad.bin flag 1 data 41378
[   64.8258] open fd = 256
[   64.8280] open name host:/livetex.bin flag 1 data 41378
[   64.8286] open fd = -5
[   64.8289] open name host:/livelink.bin flag 1 data 41378
[   64.8295] open fd = -5
[   64.8490] open name host:/livepad.bin flag 1 data 41378
[   64.8510] open fd = 256
[   64.8726] open name host:/livepad.bin flag 1 data 41378
[   64.8742] open fd = 256
[   64.8760] open name host:/livetime.rst flag 1 data 41378
[   64.8765] open fd = -5
[   64.8768] open name host:/livetime.bin flag 602 data 41378
[   64.8789] open fd = 256
[   64.8987] open name host:/livepad.bin flag 1 data 41378
[   64.9008] open fd = 256
[   64.9207] open name host:/livepad.bin flag 1 data 41378
[   64.9224] open fd = 256
[   64.9426] open name host:/livepad.bin flag 1 data 41378
[   64.9443] open fd = 256
[   64.9461] open name host:/livedbg.cmd flag 1 data 41378
[   64.9474] open fd = 256
[   64.9495] open name host:/livedbg.bin flag 602 data 41378
[   64.9518] open fd = 256
[   64.9703] open name host:/livepad.bin flag 1 data 41378
[   64.9721] open fd = 256
[   64.9740] open name host:/livetex.bin flag 1 data 41378
[   64.9744] open fd = -5
[   64.9747] open name host:/livelink.bin flag 1 data 41378
[   64.9753] open fd = -5
[   64.9929] open name host:/livepad.bin flag 1 data 41378
[   64.9944] open fd = 256
[   65.0142] open name host:/livepad.bin flag 1 data 41378
[   65.0155] open fd = 256
[   65.0174] open name host:/livetime.rst flag 1 data 41378
[   65.0179] open fd = -5
[   65.0182] open name host:/livetime.bin flag 602 data 41378
[   65.0202] open fd = 256
[   65.0412] open name host:/livepad.bin flag 1 data 41378
[   65.0427] open fd = 256
[   65.0616] open name host:/livepad.bin flag 1 data 41378
[   65.0634] open fd = 256
[   65.0833] open name host:/livepad.bin flag 1 data 41378
[   65.0848] open fd = 256
[   65.0866] open name host:/livedbg.cmd flag 1 data 41378
[   65.0879] open fd = 256
[   65.0899] open name host:/livedbg.bin flag 602 data 41378
[   65.0923] open fd = 256
[   65.1106] open name host:/livepad.bin flag 1 data 41378
[   65.1122] open fd = 256
[   65.1142] open name host:/livetex.bin flag 1 data 41378
[   65.1147] open fd = -5
[   65.1150] open name host:/livelink.bin flag 1 data 41378
[   65.1157] open fd = -5
[   65.1323] open name host:/livepad.bin flag 1 data 41378
[   65.1338] open fd = 256
[   65.1527] open name host:/livepad.bin flag 1 data 41378
[   65.1542] open fd = 256
[   65.1560] open name host:/livetime.rst flag 1 data 41378
[   65.1566] open fd = -5
[   65.1569] open name host:/livetime.bin flag 602 data 41378
[   65.1591] open fd = 256
[   65.1768] open name host:/livepad.bin flag 1 data 41378
[   65.1784] open fd = 256
[   65.1967] open name host:/livepad.bin flag 1 data 41378
[   65.1982] open fd = 256
[   65.2169] open name host:/livepad.bin flag 1 data 41378
[   65.2185] open fd = 256
[   65.2203] open name host:/livedbg.cmd flag 1 data 41378
[   65.2215] open fd = 256
[   65.2237] open name host:/livedbg.bin flag 602 data 41378
[   65.2257] open fd = 256
[   65.2439] open name host:/livepad.bin flag 1 data 41378
[   65.2453] open fd = 256
[   65.2469] open name host:/livetex.bin flag 1 data 41378
[   65.2477] open fd = -5
[   65.2480] open name host:/livelink.bin flag 1 data 41378
[   65.2485] open fd = -5
[   65.2654] open name host:/livepad.bin flag 1 data 41378
[   65.2667] open fd = 256
[   65.2849] open name host:/livepad.bin flag 1 data 41378
[   65.2864] open fd = 256
[   65.2881] open name host:/livetime.rst flag 1 data 41378
[   65.2887] open fd = -5
[   65.2890] open name host:/livetime.bin flag 602 data 41378
[   65.2908] open fd = 256
[   65.3090] open name host:/livepad.bin flag 1 data 41378
[   65.3102] open fd = 256
[   65.3296] open name host:/livepad.bin flag 1 data 41378
[   65.3315] open fd = 256
[   65.3495] open name host:/livepad.bin flag 1 data 41378
[   65.3511] open fd = 256
[   65.3533] open name host:/livedbg.cmd flag 1 data 41378
[   65.3546] open fd = 256
[   65.3564] open name host:/livedbg.bin flag 602 data 41378
[   65.3584] open fd = 256
[   65.3783] open name host:/livepad.bin flag 1 data 41378
[   65.3799] open fd = 256
[   65.3819] open name host:/livetex.bin flag 1 data 41378
[   65.3824] open fd = -5
[   65.3827] open name host:/livelink.bin flag 1 data 41378
[   65.3835] open fd = -5
[   65.4009] open name host:/livepad.bin flag 1 data 41378
[   65.4027] open fd = 256
[   65.4214] open name host:/livepad.bin flag 1 data 41378
[   65.4230] open fd = 256
[   65.4248] open name host:/livetime.rst flag 1 data 41378
[   65.4253] open fd = -5
[   65.4256] open name host:/livetime.bin flag 602 data 41378
[   65.4278] open fd = 256
[   65.4471] open name host:/livepad.bin flag 1 data 41378
[   65.4484] open fd = 256
[   65.4670] open name host:/livepad.bin flag 1 data 41378
[   65.4687] open fd = 256
[   65.4893] open name host:/livepad.bin flag 1 data 41378
[   65.4910] open fd = 256
[   65.4932] open name host:/livedbg.cmd flag 1 data 41378
[   65.4947] open fd = 256
[   65.4976] open name host:/livedbg.bin flag 602 data 41378
[   65.4997] open fd = 256
[   65.5200] open name host:/livepad.bin flag 1 data 41378
[   65.5223] open fd = 256
[   65.5255] open name host:/livetex.bin flag 1 data 41378
[   65.5264] open fd = -5
[   65.5270] open name host:/livelink.bin flag 1 data 41378
[   65.5279] open fd = -5
[   65.5493] open name host:/livepad.bin flag 1 data 41378
[   65.5512] open fd = 256
[   65.5727] open name host:/livepad.bin flag 1 data 41378
[   65.5746] open fd = 256
[   65.5771] open name host:/livetime.rst flag 1 data 41378
[   65.5777] open fd = -5
[   65.5782] open name host:/livetime.bin flag 602 data 41378
[   65.5810] open fd = 256
[   65.6013] open name host:/livepad.bin flag 1 data 41378
[   65.6031] open fd = 256
[   65.6238] open name host:/livepad.bin flag 1 data 41378
[   65.6255] open fd = 256
[   65.6453] open name host:/livepad.bin flag 1 data 41378
[   65.6470] open fd = 256
[   65.6495] open name host:/livedbg.cmd flag 1 data 41378
[   65.6512] open fd = 256
[   65.6538] open name host:/livedbg.bin flag 602 data 41378
[   65.6565] open fd = 256
[   65.6762] open name host:/livepad.bin flag 1 data 41378
[   65.6779] open fd = 256
[   65.6804] open name host:/livetex.bin flag 1 data 41378
[   65.6813] open fd = -5
[   65.6818] open name host:/livelink.bin flag 1 data 41378
[   65.6826] open fd = -5
[   65.7023] open name host:/livepad.bin flag 1 data 41378
[   65.7038] open fd = 256
[   65.7259] open name host:/livepad.bin flag 1 data 41378
[   65.7280] open fd = 256
[   65.7303] open name host:/livetime.rst flag 1 data 41378
[   65.7311] open fd = -5
[   65.7316] open name host:/livetime.bin flag 602 data 41378
[   65.7344] open fd = 256
[   65.7529] open name host:/livepad.bin flag 1 data 41378
[   65.7544] open fd = 256
[   65.7741] open name host:/livepad.bin flag 1 data 41378
[   65.7758] open fd = 256
[   65.7957] open name host:/livepad.bin flag 1 data 41378
[   65.7982] open fd = 256
[   65.8009] open name host:/livedbg.cmd flag 1 data 41378
[   65.8026] open fd = 256
[   65.8050] open name host:/livedbg.bin flag 602 data 41378
[   65.8074] open fd = 256
[   65.8270] open name host:/livepad.bin flag 1 data 41378
[   65.8288] open fd = 256
[   65.8316] open name host:/livetex.bin flag 1 data 41378
[   65.8322] open fd = -5
[   65.8324] open name host:/livelink.bin flag 1 data 41378
[   65.8331] open fd = -5
[   65.8502] open name host:/livepad.bin flag 1 data 41378
[   65.8519] open fd = 256
[   65.8709] open name host:/livepad.bin flag 1 data 41378
[   65.8726] open fd = 256
[   65.8747] open name host:/livetime.rst flag 1 data 41378
[   65.8752] open fd = -5
[   65.8755] open name host:/livetime.bin flag 602 data 41378
[   65.8774] open fd = 256
[   65.8948] open name host:/livepad.bin flag 1 data 41378
[   65.8963] open fd = 256
[   65.9149] open name host:/livepad.bin flag 1 data 41378
[   65.9164] open fd = 256
[   65.9366] open name host:/livepad.bin flag 1 data 41378
[   65.9382] open fd = 256
[   65.9400] open name host:/livedbg.cmd flag 1 data 41378
[   65.9419] open fd = 256
[   65.9443] open name host:/livedbg.bin flag 602 data 41378
[   65.9464] open fd = 256
[   65.9662] open name host:/livepad.bin flag 1 data 41378
[   65.9678] open fd = 256
[   65.9697] open name host:/livetex.bin flag 1 data 41378
[   65.9704] open fd = -5
[   65.9708] open name host:/livelink.bin flag 1 data 41378
[   65.9713] open fd = -5
[   65.9887] open name host:/livepad.bin flag 1 data 41378
[   65.9905] open fd = 256
[   66.0090] open name host:/livepad.bin flag 1 data 41378
[   66.0110] open fd = 256
[   66.0138] open name host:/livetime.rst flag 1 data 41378
[   66.0148] open fd = -5
[   66.0153] open name host:/livetime.bin flag 602 data 41378
[   66.0190] open fd = 256
[   66.0424] open name host:/livepad.bin flag 1 data 41378
[   66.0445] open fd = 256
[   66.0632] open name host:/livepad.bin flag 1 data 41378
[   66.0648] open fd = 256
[   66.0835] open name host:/livepad.bin flag 1 data 41378
[   66.0852] open fd = 256
[   66.0869] open name host:/livedbg.cmd flag 1 data 41378
[   66.0882] open fd = 256
[   66.0900] open name host:/livedbg.bin flag 602 data 41378
[   66.0922] open fd = 256
[   66.1104] open name host:/livepad.bin flag 1 data 41378
[   66.1123] open fd = 256
[   66.1142] open name host:/livetex.bin flag 1 data 41378
[   66.1148] open fd = -5
[   66.1150] open name host:/livelink.bin flag 1 data 41378
[   66.1158] open fd = -5
[   66.1329] open name host:/livepad.bin flag 1 data 41378
[   66.1345] open fd = 256
[   66.1525] open name host:/livepad.bin flag 1 data 41378
[   66.1544] open fd = 256
[   66.1565] open name host:/livetime.rst flag 1 data 41378
[   66.1570] open fd = -5
[   66.1573] open name host:/livetime.bin flag 602 data 41378
[   66.1592] open fd = 256
[   66.1781] open name host:/livepad.bin flag 1 data 41378
[   66.1797] open fd = 256
[   66.1985] open name host:/livepad.bin flag 1 data 41378
[   66.2002] open fd = 256
[   66.2189] open name host:/livepad.bin flag 1 data 41378
[   66.2206] open fd = 256
[   66.2222] open name host:/livedbg.cmd flag 1 data 41378
[   66.2234] open fd = 256
[   66.2255] open name host:/livedbg.bin flag 602 data 41378
[   66.2274] open fd = 256
[   66.2461] open name host:/livepad.bin flag 1 data 41378
[   66.2477] open fd = 256
[   66.2495] open name host:/livetex.bin flag 1 data 41378
[   66.2501] open fd = -5
[   66.2503] open name host:/livelink.bin flag 1 data 41378
[   66.2510] open fd = -5
[   66.2681] open name host:/livepad.bin flag 1 data 41378
[   66.2697] open fd = 256
[   66.2895] open name host:/livepad.bin flag 1 data 41378
[   66.2911] open fd = 256
[   66.2930] open name host:/livetime.rst flag 1 data 41378
[   66.2935] open fd = -5
[   66.2938] open name host:/livetime.bin flag 602 data 41378
[   66.2960] open fd = 256
[   66.3154] open name host:/livepad.bin flag 1 data 41378
[   66.3169] open fd = 256
[   66.3363] open name host:/livepad.bin flag 1 data 41378
[   66.3377] open fd = 256
[   66.3555] open name host:/livepad.bin flag 1 data 41378
[   66.3571] open fd = 256
[   66.3588] open name host:/livedbg.cmd flag 1 data 41378
[   66.3600] open fd = 256
[   66.3621] open name host:/livedbg.bin flag 602 data 41378
[   66.3643] open fd = 256
[   66.3817] open name host:/livepad.bin flag 1 data 41378
[   66.3835] open fd = 256
[   66.3858] open name host:/livetex.bin flag 1 data 41378
[   66.3865] open fd = -5
[   66.3869] open name host:/livelink.bin flag 1 data 41378
[   66.3878] open fd = -5
[   66.4093] open name host:/livepad.bin flag 1 data 41378
[   66.4120] open fd = 256
[   66.4305] open name host:/livepad.bin flag 1 data 41378
[   66.4322] open fd = 256
[   66.4341] open name host:/livetime.rst flag 1 data 41378
[   66.4346] open fd = -5
[   66.4349] open name host:/livetime.bin flag 602 data 41378
[   66.4370] open fd = 256
[   66.4542] open name host:/livepad.bin flag 1 data 41378
[   66.4557] open fd = 256
[   66.4741] open name host:/livepad.bin flag 1 data 41378
[   66.4755] open fd = 256
[   66.4931] open name host:/livepad.bin flag 1 data 41378
[   66.4947] open fd = 256
[   66.4967] open name host:/livedbg.cmd flag 1 data 41378
[   66.4981] open fd = 256
[   66.5001] open name host:/livedbg.bin flag 602 data 41378
[   66.5024] open fd = 256
[   66.5219] open name host:/livepad.bin flag 1 data 41378
[   66.5236] open fd = 256
[   66.5255] open name host:/livetex.bin flag 1 data 41378
[   66.5260] open fd = -5
[   66.5263] open name host:/livelink.bin flag 1 data 41378
[   66.5267] open fd = -5
[   66.5436] FRAMEARENA frames=2400 peak=1033488 resets=2038 fallbacks=0 maxFrameBytes=2773552 maxBorrowed=2184480 freeKiB=16901
[   66.5441] NATIVEVIF frames=2400 batches=6598
[   66.5444] ORDEREDFRAME frames=2400 splitFrames=1081
[   66.5446] FRAMEPIPELINE starts=2400 dmaBusyStarts=1030
[   66.5452] open name host:/livepad.bin flag 1 data 41378
[   66.5465] open fd = 256
[   66.5636] open name host:/livepad.bin flag 1 data 41378
[   66.5650] open fd = 256
[   66.5669] open name host:/livetime.rst flag 1 data 41378
[   66.5674] open fd = -5
[   66.5676] open name host:/livetime.bin flag 602 data 41378
[   66.5695] open fd = 256
[   66.5874] open name host:/livepad.bin flag 1 data 41378
[   66.5887] open fd = 256
[   66.6066] open name host:/livepad.bin flag 1 data 41378
[   66.6081] open fd = 256
[   66.6259] open name host:/livepad.bin flag 1 data 41378
[   66.6280] open fd = 256
[   66.6300] open name host:/livedbg.cmd flag 1 data 41378
[   66.6316] open fd = 256
[   66.6335] open name host:/livedbg.bin flag 602 data 41378
[   66.6355] open fd = 256
[   66.6527] open name host:/livepad.bin flag 1 data 41378
[   66.6543] open fd = 256
[   66.6561] open name host:/livetex.bin flag 1 data 41378
[   66.6566] open fd = -5
[   66.6569] open name host:/livelink.bin flag 1 data 41378
[   66.6573] open fd = -5
[   66.6746] open name host:/livepad.bin flag 1 data 41378
[   66.6766] open fd = 256
[   66.6964] open name host:/livepad.bin flag 1 data 41378
[   66.6979] open fd = 256
[   66.6998] open name host:/livetime.rst flag 1 data 41378
[   66.7003] open fd = -5
[   66.7005] open name host:/livetime.bin flag 602 data 41378
[   66.7024] open fd = 256
[   66.7199] open name host:/livepad.bin flag 1 data 41378
[   66.7215] open fd = 256
[   66.7395] open name host:/livepad.bin flag 1 data 41378
[   66.7409] open fd = 256
[   66.7586] open name host:/livepad.bin flag 1 data 41378
[   66.7600] open fd = 256
[   66.7617] open name host:/livedbg.cmd flag 1 data 41378
[   66.7630] open fd = 256
[   66.7653] open name host:/livedbg.bin flag 602 data 41378
[   66.7674] open fd = 256
[   66.7854] open name host:/livepad.bin flag 1 data 41378
[   66.7869] open fd = 256
[   66.7887] open name host:/livetex.bin flag 1 data 41378
[   66.7892] open fd = -5
[   66.7895] open name host:/livelink.bin flag 1 data 41378
[   66.7900] open fd = -5
[   66.8054] open name host:/livepad.bin flag 1 data 41378
[   66.8069] open fd = 256
[   66.8241] open name host:/livepad.bin flag 1 data 41378
[   66.8256] open fd = 256
[   66.8274] open name host:/livetime.rst flag 1 data 41378
[   66.8279] open fd = -5
[   66.8283] open name host:/livetime.bin flag 602 data 41378
[   66.8307] open fd = 256
[   66.8479] open name host:/livepad.bin flag 1 data 41378
[   66.8495] open fd = 256
[   66.8680] open name host:/livepad.bin flag 1 data 41378
[   66.8695] open fd = 256
[   66.8880] open name host:/livepad.bin flag 1 data 41378
[   66.8895] open fd = 256
[   66.8913] open name host:/livedbg.cmd flag 1 data 41378
[   66.8925] open fd = 256
[   66.8942] open name host:/livedbg.bin flag 602 data 41378
[   66.8962] open fd = 256
[   66.9144] open name host:/livepad.bin flag 1 data 41378
[   66.9158] open fd = 256
[   66.9176] open name host:/livetex.bin flag 1 data 41378
[   66.9181] open fd = -5
[   66.9183] open name host:/livelink.bin flag 1 data 41378
[   66.9188] open fd = -5
[   66.9350] open name host:/livepad.bin flag 1 data 41378
[   66.9365] open fd = 256
[   66.9540] open name host:/livepad.bin flag 1 data 41378
[   66.9554] open fd = 256
[   66.9572] open name host:/livetime.rst flag 1 data 41378
[   66.9577] open fd = -5
[   66.9580] open name host:/livetime.bin flag 602 data 41378
[   66.9598] open fd = 256
[   66.9787] open name host:/livepad.bin flag 1 data 41378
[   66.9805] open fd = 256
[   66.9989] open name host:/livepad.bin flag 1 data 41378
[   67.0006] open fd = 256
[   67.0182] open name host:/livepad.bin flag 1 data 41378
[   67.0198] open fd = 256
[   67.0218] open name host:/livedbg.cmd flag 1 data 41378
[   67.0231] open fd = 256
[   67.0248] open name host:/livedbg.bin flag 602 data 41378
[   67.0266] open fd = 256
[   67.0446] open name host:/livepad.bin flag 1 data 41378
[   67.0461] open fd = 256
[   67.0482] open name host:/livetex.bin flag 1 data 41378
[   67.0487] open fd = -5
[   67.0490] open name host:/livelink.bin flag 1 data 41378
[   67.0494] open fd = -5
[   67.0664] open name host:/livepad.bin flag 1 data 41378
[   67.0678] open fd = 256
[   67.0864] open name host:/livepad.bin flag 1 data 41378
[   67.0877] open fd = 256
[   67.0893] open name host:/livetime.rst flag 1 data 41378
[   67.0898] open fd = -5
[   67.0901] open name host:/livetime.bin flag 602 data 41378
[   67.0919] open fd = 256
[   67.1091] open name host:/livepad.bin flag 1 data 41378
[   67.1107] open fd = 256
[   67.1285] open name host:/livepad.bin flag 1 data 41378
[   67.1301] open fd = 256
[   67.1486] open name host:/livepad.bin flag 1 data 41378
[   67.1502] open fd = 256
[   67.1524] open name host:/livedbg.cmd flag 1 data 41378
[   67.1536] open fd = 256
[   67.1554] open name host:/livedbg.bin flag 602 data 41378
[   67.1572] open fd = 256
[   67.1748] open name host:/livepad.bin flag 1 data 41378
[   67.1764] open fd = 256
[   67.1782] open name host:/livetex.bin flag 1 data 41378
[   67.1788] open fd = -5
[   67.1791] open name host:/livelink.bin flag 1 data 41378
[   67.1796] open fd = -5
[   67.1965] open name host:/livepad.bin flag 1 data 41378
[   67.1981] open fd = 256
[   67.2163] open name host:/livepad.bin flag 1 data 41378
[   67.2179] open fd = 256
[   67.2196] open name host:/livetime.rst flag 1 data 41378
[   67.2204] open fd = -5
[   67.2208] open name host:/livetime.bin flag 602 data 41378
[   67.2228] open fd = 256
[   67.2413] open name host:/livepad.bin flag 1 data 41378
[   67.2429] open fd = 256
[   67.2627] open name host:/livepad.bin flag 1 data 41378
[   67.2642] open fd = 256
[   67.2813] open name host:/livepad.bin flag 1 data 41378
[   67.2827] open fd = 256
[   67.2844] open name host:/livedbg.cmd flag 1 data 41378
[   67.2857] open fd = 256
[   67.2875] open name host:/livedbg.bin flag 602 data 41378
[   67.2896] open fd = 256
[   67.3077] open name host:/livepad.bin flag 1 data 41378
[   67.3093] open fd = 256
[   67.3114] open name host:/livetex.bin flag 1 data 41378
[   67.3120] open fd = -5
[   67.3123] open name host:/livelink.bin flag 1 data 41378
[   67.3128] open fd = -5
[   67.3288] open name host:/livepad.bin flag 1 data 41378
[   67.3303] open fd = 256
[   67.3478] open name host:/livepad.bin flag 1 data 41378
[   67.3494] open fd = 256
[   67.3515] open name host:/livetime.rst flag 1 data 41378
[   67.3520] open fd = -5
[   67.3523] open name host:/livetime.bin flag 602 data 41378
[   67.3541] open fd = 256
[   67.3713] open name host:/livepad.bin flag 1 data 41378
[   67.3729] open fd = 256
[   67.3908] open name host:/livepad.bin flag 1 data 41378
[   67.3926] open fd = 256
[   67.4102] open name host:/livepad.bin flag 1 data 41378
[   67.4121] open fd = 256
[   67.4139] open name host:/livedbg.cmd flag 1 data 41378
[   67.4152] open fd = 256
[   67.4170] open name host:/livedbg.bin flag 602 data 41378
[   67.4188] open fd = 256
[   67.4360] open name host:/livepad.bin flag 1 data 41378
[   67.4375] open fd = 256
[   67.4392] open name host:/livetex.bin flag 1 data 41378
[   67.4397] open fd = -5
[   67.4400] open name host:/livelink.bin flag 1 data 41378
[   67.4405] open fd = -5
[   67.4574] open name host:/livepad.bin flag 1 data 41378
[   67.4588] open fd = 256
[   67.4766] open name host:/livepad.bin flag 1 data 41378
[   67.4780] open fd = 256
[   67.4797] open name host:/livetime.rst flag 1 data 41378
[   67.4805] open fd = -5
[   67.4808] open name host:/livetime.bin flag 602 data 41378
[   67.4827] open fd = 256
[   67.5000] open name host:/livepad.bin flag 1 data 41378
[   67.5015] open fd = 256
[   67.5220] open name host:/livepad.bin flag 1 data 41378
[   67.5239] open fd = 256
[   67.5439] open name host:/livepad.bin flag 1 data 41378
[   67.5461] open fd = 256
[   67.5477] open name host:/livedbg.cmd flag 1 data 41378
[   67.5490] open fd = 256
[   67.5510] open name host:/livedbg.bin flag 602 data 41378
[   67.5529] open fd = 256
[   67.5719] open name host:/livepad.bin flag 1 data 41378
[   67.5734] open fd = 256
[   67.5751] open name host:/livetex.bin flag 1 data 41378
[   67.5757] open fd = -5
[   67.5760] open name host:/livelink.bin flag 1 data 41378
[   67.5764] open fd = -5
[   67.5922] open name host:/livepad.bin flag 1 data 41378
[   67.5937] open fd = 256
[   67.6128] open name host:/livepad.bin flag 1 data 41378
[   67.6146] open fd = 256
[   67.6165] open name host:/livetime.rst flag 1 data 41378
[   67.6172] open fd = -5
[   67.6175] open name host:/livetime.bin flag 602 data 41378
[   67.6194] open fd = 256
[   67.6381] open name host:/livepad.bin flag 1 data 41378
[   67.6397] open fd = 256
[   67.6586] open name host:/livepad.bin flag 1 data 41378
[   67.6604] open fd = 256
[   67.6785] open name host:/livepad.bin flag 1 data 41378
[   67.6801] open fd = 256
[   67.6819] open name host:/livedbg.cmd flag 1 data 41378
[   67.6834] open fd = 256
[   67.6852] open name host:/livedbg.bin flag 602 data 41378
[   67.6871] open fd = 256
[   67.7048] open name host:/livepad.bin flag 1 data 41378
[   67.7061] open fd = 256
[   67.7080] open name host:/livetex.bin flag 1 data 41378
[   67.7086] open fd = -5
[   67.7089] open name host:/livelink.bin flag 1 data 41378
[   67.7095] open fd = -5
[   67.7258] open name host:/livepad.bin flag 1 data 41378
[   67.7272] open fd = 256
[   67.7457] open name host:/livepad.bin flag 1 data 41378
[   67.7474] open fd = 256
[   67.7494] open name host:/livetime.rst flag 1 data 41378
[   67.7502] open fd = -5
[   67.7505] open name host:/livetime.bin flag 602 data 41378
[   67.7530] open fd = 256
[   67.7726] open name host:/livepad.bin flag 1 data 41378
[   67.7743] open fd = 256
[   67.7926] open name host:/livepad.bin flag 1 data 41378
[   67.7941] open fd = 256
[   67.8120] open name host:/livepad.bin flag 1 data 41378
[   67.8138] open fd = 256
[   67.8155] open name host:/livedbg.cmd flag 1 data 41378
[   67.8168] open fd = 256
[   67.8186] open name host:/livedbg.bin flag 602 data 41378
[   67.8205] open fd = 256
[   67.8396] open name host:/livepad.bin flag 1 data 41378
[   67.8414] open fd = 256
[   67.8433] open name host:/livetex.bin flag 1 data 41378
[   67.8439] open fd = -5
[   67.8442] open name host:/livelink.bin flag 1 data 41378
[   67.8447] open fd = -5
[   67.8624] open name host:/livepad.bin flag 1 data 41378
[   67.8637] open fd = 256
[   67.8819] open name host:/livepad.bin flag 1 data 41378
[   67.8833] open fd = 256
[   67.8850] open name host:/livetime.rst flag 1 data 41378
[   67.8856] open fd = -5
[   67.8859] open name host:/livetime.bin flag 602 data 41378
[   67.8878] open fd = 256
[   67.9081] open name host:/livepad.bin flag 1 data 41378
[   67.9098] open fd = 256
[   67.9283] open name host:/livepad.bin flag 1 data 41378
[   67.9300] open fd = 256
[   67.9502] open name host:/livepad.bin flag 1 data 41378
[   67.9518] open fd = 256
[   67.9536] open name host:/livedbg.cmd flag 1 data 41378
[   67.9549] open fd = 256
[   67.9570] open name host:/livedbg.bin flag 602 data 41378
[   67.9590] open fd = 256
[   67.9772] open name host:/livepad.bin flag 1 data 41378
[   67.9793] open fd = 256
[   67.9822] open name host:/livetex.bin flag 1 data 41378
[   67.9831] open fd = -5
[   67.9837] open name host:/livelink.bin flag 1 data 41378
[   67.9844] open fd = -5
[   68.0118] open name host:/livepad.bin flag 1 data 41378
[   68.0145] open fd = 256
[   68.0369] open name host:/livepad.bin flag 1 data 41378
[   68.0387] open fd = 256
[   68.0409] open name host:/livetime.rst flag 1 data 41378
[   68.0416] open fd = -5
[   68.0419] open name host:/livetime.bin flag 602 data 41378
[   68.0441] open fd = 256
[   68.0629] open name host:/livepad.bin flag 1 data 41378
[   68.0645] open fd = 256
[   68.0842] open name host:/livepad.bin flag 1 data 41378
[   68.0858] open fd = 256
[   68.1049] open name host:/livepad.bin flag 1 data 41378
[   68.1064] open fd = 256
[   68.1080] open name host:/livedbg.cmd flag 1 data 41378
[   68.1093] open fd = 256
[   68.1115] open name host:/livedbg.bin flag 602 data 41378
[   68.1138] open fd = 256
[   68.1334] open name host:/livepad.bin flag 1 data 41378
[   68.1350] open fd = 256
[   68.1369] open name host:/livetex.bin flag 1 data 41378
[   68.1374] open fd = -5
[   68.1377] open name host:/livelink.bin flag 1 data 41378
[   68.1381] open fd = -5
[   68.1552] open name host:/livepad.bin flag 1 data 41378
[   68.1567] open fd = 256
[   68.1762] open name host:/livepad.bin flag 1 data 41378
[   68.1777] open fd = 256
[   68.1797] open name host:/livetime.rst flag 1 data 41378
[   68.1803] open fd = -5
[   68.1806] open name host:/livetime.bin flag 602 data 41378
[   68.1825] open fd = 256
[   68.2028] open name host:/livepad.bin flag 1 data 41378
[   68.2042] open fd = 256
[   68.2228] open name host:/livepad.bin flag 1 data 41378
[   68.2243] open fd = 256
[   68.2437] open name host:/livepad.bin flag 1 data 41378
[   68.2454] open fd = 256
[   68.2475] open name host:/livedbg.cmd flag 1 data 41378
[   68.2487] open fd = 256
[   68.2509] open name host:/livedbg.bin flag 602 data 41378
[   68.2529] open fd = 256
[   68.2720] open name host:/livepad.bin flag 1 data 41378
[   68.2738] open fd = 256
[   68.2755] open name host:/livetex.bin flag 1 data 41378
[   68.2759] open fd = -5
[   68.2762] open name host:/livelink.bin flag 1 data 41378
[   68.2767] open fd = -5
[   68.2941] open name host:/livepad.bin flag 1 data 41378
[   68.2958] open fd = 256
[   68.3136] open name host:/livepad.bin flag 1 data 41378
[   68.3152] open fd = 256
[   68.3169] open name host:/livetime.rst flag 1 data 41378
[   68.3174] open fd = -5
[   68.3177] open name host:/livetime.bin flag 602 data 41378
[   68.3196] open fd = 256
[   68.3388] open name host:/livepad.bin flag 1 data 41378
[   68.3403] open fd = 256
[   68.3576] open name host:/livepad.bin flag 1 data 41378
[   68.3591] open fd = 256
[   68.3839] open name host:/livepad.bin flag 1 data 41378
[   68.3863] open fd = 256
[   68.3889] open name host:/livedbg.cmd flag 1 data 41378
[   68.3913] open fd = 256
[   68.3941] open name host:/livedbg.bin flag 602 data 41378
[   68.3986] open fd = 256
[   68.4218] open name host:/livepad.bin flag 1 data 41378
[   68.4235] open fd = 256
[   68.4255] open name host:/livetex.bin flag 1 data 41378
[   68.4261] open fd = -5
[   68.4264] open name host:/livelink.bin flag 1 data 41378
[   68.4270] open fd = -5
[   68.4448] open name host:/livepad.bin flag 1 data 41378
[   68.4464] open fd = 256
[   68.4655] open name host:/livepad.bin flag 1 data 41378
[   68.4670] open fd = 256
[   68.4685] open name host:/livetime.rst flag 1 data 41378
[   68.4690] open fd = -5
[   68.4693] open name host:/livetime.bin flag 602 data 41378
[   68.4713] open fd = 256
[   68.4909] open name host:/livepad.bin flag 1 data 41378
[   68.4924] open fd = 256
[   68.5110] open name host:/livepad.bin flag 1 data 41378
[   68.5129] open fd = 256
[   68.5337] open name host:/livepad.bin flag 1 data 41378
[   68.5353] open fd = 256
[   68.5371] open name host:/livedbg.cmd flag 1 data 41378
[   68.5384] open fd = 256
[   68.5402] open name host:/livedbg.bin flag 602 data 41378
[   68.5421] open fd = 256
[   68.5603] open name host:/livepad.bin flag 1 data 41378
[   68.5624] open fd = 256
[   68.5646] open name host:/livetex.bin flag 1 data 41378
[   68.5652] open fd = -5
[   68.5654] open name host:/livelink.bin flag 1 data 41378
[   68.5659] open fd = -5
[   68.5834] open name host:/livepad.bin flag 1 data 41378
[   68.5852] open fd = 256
[   68.6035] open name host:/livepad.bin flag 1 data 41378
[   68.6051] open fd = 256
[   68.6070] open name host:/livetime.rst flag 1 data 41378
[   68.6075] open fd = -5
[   68.6078] open name host:/livetime.bin flag 602 data 41378
[   68.6096] open fd = 256
[   68.6285] open name host:/livepad.bin flag 1 data 41378
[   68.6306] open fd = 256
[   68.6496] open name host:/livepad.bin flag 1 data 41378
[   68.6513] open fd = 256
[   68.6705] open name host:/livepad.bin flag 1 data 41378
[   68.6720] open fd = 256
[   68.6741] open name host:/livedbg.cmd flag 1 data 41378
[   68.6755] open fd = 256
[   68.6775] open name host:/livedbg.bin flag 602 data 41378
[   68.6796] open fd = 256
[   68.6985] open name host:/livepad.bin flag 1 data 41378
[   68.7000] open fd = 256
[   68.7017] open name host:/livetex.bin flag 1 data 41378
[   68.7022] open fd = -5
[   68.7024] open name host:/livelink.bin flag 1 data 41378
[   68.7029] open fd = -5
[   68.7199] open name host:/livepad.bin flag 1 data 41378
[   68.7215] open fd = 256
[   68.7388] open name host:/livepad.bin flag 1 data 41378
[   68.7403] open fd = 256
[   68.7423] open name host:/livetime.rst flag 1 data 41378
[   68.7429] open fd = -5
[   68.7432] open name host:/livetime.bin flag 602 data 41378
[   68.7452] open fd = 256
[   68.7639] open name host:/livepad.bin flag 1 data 41378
[   68.7655] open fd = 256
[   68.7837] open name host:/livepad.bin flag 1 data 41378
[   68.7852] open fd = 256
[   68.8034] open name host:/livepad.bin flag 1 data 41378
[   68.8049] open fd = 256
[   68.8066] open name host:/livedbg.cmd flag 1 data 41378
[   68.8079] open fd = 256
[   68.8098] open name host:/livedbg.bin flag 602 data 41378
[   68.8121] open fd = 256
[   68.8303] open name host:/livepad.bin flag 1 data 41378
[   68.8319] open fd = 256
[   68.8339] open name host:/livetex.bin flag 1 data 41378
[   68.8344] open fd = -5
[   68.8346] open name host:/livelink.bin flag 1 data 41378
[   68.8352] open fd = -5
[   68.8552] open name host:/livepad.bin flag 1 data 41378
[   68.8568] open fd = 256
[   68.8754] open name host:/livepad.bin flag 1 data 41378
[   68.8771] open fd = 256
[   68.8787] open name host:/livetime.rst flag 1 data 41378
[   68.8794] open fd = -5
[   68.8797] open name host:/livetime.bin flag 602 data 41378
[   68.8822] open fd = 256
[   68.9011] open name host:/livepad.bin flag 1 data 41378
[   68.9025] open fd = 256
[   68.9204] open name host:/livepad.bin flag 1 data 41378
[   68.9219] open fd = 256
[   68.9417] open name host:/livepad.bin flag 1 data 41378
[   68.9433] open fd = 256
[   68.9451] open name host:/livedbg.cmd flag 1 data 41378
[   68.9466] open fd = 256
[   68.9487] open name host:/livedbg.bin flag 602 data 41378
[   68.9507] open fd = 256
[   68.9696] open name host:/livepad.bin flag 1 data 41378
[   68.9713] open fd = 256
[   68.9732] open name host:/livetex.bin flag 1 data 41378
[   68.9736] open fd = -5
[   68.9739] open name host:/livelink.bin flag 1 data 41378
[   68.9744] open fd = -5
[   68.9918] open name host:/livepad.bin flag 1 data 41378
[   68.9936] open fd = 256
[   69.0120] open name host:/livepad.bin flag 1 data 41378
[   69.0139] open fd = 256
[   69.0156] open name host:/livetime.rst flag 1 data 41378
[   69.0161] open fd = -5
[   69.0163] open name host:/livetime.bin flag 602 data 41378
[   69.0181] open fd = 256
[   69.0358] open name host:/livepad.bin flag 1 data 41378
[   69.0375] open fd = 256
[   69.0555] open name host:/livepad.bin flag 1 data 41378
[   69.0572] open fd = 256
[   69.0750] open name host:/livepad.bin flag 1 data 41378
[   69.0765] open fd = 256
[   69.0783] open name host:/livedbg.cmd flag 1 data 41378
[   69.0795] open fd = 256
[   69.0812] open name host:/livedbg.bin flag 602 data 41378
[   69.0830] open fd = 256
[   69.1008] open name host:/livepad.bin flag 1 data 41378
[   69.1024] open fd = 256
[   69.1041] open name host:/livetex.bin flag 1 data 41378
[   69.1046] open fd = -5
[   69.1049] open name host:/livelink.bin flag 1 data 41378
[   69.1053] open fd = -5
[   69.1228] open name host:/livepad.bin flag 1 data 41378
[   69.1245] open fd = 256
[   69.1441] open name host:/livepad.bin flag 1 data 41378
[   69.1456] open fd = 256
[   69.1478] open name host:/livetime.rst flag 1 data 41378
[   69.1483] open fd = -5
[   69.1486] open name host:/livetime.bin flag 602 data 41378
[   69.1506] open fd = 256
[   69.1689] open name host:/livepad.bin flag 1 data 41378
[   69.1704] open fd = 256
[   69.1884] open name host:/livepad.bin flag 1 data 41378
[   69.1900] open fd = 256
[   69.2086] open name host:/livepad.bin flag 1 data 41378
[   69.2101] open fd = 256
[   69.2120] open name host:/livedbg.cmd flag 1 data 41378
[   69.2133] open fd = 256
[   69.2154] open name host:/livedbg.bin flag 602 data 41378
[   69.2174] open fd = 256
[   69.2359] open name host:/livepad.bin flag 1 data 41378
[   69.2374] open fd = 256
[   69.2391] open name host:/livetex.bin flag 1 data 41378
[   69.2397] open fd = -5
[   69.2400] open name host:/livelink.bin flag 1 data 41378
[   69.2405] open fd = -5
[   69.2565] FRAMEARENA frames=2520 peak=1033488 resets=2278 fallbacks=0 maxFrameBytes=2773552 maxBorrowed=2184480 freeKiB=16901
[   69.2570] NATIVEVIF frames=2520 batches=7198
[   69.2574] ORDEREDFRAME frames=2520 splitFrames=1201
[   69.2577] FRAMEPIPELINE starts=2520 dmaBusyStarts=1030
[   69.2581] open name host:/livepad.bin flag 1 data 41378
[   69.2593] open fd = 256
[   69.2766] open name host:/livepad.bin flag 1 data 41378
[   69.2783] open fd = 256
[   69.2803] open name host:/livetime.rst flag 1 data 41378
[   69.2809] open fd = -5
[   69.2812] open name host:/livetime.bin flag 602 data 41378
[   69.2831] open fd = 256
[   69.3009] open name host:/livepad.bin flag 1 data 41378
[   69.3024] open fd = 256
[   69.3197] open name host:/livepad.bin flag 1 data 41378
[   69.3211] open fd = 256
[   69.3390] open name host:/livepad.bin flag 1 data 41378
[   69.3405] open fd = 256
[   69.3422] open name host:/livedbg.cmd flag 1 data 41378
[   69.3435] open fd = 256
[   69.3454] open name host:/livedbg.bin flag 602 data 41378
[   69.3473] open fd = 256
[   69.3652] open name host:/livepad.bin flag 1 data 41378
[   69.3671] open fd = 256
[   69.3689] open name host:/livetex.bin flag 1 data 41378
[   69.3695] open fd = -5
[   69.3698] open name host:/livelink.bin flag 1 data 41378
[   69.3703] open fd = -5
[   69.3873] open name host:/livepad.bin flag 1 data 41378
[   69.3887] open fd = 256
[   69.4068] open name host:/livepad.bin flag 1 data 41378
[   69.4084] open fd = 256
[   69.4101] open name host:/livetime.rst flag 1 data 41378
[   69.4107] open fd = -5
[   69.4110] open name host:/livetime.bin flag 602 data 41378
[   69.4130] open fd = 256
[   69.4322] open name host:/livepad.bin flag 1 data 41378
[   69.4339] open fd = 256
[   69.4525] open name host:/livepad.bin flag 1 data 41378
[   69.4540] open fd = 256
[   69.4735] open name host:/livepad.bin flag 1 data 41378
[   69.4751] open fd = 256
[   69.4767] open name host:/livedbg.cmd flag 1 data 41378
[   69.4780] open fd = 256
[   69.4799] open name host:/livedbg.bin flag 602 data 41378
[   69.4823] open fd = 256
[   69.5009] open name host:/livepad.bin flag 1 data 41378
[   69.5025] open fd = 256
[   69.5044] open name host:/livetex.bin flag 1 data 41378
[   69.5050] open fd = -5
[   69.5052] open name host:/livelink.bin flag 1 data 41378
[   69.5056] open fd = -5
[   69.5231] open name host:/livepad.bin flag 1 data 41378
[   69.5245] open fd = 256
[   69.5430] open name host:/livepad.bin flag 1 data 41378
[   69.5444] open fd = 256
[   69.5462] open name host:/livetime.rst flag 1 data 41378
[   69.5466] open fd = -5
[   69.5469] open name host:/livetime.bin flag 602 data 41378
[   69.5487] open fd = 256
[   69.5664] open name host:/livepad.bin flag 1 data 41378
[   69.5680] open fd = 256
[   69.5852] open name host:/livepad.bin flag 1 data 41378
[   69.5865] open fd = 256
[   69.6040] open name host:/livepad.bin flag 1 data 41378
[   69.6055] open fd = 256
[   69.6073] open name host:/livedbg.cmd flag 1 data 41378
[   69.6087] open fd = 256
[   69.6105] open name host:/livedbg.bin flag 602 data 41378
[   69.6128] open fd = 256
[   69.6300] open name host:/livepad.bin flag 1 data 41378
[   69.6316] open fd = 256
[   69.6336] open name host:/livetex.bin flag 1 data 41378
[   69.6340] open fd = -5
[   69.6343] open name host:/livelink.bin flag 1 data 41378
[   69.6348] open fd = -5
[   69.6510] open name host:/livepad.bin flag 1 data 41378
[   69.6527] open fd = 256
[   69.6717] open name host:/livepad.bin flag 1 data 41378
[   69.6732] open fd = 256
[   69.6753] open name host:/livetime.rst flag 1 data 41378
[   69.6760] open fd = -5
[   69.6763] open name host:/livetime.bin flag 602 data 41378
[   69.6784] open fd = 256
[   69.6971] open name host:/livepad.bin flag 1 data 41378
[   69.6986] open fd = 256
[   69.7174] open name host:/livepad.bin flag 1 data 41378
[   69.7190] open fd = 256
[   69.7388] open name host:/livepad.bin flag 1 data 41378
[   69.7403] open fd = 256
[   69.7418] open name host:/livedbg.cmd flag 1 data 41378
[   69.7431] open fd = 256
[   69.7449] open name host:/livedbg.bin flag 602 data 41378
[   69.7469] open fd = 256
[   69.7653] open name host:/livepad.bin flag 1 data 41378
[   69.7669] open fd = 256
[   69.7688] open name host:/livetex.bin flag 1 data 41378
[   69.7693] open fd = -5
[   69.7696] open name host:/livelink.bin flag 1 data 41378
[   69.7701] open fd = -5
[   69.7883] open name host:/livepad.bin flag 1 data 41378
[   69.7899] open fd = 256
[   69.8098] open name host:/livepad.bin flag 1 data 41378
[   69.8116] open fd = 256
[   69.8137] open name host:/livetime.rst flag 1 data 41378
[   69.8143] open fd = -5
[   69.8146] open name host:/livetime.bin flag 602 data 41378
[   69.8166] open fd = 256
[   69.8356] open name host:/livepad.bin flag 1 data 41378
[   69.8374] open fd = 256
[   69.8561] open name host:/livepad.bin flag 1 data 41378
[   69.8579] open fd = 256
[   69.8759] open name host:/livepad.bin flag 1 data 41378
[   69.8777] open fd = 256
[   69.8796] open name host:/livedbg.cmd flag 1 data 41378
[   69.8813] open fd = 256
[   69.8834] open name host:/livedbg.bin flag 602 data 41378
[   69.8853] open fd = 256
[   69.9040] open name host:/livepad.bin flag 1 data 41378
[   69.9058] open fd = 256
[   69.9075] open name host:/livetex.bin flag 1 data 41378
[   69.9081] open fd = -5
[   69.9084] open name host:/livelink.bin flag 1 data 41378
[   69.9089] open fd = -5
[   69.9259] open name host:/livepad.bin flag 1 data 41378
[   69.9276] open fd = 256
[   69.9482] open name host:/livepad.bin flag 1 data 41378
[   69.9499] open fd = 256
[   69.9520] open name host:/livetime.rst flag 1 data 41378
[   69.9527] open fd = -5
[   69.9531] open name host:/livetime.bin flag 602 data 41378
[   69.9551] open fd = 256
[   69.9742] open name host:/livepad.bin flag 1 data 41378
[   69.9760] open fd = 256
[   69.9971] open name host:/livepad.bin flag 1 data 41378
[   69.9994] open fd = 256
[   70.0189] open name host:/livepad.bin flag 1 data 41378
[   70.0206] open fd = 256
[   70.0222] open name host:/livedbg.cmd flag 1 data 41378
[   70.0234] open fd = 256
[   70.0255] open name host:/livedbg.bin flag 602 data 41378
[   70.0275] open fd = 256
[   70.0463] open name host:/livepad.bin flag 1 data 41378
[   70.0479] open fd = 256
[   70.0498] open name host:/livetex.bin flag 1 data 41378
[   70.0504] open fd = -5
[   70.0507] open name host:/livelink.bin flag 1 data 41378
[   70.0511] open fd = -5
[   70.0681] open name host:/livepad.bin flag 1 data 41378
[   70.0699] open fd = 256
[   70.0886] open name host:/livepad.bin flag 1 data 41378
[   70.0903] open fd = 256
[   70.0921] open name host:/livetime.rst flag 1 data 41378
[   70.0927] open fd = -5
[   70.0931] open name host:/livetime.bin flag 602 data 41378
[   70.0950] open fd = 256
[   70.1152] open name host:/livepad.bin flag 1 data 41378
[   70.1168] open fd = 256
[   70.1365] open name host:/livepad.bin flag 1 data 41378
[   70.1381] open fd = 256
[   70.1574] open name host:/livepad.bin flag 1 data 41378
[   70.1591] open fd = 256
[   70.1613] open name host:/livedbg.cmd flag 1 data 41378
[   70.1626] open fd = 256
[   70.1647] open name host:/livedbg.bin flag 602 data 41378
[   70.1669] open fd = 256
[   70.1877] open name host:/livepad.bin flag 1 data 41378
[   70.1892] open fd = 256
[   70.1909] open name host:/livetex.bin flag 1 data 41378
[   70.1914] open fd = -5
[   70.1916] open name host:/livelink.bin flag 1 data 41378
[   70.1921] open fd = -5
[   70.2089] open name host:/livepad.bin flag 1 data 41378
[   70.2106] open fd = 256
[   70.2297] open name host:/livepad.bin flag 1 data 41378
[   70.2316] open fd = 256
[   70.2339] open name host:/livetime.rst flag 1 data 41378
[   70.2345] open fd = -5
[   70.2349] open name host:/livetime.bin flag 602 data 41378
[   70.2374] open fd = 256
[   70.2568] open name host:/livepad.bin flag 1 data 41378
[   70.2583] open fd = 256
[   70.2762] open name host:/livepad.bin flag 1 data 41378
[   70.2777] open fd = 256
[   70.2982] open name host:/livepad.bin flag 1 data 41378
[   70.3000] open fd = 256
[   70.3017] open name host:/livedbg.cmd flag 1 data 41378
[   70.3030] open fd = 256
[   70.3048] open name host:/livedbg.bin flag 602 data 41378
[   70.3067] open fd = 256
[   70.3266] open name host:/livepad.bin flag 1 data 41378
[   70.3283] open fd = 256
[   70.3300] open name host:/livetex.bin flag 1 data 41378
[   70.3305] open fd = -5
[   70.3309] open name host:/livelink.bin flag 1 data 41378
[   70.3313] open fd = -5
[   70.3486] open name host:/livepad.bin flag 1 data 41378
[   70.3501] open fd = 256
[   70.3694] open name host:/livepad.bin flag 1 data 41378
[   70.3711] open fd = 256
[   70.3730] open name host:/livetime.rst flag 1 data 41378
[   70.3735] open fd = -5
[   70.3737] open name host:/livetime.bin flag 602 data 41378
[   70.3756] open fd = 256
[   70.3942] open name host:/livepad.bin flag 1 data 41378
[   70.3959] open fd = 256
[   70.4149] open name host:/livepad.bin flag 1 data 41378
[   70.4165] open fd = 256
[   70.4367] open name host:/livepad.bin flag 1 data 41378
[   70.4383] open fd = 256
[   70.4402] open name host:/livedbg.cmd flag 1 data 41378
[   70.4415] open fd = 256
[   70.4435] open name host:/livedbg.bin flag 602 data 41378
[   70.4456] open fd = 256
[   70.4647] open name host:/livepad.bin flag 1 data 41378
[   70.4661] open fd = 256
[   70.4677] open name host:/livetex.bin flag 1 data 41378
[   70.4683] open fd = -5
[   70.4687] open name host:/livelink.bin flag 1 data 41378
[   70.4691] open fd = -5
[   70.4858] open name host:/livepad.bin flag 1 data 41378
[   70.4875] open fd = 256
[   70.5071] open name host:/livepad.bin flag 1 data 41378
[   70.5087] open fd = 256
[   70.5106] open name host:/livetime.rst flag 1 data 41378
[   70.5113] open fd = -5
[   70.5117] open name host:/livetime.bin flag 602 data 41378
[   70.5148] open fd = 256
[   70.5333] open name host:/livepad.bin flag 1 data 41378
[   70.5350] open fd = 256
[   70.5546] open name host:/livepad.bin flag 1 data 41378
[   70.5561] open fd = 256
[   70.5742] open name host:/livepad.bin flag 1 data 41378
[   70.5758] open fd = 256
[   70.5774] open name host:/livedbg.cmd flag 1 data 41378
[   70.5786] open fd = 256
[   70.5810] open name host:/livedbg.bin flag 602 data 41378
[   70.5832] open fd = 256
[   70.6025] open name host:/livepad.bin flag 1 data 41378
[   70.6042] open fd = 256
[   70.6060] open name host:/livetex.bin flag 1 data 41378
[   70.6065] open fd = -5
[   70.6068] open name host:/livelink.bin flag 1 data 41378
[   70.6073] open fd = -5
[   70.6267] open name host:/livepad.bin flag 1 data 41378
[   70.6284] open fd = 256
[   70.6487] open name host:/livepad.bin flag 1 data 41378
[   70.6503] open fd = 256
[   70.6520] open name host:/livetime.rst flag 1 data 41378
[   70.6528] open fd = -5
[   70.6531] open name host:/livetime.bin flag 602 data 41378
[   70.6550] open fd = 256
[   70.6748] open name host:/livepad.bin flag 1 data 41378
[   70.6768] open fd = 256
[   70.6974] open name host:/livepad.bin flag 1 data 41378
[   70.6991] open fd = 256
[   70.7189] open name host:/livepad.bin flag 1 data 41378
[   70.7206] open fd = 256
[   70.7230] open name host:/livedbg.cmd flag 1 data 41378
[   70.7244] open fd = 256
[   70.7264] open name host:/livedbg.bin flag 602 data 41378
[   70.7284] open fd = 256
[   70.7490] open name host:/livepad.bin flag 1 data 41378
[   70.7509] open fd = 256
[   70.7534] open name host:/livetex.bin flag 1 data 41378
[   70.7541] open fd = -5
[   70.7544] open name host:/livelink.bin flag 1 data 41378
[   70.7549] open fd = -5
[   70.7719] open name host:/livepad.bin flag 1 data 41378
[   70.7740] open fd = 256
[   70.7945] open name host:/livepad.bin flag 1 data 41378
[   70.7966] open fd = 256
[   70.7989] open name host:/livetime.rst flag 1 data 41378
[   70.7996] open fd = -5
[   70.8001] open name host:/livetime.bin flag 602 data 41378
[   70.8023] open fd = 256
[   70.8214] open name host:/livepad.bin flag 1 data 41378
[   70.8231] open fd = 256
[   70.8453] open name host:/livepad.bin flag 1 data 41378
[   70.8472] open fd = 256
[   70.8667] open name host:/livepad.bin flag 1 data 41378
[   70.8686] open fd = 256
[   70.8707] open name host:/livedbg.cmd flag 1 data 41378
[   70.8722] open fd = 256
[   70.8743] open name host:/livedbg.bin flag 602 data 41378
[   70.8763] open fd = 256
[   70.8982] open name host:/livepad.bin flag 1 data 41378
[   70.8997] open fd = 256
[   70.9015] open name host:/livetex.bin flag 1 data 41378
[   70.9022] open fd = -5
[   70.9025] open name host:/livelink.bin flag 1 data 41378
[   70.9031] open fd = -5
[   70.9221] open name host:/livepad.bin flag 1 data 41378
[   70.9237] open fd = 256
[   70.9464] open name host:/livepad.bin flag 1 data 41378
[   70.9482] open fd = 256
[   70.9501] open name host:/livetime.rst flag 1 data 41378
[   70.9507] open fd = -5
[   70.9510] open name host:/livetime.bin flag 602 data 41378
[   70.9531] open fd = 256
[   70.9752] open name host:/livepad.bin flag 1 data 41378
[   70.9806] open fd = 256
[   71.0065] open name host:/livepad.bin flag 1 data 41378
[   71.0084] open fd = 256
[   71.0302] open name host:/livepad.bin flag 1 data 41378
[   71.0321] open fd = 256
[   71.0341] open name host:/livedbg.cmd flag 1 data 41378
[   71.0357] open fd = 256
[   71.0378] open name host:/livedbg.bin flag 602 data 41378
[   71.0400] open fd = 256
[   71.0608] open name host:/livepad.bin flag 1 data 41378
[   71.0626] open fd = 256
[   71.0645] open name host:/livetex.bin flag 1 data 41378
[   71.0650] open fd = -5
[   71.0653] open name host:/livelink.bin flag 1 data 41378
[   71.0658] open fd = -5
[   71.0840] open name host:/livepad.bin flag 1 data 41378
[   71.0856] open fd = 256
[   71.1038] open name host:/livepad.bin flag 1 data 41378
[   71.1053] open fd = 256
[   71.1073] open name host:/livetime.rst flag 1 data 41378
[   71.1078] open fd = -5
[   71.1081] open name host:/livetime.bin flag 602 data 41378
[   71.1099] open fd = 256
[   71.1297] open name host:/livepad.bin flag 1 data 41378
[   71.1315] open fd = 256
[   71.1523] open name host:/livepad.bin flag 1 data 41378
[   71.1538] open fd = 256
[   71.1736] open name host:/livepad.bin flag 1 data 41378
[   71.1752] open fd = 256
[   71.1773] open name host:/livedbg.cmd flag 1 data 41378
[   71.1790] open fd = 256
[   71.1814] open name host:/livedbg.bin flag 602 data 41378
[   71.1844] open fd = 256
[   71.2036] open name host:/livepad.bin flag 1 data 41378
[   71.2050] open fd = 256
[   71.2069] open name host:/livetex.bin flag 1 data 41378
[   71.2075] open fd = -5
[   71.2077] open name host:/livelink.bin flag 1 data 41378
[   71.2082] open fd = -5
[   71.2264] open name host:/livepad.bin flag 1 data 41378
[   71.2280] open fd = 256
[   71.2480] open name host:/livepad.bin flag 1 data 41378
[   71.2497] open fd = 256
[   71.2520] open name host:/livetime.rst flag 1 data 41378
[   71.2526] open fd = -5
[   71.2531] open name host:/livetime.bin flag 602 data 41378
[   71.2551] open fd = 256
[   71.2757] open name host:/livepad.bin flag 1 data 41378
[   71.2772] open fd = 256
[   71.2958] open name host:/livepad.bin flag 1 data 41378
[   71.2975] open fd = 256
[   71.3173] open name host:/livepad.bin flag 1 data 41378
[   71.3188] open fd = 256
[   71.3209] open name host:/livedbg.cmd flag 1 data 41378
[   71.3223] open fd = 256
[   71.3242] open name host:/livedbg.bin flag 602 data 41378
[   71.3260] open fd = 256
[   71.3442] open name host:/livepad.bin flag 1 data 41378
[   71.3464] open fd = 256
[   71.3488] open name host:/livetex.bin flag 1 data 41378
[   71.3495] open fd = -5
[   71.3498] open name host:/livelink.bin flag 1 data 41378
[   71.3506] open fd = -5
[   71.3749] open name host:/livepad.bin flag 1 data 41378
[   71.3772] open fd = 256
[   71.3990] open name host:/livepad.bin flag 1 data 41378
[   71.4009] open fd = 256
[   71.4027] open name host:/livetime.rst flag 1 data 41378
[   71.4032] open fd = -5
[   71.4036] open name host:/livetime.bin flag 602 data 41378
[   71.4055] open fd = 256
[   71.4245] open name host:/livepad.bin flag 1 data 41378
[   71.4261] open fd = 256
[   71.4438] open name host:/livepad.bin flag 1 data 41378
[   71.4454] open fd = 256
[   71.4634] open name host:/livepad.bin flag 1 data 41378
[   71.4654] open fd = 256
[   71.4671] open name host:/livedbg.cmd flag 1 data 41378
[   71.4684] open fd = 256
[   71.4704] open name host:/livedbg.bin flag 602 data 41378
[   71.4726] open fd = 256
[   71.4916] open name host:/livepad.bin flag 1 data 41378
[   71.4933] open fd = 256
[   71.4952] open name host:/livetex.bin flag 1 data 41378
[   71.4959] open fd = -5
[   71.4962] open name host:/livelink.bin flag 1 data 41378
[   71.4968] open fd = -5
[   71.5132] open name host:/livepad.bin flag 1 data 41378
[   71.5149] open fd = 256
[   71.5340] open name host:/livepad.bin flag 1 data 41378
[   71.5358] open fd = 256
[   71.5375] open name host:/livetime.rst flag 1 data 41378
[   71.5380] open fd = -5
[   71.5383] open name host:/livetime.bin flag 602 data 41378
[   71.5402] open fd = 256
[   71.5579] open name host:/livepad.bin flag 1 data 41378
[   71.5594] open fd = 256
[   71.5788] open name host:/livepad.bin flag 1 data 41378
[   71.5807] open fd = 256
[   71.5992] open name host:/livepad.bin flag 1 data 41378
[   71.6009] open fd = 256
[   71.6027] open name host:/livedbg.cmd flag 1 data 41378
[   71.6039] open fd = 256
[   71.6057] open name host:/livedbg.bin flag 602 data 41378
[   71.6077] open fd = 256
[   71.6262] open name host:/livepad.bin flag 1 data 41378
[   71.6280] open fd = 256
[   71.6299] open name host:/livetex.bin flag 1 data 41378
[   71.6307] open fd = -5
[   71.6312] open name host:/livelink.bin flag 1 data 41378
[   71.6319] open fd = -5
[   71.6493] open name host:/livepad.bin flag 1 data 41378
[   71.6513] open fd = 256
[   71.6709] open name host:/livepad.bin flag 1 data 41378
[   71.6727] open fd = 256
[   71.6745] open name host:/livetime.rst flag 1 data 41378
[   71.6752] open fd = -5
[   71.6756] open name host:/livetime.bin flag 602 data 41378
[   71.6774] open fd = 256
[   71.6963] open name host:/livepad.bin flag 1 data 41378
[   71.6980] open fd = 256
[   71.7173] open name host:/livepad.bin flag 1 data 41378
[   71.7189] open fd = 256
[   71.7368] open name host:/livepad.bin flag 1 data 41378
[   71.7384] open fd = 256
[   71.7398] open name host:/livedbg.cmd flag 1 data 41378
[   71.7410] open fd = 256
[   71.7427] open name host:/livedbg.bin flag 602 data 41378
[   71.7443] open fd = 256
[   71.7630] open name host:/livepad.bin flag 1 data 41378
[   71.7645] open fd = 256
[   71.7664] open name host:/livetex.bin flag 1 data 41378
[   71.7670] open fd = -5
[   71.7672] open name host:/livelink.bin flag 1 data 41378
[   71.7677] open fd = -5
[   71.7839] open name host:/livepad.bin flag 1 data 41378
[   71.7855] open fd = 256
[   71.8030] open name host:/livepad.bin flag 1 data 41378
[   71.8046] open fd = 256
[   71.8065] open name host:/livetime.rst flag 1 data 41378
[   71.8069] open fd = -5
[   71.8072] open name host:/livetime.bin flag 602 data 41378
[   71.8091] open fd = 256
[   71.8278] open name host:/livepad.bin flag 1 data 41378
[   71.8297] open fd = 256
[   71.8474] open name host:/livepad.bin flag 1 data 41378
[   71.8492] open fd = 256
[   71.8667] open name host:/livepad.bin flag 1 data 41378
[   71.8685] open fd = 256
[   71.8702] open name host:/livedbg.cmd flag 1 data 41378
[   71.8716] open fd = 256
[   71.8737] open name host:/livedbg.bin flag 602 data 41378
[   71.8758] open fd = 256
[   71.8934] open name host:/livepad.bin flag 1 data 41378
[   71.8951] open fd = 256
[   71.8969] open name host:/livetex.bin flag 1 data 41378
[   71.8974] open fd = -5
[   71.8976] open name host:/livelink.bin flag 1 data 41378
[   71.8981] open fd = -5
[   71.9137] open name host:/livepad.bin flag 1 data 41378
[   71.9152] open fd = 256
[   71.9339] open name host:/livepad.bin flag 1 data 41378
[   71.9355] open fd = 256
[   71.9371] open name host:/livetime.rst flag 1 data 41378
[   71.9375] open fd = -5
[   71.9378] open name host:/livetime.bin flag 602 data 41378
[   71.9397] open fd = 256
[   71.9572] open name host:/livepad.bin flag 1 data 41378
[   71.9588] open fd = 256
[   71.9767] open name host:/livepad.bin flag 1 data 41378
[   71.9784] open fd = 256
[   71.9964] open name host:/livepad.bin flag 1 data 41378
[   71.9978] open fd = 256
[   71.9995] open name host:/livedbg.cmd flag 1 data 41378
[   72.0007] open fd = 256
[   72.0023] open name host:/livedbg.bin flag 602 data 41378
[   72.0041] open fd = 256
[   72.0234] open name host:/livepad.bin flag 1 data 41378
[   72.0251] open fd = 256
[   72.0266] open name host:/livetex.bin flag 1 data 41378
[   72.0271] open fd = -5
[   72.0273] open name host:/livelink.bin flag 1 data 41378
[   72.0278] open fd = -5
[   72.0437] FRAMEARENA frames=2640 peak=1033488 resets=2518 fallbacks=0 maxFrameBytes=2773552 maxBorrowed=2184480 freeKiB=16901
[   72.0441] NATIVEVIF frames=2640 batches=7798
[   72.0446] ORDEREDFRAME frames=2640 splitFrames=1321
[   72.0449] FRAMEPIPELINE starts=2640 dmaBusyStarts=1030
[   72.0453] open name host:/livepad.bin flag 1 data 41378
[   72.0468] open fd = 256
[   72.0657] open name host:/livepad.bin flag 1 data 41378
[   72.0676] open fd = 256
[   72.0695] open name host:/livetime.rst flag 1 data 41378
[   72.0703] open fd = -5
[   72.0706] open name host:/livetime.bin flag 602 data 41378
[   72.0727] open fd = 256
[   72.0921] open name host:/livepad.bin flag 1 data 41378
[   72.0936] open fd = 256
[   72.1110] open name host:/livepad.bin flag 1 data 41378
[   72.1126] open fd = 256
[   72.1305] open name host:/livepad.bin flag 1 data 41378
[   72.1323] open fd = 256
[   72.1344] open name host:/livedbg.cmd flag 1 data 41378
[   72.1359] open fd = 256
[   72.1378] open name host:/livedbg.bin flag 602 data 41378
[   72.1396] open fd = 256
[   72.1581] open name host:/livepad.bin flag 1 data 41378
[   72.1596] open fd = 256
[   72.1613] open name host:/livetex.bin flag 1 data 41378
[   72.1619] open fd = -5
[   72.1622] open name host:/livelink.bin flag 1 data 41378
[   72.1627] open fd = -5
[   72.1788] open name host:/livepad.bin flag 1 data 41378
[   72.1808] open fd = 256
[   72.1980] open name host:/livepad.bin flag 1 data 41378
[   72.1996] open fd = 256
[   72.2014] open name host:/livetime.rst flag 1 data 41378
[   72.2019] open fd = -5
[   72.2022] open name host:/livetime.bin flag 602 data 41378
[   72.2041] open fd = 256
[   72.2224] open name host:/livepad.bin flag 1 data 41378
[   72.2240] open fd = 256
[   72.2411] open name host:/livepad.bin flag 1 data 41378
[   72.2425] open fd = 256
[   72.2609] open name host:/livepad.bin flag 1 data 41378
[   72.2624] open fd = 256
[   72.2642] open name host:/livedbg.cmd flag 1 data 41378
[   72.2657] open fd = 256
[   72.2674] open name host:/livedbg.bin flag 602 data 41378
[   72.2693] open fd = 256
[   72.2878] open name host:/livepad.bin flag 1 data 41378
[   72.2893] open fd = 256
[   72.2911] open name host:/livetex.bin flag 1 data 41378
[   72.2919] open fd = -5
[   72.2923] open name host:/livelink.bin flag 1 data 41378
[   72.2927] open fd = -5
[   72.3083] open name host:/livepad.bin flag 1 data 41378
[   72.3099] open fd = 256
[   72.3275] open name host:/livepad.bin flag 1 data 41378
[   72.3288] open fd = 256
[   72.3307] open name host:/livetime.rst flag 1 data 41378
[   72.3314] open fd = -5
[   72.3319] open name host:/livetime.bin flag 602 data 41378
[   72.3337] open fd = 256
[   72.3512] open name host:/livepad.bin flag 1 data 41378
[   72.3526] open fd = 256
[   72.3710] open name host:/livepad.bin flag 1 data 41378
[   72.3723] open fd = 256
[   72.3902] open name host:/livepad.bin flag 1 data 41378
[   72.3921] open fd = 256
[   72.3939] open name host:/livedbg.cmd flag 1 data 41378
[   72.3954] open fd = 256
[   72.3975] open name host:/livedbg.bin flag 602 data 41378
[   72.3995] open fd = 256
[   72.4171] open name host:/livepad.bin flag 1 data 41378
[   72.4189] open fd = 256
[   72.4207] open name host:/livetex.bin flag 1 data 41378
[   72.4214] open fd = -5
[   72.4217] open name host:/livelink.bin flag 1 data 41378
[   72.4223] open fd = -5
[   72.4383] open name host:/livepad.bin flag 1 data 41378
[   72.4400] open fd = 256
[   72.4581] open name host:/livepad.bin flag 1 data 41378
[   72.4594] open fd = 256
[   72.4612] open name host:/livetime.rst flag 1 data 41378
[   72.4620] open fd = -5
[   72.4622] open name host:/livetime.bin flag 602 data 41378
[   72.4642] open fd = 256
[   72.4821] open name host:/livepad.bin flag 1 data 41378
[   72.4836] open fd = 256
[   72.5012] open name host:/livepad.bin flag 1 data 41378
[   72.5029] open fd = 256
[   72.5216] open name host:/livepad.bin flag 1 data 41378
[   72.5231] open fd = 256
[   72.5249] open name host:/livedbg.cmd flag 1 data 41378
[   72.5262] open fd = 256
[   72.5281] open name host:/livedbg.bin flag 602 data 41378
[   72.5303] open fd = 256
[   72.5488] open name host:/livepad.bin flag 1 data 41378
[   72.5502] open fd = 256
[   72.5518] open name host:/livetex.bin flag 1 data 41378
[   72.5523] open fd = -5
[   72.5525] open name host:/livelink.bin flag 1 data 41378
[   72.5530] open fd = -5
[   72.5696] open name host:/livepad.bin flag 1 data 41378
[   72.5709] open fd = 256
[   72.5896] open name host:/livepad.bin flag 1 data 41378
[   72.5911] open fd = 256
[   72.5927] open name host:/livetime.rst flag 1 data 41378
[   72.5936] open fd = -5
[   72.5939] open name host:/livetime.bin flag 602 data 41378
[   72.5959] open fd = 256
[   72.6138] open name host:/livepad.bin flag 1 data 41378
[   72.6153] open fd = 256
[   72.6326] open name host:/livepad.bin flag 1 data 41378
[   72.6343] open fd = 256
[   72.6527] open name host:/livepad.bin flag 1 data 41378
[   72.6543] open fd = 256
[   72.6559] open name host:/livedbg.cmd flag 1 data 41378
[   72.6571] open fd = 256
[   72.6589] open name host:/livedbg.bin flag 602 data 41378
[   72.6607] open fd = 256
[   72.6783] open name host:/livepad.bin flag 1 data 41378
[   72.6798] open fd = 256
[   72.6816] open name host:/livetex.bin flag 1 data 41378
[   72.6822] open fd = -5
[   72.6825] open name host:/livelink.bin flag 1 data 41378
[   72.6830] open fd = -5
[   72.6984] open name host:/livepad.bin flag 1 data 41378
[   72.7001] open fd = 256
[   72.7172] open name host:/livepad.bin flag 1 data 41378
[   72.7187] open fd = 256
[   72.7206] open name host:/livetime.rst flag 1 data 41378
[   72.7212] open fd = -5
[   72.7215] open name host:/livetime.bin flag 602 data 41378
[   72.7233] open fd = 256
[   72.7411] open name host:/livepad.bin flag 1 data 41378
[   72.7426] open fd = 256
[   72.7597] open name host:/livepad.bin flag 1 data 41378
[   72.7614] open fd = 256
[   72.7783] open name host:/livepad.bin flag 1 data 41378
[   72.7798] open fd = 256
[   72.7816] open name host:/livedbg.cmd flag 1 data 41378
[   72.7828] open fd = 256
[   72.7846] open name host:/livedbg.bin flag 602 data 41378
[   72.7863] open fd = 256
[   72.8038] open name host:/livepad.bin flag 1 data 41378
[   72.8052] open fd = 256
[   72.8068] open name host:/livetex.bin flag 1 data 41378
[   72.8072] open fd = -5
[   72.8075] open name host:/livelink.bin flag 1 data 41378
[   72.8079] open fd = -5
[   72.8247] open name host:/livepad.bin flag 1 data 41378
[   72.8261] open fd = 256
[   72.8430] open name host:/livepad.bin flag 1 data 41378
[   72.8445] open fd = 256
[   72.8465] open name host:/livetime.rst flag 1 data 41378
[   72.8471] open fd = -5
[   72.8475] open name host:/livetime.bin flag 602 data 41378
[   72.8495] open fd = 256
[   72.8680] open name host:/livepad.bin flag 1 data 41378
[   72.8695] open fd = 256
[   72.8879] open name host:/livepad.bin flag 1 data 41378
[   72.8894] open fd = 256
[   72.9071] open name host:/livepad.bin flag 1 data 41378
[   72.9086] open fd = 256
[   72.9103] open name host:/livedbg.cmd flag 1 data 41378
[   72.9116] open fd = 256
[   72.9136] open name host:/livedbg.bin flag 602 data 41378
[   72.9155] open fd = 256
[   72.9339] open name host:/livepad.bin flag 1 data 41378
[   72.9355] open fd = 256
[   72.9372] open name host:/livetex.bin flag 1 data 41378
[   72.9377] open fd = -5
[   72.9380] open name host:/livelink.bin flag 1 data 41378
[   72.9384] open fd = -5
[   72.9553] open name host:/livepad.bin flag 1 data 41378
[   72.9567] open fd = 256
[   72.9744] open name host:/livepad.bin flag 1 data 41378
[   72.9759] open fd = 256
[   72.9775] open name host:/livetime.rst flag 1 data 41378
[   72.9780] open fd = -5
[   72.9783] open name host:/livetime.bin flag 602 data 41378
[   72.9801] open fd = 256
[   72.9982] open name host:/livepad.bin flag 1 data 41378
[   72.9997] open fd = 256
[   73.0169] open name host:/livepad.bin flag 1 data 41378
[   73.0182] open fd = 256
[   73.0347] open name host:/livepad.bin flag 1 data 41378
[   73.0363] open fd = 256
[   73.0378] open name host:/livedbg.cmd flag 1 data 41378
[   73.0391] open fd = 256
[   73.0408] open name host:/livedbg.bin flag 602 data 41378
[   73.0425] open fd = 256
[   73.0596] open name host:/livepad.bin flag 1 data 41378
[   73.0611] open fd = 256
[   73.0630] open name host:/livetex.bin flag 1 data 41378
[   73.0636] open fd = -5
[   73.0639] open name host:/livelink.bin flag 1 data 41378
[   73.0644] open fd = -5
[   73.0801] open name host:/livepad.bin flag 1 data 41378
[   73.0817] open fd = 256
[   73.0987] open name host:/livepad.bin flag 1 data 41378
[   73.1002] open fd = 256
[   73.1020] open name host:/livetime.rst flag 1 data 41378
[   73.1025] open fd = -5
[   73.1029] open name host:/livetime.bin flag 602 data 41378
[   73.1047] open fd = 256
[   73.1229] open name host:/livepad.bin flag 1 data 41378
[   73.1243] open fd = 256
[   73.1424] open name host:/livepad.bin flag 1 data 41378
[   73.1440] open fd = 256
[   73.1617] open name host:/livepad.bin flag 1 data 41378
[   73.1632] open fd = 256
[   73.1648] open name host:/livedbg.cmd flag 1 data 41378
[   73.1661] open fd = 256
[   73.1680] open name host:/livedbg.bin flag 602 data 41378
[   73.1699] open fd = 256
[   73.1888] open name host:/livepad.bin flag 1 data 41378
[   73.1907] open fd = 256
[   73.1926] open name host:/livetex.bin flag 1 data 41378
[   73.1933] open fd = -5
[   73.1936] open name host:/livelink.bin flag 1 data 41378
[   73.1941] open fd = -5
[   73.2108] open name host:/livepad.bin flag 1 data 41378
[   73.2124] open fd = 256
[   73.2297] open name host:/livepad.bin flag 1 data 41378
[   73.2313] open fd = 256
[   73.2333] open name host:/livetime.rst flag 1 data 41378
[   73.2338] open fd = -5
[   73.2340] open name host:/livetime.bin flag 602 data 41378
[   73.2358] open fd = 256
[   73.2540] open name host:/livepad.bin flag 1 data 41378
[   73.2553] open fd = 256
[   73.2729] open name host:/livepad.bin flag 1 data 41378
[   73.2744] open fd = 256
[   73.2920] open name host:/livepad.bin flag 1 data 41378
[   73.2934] open fd = 256
[   73.2952] open name host:/livedbg.cmd flag 1 data 41378
[   73.2965] open fd = 256
[   73.2986] open name host:/livedbg.bin flag 602 data 41378
[   73.3006] open fd = 256
[   73.3180] open name host:/livepad.bin flag 1 data 41378
[   73.3195] open fd = 256
[   73.3213] open name host:/livetex.bin flag 1 data 41378
[   73.3221] open fd = -5
[   73.3224] open name host:/livelink.bin flag 1 data 41378
[   73.3229] open fd = -5
[   73.3392] open name host:/livepad.bin flag 1 data 41378
[   73.3407] open fd = 256
[   73.3578] open name host:/livepad.bin flag 1 data 41378
[   73.3591] open fd = 256
[   73.3609] open name host:/livetime.rst flag 1 data 41378
[   73.3616] open fd = -5
[   73.3621] open name host:/livetime.bin flag 602 data 41378
[   73.3642] open fd = 256
[   73.3822] open name host:/livepad.bin flag 1 data 41378
[   73.3837] open fd = 256
[   73.4022] open name host:/livepad.bin flag 1 data 41378
[   73.4038] open fd = 256
[   73.4211] open name host:/livepad.bin flag 1 data 41378
[   73.4226] open fd = 256
[   73.4243] open name host:/livedbg.cmd flag 1 data 41378
[   73.4254] open fd = 256
[   73.4270] open name host:/livedbg.bin flag 602 data 41378
[   73.4291] open fd = 256
[   73.4474] open name host:/livepad.bin flag 1 data 41378
[   73.4488] open fd = 256
[   73.4505] open name host:/livetex.bin flag 1 data 41378
[   73.4510] open fd = -5
[   73.4512] open name host:/livelink.bin flag 1 data 41378
[   73.4517] open fd = -5
[   73.4681] open name host:/livepad.bin flag 1 data 41378
[   73.4698] open fd = 256
[   73.4877] open name host:/livepad.bin flag 1 data 41378
[   73.4892] open fd = 256
[   73.4909] open name host:/livetime.rst flag 1 data 41378
[   73.4914] open fd = -5
[   73.4917] open name host:/livetime.bin flag 602 data 41378
[   73.4938] open fd = 256
[   73.5126] open name host:/livepad.bin flag 1 data 41378
[   73.5141] open fd = 256
[   73.5325] open name host:/livepad.bin flag 1 data 41378
[   73.5343] open fd = 256
[   73.5523] open name host:/livepad.bin flag 1 data 41378
[   73.5542] open fd = 256
[   73.5559] open name host:/livedbg.cmd flag 1 data 41378
[   73.5571] open fd = 256
[   73.5589] open name host:/livedbg.bin flag 602 data 41378
[   73.5607] open fd = 256
[   73.5794] open name host:/livepad.bin flag 1 data 41378
[   73.5810] open fd = 256
[   73.5826] open name host:/livetex.bin flag 1 data 41378
[   73.5831] open fd = -5
[   73.5834] open name host:/livelink.bin flag 1 data 41378
[   73.5839] open fd = -5
[   73.5996] open name host:/livepad.bin flag 1 data 41378
[   73.6012] open fd = 256
[   73.6183] open name host:/livepad.bin flag 1 data 41378
[   73.6198] open fd = 256
[   73.6217] open name host:/livetime.rst flag 1 data 41378
[   73.6223] open fd = -5
[   73.6226] open name host:/livetime.bin flag 602 data 41378
[   73.6245] open fd = 256
[   73.6417] open name host:/livepad.bin flag 1 data 41378
[   73.6432] open fd = 256
[   73.6608] open name host:/livepad.bin flag 1 data 41378
[   73.6624] open fd = 256
[   73.6800] open name host:/log.txt flag 302 data 41378
[   73.6815] open fd = 256
[   73.6833] open name host:/livepad.bin flag 1 data 41378
[   73.6846] open fd = 256
[   73.6863] open name host:/livedbg.cmd flag 1 data 41378
[   73.6874] open fd = 256
[   73.6891] open name host:/livedbg.bin flag 602 data 41378
[   73.6909] open fd = 256
[   73.7087] open name host:/livepad.bin flag 1 data 41378
[   73.7101] open fd = 256
[   73.7118] open name host:/livetex.bin flag 1 data 41378
[   73.7126] open fd = -5
[   73.7130] open name host:/livelink.bin flag 1 data 41378
[   73.7135] open fd = -5
[   73.7298] open name host:/livepad.bin flag 1 data 41378
[   73.7315] open fd = 256
[   73.7499] open name host:/livepad.bin flag 1 data 41378
[   73.7513] open fd = 256
[   73.7532] open name host:/livetime.rst flag 1 data 41378
[   73.7537] open fd = -5
[   73.7541] open name host:/livetime.bin flag 602 data 41378
[   73.7562] open fd = 256
[   73.7745] open name host:/livepad.bin flag 1 data 41378
[   73.7760] open fd = 256
[   73.7934] open name host:/livepad.bin flag 1 data 41378
[   73.7947] open fd = 256
[   73.8135] open name host:/livepad.bin flag 1 data 41378
[   73.8149] open fd = 256
[   73.8165] open name host:/livedbg.cmd flag 1 data 41378
[   73.8176] open fd = 256
[   73.8195] open name host:/livedbg.bin flag 602 data 41378
[   73.8212] open fd = 256
[   73.8384] open name host:/livepad.bin flag 1 data 41378
[   73.8399] open fd = 256
[   73.8416] open name host:/livetex.bin flag 1 data 41378
[   73.8421] open fd = -5
[   73.8423] open name host:/livelink.bin flag 1 data 41378
[   73.8428] open fd = -5
[   73.8596] open name host:/livepad.bin flag 1 data 41378
[   73.8612] open fd = 256
[   73.8792] open name host:/livepad.bin flag 1 data 41378
[   73.8807] open fd = 256
[   73.8823] open name host:/livetime.rst flag 1 data 41378
[   73.8829] open fd = -5
[   73.8833] open name host:/livetime.bin flag 602 data 41378
[   73.8853] open fd = 256
[   73.9025] open name host:/livepad.bin flag 1 data 41378
[   73.9041] open fd = 256
[   73.9220] open name host:/livepad.bin flag 1 data 41378
[   73.9238] open fd = 256
[   73.9419] open name host:/livepad.bin flag 1 data 41378
[   73.9435] open fd = 256
[   73.9452] open name host:/livedbg.cmd flag 1 data 41378
[   73.9464] open fd = 256
[   73.9481] open name host:/livedbg.bin flag 602 data 41378
[   73.9501] open fd = 256
[   73.9692] open name host:/livepad.bin flag 1 data 41378
[   73.9709] open fd = 256
[   73.9725] open name host:/livetex.bin flag 1 data 41378
[   73.9732] open fd = -5
[   73.9735] open name host:/livelink.bin flag 1 data 41378
[   73.9739] open fd = -5
[   73.9904] open name host:/livepad.bin flag 1 data 41378
[   73.9919] open fd = 256
[   74.0095] open name host:/livepad.bin flag 1 data 41378
[   74.0112] open fd = 256
[   74.0134] open name host:/livetime.rst flag 1 data 41378
[   74.0140] open fd = -5
[   74.0142] open name host:/livetime.bin flag 602 data 41378
[   74.0161] open fd = 256
[   74.0349] open name host:/livepad.bin flag 1 data 41378
[   74.0365] open fd = 256
[   74.0540] open name host:/livepad.bin flag 1 data 41378
[   74.0554] open fd = 256
[   74.0730] open name host:/livepad.bin flag 1 data 41378
[   74.0744] open fd = 256
[   74.0759] open name host:/livedbg.cmd flag 1 data 41378
[   74.0772] open fd = 256
[   74.0790] open name host:/livedbg.bin flag 602 data 41378
[   74.0808] open fd = 256
[   74.0976] open name host:/livepad.bin flag 1 data 41378
[   74.0992] open fd = 256
[   74.1008] open name host:/livetex.bin flag 1 data 41378
[   74.1013] open fd = -5
[   74.1016] open name host:/livelink.bin flag 1 data 41378
[   74.1020] open fd = -5
[   74.1177] open name host:/livepad.bin flag 1 data 41378
[   74.1191] open fd = 256
[   74.1368] open name host:/livepad.bin flag 1 data 41378
[   74.1386] open fd = 256
[   74.1403] open name host:/livetime.rst flag 1 data 41378
[   74.1408] open fd = -5
[   74.1411] open name host:/livetime.bin flag 602 data 41378
[   74.1428] open fd = 256
[   74.1601] open name host:/livepad.bin flag 1 data 41378
[   74.1615] open fd = 256
[   74.1797] open name host:/livepad.bin flag 1 data 41378
[   74.1812] open fd = 256
[   74.2004] open name host:/livepad.bin flag 1 data 41378
[   74.2022] open fd = 256
[   74.2041] open name host:/livedbg.cmd flag 1 data 41378
[   74.2053] open fd = 256
[   74.2070] open name host:/livedbg.bin flag 602 data 41378
[   74.2088] open fd = 256
[   74.2269] open name host:/livepad.bin flag 1 data 41378
[   74.2286] open fd = 256
[   74.2307] open name host:/livetex.bin flag 1 data 41378
[   74.2312] open fd = -5
[   74.2316] open name host:/livelink.bin flag 1 data 41378
[   74.2321] open fd = -5
[   74.2485] open name host:/livepad.bin flag 1 data 41378
[   74.2502] open fd = 256
[   74.2684] open name host:/livepad.bin flag 1 data 41378
[   74.2701] open fd = 256
[   74.2721] open name host:/livetime.rst flag 1 data 41378
[   74.2727] open fd = -5
[   74.2729] open name host:/livetime.bin flag 602 data 41378
[   74.2748] open fd = 256
[   74.2924] open name host:/livepad.bin flag 1 data 41378
[   74.2939] open fd = 256
[   74.3117] open name host:/livepad.bin flag 1 data 41378
[   74.3132] open fd = 256
[   74.3312] open name host:/livepad.bin flag 1 data 41378
[   74.3329] open fd = 256
[   74.3346] open name host:/livedbg.cmd flag 1 data 41378
[   74.3358] open fd = 256
[   74.3374] open name host:/livedbg.bin flag 602 data 41378
[   74.3391] open fd = 256
[   74.3562] open name host:/livepad.bin flag 1 data 41378
[   74.3576] open fd = 256
[   74.3592] open name host:/livetex.bin flag 1 data 41378
[   74.3597] open fd = -5
[   74.3599] open name host:/livelink.bin flag 1 data 41378
[   74.3604] open fd = -5
[   74.3759] open name host:/livepad.bin flag 1 data 41378
[   74.3773] open fd = 256
[   74.3949] open name host:/livepad.bin flag 1 data 41378
[   74.3966] open fd = 256
[   74.3983] open name host:/livetime.rst flag 1 data 41378
[   74.3989] open fd = -5
[   74.3992] open name host:/livetime.bin flag 602 data 41378
[   74.4010] open fd = 256
[   74.4183] open name host:/livepad.bin flag 1 data 41378
[   74.4196] open fd = 256
[   74.4376] open name host:/livepad.bin flag 1 data 41378
[   74.4391] open fd = 256
[   74.4565] open name host:/livepad.bin flag 1 data 41378
[   74.4582] open fd = 256
[   74.4602] open name host:/livedbg.cmd flag 1 data 41378
[   74.4617] open fd = 256
[   74.4637] open name host:/livedbg.bin flag 602 data 41378
[   74.4657] open fd = 256
[   74.4839] open name host:/livepad.bin flag 1 data 41378
[   74.4855] open fd = 256
[   74.4871] open name host:/livetex.bin flag 1 data 41378
[   74.4875] open fd = -5
[   74.4878] open name host:/livelink.bin flag 1 data 41378
[   74.4883] open fd = -5
[   74.5046] open name host:/livepad.bin flag 1 data 41378
[   74.5065] open fd = 256
[   74.5247] open name host:/livepad.bin flag 1 data 41378
[   74.5264] open fd = 256
[   74.5282] open name host:/livetime.rst flag 1 data 41378
[   74.5288] open fd = -5
[   74.5291] open name host:/livetime.bin flag 602 data 41378
[   74.5313] open fd = 256
[   74.5495] open name host:/livepad.bin flag 1 data 41378
[   74.5513] open fd = 256
[   74.5687] open name host:/livepad.bin flag 1 data 41378
[   74.5705] open fd = 256
[   74.5884] open name host:/livepad.bin flag 1 data 41378
[   74.5900] open fd = 256
[   74.5917] open name host:/livedbg.cmd flag 1 data 41378
[   74.5929] open fd = 256
[   74.5946] open name host:/livedbg.bin flag 602 data 41378
[   74.5966] open fd = 256
[   74.6144] open name host:/livepad.bin flag 1 data 41378
[   74.6158] open fd = 256
[   74.6176] open name host:/livetex.bin flag 1 data 41378
[   74.6181] open fd = -5
[   74.6183] open name host:/livelink.bin flag 1 data 41378
[   74.6188] open fd = -5
[   74.6344] FRAMEARENA frames=2760 peak=1033488 resets=2758 fallbacks=0 maxFrameBytes=2773552 maxBorrowed=2184480 freeKiB=16901
[   74.6349] NATIVEVIF frames=2760 batches=8398
[   74.6352] ORDEREDFRAME frames=2760 splitFrames=1441
[   74.6354] FRAMEPIPELINE starts=2760 dmaBusyStarts=1030
[   74.6358] open name host:/livepad.bin flag 1 data 41378
[   74.6373] open fd = 256
[   74.6544] open name host:/livepad.bin flag 1 data 41378
[   74.6558] open fd = 256
[   74.6574] open name host:/livetime.rst flag 1 data 41378
[   74.6579] open fd = -5
[   74.6582] open name host:/livetime.bin flag 602 data 41378
[   74.6602] open fd = 256
[   74.6781] open name host:/livepad.bin flag 1 data 41378
[   74.6796] open fd = 256
[   74.6974] open name host:/livepad.bin flag 1 data 41378
[   74.6988] open fd = 256
[   74.7166] open name host:/livepad.bin flag 1 data 41378
[   74.7180] open fd = 256
[   74.7198] open name host:/livedbg.cmd flag 1 data 41378
[   74.7211] open fd = 256
[   74.7232] open name host:/livedbg.bin flag 602 data 41378
[   74.7252] open fd = 256
[   74.7429] open name host:/livepad.bin flag 1 data 41378
[   74.7445] open fd = 256
[   74.7460] open name host:/livetex.bin flag 1 data 41378
[   74.7465] open fd = -5
[   74.7468] open name host:/livelink.bin flag 1 data 41378
[   74.7472] open fd = -5
[   74.7638] open name host:/livepad.bin flag 1 data 41378
[   74.7654] open fd = 256
[   74.7838] open name host:/livepad.bin flag 1 data 41378
[   74.7854] open fd = 256
[   74.7872] open name host:/livetime.rst flag 1 data 41378
[   74.7877] open fd = -5
[   74.7880] open name host:/livetime.bin flag 602 data 41378
[   74.7898] open fd = 256
[   74.8070] open name host:/livepad.bin flag 1 data 41378
[   74.8086] open fd = 256
[   74.8262] open name host:/livepad.bin flag 1 data 41378
[   74.8279] open fd = 256
[   74.8471] open name host:/livepad.bin flag 1 data 41378
[   74.8487] open fd = 256
[   74.8504] open name host:/livedbg.cmd flag 1 data 41378
[   74.8516] open fd = 256
[   74.8533] open name host:/livedbg.bin flag 602 data 41378
[   74.8552] open fd = 256
[   74.8731] open name host:/livepad.bin flag 1 data 41378
[   74.8746] open fd = 256
[   74.8763] open name host:/livetex.bin flag 1 data 41378
[   74.8769] open fd = -5
[   74.8772] open name host:/livelink.bin flag 1 data 41378
[   74.8784] open fd = -5
[   74.8966] open name host:/livepad.bin flag 1 data 41378
[   74.8983] open fd = 256
[   74.9160] open name host:/livepad.bin flag 1 data 41378
[   74.9176] open fd = 256
[   74.9193] open name host:/livetime.rst flag 1 data 41378
[   74.9198] open fd = -5
[   74.9201] open name host:/livetime.bin flag 602 data 41378
[   74.9220] open fd = 256
[   74.9402] open name host:/livepad.bin flag 1 data 41378
[   74.9417] open fd = 256
[   74.9631] open name host:/livepad.bin flag 1 data 41378
[   74.9647] open fd = 256
[   74.9856] open name host:/livepad.bin flag 1 data 41378
[   74.9871] open fd = 256
[   74.9887] open name host:/livedbg.cmd flag 1 data 41378
[   74.9900] open fd = 256
[   74.9918] open name host:/livedbg.bin flag 602 data 41378
[   74.9936] open fd = 256
[   75.0107] open name host:/livepad.bin flag 1 data 41378
[   75.0124] open fd = 256
[   75.0140] open name host:/livetex.bin flag 1 data 41378
[   75.0146] open fd = -5
[   75.0148] open name host:/livelink.bin flag 1 data 41378
[   75.0153] open fd = -5
[   75.0316] open name host:/livepad.bin flag 1 data 41378
[   75.0333] open fd = 256
[   75.0511] open name host:/livepad.bin flag 1 data 41378
[   75.0530] open fd = 256
[   75.0546] open name host:/livetime.rst flag 1 data 41378
[   75.0551] open fd = -5
[   75.0554] open name host:/livetime.bin flag 602 data 41378
[   75.0573] open fd = 256
[   75.0748] open name host:/livepad.bin flag 1 data 41378
[   75.0763] open fd = 256
[   75.0942] open name host:/livepad.bin flag 1 data 41378
[   75.0959] open fd = 256
[   75.1138] open name host:/livepad.bin flag 1 data 41378
[   75.1153] open fd = 256
[   75.1171] open name host:/livedbg.cmd flag 1 data 41378
[   75.1184] open fd = 256
[   75.1201] open name host:/livedbg.bin flag 602 data 41378
[   75.1223] open fd = 256
[   75.1395] open name host:/livepad.bin flag 1 data 41378
[   75.1410] open fd = 256
[   75.1430] open name host:/livetex.bin flag 1 data 41378
[   75.1435] open fd = -5
[   75.1438] open name host:/livelink.bin flag 1 data 41378
[   75.1443] open fd = -5
[   75.1609] open name host:/livepad.bin flag 1 data 41378
[   75.1623] open fd = 256
[   75.1794] open name host:/livepad.bin flag 1 data 41378
[   75.1812] open fd = 256
[   75.1832] open name host:/livetime.rst flag 1 data 41378
[   75.1836] open fd = -5
[   75.1839] open name host:/livetime.bin flag 602 data 41378
[   75.1858] open fd = 256
[   75.2026] open name host:/livepad.bin flag 1 data 41378
[   75.2041] open fd = 256
[   75.2216] open name host:/livepad.bin flag 1 data 41378
[   75.2231] open fd = 256
[   75.2409] open name host:/livepad.bin flag 1 data 41378
[   75.2425] open fd = 256
[   75.2446] open name host:/livedbg.cmd flag 1 data 41378
[   75.2460] open fd = 256
[   75.2481] open name host:/livedbg.bin flag 602 data 41378
[   75.2501] open fd = 256
[   75.2692] open name host:/livepad.bin flag 1 data 41378
[   75.2709] open fd = 256
[   75.2729] open name host:/livetex.bin flag 1 data 41378
[   75.2735] open fd = -5
[   75.2738] open name host:/livelink.bin flag 1 data 41378
[   75.2743] open fd = -5
[   75.2902] open name host:/livepad.bin flag 1 data 41378
[   75.2919] open fd = 256
[   75.3098] open name host:/livepad.bin flag 1 data 41378
[   75.3113] open fd = 256
[   75.3133] open name host:/livetime.rst flag 1 data 41378
[   75.3139] open fd = -5
[   75.3141] open name host:/livetime.bin flag 602 data 41378
[   75.3162] open fd = 256
[   75.3336] open name host:/livepad.bin flag 1 data 41378
[   75.3351] open fd = 256
[   75.3526] open name host:/livepad.bin flag 1 data 41378
[   75.3540] open fd = 256
[   75.3717] open name host:/livepad.bin flag 1 data 41378
[   75.3732] open fd = 256
[   75.3747] open name host:/livedbg.cmd flag 1 data 41378
[   75.3759] open fd = 256
[   75.3775] open name host:/livedbg.bin flag 602 data 41378
[   75.3796] open fd = 256
[   75.3987] open name host:/livepad.bin flag 1 data 41378
[   75.4004] open fd = 256
[   75.4024] open name host:/livetex.bin flag 1 data 41378
[   75.4031] open fd = -5
[   75.4034] open name host:/livelink.bin flag 1 data 41378
[   75.4039] open fd = -5
[   75.4194] open name host:/livepad.bin flag 1 data 41378
[   75.4208] open fd = 256
[   75.4385] open name host:/livepad.bin flag 1 data 41378
[   75.4400] open fd = 256
[   75.4419] open name host:/livetime.rst flag 1 data 41378
[   75.4425] open fd = -5
[   75.4427] open name host:/livetime.bin flag 602 data 41378
[   75.4445] open fd = 256
[   75.4620] open name host:/livepad.bin flag 1 data 41378
[   75.4638] open fd = 256
[   75.4818] open name host:/livepad.bin flag 1 data 41378
[   75.4837] open fd = 256
[   75.5008] open name host:/livepad.bin flag 1 data 41378
[   75.5025] open fd = 256
[   75.5043] open name host:/livedbg.cmd flag 1 data 41378
[   75.5056] open fd = 256
[   75.5074] open name host:/livedbg.bin flag 602 data 41378
[   75.5093] open fd = 256
[   75.5272] open name host:/livepad.bin flag 1 data 41378
[   75.5289] open fd = 256
[   75.5308] open name host:/livetex.bin flag 1 data 41378
[   75.5313] open fd = -5
[   75.5317] open name host:/livelink.bin flag 1 data 41378
[   75.5322] open fd = -5
[   75.5479] open name host:/livepad.bin flag 1 data 41378
[   75.5495] open fd = 256
[   75.5664] open name host:/livepad.bin flag 1 data 41378
[   75.5680] open fd = 256
[   75.5699] open name host:/livetime.rst flag 1 data 41378
[   75.5704] open fd = -5
[   75.5707] open name host:/livetime.bin flag 602 data 41378
[   75.5727] open fd = 256
[   75.5901] open name host:/livepad.bin flag 1 data 41378
[   75.5917] open fd = 256
[   75.6090] open name host:/livepad.bin flag 1 data 41378
[   75.6106] open fd = 256
[   75.6289] open name host:/livepad.bin flag 1 data 41378
[   75.6306] open fd = 256
[   75.6322] open name host:/livedbg.cmd flag 1 data 41378
[   75.6334] open fd = 256
[   75.6352] open name host:/livedbg.bin flag 602 data 41378
[   75.6370] open fd = 256
[   75.6551] open name host:/livepad.bin flag 1 data 41378
[   75.6564] open fd = 256
[   75.6581] open name host:/livetex.bin flag 1 data 41378
[   75.6587] open fd = -5
[   75.6590] open name host:/livelink.bin flag 1 data 41378
[   75.6595] open fd = -5
[   75.6762] open name host:/livepad.bin flag 1 data 41378
[   75.6777] open fd = 256
[   75.6961] open name host:/livepad.bin flag 1 data 41378
[   75.6978] open fd = 256
[   75.6994] open name host:/livetime.rst flag 1 data 41378
[   75.6999] open fd = -5
[   75.7001] open name host:/livetime.bin flag 602 data 41378
[   75.7019] open fd = 256
[   75.7200] open name host:/livepad.bin flag 1 data 41378
[   75.7215] open fd = 256
[   75.7392] open name host:/livepad.bin flag 1 data 41378
[   75.7407] open fd = 256
[   75.7585] open name host:/livepad.bin flag 1 data 41378
[   75.7599] open fd = 256
[   75.7619] open name host:/livedbg.cmd flag 1 data 41378
[   75.7634] open fd = 256
[   75.7656] open name host:/livedbg.bin flag 602 data 41378
[   75.7676] open fd = 256
[   75.7857] open name host:/livepad.bin flag 1 data 41378
[   75.7871] open fd = 256
[   75.7890] open name host:/livetex.bin flag 1 data 41378
[   75.7896] open fd = -5
[   75.7900] open name host:/livelink.bin flag 1 data 41378
[   75.7905] open fd = -5
[   75.8062] open name host:/livepad.bin flag 1 data 41378
[   75.8077] open fd = 256
[   75.8259] open name host:/livepad.bin flag 1 data 41378
[   75.8277] open fd = 256
[   75.8296] open name host:/livetime.rst flag 1 data 41378
[   75.8302] open fd = -5
[   75.8305] open name host:/livetime.bin flag 602 data 41378
[   75.8325] open fd = 256
[   75.8501] open name host:/livepad.bin flag 1 data 41378
[   75.8517] open fd = 256
[   75.8703] open name host:/livepad.bin flag 1 data 41378
[   75.8718] open fd = 256
[   75.8901] open name host:/livepad.bin flag 1 data 41378
[   75.8919] open fd = 256
[   75.8937] open name host:/livedbg.cmd flag 1 data 41378
[   75.8950] open fd = 256
[   75.8969] open name host:/livedbg.bin flag 602 data 41378
[   75.8989] open fd = 256
[   75.9178] open name host:/livepad.bin flag 1 data 41378
[   75.9194] open fd = 256
[   75.9213] open name host:/livetex.bin flag 1 data 41378
[   75.9218] open fd = -5
[   75.9221] open name host:/livelink.bin flag 1 data 41378
[   75.9226] open fd = -5
[   75.9380] open name host:/livepad.bin flag 1 data 41378
[   75.9396] open fd = 256
[   75.9571] open name host:/livepad.bin flag 1 data 41378
[   75.9586] open fd = 256
[   75.9601] open name host:/livetime.rst flag 1 data 41378
[   75.9606] open fd = -5
[   75.9610] open name host:/livetime.bin flag 602 data 41378
[   75.9629] open fd = 256
[   75.9801] open name host:/livepad.bin flag 1 data 41378
[   75.9817] open fd = 256
[   75.9988] open name host:/livepad.bin flag 1 data 41378
[   76.0004] open fd = 256
[   76.0180] open name host:/livepad.bin flag 1 data 41378
[   76.0195] open fd = 256
[   76.0216] open name host:/livedbg.cmd flag 1 data 41378
[   76.0230] open fd = 256
[   76.0248] open name host:/livedbg.bin flag 602 data 41378
[   76.0267] open fd = 256
[   76.0446] open name host:/livepad.bin flag 1 data 41378
[   76.0460] open fd = 256
[   76.0480] open name host:/livetex.bin flag 1 data 41378
[   76.0485] open fd = -5
[   76.0487] open name host:/livelink.bin flag 1 data 41378
[   76.0493] open fd = -5
[   76.0656] open name host:/livepad.bin flag 1 data 41378
[   76.0672] open fd = 256
[   76.0849] open name host:/livepad.bin flag 1 data 41378
[   76.0864] open fd = 256
[   76.0884] open name host:/livetime.rst flag 1 data 41378
[   76.0889] open fd = -5
[   76.0893] open name host:/livetime.bin flag 602 data 41378
[   76.0912] open fd = 256
[   76.1083] open name host:/livepad.bin flag 1 data 41378
[   76.1099] open fd = 256
[   76.1278] open name host:/livepad.bin flag 1 data 41378
[   76.1296] open fd = 256
[   76.1476] open name host:/livepad.bin flag 1 data 41378
[   76.1490] open fd = 256
[   76.1505] open name host:/livedbg.cmd flag 1 data 41378
[   76.1518] open fd = 256
[   76.1535] open name host:/livedbg.bin flag 602 data 41378
[   76.1554] open fd = 256
[   76.1730] open name host:/livepad.bin flag 1 data 41378
[   76.1750] open fd = 256
[   76.1766] open name host:/livetex.bin flag 1 data 41378
[   76.1771] open fd = -5
[   76.1774] open name host:/livelink.bin flag 1 data 41378
[   76.1778] open fd = -5
[   76.1934] open name host:/livepad.bin flag 1 data 41378
[   76.1947] open fd = 256
[   76.2123] open name host:/livepad.bin flag 1 data 41378
[   76.2138] open fd = 256
[   76.2156] open name host:/livetime.rst flag 1 data 41378
[   76.2162] open fd = -5
[   76.2164] open name host:/livetime.bin flag 602 data 41378
[   76.2184] open fd = 256
[   76.2351] open name host:/livepad.bin flag 1 data 41378
[   76.2370] open fd = 256
[   76.2545] open name host:/livepad.bin flag 1 data 41378
[   76.2559] open fd = 256
[   76.2734] open name host:/livepad.bin flag 1 data 41378
[   76.2748] open fd = 256
[   76.2763] open name host:/livedbg.cmd flag 1 data 41378
[   76.2775] open fd = 256
[   76.2793] open name host:/livedbg.bin flag 602 data 41378
[   76.2811] open fd = 256
[   76.2986] open name host:/livepad.bin flag 1 data 41378
[   76.3002] open fd = 256
[   76.3018] open name host:/livetex.bin flag 1 data 41378
[   76.3022] open fd = -5
[   76.3024] open name host:/livelink.bin flag 1 data 41378
[   76.3030] open fd = -5
[   76.3185] open name host:/livepad.bin flag 1 data 41378
[   76.3199] open fd = 256
[   76.3373] open name host:/livepad.bin flag 1 data 41378
[   76.3388] open fd = 256
[   76.3405] open name host:/livetime.rst flag 1 data 41378
[   76.3409] open fd = -5
[   76.3414] open name host:/livetime.bin flag 602 data 41378
[   76.3432] open fd = 256
[   76.3608] open name host:/livepad.bin flag 1 data 41378
[   76.3623] open fd = 256
[   76.3798] open name host:/livepad.bin flag 1 data 41378
[   76.3811] open fd = 256
[   76.3987] open name host:/livepad.bin flag 1 data 41378
[   76.4004] open fd = 256
[   76.4021] open name host:/livedbg.cmd flag 1 data 41378
[   76.4034] open fd = 256
[   76.4050] open name host:/livedbg.bin flag 602 data 41378
[   76.4069] open fd = 256
[   76.4243] open name host:/livepad.bin flag 1 data 41378
[   76.4256] open fd = 256
[   76.4271] open name host:/livetex.bin flag 1 data 41378
[   76.4276] open fd = -5
[   76.4280] open name host:/livelink.bin flag 1 data 41378
[   76.4285] open fd = -5
[   76.4445] open name host:/livepad.bin flag 1 data 41378
[   76.4463] open fd = 256
[   76.4641] open name host:/livepad.bin flag 1 data 41378
[   76.4658] open fd = 256
[   76.4675] open name host:/livetime.rst flag 1 data 41378
[   76.4679] open fd = -5
[   76.4681] open name host:/livetime.bin flag 602 data 41378
[   76.4701] open fd = 256
[   76.4884] open name host:/livepad.bin flag 1 data 41378
[   76.4900] open fd = 256
[   76.5091] open name host:/livepad.bin flag 1 data 41378
[   76.5107] open fd = 256
[   76.5291] open name host:/livepad.bin flag 1 data 41378
[   76.5309] open fd = 256
[   76.5335] open name host:/livedbg.cmd flag 1 data 41378
[   76.5349] open fd = 256
[   76.5369] open name host:/livedbg.bin flag 602 data 41378
[   76.5388] open fd = 256
[   76.5580] open name host:/livepad.bin flag 1 data 41378
[   76.5597] open fd = 256
[   76.5619] open name host:/livetex.bin flag 1 data 41378
[   76.5626] open fd = -5
[   76.5630] open name host:/livelink.bin flag 1 data 41378
[   76.5635] open fd = -5
[   76.5790] open name host:/livepad.bin flag 1 data 41378
[   76.5807] open fd = 256
[   76.5984] open name host:/livepad.bin flag 1 data 41378
[   76.6000] open fd = 256
[   76.6021] open name host:/livetime.rst flag 1 data 41378
[   76.6027] open fd = -5
[   76.6029] open name host:/livetime.bin flag 602 data 41378
[   76.6048] open fd = 256
[   76.6219] open name host:/livepad.bin flag 1 data 41378
[   76.6234] open fd = 256
[   76.6423] open name host:/livepad.bin flag 1 data 41378
[   76.6441] open fd = 256
[   76.6638] open name host:/livepad.bin flag 1 data 41378
[   76.6654] open fd = 256
[   76.6670] open name host:/livedbg.cmd flag 1 data 41378
[   76.6684] open fd = 256
[   76.6703] open name host:/livedbg.bin flag 602 data 41378
[   76.6725] open fd = 256
[   76.6915] open name host:/livepad.bin flag 1 data 41378
[   76.6931] open fd = 256
[   76.6949] open name host:/livetex.bin flag 1 data 41378
[   76.6955] open fd = -5
[   76.6958] open name host:/livelink.bin flag 1 data 41378
[   76.6964] open fd = -5
[   76.7138] open name host:/livepad.bin flag 1 data 41378
[   76.7153] open fd = 256
[   76.7342] open name host:/livepad.bin flag 1 data 41378
[   76.7358] open fd = 256
[   76.7378] open name host:/livetime.rst flag 1 data 41378
[   76.7383] open fd = -5
[   76.7386] open name host:/livetime.bin flag 602 data 41378
[   76.7405] open fd = 256
[   76.7589] open name host:/livepad.bin flag 1 data 41378
[   76.7606] open fd = 256
[   76.7783] open name host:/livepad.bin flag 1 data 41378
[   76.7799] open fd = 256
[   76.7974] open name host:/livepad.bin flag 1 data 41378
[   76.7990] open fd = 256
[   76.8009] open name host:/livedbg.cmd flag 1 data 41378
[   76.8021] open fd = 256
[   76.8038] open name host:/livedbg.bin flag 602 data 41378
[   76.8060] open fd = 256
[   76.8249] open name host:/livepad.bin flag 1 data 41378
[   76.8266] open fd = 256
[   76.8282] open name host:/livetex.bin flag 1 data 41378
[   76.8288] open fd = -5
[   76.8292] open name host:/livelink.bin flag 1 data 41378
[   76.8297] open fd = -5
[   76.8467] open name host:/livepad.bin flag 1 data 41378
[   76.8482] open fd = 256
[   76.8668] open name host:/livepad.bin flag 1 data 41378
[   76.8689] open fd = 256
[   76.8708] open name host:/livetime.rst flag 1 data 41378
[   76.8716] open fd = -5
[   76.8718] open name host:/livetime.bin flag 602 data 41378
[   76.8739] open fd = 256
[   76.8922] open name host:/livepad.bin flag 1 data 41378
[   76.8939] open fd = 256
[   76.9150] open name host:/livepad.bin flag 1 data 41378
[   76.9167] open fd = 256
[   76.9368] open name host:/livepad.bin flag 1 data 41378
[   76.9383] open fd = 256
[   76.9404] open name host:/livedbg.cmd flag 1 data 41378
[   76.9418] open fd = 256
[   76.9441] open name host:/livedbg.bin flag 602 data 41378
[   76.9461] open fd = 256
[   76.9662] open name host:/livepad.bin flag 1 data 41378
[   76.9679] open fd = 256
[   76.9699] open name host:/livetex.bin flag 1 data 41378
[   76.9707] open fd = -5
[   76.9710] open name host:/livelink.bin flag 1 data 41378
[   76.9716] open fd = -5
[   76.9888] open name host:/livepad.bin flag 1 data 41378
[   76.9903] open fd = 256
[   77.0102] open name host:/livepad.bin flag 1 data 41378
[   77.0123] open fd = 256
[   77.0144] open name host:/livetime.rst flag 1 data 41378
[   77.0151] open fd = -5
[   77.0153] open name host:/livetime.bin flag 602 data 41378
[   77.0174] open fd = 256
[   77.0356] open name host:/livepad.bin flag 1 data 41378
[   77.0378] open fd = 256
[   77.0660] open name host:/livepad.bin flag 1 data 41378
[   77.0679] open fd = 256
[   77.0875] open name host:/livepad.bin flag 1 data 41378
[   77.0895] open fd = 256
[   77.0923] open name host:/livedbg.cmd flag 1 data 41378
[   77.0940] open fd = 256
[   77.0964] open name host:/livedbg.bin flag 602 data 41378
[   77.0986] open fd = 256
[   77.1198] open name host:/livepad.bin flag 1 data 41378
[   77.1218] open fd = 256
[   77.1239] open name host:/livetex.bin flag 1 data 41378
[   77.1246] open fd = -5
[   77.1250] open name host:/livelink.bin flag 1 data 41378
[   77.1257] open fd = -5
[   77.1442] open name host:/livepad.bin flag 1 data 41378
[   77.1465] open fd = 256
[   77.1693] open name host:/livepad.bin flag 1 data 41378
[   77.1712] open fd = 256
[   77.1739] open name host:/livetime.rst flag 1 data 41378
[   77.1747] open fd = -5
[   77.1750] open name host:/livetime.bin flag 602 data 41378
[   77.1776] open fd = 256
[   77.1990] open name host:/livepad.bin flag 1 data 41378
[   77.2012] open fd = 256
[   77.2222] open name host:/livepad.bin flag 1 data 41378
[   77.2238] open fd = 256
[   77.2436] open name host:/livepad.bin flag 1 data 41378
[   77.2455] open fd = 256
[   77.2474] open name host:/livedbg.cmd flag 1 data 41378
[   77.2490] open fd = 256
[   77.2511] open name host:/livedbg.bin flag 602 data 41378
[   77.2533] open fd = 256
[   77.2715] open name host:/livepad.bin flag 1 data 41378
[   77.2731] open fd = 256
[   77.2748] open name host:/livetex.bin flag 1 data 41378
[   77.2753] open fd = -5
[   77.2756] open name host:/livelink.bin flag 1 data 41378
[   77.2761] open fd = -5
[   77.2922] FRAMEARENA frames=2880 peak=1033488 resets=2998 fallbacks=0 maxFrameBytes=2773552 maxBorrowed=2184480 freeKiB=16901
[   77.2927] NATIVEVIF frames=2880 batches=8998
[   77.2931] ORDEREDFRAME frames=2880 splitFrames=1561
[   77.2934] FRAMEPIPELINE starts=2880 dmaBusyStarts=1030
[   77.2939] open name host:/livepad.bin flag 1 data 41378
[   77.2955] open fd = 256
[   77.3138] open name host:/livepad.bin flag 1 data 41378
[   77.3152] open fd = 256
[   77.3170] open name host:/livetime.rst flag 1 data 41378
[   77.3176] open fd = -5
[   77.3179] open name host:/livetime.bin flag 602 data 41378
[   77.3198] open fd = 256
[   77.3382] open name host:/livepad.bin flag 1 data 41378
[   77.3398] open fd = 256
[   77.3579] open name host:/livepad.bin flag 1 data 41378
[   77.3594] open fd = 256
[   77.3769] open name host:/livepad.bin flag 1 data 41378
[   77.3788] open fd = 256
[   77.3804] open name host:/livedbg.cmd flag 1 data 41378
[   77.3818] open fd = 256
[   77.3839] open name host:/livedbg.bin flag 602 data 41378
[   77.3858] open fd = 256
[   77.4050] open name host:/livepad.bin flag 1 data 41378
[   77.4067] open fd = 256
[   77.4087] open name host:/livetex.bin flag 1 data 41378
[   77.4092] open fd = -5
[   77.4095] open name host:/livelink.bin flag 1 data 41378
[   77.4099] open fd = -5
[   77.4279] open name host:/livepad.bin flag 1 data 41378
[   77.4294] open fd = 256
[   77.4474] open name host:/livepad.bin flag 1 data 41378
[   77.4493] open fd = 256
[   77.4517] open name host:/livetime.rst flag 1 data 41378
[   77.4522] open fd = -5
[   77.4525] open name host:/livetime.bin flag 602 data 41378
[   77.4544] open fd = 256
[   77.4740] open name host:/livepad.bin flag 1 data 41378
[   77.4754] open fd = 256
[   77.4936] open name host:/livepad.bin flag 1 data 41378
[   77.4953] open fd = 256
[   77.5145] open name host:/livepad.bin flag 1 data 41378
[   77.5161] open fd = 256
[   77.5177] open name host:/livedbg.cmd flag 1 data 41378
[   77.5188] open fd = 256
[   77.5210] open name host:/livedbg.bin flag 602 data 41378
[   77.5229] open fd = 256
[   77.5407] open name host:/livepad.bin flag 1 data 41378
[   77.5425] open fd = 256
[   77.5447] open name host:/livetex.bin flag 1 data 41378
[   77.5453] open fd = -5
[   77.5456] open name host:/livelink.bin flag 1 data 41378
[   77.5461] open fd = -5
[   77.5629] open name host:/livepad.bin flag 1 data 41378
[   77.5644] open fd = 256
[   77.5826] open name host:/livepad.bin flag 1 data 41378
[   77.5841] open fd = 256
[   77.5857] open name host:/livetime.rst flag 1 data 41378
[   77.5861] open fd = -5
[   77.5864] open name host:/livetime.bin flag 602 data 41378
[   77.5884] open fd = 256
[   77.6097] open name host:/livepad.bin flag 1 data 41378
[   77.6114] open fd = 256
[   77.6298] open name host:/livepad.bin flag 1 data 41378
[   77.6315] open fd = 256
[   77.6513] open name host:/livepad.bin flag 1 data 41378
[   77.6533] open fd = 256
[   77.6553] open name host:/livedbg.cmd flag 1 data 41378
[   77.6566] open fd = 256
[   77.6587] open name host:/livedbg.bin flag 602 data 41378
[   77.6607] open fd = 256
[   77.6825] open name host:/livepad.bin flag 1 data 41378
[   77.6844] open fd = 256
[   77.6862] open name host:/livetex.bin flag 1 data 41378
[   77.6868] open fd = -5
[   77.6871] open name host:/livelink.bin flag 1 data 41378
[   77.6876] open fd = -5
[   77.7056] open name host:/livepad.bin flag 1 data 41378
[   77.7073] open fd = 256
[   77.7265] open name host:/livepad.bin flag 1 data 41378
[   77.7283] open fd = 256
[   77.7302] open name host:/livetime.rst flag 1 data 41378
[   77.7307] open fd = -5
[   77.7310] open name host:/livetime.bin flag 602 data 41378
[   77.7331] open fd = 256
[   77.7534] open name host:/livepad.bin flag 1 data 41378
[   77.7554] open fd = 256
[   77.7750] open name host:/livepad.bin flag 1 data 41378
[   77.7765] open fd = 256
[   77.7954] open name host:/livepad.bin flag 1 data 41378
[   77.7970] open fd = 256
[   77.7986] open name host:/livedbg.cmd flag 1 data 41378
[   77.8001] open fd = 256
[   77.8024] open name host:/livedbg.bin flag 602 data 41378
[   77.8043] open fd = 256
[   77.8235] open name host:/livepad.bin flag 1 data 41378
[   77.8251] open fd = 256
[   77.8269] open name host:/livetex.bin flag 1 data 41378
[   77.8274] open fd = -5
[   77.8277] open name host:/livelink.bin flag 1 data 41378
[   77.8283] open fd = -5
[   77.8461] open name host:/livepad.bin flag 1 data 41378
[   77.8476] open fd = 256
[   77.8654] open name host:/livepad.bin flag 1 data 41378
[   77.8676] open fd = 256
[   77.8695] open name host:/livetime.rst flag 1 data 41378
[   77.8701] open fd = -5
[   77.8704] open name host:/livetime.bin flag 602 data 41378
[   77.8723] open fd = 256
[   77.8906] open name host:/livepad.bin flag 1 data 41378
[   77.8922] open fd = 256
[   77.9127] open name host:/livepad.bin flag 1 data 41378
[   77.9144] open fd = 256
[   77.9334] open name host:/livepad.bin flag 1 data 41378
[   77.9350] open fd = 256
[   77.9365] open name host:/livedbg.cmd flag 1 data 41378
[   77.9378] open fd = 256
[   77.9396] open name host:/livedbg.bin flag 602 data 41378
[   77.9417] open fd = 256
[   77.9609] open name host:/livepad.bin flag 1 data 41378
[   77.9625] open fd = 256
[   77.9645] open name host:/livetex.bin flag 1 data 41378
[   77.9650] open fd = -5
[   77.9652] open name host:/livelink.bin flag 1 data 41378
[   77.9657] open fd = -5
[   77.9824] open name host:/livepad.bin flag 1 data 41378
[   77.9841] open fd = 256
[   78.0023] open name host:/livepad.bin flag 1 data 41378
[   78.0039] open fd = 256
[   78.0058] open name host:/livetime.rst flag 1 data 41378
[   78.0063] open fd = -5
[   78.0066] open name host:/livetime.bin flag 602 data 41378
[   78.0085] open fd = 256
[   78.0263] open name host:/livepad.bin flag 1 data 41378
[   78.0277] open fd = 256
[   78.0471] open name host:/livepad.bin flag 1 data 41378
[   78.0486] open fd = 256
[   78.0669] open name host:/livepad.bin flag 1 data 41378
[   78.0684] open fd = 256
[   78.0701] open name host:/livedbg.cmd flag 1 data 41378
[   78.0714] open fd = 256
[   78.0735] open name host:/livedbg.bin flag 602 data 41378
[   78.0754] open fd = 256
[   78.0941] open name host:/livepad.bin flag 1 data 41378
[   78.0956] open fd = 256
[   78.0976] open name host:/livetex.bin flag 1 data 41378
[   78.0981] open fd = -5
[   78.0984] open name host:/livelink.bin flag 1 data 41378
[   78.0988] open fd = -5
[   78.1162] open name host:/livepad.bin flag 1 data 41378
[   78.1179] open fd = 256
[   78.1365] open name host:/livepad.bin flag 1 data 41378
[   78.1379] open fd = 256
[   78.1400] open name host:/livetime.rst flag 1 data 41378
[   78.1405] open fd = -5
[   78.1409] open name host:/livetime.bin flag 602 data 41378
[   78.1426] open fd = 256
[   78.1604] open name host:/livepad.bin flag 1 data 41378
[   78.1619] open fd = 256
[   78.1813] open name host:/livepad.bin flag 1 data 41378
[   78.1831] open fd = 256
[   78.2017] open name host:/livepad.bin flag 1 data 41378
[   78.2031] open fd = 256
[   78.2046] open name host:/livedbg.cmd flag 1 data 41378
[   78.2058] open fd = 256
[   78.2075] open name host:/livedbg.bin flag 602 data 41378
[   78.2092] open fd = 256
[   78.2286] open name host:/livepad.bin flag 1 data 41378
[   78.2305] open fd = 256
[   78.2324] open name host:/livetex.bin flag 1 data 41378
[   78.2330] open fd = -5
[   78.2333] open name host:/livelink.bin flag 1 data 41378
[   78.2339] open fd = -5
[   78.2512] open name host:/livepad.bin flag 1 data 41378
[   78.2527] open fd = 256
[   78.2730] open name host:/livepad.bin flag 1 data 41378
[   78.2743] open fd = 256
[   78.2758] open name host:/livetime.rst flag 1 data 41378
[   78.2764] open fd = -5
[   78.2766] open name host:/livetime.bin flag 602 data 41378
[   78.2785] open fd = 256
[   78.2976] open name host:/livepad.bin flag 1 data 41378
[   78.2990] open fd = 256
[   78.3187] open name host:/livepad.bin flag 1 data 41378
[   78.3202] open fd = 256
[   78.3379] open name host:/livepad.bin flag 1 data 41378
[   78.3394] open fd = 256
[   78.3410] open name host:/livedbg.cmd flag 1 data 41378
[   78.3422] open fd = 256
[   78.3440] open name host:/livedbg.bin flag 602 data 41378
[   78.3459] open fd = 256
[   78.3652] open name host:/livepad.bin flag 1 data 41378
[   78.3667] open fd = 256
[   78.3684] open name host:/livetex.bin flag 1 data 41378
[   78.3690] open fd = -5
[   78.3692] open name host:/livelink.bin flag 1 data 41378
[   78.3697] open fd = -5
[   78.3858] open name host:/livepad.bin flag 1 data 41378
[   78.3871] open fd = 256
[   78.4064] open name host:/livepad.bin flag 1 data 41378
[   78.4082] open fd = 256
[   78.4098] open name host:/livetime.rst flag 1 data 41378
[   78.4103] open fd = -5
[   78.4105] open name host:/livetime.bin flag 602 data 41378
[   78.4125] open fd = 256
[   78.4301] open name host:/livepad.bin flag 1 data 41378
[   78.4316] open fd = 256
[   78.4499] open name host:/livepad.bin flag 1 data 41378
[   78.4513] open fd = 256
[   78.4684] open name host:/livepad.bin flag 1 data 41378
[   78.4699] open fd = 256
[   78.4715] open name host:/livedbg.cmd flag 1 data 41378
[   78.4726] open fd = 256
[   78.4745] open name host:/livedbg.bin flag 602 data 41378
[   78.4766] open fd = 256
[   78.4954] open name host:/livepad.bin flag 1 data 41378
[   78.4971] open fd = 256
[   78.4989] open name host:/livetex.bin flag 1 data 41378
[   78.4996] open fd = -5
[   78.4999] open name host:/livelink.bin flag 1 data 41378
[   78.5004] open fd = -5
[   78.5179] open name host:/livepad.bin flag 1 data 41378
[   78.5194] open fd = 256
[   78.5399] open name host:/livepad.bin flag 1 data 41378
[   78.5419] open fd = 256
[   78.5439] open name host:/livetime.rst flag 1 data 41378
[   78.5444] open fd = -5
[   78.5447] open name host:/livetime.bin flag 602 data 41378
[   78.5468] open fd = 256
[   78.5666] open name host:/livepad.bin flag 1 data 41378
[   78.5684] open fd = 256
[   78.5880] open name host:/livepad.bin flag 1 data 41378
[   78.5897] open fd = 256
[   78.6145] open name host:/livepad.bin flag 1 data 41378
[   78.6163] open fd = 256
[   78.6181] open name host:/livedbg.cmd flag 1 data 41378
[   78.6194] open fd = 256
[   78.6218] open name host:/livedbg.bin flag 602 data 41378
[   78.6242] open fd = 256
[   78.6499] open name host:/livepad.bin flag 1 data 41378
[   78.6516] open fd = 256
[   78.6537] open name host:/livetex.bin flag 1 data 41378
[   78.6548] open fd = -5
[   78.6552] open name host:/livelink.bin flag 1 data 41378
[   78.6558] open fd = -5
[   78.6745] open name host:/livepad.bin flag 1 data 41378
[   78.6779] open fd = 256
[   78.7019] open name host:/livepad.bin flag 1 data 41378
[   78.7039] open fd = 256
[   78.7060] open name host:/livetime.rst flag 1 data 41378
[   78.7066] open fd = -5
[   78.7070] open name host:/livetime.bin flag 602 data 41378
[   78.7093] open fd = 256
[   78.7282] open name host:/livepad.bin flag 1 data 41378
[   78.7299] open fd = 256
[   78.7485] open name host:/livepad.bin flag 1 data 41378
[   78.7500] open fd = 256
[   78.7683] open name host:/livepad.bin flag 1 data 41378
[   78.7700] open fd = 256
[   78.7717] open name host:/livedbg.cmd flag 1 data 41378
[   78.7729] open fd = 256
[   78.7747] open name host:/livedbg.bin flag 602 data 41378
[   78.7765] open fd = 256
[   78.7949] open name host:/livepad.bin flag 1 data 41378
[   78.7966] open fd = 256
[   78.7985] open name host:/livetex.bin flag 1 data 41378
[   78.7990] open fd = -5
[   78.7993] open name host:/livelink.bin flag 1 data 41378
[   78.7998] open fd = -5
[   78.8162] open name host:/livepad.bin flag 1 data 41378
[   78.8176] open fd = 256
[   78.8355] open name host:/livepad.bin flag 1 data 41378
[   78.8371] open fd = 256
[   78.8386] open name host:/livetime.rst flag 1 data 41378
[   78.8391] open fd = -5
[   78.8394] open name host:/livetime.bin flag 602 data 41378
[   78.8416] open fd = 256
[   78.8589] open name host:/livepad.bin flag 1 data 41378
[   78.8609] open fd = 256
[   78.8790] open name host:/livepad.bin flag 1 data 41378
[   78.8806] open fd = 256
[   78.8998] open name host:/livepad.bin flag 1 data 41378
[   78.9014] open fd = 256
[   78.9031] open name host:/livedbg.cmd flag 1 data 41378
[   78.9044] open fd = 256
[   78.9060] open name host:/livedbg.bin flag 602 data 41378
[   78.9084] open fd = 256
[   78.9275] open name host:/livepad.bin flag 1 data 41378
[   78.9293] open fd = 256
[   78.9312] open name host:/livetex.bin flag 1 data 41378
[   78.9316] open fd = -5
[   78.9319] open name host:/livelink.bin flag 1 data 41378
[   78.9323] open fd = -5
[   78.9498] open name host:/livepad.bin flag 1 data 41378
[   78.9512] open fd = 256
[   78.9706] open name host:/livepad.bin flag 1 data 41378
[   78.9721] open fd = 256
[   78.9741] open name host:/livetime.rst flag 1 data 41378
[   78.9746] open fd = -5
[   78.9750] open name host:/livetime.bin flag 602 data 41378
[   78.9768] open fd = 256
[   78.9962] open name host:/livepad.bin flag 1 data 41378
[   78.9977] open fd = 256
[   79.0164] open name host:/livepad.bin flag 1 data 41378
[   79.0180] open fd = 256
[   79.0368] open name host:/livepad.bin flag 1 data 41378
[   79.0382] open fd = 256
[   79.0402] open name host:/livedbg.cmd flag 1 data 41378
[   79.0415] open fd = 256
[   79.0436] open name host:/livedbg.bin flag 602 data 41378
[   79.0455] open fd = 256
[   79.0653] open name host:/livepad.bin flag 1 data 41378
[   79.0667] open fd = 256
[   79.0684] open name host:/livetex.bin flag 1 data 41378
[   79.0688] open fd = -5
[   79.0691] open name host:/livelink.bin flag 1 data 41378
[   79.0696] open fd = -5
[   79.0869] open name host:/livepad.bin flag 1 data 41378
[   79.0884] open fd = 256
[   79.1069] open name host:/livepad.bin flag 1 data 41378
[   79.1084] open fd = 256
[   79.1101] open name host:/livetime.rst flag 1 data 41378
[   79.1109] open fd = -5
[   79.1112] open name host:/livetime.bin flag 602 data 41378
[   79.1132] open fd = 256
[   79.1305] open name host:/livepad.bin flag 1 data 41378
[   79.1321] open fd = 256
[   79.1504] open name host:/livepad.bin flag 1 data 41378
[   79.1522] open fd = 256
[   79.1695] open name host:/livepad.bin flag 1 data 41378
[   79.1710] open fd = 256
[   79.1729] open name host:/livedbg.cmd flag 1 data 41378
[   79.1742] open fd = 256
[   79.1760] open name host:/livedbg.bin flag 602 data 41378
[   79.1778] open fd = 256
[   79.1962] open name host:/livepad.bin flag 1 data 41378
[   79.1978] open fd = 256
[   79.1997] open name host:/livetex.bin flag 1 data 41378
[   79.2001] open fd = -5
[   79.2004] open name host:/livelink.bin flag 1 data 41378
[   79.2008] open fd = -5
[   79.2173] open name host:/livepad.bin flag 1 data 41378
[   79.2188] open fd = 256
[   79.2371] open name host:/livepad.bin flag 1 data 41378
[   79.2389] open fd = 256
[   79.2408] open name host:/livetime.rst flag 1 data 41378
[   79.2414] open fd = -5
[   79.2417] open name host:/livetime.bin flag 602 data 41378
[   79.2436] open fd = 256
[   79.2622] open name host:/livepad.bin flag 1 data 41378
[   79.2636] open fd = 256
[   79.2857] open name host:/livepad.bin flag 1 data 41378
[   79.2870] open fd = 256
[   79.3093] open name host:/livepad.bin flag 1 data 41378
[   79.3111] open fd = 256
[   79.3128] open name host:/livedbg.cmd flag 1 data 41378
[   79.3141] open fd = 256
[   79.3159] open name host:/livedbg.bin flag 602 data 41378
[   79.3177] open fd = 256
[   79.3384] open name host:/livepad.bin flag 1 data 41378
[   79.3401] open fd = 256
[   79.3418] open name host:/livetex.bin flag 1 data 41378
[   79.3423] open fd = -5
[   79.3426] open name host:/livelink.bin flag 1 data 41378
[   79.3430] open fd = -5
[   79.3586] open name host:/livepad.bin flag 1 data 41378
[   79.3599] open fd = 256
[   79.3786] open name host:/livepad.bin flag 1 data 41378
[   79.3801] open fd = 256
[   79.3818] open name host:/livetime.rst flag 1 data 41378
[   79.3824] open fd = -5
[   79.3826] open name host:/livetime.bin flag 602 data 41378
[   79.3848] open fd = 256
[   79.4018] open name host:/livepad.bin flag 1 data 41378
[   79.4034] open fd = 256
[   79.4211] open name host:/livepad.bin flag 1 data 41378
[   79.4229] open fd = 256
[   79.4395] open name host:/livepad.bin flag 1 data 41378
[   79.4411] open fd = 256
[   79.4427] open name host:/livedbg.cmd flag 1 data 41378
[   79.4439] open fd = 256
[   79.4455] open name host:/livedbg.bin flag 602 data 41378
[   79.4474] open fd = 256
[   79.4653] open name host:/livepad.bin flag 1 data 41378
[   79.4675] open fd = 256
[   79.4695] open name host:/livetex.bin flag 1 data 41378
[   79.4704] open fd = -5
[   79.4707] open name host:/livelink.bin flag 1 data 41378
[   79.4718] open fd = -5
[   79.4880] open name host:/livepad.bin flag 1 data 41378
[   79.4897] open fd = 256
[   79.5077] open name host:/livepad.bin flag 1 data 41378
[   79.5093] open fd = 256
[   79.5110] open name host:/livetime.rst flag 1 data 41378
[   79.5116] open fd = -5
[   79.5120] open name host:/livetime.bin flag 602 data 41378
[   79.5139] open fd = 256
[   79.5320] open name host:/livepad.bin flag 1 data 41378
[   79.5336] open fd = 256
[   79.5516] open name host:/livepad.bin flag 1 data 41378
[   79.5530] open fd = 256
[   79.5716] open name host:/livepad.bin flag 1 data 41378
[   79.5733] open fd = 256
[   79.5748] open name host:/livedbg.cmd flag 1 data 41378
[   79.5759] open fd = 256
[   79.5777] open name host:/livedbg.bin flag 602 data 41378
[   79.5794] open fd = 256
[   79.5965] open name host:/livepad.bin flag 1 data 41378
[   79.5982] open fd = 256
[   79.5999] open name host:/livetex.bin flag 1 data 41378
[   79.6004] open fd = -5
[   79.6007] open name host:/livelink.bin flag 1 data 41378
[   79.6011] open fd = -5
[   79.6178] open name host:/livepad.bin flag 1 data 41378
[   79.6191] open fd = 256
[   79.6372] open name host:/livepad.bin flag 1 data 41378
[   79.6386] open fd = 256
[   79.6402] open name host:/livetime.rst flag 1 data 41378
[   79.6407] open fd = -5
[   79.6410] open name host:/livetime.bin flag 602 data 41378
[   79.6427] open fd = 256
[   79.6637] open name host:/livepad.bin flag 1 data 41378
[   79.6653] open fd = 256
[   79.6841] open name host:/livepad.bin flag 1 data 41378
[   79.6855] open fd = 256
[   79.7031] open name host:/livepad.bin flag 1 data 41378
[   79.7045] open fd = 256
[   79.7061] open name host:/livedbg.cmd flag 1 data 41378
[   79.7074] open fd = 256
[   79.7094] open name host:/livedbg.bin flag 602 data 41378
[   79.7115] open fd = 256
[   79.7285] open name host:/livepad.bin flag 1 data 41378
[   79.7299] open fd = 256
[   79.7318] open name host:/livetex.bin flag 1 data 41378
[   79.7322] open fd = -5
[   79.7324] open name host:/livelink.bin flag 1 data 41378
[   79.7329] open fd = -5
[   79.7491] open name host:/livepad.bin flag 1 data 41378
[   79.7505] open fd = 256
[   79.7702] open name host:/livepad.bin flag 1 data 41378
[   79.7719] open fd = 256
[   79.7738] open name host:/livetime.rst flag 1 data 41378
[   79.7743] open fd = -5
[   79.7747] open name host:/livetime.bin flag 602 data 41378
[   79.7765] open fd = 256
[   79.7940] open name host:/livepad.bin flag 1 data 41378
[   79.7957] open fd = 256
[   79.8140] open name host:/livepad.bin flag 1 data 41378
[   79.8159] open fd = 256
[   79.8341] open name host:/livepad.bin flag 1 data 41378
[   79.8358] open fd = 256
[   79.8375] open name host:/livedbg.cmd flag 1 data 41378
[   79.8387] open fd = 256
[   79.8407] open name host:/livedbg.bin flag 602 data 41378
[   79.8428] open fd = 256
[   79.8607] open name host:/livepad.bin flag 1 data 41378
[   79.8622] open fd = 256
[   79.8638] open name host:/livetex.bin flag 1 data 41378
[   79.8644] open fd = -5
[   79.8646] open name host:/livelink.bin flag 1 data 41378
[   79.8651] open fd = -5
[   79.8818] open name host:/livepad.bin flag 1 data 41378
[   79.8833] open fd = 256
[   79.9016] open name host:/livepad.bin flag 1 data 41378
[   79.9030] open fd = 256
[   79.9048] open name host:/livetime.rst flag 1 data 41378
[   79.9053] open fd = -5
[   79.9056] open name host:/livetime.bin flag 602 data 41378
[   79.9074] open fd = 256
[   79.9254] open name host:/livepad.bin flag 1 data 41378
[   79.9267] open fd = 256
[   79.9446] open name host:/livepad.bin flag 1 data 41378
[   79.9460] open fd = 256
[   79.9633] open name host:/livepad.bin flag 1 data 41378
[   79.9651] open fd = 256
[   79.9665] open name host:/livedbg.cmd flag 1 data 41378
[   79.9677] open fd = 256
[   79.9694] open name host:/livedbg.bin flag 602 data 41378
[   79.9713] open fd = 256
[   79.9904] open name host:/livepad.bin flag 1 data 41378
[   79.9920] open fd = 256
[   79.9937] open name host:/livetex.bin flag 1 data 41378
[   79.9942] open fd = -5
[   79.9945] open name host:/livelink.bin flag 1 data 41378
[   79.9951] open fd = -5
[   80.0123] FRAMEARENA frames=3000 peak=1033488 resets=3238 fallbacks=0 maxFrameBytes=2773552 maxBorrowed=2184480 freeKiB=16901
[   80.0129] NATIVEVIF frames=3000 batches=9598
[   80.0133] ORDEREDFRAME frames=3000 splitFrames=1681
[   80.0137] FRAMEPIPELINE starts=3000 dmaBusyStarts=1030
[   80.0142] open name host:/livepad.bin flag 1 data 41378
[   80.0158] open fd = 256
[   80.0335] open name host:/livepad.bin flag 1 data 41378
[   80.0349] open fd = 256
[   80.0365] open name host:/livetime.rst flag 1 data 41378
[   80.0370] open fd = -5
[   80.0372] open name host:/livetime.bin flag 602 data 41378
[   80.0391] open fd = 256
[   80.0563] open name host:/livepad.bin flag 1 data 41378
[   80.0576] open fd = 256
[   80.0757] open name host:/livepad.bin flag 1 data 41378
[   80.0771] open fd = 256
[   80.0955] open name host:/livepad.bin flag 1 data 41378
[   80.0968] open fd = 256
[   80.0989] open name host:/livedbg.cmd flag 1 data 41378
[   80.1000] open fd = 256
[   80.1017] open name host:/livedbg.bin flag 602 data 41378
[   80.1034] open fd = 256
[   80.1209] open name host:/livepad.bin flag 1 data 41378
[   80.1223] open fd = 256
[   80.1240] open name host:/livetex.bin flag 1 data 41378
[   80.1245] open fd = -5
[   80.1247] open name host:/livelink.bin flag 1 data 41378
[   80.1252] open fd = -5
[   80.1438] open name host:/livepad.bin flag 1 data 41378
[   80.1451] open fd = 256
[   80.1657] open name host:/livepad.bin flag 1 data 41378
[   80.1672] open fd = 256
[   80.1690] open name host:/livetime.rst flag 1 data 41378
[   80.1695] open fd = -5
[   80.1698] open name host:/livetime.bin flag 602 data 41378
[   80.1717] open fd = 256
[   80.1905] open name host:/livepad.bin flag 1 data 41378
[   80.1919] open fd = 256
[   80.2104] open name host:/livepad.bin flag 1 data 41378
[   80.2124] open fd = 256
[   80.2324] open name host:/livepad.bin flag 1 data 41378
[   80.2343] open fd = 256
[   80.2359] open name host:/livedbg.cmd flag 1 data 41378
[   80.2370] open fd = 256
[   80.2390] open name host:/livedbg.bin flag 602 data 41378
[   80.2409] open fd = 256
[   80.2607] open name host:/livepad.bin flag 1 data 41378
[   80.2622] open fd = 256
[   80.2646] open name host:/livetex.bin flag 1 data 41378
[   80.2651] open fd = -5
[   80.2654] open name host:/livelink.bin flag 1 data 41378
[   80.2658] open fd = -5
[   80.2838] open name host:/livepad.bin flag 1 data 41378
[   80.2853] open fd = 256
[   80.3035] open name host:/livepad.bin flag 1 data 41378
[   80.3050] open fd = 256
[   80.3067] open name host:/livetime.rst flag 1 data 41378
[   80.3071] open fd = -5
[   80.3074] open name host:/livetime.bin flag 602 data 41378
[   80.3095] open fd = 256
[   80.3268] open name host:/livepad.bin flag 1 data 41378
[   80.3285] open fd = 256
[   80.3465] open name host:/livepad.bin flag 1 data 41378
[   80.3481] open fd = 256
[   80.3666] open name host:/livepad.bin flag 1 data 41378
[   80.3680] open fd = 256
[   80.3697] open name host:/livedbg.cmd flag 1 data 41378
[   80.3708] open fd = 256
[   80.3724] open name host:/livedbg.bin flag 602 data 41378
[   80.3742] open fd = 256
[   80.3913] open name host:/livepad.bin flag 1 data 41378
[   80.3926] open fd = 256
[   80.3942] open name host:/livetex.bin flag 1 data 41378
[   80.3948] open fd = -5
[   80.3951] open name host:/livelink.bin flag 1 data 41378
[   80.3956] open fd = -5
[   80.4112] open name host:/livepad.bin flag 1 data 41378
[   80.4128] open fd = 256
[   80.4308] open name host:/livepad.bin flag 1 data 41378
[   80.4321] open fd = 256
[   80.4337] open name host:/livetime.rst flag 1 data 41378
[   80.4343] open fd = -5
[   80.4346] open name host:/livetime.bin flag 602 data 41378
[   80.4362] open fd = 256
[   80.4534] open name host:/livepad.bin flag 1 data 41378
[   80.4547] open fd = 256
[   80.4731] open name host:/livepad.bin flag 1 data 41378
[   80.4744] open fd = 256
[   80.4918] open name host:/livepad.bin flag 1 data 41378
[   80.4931] open fd = 256
[   80.4945] open name host:/livedbg.cmd flag 1 data 41378
[   80.4957] open fd = 256
[   80.4978] open name host:/livedbg.bin flag 602 data 41378
[   80.4996] open fd = 256
[   80.5169] open name host:/livepad.bin flag 1 data 41378
[   80.5182] open fd = 256
[   80.5198] open name host:/livetex.bin flag 1 data 41378
[   80.5202] open fd = -5
[   80.5205] open name host:/livelink.bin flag 1 data 41378
[   80.5209] open fd = -5
[   80.5374] open name host:/livepad.bin flag 1 data 41378
[   80.5388] open fd = 256
[   80.5571] open name host:/livepad.bin flag 1 data 41378
[   80.5586] open fd = 256
[   80.5602] open name host:/livetime.rst flag 1 data 41378
[   80.5607] open fd = -5
[   80.5610] open name host:/livetime.bin flag 602 data 41378
[   80.5631] open fd = 256
[   80.5804] open name host:/livepad.bin flag 1 data 41378
[   80.5820] open fd = 256
[   80.5994] open name host:/livepad.bin flag 1 data 41378
[   80.6009] open fd = 256
[   80.6182] open name host:/livepad.bin flag 1 data 41378
[   80.6196] open fd = 256
[   80.6210] open name host:/livedbg.cmd flag 1 data 41378
[   80.6222] open fd = 256
[   80.6238] open name host:/livedbg.bin flag 602 data 41378
[   80.6258] open fd = 256
[   80.6441] open name host:/livepad.bin flag 1 data 41378
[   80.6457] open fd = 256
[   80.6476] open name host:/livetex.bin flag 1 data 41378
[   80.6481] open fd = -5
[   80.6483] open name host:/livelink.bin flag 1 data 41378
[   80.6487] open fd = -5
[   80.6651] open name host:/livepad.bin flag 1 data 41378
[   80.6666] open fd = 256
[   80.6844] open name host:/livepad.bin flag 1 data 41378
[   80.6857] open fd = 256
[   80.6873] open name host:/livetime.rst flag 1 data 41378
[   80.6879] open fd = -5
[   80.6883] open name host:/livetime.bin flag 602 data 41378
[   80.6905] open fd = 256
[   80.7078] open name host:/livepad.bin flag 1 data 41378
[   80.7092] open fd = 256
[   80.7263] open name host:/livepad.bin flag 1 data 41378
[   80.7276] open fd = 256
[   80.7456] open name host:/livepad.bin flag 1 data 41378
[   80.7472] open fd = 256
[   80.7491] open name host:/livedbg.cmd flag 1 data 41378
[   80.7503] open fd = 256
[   80.7520] open name host:/livedbg.bin flag 602 data 41378
[   80.7537] open fd = 256
[   80.7719] open name host:/livepad.bin flag 1 data 41378
[   80.7738] open fd = 256
[   80.7754] open name host:/livetex.bin flag 1 data 41378
[   80.7759] open fd = -5
[   80.7762] open name host:/livelink.bin flag 1 data 41378
[   80.7766] open fd = -5
[   80.7923] open name host:/livepad.bin flag 1 data 41378
[   80.7936] open fd = 256
[   80.8125] open name host:/livepad.bin flag 1 data 41378
[   80.8141] open fd = 256
[   80.8159] open name host:/livetime.rst flag 1 data 41378
[   80.8164] open fd = -5
[   80.8167] open name host:/livetime.bin flag 602 data 41378
[   80.8183] open fd = 256
[   80.8357] open name host:/livepad.bin flag 1 data 41378
[   80.8372] open fd = 256
[   80.8550] open name host:/livepad.bin flag 1 data 41378
[   80.8564] open fd = 256
[   80.8738] open name host:/livepad.bin flag 1 data 41378
[   80.8753] open fd = 256
[   80.8769] open name host:/livedbg.cmd flag 1 data 41378
[   80.8780] open fd = 256
[   80.8796] open name host:/livedbg.bin flag 602 data 41378
[   80.8816] open fd = 256
[   80.8984] open name host:/livepad.bin flag 1 data 41378
[   80.8999] open fd = 256
[   80.9015] open name host:/livetex.bin flag 1 data 41378
[   80.9020] open fd = -5
[   80.9023] open name host:/livelink.bin flag 1 data 41378
[   80.9027] open fd = -5
[   80.9187] open name host:/livepad.bin flag 1 data 41378
[   80.9202] open fd = 256
[   80.9392] open name host:/livepad.bin flag 1 data 41378
[   80.9407] open fd = 256
[   80.9424] open name host:/livetime.rst flag 1 data 41378
[   80.9429] open fd = -5
[   80.9432] open name host:/livetime.bin flag 602 data 41378
[   80.9451] open fd = 256
[   80.9634] open name host:/livepad.bin flag 1 data 41378
[   80.9649] open fd = 256
[   80.9852] open name host:/livepad.bin flag 1 data 41378
[   80.9867] open fd = 256
[   81.0043] open name host:/livepad.bin flag 1 data 41378
[   81.0057] open fd = 256
[   81.0073] open name host:/livedbg.cmd flag 1 data 41378
[   81.0084] open fd = 256
[   81.0104] open name host:/livedbg.bin flag 602 data 41378
[   81.0127] open fd = 256
[   81.0299] open name host:/livepad.bin flag 1 data 41378
[   81.0315] open fd = 256
[   81.0332] open name host:/livetex.bin flag 1 data 41378
[   81.0337] open fd = -5
[   81.0339] open name host:/livelink.bin flag 1 data 41378
[   81.0344] open fd = -5
[   81.0515] open name host:/livepad.bin flag 1 data 41378
[   81.0529] open fd = 256
[   81.0697] open name host:/livepad.bin flag 1 data 41378
[   81.0713] open fd = 256
[   81.0729] open name host:/livetime.rst flag 1 data 41378
[   81.0733] open fd = -5
[   81.0737] open name host:/livetime.bin flag 602 data 41378
[   81.0754] open fd = 256
[   81.0926] open name host:/livepad.bin flag 1 data 41378
[   81.0941] open fd = 256
[   81.1118] open name host:/livepad.bin flag 1 data 41378
[   81.1133] open fd = 256
[   81.1306] open name host:/livepad.bin flag 1 data 41378
[   81.1325] open fd = 256
[   81.1343] open name host:/livedbg.cmd flag 1 data 41378
[   81.1355] open fd = 256
[   81.1373] open name host:/livedbg.bin flag 602 data 41378
[   81.1390] open fd = 256
[   81.1574] open name host:/livepad.bin flag 1 data 41378
[   81.1586] open fd = 256
[   81.1601] open name host:/livetex.bin flag 1 data 41378
[   81.1605] open fd = -5
[   81.1608] open name host:/livelink.bin flag 1 data 41378
[   81.1613] open fd = -5
[   81.1773] open name host:/livepad.bin flag 1 data 41378
[   81.1791] open fd = 256
[   81.1974] open name host:/livepad.bin flag 1 data 41378
[   81.1986] open fd = 256
[   81.2004] open name host:/livetime.rst flag 1 data 41378
[   81.2011] open fd = -5
[   81.2015] open name host:/livetime.bin flag 602 data 41378
[   81.2033] open fd = 256
[   81.2206] open name host:/livepad.bin flag 1 data 41378
[   81.2219] open fd = 256
[   81.2389] open name host:/livepad.bin flag 1 data 41378
[   81.2405] open fd = 256
[   81.2577] open name host:/livepad.bin flag 1 data 41378
[   81.2591] open fd = 256
[   81.2605] open name host:/livedbg.cmd flag 1 data 41378
[   81.2616] open fd = 256
[   81.2633] open name host:/livedbg.bin flag 602 data 41378
[   81.2650] open fd = 256
[   81.2832] open name host:/livepad.bin flag 1 data 41378
[   81.2844] open fd = 256
[   81.2866] open name host:/livetex.bin flag 1 data 41378
[   81.2872] open fd = -5
[   81.2875] open name host:/livelink.bin flag 1 data 41378
[   81.2879] open fd = -5
[   81.3055] open name host:/livepad.bin flag 1 data 41378
[   81.3070] open fd = 256
[   81.3243] open name host:/livepad.bin flag 1 data 41378
[   81.3257] open fd = 256
[   81.3271] open name host:/livetime.rst flag 1 data 41378
[   81.3276] open fd = -5
[   81.3279] open name host:/livetime.bin flag 602 data 41378
[   81.3296] open fd = 256
[   81.3467] open name host:/livepad.bin flag 1 data 41378
[   81.3480] open fd = 256
[   81.3649] open name host:/livepad.bin flag 1 data 41378
[   81.3663] open fd = 256
[   81.3837] open name host:/livepad.bin flag 1 data 41378
[   81.3852] open fd = 256
[   81.3868] open name host:/livedbg.cmd flag 1 data 41378
[   81.3879] open fd = 256
[   81.3895] open name host:/livedbg.bin flag 602 data 41378
[   81.3912] open fd = 256
[   81.4086] open name host:/livepad.bin flag 1 data 41378
[   81.4100] open fd = 256
[   81.4117] open name host:/livetex.bin flag 1 data 41378
[   81.4122] open fd = -5
[   81.4125] open name host:/livelink.bin flag 1 data 41378
[   81.4129] open fd = -5
[   81.4299] open name host:/livepad.bin flag 1 data 41378
[   81.4314] open fd = 256
[   81.4482] open name host:/livepad.bin flag 1 data 41378
[   81.4496] open fd = 256
[   81.4511] open name host:/livetime.rst flag 1 data 41378
[   81.4515] open fd = -5
[   81.4518] open name host:/livetime.bin flag 602 data 41378
[   81.4536] open fd = 256
[   81.4707] open name host:/livepad.bin flag 1 data 41378
[   81.4723] open fd = 256
[   81.4899] open name host:/livepad.bin flag 1 data 41378
[   81.4914] open fd = 256
[   81.5085] open name host:/livepad.bin flag 1 data 41378
[   81.5099] open fd = 256
[   81.5114] open name host:/livedbg.cmd flag 1 data 41378
[   81.5126] open fd = 256
[   81.5148] open name host:/livedbg.bin flag 602 data 41378
[   81.5165] open fd = 256
[   81.5349] open name host:/livepad.bin flag 1 data 41378
[   81.5366] open fd = 256
[   81.5383] open name host:/livetex.bin flag 1 data 41378
[   81.5388] open fd = -5
[   81.5391] open name host:/livelink.bin flag 1 data 41378
[   81.5396] open fd = -5
[   81.5553] open name host:/livepad.bin flag 1 data 41378
[   81.5565] open fd = 256
[   81.5739] open name host:/livepad.bin flag 1 data 41378
[   81.5752] open fd = 256
[   81.5768] open name host:/livetime.rst flag 1 data 41378
[   81.5773] open fd = -5
[   81.5776] open name host:/livetime.bin flag 602 data 41378
[   81.5794] open fd = 256
[   81.5971] open name host:/livepad.bin flag 1 data 41378
[   81.5986] open fd = 256
[   81.6161] open name host:/livepad.bin flag 1 data 41378
[   81.6173] open fd = 256
[   81.6353] open name host:/livepad.bin flag 1 data 41378
[   81.6368] open fd = 256
[   81.6382] open name host:/livedbg.cmd flag 1 data 41378
[   81.6393] open fd = 256
[   81.6411] open name host:/livedbg.bin flag 602 data 41378
[   81.6427] open fd = 256
[   81.6603] open name host:/livepad.bin flag 1 data 41378
[   81.6619] open fd = 256
[   81.6636] open name host:/livetex.bin flag 1 data 41378
[   81.6642] open fd = -5
[   81.6645] open name host:/livelink.bin flag 1 data 41378
[   81.6650] open fd = -5
[   81.6814] open name host:/livepad.bin flag 1 data 41378
[   81.6828] open fd = 256
[   81.7004] open name host:/livepad.bin flag 1 data 41378
[   81.7020] open fd = 256
[   81.7040] open name host:/livetime.rst flag 1 data 41378
[   81.7046] open fd = -5
[   81.7049] open name host:/livetime.bin flag 602 data 41378
[   81.7068] open fd = 256
[   81.7255] open name host:/livepad.bin flag 1 data 41378
[   81.7272] open fd = 256
[   81.7457] open name host:/livepad.bin flag 1 data 41378
[   81.7472] open fd = 256
[   81.7644] open name host:/livepad.bin flag 1 data 41378
[   81.7661] open fd = 256
[   81.7677] open name host:/livedbg.cmd flag 1 data 41378
[   81.7688] open fd = 256
[   81.7706] open name host:/livedbg.bin flag 602 data 41378
[   81.7723] open fd = 256
[   81.7901] open name host:/livepad.bin flag 1 data 41378
[   81.7914] open fd = 256
[   81.7931] open name host:/livetex.bin flag 1 data 41378
[   81.7936] open fd = -5
[   81.7939] open name host:/livelink.bin flag 1 data 41378
[   81.7944] open fd = -5
[   81.8113] open name host:/livepad.bin flag 1 data 41378
[   81.8134] open fd = 256
[   81.8298] open name host:/livepad.bin flag 1 data 41378
[   81.8312] open fd = 256
[   81.8333] open name host:/livetime.rst flag 1 data 41378
[   81.8338] open fd = -5
[   81.8340] open name host:/livetime.bin flag 602 data 41378
[   81.8357] open fd = 256
[   81.8527] open name host:/livepad.bin flag 1 data 41378
[   81.8544] open fd = 256
[   81.8729] open name host:/livepad.bin flag 1 data 41378
[   81.8743] open fd = 256
[   81.8924] open name host:/livepad.bin flag 1 data 41378
[   81.8942] open fd = 256
[   81.8961] open name host:/livedbg.cmd flag 1 data 41378
[   81.8972] open fd = 256
[   81.8990] open name host:/livedbg.bin flag 602 data 41378
[   81.9013] open fd = 256
[   81.9229] open name host:/livepad.bin flag 1 data 41378
[   81.9245] open fd = 256
[   81.9262] open name host:/livetex.bin flag 1 data 41378
[   81.9267] open fd = -5
[   81.9269] open name host:/livelink.bin flag 1 data 41378
[   81.9274] open fd = -5
[   81.9441] open name host:/livepad.bin flag 1 data 41378
[   81.9459] open fd = 256
[   81.9650] open name host:/livepad.bin flag 1 data 41378
[   81.9666] open fd = 256
[   81.9684] open name host:/livetime.rst flag 1 data 41378
[   81.9689] open fd = -5
[   81.9692] open name host:/livetime.bin flag 602 data 41378
[   81.9710] open fd = 256
[   81.9891] open name host:/livepad.bin flag 1 data 41378
[   81.9908] open fd = 256
[   82.0096] open name host:/livepad.bin flag 1 data 41378
[   82.0111] open fd = 256
[   82.0331] open name host:/livepad.bin flag 1 data 41378
[   82.0346] open fd = 256
[   82.0362] open name host:/livedbg.cmd flag 1 data 41378
[   82.0374] open fd = 256
[   82.0393] open name host:/livedbg.bin flag 602 data 41378
[   82.0413] open fd = 256
[   82.0618] open name host:/livepad.bin flag 1 data 41378
[   82.0638] open fd = 256
[   82.0657] open name host:/livetex.bin flag 1 data 41378
[   82.0662] open fd = -5
[   82.0665] open name host:/livelink.bin flag 1 data 41378
[   82.0669] open fd = -5
[   82.0875] open name host:/livepad.bin flag 1 data 41378
[   82.0892] open fd = 256
[   82.1079] open name host:/livepad.bin flag 1 data 41378
[   82.1094] open fd = 256
[   82.1111] open name host:/livetime.rst flag 1 data 41378
[   82.1116] open fd = -5
[   82.1118] open name host:/livetime.bin flag 602 data 41378
[   82.1137] open fd = 256
[   82.1340] open name host:/livepad.bin flag 1 data 41378
[   82.1358] open fd = 256
[   82.1546] open name host:/livepad.bin flag 1 data 41378
[   82.1560] open fd = 256
[   82.1779] open name host:/livepad.bin flag 1 data 41378
[   82.1795] open fd = 256
[   82.1817] open name host:/livedbg.cmd flag 1 data 41378
[   82.1831] open fd = 256
[   82.1849] open name host:/livedbg.bin flag 602 data 41378
[   82.1868] open fd = 256
[   82.2063] open name host:/livepad.bin flag 1 data 41378
[   82.2080] open fd = 256
[   82.2099] open name host:/livetex.bin flag 1 data 41378
[   82.2105] open fd = -5
[   82.2112] open name host:/livelink.bin flag 1 data 41378
[   82.2121] open fd = -5
[   82.2295] open name host:/livepad.bin flag 1 data 41378
[   82.2311] open fd = 256
[   82.2496] open name host:/livepad.bin flag 1 data 41378
[   82.2513] open fd = 256
[   82.2533] open name host:/livetime.rst flag 1 data 41378
[   82.2538] open fd = -5
[   82.2541] open name host:/livetime.bin flag 602 data 41378
[   82.2559] open fd = 256
[   82.2747] open name host:/livepad.bin flag 1 data 41378
[   82.2761] open fd = 256
[   82.2952] open name host:/livepad.bin flag 1 data 41378
[   82.2967] open fd = 256
[   82.3155] open name host:/livepad.bin flag 1 data 41378
[   82.3168] open fd = 256
[   82.3185] open name host:/livedbg.cmd flag 1 data 41378
[   82.3197] open fd = 256
[   82.3217] open name host:/livedbg.bin flag 602 data 41378
[   82.3235] open fd = 256
[   82.3418] open name host:/livepad.bin flag 1 data 41378
[   82.3433] open fd = 256
[   82.3449] open name host:/livetex.bin flag 1 data 41378
[   82.3454] open fd = -5
[   82.3458] open name host:/livelink.bin flag 1 data 41378
[   82.3463] open fd = -5
[   82.3624] open name host:/livepad.bin flag 1 data 41378
[   82.3640] open fd = 256
[   82.3820] open name host:/livepad.bin flag 1 data 41378
[   82.3836] open fd = 256
[   82.3854] open name host:/livetime.rst flag 1 data 41378
[   82.3859] open fd = -5
[   82.3862] open name host:/livetime.bin flag 602 data 41378
[   82.3880] open fd = 256
[   82.4066] open name host:/livepad.bin flag 1 data 41378
[   82.4080] open fd = 256
[   82.4270] open name host:/livepad.bin flag 1 data 41378
[   82.4286] open fd = 256
[   82.4493] open name host:/livepad.bin flag 1 data 41378
[   82.4507] open fd = 256
[   82.4524] open name host:/livedbg.cmd flag 1 data 41378
[   82.4537] open fd = 256
[   82.4556] open name host:/livedbg.bin flag 602 data 41378
[   82.4574] open fd = 256
[   82.4769] open name host:/livepad.bin flag 1 data 41378
[   82.4786] open fd = 256
[   82.4804] open name host:/livetex.bin flag 1 data 41378
[   82.4809] open fd = -5
[   82.4811] open name host:/livelink.bin flag 1 data 41378
[   82.4816] open fd = -5
[   82.4981] open name host:/livepad.bin flag 1 data 41378
[   82.4996] open fd = 256
[   82.5204] open name host:/livepad.bin flag 1 data 41378
[   82.5219] open fd = 256
[   82.5238] open name host:/livetime.rst flag 1 data 41378
[   82.5243] open fd = -5
[   82.5246] open name host:/livetime.bin flag 602 data 41378
[   82.5265] open fd = 256
[   82.5445] open name host:/livepad.bin flag 1 data 41378
[   82.5460] open fd = 256
[   82.5647] open name host:/livepad.bin flag 1 data 41378
[   82.5660] open fd = 256
[   82.5849] open name host:/livepad.bin flag 1 data 41378
[   82.5863] open fd = 256
[   82.5878] open name host:/livedbg.cmd flag 1 data 41378
[   82.5889] open fd = 256
[   82.5907] open name host:/livedbg.bin flag 602 data 41378
[   82.5924] open fd = 256
[   82.6106] open name host:/livepad.bin flag 1 data 41378
[   82.6121] open fd = 256
[   82.6139] open name host:/livetex.bin flag 1 data 41378
[   82.6144] open fd = -5
[   82.6146] open name host:/livelink.bin flag 1 data 41378
[   82.6151] open fd = -5
[   82.6321] FRAMEARENA frames=3120 peak=1033488 resets=3478 fallbacks=0 maxFrameBytes=2773552 maxBorrowed=2184480 freeKiB=16901
[   82.6325] NATIVEVIF frames=3120 batches=10198
[   82.6329] ORDEREDFRAME frames=3120 splitFrames=1801
[   82.6332] FRAMEPIPELINE starts=3120 dmaBusyStarts=1030
[   82.6336] open name host:/livepad.bin flag 1 data 41378
[   82.6348] open fd = 256
[   82.6519] open name host:/livepad.bin flag 1 data 41378
[   82.6536] open fd = 256
[   82.6555] open name host:/livetime.rst flag 1 data 41378
[   82.6559] open fd = -5
[   82.6562] open name host:/livetime.bin flag 602 data 41378
[   82.6583] open fd = 256
[   82.6766] open name host:/livepad.bin flag 1 data 41378
[   82.6780] open fd = 256
[   82.6961] open name host:/livepad.bin flag 1 data 41378
[   82.6975] open fd = 256
[   82.7149] open name host:/livepad.bin flag 1 data 41378
[   82.7166] open fd = 256
[   82.7183] open name host:/livedbg.cmd flag 1 data 41378
[   82.7198] open fd = 256
[   82.7219] open name host:/livedbg.bin flag 602 data 41378
[   82.7237] open fd = 256
[   82.7416] open name host:/livepad.bin flag 1 data 41378
[   82.7433] open fd = 256
[   82.7452] open name host:/livetex.bin flag 1 data 41378
[   82.7459] open fd = -5
[   82.7462] open name host:/livelink.bin flag 1 data 41378
[   82.7466] open fd = -5
[   82.7625] open name host:/livepad.bin flag 1 data 41378
[   82.7644] open fd = 256
[   82.7819] open name host:/livepad.bin flag 1 data 41378
[   82.7836] open fd = 256
[   82.7853] open name host:/livetime.rst flag 1 data 41378
[   82.7858] open fd = -5
[   82.7861] open name host:/livetime.bin flag 602 data 41378
[   82.7880] open fd = 256
[   82.8057] open name host:/livepad.bin flag 1 data 41378
[   82.8070] open fd = 256
[   82.8247] open name host:/livepad.bin flag 1 data 41378
[   82.8260] open fd = 256
[   82.8443] open name host:/livepad.bin flag 1 data 41378
[   82.8461] open fd = 256
[   82.8482] open name host:/livedbg.cmd flag 1 data 41378
[   82.8495] open fd = 256
[   82.8514] open name host:/livedbg.bin flag 602 data 41378
[   82.8534] open fd = 256
[   82.8724] open name host:/livepad.bin flag 1 data 41378
[   82.8739] open fd = 256
[   82.8756] open name host:/livetex.bin flag 1 data 41378
[   82.8761] open fd = -5
[   82.8763] open name host:/livelink.bin flag 1 data 41378
[   82.8768] open fd = -5
[   82.8940] open name host:/livepad.bin flag 1 data 41378
[   82.8961] open fd = 256
[   82.9144] open name host:/livepad.bin flag 1 data 41378
[   82.9160] open fd = 256
[   82.9179] open name host:/livetime.rst flag 1 data 41378
[   82.9184] open fd = -5
[   82.9187] open name host:/livetime.bin flag 602 data 41378
[   82.9206] open fd = 256
[   82.9400] open name host:/livepad.bin flag 1 data 41378
[   82.9417] open fd = 256
[   82.9606] open name host:/livepad.bin flag 1 data 41378
[   82.9621] open fd = 256
[   82.9806] open name host:/livepad.bin flag 1 data 41378
[   82.9820] open fd = 256
[   82.9843] open name host:/livedbg.cmd flag 1 data 41378
[   82.9855] open fd = 256
[   82.9873] open name host:/livedbg.bin flag 602 data 41378
[   82.9891] open fd = 256
[   83.0076] open name host:/livepad.bin flag 1 data 41378
[   83.0093] open fd = 256
[   83.0112] open name host:/livetex.bin flag 1 data 41378
[   83.0119] open fd = -5
[   83.0121] open name host:/livelink.bin flag 1 data 41378
[   83.0127] open fd = -5
[   83.0310] open name host:/livepad.bin flag 1 data 41378
[   83.0329] open fd = 256
[   83.0527] open name host:/livepad.bin flag 1 data 41378
[   83.0542] open fd = 256
[   83.0562] open name host:/livetime.rst flag 1 data 41378
[   83.0567] open fd = -5
[   83.0571] open name host:/livetime.bin flag 602 data 41378
[   83.0592] open fd = 256
[   83.0786] open name host:/livepad.bin flag 1 data 41378
[   83.0802] open fd = 256
[   83.0990] open name host:/livepad.bin flag 1 data 41378
[   83.1007] open fd = 256
[   83.1195] open name host:/livepad.bin flag 1 data 41378
[   83.1210] open fd = 256
[   83.1231] open name host:/livedbg.cmd flag 1 data 41378
[   83.1243] open fd = 256
[   83.1259] open name host:/livedbg.bin flag 602 data 41378
[   83.1280] open fd = 256
[   83.1469] open name host:/livepad.bin flag 1 data 41378
[   83.1484] open fd = 256
[   83.1506] open name host:/livetex.bin flag 1 data 41378
[   83.1512] open fd = -5
[   83.1515] open name host:/livelink.bin flag 1 data 41378
[   83.1519] open fd = -5
[   83.1690] open name host:/livepad.bin flag 1 data 41378
[   83.1706] open fd = 256
[   83.1898] open name host:/livepad.bin flag 1 data 41378
[   83.1913] open fd = 256
[   83.1933] open name host:/livetime.rst flag 1 data 41378
[   83.1937] open fd = -5
[   83.1940] open name host:/livetime.bin flag 602 data 41378
[   83.1959] open fd = 256
[   83.2150] open name host:/livepad.bin flag 1 data 41378
[   83.2167] open fd = 256
[   83.2360] open name host:/livepad.bin flag 1 data 41378
[   83.2379] open fd = 256
[   83.2565] open name host:/livepad.bin flag 1 data 41378
[   83.2579] open fd = 256
[   83.2598] open name host:/livedbg.cmd flag 1 data 41378
[   83.2610] open fd = 256
[   83.2633] open name host:/livedbg.bin flag 602 data 41378
[   83.2658] open fd = 256
[   83.2850] open name host:/livepad.bin flag 1 data 41378
[   83.2866] open fd = 256
[   83.2883] open name host:/livetex.bin flag 1 data 41378
[   83.2888] open fd = -5
[   83.2891] open name host:/livelink.bin flag 1 data 41378
[   83.2895] open fd = -5
[   83.3062] open name host:/livepad.bin flag 1 data 41378
[   83.3078] open fd = 256
[   83.3260] open name host:/livepad.bin flag 1 data 41378
[   83.3275] open fd = 256
[   83.3294] open name host:/livetime.rst flag 1 data 41378
[   83.3299] open fd = -5
[   83.3302] open name host:/livetime.bin flag 602 data 41378
[   83.3321] open fd = 256
[   83.3501] open name host:/livepad.bin flag 1 data 41378
[   83.3516] open fd = 256
[   83.3697] open name host:/livepad.bin flag 1 data 41378
[   83.3711] open fd = 256
[   83.3893] open name host:/livepad.bin flag 1 data 41378
[   83.3911] open fd = 256
[   83.3928] open name host:/livedbg.cmd flag 1 data 41378
[   83.3942] open fd = 256
[   83.3962] open name host:/livedbg.bin flag 602 data 41378
[   83.3981] open fd = 256
[   83.4173] open name host:/livepad.bin flag 1 data 41378
[   83.4187] open fd = 256
[   83.4203] open name host:/livetex.bin flag 1 data 41378
[   83.4209] open fd = -5
[   83.4211] open name host:/livelink.bin flag 1 data 41378
[   83.4216] open fd = -5
[   83.4377] open name host:/livepad.bin flag 1 data 41378
[   83.4394] open fd = 256
[   83.4586] open name host:/livepad.bin flag 1 data 41378
[   83.4602] open fd = 256
[   83.4619] open name host:/livetime.rst flag 1 data 41378
[   83.4625] open fd = -5
[   83.4628] open name host:/livetime.bin flag 602 data 41378
[   83.4648] open fd = 256
[   83.4831] open name host:/livepad.bin flag 1 data 41378
[   83.4847] open fd = 256
[   83.5035] open name host:/livepad.bin flag 1 data 41378
[   83.5050] open fd = 256
[   83.5254] open name host:/livepad.bin flag 1 data 41378
[   83.5273] open fd = 256
[   83.5290] open name host:/livedbg.cmd flag 1 data 41378
[   83.5306] open fd = 256
[   83.5327] open name host:/livedbg.bin flag 602 data 41378
[   83.5349] open fd = 256
[   83.5545] open name host:/livepad.bin flag 1 data 41378
[   83.5561] open fd = 256
[   83.5579] open name host:/livetex.bin flag 1 data 41378
[   83.5585] open fd = -5
[   83.5588] open name host:/livelink.bin flag 1 data 41378
[   83.5594] open fd = -5
[   83.5770] open name host:/livepad.bin flag 1 data 41378
[   83.5785] open fd = 256
[   83.5987] open name host:/livepad.bin flag 1 data 41378
[   83.6007] open fd = 256
[   83.6030] open name host:/livetime.rst flag 1 data 41378
[   83.6037] open fd = -5
[   83.6041] open name host:/livetime.bin flag 602 data 41378
[   83.6066] open fd = 256
[   83.6302] open name host:/livepad.bin flag 1 data 41378
[   83.6321] open fd = 256
[   83.6524] open name host:/livepad.bin flag 1 data 41378
[   83.6538] open fd = 256
[   83.6736] open name host:/livepad.bin flag 1 data 41378
[   83.6751] open fd = 256
[   83.6769] open name host:/livedbg.cmd flag 1 data 41378
[   83.6783] open fd = 256
[   83.6802] open name host:/livedbg.bin flag 602 data 41378
[   83.6822] open fd = 256
[   83.7015] open name host:/livepad.bin flag 1 data 41378
[   83.7029] open fd = 256
[   83.7048] open name host:/livetex.bin flag 1 data 41378
[   83.7053] open fd = -5
[   83.7056] open name host:/livelink.bin flag 1 data 41378
[   83.7060] open fd = -5
[   83.7226] open name host:/livepad.bin flag 1 data 41378
[   83.7241] open fd = 256
[   83.7422] open name host:/livepad.bin flag 1 data 41378
[   83.7436] open fd = 256
[   83.7455] open name host:/livetime.rst flag 1 data 41378
[   83.7461] open fd = -5
[   83.7463] open name host:/livetime.bin flag 602 data 41378
[   83.7483] open fd = 256
[   83.7660] open name host:/livepad.bin flag 1 data 41378
[   83.7674] open fd = 256
[   83.7857] open name host:/livepad.bin flag 1 data 41378
[   83.7870] open fd = 256
[   83.8050] open name host:/livepad.bin flag 1 data 41378
[   83.8064] open fd = 256
[   83.8080] open name host:/livedbg.cmd flag 1 data 41378
[   83.8091] open fd = 256
[   83.8111] open name host:/livedbg.bin flag 602 data 41378
[   83.8133] open fd = 256
[   83.8307] open name host:/livepad.bin flag 1 data 41378
[   83.8322] open fd = 256
[   83.8340] open name host:/livetex.bin flag 1 data 41378
[   83.8344] open fd = -5
[   83.8347] open name host:/livelink.bin flag 1 data 41378
[   83.8351] open fd = -5
[   83.8519] open name host:/livepad.bin flag 1 data 41378
[   83.8534] open fd = 256
[   83.8722] open name host:/livepad.bin flag 1 data 41378
[   83.8737] open fd = 256
[   83.8755] open name host:/livetime.rst flag 1 data 41378
[   83.8760] open fd = -5
[   83.8764] open name host:/livetime.bin flag 602 data 41378
[   83.8788] open fd = 256
[   83.8976] open name host:/livepad.bin flag 1 data 41378
[   83.8990] open fd = 256
[   83.9180] open name host:/livepad.bin flag 1 data 41378
[   83.9194] open fd = 256
[   83.9375] open name host:/livepad.bin flag 1 data 41378
[   83.9389] open fd = 256
[   83.9406] open name host:/livedbg.cmd flag 1 data 41378
[   83.9419] open fd = 256
[   83.9436] open name host:/livedbg.bin flag 602 data 41378
[   83.9453] open fd = 256
[   83.9642] open name host:/livepad.bin flag 1 data 41378
[   83.9657] open fd = 256
[   83.9673] open name host:/livetex.bin flag 1 data 41378
[   83.9677] open fd = -5
[   83.9680] open name host:/livelink.bin flag 1 data 41378
[   83.9686] open fd = -5
[   83.9842] open name host:/livepad.bin flag 1 data 41378
[   83.9865] open fd = 256
[   84.0050] open name host:/livepad.bin flag 1 data 41378
[   84.0066] open fd = 256
[   84.0081] open name host:/livetime.rst flag 1 data 41378
[   84.0086] open fd = -5
[   84.0088] open name host:/livetime.bin flag 602 data 41378
[   84.0108] open fd = 256
[   84.0299] open name host:/livepad.bin flag 1 data 41378
[   84.0316] open fd = 256
[   84.0509] open name host:/livepad.bin flag 1 data 41378
[   84.0524] open fd = 256
[   84.0704] open name host:/livepad.bin flag 1 data 41378
[   84.0726] open fd = 256
[   84.0749] open name host:/livedbg.cmd flag 1 data 41378
[   84.0773] open fd = 256
[   84.0816] open name host:/livedbg.bin flag 602 data 41378
[   84.0854] open fd = 256
[   84.1075] open name host:/livepad.bin flag 1 data 41378
[   84.1093] open fd = 256
[   84.1114] open name host:/livetex.bin flag 1 data 41378
[   84.1121] open fd = -5
[   84.1124] open name host:/livelink.bin flag 1 data 41378
[   84.1133] open fd = -5
[   84.1304] open name host:/livepad.bin flag 1 data 41378
[   84.1319] open fd = 256
[   84.1508] open name host:/livepad.bin flag 1 data 41378
[   84.1524] open fd = 256
[   84.1541] open name host:/livetime.rst flag 1 data 41378
[   84.1546] open fd = -5
[   84.1549] open name host:/livetime.bin flag 602 data 41378
[   84.1567] open fd = 256
[   84.1756] open name host:/livepad.bin flag 1 data 41378
[   84.1771] open fd = 256
[   84.1949] open name host:/livepad.bin flag 1 data 41378
[   84.1963] open fd = 256
[   84.2153] open name host:/livepad.bin flag 1 data 41378
[   84.2171] open fd = 256
[   84.2186] open name host:/livedbg.cmd flag 1 data 41378
[   84.2200] open fd = 256
[   84.2217] open name host:/livedbg.bin flag 602 data 41378
[   84.2236] open fd = 256
[   84.2425] open name host:/livepad.bin flag 1 data 41378
[   84.2443] open fd = 256
[   84.2458] open name host:/livetex.bin flag 1 data 41378
[   84.2463] open fd = -5
[   84.2465] open name host:/livelink.bin flag 1 data 41378
[   84.2470] open fd = -5
[   84.2643] open name host:/livepad.bin flag 1 data 41378
[   84.2660] open fd = 256
[   84.2848] open name host:/livepad.bin flag 1 data 41378
[   84.2862] open fd = 256
[   84.2879] open name host:/livetime.rst flag 1 data 41378
[   84.2884] open fd = -5
[   84.2887] open name host:/livetime.bin flag 602 data 41378
[   84.2905] open fd = 256
[   84.3082] open name host:/livepad.bin flag 1 data 41378
[   84.3098] open fd = 256
[   84.3286] open name host:/livepad.bin flag 1 data 41378
[   84.3301] open fd = 256
[   84.3501] open name host:/livepad.bin flag 1 data 41378
[   84.3517] open fd = 256
[   84.3535] open name host:/livedbg.cmd flag 1 data 41378
[   84.3547] open fd = 256
[   84.3563] open name host:/livedbg.bin flag 602 data 41378
[   84.3582] open fd = 256
[   84.3769] open name host:/livepad.bin flag 1 data 41378
[   84.3785] open fd = 256
[   84.3802] open name host:/livetex.bin flag 1 data 41378
[   84.3807] open fd = -5
[   84.3810] open name host:/livelink.bin flag 1 data 41378
[   84.3815] open fd = -5
[   84.3996] open name host:/livepad.bin flag 1 data 41378
[   84.4011] open fd = 256
[   84.4195] open name host:/livepad.bin flag 1 data 41378
[   84.4211] open fd = 256
[   84.4229] open name host:/livetime.rst flag 1 data 41378
[   84.4234] open fd = -5
[   84.4236] open name host:/livetime.bin flag 602 data 41378
[   84.4254] open fd = 256
[   84.4431] open name host:/livepad.bin flag 1 data 41378
[   84.4454] open fd = 256
[   84.4704] open name host:/livepad.bin flag 1 data 41378
[   84.4732] open fd = 256
[   84.4937] open name host:/livepad.bin flag 1 data 41378
[   84.4953] open fd = 256
[   84.4974] open name host:/livedbg.cmd flag 1 data 41378
[   84.4989] open fd = 256
[   84.5013] open name host:/livedbg.bin flag 602 data 41378
[   84.5036] open fd = 256
[   84.5215] open name host:/livepad.bin flag 1 data 41378
[   84.5232] open fd = 256
[   84.5248] open name host:/livetex.bin flag 1 data 41378
[   84.5253] open fd = -5
[   84.5255] open name host:/livelink.bin flag 1 data 41378
[   84.5260] open fd = -5
[   84.5432] open name host:/livepad.bin flag 1 data 41378
[   84.5448] open fd = 256
[   84.5632] open name host:/livepad.bin flag 1 data 41378
[   84.5647] open fd = 256
[   84.5663] open name host:/livetime.rst flag 1 data 41378
[   84.5669] open fd = -5
[   84.5672] open name host:/livetime.bin flag 602 data 41378
[   84.5690] open fd = 256
[   84.5872] open name host:/livepad.bin flag 1 data 41378
[   84.5886] open fd = 256
[   84.6076] open name host:/livepad.bin flag 1 data 41378
[   84.6091] open fd = 256
[   84.6283] open name host:/livepad.bin flag 1 data 41378
[   84.6299] open fd = 256
[   84.6317] open name host:/livedbg.cmd flag 1 data 41378
[   84.6329] open fd = 256
[   84.6347] open name host:/livedbg.bin flag 602 data 41378
[   84.6369] open fd = 256
[   84.6558] open name host:/livepad.bin flag 1 data 41378
[   84.6574] open fd = 256
[   84.6592] open name host:/livetex.bin flag 1 data 41378
[   84.6597] open fd = -5
[   84.6599] open name host:/livelink.bin flag 1 data 41378
[   84.6604] open fd = -5
[   84.6771] open name host:/livepad.bin flag 1 data 41378
[   84.6787] open fd = 256
[   84.6972] open name host:/livepad.bin flag 1 data 41378
[   84.6989] open fd = 256
[   84.7006] open name host:/livetime.rst flag 1 data 41378
[   84.7012] open fd = -5
[   84.7015] open name host:/livetime.bin flag 602 data 41378
[   84.7034] open fd = 256
[   84.7241] open name host:/livepad.bin flag 1 data 41378
[   84.7256] open fd = 256
[   84.7442] open name host:/livepad.bin flag 1 data 41378
[   84.7460] open fd = 256
[   84.7646] open name host:/livepad.bin flag 1 data 41378
[   84.7661] open fd = 256
[   84.7676] open name host:/livedbg.cmd flag 1 data 41378
[   84.7690] open fd = 256
[   84.7708] open name host:/livedbg.bin flag 602 data 41378
[   84.7728] open fd = 256
[   84.7913] open name host:/livepad.bin flag 1 data 41378
[   84.7931] open fd = 256
[   84.7951] open name host:/livetex.bin flag 1 data 41378
[   84.7958] open fd = -5
[   84.7961] open name host:/livelink.bin flag 1 data 41378
[   84.7968] open fd = -5
[   84.8135] open name host:/livepad.bin flag 1 data 41378
[   84.8151] open fd = 256
[   84.8336] open name host:/livepad.bin flag 1 data 41378
[   84.8353] open fd = 256
[   84.8373] open name host:/livetime.rst flag 1 data 41378
[   84.8378] open fd = -5
[   84.8381] open name host:/livetime.bin flag 602 data 41378
[   84.8402] open fd = 256
[   84.8583] open name host:/livepad.bin flag 1 data 41378
[   84.8598] open fd = 256
[   84.8785] open name host:/livepad.bin flag 1 data 41378
[   84.8800] open fd = 256
[   84.8990] open name host:/livepad.bin flag 1 data 41378
[   84.9008] open fd = 256
[   84.9027] open name host:/livedbg.cmd flag 1 data 41378
[   84.9040] open fd = 256
[   84.9058] open name host:/livedbg.bin flag 602 data 41378
[   84.9078] open fd = 256
[   84.9279] open name host:/livepad.bin flag 1 data 41378
[   84.9295] open fd = 256
[   84.9314] open name host:/livetex.bin flag 1 data 41378
[   84.9319] open fd = -5
[   84.9321] open name host:/livelink.bin flag 1 data 41378
[   84.9325] open fd = -5
[   84.9494] open name host:/livepad.bin flag 1 data 41378
[   84.9509] open fd = 256
[   84.9681] open name host:/livepad.bin flag 1 data 41378
[   84.9696] open fd = 256
[   84.9716] open name host:/livetime.rst flag 1 data 41378
[   84.9721] open fd = -5
[   84.9724] open name host:/livetime.bin flag 602 data 41378
[   84.9742] open fd = 256
[   84.9918] open name host:/livepad.bin flag 1 data 41378
[   84.9932] open fd = 256
[   85.0113] open name host:/livepad.bin flag 1 data 41378
[   85.0129] open fd = 256
[   85.0304] open name host:/livepad.bin flag 1 data 41378
[   85.0321] open fd = 256
[   85.0340] open name host:/livedbg.cmd flag 1 data 41378
[   85.0352] open fd = 256
[   85.0368] open name host:/livedbg.bin flag 602 data 41378
[   85.0387] open fd = 256
[   85.0560] open name host:/livepad.bin flag 1 data 41378
[   85.0575] open fd = 256
[   85.0590] open name host:/livetex.bin flag 1 data 41378
[   85.0595] open fd = -5
[   85.0597] open name host:/livelink.bin flag 1 data 41378
[   85.0603] open fd = -5
[   85.0764] open name host:/livepad.bin flag 1 data 41378
[   85.0782] open fd = 256
[   85.0961] open name host:/livepad.bin flag 1 data 41378
[   85.0978] open fd = 256
[   85.0999] open name host:/livetime.rst flag 1 data 41378
[   85.1004] open fd = -5
[   85.1009] open name host:/livetime.bin flag 602 data 41378
[   85.1030] open fd = 256
[   85.1228] open name host:/livepad.bin flag 1 data 41378
[   85.1245] open fd = 256
[   85.1431] open name host:/livepad.bin flag 1 data 41378
[   85.1445] open fd = 256
[   85.1648] open name host:/livepad.bin flag 1 data 41378
[   85.1664] open fd = 256
[   85.1680] open name host:/livedbg.cmd flag 1 data 41378
[   85.1692] open fd = 256
[   85.1709] open name host:/livedbg.bin flag 602 data 41378
[   85.1726] open fd = 256
[   85.1907] open name host:/livepad.bin flag 1 data 41378
[   85.1923] open fd = 256
[   85.1940] open name host:/livetex.bin flag 1 data 41378
[   85.1946] open fd = -5
[   85.1948] open name host:/livelink.bin flag 1 data 41378
[   85.1953] open fd = -5
[   85.2140] open name host:/livepad.bin flag 1 data 41378
[   85.2154] open fd = 256
[   85.2333] open name host:/livepad.bin flag 1 data 41378
[   85.2347] open fd = 256
[   85.2364] open name host:/livetime.rst flag 1 data 41378
[   85.2370] open fd = -5
[   85.2373] open name host:/livetime.bin flag 602 data 41378
[   85.2391] open fd = 256
[   85.2563] open name host:/livepad.bin flag 1 data 41378
[   85.2577] open fd = 256
[   85.2759] open name host:/livepad.bin flag 1 data 41378
[   85.2774] open fd = 256
[   85.2948] open name host:/livepad.bin flag 1 data 41378
[   85.2964] open fd = 256
[   85.2983] open name host:/livedbg.cmd flag 1 data 41378
[   85.2995] open fd = 256
[   85.3016] open name host:/livedbg.bin flag 602 data 41378
[   85.3037] open fd = 256
[   85.3218] open name host:/livepad.bin flag 1 data 41378
[   85.3233] open fd = 256
[   85.3251] open name host:/livetex.bin flag 1 data 41378
[   85.3256] open fd = -5
[   85.3258] open name host:/livelink.bin flag 1 data 41378
[   85.3263] open fd = -5
[   85.3432] FRAMEARENA frames=3240 peak=1033488 resets=3718 fallbacks=0 maxFrameBytes=2773552 maxBorrowed=2184480 freeKiB=16901
[   85.3437] NATIVEVIF frames=3240 batches=10798
[   85.3441] ORDEREDFRAME frames=3240 splitFrames=1921
[   85.3444] FRAMEPIPELINE starts=3240 dmaBusyStarts=1030
[   85.3449] open name host:/livepad.bin flag 1 data 41378
[   85.3462] open fd = 256
[   85.3649] open name host:/livepad.bin flag 1 data 41378
[   85.3667] open fd = 256
[   85.3683] open name host:/livetime.rst flag 1 data 41378
[   85.3688] open fd = -5
[   85.3690] open name host:/livetime.bin flag 602 data 41378
[   85.3710] open fd = 256
[   85.3890] open name host:/livepad.bin flag 1 data 41378
[   85.3904] open fd = 256
[   85.4077] open name host:/livepad.bin flag 1 data 41378
[   85.4093] open fd = 256
[   85.4285] open name host:/livepad.bin flag 1 data 41378
[   85.4302] open fd = 256
[   85.4318] open name host:/livedbg.cmd flag 1 data 41378
[   85.4330] open fd = 256
[   85.4347] open name host:/livedbg.bin flag 602 data 41378
[   85.4365] open fd = 256
[   85.4541] open name host:/livepad.bin flag 1 data 41378
[   85.4558] open fd = 256
[   85.4578] open name host:/livetex.bin flag 1 data 41378
[   85.4583] open fd = -5
[   85.4586] open name host:/livelink.bin flag 1 data 41378
[   85.4591] open fd = -5
[   85.4760] open name host:/livepad.bin flag 1 data 41378
[   85.4776] open fd = 256
[   85.4947] open name host:/livepad.bin flag 1 data 41378
[   85.4963] open fd = 256
[   85.4980] open name host:/livetime.rst flag 1 data 41378
[   85.4986] open fd = -5
[   85.4990] open name host:/livetime.bin flag 602 data 41378
[   85.5008] open fd = 256
[   85.5200] open name host:/livepad.bin flag 1 data 41378
[   85.5215] open fd = 256
[   85.5404] open name host:/livepad.bin flag 1 data 41378
[   85.5419] open fd = 256
[   85.5606] open name host:/livepad.bin flag 1 data 41378
[   85.5623] open fd = 256
[   85.5640] open name host:/livedbg.cmd flag 1 data 41378
[   85.5653] open fd = 256
[   85.5671] open name host:/livedbg.bin flag 602 data 41378
[   85.5688] open fd = 256
[   85.5869] open name host:/livepad.bin flag 1 data 41378
[   85.5884] open fd = 256
[   85.5899] open name host:/livetex.bin flag 1 data 41378
[   85.5904] open fd = -5
[   85.5906] open name host:/livelink.bin flag 1 data 41378
[   85.5911] open fd = -5
[   85.6075] open name host:/livepad.bin flag 1 data 41378
[   85.6091] open fd = 256
[   85.6266] open name host:/livepad.bin flag 1 data 41378
[   85.6282] open fd = 256
[   85.6301] open name host:/livetime.rst flag 1 data 41378
[   85.6306] open fd = -5
[   85.6309] open name host:/livetime.bin flag 602 data 41378
[   85.6329] open fd = 256
[   85.6499] open name host:/livepad.bin flag 1 data 41378
[   85.6516] open fd = 256
[   85.6695] open name host:/livepad.bin flag 1 data 41378
[   85.6710] open fd = 256
[   85.6899] open name host:/livepad.bin flag 1 data 41378
[   85.6914] open fd = 256
[   85.6930] open name host:/livedbg.cmd flag 1 data 41378
[   85.6943] open fd = 256
[   85.6961] open name host:/livedbg.bin flag 602 data 41378
[   85.6983] open fd = 256
[   85.7173] open name host:/livepad.bin flag 1 data 41378
[   85.7189] open fd = 256
[   85.7212] open name host:/livetex.bin flag 1 data 41378
[   85.7218] open fd = -5
[   85.7222] open name host:/livelink.bin flag 1 data 41378
[   85.7228] open fd = -5
[   85.7407] open name host:/livepad.bin flag 1 data 41378
[   85.7424] open fd = 256
[   85.7611] open name host:/livepad.bin flag 1 data 41378
[   85.7630] open fd = 256
[   85.7648] open name host:/livetime.rst flag 1 data 41378
[   85.7654] open fd = -5
[   85.7658] open name host:/livetime.bin flag 602 data 41378
[   85.7678] open fd = 256
[   85.7870] open name host:/livepad.bin flag 1 data 41378
[   85.7886] open fd = 256
[   85.8069] open name host:/livepad.bin flag 1 data 41378
[   85.8086] open fd = 256
[   85.8268] open name host:/livepad.bin flag 1 data 41378
[   85.8285] open fd = 256
[   85.8304] open name host:/livedbg.cmd flag 1 data 41378
[   85.8320] open fd = 256
[   85.8339] open name host:/livedbg.bin flag 602 data 41378
[   85.8358] open fd = 256
[   85.8554] open name host:/livepad.bin flag 1 data 41378
[   85.8570] open fd = 256
[   85.8585] open name host:/livetex.bin flag 1 data 41378
[   85.8590] open fd = -5
[   85.8593] open name host:/livelink.bin flag 1 data 41378
[   85.8598] open fd = -5
[   85.8764] open name host:/livepad.bin flag 1 data 41378
[   85.8780] open fd = 256
[   85.8973] open name host:/livepad.bin flag 1 data 41378
[   85.8991] open fd = 256
[   85.9011] open name host:/livetime.rst flag 1 data 41378
[   85.9017] open fd = -5
[   85.9020] open name host:/livetime.bin flag 602 data 41378
[   85.9041] open fd = 256
[   85.9225] open name host:/livepad.bin flag 1 data 41378
[   85.9241] open fd = 256
[   85.9436] open name host:/livepad.bin flag 1 data 41378
[   85.9452] open fd = 256
[   85.9662] open name host:/livepad.bin flag 1 data 41378
[   85.9677] open fd = 256
[   85.9696] open name host:/livedbg.cmd flag 1 data 41378
[   85.9709] open fd = 256
[   85.9727] open name host:/livedbg.bin flag 602 data 41378
[   85.9747] open fd = 256
[   85.9943] open name host:/livepad.bin flag 1 data 41378
[   85.9960] open fd = 256
[   85.9977] open name host:/livetex.bin flag 1 data 41378
[   85.9982] open fd = -5
[   85.9985] open name host:/livelink.bin flag 1 data 41378
[   85.9990] open fd = -5
[   86.0164] open name host:/livepad.bin flag 1 data 41378
[   86.0180] open fd = 256
[   86.0371] open name host:/livepad.bin flag 1 data 41378
[   86.0387] open fd = 256
[   86.0406] open name host:/livetime.rst flag 1 data 41378
[   86.0412] open fd = -5
[   86.0415] open name host:/livetime.bin flag 602 data 41378
[   86.0435] open fd = 256
[   86.0617] open name host:/livepad.bin flag 1 data 41378
[   86.0634] open fd = 256
[   86.0819] open name host:/livepad.bin flag 1 data 41378
[   86.0836] open fd = 256
[   86.1018] open name host:/livepad.bin flag 1 data 41378
[   86.1034] open fd = 256
[   86.1051] open name host:/livedbg.cmd flag 1 data 41378
[   86.1065] open fd = 256
[   86.1083] open name host:/livedbg.bin flag 602 data 41378
[   86.1106] open fd = 256
[   86.1343] open name host:/livepad.bin flag 1 data 41378
[   86.1361] open fd = 256
[   86.1380] open name host:/livetex.bin flag 1 data 41378
[   86.1386] open fd = -5
[   86.1390] open name host:/livelink.bin flag 1 data 41378
[   86.1396] open fd = -5
[   86.1599] open name host:/livepad.bin flag 1 data 41378
[   86.1618] open fd = 256
[   86.1860] open name host:/livepad.bin flag 1 data 41378
[   86.1917] open fd = 256
[   86.1949] open name host:/livetime.rst flag 1 data 41378
[   86.1963] open fd = -5
[   86.1970] open name host:/livetime.bin flag 602 data 41378
[   86.2007] open fd = 256
[   86.2255] open name host:/livepad.bin flag 1 data 41378
[   86.2273] open fd = 256
[   86.2485] open name host:/livepad.bin flag 1 data 41378
[   86.2503] open fd = 256
[   86.2701] open name host:/livepad.bin flag 1 data 41378
[   86.2718] open fd = 256
[   86.2735] open name host:/livedbg.cmd flag 1 data 41378
[   86.2747] open fd = 256
[   86.2768] open name host:/livedbg.bin flag 602 data 41378
[   86.2792] open fd = 256
[   86.3006] open name host:/livepad.bin flag 1 data 41378
[   86.3023] open fd = 256
[   86.3041] open name host:/livetex.bin flag 1 data 41378
[   86.3046] open fd = -5
[   86.3049] open name host:/livelink.bin flag 1 data 41378
[   86.3055] open fd = -5
[   86.3235] open name host:/livepad.bin flag 1 data 41378
[   86.3252] open fd = 256
[   86.3443] open name host:/livepad.bin flag 1 data 41378
[   86.3459] open fd = 256
[   86.3476] open name host:/livetime.rst flag 1 data 41378
[   86.3481] open fd = -5
[   86.3485] open name host:/livetime.bin flag 602 data 41378
[   86.3505] open fd = 256
[   86.3702] open name host:/livepad.bin flag 1 data 41378
[   86.3718] open fd = 256
[   86.3912] open name host:/livepad.bin flag 1 data 41378
[   86.3927] open fd = 256
[   86.4107] open name host:/livepad.bin flag 1 data 41378
[   86.4122] open fd = 256
[   86.4140] open name host:/livedbg.cmd flag 1 data 41378
[   86.4152] open fd = 256
[   86.4171] open name host:/livedbg.bin flag 602 data 41378
[   86.4191] open fd = 256
[   86.4362] open name host:/livepad.bin flag 1 data 41378
[   86.4378] open fd = 256
[   86.4394] open name host:/livetex.bin flag 1 data 41378
[   86.4400] open fd = -5
[   86.4403] open name host:/livelink.bin flag 1 data 41378
[   86.4407] open fd = -5
[   86.4577] open name host:/livepad.bin flag 1 data 41378
[   86.4593] open fd = 256
[   86.4793] open name host:/livepad.bin flag 1 data 41378
[   86.4809] open fd = 256
[   86.4825] open name host:/livetime.rst flag 1 data 41378
[   86.4830] open fd = -5
[   86.4835] open name host:/livetime.bin flag 602 data 41378
[   86.4854] open fd = 256
[   86.5040] open name host:/livepad.bin flag 1 data 41378
[   86.5057] open fd = 256
[   86.5252] open name host:/livepad.bin flag 1 data 41378
[   86.5267] open fd = 256
[   86.5454] open name host:/livepad.bin flag 1 data 41378
[   86.5470] open fd = 256
[   86.5486] open name host:/livedbg.cmd flag 1 data 41378
[   86.5500] open fd = 256
[   86.5520] open name host:/livedbg.bin flag 602 data 41378
[   86.5541] open fd = 256
[   86.5791] open name host:/livepad.bin flag 1 data 41378
[   86.5819] open fd = 256
[   86.5845] open name host:/livetex.bin flag 1 data 41378
[   86.5856] open fd = -5
[   86.5860] open name host:/livelink.bin flag 1 data 41378
[   86.5867] open fd = -5
[   86.6074] open name host:/livepad.bin flag 1 data 41378
[   86.6092] open fd = 256
[   86.6295] open name host:/livepad.bin flag 1 data 41378
[   86.6311] open fd = 256
[   86.6329] open name host:/livetime.rst flag 1 data 41378
[   86.6334] open fd = -5
[   86.6336] open name host:/livetime.bin flag 602 data 41378
[   86.6355] open fd = 256
[   86.6562] open name host:/livepad.bin flag 1 data 41378
[   86.6576] open fd = 256
[   86.6763] open name host:/livepad.bin flag 1 data 41378
[   86.6779] open fd = 256
[   86.6974] open name host:/livepad.bin flag 1 data 41378
[   86.6989] open fd = 256
[   86.7009] open name host:/livedbg.cmd flag 1 data 41378
[   86.7023] open fd = 256
[   86.7043] open name host:/livedbg.bin flag 602 data 41378
[   86.7061] open fd = 256
[   86.7252] open name host:/livepad.bin flag 1 data 41378
[   86.7268] open fd = 256
[   86.7288] open name host:/livetex.bin flag 1 data 41378
[   86.7295] open fd = -5
[   86.7299] open name host:/livelink.bin flag 1 data 41378
[   86.7304] open fd = -5
[   86.7465] open name host:/livepad.bin flag 1 data 41378
[   86.7481] open fd = 256
[   86.7657] open name host:/livepad.bin flag 1 data 41378
[   86.7673] open fd = 256
[   86.7691] open name host:/livetime.rst flag 1 data 41378
[   86.7696] open fd = -5
[   86.7700] open name host:/livetime.bin flag 602 data 41378
[   86.7722] open fd = 256
[   86.7902] open name host:/livepad.bin flag 1 data 41378
[   86.7918] open fd = 256
[   86.8093] open name host:/livepad.bin flag 1 data 41378
[   86.8110] open fd = 256
[   86.8290] open name host:/livepad.bin flag 1 data 41378
[   86.8305] open fd = 256
[   86.8326] open name host:/livedbg.cmd flag 1 data 41378
[   86.8339] open fd = 256
[   86.8357] open name host:/livedbg.bin flag 602 data 41378
[   86.8375] open fd = 256
[   86.8559] open name host:/livepad.bin flag 1 data 41378
[   86.8574] open fd = 256
[   86.8591] open name host:/livetex.bin flag 1 data 41378
[   86.8596] open fd = -5
[   86.8600] open name host:/livelink.bin flag 1 data 41378
[   86.8604] open fd = -5
[   86.8771] open name host:/livepad.bin flag 1 data 41378
[   86.8788] open fd = 256
[   86.8965] open name host:/livepad.bin flag 1 data 41378
[   86.8980] open fd = 256
[   86.8997] open name host:/livetime.rst flag 1 data 41378
[   86.9002] open fd = -5
[   86.9005] open name host:/livetime.bin flag 602 data 41378
[   86.9023] open fd = 256
[   86.9196] open name host:/livepad.bin flag 1 data 41378
[   86.9212] open fd = 256
[   86.9400] open name host:/livepad.bin flag 1 data 41378
[   86.9419] open fd = 256
[   86.9602] open name host:/livepad.bin flag 1 data 41378
[   86.9621] open fd = 256
[   86.9639] open name host:/livedbg.cmd flag 1 data 41378
[   86.9652] open fd = 256
[   86.9675] open name host:/livedbg.bin flag 602 data 41378
[   86.9693] open fd = 256
[   86.9893] open name host:/livepad.bin flag 1 data 41378
[   86.9912] open fd = 256
[   86.9930] open name host:/livetex.bin flag 1 data 41378
[   86.9936] open fd = -5
[   86.9939] open name host:/livelink.bin flag 1 data 41378
[   86.9944] open fd = -5
[   87.0112] open name host:/livepad.bin flag 1 data 41378
[   87.0132] open fd = 256
[   87.0317] open name host:/livepad.bin flag 1 data 41378
[   87.0334] open fd = 256
[   87.0354] open name host:/livetime.rst flag 1 data 41378
[   87.0360] open fd = -5
[   87.0363] open name host:/livetime.bin flag 602 data 41378
[   87.0382] open fd = 256
[   87.0554] open name host:/livepad.bin flag 1 data 41378
[   87.0569] open fd = 256
[   87.0762] open name host:/livepad.bin flag 1 data 41378
[   87.0778] open fd = 256
[   87.0957] open name host:/livepad.bin flag 1 data 41378
[   87.0977] open fd = 256
[   87.0995] open name host:/livedbg.cmd flag 1 data 41378
[   87.1008] open fd = 256
[   87.1030] open name host:/livedbg.bin flag 602 data 41378
[   87.1051] open fd = 256
[   87.1232] open name host:/livepad.bin flag 1 data 41378
[   87.1249] open fd = 256
[   87.1267] open name host:/livetex.bin flag 1 data 41378
[   87.1272] open fd = -5
[   87.1277] open name host:/livelink.bin flag 1 data 41378
[   87.1283] open fd = -5
[   87.1462] open name host:/livepad.bin flag 1 data 41378
[   87.1479] open fd = 256
[   87.1658] open name host:/livepad.bin flag 1 data 41378
[   87.1675] open fd = 256
[   87.1691] open name host:/livetime.rst flag 1 data 41378
[   87.1697] open fd = -5
[   87.1700] open name host:/livetime.bin flag 602 data 41378
[   87.1718] open fd = 256
[   87.1902] open name host:/livepad.bin flag 1 data 41378
[   87.1918] open fd = 256
[   87.2091] open name host:/livepad.bin flag 1 data 41378
[   87.2107] open fd = 256
[   87.2289] open name host:/livepad.bin flag 1 data 41378
[   87.2307] open fd = 256
[   87.2327] open name host:/livedbg.cmd flag 1 data 41378
[   87.2342] open fd = 256
[   87.2360] open name host:/livedbg.bin flag 602 data 41378
[   87.2381] open fd = 256
[   87.2561] open name host:/livepad.bin flag 1 data 41378
[   87.2577] open fd = 256
[   87.2595] open name host:/livetex.bin flag 1 data 41378
[   87.2601] open fd = -5
[   87.2605] open name host:/livelink.bin flag 1 data 41378
[   87.2611] open fd = -5
[   87.2782] open name host:/livepad.bin flag 1 data 41378
[   87.2799] open fd = 256
[   87.3004] open name host:/livepad.bin flag 1 data 41378
[   87.3021] open fd = 256
[   87.3041] open name host:/livetime.rst flag 1 data 41378
[   87.3046] open fd = -5
[   87.3049] open name host:/livetime.bin flag 602 data 41378
[   87.3068] open fd = 256
[   87.3271] open name host:/livepad.bin flag 1 data 41378
[   87.3291] open fd = 256
[   87.3524] open name host:/livepad.bin flag 1 data 41378
[   87.3542] open fd = 256
[   87.3726] open name host:/livepad.bin flag 1 data 41378
[   87.3741] open fd = 256
[   87.3757] open name host:/livedbg.cmd flag 1 data 41378
[   87.3769] open fd = 256
[   87.3790] open name host:/livedbg.bin flag 602 data 41378
[   87.3810] open fd = 256
[   87.3993] open name host:/livepad.bin flag 1 data 41378
[   87.4009] open fd = 256
[   87.4025] open name host:/livetex.bin flag 1 data 41378
[   87.4029] open fd = -5
[   87.4033] open name host:/livelink.bin flag 1 data 41378
[   87.4038] open fd = -5
[   87.4201] open name host:/livepad.bin flag 1 data 41378
[   87.4216] open fd = 256
[   87.4398] open name host:/livepad.bin flag 1 data 41378
[   87.4413] open fd = 256
[   87.4430] open name host:/livetime.rst flag 1 data 41378
[   87.4434] open fd = -5
[   87.4437] open name host:/livetime.bin flag 602 data 41378
[   87.4456] open fd = 256
[   87.4643] open name host:/livepad.bin flag 1 data 41378
[   87.4658] open fd = 256
[   87.4836] open name host:/livepad.bin flag 1 data 41378
[   87.4854] open fd = 256
[   87.5063] open name host:/livepad.bin flag 1 data 41378
[   87.5079] open fd = 256
[   87.5098] open name host:/livedbg.cmd flag 1 data 41378
[   87.5112] open fd = 256
[   87.5132] open name host:/livedbg.bin flag 602 data 41378
[   87.5153] open fd = 256
[   87.5357] open name host:/livepad.bin flag 1 data 41378
[   87.5372] open fd = 256
[   87.5390] open name host:/livetex.bin flag 1 data 41378
[   87.5395] open fd = -5
[   87.5397] open name host:/livelink.bin flag 1 data 41378
[   87.5402] open fd = -5
[   87.5567] open name host:/livepad.bin flag 1 data 41378
[   87.5581] open fd = 256
[   87.5761] open name host:/livepad.bin flag 1 data 41378
[   87.5779] open fd = 256
[   87.5797] open name host:/livetime.rst flag 1 data 41378
[   87.5804] open fd = -5
[   87.5807] open name host:/livetime.bin flag 602 data 41378
[   87.5828] open fd = 256
[   87.6006] open name host:/livepad.bin flag 1 data 41378
[   87.6021] open fd = 256
[   87.6202] open name host:/livepad.bin flag 1 data 41378
[   87.6221] open fd = 256
[   87.6407] open name host:/livepad.bin flag 1 data 41378
[   87.6423] open fd = 256
[   87.6440] open name host:/livedbg.cmd flag 1 data 41378
[   87.6455] open fd = 256
[   87.6474] open name host:/livedbg.bin flag 602 data 41378
[   87.6494] open fd = 256
[   87.6694] open name host:/livepad.bin flag 1 data 41378
[   87.6712] open fd = 256
[   87.6730] open name host:/livetex.bin flag 1 data 41378
[   87.6735] open fd = -5
[   87.6738] open name host:/livelink.bin flag 1 data 41378
[   87.6742] open fd = -5
[   87.6914] open name host:/livepad.bin flag 1 data 41378
[   87.6929] open fd = 256
[   87.7112] open name host:/livepad.bin flag 1 data 41378
[   87.7126] open fd = 256
[   87.7142] open name host:/livetime.rst flag 1 data 41378
[   87.7147] open fd = -5
[   87.7150] open name host:/livetime.bin flag 602 data 41378
[   87.7170] open fd = 256
[   87.7391] open name host:/livepad.bin flag 1 data 41378
[   87.7408] open fd = 256
[   87.7607] open name host:/livepad.bin flag 1 data 41378
[   87.7626] open fd = 256
[   87.7854] open name host:/livepad.bin flag 1 data 41378
[   87.7875] open fd = 256
[   87.7893] open name host:/livedbg.cmd flag 1 data 41378
[   87.7911] open fd = 256
[   87.7934] open name host:/livedbg.bin flag 602 data 41378
[   87.7962] open fd = 256
[   87.8177] open name host:/livepad.bin flag 1 data 41378
[   87.8199] open fd = 256
[   87.8221] open name host:/livetex.bin flag 1 data 41378
[   87.8228] open fd = -5
[   87.8231] open name host:/livelink.bin flag 1 data 41378
[   87.8238] open fd = -5
[   87.8465] open name host:/livepad.bin flag 1 data 41378
[   87.8488] open fd = 256
[   87.8692] open name host:/livepad.bin flag 1 data 41378
[   87.8711] open fd = 256
[   87.8735] open name host:/livetime.rst flag 1 data 41378
[   87.8742] open fd = -5
[   87.8745] open name host:/livetime.bin flag 602 data 41378
[   87.8773] open fd = 256
[   87.8979] open name host:/livepad.bin flag 1 data 41378
[   87.8997] open fd = 256
[   87.9187] open name host:/livepad.bin flag 1 data 41378
[   87.9208] open fd = 256
[   87.9400] open name host:/livepad.bin flag 1 data 41378
[   87.9421] open fd = 256
[   87.9441] open name host:/livedbg.cmd flag 1 data 41378
[   87.9455] open fd = 256
[   87.9475] open name host:/livedbg.bin flag 602 data 41378
[   87.9496] open fd = 256
[   87.9694] open name host:/livepad.bin flag 1 data 41378
[   87.9709] open fd = 256
[   87.9726] open name host:/livetex.bin flag 1 data 41378
[   87.9731] open fd = -5
[   87.9734] open name host:/livelink.bin flag 1 data 41378
[   87.9739] open fd = -5
[   87.9918] open name host:/livepad.bin flag 1 data 41378
[   87.9933] open fd = 256
[   88.0119] open name host:/livepad.bin flag 1 data 41378
[   88.0135] open fd = 256
[   88.0150] open name host:/livetime.rst flag 1 data 41378
[   88.0155] open fd = -5
[   88.0158] open name host:/livetime.bin flag 602 data 41378
[   88.0177] open fd = 256
[   88.0383] open name host:/livepad.bin flag 1 data 41378
[   88.0398] open fd = 256
[   88.0597] open name host:/livepad.bin flag 1 data 41378
[   88.0614] open fd = 256
[   88.0800] open name host:/livepad.bin flag 1 data 41378
[   88.0816] open fd = 256
[   88.0831] open name host:/livedbg.cmd flag 1 data 41378
[   88.0845] open fd = 256
[   88.0861] open name host:/livedbg.bin flag 602 data 41378
[   88.0879] open fd = 256
[   88.1058] open name host:/livepad.bin flag 1 data 41378
[   88.1073] open fd = 256
[   88.1090] open name host:/livetex.bin flag 1 data 41378
[   88.1095] open fd = -5
[   88.1098] open name host:/livelink.bin flag 1 data 41378
[   88.1103] open fd = -5
[   88.1268] FRAMEARENA frames=3360 peak=1033488 resets=3958 fallbacks=0 maxFrameBytes=2773552 maxBorrowed=2184480 freeKiB=16901
[   88.1274] NATIVEVIF frames=3360 batches=11398
[   88.1281] ORDEREDFRAME frames=3360 splitFrames=2041
[   88.1285] FRAMEPIPELINE starts=3360 dmaBusyStarts=1030
[   88.1289] open name host:/livepad.bin flag 1 data 41378
[   88.1304] open fd = 256
[   88.1489] open name host:/livepad.bin flag 1 data 41378
[   88.1506] open fd = 256
[   88.1524] open name host:/livetime.rst flag 1 data 41378
[   88.1529] open fd = -5
[   88.1533] open name host:/livetime.bin flag 602 data 41378
[   88.1554] open fd = 256
[   88.1750] open name host:/livepad.bin flag 1 data 41378
[   88.1765] open fd = 256
[   88.1963] open name host:/livepad.bin flag 1 data 41378
[   88.1984] open fd = 256
[   88.2194] open name host:/livepad.bin flag 1 data 41378
[   88.2211] open fd = 256
[   88.2230] open name host:/livedbg.cmd flag 1 data 41378
[   88.2244] open fd = 256
[   88.2263] open name host:/livedbg.bin flag 602 data 41378
[   88.2282] open fd = 256
[   88.2478] open name host:/livepad.bin flag 1 data 41378
[   88.2496] open fd = 256
[   88.2518] open name host:/livetex.bin flag 1 data 41378
[   88.2523] open fd = -5
[   88.2526] open name host:/livelink.bin flag 1 data 41378
[   88.2531] open fd = -5
[   88.2713] open name host:/livepad.bin flag 1 data 41378
[   88.2730] open fd = 256
[   88.2943] open name host:/livepad.bin flag 1 data 41378
[   88.2961] open fd = 256
[   88.2981] open name host:/livetime.rst flag 1 data 41378
[   88.2987] open fd = -5
[   88.2990] open name host:/livetime.bin flag 602 data 41378
[   88.3011] open fd = 256
[   88.3205] open name host:/livepad.bin flag 1 data 41378
[   88.3222] open fd = 256
[   88.3410] open name host:/livepad.bin flag 1 data 41378
[   88.3426] open fd = 256
[   88.3614] open name host:/livepad.bin flag 1 data 41378
[   88.3631] open fd = 256
[   88.3650] open name host:/livedbg.cmd flag 1 data 41378
[   88.3663] open fd = 256
[   88.3684] open name host:/livedbg.bin flag 602 data 41378
[   88.3706] open fd = 256
[   88.3899] open name host:/livepad.bin flag 1 data 41378
[   88.3916] open fd = 256
[   88.3936] open name host:/livetex.bin flag 1 data 41378
[   88.3942] open fd = -5
[   88.3945] open name host:/livelink.bin flag 1 data 41378
[   88.3951] open fd = -5
[   88.4123] open name host:/livepad.bin flag 1 data 41378
[   88.4140] open fd = 256
[   88.4346] open name host:/livepad.bin flag 1 data 41378
[   88.4364] open fd = 256
[   88.4383] open name host:/livetime.rst flag 1 data 41378
[   88.4390] open fd = -5
[   88.4393] open name host:/livetime.bin flag 602 data 41378
[   88.4416] open fd = 256
[   88.4613] open name host:/livepad.bin flag 1 data 41378
[   88.4631] open fd = 256
[   88.4834] open name host:/livepad.bin flag 1 data 41378
[   88.4852] open fd = 256
[   88.5053] open name host:/livepad.bin flag 1 data 41378
[   88.5074] open fd = 256
[   88.5092] open name host:/livedbg.cmd flag 1 data 41378
[   88.5107] open fd = 256
[   88.5132] open name host:/livedbg.bin flag 602 data 41378
[   88.5155] open fd = 256
[   88.5365] open name host:/livepad.bin flag 1 data 41378
[   88.5384] open fd = 256
[   88.5403] open name host:/livetex.bin flag 1 data 41378
[   88.5410] open fd = -5
[   88.5414] open name host:/livelink.bin flag 1 data 41378
[   88.5420] open fd = -5
[   88.5598] open name host:/livepad.bin flag 1 data 41378
[   88.5619] open fd = 256
[   88.5802] open name host:/livepad.bin flag 1 data 41378
[   88.5820] open fd = 256
[   88.5840] open name host:/livetime.rst flag 1 data 41378
[   88.5846] open fd = -5
[   88.5850] open name host:/livetime.bin flag 602 data 41378
[   88.5871] open fd = 256
[   88.6059] open name host:/livepad.bin flag 1 data 41378
[   88.6076] open fd = 256
[   88.6262] open name host:/livepad.bin flag 1 data 41378
[   88.6279] open fd = 256
[   88.6477] open name host:/livepad.bin flag 1 data 41378
[   88.6494] open fd = 256
[   88.6512] open name host:/livedbg.cmd flag 1 data 41378
[   88.6527] open fd = 256
[   88.6549] open name host:/livedbg.bin flag 602 data 41378
[   88.6568] open fd = 256
[   88.6762] open name host:/livepad.bin flag 1 data 41378
[   88.6787] open fd = 256
[   88.6806] open name host:/livetex.bin flag 1 data 41378
[   88.6813] open fd = -5
[   88.6815] open name host:/livelink.bin flag 1 data 41378
[   88.6819] open fd = -5
[   88.6993] open name host:/livepad.bin flag 1 data 41378
[   88.7010] open fd = 256
[   88.7191] open name host:/livepad.bin flag 1 data 41378
[   88.7205] open fd = 256
[   88.7222] open name host:/livetime.rst flag 1 data 41378
[   88.7228] open fd = -5
[   88.7231] open name host:/livetime.bin flag 602 data 41378
[   88.7253] open fd = 256
[   88.7432] open name host:/livepad.bin flag 1 data 41378
[   88.7448] open fd = 256
[   88.7645] open name host:/livepad.bin flag 1 data 41378
[   88.7664] open fd = 256
[   88.7857] open name host:/livepad.bin flag 1 data 41378
[   88.7874] open fd = 256
[   88.7890] open name host:/livedbg.cmd flag 1 data 41378
[   88.7905] open fd = 256
[   88.7925] open name host:/livedbg.bin flag 602 data 41378
[   88.7946] open fd = 256
[   88.8137] open name host:/livepad.bin flag 1 data 41378
[   88.8156] open fd = 256
[   88.8175] open name host:/livetex.bin flag 1 data 41378
[   88.8181] open fd = -5
[   88.8183] open name host:/livelink.bin flag 1 data 41378
[   88.8189] open fd = -5
[   88.8391] open name host:/livepad.bin flag 1 data 41378
[   88.8411] open fd = 256
[   88.8600] open name host:/livepad.bin flag 1 data 41378
[   88.8619] open fd = 256
[   88.8638] open name host:/livetime.rst flag 1 data 41378
[   88.8646] open fd = -5
[   88.8649] open name host:/livetime.bin flag 602 data 41378
[   88.8668] open fd = 256
[   88.8860] open name host:/livepad.bin flag 1 data 41378
[   88.8876] open fd = 256
[   88.9072] open name host:/livepad.bin flag 1 data 41378
[   88.9089] open fd = 256
[   88.9279] open name host:/livepad.bin flag 1 data 41378
[   88.9296] open fd = 256
[   88.9315] open name host:/livedbg.cmd flag 1 data 41378
[   88.9328] open fd = 256
[   88.9352] open name host:/livedbg.bin flag 602 data 41378
[   88.9373] open fd = 256
[   88.9567] open name host:/livepad.bin flag 1 data 41378
[   88.9583] open fd = 256
[   88.9601] open name host:/livetex.bin flag 1 data 41378
[   88.9609] open fd = -5
[   88.9612] open name host:/livelink.bin flag 1 data 41378
[   88.9617] open fd = -5
[   88.9793] open name host:/livepad.bin flag 1 data 41378
[   88.9811] open fd = 256
[   88.9996] open name host:/livepad.bin flag 1 data 41378
[   89.0013] open fd = 256
[   89.0034] open name host:/livetime.rst flag 1 data 41378
[   89.0040] open fd = -5
[   89.0043] open name host:/livetime.bin flag 602 data 41378
[   89.0063] open fd = 256
[   89.0249] open name host:/livepad.bin flag 1 data 41378
[   89.0267] open fd = 256
[   89.0453] open name host:/livepad.bin flag 1 data 41378
[   89.0471] open fd = 256
[   89.0657] open name host:/livepad.bin flag 1 data 41378
[   89.0674] open fd = 256
[   89.0690] open name host:/livedbg.cmd flag 1 data 41378
[   89.0704] open fd = 256
[   89.0724] open name host:/livedbg.bin flag 602 data 41378
[   89.0742] open fd = 256
[   89.0929] open name host:/livepad.bin flag 1 data 41378
[   89.0948] open fd = 256
[   89.0971] open name host:/livetex.bin flag 1 data 41378
[   89.0982] open fd = -5
[   89.0985] open name host:/livelink.bin flag 1 data 41378
[   89.0990] open fd = -5
[   89.1164] open name host:/livepad.bin flag 1 data 41378
[   89.1182] open fd = 256
[   89.1391] open name host:/livepad.bin flag 1 data 41378
[   89.1412] open fd = 256
[   89.1436] open name host:/livetime.rst flag 1 data 41378
[   89.1443] open fd = -5
[   89.1446] open name host:/livetime.bin flag 602 data 41378
[   89.1467] open fd = 256
[   89.1680] open name host:/livepad.bin flag 1 data 41378
[   89.1697] open fd = 256
[   89.1892] open name host:/livepad.bin flag 1 data 41378
[   89.1911] open fd = 256
[   89.2108] open name host:/livepad.bin flag 1 data 41378
[   89.2126] open fd = 256
[   89.2145] open name host:/livedbg.cmd flag 1 data 41378
[   89.2158] open fd = 256
[   89.2177] open name host:/livedbg.bin flag 602 data 41378
[   89.2200] open fd = 256
[   89.2399] open name host:/livepad.bin flag 1 data 41378
[   89.2419] open fd = 256
[   89.2442] open name host:/livetex.bin flag 1 data 41378
[   89.2449] open fd = -5
[   89.2453] open name host:/livelink.bin flag 1 data 41378
[   89.2460] open fd = -5
[   89.2645] open name host:/livepad.bin flag 1 data 41378
[   89.2664] open fd = 256
[   89.2862] open name host:/livepad.bin flag 1 data 41378
[   89.2877] open fd = 256
[   89.2898] open name host:/livetime.rst flag 1 data 41378
[   89.2903] open fd = -5
[   89.2906] open name host:/livetime.bin flag 602 data 41378
[   89.2927] open fd = 256
[   89.3121] open name host:/livepad.bin flag 1 data 41378
[   89.3138] open fd = 256
[   89.3335] open name host:/livepad.bin flag 1 data 41378
[   89.3351] open fd = 256
[   89.3556] open name host:/livepad.bin flag 1 data 41378
[   89.3574] open fd = 256
[   89.3595] open name host:/livedbg.cmd flag 1 data 41378
[   89.3615] open fd = 256
[   89.3641] open name host:/livedbg.bin flag 602 data 41378
[   89.3665] open fd = 256
[   89.3866] open name host:/livepad.bin flag 1 data 41378
[   89.3885] open fd = 256
[   89.3906] open name host:/livetex.bin flag 1 data 41378
[   89.3912] open fd = -5
[   89.3915] open name host:/livelink.bin flag 1 data 41378
[   89.3919] open fd = -5
[   89.4103] open name host:/livepad.bin flag 1 data 41378
[   89.4118] open fd = 256
[   89.4393] open name host:/livepad.bin flag 1 data 41378
[   89.4434] open fd = 256
[   89.4469] open name host:/livetime.rst flag 1 data 41378
[   89.4481] open fd = -5
[   89.4484] open name host:/livetime.bin flag 602 data 41378
[   89.4534] open fd = 256
[   89.4776] open name host:/livepad.bin flag 1 data 41378
[   89.4798] open fd = 256
[   89.5009] open name host:/livepad.bin flag 1 data 41378
[   89.5027] open fd = 256
[   89.5260] open name host:/livepad.bin flag 1 data 41378
[   89.5275] open fd = 256
[   89.5295] open name host:/livedbg.cmd flag 1 data 41378
[   89.5310] open fd = 256
[   89.5331] open name host:/livedbg.bin flag 602 data 41378
[   89.5353] open fd = 256
[   89.5538] open name host:/livepad.bin flag 1 data 41378
[   89.5554] open fd = 256
[   89.5572] open name host:/livetex.bin flag 1 data 41378
[   89.5579] open fd = -5
[   89.5582] open name host:/livelink.bin flag 1 data 41378
[   89.5587] open fd = -5
[   89.5745] open name host:/livepad.bin flag 1 data 41378
[   89.5760] open fd = 256
[   89.5959] open name host:/livepad.bin flag 1 data 41378
[   89.5977] open fd = 256
[   89.5996] open name host:/livetime.rst flag 1 data 41378
[   89.6005] open fd = -5
[   89.6010] open name host:/livetime.bin flag 602 data 41378
[   89.6037] open fd = 256
[   89.6242] open name host:/livepad.bin flag 1 data 41378
[   89.6259] open fd = 256
[   89.6460] open name host:/livepad.bin flag 1 data 41378
[   89.6477] open fd = 256
[   89.6672] open name host:/livepad.bin flag 1 data 41378
[   89.6688] open fd = 256
[   89.6708] open name host:/livedbg.cmd flag 1 data 41378
[   89.6721] open fd = 256
[   89.6741] open name host:/livedbg.bin flag 602 data 41378
[   89.6761] open fd = 256
[   89.6950] open name host:/livepad.bin flag 1 data 41378
[   89.6972] open fd = 256
[   89.6994] open name host:/livetex.bin flag 1 data 41378
[   89.7000] open fd = -5
[   89.7003] open name host:/livelink.bin flag 1 data 41378
[   89.7008] open fd = -5
[   89.7180] open name host:/livepad.bin flag 1 data 41378
[   89.7198] open fd = 256
[   89.7394] open name host:/livepad.bin flag 1 data 41378
[   89.7412] open fd = 256
[   89.7432] open name host:/livetime.rst flag 1 data 41378
[   89.7438] open fd = -5
[   89.7441] open name host:/livetime.bin flag 602 data 41378
[   89.7461] open fd = 256
[   89.7661] open name host:/livepad.bin flag 1 data 41378
[   89.7676] open fd = 256
[   89.7876] open name host:/livepad.bin flag 1 data 41378
[   89.7892] open fd = 256
[   89.8087] open name host:/livepad.bin flag 1 data 41378
[   89.8102] open fd = 256
[   89.8123] open name host:/livedbg.cmd flag 1 data 41378
[   89.8139] open fd = 256
[   89.8160] open name host:/livedbg.bin flag 602 data 41378
[   89.8181] open fd = 256
[   89.8416] open name host:/livepad.bin flag 1 data 41378
[   89.8466] open fd = 256
[   89.8509] open name host:/livetex.bin flag 1 data 41378
[   89.8522] open fd = -5
[   89.8528] open name host:/livelink.bin flag 1 data 41378
[   89.8537] open fd = -5
[   89.8761] open name host:/livepad.bin flag 1 data 41378
[   89.8779] open fd = 256
[   89.8992] open name host:/livepad.bin flag 1 data 41378
[   89.9010] open fd = 256
[   89.9028] open name host:/livetime.rst flag 1 data 41378
[   89.9033] open fd = -5
[   89.9036] open name host:/livetime.bin flag 602 data 41378
[   89.9055] open fd = 256
[   89.9250] open name host:/livepad.bin flag 1 data 41378
[   89.9267] open fd = 256
[   89.9456] open name host:/livepad.bin flag 1 data 41378
[   89.9473] open fd = 256
[   89.9664] open name host:/livepad.bin flag 1 data 41378
[   89.9680] open fd = 256
[   89.9698] open name host:/livedbg.cmd flag 1 data 41378
[   89.9713] open fd = 256
[   89.9733] open name host:/livedbg.bin flag 602 data 41378
[   89.9751] open fd = 256
[   89.9949] open name host:/livepad.bin flag 1 data 41378
[   89.9968] open fd = 256
[   89.9988] open name host:/livetex.bin flag 1 data 41378
[   89.9994] open fd = -5
[   89.9997] open name host:/livelink.bin flag 1 data 41378
[   90.0002] open fd = -5
[   90.0200] open name host:/livepad.bin flag 1 data 41378
[   90.0217] open fd = 256
[   90.0403] open name host:/livepad.bin flag 1 data 41378
[   90.0417] open fd = 256
[   90.0434] open name host:/livetime.rst flag 1 data 41378
[   90.0439] open fd = -5
[   90.0441] open name host:/livetime.bin flag 602 data 41378
[   90.0460] open fd = 256
[   90.0651] open name host:/livepad.bin flag 1 data 41378
[   90.0667] open fd = 256
[   90.0860] open name host:/livepad.bin flag 1 data 41378
[   90.0873] open fd = 256
[   90.1071] open name host:/livepad.bin flag 1 data 41378
[   90.1085] open fd = 256
[   90.1102] open name host:/livedbg.cmd flag 1 data 41378
[   90.1115] open fd = 256
[   90.1135] open name host:/livedbg.bin flag 602 data 41378
[   90.1157] open fd = 256
[   90.1357] open name host:/livepad.bin flag 1 data 41378
[   90.1371] open fd = 256
[   90.1390] open name host:/livetex.bin flag 1 data 41378
[   90.1396] open fd = -5
[   90.1399] open name host:/livelink.bin flag 1 data 41378
[   90.1407] open fd = -5
[   90.1576] open name host:/livepad.bin flag 1 data 41378
[   90.1589] open fd = 256
[   90.1785] open name host:/livepad.bin flag 1 data 41378
[   90.1802] open fd = 256
[   90.1821] open name host:/livetime.rst flag 1 data 41378
[   90.1826] open fd = -5
[   90.1829] open name host:/livetime.bin flag 602 data 41378
[   90.1848] open fd = 256
[   90.2029] open name host:/livepad.bin flag 1 data 41378
[   90.2046] open fd = 256
[   90.2222] open name host:/livepad.bin flag 1 data 41378
[   90.2239] open fd = 256
[   90.2417] open name host:/livepad.bin flag 1 data 41378
[   90.2433] open fd = 256
[   90.2452] open name host:/livedbg.cmd flag 1 data 41378
[   90.2466] open fd = 256
[   90.2485] open name host:/livedbg.bin flag 602 data 41378
[   90.2503] open fd = 256
[   90.2677] open name host:/livepad.bin flag 1 data 41378
[   90.2692] open fd = 256
[   90.2709] open name host:/livetex.bin flag 1 data 41378
[   90.2714] open fd = -5
[   90.2716] open name host:/livelink.bin flag 1 data 41378
[   90.2721] open fd = -5
[   90.2896] open name host:/livepad.bin flag 1 data 41378
[   90.2912] open fd = 256
[   90.3114] open name host:/livepad.bin flag 1 data 41378
[   90.3132] open fd = 256
[   90.3151] open name host:/livetime.rst flag 1 data 41378
[   90.3157] open fd = -5
[   90.3159] open name host:/livetime.bin flag 602 data 41378
[   90.3179] open fd = 256
[   90.3361] open name host:/livepad.bin flag 1 data 41378
[   90.3377] open fd = 256
[   90.3559] open name host:/livepad.bin flag 1 data 41378
[   90.3575] open fd = 256
[   90.3750] open name host:/livepad.bin flag 1 data 41378
[   90.3764] open fd = 256
[   90.3779] open name host:/livedbg.cmd flag 1 data 41378
[   90.3792] open fd = 256
[   90.3810] open name host:/livedbg.bin flag 602 data 41378
[   90.3828] open fd = 256
[   90.4003] open name host:/livepad.bin flag 1 data 41378
[   90.4019] open fd = 256
[   90.4036] open name host:/livetex.bin flag 1 data 41378
[   90.4042] open fd = -5
[   90.4045] open name host:/livelink.bin flag 1 data 41378
[   90.4050] open fd = -5
[   90.4216] open name host:/livepad.bin flag 1 data 41378
[   90.4232] open fd = 256
[   90.4415] open name host:/livepad.bin flag 1 data 41378
[   90.4432] open fd = 256
[   90.4447] open name host:/livetime.rst flag 1 data 41378
[   90.4452] open fd = -5
[   90.4455] open name host:/livetime.bin flag 602 data 41378
[   90.4475] open fd = 256
[   90.4654] open name host:/livepad.bin flag 1 data 41378
[   90.4671] open fd = 256
[   90.4856] open name host:/livepad.bin flag 1 data 41378
[   90.4871] open fd = 256
[   90.5065] open name host:/livepad.bin flag 1 data 41378
[   90.5084] open fd = 256
[   90.5103] open name host:/livedbg.cmd flag 1 data 41378
[   90.5119] open fd = 256
[   90.5140] open name host:/livedbg.bin flag 602 data 41378
[   90.5159] open fd = 256
[   90.5362] open name host:/livepad.bin flag 1 data 41378
[   90.5381] open fd = 256
[   90.5403] open name host:/livetex.bin flag 1 data 41378
[   90.5409] open fd = -5
[   90.5413] open name host:/livelink.bin flag 1 data 41378
[   90.5419] open fd = -5
[   90.5599] open name host:/livepad.bin flag 1 data 41378
[   90.5614] open fd = 256
[   90.5802] open name host:/livepad.bin flag 1 data 41378
[   90.5820] open fd = 256
[   90.5838] open name host:/livetime.rst flag 1 data 41378
[   90.5843] open fd = -5
[   90.5845] open name host:/livetime.bin flag 602 data 41378
[   90.5863] open fd = 256
[   90.6048] open name host:/livepad.bin flag 1 data 41378
[   90.6064] open fd = 256
[   90.6247] open name host:/livepad.bin flag 1 data 41378
[   90.6264] open fd = 256
[   90.6445] open name host:/livepad.bin flag 1 data 41378
[   90.6462] open fd = 256
[   90.6478] open name host:/livedbg.cmd flag 1 data 41378
[   90.6492] open fd = 256
[   90.6514] open name host:/livedbg.bin flag 602 data 41378
[   90.6533] open fd = 256
[   90.6724] open name host:/livepad.bin flag 1 data 41378
[   90.6742] open fd = 256
[   90.6761] open name host:/livetex.bin flag 1 data 41378
[   90.6766] open fd = -5
[   90.6768] open name host:/livelink.bin flag 1 data 41378
[   90.6773] open fd = -5
[   90.6955] open name host:/livepad.bin flag 1 data 41378
[   90.6972] open fd = 256
[   90.7151] open name host:/livepad.bin flag 1 data 41378
[   90.7167] open fd = 256
[   90.7186] open name host:/livetime.rst flag 1 data 41378
[   90.7190] open fd = -5
[   90.7194] open name host:/livetime.bin flag 602 data 41378
[   90.7215] open fd = 256
[   90.7413] open name host:/livepad.bin flag 1 data 41378
[   90.7431] open fd = 256
[   90.7615] open name host:/livepad.bin flag 1 data 41378
[   90.7632] open fd = 256
[   90.7810] open name host:/livepad.bin flag 1 data 41378
[   90.7829] open fd = 256
[   90.7846] open name host:/livedbg.cmd flag 1 data 41378
[   90.7859] open fd = 256
[   90.7878] open name host:/livedbg.bin flag 602 data 41378
[   90.7899] open fd = 256
[   90.8092] open name host:/livepad.bin flag 1 data 41378
[   90.8109] open fd = 256
[   90.8130] open name host:/livetex.bin flag 1 data 41378
[   90.8136] open fd = -5
[   90.8138] open name host:/livelink.bin flag 1 data 41378
[   90.8143] open fd = -5
[   90.8308] open name host:/livepad.bin flag 1 data 41378
[   90.8325] open fd = 256
[   90.8502] open name host:/livepad.bin flag 1 data 41378
[   90.8517] open fd = 256
[   90.8536] open name host:/livetime.rst flag 1 data 41378
[   90.8541] open fd = -5
[   90.8544] open name host:/livetime.bin flag 602 data 41378
[   90.8563] open fd = 256
[   90.8756] open name host:/livepad.bin flag 1 data 41378
[   90.8772] open fd = 256
[   90.8962] open name host:/livepad.bin flag 1 data 41378
[   90.8978] open fd = 256
[   90.9179] open name host:/livepad.bin flag 1 data 41378
[   90.9193] open fd = 256
[   90.9212] open name host:/livedbg.cmd flag 1 data 41378
[   90.9228] open fd = 256
[   90.9246] open name host:/livedbg.bin flag 602 data 41378
[   90.9264] open fd = 256
[   90.9443] open name host:/livepad.bin flag 1 data 41378
[   90.9459] open fd = 256
[   90.9475] open name host:/livetex.bin flag 1 data 41378
[   90.9480] open fd = -5
[   90.9483] open name host:/livelink.bin flag 1 data 41378
[   90.9487] open fd = -5
[   90.9648] FRAMEARENA frames=3480 peak=1033488 resets=4198 fallbacks=0 maxFrameBytes=2773552 maxBorrowed=2184480 freeKiB=16901
[   90.9653] NATIVEVIF frames=3480 batches=11998
[   90.9656] ORDEREDFRAME frames=3480 splitFrames=2161
[   90.9659] FRAMEPIPELINE starts=3480 dmaBusyStarts=1030
[   90.9663] open name host:/livepad.bin flag 1 data 41378
[   90.9677] open fd = 256
[   90.9859] open name host:/livepad.bin flag 1 data 41378
[   90.9875] open fd = 256
[   90.9893] open name host:/livetime.rst flag 1 data 41378
[   90.9900] open fd = -5
[   90.9903] open name host:/livetime.bin flag 602 data 41378
[   90.9922] open fd = 256
[   91.0094] open name host:/livepad.bin flag 1 data 41378
[   91.0110] open fd = 256
[   91.0287] open name host:/livepad.bin flag 1 data 41378
[   91.0303] open fd = 256
[   91.0490] open name host:/livepad.bin flag 1 data 41378
[   91.0505] open fd = 256
[   91.0520] open name host:/livedbg.cmd flag 1 data 41378
[   91.0536] open fd = 256
[   91.0554] open name host:/livedbg.bin flag 602 data 41378
[   91.0572] open fd = 256
[   91.0751] open name host:/livepad.bin flag 1 data 41378
[   91.0766] open fd = 256
[   91.0785] open name host:/livetex.bin flag 1 data 41378
[   91.0791] open fd = -5
[   91.0794] open name host:/livelink.bin flag 1 data 41378
[   91.0798] open fd = -5
[   91.0956] open name host:/livepad.bin flag 1 data 41378
[   91.0971] open fd = 256
[   91.1166] open name host:/livepad.bin flag 1 data 41378
[   91.1183] open fd = 256
[   91.1202] open name host:/livetime.rst flag 1 data 41378
[   91.1207] open fd = -5
[   91.1210] open name host:/livetime.bin flag 602 data 41378
[   91.1228] open fd = 256
[   91.1408] open name host:/livepad.bin flag 1 data 41378
[   91.1423] open fd = 256
[   91.1606] open name host:/livepad.bin flag 1 data 41378
[   91.1626] open fd = 256
[   91.1809] open name host:/livepad.bin flag 1 data 41378
[   91.1824] open fd = 256
[   91.1841] open name host:/livedbg.cmd flag 1 data 41378
[   91.1854] open fd = 256
[   91.1874] open name host:/livedbg.bin flag 602 data 41378
[   91.1894] open fd = 256
[   91.2073] open name host:/livepad.bin flag 1 data 41378
[   91.2094] open fd = 256
[   91.2115] open name host:/livetex.bin flag 1 data 41378
[   91.2123] open fd = -5
[   91.2127] open name host:/livelink.bin flag 1 data 41378
[   91.2132] open fd = -5
[   91.2301] open name host:/livepad.bin flag 1 data 41378
[   91.2318] open fd = 256
[   91.2499] open name host:/livepad.bin flag 1 data 41378
[   91.2518] open fd = 256
[   91.2537] open name host:/livetime.rst flag 1 data 41378
[   91.2544] open fd = -5
[   91.2547] open name host:/livetime.bin flag 602 data 41378
[   91.2567] open fd = 256
[   91.2756] open name host:/livepad.bin flag 1 data 41378
[   91.2773] open fd = 256
[   91.2957] open name host:/livepad.bin flag 1 data 41378
[   91.2976] open fd = 256
[   91.3153] open name host:/livepad.bin flag 1 data 41378
[   91.3171] open fd = 256
[   91.3189] open name host:/livedbg.cmd flag 1 data 41378
[   91.3204] open fd = 256
[   91.3228] open name host:/livedbg.bin flag 602 data 41378
[   91.3251] open fd = 256
[   91.3437] open name host:/livepad.bin flag 1 data 41378
[   91.3454] open fd = 256
[   91.3476] open name host:/livetex.bin flag 1 data 41378
[   91.3482] open fd = -5
[   91.3486] open name host:/livelink.bin flag 1 data 41378
[   91.3492] open fd = -5
[   91.3654] open name host:/livepad.bin flag 1 data 41378
[   91.3670] open fd = 256
[   91.3857] open name host:/livepad.bin flag 1 data 41378
[   91.3873] open fd = 256
[   91.3891] open name host:/livetime.rst flag 1 data 41378
[   91.3896] open fd = -5
[   91.3899] open name host:/livetime.bin flag 602 data 41378
[   91.3922] open fd = 256
[   91.4105] open name host:/livepad.bin flag 1 data 41378
[   91.4122] open fd = 256
[   91.4308] open name host:/livepad.bin flag 1 data 41378
[   91.4325] open fd = 256
[   91.4512] open name host:/livepad.bin flag 1 data 41378
[   91.4528] open fd = 256
[   91.4546] open name host:/livedbg.cmd flag 1 data 41378
[   91.4562] open fd = 256
[   91.4582] open name host:/livedbg.bin flag 602 data 41378
[   91.4602] open fd = 256
[   91.4787] open name host:/livepad.bin flag 1 data 41378
[   91.4807] open fd = 256
[   91.4826] open name host:/livetex.bin flag 1 data 41378
[   91.4832] open fd = -5
[   91.4834] open name host:/livelink.bin flag 1 data 41378
[   91.4839] open fd = -5
[   91.5006] open name host:/livepad.bin flag 1 data 41378
[   91.5023] open fd = 256
[   91.5209] open name host:/livepad.bin flag 1 data 41378
[   91.5225] open fd = 256
[   91.5242] open name host:/livetime.rst flag 1 data 41378
[   91.5248] open fd = -5
[   91.5250] open name host:/livetime.bin flag 602 data 41378
[   91.5269] open fd = 256
[   91.5456] open name host:/livepad.bin flag 1 data 41378
[   91.5474] open fd = 256
[   91.5661] open name host:/livepad.bin flag 1 data 41378
[   91.5678] open fd = 256
[   91.5855] open name host:/livepad.bin flag 1 data 41378
[   91.5870] open fd = 256
[   91.5890] open name host:/livedbg.cmd flag 1 data 41378
[   91.5905] open fd = 256
[   91.5927] open name host:/livedbg.bin flag 602 data 41378
[   91.5948] open fd = 256
[   91.6133] open name host:/livepad.bin flag 1 data 41378
[   91.6148] open fd = 256
[   91.6166] open name host:/livetex.bin flag 1 data 41378
[   91.6171] open fd = -5
[   91.6174] open name host:/livelink.bin flag 1 data 41378
[   91.6180] open fd = -5
[   91.6345] open name host:/livepad.bin flag 1 data 41378
[   91.6361] open fd = 256
[   91.6541] open name host:/livepad.bin flag 1 data 41378
[   91.6557] open fd = 256
[   91.6575] open name host:/livetime.rst flag 1 data 41378
[   91.6580] open fd = -5
[   91.6583] open name host:/livetime.bin flag 602 data 41378
[   91.6605] open fd = 256
[   91.6787] open name host:/livepad.bin flag 1 data 41378
[   91.6803] open fd = 256
[   91.6980] open name host:/livepad.bin flag 1 data 41378
[   91.6995] open fd = 256
[   91.7173] open name host:/livepad.bin flag 1 data 41378
[   91.7187] open fd = 256
[   91.7207] open name host:/livedbg.cmd flag 1 data 41378
[   91.7222] open fd = 256
[   91.7240] open name host:/livedbg.bin flag 602 data 41378
[   91.7260] open fd = 256
[   91.7448] open name host:/livepad.bin flag 1 data 41378
[   91.7465] open fd = 256
[   91.7483] open name host:/livetex.bin flag 1 data 41378
[   91.7487] open fd = -5
[   91.7490] open name host:/livelink.bin flag 1 data 41378
[   91.7495] open fd = -5
[   91.7658] open name host:/livepad.bin flag 1 data 41378
[   91.7675] open fd = 256
[   91.7848] open name host:/livepad.bin flag 1 data 41378
[   91.7861] open fd = 256
[   91.7878] open name host:/livetime.rst flag 1 data 41378
[   91.7883] open fd = -5
[   91.7885] open name host:/livetime.bin flag 602 data 41378
[   91.7904] open fd = 256
[   91.8085] open name host:/livepad.bin flag 1 data 41378
[   91.8102] open fd = 256
[   91.8288] open name host:/livepad.bin flag 1 data 41378
[   91.8307] open fd = 256
[   91.8486] open name host:/livepad.bin flag 1 data 41378
[   91.8504] open fd = 256
[   91.8527] open name host:/livedbg.cmd flag 1 data 41378
[   91.8540] open fd = 256
[   91.8559] open name host:/livedbg.bin flag 602 data 41378
[   91.8577] open fd = 256
[   91.8760] open name host:/livepad.bin flag 1 data 41378
[   91.8775] open fd = 256
[   91.8791] open name host:/livetex.bin flag 1 data 41378
[   91.8796] open fd = -5
[   91.8799] open name host:/livelink.bin flag 1 data 41378
[   91.8803] open fd = -5
[   91.8963] open name host:/livepad.bin flag 1 data 41378
[   91.8977] open fd = 256
[   91.9150] open name host:/livepad.bin flag 1 data 41378
[   91.9163] open fd = 256
[   91.9178] open name host:/livetime.rst flag 1 data 41378
[   91.9184] open fd = -5
[   91.9188] open name host:/livetime.bin flag 602 data 41378
[   91.9209] open fd = 256
[   91.9387] open name host:/livepad.bin flag 1 data 41378
[   91.9401] open fd = 256
[   91.9581] open name host:/livepad.bin flag 1 data 41378
[   91.9595] open fd = 256
[   91.9766] open name host:/livepad.bin flag 1 data 41378
[   91.9781] open fd = 256
[   91.9796] open name host:/livedbg.cmd flag 1 data 41378
[   91.9809] open fd = 256
[   91.9833] open name host:/livedbg.bin flag 602 data 41378
[   91.9852] open fd = 256
[   92.0036] open name host:/livepad.bin flag 1 data 41378
[   92.0053] open fd = 256
[   92.0071] open name host:/livetex.bin flag 1 data 41378
[   92.0078] open fd = -5
[   92.0080] open name host:/livelink.bin flag 1 data 41378
[   92.0086] open fd = -5
[   92.0259] open name host:/livepad.bin flag 1 data 41378
[   92.0274] open fd = 256
[   92.0448] open name host:/livepad.bin flag 1 data 41378
[   92.0463] open fd = 256
[   92.0480] open name host:/livetime.rst flag 1 data 41378
[   92.0485] open fd = -5
[   92.0487] open name host:/livetime.bin flag 602 data 41378
[   92.0508] open fd = 256
[   92.0683] open name host:/livepad.bin flag 1 data 41378
[   92.0699] open fd = 256
[   92.0880] open name host:/livepad.bin flag 1 data 41378
[   92.0899] open fd = 256
[   92.1074] open name host:/livepad.bin flag 1 data 41378
[   92.1087] open fd = 256
[   92.1102] open name host:/livedbg.cmd flag 1 data 41378
[   92.1115] open fd = 256
[   92.1134] open name host:/livedbg.bin flag 602 data 41378
[   92.1151] open fd = 256
[   92.1323] open name host:/livepad.bin flag 1 data 41378
[   92.1339] open fd = 256
[   92.1355] open name host:/livetex.bin flag 1 data 41378
[   92.1360] open fd = -5
[   92.1363] open name host:/livelink.bin flag 1 data 41378
[   92.1369] open fd = -5
[   92.1535] open name host:/livepad.bin flag 1 data 41378
[   92.1548] open fd = 256
[   92.1729] open name host:/livepad.bin flag 1 data 41378
[   92.1744] open fd = 256
[   92.1760] open name host:/livetime.rst flag 1 data 41378
[   92.1765] open fd = -5
[   92.1768] open name host:/livetime.bin flag 602 data 41378
[   92.1786] open fd = 256
[   92.1965] open name host:/livepad.bin flag 1 data 41378
[   92.1979] open fd = 256
[   92.2151] open name host:/livepad.bin flag 1 data 41378
[   92.2166] open fd = 256
[   92.2353] open name host:/livepad.bin flag 1 data 41378
[   92.2369] open fd = 256
[   92.2384] open name host:/livedbg.cmd flag 1 data 41378
[   92.2395] open fd = 256
[   92.2413] open name host:/livedbg.bin flag 602 data 41378
[   92.2431] open fd = 256
[   92.2615] open name host:/livepad.bin flag 1 data 41378
[   92.2631] open fd = 256
[   92.2649] open name host:/livetex.bin flag 1 data 41378
[   92.2657] open fd = -5
[   92.2659] open name host:/livelink.bin flag 1 data 41378
[   92.2664] open fd = -5
[   92.2824] open name host:/livepad.bin flag 1 data 41378
[   92.2842] open fd = 256
[   92.3046] open name host:/livepad.bin flag 1 data 41378
[   92.3063] open fd = 256
[   92.3082] open name host:/livetime.rst flag 1 data 41378
[   92.3087] open fd = -5
[   92.3089] open name host:/livetime.bin flag 602 data 41378
[   92.3108] open fd = 256
[   92.3290] open name host:/livepad.bin flag 1 data 41378
[   92.3309] open fd = 256
[   92.3481] open name host:/livepad.bin flag 1 data 41378
[   92.3494] open fd = 256
[   92.3665] open name host:/livepad.bin flag 1 data 41378
[   92.3678] open fd = 256
[   92.3695] open name host:/livedbg.cmd flag 1 data 41378
[   92.3711] open fd = 256
[   92.3729] open name host:/livedbg.bin flag 602 data 41378
[   92.3747] open fd = 256
[   92.3923] open name host:/livepad.bin flag 1 data 41378
[   92.3938] open fd = 256
[   92.3957] open name host:/livetex.bin flag 1 data 41378
[   92.3963] open fd = -5
[   92.3967] open name host:/livelink.bin flag 1 data 41378
[   92.3972] open fd = -5
[   92.4133] open name host:/livepad.bin flag 1 data 41378
[   92.4149] open fd = 256
[   92.4335] open name host:/livepad.bin flag 1 data 41378
[   92.4352] open fd = 256
[   92.4370] open name host:/livetime.rst flag 1 data 41378
[   92.4375] open fd = -5
[   92.4377] open name host:/livetime.bin flag 602 data 41378
[   92.4398] open fd = 256
[   92.4573] open name host:/livepad.bin flag 1 data 41378
[   92.4591] open fd = 256
[   92.4774] open name host:/livepad.bin flag 1 data 41378
[   92.4790] open fd = 256
[   92.4961] open name host:/livepad.bin flag 1 data 41378
[   92.4977] open fd = 256
[   92.4995] open name host:/livedbg.cmd flag 1 data 41378
[   92.5008] open fd = 256
[   92.5027] open name host:/livedbg.bin flag 602 data 41378
[   92.5046] open fd = 256
[   92.5218] open name host:/livepad.bin flag 1 data 41378
[   92.5237] open fd = 256
[   92.5256] open name host:/livetex.bin flag 1 data 41378
[   92.5260] open fd = -5
[   92.5263] open name host:/livelink.bin flag 1 data 41378
[   92.5268] open fd = -5
[   92.5439] open name host:/livepad.bin flag 1 data 41378
[   92.5454] open fd = 256
[   92.5629] open name host:/livepad.bin flag 1 data 41378
[   92.5647] open fd = 256
[   92.5665] open name host:/livetime.rst flag 1 data 41378
[   92.5671] open fd = -5
[   92.5674] open name host:/livetime.bin flag 602 data 41378
[   92.5694] open fd = 256
[   92.5866] open name host:/livepad.bin flag 1 data 41378
[   92.5882] open fd = 256
[   92.6056] open name host:/livepad.bin flag 1 data 41378
[   92.6069] open fd = 256
[   92.6241] open name host:/livepad.bin flag 1 data 41378
[   92.6254] open fd = 256
[   92.6270] open name host:/livedbg.cmd flag 1 data 41378
[   92.6283] open fd = 256
[   92.6304] open name host:/livedbg.bin flag 602 data 41378
[   92.6324] open fd = 256
[   92.6502] open name host:/livepad.bin flag 1 data 41378
[   92.6515] open fd = 256
[   92.6530] open name host:/livetex.bin flag 1 data 41378
[   92.6535] open fd = -5
[   92.6537] open name host:/livelink.bin flag 1 data 41378
[   92.6541] open fd = -5
[   92.6699] open name host:/livepad.bin flag 1 data 41378
[   92.6715] open fd = 256
[   92.6896] open name host:/livepad.bin flag 1 data 41378
[   92.6911] open fd = 256
[   92.6930] open name host:/livetime.rst flag 1 data 41378
[   92.6935] open fd = -5
[   92.6938] open name host:/livetime.bin flag 602 data 41378
[   92.6958] open fd = 256
[   92.7143] open name host:/livepad.bin flag 1 data 41378
[   92.7156] open fd = 256
[   92.7334] open name host:/livepad.bin flag 1 data 41378
[   92.7348] open fd = 256
[   92.7529] open name host:/livepad.bin flag 1 data 41378
[   92.7541] open fd = 256
[   92.7559] open name host:/livedbg.cmd flag 1 data 41378
[   92.7571] open fd = 256
[   92.7589] open name host:/livedbg.bin flag 602 data 41378
[   92.7607] open fd = 256
[   92.7785] open name host:/livepad.bin flag 1 data 41378
[   92.7800] open fd = 256
[   92.7816] open name host:/livetex.bin flag 1 data 41378
[   92.7821] open fd = -5
[   92.7823] open name host:/livelink.bin flag 1 data 41378
[   92.7830] open fd = -5
[   92.7998] open name host:/livepad.bin flag 1 data 41378
[   92.8013] open fd = 256
[   92.8189] open name host:/livepad.bin flag 1 data 41378
[   92.8205] open fd = 256
[   92.8224] open name host:/livetime.rst flag 1 data 41378
[   92.8229] open fd = -5
[   92.8231] open name host:/livetime.bin flag 602 data 41378
[   92.8251] open fd = 256
[   92.8432] open name host:/livepad.bin flag 1 data 41378
[   92.8449] open fd = 256
[   92.8632] open name host:/livepad.bin flag 1 data 41378
[   92.8649] open fd = 256
[   92.8833] open name host:/livepad.bin flag 1 data 41378
[   92.8848] open fd = 256
[   92.8863] open name host:/livedbg.cmd flag 1 data 41378
[   92.8875] open fd = 256
[   92.8891] open name host:/livedbg.bin flag 602 data 41378
[   92.8916] open fd = 256
[   92.9095] open name host:/livepad.bin flag 1 data 41378
[   92.9111] open fd = 256
[   92.9126] open name host:/livetex.bin flag 1 data 41378
[   92.9132] open fd = -5
[   92.9134] open name host:/livelink.bin flag 1 data 41378
[   92.9140] open fd = -5
[   92.9305] open name host:/livepad.bin flag 1 data 41378
[   92.9319] open fd = 256
[   92.9492] open name host:/livepad.bin flag 1 data 41378
[   92.9507] open fd = 256
[   92.9522] open name host:/livetime.rst flag 1 data 41378
[   92.9527] open fd = -5
[   92.9530] open name host:/livetime.bin flag 602 data 41378
[   92.9549] open fd = 256
[   92.9747] open name host:/livepad.bin flag 1 data 41378
[   92.9761] open fd = 256
[   92.9943] open name host:/livepad.bin flag 1 data 41378
[   92.9957] open fd = 256
[   93.0147] open name host:/livepad.bin flag 1 data 41378
[   93.0162] open fd = 256
[   93.0178] open name host:/livedbg.cmd flag 1 data 41378
[   93.0194] open fd = 256
[   93.0211] open name host:/livedbg.bin flag 602 data 41378
[   93.0229] open fd = 256
[   93.0403] open name host:/livepad.bin flag 1 data 41378
[   93.0417] open fd = 256
[   93.0433] open name host:/livetex.bin flag 1 data 41378
[   93.0439] open fd = -5
[   93.0443] open name host:/livelink.bin flag 1 data 41378
[   93.0449] open fd = -5
[   93.0617] open name host:/livepad.bin flag 1 data 41378
[   93.0635] open fd = 256
[   93.0814] open name host:/livepad.bin flag 1 data 41378
[   93.0827] open fd = 256
[   93.0846] open name host:/livetime.rst flag 1 data 41378
[   93.0851] open fd = -5
[   93.0854] open name host:/livetime.bin flag 602 data 41378
[   93.0871] open fd = 256
[   93.1054] open name host:/livepad.bin flag 1 data 41378
[   93.1069] open fd = 256
[   93.1246] open name host:/livepad.bin flag 1 data 41378
[   93.1260] open fd = 256
[   93.1448] open name host:/livepad.bin flag 1 data 41378
[   93.1463] open fd = 256
[   93.1479] open name host:/livedbg.cmd flag 1 data 41378
[   93.1491] open fd = 256
[   93.1507] open name host:/livedbg.bin flag 602 data 41378
[   93.1527] open fd = 256
[   93.1712] open name host:/livepad.bin flag 1 data 41378
[   93.1726] open fd = 256
[   93.1744] open name host:/livetex.bin flag 1 data 41378
[   93.1749] open fd = -5
[   93.1751] open name host:/livelink.bin flag 1 data 41378
[   93.1757] open fd = -5
[   93.1920] open name host:/livepad.bin flag 1 data 41378
[   93.1935] open fd = 256
[   93.2116] open name host:/livepad.bin flag 1 data 41378
[   93.2131] open fd = 256
[   93.2149] open name host:/livetime.rst flag 1 data 41378
[   93.2153] open fd = -5
[   93.2156] open name host:/livetime.bin flag 602 data 41378
[   93.2173] open fd = 256
[   93.2351] open name host:/livepad.bin flag 1 data 41378
[   93.2365] open fd = 256
[   93.2543] open name host:/livepad.bin flag 1 data 41378
[   93.2558] open fd = 256
[   93.2735] open name host:/livepad.bin flag 1 data 41378
[   93.2750] open fd = 256
[   93.2765] open name host:/livedbg.cmd flag 1 data 41378
[   93.2777] open fd = 256
[   93.2796] open name host:/livedbg.bin flag 602 data 41378
[   93.2815] open fd = 256
[   93.2998] open name host:/livepad.bin flag 1 data 41378
[   93.3014] open fd = 256
[   93.3032] open name host:/livetex.bin flag 1 data 41378
[   93.3037] open fd = -5
[   93.3042] open name host:/livelink.bin flag 1 data 41378
[   93.3047] open fd = -5
[   93.3206] open name host:/livepad.bin flag 1 data 41378
[   93.3219] open fd = 256
[   93.3394] open name host:/livepad.bin flag 1 data 41378
[   93.3409] open fd = 256
[   93.3425] open name host:/livetime.rst flag 1 data 41378
[   93.3431] open fd = -5
[   93.3434] open name host:/livetime.bin flag 602 data 41378
[   93.3451] open fd = 256
[   93.3627] open name host:/livepad.bin flag 1 data 41378
[   93.3643] open fd = 256
[   93.3838] open name host:/livepad.bin flag 1 data 41378
[   93.3851] open fd = 256
[   93.4028] open name host:/livepad.bin flag 1 data 41378
[   93.4043] open fd = 256
[   93.4063] open name host:/livedbg.cmd flag 1 data 41378
[   93.4075] open fd = 256
[   93.4092] open name host:/livedbg.bin flag 602 data 41378
[   93.4113] open fd = 256
[   93.4299] open name host:/livepad.bin flag 1 data 41378
[   93.4315] open fd = 256
[   93.4333] open name host:/livetex.bin flag 1 data 41378
[   93.4338] open fd = -5
[   93.4341] open name host:/livelink.bin flag 1 data 41378
[   93.4346] open fd = -5
[   93.4516] open name host:/livepad.bin flag 1 data 41378
[   93.4532] open fd = 256
[   93.4715] open name host:/livepad.bin flag 1 data 41378
[   93.4730] open fd = 256
[   93.4750] open name host:/livetime.rst flag 1 data 41378
[   93.4755] open fd = -5
[   93.4758] open name host:/livetime.bin flag 602 data 41378
[   93.4775] open fd = 256
[   93.4951] open name host:/livepad.bin flag 1 data 41378
[   93.4967] open fd = 256
[   93.5158] open name host:/livepad.bin flag 1 data 41378
[   93.5173] open fd = 256
[   93.5372] open name host:/livepad.bin flag 1 data 41378
[   93.5387] open fd = 256
[   93.5410] open name host:/livedbg.cmd flag 1 data 41378
[   93.5422] open fd = 256
[   93.5443] open name host:/livedbg.bin flag 602 data 41378
[   93.5463] open fd = 256
[   93.5650] open name host:/livepad.bin flag 1 data 41378
[   93.5665] open fd = 256
[   93.5684] open name host:/livetex.bin flag 1 data 41378
[   93.5689] open fd = -5
[   93.5692] open name host:/livelink.bin flag 1 data 41378
[   93.5696] open fd = -5
[   93.5857] FRAMEARENA frames=3600 peak=1033488 resets=4438 fallbacks=0 maxFrameBytes=2773552 maxBorrowed=2184480 freeKiB=16901
[   93.5862] NATIVEVIF frames=3600 batches=12598
[   93.5865] ORDEREDFRAME frames=3600 splitFrames=2281
[   93.5867] FRAMEPIPELINE starts=3600 dmaBusyStarts=1030
[   93.5871] open name host:/livepad.bin flag 1 data 41378
[   93.5884] open fd = 256
[   93.6061] open name host:/livepad.bin flag 1 data 41378
[   93.6075] open fd = 256
[   93.6094] open name host:/livetime.rst flag 1 data 41378
[   93.6100] open fd = -5
[   93.6102] open name host:/livetime.bin flag 602 data 41378
[   93.6126] open fd = 256
[   93.6307] open name host:/livepad.bin flag 1 data 41378
[   93.6323] open fd = 256
[   93.6502] open name host:/livepad.bin flag 1 data 41378
[   93.6520] open fd = 256
[   93.6696] open name host:/livepad.bin flag 1 data 41378
[   93.6712] open fd = 256
[   93.6736] open name host:/livedbg.cmd flag 1 data 41378
[   93.6748] open fd = 256
[   93.6766] open name host:/livedbg.bin flag 602 data 41378
[   93.6786] open fd = 256
[   93.6965] open name host:/livepad.bin flag 1 data 41378
[   93.6981] open fd = 256
[   93.6998] open name host:/livetex.bin flag 1 data 41378
[   93.7007] open fd = -5
[   93.7009] open name host:/livelink.bin flag 1 data 41378
[   93.7014] open fd = -5
[   93.7180] open name host:/livepad.bin flag 1 data 41378
[   93.7197] open fd = 256
[   93.7374] open name host:/livepad.bin flag 1 data 41378
[   93.7390] open fd = 256
[   93.7408] open name host:/livetime.rst flag 1 data 41378
[   93.7415] open fd = -5
[   93.7418] open name host:/livetime.bin flag 602 data 41378
[   93.7438] open fd = 256
[   93.7611] open name host:/livepad.bin flag 1 data 41378
[   93.7627] open fd = 256
[   93.7802] open name host:/livepad.bin flag 1 data 41378
[   93.7817] open fd = 256
[   93.7989] open name host:/livepad.bin flag 1 data 41378
[   93.8006] open fd = 256
[   93.8026] open name host:/livedbg.cmd flag 1 data 41378
[   93.8040] open fd = 256
[   93.8056] open name host:/livedbg.bin flag 602 data 41378
[   93.8074] open fd = 256
[   93.8255] open name host:/livepad.bin flag 1 data 41378
[   93.8272] open fd = 256
[   93.8289] open name host:/livetex.bin flag 1 data 41378
[   93.8296] open fd = -5
[   93.8300] open name host:/livelink.bin flag 1 data 41378
[   93.8307] open fd = -5
[   93.8473] open name host:/livepad.bin flag 1 data 41378
[   93.8490] open fd = 256
[   93.8675] open name host:/livepad.bin flag 1 data 41378
[   93.8691] open fd = 256
[   93.8709] open name host:/livetime.rst flag 1 data 41378
[   93.8715] open fd = -5
[   93.8718] open name host:/livetime.bin flag 602 data 41378
[   93.8736] open fd = 256
[   93.8910] open name host:/livepad.bin flag 1 data 41378
[   93.8927] open fd = 256
[   93.9096] open name host:/livepad.bin flag 1 data 41378
[   93.9113] open fd = 256
[   93.9284] open name host:/log.txt flag 302 data 41378
[   93.9301] open fd = 256
[   93.9321] open name host:/livepad.bin flag 1 data 41378
[   93.9335] open fd = 256
[   93.9353] open name host:/livedbg.cmd flag 1 data 41378
[   93.9366] open fd = 256
[   93.9384] open name host:/livedbg.bin flag 602 data 41378
[   93.9404] open fd = 256
[   93.9589] open name host:/livepad.bin flag 1 data 41378
[   93.9605] open fd = 256
[   93.9624] open name host:/livetex.bin flag 1 data 41378
[   93.9631] open fd = -5
[   93.9634] open name host:/livelink.bin flag 1 data 41378
[   93.9638] open fd = -5
[   93.9798] open name host:/livepad.bin flag 1 data 41378
[   93.9815] open fd = 256
[   94.0010] open name host:/livepad.bin flag 1 data 41378
[   94.0025] open fd = 256
[   94.0044] open name host:/livetime.rst flag 1 data 41378
[   94.0049] open fd = -5
[   94.0052] open name host:/livetime.bin flag 602 data 41378
[   94.0070] open fd = 256
[   94.0242] open name host:/livepad.bin flag 1 data 41378
[   94.0258] open fd = 256
[   94.0442] open name host:/livepad.bin flag 1 data 41378
[   94.0459] open fd = 256
[   94.0644] open name host:/livepad.bin flag 1 data 41378
[   94.0659] open fd = 256
[   94.0677] open name host:/livedbg.cmd flag 1 data 41378
[   94.0692] open fd = 256
[   94.0713] open name host:/livedbg.bin flag 602 data 41378
[   94.0733] open fd = 256
[   94.0911] open name host:/livepad.bin flag 1 data 41378
[   94.0927] open fd = 256
[   94.0946] open name host:/livetex.bin flag 1 data 41378
[   94.0951] open fd = -5
[   94.0955] open name host:/livelink.bin flag 1 data 41378
[   94.0959] open fd = -5
[   94.1134] open name host:/livepad.bin flag 1 data 41378
[   94.1152] open fd = 256
[   94.1337] open name host:/livepad.bin flag 1 data 41378
[   94.1353] open fd = 256
[   94.1372] open name host:/livetime.rst flag 1 data 41378
[   94.1377] open fd = -5
[   94.1380] open name host:/livetime.bin flag 602 data 41378
[   94.1400] open fd = 256
[   94.1580] open name host:/livepad.bin flag 1 data 41378
[   94.1598] open fd = 256
[   94.1777] open name host:/livepad.bin flag 1 data 41378
[   94.1792] open fd = 256
[   94.1971] open name host:/livepad.bin flag 1 data 41378
[   94.1988] open fd = 256
[   94.2005] open name host:/livedbg.cmd flag 1 data 41378
[   94.2018] open fd = 256
[   94.2037] open name host:/livedbg.bin flag 602 data 41378
[   94.2054] open fd = 256
[   94.2238] open name host:/livepad.bin flag 1 data 41378
[   94.2253] open fd = 256
[   94.2270] open name host:/livetex.bin flag 1 data 41378
[   94.2284] open fd = -5
[   94.2288] open name host:/livelink.bin flag 1 data 41378
[   94.2294] open fd = -5
[   94.2459] open name host:/livepad.bin flag 1 data 41378
[   94.2475] open fd = 256
[   94.2658] open name host:/livepad.bin flag 1 data 41378
[   94.2673] open fd = 256
[   94.2689] open name host:/livetime.rst flag 1 data 41378
[   94.2693] open fd = -5
[   94.2696] open name host:/livetime.bin flag 602 data 41378
[   94.2713] open fd = 256
[   94.2897] open name host:/livepad.bin flag 1 data 41378
[   94.2912] open fd = 256
[   94.3087] open name host:/livepad.bin flag 1 data 41378
[   94.3102] open fd = 256
[   94.3277] open name host:/livepad.bin flag 1 data 41378
[   94.3293] open fd = 256
[   94.3308] open name host:/livedbg.cmd flag 1 data 41378
[   94.3320] open fd = 256
[   94.3337] open name host:/livedbg.bin flag 602 data 41378
[   94.3356] open fd = 256
[   94.3530] open name host:/livepad.bin flag 1 data 41378
[   94.3547] open fd = 256
[   94.3563] open name host:/livetex.bin flag 1 data 41378
[   94.3568] open fd = -5
[   94.3571] open name host:/livelink.bin flag 1 data 41378
[   94.3576] open fd = -5
[   94.3741] open name host:/livepad.bin flag 1 data 41378
[   94.3760] open fd = 256
[   94.3929] open name host:/livepad.bin flag 1 data 41378
[   94.3943] open fd = 256
[   94.3962] open name host:/livetime.rst flag 1 data 41378
[   94.3967] open fd = -5
[   94.3970] open name host:/livetime.bin flag 602 data 41378
[   94.3987] open fd = 256
[   94.4158] open name host:/livepad.bin flag 1 data 41378
[   94.4174] open fd = 256
[   94.4358] open name host:/livepad.bin flag 1 data 41378
[   94.4376] open fd = 256
[   94.4559] open name host:/livepad.bin flag 1 data 41378
[   94.4576] open fd = 256
[   94.4593] open name host:/livedbg.cmd flag 1 data 41378
[   94.4604] open fd = 256
[   94.4621] open name host:/livedbg.bin flag 602 data 41378
[   94.4640] open fd = 256
[   94.4811] open name host:/livepad.bin flag 1 data 41378
[   94.4827] open fd = 256
[   94.4844] open name host:/livetex.bin flag 1 data 41378
[   94.4850] open fd = -5
[   94.4852] open name host:/livelink.bin flag 1 data 41378
[   94.4857] open fd = -5
[   94.5015] open name host:/livepad.bin flag 1 data 41378
[   94.5034] open fd = 256
[   94.5211] open name host:/livepad.bin flag 1 data 41378
[   94.5230] open fd = 256
[   94.5250] open name host:/livetime.rst flag 1 data 41378
[   94.5255] open fd = -5
[   94.5258] open name host:/livetime.bin flag 602 data 41378
[   94.5278] open fd = 256
[   94.5459] open name host:/livepad.bin flag 1 data 41378
[   94.5474] open fd = 256
[   94.5646] open name host:/livepad.bin flag 1 data 41378
[   94.5660] open fd = 256
[   94.5837] open name host:/livepad.bin flag 1 data 41378
[   94.5850] open fd = 256
[   94.5867] open name host:/livedbg.cmd flag 1 data 41378
[   94.5881] open fd = 256
[   94.5900] open name host:/livedbg.bin flag 602 data 41378
[   94.5918] open fd = 256
[   94.6107] open name host:/livepad.bin flag 1 data 41378
[   94.6123] open fd = 256
[   94.6142] open name host:/livetex.bin flag 1 data 41378
[   94.6148] open fd = -5
[   94.6150] open name host:/livelink.bin flag 1 data 41378
[   94.6155] open fd = -5
[   94.6305] open name host:/livepad.bin flag 1 data 41378
[   94.6323] open fd = 256
[   94.6494] open name host:/livepad.bin flag 1 data 41378
[   94.6511] open fd = 256
[   94.6528] open name host:/livetime.rst flag 1 data 41378
[   94.6534] open fd = -5
[   94.6537] open name host:/livetime.bin flag 602 data 41378
[   94.6556] open fd = 256
[   94.6746] open name host:/livepad.bin flag 1 data 41378
[   94.6762] open fd = 256
[   94.6943] open name host:/livepad.bin flag 1 data 41378
[   94.6962] open fd = 256
[   94.7143] open name host:/livepad.bin flag 1 data 41378
[   94.7157] open fd = 256
[   94.7172] open name host:/livedbg.cmd flag 1 data 41378
[   94.7184] open fd = 256
[   94.7202] open name host:/livedbg.bin flag 602 data 41378
[   94.7220] open fd = 256
[   94.7406] open name host:/livepad.bin flag 1 data 41378
[   94.7423] open fd = 256
[   94.7440] open name host:/livetex.bin flag 1 data 41378
[   94.7446] open fd = -5
[   94.7449] open name host:/livelink.bin flag 1 data 41378
[   94.7454] open fd = -5
[   94.7626] open name host:/livepad.bin flag 1 data 41378
[   94.7642] open fd = 256
[   94.7824] open name host:/livepad.bin flag 1 data 41378
[   94.7841] open fd = 256
[   94.7859] open name host:/livetime.rst flag 1 data 41378
[   94.7864] open fd = -5
[   94.7868] open name host:/livetime.bin flag 602 data 41378
[   94.7886] open fd = 256
[   94.8068] open name host:/livepad.bin flag 1 data 41378
[   94.8084] open fd = 256
[   94.8269] open name host:/livepad.bin flag 1 data 41378
[   94.8289] open fd = 256
[   94.8478] open name host:/livepad.bin flag 1 data 41378
[   94.8495] open fd = 256
[   94.8512] open name host:/livedbg.cmd flag 1 data 41378
[   94.8526] open fd = 256
[   94.8545] open name host:/livedbg.bin flag 602 data 41378
[   94.8564] open fd = 256
[   94.8755] open name host:/livepad.bin flag 1 data 41378
[   94.8774] open fd = 256
[   94.8797] open name host:/livetex.bin flag 1 data 41378
[   94.8804] open fd = -5
[   94.8808] open name host:/livelink.bin flag 1 data 41378
[   94.8813] open fd = -5
[   94.8994] open name host:/livepad.bin flag 1 data 41378
[   94.9011] open fd = 256
[   94.9195] open name host:/livepad.bin flag 1 data 41378
[   94.9212] open fd = 256
[   94.9227] open name host:/livetime.rst flag 1 data 41378
[   94.9233] open fd = -5
[   94.9236] open name host:/livetime.bin flag 602 data 41378
[   94.9255] open fd = 256
[   94.9458] open name host:/livepad.bin flag 1 data 41378
[   94.9474] open fd = 256
[   94.9658] open name host:/livepad.bin flag 1 data 41378
[   94.9674] open fd = 256
[   94.9852] open name host:/livepad.bin flag 1 data 41378
[   94.9868] open fd = 256
[   94.9886] open name host:/livedbg.cmd flag 1 data 41378
[   94.9898] open fd = 256
[   94.9917] open name host:/livedbg.bin flag 602 data 41378
[   94.9934] open fd = 256
[   95.0130] open name host:/livepad.bin flag 1 data 41378
[   95.0145] open fd = 256
[   95.0161] open name host:/livetex.bin flag 1 data 41378
[   95.0166] open fd = -5
[   95.0168] open name host:/livelink.bin flag 1 data 41378
[   95.0172] open fd = -5
[   95.0354] open name host:/livepad.bin flag 1 data 41378
[   95.0371] open fd = 256
[   95.0557] open name host:/livepad.bin flag 1 data 41378
[   95.0574] open fd = 256
[   95.0592] open name host:/livetime.rst flag 1 data 41378
[   95.0599] open fd = -5
[   95.0602] open name host:/livetime.bin flag 602 data 41378
[   95.0627] open fd = 256
[   95.0819] open name host:/livepad.bin flag 1 data 41378
[   95.0836] open fd = 256
[   95.1019] open name host:/livepad.bin flag 1 data 41378
[   95.1033] open fd = 256
[   95.1245] open name host:/livepad.bin flag 1 data 41378
[   95.1262] open fd = 256
[   95.1282] open name host:/livedbg.cmd flag 1 data 41378
[   95.1295] open fd = 256
[   95.1314] open name host:/livedbg.bin flag 602 data 41378
[   95.1331] open fd = 256
[   95.1524] open name host:/livepad.bin flag 1 data 41378
[   95.1540] open fd = 256
[   95.1559] open name host:/livetex.bin flag 1 data 41378
[   95.1564] open fd = -5
[   95.1566] open name host:/livelink.bin flag 1 data 41378
[   95.1571] open fd = -5
[   95.1773] open name host:/livepad.bin flag 1 data 41378
[   95.1791] open fd = 256
[   95.2004] open name host:/livepad.bin flag 1 data 41378
[   95.2019] open fd = 256
[   95.2036] open name host:/livetime.rst flag 1 data 41378
[   95.2041] open fd = -5
[   95.2046] open name host:/livetime.bin flag 602 data 41378
[   95.2065] open fd = 256
[   95.2255] open name host:/livepad.bin flag 1 data 41378
[   95.2269] open fd = 256
[   95.2487] open name host:/livepad.bin flag 1 data 41378
[   95.2508] open fd = 256
[   95.2690] open name host:/livepad.bin flag 1 data 41378
[   95.2710] open fd = 256
[   95.2729] open name host:/livedbg.cmd flag 1 data 41378
[   95.2743] open fd = 256
[   95.2766] open name host:/livedbg.bin flag 602 data 41378
[   95.2790] open fd = 256
[   95.3017] open name host:/livepad.bin flag 1 data 41378
[   95.3035] open fd = 256
[   95.3054] open name host:/livetex.bin flag 1 data 41378
[   95.3060] open fd = -5
[   95.3064] open name host:/livelink.bin flag 1 data 41378
[   95.3070] open fd = -5
[   95.3264] open name host:/livepad.bin flag 1 data 41378
[   95.3281] open fd = 256
[   95.3512] open name host:/livepad.bin flag 1 data 41378
[   95.3529] open fd = 256
[   95.3545] open name host:/livetime.rst flag 1 data 41378
[   95.3550] open fd = -5
[   95.3553] open name host:/livetime.bin flag 602 data 41378
[   95.3573] open fd = 256
[   95.3765] open name host:/livepad.bin flag 1 data 41378
[   95.3780] open fd = 256
[   95.3980] open name host:/livepad.bin flag 1 data 41378
[   95.3994] open fd = 256
[   95.4176] open name host:/livepad.bin flag 1 data 41378
[   95.4189] open fd = 256
[   95.4205] open name host:/livedbg.cmd flag 1 data 41378
[   95.4217] open fd = 256
[   95.4234] open name host:/livedbg.bin flag 602 data 41378
[   95.4252] open fd = 256
[   95.4435] open name host:/livepad.bin flag 1 data 41378
[   95.4452] open fd = 256
[   95.4472] open name host:/livetex.bin flag 1 data 41378
[   95.4478] open fd = -5
[   95.4482] open name host:/livelink.bin flag 1 data 41378
[   95.4487] open fd = -5
[   95.4677] open name host:/livepad.bin flag 1 data 41378
[   95.4697] open fd = 256
[   95.4888] open name host:/livepad.bin flag 1 data 41378
[   95.4904] open fd = 256
[   95.4924] open name host:/livetime.rst flag 1 data 41378
[   95.4930] open fd = -5
[   95.4933] open name host:/livetime.bin flag 602 data 41378
[   95.4953] open fd = 256
[   95.5140] open name host:/livepad.bin flag 1 data 41378
[   95.5156] open fd = 256
[   95.5355] open name host:/livepad.bin flag 1 data 41378
[   95.5369] open fd = 256
[   95.5561] open name host:/livepad.bin flag 1 data 41378
[   95.5576] open fd = 256
[   95.5594] open name host:/livedbg.cmd flag 1 data 41378
[   95.5610] open fd = 256
[   95.5632] open name host:/livedbg.bin flag 602 data 41378
[   95.5651] open fd = 256
[   95.5836] open name host:/livepad.bin flag 1 data 41378
[   95.5853] open fd = 256
[   95.5873] open name host:/livetex.bin flag 1 data 41378
[   95.5878] open fd = -5
[   95.5882] open name host:/livelink.bin flag 1 data 41378
[   95.5887] open fd = -5
[   95.6046] open name host:/livepad.bin flag 1 data 41378
[   95.6060] open fd = 256
[   95.6248] open name host:/livepad.bin flag 1 data 41378
[   95.6262] open fd = 256
[   95.6282] open name host:/livetime.rst flag 1 data 41378
[   95.6287] open fd = -5
[   95.6292] open name host:/livetime.bin flag 602 data 41378
[   95.6310] open fd = 256
[   95.6483] open name host:/livepad.bin flag 1 data 41378
[   95.6498] open fd = 256
[   95.6675] open name host:/livepad.bin flag 1 data 41378
[   95.6690] open fd = 256
[   95.6867] open name host:/livepad.bin flag 1 data 41378
[   95.6881] open fd = 256
[   95.6899] open name host:/livedbg.cmd flag 1 data 41378
[   95.6913] open fd = 256
[   95.6932] open name host:/livedbg.bin flag 602 data 41378
[   95.6953] open fd = 256
[   95.7132] open name host:/livepad.bin flag 1 data 41378
[   95.7147] open fd = 256
[   95.7167] open name host:/livetex.bin flag 1 data 41378
[   95.7172] open fd = -5
[   95.7176] open name host:/livelink.bin flag 1 data 41378
[   95.7181] open fd = -5
[   95.7340] open name host:/livepad.bin flag 1 data 41378
[   95.7358] open fd = 256
[   95.7545] open name host:/livepad.bin flag 1 data 41378
[   95.7561] open fd = 256
[   95.7579] open name host:/livetime.rst flag 1 data 41378
[   95.7586] open fd = -5
[   95.7589] open name host:/livetime.bin flag 602 data 41378
[   95.7609] open fd = 256
[   95.7794] open name host:/livepad.bin flag 1 data 41378
[   95.7809] open fd = 256
[   95.7988] open name host:/livepad.bin flag 1 data 41378
[   95.8005] open fd = 256
[   95.8186] open name host:/livepad.bin flag 1 data 41378
[   95.8205] open fd = 256
[   95.8223] open name host:/livedbg.cmd flag 1 data 41378
[   95.8237] open fd = 256
[   95.8255] open name host:/livedbg.bin flag 602 data 41378
[   95.8274] open fd = 256
[   95.8455] open name host:/livepad.bin flag 1 data 41378
[   95.8472] open fd = 256
[   95.8489] open name host:/livetex.bin flag 1 data 41378
[   95.8494] open fd = -5
[   95.8499] open name host:/livelink.bin flag 1 data 41378
[   95.8507] open fd = -5
[   95.8668] open name host:/livepad.bin flag 1 data 41378
[   95.8686] open fd = 256
[   95.8865] open name host:/livepad.bin flag 1 data 41378
[   95.8880] open fd = 256
[   95.8897] open name host:/livetime.rst flag 1 data 41378
[   95.8904] open fd = -5
[   95.8907] open name host:/livetime.bin flag 602 data 41378
[   95.8927] open fd = 256
[   95.9097] open name host:/livepad.bin flag 1 data 41378
[   95.9118] open fd = 256
[   95.9294] open name host:/livepad.bin flag 1 data 41378
[   95.9317] open fd = 256
[   95.9492] open name host:/livepad.bin flag 1 data 41378
[   95.9509] open fd = 256
[   95.9529] open name host:/livedbg.cmd flag 1 data 41378
[   95.9543] open fd = 256
[   95.9563] open name host:/livedbg.bin flag 602 data 41378
[   95.9583] open fd = 256
[   95.9766] open name host:/livepad.bin flag 1 data 41378
[   95.9783] open fd = 256
[   95.9803] open name host:/livetex.bin flag 1 data 41378
[   95.9811] open fd = -5
[   95.9814] open name host:/livelink.bin flag 1 data 41378
[   95.9818] open fd = -5
[   95.9980] open name host:/livepad.bin flag 1 data 41378
[   95.9995] open fd = 256
[   96.0171] open name host:/livepad.bin flag 1 data 41378
[   96.0186] open fd = 256
[   96.0204] open name host:/livetime.rst flag 1 data 41378
[   96.0208] open fd = -5
[   96.0211] open name host:/livetime.bin flag 602 data 41378
[   96.0230] open fd = 256
[   96.0411] open name host:/livepad.bin flag 1 data 41378
[   96.0426] open fd = 256
[   96.0612] open name host:/livepad.bin flag 1 data 41378
[   96.0631] open fd = 256
[   96.0813] open name host:/livepad.bin flag 1 data 41378
[   96.0829] open fd = 256
[   96.0848] open name host:/livedbg.cmd flag 1 data 41378
[   96.0860] open fd = 256
[   96.0881] open name host:/livedbg.bin flag 602 data 41378
[   96.0905] open fd = 256
[   96.1087] open name host:/livepad.bin flag 1 data 41378
[   96.1101] open fd = 256
[   96.1119] open name host:/livetex.bin flag 1 data 41378
[   96.1125] open fd = -5
[   96.1130] open name host:/livelink.bin flag 1 data 41378
[   96.1134] open fd = -5
[   96.1304] open name host:/livepad.bin flag 1 data 41378
[   96.1320] open fd = 256
[   96.1519] open name host:/livepad.bin flag 1 data 41378
[   96.1538] open fd = 256
[   96.1557] open name host:/livetime.rst flag 1 data 41378
[   96.1563] open fd = -5
[   96.1566] open name host:/livetime.bin flag 602 data 41378
[   96.1586] open fd = 256
[   96.1786] open name host:/livepad.bin flag 1 data 41378
[   96.1802] open fd = 256
[   96.1984] open name host:/livepad.bin flag 1 data 41378
[   96.2000] open fd = 256
[   96.2185] open name host:/livepad.bin flag 1 data 41378
[   96.2200] open fd = 256
[   96.2217] open name host:/livedbg.cmd flag 1 data 41378
[   96.2230] open fd = 256
[   96.2248] open name host:/livedbg.bin flag 602 data 41378
[   96.2266] open fd = 256
[   96.2452] open name host:/livepad.bin flag 1 data 41378
[   96.2467] open fd = 256
[   96.2485] open name host:/livetex.bin flag 1 data 41378
[   96.2491] open fd = -5
[   96.2495] open name host:/livelink.bin flag 1 data 41378
[   96.2500] open fd = -5
[   96.2673] FRAMEARENA frames=3720 peak=1033488 resets=4678 fallbacks=0 maxFrameBytes=2773552 maxBorrowed=2184480 freeKiB=16901
[   96.2678] NATIVEVIF frames=3720 batches=13198
[   96.2680] ORDEREDFRAME frames=3720 splitFrames=2401
[   96.2683] FRAMEPIPELINE starts=3720 dmaBusyStarts=1030
[   96.2687] open name host:/livepad.bin flag 1 data 41378
[   96.2701] open fd = 256
[   96.2892] open name host:/livepad.bin flag 1 data 41378
[   96.2907] open fd = 256
[   96.2925] open name host:/livetime.rst flag 1 data 41378
[   96.2934] open fd = -5
[   96.2938] open name host:/livetime.bin flag 602 data 41378
[   96.2962] open fd = 256
[   96.3218] open name host:/livepad.bin flag 1 data 41378
[   96.3233] open fd = 256
[   96.3448] open name host:/livepad.bin flag 1 data 41378
[   96.3464] open fd = 256
[   96.3663] open name host:/livepad.bin flag 1 data 41378
[   96.3679] open fd = 256
[   96.3695] open name host:/livedbg.cmd flag 1 data 41378
[   96.3708] open fd = 256
[   96.3727] open name host:/livedbg.bin flag 602 data 41378
[   96.3745] open fd = 256
[   96.3932] open name host:/livepad.bin flag 1 data 41378
[   96.3946] open fd = 256
[   96.3966] open name host:/livetex.bin flag 1 data 41378
[   96.3971] open fd = -5
[   96.3974] open name host:/livelink.bin flag 1 data 41378
[   96.3979] open fd = -5
[   96.4150] open name host:/livepad.bin flag 1 data 41378
[   96.4166] open fd = 256
[   96.4352] open name host:/livepad.bin flag 1 data 41378
[   96.4368] open fd = 256
[   96.4385] open name host:/livetime.rst flag 1 data 41378
[   96.4390] open fd = -5
[   96.4392] open name host:/livetime.bin flag 602 data 41378
[   96.4411] open fd = 256
[   96.4594] open name host:/livepad.bin flag 1 data 41378
[   96.4610] open fd = 256
[   96.4796] open name host:/livepad.bin flag 1 data 41378
[   96.4813] open fd = 256
[   96.5004] open name host:/livepad.bin flag 1 data 41378
[   96.5022] open fd = 256
[   96.5043] open name host:/livedbg.cmd flag 1 data 41378
[   96.5055] open fd = 256
[   96.5073] open name host:/livedbg.bin flag 602 data 41378
[   96.5091] open fd = 256
[   96.5302] open name host:/livepad.bin flag 1 data 41378
[   96.5320] open fd = 256
[   96.5340] open name host:/livetex.bin flag 1 data 41378
[   96.5346] open fd = -5
[   96.5349] open name host:/livelink.bin flag 1 data 41378
[   96.5353] open fd = -5
[   96.5519] open name host:/livepad.bin flag 1 data 41378
[   96.5536] open fd = 256
[   96.5706] open name host:/livepad.bin flag 1 data 41378
[   96.5720] open fd = 256
[   96.5735] open name host:/livetime.rst flag 1 data 41378
[   96.5740] open fd = -5
[   96.5743] open name host:/livetime.bin flag 602 data 41378
[   96.5763] open fd = 256
[   96.5949] open name host:/livepad.bin flag 1 data 41378
[   96.5965] open fd = 256
[   96.6146] open name host:/livepad.bin flag 1 data 41378
[   96.6163] open fd = 256
[   96.6339] open name host:/livepad.bin flag 1 data 41378
[   96.6356] open fd = 256
[   96.6373] open name host:/livedbg.cmd flag 1 data 41378
[   96.6385] open fd = 256
[   96.6405] open name host:/livedbg.bin flag 602 data 41378
[   96.6422] open fd = 256
[   96.6610] open name host:/livepad.bin flag 1 data 41378
[   96.6625] open fd = 256
[   96.6646] open name host:/livetex.bin flag 1 data 41378
[   96.6652] open fd = -5
[   96.6655] open name host:/livelink.bin flag 1 data 41378
[   96.6660] open fd = -5
[   96.6838] open name host:/livepad.bin flag 1 data 41378
[   96.6854] open fd = 256
[   96.7046] open name host:/livepad.bin flag 1 data 41378
[   96.7064] open fd = 256
[   96.7082] open name host:/livetime.rst flag 1 data 41378
[   96.7087] open fd = -5
[   96.7090] open name host:/livetime.bin flag 602 data 41378
[   96.7109] open fd = 256
[   96.7290] open name host:/livepad.bin flag 1 data 41378
[   96.7307] open fd = 256
[   96.7494] open name host:/livepad.bin flag 1 data 41378
[   96.7511] open fd = 256
[   96.7692] open name host:/livepad.bin flag 1 data 41378
[   96.7706] open fd = 256
[   96.7721] open name host:/livedbg.cmd flag 1 data 41378
[   96.7733] open fd = 256
[   96.7750] open name host:/livedbg.bin flag 602 data 41378
[   96.7767] open fd = 256
[   96.7943] open name host:/livepad.bin flag 1 data 41378
[   96.7957] open fd = 256
[   96.7977] open name host:/livetex.bin flag 1 data 41378
[   96.7982] open fd = -5
[   96.7985] open name host:/livelink.bin flag 1 data 41378
[   96.7989] open fd = -5
[   96.8153] open name host:/livepad.bin flag 1 data 41378
[   96.8167] open fd = 256
[   96.8350] open name host:/livepad.bin flag 1 data 41378
[   96.8364] open fd = 256
[   96.8381] open name host:/livetime.rst flag 1 data 41378
[   96.8386] open fd = -5
[   96.8388] open name host:/livetime.bin flag 602 data 41378
[   96.8407] open fd = 256
[   96.8589] open name host:/livepad.bin flag 1 data 41378
[   96.8606] open fd = 256
[   96.8791] open name host:/livepad.bin flag 1 data 41378
[   96.8807] open fd = 256
[   96.8992] open name host:/livepad.bin flag 1 data 41378
[   96.9010] open fd = 256
[   96.9027] open name host:/livedbg.cmd flag 1 data 41378
[   96.9041] open fd = 256
[   96.9060] open name host:/livedbg.bin flag 602 data 41378
[   96.9078] open fd = 256
[   96.9261] open name host:/livepad.bin flag 1 data 41378
[   96.9274] open fd = 256
[   96.9291] open name host:/livetex.bin flag 1 data 41378
[   96.9297] open fd = -5
[   96.9299] open name host:/livelink.bin flag 1 data 41378
[   96.9304] open fd = -5
[   96.9475] open name host:/livepad.bin flag 1 data 41378
[   96.9492] open fd = 256
[   96.9675] open name host:/livepad.bin flag 1 data 41378
[   96.9689] open fd = 256
[   96.9706] open name host:/livetime.rst flag 1 data 41378
[   96.9711] open fd = -5
[   96.9714] open name host:/livetime.bin flag 602 data 41378
[   96.9731] open fd = 256
[   96.9922] open name host:/livepad.bin flag 1 data 41378
[   96.9935] open fd = 256
[   97.0122] open name host:/livepad.bin flag 1 data 41378
[   97.0140] open fd = 256
[   97.0319] open name host:/livepad.bin flag 1 data 41378
[   97.0333] open fd = 256
[   97.0351] open name host:/livedbg.cmd flag 1 data 41378
[   97.0365] open fd = 256
[   97.0384] open name host:/livedbg.bin flag 602 data 41378
[   97.0403] open fd = 256
[   97.0598] open name host:/livepad.bin flag 1 data 41378
[   97.0614] open fd = 256
[   97.0632] open name host:/livetex.bin flag 1 data 41378
[   97.0637] open fd = -5
[   97.0640] open name host:/livelink.bin flag 1 data 41378
[   97.0645] open fd = -5
[   97.0812] open name host:/livepad.bin flag 1 data 41378
[   97.0827] open fd = 256
[   97.1022] open name host:/livepad.bin flag 1 data 41378
[   97.1038] open fd = 256
[   97.1057] open name host:/livetime.rst flag 1 data 41378
[   97.1063] open fd = -5
[   97.1067] open name host:/livetime.bin flag 602 data 41378
[   97.1088] open fd = 256
[   97.1279] open name host:/livepad.bin flag 1 data 41378
[   97.1297] open fd = 256
[   97.1486] open name host:/livepad.bin flag 1 data 41378
[   97.1502] open fd = 256
[   97.1691] open name host:/livepad.bin flag 1 data 41378
[   97.1708] open fd = 256
[   97.1725] open name host:/livedbg.cmd flag 1 data 41378
[   97.1740] open fd = 256
[   97.1758] open name host:/livedbg.bin flag 602 data 41378
[   97.1776] open fd = 256
[   97.1971] open name host:/livepad.bin flag 1 data 41378
[   97.1996] open fd = 256
[   97.2032] open name host:/livetex.bin flag 1 data 41378
[   97.2040] open fd = -5
[   97.2043] open name host:/livelink.bin flag 1 data 41378
[   97.2051] open fd = -5
[   97.2268] open name host:/livepad.bin flag 1 data 41378
[   97.2287] open fd = 256
[   97.2474] open name host:/livepad.bin flag 1 data 41378
[   97.2489] open fd = 256
[   97.2506] open name host:/livetime.rst flag 1 data 41378
[   97.2511] open fd = -5
[   97.2514] open name host:/livetime.bin flag 602 data 41378
[   97.2534] open fd = 256
[   97.2724] open name host:/livepad.bin flag 1 data 41378
[   97.2738] open fd = 256
[   97.2912] open name host:/livepad.bin flag 1 data 41378
[   97.2926] open fd = 256
[   97.3097] open name host:/livepad.bin flag 1 data 41378
[   97.3113] open fd = 256
[   97.3132] open name host:/livedbg.cmd flag 1 data 41378
[   97.3147] open fd = 256
[   97.3165] open name host:/livedbg.bin flag 602 data 41378
[   97.3182] open fd = 256
[   97.3355] open name host:/livepad.bin flag 1 data 41378
[   97.3371] open fd = 256
[   97.3387] open name host:/livetex.bin flag 1 data 41378
[   97.3392] open fd = -5
[   97.3395] open name host:/livelink.bin flag 1 data 41378
[   97.3399] open fd = -5
[   97.3564] open name host:/livepad.bin flag 1 data 41378
[   97.3580] open fd = 256
[   97.3752] open name host:/livepad.bin flag 1 data 41378
[   97.3768] open fd = 256
[   97.3786] open name host:/livetime.rst flag 1 data 41378
[   97.3791] open fd = -5
[   97.3794] open name host:/livetime.bin flag 602 data 41378
[   97.3816] open fd = 256
[   97.3997] open name host:/livepad.bin flag 1 data 41378
[   97.4014] open fd = 256
[   97.4213] open name host:/livepad.bin flag 1 data 41378
[   97.4229] open fd = 256
[   97.4407] open name host:/livepad.bin flag 1 data 41378
[   97.4423] open fd = 256
[   97.4441] open name host:/livedbg.cmd flag 1 data 41378
[   97.4458] open fd = 256
[   97.4477] open name host:/livedbg.bin flag 602 data 41378
[   97.4495] open fd = 256
[   97.4696] open name host:/livepad.bin flag 1 data 41378
[   97.4712] open fd = 256
[   97.4729] open name host:/livetex.bin flag 1 data 41378
[   97.4735] open fd = -5
[   97.4738] open name host:/livelink.bin flag 1 data 41378
[   97.4743] open fd = -5
[   97.4920] open name host:/livepad.bin flag 1 data 41378
[   97.4933] open fd = 256
[   97.5131] open name host:/livepad.bin flag 1 data 41378
[   97.5147] open fd = 256
[   97.5166] open name host:/livetime.rst flag 1 data 41378
[   97.5172] open fd = -5
[   97.5175] open name host:/livetime.bin flag 602 data 41378
[   97.5197] open fd = 256
[   97.5388] open name host:/livepad.bin flag 1 data 41378
[   97.5408] open fd = 256
[   97.5583] open name host:/livepad.bin flag 1 data 41378
[   97.5599] open fd = 256
[   97.5798] open name host:/livepad.bin flag 1 data 41378
[   97.5813] open fd = 256
[   97.5831] open name host:/livedbg.cmd flag 1 data 41378
[   97.5844] open fd = 256
[   97.5864] open name host:/livedbg.bin flag 602 data 41378
[   97.5883] open fd = 256
[   97.6068] open name host:/livepad.bin flag 1 data 41378
[   97.6085] open fd = 256
[   97.6102] open name host:/livetex.bin flag 1 data 41378
[   97.6106] open fd = -5
[   97.6109] open name host:/livelink.bin flag 1 data 41378
[   97.6115] open fd = -5
[   97.6294] open name host:/livepad.bin flag 1 data 41378
[   97.6309] open fd = 256
[   97.6485] open name host:/livepad.bin flag 1 data 41378
[   97.6498] open fd = 256
[   97.6515] open name host:/livetime.rst flag 1 data 41378
[   97.6520] open fd = -5
[   97.6523] open name host:/livetime.bin flag 602 data 41378
[   97.6541] open fd = 256
[   97.6726] open name host:/livepad.bin flag 1 data 41378
[   97.6740] open fd = 256
[   97.6936] open name host:/livepad.bin flag 1 data 41378
[   97.6953] open fd = 256
[   97.7149] open name host:/livepad.bin flag 1 data 41378
[   97.7165] open fd = 256
[   97.7183] open name host:/livedbg.cmd flag 1 data 41378
[   97.7196] open fd = 256
[   97.7215] open name host:/livedbg.bin flag 602 data 41378
[   97.7233] open fd = 256
[   97.7441] open name host:/livepad.bin flag 1 data 41378
[   97.7461] open fd = 256
[   97.7478] open name host:/livetex.bin flag 1 data 41378
[   97.7483] open fd = -5
[   97.7485] open name host:/livelink.bin flag 1 data 41378
[   97.7489] open fd = -5
[   97.7661] open name host:/livepad.bin flag 1 data 41378
[   97.7678] open fd = 256
[   97.7884] open name host:/livepad.bin flag 1 data 41378
[   97.7902] open fd = 256
[   97.7925] open name host:/livetime.rst flag 1 data 41378
[   97.7930] open fd = -5
[   97.7933] open name host:/livetime.bin flag 602 data 41378
[   97.7960] open fd = 256
[   97.8183] open name host:/livepad.bin flag 1 data 41378
[   97.8201] open fd = 256
[   97.8424] open name host:/livepad.bin flag 1 data 41378
[   97.8443] open fd = 256
[   97.8648] open name host:/livepad.bin flag 1 data 41378
[   97.8667] open fd = 256
[   97.8685] open name host:/livedbg.cmd flag 1 data 41378
[   97.8697] open fd = 256
[   97.8715] open name host:/livedbg.bin flag 602 data 41378
[   97.8732] open fd = 256
[   97.8909] open name host:/livepad.bin flag 1 data 41378
[   97.8924] open fd = 256
[   97.8941] open name host:/livetex.bin flag 1 data 41378
[   97.8946] open fd = -5
[   97.8950] open name host:/livelink.bin flag 1 data 41378
[   97.8956] open fd = -5
[   97.9120] open name host:/livepad.bin flag 1 data 41378
[   97.9135] open fd = 256
[   97.9322] open name host:/livepad.bin flag 1 data 41378
[   97.9339] open fd = 256
[   97.9358] open name host:/livetime.rst flag 1 data 41378
[   97.9364] open fd = -5
[   97.9367] open name host:/livetime.bin flag 602 data 41378
[   97.9386] open fd = 256
[   97.9563] open name host:/livepad.bin flag 1 data 41378
[   97.9579] open fd = 256
[   97.9763] open name host:/livepad.bin flag 1 data 41378
[   97.9782] open fd = 256
[   97.9960] open name host:/livepad.bin flag 1 data 41378
[   97.9981] open fd = 256
[   97.9999] open name host:/livedbg.cmd flag 1 data 41378
[   98.0016] open fd = 256
[   98.0036] open name host:/livedbg.bin flag 602 data 41378
[   98.0055] open fd = 256
[   98.0253] open name host:/livepad.bin flag 1 data 41378
[   98.0270] open fd = 256
[   98.0291] open name host:/livetex.bin flag 1 data 41378
[   98.0299] open fd = -5
[   98.0303] open name host:/livelink.bin flag 1 data 41378
[   98.0308] open fd = -5
[   98.0468] open name host:/livepad.bin flag 1 data 41378
[   98.0484] open fd = 256
[   98.0668] open name host:/livepad.bin flag 1 data 41378
[   98.0685] open fd = 256
[   98.0705] open name host:/livetime.rst flag 1 data 41378
[   98.0711] open fd = -5
[   98.0715] open name host:/livetime.bin flag 602 data 41378
[   98.0736] open fd = 256
[   98.0909] open name host:/livepad.bin flag 1 data 41378
[   98.0925] open fd = 256
[   98.1129] open name host:/livepad.bin flag 1 data 41378
[   98.1150] open fd = 256
[   98.1342] open name host:/livepad.bin flag 1 data 41378
[   98.1360] open fd = 256
[   98.1376] open name host:/livedbg.cmd flag 1 data 41378
[   98.1390] open fd = 256
[   98.1419] open name host:/livedbg.bin flag 602 data 41378
[   98.1441] open fd = 256
[   98.1647] open name host:/livepad.bin flag 1 data 41378
[   98.1664] open fd = 256
[   98.1683] open name host:/livetex.bin flag 1 data 41378
[   98.1689] open fd = -5
[   98.1693] open name host:/livelink.bin flag 1 data 41378
[   98.1699] open fd = -5
[   98.1865] open name host:/livepad.bin flag 1 data 41378
[   98.1884] open fd = 256
[   98.2067] open name host:/livepad.bin flag 1 data 41378
[   98.2088] open fd = 256
[   98.2113] open name host:/livetime.rst flag 1 data 41378
[   98.2122] open fd = -5
[   98.2126] open name host:/livetime.bin flag 602 data 41378
[   98.2152] open fd = 256
[   98.2362] open name host:/livepad.bin flag 1 data 41378
[   98.2379] open fd = 256
[   98.2567] open name host:/livepad.bin flag 1 data 41378
[   98.2587] open fd = 256
[   98.2784] open name host:/livepad.bin flag 1 data 41378
[   98.2805] open fd = 256
[   98.2826] open name host:/livedbg.cmd flag 1 data 41378
[   98.2843] open fd = 256
[   98.2865] open name host:/livedbg.bin flag 602 data 41378
[   98.2891] open fd = 256
[   98.3093] open name host:/livepad.bin flag 1 data 41378
[   98.3113] open fd = 256
[   98.3136] open name host:/livetex.bin flag 1 data 41378
[   98.3144] open fd = -5
[   98.3148] open name host:/livelink.bin flag 1 data 41378
[   98.3157] open fd = -5
[   98.3326] open name host:/livepad.bin flag 1 data 41378
[   98.3342] open fd = 256
[   98.3526] open name host:/livepad.bin flag 1 data 41378
[   98.3543] open fd = 256
[   98.3563] open name host:/livetime.rst flag 1 data 41378
[   98.3569] open fd = -5
[   98.3572] open name host:/livetime.bin flag 602 data 41378
[   98.3592] open fd = 256
[   98.3779] open name host:/livepad.bin flag 1 data 41378
[   98.3795] open fd = 256
[   98.3984] open name host:/livepad.bin flag 1 data 41378
[   98.3999] open fd = 256
[   98.4191] open name host:/livepad.bin flag 1 data 41378
[   98.4207] open fd = 256
[   98.4223] open name host:/livedbg.cmd flag 1 data 41378
[   98.4238] open fd = 256
[   98.4257] open name host:/livedbg.bin flag 602 data 41378
[   98.4281] open fd = 256
[   98.4465] open name host:/livepad.bin flag 1 data 41378
[   98.4482] open fd = 256
[   98.4502] open name host:/livetex.bin flag 1 data 41378
[   98.4510] open fd = -5
[   98.4513] open name host:/livelink.bin flag 1 data 41378
[   98.4518] open fd = -5
[   98.4679] open name host:/livepad.bin flag 1 data 41378
[   98.4695] open fd = 256
[   98.4872] open name host:/livepad.bin flag 1 data 41378
[   98.4887] open fd = 256
[   98.4907] open name host:/livetime.rst flag 1 data 41378
[   98.4915] open fd = -5
[   98.4918] open name host:/livetime.bin flag 602 data 41378
[   98.4936] open fd = 256
[   98.5128] open name host:/livepad.bin flag 1 data 41378
[   98.5145] open fd = 256
[   98.5322] open name host:/livepad.bin flag 1 data 41378
[   98.5339] open fd = 256
[   98.5520] open name host:/livepad.bin flag 1 data 41378
[   98.5536] open fd = 256
[   98.5555] open name host:/livedbg.cmd flag 1 data 41378
[   98.5568] open fd = 256
[   98.5586] open name host:/livedbg.bin flag 602 data 41378
[   98.5604] open fd = 256
[   98.5792] open name host:/livepad.bin flag 1 data 41378
[   98.5810] open fd = 256
[   98.5830] open name host:/livetex.bin flag 1 data 41378
[   98.5836] open fd = -5
[   98.5839] open name host:/livelink.bin flag 1 data 41378
[   98.5843] open fd = -5
[   98.6010] open name host:/livepad.bin flag 1 data 41378
[   98.6024] open fd = 256
[   98.6218] open name host:/livepad.bin flag 1 data 41378
[   98.6233] open fd = 256
[   98.6250] open name host:/livetime.rst flag 1 data 41378
[   98.6256] open fd = -5
[   98.6259] open name host:/livetime.bin flag 602 data 41378
[   98.6279] open fd = 256
[   98.6482] open name host:/livepad.bin flag 1 data 41378
[   98.6498] open fd = 256
[   98.6691] open name host:/livepad.bin flag 1 data 41378
[   98.6705] open fd = 256
[   98.6892] open name host:/livepad.bin flag 1 data 41378
[   98.6906] open fd = 256
[   98.6923] open name host:/livedbg.cmd flag 1 data 41378
[   98.6936] open fd = 256
[   98.6956] open name host:/livedbg.bin flag 602 data 41378
[   98.6976] open fd = 256
[   98.7177] open name host:/livepad.bin flag 1 data 41378
[   98.7196] open fd = 256
[   98.7214] open name host:/livetex.bin flag 1 data 41378
[   98.7222] open fd = -5
[   98.7225] open name host:/livelink.bin flag 1 data 41378
[   98.7231] open fd = -5
[   98.7395] open name host:/livepad.bin flag 1 data 41378
[   98.7411] open fd = 256
[   98.7566] (VMManager) Pausing...
[   98.7633] Add 97 seconds play time to two-players -> now 97
[   98.8675] DEV9: DEV9close
[   98.8719] SW JIT generated 12209 bytes of code
[   98.8887] Unloading EGL.
[   98.8895] DEV9: DEV9shutdown
[   98.8950] NVRAM has not changed, not writing to disk.
[   98.8970] Invalid binding: 'XInput-0/DPadUp'
[   98.8974] Invalid binding: 'XInput-0/DPadRight'
[   98.8975] Invalid binding: 'XInput-0/DPadDown'
[   98.8977] Invalid binding: 'XInput-0/DPadLeft'
[   98.8979] Invalid binding: 'XInput-0/Y'
[   98.8980] Invalid binding: 'XInput-0/B'
[   98.8982] Invalid binding: 'XInput-0/A'
[   98.8984] Invalid binding: 'XInput-0/X'
[   98.8986] Invalid binding: 'XInput-0/Back'
[   98.8987] Invalid binding: 'XInput-0/Start'
[   98.8989] Invalid binding: 'XInput-0/LeftShoulder'
[   98.8990] Invalid binding: 'XInput-0/+LeftTrigger'
[   98.8992] Invalid binding: 'XInput-0/RightShoulder'
[   98.8994] Invalid binding: 'XInput-0/+RightTrigger'
[   98.8996] Invalid binding: 'XInput-0/LeftStick'
[   98.8997] Invalid binding: 'XInput-0/RightStick'
[   98.8999] Invalid binding: 'XInput-0/Guide'
[   98.9001] Invalid binding: 'XInput-0/-LeftY'
[   98.9003] Invalid binding: 'XInput-0/+LeftX'
[   98.9004] Invalid binding: 'XInput-0/+LeftY'
[   98.9006] Invalid binding: 'XInput-0/-LeftX'
[   98.9009] Invalid binding: 'XInput-0/-RightY'
[   98.9010] Invalid binding: 'XInput-0/+RightX'
[   98.9012] Invalid binding: 'XInput-0/+RightY'
[   98.9013] Invalid binding: 'XInput-0/-RightX'
[   98.9093] Releasing host memory for virtual systems...
