[    0.0139] Program Path: /home/spider/tyrax2-debugger-linux-v1/squashfs-root/usr/bin/pcsx2-qt
[    0.0139] AppRoot Directory: /home/spider/tyrax2-debugger-linux-v1/squashfs-root/usr/bin
[    0.0139] Resources Directory: /home/spider/tyrax2-debugger-linux-v1/squashfs-root/usr/bin/resources
[    0.0140] DataRoot Directory: /home/spider/sky-retint-production-v3/profile/PCSX2
[    0.0140] Loading config from /home/spider/sky-retint-production-v3/profile/PCSX2/inis/PCSX2.ini.
[    0.0142] Loading secrets from /home/spider/sky-retint-production-v3/profile/PCSX2/inis/secrets.ini.
[    0.0145] BIOS Directory: /mnt/c/Users/pawel/OneDrive/Documents/PCSX2/bios
[    0.0145] Snapshots Directory: /home/spider/sky-retint-production-v3/profile/PCSX2/snaps
[    0.0145] Savestates Directory: /home/spider/sky-retint-production-v3/profile/PCSX2/sstates
[    0.0145] MemoryCards Directory: /home/spider/sky-retint-production-v3/profile/PCSX2/memcards
[    0.0145] Logs Directory: /home/spider/sky-retint-production-v3/profile/PCSX2/logs
[    0.0145] Cheats Directory: /home/spider/sky-retint-production-v3/profile/PCSX2/cheats
[    0.0146] Patches Directory: /home/spider/sky-retint-production-v3/profile/PCSX2/patches
[    0.0146] Covers Directory: /home/spider/sky-retint-production-v3/profile/PCSX2/covers
[    0.0146] Game Settings Directory: /home/spider/sky-retint-production-v3/profile/PCSX2/gamesettings
[    0.0146] Resources Directory: /home/spider/tyrax2-debugger-linux-v1/squashfs-root/usr/bin/resources
[    0.0146] User Resources Directory: /home/spider/sky-retint-production-v3/profile/PCSX2/resources
[    0.0146] Cache Directory: /home/spider/sky-retint-production-v3/profile/PCSX2/cache
[    0.0146] Textures Directory: /home/spider/sky-retint-production-v3/profile/PCSX2/textures
[    0.0146] Input Profile Directory: /home/spider/sky-retint-production-v3/profile/PCSX2/inputprofiles
[    0.0146] Video Dumping Directory: /home/spider/sky-retint-production-v3/profile/PCSX2/videos
[    0.0146] Debugger Layouts Directory: /home/spider/sky-retint-production-v3/profile/PCSX2/inis/debuggerlayouts
[    0.0146] Debugger Settings Directory: /home/spider/sky-retint-production-v3/profile/PCSX2/inis/debuggersettings
[    0.0265] Loaded translation file for language en-US
[    0.0334] PCSX2 v2.9.93
[    0.0335] Savestate version: 0x9a590000
[    0.0335] 
[    0.0335] 
[    0.0335] Host Machine Init:
[    0.0336]   Operating System = Ubuntu 22.04
[    0.0336]   Available RAM    = 49166 MB (48.01 GB)
[    0.0336]   Physical RAM     = 50191 MB (49.02 GB)
[    0.0336] 
[    0.0336]   Processor        = AMD Ryzen Threadripper 1920X
[    0.0336]   Core Count       = 24 cores
[    0.0336]   Thread Count     = 24 threads
[    0.0336]   Cluster Count    = 1 clusters
[    0.0336] CPU Extensions Detected:
[    0.0336]   AVX AVX2
[    0.0336] 
[    0.0336] Allocating host memory for virtual systems...
[    0.0338]   EE Main Memory                   @ 0x00007F33AB200000 -> 0x00007F33B4100000 [143mb]
[    0.0338]   IOP Main Memory                  @ 0x00007F33B4100000 -> 0x00007F33BC200000 [129mb]
[    0.0339]   VU0/1 On-Chip Memory             @ 0x00007F33BC200000 -> 0x00007F33BC300000 [1mb]
[    0.0339]   VTLB Virtual Map                 @ 0x00007F33BC300000 -> 0x00007F33BCB00000 [8mb]
[    0.0339]   VTLB Address Map                 @ 0x00007F33BCB00000 -> 0x00007F33BCF00000 [4mb]
[    0.0339]   R5900 Recompiler Cache           @ 0x00007F33BCF00000 -> 0x00007F33C0F00000 [64mb]
[    0.0339]   R3000A Recompiler Cache          @ 0x00007F33C0F00000 -> 0x00007F33C2F00000 [32mb]
[    0.0339]   Micro VU0 Recompiler Cache       @ 0x00007F33C3F00000 -> 0x00007F33C7F00000 [64mb]
[    0.0339]   Micro VU1 Recompiler Cache       @ 0x00007F33C7F00000 -> 0x00007F33CBF00000 [64mb]
[    0.0339]   VIF0 Unpack Recompiler Cache     @ 0x00007F33C2F00000 -> 0x00007F33C3700000 [8mb]
[    0.0339]   VIF1 Unpack Recompiler Cache     @ 0x00007F33C3700000 -> 0x00007F33C3F00000 [8mb]
[    0.0339]   VIF Unpack Recompiler Cache      @ 0x00007F33CBF00000 -> 0x00007F33CC000000 [1mb]
[    0.0339]   GS Software Renderer             @ 0x00007F33CC000000 -> 0x00007F33D0000000 [64mb]
[    0.0354] Fastmem area: 0x7f32ab200000 - 0x7f33ab1fffff
[    0.0365] Generating SSE-optimized unpacking functions for VIF interpreters...
[    0.0368] Unpack function generation complete.  Generated function statistics:
[    0.0368]   Reserved buffer    : 1048576 bytes @ 0x00007F33CBF00000
[    0.0368]   x86 code generated : 7422 bytes
[    0.0368] 
[    0.0372] SDLInputSource: Using Controller DB from resources.
[    0.0557] SDLInputSource: 765 gamepad mappings are loaded.
[    0.0558] Invalid binding: 'XInput-0/DPadUp'
[    0.0558] Invalid binding: 'XInput-0/DPadRight'
[    0.0558] Invalid binding: 'XInput-0/DPadDown'
[    0.0558] Invalid binding: 'XInput-0/DPadLeft'
[    0.0558] Invalid binding: 'XInput-0/Y'
[    0.0558] Invalid binding: 'XInput-0/B'
[    0.0558] Invalid binding: 'XInput-0/A'
[    0.0558] Invalid binding: 'XInput-0/X'
[    0.0558] Invalid binding: 'XInput-0/Back'
[    0.0558] Invalid binding: 'XInput-0/Start'
[    0.0558] Invalid binding: 'XInput-0/LeftShoulder'
[    0.0558] Invalid binding: 'XInput-0/+LeftTrigger'
[    0.0559] Invalid binding: 'XInput-0/RightShoulder'
[    0.0559] Invalid binding: 'XInput-0/+RightTrigger'
[    0.0559] Invalid binding: 'XInput-0/LeftStick'
[    0.0559] Invalid binding: 'XInput-0/RightStick'
[    0.0559] Invalid binding: 'XInput-0/Guide'
[    0.0559] Invalid binding: 'XInput-0/-LeftY'
[    0.0559] Invalid binding: 'XInput-0/+LeftX'
[    0.0559] Invalid binding: 'XInput-0/+LeftY'
[    0.0559] Invalid binding: 'XInput-0/-LeftX'
[    0.0559] Invalid binding: 'XInput-0/-RightY'
[    0.0559] Invalid binding: 'XInput-0/+RightX'
[    0.0559] Invalid binding: 'XInput-0/+RightY'
[    0.0559] Invalid binding: 'XInput-0/-RightX'
[    0.0564] Settings: Advanced Settings are enabled; only proceed if you know what you're doing! No support will be provided if you have the option enabled.
[    0.1011] Scanning F:\PS2\Games (recursively)
[    0.1045] Loading BIOS...
[    0.1157] BIOS Found: Europe  v02.00(14/06/2004)  Console 20040614-100914
[    0.1656] Mechacon version: 0x00020603
[    0.1668] Opening CDVD...
[    0.1961] Initializing Elf: 4623932 bytes
[    0.1972] Disc changed to .
[    0.1972]   Name: vehicle-playground [?]
[    0.1972]   Serial: vehicle-playground
[    0.1972]   Version: 
[    0.1972]   CRC: B0DA114E
[    0.1972] No game settings found (tried '/home/spider/sky-retint-production-v3/profile/PCSX2/gamesettings/B0DA114E.ini')
[    0.1972] Applying settings...
[    0.1975] Invalid binding: 'XInput-0/DPadUp'
[    0.1975] Invalid binding: 'XInput-0/DPadRight'
[    0.1975] Invalid binding: 'XInput-0/DPadDown'
[    0.1976] Invalid binding: 'XInput-0/DPadLeft'
[    0.1976] Invalid binding: 'XInput-0/Y'
[    0.1976] Invalid binding: 'XInput-0/B'
[    0.1976] Invalid binding: 'XInput-0/A'
[    0.1976] Invalid binding: 'XInput-0/X'
[    0.1976] Invalid binding: 'XInput-0/Back'
[    0.1976] Invalid binding: 'XInput-0/Start'
[    0.1976] Invalid binding: 'XInput-0/LeftShoulder'
[    0.1976] Invalid binding: 'XInput-0/+LeftTrigger'
[    0.1976] Invalid binding: 'XInput-0/RightShoulder'
[    0.1976] Invalid binding: 'XInput-0/+RightTrigger'
[    0.1976] Invalid binding: 'XInput-0/LeftStick'
[    0.1976] Invalid binding: 'XInput-0/RightStick'
[    0.1976] Invalid binding: 'XInput-0/Guide'
[    0.1976] Invalid binding: 'XInput-0/-LeftY'
[    0.1976] Invalid binding: 'XInput-0/+LeftX'
[    0.1976] Invalid binding: 'XInput-0/+LeftY'
[    0.1976] Invalid binding: 'XInput-0/-LeftX'
[    0.1976] Invalid binding: 'XInput-0/-RightY'
[    0.1976] Invalid binding: 'XInput-0/+RightX'
[    0.1976] Invalid binding: 'XInput-0/+RightY'
[    0.1976] Invalid binding: 'XInput-0/-RightX'
[    0.1978] GameDB: Has not been initialized yet, initializing...
[    0.2465] GameDB: 12841 games on record (loaded in 48.62ms)
[    0.2489] Reopening memory cards...
[    0.2489] (FileMcd) Creating new 8MB memory card: /home/spider/sky-retint-production-v3/profile/PCSX2/memcards/Mcd001.ps2
[    0.2586] McdSlot 0 [File]: Mcd001.ps2 [8 MB, UNFORMATTED]
[    0.2586] McdSlot 1 [File]: [disabled/empty filename]
[    0.2670] HLE Host: Set 'host:' root path to: /mnt/f/Projects/tyrax2-lab-20261001/sky-retint-production-vehicle-v1/game/bin
[    0.2675] EE/iR5900 Recompiler Reset
[    0.3036] iR3000A Recompiler reset.
[    0.3130] mVU Reset
[    0.3136] mVU Reset
[    0.3185] Resetting host memory for virtual systems...
[    0.5449] Time Zone Offset: GMT+01:00
[    0.5449] Time Zone Location: Berlin
[    0.5449] DST: Winter Time
[    0.5449] Time Format: 24-Hour
[    0.5449] Date Format: DD/MM/YYYY
[    0.5449] System Time Basis: Operating System Time
[    0.5450] Resulting System Time: 2026-10-05 22:40:22
[    0.5450] Close virtual disk tray
[    0.5450] Media already loaded (fast boot)
[    0.5450] Opening GS...
[    0.5806] VK: Enabling extension: VK_KHR_get_surface_capabilities2
[    0.5912] Using Vulkan GPU 'llvmpipe (LLVM 15.0.7, 256 bits)' for automatic renderer check.
[    0.5913] Not using Vulkan for software renderer.
[    0.5914] acquireRenderWindow() recreate=true fullscreen=false render_to_main=false surfaceless=false
[    0.5958] (GetRefreshRateFromXRandR) Modeline is invalid: 0/0/0
[    0.5958] Surface refresh rate: 60 Hz
[    0.5960] Loading EGL from libEGL.so...
[    0.5975] GLAD EGL Version: 1.0
[    0.5975] Using EGL platform EGL_EXT_platform_x11.
[    0.6065] eglInitialize() version: 1.5
[    0.6066] GLAD EGL Version: 1.5
[    0.6066] Trying GL version 4.6
[    0.6067] eglCreateContext() failed: 0x3009
[    0.6067] Trying GL version 4.5
[    0.6180] Got GL version 4.5
[    0.6181] EGL_MIN_SWAP_INTERVAL = 1
[    0.6181] EGL_MAX_SWAP_INTERVAL = 1
[    0.6181] Negative swap interval/tear-control is NOT supported
[    0.6207] GL_VENDOR: Mesa
[    0.6207] GL_VERSION: 4.5 (Core Profile) Mesa 23.2.1-1ubuntu3.1~22.04.4
[    0.6207] GL_RENDERER: llvmpipe (LLVM 15.0.7, 256 bits)
[    0.6207] GL_SHADING_LANGUAGE_VERSION: 4.50
[    0.6208] GL_MAX_VERTEX_SHADER_STORAGE_BLOCKS: 16
[    0.6208] GL: Viewport Array:            Supported       => Using: GL_ARB_viewport_array
[    0.6208] GL: Direct State Access:       Supported       => Using: OpenGL 4.5 Core
[    0.6208] GL: Copy Image:                Supported       => Using: OpenGL 4.3 Core
[    0.6208] GL: Clip Control:              Supported       => Using: OpenGL 4.5 Core
[    0.6208] GL: Conservative Depth:        Supported       => Using: OpenGL 4.2 Core
[    0.6208] GL: CAS Sharpening:            Supported       => Using: OpenGL 4.2 Core
[    0.6208] GL: Texture Barriers:          Auto            => Using: Framebuffer Fetch
[    0.6208] GL: RGBA16 HW Blending:        Supported       => Using: RGBA16 UNORM
[    0.6208] GL: Point Expansion:           Supported       => Using: Hardware
[    0.6208] GL: Line Expansion:            Fallback        => Using: Vertex Expansion
[    0.6208] GL: Sprite Expansion:          Supported       => Using: Vertex Expansion
[    0.6208] GL: DXTn Texture Compression:  Supported       => Using: GL_EXT_texture_compression_s3tc
[    0.6208] GL: BC6/7 Texture Compression: Supported       => Using: OpenGL 4.2 Core
[    0.6231] 1 program binary formats supported by driver
[    0.6566] Program binary retrieved, 4105 bytes, format 34655
[    0.6570] Program binary retrieved, 4121 bytes, format 34655
[    0.6574] Program binary retrieved, 4249 bytes, format 34655
[    0.6578] Program binary retrieved, 4013 bytes, format 34655
[    0.6581] Program binary retrieved, 4013 bytes, format 34655
[    0.6585] Program binary retrieved, 4017 bytes, format 34655
[    0.6589] Program binary retrieved, 4017 bytes, format 34655
[    0.6592] Program binary retrieved, 4185 bytes, format 34655
[    0.6596] Program binary retrieved, 4217 bytes, format 34655
[    0.6600] Program binary retrieved, 4137 bytes, format 34655
[    0.6604] Program binary retrieved, 4125 bytes, format 34655
[    0.6608] Program binary retrieved, 4121 bytes, format 34655
[    0.6613] Program binary retrieved, 4253 bytes, format 34655
[    0.6619] Program binary retrieved, 4237 bytes, format 34655
[    0.6624] Program binary retrieved, 4245 bytes, format 34655
[    0.6627] Program binary retrieved, 4261 bytes, format 34655
[    0.6632] Program binary retrieved, 4965 bytes, format 34655
[    0.6637] Program binary retrieved, 4981 bytes, format 34655
[    0.6643] Program binary retrieved, 4261 bytes, format 34655
[    0.6646] Program binary retrieved, 4277 bytes, format 34655
[    0.6652] Program binary retrieved, 5005 bytes, format 34655
[    0.6657] Program binary retrieved, 5021 bytes, format 34655
[    0.6660] Program binary retrieved, 4257 bytes, format 34655
[    0.6665] Program binary retrieved, 4273 bytes, format 34655
[    0.6670] Program binary retrieved, 5001 bytes, format 34655
[    0.6675] Program binary retrieved, 5017 bytes, format 34655
[    0.6678] Program binary retrieved, 4277 bytes, format 34655
[    0.6682] Program binary retrieved, 4293 bytes, format 34655
[    0.6688] Program binary retrieved, 5057 bytes, format 34655
[    0.6693] Program binary retrieved, 5073 bytes, format 34655
[    0.6697] Program binary retrieved, 4153 bytes, format 34655
[    0.6701] Program binary retrieved, 4169 bytes, format 34655
[    0.6705] Program binary retrieved, 4233 bytes, format 34655
[    0.6710] Program binary retrieved, 5781 bytes, format 34655
[    0.6714] Program binary retrieved, 5373 bytes, format 34655
[    0.6720] Program binary retrieved, 6389 bytes, format 34655
[    0.6725] Program binary retrieved, 4917 bytes, format 34655
[    0.6729] Program binary retrieved, 4845 bytes, format 34655
[    0.6734] Program binary retrieved, 4997 bytes, format 34655
[    0.6738] Program binary retrieved, 4101 bytes, format 34655
[    0.6767] Program binary retrieved, 4137 bytes, format 34655
[    0.6799] Program binary retrieved, 4109 bytes, format 34655
[    0.6804] Program binary retrieved, 5389 bytes, format 34655
[    0.6810] Program binary retrieved, 5829 bytes, format 34655
[    0.6814] Program binary retrieved, 5857 bytes, format 34655
[    0.6818] Program binary retrieved, 4289 bytes, format 34655
[    0.6844] Program binary retrieved, 21205 bytes, format 34655
[    0.6848] Program binary retrieved, 4765 bytes, format 34655
[    0.6852] Program binary retrieved, 5685 bytes, format 34655
[    0.6855] Program binary retrieved, 4141 bytes, format 34655
[    0.6858] Program binary retrieved, 4537 bytes, format 34655
[    0.6862] Program binary retrieved, 4889 bytes, format 34655
[    0.6865] Program binary retrieved, 4117 bytes, format 34655
[    0.6868] Program binary retrieved, 4741 bytes, format 34655
[    0.6872] Program binary retrieved, 4965 bytes, format 34655
[    0.6878] Program binary retrieved, 6613 bytes, format 34655
[    0.6882] Program binary retrieved, 4797 bytes, format 34655
[    0.6897] Program binary retrieved, 13085 bytes, format 34655
[    0.6958] Program binary retrieved, 7285 bytes, format 34655
[    0.7017] Program binary retrieved, 5497 bytes, format 34655
[    0.7021] Program binary retrieved, 4141 bytes, format 34655
[    0.7025] Program binary retrieved, 4141 bytes, format 34655
[    0.7029] Program binary retrieved, 4145 bytes, format 34655
[    0.7033] Program binary retrieved, 4145 bytes, format 34655
[    0.7441] Program binary retrieved, 5369 bytes, format 34655
[    0.7455] OpenGL Graphics Driver Info:
[    0.7455] OpenGL Context:
[    0.7455] 4.5 (Core Profile) Mesa 23.2.1-1ubuntu3.1~22.04.4
[    0.7456] Mesa llvmpipe (LLVM 15.0.7, 256 bits)
[    0.7456] GLSL: 4.50
[    0.7485] Processor count: 24 cores, 24 processors, 1 clusters
[    0.7486] Ordered processor list: 12, 23, 22, 21, 20, 19, 18, 17, 16, 15, 14, 13, 0, 11, 10, 9, 8, 7, 6, 5, 4, 3, 2, 1
[    0.7486] Not pinning SW threads, we need 4 processors, but only have 0
[    0.7490] Opening SPU2...
[    0.7498] Creating Null audio stream, sample rate = 48000, expansion = Disabled, buffer = 50, latency = 32, stretching enabled, driver = wasapi, device = 
[    0.7498] Allocated buffer of 2432 frames for buffer of 50 ms [expansion Disabled (block size 2048), stretch disabled, target size 2432].
[    0.7498] Initializing Pad...
[    0.7498] Initializing SIO2...
[    0.7498] Initializing SIO0...
[    0.7498] Opening DEV9...
[    0.7498] DEV9: DEV9init
[    0.7505] DEV9: DEV9init2
[    0.7505] DEV9: DEV9init3
[    0.7534] DEV9: DEV9init ok
[    0.7534] DEV9: DEV9open
[    0.7534] Opening USB...
[    0.7534] Opening FW...
[    0.7537] Frame rate: 59.94, target speed: 1, target frame rate: 59.94, ticks per frame: 16683350
[    0.7571] VM subsystems initialized in 652.76 ms
[    0.7590] MultiPause time: 142ns
[    0.7601] MultiPause time: 142ns
[    0.7601] MultiPause time: 142ns
[    0.7602] MultiPause time: 182ns
[    0.7671] Failed to inhibit screen saver.
[    0.7671] Processor order assignment: EE=12, VU=23, GS=22
[    0.7671]   EE thread is on processor 12 (0x1000)
[    0.7672]   VU thread is on processor 23 (0x800000)
[    0.7672]   GS thread is on processor 22 (0x400000)
[    0.7759] Failed to inhibit screen saver.
[    0.8008] # Initialize memory (rev:3.70, ctm:197Mhz, cpuclk:147Mhz detected)
[    0.8089] R3000 Debugger: Branch to 0x890 (SYSMEM). Clearing modules.
[    0.8104] RegisterLibraryEntries: excepman version 1.01
[    0.8113] RegisterLibraryEntries:  intrman version 1.02
[    0.8115] RegisterLibraryEntries:   ssbusc version 1.01
[    0.8119] RegisterLibraryEntries:  dmacman version 1.02
[    0.8123] RegisterLibraryEntries:  timrman version 1.01
[    0.8126] RegisterLibraryEntries:  sysclib version 1.01
[    0.8127] RegisterLibraryEntries:    stdio version 1.01
[    0.8128] RegisterLibraryEntries:  heaplib version 1.01
[    0.8136] FW: read mem 0x1f80847c: 0x10000001
[    0.8136] FW: write mem 0x1f808414: 0x417f0000
[    0.8136] FW: read mem 0x1f808400: 0xffc00001
[    0.8136] FW: write mem 0x1f80844c: 0xffffffff
[    0.8136] FW: write mem 0x1f808420: 0xffffffff
[    0.8136] FW: write mem 0x1f808428: 0xffffffff
[    0.8136] FW: write mem 0x1f808430: 0xffffffff
[    0.8149] RegisterLibraryEntries:   thbase version 1.01
[    0.8150] RegisterLibraryEntries:  thevent version 1.01
[    0.8150] RegisterLibraryEntries:  thsemap version 1.01
[    0.8150] RegisterLibraryEntries:  thmsgbx version 1.01
[    0.8151] RegisterLibraryEntries:  thfpool version 1.01
[    0.8151] RegisterLibraryEntries:  thvpool version 1.01
[    0.8159] RegisterLibraryEntries:   vblank version 1.01
[    0.8163] RegisterLibraryEntries:    ioman version 1.02
[    0.8171] RegisterLibraryEntries:  modload version 1.01
[    0.8174] RegisterLibraryEntries:   romdrv version 2.01
[    0.8176] RegisterLibraryEntries:    stdio version 1.02
[    0.8180] RegisterLibraryEntries:   sifman version 1.01
[    0.8184] 
[    0.8184] PlayStation 2 ======== Hard reset boot
[    0.8186]  ROMGEN=2004-0614, IOP info (CPUID=1f, CACH_CONFIG=0, 2MB, IOP mode)
[    0.8187]  <20040614-100914,ROMconf,PS20200EC20040614.bin:11696>
[    0.8276] # Total accessable memory size: 32 MB (B:2:8:0) (370:2:7c30)
[    0.8286] # TLB spad=0 kernel=1:12 default=13:30 extended=31:38
[    0.8899] # Initialize Start.
[    0.8904] # Initialize GS ...
[    0.8904] # Initialize INTC ...
[    0.8904] # Initialize TIMER ...
[    0.8905] # Initialize DMAC ...
[    0.8906] # Initialize VU1 ...
[    0.8909] # Initialize VIF1 ...
[    0.8910] # Initialize GIF ...
[    0.8910] # Initialize VU0 ...
[    0.8912] # Initialize VIF0 ...
[    0.8912] # Initialize IPU ...
[    0.8913] # Initialize FPU ...
[    0.8914] # Initialize User Memory ...
[    0.9457] # Initialize Scratch Pad ...
[    0.9458] # Initialize Done.
[    0.9466] 
[    0.9466] EE DECI2 Manager version 0.06 Feb  6 2003 08:38:48
[    0.9466]   CPUID=2e20, BoardID=0, ROMGEN=2004-0614, 32M
[    0.9466] 
[    0.9469] RegisterLibraryEntries:   sifcmd version 1.01
[    0.9775] Initializing Elf: 4623932 bytes
[    0.9809] ELF Loading: host:vehicle-playground.elf, Game CRC = B0DA114E, EntryPoint = 0x00100E78
[    0.9842] RegisterLibraryEntries:  cdvdman version 1.01
[    0.9906] RegisterLibraryEntries:  cdvdfsv version 1.01
[    0.9923] RegisterLibraryEntries:  secrman version 1.03
[    0.9925] RegisterLibraryEntries:   eesync version 1.01
[    0.9926] 
[    0.9926] IOP Realtime Kernel Ver.0.9.1
[    0.9926]     Copyright 1999 (C) Sony Computer Entertainment Inc. 
[    0.9932] Reboot service module.(99/11/10)
[    0.9953] cdvd driver module version 0.1.1 (C)SCEI
[    0.9958] Load File service.(99/11/05)
[    0.9958] Multi Threaded Fileio module.(99/11/15) 
[    0.9959] iop heap service (99/11/03)
[    1.0209] loadelf: fname host:vehicle-playground.elf secname all
[    1.0210] loadelf version 3.30
[    1.0240] Input ELF format filename = host:vehicle-playground.elf
[    1.0683] 1 00100000 0041c8bc ..................................................................
[    1.0684] Loaded, host:vehicle-playground.elf
[    1.0685] start address 0x100e78
[    1.0685] gp address 00000000
[    1.0694] # Restart Without Memory Clear.
[    1.0751] # Initialize GS ...
[    1.0752] # Initialize INTC ...
[    1.0752] # Initialize TIMER ...
[    1.0752] # Initialize DMAC ...
[    1.0752] # Initialize VU1 ...
[    1.0757] # Initialize VIF1 ...
[    1.0757] # Initialize GIF ...
[    1.0757] # Initialize VU0 ...
[    1.0757] # Initialize VIF0 ...
[    1.0757] # Initialize IPU ...
[    1.0758] # Initialize FPU ...
[    1.0758] # Initialize Scratch Pad ...
[    1.0758] # Restart Without Memory Clear Done.
[    1.0759] ELF host:vehicle-playground.elf with entry point at 0x00100E78 is executing.
[    1.0759] ELF changed, active CRC B0DA114E (host:vehicle-playground.elf)
[    1.0762] Applying core settings...
[    1.0766] Updating CPU configuration...
[    1.0766] iR3000A Recompiler reset.
[    1.0798] mVU Reset
[    1.0799] mVU Reset
[    1.0951] iR3000A Recompiler reset.
[    1.0985] mVU Reset
[    1.0985] mVU Reset
[    1.1026] EE/iR5900 Recompiler Reset
[    1.1171] BIOS: Successfully found the instruction pattern. Assuming the thread list is here: 8001a640
[    1.1196] Warning: GetOsdConfigParam2 Reading extended language/version configs, may be incorrect!
[    1.1304] read/write allocate memory 4000
[    1.1305] open name host:/ps2link.run flag 1 data 41378
[    1.1319] open fd = -5
[    1.1350] Get Reboot Request From EE
[    1.1363] R3000 Debugger: Branch to 0x890 (SYSMEM). Clearing modules.
[    1.1382] RegisterLibraryEntries: excepman version 1.01
[    1.1393] RegisterLibraryEntries:  intrman version 1.02
[    1.1395] RegisterLibraryEntries:   ssbusc version 1.01
[    1.1401] RegisterLibraryEntries:  dmacman version 1.02
[    1.1407] RegisterLibraryEntries:  timrman version 1.01
[    1.1411] RegisterLibraryEntries:  sysclib version 1.01
[    1.1412] RegisterLibraryEntries:    stdio version 1.01
[    1.1414] RegisterLibraryEntries:  heaplib version 1.01
[    1.1437] RegisterLibraryEntries:   thbase version 1.01
[    1.1437] RegisterLibraryEntries:  thevent version 1.01
[    1.1438] RegisterLibraryEntries:  thsemap version 1.01
[    1.1438] RegisterLibraryEntries:  thmsgbx version 1.01
[    1.1438] RegisterLibraryEntries:  thfpool version 1.01
[    1.1439] RegisterLibraryEntries:  thvpool version 1.01
[    1.1448] RegisterLibraryEntries:   vblank version 1.01
[    1.1453] RegisterLibraryEntries:    ioman version 1.02
[    1.1463] RegisterLibraryEntries:  modload version 1.01
[    1.1519] RegisterLibraryEntries:   romdrv version 2.01
[    1.1523] RegisterLibraryEntries:    stdio version 1.02
[    1.1528] RegisterLibraryEntries:   sifman version 1.01
[    1.1532] 
[    1.1532] PlayStation 2 ======== Soft reboot
[    1.1539] RegisterLibraryEntries:   sifcmd version 1.01
[    1.1575] RegisterLibraryEntries:  cdvdman version 1.01
[    1.1591] RegisterLibraryEntries:  cdvdfsv version 1.01
[    1.1654] RegisterLibraryEntries:  secrman version 1.03
[    1.1656] RegisterLibraryEntries:   eesync version 1.01
[    1.1657] 
[    1.1657] IOP Realtime Kernel Ver.0.9.1
[    1.1657]     Copyright 1999 (C) Sony Computer Entertainment Inc. 
[    1.1662] Reboot service module.(99/11/10)
[    1.1681] [EE] Skipping timeout loop at 0x002F72E0 -> 0x002F7300
[    1.1681] cdvd driver module version 0.1.1 (C)SCEI
[    1.1685] Load File service.(99/11/05)
[    1.1686] Multi Threaded Fileio module.(99/11/15) 
[    1.1686] iop heap service (99/11/03)
[    1.1891] RegisterLibraryEntries:   iomanx version 1.01
[    1.1903] fileXio: fileXio: fileXio RPC Server v1.00
[    1.1903] Copyright (c) 2003 adresd
[    1.1906] RegisterLibraryEntries:  sio2man version 2.07
[    1.1906] RegisterLibraryEntries:  sio2man version 1.02
[    1.1913] RegisterLibraryEntries:   padman version 1.02
[    1.1915] Pad Driver for OSD
[    1.1919] FREESD v1.01
[    1.1920] RegisterLibraryEntries:    libsd version 1.04
[    1.2038] debug_level = 1 (ps2snd 0.1
[    1.2048] read/write allocate memory 4000
[    1.2049] open name host:/log.txt flag 302 data 41378
[    1.2066] open fd = 256
[    1.2108] greetings from version 0.93 !
[    1.2108] RegisterLibraryEntries:   audsrv version 1.04
[    1.2109] audsrv_adpcm_init()
[    1.2113] open name host:/log.txt flag 302 data 41378
[    1.2127] open fd = 256
[    1.2146] open name host:/log.txt flag 302 data 41378
[    1.2167] open fd = 256
[    1.2195] open name host:/log.txt flag 302 data 41378
[    1.2210] open fd = 256
[    1.2225] UpdateVSyncRate: Mode Changed to SDTV 480p.
[    1.2225] Frame rate: 59.94, target speed: 1, target frame rate: 59.94, ticks per frame: 16683350
[    1.2225] Set GS CRTC configuration. SDTV   720x480 @ 59.94 Progressive (FRAME)
[    1.2234] open name host:/log.txt flag 302 data 41378
[    1.2249] open fd = 256
[    1.2270] open name host:/log.txt flag 302 data 41378
[    1.2284] open fd = 256
[    1.2298] open name host:/log.txt flag 302 data 41378
[    1.2313] open fd = 256
[    1.2333] open name host:/log.txt flag 302 data 41378
[    1.2349] open fd = 256
[    1.2366] open name host:/log.txt flag 302 data 41378
[    1.2384] open fd = 256
[    1.2400] open name host:/log.txt flag 302 data 41378
[    1.2415] open fd = 256
[    1.2432] open name host:/log.txt flag 302 data 41378
[    1.2446] open fd = 256
[    1.2461] open name host:/log.txt flag 302 data 41378
[    1.2476] open fd = 256
[    1.2496] open name host:/log.txt flag 302 data 41378
[    1.2511] open fd = 256
[    1.2529] open name host:/log.txt flag 302 data 41378
[    1.2543] open fd = 256
[    3.3259] 
[    3.3261] -----------------------------------------
[    3.3261]         _____        ____   ___
[    3.3262]           |     /   ____| |___|
[    3.3262]           |     |   |     |   |
[    3.3263] -----------------------------------------
[    3.3264] Copyright 2022
[    3.3264] Repository: https://github.com/h4570/tyra
[    3.3265] Licensed under Apache License 2.0
[    3.3269] Version: 2.2.0
[    3.3269] -----------------------------------------
[    3.3269] 
[    3.4924] open name host:/log.txt flag 302 data 41378
[    3.4942] open fd = 256
[    3.4962] open name host:/log.txt flag 302 data 41378
[    3.4977] open fd = 256
[    3.4998] audsrv_adpcm_init()
[    3.5011] open name host:/log.txt flag 302 data 41378
[    3.5028] open fd = 256
[    3.5046] [EE] Skipping timeout loop at 0x00102F60 -> 0x00102F80
[    3.5266] open name host:/log.txt flag 302 data 41378
[    3.5284] open fd = 256
[    3.5303] open name host:/log.txt flag 302 data 41378
[    3.5319] open fd = 256
[    3.5340] Curent pad(0,0) status: EXECCMD
[    3.7247] Pad: DS2 Config Finished - P1/S1 - AL: Off - AB: Usable - VS: Disabled - VL: Disabled - RB: D (0x00000000)
[    3.7581] open name host:/log.txt flag 302 data 41378
[    3.7602] open fd = 256
[    3.7621] open name host:/log.txt flag 302 data 41378
[    3.7636] open fd = 256
[    3.7653] open name host:/log.txt flag 302 data 41378
[    3.7668] open fd = 256
[    3.7689] Curent pad(0,0) status: EXECCMD
[    3.8247] Pad: DS2 Config Finished - P1/S1 - AL: On - AB: Locked - VS: Disabled - VL: Disabled - RB: D (0x00000000)
[    4.0250] Pad: DS2 Config Finished - P1/S1 - AL: On - AB: Locked - VS: Disabled - VL: Disabled - RB: D (0x00000000)
[    4.0585] open name host:/log.txt flag 302 data 41378
[    4.0604] open fd = 256
[    4.0621] open name host:/log.txt flag 302 data 41378
[    4.0636] open fd = 256
[    4.0652] open name host:/log.txt flag 302 data 41378
[    4.0669] open fd = 256
[    4.0685] Curent pad(0,0) status: EXECCMD
[    4.3250] Pad: DS2 Config Finished - P1/S1 - AL: On - AB: Locked - VS: Disabled - VL: Disabled - RB: D+A+P (0x0003FFFF)
[    4.5253] Pad: DS2 Config Finished - P1/S1 - AL: On - AB: Locked - VS: Disabled - VL: Disabled - RB: D+A+P (0x0003FFFF)
[    4.5592] open name host:/log.txt flag 302 data 41378
[    4.5610] open fd = 256
[    4.5631] open name host:/log.txt flag 302 data 41378
[    4.5647] open fd = 256
[    4.5665] open name host:/log.txt flag 302 data 41378
[    4.5682] open fd = 256
[    4.5698] open name host:/log.txt flag 302 data 41378
[    4.5715] open fd = 256
[    4.5730] Curent pad(0,0) status: EXECCMD
[    4.6252] Pad: DS2 Config Finished - P1/S1 - AL: On - AB: Locked - VS: Normal - VL: Normal - RB: D+A+P (0x0003FFFF)
[    4.6428] open name host:/log.txt flag 302 data 41378
[    4.6447] open fd = 256
[    4.6463] open name host:/log.txt flag 302 data 41378
[    4.6478] open fd = 256
[    4.6545] open name host:/log.txt flag 302 data 41378
[    4.6564] open fd = 256
[    4.6585] open name host:/log.txt flag 302 data 41378
[    4.6604] open fd = 256
[    4.6625] open name host:/log.txt flag 302 data 41378
[    4.6640] open fd = 256
[    4.6703] loadmodule: fname rom0:XMCMAN args 0 arg 
[    4.6804] RegisterLibraryEntries:    mcman version 2.03
[    4.6812] loadmodule: id 32, ret 0
[    4.6813] loadmodule: fname rom0:XMCSERV args 0 arg 
[    4.6816] RegisterLibraryEntries:   mcserv version 1.01
[    4.6817] loadmodule: id 33, ret 0
[    4.6819] [EE] Skipping timeout loop at 0x00104BF0 -> 0x00104C10
[    5.0612] (FileMcd) Warning: checksum sector overwritten. (0)
[    5.0612] OSD [MemoryCardSave0]: Memory Card 'Mcd001.ps2' was saved to storage.
[    5.5291] (FileMcd) Warning: checksum sector overwritten. (0)
[    5.6449] open name host:/save/icon.sys flag 1 data 41378
[    5.6474] open fd = 256
[    5.7165] open name host:/save/list.icn flag 1 data 41378
[    5.7190] open fd = 256
[    5.8840] open name host:/log.txt flag 302 data 41378
[    5.8857] open fd = 256
[    5.8875] open name host:/log.txt flag 302 data 41378
[    5.8892] open fd = 256
[    5.8998] open name host:/menus/save.png flag 1 data 41378
[    5.9020] open fd = 256
[    5.9327] open name host:/hud/save-cursor.png flag 1 data 41378
[    5.9349] open fd = 256
[    5.9445] open name host:/hud/save-used.png flag 1 data 41378
[    5.9465] open fd = 256
[    5.9497] open name host:/hud/save-saved.png flag 1 data 41378
[    5.9517] open fd = 256
[    5.9552] open name host:/hud/save-loaded.png flag 1 data 41378
[    5.9571] open fd = 256
[    5.9601] open name host:/hud/save-error.png flag 1 data 41378
[    5.9619] open fd = 256
[    5.9707] open name host:/hud/save-busy.png flag 1 data 41378
[    5.9728] open fd = 256
[    5.9982] open name host:/hud/save-spinner.png flag 1 data 41378
[    6.0010] open fd = 256
[    6.0120] open name host:/menus/save.png flag 1 data 41378
[    6.0140] open fd = 256
[    6.0464] open name host:/menus/district-pause.png flag 1 data 41378
[    6.0489] open fd = 256
[    6.0797] open name host:/menus/district-pause-values.png flag 1 data 41378
[    6.0819] open fd = 256
[    6.0952] open name host:/hud/save-cursor.png flag 1 data 41378
[    6.0972] open fd = 256
[    6.1000] open name host:/hud/save-cursor.png flag 1 data 41378
[    6.1020] open fd = 256
[    6.1040] open name host:/hud/save-cursor.png flag 1 data 41378
[    6.1059] open fd = 256
[    6.1081] open name host:/hud/menu-dim.png flag 1 data 41378
[    6.1107] open fd = 256
[    6.1134] open name host:/hud/flare-corona.png flag 1 data 41378
[    6.1154] open fd = 256
[    6.1288] open name host:/hud/flashlight-gobo.png flag 1 data 41378
[    6.1312] open fd = 256
[    6.1442] open name host:/hud/flare-glow.png flag 1 data 41378
[    6.1463] open fd = 256
[    6.1566] open name host:/hud/sun-disc.png flag 1 data 41378
[    6.1590] open fd = 256
[    6.1626] open name host:/hud/moon-disc.png flag 1 data 41378
[    6.1655] open fd = 256
[    6.1963] open name host:/hud/use-text.png flag 1 data 41378
[    6.1987] open fd = 256
[    6.2019] open name host:/hud/pick-text.png flag 1 data 41378
[    6.2040] open fd = 256
[    6.2068] open name host:/sfx/engine_idle.adpcm flag 1 data 41378
[    6.2087] open fd = 256
[    6.2242] open name host:/log.txt flag 302 data 41378
[    6.2257] open fd = 256
[    6.2274] open name host:/sfx/engine_high.adpcm flag 1 data 41378
[    6.2294] open fd = 256
[    6.2455] open name host:/log.txt flag 302 data 41378
[    6.2473] open fd = 256
[    6.2490] open name host:/sfx/tires_screech.adpcm flag 1 data 41378
[    6.2510] open fd = 256
[    6.2556] open name host:/log.txt flag 302 data 41378
[    6.2570] open fd = 256
[    6.2583] open name host:/sfx/gear-shift.adpcm flag 1 data 41378
[    6.2602] open fd = 256
[    6.2627] open name host:/log.txt flag 302 data 41378
[    6.2642] open fd = 256
[    6.2715] open name host:/hardware-trace.cfg flag 1 data 41378
[    6.2726] open fd = -5
[    6.2735] open name host:/livepad.bin flag 1 data 41378
[    6.2745] open fd = -5
[    6.2748] LOG: SKYMOTION scene=0 generation=0 stage=0 enabled=1
[    6.2752] open name host:/launch.scene flag 1 data 41378
[    6.2762] open fd = -5
[    6.2766] open name host:/hud/loading.png flag 1 data 41378
[    6.2792] open fd = 256
[    6.2852] FRAMEARENA allocated=1 bytes=1048576
[    6.2897] open name host:/log.txt flag 302 data 41378
[    6.2914] open fd = 256
[    6.2931] open name host:/livepad.bin flag 1 data 41378
[    6.2940] open fd = -5
[    6.3038] open name host:/livepad.bin flag 1 data 41378
[    6.3049] open fd = -5
[    6.3179] open name host:/livepad.bin flag 1 data 41378
[    6.3193] open fd = -5
[    6.3322] open name host:/livepad.bin flag 1 data 41378
[    6.3335] open fd = -5
[    6.3494] open name host:/vehicles/veh-ravager000001-shadow.png flag 1 data 41378
[    6.3519] open fd = 256
[    6.3531] open name host:/vehicles/veh-ravager000001-shadow.png flag 1 data 41378
[    6.3551] open fd = 256
[    6.3692] open name host:/vehicles/veh-pica00000001-shadow.png flag 1 data 41378
[    6.3714] open fd = 256
[    6.3722] open name host:/vehicles/veh-pica00000001-shadow.png flag 1 data 41378
[    6.3742] open fd = 256
[    6.3791] open name host:/vehicles/veh-strix0000001-shadow.png flag 1 data 41378
[    6.3812] open fd = 256
[    6.3820] open name host:/vehicles/veh-strix0000001-shadow.png flag 1 data 41378
[    6.3840] open fd = 256
[    6.3960] open name host:/shadowatlas/scene0-0.png flag 1 data 41378
[    6.3982] open fd = 256
[    6.3992] open name host:/shadowatlas/scene0-0.png flag 1 data 41378
[    6.4017] open fd = 256
[    6.4162] open name host:/shadowatlas/scene0-1.png flag 1 data 41378
[    6.4188] open fd = 256
[    6.4197] open name host:/shadowatlas/scene0-1.png flag 1 data 41378
[    6.4216] open fd = 256
[    6.4361] open name host:/textures/district-ground.png flag 1 data 41378
[    6.4388] open fd = 256
[    6.4397] open name host:/textures/district-ground.png flag 1 data 41378
[    6.4417] open fd = 256
[    6.4630] open name host:/materials/district-asphalt.mtl flag 1 data 41378
[    6.4652] open fd = 256
[    6.4718] open name host:/textures/district-asphalt.png flag 1 data 41378
[    6.4740] open fd = 256
[    6.4747] open name host:/textures/district-asphalt.png flag 1 data 41378
[    6.4766] open fd = 256
[    6.4915] open name host:/materials/district-sign.mtl flag 1 data 41378
[    6.4938] open fd = 256
[    6.4958] open name host:/textures/district-sign.png flag 1 data 41378
[    6.4981] open fd = 256
[    6.4990] open name host:/textures/district-sign.png flag 1 data 41378
[    6.5010] open fd = 256
[    6.5046] open name host:/materials/night-warm.mtl flag 1 data 41378
[    6.5068] open fd = 256
[    6.5094] open name host:/materials/night-cyan.mtl flag 1 data 41378
[    6.5113] open fd = 256
[    6.5132] open name host:/materials/night-pink.mtl flag 1 data 41378
[    6.5152] open fd = 256
[    6.5177] open name host:/models/urban/district-workshop.tmdl flag 1 data 41378
[    6.5202] open fd = 256
[    6.5244] open name host:/models/urban/Textures/district-facades.png flag 1 data 41378
[    6.5274] open fd = 256
[    6.5285] open name host:/models/urban/Textures/district-facades.png flag 1 data 41378
[    6.5314] open fd = 256
[    6.5575] open name host:/models/urban/district-tower.tmdl flag 1 data 41378
[    6.5603] open fd = 256
[    6.5628] open name host:/models/urban/district-loft.tmdl flag 1 data 41378
[    6.5651] open fd = 256
[    6.5675] open name host:/models/urban/detail-light-double.tmdl flag 1 data 41378
[    6.5699] open fd = 256
[    6.5787] open name host:/models/urban/Textures/metal.png flag 1 data 41378
[    6.5816] open fd = 256
[    6.5827] open name host:/models/urban/Textures/metal.png flag 1 data 41378
[    6.5856] open fd = 256
[    6.5974] open name host:/models/urban/detail-light-traffic.tmdl flag 1 data 41378
[    6.6006] open fd = 256
[    6.6116] open name host:/models/urban/Textures/roof.png flag 1 data 41378
[    6.6145] open fd = 256
[    6.6155] open name host:/models/urban/Textures/roof.png flag 1 data 41378
[    6.6184] open fd = 256
[    6.6218] open name host:/models/urban/tree-park-large.tmdl flag 1 data 41378
[    6.6241] open fd = 256
[    6.6314] open name host:/models/urban/Textures/treeA.png flag 1 data 41378
[    6.6346] open fd = 256
[    6.6357] open name host:/models/urban/Textures/treeA.png flag 1 data 41378
[    6.6384] open fd = 256
[    6.6494] open name host:/models/urban/Textures/tiles.png flag 1 data 41378
[    6.6529] open fd = 256
[    6.6540] open name host:/models/urban/Textures/tiles.png flag 1 data 41378
[    6.6568] open fd = 256
[    6.6599] open name host:/models/urban/Textures/dirt.png flag 1 data 41378
[    6.6630] open fd = 256
[    6.6640] open name host:/models/urban/Textures/dirt.png flag 1 data 41378
[    6.6669] open fd = 256
[    6.6705] open name host:/models/urban/tree-park-pine-large.tmdl flag 1 data 41378
[    6.6730] open fd = 256
[    6.6797] open name host:/models/urban/Textures/treeB.png flag 1 data 41378
[    6.6826] open fd = 256
[    6.6837] open name host:/models/urban/Textures/treeB.png flag 1 data 41378
[    6.6865] open fd = 256
[    6.6892] open name host:/models/urban/detail-barrier-type-a.tmdl flag 1 data 41378
[    6.6916] open fd = 256
[    6.7031] open name host:/models/urban/Textures/signs.png flag 1 data 41378
[    6.7061] open fd = 256
[    6.7070] open name host:/models/urban/Textures/signs.png flag 1 data 41378
[    6.7099] open fd = 256
[    6.7125] open name host:/models/urban/detail-dumpster-closed.tmdl flag 1 data 41378
[    6.7151] open fd = 256
[    6.7187] open name host:/models/urban/Textures/metal_wall.png flag 1 data 41378
[    6.7216] open fd = 256
[    6.7226] open name host:/models/urban/Textures/metal_wall.png flag 1 data 41378
[    6.7255] open fd = 256
[    6.7286] open name host:/models/urban/Textures/wall.png flag 1 data 41378
[    6.7316] open fd = 256
[    6.7325] open name host:/models/urban/Textures/wall.png flag 1 data 41378
[    6.7351] open fd = 256
[    6.7379] open name host:/models/urban/detail-bench.tmdl flag 1 data 41378
[    6.7406] open fd = 256
[    6.7554] open name host:/models/urban/Textures/planks.png flag 1 data 41378
[    6.7584] open fd = 256
[    6.7594] open name host:/models/urban/Textures/planks.png flag 1 data 41378
[    6.7625] open fd = 256
[    6.7659] open name host:/models/urban/pallet.tmdl flag 1 data 41378
[    6.7690] open fd = 256
[    6.7772] open name host:/vehicles/veh-ravager000001-body.tmdl flag 1 data 41378
[    6.7792] open fd = 256
[    6.8925] open name host:/vehicles/veh-ravager000001-palette.png flag 1 data 41378
[    6.8948] open fd = 256
[    6.8955] open name host:/vehicles/veh-ravager000001-palette.png flag 1 data 41378
[    6.8976] open fd = 256
[    6.9168] open name host:/vehicles/veh-ravager000001-palette-image-0.png flag 1 data 41378
[    6.9194] open fd = 256
[    6.9203] open name host:/vehicles/veh-ravager000001-palette-image-0.png flag 1 data 41378
[    6.9226] open fd = 256
[    6.9426] open name host:/vehicles/veh-pica00000001-body.tmdl flag 1 data 41378
[    6.9450] open fd = 256
[    7.0527] open name host:/vehicles/veh-pica00000001-palette.png flag 1 data 41378
[    7.0549] open fd = 256
[    7.0557] open name host:/vehicles/veh-pica00000001-palette.png flag 1 data 41378
[    7.0575] open fd = 256
[    7.0596] open name host:/vehicles/veh-pica00000001-palette-image-0.png flag 1 data 41378
[    7.0617] open fd = 256
[    7.0625] open name host:/vehicles/veh-pica00000001-palette-image-0.png flag 1 data 41378
[    7.0646] open fd = 256
[    7.0884] open name host:/vehicles/veh-strix0000001-body.tmdl flag 1 data 41378
[    7.0909] open fd = 256
[    7.2108] open name host:/vehicles/veh-strix0000001-palette.png flag 1 data 41378
[    7.2128] open fd = 256
[    7.2135] open name host:/vehicles/veh-strix0000001-palette.png flag 1 data 41378
[    7.2159] open fd = 256
[    7.2190] open name host:/vehicles/veh-strix0000001-palette-image-0.png flag 1 data 41378
[    7.2213] open fd = 256
[    7.2223] open name host:/vehicles/veh-strix0000001-palette-image-0.png flag 1 data 41378
[    7.2243] open fd = 256
[    7.2507] open name host:/sky/scene0.png flag 1 data 41378
[    7.2527] open fd = 256
[    7.2535] open name host:/sky/scene0.png flag 1 data 41378
[    7.2553] open fd = 256
[    7.5322] open name host:/vehicles/fx-skid.png flag 1 data 41378
[    7.5344] open fd = 256
[    7.5353] open name host:/vehicles/fx-skid.png flag 1 data 41378
[    7.5372] open fd = 256
[    7.5520] open name host:/vehicles/fx-smoke.png flag 1 data 41378
[    7.5542] open fd = 256
[    7.5550] open name host:/vehicles/fx-smoke.png flag 1 data 41378
[    7.5569] open fd = 256
[    7.5610] open name host:/log.txt flag 302 data 41378
[    7.5625] open fd = 256
[    7.5640] open name host:/vehicles/veh-ravager000001-wheel.tmdl flag 1 data 41378
[    7.5661] open fd = 256
[    7.5730] open name host:/vehicles/veh-ravager000001-wheelfast.tmdl flag 1 data 41378
[    7.5751] open fd = 256
[    7.5812] open name host:/fonts/atlas-default.png flag 1 data 41378
[    7.5831] open fd = 256
[    7.5953] open name host:/hud/icons.png flag 1 data 41378
[    7.5976] open fd = 256
[    7.6115] open name host:/hud/loading-white.png flag 1 data 41378
[    7.6138] open fd = 256
[    7.6161] open name host:/log.txt flag 302 data 41378
[    7.6177] open fd = 256
[    7.6194] open name host:/vehicles/veh-pica00000001-wheel.tmdl flag 1 data 41378
[    7.6214] open fd = 256
[    7.6288] open name host:/vehicles/veh-pica00000001-wheelfast.tmdl flag 1 data 41378
[    7.6307] open fd = 256
[    7.6430] open name host:/log.txt flag 302 data 41378
[    7.6445] open fd = 256
[    7.6458] open name host:/vehicles/veh-strix0000001-wheel.tmdl flag 1 data 41378
[    7.6481] open fd = 256
[    7.6554] open name host:/vehicles/veh-strix0000001-wheelfast.tmdl flag 1 data 41378
[    7.6574] open fd = 256
[    7.6681] open name host:/log.txt flag 302 data 41378
[    7.6699] open fd = 256
[    7.6719] open name host:/log.txt flag 302 data 41378
[    7.6734] open fd = 256
[    7.6750] open name host:/log.txt flag 302 data 41378
[    7.6766] open fd = 256
[    7.6789] open name host:/textures/district-road.png flag 1 data 41378
[    7.6809] open fd = 256
[    7.6818] open name host:/textures/district-road.png flag 1 data 41378
[    7.6841] open fd = 256
[    7.7965] open name host:/textures/district-asphalt.png flag 1 data 41378
[    7.7990] open fd = 256
[    7.7999] open name host:/textures/district-asphalt.png flag 1 data 41378
[    7.8020] open fd = 256
[    7.8080] open name host:/textures/district-plaza.png flag 1 data 41378
[    7.8101] open fd = 256
[    7.8109] open name host:/textures/district-plaza.png flag 1 data 41378
[    7.8127] open fd = 256
[    7.8279] open name host:/log.txt flag 302 data 41378
[    7.8296] open fd = 256
[    7.8435] open name host:/log.txt flag 302 data 41378
[    7.8451] open fd = 256
[    7.8468] open name host:/log.txt flag 302 data 41378
[    7.8485] open fd = 256
[    7.8578] open name host:/gshadow/s0_2_1.png flag 1 data 41378
[    7.8599] open fd = 256
[    7.8608] open name host:/gshadow/s0_2_1.png flag 1 data 41378
[    7.8629] open fd = 256
[    7.8745] open name host:/log.txt flag 302 data 41378
[    7.8760] open fd = 256
[    7.8786] open name host:/log.txt flag 302 data 41378
[    7.8802] open fd = 256
[    7.8821] open name host:/gshadow/s0_1_1.png flag 1 data 41378
[    7.8844] open fd = 256
[    7.8853] open name host:/gshadow/s0_1_1.png flag 1 data 41378
[    7.8873] open fd = 256
[    7.8970] open name host:/log.txt flag 302 data 41378
[    7.8987] open fd = 256
[    7.9004] open name host:/gshadow/s0_3_1.png flag 1 data 41378
[    7.9024] open fd = 256
[    7.9031] open name host:/gshadow/s0_3_1.png flag 1 data 41378
[    7.9049] open fd = 256
[    7.9079] open name host:/log.txt flag 302 data 41378
[    7.9096] open fd = 256
[    7.9116] open name host:/log.txt flag 302 data 41378
[    7.9133] open fd = 256
[    7.9149] open name host:/gshadow/s0_2_2.png flag 1 data 41378
[    7.9171] open fd = 256
[    7.9181] open name host:/gshadow/s0_2_2.png flag 1 data 41378
[    7.9205] open fd = 256
[    7.9309] open name host:/log.txt flag 302 data 41378
[    7.9326] open fd = 256
[    7.9343] open name host:/log.txt flag 302 data 41378
[    7.9357] open fd = 256
[    7.9375] open name host:/gshadow/s0_1_2.png flag 1 data 41378
[    7.9394] open fd = 256
[    7.9403] open name host:/gshadow/s0_1_2.png flag 1 data 41378
[    7.9422] open fd = 256
[    7.9451] open name host:/log.txt flag 302 data 41378
[    7.9467] open fd = 256
[    7.9486] open name host:/gshadow/s0_3_2.png flag 1 data 41378
[    7.9506] open fd = 256
[    7.9518] open name host:/gshadow/s0_3_2.png flag 1 data 41378
[    7.9540] open fd = 256
[    7.9793] open name host:/log.txt flag 302 data 41378
[    7.9810] open fd = 256
[    7.9829] open name host:/gshadow/s0_0_1.png flag 1 data 41378
[    7.9848] open fd = 256
[    7.9855] open name host:/gshadow/s0_0_1.png flag 1 data 41378
[    7.9874] open fd = 256
[    7.9903] open name host:/log.txt flag 302 data 41378
[    7.9918] open fd = 256
[    7.9934] open name host:/gshadow/s0_4_1.png flag 1 data 41378
[    7.9952] open fd = 256
[    7.9959] open name host:/gshadow/s0_4_1.png flag 1 data 41378
[    7.9981] open fd = 256
[    8.0011] open name host:/log.txt flag 302 data 41378
[    8.0026] open fd = 256
[    8.0123] open name host:/log.txt flag 302 data 41378
[    8.0143] open fd = 256
[    8.0160] open name host:/gshadow/s0_4_0.png flag 1 data 41378
[    8.0184] open fd = 256
[    8.0192] open name host:/gshadow/s0_4_0.png flag 1 data 41378
[    8.0211] open fd = 256
[    8.0241] open name host:/log.txt flag 302 data 41378
[    8.0255] open fd = 256
[    8.0271] open name host:/gshadow/s0_2_3.png flag 1 data 41378
[    8.0293] open fd = 256
[    8.0305] open name host:/gshadow/s0_2_3.png flag 1 data 41378
[    8.0330] open fd = 256
[    8.0365] open name host:/log.txt flag 302 data 41378
[    8.0381] open fd = 256
[    8.0398] open name host:/gshadow/s0_0_2.png flag 1 data 41378
[    8.0417] open fd = 256
[    8.0425] open name host:/gshadow/s0_0_2.png flag 1 data 41378
[    8.0445] open fd = 256
[    8.0546] open name host:/log.txt flag 302 data 41378
[    8.0561] open fd = 256
[    8.0577] open name host:/gshadow/s0_4_2.png flag 1 data 41378
[    8.0598] open fd = 256
[    8.0607] open name host:/gshadow/s0_4_2.png flag 1 data 41378
[    8.0626] open fd = 256
[    8.0659] open name host:/log.txt flag 302 data 41378
[    8.0677] open fd = 256
[    8.0694] open name host:/gshadow/s0_1_3.png flag 1 data 41378
[    8.0715] open fd = 256
[    8.0724] open name host:/gshadow/s0_1_3.png flag 1 data 41378
[    8.0745] open fd = 256
[    8.0959] open name host:/log.txt flag 302 data 41378
[    8.0980] open fd = 256
[    8.0999] open name host:/gshadow/s0_3_3.png flag 1 data 41378
[    8.1022] open fd = 256
[    8.1030] open name host:/gshadow/s0_3_3.png flag 1 data 41378
[    8.1053] open fd = 256
[    8.1087] open name host:/log.txt flag 302 data 41378
[    8.1109] open fd = 256
[    8.1124] open name host:/gshadow/s0_0_3.png flag 1 data 41378
[    8.1150] open fd = 256
[    8.1161] open name host:/gshadow/s0_0_3.png flag 1 data 41378
[    8.1187] open fd = 256
[    8.1221] open name host:/log.txt flag 302 data 41378
[    8.1239] open fd = 256
[    8.1257] open name host:/gshadow/s0_4_3.png flag 1 data 41378
[    8.1278] open fd = 256
[    8.1288] open name host:/gshadow/s0_4_3.png flag 1 data 41378
[    8.1311] open fd = 256
[    8.1422] open name host:/log.txt flag 302 data 41378
[    8.1440] open fd = 256
[    8.1464] open name host:/log.txt flag 302 data 41378
[    8.1485] open fd = 256
[    8.1508] open name host:/livepad.bin flag 1 data 41378
[    8.1521] open fd = -5
[    8.1522] LOG: SKYMOTION scene=0 generation=1 stage=0 enabled=1
[    8.1627] open name host:/livepad.bin flag 1 data 41378
[    8.1639] open fd = -5
[    8.1766] open name host:/livepad.bin flag 1 data 41378
[    8.1779] open fd = -5
[    8.1900] open name host:/livepad.bin flag 1 data 41378
[    8.1912] open fd = -5
[    8.2039] open name host:/livepad.bin flag 1 data 41378
[    8.2051] open fd = -5
[    8.2176] open name host:/livepad.bin flag 1 data 41378
[    8.2188] open fd = -5
[    8.2314] open name host:/livepad.bin flag 1 data 41378
[    8.2326] open fd = -5
[    8.2477] open name host:/livepad.bin flag 1 data 41378
[    8.2489] open fd = -5
[    8.2645] open name host:/livepad.bin flag 1 data 41378
[    8.2659] open fd = -5
[    8.2813] open name host:/livepad.bin flag 1 data 41378
[    8.2826] open fd = -5
[    8.2987] open name host:/livepad.bin flag 1 data 41378
[    8.2999] open fd = -5
[    8.3151] open name host:/livepad.bin flag 1 data 41378
[    8.3164] open fd = -5
[    8.3314] open name host:/livepad.bin flag 1 data 41378
[    8.3327] open fd = -5
[    8.3489] open name host:/livepad.bin flag 1 data 41378
[    8.3503] open fd = -5
[    8.3654] open name host:/livepad.bin flag 1 data 41378
[    8.3666] open fd = -5
[    8.3817] open name host:/livepad.bin flag 1 data 41378
[    8.3829] open fd = -5
[    8.3984] open name host:/livepad.bin flag 1 data 41378
[    8.3996] open fd = -5
[    8.4146] open name host:/livepad.bin flag 1 data 41378
[    8.4157] open fd = -5
[    8.4317] open name host:/livepad.bin flag 1 data 41378
[    8.4329] open fd = -5
[    8.4480] open name host:/livepad.bin flag 1 data 41378
[    8.4493] open fd = -5
[    8.4655] open name host:/livepad.bin flag 1 data 41378
[    8.4666] open fd = -5
[    8.4806] open name host:/livepad.bin flag 1 data 41378
[    8.4819] open fd = -5
[    8.4984] open name host:/livepad.bin flag 1 data 41378
[    8.4999] open fd = -5
[    8.5150] open name host:/livepad.bin flag 1 data 41378
[    8.5162] open fd = -5
[    8.5316] open name host:/livepad.bin flag 1 data 41378
[    8.5329] open fd = -5
[    8.5484] open name host:/livepad.bin flag 1 data 41378
[    8.5496] open fd = -5
[    8.5657] open name host:/livepad.bin flag 1 data 41378
[    8.5669] open fd = -5
[    8.5816] open name host:/livepad.bin flag 1 data 41378
[    8.5827] open fd = -5
[    8.5986] open name host:/livepad.bin flag 1 data 41378
[    8.5999] open fd = -5
[    8.6156] open name host:/livepad.bin flag 1 data 41378
[    8.6168] open fd = -5
[    8.6316] open name host:/livepad.bin flag 1 data 41378
[    8.6329] open fd = -5
[    8.6485] open name host:/livepad.bin flag 1 data 41378
[    8.6500] open fd = -5
[    8.6653] open name host:/livepad.bin flag 1 data 41378
[    8.6666] open fd = -5
[    8.6817] open name host:/livepad.bin flag 1 data 41378
[    8.6829] open fd = -5
[    8.6983] open name host:/livepad.bin flag 1 data 41378
[    8.6996] open fd = -5
[    8.7151] open name host:/livepad.bin flag 1 data 41378
[    8.7164] open fd = -5
[    8.7323] open name host:/livepad.bin flag 1 data 41378
[    8.7333] open fd = -5
[    8.7346] open name host:/livedbg.bin flag 602 data 41378
[    8.7367] open fd = 256
[    8.7416] open name host:/log.txt flag 302 data 41378
[    8.7430] open fd = 256
[    8.7543] open name host:/log.txt flag 302 data 41378
[    8.7560] open fd = 256
[    8.7753] open name host:/log.txt flag 302 data 41378
[    8.7770] open fd = 256
[    8.7856] open name host:/log.txt flag 302 data 41378
[    8.7880] open fd = 256
[    8.7903] open name host:/log.txt flag 302 data 41378
[    8.7918] open fd = 256
[    8.7941] open name host:/log.txt flag 302 data 41378
[    8.7957] open fd = 256
[    8.8043] open name host:/log.txt flag 302 data 41378
[    8.8059] open fd = 256
[    8.8080] open name host:/log.txt flag 302 data 41378
[    8.8095] open fd = 256
[    8.8159] open name host:/log.txt flag 302 data 41378
[    8.8177] open fd = 256
[    8.8612] open name host:/log.txt flag 302 data 41378
[    8.8631] open fd = 256
[    8.8726] open name host:/log.txt flag 302 data 41378
[    8.8743] open fd = 256
[    8.9057] open name host:/log.txt flag 302 data 41378
[    8.9074] open fd = 256
[    8.9476] microVU1: Cached Prog = [000] [PC=2590] [List=01] (Cache=0.000%) [0.0mb]
[    8.9482] microVU1: 3 cycle stall on branch instruction [2b28]
[    8.9488] microVU1: Cached Prog = [001] [PC=1a30] [List=01] (Cache=0.130%) [0.1mb]
[    8.9488] microVU1: 1 cycle stall on branch instruction [1ae8]
[    8.9488] microVU1: 3 cycle stall on branch instruction [1ba0]
[    8.9491] microVU1: 3 cycle stall on branch instruction [2520]
[    8.9491] microVU1: 3 cycle stall on branch instruction [1ba0]
[    8.9495] microVU1: 3 cycle stall on branch instruction [2520]
[    8.9495] microVU1: 3 cycle stall on branch instruction [1ba0]
[    8.9496] microVU1: 3 cycle stall on branch instruction [2520]
[    8.9496] microVU1: 3 cycle stall on branch instruction [1ba0]
[    8.9499] microVU1: 3 cycle stall on branch instruction [2520]
[    8.9500] microVU1: 3 cycle stall on branch instruction [1ba0]
[    8.9503] microVU1: 3 cycle stall on branch instruction [2520]
[    8.9503] microVU1: 3 cycle stall on branch instruction [1ba0]
[    8.9504] microVU1: 3 cycle stall on branch instruction [2520]
[    8.9505] microVU1: 3 cycle stall on branch instruction [1ba0]
[    8.9506] microVU1: 3 cycle stall on branch instruction [2520]
[    8.9507] microVU1: 3 cycle stall on branch instruction [1ba0]
[    8.9507] microVU1: 3 cycle stall on branch instruction [1fc0]
[    8.9508] microVU1: 3 cycle stall on branch instruction [2520]
[    8.9508] microVU1: 3 cycle stall on branch instruction [1ba0]
[    8.9510] microVU1: 3 cycle stall on branch instruction [2520]
[    8.9510] microVU1: 3 cycle stall on branch instruction [1ba0]
[    8.9514] microVU1: 3 cycle stall on branch instruction [2520]
[    8.9514] microVU1: 3 cycle stall on branch instruction [1ba0]
[    8.9515] microVU1: 3 cycle stall on branch instruction [2520]
[    8.9515] microVU1: 3 cycle stall on branch instruction [1ba0]
[    8.9522] microVU1: 3 cycle stall on branch instruction [2520]
[    8.9522] microVU1: 3 cycle stall on branch instruction [1ba0]
[    8.9524] microVU1: 3 cycle stall on branch instruction [2520]
[    8.9525] microVU1: 3 cycle stall on branch instruction [1ba0]
[    8.9528] microVU1: 3 cycle stall on branch instruction [2520]
[    8.9528] microVU1: 3 cycle stall on branch instruction [1ba0]
[    8.9535] microVU1: 3 cycle stall on branch instruction [1fc0]
[    8.9536] microVU1: 3 cycle stall on branch instruction [2520]
[    8.9536] microVU1: 3 cycle stall on branch instruction [1ba0]
[    8.9537] microVU1: 3 cycle stall on branch instruction [1fc0]
[    8.9539] microVU1: 3 cycle stall on branch instruction [1fc0]
[    8.9539] microVU1: 3 cycle stall on branch instruction [2520]
[    8.9540] microVU1: 3 cycle stall on branch instruction [1ba0]
[    8.9541] microVU1: 3 cycle stall on branch instruction [1fc0]
[    8.9542] microVU1: 3 cycle stall on branch instruction [1fc0]
[    8.9544] microVU1: 3 cycle stall on branch instruction [1fc0]
[    8.9545] microVU1: 3 cycle stall on branch instruction [1fc0]
[    8.9546] microVU1: 3 cycle stall on branch instruction [1fc0]
[    8.9547] microVU1: 3 cycle stall on branch instruction [1fc0]
[    8.9549] microVU1: 3 cycle stall on branch instruction [1fc0]
[    8.9550] microVU1: 3 cycle stall on branch instruction [1fc0]
[    8.9551] microVU1: 3 cycle stall on branch instruction [1fc0]
[    8.9552] microVU1: 3 cycle stall on branch instruction [1fc0]
[    8.9553] microVU1: 3 cycle stall on branch instruction [1fc0]
[    8.9554] microVU1: 3 cycle stall on branch instruction [1fc0]
[    8.9556] microVU1: 3 cycle stall on branch instruction [1ba0]
[    8.9556] microVU1: Cached Prog = [002] [PC=2578] [List=01] (Cache=0.850%) [0.5mb]
[    8.9556] microVU1: 1 cycle stall on branch instruction [1ae8]
[    8.9556] microVU1: 3 cycle stall on branch instruction [1ba0]
[    8.9559] microVU1: 3 cycle stall on branch instruction [2520]
[    8.9559] microVU1: 3 cycle stall on branch instruction [1ba0]
[    8.9562] microVU1: 3 cycle stall on branch instruction [2520]
[    8.9563] microVU1: 3 cycle stall on branch instruction [1ba0]
[    8.9564] microVU1: 3 cycle stall on branch instruction [2520]
[    8.9565] microVU1: 3 cycle stall on branch instruction [1ba0]
[    8.9571] microVU1: 3 cycle stall on branch instruction [2520]
[    8.9571] microVU1: 3 cycle stall on branch instruction [1ba0]
[    8.9577] microVU1: 3 cycle stall on branch instruction [2520]
[    8.9578] microVU1: 3 cycle stall on branch instruction [1ba0]
[    8.9580] microVU1: 3 cycle stall on branch instruction [2520]
[    8.9581] microVU1: 3 cycle stall on branch instruction [1ba0]
[    8.9585] microVU1: 3 cycle stall on branch instruction [2520]
[    8.9585] microVU1: 3 cycle stall on branch instruction [1ba0]
[    8.9585] microVU1: 3 cycle stall on branch instruction [1fc0]
[    8.9588] microVU1: 3 cycle stall on branch instruction [2520]
[    8.9588] microVU1: 3 cycle stall on branch instruction [1ba0]
[    8.9590] microVU1: 3 cycle stall on branch instruction [2520]
[    8.9590] microVU1: 3 cycle stall on branch instruction [1ba0]
[    8.9594] microVU1: 3 cycle stall on branch instruction [2520]
[    8.9595] microVU1: 3 cycle stall on branch instruction [1ba0]
[    8.9596] microVU1: 3 cycle stall on branch instruction [2520]
[    8.9596] microVU1: 3 cycle stall on branch instruction [1ba0]
[    8.9600] microVU1: 3 cycle stall on branch instruction [2520]
[    8.9600] microVU1: 3 cycle stall on branch instruction [1ba0]
[    8.9602] microVU1: 3 cycle stall on branch instruction [2520]
[    8.9603] microVU1: 3 cycle stall on branch instruction [1ba0]
[    8.9607] microVU1: 3 cycle stall on branch instruction [2520]
[    8.9607] microVU1: 3 cycle stall on branch instruction [1ba0]
[    8.9612] microVU1: 3 cycle stall on branch instruction [1fc0]
[    8.9613] microVU1: 3 cycle stall on branch instruction [2520]
[    8.9613] microVU1: 3 cycle stall on branch instruction [1ba0]
[    8.9614] microVU1: 3 cycle stall on branch instruction [1fc0]
[    8.9615] microVU1: 3 cycle stall on branch instruction [1fc0]
[    8.9616] microVU1: 3 cycle stall on branch instruction [2520]
[    8.9616] microVU1: 3 cycle stall on branch instruction [1ba0]
[    8.9617] microVU1: 3 cycle stall on branch instruction [1fc0]
[    8.9618] microVU1: 3 cycle stall on branch instruction [1fc0]
[    8.9620] microVU1: 3 cycle stall on branch instruction [1fc0]
[    8.9621] microVU1: 3 cycle stall on branch instruction [1fc0]
[    8.9623] microVU1: 3 cycle stall on branch instruction [1fc0]
[    8.9623] microVU1: 3 cycle stall on branch instruction [1fc0]
[    8.9625] microVU1: 3 cycle stall on branch instruction [1fc0]
[    8.9626] microVU1: 3 cycle stall on branch instruction [1fc0]
[    8.9627] microVU1: 3 cycle stall on branch instruction [1fc0]
[    8.9628] microVU1: 3 cycle stall on branch instruction [1fc0]
[    8.9629] microVU1: 3 cycle stall on branch instruction [1fc0]
[    8.9630] microVU1: 3 cycle stall on branch instruction [1fc0]
[    8.9631] microVU1: 3 cycle stall on branch instruction [1ba0]
[    8.9632] microVU1: Cached Prog = [003] [PC=2f08] [List=01] (Cache=1.570%) [1.0mb]
[    8.9639] microVU1: 3 cycle stall on branch instruction [2b28]
[    8.9655] microVU1: Cached Prog = [004] [PC=0000] [List=01] (Cache=1.700%) [1.0mb]
[    8.9667] microVU1: Cached Prog = [005] [PC=0710] [List=01] (Cache=1.793%) [1.1mb]
[    8.9667] microVU1: 2 cycle stall on branch instruction [07c8]
[    8.9671] microVU1: 3 cycle stall on branch instruction [1108]
[    8.9671] microVU1: 3 cycle stall on branch instruction [1130]
[    8.9673] microVU1: 3 cycle stall on branch instruction [1108]
[    8.9674] microVU1: 3 cycle stall on branch instruction [1130]
[    8.9675] microVU1: 3 cycle stall on branch instruction [1108]
[    8.9675] microVU1: 3 cycle stall on branch instruction [1130]
[    8.9678] microVU1: 3 cycle stall on branch instruction [1108]
[    8.9678] microVU1: 3 cycle stall on branch instruction [1130]
[    8.9681] microVU1: 3 cycle stall on branch instruction [1108]
[    8.9681] microVU1: 3 cycle stall on branch instruction [1130]
[    8.9682] microVU1: 3 cycle stall on branch instruction [1108]
[    8.9682] microVU1: 3 cycle stall on branch instruction [1130]
[    8.9684] microVU1: 3 cycle stall on branch instruction [1108]
[    8.9684] microVU1: 3 cycle stall on branch instruction [1130]
[    8.9684] microVU1: 3 cycle stall on branch instruction [09e8]
[    8.9684] microVU1: 3 cycle stall on branch instruction [0a70]
[    8.9685] microVU1: 3 cycle stall on branch instruction [1108]
[    8.9685] microVU1: 3 cycle stall on branch instruction [1130]
[    8.9689] microVU1: 3 cycle stall on branch instruction [1108]
[    8.9689] microVU1: 3 cycle stall on branch instruction [1130]
[    8.9690] microVU1: 3 cycle stall on branch instruction [1108]
[    8.9690] microVU1: 3 cycle stall on branch instruction [1130]
[    8.9694] microVU1: 3 cycle stall on branch instruction [1108]
[    8.9695] microVU1: 3 cycle stall on branch instruction [1130]
[    8.9697] microVU1: 3 cycle stall on branch instruction [1108]
[    8.9697] microVU1: 3 cycle stall on branch instruction [1130]
[    8.9698] microVU1: 3 cycle stall on branch instruction [1108]
[    8.9698] microVU1: 3 cycle stall on branch instruction [1130]
[    8.9704] microVU1: 3 cycle stall on branch instruction [1108]
[    8.9705] microVU1: 3 cycle stall on branch instruction [1130]
[    8.9705] microVU1: 3 cycle stall on branch instruction [09e8]
[    8.9706] microVU1: 3 cycle stall on branch instruction [0a70]
[    8.9708] microVU1: 3 cycle stall on branch instruction [09e8]
[    8.9709] microVU1: 3 cycle stall on branch instruction [0a70]
[    8.9710] microVU1: 3 cycle stall on branch instruction [09e8]
[    8.9710] microVU1: 3 cycle stall on branch instruction [0a70]
[    8.9712] microVU1: 3 cycle stall on branch instruction [1108]
[    8.9712] microVU1: 3 cycle stall on branch instruction [1130]
[    8.9714] microVU1: 3 cycle stall on branch instruction [09e8]
[    8.9714] microVU1: 3 cycle stall on branch instruction [0a70]
[    8.9716] microVU1: 3 cycle stall on branch instruction [09e8]
[    8.9716] microVU1: 3 cycle stall on branch instruction [0a70]
[    8.9718] microVU1: 3 cycle stall on branch instruction [1108]
[    8.9718] microVU1: 3 cycle stall on branch instruction [1130]
[    8.9719] microVU1: 3 cycle stall on branch instruction [09e8]
[    8.9719] microVU1: 3 cycle stall on branch instruction [0a70]
[    8.9721] microVU1: 3 cycle stall on branch instruction [09e8]
[    8.9721] microVU1: 3 cycle stall on branch instruction [0a70]
[    8.9722] microVU1: 3 cycle stall on branch instruction [09e8]
[    8.9723] microVU1: 3 cycle stall on branch instruction [0a70]
[    8.9725] microVU1: 3 cycle stall on branch instruction [09e8]
[    8.9725] microVU1: 3 cycle stall on branch instruction [0a70]
[    8.9727] microVU1: 3 cycle stall on branch instruction [09e8]
[    8.9728] microVU1: 3 cycle stall on branch instruction [0a70]
[    8.9729] microVU1: 3 cycle stall on branch instruction [09e8]
[    8.9729] microVU1: 3 cycle stall on branch instruction [0a70]
[    8.9731] microVU1: 3 cycle stall on branch instruction [09e8]
[    8.9731] microVU1: 3 cycle stall on branch instruction [0a70]
[    8.9733] microVU1: 3 cycle stall on branch instruction [09e8]
[    8.9733] microVU1: 3 cycle stall on branch instruction [0a70]
[    8.9734] microVU1: 3 cycle stall on branch instruction [09e8]
[    8.9735] microVU1: 3 cycle stall on branch instruction [0a70]
[    8.9736] microVU1: 3 cycle stall on branch instruction [09e8]
[    8.9736] microVU1: 3 cycle stall on branch instruction [0a70]
[    8.9738] microVU1: 3 cycle stall on branch instruction [07f0]
[    8.9739] microVU1: Cached Prog = [006] [PC=1188] [List=01] (Cache=2.594%) [1.6mb]
[    8.9739] microVU1: 2 cycle stall on branch instruction [07c8]
[    8.9742] microVU1: 3 cycle stall on branch instruction [1108]
[    8.9742] microVU1: 3 cycle stall on branch instruction [1130]
[    8.9745] microVU1: 3 cycle stall on branch instruction [1108]
[    8.9745] microVU1: 3 cycle stall on branch instruction [1130]
[    8.9746] microVU1: 3 cycle stall on branch instruction [1108]
[    8.9746] microVU1: 3 cycle stall on branch instruction [1130]
[    8.9750] microVU1: 3 cycle stall on branch instruction [1108]
[    8.9750] microVU1: 3 cycle stall on branch instruction [1130]
[    8.9752] microVU1: 3 cycle stall on branch instruction [1108]
[    8.9752] microVU1: 3 cycle stall on branch instruction [1130]
[    8.9753] microVU1: 3 cycle stall on branch instruction [1108]
[    8.9753] microVU1: 3 cycle stall on branch instruction [1130]
[    8.9755] microVU1: 3 cycle stall on branch instruction [1108]
[    8.9756] microVU1: 3 cycle stall on branch instruction [1130]
[    8.9756] microVU1: 3 cycle stall on branch instruction [09e8]
[    8.9756] microVU1: 3 cycle stall on branch instruction [0a70]
[    8.9757] microVU1: 3 cycle stall on branch instruction [1108]
[    8.9757] microVU1: 3 cycle stall on branch instruction [1130]
[    8.9760] microVU1: 3 cycle stall on branch instruction [1108]
[    8.9760] microVU1: 3 cycle stall on branch instruction [1130]
[    8.9761] microVU1: 3 cycle stall on branch instruction [1108]
[    8.9762] microVU1: 3 cycle stall on branch instruction [1130]
[    8.9766] microVU1: 3 cycle stall on branch instruction [1108]
[    8.9766] microVU1: 3 cycle stall on branch instruction [1130]
[    8.9768] microVU1: 3 cycle stall on branch instruction [1108]
[    8.9768] microVU1: 3 cycle stall on branch instruction [1130]
[    8.9769] microVU1: 3 cycle stall on branch instruction [1108]
[    8.9770] microVU1: 3 cycle stall on branch instruction [1130]
[    8.9776] microVU1: 3 cycle stall on branch instruction [1108]
[    8.9776] microVU1: 3 cycle stall on branch instruction [1130]
[    8.9777] microVU1: 3 cycle stall on branch instruction [09e8]
[    8.9777] microVU1: 3 cycle stall on branch instruction [0a70]
[    8.9780] microVU1: 3 cycle stall on branch instruction [09e8]
[    8.9780] microVU1: 3 cycle stall on branch instruction [0a70]
[    8.9782] microVU1: 3 cycle stall on branch instruction [09e8]
[    8.9782] microVU1: 3 cycle stall on branch instruction [0a70]
[    8.9784] microVU1: 3 cycle stall on branch instruction [1108]
[    8.9784] microVU1: 3 cycle stall on branch instruction [1130]
[    8.9785] microVU1: 3 cycle stall on branch instruction [09e8]
[    8.9785] microVU1: 3 cycle stall on branch instruction [0a70]
[    8.9787] microVU1: 3 cycle stall on branch instruction [09e8]
[    8.9787] microVU1: 3 cycle stall on branch instruction [0a70]
[    8.9788] microVU1: 3 cycle stall on branch instruction [1108]
[    8.9789] microVU1: 3 cycle stall on branch instruction [1130]
[    8.9789] microVU1: 3 cycle stall on branch instruction [09e8]
[    8.9790] microVU1: 3 cycle stall on branch instruction [0a70]
[    8.9792] microVU1: 3 cycle stall on branch instruction [09e8]
[    8.9792] microVU1: 3 cycle stall on branch instruction [0a70]
[    8.9793] microVU1: 3 cycle stall on branch instruction [09e8]
[    8.9794] microVU1: 3 cycle stall on branch instruction [0a70]
[    8.9796] microVU1: 3 cycle stall on branch instruction [09e8]
[    8.9796] microVU1: 3 cycle stall on branch instruction [0a70]
[    8.9798] microVU1: 3 cycle stall on branch instruction [09e8]
[    8.9799] microVU1: 3 cycle stall on branch instruction [0a70]
[    8.9800] microVU1: 3 cycle stall on branch instruction [09e8]
[    8.9800] microVU1: 3 cycle stall on branch instruction [0a70]
[    8.9802] microVU1: 3 cycle stall on branch instruction [09e8]
[    8.9802] microVU1: 3 cycle stall on branch instruction [0a70]
[    8.9806] microVU1: 3 cycle stall on branch instruction [09e8]
[    8.9806] microVU1: 3 cycle stall on branch instruction [0a70]
[    8.9808] microVU1: 3 cycle stall on branch instruction [09e8]
[    8.9808] microVU1: 3 cycle stall on branch instruction [0a70]
[    8.9810] microVU1: 3 cycle stall on branch instruction [09e8]
[    8.9810] microVU1: 3 cycle stall on branch instruction [0a70]
[    8.9811] microVU1: 3 cycle stall on branch instruction [07f0]
[    9.0681] open name host:/log.txt flag 302 data 41378
[    9.0700] open fd = 256
[    9.0727] open name host:/log.txt flag 302 data 41378
[    9.0747] open fd = 256
[    9.0887] open name host:/log.txt flag 302 data 41378
[    9.0905] open fd = 256
[    9.0990] open name host:/log.txt flag 302 data 41378
[    9.1010] open fd = 256
[    9.1164] microVU1: Cached Prog = [007] [PC=0700] [List=01] (Cache=3.396%) [2.1mb]
[    9.1176] microVU1: Cached Prog = [008] [PC=2f20] [List=01] (Cache=3.489%) [2.1mb]
[    9.1181] microVU1: Cached Prog = [009] [PC=3300] [List=01] (Cache=3.541%) [2.2mb]
[    9.1482] open name host:/hud/debugfont.png flag 1 data 41378
[    9.1509] open fd = 256
[    9.1571] open name host:/livepad.bin flag 1 data 41378
[    9.1585] open fd = -5
[    9.1709] open name host:/log.txt flag 302 data 41378
[    9.1727] open fd = 256
[    9.1748] open name host:/log.txt flag 302 data 41378
[    9.1765] open fd = 256
[    9.1815] open name host:/log.txt flag 302 data 41378
[    9.1832] open fd = 256
[    9.1861] open name host:/log.txt flag 302 data 41378
[    9.1877] open fd = 256
[    9.2095] open name host:/livepad.bin flag 1 data 41378
[    9.2109] open fd = -5
[    9.2149] open name host:/log.txt flag 302 data 41378
[    9.2166] open fd = 256
[    9.2185] open name host:/log.txt flag 302 data 41378
[    9.2201] open fd = 256
[    9.2465] open name host:/livepad.bin flag 1 data 41378
[    9.2478] open fd = -5
[    9.2504] open name host:/log.txt flag 302 data 41378
[    9.2519] open fd = 256
[    9.2537] open name host:/log.txt flag 302 data 41378
[    9.2552] open fd = 256
[    9.2737] open name host:/livepad.bin flag 1 data 41378
[    9.2750] open fd = -5
[    9.2782] open name host:/log.txt flag 302 data 41378
[    9.2798] open fd = 256
[    9.2816] open name host:/log.txt flag 302 data 41378
[    9.2836] open fd = 256
[    9.3126] open name host:/livepad.bin flag 1 data 41378
[    9.3141] open fd = -5
[    9.3176] open name host:/log.txt flag 302 data 41378
[    9.3194] open fd = 256
[    9.3212] open name host:/log.txt flag 302 data 41378
[    9.3229] open fd = 256
[    9.3514] open name host:/livepad.bin flag 1 data 41378
[    9.3527] open fd = -5
[    9.3553] open name host:/log.txt flag 302 data 41378
[    9.3569] open fd = 256
[    9.3588] open name host:/log.txt flag 302 data 41378
[    9.3605] open fd = 256
[    9.3915] open name host:/livepad.bin flag 1 data 41378
[    9.3928] open fd = -5
[    9.3965] open name host:/log.txt flag 302 data 41378
[    9.3982] open fd = 256
[    9.4000] open name host:/log.txt flag 302 data 41378
[    9.4017] open fd = 256
[    9.4223] open name host:/livepad.bin flag 1 data 41378
[    9.4236] open fd = -5
[    9.4251] microVU1: Cached Prog = [010] [PC=3610] [List=01] (Cache=3.593%) [2.2mb]
[    9.4253] microVU1: Cached Prog = [011] [PC=3970] [List=01] (Cache=3.609%) [2.2mb]
[    9.4261] open name host:/log.txt flag 302 data 41378
[    9.4277] open fd = 256
[    9.4293] open name host:/log.txt flag 302 data 41378
[    9.4309] open fd = 256
[    9.4582] open name host:/livepad.bin flag 1 data 41378
[    9.4598] open fd = -5
[    9.4617] open name host:/log.txt flag 302 data 41378
[    9.4634] open fd = 256
[    9.4806] open name host:/livepad.bin flag 1 data 41378
[    9.4819] open fd = -5
[    9.4988] open name host:/livepad.bin flag 1 data 41378
[    9.5002] open fd = -5
[    9.5188] open name host:/livepad.bin flag 1 data 41378
[    9.5202] open fd = -5
[    9.5376] open name host:/livepad.bin flag 1 data 41378
[    9.5391] open fd = -5
[    9.5576] open name host:/livepad.bin flag 1 data 41378
[    9.5591] open fd = -5
[    9.5761] open name host:/livepad.bin flag 1 data 41378
[    9.5777] open fd = -5
[    9.5948] open name host:/livepad.bin flag 1 data 41378
[    9.5963] open fd = -5
[    9.5985] open name host:/log.txt flag 302 data 41378
[    9.6006] open fd = 256
[    9.6182] open name host:/livepad.bin flag 1 data 41378
[    9.6197] open fd = -5
[    9.6243] open name host:/log.txt flag 302 data 41378
[    9.6263] open fd = 256
[    9.6437] open name host:/livepad.bin flag 1 data 41378
[    9.6450] open fd = -5
[    9.6489] open name host:/log.txt flag 302 data 41378
[    9.6508] open fd = 256
[    9.6678] open name host:/livepad.bin flag 1 data 41378
[    9.6693] open fd = -5
[    9.6872] open name host:/livepad.bin flag 1 data 41378
[    9.6887] open fd = -5
[    9.6891] open name host:/livedbg.cmd flag 1 data 41378
[    9.6904] open fd = -5
[    9.7078] open name host:/livepad.bin flag 1 data 41378
[    9.7092] open fd = -5
[    9.7285] open name host:/livepad.bin flag 1 data 41378
[    9.7298] open fd = -5
[    9.7486] open name host:/livepad.bin flag 1 data 41378
[    9.7501] open fd = -5
[    9.7678] open name host:/livepad.bin flag 1 data 41378
[    9.7692] open fd = -5
[    9.7884] open name host:/livepad.bin flag 1 data 41378
[    9.7899] open fd = -5
[    9.8091] open name host:/livepad.bin flag 1 data 41378
[    9.8105] open fd = -5
[    9.8108] open name host:/livedbg.cmd flag 1 data 41378
[    9.8117] open fd = -5
[    9.8284] open name host:/livepad.bin flag 1 data 41378
[    9.8296] open fd = -5
[    9.8461] open name host:/livepad.bin flag 1 data 41378
[    9.8473] open fd = -5
[    9.8646] open name host:/livepad.bin flag 1 data 41378
[    9.8658] open fd = -5
[    9.8827] open name host:/livepad.bin flag 1 data 41378
[    9.8841] open fd = -5
[    9.9014] open name host:/livepad.bin flag 1 data 41378
[    9.9026] open fd = -5
[    9.9197] open name host:/livepad.bin flag 1 data 41378
[    9.9212] open fd = -5
[    9.9215] open name host:/livedbg.cmd flag 1 data 41378
[    9.9226] open fd = -5
[    9.9400] open name host:/livepad.bin flag 1 data 41378
[    9.9417] open fd = -5
[    9.9598] open name host:/livepad.bin flag 1 data 41378
[    9.9611] open fd = -5
[    9.9779] open name host:/livepad.bin flag 1 data 41378
[    9.9793] open fd = -5
[    9.9969] open name host:/livepad.bin flag 1 data 41378
[    9.9985] open fd = -5
[   10.0150] open name host:/livepad.bin flag 1 data 41378
[   10.0163] open fd = -5
[   10.0338] open name host:/livepad.bin flag 1 data 41378
[   10.0351] open fd = -5
[   10.0353] open name host:/livedbg.cmd flag 1 data 41378
[   10.0367] open fd = -5
[   10.0547] open name host:/livepad.bin flag 1 data 41378
[   10.0559] open fd = -5
[   10.0728] open name host:/livepad.bin flag 1 data 41378
[   10.0740] open fd = -5
[   10.0916] open name host:/livepad.bin flag 1 data 41378
[   10.0928] open fd = -5
[   10.0941] open name host:/log.txt flag 302 data 41378
[   10.0955] open fd = 256
[   10.1151] open name host:/livepad.bin flag 1 data 41378
[   10.1164] open fd = -5
[   10.1337] open name host:/livepad.bin flag 1 data 41378
[   10.1351] open fd = -5
[   10.1519] open name host:/livepad.bin flag 1 data 41378
[   10.1532] open fd = -5
[   10.1536] open name host:/livedbg.cmd flag 1 data 41378
[   10.1545] open fd = -5
[   10.1713] open name host:/livepad.bin flag 1 data 41378
[   10.1726] open fd = -5
[   10.1900] open name host:/livepad.bin flag 1 data 41378
[   10.1914] open fd = -5
[   10.2093] open name host:/livepad.bin flag 1 data 41378
[   10.2107] open fd = -5
[   10.2269] open name host:/livepad.bin flag 1 data 41378
[   10.2281] open fd = -5
[   10.2316] open name host:/log.txt flag 302 data 41378
[   10.2333] open fd = 256
[   10.2496] open name host:/livepad.bin flag 1 data 41378
[   10.2509] open fd = -5
[   10.2544] open name host:/log.txt flag 302 data 41378
[   10.2559] open fd = 256
[   10.2723] open name host:/livepad.bin flag 1 data 41378
[   10.2735] open fd = -5
[   10.2738] open name host:/livedbg.cmd flag 1 data 41378
[   10.2747] open fd = -5
[   10.2917] open name host:/livepad.bin flag 1 data 41378
[   10.2930] open fd = -5
[   10.3106] open name host:/livepad.bin flag 1 data 41378
[   10.3124] open fd = -5
[   10.3294] open name host:/livepad.bin flag 1 data 41378
[   10.3310] open fd = -5
[   10.3508] open name host:/livepad.bin flag 1 data 41378
[   10.3521] open fd = -5
[   10.3713] FRAMEARENA frames=120 peak=1037904 resets=2 fallbacks=0 maxFrameBytes=2731360 maxBorrowed=2040880 freeKiB=10570
[   10.3714] NATIVEVIF frames=120 batches=122
[   10.3716] ORDEREDFRAME frames=120 splitFrames=1
[   10.3718] FRAMEPIPELINE starts=120 dmaBusyStarts=0
[   10.3722] open name host:/livepad.bin flag 1 data 41378
[   10.3736] open fd = -5
[   10.3913] open name host:/livepad.bin flag 1 data 41378
[   10.3926] open fd = -5
[   10.3928] open name host:/livedbg.cmd flag 1 data 41378
[   10.3938] open fd = -5
[   10.4113] open name host:/livepad.bin flag 1 data 41378
[   10.4127] open fd = -5
[   10.4297] open name host:/livepad.bin flag 1 data 41378
[   10.4310] open fd = -5
[   10.4481] open name host:/livepad.bin flag 1 data 41378
[   10.4496] open fd = -5
[   10.4512] LOG: SKYWARM scene=0 generation=1 count=1152 check=60
[   10.4664] open name host:/livepad.bin flag 1 data 41378
[   10.4679] open fd = -5
[   10.4868] open name host:/livepad.bin flag 1 data 41378
[   10.4881] open fd = -5
[   10.5068] open name host:/livepad.bin flag 1 data 41378
[   10.5080] open fd = -5
[   10.5085] open name host:/livedbg.cmd flag 1 data 41378
[   10.5096] open fd = -5
[   10.5278] open name host:/livepad.bin flag 1 data 41378
[   10.5297] open fd = -5
[   10.5473] open name host:/livepad.bin flag 1 data 41378
[   10.5485] open fd = -5
[   10.5654] open name host:/livepad.bin flag 1 data 41378
[   10.5666] open fd = -5
[   10.5838] open name host:/livepad.bin flag 1 data 41378
[   10.5850] open fd = -5
[   10.5863] open name host:/log.txt flag 302 data 41378
[   10.5880] open fd = 256
[   10.6071] open name host:/livepad.bin flag 1 data 41378
[   10.6085] open fd = -5
[   10.6266] open name host:/livepad.bin flag 1 data 41378
[   10.6280] open fd = -5
[   10.6283] open name host:/livedbg.cmd flag 1 data 41378
[   10.6294] open fd = -5
[   10.6475] open name host:/livepad.bin flag 1 data 41378
[   10.6491] open fd = -5
[   10.6661] open name host:/livepad.bin flag 1 data 41378
[   10.6675] open fd = -5
[   10.6837] open name host:/livepad.bin flag 1 data 41378
[   10.6850] open fd = -5
[   10.7019] open name host:/livepad.bin flag 1 data 41378
[   10.7033] open fd = -5
[   10.7213] open name host:/livepad.bin flag 1 data 41378
[   10.7227] open fd = -5
[   10.7394] open name host:/livepad.bin flag 1 data 41378
[   10.7406] open fd = -5
[   10.7409] open name host:/livedbg.cmd flag 1 data 41378
[   10.7419] open fd = -5
[   10.7607] open name host:/livepad.bin flag 1 data 41378
[   10.7619] open fd = -5
[   10.7791] open name host:/livepad.bin flag 1 data 41378
[   10.7803] open fd = -5
[   10.7973] open name host:/livepad.bin flag 1 data 41378
[   10.7987] open fd = -5
[   10.8174] open name host:/livepad.bin flag 1 data 41378
[   10.8187] open fd = -5
[   10.8351] open name host:/livepad.bin flag 1 data 41378
[   10.8365] open fd = -5
[   10.8545] open name host:/livepad.bin flag 1 data 41378
[   10.8557] open fd = -5
[   10.8559] open name host:/livedbg.cmd flag 1 data 41378
[   10.8569] open fd = -5
[   10.8737] open name host:/livepad.bin flag 1 data 41378
[   10.8749] open fd = -5
[   10.8914] open name host:/livepad.bin flag 1 data 41378
[   10.8926] open fd = -5
[   10.9096] open name host:/livepad.bin flag 1 data 41378
[   10.9129] open fd = -5
[   10.9305] open name host:/livepad.bin flag 1 data 41378
[   10.9317] open fd = -5
[   10.9530] open name host:/livepad.bin flag 1 data 41378
[   10.9543] open fd = -5
[   10.9723] open name host:/livepad.bin flag 1 data 41378
[   10.9736] open fd = -5
[   10.9739] open name host:/livedbg.cmd flag 1 data 41378
[   10.9752] open fd = -5
[   10.9920] open name host:/livepad.bin flag 1 data 41378
[   10.9934] open fd = -5
[   11.0104] open name host:/livepad.bin flag 1 data 41378
[   11.0117] open fd = -5
[   11.0285] open name host:/livepad.bin flag 1 data 41378
[   11.0300] open fd = -5
[   11.0475] open name host:/livepad.bin flag 1 data 41378
[   11.0489] open fd = -5
[   11.0661] open name host:/livepad.bin flag 1 data 41378
[   11.0675] open fd = -5
[   11.0690] open name host:/log.txt flag 302 data 41378
[   11.0710] open fd = 256
[   11.0890] open name host:/livepad.bin flag 1 data 41378
[   11.0904] open fd = -5
[   11.0908] open name host:/livedbg.cmd flag 1 data 41378
[   11.0919] open fd = -5
[   11.1091] open name host:/livepad.bin flag 1 data 41378
[   11.1104] open fd = -5
[   11.1275] open name host:/livepad.bin flag 1 data 41378
[   11.1289] open fd = -5
[   11.1473] open name host:/livepad.bin flag 1 data 41378
[   11.1489] open fd = -5
[   11.1663] open name host:/livepad.bin flag 1 data 41378
[   11.1678] open fd = -5
[   11.1867] open name host:/livepad.bin flag 1 data 41378
[   11.1880] open fd = -5
[   11.2085] open name host:/livepad.bin flag 1 data 41378
[   11.2106] open fd = -5
[   11.2110] open name host:/livedbg.cmd flag 1 data 41378
[   11.2127] open fd = -5
[   11.2316] open name host:/livepad.bin flag 1 data 41378
[   11.2329] open fd = -5
[   11.2362] open name host:/log.txt flag 302 data 41378
[   11.2387] open fd = 256
[   11.2553] open name host:/livepad.bin flag 1 data 41378
[   11.2567] open fd = -5
[   11.2755] open name host:/livepad.bin flag 1 data 41378
[   11.2772] open fd = -5
[   11.2965] open name host:/livepad.bin flag 1 data 41378
[   11.2984] open fd = -5
[   11.3196] open name host:/livepad.bin flag 1 data 41378
[   11.3211] open fd = -5
[   11.3402] open name host:/livepad.bin flag 1 data 41378
[   11.3420] open fd = -5
[   11.3423] open name host:/livedbg.cmd flag 1 data 41378
[   11.3438] open fd = -5
[   11.3620] open name host:/livepad.bin flag 1 data 41378
[   11.3634] open fd = -5
[   11.3831] open name host:/livepad.bin flag 1 data 41378
[   11.3849] open fd = -5
[   11.4019] open name host:/livepad.bin flag 1 data 41378
[   11.4032] open fd = -5
[   11.4200] open name host:/livepad.bin flag 1 data 41378
[   11.4213] open fd = -5
[   11.4384] open name host:/livepad.bin flag 1 data 41378
[   11.4395] open fd = -5
[   11.4588] open name host:/livepad.bin flag 1 data 41378
[   11.4602] open fd = -5
[   11.4605] open name host:/livedbg.cmd flag 1 data 41378
[   11.4615] open fd = -5
[   11.4780] open name host:/livepad.bin flag 1 data 41378
[   11.4795] open fd = -5
[   11.4993] open name host:/livepad.bin flag 1 data 41378
[   11.5007] open fd = -5
[   11.5195] open name host:/livepad.bin flag 1 data 41378
[   11.5209] open fd = -5
[   11.5383] open name host:/livepad.bin flag 1 data 41378
[   11.5396] open fd = -5
[   11.5583] open name host:/livepad.bin flag 1 data 41378
[   11.5599] open fd = -5
[   11.5783] open name host:/livepad.bin flag 1 data 41378
[   11.5797] open fd = -5
[   11.5800] open name host:/livedbg.cmd flag 1 data 41378
[   11.5809] open fd = -5
[   11.5824] open name host:/log.txt flag 302 data 41378
[   11.5842] open fd = 256
[   11.6027] open name host:/livepad.bin flag 1 data 41378
[   11.6040] open fd = -5
[   11.6221] open name host:/livepad.bin flag 1 data 41378
[   11.6235] open fd = -5
[   11.6408] open name host:/livepad.bin flag 1 data 41378
[   11.6420] open fd = -5
[   11.6444] LOG: SKYORACLE scene=0 generation=1 count=1152 equal=1 check=120 bboxBefore=7
[   11.6603] open name host:/livepad.bin flag 1 data 41378
[   11.6614] open fd = -5
[   11.6789] open name host:/livepad.bin flag 1 data 41378
[   11.6802] open fd = -5
[   11.6973] open name host:/livepad.bin flag 1 data 41378
[   11.6991] open fd = -5
[   11.6994] open name host:/livedbg.cmd flag 1 data 41378
[   11.7010] open fd = -5
[   11.7181] open name host:/livepad.bin flag 1 data 41378
[   11.7196] open fd = -5
[   11.7377] open name host:/livepad.bin flag 1 data 41378
[   11.7392] open fd = -5
[   11.7583] open name host:/livepad.bin flag 1 data 41378
[   11.7603] open fd = -5
[   11.7802] open name host:/livepad.bin flag 1 data 41378
[   11.7819] open fd = -5
[   11.7998] open name host:/livepad.bin flag 1 data 41378
[   11.8015] open fd = -5
[   11.8190] open name host:/livepad.bin flag 1 data 41378
[   11.8204] open fd = -5
[   11.8207] open name host:/livedbg.cmd flag 1 data 41378
[   11.8218] open fd = -5
[   11.8374] open name host:/livepad.bin flag 1 data 41378
[   11.8389] open fd = -5
[   11.8554] open name host:/livepad.bin flag 1 data 41378
[   11.8567] open fd = -5
[   11.8732] open name host:/livepad.bin flag 1 data 41378
[   11.8746] open fd = -5
[   11.8913] open name host:/livepad.bin flag 1 data 41378
[   11.8926] open fd = -5
[   11.9092] open name host:/livepad.bin flag 1 data 41378
[   11.9108] open fd = -5
[   11.9278] open name host:/livepad.bin flag 1 data 41378
[   11.9293] open fd = -5
[   11.9295] open name host:/livedbg.cmd flag 1 data 41378
[   11.9309] open fd = -5
[   11.9483] open name host:/livepad.bin flag 1 data 41378
[   11.9502] open fd = -5
[   11.9678] open name host:/livepad.bin flag 1 data 41378
[   11.9695] open fd = -5
[   11.9876] open name host:/livepad.bin flag 1 data 41378
[   11.9890] open fd = -5
[   12.0086] open name host:/livepad.bin flag 1 data 41378
[   12.0101] open fd = -5
[   12.0273] open name host:/livepad.bin flag 1 data 41378
[   12.0288] open fd = -5
[   12.0448] open name host:/livepad.bin flag 1 data 41378
[   12.0462] open fd = -5
[   12.0465] open name host:/livedbg.cmd flag 1 data 41378
[   12.0477] open fd = -5
[   12.0651] open name host:/livepad.bin flag 1 data 41378
[   12.0666] open fd = -5
[   12.0678] open name host:/log.txt flag 302 data 41378
[   12.0698] open fd = 256
[   12.0891] open name host:/livepad.bin flag 1 data 41378
[   12.0906] open fd = -5
[   12.1070] open name host:/livepad.bin flag 1 data 41378
[   12.1084] open fd = -5
[   12.1249] open name host:/livepad.bin flag 1 data 41378
[   12.1265] open fd = -5
[   12.1429] open name host:/livepad.bin flag 1 data 41378
[   12.1444] open fd = -5
[   12.1460] open name host:/log.txt flag 302 data 41378
[   12.1480] open fd = 256
[   12.1502] open name host:/log.txt flag 302 data 41378
[   12.1521] open fd = 256
[   12.1696] open name host:/livepad.bin flag 1 data 41378
[   12.1709] open fd = -5
[   12.1712] open name host:/livedbg.cmd flag 1 data 41378
[   12.1723] open fd = -5
[   12.1890] open name host:/livepad.bin flag 1 data 41378
[   12.1908] open fd = -5
[   12.2080] open name host:/livepad.bin flag 1 data 41378
[   12.2095] open fd = -5
[   12.2266] open name host:/livepad.bin flag 1 data 41378
[   12.2281] open fd = -5
[   12.2313] open name host:/log.txt flag 302 data 41378
[   12.2333] open fd = 256
[   12.2506] open name host:/livepad.bin flag 1 data 41378
[   12.2522] open fd = -5
[   12.2696] open name host:/livepad.bin flag 1 data 41378
[   12.2711] open fd = -5
[   12.2880] open name host:/livepad.bin flag 1 data 41378
[   12.2893] open fd = -5
[   12.2896] open name host:/livedbg.cmd flag 1 data 41378
[   12.2907] open fd = -5
[   12.3086] open name host:/livepad.bin flag 1 data 41378
[   12.3100] open fd = -5
[   12.3273] open name host:/livepad.bin flag 1 data 41378
[   12.3286] open fd = -5
[   12.3468] open name host:/livepad.bin flag 1 data 41378
[   12.3483] open fd = -5
[   12.3668] open name host:/livepad.bin flag 1 data 41378
[   12.3682] open fd = -5
[   12.3842] open name host:/livepad.bin flag 1 data 41378
[   12.3856] open fd = -5
[   12.4017] open name host:/livepad.bin flag 1 data 41378
[   12.4034] open fd = -5
[   12.4037] open name host:/livedbg.cmd flag 1 data 41378
[   12.4047] open fd = -5
[   12.4203] open name host:/livepad.bin flag 1 data 41378
[   12.4218] open fd = -5
[   12.4378] open name host:/livepad.bin flag 1 data 41378
[   12.4391] open fd = -5
[   12.4569] open name host:/livepad.bin flag 1 data 41378
[   12.4584] open fd = -5
[   12.4751] open name host:/livepad.bin flag 1 data 41378
[   12.4763] open fd = -5
[   12.4919] open name host:/livepad.bin flag 1 data 41378
[   12.4933] open fd = -5
[   12.5110] open name host:/livepad.bin flag 1 data 41378
[   12.5125] open fd = -5
[   12.5129] open name host:/livedbg.cmd flag 1 data 41378
[   12.5141] open fd = -5
[   12.5305] open name host:/livepad.bin flag 1 data 41378
[   12.5318] open fd = -5
[   12.5488] open name host:/livepad.bin flag 1 data 41378
[   12.5503] open fd = -5
[   12.5513] open name host:/log.txt flag 302 data 41378
[   12.5529] open fd = 256
[   12.5711] open name host:/livepad.bin flag 1 data 41378
[   12.5724] open fd = -5
[   12.5910] open name host:/livepad.bin flag 1 data 41378
[   12.5923] open fd = -5
[   12.6105] open name host:/livepad.bin flag 1 data 41378
[   12.6117] open fd = -5
[   12.6284] open name host:/livepad.bin flag 1 data 41378
[   12.6296] open fd = -5
[   12.6300] open name host:/livedbg.cmd flag 1 data 41378
[   12.6311] open fd = -5
[   12.6482] open name host:/livepad.bin flag 1 data 41378
[   12.6497] open fd = -5
[   12.6663] open name host:/livepad.bin flag 1 data 41378
[   12.6677] open fd = -5
[   12.6841] open name host:/livepad.bin flag 1 data 41378
[   12.6856] open fd = -5
[   12.6874] open name host:/log.txt flag 302 data 41378
[   12.6889] open fd = 256
[   12.6908] open name host:/log.txt flag 302 data 41378
[   12.6922] open fd = 256
[   12.7094] open name host:/livepad.bin flag 1 data 41378
[   12.7107] open fd = -5
[   12.7144] open name host:/log.txt flag 302 data 41378
[   12.7160] open fd = 256
[   12.7177] open name host:/log.txt flag 302 data 41378
[   12.7194] open fd = 256
[   12.7468] FRAMEARENA frames=240 peak=1037904 resets=2 fallbacks=0 maxFrameBytes=2731360 maxBorrowed=2045696 freeKiB=10566
[   12.7471] NATIVEVIF frames=240 batches=242
[   12.7472] ORDEREDFRAME frames=240 splitFrames=1
[   12.7474] FRAMEPIPELINE starts=240 dmaBusyStarts=0
[   12.7475] open name host:/livepad.bin flag 1 data 41378
[   12.7489] open fd = -5
[   12.7505] open name host:/log.txt flag 302 data 41378
[   12.7522] open fd = 256
[   12.7541] open name host:/log.txt flag 302 data 41378
[   12.7558] open fd = 256
[   12.7840] open name host:/livepad.bin flag 1 data 41378
[   12.7853] open fd = -5
[   12.7857] open name host:/livedbg.cmd flag 1 data 41378
[   12.7867] open fd = -5
[   12.7883] open name host:/log.txt flag 302 data 41378
[   12.7898] open fd = 256
[   12.7920] open name host:/log.txt flag 302 data 41378
[   12.7938] open fd = 256
[   12.8222] open name host:/livepad.bin flag 1 data 41378
[   12.8236] open fd = -5
[   12.8249] open name host:/log.txt flag 302 data 41378
[   12.8266] open fd = 256
[   12.8283] open name host:/log.txt flag 302 data 41378
[   12.8298] open fd = 256
[   12.8484] open name host:/livepad.bin flag 1 data 41378
[   12.8497] open fd = -5
[   12.8517] open name host:/log.txt flag 302 data 41378
[   12.8533] open fd = 256
[   12.8549] open name host:/log.txt flag 302 data 41378
[   12.8565] open fd = 256
[   12.8728] open name host:/livepad.bin flag 1 data 41378
[   12.8739] open fd = -5
[   12.8749] LOG: SKYWARM scene=0 generation=1 count=1152 check=180
[   12.8753] open name host:/log.txt flag 302 data 41378
[   12.8768] open fd = 256
[   12.8785] open name host:/log.txt flag 302 data 41378
[   12.8799] open fd = 256
[   12.8995] open name host:/livepad.bin flag 1 data 41378
[   12.9008] open fd = -5
[   12.9027] open name host:/log.txt flag 302 data 41378
[   12.9042] open fd = 256
[   12.9058] open name host:/log.txt flag 302 data 41378
[   12.9073] open fd = 256
[   12.9253] open name host:/livepad.bin flag 1 data 41378
[   12.9264] open fd = -5
[   12.9277] open name host:/log.txt flag 302 data 41378
[   12.9296] open fd = 256
[   12.9464] open name host:/livepad.bin flag 1 data 41378
[   12.9477] open fd = -5
[   12.9481] open name host:/livedbg.cmd flag 1 data 41378
[   12.9491] open fd = -5
[   12.9657] open name host:/livepad.bin flag 1 data 41378
[   12.9673] open fd = -5
[   12.9861] open name host:/livepad.bin flag 1 data 41378
[   12.9875] open fd = -5
[   13.0061] open name host:/livepad.bin flag 1 data 41378
[   13.0075] open fd = -5
[   13.0265] open name host:/livepad.bin flag 1 data 41378
[   13.0279] open fd = -5
[   13.0459] open name host:/livepad.bin flag 1 data 41378
[   13.0473] open fd = -5
[   13.0655] open name host:/livepad.bin flag 1 data 41378
[   13.0669] open fd = -5
[   13.0673] open name host:/livedbg.cmd flag 1 data 41378
[   13.0684] open fd = -5
[   13.0690] open name host:/log.txt flag 302 data 41378
[   13.0707] open fd = 256
[   13.0897] open name host:/livepad.bin flag 1 data 41378
[   13.0912] open fd = -5
[   13.1092] open name host:/livepad.bin flag 1 data 41378
[   13.1107] open fd = -5
[   13.1291] open name host:/livepad.bin flag 1 data 41378
[   13.1304] open fd = -5
[   13.1488] open name host:/livepad.bin flag 1 data 41378
[   13.1502] open fd = -5
[   13.1674] open name host:/livepad.bin flag 1 data 41378
[   13.1687] open fd = -5
[   13.1899] open name host:/livepad.bin flag 1 data 41378
[   13.1912] open fd = -5
[   13.1915] open name host:/livedbg.cmd flag 1 data 41378
[   13.1927] open fd = -5
[   13.2117] open name host:/livepad.bin flag 1 data 41378
[   13.2130] open fd = -5
[   13.2291] open name host:/livepad.bin flag 1 data 41378
[   13.2304] open fd = -5
[   13.2486] open name host:/livepad.bin flag 1 data 41378
[   13.2500] open fd = -5
[   13.2685] open name host:/livepad.bin flag 1 data 41378
[   13.2702] open fd = -5
[   13.2723] open name host:/log.txt flag 302 data 41378
[   13.2739] open fd = 256
[   13.2914] open name host:/livepad.bin flag 1 data 41378
[   13.2926] open fd = -5
[   13.2951] open name host:/log.txt flag 302 data 41378
[   13.2967] open fd = 256
[   13.3149] open name host:/livepad.bin flag 1 data 41378
[   13.3164] open fd = -5
[   13.3168] open name host:/livedbg.cmd flag 1 data 41378
[   13.3177] open fd = -5
[   13.3340] open name host:/livepad.bin flag 1 data 41378
[   13.3353] open fd = -5
[   13.3522] open name host:/livepad.bin flag 1 data 41378
[   13.3536] open fd = -5
[   13.3714] open name host:/livepad.bin flag 1 data 41378
[   13.3724] open fd = -5
[   13.3891] open name host:/livepad.bin flag 1 data 41378
[   13.3904] open fd = -5
[   13.3936] open name host:/log.txt flag 302 data 41378
[   13.3952] open fd = 256
[   13.3972] open name host:/log.txt flag 302 data 41378
[   13.3994] open fd = 256
[   13.4252] open name host:/livepad.bin flag 1 data 41378
[   13.4267] open fd = -5
[   13.4282] open name host:/log.txt flag 302 data 41378
[   13.4297] open fd = 256
[   13.4314] open name host:/log.txt flag 302 data 41378
[   13.4331] open fd = 256
[   13.4364] open name host:/log.txt flag 302 data 41378
[   13.4379] open fd = 256
[   13.4525] open name host:/livepad.bin flag 1 data 41378
[   13.4539] open fd = -5
[   13.4542] open name host:/livedbg.cmd flag 1 data 41378
[   13.4553] open fd = -5
[   13.4576] open name host:/log.txt flag 302 data 41378
[   13.4592] open fd = 256
[   13.4610] open name host:/log.txt flag 302 data 41378
[   13.4627] open fd = 256
[   13.4887] open name host:/livepad.bin flag 1 data 41378
[   13.4901] open fd = -5
[   13.4922] open name host:/log.txt flag 302 data 41378
[   13.4938] open fd = 256
[   13.4953] open name host:/log.txt flag 302 data 41378
[   13.4969] open fd = 256
[   13.5136] open name host:/livepad.bin flag 1 data 41378
[   13.5149] open fd = -5
[   13.5170] open name host:/log.txt flag 302 data 41378
[   13.5188] open fd = 256
[   13.5204] open name host:/log.txt flag 302 data 41378
[   13.5219] open fd = 256
[   13.5389] open name host:/livepad.bin flag 1 data 41378
[   13.5402] open fd = -5
[   13.5414] open name host:/log.txt flag 302 data 41378
[   13.5430] open fd = 256
[   13.5445] open name host:/log.txt flag 302 data 41378
[   13.5462] open fd = 256
[   13.5642] open name host:/livepad.bin flag 1 data 41378
[   13.5656] open fd = -5
[   13.5679] open name host:/log.txt flag 302 data 41378
[   13.5696] open fd = 256
[   13.5712] open name host:/log.txt flag 302 data 41378
[   13.5729] open fd = 256
[   13.5927] open name host:/livepad.bin flag 1 data 41378
[   13.5940] open fd = -5
[   13.5949] open name host:/log.txt flag 302 data 41378
[   13.5966] open fd = 256
[   13.5988] open name host:/gshadow/s0_3_4.png flag 1 data 41378
[   13.6013] open fd = 256
[   13.6022] open name host:/gshadow/s0_3_4.png flag 1 data 41378
[   13.6043] open fd = 256
[   13.6075] open name host:/log.txt flag 302 data 41378
[   13.6091] open fd = 256
[   13.6108] open name host:/gshadow/s0_0_4.png flag 1 data 41378
[   13.6131] open fd = 256
[   13.6138] open name host:/gshadow/s0_0_4.png flag 1 data 41378
[   13.6157] open fd = 256
[   13.6189] open name host:/log.txt flag 302 data 41378
[   13.6205] open fd = 256
[   13.6465] open name host:/livepad.bin flag 1 data 41378
[   13.6478] open fd = -5
[   13.6481] open name host:/livedbg.cmd flag 1 data 41378
[   13.6492] open fd = -5
[   13.6515] open name host:/log.txt flag 302 data 41378
[   13.6531] open fd = 256
[   13.6548] open name host:/log.txt flag 302 data 41378
[   13.6562] open fd = 256
[   13.6743] open name host:/livepad.bin flag 1 data 41378
[   13.6755] open fd = -5
[   13.6767] open name host:/log.txt flag 302 data 41378
[   13.6783] open fd = 256
[   13.6801] open name host:/log.txt flag 302 data 41378
[   13.6818] open fd = 256
[   13.7012] open name host:/livepad.bin flag 1 data 41378
[   13.7026] open fd = -5
[   13.7046] open name host:/log.txt flag 302 data 41378
[   13.7063] open fd = 256
[   13.7241] open name host:/livepad.bin flag 1 data 41378
[   13.7254] open fd = -5
[   13.7428] open name host:/livepad.bin flag 1 data 41378
[   13.7439] open fd = -5
[   13.7612] open name host:/livepad.bin flag 1 data 41378
[   13.7625] open fd = -5
[   13.7797] open name host:/livepad.bin flag 1 data 41378
[   13.7813] open fd = -5
[   13.7816] open name host:/livedbg.cmd flag 1 data 41378
[   13.7826] open fd = -5
[   13.7986] open name host:/livepad.bin flag 1 data 41378
[   13.7999] open fd = -5
[   13.8169] open name host:/livepad.bin flag 1 data 41378
[   13.8182] open fd = -5
[   13.8351] open name host:/livepad.bin flag 1 data 41378
[   13.8364] open fd = -5
[   13.8536] open name host:/livepad.bin flag 1 data 41378
[   13.8550] open fd = -5
[   13.8715] open name host:/livepad.bin flag 1 data 41378
[   13.8728] open fd = -5
[   13.8896] open name host:/livepad.bin flag 1 data 41378
[   13.8909] open fd = -5
[   13.8913] open name host:/livedbg.cmd flag 1 data 41378
[   13.8922] open fd = -5
[   13.9085] open name host:/livepad.bin flag 1 data 41378
[   13.9098] open fd = -5
[   13.9270] open name host:/livepad.bin flag 1 data 41378
[   13.9284] open fd = -5
[   13.9460] open name host:/livepad.bin flag 1 data 41378
[   13.9474] open fd = -5
[   13.9641] open name host:/livepad.bin flag 1 data 41378
[   13.9659] open fd = -5
[   13.9828] open name host:/livepad.bin flag 1 data 41378
[   13.9842] open fd = -5
[   14.0013] open name host:/livepad.bin flag 1 data 41378
[   14.0027] open fd = -5
[   14.0030] open name host:/livedbg.cmd flag 1 data 41378
[   14.0040] open fd = -5
[   14.0216] open name host:/livepad.bin flag 1 data 41378
[   14.0228] open fd = -5
[   14.0390] open name host:/livepad.bin flag 1 data 41378
[   14.0404] open fd = -5
[   14.0571] open name host:/livepad.bin flag 1 data 41378
[   14.0584] open fd = -5
[   14.0758] open name host:/livepad.bin flag 1 data 41378
[   14.0772] open fd = -5
[   14.0934] open name host:/livepad.bin flag 1 data 41378
[   14.0947] open fd = -5
[   14.0956] open name host:/log.txt flag 302 data 41378
[   14.0972] open fd = 256
[   14.1154] open name host:/livepad.bin flag 1 data 41378
[   14.1168] open fd = -5
[   14.1172] open name host:/livedbg.cmd flag 1 data 41378
[   14.1184] open fd = -5
[   14.1343] open name host:/livepad.bin flag 1 data 41378
[   14.1355] open fd = -5
[   14.1514] open name host:/livepad.bin flag 1 data 41378
[   14.1529] open fd = -5
[   14.1699] open name host:/livepad.bin flag 1 data 41378
[   14.1711] open fd = -5
[   14.1723] LOG: SKYORACLE scene=0 generation=1 count=1152 equal=1 check=240 bboxBefore=1005
[   14.1884] open name host:/livepad.bin flag 1 data 41378
[   14.1897] open fd = -5
[   14.2066] open name host:/livepad.bin flag 1 data 41378
[   14.2079] open fd = -5
[   14.2244] open name host:/livepad.bin flag 1 data 41378
[   14.2260] open fd = -5
[   14.2263] open name host:/livedbg.cmd flag 1 data 41378
[   14.2273] open fd = -5
[   14.2438] open name host:/livepad.bin flag 1 data 41378
[   14.2451] open fd = -5
[   14.2630] open name host:/livepad.bin flag 1 data 41378
[   14.2645] open fd = -5
[   14.2813] open name host:/livepad.bin flag 1 data 41378
[   14.2830] open fd = -5
[   14.3002] open name host:/livepad.bin flag 1 data 41378
[   14.3015] open fd = -5
[   14.3181] open name host:/livepad.bin flag 1 data 41378
[   14.3194] open fd = -5
[   14.3364] open name host:/livepad.bin flag 1 data 41378
[   14.3377] open fd = -5
[   14.3380] open name host:/livedbg.cmd flag 1 data 41378
[   14.3390] open fd = -5
[   14.3546] open name host:/livepad.bin flag 1 data 41378
[   14.3559] open fd = -5
[   14.3587] open name host:/log.txt flag 302 data 41378
[   14.3603] open fd = 256
[   14.3776] open name host:/livepad.bin flag 1 data 41378
[   14.3788] open fd = -5
[   14.4053] open name host:/livepad.bin flag 1 data 41378
[   14.4066] open fd = -5
[   14.4234] open name host:/livepad.bin flag 1 data 41378
[   14.4247] open fd = -5
[   14.4416] open name host:/livepad.bin flag 1 data 41378
[   14.4428] open fd = -5
[   14.4598] open name host:/livepad.bin flag 1 data 41378
[   14.4610] open fd = -5
[   14.4612] open name host:/livedbg.cmd flag 1 data 41378
[   14.4623] open fd = -5
[   14.4796] open name host:/livepad.bin flag 1 data 41378
[   14.4810] open fd = -5
[   14.4970] open name host:/livepad.bin flag 1 data 41378
[   14.4987] open fd = -5
[   14.5160] open name host:/livepad.bin flag 1 data 41378
[   14.5173] open fd = -5
[   14.5333] open name host:/livepad.bin flag 1 data 41378
[   14.5344] open fd = -5
[   14.5507] open name host:/livepad.bin flag 1 data 41378
[   14.5520] open fd = -5
[   14.5527] open name host:/log.txt flag 302 data 41378
[   14.5542] open fd = 256
[   14.5729] open name host:/livepad.bin flag 1 data 41378
[   14.5742] open fd = -5
[   14.5745] open name host:/livedbg.cmd flag 1 data 41378
[   14.5754] open fd = -5
[   14.5935] open name host:/livepad.bin flag 1 data 41378
[   14.5950] open fd = -5
[   14.6117] open name host:/livepad.bin flag 1 data 41378
[   14.6130] open fd = -5
[   14.6293] open name host:/livepad.bin flag 1 data 41378
[   14.6308] open fd = -5
[   14.6487] open name host:/livepad.bin flag 1 data 41378
[   14.6500] open fd = -5
[   14.6662] open name host:/livepad.bin flag 1 data 41378
[   14.6674] open fd = -5
[   14.6835] open name host:/livepad.bin flag 1 data 41378
[   14.6848] open fd = -5
[   14.6851] open name host:/livedbg.cmd flag 1 data 41378
[   14.6861] open fd = -5
[   14.7022] open name host:/livepad.bin flag 1 data 41378
[   14.7035] open fd = -5
[   14.7215] open name host:/livepad.bin flag 1 data 41378
[   14.7228] open fd = -5
[   14.7381] open name host:/livepad.bin flag 1 data 41378
[   14.7393] open fd = -5
[   14.7555] open name host:/livepad.bin flag 1 data 41378
[   14.7569] open fd = -5
[   14.7719] open name host:/livepad.bin flag 1 data 41378
[   14.7729] open fd = -5
[   14.7890] open name host:/livepad.bin flag 1 data 41378
[   14.7903] open fd = -5
[   14.7905] open name host:/livedbg.cmd flag 1 data 41378
[   14.7915] open fd = -5
[   14.8077] open name host:/livepad.bin flag 1 data 41378
[   14.8090] open fd = -5
[   14.8250] open name host:/livepad.bin flag 1 data 41378
[   14.8265] open fd = -5
[   14.8443] open name host:/livepad.bin flag 1 data 41378
[   14.8454] open fd = -5
[   14.8623] open name host:/livepad.bin flag 1 data 41378
[   14.8635] open fd = -5
[   14.8807] open name host:/livepad.bin flag 1 data 41378
[   14.8824] open fd = -5
[   14.8980] open name host:/livepad.bin flag 1 data 41378
[   14.8995] open fd = -5
[   14.8998] open name host:/livedbg.cmd flag 1 data 41378
[   14.9008] open fd = -5
[   14.9179] open name host:/livepad.bin flag 1 data 41378
[   14.9194] open fd = -5
[   14.9376] open name host:/livepad.bin flag 1 data 41378
[   14.9391] open fd = -5
[   14.9581] open name host:/livepad.bin flag 1 data 41378
[   14.9596] open fd = -5
[   14.9775] open name host:/livepad.bin flag 1 data 41378
[   14.9790] open fd = -5
[   14.9989] open name host:/livepad.bin flag 1 data 41378
[   15.0004] open fd = -5
[   15.0167] open name host:/livepad.bin flag 1 data 41378
[   15.0181] open fd = -5
[   15.0185] open name host:/livedbg.cmd flag 1 data 41378
[   15.0198] open fd = -5
[   15.0201] open name host:/log.txt flag 302 data 41378
[   15.0221] open fd = 256
[   15.0516] open name host:/livepad.bin flag 1 data 41378
[   15.0528] open fd = -5
[   15.0552] open name host:/log.txt flag 302 data 41378
[   15.0574] open fd = 256
[   15.0754] open name host:/livepad.bin flag 1 data 41378
[   15.0768] open fd = -5
[   15.0937] open name host:/livepad.bin flag 1 data 41378
[   15.0950] open fd = -5
[   15.1113] open name host:/livepad.bin flag 1 data 41378
[   15.1126] open fd = -5
[   15.1285] open name host:/livepad.bin flag 1 data 41378
[   15.1299] open fd = -5
[   15.1455] open name host:/livepad.bin flag 1 data 41378
[   15.1468] open fd = -5
[   15.1471] open name host:/livedbg.cmd flag 1 data 41378
[   15.1487] open fd = -5
[   15.1756] open name host:/livepad.bin flag 1 data 41378
[   15.1770] open fd = -5
[   15.1780] open name host:/log.txt flag 302 data 41378
[   15.1795] open fd = 256
[   15.1816] open name host:/log.txt flag 302 data 41378
[   15.1835] open fd = 256
[   15.2003] open name host:/livepad.bin flag 1 data 41378
[   15.2016] open fd = -5
[   15.2040] open name host:/log.txt flag 302 data 41378
[   15.2056] open fd = 256
[   15.2073] open name host:/log.txt flag 302 data 41378
[   15.2092] open fd = 256
[   15.2371] open name host:/livepad.bin flag 1 data 41378
[   15.2385] open fd = -5
[   15.2400] open name host:/log.txt flag 302 data 41378
[   15.2419] open fd = 256
[   15.2438] open name host:/log.txt flag 302 data 41378
[   15.2456] open fd = 256
[   15.2655] open name host:/livepad.bin flag 1 data 41378
[   15.2669] open fd = -5
[   15.2697] open name host:/log.txt flag 302 data 41378
[   15.2715] open fd = 256
[   15.2733] open name host:/log.txt flag 302 data 41378
[   15.2749] open fd = 256
[   15.3038] FRAMEARENA frames=360 peak=1037904 resets=2 fallbacks=0 maxFrameBytes=2731360 maxBorrowed=2045696 freeKiB=9933
[   15.3041] NATIVEVIF frames=360 batches=362
[   15.3042] ORDEREDFRAME frames=360 splitFrames=1
[   15.3044] FRAMEPIPELINE starts=360 dmaBusyStarts=0
[   15.3045] open name host:/livepad.bin flag 1 data 41378
[   15.3060] open fd = -5
[   15.3068] open name host:/log.txt flag 302 data 41378
[   15.3084] open fd = 256
[   15.3103] open name host:/log.txt flag 302 data 41378
[   15.3120] open fd = 256
[   15.3310] open name host:/livepad.bin flag 1 data 41378
[   15.3325] open fd = -5
[   15.3329] open name host:/livedbg.cmd flag 1 data 41378
[   15.3339] open fd = -5
[   15.3357] open name host:/log.txt flag 302 data 41378
[   15.3373] open fd = 256
[   15.3562] open name host:/livepad.bin flag 1 data 41378
[   15.3576] open fd = -5
[   15.3760] open name host:/livepad.bin flag 1 data 41378
[   15.3776] open fd = -5
[   15.3972] open name host:/livepad.bin flag 1 data 41378
[   15.3986] open fd = -5
[   15.3997] LOG: SKYWARM scene=0 generation=1 count=1152 check=300
[   15.4024] open name host:/log.txt flag 302 data 41378
[   15.4041] open fd = 256
[   15.4216] open name host:/livepad.bin flag 1 data 41378
[   15.4231] open fd = -5
[   15.4462] open name host:/livepad.bin flag 1 data 41378
[   15.4477] open fd = -5
[   15.4660] open name host:/livepad.bin flag 1 data 41378
[   15.4676] open fd = -5
[   15.4681] open name host:/livedbg.cmd flag 1 data 41378
[   15.4692] open fd = -5
[   15.4899] open name host:/livepad.bin flag 1 data 41378
[   15.4914] open fd = -5
[   15.5103] open name host:/livepad.bin flag 1 data 41378
[   15.5116] open fd = -5
[   15.5303] open name host:/livepad.bin flag 1 data 41378
[   15.5316] open fd = -5
[   15.5326] open name host:/log.txt flag 302 data 41378
[   15.5342] open fd = 256
[   15.5529] open name host:/livepad.bin flag 1 data 41378
[   15.5543] open fd = -5
[   15.5728] open name host:/livepad.bin flag 1 data 41378
[   15.5744] open fd = -5
[   15.5931] open name host:/livepad.bin flag 1 data 41378
[   15.5946] open fd = -5
[   15.5951] open name host:/livedbg.cmd flag 1 data 41378
[   15.5961] open fd = -5
[   15.6141] open name host:/livepad.bin flag 1 data 41378
[   15.6157] open fd = -5
[   15.6321] open name host:/livepad.bin flag 1 data 41378
[   15.6335] open fd = -5
[   15.6513] open name host:/livepad.bin flag 1 data 41378
[   15.6528] open fd = -5
[   15.6701] open name host:/livepad.bin flag 1 data 41378
[   15.6714] open fd = -5
[   15.6900] open name host:/livepad.bin flag 1 data 41378
[   15.6913] open fd = -5
[   15.7092] open name host:/livepad.bin flag 1 data 41378
[   15.7105] open fd = -5
[   15.7109] open name host:/livedbg.cmd flag 1 data 41378
[   15.7119] open fd = -5
[   15.7288] open name host:/livepad.bin flag 1 data 41378
[   15.7300] open fd = -5
[   15.7484] open name host:/livepad.bin flag 1 data 41378
[   15.7497] open fd = -5
[   15.7671] open name host:/livepad.bin flag 1 data 41378
[   15.7685] open fd = -5
[   15.7846] open name host:/livepad.bin flag 1 data 41378
[   15.7860] open fd = -5
[   15.8040] open name host:/livepad.bin flag 1 data 41378
[   15.8054] open fd = -5
[   15.8226] open name host:/livepad.bin flag 1 data 41378
[   15.8239] open fd = -5
[   15.8242] open name host:/livedbg.cmd flag 1 data 41378
[   15.8252] open fd = -5
[   15.8421] open name host:/livepad.bin flag 1 data 41378
[   15.8435] open fd = -5
[   15.8629] open name host:/livepad.bin flag 1 data 41378
[   15.8642] open fd = -5
[   15.8810] open name host:/livepad.bin flag 1 data 41378
[   15.8825] open fd = -5
[   15.8998] open name host:/livepad.bin flag 1 data 41378
[   15.9011] open fd = -5
[   15.9180] open name host:/livepad.bin flag 1 data 41378
[   15.9195] open fd = -5
[   15.9367] open name host:/livepad.bin flag 1 data 41378
[   15.9381] open fd = -5
[   15.9385] open name host:/livedbg.cmd flag 1 data 41378
[   15.9397] open fd = -5
[   15.9553] open name host:/livepad.bin flag 1 data 41378
[   15.9566] open fd = -5
[   15.9748] open name host:/livepad.bin flag 1 data 41378
[   15.9762] open fd = -5
[   15.9947] open name host:/livepad.bin flag 1 data 41378
[   15.9960] open fd = -5
[   16.0186] open name host:/livepad.bin flag 1 data 41378
[   16.0199] open fd = -5
[   16.0206] open name host:/log.txt flag 302 data 41378
[   16.0221] open fd = 256
[   16.0407] open name host:/livepad.bin flag 1 data 41378
[   16.0420] open fd = -5
[   16.0597] open name host:/livepad.bin flag 1 data 41378
[   16.0610] open fd = -5
[   16.0612] open name host:/livedbg.cmd flag 1 data 41378
[   16.0622] open fd = -5
[   16.0788] open name host:/livepad.bin flag 1 data 41378
[   16.0808] open fd = -5
[   16.0985] open name host:/livepad.bin flag 1 data 41378
[   16.1000] open fd = -5
[   16.1182] open name host:/livepad.bin flag 1 data 41378
[   16.1194] open fd = -5
[   16.1359] open name host:/livepad.bin flag 1 data 41378
[   16.1371] open fd = -5
[   16.1541] open name host:/livepad.bin flag 1 data 41378
[   16.1553] open fd = -5
[   16.1720] open name host:/livepad.bin flag 1 data 41378
[   16.1733] open fd = -5
[   16.1737] open name host:/livedbg.cmd flag 1 data 41378
[   16.1748] open fd = -5
[   16.1908] open name host:/livepad.bin flag 1 data 41378
[   16.1921] open fd = -5
[   16.2079] open name host:/livepad.bin flag 1 data 41378
[   16.2091] open fd = -5
[   16.2246] open name host:/livepad.bin flag 1 data 41378
[   16.2259] open fd = -5
[   16.2415] open name host:/livepad.bin flag 1 data 41378
[   16.2427] open fd = -5
[   16.2577] open name host:/livepad.bin flag 1 data 41378
[   16.2590] open fd = -5
[   16.2766] open name host:/livepad.bin flag 1 data 41378
[   16.2779] open fd = -5
[   16.2782] open name host:/livedbg.cmd flag 1 data 41378
[   16.2790] open fd = -5
[   16.2942] open name host:/livepad.bin flag 1 data 41378
[   16.2954] open fd = -5
[   16.3125] open name host:/livepad.bin flag 1 data 41378
[   16.3137] open fd = -5
[   16.3319] open name host:/livepad.bin flag 1 data 41378
[   16.3332] open fd = -5
[   16.3500] open name host:/livepad.bin flag 1 data 41378
[   16.3513] open fd = -5
[   16.3541] open name host:/log.txt flag 302 data 41378
[   16.3556] open fd = 256
[   16.3708] open name host:/livepad.bin flag 1 data 41378
[   16.3720] open fd = -5
[   16.3744] open name host:/log.txt flag 302 data 41378
[   16.3761] open fd = 256
[   16.3928] open name host:/livepad.bin flag 1 data 41378
[   16.3943] open fd = -5
[   16.3948] open name host:/livedbg.cmd flag 1 data 41378
[   16.3957] open fd = -5
[   16.4126] open name host:/livepad.bin flag 1 data 41378
[   16.4138] open fd = -5
[   16.4295] open name host:/livepad.bin flag 1 data 41378
[   16.4309] open fd = -5
[   16.4475] open name host:/livepad.bin flag 1 data 41378
[   16.4491] open fd = -5
[   16.4664] open name host:/livepad.bin flag 1 data 41378
[   16.4676] open fd = -5
[   16.4833] open name host:/livepad.bin flag 1 data 41378
[   16.4845] open fd = -5
[   16.4852] open name host:/log.txt flag 302 data 41378
[   16.4868] open fd = 256
[   16.5048] open name host:/livepad.bin flag 1 data 41378
[   16.5061] open fd = -5
[   16.5063] open name host:/livedbg.cmd flag 1 data 41378
[   16.5072] open fd = -5
[   16.5235] open name host:/livepad.bin flag 1 data 41378
[   16.5247] open fd = -5
[   16.5410] open name host:/livepad.bin flag 1 data 41378
[   16.5421] open fd = -5
[   16.5576] open name host:/livepad.bin flag 1 data 41378
[   16.5588] open fd = -5
[   16.5600] LOG: SKYORACLE scene=0 generation=1 count=1152 equal=1 check=360 bboxBefore=1824
[   16.5748] open name host:/livepad.bin flag 1 data 41378
[   16.5761] open fd = -5
[   16.5916] open name host:/livepad.bin flag 1 data 41378
[   16.5928] open fd = -5
[   16.6086] open name host:/livepad.bin flag 1 data 41378
[   16.6098] open fd = -5
[   16.6101] open name host:/livedbg.cmd flag 1 data 41378
[   16.6111] open fd = -5
[   16.6265] open name host:/livepad.bin flag 1 data 41378
[   16.6277] open fd = -5
[   16.6450] open name host:/livepad.bin flag 1 data 41378
[   16.6462] open fd = -5
[   16.6616] open name host:/livepad.bin flag 1 data 41378
[   16.6630] open fd = -5
[   16.6781] open name host:/livepad.bin flag 1 data 41378
[   16.6795] open fd = -5
[   16.6961] open name host:/livepad.bin flag 1 data 41378
[   16.6973] open fd = -5
[   16.7142] open name host:/livepad.bin flag 1 data 41378
[   16.7158] open fd = -5
[   16.7161] open name host:/livedbg.cmd flag 1 data 41378
[   16.7171] open fd = -5
[   16.7336] open name host:/livepad.bin flag 1 data 41378
[   16.7351] open fd = -5
[   16.7506] open name host:/livepad.bin flag 1 data 41378
[   16.7520] open fd = -5
[   16.7689] open name host:/livepad.bin flag 1 data 41378
[   16.7704] open fd = -5
[   16.7863] open name host:/livepad.bin flag 1 data 41378
[   16.7877] open fd = -5
[   16.8051] open name host:/livepad.bin flag 1 data 41378
[   16.8064] open fd = -5
[   16.8218] open name host:/livepad.bin flag 1 data 41378
[   16.8231] open fd = -5
[   16.8233] open name host:/livedbg.cmd flag 1 data 41378
[   16.8243] open fd = -5
[   16.8400] open name host:/livepad.bin flag 1 data 41378
[   16.8412] open fd = -5
[   16.8585] open name host:/livepad.bin flag 1 data 41378
[   16.8597] open fd = -5
[   16.8759] open name host:/livepad.bin flag 1 data 41378
[   16.8772] open fd = -5
[   16.8939] open name host:/livepad.bin flag 1 data 41378
[   16.8951] open fd = -5
[   16.9105] open name host:/livepad.bin flag 1 data 41378
[   16.9117] open fd = -5
[   16.9266] open name host:/livepad.bin flag 1 data 41378
[   16.9278] open fd = -5
[   16.9281] open name host:/livedbg.cmd flag 1 data 41378
[   16.9292] open fd = -5
[   16.9303] open name host:/log.txt flag 302 data 41378
[   16.9321] open fd = 256
[   16.9489] open name host:/livepad.bin flag 1 data 41378
[   16.9501] open fd = -5
[   16.9657] open name host:/livepad.bin flag 1 data 41378
[   16.9670] open fd = -5
[   16.9833] open name host:/livepad.bin flag 1 data 41378
[   16.9847] open fd = -5
[   17.0005] open name host:/livepad.bin flag 1 data 41378
[   17.0018] open fd = -5
[   17.0181] open name host:/livepad.bin flag 1 data 41378
[   17.0193] open fd = -5
[   17.0354] open name host:/livepad.bin flag 1 data 41378
[   17.0366] open fd = -5
[   17.0368] open name host:/livedbg.cmd flag 1 data 41378
[   17.0378] open fd = -5
[   17.0549] open name host:/livepad.bin flag 1 data 41378
[   17.0564] open fd = -5
[   17.0723] open name host:/livepad.bin flag 1 data 41378
[   17.0737] open fd = -5
[   17.0895] open name host:/livepad.bin flag 1 data 41378
[   17.0911] open fd = -5
[   17.1065] open name host:/livepad.bin flag 1 data 41378
[   17.1078] open fd = -5
[   17.1233] open name host:/livepad.bin flag 1 data 41378
[   17.1247] open fd = -5
[   17.1419] open name host:/livepad.bin flag 1 data 41378
[   17.1432] open fd = -5
[   17.1435] open name host:/livedbg.cmd flag 1 data 41378
[   17.1444] open fd = -5
[   17.1599] open name host:/livepad.bin flag 1 data 41378
[   17.1611] open fd = -5
[   17.1799] open name host:/livepad.bin flag 1 data 41378
[   17.1816] open fd = -5
[   17.1975] open name host:/livepad.bin flag 1 data 41378
[   17.1988] open fd = -5
[   17.2150] open name host:/livepad.bin flag 1 data 41378
[   17.2163] open fd = -5
[   17.2324] open name host:/livepad.bin flag 1 data 41378
[   17.2337] open fd = -5
[   17.2497] open name host:/livepad.bin flag 1 data 41378
[   17.2510] open fd = -5
[   17.2513] open name host:/livedbg.cmd flag 1 data 41378
[   17.2523] open fd = -5
[   17.2690] open name host:/livepad.bin flag 1 data 41378
[   17.2703] open fd = -5
[   17.2727] open name host:/log.txt flag 302 data 41378
[   17.2741] open fd = 256
[   17.2895] open name host:/livepad.bin flag 1 data 41378
[   17.2909] open fd = -5
[   17.3070] open name host:/livepad.bin flag 1 data 41378
[   17.3084] open fd = -5
[   17.3244] open name host:/livepad.bin flag 1 data 41378
[   17.3256] open fd = -5
[   17.3414] open name host:/livepad.bin flag 1 data 41378
[   17.3426] open fd = -5
[   17.3580] open name host:/livepad.bin flag 1 data 41378
[   17.3593] open fd = -5
[   17.3595] open name host:/livedbg.cmd flag 1 data 41378
[   17.3605] open fd = -5
[   17.3765] open name host:/livepad.bin flag 1 data 41378
[   17.3779] open fd = -5
[   17.3786] open name host:/log.txt flag 302 data 41378
[   17.3802] open fd = 256
[   17.3973] open name host:/livepad.bin flag 1 data 41378
[   17.3986] open fd = -5
[   17.4138] open name host:/livepad.bin flag 1 data 41378
[   17.4151] open fd = -5
[   17.4307] open name host:/livepad.bin flag 1 data 41378
[   17.4321] open fd = -5
[   17.4484] open name host:/livepad.bin flag 1 data 41378
[   17.4498] open fd = -5
[   17.4660] open name host:/livepad.bin flag 1 data 41378
[   17.4676] open fd = -5
[   17.4679] open name host:/livedbg.cmd flag 1 data 41378
[   17.4688] open fd = -5
[   17.4834] open name host:/livepad.bin flag 1 data 41378
[   17.4847] open fd = -5
[   17.5008] open name host:/livepad.bin flag 1 data 41378
[   17.5021] open fd = -5
[   17.5183] open name host:/livepad.bin flag 1 data 41378
[   17.5196] open fd = -5
[   17.5356] open name host:/livepad.bin flag 1 data 41378
[   17.5371] open fd = -5
[   17.5532] FRAMEARENA frames=480 peak=1037904 resets=2 fallbacks=0 maxFrameBytes=2731360 maxBorrowed=2045696 freeKiB=10707
[   17.5534] NATIVEVIF frames=480 batches=482
[   17.5536] ORDEREDFRAME frames=480 splitFrames=1
[   17.5539] FRAMEPIPELINE starts=480 dmaBusyStarts=0
[   17.5539] open name host:/livepad.bin flag 1 data 41378
[   17.5551] open fd = -5
[   17.5711] open name host:/livepad.bin flag 1 data 41378
[   17.5722] open fd = -5
[   17.5725] open name host:/livedbg.cmd flag 1 data 41378
[   17.5734] open fd = -5
[   17.5890] open name host:/livepad.bin flag 1 data 41378
[   17.5902] open fd = -5
[   17.6061] open name host:/livepad.bin flag 1 data 41378
[   17.6074] open fd = -5
[   17.6240] open name host:/livepad.bin flag 1 data 41378
[   17.6251] open fd = -5
[   17.6258] LOG: SKYWARM scene=0 generation=1 count=1152 check=420
[   17.6415] open name host:/livepad.bin flag 1 data 41378
[   17.6427] open fd = -5
[   17.6583] open name host:/livepad.bin flag 1 data 41378
[   17.6596] open fd = -5
[   17.6756] open name host:/livepad.bin flag 1 data 41378
[   17.6768] open fd = -5
[   17.6771] open name host:/livedbg.cmd flag 1 data 41378
[   17.6780] open fd = -5
[   17.6939] open name host:/livepad.bin flag 1 data 41378
[   17.6952] open fd = -5
[   17.7113] open name host:/livepad.bin flag 1 data 41378
[   17.7125] open fd = -5
[   17.7280] open name host:/livepad.bin flag 1 data 41378
[   17.7293] open fd = -5
[   17.7447] open name host:/livepad.bin flag 1 data 41378
[   17.7460] open fd = -5
[   17.7615] open name host:/livepad.bin flag 1 data 41378
[   17.7629] open fd = -5
[   17.7784] open name host:/livepad.bin flag 1 data 41378
[   17.7798] open fd = -5
[   17.7800] open name host:/livedbg.cmd flag 1 data 41378
[   17.7810] open fd = -5
[   17.7966] open name host:/livepad.bin flag 1 data 41378
[   17.7980] open fd = -5
[   17.8140] open name host:/livepad.bin flag 1 data 41378
[   17.8155] open fd = -5
[   17.8160] open name host:/log.txt flag 302 data 41378
[   17.8175] open fd = 256
[   17.8349] open name host:/livepad.bin flag 1 data 41378
[   17.8363] open fd = -5
[   17.8523] open name host:/livepad.bin flag 1 data 41378
[   17.8537] open fd = -5
[   17.8697] open name host:/livepad.bin flag 1 data 41378
[   17.8709] open fd = -5
[   17.8863] open name host:/livepad.bin flag 1 data 41378
[   17.8876] open fd = -5
[   17.8879] open name host:/livedbg.cmd flag 1 data 41378
[   17.8888] open fd = -5
[   17.9042] open name host:/livepad.bin flag 1 data 41378
[   17.9056] open fd = -5
[   17.9210] open name host:/livepad.bin flag 1 data 41378
[   17.9223] open fd = -5
[   17.9382] open name host:/livepad.bin flag 1 data 41378
[   17.9395] open fd = -5
[   17.9569] open name host:/livepad.bin flag 1 data 41378
[   17.9582] open fd = -5
[   17.9741] open name host:/livepad.bin flag 1 data 41378
[   17.9754] open fd = -5
[   17.9913] open name host:/livepad.bin flag 1 data 41378
[   17.9927] open fd = -5
[   17.9930] open name host:/livedbg.cmd flag 1 data 41378
[   17.9940] open fd = -5
[   18.0101] open name host:/livepad.bin flag 1 data 41378
[   18.0115] open fd = -5
[   18.0274] open name host:/livepad.bin flag 1 data 41378
[   18.0287] open fd = -5
[   18.0451] open name host:/livepad.bin flag 1 data 41378
[   18.0463] open fd = -5
[   18.0622] open name host:/livepad.bin flag 1 data 41378
[   18.0636] open fd = -5
[   18.0660] open name host:/log.txt flag 302 data 41378
[   18.0675] open fd = 256
[   18.0692] open name host:/log.txt flag 302 data 41378
[   18.0707] open fd = 256
[   18.0988] open name host:/livepad.bin flag 1 data 41378
[   18.1003] open fd = -5
[   18.1014] open name host:/log.txt flag 302 data 41378
[   18.1029] open fd = 256
[   18.1045] open name host:/log.txt flag 302 data 41378
[   18.1063] open fd = 256
[   18.1331] open name host:/livepad.bin flag 1 data 41378
[   18.1344] open fd = -5
[   18.1347] open name host:/livedbg.cmd flag 1 data 41378
[   18.1356] open fd = -5
[   18.1373] open name host:/log.txt flag 302 data 41378
[   18.1387] open fd = 256
[   18.1408] open name host:/log.txt flag 302 data 41378
[   18.1423] open fd = 256
[   18.1669] open name host:/livepad.bin flag 1 data 41378
[   18.1684] open fd = -5
[   18.1696] open name host:/log.txt flag 302 data 41378
[   18.1714] open fd = 256
[   18.1737] open name host:/log.txt flag 302 data 41378
[   18.1753] open fd = 256
[   18.2029] open name host:/livepad.bin flag 1 data 41378
[   18.2041] open fd = -5
[   18.2059] open name host:/log.txt flag 302 data 41378
[   18.2074] open fd = 256
[   18.2091] open name host:/log.txt flag 302 data 41378
[   18.2109] open fd = 256
[   18.2382] open name host:/livepad.bin flag 1 data 41378
[   18.2397] open fd = -5
[   18.2406] open name host:/log.txt flag 302 data 41378
[   18.2421] open fd = 256
[   18.2443] open name host:/log.txt flag 302 data 41378
[   18.2459] open fd = 256
[   18.2610] open name host:/log.txt flag 302 data 41378
[   18.2627] open fd = 256
[   18.2749] open name host:/livepad.bin flag 1 data 41378
[   18.2763] open fd = -5
[   18.2770] open name host:/log.txt flag 302 data 41378
[   18.2786] open fd = 256
[   18.2817] open name host:/log.txt flag 302 data 41378
[   18.2835] open fd = 256
[   18.2855] open name host:/log.txt flag 302 data 41378
[   18.2871] open fd = 256
[   18.3127] open name host:/livepad.bin flag 1 data 41378
[   18.3141] open fd = -5
[   18.3154] open name host:/log.txt flag 302 data 41378
[   18.3171] open fd = 256
[   18.3188] open name host:/log.txt flag 302 data 41378
[   18.3203] open fd = 256
[   18.3481] open name host:/livepad.bin flag 1 data 41378
[   18.3494] open fd = -5
[   18.3495] open name host:/livedbg.cmd flag 1 data 41378
[   18.3507] open fd = -5
[   18.3526] open name host:/log.txt flag 302 data 41378
[   18.3542] open fd = 256
[   18.3557] open name host:/log.txt flag 302 data 41378
[   18.3573] open fd = 256
[   18.3841] open name host:/livepad.bin flag 1 data 41378
[   18.3853] open fd = -5
[   18.3864] open name host:/log.txt flag 302 data 41378
[   18.3880] open fd = 256
[   18.3898] open name host:/log.txt flag 302 data 41378
[   18.3918] open fd = 256
[   18.4181] open name host:/livepad.bin flag 1 data 41378
[   18.4196] open fd = -5
[   18.4215] open name host:/log.txt flag 302 data 41378
[   18.4232] open fd = 256
[   18.4490] open name host:/livepad.bin flag 1 data 41378
[   18.4504] open fd = -5
[   18.4658] open name host:/livepad.bin flag 1 data 41378
[   18.4669] open fd = -5
[   18.4923] open name host:/livepad.bin flag 1 data 41378
[   18.4935] open fd = -5
[   18.5100] open name host:/livepad.bin flag 1 data 41378
[   18.5111] open fd = -5
[   18.5112] open name host:/livedbg.cmd flag 1 data 41378
[   18.5121] open fd = -5
[   18.5413] open name host:/livepad.bin flag 1 data 41378
[   18.5425] open fd = -5
[   18.5609] open name host:/livepad.bin flag 1 data 41378
[   18.5625] open fd = -5
[   18.5909] open name host:/livepad.bin flag 1 data 41378
[   18.5923] open fd = -5
[   18.6111] open name host:/livepad.bin flag 1 data 41378
[   18.6125] open fd = -5
[   18.6409] open name host:/livepad.bin flag 1 data 41378
[   18.6425] open fd = -5
[   18.6602] open name host:/livepad.bin flag 1 data 41378
[   18.6615] open fd = -5
[   18.6619] open name host:/livedbg.cmd flag 1 data 41378
[   18.6629] open fd = -5
[   18.6912] open name host:/livepad.bin flag 1 data 41378
[   18.6929] open fd = -5
[   18.6932] open name host:/log.txt flag 302 data 41378
[   18.6948] open fd = 256
[   18.7125] open name host:/livepad.bin flag 1 data 41378
[   18.7138] open fd = -5
[   18.7292] open name host:/livepad.bin flag 1 data 41378
[   18.7306] open fd = -5
[   18.7452] open name host:/livepad.bin flag 1 data 41378
[   18.7465] open fd = -5
[   18.7621] open name host:/livepad.bin flag 1 data 41378
[   18.7635] open fd = -5
[   18.7785] open name host:/livepad.bin flag 1 data 41378
[   18.7798] open fd = -5
[   18.7803] open name host:/livedbg.cmd flag 1 data 41378
[   18.7813] open fd = -5
[   18.7954] open name host:/livepad.bin flag 1 data 41378
[   18.7968] open fd = -5
[   18.8119] open name host:/livepad.bin flag 1 data 41378
[   18.8133] open fd = -5
[   18.8295] open name host:/livepad.bin flag 1 data 41378
[   18.8308] open fd = -5
[   18.8463] open name host:/livepad.bin flag 1 data 41378
[   18.8478] open fd = -5
[   18.8626] open name host:/livepad.bin flag 1 data 41378
[   18.8642] open fd = -5
[   18.8778] open name host:/livepad.bin flag 1 data 41378
[   18.8792] open fd = -5
[   18.8797] open name host:/livedbg.cmd flag 1 data 41378
[   18.8811] open fd = -5
[   18.8958] open name host:/livepad.bin flag 1 data 41378
[   18.8973] open fd = -5
[   18.9115] open name host:/livepad.bin flag 1 data 41378
[   18.9126] open fd = -5
[   18.9279] open name host:/livepad.bin flag 1 data 41378
[   18.9295] open fd = -5
[   18.9303] LOG: SKYORACLE scene=0 generation=1 count=1152 equal=1 check=480 bboxBefore=2542
[   18.9435] open name host:/livepad.bin flag 1 data 41378
[   18.9447] open fd = -5
[   18.9746] open name host:/livepad.bin flag 1 data 41378
[   18.9760] open fd = -5
[   18.9940] open name host:/livepad.bin flag 1 data 41378
[   18.9952] open fd = -5
[   18.9958] open name host:/livedbg.cmd flag 1 data 41378
[   18.9968] open fd = -5
[   19.0252] open name host:/livepad.bin flag 1 data 41378
[   19.0266] open fd = -5
[   19.0443] open name host:/livepad.bin flag 1 data 41378
[   19.0455] open fd = -5
[   19.0743] open name host:/livepad.bin flag 1 data 41378
[   19.0756] open fd = -5
[   19.0937] open name host:/livepad.bin flag 1 data 41378
[   19.0949] open fd = -5
[   19.0956] open name host:/log.txt flag 302 data 41378
[   19.0973] open fd = 256
[   19.1253] open name host:/livepad.bin flag 1 data 41378
[   19.1269] open fd = -5
[   19.1444] open name host:/livepad.bin flag 1 data 41378
[   19.1457] open fd = -5
[   19.1462] open name host:/livedbg.cmd flag 1 data 41378
[   19.1471] open fd = -5
[   19.1748] open name host:/livepad.bin flag 1 data 41378
[   19.1761] open fd = -5
[   19.1940] open name host:/livepad.bin flag 1 data 41378
[   19.1953] open fd = -5
[   19.2258] open name host:/livepad.bin flag 1 data 41378
[   19.2271] open fd = -5
[   19.2440] open name host:/livepad.bin flag 1 data 41378
[   19.2451] open fd = -5
[   19.2472] open name host:/log.txt flag 302 data 41378
[   19.2486] open fd = 256
[   19.2747] open name host:/livepad.bin flag 1 data 41378
[   19.2761] open fd = -5
[   19.2939] open name host:/livepad.bin flag 1 data 41378
[   19.2953] open fd = -5
[   19.2957] open name host:/livedbg.cmd flag 1 data 41378
[   19.2967] open fd = -5
[   19.3252] open name host:/livepad.bin flag 1 data 41378
[   19.3265] open fd = -5
[   19.3446] open name host:/livepad.bin flag 1 data 41378
[   19.3462] open fd = -5
[   19.3749] open name host:/livepad.bin flag 1 data 41378
[   19.3762] open fd = -5
[   19.3944] open name host:/livepad.bin flag 1 data 41378
[   19.3958] open fd = -5
[   19.4247] open name host:/livepad.bin flag 1 data 41378
[   19.4260] open fd = -5
[   19.4294] open name host:/log.txt flag 302 data 41378
[   19.4312] open fd = 256
[   19.4447] open name host:/livepad.bin flag 1 data 41378
[   19.4461] open fd = -5
[   19.4467] open name host:/livedbg.cmd flag 1 data 41378
[   19.4477] open fd = -5
[   19.4751] open name host:/livepad.bin flag 1 data 41378
[   19.4767] open fd = -5
[   19.4945] open name host:/livepad.bin flag 1 data 41378
[   19.4958] open fd = -5
[   19.5248] open name host:/livepad.bin flag 1 data 41378
[   19.5264] open fd = -5
[   19.5268] open name host:/log.txt flag 302 data 41378
[   19.5283] open fd = 256
[   19.5442] open name host:/livepad.bin flag 1 data 41378
[   19.5454] open fd = -5
[   19.5760] open name host:/livepad.bin flag 1 data 41378
[   19.5775] open fd = -5
[   19.5946] open name host:/livepad.bin flag 1 data 41378
[   19.5960] open fd = -5
[   19.5964] open name host:/livedbg.cmd flag 1 data 41378
[   19.5975] open fd = -5
[   19.6252] open name host:/livepad.bin flag 1 data 41378
[   19.6267] open fd = -5
[   19.6441] open name host:/livepad.bin flag 1 data 41378
[   19.6453] open fd = -5
[   19.6752] open name host:/livepad.bin flag 1 data 41378
[   19.6766] open fd = -5
[   19.6955] open name host:/livepad.bin flag 1 data 41378
[   19.6969] open fd = -5
[   19.7249] open name host:/livepad.bin flag 1 data 41378
[   19.7265] open fd = -5
[   19.7441] open name host:/livepad.bin flag 1 data 41378
[   19.7455] open fd = -5
[   19.7460] open name host:/livedbg.cmd flag 1 data 41378
[   19.7472] open fd = -5
[   19.7753] open name host:/livepad.bin flag 1 data 41378
[   19.7766] open fd = -5
[   19.7953] open name host:/livepad.bin flag 1 data 41378
[   19.7966] open fd = -5
[   19.8253] open name host:/livepad.bin flag 1 data 41378
[   19.8267] open fd = -5
[   19.8459] open name host:/livepad.bin flag 1 data 41378
[   19.8473] open fd = -5
[   19.8748] open name host:/livepad.bin flag 1 data 41378
[   19.8761] open fd = -5
[   19.8940] open name host:/livepad.bin flag 1 data 41378
[   19.8953] open fd = -5
[   19.8957] open name host:/livedbg.cmd flag 1 data 41378
[   19.8967] open fd = -5
[   19.9248] open name host:/livepad.bin flag 1 data 41378
[   19.9261] open fd = -5
[   19.9265] open name host:/log.txt flag 302 data 41378
[   19.9281] open fd = 256
[   19.9449] open name host:/livepad.bin flag 1 data 41378
[   19.9461] open fd = -5
[   19.9751] open name host:/livepad.bin flag 1 data 41378
[   19.9764] open fd = -5
[   19.9950] open name host:/livepad.bin flag 1 data 41378
[   19.9965] open fd = -5
[   20.0257] open name host:/livepad.bin flag 1 data 41378
[   20.0270] open fd = -5
[   20.0452] open name host:/livepad.bin flag 1 data 41378
[   20.0464] open fd = -5
[   20.0469] open name host:/livedbg.cmd flag 1 data 41378
[   20.0478] open fd = -5
[   20.0758] open name host:/livepad.bin flag 1 data 41378
[   20.0772] open fd = -5
[   20.0951] open name host:/livepad.bin flag 1 data 41378
[   20.0965] open fd = -5
[   20.1252] open name host:/livepad.bin flag 1 data 41378
[   20.1269] open fd = -5
[   20.1452] open name host:/livepad.bin flag 1 data 41378
[   20.1464] open fd = -5
[   20.1755] open name host:/livepad.bin flag 1 data 41378
[   20.1770] open fd = -5
[   20.1956] open name host:/livepad.bin flag 1 data 41378
[   20.1969] open fd = -5
[   20.1976] open name host:/livedbg.cmd flag 1 data 41378
[   20.1987] open fd = -5
[   20.2260] open name host:/livepad.bin flag 1 data 41378
[   20.2273] open fd = -5
[   20.2446] open name host:/livepad.bin flag 1 data 41378
[   20.2459] open fd = -5
[   20.2762] open name host:/livepad.bin flag 1 data 41378
[   20.2777] open fd = -5
[   20.2949] open name host:/livepad.bin flag 1 data 41378
[   20.2962] open fd = -5
[   20.3257] FRAMEARENA frames=600 peak=1037904 resets=2 fallbacks=0 maxFrameBytes=2731360 maxBorrowed=2045696 freeKiB=11108
[   20.3260] NATIVEVIF frames=600 batches=602
[   20.3261] ORDEREDFRAME frames=600 splitFrames=1
[   20.3262] FRAMEPIPELINE starts=600 dmaBusyStarts=0
[   20.3263] open name host:/livepad.bin flag 1 data 41378
[   20.3275] open fd = -5
[   20.3453] open name host:/livepad.bin flag 1 data 41378
[   20.3466] open fd = -5
[   20.3472] open name host:/livedbg.cmd flag 1 data 41378
[   20.3483] open fd = -5
[   20.3485] open name host:/log.txt flag 302 data 41378
[   20.3501] open fd = 256
[   20.3786] open name host:/livepad.bin flag 1 data 41378
[   20.3799] open fd = -5
[   20.3951] open name host:/livepad.bin flag 1 data 41378
[   20.3965] open fd = -5
[   20.4258] open name host:/livepad.bin flag 1 data 41378
[   20.4272] open fd = -5
[   20.4276] LOG: SKYWARM scene=0 generation=1 count=1152 check=540
[   20.4461] open name host:/livepad.bin flag 1 data 41378
[   20.4475] open fd = -5
[   20.4761] open name host:/livepad.bin flag 1 data 41378
[   20.4775] open fd = -5
[   20.4956] open name host:/livepad.bin flag 1 data 41378
[   20.4970] open fd = -5
[   20.4976] open name host:/livedbg.cmd flag 1 data 41378
[   20.4987] open fd = -5
[   20.5265] open name host:/livepad.bin flag 1 data 41378
[   20.5277] open fd = -5
[   20.5455] open name host:/livepad.bin flag 1 data 41378
[   20.5470] open fd = -5
[   20.5760] open name host:/livepad.bin flag 1 data 41378
[   20.5774] open fd = -5
[   20.5955] open name host:/livepad.bin flag 1 data 41378
[   20.5970] open fd = -5
[   20.6260] open name host:/livepad.bin flag 1 data 41378
[   20.6273] open fd = -5
[   20.6456] open name host:/livepad.bin flag 1 data 41378
[   20.6470] open fd = -5
[   20.6476] open name host:/livedbg.cmd flag 1 data 41378
[   20.6485] open fd = -5
[   20.6764] open name host:/livepad.bin flag 1 data 41378
[   20.6778] open fd = -5
[   20.6815] open name host:/log.txt flag 302 data 41378
[   20.6831] open fd = 256
[   20.6965] open name host:/livepad.bin flag 1 data 41378
[   20.6977] open fd = -5
[   20.7264] open name host:/livepad.bin flag 1 data 41378
[   20.7278] open fd = -5
[   20.7457] open name host:/livepad.bin flag 1 data 41378
[   20.7468] open fd = -5
[   20.7762] open name host:/livepad.bin flag 1 data 41378
[   20.7775] open fd = -5
[   20.7780] open name host:/log.txt flag 302 data 41378
[   20.7797] open fd = 256
[   20.7978] open name host:/livepad.bin flag 1 data 41378
[   20.7992] open fd = -5
[   20.7998] open name host:/livedbg.cmd flag 1 data 41378
[   20.8010] open fd = -5
[   20.8279] open name host:/livepad.bin flag 1 data 41378
[   20.8292] open fd = -5
[   20.8462] open name host:/livepad.bin flag 1 data 41378
[   20.8475] open fd = -5
[   20.8764] open name host:/livepad.bin flag 1 data 41378
[   20.8778] open fd = -5
[   20.8959] open name host:/livepad.bin flag 1 data 41378
[   20.8973] open fd = -5
[   20.9263] open name host:/livepad.bin flag 1 data 41378
[   20.9277] open fd = -5
[   20.9458] open name host:/livepad.bin flag 1 data 41378
[   20.9471] open fd = -5
[   20.9476] open name host:/livedbg.cmd flag 1 data 41378
[   20.9487] open fd = -5
[   20.9761] open name host:/livepad.bin flag 1 data 41378
[   20.9775] open fd = -5
[   20.9961] open name host:/livepad.bin flag 1 data 41378
[   20.9977] open fd = -5
[   21.0266] open name host:/livepad.bin flag 1 data 41378
[   21.0279] open fd = -5
[   21.0460] open name host:/livepad.bin flag 1 data 41378
[   21.0473] open fd = -5
[   21.0481] open name host:/log.txt flag 302 data 41378
[   21.0497] open fd = 256
[   21.0869] open name host:/livepad.bin flag 1 data 41378
[   21.0883] open fd = -5
[   21.1061] open name host:/livepad.bin flag 1 data 41378
[   21.1075] open fd = -5
[   21.1081] open name host:/livedbg.cmd flag 1 data 41378
[   21.1092] open fd = -5
[   21.1362] open name host:/livepad.bin flag 1 data 41378
[   21.1377] open fd = -5
[   21.1536] open name host:/livepad.bin flag 1 data 41378
[   21.1548] open fd = -5
[   21.1807] open name host:/livepad.bin flag 1 data 41378
[   21.1822] open fd = -5
[   21.1828] open name host:/log.txt flag 302 data 41378
[   21.1845] open fd = 256
[   21.2048] open name host:/livepad.bin flag 1 data 41378
[   21.2063] open fd = -5
[   21.2344] open name host:/livepad.bin flag 1 data 41378
[   21.2358] open fd = -5
[   21.2514] open name host:/livepad.bin flag 1 data 41378
[   21.2527] open fd = -5
[   21.2534] open name host:/livedbg.cmd flag 1 data 41378
[   21.2543] open fd = -5
[   21.2806] open name host:/livepad.bin flag 1 data 41378
[   21.2820] open fd = -5
[   21.2981] open name host:/livepad.bin flag 1 data 41378
[   21.2997] open fd = -5
[   21.3269] open name host:/livepad.bin flag 1 data 41378
[   21.3284] open fd = -5
[   21.3474] open name host:/livepad.bin flag 1 data 41378
[   21.3486] open fd = -5
[   21.3770] open name host:/livepad.bin flag 1 data 41378
[   21.3784] open fd = -5
[   21.3974] open name host:/livepad.bin flag 1 data 41378
[   21.3989] open fd = -5
[   21.3993] open name host:/livedbg.cmd flag 1 data 41378
[   21.4005] open fd = -5
[   21.4271] open name host:/livepad.bin flag 1 data 41378
[   21.4285] open fd = -5
[   21.4467] open name host:/livepad.bin flag 1 data 41378
[   21.4480] open fd = -5
[   21.4773] open name host:/livepad.bin flag 1 data 41378
[   21.4786] open fd = -5
[   21.4965] open name host:/livepad.bin flag 1 data 41378
[   21.4978] open fd = -5
[   21.5280] open name host:/livepad.bin flag 1 data 41378
[   21.5293] open fd = -5
[   21.5460] open name host:/livepad.bin flag 1 data 41378
[   21.5474] open fd = -5
[   21.5479] open name host:/livedbg.cmd flag 1 data 41378
[   21.5489] open fd = -5
[   21.5766] open name host:/livepad.bin flag 1 data 41378
[   21.5782] open fd = -5
[   21.5971] open name host:/livepad.bin flag 1 data 41378
[   21.5987] open fd = -5
[   21.5995] open name host:/log.txt flag 302 data 41378
[   21.6021] open fd = 256
[   21.6312] open name host:/livepad.bin flag 1 data 41378
[   21.6327] open fd = -5
[   21.6482] open name host:/livepad.bin flag 1 data 41378
[   21.6495] open fd = -5
[   21.6768] open name host:/livepad.bin flag 1 data 41378
[   21.6781] open fd = -5
[   21.6968] open name host:/livepad.bin flag 1 data 41378
[   21.6982] open fd = -5
[   21.6986] open name host:/livedbg.cmd flag 1 data 41378
[   21.6998] open fd = -5
[   21.7277] open name host:/livepad.bin flag 1 data 41378
[   21.7292] open fd = -5
[   21.7469] open name host:/livepad.bin flag 1 data 41378
[   21.7484] open fd = -5
[   21.7773] open name host:/livepad.bin flag 1 data 41378
[   21.7790] open fd = -5
[   21.7969] open name host:/livepad.bin flag 1 data 41378
[   21.7986] open fd = -5
[   21.8269] open name host:/livepad.bin flag 1 data 41378
[   21.8284] open fd = -5
[   21.8466] open name host:/livepad.bin flag 1 data 41378
[   21.8480] open fd = -5
[   21.8484] open name host:/livedbg.cmd flag 1 data 41378
[   21.8494] open fd = -5
[   21.8774] open name host:/livepad.bin flag 1 data 41378
[   21.8788] open fd = -5
[   21.8963] open name host:/livepad.bin flag 1 data 41378
[   21.8978] open fd = -5
[   21.9270] open name host:/livepad.bin flag 1 data 41378
[   21.9284] open fd = -5
[   21.9294] LOG: SKYORACLE scene=0 generation=1 count=1152 equal=1 check=600 bboxBefore=3086
[   21.9327] open name host:/log.txt flag 302 data 41378
[   21.9344] open fd = 256
[   21.9597] open name host:/livepad.bin flag 1 data 41378
[   21.9612] open fd = -5
[   21.9944] open name host:/livepad.bin flag 1 data 41378
[   21.9957] open fd = -5
[   22.0143] open name host:/livepad.bin flag 1 data 41378
[   22.0160] open fd = -5
[   22.0166] open name host:/livedbg.cmd flag 1 data 41378
[   22.0178] open fd = -5
[   22.0182] open name host:/log.txt flag 302 data 41378
[   22.0197] open fd = 256
[   22.0480] open name host:/livepad.bin flag 1 data 41378
[   22.0495] open fd = -5
[   22.0651] open name host:/livepad.bin flag 1 data 41378
[   22.0664] open fd = -5
[   22.0939] open name host:/livepad.bin flag 1 data 41378
[   22.0953] open fd = -5
[   22.1142] open name host:/livepad.bin flag 1 data 41378
[   22.1156] open fd = -5
[   22.1442] open name host:/livepad.bin flag 1 data 41378
[   22.1456] open fd = -5
[   22.1639] open name host:/livepad.bin flag 1 data 41378
[   22.1653] open fd = -5
[   22.1657] open name host:/livedbg.cmd flag 1 data 41378
[   22.1667] open fd = -5
[   22.1943] open name host:/livepad.bin flag 1 data 41378
[   22.1957] open fd = -5
[   22.2142] open name host:/livepad.bin flag 1 data 41378
[   22.2154] open fd = -5
[   22.2445] open name host:/livepad.bin flag 1 data 41378
[   22.2460] open fd = -5
[   22.2651] open name host:/livepad.bin flag 1 data 41378
[   22.2666] open fd = -5
[   22.2939] open name host:/livepad.bin flag 1 data 41378
[   22.2953] open fd = -5
[   22.3146] open name host:/livepad.bin flag 1 data 41378
[   22.3159] open fd = -5
[   22.3165] open name host:/livedbg.cmd flag 1 data 41378
[   22.3180] open fd = -5
[   22.3446] open name host:/livepad.bin flag 1 data 41378
[   22.3464] open fd = -5
[   22.3649] open name host:/livepad.bin flag 1 data 41378
[   22.3661] open fd = -5
[   22.3948] open name host:/livepad.bin flag 1 data 41378
[   22.3962] open fd = -5
[   22.4139] open name host:/livepad.bin flag 1 data 41378
[   22.4152] open fd = -5
[   22.4447] open name host:/livepad.bin flag 1 data 41378
[   22.4459] open fd = -5
[   22.4464] open name host:/log.txt flag 302 data 41378
[   22.4479] open fd = 256
[   22.4644] open name host:/livepad.bin flag 1 data 41378
[   22.4656] open fd = -5
[   22.4662] open name host:/livedbg.cmd flag 1 data 41378
[   22.4673] open fd = -5
[   22.4939] open name host:/livepad.bin flag 1 data 41378
[   22.4955] open fd = -5
[   22.5143] open name host:/livepad.bin flag 1 data 41378
[   22.5158] open fd = -5
[   22.5441] open name host:/livepad.bin flag 1 data 41378
[   22.5457] open fd = -5
[   22.5641] open name host:/livepad.bin flag 1 data 41378
[   22.5654] open fd = -5
[   22.5679] open name host:/log.txt flag 302 data 41378
[   22.5700] open fd = 256
[   22.5720] open name host:/log.txt flag 302 data 41378
[   22.5737] open fd = 256
[   22.6013] open name host:/livepad.bin flag 1 data 41378
[   22.6027] open fd = -5
[   22.6041] open name host:/log.txt flag 302 data 41378
[   22.6056] open fd = 256
[   22.6078] open name host:/log.txt flag 302 data 41378
[   22.6096] open fd = 256
[   22.6260] open name host:/livepad.bin flag 1 data 41378
[   22.6273] open fd = -5
[   22.6277] open name host:/livedbg.cmd flag 1 data 41378
[   22.6289] open fd = -5
[   22.6307] open name host:/log.txt flag 302 data 41378
[   22.6322] open fd = 256
[   22.6342] open name host:/log.txt flag 302 data 41378
[   22.6359] open fd = 256
[   22.6632] open name host:/livepad.bin flag 1 data 41378
[   22.6646] open fd = -5
[   22.6655] open name host:/log.txt flag 302 data 41378
[   22.6670] open fd = 256
[   22.6692] open name host:/log.txt flag 302 data 41378
[   22.6707] open fd = 256
[   22.6890] open name host:/livepad.bin flag 1 data 41378
[   22.6903] open fd = -5
[   22.6927] open name host:/log.txt flag 302 data 41378
[   22.6942] open fd = 256
[   22.6957] open name host:/log.txt flag 302 data 41378
[   22.6973] open fd = 256
[   22.7136] open name host:/livepad.bin flag 1 data 41378
[   22.7149] open fd = -5
[   22.7160] open name host:/log.txt flag 302 data 41378
[   22.7177] open fd = 256
[   22.7194] open name host:/log.txt flag 302 data 41378
[   22.7211] open fd = 256
[   22.7386] open name host:/livepad.bin flag 1 data 41378
[   22.7399] open fd = -5
[   22.7423] open name host:/log.txt flag 302 data 41378
[   22.7439] open fd = 256
[   22.7456] open name host:/log.txt flag 302 data 41378
[   22.7471] open fd = 256
[   22.7656] open name host:/livepad.bin flag 1 data 41378
[   22.7668] open fd = -5
[   22.7681] open name host:/log.txt flag 302 data 41378
[   22.7696] open fd = 256
[   22.7715] open name host:/log.txt flag 302 data 41378
[   22.7730] open fd = 256
[   22.7892] open name host:/livepad.bin flag 1 data 41378
[   22.7904] open fd = -5
[   22.7909] open name host:/livedbg.cmd flag 1 data 41378
[   22.7918] open fd = -5
[   22.7936] open name host:/log.txt flag 302 data 41378
[   22.7953] open fd = 256
[   22.7980] open name host:/log.txt flag 302 data 41378
[   22.7996] open fd = 256
[   22.8157] open name host:/livepad.bin flag 1 data 41378
[   22.8171] open fd = -5
[   22.8184] open name host:/log.txt flag 302 data 41378
[   22.8200] open fd = 256
[   22.8217] open name host:/log.txt flag 302 data 41378
[   22.8233] open fd = 256
[   22.8404] open name host:/livepad.bin flag 1 data 41378
[   22.8416] open fd = -5
[   22.8435] open name host:/log.txt flag 302 data 41378
[   22.8450] open fd = 256
[   22.8612] open name host:/livepad.bin flag 1 data 41378
[   22.8624] open fd = -5
[   22.8788] open name host:/livepad.bin flag 1 data 41378
[   22.8799] open fd = -5
[   22.8963] open name host:/livepad.bin flag 1 data 41378
[   22.8979] open fd = -5
[   22.9140] open name host:/livepad.bin flag 1 data 41378
[   22.9153] open fd = -5
[   22.9155] open name host:/livedbg.cmd flag 1 data 41378
[   22.9167] open fd = -5
[   22.9328] open name host:/livepad.bin flag 1 data 41378
[   22.9342] open fd = -5
[   22.9349] open name host:/log.txt flag 302 data 41378
[   22.9365] open fd = 256
[   22.9556] open name host:/livepad.bin flag 1 data 41378
[   22.9570] open fd = -5
[   22.9730] open name host:/livepad.bin flag 1 data 41378
[   22.9740] open fd = -5
[   22.9903] open name host:/livepad.bin flag 1 data 41378
[   22.9915] open fd = -5
[   23.0077] open name host:/livepad.bin flag 1 data 41378
[   23.0089] open fd = -5
[   23.0267] open name host:/livepad.bin flag 1 data 41378
[   23.0281] open fd = -5
[   23.0284] open name host:/livedbg.cmd flag 1 data 41378
[   23.0294] open fd = -5
[   23.0459] open name host:/livepad.bin flag 1 data 41378
[   23.0471] open fd = -5
[   23.0625] open name host:/livepad.bin flag 1 data 41378
[   23.0637] open fd = -5
[   23.0806] open name host:/livepad.bin flag 1 data 41378
[   23.0818] open fd = -5
[   23.0985] open name host:/livepad.bin flag 1 data 41378
[   23.1002] open fd = -5
[   23.1164] open name host:/livepad.bin flag 1 data 41378
[   23.1177] open fd = -5
[   23.1202] open name host:/log.txt flag 302 data 41378
[   23.1217] open fd = 256
[   23.1375] open name host:/livepad.bin flag 1 data 41378
[   23.1387] open fd = -5
[   23.1390] open name host:/livedbg.cmd flag 1 data 41378
[   23.1400] open fd = -5
[   23.1564] open name host:/livepad.bin flag 1 data 41378
[   23.1577] open fd = -5
[   23.1739] open name host:/livepad.bin flag 1 data 41378
[   23.1753] open fd = -5
[   23.1912] open name host:/livepad.bin flag 1 data 41378
[   23.1925] open fd = -5
[   23.2089] open name host:/livepad.bin flag 1 data 41378
[   23.2102] open fd = -5
[   23.2272] FRAMEARENA frames=720 peak=1037904 resets=2 fallbacks=0 maxFrameBytes=2731360 maxBorrowed=2045696 freeKiB=11321
[   23.2273] NATIVEVIF frames=720 batches=722
[   23.2276] ORDEREDFRAME frames=720 splitFrames=1
[   23.2278] FRAMEPIPELINE starts=720 dmaBusyStarts=0
[   23.2280] open name host:/livepad.bin flag 1 data 41378
[   23.2292] open fd = -5
[   23.2451] open name host:/livepad.bin flag 1 data 41378
[   23.2462] open fd = -5
[   23.2466] open name host:/livedbg.cmd flag 1 data 41378
[   23.2477] open fd = -5
[   23.2648] open name host:/livepad.bin flag 1 data 41378
[   23.2663] open fd = -5
[   23.2820] open name host:/livepad.bin flag 1 data 41378
[   23.2833] open fd = -5
[   23.2994] open name host:/livepad.bin flag 1 data 41378
[   23.3010] open fd = -5
[   23.3018] LOG: SKYWARM scene=0 generation=1 count=1152 check=660
[   23.3175] open name host:/livepad.bin flag 1 data 41378
[   23.3188] open fd = -5
[   23.3354] open name host:/livepad.bin flag 1 data 41378
[   23.3365] open fd = -5
[   23.3524] open name host:/livepad.bin flag 1 data 41378
[   23.3537] open fd = -5
[   23.3540] open name host:/livedbg.cmd flag 1 data 41378
[   23.3548] open fd = -5
[   23.3708] open name host:/livepad.bin flag 1 data 41378
[   23.3720] open fd = -5
[   23.3897] open name host:/livepad.bin flag 1 data 41378
[   23.3911] open fd = -5
[   23.3917] open name host:/log.txt flag 302 data 41378
[   23.3934] open fd = 256
[   23.4114] open name host:/livepad.bin flag 1 data 41378
[   23.4125] open fd = -5
[   23.4291] open name host:/livepad.bin flag 1 data 41378
[   23.4306] open fd = -5
[   23.4461] open name host:/livepad.bin flag 1 data 41378
[   23.4474] open fd = -5
[   23.4633] open name host:/livepad.bin flag 1 data 41378
[   23.4645] open fd = -5
[   23.4648] open name host:/livedbg.cmd flag 1 data 41378
[   23.4658] open fd = -5
[   23.4814] open name host:/livepad.bin flag 1 data 41378
[   23.4827] open fd = -5
[   23.4993] open name host:/livepad.bin flag 1 data 41378
[   23.5008] open fd = -5
[   23.5166] open name host:/livepad.bin flag 1 data 41378
[   23.5180] open fd = -5
[   23.5339] open name host:/livepad.bin flag 1 data 41378
[   23.5351] open fd = -5
[   23.5376] open name host:/log.txt flag 302 data 41378
[   23.5390] open fd = 256
[   23.5540] open name host:/livepad.bin flag 1 data 41378
[   23.5552] open fd = -5
[   23.5716] open name host:/livepad.bin flag 1 data 41378
[   23.5728] open fd = -5
[   23.5731] open name host:/livedbg.cmd flag 1 data 41378
[   23.5741] open fd = -5
[   23.5910] open name host:/livepad.bin flag 1 data 41378
[   23.5922] open fd = -5
[   23.6083] open name host:/livepad.bin flag 1 data 41378
[   23.6097] open fd = -5
[   23.6269] open name host:/livepad.bin flag 1 data 41378
[   23.6283] open fd = -5
[   23.6457] open name host:/livepad.bin flag 1 data 41378
[   23.6471] open fd = -5
[   23.6659] open name host:/livepad.bin flag 1 data 41378
[   23.6672] open fd = -5
[   23.6849] open name host:/livepad.bin flag 1 data 41378
[   23.6862] open fd = -5
[   23.6865] open name host:/livedbg.cmd flag 1 data 41378
[   23.6875] open fd = -5
[   23.7033] open name host:/livepad.bin flag 1 data 41378
[   23.7045] open fd = -5
[   23.7207] open name host:/livepad.bin flag 1 data 41378
[   23.7219] open fd = -5
[   23.7381] open name host:/livepad.bin flag 1 data 41378
[   23.7393] open fd = -5
[   23.7567] open name host:/livepad.bin flag 1 data 41378
[   23.7580] open fd = -5
[   23.7766] open name host:/log.txt flag 302 data 41378
[   23.7783] open fd = 256
[   23.7831] open name host:/log.txt flag 302 data 41378
[   23.7852] open fd = 256
[   23.8068] open name host:/livepad.bin flag 1 data 41378
[   23.8083] open fd = -5
[   23.8238] open name host:/livepad.bin flag 1 data 41378
[   23.8252] open fd = -5
[   23.8255] open name host:/livedbg.cmd flag 1 data 41378
[   23.8265] open fd = -5
[   23.8441] open name host:/livepad.bin flag 1 data 41378
[   23.8454] open fd = -5
[   23.8459] open name host:/log.txt flag 302 data 41378
[   23.8475] open fd = 256
[   23.8654] open name host:/livepad.bin flag 1 data 41378
[   23.8668] open fd = -5
[   23.8841] open name host:/livepad.bin flag 1 data 41378
[   23.8853] open fd = -5
[   23.9009] open name host:/livepad.bin flag 1 data 41378
[   23.9021] open fd = -5
[   23.9194] open name host:/livepad.bin flag 1 data 41378
[   23.9209] open fd = -5
[   23.9383] open name host:/livepad.bin flag 1 data 41378
[   23.9394] open fd = -5
[   23.9396] open name host:/livedbg.cmd flag 1 data 41378
[   23.9407] open fd = -5
[   23.9568] open name host:/livepad.bin flag 1 data 41378
[   23.9582] open fd = -5
[   23.9744] open name host:/livepad.bin flag 1 data 41378
[   23.9757] open fd = -5
[   23.9923] open name host:/livepad.bin flag 1 data 41378
[   23.9935] open fd = -5
[   24.0106] open name host:/livepad.bin flag 1 data 41378
[   24.0117] open fd = -5
[   24.0292] open name host:/livepad.bin flag 1 data 41378
[   24.0306] open fd = -5
[   24.0471] open name host:/livepad.bin flag 1 data 41378
[   24.0485] open fd = -5
[   24.0487] open name host:/livedbg.cmd flag 1 data 41378
[   24.0498] open fd = -5
[   24.0675] open name host:/livepad.bin flag 1 data 41378
[   24.0688] open fd = -5
[   24.0710] open name host:/log.txt flag 302 data 41378
[   24.0724] open fd = 256
[   24.0877] open name host:/livepad.bin flag 1 data 41378
[   24.0891] open fd = -5
[   24.1054] open name host:/livepad.bin flag 1 data 41378
[   24.1068] open fd = -5
[   24.1241] open name host:/livepad.bin flag 1 data 41378
[   24.1254] open fd = -5
[   24.1411] open name host:/livepad.bin flag 1 data 41378
[   24.1425] open fd = -5
[   24.1583] open name host:/livepad.bin flag 1 data 41378
[   24.1598] open fd = -5
[   24.1600] open name host:/livedbg.cmd flag 1 data 41378
[   24.1611] open fd = -5
[   24.1774] open name host:/livepad.bin flag 1 data 41378
[   24.1786] open fd = -5
[   24.1951] open name host:/livepad.bin flag 1 data 41378
[   24.1965] open fd = -5
[   24.2119] open name host:/livepad.bin flag 1 data 41378
[   24.2132] open fd = -5
[   24.2298] open name host:/livepad.bin flag 1 data 41378
[   24.2310] open fd = -5
[   24.2469] open name host:/livepad.bin flag 1 data 41378
[   24.2480] open fd = -5
[   24.2644] open name host:/livepad.bin flag 1 data 41378
[   24.2657] open fd = -5
[   24.2661] open name host:/livedbg.cmd flag 1 data 41378
[   24.2670] open fd = -5
[   24.2832] open name host:/livepad.bin flag 1 data 41378
[   24.2844] open fd = -5
[   24.3009] open name host:/livepad.bin flag 1 data 41378
[   24.3022] open fd = -5
[   24.3027] open name host:/log.txt flag 302 data 41378
[   24.3044] open fd = 256
[   24.3218] open name host:/livepad.bin flag 1 data 41378
[   24.3230] open fd = -5
[   24.3386] open name host:/livepad.bin flag 1 data 41378
[   24.3397] open fd = -5
[   24.3558] open name host:/livepad.bin flag 1 data 41378
[   24.3572] open fd = -5
[   24.3734] open name host:/livepad.bin flag 1 data 41378
[   24.3747] open fd = -5
[   24.3750] open name host:/livedbg.cmd flag 1 data 41378
[   24.3760] open fd = -5
[   24.3918] open name host:/livepad.bin flag 1 data 41378
[   24.3931] open fd = -5
[   24.4093] open name host:/livepad.bin flag 1 data 41378
[   24.4109] open fd = -5
[   24.4279] open name host:/livepad.bin flag 1 data 41378
[   24.4292] open fd = -5
[   24.4305] LOG: SKYORACLE scene=0 generation=1 count=1152 equal=1 check=720 bboxBefore=3532
[   24.4472] open name host:/livepad.bin flag 1 data 41378
[   24.4485] open fd = -5
[   24.4656] open name host:/livepad.bin flag 1 data 41378
[   24.4671] open fd = -5
[   24.4834] open name host:/livepad.bin flag 1 data 41378
[   24.4846] open fd = -5
[   24.4848] open name host:/livedbg.cmd flag 1 data 41378
[   24.4858] open fd = -5
[   24.5022] open name host:/livepad.bin flag 1 data 41378
[   24.5036] open fd = -5
[   24.5195] open name host:/livepad.bin flag 1 data 41378
[   24.5211] open fd = -5
[   24.5389] open name host:/livepad.bin flag 1 data 41378
[   24.5402] open fd = -5
[   24.5560] open name host:/livepad.bin flag 1 data 41378
[   24.5574] open fd = -5
[   24.5734] open name host:/livepad.bin flag 1 data 41378
[   24.5746] open fd = -5
[   24.5902] open name host:/livepad.bin flag 1 data 41378
[   24.5914] open fd = -5
[   24.5917] open name host:/livedbg.cmd flag 1 data 41378
[   24.5928] open fd = -5
[   24.6083] open name host:/livepad.bin flag 1 data 41378
[   24.6096] open fd = -5
[   24.6272] open name host:/livepad.bin flag 1 data 41378
[   24.6286] open fd = -5
[   24.6452] open name host:/livepad.bin flag 1 data 41378
[   24.6463] open fd = -5
[   24.6617] open name host:/livepad.bin flag 1 data 41378
[   24.6630] open fd = -5
[   24.6789] open name host:/livepad.bin flag 1 data 41378
[   24.6800] open fd = -5
[   24.6957] open name host:/livepad.bin flag 1 data 41378
[   24.6971] open fd = -5
[   24.6973] open name host:/livedbg.cmd flag 1 data 41378
[   24.6984] open fd = -5
[   24.7139] open name host:/livepad.bin flag 1 data 41378
[   24.7152] open fd = -5
[   24.7312] open name host:/livepad.bin flag 1 data 41378
[   24.7324] open fd = -5
[   24.7481] open name host:/livepad.bin flag 1 data 41378
[   24.7495] open fd = -5
[   24.7500] open name host:/log.txt flag 302 data 41378
[   24.7516] open fd = 256
[   24.7689] open name host:/livepad.bin flag 1 data 41378
[   24.7703] open fd = -5
[   24.7878] open name host:/livepad.bin flag 1 data 41378
[   24.7891] open fd = -5
[   24.8069] open name host:/livepad.bin flag 1 data 41378
[   24.8082] open fd = -5
[   24.8086] open name host:/livedbg.cmd flag 1 data 41378
[   24.8095] open fd = -5
[   24.8265] open name host:/livepad.bin flag 1 data 41378
[   24.8280] open fd = -5
[   24.8436] open name host:/livepad.bin flag 1 data 41378
[   24.8448] open fd = -5
[   24.8612] open name host:/livepad.bin flag 1 data 41378
[   24.8624] open fd = -5
[   24.8810] open name host:/livepad.bin flag 1 data 41378
[   24.8823] open fd = -5
[   24.8985] open name host:/livepad.bin flag 1 data 41378
[   24.9000] open fd = -5
[   24.9168] open name host:/livepad.bin flag 1 data 41378
[   24.9181] open fd = -5
[   24.9184] open name host:/livedbg.cmd flag 1 data 41378
[   24.9193] open fd = -5
[   24.9349] open name host:/livepad.bin flag 1 data 41378
[   24.9361] open fd = -5
[   24.9532] open name host:/livepad.bin flag 1 data 41378
[   24.9544] open fd = -5
[   24.9701] open name host:/livepad.bin flag 1 data 41378
[   24.9713] open fd = -5
[   24.9736] open name host:/log.txt flag 302 data 41378
[   24.9754] open fd = 256
[   24.9917] open name host:/livepad.bin flag 1 data 41378
[   24.9931] open fd = -5
[   25.0100] open name host:/livepad.bin flag 1 data 41378
[   25.0110] open fd = -5
[   25.0269] open name host:/livepad.bin flag 1 data 41378
[   25.0284] open fd = -5
[   25.0287] open name host:/livedbg.cmd flag 1 data 41378
[   25.0297] open fd = -5
[   25.0464] open name host:/livepad.bin flag 1 data 41378
[   25.0476] open fd = -5
[   25.0638] open name host:/livepad.bin flag 1 data 41378
[   25.0651] open fd = -5
[   25.0820] open name host:/livepad.bin flag 1 data 41378
[   25.0833] open fd = -5
[   25.0993] open name host:/livepad.bin flag 1 data 41378
[   25.1007] open fd = -5
[   25.1178] open name host:/livepad.bin flag 1 data 41378
[   25.1193] open fd = -5
[   25.1366] open name host:/livepad.bin flag 1 data 41378
[   25.1379] open fd = -5
[   25.1381] open name host:/livedbg.cmd flag 1 data 41378
[   25.1392] open fd = -5
[   25.1552] open name host:/livepad.bin flag 1 data 41378
[   25.1564] open fd = -5
[   25.1725] open name host:/livepad.bin flag 1 data 41378
[   25.1738] open fd = -5
[   25.1899] open name host:/livepad.bin flag 1 data 41378
[   25.1912] open fd = -5
[   25.2072] open name host:/livepad.bin flag 1 data 41378
[   25.2086] open fd = -5
[   25.2091] open name host:/log.txt flag 302 data 41378
[   25.2106] open fd = 256
[   25.2278] open name host:/livepad.bin flag 1 data 41378
[   25.2292] open fd = -5
[   25.2471] open name host:/livepad.bin flag 1 data 41378
[   25.2487] open fd = -5
[   25.2490] open name host:/livedbg.cmd flag 1 data 41378
[   25.2503] open fd = -5
[   25.2698] open name host:/livepad.bin flag 1 data 41378
[   25.2711] open fd = -5
[   25.2882] open name host:/livepad.bin flag 1 data 41378
[   25.2897] open fd = -5
[   25.3062] open name host:/livepad.bin flag 1 data 41378
[   25.3075] open fd = -5
[   25.3238] open name host:/livepad.bin flag 1 data 41378
[   25.3251] open fd = -5
[   25.3410] open name host:/livepad.bin flag 1 data 41378
[   25.3428] open fd = -5
[   25.3593] open name host:/livepad.bin flag 1 data 41378
[   25.3606] open fd = -5
[   25.3608] open name host:/livedbg.cmd flag 1 data 41378
[   25.3618] open fd = -5
[   25.3779] open name host:/livepad.bin flag 1 data 41378
[   25.3792] open fd = -5
[   25.3951] open name host:/livepad.bin flag 1 data 41378
[   25.3963] open fd = -5
[   25.4128] open name host:/livepad.bin flag 1 data 41378
[   25.4142] open fd = -5
[   25.4307] open name host:/livepad.bin flag 1 data 41378
[   25.4320] open fd = -5
[   25.4478] FRAMEARENA frames=840 peak=1048400 resets=3 fallbacks=0 maxFrameBytes=2731360 maxBorrowed=2045696 freeKiB=10349
[   25.4480] NATIVEVIF frames=840 batches=843
[   25.4482] ORDEREDFRAME frames=840 splitFrames=2
[   25.4484] FRAMEPIPELINE starts=840 dmaBusyStarts=0
[   25.4487] open name host:/livepad.bin flag 1 data 41378
[   25.4499] open fd = -5
[   25.4651] open name host:/livepad.bin flag 1 data 41378
[   25.4663] open fd = -5
[   25.4665] open name host:/livedbg.cmd flag 1 data 41378
[   25.4676] open fd = -5
[   25.4841] open name host:/livepad.bin flag 1 data 41378
[   25.4854] open fd = -5
[   25.5016] open name host:/livepad.bin flag 1 data 41378
[   25.5030] open fd = -5
[   25.5196] open name host:/livepad.bin flag 1 data 41378
[   25.5209] open fd = -5
[   25.5217] LOG: SKYWARM scene=0 generation=1 count=1152 check=780
[   25.5370] open name host:/livepad.bin flag 1 data 41378
[   25.5383] open fd = -5
[   25.5559] open name host:/livepad.bin flag 1 data 41378
[   25.5572] open fd = -5
[   25.5734] open name host:/livepad.bin flag 1 data 41378
[   25.5747] open fd = -5
[   25.5750] open name host:/livedbg.cmd flag 1 data 41378
[   25.5758] open fd = -5
[   25.5911] open name host:/livepad.bin flag 1 data 41378
[   25.5924] open fd = -5
[   25.6082] open name host:/livepad.bin flag 1 data 41378
[   25.6095] open fd = -5
[   25.6263] open name host:/livepad.bin flag 1 data 41378
[   25.6278] open fd = -5
[   25.6442] open name host:/livepad.bin flag 1 data 41378
[   25.6455] open fd = -5
[   25.6615] open name host:/livepad.bin flag 1 data 41378
[   25.6630] open fd = -5
[   25.6636] open name host:/log.txt flag 302 data 41378
[   25.6654] open fd = 256
[   25.6828] open name host:/livepad.bin flag 1 data 41378
[   25.6842] open fd = -5
[   25.6846] open name host:/livedbg.cmd flag 1 data 41378
[   25.6855] open fd = -5
[   25.7011] open name host:/livepad.bin flag 1 data 41378
[   25.7025] open fd = -5
[   25.7192] open name host:/livepad.bin flag 1 data 41378
[   25.7205] open fd = -5
[   25.7377] open name host:/livepad.bin flag 1 data 41378
[   25.7390] open fd = -5
[   25.7548] open name host:/livepad.bin flag 1 data 41378
[   25.7561] open fd = -5
[   25.7719] open name host:/livepad.bin flag 1 data 41378
[   25.7730] open fd = -5
[   25.7894] open name host:/livepad.bin flag 1 data 41378
[   25.7907] open fd = -5
[   25.7910] open name host:/livedbg.cmd flag 1 data 41378
[   25.7920] open fd = -5
[   25.8081] open name host:/livepad.bin flag 1 data 41378
[   25.8097] open fd = -5
[   25.8255] open name host:/livepad.bin flag 1 data 41378
[   25.8268] open fd = -5
[   25.8431] open name host:/livepad.bin flag 1 data 41378
[   25.8443] open fd = -5
[   25.8611] open name host:/livepad.bin flag 1 data 41378
[   25.8625] open fd = -5
[   25.8786] open name host:/livepad.bin flag 1 data 41378
[   25.8797] open fd = -5
[   25.8823] open name host:/log.txt flag 302 data 41378
[   25.8838] open fd = 256
[   25.9041] open name host:/livepad.bin flag 1 data 41378
[   25.9054] open fd = -5
[   25.9057] open name host:/livedbg.cmd flag 1 data 41378
[   25.9066] open fd = -5
[   25.9260] open name host:/livepad.bin flag 1 data 41378
[   25.9273] open fd = -5
[   25.9435] open name host:/livepad.bin flag 1 data 41378
[   25.9448] open fd = -5
[   25.9609] open name host:/livepad.bin flag 1 data 41378
[   25.9622] open fd = -5
[   25.9795] open name host:/livepad.bin flag 1 data 41378
[   25.9806] open fd = -5
[   25.9970] open name host:/livepad.bin flag 1 data 41378
[   25.9985] open fd = -5
[   26.0151] open name host:/livepad.bin flag 1 data 41378
[   26.0162] open fd = -5
[   26.0164] open name host:/livedbg.cmd flag 1 data 41378
[   26.0176] open fd = -5
[   26.0334] open name host:/livepad.bin flag 1 data 41378
[   26.0347] open fd = -5
[   26.0510] open name host:/livepad.bin flag 1 data 41378
[   26.0523] open fd = -5
[   26.0696] open name host:/livepad.bin flag 1 data 41378
[   26.0708] open fd = -5
[   26.0874] open name host:/livepad.bin flag 1 data 41378
[   26.0888] open fd = -5
[   26.1052] open name host:/livepad.bin flag 1 data 41378
[   26.1064] open fd = -5
[   26.1233] open name host:/livepad.bin flag 1 data 41378
[   26.1246] open fd = -5
[   26.1249] open name host:/livedbg.cmd flag 1 data 41378
[   26.1258] open fd = -5
[   26.1262] open name host:/log.txt flag 302 data 41378
[   26.1277] open fd = 256
[   26.1448] open name host:/livepad.bin flag 1 data 41378
[   26.1460] open fd = -5
[   26.1622] open name host:/livepad.bin flag 1 data 41378
[   26.1638] open fd = -5
[   26.1798] open name host:/livepad.bin flag 1 data 41378
[   26.1810] open fd = -5
[   26.1980] open name host:/livepad.bin flag 1 data 41378
[   26.1993] open fd = -5
[   26.2157] open name host:/livepad.bin flag 1 data 41378
[   26.2170] open fd = -5
[   26.2330] open name host:/livepad.bin flag 1 data 41378
[   26.2341] open fd = -5
[   26.2348] open name host:/livedbg.cmd flag 1 data 41378
[   26.2359] open fd = -5
[   26.2512] open name host:/livepad.bin flag 1 data 41378
[   26.2523] open fd = -5
[   26.2683] open name host:/livepad.bin flag 1 data 41378
[   26.2696] open fd = -5
[   26.2860] open name host:/livepad.bin flag 1 data 41378
[   26.2873] open fd = -5
[   26.3037] open name host:/livepad.bin flag 1 data 41378
[   26.3050] open fd = -5
[   26.3212] open name host:/livepad.bin flag 1 data 41378
[   26.3225] open fd = -5
[   26.3409] open name host:/livepad.bin flag 1 data 41378
[   26.3421] open fd = -5
[   26.3423] open name host:/livedbg.cmd flag 1 data 41378
[   26.3436] open fd = -5
[   26.3601] open name host:/livepad.bin flag 1 data 41378
[   26.3615] open fd = -5
[   26.3790] open name host:/livepad.bin flag 1 data 41378
[   26.3802] open fd = -5
[   26.3960] open name host:/livepad.bin flag 1 data 41378
[   26.3976] open fd = -5
[   26.4138] open name host:/livepad.bin flag 1 data 41378
[   26.4151] open fd = -5
[   26.4321] open name host:/livepad.bin flag 1 data 41378
[   26.4333] open fd = -5
[   26.4489] open name host:/livepad.bin flag 1 data 41378
[   26.4504] open fd = -5
[   26.4508] open name host:/livedbg.cmd flag 1 data 41378
[   26.4518] open fd = -5
[   26.4678] open name host:/livepad.bin flag 1 data 41378
[   26.4691] open fd = -5
[   26.4858] open name host:/livepad.bin flag 1 data 41378
[   26.4870] open fd = -5
[   26.5042] open name host:/livepad.bin flag 1 data 41378
[   26.5055] open fd = -5
[   26.5231] open name host:/livepad.bin flag 1 data 41378
[   26.5245] open fd = -5
[   26.5408] open name host:/livepad.bin flag 1 data 41378
[   26.5421] open fd = -5
[   26.5595] open name host:/livepad.bin flag 1 data 41378
[   26.5608] open fd = -5
[   26.5611] open name host:/livedbg.cmd flag 1 data 41378
[   26.5622] open fd = -5
[   26.5789] open name host:/livepad.bin flag 1 data 41378
[   26.5806] open fd = -5
[   26.5814] open name host:/log.txt flag 302 data 41378
[   26.5834] open fd = 256
[   26.6048] open name host:/livepad.bin flag 1 data 41378
[   26.6065] open fd = -5
[   26.6259] open name host:/livepad.bin flag 1 data 41378
[   26.6274] open fd = -5
[   26.6287] LOG: SKYORACLE scene=0 generation=1 count=1152 equal=1 check=840 bboxBefore=3902
[   26.6453] open name host:/livepad.bin flag 1 data 41378
[   26.6468] open fd = -5
[   26.6633] open name host:/livepad.bin flag 1 data 41378
[   26.6649] open fd = -5
[   26.6821] open name host:/livepad.bin flag 1 data 41378
[   26.6836] open fd = -5
[   26.6838] open name host:/livedbg.cmd flag 1 data 41378
[   26.6852] open fd = -5
[   26.7025] open name host:/livepad.bin flag 1 data 41378
[   26.7042] open fd = -5
[   26.7209] open name host:/livepad.bin flag 1 data 41378
[   26.7227] open fd = -5
[   26.7402] open name host:/livepad.bin flag 1 data 41378
[   26.7414] open fd = -5
[   26.7579] open name host:/livepad.bin flag 1 data 41378
[   26.7592] open fd = -5
[   26.7785] open name host:/livepad.bin flag 1 data 41378
[   26.7800] open fd = -5
[   26.7974] open name host:/livepad.bin flag 1 data 41378
[   26.7987] open fd = -5
[   26.7991] open name host:/livedbg.cmd flag 1 data 41378
[   26.8002] open fd = -5
[   26.8178] open name host:/livepad.bin flag 1 data 41378
[   26.8192] open fd = -5
[   26.8218] open name host:/log.txt flag 302 data 41378
[   26.8234] open fd = 256
[   26.8420] open name host:/livepad.bin flag 1 data 41378
[   26.8434] open fd = -5
[   26.8612] open name host:/livepad.bin flag 1 data 41378
[   26.8629] open fd = -5
[   26.8809] open name host:/livepad.bin flag 1 data 41378
[   26.8826] open fd = -5
[   26.8852] open name host:/log.txt flag 302 data 41378
[   26.8873] open fd = 256
[   26.9049] open name host:/livepad.bin flag 1 data 41378
[   26.9064] open fd = -5
[   26.9256] open name host:/livepad.bin flag 1 data 41378
[   26.9274] open fd = -5
[   26.9277] open name host:/livedbg.cmd flag 1 data 41378
[   26.9295] open fd = -5
[   26.9478] open name host:/livepad.bin flag 1 data 41378
[   26.9496] open fd = -5
[   26.9674] open name host:/livepad.bin flag 1 data 41378
[   26.9689] open fd = -5
[   26.9863] open name host:/livepad.bin flag 1 data 41378
[   26.9880] open fd = -5
[   27.0072] open name host:/livepad.bin flag 1 data 41378
[   27.0087] open fd = -5
[   27.0277] open name host:/livepad.bin flag 1 data 41378
[   27.0290] open fd = -5
[   27.0477] open name host:/log.txt flag 302 data 41378
[   27.0498] open fd = 256
[   27.0521] open name host:/livepad.bin flag 1 data 41378
[   27.0532] open fd = -5
[   27.0534] open name host:/livedbg.cmd flag 1 data 41378
[   27.0546] open fd = -5
[   27.0737] open name host:/livepad.bin flag 1 data 41378
[   27.0750] open fd = -5
[   27.0928] open name host:/livepad.bin flag 1 data 41378
[   27.0941] open fd = -5
[   27.0947] open name host:/log.txt flag 302 data 41378
[   27.0961] open fd = 256
[   27.1175] open name host:/livepad.bin flag 1 data 41378
[   27.1189] open fd = -5
[   27.1390] open name host:/livepad.bin flag 1 data 41378
[   27.1408] open fd = -5
[   27.1415] open name host:/log.txt flag 302 data 41378
[   27.1437] open fd = 256
[   27.1658] open name host:/livepad.bin flag 1 data 41378
[   27.1674] open fd = -5
[   27.1844] open name host:/livepad.bin flag 1 data 41378
[   27.1861] open fd = -5
[   27.1865] open name host:/livedbg.cmd flag 1 data 41378
[   27.1878] open fd = -5
[   27.2033] open name host:/livepad.bin flag 1 data 41378
[   27.2047] open fd = -5
[   27.2209] open name host:/livepad.bin flag 1 data 41378
[   27.2222] open fd = -5
[   27.2385] open name host:/livepad.bin flag 1 data 41378
[   27.2399] open fd = -5
[   27.2559] open name host:/livepad.bin flag 1 data 41378
[   27.2572] open fd = -5
[   27.2731] open name host:/livepad.bin flag 1 data 41378
[   27.2744] open fd = -5
[   27.2920] open name host:/livepad.bin flag 1 data 41378
[   27.2933] open fd = -5
[   27.2937] open name host:/livedbg.cmd flag 1 data 41378
[   27.2948] open fd = -5
[   27.3125] open name host:/livepad.bin flag 1 data 41378
[   27.3139] open fd = -5
[   27.3328] open name host:/livepad.bin flag 1 data 41378
[   27.3340] open fd = -5
[   27.3515] open name host:/livepad.bin flag 1 data 41378
[   27.3532] open fd = -5
[   27.3696] open name host:/livepad.bin flag 1 data 41378
[   27.3712] open fd = -5
[   27.3886] open name host:/livepad.bin flag 1 data 41378
[   27.3904] open fd = -5
[   27.4093] open name host:/livepad.bin flag 1 data 41378
[   27.4112] open fd = -5
[   27.4116] open name host:/livedbg.cmd flag 1 data 41378
[   27.4129] open fd = -5
[   27.4304] open name host:/livepad.bin flag 1 data 41378
[   27.4320] open fd = -5
[   27.4505] open name host:/livepad.bin flag 1 data 41378
[   27.4522] open fd = -5
[   27.4700] open name host:/livepad.bin flag 1 data 41378
[   27.4714] open fd = -5
[   27.4869] open name host:/livepad.bin flag 1 data 41378
[   27.4886] open fd = -5
[   27.5051] open name host:/livepad.bin flag 1 data 41378
[   27.5064] open fd = -5
[   27.5220] open name host:/livepad.bin flag 1 data 41378
[   27.5233] open fd = -5
[   27.5236] open name host:/livedbg.cmd flag 1 data 41378
[   27.5244] open fd = -5
[   27.5403] open name host:/livepad.bin flag 1 data 41378
[   27.5418] open fd = -5
[   27.5584] open name host:/livepad.bin flag 1 data 41378
[   27.5598] open fd = -5
[   27.5763] open name host:/livepad.bin flag 1 data 41378
[   27.5776] open fd = -5
[   27.5782] open name host:/log.txt flag 302 data 41378
[   27.5797] open fd = 256
[   27.5991] open name host:/livepad.bin flag 1 data 41378
[   27.6011] open fd = -5
[   27.6185] open name host:/livepad.bin flag 1 data 41378
[   27.6202] open fd = -5
[   27.6372] open name host:/livepad.bin flag 1 data 41378
[   27.6391] open fd = -5
[   27.6394] open name host:/livedbg.cmd flag 1 data 41378
[   27.6409] open fd = -5
[   27.6583] open name host:/livepad.bin flag 1 data 41378
[   27.6599] open fd = -5
[   27.6768] open name host:/livepad.bin flag 1 data 41378
[   27.6783] open fd = -5
[   27.6948] open name host:/livepad.bin flag 1 data 41378
[   27.6963] open fd = -5
[   27.7129] open name host:/livepad.bin flag 1 data 41378
[   27.7144] open fd = -5
[   27.7306] FRAMEARENA frames=960 peak=1048400 resets=3 fallbacks=0 maxFrameBytes=2731360 maxBorrowed=2045696 freeKiB=10371
[   27.7308] NATIVEVIF frames=960 batches=963
[   27.7309] ORDEREDFRAME frames=960 splitFrames=2
[   27.7310] FRAMEPIPELINE starts=960 dmaBusyStarts=0
[   27.7311] open name host:/livepad.bin flag 1 data 41378
[   27.7326] open fd = -5
[   27.7498] open name host:/livepad.bin flag 1 data 41378
[   27.7515] open fd = -5
[   27.7519] open name host:/livedbg.cmd flag 1 data 41378
[   27.7530] open fd = -5
[   27.7713] open name host:/livepad.bin flag 1 data 41378
[   27.7727] open fd = -5
[   27.7891] open name host:/livepad.bin flag 1 data 41378
[   27.7906] open fd = -5
[   27.8065] open name host:/livepad.bin flag 1 data 41378
[   27.8080] open fd = -5
[   27.8089] LOG: SKYWARM scene=0 generation=1 count=1152 check=900
[   27.8108] open name host:/log.txt flag 302 data 41378
[   27.8123] open fd = 256
[   27.8302] open name host:/livepad.bin flag 1 data 41378
[   27.8318] open fd = -5
[   27.8489] open name host:/livepad.bin flag 1 data 41378
[   27.8506] open fd = -5
[   27.8695] open name host:/livepad.bin flag 1 data 41378
[   27.8714] open fd = -5
[   27.8717] open name host:/livedbg.cmd flag 1 data 41378
[   27.8729] open fd = -5
[   27.8890] open name host:/livepad.bin flag 1 data 41378
[   27.8907] open fd = -5
[   27.9083] open name host:/livepad.bin flag 1 data 41378
[   27.9102] open fd = -5
[   27.9281] open name host:/livepad.bin flag 1 data 41378
[   27.9298] open fd = -5
[   27.9476] open name host:/livepad.bin flag 1 data 41378
[   27.9499] open fd = -5
[   27.9671] open name host:/livepad.bin flag 1 data 41378
[   27.9686] open fd = -5
[   27.9865] open name host:/livepad.bin flag 1 data 41378
[   27.9882] open fd = -5
[   27.9886] open name host:/livedbg.cmd flag 1 data 41378
[   27.9899] open fd = -5
[   28.0062] open name host:/livepad.bin flag 1 data 41378
[   28.0075] open fd = -5
[   28.0236] open name host:/livepad.bin flag 1 data 41378
[   28.0250] open fd = -5
[   28.0417] open name host:/livepad.bin flag 1 data 41378
[   28.0430] open fd = -5
[   28.0590] open name host:/livepad.bin flag 1 data 41378
[   28.0603] open fd = -5
[   28.0608] open name host:/log.txt flag 302 data 41378
[   28.0624] open fd = 256
[   28.0810] open name host:/livepad.bin flag 1 data 41378
[   28.0824] open fd = -5
[   28.0987] open name host:/livepad.bin flag 1 data 41378
[   28.1001] open fd = -5
[   28.1004] open name host:/livedbg.cmd flag 1 data 41378
[   28.1021] open fd = -5
[   28.1181] open name host:/livepad.bin flag 1 data 41378
[   28.1197] open fd = -5
[   28.1385] open name host:/livepad.bin flag 1 data 41378
[   28.1400] open fd = -5
[   28.1567] open name host:/livepad.bin flag 1 data 41378
[   28.1583] open fd = -5
[   28.1753] open name host:/livepad.bin flag 1 data 41378
[   28.1769] open fd = -5
[   28.1930] open name host:/livepad.bin flag 1 data 41378
[   28.1945] open fd = -5
[   28.2120] open name host:/livepad.bin flag 1 data 41378
[   28.2133] open fd = -5
[   28.2136] open name host:/livedbg.cmd flag 1 data 41378
[   28.2147] open fd = -5
[   28.2299] open name host:/livepad.bin flag 1 data 41378
[   28.2317] open fd = -5
[   28.2478] open name host:/livepad.bin flag 1 data 41378
[   28.2493] open fd = -5
[   28.2665] open name host:/livepad.bin flag 1 data 41378
[   28.2678] open fd = -5
[   28.2837] open name host:/livepad.bin flag 1 data 41378
[   28.2851] open fd = -5
[   28.3020] open name host:/livepad.bin flag 1 data 41378
[   28.3033] open fd = -5
[   28.3200] open name host:/livepad.bin flag 1 data 41378
[   28.3216] open fd = -5
[   28.3223] open name host:/livedbg.cmd flag 1 data 41378
[   28.3233] open fd = -5
[   28.3397] open name host:/livepad.bin flag 1 data 41378
[   28.3410] open fd = -5
[   28.3590] open name host:/livepad.bin flag 1 data 41378
[   28.3603] open fd = -5
[   28.3765] open name host:/livepad.bin flag 1 data 41378
[   28.3779] open fd = -5
[   28.3952] open name host:/livepad.bin flag 1 data 41378
[   28.3968] open fd = -5
[   28.4132] open name host:/livepad.bin flag 1 data 41378
[   28.4147] open fd = -5
[   28.4334] open name host:/livepad.bin flag 1 data 41378
[   28.4349] open fd = -5
[   28.4352] open name host:/livedbg.cmd flag 1 data 41378
[   28.4366] open fd = -5
[   28.4529] open name host:/livepad.bin flag 1 data 41378
[   28.4545] open fd = -5
[   28.4714] open name host:/livepad.bin flag 1 data 41378
[   28.4728] open fd = -5
[   28.4891] open name host:/livepad.bin flag 1 data 41378
[   28.4905] open fd = -5
[   28.5067] open name host:/livepad.bin flag 1 data 41378
[   28.5081] open fd = -5
[   28.5243] open name host:/livepad.bin flag 1 data 41378
[   28.5256] open fd = -5
[   28.5263] open name host:/log.txt flag 302 data 41378
[   28.5279] open fd = 256
[   28.5447] open name host:/livepad.bin flag 1 data 41378
[   28.5460] open fd = -5
[   28.5464] open name host:/livedbg.cmd flag 1 data 41378
[   28.5476] open fd = -5
[   28.5641] open name host:/livepad.bin flag 1 data 41378
[   28.5655] open fd = -5
[   28.5813] open name host:/livepad.bin flag 1 data 41378
[   28.5823] open fd = -5
[   28.5989] open name host:/livepad.bin flag 1 data 41378
[   28.6000] open fd = -5
[   28.6176] open name host:/livepad.bin flag 1 data 41378
[   28.6189] open fd = -5
[   28.6360] open name host:/livepad.bin flag 1 data 41378
[   28.6375] open fd = -5
[   28.6541] open name host:/livepad.bin flag 1 data 41378
[   28.6554] open fd = -5
[   28.6558] open name host:/livedbg.cmd flag 1 data 41378
[   28.6568] open fd = -5
[   28.6742] open name host:/livepad.bin flag 1 data 41378
[   28.6756] open fd = -5
[   28.6934] open name host:/livepad.bin flag 1 data 41378
[   28.6954] open fd = -5
[   28.7131] open name host:/livepad.bin flag 1 data 41378
[   28.7148] open fd = -5
[   28.7321] open name host:/livepad.bin flag 1 data 41378
[   28.7337] open fd = -5
[   28.7502] open name host:/livepad.bin flag 1 data 41378
[   28.7519] open fd = -5
[   28.7543] open name host:/log.txt flag 302 data 41378
[   28.7561] open fd = 256
[   28.7743] open name host:/livepad.bin flag 1 data 41378
[   28.7755] open fd = -5
[   28.7757] open name host:/livedbg.cmd flag 1 data 41378
[   28.7772] open fd = -5
[   28.7941] open name host:/livepad.bin flag 1 data 41378
[   28.7956] open fd = -5
[   28.8126] open name host:/livepad.bin flag 1 data 41378
[   28.8141] open fd = -5
[   28.8311] open name host:/livepad.bin flag 1 data 41378
[   28.8327] open fd = -5
[   28.8498] open name host:/livepad.bin flag 1 data 41378
[   28.8516] open fd = -5
[   28.8694] open name host:/livepad.bin flag 1 data 41378
[   28.8707] open fd = -5
[   28.8876] open name host:/livepad.bin flag 1 data 41378
[   28.8888] open fd = -5
[   28.8892] open name host:/livedbg.cmd flag 1 data 41378
[   28.8901] open fd = -5
[   28.9069] open name host:/livepad.bin flag 1 data 41378
[   28.9082] open fd = -5
[   28.9246] open name host:/livepad.bin flag 1 data 41378
[   28.9257] open fd = -5
[   28.9416] open name host:/livepad.bin flag 1 data 41378
[   28.9427] open fd = -5
[   28.9439] LOG: SKYORACLE scene=0 generation=1 count=1152 equal=1 check=960 bboxBefore=4092
[   28.9602] open name host:/livepad.bin flag 1 data 41378
[   28.9616] open fd = -5
[   28.9769] open name host:/livepad.bin flag 1 data 41378
[   28.9782] open fd = -5
[   28.9944] open name host:/livepad.bin flag 1 data 41378
[   28.9957] open fd = -5
[   28.9960] open name host:/livedbg.cmd flag 1 data 41378
[   28.9970] open fd = -5
[   28.9972] open name host:/log.txt flag 302 data 41378
[   28.9988] open fd = 256
[   29.0153] open name host:/livepad.bin flag 1 data 41378
[   29.0166] open fd = -5
[   29.0339] open name host:/livepad.bin flag 1 data 41378
[   29.0353] open fd = -5
[   29.0528] open name host:/livepad.bin flag 1 data 41378
[   29.0544] open fd = -5
[   29.0704] open name host:/livepad.bin flag 1 data 41378
[   29.0718] open fd = -5
[   29.0880] open name host:/livepad.bin flag 1 data 41378
[   29.0898] open fd = -5
[   29.1057] open name host:/livepad.bin flag 1 data 41378
[   29.1073] open fd = -5
[   29.1077] open name host:/livedbg.cmd flag 1 data 41378
[   29.1090] open fd = -5
[   29.1253] open name host:/livepad.bin flag 1 data 41378
[   29.1268] open fd = -5
[   29.1436] open name host:/livepad.bin flag 1 data 41378
[   29.1452] open fd = -5
[   29.1622] open name host:/livepad.bin flag 1 data 41378
[   29.1639] open fd = -5
[   29.1812] open name host:/livepad.bin flag 1 data 41378
[   29.1827] open fd = -5
[   29.2002] open name host:/livepad.bin flag 1 data 41378
[   29.2016] open fd = -5
[   29.2180] open name host:/livepad.bin flag 1 data 41378
[   29.2194] open fd = -5
[   29.2198] open name host:/livedbg.cmd flag 1 data 41378
[   29.2211] open fd = -5
[   29.2365] open name host:/livepad.bin flag 1 data 41378
[   29.2380] open fd = -5
[   29.2543] open name host:/livepad.bin flag 1 data 41378
[   29.2557] open fd = -5
[   29.2727] open name host:/livepad.bin flag 1 data 41378
[   29.2739] open fd = -5
[   29.2904] open name host:/livepad.bin flag 1 data 41378
[   29.2916] open fd = -5
[   29.3079] open name host:/livepad.bin flag 1 data 41378
[   29.3092] open fd = -5
[   29.3256] open name host:/livepad.bin flag 1 data 41378
[   29.3269] open fd = -5
[   29.3274] open name host:/livedbg.cmd flag 1 data 41378
[   29.3285] open fd = -5
[   29.3436] open name host:/livepad.bin flag 1 data 41378
[   29.3448] open fd = -5
[   29.3614] open name host:/livepad.bin flag 1 data 41378
[   29.3629] open fd = -5
[   29.3800] open name host:/livepad.bin flag 1 data 41378
[   29.3815] open fd = -5
[   29.3983] open name host:/livepad.bin flag 1 data 41378
[   29.3999] open fd = -5
[   29.4172] open name host:/livepad.bin flag 1 data 41378
[   29.4189] open fd = -5
[   29.4355] open name host:/livepad.bin flag 1 data 41378
[   29.4373] open fd = -5
[   29.4375] open name host:/livedbg.cmd flag 1 data 41378
[   29.4387] open fd = -5
[   29.4556] open name host:/livepad.bin flag 1 data 41378
[   29.4573] open fd = -5
[   29.4580] open name host:/log.txt flag 302 data 41378
[   29.4600] open fd = 256
[   29.4804] open name host:/livepad.bin flag 1 data 41378
[   29.4821] open fd = -5
[   29.5007] open name host:/livepad.bin flag 1 data 41378
[   29.5023] open fd = -5
[   29.5200] open name host:/livepad.bin flag 1 data 41378
[   29.5215] open fd = -5
[   29.5388] open name host:/livepad.bin flag 1 data 41378
[   29.5400] open fd = -5
[   29.5580] open name host:/livepad.bin flag 1 data 41378
[   29.5597] open fd = -5
[   29.5600] open name host:/livedbg.cmd flag 1 data 41378
[   29.5610] open fd = -5
[   29.5786] open name host:/livepad.bin flag 1 data 41378
[   29.5798] open fd = -5
[   29.5957] open name host:/livepad.bin flag 1 data 41378
[   29.5969] open fd = -5
[   29.6135] open name host:/livepad.bin flag 1 data 41378
[   29.6147] open fd = -5
[   29.6313] open name host:/livepad.bin flag 1 data 41378
[   29.6326] open fd = -5
[   29.6489] open name host:/livepad.bin flag 1 data 41378
[   29.6504] open fd = -5
[   29.6671] open name host:/livepad.bin flag 1 data 41378
[   29.6682] open fd = -5
[   29.6685] open name host:/livedbg.cmd flag 1 data 41378
[   29.6695] open fd = -5
[   29.6853] open name host:/livepad.bin flag 1 data 41378
[   29.6866] open fd = -5
[   29.6887] open name host:/log.txt flag 302 data 41378
[   29.6904] open fd = 256
[   29.7084] open name host:/livepad.bin flag 1 data 41378
[   29.7103] open fd = -5
[   29.7283] open name host:/livepad.bin flag 1 data 41378
[   29.7298] open fd = -5
[   29.7479] open name host:/livepad.bin flag 1 data 41378
[   29.7494] open fd = -5
[   29.7520] open name host:/log.txt flag 302 data 41378
[   29.7540] open fd = 256
[   29.7704] open name host:/livepad.bin flag 1 data 41378
[   29.7722] open fd = -5
[   29.7892] open name host:/livepad.bin flag 1 data 41378
[   29.7912] open fd = -5
[   29.7915] open name host:/livedbg.cmd flag 1 data 41378
[   29.7927] open fd = -5
[   29.8098] open name host:/livepad.bin flag 1 data 41378
[   29.8112] open fd = -5
[   29.8292] open name host:/livepad.bin flag 1 data 41378
[   29.8309] open fd = -5
[   29.8488] open name host:/livepad.bin flag 1 data 41378
[   29.8504] open fd = -5
[   29.8677] open name host:/livepad.bin flag 1 data 41378
[   29.8691] open fd = -5
[   29.8851] open name host:/livepad.bin flag 1 data 41378
[   29.8864] open fd = -5
[   29.9038] open name host:/livepad.bin flag 1 data 41378
[   29.9050] open fd = -5
[   29.9053] open name host:/livedbg.cmd flag 1 data 41378
[   29.9063] open fd = -5
[   29.9226] open name host:/livepad.bin flag 1 data 41378
[   29.9240] open fd = -5
[   29.9414] open name host:/livepad.bin flag 1 data 41378
[   29.9426] open fd = -5
[   29.9433] open name host:/log.txt flag 302 data 41378
[   29.9449] open fd = 256
[   29.9642] open name host:/livepad.bin flag 1 data 41378
[   29.9655] open fd = -5
[   29.9820] open name host:/livepad.bin flag 1 data 41378
[   29.9832] open fd = -5
[   30.0005] FRAMEARENA frames=1080 peak=1048400 resets=3 fallbacks=0 maxFrameBytes=2731360 maxBorrowed=2045696 freeKiB=11079
[   30.0008] NATIVEVIF frames=1080 batches=1083
[   30.0009] ORDEREDFRAME frames=1080 splitFrames=2
[   30.0011] FRAMEPIPELINE starts=1080 dmaBusyStarts=0
[   30.0012] open name host:/livepad.bin flag 1 data 41378
[   30.0025] open fd = -5
[   30.0176] open name host:/livepad.bin flag 1 data 41378
[   30.0190] open fd = -5
[   30.0194] open name host:/livedbg.cmd flag 1 data 41378
[   30.0206] open fd = -5
[   30.0362] open name host:/livepad.bin flag 1 data 41378
[   30.0380] open fd = -5
[   30.0546] open name host:/livepad.bin flag 1 data 41378
[   30.0562] open fd = -5
[   30.0732] open name host:/livepad.bin flag 1 data 41378
[   30.0748] open fd = -5
[   30.0755] LOG: SKYWARM scene=0 generation=1 count=1152 check=1020
[   30.0915] open name host:/livepad.bin flag 1 data 41378
[   30.0929] open fd = -5
[   30.1108] open name host:/livepad.bin flag 1 data 41378
[   30.1126] open fd = -5
[   30.1303] open name host:/livepad.bin flag 1 data 41378
[   30.1320] open fd = -5
[   30.1324] open name host:/livedbg.cmd flag 1 data 41378
[   30.1336] open fd = -5
[   30.1506] open name host:/livepad.bin flag 1 data 41378
[   30.1523] open fd = -5
[   30.1706] open name host:/livepad.bin flag 1 data 41378
[   30.1721] open fd = -5
[   30.1885] open name host:/livepad.bin flag 1 data 41378
[   30.1899] open fd = -5
[   30.2075] open name host:/livepad.bin flag 1 data 41378
[   30.2091] open fd = -5
[   30.2257] open name host:/livepad.bin flag 1 data 41378
[   30.2269] open fd = -5
[   30.2435] open name host:/livepad.bin flag 1 data 41378
[   30.2447] open fd = -5
[   30.2450] open name host:/livedbg.cmd flag 1 data 41378
[   30.2461] open fd = -5
[   30.2619] open name host:/livepad.bin flag 1 data 41378
[   30.2632] open fd = -5
[   30.2795] open name host:/livepad.bin flag 1 data 41378
[   30.2806] open fd = -5
[   30.2982] open name host:/livepad.bin flag 1 data 41378
[   30.2994] open fd = -5
[   30.3176] open name host:/livepad.bin flag 1 data 41378
[   30.3190] open fd = -5
[   30.3362] open name host:/livepad.bin flag 1 data 41378
[   30.3374] open fd = -5
[   30.3531] open name host:/livepad.bin flag 1 data 41378
[   30.3544] open fd = -5
[   30.3547] open name host:/livedbg.cmd flag 1 data 41378
[   30.3557] open fd = -5
[   30.3716] open name host:/livepad.bin flag 1 data 41378
[   30.3727] open fd = -5
[   30.3888] open name host:/livepad.bin flag 1 data 41378
[   30.3903] open fd = -5
[   30.4083] open name host:/livepad.bin flag 1 data 41378
[   30.4099] open fd = -5
[   30.4105] open name host:/log.txt flag 302 data 41378
[   30.4127] open fd = 256
[   30.4334] open name host:/livepad.bin flag 1 data 41378
[   30.4351] open fd = -5
[   30.4519] open name host:/livepad.bin flag 1 data 41378
[   30.4535] open fd = -5
[   30.4698] open name host:/livepad.bin flag 1 data 41378
[   30.4715] open fd = -5
[   30.4718] open name host:/livedbg.cmd flag 1 data 41378
[   30.4731] open fd = -5
[   30.4895] open name host:/livepad.bin flag 1 data 41378
[   30.4909] open fd = -5
[   30.5084] open name host:/livepad.bin flag 1 data 41378
[   30.5102] open fd = -5
[   30.5273] open name host:/livepad.bin flag 1 data 41378
[   30.5289] open fd = -5
[   30.5456] open name host:/livepad.bin flag 1 data 41378
[   30.5468] open fd = -5
[   30.5629] open name host:/livepad.bin flag 1 data 41378
[   30.5641] open fd = -5
[   30.5804] open name host:/livepad.bin flag 1 data 41378
[   30.5816] open fd = -5
[   30.5820] open name host:/livedbg.cmd flag 1 data 41378
[   30.5830] open fd = -5
[   30.5995] open name host:/livepad.bin flag 1 data 41378
[   30.6007] open fd = -5
[   30.6178] open name host:/livepad.bin flag 1 data 41378
[   30.6190] open fd = -5
[   30.6347] open name host:/livepad.bin flag 1 data 41378
[   30.6359] open fd = -5
[   30.6384] open name host:/log.txt flag 302 data 41378
[   30.6401] open fd = 256
[   30.6579] open name host:/livepad.bin flag 1 data 41378
[   30.6593] open fd = -5
[   30.6754] open name host:/livepad.bin flag 1 data 41378
[   30.6767] open fd = -5
[   30.6925] open name host:/livepad.bin flag 1 data 41378
[   30.6937] open fd = -5
[   30.6940] open name host:/livedbg.cmd flag 1 data 41378
[   30.6949] open fd = -5
[   30.7108] open name host:/livepad.bin flag 1 data 41378
[   30.7122] open fd = -5
[   30.7293] open name host:/livepad.bin flag 1 data 41378
[   30.7311] open fd = -5
[   30.7475] open name host:/livepad.bin flag 1 data 41378
[   30.7492] open fd = -5
[   30.7671] open name host:/livepad.bin flag 1 data 41378
[   30.7690] open fd = -5
[   30.7857] open name host:/livepad.bin flag 1 data 41378
[   30.7870] open fd = -5
[   30.8035] open name host:/livepad.bin flag 1 data 41378
[   30.8049] open fd = -5
[   30.8052] open name host:/livedbg.cmd flag 1 data 41378
[   30.8065] open fd = -5
[   30.8224] open name host:/livepad.bin flag 1 data 41378
[   30.8241] open fd = -5
[   30.8414] open name host:/livepad.bin flag 1 data 41378
[   30.8430] open fd = -5
[   30.8625] open name host:/livepad.bin flag 1 data 41378
[   30.8641] open fd = -5
[   30.8818] open name host:/livepad.bin flag 1 data 41378
[   30.8832] open fd = -5
[   30.8840] open name host:/log.txt flag 302 data 41378
[   30.8855] open fd = 256
[   30.9048] open name host:/livepad.bin flag 1 data 41378
[   30.9058] open fd = -5
[   30.9220] open name host:/livepad.bin flag 1 data 41378
[   30.9234] open fd = -5
[   30.9237] open name host:/livedbg.cmd flag 1 data 41378
[   30.9247] open fd = -5
[   30.9411] open name host:/livepad.bin flag 1 data 41378
[   30.9424] open fd = -5
[   30.9600] open name host:/livepad.bin flag 1 data 41378
[   30.9613] open fd = -5
[   30.9797] open name host:/livepad.bin flag 1 data 41378
[   30.9810] open fd = -5
[   30.9967] open name host:/livepad.bin flag 1 data 41378
[   30.9984] open fd = -5
[   31.0161] open name host:/livepad.bin flag 1 data 41378
[   31.0173] open fd = -5
[   31.0351] open name host:/livepad.bin flag 1 data 41378
[   31.0369] open fd = -5
[   31.0374] open name host:/livedbg.cmd flag 1 data 41378
[   31.0387] open fd = -5
[   31.0549] open name host:/livepad.bin flag 1 data 41378
[   31.0561] open fd = -5
[   31.0731] open name host:/livepad.bin flag 1 data 41378
[   31.0746] open fd = -5
[   31.0920] open name host:/livepad.bin flag 1 data 41378
[   31.0936] open fd = -5
[   31.1109] open name host:/livepad.bin flag 1 data 41378
[   31.1123] open fd = -5
[   31.1290] open name host:/livepad.bin flag 1 data 41378
[   31.1306] open fd = -5
[   31.1475] open name host:/livepad.bin flag 1 data 41378
[   31.1492] open fd = -5
[   31.1495] open name host:/livedbg.cmd flag 1 data 41378
[   31.1508] open fd = -5
[   31.1696] open name host:/livepad.bin flag 1 data 41378
[   31.1713] open fd = -5
[   31.1902] open name host:/livepad.bin flag 1 data 41378
[   31.1916] open fd = -5
[   31.2091] open name host:/livepad.bin flag 1 data 41378
[   31.2105] open fd = -5
[   31.2120] LOG: SKYORACLE scene=0 generation=1 count=1152 equal=1 check=1080 bboxBefore=4655
[   31.2293] open name host:/livepad.bin flag 1 data 41378
[   31.2309] open fd = -5
[   31.2491] open name host:/livepad.bin flag 1 data 41378
[   31.2505] open fd = -5
[   31.2673] open name host:/livepad.bin flag 1 data 41378
[   31.2686] open fd = -5
[   31.2690] open name host:/livedbg.cmd flag 1 data 41378
[   31.2699] open fd = -5
[   31.2866] open name host:/livepad.bin flag 1 data 41378
[   31.2880] open fd = -5
[   31.3054] open name host:/livepad.bin flag 1 data 41378
[   31.3070] open fd = -5
[   31.3250] open name host:/livepad.bin flag 1 data 41378
[   31.3263] open fd = -5
[   31.3437] open name host:/livepad.bin flag 1 data 41378
[   31.3450] open fd = -5
[   31.3610] open name host:/livepad.bin flag 1 data 41378
[   31.3623] open fd = -5
[   31.3631] open name host:/log.txt flag 302 data 41378
[   31.3646] open fd = 256
[   31.3842] open name host:/livepad.bin flag 1 data 41378
[   31.3857] open fd = -5
[   31.3860] open name host:/livedbg.cmd flag 1 data 41378
[   31.3874] open fd = -5
[   31.4043] open name host:/livepad.bin flag 1 data 41378
[   31.4063] open fd = -5
[   31.4255] open name host:/livepad.bin flag 1 data 41378
[   31.4267] open fd = -5
[   31.4434] open name host:/livepad.bin flag 1 data 41378
[   31.4451] open fd = -5
[   31.4631] open name host:/livepad.bin flag 1 data 41378
[   31.4647] open fd = -5
[   31.4818] open name host:/livepad.bin flag 1 data 41378
[   31.4834] open fd = -5
[   31.5005] open name host:/livepad.bin flag 1 data 41378
[   31.5017] open fd = -5
[   31.5021] open name host:/livedbg.cmd flag 1 data 41378
[   31.5031] open fd = -5
[   31.5219] open name host:/livepad.bin flag 1 data 41378
[   31.5232] open fd = -5
[   31.5394] open name host:/livepad.bin flag 1 data 41378
[   31.5408] open fd = -5
[   31.5594] open name host:/livepad.bin flag 1 data 41378
[   31.5608] open fd = -5
[   31.5781] open name host:/livepad.bin flag 1 data 41378
[   31.5792] open fd = -5
[   31.5962] open name host:/livepad.bin flag 1 data 41378
[   31.5977] open fd = -5
[   31.5997] open name host:/log.txt flag 302 data 41378
[   31.6015] open fd = 256
[   31.6181] open name host:/livepad.bin flag 1 data 41378
[   31.6195] open fd = -5
[   31.6197] open name host:/livedbg.cmd flag 1 data 41378
[   31.6208] open fd = -5
[   31.6381] open name host:/livepad.bin flag 1 data 41378
[   31.6392] open fd = -5
[   31.6556] open name host:/livepad.bin flag 1 data 41378
[   31.6568] open fd = -5
[   31.6718] open name host:/livepad.bin flag 1 data 41378
[   31.6737] open fd = -5
[   31.6895] open name host:/livepad.bin flag 1 data 41378
[   31.6908] open fd = -5
[   31.7060] open name host:/livepad.bin flag 1 data 41378
[   31.7071] open fd = -5
[   31.7225] open name host:/livepad.bin flag 1 data 41378
[   31.7237] open fd = -5
[   31.7239] open name host:/livedbg.cmd flag 1 data 41378
[   31.7249] open fd = -5
[   31.7399] open name host:/livepad.bin flag 1 data 41378
[   31.7414] open fd = -5
[   31.7566] open name host:/livepad.bin flag 1 data 41378
[   31.7580] open fd = -5
[   31.7736] open name host:/livepad.bin flag 1 data 41378
[   31.7751] open fd = -5
[   31.7908] open name host:/livepad.bin flag 1 data 41378
[   31.7921] open fd = -5
[   31.8094] open name host:/livepad.bin flag 1 data 41378
[   31.8107] open fd = -5
[   31.8268] open name host:/livepad.bin flag 1 data 41378
[   31.8282] open fd = -5
[   31.8284] open name host:/livedbg.cmd flag 1 data 41378
[   31.8295] open fd = -5
[   31.8299] open name host:/log.txt flag 302 data 41378
[   31.8314] open fd = 256
[   31.8507] open name host:/livepad.bin flag 1 data 41378
[   31.8520] open fd = -5
[   31.8671] open name host:/livepad.bin flag 1 data 41378
[   31.8683] open fd = -5
[   31.8845] open name host:/livepad.bin flag 1 data 41378
[   31.8858] open fd = -5
[   31.9016] open name host:/livepad.bin flag 1 data 41378
[   31.9027] open fd = -5
[   31.9186] open name host:/livepad.bin flag 1 data 41378
[   31.9202] open fd = -5
[   31.9362] open name host:/livepad.bin flag 1 data 41378
[   31.9375] open fd = -5
[   31.9378] open name host:/livedbg.cmd flag 1 data 41378
[   31.9389] open fd = -5
[   31.9538] open name host:/livepad.bin flag 1 data 41378
[   31.9551] open fd = -5
[   31.9709] open name host:/livepad.bin flag 1 data 41378
[   31.9722] open fd = -5
[   31.9891] open name host:/livepad.bin flag 1 data 41378
[   31.9903] open fd = -5
[   32.0065] open name host:/livepad.bin flag 1 data 41378
[   32.0078] open fd = -5
[   32.0244] open name host:/livepad.bin flag 1 data 41378
[   32.0258] open fd = -5
[   32.0416] open name host:/livepad.bin flag 1 data 41378
[   32.0431] open fd = -5
[   32.0434] open name host:/livedbg.cmd flag 1 data 41378
[   32.0443] open fd = -5
[   32.0602] open name host:/livepad.bin flag 1 data 41378
[   32.0615] open fd = -5
[   32.0769] open name host:/livepad.bin flag 1 data 41378
[   32.0781] open fd = -5
[   32.0943] open name host:/livepad.bin flag 1 data 41378
[   32.0957] open fd = -5
[   32.1114] open name host:/livepad.bin flag 1 data 41378
[   32.1131] open fd = -5
[   32.1296] open name host:/livepad.bin flag 1 data 41378
[   32.1310] open fd = -5
[   32.1469] open name host:/livepad.bin flag 1 data 41378
[   32.1480] open fd = -5
[   32.1483] open name host:/livedbg.cmd flag 1 data 41378
[   32.1494] open fd = -5
[   32.1658] open name host:/livepad.bin flag 1 data 41378
[   32.1671] open fd = -5
[   32.1826] open name host:/livepad.bin flag 1 data 41378
[   32.1839] open fd = -5
[   32.2000] open name host:/livepad.bin flag 1 data 41378
[   32.2013] open fd = -5
[   32.2167] open name host:/livepad.bin flag 1 data 41378
[   32.2181] open fd = -5
[   32.2338] FRAMEARENA frames=1200 peak=1048400 resets=3 fallbacks=0 maxFrameBytes=2731360 maxBorrowed=2045696 freeKiB=11151
[   32.2340] NATIVEVIF frames=1200 batches=1203
[   32.2342] ORDEREDFRAME frames=1200 splitFrames=2
[   32.2343] FRAMEPIPELINE starts=1200 dmaBusyStarts=0
[   32.2345] open name host:/livepad.bin flag 1 data 41378
[   32.2356] open fd = -5
[   32.2508] open name host:/livepad.bin flag 1 data 41378
[   32.2520] open fd = -5
[   32.2523] open name host:/livedbg.cmd flag 1 data 41378
[   32.2534] open fd = -5
[   32.2687] open name host:/livepad.bin flag 1 data 41378
[   32.2701] open fd = -5
[   32.2707] open name host:/log.txt flag 302 data 41378
[   32.2722] open fd = 256
[   32.2894] open name host:/livepad.bin flag 1 data 41378
[   32.2908] open fd = -5
[   32.3068] open name host:/livepad.bin flag 1 data 41378
[   32.3081] open fd = -5
[   32.3087] LOG: SKYWARM scene=0 generation=1 count=1152 check=1140
[   32.3246] open name host:/livepad.bin flag 1 data 41378
[   32.3258] open fd = -5
[   32.3437] open name host:/livepad.bin flag 1 data 41378
[   32.3450] open fd = -5
[   32.3607] open name host:/livepad.bin flag 1 data 41378
[   32.3618] open fd = -5
[   32.3621] open name host:/livedbg.cmd flag 1 data 41378
[   32.3630] open fd = -5
[   32.3784] open name host:/livepad.bin flag 1 data 41378
[   32.3796] open fd = -5
[   32.3963] open name host:/livepad.bin flag 1 data 41378
[   32.3976] open fd = -5
[   32.4137] open name host:/livepad.bin flag 1 data 41378
[   32.4149] open fd = -5
[   32.4303] open name host:/livepad.bin flag 1 data 41378
[   32.4314] open fd = -5
[   32.4474] open name host:/livepad.bin flag 1 data 41378
[   32.4487] open fd = -5
[   32.4643] open name host:/livepad.bin flag 1 data 41378
[   32.4655] open fd = -5
[   32.4658] open name host:/livedbg.cmd flag 1 data 41378
[   32.4668] open fd = -5
[   32.4820] open name host:/livepad.bin flag 1 data 41378
[   32.4833] open fd = -5
[   32.4856] open name host:/log.txt flag 302 data 41378
[   32.4872] open fd = 256
[   32.5036] open name host:/livepad.bin flag 1 data 41378
[   32.5049] open fd = -5
[   32.5205] open name host:/livepad.bin flag 1 data 41378
[   32.5217] open fd = -5
[   32.5380] open name host:/livepad.bin flag 1 data 41378
[   32.5392] open fd = -5
[   32.5413] open name host:/log.txt flag 302 data 41378
[   32.5429] open fd = 256
[   32.5599] open name host:/livepad.bin flag 1 data 41378
[   32.5611] open fd = -5
[   32.5786] open name host:/livepad.bin flag 1 data 41378
[   32.5803] open fd = -5
[   32.5806] open name host:/livedbg.cmd flag 1 data 41378
[   32.5817] open fd = -5
[   32.5960] open name host:/livepad.bin flag 1 data 41378
[   32.5972] open fd = -5
[   32.6126] open name host:/livepad.bin flag 1 data 41378
[   32.6140] open fd = -5
[   32.6300] open name host:/livepad.bin flag 1 data 41378
[   32.6313] open fd = -5
[   32.6469] open name host:/livepad.bin flag 1 data 41378
[   32.6481] open fd = -5
[   32.6637] open name host:/livepad.bin flag 1 data 41378
[   32.6648] open fd = -5
[   32.6799] open name host:/livepad.bin flag 1 data 41378
[   32.6812] open fd = -5
[   32.6814] open name host:/livedbg.cmd flag 1 data 41378
[   32.6824] open fd = -5
[   32.6981] open name host:/livepad.bin flag 1 data 41378
[   32.6995] open fd = -5
[   32.7153] open name host:/livepad.bin flag 1 data 41378
[   32.7167] open fd = -5
[   32.7171] open name host:/log.txt flag 302 data 41378
[   32.7189] open fd = 256
[   32.7371] open name host:/livepad.bin flag 1 data 41378
[   32.7382] open fd = -5
[   32.7544] open name host:/livepad.bin flag 1 data 41378
[   32.7555] open fd = -5
[   32.7678] open name host:/livepad.bin flag 1 data 41378
[   32.7690] open fd = -5
[   32.7817] open name host:/livepad.bin flag 1 data 41378
[   32.7829] open fd = -5
[   32.7830] open name host:/livedbg.cmd flag 1 data 41378
[   32.7840] open fd = -5
[   32.7966] open name host:/livepad.bin flag 1 data 41378
[   32.7978] open fd = -5
[   32.8255] microVU1: Cached Prog = [012] [PC=3fd0] [List=01] (Cache=3.623%) [2.2mb]
[   32.8267] open name host:/vehicles/veh-ravager000001-shadow.png flag 1 data 41378
[   32.8290] open fd = 256
[   32.8298] open name host:/vehicles/veh-ravager000001-shadow.png flag 1 data 41378
[   32.8319] open fd = 256
[   32.8474] open name host:/sky/scene1.png flag 1 data 41378
[   32.8498] open fd = 256
[   32.8508] open name host:/sky/scene1.png flag 1 data 41378
[   32.8527] open fd = 256
[   33.2070] open name host:/vehicles/fx-skid.png flag 1 data 41378
[   33.2094] open fd = 256
[   33.2102] open name host:/vehicles/fx-skid.png flag 1 data 41378
[   33.2122] open fd = 256
[   33.2261] open name host:/vehicles/fx-smoke.png flag 1 data 41378
[   33.2284] open fd = 256
[   33.2292] open name host:/vehicles/fx-smoke.png flag 1 data 41378
[   33.2312] open fd = 256
[   33.2352] open name host:/log.txt flag 302 data 41378
[   33.2369] open fd = 256
[   33.2384] open name host:/vehicles/veh-ravager000001-wheel.tmdl flag 1 data 41378
[   33.2406] open fd = 256
[   33.2489] open name host:/vehicles/veh-ravager000001-wheelfast.tmdl flag 1 data 41378
[   33.2513] open fd = 256
[   33.2682] open name host:/log.txt flag 302 data 41378
[   33.2702] open fd = 256
[   33.2717] open name host:/log.txt flag 302 data 41378
[   33.2735] open fd = 256
[   33.2751] open name host:/log.txt flag 302 data 41378
[   33.2765] open fd = 256
[   33.3905] open name host:/log.txt flag 302 data 41378
[   33.3922] open fd = 256
[   33.4064] open name host:/log.txt flag 302 data 41378
[   33.4085] open fd = 256
[   33.4101] open name host:/log.txt flag 302 data 41378
[   33.4119] open fd = 256
[   33.4143] open name host:/log.txt flag 302 data 41378
[   33.4161] open fd = 256
[   33.4249] open name host:/log.txt flag 302 data 41378
[   33.4266] open fd = 256
[   33.4285] open name host:/log.txt flag 302 data 41378
[   33.4300] open fd = 256
[   33.4320] open name host:/log.txt flag 302 data 41378
[   33.4335] open fd = 256
[   33.4356] open name host:/log.txt flag 302 data 41378
[   33.4371] open fd = 256
[   33.4388] open name host:/log.txt flag 302 data 41378
[   33.4402] open fd = 256
[   33.4419] open name host:/log.txt flag 302 data 41378
[   33.4435] open fd = 256
[   33.4450] open name host:/log.txt flag 302 data 41378
[   33.4466] open fd = 256
[   33.4484] open name host:/log.txt flag 302 data 41378
[   33.4499] open fd = 256
[   33.4516] open name host:/log.txt flag 302 data 41378
[   33.4530] open fd = 256
[   33.4545] open name host:/log.txt flag 302 data 41378
[   33.4558] open fd = 256
[   33.4647] open name host:/log.txt flag 302 data 41378
[   33.4663] open fd = 256
[   33.4679] open name host:/log.txt flag 302 data 41378
[   33.4693] open fd = 256
[   33.4711] open name host:/log.txt flag 302 data 41378
[   33.4726] open fd = 256
[   33.4741] open name host:/log.txt flag 302 data 41378
[   33.4755] open fd = 256
[   33.4771] open name host:/log.txt flag 302 data 41378
[   33.4786] open fd = 256
[   33.4801] open name host:/log.txt flag 302 data 41378
[   33.4816] open fd = 256
[   33.4833] open name host:/log.txt flag 302 data 41378
[   33.4848] open fd = 256
[   33.4871] open name host:/log.txt flag 302 data 41378
[   33.4891] open fd = 256
[   33.4908] open name host:/log.txt flag 302 data 41378
[   33.4924] open fd = 256
[   33.4939] open name host:/log.txt flag 302 data 41378
[   33.4953] open fd = 256
[   33.4968] open name host:/log.txt flag 302 data 41378
[   33.4983] open fd = 256
[   33.5002] open name host:/log.txt flag 302 data 41378
[   33.5019] open fd = 256
[   33.5035] open name host:/log.txt flag 302 data 41378
[   33.5050] open fd = 256
[   33.5150] open name host:/log.txt flag 302 data 41378
[   33.5171] open fd = 256
[   33.5313] open name host:/livepad.bin flag 1 data 41378
[   33.5328] open fd = -5
[   33.5329] LOG: SKYMOTION scene=1 generation=2 stage=1 enabled=1
[   33.5333] open name host:/log.txt flag 302 data 41378
[   33.5348] open fd = 256
[   33.5488] open name host:/livepad.bin flag 1 data 41378
[   33.5501] open fd = -5
[   33.5625] open name host:/livepad.bin flag 1 data 41378
[   33.5637] open fd = -5
[   33.5766] open name host:/livepad.bin flag 1 data 41378
[   33.5778] open fd = -5
[   33.5907] open name host:/livepad.bin flag 1 data 41378
[   33.5920] open fd = -5
[   33.5921] open name host:/livedbg.cmd flag 1 data 41378
[   33.5931] open fd = -5
[   33.6064] open name host:/livepad.bin flag 1 data 41378
[   33.6076] open fd = -5
[   33.6234] open name host:/livepad.bin flag 1 data 41378
[   33.6245] open fd = -5
[   33.6397] open name host:/livepad.bin flag 1 data 41378
[   33.6409] open fd = -5
[   33.6568] open name host:/livepad.bin flag 1 data 41378
[   33.6580] open fd = -5
[   33.6741] open name host:/livepad.bin flag 1 data 41378
[   33.6752] open fd = -5
[   33.6903] open name host:/livepad.bin flag 1 data 41378
[   33.6915] open fd = -5
[   33.6916] open name host:/livedbg.cmd flag 1 data 41378
[   33.6926] open fd = -5
[   33.7069] open name host:/livepad.bin flag 1 data 41378
[   33.7083] open fd = -5
[   33.7227] open name host:/livepad.bin flag 1 data 41378
[   33.7239] open fd = -5
[   33.7397] open name host:/livepad.bin flag 1 data 41378
[   33.7412] open fd = -5
[   33.7572] open name host:/livepad.bin flag 1 data 41378
[   33.7586] open fd = -5
[   33.7736] open name host:/livepad.bin flag 1 data 41378
[   33.7749] open fd = -5
[   33.7899] open name host:/livepad.bin flag 1 data 41378
[   33.7911] open fd = -5
[   33.7912] open name host:/livedbg.cmd flag 1 data 41378
[   33.7922] open fd = -5
[   33.8074] open name host:/livepad.bin flag 1 data 41378
[   33.8085] open fd = -5
[   33.8234] open name host:/livepad.bin flag 1 data 41378
[   33.8246] open fd = -5
[   33.8401] open name host:/livepad.bin flag 1 data 41378
[   33.8411] open fd = -5
[   33.8571] open name host:/livepad.bin flag 1 data 41378
[   33.8583] open fd = -5
[   33.8734] open name host:/livepad.bin flag 1 data 41378
[   33.8745] open fd = -5
[   33.8905] open name host:/livepad.bin flag 1 data 41378
[   33.8917] open fd = -5
[   33.8918] open name host:/livedbg.cmd flag 1 data 41378
[   33.8929] open fd = -5
[   33.9072] open name host:/livepad.bin flag 1 data 41378
[   33.9082] open fd = -5
[   33.9232] open name host:/livepad.bin flag 1 data 41378
[   33.9242] open fd = -5
[   33.9404] open name host:/livepad.bin flag 1 data 41378
[   33.9414] open fd = -5
[   33.9567] open name host:/livepad.bin flag 1 data 41378
[   33.9580] open fd = -5
[   33.9737] open name host:/livepad.bin flag 1 data 41378
[   33.9749] open fd = -5
[   33.9902] open name host:/livepad.bin flag 1 data 41378
[   33.9913] open fd = -5
[   33.9914] open name host:/livedbg.cmd flag 1 data 41378
[   33.9924] open fd = -5
[   34.0067] open name host:/livepad.bin flag 1 data 41378
[   34.0079] open fd = -5
[   34.0242] open name host:/livepad.bin flag 1 data 41378
[   34.0255] open fd = -5
[   34.0411] open name host:/livepad.bin flag 1 data 41378
[   34.0423] open fd = -5
[   34.0573] open name host:/livepad.bin flag 1 data 41378
[   34.0587] open fd = -5
[   34.0743] open name host:/livepad.bin flag 1 data 41378
[   34.0754] open fd = -5
[   34.0908] open name host:/livepad.bin flag 1 data 41378
[   34.0919] open fd = -5
[   34.0920] open name host:/livedbg.cmd flag 1 data 41378
[   34.0929] open fd = -5
[   34.1075] open name host:/livepad.bin flag 1 data 41378
[   34.1087] open fd = -5
[   34.1235] open name host:/livepad.bin flag 1 data 41378
[   34.1246] open fd = -5
[   34.1253] open name host:/log.txt flag 302 data 41378
[   34.1268] open fd = 256
[   34.1427] open name host:/log.txt flag 302 data 41378
[   34.1444] open fd = 256
[   34.1459] open name host:/log.txt flag 302 data 41378
[   34.1475] open fd = 256
[   34.1588] open name host:/log.txt flag 302 data 41378
[   34.1608] open fd = 256
[   34.1631] open name host:/log.txt flag 302 data 41378
[   34.1649] open fd = 256
[   34.3722] open name host:/log.txt flag 302 data 41378
[   34.3743] open fd = 256
[   34.3796] open name host:/livepad.bin flag 1 data 41378
[   34.3812] open fd = -5
[   34.3922] open name host:/log.txt flag 302 data 41378
[   34.3939] open fd = 256
[   34.3956] open name host:/log.txt flag 302 data 41378
[   34.3974] open fd = 256
[   34.4104] open name host:/livepad.bin flag 1 data 41378
[   34.4116] open fd = -5
[   34.4131] open name host:/log.txt flag 302 data 41378
[   34.4149] open fd = 256
[   34.4168] open name host:/log.txt flag 302 data 41378
[   34.4189] open fd = 256
[   34.4347] open name host:/livepad.bin flag 1 data 41378
[   34.4358] open fd = -5
[   34.4379] open name host:/log.txt flag 302 data 41378
[   34.4395] open fd = 256
[   34.4411] open name host:/log.txt flag 302 data 41378
[   34.4428] open fd = 256
[   34.4579] open name host:/livepad.bin flag 1 data 41378
[   34.4592] open fd = -5
[   34.4594] open name host:/livedbg.cmd flag 1 data 41378
[   34.4605] open fd = -5
[   34.4625] open name host:/log.txt flag 302 data 41378
[   34.4645] open fd = 256
[   34.4662] open name host:/log.txt flag 302 data 41378
[   34.4679] open fd = 256
[   34.4836] open name host:/livepad.bin flag 1 data 41378
[   34.4849] open fd = -5
[   34.4872] open name host:/log.txt flag 302 data 41378
[   34.4887] open fd = 256
[   34.4907] open name host:/log.txt flag 302 data 41378
[   34.4924] open fd = 256
[   34.5076] open name host:/livepad.bin flag 1 data 41378
[   34.5090] open fd = -5
[   34.5108] open name host:/log.txt flag 302 data 41378
[   34.5123] open fd = 256
[   34.5141] open name host:/log.txt flag 302 data 41378
[   34.5160] open fd = 256
[   34.5327] open name host:/livepad.bin flag 1 data 41378
[   34.5338] open fd = -5
[   34.5357] open name host:/log.txt flag 302 data 41378
[   34.5372] open fd = 256
[   34.5387] open name host:/log.txt flag 302 data 41378
[   34.5403] open fd = 256
[   34.5559] open name host:/livepad.bin flag 1 data 41378
[   34.5574] open fd = -5
[   34.5590] open name host:/log.txt flag 302 data 41378
[   34.5606] open fd = 256
[   34.5622] open name host:/log.txt flag 302 data 41378
[   34.5640] open fd = 256
[   34.5812] open name host:/livepad.bin flag 1 data 41378
[   34.5825] open fd = -5
[   34.5847] open name host:/log.txt flag 302 data 41378
[   34.5864] open fd = 256
[   34.5881] open name host:/log.txt flag 302 data 41378
[   34.5898] open fd = 256
[   34.6047] open name host:/livepad.bin flag 1 data 41378
[   34.6061] open fd = -5
[   34.6065] open name host:/livedbg.cmd flag 1 data 41378
[   34.6075] open fd = -5
[   34.6090] open name host:/log.txt flag 302 data 41378
[   34.6104] open fd = 256
[   34.6281] open name host:/livepad.bin flag 1 data 41378
[   34.6294] open fd = -5
[   34.6456] open name host:/livepad.bin flag 1 data 41378
[   34.6467] open fd = -5
[   34.6633] open name host:/livepad.bin flag 1 data 41378
[   34.6646] open fd = -5
[   34.6915] open name host:/livepad.bin flag 1 data 41378
[   34.6929] open fd = -5
[   34.7103] open name host:/livepad.bin flag 1 data 41378
[   34.7116] open fd = -5
[   34.7277] open name host:/livepad.bin flag 1 data 41378
[   34.7290] open fd = -5
[   34.7293] open name host:/livedbg.cmd flag 1 data 41378
[   34.7305] open fd = -5
[   34.7465] open name host:/livepad.bin flag 1 data 41378
[   34.7481] open fd = -5
[   34.7646] open name host:/livepad.bin flag 1 data 41378
[   34.7659] open fd = -5
[   34.7825] open name host:/livepad.bin flag 1 data 41378
[   34.7838] open fd = -5
[   34.7997] open name host:/livepad.bin flag 1 data 41378
[   34.8011] open fd = -5
[   34.8173] open name host:/livepad.bin flag 1 data 41378
[   34.8187] open fd = -5
[   34.8196] open name host:/log.txt flag 302 data 41378
[   34.8211] open fd = 256
[   34.8392] open name host:/livepad.bin flag 1 data 41378
[   34.8405] open fd = -5
[   34.8407] open name host:/livedbg.cmd flag 1 data 41378
[   34.8418] open fd = -5
[   34.8578] open name host:/livepad.bin flag 1 data 41378
[   34.8593] open fd = -5
[   34.8756] open name host:/livepad.bin flag 1 data 41378
[   34.8769] open fd = -5
[   34.8927] open name host:/livepad.bin flag 1 data 41378
[   34.8939] open fd = -5
[   34.9097] FRAMEARENA frames=1320 peak=1048400 resets=4 fallbacks=0 maxFrameBytes=2731360 maxBorrowed=2045696 freeKiB=11597
[   34.9098] NATIVEVIF frames=1320 batches=1324
[   34.9100] ORDEREDFRAME frames=1320 splitFrames=3
[   34.9102] FRAMEPIPELINE starts=1320 dmaBusyStarts=1
[   34.9105] open name host:/livepad.bin flag 1 data 41378
[   34.9117] open fd = -5
[   34.9271] open name host:/livepad.bin flag 1 data 41378
[   34.9285] open fd = -5
[   34.9441] open name host:/livepad.bin flag 1 data 41378
[   34.9452] open fd = -5
[   34.9455] open name host:/livedbg.cmd flag 1 data 41378
[   34.9465] open fd = -5
[   34.9633] open name host:/livepad.bin flag 1 data 41378
[   34.9645] open fd = -5
[   34.9798] open name host:/livepad.bin flag 1 data 41378
[   34.9810] open fd = -5
[   34.9969] open name host:/livepad.bin flag 1 data 41378
[   34.9982] open fd = -5
[   35.0153] open name host:/livepad.bin flag 1 data 41378
[   35.0166] open fd = -5
[   35.0321] open name host:/livepad.bin flag 1 data 41378
[   35.0333] open fd = -5
[   35.0491] open name host:/livepad.bin flag 1 data 41378
[   35.0513] open fd = -5
[   35.0517] open name host:/livedbg.cmd flag 1 data 41378
[   35.0526] open fd = -5
[   35.0684] open name host:/livepad.bin flag 1 data 41378
[   35.0698] open fd = -5
[   35.0876] open name host:/livepad.bin flag 1 data 41378
[   35.0890] open fd = -5
[   35.0907] LOG: SKYORACLE scene=1 generation=2 count=1152 equal=1 check=1200 bboxBefore=5325
[   35.0924] open name host:/log.txt flag 302 data 41378
[   35.0939] open fd = 256
[   35.1094] open name host:/livepad.bin flag 1 data 41378
[   35.1110] open fd = -5
[   35.1273] open name host:/livepad.bin flag 1 data 41378
[   35.1285] open fd = -5
[   35.1472] open name host:/livepad.bin flag 1 data 41378
[   35.1485] open fd = -5
[   35.1643] open name host:/livepad.bin flag 1 data 41378
[   35.1655] open fd = -5
[   35.1657] open name host:/livedbg.cmd flag 1 data 41378
[   35.1667] open fd = -5
[   35.1826] open name host:/livepad.bin flag 1 data 41378
[   35.1838] open fd = -5
[   35.1994] open name host:/livepad.bin flag 1 data 41378
[   35.2009] open fd = -5
[   35.2167] open name host:/livepad.bin flag 1 data 41378
[   35.2182] open fd = -5
[   35.2344] open name host:/livepad.bin flag 1 data 41378
[   35.2356] open fd = -5
[   35.2517] open name host:/livepad.bin flag 1 data 41378
[   35.2531] open fd = -5
[   35.2690] open name host:/livepad.bin flag 1 data 41378
[   35.2705] open fd = -5
[   35.2708] open name host:/livedbg.cmd flag 1 data 41378
[   35.2719] open fd = -5
[   35.2727] open name host:/log.txt flag 302 data 41378
[   35.2743] open fd = 256
[   35.2904] open name host:/livepad.bin flag 1 data 41378
[   35.2917] open fd = -5
[   35.3080] open name host:/livepad.bin flag 1 data 41378
[   35.3093] open fd = -5
[   35.3258] open name host:/livepad.bin flag 1 data 41378
[   35.3273] open fd = -5
[   35.3296] open name host:/log.txt flag 302 data 41378
[   35.3313] open fd = 256
[   35.3473] open name host:/livepad.bin flag 1 data 41378
[   35.3487] open fd = -5
[   35.3650] open name host:/livepad.bin flag 1 data 41378
[   35.3664] open fd = -5
[   35.3825] open name host:/livepad.bin flag 1 data 41378
[   35.3839] open fd = -5
[   35.3842] open name host:/livedbg.cmd flag 1 data 41378
[   35.3851] open fd = -5
[   35.4015] open name host:/livepad.bin flag 1 data 41378
[   35.4027] open fd = -5
[   35.4195] open name host:/livepad.bin flag 1 data 41378
[   35.4209] open fd = -5
[   35.4378] open name host:/livepad.bin flag 1 data 41378
[   35.4389] open fd = -5
[   35.4553] open name host:/livepad.bin flag 1 data 41378
[   35.4568] open fd = -5
[   35.4741] open name host:/livepad.bin flag 1 data 41378
[   35.4753] open fd = -5
[   35.4908] open name host:/livepad.bin flag 1 data 41378
[   35.4921] open fd = -5
[   35.4924] open name host:/livedbg.cmd flag 1 data 41378
[   35.4933] open fd = -5
[   35.5097] open name host:/livepad.bin flag 1 data 41378
[   35.5110] open fd = -5
[   35.5280] open name host:/livepad.bin flag 1 data 41378
[   35.5293] open fd = -5
[   35.5445] open name host:/livepad.bin flag 1 data 41378
[   35.5456] open fd = -5
[   35.5613] open name host:/livepad.bin flag 1 data 41378
[   35.5627] open fd = -5
[   35.5789] open name host:/livepad.bin flag 1 data 41378
[   35.5803] open fd = -5
[   35.5968] open name host:/livepad.bin flag 1 data 41378
[   35.5985] open fd = -5
[   35.5988] open name host:/livedbg.cmd flag 1 data 41378
[   35.6001] open fd = -5
[   35.6163] open name host:/livepad.bin flag 1 data 41378
[   35.6176] open fd = -5
[   35.6344] open name host:/livepad.bin flag 1 data 41378
[   35.6357] open fd = -5
[   35.6516] open name host:/livepad.bin flag 1 data 41378
[   35.6528] open fd = -5
[   35.6689] open name host:/livepad.bin flag 1 data 41378
[   35.6700] open fd = -5
[   35.6877] open name host:/livepad.bin flag 1 data 41378
[   35.6891] open fd = -5
[   35.7053] open name host:/livepad.bin flag 1 data 41378
[   35.7068] open fd = -5
[   35.7071] open name host:/livedbg.cmd flag 1 data 41378
[   35.7081] open fd = -5
[   35.7235] open name host:/livepad.bin flag 1 data 41378
[   35.7247] open fd = -5
[   35.7256] open name host:/log.txt flag 302 data 41378
[   35.7275] open fd = 256
[   35.7453] open name host:/livepad.bin flag 1 data 41378
[   35.7467] open fd = -5
[   35.7630] open name host:/livepad.bin flag 1 data 41378
[   35.7643] open fd = -5
[   35.7796] open name host:/livepad.bin flag 1 data 41378
[   35.7808] open fd = -5
[   35.7966] open name host:/livepad.bin flag 1 data 41378
[   35.7980] open fd = -5
[   35.8139] open name host:/livepad.bin flag 1 data 41378
[   35.8153] open fd = -5
[   35.8156] open name host:/livedbg.cmd flag 1 data 41378
[   35.8165] open fd = -5
[   35.8320] open name host:/livepad.bin flag 1 data 41378
[   35.8332] open fd = -5
[   35.8494] open name host:/livepad.bin flag 1 data 41378
[   35.8508] open fd = -5
[   35.8665] open name host:/livepad.bin flag 1 data 41378
[   35.8676] open fd = -5
[   35.8845] open name host:/livepad.bin flag 1 data 41378
[   35.8857] open fd = -5
[   35.9027] open name host:/livepad.bin flag 1 data 41378
[   35.9041] open fd = -5
[   35.9195] open name host:/livepad.bin flag 1 data 41378
[   35.9210] open fd = -5
[   35.9213] open name host:/livedbg.cmd flag 1 data 41378
[   35.9226] open fd = -5
[   35.9383] open name host:/livepad.bin flag 1 data 41378
[   35.9395] open fd = -5
[   35.9574] open name host:/livepad.bin flag 1 data 41378
[   35.9586] open fd = -5
[   35.9752] open name host:/livepad.bin flag 1 data 41378
[   35.9765] open fd = -5
[   35.9925] open name host:/livepad.bin flag 1 data 41378
[   35.9938] open fd = -5
[   35.9967] open name host:/log.txt flag 302 data 41378
[   35.9982] open fd = 256
[   36.0140] open name host:/livepad.bin flag 1 data 41378
[   36.0152] open fd = -5
[   36.0311] open name host:/livepad.bin flag 1 data 41378
[   36.0325] open fd = -5
[   36.0330] open name host:/livedbg.cmd flag 1 data 41378
[   36.0341] open fd = -5
[   36.0519] open name host:/livepad.bin flag 1 data 41378
[   36.0531] open fd = -5
[   36.0694] open name host:/livepad.bin flag 1 data 41378
[   36.0707] open fd = -5
[   36.0872] open name host:/livepad.bin flag 1 data 41378
[   36.0885] open fd = -5
[   36.1048] open name host:/livepad.bin flag 1 data 41378
[   36.1065] open fd = -5
[   36.1230] open name host:/livepad.bin flag 1 data 41378
[   36.1242] open fd = -5
[   36.1401] open name host:/livepad.bin flag 1 data 41378
[   36.1415] open fd = -5
[   36.1417] open name host:/livedbg.cmd flag 1 data 41378
[   36.1427] open fd = -5
[   36.1594] open name host:/livepad.bin flag 1 data 41378
[   36.1608] open fd = -5
[   36.1766] open name host:/livepad.bin flag 1 data 41378
[   36.1779] open fd = -5
[   36.1792] open name host:/log.txt flag 302 data 41378
[   36.1809] open fd = 256
[   36.1829] LOG: SKYWARM scene=1 generation=2 count=1152 check=1260
[   36.1978] open name host:/livepad.bin flag 1 data 41378
[   36.1994] open fd = -5
[   36.2163] open name host:/livepad.bin flag 1 data 41378
[   36.2177] open fd = -5
[   36.2361] open name host:/livepad.bin flag 1 data 41378
[   36.2373] open fd = -5
[   36.2549] open name host:/livepad.bin flag 1 data 41378
[   36.2562] open fd = -5
[   36.2565] open name host:/livedbg.cmd flag 1 data 41378
[   36.2576] open fd = -5
[   36.2732] open name host:/livepad.bin flag 1 data 41378
[   36.2744] open fd = -5
[   36.2915] open name host:/livepad.bin flag 1 data 41378
[   36.2929] open fd = -5
[   36.3090] open name host:/livepad.bin flag 1 data 41378
[   36.3103] open fd = -5
[   36.3284] open name host:/livepad.bin flag 1 data 41378
[   36.3295] open fd = -5
[   36.3474] open name host:/livepad.bin flag 1 data 41378
[   36.3485] open fd = -5
[   36.3660] open name host:/livepad.bin flag 1 data 41378
[   36.3671] open fd = -5
[   36.3674] open name host:/livedbg.cmd flag 1 data 41378
[   36.3686] open fd = -5
[   36.3855] open name host:/livepad.bin flag 1 data 41378
[   36.3867] open fd = -5
[   36.4026] open name host:/livepad.bin flag 1 data 41378
[   36.4039] open fd = -5
[   36.4203] open name host:/livepad.bin flag 1 data 41378
[   36.4215] open fd = -5
[   36.4389] open name host:/livepad.bin flag 1 data 41378
[   36.4401] open fd = -5
[   36.4561] open name host:/livepad.bin flag 1 data 41378
[   36.4575] open fd = -5
[   36.4755] open name host:/livepad.bin flag 1 data 41378
[   36.4767] open fd = -5
[   36.4769] open name host:/livedbg.cmd flag 1 data 41378
[   36.4780] open fd = -5
[   36.4945] open name host:/livepad.bin flag 1 data 41378
[   36.4956] open fd = -5
[   36.5128] open name host:/livepad.bin flag 1 data 41378
[   36.5141] open fd = -5
[   36.5304] open name host:/livepad.bin flag 1 data 41378
[   36.5319] open fd = -5
[   36.5515] open name host:/livepad.bin flag 1 data 41378
[   36.5531] open fd = -5
[   36.5707] open name host:/livepad.bin flag 1 data 41378
[   36.5723] open fd = -5
[   36.5879] open name host:/livepad.bin flag 1 data 41378
[   36.5893] open fd = -5
[   36.5896] open name host:/livedbg.cmd flag 1 data 41378
[   36.5906] open fd = -5
[   36.6074] open name host:/livepad.bin flag 1 data 41378
[   36.6087] open fd = -5
[   36.6250] open name host:/livepad.bin flag 1 data 41378
[   36.6263] open fd = -5
[   36.6427] open name host:/livepad.bin flag 1 data 41378
[   36.6441] open fd = -5
[   36.6450] open name host:/log.txt flag 302 data 41378
[   36.6467] open fd = 256
[   36.6643] open name host:/livepad.bin flag 1 data 41378
[   36.6656] open fd = -5
[   36.6822] open name host:/livepad.bin flag 1 data 41378
[   36.6835] open fd = -5
[   36.6997] open name host:/livepad.bin flag 1 data 41378
[   36.7012] open fd = -5
[   36.7015] open name host:/livedbg.cmd flag 1 data 41378
[   36.7025] open fd = -5
[   36.7184] open name host:/livepad.bin flag 1 data 41378
[   36.7198] open fd = -5
[   36.7356] open name host:/livepad.bin flag 1 data 41378
[   36.7367] open fd = -5
[   36.7526] open name host:/livepad.bin flag 1 data 41378
[   36.7538] open fd = -5
[   36.7699] open name host:/livepad.bin flag 1 data 41378
[   36.7711] open fd = -5
[   36.7883] open name host:/livepad.bin flag 1 data 41378
[   36.7898] open fd = -5
[   36.8067] open name host:/livepad.bin flag 1 data 41378
[   36.8080] open fd = -5
[   36.8084] open name host:/livedbg.cmd flag 1 data 41378
[   36.8094] open fd = -5
[   36.8261] open name host:/livepad.bin flag 1 data 41378
[   36.8274] open fd = -5
[   36.8429] open name host:/livepad.bin flag 1 data 41378
[   36.8440] open fd = -5
[   36.8602] open name host:/livepad.bin flag 1 data 41378
[   36.8614] open fd = -5
[   36.8800] open name host:/livepad.bin flag 1 data 41378
[   36.8813] open fd = -5
[   36.8985] open name host:/livepad.bin flag 1 data 41378
[   36.8998] open fd = -5
[   36.9175] open name host:/livepad.bin flag 1 data 41378
[   36.9188] open fd = -5
[   36.9191] open name host:/livedbg.cmd flag 1 data 41378
[   36.9202] open fd = -5
[   36.9227] open name host:/log.txt flag 302 data 41378
[   36.9243] open fd = 256
[   36.9404] open name host:/livepad.bin flag 1 data 41378
[   36.9420] open fd = -5
[   36.9592] open name host:/livepad.bin flag 1 data 41378
[   36.9606] open fd = -5
[   36.9774] open name host:/livepad.bin flag 1 data 41378
[   36.9787] open fd = -5
[   36.9949] open name host:/livepad.bin flag 1 data 41378
[   36.9967] open fd = -5
[   37.0132] open name host:/livepad.bin flag 1 data 41378
[   37.0144] open fd = -5
[   37.0308] open name host:/livepad.bin flag 1 data 41378
[   37.0323] open fd = -5
[   37.0327] open name host:/livedbg.cmd flag 1 data 41378
[   37.0337] open fd = -5
[   37.0491] open name host:/livepad.bin flag 1 data 41378
[   37.0505] open fd = -5
[   37.0675] open name host:/livepad.bin flag 1 data 41378
[   37.0689] open fd = -5
[   37.0851] open name host:/livepad.bin flag 1 data 41378
[   37.0863] open fd = -5
[   37.1022] FRAMEARENA frames=1440 peak=1048400 resets=4 fallbacks=0 maxFrameBytes=2731360 maxBorrowed=2045696 freeKiB=11599
[   37.1024] NATIVEVIF frames=1440 batches=1444
[   37.1026] ORDEREDFRAME frames=1440 splitFrames=3
[   37.1027] FRAMEPIPELINE starts=1440 dmaBusyStarts=1
[   37.1031] open name host:/livepad.bin flag 1 data 41378
[   37.1043] open fd = -5
[   37.1049] open name host:/log.txt flag 302 data 41378
[   37.1065] open fd = 256
[   37.1239] open name host:/livepad.bin flag 1 data 41378
[   37.1253] open fd = -5
[   37.1421] open name host:/livepad.bin flag 1 data 41378
[   37.1433] open fd = -5
[   37.1435] open name host:/livedbg.cmd flag 1 data 41378
[   37.1445] open fd = -5
[   37.1611] open name host:/livepad.bin flag 1 data 41378
[   37.1625] open fd = -5
[   37.1789] open name host:/livepad.bin flag 1 data 41378
[   37.1802] open fd = -5
[   37.1969] open name host:/livepad.bin flag 1 data 41378
[   37.1982] open fd = -5
[   37.2139] open name host:/livepad.bin flag 1 data 41378
[   37.2151] open fd = -5
[   37.2317] open name host:/livepad.bin flag 1 data 41378
[   37.2330] open fd = -5
[   37.2496] open name host:/livepad.bin flag 1 data 41378
[   37.2509] open fd = -5
[   37.2512] open name host:/livedbg.cmd flag 1 data 41378
[   37.2521] open fd = -5
[   37.2679] open name host:/livepad.bin flag 1 data 41378
[   37.2693] open fd = -5
[   37.2866] open name host:/livepad.bin flag 1 data 41378
[   37.2879] open fd = -5
[   37.2895] LOG: SKYORACLE scene=1 generation=2 count=1152 equal=1 check=1320 bboxBefore=5757
[   37.3041] open name host:/livepad.bin flag 1 data 41378
[   37.3053] open fd = -5
[   37.3214] open name host:/livepad.bin flag 1 data 41378
[   37.3228] open fd = -5
[   37.3398] open name host:/livepad.bin flag 1 data 41378
[   37.3411] open fd = -5
[   37.3602] open name host:/livepad.bin flag 1 data 41378
[   37.3614] open fd = -5
[   37.3617] open name host:/livedbg.cmd flag 1 data 41378
[   37.3628] open fd = -5
[   37.3786] open name host:/livepad.bin flag 1 data 41378
[   37.3798] open fd = -5
[   37.3961] open name host:/livepad.bin flag 1 data 41378
[   37.3974] open fd = -5
[   37.4143] open name host:/livepad.bin flag 1 data 41378
[   37.4157] open fd = -5
[   37.4319] open name host:/livepad.bin flag 1 data 41378
[   37.4330] open fd = -5
[   37.4494] open name host:/livepad.bin flag 1 data 41378
[   37.4508] open fd = -5
[   37.4677] open name host:/livepad.bin flag 1 data 41378
[   37.4692] open fd = -5
[   37.4694] open name host:/livedbg.cmd flag 1 data 41378
[   37.4704] open fd = -5
[   37.4867] open name host:/livepad.bin flag 1 data 41378
[   37.4882] open fd = -5
[   37.5042] open name host:/livepad.bin flag 1 data 41378
[   37.5055] open fd = -5
[   37.5232] open name host:/livepad.bin flag 1 data 41378
[   37.5245] open fd = -5
[   37.5407] open name host:/livepad.bin flag 1 data 41378
[   37.5418] open fd = -5
[   37.5597] open name host:/livepad.bin flag 1 data 41378
[   37.5610] open fd = -5
[   37.5620] open name host:/log.txt flag 302 data 41378
[   37.5636] open fd = 256
[   37.5819] open name host:/livepad.bin flag 1 data 41378
[   37.5833] open fd = -5
[   37.5837] open name host:/livedbg.cmd flag 1 data 41378
[   37.5847] open fd = -5
[   37.6005] open name host:/livepad.bin flag 1 data 41378
[   37.6020] open fd = -5
[   37.6047] open name host:/log.txt flag 302 data 41378
[   37.6077] open fd = 256
[   37.6097] open name host:/log.txt flag 302 data 41378
[   37.6113] open fd = 256
[   37.6399] open name host:/livepad.bin flag 1 data 41378
[   37.6411] open fd = -5
[   37.6429] open name host:/log.txt flag 302 data 41378
[   37.6444] open fd = 256
[   37.6464] open name host:/log.txt flag 302 data 41378
[   37.6480] open fd = 256
[   37.6653] open name host:/livepad.bin flag 1 data 41378
[   37.6665] open fd = -5
[   37.6690] open name host:/log.txt flag 302 data 41378
[   37.6706] open fd = 256
[   37.6723] open name host:/log.txt flag 302 data 41378
[   37.6740] open fd = 256
[   37.6906] open name host:/livepad.bin flag 1 data 41378
[   37.6919] open fd = -5
[   37.6931] open name host:/log.txt flag 302 data 41378
[   37.6947] open fd = 256
[   37.6963] open name host:/log.txt flag 302 data 41378
[   37.6981] open fd = 256
[   37.7158] open name host:/livepad.bin flag 1 data 41378
[   37.7171] open fd = -5
[   37.7190] open name host:/log.txt flag 302 data 41378
[   37.7208] open fd = 256
[   37.7225] open name host:/log.txt flag 302 data 41378
[   37.7241] open fd = 256
[   37.7392] open name host:/livepad.bin flag 1 data 41378
[   37.7405] open fd = -5
[   37.7408] open name host:/livedbg.cmd flag 1 data 41378
[   37.7418] open fd = -5
[   37.7428] open name host:/log.txt flag 302 data 41378
[   37.7445] open fd = 256
[   37.7464] open name host:/log.txt flag 302 data 41378
[   37.7485] open fd = 256
[   37.7644] open name host:/livepad.bin flag 1 data 41378
[   37.7658] open fd = -5
[   37.7676] open name host:/log.txt flag 302 data 41378
[   37.7692] open fd = 256
[   37.7709] open name host:/log.txt flag 302 data 41378
[   37.7726] open fd = 256
[   37.7882] open name host:/livepad.bin flag 1 data 41378
[   37.7894] open fd = -5
[   37.7911] open name host:/log.txt flag 302 data 41378
[   37.7928] open fd = 256
[   37.7946] open name host:/log.txt flag 302 data 41378
[   37.7962] open fd = 256
[   37.8139] open name host:/livepad.bin flag 1 data 41378
[   37.8153] open fd = -5
[   37.8170] open name host:/log.txt flag 302 data 41378
[   37.8188] open fd = 256
[   37.8204] open name host:/log.txt flag 302 data 41378
[   37.8222] open fd = 256
[   37.8390] open name host:/livepad.bin flag 1 data 41378
[   37.8402] open fd = -5
[   37.8594] open name host:/livepad.bin flag 1 data 41378
[   37.8607] open fd = -5
[   37.8762] open name host:/livepad.bin flag 1 data 41378
[   37.8775] open fd = -5
[   37.8778] open name host:/livedbg.cmd flag 1 data 41378
[   37.8788] open fd = -5
[   37.8964] open name host:/livepad.bin flag 1 data 41378
[   37.8980] open fd = -5
[   37.9160] open name host:/livepad.bin flag 1 data 41378
[   37.9174] open fd = -5
[   37.9204] open name host:/log.txt flag 302 data 41378
[   37.9220] open fd = 256
[   37.9368] open name host:/livepad.bin flag 1 data 41378
[   37.9380] open fd = -5
[   37.9550] open name host:/livepad.bin flag 1 data 41378
[   37.9563] open fd = -5
[   37.9728] open name host:/livepad.bin flag 1 data 41378
[   37.9741] open fd = -5
[   37.9899] open name host:/livepad.bin flag 1 data 41378
[   37.9916] open fd = -5
[   37.9920] open name host:/livedbg.cmd flag 1 data 41378
[   37.9930] open fd = -5
[   38.0096] open name host:/livepad.bin flag 1 data 41378
[   38.0109] open fd = -5
[   38.0285] open name host:/livepad.bin flag 1 data 41378
[   38.0300] open fd = -5
[   38.0463] open name host:/livepad.bin flag 1 data 41378
[   38.0476] open fd = -5
[   38.0645] open name host:/livepad.bin flag 1 data 41378
[   38.0658] open fd = -5
[   38.0827] open name host:/livepad.bin flag 1 data 41378
[   38.0839] open fd = -5
[   38.0846] open name host:/log.txt flag 302 data 41378
[   38.0861] open fd = 256
[   38.1039] open name host:/livepad.bin flag 1 data 41378
[   38.1053] open fd = -5
[   38.1055] open name host:/livedbg.cmd flag 1 data 41378
[   38.1066] open fd = -5
[   38.1229] open name host:/livepad.bin flag 1 data 41378
[   38.1241] open fd = -5
[   38.1413] open name host:/livepad.bin flag 1 data 41378
[   38.1425] open fd = -5
[   38.1603] open name host:/livepad.bin flag 1 data 41378
[   38.1614] open fd = -5
[   38.1637] open name host:/log.txt flag 302 data 41378
[   38.1653] open fd = 256
[   38.1826] open name host:/livepad.bin flag 1 data 41378
[   38.1840] open fd = -5
[   38.2010] open name host:/livepad.bin flag 1 data 41378
[   38.2023] open fd = -5
[   38.2185] open name host:/livepad.bin flag 1 data 41378
[   38.2198] open fd = -5
[   38.2202] open name host:/livedbg.cmd flag 1 data 41378
[   38.2217] open fd = -5
[   38.2382] open name host:/livepad.bin flag 1 data 41378
[   38.2398] open fd = -5
[   38.2581] open name host:/livepad.bin flag 1 data 41378
[   38.2594] open fd = -5
[   38.2611] open name host:/log.txt flag 302 data 41378
[   38.2626] open fd = 256
[   38.2645] open name host:/log.txt flag 302 data 41378
[   38.2662] open fd = 256
[   38.2832] open name host:/livepad.bin flag 1 data 41378
[   38.2845] open fd = -5
[   38.2869] open name host:/log.txt flag 302 data 41378
[   38.2883] open fd = 256
[   38.2899] open name host:/log.txt flag 302 data 41378
[   38.2915] open fd = 256
[   38.3094] open name host:/livepad.bin flag 1 data 41378
[   38.3107] open fd = -5
[   38.3123] open name host:/log.txt flag 302 data 41378
[   38.3142] open fd = 256
[   38.3159] open name host:/log.txt flag 302 data 41378
[   38.3175] open fd = 256
[   38.3208] open name host:/log.txt flag 302 data 41378
[   38.3225] open fd = 256
[   38.3387] open name host:/livepad.bin flag 1 data 41378
[   38.3403] open fd = -5
[   38.3432] open name host:/log.txt flag 302 data 41378
[   38.3449] open fd = 256
[   38.3467] open name host:/log.txt flag 302 data 41378
[   38.3484] open fd = 256
[   38.3662] open name host:/livepad.bin flag 1 data 41378
[   38.3676] open fd = -5
[   38.3680] open name host:/livedbg.cmd flag 1 data 41378
[   38.3691] open fd = -5
[   38.3703] open name host:/log.txt flag 302 data 41378
[   38.3718] open fd = 256
[   38.3734] open name host:/log.txt flag 302 data 41378
[   38.3750] open fd = 256
[   38.3915] open name host:/livepad.bin flag 1 data 41378
[   38.3926] open fd = -5
[   38.3947] open name host:/log.txt flag 302 data 41378
[   38.3961] open fd = 256
[   38.3977] open name host:/log.txt flag 302 data 41378
[   38.3993] open fd = 256
[   38.4153] open name host:/livepad.bin flag 1 data 41378
[   38.4163] open fd = -5
[   38.4177] open name host:/log.txt flag 302 data 41378
[   38.4193] open fd = 256
[   38.4210] open name host:/log.txt flag 302 data 41378
[   38.4225] open fd = 256
[   38.4404] open name host:/livepad.bin flag 1 data 41378
[   38.4418] open fd = -5
[   38.4440] open name host:/log.txt flag 302 data 41378
[   38.4456] open fd = 256
[   38.4473] open name host:/log.txt flag 302 data 41378
[   38.4491] open fd = 256
[   38.4644] open name host:/livepad.bin flag 1 data 41378
[   38.4657] open fd = -5
[   38.4836] open name host:/livepad.bin flag 1 data 41378
[   38.4850] open fd = -5
[   38.5022] open name host:/livepad.bin flag 1 data 41378
[   38.5035] open fd = -5
[   38.5039] open name host:/livedbg.cmd flag 1 data 41378
[   38.5049] open fd = -5
[   38.5216] open name host:/livepad.bin flag 1 data 41378
[   38.5229] open fd = -5
[   38.5392] open name host:/livepad.bin flag 1 data 41378
[   38.5404] open fd = -5
[   38.5414] LOG: SKYWARM scene=1 generation=2 count=1152 check=1380
[   38.5575] open name host:/livepad.bin flag 1 data 41378
[   38.5588] open fd = -5
[   38.5754] open name host:/livepad.bin flag 1 data 41378
[   38.5769] open fd = -5
[   38.5943] open name host:/livepad.bin flag 1 data 41378
[   38.5958] open fd = -5
[   38.6121] open name host:/livepad.bin flag 1 data 41378
[   38.6134] open fd = -5
[   38.6138] open name host:/livedbg.cmd flag 1 data 41378
[   38.6148] open fd = -5
[   38.6154] open name host:/log.txt flag 302 data 41378
[   38.6168] open fd = 256
[   38.6371] open name host:/livepad.bin flag 1 data 41378
[   38.6386] open fd = -5
[   38.6550] open name host:/livepad.bin flag 1 data 41378
[   38.6562] open fd = -5
[   38.6753] open name host:/livepad.bin flag 1 data 41378
[   38.6765] open fd = -5
[   38.6932] open name host:/livepad.bin flag 1 data 41378
[   38.6946] open fd = -5
[   38.7129] open name host:/livepad.bin flag 1 data 41378
[   38.7141] open fd = -5
[   38.7306] open name host:/livepad.bin flag 1 data 41378
[   38.7318] open fd = -5
[   38.7323] open name host:/livedbg.cmd flag 1 data 41378
[   38.7333] open fd = -5
[   38.7495] open name host:/livepad.bin flag 1 data 41378
[   38.7509] open fd = -5
[   38.7691] open name host:/livepad.bin flag 1 data 41378
[   38.7704] open fd = -5
[   38.7862] open name host:/livepad.bin flag 1 data 41378
[   38.7874] open fd = -5
[   38.8096] open name host:/livepad.bin flag 1 data 41378
[   38.8110] open fd = -5
[   38.8389] open name host:/livepad.bin flag 1 data 41378
[   38.8406] open fd = -5
[   38.8590] open name host:/livepad.bin flag 1 data 41378
[   38.8604] open fd = -5
[   38.8610] open name host:/livedbg.cmd flag 1 data 41378
[   38.8622] open fd = -5
[   38.8789] open name host:/livepad.bin flag 1 data 41378
[   38.8802] open fd = -5
[   38.8983] open name host:/livepad.bin flag 1 data 41378
[   38.8996] open fd = -5
[   38.9163] open name host:/livepad.bin flag 1 data 41378
[   38.9176] open fd = -5
[   38.9340] open name host:/livepad.bin flag 1 data 41378
[   38.9353] open fd = -5
[   38.9381] open name host:/log.txt flag 302 data 41378
[   38.9399] open fd = 256
[   38.9572] open name host:/livepad.bin flag 1 data 41378
[   38.9585] open fd = -5
[   38.9754] open name host:/livepad.bin flag 1 data 41378
[   38.9766] open fd = -5
[   38.9771] open name host:/livedbg.cmd flag 1 data 41378
[   38.9782] open fd = -5
[   38.9943] open name host:/livepad.bin flag 1 data 41378
[   38.9956] open fd = -5
[   39.0131] open name host:/livepad.bin flag 1 data 41378
[   39.0145] open fd = -5
[   39.0327] open name host:/livepad.bin flag 1 data 41378
[   39.0340] open fd = -5
[   39.0508] open name host:/livepad.bin flag 1 data 41378
[   39.0525] open fd = -5
[   39.0685] open name host:/livepad.bin flag 1 data 41378
[   39.0698] open fd = -5
[   39.0857] open name host:/livepad.bin flag 1 data 41378
[   39.0869] open fd = -5
[   39.0873] open name host:/livedbg.cmd flag 1 data 41378
[   39.0883] open fd = -5
[   39.1051] open name host:/livepad.bin flag 1 data 41378
[   39.1064] open fd = -5
[   39.1071] open name host:/log.txt flag 302 data 41378
[   39.1086] open fd = 256
[   39.1277] open name host:/livepad.bin flag 1 data 41378
[   39.1291] open fd = -5
[   39.1457] open name host:/livepad.bin flag 1 data 41378
[   39.1476] open fd = -5
[   39.1634] open name host:/livepad.bin flag 1 data 41378
[   39.1647] open fd = -5
[   39.1812] open name host:/livepad.bin flag 1 data 41378
[   39.1825] open fd = -5
[   39.2010] open name host:/livepad.bin flag 1 data 41378
[   39.2023] open fd = -5
[   39.2024] open name host:/livedbg.cmd flag 1 data 41378
[   39.2034] open fd = -5
[   39.2211] open name host:/livepad.bin flag 1 data 41378
[   39.2226] open fd = -5
[   39.2387] open name host:/livepad.bin flag 1 data 41378
[   39.2401] open fd = -5
[   39.2572] open name host:/livepad.bin flag 1 data 41378
[   39.2589] open fd = -5
[   39.2752] open name host:/livepad.bin flag 1 data 41378
[   39.2765] open fd = -5
[   39.2927] open name host:/livepad.bin flag 1 data 41378
[   39.2939] open fd = -5
[   39.3115] open name host:/livepad.bin flag 1 data 41378
[   39.3130] open fd = -5
[   39.3133] open name host:/livedbg.cmd flag 1 data 41378
[   39.3144] open fd = -5
[   39.3311] open name host:/livepad.bin flag 1 data 41378
[   39.3328] open fd = -5
[   39.3489] open name host:/livepad.bin flag 1 data 41378
[   39.3504] open fd = -5
[   39.3669] open name host:/livepad.bin flag 1 data 41378
[   39.3685] open fd = -5
[   39.3858] open name host:/livepad.bin flag 1 data 41378
[   39.3873] open fd = -5
[   39.4030] open name host:/livepad.bin flag 1 data 41378
[   39.4045] open fd = -5
[   39.4215] open name host:/livepad.bin flag 1 data 41378
[   39.4229] open fd = -5
[   39.4232] open name host:/livedbg.cmd flag 1 data 41378
[   39.4242] open fd = -5
[   39.4403] open name host:/livepad.bin flag 1 data 41378
[   39.4416] open fd = -5
[   39.4581] open name host:/livepad.bin flag 1 data 41378
[   39.4598] open fd = -5
[   39.4771] open name host:/livepad.bin flag 1 data 41378
[   39.4784] open fd = -5
[   39.4942] FRAMEARENA frames=1560 peak=1048400 resets=4 fallbacks=0 maxFrameBytes=2731360 maxBorrowed=2045696 freeKiB=12393
[   39.4944] NATIVEVIF frames=1560 batches=1564
[   39.4946] ORDEREDFRAME frames=1560 splitFrames=3
[   39.4947] FRAMEPIPELINE starts=1560 dmaBusyStarts=1
[   39.4949] open name host:/livepad.bin flag 1 data 41378
[   39.4964] open fd = -5
[   39.5127] open name host:/livepad.bin flag 1 data 41378
[   39.5141] open fd = -5
[   39.5312] open name host:/livepad.bin flag 1 data 41378
[   39.5326] open fd = -5
[   39.5330] open name host:/livedbg.cmd flag 1 data 41378
[   39.5341] open fd = -5
[   39.5502] open name host:/livepad.bin flag 1 data 41378
[   39.5518] open fd = -5
[   39.5694] open name host:/livepad.bin flag 1 data 41378
[   39.5712] open fd = -5
[   39.5717] open name host:/log.txt flag 302 data 41378
[   39.5734] open fd = 256
[   39.5902] open name host:/livepad.bin flag 1 data 41378
[   39.5917] open fd = -5
[   39.6084] open name host:/livepad.bin flag 1 data 41378
[   39.6100] open fd = -5
[   39.6256] open name host:/livepad.bin flag 1 data 41378
[   39.6270] open fd = -5
[   39.6448] open name host:/livepad.bin flag 1 data 41378
[   39.6463] open fd = -5
[   39.6465] open name host:/livedbg.cmd flag 1 data 41378
[   39.6479] open fd = -5
[   39.6649] open name host:/livepad.bin flag 1 data 41378
[   39.6663] open fd = -5
[   39.6839] open name host:/livepad.bin flag 1 data 41378
[   39.6854] open fd = -5
[   39.6867] LOG: SKYORACLE scene=1 generation=2 count=1152 equal=1 check=1440 bboxBefore=6344
[   39.7014] open name host:/livepad.bin flag 1 data 41378
[   39.7029] open fd = -5
[   39.7191] open name host:/livepad.bin flag 1 data 41378
[   39.7205] open fd = -5
[   39.7372] open name host:/livepad.bin flag 1 data 41378
[   39.7387] open fd = -5
[   39.7486] open name host:/log.txt flag 302 data 41378
[   39.7507] open fd = 256
[   39.7530] open name host:/log.txt flag 302 data 41378
[   39.7549] open fd = 256
[   39.7575] open name host:/log.txt flag 302 data 41378
[   39.7591] open fd = 256
[   39.7897] open name host:/livepad.bin flag 1 data 41378
[   39.7912] open fd = -5
[   39.7915] open name host:/livedbg.cmd flag 1 data 41378
[   39.7926] open fd = -5
[   39.8098] open name host:/livepad.bin flag 1 data 41378
[   39.8113] open fd = -5
[   39.8283] open name host:/livepad.bin flag 1 data 41378
[   39.8297] open fd = -5
[   39.8472] open name host:/livepad.bin flag 1 data 41378
[   39.8486] open fd = -5
[   39.8654] open name host:/livepad.bin flag 1 data 41378
[   39.8669] open fd = -5
[   39.8844] open name host:/livepad.bin flag 1 data 41378
[   39.8862] open fd = -5
[   39.9029] open name host:/livepad.bin flag 1 data 41378
[   39.9042] open fd = -5
[   39.9044] open name host:/livedbg.cmd flag 1 data 41378
[   39.9056] open fd = -5
[   39.9096] open name host:/log.txt flag 302 data 41378
[   39.9116] open fd = 256
[   39.9284] open name host:/livepad.bin flag 1 data 41378
[   39.9297] open fd = -5
[   39.9468] open name host:/livepad.bin flag 1 data 41378
[   39.9482] open fd = -5
[   39.9648] open name host:/livepad.bin flag 1 data 41378
[   39.9664] open fd = -5
[   39.9835] open name host:/livepad.bin flag 1 data 41378
[   39.9848] open fd = -5
[   40.0015] open name host:/livepad.bin flag 1 data 41378
[   40.0029] open fd = -5
[   40.0195] open name host:/livepad.bin flag 1 data 41378
[   40.0210] open fd = -5
[   40.0213] open name host:/livedbg.cmd flag 1 data 41378
[   40.0224] open fd = -5
[   40.0399] open name host:/livepad.bin flag 1 data 41378
[   40.0412] open fd = -5
[   40.0587] open name host:/livepad.bin flag 1 data 41378
[   40.0600] open fd = -5
[   40.0608] open name host:/log.txt flag 302 data 41378
[   40.0623] open fd = 256
[   40.0819] open name host:/livepad.bin flag 1 data 41378
[   40.0832] open fd = -5
[   40.1010] open name host:/livepad.bin flag 1 data 41378
[   40.1025] open fd = -5
[   40.1208] open name host:/livepad.bin flag 1 data 41378
[   40.1222] open fd = -5
[   40.1402] open name host:/livepad.bin flag 1 data 41378
[   40.1416] open fd = -5
[   40.1418] open name host:/livedbg.cmd flag 1 data 41378
[   40.1430] open fd = -5
[   40.1607] open name host:/livepad.bin flag 1 data 41378
[   40.1621] open fd = -5
[   40.1800] open name host:/livepad.bin flag 1 data 41378
[   40.1813] open fd = -5
[   40.1986] open name host:/livepad.bin flag 1 data 41378
[   40.1999] open fd = -5
[   40.2170] open name host:/livepad.bin flag 1 data 41378
[   40.2183] open fd = -5
[   40.2364] open name host:/livepad.bin flag 1 data 41378
[   40.2375] open fd = -5
[   40.2542] open name host:/livepad.bin flag 1 data 41378
[   40.2554] open fd = -5
[   40.2556] open name host:/livedbg.cmd flag 1 data 41378
[   40.2566] open fd = -5
[   40.2734] open name host:/livepad.bin flag 1 data 41378
[   40.2745] open fd = -5
[   40.2910] open name host:/livepad.bin flag 1 data 41378
[   40.2923] open fd = -5
[   40.3100] open name host:/livepad.bin flag 1 data 41378
[   40.3114] open fd = -5
[   40.3287] open name host:/livepad.bin flag 1 data 41378
[   40.3300] open fd = -5
[   40.3491] open name host:/livepad.bin flag 1 data 41378
[   40.3506] open fd = -5
[   40.3669] open name host:/livepad.bin flag 1 data 41378
[   40.3682] open fd = -5
[   40.3686] open name host:/livedbg.cmd flag 1 data 41378
[   40.3696] open fd = -5
[   40.3861] open name host:/livepad.bin flag 1 data 41378
[   40.3873] open fd = -5
[   40.4061] open name host:/livepad.bin flag 1 data 41378
[   40.4074] open fd = -5
[   40.4239] open name host:/livepad.bin flag 1 data 41378
[   40.4252] open fd = -5
[   40.4421] open name host:/livepad.bin flag 1 data 41378
[   40.4437] open fd = -5
[   40.4612] open name host:/livepad.bin flag 1 data 41378
[   40.4626] open fd = -5
[   40.4799] open name host:/livepad.bin flag 1 data 41378
[   40.4814] open fd = -5
[   40.4816] open name host:/livedbg.cmd flag 1 data 41378
[   40.4827] open fd = -5
[   40.4987] open name host:/livepad.bin flag 1 data 41378
[   40.5001] open fd = -5
[   40.5164] open name host:/livepad.bin flag 1 data 41378
[   40.5178] open fd = -5
[   40.5354] open name host:/livepad.bin flag 1 data 41378
[   40.5369] open fd = -5
[   40.5375] open name host:/log.txt flag 302 data 41378
[   40.5391] open fd = 256
[   40.5593] open name host:/livepad.bin flag 1 data 41378
[   40.5608] open fd = -5
[   40.5803] open name host:/livepad.bin flag 1 data 41378
[   40.5819] open fd = -5
[   40.5987] open name host:/livepad.bin flag 1 data 41378
[   40.6005] open fd = -5
[   40.6008] open name host:/livedbg.cmd flag 1 data 41378
[   40.6020] open fd = -5
[   40.6191] open name host:/livepad.bin flag 1 data 41378
[   40.6205] open fd = -5
[   40.6372] open name host:/livepad.bin flag 1 data 41378
[   40.6385] open fd = -5
[   40.6551] open name host:/livepad.bin flag 1 data 41378
[   40.6564] open fd = -5
[   40.6734] open name host:/livepad.bin flag 1 data 41378
[   40.6747] open fd = -5
[   40.6918] open name host:/livepad.bin flag 1 data 41378
[   40.6930] open fd = -5
[   40.7113] open name host:/livepad.bin flag 1 data 41378
[   40.7126] open fd = -5
[   40.7130] open name host:/livedbg.cmd flag 1 data 41378
[   40.7144] open fd = -5
[   40.7306] open name host:/livepad.bin flag 1 data 41378
[   40.7320] open fd = -5
[   40.7489] open name host:/livepad.bin flag 1 data 41378
[   40.7506] open fd = -5
[   40.7676] open name host:/livepad.bin flag 1 data 41378
[   40.7688] open fd = -5
[   40.7868] open name host:/livepad.bin flag 1 data 41378
[   40.7881] open fd = -5
[   40.8073] open name host:/livepad.bin flag 1 data 41378
[   40.8087] open fd = -5
[   40.8257] open name host:/livepad.bin flag 1 data 41378
[   40.8269] open fd = -5
[   40.8273] open name host:/livedbg.cmd flag 1 data 41378
[   40.8282] open fd = -5
[   40.8446] open name host:/livepad.bin flag 1 data 41378
[   40.8458] open fd = -5
[   40.8624] open name host:/livepad.bin flag 1 data 41378
[   40.8636] open fd = -5
[   40.8647] LOG: SKYWARM scene=1 generation=2 count=1152 check=1500
[   40.8665] open name host:/log.txt flag 302 data 41378
[   40.8682] open fd = 256
[   40.8850] open name host:/livepad.bin flag 1 data 41378
[   40.8864] open fd = -5
[   40.9040] open name host:/livepad.bin flag 1 data 41378
[   40.9052] open fd = -5
[   40.9228] open name host:/livepad.bin flag 1 data 41378
[   40.9242] open fd = -5
[   40.9408] open name host:/livepad.bin flag 1 data 41378
[   40.9421] open fd = -5
[   40.9424] open name host:/livedbg.cmd flag 1 data 41378
[   40.9434] open fd = -5
[   40.9607] open name host:/livepad.bin flag 1 data 41378
[   40.9621] open fd = -5
[   40.9800] open name host:/livepad.bin flag 1 data 41378
[   40.9814] open fd = -5
[   40.9980] open name host:/livepad.bin flag 1 data 41378
[   40.9993] open fd = -5
[   41.0161] open name host:/livepad.bin flag 1 data 41378
[   41.0176] open fd = -5
[   41.0183] open name host:/log.txt flag 302 data 41378
[   41.0200] open fd = 256
[   41.0391] open name host:/livepad.bin flag 1 data 41378
[   41.0402] open fd = -5
[   41.0568] open name host:/livepad.bin flag 1 data 41378
[   41.0583] open fd = -5
[   41.0587] open name host:/livedbg.cmd flag 1 data 41378
[   41.0597] open fd = -5
[   41.0766] open name host:/livepad.bin flag 1 data 41378
[   41.0778] open fd = -5
[   41.0949] open name host:/livepad.bin flag 1 data 41378
[   41.0963] open fd = -5
[   41.1146] open name host:/livepad.bin flag 1 data 41378
[   41.1162] open fd = -5
[   41.1189] open name host:/log.txt flag 302 data 41378
[   41.1207] open fd = 256
[   41.1368] open name host:/livepad.bin flag 1 data 41378
[   41.1382] open fd = -5
[   41.1557] open name host:/livepad.bin flag 1 data 41378
[   41.1571] open fd = -5
[   41.1736] open name host:/livepad.bin flag 1 data 41378
[   41.1749] open fd = -5
[   41.1752] open name host:/livedbg.cmd flag 1 data 41378
[   41.1762] open fd = -5
[   41.1932] open name host:/livepad.bin flag 1 data 41378
[   41.1944] open fd = -5
[   41.2107] open name host:/livepad.bin flag 1 data 41378
[   41.2121] open fd = -5
[   41.2293] open name host:/livepad.bin flag 1 data 41378
[   41.2307] open fd = -5
[   41.2473] open name host:/livepad.bin flag 1 data 41378
[   41.2486] open fd = -5
[   41.2660] open name host:/livepad.bin flag 1 data 41378
[   41.2673] open fd = -5
[   41.2843] open name host:/livepad.bin flag 1 data 41378
[   41.2858] open fd = -5
[   41.2861] open name host:/livedbg.cmd flag 1 data 41378
[   41.2873] open fd = -5
[   41.3037] open name host:/livepad.bin flag 1 data 41378
[   41.3051] open fd = -5
[   41.3217] open name host:/livepad.bin flag 1 data 41378
[   41.3231] open fd = -5
[   41.3398] open name host:/livepad.bin flag 1 data 41378
[   41.3411] open fd = -5
[   41.3578] open name host:/livepad.bin flag 1 data 41378
[   41.3591] open fd = -5
[   41.3755] open name host:/livepad.bin flag 1 data 41378
[   41.3766] open fd = -5
[   41.3940] open name host:/livepad.bin flag 1 data 41378
[   41.3953] open fd = -5
[   41.3956] open name host:/livedbg.cmd flag 1 data 41378
[   41.3969] open fd = -5
[   41.4129] open name host:/livepad.bin flag 1 data 41378
[   41.4142] open fd = -5
[   41.4299] open name host:/livepad.bin flag 1 data 41378
[   41.4312] open fd = -5
[   41.4480] open name host:/livepad.bin flag 1 data 41378
[   41.4496] open fd = -5
[   41.4662] open name host:/livepad.bin flag 1 data 41378
[   41.4676] open fd = -5
[   41.4850] open name host:/livepad.bin flag 1 data 41378
[   41.4863] open fd = -5
[   41.4869] open name host:/log.txt flag 302 data 41378
[   41.4889] open fd = 256
[   41.5092] open name host:/livepad.bin flag 1 data 41378
[   41.5106] open fd = -5
[   41.5110] open name host:/livedbg.cmd flag 1 data 41378
[   41.5121] open fd = -5
[   41.5285] open name host:/livepad.bin flag 1 data 41378
[   41.5302] open fd = -5
[   41.5470] open name host:/livepad.bin flag 1 data 41378
[   41.5488] open fd = -5
[   41.5655] open name host:/livepad.bin flag 1 data 41378
[   41.5668] open fd = -5
[   41.5844] open name host:/livepad.bin flag 1 data 41378
[   41.5858] open fd = -5
[   41.6028] open name host:/livepad.bin flag 1 data 41378
[   41.6041] open fd = -5
[   41.6207] open name host:/livepad.bin flag 1 data 41378
[   41.6221] open fd = -5
[   41.6224] open name host:/livedbg.cmd flag 1 data 41378
[   41.6234] open fd = -5
[   41.6400] open name host:/livepad.bin flag 1 data 41378
[   41.6413] open fd = -5
[   41.6579] open name host:/livepad.bin flag 1 data 41378
[   41.6592] open fd = -5
[   41.6756] open name host:/livepad.bin flag 1 data 41378
[   41.6769] open fd = -5
[   41.6931] open name host:/livepad.bin flag 1 data 41378
[   41.6945] open fd = -5
[   41.7112] open name host:/livepad.bin flag 1 data 41378
[   41.7125] open fd = -5
[   41.7299] open name host:/livepad.bin flag 1 data 41378
[   41.7313] open fd = -5
[   41.7320] open name host:/livedbg.cmd flag 1 data 41378
[   41.7331] open fd = -5
[   41.7502] open name host:/livepad.bin flag 1 data 41378
[   41.7516] open fd = -5
[   41.7693] open name host:/livepad.bin flag 1 data 41378
[   41.7708] open fd = -5
[   41.7878] open name host:/livepad.bin flag 1 data 41378
[   41.7891] open fd = -5
[   41.8059] FRAMEARENA frames=1680 peak=1048400 resets=4 fallbacks=0 maxFrameBytes=2731360 maxBorrowed=2045696 freeKiB=12401
[   41.8062] NATIVEVIF frames=1680 batches=1684
[   41.8063] ORDEREDFRAME frames=1680 splitFrames=3
[   41.8065] FRAMEPIPELINE starts=1680 dmaBusyStarts=1
[   41.8066] open name host:/livepad.bin flag 1 data 41378
[   41.8079] open fd = -5
[   41.8106] open name host:/log.txt flag 302 data 41378
[   41.8124] open fd = 256
[   41.8290] open name host:/livepad.bin flag 1 data 41378
[   41.8304] open fd = -5
[   41.8480] open name host:/livepad.bin flag 1 data 41378
[   41.8496] open fd = -5
[   41.8500] open name host:/livedbg.cmd flag 1 data 41378
[   41.8513] open fd = -5
[   41.8682] open name host:/livepad.bin flag 1 data 41378
[   41.8696] open fd = -5
[   41.8864] open name host:/livepad.bin flag 1 data 41378
[   41.8878] open fd = -5
[   41.9040] open name host:/livepad.bin flag 1 data 41378
[   41.9053] open fd = -5
[   41.9224] open name host:/livepad.bin flag 1 data 41378
[   41.9237] open fd = -5
[   41.9413] open name host:/livepad.bin flag 1 data 41378
[   41.9426] open fd = -5
[   41.9585] open name host:/livepad.bin flag 1 data 41378
[   41.9600] open fd = -5
[   41.9605] open name host:/livedbg.cmd flag 1 data 41378
[   41.9616] open fd = -5
[   41.9620] open name host:/log.txt flag 302 data 41378
[   41.9637] open fd = 256
[   41.9817] open name host:/livepad.bin flag 1 data 41378
[   41.9834] open fd = -5
[   42.0013] open name host:/livepad.bin flag 1 data 41378
[   42.0029] open fd = -5
[   42.0043] LOG: SKYORACLE scene=1 generation=2 count=1152 equal=1 check=1560 bboxBefore=7092
[   42.0204] open name host:/livepad.bin flag 1 data 41378
[   42.0218] open fd = -5
[   42.0384] open name host:/livepad.bin flag 1 data 41378
[   42.0397] open fd = -5
[   42.0573] open name host:/livepad.bin flag 1 data 41378
[   42.0587] open fd = -5
[   42.0751] open name host:/livepad.bin flag 1 data 41378
[   42.0766] open fd = -5
[   42.0770] open name host:/livedbg.cmd flag 1 data 41378
[   42.0781] open fd = -5
[   42.0948] open name host:/livepad.bin flag 1 data 41378
[   42.0962] open fd = -5
[   42.1129] open name host:/livepad.bin flag 1 data 41378
[   42.1143] open fd = -5
[   42.1305] open name host:/livepad.bin flag 1 data 41378
[   42.1320] open fd = -5
[   42.1487] open name host:/livepad.bin flag 1 data 41378
[   42.1504] open fd = -5
[   42.1669] open name host:/livepad.bin flag 1 data 41378
[   42.1684] open fd = -5
[   42.1873] open name host:/livepad.bin flag 1 data 41378
[   42.1889] open fd = -5
[   42.1893] open name host:/livedbg.cmd flag 1 data 41378
[   42.1903] open fd = -5
[   42.2088] open name host:/livepad.bin flag 1 data 41378
[   42.2102] open fd = -5
[   42.2278] open name host:/livepad.bin flag 1 data 41378
[   42.2291] open fd = -5
[   42.2491] open name host:/livepad.bin flag 1 data 41378
[   42.2504] open fd = -5
[   42.2691] open name host:/livepad.bin flag 1 data 41378
[   42.2704] open fd = -5
[   42.2873] open name host:/livepad.bin flag 1 data 41378
[   42.2887] open fd = -5
[   42.3062] open name host:/livepad.bin flag 1 data 41378
[   42.3076] open fd = -5
[   42.3081] open name host:/livedbg.cmd flag 1 data 41378
[   42.3092] open fd = -5
[   42.3268] open name host:/livepad.bin flag 1 data 41378
[   42.3282] open fd = -5
[   42.3457] open name host:/livepad.bin flag 1 data 41378
[   42.3471] open fd = -5
[   42.3661] open name host:/livepad.bin flag 1 data 41378
[   42.3677] open fd = -5
[   42.3854] open name host:/livepad.bin flag 1 data 41378
[   42.3867] open fd = -5
[   42.4039] open name host:/livepad.bin flag 1 data 41378
[   42.4053] open fd = -5
[   42.4214] open name host:/livepad.bin flag 1 data 41378
[   42.4227] open fd = -5
[   42.4230] open name host:/livedbg.cmd flag 1 data 41378
[   42.4240] open fd = -5
[   42.4403] open name host:/livepad.bin flag 1 data 41378
[   42.4414] open fd = -5
[   42.4420] open name host:/log.txt flag 302 data 41378
[   42.4437] open fd = 256
[   42.4615] open name host:/livepad.bin flag 1 data 41378
[   42.4629] open fd = -5
[   42.4799] open name host:/livepad.bin flag 1 data 41378
[   42.4814] open fd = -5
[   42.4991] open name host:/livepad.bin flag 1 data 41378
[   42.5005] open fd = -5
[   42.5184] open name host:/livepad.bin flag 1 data 41378
[   42.5198] open fd = -5
[   42.5372] open name host:/livepad.bin flag 1 data 41378
[   42.5387] open fd = -5
[   42.5391] open name host:/livedbg.cmd flag 1 data 41378
[   42.5402] open fd = -5
[   42.5581] open name host:/livepad.bin flag 1 data 41378
[   42.5595] open fd = -5
[   42.5753] open name host:/livepad.bin flag 1 data 41378
[   42.5765] open fd = -5
[   42.5939] open name host:/livepad.bin flag 1 data 41378
[   42.5952] open fd = -5
[   42.6112] open name host:/livepad.bin flag 1 data 41378
[   42.6125] open fd = -5
[   42.6309] open name host:/livepad.bin flag 1 data 41378
[   42.6325] open fd = -5
[   42.6494] open name host:/livepad.bin flag 1 data 41378
[   42.6508] open fd = -5
[   42.6512] open name host:/livedbg.cmd flag 1 data 41378
[   42.6522] open fd = -5
[   42.6695] open name host:/livepad.bin flag 1 data 41378
[   42.6707] open fd = -5
[   42.6862] open name host:/livepad.bin flag 1 data 41378
[   42.6876] open fd = -5
[   42.7041] open name host:/livepad.bin flag 1 data 41378
[   42.7054] open fd = -5
[   42.7218] open name host:/livepad.bin flag 1 data 41378
[   42.7233] open fd = -5
[   42.7415] open name host:/livepad.bin flag 1 data 41378
[   42.7428] open fd = -5
[   42.7589] open name host:/livepad.bin flag 1 data 41378
[   42.7603] open fd = -5
[   42.7606] open name host:/livedbg.cmd flag 1 data 41378
[   42.7615] open fd = -5
[   42.7640] open name host:/log.txt flag 302 data 41378
[   42.7655] open fd = 256
[   42.7816] open name host:/livepad.bin flag 1 data 41378
[   42.7830] open fd = -5
[   42.7996] open name host:/livepad.bin flag 1 data 41378
[   42.8011] open fd = -5
[   42.8177] open name host:/livepad.bin flag 1 data 41378
[   42.8191] open fd = -5
[   42.8355] open name host:/livepad.bin flag 1 data 41378
[   42.8368] open fd = -5
[   42.8538] open name host:/livepad.bin flag 1 data 41378
[   42.8551] open fd = -5
[   42.8713] open name host:/livepad.bin flag 1 data 41378
[   42.8725] open fd = -5
[   42.8728] open name host:/livedbg.cmd flag 1 data 41378
[   42.8738] open fd = -5
[   42.8905] open name host:/livepad.bin flag 1 data 41378
[   42.8919] open fd = -5
[   42.9077] open name host:/livepad.bin flag 1 data 41378
[   42.9092] open fd = -5
[   42.9099] open name host:/log.txt flag 302 data 41378
[   42.9114] open fd = 256
[   42.9134] open name host:/log.txt flag 302 data 41378
[   42.9150] open fd = 256
[   42.9166] open name host:/log.txt flag 302 data 41378
[   42.9182] open fd = 256
[   42.9448] open name host:/livepad.bin flag 1 data 41378
[   42.9462] open fd = -5
[   42.9485] open name host:/log.txt flag 302 data 41378
[   42.9502] open fd = 256
[   42.9519] open name host:/log.txt flag 302 data 41378
[   42.9537] open fd = 256
[   42.9820] open name host:/livepad.bin flag 1 data 41378
[   42.9834] open fd = -5
[   42.9844] open name host:/log.txt flag 302 data 41378
[   42.9861] open fd = 256
[   42.9884] open name host:/log.txt flag 302 data 41378
[   42.9903] open fd = 256
[   43.0188] open name host:/livepad.bin flag 1 data 41378
[   43.0202] open fd = -5
[   43.0218] open name host:/log.txt flag 302 data 41378
[   43.0237] open fd = 256
[   43.0255] open name host:/log.txt flag 302 data 41378
[   43.0271] open fd = 256
[   43.0545] open name host:/livepad.bin flag 1 data 41378
[   43.0558] open fd = -5
[   43.0563] open name host:/livedbg.cmd flag 1 data 41378
[   43.0574] open fd = -5
[   43.0581] open name host:/log.txt flag 302 data 41378
[   43.0596] open fd = 256
[   43.0614] open name host:/log.txt flag 302 data 41378
[   43.0629] open fd = 256
[   43.0909] open name host:/livepad.bin flag 1 data 41378
[   43.0924] open fd = -5
[   43.0939] open name host:/log.txt flag 302 data 41378
[   43.0954] open fd = 256
[   43.1236] open name host:/livepad.bin flag 1 data 41378
[   43.1251] open fd = -5
[   43.1414] open name host:/livepad.bin flag 1 data 41378
[   43.1428] open fd = -5
[   43.1690] open name host:/livepad.bin flag 1 data 41378
[   43.1706] open fd = -5
[   43.1864] open name host:/livepad.bin flag 1 data 41378
[   43.1878] open fd = -5
[   43.2154] open name host:/livepad.bin flag 1 data 41378
[   43.2167] open fd = -5
[   43.2170] open name host:/livedbg.cmd flag 1 data 41378
[   43.2181] open fd = -5
[   43.2352] open name host:/livepad.bin flag 1 data 41378
[   43.2363] open fd = -5
[   43.2653] open name host:/livepad.bin flag 1 data 41378
[   43.2667] open fd = -5
[   43.2672] LOG: SKYWARM scene=1 generation=2 count=1152 check=1620
[   43.2855] open name host:/livepad.bin flag 1 data 41378
[   43.2870] open fd = -5
[   43.3157] open name host:/livepad.bin flag 1 data 41378
[   43.3171] open fd = -5
[   43.3346] open name host:/livepad.bin flag 1 data 41378
[   43.3360] open fd = -5
[   43.3368] open name host:/log.txt flag 302 data 41378
[   43.3384] open fd = 256
[   43.3676] open name host:/livepad.bin flag 1 data 41378
[   43.3693] open fd = -5
[   43.3694] open name host:/livedbg.cmd flag 1 data 41378
[   43.3705] open fd = -5
[   43.3880] open name host:/livepad.bin flag 1 data 41378
[   43.3896] open fd = -5
[   43.4155] open name host:/livepad.bin flag 1 data 41378
[   43.4171] open fd = -5
[   43.4353] open name host:/livepad.bin flag 1 data 41378
[   43.4365] open fd = -5
[   43.4658] open name host:/livepad.bin flag 1 data 41378
[   43.4671] open fd = -5
[   43.4876] open name host:/livepad.bin flag 1 data 41378
[   43.4888] open fd = -5
[   43.5163] open name host:/livepad.bin flag 1 data 41378
[   43.5177] open fd = -5
[   43.5178] open name host:/livedbg.cmd flag 1 data 41378
[   43.5188] open fd = -5
[   43.5353] open name host:/livepad.bin flag 1 data 41378
[   43.5369] open fd = -5
[   43.5650] open name host:/livepad.bin flag 1 data 41378
[   43.5663] open fd = -5
[   43.5861] open name host:/livepad.bin flag 1 data 41378
[   43.5874] open fd = -5
[   43.6157] open name host:/livepad.bin flag 1 data 41378
[   43.6170] open fd = -5
[   43.6355] open name host:/livepad.bin flag 1 data 41378
[   43.6370] open fd = -5
[   43.6660] open name host:/livepad.bin flag 1 data 41378
[   43.6676] open fd = -5
[   43.6679] open name host:/livedbg.cmd flag 1 data 41378
[   43.6687] open fd = -5
[   43.6855] open name host:/livepad.bin flag 1 data 41378
[   43.6870] open fd = -5
[   43.7157] open name host:/livepad.bin flag 1 data 41378
[   43.7171] open fd = -5
[   43.7372] open name host:/livepad.bin flag 1 data 41378
[   43.7386] open fd = -5
[   43.7662] open name host:/livepad.bin flag 1 data 41378
[   43.7679] open fd = -5
[   43.7681] open name host:/log.txt flag 302 data 41378
[   43.7696] open fd = 256
[   43.7859] open name host:/livepad.bin flag 1 data 41378
[   43.7871] open fd = -5
[   43.8155] open name host:/livepad.bin flag 1 data 41378
[   43.8169] open fd = -5
[   43.8176] open name host:/livedbg.cmd flag 1 data 41378
[   43.8186] open fd = -5
[   43.8367] open name host:/livepad.bin flag 1 data 41378
[   43.8379] open fd = -5
[   43.8660] open name host:/livepad.bin flag 1 data 41378
[   43.8673] open fd = -5
[   43.8867] open name host:/livepad.bin flag 1 data 41378
[   43.8900] open fd = -5
[   43.9197] open name host:/livepad.bin flag 1 data 41378
[   43.9212] open fd = -5
[   43.9373] open name host:/livepad.bin flag 1 data 41378
[   43.9391] open fd = -5
[   43.9660] open name host:/livepad.bin flag 1 data 41378
[   43.9674] open fd = -5
[   43.9679] open name host:/livedbg.cmd flag 1 data 41378
[   43.9690] open fd = -5
[   43.9894] open name host:/livepad.bin flag 1 data 41378
[   43.9909] open fd = -5
[   44.0180] open name host:/livepad.bin flag 1 data 41378
[   44.0195] open fd = -5
[   44.0244] open name host:/log.txt flag 302 data 41378
[   44.0260] open fd = 256
[   44.0400] open name host:/livepad.bin flag 1 data 41378
[   44.0415] open fd = -5
[   44.0693] open name host:/livepad.bin flag 1 data 41378
[   44.0711] open fd = -5
[   44.0866] open name host:/livepad.bin flag 1 data 41378
[   44.0882] open fd = -5
[   44.1161] open name host:/livepad.bin flag 1 data 41378
[   44.1178] open fd = -5
[   44.1181] open name host:/livedbg.cmd flag 1 data 41378
[   44.1195] open fd = -5
[   44.1365] open name host:/livepad.bin flag 1 data 41378
[   44.1378] open fd = -5
[   44.1662] open name host:/livepad.bin flag 1 data 41378
[   44.1676] open fd = -5
[   44.1681] open name host:/log.txt flag 302 data 41378
[   44.1696] open fd = 256
[   44.1724] open name host:/log.txt flag 302 data 41378
[   44.1739] open fd = 256
[   44.1915] open name host:/livepad.bin flag 1 data 41378
[   44.1928] open fd = -5
[   44.2205] open name host:/livepad.bin flag 1 data 41378
[   44.2220] open fd = -5
[   44.2371] open name host:/livepad.bin flag 1 data 41378
[   44.2384] open fd = -5
[   44.2661] open name host:/livepad.bin flag 1 data 41378
[   44.2675] open fd = -5
[   44.2680] open name host:/livedbg.cmd flag 1 data 41378
[   44.2690] open fd = -5
[   44.2875] open name host:/livepad.bin flag 1 data 41378
[   44.2893] open fd = -5
[   44.3163] open name host:/livepad.bin flag 1 data 41378
[   44.3179] open fd = -5
[   44.3374] open name host:/livepad.bin flag 1 data 41378
[   44.3385] open fd = -5
[   44.3662] open name host:/livepad.bin flag 1 data 41378
[   44.3679] open fd = -5
[   44.3866] open name host:/livepad.bin flag 1 data 41378
[   44.3881] open fd = -5
[   44.4166] open name host:/livepad.bin flag 1 data 41378
[   44.4182] open fd = -5
[   44.4187] open name host:/livedbg.cmd flag 1 data 41378
[   44.4198] open fd = -5
[   44.4363] open name host:/livepad.bin flag 1 data 41378
[   44.4376] open fd = -5
[   44.4667] open name host:/livepad.bin flag 1 data 41378
[   44.4684] open fd = -5
[   44.4876] open name host:/livepad.bin flag 1 data 41378
[   44.4889] open fd = -5
[   44.5172] FRAMEARENA frames=1800 peak=1048400 resets=4 fallbacks=0 maxFrameBytes=2731360 maxBorrowed=2045696 freeKiB=13159
[   44.5176] NATIVEVIF frames=1800 batches=1804
[   44.5178] ORDEREDFRAME frames=1800 splitFrames=3
[   44.5179] FRAMEPIPELINE starts=1800 dmaBusyStarts=1
[   44.5180] open name host:/livepad.bin flag 1 data 41378
[   44.5195] open fd = -5
[   44.5364] open name host:/livepad.bin flag 1 data 41378
[   44.5380] open fd = -5
[   44.5662] open name host:/livepad.bin flag 1 data 41378
[   44.5681] open fd = -5
[   44.5688] open name host:/livedbg.cmd flag 1 data 41378
[   44.5700] open fd = -5
[   44.5869] open name host:/livepad.bin flag 1 data 41378
[   44.5882] open fd = -5
[   44.5894] open name host:/log.txt flag 302 data 41378
[   44.5909] open fd = 256
[   44.6200] open name host:/livepad.bin flag 1 data 41378
[   44.6214] open fd = -5
[   44.6370] open name host:/livepad.bin flag 1 data 41378
[   44.6382] open fd = -5
[   44.6663] open name host:/livepad.bin flag 1 data 41378
[   44.6678] open fd = -5
[   44.6869] open name host:/livepad.bin flag 1 data 41378
[   44.6882] open fd = -5
[   44.7164] open name host:/livepad.bin flag 1 data 41378
[   44.7180] open fd = -5
[   44.7188] open name host:/livedbg.cmd flag 1 data 41378
[   44.7198] open fd = -5
[   44.7363] open name host:/livepad.bin flag 1 data 41378
[   44.7374] open fd = -5
[   44.7665] open name host:/livepad.bin flag 1 data 41378
[   44.7678] open fd = -5
[   44.7691] LOG: SKYORACLE scene=1 generation=2 count=1152 equal=1 check=1680 bboxBefore=7878
[   44.7885] open name host:/livepad.bin flag 1 data 41378
[   44.7900] open fd = -5
[   44.8194] open name host:/livepad.bin flag 1 data 41378
[   44.8208] open fd = -5
[   44.8372] open name host:/livepad.bin flag 1 data 41378
[   44.8385] open fd = -5
[   44.8668] open name host:/livepad.bin flag 1 data 41378
[   44.8683] open fd = -5
[   44.8689] open name host:/livedbg.cmd flag 1 data 41378
[   44.8701] open fd = -5
[   44.8873] open name host:/livepad.bin flag 1 data 41378
[   44.8888] open fd = -5
[   44.9168] open name host:/livepad.bin flag 1 data 41378
[   44.9183] open fd = -5
[   44.9365] open name host:/livepad.bin flag 1 data 41378
[   44.9379] open fd = -5
[   44.9665] open name host:/livepad.bin flag 1 data 41378
[   44.9679] open fd = -5
[   44.9879] open name host:/livepad.bin flag 1 data 41378
[   44.9894] open fd = -5
[   45.0170] open name host:/livepad.bin flag 1 data 41378
[   45.0184] open fd = -5
[   45.0189] open name host:/livedbg.cmd flag 1 data 41378
[   45.0199] open fd = -5
[   45.0202] open name host:/log.txt flag 302 data 41378
[   45.0217] open fd = 256
[   45.0386] open name host:/livepad.bin flag 1 data 41378
[   45.0398] open fd = -5
[   45.0677] open name host:/livepad.bin flag 1 data 41378
[   45.0691] open fd = -5
[   45.0880] open name host:/livepad.bin flag 1 data 41378
[   45.0895] open fd = -5
[   45.1179] open name host:/livepad.bin flag 1 data 41378
[   45.1194] open fd = -5
[   45.1380] open name host:/livepad.bin flag 1 data 41378
[   45.1393] open fd = -5
[   45.1670] open name host:/livepad.bin flag 1 data 41378
[   45.1686] open fd = -5
[   45.1690] open name host:/livedbg.cmd flag 1 data 41378
[   45.1703] open fd = -5
[   45.1882] open name host:/livepad.bin flag 1 data 41378
[   45.1895] open fd = -5
[   45.2178] open name host:/livepad.bin flag 1 data 41378
[   45.2193] open fd = -5
[   45.2383] open name host:/livepad.bin flag 1 data 41378
[   45.2395] open fd = -5
[   45.2674] open name host:/livepad.bin flag 1 data 41378
[   45.2688] open fd = -5
[   45.2729] open name host:/log.txt flag 302 data 41378
[   45.2744] open fd = 256
[   45.2883] open name host:/livepad.bin flag 1 data 41378
[   45.2897] open fd = -5
[   45.3168] open name host:/livepad.bin flag 1 data 41378
[   45.3183] open fd = -5
[   45.3188] open name host:/livedbg.cmd flag 1 data 41378
[   45.3198] open fd = -5
[   45.3369] open name host:/livepad.bin flag 1 data 41378
[   45.3382] open fd = -5
[   45.3674] open name host:/livepad.bin flag 1 data 41378
[   45.3692] open fd = -5
[   45.3873] open name host:/livepad.bin flag 1 data 41378
[   45.3887] open fd = -5
[   45.4169] open name host:/livepad.bin flag 1 data 41378
[   45.4185] open fd = -5
[   45.4193] open name host:/log.txt flag 302 data 41378
[   45.4209] open fd = 256
[   45.4379] open name host:/livepad.bin flag 1 data 41378
[   45.4391] open fd = -5
[   45.4690] open name host:/livepad.bin flag 1 data 41378
[   45.4705] open fd = -5
[   45.4710] open name host:/livedbg.cmd flag 1 data 41378
[   45.4719] open fd = -5
[   45.4872] open name host:/livepad.bin flag 1 data 41378
[   45.4888] open fd = -5
[   45.5177] open name host:/livepad.bin flag 1 data 41378
[   45.5192] open fd = -5
[   45.5377] open name host:/livepad.bin flag 1 data 41378
[   45.5390] open fd = -5
[   45.5678] open name host:/livepad.bin flag 1 data 41378
[   45.5691] open fd = -5
[   45.5883] open name host:/livepad.bin flag 1 data 41378
[   45.5895] open fd = -5
[   45.6173] open name host:/livepad.bin flag 1 data 41378
[   45.6190] open fd = -5
[   45.6196] open name host:/livedbg.cmd flag 1 data 41378
[   45.6206] open fd = -5
[   45.6378] open name host:/livepad.bin flag 1 data 41378
[   45.6389] open fd = -5
[   45.6678] open name host:/livepad.bin flag 1 data 41378
[   45.6691] open fd = -5
[   45.6879] open name host:/livepad.bin flag 1 data 41378
[   45.6891] open fd = -5
[   45.7183] open name host:/livepad.bin flag 1 data 41378
[   45.7196] open fd = -5
[   45.7379] open name host:/livepad.bin flag 1 data 41378
[   45.7392] open fd = -5
[   45.7677] open name host:/log.txt flag 302 data 41378
[   45.7696] open fd = 256
[   45.7718] open name host:/livepad.bin flag 1 data 41378
[   45.7729] open fd = -5
[   45.7730] open name host:/livedbg.cmd flag 1 data 41378
[   45.7740] open fd = -5
[   45.7892] open name host:/livepad.bin flag 1 data 41378
[   45.7905] open fd = -5
[   45.8190] open name host:/livepad.bin flag 1 data 41378
[   45.8204] open fd = -5
[   45.8391] open name host:/livepad.bin flag 1 data 41378
[   45.8404] open fd = -5
[   45.8413] open name host:/log.txt flag 302 data 41378
[   45.8429] open fd = 256
[   45.8711] open name host:/livepad.bin flag 1 data 41378
[   45.8726] open fd = -5
[   45.8888] open name host:/livepad.bin flag 1 data 41378
[   45.8902] open fd = -5
[   45.9184] open name host:/livepad.bin flag 1 data 41378
[   45.9197] open fd = -5
[   45.9202] open name host:/livedbg.cmd flag 1 data 41378
[   45.9211] open fd = -5
[   45.9381] open name host:/livepad.bin flag 1 data 41378
[   45.9396] open fd = -5
[   45.9678] open name host:/livepad.bin flag 1 data 41378
[   45.9693] open fd = -5
[   45.9884] open name host:/livepad.bin flag 1 data 41378
[   45.9896] open fd = -5
[   46.0192] open name host:/livepad.bin flag 1 data 41378
[   46.0208] open fd = -5
[   46.0391] open name host:/livepad.bin flag 1 data 41378
[   46.0404] open fd = -5
[   46.0689] open name host:/livepad.bin flag 1 data 41378
[   46.0703] open fd = -5
[   46.0708] open name host:/livedbg.cmd flag 1 data 41378
[   46.0717] open fd = -5
[   46.0884] open name host:/livepad.bin flag 1 data 41378
[   46.0897] open fd = -5
[   46.1186] open name host:/livepad.bin flag 1 data 41378
[   46.1204] open fd = -5
[   46.1381] open name host:/livepad.bin flag 1 data 41378
[   46.1393] open fd = -5
[   46.1683] open name host:/livepad.bin flag 1 data 41378
[   46.1698] open fd = -5
[   46.1883] open name host:/livepad.bin flag 1 data 41378
[   46.1897] open fd = -5
[   46.2181] open name host:/livepad.bin flag 1 data 41378
[   46.2194] open fd = -5
[   46.2198] open name host:/livedbg.cmd flag 1 data 41378
[   46.2208] open fd = -5
[   46.2381] open name host:/livepad.bin flag 1 data 41378
[   46.2394] open fd = -5
[   46.2682] open name host:/livepad.bin flag 1 data 41378
[   46.2695] open fd = -5
[   46.2699] open name host:/log.txt flag 302 data 41378
[   46.2715] open fd = 256
[   46.2736] LOG: SKYWARM scene=1 generation=2 count=1152 check=1740
[   46.2888] open name host:/livepad.bin flag 1 data 41378
[   46.2902] open fd = -5
[   46.3195] open name host:/livepad.bin flag 1 data 41378
[   46.3210] open fd = -5
[   46.3388] open name host:/livepad.bin flag 1 data 41378
[   46.3402] open fd = -5
[   46.3686] open name host:/livepad.bin flag 1 data 41378
[   46.3700] open fd = -5
[   46.3706] open name host:/livedbg.cmd flag 1 data 41378
[   46.3716] open fd = -5
[   46.3881] open name host:/livepad.bin flag 1 data 41378
[   46.3895] open fd = -5
[   46.4184] open name host:/livepad.bin flag 1 data 41378
[   46.4198] open fd = -5
[   46.4387] open name host:/livepad.bin flag 1 data 41378
[   46.4399] open fd = -5
[   46.4689] open name host:/livepad.bin flag 1 data 41378
[   46.4706] open fd = -5
[   46.4886] open name host:/livepad.bin flag 1 data 41378
[   46.4899] open fd = -5
[   46.5190] open name host:/livepad.bin flag 1 data 41378
[   46.5204] open fd = -5
[   46.5209] open name host:/livedbg.cmd flag 1 data 41378
[   46.5218] open fd = -5
[   46.5254] open name host:/log.txt flag 302 data 41378
[   46.5269] open fd = 256
[   46.5394] open name host:/livepad.bin flag 1 data 41378
[   46.5406] open fd = -5
[   46.5702] open name host:/livepad.bin flag 1 data 41378
[   46.5716] open fd = -5
[   46.5888] open name host:/livepad.bin flag 1 data 41378
[   46.5904] open fd = -5
[   46.6191] open name host:/livepad.bin flag 1 data 41378
[   46.6205] open fd = -5
[   46.6388] open name host:/livepad.bin flag 1 data 41378
[   46.6401] open fd = -5
[   46.6686] open name host:/livepad.bin flag 1 data 41378
[   46.6700] open fd = -5
[   46.6706] open name host:/livedbg.cmd flag 1 data 41378
[   46.6715] open fd = -5
[   46.6718] open name host:/log.txt flag 302 data 41378
[   46.6733] open fd = 256
[   46.6904] open name host:/livepad.bin flag 1 data 41378
[   46.6916] open fd = -5
[   46.7194] open name host:/livepad.bin flag 1 data 41378
[   46.7209] open fd = -5
[   46.7393] open name host:/livepad.bin flag 1 data 41378
[   46.7405] open fd = -5
[   46.7690] open name host:/livepad.bin flag 1 data 41378
[   46.7705] open fd = -5
[   46.7887] open name host:/livepad.bin flag 1 data 41378
[   46.7900] open fd = -5
[   46.8188] open name host:/livepad.bin flag 1 data 41378
[   46.8202] open fd = -5
[   46.8206] open name host:/livedbg.cmd flag 1 data 41378
[   46.8215] open fd = -5
[   46.8391] open name host:/livepad.bin flag 1 data 41378
[   46.8403] open fd = -5
[   46.8702] open name host:/livepad.bin flag 1 data 41378
[   46.8715] open fd = -5
[   46.8890] open name host:/livepad.bin flag 1 data 41378
[   46.8903] open fd = -5
[   46.9196] open name host:/livepad.bin flag 1 data 41378
[   46.9208] open fd = -5
[   46.9396] open name host:/livepad.bin flag 1 data 41378
[   46.9407] open fd = -5
[   46.9690] open name host:/livepad.bin flag 1 data 41378
[   46.9704] open fd = -5
[   46.9709] open name host:/livedbg.cmd flag 1 data 41378
[   46.9718] open fd = -5
[   46.9899] open name host:/livepad.bin flag 1 data 41378
[   46.9910] open fd = -5
[   47.0190] open name host:/livepad.bin flag 1 data 41378
[   47.0205] open fd = -5
[   47.0395] open name host:/livepad.bin flag 1 data 41378
[   47.0410] open fd = -5
[   47.0690] open name host:/livepad.bin flag 1 data 41378
[   47.0704] open fd = -5
[   47.0891] open name host:/livepad.bin flag 1 data 41378
[   47.0904] open fd = -5
[   47.0912] open name host:/log.txt flag 302 data 41378
[   47.0927] open fd = 256
[   47.1217] open name host:/livepad.bin flag 1 data 41378
[   47.1232] open fd = -5
[   47.1236] open name host:/livedbg.cmd flag 1 data 41378
[   47.1247] open fd = -5
[   47.1400] open name host:/livepad.bin flag 1 data 41378
[   47.1411] open fd = -5
[   47.1687] open name host:/livepad.bin flag 1 data 41378
[   47.1702] open fd = -5
[   47.1895] open name host:/livepad.bin flag 1 data 41378
[   47.1908] open fd = -5
[   47.2185] open name host:/livepad.bin flag 1 data 41378
[   47.2199] open fd = -5
[   47.2393] open name host:/livepad.bin flag 1 data 41378
[   47.2407] open fd = -5
[   47.2690] open name host:/livepad.bin flag 1 data 41378
[   47.2704] open fd = -5
[   47.2710] open name host:/livedbg.cmd flag 1 data 41378
[   47.2719] open fd = -5
[   47.2898] open name host:/livepad.bin flag 1 data 41378
[   47.2911] open fd = -5
[   47.3197] open name host:/livepad.bin flag 1 data 41378
[   47.3212] open fd = -5
[   47.3394] open name host:/livepad.bin flag 1 data 41378
[   47.3405] open fd = -5
[   47.3695] open name host:/livepad.bin flag 1 data 41378
[   47.3711] open fd = -5
[   47.3901] open name host:/livepad.bin flag 1 data 41378
[   47.3913] open fd = -5
[   47.4197] open name host:/livepad.bin flag 1 data 41378
[   47.4211] open fd = -5
[   47.4216] open name host:/livedbg.cmd flag 1 data 41378
[   47.4225] open fd = -5
[   47.4391] open name host:/livepad.bin flag 1 data 41378
[   47.4403] open fd = -5
[   47.4697] open name host:/livepad.bin flag 1 data 41378
[   47.4710] open fd = -5
[   47.4722] open name host:/log.txt flag 302 data 41378
[   47.4740] open fd = 256
[   47.4759] open name host:/log.txt flag 302 data 41378
[   47.4775] open fd = 256
[   47.4930] open name host:/livepad.bin flag 1 data 41378
[   47.4943] open fd = -5
[   47.4967] open name host:/log.txt flag 302 data 41378
[   47.4985] open fd = 256
[   47.5003] open name host:/log.txt flag 302 data 41378
[   47.5019] open fd = 256
[   47.5175] FRAMEARENA frames=1920 peak=1048400 resets=4 fallbacks=0 maxFrameBytes=2731360 maxBorrowed=2045696 freeKiB=13011
[   47.5176] NATIVEVIF frames=1920 batches=1924
[   47.5179] ORDEREDFRAME frames=1920 splitFrames=3
[   47.5181] FRAMEPIPELINE starts=1920 dmaBusyStarts=1
[   47.5183] open name host:/livepad.bin flag 1 data 41378
[   47.5196] open fd = -5
[   47.5199] open name host:/log.txt flag 302 data 41378
[   47.5213] open fd = 256
[   47.5235] open name host:/log.txt flag 302 data 41378
[   47.5249] open fd = 256
[   47.5262] open name host:/log.txt flag 302 data 41378
[   47.5277] open fd = 256
[   47.5438] open name host:/livepad.bin flag 1 data 41378
[   47.5450] open fd = -5
[   47.5473] open name host:/log.txt flag 302 data 41378
[   47.5489] open fd = 256
[   47.5506] open name host:/log.txt flag 302 data 41378
[   47.5522] open fd = 256
[   47.5677] open name host:/livepad.bin flag 1 data 41378
[   47.5690] open fd = -5
[   47.5695] open name host:/livedbg.cmd flag 1 data 41378
[   47.5705] open fd = -5
[   47.5713] open name host:/log.txt flag 302 data 41378
[   47.5728] open fd = 256
[   47.5744] open name host:/log.txt flag 302 data 41378
[   47.5760] open fd = 256
[   47.5921] open name host:/livepad.bin flag 1 data 41378
[   47.5934] open fd = -5
[   47.5956] open name host:/log.txt flag 302 data 41378
[   47.5976] open fd = 256
[   47.6194] open name host:/livepad.bin flag 1 data 41378
[   47.6206] open fd = -5
[   47.6366] open name host:/livepad.bin flag 1 data 41378
[   47.6382] open fd = -5
[   47.6548] open name host:/livepad.bin flag 1 data 41378
[   47.6561] open fd = -5
[   47.6729] open name host:/livepad.bin flag 1 data 41378
[   47.6743] open fd = -5
[   47.6901] open name host:/livepad.bin flag 1 data 41378
[   47.6914] open fd = -5
[   47.6917] open name host:/livedbg.cmd flag 1 data 41378
[   47.6927] open fd = -5
[   47.7093] open name host:/livepad.bin flag 1 data 41378
[   47.7105] open fd = -5
[   47.7258] open name host:/livepad.bin flag 1 data 41378
[   47.7270] open fd = -5
[   47.7281] LOG: SKYORACLE scene=1 generation=2 count=1152 equal=1 check=1800 bboxBefore=8409
[   47.7305] open name host:/log.txt flag 302 data 41378
[   47.7320] open fd = 256
[   47.7474] open name host:/livepad.bin flag 1 data 41378
[   47.7488] open fd = -5
[   47.7646] open name host:/livepad.bin flag 1 data 41378
[   47.7660] open fd = -5
[   47.7828] open name host:/livepad.bin flag 1 data 41378
[   47.7841] open fd = -5
[   47.7993] open name host:/livepad.bin flag 1 data 41378
[   47.8005] open fd = -5
[   47.8010] open name host:/livedbg.cmd flag 1 data 41378
[   47.8020] open fd = -5
[   47.8171] open name host:/livepad.bin flag 1 data 41378
[   47.8185] open fd = -5
[   47.8341] open name host:/livepad.bin flag 1 data 41378
[   47.8353] open fd = -5
[   47.8511] open name host:/livepad.bin flag 1 data 41378
[   47.8523] open fd = -5
[   47.8673] open name host:/livepad.bin flag 1 data 41378
[   47.8685] open fd = -5
[   47.8841] open name host:/livepad.bin flag 1 data 41378
[   47.8853] open fd = -5
[   47.9011] open name host:/livepad.bin flag 1 data 41378
[   47.9022] open fd = -5
[   47.9025] open name host:/livedbg.cmd flag 1 data 41378
[   47.9035] open fd = -5
[   47.9192] open name host:/livepad.bin flag 1 data 41378
[   47.9208] open fd = -5
[   47.9376] open name host:/livepad.bin flag 1 data 41378
[   47.9387] open fd = -5
[   47.9552] open name host:/livepad.bin flag 1 data 41378
[   47.9564] open fd = -5
[   47.9725] open name host:/livepad.bin flag 1 data 41378
[   47.9737] open fd = -5
[   47.9897] open name host:/livepad.bin flag 1 data 41378
[   47.9909] open fd = -5
[   47.9916] open name host:/log.txt flag 302 data 41378
[   47.9932] open fd = 256
[   48.0100] open name host:/livepad.bin flag 1 data 41378
[   48.0111] open fd = -5
[   48.0114] open name host:/livedbg.cmd flag 1 data 41378
[   48.0124] open fd = -5
[   48.0283] open name host:/livepad.bin flag 1 data 41378
[   48.0296] open fd = -5
[   48.0457] open name host:/livepad.bin flag 1 data 41378
[   48.0468] open fd = -5
[   48.0634] open name host:/livepad.bin flag 1 data 41378
[   48.0648] open fd = -5
[   48.0801] open name host:/livepad.bin flag 1 data 41378
[   48.0814] open fd = -5
[   48.0991] open name host:/livepad.bin flag 1 data 41378
[   48.1003] open fd = -5
[   48.1170] open name host:/livepad.bin flag 1 data 41378
[   48.1181] open fd = -5
[   48.1184] open name host:/livedbg.cmd flag 1 data 41378
[   48.1194] open fd = -5
[   48.1348] open name host:/livepad.bin flag 1 data 41378
[   48.1364] open fd = -5
[   48.1520] open name host:/livepad.bin flag 1 data 41378
[   48.1535] open fd = -5
[   48.1693] open name host:/livepad.bin flag 1 data 41378
[   48.1705] open fd = -5
[   48.1862] open name host:/livepad.bin flag 1 data 41378
[   48.1876] open fd = -5
[   48.2038] open name host:/livepad.bin flag 1 data 41378
[   48.2053] open fd = -5
[   48.2213] open name host:/livepad.bin flag 1 data 41378
[   48.2228] open fd = -5
[   48.2231] open name host:/livedbg.cmd flag 1 data 41378
[   48.2240] open fd = -5
[   48.2404] open name host:/livepad.bin flag 1 data 41378
[   48.2415] open fd = -5
[   48.2575] open name host:/livepad.bin flag 1 data 41378
[   48.2588] open fd = -5
[   48.2747] open name host:/livepad.bin flag 1 data 41378
[   48.2761] open fd = -5
[   48.2937] open name host:/livepad.bin flag 1 data 41378
[   48.2949] open fd = -5
[   48.3113] open name host:/livepad.bin flag 1 data 41378
[   48.3127] open fd = -5
[   48.3283] open name host:/livepad.bin flag 1 data 41378
[   48.3296] open fd = -5
[   48.3301] open name host:/livedbg.cmd flag 1 data 41378
[   48.3312] open fd = -5
[   48.3463] open name host:/livepad.bin flag 1 data 41378
[   48.3475] open fd = -5
[   48.3628] open name host:/livepad.bin flag 1 data 41378
[   48.3639] open fd = -5
[   48.3656] open name host:/log.txt flag 302 data 41378
[   48.3673] open fd = 256
[   48.3843] open name host:/livepad.bin flag 1 data 41378
[   48.3855] open fd = -5
[   48.4017] open name host:/livepad.bin flag 1 data 41378
[   48.4030] open fd = -5
[   48.4201] open name host:/livepad.bin flag 1 data 41378
[   48.4213] open fd = -5
[   48.4374] open name host:/livepad.bin flag 1 data 41378
[   48.4387] open fd = -5
[   48.4390] open name host:/livedbg.cmd flag 1 data 41378
[   48.4400] open fd = -5
[   48.4404] open name host:/log.txt flag 302 data 41378
[   48.4419] open fd = 256
[   48.4606] open name host:/livepad.bin flag 1 data 41378
[   48.4619] open fd = -5
[   48.4774] open name host:/livepad.bin flag 1 data 41378
[   48.4791] open fd = -5
[   48.4970] open name host:/livepad.bin flag 1 data 41378
[   48.4985] open fd = -5
[   48.5146] open name host:/livepad.bin flag 1 data 41378
[   48.5159] open fd = -5
[   48.5312] open name host:/livepad.bin flag 1 data 41378
[   48.5324] open fd = -5
[   48.5483] open name host:/livepad.bin flag 1 data 41378
[   48.5497] open fd = -5
[   48.5503] open name host:/livedbg.cmd flag 1 data 41378
[   48.5513] open fd = -5
[   48.5670] open name host:/livepad.bin flag 1 data 41378
[   48.5682] open fd = -5
[   48.5842] open name host:/livepad.bin flag 1 data 41378
[   48.5856] open fd = -5
[   48.6022] open name host:/livepad.bin flag 1 data 41378
[   48.6034] open fd = -5
[   48.6193] open name host:/livepad.bin flag 1 data 41378
[   48.6207] open fd = -5
[   48.6229] open name host:/log.txt flag 302 data 41378
[   48.6244] open fd = 256
[   48.6407] open name host:/livepad.bin flag 1 data 41378
[   48.6421] open fd = -5
[   48.6573] open name host:/livepad.bin flag 1 data 41378
[   48.6587] open fd = -5
[   48.6590] open name host:/livedbg.cmd flag 1 data 41378
[   48.6599] open fd = -5
[   48.6757] open name host:/livepad.bin flag 1 data 41378
[   48.6769] open fd = -5
[   48.6921] open name host:/livepad.bin flag 1 data 41378
[   48.6934] open fd = -5
[   48.7084] open name host:/livepad.bin flag 1 data 41378
[   48.7098] open fd = -5
[   48.7254] open name host:/livepad.bin flag 1 data 41378
[   48.7270] open fd = -5
[   48.7429] open name host:/livepad.bin flag 1 data 41378
[   48.7443] open fd = -5
[   48.7594] open name host:/livepad.bin flag 1 data 41378
[   48.7606] open fd = -5
[   48.7609] open name host:/livedbg.cmd flag 1 data 41378
[   48.7618] open fd = -5
[   48.7770] open name host:/livepad.bin flag 1 data 41378
[   48.7783] open fd = -5
[   48.7934] open name host:/livepad.bin flag 1 data 41378
[   48.7947] open fd = -5
[   48.7952] LOG: SKYWARM scene=1 generation=2 count=1152 check=1860
[   48.8105] open name host:/livepad.bin flag 1 data 41378
[   48.8117] open fd = -5
[   48.8275] open name host:/livepad.bin flag 1 data 41378
[   48.8291] open fd = -5
[   48.8461] open name host:/livepad.bin flag 1 data 41378
[   48.8474] open fd = -5
[   48.8627] open name host:/livepad.bin flag 1 data 41378
[   48.8639] open fd = -5
[   48.8642] open name host:/livedbg.cmd flag 1 data 41378
[   48.8653] open fd = -5
[   48.8806] open name host:/livepad.bin flag 1 data 41378
[   48.8821] open fd = -5
[   48.8825] open name host:/log.txt flag 302 data 41378
[   48.8843] open fd = 256
[   48.9007] open name host:/livepad.bin flag 1 data 41378
[   48.9020] open fd = -5
[   48.9179] open name host:/livepad.bin flag 1 data 41378
[   48.9192] open fd = -5
[   48.9351] open name host:/livepad.bin flag 1 data 41378
[   48.9364] open fd = -5
[   48.9519] open name host:/livepad.bin flag 1 data 41378
[   48.9532] open fd = -5
[   48.9682] open name host:/livepad.bin flag 1 data 41378
[   48.9694] open fd = -5
[   48.9698] open name host:/livedbg.cmd flag 1 data 41378
[   48.9708] open fd = -5
[   48.9862] open name host:/livepad.bin flag 1 data 41378
[   48.9876] open fd = -5
[   49.0030] open name host:/livepad.bin flag 1 data 41378
[   49.0043] open fd = -5
[   49.0191] open name host:/livepad.bin flag 1 data 41378
[   49.0207] open fd = -5
[   49.0358] open name host:/livepad.bin flag 1 data 41378
[   49.0371] open fd = -5
[   49.0525] open name host:/livepad.bin flag 1 data 41378
[   49.0537] open fd = -5
[   49.0692] open name host:/livepad.bin flag 1 data 41378
[   49.0704] open fd = -5
[   49.0705] open name host:/livedbg.cmd flag 1 data 41378
[   49.0714] open fd = -5
[   49.0868] open name host:/livepad.bin flag 1 data 41378
[   49.0882] open fd = -5
[   49.1039] open name host:/livepad.bin flag 1 data 41378
[   49.1051] open fd = -5
[   49.1209] open name host:/livepad.bin flag 1 data 41378
[   49.1222] open fd = -5
[   49.1378] open name host:/livepad.bin flag 1 data 41378
[   49.1392] open fd = -5
[   49.1558] open name host:/livepad.bin flag 1 data 41378
[   49.1571] open fd = -5
[   49.1727] open name host:/livepad.bin flag 1 data 41378
[   49.1740] open fd = -5
[   49.1743] open name host:/livedbg.cmd flag 1 data 41378
[   49.1752] open fd = -5
[   49.1903] open name host:/livepad.bin flag 1 data 41378
[   49.1917] open fd = -5
[   49.2074] open name host:/livepad.bin flag 1 data 41378
[   49.2087] open fd = -5
[   49.2253] open name host:/livepad.bin flag 1 data 41378
[   49.2265] open fd = -5
[   49.2416] open name host:/livepad.bin flag 1 data 41378
[   49.2428] open fd = -5
[   49.2576] open name host:/livepad.bin flag 1 data 41378
[   49.2589] open fd = -5
[   49.2755] open name host:/livepad.bin flag 1 data 41378
[   49.2767] open fd = -5
[   49.2770] open name host:/livedbg.cmd flag 1 data 41378
[   49.2783] open fd = -5
[   49.2942] open name host:/livepad.bin flag 1 data 41378
[   49.2955] open fd = -5
[   49.3113] open name host:/livepad.bin flag 1 data 41378
[   49.3130] open fd = -5
[   49.3136] open name host:/log.txt flag 302 data 41378
[   49.3152] open fd = 256
[   49.3320] open name host:/livepad.bin flag 1 data 41378
[   49.3333] open fd = -5
[   49.3480] open name host:/livepad.bin flag 1 data 41378
[   49.3492] open fd = -5
[   49.3639] open name host:/livepad.bin flag 1 data 41378
[   49.3650] open fd = -5
[   49.3795] open name host:/livepad.bin flag 1 data 41378
[   49.3806] open fd = -5
[   49.3808] open name host:/livedbg.cmd flag 1 data 41378
[   49.3820] open fd = -5
[   49.3974] open name host:/livepad.bin flag 1 data 41378
[   49.3987] open fd = -5
[   49.4144] open name host:/livepad.bin flag 1 data 41378
[   49.4156] open fd = -5
[   49.4312] open name host:/livepad.bin flag 1 data 41378
[   49.4324] open fd = -5
[   49.4469] open name host:/livepad.bin flag 1 data 41378
[   49.4482] open fd = -5
[   49.4632] open name host:/livepad.bin flag 1 data 41378
[   49.4644] open fd = -5
[   49.4793] open name host:/livepad.bin flag 1 data 41378
[   49.4806] open fd = -5
[   49.4809] open name host:/livedbg.cmd flag 1 data 41378
[   49.4818] open fd = -5
[   49.4837] open name host:/log.txt flag 302 data 41378
[   49.4852] open fd = 256
[   49.5009] open name host:/livepad.bin flag 1 data 41378
[   49.5025] open fd = -5
[   49.5181] open name host:/livepad.bin flag 1 data 41378
[   49.5193] open fd = -5
[   49.5353] open name host:/livepad.bin flag 1 data 41378
[   49.5366] open fd = -5
[   49.5523] open name host:/livepad.bin flag 1 data 41378
[   49.5535] open fd = -5
[   49.5686] open name host:/livepad.bin flag 1 data 41378
[   49.5698] open fd = -5
[   49.5860] open name host:/livepad.bin flag 1 data 41378
[   49.5873] open fd = -5
[   49.5875] open name host:/livedbg.cmd flag 1 data 41378
[   49.5885] open fd = -5
[   49.6038] open name host:/livepad.bin flag 1 data 41378
[   49.6051] open fd = -5
[   49.6212] open name host:/livepad.bin flag 1 data 41378
[   49.6226] open fd = -5
[   49.6379] open name host:/livepad.bin flag 1 data 41378
[   49.6391] open fd = -5
[   49.6568] FRAMEARENA frames=2040 peak=1048400 resets=4 fallbacks=0 maxFrameBytes=2731360 maxBorrowed=2045696 freeKiB=12618
[   49.6571] NATIVEVIF frames=2040 batches=2044
[   49.6572] ORDEREDFRAME frames=2040 splitFrames=3
[   49.6574] FRAMEPIPELINE starts=2040 dmaBusyStarts=1
[   49.6575] open name host:/livepad.bin flag 1 data 41378
[   49.6587] open fd = -5
[   49.6742] open name host:/livepad.bin flag 1 data 41378
[   49.6755] open fd = -5
[   49.6909] open name host:/livepad.bin flag 1 data 41378
[   49.6921] open fd = -5
[   49.6924] open name host:/livedbg.cmd flag 1 data 41378
[   49.6935] open fd = -5
[   49.7086] open name host:/livepad.bin flag 1 data 41378
[   49.7103] open fd = -5
[   49.7277] open name host:/livepad.bin flag 1 data 41378
[   49.7292] open fd = -5
[   49.7472] open name host:/livepad.bin flag 1 data 41378
[   49.7483] open fd = -5
[   49.7489] open name host:/log.txt flag 302 data 41378
[   49.7507] open fd = 256
[   49.7694] open name host:/livepad.bin flag 1 data 41378
[   49.7708] open fd = -5
[   49.7873] open name host:/livepad.bin flag 1 data 41378
[   49.7888] open fd = -5
[   49.8044] open name host:/livepad.bin flag 1 data 41378
[   49.8057] open fd = -5
[   49.8059] open name host:/livedbg.cmd flag 1 data 41378
[   49.8071] open fd = -5
[   49.8240] open name host:/livepad.bin flag 1 data 41378
[   49.8253] open fd = -5
[   49.8414] open name host:/livepad.bin flag 1 data 41378
[   49.8426] open fd = -5
[   49.8436] LOG: SKYORACLE scene=1 generation=2 count=1152 equal=1 check=1920 bboxBefore=8722
[   49.8577] open name host:/livepad.bin flag 1 data 41378
[   49.8589] open fd = -5
[   49.8748] open name host:/livepad.bin flag 1 data 41378
[   49.8760] open fd = -5
[   49.8923] open name host:/livepad.bin flag 1 data 41378
[   49.8934] open fd = -5
[   49.9090] open name host:/livepad.bin flag 1 data 41378
[   49.9102] open fd = -5
[   49.9105] open name host:/livedbg.cmd flag 1 data 41378
[   49.9114] open fd = -5
[   49.9267] open name host:/livepad.bin flag 1 data 41378
[   49.9280] open fd = -5
[   49.9443] open name host:/livepad.bin flag 1 data 41378
[   49.9454] open fd = -5
[   49.9612] open name host:/livepad.bin flag 1 data 41378
[   49.9624] open fd = -5
[   49.9784] open name host:/livepad.bin flag 1 data 41378
[   49.9798] open fd = -5
[   49.9962] open name host:/livepad.bin flag 1 data 41378
[   49.9974] open fd = -5
[   50.0134] open name host:/livepad.bin flag 1 data 41378
[   50.0146] open fd = -5
[   50.0149] open name host:/livedbg.cmd flag 1 data 41378
[   50.0160] open fd = -5
[   50.0311] open name host:/livepad.bin flag 1 data 41378
[   50.0324] open fd = -5
[   50.0485] open name host:/livepad.bin flag 1 data 41378
[   50.0499] open fd = -5
[   50.0662] open name host:/livepad.bin flag 1 data 41378
[   50.0674] open fd = -5
[   50.0830] open name host:/livepad.bin flag 1 data 41378
[   50.0842] open fd = -5
[   50.0996] open name host:/livepad.bin flag 1 data 41378
[   50.1010] open fd = -5
[   50.1168] open name host:/livepad.bin flag 1 data 41378
[   50.1181] open fd = -5
[   50.1185] open name host:/livedbg.cmd flag 1 data 41378
[   50.1194] open fd = -5
[   50.1345] open name host:/livepad.bin flag 1 data 41378
[   50.1356] open fd = -5
[   50.1513] open name host:/livepad.bin flag 1 data 41378
[   50.1526] open fd = -5
[   50.1682] open name host:/livepad.bin flag 1 data 41378
[   50.1696] open fd = -5
[   50.1857] open name host:/livepad.bin flag 1 data 41378
[   50.1870] open fd = -5
[   50.1877] open name host:/log.txt flag 302 data 41378
[   50.1891] open fd = 256
[   50.2068] open name host:/livepad.bin flag 1 data 41378
[   50.2082] open fd = -5
[   50.2241] open name host:/livepad.bin flag 1 data 41378
[   50.2252] open fd = -5
[   50.2255] open name host:/livedbg.cmd flag 1 data 41378
[   50.2265] open fd = -5
[   50.2425] open name host:/livepad.bin flag 1 data 41378
[   50.2438] open fd = -5
[   50.2600] open name host:/livepad.bin flag 1 data 41378
[   50.2611] open fd = -5
[   50.2777] open name host:/livepad.bin flag 1 data 41378
[   50.2787] open fd = -5
[   50.2945] open name host:/livepad.bin flag 1 data 41378
[   50.2958] open fd = -5
[   50.3133] open name host:/livepad.bin flag 1 data 41378
[   50.3147] open fd = -5
[   50.3314] open name host:/livepad.bin flag 1 data 41378
[   50.3328] open fd = -5
[   50.3338] open name host:/livedbg.cmd flag 1 data 41378
[   50.3349] open fd = -5
[   50.3508] open name host:/livepad.bin flag 1 data 41378
[   50.3521] open fd = -5
[   50.3682] open name host:/livepad.bin flag 1 data 41378
[   50.3697] open fd = -5
[   50.3722] open name host:/log.txt flag 302 data 41378
[   50.3741] open fd = 256
[   50.3899] open name host:/livepad.bin flag 1 data 41378
[   50.3911] open fd = -5
[   50.4079] open name host:/livepad.bin flag 1 data 41378
[   50.4107] open fd = -5
[   50.4273] open name host:/livepad.bin flag 1 data 41378
[   50.4288] open fd = -5
[   50.4459] open name host:/livepad.bin flag 1 data 41378
[   50.4474] open fd = -5
[   50.4477] open name host:/livedbg.cmd flag 1 data 41378
[   50.4495] open fd = -5
[   50.4659] open name host:/livepad.bin flag 1 data 41378
[   50.4677] open fd = -5
[   50.4878] open name host:/livepad.bin flag 1 data 41378
[   50.4893] open fd = -5
[   50.5052] open name host:/livepad.bin flag 1 data 41378
[   50.5067] open fd = -5
[   50.5221] open name host:/livepad.bin flag 1 data 41378
[   50.5236] open fd = -5
[   50.5411] open name host:/livepad.bin flag 1 data 41378
[   50.5428] open fd = -5
[   50.5593] open name host:/livepad.bin flag 1 data 41378
[   50.5616] open fd = -5
[   50.5620] open name host:/livedbg.cmd flag 1 data 41378
[   50.5630] open fd = -5
[   50.5790] open name host:/livepad.bin flag 1 data 41378
[   50.5818] open fd = -5
[   50.5998] open name host:/livepad.bin flag 1 data 41378
[   50.6013] open fd = -5
[   50.6175] open name host:/livepad.bin flag 1 data 41378
[   50.6189] open fd = -5
[   50.6358] open name host:/livepad.bin flag 1 data 41378
[   50.6371] open fd = -5
[   50.6545] open name host:/livepad.bin flag 1 data 41378
[   50.6560] open fd = -5
[   50.6567] open name host:/log.txt flag 302 data 41378
[   50.6584] open fd = 256
[   50.6765] open name host:/livepad.bin flag 1 data 41378
[   50.6778] open fd = -5
[   50.6781] open name host:/livedbg.cmd flag 1 data 41378
[   50.6790] open fd = -5
[   50.6966] open name host:/livepad.bin flag 1 data 41378
[   50.6980] open fd = -5
[   50.7152] open name host:/livepad.bin flag 1 data 41378
[   50.7165] open fd = -5
[   50.7341] open name host:/livepad.bin flag 1 data 41378
[   50.7353] open fd = -5
[   50.7519] open name host:/livepad.bin flag 1 data 41378
[   50.7531] open fd = -5
[   50.7714] open name host:/livepad.bin flag 1 data 41378
[   50.7725] open fd = -5
[   50.7896] open name host:/livepad.bin flag 1 data 41378
[   50.7910] open fd = -5
[   50.7914] open name host:/livedbg.cmd flag 1 data 41378
[   50.7924] open fd = -5
[   50.8110] open name host:/livepad.bin flag 1 data 41378
[   50.8127] open fd = -5
[   50.8285] open name host:/livepad.bin flag 1 data 41378
[   50.8304] open fd = -5
[   50.8466] open name host:/livepad.bin flag 1 data 41378
[   50.8479] open fd = -5
[   50.8634] open name host:/livepad.bin flag 1 data 41378
[   50.8645] open fd = -5
[   50.8813] open name host:/livepad.bin flag 1 data 41378
[   50.8826] open fd = -5
[   50.8984] open name host:/livepad.bin flag 1 data 41378
[   50.8997] open fd = -5
[   50.9000] open name host:/livedbg.cmd flag 1 data 41378
[   50.9011] open fd = -5
[   50.9176] open name host:/livepad.bin flag 1 data 41378
[   50.9191] open fd = -5
[   50.9359] open name host:/livepad.bin flag 1 data 41378
[   50.9372] open fd = -5
[   50.9380] LOG: SKYWARM scene=1 generation=2 count=1152 check=1980
[   50.9539] open name host:/livepad.bin flag 1 data 41378
[   50.9551] open fd = -5
[   50.9711] open name host:/livepad.bin flag 1 data 41378
[   50.9725] open fd = -5
[   50.9887] open name host:/livepad.bin flag 1 data 41378
[   50.9898] open fd = -5
[   51.0063] open name host:/livepad.bin flag 1 data 41378
[   51.0075] open fd = -5
[   51.0078] open name host:/livedbg.cmd flag 1 data 41378
[   51.0087] open fd = -5
[   51.0254] open name host:/livepad.bin flag 1 data 41378
[   51.0267] open fd = -5
[   51.0435] open name host:/livepad.bin flag 1 data 41378
[   51.0449] open fd = -5
[   51.0608] open name host:/livepad.bin flag 1 data 41378
[   51.0621] open fd = -5
[   51.0791] open name host:/livepad.bin flag 1 data 41378
[   51.0805] open fd = -5
[   51.0969] open name host:/livepad.bin flag 1 data 41378
[   51.0982] open fd = -5
[   51.1145] open name host:/livepad.bin flag 1 data 41378
[   51.1160] open fd = -5
[   51.1164] open name host:/livedbg.cmd flag 1 data 41378
[   51.1174] open fd = -5
[   51.1178] open name host:/log.txt flag 302 data 41378
[   51.1194] open fd = 256
[   51.1369] open name host:/livepad.bin flag 1 data 41378
[   51.1384] open fd = -5
[   51.1545] open name host:/livepad.bin flag 1 data 41378
[   51.1557] open fd = -5
[   51.1721] open name host:/livepad.bin flag 1 data 41378
[   51.1733] open fd = -5
[   51.1891] open name host:/livepad.bin flag 1 data 41378
[   51.1904] open fd = -5
[   51.2072] open name host:/livepad.bin flag 1 data 41378
[   51.2085] open fd = -5
[   51.2252] open name host:/livepad.bin flag 1 data 41378
[   51.2264] open fd = -5
[   51.2267] open name host:/livedbg.cmd flag 1 data 41378
[   51.2277] open fd = -5
[   51.2439] open name host:/livepad.bin flag 1 data 41378
[   51.2452] open fd = -5
[   51.2615] open name host:/livepad.bin flag 1 data 41378
[   51.2627] open fd = -5
[   51.2791] open name host:/livepad.bin flag 1 data 41378
[   51.2807] open fd = -5
[   51.2973] open name host:/livepad.bin flag 1 data 41378
[   51.2987] open fd = -5
[   51.3014] open name host:/log.txt flag 302 data 41378
[   51.3030] open fd = 256
[   51.3188] open name host:/livepad.bin flag 1 data 41378
[   51.3202] open fd = -5
[   51.3360] open name host:/livepad.bin flag 1 data 41378
[   51.3372] open fd = -5
[   51.3375] open name host:/livedbg.cmd flag 1 data 41378
[   51.3390] open fd = -5
[   51.3552] open name host:/livepad.bin flag 1 data 41378
[   51.3566] open fd = -5
[   51.3730] open name host:/livepad.bin flag 1 data 41378
[   51.3742] open fd = -5
[   51.3909] open name host:/livepad.bin flag 1 data 41378
[   51.3921] open fd = -5
[   51.4090] open name host:/livepad.bin flag 1 data 41378
[   51.4103] open fd = -5
[   51.4273] open name host:/livepad.bin flag 1 data 41378
[   51.4288] open fd = -5
[   51.4449] open name host:/livepad.bin flag 1 data 41378
[   51.4465] open fd = -5
[   51.4469] open name host:/livedbg.cmd flag 1 data 41378
[   51.4479] open fd = -5
[   51.4646] open name host:/livepad.bin flag 1 data 41378
[   51.4658] open fd = -5
[   51.4824] open name host:/livepad.bin flag 1 data 41378
[   51.4839] open fd = -5
[   51.5006] open name host:/livepad.bin flag 1 data 41378
[   51.5020] open fd = -5
[   51.5182] open name host:/livepad.bin flag 1 data 41378
[   51.5196] open fd = -5
[   51.5377] open name host:/livepad.bin flag 1 data 41378
[   51.5393] open fd = -5
[   51.5551] open name host:/livepad.bin flag 1 data 41378
[   51.5564] open fd = -5
[   51.5568] open name host:/livedbg.cmd flag 1 data 41378
[   51.5577] open fd = -5
[   51.5737] open name host:/livepad.bin flag 1 data 41378
[   51.5749] open fd = -5
[   51.5756] open name host:/log.txt flag 302 data 41378
[   51.5770] open fd = 256
[   51.5958] open name host:/livepad.bin flag 1 data 41378
[   51.5971] open fd = -5
[   51.5988] open name host:/log.txt flag 302 data 41378
[   51.6006] open fd = 256
[   51.6190] open name host:/livepad.bin flag 1 data 41378
[   51.6204] open fd = -5
[   51.6365] open name host:/livepad.bin flag 1 data 41378
[   51.6378] open fd = -5
[   51.6540] open name host:/livepad.bin flag 1 data 41378
[   51.6553] open fd = -5
[   51.6714] open name host:/livepad.bin flag 1 data 41378
[   51.6726] open fd = -5
[   51.6729] open name host:/livedbg.cmd flag 1 data 41378
[   51.6738] open fd = -5
[   51.6899] open name host:/livepad.bin flag 1 data 41378
[   51.6911] open fd = -5
[   51.7072] open name host:/livepad.bin flag 1 data 41378
[   51.7086] open fd = -5
[   51.7255] open name host:/livepad.bin flag 1 data 41378
[   51.7267] open fd = -5
[   51.7439] open name host:/livepad.bin flag 1 data 41378
[   51.7450] open fd = -5
[   51.7633] open name host:/livepad.bin flag 1 data 41378
[   51.7645] open fd = -5
[   51.7827] open name host:/livepad.bin flag 1 data 41378
[   51.7839] open fd = -5
[   51.7844] open name host:/livedbg.cmd flag 1 data 41378
[   51.7854] open fd = -5
[   51.8010] open name host:/livepad.bin flag 1 data 41378
[   51.8024] open fd = -5
[   51.8192] open name host:/livepad.bin flag 1 data 41378
[   51.8206] open fd = -5
[   51.8213] open name host:/log.txt flag 302 data 41378
[   51.8230] open fd = 256
[   51.8417] open name host:/livepad.bin flag 1 data 41378
[   51.8430] open fd = -5
[   51.8604] FRAMEARENA frames=2160 peak=1048400 resets=4 fallbacks=0 maxFrameBytes=2731360 maxBorrowed=2045696 freeKiB=12575
[   51.8607] NATIVEVIF frames=2160 batches=2164
[   51.8609] ORDEREDFRAME frames=2160 splitFrames=3
[   51.8610] FRAMEPIPELINE starts=2160 dmaBusyStarts=1
[   51.8612] open name host:/livepad.bin flag 1 data 41378
[   51.8624] open fd = -5
[   51.8793] open name host:/livepad.bin flag 1 data 41378
[   51.8813] open fd = -5
[   51.8984] open name host:/livepad.bin flag 1 data 41378
[   51.8996] open fd = -5
[   51.8999] open name host:/livedbg.cmd flag 1 data 41378
[   51.9011] open fd = -5
[   51.9180] open name host:/livepad.bin flag 1 data 41378
[   51.9192] open fd = -5
[   51.9362] open name host:/livepad.bin flag 1 data 41378
[   51.9374] open fd = -5
[   51.9557] open name host:/livepad.bin flag 1 data 41378
[   51.9570] open fd = -5
[   51.9736] open name host:/livepad.bin flag 1 data 41378
[   51.9747] open fd = -5
[   51.9930] open name host:/livepad.bin flag 1 data 41378
[   51.9942] open fd = -5
[   52.0106] open name host:/livepad.bin flag 1 data 41378
[   52.0118] open fd = -5
[   52.0121] open name host:/livedbg.cmd flag 1 data 41378
[   52.0130] open fd = -5
[   52.0309] open name host:/livepad.bin flag 1 data 41378
[   52.0322] open fd = -5
[   52.0495] open name host:/livepad.bin flag 1 data 41378
[   52.0510] open fd = -5
[   52.0520] open name host:/log.txt flag 302 data 41378
[   52.0536] open fd = 256
[   52.0559] LOG: SKYORACLE scene=1 generation=2 count=1152 equal=1 check=2040 bboxBefore=9011
[   52.0720] open name host:/livepad.bin flag 1 data 41378
[   52.0734] open fd = -5
[   52.0903] open name host:/livepad.bin flag 1 data 41378
[   52.0915] open fd = -5
[   52.1081] open name host:/livepad.bin flag 1 data 41378
[   52.1097] open fd = -5
[   52.1262] open name host:/livepad.bin flag 1 data 41378
[   52.1277] open fd = -5
[   52.1280] open name host:/livedbg.cmd flag 1 data 41378
[   52.1290] open fd = -5
[   52.1476] open name host:/livepad.bin flag 1 data 41378
[   52.1487] open fd = -5
[   52.1658] open name host:/livepad.bin flag 1 data 41378
[   52.1670] open fd = -5
[   52.1842] open name host:/livepad.bin flag 1 data 41378
[   52.1855] open fd = -5
[   52.2026] open name host:/livepad.bin flag 1 data 41378
[   52.2040] open fd = -5
[   52.2210] open name host:/livepad.bin flag 1 data 41378
[   52.2222] open fd = -5
[   52.2391] open name host:/livepad.bin flag 1 data 41378
[   52.2402] open fd = -5
[   52.2405] open name host:/livedbg.cmd flag 1 data 41378
[   52.2414] open fd = -5
[   52.2442] open name host:/log.txt flag 302 data 41378
[   52.2456] open fd = 256
[   52.2622] open name host:/livepad.bin flag 1 data 41378
[   52.2639] open fd = -5
[   52.2817] open name host:/livepad.bin flag 1 data 41378
[   52.2830] open fd = -5
[   52.3007] open name host:/livepad.bin flag 1 data 41378
[   52.3022] open fd = -5
[   52.3187] open name host:/livepad.bin flag 1 data 41378
[   52.3202] open fd = -5
[   52.3371] open name host:/livepad.bin flag 1 data 41378
[   52.3383] open fd = -5
[   52.3544] open name host:/livepad.bin flag 1 data 41378
[   52.3558] open fd = -5
[   52.3562] open name host:/livedbg.cmd flag 1 data 41378
[   52.3572] open fd = -5
[   52.3745] open name host:/livepad.bin flag 1 data 41378
[   52.3757] open fd = -5
[   52.3937] open name host:/livepad.bin flag 1 data 41378
[   52.3951] open fd = -5
[   52.4120] open name host:/livepad.bin flag 1 data 41378
[   52.4133] open fd = -5
[   52.4305] open name host:/livepad.bin flag 1 data 41378
[   52.4318] open fd = -5
[   52.4495] open name host:/livepad.bin flag 1 data 41378
[   52.4509] open fd = -5
[   52.4680] open name host:/livepad.bin flag 1 data 41378
[   52.4693] open fd = -5
[   52.4696] open name host:/livedbg.cmd flag 1 data 41378
[   52.4705] open fd = -5
[   52.4874] open name host:/livepad.bin flag 1 data 41378
[   52.4886] open fd = -5
[   52.5059] open name host:/livepad.bin flag 1 data 41378
[   52.5072] open fd = -5
[   52.5249] open name host:/livepad.bin flag 1 data 41378
[   52.5264] open fd = -5
[   52.5272] open name host:/log.txt flag 302 data 41378
[   52.5290] open fd = 256
[   52.5486] open name host:/livepad.bin flag 1 data 41378
[   52.5499] open fd = -5
[   52.5671] open name host:/livepad.bin flag 1 data 41378
[   52.5687] open fd = -5
[   52.5851] open name host:/livepad.bin flag 1 data 41378
[   52.5863] open fd = -5
[   52.5865] open name host:/livedbg.cmd flag 1 data 41378
[   52.5876] open fd = -5
[   52.6046] open name host:/livepad.bin flag 1 data 41378
[   52.6059] open fd = -5
[   52.6228] open name host:/livepad.bin flag 1 data 41378
[   52.6240] open fd = -5
[   52.6413] open name host:/livepad.bin flag 1 data 41378
[   52.6426] open fd = -5
[   52.6599] open name host:/livepad.bin flag 1 data 41378
[   52.6612] open fd = -5
[   52.6784] open name host:/livepad.bin flag 1 data 41378
[   52.6796] open fd = -5
[   52.6961] open name host:/livepad.bin flag 1 data 41378
[   52.6975] open fd = -5
[   52.6979] open name host:/livedbg.cmd flag 1 data 41378
[   52.6989] open fd = -5
[   52.7159] open name host:/livepad.bin flag 1 data 41378
[   52.7171] open fd = -5
[   52.7347] open name host:/livepad.bin flag 1 data 41378
[   52.7358] open fd = -5
[   52.7529] open name host:/livepad.bin flag 1 data 41378
[   52.7541] open fd = -5
[   52.7714] open name host:/livepad.bin flag 1 data 41378
[   52.7726] open fd = -5
[   52.7898] open name host:/livepad.bin flag 1 data 41378
[   52.7911] open fd = -5
[   52.8087] open name host:/livepad.bin flag 1 data 41378
[   52.8100] open fd = -5
[   52.8103] open name host:/livedbg.cmd flag 1 data 41378
[   52.8114] open fd = -5
[   52.8284] open name host:/livepad.bin flag 1 data 41378
[   52.8298] open fd = -5
[   52.8458] open name host:/livepad.bin flag 1 data 41378
[   52.8476] open fd = -5
[   52.8643] open name host:/livepad.bin flag 1 data 41378
[   52.8654] open fd = -5
[   52.8827] open name host:/livepad.bin flag 1 data 41378
[   52.8839] open fd = -5
[   52.9008] open name host:/livepad.bin flag 1 data 41378
[   52.9020] open fd = -5
[   52.9180] open name host:/livepad.bin flag 1 data 41378
[   52.9192] open fd = -5
[   52.9194] open name host:/livedbg.cmd flag 1 data 41378
[   52.9205] open fd = -5
[   52.9381] open name host:/livepad.bin flag 1 data 41378
[   52.9393] open fd = -5
[   52.9556] open name host:/livepad.bin flag 1 data 41378
[   52.9567] open fd = -5
[   52.9732] open name host:/livepad.bin flag 1 data 41378
[   52.9745] open fd = -5
[   52.9913] open name host:/livepad.bin flag 1 data 41378
[   52.9927] open fd = -5
[   52.9935] open name host:/log.txt flag 302 data 41378
[   52.9950] open fd = 256
[   53.0134] open name host:/livepad.bin flag 1 data 41378
[   53.0145] open fd = -5
[   53.0320] open name host:/livepad.bin flag 1 data 41378
[   53.0332] open fd = -5
[   53.0336] open name host:/livedbg.cmd flag 1 data 41378
[   53.0345] open fd = -5
[   53.0508] open name host:/livepad.bin flag 1 data 41378
[   53.0523] open fd = -5
[   53.0691] open name host:/livepad.bin flag 1 data 41378
[   53.0705] open fd = -5
[   53.0876] open name host:/livepad.bin flag 1 data 41378
[   53.0890] open fd = -5
[   53.1073] open name host:/livepad.bin flag 1 data 41378
[   53.1087] open fd = -5
[   53.1263] open name host:/livepad.bin flag 1 data 41378
[   53.1276] open fd = -5
[   53.1446] open name host:/livepad.bin flag 1 data 41378
[   53.1459] open fd = -5
[   53.1462] open name host:/livedbg.cmd flag 1 data 41378
[   53.1476] open fd = -5
[   53.1647] open name host:/livepad.bin flag 1 data 41378
[   53.1660] open fd = -5
[   53.1825] open name host:/livepad.bin flag 1 data 41378
[   53.1839] open fd = -5
[   53.1849] LOG: SKYWARM scene=1 generation=2 count=1152 check=2100
[   53.1871] open name host:/log.txt flag 302 data 41378
[   53.1889] open fd = 256
[   53.2044] open name host:/livepad.bin flag 1 data 41378
[   53.2057] open fd = -5
[   53.2238] open name host:/livepad.bin flag 1 data 41378
[   53.2251] open fd = -5
[   53.2429] open name host:/livepad.bin flag 1 data 41378
[   53.2443] open fd = -5
[   53.2611] open name host:/livepad.bin flag 1 data 41378
[   53.2625] open fd = -5
[   53.2628] open name host:/livedbg.cmd flag 1 data 41378
[   53.2638] open fd = -5
[   53.2802] open name host:/livepad.bin flag 1 data 41378
[   53.2815] open fd = -5
[   53.2984] open name host:/livepad.bin flag 1 data 41378
[   53.2998] open fd = -5
[   53.3166] open name host:/livepad.bin flag 1 data 41378
[   53.3180] open fd = -5
[   53.3345] open name host:/livepad.bin flag 1 data 41378
[   53.3359] open fd = -5
[   53.3526] open name host:/livepad.bin flag 1 data 41378
[   53.3539] open fd = -5
[   53.3705] open name host:/livepad.bin flag 1 data 41378
[   53.3717] open fd = -5
[   53.3720] open name host:/livedbg.cmd flag 1 data 41378
[   53.3731] open fd = -5
[   53.3895] open name host:/livepad.bin flag 1 data 41378
[   53.3908] open fd = -5
[   53.4068] open name host:/livepad.bin flag 1 data 41378
[   53.4081] open fd = -5
[   53.4259] open name host:/livepad.bin flag 1 data 41378
[   53.4272] open fd = -5
[   53.4441] open name host:/livepad.bin flag 1 data 41378
[   53.4453] open fd = -5
[   53.4633] open name host:/livepad.bin flag 1 data 41378
[   53.4646] open fd = -5
[   53.4653] open name host:/log.txt flag 302 data 41378
[   53.4668] open fd = 256
[   53.4869] open name host:/livepad.bin flag 1 data 41378
[   53.4883] open fd = -5
[   53.4885] open name host:/livedbg.cmd flag 1 data 41378
[   53.4895] open fd = -5
[   53.5068] open name host:/livepad.bin flag 1 data 41378
[   53.5082] open fd = -5
[   53.5243] open name host:/livepad.bin flag 1 data 41378
[   53.5256] open fd = -5
[   53.5431] open name host:/livepad.bin flag 1 data 41378
[   53.5446] open fd = -5
[   53.5614] open name host:/livepad.bin flag 1 data 41378
[   53.5627] open fd = -5
[   53.5805] open name host:/livepad.bin flag 1 data 41378
[   53.5819] open fd = -5
[   53.5984] open name host:/livepad.bin flag 1 data 41378
[   53.5999] open fd = -5
[   53.6003] open name host:/livedbg.cmd flag 1 data 41378
[   53.6014] open fd = -5
[   53.6174] open name host:/livepad.bin flag 1 data 41378
[   53.6187] open fd = -5
[   53.6360] open name host:/livepad.bin flag 1 data 41378
[   53.6374] open fd = -5
[   53.6544] open name host:/livepad.bin flag 1 data 41378
[   53.6557] open fd = -5
[   53.6728] open name host:/livepad.bin flag 1 data 41378
[   53.6743] open fd = -5
[   53.6918] open name host:/livepad.bin flag 1 data 41378
[   53.6932] open fd = -5
[   53.7104] open name host:/livepad.bin flag 1 data 41378
[   53.7117] open fd = -5
[   53.7120] open name host:/livedbg.cmd flag 1 data 41378
[   53.7130] open fd = -5
[   53.7298] open name host:/livepad.bin flag 1 data 41378
[   53.7314] open fd = -5
[   53.7485] open name host:/livepad.bin flag 1 data 41378
[   53.7498] open fd = -5
[   53.7681] open name host:/livepad.bin flag 1 data 41378
[   53.7693] open fd = -5
[   53.7854] open name host:/livepad.bin flag 1 data 41378
[   53.7867] open fd = -5
[   53.8047] open name host:/livepad.bin flag 1 data 41378
[   53.8060] open fd = -5
[   53.8226] open name host:/livepad.bin flag 1 data 41378
[   53.8239] open fd = -5
[   53.8242] open name host:/livedbg.cmd flag 1 data 41378
[   53.8252] open fd = -5
[   53.8428] open name host:/livepad.bin flag 1 data 41378
[   53.8440] open fd = -5
[   53.8616] open name host:/livepad.bin flag 1 data 41378
[   53.8630] open fd = -5
[   53.8799] open name host:/livepad.bin flag 1 data 41378
[   53.8811] open fd = -5
[   53.8980] open name host:/livepad.bin flag 1 data 41378
[   53.8995] open fd = -5
[   53.9181] open name host:/livepad.bin flag 1 data 41378
[   53.9196] open fd = -5
[   53.9361] open name host:/livepad.bin flag 1 data 41378
[   53.9373] open fd = -5
[   53.9376] open name host:/livedbg.cmd flag 1 data 41378
[   53.9386] open fd = -5
[   53.9391] open name host:/log.txt flag 302 data 41378
[   53.9406] open fd = 256
[   53.9596] open name host:/livepad.bin flag 1 data 41378
[   53.9615] open fd = -5
[   53.9786] open name host:/livepad.bin flag 1 data 41378
[   53.9804] open fd = -5
[   53.9974] open name host:/livepad.bin flag 1 data 41378
[   53.9988] open fd = -5
[   54.0155] open name host:/livepad.bin flag 1 data 41378
[   54.0168] open fd = -5
[   54.0348] open name host:/livepad.bin flag 1 data 41378
[   54.0370] open fd = -5
[   54.0555] open name host:/livepad.bin flag 1 data 41378
[   54.0569] open fd = -5
[   54.0573] open name host:/livedbg.cmd flag 1 data 41378
[   54.0585] open fd = -5
[   54.0757] open name host:/livepad.bin flag 1 data 41378
[   54.0771] open fd = -5
[   54.0989] open name host:/livepad.bin flag 1 data 41378
[   54.1005] open fd = -5
[   54.1201] open name host:/livepad.bin flag 1 data 41378
[   54.1215] open fd = -5
[   54.1412] FRAMEARENA frames=2280 peak=1048400 resets=4 fallbacks=0 maxFrameBytes=2731360 maxBorrowed=2045696 freeKiB=12639
[   54.1414] NATIVEVIF frames=2280 batches=2284
[   54.1417] ORDEREDFRAME frames=2280 splitFrames=3
[   54.1419] FRAMEPIPELINE starts=2280 dmaBusyStarts=1
[   54.1422] open name host:/livepad.bin flag 1 data 41378
[   54.1435] open fd = -5
[   54.1467] open name host:/log.txt flag 302 data 41378
[   54.1489] open fd = 256
[   54.1669] open name host:/livepad.bin flag 1 data 41378
[   54.1682] open fd = -5
[   54.1871] open name host:/livepad.bin flag 1 data 41378
[   54.1882] open fd = -5
[   54.1886] open name host:/livedbg.cmd flag 1 data 41378
[   54.1896] open fd = -5
[   54.2118] open name host:/livepad.bin flag 1 data 41378
[   54.2138] open fd = -5
[   54.2339] open name host:/livepad.bin flag 1 data 41378
[   54.2351] open fd = -5
[   54.2540] open name host:/livepad.bin flag 1 data 41378
[   54.2554] open fd = -5
[   54.2725] open name host:/livepad.bin flag 1 data 41378
[   54.2737] open fd = -5
[   54.2912] open name host:/livepad.bin flag 1 data 41378
[   54.2926] open fd = -5
[   54.3093] open name host:/livepad.bin flag 1 data 41378
[   54.3107] open fd = -5
[   54.3110] open name host:/livedbg.cmd flag 1 data 41378
[   54.3122] open fd = -5
[   54.3324] open name host:/livepad.bin flag 1 data 41378
[   54.3337] open fd = -5
[   54.3550] open name host:/livepad.bin flag 1 data 41378
[   54.3565] open fd = -5
[   54.3585] LOG: SKYORACLE scene=1 generation=2 count=1152 equal=1 check=2160 bboxBefore=9390
[   54.3746] open name host:/livepad.bin flag 1 data 41378
[   54.3759] open fd = -5
[   54.3928] open name host:/livepad.bin flag 1 data 41378
[   54.3940] open fd = -5
[   54.4122] open name host:/livepad.bin flag 1 data 41378
[   54.4135] open fd = -5
[   54.4303] open name host:/livepad.bin flag 1 data 41378
[   54.4314] open fd = -5
[   54.4318] open name host:/livedbg.cmd flag 1 data 41378
[   54.4329] open fd = -5
[   54.4506] open name host:/livepad.bin flag 1 data 41378
[   54.4518] open fd = -5
[   54.4526] open name host:/log.txt flag 302 data 41378
[   54.4540] open fd = 256
[   54.4717] open name host:/livepad.bin flag 1 data 41378
[   54.4730] open fd = -5
[   54.4750] open name host:/log.txt flag 302 data 41378
[   54.4766] open fd = 256
[   54.4936] open name host:/livepad.bin flag 1 data 41378
[   54.4949] open fd = -5
[   54.5124] open name host:/livepad.bin flag 1 data 41378
[   54.5137] open fd = -5
[   54.5313] open name host:/livepad.bin flag 1 data 41378
[   54.5325] open fd = -5
[   54.5491] open name host:/livepad.bin flag 1 data 41378
[   54.5505] open fd = -5
[   54.5508] open name host:/livedbg.cmd flag 1 data 41378
[   54.5518] open fd = -5
[   54.5686] open name host:/livepad.bin flag 1 data 41378
[   54.5700] open fd = -5
[   54.5889] open name host:/livepad.bin flag 1 data 41378
[   54.5904] open fd = -5
[   54.6074] open name host:/livepad.bin flag 1 data 41378
[   54.6090] open fd = -5
[   54.6277] open name host:/livepad.bin flag 1 data 41378
[   54.6290] open fd = -5
[   54.6455] open name host:/livepad.bin flag 1 data 41378
[   54.6468] open fd = -5
[   54.6657] open name host:/livepad.bin flag 1 data 41378
[   54.6673] open fd = -5
[   54.6677] open name host:/livedbg.cmd flag 1 data 41378
[   54.6688] open fd = -5
[   54.6866] open name host:/livepad.bin flag 1 data 41378
[   54.6879] open fd = -5
[   54.7056] open name host:/livepad.bin flag 1 data 41378
[   54.7069] open fd = -5
[   54.7251] open name host:/livepad.bin flag 1 data 41378
[   54.7264] open fd = -5
[   54.7432] open name host:/livepad.bin flag 1 data 41378
[   54.7444] open fd = -5
[   54.7618] open name host:/livepad.bin flag 1 data 41378
[   54.7633] open fd = -5
[   54.7804] open name host:/livepad.bin flag 1 data 41378
[   54.7816] open fd = -5
[   54.7820] open name host:/livedbg.cmd flag 1 data 41378
[   54.7830] open fd = -5
[   54.8003] open name host:/livepad.bin flag 1 data 41378
[   54.8018] open fd = -5
[   54.8192] open name host:/livepad.bin flag 1 data 41378
[   54.8205] open fd = -5
[   54.8381] open name host:/livepad.bin flag 1 data 41378
[   54.8392] open fd = -5
[   54.8582] open name host:/livepad.bin flag 1 data 41378
[   54.8596] open fd = -5
[   54.8776] open name host:/livepad.bin flag 1 data 41378
[   54.8788] open fd = -5
[   54.8965] open name host:/livepad.bin flag 1 data 41378
[   54.8978] open fd = -5
[   54.8982] open name host:/livedbg.cmd flag 1 data 41378
[   54.8993] open fd = -5
[   54.9161] open name host:/livepad.bin flag 1 data 41378
[   54.9174] open fd = -5
[   54.9354] open name host:/livepad.bin flag 1 data 41378
[   54.9365] open fd = -5
[   54.9373] open name host:/log.txt flag 302 data 41378
[   54.9391] open fd = 256
[   54.9582] open name host:/livepad.bin flag 1 data 41378
[   54.9598] open fd = -5
[   54.9774] open name host:/livepad.bin flag 1 data 41378
[   54.9786] open fd = -5
[   54.9967] open name host:/livepad.bin flag 1 data 41378
[   54.9982] open fd = -5
[   55.0156] open name host:/livepad.bin flag 1 data 41378
[   55.0169] open fd = -5
[   55.0172] open name host:/livedbg.cmd flag 1 data 41378
[   55.0182] open fd = -5
[   55.0355] open name host:/livepad.bin flag 1 data 41378
[   55.0369] open fd = -5
[   55.0537] open name host:/livepad.bin flag 1 data 41378
[   55.0549] open fd = -5
[   55.0727] open name host:/livepad.bin flag 1 data 41378
[   55.0738] open fd = -5
[   55.0905] open name host:/livepad.bin flag 1 data 41378
[   55.0917] open fd = -5
[   55.1091] open name host:/livepad.bin flag 1 data 41378
[   55.1104] open fd = -5
[   55.1272] open name host:/livepad.bin flag 1 data 41378
[   55.1283] open fd = -5
[   55.1286] open name host:/livedbg.cmd flag 1 data 41378
[   55.1297] open fd = -5
[   55.1331] open name host:/log.txt flag 302 data 41378
[   55.1348] open fd = 256
[   55.1500] open name host:/livepad.bin flag 1 data 41378
[   55.1515] open fd = -5
[   55.1679] open name host:/livepad.bin flag 1 data 41378
[   55.1691] open fd = -5
[   55.1868] open name host:/livepad.bin flag 1 data 41378
[   55.1883] open fd = -5
[   55.2063] open name host:/livepad.bin flag 1 data 41378
[   55.2076] open fd = -5
[   55.2248] open name host:/livepad.bin flag 1 data 41378
[   55.2261] open fd = -5
[   55.2430] open name host:/livepad.bin flag 1 data 41378
[   55.2442] open fd = -5
[   55.2445] open name host:/livedbg.cmd flag 1 data 41378
[   55.2455] open fd = -5
[   55.2638] open name host:/livepad.bin flag 1 data 41378
[   55.2651] open fd = -5
[   55.2817] open name host:/livepad.bin flag 1 data 41378
[   55.2829] open fd = -5
[   55.3006] open name host:/livepad.bin flag 1 data 41378
[   55.3026] open fd = -5
[   55.3202] open name host:/livepad.bin flag 1 data 41378
[   55.3216] open fd = -5
[   55.3395] open name host:/livepad.bin flag 1 data 41378
[   55.3408] open fd = -5
[   55.3591] open name host:/livepad.bin flag 1 data 41378
[   55.3604] open fd = -5
[   55.3607] open name host:/livedbg.cmd flag 1 data 41378
[   55.3616] open fd = -5
[   55.3798] open name host:/livepad.bin flag 1 data 41378
[   55.3813] open fd = -5
[   55.3995] open name host:/livepad.bin flag 1 data 41378
[   55.4008] open fd = -5
[   55.4178] open name host:/livepad.bin flag 1 data 41378
[   55.4190] open fd = -5
[   55.4197] open name host:/log.txt flag 302 data 41378
[   55.4216] open fd = 256
[   55.4397] open name host:/livepad.bin flag 1 data 41378
[   55.4411] open fd = -5
[   55.4580] open name host:/livepad.bin flag 1 data 41378
[   55.4593] open fd = -5
[   55.4756] open name host:/livepad.bin flag 1 data 41378
[   55.4769] open fd = -5
[   55.4772] open name host:/livedbg.cmd flag 1 data 41378
[   55.4782] open fd = -5
[   55.4943] open name host:/livepad.bin flag 1 data 41378
[   55.4956] open fd = -5
[   55.5134] open name host:/livepad.bin flag 1 data 41378
[   55.5148] open fd = -5
[   55.5157] LOG: SKYWARM scene=1 generation=2 count=1152 check=2220
[   55.5325] open name host:/livepad.bin flag 1 data 41378
[   55.5340] open fd = -5
[   55.5510] open name host:/livepad.bin flag 1 data 41378
[   55.5522] open fd = -5
[   55.5694] open name host:/livepad.bin flag 1 data 41378
[   55.5707] open fd = -5
[   55.5883] open name host:/livepad.bin flag 1 data 41378
[   55.5897] open fd = -5
[   55.5900] open name host:/livedbg.cmd flag 1 data 41378
[   55.5910] open fd = -5
[   55.6082] open name host:/livepad.bin flag 1 data 41378
[   55.6097] open fd = -5
[   55.6262] open name host:/livepad.bin flag 1 data 41378
[   55.6276] open fd = -5
[   55.6449] open name host:/livepad.bin flag 1 data 41378
[   55.6464] open fd = -5
[   55.6639] open name host:/livepad.bin flag 1 data 41378
[   55.6654] open fd = -5
[   55.6830] open name host:/livepad.bin flag 1 data 41378
[   55.6843] open fd = -5
[   55.7011] open name host:/livepad.bin flag 1 data 41378
[   55.7026] open fd = -5
[   55.7030] open name host:/livedbg.cmd flag 1 data 41378
[   55.7040] open fd = -5
[   55.7208] open name host:/livepad.bin flag 1 data 41378
[   55.7221] open fd = -5
[   55.7384] open name host:/livepad.bin flag 1 data 41378
[   55.7398] open fd = -5
[   55.7567] open name host:/livepad.bin flag 1 data 41378
[   55.7582] open fd = -5
[   55.7751] open name host:/livepad.bin flag 1 data 41378
[   55.7765] open fd = -5
[   55.7947] open name host:/livepad.bin flag 1 data 41378
[   55.7960] open fd = -5
[   55.8139] open name host:/livepad.bin flag 1 data 41378
[   55.8154] open fd = -5
[   55.8157] open name host:/livedbg.cmd flag 1 data 41378
[   55.8167] open fd = -5
[   55.8337] open name host:/livepad.bin flag 1 data 41378
[   55.8351] open fd = -5
[   55.8516] open name host:/livepad.bin flag 1 data 41378
[   55.8531] open fd = -5
[   55.8704] open name host:/livepad.bin flag 1 data 41378
[   55.8717] open fd = -5
[   55.8886] open name host:/livepad.bin flag 1 data 41378
[   55.8904] open fd = -5
[   55.8914] open name host:/log.txt flag 302 data 41378
[   55.8933] open fd = 256
[   55.9131] open name host:/livepad.bin flag 1 data 41378
[   55.9144] open fd = -5
[   55.9311] open name host:/livepad.bin flag 1 data 41378
[   55.9323] open fd = -5
[   55.9326] open name host:/livedbg.cmd flag 1 data 41378
[   55.9336] open fd = -5
[   55.9512] open name host:/livepad.bin flag 1 data 41378
[   55.9525] open fd = -5
[   55.9690] open name host:/livepad.bin flag 1 data 41378
[   55.9703] open fd = -5
[   55.9895] open name host:/livepad.bin flag 1 data 41378
[   55.9911] open fd = -5
[   56.0090] open name host:/livepad.bin flag 1 data 41378
[   56.0105] open fd = -5
[   56.0277] open name host:/livepad.bin flag 1 data 41378
[   56.0290] open fd = -5
[   56.0460] open name host:/livepad.bin flag 1 data 41378
[   56.0476] open fd = -5
[   56.0479] open name host:/livedbg.cmd flag 1 data 41378
[   56.0489] open fd = -5
[   56.0663] open name host:/livepad.bin flag 1 data 41378
[   56.0676] open fd = -5
[   56.0843] open name host:/livepad.bin flag 1 data 41378
[   56.0858] open fd = -5
[   56.0889] open name host:/log.txt flag 302 data 41378
[   56.0909] open fd = 256
[   56.1074] open name host:/livepad.bin flag 1 data 41378
[   56.1089] open fd = -5
[   56.1263] open name host:/livepad.bin flag 1 data 41378
[   56.1275] open fd = -5
[   56.1465] open name host:/livepad.bin flag 1 data 41378
[   56.1476] open fd = -5
[   56.1641] open name host:/livepad.bin flag 1 data 41378
[   56.1653] open fd = -5
[   56.1656] open name host:/livedbg.cmd flag 1 data 41378
[   56.1665] open fd = -5
[   56.1835] open name host:/livepad.bin flag 1 data 41378
[   56.1847] open fd = -5
[   56.2017] open name host:/livepad.bin flag 1 data 41378
[   56.2030] open fd = -5
[   56.2204] open name host:/livepad.bin flag 1 data 41378
[   56.2217] open fd = -5
[   56.2387] open name host:/livepad.bin flag 1 data 41378
[   56.2400] open fd = -5
[   56.2566] open name host:/livepad.bin flag 1 data 41378
[   56.2583] open fd = -5
[   56.2767] open name host:/livepad.bin flag 1 data 41378
[   56.2781] open fd = -5
[   56.2783] open name host:/livedbg.cmd flag 1 data 41378
[   56.2794] open fd = -5
[   56.2965] open name host:/livepad.bin flag 1 data 41378
[   56.2978] open fd = -5
[   56.3148] open name host:/livepad.bin flag 1 data 41378
[   56.3163] open fd = -5
[   56.3336] open name host:/livepad.bin flag 1 data 41378
[   56.3347] open fd = -5
[   56.3520] open name host:/livepad.bin flag 1 data 41378
[   56.3533] open fd = -5
[   56.3700] open name host:/livepad.bin flag 1 data 41378
[   56.3715] open fd = -5
[   56.3722] open name host:/log.txt flag 302 data 41378
[   56.3737] open fd = 256
[   56.3915] open name host:/livepad.bin flag 1 data 41378
[   56.3928] open fd = -5
[   56.3932] open name host:/livedbg.cmd flag 1 data 41378
[   56.3942] open fd = -5
[   56.4114] open name host:/livepad.bin flag 1 data 41378
[   56.4128] open fd = -5
[   56.4296] open name host:/livepad.bin flag 1 data 41378
[   56.4310] open fd = -5
[   56.4503] open name host:/livepad.bin flag 1 data 41378
[   56.4516] open fd = -5
[   56.4688] FRAMEARENA frames=2400 peak=1048400 resets=4 fallbacks=0 maxFrameBytes=2731360 maxBorrowed=2045696 freeKiB=13094
[   56.4690] NATIVEVIF frames=2400 batches=2404
[   56.4693] ORDEREDFRAME frames=2400 splitFrames=3
[   56.4695] FRAMEPIPELINE starts=2400 dmaBusyStarts=1
[   56.4698] open name host:/livepad.bin flag 1 data 41378
[   56.4709] open fd = -5
[   56.4876] open name host:/livepad.bin flag 1 data 41378
[   56.4888] open fd = -5
[   56.5059] open name host:/livepad.bin flag 1 data 41378
[   56.5071] open fd = -5
[   56.5074] open name host:/livedbg.cmd flag 1 data 41378
[   56.5085] open fd = -5
[   56.5259] open name host:/livepad.bin flag 1 data 41378
[   56.5274] open fd = -5
[   56.5449] open name host:/livepad.bin flag 1 data 41378
[   56.5461] open fd = -5
[   56.5631] open name host:/livepad.bin flag 1 data 41378
[   56.5644] open fd = -5
[   56.5810] open name host:/livepad.bin flag 1 data 41378
[   56.5823] open fd = -5
[   56.5998] open name host:/livepad.bin flag 1 data 41378
[   56.6013] open fd = -5
[   56.6185] open name host:/livepad.bin flag 1 data 41378
[   56.6202] open fd = -5
[   56.6206] open name host:/livedbg.cmd flag 1 data 41378
[   56.6215] open fd = -5
[   56.6403] open name host:/livepad.bin flag 1 data 41378
[   56.6414] open fd = -5
[   56.6586] open name host:/livepad.bin flag 1 data 41378
[   56.6599] open fd = -5
[   56.6613] LOG: SKYORACLE scene=1 generation=2 count=1152 equal=1 check=2280 bboxBefore=10314
[   56.6768] open name host:/livepad.bin flag 1 data 41378
[   56.6780] open fd = -5
[   56.6944] open name host:/livepad.bin flag 1 data 41378
[   56.6959] open fd = -5
[   56.7130] open name host:/livepad.bin flag 1 data 41378
[   56.7143] open fd = -5
[   56.7320] open name host:/livepad.bin flag 1 data 41378
[   56.7333] open fd = -5
[   56.7336] open name host:/livedbg.cmd flag 1 data 41378
[   56.7346] open fd = -5
[   56.7521] open name host:/livepad.bin flag 1 data 41378
[   56.7533] open fd = -5
[   56.7703] open name host:/livepad.bin flag 1 data 41378
[   56.7716] open fd = -5
[   56.7890] open name host:/livepad.bin flag 1 data 41378
[   56.7902] open fd = -5
[   56.8072] open name host:/livepad.bin flag 1 data 41378
[   56.8088] open fd = -5
[   56.8279] open name host:/livepad.bin flag 1 data 41378
[   56.8295] open fd = -5
[   56.8462] open name host:/livepad.bin flag 1 data 41378
[   56.8478] open fd = -5
[   56.8482] open name host:/livedbg.cmd flag 1 data 41378
[   56.8492] open fd = -5
[   56.8498] open name host:/log.txt flag 302 data 41378
[   56.8514] open fd = 256
[   56.8704] open name host:/livepad.bin flag 1 data 41378
[   56.8716] open fd = -5
[   56.8886] open name host:/livepad.bin flag 1 data 41378
[   56.8902] open fd = -5
[   56.9075] open name host:/livepad.bin flag 1 data 41378
[   56.9090] open fd = -5
[   56.9263] open name host:/livepad.bin flag 1 data 41378
[   56.9275] open fd = -5
[   56.9447] open name host:/livepad.bin flag 1 data 41378
[   56.9461] open fd = -5
[   56.9631] open name host:/livepad.bin flag 1 data 41378
[   56.9644] open fd = -5
[   56.9648] open name host:/livedbg.cmd flag 1 data 41378
[   56.9659] open fd = -5
[   56.9831] open name host:/livepad.bin flag 1 data 41378
[   56.9845] open fd = -5
[   57.0015] open name host:/livepad.bin flag 1 data 41378
[   57.0028] open fd = -5
[   57.0200] open name host:/livepad.bin flag 1 data 41378
[   57.0213] open fd = -5
[   57.0381] open name host:/livepad.bin flag 1 data 41378
[   57.0393] open fd = -5
[   57.0425] open name host:/log.txt flag 302 data 41378
[   57.0440] open fd = 256
[   57.0598] open name host:/livepad.bin flag 1 data 41378
[   57.0611] open fd = -5
[   57.0780] open name host:/livepad.bin flag 1 data 41378
[   57.0791] open fd = -5
[   57.0795] open name host:/livedbg.cmd flag 1 data 41378
[   57.0806] open fd = -5
[   57.0982] open name host:/livepad.bin flag 1 data 41378
[   57.0996] open fd = -5
[   57.1170] open name host:/livepad.bin flag 1 data 41378
[   57.1183] open fd = -5
[   57.1363] open name host:/livepad.bin flag 1 data 41378
[   57.1376] open fd = -5
[   57.1540] open name host:/livepad.bin flag 1 data 41378
[   57.1551] open fd = -5
[   57.1729] open name host:/livepad.bin flag 1 data 41378
[   57.1742] open fd = -5
[   57.1912] open name host:/livepad.bin flag 1 data 41378
[   57.1927] open fd = -5
[   57.1931] open name host:/livedbg.cmd flag 1 data 41378
[   57.1941] open fd = -5
[   57.2118] open name host:/livepad.bin flag 1 data 41378
[   57.2133] open fd = -5
[   57.2311] open name host:/livepad.bin flag 1 data 41378
[   57.2324] open fd = -5
[   57.2519] open name host:/livepad.bin flag 1 data 41378
[   57.2533] open fd = -5
[   57.2709] open name host:/livepad.bin flag 1 data 41378
[   57.2725] open fd = -5
[   57.2904] open name host:/livepad.bin flag 1 data 41378
[   57.2920] open fd = -5
[   57.3099] open name host:/livepad.bin flag 1 data 41378
[   57.3115] open fd = -5
[   57.3118] open name host:/livedbg.cmd flag 1 data 41378
[   57.3132] open fd = -5
[   57.3312] open name host:/livepad.bin flag 1 data 41378
[   57.3326] open fd = -5
[   57.3334] open name host:/log.txt flag 302 data 41378
[   57.3349] open fd = 256
[   57.3540] open name host:/livepad.bin flag 1 data 41378
[   57.3552] open fd = -5
[   57.3570] open name host:/log.txt flag 302 data 41378
[   57.3585] open fd = 256
[   57.3766] open name host:/livepad.bin flag 1 data 41378
[   57.3778] open fd = -5
[   57.3953] open name host:/livepad.bin flag 1 data 41378
[   57.3966] open fd = -5
[   57.4143] open name host:/livepad.bin flag 1 data 41378
[   57.4156] open fd = -5
[   57.4329] open name host:/livepad.bin flag 1 data 41378
[   57.4340] open fd = -5
[   57.4342] open name host:/livedbg.cmd flag 1 data 41378
[   57.4352] open fd = -5
[   57.4549] open name host:/livepad.bin flag 1 data 41378
[   57.4563] open fd = -5
[   57.4735] open name host:/livepad.bin flag 1 data 41378
[   57.4747] open fd = -5
[   57.4931] open name host:/livepad.bin flag 1 data 41378
[   57.4943] open fd = -5
[   57.5120] open name host:/livepad.bin flag 1 data 41378
[   57.5134] open fd = -5
[   57.5313] open name host:/livepad.bin flag 1 data 41378
[   57.5328] open fd = -5
[   57.5514] open name host:/livepad.bin flag 1 data 41378
[   57.5528] open fd = -5
[   57.5534] open name host:/livedbg.cmd flag 1 data 41378
[   57.5544] open fd = -5
[   57.5716] open name host:/livepad.bin flag 1 data 41378
[   57.5730] open fd = -5
[   57.5905] open name host:/livepad.bin flag 1 data 41378
[   57.5916] open fd = -5
[   57.6055] open name host:/livepad.bin flag 1 data 41378
[   57.6069] open fd = -5
[   57.6200] open name host:/livepad.bin flag 1 data 41378
[   57.6212] open fd = -5
[   57.6342] open name host:/livepad.bin flag 1 data 41378
[   57.6354] open fd = -5
[   57.6646] open name host:/vehicles/veh-ravager000001-shadow.png flag 1 data 41378
[   57.6669] open fd = 256
[   57.6679] open name host:/vehicles/veh-ravager000001-shadow.png flag 1 data 41378
[   57.6699] open fd = 256
[   57.6746] open name host:/vehicles/veh-pica00000001-shadow.png flag 1 data 41378
[   57.6764] open fd = 256
[   57.6772] open name host:/vehicles/veh-pica00000001-shadow.png flag 1 data 41378
[   57.6791] open fd = 256
[   57.6914] open name host:/vehicles/veh-strix0000001-shadow.png flag 1 data 41378
[   57.6936] open fd = 256
[   57.6944] open name host:/vehicles/veh-strix0000001-shadow.png flag 1 data 41378
[   57.6962] open fd = 256
[   57.7090] open name host:/models/urban/procgen-procpain-district-workshop-xm2zm2.tmdl flag 1 data 41378
[   57.7117] open fd = 256
[   57.7222] open name host:/models/urban/Textures/district-facades.png flag 1 data 41378
[   57.7252] open fd = 256
[   57.7266] open name host:/models/urban/Textures/district-facades.png flag 1 data 41378
[   57.7293] open fd = 256
[   57.7554] open name host:/models/urban/procgen-procpain-district-workshop-xm2zm1.tmdl flag 1 data 41378
[   57.7583] open fd = 256
[   57.7618] open name host:/models/urban/procgen-procpain-district-workshop-xm2z0.tmdl flag 1 data 41378
[   57.7645] open fd = 256
[   57.7679] open name host:/models/urban/procgen-procpain-district-workshop-xm2z1.tmdl flag 1 data 41378
[   57.7706] open fd = 256
[   57.7733] open name host:/models/urban/procgen-procpain-district-workshop-xm1zm1.tmdl flag 1 data 41378
[   57.7758] open fd = 256
[   57.7783] open name host:/models/urban/procgen-procpain-district-workshop-xm1z0.tmdl flag 1 data 41378
[   57.7811] open fd = 256
[   57.7836] open name host:/models/urban/procgen-procpain-district-workshop-xm1z1.tmdl flag 1 data 41378
[   57.7859] open fd = 256
[   57.7884] open name host:/models/urban/procgen-procpain-district-workshop-x0zm2.tmdl flag 1 data 41378
[   57.7910] open fd = 256
[   57.7938] open name host:/models/urban/procgen-procpain-district-workshop-x1zm2.tmdl flag 1 data 41378
[   57.7960] open fd = 256
[   57.7990] open name host:/models/urban/procgen-procpain-district-workshop-x1z0.tmdl flag 1 data 41378
[   57.8018] open fd = 256
[   57.8042] open name host:/models/urban/procgen-procpain-district-workshop-x1z1.tmdl flag 1 data 41378
[   57.8064] open fd = 256
[   57.8184] open name host:/models/urban/procgen-procpain-district-loft-xm2zm2.tmdl flag 1 data 41378
[   57.8215] open fd = 256
[   57.8251] open name host:/models/urban/procgen-procpain-district-loft-xm2zm1.tmdl flag 1 data 41378
[   57.8276] open fd = 256
[   57.8311] open name host:/models/urban/procgen-procpain-district-loft-xm2z0.tmdl flag 1 data 41378
[   57.8336] open fd = 256
[   57.8359] open name host:/models/urban/procgen-procpain-district-loft-xm2z1.tmdl flag 1 data 41378
[   57.8383] open fd = 256
[   57.8416] open name host:/models/urban/procgen-procpain-district-loft-xm1zm2.tmdl flag 1 data 41378
[   57.8440] open fd = 256
[   57.8476] open name host:/models/urban/procgen-procpain-district-loft-xm1zm1.tmdl flag 1 data 41378
[   57.8502] open fd = 256
[   57.8532] open name host:/models/urban/procgen-procpain-district-loft-xm1z0.tmdl flag 1 data 41378
[   57.8554] open fd = 256
[   57.8580] open name host:/models/urban/procgen-procpain-district-loft-x0zm2.tmdl flag 1 data 41378
[   57.8609] open fd = 256
[   57.8633] open name host:/models/urban/procgen-procpain-district-loft-x0zm1.tmdl flag 1 data 41378
[   57.8657] open fd = 256
[   57.8692] open name host:/models/urban/procgen-procpain-district-loft-x0z0.tmdl flag 1 data 41378
[   57.8718] open fd = 256
[   57.8745] open name host:/models/urban/procgen-procpain-district-loft-x0z1.tmdl flag 1 data 41378
[   57.8770] open fd = 256
[   57.8887] open name host:/models/urban/procgen-procpain-district-loft-x1zm2.tmdl flag 1 data 41378
[   57.8921] open fd = 256
[   57.8955] open name host:/models/urban/procgen-procpain-district-loft-x1zm1.tmdl flag 1 data 41378
[   57.8982] open fd = 256
[   57.9006] open name host:/models/urban/procgen-procpain-district-loft-x1z0.tmdl flag 1 data 41378
[   57.9031] open fd = 256
[   57.9055] open name host:/models/urban/procgen-procpain-district-loft-x1z1.tmdl flag 1 data 41378
[   57.9081] open fd = 256
[   57.9111] open name host:/models/urban/procgen-procpain-district-tower-xm2zm1.tmdl flag 1 data 41378
[   57.9136] open fd = 256
[   57.9173] open name host:/models/urban/procgen-procpain-district-tower-xm2z0.tmdl flag 1 data 41378
[   57.9198] open fd = 256
[   57.9233] open name host:/models/urban/procgen-procpain-district-tower-xm2z1.tmdl flag 1 data 41378
[   57.9257] open fd = 256
[   57.9281] open name host:/models/urban/procgen-procpain-district-tower-xm1zm2.tmdl flag 1 data 41378
[   57.9305] open fd = 256
[   57.9333] open name host:/models/urban/procgen-procpain-district-tower-xm1zm1.tmdl flag 1 data 41378
[   57.9357] open fd = 256
[   57.9380] open name host:/models/urban/procgen-procpain-district-tower-xm1z0.tmdl flag 1 data 41378
[   57.9403] open fd = 256
[   57.9427] open name host:/models/urban/procgen-procpain-district-tower-xm1z1.tmdl flag 1 data 41378
[   57.9452] open fd = 256
[   57.9603] open name host:/models/urban/procgen-procpain-district-tower-x0zm2.tmdl flag 1 data 41378
[   57.9630] open fd = 256
[   57.9656] open name host:/models/urban/procgen-procpain-district-tower-x0zm1.tmdl flag 1 data 41378
[   57.9684] open fd = 256
[   57.9726] open name host:/models/urban/procgen-procpain-district-tower-x0z0.tmdl flag 1 data 41378
[   57.9750] open fd = 256
[   57.9784] open name host:/models/urban/procgen-procpain-district-tower-x0z1.tmdl flag 1 data 41378
[   57.9810] open fd = 256
[   57.9839] open name host:/models/urban/procgen-procpain-district-tower-x1zm2.tmdl flag 1 data 41378
[   57.9864] open fd = 256
[   57.9889] open name host:/models/urban/procgen-procpain-district-tower-x1zm1.tmdl flag 1 data 41378
[   57.9911] open fd = 256
[   57.9939] open name host:/models/urban/procgen-procpain-district-tower-x1z0.tmdl flag 1 data 41378
[   57.9963] open fd = 256
[   57.9990] open name host:/models/urban/procgen-procpain-district-tower-x1z1.tmdl flag 1 data 41378
[   58.0014] open fd = 256
[   58.0044] open name host:/models/urban/procgen-procpain-tree-park-large-xm3zm2.tmdl flag 1 data 41378
[   58.0071] open fd = 256
[   58.0360] open name host:/models/urban/Textures/treeA.png flag 1 data 41378
[   58.0394] open fd = 256
[   58.0405] open name host:/models/urban/Textures/treeA.png flag 1 data 41378
[   58.0433] open fd = 256
[   58.0544] open name host:/models/urban/Textures/tiles.png flag 1 data 41378
[   58.0576] open fd = 256
[   58.0588] open name host:/models/urban/Textures/tiles.png flag 1 data 41378
[   58.0619] open fd = 256
[   58.0655] open name host:/models/urban/Textures/dirt.png flag 1 data 41378
[   58.0682] open fd = 256
[   58.0693] open name host:/models/urban/Textures/dirt.png flag 1 data 41378
[   58.0722] open fd = 256
[   58.0752] open name host:/models/urban/procgen-procpain-tree-park-large-xm3zm1.tmdl flag 1 data 41378
[   58.0775] open fd = 256
[   58.1066] open name host:/models/urban/procgen-procpain-tree-park-large-xm3z0.tmdl flag 1 data 41378
[   58.1092] open fd = 256
[   58.1292] open name host:/models/urban/procgen-procpain-tree-park-large-xm3z1.tmdl flag 1 data 41378
[   58.1323] open fd = 256
[   58.1603] open name host:/models/urban/procgen-procpain-tree-park-large-xm2zm3.tmdl flag 1 data 41378
[   58.1628] open fd = 256
[   58.1706] open name host:/models/urban/procgen-procpain-tree-park-large-xm2zm2.tmdl flag 1 data 41378
[   58.1730] open fd = 256
[   58.1947] open name host:/models/urban/procgen-procpain-tree-park-large-xm2zm1.tmdl flag 1 data 41378
[   58.1975] open fd = 256
[   58.2163] open name host:/models/urban/procgen-procpain-tree-park-large-xm2z0.tmdl flag 1 data 41378
[   58.2188] open fd = 256
[   58.2457] open name host:/models/urban/procgen-procpain-tree-park-large-xm2z2.tmdl flag 1 data 41378
[   58.2485] open fd = 256
[   58.2568] open name host:/models/urban/procgen-procpain-tree-park-large-xm1zm3.tmdl flag 1 data 41378
[   58.2594] open fd = 256
[   58.2864] open name host:/models/urban/procgen-procpain-tree-park-large-xm1zm2.tmdl flag 1 data 41378
[   58.2889] open fd = 256
[   58.3334] open name host:/models/urban/procgen-procpain-tree-park-large-xm1z0.tmdl flag 1 data 41378
[   58.3361] open fd = 256
[   58.3437] open name host:/models/urban/procgen-procpain-tree-park-large-xm1z1.tmdl flag 1 data 41378
[   58.3460] open fd = 256
[   58.3773] open name host:/models/urban/procgen-procpain-tree-park-large-xm1z2.tmdl flag 1 data 41378
[   58.3800] open fd = 256
[   58.4171] open name host:/models/urban/procgen-procpain-tree-park-large-x0zm3.tmdl flag 1 data 41378
[   58.4201] open fd = 256
[   58.4602] open name host:/models/urban/procgen-procpain-tree-park-large-x0zm2.tmdl flag 1 data 41378
[   58.4627] open fd = 256
[   58.4895] open name host:/models/urban/procgen-procpain-tree-park-large-x0zm1.tmdl flag 1 data 41378
[   58.4923] open fd = 256
[   58.5075] open name host:/models/urban/procgen-procpain-tree-park-large-x0z0.tmdl flag 1 data 41378
[   58.5101] open fd = 256
[   58.5181] open name host:/models/urban/procgen-procpain-tree-park-large-x0z1.tmdl flag 1 data 41378
[   58.5207] open fd = 256
[   58.5472] open name host:/models/urban/procgen-procpain-tree-park-large-x0z2.tmdl flag 1 data 41378
[   58.5501] open fd = 256
[   58.5938] open name host:/models/urban/procgen-procpain-tree-park-large-x1zm3.tmdl flag 1 data 41378
[   58.5965] open fd = 256
[   58.6057] open name host:/models/urban/procgen-procpain-tree-park-large-x1zm2.tmdl flag 1 data 41378
[   58.6082] open fd = 256
[   58.6402] open name host:/models/urban/procgen-procpain-tree-park-large-x1zm1.tmdl flag 1 data 41378
[   58.6427] open fd = 256
[   58.6508] open name host:/models/urban/procgen-procpain-tree-park-large-x1z0.tmdl flag 1 data 41378
[   58.6533] open fd = 256
[   58.6690] open name host:/models/urban/procgen-procpain-tree-park-large-x1z1.tmdl flag 1 data 41378
[   58.6718] open fd = 256
[   58.7040] open name host:/models/urban/procgen-procpain-tree-park-large-x1z2.tmdl flag 1 data 41378
[   58.7068] open fd = 256
[   58.7213] open name host:/models/urban/procgen-procpain-tree-park-large-x2zm2.tmdl flag 1 data 41378
[   58.7242] open fd = 256
[   58.7636] open name host:/models/urban/procgen-procpain-tree-park-large-x2zm1.tmdl flag 1 data 41378
[   58.7662] open fd = 256
[   58.7989] open name host:/models/urban/procgen-procpain-tree-park-large-x2z0.tmdl flag 1 data 41378
[   58.8019] open fd = 256
[   58.8150] open name host:/models/urban/procgen-procpain-tree-park-large-x2z1.tmdl flag 1 data 41378
[   58.8177] open fd = 256
[   58.8375] open name host:/models/urban/procgen-procpain-tree-park-pine-large-xm3zm2.tmdl flag 1 data 41378
[   58.8400] open fd = 256
[   58.8536] open name host:/models/urban/Textures/treeB.png flag 1 data 41378
[   58.8566] open fd = 256
[   58.8576] open name host:/models/urban/Textures/treeB.png flag 1 data 41378
[   58.8604] open fd = 256
[   58.8719] open name host:/models/urban/procgen-procpain-tree-park-pine-large-xm3zm1.tmdl flag 1 data 41378
[   58.8745] open fd = 256
[   58.8880] open name host:/models/urban/procgen-procpain-tree-park-pine-large-xm3z0.tmdl flag 1 data 41378
[   58.8908] open fd = 256
[   58.9031] open name host:/models/urban/procgen-procpain-tree-park-pine-large-xm3z1.tmdl flag 1 data 41378
[   58.9058] open fd = 256
[   58.9221] open name host:/models/urban/procgen-procpain-tree-park-pine-large-xm3z2.tmdl flag 1 data 41378
[   58.9247] open fd = 256
[   58.9384] open name host:/models/urban/procgen-procpain-tree-park-pine-large-xm2zm3.tmdl flag 1 data 41378
[   58.9410] open fd = 256
[   58.9670] open name host:/models/urban/procgen-procpain-tree-park-pine-large-xm2zm2.tmdl flag 1 data 41378
[   58.9698] open fd = 256
[   58.9956] open name host:/models/urban/procgen-procpain-tree-park-pine-large-xm2z1.tmdl flag 1 data 41378
[   58.9984] open fd = 256
[   59.0346] open name host:/models/urban/procgen-procpain-tree-park-pine-large-xm2z2.tmdl flag 1 data 41378
[   59.0374] open fd = 256
[   59.0571] open name host:/models/urban/procgen-procpain-tree-park-pine-large-xm1zm3.tmdl flag 1 data 41378
[   59.0597] open fd = 256
[   59.0669] open name host:/models/urban/procgen-procpain-tree-park-pine-large-xm1zm2.tmdl flag 1 data 41378
[   59.0695] open fd = 256
[   59.0894] open name host:/models/urban/procgen-procpain-tree-park-pine-large-xm1zm1.tmdl flag 1 data 41378
[   59.0919] open fd = 256
[   59.0994] open name host:/models/urban/procgen-procpain-tree-park-pine-large-xm1z0.tmdl flag 1 data 41378
[   59.1023] open fd = 256
[   59.1223] open name host:/models/urban/procgen-procpain-tree-park-pine-large-xm1z1.tmdl flag 1 data 41378
[   59.1250] open fd = 256
[   59.1323] open name host:/models/urban/procgen-procpain-tree-park-pine-large-xm1z2.tmdl flag 1 data 41378
[   59.1347] open fd = 256
[   59.1423] open name host:/models/urban/procgen-procpain-tree-park-pine-large-x0zm3.tmdl flag 1 data 41378
[   59.1446] open fd = 256
[   59.1529] open name host:/models/urban/procgen-procpain-tree-park-pine-large-x0zm2.tmdl flag 1 data 41378
[   59.1554] open fd = 256
[   59.1853] open name host:/models/urban/procgen-procpain-tree-park-pine-large-x0zm1.tmdl flag 1 data 41378
[   59.1883] open fd = 256
[   59.1958] open name host:/models/urban/procgen-procpain-tree-park-pine-large-x0z0.tmdl flag 1 data 41378
[   59.1989] open fd = 256
[   59.2061] open name host:/models/urban/procgen-procpain-tree-park-pine-large-x0z1.tmdl flag 1 data 41378
[   59.2087] open fd = 256
[   59.2310] open name host:/models/urban/procgen-procpain-tree-park-pine-large-x0z2.tmdl flag 1 data 41378
[   59.2337] open fd = 256
[   59.2421] open name host:/models/urban/procgen-procpain-tree-park-pine-large-x1zm3.tmdl flag 1 data 41378
[   59.2454] open fd = 256
[   59.2825] open name host:/models/urban/procgen-procpain-tree-park-pine-large-x1zm2.tmdl flag 1 data 41378
[   59.2852] open fd = 256
[   59.2983] open name host:/models/urban/procgen-procpain-tree-park-pine-large-x1z1.tmdl flag 1 data 41378
[   59.3012] open fd = 256
[   59.3218] open name host:/models/urban/procgen-procpain-tree-park-pine-large-x1z2.tmdl flag 1 data 41378
[   59.3243] open fd = 256
[   59.3366] open name host:/models/urban/procgen-procpain-tree-park-pine-large-x2zm3.tmdl flag 1 data 41378
[   59.3391] open fd = 256
[   59.3462] open name host:/models/urban/procgen-procpain-tree-park-pine-large-x2zm2.tmdl flag 1 data 41378
[   59.3488] open fd = 256
[   59.3627] open name host:/models/urban/procgen-procpain-tree-park-pine-large-x2zm1.tmdl flag 1 data 41378
[   59.3651] open fd = 256
[   59.3808] open name host:/models/urban/procgen-procpain-tree-park-pine-large-x2z0.tmdl flag 1 data 41378
[   59.3837] open fd = 256
[   59.3971] open name host:/models/urban/procgen-procpain-tree-park-pine-large-x2z1.tmdl flag 1 data 41378
[   59.3998] open fd = 256
[   59.4287] open name host:/models/urban/procgen-procpain-tree-park-pine-large-x2z2.tmdl flag 1 data 41378
[   59.4315] open fd = 256
[   59.4396] open name host:/vehicles/veh-pica00000001-body.tmdl flag 1 data 41378
[   59.4415] open fd = 256
[   59.5518] open name host:/vehicles/veh-pica00000001-palette.png flag 1 data 41378
[   59.5540] open fd = 256
[   59.5548] open name host:/vehicles/veh-pica00000001-palette.png flag 1 data 41378
[   59.5566] open fd = 256
[   59.5664] open name host:/vehicles/veh-pica00000001-palette-image-0.png flag 1 data 41378
[   59.5687] open fd = 256
[   59.5697] open name host:/vehicles/veh-pica00000001-palette-image-0.png flag 1 data 41378
[   59.5719] open fd = 256
[   59.5904] open name host:/vehicles/veh-strix0000001-body.tmdl flag 1 data 41378
[   59.5925] open fd = 256
[   59.7117] open name host:/vehicles/veh-strix0000001-palette.png flag 1 data 41378
[   59.7138] open fd = 256
[   59.7147] open name host:/vehicles/veh-strix0000001-palette.png flag 1 data 41378
[   59.7165] open fd = 256
[   59.7252] open name host:/vehicles/veh-strix0000001-palette-image-0.png flag 1 data 41378
[   59.7273] open fd = 256
[   59.7282] open name host:/vehicles/veh-strix0000001-palette-image-0.png flag 1 data 41378
[   59.7303] open fd = 256
[   59.8835] open name host:/vehicles/fx-skid.png flag 1 data 41378
[   59.8859] open fd = 256
[   59.8867] open name host:/vehicles/fx-skid.png flag 1 data 41378
[   59.8886] open fd = 256
[   59.9026] open name host:/vehicles/fx-smoke.png flag 1 data 41378
[   59.9047] open fd = 256
[   59.9056] open name host:/vehicles/fx-smoke.png flag 1 data 41378
[   59.9075] open fd = 256
[   59.9115] open name host:/log.txt flag 302 data 41378
[   59.9131] open fd = 256
[   59.9146] open name host:/vehicles/veh-ravager000001-wheel.tmdl flag 1 data 41378
[   59.9166] open fd = 256
[   59.9241] open name host:/vehicles/veh-ravager000001-wheelfast.tmdl flag 1 data 41378
[   59.9261] open fd = 256
[   59.9324] open name host:/log.txt flag 302 data 41378
[   59.9338] open fd = 256
[   59.9351] open name host:/vehicles/veh-pica00000001-wheel.tmdl flag 1 data 41378
[   59.9370] open fd = 256
[   59.9525] open name host:/vehicles/veh-pica00000001-wheelfast.tmdl flag 1 data 41378
[   59.9548] open fd = 256
[   59.9610] open name host:/log.txt flag 302 data 41378
[   59.9625] open fd = 256
[   59.9639] open name host:/vehicles/veh-strix0000001-wheel.tmdl flag 1 data 41378
[   59.9661] open fd = 256
[   59.9735] open name host:/vehicles/veh-strix0000001-wheelfast.tmdl flag 1 data 41378
[   59.9753] open fd = 256
[   59.9898] open name host:/log.txt flag 302 data 41378
[   59.9915] open fd = 256
[   59.9932] open name host:/log.txt flag 302 data 41378
[   59.9948] open fd = 256
[   59.9965] open name host:/log.txt flag 302 data 41378
[   59.9980] open fd = 256
[   60.0662] open name host:/log.txt flag 302 data 41378
[   60.0680] open fd = 256
[   60.0717] open name host:/log.txt flag 302 data 41378
[   60.0734] open fd = 256
[   60.0749] open name host:/log.txt flag 302 data 41378
[   60.0763] open fd = 256
[   60.0873] open name host:/log.txt flag 302 data 41378
[   60.0891] open fd = 256
[   60.0914] open name host:/log.txt flag 302 data 41378
[   60.0932] open fd = 256
[   60.0954] open name host:/log.txt flag 302 data 41378
[   60.0973] open fd = 256
[   60.0995] open name host:/log.txt flag 302 data 41378
[   60.1012] open fd = 256
[   60.1035] open name host:/log.txt flag 302 data 41378
[   60.1056] open fd = 256
[   60.1075] open name host:/log.txt flag 302 data 41378
[   60.1169] open fd = 256
[   60.1193] open name host:/log.txt flag 302 data 41378
[   60.1213] open fd = 256
[   60.1232] open name host:/log.txt flag 302 data 41378
[   60.1249] open fd = 256
[   60.1264] open name host:/log.txt flag 302 data 41378
[   60.1279] open fd = 256
[   60.1297] open name host:/log.txt flag 302 data 41378
[   60.1313] open fd = 256
[   60.1331] open name host:/log.txt flag 302 data 41378
[   60.1346] open fd = 256
[   60.1362] open name host:/log.txt flag 302 data 41378
[   60.1377] open fd = 256
[   60.1395] open name host:/log.txt flag 302 data 41378
[   60.1413] open fd = 256
[   60.1428] open name host:/log.txt flag 302 data 41378
[   60.1444] open fd = 256
[   60.1458] open name host:/log.txt flag 302 data 41378
[   60.1473] open fd = 256
[   60.1488] open name host:/log.txt flag 302 data 41378
[   60.1504] open fd = 256
[   60.1596] open name host:/log.txt flag 302 data 41378
[   60.1617] open fd = 256
[   60.1635] open name host:/log.txt flag 302 data 41378
[   60.1652] open fd = 256
[   60.1666] open name host:/log.txt flag 302 data 41378
[   60.1680] open fd = 256
[   60.1695] open name host:/log.txt flag 302 data 41378
[   60.1710] open fd = 256
[   60.1724] open name host:/log.txt flag 302 data 41378
[   60.1739] open fd = 256
[   60.1752] open name host:/log.txt flag 302 data 41378
[   60.1768] open fd = 256
[   60.1869] open name host:/log.txt flag 302 data 41378
[   60.1885] open fd = 256
[   60.1904] open name host:/log.txt flag 302 data 41378
[   60.1920] open fd = 256
[   60.1936] open name host:/log.txt flag 302 data 41378
[   60.1950] open fd = 256
[   60.2220] open name host:/livepad.bin flag 1 data 41378
[   60.2232] open fd = -5
[   60.2233] LOG: SKYMOTION scene=2 generation=3 stage=2 enabled=1
[   60.2234] open name host:/livedbg.cmd flag 1 data 41378
[   60.2243] open fd = -5
[   60.2246] open name host:/log.txt flag 302 data 41378
[   60.2260] open fd = 256
[   60.2410] open name host:/livepad.bin flag 1 data 41378
[   60.2424] open fd = -5
[   60.2552] open name host:/livepad.bin flag 1 data 41378
[   60.2565] open fd = -5
[   60.2693] open name host:/livepad.bin flag 1 data 41378
[   60.2703] open fd = -5
[   60.2834] open name host:/livepad.bin flag 1 data 41378
[   60.2849] open fd = -5
[   60.3005] open name host:/livepad.bin flag 1 data 41378
[   60.3019] open fd = -5
[   60.3175] open name host:/livepad.bin flag 1 data 41378
[   60.3188] open fd = -5
[   60.3189] open name host:/livedbg.cmd flag 1 data 41378
[   60.3200] open fd = -5
[   60.3338] open name host:/livepad.bin flag 1 data 41378
[   60.3351] open fd = -5
[   60.3498] open name host:/livepad.bin flag 1 data 41378
[   60.3512] open fd = -5
[   60.3671] open name host:/livepad.bin flag 1 data 41378
[   60.3683] open fd = -5
[   60.3838] open name host:/livepad.bin flag 1 data 41378
[   60.3850] open fd = -5
[   60.4001] open name host:/livepad.bin flag 1 data 41378
[   60.4013] open fd = -5
[   60.4168] open name host:/livepad.bin flag 1 data 41378
[   60.4181] open fd = -5
[   60.4182] open name host:/livedbg.cmd flag 1 data 41378
[   60.4193] open fd = -5
[   60.4336] open name host:/livepad.bin flag 1 data 41378
[   60.4349] open fd = -5
[   60.4507] open name host:/livepad.bin flag 1 data 41378
[   60.4519] open fd = -5
[   60.4676] open name host:/livepad.bin flag 1 data 41378
[   60.4687] open fd = -5
[   60.4890] open name host:/livepad.bin flag 1 data 41378
[   60.4902] open fd = -5
[   60.5029] open name host:/livepad.bin flag 1 data 41378
[   60.5043] open fd = -5
[   60.5170] open name host:/livepad.bin flag 1 data 41378
[   60.5182] open fd = -5
[   60.5184] open name host:/livedbg.cmd flag 1 data 41378
[   60.5196] open fd = -5
[   60.5341] open name host:/livepad.bin flag 1 data 41378
[   60.5352] open fd = -5
[   60.5512] open name host:/livepad.bin flag 1 data 41378
[   60.5524] open fd = -5
[   60.5669] open name host:/livepad.bin flag 1 data 41378
[   60.5680] open fd = -5
[   60.5841] open name host:/livepad.bin flag 1 data 41378
[   60.5853] open fd = -5
[   60.6002] open name host:/livepad.bin flag 1 data 41378
[   60.6014] open fd = -5
[   60.6177] open name host:/livepad.bin flag 1 data 41378
[   60.6190] open fd = -5
[   60.6191] open name host:/livedbg.cmd flag 1 data 41378
[   60.6201] open fd = -5
[   60.6338] open name host:/livepad.bin flag 1 data 41378
[   60.6349] open fd = -5
[   60.6506] open name host:/livepad.bin flag 1 data 41378
[   60.6518] open fd = -5
[   60.6668] open name host:/livepad.bin flag 1 data 41378
[   60.6679] open fd = -5
[   60.6839] open name host:/livepad.bin flag 1 data 41378
[   60.6850] open fd = -5
[   60.7007] open name host:/livepad.bin flag 1 data 41378
[   60.7019] open fd = -5
[   60.7174] open name host:/livepad.bin flag 1 data 41378
[   60.7187] open fd = -5
[   60.7188] open name host:/livedbg.cmd flag 1 data 41378
[   60.7197] open fd = -5
[   60.7338] open name host:/livepad.bin flag 1 data 41378
[   60.7350] open fd = -5
[   60.7508] open name host:/livepad.bin flag 1 data 41378
[   60.7521] open fd = -5
[   60.7681] FRAMEARENA frames=2520 peak=1048400 resets=4 fallbacks=0 maxFrameBytes=2731360 maxBorrowed=2045696 freeKiB=12421
[   60.7683] NATIVEVIF frames=2520 batches=2524
[   60.7683] ORDEREDFRAME frames=2520 splitFrames=3
[   60.7684] FRAMEPIPELINE starts=2520 dmaBusyStarts=2
[   60.7686] open name host:/livepad.bin flag 1 data 41378
[   60.7698] open fd = -5
[   60.7845] open name host:/livepad.bin flag 1 data 41378
[   60.7859] open fd = -5
[   60.8006] open name host:/livepad.bin flag 1 data 41378
[   60.8020] open fd = -5
[   60.8174] open name host:/livepad.bin flag 1 data 41378
[   60.8187] open fd = -5
[   60.8187] open name host:/livedbg.cmd flag 1 data 41378
[   60.8198] open fd = -5
[   60.8227] open name host:/log.txt flag 302 data 41378
[   60.8243] open fd = 256
[   60.8839] open name host:/log.txt flag 302 data 41378
[   60.8859] open fd = 256
[   61.1688] open name host:/livepad.bin flag 1 data 41378
[   61.1702] open fd = -5
[   61.1995] open name host:/livepad.bin flag 1 data 41378
[   61.2015] open fd = -5
[   61.2343] open name host:/livepad.bin flag 1 data 41378
[   61.2355] open fd = -5
[   61.2541] open name host:/livepad.bin flag 1 data 41378
[   61.2553] open fd = -5
[   61.2840] open name host:/livepad.bin flag 1 data 41378
[   61.2855] open fd = -5
[   61.3037] open name host:/livepad.bin flag 1 data 41378
[   61.3050] open fd = -5
[   61.3052] open name host:/livedbg.cmd flag 1 data 41378
[   61.3064] open fd = -5
[   61.3345] open name host:/livepad.bin flag 1 data 41378
[   61.3357] open fd = -5
[   61.3544] open name host:/livepad.bin flag 1 data 41378
[   61.3556] open fd = -5
[   61.3840] open name host:/livepad.bin flag 1 data 41378
[   61.3852] open fd = -5
[   61.4040] open name host:/livepad.bin flag 1 data 41378
[   61.4055] open fd = -5
[   61.4339] open name host:/livepad.bin flag 1 data 41378
[   61.4352] open fd = -5
[   61.4541] open name host:/livepad.bin flag 1 data 41378
[   61.4554] open fd = -5
[   61.4556] open name host:/livedbg.cmd flag 1 data 41378
[   61.4565] open fd = -5
[   61.4843] open name host:/livepad.bin flag 1 data 41378
[   61.4855] open fd = -5
[   61.4859] LOG: SKYWARM scene=2 generation=3 count=504 check=2340
[   61.5037] open name host:/livepad.bin flag 1 data 41378
[   61.5050] open fd = -5
[   61.5344] open name host:/livepad.bin flag 1 data 41378
[   61.5358] open fd = -5
[   61.5574] open name host:/livepad.bin flag 1 data 41378
[   61.5586] open fd = -5
[   61.5864] open name host:/livepad.bin flag 1 data 41378
[   61.5876] open fd = -5
[   61.6048] open name host:/livepad.bin flag 1 data 41378
[   61.6060] open fd = -5
[   61.6061] open name host:/livedbg.cmd flag 1 data 41378
[   61.6071] open fd = -5
[   61.6353] open name host:/livepad.bin flag 1 data 41378
[   61.6364] open fd = -5
[   61.6548] open name host:/livepad.bin flag 1 data 41378
[   61.6559] open fd = -5
[   61.6839] open name host:/livepad.bin flag 1 data 41378
[   61.6850] open fd = -5
[   61.7036] open name host:/livepad.bin flag 1 data 41378
[   61.7046] open fd = -5
[   61.7341] open name host:/livepad.bin flag 1 data 41378
[   61.7353] open fd = -5
[   61.7546] open name host:/livepad.bin flag 1 data 41378
[   61.7556] open fd = -5
[   61.7558] open name host:/livedbg.cmd flag 1 data 41378
[   61.7566] open fd = -5
[   61.7845] open name host:/livepad.bin flag 1 data 41378
[   61.7858] open fd = -5
[   61.8060] open name host:/livepad.bin flag 1 data 41378
[   61.8074] open fd = -5
[   61.8342] open name host:/livepad.bin flag 1 data 41378
[   61.8356] open fd = -5
[   61.8545] open name host:/livepad.bin flag 1 data 41378
[   61.8558] open fd = -5
[   61.8850] open name host:/livepad.bin flag 1 data 41378
[   61.8863] open fd = -5
[   61.9043] open name host:/livepad.bin flag 1 data 41378
[   61.9054] open fd = -5
[   61.9058] open name host:/livedbg.cmd flag 1 data 41378
[   61.9068] open fd = -5
[   61.9340] open name host:/livepad.bin flag 1 data 41378
[   61.9353] open fd = -5
[   61.9544] open name host:/livepad.bin flag 1 data 41378
[   61.9557] open fd = -5
[   61.9849] open name host:/livepad.bin flag 1 data 41378
[   61.9863] open fd = -5
[   62.0039] open name host:/livepad.bin flag 1 data 41378
[   62.0053] open fd = -5
[   62.0348] open name host:/livepad.bin flag 1 data 41378
[   62.0362] open fd = -5
[   62.0555] open name host:/livepad.bin flag 1 data 41378
[   62.0569] open fd = -5
[   62.0573] open name host:/livedbg.cmd flag 1 data 41378
[   62.0583] open fd = -5
[   62.0848] open name host:/livepad.bin flag 1 data 41378
[   62.0860] open fd = -5
[   62.1046] open name host:/livepad.bin flag 1 data 41378
[   62.1059] open fd = -5
[   62.1351] open name host:/livepad.bin flag 1 data 41378
[   62.1365] open fd = -5
[   62.1547] open name host:/livepad.bin flag 1 data 41378
[   62.1560] open fd = -5
[   62.1849] open name host:/livepad.bin flag 1 data 41378
[   62.1861] open fd = -5
[   62.2045] open name host:/livepad.bin flag 1 data 41378
[   62.2057] open fd = -5
[   62.2060] open name host:/livedbg.cmd flag 1 data 41378
[   62.2069] open fd = -5
[   62.2344] open name host:/livepad.bin flag 1 data 41378
[   62.2360] open fd = -5
[   62.2547] open name host:/livepad.bin flag 1 data 41378
[   62.2560] open fd = -5
[   62.2850] open name host:/livepad.bin flag 1 data 41378
[   62.2866] open fd = -5
[   62.3052] open name host:/livepad.bin flag 1 data 41378
[   62.3064] open fd = -5
[   62.3344] open name host:/livepad.bin flag 1 data 41378
[   62.3357] open fd = -5
[   62.3548] open name host:/livepad.bin flag 1 data 41378
[   62.3559] open fd = -5
[   62.3562] open name host:/livedbg.cmd flag 1 data 41378
[   62.3572] open fd = -5
[   62.3848] open name host:/livepad.bin flag 1 data 41378
[   62.3861] open fd = -5
[   62.3880] open name host:/log.txt flag 302 data 41378
[   62.3899] open fd = 256
[   62.4054] open name host:/livepad.bin flag 1 data 41378
[   62.4068] open fd = -5
[   62.4346] open name host:/livepad.bin flag 1 data 41378
[   62.4360] open fd = -5
[   62.4546] open name host:/livepad.bin flag 1 data 41378
[   62.4559] open fd = -5
[   62.4853] open name host:/livepad.bin flag 1 data 41378
[   62.4865] open fd = -5
[   62.5047] open name host:/livepad.bin flag 1 data 41378
[   62.5059] open fd = -5
[   62.5061] open name host:/livedbg.cmd flag 1 data 41378
[   62.5072] open fd = -5
[   62.5353] open name host:/livepad.bin flag 1 data 41378
[   62.5366] open fd = -5
[   62.5547] open name host:/livepad.bin flag 1 data 41378
[   62.5562] open fd = -5
[   62.5847] open name host:/livepad.bin flag 1 data 41378
[   62.5860] open fd = -5
[   62.6052] open name host:/livepad.bin flag 1 data 41378
[   62.6065] open fd = -5
[   62.6349] open name host:/livepad.bin flag 1 data 41378
[   62.6364] open fd = -5
[   62.6557] open name host:/livepad.bin flag 1 data 41378
[   62.6570] open fd = -5
[   62.6573] open name host:/livedbg.cmd flag 1 data 41378
[   62.6582] open fd = -5
[   62.6727] open name host:/livepad.bin flag 1 data 41378
[   62.6738] open fd = -5
[   62.6882] open name host:/livepad.bin flag 1 data 41378
[   62.6893] open fd = -5
[   62.7048] open name host:/livepad.bin flag 1 data 41378
[   62.7062] open fd = -5
[   62.7213] open name host:/livepad.bin flag 1 data 41378
[   62.7226] open fd = -5
[   62.7378] open name host:/livepad.bin flag 1 data 41378
[   62.7389] open fd = -5
[   62.7549] open name host:/livepad.bin flag 1 data 41378
[   62.7561] open fd = -5
[   62.7563] open name host:/livedbg.cmd flag 1 data 41378
[   62.7572] open fd = -5
[   62.7728] open name host:/livepad.bin flag 1 data 41378
[   62.7739] open fd = -5
[   62.7898] open name host:/livepad.bin flag 1 data 41378
[   62.7911] open fd = -5
[   62.8079] open name host:/livepad.bin flag 1 data 41378
[   62.8096] open fd = -5
[   62.8239] open name host:/livepad.bin flag 1 data 41378
[   62.8255] open fd = -5
[   62.8411] open name host:/livepad.bin flag 1 data 41378
[   62.8425] open fd = -5
[   62.8573] open name host:/livepad.bin flag 1 data 41378
[   62.8589] open fd = -5
[   62.8592] open name host:/livedbg.cmd flag 1 data 41378
[   62.8607] open fd = -5
[   62.8790] open name host:/livepad.bin flag 1 data 41378
[   62.8804] open fd = -5
[   62.8810] LOG: SKYORACLE scene=2 generation=3 count=504 equal=1 check=2400 bboxBefore=11492
[   62.8962] open name host:/livepad.bin flag 1 data 41378
[   62.8975] open fd = -5
[   62.9245] open name host:/livepad.bin flag 1 data 41378
[   62.9258] open fd = -5
[   62.9426] open name host:/livepad.bin flag 1 data 41378
[   62.9439] open fd = -5
[   62.9705] open name host:/livepad.bin flag 1 data 41378
[   62.9718] open fd = -5
[   62.9887] open name host:/livepad.bin flag 1 data 41378
[   62.9902] open fd = -5
[   62.9904] open name host:/livedbg.cmd flag 1 data 41378
[   62.9914] open fd = -5
[   63.0188] open name host:/livepad.bin flag 1 data 41378
[   63.0203] open fd = -5
[   63.0381] open name host:/livepad.bin flag 1 data 41378
[   63.0395] open fd = -5
[   63.0688] open name host:/livepad.bin flag 1 data 41378
[   63.0702] open fd = -5
[   63.0887] open name host:/livepad.bin flag 1 data 41378
[   63.0900] open fd = -5
[   63.1191] open name host:/livepad.bin flag 1 data 41378
[   63.1205] open fd = -5
[   63.1398] open name host:/livepad.bin flag 1 data 41378
[   63.1411] open fd = -5
[   63.1414] open name host:/livedbg.cmd flag 1 data 41378
[   63.1424] open fd = -5
[   63.1695] open name host:/livepad.bin flag 1 data 41378
[   63.1711] open fd = -5
[   63.1888] open name host:/livepad.bin flag 1 data 41378
[   63.1899] open fd = -5
[   63.2191] open name host:/livepad.bin flag 1 data 41378
[   63.2204] open fd = -5
[   63.2396] open name host:/livepad.bin flag 1 data 41378
[   63.2409] open fd = -5
[   63.2693] open name host:/livepad.bin flag 1 data 41378
[   63.2707] open fd = -5
[   63.2897] open name host:/livepad.bin flag 1 data 41378
[   63.2910] open fd = -5
[   63.2911] open name host:/livedbg.cmd flag 1 data 41378
[   63.2923] open fd = -5
[   63.3194] open name host:/livepad.bin flag 1 data 41378
[   63.3207] open fd = -5
[   63.3402] open name host:/livepad.bin flag 1 data 41378
[   63.3415] open fd = -5
[   63.3692] open name host:/livepad.bin flag 1 data 41378
[   63.3707] open fd = -5
[   63.3888] open name host:/livepad.bin flag 1 data 41378
[   63.3902] open fd = -5
[   63.4189] open name host:/livepad.bin flag 1 data 41378
[   63.4204] open fd = -5
[   63.4216] open name host:/log.txt flag 302 data 41378
[   63.4237] open fd = 256
[   63.4259] open name host:/log.txt flag 302 data 41378
[   63.4275] open fd = 256
[   63.4425] open name host:/livepad.bin flag 1 data 41378
[   63.4441] open fd = -5
[   63.4444] open name host:/livedbg.cmd flag 1 data 41378
[   63.4454] open fd = -5
[   63.4491] open name host:/log.txt flag 302 data 41378
[   63.4510] open fd = 256
[   63.4533] open name host:/log.txt flag 302 data 41378
[   63.4554] open fd = 256
[   63.4806] open name host:/livepad.bin flag 1 data 41378
[   63.4820] open fd = -5
[   63.4829] open name host:/log.txt flag 302 data 41378
[   63.4845] open fd = 256
[   63.4866] open name host:/log.txt flag 302 data 41378
[   63.4883] open fd = 256
[   63.5053] open name host:/livepad.bin flag 1 data 41378
[   63.5067] open fd = -5
[   63.5099] open name host:/log.txt flag 302 data 41378
[   63.5113] open fd = 256
[   63.5129] open name host:/log.txt flag 302 data 41378
[   63.5148] open fd = 256
[   63.5408] open name host:/livepad.bin flag 1 data 41378
[   63.5420] open fd = -5
[   63.5431] open name host:/log.txt flag 302 data 41378
[   63.5446] open fd = 256
[   63.5465] open name host:/log.txt flag 302 data 41378
[   63.5481] open fd = 256
[   63.5650] open name host:/livepad.bin flag 1 data 41378
[   63.5663] open fd = -5
[   63.5697] open name host:/log.txt flag 302 data 41378
[   63.5713] open fd = 256
[   63.5729] open name host:/log.txt flag 302 data 41378
[   63.5745] open fd = 256
[   63.5994] open name host:/livepad.bin flag 1 data 41378
[   63.6008] open fd = -5
[   63.6019] open name host:/log.txt flag 302 data 41378
[   63.6036] open fd = 256
[   63.6053] open name host:/log.txt flag 302 data 41378
[   63.6067] open fd = 256
[   63.6248] open name host:/livepad.bin flag 1 data 41378
[   63.6261] open fd = -5
[   63.6263] open name host:/livedbg.cmd flag 1 data 41378
[   63.6273] open fd = -5
[   63.6301] open name host:/log.txt flag 302 data 41378
[   63.6316] open fd = 256
[   63.6332] open name host:/log.txt flag 302 data 41378
[   63.6346] open fd = 256
[   63.6600] open name host:/livepad.bin flag 1 data 41378
[   63.6615] open fd = -5
[   63.6626] open name host:/log.txt flag 302 data 41378
[   63.6642] open fd = 256
[   63.6657] open name host:/log.txt flag 302 data 41378
[   63.6673] open fd = 256
[   63.6853] open name host:/livepad.bin flag 1 data 41378
[   63.6867] open fd = -5
[   63.6899] open name host:/log.txt flag 302 data 41378
[   63.6914] open fd = 256
[   63.6931] open name host:/log.txt flag 302 data 41378
[   63.6948] open fd = 256
[   63.7197] open name host:/livepad.bin flag 1 data 41378
[   63.7210] open fd = -5
[   63.7218] open name host:/log.txt flag 302 data 41378
[   63.7234] open fd = 256
[   63.7408] open name host:/livepad.bin flag 1 data 41378
[   63.7420] open fd = -5
[   63.7704] open name host:/livepad.bin flag 1 data 41378
[   63.7719] open fd = -5
[   63.7903] open name host:/livepad.bin flag 1 data 41378
[   63.7916] open fd = -5
[   63.7920] open name host:/livedbg.cmd flag 1 data 41378
[   63.7929] open fd = -5
[   63.8203] open name host:/livepad.bin flag 1 data 41378
[   63.8216] open fd = -5
[   63.8400] open name host:/livepad.bin flag 1 data 41378
[   63.8412] open fd = -5
[   63.8692] open name host:/livepad.bin flag 1 data 41378
[   63.8704] open fd = -5
[   63.8894] open name host:/livepad.bin flag 1 data 41378
[   63.8906] open fd = -5
[   63.9197] open name host:/livepad.bin flag 1 data 41378
[   63.9210] open fd = -5
[   63.9395] open name host:/livepad.bin flag 1 data 41378
[   63.9407] open fd = -5
[   63.9409] open name host:/livedbg.cmd flag 1 data 41378
[   63.9419] open fd = -5
[   63.9700] open name host:/livepad.bin flag 1 data 41378
[   63.9714] open fd = -5
[   63.9900] open name host:/livepad.bin flag 1 data 41378
[   63.9913] open fd = -5
[   64.0193] FRAMEARENA frames=2640 peak=1048400 resets=5 fallbacks=0 maxFrameBytes=2731360 maxBorrowed=2045696 freeKiB=6581
[   64.0195] NATIVEVIF frames=2640 batches=2645
[   64.0196] ORDEREDFRAME frames=2640 splitFrames=4
[   64.0197] FRAMEPIPELINE starts=2640 dmaBusyStarts=6
[   64.0198] open name host:/livepad.bin flag 1 data 41378
[   64.0211] open fd = -5
[   64.0402] open name host:/livepad.bin flag 1 data 41378
[   64.0415] open fd = -5
[   64.0702] open name host:/livepad.bin flag 1 data 41378
[   64.0715] open fd = -5
[   64.0900] open name host:/livepad.bin flag 1 data 41378
[   64.0915] open fd = -5
[   64.0918] open name host:/livedbg.cmd flag 1 data 41378
[   64.0930] open fd = -5
[   64.1204] open name host:/livepad.bin flag 1 data 41378
[   64.1216] open fd = -5
[   64.1398] open name host:/livepad.bin flag 1 data 41378
[   64.1410] open fd = -5
[   64.1705] open name host:/livepad.bin flag 1 data 41378
[   64.1718] open fd = -5
[   64.1912] open name host:/livepad.bin flag 1 data 41378
[   64.1924] open fd = -5
[   64.2202] open name host:/livepad.bin flag 1 data 41378
[   64.2217] open fd = -5
[   64.2402] open name host:/livepad.bin flag 1 data 41378
[   64.2413] open fd = -5
[   64.2415] open name host:/livedbg.cmd flag 1 data 41378
[   64.2425] open fd = -5
[   64.2708] open name host:/livepad.bin flag 1 data 41378
[   64.2722] open fd = -5
[   64.2913] open name host:/livepad.bin flag 1 data 41378
[   64.2930] open fd = -5
[   64.3202] open name host:/livepad.bin flag 1 data 41378
[   64.3216] open fd = -5
[   64.3400] open name host:/livepad.bin flag 1 data 41378
[   64.3416] open fd = -5
[   64.3707] open name host:/livepad.bin flag 1 data 41378
[   64.3724] open fd = -5
[   64.3908] open name host:/livepad.bin flag 1 data 41378
[   64.3924] open fd = -5
[   64.3926] open name host:/livedbg.cmd flag 1 data 41378
[   64.3939] open fd = -5
[   64.4205] open name host:/livepad.bin flag 1 data 41378
[   64.4218] open fd = -5
[   64.4222] LOG: SKYWARM scene=2 generation=3 count=504 check=2460
[   64.4400] open name host:/livepad.bin flag 1 data 41378
[   64.4412] open fd = -5
[   64.4698] open name host:/livepad.bin flag 1 data 41378
[   64.4714] open fd = -5
[   64.4902] open name host:/livepad.bin flag 1 data 41378
[   64.4914] open fd = -5
[   64.5212] open name host:/livepad.bin flag 1 data 41378
[   64.5228] open fd = -5
[   64.5408] open name host:/livepad.bin flag 1 data 41378
[   64.5419] open fd = -5
[   64.5422] open name host:/livedbg.cmd flag 1 data 41378
[   64.5430] open fd = -5
[   64.5711] open name host:/livepad.bin flag 1 data 41378
[   64.5727] open fd = -5
[   64.5920] open name host:/livepad.bin flag 1 data 41378
[   64.5933] open fd = -5
[   64.6218] open name host:/livepad.bin flag 1 data 41378
[   64.6231] open fd = -5
[   64.6405] open name host:/livepad.bin flag 1 data 41378
[   64.6418] open fd = -5
[   64.6704] open name host:/livepad.bin flag 1 data 41378
[   64.6716] open fd = -5
[   64.6909] open name host:/livepad.bin flag 1 data 41378
[   64.6923] open fd = -5
[   64.6925] open name host:/livedbg.cmd flag 1 data 41378
[   64.6934] open fd = -5
[   64.7205] open name host:/livepad.bin flag 1 data 41378
[   64.7218] open fd = -5
[   64.7404] open name host:/livepad.bin flag 1 data 41378
[   64.7416] open fd = -5
[   64.7711] open name host:/livepad.bin flag 1 data 41378
[   64.7724] open fd = -5
[   64.7904] open name host:/livepad.bin flag 1 data 41378
[   64.7916] open fd = -5
[   64.8209] open name host:/livepad.bin flag 1 data 41378
[   64.8221] open fd = -5
[   64.8405] open name host:/livepad.bin flag 1 data 41378
[   64.8416] open fd = -5
[   64.8418] open name host:/livedbg.cmd flag 1 data 41378
[   64.8428] open fd = -5
[   64.8708] open name host:/livepad.bin flag 1 data 41378
[   64.8720] open fd = -5
[   64.8906] open name host:/livepad.bin flag 1 data 41378
[   64.8920] open fd = -5
[   64.9204] open name host:/livepad.bin flag 1 data 41378
[   64.9217] open fd = -5
[   64.9410] open name host:/livepad.bin flag 1 data 41378
[   64.9422] open fd = -5
[   64.9705] open name host:/livepad.bin flag 1 data 41378
[   64.9720] open fd = -5
[   64.9905] open name host:/livepad.bin flag 1 data 41378
[   64.9916] open fd = -5
[   64.9918] open name host:/livedbg.cmd flag 1 data 41378
[   64.9927] open fd = -5
[   65.0206] open name host:/livepad.bin flag 1 data 41378
[   65.0220] open fd = -5
[   65.0410] open name host:/livepad.bin flag 1 data 41378
[   65.0425] open fd = -5
[   65.0711] open name host:/livepad.bin flag 1 data 41378
[   65.0724] open fd = -5
[   65.0911] open name host:/livepad.bin flag 1 data 41378
[   65.0923] open fd = -5
[   65.1211] open name host:/livepad.bin flag 1 data 41378
[   65.1225] open fd = -5
[   65.1408] open name host:/livepad.bin flag 1 data 41378
[   65.1422] open fd = -5
[   65.1424] open name host:/livedbg.cmd flag 1 data 41378
[   65.1433] open fd = -5
[   65.1713] open name host:/livepad.bin flag 1 data 41378
[   65.1726] open fd = -5
[   65.1907] open name host:/livepad.bin flag 1 data 41378
[   65.1922] open fd = -5
[   65.2211] open name host:/livepad.bin flag 1 data 41378
[   65.2224] open fd = -5
[   65.2408] open name host:/livepad.bin flag 1 data 41378
[   65.2419] open fd = -5
[   65.2716] open name host:/livepad.bin flag 1 data 41378
[   65.2729] open fd = -5
[   65.2912] open name host:/livepad.bin flag 1 data 41378
[   65.2925] open fd = -5
[   65.2928] open name host:/livedbg.cmd flag 1 data 41378
[   65.2938] open fd = -5
[   65.3211] open name host:/livepad.bin flag 1 data 41378
[   65.3225] open fd = -5
[   65.3406] open name host:/livepad.bin flag 1 data 41378
[   65.3421] open fd = -5
[   65.3717] open name host:/livepad.bin flag 1 data 41378
[   65.3731] open fd = -5
[   65.3914] open name host:/livepad.bin flag 1 data 41378
[   65.3928] open fd = -5
[   65.4085] open name host:/livepad.bin flag 1 data 41378
[   65.4098] open fd = -5
[   65.4256] open name host:/livepad.bin flag 1 data 41378
[   65.4268] open fd = -5
[   65.4271] open name host:/livedbg.cmd flag 1 data 41378
[   65.4280] open fd = -5
[   65.4549] open name host:/livepad.bin flag 1 data 41378
[   65.4563] open fd = -5
[   65.4742] open name host:/livepad.bin flag 1 data 41378
[   65.4755] open fd = -5
[   65.4917] open name host:/livepad.bin flag 1 data 41378
[   65.4930] open fd = -5
[   65.5097] open name host:/livepad.bin flag 1 data 41378
[   65.5110] open fd = -5
[   65.5288] open name host:/livepad.bin flag 1 data 41378
[   65.5303] open fd = -5
[   65.5467] open name host:/livepad.bin flag 1 data 41378
[   65.5481] open fd = -5
[   65.5484] open name host:/livedbg.cmd flag 1 data 41378
[   65.5496] open fd = -5
[   65.5779] open name host:/livepad.bin flag 1 data 41378
[   65.5792] open fd = -5
[   65.5949] open name host:/livepad.bin flag 1 data 41378
[   65.5963] open fd = -5
[   65.6256] open name host:/livepad.bin flag 1 data 41378
[   65.6268] open fd = -5
[   65.6416] open name host:/livepad.bin flag 1 data 41378
[   65.6429] open fd = -5
[   65.6719] open name host:/livepad.bin flag 1 data 41378
[   65.6735] open fd = -5
[   65.6928] open name host:/livepad.bin flag 1 data 41378
[   65.6942] open fd = -5
[   65.6945] open name host:/livedbg.cmd flag 1 data 41378
[   65.6955] open fd = -5
[   65.7119] open name host:/livepad.bin flag 1 data 41378
[   65.7135] open fd = -5
[   65.7302] open name host:/livepad.bin flag 1 data 41378
[   65.7317] open fd = -5
[   65.7480] open name host:/livepad.bin flag 1 data 41378
[   65.7492] open fd = -5
[   65.7651] open name host:/livepad.bin flag 1 data 41378
[   65.7662] open fd = -5
[   65.7816] open name host:/livepad.bin flag 1 data 41378
[   65.7829] open fd = -5
[   65.7988] open name host:/livepad.bin flag 1 data 41378
[   65.8002] open fd = -5
[   65.8004] open name host:/livedbg.cmd flag 1 data 41378
[   65.8013] open fd = -5
[   65.8271] open name host:/livepad.bin flag 1 data 41378
[   65.8284] open fd = -5
[   65.8291] LOG: SKYORACLE scene=2 generation=3 count=504 equal=1 check=2520 bboxBefore=11907
[   65.8454] open name host:/livepad.bin flag 1 data 41378
[   65.8468] open fd = -5
[   65.8616] open name host:/livepad.bin flag 1 data 41378
[   65.8630] open fd = -5
[   65.8788] open name host:/livepad.bin flag 1 data 41378
[   65.8804] open fd = -5
[   65.8956] open name host:/livepad.bin flag 1 data 41378
[   65.8968] open fd = -5
[   65.9125] open name host:/livepad.bin flag 1 data 41378
[   65.9140] open fd = -5
[   65.9142] open name host:/livedbg.cmd flag 1 data 41378
[   65.9151] open fd = -5
[   65.9413] open name host:/livepad.bin flag 1 data 41378
[   65.9428] open fd = -5
[   65.9443] open name host:/log.txt flag 302 data 41378
[   65.9458] open fd = 256
[   65.9614] open name host:/livepad.bin flag 1 data 41378
[   65.9626] open fd = -5
[   65.9777] open name host:/livepad.bin flag 1 data 41378
[   65.9789] open fd = -5
[   65.9950] open name host:/livepad.bin flag 1 data 41378
[   65.9963] open fd = -5
[   66.0122] open name host:/livepad.bin flag 1 data 41378
[   66.0135] open fd = -5
[   66.0293] open name host:/livepad.bin flag 1 data 41378
[   66.0306] open fd = -5
[   66.0310] open name host:/livedbg.cmd flag 1 data 41378
[   66.0321] open fd = -5
[   66.0483] open name host:/livepad.bin flag 1 data 41378
[   66.0495] open fd = -5
[   66.0656] open name host:/livepad.bin flag 1 data 41378
[   66.0670] open fd = -5
[   66.0825] open name host:/livepad.bin flag 1 data 41378
[   66.0837] open fd = -5
[   66.1001] open name host:/livepad.bin flag 1 data 41378
[   66.1013] open fd = -5
[   66.1170] open name host:/livepad.bin flag 1 data 41378
[   66.1183] open fd = -5
[   66.1349] open name host:/livepad.bin flag 1 data 41378
[   66.1363] open fd = -5
[   66.1365] open name host:/livedbg.cmd flag 1 data 41378
[   66.1375] open fd = -5
[   66.1528] open name host:/livepad.bin flag 1 data 41378
[   66.1542] open fd = -5
[   66.1704] open name host:/livepad.bin flag 1 data 41378
[   66.1715] open fd = -5
[   66.1874] open name host:/livepad.bin flag 1 data 41378
[   66.1886] open fd = -5
[   66.2040] open name host:/livepad.bin flag 1 data 41378
[   66.2052] open fd = -5
[   66.2204] open name host:/livepad.bin flag 1 data 41378
[   66.2216] open fd = -5
[   66.2377] open name host:/livepad.bin flag 1 data 41378
[   66.2391] open fd = -5
[   66.2393] open name host:/livedbg.cmd flag 1 data 41378
[   66.2402] open fd = -5
[   66.2661] open name host:/livepad.bin flag 1 data 41378
[   66.2674] open fd = -5
[   66.2834] open name host:/livepad.bin flag 1 data 41378
[   66.2846] open fd = -5
[   66.3003] open name host:/livepad.bin flag 1 data 41378
[   66.3018] open fd = -5
[   66.3177] open name host:/livepad.bin flag 1 data 41378
[   66.3190] open fd = -5
[   66.3456] open name host:/livepad.bin flag 1 data 41378
[   66.3469] open fd = -5
[   66.3628] open name host:/livepad.bin flag 1 data 41378
[   66.3642] open fd = -5
[   66.3644] open name host:/livedbg.cmd flag 1 data 41378
[   66.3652] open fd = -5
[   66.3912] open name host:/livepad.bin flag 1 data 41378
[   66.3927] open fd = -5
[   66.4086] open name host:/livepad.bin flag 1 data 41378
[   66.4100] open fd = -5
[   66.4249] open name host:/livepad.bin flag 1 data 41378
[   66.4262] open fd = -5
[   66.4422] open name host:/livepad.bin flag 1 data 41378
[   66.4434] open fd = -5
[   66.4593] open name host:/livepad.bin flag 1 data 41378
[   66.4605] open fd = -5
[   66.4771] open name host:/livepad.bin flag 1 data 41378
[   66.4782] open fd = -5
[   66.4784] open name host:/livedbg.cmd flag 1 data 41378
[   66.4793] open fd = -5
[   66.5055] open name host:/livepad.bin flag 1 data 41378
[   66.5069] open fd = -5
[   66.5262] open name host:/livepad.bin flag 1 data 41378
[   66.5275] open fd = -5
[   66.5428] open name host:/livepad.bin flag 1 data 41378
[   66.5440] open fd = -5
[   66.5604] open name host:/livepad.bin flag 1 data 41378
[   66.5617] open fd = -5
[   66.5772] open name host:/livepad.bin flag 1 data 41378
[   66.5784] open fd = -5
[   66.5939] open name host:/livepad.bin flag 1 data 41378
[   66.5952] open fd = -5
[   66.5954] open name host:/livedbg.cmd flag 1 data 41378
[   66.5966] open fd = -5
[   66.6118] open name host:/livepad.bin flag 1 data 41378
[   66.6131] open fd = -5
[   66.6297] open name host:/livepad.bin flag 1 data 41378
[   66.6310] open fd = -5
[   66.6469] FRAMEARENA frames=2760 peak=1048400 resets=5 fallbacks=0 maxFrameBytes=2731360 maxBorrowed=2045696 freeKiB=8110
[   66.6472] NATIVEVIF frames=2760 batches=2765
[   66.6474] ORDEREDFRAME frames=2760 splitFrames=4
[   66.6475] FRAMEPIPELINE starts=2760 dmaBusyStarts=21
[   66.6476] open name host:/livepad.bin flag 1 data 41378
[   66.6489] open fd = -5
[   66.6640] open name host:/livepad.bin flag 1 data 41378
[   66.6652] open fd = -5
[   66.6800] open name host:/livepad.bin flag 1 data 41378
[   66.6814] open fd = -5
[   66.6977] open name host:/livepad.bin flag 1 data 41378
[   66.6990] open fd = -5
[   66.6994] open name host:/livedbg.cmd flag 1 data 41378
[   66.7006] open fd = -5
[   66.7174] open name host:/livepad.bin flag 1 data 41378
[   66.7187] open fd = -5
[   66.7340] open name host:/livepad.bin flag 1 data 41378
[   66.7352] open fd = -5
[   66.7509] open name host:/livepad.bin flag 1 data 41378
[   66.7521] open fd = -5
[   66.7684] open name host:/livepad.bin flag 1 data 41378
[   66.7695] open fd = -5
[   66.7838] open name host:/livepad.bin flag 1 data 41378
[   66.7852] open fd = -5
[   66.8009] open name host:/livepad.bin flag 1 data 41378
[   66.8026] open fd = -5
[   66.8028] open name host:/livedbg.cmd flag 1 data 41378
[   66.8037] open fd = -5
[   66.8190] open name host:/livepad.bin flag 1 data 41378
[   66.8205] open fd = -5
[   66.8363] open name host:/livepad.bin flag 1 data 41378
[   66.8374] open fd = -5
[   66.8525] open name host:/livepad.bin flag 1 data 41378
[   66.8542] open fd = -5
[   66.8710] open name host:/livepad.bin flag 1 data 41378
[   66.8721] open fd = -5
[   66.8986] open name host:/livepad.bin flag 1 data 41378
[   66.8999] open fd = -5
[   66.9157] open name host:/log.txt flag 302 data 41378
[   66.9175] open fd = 256
[   66.9195] open name host:/livepad.bin flag 1 data 41378
[   66.9209] open fd = -5
[   66.9210] open name host:/livedbg.cmd flag 1 data 41378
[   66.9220] open fd = -5
[   66.9500] open name host:/livepad.bin flag 1 data 41378
[   66.9513] open fd = -5
[   66.9516] LOG: SKYWARM scene=2 generation=3 count=504 check=2580
[   66.9681] open name host:/livepad.bin flag 1 data 41378
[   66.9693] open fd = -5
[   66.9848] open name host:/livepad.bin flag 1 data 41378
[   66.9860] open fd = -5
[   67.0022] open name host:/livepad.bin flag 1 data 41378
[   67.0035] open fd = -5
[   67.0183] open name host:/livepad.bin flag 1 data 41378
[   67.0202] open fd = -5
[   67.0371] open name host:/livepad.bin flag 1 data 41378
[   67.0384] open fd = -5
[   67.0385] open name host:/livedbg.cmd flag 1 data 41378
[   67.0397] open fd = -5
[   67.0548] open name host:/livepad.bin flag 1 data 41378
[   67.0562] open fd = -5
[   67.0733] open name host:/livepad.bin flag 1 data 41378
[   67.0745] open fd = -5
[   67.0897] open name host:/livepad.bin flag 1 data 41378
[   67.0910] open fd = -5
[   67.1070] open name host:/livepad.bin flag 1 data 41378
[   67.1084] open fd = -5
[   67.1240] open name host:/livepad.bin flag 1 data 41378
[   67.1254] open fd = -5
[   67.1412] open name host:/livepad.bin flag 1 data 41378
[   67.1426] open fd = -5
[   67.1428] open name host:/livedbg.cmd flag 1 data 41378
[   67.1438] open fd = -5
[   67.1593] open name host:/livepad.bin flag 1 data 41378
[   67.1608] open fd = -5
[   67.1769] open name host:/livepad.bin flag 1 data 41378
[   67.1783] open fd = -5
[   67.1937] open name host:/livepad.bin flag 1 data 41378
[   67.1952] open fd = -5
[   67.2105] open name host:/livepad.bin flag 1 data 41378
[   67.2118] open fd = -5
[   67.2272] open name host:/livepad.bin flag 1 data 41378
[   67.2286] open fd = -5
[   67.2456] open name host:/livepad.bin flag 1 data 41378
[   67.2471] open fd = -5
[   67.2473] open name host:/livedbg.cmd flag 1 data 41378
[   67.2484] open fd = -5
[   67.2633] open name host:/livepad.bin flag 1 data 41378
[   67.2645] open fd = -5
[   67.2802] open name host:/livepad.bin flag 1 data 41378
[   67.2817] open fd = -5
[   67.2962] open name host:/livepad.bin flag 1 data 41378
[   67.2976] open fd = -5
[   67.3135] open name host:/livepad.bin flag 1 data 41378
[   67.3146] open fd = -5
[   67.3295] open name host:/livepad.bin flag 1 data 41378
[   67.3307] open fd = -5
[   67.3460] open name host:/livepad.bin flag 1 data 41378
[   67.3472] open fd = -5
[   67.3474] open name host:/livedbg.cmd flag 1 data 41378
[   67.3485] open fd = -5
[   67.3638] open name host:/livepad.bin flag 1 data 41378
[   67.3650] open fd = -5
[   67.3816] open name host:/livepad.bin flag 1 data 41378
[   67.3830] open fd = -5
[   67.3981] open name host:/livepad.bin flag 1 data 41378
[   67.3996] open fd = -5
[   67.4156] open name host:/livepad.bin flag 1 data 41378
[   67.4168] open fd = -5
[   67.4320] open name host:/livepad.bin flag 1 data 41378
[   67.4332] open fd = -5
[   67.4492] open name host:/livepad.bin flag 1 data 41378
[   67.4505] open fd = -5
[   67.4508] open name host:/livedbg.cmd flag 1 data 41378
[   67.4519] open fd = -5
[   67.4669] open name host:/livepad.bin flag 1 data 41378
[   67.4682] open fd = -5
[   67.4841] open name host:/livepad.bin flag 1 data 41378
[   67.4854] open fd = -5
[   67.5007] open name host:/livepad.bin flag 1 data 41378
[   67.5020] open fd = -5
[   67.5181] open name host:/livepad.bin flag 1 data 41378
[   67.5194] open fd = -5
[   67.5345] open name host:/livepad.bin flag 1 data 41378
[   67.5357] open fd = -5
[   67.5510] open name host:/livepad.bin flag 1 data 41378
[   67.5523] open fd = -5
[   67.5524] open name host:/livedbg.cmd flag 1 data 41378
[   67.5533] open fd = -5
[   67.5685] open name host:/livepad.bin flag 1 data 41378
[   67.5698] open fd = -5
[   67.5857] open name host:/livepad.bin flag 1 data 41378
[   67.5871] open fd = -5
[   67.6019] open name host:/livepad.bin flag 1 data 41378
[   67.6032] open fd = -5
[   67.6188] open name host:/livepad.bin flag 1 data 41378
[   67.6202] open fd = -5
[   67.6345] open name host:/livepad.bin flag 1 data 41378
[   67.6358] open fd = -5
[   67.6514] open name host:/livepad.bin flag 1 data 41378
[   67.6527] open fd = -5
[   67.6528] open name host:/livedbg.cmd flag 1 data 41378
[   67.6538] open fd = -5
[   67.6691] open name host:/livepad.bin flag 1 data 41378
[   67.6705] open fd = -5
[   67.6865] open name host:/livepad.bin flag 1 data 41378
[   67.6878] open fd = -5
[   67.7033] open name host:/livepad.bin flag 1 data 41378
[   67.7046] open fd = -5
[   67.7206] open name host:/livepad.bin flag 1 data 41378
[   67.7220] open fd = -5
[   67.7366] open name host:/livepad.bin flag 1 data 41378
[   67.7380] open fd = -5
[   67.7533] open name host:/livepad.bin flag 1 data 41378
[   67.7545] open fd = -5
[   67.7547] open name host:/livedbg.cmd flag 1 data 41378
[   67.7556] open fd = -5
[   67.7706] open name host:/livepad.bin flag 1 data 41378
[   67.7720] open fd = -5
[   67.7869] open name host:/livepad.bin flag 1 data 41378
[   67.7884] open fd = -5
[   67.8034] open name host:/livepad.bin flag 1 data 41378
[   67.8052] open fd = -5
[   67.8214] open name host:/livepad.bin flag 1 data 41378
[   67.8226] open fd = -5
[   67.8376] open name host:/livepad.bin flag 1 data 41378
[   67.8388] open fd = -5
[   67.8542] open name host:/livepad.bin flag 1 data 41378
[   67.8555] open fd = -5
[   67.8556] open name host:/livedbg.cmd flag 1 data 41378
[   67.8566] open fd = -5
[   67.8716] open name host:/livepad.bin flag 1 data 41378
[   67.8731] open fd = -5
[   67.8882] open name host:/livepad.bin flag 1 data 41378
[   67.8895] open fd = -5
[   67.9039] open name host:/livepad.bin flag 1 data 41378
[   67.9051] open fd = -5
[   67.9214] open name host:/livepad.bin flag 1 data 41378
[   67.9227] open fd = -5
[   67.9373] open name host:/livepad.bin flag 1 data 41378
[   67.9386] open fd = -5
[   67.9542] open name host:/livepad.bin flag 1 data 41378
[   67.9553] open fd = -5
[   67.9555] open name host:/livedbg.cmd flag 1 data 41378
[   67.9565] open fd = -5
[   67.9719] open name host:/livepad.bin flag 1 data 41378
[   67.9733] open fd = -5
[   67.9738] LOG: SKYORACLE scene=2 generation=3 count=504 equal=1 check=2640 bboxBefore=12218
[   67.9889] open name host:/livepad.bin flag 1 data 41378
[   67.9905] open fd = -5
[   68.0052] open name host:/livepad.bin flag 1 data 41378
[   68.0065] open fd = -5
[   68.0218] open name host:/livepad.bin flag 1 data 41378
[   68.0233] open fd = -5
[   68.0387] open name host:/livepad.bin flag 1 data 41378
[   68.0401] open fd = -5
[   68.0556] open name host:/livepad.bin flag 1 data 41378
[   68.0571] open fd = -5
[   68.0573] open name host:/livedbg.cmd flag 1 data 41378
[   68.0583] open fd = -5
[   68.0743] open name host:/livepad.bin flag 1 data 41378
[   68.0756] open fd = -5
[   68.0920] open name host:/livepad.bin flag 1 data 41378
[   68.0934] open fd = -5
[   68.1090] open name host:/livepad.bin flag 1 data 41378
[   68.1103] open fd = -5
[   68.1270] open name host:/livepad.bin flag 1 data 41378
[   68.1284] open fd = -5
[   68.1435] open name host:/livepad.bin flag 1 data 41378
[   68.1448] open fd = -5
[   68.1604] open name host:/livepad.bin flag 1 data 41378
[   68.1616] open fd = -5
[   68.1618] open name host:/livedbg.cmd flag 1 data 41378
[   68.1630] open fd = -5
[   68.1780] open name host:/livepad.bin flag 1 data 41378
[   68.1796] open fd = -5
[   68.1956] open name host:/livepad.bin flag 1 data 41378
[   68.1974] open fd = -5
[   68.2124] open name host:/livepad.bin flag 1 data 41378
[   68.2137] open fd = -5
[   68.2300] open name host:/livepad.bin flag 1 data 41378
[   68.2314] open fd = -5
[   68.2464] open name host:/livepad.bin flag 1 data 41378
[   68.2480] open fd = -5
[   68.2637] open name host:/livepad.bin flag 1 data 41378
[   68.2651] open fd = -5
[   68.2653] open name host:/livedbg.cmd flag 1 data 41378
[   68.2666] open fd = -5
[   68.2823] open name host:/livepad.bin flag 1 data 41378
[   68.2837] open fd = -5
[   68.2997] open name host:/livepad.bin flag 1 data 41378
[   68.3013] open fd = -5
[   68.3172] open name host:/livepad.bin flag 1 data 41378
[   68.3188] open fd = -5
[   68.3335] open name host:/livepad.bin flag 1 data 41378
[   68.3350] open fd = -5
[   68.3497] open name host:/livepad.bin flag 1 data 41378
[   68.3510] open fd = -5
[   68.3662] open name host:/livepad.bin flag 1 data 41378
[   68.3675] open fd = -5
[   68.3676] open name host:/livedbg.cmd flag 1 data 41378
[   68.3686] open fd = -5
[   68.3843] open name host:/livepad.bin flag 1 data 41378
[   68.3855] open fd = -5
[   68.4003] open name host:/livepad.bin flag 1 data 41378
[   68.4017] open fd = -5
[   68.4173] open name host:/livepad.bin flag 1 data 41378
[   68.4186] open fd = -5
[   68.4341] open name host:/livepad.bin flag 1 data 41378
[   68.4355] open fd = -5
[   68.4503] open name host:/livepad.bin flag 1 data 41378
[   68.4517] open fd = -5
[   68.4675] open name host:/livepad.bin flag 1 data 41378
[   68.4689] open fd = -5
[   68.4691] open name host:/livedbg.cmd flag 1 data 41378
[   68.4700] open fd = -5
[   68.4854] open name host:/livepad.bin flag 1 data 41378
[   68.4867] open fd = -5
[   68.5015] open name host:/livepad.bin flag 1 data 41378
[   68.5028] open fd = -5
[   68.5176] open name host:/livepad.bin flag 1 data 41378
[   68.5189] open fd = -5
[   68.5341] open name host:/livepad.bin flag 1 data 41378
[   68.5352] open fd = -5
[   68.5504] open name host:/livepad.bin flag 1 data 41378
[   68.5518] open fd = -5
[   68.5672] open name host:/livepad.bin flag 1 data 41378
[   68.5684] open fd = -5
[   68.5686] open name host:/livedbg.cmd flag 1 data 41378
[   68.5695] open fd = -5
[   68.5844] open name host:/livepad.bin flag 1 data 41378
[   68.5857] open fd = -5
[   68.5868] open name host:/log.txt flag 302 data 41378
[   68.5883] open fd = 256
[   68.6040] open name host:/livepad.bin flag 1 data 41378
[   68.6053] open fd = -5
[   68.6206] open name host:/livepad.bin flag 1 data 41378
[   68.6219] open fd = -5
[   68.6375] open name host:/livepad.bin flag 1 data 41378
[   68.6389] open fd = -5
[   68.6545] open name host:/livepad.bin flag 1 data 41378
[   68.6558] open fd = -5
[   68.6705] open name host:/livepad.bin flag 1 data 41378
[   68.6717] open fd = -5
[   68.6718] open name host:/livedbg.cmd flag 1 data 41378
[   68.6731] open fd = -5
[   68.6880] open name host:/livepad.bin flag 1 data 41378
[   68.6894] open fd = -5
[   68.7046] open name host:/livepad.bin flag 1 data 41378
[   68.7058] open fd = -5
[   68.7204] FRAMEARENA frames=2880 peak=1048400 resets=5 fallbacks=0 maxFrameBytes=2731360 maxBorrowed=2045696 freeKiB=8157
[   68.7206] NATIVEVIF frames=2880 batches=2885
[   68.7207] ORDEREDFRAME frames=2880 splitFrames=4
[   68.7207] FRAMEPIPELINE starts=2880 dmaBusyStarts=44
[   68.7208] open name host:/livepad.bin flag 1 data 41378
[   68.7220] open fd = -5
[   68.7365] open name host:/livepad.bin flag 1 data 41378
[   68.7377] open fd = -5
[   68.7525] open name host:/livepad.bin flag 1 data 41378
[   68.7540] open fd = -5
[   68.7689] open name host:/livepad.bin flag 1 data 41378
[   68.7705] open fd = -5
[   68.7708] open name host:/livedbg.cmd flag 1 data 41378
[   68.7717] open fd = -5
[   68.7863] open name host:/livepad.bin flag 1 data 41378
[   68.7876] open fd = -5
[   68.8027] open name host:/livepad.bin flag 1 data 41378
[   68.8040] open fd = -5
[   68.8205] open name host:/livepad.bin flag 1 data 41378
[   68.8218] open fd = -5
[   68.8386] open name host:/livepad.bin flag 1 data 41378
[   68.8400] open fd = -5
[   68.8568] open name host:/livepad.bin flag 1 data 41378
[   68.8582] open fd = -5
[   68.8762] open name host:/livepad.bin flag 1 data 41378
[   68.8774] open fd = -5
[   68.8777] open name host:/livedbg.cmd flag 1 data 41378
[   68.8787] open fd = -5
[   68.8942] open name host:/livepad.bin flag 1 data 41378
[   68.8955] open fd = -5
[   68.9120] open name host:/livepad.bin flag 1 data 41378
[   68.9132] open fd = -5
[   68.9274] open name host:/livepad.bin flag 1 data 41378
[   68.9288] open fd = -5
[   68.9446] open name host:/livepad.bin flag 1 data 41378
[   68.9458] open fd = -5
[   68.9616] open name host:/livepad.bin flag 1 data 41378
[   68.9631] open fd = -5
[   68.9799] open name host:/livepad.bin flag 1 data 41378
[   68.9814] open fd = -5
[   68.9815] open name host:/livedbg.cmd flag 1 data 41378
[   68.9828] open fd = -5
[   68.9979] open name host:/livepad.bin flag 1 data 41378
[   68.9994] open fd = -5
[   69.0000] LOG: SKYWARM scene=2 generation=3 count=504 check=2700
[   69.0155] open name host:/livepad.bin flag 1 data 41378
[   69.0168] open fd = -5
[   69.0336] open name host:/livepad.bin flag 1 data 41378
[   69.0348] open fd = -5
[   69.0503] open name host:/livepad.bin flag 1 data 41378
[   69.0517] open fd = -5
[   69.0670] open name host:/livepad.bin flag 1 data 41378
[   69.0685] open fd = -5
[   69.0841] open name host:/livepad.bin flag 1 data 41378
[   69.0856] open fd = -5
[   69.0858] open name host:/livedbg.cmd flag 1 data 41378
[   69.0870] open fd = -5
[   69.1030] open name host:/livepad.bin flag 1 data 41378
[   69.1043] open fd = -5
[   69.1196] open name host:/livepad.bin flag 1 data 41378
[   69.1209] open fd = -5
[   69.1361] open name host:/livepad.bin flag 1 data 41378
[   69.1375] open fd = -5
[   69.1540] open name host:/livepad.bin flag 1 data 41378
[   69.1554] open fd = -5
[   69.1708] open name host:/livepad.bin flag 1 data 41378
[   69.1721] open fd = -5
[   69.1883] open name host:/livepad.bin flag 1 data 41378
[   69.1898] open fd = -5
[   69.1898] open name host:/livedbg.cmd flag 1 data 41378
[   69.1910] open fd = -5
[   69.2064] open name host:/livepad.bin flag 1 data 41378
[   69.2078] open fd = -5
[   69.2246] open name host:/livepad.bin flag 1 data 41378
[   69.2261] open fd = -5
[   69.2420] open name host:/livepad.bin flag 1 data 41378
[   69.2436] open fd = -5
[   69.2593] open name host:/livepad.bin flag 1 data 41378
[   69.2607] open fd = -5
[   69.2761] open name host:/livepad.bin flag 1 data 41378
[   69.2776] open fd = -5
[   69.2942] open name host:/livepad.bin flag 1 data 41378
[   69.2957] open fd = -5
[   69.2959] open name host:/livedbg.cmd flag 1 data 41378
[   69.2974] open fd = -5
[   69.3125] open name host:/livepad.bin flag 1 data 41378
[   69.3140] open fd = -5
[   69.3301] open name host:/livepad.bin flag 1 data 41378
[   69.3315] open fd = -5
[   69.3475] open name host:/livepad.bin flag 1 data 41378
[   69.3491] open fd = -5
[   69.3652] open name host:/livepad.bin flag 1 data 41378
[   69.3664] open fd = -5
[   69.3821] open name host:/livepad.bin flag 1 data 41378
[   69.3833] open fd = -5
[   69.4012] open name host:/livepad.bin flag 1 data 41378
[   69.4024] open fd = -5
[   69.4026] open name host:/livedbg.cmd flag 1 data 41378
[   69.4035] open fd = -5
[   69.4192] open name host:/livepad.bin flag 1 data 41378
[   69.4204] open fd = -5
[   69.4361] open name host:/livepad.bin flag 1 data 41378
[   69.4375] open fd = -5
[   69.4519] open name host:/livepad.bin flag 1 data 41378
[   69.4533] open fd = -5
[   69.4700] open name host:/livepad.bin flag 1 data 41378
[   69.4713] open fd = -5
[   69.4866] open name host:/livepad.bin flag 1 data 41378
[   69.4879] open fd = -5
[   69.5038] open name host:/livepad.bin flag 1 data 41378
[   69.5052] open fd = -5
[   69.5053] open name host:/livedbg.cmd flag 1 data 41378
[   69.5063] open fd = -5
[   69.5214] open name host:/livepad.bin flag 1 data 41378
[   69.5228] open fd = -5
[   69.5396] open name host:/livepad.bin flag 1 data 41378
[   69.5410] open fd = -5
[   69.5574] open name host:/livepad.bin flag 1 data 41378
[   69.5589] open fd = -5
[   69.5763] open name host:/livepad.bin flag 1 data 41378
[   69.5779] open fd = -5
[   69.5934] open name host:/livepad.bin flag 1 data 41378
[   69.5947] open fd = -5
[   69.6110] open name host:/livepad.bin flag 1 data 41378
[   69.6124] open fd = -5
[   69.6126] open name host:/livedbg.cmd flag 1 data 41378
[   69.6136] open fd = -5
[   69.6292] open name host:/livepad.bin flag 1 data 41378
[   69.6307] open fd = -5
[   69.6470] open name host:/livepad.bin flag 1 data 41378
[   69.6486] open fd = -5
[   69.6639] open name host:/livepad.bin flag 1 data 41378
[   69.6653] open fd = -5
[   69.6809] open name host:/livepad.bin flag 1 data 41378
[   69.6823] open fd = -5
[   69.6981] open name host:/livepad.bin flag 1 data 41378
[   69.6999] open fd = -5
[   69.7160] open name host:/livepad.bin flag 1 data 41378
[   69.7173] open fd = -5
[   69.7175] open name host:/livedbg.cmd flag 1 data 41378
[   69.7185] open fd = -5
[   69.7337] open name host:/livepad.bin flag 1 data 41378
[   69.7351] open fd = -5
[   69.7510] open name host:/livepad.bin flag 1 data 41378
[   69.7521] open fd = -5
[   69.7665] open name host:/livepad.bin flag 1 data 41378
[   69.7679] open fd = -5
[   69.7839] open name host:/livepad.bin flag 1 data 41378
[   69.7853] open fd = -5
[   69.8008] open name host:/livepad.bin flag 1 data 41378
[   69.8023] open fd = -5
[   69.8187] open name host:/livepad.bin flag 1 data 41378
[   69.8202] open fd = -5
[   69.8203] open name host:/livedbg.cmd flag 1 data 41378
[   69.8213] open fd = -5
[   69.8359] open name host:/livepad.bin flag 1 data 41378
[   69.8375] open fd = -5
[   69.8534] open name host:/livepad.bin flag 1 data 41378
[   69.8555] open fd = -5
[   69.8697] open name host:/livepad.bin flag 1 data 41378
[   69.8711] open fd = -5
[   69.8866] open name host:/livepad.bin flag 1 data 41378
[   69.8884] open fd = -5
[   69.9038] open name host:/livepad.bin flag 1 data 41378
[   69.9052] open fd = -5
[   69.9215] open name host:/livepad.bin flag 1 data 41378
[   69.9230] open fd = -5
[   69.9232] open name host:/livedbg.cmd flag 1 data 41378
[   69.9242] open fd = -5
[   69.9408] open name host:/livepad.bin flag 1 data 41378
[   69.9422] open fd = -5
[   69.9569] open name host:/livepad.bin flag 1 data 41378
[   69.9584] open fd = -5
[   69.9736] open name host:/livepad.bin flag 1 data 41378
[   69.9751] open fd = -5
[   69.9910] open name host:/livepad.bin flag 1 data 41378
[   69.9923] open fd = -5
[   70.0070] open name host:/livepad.bin flag 1 data 41378
[   70.0084] open fd = -5
[   70.0253] open name host:/livepad.bin flag 1 data 41378
[   70.0267] open fd = -5
[   70.0270] open name host:/livedbg.cmd flag 1 data 41378
[   70.0280] open fd = -5
[   70.0440] open name host:/livepad.bin flag 1 data 41378
[   70.0453] open fd = -5
[   70.0462] LOG: SKYORACLE scene=2 generation=3 count=504 equal=1 check=2760 bboxBefore=12519
[   70.0619] open name host:/livepad.bin flag 1 data 41378
[   70.0632] open fd = -5
[   70.0785] open name host:/livepad.bin flag 1 data 41378
[   70.0800] open fd = -5
[   70.0973] open name host:/livepad.bin flag 1 data 41378
[   70.0988] open fd = -5
[   70.1137] open name host:/livepad.bin flag 1 data 41378
[   70.1149] open fd = -5
[   70.1307] open name host:/livepad.bin flag 1 data 41378
[   70.1321] open fd = -5
[   70.1323] open name host:/livedbg.cmd flag 1 data 41378
[   70.1335] open fd = -5
[   70.1486] open name host:/livepad.bin flag 1 data 41378
[   70.1502] open fd = -5
[   70.1661] open name host:/livepad.bin flag 1 data 41378
[   70.1674] open fd = -5
[   70.1827] open name host:/livepad.bin flag 1 data 41378
[   70.1838] open fd = -5
[   70.1997] open name host:/livepad.bin flag 1 data 41378
[   70.2011] open fd = -5
[   70.2162] open name host:/livepad.bin flag 1 data 41378
[   70.2174] open fd = -5
[   70.2328] open name host:/livepad.bin flag 1 data 41378
[   70.2340] open fd = -5
[   70.2342] open name host:/livedbg.cmd flag 1 data 41378
[   70.2352] open fd = -5
[   70.2499] open name host:/livepad.bin flag 1 data 41378
[   70.2515] open fd = -5
[   70.2690] open name host:/livepad.bin flag 1 data 41378
[   70.2705] open fd = -5
[   70.2850] open name host:/livepad.bin flag 1 data 41378
[   70.2864] open fd = -5
[   70.3026] open name host:/livepad.bin flag 1 data 41378
[   70.3040] open fd = -5
[   70.3186] open name host:/livepad.bin flag 1 data 41378
[   70.3200] open fd = -5
[   70.3362] open name host:/livepad.bin flag 1 data 41378
[   70.3375] open fd = -5
[   70.3376] open name host:/livedbg.cmd flag 1 data 41378
[   70.3386] open fd = -5
[   70.3539] open name host:/livepad.bin flag 1 data 41378
[   70.3552] open fd = -5
[   70.3720] open name host:/livepad.bin flag 1 data 41378
[   70.3732] open fd = -5
[   70.3885] open name host:/livepad.bin flag 1 data 41378
[   70.3897] open fd = -5
[   70.4052] open name host:/livepad.bin flag 1 data 41378
[   70.4065] open fd = -5
[   70.4214] open name host:/livepad.bin flag 1 data 41378
[   70.4227] open fd = -5
[   70.4378] open name host:/livepad.bin flag 1 data 41378
[   70.4390] open fd = -5
[   70.4392] open name host:/livedbg.cmd flag 1 data 41378
[   70.4402] open fd = -5
[   70.4556] open name host:/livepad.bin flag 1 data 41378
[   70.4569] open fd = -5
[   70.4723] open name host:/livepad.bin flag 1 data 41378
[   70.4737] open fd = -5
[   70.4885] open name host:/livepad.bin flag 1 data 41378
[   70.4897] open fd = -5
[   70.5051] open name host:/livepad.bin flag 1 data 41378
[   70.5063] open fd = -5
[   70.5210] open name host:/livepad.bin flag 1 data 41378
[   70.5223] open fd = -5
[   70.5383] open name host:/livepad.bin flag 1 data 41378
[   70.5399] open fd = -5
[   70.5401] open name host:/livedbg.cmd flag 1 data 41378
[   70.5411] open fd = -5
[   70.5561] open name host:/livepad.bin flag 1 data 41378
[   70.5576] open fd = -5
[   70.5740] open name host:/livepad.bin flag 1 data 41378
[   70.5752] open fd = -5
[   70.5907] open name host:/livepad.bin flag 1 data 41378
[   70.5919] open fd = -5
[   70.6082] open name host:/livepad.bin flag 1 data 41378
[   70.6096] open fd = -5
[   70.6259] open name host:/livepad.bin flag 1 data 41378
[   70.6275] open fd = -5
[   70.6431] open name host:/livepad.bin flag 1 data 41378
[   70.6446] open fd = -5
[   70.6447] open name host:/livedbg.cmd flag 1 data 41378
[   70.6458] open fd = -5
[   70.6615] open name host:/livepad.bin flag 1 data 41378
[   70.6628] open fd = -5
[   70.6783] open name host:/livepad.bin flag 1 data 41378
[   70.6795] open fd = -5
[   70.6946] open name host:/livepad.bin flag 1 data 41378
[   70.6959] open fd = -5
[   70.7119] open name host:/livepad.bin flag 1 data 41378
[   70.7134] open fd = -5
[   70.7283] open name host:/livepad.bin flag 1 data 41378
[   70.7299] open fd = -5
[   70.7453] open name host:/livepad.bin flag 1 data 41378
[   70.7465] open fd = -5
[   70.7467] open name host:/livedbg.cmd flag 1 data 41378
[   70.7477] open fd = -5
[   70.7635] open name host:/livepad.bin flag 1 data 41378
[   70.7649] open fd = -5
[   70.7809] open name host:/livepad.bin flag 1 data 41378
[   70.7822] open fd = -5
[   70.7978] FRAMEARENA frames=3000 peak=1048400 resets=5 fallbacks=0 maxFrameBytes=2731360 maxBorrowed=2045696 freeKiB=8280
[   70.7980] NATIVEVIF frames=3000 batches=3005
[   70.7981] ORDEREDFRAME frames=3000 splitFrames=4
[   70.7983] FRAMEPIPELINE starts=3000 dmaBusyStarts=68
[   70.7985] open name host:/livepad.bin flag 1 data 41378
[   70.8001] open fd = -5
[   70.8171] open name host:/livepad.bin flag 1 data 41378
[   70.8186] open fd = -5
[   70.8338] open name host:/livepad.bin flag 1 data 41378
[   70.8351] open fd = -5
[   70.8507] open name host:/livepad.bin flag 1 data 41378
[   70.8520] open fd = -5
[   70.8521] open name host:/livedbg.cmd flag 1 data 41378
[   70.8531] open fd = -5
[   70.8682] open name host:/livepad.bin flag 1 data 41378
[   70.8696] open fd = -5
[   70.8857] open name host:/livepad.bin flag 1 data 41378
[   70.8870] open fd = -5
[   70.9022] open name host:/livepad.bin flag 1 data 41378
[   70.9034] open fd = -5
[   70.9190] open name host:/livepad.bin flag 1 data 41378
[   70.9202] open fd = -5
[   70.9361] open name host:/livepad.bin flag 1 data 41378
[   70.9375] open fd = -5
[   70.9534] open name host:/livepad.bin flag 1 data 41378
[   70.9547] open fd = -5
[   70.9548] open name host:/livedbg.cmd flag 1 data 41378
[   70.9557] open fd = -5
[   70.9712] open name host:/livepad.bin flag 1 data 41378
[   70.9726] open fd = -5
[   70.9890] open name host:/livepad.bin flag 1 data 41378
[   70.9902] open fd = -5
[   71.0056] open name host:/livepad.bin flag 1 data 41378
[   71.0067] open fd = -5
[   71.0222] open name host:/livepad.bin flag 1 data 41378
[   71.0233] open fd = -5
[   71.0391] open name host:/livepad.bin flag 1 data 41378
[   71.0405] open fd = -5
[   71.0574] open name host:/livepad.bin flag 1 data 41378
[   71.0587] open fd = -5
[   71.0589] open name host:/livedbg.cmd flag 1 data 41378
[   71.0600] open fd = -5
[   71.0763] open name host:/livepad.bin flag 1 data 41378
[   71.0776] open fd = -5
[   71.0783] LOG: SKYWARM scene=2 generation=3 count=504 check=2820
[   71.0936] open name host:/livepad.bin flag 1 data 41378
[   71.0947] open fd = -5
[   71.1107] open name host:/livepad.bin flag 1 data 41378
[   71.1120] open fd = -5
[   71.1281] open name host:/livepad.bin flag 1 data 41378
[   71.1297] open fd = -5
[   71.1447] open name host:/livepad.bin flag 1 data 41378
[   71.1461] open fd = -5
[   71.1618] open name host:/livepad.bin flag 1 data 41378
[   71.1632] open fd = -5
[   71.1634] open name host:/livedbg.cmd flag 1 data 41378
[   71.1644] open fd = -5
[   71.1789] open name host:/livepad.bin flag 1 data 41378
[   71.1803] open fd = -5
[   71.1820] open name host:/log.txt flag 302 data 41378
[   71.1837] open fd = 256
[   71.1991] open name host:/livepad.bin flag 1 data 41378
[   71.2005] open fd = -5
[   71.2159] open name host:/livepad.bin flag 1 data 41378
[   71.2172] open fd = -5
[   71.2331] open name host:/livepad.bin flag 1 data 41378
[   71.2342] open fd = -5
[   71.2486] open name host:/livepad.bin flag 1 data 41378
[   71.2497] open fd = -5
[   71.2649] open name host:/livepad.bin flag 1 data 41378
[   71.2660] open fd = -5
[   71.2662] open name host:/livedbg.cmd flag 1 data 41378
[   71.2672] open fd = -5
[   71.2828] open name host:/livepad.bin flag 1 data 41378
[   71.2843] open fd = -5
[   71.3004] open name host:/livepad.bin flag 1 data 41378
[   71.3018] open fd = -5
[   71.3181] open name host:/livepad.bin flag 1 data 41378
[   71.3199] open fd = -5
[   71.3359] open name host:/livepad.bin flag 1 data 41378
[   71.3372] open fd = -5
[   71.3516] open name host:/livepad.bin flag 1 data 41378
[   71.3530] open fd = -5
[   71.3686] open name host:/livepad.bin flag 1 data 41378
[   71.3698] open fd = -5
[   71.3699] open name host:/livedbg.cmd flag 1 data 41378
[   71.3708] open fd = -5
[   71.3856] open name host:/livepad.bin flag 1 data 41378
[   71.3869] open fd = -5
[   71.4026] open name host:/livepad.bin flag 1 data 41378
[   71.4039] open fd = -5
[   71.4196] open name host:/livepad.bin flag 1 data 41378
[   71.4209] open fd = -5
[   71.4360] open name host:/livepad.bin flag 1 data 41378
[   71.4370] open fd = -5
[   71.4518] open name host:/livepad.bin flag 1 data 41378
[   71.4532] open fd = -5
[   71.4695] open name host:/livepad.bin flag 1 data 41378
[   71.4707] open fd = -5
[   71.4708] open name host:/livedbg.cmd flag 1 data 41378
[   71.4719] open fd = -5
[   71.4880] open name host:/livepad.bin flag 1 data 41378
[   71.4894] open fd = -5
[   71.5053] open name host:/livepad.bin flag 1 data 41378
[   71.5069] open fd = -5
[   71.5231] open name host:/livepad.bin flag 1 data 41378
[   71.5244] open fd = -5
[   71.5407] open name host:/livepad.bin flag 1 data 41378
[   71.5420] open fd = -5
[   71.5574] open name host:/livepad.bin flag 1 data 41378
[   71.5588] open fd = -5
[   71.5748] open name host:/livepad.bin flag 1 data 41378
[   71.5763] open fd = -5
[   71.5765] open name host:/livedbg.cmd flag 1 data 41378
[   71.5776] open fd = -5
[   71.5934] open name host:/livepad.bin flag 1 data 41378
[   71.5949] open fd = -5
[   71.6113] open name host:/livepad.bin flag 1 data 41378
[   71.6129] open fd = -5
[   71.6277] open name host:/livepad.bin flag 1 data 41378
[   71.6294] open fd = -5
[   71.6456] open name host:/livepad.bin flag 1 data 41378
[   71.6469] open fd = -5
[   71.6624] open name host:/livepad.bin flag 1 data 41378
[   71.6638] open fd = -5
[   71.6803] open name host:/livepad.bin flag 1 data 41378
[   71.6817] open fd = -5
[   71.6818] open name host:/livedbg.cmd flag 1 data 41378
[   71.6828] open fd = -5
[   71.7110] open name host:/livepad.bin flag 1 data 41378
[   71.7124] open fd = -5
[   71.7306] open name host:/livepad.bin flag 1 data 41378
[   71.7322] open fd = -5
[   71.7608] open name host:/livepad.bin flag 1 data 41378
[   71.7621] open fd = -5
[   71.7812] open name host:/livepad.bin flag 1 data 41378
[   71.7829] open fd = -5
[   71.7988] open name host:/livepad.bin flag 1 data 41378
[   71.8003] open fd = -5
[   71.8157] open name host:/livepad.bin flag 1 data 41378
[   71.8174] open fd = -5
[   71.8177] open name host:/livedbg.cmd flag 1 data 41378
[   71.8188] open fd = -5
[   71.8338] open name host:/livepad.bin flag 1 data 41378
[   71.8351] open fd = -5
[   71.8508] open name host:/livepad.bin flag 1 data 41378
[   71.8522] open fd = -5
[   71.8674] open name host:/livepad.bin flag 1 data 41378
[   71.8689] open fd = -5
[   71.8842] open name host:/livepad.bin flag 1 data 41378
[   71.8855] open fd = -5
[   71.9121] open name host:/livepad.bin flag 1 data 41378
[   71.9136] open fd = -5
[   71.9310] open name host:/livepad.bin flag 1 data 41378
[   71.9324] open fd = -5
[   71.9327] open name host:/livedbg.cmd flag 1 data 41378
[   71.9337] open fd = -5
[   71.9613] open name host:/livepad.bin flag 1 data 41378
[   71.9628] open fd = -5
[   71.9809] open name host:/livepad.bin flag 1 data 41378
[   71.9823] open fd = -5
[   72.0115] open name host:/livepad.bin flag 1 data 41378
[   72.0129] open fd = -5
[   72.0327] open name host:/livepad.bin flag 1 data 41378
[   72.0340] open fd = -5
[   72.0621] open name host:/livepad.bin flag 1 data 41378
[   72.0641] open fd = -5
[   72.0814] open name host:/livepad.bin flag 1 data 41378
[   72.0830] open fd = -5
[   72.0833] open name host:/livedbg.cmd flag 1 data 41378
[   72.0845] open fd = -5
[   72.1122] open name host:/livepad.bin flag 1 data 41378
[   72.1138] open fd = -5
[   72.1318] open name host:/livepad.bin flag 1 data 41378
[   72.1331] open fd = -5
[   72.1615] open name host:/livepad.bin flag 1 data 41378
[   72.1631] open fd = -5
[   72.1817] open name host:/livepad.bin flag 1 data 41378
[   72.1832] open fd = -5
[   72.1989] open name host:/livepad.bin flag 1 data 41378
[   72.2005] open fd = -5
[   72.2184] open name host:/livepad.bin flag 1 data 41378
[   72.2199] open fd = -5
[   72.2203] open name host:/livedbg.cmd flag 1 data 41378
[   72.2217] open fd = -5
[   72.2368] open name host:/livepad.bin flag 1 data 41378
[   72.2382] open fd = -5
[   72.2390] LOG: SKYORACLE scene=2 generation=3 count=504 equal=1 check=2880 bboxBefore=12696
[   72.2547] open name host:/livepad.bin flag 1 data 41378
[   72.2560] open fd = -5
[   72.2721] open name host:/livepad.bin flag 1 data 41378
[   72.2736] open fd = -5
[   72.2894] open name host:/livepad.bin flag 1 data 41378
[   72.2910] open fd = -5
[   72.3072] open name host:/livepad.bin flag 1 data 41378
[   72.3087] open fd = -5
[   72.3251] open name host:/livepad.bin flag 1 data 41378
[   72.3264] open fd = -5
[   72.3268] open name host:/livedbg.cmd flag 1 data 41378
[   72.3278] open fd = -5
[   72.3436] open name host:/livepad.bin flag 1 data 41378
[   72.3451] open fd = -5
[   72.3631] open name host:/livepad.bin flag 1 data 41378
[   72.3644] open fd = -5
[   72.3818] open name host:/livepad.bin flag 1 data 41378
[   72.3832] open fd = -5
[   72.4002] open name host:/livepad.bin flag 1 data 41378
[   72.4017] open fd = -5
[   72.4169] open name host:/livepad.bin flag 1 data 41378
[   72.4183] open fd = -5
[   72.4351] open name host:/livepad.bin flag 1 data 41378
[   72.4364] open fd = -5
[   72.4365] open name host:/livedbg.cmd flag 1 data 41378
[   72.4375] open fd = -5
[   72.4535] open name host:/livepad.bin flag 1 data 41378
[   72.4549] open fd = -5
[   72.4709] open name host:/livepad.bin flag 1 data 41378
[   72.4722] open fd = -5
[   72.4881] open name host:/livepad.bin flag 1 data 41378
[   72.4895] open fd = -5
[   72.5066] open name host:/livepad.bin flag 1 data 41378
[   72.5080] open fd = -5
[   72.5246] open name host:/livepad.bin flag 1 data 41378
[   72.5261] open fd = -5
[   72.5422] open name host:/livepad.bin flag 1 data 41378
[   72.5434] open fd = -5
[   72.5436] open name host:/livedbg.cmd flag 1 data 41378
[   72.5446] open fd = -5
[   72.5608] open name host:/livepad.bin flag 1 data 41378
[   72.5621] open fd = -5
[   72.5779] open name host:/livepad.bin flag 1 data 41378
[   72.5794] open fd = -5
[   72.5955] open name host:/livepad.bin flag 1 data 41378
[   72.5972] open fd = -5
[   72.6135] open name host:/livepad.bin flag 1 data 41378
[   72.6149] open fd = -5
[   72.6307] open name host:/livepad.bin flag 1 data 41378
[   72.6322] open fd = -5
[   72.6484] open name host:/livepad.bin flag 1 data 41378
[   72.6498] open fd = -5
[   72.6502] open name host:/livedbg.cmd flag 1 data 41378
[   72.6512] open fd = -5
[   72.6678] open name host:/livepad.bin flag 1 data 41378
[   72.6690] open fd = -5
[   72.6855] open name host:/livepad.bin flag 1 data 41378
[   72.6867] open fd = -5
[   72.7022] open name host:/livepad.bin flag 1 data 41378
[   72.7036] open fd = -5
[   72.7214] open name host:/livepad.bin flag 1 data 41378
[   72.7226] open fd = -5
[   72.7388] open name host:/livepad.bin flag 1 data 41378
[   72.7400] open fd = -5
[   72.7564] open name host:/livepad.bin flag 1 data 41378
[   72.7577] open fd = -5
[   72.7578] open name host:/livedbg.cmd flag 1 data 41378
[   72.7587] open fd = -5
[   72.7819] open name host:/livepad.bin flag 1 data 41378
[   72.7831] open fd = -5
[   72.7992] open name host:/livepad.bin flag 1 data 41378
[   72.8005] open fd = -5
[   72.8169] open name host:/livepad.bin flag 1 data 41378
[   72.8183] open fd = -5
[   72.8348] open name host:/livepad.bin flag 1 data 41378
[   72.8360] open fd = -5
[   72.8512] open name host:/livepad.bin flag 1 data 41378
[   72.8525] open fd = -5
[   72.8676] open name host:/livepad.bin flag 1 data 41378
[   72.8687] open fd = -5
[   72.8690] open name host:/livedbg.cmd flag 1 data 41378
[   72.8700] open fd = -5
[   72.8858] open name host:/livepad.bin flag 1 data 41378
[   72.8870] open fd = -5
[   72.9027] open name host:/livepad.bin flag 1 data 41378
[   72.9039] open fd = -5
[   72.9204] open name host:/livepad.bin flag 1 data 41378
[   72.9217] open fd = -5
[   72.9374] open name host:/livepad.bin flag 1 data 41378
[   72.9389] open fd = -5
[   72.9546] open name host:/livepad.bin flag 1 data 41378
[   72.9558] open fd = -5
[   72.9714] open name host:/livepad.bin flag 1 data 41378
[   72.9728] open fd = -5
[   72.9730] open name host:/livedbg.cmd flag 1 data 41378
[   72.9740] open fd = -5
[   72.9896] open name host:/livepad.bin flag 1 data 41378
[   72.9909] open fd = -5
[   73.0071] open name host:/livepad.bin flag 1 data 41378
[   73.0083] open fd = -5
[   73.0244] FRAMEARENA frames=3120 peak=1048400 resets=5 fallbacks=0 maxFrameBytes=2731360 maxBorrowed=2045696 freeKiB=7497
[   73.0247] NATIVEVIF frames=3120 batches=3125
[   73.0249] ORDEREDFRAME frames=3120 splitFrames=4
[   73.0250] FRAMEPIPELINE starts=3120 dmaBusyStarts=92
[   73.0251] open name host:/livepad.bin flag 1 data 41378
[   73.0262] open fd = -5
[   73.0423] open name host:/livepad.bin flag 1 data 41378
[   73.0436] open fd = -5
[   73.0587] open name host:/livepad.bin flag 1 data 41378
[   73.0599] open fd = -5
[   73.0759] open name host:/livepad.bin flag 1 data 41378
[   73.0771] open fd = -5
[   73.0773] open name host:/livedbg.cmd flag 1 data 41378
[   73.0782] open fd = -5
[   73.0943] open name host:/livepad.bin flag 1 data 41378
[   73.0956] open fd = -5
[   73.1111] open name host:/livepad.bin flag 1 data 41378
[   73.1129] open fd = -5
[   73.1293] open name host:/livepad.bin flag 1 data 41378
[   73.1307] open fd = -5
[   73.1462] open name host:/livepad.bin flag 1 data 41378
[   73.1474] open fd = -5
[   73.1631] open name host:/livepad.bin flag 1 data 41378
[   73.1645] open fd = -5
[   73.1804] open name host:/livepad.bin flag 1 data 41378
[   73.1819] open fd = -5
[   73.1822] open name host:/livedbg.cmd flag 1 data 41378
[   73.1831] open fd = -5
[   73.1984] open name host:/livepad.bin flag 1 data 41378
[   73.1998] open fd = -5
[   73.2159] open name host:/livepad.bin flag 1 data 41378
[   73.2172] open fd = -5
[   73.2336] open name host:/livepad.bin flag 1 data 41378
[   73.2353] open fd = -5
[   73.2513] open name host:/livepad.bin flag 1 data 41378
[   73.2527] open fd = -5
[   73.2688] open name host:/livepad.bin flag 1 data 41378
[   73.2700] open fd = -5
[   73.2860] open name host:/livepad.bin flag 1 data 41378
[   73.2876] open fd = -5
[   73.2878] open name host:/livedbg.cmd flag 1 data 41378
[   73.2890] open fd = -5
[   73.3064] open name host:/livepad.bin flag 1 data 41378
[   73.3078] open fd = -5
[   73.3083] LOG: SKYWARM scene=2 generation=3 count=504 check=2940
[   73.3242] open name host:/livepad.bin flag 1 data 41378
[   73.3254] open fd = -5
[   73.3431] open name host:/livepad.bin flag 1 data 41378
[   73.3444] open fd = -5
[   73.3602] open name host:/livepad.bin flag 1 data 41378
[   73.3614] open fd = -5
[   73.3773] open name host:/livepad.bin flag 1 data 41378
[   73.3786] open fd = -5
[   73.3935] open name host:/livepad.bin flag 1 data 41378
[   73.3947] open fd = -5
[   73.3949] open name host:/livedbg.cmd flag 1 data 41378
[   73.3958] open fd = -5
[   73.4113] open name host:/livepad.bin flag 1 data 41378
[   73.4130] open fd = -5
[   73.4284] open name host:/livepad.bin flag 1 data 41378
[   73.4297] open fd = -5
[   73.4453] open name host:/livepad.bin flag 1 data 41378
[   73.4465] open fd = -5
[   73.4624] open name host:/livepad.bin flag 1 data 41378
[   73.4637] open fd = -5
[   73.4793] open name host:/livepad.bin flag 1 data 41378
[   73.4806] open fd = -5
[   73.4955] open name host:/livepad.bin flag 1 data 41378
[   73.4968] open fd = -5
[   73.4971] open name host:/livedbg.cmd flag 1 data 41378
[   73.4981] open fd = -5
[   73.5136] open name host:/livepad.bin flag 1 data 41378
[   73.5151] open fd = -5
[   73.5306] open name host:/livepad.bin flag 1 data 41378
[   73.5318] open fd = -5
[   73.5468] open name host:/livepad.bin flag 1 data 41378
[   73.5482] open fd = -5
[   73.5642] open name host:/livepad.bin flag 1 data 41378
[   73.5653] open fd = -5
[   73.5810] open name host:/livepad.bin flag 1 data 41378
[   73.5821] open fd = -5
[   73.5977] open name host:/livepad.bin flag 1 data 41378
[   73.5990] open fd = -5
[   73.5992] open name host:/livedbg.cmd flag 1 data 41378
[   73.6002] open fd = -5
[   73.6155] open name host:/livepad.bin flag 1 data 41378
[   73.6168] open fd = -5
[   73.6328] open name host:/livepad.bin flag 1 data 41378
[   73.6340] open fd = -5
[   73.6497] open name host:/livepad.bin flag 1 data 41378
[   73.6510] open fd = -5
[   73.6665] open name host:/livepad.bin flag 1 data 41378
[   73.6676] open fd = -5
[   73.6838] open name host:/livepad.bin flag 1 data 41378
[   73.6850] open fd = -5
[   73.7004] open name host:/livepad.bin flag 1 data 41378
[   73.7016] open fd = -5
[   73.7019] open name host:/livedbg.cmd flag 1 data 41378
[   73.7028] open fd = -5
[   73.7186] open name host:/livepad.bin flag 1 data 41378
[   73.7198] open fd = -5
[   73.7355] open name host:/livepad.bin flag 1 data 41378
[   73.7366] open fd = -5
[   73.7525] open name host:/livepad.bin flag 1 data 41378
[   73.7538] open fd = -5
[   73.7696] open name host:/livepad.bin flag 1 data 41378
[   73.7708] open fd = -5
[   73.7864] open name host:/livepad.bin flag 1 data 41378
[   73.7877] open fd = -5
[   73.8041] open name host:/livepad.bin flag 1 data 41378
[   73.8057] open fd = -5
[   73.8059] open name host:/livedbg.cmd flag 1 data 41378
[   73.8068] open fd = -5
[   73.8224] open name host:/livepad.bin flag 1 data 41378
[   73.8237] open fd = -5
[   73.8393] open name host:/livepad.bin flag 1 data 41378
[   73.8404] open fd = -5
[   73.8557] open name host:/livepad.bin flag 1 data 41378
[   73.8569] open fd = -5
[   73.8728] open name host:/livepad.bin flag 1 data 41378
[   73.8740] open fd = -5
[   73.8893] open name host:/livepad.bin flag 1 data 41378
[   73.8905] open fd = -5
[   73.9061] open name host:/livepad.bin flag 1 data 41378
[   73.9074] open fd = -5
[   73.9076] open name host:/livedbg.cmd flag 1 data 41378
[   73.9086] open fd = -5
[   73.9241] open name host:/livepad.bin flag 1 data 41378
[   73.9254] open fd = -5
[   73.9263] open name host:/log.txt flag 302 data 41378
[   73.9278] open fd = 256
[   73.9436] open name host:/livepad.bin flag 1 data 41378
[   73.9451] open fd = -5
[   73.9608] open name host:/livepad.bin flag 1 data 41378
[   73.9622] open fd = -5
[   73.9775] open name host:/livepad.bin flag 1 data 41378
[   73.9786] open fd = -5
[   73.9952] open name host:/livepad.bin flag 1 data 41378
[   73.9966] open fd = -5
[   74.0119] open name host:/livepad.bin flag 1 data 41378
[   74.0132] open fd = -5
[   74.0134] open name host:/livedbg.cmd flag 1 data 41378
[   74.0144] open fd = -5
[   74.0298] open name host:/livepad.bin flag 1 data 41378
[   74.0312] open fd = -5
[   74.0469] open name host:/livepad.bin flag 1 data 41378
[   74.0481] open fd = -5
[   74.0640] open name host:/livepad.bin flag 1 data 41378
[   74.0655] open fd = -5
[   74.0813] open name host:/livepad.bin flag 1 data 41378
[   74.0826] open fd = -5
[   74.0978] open name host:/livepad.bin flag 1 data 41378
[   74.0992] open fd = -5
[   74.1155] open name host:/livepad.bin flag 1 data 41378
[   74.1168] open fd = -5
[   74.1170] open name host:/livedbg.cmd flag 1 data 41378
[   74.1182] open fd = -5
[   74.1334] open name host:/livepad.bin flag 1 data 41378
[   74.1345] open fd = -5
[   74.1511] open name host:/livepad.bin flag 1 data 41378
[   74.1525] open fd = -5
[   74.1691] open name host:/livepad.bin flag 1 data 41378
[   74.1703] open fd = -5
[   74.1865] open name host:/livepad.bin flag 1 data 41378
[   74.1877] open fd = -5
[   74.2038] open name host:/livepad.bin flag 1 data 41378
[   74.2051] open fd = -5
[   74.2247] open name host:/livepad.bin flag 1 data 41378
[   74.2260] open fd = -5
[   74.2262] open name host:/livedbg.cmd flag 1 data 41378
[   74.2273] open fd = -5
[   74.2436] open name host:/livepad.bin flag 1 data 41378
[   74.2450] open fd = -5
[   74.2603] open name host:/livepad.bin flag 1 data 41378
[   74.2615] open fd = -5
[   74.2767] open name host:/livepad.bin flag 1 data 41378
[   74.2782] open fd = -5
[   74.2934] open name host:/livepad.bin flag 1 data 41378
[   74.2947] open fd = -5
[   74.3105] open name host:/livepad.bin flag 1 data 41378
[   74.3120] open fd = -5
[   74.3282] open name host:/livepad.bin flag 1 data 41378
[   74.3299] open fd = -5
[   74.3300] open name host:/livedbg.cmd flag 1 data 41378
[   74.3311] open fd = -5
[   74.3479] open name host:/livepad.bin flag 1 data 41378
[   74.3494] open fd = -5
[   74.3501] LOG: SKYORACLE scene=2 generation=3 count=504 equal=1 check=3000 bboxBefore=12926
[   74.3659] open name host:/livepad.bin flag 1 data 41378
[   74.3671] open fd = -5
[   74.3831] open name host:/livepad.bin flag 1 data 41378
[   74.3845] open fd = -5
[   74.4000] open name host:/livepad.bin flag 1 data 41378
[   74.4012] open fd = -5
[   74.4181] open name host:/livepad.bin flag 1 data 41378
[   74.4194] open fd = -5
[   74.4360] open name host:/livepad.bin flag 1 data 41378
[   74.4375] open fd = -5
[   74.4378] open name host:/livedbg.cmd flag 1 data 41378
[   74.4387] open fd = -5
[   74.4551] open name host:/livepad.bin flag 1 data 41378
[   74.4564] open fd = -5
[   74.4719] open name host:/livepad.bin flag 1 data 41378
[   74.4731] open fd = -5
[   74.4899] open name host:/livepad.bin flag 1 data 41378
[   74.4912] open fd = -5
[   74.5067] open name host:/livepad.bin flag 1 data 41378
[   74.5081] open fd = -5
[   74.5242] open name host:/livepad.bin flag 1 data 41378
[   74.5254] open fd = -5
[   74.5406] open name host:/livepad.bin flag 1 data 41378
[   74.5418] open fd = -5
[   74.5421] open name host:/livedbg.cmd flag 1 data 41378
[   74.5431] open fd = -5
[   74.5584] open name host:/livepad.bin flag 1 data 41378
[   74.5597] open fd = -5
[   74.5766] open name host:/livepad.bin flag 1 data 41378
[   74.5781] open fd = -5
[   74.5935] open name host:/livepad.bin flag 1 data 41378
[   74.5950] open fd = -5
[   74.6109] open name host:/livepad.bin flag 1 data 41378
[   74.6124] open fd = -5
[   74.6286] open name host:/livepad.bin flag 1 data 41378
[   74.6301] open fd = -5
[   74.6453] open name host:/livepad.bin flag 1 data 41378
[   74.6466] open fd = -5
[   74.6469] open name host:/livedbg.cmd flag 1 data 41378
[   74.6479] open fd = -5
[   74.6630] open name host:/livepad.bin flag 1 data 41378
[   74.6642] open fd = -5
[   74.6802] open name host:/livepad.bin flag 1 data 41378
[   74.6814] open fd = -5
[   74.6971] open name host:/livepad.bin flag 1 data 41378
[   74.6984] open fd = -5
[   74.7138] open name host:/livepad.bin flag 1 data 41378
[   74.7150] open fd = -5
[   74.7318] open name host:/livepad.bin flag 1 data 41378
[   74.7330] open fd = -5
[   74.7483] open name host:/livepad.bin flag 1 data 41378
[   74.7495] open fd = -5
[   74.7498] open name host:/livedbg.cmd flag 1 data 41378
[   74.7507] open fd = -5
[   74.7664] open name host:/livepad.bin flag 1 data 41378
[   74.7677] open fd = -5
[   74.7837] open name host:/livepad.bin flag 1 data 41378
[   74.7850] open fd = -5
[   74.8016] open name host:/livepad.bin flag 1 data 41378
[   74.8029] open fd = -5
[   74.8190] open name host:/livepad.bin flag 1 data 41378
[   74.8203] open fd = -5
[   74.8359] open name host:/livepad.bin flag 1 data 41378
[   74.8370] open fd = -5
[   74.8522] open name host:/livepad.bin flag 1 data 41378
[   74.8535] open fd = -5
[   74.8538] open name host:/livedbg.cmd flag 1 data 41378
[   74.8547] open fd = -5
[   74.8703] open name host:/livepad.bin flag 1 data 41378
[   74.8717] open fd = -5
[   74.8870] open name host:/livepad.bin flag 1 data 41378
[   74.8881] open fd = -5
[   74.9035] open name host:/livepad.bin flag 1 data 41378
[   74.9048] open fd = -5
[   74.9200] open name host:/livepad.bin flag 1 data 41378
[   74.9214] open fd = -5
[   74.9377] open name host:/livepad.bin flag 1 data 41378
[   74.9391] open fd = -5
[   74.9546] open name host:/livepad.bin flag 1 data 41378
[   74.9558] open fd = -5
[   74.9560] open name host:/livedbg.cmd flag 1 data 41378
[   74.9570] open fd = -5
[   74.9724] open name host:/livepad.bin flag 1 data 41378
[   74.9737] open fd = -5
[   74.9893] open name host:/livepad.bin flag 1 data 41378
[   74.9905] open fd = -5
[   75.0056] open name host:/livepad.bin flag 1 data 41378
[   75.0071] open fd = -5
[   75.0229] open name host:/livepad.bin flag 1 data 41378
[   75.0244] open fd = -5
[   75.0405] open name host:/livepad.bin flag 1 data 41378
[   75.0417] open fd = -5
[   75.0571] open name host:/livepad.bin flag 1 data 41378
[   75.0583] open fd = -5
[   75.0585] open name host:/livedbg.cmd flag 1 data 41378
[   75.0594] open fd = -5
[   75.0750] open name host:/livepad.bin flag 1 data 41378
[   75.0764] open fd = -5
[   75.0923] open name host:/livepad.bin flag 1 data 41378
[   75.0934] open fd = -5
[   75.1096] FRAMEARENA frames=3240 peak=1048400 resets=5 fallbacks=0 maxFrameBytes=2731360 maxBorrowed=2045696 freeKiB=7497
[   75.1099] NATIVEVIF frames=3240 batches=3245
[   75.1100] ORDEREDFRAME frames=3240 splitFrames=4
[   75.1101] FRAMEPIPELINE starts=3240 dmaBusyStarts=116
[   75.1103] open name host:/livepad.bin flag 1 data 41378
[   75.1115] open fd = -5
[   75.1269] open name host:/livepad.bin flag 1 data 41378
[   75.1283] open fd = -5
[   75.1435] open name host:/livepad.bin flag 1 data 41378
[   75.1448] open fd = -5
[   75.1606] open name host:/livepad.bin flag 1 data 41378
[   75.1619] open fd = -5
[   75.1622] open name host:/livedbg.cmd flag 1 data 41378
[   75.1632] open fd = -5
[   75.1785] open name host:/livepad.bin flag 1 data 41378
[   75.1798] open fd = -5
[   75.1962] open name host:/livepad.bin flag 1 data 41378
[   75.1974] open fd = -5
[   75.2128] open name host:/livepad.bin flag 1 data 41378
[   75.2140] open fd = -5
[   75.2302] open name host:/livepad.bin flag 1 data 41378
[   75.2314] open fd = -5
[   75.2464] open name host:/livepad.bin flag 1 data 41378
[   75.2475] open fd = -5
[   75.2631] open name host:/livepad.bin flag 1 data 41378
[   75.2645] open fd = -5
[   75.2646] open name host:/livedbg.cmd flag 1 data 41378
[   75.2655] open fd = -5
[   75.2811] open name host:/livepad.bin flag 1 data 41378
[   75.2824] open fd = -5
[   75.2974] open name host:/livepad.bin flag 1 data 41378
[   75.2987] open fd = -5
[   75.3158] open name host:/livepad.bin flag 1 data 41378
[   75.3171] open fd = -5
[   75.3326] open name host:/livepad.bin flag 1 data 41378
[   75.3339] open fd = -5
[   75.3502] open name host:/livepad.bin flag 1 data 41378
[   75.3515] open fd = -5
[   75.3675] open name host:/livepad.bin flag 1 data 41378
[   75.3690] open fd = -5
[   75.3692] open name host:/livedbg.cmd flag 1 data 41378
[   75.3704] open fd = -5
[   75.3851] open name host:/livepad.bin flag 1 data 41378
[   75.3866] open fd = -5
[   75.3870] LOG: SKYWARM scene=2 generation=3 count=504 check=3060
[   75.4030] open name host:/livepad.bin flag 1 data 41378
[   75.4042] open fd = -5
[   75.4192] open name host:/livepad.bin flag 1 data 41378
[   75.4204] open fd = -5
[   75.4366] open name host:/livepad.bin flag 1 data 41378
[   75.4378] open fd = -5
[   75.4535] open name host:/livepad.bin flag 1 data 41378
[   75.4549] open fd = -5
[   75.4708] open name host:/livepad.bin flag 1 data 41378
[   75.4721] open fd = -5
[   75.4723] open name host:/livedbg.cmd flag 1 data 41378
[   75.4732] open fd = -5
[   75.4885] open name host:/livepad.bin flag 1 data 41378
[   75.4899] open fd = -5
[   75.5050] open name host:/livepad.bin flag 1 data 41378
[   75.5064] open fd = -5
[   75.5222] open name host:/livepad.bin flag 1 data 41378
[   75.5238] open fd = -5
[   75.5402] open name host:/livepad.bin flag 1 data 41378
[   75.5417] open fd = -5
[   75.5576] open name host:/livepad.bin flag 1 data 41378
[   75.5593] open fd = -5
[   75.5748] open name host:/livepad.bin flag 1 data 41378
[   75.5759] open fd = -5
[   75.5762] open name host:/livedbg.cmd flag 1 data 41378
[   75.5771] open fd = -5
[   75.5930] open name host:/livepad.bin flag 1 data 41378
[   75.5944] open fd = -5
[   75.6099] open name host:/livepad.bin flag 1 data 41378
[   75.6114] open fd = -5
[   75.6269] open name host:/livepad.bin flag 1 data 41378
[   75.6282] open fd = -5
[   75.6440] open name host:/livepad.bin flag 1 data 41378
[   75.6453] open fd = -5
[   75.6611] open name host:/livepad.bin flag 1 data 41378
[   75.6624] open fd = -5
[   75.6781] open name host:/livepad.bin flag 1 data 41378
[   75.6792] open fd = -5
[   75.6794] open name host:/livedbg.cmd flag 1 data 41378
[   75.6805] open fd = -5
[   75.6957] open name host:/livepad.bin flag 1 data 41378
[   75.6973] open fd = -5
[   75.7132] open name host:/livepad.bin flag 1 data 41378
[   75.7146] open fd = -5
[   75.7304] open name host:/livepad.bin flag 1 data 41378
[   75.7316] open fd = -5
[   75.7477] open name host:/livepad.bin flag 1 data 41378
[   75.7492] open fd = -5
[   75.7650] open name host:/livepad.bin flag 1 data 41378
[   75.7663] open fd = -5
[   75.7823] open name host:/livepad.bin flag 1 data 41378
[   75.7837] open fd = -5
[   75.7838] open name host:/livedbg.cmd flag 1 data 41378
[   75.7849] open fd = -5
[   75.8015] open name host:/livepad.bin flag 1 data 41378
[   75.8028] open fd = -5
[   75.8181] open name host:/livepad.bin flag 1 data 41378
[   75.8196] open fd = -5
[   75.8352] open name host:/livepad.bin flag 1 data 41378
[   75.8364] open fd = -5
[   75.8517] open name host:/livepad.bin flag 1 data 41378
[   75.8529] open fd = -5
[   75.8681] open name host:/livepad.bin flag 1 data 41378
[   75.8693] open fd = -5
[   75.8851] open name host:/livepad.bin flag 1 data 41378
[   75.8864] open fd = -5
[   75.8865] open name host:/livedbg.cmd flag 1 data 41378
[   75.8875] open fd = -5
[   75.9032] open name host:/livepad.bin flag 1 data 41378
[   75.9044] open fd = -5
[   75.9198] open name host:/livepad.bin flag 1 data 41378
[   75.9210] open fd = -5
[   75.9430] open name host:/livepad.bin flag 1 data 41378
[   75.9443] open fd = -5
[   75.9632] open name host:/livepad.bin flag 1 data 41378
[   75.9646] open fd = -5
[   75.9831] open name host:/livepad.bin flag 1 data 41378
[   75.9844] open fd = -5
[   76.0008] open name host:/livepad.bin flag 1 data 41378
[   76.0021] open fd = -5
[   76.0021] open name host:/livedbg.cmd flag 1 data 41378
[   76.0031] open fd = -5
[   76.0191] open name host:/livepad.bin flag 1 data 41378
[   76.0205] open fd = -5
[   76.0364] open name host:/livepad.bin flag 1 data 41378
[   76.0375] open fd = -5
[   76.0531] open name host:/livepad.bin flag 1 data 41378
[   76.0544] open fd = -5
[   76.0699] open name host:/livepad.bin flag 1 data 41378
[   76.0712] open fd = -5
[   76.0870] open name host:/livepad.bin flag 1 data 41378
[   76.0884] open fd = -5
[   76.1037] open name host:/livepad.bin flag 1 data 41378
[   76.1051] open fd = -5
[   76.1053] open name host:/livedbg.cmd flag 1 data 41378
[   76.1064] open fd = -5
[   76.1225] open name host:/livepad.bin flag 1 data 41378
[   76.1238] open fd = -5
[   76.1397] open name host:/livepad.bin flag 1 data 41378
[   76.1411] open fd = -5
[   76.1573] open name host:/livepad.bin flag 1 data 41378
[   76.1587] open fd = -5
[   76.1749] open name host:/livepad.bin flag 1 data 41378
[   76.1761] open fd = -5
[   76.1915] open name host:/livepad.bin flag 1 data 41378
[   76.1926] open fd = -5
[   76.2076] open name host:/livepad.bin flag 1 data 41378
[   76.2087] open fd = -5
[   76.2088] open name host:/livedbg.cmd flag 1 data 41378
[   76.2097] open fd = -5
[   76.2253] open name host:/livepad.bin flag 1 data 41378
[   76.2266] open fd = -5
[   76.2432] open name host:/livepad.bin flag 1 data 41378
[   76.2445] open fd = -5
[   76.2596] open name host:/livepad.bin flag 1 data 41378
[   76.2609] open fd = -5
[   76.2773] open name host:/livepad.bin flag 1 data 41378
[   76.2785] open fd = -5
[   76.2933] open name host:/livepad.bin flag 1 data 41378
[   76.2945] open fd = -5
[   76.3108] open name host:/livepad.bin flag 1 data 41378
[   76.3121] open fd = -5
[   76.3122] open name host:/livedbg.cmd flag 1 data 41378
[   76.3133] open fd = -5
[   76.3286] open name host:/livepad.bin flag 1 data 41378
[   76.3300] open fd = -5
[   76.3464] open name host:/livepad.bin flag 1 data 41378
[   76.3479] open fd = -5
[   76.3642] open name host:/livepad.bin flag 1 data 41378
[   76.3656] open fd = -5
[   76.3822] open name host:/livepad.bin flag 1 data 41378
[   76.3835] open fd = -5
[   76.3999] open name host:/livepad.bin flag 1 data 41378
[   76.4013] open fd = -5
[   76.4172] open name host:/livepad.bin flag 1 data 41378
[   76.4185] open fd = -5
[   76.4186] open name host:/livedbg.cmd flag 1 data 41378
[   76.4196] open fd = -5
[   76.4356] open name host:/livepad.bin flag 1 data 41378
[   76.4370] open fd = -5
[   76.4375] LOG: SKYORACLE scene=2 generation=3 count=504 equal=1 check=3120 bboxBefore=13118
[   76.4539] open name host:/livepad.bin flag 1 data 41378
[   76.4553] open fd = -5
[   76.4710] open name host:/livepad.bin flag 1 data 41378
[   76.4725] open fd = -5
[   76.4881] open name host:/livepad.bin flag 1 data 41378
[   76.4894] open fd = -5
[   76.5051] open name host:/livepad.bin flag 1 data 41378
[   76.5065] open fd = -5
[   76.5226] open name host:/livepad.bin flag 1 data 41378
[   76.5242] open fd = -5
[   76.5244] open name host:/livedbg.cmd flag 1 data 41378
[   76.5254] open fd = -5
[   76.5420] open name host:/livepad.bin flag 1 data 41378
[   76.5432] open fd = -5
[   76.5442] open name host:/log.txt flag 302 data 41378
[   76.5458] open fd = 256
[   76.5631] open name host:/livepad.bin flag 1 data 41378
[   76.5645] open fd = -5
[   76.5804] open name host:/livepad.bin flag 1 data 41378
[   76.5816] open fd = -5
[   76.5977] open name host:/livepad.bin flag 1 data 41378
[   76.5993] open fd = -5
[   76.6152] open name host:/livepad.bin flag 1 data 41378
[   76.6165] open fd = -5
[   76.6319] open name host:/livepad.bin flag 1 data 41378
[   76.6331] open fd = -5
[   76.6332] open name host:/livedbg.cmd flag 1 data 41378
[   76.6341] open fd = -5
[   76.6494] open name host:/livepad.bin flag 1 data 41378
[   76.6508] open fd = -5
[   76.6665] open name host:/livepad.bin flag 1 data 41378
[   76.6679] open fd = -5
[   76.6837] open name host:/livepad.bin flag 1 data 41378
[   76.6852] open fd = -5
[   76.7028] open name host:/livepad.bin flag 1 data 41378
[   76.7042] open fd = -5
[   76.7199] open name host:/livepad.bin flag 1 data 41378
[   76.7212] open fd = -5
[   76.7372] open name host:/livepad.bin flag 1 data 41378
[   76.7386] open fd = -5
[   76.7388] open name host:/livedbg.cmd flag 1 data 41378
[   76.7398] open fd = -5
[   76.7553] open name host:/livepad.bin flag 1 data 41378
[   76.7567] open fd = -5
[   76.7736] open name host:/livepad.bin flag 1 data 41378
[   76.7748] open fd = -5
[   76.7902] open name host:/livepad.bin flag 1 data 41378
[   76.7913] open fd = -5
[   76.8073] open name host:/livepad.bin flag 1 data 41378
[   76.8086] open fd = -5
[   76.8253] open name host:/livepad.bin flag 1 data 41378
[   76.8266] open fd = -5
[   76.8426] open name host:/livepad.bin flag 1 data 41378
[   76.8437] open fd = -5
[   76.8438] open name host:/livedbg.cmd flag 1 data 41378
[   76.8447] open fd = -5
[   76.8601] open name host:/livepad.bin flag 1 data 41378
[   76.8614] open fd = -5
[   76.8766] open name host:/livepad.bin flag 1 data 41378
[   76.8780] open fd = -5
[   76.8935] open name host:/livepad.bin flag 1 data 41378
[   76.8947] open fd = -5
[   76.9103] open name host:/livepad.bin flag 1 data 41378
[   76.9114] open fd = -5
[   76.9265] open name host:/livepad.bin flag 1 data 41378
[   76.9278] open fd = -5
[   76.9438] open name host:/livepad.bin flag 1 data 41378
[   76.9451] open fd = -5
[   76.9453] open name host:/livedbg.cmd flag 1 data 41378
[   76.9464] open fd = -5
[   76.9623] open name host:/livepad.bin flag 1 data 41378
[   76.9639] open fd = -5
[   76.9800] open name host:/livepad.bin flag 1 data 41378
[   76.9814] open fd = -5
[   76.9976] open name host:/livepad.bin flag 1 data 41378
[   76.9990] open fd = -5
[   77.0151] open name host:/livepad.bin flag 1 data 41378
[   77.0163] open fd = -5
[   77.0315] open name host:/livepad.bin flag 1 data 41378
[   77.0328] open fd = -5
[   77.0484] open name host:/livepad.bin flag 1 data 41378
[   77.0499] open fd = -5
[   77.0501] open name host:/livedbg.cmd flag 1 data 41378
[   77.0513] open fd = -5
[   77.0676] open name host:/livepad.bin flag 1 data 41378
[   77.0692] open fd = -5
[   77.0853] open name host:/livepad.bin flag 1 data 41378
[   77.0868] open fd = -5
[   77.1033] open name host:/livepad.bin flag 1 data 41378
[   77.1047] open fd = -5
[   77.1213] open name host:/livepad.bin flag 1 data 41378
[   77.1227] open fd = -5
[   77.1384] open name host:/livepad.bin flag 1 data 41378
[   77.1397] open fd = -5
[   77.1560] open name host:/livepad.bin flag 1 data 41378
[   77.1572] open fd = -5
[   77.1574] open name host:/livedbg.cmd flag 1 data 41378
[   77.1583] open fd = -5
[   77.1751] open name host:/livepad.bin flag 1 data 41378
[   77.1765] open fd = -5
[   77.1925] open name host:/livepad.bin flag 1 data 41378
[   77.1939] open fd = -5
[   77.2090] FRAMEARENA frames=3360 peak=1048400 resets=5 fallbacks=0 maxFrameBytes=2731360 maxBorrowed=2045696 freeKiB=8145
[   77.2092] NATIVEVIF frames=3360 batches=3365
[   77.2092] ORDEREDFRAME frames=3360 splitFrames=4
[   77.2093] FRAMEPIPELINE starts=3360 dmaBusyStarts=133
[   77.2094] open name host:/livepad.bin flag 1 data 41378
[   77.2107] open fd = -5
[   77.2256] open name host:/livepad.bin flag 1 data 41378
[   77.2267] open fd = -5
[   77.2433] open name host:/livepad.bin flag 1 data 41378
[   77.2446] open fd = -5
[   77.2598] open name host:/livepad.bin flag 1 data 41378
[   77.2611] open fd = -5
[   77.2613] open name host:/livedbg.cmd flag 1 data 41378
[   77.2623] open fd = -5
[   77.2776] open name host:/livepad.bin flag 1 data 41378
[   77.2788] open fd = -5
[   77.2943] open name host:/livepad.bin flag 1 data 41378
[   77.2955] open fd = -5
[   77.3126] open name host:/livepad.bin flag 1 data 41378
[   77.3140] open fd = -5
[   77.3296] open name host:/livepad.bin flag 1 data 41378
[   77.3311] open fd = -5
[   77.3466] open name host:/livepad.bin flag 1 data 41378
[   77.3479] open fd = -5
[   77.3641] open name host:/livepad.bin flag 1 data 41378
[   77.3655] open fd = -5
[   77.3658] open name host:/livedbg.cmd flag 1 data 41378
[   77.3668] open fd = -5
[   77.3831] open name host:/livepad.bin flag 1 data 41378
[   77.3845] open fd = -5
[   77.4008] open name host:/livepad.bin flag 1 data 41378
[   77.4021] open fd = -5
[   77.4178] open name host:/livepad.bin flag 1 data 41378
[   77.4191] open fd = -5
[   77.4356] open name host:/livepad.bin flag 1 data 41378
[   77.4368] open fd = -5
[   77.4527] open name host:/livepad.bin flag 1 data 41378
[   77.4542] open fd = -5
[   77.4704] open name host:/livepad.bin flag 1 data 41378
[   77.4715] open fd = -5
[   77.4718] open name host:/livedbg.cmd flag 1 data 41378
[   77.4731] open fd = -5
[   77.4889] open name host:/livepad.bin flag 1 data 41378
[   77.4902] open fd = -5
[   77.4906] LOG: SKYWARM scene=2 generation=3 count=504 check=3180
[   77.5058] open name host:/livepad.bin flag 1 data 41378
[   77.5071] open fd = -5
[   77.5232] open name host:/livepad.bin flag 1 data 41378
[   77.5246] open fd = -5
[   77.5405] open name host:/livepad.bin flag 1 data 41378
[   77.5418] open fd = -5
[   77.5576] open name host:/livepad.bin flag 1 data 41378
[   77.5589] open fd = -5
[   77.5761] open name host:/livepad.bin flag 1 data 41378
[   77.5772] open fd = -5
[   77.5774] open name host:/livedbg.cmd flag 1 data 41378
[   77.5787] open fd = -5
[   77.5945] open name host:/livepad.bin flag 1 data 41378
[   77.5958] open fd = -5
[   77.6123] open name host:/livepad.bin flag 1 data 41378
[   77.6138] open fd = -5
[   77.6314] open name host:/livepad.bin flag 1 data 41378
[   77.6328] open fd = -5
[   77.6514] open name host:/livepad.bin flag 1 data 41378
[   77.6527] open fd = -5
[   77.6701] open name host:/livepad.bin flag 1 data 41378
[   77.6715] open fd = -5
[   77.6904] open name host:/livepad.bin flag 1 data 41378
[   77.6920] open fd = -5
[   77.6922] open name host:/livedbg.cmd flag 1 data 41378
[   77.6936] open fd = -5
[   77.6939] open name host:/log.txt flag 302 data 41378
[   77.6955] open fd = 256
[   77.7184] open name host:/livepad.bin flag 1 data 41378
[   77.7202] open fd = -5
[   77.7391] open name host:/livepad.bin flag 1 data 41378
[   77.7409] open fd = -5
[   77.7593] open name host:/livepad.bin flag 1 data 41378
[   77.7607] open fd = -5
[   77.7797] open name host:/livepad.bin flag 1 data 41378
[   77.7810] open fd = -5
[   77.7991] open name host:/livepad.bin flag 1 data 41378
[   77.8006] open fd = -5
[   77.8185] open name host:/livepad.bin flag 1 data 41378
[   77.8199] open fd = -5
[   77.8203] open name host:/livedbg.cmd flag 1 data 41378
[   77.8214] open fd = -5
[   77.8398] open name host:/livepad.bin flag 1 data 41378
[   77.8412] open fd = -5
[   77.8575] open name host:/livepad.bin flag 1 data 41378
[   77.8589] open fd = -5
[   77.8768] open name host:/livepad.bin flag 1 data 41378
[   77.8784] open fd = -5
[   77.8980] open name host:/livepad.bin flag 1 data 41378
[   77.9008] open fd = -5
[   77.9221] open name host:/livepad.bin flag 1 data 41378
[   77.9237] open fd = -5
[   77.9431] open name host:/livepad.bin flag 1 data 41378
[   77.9444] open fd = -5
[   77.9446] open name host:/livedbg.cmd flag 1 data 41378
[   77.9456] open fd = -5
[   77.9629] open name host:/livepad.bin flag 1 data 41378
[   77.9644] open fd = -5
[   77.9819] open name host:/livepad.bin flag 1 data 41378
[   77.9833] open fd = -5
[   77.9987] open name host:/livepad.bin flag 1 data 41378
[   78.0000] open fd = -5
[   78.0162] open name host:/livepad.bin flag 1 data 41378
[   78.0174] open fd = -5
[   78.0326] open name host:/livepad.bin flag 1 data 41378
[   78.0339] open fd = -5
[   78.0505] open name host:/livepad.bin flag 1 data 41378
[   78.0522] open fd = -5
[   78.0525] open name host:/livedbg.cmd flag 1 data 41378
[   78.0535] open fd = -5
[   78.0690] open name host:/livepad.bin flag 1 data 41378
[   78.0705] open fd = -5
[   78.0864] open name host:/livepad.bin flag 1 data 41378
[   78.0877] open fd = -5
[   78.1049] open name host:/livepad.bin flag 1 data 41378
[   78.1061] open fd = -5
[   78.1229] open name host:/livepad.bin flag 1 data 41378
[   78.1243] open fd = -5
[   78.1410] open name host:/livepad.bin flag 1 data 41378
[   78.1424] open fd = -5
[   78.1598] open name host:/livepad.bin flag 1 data 41378
[   78.1611] open fd = -5
[   78.1616] open name host:/livedbg.cmd flag 1 data 41378
[   78.1632] open fd = -5
[   78.1798] open name host:/livepad.bin flag 1 data 41378
[   78.1812] open fd = -5
[   78.1980] open name host:/livepad.bin flag 1 data 41378
[   78.1994] open fd = -5
[   78.2151] open name host:/livepad.bin flag 1 data 41378
[   78.2164] open fd = -5
[   78.2324] open name host:/livepad.bin flag 1 data 41378
[   78.2337] open fd = -5
[   78.2495] open name host:/livepad.bin flag 1 data 41378
[   78.2507] open fd = -5
[   78.2667] open name host:/livepad.bin flag 1 data 41378
[   78.2680] open fd = -5
[   78.2682] open name host:/livedbg.cmd flag 1 data 41378
[   78.2693] open fd = -5
[   78.2847] open name host:/livepad.bin flag 1 data 41378
[   78.2860] open fd = -5
[   78.3016] open name host:/livepad.bin flag 1 data 41378
[   78.3027] open fd = -5
[   78.3179] open name host:/livepad.bin flag 1 data 41378
[   78.3191] open fd = -5
[   78.3342] open name host:/livepad.bin flag 1 data 41378
[   78.3354] open fd = -5
[   78.3509] open name host:/livepad.bin flag 1 data 41378
[   78.3521] open fd = -5
[   78.3682] open name host:/livepad.bin flag 1 data 41378
[   78.3693] open fd = -5
[   78.3695] open name host:/livedbg.cmd flag 1 data 41378
[   78.3705] open fd = -5
[   78.3866] open name host:/livepad.bin flag 1 data 41378
[   78.3879] open fd = -5
[   78.4039] open name host:/livepad.bin flag 1 data 41378
[   78.4052] open fd = -5
[   78.4212] open name host:/livepad.bin flag 1 data 41378
[   78.4226] open fd = -5
[   78.4389] open name host:/livepad.bin flag 1 data 41378
[   78.4402] open fd = -5
[   78.4576] open name host:/livepad.bin flag 1 data 41378
[   78.4589] open fd = -5
[   78.4751] open name host:/livepad.bin flag 1 data 41378
[   78.4763] open fd = -5
[   78.4765] open name host:/livedbg.cmd flag 1 data 41378
[   78.4774] open fd = -5
[   78.4935] open name host:/livepad.bin flag 1 data 41378
[   78.4947] open fd = -5
[   78.5108] open name host:/livepad.bin flag 1 data 41378
[   78.5121] open fd = -5
[   78.5275] open name host:/livepad.bin flag 1 data 41378
[   78.5288] open fd = -5
[   78.5439] open name host:/livepad.bin flag 1 data 41378
[   78.5451] open fd = -5
[   78.5605] open name host:/livepad.bin flag 1 data 41378
[   78.5619] open fd = -5
[   78.5778] open name host:/livepad.bin flag 1 data 41378
[   78.5791] open fd = -5
[   78.5792] open name host:/livedbg.cmd flag 1 data 41378
[   78.5803] open fd = -5
[   78.5955] open name host:/livepad.bin flag 1 data 41378
[   78.5971] open fd = -5
[   78.5977] LOG: SKYORACLE scene=2 generation=3 count=504 equal=1 check=3240 bboxBefore=13299
[   78.6130] open name host:/livepad.bin flag 1 data 41378
[   78.6143] open fd = -5
[   78.6299] open name host:/livepad.bin flag 1 data 41378
[   78.6312] open fd = -5
[   78.6469] open name host:/livepad.bin flag 1 data 41378
[   78.6481] open fd = -5
[   78.6646] open name host:/livepad.bin flag 1 data 41378
[   78.6659] open fd = -5
[   78.6816] open name host:/livepad.bin flag 1 data 41378
[   78.6829] open fd = -5
[   78.6831] open name host:/livedbg.cmd flag 1 data 41378
[   78.6841] open fd = -5
[   78.6996] open name host:/livepad.bin flag 1 data 41378
[   78.7010] open fd = -5
[   78.7172] open name host:/livepad.bin flag 1 data 41378
[   78.7188] open fd = -5
[   78.7350] open name host:/livepad.bin flag 1 data 41378
[   78.7363] open fd = -5
[   78.7540] open name host:/livepad.bin flag 1 data 41378
[   78.7553] open fd = -5
[   78.7709] open name host:/livepad.bin flag 1 data 41378
[   78.7726] open fd = -5
[   78.7890] open name host:/livepad.bin flag 1 data 41378
[   78.7906] open fd = -5
[   78.7908] open name host:/livedbg.cmd flag 1 data 41378
[   78.7919] open fd = -5
[   78.8075] open name host:/livepad.bin flag 1 data 41378
[   78.8088] open fd = -5
[   78.8241] open name host:/livepad.bin flag 1 data 41378
[   78.8254] open fd = -5
[   78.8408] open name host:/livepad.bin flag 1 data 41378
[   78.8421] open fd = -5
[   78.8577] open name host:/livepad.bin flag 1 data 41378
[   78.8591] open fd = -5
[   78.8748] open name host:/livepad.bin flag 1 data 41378
[   78.8759] open fd = -5
[   78.8916] open name host:/livepad.bin flag 1 data 41378
[   78.8929] open fd = -5
[   78.8932] open name host:/livedbg.cmd flag 1 data 41378
[   78.8943] open fd = -5
[   78.9097] open name host:/livepad.bin flag 1 data 41378
[   78.9108] open fd = -5
[   78.9258] open name host:/livepad.bin flag 1 data 41378
[   78.9270] open fd = -5
[   78.9425] open name host:/livepad.bin flag 1 data 41378
[   78.9436] open fd = -5
[   78.9585] open name host:/livepad.bin flag 1 data 41378
[   78.9598] open fd = -5
[   78.9753] open name host:/livepad.bin flag 1 data 41378
[   78.9765] open fd = -5
[   78.9926] open name host:/livepad.bin flag 1 data 41378
[   78.9938] open fd = -5
[   78.9940] open name host:/livedbg.cmd flag 1 data 41378
[   78.9949] open fd = -5
[   79.0109] open name host:/livepad.bin flag 1 data 41378
[   79.0122] open fd = -5
[   79.0295] open name host:/livepad.bin flag 1 data 41378
[   79.0309] open fd = -5
[   79.0466] open name host:/livepad.bin flag 1 data 41378
[   79.0478] open fd = -5
[   79.0641] open name host:/livepad.bin flag 1 data 41378
[   79.0654] open fd = -5
[   79.0816] open name host:/livepad.bin flag 1 data 41378
[   79.0829] open fd = -5
[   79.0993] open name host:/livepad.bin flag 1 data 41378
[   79.1008] open fd = -5
[   79.1011] open name host:/livedbg.cmd flag 1 data 41378
[   79.1021] open fd = -5
[   79.1185] open name host:/livepad.bin flag 1 data 41378
[   79.1200] open fd = -5
[   79.1368] open name host:/livepad.bin flag 1 data 41378
[   79.1382] open fd = -5
[   79.1543] open name host:/livepad.bin flag 1 data 41378
[   79.1555] open fd = -5
[   79.1713] open name host:/livepad.bin flag 1 data 41378
[   79.1729] open fd = -5
[   79.1887] open name host:/livepad.bin flag 1 data 41378
[   79.1899] open fd = -5
[   79.2054] open name host:/livepad.bin flag 1 data 41378
[   79.2068] open fd = -5
[   79.2071] open name host:/livedbg.cmd flag 1 data 41378
[   79.2081] open fd = -5
[   79.2240] open name host:/livepad.bin flag 1 data 41378
[   79.2252] open fd = -5
[   79.2260] open name host:/log.txt flag 302 data 41378
[   79.2277] open fd = 256
[   79.2440] open name host:/livepad.bin flag 1 data 41378
[   79.2453] open fd = -5
[   79.2598] open name host:/livepad.bin flag 1 data 41378
[   79.2613] open fd = -5
[   79.2772] open name host:/livepad.bin flag 1 data 41378
[   79.2786] open fd = -5
[   79.2934] open name host:/livepad.bin flag 1 data 41378
[   79.2949] open fd = -5
[   79.3113] open name host:/livepad.bin flag 1 data 41378
[   79.3129] open fd = -5
[   79.3130] open name host:/livedbg.cmd flag 1 data 41378
[   79.3143] open fd = -5
[   79.3301] open name host:/livepad.bin flag 1 data 41378
[   79.3316] open fd = -5
[   79.3492] open name host:/livepad.bin flag 1 data 41378
[   79.3508] open fd = -5
[   79.3673] FRAMEARENA frames=3480 peak=1048400 resets=5 fallbacks=0 maxFrameBytes=2731360 maxBorrowed=2045696 freeKiB=8155
[   79.3676] NATIVEVIF frames=3480 batches=3485
[   79.3678] ORDEREDFRAME frames=3480 splitFrames=4
[   79.3679] FRAMEPIPELINE starts=3480 dmaBusyStarts=153
[   79.3680] open name host:/livepad.bin flag 1 data 41378
[   79.3694] open fd = -5
[   79.3855] open name host:/livepad.bin flag 1 data 41378
[   79.3867] open fd = -5
[   79.4027] open name host:/livepad.bin flag 1 data 41378
[   79.4039] open fd = -5
[   79.4212] open name host:/livepad.bin flag 1 data 41378
[   79.4228] open fd = -5
[   79.4230] open name host:/livedbg.cmd flag 1 data 41378
[   79.4240] open fd = -5
[   79.4413] open name host:/livepad.bin flag 1 data 41378
[   79.4426] open fd = -5
[   79.4593] open name host:/livepad.bin flag 1 data 41378
[   79.4607] open fd = -5
[   79.4768] open name host:/livepad.bin flag 1 data 41378
[   79.4782] open fd = -5
[   79.4940] open name host:/livepad.bin flag 1 data 41378
[   79.4952] open fd = -5
[   79.5109] open name host:/livepad.bin flag 1 data 41378
[   79.5121] open fd = -5
[   79.5279] open name host:/livepad.bin flag 1 data 41378
[   79.5292] open fd = -5
[   79.5294] open name host:/livedbg.cmd flag 1 data 41378
[   79.5306] open fd = -5
[   79.5461] open name host:/livepad.bin flag 1 data 41378
[   79.5472] open fd = -5
[   79.5628] open name host:/livepad.bin flag 1 data 41378
[   79.5640] open fd = -5
[   79.5797] open name host:/livepad.bin flag 1 data 41378
[   79.5811] open fd = -5
[   79.5970] open name host:/livepad.bin flag 1 data 41378
[   79.5982] open fd = -5
[   79.6141] open name host:/livepad.bin flag 1 data 41378
[   79.6153] open fd = -5
[   79.6316] open name host:/livepad.bin flag 1 data 41378
[   79.6328] open fd = -5
[   79.6330] open name host:/livedbg.cmd flag 1 data 41378
[   79.6339] open fd = -5
[   79.6489] open name host:/livepad.bin flag 1 data 41378
[   79.6503] open fd = -5
[   79.6508] LOG: SKYWARM scene=2 generation=3 count=504 check=3300
[   79.6668] open name host:/livepad.bin flag 1 data 41378
[   79.6681] open fd = -5
[   79.6840] open name host:/livepad.bin flag 1 data 41378
[   79.6853] open fd = -5
[   79.7020] open name host:/livepad.bin flag 1 data 41378
[   79.7032] open fd = -5
[   79.7189] open name host:/livepad.bin flag 1 data 41378
[   79.7205] open fd = -5
[   79.7361] open name host:/livepad.bin flag 1 data 41378
[   79.7374] open fd = -5
[   79.7376] open name host:/livedbg.cmd flag 1 data 41378
[   79.7389] open fd = -5
[   79.7553] open name host:/livepad.bin flag 1 data 41378
[   79.7566] open fd = -5
[   79.7724] open name host:/livepad.bin flag 1 data 41378
[   79.7737] open fd = -5
[   79.7911] open name host:/livepad.bin flag 1 data 41378
[   79.7924] open fd = -5
[   79.8080] open name host:/livepad.bin flag 1 data 41378
[   79.8093] open fd = -5
[   79.8260] open name host:/livepad.bin flag 1 data 41378
[   79.8274] open fd = -5
[   79.8431] open name host:/livepad.bin flag 1 data 41378
[   79.8445] open fd = -5
[   79.8446] open name host:/livedbg.cmd flag 1 data 41378
[   79.8457] open fd = -5
[   79.8611] open name host:/livepad.bin flag 1 data 41378
[   79.8624] open fd = -5
[   79.8785] open name host:/livepad.bin flag 1 data 41378
[   79.8799] open fd = -5
[   79.8952] open name host:/livepad.bin flag 1 data 41378
[   79.8965] open fd = -5
[   79.9127] open name host:/livepad.bin flag 1 data 41378
[   79.9140] open fd = -5
[   79.9296] open name host:/livepad.bin flag 1 data 41378
[   79.9310] open fd = -5
[   79.9464] open name host:/livepad.bin flag 1 data 41378
[   79.9476] open fd = -5
[   79.9477] open name host:/livedbg.cmd flag 1 data 41378
[   79.9489] open fd = -5
[   79.9646] open name host:/livepad.bin flag 1 data 41378
[   79.9661] open fd = -5
[   79.9815] open name host:/livepad.bin flag 1 data 41378
[   79.9828] open fd = -5
[   79.9981] open name host:/livepad.bin flag 1 data 41378
[   79.9993] open fd = -5
[   80.0148] open name host:/livepad.bin flag 1 data 41378
[   80.0160] open fd = -5
[   80.0320] open name host:/livepad.bin flag 1 data 41378
[   80.0333] open fd = -5
[   80.0495] open name host:/livepad.bin flag 1 data 41378
[   80.0508] open fd = -5
[   80.0511] open name host:/livedbg.cmd flag 1 data 41378
[   80.0522] open fd = -5
[   80.0675] open name host:/livepad.bin flag 1 data 41378
[   80.0688] open fd = -5
[   80.0844] open name host:/livepad.bin flag 1 data 41378
[   80.0856] open fd = -5
[   80.1024] open name host:/livepad.bin flag 1 data 41378
[   80.1038] open fd = -5
[   80.1193] open name host:/livepad.bin flag 1 data 41378
[   80.1207] open fd = -5
[   80.1376] open name host:/livepad.bin flag 1 data 41378
[   80.1389] open fd = -5
[   80.1548] open name host:/livepad.bin flag 1 data 41378
[   80.1559] open fd = -5
[   80.1562] open name host:/livedbg.cmd flag 1 data 41378
[   80.1572] open fd = -5
[   80.1725] open name host:/livepad.bin flag 1 data 41378
[   80.1737] open fd = -5
[   80.1897] open name host:/livepad.bin flag 1 data 41378
[   80.1909] open fd = -5
[   80.2063] open name host:/livepad.bin flag 1 data 41378
[   80.2076] open fd = -5
[   80.2232] open name host:/livepad.bin flag 1 data 41378
[   80.2245] open fd = -5
[   80.2399] open name host:/livepad.bin flag 1 data 41378
[   80.2411] open fd = -5
[   80.2563] open name host:/livepad.bin flag 1 data 41378
[   80.2576] open fd = -5
[   80.2579] open name host:/livedbg.cmd flag 1 data 41378
[   80.2589] open fd = -5
[   80.2737] open name host:/livepad.bin flag 1 data 41378
[   80.2748] open fd = -5
[   80.2899] open name host:/livepad.bin flag 1 data 41378
[   80.2910] open fd = -5
[   80.3072] open name host:/livepad.bin flag 1 data 41378
[   80.3085] open fd = -5
[   80.3245] open name host:/livepad.bin flag 1 data 41378
[   80.3257] open fd = -5
[   80.3413] open name host:/livepad.bin flag 1 data 41378
[   80.3425] open fd = -5
[   80.3588] open name host:/livepad.bin flag 1 data 41378
[   80.3601] open fd = -5
[   80.3605] open name host:/livedbg.cmd flag 1 data 41378
[   80.3614] open fd = -5
[   80.3782] open name host:/livepad.bin flag 1 data 41378
[   80.3794] open fd = -5
[   80.3952] open name host:/livepad.bin flag 1 data 41378
[   80.3965] open fd = -5
[   80.4130] open name host:/livepad.bin flag 1 data 41378
[   80.4144] open fd = -5
[   80.4299] open name host:/livepad.bin flag 1 data 41378
[   80.4313] open fd = -5
[   80.4482] open name host:/livepad.bin flag 1 data 41378
[   80.4497] open fd = -5
[   80.4657] open name host:/livepad.bin flag 1 data 41378
[   80.4670] open fd = -5
[   80.4673] open name host:/livedbg.cmd flag 1 data 41378
[   80.4682] open fd = -5
[   80.4846] open name host:/livepad.bin flag 1 data 41378
[   80.4859] open fd = -5
[   80.5032] open name host:/livepad.bin flag 1 data 41378
[   80.5046] open fd = -5
[   80.5207] open name host:/livepad.bin flag 1 data 41378
[   80.5220] open fd = -5
[   80.5382] open name host:/livepad.bin flag 1 data 41378
[   80.5394] open fd = -5
[   80.5549] open name host:/livepad.bin flag 1 data 41378
[   80.5562] open fd = -5
[   80.5716] open name host:/livepad.bin flag 1 data 41378
[   80.5727] open fd = -5
[   80.5729] open name host:/livedbg.cmd flag 1 data 41378
[   80.5738] open fd = -5
[   80.5887] open name host:/livepad.bin flag 1 data 41378
[   80.5900] open fd = -5
[   80.6055] open name host:/livepad.bin flag 1 data 41378
[   80.6067] open fd = -5
[   80.6229] open name host:/livepad.bin flag 1 data 41378
[   80.6241] open fd = -5
[   80.6393] open name host:/livepad.bin flag 1 data 41378
[   80.6407] open fd = -5
[   80.6567] open name host:/livepad.bin flag 1 data 41378
[   80.6580] open fd = -5
[   80.6740] open name host:/livepad.bin flag 1 data 41378
[   80.6755] open fd = -5
[   80.6756] open name host:/livedbg.cmd flag 1 data 41378
[   80.6766] open fd = -5
[   80.6919] open name host:/livepad.bin flag 1 data 41378
[   80.6933] open fd = -5
[   80.6940] LOG: SKYORACLE scene=2 generation=3 count=504 equal=1 check=3360 bboxBefore=13473
[   80.7107] open name host:/livepad.bin flag 1 data 41378
[   80.7120] open fd = -5
[   80.7282] open name host:/livepad.bin flag 1 data 41378
[   80.7297] open fd = -5
[   80.7451] open name host:/livepad.bin flag 1 data 41378
[   80.7464] open fd = -5
[   80.7619] open name host:/livepad.bin flag 1 data 41378
[   80.7633] open fd = -5
[   80.7808] open name host:/livepad.bin flag 1 data 41378
[   80.7823] open fd = -5
[   80.7826] open name host:/livedbg.cmd flag 1 data 41378
[   80.7837] open fd = -5
[   80.7990] open name host:/livepad.bin flag 1 data 41378
[   80.8004] open fd = -5
[   80.8168] open name host:/livepad.bin flag 1 data 41378
[   80.8182] open fd = -5
[   80.8338] open name host:/livepad.bin flag 1 data 41378
[   80.8350] open fd = -5
[   80.8508] open name host:/livepad.bin flag 1 data 41378
[   80.8521] open fd = -5
[   80.8675] open name host:/livepad.bin flag 1 data 41378
[   80.8689] open fd = -5
[   80.8841] open name host:/livepad.bin flag 1 data 41378
[   80.8853] open fd = -5
[   80.8855] open name host:/livedbg.cmd flag 1 data 41378
[   80.8864] open fd = -5
[   80.9019] open name host:/livepad.bin flag 1 data 41378
[   80.9032] open fd = -5
[   80.9189] open name host:/livepad.bin flag 1 data 41378
[   80.9207] open fd = -5
[   80.9357] open name host:/livepad.bin flag 1 data 41378
[   80.9368] open fd = -5
[   80.9527] open name host:/livepad.bin flag 1 data 41378
[   80.9540] open fd = -5
[   80.9695] open name host:/livepad.bin flag 1 data 41378
[   80.9706] open fd = -5
[   80.9858] open name host:/livepad.bin flag 1 data 41378
[   80.9869] open fd = -5
[   80.9871] open name host:/livedbg.cmd flag 1 data 41378
[   80.9880] open fd = -5
[   81.0033] open name host:/livepad.bin flag 1 data 41378
[   81.0045] open fd = -5
[   81.0206] open name host:/livepad.bin flag 1 data 41378
[   81.0221] open fd = -5
[   81.0387] open name host:/livepad.bin flag 1 data 41378
[   81.0400] open fd = -5
[   81.0573] open name host:/livepad.bin flag 1 data 41378
[   81.0586] open fd = -5
[   81.0742] open name host:/livepad.bin flag 1 data 41378
[   81.0755] open fd = -5
[   81.0911] open name host:/livepad.bin flag 1 data 41378
[   81.0924] open fd = -5
[   81.0926] open name host:/livedbg.cmd flag 1 data 41378
[   81.0936] open fd = -5
[   81.1093] open name host:/livepad.bin flag 1 data 41378
[   81.1107] open fd = -5
[   81.1269] open name host:/livepad.bin flag 1 data 41378
[   81.1282] open fd = -5
[   81.1449] open name host:/livepad.bin flag 1 data 41378
[   81.1460] open fd = -5
[   81.1620] open name host:/livepad.bin flag 1 data 41378
[   81.1633] open fd = -5
[   81.1789] open name host:/livepad.bin flag 1 data 41378
[   81.1802] open fd = -5
[   81.1963] open name host:/livepad.bin flag 1 data 41378
[   81.1976] open fd = -5
[   81.1977] open name host:/livedbg.cmd flag 1 data 41378
[   81.1987] open fd = -5
[   81.2143] open name host:/livepad.bin flag 1 data 41378
[   81.2156] open fd = -5
[   81.2311] open name host:/livepad.bin flag 1 data 41378
[   81.2324] open fd = -5
[   81.2480] open name host:/livepad.bin flag 1 data 41378
[   81.2492] open fd = -5
[   81.2644] open name host:/livepad.bin flag 1 data 41378
[   81.2658] open fd = -5
[   81.2812] open name host:/livepad.bin flag 1 data 41378
[   81.2826] open fd = -5
[   81.2986] open name host:/livepad.bin flag 1 data 41378
[   81.3002] open fd = -5
[   81.3004] open name host:/livedbg.cmd flag 1 data 41378
[   81.3013] open fd = -5
[   81.3163] open name host:/livepad.bin flag 1 data 41378
[   81.3175] open fd = -5
[   81.3344] open name host:/livepad.bin flag 1 data 41378
[   81.3355] open fd = -5
[   81.3506] open name host:/livepad.bin flag 1 data 41378
[   81.3519] open fd = -5
[   81.3673] open name host:/livepad.bin flag 1 data 41378
[   81.3685] open fd = -5
[   81.3841] open name host:/livepad.bin flag 1 data 41378
[   81.3852] open fd = -5
[   81.4003] open name host:/livepad.bin flag 1 data 41378
[   81.4015] open fd = -5
[   81.4019] open name host:/livedbg.cmd flag 1 data 41378
[   81.4028] open fd = -5
[   81.4180] open name host:/livepad.bin flag 1 data 41378
[   81.4192] open fd = -5
[   81.4348] open name host:/livepad.bin flag 1 data 41378
[   81.4360] open fd = -5
[   81.4524] FRAMEARENA frames=3600 peak=1048400 resets=5 fallbacks=0 maxFrameBytes=2731360 maxBorrowed=2045696 freeKiB=8152
[   81.4525] NATIVEVIF frames=3600 batches=3605
[   81.4526] ORDEREDFRAME frames=3600 splitFrames=4
[   81.4527] FRAMEPIPELINE starts=3600 dmaBusyStarts=170
[   81.4528] open name host:/livepad.bin flag 1 data 41378
[   81.4540] open fd = -5
[   81.4692] open name host:/livepad.bin flag 1 data 41378
[   81.4705] open fd = -5
[   81.4860] open name host:/livepad.bin flag 1 data 41378
[   81.4873] open fd = -5
[   81.5033] open name host:/livepad.bin flag 1 data 41378
[   81.5045] open fd = -5
[   81.5047] open name host:/livedbg.cmd flag 1 data 41378
[   81.5056] open fd = -5
[   81.5214] open name host:/livepad.bin flag 1 data 41378
[   81.5226] open fd = -5
[   81.5400] open name host:/livepad.bin flag 1 data 41378
[   81.5417] open fd = -5
[   81.5573] open name host:/livepad.bin flag 1 data 41378
[   81.5587] open fd = -5
[   81.5748] open name host:/livepad.bin flag 1 data 41378
[   81.5759] open fd = -5
[   81.5922] open name host:/livepad.bin flag 1 data 41378
[   81.5934] open fd = -5
[   81.6089] open name host:/livepad.bin flag 1 data 41378
[   81.6103] open fd = -5
[   81.6106] open name host:/livedbg.cmd flag 1 data 41378
[   81.6116] open fd = -5
[   81.6271] open name host:/livepad.bin flag 1 data 41378
[   81.6285] open fd = -5
[   81.6440] open name host:/livepad.bin flag 1 data 41378
[   81.6451] open fd = -5
[   81.6609] open name host:/livepad.bin flag 1 data 41378
[   81.6623] open fd = -5
[   81.6773] open name host:/livepad.bin flag 1 data 41378
[   81.6789] open fd = -5
[   81.6948] open name host:/livepad.bin flag 1 data 41378
[   81.6960] open fd = -5
[   81.7116] open name host:/livepad.bin flag 1 data 41378
[   81.7129] open fd = -5
[   81.7131] open name host:/livedbg.cmd flag 1 data 41378
[   81.7141] open fd = -5
[   81.7302] open name host:/livepad.bin flag 1 data 41378
[   81.7314] open fd = -5
[   81.7320] LOG: SKYWARM scene=2 generation=3 count=504 check=3420
[   81.7472] open name host:/livepad.bin flag 1 data 41378
[   81.7484] open fd = -5
[   81.7641] open name host:/livepad.bin flag 1 data 41378
[   81.7652] open fd = -5
[   81.7807] open name host:/livepad.bin flag 1 data 41378
[   81.7819] open fd = -5
[   81.7966] open name host:/livepad.bin flag 1 data 41378
[   81.7978] open fd = -5
[   81.8138] open name host:/livepad.bin flag 1 data 41378
[   81.8154] open fd = -5
[   81.8156] open name host:/livedbg.cmd flag 1 data 41378
[   81.8166] open fd = -5
[   81.8323] open name host:/livepad.bin flag 1 data 41378
[   81.8336] open fd = -5
[   81.8346] open name host:/log.txt flag 302 data 41378
[   81.8362] open fd = 256
[   81.8543] open name host:/livepad.bin flag 1 data 41378
[   81.8556] open fd = -5
[   81.8712] open name host:/livepad.bin flag 1 data 41378
[   81.8725] open fd = -5
[   81.8875] open name host:/livepad.bin flag 1 data 41378
[   81.8887] open fd = -5
[   81.9053] open name host:/livepad.bin flag 1 data 41378
[   81.9066] open fd = -5
[   81.9234] open name host:/livepad.bin flag 1 data 41378
[   81.9247] open fd = -5
[   81.9249] open name host:/livedbg.cmd flag 1 data 41378
[   81.9259] open fd = -5
[   81.9436] open name host:/livepad.bin flag 1 data 41378
[   81.9448] open fd = -5
[   81.9606] open name host:/livepad.bin flag 1 data 41378
[   81.9618] open fd = -5
[   81.9779] open name host:/livepad.bin flag 1 data 41378
[   81.9792] open fd = -5
[   81.9944] open name host:/livepad.bin flag 1 data 41378
[   81.9956] open fd = -5
[   82.0107] open name host:/livepad.bin flag 1 data 41378
[   82.0119] open fd = -5
[   82.0281] open name host:/livepad.bin flag 1 data 41378
[   82.0294] open fd = -5
[   82.0295] open name host:/livedbg.cmd flag 1 data 41378
[   82.0307] open fd = -5
[   82.0471] open name host:/livepad.bin flag 1 data 41378
[   82.0485] open fd = -5
[   82.0643] open name host:/livepad.bin flag 1 data 41378
[   82.0656] open fd = -5
[   82.0814] open name host:/livepad.bin flag 1 data 41378
[   82.0827] open fd = -5
[   82.0983] open name host:/livepad.bin flag 1 data 41378
[   82.1002] open fd = -5
[   82.1157] open name host:/livepad.bin flag 1 data 41378
[   82.1170] open fd = -5
[   82.1330] open name host:/livepad.bin flag 1 data 41378
[   82.1342] open fd = -5
[   82.1344] open name host:/livedbg.cmd flag 1 data 41378
[   82.1355] open fd = -5
[   82.1517] open name host:/livepad.bin flag 1 data 41378
[   82.1530] open fd = -5
[   82.1685] open name host:/livepad.bin flag 1 data 41378
[   82.1698] open fd = -5
[   82.1849] open name host:/livepad.bin flag 1 data 41378
[   82.1861] open fd = -5
[   82.2022] open name host:/livepad.bin flag 1 data 41378
[   82.2034] open fd = -5
[   82.2194] open name host:/livepad.bin flag 1 data 41378
[   82.2207] open fd = -5
[   82.2363] open name host:/livepad.bin flag 1 data 41378
[   82.2374] open fd = -5
[   82.2376] open name host:/livedbg.cmd flag 1 data 41378
[   82.2386] open fd = -5
[   82.2538] open name host:/livepad.bin flag 1 data 41378
[   82.2550] open fd = -5
[   82.2702] open name host:/livepad.bin flag 1 data 41378
[   82.2716] open fd = -5
[   82.2865] open name host:/livepad.bin flag 1 data 41378
[   82.2877] open fd = -5
[   82.3034] open name host:/livepad.bin flag 1 data 41378
[   82.3047] open fd = -5
[   82.3202] open name host:/livepad.bin flag 1 data 41378
[   82.3215] open fd = -5
[   82.3372] open name host:/livepad.bin flag 1 data 41378
[   82.3384] open fd = -5
[   82.3385] open name host:/livedbg.cmd flag 1 data 41378
[   82.3397] open fd = -5
[   82.3565] open name host:/livepad.bin flag 1 data 41378
[   82.3581] open fd = -5
[   82.3750] open name host:/livepad.bin flag 1 data 41378
[   82.3762] open fd = -5
[   82.3929] open name host:/livepad.bin flag 1 data 41378
[   82.3942] open fd = -5
[   82.4095] open name host:/livepad.bin flag 1 data 41378
[   82.4107] open fd = -5
[   82.4260] open name host:/livepad.bin flag 1 data 41378
[   82.4273] open fd = -5
[   82.4431] open name host:/livepad.bin flag 1 data 41378
[   82.4443] open fd = -5
[   82.4445] open name host:/livedbg.cmd flag 1 data 41378
[   82.4454] open fd = -5
[   82.4602] open name host:/livepad.bin flag 1 data 41378
[   82.4616] open fd = -5
[   82.4769] open name host:/livepad.bin flag 1 data 41378
[   82.4780] open fd = -5
[   82.4934] open name host:/livepad.bin flag 1 data 41378
[   82.4947] open fd = -5
[   82.5106] open name host:/livepad.bin flag 1 data 41378
[   82.5119] open fd = -5
[   82.5270] open name host:/livepad.bin flag 1 data 41378
[   82.5283] open fd = -5
[   82.5437] open name host:/livepad.bin flag 1 data 41378
[   82.5450] open fd = -5
[   82.5451] open name host:/livedbg.cmd flag 1 data 41378
[   82.5462] open fd = -5
[   82.5621] open name host:/livepad.bin flag 1 data 41378
[   82.5634] open fd = -5
[   82.5791] open name host:/livepad.bin flag 1 data 41378
[   82.5802] open fd = -5
[   82.5964] open name host:/livepad.bin flag 1 data 41378
[   82.5977] open fd = -5
[   82.6131] open name host:/livepad.bin flag 1 data 41378
[   82.6144] open fd = -5
[   82.6291] open name host:/livepad.bin flag 1 data 41378
[   82.6305] open fd = -5
[   82.6459] open name host:/livepad.bin flag 1 data 41378
[   82.6472] open fd = -5
[   82.6473] open name host:/livedbg.cmd flag 1 data 41378
[   82.6487] open fd = -5
[   82.6638] open name host:/livepad.bin flag 1 data 41378
[   82.6650] open fd = -5
[   82.6808] open name host:/livepad.bin flag 1 data 41378
[   82.6822] open fd = -5
[   82.6984] open name host:/livepad.bin flag 1 data 41378
[   82.6997] open fd = -5
[   82.7151] open name host:/livepad.bin flag 1 data 41378
[   82.7162] open fd = -5
[   82.7314] open name host:/livepad.bin flag 1 data 41378
[   82.7328] open fd = -5
[   82.7494] open name host:/log.txt flag 302 data 41378
[   82.7513] open fd = 256
[   82.7532] open name host:/livepad.bin flag 1 data 41378
[   82.7542] open fd = -5
[   82.7543] open name host:/livedbg.cmd flag 1 data 41378
[   82.7553] open fd = -5
[   82.7720] open name host:/livepad.bin flag 1 data 41378
[   82.7733] open fd = -5
[   82.7739] LOG: SKYORACLE scene=2 generation=3 count=504 equal=1 check=3480 bboxBefore=13654
[   82.7891] open name host:/livepad.bin flag 1 data 41378
[   82.7904] open fd = -5
[   82.8065] open name host:/livepad.bin flag 1 data 41378
[   82.8080] open fd = -5
[   82.8237] open name host:/livepad.bin flag 1 data 41378
[   82.8249] open fd = -5
[   82.8399] open name host:/livepad.bin flag 1 data 41378
[   82.8414] open fd = -5
[   82.8583] open name host:/livepad.bin flag 1 data 41378
[   82.8598] open fd = -5
[   82.8600] open name host:/livedbg.cmd flag 1 data 41378
[   82.8611] open fd = -5
[   82.8766] open name host:/livepad.bin flag 1 data 41378
[   82.8782] open fd = -5
[   82.8946] open name host:/livepad.bin flag 1 data 41378
[   82.8958] open fd = -5
[   82.9113] open name host:/livepad.bin flag 1 data 41378
[   82.9125] open fd = -5
[   82.9285] open name host:/livepad.bin flag 1 data 41378
[   82.9298] open fd = -5
[   82.9459] open name host:/livepad.bin flag 1 data 41378
[   82.9472] open fd = -5
[   82.9632] open name host:/livepad.bin flag 1 data 41378
[   82.9643] open fd = -5
[   82.9645] open name host:/livedbg.cmd flag 1 data 41378
[   82.9654] open fd = -5
[   82.9775] open name host:/livepad.bin flag 1 data 41378
[   82.9786] open fd = -5
[   82.9916] open name host:/livepad.bin flag 1 data 41378
[   82.9928] open fd = -5
[   83.0058] open name host:/livepad.bin flag 1 data 41378
[   83.0068] open fd = -5
[   83.0397] open name host:/vehicles/veh-ravager000001-shadow.png flag 1 data 41378
[   83.0420] open fd = 256
[   83.0429] open name host:/vehicles/veh-ravager000001-shadow.png flag 1 data 41378
[   83.0447] open fd = 256
[   83.0495] open name host:/vehicles/veh-pica00000001-shadow.png flag 1 data 41378
[   83.0517] open fd = 256
[   83.0525] open name host:/vehicles/veh-pica00000001-shadow.png flag 1 data 41378
[   83.0543] open fd = 256
[   83.0671] open name host:/vehicles/veh-strix0000001-shadow.png flag 1 data 41378
[   83.0691] open fd = 256
[   83.0701] open name host:/vehicles/veh-strix0000001-shadow.png flag 1 data 41378
[   83.0724] open fd = 256
[   83.0831] open name host:/shadowatlas/scene0-0.png flag 1 data 41378
[   83.0856] open fd = 256
[   83.0865] open name host:/shadowatlas/scene0-0.png flag 1 data 41378
[   83.0883] open fd = 256
[   83.1008] open name host:/shadowatlas/scene0-1.png flag 1 data 41378
[   83.1031] open fd = 256
[   83.1038] open name host:/shadowatlas/scene0-1.png flag 1 data 41378
[   83.1056] open fd = 256
[   83.1380] open name host:/materials/district-asphalt.mtl flag 1 data 41378
[   83.1403] open fd = 256
[   83.1426] open name host:/textures/district-asphalt.png flag 1 data 41378
[   83.1445] open fd = 256
[   83.1452] open name host:/textures/district-asphalt.png flag 1 data 41378
[   83.1473] open fd = 256
[   83.1624] open name host:/materials/district-sign.mtl flag 1 data 41378
[   83.1646] open fd = 256
[   83.1667] open name host:/textures/district-sign.png flag 1 data 41378
[   83.1686] open fd = 256
[   83.1695] open name host:/textures/district-sign.png flag 1 data 41378
[   83.1716] open fd = 256
[   83.1754] open name host:/materials/night-warm.mtl flag 1 data 41378
[   83.1774] open fd = 256
[   83.1795] open name host:/materials/night-cyan.mtl flag 1 data 41378
[   83.1814] open fd = 256
[   83.1832] open name host:/materials/night-pink.mtl flag 1 data 41378
[   83.1851] open fd = 256
[   83.1869] open name host:/models/urban/district-workshop.tmdl flag 1 data 41378
[   83.1892] open fd = 256
[   83.1917] open name host:/models/urban/Textures/district-facades.png flag 1 data 41378
[   83.1945] open fd = 256
[   83.1956] open name host:/models/urban/Textures/district-facades.png flag 1 data 41378
[   83.1986] open fd = 256
[   83.2230] open name host:/models/urban/district-tower.tmdl flag 1 data 41378
[   83.2257] open fd = 256
[   83.2281] open name host:/models/urban/district-loft.tmdl flag 1 data 41378
[   83.2308] open fd = 256
[   83.2331] open name host:/models/urban/detail-light-double.tmdl flag 1 data 41378
[   83.2354] open fd = 256
[   83.2441] open name host:/models/urban/Textures/metal.png flag 1 data 41378
[   83.2483] open fd = 256
[   83.2495] open name host:/models/urban/Textures/metal.png flag 1 data 41378
[   83.2526] open fd = 256
[   83.2632] open name host:/models/urban/detail-light-traffic.tmdl flag 1 data 41378
[   83.2661] open fd = 256
[   83.2764] open name host:/models/urban/Textures/roof.png flag 1 data 41378
[   83.2798] open fd = 256
[   83.2811] open name host:/models/urban/Textures/roof.png flag 1 data 41378
[   83.2842] open fd = 256
[   83.2874] open name host:/models/urban/tree-park-large.tmdl flag 1 data 41378
[   83.2901] open fd = 256
[   83.2977] open name host:/models/urban/Textures/treeA.png flag 1 data 41378
[   83.3009] open fd = 256
[   83.3020] open name host:/models/urban/Textures/treeA.png flag 1 data 41378
[   83.3046] open fd = 256
[   83.3155] open name host:/models/urban/Textures/tiles.png flag 1 data 41378
[   83.3189] open fd = 256
[   83.3201] open name host:/models/urban/Textures/tiles.png flag 1 data 41378
[   83.3230] open fd = 256
[   83.3260] open name host:/models/urban/Textures/dirt.png flag 1 data 41378
[   83.3290] open fd = 256
[   83.3302] open name host:/models/urban/Textures/dirt.png flag 1 data 41378
[   83.3332] open fd = 256
[   83.3363] open name host:/models/urban/tree-park-pine-large.tmdl flag 1 data 41378
[   83.3388] open fd = 256
[   83.3458] open name host:/models/urban/Textures/treeB.png flag 1 data 41378
[   83.3487] open fd = 256
[   83.3499] open name host:/models/urban/Textures/treeB.png flag 1 data 41378
[   83.3527] open fd = 256
[   83.3555] open name host:/models/urban/detail-barrier-type-a.tmdl flag 1 data 41378
[   83.3578] open fd = 256
[   83.3702] open name host:/models/urban/Textures/signs.png flag 1 data 41378
[   83.3730] open fd = 256
[   83.3740] open name host:/models/urban/Textures/signs.png flag 1 data 41378
[   83.3767] open fd = 256
[   83.3792] open name host:/models/urban/detail-dumpster-closed.tmdl flag 1 data 41378
[   83.3816] open fd = 256
[   83.3852] open name host:/models/urban/Textures/metal_wall.png flag 1 data 41378
[   83.3879] open fd = 256
[   83.3889] open name host:/models/urban/Textures/metal_wall.png flag 1 data 41378
[   83.3917] open fd = 256
[   83.3948] open name host:/models/urban/Textures/wall.png flag 1 data 41378
[   83.3979] open fd = 256
[   83.3991] open name host:/models/urban/Textures/wall.png flag 1 data 41378
[   83.4021] open fd = 256
[   83.4049] open name host:/models/urban/detail-bench.tmdl flag 1 data 41378
[   83.4073] open fd = 256
[   83.4219] open name host:/models/urban/Textures/planks.png flag 1 data 41378
[   83.4250] open fd = 256
[   83.4260] open name host:/models/urban/Textures/planks.png flag 1 data 41378
[   83.4287] open fd = 256
[   83.4325] open name host:/models/urban/pallet.tmdl flag 1 data 41378
[   83.4351] open fd = 256
[   83.4431] open name host:/sky/scene0.png flag 1 data 41378
[   83.4451] open fd = 256
[   83.4458] open name host:/sky/scene0.png flag 1 data 41378
[   83.4478] open fd = 256
[   83.7398] open name host:/vehicles/fx-skid.png flag 1 data 41378
[   83.7423] open fd = 256
[   83.7431] open name host:/vehicles/fx-skid.png flag 1 data 41378
[   83.7449] open fd = 256
[   83.7598] open name host:/vehicles/fx-smoke.png flag 1 data 41378
[   83.7621] open fd = 256
[   83.7629] open name host:/vehicles/fx-smoke.png flag 1 data 41378
[   83.7653] open fd = 256
[   83.7689] open name host:/log.txt flag 302 data 41378
[   83.7707] open fd = 256
[   83.7722] open name host:/vehicles/veh-ravager000001-wheel.tmdl flag 1 data 41378
[   83.7741] open fd = 256
[   83.7817] open name host:/vehicles/veh-ravager000001-wheelfast.tmdl flag 1 data 41378
[   83.7835] open fd = 256
[   83.7898] open name host:/log.txt flag 302 data 41378
[   83.7911] open fd = 256
[   83.7924] open name host:/vehicles/veh-pica00000001-wheel.tmdl flag 1 data 41378
[   83.7943] open fd = 256
[   83.8100] open name host:/vehicles/veh-pica00000001-wheelfast.tmdl flag 1 data 41378
[   83.8121] open fd = 256
[   83.8184] open name host:/log.txt flag 302 data 41378
[   83.8199] open fd = 256
[   83.8213] open name host:/vehicles/veh-strix0000001-wheel.tmdl flag 1 data 41378
[   83.8232] open fd = 256
[   83.8307] open name host:/vehicles/veh-strix0000001-wheelfast.tmdl flag 1 data 41378
[   83.8329] open fd = 256
[   83.8474] open name host:/log.txt flag 302 data 41378
[   83.8492] open fd = 256
[   83.8509] open name host:/log.txt flag 302 data 41378
[   83.8523] open fd = 256
[   83.8537] open name host:/log.txt flag 302 data 41378
[   83.8553] open fd = 256
[   83.9587] open name host:/log.txt flag 302 data 41378
[   83.9606] open fd = 256
[   83.9752] open name host:/log.txt flag 302 data 41378
[   83.9770] open fd = 256
[   83.9784] open name host:/log.txt flag 302 data 41378
[   83.9802] open fd = 256
[   83.9830] open name host:/gshadow/s0_2_1.png flag 1 data 41378
[   83.9852] open fd = 256
[   83.9861] open name host:/gshadow/s0_2_1.png flag 1 data 41378
[   83.9881] open fd = 256
[   83.9980] open name host:/log.txt flag 302 data 41378
[   83.9995] open fd = 256
[   84.0016] open name host:/log.txt flag 302 data 41378
[   84.0033] open fd = 256
[   84.0053] open name host:/gshadow/s0_1_1.png flag 1 data 41378
[   84.0072] open fd = 256
[   84.0084] open name host:/gshadow/s0_1_1.png flag 1 data 41378
[   84.0105] open fd = 256
[   84.0209] open name host:/log.txt flag 302 data 41378
[   84.0225] open fd = 256
[   84.0241] open name host:/gshadow/s0_3_1.png flag 1 data 41378
[   84.0264] open fd = 256
[   84.0276] open name host:/gshadow/s0_3_1.png flag 1 data 41378
[   84.0297] open fd = 256
[   84.0334] open name host:/log.txt flag 302 data 41378
[   84.0350] open fd = 256
[   84.0370] open name host:/log.txt flag 302 data 41378
[   84.0386] open fd = 256
[   84.0401] open name host:/gshadow/s0_2_2.png flag 1 data 41378
[   84.0419] open fd = 256
[   84.0426] open name host:/gshadow/s0_2_2.png flag 1 data 41378
[   84.0443] open fd = 256
[   84.0550] open name host:/log.txt flag 302 data 41378
[   84.0568] open fd = 256
[   84.0586] open name host:/log.txt flag 302 data 41378
[   84.0600] open fd = 256
[   84.0617] open name host:/gshadow/s0_1_2.png flag 1 data 41378
[   84.0638] open fd = 256
[   84.0647] open name host:/gshadow/s0_1_2.png flag 1 data 41378
[   84.0669] open fd = 256
[   84.0702] open name host:/log.txt flag 302 data 41378
[   84.0717] open fd = 256
[   84.0733] open name host:/gshadow/s0_3_2.png flag 1 data 41378
[   84.0753] open fd = 256
[   84.0761] open name host:/gshadow/s0_3_2.png flag 1 data 41378
[   84.0780] open fd = 256
[   84.0994] open name host:/log.txt flag 302 data 41378
[   84.1012] open fd = 256
[   84.1029] open name host:/gshadow/s0_0_1.png flag 1 data 41378
[   84.1048] open fd = 256
[   84.1055] open name host:/gshadow/s0_0_1.png flag 1 data 41378
[   84.1081] open fd = 256
[   84.1116] open name host:/log.txt flag 302 data 41378
[   84.1132] open fd = 256
[   84.1147] open name host:/gshadow/s0_4_1.png flag 1 data 41378
[   84.1168] open fd = 256
[   84.1176] open name host:/gshadow/s0_4_1.png flag 1 data 41378
[   84.1199] open fd = 256
[   84.1235] open name host:/log.txt flag 302 data 41378
[   84.1251] open fd = 256
[   84.1267] open name host:/log.txt flag 302 data 41378
[   84.1282] open fd = 256
[   84.1377] open name host:/gshadow/s0_4_0.png flag 1 data 41378
[   84.1398] open fd = 256
[   84.1407] open name host:/gshadow/s0_4_0.png flag 1 data 41378
[   84.1425] open fd = 256
[   84.1457] open name host:/log.txt flag 302 data 41378
[   84.1475] open fd = 256
[   84.1494] open name host:/gshadow/s0_2_3.png flag 1 data 41378
[   84.1518] open fd = 256
[   84.1528] open name host:/gshadow/s0_2_3.png flag 1 data 41378
[   84.1546] open fd = 256
[   84.1576] open name host:/log.txt flag 302 data 41378
[   84.1590] open fd = 256
[   84.1604] open name host:/gshadow/s0_0_2.png flag 1 data 41378
[   84.1622] open fd = 256
[   84.1630] open name host:/gshadow/s0_0_2.png flag 1 data 41378
[   84.1649] open fd = 256
[   84.1746] open name host:/log.txt flag 302 data 41378
[   84.1762] open fd = 256
[   84.1777] open name host:/gshadow/s0_4_2.png flag 1 data 41378
[   84.1798] open fd = 256
[   84.1806] open name host:/gshadow/s0_4_2.png flag 1 data 41378
[   84.1824] open fd = 256
[   84.1855] open name host:/log.txt flag 302 data 41378
[   84.1872] open fd = 256
[   84.1887] open name host:/gshadow/s0_1_3.png flag 1 data 41378
[   84.1906] open fd = 256
[   84.1913] open name host:/gshadow/s0_1_3.png flag 1 data 41378
[   84.1931] open fd = 256
[   84.2133] open name host:/log.txt flag 302 data 41378
[   84.2152] open fd = 256
[   84.2170] open name host:/gshadow/s0_3_3.png flag 1 data 41378
[   84.2192] open fd = 256
[   84.2199] open name host:/gshadow/s0_3_3.png flag 1 data 41378
[   84.2221] open fd = 256
[   84.2250] open name host:/log.txt flag 302 data 41378
[   84.2268] open fd = 256
[   84.2283] open name host:/gshadow/s0_0_3.png flag 1 data 41378
[   84.2307] open fd = 256
[   84.2316] open name host:/gshadow/s0_0_3.png flag 1 data 41378
[   84.2336] open fd = 256
[   84.2367] open name host:/log.txt flag 302 data 41378
[   84.2383] open fd = 256
[   84.2399] open name host:/gshadow/s0_4_3.png flag 1 data 41378
[   84.2418] open fd = 256
[   84.2426] open name host:/gshadow/s0_4_3.png flag 1 data 41378
[   84.2446] open fd = 256
[   84.2556] open name host:/log.txt flag 302 data 41378
[   84.2574] open fd = 256
[   84.2589] open name host:/livepad.bin flag 1 data 41378
[   84.2605] open fd = -5
[   84.2607] LOG: SKYMOTION scene=0 generation=4 stage=3 enabled=1
[   84.2609] open name host:/log.txt flag 302 data 41378
[   84.2624] open fd = 256
[   84.2743] open name host:/livepad.bin flag 1 data 41378
[   84.2755] open fd = -5
[   84.2903] open name host:/livepad.bin flag 1 data 41378
[   84.2917] open fd = -5
[   84.2918] open name host:/livedbg.cmd flag 1 data 41378
[   84.2928] open fd = -5
[   84.3070] open name host:/livepad.bin flag 1 data 41378
[   84.3084] open fd = -5
[   84.3242] open name host:/livepad.bin flag 1 data 41378
[   84.3255] open fd = -5
[   84.3406] FRAMEARENA frames=3720 peak=1048400 resets=5 fallbacks=0 maxFrameBytes=2731360 maxBorrowed=2045696 freeKiB=14842
[   84.3407] NATIVEVIF frames=3720 batches=3725
[   84.3408] ORDEREDFRAME frames=3720 splitFrames=4
[   84.3408] FRAMEPIPELINE starts=3720 dmaBusyStarts=185
[   84.3409] open name host:/livepad.bin flag 1 data 41378
[   84.3421] open fd = -5
[   84.3575] open name host:/livepad.bin flag 1 data 41378
[   84.3588] open fd = -5
[   84.3745] open name host:/livepad.bin flag 1 data 41378
[   84.3758] open fd = -5
[   84.3905] open name host:/livepad.bin flag 1 data 41378
[   84.3919] open fd = -5
[   84.3920] open name host:/livedbg.cmd flag 1 data 41378
[   84.3932] open fd = -5
[   84.4076] open name host:/livepad.bin flag 1 data 41378
[   84.4089] open fd = -5
[   84.4235] open name host:/livepad.bin flag 1 data 41378
[   84.4249] open fd = -5
[   84.4406] open name host:/livepad.bin flag 1 data 41378
[   84.4419] open fd = -5
[   84.4577] open name host:/livepad.bin flag 1 data 41378
[   84.4590] open fd = -5
[   84.4740] open name host:/livepad.bin flag 1 data 41378
[   84.4752] open fd = -5
[   84.4906] open name host:/livepad.bin flag 1 data 41378
[   84.4917] open fd = -5
[   84.4918] open name host:/livedbg.cmd flag 1 data 41378
[   84.4927] open fd = -5
[   84.5068] open name host:/livepad.bin flag 1 data 41378
[   84.5083] open fd = -5
[   84.5241] open name host:/livepad.bin flag 1 data 41378
[   84.5254] open fd = -5
[   84.5408] open name host:/livepad.bin flag 1 data 41378
[   84.5421] open fd = -5
[   84.5577] open name host:/livepad.bin flag 1 data 41378
[   84.5589] open fd = -5
[   84.5749] open name host:/livepad.bin flag 1 data 41378
[   84.5763] open fd = -5
[   84.5913] open name host:/livepad.bin flag 1 data 41378
[   84.5926] open fd = -5
[   84.5928] open name host:/livedbg.cmd flag 1 data 41378
[   84.5937] open fd = -5
[   84.6074] open name host:/livepad.bin flag 1 data 41378
[   84.6088] open fd = -5
[   84.6245] open name host:/livepad.bin flag 1 data 41378
[   84.6259] open fd = -5
[   84.6409] open name host:/livepad.bin flag 1 data 41378
[   84.6421] open fd = -5
[   84.6579] open name host:/livepad.bin flag 1 data 41378
[   84.6592] open fd = -5
[   84.6746] open name host:/livepad.bin flag 1 data 41378
[   84.6759] open fd = -5
[   84.6909] open name host:/livepad.bin flag 1 data 41378
[   84.6923] open fd = -5
[   84.6924] open name host:/livedbg.cmd flag 1 data 41378
[   84.6933] open fd = -5
[   84.7077] open name host:/livepad.bin flag 1 data 41378
[   84.7091] open fd = -5
[   84.7243] open name host:/livepad.bin flag 1 data 41378
[   84.7257] open fd = -5
[   84.7408] open name host:/livepad.bin flag 1 data 41378
[   84.7421] open fd = -5
[   84.7584] open name host:/livepad.bin flag 1 data 41378
[   84.7596] open fd = -5
[   84.7749] open name host:/livepad.bin flag 1 data 41378
[   84.7761] open fd = -5
[   84.7909] open name host:/livepad.bin flag 1 data 41378
[   84.7921] open fd = -5
[   84.7922] open name host:/livedbg.cmd flag 1 data 41378
[   84.7932] open fd = -5
[   84.8079] open name host:/livepad.bin flag 1 data 41378
[   84.8091] open fd = -5
[   84.8255] open name host:/livepad.bin flag 1 data 41378
[   84.8267] open fd = -5
[   84.8422] open name host:/livepad.bin flag 1 data 41378
[   84.8433] open fd = -5
[   84.8582] open name host:/livepad.bin flag 1 data 41378
[   84.8596] open fd = -5
[   84.8606] open name host:/log.txt flag 302 data 41378
[   84.8622] open fd = 256
[   84.8803] open name host:/log.txt flag 302 data 41378
[   84.8821] open fd = 256
[   84.8839] open name host:/log.txt flag 302 data 41378
[   84.8853] open fd = 256
[   84.8967] open name host:/log.txt flag 302 data 41378
[   84.8990] open fd = 256
[   84.9009] open name host:/log.txt flag 302 data 41378
[   84.9025] open fd = 256
[   84.9741] open name host:/log.txt flag 302 data 41378
[   84.9759] open fd = 256
[   85.0751] open name host:/log.txt flag 302 data 41378
[   85.0771] open fd = 256
[   85.0932] open name host:/log.txt flag 302 data 41378
[   85.0951] open fd = 256
[   85.1280] open name host:/livepad.bin flag 1 data 41378
[   85.1294] open fd = -5
[   85.1453] open name host:/log.txt flag 302 data 41378
[   85.1471] open fd = 256
[   85.1494] open name host:/log.txt flag 302 data 41378
[   85.1518] open fd = 256
[   85.1749] open name host:/livepad.bin flag 1 data 41378
[   85.1763] open fd = -5
[   85.1768] open name host:/livedbg.cmd flag 1 data 41378
[   85.1778] open fd = -5
[   85.1796] open name host:/log.txt flag 302 data 41378
[   85.1813] open fd = 256
[   85.1834] open name host:/log.txt flag 302 data 41378
[   85.1853] open fd = 256
[   85.2017] open name host:/livepad.bin flag 1 data 41378
[   85.2030] open fd = -5
[   85.2052] open name host:/log.txt flag 302 data 41378
[   85.2066] open fd = 256
[   85.2083] open name host:/log.txt flag 302 data 41378
[   85.2102] open fd = 256
[   85.2263] open name host:/livepad.bin flag 1 data 41378
[   85.2276] open fd = -5
[   85.2295] open name host:/log.txt flag 302 data 41378
[   85.2313] open fd = 256
[   85.2331] open name host:/log.txt flag 302 data 41378
[   85.2347] open fd = 256
[   85.2516] open name host:/livepad.bin flag 1 data 41378
[   85.2529] open fd = -5
[   85.2553] open name host:/log.txt flag 302 data 41378
[   85.2570] open fd = 256
[   85.2590] open name host:/log.txt flag 302 data 41378
[   85.2607] open fd = 256
[   85.2790] open name host:/livepad.bin flag 1 data 41378
[   85.2804] open fd = -5
[   85.2823] open name host:/log.txt flag 302 data 41378
[   85.2840] open fd = 256
[   85.2858] open name host:/log.txt flag 302 data 41378
[   85.2875] open fd = 256
[   85.3074] open name host:/livepad.bin flag 1 data 41378
[   85.3089] open fd = -5
[   85.3116] open name host:/log.txt flag 302 data 41378
[   85.3133] open fd = 256
[   85.3152] open name host:/log.txt flag 302 data 41378
[   85.3168] open fd = 256
[   85.3354] open name host:/livepad.bin flag 1 data 41378
[   85.3370] open fd = -5
[   85.3375] open name host:/livedbg.cmd flag 1 data 41378
[   85.3385] open fd = -5
[   85.3415] open name host:/log.txt flag 302 data 41378
[   85.3434] open fd = 256
[   85.3450] open name host:/log.txt flag 302 data 41378
[   85.3469] open fd = 256
[   85.3661] open name host:/livepad.bin flag 1 data 41378
[   85.3676] open fd = -5
[   85.3700] open name host:/log.txt flag 302 data 41378
[   85.3720] open fd = 256
[   85.3906] open name host:/livepad.bin flag 1 data 41378
[   85.3919] open fd = -5
[   85.3936] open name host:/log.txt flag 302 data 41378
[   85.3951] open fd = 256
[   85.4144] open name host:/livepad.bin flag 1 data 41378
[   85.4156] open fd = -5
[   85.4449] open name host:/livepad.bin flag 1 data 41378
[   85.4462] open fd = -5
[   85.4659] open name host:/livepad.bin flag 1 data 41378
[   85.4675] open fd = -5
[   85.4852] open name host:/livepad.bin flag 1 data 41378
[   85.4866] open fd = -5
[   85.4870] open name host:/livedbg.cmd flag 1 data 41378
[   85.4880] open fd = -5
[   85.5074] open name host:/livepad.bin flag 1 data 41378
[   85.5088] open fd = -5
[   85.5284] open name host:/livepad.bin flag 1 data 41378
[   85.5299] open fd = -5
[   85.5473] open name host:/livepad.bin flag 1 data 41378
[   85.5488] open fd = -5
[   85.5767] open name host:/livepad.bin flag 1 data 41378
[   85.5783] open fd = -5
[   85.5972] open name host:/livepad.bin flag 1 data 41378
[   85.5987] open fd = -5
[   85.6161] open name host:/livepad.bin flag 1 data 41378
[   85.6176] open fd = -5
[   85.6179] open name host:/livedbg.cmd flag 1 data 41378
[   85.6189] open fd = -5
[   85.6366] open name host:/livepad.bin flag 1 data 41378
[   85.6381] open fd = -5
[   85.6423] open name host:/log.txt flag 302 data 41378
[   85.6439] open fd = 256
[   85.6607] open name host:/livepad.bin flag 1 data 41378
[   85.6620] open fd = -5
[   85.6657] open name host:/log.txt flag 302 data 41378
[   85.6683] open fd = 256
[   85.6855] open name host:/livepad.bin flag 1 data 41378
[   85.6866] open fd = -5
[   85.6903] open name host:/log.txt flag 302 data 41378
[   85.6918] open fd = 256
[   85.7085] open name host:/livepad.bin flag 1 data 41378
[   85.7102] open fd = -5
[   85.7282] open name host:/livepad.bin flag 1 data 41378
[   85.7299] open fd = -5
[   85.7479] open name host:/livepad.bin flag 1 data 41378
[   85.7493] open fd = -5
[   85.7497] open name host:/livedbg.cmd flag 1 data 41378
[   85.7508] open fd = -5
[   85.7705] open name host:/livepad.bin flag 1 data 41378
[   85.7719] open fd = -5
[   85.7911] open name host:/livepad.bin flag 1 data 41378
[   85.7924] open fd = -5
[   85.8141] open name host:/livepad.bin flag 1 data 41378
[   85.8163] open fd = -5
[   85.8351] open name host:/livepad.bin flag 1 data 41378
[   85.8365] open fd = -5
[   85.8537] open name host:/livepad.bin flag 1 data 41378
[   85.8549] open fd = -5
[   85.8728] open name host:/livepad.bin flag 1 data 41378
[   85.8743] open fd = -5
[   85.8747] open name host:/livedbg.cmd flag 1 data 41378
[   85.8757] open fd = -5
[   85.8948] open name host:/livepad.bin flag 1 data 41378
[   85.8961] open fd = -5
[   85.9154] open name host:/livepad.bin flag 1 data 41378
[   85.9169] open fd = -5
[   85.9184] open name host:/log.txt flag 302 data 41378
[   85.9200] open fd = 256
[   85.9395] open name host:/livepad.bin flag 1 data 41378
[   85.9409] open fd = -5
[   85.9579] open name host:/livepad.bin flag 1 data 41378
[   85.9593] open fd = -5
[   85.9799] open name host:/livepad.bin flag 1 data 41378
[   85.9814] open fd = -5
[   86.0004] open name host:/livepad.bin flag 1 data 41378
[   86.0018] open fd = -5
[   86.0021] open name host:/livedbg.cmd flag 1 data 41378
[   86.0031] open fd = -5
[   86.0225] open name host:/livepad.bin flag 1 data 41378
[   86.0239] open fd = -5
[   86.0443] open name host:/livepad.bin flag 1 data 41378
[   86.0455] open fd = -5
[   86.0643] open name host:/livepad.bin flag 1 data 41378
[   86.0656] open fd = -5
[   86.0834] open name host:/livepad.bin flag 1 data 41378
[   86.0846] open fd = -5
[   86.1042] open name host:/livepad.bin flag 1 data 41378
[   86.1055] open fd = -5
[   86.1226] open name host:/livepad.bin flag 1 data 41378
[   86.1238] open fd = -5
[   86.1241] open name host:/livedbg.cmd flag 1 data 41378
[   86.1253] open fd = -5
[   86.1414] open name host:/livepad.bin flag 1 data 41378
[   86.1426] open fd = -5
[   86.1622] open name host:/livepad.bin flag 1 data 41378
[   86.1640] open fd = -5
[   86.1813] open name host:/livepad.bin flag 1 data 41378
[   86.1825] open fd = -5
[   86.2006] open name host:/livepad.bin flag 1 data 41378
[   86.2020] open fd = -5
[   86.2190] open name host:/livepad.bin flag 1 data 41378
[   86.2201] open fd = -5
[   86.2229] open name host:/log.txt flag 302 data 41378
[   86.2244] open fd = 256
[   86.2406] open name host:/livepad.bin flag 1 data 41378
[   86.2420] open fd = -5
[   86.2422] open name host:/livedbg.cmd flag 1 data 41378
[   86.2433] open fd = -5
[   86.2452] LOG: SKYWARM scene=0 generation=4 count=1152 check=3540
[   86.2614] open name host:/livepad.bin flag 1 data 41378
[   86.2629] open fd = -5
[   86.2828] open name host:/livepad.bin flag 1 data 41378
[   86.2843] open fd = -5
[   86.3078] open name host:/livepad.bin flag 1 data 41378
[   86.3092] open fd = -5
[   86.3309] open name host:/livepad.bin flag 1 data 41378
[   86.3323] open fd = -5
[   86.3538] open name host:/livepad.bin flag 1 data 41378
[   86.3551] open fd = -5
[   86.3751] open name host:/livepad.bin flag 1 data 41378
[   86.3764] open fd = -5
[   86.3767] open name host:/livedbg.cmd flag 1 data 41378
[   86.3778] open fd = -5
[   86.3983] open name host:/livepad.bin flag 1 data 41378
[   86.3999] open fd = -5
[   86.4187] open name host:/livepad.bin flag 1 data 41378
[   86.4200] open fd = -5
[   86.4380] open name host:/livepad.bin flag 1 data 41378
[   86.4395] open fd = -5
[   86.4407] open name host:/log.txt flag 302 data 41378
[   86.4424] open fd = 256
[   86.4628] open name host:/livepad.bin flag 1 data 41378
[   86.4640] open fd = -5
[   86.4832] open name host:/livepad.bin flag 1 data 41378
[   86.4845] open fd = -5
[   86.5024] open name host:/livepad.bin flag 1 data 41378
[   86.5038] open fd = -5
[   86.5041] open name host:/livedbg.cmd flag 1 data 41378
[   86.5052] open fd = -5
[   86.5252] open name host:/livepad.bin flag 1 data 41378
[   86.5266] open fd = -5
[   86.5452] open name host:/livepad.bin flag 1 data 41378
[   86.5466] open fd = -5
[   86.5655] open name host:/livepad.bin flag 1 data 41378
[   86.5666] open fd = -5
[   86.5840] open name host:/livepad.bin flag 1 data 41378
[   86.5852] open fd = -5
[   86.6039] open name host:/livepad.bin flag 1 data 41378
[   86.6056] open fd = -5
[   86.6232] open name host:/livepad.bin flag 1 data 41378
[   86.6245] open fd = -5
[   86.6248] open name host:/livedbg.cmd flag 1 data 41378
[   86.6258] open fd = -5
[   86.6439] open name host:/livepad.bin flag 1 data 41378
[   86.6453] open fd = -5
[   86.6635] open name host:/livepad.bin flag 1 data 41378
[   86.6649] open fd = -5
[   86.6831] open name host:/livepad.bin flag 1 data 41378
[   86.6845] open fd = -5
[   86.7038] open name host:/livepad.bin flag 1 data 41378
[   86.7058] open fd = -5
[   86.7256] open name host:/livepad.bin flag 1 data 41378
[   86.7269] open fd = -5
[   86.7306] open name host:/log.txt flag 302 data 41378
[   86.7326] open fd = 256
[   86.7491] open name host:/livepad.bin flag 1 data 41378
[   86.7505] open fd = -5
[   86.7510] open name host:/livedbg.cmd flag 1 data 41378
[   86.7520] open fd = -5
[   86.7727] open name host:/livepad.bin flag 1 data 41378
[   86.7741] open fd = -5
[   86.7911] open name host:/livepad.bin flag 1 data 41378
[   86.7924] open fd = -5
[   86.8120] open name host:/livepad.bin flag 1 data 41378
[   86.8132] open fd = -5
[   86.8311] open name host:/livepad.bin flag 1 data 41378
[   86.8324] open fd = -5
[   86.8507] open name host:/livepad.bin flag 1 data 41378
[   86.8520] open fd = -5
[   86.8727] open name host:/livepad.bin flag 1 data 41378
[   86.8741] open fd = -5
[   86.8744] open name host:/livedbg.cmd flag 1 data 41378
[   86.8754] open fd = -5
[   86.8938] open name host:/livepad.bin flag 1 data 41378
[   86.8952] open fd = -5
[   86.9133] open name host:/livepad.bin flag 1 data 41378
[   86.9146] open fd = -5
[   86.9315] open name host:/livepad.bin flag 1 data 41378
[   86.9326] open fd = -5
[   86.9489] open name host:/livepad.bin flag 1 data 41378
[   86.9503] open fd = -5
[   86.9521] open name host:/log.txt flag 302 data 41378
[   86.9537] open fd = 256
[   86.9718] open name host:/livepad.bin flag 1 data 41378
[   86.9732] open fd = -5
[   86.9896] open name host:/livepad.bin flag 1 data 41378
[   86.9907] open fd = -5
[   86.9910] open name host:/livedbg.cmd flag 1 data 41378
[   86.9919] open fd = -5
[   87.0094] open name host:/livepad.bin flag 1 data 41378
[   87.0108] open fd = -5
[   87.0282] open name host:/livepad.bin flag 1 data 41378
[   87.0297] open fd = -5
[   87.0468] FRAMEARENA frames=3840 peak=1048400 resets=7 fallbacks=0 maxFrameBytes=2731360 maxBorrowed=2045696 freeKiB=9406
[   87.0470] NATIVEVIF frames=3840 batches=3847
[   87.0471] ORDEREDFRAME frames=3840 splitFrames=5
[   87.0473] FRAMEPIPELINE starts=3840 dmaBusyStarts=185
[   87.0476] open name host:/livepad.bin flag 1 data 41378
[   87.0490] open fd = -5
[   87.0648] open name host:/livepad.bin flag 1 data 41378
[   87.0659] open fd = -5
[   87.0825] open name host:/livepad.bin flag 1 data 41378
[   87.0837] open fd = -5
[   87.1004] open name host:/livepad.bin flag 1 data 41378
[   87.1015] open fd = -5
[   87.1018] open name host:/livedbg.cmd flag 1 data 41378
[   87.1028] open fd = -5
[   87.1209] open name host:/livepad.bin flag 1 data 41378
[   87.1223] open fd = -5
[   87.1402] open name host:/livepad.bin flag 1 data 41378
[   87.1416] open fd = -5
[   87.1593] open name host:/livepad.bin flag 1 data 41378
[   87.1605] open fd = -5
[   87.1770] open name host:/livepad.bin flag 1 data 41378
[   87.1783] open fd = -5
[   87.1947] open name host:/livepad.bin flag 1 data 41378
[   87.1962] open fd = -5
[   87.2141] open name host:/livepad.bin flag 1 data 41378
[   87.2153] open fd = -5
[   87.2156] open name host:/livedbg.cmd flag 1 data 41378
[   87.2165] open fd = -5
[   87.2350] open name host:/livepad.bin flag 1 data 41378
[   87.2365] open fd = -5
[   87.2551] open name host:/livepad.bin flag 1 data 41378
[   87.2563] open fd = -5
[   87.2750] open name host:/livepad.bin flag 1 data 41378
[   87.2763] open fd = -5
[   87.2935] open name host:/livepad.bin flag 1 data 41378
[   87.2949] open fd = -5
[   87.3122] open name host:/livepad.bin flag 1 data 41378
[   87.3135] open fd = -5
[   87.3301] open name host:/livepad.bin flag 1 data 41378
[   87.3314] open fd = -5
[   87.3316] open name host:/livedbg.cmd flag 1 data 41378
[   87.3328] open fd = -5
[   87.3500] open name host:/livepad.bin flag 1 data 41378
[   87.3513] open fd = -5
[   87.3693] open name host:/livepad.bin flag 1 data 41378
[   87.3709] open fd = -5
[   87.3905] open name host:/livepad.bin flag 1 data 41378
[   87.3919] open fd = -5
[   87.4087] open name host:/livepad.bin flag 1 data 41378
[   87.4099] open fd = -5
[   87.4287] open name host:/livepad.bin flag 1 data 41378
[   87.4300] open fd = -5
[   87.4314] open name host:/log.txt flag 302 data 41378
[   87.4332] open fd = 256
[   87.4522] open name host:/livepad.bin flag 1 data 41378
[   87.4535] open fd = -5
[   87.4538] open name host:/livedbg.cmd flag 1 data 41378
[   87.4548] open fd = -5
[   87.4562] LOG: SKYORACLE scene=0 generation=4 count=1152 equal=1 check=3600 bboxBefore=13853
[   87.4713] open name host:/livepad.bin flag 1 data 41378
[   87.4728] open fd = -5
[   87.4911] open name host:/livepad.bin flag 1 data 41378
[   87.4923] open fd = -5
[   87.5090] open name host:/livepad.bin flag 1 data 41378
[   87.5104] open fd = -5
[   87.5282] open name host:/livepad.bin flag 1 data 41378
[   87.5294] open fd = -5
[   87.5472] open name host:/livepad.bin flag 1 data 41378
[   87.5485] open fd = -5
[   87.5649] open name host:/livepad.bin flag 1 data 41378
[   87.5663] open fd = -5
[   87.5666] open name host:/livedbg.cmd flag 1 data 41378
[   87.5676] open fd = -5
[   87.5842] open name host:/livepad.bin flag 1 data 41378
[   87.5855] open fd = -5
[   87.6037] open name host:/livepad.bin flag 1 data 41378
[   87.6049] open fd = -5
[   87.6233] open name host:/livepad.bin flag 1 data 41378
[   87.6245] open fd = -5
[   87.6434] open name host:/livepad.bin flag 1 data 41378
[   87.6449] open fd = -5
[   87.6633] open name host:/livepad.bin flag 1 data 41378
[   87.6646] open fd = -5
[   87.6838] open name host:/livepad.bin flag 1 data 41378
[   87.6851] open fd = -5
[   87.6855] open name host:/livedbg.cmd flag 1 data 41378
[   87.6866] open fd = -5
[   87.7028] open name host:/livepad.bin flag 1 data 41378
[   87.7042] open fd = -5
[   87.7076] open name host:/log.txt flag 302 data 41378
[   87.7092] open fd = 256
[   87.7243] open name host:/livepad.bin flag 1 data 41378
[   87.7257] open fd = -5
[   87.7422] open name host:/livepad.bin flag 1 data 41378
[   87.7436] open fd = -5
[   87.7608] open name host:/livepad.bin flag 1 data 41378
[   87.7621] open fd = -5
[   87.7797] open name host:/livepad.bin flag 1 data 41378
[   87.7810] open fd = -5
[   87.7989] open name host:/livepad.bin flag 1 data 41378
[   87.8005] open fd = -5
[   87.8009] open name host:/livedbg.cmd flag 1 data 41378
[   87.8020] open fd = -5
[   87.8198] open name host:/livepad.bin flag 1 data 41378
[   87.8212] open fd = -5
[   87.8400] open name host:/livepad.bin flag 1 data 41378
[   87.8413] open fd = -5
[   87.8580] open name host:/livepad.bin flag 1 data 41378
[   87.8594] open fd = -5
[   87.8752] open name host:/livepad.bin flag 1 data 41378
[   87.8765] open fd = -5
[   87.8936] open name host:/livepad.bin flag 1 data 41378
[   87.8949] open fd = -5
[   87.9118] open name host:/livepad.bin flag 1 data 41378
[   87.9130] open fd = -5
[   87.9133] open name host:/livedbg.cmd flag 1 data 41378
[   87.9142] open fd = -5
[   87.9153] open name host:/log.txt flag 302 data 41378
[   87.9168] open fd = 256
[   87.9353] open name host:/livepad.bin flag 1 data 41378
[   87.9366] open fd = -5
[   87.9530] open name host:/livepad.bin flag 1 data 41378
[   87.9543] open fd = -5
[   87.9709] open name host:/livepad.bin flag 1 data 41378
[   87.9724] open fd = -5
[   87.9894] open name host:/livepad.bin flag 1 data 41378
[   87.9910] open fd = -5
[   88.0078] open name host:/livepad.bin flag 1 data 41378
[   88.0092] open fd = -5
[   88.0253] open name host:/livepad.bin flag 1 data 41378
[   88.0265] open fd = -5
[   88.0268] open name host:/livedbg.cmd flag 1 data 41378
[   88.0278] open fd = -5
[   88.0443] open name host:/livepad.bin flag 1 data 41378
[   88.0458] open fd = -5
[   88.0617] open name host:/livepad.bin flag 1 data 41378
[   88.0631] open fd = -5
[   88.0796] open name host:/livepad.bin flag 1 data 41378
[   88.0812] open fd = -5
[   88.0980] open name host:/livepad.bin flag 1 data 41378
[   88.0994] open fd = -5
[   88.1161] open name host:/livepad.bin flag 1 data 41378
[   88.1173] open fd = -5
[   88.1344] open name host:/livepad.bin flag 1 data 41378
[   88.1355] open fd = -5
[   88.1358] open name host:/livedbg.cmd flag 1 data 41378
[   88.1368] open fd = -5
[   88.1530] open name host:/livepad.bin flag 1 data 41378
[   88.1542] open fd = -5
[   88.1701] open name host:/livepad.bin flag 1 data 41378
[   88.1714] open fd = -5
[   88.1888] open name host:/livepad.bin flag 1 data 41378
[   88.1904] open fd = -5
[   88.2067] open name host:/livepad.bin flag 1 data 41378
[   88.2080] open fd = -5
[   88.2266] open name host:/livepad.bin flag 1 data 41378
[   88.2279] open fd = -5
[   88.2436] open name host:/livepad.bin flag 1 data 41378
[   88.2448] open fd = -5
[   88.2452] open name host:/livedbg.cmd flag 1 data 41378
[   88.2462] open fd = -5
[   88.2650] open name host:/livepad.bin flag 1 data 41378
[   88.2665] open fd = -5
[   88.2840] open name host:/livepad.bin flag 1 data 41378
[   88.2852] open fd = -5
[   88.3009] open name host:/livepad.bin flag 1 data 41378
[   88.3022] open fd = -5
[   88.3185] open name host:/livepad.bin flag 1 data 41378
[   88.3198] open fd = -5
[   88.3362] open name host:/livepad.bin flag 1 data 41378
[   88.3376] open fd = -5
[   88.3547] open name host:/livepad.bin flag 1 data 41378
[   88.3560] open fd = -5
[   88.3562] open name host:/livedbg.cmd flag 1 data 41378
[   88.3573] open fd = -5
[   88.3734] open name host:/livepad.bin flag 1 data 41378
[   88.3746] open fd = -5
[   88.3759] open name host:/log.txt flag 302 data 41378
[   88.3775] open fd = 256
[   88.3958] open name host:/livepad.bin flag 1 data 41378
[   88.3971] open fd = -5
[   88.4138] open name host:/livepad.bin flag 1 data 41378
[   88.4150] open fd = -5
[   88.4314] open name host:/livepad.bin flag 1 data 41378
[   88.4326] open fd = -5
[   88.4505] open name host:/livepad.bin flag 1 data 41378
[   88.4518] open fd = -5
[   88.4683] open name host:/livepad.bin flag 1 data 41378
[   88.4697] open fd = -5
[   88.4701] open name host:/livedbg.cmd flag 1 data 41378
[   88.4711] open fd = -5
[   88.4885] open name host:/livepad.bin flag 1 data 41378
[   88.4897] open fd = -5
[   88.5072] open name host:/livepad.bin flag 1 data 41378
[   88.5085] open fd = -5
[   88.5245] open name host:/livepad.bin flag 1 data 41378
[   88.5256] open fd = -5
[   88.5431] open name host:/livepad.bin flag 1 data 41378
[   88.5444] open fd = -5
[   88.5617] open name host:/livepad.bin flag 1 data 41378
[   88.5631] open fd = -5
[   88.5808] open name host:/livepad.bin flag 1 data 41378
[   88.5822] open fd = -5
[   88.5825] open name host:/livedbg.cmd flag 1 data 41378
[   88.5834] open fd = -5
[   88.5843] LOG: SKYWARM scene=0 generation=4 count=1152 check=3660
[   88.5989] open name host:/livepad.bin flag 1 data 41378
[   88.6000] open fd = -5
[   88.6165] open name host:/livepad.bin flag 1 data 41378
[   88.6180] open fd = -5
[   88.6348] open name host:/livepad.bin flag 1 data 41378
[   88.6359] open fd = -5
[   88.6384] open name host:/log.txt flag 302 data 41378
[   88.6402] open fd = 256
[   88.6418] open name host:/log.txt flag 302 data 41378
[   88.6432] open fd = 256
[   88.6463] open name host:/log.txt flag 302 data 41378
[   88.6478] open fd = 256
[   88.6725] open name host:/livepad.bin flag 1 data 41378
[   88.6738] open fd = -5
[   88.6756] open name host:/log.txt flag 302 data 41378
[   88.6774] open fd = 256
[   88.6794] open name host:/log.txt flag 302 data 41378
[   88.6810] open fd = 256
[   88.6966] open name host:/livepad.bin flag 1 data 41378
[   88.6979] open fd = -5
[   88.7005] open name host:/log.txt flag 302 data 41378
[   88.7022] open fd = 256
[   88.7038] open name host:/log.txt flag 302 data 41378
[   88.7053] open fd = 256
[   88.7207] open name host:/livepad.bin flag 1 data 41378
[   88.7220] open fd = -5
[   88.7223] open name host:/livedbg.cmd flag 1 data 41378
[   88.7233] open fd = -5
[   88.7243] open name host:/log.txt flag 302 data 41378
[   88.7267] open fd = 256
[   88.7287] open name host:/log.txt flag 302 data 41378
[   88.7303] open fd = 256
[   88.7464] open name host:/livepad.bin flag 1 data 41378
[   88.7477] open fd = -5
[   88.7499] open name host:/log.txt flag 302 data 41378
[   88.7519] open fd = 256
[   88.7535] open name host:/log.txt flag 302 data 41378
[   88.7550] open fd = 256
[   88.7712] open name host:/livepad.bin flag 1 data 41378
[   88.7726] open fd = -5
[   88.7738] open name host:/log.txt flag 302 data 41378
[   88.7752] open fd = 256
[   88.7769] open name host:/log.txt flag 302 data 41378
[   88.7784] open fd = 256
[   88.7966] open name host:/livepad.bin flag 1 data 41378
[   88.7979] open fd = -5
[   88.8000] open name host:/log.txt flag 302 data 41378
[   88.8024] open fd = 256
[   88.8042] open name host:/log.txt flag 302 data 41378
[   88.8059] open fd = 256
[   88.8222] open name host:/livepad.bin flag 1 data 41378
[   88.8235] open fd = -5
[   88.8248] open name host:/log.txt flag 302 data 41378
[   88.8264] open fd = 256
[   88.8287] open name host:/log.txt flag 302 data 41378
[   88.8308] open fd = 256
[   88.8479] open name host:/livepad.bin flag 1 data 41378
[   88.8493] open fd = -5
[   88.8512] open name host:/log.txt flag 302 data 41378
[   88.8526] open fd = 256
[   88.8700] open name host:/livepad.bin flag 1 data 41378
[   88.8713] open fd = -5
[   88.8715] open name host:/livedbg.cmd flag 1 data 41378
[   88.8725] open fd = -5
[   88.8899] open name host:/livepad.bin flag 1 data 41378
[   88.8913] open fd = -5
[   88.8925] open name host:/log.txt flag 302 data 41378
[   88.8943] open fd = 256
[   88.9138] open name host:/livepad.bin flag 1 data 41378
[   88.9150] open fd = -5
[   88.9293] open name host:/livepad.bin flag 1 data 41378
[   88.9305] open fd = -5
[   88.9476] open name host:/livepad.bin flag 1 data 41378
[   88.9487] open fd = -5
[   88.9641] open name host:/livepad.bin flag 1 data 41378
[   88.9653] open fd = -5
[   88.9809] open name host:/livepad.bin flag 1 data 41378
[   88.9822] open fd = -5
[   88.9825] open name host:/livedbg.cmd flag 1 data 41378
[   88.9834] open fd = -5
[   88.9992] open name host:/livepad.bin flag 1 data 41378
[   89.0005] open fd = -5
[   89.0166] open name host:/livepad.bin flag 1 data 41378
[   89.0179] open fd = -5
[   89.0347] open name host:/livepad.bin flag 1 data 41378
[   89.0359] open fd = -5
[   89.0526] open name host:/livepad.bin flag 1 data 41378
[   89.0539] open fd = -5
[   89.0704] open name host:/livepad.bin flag 1 data 41378
[   89.0718] open fd = -5
[   89.0903] open name host:/livepad.bin flag 1 data 41378
[   89.0916] open fd = -5
[   89.0918] open name host:/livedbg.cmd flag 1 data 41378
[   89.0928] open fd = -5
[   89.1103] open name host:/livepad.bin flag 1 data 41378
[   89.1119] open fd = -5
[   89.1280] open name host:/livepad.bin flag 1 data 41378
[   89.1292] open fd = -5
[   89.1451] open name host:/livepad.bin flag 1 data 41378
[   89.1466] open fd = -5
[   89.1633] open name host:/livepad.bin flag 1 data 41378
[   89.1646] open fd = -5
[   89.1828] open name host:/livepad.bin flag 1 data 41378
[   89.1845] open fd = -5
[   89.1865] open name host:/log.txt flag 302 data 41378
[   89.1884] open fd = 256
[   89.2064] open name host:/livepad.bin flag 1 data 41378
[   89.2082] open fd = -5
[   89.2084] open name host:/livedbg.cmd flag 1 data 41378
[   89.2102] open fd = -5
[   89.2284] open name host:/livepad.bin flag 1 data 41378
[   89.2304] open fd = -5
[   89.2492] open name host:/livepad.bin flag 1 data 41378
[   89.2510] open fd = -5
[   89.2679] open name host:/livepad.bin flag 1 data 41378
[   89.2696] open fd = -5
[   89.2861] open name host:/livepad.bin flag 1 data 41378
[   89.2879] open fd = -5
[   89.2894] open name host:/log.txt flag 302 data 41378
[   89.2914] open fd = 256
[   89.2943] open name host:/log.txt flag 302 data 41378
[   89.2969] open fd = 256
[   89.3142] open name host:/livepad.bin flag 1 data 41378
[   89.3156] open fd = -5
[   89.3175] open name host:/log.txt flag 302 data 41378
[   89.3196] open fd = 256
[   89.3217] open name host:/log.txt flag 302 data 41378
[   89.3238] open fd = 256
[   89.3426] open name host:/livepad.bin flag 1 data 41378
[   89.3443] open fd = -5
[   89.3447] open name host:/livedbg.cmd flag 1 data 41378
[   89.3458] open fd = -5
[   89.3479] open name host:/log.txt flag 302 data 41378
[   89.3495] open fd = 256
[   89.3517] open name host:/log.txt flag 302 data 41378
[   89.3537] open fd = 256
[   89.3580] open name host:/log.txt flag 302 data 41378
[   89.3610] open fd = 256
[   89.3900] open name host:/livepad.bin flag 1 data 41378
[   89.3914] open fd = -5
[   89.3921] open name host:/log.txt flag 302 data 41378
[   89.3935] open fd = 256
[   89.3968] open name host:/log.txt flag 302 data 41378
[   89.3985] open fd = 256
[   89.4001] open name host:/log.txt flag 302 data 41378
[   89.4017] open fd = 256
[   89.4292] open name host:/livepad.bin flag 1 data 41378
[   89.4307] open fd = -5
[   89.4317] open name host:/log.txt flag 302 data 41378
[   89.4342] open fd = 256
[   89.4361] open name host:/log.txt flag 302 data 41378
[   89.4377] open fd = 256
[   89.4546] FRAMEARENA frames=3960 peak=1048400 resets=7 fallbacks=0 maxFrameBytes=2731360 maxBorrowed=2045696 freeKiB=9885
[   89.4548] NATIVEVIF frames=3960 batches=3967
[   89.4550] ORDEREDFRAME frames=3960 splitFrames=5
[   89.4551] FRAMEPIPELINE starts=3960 dmaBusyStarts=185
[   89.4553] open name host:/livepad.bin flag 1 data 41378
[   89.4566] open fd = -5
[   89.4582] open name host:/log.txt flag 302 data 41378
[   89.4600] open fd = 256
[   89.4617] open name host:/log.txt flag 302 data 41378
[   89.4636] open fd = 256
[   89.4798] open name host:/livepad.bin flag 1 data 41378
[   89.4812] open fd = -5
[   89.4827] open name host:/log.txt flag 302 data 41378
[   89.4843] open fd = 256
[   89.4860] open name host:/log.txt flag 302 data 41378
[   89.4875] open fd = 256
[   89.5055] open name host:/livepad.bin flag 1 data 41378
[   89.5068] open fd = -5
[   89.5089] open name host:/log.txt flag 302 data 41378
[   89.5107] open fd = 256
[   89.5125] open name host:/log.txt flag 302 data 41378
[   89.5140] open fd = 256
[   89.5300] open name host:/livepad.bin flag 1 data 41378
[   89.5315] open fd = -5
[   89.5319] open name host:/livedbg.cmd flag 1 data 41378
[   89.5329] open fd = -5
[   89.5339] open name host:/log.txt flag 302 data 41378
[   89.5360] open fd = 256
[   89.5378] open name host:/log.txt flag 302 data 41378
[   89.5395] open fd = 256
[   89.5585] open name host:/livepad.bin flag 1 data 41378
[   89.5599] open fd = -5
[   89.5617] open name host:/gshadow/s0_3_4.png flag 1 data 41378
[   89.5639] open fd = 256
[   89.5648] open name host:/gshadow/s0_3_4.png flag 1 data 41378
[   89.5667] open fd = 256
[   89.5700] open name host:/log.txt flag 302 data 41378
[   89.5716] open fd = 256
[   89.5732] open name host:/gshadow/s0_0_4.png flag 1 data 41378
[   89.5751] open fd = 256
[   89.5759] open name host:/gshadow/s0_0_4.png flag 1 data 41378
[   89.5778] open fd = 256
[   89.5918] open name host:/log.txt flag 302 data 41378
[   89.5936] open fd = 256
[   89.6090] open name host:/livepad.bin flag 1 data 41378
[   89.6104] open fd = -5
[   89.6114] open name host:/log.txt flag 302 data 41378
[   89.6129] open fd = 256
[   89.6319] open name host:/livepad.bin flag 1 data 41378
[   89.6331] open fd = -5
[   89.6498] open name host:/livepad.bin flag 1 data 41378
[   89.6512] open fd = -5
[   89.6679] open name host:/livepad.bin flag 1 data 41378
[   89.6692] open fd = -5
[   89.6858] open name host:/livepad.bin flag 1 data 41378
[   89.6871] open fd = -5
[   89.6876] open name host:/livedbg.cmd flag 1 data 41378
[   89.6887] open fd = -5
[   89.7055] open name host:/livepad.bin flag 1 data 41378
[   89.7066] open fd = -5
[   89.7238] open name host:/livepad.bin flag 1 data 41378
[   89.7250] open fd = -5
[   89.7421] open name host:/livepad.bin flag 1 data 41378
[   89.7435] open fd = -5
[   89.7600] open name host:/livepad.bin flag 1 data 41378
[   89.7616] open fd = -5
[   89.7802] open name host:/livepad.bin flag 1 data 41378
[   89.7816] open fd = -5
[   89.7852] open name host:/log.txt flag 302 data 41378
[   89.7872] open fd = 256
[   89.8032] open name host:/livepad.bin flag 1 data 41378
[   89.8045] open fd = -5
[   89.8048] open name host:/livedbg.cmd flag 1 data 41378
[   89.8058] open fd = -5
[   89.8231] open name host:/livepad.bin flag 1 data 41378
[   89.8243] open fd = -5
[   89.8408] open name host:/livepad.bin flag 1 data 41378
[   89.8420] open fd = -5
[   89.8589] open name host:/livepad.bin flag 1 data 41378
[   89.8603] open fd = -5
[   89.8776] open name host:/livepad.bin flag 1 data 41378
[   89.8789] open fd = -5
[   89.8971] open name host:/livepad.bin flag 1 data 41378
[   89.8983] open fd = -5
[   89.9151] open name host:/livepad.bin flag 1 data 41378
[   89.9164] open fd = -5
[   89.9168] open name host:/livedbg.cmd flag 1 data 41378
[   89.9179] open fd = -5
[   89.9183] open name host:/log.txt flag 302 data 41378
[   89.9200] open fd = 256
[   89.9222] LOG: SKYORACLE scene=0 generation=4 count=1152 equal=1 check=3720 bboxBefore=14813
[   89.9391] open name host:/livepad.bin flag 1 data 41378
[   89.9403] open fd = -5
[   89.9574] open name host:/livepad.bin flag 1 data 41378
[   89.9588] open fd = -5
[   89.9764] open name host:/livepad.bin flag 1 data 41378
[   89.9777] open fd = -5
[   89.9938] open name host:/livepad.bin flag 1 data 41378
[   89.9950] open fd = -5
[   90.0122] open name host:/livepad.bin flag 1 data 41378
[   90.0137] open fd = -5
[   90.0291] open name host:/livepad.bin flag 1 data 41378
[   90.0304] open fd = -5
[   90.0307] open name host:/livedbg.cmd flag 1 data 41378
[   90.0319] open fd = -5
[   90.0488] open name host:/livepad.bin flag 1 data 41378
[   90.0500] open fd = -5
[   90.0670] open name host:/livepad.bin flag 1 data 41378
[   90.0683] open fd = -5
[   90.0848] open name host:/livepad.bin flag 1 data 41378
[   90.0861] open fd = -5
[   90.1022] open name host:/livepad.bin flag 1 data 41378
[   90.1033] open fd = -5
[   90.1208] open name host:/livepad.bin flag 1 data 41378
[   90.1221] open fd = -5
[   90.1387] open name host:/livepad.bin flag 1 data 41378
[   90.1402] open fd = -5
[   90.1406] open name host:/livedbg.cmd flag 1 data 41378
[   90.1419] open fd = -5
[   90.1590] open name host:/livepad.bin flag 1 data 41378
[   90.1602] open fd = -5
[   90.1767] open name host:/livepad.bin flag 1 data 41378
[   90.1780] open fd = -5
[   90.1942] open name host:/livepad.bin flag 1 data 41378
[   90.1953] open fd = -5
[   90.2119] open name host:/livepad.bin flag 1 data 41378
[   90.2131] open fd = -5
[   90.2292] open name host:/livepad.bin flag 1 data 41378
[   90.2305] open fd = -5
[   90.2489] open name host:/livepad.bin flag 1 data 41378
[   90.2504] open fd = -5
[   90.2507] open name host:/livedbg.cmd flag 1 data 41378
[   90.2519] open fd = -5
[   90.2679] open name host:/livepad.bin flag 1 data 41378
[   90.2691] open fd = -5
[   90.2869] open name host:/livepad.bin flag 1 data 41378
[   90.2883] open fd = -5
[   90.3045] open name host:/livepad.bin flag 1 data 41378
[   90.3060] open fd = -5
[   90.3227] open name host:/livepad.bin flag 1 data 41378
[   90.3242] open fd = -5
[   90.3407] open name host:/livepad.bin flag 1 data 41378
[   90.3420] open fd = -5
[   90.3606] open name host:/livepad.bin flag 1 data 41378
[   90.3620] open fd = -5
[   90.3622] open name host:/livedbg.cmd flag 1 data 41378
[   90.3632] open fd = -5
[   90.3805] open name host:/livepad.bin flag 1 data 41378
[   90.3818] open fd = -5
[   90.3824] open name host:/log.txt flag 302 data 41378
[   90.3840] open fd = 256
[   90.4035] open name host:/livepad.bin flag 1 data 41378
[   90.4048] open fd = -5
[   90.4220] open name host:/livepad.bin flag 1 data 41378
[   90.4236] open fd = -5
[   90.4409] open name host:/livepad.bin flag 1 data 41378
[   90.4423] open fd = -5
[   90.4594] open name host:/livepad.bin flag 1 data 41378
[   90.4608] open fd = -5
[   90.4774] open name host:/livepad.bin flag 1 data 41378
[   90.4790] open fd = -5
[   90.4793] open name host:/livedbg.cmd flag 1 data 41378
[   90.4808] open fd = -5
[   90.4989] open name host:/livepad.bin flag 1 data 41378
[   90.5004] open fd = -5
[   90.5170] open name host:/livepad.bin flag 1 data 41378
[   90.5183] open fd = -5
[   90.5352] open name host:/livepad.bin flag 1 data 41378
[   90.5370] open fd = -5
[   90.5542] open name host:/livepad.bin flag 1 data 41378
[   90.5558] open fd = -5
[   90.5722] open name host:/livepad.bin flag 1 data 41378
[   90.5737] open fd = -5
[   90.5897] open name host:/livepad.bin flag 1 data 41378
[   90.5910] open fd = -5
[   90.5913] open name host:/livedbg.cmd flag 1 data 41378
[   90.5927] open fd = -5
[   90.6097] open name host:/livepad.bin flag 1 data 41378
[   90.6111] open fd = -5
[   90.6272] open name host:/livepad.bin flag 1 data 41378
[   90.6286] open fd = -5
[   90.6453] open name host:/livepad.bin flag 1 data 41378
[   90.6476] open fd = -5
[   90.6641] open name host:/livepad.bin flag 1 data 41378
[   90.6654] open fd = -5
[   90.6829] open name host:/livepad.bin flag 1 data 41378
[   90.6843] open fd = -5
[   90.7011] open name host:/livepad.bin flag 1 data 41378
[   90.7023] open fd = -5
[   90.7026] open name host:/livedbg.cmd flag 1 data 41378
[   90.7036] open fd = -5
[   90.7204] open name host:/livepad.bin flag 1 data 41378
[   90.7216] open fd = -5
[   90.7259] open name host:/log.txt flag 302 data 41378
[   90.7275] open fd = 256
[   90.7421] open name host:/livepad.bin flag 1 data 41378
[   90.7434] open fd = -5
[   90.7592] open name host:/livepad.bin flag 1 data 41378
[   90.7605] open fd = -5
[   90.7764] open name host:/livepad.bin flag 1 data 41378
[   90.7778] open fd = -5
[   90.7948] open name host:/livepad.bin flag 1 data 41378
[   90.7961] open fd = -5
[   90.8127] open name host:/livepad.bin flag 1 data 41378
[   90.8139] open fd = -5
[   90.8142] open name host:/livedbg.cmd flag 1 data 41378
[   90.8153] open fd = -5
[   90.8310] open name host:/livepad.bin flag 1 data 41378
[   90.8324] open fd = -5
[   90.8487] open name host:/livepad.bin flag 1 data 41378
[   90.8501] open fd = -5
[   90.8508] open name host:/log.txt flag 302 data 41378
[   90.8524] open fd = 256
[   90.8704] open name host:/livepad.bin flag 1 data 41378
[   90.8718] open fd = -5
[   90.8885] open name host:/livepad.bin flag 1 data 41378
[   90.8898] open fd = -5
[   90.9071] open name host:/livepad.bin flag 1 data 41378
[   90.9090] open fd = -5
[   90.9253] open name host:/livepad.bin flag 1 data 41378
[   90.9268] open fd = -5
[   90.9270] open name host:/livedbg.cmd flag 1 data 41378
[   90.9284] open fd = -5
[   90.9462] open name host:/livepad.bin flag 1 data 41378
[   90.9480] open fd = -5
[   90.9641] open name host:/livepad.bin flag 1 data 41378
[   90.9654] open fd = -5
[   90.9814] open name host:/livepad.bin flag 1 data 41378
[   90.9828] open fd = -5
[   91.0018] open name host:/livepad.bin flag 1 data 41378
[   91.0030] open fd = -5
[   91.0052] open name host:/log.txt flag 302 data 41378
[   91.0067] open fd = 256
[   91.0235] open name host:/livepad.bin flag 1 data 41378
[   91.0249] open fd = -5
[   91.0430] open name host:/livepad.bin flag 1 data 41378
[   91.0443] open fd = -5
[   91.0448] open name host:/livedbg.cmd flag 1 data 41378
[   91.0460] open fd = -5
[   91.0464] LOG: SKYWARM scene=0 generation=4 count=1152 check=3780
[   91.0624] open name host:/livepad.bin flag 1 data 41378
[   91.0638] open fd = -5
[   91.0802] open name host:/livepad.bin flag 1 data 41378
[   91.0816] open fd = -5
[   91.1006] open name host:/livepad.bin flag 1 data 41378
[   91.1022] open fd = -5
[   91.1218] open name host:/livepad.bin flag 1 data 41378
[   91.1234] open fd = -5
[   91.1393] open name host:/livepad.bin flag 1 data 41378
[   91.1407] open fd = -5
[   91.1430] open name host:/log.txt flag 302 data 41378
[   91.1446] open fd = 256
[   91.1465] open name host:/log.txt flag 302 data 41378
[   91.1486] open fd = 256
[   91.1784] open name host:/livepad.bin flag 1 data 41378
[   91.1802] open fd = -5
[   91.1808] open name host:/livedbg.cmd flag 1 data 41378
[   91.1819] open fd = -5
[   91.1825] open name host:/log.txt flag 302 data 41378
[   91.1842] open fd = 256
[   91.1862] open name host:/log.txt flag 302 data 41378
[   91.1879] open fd = 256
[   91.2067] open name host:/livepad.bin flag 1 data 41378
[   91.2081] open fd = -5
[   91.2105] open name host:/log.txt flag 302 data 41378
[   91.2121] open fd = 256
[   91.2143] open name host:/log.txt flag 302 data 41378
[   91.2160] open fd = 256
[   91.2462] open name host:/livepad.bin flag 1 data 41378
[   91.2481] open fd = -5
[   91.2494] open name host:/log.txt flag 302 data 41378
[   91.2512] open fd = 256
[   91.2538] open name host:/log.txt flag 302 data 41378
[   91.2556] open fd = 256
[   91.2749] open name host:/livepad.bin flag 1 data 41378
[   91.2764] open fd = -5
[   91.2787] open name host:/log.txt flag 302 data 41378
[   91.2811] open fd = 256
[   91.2828] open name host:/log.txt flag 302 data 41378
[   91.2845] open fd = 256
[   91.3023] open name host:/livepad.bin flag 1 data 41378
[   91.3036] open fd = -5
[   91.3048] open name host:/log.txt flag 302 data 41378
[   91.3065] open fd = 256
[   91.3250] open name host:/livepad.bin flag 1 data 41378
[   91.3263] open fd = -5
[   91.3430] open name host:/livepad.bin flag 1 data 41378
[   91.3444] open fd = -5
[   91.3448] open name host:/livedbg.cmd flag 1 data 41378
[   91.3457] open fd = -5
[   91.3619] open name host:/livepad.bin flag 1 data 41378
[   91.3633] open fd = -5
[   91.3637] open name host:/log.txt flag 302 data 41378
[   91.3653] open fd = 256
[   91.3832] open name host:/livepad.bin flag 1 data 41378
[   91.3846] open fd = -5
[   91.4030] open name host:/livepad.bin flag 1 data 41378
[   91.4048] open fd = -5
[   91.4243] open name host:/livepad.bin flag 1 data 41378
[   91.4259] open fd = -5
[   91.4458] open name host:/livepad.bin flag 1 data 41378
[   91.4474] open fd = -5
[   91.4637] open name host:/livepad.bin flag 1 data 41378
[   91.4652] open fd = -5
[   91.4654] open name host:/livedbg.cmd flag 1 data 41378
[   91.4665] open fd = -5
[   91.4830] open name host:/livepad.bin flag 1 data 41378
[   91.4843] open fd = -5
[   91.5004] open name host:/livepad.bin flag 1 data 41378
[   91.5019] open fd = -5
[   91.5191] open name host:/livepad.bin flag 1 data 41378
[   91.5204] open fd = -5
[   91.5377] open name host:/livepad.bin flag 1 data 41378
[   91.5389] open fd = -5
[   91.5586] open name host:/livepad.bin flag 1 data 41378
[   91.5598] open fd = -5
[   91.5766] open name host:/livepad.bin flag 1 data 41378
[   91.5779] open fd = -5
[   91.5782] open name host:/livedbg.cmd flag 1 data 41378
[   91.5793] open fd = -5
[   91.5948] open name host:/livepad.bin flag 1 data 41378
[   91.5960] open fd = -5
[   91.6126] open name host:/livepad.bin flag 1 data 41378
[   91.6139] open fd = -5
[   91.6312] open name host:/livepad.bin flag 1 data 41378
[   91.6328] open fd = -5
[   91.6501] open name host:/livepad.bin flag 1 data 41378
[   91.6515] open fd = -5
[   91.6685] open name host:/livepad.bin flag 1 data 41378
[   91.6699] open fd = -5
[   91.6864] open name host:/livepad.bin flag 1 data 41378
[   91.6876] open fd = -5
[   91.6879] open name host:/livedbg.cmd flag 1 data 41378
[   91.6888] open fd = -5
[   91.7049] open name host:/livepad.bin flag 1 data 41378
[   91.7063] open fd = -5
[   91.7226] open name host:/livepad.bin flag 1 data 41378
[   91.7238] open fd = -5
[   91.7405] open name host:/livepad.bin flag 1 data 41378
[   91.7419] open fd = -5
[   91.7450] open name host:/log.txt flag 302 data 41378
[   91.7467] open fd = 256
[   91.7612] open name host:/livepad.bin flag 1 data 41378
[   91.7624] open fd = -5
[   91.7793] open name host:/livepad.bin flag 1 data 41378
[   91.7806] open fd = -5
[   91.7967] open name host:/livepad.bin flag 1 data 41378
[   91.7980] open fd = -5
[   91.7982] open name host:/livedbg.cmd flag 1 data 41378
[   91.7992] open fd = -5
[   91.8153] open name host:/livepad.bin flag 1 data 41378
[   91.8164] open fd = -5
[   91.8316] open name host:/livepad.bin flag 1 data 41378
[   91.8328] open fd = -5
[   91.8334] open name host:/log.txt flag 302 data 41378
[   91.8349] open fd = 256
[   91.8524] FRAMEARENA frames=4080 peak=1048400 resets=7 fallbacks=0 maxFrameBytes=2731360 maxBorrowed=2045696 freeKiB=9651
[   91.8526] NATIVEVIF frames=4080 batches=4087
[   91.8528] ORDEREDFRAME frames=4080 splitFrames=5
[   91.8528] FRAMEPIPELINE starts=4080 dmaBusyStarts=185
[   91.8530] open name host:/livepad.bin flag 1 data 41378
[   91.8542] open fd = -5
[   91.8703] open name host:/livepad.bin flag 1 data 41378
[   91.8715] open fd = -5
[   91.8882] open name host:/livepad.bin flag 1 data 41378
[   91.8896] open fd = -5
[   91.9048] open name host:/livepad.bin flag 1 data 41378
[   91.9060] open fd = -5
[   91.9065] open name host:/livedbg.cmd flag 1 data 41378
[   91.9076] open fd = -5
[   91.9229] open name host:/livepad.bin flag 1 data 41378
[   91.9241] open fd = -5
[   91.9395] open name host:/livepad.bin flag 1 data 41378
[   91.9408] open fd = -5
[   91.9565] open name host:/livepad.bin flag 1 data 41378
[   91.9577] open fd = -5
[   91.9738] open name host:/livepad.bin flag 1 data 41378
[   91.9750] open fd = -5
[   91.9912] open name host:/livepad.bin flag 1 data 41378
[   91.9924] open fd = -5
[   92.0082] open name host:/livepad.bin flag 1 data 41378
[   92.0094] open fd = -5
[   92.0097] open name host:/livedbg.cmd flag 1 data 41378
[   92.0108] open fd = -5
[   92.0267] open name host:/livepad.bin flag 1 data 41378
[   92.0279] open fd = -5
[   92.0441] open name host:/livepad.bin flag 1 data 41378
[   92.0454] open fd = -5
[   92.0612] open name host:/livepad.bin flag 1 data 41378
[   92.0625] open fd = -5
[   92.0783] open name host:/livepad.bin flag 1 data 41378
[   92.0795] open fd = -5
[   92.0965] open name host:/livepad.bin flag 1 data 41378
[   92.0978] open fd = -5
[   92.1139] open name host:/livepad.bin flag 1 data 41378
[   92.1151] open fd = -5
[   92.1154] open name host:/livedbg.cmd flag 1 data 41378
[   92.1163] open fd = -5
[   92.1320] open name host:/livepad.bin flag 1 data 41378
[   92.1332] open fd = -5
[   92.1487] open name host:/livepad.bin flag 1 data 41378
[   92.1500] open fd = -5
[   92.1664] open name host:/livepad.bin flag 1 data 41378
[   92.1679] open fd = -5
[   92.1851] open name host:/livepad.bin flag 1 data 41378
[   92.1867] open fd = -5
[   92.2046] open name host:/livepad.bin flag 1 data 41378
[   92.2062] open fd = -5
[   92.2086] open name host:/log.txt flag 302 data 41378
[   92.2105] open fd = 256
[   92.2272] open name host:/livepad.bin flag 1 data 41378
[   92.2295] open fd = -5
[   92.2298] open name host:/livedbg.cmd flag 1 data 41378
[   92.2314] open fd = -5
[   92.2322] LOG: SKYORACLE scene=0 generation=4 count=1152 equal=1 check=3840 bboxBefore=15632
[   92.2493] open name host:/livepad.bin flag 1 data 41378
[   92.2511] open fd = -5
[   92.2689] open name host:/livepad.bin flag 1 data 41378
[   92.2705] open fd = -5
[   92.2868] open name host:/livepad.bin flag 1 data 41378
[   92.2883] open fd = -5
[   92.2890] open name host:/log.txt flag 302 data 41378
[   92.2906] open fd = 256
[   92.3109] open name host:/livepad.bin flag 1 data 41378
[   92.3126] open fd = -5
[   92.3303] open name host:/livepad.bin flag 1 data 41378
[   92.3318] open fd = -5
[   92.3477] open name host:/livepad.bin flag 1 data 41378
[   92.3490] open fd = -5
[   92.3493] open name host:/livedbg.cmd flag 1 data 41378
[   92.3502] open fd = -5
[   92.3658] open name host:/livepad.bin flag 1 data 41378
[   92.3673] open fd = -5
[   92.3829] open name host:/livepad.bin flag 1 data 41378
[   92.3840] open fd = -5
[   92.3994] open name host:/livepad.bin flag 1 data 41378
[   92.4010] open fd = -5
[   92.4179] open name host:/livepad.bin flag 1 data 41378
[   92.4196] open fd = -5
[   92.4363] open name host:/livepad.bin flag 1 data 41378
[   92.4381] open fd = -5
[   92.4549] open name host:/livepad.bin flag 1 data 41378
[   92.4563] open fd = -5
[   92.4568] open name host:/livedbg.cmd flag 1 data 41378
[   92.4580] open fd = -5
[   92.4759] open name host:/livepad.bin flag 1 data 41378
[   92.4775] open fd = -5
[   92.4933] open name host:/livepad.bin flag 1 data 41378
[   92.4952] open fd = -5
[   92.5126] open name host:/livepad.bin flag 1 data 41378
[   92.5140] open fd = -5
[   92.5306] open name host:/livepad.bin flag 1 data 41378
[   92.5324] open fd = -5
[   92.5486] open name host:/livepad.bin flag 1 data 41378
[   92.5503] open fd = -5
[   92.5668] open name host:/livepad.bin flag 1 data 41378
[   92.5685] open fd = -5
[   92.5690] open name host:/livedbg.cmd flag 1 data 41378
[   92.5702] open fd = -5
[   92.5859] open name host:/livepad.bin flag 1 data 41378
[   92.5871] open fd = -5
[   92.6030] open name host:/livepad.bin flag 1 data 41378
[   92.6042] open fd = -5
[   92.6197] open name host:/livepad.bin flag 1 data 41378
[   92.6209] open fd = -5
[   92.6363] open name host:/livepad.bin flag 1 data 41378
[   92.6375] open fd = -5
[   92.6531] open name host:/livepad.bin flag 1 data 41378
[   92.6543] open fd = -5
[   92.6575] open name host:/log.txt flag 302 data 41378
[   92.6591] open fd = 256
[   92.6730] open name host:/livepad.bin flag 1 data 41378
[   92.6743] open fd = -5
[   92.6746] open name host:/livedbg.cmd flag 1 data 41378
[   92.6756] open fd = -5
[   92.6948] open name host:/livepad.bin flag 1 data 41378
[   92.6965] open fd = -5
[   92.7140] open name host:/livepad.bin flag 1 data 41378
[   92.7157] open fd = -5
[   92.7337] open name host:/livepad.bin flag 1 data 41378
[   92.7355] open fd = -5
[   92.7531] open name host:/livepad.bin flag 1 data 41378
[   92.7545] open fd = -5
[   92.7553] open name host:/log.txt flag 302 data 41378
[   92.7569] open fd = 256
[   92.7769] open name host:/livepad.bin flag 1 data 41378
[   92.7785] open fd = -5
[   92.7954] open name host:/livepad.bin flag 1 data 41378
[   92.7969] open fd = -5
[   92.7975] open name host:/livedbg.cmd flag 1 data 41378
[   92.7991] open fd = -5
[   92.8160] open name host:/livepad.bin flag 1 data 41378
[   92.8177] open fd = -5
[   92.8336] open name host:/livepad.bin flag 1 data 41378
[   92.8350] open fd = -5
[   92.8526] open name host:/livepad.bin flag 1 data 41378
[   92.8539] open fd = -5
[   92.8714] open name host:/livepad.bin flag 1 data 41378
[   92.8727] open fd = -5
[   92.8882] open name host:/livepad.bin flag 1 data 41378
[   92.8895] open fd = -5
[   92.9050] open name host:/livepad.bin flag 1 data 41378
[   92.9063] open fd = -5
[   92.9066] open name host:/livedbg.cmd flag 1 data 41378
[   92.9077] open fd = -5
[   92.9232] open name host:/livepad.bin flag 1 data 41378
[   92.9243] open fd = -5
[   92.9406] open name host:/livepad.bin flag 1 data 41378
[   92.9425] open fd = -5
[   92.9591] open name host:/livepad.bin flag 1 data 41378
[   92.9611] open fd = -5
[   92.9790] open name host:/livepad.bin flag 1 data 41378
[   92.9806] open fd = -5
[   92.9972] open name host:/livepad.bin flag 1 data 41378
[   92.9989] open fd = -5
[   93.0154] open name host:/livepad.bin flag 1 data 41378
[   93.0169] open fd = -5
[   93.0172] open name host:/livedbg.cmd flag 1 data 41378
[   93.0186] open fd = -5
[   93.0351] open name host:/livepad.bin flag 1 data 41378
[   93.0367] open fd = -5
[   93.0532] open name host:/livepad.bin flag 1 data 41378
[   93.0547] open fd = -5
[   93.0719] open name host:/livepad.bin flag 1 data 41378
[   93.0735] open fd = -5
[   93.0915] open name host:/livepad.bin flag 1 data 41378
[   93.0932] open fd = -5
[   93.1094] open name host:/livepad.bin flag 1 data 41378
[   93.1107] open fd = -5
[   93.1264] open name host:/livepad.bin flag 1 data 41378
[   93.1278] open fd = -5
[   93.1281] open name host:/livedbg.cmd flag 1 data 41378
[   93.1295] open fd = -5
[   93.1453] open name host:/livepad.bin flag 1 data 41378
[   93.1465] open fd = -5
[   93.1633] open name host:/livepad.bin flag 1 data 41378
[   93.1645] open fd = -5
[   93.1804] open name host:/livepad.bin flag 1 data 41378
[   93.1817] open fd = -5
[   93.1980] open name host:/livepad.bin flag 1 data 41378
[   93.1999] open fd = -5
[   93.2165] open name host:/livepad.bin flag 1 data 41378
[   93.2182] open fd = -5
[   93.2187] open name host:/log.txt flag 302 data 41378
[   93.2208] open fd = 256
[   93.2403] open name host:/livepad.bin flag 1 data 41378
[   93.2420] open fd = -5
[   93.2423] open name host:/livedbg.cmd flag 1 data 41378
[   93.2436] open fd = -5
[   93.2604] open name host:/livepad.bin flag 1 data 41378
[   93.2624] open fd = -5
[   93.2800] open name host:/livepad.bin flag 1 data 41378
[   93.2814] open fd = -5
[   93.2987] open name host:/livepad.bin flag 1 data 41378
[   93.3001] open fd = -5
[   93.3166] open name host:/livepad.bin flag 1 data 41378
[   93.3186] open fd = -5
[   93.3352] open name host:/livepad.bin flag 1 data 41378
[   93.3367] open fd = -5
[   93.3576] open name host:/livepad.bin flag 1 data 41378
[   93.3588] open fd = -5
[   93.3592] open name host:/livedbg.cmd flag 1 data 41378
[   93.3601] open fd = -5
[   93.3606] LOG: SKYWARM scene=0 generation=4 count=1152 check=3900
[   93.3764] open name host:/livepad.bin flag 1 data 41378
[   93.3777] open fd = -5
[   93.3934] open name host:/livepad.bin flag 1 data 41378
[   93.3947] open fd = -5
[   93.4108] open name host:/livepad.bin flag 1 data 41378
[   93.4123] open fd = -5
[   93.4275] open name host:/livepad.bin flag 1 data 41378
[   93.4291] open fd = -5
[   93.4464] open name host:/livepad.bin flag 1 data 41378
[   93.4477] open fd = -5
[   93.4643] open name host:/livepad.bin flag 1 data 41378
[   93.4657] open fd = -5
[   93.4660] open name host:/livedbg.cmd flag 1 data 41378
[   93.4671] open fd = -5
[   93.4838] open name host:/livepad.bin flag 1 data 41378
[   93.4851] open fd = -5
[   93.5010] open name host:/livepad.bin flag 1 data 41378
[   93.5023] open fd = -5
[   93.5184] open name host:/livepad.bin flag 1 data 41378
[   93.5198] open fd = -5
[   93.5381] open name host:/livepad.bin flag 1 data 41378
[   93.5399] open fd = -5
[   93.5587] open name host:/livepad.bin flag 1 data 41378
[   93.5612] open fd = -5
[   93.5777] open name host:/livepad.bin flag 1 data 41378
[   93.5794] open fd = -5
[   93.5798] open name host:/livedbg.cmd flag 1 data 41378
[   93.5814] open fd = -5
[   93.5994] open name host:/livepad.bin flag 1 data 41378
[   93.6013] open fd = -5
[   93.6044] open name host:/log.txt flag 302 data 41378
[   93.6065] open fd = 256
[   93.6232] open name host:/livepad.bin flag 1 data 41378
[   93.6250] open fd = -5
[   93.6425] open name host:/livepad.bin flag 1 data 41378
[   93.6439] open fd = -5
[   93.6596] open name host:/livepad.bin flag 1 data 41378
[   93.6614] open fd = -5
[   93.6819] open name host:/livepad.bin flag 1 data 41378
[   93.6837] open fd = -5
[   93.6993] open name host:/livepad.bin flag 1 data 41378
[   93.7007] open fd = -5
[   93.7012] open name host:/livedbg.cmd flag 1 data 41378
[   93.7021] open fd = -5
[   93.7023] open name host:/log.txt flag 302 data 41378
[   93.7038] open fd = 256
[   93.7204] open name host:/livepad.bin flag 1 data 41378
[   93.7216] open fd = -5
[   93.7368] open name host:/livepad.bin flag 1 data 41378
[   93.7381] open fd = -5
[   93.7536] open name host:/livepad.bin flag 1 data 41378
[   93.7548] open fd = -5
[   93.7711] open name host:/livepad.bin flag 1 data 41378
[   93.7724] open fd = -5
[   93.7887] open name host:/livepad.bin flag 1 data 41378
[   93.7900] open fd = -5
[   93.8071] open name host:/livepad.bin flag 1 data 41378
[   93.8086] open fd = -5
[   93.8089] open name host:/livedbg.cmd flag 1 data 41378
[   93.8100] open fd = -5
[   93.8272] open name host:/livepad.bin flag 1 data 41378
[   93.8286] open fd = -5
[   93.8455] open name host:/livepad.bin flag 1 data 41378
[   93.8471] open fd = -5
[   93.8640] open name host:/livepad.bin flag 1 data 41378
[   93.8658] open fd = -5
[   93.8824] open name host:/livepad.bin flag 1 data 41378
[   93.8840] open fd = -5
[   93.9011] open name host:/livepad.bin flag 1 data 41378
[   93.9025] open fd = -5
[   93.9188] open name host:/livepad.bin flag 1 data 41378
[   93.9204] open fd = -5
[   93.9208] open name host:/livedbg.cmd flag 1 data 41378
[   93.9219] open fd = -5
[   93.9381] open name host:/livepad.bin flag 1 data 41378
[   93.9397] open fd = -5
[   93.9578] open name host:/livepad.bin flag 1 data 41378
[   93.9594] open fd = -5
[   93.9767] open name host:/livepad.bin flag 1 data 41378
[   93.9781] open fd = -5
[   93.9939] open name host:/livepad.bin flag 1 data 41378
[   93.9953] open fd = -5
[   93.9964] open name host:/log.txt flag 302 data 41378
[   93.9986] open fd = 256
[   94.0004] open name host:/log.txt flag 302 data 41378
[   94.0023] open fd = 256
[   94.0303] open name host:/livepad.bin flag 1 data 41378
[   94.0316] open fd = -5
[   94.0334] open name host:/log.txt flag 302 data 41378
[   94.0349] open fd = 256
[   94.0368] open name host:/log.txt flag 302 data 41378
[   94.0384] open fd = 256
[   94.0659] open name host:/livepad.bin flag 1 data 41378
[   94.0673] open fd = -5
[   94.0675] open name host:/livedbg.cmd flag 1 data 41378
[   94.0685] open fd = -5
[   94.0694] open name host:/log.txt flag 302 data 41378
[   94.0710] open fd = 256
[   94.0730] open name host:/log.txt flag 302 data 41378
[   94.0745] open fd = 256
[   94.1025] open name host:/livepad.bin flag 1 data 41378
[   94.1038] open fd = -5
[   94.1055] open name host:/log.txt flag 302 data 41378
[   94.1071] open fd = 256
[   94.1093] open name host:/log.txt flag 302 data 41378
[   94.1113] open fd = 256
[   94.1360] open name host:/livepad.bin flag 1 data 41378
[   94.1371] open fd = -5
[   94.1383] open name host:/log.txt flag 302 data 41378
[   94.1398] open fd = 256
[   94.1417] open name host:/log.txt flag 302 data 41378
[   94.1435] open fd = 256
[   94.1605] FRAMEARENA frames=4200 peak=1048400 resets=7 fallbacks=0 maxFrameBytes=2731360 maxBorrowed=2045696 freeKiB=10560
[   94.1614] NATIVEVIF frames=4200 batches=4207
[   94.1617] ORDEREDFRAME frames=4200 splitFrames=5
[   94.1618] FRAMEPIPELINE starts=4200 dmaBusyStarts=185
[   94.1619] open name host:/livepad.bin flag 1 data 41378
[   94.1631] open fd = -5
[   94.1634] open name host:/log.txt flag 302 data 41378
[   94.1649] open fd = 256
[   94.1684] open name host:/log.txt flag 302 data 41378
[   94.1702] open fd = 256
[   94.1725] open name host:/log.txt flag 302 data 41378
[   94.1742] open fd = 256
[   94.2012] open name host:/livepad.bin flag 1 data 41378
[   94.2029] open fd = -5
[   94.2042] open name host:/log.txt flag 302 data 41378
[   94.2062] open fd = 256
[   94.2096] open name host:/log.txt flag 302 data 41378
[   94.2122] open fd = 256
[   94.2410] open name host:/livepad.bin flag 1 data 41378
[   94.2426] open fd = -5
[   94.2443] open name host:/log.txt flag 302 data 41378
[   94.2464] open fd = 256
[   94.2485] open name host:/log.txt flag 302 data 41378
[   94.2508] open fd = 256
[   94.2792] open name host:/livepad.bin flag 1 data 41378
[   94.2810] open fd = -5
[   94.2817] open name host:/livedbg.cmd flag 1 data 41378
[   94.2829] open fd = -5
[   94.2836] open name host:/log.txt flag 302 data 41378
[   94.2853] open fd = 256
[   94.2872] open name host:/log.txt flag 302 data 41378
[   94.2895] open fd = 256
[   94.3181] open name host:/livepad.bin flag 1 data 41378
[   94.3194] open fd = -5
[   94.3214] open name host:/log.txt flag 302 data 41378
[   94.3229] open fd = 256
[   94.3246] open name host:/log.txt flag 302 data 41378
[   94.3264] open fd = 256
[   94.3528] open name host:/livepad.bin flag 1 data 41378
[   94.3541] open fd = -5
[   94.3554] open name host:/log.txt flag 302 data 41378
[   94.3569] open fd = 256
[   94.3735] open name host:/livepad.bin flag 1 data 41378
[   94.3749] open fd = -5
[   94.4013] open name host:/livepad.bin flag 1 data 41378
[   94.4028] open fd = -5
[   94.4196] open name host:/livepad.bin flag 1 data 41378
[   94.4210] open fd = -5
[   94.4497] open name host:/livepad.bin flag 1 data 41378
[   94.4511] open fd = -5
[   94.4513] open name host:/livedbg.cmd flag 1 data 41378
[   94.4522] open fd = -5
[   94.4696] open name host:/livepad.bin flag 1 data 41378
[   94.4711] open fd = -5
[   94.5002] open name host:/livepad.bin flag 1 data 41378
[   94.5016] open fd = -5
[   94.5193] open name host:/livepad.bin flag 1 data 41378
[   94.5208] open fd = -5
[   94.5515] open name host:/livepad.bin flag 1 data 41378
[   94.5532] open fd = -5
[   94.5715] open name host:/livepad.bin flag 1 data 41378
[   94.5733] open fd = -5
[   94.6028] open name host:/livepad.bin flag 1 data 41378
[   94.6047] open fd = -5
[   94.6049] open name host:/livedbg.cmd flag 1 data 41378
[   94.6061] open fd = -5
[   94.6065] open name host:/log.txt flag 302 data 41378
[   94.6086] open fd = 256
[   94.6264] open name host:/livepad.bin flag 1 data 41378
[   94.6280] open fd = -5
[   94.6561] open name host:/livepad.bin flag 1 data 41378
[   94.6577] open fd = -5
[   94.6729] open name host:/livepad.bin flag 1 data 41378
[   94.6745] open fd = -5
[   94.7009] open name host:/livepad.bin flag 1 data 41378
[   94.7023] open fd = -5
[   94.7191] open name host:/livepad.bin flag 1 data 41378
[   94.7203] open fd = -5
[   94.7525] open name host:/livepad.bin flag 1 data 41378
[   94.7539] open fd = -5
[   94.7541] open name host:/livedbg.cmd flag 1 data 41378
[   94.7550] open fd = -5
[   94.7557] LOG: SKYORACLE scene=0 generation=4 count=1152 equal=1 check=3960 bboxBefore=16371
[   94.7704] open name host:/livepad.bin flag 1 data 41378
[   94.7716] open fd = -5
[   94.8009] open name host:/livepad.bin flag 1 data 41378
[   94.8023] open fd = -5
[   94.8209] open name host:/livepad.bin flag 1 data 41378
[   94.8222] open fd = -5
[   94.8274] open name host:/log.txt flag 302 data 41378
[   94.8298] open fd = 256
[   94.8541] open name host:/livepad.bin flag 1 data 41378
[   94.8555] open fd = -5
[   94.8746] open name host:/livepad.bin flag 1 data 41378
[   94.8764] open fd = -5
[   94.9055] open name host:/livepad.bin flag 1 data 41378
[   94.9071] open fd = -5
[   94.9073] open name host:/livedbg.cmd flag 1 data 41378
[   94.9087] open fd = -5
[   94.9245] open name host:/livepad.bin flag 1 data 41378
[   94.9262] open fd = -5
[   94.9546] open name host:/livepad.bin flag 1 data 41378
[   94.9562] open fd = -5
[   94.9716] open name host:/livepad.bin flag 1 data 41378
[   94.9731] open fd = -5
[   95.0012] open name host:/livepad.bin flag 1 data 41378
[   95.0028] open fd = -5
[   95.0203] open name host:/livepad.bin flag 1 data 41378
[   95.0216] open fd = -5
[   95.0222] open name host:/log.txt flag 302 data 41378
[   95.0238] open fd = 256
[   95.0521] open name host:/livepad.bin flag 1 data 41378
[   95.0535] open fd = -5
[   95.0538] open name host:/livedbg.cmd flag 1 data 41378
[   95.0548] open fd = -5
[   95.0704] open name host:/livepad.bin flag 1 data 41378
[   95.0716] open fd = -5
[   95.1012] open name host:/livepad.bin flag 1 data 41378
[   95.1026] open fd = -5
[   95.1202] open name host:/livepad.bin flag 1 data 41378
[   95.1215] open fd = -5
[   95.1518] open name host:/livepad.bin flag 1 data 41378
[   95.1535] open fd = -5
[   95.1731] open name host:/livepad.bin flag 1 data 41378
[   95.1746] open fd = -5
[   95.2046] open name host:/livepad.bin flag 1 data 41378
[   95.2061] open fd = -5
[   95.2065] open name host:/livedbg.cmd flag 1 data 41378
[   95.2076] open fd = -5
[   95.2246] open name host:/livepad.bin flag 1 data 41378
[   95.2259] open fd = -5
[   95.2549] open name host:/livepad.bin flag 1 data 41378
[   95.2563] open fd = -5
[   95.2738] open name host:/livepad.bin flag 1 data 41378
[   95.2751] open fd = -5
[   95.3071] open name host:/livepad.bin flag 1 data 41378
[   95.3089] open fd = -5
[   95.3103] open name host:/log.txt flag 302 data 41378
[   95.3126] open fd = 256
[   95.3313] open name host:/livepad.bin flag 1 data 41378
[   95.3327] open fd = -5
[   95.3610] open name host:/livepad.bin flag 1 data 41378
[   95.3626] open fd = -5
[   95.3628] open name host:/livedbg.cmd flag 1 data 41378
[   95.3643] open fd = -5
[   95.3800] open name host:/livepad.bin flag 1 data 41378
[   95.3816] open fd = -5
[   95.4098] open name host:/livepad.bin flag 1 data 41378
[   95.4115] open fd = -5
[   95.4266] open name host:/livepad.bin flag 1 data 41378
[   95.4279] open fd = -5
[   95.4556] open name host:/livepad.bin flag 1 data 41378
[   95.4571] open fd = -5
[   95.4575] open name host:/log.txt flag 302 data 41378
[   95.4592] open fd = 256
[   95.4772] open name host:/livepad.bin flag 1 data 41378
[   95.4789] open fd = -5
[   95.5070] open name host:/livepad.bin flag 1 data 41378
[   95.5088] open fd = -5
[   95.5091] open name host:/livedbg.cmd flag 1 data 41378
[   95.5102] open fd = -5
[   95.5264] open name host:/livepad.bin flag 1 data 41378
[   95.5278] open fd = -5
[   95.5589] open name host:/livepad.bin flag 1 data 41378
[   95.5605] open fd = -5
[   95.5785] open name host:/livepad.bin flag 1 data 41378
[   95.5803] open fd = -5
[   95.6107] open name host:/livepad.bin flag 1 data 41378
[   95.6121] open fd = -5
[   95.6294] open name host:/livepad.bin flag 1 data 41378
[   95.6307] open fd = -5
[   95.6612] open name host:/livepad.bin flag 1 data 41378
[   95.6625] open fd = -5
[   95.6628] open name host:/livedbg.cmd flag 1 data 41378
[   95.6640] open fd = -5
[   95.6796] open name host:/livepad.bin flag 1 data 41378
[   95.6809] open fd = -5
[   95.7096] open name host:/livepad.bin flag 1 data 41378
[   95.7116] open fd = -5
[   95.7276] open name host:/livepad.bin flag 1 data 41378
[   95.7292] open fd = -5
[   95.7598] open name host:/livepad.bin flag 1 data 41378
[   95.7615] open fd = -5
[   95.7789] open name host:/livepad.bin flag 1 data 41378
[   95.7811] open fd = -5
[   95.8091] open name host:/livepad.bin flag 1 data 41378
[   95.8106] open fd = -5
[   95.8108] open name host:/livedbg.cmd flag 1 data 41378
[   95.8121] open fd = -5
[   95.8283] open name host:/livepad.bin flag 1 data 41378
[   95.8300] open fd = -5
[   95.8591] open name host:/livepad.bin flag 1 data 41378
[   95.8607] open fd = -5
[   95.8612] open name host:/log.txt flag 302 data 41378
[   95.8626] open fd = 256
[   95.8799] open name host:/livepad.bin flag 1 data 41378
[   95.8818] open fd = -5
[   95.9089] open name host:/livepad.bin flag 1 data 41378
[   95.9104] open fd = -5
[   95.9291] open name host:/livepad.bin flag 1 data 41378
[   95.9305] open fd = -5
[   95.9598] open name host:/livepad.bin flag 1 data 41378
[   95.9613] open fd = -5
[   95.9615] open name host:/livedbg.cmd flag 1 data 41378
[   95.9627] open fd = -5
[   95.9770] open name host:/livepad.bin flag 1 data 41378
[   95.9782] open fd = -5
[   96.0067] open name host:/livepad.bin flag 1 data 41378
[   96.0081] open fd = -5
[   96.0229] open name host:/livepad.bin flag 1 data 41378
[   96.0242] open fd = -5
[   96.0516] open name host:/livepad.bin flag 1 data 41378
[   96.0529] open fd = -5
[   96.0710] open name host:/livepad.bin flag 1 data 41378
[   96.0728] open fd = -5
[   96.0777] open name host:/log.txt flag 302 data 41378
[   96.0793] open fd = 256
[   96.1032] open name host:/livepad.bin flag 1 data 41378
[   96.1046] open fd = -5
[   96.1050] open name host:/livedbg.cmd flag 1 data 41378
[   96.1062] open fd = -5
[   96.1223] open name host:/livepad.bin flag 1 data 41378
[   96.1240] open fd = -5
[   96.1537] open name host:/livepad.bin flag 1 data 41378
[   96.1554] open fd = -5
[   96.1721] open name host:/livepad.bin flag 1 data 41378
[   96.1737] open fd = -5
[   96.2024] open name host:/livepad.bin flag 1 data 41378
[   96.2042] open fd = -5
[   96.2220] open name host:/livepad.bin flag 1 data 41378
[   96.2237] open fd = -5
[   96.2525] open name host:/livepad.bin flag 1 data 41378
[   96.2541] open fd = -5
[   96.2544] open name host:/livedbg.cmd flag 1 data 41378
[   96.2557] open fd = -5
[   96.2561] LOG: SKYWARM scene=0 generation=4 count=1152 check=4020
[   96.2721] open name host:/livepad.bin flag 1 data 41378
[   96.2735] open fd = -5
[   96.2747] open name host:/log.txt flag 302 data 41378
[   96.2762] open fd = 256
[   96.3052] open name host:/livepad.bin flag 1 data 41378
[   96.3066] open fd = -5
[   96.3227] open name host:/livepad.bin flag 1 data 41378
[   96.3241] open fd = -5
[   96.3518] open name host:/livepad.bin flag 1 data 41378
[   96.3532] open fd = -5
[   96.3722] open name host:/livepad.bin flag 1 data 41378
[   96.3736] open fd = -5
[   96.4021] open name host:/livepad.bin flag 1 data 41378
[   96.4035] open fd = -5
[   96.4038] open name host:/livedbg.cmd flag 1 data 41378
[   96.4047] open fd = -5
[   96.4216] open name host:/livepad.bin flag 1 data 41378
[   96.4228] open fd = -5
[   96.4519] open name host:/livepad.bin flag 1 data 41378
[   96.4533] open fd = -5
[   96.4719] open name host:/livepad.bin flag 1 data 41378
[   96.4732] open fd = -5
[   96.5018] open name host:/livepad.bin flag 1 data 41378
[   96.5032] open fd = -5
[   96.5216] open name host:/livepad.bin flag 1 data 41378
[   96.5229] open fd = -5
[   96.5529] open name host:/livepad.bin flag 1 data 41378
[   96.5548] open fd = -5
[   96.5550] open name host:/livedbg.cmd flag 1 data 41378
[   96.5564] open fd = -5
[   96.5727] open name host:/livepad.bin flag 1 data 41378
[   96.5742] open fd = -5
[   96.6033] open name host:/livepad.bin flag 1 data 41378
[   96.6050] open fd = -5
[   96.6221] open name host:/livepad.bin flag 1 data 41378
[   96.6236] open fd = -5
[   96.6528] open name host:/livepad.bin flag 1 data 41378
[   96.6544] open fd = -5
[   96.6737] open name host:/livepad.bin flag 1 data 41378
[   96.6752] open fd = -5
[   96.7022] open name host:/livepad.bin flag 1 data 41378
[   96.7036] open fd = -5
[   96.7038] open name host:/livedbg.cmd flag 1 data 41378
[   96.7048] open fd = -5
[   96.7052] open name host:/log.txt flag 302 data 41378
[   96.7067] open fd = 256
[   96.7243] open name host:/livepad.bin flag 1 data 41378
[   96.7255] open fd = -5
[   96.7532] open name host:/livepad.bin flag 1 data 41378
[   96.7544] open fd = -5
[   96.7738] open name host:/livepad.bin flag 1 data 41378
[   96.7750] open fd = -5
[   96.8030] open name host:/livepad.bin flag 1 data 41378
[   96.8042] open fd = -5
[   96.8225] open name host:/livepad.bin flag 1 data 41378
[   96.8237] open fd = -5
[   96.8521] open name host:/livepad.bin flag 1 data 41378
[   96.8535] open fd = -5
[   96.8537] open name host:/livedbg.cmd flag 1 data 41378
[   96.8548] open fd = -5
[   96.8715] open name host:/livepad.bin flag 1 data 41378
[   96.8728] open fd = -5
[   96.9024] open name host:/livepad.bin flag 1 data 41378
[   96.9040] open fd = -5
[   96.9210] open name host:/livepad.bin flag 1 data 41378
[   96.9223] open fd = -5
[   96.9535] open name host:/livepad.bin flag 1 data 41378
[   96.9554] open fd = -5
[   96.9728] open name host:/livepad.bin flag 1 data 41378
[   96.9746] open fd = -5
[   97.0034] open name host:/livepad.bin flag 1 data 41378
[   97.0051] open fd = -5
[   97.0054] open name host:/livedbg.cmd flag 1 data 41378
[   97.0065] open fd = -5
[   97.0232] open name host:/livepad.bin flag 1 data 41378
[   97.0253] open fd = -5
[   97.0538] open name host:/livepad.bin flag 1 data 41378
[   97.0557] open fd = -5
[   97.0734] open name host:/livepad.bin flag 1 data 41378
[   97.0748] open fd = -5
[   97.1044] open name host:/livepad.bin flag 1 data 41378
[   97.1062] open fd = -5
[   97.1065] open name host:/log.txt flag 302 data 41378
[   97.1081] open fd = 256
[   97.1263] open name host:/livepad.bin flag 1 data 41378
[   97.1277] open fd = -5
[   97.1554] open name host:/livepad.bin flag 1 data 41378
[   97.1568] open fd = -5
[   97.1570] open name host:/livedbg.cmd flag 1 data 41378
[   97.1581] open fd = -5
[   97.1746] open name host:/livepad.bin flag 1 data 41378
[   97.1759] open fd = -5
[   97.2029] open name host:/livepad.bin flag 1 data 41378
[   97.2041] open fd = -5
[   97.2220] FRAMEARENA frames=4320 peak=1048400 resets=7 fallbacks=0 maxFrameBytes=2731360 maxBorrowed=2045696 freeKiB=11094
[   97.2223] NATIVEVIF frames=4320 batches=4327
[   97.2226] ORDEREDFRAME frames=4320 splitFrames=5
[   97.2227] FRAMEPIPELINE starts=4320 dmaBusyStarts=185
[   97.2229] open name host:/livepad.bin flag 1 data 41378
[   97.2240] open fd = -5
[   97.2531] open name host:/livepad.bin flag 1 data 41378
[   97.2545] open fd = -5
[   97.2728] open name host:/livepad.bin flag 1 data 41378
[   97.2742] open fd = -5
[   97.3025] open name host:/livepad.bin flag 1 data 41378
[   97.3038] open fd = -5
[   97.3041] open name host:/livedbg.cmd flag 1 data 41378
[   97.3056] open fd = -5
[   97.3221] open name host:/livepad.bin flag 1 data 41378
[   97.3233] open fd = -5
[   97.3277] open name host:/log.txt flag 302 data 41378
[   97.3293] open fd = 256
[   97.3530] open name host:/livepad.bin flag 1 data 41378
[   97.3548] open fd = -5
[   97.3739] open name host:/livepad.bin flag 1 data 41378
[   97.3751] open fd = -5
[   97.4027] open name host:/livepad.bin flag 1 data 41378
[   97.4041] open fd = -5
[   97.4237] open name host:/livepad.bin flag 1 data 41378
[   97.4251] open fd = -5
[   97.4532] open name host:/livepad.bin flag 1 data 41378
[   97.4546] open fd = -5
[   97.4548] open name host:/livedbg.cmd flag 1 data 41378
[   97.4557] open fd = -5
[   97.4729] open name host:/livepad.bin flag 1 data 41378
[   97.4745] open fd = -5
[   97.5023] open name host:/livepad.bin flag 1 data 41378
[   97.5037] open fd = -5
[   97.5222] open name host:/livepad.bin flag 1 data 41378
[   97.5234] open fd = -5
[   97.5241] open name host:/log.txt flag 302 data 41378
[   97.5256] open fd = 256
[   97.5540] open name host:/livepad.bin flag 1 data 41378
[   97.5554] open fd = -5
[   97.5721] open name host:/livepad.bin flag 1 data 41378
[   97.5732] open fd = -5
[   97.6032] open name host:/livepad.bin flag 1 data 41378
[   97.6045] open fd = -5
[   97.6047] open name host:/livedbg.cmd flag 1 data 41378
[   97.6056] open fd = -5
[   97.6224] open name host:/livepad.bin flag 1 data 41378
[   97.6235] open fd = -5
[   97.6533] open name host:/livepad.bin flag 1 data 41378
[   97.6546] open fd = -5
[   97.6721] open name host:/livepad.bin flag 1 data 41378
[   97.6732] open fd = -5
[   97.7037] open name host:/livepad.bin flag 1 data 41378
[   97.7051] open fd = -5
[   97.7223] open name host:/livepad.bin flag 1 data 41378
[   97.7235] open fd = -5
[   97.7541] open name host:/livepad.bin flag 1 data 41378
[   97.7558] open fd = -5
[   97.7561] open name host:/livedbg.cmd flag 1 data 41378
[   97.7571] open fd = -5
[   97.7579] LOG: SKYORACLE scene=0 generation=4 count=1152 equal=1 check=4080 bboxBefore=16942
[   97.7728] open name host:/livepad.bin flag 1 data 41378
[   97.7741] open fd = -5
[   97.8033] open name host:/livepad.bin flag 1 data 41378
[   97.8046] open fd = -5
[   97.8225] open name host:/livepad.bin flag 1 data 41378
[   97.8238] open fd = -5
[   97.8534] open name host:/livepad.bin flag 1 data 41378
[   97.8549] open fd = -5
[   97.8726] open name host:/livepad.bin flag 1 data 41378
[   97.8738] open fd = -5
[   97.9036] open name host:/livepad.bin flag 1 data 41378
[   97.9052] open fd = -5
[   97.9056] open name host:/livedbg.cmd flag 1 data 41378
[   97.9065] open fd = -5
[   97.9248] open name host:/livepad.bin flag 1 data 41378
[   97.9260] open fd = -5
[   97.9541] open name host:/livepad.bin flag 1 data 41378
[   97.9554] open fd = -5
[   97.9558] open name host:/log.txt flag 302 data 41378
[   97.9573] open fd = 256
[   97.9761] open name host:/livepad.bin flag 1 data 41378
[   97.9773] open fd = -5
[   98.0044] open name host:/livepad.bin flag 1 data 41378
[   98.0058] open fd = -5
[   98.0237] open name host:/livepad.bin flag 1 data 41378
[   98.0248] open fd = -5
[   98.0537] open name host:/livepad.bin flag 1 data 41378
[   98.0551] open fd = -5
[   98.0553] open name host:/livedbg.cmd flag 1 data 41378
[   98.0562] open fd = -5
[   98.0734] open name host:/livepad.bin flag 1 data 41378
[   98.0747] open fd = -5
[   98.1037] open name host:/livepad.bin flag 1 data 41378
[   98.1049] open fd = -5
[   98.1230] open name host:/livepad.bin flag 1 data 41378
[   98.1242] open fd = -5
[   98.1538] open name host:/livepad.bin flag 1 data 41378
[   98.1552] open fd = -5
[   98.1733] open name host:/livepad.bin flag 1 data 41378
[   98.1745] open fd = -5
[   98.2039] open name host:/livepad.bin flag 1 data 41378
[   98.2052] open fd = -5
[   98.2055] open name host:/livedbg.cmd flag 1 data 41378
[   98.2066] open fd = -5
[   98.2238] open name host:/livepad.bin flag 1 data 41378
[   98.2253] open fd = -5
[   98.2543] open name host:/livepad.bin flag 1 data 41378
[   98.2555] open fd = -5
[   98.2731] open name host:/livepad.bin flag 1 data 41378
[   98.2746] open fd = -5
[   98.3038] open name host:/livepad.bin flag 1 data 41378
[   98.3052] open fd = -5
[   98.3230] open name host:/livepad.bin flag 1 data 41378
[   98.3242] open fd = -5
[   98.3539] open name host:/livepad.bin flag 1 data 41378
[   98.3553] open fd = -5
[   98.3556] open name host:/livedbg.cmd flag 1 data 41378
[   98.3565] open fd = -5
[   98.3568] open name host:/log.txt flag 302 data 41378
[   98.3587] open fd = 256
[   98.3755] open name host:/livepad.bin flag 1 data 41378
[   98.3768] open fd = -5
[   98.4052] open name host:/livepad.bin flag 1 data 41378
[   98.4066] open fd = -5
[   98.4234] open name host:/livepad.bin flag 1 data 41378
[   98.4245] open fd = -5
[   98.4540] open name host:/livepad.bin flag 1 data 41378
[   98.4554] open fd = -5
[   98.4738] open name host:/livepad.bin flag 1 data 41378
[   98.4751] open fd = -5
[   98.5039] open name host:/livepad.bin flag 1 data 41378
[   98.5052] open fd = -5
[   98.5055] open name host:/livedbg.cmd flag 1 data 41378
[   98.5064] open fd = -5
[   98.5240] open name host:/livepad.bin flag 1 data 41378
[   98.5252] open fd = -5
[   98.5542] open name host:/livepad.bin flag 1 data 41378
[   98.5556] open fd = -5
[   98.5751] open name host:/livepad.bin flag 1 data 41378
[   98.5764] open fd = -5
[   98.5813] open name host:/log.txt flag 302 data 41378
[   98.5829] open fd = 256
[   98.6063] open name host:/livepad.bin flag 1 data 41378
[   98.6076] open fd = -5
[   98.6093] open name host:/log.txt flag 302 data 41378
[   98.6111] open fd = 256
[   98.6131] open name host:/log.txt flag 302 data 41378
[   98.6149] open fd = 256
[   98.6328] open name host:/livepad.bin flag 1 data 41378
[   98.6342] open fd = -5
[   98.6367] open name host:/log.txt flag 302 data 41378
[   98.6390] open fd = 256
[   98.6411] open name host:/log.txt flag 302 data 41378
[   98.6431] open fd = 256
[   98.6595] open name host:/livepad.bin flag 1 data 41378
[   98.6607] open fd = -5
[   98.6610] open name host:/livedbg.cmd flag 1 data 41378
[   98.6619] open fd = -5
[   98.6628] open name host:/log.txt flag 302 data 41378
[   98.6645] open fd = 256
[   98.6667] open name host:/log.txt flag 302 data 41378
[   98.6683] open fd = 256
[   98.6854] open name host:/livepad.bin flag 1 data 41378
[   98.6867] open fd = -5
[   98.6887] open name host:/log.txt flag 302 data 41378
[   98.6902] open fd = 256
[   98.6923] open name host:/log.txt flag 302 data 41378
[   98.6940] open fd = 256
[   98.7083] open name host:/livepad.bin flag 1 data 41378
[   98.7096] open fd = -5
[   98.7110] open name host:/log.txt flag 302 data 41378
[   98.7132] open fd = 256
[   98.7150] open name host:/log.txt flag 302 data 41378
[   98.7166] open fd = 256
[   98.7352] open name host:/livepad.bin flag 1 data 41378
[   98.7365] open fd = -5
[   98.7386] open name host:/log.txt flag 302 data 41378
[   98.7400] open fd = 256
[   98.7421] open name host:/log.txt flag 302 data 41378
[   98.7440] open fd = 256
[   98.7603] open name host:/livepad.bin flag 1 data 41378
[   98.7616] open fd = -5
[   98.7628] open name host:/log.txt flag 302 data 41378
[   98.7644] open fd = 256
[   98.7663] open name host:/log.txt flag 302 data 41378
[   98.7679] open fd = 256
[   98.7839] open name host:/livepad.bin flag 1 data 41378
[   98.7852] open fd = -5
[   98.7874] open name host:/log.txt flag 302 data 41378
[   98.7888] open fd = 256
[   98.7913] open name host:/log.txt flag 302 data 41378
[   98.7931] open fd = 256
[   98.8087] open name host:/livepad.bin flag 1 data 41378
[   98.8099] open fd = -5
[   98.8103] open name host:/livedbg.cmd flag 1 data 41378
[   98.8113] open fd = -5
[   98.8120] open name host:/log.txt flag 302 data 41378
[   98.8137] open fd = 256
[   98.8156] open name host:/log.txt flag 302 data 41378
[   98.8176] open fd = 256
[   98.8341] open name host:/livepad.bin flag 1 data 41378
[   98.8357] open fd = -5
[   98.8383] open name host:/log.txt flag 302 data 41378
[   98.8403] open fd = 256
[   98.8424] open name host:/log.txt flag 302 data 41378
[   98.8442] open fd = 256
[   98.8614] open name host:/livepad.bin flag 1 data 41378
[   98.8633] open fd = -5
[   98.8641] open name host:/log.txt flag 302 data 41378
[   98.8659] open fd = 256
[   98.8681] open name host:/log.txt flag 302 data 41378
[   98.8698] open fd = 256
[   98.8883] open name host:/livepad.bin flag 1 data 41378
[   98.8895] open fd = -5
[   98.9059] open name host:/livepad.bin flag 1 data 41378
[   98.9074] open fd = -5
[   98.9238] open name host:/livepad.bin flag 1 data 41378
[   98.9249] open fd = -5
[   98.9418] open name host:/livepad.bin flag 1 data 41378
[   98.9431] open fd = -5
[   98.9434] open name host:/livedbg.cmd flag 1 data 41378
[   98.9445] open fd = -5
[   98.9765] open name host:/livepad.bin flag 1 data 41378
[   98.9779] open fd = -5
[   98.9945] open name host:/livepad.bin flag 1 data 41378
[   98.9961] open fd = -5
[   99.0127] open name host:/livepad.bin flag 1 data 41378
[   99.0143] open fd = -5
[   99.0303] open name host:/livepad.bin flag 1 data 41378
[   99.0319] open fd = -5
[   99.0496] open name host:/livepad.bin flag 1 data 41378
[   99.0511] open fd = -5
[   99.0680] open name host:/livepad.bin flag 1 data 41378
[   99.0693] open fd = -5
[   99.0697] open name host:/livedbg.cmd flag 1 data 41378
[   99.0707] open fd = -5
[   99.0864] open name host:/livepad.bin flag 1 data 41378
[   99.0875] open fd = -5
[   99.1035] open name host:/livepad.bin flag 1 data 41378
[   99.1049] open fd = -5
[   99.1211] open name host:/livepad.bin flag 1 data 41378
[   99.1225] open fd = -5
[   99.1387] open name host:/livepad.bin flag 1 data 41378
[   99.1402] open fd = -5
[   99.1558] open name host:/livepad.bin flag 1 data 41378
[   99.1572] open fd = -5
[   99.1741] open name host:/livepad.bin flag 1 data 41378
[   99.1755] open fd = -5
[   99.1760] open name host:/livedbg.cmd flag 1 data 41378
[   99.1770] open fd = -5
[   99.1776] LOG: SKYWARM scene=0 generation=4 count=1152 check=4140
[   99.1926] open name host:/livepad.bin flag 1 data 41378
[   99.1939] open fd = -5
[   99.2098] open name host:/livepad.bin flag 1 data 41378
[   99.2111] open fd = -5
[   99.2296] open name host:/livepad.bin flag 1 data 41378
[   99.2312] open fd = -5
[   99.2478] open name host:/livepad.bin flag 1 data 41378
[   99.2497] open fd = -5
[   99.2683] open name host:/livepad.bin flag 1 data 41378
[   99.2698] open fd = -5
[   99.2862] open name host:/livepad.bin flag 1 data 41378
[   99.2876] open fd = -5
[   99.2880] open name host:/livedbg.cmd flag 1 data 41378
[   99.2892] open fd = -5
[   99.3057] open name host:/livepad.bin flag 1 data 41378
[   99.3071] open fd = -5
[   99.3247] open name host:/livepad.bin flag 1 data 41378
[   99.3260] open fd = -5
[   99.3455] open name host:/livepad.bin flag 1 data 41378
[   99.3471] open fd = -5
[   99.3478] open name host:/log.txt flag 302 data 41378
[   99.3497] open fd = 256
[   99.3677] open name host:/livepad.bin flag 1 data 41378
[   99.3691] open fd = -5
[   99.3872] open name host:/livepad.bin flag 1 data 41378
[   99.3887] open fd = -5
[   99.4066] open name host:/livepad.bin flag 1 data 41378
[   99.4080] open fd = -5
[   99.4083] open name host:/livedbg.cmd flag 1 data 41378
[   99.4094] open fd = -5
[   99.4275] open name host:/livepad.bin flag 1 data 41378
[   99.4289] open fd = -5
[   99.4477] open name host:/livepad.bin flag 1 data 41378
[   99.4492] open fd = -5
[   99.4672] open name host:/livepad.bin flag 1 data 41378
[   99.4687] open fd = -5
[   99.4883] open name host:/livepad.bin flag 1 data 41378
[   99.4898] open fd = -5
[   99.5075] open name host:/livepad.bin flag 1 data 41378
[   99.5088] open fd = -5
[   99.5265] open name host:/livepad.bin flag 1 data 41378
[   99.5280] open fd = -5
[   99.5284] open name host:/livedbg.cmd flag 1 data 41378
[   99.5296] open fd = -5
[   99.5468] open name host:/livepad.bin flag 1 data 41378
[   99.5484] open fd = -5
[   99.5668] open name host:/livepad.bin flag 1 data 41378
[   99.5682] open fd = -5
[   99.5863] open name host:/livepad.bin flag 1 data 41378
[   99.5878] open fd = -5
[   99.6050] open name host:/livepad.bin flag 1 data 41378
[   99.6065] open fd = -5
[   99.6084] open name host:/log.txt flag 302 data 41378
[   99.6100] open fd = 256
[   99.6265] open name host:/livepad.bin flag 1 data 41378
[   99.6279] open fd = -5
[   99.6313] open name host:/log.txt flag 302 data 41378
[   99.6331] open fd = 256
[   99.6483] open name host:/livepad.bin flag 1 data 41378
[   99.6497] open fd = -5
[   99.6500] open name host:/livedbg.cmd flag 1 data 41378
[   99.6516] open fd = -5
[   99.6699] open name host:/livepad.bin flag 1 data 41378
[   99.6713] open fd = -5
[   99.6880] open name host:/livepad.bin flag 1 data 41378
[   99.6894] open fd = -5
[   99.7090] open name host:/livepad.bin flag 1 data 41378
[   99.7107] open fd = -5
[   99.7294] open name host:/livepad.bin flag 1 data 41378
[   99.7314] open fd = -5
[   99.7496] open name host:/livepad.bin flag 1 data 41378
[   99.7510] open fd = -5
[   99.7691] open name host:/livepad.bin flag 1 data 41378
[   99.7703] open fd = -5
[   99.7706] open name host:/livedbg.cmd flag 1 data 41378
[   99.7719] open fd = -5
[   99.7926] open name host:/livepad.bin flag 1 data 41378
[   99.7938] open fd = -5
[   99.8102] open name host:/livepad.bin flag 1 data 41378
[   99.8116] open fd = -5
[   99.8274] open name host:/livepad.bin flag 1 data 41378
[   99.8289] open fd = -5
[   99.8446] open name host:/livepad.bin flag 1 data 41378
[   99.8458] open fd = -5
[   99.8467] open name host:/log.txt flag 302 data 41378
[   99.8495] open fd = 256
[   99.8674] open name host:/log.txt flag 302 data 41378
[   99.8692] open fd = 256
[   99.8725] open name host:/log.txt flag 302 data 41378
[   99.8744] open fd = 256
[   99.8965] open name host:/livepad.bin flag 1 data 41378
[   99.8979] open fd = -5
[   99.9151] open name host:/livepad.bin flag 1 data 41378
[   99.9164] open fd = -5
[   99.9168] open name host:/livedbg.cmd flag 1 data 41378
[   99.9178] open fd = -5
[   99.9343] open name host:/livepad.bin flag 1 data 41378
[   99.9355] open fd = -5
[   99.9514] open name host:/livepad.bin flag 1 data 41378
[   99.9528] open fd = -5
[   99.9687] FRAMEARENA frames=4440 peak=1048400 resets=7 fallbacks=0 maxFrameBytes=2731360 maxBorrowed=2045696 freeKiB=10202
[   99.9689] NATIVEVIF frames=4440 batches=4447
[   99.9690] ORDEREDFRAME frames=4440 splitFrames=5
[   99.9690] FRAMEPIPELINE starts=4440 dmaBusyStarts=185
[   99.9691] open name host:/livepad.bin flag 1 data 41378
[   99.9705] open fd = -5
[   99.9857] open name host:/livepad.bin flag 1 data 41378
[   99.9872] open fd = -5
[  100.0031] open name host:/livepad.bin flag 1 data 41378
[  100.0044] open fd = -5
[  100.0204] open name host:/livepad.bin flag 1 data 41378
[  100.0218] open fd = -5
[  100.0221] open name host:/livedbg.cmd flag 1 data 41378
[  100.0231] open fd = -5
[  100.0382] open name host:/livepad.bin flag 1 data 41378
[  100.0396] open fd = -5
[  100.0564] open name host:/livepad.bin flag 1 data 41378
[  100.0578] open fd = -5
[  100.0734] open name host:/livepad.bin flag 1 data 41378
[  100.0746] open fd = -5
[  100.0925] open name host:/livepad.bin flag 1 data 41378
[  100.0938] open fd = -5
[  100.1095] open name host:/livepad.bin flag 1 data 41378
[  100.1108] open fd = -5
[  100.1286] open name host:/livepad.bin flag 1 data 41378
[  100.1299] open fd = -5
[  100.1301] open name host:/livedbg.cmd flag 1 data 41378
[  100.1311] open fd = -5
[  100.1459] open name host:/livepad.bin flag 1 data 41378
[  100.1475] open fd = -5
[  100.1627] open name host:/livepad.bin flag 1 data 41378
[  100.1640] open fd = -5
[  100.1795] open name host:/livepad.bin flag 1 data 41378
[  100.1811] open fd = -5
[  100.1964] open name host:/livepad.bin flag 1 data 41378
[  100.1978] open fd = -5
[  100.2135] open name host:/livepad.bin flag 1 data 41378
[  100.2148] open fd = -5
[  100.2306] open name host:/livepad.bin flag 1 data 41378
[  100.2319] open fd = -5
[  100.2323] open name host:/livedbg.cmd flag 1 data 41378
[  100.2332] open fd = -5
[  100.2488] open name host:/livepad.bin flag 1 data 41378
[  100.2503] open fd = -5
[  100.2662] open name host:/livepad.bin flag 1 data 41378
[  100.2676] open fd = -5
[  100.2827] open name host:/livepad.bin flag 1 data 41378
[  100.2839] open fd = -5
[  100.2843] open name host:/log.txt flag 302 data 41378
[  100.2859] open fd = 256
[  100.3033] open name host:/livepad.bin flag 1 data 41378
[  100.3046] open fd = -5
[  100.3220] open name host:/livepad.bin flag 1 data 41378
[  100.3233] open fd = -5
[  100.3387] open name host:/livepad.bin flag 1 data 41378
[  100.3400] open fd = -5
[  100.3404] open name host:/livedbg.cmd flag 1 data 41378
[  100.3414] open fd = -5
[  100.3422] LOG: SKYORACLE scene=0 generation=4 count=1152 equal=1 check=4200 bboxBefore=17363
[  100.3568] open name host:/livepad.bin flag 1 data 41378
[  100.3583] open fd = -5
[  100.3741] open name host:/livepad.bin flag 1 data 41378
[  100.3755] open fd = -5
[  100.3918] open name host:/livepad.bin flag 1 data 41378
[  100.3933] open fd = -5
[  100.4094] open name host:/livepad.bin flag 1 data 41378
[  100.4108] open fd = -5
[  100.4268] open name host:/livepad.bin flag 1 data 41378
[  100.4283] open fd = -5
[  100.4437] open name host:/livepad.bin flag 1 data 41378
[  100.4450] open fd = -5
[  100.4453] open name host:/livedbg.cmd flag 1 data 41378
[  100.4465] open fd = -5
[  100.4616] open name host:/livepad.bin flag 1 data 41378
[  100.4631] open fd = -5
[  100.4792] open name host:/livepad.bin flag 1 data 41378
[  100.4812] open fd = -5
[  100.4980] open name host:/livepad.bin flag 1 data 41378
[  100.4995] open fd = -5
[  100.5153] open name host:/livepad.bin flag 1 data 41378
[  100.5165] open fd = -5
[  100.5322] open name host:/livepad.bin flag 1 data 41378
[  100.5334] open fd = -5
[  100.5482] open name host:/livepad.bin flag 1 data 41378
[  100.5495] open fd = -5
[  100.5500] open name host:/livedbg.cmd flag 1 data 41378
[  100.5510] open fd = -5
[  100.5656] open name host:/livepad.bin flag 1 data 41378
[  100.5670] open fd = -5
[  100.5700] open name host:/log.txt flag 302 data 41378
[  100.5720] open fd = 256
[  100.5858] open name host:/livepad.bin flag 1 data 41378
[  100.5872] open fd = -5
[  100.6037] open name host:/livepad.bin flag 1 data 41378
[  100.6050] open fd = -5
[  100.6209] open name host:/livepad.bin flag 1 data 41378
[  100.6222] open fd = -5
[  100.6384] open name host:/livepad.bin flag 1 data 41378
[  100.6397] open fd = -5
[  100.6567] open name host:/livepad.bin flag 1 data 41378
[  100.6581] open fd = -5
[  100.6582] open name host:/livedbg.cmd flag 1 data 41378
[  100.6594] open fd = -5
[  100.6746] open name host:/livepad.bin flag 1 data 41378
[  100.6760] open fd = -5
[  100.6917] open name host:/livepad.bin flag 1 data 41378
[  100.6932] open fd = -5
[  100.7093] open name host:/livepad.bin flag 1 data 41378
[  100.7107] open fd = -5
[  100.7262] open name host:/livepad.bin flag 1 data 41378
[  100.7275] open fd = -5
[  100.7281] open name host:/log.txt flag 302 data 41378
[  100.7298] open fd = 256
[  100.7480] open name host:/livepad.bin flag 1 data 41378
[  100.7492] open fd = -5
[  100.7644] open name host:/livepad.bin flag 1 data 41378
[  100.7657] open fd = -5
[  100.7660] open name host:/livedbg.cmd flag 1 data 41378
[  100.7670] open fd = -5
[  100.7830] open name host:/livepad.bin flag 1 data 41378
[  100.7842] open fd = -5
[  100.7990] open name host:/livepad.bin flag 1 data 41378
[  100.8004] open fd = -5
[  100.8180] open name host:/livepad.bin flag 1 data 41378
[  100.8191] open fd = -5
[  100.8349] open name host:/livepad.bin flag 1 data 41378
[  100.8361] open fd = -5
[  100.8514] open name host:/livepad.bin flag 1 data 41378
[  100.8527] open fd = -5
[  100.8681] open name host:/livepad.bin flag 1 data 41378
[  100.8695] open fd = -5
[  100.8697] open name host:/livedbg.cmd flag 1 data 41378
[  100.8709] open fd = -5
[  100.8877] open name host:/livepad.bin flag 1 data 41378
[  100.8891] open fd = -5
[  100.9048] open name host:/livepad.bin flag 1 data 41378
[  100.9063] open fd = -5
[  100.9222] open name host:/livepad.bin flag 1 data 41378
[  100.9235] open fd = -5
[  100.9399] open name host:/livepad.bin flag 1 data 41378
[  100.9413] open fd = -5
[  100.9568] open name host:/livepad.bin flag 1 data 41378
[  100.9580] open fd = -5
[  100.9745] open name host:/livepad.bin flag 1 data 41378
[  100.9759] open fd = -5
[  100.9763] open name host:/livedbg.cmd flag 1 data 41378
[  100.9774] open fd = -5
[  100.9932] open name host:/livepad.bin flag 1 data 41378
[  100.9945] open fd = -5
[  101.0106] open name host:/livepad.bin flag 1 data 41378
[  101.0122] open fd = -5
[  101.0285] open name host:/livepad.bin flag 1 data 41378
[  101.0298] open fd = -5
[  101.0471] open name host:/livepad.bin flag 1 data 41378
[  101.0485] open fd = -5
[  101.0664] open name host:/livepad.bin flag 1 data 41378
[  101.0678] open fd = -5
[  101.0833] open name host:/livepad.bin flag 1 data 41378
[  101.0845] open fd = -5
[  101.0848] open name host:/livedbg.cmd flag 1 data 41378
[  101.0860] open fd = -5
[  101.1019] open name host:/livepad.bin flag 1 data 41378
[  101.1034] open fd = -5
[  101.1198] open name host:/livepad.bin flag 1 data 41378
[  101.1210] open fd = -5
[  101.1367] open name host:/livepad.bin flag 1 data 41378
[  101.1379] open fd = -5
[  101.1537] open name host:/livepad.bin flag 1 data 41378
[  101.1549] open fd = -5
[  101.1706] open name host:/livepad.bin flag 1 data 41378
[  101.1719] open fd = -5
[  101.1725] open name host:/log.txt flag 302 data 41378
[  101.1744] open fd = 256
[  101.1927] open name host:/livepad.bin flag 1 data 41378
[  101.1940] open fd = -5
[  101.1943] open name host:/livedbg.cmd flag 1 data 41378
[  101.1954] open fd = -5
[  101.2115] open name host:/livepad.bin flag 1 data 41378
[  101.2130] open fd = -5
[  101.2284] open name host:/livepad.bin flag 1 data 41378
[  101.2299] open fd = -5
[  101.2456] open name host:/livepad.bin flag 1 data 41378
[  101.2469] open fd = -5
[  101.2627] open name host:/livepad.bin flag 1 data 41378
[  101.2640] open fd = -5
[  101.2796] open name host:/livepad.bin flag 1 data 41378
[  101.2807] open fd = -5
[  101.2955] open name host:/livepad.bin flag 1 data 41378
[  101.2967] open fd = -5
[  101.2973] open name host:/livedbg.cmd flag 1 data 41378
[  101.2986] open fd = -5
[  101.3142] open name host:/livepad.bin flag 1 data 41378
[  101.3154] open fd = -5
[  101.3311] open name host:/livepad.bin flag 1 data 41378
[  101.3324] open fd = -5
[  101.3485] open name host:/livepad.bin flag 1 data 41378
[  101.3499] open fd = -5
[  101.3665] open name host:/livepad.bin flag 1 data 41378
[  101.3680] open fd = -5
[  101.3867] open name host:/livepad.bin flag 1 data 41378
[  101.3880] open fd = -5
[  101.4037] open name host:/livepad.bin flag 1 data 41378
[  101.4052] open fd = -5
[  101.4056] open name host:/livedbg.cmd flag 1 data 41378
[  101.4067] open fd = -5
[  101.4072] LOG: SKYWARM scene=0 generation=4 count=1152 check=4260
[  101.4222] open name host:/livepad.bin flag 1 data 41378
[  101.4233] open fd = -5
[  101.4392] open name host:/livepad.bin flag 1 data 41378
[  101.4405] open fd = -5
[  101.4571] open name host:/livepad.bin flag 1 data 41378
[  101.4583] open fd = -5
[  101.4612] open name host:/log.txt flag 302 data 41378
[  101.4628] open fd = 256
[  101.4774] open name host:/livepad.bin flag 1 data 41378
[  101.4786] open fd = -5
[  101.4936] open name host:/livepad.bin flag 1 data 41378
[  101.4948] open fd = -5
[  101.5107] open name host:/livepad.bin flag 1 data 41378
[  101.5123] open fd = -5
[  101.5127] open name host:/livedbg.cmd flag 1 data 41378
[  101.5137] open fd = -5
[  101.5303] open name host:/livepad.bin flag 1 data 41378
[  101.5316] open fd = -5
[  101.5482] open name host:/livepad.bin flag 1 data 41378
[  101.5497] open fd = -5
[  101.5660] open name host:/livepad.bin flag 1 data 41378
[  101.5675] open fd = -5
[  101.5833] open name host:/livepad.bin flag 1 data 41378
[  101.5846] open fd = -5
[  101.6011] open name host:/livepad.bin flag 1 data 41378
[  101.6025] open fd = -5
[  101.6180] open name host:/livepad.bin flag 1 data 41378
[  101.6193] open fd = -5
[  101.6197] open name host:/livedbg.cmd flag 1 data 41378
[  101.6207] open fd = -5
[  101.6214] open name host:/log.txt flag 302 data 41378
[  101.6232] open fd = 256
[  101.6400] open name host:/livepad.bin flag 1 data 41378
[  101.6414] open fd = -5
[  101.6572] open name host:/livepad.bin flag 1 data 41378
[  101.6585] open fd = -5
[  101.6752] open name host:/livepad.bin flag 1 data 41378
[  101.6766] open fd = -5
[  101.6925] open name host:/livepad.bin flag 1 data 41378
[  101.6939] open fd = -5
[  101.7102] open name host:/livepad.bin flag 1 data 41378
[  101.7116] open fd = -5
[  101.7279] open name host:/livepad.bin flag 1 data 41378
[  101.7295] open fd = -5
[  101.7298] open name host:/livedbg.cmd flag 1 data 41378
[  101.7310] open fd = -5
[  101.7467] open name host:/livepad.bin flag 1 data 41378
[  101.7485] open fd = -5
[  101.7648] open name host:/livepad.bin flag 1 data 41378
[  101.7662] open fd = -5
[  101.7824] open name host:/livepad.bin flag 1 data 41378
[  101.7838] open fd = -5
[  101.8000] open name host:/livepad.bin flag 1 data 41378
[  101.8015] open fd = -5
[  101.8177] open name host:/livepad.bin flag 1 data 41378
[  101.8190] open fd = -5
[  101.8353] open name host:/livepad.bin flag 1 data 41378
[  101.8369] open fd = -5
[  101.8374] open name host:/livedbg.cmd flag 1 data 41378
[  101.8386] open fd = -5
[  101.8553] open name host:/livepad.bin flag 1 data 41378
[  101.8566] open fd = -5
[  101.8722] open name host:/livepad.bin flag 1 data 41378
[  101.8737] open fd = -5
[  101.8903] open name host:/livepad.bin flag 1 data 41378
[  101.8917] open fd = -5
[  101.9076] open name host:/livepad.bin flag 1 data 41378
[  101.9090] open fd = -5
[  101.9262] open name host:/livepad.bin flag 1 data 41378
[  101.9276] open fd = -5
[  101.9445] open name host:/livepad.bin flag 1 data 41378
[  101.9461] open fd = -5
[  101.9468] open name host:/livedbg.cmd flag 1 data 41378
[  101.9479] open fd = -5
[  101.9649] open name host:/livepad.bin flag 1 data 41378
[  101.9664] open fd = -5
[  101.9827] open name host:/livepad.bin flag 1 data 41378
[  101.9844] open fd = -5
[  102.0004] open name host:/livepad.bin flag 1 data 41378
[  102.0018] open fd = -5
[  102.0183] open name host:/livepad.bin flag 1 data 41378
[  102.0197] open fd = -5
[  102.0359] open name host:/livepad.bin flag 1 data 41378
[  102.0372] open fd = -5
[  102.0532] open name host:/livepad.bin flag 1 data 41378
[  102.0545] open fd = -5
[  102.0548] open name host:/livedbg.cmd flag 1 data 41378
[  102.0558] open fd = -5
[  102.0712] open name host:/livepad.bin flag 1 data 41378
[  102.0727] open fd = -5
[  102.0734] open name host:/log.txt flag 302 data 41378
[  102.0750] open fd = 256
[  102.0924] open name host:/livepad.bin flag 1 data 41378
[  102.0938] open fd = -5
[  102.1099] FRAMEARENA frames=4560 peak=1048400 resets=7 fallbacks=0 maxFrameBytes=2731360 maxBorrowed=2045696 freeKiB=10231
[  102.1101] NATIVEVIF frames=4560 batches=4567
[  102.1103] ORDEREDFRAME frames=4560 splitFrames=5
[  102.1105] FRAMEPIPELINE starts=4560 dmaBusyStarts=185
[  102.1106] open name host:/livepad.bin flag 1 data 41378
[  102.1121] open fd = -5
[  102.1281] open name host:/livepad.bin flag 1 data 41378
[  102.1297] open fd = -5
[  102.1468] open name host:/livepad.bin flag 1 data 41378
[  102.1484] open fd = -5
[  102.1638] open name host:/livepad.bin flag 1 data 41378
[  102.1654] open fd = -5
[  102.1657] open name host:/livedbg.cmd flag 1 data 41378
[  102.1668] open fd = -5
[  102.1840] open name host:/livepad.bin flag 1 data 41378
[  102.1853] open fd = -5
[  102.2014] open name host:/livepad.bin flag 1 data 41378
[  102.2027] open fd = -5
[  102.2204] open name host:/livepad.bin flag 1 data 41378
[  102.2219] open fd = -5
[  102.2383] open name host:/livepad.bin flag 1 data 41378
[  102.2397] open fd = -5
[  102.2552] open name host:/livepad.bin flag 1 data 41378
[  102.2565] open fd = -5
[  102.2729] open name host:/livepad.bin flag 1 data 41378
[  102.2743] open fd = -5
[  102.2745] open name host:/livedbg.cmd flag 1 data 41378
[  102.2754] open fd = -5
[  102.2908] open name host:/livepad.bin flag 1 data 41378
[  102.2924] open fd = -5
[  102.3075] open name host:/livepad.bin flag 1 data 41378
[  102.3090] open fd = -5
[  102.3254] open name host:/livepad.bin flag 1 data 41378
[  102.3267] open fd = -5
[  102.3425] open name host:/livepad.bin flag 1 data 41378
[  102.3439] open fd = -5
[  102.3595] open name host:/livepad.bin flag 1 data 41378
[  102.3609] open fd = -5
[  102.3639] open name host:/log.txt flag 302 data 41378
[  102.3656] open fd = 256
[  102.3810] open name host:/livepad.bin flag 1 data 41378
[  102.3822] open fd = -5
[  102.3826] open name host:/livedbg.cmd flag 1 data 41378
[  102.3835] open fd = -5
[  102.4005] open name host:/livepad.bin flag 1 data 41378
[  102.4018] open fd = -5
[  102.4168] open name host:/livepad.bin flag 1 data 41378
[  102.4184] open fd = -5
[  102.4336] open name host:/livepad.bin flag 1 data 41378
[  102.4350] open fd = -5
[  102.4503] open name host:/livepad.bin flag 1 data 41378
[  102.4519] open fd = -5
[  102.4671] open name host:/livepad.bin flag 1 data 41378
[  102.4686] open fd = -5
[  102.4840] open name host:/livepad.bin flag 1 data 41378
[  102.4854] open fd = -5
[  102.4857] open name host:/livedbg.cmd flag 1 data 41378
[  102.4868] open fd = -5
[  102.4877] LOG: SKYORACLE scene=0 generation=4 count=1152 equal=1 check=4320 bboxBefore=17723
[  102.5022] open name host:/livepad.bin flag 1 data 41378
[  102.5036] open fd = -5
[  102.5196] open name host:/livepad.bin flag 1 data 41378
[  102.5209] open fd = -5
[  102.5214] open name host:/log.txt flag 302 data 41378
[  102.5228] open fd = 256
[  102.5395] open name host:/livepad.bin flag 1 data 41378
[  102.5409] open fd = -5
[  102.5568] open name host:/livepad.bin flag 1 data 41378
[  102.5581] open fd = -5
[  102.5734] open name host:/livepad.bin flag 1 data 41378
[  102.5749] open fd = -5
[  102.5904] open name host:/livepad.bin flag 1 data 41378
[  102.5917] open fd = -5
[  102.5920] open name host:/livedbg.cmd flag 1 data 41378
[  102.5930] open fd = -5
[  102.6086] open name host:/livepad.bin flag 1 data 41378
[  102.6100] open fd = -5
[  102.6259] open name host:/livepad.bin flag 1 data 41378
[  102.6273] open fd = -5
[  102.6438] open name host:/livepad.bin flag 1 data 41378
[  102.6450] open fd = -5
[  102.6610] open name host:/livepad.bin flag 1 data 41378
[  102.6623] open fd = -5
[  102.6788] open name host:/livepad.bin flag 1 data 41378
[  102.6802] open fd = -5
[  102.6958] open name host:/livepad.bin flag 1 data 41378
[  102.6970] open fd = -5
[  102.6973] open name host:/livedbg.cmd flag 1 data 41378
[  102.6983] open fd = -5
[  102.7139] open name host:/livepad.bin flag 1 data 41378
[  102.7151] open fd = -5
[  102.7320] open name host:/livepad.bin flag 1 data 41378
[  102.7333] open fd = -5
[  102.7493] open name host:/livepad.bin flag 1 data 41378
[  102.7508] open fd = -5
[  102.7661] open name host:/livepad.bin flag 1 data 41378
[  102.7673] open fd = -5
[  102.7840] open name host:/livepad.bin flag 1 data 41378
[  102.7852] open fd = -5
[  102.8010] open name host:/livepad.bin flag 1 data 41378
[  102.8022] open fd = -5
[  102.8025] open name host:/livedbg.cmd flag 1 data 41378
[  102.8036] open fd = -5
[  102.8195] open name host:/livepad.bin flag 1 data 41378
[  102.8209] open fd = -5
[  102.8372] open name host:/livepad.bin flag 1 data 41378
[  102.8386] open fd = -5
[  102.8552] open name host:/livepad.bin flag 1 data 41378
[  102.8566] open fd = -5
[  102.8727] open name host:/livepad.bin flag 1 data 41378
[  102.8741] open fd = -5
[  102.8754] open name host:/log.txt flag 302 data 41378
[  102.8772] open fd = 256
[  102.8935] open name host:/livepad.bin flag 1 data 41378
[  102.8950] open fd = -5
[  102.9112] open name host:/livepad.bin flag 1 data 41378
[  102.9126] open fd = -5
[  102.9129] open name host:/livedbg.cmd flag 1 data 41378
[  102.9139] open fd = -5
[  102.9305] open name host:/livepad.bin flag 1 data 41378
[  102.9318] open fd = -5
[  102.9473] open name host:/livepad.bin flag 1 data 41378
[  102.9487] open fd = -5
[  102.9642] open name host:/livepad.bin flag 1 data 41378
[  102.9661] open fd = -5
[  102.9666] open name host:/log.txt flag 302 data 41378
[  102.9683] open fd = 256
[  102.9865] open name host:/livepad.bin flag 1 data 41378
[  102.9879] open fd = -5
[  103.0038] open name host:/livepad.bin flag 1 data 41378
[  103.0051] open fd = -5
[  103.0209] open name host:/livepad.bin flag 1 data 41378
[  103.0220] open fd = -5
[  103.0225] open name host:/livedbg.cmd flag 1 data 41378
[  103.0235] open fd = -5
[  103.0389] open name host:/livepad.bin flag 1 data 41378
[  103.0403] open fd = -5
[  103.0561] open name host:/livepad.bin flag 1 data 41378
[  103.0576] open fd = -5
[  103.0731] open name host:/livepad.bin flag 1 data 41378
[  103.0744] open fd = -5
[  103.0909] open name host:/livepad.bin flag 1 data 41378
[  103.0921] open fd = -5
[  103.0925] open name host:/log.txt flag 302 data 41378
[  103.0941] open fd = 256
[  103.1111] open name host:/livepad.bin flag 1 data 41378
[  103.1126] open fd = -5
[  103.1300] open name host:/livepad.bin flag 1 data 41378
[  103.1313] open fd = -5
[  103.1317] open name host:/livedbg.cmd flag 1 data 41378
[  103.1327] open fd = -5
[  103.1492] open name host:/livepad.bin flag 1 data 41378
[  103.1507] open fd = -5
[  103.1703] open name host:/livepad.bin flag 1 data 41378
[  103.1716] open fd = -5
[  103.1901] open name host:/livepad.bin flag 1 data 41378
[  103.1912] open fd = -5
[  103.2080] open name host:/livepad.bin flag 1 data 41378
[  103.2092] open fd = -5
[  103.2271] open name host:/livepad.bin flag 1 data 41378
[  103.2285] open fd = -5
[  103.2444] open name host:/livepad.bin flag 1 data 41378
[  103.2456] open fd = -5
[  103.2459] open name host:/livedbg.cmd flag 1 data 41378
[  103.2470] open fd = -5
[  103.2642] open name host:/livepad.bin flag 1 data 41378
[  103.2655] open fd = -5
[  103.2690] open name host:/log.txt flag 302 data 41378
[  103.2706] open fd = 256
[  103.2863] open name host:/livepad.bin flag 1 data 41378
[  103.2875] open fd = -5
[  103.3062] open name host:/livepad.bin flag 1 data 41378
[  103.3075] open fd = -5
[  103.3239] open name host:/livepad.bin flag 1 data 41378
[  103.3250] open fd = -5
[  103.3420] open name host:/livepad.bin flag 1 data 41378
[  103.3433] open fd = -5
[  103.3599] open name host:/livepad.bin flag 1 data 41378
[  103.3613] open fd = -5
[  103.3619] open name host:/livedbg.cmd flag 1 data 41378
[  103.3628] open fd = -5
[  103.3795] open name host:/livepad.bin flag 1 data 41378
[  103.3811] open fd = -5
[  103.3973] open name host:/livepad.bin flag 1 data 41378
[  103.3990] open fd = -5
[  103.4149] open name host:/livepad.bin flag 1 data 41378
[  103.4160] open fd = -5
[  103.4326] open name host:/livepad.bin flag 1 data 41378
[  103.4339] open fd = -5
[  103.4344] open name host:/log.txt flag 302 data 41378
[  103.4359] open fd = 256
[  103.4547] open name host:/livepad.bin flag 1 data 41378
[  103.4561] open fd = -5
[  103.4732] open name host:/livepad.bin flag 1 data 41378
[  103.4745] open fd = -5
[  103.4748] open name host:/livedbg.cmd flag 1 data 41378
[  103.4759] open fd = -5
[  103.4919] open name host:/livepad.bin flag 1 data 41378
[  103.4931] open fd = -5
[  103.5098] open name host:/livepad.bin flag 1 data 41378
[  103.5112] open fd = -5
[  103.5285] open name host:/livepad.bin flag 1 data 41378
[  103.5298] open fd = -5
[  103.5453] open name host:/livepad.bin flag 1 data 41378
[  103.5468] open fd = -5
[  103.5639] open name host:/livepad.bin flag 1 data 41378
[  103.5652] open fd = -5
[  103.5823] open name host:/livepad.bin flag 1 data 41378
[  103.5836] open fd = -5
[  103.5840] open name host:/livedbg.cmd flag 1 data 41378
[  103.5850] open fd = -5
[  103.5855] LOG: SKYWARM scene=0 generation=4 count=1152 check=4380
[  103.6012] open name host:/livepad.bin flag 1 data 41378
[  103.6025] open fd = -5
[  103.6191] open name host:/livepad.bin flag 1 data 41378
[  103.6204] open fd = -5
[  103.6373] open name host:/livepad.bin flag 1 data 41378
[  103.6386] open fd = -5
[  103.6557] open name host:/livepad.bin flag 1 data 41378
[  103.6572] open fd = -5
[  103.6736] open name host:/livepad.bin flag 1 data 41378
[  103.6749] open fd = -5
[  103.6916] open name host:/livepad.bin flag 1 data 41378
[  103.6929] open fd = -5
[  103.6933] open name host:/livedbg.cmd flag 1 data 41378
[  103.6942] open fd = -5
[  103.7100] open name host:/livepad.bin flag 1 data 41378
[  103.7112] open fd = -5
[  103.7276] open name host:/livepad.bin flag 1 data 41378
[  103.7291] open fd = -5
[  103.7463] open name host:/livepad.bin flag 1 data 41378
[  103.7479] open fd = -5
[  103.7651] open name host:/livepad.bin flag 1 data 41378
[  103.7663] open fd = -5
[  103.7826] open name host:/livepad.bin flag 1 data 41378
[  103.7838] open fd = -5
[  103.8008] open name host:/livepad.bin flag 1 data 41378
[  103.8022] open fd = -5
[  103.8026] open name host:/livedbg.cmd flag 1 data 41378
[  103.8035] open fd = -5
[  103.8199] open name host:/livepad.bin flag 1 data 41378
[  103.8211] open fd = -5
[  103.8378] open name host:/livepad.bin flag 1 data 41378
[  103.8391] open fd = -5
[  103.8551] open name host:/livepad.bin flag 1 data 41378
[  103.8565] open fd = -5
[  103.8739] open name host:/livepad.bin flag 1 data 41378
[  103.8752] open fd = -5
[  103.8919] open name host:/livepad.bin flag 1 data 41378
[  103.8931] open fd = -5
[  103.8936] open name host:/log.txt flag 302 data 41378
[  103.8952] open fd = 256
[  103.9126] open name host:/livepad.bin flag 1 data 41378
[  103.9138] open fd = -5
[  103.9141] open name host:/livedbg.cmd flag 1 data 41378
[  103.9153] open fd = -5
[  103.9315] open name host:/livepad.bin flag 1 data 41378
[  103.9330] open fd = -5
[  103.9490] open name host:/livepad.bin flag 1 data 41378
[  103.9504] open fd = -5
[  103.9661] open name host:/livepad.bin flag 1 data 41378
[  103.9674] open fd = -5
[  103.9838] open name host:/livepad.bin flag 1 data 41378
[  103.9852] open fd = -5
[  104.0022] open name host:/livepad.bin flag 1 data 41378
[  104.0034] open fd = -5
[  104.0197] open name host:/livepad.bin flag 1 data 41378
[  104.0210] open fd = -5
[  104.0213] open name host:/livedbg.cmd flag 1 data 41378
[  104.0223] open fd = -5
[  104.0388] open name host:/livepad.bin flag 1 data 41378
[  104.0401] open fd = -5
[  104.0576] open name host:/livepad.bin flag 1 data 41378
[  104.0590] open fd = -5
[  104.0757] open name host:/livepad.bin flag 1 data 41378
[  104.0769] open fd = -5
[  104.0939] open name host:/livepad.bin flag 1 data 41378
[  104.0950] open fd = -5
[  104.1122] open name host:/livepad.bin flag 1 data 41378
[  104.1135] open fd = -5
[  104.1295] open name host:/livepad.bin flag 1 data 41378
[  104.1308] open fd = -5
[  104.1311] open name host:/livedbg.cmd flag 1 data 41378
[  104.1322] open fd = -5
[  104.1481] open name host:/livepad.bin flag 1 data 41378
[  104.1495] open fd = -5
[  104.1679] open name host:/livepad.bin flag 1 data 41378
[  104.1691] open fd = -5
[  104.1859] open name host:/livepad.bin flag 1 data 41378
[  104.1870] open fd = -5
[  104.1904] open name host:/log.txt flag 302 data 41378
[  104.1920] open fd = 256
[  104.2078] open name host:/livepad.bin flag 1 data 41378
[  104.2091] open fd = -5
[  104.2261] open name host:/livepad.bin flag 1 data 41378
[  104.2273] open fd = -5
[  104.2433] open name host:/livepad.bin flag 1 data 41378
[  104.2444] open fd = -5
[  104.2447] open name host:/livedbg.cmd flag 1 data 41378
[  104.2459] open fd = -5
[  104.2624] open name host:/livepad.bin flag 1 data 41378
[  104.2637] open fd = -5
[  104.2798] open name host:/livepad.bin flag 1 data 41378
[  104.2811] open fd = -5
[  104.2976] FRAMEARENA frames=4680 peak=1048400 resets=7 fallbacks=0 maxFrameBytes=2731360 maxBorrowed=2045696 freeKiB=10179
[  104.2978] NATIVEVIF frames=4680 batches=4687
[  104.2980] ORDEREDFRAME frames=4680 splitFrames=5
[  104.2982] FRAMEPIPELINE starts=4680 dmaBusyStarts=185
[  104.2983] open name host:/livepad.bin flag 1 data 41378
[  104.2996] open fd = -5
[  104.3155] open name host:/livepad.bin flag 1 data 41378
[  104.3168] open fd = -5
[  104.3327] open name host:/livepad.bin flag 1 data 41378
[  104.3341] open fd = -5
[  104.3515] open name host:/livepad.bin flag 1 data 41378
[  104.3528] open fd = -5
[  104.3531] open name host:/livedbg.cmd flag 1 data 41378
[  104.3540] open fd = -5
[  104.3544] open name host:/log.txt flag 302 data 41378
[  104.3558] open fd = 256
[  104.3743] open name host:/livepad.bin flag 1 data 41378
[  104.3756] open fd = -5
[  104.3923] open name host:/livepad.bin flag 1 data 41378
[  104.3934] open fd = -5
[  104.4102] open name host:/livepad.bin flag 1 data 41378
[  104.4116] open fd = -5
[  104.4283] open name host:/livepad.bin flag 1 data 41378
[  104.4297] open fd = -5
[  104.4470] open name host:/livepad.bin flag 1 data 41378
[  104.4483] open fd = -5
[  104.4645] open name host:/livepad.bin flag 1 data 41378
[  104.4659] open fd = -5
[  104.4662] open name host:/livedbg.cmd flag 1 data 41378
[  104.4673] open fd = -5
[  104.4840] open name host:/livepad.bin flag 1 data 41378
[  104.4851] open fd = -5
[  104.5021] open name host:/livepad.bin flag 1 data 41378
[  104.5033] open fd = -5
[  104.5203] open name host:/livepad.bin flag 1 data 41378
[  104.5215] open fd = -5
[  104.5379] open name host:/livepad.bin flag 1 data 41378
[  104.5392] open fd = -5
[  104.5554] open name host:/livepad.bin flag 1 data 41378
[  104.5567] open fd = -5
[  104.5736] open name host:/livepad.bin flag 1 data 41378
[  104.5748] open fd = -5
[  104.5751] open name host:/livedbg.cmd flag 1 data 41378
[  104.5760] open fd = -5
[  104.5913] open name host:/livepad.bin flag 1 data 41378
[  104.5928] open fd = -5
[  104.6087] open name host:/livepad.bin flag 1 data 41378
[  104.6102] open fd = -5
[  104.6270] open name host:/livepad.bin flag 1 data 41378
[  104.6282] open fd = -5
[  104.6457] open name host:/livepad.bin flag 1 data 41378
[  104.6470] open fd = -5
[  104.6640] open name host:/livepad.bin flag 1 data 41378
[  104.6652] open fd = -5
[  104.6810] open name host:/livepad.bin flag 1 data 41378
[  104.6822] open fd = -5
[  104.6824] open name host:/livedbg.cmd flag 1 data 41378
[  104.6838] open fd = -5
[  104.6849] LOG: SKYORACLE scene=0 generation=4 count=1152 equal=1 check=4440 bboxBefore=17899
[  104.7004] open name host:/livepad.bin flag 1 data 41378
[  104.7019] open fd = -5
[  104.7181] open name host:/livepad.bin flag 1 data 41378
[  104.7194] open fd = -5
[  104.7361] open name host:/livepad.bin flag 1 data 41378
[  104.7375] open fd = -5
[  104.7541] open name host:/livepad.bin flag 1 data 41378
[  104.7554] open fd = -5
[  104.7726] open name host:/livepad.bin flag 1 data 41378
[  104.7738] open fd = -5
[  104.7907] open name host:/livepad.bin flag 1 data 41378
[  104.7919] open fd = -5
[  104.7923] open name host:/livedbg.cmd flag 1 data 41378
[  104.7932] open fd = -5
[  104.8100] open name host:/livepad.bin flag 1 data 41378
[  104.8112] open fd = -5
[  104.8119] open name host:/log.txt flag 302 data 41378
[  104.8138] open fd = 256
[  104.8320] open name host:/livepad.bin flag 1 data 41378
[  104.8333] open fd = -5
[  104.8500] open name host:/livepad.bin flag 1 data 41378
[  104.8512] open fd = -5
[  104.8681] open name host:/livepad.bin flag 1 data 41378
[  104.8695] open fd = -5
[  104.8870] open name host:/livepad.bin flag 1 data 41378
[  104.8883] open fd = -5
[  104.9055] open name host:/livepad.bin flag 1 data 41378
[  104.9069] open fd = -5
[  104.9072] open name host:/livedbg.cmd flag 1 data 41378
[  104.9082] open fd = -5
[  104.9244] open name host:/livepad.bin flag 1 data 41378
[  104.9256] open fd = -5
[  104.9421] open name host:/livepad.bin flag 1 data 41378
[  104.9433] open fd = -5
[  104.9603] open name host:/livepad.bin flag 1 data 41378
[  104.9616] open fd = -5
[  104.9780] open name host:/livepad.bin flag 1 data 41378
[  104.9795] open fd = -5
[  104.9968] open name host:/livepad.bin flag 1 data 41378
[  104.9980] open fd = -5
[  105.0146] open name host:/livepad.bin flag 1 data 41378
[  105.0159] open fd = -5
[  105.0163] open name host:/livedbg.cmd flag 1 data 41378
[  105.0172] open fd = -5
[  105.0340] open name host:/livepad.bin flag 1 data 41378
[  105.0353] open fd = -5
[  105.0525] open name host:/livepad.bin flag 1 data 41378
[  105.0538] open fd = -5
[  105.0707] open name host:/livepad.bin flag 1 data 41378
[  105.0719] open fd = -5
[  105.0885] open name host:/livepad.bin flag 1 data 41378
[  105.0902] open fd = -5
[  105.1073] open name host:/livepad.bin flag 1 data 41378
[  105.1088] open fd = -5
[  105.1126] open name host:/log.txt flag 302 data 41378
[  105.1143] open fd = 256
[  105.1293] open name host:/livepad.bin flag 1 data 41378
[  105.1308] open fd = -5
[  105.1311] open name host:/livedbg.cmd flag 1 data 41378
[  105.1322] open fd = -5
[  105.1492] open name host:/livepad.bin flag 1 data 41378
[  105.1509] open fd = -5
[  105.1680] open name host:/livepad.bin flag 1 data 41378
[  105.1693] open fd = -5
[  105.1861] open name host:/livepad.bin flag 1 data 41378
[  105.1877] open fd = -5
[  105.2041] open name host:/livepad.bin flag 1 data 41378
[  105.2054] open fd = -5
[  105.2221] open name host:/livepad.bin flag 1 data 41378
[  105.2231] open fd = -5
[  105.2399] open name host:/livepad.bin flag 1 data 41378
[  105.2412] open fd = -5
[  105.2415] open name host:/livedbg.cmd flag 1 data 41378
[  105.2424] open fd = -5
[  105.2598] open name host:/livepad.bin flag 1 data 41378
[  105.2611] open fd = -5
[  105.2779] open name host:/livepad.bin flag 1 data 41378
[  105.2792] open fd = -5
[  105.2799] open name host:/log.txt flag 302 data 41378
[  105.2816] open fd = 256
[  105.2993] open name host:/livepad.bin flag 1 data 41378
[  105.3007] open fd = -5
[  105.3184] open name host:/livepad.bin flag 1 data 41378
[  105.3195] open fd = -5
[  105.3365] open name host:/livepad.bin flag 1 data 41378
[  105.3379] open fd = -5
[  105.3547] open name host:/livepad.bin flag 1 data 41378
[  105.3560] open fd = -5
[  105.3563] open name host:/livedbg.cmd flag 1 data 41378
[  105.3573] open fd = -5
[  105.3743] open name host:/livepad.bin flag 1 data 41378
[  105.3755] open fd = -5
[  105.3931] open name host:/livepad.bin flag 1 data 41378
[  105.3942] open fd = -5
[  105.4111] open name host:/livepad.bin flag 1 data 41378
[  105.4123] open fd = -5
[  105.4304] open name host:/livepad.bin flag 1 data 41378
[  105.4320] open fd = -5
[  105.4490] open name host:/livepad.bin flag 1 data 41378
[  105.4504] open fd = -5
[  105.4674] open name host:/livepad.bin flag 1 data 41378
[  105.4687] open fd = -5
[  105.4690] open name host:/livedbg.cmd flag 1 data 41378
[  105.4699] open fd = -5
[  105.4883] open name host:/livepad.bin flag 1 data 41378
[  105.4895] open fd = -5
[  105.5049] open name host:/livepad.bin flag 1 data 41378
[  105.5061] open fd = -5
[  105.5233] open name host:/livepad.bin flag 1 data 41378
[  105.5245] open fd = -5
[  105.5409] open name host:/livepad.bin flag 1 data 41378
[  105.5422] open fd = -5
[  105.5591] open name host:/livepad.bin flag 1 data 41378
[  105.5604] open fd = -5
[  105.5778] open name host:/livepad.bin flag 1 data 41378
[  105.5792] open fd = -5
[  105.5795] open name host:/livedbg.cmd flag 1 data 41378
[  105.5805] open fd = -5
[  105.5969] open name host:/livepad.bin flag 1 data 41378
[  105.5983] open fd = -5
[  105.6147] open name host:/livepad.bin flag 1 data 41378
[  105.6162] open fd = -5
[  105.6335] open name host:/livepad.bin flag 1 data 41378
[  105.6348] open fd = -5
[  105.6515] open name host:/livepad.bin flag 1 data 41378
[  105.6527] open fd = -5
[  105.6543] open name host:/log.txt flag 302 data 41378
[  105.6559] open fd = 256
[  105.6737] open name host:/livepad.bin flag 1 data 41378
[  105.6749] open fd = -5
[  105.6922] open name host:/livepad.bin flag 1 data 41378
[  105.6933] open fd = -5
[  105.6936] open name host:/livedbg.cmd flag 1 data 41378
[  105.6946] open fd = -5
[  105.7114] open name host:/livepad.bin flag 1 data 41378
[  105.7128] open fd = -5
[  105.7309] open name host:/livepad.bin flag 1 data 41378
[  105.7321] open fd = -5
[  105.7504] open name host:/livepad.bin flag 1 data 41378
[  105.7516] open fd = -5
[  105.7524] open name host:/log.txt flag 302 data 41378
[  105.7540] open fd = 256
[  105.7735] open name host:/livepad.bin flag 1 data 41378
[  105.7748] open fd = -5
[  105.7914] open name host:/livepad.bin flag 1 data 41378
[  105.7929] open fd = -5
[  105.8100] open name host:/livepad.bin flag 1 data 41378
[  105.8114] open fd = -5
[  105.8118] open name host:/livedbg.cmd flag 1 data 41378
[  105.8127] open fd = -5
[  105.8134] LOG: SKYWARM scene=0 generation=4 count=1152 check=4500
[  105.8298] open name host:/livepad.bin flag 1 data 41378
[  105.8312] open fd = -5
[  105.8493] open name host:/livepad.bin flag 1 data 41378
[  105.8506] open fd = -5
[  105.8679] open name host:/livepad.bin flag 1 data 41378
[  105.8693] open fd = -5
[  105.8853] open name host:/livepad.bin flag 1 data 41378
[  105.8866] open fd = -5
[  105.9036] open name host:/livepad.bin flag 1 data 41378
[  105.9050] open fd = -5
[  105.9212] open name host:/livepad.bin flag 1 data 41378
[  105.9224] open fd = -5
[  105.9227] open name host:/livedbg.cmd flag 1 data 41378
[  105.9237] open fd = -5
[  105.9410] open name host:/livepad.bin flag 1 data 41378
[  105.9426] open fd = -5
[  105.9600] open name host:/livepad.bin flag 1 data 41378
[  105.9613] open fd = -5
[  105.9783] open name host:/livepad.bin flag 1 data 41378
[  105.9799] open fd = -5
[  105.9975] open name host:/livepad.bin flag 1 data 41378
[  105.9993] open fd = -5
[  106.0152] open name host:/livepad.bin flag 1 data 41378
[  106.0167] open fd = -5
[  106.0328] open name host:/livepad.bin flag 1 data 41378
[  106.0342] open fd = -5
[  106.0345] open name host:/livedbg.cmd flag 1 data 41378
[  106.0356] open fd = -5
[  106.0517] open name host:/livepad.bin flag 1 data 41378
[  106.0529] open fd = -5
[  106.0563] open name host:/log.txt flag 302 data 41378
[  106.0578] open fd = 256
[  106.0746] open name host:/livepad.bin flag 1 data 41378
[  106.0757] open fd = -5
[  106.0922] open name host:/livepad.bin flag 1 data 41378
[  106.0932] open fd = -5
[  106.1092] open name host:/livepad.bin flag 1 data 41378
[  106.1105] open fd = -5
[  106.1273] open name host:/livepad.bin flag 1 data 41378
[  106.1287] open fd = -5
[  106.1452] open name host:/livepad.bin flag 1 data 41378
[  106.1467] open fd = -5
[  106.1469] open name host:/livedbg.cmd flag 1 data 41378
[  106.1480] open fd = -5
[  106.1643] open name host:/livepad.bin flag 1 data 41378
[  106.1655] open fd = -5
[  106.1820] open name host:/livepad.bin flag 1 data 41378
[  106.1831] open fd = -5
[  106.1997] open name host:/livepad.bin flag 1 data 41378
[  106.2010] open fd = -5
[  106.2182] open name host:/livepad.bin flag 1 data 41378
[  106.2195] open fd = -5
[  106.2204] open name host:/log.txt flag 302 data 41378
[  106.2220] open fd = 256
[  106.2422] open name host:/livepad.bin flag 1 data 41378
[  106.2435] open fd = -5
[  106.2610] open name host:/livepad.bin flag 1 data 41378
[  106.2623] open fd = -5
[  106.2626] open name host:/livedbg.cmd flag 1 data 41378
[  106.2637] open fd = -5
[  106.2802] open name host:/livepad.bin flag 1 data 41378
[  106.2814] open fd = -5
[  106.2978] open name host:/livepad.bin flag 1 data 41378
[  106.2994] open fd = -5
[  106.3164] open name host:/livepad.bin flag 1 data 41378
[  106.3177] open fd = -5
[  106.3351] open name host:/livepad.bin flag 1 data 41378
[  106.3363] open fd = -5
[  106.3541] open name host:/livepad.bin flag 1 data 41378
[  106.3553] open fd = -5
[  106.3728] open name host:/livepad.bin flag 1 data 41378
[  106.3740] open fd = -5
[  106.3743] open name host:/livedbg.cmd flag 1 data 41378
[  106.3754] open fd = -5
[  106.3924] open name host:/livepad.bin flag 1 data 41378
[  106.3935] open fd = -5
[  106.4101] open name host:/livepad.bin flag 1 data 41378
[  106.4115] open fd = -5
[  106.4289] open name host:/livepad.bin flag 1 data 41378
[  106.4303] open fd = -5
[  106.4466] open name host:/livepad.bin flag 1 data 41378
[  106.4478] open fd = -5
[  106.4644] open name host:/livepad.bin flag 1 data 41378
[  106.4657] open fd = -5
[  106.4827] open name host:/livepad.bin flag 1 data 41378
[  106.4839] open fd = -5
[  106.4842] open name host:/livedbg.cmd flag 1 data 41378
[  106.4853] open fd = -5
[  106.5019] open name host:/livepad.bin flag 1 data 41378
[  106.5032] open fd = -5
[  106.5199] open name host:/livepad.bin flag 1 data 41378
[  106.5215] open fd = -5
[  106.5407] FRAMEARENA frames=4800 peak=1048400 resets=7 fallbacks=0 maxFrameBytes=2731360 maxBorrowed=2045696 freeKiB=10853
[  106.5410] NATIVEVIF frames=4800 batches=4807
[  106.5411] ORDEREDFRAME frames=4800 splitFrames=5
[  106.5412] FRAMEPIPELINE starts=4800 dmaBusyStarts=185
[  106.5413] open name host:/livepad.bin flag 1 data 41378
[  106.5425] open fd = -5
[  106.5584] open name host:/livepad.bin flag 1 data 41378
[  106.5600] open fd = -5
[  106.5775] open name host:/livepad.bin flag 1 data 41378
[  106.5791] open fd = -5
[  106.5963] open name host:/livepad.bin flag 1 data 41378
[  106.5977] open fd = -5
[  106.5981] open name host:/livedbg.cmd flag 1 data 41378
[  106.5995] open fd = -5
[  106.6173] open name host:/livepad.bin flag 1 data 41378
[  106.6184] open fd = -5
[  106.6356] open name host:/livepad.bin flag 1 data 41378
[  106.6369] open fd = -5
[  106.6540] open name host:/livepad.bin flag 1 data 41378
[  106.6551] open fd = -5
[  106.6719] open name host:/livepad.bin flag 1 data 41378
[  106.6731] open fd = -5
[  106.6892] open name host:/livepad.bin flag 1 data 41378
[  106.6906] open fd = -5
[  106.6913] open name host:/log.txt flag 302 data 41378
[  106.6928] open fd = 256
[  106.7105] open name host:/livepad.bin flag 1 data 41378
[  106.7117] open fd = -5
[  106.7121] open name host:/livedbg.cmd flag 1 data 41378
[  106.7131] open fd = -5
[  106.7298] open name host:/livepad.bin flag 1 data 41378
[  106.7310] open fd = -5
[  106.7474] open name host:/livepad.bin flag 1 data 41378
[  106.7488] open fd = -5
[  106.7659] open name host:/livepad.bin flag 1 data 41378
[  106.7672] open fd = -5
[  106.7831] open name host:/livepad.bin flag 1 data 41378
[  106.7844] open fd = -5
[  106.8023] open name host:/livepad.bin flag 1 data 41378
[  106.8036] open fd = -5
[  106.8208] open name host:/livepad.bin flag 1 data 41378
[  106.8220] open fd = -5
[  106.8223] open name host:/livedbg.cmd flag 1 data 41378
[  106.8233] open fd = -5
[  106.8408] open name host:/livepad.bin flag 1 data 41378
[  106.8423] open fd = -5
[  106.8586] open name host:/livepad.bin flag 1 data 41378
[  106.8598] open fd = -5
[  106.8773] open name host:/livepad.bin flag 1 data 41378
[  106.8788] open fd = -5
[  106.8961] open name host:/livepad.bin flag 1 data 41378
[  106.8977] open fd = -5
[  106.9144] open name host:/livepad.bin flag 1 data 41378
[  106.9157] open fd = -5
[  106.9321] open name host:/livepad.bin flag 1 data 41378
[  106.9334] open fd = -5
[  106.9339] open name host:/livedbg.cmd flag 1 data 41378
[  106.9348] open fd = -5
[  106.9359] LOG: SKYORACLE scene=0 generation=4 count=1152 equal=1 check=4560 bboxBefore=18534
[  106.9506] open name host:/livepad.bin flag 1 data 41378
[  106.9519] open fd = -5
[  106.9682] open name host:/livepad.bin flag 1 data 41378
[  106.9697] open fd = -5
[  106.9858] open name host:/livepad.bin flag 1 data 41378
[  106.9871] open fd = -5
[  106.9904] open name host:/log.txt flag 302 data 41378
[  106.9920] open fd = 256
[  107.0079] open name host:/livepad.bin flag 1 data 41378
[  107.0093] open fd = -5
[  107.0276] open name host:/livepad.bin flag 1 data 41378
[  107.0287] open fd = -5
[  107.0454] open name host:/livepad.bin flag 1 data 41378
[  107.0467] open fd = -5
[  107.0470] open name host:/livedbg.cmd flag 1 data 41378
[  107.0479] open fd = -5
[  107.0641] open name host:/livepad.bin flag 1 data 41378
[  107.0655] open fd = -5
[  107.0825] open name host:/livepad.bin flag 1 data 41378
[  107.0837] open fd = -5
[  107.1003] open name host:/livepad.bin flag 1 data 41378
[  107.1016] open fd = -5
[  107.1180] open name host:/livepad.bin flag 1 data 41378
[  107.1193] open fd = -5
[  107.1375] open name host:/livepad.bin flag 1 data 41378
[  107.1392] open fd = -5
[  107.1556] open name host:/livepad.bin flag 1 data 41378
[  107.1569] open fd = -5
[  107.1572] open name host:/livedbg.cmd flag 1 data 41378
[  107.1582] open fd = -5
[  107.1586] open name host:/log.txt flag 302 data 41378
[  107.1601] open fd = 256
[  107.1800] open name host:/livepad.bin flag 1 data 41378
[  107.1814] open fd = -5
[  107.1977] open name host:/livepad.bin flag 1 data 41378
[  107.1991] open fd = -5
[  107.2153] open name host:/livepad.bin flag 1 data 41378
[  107.2165] open fd = -5
[  107.2335] open name host:/livepad.bin flag 1 data 41378
[  107.2347] open fd = -5
[  107.2533] open name host:/livepad.bin flag 1 data 41378
[  107.2547] open fd = -5
[  107.2721] open name host:/livepad.bin flag 1 data 41378
[  107.2734] open fd = -5
[  107.2737] open name host:/livedbg.cmd flag 1 data 41378
[  107.2747] open fd = -5
[  107.2906] open name host:/livepad.bin flag 1 data 41378
[  107.2918] open fd = -5
[  107.3090] open name host:/livepad.bin flag 1 data 41378
[  107.3105] open fd = -5
[  107.3274] open name host:/livepad.bin flag 1 data 41378
[  107.3287] open fd = -5
[  107.3464] open name host:/livepad.bin flag 1 data 41378
[  107.3478] open fd = -5
[  107.3644] open name host:/livepad.bin flag 1 data 41378
[  107.3656] open fd = -5
[  107.3817] open name host:/livepad.bin flag 1 data 41378
[  107.3831] open fd = -5
[  107.3834] open name host:/livedbg.cmd flag 1 data 41378
[  107.3843] open fd = -5
[  107.4004] open name host:/livepad.bin flag 1 data 41378
[  107.4016] open fd = -5
[  107.4176] open name host:/livepad.bin flag 1 data 41378
[  107.4188] open fd = -5
[  107.4354] open name host:/livepad.bin flag 1 data 41378
[  107.4368] open fd = -5
[  107.4534] open name host:/livepad.bin flag 1 data 41378
[  107.4546] open fd = -5
[  107.4720] open name host:/livepad.bin flag 1 data 41378
[  107.4732] open fd = -5
[  107.4897] open name host:/livepad.bin flag 1 data 41378
[  107.4910] open fd = -5
[  107.4913] open name host:/livedbg.cmd flag 1 data 41378
[  107.4925] open fd = -5
[  107.5078] open name host:/livepad.bin flag 1 data 41378
[  107.5091] open fd = -5
[  107.5259] open name host:/livepad.bin flag 1 data 41378
[  107.5271] open fd = -5
[  107.5437] open name host:/livepad.bin flag 1 data 41378
[  107.5449] open fd = -5
[  107.5617] open name host:/livepad.bin flag 1 data 41378
[  107.5629] open fd = -5
[  107.5793] open name host:/livepad.bin flag 1 data 41378
[  107.5809] open fd = -5
[  107.5976] open name host:/livepad.bin flag 1 data 41378
[  107.5990] open fd = -5
[  107.5993] open name host:/livedbg.cmd flag 1 data 41378
[  107.6003] open fd = -5
[  107.6165] open name host:/livepad.bin flag 1 data 41378
[  107.6180] open fd = -5
[  107.6186] open name host:/log.txt flag 302 data 41378
[  107.6201] open fd = 256
[  107.6380] open name host:/livepad.bin flag 1 data 41378
[  107.6392] open fd = -5
[  107.6565] open name host:/livepad.bin flag 1 data 41378
[  107.6579] open fd = -5
[  107.6746] open name host:/livepad.bin flag 1 data 41378
[  107.6759] open fd = -5
[  107.6920] open name host:/livepad.bin flag 1 data 41378
[  107.6932] open fd = -5
[  107.7093] open name host:/livepad.bin flag 1 data 41378
[  107.7107] open fd = -5
[  107.7110] open name host:/livedbg.cmd flag 1 data 41378
[  107.7121] open fd = -5
[  107.7290] open name host:/livepad.bin flag 1 data 41378
[  107.7301] open fd = -5
[  107.7473] open name host:/livepad.bin flag 1 data 41378
[  107.7486] open fd = -5
[  107.7668] open name host:/livepad.bin flag 1 data 41378
[  107.7681] open fd = -5
[  107.7860] open name host:/livepad.bin flag 1 data 41378
[  107.7872] open fd = -5
[  107.8041] open name host:/livepad.bin flag 1 data 41378
[  107.8055] open fd = -5
[  107.8219] open name host:/livepad.bin flag 1 data 41378
[  107.8232] open fd = -5
[  107.8235] open name host:/livedbg.cmd flag 1 data 41378
[  107.8245] open fd = -5
[  107.8410] open name host:/livepad.bin flag 1 data 41378
[  107.8425] open fd = -5
[  107.8589] open name host:/livepad.bin flag 1 data 41378
[  107.8603] open fd = -5
[  107.8784] open name host:/livepad.bin flag 1 data 41378
[  107.8800] open fd = -5
[  107.8969] open name host:/livepad.bin flag 1 data 41378
[  107.8985] open fd = -5
[  107.9151] open name host:/livepad.bin flag 1 data 41378
[  107.9164] open fd = -5
[  107.9195] open name host:/log.txt flag 302 data 41378
[  107.9213] open fd = 256
[  107.9358] open name host:/livepad.bin flag 1 data 41378
[  107.9371] open fd = -5
[  107.9375] open name host:/livedbg.cmd flag 1 data 41378
[  107.9387] open fd = -5
[  107.9561] open name host:/livepad.bin flag 1 data 41378
[  107.9573] open fd = -5
[  107.9733] open name host:/livepad.bin flag 1 data 41378
[  107.9744] open fd = -5
[  107.9909] open name host:/livepad.bin flag 1 data 41378
[  107.9921] open fd = -5
[  108.0096] open name host:/livepad.bin flag 1 data 41378
[  108.0110] open fd = -5
[  108.0278] open name host:/livepad.bin flag 1 data 41378
[  108.0291] open fd = -5
[  108.0458] open name host:/livepad.bin flag 1 data 41378
[  108.0472] open fd = -5
[  108.0476] open name host:/livedbg.cmd flag 1 data 41378
[  108.0487] open fd = -5
[  108.0492] LOG: SKYWARM scene=0 generation=4 count=1152 check=4620
[  108.0651] open name host:/livepad.bin flag 1 data 41378
[  108.0663] open fd = -5
[  108.0833] open name host:/livepad.bin flag 1 data 41378
[  108.0844] open fd = -5
[  108.0850] open name host:/log.txt flag 302 data 41378
[  108.0868] open fd = 256
[  108.1041] open name host:/livepad.bin flag 1 data 41378
[  108.1054] open fd = -5
[  108.1222] open name host:/livepad.bin flag 1 data 41378
[  108.1234] open fd = -5
[  108.1407] open name host:/livepad.bin flag 1 data 41378
[  108.1421] open fd = -5
[  108.1589] open name host:/livepad.bin flag 1 data 41378
[  108.1603] open fd = -5
[  108.1607] open name host:/livedbg.cmd flag 1 data 41378
[  108.1617] open fd = -5
[  108.1779] open name host:/livepad.bin flag 1 data 41378
[  108.1796] open fd = -5
[  108.1961] open name host:/livepad.bin flag 1 data 41378
[  108.1974] open fd = -5
[  108.2141] open name host:/livepad.bin flag 1 data 41378
[  108.2153] open fd = -5
[  108.2313] open name host:/livepad.bin flag 1 data 41378
[  108.2327] open fd = -5
[  108.2496] open name host:/livepad.bin flag 1 data 41378
[  108.2509] open fd = -5
[  108.2693] open name host:/livepad.bin flag 1 data 41378
[  108.2707] open fd = -5
[  108.2711] open name host:/livedbg.cmd flag 1 data 41378
[  108.2720] open fd = -5
[  108.2900] open name host:/livepad.bin flag 1 data 41378
[  108.2912] open fd = -5
[  108.3081] open name host:/livepad.bin flag 1 data 41378
[  108.3096] open fd = -5
[  108.3271] open name host:/livepad.bin flag 1 data 41378
[  108.3284] open fd = -5
[  108.3451] open name host:/livepad.bin flag 1 data 41378
[  108.3466] open fd = -5
[  108.3634] open name host:/livepad.bin flag 1 data 41378
[  108.3648] open fd = -5
[  108.3813] open name host:/livepad.bin flag 1 data 41378
[  108.3826] open fd = -5
[  108.3829] open name host:/livedbg.cmd flag 1 data 41378
[  108.3838] open fd = -5
[  108.3996] open name host:/livepad.bin flag 1 data 41378
[  108.4011] open fd = -5
[  108.4181] open name host:/livepad.bin flag 1 data 41378
[  108.4195] open fd = -5
[  108.4364] open name host:/livepad.bin flag 1 data 41378
[  108.4377] open fd = -5
[  108.4551] open name host:/livepad.bin flag 1 data 41378
[  108.4563] open fd = -5
[  108.4577] open name host:/log.txt flag 302 data 41378
[  108.4592] open fd = 256
[  108.4763] open name host:/livepad.bin flag 1 data 41378
[  108.4776] open fd = -5
[  108.4943] open name host:/livepad.bin flag 1 data 41378
[  108.4956] open fd = -5
[  108.4959] open name host:/livedbg.cmd flag 1 data 41378
[  108.4969] open fd = -5
[  108.5131] open name host:/livepad.bin flag 1 data 41378
[  108.5144] open fd = -5
[  108.5310] open name host:/livepad.bin flag 1 data 41378
[  108.5322] open fd = -5
[  108.5509] open name host:/livepad.bin flag 1 data 41378
[  108.5521] open fd = -5
[  108.5526] open name host:/log.txt flag 302 data 41378
[  108.5540] open fd = 256
[  108.5722] open name host:/livepad.bin flag 1 data 41378
[  108.5734] open fd = -5
[  108.5900] open name host:/livepad.bin flag 1 data 41378
[  108.5913] open fd = -5
[  108.6084] open name host:/livepad.bin flag 1 data 41378
[  108.6096] open fd = -5
[  108.6098] open name host:/livedbg.cmd flag 1 data 41378
[  108.6109] open fd = -5
[  108.6273] open name host:/livepad.bin flag 1 data 41378
[  108.6286] open fd = -5
[  108.6466] open name host:/livepad.bin flag 1 data 41378
[  108.6480] open fd = -5
[  108.6660] open name host:/livepad.bin flag 1 data 41378
[  108.6673] open fd = -5
[  108.6677] LOG: SKYMOTION done stage=3 scene=0 generation=4
[  108.6853] open name host:/livepad.bin flag 1 data 41378
[  108.6865] open fd = -5
[  108.7039] open name host:/livepad.bin flag 1 data 41378
[  108.7051] open fd = -5
[  108.7222] open name host:/livepad.bin flag 1 data 41378
[  108.7233] open fd = -5
[  108.7236] open name host:/livedbg.cmd flag 1 data 41378
[  108.7245] open fd = -5
[  108.7413] open name host:/livepad.bin flag 1 data 41378
[  108.7428] open fd = -5
[  108.7612] open name host:/livepad.bin flag 1 data 41378
[  108.7623] open fd = -5
[  108.7805] FRAMEARENA frames=4920 peak=1048400 resets=7 fallbacks=0 maxFrameBytes=2731360 maxBorrowed=2045696 freeKiB=10856
[  108.7808] NATIVEVIF frames=4920 batches=4927
[  108.7809] ORDEREDFRAME frames=4920 splitFrames=5
[  108.7811] FRAMEPIPELINE starts=4920 dmaBusyStarts=185
[  108.7812] open name host:/livepad.bin flag 1 data 41378
[  108.7825] open fd = -5
[  108.7986] open name host:/livepad.bin flag 1 data 41378
[  108.7997] open fd = -5
[  108.8182] open name host:/livepad.bin flag 1 data 41378
[  108.8196] open fd = -5
[  108.8369] open name host:/livepad.bin flag 1 data 41378
[  108.8380] open fd = -5
[  108.8383] open name host:/livedbg.cmd flag 1 data 41378
[  108.8393] open fd = -5
[  108.8581] open name host:/livepad.bin flag 1 data 41378
[  108.8592] open fd = -5
[  108.8624] open name host:/log.txt flag 302 data 41378
[  108.8641] open fd = 256
[  108.8798] open name host:/livepad.bin flag 1 data 41378
[  108.8814] open fd = -5
[  108.8986] open name host:/livepad.bin flag 1 data 41378
[  108.8999] open fd = -5
[  108.9172] open name host:/livepad.bin flag 1 data 41378
[  108.9183] open fd = -5
[  108.9353] open name host:/livepad.bin flag 1 data 41378
[  108.9365] open fd = -5
[  108.9538] open name host:/livepad.bin flag 1 data 41378
[  108.9550] open fd = -5
[  108.9553] open name host:/livedbg.cmd flag 1 data 41378
[  108.9564] open fd = -5
[  108.9733] open name host:/livepad.bin flag 1 data 41378
[  108.9744] open fd = -5
[  108.9921] open name host:/livepad.bin flag 1 data 41378
[  108.9935] open fd = -5
[  109.0108] open name host:/livepad.bin flag 1 data 41378
[  109.0122] open fd = -5
[  109.0295] open name host:/livepad.bin flag 1 data 41378
[  109.0309] open fd = -5
[  109.0315] open name host:/log.txt flag 302 data 41378
[  109.0332] open fd = 256
[  109.0515] open name host:/livepad.bin flag 1 data 41378
[  109.0527] open fd = -5
[  109.0695] open name host:/livepad.bin flag 1 data 41378
