frame,phase,update_ms,vehicles_included_ms,submit_ms,finish_ms,present_ms,total_ms,bounds_included_ms,prepare_included_ms,dispatch_included_ms,packet_included_ms,dma_included_ms,vif_wait_included_ms,flushes,triangles,uploads,reuploads
120,0,3.275014,2.275323,28.150418,1.047380,7.490597,39.963409,2.471910,3.146061,16.427673,2.099714,2.404904,6.257802,133,46247,0,0
121,0,3.230099,2.229479,24.173489,1.026771,11.532603,39.962962,2.277751,2.601827,13.505561,1.667331,1.737369,5.178219,107,35675,0,0
122,0,3.274065,2.280362,28.223456,1.014971,7.418433,39.930925,2.444824,3.222114,16.322764,1.996409,2.270552,6.313212,133,46247,0,0
123,0,3.289948,2.290914,23.928311,1.048370,11.696143,39.962772,2.195251,2.465529,13.768507,1.695821,1.998247,5.235748,107,35675,0,0
124,0,3.224769,2.226203,28.293647,1.018612,7.426063,39.963091,2.480011,3.100518,16.313961,2.020925,2.375136,6.213487,133,46247,0,0
125,0,3.275489,2.281189,23.967556,1.018104,11.669695,39.930844,2.224962,2.525828,13.602912,1.664564,1.878075,5.040222,107,35675,0,0
126,0,3.264706,2.238213,28.315321,1.017568,7.365000,39.962596,2.472551,3.034292,16.724945,2.163479,2.424069,6.337867,133,46247,0,0
127,0,3.247555,2.246263,24.113512,1.053029,11.579349,39.993446,2.233951,2.674974,13.366808,1.667440,1.916178,5.157576,107,35675,0,0
128,0,3.278330,2.283780,28.224982,1.019908,7.408891,39.932112,2.799523,3.115913,15.911045,1.882907,2.314287,6.251750,133,46247,0,0
129,0,3.255042,2.241069,23.930488,1.023210,11.753577,39.962318,2.298686,2.556383,13.399980,1.713803,1.879622,5.132260,107,35675,0,0
130,0,3.231822,2.232035,28.228665,1.017595,7.484779,39.962860,2.628666,3.108226,16.297570,2.174723,2.246039,6.199114,133,46247,0,0
131,0,3.294145,2.301459,24.038215,1.044410,11.546885,39.923655,2.347246,2.617425,13.306817,1.547316,1.972711,5.049225,107,35675,0,0
132,0,3.256690,2.237793,28.351997,1.018158,7.336002,39.962847,2.633382,3.127458,16.295485,2.117245,2.284434,6.334456,133,46247,0,0
133,0,3.227264,2.226461,24.059380,1.024214,11.651730,39.962589,2.106266,2.586307,13.686347,1.754649,1.868100,5.269508,107,35675,0,0
134,0,3.264686,2.273173,28.250861,1.017941,7.399838,39.933326,2.724297,3.007874,16.076314,1.983470,2.354553,6.217085,133,46247,0,0
135,0,3.298492,2.268195,24.127204,1.022430,11.515133,39.963260,2.150716,2.494904,13.881873,1.672448,1.962901,5.225294,107,35675,0,0
136,0,3.231727,2.231832,28.246406,1.026974,7.457428,39.962535,2.496328,3.197957,16.409814,2.147729,2.370005,6.153781,133,46247,0,0
137,0,3.275543,2.265001,24.071235,1.022356,11.593136,39.962270,2.080085,2.522261,13.770308,1.693247,1.840407,5.253143,107,35675,0,0
138,0,3.272614,2.245633,28.076341,1.016774,7.596717,39.962446,2.687670,3.205302,15.926537,1.909105,2.273322,6.073025,133,46247,0,0
139,0,3.250627,2.249213,24.022407,1.054718,11.666582,39.994334,2.117330,2.688639,13.589878,1.637984,1.919301,5.173326,107,35675,0,0
140,0,3.233592,2.266791,28.263129,1.015866,7.392778,39.905365,2.681498,2.961914,16.305834,2.002245,2.181007,6.115217,133,46247,0,0
141,0,3.272051,2.244846,24.295865,1.020423,11.374095,39.962433,2.223033,2.672061,13.381365,1.574975,1.918983,5.034078,107,35675,0,0
142,0,3.238644,2.238736,28.233039,1.027401,7.462847,39.961931,2.609561,3.159336,16.305216,2.077399,2.304806,6.211728,133,46247,0,0
143,0,3.303294,2.292386,24.048754,1.019196,11.591590,39.962833,2.312720,2.765856,13.235192,1.589420,1.772773,5.049120,107,35675,0,0
144,0,3.261898,2.234748,28.097521,1.017473,7.579261,39.956153,2.744259,3.152001,15.935330,1.947144,2.281477,6.146434,133,46247,0,0
145,0,3.233185,2.233622,24.009427,1.023963,11.696082,39.962657,2.121792,2.669091,13.641585,1.748549,1.854384,5.164724,107,35675,0,0
146,0,3.243323,2.275825,28.241401,1.016049,7.411184,39.911957,2.835548,3.192997,15.968472,1.963257,2.395118,6.114332,133,46247,0,0
147,0,3.290944,2.265740,23.954942,1.016680,11.700233,39.962799,2.239739,2.687178,13.261251,1.581584,1.803216,5.123956,107,35675,0,0
148,0,3.229848,2.228828,28.268561,1.021311,7.442583,39.962304,2.628699,3.102448,16.297950,2.102180,2.203786,6.223256,133,46247,0,0
149,0,3.266191,2.232998,24.127163,1.016178,11.553375,39.962908,2.154049,2.706058,13.677687,1.575829,1.903486,5.269613,107,35675,0,0
150,0,3.269501,2.243313,28.101651,1.020993,7.570411,39.962555,2.567230,3.060184,16.181508,1.962314,2.456139,6.201538,133,46247,0,0
151,0,3.292111,2.248176,24.048652,1.026323,11.595551,39.962636,2.184913,2.732123,13.538927,1.682126,1.833428,5.192230,107,35675,0,0
152,0,3.273902,2.242540,28.325121,1.041236,7.345415,39.985674,2.623166,3.312063,16.145803,2.064785,2.275604,6.215607,133,46247,0,0
153,0,3.262651,2.278408,23.975939,1.021901,11.679074,39.939565,2.110253,2.612976,13.628710,1.664666,1.897810,5.140808,107,35675,0,0
154,0,3.246111,2.246121,28.089769,1.015479,7.611365,39.962724,2.705048,3.164419,15.991564,1.970039,2.290398,6.178260,133,46247,0,0
155,0,3.239960,2.215597,24.180467,1.020213,11.543352,39.983992,2.147790,2.570350,13.694661,1.620385,1.977234,5.170915,107,35675,0,0
156,0,3.276357,2.277018,28.168003,1.013255,7.483531,39.941145,2.597175,3.138394,16.257497,2.109768,2.334846,6.283366,133,46247,0,0
157,0,3.244707,2.245748,23.950426,1.016964,11.744117,39.956214,2.263106,2.570669,13.491279,1.681037,1.927375,5.186279,107,35675,0,0
158,0,3.244985,2.224799,28.457058,1.017039,7.243608,39.962691,2.755364,3.076199,16.374420,2.010654,2.291484,6.365319,133,46247,0,0
159,0,3.327430,2.300890,24.000251,1.014448,11.620717,39.962847,2.226301,2.689850,13.462918,1.616516,1.840023,5.258484,107,35675,0,0
160,0,3.255198,2.256517,28.123813,1.015228,7.568275,39.962514,2.561462,2.917077,16.456072,2.154758,2.321350,6.288113,133,46247,0,0
161,0,3.268205,2.245694,24.065945,1.051693,11.607005,39.992849,2.182566,2.494846,13.722646,1.706211,1.899214,5.174611,107,35675,0,0
162,0,3.274370,2.275560,28.259406,1.022173,7.376645,39.932593,2.541209,3.142395,16.287852,2.090380,2.388279,6.309635,133,46247,0,0
163,0,3.258189,2.258457,23.945787,1.018565,11.740557,39.963097,2.184021,2.747481,13.353600,1.657847,1.810364,5.149716,107,35675,0,0
164,0,3.275916,2.250129,28.294176,1.018450,7.374122,39.962663,2.702508,3.068366,16.123179,1.949090,2.279921,6.210778,133,46247,0,0
165,0,3.302568,2.277283,24.116970,1.021271,11.522078,39.962887,2.246552,2.692990,13.465963,1.630649,1.823239,5.175886,107,35675,0,0
166,0,3.234819,2.237000,28.127455,1.017385,7.583059,39.962718,2.524546,3.110402,16.230543,2.076870,2.346439,6.135773,133,46247,0,0
167,0,3.289771,2.263882,24.057644,1.056793,11.589739,39.993947,2.065518,2.680735,13.577260,1.673353,1.902452,5.101139,107,35675,0,0
168,0,3.275055,2.277527,28.173408,1.016510,7.467078,39.932051,2.718713,3.156474,16.087463,1.908766,2.291345,6.311679,133,46247,0,0
169,0,3.237016,2.231974,23.963508,1.015099,11.747019,39.962643,2.141605,2.586897,13.629859,1.677829,1.808350,5.223504,107,35675,0,0
170,0,3.232534,2.233853,28.285346,1.017371,7.389218,39.924469,2.555895,3.162432,16.222799,1.976020,2.349850,6.237434,133,46247,0,0
171,0,3.324276,2.298957,24.068285,1.017799,11.552968,39.963328,2.227587,2.548109,13.638204,1.579987,2.077579,5.312561,107,35675,0,0
172,0,3.236155,2.237623,28.113397,1.019345,7.593238,39.962134,2.667457,3.083116,16.149492,2.052785,2.271735,6.027157,133,46247,0,0
173,0,3.255544,2.228360,24.040046,1.022247,11.645545,39.963382,2.173638,2.559072,13.741275,1.888295,1.837070,5.238681,107,35675,0,0
174,0,3.263078,2.296855,28.271064,1.019324,7.376889,39.930355,2.732524,3.058536,16.126051,2.034519,2.331760,6.215644,133,46247,0,0
175,0,3.266232,2.299316,23.981452,1.013424,11.701942,39.963050,2.184675,2.565148,13.522061,1.627831,1.909342,5.137922,107,35675,0,0
176,0,3.257538,2.232022,28.370761,1.021237,7.313426,39.962962,2.607425,3.110664,16.355228,2.077457,2.232130,6.184143,133,46247,0,0
177,0,3.301083,2.304979,24.069465,1.021054,11.571103,39.962704,2.075826,2.623013,13.675737,1.781365,1.903453,5.225538,107,35675,0,0
178,0,3.246592,2.247050,28.190843,1.015635,7.509050,39.962121,2.587148,3.038374,16.273936,2.010542,2.227817,6.242164,133,46247,0,0
179,0,3.264523,2.245714,24.103563,1.021081,11.573781,39.962948,2.257270,2.649092,13.625583,1.750882,1.866492,5.155853,107,35675,0,0
180,0,3.311757,2.316528,28.268968,1.034746,7.370778,39.986250,2.714430,3.019555,16.176059,1.979414,2.315857,6.299411,133,46247,0,0
181,0,3.245785,2.279507,24.032457,1.016720,11.643890,39.938853,2.267663,2.620517,13.414653,1.679640,1.812619,5.148716,107,35675,0,0
182,0,3.249976,2.229370,28.050483,1.031084,7.630856,39.962399,2.463999,2.928094,16.392103,2.140805,2.215274,6.243707,133,46247,0,0
183,0,3.259267,2.232496,23.990282,1.025123,11.699724,39.974396,2.215318,2.614237,13.550337,1.539046,1.808411,5.268409,107,35675,0,0
184,0,3.243073,2.274523,28.188321,1.019874,7.493852,39.945119,2.510752,3.022576,16.411418,2.086070,2.428134,6.245477,133,46247,0,0
185,0,3.267812,2.243632,23.889431,1.014421,11.791134,39.962799,2.058834,2.499729,13.571832,1.683950,1.833272,5.123606,107,35675,0,0
186,0,3.253354,2.229011,28.406582,1.017432,7.284902,39.962270,2.433204,3.260200,16.372291,2.001628,2.238373,6.298520,133,46247,0,0
187,0,3.286740,2.289958,24.051480,1.020545,11.603980,39.962745,2.158213,2.583452,13.611504,1.626621,1.983582,5.190382,107,35675,0,0
188,0,3.273305,2.246406,28.119595,1.018531,7.551470,39.962901,2.716095,3.068119,16.062514,1.996121,2.453603,6.187049,133,46247,0,0
189,0,3.242632,2.229085,24.088793,1.022017,11.609507,39.962948,2.136600,2.685594,13.663798,1.554196,1.875271,5.278246,107,35675,0,0
190,0,3.265554,2.270264,28.217292,1.026771,7.456845,39.966461,2.561991,3.143633,16.083523,1.948286,2.199615,6.065999,133,46247,0,0
191,0,3.285309,2.260369,24.005500,1.017676,11.650462,39.958947,2.182441,2.564158,13.621324,1.773922,1.875719,5.142032,107,35675,0,0
192,0,3.250220,2.226590,28.270860,1.018328,7.423275,39.962684,2.683831,2.955685,16.495934,1.933601,2.479048,6.258141,133,46247,0,0
193,0,3.234955,2.236104,23.998827,1.051910,11.708086,39.993778,2.196730,2.604072,13.445157,1.564070,1.886071,5.168077,107,35675,0,0
194,0,3.231028,2.233012,28.203362,1.015459,7.482480,39.932329,2.696835,3.013702,16.056122,1.950334,2.285265,6.219744,133,46247,0,0
195,0,3.278534,2.252014,23.905911,1.044166,11.734616,39.963226,2.230557,2.581767,13.562341,1.775323,1.921275,5.236708,107,35675,0,0
196,0,3.226512,2.232307,28.393785,1.023332,7.312592,39.956221,2.552178,3.113502,16.363288,2.174733,2.303908,6.175256,133,46247,0,0
197,0,3.263384,2.230028,24.092801,1.018938,11.587196,39.962318,2.317006,2.660858,13.558556,1.573934,1.913605,5.230011,107,35675,0,0
198,0,3.267737,2.243652,28.116930,1.020749,7.557634,39.963050,2.596639,3.202430,16.142497,1.984273,2.291534,6.131137,133,46247,0,0
199,0,3.288001,2.250000,24.078986,1.025068,11.570608,39.962663,2.126845,2.598629,13.634745,1.674801,1.848206,5.272254,107,35675,0,0
200,0,3.276113,2.243537,28.335415,1.050181,7.331763,39.993473,2.658505,3.266368,16.207058,2.070923,2.310900,6.230977,133,46247,0,0
201,0,3.267799,2.280687,23.967312,1.020315,11.676531,39.931956,2.290029,2.563185,13.548041,1.623233,1.878123,5.091522,107,35675,0,0
202,0,3.269847,2.270657,28.066922,1.021176,7.603451,39.961395,2.610338,2.896183,16.411184,2.130934,2.283444,6.221029,133,46247,0,0
203,0,3.228546,2.229519,24.135403,1.020382,11.599152,39.983483,2.169457,2.824463,13.415941,1.513058,1.918437,5.159502,107,35675,0,0
204,0,3.260773,2.277778,28.153795,1.018606,7.509132,39.942305,2.615414,2.988529,16.248227,2.132785,2.345008,6.263411,133,46247,0,0
205,0,3.265127,2.264994,23.933255,1.051144,11.713294,39.962819,2.226535,2.494425,13.711534,1.560523,2.035305,5.145840,107,35675,0,0
206,0,3.231300,2.232286,28.334724,1.019467,7.376902,39.962392,2.702403,3.238475,16.131226,2.000315,2.319648,6.178880,133,46247,0,0
207,0,3.321835,2.299683,23.987800,1.019731,11.633928,39.963294,2.112491,2.579298,13.539771,1.709157,1.863875,5.129964,107,35675,0,0
208,0,3.270905,2.271735,28.105516,1.020891,7.565243,39.962555,2.701369,3.111881,16.138146,2.093825,2.272742,6.188555,133,46247,0,0
209,0,3.227210,2.228380,24.135220,1.019487,11.574127,39.956045,2.290351,2.591475,13.604319,1.636461,1.797139,5.183424,107,35675,0,0
210,0,3.299103,2.276306,28.241848,1.014381,7.407325,39.962657,2.556705,3.211806,16.262634,1.866408,2.353170,6.196130,133,46247,0,0
211,0,3.293352,2.294366,23.946459,1.048662,11.674245,39.962718,2.258864,2.490896,13.666890,1.595530,1.962982,5.255575,107,35675,0,0
212,0,3.225352,2.226508,28.266893,1.018694,7.452003,39.962941,2.624179,3.051066,16.285726,2.005863,2.286038,6.202803,133,46247,0,0
213,0,3.295705,2.271349,24.007067,1.017392,11.642432,39.962596,2.100152,2.739024,13.460558,1.812168,1.737847,5.129615,107,35675,0,0
214,0,3.268328,2.269165,28.121548,1.046417,7.526323,39.962616,2.470306,3.172340,16.342065,2.164832,2.424262,6.231072,133,46247,0,0
215,0,3.249563,2.249498,24.102790,1.023170,11.607595,39.983117,2.107981,2.572293,13.487827,1.672953,1.925958,5.192352,107,35675,0,0
216,0,3.270993,2.247145,28.181505,1.018083,7.472056,39.942637,2.730092,3.115285,16.167575,1.949761,2.305966,6.182705,133,46247,0,0
217,0,3.250302,2.223328,23.949816,1.048784,11.713966,39.962867,2.213369,2.550632,13.666538,1.556841,1.818607,5.239465,107,35675,0,0
218,0,3.232981,2.232442,28.215305,1.021942,7.492062,39.962290,2.579902,3.241933,16.170237,2.067122,2.318468,6.138696,133,46247,0,0
219,0,3.296465,2.303209,24.027540,1.018151,11.588437,39.930593,2.220486,2.579013,13.578759,1.620395,1.972609,5.125895,107,35675,0,0
220,0,3.243520,2.212809,28.310594,1.022580,7.386431,39.963125,2.480174,3.122915,16.617611,2.087975,2.467919,6.333713,133,46247,0,0
221,0,3.230364,2.231350,24.068570,1.051836,11.640513,39.991282,2.264750,2.637573,13.481174,1.552934,1.871579,5.088155,107,35675,0,0
222,0,3.272641,2.280138,28.223477,1.016476,7.414629,39.927222,2.707526,3.161458,16.074778,1.875305,2.210734,6.266181,133,46247,0,0
223,0,3.290558,2.261583,24.169400,1.019691,11.483273,39.962921,2.270983,2.611006,13.744568,1.613475,1.878564,5.284285,107,35675,0,0
224,0,3.231442,2.232890,28.245775,1.016293,7.469655,39.963165,2.522837,3.194377,16.088938,1.983324,2.244212,6.250505,133,46247,0,0
225,0,3.270403,2.277486,24.031908,1.022844,11.605608,39.930762,2.303684,2.714695,13.355503,1.588094,1.826433,5.089244,107,35675,0,0
226,0,3.254730,2.241686,28.188694,1.039853,7.478953,39.962229,2.452698,3.024773,16.292887,1.999244,2.536808,6.271247,133,46247,0,0
227,0,3.259559,2.259101,24.090990,1.024607,11.588036,39.963192,2.150201,2.424950,13.759433,1.779168,1.864312,5.217451,107,35675,0,0
228,0,3.270891,2.277690,28.253526,1.020728,7.385617,39.930762,2.850342,3.071866,15.993205,1.958228,2.281548,6.144518,133,46247,0,0
229,0,3.271888,2.244663,24.170885,1.020159,11.500437,39.963369,2.237701,2.578525,13.826945,1.756894,2.018331,5.257019,107,35675,0,0
230,0,3.229916,2.230414,28.028022,1.020688,7.683489,39.962114,2.494595,3.127831,16.225871,2.087531,2.181990,6.094309,133,46247,0,0
231,0,3.240089,2.220968,24.172553,1.017880,11.531932,39.962453,2.123189,2.656236,13.736125,1.531982,1.951362,5.282684,107,35675,0,0
232,0,3.269324,2.243096,28.134128,1.016673,7.542477,39.962602,2.592665,3.026872,16.239539,2.003571,2.389781,6.171082,133,46247,0,0
233,0,3.257599,2.257189,23.886074,1.019731,11.799435,39.962840,2.211639,2.529314,13.629439,1.652717,1.896084,5.203223,107,35675,0,0
234,0,3.282121,2.237488,28.371162,1.045773,7.294322,39.993378,2.625641,3.036313,16.406921,2.109951,2.262214,6.316711,133,46247,0,0
235,0,3.298106,2.299303,24.089064,1.019711,11.519019,39.925900,2.184736,2.541850,13.767663,1.870443,1.902473,5.257989,107,35675,0,0
236,0,3.246253,2.246908,28.095201,1.017086,7.604136,39.962677,2.560720,3.018589,16.347477,2.106293,2.250322,6.257409,133,46247,0,0
237,0,3.258257,2.234585,24.042101,1.047136,11.641008,39.988502,2.107273,2.703729,13.535940,1.709100,1.772861,5.173428,107,35675,0,0
238,0,3.275503,2.278524,28.232246,1.017778,7.411394,39.936920,2.600725,3.184360,16.277117,2.040290,2.405477,6.286716,133,46247,0,0
239,0,3.261227,2.261780,23.924832,1.014482,11.762421,39.962962,2.105706,2.489868,13.650747,1.799496,1.870575,5.116696,107,35675,0,0
240,0,3.254391,2.231330,28.424181,1.016130,7.267656,39.962358,2.597683,3.101990,16.400350,2.047526,2.174618,6.404544,133,46247,0,0
241,0,3.284047,2.287706,24.045220,1.017860,11.583018,39.930145,2.350003,2.597836,13.554667,1.696052,1.854631,5.224789,107,35675,0,0
242,0,3.238685,2.234117,28.072761,1.030026,7.621538,39.963009,2.576847,3.220744,16.101963,1.909854,2.394219,6.112498,133,46247,0,0
243,0,3.273122,2.243449,24.173794,1.022641,11.493527,39.963084,2.093160,2.581475,13.664385,1.668148,1.839281,5.089610,107,35675,0,0
244,0,3.274004,2.275920,28.209642,1.023007,7.425588,39.932241,2.621477,3.176944,16.142049,1.998803,2.314026,6.159749,133,46247,0,0
245,0,3.252838,2.253716,23.937975,1.049001,11.753048,39.992862,2.165487,2.552355,13.622586,1.672502,1.857673,5.175500,107,35675,0,0
246,0,3.233314,2.234850,28.230984,1.016598,7.451467,39.932363,2.688293,3.051351,16.172401,2.026238,2.343757,6.157993,133,46247,0,0
247,0,3.306291,2.284003,24.038378,1.024736,11.593889,39.963294,2.117371,2.657288,13.520206,1.811781,1.834998,5.177979,107,35675,0,0
248,0,3.253469,2.248888,28.110216,1.021834,7.585785,39.971303,2.655589,2.969194,16.336239,2.037143,2.436384,6.205488,133,46247,0,0
249,0,3.228526,2.228034,24.130174,1.023577,11.564809,39.947086,2.217685,2.552917,13.531155,1.728353,1.830712,5.222653,107,35675,0,0
250,0,3.259966,2.272888,28.151360,1.017649,7.502397,39.931373,2.448642,3.049557,16.145030,1.957326,2.280514,6.128618,133,46247,0,0
251,0,3.304847,2.267938,23.904853,1.022437,11.730947,39.963084,2.108731,2.752675,13.520721,1.676836,1.822764,5.125268,107,35675,0,0
252,0,3.244300,2.245327,28.336900,1.018253,7.363129,39.962582,2.754500,3.165493,16.176059,1.959683,2.276869,6.312592,133,46247,0,0
253,0,3.272919,2.248840,23.968899,1.024309,11.716787,39.982914,2.163472,2.614163,13.530908,1.542029,1.822144,5.228475,107,35675,0,0
254,0,3.280853,2.311442,28.191942,1.020179,7.449229,39.942203,2.907023,3.005524,16.035465,1.916941,2.212636,6.240306,133,46247,0,0
255,0,3.273346,2.270555,24.215502,1.022844,11.451494,39.963186,2.310659,2.826389,13.464257,1.595184,1.846554,5.195414,107,35675,0,0
256,0,3.254140,2.230109,28.440219,1.015703,7.252940,39.963003,2.509657,3.024641,16.583483,1.902493,2.351105,6.408586,133,46247,0,0
257,0,3.294613,2.298082,24.056403,1.025428,11.585873,39.962318,2.379266,2.602892,13.342441,1.625251,1.808163,5.161926,107,35675,0,0
258,0,3.245175,2.245775,28.150621,1.017982,7.549130,39.962908,2.693051,3.086626,16.070004,2.042019,2.350922,6.106910,133,46247,0,0
259,0,3.268083,2.243245,24.118585,1.022675,11.553741,39.963084,2.147000,2.550361,13.606089,1.741991,1.808611,5.117093,107,35675,0,0
260,0,3.273414,2.304654,28.223212,1.015357,7.419654,39.931637,2.606113,3.085510,16.165222,2.017249,2.394741,6.216363,133,46247,0,0
261,0,3.245555,2.277289,24.013699,1.019162,11.677684,39.956099,2.251780,2.515272,13.559950,1.600569,1.963199,5.141971,107,35675,0,0
262,0,3.231177,2.222799,28.067959,1.031721,7.631907,39.962765,2.466281,2.923316,16.408274,2.061113,2.327566,6.211938,133,46247,0,0
263,0,3.257870,2.230998,23.998786,1.026567,11.700979,39.984202,2.139459,2.527835,13.686635,1.571943,1.843787,5.337660,107,35675,0,0
264,0,3.242001,2.273465,28.205268,1.021888,7.472341,39.941498,2.589776,2.979218,16.461555,2.009633,2.443105,6.279711,133,46247,0,0
265,0,3.266815,2.242615,23.888882,1.015093,11.791521,39.962311,2.164700,2.533118,13.547245,1.687629,1.883291,5.153388,107,35675,0,0
266,0,3.257077,2.231533,28.395352,1.016151,7.294505,39.963084,2.502157,3.292260,16.236128,2.030613,2.311018,6.223602,133,46247,0,0
267,0,3.281979,2.286099,24.042630,1.019914,11.618039,39.962562,2.194221,2.584120,13.616330,1.590437,1.983534,5.194387,107,35675,0,0
268,0,3.268280,2.243591,28.123440,1.017086,7.554114,39.962921,2.593204,3.071113,16.215074,2.101586,2.388394,6.219191,133,46247,0,0
269,0,3.238359,2.225857,24.103482,1.018083,11.603017,39.962941,2.133565,2.570811,13.747813,1.556807,1.838616,5.281935,107,35675,0,0
270,0,3.235728,2.269518,28.216661,1.024431,7.452593,39.929413,2.719398,3.184730,16.012845,1.918267,2.277388,6.079078,133,46247,0,0
271,0,3.287676,2.262777,23.966302,1.048289,11.661509,39.963776,2.158264,2.597358,13.657691,1.624969,1.849857,5.120578,107,35675,0,0
272,0,3.250892,2.225566,28.268623,1.020891,7.421912,39.962318,2.623766,3.199914,16.277693,2.188277,2.277893,6.331757,133,46247,0,0
273,0,3.264048,2.232001,24.079352,1.025408,11.594052,39.962860,2.038011,2.623189,13.815508,1.619809,1.972999,5.215512,107,35675,0,0
274,0,3.241587,2.244385,28.182441,1.021420,7.478607,39.924055,2.789578,3.002916,16.039927,2.049245,2.213521,6.067579,133,46247,0,0
275,0,3.295013,2.268595,24.095283,1.021339,11.551348,39.962982,2.176134,2.633759,13.790724,1.600318,1.999091,5.202823,107,35675,0,0
276,0,3.232642,2.232713,28.376967,1.024024,7.352176,39.985809,2.479896,3.017687,16.446767,1.953440,2.452620,6.400465,133,46247,0,0
277,0,3.245154,2.277873,24.422024,1.023400,11.217512,39.908091,2.162984,2.639242,13.572045,1.707720,1.871490,5.056078,107,35675,0,0
278,0,3.276316,2.245592,28.387200,1.016774,7.282691,39.962982,2.646383,3.183533,16.378615,2.187385,2.313517,6.286343,133,46247,0,0
279,0,3.239722,2.237881,24.046332,1.023692,11.657834,39.967580,2.215725,2.669057,13.545658,1.728831,1.894528,5.126587,107,35675,0,0
280,0,3.246619,2.278266,28.290982,1.019508,7.380809,39.937917,2.820594,3.229662,16.026211,1.926025,2.342065,6.136247,133,46247,0,0
281,0,3.267771,2.273058,23.997281,1.018056,11.667599,39.950707,2.113057,2.545227,13.763740,1.752943,2.144060,5.194499,107,35675,0,0
282,0,3.228207,2.226562,28.086738,1.036923,7.610694,39.962562,2.538547,3.100630,16.293511,1.957804,2.291660,6.320540,133,46247,0,0
283,0,3.231069,2.230781,24.126695,1.021990,11.583411,39.963165,2.276879,2.612976,13.509644,1.594937,1.940158,5.273105,107,35675,0,0
284,0,3.291433,2.232612,28.298184,1.039452,7.355133,39.984202,2.735528,3.121446,16.104201,2.016035,2.301704,6.101851,133,46247,0,0
285,0,3.287506,2.280402,23.975145,1.025021,11.652829,39.940501,2.117852,2.572205,13.660994,1.788974,1.989373,5.177161,107,35675,0,0
286,0,3.224050,2.222819,28.356676,1.017731,7.364499,39.962955,2.666833,3.070733,16.495995,2.052192,2.359755,6.200134,133,46247,0,0
287,0,3.279599,2.252055,24.003588,1.054779,11.650428,39.988393,2.293769,2.504350,13.739241,1.742923,1.792711,5.166460,107,35675,0,0
288,0,3.279043,2.311157,28.238837,1.021176,7.391557,39.930613,2.800551,3.042647,16.158288,2.035200,2.173486,6.223334,133,46247,0,0
289,0,3.249325,2.279161,24.024726,1.015398,11.672923,39.962372,2.197235,2.505897,13.665744,1.632351,1.865061,5.206994,107,35675,0,0
290,0,3.255775,2.255256,28.177558,1.022783,7.506141,39.962257,2.601325,2.978963,16.374474,2.048089,2.333069,6.198568,133,46247,0,0
291,0,3.246233,2.245667,24.222358,1.023597,11.471242,39.963430,2.297767,2.712104,13.418382,1.637617,1.881497,5.227709,107,35675,0,0
292,0,3.275204,2.280884,28.212592,1.017514,7.426042,39.931352,2.600121,3.185720,16.221615,1.948246,2.306597,6.251882,133,46247,0,0
293,0,3.270681,2.271220,23.991279,1.050208,11.650469,39.962636,2.138357,2.575741,13.705834,1.598395,1.875441,5.183885,107,35675,0,0
294,0,3.226864,2.225959,28.269050,1.017351,7.448944,39.962209,2.499732,3.193648,16.447903,2.178599,2.324042,6.117950,133,46247,0,0
295,0,3.313690,2.251404,24.099270,1.017676,11.532589,39.963226,2.029473,2.709846,13.802375,1.742157,1.882019,5.233968,107,35675,0,0
296,0,3.256826,2.289110,28.143521,1.023671,7.538571,39.962589,2.440789,3.317844,16.154700,2.139876,2.194746,6.313399,133,46247,0,0
297,0,3.250465,2.244941,24.135952,1.020586,11.556088,39.963091,2.175337,2.587114,13.894870,1.802826,1.837806,5.194658,107,35675,0,0
298,0,3.250254,2.229641,28.436774,1.019650,7.255815,39.962494,2.673889,3.194580,16.218018,1.965285,2.266429,6.157715,133,46247,0,0
299,0,3.295854,2.297268,24.027398,1.016856,11.593435,39.933543,2.209571,2.600128,13.550639,1.585948,1.865122,5.198707,107,35675,0,0
300,0,3.251177,2.250692,28.084317,1.016286,7.604285,39.956065,2.507670,3.160356,16.056447,2.118178,2.245900,6.049452,133,46247,0,0
301,0,3.259837,2.238627,24.018561,1.050812,11.660173,39.989383,2.228861,2.762692,13.442847,1.714793,1.883192,5.078908,107,35675,0,0
302,0,3.250342,2.280579,28.233995,1.023963,7.432851,39.941152,2.708801,3.094933,16.095066,1.998216,2.291504,6.203488,133,46247,0,0
303,0,3.243317,2.245104,23.975145,1.022234,11.717383,39.958079,2.071245,2.459218,13.677985,1.719462,1.846096,5.116102,107,35675,0,0
304,0,3.267615,2.243184,28.439263,1.019684,7.236033,39.962596,2.402154,3.116282,16.683387,2.096683,2.355577,6.163459,133,46247,0,0
305,0,3.286041,2.228807,24.002855,1.023353,11.650631,39.962880,2.258104,2.663235,13.440097,1.689741,1.830773,5.146807,107,35675,0,0
306,0,3.212026,2.211473,28.348619,1.019419,7.382158,39.962223,2.753727,3.088772,16.322923,1.961233,2.325694,6.195818,133,46247,0,0
307,0,3.319556,2.261210,23.915215,1.021311,11.707109,39.963192,2.118663,2.562992,13.626424,1.594662,1.878350,5.157888,107,35675,0,0
308,0,3.285736,2.286987,28.158298,1.021901,7.496904,39.962840,2.598992,3.157772,16.249457,2.060594,2.215261,6.245144,133,46247,0,0
309,0,3.234717,2.236192,24.198839,1.023556,11.505605,39.962718,2.169556,2.524885,13.768005,1.553450,1.915460,5.298184,107,35675,0,0
310,0,3.288693,2.268012,28.239448,1.015967,7.418555,39.962663,2.702464,3.035458,16.277646,2.049313,2.352634,6.211795,133,46247,0,0
311,0,3.299428,2.298882,24.145169,1.025279,11.492713,39.962589,2.144338,2.741757,13.614807,1.724233,1.839352,5.261549,107,35675,0,0
312,0,3.234758,2.235697,28.407884,1.017025,7.303036,39.962704,2.434289,3.107371,16.459442,1.944899,2.310015,6.347144,133,46247,0,0
313,0,3.270565,2.277574,23.991889,1.022715,11.638526,39.923696,2.185527,2.503448,13.688941,1.589600,1.937914,5.191203,107,35675,0,0
314,0,3.249122,2.249946,28.124234,1.043372,7.545542,39.962270,2.657606,3.002377,16.399241,1.927772,2.390191,6.231517,133,46247,0,0
315,0,3.240509,2.241279,24.085456,1.022675,11.614790,39.963430,2.227068,2.700948,13.455054,1.744961,1.873098,5.101023,107,35675,0,0
316,0,3.265249,2.243707,28.146227,1.018843,7.532271,39.962589,2.800605,2.930444,16.223999,2.120867,2.343726,6.126461,133,46247,0,0
317,0,3.270932,2.269619,24.049811,1.027015,11.615028,39.962786,2.057515,2.558143,13.714532,1.738858,1.866631,5.294261,107,35675,0,0
318,0,3.230506,2.264228,28.253730,1.020260,7.426042,39.930539,2.397746,3.337233,16.232663,2.104506,2.329298,6.199195,133,46247,0,0
319,0,3.291826,2.262899,23.856167,1.017860,11.797028,39.962880,2.188768,2.455858,13.674503,1.597070,1.883915,5.149706,107,35675,0,0
320,0,3.293148,2.230055,28.388862,1.019609,7.260963,39.962582,2.545227,3.015015,16.438755,2.082835,2.313002,6.275831,133,46247,0,0
321,0,3.244558,2.276740,24.052029,1.020660,11.614885,39.932132,2.179833,2.661360,13.596273,1.549703,1.890225,5.256755,107,35675,0,0
322,0,3.253089,2.229818,28.317044,1.018416,7.374298,39.962847,2.519063,3.093557,16.537676,2.081123,2.343608,6.211066,133,46247,0,0
323,0,3.318390,2.254788,23.984402,1.017493,11.642819,39.963104,2.223195,2.542704,13.540215,1.505154,1.950338,5.086629,107,35675,0,0
324,0,3.228756,2.260179,28.169400,1.017514,7.546783,39.962453,2.517432,3.132612,16.315379,2.111006,2.284163,6.238868,133,46247,0,0
325,0,3.251319,2.226935,24.089647,1.020077,11.601966,39.963009,2.096246,2.711114,13.713484,1.712524,1.871707,5.226630,107,35675,0,0
326,0,3.278134,2.280097,28.230313,1.016184,7.398821,39.923452,2.623559,3.090420,16.239668,1.995677,2.272624,6.355326,133,46247,0,0
327,0,3.248125,2.279154,23.975715,1.017676,11.721859,39.963376,2.081441,2.423187,13.757307,1.798682,1.806597,5.232222,107,35675,0,0
328,0,3.256093,2.231160,28.444892,1.017921,7.243507,39.962413,2.557648,3.109887,16.366950,1.968245,2.290158,6.429952,133,46247,0,0
329,0,3.276018,2.279202,23.999424,1.015818,11.638947,39.930206,2.284512,2.742893,13.409007,1.742360,1.882331,5.077559,107,35675,0,0
330,0,3.249915,2.249905,28.082791,1.021393,7.608626,39.962724,2.709917,3.058353,16.165215,2.114214,2.282186,6.144453,133,46247,0,0
331,0,3.254730,2.230231,24.182868,1.019725,11.505510,39.962833,2.058821,2.804118,13.640984,1.727519,1.976966,5.245636,107,35675,0,0
332,0,3.267392,2.242425,28.165805,1.019101,7.510529,39.962826,2.571862,3.190586,16.146413,2.069950,2.367557,6.213450,133,46247,0,0
333,0,3.240753,2.240831,23.889269,1.042782,11.789792,39.962596,2.104190,2.666426,13.604967,1.685133,2.023261,5.261230,107,35675,0,0
334,0,3.288957,2.269111,28.262539,1.022030,7.389476,39.963003,2.782735,3.095415,16.217153,1.910967,2.362267,6.208228,133,46247,0,0
335,0,3.306942,2.306274,24.161669,1.029497,11.464413,39.962521,2.093536,2.570716,13.874044,1.634796,1.887065,5.264699,107,35675,0,0
336,0,3.227773,2.228644,28.306647,1.016612,7.411903,39.962935,2.582241,3.136536,16.320570,2.039564,2.279697,6.178463,133,46247,0,0
337,0,3.288022,2.266568,24.025906,1.019284,11.628842,39.962053,2.057017,2.668254,13.485633,1.700460,1.909003,5.177246,107,35675,0,0
338,0,3.263621,2.265930,28.116855,1.024099,7.558285,39.962860,2.677012,3.041490,16.270257,1.952437,2.325690,6.213888,133,46247,0,0
339,0,3.246979,2.245544,24.223965,1.050981,11.460866,39.982791,2.308780,2.599528,13.500797,1.638373,1.880754,5.247321,107,35675,0,0
340,0,3.272939,2.278124,28.207221,1.017799,7.437558,39.935516,2.637078,3.066152,16.373244,1.875454,2.382728,6.187527,133,46247,0,0
341,0,3.274038,2.271857,23.927497,1.050262,11.710385,39.962182,2.190030,2.515693,13.629791,1.679548,1.854262,5.206502,107,35675,0,0
342,0,3.226396,2.227620,28.348782,1.044518,7.364126,39.983822,2.536119,3.207031,16.299133,1.976206,2.308312,6.243808,133,46247,0,0
343,0,3.294206,2.300117,23.936530,1.017819,11.693743,39.942298,2.210073,2.422909,13.605689,1.695462,1.847422,5.188782,107,35675,0,0
344,0,3.251624,2.225728,28.255500,1.016700,7.439016,39.962840,2.601474,3.013540,16.372596,2.042270,2.274228,6.160529,133,46247,0,0
345,0,3.218035,2.213888,24.084663,1.015886,11.611671,39.930254,2.164364,2.830553,13.360674,1.777123,1.830315,5.090583,107,35675,0,0
346,0,3.255910,2.229051,28.125231,1.045400,7.536516,39.963057,2.696198,3.079247,16.126133,2.085025,2.365051,6.084754,133,46247,0,0
347,0,3.248613,2.249410,24.022061,1.022010,11.670366,39.963050,2.234819,2.661211,13.370226,1.653107,1.843662,5.117360,107,35675,0,0
348,0,3.272166,2.245538,28.161343,1.016374,7.512672,39.962555,2.633484,3.101101,16.214915,1.955787,2.305030,6.173560,133,46247,0,0
349,0,3.253618,2.225810,24.122057,1.023109,11.564524,39.963308,2.177124,2.703854,13.608131,1.749139,1.940125,5.190623,107,35675,0,0
350,0,3.273760,2.276696,28.276659,1.020253,7.391788,39.962460,2.792704,3.025665,16.083110,2.106917,2.255079,6.208238,133,46247,0,0
351,0,3.258786,2.259820,23.961575,1.015656,11.696225,39.932241,2.256263,2.426120,13.536163,1.646315,1.842373,5.084805,107,35675,0,0
352,0,3.236569,2.228787,28.245266,1.016727,7.457367,39.955929,2.544193,3.042542,16.424157,2.103590,2.279626,6.240567,133,46247,0,0
353,0,3.275089,2.280097,23.993686,1.046546,11.647519,39.962840,2.095395,2.864895,13.299625,1.724742,1.855181,5.008097,107,35675,0,0
354,0,3.231666,2.232836,28.093411,1.015757,7.592526,39.933360,2.597419,3.001478,16.243313,2.131619,2.254123,6.127170,133,46247,0,0
355,0,3.274940,2.253567,24.040229,1.024363,11.641008,39.980540,2.211243,2.571011,13.462287,1.588732,1.848446,5.037845,107,35675,0,0
356,0,3.246965,2.277880,28.236355,1.020959,7.441471,39.945750,2.707014,3.083605,16.218021,2.080227,2.330566,6.233551,133,46247,0,0
357,0,3.263892,2.240099,23.896450,1.022519,11.779517,39.962379,2.116981,2.592594,13.597032,1.582720,2.013123,5.148217,107,35675,0,0
358,0,3.293549,2.261359,28.219591,1.054413,7.426348,39.993900,2.518110,3.045058,16.250061,2.040616,2.313093,6.110074,133,46247,0,0
359,0,3.266822,2.299194,24.040331,1.015866,11.609548,39.932566,2.293894,2.465973,13.551982,1.735843,1.919620,5.150258,107,35675,0,0
480,1,3.306244,2.249980,35.355523,1.505964,19.777476,59.945207,3.585470,4.992818,18.439962,2.396817,2.676449,6.808963,161,46981,0,0
481,1,3.335378,2.255588,30.401523,1.570106,4.652279,39.959286,2.957730,4.216095,15.286563,2.048926,2.206950,5.595900,124,36277,0,0
482,1,3.296316,2.238756,35.323886,1.477346,19.865272,59.962819,3.582848,4.953515,18.497711,2.131717,2.890120,6.853380,161,46981,0,0
483,1,3.337467,2.257148,30.384738,1.568091,4.672516,39.962813,3.042521,4.195974,15.411346,2.003052,2.329722,5.528510,124,36277,0,0
484,1,3.322561,2.238166,35.250217,1.478126,19.912628,59.963531,3.490051,4.930976,18.494334,2.228689,2.837250,6.863000,161,46981,0,0
485,1,3.306122,2.250590,30.429192,1.553301,4.674272,39.962887,2.940277,4.535522,15.068020,1.811113,2.207214,5.520820,124,36277,0,0
486,1,3.316193,2.234233,35.296522,1.504995,19.844703,59.962413,3.530440,5.173940,18.418898,2.144474,3.014421,6.746097,161,46981,0,0
487,1,3.295597,2.238586,30.389709,1.563365,4.713735,39.962406,3.063938,4.460371,15.053514,1.720167,2.147102,5.611898,124,36277,0,0
488,1,3.315420,2.234016,35.254917,1.491594,19.900706,59.962636,3.439050,5.333835,18.174537,2.153195,2.823578,6.675076,161,46981,0,0
489,1,3.338003,2.278388,30.354038,1.563819,4.706418,39.962277,3.040053,4.291843,15.194875,1.859548,2.220401,5.528449,124,36277,0,0
490,1,3.329654,2.271552,35.275180,1.482256,19.876400,59.963491,3.537364,4.970371,18.390255,2.325887,2.766232,6.775191,161,46981,0,0
491,1,3.348256,2.292514,30.480035,1.561669,4.565989,39.955950,2.880880,4.306149,15.377038,1.855648,2.310954,5.561893,124,36277,0,0
492,1,3.304311,2.246406,35.336121,1.501129,19.844025,59.985586,3.413222,5.239468,18.400736,2.370260,2.734697,6.698327,161,46981,0,0
493,1,3.344350,2.288093,30.118544,1.562551,4.914181,39.939626,3.017120,4.332608,14.959005,1.877265,2.218770,5.530304,124,36277,0,0
494,1,3.304616,2.249084,35.350464,1.483246,19.824968,59.963294,3.371965,5.220835,18.340610,2.127896,2.742371,6.948758,161,46981,0,0
495,1,3.328942,2.250305,30.486484,1.581255,4.580963,39.977644,3.064629,4.353960,15.067112,1.952755,2.206807,5.491876,124,36277,0,0
496,1,3.337345,2.278022,35.284702,1.513343,19.838918,59.974308,3.403297,5.235531,18.297550,2.278775,2.759382,6.788191,161,46981,0,0
497,1,3.305695,2.252190,30.377211,1.561147,4.692074,39.936127,3.121267,4.137973,15.113393,1.867147,2.151252,5.591241,124,36277,0,0
498,1,3.317210,2.233324,35.259962,1.472470,19.913205,59.962847,3.442993,5.042430,18.519881,2.288100,2.919257,6.849809,161,46981,0,0
499,1,3.308170,2.251078,30.355889,1.570825,4.727448,39.962331,2.991723,4.282850,15.188965,1.864475,2.355113,5.628198,124,36277,0,0
500,1,3.331411,2.256680,35.531264,1.510834,19.588843,59.962351,3.774214,5.178945,18.373535,2.204464,2.995015,6.738213,161,46981,0,0
501,1,3.351145,2.252448,30.515171,1.559621,4.537147,39.963084,2.973450,4.408240,15.061781,1.765815,2.250994,5.489936,124,36277,0,0
502,1,3.292572,2.230781,35.291721,3.066450,18.330326,59.981069,3.440504,5.177395,18.493340,2.141151,2.854696,6.856198,161,46981,0,0
503,1,3.340586,2.285421,30.052219,1.565087,4.979279,39.937171,2.992238,4.350447,14.853444,1.710147,2.155345,5.578437,124,36277,0,0
504,1,3.307526,2.252272,35.355625,1.470456,19.829152,59.962758,3.507582,5.053019,18.564046,2.248776,2.820875,6.870660,161,46981,0,0
505,1,3.315779,2.282396,30.491998,1.564653,4.568390,39.940820,2.991109,4.323381,15.211856,2.011478,2.222460,5.482001,124,36277,0,0
506,1,3.368574,2.341838,35.377638,1.488007,19.719967,59.954186,3.598073,5.164100,18.346124,2.023278,2.899306,6.846530,161,46981,0,0
507,1,3.343977,2.232483,30.295668,1.558475,4.764516,39.962636,3.056970,4.228994,15.125424,1.745819,2.102481,5.672682,124,36277,0,0
508,1,3.377635,2.296061,35.358656,1.485816,19.741079,59.963186,3.684360,5.085069,18.236467,2.418599,2.710381,6.675893,161,46981,0,0
509,1,3.277985,2.222399,30.382968,1.559540,4.742042,39.962535,3.105333,4.351274,14.929749,1.762922,2.219330,5.556814,124,36277,0,0
510,1,3.375417,2.254279,35.059380,1.483253,0.044837,39.962887,3.534047,5.100905,18.098314,2.062625,2.886091,6.841926,161,46981,0,0
511,1,3.331858,2.273566,30.244765,1.569733,4.816383,39.962738,2.939341,4.462111,15.203308,1.916524,2.179511,5.588257,124,36277,0,0
512,1,3.346954,2.247830,35.050164,1.491079,0.074541,39.962738,3.386234,5.233317,18.095944,2.181793,2.575758,6.699795,161,46981,0,0
513,1,3.387807,2.260335,30.082045,1.560096,4.925934,39.955882,3.054162,4.215712,15.195977,1.974067,2.181593,5.563572,124,36277,0,0
514,1,3.355479,2.241048,35.073235,1.482391,0.052405,39.963511,3.556854,5.216624,18.010159,2.053253,2.733046,6.720842,161,46981,0,0
515,1,3.341068,2.240811,30.367893,1.564267,4.689328,39.962555,3.049059,4.330336,15.177016,1.784373,2.201328,5.664541,124,36277,0,0
516,1,3.353302,2.236369,35.077894,1.475922,0.055111,39.962229,3.447035,5.083754,18.260179,2.226898,2.791063,6.835544,161,46981,0,0
517,1,3.376997,2.247762,30.110080,1.560598,4.915626,39.963301,3.129150,4.359470,15.096832,1.927134,2.194166,5.504639,124,36277,0,0
518,1,3.354251,2.237820,35.018772,1.486060,0.103729,39.962813,3.459981,5.013187,18.228193,2.060801,2.851827,6.866157,161,46981,0,0
519,1,3.363271,2.265544,30.162062,1.561879,4.875912,39.963125,3.017185,4.702426,14.742357,1.758453,2.140035,5.471066,124,36277,0,0
520,1,3.330271,2.238424,35.038242,1.510020,0.083452,39.961985,3.426598,5.386241,17.949961,2.110850,2.756422,6.669315,161,46981,0,0
521,1,3.395905,2.273058,30.158766,1.553952,4.854299,39.962921,2.911421,4.567786,15.121613,1.849769,2.295803,5.555956,124,36277,0,0
522,1,3.359833,2.265164,35.085341,1.493398,0.024228,39.962799,3.454620,5.070472,18.216641,2.053057,2.798923,6.793715,161,46981,0,0
523,1,3.278873,2.221395,29.992506,1.562314,5.129690,39.963382,2.941023,4.342743,15.042959,1.837972,2.181132,5.635142,124,36277,0,0
524,1,3.367971,2.250346,35.036391,1.475108,0.083188,39.962657,3.434180,5.049842,18.240292,2.035658,2.878408,6.822649,161,46981,0,0
525,1,3.384796,2.287096,30.127143,1.566321,4.884294,39.962555,2.963257,4.387678,15.204471,1.979641,2.198622,5.568139,124,36277,0,0
526,1,3.331017,2.241482,35.005141,1.482880,0.137082,39.956119,3.350688,5.134077,18.080309,2.169857,2.663727,6.716068,161,46981,0,0
527,1,3.377045,2.254618,30.340936,1.561676,4.683570,39.963226,3.139340,4.165846,15.089501,1.740011,2.190857,5.573222,124,36277,0,0
528,1,3.359907,2.275052,35.088311,1.493384,0.021311,39.962914,3.662432,5.029076,18.197906,2.152768,2.743171,6.864499,161,46981,0,0
529,1,3.295400,2.239143,30.020338,1.556976,5.090715,39.963430,2.923984,4.594265,14.947222,1.926548,2.147420,5.516062,124,36277,0,0
530,1,3.353770,2.238207,35.008050,1.469120,0.131473,39.962413,3.440413,5.095822,18.106137,2.064294,2.811893,6.789035,161,46981,0,0
531,1,3.358348,2.260830,30.131483,1.575578,4.897369,39.962779,3.034515,4.336870,15.135630,1.876665,2.104421,5.540632,124,36277,0,0
532,1,3.332163,2.236172,34.983860,1.501353,0.145810,39.963186,3.429735,5.244924,17.920234,2.150723,2.756677,6.660719,161,46981,0,0
533,1,3.379703,2.261990,30.199253,1.560238,4.823517,39.962711,2.937361,4.364387,15.124305,1.800686,2.308770,5.514581,124,36277,0,0
534,1,3.338328,2.259766,34.998345,1.501333,0.124854,39.962860,3.539208,5.147824,18.023756,2.158963,2.691454,6.786319,161,46981,0,0
535,1,3.335778,2.243842,29.869887,1.556814,5.200802,39.963281,2.868859,4.345381,15.092390,1.874257,2.313592,5.575216,124,36277,0,0
536,1,3.364187,2.286845,34.986749,1.495127,0.116208,39.962270,3.415965,5.097148,18.105530,2.183679,2.660648,6.833964,161,46981,0,0
537,1,3.380992,2.294176,30.184157,1.568837,4.829363,39.963348,3.049289,4.614624,14.806498,1.764631,2.249298,5.405331,124,36277,0,0
538,1,3.329675,2.276774,35.005588,1.479509,0.147939,39.962711,3.568234,5.357558,17.833940,2.011654,2.763438,6.743479,161,46981,0,0
539,1,3.359792,2.242289,30.212111,1.557994,4.826168,39.956065,3.283071,4.335046,15.085273,1.848229,2.111789,5.553368,124,36277,0,0
540,1,3.342641,2.263333,35.068068,1.476247,0.075273,39.962229,3.640120,5.185893,17.901035,2.187276,2.694712,6.744168,161,46981,0,0
541,1,3.357642,2.259162,30.309333,1.562456,4.734039,39.963470,2.979485,4.174354,15.249851,1.718767,2.234514,5.605482,124,36277,0,0
542,1,3.354319,2.274923,35.018873,1.477183,0.112993,39.963369,3.557722,5.113498,18.136312,2.064694,2.778198,6.815152,161,46981,0,0
543,1,3.368846,2.276069,30.201938,1.566016,4.826060,39.962860,3.090956,4.561150,14.784437,1.824558,2.110280,5.492249,124,36277,0,0
544,1,3.333913,2.243083,35.040480,1.490448,0.097307,39.962148,3.710639,5.176171,17.829258,2.066939,2.759562,6.718330,161,46981,0,0
545,1,3.393565,2.274618,30.247877,1.556224,4.766151,39.963816,3.062120,4.479004,15.012743,1.887794,2.207069,5.509271,124,36277,0,0
546,1,3.342478,2.223782,35.055678,1.502330,0.062232,39.962718,3.548116,5.075372,18.095327,2.078522,2.655674,6.846514,161,46981,0,0
547,1,3.301992,2.245768,29.986810,1.559336,5.115068,39.963206,2.872837,4.390469,15.081828,1.871080,2.175795,5.639394,124,36277,0,0
548,1,3.351247,2.236111,35.013889,1.468909,0.128510,39.962555,3.410851,5.076762,18.224955,2.163242,2.757423,6.806366,161,46981,0,0
549,1,3.368154,2.251465,30.154066,1.563446,4.877499,39.963165,2.861545,4.532416,15.066416,1.806953,2.071571,5.635034,124,36277,0,0
550,1,3.334557,2.280769,34.998447,1.502411,0.127092,39.962507,3.638065,5.411112,17.643778,2.010935,2.689009,6.616740,161,46981,0,0
551,1,3.372854,2.254808,30.119093,1.569984,4.901357,39.963287,2.850040,4.394277,15.163015,1.944207,2.177551,5.576352,124,36277,0,0
552,1,3.345327,2.245178,35.032647,1.483775,0.094662,39.956411,3.578915,5.138000,18.019348,2.098640,2.649502,6.776530,161,46981,0,0
553,1,3.349247,2.251695,30.332838,1.555376,4.725311,39.962772,3.027635,4.267815,15.229730,1.801012,2.175154,5.576616,124,36277,0,0
554,1,3.350535,2.273851,35.392693,1.504371,19.715281,59.962880,3.411448,5.334334,18.207848,2.319526,2.814490,6.667009,161,46981,0,0
555,1,3.290171,2.235453,30.497593,1.581879,4.607744,39.977386,3.143802,4.445845,15.137068,1.749013,2.209086,5.607629,124,36277,0,0
556,1,3.365814,2.253194,35.075046,1.481849,0.025204,39.947913,3.359884,5.182970,18.322422,2.335700,2.706662,6.794583,161,46981,0,0
557,1,3.376706,2.250332,30.375536,1.568770,4.652496,39.973507,3.064802,4.328434,15.123325,1.824032,2.224460,5.537343,124,36277,0,0
558,1,3.304291,2.250427,35.186679,1.503225,19.958188,59.952382,3.488241,5.060343,18.279202,2.128140,2.831153,6.802361,161,46981,0,0
559,1,3.314992,2.247830,30.503533,1.556163,4.588030,39.962718,3.169939,4.366984,15.054532,1.850769,2.213084,5.592289,124,36277,0,0
560,1,3.333235,2.278097,35.280124,1.508196,19.864146,59.985701,3.547116,4.980845,18.623176,2.234111,2.795593,6.791667,161,46981,0,0
561,1,3.319712,2.285163,30.343723,1.594276,4.693417,39.951128,3.063076,4.367774,15.047574,1.922828,2.147325,5.450728,124,36277,0,0
562,1,3.347463,2.321988,35.373060,1.471269,19.759233,59.951026,3.488583,5.143626,18.409529,2.140455,2.788038,6.915158,161,46981,0,0
563,1,3.344371,2.271695,30.228895,1.577932,4.833411,39.984609,3.026113,4.175900,15.100386,1.668301,2.247226,5.673865,124,36277,0,0
564,1,3.339183,2.283657,35.310316,1.497908,19.787303,59.934709,3.605774,5.233195,18.217767,2.255293,2.801724,6.643490,161,46981,0,0
565,1,3.328298,2.237739,30.316522,1.569305,4.763770,39.977895,3.033464,4.249342,15.232720,1.817485,2.257202,5.599508,124,36277,0,0
566,1,3.335819,2.286608,35.471917,1.485158,19.623328,59.916222,3.560208,5.098874,18.589515,2.291663,2.942481,6.766500,161,46981,0,0
567,1,3.285675,2.229926,30.432814,1.566661,4.677650,39.962799,2.907539,4.420061,15.177487,1.822333,2.176724,5.713477,124,36277,0,0
568,1,3.353275,2.264798,35.047845,1.487729,0.073008,39.961856,3.472432,5.176927,18.102397,2.190433,2.805654,6.878282,161,46981,0,0
569,1,3.339569,2.244486,29.976576,1.595917,5.051286,39.963348,3.010501,4.430986,15.117961,1.984819,2.140689,5.593665,124,36277,0,0
570,1,3.387821,2.306078,34.977573,1.491309,0.106435,39.963138,3.427002,5.159641,18.102793,2.156230,2.933082,6.759705,161,46981,0,0
571,1,3.357893,2.263048,30.102308,1.560984,4.941566,39.962752,3.129917,4.346168,15.146444,1.788093,2.249783,5.714352,124,36277,0,0
572,1,3.313751,2.225796,35.107619,1.492462,0.048825,39.962657,3.431207,5.066349,18.215349,2.150292,2.759752,6.817051,161,46981,0,0
573,1,3.363631,2.239895,30.117262,1.560984,4.920468,39.962345,2.936401,4.494992,15.214379,1.775964,2.181620,5.584493,124,36277,0,0
574,1,3.346629,2.256334,35.067274,1.470571,0.078712,39.963186,3.313070,5.096080,18.190182,2.159071,2.987837,6.792348,161,46981,0,0
575,1,3.341359,2.231533,30.181207,1.562354,4.871470,39.956390,3.163876,4.275079,15.142955,1.942383,2.150865,5.529280,124,36277,0,0
576,1,3.378672,2.295681,35.034844,1.486379,0.062497,39.962392,3.598385,4.976579,18.187602,2.241730,2.764038,6.676178,161,46981,0,0
577,1,3.332123,2.234890,30.468933,1.585941,4.576230,39.963226,3.096476,4.594198,15.124861,1.866720,2.141479,5.510396,124,36277,0,0
578,1,3.378767,2.296475,34.923292,1.481822,0.179033,39.962914,3.365573,5.178874,18.081821,2.087667,2.828322,6.879971,161,46981,0,0
579,1,3.326996,2.238614,30.105910,1.618100,4.941830,39.992835,3.148329,4.328335,14.999329,1.833059,2.192834,5.551571,124,36277,0,0
580,1,3.335656,2.284485,35.417230,1.491892,19.688229,59.933007,3.623142,5.146973,18.423289,2.266981,2.888299,6.869744,161,46981,0,0
581,1,3.335114,2.310228,30.105177,1.566566,4.923716,39.930573,2.970707,4.477926,14.651438,1.677372,2.081302,5.627394,124,36277,0,0
582,1,3.324209,2.301114,35.408624,1.481110,19.749081,59.963023,3.348840,5.200070,18.596605,2.292599,2.747623,6.898119,161,46981,0,0
583,1,3.339359,2.272814,30.367018,1.589752,4.695329,39.991458,3.028673,4.532450,15.038388,1.991611,2.163730,5.380120,124,36277,0,0
584,1,3.347416,2.286180,35.419773,1.482188,19.684363,59.933740,3.417070,5.214169,18.374505,2.232968,2.783196,6.885356,161,46981,0,0
585,1,3.356225,2.277900,30.248589,1.587501,4.794952,39.987267,3.042962,4.424293,15.035295,1.803643,2.218051,5.561093,124,36277,0,0
586,1,3.332245,2.277880,35.412815,1.498003,19.688039,59.931101,3.551846,5.091638,18.404826,2.086138,2.810204,6.881310,161,46981,0,0
587,1,3.328644,2.275621,30.248793,1.562849,4.843007,39.983293,3.068353,4.369208,14.958330,1.708761,2.126865,5.619592,124,36277,0,0
588,1,3.350996,2.271281,35.406955,1.494314,19.689918,59.942183,3.548258,5.307638,18.150726,2.109667,2.718852,6.711778,161,46981,0,0
589,1,3.326684,2.274136,30.260166,1.585676,4.816803,39.989329,2.932288,4.241055,15.279253,1.807475,2.129781,5.579536,124,36277,0,0
590,1,3.316722,2.279175,35.486430,1.487837,19.644365,59.935354,3.682973,4.992103,18.449049,2.239529,2.778951,6.782196,161,46981,0,0
591,1,3.328868,2.238614,30.342875,1.565453,4.725725,39.962921,2.982791,4.390072,14.970978,1.834751,2.183241,5.524353,124,36277,0,0
592,1,3.326826,2.278775,35.443156,1.480940,19.679725,59.930647,3.506717,5.263017,18.455193,2.263092,2.971697,6.880737,161,46981,0,0
593,1,3.353763,2.300090,30.215630,1.604875,4.829458,40.003727,3.030036,4.332499,14.862420,1.813114,2.083177,5.635857,124,36277,0,0
594,1,3.310164,2.285143,35.384318,1.468333,19.758250,59.921065,3.698710,5.347029,18.055332,2.106154,2.749512,6.800361,161,46981,0,0
595,1,3.351105,2.236437,30.283176,1.568268,4.760454,39.963003,2.985372,4.342078,15.033925,1.784203,2.267948,5.591539,124,36277,0,0
596,1,3.329736,2.276089,35.025750,1.461504,0.145294,39.962284,3.506850,5.054036,18.043243,2.271613,2.720723,6.688395,161,46981,0,0
597,1,3.325524,2.237305,30.227146,1.585581,4.812944,39.951196,2.838104,4.342455,15.069119,1.682509,2.225705,5.655592,124,36277,0,0
598,1,3.352875,2.300198,35.447666,1.490170,19.644284,59.934994,3.641225,5.310181,18.369032,2.310316,2.971748,6.755507,161,46981,0,0
599,1,3.312971,2.224345,30.265639,1.592255,4.817929,39.988793,2.912455,4.305213,15.097036,1.809509,2.191813,5.592539,124,36277,0,0
600,1,3.336029,2.286750,35.393670,1.480425,19.726919,59.937042,3.527944,5.203759,18.316467,2.187822,2.866703,6.685367,161,46981,0,0
601,1,3.341217,2.241604,30.291009,1.561513,4.768490,39.962229,3.179799,4.571760,14.663788,1.771067,2.077416,5.510091,124,36277,0,0
602,1,3.306793,2.283352,35.257236,1.483293,19.883603,59.930925,3.482954,5.188592,18.357561,2.452382,2.862844,6.628659,161,46981,0,0
603,1,3.371626,2.288086,30.300327,1.581248,4.724423,39.977624,3.000888,4.353411,15.115495,1.801958,2.288795,5.540819,124,36277,0,0
604,1,3.302032,2.278734,35.461195,1.481652,19.671580,59.916460,3.699405,5.092916,18.240129,2.328593,2.815352,6.674652,161,46981,0,0
605,1,3.359141,2.242805,30.267429,1.564219,4.772112,39.962901,3.124810,4.406060,15.063009,1.753645,2.144307,5.622152,124,36277,0,0
606,1,3.357941,2.297919,35.312615,1.497270,19.794817,59.962643,3.561164,4.943203,18.555091,2.380656,2.895626,6.726067,161,46981,0,0
607,1,3.360341,2.241442,30.275221,1.565691,4.755205,39.956458,2.966702,4.211667,15.143263,1.748878,2.112040,5.652456,124,36277,0,0
608,1,3.357676,2.307339,35.345839,1.556841,19.747609,60.007965,3.722110,4.951606,18.368666,2.240173,2.755378,6.630595,161,46981,0,0
609,1,3.310998,2.222677,30.272413,1.562639,4.738786,39.884837,3.029188,4.328542,14.987623,1.836544,2.255219,5.520698,124,36277,0,0
610,1,3.363936,2.283000,35.044976,1.465227,0.088477,39.962616,3.410322,5.150913,18.153592,2.358727,2.730920,6.544095,161,46981,0,0
611,1,3.386620,2.297085,30.240865,1.565135,4.769914,39.962535,2.966044,4.262394,15.070157,1.842777,2.152500,5.651676,124,36277,0,0
612,1,3.305430,2.283671,35.415358,1.469567,19.741079,59.931434,3.556129,5.154894,18.293867,2.313975,2.762190,6.756066,161,46981,0,0
613,1,3.342601,2.238125,30.390008,1.609351,4.665117,40.007077,3.139320,4.328898,15.132731,1.938687,2.122328,5.471792,124,36277,0,0
614,1,3.345401,2.284329,35.435072,1.495175,19.642676,59.918325,3.362535,5.173258,18.590732,2.197791,2.937798,6.966804,161,46981,0,0
615,1,3.353682,2.274740,30.234022,1.561608,4.812897,39.962209,2.978343,4.421037,14.982263,1.780480,2.191491,5.641808,124,36277,0,0
616,1,3.339549,2.284078,35.342807,1.494158,19.754066,59.930579,3.696940,4.994948,18.458781,2.305495,2.812436,6.707852,161,46981,0,0
617,1,3.340295,2.243435,30.315850,1.567095,4.739112,39.962351,3.029514,4.260210,15.224057,1.807024,2.197835,5.614671,124,36277,0,0
618,1,3.384430,2.306627,35.440097,1.486894,19.644914,59.956336,3.595113,5.152578,18.379208,2.127570,2.973358,6.756012,161,46981,0,0
619,1,3.336104,2.240607,30.479892,1.558611,4.587555,39.962162,2.909034,4.569817,15.218113,1.708445,2.152174,5.424008,124,36277,0,0
620,1,3.333506,2.231656,35.342611,1.497440,19.789127,59.962684,3.808244,5.114936,18.124023,2.259006,2.759525,6.759410,161,46981,0,0
621,1,3.361074,2.260810,30.342631,1.559316,4.699337,39.962358,2.957869,4.258528,15.181668,1.861298,2.156623,5.574175,124,36277,0,0
622,1,3.330224,2.240892,35.096558,1.487871,0.047597,39.962250,3.504513,5.311506,18.021847,2.250210,2.886393,6.766479,161,46981,0,0
623,1,3.370107,2.253221,30.228468,1.575633,4.803911,39.978119,3.079831,4.408291,14.999732,1.833842,2.203698,5.557020,124,36277,0,0
624,1,3.345693,2.266934,35.198500,1.499847,19.903907,59.947947,3.632022,5.234701,18.030650,2.190155,2.752153,6.674574,161,46981,0,0
625,1,3.331390,2.235440,30.297987,1.571882,4.730214,39.931474,2.932000,4.162011,15.331902,1.825026,2.226529,5.704522,124,36277,0,0
626,1,3.338531,2.262234,34.986342,1.489112,0.148699,39.962684,3.458547,4.972538,18.223914,2.210880,2.878425,6.723904,161,46981,0,0
627,1,3.332184,2.241360,30.641880,1.562476,4.426409,39.962948,3.092906,4.459235,15.042372,1.745548,2.180535,5.657834,124,36277,0,0
628,1,3.324453,2.302212,35.478082,1.490814,19.628638,59.921987,3.410984,5.144511,18.587697,2.504625,2.775452,6.686327,161,46981,0,0
629,1,3.374861,2.325060,30.169264,1.629222,4.808936,39.982283,2.936615,4.233731,15.102993,1.880385,2.213674,5.601451,124,36277,0,0
630,1,3.310672,2.285183,35.394179,1.478444,19.753333,59.936629,3.732035,5.221571,18.035234,2.196771,2.817637,6.741903,161,46981,0,0
631,1,3.345917,2.230374,30.259515,1.591956,4.793230,39.990618,3.084266,4.287133,15.030151,1.825419,2.154205,5.609504,124,36277,0,0
632,1,3.351573,2.284268,35.407247,1.484846,19.691403,59.935069,3.621589,5.081397,18.375980,2.108307,2.845961,6.902991,161,46981,0,0
633,1,3.357859,2.278463,30.223646,1.598772,4.824297,40.004574,2.886485,4.444458,14.896427,1.759067,2.190952,5.629025,124,36277,0,0
634,1,3.337406,2.283780,35.451579,1.496043,19.635617,59.920644,3.718848,5.154134,18.403168,2.341024,2.804433,6.845435,161,46981,0,0
635,1,3.338287,2.250882,30.332594,1.566016,4.725867,39.962765,3.082052,4.165978,15.200433,1.732476,2.221815,5.730747,124,36277,0,0
636,1,3.371585,2.317878,35.071533,1.475399,0.043406,39.961924,3.487206,5.092085,18.240624,2.235755,2.885179,6.740289,161,46981,0,0
637,1,3.331268,2.232022,29.836602,1.557302,5.238176,39.963348,2.900377,4.468726,14.807241,1.710293,2.113651,5.663357,124,36277,0,0
638,1,3.388723,2.307922,34.946710,1.478939,0.148983,39.963355,3.383369,5.057600,18.168009,2.185374,2.789212,6.807288,161,46981,0,0
639,1,3.370466,2.317010,30.111301,1.575924,4.904985,39.962677,3.041399,4.642805,14.859273,1.755419,2.259491,5.415649,124,36277,0,0
640,1,3.327281,2.234707,34.940443,1.501706,0.193030,39.962460,3.385149,5.210446,17.896589,2.108022,2.797011,6.736786,161,46981,0,0
641,1,3.352380,2.274400,30.207574,1.570072,4.826691,39.956716,2.774377,4.511715,15.149506,1.982897,2.133480,5.489051,124,36277,0,0
642,1,3.316803,2.293179,35.312249,1.483660,19.816911,59.929623,3.597453,5.061527,18.339712,2.234341,2.858158,6.651954,161,46981,0,0
643,1,3.322662,2.234829,30.234999,1.584849,4.817583,39.960093,2.877194,4.268660,15.109246,1.672577,2.195964,5.636990,124,36277,0,0
644,1,3.330895,2.281460,35.429884,1.516964,19.658281,59.936025,3.739844,4.955777,18.536133,2.271505,2.648505,6.775842,161,46981,0,0
645,1,3.319828,2.229824,30.277500,1.616757,4.773773,39.987857,3.266886,4.203576,15.042057,1.865489,2.241859,5.436649,124,36277,0,0
646,1,3.336660,2.287177,35.395155,1.486148,19.720062,59.938026,3.438307,5.327582,18.326033,2.282118,2.865394,6.708537,161,46981,0,0
647,1,3.339183,2.239468,30.294529,1.573598,4.769975,39.977285,3.168867,4.397339,14.828491,1.777825,2.094357,5.507684,124,36277,0,0
648,1,3.303226,2.280199,35.296217,1.491838,19.824398,59.915680,3.513475,5.263190,18.234829,2.302043,2.769725,6.606561,161,46981,0,0
649,1,3.370405,2.289964,30.254496,1.590363,4.776825,39.992089,2.832008,4.389479,15.202399,1.803585,2.273258,5.623973,124,36277,0,0
650,1,3.305939,2.281209,35.452976,1.491492,19.682573,59.932980,3.513245,5.158420,18.525028,2.402866,2.815562,6.903666,161,46981,0,0
651,1,3.365916,2.285143,30.215488,1.588999,4.818295,39.988698,2.957740,4.305979,15.024533,1.662547,2.262658,5.653954,124,36277,0,0
652,1,3.346907,2.323534,35.345757,1.525516,19.757185,59.975366,3.366540,5.086199,18.573747,2.153581,2.898831,6.794145,161,46981,0,0
653,1,3.308658,2.285753,30.147461,1.552446,4.909373,39.917938,2.913574,4.193281,15.029626,1.748925,2.269704,5.655192,124,36277,0,0
654,1,3.330455,2.249993,35.381972,1.483890,19.766225,59.962541,3.498135,5.285285,18.372813,2.172740,2.954437,6.767534,161,46981,0,0
655,1,3.299672,2.276069,30.329949,1.592153,4.733700,39.955475,3.066464,4.496518,15.017202,1.929606,2.306125,5.428802,124,36277,0,0
656,1,3.336917,2.285529,35.405551,1.469357,19.725522,59.937347,3.599606,5.134583,18.305250,2.344716,2.718665,6.767524,161,46981,0,0
657,1,3.319997,2.299120,30.227736,1.589189,4.819000,39.955922,2.959425,4.435927,14.791931,1.754154,2.221639,5.482975,124,36277,0,0
658,1,3.330312,2.305386,35.439711,1.489234,19.678585,59.937842,3.475694,5.226054,18.509908,2.205946,2.937466,6.861864,161,46981,0,0
659,1,3.335860,2.283027,30.214267,1.580176,4.823320,39.953623,2.912838,4.376326,15.071984,1.754513,2.226044,5.738953,124,36277,0,0
660,1,3.320194,2.297262,35.440891,1.490923,19.687537,59.939545,3.609968,5.156375,18.402303,2.247047,2.835293,6.762516,161,46981,0,0
661,1,3.356367,2.278246,30.260125,1.570153,4.775747,39.962392,3.127296,4.139974,15.106578,1.761003,2.169607,5.644409,124,36277,0,0
662,1,3.341278,2.284905,35.359918,1.487186,19.737742,59.926124,3.571418,5.332770,18.190406,2.190976,2.860097,6.779260,161,46981,0,0
663,1,3.327525,2.237128,30.294895,1.606401,4.778358,40.007178,2.982242,4.269704,15.150947,1.789636,2.118035,5.622464,124,36277,0,0
664,1,3.314606,2.280545,35.484802,1.487864,19.631588,59.918861,3.645243,5.129554,18.382704,2.094679,2.902622,6.815809,161,46981,0,0
665,1,3.331974,2.237250,30.367608,1.570560,4.691986,39.962128,3.199656,4.315067,15.024485,1.840342,2.201270,5.501848,124,36277,0,0
666,1,3.329173,2.218221,35.367262,1.495378,19.770769,59.962582,3.797919,5.329010,18.084998,2.259562,2.820872,6.763801,161,46981,0,0
667,1,3.366770,2.269714,30.281467,1.592038,4.722266,39.962541,3.056491,4.408071,15.094343,1.935011,2.138360,5.566942,124,36277,0,0
668,1,3.347558,2.296366,35.009169,1.499759,0.106252,39.962738,3.505483,5.280280,17.918681,2.262068,2.792674,6.756412,161,46981,0,0
669,1,3.373912,2.256334,30.221510,1.562985,4.804643,39.963050,2.986959,4.301904,15.227281,1.916928,2.185896,5.519060,124,36277,0,0
670,1,3.342818,2.291877,34.998881,1.484663,0.151649,39.978010,3.541619,5.127418,18.069387,2.066552,2.843021,6.754205,161,46981,0,0
671,1,3.338043,2.247667,30.285495,1.560978,4.763214,39.947730,3.017531,4.256270,15.147909,1.711036,2.173669,5.714098,124,36277,0,0
672,1,3.351796,2.304633,34.933017,1.489641,0.155962,39.930417,3.648970,5.016066,18.102749,2.190491,2.862661,6.698571,161,46981,0,0
673,1,3.359582,2.308560,30.195835,1.562619,4.845069,39.963104,3.054752,4.483144,14.745087,1.681634,2.124502,5.635101,124,36277,0,0
674,1,3.310978,2.286580,35.415955,1.474240,19.725230,59.926402,3.660451,5.280023,18.150519,2.140886,2.761770,6.803053,161,46981,0,0
675,1,3.350291,2.231981,30.311863,1.563656,4.736955,39.962765,3.136905,4.353004,14.936256,1.804508,2.143134,5.665025,124,36277,0,0
676,1,3.313039,2.289171,35.256259,1.470313,19.890459,59.930071,3.613586,5.006093,18.318108,2.350735,2.794915,6.724287,161,46981,0,0
677,1,3.352563,2.237596,30.275547,1.575918,4.773882,39.977909,3.240787,4.183353,14.971853,1.799374,2.085700,5.635644,124,36277,0,0
678,1,3.337738,2.281576,35.294915,1.500064,19.785350,59.918067,3.524631,5.326504,18.132945,2.173418,2.827888,6.773119,161,46981,0,0
679,1,3.328949,2.239468,30.306173,1.567393,4.760617,39.963131,3.045495,4.240041,15.217282,1.835585,2.117835,5.635440,124,36277,0,0
680,1,3.328766,2.282600,35.497511,1.494585,19.609270,59.930132,3.594401,5.130819,18.520538,2.265208,2.820896,6.720707,161,46981,0,0
681,1,3.329756,2.239156,30.349603,1.571428,4.711585,39.962372,3.039585,4.507178,15.015120,1.868646,2.111111,5.517622,124,36277,0,0
682,1,3.349965,2.301982,35.343051,1.470523,19.767548,59.931088,3.655412,5.409665,17.868008,2.308651,2.678897,6.533468,161,46981,0,0
683,1,3.360626,2.275092,30.221246,1.555172,4.825721,39.962765,3.042609,4.423099,14.799971,1.663486,2.209910,5.544278,124,36277,0,0
684,1,3.300201,2.277127,34.966994,1.475623,0.187273,39.930091,3.606632,4.911709,18.087606,2.211700,2.803460,6.742157,161,46981,0,0
685,1,3.371301,2.292548,30.253520,1.562307,4.769182,39.956309,2.959652,4.310822,15.073096,1.730862,2.149540,5.710192,124,36277,0,0
686,1,3.326853,2.303223,35.242506,1.492550,19.868690,59.930600,3.606418,5.059045,18.161221,2.374230,2.711802,6.752638,161,46981,0,0
687,1,3.326630,2.238078,30.265537,1.614804,4.771522,39.978492,3.014048,4.257741,14.929301,1.665734,2.216661,5.664995,124,36277,0,0
688,1,3.332326,2.282071,35.441488,1.500559,19.642737,59.917111,3.792274,4.933455,18.564226,2.446415,2.681959,6.698483,161,46981,0,0
689,1,3.330475,2.238553,30.323398,1.569970,4.738617,39.962460,2.906569,4.263028,15.271535,1.886003,2.232612,5.460432,124,36277,0,0
690,1,3.335297,2.285448,35.341078,1.492408,19.761553,59.930335,3.517236,5.160424,18.162170,2.155504,2.951121,6.645545,161,46981,0,0
691,1,3.354685,2.240139,30.261149,1.565765,4.781186,39.962786,3.165151,4.528398,14.766388,1.744480,2.152690,5.514815,124,36277,0,0
692,1,3.332564,2.307522,35.453444,1.490109,19.655189,59.931305,3.575860,5.228102,18.229950,2.311296,2.956072,6.782657,161,46981,0,0
693,1,3.373301,2.292345,30.243381,1.591746,4.781084,39.989512,2.883572,4.319882,15.171482,1.801731,2.169379,5.648122,124,36277,0,0
694,1,3.303457,2.279032,35.452081,1.493039,19.686846,59.935421,3.712419,5.177972,18.317051,2.175022,2.850332,6.811296,161,46981,0,0
695,1,3.354828,2.274645,30.263706,1.564226,4.773800,39.956560,2.907766,4.273000,15.112745,1.662672,2.149323,5.656616,124,36277,0,0
696,1,3.322968,2.299364,35.326267,1.530568,19.775367,59.955170,3.581024,5.018989,18.448931,2.282467,2.810076,6.821788,161,46981,0,0
697,1,3.329417,2.240601,30.301161,1.565677,4.742096,39.938351,3.007965,4.179291,15.363634,1.836141,2.005727,5.709998,124,36277,0,0
698,1,3.377818,2.300076,35.574314,1.477495,19.532711,59.962338,3.815630,5.154955,18.549350,2.460917,2.812690,6.659081,161,46981,0,0
699,1,3.331370,2.235494,30.423394,1.566681,4.641680,39.963125,2.950768,4.239980,15.280114,1.932560,2.153117,5.553070,124,36277,0,0
700,1,3.349267,2.233507,35.365818,1.491167,19.756568,59.962819,3.603129,5.364844,18.035689,2.238054,2.644219,6.809336,161,46981,0,0
701,1,3.362471,2.270996,30.275058,1.568498,4.755510,39.961538,3.064124,4.264889,15.087796,1.715783,2.082208,5.582954,124,36277,0,0
702,1,3.329498,2.240668,35.034478,1.493649,0.105648,39.963274,3.457804,5.336934,17.904816,2.199270,2.825846,6.839695,161,46981,0,0
703,1,3.365448,2.246609,29.813226,1.560225,5.224070,39.962969,2.880554,4.453559,14.961924,1.869839,2.227620,5.473735,124,36277,0,0
704,1,3.345896,2.295458,35.022637,1.507789,0.086361,39.962684,3.527842,4.962992,18.179749,2.099301,2.822513,6.770274,161,46981,0,0
705,1,3.362701,2.265672,29.914320,1.561011,5.124915,39.962948,3.014798,4.314338,14.996575,1.924354,2.075473,5.591553,124,36277,0,0
706,1,3.352298,2.274217,35.023024,1.470198,0.117462,39.962982,3.368469,5.174913,18.132582,2.214905,2.779836,6.746646,161,46981,0,0
707,1,3.348684,2.231181,30.166456,1.565772,4.875383,39.956295,2.934536,4.492754,15.098002,1.927504,2.110199,5.681597,124,36277,0,0
708,1,3.328718,2.236111,35.037245,1.478926,0.117299,39.962189,3.631632,5.279785,17.852407,2.158769,2.827501,6.677524,161,46981,0,0
709,1,3.393300,2.273831,30.296421,1.561927,4.711138,39.962786,2.959873,4.202874,15.238881,1.716024,2.257626,5.634308,124,36277,0,0
710,1,3.340607,2.239366,35.055067,1.496538,0.071367,39.963579,3.485257,4.968174,18.235979,2.128455,2.656308,6.743150,161,46981,0,0
711,1,3.331241,2.234538,29.878838,1.561330,5.190881,39.962290,3.017788,4.269830,15.069692,1.897624,2.208293,5.715678,124,36277,0,0
712,1,3.350047,2.273003,35.012485,1.481340,0.118669,39.962541,3.550147,5.026615,18.345486,2.199968,2.828396,6.769043,161,46981,0,0
713,1,3.366425,2.247986,30.165181,1.568458,4.862905,39.962969,2.923598,4.487288,15.150211,1.926690,2.069814,5.603187,124,36277,0,0
714,1,3.328176,2.238403,35.023065,1.485491,0.126136,39.962867,3.563093,5.429993,17.733771,2.015347,2.742157,6.664507,161,46981,0,0
715,1,3.377696,2.253181,30.119378,1.557322,4.909020,39.963416,2.886061,4.317179,15.254300,1.882440,2.213881,5.653531,124,36277,0,0
716,1,3.343489,2.241821,35.062819,1.468082,0.088593,39.962982,3.584652,5.052541,18.074816,2.030026,2.657410,6.788435,161,46981,0,0
717,1,3.349945,2.250610,29.921624,1.564348,5.126950,39.962867,2.931685,4.238118,15.096771,1.881938,2.176324,5.610287,124,36277,0,0
718,1,3.351444,2.274150,35.020562,1.482873,0.108022,39.962901,3.373291,5.049320,18.425605,2.104797,2.776354,6.844367,161,46981,0,0
719,1,3.344696,2.236518,30.163818,1.564280,4.890662,39.963457,2.961022,4.523166,15.051100,1.844879,2.122243,5.677500,124,36277,0,0
840,2,3.234751,2.237373,10.566413,1.037791,5.099280,19.938236,1.466370,0.937595,5.811652,0.929450,0.958547,1.339301,49,17838,0,0
841,2,3.286550,2.229553,8.576565,1.054298,7.072968,19.990380,1.158647,0.661804,4.885244,0.647122,0.672404,1.245124,37,14269,0,0
842,2,3.231008,2.241597,10.665799,1.046112,4.993690,19.936608,1.494832,0.949151,5.895345,0.810940,0.928341,1.445570,49,17838,0,0
843,2,3.228628,2.210571,8.580248,1.032501,7.121579,19.962955,1.244134,0.766880,4.815999,0.610735,0.714895,1.212362,37,14269,0,0
844,2,3.198476,2.199361,10.614536,1.030691,5.119517,19.963220,1.517365,0.908932,5.865173,0.871758,0.830712,1.464108,49,17838,0,0
845,2,3.198246,2.200928,8.590468,1.044349,7.122447,19.955509,1.164093,0.665578,4.893975,0.615245,0.740411,1.250427,37,14269,0,0
846,2,3.208262,2.240668,10.661648,1.052256,5.026933,19.949100,1.489092,0.948415,5.888292,0.793949,0.854743,1.438972,49,17838,0,0
847,2,3.248159,2.225633,8.546678,1.063507,7.089454,19.947798,1.156942,0.661560,4.961049,0.611433,0.641029,1.246382,37,14269,0,0
848,2,3.242930,2.218404,10.544237,1.030982,5.145030,19.963179,1.478193,1.007504,5.720927,0.875600,0.867093,1.397634,49,17838,0,0
849,2,3.297190,2.236559,8.540270,1.029639,7.116974,19.984073,1.249956,0.744439,4.797869,0.650418,0.636709,1.202877,37,14269,0,0
850,2,3.244822,2.279134,10.538866,1.032786,5.126482,19.942956,1.427528,0.934577,5.721507,0.801805,0.820129,1.399828,49,17838,0,0
851,2,3.212541,2.214281,8.586819,1.030758,7.132721,19.962840,1.129618,0.771244,4.824317,0.731320,0.640845,1.285960,37,14269,0,0
852,2,3.175425,2.177979,10.626777,1.035268,5.125119,19.962589,1.479021,0.947469,5.864905,0.879140,0.882829,1.467780,49,17838,0,0
853,2,3.215769,2.201382,8.589952,1.066498,7.121334,19.993554,1.127889,0.756829,4.854536,0.723131,0.638421,1.256415,37,14269,0,0
854,2,3.237417,2.247708,10.674303,1.046872,4.987946,19.946537,1.539802,0.913045,5.845567,0.795573,0.906125,1.431142,49,17838,0,0
855,2,3.241180,2.213223,8.558519,1.030107,7.117401,19.947208,1.131317,0.742120,4.822347,0.655056,0.665599,1.209520,37,14269,0,0
856,2,3.245107,2.246236,10.596056,1.029510,5.092221,19.962894,1.543138,1.135834,5.580604,0.875685,0.793657,1.326548,49,17838,0,0
857,2,3.225555,2.228258,8.536343,1.083791,7.148882,19.994571,1.210476,0.727363,4.719825,0.680603,0.602909,1.174510,37,14269,0,0
858,2,3.208425,2.241380,10.733005,1.040646,4.949493,19.931569,1.572096,0.906572,5.902941,0.761943,0.848124,1.519094,49,17838,0,0
859,2,3.211138,2.212402,8.499864,1.036367,7.185259,19.932627,1.158017,0.768856,4.789792,0.700836,0.603448,1.273366,37,14269,0,0
860,2,3.210927,2.189738,10.633267,1.063141,5.055844,19.963179,1.530782,1.030653,5.768317,0.812605,0.861491,1.441484,49,17838,0,0
861,2,3.212697,2.209073,8.530484,1.049713,7.189246,19.982140,1.204892,0.740601,4.737159,0.701324,0.603444,1.197194,37,14269,0,0
862,2,3.227576,2.262295,10.665046,1.045970,5.019284,19.957876,1.524753,0.944973,5.929735,0.771389,0.940935,1.549106,49,17838,0,0
863,2,3.202606,2.204841,8.552802,1.029633,7.162187,19.947228,1.244602,0.703813,4.831980,0.650492,0.639971,1.210470,37,14269,0,0
864,2,3.218252,2.219204,10.604173,1.047475,5.093828,19.963728,1.549954,0.879333,5.749586,0.848843,0.830688,1.450670,49,17838,0,0
865,2,3.253245,2.221117,8.567552,1.029456,7.112396,19.962650,1.232880,0.736901,4.889621,0.651967,0.686415,1.291748,37,14269,0,0
866,2,3.272458,2.239332,10.630276,1.031647,4.013201,18.947581,1.440531,1.029402,5.813643,0.770518,0.829319,1.461836,49,17838,0,0
867,2,3.221425,2.196594,8.537421,1.033254,7.171668,19.963769,1.155921,0.823981,4.774455,0.647251,0.652781,1.193763,37,14269,0,0
868,2,3.266897,2.202440,10.684170,1.058746,4.979448,19.989261,1.595879,0.939853,5.756999,0.885827,0.829064,1.395684,49,17838,0,0
869,2,3.290538,2.289049,8.553765,1.033227,7.062395,19.939924,1.127360,0.699999,4.943593,0.731825,0.642646,1.353858,37,14269,0,0
870,2,3.253394,2.254055,10.659248,1.047719,5.007219,19.967580,1.408349,1.031186,5.846113,0.828013,0.976064,1.457113,49,17838,0,0
871,2,3.236935,2.238973,8.577847,1.031348,7.101186,19.947316,1.089712,0.800710,4.811211,0.759457,0.627472,1.228977,37,14269,0,0
872,2,3.312266,2.290941,10.626838,1.037343,4.992021,19.968469,1.536479,0.947591,5.842383,0.923062,0.836419,1.461761,49,17838,0,0
873,2,3.272410,2.254164,8.526930,1.029300,7.129554,19.958194,1.280999,0.706838,4.791948,0.651994,0.641381,1.271115,37,14269,0,0
874,2,3.235911,2.223531,10.607578,1.032522,5.086924,19.962935,1.520023,1.151303,5.669050,0.998752,0.901659,1.329607,49,17838,0,0
875,2,3.261831,2.263353,8.540554,1.060354,7.133155,19.995894,1.124352,0.707313,4.863386,0.725084,0.640062,1.176225,37,14269,0,0
876,2,3.241669,2.276225,10.642117,1.032542,5.014014,19.930342,1.622043,1.027473,5.779490,0.765767,0.796943,1.448714,49,17838,0,0
877,2,3.252187,2.255859,8.579475,1.035105,7.095883,19.962650,1.223009,0.826270,4.793172,0.611884,0.605703,1.216546,37,14269,0,0
878,2,3.266673,2.242723,10.533190,1.057044,5.120575,19.977481,1.510217,1.034298,5.725260,0.916100,0.818044,1.430898,49,17838,0,0
879,2,3.291372,2.234178,8.544298,1.060822,7.080156,19.976647,1.117689,0.793016,4.860067,0.794054,0.682163,1.187483,37,14269,0,0
880,2,3.297251,2.300829,10.703925,1.030250,4.908763,19.940189,1.425449,0.952070,5.909583,0.768165,0.935194,1.547011,49,17838,0,0
881,2,3.282257,2.313748,8.554999,1.027808,7.092051,19.957116,1.177212,0.797180,4.788371,0.692183,0.641595,1.219883,37,14269,0,0
882,2,3.238861,2.240397,10.624783,1.030589,5.069312,19.963545,1.447120,0.995270,5.815413,0.802548,0.925012,1.367462,49,17838,0,0
883,2,3.223521,2.224779,8.588569,1.063100,7.115475,19.990665,1.319149,0.668749,4.806814,0.693424,0.669512,1.234307,37,14269,0,0
884,2,3.263194,2.268880,10.730272,1.055593,4.906694,19.955753,1.565338,0.867818,5.898007,0.800876,0.929152,1.522132,49,17838,0,0
885,2,3.266998,2.275052,8.559645,1.033247,7.081397,19.941288,1.274421,0.789805,4.789422,0.652740,0.667260,1.203529,37,14269,0,0
886,2,3.252716,2.227498,10.627998,1.048594,5.048601,19.977909,1.610345,0.904473,5.828379,0.799293,0.902249,1.497304,49,17838,0,0
887,2,3.248138,2.222812,8.548896,1.027252,7.123267,19.947554,1.095110,0.740689,4.831306,0.654690,0.657671,1.158810,37,14269,0,0
888,2,3.316193,2.290473,10.654670,1.030589,4.981523,19.982975,1.562592,0.896430,5.810360,0.805027,0.866530,1.519660,49,17838,0,0
889,2,3.262156,2.294339,8.607164,1.032169,7.042586,19.944075,1.163666,0.661367,4.952654,0.690928,0.674632,1.296363,37,14269,0,0
890,2,3.235850,2.236694,10.611009,1.033559,5.082272,19.962691,1.491940,0.946184,5.847677,0.912008,0.830970,1.380822,49,17838,0,0
891,2,3.249441,2.227743,8.555122,1.068702,7.089060,19.962324,1.207319,0.707272,4.797489,0.652232,0.637682,1.238508,37,14269,0,0
892,2,3.301585,2.243618,10.746731,1.033071,4.881853,19.963240,1.488861,0.998433,5.929355,0.845042,0.858290,1.463630,49,17838,0,0
893,2,3.308807,2.285041,8.626858,1.030996,7.002112,19.968774,1.285526,0.703610,4.890110,0.610263,0.627682,1.298024,37,14269,0,0
894,2,3.280487,2.314229,10.645962,1.046322,4.999237,19.972009,1.420159,1.028829,5.893914,0.848473,1.094387,1.442627,49,17838,0,0
895,2,3.237769,2.240485,8.569078,1.032379,7.101600,19.940826,1.161540,0.719798,4.901367,0.610270,0.769819,1.188751,37,14269,0,0
896,2,3.225962,2.228665,10.590522,1.038096,5.108741,19.963321,1.496785,0.916345,5.778069,0.846751,0.863010,1.363247,49,17838,0,0
897,2,3.303891,2.286201,8.544807,1.032244,7.102264,19.983205,1.203803,0.698391,4.859229,0.726454,0.639296,1.257270,37,14269,0,0
898,2,3.263540,2.242669,10.638943,1.046058,4.993947,19.942488,1.543684,0.964661,5.739003,0.847782,0.827494,1.352587,49,17838,0,0
899,2,3.278493,2.256029,8.566067,1.030629,7.087684,19.962874,1.135861,0.775204,4.885369,0.722100,0.679247,1.213253,37,14269,0,0
900,2,3.250051,2.252625,10.647692,1.023488,5.042335,19.963565,1.523315,1.008833,5.779043,0.914480,0.820896,1.401045,49,17838,0,0
901,2,3.264760,2.235026,8.563463,1.033946,7.122413,19.984582,1.208934,0.787113,4.818821,0.662598,0.678491,1.257050,37,14269,0,0
902,2,3.243459,2.276313,10.651822,1.070221,5.017432,19.982934,1.534370,0.947639,5.785895,0.762821,0.863871,1.449293,49,17838,0,0
903,2,3.239003,2.240092,8.531196,1.034902,7.115679,19.920780,1.083577,0.744843,4.857337,0.728678,0.640656,1.209008,37,14269,0,0
904,2,3.245433,2.223938,10.620022,1.049266,5.048621,19.963342,1.588372,0.948195,5.816616,0.846741,0.792769,1.363963,49,17838,0,0
905,2,3.299103,2.243896,8.550747,1.046824,7.087948,19.984623,1.174133,0.737637,4.782969,0.648621,0.639462,1.218258,37,14269,0,0
906,2,3.261505,2.295783,10.644009,1.045502,4.990760,19.941776,1.443471,0.947930,5.940918,0.891500,0.867082,1.523485,49,17838,0,0
907,2,3.244185,2.245022,8.530002,1.034800,7.153765,19.962752,1.205997,0.703250,4.785377,0.609053,0.709483,1.213264,37,14269,0,0
908,2,3.226654,2.228604,10.592299,1.029246,5.115061,19.963260,1.398458,1.118239,5.666460,0.835910,0.880096,1.438378,49,17838,0,0
909,2,3.227631,2.229947,8.629035,1.065664,7.070940,19.993269,1.102644,0.826447,4.867560,0.723565,0.638726,1.265689,37,14269,0,0
910,2,3.273000,2.281053,10.606839,1.076365,4.990231,19.946435,1.575690,0.982208,5.728577,0.767392,0.848938,1.483988,49,17838,0,0
911,2,3.271535,2.241848,8.545458,1.031470,7.099660,19.948124,1.278419,0.728543,4.787194,0.652035,0.605842,1.244266,37,14269,0,0
912,2,3.261464,2.235555,10.610094,1.034007,5.057248,19.962813,1.597694,0.999512,5.744531,0.804688,0.905497,1.362854,49,17838,0,0
913,2,3.272573,2.236477,8.581143,1.030297,7.079512,19.963525,1.167664,0.733927,4.907932,0.681203,0.675323,1.239512,37,14269,0,0
914,2,3.234060,2.268216,10.666368,1.045807,4.997555,19.943790,1.457201,0.865540,5.930105,0.905402,0.826935,1.434479,49,17838,0,0
915,2,3.246002,2.279039,8.575365,1.034292,7.094906,19.950565,1.158586,0.761739,4.881944,0.691033,0.603872,1.258755,37,14269,0,0
916,2,3.264353,2.239183,10.580288,1.041046,5.077511,19.963199,1.450582,0.911194,5.882602,0.803223,0.934289,1.418471,49,17838,0,0
917,2,3.253265,2.229289,8.506090,1.062225,7.141822,19.963403,1.205546,0.744697,4.732049,0.678847,0.642124,1.249573,37,14269,0,0
918,2,3.301829,2.240750,10.685045,1.074500,4.944265,20.005639,1.535122,0.957567,5.880863,0.868612,0.936456,1.417175,49,17838,0,0
919,2,3.262909,2.297729,8.589301,1.030996,7.036496,19.919701,1.243466,0.708184,4.890405,0.695441,0.677294,1.250553,37,14269,0,0
920,2,3.252499,2.255018,10.644070,1.032277,5.034868,19.963715,1.369042,0.947791,5.990828,0.887848,0.856574,1.445065,49,17838,0,0
921,2,3.270986,2.274034,8.490811,1.063717,7.158213,19.983727,1.175490,0.780524,4.771359,0.683475,0.675758,1.264150,37,14269,0,0
922,2,3.227061,2.230977,10.728767,1.043711,4.935421,19.934960,1.408637,1.079034,5.802653,0.833791,0.935615,1.451714,49,17838,0,0
923,2,3.290700,2.271505,8.576301,1.033356,7.063249,19.963606,1.237949,0.734090,4.898136,0.614265,0.676412,1.257290,37,14269,0,0
924,2,3.265778,2.241760,10.632677,1.029402,5.035038,19.962894,1.441813,0.874308,5.890876,0.877363,0.828522,1.475847,49,17838,0,0
925,2,3.244822,2.219645,8.574978,1.062897,7.080970,19.963667,1.124183,0.829081,4.832458,0.686795,0.680478,1.267887,37,14269,0,0
926,2,3.223941,2.226651,10.747267,1.046722,4.959713,19.977644,1.411096,1.113285,5.755290,0.765937,0.821994,1.391432,49,17838,0,0
927,2,3.231049,2.265591,8.661628,1.027700,6.995602,19.915978,1.312096,0.753408,4.848223,0.652846,0.607371,1.247511,37,14269,0,0
928,2,3.257870,2.262004,10.653571,1.031002,5.020213,19.962657,1.541765,0.910723,5.910163,0.840478,0.794752,1.513238,49,17838,0,0
929,2,3.272085,2.251472,8.546068,1.033274,7.112668,19.964094,1.271796,0.672546,4.775367,0.732334,0.638902,1.221846,37,14269,0,0
930,2,3.306976,2.250712,10.670844,1.045664,4.939287,19.962772,1.604553,0.971948,5.751465,0.768266,0.854886,1.409966,49,17838,0,0
931,2,3.275319,2.278809,8.605638,1.034461,7.016774,19.932193,1.234463,0.721266,4.835385,0.696153,0.723768,1.261139,37,14269,0,0
932,2,3.281993,2.277262,10.647407,1.032257,5.001461,19.963118,1.434604,1.005358,5.877936,0.809180,0.861348,1.427639,49,17838,0,0
933,2,3.242686,2.245829,8.566678,1.031871,7.121518,19.962752,1.280806,0.843458,4.701721,0.607754,0.672841,1.221049,37,14269,0,0
934,2,3.239777,2.241238,10.579108,1.050310,5.108164,19.977359,1.468011,0.916701,5.782260,0.841237,0.830594,1.362722,49,17838,0,0
935,2,3.271413,2.224169,8.579495,1.033396,7.067013,19.951318,1.202094,0.700087,4.943688,0.611026,0.708784,1.280579,37,14269,0,0
936,2,3.275869,2.294481,10.652941,1.032074,4.998776,19.959659,1.487535,0.908688,5.907050,0.889445,0.828586,1.391154,49,17838,0,0
937,2,3.286367,2.261678,8.592211,1.058339,7.026852,19.963769,1.127635,0.784526,4.824127,0.686083,0.672434,1.308811,37,14269,0,0
938,2,3.253245,2.256083,10.611599,1.062497,5.035350,19.962691,1.489370,0.982073,5.681125,0.868625,0.829559,1.401944,49,17838,0,0
939,2,3.223711,2.227607,8.627652,1.056468,7.078162,19.985992,1.129747,0.735745,4.879924,0.611562,0.673567,1.255239,37,14269,0,0
940,2,3.244151,2.276109,10.685208,1.056773,4.982418,19.968550,1.530721,0.945397,5.792277,0.806827,0.829542,1.431956,49,17838,0,0
941,2,3.232880,2.236735,8.558424,1.031687,7.109975,19.932966,1.294183,0.751441,4.806519,0.612796,0.649038,1.167870,37,14269,0,0
942,2,3.238393,2.219774,10.645331,1.077437,5.017256,19.978417,1.530429,0.960707,5.762638,0.762349,0.867062,1.402442,49,17838,0,0
943,2,3.292552,2.238017,8.587497,1.062056,7.035499,19.977603,1.232059,0.739061,4.833174,0.766405,0.639781,1.205356,37,14269,0,0
944,2,3.291229,2.293722,10.663032,1.031626,4.947445,19.933333,1.408301,0.916077,5.979814,0.802836,1.030199,1.533844,49,17838,0,0
945,2,3.300995,2.266351,8.519151,1.026845,7.116655,19.963647,1.201640,0.706584,4.845198,0.608507,0.637916,1.210734,37,14269,0,0
946,2,3.230601,2.231513,10.583320,1.027944,5.120907,19.962772,1.514523,0.909719,5.833150,0.758297,0.829329,1.466715,49,17838,0,0
947,2,3.228878,2.230801,8.542365,1.085581,7.130144,19.986969,1.118235,0.747138,4.836941,0.657779,0.638723,1.259816,37,14269,0,0
948,2,3.268151,2.275784,10.610630,1.032772,5.020599,19.932153,1.551036,0.980818,5.855584,0.803830,0.993802,1.488793,49,17838,0,0
949,2,3.248125,2.225355,8.536099,1.033437,7.145057,19.962718,1.204447,0.721853,4.856005,0.650970,0.641035,1.306285,37,14269,0,0
950,2,3.257701,2.235399,10.630520,1.073720,5.016130,19.978071,1.488753,0.928674,5.814351,0.878143,0.865370,1.387665,49,17838,0,0
951,2,3.297353,2.262946,8.543566,1.032040,7.074636,19.947595,1.195540,0.725915,4.908037,0.770610,0.710002,1.161424,37,14269,0,0
952,2,3.265384,2.298482,10.658278,1.031891,4.992550,19.948103,1.588847,0.904941,5.893663,0.841865,0.906362,1.398471,49,17838,0,0
953,2,3.259206,2.292284,8.546617,1.034800,7.108375,19.948998,1.216597,0.698564,4.921529,0.695204,0.602241,1.325833,37,14269,0,0
954,2,3.229143,2.230801,10.567268,1.028195,5.106964,19.931569,1.485463,0.907081,5.840922,0.807051,0.861901,1.454722,49,17838,0,0
955,2,3.248077,2.226400,8.461331,1.057749,7.196204,19.963362,1.156467,0.696238,4.715230,0.610711,0.675320,1.175815,37,14269,0,0
956,2,3.253604,2.262777,10.735691,1.030718,4.923615,19.943627,1.634715,0.910302,5.872243,0.876119,0.864139,1.562354,49,17838,0,0
957,2,3.257660,2.290751,8.573127,1.031308,7.089040,19.951135,1.192719,0.744222,4.874732,0.696689,0.606049,1.205821,37,14269,0,0
958,2,3.221303,2.223246,10.619615,1.045753,5.090830,19.977502,1.446648,0.973813,5.880568,0.800039,0.902056,1.421617,49,17838,0,0
959,2,3.222002,2.223518,8.514757,1.089508,7.121172,19.947439,1.199965,0.668057,4.785302,0.655833,0.603380,1.202226,37,14269,0,0
960,2,3.285797,2.290860,10.695421,1.035112,4.957326,19.973657,1.568268,0.943007,5.894307,0.812592,0.859833,1.440121,49,17838,0,0
961,2,3.286245,2.262689,8.524746,1.029497,7.112478,19.952966,1.162286,0.743293,4.838270,0.652849,0.642439,1.212029,37,14269,0,0
962,2,3.251536,2.226095,10.559516,1.036082,5.115679,19.962813,1.522251,0.873861,5.834401,0.886193,0.794678,1.460395,49,17838,0,0
963,2,3.246836,2.223741,8.502835,1.057790,7.155962,19.963423,1.204722,0.701450,4.852363,0.697923,0.684079,1.183516,37,14269,0,0
964,2,3.286346,2.290304,10.676704,1.055105,4.965451,19.983605,1.640808,0.988573,5.723979,0.765967,0.868042,1.399658,49,17838,0,0
965,2,3.225698,2.259399,8.637499,1.030928,7.047957,19.942081,1.290297,0.709408,4.772105,0.617869,0.670003,1.251960,37,14269,0,0
966,2,3.237274,2.239726,10.621630,1.049469,5.069597,19.977970,1.462413,0.954895,5.792257,0.764140,0.833093,1.366248,49,17838,0,0
967,2,3.248810,2.228970,8.633938,1.207021,7.030189,20.119958,1.111379,0.740011,4.931268,0.684909,0.675340,1.238644,37,14269,0,0
968,2,3.277964,2.259928,10.620490,3.931474,4.862688,22.692617,1.498603,0.997121,5.863254,0.795742,0.935744,1.436815,49,17838,0,0
969,2,3.261688,2.233202,8.898566,1.022024,3.857337,17.039615,1.249919,0.670902,4.798184,0.697601,0.639045,1.231747,37,14269,0,0
970,2,3.220957,2.184496,10.760037,1.018097,4.963762,19.962853,1.466858,0.948649,5.844428,0.908325,0.889421,1.395830,49,17838,0,0
971,2,3.236671,2.237752,8.861823,1.010006,6.855743,19.964244,1.193193,0.746372,4.876322,0.610792,0.678104,1.210317,37,14269,0,0
972,2,3.241323,2.275126,10.765754,0.998057,4.927080,19.932214,1.658491,0.909332,5.763814,0.840176,0.896918,1.522478,49,17838,0,0
973,2,3.277666,2.255059,8.513821,1.007253,7.157650,19.956390,1.237596,0.701111,4.793867,0.757735,0.603756,1.242533,37,14269,0,0
974,2,3.244965,2.222378,10.550117,1.025767,5.159705,19.980554,1.472521,0.875800,5.896254,0.798777,0.934448,1.420414,49,17838,0,0
975,2,3.236196,2.224718,8.567471,1.026133,7.115516,19.945316,1.154768,0.814684,4.821910,0.650102,0.694180,1.209388,37,14269,0,0
976,2,3.288408,2.321825,10.653781,1.004825,4.985043,19.932058,1.584578,0.991855,5.780199,0.841983,0.821676,1.448829,49,17838,0,0
977,2,3.272254,2.305183,8.542304,1.008196,7.140940,19.963694,1.109328,0.656436,5.009508,0.654812,0.641469,1.329417,37,14269,0,0
978,2,3.241465,2.245368,10.572598,1.037526,5.140113,19.991703,1.511556,0.913181,5.799991,0.809421,0.825989,1.426944,49,17838,0,0
979,2,3.241533,2.244202,8.502550,1.038523,7.152300,19.934906,1.201202,0.719452,4.836948,0.758504,0.631039,1.133945,37,14269,0,0
980,2,3.288571,2.230265,10.671597,1.039174,4.990841,19.990184,1.572747,0.981842,5.796187,0.801910,0.898868,1.409295,49,17838,0,0
981,2,3.267839,2.274034,8.602566,1.008135,7.056895,19.935435,1.198564,0.719744,4.928619,0.644233,0.727285,1.332292,37,14269,0,0
982,2,3.255870,2.255832,10.648933,1.023997,5.051490,19.980289,1.549401,1.039001,5.751980,0.797048,0.833432,1.415422,49,17838,0,0
983,2,3.209429,2.212735,8.532925,1.005890,7.197852,19.946096,1.195845,0.740492,4.862620,0.610945,0.676768,1.195462,37,14269,0,0
984,2,3.285763,2.242520,10.655626,1.009132,5.012895,19.963416,1.567352,1.057851,5.695492,0.848294,0.822584,1.401537,49,17838,0,0
985,2,3.316708,2.299873,8.543627,1.002268,7.101091,19.963694,1.133514,0.662282,4.926219,0.720937,0.710809,1.182003,37,14269,0,0
986,2,3.268850,2.244236,10.634630,1.010244,5.049110,19.962833,1.462226,0.946601,5.858734,0.933343,0.892097,1.452650,49,17838,0,0
987,2,3.274323,2.275743,8.490790,1.006649,7.191871,19.963633,1.134671,0.772753,4.905677,0.647190,0.677670,1.217251,37,14269,0,0
988,2,3.224762,2.228075,10.607530,1.028514,5.102963,19.963769,1.366801,0.959025,5.804843,0.785133,0.899245,1.483649,49,17838,0,0
989,2,3.262054,2.232225,8.571710,1.012984,7.115821,19.962568,1.183614,0.656145,4.976586,0.814765,0.655663,1.244253,37,14269,0,0
990,2,3.269297,2.245294,10.575935,1.023387,5.111040,19.979658,1.443437,0.963406,5.941555,0.998844,0.920152,1.466895,49,17838,0,0
991,2,3.241241,2.219387,8.472012,1.006731,7.226227,19.946211,1.226861,0.783529,4.766093,0.755130,0.640157,1.180417,37,14269,0,0
992,2,3.265798,2.245300,10.747647,1.010183,4.939674,19.963301,1.608619,0.980133,5.748260,0.762936,0.860043,1.507528,49,17838,0,0
993,2,3.329865,2.337626,8.533861,1.006690,7.098100,19.968516,1.165151,0.687581,4.855242,0.609680,0.640069,1.335592,37,14269,0,0
994,2,3.253428,2.286926,10.659899,1.008643,5.037303,19.959273,1.582367,0.871474,5.835510,0.869968,0.900377,1.516985,49,17838,0,0
995,2,3.242469,2.245076,8.522814,1.012238,7.196509,19.974030,1.237674,0.731734,4.799598,0.653246,0.641930,1.215976,37,14269,0,0
996,2,3.242686,2.244900,10.528673,1.011444,5.168677,19.951480,1.531911,0.993842,5.742157,0.988773,0.862362,1.316155,49,17838,0,0
997,2,3.291582,2.234768,8.577949,1.037370,7.078929,19.985830,1.155545,0.777408,4.900920,0.749349,0.675615,1.239112,37,14269,0,0
998,2,3.260217,2.268636,10.669447,1.026825,4.994117,19.950606,1.557254,0.874444,5.899180,0.957981,0.829559,1.561093,49,17838,0,0
999,2,3.259803,2.240933,8.572903,1.010630,7.102495,19.945831,1.192919,0.688805,4.937181,0.612081,0.706011,1.220608,37,14269,0,0
1000,2,3.241960,2.242337,10.637255,1.038971,5.045041,19.963226,1.533925,0.918230,5.774540,0.806858,0.939565,1.371446,49,17838,0,0
1001,2,3.288347,2.255269,8.587674,1.006426,7.081431,19.963877,1.190250,0.735752,4.853465,0.614156,0.675154,1.257480,37,14269,0,0
1002,2,3.242401,2.276028,10.696764,1.026072,4.968340,19.933577,1.554342,0.906772,5.854655,0.768894,0.899163,1.532827,49,17838,0,0
1003,2,3.266530,2.241442,8.530463,1.006378,7.160519,19.963891,1.178460,0.703993,4.920820,0.691783,0.677704,1.244656,37,14269,0,0
1004,2,3.252757,2.227498,10.521620,1.008894,5.180091,19.963362,1.524651,0.912316,5.752641,0.880815,0.823212,1.423031,49,17838,0,0
1005,2,3.252092,2.229187,8.517951,1.047414,7.168515,19.985972,1.238536,0.666412,4.758013,0.643399,0.640066,1.204495,37,14269,0,0
1006,2,3.268097,2.300178,10.596890,1.028188,5.063331,19.956506,1.524923,0.902405,5.868761,0.764581,0.960904,1.415904,49,17838,0,0
1007,2,3.225555,2.227661,8.584866,1.007646,7.127825,19.945892,1.149797,0.742418,4.904605,0.650960,0.640930,1.274367,37,14269,0,0
1008,2,3.242706,2.244697,10.593960,1.013763,5.113074,19.963504,1.457581,1.023963,5.786587,0.841085,0.970347,1.460409,49,17838,0,0
1009,2,3.253754,2.258979,8.591987,1.008962,7.077755,19.932458,1.193814,0.788737,4.866865,0.697194,0.599830,1.191559,37,14269,0,0
1010,2,3.298472,2.275859,10.679084,1.006487,4.980954,19.964996,1.442966,0.991970,5.810432,0.806546,0.857093,1.475006,49,17838,0,0
1011,2,3.280941,2.284587,8.564867,1.006527,7.109324,19.961660,1.110043,0.665178,5.001238,0.808190,0.674781,1.230967,37,14269,0,0
1012,2,3.265961,2.267687,10.654385,1.010854,5.031857,19.963057,1.480343,1.066142,5.841092,0.836721,0.869883,1.462056,49,17838,0,0
1013,2,3.236643,2.237637,8.549323,1.027822,7.149980,19.963769,1.088152,0.816945,4.785509,0.654636,0.657023,1.250214,37,14269,0,0
1014,2,3.225352,2.231771,10.804918,1.060835,4.927094,20.018199,1.514659,0.950002,5.934343,0.892110,0.930949,1.489855,49,17838,0,0
1015,2,3.245032,2.278286,8.589464,1.003632,7.069577,19.907705,1.074151,0.699639,5.011525,0.734856,0.634382,1.247040,37,14269,0,0
1016,2,3.285411,2.261258,10.653307,1.008853,5.015974,19.963545,1.489912,0.986264,5.877933,0.796380,0.896111,1.461728,49,17838,0,0
1017,2,3.284705,2.258403,8.516852,1.006799,7.155324,19.963681,1.194699,0.741726,4.773302,0.723077,0.672906,1.183719,37,14269,0,0
1018,2,3.255951,2.257880,10.795132,1.002146,4.910092,19.963321,1.512828,0.981011,5.989688,0.765106,0.828776,1.621524,49,17838,0,0
1019,2,3.266327,2.236294,8.584703,1.012590,7.100576,19.964196,1.153388,0.781850,4.867289,0.650892,0.640978,1.264069,37,14269,0,0
1020,2,3.245310,2.278063,10.681831,1.001495,5.055071,19.983707,1.517032,0.867479,5.847412,0.855299,0.898729,1.562303,49,17838,0,0
1021,2,3.239777,2.241238,8.552056,1.007504,7.142853,19.942190,1.074975,0.709835,4.902215,0.649926,0.675917,1.235752,37,14269,0,0
1022,2,3.238332,2.215983,10.676561,1.051707,5.013831,19.980431,1.439389,0.996311,5.823578,0.815053,0.896491,1.415317,49,17838,0,0
1023,2,3.277808,2.270196,8.547553,1.009538,7.120148,19.955048,1.163456,0.743123,4.826291,0.651635,0.639553,1.206034,37,14269,0,0
1024,2,3.290761,2.291334,10.639004,1.008942,5.008704,19.947411,1.402690,1.002235,5.843028,0.854482,0.867306,1.483290,49,17838,0,0
1025,2,3.303911,2.268487,8.499356,1.010386,7.150224,19.963877,1.150377,0.705814,4.803002,0.610331,0.707265,1.213732,37,14269,0,0
1026,2,3.229421,2.230815,10.581245,0.998220,5.153581,19.962467,1.434977,0.870100,5.867638,0.761776,0.828718,1.469313,49,17838,0,0
1027,2,3.230499,2.232218,8.551927,1.006710,7.173723,19.962860,1.154382,0.700728,4.849667,0.660736,0.669759,1.190165,37,14269,0,0
1028,2,3.275408,2.281331,10.622036,1.014109,5.020423,19.931976,1.543803,0.903019,5.917335,0.843625,0.914107,1.511742,49,17838,0,0
1029,2,3.251943,2.231133,8.555366,1.010956,7.144894,19.963159,1.079003,0.707377,4.936367,0.610877,0.639537,1.328254,37,14269,0,0
1030,2,3.235423,2.224677,10.684455,1.055023,5.005286,19.980187,1.512044,0.924306,5.902113,0.803216,0.944760,1.541985,49,17838,0,0
1031,2,3.262705,2.226183,8.545885,1.028805,7.108144,19.945540,1.239658,0.705777,4.783759,0.682383,0.621484,1.206787,37,14269,0,0
1032,2,3.288062,2.292650,10.702135,1.007423,4.985118,19.982737,1.631921,0.869517,5.875532,0.845367,0.901404,1.464467,49,17838,0,0
1033,2,3.278480,2.310961,8.536546,1.008901,7.120765,19.944692,1.148939,0.779822,4.871714,0.612684,0.603685,1.306081,37,14269,0,0
1034,2,3.265798,2.241787,10.571730,1.030955,5.094757,19.963240,1.554101,0.958706,5.798859,0.767337,0.828803,1.488719,49,17838,0,0
1035,2,3.248247,2.224799,8.461555,1.009633,7.243751,19.963186,1.254829,0.705838,4.752597,0.610619,0.645094,1.232493,37,14269,0,0
1036,2,3.296092,2.235596,10.723070,1.015676,4.928118,19.962955,1.576898,0.938649,5.953895,0.807610,0.830655,1.515805,49,17838,0,0
1037,2,3.264516,2.296814,8.532254,1.007185,7.128001,19.931956,1.166575,0.748098,4.791684,0.690650,0.643331,1.141788,37,14269,0,0
1038,2,3.232961,2.235467,10.645718,1.029083,5.072384,19.980147,1.501923,0.971425,5.755588,0.845951,0.866747,1.492238,49,17838,0,0
1039,2,3.241920,2.243693,8.525031,1.005544,7.173479,19.945974,1.229719,0.776859,4.799950,0.653293,0.641734,1.225460,37,14269,0,0
1040,2,3.242001,2.246406,10.657294,1.024058,5.008460,19.931814,1.527540,0.941986,5.791585,0.836714,0.901388,1.372111,49,17838,0,0
1041,2,3.310808,2.288859,8.574490,1.004574,7.073720,19.963593,1.084215,0.700612,5.005971,0.637468,0.706112,1.256666,37,14269,0,0
1042,2,3.276683,2.277880,10.677477,1.022349,4.986447,19.962955,1.431983,0.917826,5.947757,0.769508,0.970388,1.580061,49,17838,0,0
1043,2,3.275055,2.271016,8.566901,1.006887,7.114722,19.963565,1.110918,0.874502,4.872864,0.687588,0.647461,1.227197,37,14269,0,0
1044,2,3.224131,2.224345,10.570869,1.008460,5.159983,19.963443,1.474043,1.122006,5.633806,0.762960,0.955956,1.327979,49,17838,0,0
1045,2,3.213742,2.218370,8.556017,1.024133,7.203189,19.997080,1.188727,0.700022,4.846381,0.643724,0.603973,1.222212,37,14269,0,0
1046,2,3.252391,2.275146,10.669542,1.024587,4.998776,19.945296,1.433346,0.952053,6.019457,0.870544,0.956282,1.548540,49,17838,0,0
1047,2,3.273081,2.244351,8.572354,1.008704,7.091875,19.946014,1.168830,0.670865,4.951291,0.614044,0.707781,1.206733,37,14269,0,0
1048,2,3.282888,2.246745,10.601488,1.014170,5.065019,19.963565,1.537971,1.079664,5.575402,0.808743,0.827776,1.342499,49,17838,0,0
1049,2,3.249705,2.250936,8.531033,1.001556,7.181759,19.964054,1.253201,0.700578,4.773790,0.711938,0.600718,1.182522,37,14269,0,0
1050,2,3.255571,2.288595,10.712816,1.022573,4.933285,19.924245,1.639465,0.929827,5.793101,0.767585,0.898404,1.527520,49,17838,0,0
1051,2,3.270342,2.245565,8.549628,1.020640,7.122982,19.963593,1.210042,0.768429,4.774455,0.693329,0.641788,1.207831,37,14269,0,0
1052,2,3.248633,2.224535,10.549547,1.007131,5.157691,19.963003,1.394023,0.918257,5.890361,0.988736,0.854255,1.420576,49,17838,0,0
1053,2,3.242950,2.217658,8.565457,1.026499,7.128476,19.963382,1.159990,0.821489,4.767639,0.651818,0.630449,1.195638,37,14269,0,0
1054,2,3.269406,2.302633,10.647122,1.023990,5.022444,19.962962,1.554494,0.946408,5.810683,0.807380,0.865994,1.452884,49,17838,0,0
1055,2,3.243751,2.276455,8.602119,1.006480,7.078996,19.931346,1.156701,0.692573,4.953590,0.654110,0.680196,1.307393,37,14269,0,0
1056,2,3.271596,2.275377,10.620409,1.013357,5.057919,19.963281,1.515269,1.038154,5.770535,0.763936,0.967417,1.452572,49,17838,0,0
1057,2,3.264394,2.268561,8.465868,1.004683,7.197154,19.932098,1.198886,0.656423,4.864332,0.611410,0.681922,1.173848,37,14269,0,0
1058,2,3.290843,2.232673,10.722385,1.071964,4.904110,19.989302,1.589379,1.009542,5.856069,0.764842,0.829617,1.513984,49,17838,0,0
1059,2,3.275096,2.278673,8.558560,1.007375,7.096249,19.937280,1.111932,0.664710,4.954776,0.727698,0.750478,1.236569,37,14269,0,0
1060,2,3.270552,2.271729,10.653537,1.009884,5.029226,19.963199,1.394589,1.123311,5.792870,0.883365,0.868117,1.458174,49,17838,0,0
1061,2,3.237098,2.238125,8.530585,1.026608,7.169607,19.963898,1.165822,0.663313,4.799282,0.671312,0.638062,1.197062,37,14269,0,0
1062,2,3.260874,2.229824,10.787788,1.065725,4.909176,20.023563,1.439819,0.951803,6.025007,0.824222,0.857622,1.488820,49,17838,0,0
1063,2,3.241750,2.275316,8.590481,1.012258,7.057471,19.901961,1.076596,0.697537,5.011648,0.734490,0.633915,1.250861,37,14269,0,0
1064,2,3.286794,2.265232,10.664476,1.007545,5.004710,19.963525,1.411150,1.033949,5.884752,0.763923,0.896993,1.432665,49,17838,0,0
1065,2,3.292152,2.266032,8.555874,1.006134,7.109677,19.963837,1.217160,0.808712,4.805064,0.612712,0.742194,1.220652,37,14269,0,0
1066,2,3.229787,2.232727,10.590786,1.027957,5.114668,19.963199,1.485575,0.906392,5.710371,0.807661,0.829074,1.417664,49,17838,0,0
1067,2,3.262468,2.266934,8.584418,1.011166,7.104916,19.962969,1.163323,0.740858,4.900513,0.641568,0.604662,1.281223,37,14269,0,0
1068,2,3.268992,2.246209,10.617845,1.024384,5.051348,19.962568,1.560143,0.912503,5.832676,0.805556,0.827861,1.502014,49,17838,0,0
1069,2,3.262054,2.237230,8.501126,1.006989,7.193153,19.963321,1.114566,0.705482,4.847053,0.609724,0.661838,1.221459,37,14269,0,0
1070,2,3.249074,2.223029,10.690233,1.043996,4.997392,19.980696,1.439263,1.054626,5.785265,0.817271,0.896800,1.433790,49,17838,0,0
1071,2,3.277191,2.255988,8.538581,1.009369,7.123837,19.948978,1.157640,0.814643,4.784105,0.608927,0.623244,1.163222,37,14269,0,0
1072,2,3.259898,2.291551,10.652764,1.002831,5.043820,19.959313,1.480425,0.989190,5.866465,0.799191,0.830790,1.465468,49,17838,0,0
1073,2,3.274261,2.275581,8.554572,1.004100,7.130693,19.963626,1.149336,0.780134,4.853750,0.648387,0.641897,1.253774,37,14269,0,0
1074,2,3.273834,2.248196,10.528754,1.028697,5.131731,19.963016,1.515598,0.954430,5.684906,0.885078,0.792748,1.395701,49,17838,0,0
1075,2,3.268979,2.246630,8.582018,1.034434,7.105018,19.990448,1.146908,0.831116,4.836650,0.762787,0.686422,1.192006,37,14269,0,0
1076,2,3.286577,2.290080,10.691494,1.012054,4.939206,19.929331,1.403554,0.870124,6.008643,0.936045,0.865736,1.565206,49,17838,0,0
1077,2,3.269426,2.301554,8.554409,1.008508,7.130788,19.963131,1.152089,0.780128,4.881012,0.691362,0.604072,1.260393,37,14269,0,0
1078,2,3.239614,2.241414,10.585904,1.026154,5.128293,19.979964,1.426120,0.911736,5.843967,0.843472,0.858537,1.364115,49,17838,0,0
1079,2,3.208188,2.211121,8.570482,1.005971,7.161190,19.945831,1.120378,0.742150,4.835893,0.736298,0.601627,1.182400,37,14269,0,0
1200,3,3.329207,2.304423,13.084995,1.543698,2.004893,19.962792,2.197510,1.456509,6.050696,0.910068,0.962463,1.351993,53,18170,0,0
1201,3,3.310916,2.258192,10.853346,1.547211,4.220252,19.931725,1.695021,1.156657,5.257751,0.691433,0.802863,1.227230,41,14601,0,0
1202,3,3.319746,2.245246,12.990187,1.548696,2.098345,19.956974,2.095327,1.407281,6.200263,0.880754,0.999386,1.390672,53,18170,0,0
1203,3,3.317203,2.237983,10.889845,1.548397,4.208344,19.963789,1.665643,1.189789,5.213359,0.775692,0.738135,1.244768,41,14601,0,0
1204,3,3.317590,2.262492,12.952508,1.551809,2.141232,19.963138,2.218723,1.517337,5.882321,0.837477,0.854231,1.360369,53,18170,0,0
1205,3,3.297000,2.243490,10.842787,1.568207,4.273536,19.981530,1.790273,1.258921,5.010759,0.738702,0.679593,1.179328,41,14601,0,0
1206,3,3.328983,2.240200,12.967217,1.549394,2.098501,19.944095,2.071337,1.424608,5.987528,0.868964,0.981717,1.395728,53,18170,0,0
1207,3,3.346602,2.300028,10.749668,1.577464,4.288652,19.962385,1.684028,1.154819,5.077738,0.773149,0.781389,1.155938,41,14601,0,0
1208,3,3.355045,2.308533,13.027927,1.543271,2.018911,19.945153,2.110992,1.473206,6.078420,0.858792,0.905206,1.439362,53,18170,0,0
1209,3,3.339501,2.285645,10.898309,1.551266,4.161387,19.950463,1.582075,1.286262,5.170237,0.803457,0.724728,1.213460,41,14601,0,0
1210,3,3.335351,2.281901,12.942844,1.540565,2.144602,19.963362,1.964016,1.422814,6.064212,0.938005,0.854607,1.354780,53,18170,0,0
1211,3,3.309146,2.252143,10.918186,1.546946,4.188982,19.963260,1.672841,1.231320,5.103305,0.658810,0.870650,1.227563,41,14601,0,0
1212,3,3.311506,2.256497,13.022658,1.542681,2.086524,19.963369,2.029419,1.481795,6.079437,0.930437,0.930640,1.345530,53,18170,0,0
1213,3,3.308353,2.254435,10.795546,1.570513,4.275991,19.950402,1.692332,1.141710,5.150079,0.732910,0.697320,1.293189,41,14601,0,0
1214,3,3.370466,2.250882,13.003757,1.548248,2.021583,19.944054,2.080783,1.440525,6.000397,0.877289,0.890598,1.437948,53,18170,0,0
1215,3,3.363102,2.243496,10.879591,1.548594,4.171302,19.962589,1.749108,1.287231,5.037862,0.729865,0.698673,1.260410,41,14601,0,0
1216,3,3.385949,2.333496,12.963725,1.576447,2.037425,19.963545,2.083703,1.378520,6.110080,0.939792,0.925663,1.283105,53,18170,0,0
1217,3,3.319136,2.297838,10.773471,1.545726,4.295468,19.933801,1.670000,1.273682,5.008657,0.725600,0.692654,1.192298,41,14601,0,0
1218,3,3.304589,2.249125,13.053114,1.550446,2.055254,19.963403,2.150001,1.541534,5.893375,0.866713,0.866828,1.370032,53,18170,0,0
1219,3,3.302867,2.247606,10.810052,1.549110,4.272369,19.934397,1.696377,1.299232,5.021881,0.683455,0.696940,1.182471,41,14601,0,0
1220,3,3.290761,2.215597,13.009840,1.553477,2.108680,19.962758,2.146691,1.422000,6.100593,0.832167,1.091064,1.388848,53,18170,0,0
1221,3,3.359297,2.242337,10.801873,1.567251,4.253109,19.981530,1.841383,1.251709,4.919227,0.651225,0.740373,1.186584,41,14601,0,0
1222,3,3.372440,2.292704,13.072564,1.545651,1.952837,19.943492,2.007806,1.455587,6.291992,0.905952,0.984090,1.476800,53,18170,0,0
1223,3,3.391178,2.300117,10.755120,1.547889,4.269053,19.963240,1.745538,1.248444,5.001336,0.695482,0.818030,1.136244,41,14601,0,0
1224,3,3.325504,2.303223,12.917542,1.563711,2.177317,19.984073,2.050778,1.497820,5.929538,0.912567,0.964386,1.263713,53,18170,0,0
1225,3,3.292891,2.239109,10.897725,1.543664,4.207781,19.942061,1.697608,1.197130,5.140700,0.721575,0.661953,1.239963,41,14601,0,0
1226,3,3.303775,2.234619,12.990533,1.547665,2.120941,19.962914,2.043260,1.545254,6.117567,0.800785,0.885895,1.397142,53,18170,0,0
1227,3,3.312137,2.231832,10.849135,1.551422,4.244463,19.957157,1.692600,1.466142,4.996633,0.652405,0.666141,1.225274,41,14601,0,0
1228,3,3.355615,2.235569,13.052382,1.549245,2.005469,19.962711,2.189524,1.455831,6.078837,0.919654,0.938599,1.367306,53,18170,0,0
1229,3,3.349694,2.237895,10.766595,1.568519,4.296763,19.981571,1.711205,1.304884,4.929508,0.787469,0.750546,1.197198,41,14601,0,0
1230,3,3.292484,2.264696,12.921909,1.575694,2.149024,19.939111,2.087975,1.428891,5.958950,0.803368,0.912187,1.422455,53,18170,0,0
1231,3,3.325524,2.304504,10.889560,1.545359,4.178362,19.938805,1.700704,1.186273,5.013163,0.763224,0.756721,1.187832,41,14601,0,0
1232,3,3.355228,2.275228,12.994541,1.554440,2.059241,19.963450,2.078111,1.426788,6.045166,0.917789,0.923740,1.415304,53,18170,0,0
1233,3,3.325870,2.245083,10.905267,1.577165,4.154755,19.963057,1.768687,1.184859,5.078206,0.742055,0.734558,1.284858,41,14601,0,0
1234,3,3.312768,2.231181,13.055033,1.543623,2.051795,19.963220,2.189799,1.448873,6.065657,0.848460,0.855642,1.457374,53,18170,0,0
1235,3,3.351179,2.227281,10.881178,1.548635,4.182614,19.963606,1.675534,1.192237,5.152720,0.688965,0.729316,1.228550,41,14601,0,0
1236,3,3.325321,2.236925,12.964389,1.548499,2.124929,19.963138,2.159030,1.460090,5.992106,0.880263,0.954217,1.359589,53,18170,0,0
1237,3,3.313480,2.294312,10.807651,1.563812,4.267290,19.952233,1.740821,1.157335,5.013312,0.727600,0.691667,1.171471,41,14601,0,0
1238,3,3.330509,2.252272,12.993015,1.544864,2.072859,19.941247,2.082099,1.420431,6.109399,0.790738,0.923225,1.433099,53,18170,0,0
1239,3,3.334537,2.255527,10.919183,1.559872,4.150319,19.963911,1.754340,1.206923,5.111772,0.722287,0.701613,1.255476,41,14601,0,0
1240,3,3.331648,2.255778,13.003818,1.546458,2.080360,19.962284,2.065314,1.469204,6.163896,0.950517,0.851668,1.377608,53,18170,0,0
1241,3,3.325728,2.269884,10.830851,1.545454,4.260800,19.962833,1.688371,1.269633,5.071940,0.737922,0.686283,1.172319,41,14601,0,0
1242,3,3.334313,2.237189,12.994927,1.545224,2.089311,19.963776,2.186415,1.351613,6.044220,0.977271,0.929189,1.416477,53,18170,0,0
1243,3,3.340580,2.251370,10.856764,1.545081,4.220937,19.963362,1.786546,1.193217,5.061195,0.736515,0.701799,1.263455,41,14601,0,0
1244,3,3.323958,2.280402,12.884515,1.578644,2.170976,19.958093,2.109938,1.387414,6.091515,0.826043,1.037801,1.410661,53,18170,0,0
1245,3,3.311649,2.280056,10.944716,1.571930,4.126299,19.954593,1.701667,1.269179,5.189779,0.726501,0.730943,1.258250,41,14601,0,0
1246,3,3.335208,2.249457,13.032199,1.547197,2.028798,19.943403,2.113041,1.504076,6.008925,0.912699,0.890984,1.398692,53,18170,0,0
1247,3,3.360457,2.299425,10.913995,1.552785,4.136064,19.963301,1.689195,1.229384,5.229808,0.652588,0.724616,1.273573,41,14601,0,0
1248,3,3.315006,2.258369,12.985026,1.548465,2.115150,19.963647,2.076667,1.496362,6.026065,0.993123,0.852871,1.449056,53,18170,0,0
1249,3,3.301883,2.247864,10.859490,1.547597,4.254473,19.963443,1.733375,1.231818,5.022610,0.693190,0.700765,1.157515,41,14601,0,0
1250,3,3.341434,2.231961,12.957899,1.544118,2.120053,19.963504,2.051592,1.431607,5.955363,0.942702,0.853587,1.371891,53,18170,0,0
1251,3,3.347924,2.272522,10.853712,1.603139,4.191057,19.995833,1.745914,1.235097,5.094720,0.767924,0.712596,1.167850,41,14601,0,0
1252,3,3.339827,2.284715,13.044671,1.549733,2.009905,19.944136,2.154602,1.494002,6.041897,0.792379,0.889506,1.451182,53,18170,0,0
1253,3,3.344933,2.321113,10.929443,1.574778,4.112111,19.961266,1.735982,1.211578,5.246311,0.688704,0.771813,1.247945,41,14601,0,0
1254,3,3.304508,2.249959,13.061740,1.548513,2.028907,19.943668,2.076691,1.429745,6.027761,0.862471,0.966163,1.376926,53,18170,0,0
1255,3,3.330102,2.271410,10.836073,1.545007,4.252485,19.963667,1.701406,1.192627,5.147095,0.737627,0.748505,1.148336,41,14601,0,0
1256,3,3.329573,2.252021,12.923781,1.557227,2.152700,19.963281,2.132206,1.343285,6.160278,0.835436,0.950528,1.489634,53,18170,0,0
1257,3,3.319299,2.235053,10.854953,1.564952,4.223365,19.962568,1.870555,1.422770,4.849341,0.650445,0.695513,1.191294,41,14601,0,0
1258,3,3.353906,2.235216,12.998671,1.546071,2.064389,19.963036,2.099436,1.431946,6.073283,0.841553,0.923506,1.468258,53,18170,0,0
1259,3,3.352909,2.271593,10.831211,1.545997,4.233612,19.963728,1.811944,1.193007,5.070641,0.700385,0.715715,1.153290,41,14601,0,0
1260,3,3.301517,2.278510,12.910801,1.575022,2.171505,19.958845,2.168911,1.430552,5.894816,0.867126,0.968129,1.333791,53,18170,0,0
1261,3,3.314721,2.292263,10.764336,1.564395,4.309960,19.953413,1.781026,1.189931,4.996023,0.763011,0.697751,1.155874,41,14601,0,0
1262,3,3.327477,2.247572,12.956312,1.550934,2.109236,19.943960,2.033213,1.457872,6.037913,0.791629,0.944255,1.439358,53,18170,0,0
1263,3,3.333825,2.255330,10.944695,1.546424,4.137848,19.962792,1.668220,1.182797,5.153364,0.686934,0.808512,1.271094,41,14601,0,0
1264,3,3.345117,2.268012,13.044061,1.550242,2.024167,19.963586,2.149926,1.536780,5.979126,0.933648,0.922119,1.433699,53,18170,0,0
1265,3,3.359589,2.263007,10.767809,1.544891,4.290992,19.963281,1.701552,1.262061,4.992059,0.693804,0.659258,1.181430,41,14601,0,0
1266,3,3.330326,2.240282,12.963515,1.540585,2.129222,19.963647,2.195062,1.442210,5.915972,0.796777,0.935177,1.363142,53,18170,0,0
1267,3,3.324629,2.236070,10.817498,1.572255,4.273434,19.987817,1.798058,1.266995,4.995900,0.773790,0.664259,1.192318,41,14601,0,0
1268,3,3.330997,2.283190,13.072951,1.545095,2.003293,19.952335,1.958425,1.531436,6.096510,0.869670,0.889496,1.346927,53,18170,0,0
1269,3,3.318729,2.286180,10.922255,1.564748,4.162187,19.967919,1.781525,1.263285,5.120060,0.732591,0.663286,1.253794,41,14601,0,0
1270,3,3.331485,2.251329,13.037835,1.549632,2.024268,19.943220,2.185499,1.408776,6.097297,0.836823,0.993856,1.429840,53,18170,0,0
1271,3,3.348087,2.291551,10.847019,1.549191,4.219126,19.963423,1.695926,1.257751,5.013153,0.704030,0.665466,1.220652,41,14601,0,0
1272,3,3.310062,2.256714,12.967034,1.547441,2.138607,19.963145,2.002784,1.459652,6.048225,0.797102,0.852821,1.504727,53,18170,0,0
1273,3,3.282332,2.227790,10.836867,1.546824,4.296709,19.962731,1.732385,1.314151,4.975104,0.777184,0.664296,1.174401,41,14601,0,0
1274,3,3.348453,2.237881,12.973789,1.548696,2.092648,19.963586,2.203671,1.474040,5.887672,0.866852,0.867998,1.353790,53,18170,0,0
1275,3,3.349287,2.274251,10.837762,1.553741,4.242571,19.983361,1.722463,1.274801,5.049079,0.768246,0.695163,1.128299,41,14601,0,0
1276,3,3.335921,2.281155,13.091017,1.543772,1.985857,19.956567,2.088938,1.531769,5.950144,0.849416,0.894199,1.416361,53,18170,0,0
1277,3,3.334964,2.311652,10.905816,1.566701,4.160194,19.967675,1.618774,1.310310,5.158607,0.686615,0.731435,1.220666,41,14601,0,0
1278,3,3.298343,2.247253,13.029717,1.553009,2.056047,19.937117,2.038737,1.438144,6.110219,0.841916,1.075111,1.410929,53,18170,0,0
1279,3,3.330509,2.275662,10.850945,1.551531,4.230703,19.963687,1.786018,1.263140,5.004995,0.688141,0.697822,1.196282,41,14601,0,0
1280,3,3.351715,2.269457,12.974989,1.547150,2.089393,19.963247,2.138506,1.569858,5.870314,0.873545,0.949649,1.372342,53,18170,0,0
1281,3,3.313521,2.233215,10.818353,1.557851,4.273515,19.963240,1.701467,1.350037,4.969028,0.694214,0.661991,1.236481,41,14601,0,0
1282,3,3.351851,2.233792,13.098531,1.566328,1.947513,19.964223,2.184713,1.554464,5.954034,0.834340,0.921061,1.442206,53,18170,0,0
1283,3,3.313805,2.225735,10.853407,1.573951,4.250397,19.991560,1.817837,1.263214,5.025696,0.737295,0.765303,1.190864,41,14601,0,0
1284,3,3.307661,2.283393,13.096225,1.547543,2.002838,19.954268,2.144040,1.511553,6.109443,0.836775,0.854479,1.455132,53,18170,0,0
1285,3,3.336958,2.289964,10.838169,1.573008,4.213172,19.961307,1.712324,1.172672,5.028961,0.774970,0.697398,1.182688,41,14601,0,0
1286,3,3.331791,2.251444,13.048984,1.549374,2.014109,19.944258,2.073883,1.419264,6.079868,0.865933,0.939358,1.427941,53,18170,0,0
1287,3,3.346785,2.263862,10.863885,1.553335,4.198931,19.962935,1.772871,1.187215,5.096368,0.736369,0.843716,1.220117,41,14601,0,0
1288,3,3.351817,2.256104,12.993340,1.543915,2.073666,19.962738,2.149319,1.518185,6.011325,0.874468,0.960663,1.426676,53,18170,0,0
1289,3,3.289534,2.234158,10.855849,1.546031,4.272539,19.963952,1.785051,1.263451,5.096103,0.694136,0.738607,1.244897,41,14601,0,0
1290,3,3.327193,2.237495,13.004022,1.540171,2.091834,19.963220,2.202939,1.417511,6.004266,0.836239,0.889340,1.462650,53,18170,0,0
1291,3,3.345361,2.231974,10.791416,1.582957,4.276343,19.996077,1.826789,1.263916,4.903012,0.696628,0.712104,1.187453,41,14601,0,0
1292,3,3.321638,2.273729,13.101637,1.569997,1.964149,19.957421,2.078671,1.537713,6.164235,0.837145,0.965251,1.430179,53,18170,0,0
1293,3,3.336388,2.281860,10.796136,1.591102,4.230906,19.954532,1.873644,1.218140,4.997528,0.801012,0.766978,1.132385,41,14601,0,0
1294,3,3.353377,2.256978,13.041029,1.540131,2.009925,19.944461,2.098016,1.397776,6.189490,0.989817,0.925073,1.446855,53,18170,0,0
1295,3,3.336409,2.277696,10.864963,1.548906,4.220835,19.971113,1.808543,1.267643,5.019521,0.684492,0.695129,1.220167,41,14601,0,0
1296,3,3.307865,2.254483,13.000773,1.544790,2.102061,19.955488,2.169318,1.424906,6.152422,0.916677,0.998199,1.404728,53,18170,0,0
1297,3,3.300378,2.225308,10.810113,1.550296,4.302331,19.963118,1.726305,1.217973,5.084286,0.729580,0.696130,1.255720,41,14601,0,0
1298,3,3.357690,2.245585,13.010837,1.551280,2.042660,19.962467,2.055013,1.457533,5.998098,0.878323,0.856198,1.353811,53,18170,0,0
1299,3,3.371545,2.291402,10.752109,1.584632,4.287364,19.995650,1.782664,1.189131,5.031955,0.730235,0.721734,1.230045,41,14601,0,0
1300,3,3.346520,2.286201,13.058065,1.545678,2.000831,19.951094,2.067827,1.540402,6.042223,0.869999,0.884603,1.462419,53,18170,0,0
1301,3,3.304650,2.282986,10.787245,1.597402,4.272458,19.961755,1.719866,1.267687,4.971866,0.802934,0.661214,1.152384,41,14601,0,0
1302,3,3.288333,2.233222,13.046726,1.543176,2.065989,19.944224,2.082401,1.418420,6.072323,0.890310,0.962168,1.482093,53,18170,0,0
1303,3,3.347558,2.266642,10.902683,1.551205,4.161428,19.962874,1.618215,1.187059,5.283549,0.777941,0.763614,1.257212,41,14601,0,0
1304,3,3.344160,2.288927,12.991774,1.549571,2.071408,19.956913,2.037130,1.420943,6.043457,1.008196,0.919922,1.384040,53,18170,0,0
1305,3,3.285383,2.232836,10.792148,1.551890,4.333249,19.962670,1.618754,1.223511,5.096690,0.725233,0.662448,1.297675,41,14601,0,0
1306,3,3.353987,2.238057,12.956333,1.551673,2.101512,19.963504,2.230523,1.430216,6.018219,0.847256,0.986243,1.434614,53,18170,0,0
1307,3,3.337080,2.258904,10.837253,1.548553,4.261369,19.984256,1.707798,1.298353,5.082306,0.767897,0.728841,1.123264,41,14601,0,0
1308,3,3.334700,2.312541,13.110772,1.544444,1.952287,19.942203,2.084527,1.462501,6.170583,0.795393,1.001350,1.439375,53,18170,0,0
1309,3,3.305464,2.284526,10.878838,1.584384,4.212863,19.981550,1.782328,1.340271,4.945797,0.764486,0.665100,1.163272,41,14601,0,0
1310,3,3.306746,2.251546,13.000441,1.553145,2.104272,19.964603,2.148488,1.543545,5.846581,0.870036,0.891561,1.342299,53,18170,0,0
1311,3,3.311832,2.257229,10.772271,1.550161,4.308265,19.942529,1.667860,1.209968,5.034088,0.734273,0.665124,1.147220,41,14601,0,0
1312,3,3.316064,2.239814,13.090325,1.549537,2.007341,19.963267,2.041439,1.432071,6.076202,1.001417,0.928111,1.378248,53,18170,0,0
1313,3,3.373050,2.250251,10.805922,1.543291,4.240916,19.963179,1.845306,1.300496,4.918708,0.703179,0.694797,1.212708,41,14601,0,0
1314,3,3.370711,2.289463,12.951653,1.541066,2.099870,19.963301,2.082991,1.485562,6.025275,0.901625,0.887733,1.353702,53,18170,0,0
1315,3,3.358951,2.276557,10.861647,1.572934,4.193146,19.986677,1.778439,1.273875,4.977095,0.650384,0.729543,1.180400,41,14601,0,0
1316,3,3.303043,2.282050,12.893039,1.548269,2.214311,19.958662,2.068427,1.466027,6.041124,0.847622,0.910973,1.365438,53,18170,0,0
1317,3,3.306563,2.284383,10.873406,1.579787,4.203220,19.962975,1.710592,1.195221,5.065240,0.732476,0.733144,1.199205,41,14601,0,0
1318,3,3.325606,2.246419,12.983276,1.553470,2.081214,19.943566,2.063836,1.344228,6.176083,0.831106,1.045241,1.468716,53,18170,0,0
1319,3,3.335860,2.255134,10.890455,1.559377,4.177060,19.962752,1.778283,1.257501,5.059465,0.740733,0.698351,1.281979,41,14601,0,0
1320,3,3.371321,2.247647,13.071323,1.545115,1.975969,19.963728,2.079647,1.423547,6.072550,0.918552,0.989736,1.341824,53,18170,0,0
1321,3,3.362939,2.271708,10.794529,1.545013,4.260861,19.963342,1.725796,1.270440,5.074819,0.686825,0.728326,1.207621,41,14601,0,0
1322,3,3.325280,2.237671,12.951470,1.542640,2.144480,19.963871,2.124671,1.452711,5.945631,0.904121,0.885420,1.334703,53,18170,0,0
1323,3,3.308658,2.285366,10.806552,1.548492,4.281186,19.944889,1.816213,1.193434,4.968194,0.761746,0.697415,1.156965,41,14601,0,0
1324,3,3.331892,2.282050,13.001275,1.547841,2.068865,19.949873,1.971422,1.606350,5.993605,0.868768,0.926900,1.325734,53,18170,0,0
1325,3,3.312673,2.237318,10.903436,1.570933,4.194027,19.981069,1.748539,1.285377,5.056491,0.722928,0.664317,1.228014,41,14601,0,0
1326,3,3.307804,2.229370,13.019836,1.545746,2.070526,19.943912,2.068858,1.543460,6.109060,0.871324,0.906755,1.438609,53,18170,0,0
1327,3,3.353722,2.296882,10.839328,1.551910,4.218299,19.963260,1.704403,1.277344,5.105448,0.692681,0.685245,1.173893,41,14601,0,0
1328,3,3.357819,2.261502,12.975430,1.608938,2.083208,20.025394,2.224158,1.384905,6.028181,0.945065,0.850528,1.449249,53,18170,0,0
1329,3,3.297123,2.277167,10.799432,1.546356,4.218441,19.861352,1.753740,1.266992,4.994958,0.687754,0.756992,1.205387,41,14601,0,0
1330,3,3.330610,2.281359,13.026218,1.573964,2.027768,19.958561,2.085463,1.449324,6.155691,0.953993,0.914466,1.410906,53,18170,0,0
1331,3,3.314965,2.281664,10.960524,1.546926,4.116940,19.939355,1.779419,1.229970,5.216892,0.694777,0.763133,1.219940,41,14601,0,0
1332,3,3.330041,2.251478,13.072788,1.545685,2.014645,19.963159,2.129378,1.426653,6.114539,0.832523,0.960897,1.424208,53,18170,0,0
1333,3,3.350874,2.295736,10.864882,1.571035,4.195106,19.981896,1.668247,1.262611,5.067712,0.691817,0.716390,1.146118,41,14601,0,0
1334,3,3.296844,2.241096,13.000217,1.550222,2.096595,19.943878,2.136054,1.424842,6.003818,0.878170,0.854587,1.341712,53,18170,0,0
1335,3,3.304101,2.250556,10.853814,1.549822,4.255632,19.963369,1.776411,1.232395,5.061069,0.735942,0.698876,1.178331,41,14601,0,0
1336,3,3.358361,2.256599,12.944248,1.552283,2.108449,19.963342,2.053145,1.469493,5.907166,0.902435,0.890744,1.304518,53,18170,0,0
1337,3,3.352603,2.275519,10.794427,1.575802,4.261220,19.984053,1.738678,1.198751,5.015188,0.732683,0.767263,1.210039,41,14601,0,0
1338,3,3.337853,2.284505,13.102105,1.545664,1.976315,19.961938,2.171838,1.515842,5.975271,0.839030,0.892958,1.414120,53,18170,0,0
1339,3,3.334008,2.310594,10.930718,1.549191,4.130076,19.943993,1.779215,1.354004,5.093770,0.725135,0.664937,1.247172,41,14601,0,0
1340,3,3.302378,2.250142,13.001051,1.540843,2.118771,19.963043,2.040151,1.519508,5.895230,0.839091,0.895630,1.356611,53,18170,0,0
1341,3,3.316010,2.256700,10.860019,1.566722,4.238522,19.981272,1.811639,1.224837,5.001953,0.690742,0.697167,1.195163,41,14601,0,0
1342,3,3.334008,2.253418,13.089125,1.545013,1.975827,19.943973,2.076487,1.456672,6.104353,0.944743,0.983025,1.451219,53,18170,0,0
1343,3,3.380863,2.257019,10.866387,1.554352,4.161780,19.963382,1.831102,1.236406,5.038774,0.690552,0.858521,1.249200,41,14601,0,0
1344,3,3.389896,2.308634,12.960748,1.576480,2.036380,19.963504,2.113705,1.401747,6.025743,0.870622,0.888831,1.349948,53,18170,0,0
1345,3,3.346785,2.295919,10.819227,1.544634,4.273285,19.983931,1.796288,1.348809,4.853692,0.684950,0.726122,1.154582,41,14601,0,0
1346,3,3.307600,2.283596,13.030226,1.544261,2.068356,19.950443,2.078078,1.473087,6.023132,0.939117,0.944878,1.333476,53,18170,0,0
1347,3,3.309350,2.284634,10.900201,1.539948,4.205726,19.955224,1.642737,1.303674,5.080455,0.730374,0.799479,1.183065,41,14601,0,0
1348,3,3.335758,2.251024,13.054952,1.548425,2.023577,19.962711,2.186866,1.437202,5.989454,0.836806,0.960019,1.441057,53,18170,0,0
1349,3,3.315575,2.241801,10.901218,1.571991,4.193010,19.981795,1.729167,1.208917,5.139940,0.766252,0.869588,1.256117,41,14601,0,0
1350,3,3.358788,2.241380,13.040704,1.573944,1.970374,19.943810,2.127896,1.427721,5.948046,0.923957,0.920949,1.404711,53,18170,0,0
1351,3,3.379601,2.284119,10.829502,1.551809,4.202450,19.963362,1.857157,1.251658,4.969649,0.723979,0.740801,1.233968,41,14601,0,0
1352,3,3.348982,2.260315,12.923699,1.547434,2.143307,19.963423,2.186571,1.379205,5.922577,0.836900,0.925642,1.423235,53,18170,0,0
1353,3,3.295108,2.274116,10.828464,1.545339,4.261736,19.930647,1.790032,1.309767,4.929270,0.730774,0.727268,1.162957,41,14601,0,0
1354,3,3.292552,2.270243,13.060601,1.538544,2.041195,19.932892,2.070862,1.499668,6.015442,0.860172,0.925096,1.390584,53,18170,0,0
1355,3,3.326867,2.250766,10.890394,1.551754,4.187659,19.956675,1.740251,1.311042,5.002167,0.691911,0.694031,1.189314,41,14601,0,0
1356,3,3.331689,2.252686,13.013448,1.543386,2.074127,19.962650,2.019847,1.486369,6.084557,0.870368,0.887366,1.470523,53,18170,0,0
1357,3,3.316288,2.260647,10.871657,1.567861,4.225806,19.981611,1.666192,1.231235,5.107059,0.740679,0.661404,1.305678,41,14601,0,0
1358,3,3.289859,2.235704,13.137363,1.573008,1.943620,19.943851,2.110884,1.608361,5.957669,0.835605,0.926029,1.432061,53,18170,0,0
1359,3,3.341678,2.251261,10.850620,1.570065,4.223623,19.985986,1.740716,1.231693,4.964345,0.691281,0.770864,1.220205,41,14601,0,0
1360,3,3.329532,2.306973,13.114665,1.573307,1.927344,19.944848,1.968068,1.565657,6.108592,0.891005,0.852132,1.466743,53,18170,0,0
1361,3,3.334557,2.285522,10.759718,1.550832,4.285010,19.930118,1.637197,1.209500,5.054718,0.693509,0.757796,1.139245,41,14601,0,0
1362,3,3.332686,2.252014,13.051921,1.564178,2.014476,19.963260,2.166860,1.428721,6.049428,0.832147,0.969828,1.406064,53,18170,0,0
1363,3,3.318383,2.265272,10.908685,1.567434,4.169654,19.964155,1.750763,1.227034,5.078020,0.697083,0.734809,1.144287,41,14601,0,0
1364,3,3.296858,2.243456,13.059096,1.548899,2.058122,19.962975,2.102651,1.527452,6.015791,0.871273,0.857005,1.350976,53,18170,0,0
1365,3,3.315596,2.234402,10.820672,1.568288,4.276771,19.981327,1.730767,1.181308,5.085863,0.774394,0.693973,1.300469,41,14601,0,0
1366,3,3.371992,2.253323,12.988010,1.551551,2.032176,19.943729,2.161977,1.350142,6.007992,0.847066,0.886431,1.412893,53,18170,0,0
1367,3,3.386580,2.265103,10.793979,1.551768,4.231055,19.963382,1.714122,1.268358,4.953695,0.699860,0.693997,1.150733,41,14601,0,0
1368,3,3.370182,2.319200,12.970574,1.570363,2.052100,19.963220,2.060272,1.503862,5.999047,0.950138,0.959235,1.343981,53,18170,0,0
1369,3,3.297123,2.275411,10.798272,1.549801,4.285716,19.930912,1.779887,1.277157,4.902334,0.686849,0.694672,1.168667,41,14601,0,0
1370,3,3.316206,2.292650,13.074253,1.553253,2.018979,19.962691,2.115689,1.613363,5.953915,0.870022,0.854045,1.397349,53,18170,0,0
1371,3,3.328454,2.247152,10.841607,1.548350,4.244768,19.963179,1.707916,1.148458,5.063256,0.723646,0.662564,1.214664,41,14601,0,0
1372,3,3.309391,2.232368,12.974318,1.552114,2.127296,19.963118,2.065040,1.452854,6.110772,0.874044,0.924913,1.418104,53,18170,0,0
1373,3,3.304040,2.233568,10.823744,1.568349,4.285702,19.981835,1.743612,1.263716,5.059014,0.740024,0.772675,1.148085,41,14601,0,0
1374,3,3.356469,2.260505,12.990207,1.544037,2.053321,19.944034,2.127960,1.392015,5.994954,0.879110,0.977983,1.430186,53,18170,0,0
1375,3,3.348433,2.252936,10.835280,1.550981,4.228472,19.963165,1.802399,1.267948,4.930603,0.698812,0.729919,1.184289,41,14601,0,0
1376,3,3.328820,2.306322,12.942274,1.604970,2.083913,19.959978,2.157067,1.383484,6.043847,0.828074,0.956431,1.441440,53,18170,0,0
1377,3,3.290917,2.269090,10.755161,1.552704,4.307939,19.906721,1.860742,1.154534,5.054959,0.684401,0.699219,1.202538,41,14601,0,0
1378,3,3.313093,2.249505,13.005669,1.544444,2.100155,19.963362,2.105194,1.524967,5.981706,0.905331,0.890164,1.398648,53,18170,0,0
1379,3,3.326928,2.247565,10.900567,1.547075,4.189199,19.963769,1.819862,1.226145,5.101396,0.659844,0.764960,1.209557,41,14601,0,0
1380,3,3.313975,2.258145,12.974582,1.549082,2.118730,19.956370,2.036716,1.532057,6.017965,0.837107,0.923865,1.403907,53,18170,0,0
1381,3,3.288985,2.233487,10.863831,1.567488,4.260779,19.981082,1.701599,1.224959,5.098585,0.776832,0.698649,1.274434,41,14601,0,0
1382,3,3.323469,2.236091,13.013665,1.548703,2.058482,19.944319,2.106835,1.417084,6.049856,0.851322,0.982656,1.443397,53,18170,0,0
1383,3,3.371707,2.297302,10.773675,1.571950,4.269833,19.987166,1.745456,1.157888,5.077050,0.695608,0.776371,1.209757,41,14601,0,0
1384,3,3.356713,2.309265,13.000827,1.540599,2.041439,19.939579,2.031152,1.518650,5.998518,0.912103,0.898621,1.413907,53,18170,0,0
1385,3,3.341861,2.261244,10.867676,1.545542,4.207720,19.962799,1.744317,1.254178,5.173048,0.701514,0.695689,1.236688,41,14601,0,0
1386,3,3.320343,2.265123,12.939202,1.550934,2.152259,19.962738,2.003879,1.391591,6.155958,0.906742,0.852892,1.510868,53,18170,0,0
1387,3,3.291304,2.235847,10.893039,1.550588,4.229184,19.964115,1.672682,1.274892,5.056505,0.656033,0.698971,1.267368,41,14601,0,0
1388,3,3.324771,2.230028,13.013502,1.550147,2.074561,19.962982,2.116831,1.461711,6.048024,0.954129,0.923035,1.487688,53,18170,0,0
1389,3,3.329695,2.239956,10.762017,1.570289,4.288137,19.950138,1.707628,1.186693,5.024146,0.697751,0.733361,1.248511,41,14601,0,0
1390,3,3.334232,2.286933,13.039707,1.572255,1.992876,19.939070,2.074734,1.411997,6.200850,0.832547,0.985989,1.408030,53,18170,0,0
1391,3,3.358097,2.305060,10.897108,1.545949,4.138017,19.939172,1.689192,1.251719,5.124837,0.729292,0.724701,1.255069,41,14601,0,0
1392,3,3.342899,2.292250,12.990065,1.548974,2.081953,19.963891,1.964508,1.423781,6.083364,0.913062,0.980750,1.342712,53,18170,0,0
1393,3,3.303470,2.250081,10.872267,1.543081,4.244198,19.963016,1.730106,1.205811,5.006955,0.684082,0.723518,1.195767,41,14601,0,0
1394,3,3.315311,2.235521,12.966424,1.544545,2.136532,19.962813,2.069895,1.355947,6.123088,0.836450,0.895881,1.456482,53,18170,0,0
1395,3,3.317000,2.236152,10.854445,1.577491,4.214372,19.963308,1.631249,1.253743,5.090783,0.763485,0.663072,1.240994,41,14601,0,0
1396,3,3.357344,2.234768,13.027805,1.548804,2.029144,19.963097,2.122152,1.440932,6.124173,0.846347,1.024038,1.398607,53,18170,0,0
1397,3,3.359256,2.273587,10.845127,1.567535,4.209388,19.981306,1.852241,1.237800,5.000726,0.715135,0.698666,1.235257,41,14601,0,0
1398,3,3.302127,2.280097,12.931247,1.576487,2.132952,19.942813,1.999047,1.453891,5.987674,0.836982,0.919179,1.350243,53,18170,0,0
1399,3,3.334985,2.312873,10.799798,1.572547,4.226084,19.933414,1.748152,1.261363,4.989336,0.724769,0.725257,1.190067,41,14601,0,0
1400,3,3.349131,2.268365,12.955377,1.541636,2.117001,19.963145,2.000190,1.500892,5.992110,0.818309,0.925985,1.397095,53,18170,0,0
1401,3,3.315318,2.235616,10.935459,1.551951,4.159787,19.962514,1.702684,1.211290,5.155053,0.686398,0.797519,1.273709,41,14601,0,0
1402,3,3.304101,2.231005,13.013441,1.546485,2.099518,19.963545,2.201694,1.562547,5.806224,0.798197,0.857697,1.416324,53,18170,0,0
1403,3,3.324263,2.270365,10.827304,1.546763,4.265316,19.963647,1.744561,1.266751,5.054579,0.650774,0.700951,1.197534,41,14601,0,0
1404,3,3.333499,2.237183,12.973158,1.547984,2.108598,19.963240,2.258586,1.437144,5.984358,0.909105,0.850359,1.375217,53,18170,0,0
1405,3,3.331241,2.241828,10.831801,1.594337,4.253448,20.010827,1.844116,1.227383,4.996921,0.767273,0.663547,1.266761,41,14601,0,0
1406,3,3.332319,2.284715,13.054884,1.571876,1.979706,19.938785,1.955146,1.672289,5.934014,0.828932,0.910502,1.355333,53,18170,0,0
1407,3,3.351729,2.306702,10.929945,1.551117,4.099708,19.932499,1.663371,1.319977,5.132558,0.690545,0.729696,1.231300,41,14601,0,0
1408,3,3.350488,2.268670,12.961297,1.540748,2.110531,19.963064,2.038289,1.496331,6.023885,0.828952,0.853814,1.426283,53,18170,0,0
1409,3,3.342431,2.286384,10.847649,1.546221,4.227041,19.963342,1.773454,1.249549,5.035417,0.722599,0.665616,1.193461,41,14601,0,0
1410,3,3.302819,2.249695,12.984266,1.545766,2.130632,19.963484,2.035366,1.388160,6.104336,0.891744,0.941698,1.462453,53,18170,0,0
1411,3,3.270654,2.217414,10.875339,1.543549,4.274024,19.963565,1.669050,1.270942,5.036458,0.778090,0.664310,1.174550,41,14601,0,0
1412,3,3.353743,2.232754,12.994378,1.550486,2.063839,19.962446,2.124705,1.506907,5.860297,0.908824,0.852749,1.349477,53,18170,0,0
1413,3,3.354272,2.239773,10.826796,1.613013,4.218096,20.012177,1.870334,1.198490,5.012790,0.733310,0.767517,1.205699,41,14601,0,0
1414,3,3.335188,2.281216,13.073954,1.570825,1.958350,19.938317,2.190796,1.503584,6.069539,0.832258,0.954169,1.402232,53,18170,0,0
1415,3,3.351851,2.327440,10.953240,1.546546,4.086870,19.938507,1.768711,1.268392,5.112084,0.725128,0.765750,1.222517,41,14601,0,0
1416,3,3.307987,2.252821,13.010234,1.545420,2.099620,19.963260,2.109385,1.391541,6.115068,0.872097,0.919817,1.367157,53,18170,0,0
1417,3,3.312748,2.260247,10.897230,1.544871,4.207496,19.962345,1.849284,1.184150,5.045793,0.690260,0.698402,1.202393,41,14601,0,0
1418,3,3.315413,2.235474,12.948303,1.551883,2.148014,19.963613,1.962708,1.361911,6.107008,0.836890,0.945340,1.477281,53,18170,0,0
1419,3,3.313805,2.235453,10.866062,1.559953,4.223236,19.963057,1.661143,1.251438,5.074524,0.692023,0.693539,1.245809,41,14601,0,0
1420,3,3.350020,2.224962,13.070245,1.549957,1.993018,19.963240,2.228068,1.385539,6.075687,0.884264,0.986264,1.353068,53,18170,0,0
1421,3,3.361901,2.268195,10.824334,1.569041,4.226274,19.981550,1.779205,1.264001,4.923184,0.761902,0.766195,1.231276,41,14601,0,0
1422,3,3.330082,2.279670,12.963372,1.565080,2.085480,19.944014,2.225396,1.411485,5.967180,0.862125,0.885050,1.357829,53,18170,0,0
1423,3,3.323042,2.303006,10.804945,1.541168,4.269996,19.939151,1.709683,1.271335,5.052934,0.729913,0.698751,1.167535,41,14601,0,0
1424,3,3.349206,2.300442,13.035434,1.548248,2.022234,19.955122,2.038842,1.519945,5.981832,0.840078,0.887193,1.345581,53,18170,0,0
1425,3,3.316450,2.248284,10.914422,1.546851,4.185435,19.963159,1.750682,1.222565,5.066538,0.647498,0.701667,1.242194,41,14601,0,0
1426,3,3.329654,2.250088,13.075087,1.546872,2.011566,19.963179,2.188639,1.642307,5.914466,0.796736,0.928179,1.401174,53,18170,0,0
1427,3,3.323673,2.267117,10.898682,1.547184,4.193966,19.963504,1.777632,1.237939,5.109538,0.737237,0.662415,1.227030,41,14601,0,0
1428,3,3.286726,2.231147,12.985874,1.545549,2.144935,19.963084,1.959364,1.543928,5.891418,0.831563,0.891378,1.419969,53,18170,0,0
1429,3,3.278609,2.221476,10.848362,1.568214,4.287099,19.982283,1.787299,1.238915,5.008694,0.651710,0.697303,1.177009,41,14601,0,0
1430,3,3.321964,2.276374,12.985528,1.567088,2.038550,19.913130,2.095201,1.471832,5.947757,0.848582,0.889079,1.371880,53,18170,0,0
1431,3,3.384911,2.304911,10.789808,1.550568,4.237749,19.963036,1.627825,1.192257,5.116184,0.784441,0.691989,1.169807,41,14601,0,0
1432,3,3.351118,2.271301,13.103712,1.547373,1.954302,19.956506,2.089335,1.424516,6.054827,0.843764,0.888926,1.435866,53,18170,0,0
1433,3,3.321598,2.298462,10.920932,1.547007,4.174130,19.963667,1.771993,1.300320,5.074066,0.644524,0.700670,1.325690,41,14601,0,0
1434,3,3.290816,2.236294,13.026462,1.546092,2.100013,19.963382,2.023031,1.464003,6.074141,0.918654,0.999993,1.387967,53,18170,0,0
1435,3,3.310286,2.256415,10.888258,1.547211,4.218157,19.963911,1.781470,1.237573,5.003537,0.728455,0.789296,1.187439,41,14601,0,0
1436,3,3.337833,2.252774,13.092726,1.545319,1.987220,19.963097,2.216420,1.387946,6.070845,0.910550,0.993015,1.487257,53,18170,0,0
1437,3,3.314457,2.237311,10.810886,1.569916,4.286068,19.981327,1.624576,1.304742,4.972975,0.652317,0.662364,1.234595,41,14601,0,0
1438,3,3.334008,2.219808,13.003194,1.549550,2.057166,19.943919,2.065172,1.386492,6.054247,0.925727,0.926782,1.375980,53,18170,0,0
1439,3,3.389693,2.337382,10.769992,1.542450,4.282447,19.984582,1.670390,1.234755,5.002604,0.650140,0.798713,1.174242,41,14601,0,0
